source,model,protocol,trial,success,alive,body_stable,static_alive,static_stable,first_cycle,cycles,max_drift_mm,max_rotation_deg,checkpoint_sha256
11,parent,fixed2,0,False,True,True,True,True,True,0,5.928792059421539,11.886450146526252,d5f0cca7d21bc18363da04549a4af7e9ec6db27dd56a48d285cfb1d71bdde1ff
11,parent,fixed2,1,False,True,True,True,True,True,0,5.255034193396568,12.907564281216805,d5f0cca7d21bc18363da04549a4af7e9ec6db27dd56a48d285cfb1d71bdde1ff
11,parent,fixed2,2,False,True,True,True,True,True,0,5.272420588880777,12.34218171229066,d5f0cca7d21bc18363da04549a4af7e9ec6db27dd56a48d285cfb1d71bdde1ff
11,parent,fixed2,3,False,True,True,True,True,True,0,4.203603137284517,12.261636706503284,d5f0cca7d21bc18363da04549a4af7e9ec6db27dd56a48d285cfb1d71bdde1ff
11,parent,fixed2,4,False,True,True,True,True,True,0,5.075731314718723,9.404355133275388,d5f0cca7d21bc18363da04549a4af7e9ec6db27dd56a48d285cfb1d71bdde1ff
11,parent,fixed2,5,False,True,True,True,True,True,0,4.908921662718058,11.118344147939544,d5f0cca7d21bc18363da04549a4af7e9ec6db27dd56a48d285cfb1d71bdde1ff
11,parent,fixed2,6,False,True,True,True,True,True,0,5.242084618657827,14.275652025744005,d5f0cca7d21bc18363da04549a4af7e9ec6db27dd56a48d285cfb1d71bdde1ff
11,parent,fixed2,7,False,True,True,True,True,True,0,4.781895782798529,11.728589106881625,d5f0cca7d21bc18363da04549a4af7e9ec6db27dd56a48d285cfb1d71bdde1ff
11,parent,fixed2,8,False,True,True,True,True,True,1,4.839494824409485,13.761263649161176,d5f0cca7d21bc18363da04549a4af7e9ec6db27dd56a48d285cfb1d71bdde1ff
11,parent,fixed2,9,False,True,True,True,True,True,0,4.797623958438635,10.349864196495776,d5f0cca7d21bc18363da04549a4af7e9ec6db27dd56a48d285cfb1d71bdde1ff
11,parent,fixed2,10,False,True,True,True,True,True,0,5.16391871497035,13.207822812225151,d5f0cca7d21bc18363da04549a4af7e9ec6db27dd56a48d285cfb1d71bdde1ff
11,parent,fixed2,11,False,True,True,True,True,True,0,4.629633389413357,11.841372605551461,d5f0cca7d21bc18363da04549a4af7e9ec6db27dd56a48d285cfb1d71bdde1ff
11,parent,fixed2,12,False,True,True,True,True,True,0,4.895924124866724,11.805563631280377,d5f0cca7d21bc18363da04549a4af7e9ec6db27dd56a48d285cfb1d71bdde1ff
11,parent,fixed2,13,False,True,True,True,True,True,0,5.525487475097179,12.984131555586295,d5f0cca7d21bc18363da04549a4af7e9ec6db27dd56a48d285cfb1d71bdde1ff
11,parent,fixed2,14,False,True,True,True,True,True,0,5.370726343244314,12.938426490981508,d5f0cca7d21bc18363da04549a4af7e9ec6db27dd56a48d285cfb1d71bdde1ff
11,parent,fixed2,15,False,True,True,True,True,True,0,4.841098561882973,10.190688345435921,d5f0cca7d21bc18363da04549a4af7e9ec6db27dd56a48d285cfb1d71bdde1ff
11,parent,fixed2,16,False,True,True,True,True,True,0,5.339978262782097,10.232617169203337,d5f0cca7d21bc18363da04549a4af7e9ec6db27dd56a48d285cfb1d71bdde1ff
11,parent,fixed2,17,False,True,True,True,True,True,0,4.892849363386631,9.916375141763517,d5f0cca7d21bc18363da04549a4af7e9ec6db27dd56a48d285cfb1d71bdde1ff
11,parent,fixed2,18,False,True,True,True,True,True,0,5.7721491903066635,12.725041136026555,d5f0cca7d21bc18363da04549a4af7e9ec6db27dd56a48d285cfb1d71bdde1ff
11,parent,fixed2,19,False,True,True,True,True,True,0,5.153030157089233,10.173052796998949,d5f0cca7d21bc18363da04549a4af7e9ec6db27dd56a48d285cfb1d71bdde1ff
11,parent,fixed2,20,False,True,True,True,True,True,0,4.740838892757893,9.33474355280191,d5f0cca7d21bc18363da04549a4af7e9ec6db27dd56a48d285cfb1d71bdde1ff
11,parent,fixed2,21,False,True,True,True,True,True,0,5.730971693992615,11.720653280839716,d5f0cca7d21bc18363da04549a4af7e9ec6db27dd56a48d285cfb1d71bdde1ff
11,parent,fixed2,22,False,True,True,True,False,True,0,5.222860258072615,12.908377927501682,d5f0cca7d21bc18363da04549a4af7e9ec6db27dd56a48d285cfb1d71bdde1ff
11,parent,fixed2,23,False,True,True,True,True,True,0,5.895321723073721,11.718674233527706,d5f0cca7d21bc18363da04549a4af7e9ec6db27dd56a48d285cfb1d71bdde1ff
11,parent,fixed2,24,False,True,True,True,True,True,0,5.320471711456776,11.311340534448362,d5f0cca7d21bc18363da04549a4af7e9ec6db27dd56a48d285cfb1d71bdde1ff
11,parent,fixed2,25,False,True,True,True,True,True,0,5.665665492415428,13.824302026332163,d5f0cca7d21bc18363da04549a4af7e9ec6db27dd56a48d285cfb1d71bdde1ff
11,parent,fixed2,26,False,True,True,True,True,True,0,4.586264956742525,12.507750620413647,d5f0cca7d21bc18363da04549a4af7e9ec6db27dd56a48d285cfb1d71bdde1ff
11,parent,fixed2,27,False,True,True,True,True,True,0,4.598516505211592,10.49282773978696,d5f0cca7d21bc18363da04549a4af7e9ec6db27dd56a48d285cfb1d71bdde1ff
11,parent,fixed2,28,False,True,True,True,True,True,0,6.268221419304609,12.04825135154833,d5f0cca7d21bc18363da04549a4af7e9ec6db27dd56a48d285cfb1d71bdde1ff
11,parent,fixed2,29,False,True,True,True,True,True,0,5.01396507024765,10.934342266793985,d5f0cca7d21bc18363da04549a4af7e9ec6db27dd56a48d285cfb1d71bdde1ff
11,parent,fixed2,30,False,True,True,True,True,True,0,4.80539770796895,9.845603282904783,d5f0cca7d21bc18363da04549a4af7e9ec6db27dd56a48d285cfb1d71bdde1ff
11,parent,fixed2,31,False,True,True,True,True,True,0,5.509564187377691,12.870355971939514,d5f0cca7d21bc18363da04549a4af7e9ec6db27dd56a48d285cfb1d71bdde1ff
11,parent,fixed2,32,False,True,False,True,True,True,0,5.424798466265202,18.704035909973037,d5f0cca7d21bc18363da04549a4af7e9ec6db27dd56a48d285cfb1d71bdde1ff
11,parent,fixed2,33,False,True,True,True,True,True,0,5.628800485283136,10.722954742171261,d5f0cca7d21bc18363da04549a4af7e9ec6db27dd56a48d285cfb1d71bdde1ff
11,parent,fixed2,34,False,True,True,True,True,True,0,4.453532863408327,10.385131878275137,d5f0cca7d21bc18363da04549a4af7e9ec6db27dd56a48d285cfb1d71bdde1ff
11,parent,fixed2,35,False,True,True,True,True,True,0,4.91794990375638,12.153723132711669,d5f0cca7d21bc18363da04549a4af7e9ec6db27dd56a48d285cfb1d71bdde1ff
11,parent,fixed2,36,False,True,True,True,True,True,0,5.722497124224901,11.639229741970349,d5f0cca7d21bc18363da04549a4af7e9ec6db27dd56a48d285cfb1d71bdde1ff
11,parent,fixed2,37,False,True,True,True,True,True,0,5.062357056885958,11.27194400331573,d5f0cca7d21bc18363da04549a4af7e9ec6db27dd56a48d285cfb1d71bdde1ff
11,parent,fixed2,38,False,True,True,True,True,True,1,4.917181096971035,9.823369309609099,d5f0cca7d21bc18363da04549a4af7e9ec6db27dd56a48d285cfb1d71bdde1ff
11,parent,fixed2,39,False,True,True,True,True,True,0,6.060245912522078,9.067831712868859,d5f0cca7d21bc18363da04549a4af7e9ec6db27dd56a48d285cfb1d71bdde1ff
11,parent,fixed2,40,False,True,True,True,True,True,0,5.323182325810194,13.360659393961587,d5f0cca7d21bc18363da04549a4af7e9ec6db27dd56a48d285cfb1d71bdde1ff
11,parent,fixed2,41,False,True,True,True,True,True,0,5.226851440966129,10.782423491727268,d5f0cca7d21bc18363da04549a4af7e9ec6db27dd56a48d285cfb1d71bdde1ff
11,parent,fixed2,42,False,True,True,True,True,True,0,4.834101535379887,10.593654138541043,d5f0cca7d21bc18363da04549a4af7e9ec6db27dd56a48d285cfb1d71bdde1ff
11,parent,fixed2,43,False,True,True,True,True,True,0,4.014665260910988,11.56947728884524,d5f0cca7d21bc18363da04549a4af7e9ec6db27dd56a48d285cfb1d71bdde1ff
11,parent,fixed2,44,False,True,True,True,True,True,0,5.0829690881073475,12.534908306327264,d5f0cca7d21bc18363da04549a4af7e9ec6db27dd56a48d285cfb1d71bdde1ff
11,parent,fixed2,45,False,True,True,True,True,True,0,4.720281343907118,12.65277090441865,d5f0cca7d21bc18363da04549a4af7e9ec6db27dd56a48d285cfb1d71bdde1ff
11,parent,fixed2,46,False,True,True,True,True,True,0,5.379568785429001,11.00931639953957,d5f0cca7d21bc18363da04549a4af7e9ec6db27dd56a48d285cfb1d71bdde1ff
11,parent,fixed2,47,False,True,True,True,True,True,0,6.039141211658716,10.642165557121057,d5f0cca7d21bc18363da04549a4af7e9ec6db27dd56a48d285cfb1d71bdde1ff
11,parent,fixed2,48,False,True,True,True,True,True,0,5.6561678647994995,10.414002234123135,d5f0cca7d21bc18363da04549a4af7e9ec6db27dd56a48d285cfb1d71bdde1ff
11,parent,fixed2,49,False,True,True,True,True,True,0,4.636745899915695,9.835573150108619,d5f0cca7d21bc18363da04549a4af7e9ec6db27dd56a48d285cfb1d71bdde1ff
11,parent,fixed2,50,False,True,True,True,True,True,0,4.586862400174141,12.755216058006024,d5f0cca7d21bc18363da04549a4af7e9ec6db27dd56a48d285cfb1d71bdde1ff
11,parent,fixed2,51,False,True,True,True,True,True,0,5.7974387891590595,13.4515478674733,d5f0cca7d21bc18363da04549a4af7e9ec6db27dd56a48d285cfb1d71bdde1ff
11,parent,fixed2,52,False,True,True,True,True,False,0,5.551894661039114,13.71950984899124,d5f0cca7d21bc18363da04549a4af7e9ec6db27dd56a48d285cfb1d71bdde1ff
11,parent,fixed2,53,False,True,True,True,True,True,0,5.14166196808219,11.327262559177308,d5f0cca7d21bc18363da04549a4af7e9ec6db27dd56a48d285cfb1d71bdde1ff
11,parent,fixed2,54,False,True,True,True,True,True,0,5.555801559239626,12.180883379946223,d5f0cca7d21bc18363da04549a4af7e9ec6db27dd56a48d285cfb1d71bdde1ff
11,parent,fixed2,55,False,True,True,True,True,True,0,5.606287624686956,12.686546189864362,d5f0cca7d21bc18363da04549a4af7e9ec6db27dd56a48d285cfb1d71bdde1ff
11,parent,fixed2,56,False,True,True,True,True,True,0,4.9988585524261,9.679569921918235,d5f0cca7d21bc18363da04549a4af7e9ec6db27dd56a48d285cfb1d71bdde1ff
11,parent,fixed2,57,False,True,True,True,True,True,0,4.399334080517292,11.196163054474438,d5f0cca7d21bc18363da04549a4af7e9ec6db27dd56a48d285cfb1d71bdde1ff
11,parent,fixed2,58,False,True,True,True,True,True,0,4.936634097248316,12.204536325041978,d5f0cca7d21bc18363da04549a4af7e9ec6db27dd56a48d285cfb1d71bdde1ff
11,parent,fixed2,59,False,True,False,True,True,True,0,4.503224045038223,14.490768833653558,d5f0cca7d21bc18363da04549a4af7e9ec6db27dd56a48d285cfb1d71bdde1ff
11,parent,fixed2,60,False,True,True,True,False,True,0,5.5306823924183846,13.414968789373297,d5f0cca7d21bc18363da04549a4af7e9ec6db27dd56a48d285cfb1d71bdde1ff
11,parent,fixed2,61,False,True,True,True,True,True,0,5.619565024971962,11.591560997979183,d5f0cca7d21bc18363da04549a4af7e9ec6db27dd56a48d285cfb1d71bdde1ff
11,parent,fixed2,62,False,True,True,True,True,True,0,5.632712040096521,11.384026553821993,d5f0cca7d21bc18363da04549a4af7e9ec6db27dd56a48d285cfb1d71bdde1ff
11,parent,fixed2,63,False,True,True,True,True,True,0,5.6548938155174255,7.913291540289401,d5f0cca7d21bc18363da04549a4af7e9ec6db27dd56a48d285cfb1d71bdde1ff
11,parent,fixed2,64,False,True,True,True,True,True,0,5.651358049362898,11.040026637595238,d5f0cca7d21bc18363da04549a4af7e9ec6db27dd56a48d285cfb1d71bdde1ff
11,parent,fixed2,65,False,True,True,True,True,True,0,5.087561905384064,11.910615355809758,d5f0cca7d21bc18363da04549a4af7e9ec6db27dd56a48d285cfb1d71bdde1ff
11,parent,fixed2,66,False,True,True,True,True,True,0,6.162651814520359,13.468044481866174,d5f0cca7d21bc18363da04549a4af7e9ec6db27dd56a48d285cfb1d71bdde1ff
11,parent,fixed2,67,False,True,True,True,True,True,0,5.139478482306004,10.412522644394182,d5f0cca7d21bc18363da04549a4af7e9ec6db27dd56a48d285cfb1d71bdde1ff
11,parent,fixed2,68,False,True,True,True,True,True,0,4.905723500996828,10.844354524479067,d5f0cca7d21bc18363da04549a4af7e9ec6db27dd56a48d285cfb1d71bdde1ff
11,parent,fixed2,69,False,True,True,True,True,True,0,5.694768857210875,12.99289041942319,d5f0cca7d21bc18363da04549a4af7e9ec6db27dd56a48d285cfb1d71bdde1ff
11,parent,fixed2,70,False,True,True,True,True,True,0,5.736093502491713,14.039006461570574,d5f0cca7d21bc18363da04549a4af7e9ec6db27dd56a48d285cfb1d71bdde1ff
11,parent,fixed2,71,False,True,True,True,True,True,0,4.860843066126108,10.788754223314225,d5f0cca7d21bc18363da04549a4af7e9ec6db27dd56a48d285cfb1d71bdde1ff
11,parent,fixed2,72,False,True,True,True,True,True,0,5.424372386187315,8.392290999235103,d5f0cca7d21bc18363da04549a4af7e9ec6db27dd56a48d285cfb1d71bdde1ff
11,parent,fixed2,73,False,True,True,True,True,True,0,5.00121945515275,8.798252684064918,d5f0cca7d21bc18363da04549a4af7e9ec6db27dd56a48d285cfb1d71bdde1ff
11,parent,fixed2,74,False,True,True,True,True,True,0,5.2148583345115185,12.229902793845758,d5f0cca7d21bc18363da04549a4af7e9ec6db27dd56a48d285cfb1d71bdde1ff
11,parent,fixed2,75,False,True,True,True,True,True,0,4.554062616080046,12.513844002926945,d5f0cca7d21bc18363da04549a4af7e9ec6db27dd56a48d285cfb1d71bdde1ff
11,parent,fixed2,76,False,True,True,True,True,True,0,5.767553113400936,10.401317719060776,d5f0cca7d21bc18363da04549a4af7e9ec6db27dd56a48d285cfb1d71bdde1ff
11,parent,fixed2,77,False,True,True,True,True,True,0,5.209360737353563,10.449720708387717,d5f0cca7d21bc18363da04549a4af7e9ec6db27dd56a48d285cfb1d71bdde1ff
11,parent,fixed2,78,False,True,True,True,True,True,0,6.338194012641907,11.947368603733597,d5f0cca7d21bc18363da04549a4af7e9ec6db27dd56a48d285cfb1d71bdde1ff
11,parent,fixed2,79,False,True,True,True,True,True,0,5.065800156444311,11.293512033167337,d5f0cca7d21bc18363da04549a4af7e9ec6db27dd56a48d285cfb1d71bdde1ff
11,parent,fixed2,80,False,True,True,True,True,True,0,4.879816435277462,11.326997035573324,d5f0cca7d21bc18363da04549a4af7e9ec6db27dd56a48d285cfb1d71bdde1ff
11,parent,fixed2,81,False,True,True,True,True,True,0,5.31103927642107,13.292373723960738,d5f0cca7d21bc18363da04549a4af7e9ec6db27dd56a48d285cfb1d71bdde1ff
11,parent,fixed2,82,False,True,True,True,True,True,0,5.5448501370847225,10.30161488642516,d5f0cca7d21bc18363da04549a4af7e9ec6db27dd56a48d285cfb1d71bdde1ff
11,parent,fixed2,83,False,True,True,True,True,True,0,4.945483058691025,12.801679273608682,d5f0cca7d21bc18363da04549a4af7e9ec6db27dd56a48d285cfb1d71bdde1ff
11,parent,fixed2,84,False,True,True,True,True,True,0,5.835625343024731,11.207953668529173,d5f0cca7d21bc18363da04549a4af7e9ec6db27dd56a48d285cfb1d71bdde1ff
11,parent,fixed2,85,False,True,True,True,True,True,0,6.184099242091179,13.268433910919844,d5f0cca7d21bc18363da04549a4af7e9ec6db27dd56a48d285cfb1d71bdde1ff
11,parent,fixed2,86,False,True,True,True,True,True,0,4.662988241761923,14.086312351762082,d5f0cca7d21bc18363da04549a4af7e9ec6db27dd56a48d285cfb1d71bdde1ff
11,parent,fixed2,87,False,True,True,True,True,True,0,5.160014145076275,11.037599359118946,d5f0cca7d21bc18363da04549a4af7e9ec6db27dd56a48d285cfb1d71bdde1ff
11,parent,fixed2,88,False,True,False,True,True,True,0,5.178200080990791,14.919359788977273,d5f0cca7d21bc18363da04549a4af7e9ec6db27dd56a48d285cfb1d71bdde1ff
11,parent,fixed2,89,False,True,False,True,True,True,0,4.498078487813473,14.739000106206623,d5f0cca7d21bc18363da04549a4af7e9ec6db27dd56a48d285cfb1d71bdde1ff
11,parent,fixed2,90,False,True,True,True,True,True,0,6.108677014708519,11.303820496172179,d5f0cca7d21bc18363da04549a4af7e9ec6db27dd56a48d285cfb1d71bdde1ff
11,parent,fixed2,91,False,True,True,True,True,True,0,4.71415976062417,12.355014783967468,d5f0cca7d21bc18363da04549a4af7e9ec6db27dd56a48d285cfb1d71bdde1ff
11,parent,fixed2,92,False,True,True,True,True,True,0,5.600136239081621,11.844947355808317,d5f0cca7d21bc18363da04549a4af7e9ec6db27dd56a48d285cfb1d71bdde1ff
11,parent,fixed2,93,False,True,True,True,True,True,0,5.8406018652021885,10.859222992528538,d5f0cca7d21bc18363da04549a4af7e9ec6db27dd56a48d285cfb1d71bdde1ff
11,parent,fixed2,94,False,True,True,True,True,True,0,5.703761242330074,12.724481060514613,d5f0cca7d21bc18363da04549a4af7e9ec6db27dd56a48d285cfb1d71bdde1ff
11,parent,fixed2,95,False,True,True,True,True,True,0,5.793523509055376,12.96782447894289,d5f0cca7d21bc18363da04549a4af7e9ec6db27dd56a48d285cfb1d71bdde1ff
11,parent,fixed2,96,False,True,True,True,True,True,0,5.325028207153082,11.386386384180232,d5f0cca7d21bc18363da04549a4af7e9ec6db27dd56a48d285cfb1d71bdde1ff
11,parent,fixed2,97,False,True,True,True,True,True,0,5.474539007991552,10.439256858579258,d5f0cca7d21bc18363da04549a4af7e9ec6db27dd56a48d285cfb1d71bdde1ff
11,parent,fixed2,98,False,True,True,True,True,True,0,4.818015266209841,11.876680414692196,d5f0cca7d21bc18363da04549a4af7e9ec6db27dd56a48d285cfb1d71bdde1ff
11,parent,fixed2,99,False,True,True,True,True,True,0,5.157508421689272,9.813879615531013,d5f0cca7d21bc18363da04549a4af7e9ec6db27dd56a48d285cfb1d71bdde1ff
11,parent,fixed2,100,False,True,True,True,True,True,0,4.9803853034973145,12.326949536667884,d5f0cca7d21bc18363da04549a4af7e9ec6db27dd56a48d285cfb1d71bdde1ff
11,parent,fixed2,101,False,True,True,True,True,True,0,5.235010292381048,11.824717189260385,d5f0cca7d21bc18363da04549a4af7e9ec6db27dd56a48d285cfb1d71bdde1ff
11,parent,fixed2,102,False,True,True,True,True,True,0,4.679508972913027,10.065518298706268,d5f0cca7d21bc18363da04549a4af7e9ec6db27dd56a48d285cfb1d71bdde1ff
11,parent,fixed2,103,False,True,True,True,True,True,0,5.0230748020112514,10.614595498536302,d5f0cca7d21bc18363da04549a4af7e9ec6db27dd56a48d285cfb1d71bdde1ff
11,parent,fixed2,104,False,True,True,True,True,True,3,6.650671828538179,13.079243647326015,d5f0cca7d21bc18363da04549a4af7e9ec6db27dd56a48d285cfb1d71bdde1ff
11,parent,fixed2,105,False,True,True,True,True,True,0,5.371054634451866,9.273641534260623,d5f0cca7d21bc18363da04549a4af7e9ec6db27dd56a48d285cfb1d71bdde1ff
11,parent,fixed2,106,False,True,True,True,True,True,0,5.31699787825346,11.550903443171036,d5f0cca7d21bc18363da04549a4af7e9ec6db27dd56a48d285cfb1d71bdde1ff
11,parent,fixed2,107,False,True,True,True,True,True,0,5.477154161781073,10.564110155286151,d5f0cca7d21bc18363da04549a4af7e9ec6db27dd56a48d285cfb1d71bdde1ff
11,parent,fixed2,108,False,True,True,True,True,True,0,6.55826972797513,10.470276162694871,d5f0cca7d21bc18363da04549a4af7e9ec6db27dd56a48d285cfb1d71bdde1ff
11,parent,fixed2,109,False,True,True,True,True,True,0,5.777331534773111,10.465882643511259,d5f0cca7d21bc18363da04549a4af7e9ec6db27dd56a48d285cfb1d71bdde1ff
11,parent,fixed2,110,False,True,True,True,True,True,0,4.646657966077328,12.402043197723945,d5f0cca7d21bc18363da04549a4af7e9ec6db27dd56a48d285cfb1d71bdde1ff
11,parent,fixed2,111,False,True,True,True,True,True,0,3.9503658190369606,11.217988070193567,d5f0cca7d21bc18363da04549a4af7e9ec6db27dd56a48d285cfb1d71bdde1ff
11,parent,fixed2,112,False,True,True,True,True,True,0,4.853913560509682,10.927798091795466,d5f0cca7d21bc18363da04549a4af7e9ec6db27dd56a48d285cfb1d71bdde1ff
11,parent,fixed2,113,False,True,True,True,True,True,0,5.465364549309015,11.354861646066038,d5f0cca7d21bc18363da04549a4af7e9ec6db27dd56a48d285cfb1d71bdde1ff
11,parent,fixed2,114,False,True,True,True,True,True,0,5.040416028350592,11.893538175337433,d5f0cca7d21bc18363da04549a4af7e9ec6db27dd56a48d285cfb1d71bdde1ff
11,parent,fixed2,115,False,True,True,True,True,True,0,5.89013984426856,9.524706481545598,d5f0cca7d21bc18363da04549a4af7e9ec6db27dd56a48d285cfb1d71bdde1ff
11,parent,fixed2,116,False,True,True,True,True,True,0,4.339288920164108,13.131172721811975,d5f0cca7d21bc18363da04549a4af7e9ec6db27dd56a48d285cfb1d71bdde1ff
11,parent,fixed2,117,False,True,True,True,True,True,0,5.630024243146181,12.235678572562652,d5f0cca7d21bc18363da04549a4af7e9ec6db27dd56a48d285cfb1d71bdde1ff
11,parent,fixed2,118,False,True,True,True,True,True,0,4.632862284779549,9.144468996677341,d5f0cca7d21bc18363da04549a4af7e9ec6db27dd56a48d285cfb1d71bdde1ff
11,parent,fixed2,119,False,True,True,True,True,True,0,5.474002566188574,10.325871449488814,d5f0cca7d21bc18363da04549a4af7e9ec6db27dd56a48d285cfb1d71bdde1ff
11,parent,fixed2,120,False,True,True,True,True,True,0,5.403660237789154,9.739482633770296,d5f0cca7d21bc18363da04549a4af7e9ec6db27dd56a48d285cfb1d71bdde1ff
11,parent,fixed2,121,False,True,True,True,True,True,0,5.280517973005772,13.876077421561797,d5f0cca7d21bc18363da04549a4af7e9ec6db27dd56a48d285cfb1d71bdde1ff
11,parent,fixed2,122,False,True,True,True,True,True,0,5.444199312478304,12.465344537177977,d5f0cca7d21bc18363da04549a4af7e9ec6db27dd56a48d285cfb1d71bdde1ff
11,parent,fixed2,123,False,True,True,True,True,True,0,4.9530500546097755,11.810872395812769,d5f0cca7d21bc18363da04549a4af7e9ec6db27dd56a48d285cfb1d71bdde1ff
11,parent,fixed2,124,False,True,True,True,True,True,0,4.7305733896791935,13.377413847995628,d5f0cca7d21bc18363da04549a4af7e9ec6db27dd56a48d285cfb1d71bdde1ff
11,parent,fixed2,125,False,True,True,True,True,True,0,6.025009322911501,13.153224841321007,d5f0cca7d21bc18363da04549a4af7e9ec6db27dd56a48d285cfb1d71bdde1ff
11,parent,fixed2,126,False,True,True,True,True,True,0,5.953031126409769,11.572765171156954,d5f0cca7d21bc18363da04549a4af7e9ec6db27dd56a48d285cfb1d71bdde1ff
11,parent,fixed2,127,False,True,True,True,True,True,0,4.56782802939415,10.598486497378826,d5f0cca7d21bc18363da04549a4af7e9ec6db27dd56a48d285cfb1d71bdde1ff
11,parent,fixed5,0,False,True,True,True,True,True,0,4.6019479632377625,10.230807169073284,d5f0cca7d21bc18363da04549a4af7e9ec6db27dd56a48d285cfb1d71bdde1ff
11,parent,fixed5,1,False,True,True,True,True,True,0,5.460820160806179,14.063814562409707,d5f0cca7d21bc18363da04549a4af7e9ec6db27dd56a48d285cfb1d71bdde1ff
11,parent,fixed5,2,False,True,True,True,True,True,0,5.235707852989435,10.35232562591792,d5f0cca7d21bc18363da04549a4af7e9ec6db27dd56a48d285cfb1d71bdde1ff
11,parent,fixed5,3,False,True,True,True,True,True,0,4.275686573237181,10.217209969983081,d5f0cca7d21bc18363da04549a4af7e9ec6db27dd56a48d285cfb1d71bdde1ff
11,parent,fixed5,4,False,True,True,True,True,True,0,6.170470267534256,10.030610909405626,d5f0cca7d21bc18363da04549a4af7e9ec6db27dd56a48d285cfb1d71bdde1ff
11,parent,fixed5,5,False,True,True,True,True,True,0,4.503002855926752,8.857302230760618,d5f0cca7d21bc18363da04549a4af7e9ec6db27dd56a48d285cfb1d71bdde1ff
11,parent,fixed5,6,False,True,True,True,True,True,0,5.3029172122478485,10.907932486594484,d5f0cca7d21bc18363da04549a4af7e9ec6db27dd56a48d285cfb1d71bdde1ff
11,parent,fixed5,7,False,True,True,True,True,True,0,6.022822577506304,10.016898450873178,d5f0cca7d21bc18363da04549a4af7e9ec6db27dd56a48d285cfb1d71bdde1ff
11,parent,fixed5,8,False,True,True,True,True,True,0,4.786042496562004,13.761263649161176,d5f0cca7d21bc18363da04549a4af7e9ec6db27dd56a48d285cfb1d71bdde1ff
11,parent,fixed5,9,False,True,True,True,True,True,0,4.797623958438635,12.144989882084161,d5f0cca7d21bc18363da04549a4af7e9ec6db27dd56a48d285cfb1d71bdde1ff
11,parent,fixed5,10,False,True,True,True,True,True,0,5.667080171406269,12.745347288429002,d5f0cca7d21bc18363da04549a4af7e9ec6db27dd56a48d285cfb1d71bdde1ff
11,parent,fixed5,11,False,True,True,True,True,True,0,4.549216479063034,11.774888397944203,d5f0cca7d21bc18363da04549a4af7e9ec6db27dd56a48d285cfb1d71bdde1ff
11,parent,fixed5,12,False,True,True,True,True,True,0,5.189800634980202,12.022936109163325,d5f0cca7d21bc18363da04549a4af7e9ec6db27dd56a48d285cfb1d71bdde1ff
11,parent,fixed5,13,False,True,True,True,True,True,0,6.306083872914314,11.196429431852069,d5f0cca7d21bc18363da04549a4af7e9ec6db27dd56a48d285cfb1d71bdde1ff
11,parent,fixed5,14,False,True,True,True,True,True,0,6.699086632579565,12.236125949953287,d5f0cca7d21bc18363da04549a4af7e9ec6db27dd56a48d285cfb1d71bdde1ff
11,parent,fixed5,15,False,True,True,True,True,True,0,5.306519102305174,9.725021415750085,d5f0cca7d21bc18363da04549a4af7e9ec6db27dd56a48d285cfb1d71bdde1ff
11,parent,fixed5,16,False,True,True,True,True,True,0,4.995794501155615,9.113037319890589,d5f0cca7d21bc18363da04549a4af7e9ec6db27dd56a48d285cfb1d71bdde1ff
11,parent,fixed5,17,False,True,True,True,True,True,0,4.618165083229542,9.592791514739577,d5f0cca7d21bc18363da04549a4af7e9ec6db27dd56a48d285cfb1d71bdde1ff
11,parent,fixed5,18,False,True,True,True,True,True,0,6.081441417336464,9.064295382426085,d5f0cca7d21bc18363da04549a4af7e9ec6db27dd56a48d285cfb1d71bdde1ff
11,parent,fixed5,19,False,True,True,True,True,True,0,6.89267972484231,12.588485163950489,d5f0cca7d21bc18363da04549a4af7e9ec6db27dd56a48d285cfb1d71bdde1ff
11,parent,fixed5,20,False,True,True,True,True,True,0,4.581996705383062,10.053265793108912,d5f0cca7d21bc18363da04549a4af7e9ec6db27dd56a48d285cfb1d71bdde1ff
11,parent,fixed5,21,False,True,True,True,True,True,0,5.3237727843225,12.497080157382793,d5f0cca7d21bc18363da04549a4af7e9ec6db27dd56a48d285cfb1d71bdde1ff
11,parent,fixed5,22,False,True,True,True,False,True,0,5.131535232067108,12.908377927501682,d5f0cca7d21bc18363da04549a4af7e9ec6db27dd56a48d285cfb1d71bdde1ff
11,parent,fixed5,23,False,True,True,True,True,True,0,5.738100502640009,10.732868761751535,d5f0cca7d21bc18363da04549a4af7e9ec6db27dd56a48d285cfb1d71bdde1ff
11,parent,fixed5,24,False,True,True,True,True,True,0,5.610649008303881,11.109125953880966,d5f0cca7d21bc18363da04549a4af7e9ec6db27dd56a48d285cfb1d71bdde1ff
11,parent,fixed5,25,False,True,True,True,True,True,0,5.554297938942909,13.26937306193072,d5f0cca7d21bc18363da04549a4af7e9ec6db27dd56a48d285cfb1d71bdde1ff
11,parent,fixed5,26,False,True,True,True,True,True,0,6.358318496495485,11.18793779916645,d5f0cca7d21bc18363da04549a4af7e9ec6db27dd56a48d285cfb1d71bdde1ff
11,parent,fixed5,27,False,True,True,True,True,True,0,5.15041733160615,9.722529250476677,d5f0cca7d21bc18363da04549a4af7e9ec6db27dd56a48d285cfb1d71bdde1ff
11,parent,fixed5,28,False,True,True,True,True,True,0,5.449672229588032,12.031534463554724,d5f0cca7d21bc18363da04549a4af7e9ec6db27dd56a48d285cfb1d71bdde1ff
11,parent,fixed5,29,False,True,True,True,True,True,0,5.254051648080349,11.448024572571365,d5f0cca7d21bc18363da04549a4af7e9ec6db27dd56a48d285cfb1d71bdde1ff
11,parent,fixed5,30,False,True,True,True,True,True,0,4.537994507700205,9.845603282904783,d5f0cca7d21bc18363da04549a4af7e9ec6db27dd56a48d285cfb1d71bdde1ff
11,parent,fixed5,31,False,True,True,True,True,True,0,5.8002714067697525,13.826891521801242,d5f0cca7d21bc18363da04549a4af7e9ec6db27dd56a48d285cfb1d71bdde1ff
11,parent,fixed5,32,False,True,True,True,True,True,0,5.197453312575817,11.843010997178618,d5f0cca7d21bc18363da04549a4af7e9ec6db27dd56a48d285cfb1d71bdde1ff
11,parent,fixed5,33,False,True,True,True,True,True,0,5.7827443815767765,12.716517059942378,d5f0cca7d21bc18363da04549a4af7e9ec6db27dd56a48d285cfb1d71bdde1ff
11,parent,fixed5,34,False,True,True,True,True,True,0,4.746113903820515,10.832727834964412,d5f0cca7d21bc18363da04549a4af7e9ec6db27dd56a48d285cfb1d71bdde1ff
11,parent,fixed5,35,False,True,True,True,True,True,0,5.427571479231119,11.691801708011937,d5f0cca7d21bc18363da04549a4af7e9ec6db27dd56a48d285cfb1d71bdde1ff
11,parent,fixed5,36,False,True,True,True,True,True,0,5.404760595411062,12.373387992834802,d5f0cca7d21bc18363da04549a4af7e9ec6db27dd56a48d285cfb1d71bdde1ff
11,parent,fixed5,37,False,True,True,True,True,True,0,4.975070245563984,11.27194400331573,d5f0cca7d21bc18363da04549a4af7e9ec6db27dd56a48d285cfb1d71bdde1ff
11,parent,fixed5,38,False,True,True,True,True,True,0,4.197701811790466,9.384644061104376,d5f0cca7d21bc18363da04549a4af7e9ec6db27dd56a48d285cfb1d71bdde1ff
11,parent,fixed5,39,False,True,True,True,True,True,0,4.91419667378068,10.727810152897494,d5f0cca7d21bc18363da04549a4af7e9ec6db27dd56a48d285cfb1d71bdde1ff
11,parent,fixed5,40,False,True,True,True,True,True,0,4.721681121736765,10.151827130379488,d5f0cca7d21bc18363da04549a4af7e9ec6db27dd56a48d285cfb1d71bdde1ff
11,parent,fixed5,41,False,True,True,True,True,True,0,5.660129711031914,11.396031465061936,d5f0cca7d21bc18363da04549a4af7e9ec6db27dd56a48d285cfb1d71bdde1ff
11,parent,fixed5,42,False,True,True,True,True,True,0,4.675527568906546,11.516767865246605,d5f0cca7d21bc18363da04549a4af7e9ec6db27dd56a48d285cfb1d71bdde1ff
11,parent,fixed5,43,False,True,True,True,True,True,0,4.014665260910988,11.704332543817971,d5f0cca7d21bc18363da04549a4af7e9ec6db27dd56a48d285cfb1d71bdde1ff
11,parent,fixed5,44,False,True,True,True,True,True,0,5.32898586243391,10.954714159767194,d5f0cca7d21bc18363da04549a4af7e9ec6db27dd56a48d285cfb1d71bdde1ff
11,parent,fixed5,45,False,True,True,True,True,True,0,6.103138905018568,11.947167113153082,d5f0cca7d21bc18363da04549a4af7e9ec6db27dd56a48d285cfb1d71bdde1ff
11,parent,fixed5,46,False,True,True,True,True,True,0,5.305397789925337,10.434381811059161,d5f0cca7d21bc18363da04549a4af7e9ec6db27dd56a48d285cfb1d71bdde1ff
11,parent,fixed5,47,False,True,True,True,True,True,0,6.567440927028656,9.180364202086697,d5f0cca7d21bc18363da04549a4af7e9ec6db27dd56a48d285cfb1d71bdde1ff
11,parent,fixed5,48,False,True,True,True,True,True,0,5.07591525092721,10.428896315381994,d5f0cca7d21bc18363da04549a4af7e9ec6db27dd56a48d285cfb1d71bdde1ff
11,parent,fixed5,49,False,True,True,True,True,True,0,4.455744288861752,9.835573150108619,d5f0cca7d21bc18363da04549a4af7e9ec6db27dd56a48d285cfb1d71bdde1ff
11,parent,fixed5,50,False,True,True,True,True,True,0,4.586862400174141,11.532953706032243,d5f0cca7d21bc18363da04549a4af7e9ec6db27dd56a48d285cfb1d71bdde1ff
11,parent,fixed5,51,False,True,True,True,True,True,0,5.0711724907159805,11.791735913305686,d5f0cca7d21bc18363da04549a4af7e9ec6db27dd56a48d285cfb1d71bdde1ff
11,parent,fixed5,52,False,True,True,True,True,False,0,5.053779110312462,12.358831152166212,d5f0cca7d21bc18363da04549a4af7e9ec6db27dd56a48d285cfb1d71bdde1ff
11,parent,fixed5,53,False,True,True,True,True,True,0,4.9250987358391285,11.810508688239466,d5f0cca7d21bc18363da04549a4af7e9ec6db27dd56a48d285cfb1d71bdde1ff
11,parent,fixed5,54,False,True,True,True,True,True,0,5.712755490094423,13.296130328004246,d5f0cca7d21bc18363da04549a4af7e9ec6db27dd56a48d285cfb1d71bdde1ff
11,parent,fixed5,55,False,True,True,True,True,True,0,5.627882666885853,11.615353108179276,d5f0cca7d21bc18363da04549a4af7e9ec6db27dd56a48d285cfb1d71bdde1ff
11,parent,fixed5,56,False,True,True,True,True,True,0,4.67673409730196,10.16924667408396,d5f0cca7d21bc18363da04549a4af7e9ec6db27dd56a48d285cfb1d71bdde1ff
11,parent,fixed5,57,False,True,True,True,True,True,0,4.483882803469896,11.875637103296476,d5f0cca7d21bc18363da04549a4af7e9ec6db27dd56a48d285cfb1d71bdde1ff
11,parent,fixed5,58,False,True,False,True,True,True,0,4.570414312183857,17.45446304660296,d5f0cca7d21bc18363da04549a4af7e9ec6db27dd56a48d285cfb1d71bdde1ff
11,parent,fixed5,59,False,True,True,True,True,True,0,4.108174238353968,11.534809809939194,d5f0cca7d21bc18363da04549a4af7e9ec6db27dd56a48d285cfb1d71bdde1ff
11,parent,fixed5,60,False,True,True,True,False,True,0,5.450386554002762,9.766701791386442,d5f0cca7d21bc18363da04549a4af7e9ec6db27dd56a48d285cfb1d71bdde1ff
11,parent,fixed5,61,False,True,True,True,True,True,0,5.5393315851688385,11.314747091296907,d5f0cca7d21bc18363da04549a4af7e9ec6db27dd56a48d285cfb1d71bdde1ff
11,parent,fixed5,62,False,True,True,True,True,True,0,5.758778192102909,11.78016642662533,d5f0cca7d21bc18363da04549a4af7e9ec6db27dd56a48d285cfb1d71bdde1ff
11,parent,fixed5,63,False,True,True,True,True,True,0,5.560262594372034,9.71154972138588,d5f0cca7d21bc18363da04549a4af7e9ec6db27dd56a48d285cfb1d71bdde1ff
11,parent,fixed5,64,False,True,True,True,True,True,0,4.87874262034893,9.698791781789943,d5f0cca7d21bc18363da04549a4af7e9ec6db27dd56a48d285cfb1d71bdde1ff
11,parent,fixed5,65,False,True,True,True,True,True,0,5.242615472525358,12.103167780022526,d5f0cca7d21bc18363da04549a4af7e9ec6db27dd56a48d285cfb1d71bdde1ff
11,parent,fixed5,66,False,True,True,True,True,True,0,6.5886783413589,11.088810409968408,d5f0cca7d21bc18363da04549a4af7e9ec6db27dd56a48d285cfb1d71bdde1ff
11,parent,fixed5,67,False,True,True,True,True,True,0,4.9869101494550705,11.060018601295866,d5f0cca7d21bc18363da04549a4af7e9ec6db27dd56a48d285cfb1d71bdde1ff
11,parent,fixed5,68,False,True,True,True,True,True,0,4.532513674348593,9.782827014243196,d5f0cca7d21bc18363da04549a4af7e9ec6db27dd56a48d285cfb1d71bdde1ff
11,parent,fixed5,69,False,True,True,True,True,True,0,6.238256115466356,10.393959044003733,d5f0cca7d21bc18363da04549a4af7e9ec6db27dd56a48d285cfb1d71bdde1ff
11,parent,fixed5,70,False,True,True,True,True,True,0,5.365341901779175,12.332066202129871,d5f0cca7d21bc18363da04549a4af7e9ec6db27dd56a48d285cfb1d71bdde1ff
11,parent,fixed5,71,False,True,True,True,True,True,0,4.860843066126108,11.469342446744621,d5f0cca7d21bc18363da04549a4af7e9ec6db27dd56a48d285cfb1d71bdde1ff
11,parent,fixed5,72,False,True,True,True,True,True,0,5.179139785468578,11.199071861287218,d5f0cca7d21bc18363da04549a4af7e9ec6db27dd56a48d285cfb1d71bdde1ff
11,parent,fixed5,73,False,True,True,True,True,True,0,4.851371515542269,9.105929654285545,d5f0cca7d21bc18363da04549a4af7e9ec6db27dd56a48d285cfb1d71bdde1ff
11,parent,fixed5,74,False,True,True,True,True,True,0,6.1474451795220375,8.987980825055887,d5f0cca7d21bc18363da04549a4af7e9ec6db27dd56a48d285cfb1d71bdde1ff
11,parent,fixed5,75,False,True,True,True,True,True,0,5.033383145928383,11.967572303298494,d5f0cca7d21bc18363da04549a4af7e9ec6db27dd56a48d285cfb1d71bdde1ff
11,parent,fixed5,76,False,True,True,True,True,True,0,7.01836496591568,10.558923480385173,d5f0cca7d21bc18363da04549a4af7e9ec6db27dd56a48d285cfb1d71bdde1ff
11,parent,fixed5,77,False,True,True,True,True,True,0,5.900637712329626,12.711507116186175,d5f0cca7d21bc18363da04549a4af7e9ec6db27dd56a48d285cfb1d71bdde1ff
11,parent,fixed5,78,False,True,True,True,True,True,0,6.038322579115629,12.535658773362318,d5f0cca7d21bc18363da04549a4af7e9ec6db27dd56a48d285cfb1d71bdde1ff
11,parent,fixed5,79,False,True,True,True,True,True,0,5.818649660795927,11.118384275300917,d5f0cca7d21bc18363da04549a4af7e9ec6db27dd56a48d285cfb1d71bdde1ff
11,parent,fixed5,80,False,True,True,True,True,True,0,6.037500686943531,9.879581766478303,d5f0cca7d21bc18363da04549a4af7e9ec6db27dd56a48d285cfb1d71bdde1ff
11,parent,fixed5,81,False,True,True,True,True,True,0,4.933404270559549,10.925270921802563,d5f0cca7d21bc18363da04549a4af7e9ec6db27dd56a48d285cfb1d71bdde1ff
11,parent,fixed5,82,False,True,True,True,True,True,0,4.605749621987343,8.964310804487207,d5f0cca7d21bc18363da04549a4af7e9ec6db27dd56a48d285cfb1d71bdde1ff
11,parent,fixed5,83,False,True,True,True,True,True,0,4.136932548135519,11.97458861512339,d5f0cca7d21bc18363da04549a4af7e9ec6db27dd56a48d285cfb1d71bdde1ff
11,parent,fixed5,84,False,True,True,True,True,True,0,5.835625343024731,13.384537735299952,d5f0cca7d21bc18363da04549a4af7e9ec6db27dd56a48d285cfb1d71bdde1ff
11,parent,fixed5,85,False,True,True,True,True,True,0,5.557906348258257,11.187870351048396,d5f0cca7d21bc18363da04549a4af7e9ec6db27dd56a48d285cfb1d71bdde1ff
11,parent,fixed5,86,False,True,True,True,True,True,0,4.568502306938171,13.880280549222293,d5f0cca7d21bc18363da04549a4af7e9ec6db27dd56a48d285cfb1d71bdde1ff
11,parent,fixed5,87,False,True,True,True,True,True,0,4.7156489454209805,11.228353736032709,d5f0cca7d21bc18363da04549a4af7e9ec6db27dd56a48d285cfb1d71bdde1ff
11,parent,fixed5,88,False,True,True,True,True,True,0,5.422645248472691,11.312284808101117,d5f0cca7d21bc18363da04549a4af7e9ec6db27dd56a48d285cfb1d71bdde1ff
11,parent,fixed5,89,False,True,False,True,True,True,0,5.509987007826567,14.739000106206623,d5f0cca7d21bc18363da04549a4af7e9ec6db27dd56a48d285cfb1d71bdde1ff
11,parent,fixed5,90,False,True,True,True,True,True,0,5.23361936211586,12.961085643553025,d5f0cca7d21bc18363da04549a4af7e9ec6db27dd56a48d285cfb1d71bdde1ff
11,parent,fixed5,91,False,True,True,True,True,True,0,4.71415976062417,11.979771874929783,d5f0cca7d21bc18363da04549a4af7e9ec6db27dd56a48d285cfb1d71bdde1ff
11,parent,fixed5,92,False,True,True,True,True,True,0,5.020289681851864,12.062641706355901,d5f0cca7d21bc18363da04549a4af7e9ec6db27dd56a48d285cfb1d71bdde1ff
11,parent,fixed5,93,False,True,True,True,True,True,0,5.485424771904945,10.908068236604239,d5f0cca7d21bc18363da04549a4af7e9ec6db27dd56a48d285cfb1d71bdde1ff
11,parent,fixed5,94,False,True,True,True,True,True,0,5.549572873860598,8.807339396981975,d5f0cca7d21bc18363da04549a4af7e9ec6db27dd56a48d285cfb1d71bdde1ff
11,parent,fixed5,95,False,True,True,True,True,True,0,4.722944460809231,13.957859545362592,d5f0cca7d21bc18363da04549a4af7e9ec6db27dd56a48d285cfb1d71bdde1ff
11,parent,fixed5,96,False,True,True,True,True,True,0,5.039346870034933,11.413141942706464,d5f0cca7d21bc18363da04549a4af7e9ec6db27dd56a48d285cfb1d71bdde1ff
11,parent,fixed5,97,False,True,True,True,True,True,0,5.147398915141821,9.233109484178474,d5f0cca7d21bc18363da04549a4af7e9ec6db27dd56a48d285cfb1d71bdde1ff
11,parent,fixed5,98,False,True,True,True,True,True,0,4.9231285229325294,11.492828052205711,d5f0cca7d21bc18363da04549a4af7e9ec6db27dd56a48d285cfb1d71bdde1ff
11,parent,fixed5,99,False,True,True,True,True,True,0,5.7741147466003895,11.060566723976759,d5f0cca7d21bc18363da04549a4af7e9ec6db27dd56a48d285cfb1d71bdde1ff
11,parent,fixed5,100,False,True,True,True,True,True,0,5.286425352096558,11.336626748529396,d5f0cca7d21bc18363da04549a4af7e9ec6db27dd56a48d285cfb1d71bdde1ff
11,parent,fixed5,101,False,True,True,True,True,True,0,6.447657011449337,11.658491729203432,d5f0cca7d21bc18363da04549a4af7e9ec6db27dd56a48d285cfb1d71bdde1ff
11,parent,fixed5,102,False,True,True,True,True,True,0,6.0401312075555325,9.558210266971802,d5f0cca7d21bc18363da04549a4af7e9ec6db27dd56a48d285cfb1d71bdde1ff
11,parent,fixed5,103,False,True,True,True,True,True,0,5.256747826933861,10.285619437162637,d5f0cca7d21bc18363da04549a4af7e9ec6db27dd56a48d285cfb1d71bdde1ff
11,parent,fixed5,104,False,True,True,True,True,True,0,5.836340598762035,12.588655064906094,d5f0cca7d21bc18363da04549a4af7e9ec6db27dd56a48d285cfb1d71bdde1ff
11,parent,fixed5,105,False,True,True,True,True,True,0,5.371054634451866,11.904974473328974,d5f0cca7d21bc18363da04549a4af7e9ec6db27dd56a48d285cfb1d71bdde1ff
11,parent,fixed5,106,False,True,True,True,True,True,0,6.2307631596922874,9.670432836356051,d5f0cca7d21bc18363da04549a4af7e9ec6db27dd56a48d285cfb1d71bdde1ff
11,parent,fixed5,107,False,True,True,True,True,True,0,5.0122542306780815,13.377671687636797,d5f0cca7d21bc18363da04549a4af7e9ec6db27dd56a48d285cfb1d71bdde1ff
11,parent,fixed5,108,False,True,True,True,True,True,0,6.010995712131262,12.67337502382364,d5f0cca7d21bc18363da04549a4af7e9ec6db27dd56a48d285cfb1d71bdde1ff
11,parent,fixed5,109,False,True,True,True,True,True,0,5.501134321093559,10.346652300038578,d5f0cca7d21bc18363da04549a4af7e9ec6db27dd56a48d285cfb1d71bdde1ff
11,parent,fixed5,110,False,True,True,True,True,True,0,5.03163505345583,11.314236534656448,d5f0cca7d21bc18363da04549a4af7e9ec6db27dd56a48d285cfb1d71bdde1ff
11,parent,fixed5,111,False,True,True,True,True,True,0,4.595981445163488,10.518078949148498,d5f0cca7d21bc18363da04549a4af7e9ec6db27dd56a48d285cfb1d71bdde1ff
11,parent,fixed5,112,False,True,True,True,True,True,0,4.775801207870245,12.596342442816942,d5f0cca7d21bc18363da04549a4af7e9ec6db27dd56a48d285cfb1d71bdde1ff
11,parent,fixed5,113,False,True,True,True,True,True,0,5.66957239061594,11.405987319550876,d5f0cca7d21bc18363da04549a4af7e9ec6db27dd56a48d285cfb1d71bdde1ff
11,parent,fixed5,114,False,True,True,True,True,True,0,5.115984473377466,10.76269619785698,d5f0cca7d21bc18363da04549a4af7e9ec6db27dd56a48d285cfb1d71bdde1ff
11,parent,fixed5,115,False,True,True,True,True,True,0,5.785461515188217,11.048625845760284,d5f0cca7d21bc18363da04549a4af7e9ec6db27dd56a48d285cfb1d71bdde1ff
11,parent,fixed5,116,False,True,True,True,True,True,0,4.641985055059195,10.853922765732609,d5f0cca7d21bc18363da04549a4af7e9ec6db27dd56a48d285cfb1d71bdde1ff
11,parent,fixed5,117,False,True,True,True,True,True,0,6.291745230555534,12.235678572562652,d5f0cca7d21bc18363da04549a4af7e9ec6db27dd56a48d285cfb1d71bdde1ff
11,parent,fixed5,118,False,True,True,True,True,True,0,4.976334981620312,11.17423985478599,d5f0cca7d21bc18363da04549a4af7e9ec6db27dd56a48d285cfb1d71bdde1ff
11,parent,fixed5,119,False,True,True,True,True,True,0,5.778126418590546,12.056359639866782,d5f0cca7d21bc18363da04549a4af7e9ec6db27dd56a48d285cfb1d71bdde1ff
11,parent,fixed5,120,False,True,True,True,True,True,0,5.4688844829797745,10.291882720631538,d5f0cca7d21bc18363da04549a4af7e9ec6db27dd56a48d285cfb1d71bdde1ff
11,parent,fixed5,121,False,True,True,True,True,True,0,5.4267942905426025,14.132565539047762,d5f0cca7d21bc18363da04549a4af7e9ec6db27dd56a48d285cfb1d71bdde1ff
11,parent,fixed5,122,False,True,True,True,True,True,0,5.992020480334759,11.986873564119303,d5f0cca7d21bc18363da04549a4af7e9ec6db27dd56a48d285cfb1d71bdde1ff
11,parent,fixed5,123,False,True,True,True,True,True,0,4.818338435143232,12.05396651233634,d5f0cca7d21bc18363da04549a4af7e9ec6db27dd56a48d285cfb1d71bdde1ff
11,parent,fixed5,124,False,True,True,True,True,True,0,4.676559939980507,11.767101982290388,d5f0cca7d21bc18363da04549a4af7e9ec6db27dd56a48d285cfb1d71bdde1ff
11,parent,fixed5,125,False,True,True,True,True,True,0,5.774251185357571,11.881388976351273,d5f0cca7d21bc18363da04549a4af7e9ec6db27dd56a48d285cfb1d71bdde1ff
11,parent,fixed5,126,False,True,True,True,True,True,0,5.014852154999971,13.229273875087221,d5f0cca7d21bc18363da04549a4af7e9ec6db27dd56a48d285cfb1d71bdde1ff
11,parent,fixed5,127,False,True,True,True,True,True,0,5.375817883759737,11.239807109497173,d5f0cca7d21bc18363da04549a4af7e9ec6db27dd56a48d285cfb1d71bdde1ff
11,parent,arrival,0,True,True,True,True,True,True,15,4.532185383141041,9.727266840439727,d5f0cca7d21bc18363da04549a4af7e9ec6db27dd56a48d285cfb1d71bdde1ff
11,parent,arrival,1,True,True,True,True,True,True,10,4.550536163151264,10.56785480649861,d5f0cca7d21bc18363da04549a4af7e9ec6db27dd56a48d285cfb1d71bdde1ff
11,parent,arrival,2,True,True,True,True,True,True,9,4.889214877039194,11.289050212092027,d5f0cca7d21bc18363da04549a4af7e9ec6db27dd56a48d285cfb1d71bdde1ff
11,parent,arrival,3,True,True,True,True,True,True,5,4.185401368886232,10.193646671120185,d5f0cca7d21bc18363da04549a4af7e9ec6db27dd56a48d285cfb1d71bdde1ff
11,parent,arrival,4,True,True,True,True,True,True,15,4.851668141782284,9.490190974348584,d5f0cca7d21bc18363da04549a4af7e9ec6db27dd56a48d285cfb1d71bdde1ff
11,parent,arrival,5,True,True,True,True,True,True,8,4.503002855926752,8.751165359926851,d5f0cca7d21bc18363da04549a4af7e9ec6db27dd56a48d285cfb1d71bdde1ff
11,parent,arrival,6,False,True,True,True,True,True,1,5.242084618657827,10.536569125005368,d5f0cca7d21bc18363da04549a4af7e9ec6db27dd56a48d285cfb1d71bdde1ff
11,parent,arrival,7,True,True,True,True,True,True,12,4.669946152716875,11.21063537155205,d5f0cca7d21bc18363da04549a4af7e9ec6db27dd56a48d285cfb1d71bdde1ff
11,parent,arrival,8,True,True,True,True,True,True,13,4.786042496562004,12.912356512693215,d5f0cca7d21bc18363da04549a4af7e9ec6db27dd56a48d285cfb1d71bdde1ff
11,parent,arrival,9,True,True,True,True,True,True,14,4.797623958438635,8.454768447120502,d5f0cca7d21bc18363da04549a4af7e9ec6db27dd56a48d285cfb1d71bdde1ff
11,parent,arrival,10,True,True,True,True,True,True,17,4.863284528255463,12.561411147854205,d5f0cca7d21bc18363da04549a4af7e9ec6db27dd56a48d285cfb1d71bdde1ff
11,parent,arrival,11,True,True,True,True,True,True,13,4.549216479063034,11.920178474421421,d5f0cca7d21bc18363da04549a4af7e9ec6db27dd56a48d285cfb1d71bdde1ff
11,parent,arrival,12,True,True,True,True,True,True,17,4.798453766852617,12.28546467519652,d5f0cca7d21bc18363da04549a4af7e9ec6db27dd56a48d285cfb1d71bdde1ff
11,parent,arrival,13,True,True,True,True,True,True,12,4.5814523473382,11.377256982580864,d5f0cca7d21bc18363da04549a4af7e9ec6db27dd56a48d285cfb1d71bdde1ff
11,parent,arrival,14,True,True,True,True,True,True,16,5.004427395761013,11.454400554161573,d5f0cca7d21bc18363da04549a4af7e9ec6db27dd56a48d285cfb1d71bdde1ff
11,parent,arrival,15,True,True,True,True,True,True,18,4.643474705517292,9.668732119252718,d5f0cca7d21bc18363da04549a4af7e9ec6db27dd56a48d285cfb1d71bdde1ff
11,parent,arrival,16,True,True,True,True,True,True,7,5.488514434546232,10.16824861269149,d5f0cca7d21bc18363da04549a4af7e9ec6db27dd56a48d285cfb1d71bdde1ff
11,parent,arrival,17,True,True,True,True,True,True,14,4.618165083229542,10.057328048117776,d5f0cca7d21bc18363da04549a4af7e9ec6db27dd56a48d285cfb1d71bdde1ff
11,parent,arrival,18,True,True,True,True,True,True,5,4.898576531559229,10.46288504423927,d5f0cca7d21bc18363da04549a4af7e9ec6db27dd56a48d285cfb1d71bdde1ff
11,parent,arrival,19,True,True,True,True,True,True,16,4.747586790472269,8.420057425758497,d5f0cca7d21bc18363da04549a4af7e9ec6db27dd56a48d285cfb1d71bdde1ff
11,parent,arrival,20,True,True,True,True,True,True,16,4.6772160567343235,10.59157519971242,d5f0cca7d21bc18363da04549a4af7e9ec6db27dd56a48d285cfb1d71bdde1ff
11,parent,arrival,21,True,True,True,True,True,True,10,5.1430463790893555,10.786995449602946,d5f0cca7d21bc18363da04549a4af7e9ec6db27dd56a48d285cfb1d71bdde1ff
11,parent,arrival,22,True,True,True,True,False,True,12,5.267998203635216,14.098499970562324,d5f0cca7d21bc18363da04549a4af7e9ec6db27dd56a48d285cfb1d71bdde1ff
11,parent,arrival,23,True,True,True,True,True,True,4,5.303612910211086,10.129100529689918,d5f0cca7d21bc18363da04549a4af7e9ec6db27dd56a48d285cfb1d71bdde1ff
11,parent,arrival,24,True,True,True,True,True,True,12,5.377651192247868,10.963274094344513,d5f0cca7d21bc18363da04549a4af7e9ec6db27dd56a48d285cfb1d71bdde1ff
11,parent,arrival,25,True,True,True,True,True,True,13,5.041969940066338,11.912427063487105,d5f0cca7d21bc18363da04549a4af7e9ec6db27dd56a48d285cfb1d71bdde1ff
11,parent,arrival,26,True,True,True,True,True,True,14,4.1212402284145355,11.684243249921671,d5f0cca7d21bc18363da04549a4af7e9ec6db27dd56a48d285cfb1d71bdde1ff
11,parent,arrival,27,True,True,True,True,True,True,7,4.716834053397179,10.927605138951414,d5f0cca7d21bc18363da04549a4af7e9ec6db27dd56a48d285cfb1d71bdde1ff
11,parent,arrival,28,True,True,True,True,True,True,13,5.357252433896065,13.161317761713827,d5f0cca7d21bc18363da04549a4af7e9ec6db27dd56a48d285cfb1d71bdde1ff
11,parent,arrival,29,True,True,True,True,True,True,17,5.862229038029909,10.636735556730898,d5f0cca7d21bc18363da04549a4af7e9ec6db27dd56a48d285cfb1d71bdde1ff
11,parent,arrival,30,True,True,True,True,True,True,6,4.447114188224077,8.957594167212147,d5f0cca7d21bc18363da04549a4af7e9ec6db27dd56a48d285cfb1d71bdde1ff
11,parent,arrival,31,True,True,True,True,True,True,12,5.507014226168394,10.462604152709654,d5f0cca7d21bc18363da04549a4af7e9ec6db27dd56a48d285cfb1d71bdde1ff
11,parent,arrival,32,True,True,True,True,True,True,17,5.307068582624197,12.86245344306981,d5f0cca7d21bc18363da04549a4af7e9ec6db27dd56a48d285cfb1d71bdde1ff
11,parent,arrival,33,True,True,True,True,True,True,3,5.539456382393837,10.327558506213807,d5f0cca7d21bc18363da04549a4af7e9ec6db27dd56a48d285cfb1d71bdde1ff
11,parent,arrival,34,True,True,True,True,True,True,14,4.713938571512699,13.5431227749966,d5f0cca7d21bc18363da04549a4af7e9ec6db27dd56a48d285cfb1d71bdde1ff
11,parent,arrival,35,True,True,True,True,True,True,16,4.411856643855572,12.892549817873824,d5f0cca7d21bc18363da04549a4af7e9ec6db27dd56a48d285cfb1d71bdde1ff
11,parent,arrival,36,True,True,True,True,True,True,11,6.195152178406715,11.39676400285042,d5f0cca7d21bc18363da04549a4af7e9ec6db27dd56a48d285cfb1d71bdde1ff
11,parent,arrival,37,True,True,True,True,True,True,4,4.975070245563984,10.388860307788319,d5f0cca7d21bc18363da04549a4af7e9ec6db27dd56a48d285cfb1d71bdde1ff
11,parent,arrival,38,False,True,True,True,True,True,2,5.382002796977758,8.05911181020094,d5f0cca7d21bc18363da04549a4af7e9ec6db27dd56a48d285cfb1d71bdde1ff
11,parent,arrival,39,True,True,True,True,True,True,14,5.108534824103117,10.999608139408043,d5f0cca7d21bc18363da04549a4af7e9ec6db27dd56a48d285cfb1d71bdde1ff
11,parent,arrival,40,True,True,True,True,True,True,17,4.552898928523064,12.437923888981313,d5f0cca7d21bc18363da04549a4af7e9ec6db27dd56a48d285cfb1d71bdde1ff
11,parent,arrival,41,True,True,True,True,True,True,15,5.226851440966129,12.293763355038086,d5f0cca7d21bc18363da04549a4af7e9ec6db27dd56a48d285cfb1d71bdde1ff
11,parent,arrival,42,True,True,True,True,True,True,14,4.673187155276537,10.600639714514672,d5f0cca7d21bc18363da04549a4af7e9ec6db27dd56a48d285cfb1d71bdde1ff
11,parent,arrival,43,False,True,True,True,True,True,2,4.014665260910988,12.239215756779071,d5f0cca7d21bc18363da04549a4af7e9ec6db27dd56a48d285cfb1d71bdde1ff
11,parent,arrival,44,True,True,True,True,True,True,12,4.997360520064831,12.39130016393316,d5f0cca7d21bc18363da04549a4af7e9ec6db27dd56a48d285cfb1d71bdde1ff
11,parent,arrival,45,True,True,True,True,True,True,4,4.526684992015362,9.57637088620122,d5f0cca7d21bc18363da04549a4af7e9ec6db27dd56a48d285cfb1d71bdde1ff
11,parent,arrival,46,True,True,True,True,True,True,12,4.906827583909035,12.36822010095404,d5f0cca7d21bc18363da04549a4af7e9ec6db27dd56a48d285cfb1d71bdde1ff
11,parent,arrival,47,True,True,True,True,True,True,3,5.252395290881395,8.347592533759245,d5f0cca7d21bc18363da04549a4af7e9ec6db27dd56a48d285cfb1d71bdde1ff
11,parent,arrival,48,True,True,True,True,True,True,19,5.040945485234261,11.07401195135793,d5f0cca7d21bc18363da04549a4af7e9ec6db27dd56a48d285cfb1d71bdde1ff
11,parent,arrival,49,False,True,True,True,True,True,2,3.9120703004300594,9.835573150108619,d5f0cca7d21bc18363da04549a4af7e9ec6db27dd56a48d285cfb1d71bdde1ff
11,parent,arrival,50,True,True,True,True,True,True,8,4.586862400174141,8.41122599116167,d5f0cca7d21bc18363da04549a4af7e9ec6db27dd56a48d285cfb1d71bdde1ff
11,parent,arrival,51,False,True,True,True,True,True,1,5.0711724907159805,13.527461151229762,d5f0cca7d21bc18363da04549a4af7e9ec6db27dd56a48d285cfb1d71bdde1ff
11,parent,arrival,52,False,True,True,True,True,True,1,6.001797970384359,10.675546399142203,d5f0cca7d21bc18363da04549a4af7e9ec6db27dd56a48d285cfb1d71bdde1ff
11,parent,arrival,53,False,True,True,True,True,True,1,4.744974430650473,9.361870502864262,d5f0cca7d21bc18363da04549a4af7e9ec6db27dd56a48d285cfb1d71bdde1ff
11,parent,arrival,54,True,True,False,True,True,True,17,5.546713713556528,14.634066202440424,d5f0cca7d21bc18363da04549a4af7e9ec6db27dd56a48d285cfb1d71bdde1ff
11,parent,arrival,55,True,True,True,True,True,True,16,4.393048118799925,10.702893622805288,d5f0cca7d21bc18363da04549a4af7e9ec6db27dd56a48d285cfb1d71bdde1ff
11,parent,arrival,56,True,True,True,True,True,True,14,4.816705826669931,10.551989130830318,d5f0cca7d21bc18363da04549a4af7e9ec6db27dd56a48d285cfb1d71bdde1ff
11,parent,arrival,57,True,True,True,True,True,True,17,4.267131444066763,9.807004176357749,d5f0cca7d21bc18363da04549a4af7e9ec6db27dd56a48d285cfb1d71bdde1ff
11,parent,arrival,58,True,True,True,True,True,True,13,4.142486955970526,11.473613876296819,d5f0cca7d21bc18363da04549a4af7e9ec6db27dd56a48d285cfb1d71bdde1ff
11,parent,arrival,59,True,True,True,True,True,True,12,4.441200289875269,12.947075218018037,d5f0cca7d21bc18363da04549a4af7e9ec6db27dd56a48d285cfb1d71bdde1ff
11,parent,arrival,60,True,True,True,True,False,True,4,5.417426116764545,9.795748878379213,d5f0cca7d21bc18363da04549a4af7e9ec6db27dd56a48d285cfb1d71bdde1ff
11,parent,arrival,61,True,True,True,True,True,True,5,5.445620510727167,11.941143740078775,d5f0cca7d21bc18363da04549a4af7e9ec6db27dd56a48d285cfb1d71bdde1ff
11,parent,arrival,62,False,True,True,True,True,True,2,5.632712040096521,11.346840442659504,d5f0cca7d21bc18363da04549a4af7e9ec6db27dd56a48d285cfb1d71bdde1ff
11,parent,arrival,63,True,True,True,True,True,True,17,4.702698439359665,8.194306867084881,d5f0cca7d21bc18363da04549a4af7e9ec6db27dd56a48d285cfb1d71bdde1ff
11,parent,arrival,64,True,True,True,True,True,True,4,4.968949127942324,7.818747208024438,d5f0cca7d21bc18363da04549a4af7e9ec6db27dd56a48d285cfb1d71bdde1ff
11,parent,arrival,65,True,True,True,True,True,True,3,5.005526822060347,11.12372719077916,d5f0cca7d21bc18363da04549a4af7e9ec6db27dd56a48d285cfb1d71bdde1ff
11,parent,arrival,66,True,True,True,True,True,True,14,5.26124844327569,12.127414097802426,d5f0cca7d21bc18363da04549a4af7e9ec6db27dd56a48d285cfb1d71bdde1ff
11,parent,arrival,67,True,True,True,True,True,True,8,6.349936127662659,10.23307223055679,d5f0cca7d21bc18363da04549a4af7e9ec6db27dd56a48d285cfb1d71bdde1ff
11,parent,arrival,68,True,True,True,True,True,True,12,4.772221203893423,7.763350958761049,d5f0cca7d21bc18363da04549a4af7e9ec6db27dd56a48d285cfb1d71bdde1ff
11,parent,arrival,69,True,True,True,True,True,True,3,4.7509619034826756,10.64145436367373,d5f0cca7d21bc18363da04549a4af7e9ec6db27dd56a48d285cfb1d71bdde1ff
11,parent,arrival,70,True,True,True,True,True,True,15,6.0246349312365055,12.241954662636246,d5f0cca7d21bc18363da04549a4af7e9ec6db27dd56a48d285cfb1d71bdde1ff
11,parent,arrival,71,True,True,True,True,True,True,13,4.860843066126108,10.680003097575636,d5f0cca7d21bc18363da04549a4af7e9ec6db27dd56a48d285cfb1d71bdde1ff
11,parent,arrival,72,True,True,True,True,True,True,12,4.734080284833908,8.33714405187642,d5f0cca7d21bc18363da04549a4af7e9ec6db27dd56a48d285cfb1d71bdde1ff
11,parent,arrival,73,True,True,True,True,True,True,4,4.851371515542269,8.798252684064918,d5f0cca7d21bc18363da04549a4af7e9ec6db27dd56a48d285cfb1d71bdde1ff
11,parent,arrival,74,True,True,True,True,True,True,16,5.144316703081131,11.262522611129343,d5f0cca7d21bc18363da04549a4af7e9ec6db27dd56a48d285cfb1d71bdde1ff
11,parent,arrival,75,True,True,True,True,True,True,3,4.752844572067261,9.481059011428277,d5f0cca7d21bc18363da04549a4af7e9ec6db27dd56a48d285cfb1d71bdde1ff
11,parent,arrival,76,True,True,True,True,True,True,13,6.021284498274326,11.200580479320143,d5f0cca7d21bc18363da04549a4af7e9ec6db27dd56a48d285cfb1d71bdde1ff
11,parent,arrival,77,True,True,True,True,True,True,7,4.729906562715769,14.119560005094412,d5f0cca7d21bc18363da04549a4af7e9ec6db27dd56a48d285cfb1d71bdde1ff
11,parent,arrival,78,True,True,True,True,True,True,16,5.033454392105341,10.330686732853673,d5f0cca7d21bc18363da04549a4af7e9ec6db27dd56a48d285cfb1d71bdde1ff
11,parent,arrival,79,True,True,True,True,True,True,17,5.065800156444311,11.600978121297338,d5f0cca7d21bc18363da04549a4af7e9ec6db27dd56a48d285cfb1d71bdde1ff
11,parent,arrival,80,True,True,True,True,True,True,3,4.879816435277462,12.193065022330941,d5f0cca7d21bc18363da04549a4af7e9ec6db27dd56a48d285cfb1d71bdde1ff
11,parent,arrival,81,True,True,True,True,True,True,19,4.988037049770355,11.001982483918267,d5f0cca7d21bc18363da04549a4af7e9ec6db27dd56a48d285cfb1d71bdde1ff
11,parent,arrival,82,True,True,True,True,True,True,7,4.41226689144969,10.968143165449085,d5f0cca7d21bc18363da04549a4af7e9ec6db27dd56a48d285cfb1d71bdde1ff
11,parent,arrival,83,True,True,True,True,True,True,4,4.136932548135519,11.307349142652138,d5f0cca7d21bc18363da04549a4af7e9ec6db27dd56a48d285cfb1d71bdde1ff
11,parent,arrival,84,False,True,True,True,True,True,2,5.835625343024731,12.284207066615592,d5f0cca7d21bc18363da04549a4af7e9ec6db27dd56a48d285cfb1d71bdde1ff
11,parent,arrival,85,True,True,True,True,True,True,15,5.004963371902704,11.979402190940956,d5f0cca7d21bc18363da04549a4af7e9ec6db27dd56a48d285cfb1d71bdde1ff
11,parent,arrival,86,True,True,True,True,True,True,17,4.568502306938171,12.840274111287487,d5f0cca7d21bc18363da04549a4af7e9ec6db27dd56a48d285cfb1d71bdde1ff
11,parent,arrival,87,True,True,True,True,True,True,6,4.71684942021966,10.950230140577082,d5f0cca7d21bc18363da04549a4af7e9ec6db27dd56a48d285cfb1d71bdde1ff
11,parent,arrival,88,True,True,True,True,True,True,17,5.053092259913683,12.560680317613015,d5f0cca7d21bc18363da04549a4af7e9ec6db27dd56a48d285cfb1d71bdde1ff
11,parent,arrival,89,True,True,True,True,True,True,3,4.70024673268199,12.371337228536506,d5f0cca7d21bc18363da04549a4af7e9ec6db27dd56a48d285cfb1d71bdde1ff
11,parent,arrival,90,True,True,True,True,True,True,12,6.337289698421955,11.607302022695125,d5f0cca7d21bc18363da04549a4af7e9ec6db27dd56a48d285cfb1d71bdde1ff
11,parent,arrival,91,True,True,True,True,True,True,12,5.241535138338804,13.421920214401078,d5f0cca7d21bc18363da04549a4af7e9ec6db27dd56a48d285cfb1d71bdde1ff
11,parent,arrival,92,True,True,True,True,True,True,12,4.375404212623835,11.27144283818538,d5f0cca7d21bc18363da04549a4af7e9ec6db27dd56a48d285cfb1d71bdde1ff
11,parent,arrival,93,True,True,True,True,True,True,9,5.287212319672108,11.443526893002913,d5f0cca7d21bc18363da04549a4af7e9ec6db27dd56a48d285cfb1d71bdde1ff
11,parent,arrival,94,True,True,True,True,True,True,14,5.171726457774639,10.256358906758303,d5f0cca7d21bc18363da04549a4af7e9ec6db27dd56a48d285cfb1d71bdde1ff
11,parent,arrival,95,True,True,True,True,True,True,15,4.311052616685629,11.842641313189791,d5f0cca7d21bc18363da04549a4af7e9ec6db27dd56a48d285cfb1d71bdde1ff
11,parent,arrival,96,False,True,True,True,True,True,1,5.039346870034933,9.675056874424149,d5f0cca7d21bc18363da04549a4af7e9ec6db27dd56a48d285cfb1d71bdde1ff
11,parent,arrival,97,True,True,True,True,True,True,11,4.849919583648443,12.23845077559203,d5f0cca7d21bc18363da04549a4af7e9ec6db27dd56a48d285cfb1d71bdde1ff
11,parent,arrival,98,False,True,True,True,True,True,2,4.472620319575071,11.817464382135478,d5f0cca7d21bc18363da04549a4af7e9ec6db27dd56a48d285cfb1d71bdde1ff
11,parent,arrival,99,True,True,True,True,True,True,3,4.1790916584432125,10.275947889297898,d5f0cca7d21bc18363da04549a4af7e9ec6db27dd56a48d285cfb1d71bdde1ff
11,parent,arrival,100,True,True,True,True,True,True,13,5.657006520777941,9.739410063010363,d5f0cca7d21bc18363da04549a4af7e9ec6db27dd56a48d285cfb1d71bdde1ff
11,parent,arrival,101,True,True,True,True,True,True,6,5.205968860536814,12.59331154637275,d5f0cca7d21bc18363da04549a4af7e9ec6db27dd56a48d285cfb1d71bdde1ff
11,parent,arrival,102,True,True,True,True,True,True,15,4.573577549308538,9.529406505468213,d5f0cca7d21bc18363da04549a4af7e9ec6db27dd56a48d285cfb1d71bdde1ff
11,parent,arrival,103,True,True,True,True,True,True,6,5.775624420493841,12.221812434773879,d5f0cca7d21bc18363da04549a4af7e9ec6db27dd56a48d285cfb1d71bdde1ff
11,parent,arrival,104,True,True,True,True,True,True,5,5.381761118769646,12.874755467538648,d5f0cca7d21bc18363da04549a4af7e9ec6db27dd56a48d285cfb1d71bdde1ff
11,parent,arrival,105,True,True,True,True,True,True,16,5.371054634451866,9.67633241225165,d5f0cca7d21bc18363da04549a4af7e9ec6db27dd56a48d285cfb1d71bdde1ff
11,parent,arrival,106,True,True,True,True,True,True,13,4.795160610228777,11.580326190568158,d5f0cca7d21bc18363da04549a4af7e9ec6db27dd56a48d285cfb1d71bdde1ff
11,parent,arrival,107,True,True,False,True,True,True,14,4.954480100423098,15.92715761610724,d5f0cca7d21bc18363da04549a4af7e9ec6db27dd56a48d285cfb1d71bdde1ff
11,parent,arrival,108,True,True,True,True,True,True,14,5.39884390309453,8.706601790687102,d5f0cca7d21bc18363da04549a4af7e9ec6db27dd56a48d285cfb1d71bdde1ff
11,parent,arrival,109,False,True,True,True,True,True,1,5.235867574810982,9.0163807516248,d5f0cca7d21bc18363da04549a4af7e9ec6db27dd56a48d285cfb1d71bdde1ff
11,parent,arrival,110,False,True,True,True,True,True,1,4.531464539468288,11.808144589012995,d5f0cca7d21bc18363da04549a4af7e9ec6db27dd56a48d285cfb1d71bdde1ff
11,parent,arrival,111,True,True,True,True,True,True,16,4.233336076140404,11.889980500553504,d5f0cca7d21bc18363da04549a4af7e9ec6db27dd56a48d285cfb1d71bdde1ff
11,parent,arrival,112,True,True,True,True,True,True,4,4.775801207870245,9.0064385575142,d5f0cca7d21bc18363da04549a4af7e9ec6db27dd56a48d285cfb1d71bdde1ff
11,parent,arrival,113,True,True,True,True,True,True,12,5.088983103632927,11.598081267315607,d5f0cca7d21bc18363da04549a4af7e9ec6db27dd56a48d285cfb1d71bdde1ff
11,parent,arrival,114,True,True,True,True,True,True,14,5.743487738072872,11.632415774499615,d5f0cca7d21bc18363da04549a4af7e9ec6db27dd56a48d285cfb1d71bdde1ff
11,parent,arrival,115,True,True,True,True,True,True,5,5.115763749927282,10.943692795767733,d5f0cca7d21bc18363da04549a4af7e9ec6db27dd56a48d285cfb1d71bdde1ff
11,parent,arrival,116,True,True,True,True,True,True,15,4.211866296827793,11.411868966199902,d5f0cca7d21bc18363da04549a4af7e9ec6db27dd56a48d285cfb1d71bdde1ff
11,parent,arrival,117,True,True,True,True,True,True,14,5.630024243146181,12.036240463892863,d5f0cca7d21bc18363da04549a4af7e9ec6db27dd56a48d285cfb1d71bdde1ff
11,parent,arrival,118,True,True,True,True,True,True,13,4.739798605442047,9.502230036534378,d5f0cca7d21bc18363da04549a4af7e9ec6db27dd56a48d285cfb1d71bdde1ff
11,parent,arrival,119,True,True,True,True,True,True,13,5.474002566188574,12.853277083919897,d5f0cca7d21bc18363da04549a4af7e9ec6db27dd56a48d285cfb1d71bdde1ff
11,parent,arrival,120,True,True,True,True,True,True,15,7.695809938013554,12.692529435577294,d5f0cca7d21bc18363da04549a4af7e9ec6db27dd56a48d285cfb1d71bdde1ff
11,parent,arrival,121,True,True,True,True,True,True,15,4.810886923223734,13.02724456340106,d5f0cca7d21bc18363da04549a4af7e9ec6db27dd56a48d285cfb1d71bdde1ff
11,parent,arrival,122,True,True,True,True,True,True,13,5.110471975058317,12.72028647059058,d5f0cca7d21bc18363da04549a4af7e9ec6db27dd56a48d285cfb1d71bdde1ff
11,parent,arrival,123,True,True,True,True,True,True,14,4.886939190328121,12.722793150015974,d5f0cca7d21bc18363da04549a4af7e9ec6db27dd56a48d285cfb1d71bdde1ff
11,parent,arrival,124,True,True,True,True,True,True,16,4.897057544440031,10.55317075355673,d5f0cca7d21bc18363da04549a4af7e9ec6db27dd56a48d285cfb1d71bdde1ff
11,parent,arrival,125,True,True,True,True,True,True,3,5.365302320569754,9.560569243556396,d5f0cca7d21bc18363da04549a4af7e9ec6db27dd56a48d285cfb1d71bdde1ff
11,parent,arrival,126,True,True,True,True,True,True,10,5.885888356715441,11.00048325739545,d5f0cca7d21bc18363da04549a4af7e9ec6db27dd56a48d285cfb1d71bdde1ff
11,parent,arrival,127,True,True,True,True,True,True,14,4.278258420526981,12.493217685407151,d5f0cca7d21bc18363da04549a4af7e9ec6db27dd56a48d285cfb1d71bdde1ff
11,original-final,fixed2,0,False,True,True,True,True,True,0,4.950156435370445,11.742995683388475,3828448659b718f5459f1726d70a8f2f442050f9c4deabf0a6352277bdaa5a8b
11,original-final,fixed2,1,False,True,True,True,True,True,0,4.453374072909355,8.917115904869712,3828448659b718f5459f1726d70a8f2f442050f9c4deabf0a6352277bdaa5a8b
11,original-final,fixed2,2,False,True,True,True,True,True,0,5.671150051057339,8.710523173044336,3828448659b718f5459f1726d70a8f2f442050f9c4deabf0a6352277bdaa5a8b
11,original-final,fixed2,3,False,True,False,True,True,True,0,4.489826038479805,14.452989349806924,3828448659b718f5459f1726d70a8f2f442050f9c4deabf0a6352277bdaa5a8b
11,original-final,fixed2,4,False,True,True,True,True,True,0,5.540349520742893,9.663598378317808,3828448659b718f5459f1726d70a8f2f442050f9c4deabf0a6352277bdaa5a8b
11,original-final,fixed2,5,False,True,True,True,True,True,0,4.756114911288023,9.011181270119128,3828448659b718f5459f1726d70a8f2f442050f9c4deabf0a6352277bdaa5a8b
11,original-final,fixed2,6,False,True,True,True,True,True,0,5.130359437316656,10.3747201086591,3828448659b718f5459f1726d70a8f2f442050f9c4deabf0a6352277bdaa5a8b
11,original-final,fixed2,7,False,True,True,True,True,True,0,5.389873404055834,9.715606853752869,3828448659b718f5459f1726d70a8f2f442050f9c4deabf0a6352277bdaa5a8b
11,original-final,fixed2,8,False,True,True,True,True,True,0,4.953810945153236,13.569244833477315,3828448659b718f5459f1726d70a8f2f442050f9c4deabf0a6352277bdaa5a8b
11,original-final,fixed2,9,False,True,True,True,True,True,0,4.845112096518278,10.454251685128375,3828448659b718f5459f1726d70a8f2f442050f9c4deabf0a6352277bdaa5a8b
11,original-final,fixed2,10,False,True,True,True,True,True,0,5.552621092647314,11.481536895734033,3828448659b718f5459f1726d70a8f2f442050f9c4deabf0a6352277bdaa5a8b
11,original-final,fixed2,11,False,True,True,True,True,True,0,5.32738771289587,11.478097041713285,3828448659b718f5459f1726d70a8f2f442050f9c4deabf0a6352277bdaa5a8b
11,original-final,fixed2,12,False,True,True,True,True,True,0,5.091663915663958,13.58853328769343,3828448659b718f5459f1726d70a8f2f442050f9c4deabf0a6352277bdaa5a8b
11,original-final,fixed2,13,False,True,True,True,True,True,0,4.728841595351696,11.792093644463465,3828448659b718f5459f1726d70a8f2f442050f9c4deabf0a6352277bdaa5a8b
11,original-final,fixed2,14,False,True,True,True,True,True,0,5.683158989995718,11.002165191478566,3828448659b718f5459f1726d70a8f2f442050f9c4deabf0a6352277bdaa5a8b
11,original-final,fixed2,15,False,True,True,True,True,True,0,4.347256384789944,9.61372262945108,3828448659b718f5459f1726d70a8f2f442050f9c4deabf0a6352277bdaa5a8b
11,original-final,fixed2,16,False,True,False,True,True,True,0,4.817306529730558,16.729969513414076,3828448659b718f5459f1726d70a8f2f442050f9c4deabf0a6352277bdaa5a8b
11,original-final,fixed2,17,False,True,True,True,True,True,0,4.704074002802372,9.791005312000639,3828448659b718f5459f1726d70a8f2f442050f9c4deabf0a6352277bdaa5a8b
11,original-final,fixed2,18,False,True,True,True,True,True,0,5.638644564896822,11.29656342017904,3828448659b718f5459f1726d70a8f2f442050f9c4deabf0a6352277bdaa5a8b
11,original-final,fixed2,19,False,True,True,True,True,True,0,4.71082329750061,10.78231420870055,3828448659b718f5459f1726d70a8f2f442050f9c4deabf0a6352277bdaa5a8b
11,original-final,fixed2,20,False,True,True,True,True,True,0,5.5006761103868484,10.640710726827844,3828448659b718f5459f1726d70a8f2f442050f9c4deabf0a6352277bdaa5a8b
11,original-final,fixed2,21,False,True,True,True,True,True,0,5.069326609373093,10.491674291590874,3828448659b718f5459f1726d70a8f2f442050f9c4deabf0a6352277bdaa5a8b
11,original-final,fixed2,22,False,True,True,True,False,True,0,5.0108241848647594,10.350400366345623,3828448659b718f5459f1726d70a8f2f442050f9c4deabf0a6352277bdaa5a8b
11,original-final,fixed2,23,False,True,True,True,True,True,0,4.655222874134779,9.8412490373089,3828448659b718f5459f1726d70a8f2f442050f9c4deabf0a6352277bdaa5a8b
11,original-final,fixed2,24,False,True,True,True,True,True,0,5.02595491707325,12.18486111136411,3828448659b718f5459f1726d70a8f2f442050f9c4deabf0a6352277bdaa5a8b
11,original-final,fixed2,25,False,True,True,True,True,True,0,5.079696420580149,11.011924678028867,3828448659b718f5459f1726d70a8f2f442050f9c4deabf0a6352277bdaa5a8b
11,original-final,fixed2,26,False,True,True,True,True,True,0,5.2730608731508255,8.719939442588846,3828448659b718f5459f1726d70a8f2f442050f9c4deabf0a6352277bdaa5a8b
11,original-final,fixed2,27,False,True,True,True,True,True,0,4.934659227728844,9.803918638400194,3828448659b718f5459f1726d70a8f2f442050f9c4deabf0a6352277bdaa5a8b
11,original-final,fixed2,28,False,True,True,True,True,True,0,5.399166140705347,12.619477147309423,3828448659b718f5459f1726d70a8f2f442050f9c4deabf0a6352277bdaa5a8b
11,original-final,fixed2,29,False,True,True,True,True,True,0,4.813625477254391,10.926525969062553,3828448659b718f5459f1726d70a8f2f442050f9c4deabf0a6352277bdaa5a8b
11,original-final,fixed2,30,False,True,True,True,True,False,0,4.835612140595913,9.283409558547387,3828448659b718f5459f1726d70a8f2f442050f9c4deabf0a6352277bdaa5a8b
11,original-final,fixed2,31,False,True,True,True,True,True,0,5.577553994953632,10.69175016917441,3828448659b718f5459f1726d70a8f2f442050f9c4deabf0a6352277bdaa5a8b
11,original-final,fixed2,32,False,True,True,True,True,True,0,5.028686951845884,13.185949131408185,3828448659b718f5459f1726d70a8f2f442050f9c4deabf0a6352277bdaa5a8b
11,original-final,fixed2,33,False,True,True,True,True,True,0,5.214685574173927,8.844286451523512,3828448659b718f5459f1726d70a8f2f442050f9c4deabf0a6352277bdaa5a8b
11,original-final,fixed2,34,False,True,True,True,True,True,0,4.234810825437307,8.81981302995371,3828448659b718f5459f1726d70a8f2f442050f9c4deabf0a6352277bdaa5a8b
11,original-final,fixed2,35,False,True,True,True,True,True,0,5.090819671750069,10.379798354307004,3828448659b718f5459f1726d70a8f2f442050f9c4deabf0a6352277bdaa5a8b
11,original-final,fixed2,36,False,True,True,True,True,True,0,5.8155301958322525,10.457344907048743,3828448659b718f5459f1726d70a8f2f442050f9c4deabf0a6352277bdaa5a8b
11,original-final,fixed2,37,False,True,True,True,True,True,0,5.245208274573088,11.217142834283779,3828448659b718f5459f1726d70a8f2f442050f9c4deabf0a6352277bdaa5a8b
11,original-final,fixed2,38,False,True,True,True,True,True,0,4.793478175997734,8.461019777758356,3828448659b718f5459f1726d70a8f2f442050f9c4deabf0a6352277bdaa5a8b
11,original-final,fixed2,39,False,True,True,True,True,True,0,5.400059279054403,9.754509049944323,3828448659b718f5459f1726d70a8f2f442050f9c4deabf0a6352277bdaa5a8b
11,original-final,fixed2,40,False,True,True,True,True,True,0,4.7576092183589935,13.399003222188393,3828448659b718f5459f1726d70a8f2f442050f9c4deabf0a6352277bdaa5a8b
11,original-final,fixed2,41,False,True,True,True,True,True,0,5.289152264595032,10.00132561956555,3828448659b718f5459f1726d70a8f2f442050f9c4deabf0a6352277bdaa5a8b
11,original-final,fixed2,42,False,True,True,True,True,True,0,4.743206314742565,11.191779780574581,3828448659b718f5459f1726d70a8f2f442050f9c4deabf0a6352277bdaa5a8b
11,original-final,fixed2,43,False,True,True,True,True,True,0,5.167939234524965,11.81520871216208,3828448659b718f5459f1726d70a8f2f442050f9c4deabf0a6352277bdaa5a8b
11,original-final,fixed2,44,False,True,True,True,True,True,0,5.769794341176748,12.345500330453639,3828448659b718f5459f1726d70a8f2f442050f9c4deabf0a6352277bdaa5a8b
11,original-final,fixed2,45,False,True,True,True,True,True,0,4.985619802027941,11.051208511040196,3828448659b718f5459f1726d70a8f2f442050f9c4deabf0a6352277bdaa5a8b
11,original-final,fixed2,46,False,True,True,True,True,True,0,4.9309139139950275,12.042161384129619,3828448659b718f5459f1726d70a8f2f442050f9c4deabf0a6352277bdaa5a8b
11,original-final,fixed2,47,False,True,True,True,True,True,0,5.154510494321585,9.990280349903992,3828448659b718f5459f1726d70a8f2f442050f9c4deabf0a6352277bdaa5a8b
11,original-final,fixed2,48,False,True,True,True,True,True,0,4.79333009570837,8.343586627811034,3828448659b718f5459f1726d70a8f2f442050f9c4deabf0a6352277bdaa5a8b
11,original-final,fixed2,49,False,True,True,True,True,True,0,4.126604646444321,10.86571423356099,3828448659b718f5459f1726d70a8f2f442050f9c4deabf0a6352277bdaa5a8b
11,original-final,fixed2,50,False,True,True,True,True,True,0,4.906997550278902,9.909027565763875,3828448659b718f5459f1726d70a8f2f442050f9c4deabf0a6352277bdaa5a8b
11,original-final,fixed2,51,False,True,True,True,True,True,0,5.422959104180336,11.322139063526153,3828448659b718f5459f1726d70a8f2f442050f9c4deabf0a6352277bdaa5a8b
11,original-final,fixed2,52,False,True,True,True,True,False,0,4.797286354005337,8.811002085924393,3828448659b718f5459f1726d70a8f2f442050f9c4deabf0a6352277bdaa5a8b
11,original-final,fixed2,53,False,True,True,True,True,True,0,5.113610532134771,10.910605651880898,3828448659b718f5459f1726d70a8f2f442050f9c4deabf0a6352277bdaa5a8b
11,original-final,fixed2,54,False,True,True,True,True,True,0,5.357761401683092,9.060075179292664,3828448659b718f5459f1726d70a8f2f442050f9c4deabf0a6352277bdaa5a8b
11,original-final,fixed2,55,False,True,True,True,True,True,0,5.3015523590147495,11.838055694935774,3828448659b718f5459f1726d70a8f2f442050f9c4deabf0a6352277bdaa5a8b
11,original-final,fixed2,56,False,True,True,True,True,True,0,5.22953923791647,10.282950540744455,3828448659b718f5459f1726d70a8f2f442050f9c4deabf0a6352277bdaa5a8b
11,original-final,fixed2,57,False,True,True,True,True,True,0,4.352864809334278,8.697549228715896,3828448659b718f5459f1726d70a8f2f442050f9c4deabf0a6352277bdaa5a8b
11,original-final,fixed2,58,False,True,True,True,True,True,0,3.944567870348692,9.823832054925367,3828448659b718f5459f1726d70a8f2f442050f9c4deabf0a6352277bdaa5a8b
11,original-final,fixed2,59,False,True,True,True,True,True,0,4.194085486233234,10.249417727014277,3828448659b718f5459f1726d70a8f2f442050f9c4deabf0a6352277bdaa5a8b
11,original-final,fixed2,60,False,True,False,True,False,True,0,4.998140502721071,17.183854366781638,3828448659b718f5459f1726d70a8f2f442050f9c4deabf0a6352277bdaa5a8b
11,original-final,fixed2,61,False,True,True,True,True,True,0,5.568529013544321,9.502415305415614,3828448659b718f5459f1726d70a8f2f442050f9c4deabf0a6352277bdaa5a8b
11,original-final,fixed2,62,False,True,True,True,True,True,0,5.683362949639559,13.427047978920465,3828448659b718f5459f1726d70a8f2f442050f9c4deabf0a6352277bdaa5a8b
11,original-final,fixed2,63,False,True,True,True,True,True,0,5.4101161658763885,9.395330745834508,3828448659b718f5459f1726d70a8f2f442050f9c4deabf0a6352277bdaa5a8b
11,original-final,fixed2,64,False,True,True,True,True,True,0,4.75538382306695,7.39654589466927,3828448659b718f5459f1726d70a8f2f442050f9c4deabf0a6352277bdaa5a8b
11,original-final,fixed2,65,False,True,True,True,True,True,0,4.963445011526346,8.699100535431135,3828448659b718f5459f1726d70a8f2f442050f9c4deabf0a6352277bdaa5a8b
11,original-final,fixed2,66,False,True,True,True,True,True,0,5.125809460878372,12.188825182403656,3828448659b718f5459f1726d70a8f2f442050f9c4deabf0a6352277bdaa5a8b
11,original-final,fixed2,67,False,True,True,True,True,True,0,5.711756646633148,9.966391763281873,3828448659b718f5459f1726d70a8f2f442050f9c4deabf0a6352277bdaa5a8b
11,original-final,fixed2,68,False,True,True,True,True,True,0,4.645832348614931,8.017772944023086,3828448659b718f5459f1726d70a8f2f442050f9c4deabf0a6352277bdaa5a8b
11,original-final,fixed2,69,False,True,True,True,True,True,0,4.532232414931059,10.206419124868107,3828448659b718f5459f1726d70a8f2f442050f9c4deabf0a6352277bdaa5a8b
11,original-final,fixed2,70,False,True,True,True,True,True,0,5.396949127316475,9.411016275263442,3828448659b718f5459f1726d70a8f2f442050f9c4deabf0a6352277bdaa5a8b
11,original-final,fixed2,71,False,True,True,True,True,True,0,4.5656175352633,8.729460726291842,3828448659b718f5459f1726d70a8f2f442050f9c4deabf0a6352277bdaa5a8b
11,original-final,fixed2,72,False,True,True,True,True,True,0,5.587905645370483,10.18441140158868,3828448659b718f5459f1726d70a8f2f442050f9c4deabf0a6352277bdaa5a8b
11,original-final,fixed2,73,False,True,True,True,True,True,0,4.877286031842232,7.685193957862239,3828448659b718f5459f1726d70a8f2f442050f9c4deabf0a6352277bdaa5a8b
11,original-final,fixed2,74,False,True,True,True,True,True,0,5.059699062258005,9.186108391178678,3828448659b718f5459f1726d70a8f2f442050f9c4deabf0a6352277bdaa5a8b
11,original-final,fixed2,75,False,True,True,True,True,True,0,4.721330013126135,9.9398846528867,3828448659b718f5459f1726d70a8f2f442050f9c4deabf0a6352277bdaa5a8b
11,original-final,fixed2,76,False,True,True,True,True,True,0,5.734595935791731,9.54543098303471,3828448659b718f5459f1726d70a8f2f442050f9c4deabf0a6352277bdaa5a8b
11,original-final,fixed2,77,False,True,True,True,True,True,0,5.643673241138458,10.275509049643725,3828448659b718f5459f1726d70a8f2f442050f9c4deabf0a6352277bdaa5a8b
11,original-final,fixed2,78,False,True,True,True,True,True,0,5.242047365754843,11.483119792074184,3828448659b718f5459f1726d70a8f2f442050f9c4deabf0a6352277bdaa5a8b
11,original-final,fixed2,79,False,True,True,True,True,True,0,5.103937815874815,10.84273918474036,3828448659b718f5459f1726d70a8f2f442050f9c4deabf0a6352277bdaa5a8b
11,original-final,fixed2,80,False,True,True,True,True,True,0,4.7848280519247055,9.330301368520463,3828448659b718f5459f1726d70a8f2f442050f9c4deabf0a6352277bdaa5a8b
11,original-final,fixed2,81,False,True,True,True,True,True,0,4.753816872835159,10.412216139655177,3828448659b718f5459f1726d70a8f2f442050f9c4deabf0a6352277bdaa5a8b
11,original-final,fixed2,82,False,True,True,True,True,True,0,4.385360516607761,11.747733273351525,3828448659b718f5459f1726d70a8f2f442050f9c4deabf0a6352277bdaa5a8b
11,original-final,fixed2,83,False,True,True,True,True,True,0,4.723987076431513,11.162562792626206,3828448659b718f5459f1726d70a8f2f442050f9c4deabf0a6352277bdaa5a8b
11,original-final,fixed2,84,False,True,True,True,True,True,0,5.862255580723286,11.962707501062152,3828448659b718f5459f1726d70a8f2f442050f9c4deabf0a6352277bdaa5a8b
11,original-final,fixed2,85,False,True,True,True,True,True,0,4.954684525728226,10.772578627812342,3828448659b718f5459f1726d70a8f2f442050f9c4deabf0a6352277bdaa5a8b
11,original-final,fixed2,86,False,True,True,True,True,True,0,4.46330476552248,11.164285707844343,3828448659b718f5459f1726d70a8f2f442050f9c4deabf0a6352277bdaa5a8b
11,original-final,fixed2,87,False,True,True,True,True,True,0,4.429112188518047,8.591020475778501,3828448659b718f5459f1726d70a8f2f442050f9c4deabf0a6352277bdaa5a8b
11,original-final,fixed2,88,False,True,False,True,True,True,0,5.561070516705513,14.39009867547674,3828448659b718f5459f1726d70a8f2f442050f9c4deabf0a6352277bdaa5a8b
11,original-final,fixed2,89,False,True,True,True,True,True,0,4.300764296203852,7.806106235418037,3828448659b718f5459f1726d70a8f2f442050f9c4deabf0a6352277bdaa5a8b
11,original-final,fixed2,90,False,True,True,True,True,True,0,6.27770833671093,13.033495894038916,3828448659b718f5459f1726d70a8f2f442050f9c4deabf0a6352277bdaa5a8b
11,original-final,fixed2,91,False,True,True,True,True,True,0,4.639849532395601,12.923088447426599,3828448659b718f5459f1726d70a8f2f442050f9c4deabf0a6352277bdaa5a8b
11,original-final,fixed2,92,False,True,True,True,True,True,0,4.305865149945021,9.181195777618147,3828448659b718f5459f1726d70a8f2f442050f9c4deabf0a6352277bdaa5a8b
11,original-final,fixed2,93,False,True,True,True,True,True,0,5.358448717743158,8.980467616968873,3828448659b718f5459f1726d70a8f2f442050f9c4deabf0a6352277bdaa5a8b
11,original-final,fixed2,94,False,True,True,True,True,True,0,5.202074535191059,8.486394784298598,3828448659b718f5459f1726d70a8f2f442050f9c4deabf0a6352277bdaa5a8b
11,original-final,fixed2,95,False,True,True,True,True,True,0,5.413116421550512,10.455524661634936,3828448659b718f5459f1726d70a8f2f442050f9c4deabf0a6352277bdaa5a8b
11,original-final,fixed2,96,False,True,True,True,True,True,0,4.660788457840681,10.056896038652773,3828448659b718f5459f1726d70a8f2f442050f9c4deabf0a6352277bdaa5a8b
11,original-final,fixed2,97,False,True,True,True,True,True,0,5.864088889211416,9.00355024126893,3828448659b718f5459f1726d70a8f2f442050f9c4deabf0a6352277bdaa5a8b
11,original-final,fixed2,98,False,True,True,True,True,True,0,5.055196583271027,9.890761078602322,3828448659b718f5459f1726d70a8f2f442050f9c4deabf0a6352277bdaa5a8b
11,original-final,fixed2,99,False,True,True,True,True,True,0,4.652830306440592,10.206892969241776,3828448659b718f5459f1726d70a8f2f442050f9c4deabf0a6352277bdaa5a8b
11,original-final,fixed2,100,False,True,True,True,True,True,0,5.236358847469091,8.81806364775254,3828448659b718f5459f1726d70a8f2f442050f9c4deabf0a6352277bdaa5a8b
11,original-final,fixed2,101,False,True,True,True,True,True,0,5.082782823592424,11.717884492904924,3828448659b718f5459f1726d70a8f2f442050f9c4deabf0a6352277bdaa5a8b
11,original-final,fixed2,102,False,True,True,True,True,True,0,4.640534520149231,10.502718707478785,3828448659b718f5459f1726d70a8f2f442050f9c4deabf0a6352277bdaa5a8b
11,original-final,fixed2,103,False,True,True,True,True,True,0,5.8651152066886425,12.754215435292618,3828448659b718f5459f1726d70a8f2f442050f9c4deabf0a6352277bdaa5a8b
11,original-final,fixed2,104,False,True,True,True,True,True,0,4.961330909281969,10.336272120047452,3828448659b718f5459f1726d70a8f2f442050f9c4deabf0a6352277bdaa5a8b
11,original-final,fixed2,105,False,True,True,True,True,True,0,5.617717280983925,8.744365052834457,3828448659b718f5459f1726d70a8f2f442050f9c4deabf0a6352277bdaa5a8b
11,original-final,fixed2,106,False,True,True,True,True,True,0,5.700013134628534,11.477522452049358,3828448659b718f5459f1726d70a8f2f442050f9c4deabf0a6352277bdaa5a8b
11,original-final,fixed2,107,False,True,True,True,True,True,0,5.302531644701958,8.456978013317,3828448659b718f5459f1726d70a8f2f442050f9c4deabf0a6352277bdaa5a8b
11,original-final,fixed2,108,False,True,True,True,True,True,0,5.541385617107153,10.17409781594196,3828448659b718f5459f1726d70a8f2f442050f9c4deabf0a6352277bdaa5a8b
11,original-final,fixed2,109,False,True,True,True,True,True,0,5.345639772713184,8.047841144296774,3828448659b718f5459f1726d70a8f2f442050f9c4deabf0a6352277bdaa5a8b
11,original-final,fixed2,110,False,True,True,True,True,True,0,4.9223219975829124,11.836319973112944,3828448659b718f5459f1726d70a8f2f442050f9c4deabf0a6352277bdaa5a8b
11,original-final,fixed2,111,False,True,True,True,True,True,0,3.937449771910906,12.037521124362241,3828448659b718f5459f1726d70a8f2f442050f9c4deabf0a6352277bdaa5a8b
11,original-final,fixed2,112,False,True,True,True,True,True,0,4.573794547468424,11.744934603339113,3828448659b718f5459f1726d70a8f2f442050f9c4deabf0a6352277bdaa5a8b
11,original-final,fixed2,113,False,True,True,True,True,True,0,5.483328830450773,10.28948361668557,3828448659b718f5459f1726d70a8f2f442050f9c4deabf0a6352277bdaa5a8b
11,original-final,fixed2,114,False,True,True,True,True,True,0,4.813294857740402,8.14445758520119,3828448659b718f5459f1726d70a8f2f442050f9c4deabf0a6352277bdaa5a8b
11,original-final,fixed2,115,False,True,True,True,True,True,0,4.795079119503498,9.261219127707662,3828448659b718f5459f1726d70a8f2f442050f9c4deabf0a6352277bdaa5a8b
11,original-final,fixed2,116,False,True,True,True,True,True,0,4.657241050153971,14.03606008871736,3828448659b718f5459f1726d70a8f2f442050f9c4deabf0a6352277bdaa5a8b
11,original-final,fixed2,117,False,True,True,True,True,True,0,5.871922243386507,12.618477378369661,3828448659b718f5459f1726d70a8f2f442050f9c4deabf0a6352277bdaa5a8b
11,original-final,fixed2,118,False,True,True,True,True,True,0,4.9065095372498035,8.628569440740646,3828448659b718f5459f1726d70a8f2f442050f9c4deabf0a6352277bdaa5a8b
11,original-final,fixed2,119,False,True,True,True,True,True,0,5.817960482090712,11.075773286390147,3828448659b718f5459f1726d70a8f2f442050f9c4deabf0a6352277bdaa5a8b
11,original-final,fixed2,120,False,True,True,True,True,True,0,5.418864078819752,9.047774862371117,3828448659b718f5459f1726d70a8f2f442050f9c4deabf0a6352277bdaa5a8b
11,original-final,fixed2,121,False,True,True,True,True,True,0,5.159781314432621,11.651769969286493,3828448659b718f5459f1726d70a8f2f442050f9c4deabf0a6352277bdaa5a8b
11,original-final,fixed2,122,False,True,True,True,True,True,0,5.067686550319195,11.074437130633763,3828448659b718f5459f1726d70a8f2f442050f9c4deabf0a6352277bdaa5a8b
11,original-final,fixed2,123,False,True,True,True,True,True,0,5.978025496006012,12.162313803140252,3828448659b718f5459f1726d70a8f2f442050f9c4deabf0a6352277bdaa5a8b
11,original-final,fixed2,124,False,True,True,True,True,True,0,4.753831308335066,9.880449200502895,3828448659b718f5459f1726d70a8f2f442050f9c4deabf0a6352277bdaa5a8b
11,original-final,fixed2,125,False,True,True,True,True,True,0,5.103157367557287,8.417914453906405,3828448659b718f5459f1726d70a8f2f442050f9c4deabf0a6352277bdaa5a8b
11,original-final,fixed2,126,False,True,True,True,True,True,0,4.37999377027154,11.2262030802178,3828448659b718f5459f1726d70a8f2f442050f9c4deabf0a6352277bdaa5a8b
11,original-final,fixed2,127,False,True,True,True,True,True,0,4.377500154078007,10.033881716244416,3828448659b718f5459f1726d70a8f2f442050f9c4deabf0a6352277bdaa5a8b
11,original-final,fixed5,0,False,True,True,True,True,True,0,5.062406416982412,12.584327286293245,3828448659b718f5459f1726d70a8f2f442050f9c4deabf0a6352277bdaa5a8b
11,original-final,fixed5,1,False,True,True,True,True,True,0,4.266630858182907,8.772794861480989,3828448659b718f5459f1726d70a8f2f442050f9c4deabf0a6352277bdaa5a8b
11,original-final,fixed5,2,False,True,True,True,True,True,0,5.724858958274126,7.891187340587947,3828448659b718f5459f1726d70a8f2f442050f9c4deabf0a6352277bdaa5a8b
11,original-final,fixed5,3,False,True,True,True,True,True,0,4.489826038479805,8.048847743425705,3828448659b718f5459f1726d70a8f2f442050f9c4deabf0a6352277bdaa5a8b
11,original-final,fixed5,4,False,True,True,True,True,True,0,5.354324821382761,10.648805354767957,3828448659b718f5459f1726d70a8f2f442050f9c4deabf0a6352277bdaa5a8b
11,original-final,fixed5,5,False,True,True,True,True,True,0,4.756114911288023,9.33314016589425,3828448659b718f5459f1726d70a8f2f442050f9c4deabf0a6352277bdaa5a8b
11,original-final,fixed5,6,False,True,True,True,True,True,0,4.9859387800097466,10.260139416463904,3828448659b718f5459f1726d70a8f2f442050f9c4deabf0a6352277bdaa5a8b
11,original-final,fixed5,7,False,True,True,True,True,True,0,4.7233821824193,10.03291524447686,3828448659b718f5459f1726d70a8f2f442050f9c4deabf0a6352277bdaa5a8b
11,original-final,fixed5,8,False,True,True,True,True,True,0,4.731169436126947,9.738063661970225,3828448659b718f5459f1726d70a8f2f442050f9c4deabf0a6352277bdaa5a8b
11,original-final,fixed5,9,False,True,True,True,True,True,0,5.330053623765707,12.055353894511498,3828448659b718f5459f1726d70a8f2f442050f9c4deabf0a6352277bdaa5a8b
11,original-final,fixed5,10,False,True,True,True,True,True,0,4.9179852940142155,11.953488453229928,3828448659b718f5459f1726d70a8f2f442050f9c4deabf0a6352277bdaa5a8b
11,original-final,fixed5,11,False,True,True,True,True,True,0,4.359247628599405,10.256856656794067,3828448659b718f5459f1726d70a8f2f442050f9c4deabf0a6352277bdaa5a8b
11,original-final,fixed5,12,False,True,True,True,True,True,0,4.712223075330257,14.287259932238442,3828448659b718f5459f1726d70a8f2f442050f9c4deabf0a6352277bdaa5a8b
11,original-final,fixed5,13,False,True,True,True,True,True,0,4.75052697584033,8.410879359061292,3828448659b718f5459f1726d70a8f2f442050f9c4deabf0a6352277bdaa5a8b
11,original-final,fixed5,14,False,True,True,True,True,True,0,5.618758033961058,12.445939115972324,3828448659b718f5459f1726d70a8f2f442050f9c4deabf0a6352277bdaa5a8b
11,original-final,fixed5,15,False,True,True,True,True,True,0,4.6994732692837715,9.161681073385774,3828448659b718f5459f1726d70a8f2f442050f9c4deabf0a6352277bdaa5a8b
11,original-final,fixed5,16,False,True,True,True,True,True,0,4.817306529730558,7.662169390170127,3828448659b718f5459f1726d70a8f2f442050f9c4deabf0a6352277bdaa5a8b
11,original-final,fixed5,17,False,True,True,True,True,True,0,4.704074002802372,8.331146292011502,3828448659b718f5459f1726d70a8f2f442050f9c4deabf0a6352277bdaa5a8b
11,original-final,fixed5,18,False,True,True,True,True,True,0,5.102396942675114,10.568595882023558,3828448659b718f5459f1726d70a8f2f442050f9c4deabf0a6352277bdaa5a8b
11,original-final,fixed5,19,False,True,True,True,True,True,0,5.248642526566982,11.486307782869288,3828448659b718f5459f1726d70a8f2f442050f9c4deabf0a6352277bdaa5a8b
11,original-final,fixed5,20,False,True,True,True,True,True,0,5.264719016849995,10.051262840134806,3828448659b718f5459f1726d70a8f2f442050f9c4deabf0a6352277bdaa5a8b
11,original-final,fixed5,21,False,True,True,True,True,True,0,5.380096845328808,9.061478783167102,3828448659b718f5459f1726d70a8f2f442050f9c4deabf0a6352277bdaa5a8b
11,original-final,fixed5,22,False,True,True,True,False,True,0,5.0108241848647594,10.337095157842437,3828448659b718f5459f1726d70a8f2f442050f9c4deabf0a6352277bdaa5a8b
11,original-final,fixed5,23,False,True,True,True,True,True,0,5.2824802696704865,9.056590929042311,3828448659b718f5459f1726d70a8f2f442050f9c4deabf0a6352277bdaa5a8b
11,original-final,fixed5,24,False,True,True,True,True,True,0,5.02595491707325,10.440376155829494,3828448659b718f5459f1726d70a8f2f442050f9c4deabf0a6352277bdaa5a8b
11,original-final,fixed5,25,False,True,True,True,True,True,0,5.369544494897127,10.377517924897866,3828448659b718f5459f1726d70a8f2f442050f9c4deabf0a6352277bdaa5a8b
11,original-final,fixed5,26,False,True,True,True,True,True,0,5.2054328843951225,8.588742607690302,3828448659b718f5459f1726d70a8f2f442050f9c4deabf0a6352277bdaa5a8b
11,original-final,fixed5,27,False,True,True,True,True,True,0,5.0857290625572205,12.6068523964023,3828448659b718f5459f1726d70a8f2f442050f9c4deabf0a6352277bdaa5a8b
11,original-final,fixed5,28,False,True,True,True,True,True,0,5.36432396620512,9.379439456956828,3828448659b718f5459f1726d70a8f2f442050f9c4deabf0a6352277bdaa5a8b
11,original-final,fixed5,29,False,True,True,True,True,True,0,4.709862172603607,9.954925583212715,3828448659b718f5459f1726d70a8f2f442050f9c4deabf0a6352277bdaa5a8b
11,original-final,fixed5,30,False,True,True,True,True,False,0,4.835612140595913,7.67198095691285,3828448659b718f5459f1726d70a8f2f442050f9c4deabf0a6352277bdaa5a8b
11,original-final,fixed5,31,False,True,True,True,True,True,0,5.509587004780769,9.231530856706556,3828448659b718f5459f1726d70a8f2f442050f9c4deabf0a6352277bdaa5a8b
11,original-final,fixed5,32,False,True,True,True,True,True,0,5.028686951845884,11.967560350467446,3828448659b718f5459f1726d70a8f2f442050f9c4deabf0a6352277bdaa5a8b
11,original-final,fixed5,33,False,True,True,True,True,True,0,5.214685574173927,11.79974345633388,3828448659b718f5459f1726d70a8f2f442050f9c4deabf0a6352277bdaa5a8b
11,original-final,fixed5,34,False,True,True,True,True,True,0,4.234810825437307,8.563124275660876,3828448659b718f5459f1726d70a8f2f442050f9c4deabf0a6352277bdaa5a8b
11,original-final,fixed5,35,False,True,True,True,True,True,0,5.235489923506975,8.679418491564098,3828448659b718f5459f1726d70a8f2f442050f9c4deabf0a6352277bdaa5a8b
11,original-final,fixed5,36,False,True,True,True,True,True,0,5.6927390396595,9.118251315548248,3828448659b718f5459f1726d70a8f2f442050f9c4deabf0a6352277bdaa5a8b
11,original-final,fixed5,37,False,True,True,True,True,True,0,5.245208274573088,9.62811810690053,3828448659b718f5459f1726d70a8f2f442050f9c4deabf0a6352277bdaa5a8b
11,original-final,fixed5,38,False,True,True,True,True,True,0,4.388081841170788,8.461019777758356,3828448659b718f5459f1726d70a8f2f442050f9c4deabf0a6352277bdaa5a8b
11,original-final,fixed5,39,False,True,True,True,True,True,0,5.114810075610876,7.447961851193833,3828448659b718f5459f1726d70a8f2f442050f9c4deabf0a6352277bdaa5a8b
11,original-final,fixed5,40,False,True,True,True,True,True,0,4.7576092183589935,8.308752663043968,3828448659b718f5459f1726d70a8f2f442050f9c4deabf0a6352277bdaa5a8b
11,original-final,fixed5,41,False,True,True,True,True,True,0,5.476787686347961,8.994071646248246,3828448659b718f5459f1726d70a8f2f442050f9c4deabf0a6352277bdaa5a8b
11,original-final,fixed5,42,False,True,True,True,True,True,0,4.788619931787252,9.155665384274284,3828448659b718f5459f1726d70a8f2f442050f9c4deabf0a6352277bdaa5a8b
11,original-final,fixed5,43,False,True,True,True,True,True,0,4.934969823807478,9.723791981699483,3828448659b718f5459f1726d70a8f2f442050f9c4deabf0a6352277bdaa5a8b
11,original-final,fixed5,44,False,True,True,True,True,True,0,5.829834844917059,11.91590362977464,3828448659b718f5459f1726d70a8f2f442050f9c4deabf0a6352277bdaa5a8b
11,original-final,fixed5,45,False,True,True,True,True,True,0,4.985619802027941,10.28358233324268,3828448659b718f5459f1726d70a8f2f442050f9c4deabf0a6352277bdaa5a8b
11,original-final,fixed5,46,False,True,True,True,True,True,0,4.590957425534725,10.493282801140412,3828448659b718f5459f1726d70a8f2f442050f9c4deabf0a6352277bdaa5a8b
11,original-final,fixed5,47,False,True,True,True,True,True,0,5.422899965196848,10.478834389724897,3828448659b718f5459f1726d70a8f2f442050f9c4deabf0a6352277bdaa5a8b
11,original-final,fixed5,48,False,True,True,True,True,True,0,5.060349591076374,7.544527065679473,3828448659b718f5459f1726d70a8f2f442050f9c4deabf0a6352277bdaa5a8b
11,original-final,fixed5,49,False,True,True,True,True,True,0,4.126604646444321,10.035431315412362,3828448659b718f5459f1726d70a8f2f442050f9c4deabf0a6352277bdaa5a8b
11,original-final,fixed5,50,False,True,True,True,True,True,0,4.803949035704136,8.762084271088762,3828448659b718f5459f1726d70a8f2f442050f9c4deabf0a6352277bdaa5a8b
11,original-final,fixed5,51,False,True,True,True,True,True,0,5.422959104180336,13.091951214276824,3828448659b718f5459f1726d70a8f2f442050f9c4deabf0a6352277bdaa5a8b
11,original-final,fixed5,52,False,True,True,True,True,False,0,4.817402921617031,8.716544838571348,3828448659b718f5459f1726d70a8f2f442050f9c4deabf0a6352277bdaa5a8b
11,original-final,fixed5,53,False,True,True,True,True,True,0,5.113610532134771,12.949993416340925,3828448659b718f5459f1726d70a8f2f442050f9c4deabf0a6352277bdaa5a8b
11,original-final,fixed5,54,False,True,True,True,True,True,0,5.671212449669838,14.088860866096143,3828448659b718f5459f1726d70a8f2f442050f9c4deabf0a6352277bdaa5a8b
11,original-final,fixed5,55,False,True,True,True,True,True,0,4.82161995023489,10.533827657827254,3828448659b718f5459f1726d70a8f2f442050f9c4deabf0a6352277bdaa5a8b
11,original-final,fixed5,56,False,True,True,True,True,True,0,5.22953923791647,11.125186289940604,3828448659b718f5459f1726d70a8f2f442050f9c4deabf0a6352277bdaa5a8b
11,original-final,fixed5,57,False,True,True,True,True,True,0,4.412633832544088,10.6270093673528,3828448659b718f5459f1726d70a8f2f442050f9c4deabf0a6352277bdaa5a8b
11,original-final,fixed5,58,False,True,True,True,True,True,0,3.978794440627098,8.807353057360315,3828448659b718f5459f1726d70a8f2f442050f9c4deabf0a6352277bdaa5a8b
11,original-final,fixed5,59,False,True,True,True,True,True,0,4.01970325037837,10.760373933539176,3828448659b718f5459f1726d70a8f2f442050f9c4deabf0a6352277bdaa5a8b
11,original-final,fixed5,60,False,True,False,True,False,True,0,4.998140502721071,17.183854366781638,3828448659b718f5459f1726d70a8f2f442050f9c4deabf0a6352277bdaa5a8b
11,original-final,fixed5,61,False,True,True,True,True,True,0,5.568529013544321,8.536322613357745,3828448659b718f5459f1726d70a8f2f442050f9c4deabf0a6352277bdaa5a8b
11,original-final,fixed5,62,False,True,True,True,True,True,0,5.37688797339797,11.576501284632952,3828448659b718f5459f1726d70a8f2f442050f9c4deabf0a6352277bdaa5a8b
11,original-final,fixed5,63,False,True,True,True,True,True,0,5.234816577285528,8.230330992314821,3828448659b718f5459f1726d70a8f2f442050f9c4deabf0a6352277bdaa5a8b
11,original-final,fixed5,64,False,True,True,True,True,True,0,4.821502137929201,7.789166512502759,3828448659b718f5459f1726d70a8f2f442050f9c4deabf0a6352277bdaa5a8b
11,original-final,fixed5,65,False,True,True,True,True,True,0,5.041803233325481,9.304484107231461,3828448659b718f5459f1726d70a8f2f442050f9c4deabf0a6352277bdaa5a8b
11,original-final,fixed5,66,False,True,True,True,True,True,0,5.651325453072786,11.171787816873955,3828448659b718f5459f1726d70a8f2f442050f9c4deabf0a6352277bdaa5a8b
11,original-final,fixed5,67,False,True,True,True,True,True,0,5.8220187202095985,11.314625001665492,3828448659b718f5459f1726d70a8f2f442050f9c4deabf0a6352277bdaa5a8b
11,original-final,fixed5,68,False,True,True,True,True,True,0,4.645832348614931,6.943961765451769,3828448659b718f5459f1726d70a8f2f442050f9c4deabf0a6352277bdaa5a8b
11,original-final,fixed5,69,False,True,False,True,True,True,0,5.418961402028799,14.667868808642817,3828448659b718f5459f1726d70a8f2f442050f9c4deabf0a6352277bdaa5a8b
11,original-final,fixed5,70,False,True,True,True,True,True,0,5.420683417469263,12.914571201531592,3828448659b718f5459f1726d70a8f2f442050f9c4deabf0a6352277bdaa5a8b
11,original-final,fixed5,71,False,True,True,True,True,True,0,4.5656175352633,8.597557820587848,3828448659b718f5459f1726d70a8f2f442050f9c4deabf0a6352277bdaa5a8b
11,original-final,fixed5,72,False,True,True,True,True,True,0,5.271323025226593,12.593996272837044,3828448659b718f5459f1726d70a8f2f442050f9c4deabf0a6352277bdaa5a8b
11,original-final,fixed5,73,False,True,True,True,True,True,0,5.013380199670792,8.085228746039778,3828448659b718f5459f1726d70a8f2f442050f9c4deabf0a6352277bdaa5a8b
11,original-final,fixed5,74,False,True,True,True,True,True,0,5.059699062258005,10.144154266620625,3828448659b718f5459f1726d70a8f2f442050f9c4deabf0a6352277bdaa5a8b
11,original-final,fixed5,75,False,True,True,True,True,True,0,4.77873208001256,9.324857707751963,3828448659b718f5459f1726d70a8f2f442050f9c4deabf0a6352277bdaa5a8b
11,original-final,fixed5,76,False,True,True,True,True,True,0,5.774242337793112,12.766679676754245,3828448659b718f5459f1726d70a8f2f442050f9c4deabf0a6352277bdaa5a8b
11,original-final,fixed5,77,False,True,True,True,True,True,0,4.5235129073262215,8.635621611058683,3828448659b718f5459f1726d70a8f2f442050f9c4deabf0a6352277bdaa5a8b
11,original-final,fixed5,78,False,True,True,True,True,True,0,4.760329145938158,8.825632351126561,3828448659b718f5459f1726d70a8f2f442050f9c4deabf0a6352277bdaa5a8b
11,original-final,fixed5,79,False,True,True,True,True,True,0,5.42288227006793,9.44586560795614,3828448659b718f5459f1726d70a8f2f442050f9c4deabf0a6352277bdaa5a8b
11,original-final,fixed5,80,False,True,True,True,True,True,0,4.626590758562088,10.758849947580616,3828448659b718f5459f1726d70a8f2f442050f9c4deabf0a6352277bdaa5a8b
11,original-final,fixed5,81,False,True,True,True,True,True,0,4.753816872835159,8.937796863902864,3828448659b718f5459f1726d70a8f2f442050f9c4deabf0a6352277bdaa5a8b
11,original-final,fixed5,82,False,True,True,True,True,True,0,5.297455005347729,9.399865137669751,3828448659b718f5459f1726d70a8f2f442050f9c4deabf0a6352277bdaa5a8b
11,original-final,fixed5,83,False,True,True,True,True,True,0,4.723987076431513,10.641708788220313,3828448659b718f5459f1726d70a8f2f442050f9c4deabf0a6352277bdaa5a8b
11,original-final,fixed5,84,False,True,True,True,True,True,0,5.587559193372726,10.690464386063157,3828448659b718f5459f1726d70a8f2f442050f9c4deabf0a6352277bdaa5a8b
11,original-final,fixed5,85,False,True,True,True,True,True,0,4.954684525728226,10.730636143666587,3828448659b718f5459f1726d70a8f2f442050f9c4deabf0a6352277bdaa5a8b
11,original-final,fixed5,86,False,True,True,True,True,True,0,4.46330476552248,11.79016326224929,3828448659b718f5459f1726d70a8f2f442050f9c4deabf0a6352277bdaa5a8b
11,original-final,fixed5,87,False,True,True,True,True,True,0,4.647897090762854,8.713653961005141,3828448659b718f5459f1726d70a8f2f442050f9c4deabf0a6352277bdaa5a8b
11,original-final,fixed5,88,False,True,True,True,True,True,0,5.537121556699276,10.990512888754523,3828448659b718f5459f1726d70a8f2f442050f9c4deabf0a6352277bdaa5a8b
11,original-final,fixed5,89,False,True,True,True,True,True,0,4.279909655451775,7.664223569563008,3828448659b718f5459f1726d70a8f2f442050f9c4deabf0a6352277bdaa5a8b
11,original-final,fixed5,90,False,True,True,True,True,True,0,5.7187979109585285,10.68137084295693,3828448659b718f5459f1726d70a8f2f442050f9c4deabf0a6352277bdaa5a8b
11,original-final,fixed5,91,False,True,True,True,True,True,0,4.505903925746679,9.679557969087188,3828448659b718f5459f1726d70a8f2f442050f9c4deabf0a6352277bdaa5a8b
11,original-final,fixed5,92,False,True,True,True,True,True,0,4.501018673181534,9.229813917903943,3828448659b718f5459f1726d70a8f2f442050f9c4deabf0a6352277bdaa5a8b
11,original-final,fixed5,93,False,True,True,True,True,True,0,5.358448717743158,9.713264098867555,3828448659b718f5459f1726d70a8f2f442050f9c4deabf0a6352277bdaa5a8b
11,original-final,fixed5,94,False,True,True,True,True,True,0,5.202074535191059,9.622053752691205,3828448659b718f5459f1726d70a8f2f442050f9c4deabf0a6352277bdaa5a8b
11,original-final,fixed5,95,False,True,True,True,True,True,0,4.894237499684095,12.55644901542219,3828448659b718f5459f1726d70a8f2f442050f9c4deabf0a6352277bdaa5a8b
11,original-final,fixed5,96,False,True,True,True,True,True,0,5.061877425760031,10.98748199231033,3828448659b718f5459f1726d70a8f2f442050f9c4deabf0a6352277bdaa5a8b
11,original-final,fixed5,97,False,True,True,True,True,True,0,5.369615741074085,10.552637998801469,3828448659b718f5459f1726d70a8f2f442050f9c4deabf0a6352277bdaa5a8b
11,original-final,fixed5,98,False,True,True,True,True,True,0,5.322312004864216,13.705164744186922,3828448659b718f5459f1726d70a8f2f442050f9c4deabf0a6352277bdaa5a8b
11,original-final,fixed5,99,False,True,True,True,True,True,0,4.473130684345961,12.473428919834332,3828448659b718f5459f1726d70a8f2f442050f9c4deabf0a6352277bdaa5a8b
11,original-final,fixed5,100,False,True,True,True,True,True,0,4.98137716203928,8.756795143350233,3828448659b718f5459f1726d70a8f2f442050f9c4deabf0a6352277bdaa5a8b
11,original-final,fixed5,101,False,True,True,True,True,True,0,5.517616402357817,10.487489946950594,3828448659b718f5459f1726d70a8f2f442050f9c4deabf0a6352277bdaa5a8b
11,original-final,fixed5,102,False,True,True,True,True,True,0,4.640534520149231,12.442728073288771,3828448659b718f5459f1726d70a8f2f442050f9c4deabf0a6352277bdaa5a8b
11,original-final,fixed5,103,False,True,True,True,True,True,0,5.080013070255518,10.308927457705305,3828448659b718f5459f1726d70a8f2f442050f9c4deabf0a6352277bdaa5a8b
11,original-final,fixed5,104,False,True,True,True,True,True,0,4.72544739022851,8.85522926834752,3828448659b718f5459f1726d70a8f2f442050f9c4deabf0a6352277bdaa5a8b
11,original-final,fixed5,105,False,True,True,True,True,True,0,5.509665701538324,8.744365052834457,3828448659b718f5459f1726d70a8f2f442050f9c4deabf0a6352277bdaa5a8b
11,original-final,fixed5,106,False,True,True,True,True,True,0,6.020127329975367,10.898067132112047,3828448659b718f5459f1726d70a8f2f442050f9c4deabf0a6352277bdaa5a8b
11,original-final,fixed5,107,False,True,True,True,True,True,0,5.272711627185345,11.177823142779307,3828448659b718f5459f1726d70a8f2f442050f9c4deabf0a6352277bdaa5a8b
11,original-final,fixed5,108,False,True,True,True,True,True,0,5.541385617107153,10.17409781594196,3828448659b718f5459f1726d70a8f2f442050f9c4deabf0a6352277bdaa5a8b
11,original-final,fixed5,109,False,True,True,True,True,True,0,5.383840296417475,7.830061416384564,3828448659b718f5459f1726d70a8f2f442050f9c4deabf0a6352277bdaa5a8b
11,original-final,fixed5,110,False,True,True,True,True,True,0,5.1994286477565765,12.15241771280655,3828448659b718f5459f1726d70a8f2f442050f9c4deabf0a6352277bdaa5a8b
11,original-final,fixed5,111,False,True,True,True,True,True,0,3.937449771910906,9.892005880578557,3828448659b718f5459f1726d70a8f2f442050f9c4deabf0a6352277bdaa5a8b
11,original-final,fixed5,112,False,True,True,True,True,True,0,4.571210127323866,11.686324750071233,3828448659b718f5459f1726d70a8f2f442050f9c4deabf0a6352277bdaa5a8b
11,original-final,fixed5,113,False,True,True,True,True,True,0,4.685225430876017,10.28948361668557,3828448659b718f5459f1726d70a8f2f442050f9c4deabf0a6352277bdaa5a8b
11,original-final,fixed5,114,False,True,True,True,True,True,0,4.722953774034977,10.857471902780077,3828448659b718f5459f1726d70a8f2f442050f9c4deabf0a6352277bdaa5a8b
11,original-final,fixed5,115,False,True,True,True,True,True,0,4.688299726694822,7.746078264123733,3828448659b718f5459f1726d70a8f2f442050f9c4deabf0a6352277bdaa5a8b
11,original-final,fixed5,116,False,True,True,True,True,True,0,5.057243630290031,11.140740338228015,3828448659b718f5459f1726d70a8f2f442050f9c4deabf0a6352277bdaa5a8b
11,original-final,fixed5,117,False,True,True,True,True,True,0,5.486223381012678,9.207981218221997,3828448659b718f5459f1726d70a8f2f442050f9c4deabf0a6352277bdaa5a8b
11,original-final,fixed5,118,False,True,True,True,True,True,0,4.7106933780014515,8.900004573451538,3828448659b718f5459f1726d70a8f2f442050f9c4deabf0a6352277bdaa5a8b
11,original-final,fixed5,119,False,True,True,True,True,True,0,5.684481468051672,11.804084041551423,3828448659b718f5459f1726d70a8f2f442050f9c4deabf0a6352277bdaa5a8b
11,original-final,fixed5,120,False,True,True,True,True,True,0,5.185352172702551,9.239395819535824,3828448659b718f5459f1726d70a8f2f442050f9c4deabf0a6352277bdaa5a8b
11,original-final,fixed5,121,False,True,True,True,True,True,0,5.435161292552948,12.593203970893322,3828448659b718f5459f1726d70a8f2f442050f9c4deabf0a6352277bdaa5a8b
11,original-final,fixed5,122,False,True,True,True,True,True,0,5.067686550319195,11.044607986981024,3828448659b718f5459f1726d70a8f2f442050f9c4deabf0a6352277bdaa5a8b
11,original-final,fixed5,123,False,True,False,True,True,True,1,7.1685947477817535,23.207024242958827,3828448659b718f5459f1726d70a8f2f442050f9c4deabf0a6352277bdaa5a8b
11,original-final,fixed5,124,False,True,True,True,True,True,0,4.753831308335066,9.880449200502895,3828448659b718f5459f1726d70a8f2f442050f9c4deabf0a6352277bdaa5a8b
11,original-final,fixed5,125,False,True,True,True,True,True,0,5.52913174033165,11.401853347555726,3828448659b718f5459f1726d70a8f2f442050f9c4deabf0a6352277bdaa5a8b
11,original-final,fixed5,126,False,True,True,True,True,True,0,4.371384158730507,13.65194903281606,3828448659b718f5459f1726d70a8f2f442050f9c4deabf0a6352277bdaa5a8b
11,original-final,fixed5,127,False,True,True,True,True,True,0,4.466118756681681,13.88630819116483,3828448659b718f5459f1726d70a8f2f442050f9c4deabf0a6352277bdaa5a8b
11,original-final,arrival,0,True,True,True,True,True,True,16,5.325229372829199,8.701729304487944,3828448659b718f5459f1726d70a8f2f442050f9c4deabf0a6352277bdaa5a8b
11,original-final,arrival,1,True,True,True,True,True,True,14,4.56462986767292,8.509330559531502,3828448659b718f5459f1726d70a8f2f442050f9c4deabf0a6352277bdaa5a8b
11,original-final,arrival,2,True,True,True,True,True,True,11,5.368451122194529,7.756723113945198,3828448659b718f5459f1726d70a8f2f442050f9c4deabf0a6352277bdaa5a8b
11,original-final,arrival,3,True,True,True,True,True,True,17,4.489826038479805,9.15001084141516,3828448659b718f5459f1726d70a8f2f442050f9c4deabf0a6352277bdaa5a8b
11,original-final,arrival,4,True,True,True,True,True,True,11,5.30083104968071,8.525266244638788,3828448659b718f5459f1726d70a8f2f442050f9c4deabf0a6352277bdaa5a8b
11,original-final,arrival,5,True,True,False,True,True,True,18,5.0478968769311905,17.195323961945384,3828448659b718f5459f1726d70a8f2f442050f9c4deabf0a6352277bdaa5a8b
11,original-final,arrival,6,False,True,True,True,True,True,1,4.9859387800097466,9.972064235387569,3828448659b718f5459f1726d70a8f2f442050f9c4deabf0a6352277bdaa5a8b
11,original-final,arrival,7,True,True,True,True,True,True,17,4.693458788096905,9.593751156317964,3828448659b718f5459f1726d70a8f2f442050f9c4deabf0a6352277bdaa5a8b
11,original-final,arrival,8,True,True,True,True,True,True,14,4.731169436126947,6.136662433860234,3828448659b718f5459f1726d70a8f2f442050f9c4deabf0a6352277bdaa5a8b
11,original-final,arrival,9,True,True,True,True,True,True,5,4.845112096518278,8.992142971581364,3828448659b718f5459f1726d70a8f2f442050f9c4deabf0a6352277bdaa5a8b
11,original-final,arrival,10,True,True,True,True,True,True,13,5.230866372585297,10.668258587297798,3828448659b718f5459f1726d70a8f2f442050f9c4deabf0a6352277bdaa5a8b
11,original-final,arrival,11,True,True,True,True,True,True,17,4.864098504185677,8.684118515486713,3828448659b718f5459f1726d70a8f2f442050f9c4deabf0a6352277bdaa5a8b
11,original-final,arrival,12,True,True,True,True,True,True,21,4.714835435152054,11.014456116890004,3828448659b718f5459f1726d70a8f2f442050f9c4deabf0a6352277bdaa5a8b
11,original-final,arrival,13,True,True,True,True,True,True,17,4.980188328772783,10.836824240919128,3828448659b718f5459f1726d70a8f2f442050f9c4deabf0a6352277bdaa5a8b
11,original-final,arrival,14,True,True,True,True,True,True,18,4.852708894759417,12.320845908870833,3828448659b718f5459f1726d70a8f2f442050f9c4deabf0a6352277bdaa5a8b
11,original-final,arrival,15,True,True,True,True,True,True,20,4.5802355743944645,9.614605431401305,3828448659b718f5459f1726d70a8f2f442050f9c4deabf0a6352277bdaa5a8b
11,original-final,arrival,16,True,True,True,True,True,True,11,4.962944891303778,8.97531850810833,3828448659b718f5459f1726d70a8f2f442050f9c4deabf0a6352277bdaa5a8b
11,original-final,arrival,17,True,True,True,True,True,True,9,4.704074002802372,12.198530027440597,3828448659b718f5459f1726d70a8f2f442050f9c4deabf0a6352277bdaa5a8b
11,original-final,arrival,18,True,True,True,True,True,True,4,4.9501098692417145,7.888214500751698,3828448659b718f5459f1726d70a8f2f442050f9c4deabf0a6352277bdaa5a8b
11,original-final,arrival,19,True,True,True,True,True,True,17,5.147184710949659,11.318825568005051,3828448659b718f5459f1726d70a8f2f442050f9c4deabf0a6352277bdaa5a8b
11,original-final,arrival,20,True,True,True,True,True,True,4,5.022885277867317,10.580490656463136,3828448659b718f5459f1726d70a8f2f442050f9c4deabf0a6352277bdaa5a8b
11,original-final,arrival,21,True,True,True,True,True,True,10,5.290803965181112,8.45791631055423,3828448659b718f5459f1726d70a8f2f442050f9c4deabf0a6352277bdaa5a8b
11,original-final,arrival,22,True,True,True,True,False,True,15,5.0108241848647594,9.999574529817087,3828448659b718f5459f1726d70a8f2f442050f9c4deabf0a6352277bdaa5a8b
11,original-final,arrival,23,True,True,True,True,True,True,4,4.703118000179529,9.835193220836038,3828448659b718f5459f1726d70a8f2f442050f9c4deabf0a6352277bdaa5a8b
11,original-final,arrival,24,True,True,True,True,True,True,3,5.02595491707325,10.694143296704855,3828448659b718f5459f1726d70a8f2f442050f9c4deabf0a6352277bdaa5a8b
11,original-final,arrival,25,True,True,False,True,True,True,20,5.454404279589653,14.344037587261466,3828448659b718f5459f1726d70a8f2f442050f9c4deabf0a6352277bdaa5a8b
11,original-final,arrival,26,True,True,True,True,True,True,10,5.196919199079275,7.9512520241490385,3828448659b718f5459f1726d70a8f2f442050f9c4deabf0a6352277bdaa5a8b
11,original-final,arrival,27,True,True,True,True,True,True,6,5.051653832197189,10.339525851413317,3828448659b718f5459f1726d70a8f2f442050f9c4deabf0a6352277bdaa5a8b
11,original-final,arrival,28,True,True,True,True,True,True,14,5.270916968584061,12.558320487254775,3828448659b718f5459f1726d70a8f2f442050f9c4deabf0a6352277bdaa5a8b
11,original-final,arrival,29,True,True,True,True,True,True,16,5.096703302115202,13.99565610468215,3828448659b718f5459f1726d70a8f2f442050f9c4deabf0a6352277bdaa5a8b
11,original-final,arrival,30,True,True,True,True,True,True,4,4.835612140595913,6.402754224206061,3828448659b718f5459f1726d70a8f2f442050f9c4deabf0a6352277bdaa5a8b
11,original-final,arrival,31,True,True,True,True,True,True,10,5.509587004780769,8.196869041797282,3828448659b718f5459f1726d70a8f2f442050f9c4deabf0a6352277bdaa5a8b
11,original-final,arrival,32,True,True,True,True,True,True,6,5.566679406911135,10.675326125541469,3828448659b718f5459f1726d70a8f2f442050f9c4deabf0a6352277bdaa5a8b
11,original-final,arrival,33,True,True,True,True,True,True,8,5.214685574173927,9.897805564957544,3828448659b718f5459f1726d70a8f2f442050f9c4deabf0a6352277bdaa5a8b
11,original-final,arrival,34,True,True,True,True,True,True,17,4.2728581465780735,7.5831654458142355,3828448659b718f5459f1726d70a8f2f442050f9c4deabf0a6352277bdaa5a8b
11,original-final,arrival,35,True,True,True,True,True,True,19,4.906321410089731,9.484995761711144,3828448659b718f5459f1726d70a8f2f442050f9c4deabf0a6352277bdaa5a8b
11,original-final,arrival,36,True,True,True,True,True,True,13,5.228456575423479,13.649645551518473,3828448659b718f5459f1726d70a8f2f442050f9c4deabf0a6352277bdaa5a8b
11,original-final,arrival,37,True,True,True,True,True,True,8,5.245208274573088,12.231586435476167,3828448659b718f5459f1726d70a8f2f442050f9c4deabf0a6352277bdaa5a8b
11,original-final,arrival,38,True,True,True,True,True,True,7,4.363838117569685,11.288601127154099,3828448659b718f5459f1726d70a8f2f442050f9c4deabf0a6352277bdaa5a8b
11,original-final,arrival,39,True,True,True,True,True,True,17,5.662049166858196,7.8651019943740215,3828448659b718f5459f1726d70a8f2f442050f9c4deabf0a6352277bdaa5a8b
11,original-final,arrival,40,True,True,True,True,True,True,19,5.095550324767828,13.471759251001014,3828448659b718f5459f1726d70a8f2f442050f9c4deabf0a6352277bdaa5a8b
11,original-final,arrival,41,True,True,True,True,True,True,11,5.707754287868738,10.844740430167173,3828448659b718f5459f1726d70a8f2f442050f9c4deabf0a6352277bdaa5a8b
11,original-final,arrival,42,True,True,True,True,True,True,15,4.743206314742565,11.094697179259313,3828448659b718f5459f1726d70a8f2f442050f9c4deabf0a6352277bdaa5a8b
11,original-final,arrival,43,True,True,True,True,True,True,3,4.230911377817392,10.165311631348386,3828448659b718f5459f1726d70a8f2f442050f9c4deabf0a6352277bdaa5a8b
11,original-final,arrival,44,True,True,True,True,True,True,17,5.052334163337946,9.407553369354247,3828448659b718f5459f1726d70a8f2f442050f9c4deabf0a6352277bdaa5a8b
11,original-final,arrival,45,True,True,True,True,True,True,15,4.985619802027941,9.052188018348591,3828448659b718f5459f1726d70a8f2f442050f9c4deabf0a6352277bdaa5a8b
11,original-final,arrival,46,True,True,True,True,True,True,11,5.346193909645081,10.532687870009507,3828448659b718f5459f1726d70a8f2f442050f9c4deabf0a6352277bdaa5a8b
11,original-final,arrival,47,True,True,True,True,True,True,3,5.0827255472540855,7.325359955592104,3828448659b718f5459f1726d70a8f2f442050f9c4deabf0a6352277bdaa5a8b
11,original-final,arrival,48,True,True,True,True,True,True,17,4.863759037107229,7.12548386104179,3828448659b718f5459f1726d70a8f2f442050f9c4deabf0a6352277bdaa5a8b
11,original-final,arrival,49,True,True,True,True,True,True,7,4.347506444901228,9.378196362527886,3828448659b718f5459f1726d70a8f2f442050f9c4deabf0a6352277bdaa5a8b
11,original-final,arrival,50,True,True,True,True,True,True,18,4.803949035704136,9.831091692239445,3828448659b718f5459f1726d70a8f2f442050f9c4deabf0a6352277bdaa5a8b
11,original-final,arrival,51,False,True,True,True,True,True,1,5.422959104180336,8.71441723464489,3828448659b718f5459f1726d70a8f2f442050f9c4deabf0a6352277bdaa5a8b
11,original-final,arrival,52,True,True,True,True,True,True,3,5.2628773264586926,8.716544838571348,3828448659b718f5459f1726d70a8f2f442050f9c4deabf0a6352277bdaa5a8b
11,original-final,arrival,53,True,True,True,True,True,True,9,5.113610532134771,7.829475727663235,3828448659b718f5459f1726d70a8f2f442050f9c4deabf0a6352277bdaa5a8b
11,original-final,arrival,54,True,True,True,True,True,True,19,5.4907044395804405,10.607401601792985,3828448659b718f5459f1726d70a8f2f442050f9c4deabf0a6352277bdaa5a8b
11,original-final,arrival,55,True,True,True,True,True,True,4,4.677237942814827,7.165302156355671,3828448659b718f5459f1726d70a8f2f442050f9c4deabf0a6352277bdaa5a8b
11,original-final,arrival,56,True,True,True,True,True,True,4,5.924384109675884,8.655294263415612,3828448659b718f5459f1726d70a8f2f442050f9c4deabf0a6352277bdaa5a8b
11,original-final,arrival,57,True,True,True,True,True,True,18,4.238709807395935,7.491342943933523,3828448659b718f5459f1726d70a8f2f442050f9c4deabf0a6352277bdaa5a8b
11,original-final,arrival,58,True,True,True,True,True,True,8,4.260299727320671,8.144344033306238,3828448659b718f5459f1726d70a8f2f442050f9c4deabf0a6352277bdaa5a8b
11,original-final,arrival,59,True,True,True,True,True,True,17,4.8533594235777855,11.69556599601826,3828448659b718f5459f1726d70a8f2f442050f9c4deabf0a6352277bdaa5a8b
11,original-final,arrival,60,False,True,False,True,False,True,1,4.998140502721071,17.183854366781638,3828448659b718f5459f1726d70a8f2f442050f9c4deabf0a6352277bdaa5a8b
11,original-final,arrival,61,True,True,True,True,True,True,3,5.568529013544321,10.147337134773851,3828448659b718f5459f1726d70a8f2f442050f9c4deabf0a6352277bdaa5a8b
11,original-final,arrival,62,False,True,True,True,True,True,2,5.37688797339797,11.512913931007425,3828448659b718f5459f1726d70a8f2f442050f9c4deabf0a6352277bdaa5a8b
11,original-final,arrival,63,True,True,True,True,True,True,10,4.856318701058626,7.13006307599346,3828448659b718f5459f1726d70a8f2f442050f9c4deabf0a6352277bdaa5a8b
11,original-final,arrival,64,True,True,True,True,True,True,6,4.962058272212744,10.291077612083123,3828448659b718f5459f1726d70a8f2f442050f9c4deabf0a6352277bdaa5a8b
11,original-final,arrival,65,True,True,True,True,True,True,3,5.019696429371834,8.179074691462107,3828448659b718f5459f1726d70a8f2f442050f9c4deabf0a6352277bdaa5a8b
11,original-final,arrival,66,True,True,True,True,True,True,17,5.047804210335016,10.227272546177803,3828448659b718f5459f1726d70a8f2f442050f9c4deabf0a6352277bdaa5a8b
11,original-final,arrival,67,True,True,False,True,True,True,19,5.589778069406748,15.099891934024464,3828448659b718f5459f1726d70a8f2f442050f9c4deabf0a6352277bdaa5a8b
11,original-final,arrival,68,True,True,True,True,True,True,17,4.730192478746176,13.556036955169802,3828448659b718f5459f1726d70a8f2f442050f9c4deabf0a6352277bdaa5a8b
11,original-final,arrival,69,True,True,True,True,True,True,4,4.656474106013775,10.650259331287522,3828448659b718f5459f1726d70a8f2f442050f9c4deabf0a6352277bdaa5a8b
11,original-final,arrival,70,True,True,True,True,True,True,13,5.834545940160751,13.264614127626514,3828448659b718f5459f1726d70a8f2f442050f9c4deabf0a6352277bdaa5a8b
11,original-final,arrival,71,False,True,True,True,True,True,2,4.5656175352633,8.248751158732698,3828448659b718f5459f1726d70a8f2f442050f9c4deabf0a6352277bdaa5a8b
11,original-final,arrival,72,True,True,True,True,True,True,15,4.687630105763674,8.829756077837956,3828448659b718f5459f1726d70a8f2f442050f9c4deabf0a6352277bdaa5a8b
11,original-final,arrival,73,True,True,True,True,True,True,7,4.810167010873556,7.0475070063823395,3828448659b718f5459f1726d70a8f2f442050f9c4deabf0a6352277bdaa5a8b
11,original-final,arrival,74,True,True,True,True,True,True,17,5.25270402431488,9.560001484081639,3828448659b718f5459f1726d70a8f2f442050f9c4deabf0a6352277bdaa5a8b
11,original-final,arrival,75,True,True,True,True,True,True,14,5.006090737879276,9.465352137658186,3828448659b718f5459f1726d70a8f2f442050f9c4deabf0a6352277bdaa5a8b
11,original-final,arrival,76,True,True,True,True,True,True,15,5.259702447801828,8.515122559947672,3828448659b718f5459f1726d70a8f2f442050f9c4deabf0a6352277bdaa5a8b
11,original-final,arrival,77,True,True,True,True,True,True,13,4.677838645875454,7.797617164053357,3828448659b718f5459f1726d70a8f2f442050f9c4deabf0a6352277bdaa5a8b
11,original-final,arrival,78,True,True,True,True,True,True,19,5.287322215735912,8.937744783710443,3828448659b718f5459f1726d70a8f2f442050f9c4deabf0a6352277bdaa5a8b
11,original-final,arrival,79,True,True,True,True,True,True,8,5.103937815874815,9.129749939015964,3828448659b718f5459f1726d70a8f2f442050f9c4deabf0a6352277bdaa5a8b
11,original-final,arrival,80,False,True,True,True,True,True,2,4.531282465904951,13.189074796727112,3828448659b718f5459f1726d70a8f2f442050f9c4deabf0a6352277bdaa5a8b
11,original-final,arrival,81,True,True,True,True,True,True,22,5.107743665575981,12.487709991615183,3828448659b718f5459f1726d70a8f2f442050f9c4deabf0a6352277bdaa5a8b
11,original-final,arrival,82,False,True,True,True,True,True,1,4.8424964770674706,8.123638314837345,3828448659b718f5459f1726d70a8f2f442050f9c4deabf0a6352277bdaa5a8b
11,original-final,arrival,83,False,True,True,True,True,True,1,4.723987076431513,8.443923814265814,3828448659b718f5459f1726d70a8f2f442050f9c4deabf0a6352277bdaa5a8b
11,original-final,arrival,84,True,True,True,True,True,True,21,6.289945915341377,9.308079348055827,3828448659b718f5459f1726d70a8f2f442050f9c4deabf0a6352277bdaa5a8b
11,original-final,arrival,85,True,True,True,True,True,True,17,5.349490791559219,9.971626249507041,3828448659b718f5459f1726d70a8f2f442050f9c4deabf0a6352277bdaa5a8b
11,original-final,arrival,86,True,True,True,True,True,True,15,4.7698114067316055,8.441016715000327,3828448659b718f5459f1726d70a8f2f442050f9c4deabf0a6352277bdaa5a8b
11,original-final,arrival,87,True,True,True,True,True,True,7,4.227255471050739,9.100481724648812,3828448659b718f5459f1726d70a8f2f442050f9c4deabf0a6352277bdaa5a8b
11,original-final,arrival,88,True,True,True,True,True,True,8,5.308836232870817,10.228702617035275,3828448659b718f5459f1726d70a8f2f442050f9c4deabf0a6352277bdaa5a8b
11,original-final,arrival,89,True,True,True,True,True,True,11,4.824894946068525,10.889748815476619,3828448659b718f5459f1726d70a8f2f442050f9c4deabf0a6352277bdaa5a8b
11,original-final,arrival,90,True,True,True,True,True,True,5,6.3834902830421925,11.355811042360669,3828448659b718f5459f1726d70a8f2f442050f9c4deabf0a6352277bdaa5a8b
11,original-final,arrival,91,False,True,True,True,True,True,1,4.026719834655523,12.69461435082144,3828448659b718f5459f1726d70a8f2f442050f9c4deabf0a6352277bdaa5a8b
11,original-final,arrival,92,False,True,True,True,True,True,1,3.854613984003663,7.707993129311742,3828448659b718f5459f1726d70a8f2f442050f9c4deabf0a6352277bdaa5a8b
11,original-final,arrival,93,True,True,True,True,True,True,16,5.358448717743158,10.543434318894876,3828448659b718f5459f1726d70a8f2f442050f9c4deabf0a6352277bdaa5a8b
11,original-final,arrival,94,True,True,True,True,True,True,20,5.394923035055399,8.84013455028179,3828448659b718f5459f1726d70a8f2f442050f9c4deabf0a6352277bdaa5a8b
11,original-final,arrival,95,True,True,True,True,True,True,16,4.911681171506643,12.499371685849333,3828448659b718f5459f1726d70a8f2f442050f9c4deabf0a6352277bdaa5a8b
11,original-final,arrival,96,True,True,True,True,True,True,3,4.660788457840681,7.703290544068189,3828448659b718f5459f1726d70a8f2f442050f9c4deabf0a6352277bdaa5a8b
11,original-final,arrival,97,True,True,True,True,True,True,16,5.510813556611538,10.83846604764087,3828448659b718f5459f1726d70a8f2f442050f9c4deabf0a6352277bdaa5a8b
11,original-final,arrival,98,True,True,True,True,True,True,3,4.886170383542776,8.177690724381533,3828448659b718f5459f1726d70a8f2f442050f9c4deabf0a6352277bdaa5a8b
11,original-final,arrival,99,True,True,True,True,True,True,17,4.219662398099899,9.692804267208782,3828448659b718f5459f1726d70a8f2f442050f9c4deabf0a6352277bdaa5a8b
11,original-final,arrival,100,True,True,True,True,True,True,12,4.945267457515001,7.952474628010471,3828448659b718f5459f1726d70a8f2f442050f9c4deabf0a6352277bdaa5a8b
11,original-final,arrival,101,True,True,True,True,True,True,16,5.684267729520798,12.626633478012304,3828448659b718f5459f1726d70a8f2f442050f9c4deabf0a6352277bdaa5a8b
11,original-final,arrival,102,True,True,True,True,True,True,16,4.640534520149231,8.071267839376272,3828448659b718f5459f1726d70a8f2f442050f9c4deabf0a6352277bdaa5a8b
11,original-final,arrival,103,True,True,True,True,True,True,17,4.735307302325964,8.834965804627384,3828448659b718f5459f1726d70a8f2f442050f9c4deabf0a6352277bdaa5a8b
11,original-final,arrival,104,False,True,True,True,True,True,2,4.845497198402882,8.982517527493522,3828448659b718f5459f1726d70a8f2f442050f9c4deabf0a6352277bdaa5a8b
11,original-final,arrival,105,True,True,True,True,True,True,10,5.509665701538324,7.643540049208917,3828448659b718f5459f1726d70a8f2f442050f9c4deabf0a6352277bdaa5a8b
11,original-final,arrival,106,True,True,True,True,True,True,11,5.071516614407301,11.62084372649832,3828448659b718f5459f1726d70a8f2f442050f9c4deabf0a6352277bdaa5a8b
11,original-final,arrival,107,True,True,True,True,True,True,5,4.957777913659811,8.839388352114966,3828448659b718f5459f1726d70a8f2f442050f9c4deabf0a6352277bdaa5a8b
11,original-final,arrival,108,True,True,True,True,True,True,14,5.541385617107153,11.39583680467059,3828448659b718f5459f1726d70a8f2f442050f9c4deabf0a6352277bdaa5a8b
11,original-final,arrival,109,True,True,True,True,True,True,8,5.575752817094326,7.224373901166173,3828448659b718f5459f1726d70a8f2f442050f9c4deabf0a6352277bdaa5a8b
11,original-final,arrival,110,False,True,True,True,True,True,1,4.1432976722717285,8.22521774194742,3828448659b718f5459f1726d70a8f2f442050f9c4deabf0a6352277bdaa5a8b
11,original-final,arrival,111,True,True,True,True,True,True,12,3.937449771910906,9.144036987212338,3828448659b718f5459f1726d70a8f2f442050f9c4deabf0a6352277bdaa5a8b
11,original-final,arrival,112,True,True,True,True,True,True,15,4.957114811986685,11.053809959340324,3828448659b718f5459f1726d70a8f2f442050f9c4deabf0a6352277bdaa5a8b
11,original-final,arrival,113,True,True,True,True,True,True,16,4.542164970189333,9.096422884734533,3828448659b718f5459f1726d70a8f2f442050f9c4deabf0a6352277bdaa5a8b
11,original-final,arrival,114,True,True,True,True,True,True,15,4.825531970709562,10.217926286072286,3828448659b718f5459f1726d70a8f2f442050f9c4deabf0a6352277bdaa5a8b
11,original-final,arrival,115,True,True,True,True,True,True,11,4.323654342442751,9.972433919376396,3828448659b718f5459f1726d70a8f2f442050f9c4deabf0a6352277bdaa5a8b
11,original-final,arrival,116,True,True,True,True,True,True,17,4.4091870076954365,6.954597650649948,3828448659b718f5459f1726d70a8f2f442050f9c4deabf0a6352277bdaa5a8b
11,original-final,arrival,117,True,True,True,True,True,True,15,5.748199298977852,8.741862642277294,3828448659b718f5459f1726d70a8f2f442050f9c4deabf0a6352277bdaa5a8b
11,original-final,arrival,118,True,True,True,True,True,True,17,4.7106933780014515,7.8424667474645995,3828448659b718f5459f1726d70a8f2f442050f9c4deabf0a6352277bdaa5a8b
11,original-final,arrival,119,True,True,True,True,True,True,9,5.6014456786215305,9.110769697086145,3828448659b718f5459f1726d70a8f2f442050f9c4deabf0a6352277bdaa5a8b
11,original-final,arrival,120,True,True,True,True,True,True,12,4.916434176266193,6.838567250803417,3828448659b718f5459f1726d70a8f2f442050f9c4deabf0a6352277bdaa5a8b
11,original-final,arrival,121,False,True,True,True,True,True,2,5.159781314432621,8.863171924578598,3828448659b718f5459f1726d70a8f2f442050f9c4deabf0a6352277bdaa5a8b
11,original-final,arrival,122,True,True,True,True,True,True,16,5.208052229136229,9.656440340067633,3828448659b718f5459f1726d70a8f2f442050f9c4deabf0a6352277bdaa5a8b
11,original-final,arrival,123,True,True,True,True,True,True,4,5.978025496006012,10.11839250061863,3828448659b718f5459f1726d70a8f2f442050f9c4deabf0a6352277bdaa5a8b
11,original-final,arrival,124,False,True,True,True,True,True,2,4.753831308335066,10.316043661046812,3828448659b718f5459f1726d70a8f2f442050f9c4deabf0a6352277bdaa5a8b
11,original-final,arrival,125,True,True,True,True,True,True,5,5.09779853746295,6.556141063057506,3828448659b718f5459f1726d70a8f2f442050f9c4deabf0a6352277bdaa5a8b
11,original-final,arrival,126,True,True,True,True,True,True,16,4.583490081131458,10.11322204741693,3828448659b718f5459f1726d70a8f2f442050f9c4deabf0a6352277bdaa5a8b
11,original-final,arrival,127,True,True,True,True,True,True,16,4.171112086623907,10.089389809855463,3828448659b718f5459f1726d70a8f2f442050f9c4deabf0a6352277bdaa5a8b
11,original-selected,fixed2,0,False,True,True,True,True,True,0,4.950156435370445,11.742995683388475,3828448659b718f5459f1726d70a8f2f442050f9c4deabf0a6352277bdaa5a8b
11,original-selected,fixed2,1,False,True,True,True,True,True,0,4.453374072909355,8.917115904869712,3828448659b718f5459f1726d70a8f2f442050f9c4deabf0a6352277bdaa5a8b
11,original-selected,fixed2,2,False,True,True,True,True,True,0,5.671150051057339,8.710523173044336,3828448659b718f5459f1726d70a8f2f442050f9c4deabf0a6352277bdaa5a8b
11,original-selected,fixed2,3,False,True,False,True,True,True,0,4.489826038479805,14.452989349806924,3828448659b718f5459f1726d70a8f2f442050f9c4deabf0a6352277bdaa5a8b
11,original-selected,fixed2,4,False,True,True,True,True,True,0,5.540349520742893,9.663598378317808,3828448659b718f5459f1726d70a8f2f442050f9c4deabf0a6352277bdaa5a8b
11,original-selected,fixed2,5,False,True,True,True,True,True,0,4.756114911288023,9.011181270119128,3828448659b718f5459f1726d70a8f2f442050f9c4deabf0a6352277bdaa5a8b
11,original-selected,fixed2,6,False,True,True,True,True,True,0,5.130359437316656,10.3747201086591,3828448659b718f5459f1726d70a8f2f442050f9c4deabf0a6352277bdaa5a8b
11,original-selected,fixed2,7,False,True,True,True,True,True,0,5.389873404055834,9.715606853752869,3828448659b718f5459f1726d70a8f2f442050f9c4deabf0a6352277bdaa5a8b
11,original-selected,fixed2,8,False,True,True,True,True,True,0,4.953810945153236,13.569244833477315,3828448659b718f5459f1726d70a8f2f442050f9c4deabf0a6352277bdaa5a8b
11,original-selected,fixed2,9,False,True,True,True,True,True,0,4.845112096518278,10.454251685128375,3828448659b718f5459f1726d70a8f2f442050f9c4deabf0a6352277bdaa5a8b
11,original-selected,fixed2,10,False,True,True,True,True,True,0,5.552621092647314,11.481536895734033,3828448659b718f5459f1726d70a8f2f442050f9c4deabf0a6352277bdaa5a8b
11,original-selected,fixed2,11,False,True,True,True,True,True,0,5.32738771289587,11.478097041713285,3828448659b718f5459f1726d70a8f2f442050f9c4deabf0a6352277bdaa5a8b
11,original-selected,fixed2,12,False,True,True,True,True,True,0,5.091663915663958,13.58853328769343,3828448659b718f5459f1726d70a8f2f442050f9c4deabf0a6352277bdaa5a8b
11,original-selected,fixed2,13,False,True,True,True,True,True,0,4.728841595351696,11.792093644463465,3828448659b718f5459f1726d70a8f2f442050f9c4deabf0a6352277bdaa5a8b
11,original-selected,fixed2,14,False,True,True,True,True,True,0,5.683158989995718,11.002165191478566,3828448659b718f5459f1726d70a8f2f442050f9c4deabf0a6352277bdaa5a8b
11,original-selected,fixed2,15,False,True,True,True,True,True,0,4.347256384789944,9.61372262945108,3828448659b718f5459f1726d70a8f2f442050f9c4deabf0a6352277bdaa5a8b
11,original-selected,fixed2,16,False,True,False,True,True,True,0,4.817306529730558,16.729969513414076,3828448659b718f5459f1726d70a8f2f442050f9c4deabf0a6352277bdaa5a8b
11,original-selected,fixed2,17,False,True,True,True,True,True,0,4.704074002802372,9.791005312000639,3828448659b718f5459f1726d70a8f2f442050f9c4deabf0a6352277bdaa5a8b
11,original-selected,fixed2,18,False,True,True,True,True,True,0,5.638644564896822,11.29656342017904,3828448659b718f5459f1726d70a8f2f442050f9c4deabf0a6352277bdaa5a8b
11,original-selected,fixed2,19,False,True,True,True,True,True,0,4.71082329750061,10.78231420870055,3828448659b718f5459f1726d70a8f2f442050f9c4deabf0a6352277bdaa5a8b
11,original-selected,fixed2,20,False,True,True,True,True,True,0,5.5006761103868484,10.640710726827844,3828448659b718f5459f1726d70a8f2f442050f9c4deabf0a6352277bdaa5a8b
11,original-selected,fixed2,21,False,True,True,True,True,True,0,5.069326609373093,10.491674291590874,3828448659b718f5459f1726d70a8f2f442050f9c4deabf0a6352277bdaa5a8b
11,original-selected,fixed2,22,False,True,True,True,False,True,0,5.0108241848647594,10.350400366345623,3828448659b718f5459f1726d70a8f2f442050f9c4deabf0a6352277bdaa5a8b
11,original-selected,fixed2,23,False,True,True,True,True,True,0,4.655222874134779,9.8412490373089,3828448659b718f5459f1726d70a8f2f442050f9c4deabf0a6352277bdaa5a8b
11,original-selected,fixed2,24,False,True,True,True,True,True,0,5.02595491707325,12.18486111136411,3828448659b718f5459f1726d70a8f2f442050f9c4deabf0a6352277bdaa5a8b
11,original-selected,fixed2,25,False,True,True,True,True,True,0,5.079696420580149,11.011924678028867,3828448659b718f5459f1726d70a8f2f442050f9c4deabf0a6352277bdaa5a8b
11,original-selected,fixed2,26,False,True,True,True,True,True,0,5.2730608731508255,8.719939442588846,3828448659b718f5459f1726d70a8f2f442050f9c4deabf0a6352277bdaa5a8b
11,original-selected,fixed2,27,False,True,True,True,True,True,0,4.934659227728844,9.803918638400194,3828448659b718f5459f1726d70a8f2f442050f9c4deabf0a6352277bdaa5a8b
11,original-selected,fixed2,28,False,True,True,True,True,True,0,5.399166140705347,12.619477147309423,3828448659b718f5459f1726d70a8f2f442050f9c4deabf0a6352277bdaa5a8b
11,original-selected,fixed2,29,False,True,True,True,True,True,0,4.813625477254391,10.926525969062553,3828448659b718f5459f1726d70a8f2f442050f9c4deabf0a6352277bdaa5a8b
11,original-selected,fixed2,30,False,True,True,True,True,False,0,4.835612140595913,9.283409558547387,3828448659b718f5459f1726d70a8f2f442050f9c4deabf0a6352277bdaa5a8b
11,original-selected,fixed2,31,False,True,True,True,True,True,0,5.577553994953632,10.69175016917441,3828448659b718f5459f1726d70a8f2f442050f9c4deabf0a6352277bdaa5a8b
11,original-selected,fixed2,32,False,True,True,True,True,True,0,5.028686951845884,13.185949131408185,3828448659b718f5459f1726d70a8f2f442050f9c4deabf0a6352277bdaa5a8b
11,original-selected,fixed2,33,False,True,True,True,True,True,0,5.214685574173927,8.844286451523512,3828448659b718f5459f1726d70a8f2f442050f9c4deabf0a6352277bdaa5a8b
11,original-selected,fixed2,34,False,True,True,True,True,True,0,4.234810825437307,8.81981302995371,3828448659b718f5459f1726d70a8f2f442050f9c4deabf0a6352277bdaa5a8b
11,original-selected,fixed2,35,False,True,True,True,True,True,0,5.090819671750069,10.379798354307004,3828448659b718f5459f1726d70a8f2f442050f9c4deabf0a6352277bdaa5a8b
11,original-selected,fixed2,36,False,True,True,True,True,True,0,5.8155301958322525,10.457344907048743,3828448659b718f5459f1726d70a8f2f442050f9c4deabf0a6352277bdaa5a8b
11,original-selected,fixed2,37,False,True,True,True,True,True,0,5.245208274573088,11.217142834283779,3828448659b718f5459f1726d70a8f2f442050f9c4deabf0a6352277bdaa5a8b
11,original-selected,fixed2,38,False,True,True,True,True,True,0,4.793478175997734,8.461019777758356,3828448659b718f5459f1726d70a8f2f442050f9c4deabf0a6352277bdaa5a8b
11,original-selected,fixed2,39,False,True,True,True,True,True,0,5.400059279054403,9.754509049944323,3828448659b718f5459f1726d70a8f2f442050f9c4deabf0a6352277bdaa5a8b
11,original-selected,fixed2,40,False,True,True,True,True,True,0,4.7576092183589935,13.399003222188393,3828448659b718f5459f1726d70a8f2f442050f9c4deabf0a6352277bdaa5a8b
11,original-selected,fixed2,41,False,True,True,True,True,True,0,5.289152264595032,10.00132561956555,3828448659b718f5459f1726d70a8f2f442050f9c4deabf0a6352277bdaa5a8b
11,original-selected,fixed2,42,False,True,True,True,True,True,0,4.743206314742565,11.191779780574581,3828448659b718f5459f1726d70a8f2f442050f9c4deabf0a6352277bdaa5a8b
11,original-selected,fixed2,43,False,True,True,True,True,True,0,5.167939234524965,11.81520871216208,3828448659b718f5459f1726d70a8f2f442050f9c4deabf0a6352277bdaa5a8b
11,original-selected,fixed2,44,False,True,True,True,True,True,0,5.769794341176748,12.345500330453639,3828448659b718f5459f1726d70a8f2f442050f9c4deabf0a6352277bdaa5a8b
11,original-selected,fixed2,45,False,True,True,True,True,True,0,4.985619802027941,11.051208511040196,3828448659b718f5459f1726d70a8f2f442050f9c4deabf0a6352277bdaa5a8b
11,original-selected,fixed2,46,False,True,True,True,True,True,0,4.9309139139950275,12.042161384129619,3828448659b718f5459f1726d70a8f2f442050f9c4deabf0a6352277bdaa5a8b
11,original-selected,fixed2,47,False,True,True,True,True,True,0,5.154510494321585,9.990280349903992,3828448659b718f5459f1726d70a8f2f442050f9c4deabf0a6352277bdaa5a8b
11,original-selected,fixed2,48,False,True,True,True,True,True,0,4.79333009570837,8.343586627811034,3828448659b718f5459f1726d70a8f2f442050f9c4deabf0a6352277bdaa5a8b
11,original-selected,fixed2,49,False,True,True,True,True,True,0,4.126604646444321,10.86571423356099,3828448659b718f5459f1726d70a8f2f442050f9c4deabf0a6352277bdaa5a8b
11,original-selected,fixed2,50,False,True,True,True,True,True,0,4.906997550278902,9.909027565763875,3828448659b718f5459f1726d70a8f2f442050f9c4deabf0a6352277bdaa5a8b
11,original-selected,fixed2,51,False,True,True,True,True,True,0,5.422959104180336,11.322139063526153,3828448659b718f5459f1726d70a8f2f442050f9c4deabf0a6352277bdaa5a8b
11,original-selected,fixed2,52,False,True,True,True,True,False,0,4.797286354005337,8.811002085924393,3828448659b718f5459f1726d70a8f2f442050f9c4deabf0a6352277bdaa5a8b
11,original-selected,fixed2,53,False,True,True,True,True,True,0,5.113610532134771,10.910605651880898,3828448659b718f5459f1726d70a8f2f442050f9c4deabf0a6352277bdaa5a8b
11,original-selected,fixed2,54,False,True,True,True,True,True,0,5.357761401683092,9.060075179292664,3828448659b718f5459f1726d70a8f2f442050f9c4deabf0a6352277bdaa5a8b
11,original-selected,fixed2,55,False,True,True,True,True,True,0,5.3015523590147495,11.838055694935774,3828448659b718f5459f1726d70a8f2f442050f9c4deabf0a6352277bdaa5a8b
11,original-selected,fixed2,56,False,True,True,True,True,True,0,5.22953923791647,10.282950540744455,3828448659b718f5459f1726d70a8f2f442050f9c4deabf0a6352277bdaa5a8b
11,original-selected,fixed2,57,False,True,True,True,True,True,0,4.352864809334278,8.697549228715896,3828448659b718f5459f1726d70a8f2f442050f9c4deabf0a6352277bdaa5a8b
11,original-selected,fixed2,58,False,True,True,True,True,True,0,3.944567870348692,9.823832054925367,3828448659b718f5459f1726d70a8f2f442050f9c4deabf0a6352277bdaa5a8b
11,original-selected,fixed2,59,False,True,True,True,True,True,0,4.194085486233234,10.249417727014277,3828448659b718f5459f1726d70a8f2f442050f9c4deabf0a6352277bdaa5a8b
11,original-selected,fixed2,60,False,True,False,True,False,True,0,4.998140502721071,17.183854366781638,3828448659b718f5459f1726d70a8f2f442050f9c4deabf0a6352277bdaa5a8b
11,original-selected,fixed2,61,False,True,True,True,True,True,0,5.568529013544321,9.502415305415614,3828448659b718f5459f1726d70a8f2f442050f9c4deabf0a6352277bdaa5a8b
11,original-selected,fixed2,62,False,True,True,True,True,True,0,5.683362949639559,13.427047978920465,3828448659b718f5459f1726d70a8f2f442050f9c4deabf0a6352277bdaa5a8b
11,original-selected,fixed2,63,False,True,True,True,True,True,0,5.4101161658763885,9.395330745834508,3828448659b718f5459f1726d70a8f2f442050f9c4deabf0a6352277bdaa5a8b
11,original-selected,fixed2,64,False,True,True,True,True,True,0,4.75538382306695,7.39654589466927,3828448659b718f5459f1726d70a8f2f442050f9c4deabf0a6352277bdaa5a8b
11,original-selected,fixed2,65,False,True,True,True,True,True,0,4.963445011526346,8.699100535431135,3828448659b718f5459f1726d70a8f2f442050f9c4deabf0a6352277bdaa5a8b
11,original-selected,fixed2,66,False,True,True,True,True,True,0,5.125809460878372,12.188825182403656,3828448659b718f5459f1726d70a8f2f442050f9c4deabf0a6352277bdaa5a8b
11,original-selected,fixed2,67,False,True,True,True,True,True,0,5.711756646633148,9.966391763281873,3828448659b718f5459f1726d70a8f2f442050f9c4deabf0a6352277bdaa5a8b
11,original-selected,fixed2,68,False,True,True,True,True,True,0,4.645832348614931,8.017772944023086,3828448659b718f5459f1726d70a8f2f442050f9c4deabf0a6352277bdaa5a8b
11,original-selected,fixed2,69,False,True,True,True,True,True,0,4.532232414931059,10.206419124868107,3828448659b718f5459f1726d70a8f2f442050f9c4deabf0a6352277bdaa5a8b
11,original-selected,fixed2,70,False,True,True,True,True,True,0,5.396949127316475,9.411016275263442,3828448659b718f5459f1726d70a8f2f442050f9c4deabf0a6352277bdaa5a8b
11,original-selected,fixed2,71,False,True,True,True,True,True,0,4.5656175352633,8.729460726291842,3828448659b718f5459f1726d70a8f2f442050f9c4deabf0a6352277bdaa5a8b
11,original-selected,fixed2,72,False,True,True,True,True,True,0,5.587905645370483,10.18441140158868,3828448659b718f5459f1726d70a8f2f442050f9c4deabf0a6352277bdaa5a8b
11,original-selected,fixed2,73,False,True,True,True,True,True,0,4.877286031842232,7.685193957862239,3828448659b718f5459f1726d70a8f2f442050f9c4deabf0a6352277bdaa5a8b
11,original-selected,fixed2,74,False,True,True,True,True,True,0,5.059699062258005,9.186108391178678,3828448659b718f5459f1726d70a8f2f442050f9c4deabf0a6352277bdaa5a8b
11,original-selected,fixed2,75,False,True,True,True,True,True,0,4.721330013126135,9.9398846528867,3828448659b718f5459f1726d70a8f2f442050f9c4deabf0a6352277bdaa5a8b
11,original-selected,fixed2,76,False,True,True,True,True,True,0,5.734595935791731,9.54543098303471,3828448659b718f5459f1726d70a8f2f442050f9c4deabf0a6352277bdaa5a8b
11,original-selected,fixed2,77,False,True,True,True,True,True,0,5.643673241138458,10.275509049643725,3828448659b718f5459f1726d70a8f2f442050f9c4deabf0a6352277bdaa5a8b
11,original-selected,fixed2,78,False,True,True,True,True,True,0,5.242047365754843,11.483119792074184,3828448659b718f5459f1726d70a8f2f442050f9c4deabf0a6352277bdaa5a8b
11,original-selected,fixed2,79,False,True,True,True,True,True,0,5.103937815874815,10.84273918474036,3828448659b718f5459f1726d70a8f2f442050f9c4deabf0a6352277bdaa5a8b
11,original-selected,fixed2,80,False,True,True,True,True,True,0,4.7848280519247055,9.330301368520463,3828448659b718f5459f1726d70a8f2f442050f9c4deabf0a6352277bdaa5a8b
11,original-selected,fixed2,81,False,True,True,True,True,True,0,4.753816872835159,10.412216139655177,3828448659b718f5459f1726d70a8f2f442050f9c4deabf0a6352277bdaa5a8b
11,original-selected,fixed2,82,False,True,True,True,True,True,0,4.385360516607761,11.747733273351525,3828448659b718f5459f1726d70a8f2f442050f9c4deabf0a6352277bdaa5a8b
11,original-selected,fixed2,83,False,True,True,True,True,True,0,4.723987076431513,11.162562792626206,3828448659b718f5459f1726d70a8f2f442050f9c4deabf0a6352277bdaa5a8b
11,original-selected,fixed2,84,False,True,True,True,True,True,0,5.862255580723286,11.962707501062152,3828448659b718f5459f1726d70a8f2f442050f9c4deabf0a6352277bdaa5a8b
11,original-selected,fixed2,85,False,True,True,True,True,True,0,4.954684525728226,10.772578627812342,3828448659b718f5459f1726d70a8f2f442050f9c4deabf0a6352277bdaa5a8b
11,original-selected,fixed2,86,False,True,True,True,True,True,0,4.46330476552248,11.164285707844343,3828448659b718f5459f1726d70a8f2f442050f9c4deabf0a6352277bdaa5a8b
11,original-selected,fixed2,87,False,True,True,True,True,True,0,4.429112188518047,8.591020475778501,3828448659b718f5459f1726d70a8f2f442050f9c4deabf0a6352277bdaa5a8b
11,original-selected,fixed2,88,False,True,False,True,True,True,0,5.561070516705513,14.39009867547674,3828448659b718f5459f1726d70a8f2f442050f9c4deabf0a6352277bdaa5a8b
11,original-selected,fixed2,89,False,True,True,True,True,True,0,4.300764296203852,7.806106235418037,3828448659b718f5459f1726d70a8f2f442050f9c4deabf0a6352277bdaa5a8b
11,original-selected,fixed2,90,False,True,True,True,True,True,0,6.27770833671093,13.033495894038916,3828448659b718f5459f1726d70a8f2f442050f9c4deabf0a6352277bdaa5a8b
11,original-selected,fixed2,91,False,True,True,True,True,True,0,4.639849532395601,12.923088447426599,3828448659b718f5459f1726d70a8f2f442050f9c4deabf0a6352277bdaa5a8b
11,original-selected,fixed2,92,False,True,True,True,True,True,0,4.305865149945021,9.181195777618147,3828448659b718f5459f1726d70a8f2f442050f9c4deabf0a6352277bdaa5a8b
11,original-selected,fixed2,93,False,True,True,True,True,True,0,5.358448717743158,8.980467616968873,3828448659b718f5459f1726d70a8f2f442050f9c4deabf0a6352277bdaa5a8b
11,original-selected,fixed2,94,False,True,True,True,True,True,0,5.202074535191059,8.486394784298598,3828448659b718f5459f1726d70a8f2f442050f9c4deabf0a6352277bdaa5a8b
11,original-selected,fixed2,95,False,True,True,True,True,True,0,5.413116421550512,10.455524661634936,3828448659b718f5459f1726d70a8f2f442050f9c4deabf0a6352277bdaa5a8b
11,original-selected,fixed2,96,False,True,True,True,True,True,0,4.660788457840681,10.056896038652773,3828448659b718f5459f1726d70a8f2f442050f9c4deabf0a6352277bdaa5a8b
11,original-selected,fixed2,97,False,True,True,True,True,True,0,5.864088889211416,9.00355024126893,3828448659b718f5459f1726d70a8f2f442050f9c4deabf0a6352277bdaa5a8b
11,original-selected,fixed2,98,False,True,True,True,True,True,0,5.055196583271027,9.890761078602322,3828448659b718f5459f1726d70a8f2f442050f9c4deabf0a6352277bdaa5a8b
11,original-selected,fixed2,99,False,True,True,True,True,True,0,4.652830306440592,10.206892969241776,3828448659b718f5459f1726d70a8f2f442050f9c4deabf0a6352277bdaa5a8b
11,original-selected,fixed2,100,False,True,True,True,True,True,0,5.236358847469091,8.81806364775254,3828448659b718f5459f1726d70a8f2f442050f9c4deabf0a6352277bdaa5a8b
11,original-selected,fixed2,101,False,True,True,True,True,True,0,5.082782823592424,11.717884492904924,3828448659b718f5459f1726d70a8f2f442050f9c4deabf0a6352277bdaa5a8b
11,original-selected,fixed2,102,False,True,True,True,True,True,0,4.640534520149231,10.502718707478785,3828448659b718f5459f1726d70a8f2f442050f9c4deabf0a6352277bdaa5a8b
11,original-selected,fixed2,103,False,True,True,True,True,True,0,5.8651152066886425,12.754215435292618,3828448659b718f5459f1726d70a8f2f442050f9c4deabf0a6352277bdaa5a8b
11,original-selected,fixed2,104,False,True,True,True,True,True,0,4.961330909281969,10.336272120047452,3828448659b718f5459f1726d70a8f2f442050f9c4deabf0a6352277bdaa5a8b
11,original-selected,fixed2,105,False,True,True,True,True,True,0,5.617717280983925,8.744365052834457,3828448659b718f5459f1726d70a8f2f442050f9c4deabf0a6352277bdaa5a8b
11,original-selected,fixed2,106,False,True,True,True,True,True,0,5.700013134628534,11.477522452049358,3828448659b718f5459f1726d70a8f2f442050f9c4deabf0a6352277bdaa5a8b
11,original-selected,fixed2,107,False,True,True,True,True,True,0,5.302531644701958,8.456978013317,3828448659b718f5459f1726d70a8f2f442050f9c4deabf0a6352277bdaa5a8b
11,original-selected,fixed2,108,False,True,True,True,True,True,0,5.541385617107153,10.17409781594196,3828448659b718f5459f1726d70a8f2f442050f9c4deabf0a6352277bdaa5a8b
11,original-selected,fixed2,109,False,True,True,True,True,True,0,5.345639772713184,8.047841144296774,3828448659b718f5459f1726d70a8f2f442050f9c4deabf0a6352277bdaa5a8b
11,original-selected,fixed2,110,False,True,True,True,True,True,0,4.9223219975829124,11.836319973112944,3828448659b718f5459f1726d70a8f2f442050f9c4deabf0a6352277bdaa5a8b
11,original-selected,fixed2,111,False,True,True,True,True,True,0,3.937449771910906,12.037521124362241,3828448659b718f5459f1726d70a8f2f442050f9c4deabf0a6352277bdaa5a8b
11,original-selected,fixed2,112,False,True,True,True,True,True,0,4.573794547468424,11.744934603339113,3828448659b718f5459f1726d70a8f2f442050f9c4deabf0a6352277bdaa5a8b
11,original-selected,fixed2,113,False,True,True,True,True,True,0,5.483328830450773,10.28948361668557,3828448659b718f5459f1726d70a8f2f442050f9c4deabf0a6352277bdaa5a8b
11,original-selected,fixed2,114,False,True,True,True,True,True,0,4.813294857740402,8.14445758520119,3828448659b718f5459f1726d70a8f2f442050f9c4deabf0a6352277bdaa5a8b
11,original-selected,fixed2,115,False,True,True,True,True,True,0,4.795079119503498,9.261219127707662,3828448659b718f5459f1726d70a8f2f442050f9c4deabf0a6352277bdaa5a8b
11,original-selected,fixed2,116,False,True,True,True,True,True,0,4.657241050153971,14.03606008871736,3828448659b718f5459f1726d70a8f2f442050f9c4deabf0a6352277bdaa5a8b
11,original-selected,fixed2,117,False,True,True,True,True,True,0,5.871922243386507,12.618477378369661,3828448659b718f5459f1726d70a8f2f442050f9c4deabf0a6352277bdaa5a8b
11,original-selected,fixed2,118,False,True,True,True,True,True,0,4.9065095372498035,8.628569440740646,3828448659b718f5459f1726d70a8f2f442050f9c4deabf0a6352277bdaa5a8b
11,original-selected,fixed2,119,False,True,True,True,True,True,0,5.817960482090712,11.075773286390147,3828448659b718f5459f1726d70a8f2f442050f9c4deabf0a6352277bdaa5a8b
11,original-selected,fixed2,120,False,True,True,True,True,True,0,5.418864078819752,9.047774862371117,3828448659b718f5459f1726d70a8f2f442050f9c4deabf0a6352277bdaa5a8b
11,original-selected,fixed2,121,False,True,True,True,True,True,0,5.159781314432621,11.651769969286493,3828448659b718f5459f1726d70a8f2f442050f9c4deabf0a6352277bdaa5a8b
11,original-selected,fixed2,122,False,True,True,True,True,True,0,5.067686550319195,11.074437130633763,3828448659b718f5459f1726d70a8f2f442050f9c4deabf0a6352277bdaa5a8b
11,original-selected,fixed2,123,False,True,True,True,True,True,0,5.978025496006012,12.162313803140252,3828448659b718f5459f1726d70a8f2f442050f9c4deabf0a6352277bdaa5a8b
11,original-selected,fixed2,124,False,True,True,True,True,True,0,4.753831308335066,9.880449200502895,3828448659b718f5459f1726d70a8f2f442050f9c4deabf0a6352277bdaa5a8b
11,original-selected,fixed2,125,False,True,True,True,True,True,0,5.103157367557287,8.417914453906405,3828448659b718f5459f1726d70a8f2f442050f9c4deabf0a6352277bdaa5a8b
11,original-selected,fixed2,126,False,True,True,True,True,True,0,4.37999377027154,11.2262030802178,3828448659b718f5459f1726d70a8f2f442050f9c4deabf0a6352277bdaa5a8b
11,original-selected,fixed2,127,False,True,True,True,True,True,0,4.377500154078007,10.033881716244416,3828448659b718f5459f1726d70a8f2f442050f9c4deabf0a6352277bdaa5a8b
11,original-selected,fixed5,0,False,True,True,True,True,True,0,5.062406416982412,12.584327286293245,3828448659b718f5459f1726d70a8f2f442050f9c4deabf0a6352277bdaa5a8b
11,original-selected,fixed5,1,False,True,True,True,True,True,0,4.266630858182907,8.772794861480989,3828448659b718f5459f1726d70a8f2f442050f9c4deabf0a6352277bdaa5a8b
11,original-selected,fixed5,2,False,True,True,True,True,True,0,5.724858958274126,7.891187340587947,3828448659b718f5459f1726d70a8f2f442050f9c4deabf0a6352277bdaa5a8b
11,original-selected,fixed5,3,False,True,True,True,True,True,0,4.489826038479805,8.048847743425705,3828448659b718f5459f1726d70a8f2f442050f9c4deabf0a6352277bdaa5a8b
11,original-selected,fixed5,4,False,True,True,True,True,True,0,5.354324821382761,10.648805354767957,3828448659b718f5459f1726d70a8f2f442050f9c4deabf0a6352277bdaa5a8b
11,original-selected,fixed5,5,False,True,True,True,True,True,0,4.756114911288023,9.33314016589425,3828448659b718f5459f1726d70a8f2f442050f9c4deabf0a6352277bdaa5a8b
11,original-selected,fixed5,6,False,True,True,True,True,True,0,4.9859387800097466,10.260139416463904,3828448659b718f5459f1726d70a8f2f442050f9c4deabf0a6352277bdaa5a8b
11,original-selected,fixed5,7,False,True,True,True,True,True,0,4.7233821824193,10.03291524447686,3828448659b718f5459f1726d70a8f2f442050f9c4deabf0a6352277bdaa5a8b
11,original-selected,fixed5,8,False,True,True,True,True,True,0,4.731169436126947,9.738063661970225,3828448659b718f5459f1726d70a8f2f442050f9c4deabf0a6352277bdaa5a8b
11,original-selected,fixed5,9,False,True,True,True,True,True,0,5.330053623765707,12.055353894511498,3828448659b718f5459f1726d70a8f2f442050f9c4deabf0a6352277bdaa5a8b
11,original-selected,fixed5,10,False,True,True,True,True,True,0,4.9179852940142155,11.953488453229928,3828448659b718f5459f1726d70a8f2f442050f9c4deabf0a6352277bdaa5a8b
11,original-selected,fixed5,11,False,True,True,True,True,True,0,4.359247628599405,10.256856656794067,3828448659b718f5459f1726d70a8f2f442050f9c4deabf0a6352277bdaa5a8b
11,original-selected,fixed5,12,False,True,True,True,True,True,0,4.712223075330257,14.287259932238442,3828448659b718f5459f1726d70a8f2f442050f9c4deabf0a6352277bdaa5a8b
11,original-selected,fixed5,13,False,True,True,True,True,True,0,4.75052697584033,8.410879359061292,3828448659b718f5459f1726d70a8f2f442050f9c4deabf0a6352277bdaa5a8b
11,original-selected,fixed5,14,False,True,True,True,True,True,0,5.618758033961058,12.445939115972324,3828448659b718f5459f1726d70a8f2f442050f9c4deabf0a6352277bdaa5a8b
11,original-selected,fixed5,15,False,True,True,True,True,True,0,4.6994732692837715,9.161681073385774,3828448659b718f5459f1726d70a8f2f442050f9c4deabf0a6352277bdaa5a8b
11,original-selected,fixed5,16,False,True,True,True,True,True,0,4.817306529730558,7.662169390170127,3828448659b718f5459f1726d70a8f2f442050f9c4deabf0a6352277bdaa5a8b
11,original-selected,fixed5,17,False,True,True,True,True,True,0,4.704074002802372,8.331146292011502,3828448659b718f5459f1726d70a8f2f442050f9c4deabf0a6352277bdaa5a8b
11,original-selected,fixed5,18,False,True,True,True,True,True,0,5.102396942675114,10.568595882023558,3828448659b718f5459f1726d70a8f2f442050f9c4deabf0a6352277bdaa5a8b
11,original-selected,fixed5,19,False,True,True,True,True,True,0,5.248642526566982,11.486307782869288,3828448659b718f5459f1726d70a8f2f442050f9c4deabf0a6352277bdaa5a8b
11,original-selected,fixed5,20,False,True,True,True,True,True,0,5.264719016849995,10.051262840134806,3828448659b718f5459f1726d70a8f2f442050f9c4deabf0a6352277bdaa5a8b
11,original-selected,fixed5,21,False,True,True,True,True,True,0,5.380096845328808,9.061478783167102,3828448659b718f5459f1726d70a8f2f442050f9c4deabf0a6352277bdaa5a8b
11,original-selected,fixed5,22,False,True,True,True,False,True,0,5.0108241848647594,10.337095157842437,3828448659b718f5459f1726d70a8f2f442050f9c4deabf0a6352277bdaa5a8b
11,original-selected,fixed5,23,False,True,True,True,True,True,0,5.2824802696704865,9.056590929042311,3828448659b718f5459f1726d70a8f2f442050f9c4deabf0a6352277bdaa5a8b
11,original-selected,fixed5,24,False,True,True,True,True,True,0,5.02595491707325,10.440376155829494,3828448659b718f5459f1726d70a8f2f442050f9c4deabf0a6352277bdaa5a8b
11,original-selected,fixed5,25,False,True,True,True,True,True,0,5.369544494897127,10.377517924897866,3828448659b718f5459f1726d70a8f2f442050f9c4deabf0a6352277bdaa5a8b
11,original-selected,fixed5,26,False,True,True,True,True,True,0,5.2054328843951225,8.588742607690302,3828448659b718f5459f1726d70a8f2f442050f9c4deabf0a6352277bdaa5a8b
11,original-selected,fixed5,27,False,True,True,True,True,True,0,5.0857290625572205,12.6068523964023,3828448659b718f5459f1726d70a8f2f442050f9c4deabf0a6352277bdaa5a8b
11,original-selected,fixed5,28,False,True,True,True,True,True,0,5.36432396620512,9.379439456956828,3828448659b718f5459f1726d70a8f2f442050f9c4deabf0a6352277bdaa5a8b
11,original-selected,fixed5,29,False,True,True,True,True,True,0,4.709862172603607,9.954925583212715,3828448659b718f5459f1726d70a8f2f442050f9c4deabf0a6352277bdaa5a8b
11,original-selected,fixed5,30,False,True,True,True,True,False,0,4.835612140595913,7.67198095691285,3828448659b718f5459f1726d70a8f2f442050f9c4deabf0a6352277bdaa5a8b
11,original-selected,fixed5,31,False,True,True,True,True,True,0,5.509587004780769,9.231530856706556,3828448659b718f5459f1726d70a8f2f442050f9c4deabf0a6352277bdaa5a8b
11,original-selected,fixed5,32,False,True,True,True,True,True,0,5.028686951845884,11.967560350467446,3828448659b718f5459f1726d70a8f2f442050f9c4deabf0a6352277bdaa5a8b
11,original-selected,fixed5,33,False,True,True,True,True,True,0,5.214685574173927,11.79974345633388,3828448659b718f5459f1726d70a8f2f442050f9c4deabf0a6352277bdaa5a8b
11,original-selected,fixed5,34,False,True,True,True,True,True,0,4.234810825437307,8.563124275660876,3828448659b718f5459f1726d70a8f2f442050f9c4deabf0a6352277bdaa5a8b
11,original-selected,fixed5,35,False,True,True,True,True,True,0,5.235489923506975,8.679418491564098,3828448659b718f5459f1726d70a8f2f442050f9c4deabf0a6352277bdaa5a8b
11,original-selected,fixed5,36,False,True,True,True,True,True,0,5.6927390396595,9.118251315548248,3828448659b718f5459f1726d70a8f2f442050f9c4deabf0a6352277bdaa5a8b
11,original-selected,fixed5,37,False,True,True,True,True,True,0,5.245208274573088,9.62811810690053,3828448659b718f5459f1726d70a8f2f442050f9c4deabf0a6352277bdaa5a8b
11,original-selected,fixed5,38,False,True,True,True,True,True,0,4.388081841170788,8.461019777758356,3828448659b718f5459f1726d70a8f2f442050f9c4deabf0a6352277bdaa5a8b
11,original-selected,fixed5,39,False,True,True,True,True,True,0,5.114810075610876,7.447961851193833,3828448659b718f5459f1726d70a8f2f442050f9c4deabf0a6352277bdaa5a8b
11,original-selected,fixed5,40,False,True,True,True,True,True,0,4.7576092183589935,8.308752663043968,3828448659b718f5459f1726d70a8f2f442050f9c4deabf0a6352277bdaa5a8b
11,original-selected,fixed5,41,False,True,True,True,True,True,0,5.476787686347961,8.994071646248246,3828448659b718f5459f1726d70a8f2f442050f9c4deabf0a6352277bdaa5a8b
11,original-selected,fixed5,42,False,True,True,True,True,True,0,4.788619931787252,9.155665384274284,3828448659b718f5459f1726d70a8f2f442050f9c4deabf0a6352277bdaa5a8b
11,original-selected,fixed5,43,False,True,True,True,True,True,0,4.934969823807478,9.723791981699483,3828448659b718f5459f1726d70a8f2f442050f9c4deabf0a6352277bdaa5a8b
11,original-selected,fixed5,44,False,True,True,True,True,True,0,5.829834844917059,11.91590362977464,3828448659b718f5459f1726d70a8f2f442050f9c4deabf0a6352277bdaa5a8b
11,original-selected,fixed5,45,False,True,True,True,True,True,0,4.985619802027941,10.28358233324268,3828448659b718f5459f1726d70a8f2f442050f9c4deabf0a6352277bdaa5a8b
11,original-selected,fixed5,46,False,True,True,True,True,True,0,4.590957425534725,10.493282801140412,3828448659b718f5459f1726d70a8f2f442050f9c4deabf0a6352277bdaa5a8b
11,original-selected,fixed5,47,False,True,True,True,True,True,0,5.422899965196848,10.478834389724897,3828448659b718f5459f1726d70a8f2f442050f9c4deabf0a6352277bdaa5a8b
11,original-selected,fixed5,48,False,True,True,True,True,True,0,5.060349591076374,7.544527065679473,3828448659b718f5459f1726d70a8f2f442050f9c4deabf0a6352277bdaa5a8b
11,original-selected,fixed5,49,False,True,True,True,True,True,0,4.126604646444321,10.035431315412362,3828448659b718f5459f1726d70a8f2f442050f9c4deabf0a6352277bdaa5a8b
11,original-selected,fixed5,50,False,True,True,True,True,True,0,4.803949035704136,8.762084271088762,3828448659b718f5459f1726d70a8f2f442050f9c4deabf0a6352277bdaa5a8b
11,original-selected,fixed5,51,False,True,True,True,True,True,0,5.422959104180336,13.091951214276824,3828448659b718f5459f1726d70a8f2f442050f9c4deabf0a6352277bdaa5a8b
11,original-selected,fixed5,52,False,True,True,True,True,False,0,4.817402921617031,8.716544838571348,3828448659b718f5459f1726d70a8f2f442050f9c4deabf0a6352277bdaa5a8b
11,original-selected,fixed5,53,False,True,True,True,True,True,0,5.113610532134771,12.949993416340925,3828448659b718f5459f1726d70a8f2f442050f9c4deabf0a6352277bdaa5a8b
11,original-selected,fixed5,54,False,True,True,True,True,True,0,5.671212449669838,14.088860866096143,3828448659b718f5459f1726d70a8f2f442050f9c4deabf0a6352277bdaa5a8b
11,original-selected,fixed5,55,False,True,True,True,True,True,0,4.82161995023489,10.533827657827254,3828448659b718f5459f1726d70a8f2f442050f9c4deabf0a6352277bdaa5a8b
11,original-selected,fixed5,56,False,True,True,True,True,True,0,5.22953923791647,11.125186289940604,3828448659b718f5459f1726d70a8f2f442050f9c4deabf0a6352277bdaa5a8b
11,original-selected,fixed5,57,False,True,True,True,True,True,0,4.412633832544088,10.6270093673528,3828448659b718f5459f1726d70a8f2f442050f9c4deabf0a6352277bdaa5a8b
11,original-selected,fixed5,58,False,True,True,True,True,True,0,3.978794440627098,8.807353057360315,3828448659b718f5459f1726d70a8f2f442050f9c4deabf0a6352277bdaa5a8b
11,original-selected,fixed5,59,False,True,True,True,True,True,0,4.01970325037837,10.760373933539176,3828448659b718f5459f1726d70a8f2f442050f9c4deabf0a6352277bdaa5a8b
11,original-selected,fixed5,60,False,True,False,True,False,True,0,4.998140502721071,17.183854366781638,3828448659b718f5459f1726d70a8f2f442050f9c4deabf0a6352277bdaa5a8b
11,original-selected,fixed5,61,False,True,True,True,True,True,0,5.568529013544321,8.536322613357745,3828448659b718f5459f1726d70a8f2f442050f9c4deabf0a6352277bdaa5a8b
11,original-selected,fixed5,62,False,True,True,True,True,True,0,5.37688797339797,11.576501284632952,3828448659b718f5459f1726d70a8f2f442050f9c4deabf0a6352277bdaa5a8b
11,original-selected,fixed5,63,False,True,True,True,True,True,0,5.234816577285528,8.230330992314821,3828448659b718f5459f1726d70a8f2f442050f9c4deabf0a6352277bdaa5a8b
11,original-selected,fixed5,64,False,True,True,True,True,True,0,4.821502137929201,7.789166512502759,3828448659b718f5459f1726d70a8f2f442050f9c4deabf0a6352277bdaa5a8b
11,original-selected,fixed5,65,False,True,True,True,True,True,0,5.041803233325481,9.304484107231461,3828448659b718f5459f1726d70a8f2f442050f9c4deabf0a6352277bdaa5a8b
11,original-selected,fixed5,66,False,True,True,True,True,True,0,5.651325453072786,11.171787816873955,3828448659b718f5459f1726d70a8f2f442050f9c4deabf0a6352277bdaa5a8b
11,original-selected,fixed5,67,False,True,True,True,True,True,0,5.8220187202095985,11.314625001665492,3828448659b718f5459f1726d70a8f2f442050f9c4deabf0a6352277bdaa5a8b
11,original-selected,fixed5,68,False,True,True,True,True,True,0,4.645832348614931,6.943961765451769,3828448659b718f5459f1726d70a8f2f442050f9c4deabf0a6352277bdaa5a8b
11,original-selected,fixed5,69,False,True,False,True,True,True,0,5.418961402028799,14.667868808642817,3828448659b718f5459f1726d70a8f2f442050f9c4deabf0a6352277bdaa5a8b
11,original-selected,fixed5,70,False,True,True,True,True,True,0,5.420683417469263,12.914571201531592,3828448659b718f5459f1726d70a8f2f442050f9c4deabf0a6352277bdaa5a8b
11,original-selected,fixed5,71,False,True,True,True,True,True,0,4.5656175352633,8.597557820587848,3828448659b718f5459f1726d70a8f2f442050f9c4deabf0a6352277bdaa5a8b
11,original-selected,fixed5,72,False,True,True,True,True,True,0,5.271323025226593,12.593996272837044,3828448659b718f5459f1726d70a8f2f442050f9c4deabf0a6352277bdaa5a8b
11,original-selected,fixed5,73,False,True,True,True,True,True,0,5.013380199670792,8.085228746039778,3828448659b718f5459f1726d70a8f2f442050f9c4deabf0a6352277bdaa5a8b
11,original-selected,fixed5,74,False,True,True,True,True,True,0,5.059699062258005,10.144154266620625,3828448659b718f5459f1726d70a8f2f442050f9c4deabf0a6352277bdaa5a8b
11,original-selected,fixed5,75,False,True,True,True,True,True,0,4.77873208001256,9.324857707751963,3828448659b718f5459f1726d70a8f2f442050f9c4deabf0a6352277bdaa5a8b
11,original-selected,fixed5,76,False,True,True,True,True,True,0,5.774242337793112,12.766679676754245,3828448659b718f5459f1726d70a8f2f442050f9c4deabf0a6352277bdaa5a8b
11,original-selected,fixed5,77,False,True,True,True,True,True,0,4.5235129073262215,8.635621611058683,3828448659b718f5459f1726d70a8f2f442050f9c4deabf0a6352277bdaa5a8b
11,original-selected,fixed5,78,False,True,True,True,True,True,0,4.760329145938158,8.825632351126561,3828448659b718f5459f1726d70a8f2f442050f9c4deabf0a6352277bdaa5a8b
11,original-selected,fixed5,79,False,True,True,True,True,True,0,5.42288227006793,9.44586560795614,3828448659b718f5459f1726d70a8f2f442050f9c4deabf0a6352277bdaa5a8b
11,original-selected,fixed5,80,False,True,True,True,True,True,0,4.626590758562088,10.758849947580616,3828448659b718f5459f1726d70a8f2f442050f9c4deabf0a6352277bdaa5a8b
11,original-selected,fixed5,81,False,True,True,True,True,True,0,4.753816872835159,8.937796863902864,3828448659b718f5459f1726d70a8f2f442050f9c4deabf0a6352277bdaa5a8b
11,original-selected,fixed5,82,False,True,True,True,True,True,0,5.297455005347729,9.399865137669751,3828448659b718f5459f1726d70a8f2f442050f9c4deabf0a6352277bdaa5a8b
11,original-selected,fixed5,83,False,True,True,True,True,True,0,4.723987076431513,10.641708788220313,3828448659b718f5459f1726d70a8f2f442050f9c4deabf0a6352277bdaa5a8b
11,original-selected,fixed5,84,False,True,True,True,True,True,0,5.587559193372726,10.690464386063157,3828448659b718f5459f1726d70a8f2f442050f9c4deabf0a6352277bdaa5a8b
11,original-selected,fixed5,85,False,True,True,True,True,True,0,4.954684525728226,10.730636143666587,3828448659b718f5459f1726d70a8f2f442050f9c4deabf0a6352277bdaa5a8b
11,original-selected,fixed5,86,False,True,True,True,True,True,0,4.46330476552248,11.79016326224929,3828448659b718f5459f1726d70a8f2f442050f9c4deabf0a6352277bdaa5a8b
11,original-selected,fixed5,87,False,True,True,True,True,True,0,4.647897090762854,8.713653961005141,3828448659b718f5459f1726d70a8f2f442050f9c4deabf0a6352277bdaa5a8b
11,original-selected,fixed5,88,False,True,True,True,True,True,0,5.537121556699276,10.990512888754523,3828448659b718f5459f1726d70a8f2f442050f9c4deabf0a6352277bdaa5a8b
11,original-selected,fixed5,89,False,True,True,True,True,True,0,4.279909655451775,7.664223569563008,3828448659b718f5459f1726d70a8f2f442050f9c4deabf0a6352277bdaa5a8b
11,original-selected,fixed5,90,False,True,True,True,True,True,0,5.7187979109585285,10.68137084295693,3828448659b718f5459f1726d70a8f2f442050f9c4deabf0a6352277bdaa5a8b
11,original-selected,fixed5,91,False,True,True,True,True,True,0,4.505903925746679,9.679557969087188,3828448659b718f5459f1726d70a8f2f442050f9c4deabf0a6352277bdaa5a8b
11,original-selected,fixed5,92,False,True,True,True,True,True,0,4.501018673181534,9.229813917903943,3828448659b718f5459f1726d70a8f2f442050f9c4deabf0a6352277bdaa5a8b
11,original-selected,fixed5,93,False,True,True,True,True,True,0,5.358448717743158,9.713264098867555,3828448659b718f5459f1726d70a8f2f442050f9c4deabf0a6352277bdaa5a8b
11,original-selected,fixed5,94,False,True,True,True,True,True,0,5.202074535191059,9.622053752691205,3828448659b718f5459f1726d70a8f2f442050f9c4deabf0a6352277bdaa5a8b
11,original-selected,fixed5,95,False,True,True,True,True,True,0,4.894237499684095,12.55644901542219,3828448659b718f5459f1726d70a8f2f442050f9c4deabf0a6352277bdaa5a8b
11,original-selected,fixed5,96,False,True,True,True,True,True,0,5.061877425760031,10.98748199231033,3828448659b718f5459f1726d70a8f2f442050f9c4deabf0a6352277bdaa5a8b
11,original-selected,fixed5,97,False,True,True,True,True,True,0,5.369615741074085,10.552637998801469,3828448659b718f5459f1726d70a8f2f442050f9c4deabf0a6352277bdaa5a8b
11,original-selected,fixed5,98,False,True,True,True,True,True,0,5.322312004864216,13.705164744186922,3828448659b718f5459f1726d70a8f2f442050f9c4deabf0a6352277bdaa5a8b
11,original-selected,fixed5,99,False,True,True,True,True,True,0,4.473130684345961,12.473428919834332,3828448659b718f5459f1726d70a8f2f442050f9c4deabf0a6352277bdaa5a8b
11,original-selected,fixed5,100,False,True,True,True,True,True,0,4.98137716203928,8.756795143350233,3828448659b718f5459f1726d70a8f2f442050f9c4deabf0a6352277bdaa5a8b
11,original-selected,fixed5,101,False,True,True,True,True,True,0,5.517616402357817,10.487489946950594,3828448659b718f5459f1726d70a8f2f442050f9c4deabf0a6352277bdaa5a8b
11,original-selected,fixed5,102,False,True,True,True,True,True,0,4.640534520149231,12.442728073288771,3828448659b718f5459f1726d70a8f2f442050f9c4deabf0a6352277bdaa5a8b
11,original-selected,fixed5,103,False,True,True,True,True,True,0,5.080013070255518,10.308927457705305,3828448659b718f5459f1726d70a8f2f442050f9c4deabf0a6352277bdaa5a8b
11,original-selected,fixed5,104,False,True,True,True,True,True,0,4.72544739022851,8.85522926834752,3828448659b718f5459f1726d70a8f2f442050f9c4deabf0a6352277bdaa5a8b
11,original-selected,fixed5,105,False,True,True,True,True,True,0,5.509665701538324,8.744365052834457,3828448659b718f5459f1726d70a8f2f442050f9c4deabf0a6352277bdaa5a8b
11,original-selected,fixed5,106,False,True,True,True,True,True,0,6.020127329975367,10.898067132112047,3828448659b718f5459f1726d70a8f2f442050f9c4deabf0a6352277bdaa5a8b
11,original-selected,fixed5,107,False,True,True,True,True,True,0,5.272711627185345,11.177823142779307,3828448659b718f5459f1726d70a8f2f442050f9c4deabf0a6352277bdaa5a8b
11,original-selected,fixed5,108,False,True,True,True,True,True,0,5.541385617107153,10.17409781594196,3828448659b718f5459f1726d70a8f2f442050f9c4deabf0a6352277bdaa5a8b
11,original-selected,fixed5,109,False,True,True,True,True,True,0,5.383840296417475,7.830061416384564,3828448659b718f5459f1726d70a8f2f442050f9c4deabf0a6352277bdaa5a8b
11,original-selected,fixed5,110,False,True,True,True,True,True,0,5.1994286477565765,12.15241771280655,3828448659b718f5459f1726d70a8f2f442050f9c4deabf0a6352277bdaa5a8b
11,original-selected,fixed5,111,False,True,True,True,True,True,0,3.937449771910906,9.892005880578557,3828448659b718f5459f1726d70a8f2f442050f9c4deabf0a6352277bdaa5a8b
11,original-selected,fixed5,112,False,True,True,True,True,True,0,4.571210127323866,11.686324750071233,3828448659b718f5459f1726d70a8f2f442050f9c4deabf0a6352277bdaa5a8b
11,original-selected,fixed5,113,False,True,True,True,True,True,0,4.685225430876017,10.28948361668557,3828448659b718f5459f1726d70a8f2f442050f9c4deabf0a6352277bdaa5a8b
11,original-selected,fixed5,114,False,True,True,True,True,True,0,4.722953774034977,10.857471902780077,3828448659b718f5459f1726d70a8f2f442050f9c4deabf0a6352277bdaa5a8b
11,original-selected,fixed5,115,False,True,True,True,True,True,0,4.688299726694822,7.746078264123733,3828448659b718f5459f1726d70a8f2f442050f9c4deabf0a6352277bdaa5a8b
11,original-selected,fixed5,116,False,True,True,True,True,True,0,5.057243630290031,11.140740338228015,3828448659b718f5459f1726d70a8f2f442050f9c4deabf0a6352277bdaa5a8b
11,original-selected,fixed5,117,False,True,True,True,True,True,0,5.486223381012678,9.207981218221997,3828448659b718f5459f1726d70a8f2f442050f9c4deabf0a6352277bdaa5a8b
11,original-selected,fixed5,118,False,True,True,True,True,True,0,4.7106933780014515,8.900004573451538,3828448659b718f5459f1726d70a8f2f442050f9c4deabf0a6352277bdaa5a8b
11,original-selected,fixed5,119,False,True,True,True,True,True,0,5.684481468051672,11.804084041551423,3828448659b718f5459f1726d70a8f2f442050f9c4deabf0a6352277bdaa5a8b
11,original-selected,fixed5,120,False,True,True,True,True,True,0,5.185352172702551,9.239395819535824,3828448659b718f5459f1726d70a8f2f442050f9c4deabf0a6352277bdaa5a8b
11,original-selected,fixed5,121,False,True,True,True,True,True,0,5.435161292552948,12.593203970893322,3828448659b718f5459f1726d70a8f2f442050f9c4deabf0a6352277bdaa5a8b
11,original-selected,fixed5,122,False,True,True,True,True,True,0,5.067686550319195,11.044607986981024,3828448659b718f5459f1726d70a8f2f442050f9c4deabf0a6352277bdaa5a8b
11,original-selected,fixed5,123,False,True,False,True,True,True,1,7.1685947477817535,23.207024242958827,3828448659b718f5459f1726d70a8f2f442050f9c4deabf0a6352277bdaa5a8b
11,original-selected,fixed5,124,False,True,True,True,True,True,0,4.753831308335066,9.880449200502895,3828448659b718f5459f1726d70a8f2f442050f9c4deabf0a6352277bdaa5a8b
11,original-selected,fixed5,125,False,True,True,True,True,True,0,5.52913174033165,11.401853347555726,3828448659b718f5459f1726d70a8f2f442050f9c4deabf0a6352277bdaa5a8b
11,original-selected,fixed5,126,False,True,True,True,True,True,0,4.371384158730507,13.65194903281606,3828448659b718f5459f1726d70a8f2f442050f9c4deabf0a6352277bdaa5a8b
11,original-selected,fixed5,127,False,True,True,True,True,True,0,4.466118756681681,13.88630819116483,3828448659b718f5459f1726d70a8f2f442050f9c4deabf0a6352277bdaa5a8b
11,original-selected,arrival,0,True,True,True,True,True,True,16,5.325229372829199,8.701729304487944,3828448659b718f5459f1726d70a8f2f442050f9c4deabf0a6352277bdaa5a8b
11,original-selected,arrival,1,True,True,True,True,True,True,14,4.56462986767292,8.509330559531502,3828448659b718f5459f1726d70a8f2f442050f9c4deabf0a6352277bdaa5a8b
11,original-selected,arrival,2,True,True,True,True,True,True,11,5.368451122194529,7.756723113945198,3828448659b718f5459f1726d70a8f2f442050f9c4deabf0a6352277bdaa5a8b
11,original-selected,arrival,3,True,True,True,True,True,True,17,4.489826038479805,9.15001084141516,3828448659b718f5459f1726d70a8f2f442050f9c4deabf0a6352277bdaa5a8b
11,original-selected,arrival,4,True,True,True,True,True,True,11,5.30083104968071,8.525266244638788,3828448659b718f5459f1726d70a8f2f442050f9c4deabf0a6352277bdaa5a8b
11,original-selected,arrival,5,True,True,False,True,True,True,18,5.0478968769311905,17.195323961945384,3828448659b718f5459f1726d70a8f2f442050f9c4deabf0a6352277bdaa5a8b
11,original-selected,arrival,6,False,True,True,True,True,True,1,4.9859387800097466,9.972064235387569,3828448659b718f5459f1726d70a8f2f442050f9c4deabf0a6352277bdaa5a8b
11,original-selected,arrival,7,True,True,True,True,True,True,17,4.693458788096905,9.593751156317964,3828448659b718f5459f1726d70a8f2f442050f9c4deabf0a6352277bdaa5a8b
11,original-selected,arrival,8,True,True,True,True,True,True,14,4.731169436126947,6.136662433860234,3828448659b718f5459f1726d70a8f2f442050f9c4deabf0a6352277bdaa5a8b
11,original-selected,arrival,9,True,True,True,True,True,True,5,4.845112096518278,8.992142971581364,3828448659b718f5459f1726d70a8f2f442050f9c4deabf0a6352277bdaa5a8b
11,original-selected,arrival,10,True,True,True,True,True,True,13,5.230866372585297,10.668258587297798,3828448659b718f5459f1726d70a8f2f442050f9c4deabf0a6352277bdaa5a8b
11,original-selected,arrival,11,True,True,True,True,True,True,17,4.864098504185677,8.684118515486713,3828448659b718f5459f1726d70a8f2f442050f9c4deabf0a6352277bdaa5a8b
11,original-selected,arrival,12,True,True,True,True,True,True,21,4.714835435152054,11.014456116890004,3828448659b718f5459f1726d70a8f2f442050f9c4deabf0a6352277bdaa5a8b
11,original-selected,arrival,13,True,True,True,True,True,True,17,4.980188328772783,10.836824240919128,3828448659b718f5459f1726d70a8f2f442050f9c4deabf0a6352277bdaa5a8b
11,original-selected,arrival,14,True,True,True,True,True,True,18,4.852708894759417,12.320845908870833,3828448659b718f5459f1726d70a8f2f442050f9c4deabf0a6352277bdaa5a8b
11,original-selected,arrival,15,True,True,True,True,True,True,20,4.5802355743944645,9.614605431401305,3828448659b718f5459f1726d70a8f2f442050f9c4deabf0a6352277bdaa5a8b
11,original-selected,arrival,16,True,True,True,True,True,True,11,4.962944891303778,8.97531850810833,3828448659b718f5459f1726d70a8f2f442050f9c4deabf0a6352277bdaa5a8b
11,original-selected,arrival,17,True,True,True,True,True,True,9,4.704074002802372,12.198530027440597,3828448659b718f5459f1726d70a8f2f442050f9c4deabf0a6352277bdaa5a8b
11,original-selected,arrival,18,True,True,True,True,True,True,4,4.9501098692417145,7.888214500751698,3828448659b718f5459f1726d70a8f2f442050f9c4deabf0a6352277bdaa5a8b
11,original-selected,arrival,19,True,True,True,True,True,True,17,5.147184710949659,11.318825568005051,3828448659b718f5459f1726d70a8f2f442050f9c4deabf0a6352277bdaa5a8b
11,original-selected,arrival,20,True,True,True,True,True,True,4,5.022885277867317,10.580490656463136,3828448659b718f5459f1726d70a8f2f442050f9c4deabf0a6352277bdaa5a8b
11,original-selected,arrival,21,True,True,True,True,True,True,10,5.290803965181112,8.45791631055423,3828448659b718f5459f1726d70a8f2f442050f9c4deabf0a6352277bdaa5a8b
11,original-selected,arrival,22,True,True,True,True,False,True,15,5.0108241848647594,9.999574529817087,3828448659b718f5459f1726d70a8f2f442050f9c4deabf0a6352277bdaa5a8b
11,original-selected,arrival,23,True,True,True,True,True,True,4,4.703118000179529,9.835193220836038,3828448659b718f5459f1726d70a8f2f442050f9c4deabf0a6352277bdaa5a8b
11,original-selected,arrival,24,True,True,True,True,True,True,3,5.02595491707325,10.694143296704855,3828448659b718f5459f1726d70a8f2f442050f9c4deabf0a6352277bdaa5a8b
11,original-selected,arrival,25,True,True,False,True,True,True,20,5.454404279589653,14.344037587261466,3828448659b718f5459f1726d70a8f2f442050f9c4deabf0a6352277bdaa5a8b
11,original-selected,arrival,26,True,True,True,True,True,True,10,5.196919199079275,7.9512520241490385,3828448659b718f5459f1726d70a8f2f442050f9c4deabf0a6352277bdaa5a8b
11,original-selected,arrival,27,True,True,True,True,True,True,6,5.051653832197189,10.339525851413317,3828448659b718f5459f1726d70a8f2f442050f9c4deabf0a6352277bdaa5a8b
11,original-selected,arrival,28,True,True,True,True,True,True,14,5.270916968584061,12.558320487254775,3828448659b718f5459f1726d70a8f2f442050f9c4deabf0a6352277bdaa5a8b
11,original-selected,arrival,29,True,True,True,True,True,True,16,5.096703302115202,13.99565610468215,3828448659b718f5459f1726d70a8f2f442050f9c4deabf0a6352277bdaa5a8b
11,original-selected,arrival,30,True,True,True,True,True,True,4,4.835612140595913,6.402754224206061,3828448659b718f5459f1726d70a8f2f442050f9c4deabf0a6352277bdaa5a8b
11,original-selected,arrival,31,True,True,True,True,True,True,10,5.509587004780769,8.196869041797282,3828448659b718f5459f1726d70a8f2f442050f9c4deabf0a6352277bdaa5a8b
11,original-selected,arrival,32,True,True,True,True,True,True,6,5.566679406911135,10.675326125541469,3828448659b718f5459f1726d70a8f2f442050f9c4deabf0a6352277bdaa5a8b
11,original-selected,arrival,33,True,True,True,True,True,True,8,5.214685574173927,9.897805564957544,3828448659b718f5459f1726d70a8f2f442050f9c4deabf0a6352277bdaa5a8b
11,original-selected,arrival,34,True,True,True,True,True,True,17,4.2728581465780735,7.5831654458142355,3828448659b718f5459f1726d70a8f2f442050f9c4deabf0a6352277bdaa5a8b
11,original-selected,arrival,35,True,True,True,True,True,True,19,4.906321410089731,9.484995761711144,3828448659b718f5459f1726d70a8f2f442050f9c4deabf0a6352277bdaa5a8b
11,original-selected,arrival,36,True,True,True,True,True,True,13,5.228456575423479,13.649645551518473,3828448659b718f5459f1726d70a8f2f442050f9c4deabf0a6352277bdaa5a8b
11,original-selected,arrival,37,True,True,True,True,True,True,8,5.245208274573088,12.231586435476167,3828448659b718f5459f1726d70a8f2f442050f9c4deabf0a6352277bdaa5a8b
11,original-selected,arrival,38,True,True,True,True,True,True,7,4.363838117569685,11.288601127154099,3828448659b718f5459f1726d70a8f2f442050f9c4deabf0a6352277bdaa5a8b
11,original-selected,arrival,39,True,True,True,True,True,True,17,5.662049166858196,7.8651019943740215,3828448659b718f5459f1726d70a8f2f442050f9c4deabf0a6352277bdaa5a8b
11,original-selected,arrival,40,True,True,True,True,True,True,19,5.095550324767828,13.471759251001014,3828448659b718f5459f1726d70a8f2f442050f9c4deabf0a6352277bdaa5a8b
11,original-selected,arrival,41,True,True,True,True,True,True,11,5.707754287868738,10.844740430167173,3828448659b718f5459f1726d70a8f2f442050f9c4deabf0a6352277bdaa5a8b
11,original-selected,arrival,42,True,True,True,True,True,True,15,4.743206314742565,11.094697179259313,3828448659b718f5459f1726d70a8f2f442050f9c4deabf0a6352277bdaa5a8b
11,original-selected,arrival,43,True,True,True,True,True,True,3,4.230911377817392,10.165311631348386,3828448659b718f5459f1726d70a8f2f442050f9c4deabf0a6352277bdaa5a8b
11,original-selected,arrival,44,True,True,True,True,True,True,17,5.052334163337946,9.407553369354247,3828448659b718f5459f1726d70a8f2f442050f9c4deabf0a6352277bdaa5a8b
11,original-selected,arrival,45,True,True,True,True,True,True,15,4.985619802027941,9.052188018348591,3828448659b718f5459f1726d70a8f2f442050f9c4deabf0a6352277bdaa5a8b
11,original-selected,arrival,46,True,True,True,True,True,True,11,5.346193909645081,10.532687870009507,3828448659b718f5459f1726d70a8f2f442050f9c4deabf0a6352277bdaa5a8b
11,original-selected,arrival,47,True,True,True,True,True,True,3,5.0827255472540855,7.325359955592104,3828448659b718f5459f1726d70a8f2f442050f9c4deabf0a6352277bdaa5a8b
11,original-selected,arrival,48,True,True,True,True,True,True,17,4.863759037107229,7.12548386104179,3828448659b718f5459f1726d70a8f2f442050f9c4deabf0a6352277bdaa5a8b
11,original-selected,arrival,49,True,True,True,True,True,True,7,4.347506444901228,9.378196362527886,3828448659b718f5459f1726d70a8f2f442050f9c4deabf0a6352277bdaa5a8b
11,original-selected,arrival,50,True,True,True,True,True,True,18,4.803949035704136,9.831091692239445,3828448659b718f5459f1726d70a8f2f442050f9c4deabf0a6352277bdaa5a8b
11,original-selected,arrival,51,False,True,True,True,True,True,1,5.422959104180336,8.71441723464489,3828448659b718f5459f1726d70a8f2f442050f9c4deabf0a6352277bdaa5a8b
11,original-selected,arrival,52,True,True,True,True,True,True,3,5.2628773264586926,8.716544838571348,3828448659b718f5459f1726d70a8f2f442050f9c4deabf0a6352277bdaa5a8b
11,original-selected,arrival,53,True,True,True,True,True,True,9,5.113610532134771,7.829475727663235,3828448659b718f5459f1726d70a8f2f442050f9c4deabf0a6352277bdaa5a8b
11,original-selected,arrival,54,True,True,True,True,True,True,19,5.4907044395804405,10.607401601792985,3828448659b718f5459f1726d70a8f2f442050f9c4deabf0a6352277bdaa5a8b
11,original-selected,arrival,55,True,True,True,True,True,True,4,4.677237942814827,7.165302156355671,3828448659b718f5459f1726d70a8f2f442050f9c4deabf0a6352277bdaa5a8b
11,original-selected,arrival,56,True,True,True,True,True,True,4,5.924384109675884,8.655294263415612,3828448659b718f5459f1726d70a8f2f442050f9c4deabf0a6352277bdaa5a8b
11,original-selected,arrival,57,True,True,True,True,True,True,18,4.238709807395935,7.491342943933523,3828448659b718f5459f1726d70a8f2f442050f9c4deabf0a6352277bdaa5a8b
11,original-selected,arrival,58,True,True,True,True,True,True,8,4.260299727320671,8.144344033306238,3828448659b718f5459f1726d70a8f2f442050f9c4deabf0a6352277bdaa5a8b
11,original-selected,arrival,59,True,True,True,True,True,True,17,4.8533594235777855,11.69556599601826,3828448659b718f5459f1726d70a8f2f442050f9c4deabf0a6352277bdaa5a8b
11,original-selected,arrival,60,False,True,False,True,False,True,1,4.998140502721071,17.183854366781638,3828448659b718f5459f1726d70a8f2f442050f9c4deabf0a6352277bdaa5a8b
11,original-selected,arrival,61,True,True,True,True,True,True,3,5.568529013544321,10.147337134773851,3828448659b718f5459f1726d70a8f2f442050f9c4deabf0a6352277bdaa5a8b
11,original-selected,arrival,62,False,True,True,True,True,True,2,5.37688797339797,11.512913931007425,3828448659b718f5459f1726d70a8f2f442050f9c4deabf0a6352277bdaa5a8b
11,original-selected,arrival,63,True,True,True,True,True,True,10,4.856318701058626,7.13006307599346,3828448659b718f5459f1726d70a8f2f442050f9c4deabf0a6352277bdaa5a8b
11,original-selected,arrival,64,True,True,True,True,True,True,6,4.962058272212744,10.291077612083123,3828448659b718f5459f1726d70a8f2f442050f9c4deabf0a6352277bdaa5a8b
11,original-selected,arrival,65,True,True,True,True,True,True,3,5.019696429371834,8.179074691462107,3828448659b718f5459f1726d70a8f2f442050f9c4deabf0a6352277bdaa5a8b
11,original-selected,arrival,66,True,True,True,True,True,True,17,5.047804210335016,10.227272546177803,3828448659b718f5459f1726d70a8f2f442050f9c4deabf0a6352277bdaa5a8b
11,original-selected,arrival,67,True,True,False,True,True,True,19,5.589778069406748,15.099891934024464,3828448659b718f5459f1726d70a8f2f442050f9c4deabf0a6352277bdaa5a8b
11,original-selected,arrival,68,True,True,True,True,True,True,17,4.730192478746176,13.556036955169802,3828448659b718f5459f1726d70a8f2f442050f9c4deabf0a6352277bdaa5a8b
11,original-selected,arrival,69,True,True,True,True,True,True,4,4.656474106013775,10.650259331287522,3828448659b718f5459f1726d70a8f2f442050f9c4deabf0a6352277bdaa5a8b
11,original-selected,arrival,70,True,True,True,True,True,True,13,5.834545940160751,13.264614127626514,3828448659b718f5459f1726d70a8f2f442050f9c4deabf0a6352277bdaa5a8b
11,original-selected,arrival,71,False,True,True,True,True,True,2,4.5656175352633,8.248751158732698,3828448659b718f5459f1726d70a8f2f442050f9c4deabf0a6352277bdaa5a8b
11,original-selected,arrival,72,True,True,True,True,True,True,15,4.687630105763674,8.829756077837956,3828448659b718f5459f1726d70a8f2f442050f9c4deabf0a6352277bdaa5a8b
11,original-selected,arrival,73,True,True,True,True,True,True,7,4.810167010873556,7.0475070063823395,3828448659b718f5459f1726d70a8f2f442050f9c4deabf0a6352277bdaa5a8b
11,original-selected,arrival,74,True,True,True,True,True,True,17,5.25270402431488,9.560001484081639,3828448659b718f5459f1726d70a8f2f442050f9c4deabf0a6352277bdaa5a8b
11,original-selected,arrival,75,True,True,True,True,True,True,14,5.006090737879276,9.465352137658186,3828448659b718f5459f1726d70a8f2f442050f9c4deabf0a6352277bdaa5a8b
11,original-selected,arrival,76,True,True,True,True,True,True,15,5.259702447801828,8.515122559947672,3828448659b718f5459f1726d70a8f2f442050f9c4deabf0a6352277bdaa5a8b
11,original-selected,arrival,77,True,True,True,True,True,True,13,4.677838645875454,7.797617164053357,3828448659b718f5459f1726d70a8f2f442050f9c4deabf0a6352277bdaa5a8b
11,original-selected,arrival,78,True,True,True,True,True,True,19,5.287322215735912,8.937744783710443,3828448659b718f5459f1726d70a8f2f442050f9c4deabf0a6352277bdaa5a8b
11,original-selected,arrival,79,True,True,True,True,True,True,8,5.103937815874815,9.129749939015964,3828448659b718f5459f1726d70a8f2f442050f9c4deabf0a6352277bdaa5a8b
11,original-selected,arrival,80,False,True,True,True,True,True,2,4.531282465904951,13.189074796727112,3828448659b718f5459f1726d70a8f2f442050f9c4deabf0a6352277bdaa5a8b
11,original-selected,arrival,81,True,True,True,True,True,True,22,5.107743665575981,12.487709991615183,3828448659b718f5459f1726d70a8f2f442050f9c4deabf0a6352277bdaa5a8b
11,original-selected,arrival,82,False,True,True,True,True,True,1,4.8424964770674706,8.123638314837345,3828448659b718f5459f1726d70a8f2f442050f9c4deabf0a6352277bdaa5a8b
11,original-selected,arrival,83,False,True,True,True,True,True,1,4.723987076431513,8.443923814265814,3828448659b718f5459f1726d70a8f2f442050f9c4deabf0a6352277bdaa5a8b
11,original-selected,arrival,84,True,True,True,True,True,True,21,6.289945915341377,9.308079348055827,3828448659b718f5459f1726d70a8f2f442050f9c4deabf0a6352277bdaa5a8b
11,original-selected,arrival,85,True,True,True,True,True,True,17,5.349490791559219,9.971626249507041,3828448659b718f5459f1726d70a8f2f442050f9c4deabf0a6352277bdaa5a8b
11,original-selected,arrival,86,True,True,True,True,True,True,15,4.7698114067316055,8.441016715000327,3828448659b718f5459f1726d70a8f2f442050f9c4deabf0a6352277bdaa5a8b
11,original-selected,arrival,87,True,True,True,True,True,True,7,4.227255471050739,9.100481724648812,3828448659b718f5459f1726d70a8f2f442050f9c4deabf0a6352277bdaa5a8b
11,original-selected,arrival,88,True,True,True,True,True,True,8,5.308836232870817,10.228702617035275,3828448659b718f5459f1726d70a8f2f442050f9c4deabf0a6352277bdaa5a8b
11,original-selected,arrival,89,True,True,True,True,True,True,11,4.824894946068525,10.889748815476619,3828448659b718f5459f1726d70a8f2f442050f9c4deabf0a6352277bdaa5a8b
11,original-selected,arrival,90,True,True,True,True,True,True,5,6.3834902830421925,11.355811042360669,3828448659b718f5459f1726d70a8f2f442050f9c4deabf0a6352277bdaa5a8b
11,original-selected,arrival,91,False,True,True,True,True,True,1,4.026719834655523,12.69461435082144,3828448659b718f5459f1726d70a8f2f442050f9c4deabf0a6352277bdaa5a8b
11,original-selected,arrival,92,False,True,True,True,True,True,1,3.854613984003663,7.707993129311742,3828448659b718f5459f1726d70a8f2f442050f9c4deabf0a6352277bdaa5a8b
11,original-selected,arrival,93,True,True,True,True,True,True,16,5.358448717743158,10.543434318894876,3828448659b718f5459f1726d70a8f2f442050f9c4deabf0a6352277bdaa5a8b
11,original-selected,arrival,94,True,True,True,True,True,True,20,5.394923035055399,8.84013455028179,3828448659b718f5459f1726d70a8f2f442050f9c4deabf0a6352277bdaa5a8b
11,original-selected,arrival,95,True,True,True,True,True,True,16,4.911681171506643,12.499371685849333,3828448659b718f5459f1726d70a8f2f442050f9c4deabf0a6352277bdaa5a8b
11,original-selected,arrival,96,True,True,True,True,True,True,3,4.660788457840681,7.703290544068189,3828448659b718f5459f1726d70a8f2f442050f9c4deabf0a6352277bdaa5a8b
11,original-selected,arrival,97,True,True,True,True,True,True,16,5.510813556611538,10.83846604764087,3828448659b718f5459f1726d70a8f2f442050f9c4deabf0a6352277bdaa5a8b
11,original-selected,arrival,98,True,True,True,True,True,True,3,4.886170383542776,8.177690724381533,3828448659b718f5459f1726d70a8f2f442050f9c4deabf0a6352277bdaa5a8b
11,original-selected,arrival,99,True,True,True,True,True,True,17,4.219662398099899,9.692804267208782,3828448659b718f5459f1726d70a8f2f442050f9c4deabf0a6352277bdaa5a8b
11,original-selected,arrival,100,True,True,True,True,True,True,12,4.945267457515001,7.952474628010471,3828448659b718f5459f1726d70a8f2f442050f9c4deabf0a6352277bdaa5a8b
11,original-selected,arrival,101,True,True,True,True,True,True,16,5.684267729520798,12.626633478012304,3828448659b718f5459f1726d70a8f2f442050f9c4deabf0a6352277bdaa5a8b
11,original-selected,arrival,102,True,True,True,True,True,True,16,4.640534520149231,8.071267839376272,3828448659b718f5459f1726d70a8f2f442050f9c4deabf0a6352277bdaa5a8b
11,original-selected,arrival,103,True,True,True,True,True,True,17,4.735307302325964,8.834965804627384,3828448659b718f5459f1726d70a8f2f442050f9c4deabf0a6352277bdaa5a8b
11,original-selected,arrival,104,False,True,True,True,True,True,2,4.845497198402882,8.982517527493522,3828448659b718f5459f1726d70a8f2f442050f9c4deabf0a6352277bdaa5a8b
11,original-selected,arrival,105,True,True,True,True,True,True,10,5.509665701538324,7.643540049208917,3828448659b718f5459f1726d70a8f2f442050f9c4deabf0a6352277bdaa5a8b
11,original-selected,arrival,106,True,True,True,True,True,True,11,5.071516614407301,11.62084372649832,3828448659b718f5459f1726d70a8f2f442050f9c4deabf0a6352277bdaa5a8b
11,original-selected,arrival,107,True,True,True,True,True,True,5,4.957777913659811,8.839388352114966,3828448659b718f5459f1726d70a8f2f442050f9c4deabf0a6352277bdaa5a8b
11,original-selected,arrival,108,True,True,True,True,True,True,14,5.541385617107153,11.39583680467059,3828448659b718f5459f1726d70a8f2f442050f9c4deabf0a6352277bdaa5a8b
11,original-selected,arrival,109,True,True,True,True,True,True,8,5.575752817094326,7.224373901166173,3828448659b718f5459f1726d70a8f2f442050f9c4deabf0a6352277bdaa5a8b
11,original-selected,arrival,110,False,True,True,True,True,True,1,4.1432976722717285,8.22521774194742,3828448659b718f5459f1726d70a8f2f442050f9c4deabf0a6352277bdaa5a8b
11,original-selected,arrival,111,True,True,True,True,True,True,12,3.937449771910906,9.144036987212338,3828448659b718f5459f1726d70a8f2f442050f9c4deabf0a6352277bdaa5a8b
11,original-selected,arrival,112,True,True,True,True,True,True,15,4.957114811986685,11.053809959340324,3828448659b718f5459f1726d70a8f2f442050f9c4deabf0a6352277bdaa5a8b
11,original-selected,arrival,113,True,True,True,True,True,True,16,4.542164970189333,9.096422884734533,3828448659b718f5459f1726d70a8f2f442050f9c4deabf0a6352277bdaa5a8b
11,original-selected,arrival,114,True,True,True,True,True,True,15,4.825531970709562,10.217926286072286,3828448659b718f5459f1726d70a8f2f442050f9c4deabf0a6352277bdaa5a8b
11,original-selected,arrival,115,True,True,True,True,True,True,11,4.323654342442751,9.972433919376396,3828448659b718f5459f1726d70a8f2f442050f9c4deabf0a6352277bdaa5a8b
11,original-selected,arrival,116,True,True,True,True,True,True,17,4.4091870076954365,6.954597650649948,3828448659b718f5459f1726d70a8f2f442050f9c4deabf0a6352277bdaa5a8b
11,original-selected,arrival,117,True,True,True,True,True,True,15,5.748199298977852,8.741862642277294,3828448659b718f5459f1726d70a8f2f442050f9c4deabf0a6352277bdaa5a8b
11,original-selected,arrival,118,True,True,True,True,True,True,17,4.7106933780014515,7.8424667474645995,3828448659b718f5459f1726d70a8f2f442050f9c4deabf0a6352277bdaa5a8b
11,original-selected,arrival,119,True,True,True,True,True,True,9,5.6014456786215305,9.110769697086145,3828448659b718f5459f1726d70a8f2f442050f9c4deabf0a6352277bdaa5a8b
11,original-selected,arrival,120,True,True,True,True,True,True,12,4.916434176266193,6.838567250803417,3828448659b718f5459f1726d70a8f2f442050f9c4deabf0a6352277bdaa5a8b
11,original-selected,arrival,121,False,True,True,True,True,True,2,5.159781314432621,8.863171924578598,3828448659b718f5459f1726d70a8f2f442050f9c4deabf0a6352277bdaa5a8b
11,original-selected,arrival,122,True,True,True,True,True,True,16,5.208052229136229,9.656440340067633,3828448659b718f5459f1726d70a8f2f442050f9c4deabf0a6352277bdaa5a8b
11,original-selected,arrival,123,True,True,True,True,True,True,4,5.978025496006012,10.11839250061863,3828448659b718f5459f1726d70a8f2f442050f9c4deabf0a6352277bdaa5a8b
11,original-selected,arrival,124,False,True,True,True,True,True,2,4.753831308335066,10.316043661046812,3828448659b718f5459f1726d70a8f2f442050f9c4deabf0a6352277bdaa5a8b
11,original-selected,arrival,125,True,True,True,True,True,True,5,5.09779853746295,6.556141063057506,3828448659b718f5459f1726d70a8f2f442050f9c4deabf0a6352277bdaa5a8b
11,original-selected,arrival,126,True,True,True,True,True,True,16,4.583490081131458,10.11322204741693,3828448659b718f5459f1726d70a8f2f442050f9c4deabf0a6352277bdaa5a8b
11,original-selected,arrival,127,True,True,True,True,True,True,16,4.171112086623907,10.089389809855463,3828448659b718f5459f1726d70a8f2f442050f9c4deabf0a6352277bdaa5a8b
11,dense1-final,fixed2,0,False,True,True,True,True,True,0,5.091044586151838,11.505641487088655,121f912db441fdc44c442fe85416f56e2f81cb5381b0239db10f7d1f61df011a
11,dense1-final,fixed2,1,False,True,True,True,True,True,0,4.77552181109786,10.047713703087338,121f912db441fdc44c442fe85416f56e2f81cb5381b0239db10f7d1f61df011a
11,dense1-final,fixed2,2,False,True,True,True,True,True,1,5.59254689142108,11.215826315321259,121f912db441fdc44c442fe85416f56e2f81cb5381b0239db10f7d1f61df011a
11,dense1-final,fixed2,3,False,True,True,True,True,True,0,4.482299089431763,11.26623140384866,121f912db441fdc44c442fe85416f56e2f81cb5381b0239db10f7d1f61df011a
11,dense1-final,fixed2,4,False,True,True,True,True,True,2,5.66500099375844,9.185258032627011,121f912db441fdc44c442fe85416f56e2f81cb5381b0239db10f7d1f61df011a
11,dense1-final,fixed2,5,False,True,True,True,True,True,2,5.911249667406082,10.087261352155357,121f912db441fdc44c442fe85416f56e2f81cb5381b0239db10f7d1f61df011a
11,dense1-final,fixed2,6,False,True,True,True,True,True,3,5.711402744054794,9.579100400548286,121f912db441fdc44c442fe85416f56e2f81cb5381b0239db10f7d1f61df011a
11,dense1-final,fixed2,7,False,True,True,True,True,True,4,5.21259056404233,10.913471770011364,121f912db441fdc44c442fe85416f56e2f81cb5381b0239db10f7d1f61df011a
11,dense1-final,fixed2,8,False,True,True,True,True,True,3,5.140632390975952,8.881471708912354,121f912db441fdc44c442fe85416f56e2f81cb5381b0239db10f7d1f61df011a
11,dense1-final,fixed2,9,False,True,True,True,True,True,3,5.604308098554611,10.565233721404619,121f912db441fdc44c442fe85416f56e2f81cb5381b0239db10f7d1f61df011a
11,dense1-final,fixed2,10,False,True,True,True,True,True,0,5.764284636825323,11.259831516596359,121f912db441fdc44c442fe85416f56e2f81cb5381b0239db10f7d1f61df011a
11,dense1-final,fixed2,11,False,True,True,True,True,True,0,5.602819379419088,10.80685849348299,121f912db441fdc44c442fe85416f56e2f81cb5381b0239db10f7d1f61df011a
11,dense1-final,fixed2,12,False,True,True,True,True,True,2,5.598684772849083,11.789486219747813,121f912db441fdc44c442fe85416f56e2f81cb5381b0239db10f7d1f61df011a
11,dense1-final,fixed2,13,False,True,True,True,True,True,0,5.234927870333195,11.074233078732309,121f912db441fdc44c442fe85416f56e2f81cb5381b0239db10f7d1f61df011a
11,dense1-final,fixed2,14,False,True,True,True,True,True,2,5.610845983028412,12.243665625023334,121f912db441fdc44c442fe85416f56e2f81cb5381b0239db10f7d1f61df011a
11,dense1-final,fixed2,15,False,True,True,True,True,True,0,5.011026281863451,12.019973514610832,121f912db441fdc44c442fe85416f56e2f81cb5381b0239db10f7d1f61df011a
11,dense1-final,fixed2,16,False,True,True,True,True,True,0,5.622342694550753,11.44759768574824,121f912db441fdc44c442fe85416f56e2f81cb5381b0239db10f7d1f61df011a
11,dense1-final,fixed2,17,False,True,True,True,True,True,0,4.984657280147076,11.894501232010406,121f912db441fdc44c442fe85416f56e2f81cb5381b0239db10f7d1f61df011a
11,dense1-final,fixed2,18,False,True,True,True,True,True,0,5.840935278683901,10.868802332839481,121f912db441fdc44c442fe85416f56e2f81cb5381b0239db10f7d1f61df011a
11,dense1-final,fixed2,19,False,True,True,True,True,True,0,5.440271459519863,11.138141451248826,121f912db441fdc44c442fe85416f56e2f81cb5381b0239db10f7d1f61df011a
11,dense1-final,fixed2,20,False,True,True,True,True,True,0,5.701650865375996,9.843102579894913,121f912db441fdc44c442fe85416f56e2f81cb5381b0239db10f7d1f61df011a
11,dense1-final,fixed2,21,False,True,True,True,True,True,0,5.15072513371706,9.60431831273762,121f912db441fdc44c442fe85416f56e2f81cb5381b0239db10f7d1f61df011a
11,dense1-final,fixed2,22,False,True,True,True,False,True,0,5.293976981192827,10.962077103692469,121f912db441fdc44c442fe85416f56e2f81cb5381b0239db10f7d1f61df011a
11,dense1-final,fixed2,23,False,True,True,True,True,True,0,4.989647772163153,11.080941178270908,121f912db441fdc44c442fe85416f56e2f81cb5381b0239db10f7d1f61df011a
11,dense1-final,fixed2,24,False,True,True,True,True,True,0,5.404177587479353,8.956509020907761,121f912db441fdc44c442fe85416f56e2f81cb5381b0239db10f7d1f61df011a
11,dense1-final,fixed2,25,False,True,True,True,True,True,2,5.255118943750858,11.237087840433862,121f912db441fdc44c442fe85416f56e2f81cb5381b0239db10f7d1f61df011a
11,dense1-final,fixed2,26,False,True,True,True,True,True,2,6.505708675831556,9.53051897252928,121f912db441fdc44c442fe85416f56e2f81cb5381b0239db10f7d1f61df011a
11,dense1-final,fixed2,27,False,True,True,True,True,True,0,5.030010361224413,10.570791787841717,121f912db441fdc44c442fe85416f56e2f81cb5381b0239db10f7d1f61df011a
11,dense1-final,fixed2,28,False,True,True,True,True,True,2,5.473512224853039,10.829767801732858,121f912db441fdc44c442fe85416f56e2f81cb5381b0239db10f7d1f61df011a
11,dense1-final,fixed2,29,False,True,True,True,True,True,1,5.156294908374548,11.017519456732755,121f912db441fdc44c442fe85416f56e2f81cb5381b0239db10f7d1f61df011a
11,dense1-final,fixed2,30,False,True,True,True,True,True,0,5.394887179136276,9.293362851715388,121f912db441fdc44c442fe85416f56e2f81cb5381b0239db10f7d1f61df011a
11,dense1-final,fixed2,31,False,True,True,True,True,True,0,5.860210862010717,9.038170762624432,121f912db441fdc44c442fe85416f56e2f81cb5381b0239db10f7d1f61df011a
11,dense1-final,fixed2,32,False,True,True,True,True,True,4,5.288067273795605,11.595348337873956,121f912db441fdc44c442fe85416f56e2f81cb5381b0239db10f7d1f61df011a
11,dense1-final,fixed2,33,False,True,True,True,True,True,0,5.312622059136629,11.118967402701308,121f912db441fdc44c442fe85416f56e2f81cb5381b0239db10f7d1f61df011a
11,dense1-final,fixed2,34,False,True,True,True,True,True,0,5.351835861802101,12.35805251060083,121f912db441fdc44c442fe85416f56e2f81cb5381b0239db10f7d1f61df011a
11,dense1-final,fixed2,35,False,True,True,True,True,True,0,5.257157608866692,11.214553338814698,121f912db441fdc44c442fe85416f56e2f81cb5381b0239db10f7d1f61df011a
11,dense1-final,fixed2,36,False,True,True,True,True,True,1,6.57320162281394,8.96692505939203,121f912db441fdc44c442fe85416f56e2f81cb5381b0239db10f7d1f61df011a
11,dense1-final,fixed2,37,False,True,True,True,True,True,0,5.2353618666529655,9.322164051898039,121f912db441fdc44c442fe85416f56e2f81cb5381b0239db10f7d1f61df011a
11,dense1-final,fixed2,38,False,True,True,True,True,True,0,5.8998302556574345,11.56532965647175,121f912db441fdc44c442fe85416f56e2f81cb5381b0239db10f7d1f61df011a
11,dense1-final,fixed2,39,False,True,True,True,True,True,0,5.248071625828743,12.246530035606508,121f912db441fdc44c442fe85416f56e2f81cb5381b0239db10f7d1f61df011a
11,dense1-final,fixed2,40,False,True,True,True,True,True,0,4.9103908240795135,12.191146592947813,121f912db441fdc44c442fe85416f56e2f81cb5381b0239db10f7d1f61df011a
11,dense1-final,fixed2,41,False,True,True,True,True,True,2,6.477115675806999,12.41112308045183,121f912db441fdc44c442fe85416f56e2f81cb5381b0239db10f7d1f61df011a
11,dense1-final,fixed2,42,False,True,True,True,True,True,0,4.665926098823547,13.605993812532923,121f912db441fdc44c442fe85416f56e2f81cb5381b0239db10f7d1f61df011a
11,dense1-final,fixed2,43,False,True,True,True,True,True,0,4.605329129844904,9.766468711181014,121f912db441fdc44c442fe85416f56e2f81cb5381b0239db10f7d1f61df011a
11,dense1-final,fixed2,44,False,True,True,True,True,True,1,5.332339555025101,11.363784434443014,121f912db441fdc44c442fe85416f56e2f81cb5381b0239db10f7d1f61df011a
11,dense1-final,fixed2,45,False,True,True,True,True,True,0,5.257994402199984,10.651902845556556,121f912db441fdc44c442fe85416f56e2f81cb5381b0239db10f7d1f61df011a
11,dense1-final,fixed2,46,False,True,True,True,True,True,0,5.480560939759016,10.703509193604235,121f912db441fdc44c442fe85416f56e2f81cb5381b0239db10f7d1f61df011a
11,dense1-final,fixed2,47,False,True,True,True,True,True,0,5.135910119861364,10.472008469423114,121f912db441fdc44c442fe85416f56e2f81cb5381b0239db10f7d1f61df011a
11,dense1-final,fixed2,48,False,True,True,True,True,True,0,5.1079257391393185,10.053081378001322,121f912db441fdc44c442fe85416f56e2f81cb5381b0239db10f7d1f61df011a
11,dense1-final,fixed2,49,False,True,True,True,True,True,0,4.411226604133844,11.095997476522555,121f912db441fdc44c442fe85416f56e2f81cb5381b0239db10f7d1f61df011a
11,dense1-final,fixed2,50,False,True,True,True,True,True,0,4.83208941295743,12.34393536336006,121f912db441fdc44c442fe85416f56e2f81cb5381b0239db10f7d1f61df011a
11,dense1-final,fixed2,51,False,True,True,True,True,True,0,5.624895449727774,11.43543909525197,121f912db441fdc44c442fe85416f56e2f81cb5381b0239db10f7d1f61df011a
11,dense1-final,fixed2,52,False,True,True,True,True,True,0,4.737230483442545,12.455322088344628,121f912db441fdc44c442fe85416f56e2f81cb5381b0239db10f7d1f61df011a
11,dense1-final,fixed2,53,False,True,True,True,True,True,0,5.064197815954685,11.938146994580434,121f912db441fdc44c442fe85416f56e2f81cb5381b0239db10f7d1f61df011a
11,dense1-final,fixed2,54,False,True,True,True,True,True,0,6.008102558553219,11.544391711571075,121f912db441fdc44c442fe85416f56e2f81cb5381b0239db10f7d1f61df011a
11,dense1-final,fixed2,55,False,True,True,True,True,True,0,5.8776261284947395,11.196347469582028,121f912db441fdc44c442fe85416f56e2f81cb5381b0239db10f7d1f61df011a
11,dense1-final,fixed2,56,False,True,True,True,True,True,0,5.401306785643101,10.821329956786954,121f912db441fdc44c442fe85416f56e2f81cb5381b0239db10f7d1f61df011a
11,dense1-final,fixed2,57,False,True,True,True,True,True,2,5.247065797448158,13.08723496865493,121f912db441fdc44c442fe85416f56e2f81cb5381b0239db10f7d1f61df011a
11,dense1-final,fixed2,58,False,True,True,True,True,True,0,4.812983330339193,10.257160600212133,121f912db441fdc44c442fe85416f56e2f81cb5381b0239db10f7d1f61df011a
11,dense1-final,fixed2,59,False,True,True,True,True,True,0,4.762719850987196,13.892434870850332,121f912db441fdc44c442fe85416f56e2f81cb5381b0239db10f7d1f61df011a
11,dense1-final,fixed2,60,False,True,False,True,False,True,0,4.870803095400333,15.722830799539015,121f912db441fdc44c442fe85416f56e2f81cb5381b0239db10f7d1f61df011a
11,dense1-final,fixed2,61,False,True,True,True,True,True,0,5.591848865151405,11.004956177528163,121f912db441fdc44c442fe85416f56e2f81cb5381b0239db10f7d1f61df011a
11,dense1-final,fixed2,62,False,True,True,True,True,True,0,5.920649040490389,10.915857213578992,121f912db441fdc44c442fe85416f56e2f81cb5381b0239db10f7d1f61df011a
11,dense1-final,fixed2,63,False,True,True,True,True,True,0,5.543213337659836,12.074572339288622,121f912db441fdc44c442fe85416f56e2f81cb5381b0239db10f7d1f61df011a
11,dense1-final,fixed2,64,False,True,True,True,True,True,0,4.842123482376337,9.37364660276701,121f912db441fdc44c442fe85416f56e2f81cb5381b0239db10f7d1f61df011a
11,dense1-final,fixed2,65,False,True,True,True,True,True,0,5.641555413603783,10.94359290425112,121f912db441fdc44c442fe85416f56e2f81cb5381b0239db10f7d1f61df011a
11,dense1-final,fixed2,66,False,True,True,True,True,True,0,5.803186446428299,9.92652821796474,121f912db441fdc44c442fe85416f56e2f81cb5381b0239db10f7d1f61df011a
11,dense1-final,fixed2,67,False,True,True,True,True,True,0,4.554841201752424,11.95733726482723,121f912db441fdc44c442fe85416f56e2f81cb5381b0239db10f7d1f61df011a
11,dense1-final,fixed2,68,False,True,True,True,True,True,0,4.8691146075725555,8.28484358585434,121f912db441fdc44c442fe85416f56e2f81cb5381b0239db10f7d1f61df011a
11,dense1-final,fixed2,69,False,True,True,True,True,True,0,5.542265251278877,9.523782698460353,121f912db441fdc44c442fe85416f56e2f81cb5381b0239db10f7d1f61df011a
11,dense1-final,fixed2,70,False,True,True,True,True,True,4,6.211814936250448,9.67653048773758,121f912db441fdc44c442fe85416f56e2f81cb5381b0239db10f7d1f61df011a
11,dense1-final,fixed2,71,False,True,True,True,True,True,0,4.659352358430624,10.924604978358486,121f912db441fdc44c442fe85416f56e2f81cb5381b0239db10f7d1f61df011a
11,dense1-final,fixed2,72,False,True,True,True,True,True,0,5.3025418892502785,12.925989570276561,121f912db441fdc44c442fe85416f56e2f81cb5381b0239db10f7d1f61df011a
11,dense1-final,fixed2,73,False,True,True,True,True,True,0,5.90379536151886,11.27583891868993,121f912db441fdc44c442fe85416f56e2f81cb5381b0239db10f7d1f61df011a
11,dense1-final,fixed2,74,False,True,True,True,True,True,3,5.7135699316859245,9.388612401012155,121f912db441fdc44c442fe85416f56e2f81cb5381b0239db10f7d1f61df011a
11,dense1-final,fixed2,75,False,True,True,True,True,True,0,5.7402849197387695,12.330550753907774,121f912db441fdc44c442fe85416f56e2f81cb5381b0239db10f7d1f61df011a
11,dense1-final,fixed2,76,False,True,True,True,True,True,0,6.687858607620001,11.055480794366039,121f912db441fdc44c442fe85416f56e2f81cb5381b0239db10f7d1f61df011a
11,dense1-final,fixed2,77,False,True,True,True,True,True,1,5.507711321115494,9.999804194927929,121f912db441fdc44c442fe85416f56e2f81cb5381b0239db10f7d1f61df011a
11,dense1-final,fixed2,78,False,True,True,True,True,True,0,5.349588114768267,12.5191041023615,121f912db441fdc44c442fe85416f56e2f81cb5381b0239db10f7d1f61df011a
11,dense1-final,fixed2,79,False,True,True,True,True,True,2,5.2036866545677185,12.058082555084917,121f912db441fdc44c442fe85416f56e2f81cb5381b0239db10f7d1f61df011a
11,dense1-final,fixed2,80,False,True,True,True,True,True,1,5.826817825436592,11.344309003798369,121f912db441fdc44c442fe85416f56e2f81cb5381b0239db10f7d1f61df011a
11,dense1-final,fixed2,81,False,True,True,True,True,True,2,5.757370498031378,12.527625617124738,121f912db441fdc44c442fe85416f56e2f81cb5381b0239db10f7d1f61df011a
11,dense1-final,fixed2,82,False,True,True,True,True,True,0,4.713662434369326,10.683679446896395,121f912db441fdc44c442fe85416f56e2f81cb5381b0239db10f7d1f61df011a
11,dense1-final,fixed2,83,False,True,True,True,True,True,2,5.526788532733917,12.699777120060324,121f912db441fdc44c442fe85416f56e2f81cb5381b0239db10f7d1f61df011a
11,dense1-final,fixed2,84,True,True,True,True,True,True,5,5.402142647653818,10.529435846190935,121f912db441fdc44c442fe85416f56e2f81cb5381b0239db10f7d1f61df011a
11,dense1-final,fixed2,85,False,True,True,True,True,True,3,6.215153262019157,11.539317734791402,121f912db441fdc44c442fe85416f56e2f81cb5381b0239db10f7d1f61df011a
11,dense1-final,fixed2,86,False,True,True,True,True,True,3,5.791040137410164,10.534686554115384,121f912db441fdc44c442fe85416f56e2f81cb5381b0239db10f7d1f61df011a
11,dense1-final,fixed2,87,False,True,True,True,True,True,0,4.828330595046282,11.688211589829448,121f912db441fdc44c442fe85416f56e2f81cb5381b0239db10f7d1f61df011a
11,dense1-final,fixed2,88,False,True,True,True,True,True,0,5.344714038074017,12.269794513693219,121f912db441fdc44c442fe85416f56e2f81cb5381b0239db10f7d1f61df011a
11,dense1-final,fixed2,89,False,True,True,True,True,True,0,5.153754260390997,9.631877272264974,121f912db441fdc44c442fe85416f56e2f81cb5381b0239db10f7d1f61df011a
11,dense1-final,fixed2,90,False,True,False,True,True,True,0,4.9291555769741535,15.288982306101682,121f912db441fdc44c442fe85416f56e2f81cb5381b0239db10f7d1f61df011a
11,dense1-final,fixed2,91,False,True,True,True,True,True,0,4.845685325562954,11.076506677952278,121f912db441fdc44c442fe85416f56e2f81cb5381b0239db10f7d1f61df011a
11,dense1-final,fixed2,92,False,True,True,True,True,True,0,4.939909093081951,11.062863375085177,121f912db441fdc44c442fe85416f56e2f81cb5381b0239db10f7d1f61df011a
11,dense1-final,fixed2,93,False,True,True,True,True,True,0,5.550924688577652,9.135557307357768,121f912db441fdc44c442fe85416f56e2f81cb5381b0239db10f7d1f61df011a
11,dense1-final,fixed2,94,False,True,True,True,True,True,0,5.580987315624952,9.37811098516326,121f912db441fdc44c442fe85416f56e2f81cb5381b0239db10f7d1f61df011a
11,dense1-final,fixed2,95,False,True,True,True,True,True,4,5.615700967609882,10.131799308185718,121f912db441fdc44c442fe85416f56e2f81cb5381b0239db10f7d1f61df011a
11,dense1-final,fixed2,96,False,True,True,True,True,True,1,6.391111761331558,10.523384298586304,121f912db441fdc44c442fe85416f56e2f81cb5381b0239db10f7d1f61df011a
11,dense1-final,fixed2,97,False,True,True,True,True,True,0,5.227832123637199,8.736547047555732,121f912db441fdc44c442fe85416f56e2f81cb5381b0239db10f7d1f61df011a
11,dense1-final,fixed2,98,False,True,True,True,True,True,0,5.059198942035437,12.272371202557606,121f912db441fdc44c442fe85416f56e2f81cb5381b0239db10f7d1f61df011a
11,dense1-final,fixed2,99,False,True,True,True,True,True,2,4.873819649219513,10.102421810791848,121f912db441fdc44c442fe85416f56e2f81cb5381b0239db10f7d1f61df011a
11,dense1-final,fixed2,100,False,True,True,True,True,True,0,5.05026476457715,8.995898721851225,121f912db441fdc44c442fe85416f56e2f81cb5381b0239db10f7d1f61df011a
11,dense1-final,fixed2,101,False,True,True,True,True,True,0,5.517501849681139,10.015908073443526,121f912db441fdc44c442fe85416f56e2f81cb5381b0239db10f7d1f61df011a
11,dense1-final,fixed2,102,False,True,True,True,True,True,3,4.767139442265034,9.174239229948489,121f912db441fdc44c442fe85416f56e2f81cb5381b0239db10f7d1f61df011a
11,dense1-final,fixed2,103,False,True,True,True,True,True,0,5.267007742077112,8.943746812443592,121f912db441fdc44c442fe85416f56e2f81cb5381b0239db10f7d1f61df011a
11,dense1-final,fixed2,104,False,True,False,True,True,True,0,4.90455562248826,14.414456837604297,121f912db441fdc44c442fe85416f56e2f81cb5381b0239db10f7d1f61df011a
11,dense1-final,fixed2,105,False,True,True,True,True,True,2,6.058752071112394,9.754625163160213,121f912db441fdc44c442fe85416f56e2f81cb5381b0239db10f7d1f61df011a
11,dense1-final,fixed2,106,False,True,True,True,True,True,2,6.356694269925356,10.526029289342391,121f912db441fdc44c442fe85416f56e2f81cb5381b0239db10f7d1f61df011a
11,dense1-final,fixed2,107,False,True,True,True,True,True,2,6.407453678548336,11.139664583433738,121f912db441fdc44c442fe85416f56e2f81cb5381b0239db10f7d1f61df011a
11,dense1-final,fixed2,108,False,True,True,True,True,True,4,6.422418635338545,8.752545058139193,121f912db441fdc44c442fe85416f56e2f81cb5381b0239db10f7d1f61df011a
11,dense1-final,fixed2,109,False,True,True,True,True,True,0,5.800294224172831,10.604604639327865,121f912db441fdc44c442fe85416f56e2f81cb5381b0239db10f7d1f61df011a
11,dense1-final,fixed2,110,False,True,True,True,True,True,0,5.01814903691411,10.59265436960128,121f912db441fdc44c442fe85416f56e2f81cb5381b0239db10f7d1f61df011a
11,dense1-final,fixed2,111,False,True,True,True,True,True,2,4.8006153665483,10.045954075602413,121f912db441fdc44c442fe85416f56e2f81cb5381b0239db10f7d1f61df011a
11,dense1-final,fixed2,112,False,True,True,True,True,True,0,5.288305226713419,11.101696415611285,121f912db441fdc44c442fe85416f56e2f81cb5381b0239db10f7d1f61df011a
11,dense1-final,fixed2,113,False,True,True,True,True,True,4,5.561120342463255,10.06073033609809,121f912db441fdc44c442fe85416f56e2f81cb5381b0239db10f7d1f61df011a
11,dense1-final,fixed2,114,False,True,True,True,True,True,0,4.60861437022686,10.062156991860975,121f912db441fdc44c442fe85416f56e2f81cb5381b0239db10f7d1f61df011a
11,dense1-final,fixed2,115,False,True,True,True,True,True,0,5.311604589223862,12.248332351773746,121f912db441fdc44c442fe85416f56e2f81cb5381b0239db10f7d1f61df011a
11,dense1-final,fixed2,116,False,True,True,True,True,True,0,5.1732296124100685,13.073802547878453,121f912db441fdc44c442fe85416f56e2f81cb5381b0239db10f7d1f61df011a
11,dense1-final,fixed2,117,False,True,True,True,True,True,0,6.047463975846767,11.411467692586164,121f912db441fdc44c442fe85416f56e2f81cb5381b0239db10f7d1f61df011a
11,dense1-final,fixed2,118,False,True,True,True,True,True,0,5.055917892605066,11.473553258367934,121f912db441fdc44c442fe85416f56e2f81cb5381b0239db10f7d1f61df011a
11,dense1-final,fixed2,119,False,True,True,True,True,True,0,6.728997454047203,10.548463899444945,121f912db441fdc44c442fe85416f56e2f81cb5381b0239db10f7d1f61df011a
11,dense1-final,fixed2,120,False,True,True,True,True,True,0,5.05274161696434,11.40175430981276,121f912db441fdc44c442fe85416f56e2f81cb5381b0239db10f7d1f61df011a
11,dense1-final,fixed2,121,False,True,True,True,True,True,0,4.682933446019888,12.579295144422238,121f912db441fdc44c442fe85416f56e2f81cb5381b0239db10f7d1f61df011a
11,dense1-final,fixed2,122,False,True,True,True,True,True,1,6.270220968872309,9.319486617743394,121f912db441fdc44c442fe85416f56e2f81cb5381b0239db10f7d1f61df011a
11,dense1-final,fixed2,123,False,True,True,True,True,True,0,6.0753365978598595,12.24119565786473,121f912db441fdc44c442fe85416f56e2f81cb5381b0239db10f7d1f61df011a
11,dense1-final,fixed2,124,False,True,True,True,True,True,0,4.895621910691261,12.579999507680395,121f912db441fdc44c442fe85416f56e2f81cb5381b0239db10f7d1f61df011a
11,dense1-final,fixed2,125,False,True,True,True,True,True,1,5.868297535926104,11.383078011301007,121f912db441fdc44c442fe85416f56e2f81cb5381b0239db10f7d1f61df011a
11,dense1-final,fixed2,126,False,True,True,True,True,True,0,5.187086295336485,11.605906956557149,121f912db441fdc44c442fe85416f56e2f81cb5381b0239db10f7d1f61df011a
11,dense1-final,fixed2,127,False,True,True,True,True,True,0,4.829769022762775,11.584484068225404,121f912db441fdc44c442fe85416f56e2f81cb5381b0239db10f7d1f61df011a
11,dense1-final,fixed5,0,False,True,True,True,True,True,0,4.916185978800058,10.686280895196523,121f912db441fdc44c442fe85416f56e2f81cb5381b0239db10f7d1f61df011a
11,dense1-final,fixed5,1,False,True,True,True,True,True,0,4.602437373250723,9.30250762124039,121f912db441fdc44c442fe85416f56e2f81cb5381b0239db10f7d1f61df011a
11,dense1-final,fixed5,2,False,True,True,True,True,True,0,5.38962846621871,8.489896963795523,121f912db441fdc44c442fe85416f56e2f81cb5381b0239db10f7d1f61df011a
11,dense1-final,fixed5,3,False,True,True,True,True,True,0,4.492812789976597,8.628387586953995,121f912db441fdc44c442fe85416f56e2f81cb5381b0239db10f7d1f61df011a
11,dense1-final,fixed5,4,False,True,True,True,True,True,0,5.9560611844062805,9.943001780469165,121f912db441fdc44c442fe85416f56e2f81cb5381b0239db10f7d1f61df011a
11,dense1-final,fixed5,5,False,True,True,True,True,True,0,5.119141191244125,9.805045619613248,121f912db441fdc44c442fe85416f56e2f81cb5381b0239db10f7d1f61df011a
11,dense1-final,fixed5,6,False,True,True,True,True,True,0,6.19435403496027,11.668761772394191,121f912db441fdc44c442fe85416f56e2f81cb5381b0239db10f7d1f61df011a
11,dense1-final,fixed5,7,False,True,True,True,True,True,0,5.153175443410873,12.235618808407413,121f912db441fdc44c442fe85416f56e2f81cb5381b0239db10f7d1f61df011a
11,dense1-final,fixed5,8,False,True,True,True,True,True,0,5.528551526367664,8.28956239279717,121f912db441fdc44c442fe85416f56e2f81cb5381b0239db10f7d1f61df011a
11,dense1-final,fixed5,9,False,True,True,True,True,True,0,5.467836279422045,9.65397891064549,121f912db441fdc44c442fe85416f56e2f81cb5381b0239db10f7d1f61df011a
11,dense1-final,fixed5,10,False,True,True,True,True,True,0,5.314459092915058,11.098662104072506,121f912db441fdc44c442fe85416f56e2f81cb5381b0239db10f7d1f61df011a
11,dense1-final,fixed5,11,False,True,True,True,True,True,0,4.9304235726594925,12.288690232032058,121f912db441fdc44c442fe85416f56e2f81cb5381b0239db10f7d1f61df011a
11,dense1-final,fixed5,12,False,True,True,True,True,True,0,4.451556596904993,12.833460997590398,121f912db441fdc44c442fe85416f56e2f81cb5381b0239db10f7d1f61df011a
11,dense1-final,fixed5,13,False,True,True,True,True,True,0,5.20411878824234,11.852890865813041,121f912db441fdc44c442fe85416f56e2f81cb5381b0239db10f7d1f61df011a
11,dense1-final,fixed5,14,False,True,True,True,True,True,0,6.3042547553777695,11.558502882396322,121f912db441fdc44c442fe85416f56e2f81cb5381b0239db10f7d1f61df011a
11,dense1-final,fixed5,15,False,True,True,True,True,True,0,4.647254478186369,11.184239251730888,121f912db441fdc44c442fe85416f56e2f81cb5381b0239db10f7d1f61df011a
11,dense1-final,fixed5,16,False,True,True,True,True,True,0,5.269291345030069,10.933590092211638,121f912db441fdc44c442fe85416f56e2f81cb5381b0239db10f7d1f61df011a
11,dense1-final,fixed5,17,False,True,True,True,True,True,0,4.786897916346788,11.227231023687887,121f912db441fdc44c442fe85416f56e2f81cb5381b0239db10f7d1f61df011a
11,dense1-final,fixed5,18,False,True,True,True,True,True,0,5.521024577319622,13.669897916181208,121f912db441fdc44c442fe85416f56e2f81cb5381b0239db10f7d1f61df011a
11,dense1-final,fixed5,19,False,True,True,True,True,True,0,6.047062110155821,11.371260076489593,121f912db441fdc44c442fe85416f56e2f81cb5381b0239db10f7d1f61df011a
11,dense1-final,fixed5,20,False,True,True,True,True,True,0,4.630018025636673,12.893865483062699,121f912db441fdc44c442fe85416f56e2f81cb5381b0239db10f7d1f61df011a
11,dense1-final,fixed5,21,False,True,True,True,True,True,0,5.044067744165659,10.381670679913233,121f912db441fdc44c442fe85416f56e2f81cb5381b0239db10f7d1f61df011a
11,dense1-final,fixed5,22,False,True,True,True,False,True,0,5.293976981192827,10.52530785061131,121f912db441fdc44c442fe85416f56e2f81cb5381b0239db10f7d1f61df011a
11,dense1-final,fixed5,23,False,True,True,True,True,True,0,4.745340906083584,9.430880172917133,121f912db441fdc44c442fe85416f56e2f81cb5381b0239db10f7d1f61df011a
11,dense1-final,fixed5,24,False,True,True,True,True,True,0,5.161662120372057,9.359613125343573,121f912db441fdc44c442fe85416f56e2f81cb5381b0239db10f7d1f61df011a
11,dense1-final,fixed5,25,False,True,True,True,True,True,0,5.247850436717272,11.484705249735272,121f912db441fdc44c442fe85416f56e2f81cb5381b0239db10f7d1f61df011a
11,dense1-final,fixed5,26,False,True,True,True,True,True,1,6.002740003168583,9.07461665203562,121f912db441fdc44c442fe85416f56e2f81cb5381b0239db10f7d1f61df011a
11,dense1-final,fixed5,27,False,True,True,True,True,True,0,4.539725836366415,11.190079063471249,121f912db441fdc44c442fe85416f56e2f81cb5381b0239db10f7d1f61df011a
11,dense1-final,fixed5,28,False,True,True,True,True,True,0,5.705659277737141,12.817784859671573,121f912db441fdc44c442fe85416f56e2f81cb5381b0239db10f7d1f61df011a
11,dense1-final,fixed5,29,False,True,True,True,True,True,0,5.71348425000906,10.808843517210525,121f912db441fdc44c442fe85416f56e2f81cb5381b0239db10f7d1f61df011a
11,dense1-final,fixed5,30,False,True,True,True,True,True,0,5.526268854737282,11.34277135746147,121f912db441fdc44c442fe85416f56e2f81cb5381b0239db10f7d1f61df011a
11,dense1-final,fixed5,31,False,True,True,True,True,True,0,6.00056629627943,10.443794665509085,121f912db441fdc44c442fe85416f56e2f81cb5381b0239db10f7d1f61df011a
11,dense1-final,fixed5,32,False,True,True,True,True,True,0,5.218759644776583,11.199141016952563,121f912db441fdc44c442fe85416f56e2f81cb5381b0239db10f7d1f61df011a
11,dense1-final,fixed5,33,False,True,True,True,True,True,0,5.664447322487831,12.460774286849592,121f912db441fdc44c442fe85416f56e2f81cb5381b0239db10f7d1f61df011a
11,dense1-final,fixed5,34,False,True,True,True,True,True,0,4.542941693216562,12.19086057877632,121f912db441fdc44c442fe85416f56e2f81cb5381b0239db10f7d1f61df011a
11,dense1-final,fixed5,35,True,True,True,True,True,True,2,4.893474746495485,9.036024375677757,121f912db441fdc44c442fe85416f56e2f81cb5381b0239db10f7d1f61df011a
11,dense1-final,fixed5,36,False,True,True,True,True,True,0,5.571345333009958,12.077218183818355,121f912db441fdc44c442fe85416f56e2f81cb5381b0239db10f7d1f61df011a
11,dense1-final,fixed5,37,False,True,True,True,True,True,0,6.06232276186347,9.322164051898039,121f912db441fdc44c442fe85416f56e2f81cb5381b0239db10f7d1f61df011a
11,dense1-final,fixed5,38,False,True,True,True,True,True,0,5.324539262801409,10.664223653045614,121f912db441fdc44c442fe85416f56e2f81cb5381b0239db10f7d1f61df011a
11,dense1-final,fixed5,39,False,True,True,True,True,True,0,5.321210715919733,10.892258909996597,121f912db441fdc44c442fe85416f56e2f81cb5381b0239db10f7d1f61df011a
11,dense1-final,fixed5,40,False,True,True,True,True,True,0,4.627389833331108,12.085702132541158,121f912db441fdc44c442fe85416f56e2f81cb5381b0239db10f7d1f61df011a
11,dense1-final,fixed5,41,False,True,True,True,True,True,0,7.056012284010649,8.664114598955038,121f912db441fdc44c442fe85416f56e2f81cb5381b0239db10f7d1f61df011a
11,dense1-final,fixed5,42,False,True,True,True,True,True,0,4.910753574222326,12.441588285471026,121f912db441fdc44c442fe85416f56e2f81cb5381b0239db10f7d1f61df011a
11,dense1-final,fixed5,43,False,True,True,True,True,True,0,4.078700672835112,10.782903312516462,121f912db441fdc44c442fe85416f56e2f81cb5381b0239db10f7d1f61df011a
11,dense1-final,fixed5,44,False,True,True,True,True,True,0,5.540031939744949,10.665877412598403,121f912db441fdc44c442fe85416f56e2f81cb5381b0239db10f7d1f61df011a
11,dense1-final,fixed5,45,False,True,True,True,True,True,0,5.050100386142731,12.752945873880641,121f912db441fdc44c442fe85416f56e2f81cb5381b0239db10f7d1f61df011a
11,dense1-final,fixed5,46,False,True,True,True,True,True,0,4.887796938419342,11.699673501030377,121f912db441fdc44c442fe85416f56e2f81cb5381b0239db10f7d1f61df011a
11,dense1-final,fixed5,47,False,True,True,True,True,True,0,5.380536429584026,8.399087037459266,121f912db441fdc44c442fe85416f56e2f81cb5381b0239db10f7d1f61df011a
11,dense1-final,fixed5,48,False,True,True,True,True,True,0,4.801895469427109,8.12708329149997,121f912db441fdc44c442fe85416f56e2f81cb5381b0239db10f7d1f61df011a
11,dense1-final,fixed5,49,False,True,True,True,True,True,0,4.19312808662653,10.043364580133332,121f912db441fdc44c442fe85416f56e2f81cb5381b0239db10f7d1f61df011a
11,dense1-final,fixed5,50,False,True,True,True,True,True,0,4.8664934001863,13.112866107289049,121f912db441fdc44c442fe85416f56e2f81cb5381b0239db10f7d1f61df011a
11,dense1-final,fixed5,51,False,True,True,True,True,True,0,5.318695213645697,14.16043356463506,121f912db441fdc44c442fe85416f56e2f81cb5381b0239db10f7d1f61df011a
11,dense1-final,fixed5,52,False,True,True,True,True,True,0,4.5649767853319645,11.939463513542952,121f912db441fdc44c442fe85416f56e2f81cb5381b0239db10f7d1f61df011a
11,dense1-final,fixed5,53,False,True,True,True,True,True,0,5.064197815954685,11.777111624519042,121f912db441fdc44c442fe85416f56e2f81cb5381b0239db10f7d1f61df011a
11,dense1-final,fixed5,54,False,True,True,True,True,True,0,5.762620363384485,12.53748072632342,121f912db441fdc44c442fe85416f56e2f81cb5381b0239db10f7d1f61df011a
11,dense1-final,fixed5,55,False,True,True,True,True,True,0,5.10376738384366,12.720128522466023,121f912db441fdc44c442fe85416f56e2f81cb5381b0239db10f7d1f61df011a
11,dense1-final,fixed5,56,False,True,True,True,True,True,0,4.876390565186739,11.775553487614633,121f912db441fdc44c442fe85416f56e2f81cb5381b0239db10f7d1f61df011a
11,dense1-final,fixed5,57,False,True,True,True,True,True,0,4.415662027895451,13.403674217807035,121f912db441fdc44c442fe85416f56e2f81cb5381b0239db10f7d1f61df011a
11,dense1-final,fixed5,58,False,True,True,True,True,True,0,4.243869334459305,10.016178719689389,121f912db441fdc44c442fe85416f56e2f81cb5381b0239db10f7d1f61df011a
11,dense1-final,fixed5,59,False,True,True,True,True,True,0,4.366852343082428,13.936520326848179,121f912db441fdc44c442fe85416f56e2f81cb5381b0239db10f7d1f61df011a
11,dense1-final,fixed5,60,False,True,False,True,False,True,0,4.870803095400333,15.722830799539015,121f912db441fdc44c442fe85416f56e2f81cb5381b0239db10f7d1f61df011a
11,dense1-final,fixed5,61,False,True,True,True,True,True,0,5.231678485870361,12.067893268053995,121f912db441fdc44c442fe85416f56e2f81cb5381b0239db10f7d1f61df011a
11,dense1-final,fixed5,62,False,True,True,True,True,True,0,6.306472700089216,10.572886094595972,121f912db441fdc44c442fe85416f56e2f81cb5381b0239db10f7d1f61df011a
11,dense1-final,fixed5,63,False,True,True,True,True,True,0,4.816553555428982,12.67459592013778,121f912db441fdc44c442fe85416f56e2f81cb5381b0239db10f7d1f61df011a
11,dense1-final,fixed5,64,False,True,True,True,True,True,0,4.623934160917997,10.927512931397619,121f912db441fdc44c442fe85416f56e2f81cb5381b0239db10f7d1f61df011a
11,dense1-final,fixed5,65,False,True,True,True,True,True,0,4.8133609816432,9.224227676936518,121f912db441fdc44c442fe85416f56e2f81cb5381b0239db10f7d1f61df011a
11,dense1-final,fixed5,66,False,True,True,True,True,True,0,6.020728964358568,10.179554283315156,121f912db441fdc44c442fe85416f56e2f81cb5381b0239db10f7d1f61df011a
11,dense1-final,fixed5,67,False,True,True,True,True,True,0,5.65748056396842,9.278359487429809,121f912db441fdc44c442fe85416f56e2f81cb5381b0239db10f7d1f61df011a
11,dense1-final,fixed5,68,False,True,True,True,True,True,0,4.791565239429474,7.477530593884464,121f912db441fdc44c442fe85416f56e2f81cb5381b0239db10f7d1f61df011a
11,dense1-final,fixed5,69,False,True,True,True,True,True,0,5.462531000375748,10.495748499430787,121f912db441fdc44c442fe85416f56e2f81cb5381b0239db10f7d1f61df011a
11,dense1-final,fixed5,70,False,True,True,True,True,True,0,5.87133876979351,9.67653048773758,121f912db441fdc44c442fe85416f56e2f81cb5381b0239db10f7d1f61df011a
11,dense1-final,fixed5,71,False,True,True,True,True,True,0,4.480648785829544,9.861535552917484,121f912db441fdc44c442fe85416f56e2f81cb5381b0239db10f7d1f61df011a
11,dense1-final,fixed5,72,False,True,True,True,True,True,0,4.7294809482991695,11.309428935254406,121f912db441fdc44c442fe85416f56e2f81cb5381b0239db10f7d1f61df011a
11,dense1-final,fixed5,73,False,True,True,True,True,True,0,5.050814710557461,10.17817287755552,121f912db441fdc44c442fe85416f56e2f81cb5381b0239db10f7d1f61df011a
11,dense1-final,fixed5,74,False,True,True,True,True,True,0,5.599545314908028,8.095364746768077,121f912db441fdc44c442fe85416f56e2f81cb5381b0239db10f7d1f61df011a
11,dense1-final,fixed5,75,False,True,True,True,True,True,0,4.397375974804163,10.404593648541443,121f912db441fdc44c442fe85416f56e2f81cb5381b0239db10f7d1f61df011a
11,dense1-final,fixed5,76,False,True,True,True,True,True,0,6.238542962819338,10.306259415060769,121f912db441fdc44c442fe85416f56e2f81cb5381b0239db10f7d1f61df011a
11,dense1-final,fixed5,77,False,True,True,True,True,True,0,5.750508047640324,10.13396960079449,121f912db441fdc44c442fe85416f56e2f81cb5381b0239db10f7d1f61df011a
11,dense1-final,fixed5,78,False,True,True,True,True,True,0,4.720786586403847,9.287603294697774,121f912db441fdc44c442fe85416f56e2f81cb5381b0239db10f7d1f61df011a
11,dense1-final,fixed5,79,False,True,True,True,True,True,0,5.704010371118784,12.99873023116355,121f912db441fdc44c442fe85416f56e2f81cb5381b0239db10f7d1f61df011a
11,dense1-final,fixed5,80,False,True,True,True,True,True,0,5.5419765412807465,12.551241849953703,121f912db441fdc44c442fe85416f56e2f81cb5381b0239db10f7d1f61df011a
11,dense1-final,fixed5,81,False,True,True,True,True,True,0,5.349589511752129,10.227572220727637,121f912db441fdc44c442fe85416f56e2f81cb5381b0239db10f7d1f61df011a
11,dense1-final,fixed5,82,False,True,True,True,True,True,0,4.720211029052734,12.505357492883203,121f912db441fdc44c442fe85416f56e2f81cb5381b0239db10f7d1f61df011a
11,dense1-final,fixed5,83,False,True,True,True,True,True,0,4.740569740533829,12.560217572296745,121f912db441fdc44c442fe85416f56e2f81cb5381b0239db10f7d1f61df011a
11,dense1-final,fixed5,84,False,True,True,True,True,True,0,5.132333375513554,9.957452753205619,121f912db441fdc44c442fe85416f56e2f81cb5381b0239db10f7d1f61df011a
11,dense1-final,fixed5,85,False,True,True,True,True,True,0,5.154695361852646,12.83026703037977,121f912db441fdc44c442fe85416f56e2f81cb5381b0239db10f7d1f61df011a
11,dense1-final,fixed5,86,False,True,True,True,True,True,0,4.393250681459904,13.034894375271476,121f912db441fdc44c442fe85416f56e2f81cb5381b0239db10f7d1f61df011a
11,dense1-final,fixed5,87,False,True,True,True,True,True,0,4.586090333759785,11.853140167717747,121f912db441fdc44c442fe85416f56e2f81cb5381b0239db10f7d1f61df011a
11,dense1-final,fixed5,88,False,True,True,True,True,True,0,4.757662769407034,12.192138677924758,121f912db441fdc44c442fe85416f56e2f81cb5381b0239db10f7d1f61df011a
11,dense1-final,fixed5,89,False,True,True,True,True,True,0,4.869317635893822,9.811004959664084,121f912db441fdc44c442fe85416f56e2f81cb5381b0239db10f7d1f61df011a
11,dense1-final,fixed5,90,False,True,True,True,True,True,0,5.967108532786369,10.457594208953449,121f912db441fdc44c442fe85416f56e2f81cb5381b0239db10f7d1f61df011a
11,dense1-final,fixed5,91,False,True,True,True,True,True,0,4.4965725392103195,10.191815326648975,121f912db441fdc44c442fe85416f56e2f81cb5381b0239db10f7d1f61df011a
11,dense1-final,fixed5,92,False,True,True,True,True,True,0,4.134295042604208,9.718727396429918,121f912db441fdc44c442fe85416f56e2f81cb5381b0239db10f7d1f61df011a
11,dense1-final,fixed5,93,False,True,True,True,True,True,0,5.847735330462456,11.08034609803947,121f912db441fdc44c442fe85416f56e2f81cb5381b0239db10f7d1f61df011a
11,dense1-final,fixed5,94,False,True,True,True,True,True,0,5.258301272988319,9.889863762500111,121f912db441fdc44c442fe85416f56e2f81cb5381b0239db10f7d1f61df011a
11,dense1-final,fixed5,95,False,True,True,True,True,True,0,4.717373754829168,13.302140894473856,121f912db441fdc44c442fe85416f56e2f81cb5381b0239db10f7d1f61df011a
11,dense1-final,fixed5,96,False,True,True,True,True,True,0,4.7689941711723804,9.843900004480512,121f912db441fdc44c442fe85416f56e2f81cb5381b0239db10f7d1f61df011a
11,dense1-final,fixed5,97,False,True,True,True,True,True,0,5.467675160616636,8.521407187757731,121f912db441fdc44c442fe85416f56e2f81cb5381b0239db10f7d1f61df011a
11,dense1-final,fixed5,98,False,True,True,True,True,True,0,5.224267952144146,13.919220311454183,121f912db441fdc44c442fe85416f56e2f81cb5381b0239db10f7d1f61df011a
11,dense1-final,fixed5,99,False,True,True,True,True,True,0,5.166351329535246,12.023849646964814,121f912db441fdc44c442fe85416f56e2f81cb5381b0239db10f7d1f61df011a
11,dense1-final,fixed5,100,False,True,True,True,True,True,0,5.336000118404627,8.995898721851225,121f912db441fdc44c442fe85416f56e2f81cb5381b0239db10f7d1f61df011a
11,dense1-final,fixed5,101,False,True,True,True,True,True,0,6.61740405485034,11.447120426279985,121f912db441fdc44c442fe85416f56e2f81cb5381b0239db10f7d1f61df011a
11,dense1-final,fixed5,102,False,True,True,True,True,True,0,4.990509245544672,12.28726186872188,121f912db441fdc44c442fe85416f56e2f81cb5381b0239db10f7d1f61df011a
11,dense1-final,fixed5,103,False,True,True,True,True,True,0,5.105842836201191,11.491211858693356,121f912db441fdc44c442fe85416f56e2f81cb5381b0239db10f7d1f61df011a
11,dense1-final,fixed5,104,False,True,True,True,True,True,1,7.182825356721878,13.619334025755602,121f912db441fdc44c442fe85416f56e2f81cb5381b0239db10f7d1f61df011a
11,dense1-final,fixed5,105,False,True,True,True,True,True,0,5.729896482080221,10.674540653786918,121f912db441fdc44c442fe85416f56e2f81cb5381b0239db10f7d1f61df011a
11,dense1-final,fixed5,106,False,True,False,True,True,True,0,5.425553303211927,14.63040692859259,121f912db441fdc44c442fe85416f56e2f81cb5381b0239db10f7d1f61df011a
11,dense1-final,fixed5,107,False,True,True,True,True,True,0,5.593109410256147,11.485959443221617,121f912db441fdc44c442fe85416f56e2f81cb5381b0239db10f7d1f61df011a
11,dense1-final,fixed5,108,False,True,True,True,True,True,0,6.487238220870495,10.316846208274288,121f912db441fdc44c442fe85416f56e2f81cb5381b0239db10f7d1f61df011a
11,dense1-final,fixed5,109,False,True,True,True,True,True,0,5.738864187151194,10.057666996255339,121f912db441fdc44c442fe85416f56e2f81cb5381b0239db10f7d1f61df011a
11,dense1-final,fixed5,110,False,True,True,True,True,True,0,6.0967206954956055,10.507892575775069,121f912db441fdc44c442fe85416f56e2f81cb5381b0239db10f7d1f61df011a
11,dense1-final,fixed5,111,False,True,True,True,True,True,0,4.39870823174715,11.057832940761463,121f912db441fdc44c442fe85416f56e2f81cb5381b0239db10f7d1f61df011a
11,dense1-final,fixed5,112,False,True,True,True,True,True,0,4.887696355581284,12.340580032930292,121f912db441fdc44c442fe85416f56e2f81cb5381b0239db10f7d1f61df011a
11,dense1-final,fixed5,113,False,True,True,True,True,True,0,6.070061586797237,10.362474433250913,121f912db441fdc44c442fe85416f56e2f81cb5381b0239db10f7d1f61df011a
11,dense1-final,fixed5,114,False,True,False,True,True,True,0,4.915738943964243,14.543496186498762,121f912db441fdc44c442fe85416f56e2f81cb5381b0239db10f7d1f61df011a
11,dense1-final,fixed5,115,False,True,True,True,True,True,0,5.009353160858154,11.839394412013096,121f912db441fdc44c442fe85416f56e2f81cb5381b0239db10f7d1f61df011a
11,dense1-final,fixed5,116,False,True,True,True,True,True,0,5.453688558191061,13.108796168317367,121f912db441fdc44c442fe85416f56e2f81cb5381b0239db10f7d1f61df011a
11,dense1-final,fixed5,117,False,True,True,True,True,True,0,6.050336174666882,12.195657932894607,121f912db441fdc44c442fe85416f56e2f81cb5381b0239db10f7d1f61df011a
11,dense1-final,fixed5,118,False,True,True,True,True,True,0,4.827097058296204,10.7240279356446,121f912db441fdc44c442fe85416f56e2f81cb5381b0239db10f7d1f61df011a
11,dense1-final,fixed5,119,False,True,True,True,True,True,0,5.644096992909908,12.113452337365272,121f912db441fdc44c442fe85416f56e2f81cb5381b0239db10f7d1f61df011a
11,dense1-final,fixed5,120,False,True,True,True,True,True,0,5.445192102342844,9.675633171635369,121f912db441fdc44c442fe85416f56e2f81cb5381b0239db10f7d1f61df011a
11,dense1-final,fixed5,121,False,True,True,True,True,True,0,5.153023637831211,14.090617932260129,121f912db441fdc44c442fe85416f56e2f81cb5381b0239db10f7d1f61df011a
11,dense1-final,fixed5,122,False,True,True,True,True,True,0,6.2264977023005486,13.222815077453328,121f912db441fdc44c442fe85416f56e2f81cb5381b0239db10f7d1f61df011a
11,dense1-final,fixed5,123,False,True,True,True,True,True,0,4.689917434006929,12.960205402923739,121f912db441fdc44c442fe85416f56e2f81cb5381b0239db10f7d1f61df011a
11,dense1-final,fixed5,124,False,True,False,True,True,True,0,4.895621910691261,15.199064573225757,121f912db441fdc44c442fe85416f56e2f81cb5381b0239db10f7d1f61df011a
11,dense1-final,fixed5,125,False,True,True,True,True,True,0,5.14735234901309,11.537251602567473,121f912db441fdc44c442fe85416f56e2f81cb5381b0239db10f7d1f61df011a
11,dense1-final,fixed5,126,False,True,True,True,True,True,0,4.7222161665558815,10.272610488114701,121f912db441fdc44c442fe85416f56e2f81cb5381b0239db10f7d1f61df011a
11,dense1-final,fixed5,127,False,True,True,True,True,True,0,4.690886940807104,11.984444578095719,121f912db441fdc44c442fe85416f56e2f81cb5381b0239db10f7d1f61df011a
11,dense1-final,arrival,0,True,True,True,True,True,True,4,6.063174922019243,12.727537570168193,121f912db441fdc44c442fe85416f56e2f81cb5381b0239db10f7d1f61df011a
11,dense1-final,arrival,1,True,True,True,True,True,True,7,4.602437373250723,8.987053626876058,121f912db441fdc44c442fe85416f56e2f81cb5381b0239db10f7d1f61df011a
11,dense1-final,arrival,2,True,True,True,True,True,True,8,5.506820976734161,9.987452651587608,121f912db441fdc44c442fe85416f56e2f81cb5381b0239db10f7d1f61df011a
11,dense1-final,arrival,3,True,True,True,True,True,True,3,4.113561008125544,10.400477605792863,121f912db441fdc44c442fe85416f56e2f81cb5381b0239db10f7d1f61df011a
11,dense1-final,arrival,4,True,True,True,True,True,True,13,5.374833010137081,10.451286529254942,121f912db441fdc44c442fe85416f56e2f81cb5381b0239db10f7d1f61df011a
11,dense1-final,arrival,5,True,True,True,True,True,True,12,4.841542337089777,9.667552204073598,121f912db441fdc44c442fe85416f56e2f81cb5381b0239db10f7d1f61df011a
11,dense1-final,arrival,6,True,True,True,True,True,True,17,5.348255857825279,10.387704298271293,121f912db441fdc44c442fe85416f56e2f81cb5381b0239db10f7d1f61df011a
11,dense1-final,arrival,7,True,True,True,True,True,True,14,5.7984027080237865,10.442204085206118,121f912db441fdc44c442fe85416f56e2f81cb5381b0239db10f7d1f61df011a
11,dense1-final,arrival,8,True,True,True,True,True,True,15,4.750668536871672,9.479230228278006,121f912db441fdc44c442fe85416f56e2f81cb5381b0239db10f7d1f61df011a
11,dense1-final,arrival,9,True,True,True,True,True,True,13,5.4953875951468945,10.991173709556723,121f912db441fdc44c442fe85416f56e2f81cb5381b0239db10f7d1f61df011a
11,dense1-final,arrival,10,True,True,True,True,True,True,16,5.330333020538092,11.216876456906148,121f912db441fdc44c442fe85416f56e2f81cb5381b0239db10f7d1f61df011a
11,dense1-final,arrival,11,True,True,True,True,True,True,15,4.895102232694626,9.304720602531473,121f912db441fdc44c442fe85416f56e2f81cb5381b0239db10f7d1f61df011a
11,dense1-final,arrival,12,True,True,True,True,True,True,18,5.723888985812664,11.348798999404005,121f912db441fdc44c442fe85416f56e2f81cb5381b0239db10f7d1f61df011a
11,dense1-final,arrival,13,True,True,True,True,True,True,18,5.203284788876772,10.58584893986701,121f912db441fdc44c442fe85416f56e2f81cb5381b0239db10f7d1f61df011a
11,dense1-final,arrival,14,True,True,True,True,True,True,17,4.9130585975945,12.139191905252465,121f912db441fdc44c442fe85416f56e2f81cb5381b0239db10f7d1f61df011a
11,dense1-final,arrival,15,True,True,True,True,True,True,8,4.302025306969881,10.235385957138131,121f912db441fdc44c442fe85416f56e2f81cb5381b0239db10f7d1f61df011a
11,dense1-final,arrival,16,False,True,True,True,True,True,1,5.269291345030069,10.790984280078234,121f912db441fdc44c442fe85416f56e2f81cb5381b0239db10f7d1f61df011a
11,dense1-final,arrival,17,True,True,True,True,True,True,12,6.8265884183347225,10.21672075768378,121f912db441fdc44c442fe85416f56e2f81cb5381b0239db10f7d1f61df011a
11,dense1-final,arrival,18,True,True,True,True,True,True,3,4.911790136247873,9.371250060141982,121f912db441fdc44c442fe85416f56e2f81cb5381b0239db10f7d1f61df011a
11,dense1-final,arrival,19,True,True,True,True,True,True,18,4.853397142142057,11.096667688834863,121f912db441fdc44c442fe85416f56e2f81cb5381b0239db10f7d1f61df011a
11,dense1-final,arrival,20,True,True,True,True,True,True,16,5.751580931246281,10.215959191591322,121f912db441fdc44c442fe85416f56e2f81cb5381b0239db10f7d1f61df011a
11,dense1-final,arrival,21,True,True,True,True,True,True,7,5.044067744165659,9.606830114804891,121f912db441fdc44c442fe85416f56e2f81cb5381b0239db10f7d1f61df011a
11,dense1-final,arrival,22,True,True,True,True,False,True,11,5.293976981192827,10.503016674481326,121f912db441fdc44c442fe85416f56e2f81cb5381b0239db10f7d1f61df011a
11,dense1-final,arrival,23,False,True,True,True,True,True,2,5.0101806409657,9.512649490113233,121f912db441fdc44c442fe85416f56e2f81cb5381b0239db10f7d1f61df011a
11,dense1-final,arrival,24,True,True,True,True,True,True,17,5.869498942047358,9.13762258580805,121f912db441fdc44c442fe85416f56e2f81cb5381b0239db10f7d1f61df011a
11,dense1-final,arrival,25,True,True,True,True,True,True,19,4.754182882606983,10.936164219755087,121f912db441fdc44c442fe85416f56e2f81cb5381b0239db10f7d1f61df011a
11,dense1-final,arrival,26,True,True,True,True,True,True,15,4.902219865471125,12.516016856856654,121f912db441fdc44c442fe85416f56e2f81cb5381b0239db10f7d1f61df011a
11,dense1-final,arrival,27,True,True,True,True,True,True,10,4.35233348980546,9.412278152712602,121f912db441fdc44c442fe85416f56e2f81cb5381b0239db10f7d1f61df011a
11,dense1-final,arrival,28,True,True,True,True,True,True,16,5.0895363092422485,10.737902611169833,121f912db441fdc44c442fe85416f56e2f81cb5381b0239db10f7d1f61df011a
11,dense1-final,arrival,29,True,True,False,True,True,True,16,15.870580449700356,15.446448902321741,121f912db441fdc44c442fe85416f56e2f81cb5381b0239db10f7d1f61df011a
11,dense1-final,arrival,30,False,True,True,True,True,True,1,4.88829892128706,6.419283281997491,121f912db441fdc44c442fe85416f56e2f81cb5381b0239db10f7d1f61df011a
11,dense1-final,arrival,31,True,True,True,True,True,True,8,5.860210862010717,9.240567196978482,121f912db441fdc44c442fe85416f56e2f81cb5381b0239db10f7d1f61df011a
11,dense1-final,arrival,32,True,True,True,True,True,True,17,5.5962540209293365,11.821353321094154,121f912db441fdc44c442fe85416f56e2f81cb5381b0239db10f7d1f61df011a
11,dense1-final,arrival,33,False,True,True,True,True,True,1,5.312622059136629,10.05066946745066,121f912db441fdc44c442fe85416f56e2f81cb5381b0239db10f7d1f61df011a
11,dense1-final,arrival,34,True,True,True,True,True,True,10,4.250902682542801,11.803702404731549,121f912db441fdc44c442fe85416f56e2f81cb5381b0239db10f7d1f61df011a
11,dense1-final,arrival,35,True,True,True,True,True,True,17,5.3465659730136395,11.618808330125656,121f912db441fdc44c442fe85416f56e2f81cb5381b0239db10f7d1f61df011a
11,dense1-final,arrival,36,True,True,True,True,True,True,13,5.653801374137402,9.768209555645722,121f912db441fdc44c442fe85416f56e2f81cb5381b0239db10f7d1f61df011a
11,dense1-final,arrival,37,False,True,True,True,True,True,1,5.2353618666529655,7.859584909071944,121f912db441fdc44c442fe85416f56e2f81cb5381b0239db10f7d1f61df011a
11,dense1-final,arrival,38,True,True,True,True,True,True,12,6.210077088326216,12.178351941085088,121f912db441fdc44c442fe85416f56e2f81cb5381b0239db10f7d1f61df011a
11,dense1-final,arrival,39,True,True,True,True,True,True,4,5.116916261613369,10.781742180357561,121f912db441fdc44c442fe85416f56e2f81cb5381b0239db10f7d1f61df011a
11,dense1-final,arrival,40,True,True,True,True,True,True,18,4.484868608415127,11.448929572636393,121f912db441fdc44c442fe85416f56e2f81cb5381b0239db10f7d1f61df011a
11,dense1-final,arrival,41,True,True,True,True,True,True,17,6.585175637155771,13.432435290628312,121f912db441fdc44c442fe85416f56e2f81cb5381b0239db10f7d1f61df011a
11,dense1-final,arrival,42,True,True,False,True,True,True,14,7.96240009367466,14.886549267751823,121f912db441fdc44c442fe85416f56e2f81cb5381b0239db10f7d1f61df011a
11,dense1-final,arrival,43,True,True,True,True,True,True,17,4.078700672835112,9.319266344142662,121f912db441fdc44c442fe85416f56e2f81cb5381b0239db10f7d1f61df011a
11,dense1-final,arrival,44,True,True,True,True,True,True,12,4.930212162435055,11.00328705004974,121f912db441fdc44c442fe85416f56e2f81cb5381b0239db10f7d1f61df011a
11,dense1-final,arrival,45,True,True,True,True,True,True,5,4.652697127312422,9.674090402656592,121f912db441fdc44c442fe85416f56e2f81cb5381b0239db10f7d1f61df011a
11,dense1-final,arrival,46,True,True,True,True,True,True,14,4.6637998893857,10.365361041948889,121f912db441fdc44c442fe85416f56e2f81cb5381b0239db10f7d1f61df011a
11,dense1-final,arrival,47,False,True,True,True,True,True,2,4.9865045584738255,8.535067566097757,121f912db441fdc44c442fe85416f56e2f81cb5381b0239db10f7d1f61df011a
11,dense1-final,arrival,48,True,True,True,True,True,True,21,5.2275219932198524,10.580085113981164,121f912db441fdc44c442fe85416f56e2f81cb5381b0239db10f7d1f61df011a
11,dense1-final,arrival,49,False,True,True,True,True,True,2,4.057871643453836,8.946132256011218,121f912db441fdc44c442fe85416f56e2f81cb5381b0239db10f7d1f61df011a
11,dense1-final,arrival,50,True,True,True,True,True,True,13,4.83208941295743,8.016661330735666,121f912db441fdc44c442fe85416f56e2f81cb5381b0239db10f7d1f61df011a
11,dense1-final,arrival,51,True,True,True,True,True,True,17,4.9554468132555485,11.416069532539462,121f912db441fdc44c442fe85416f56e2f81cb5381b0239db10f7d1f61df011a
11,dense1-final,arrival,52,False,True,True,True,True,True,1,5.120673682540655,10.843792741419835,121f912db441fdc44c442fe85416f56e2f81cb5381b0239db10f7d1f61df011a
11,dense1-final,arrival,53,True,True,True,True,True,True,6,5.064197815954685,9.925848614142323,121f912db441fdc44c442fe85416f56e2f81cb5381b0239db10f7d1f61df011a
11,dense1-final,arrival,54,True,True,True,True,True,True,16,5.374742206186056,10.045462301982171,121f912db441fdc44c442fe85416f56e2f81cb5381b0239db10f7d1f61df011a
11,dense1-final,arrival,55,True,True,True,True,True,True,9,4.626928828656673,8.174804115683557,121f912db441fdc44c442fe85416f56e2f81cb5381b0239db10f7d1f61df011a
11,dense1-final,arrival,56,True,True,True,True,True,True,15,4.886147566139698,9.448672815705015,121f912db441fdc44c442fe85416f56e2f81cb5381b0239db10f7d1f61df011a
11,dense1-final,arrival,57,True,True,True,True,True,True,18,4.7224429436028,13.070670052370357,121f912db441fdc44c442fe85416f56e2f81cb5381b0239db10f7d1f61df011a
11,dense1-final,arrival,58,False,True,True,True,True,True,2,4.019693937152624,7.54526131101525,121f912db441fdc44c442fe85416f56e2f81cb5381b0239db10f7d1f61df011a
11,dense1-final,arrival,59,True,True,True,True,True,True,19,4.9642096273601055,12.17922620529885,121f912db441fdc44c442fe85416f56e2f81cb5381b0239db10f7d1f61df011a
11,dense1-final,arrival,60,True,True,False,True,False,True,3,4.870803095400333,15.722830799539015,121f912db441fdc44c442fe85416f56e2f81cb5381b0239db10f7d1f61df011a
11,dense1-final,arrival,61,True,True,False,True,True,True,18,5.1482426933944225,14.86278020944018,121f912db441fdc44c442fe85416f56e2f81cb5381b0239db10f7d1f61df011a
11,dense1-final,arrival,62,True,True,True,True,True,True,3,5.920649040490389,11.10877846800694,121f912db441fdc44c442fe85416f56e2f81cb5381b0239db10f7d1f61df011a
11,dense1-final,arrival,63,True,True,True,True,True,True,18,5.098620895296335,9.92580848678095,121f912db441fdc44c442fe85416f56e2f81cb5381b0239db10f7d1f61df011a
11,dense1-final,arrival,64,False,True,True,True,True,True,2,4.623934160917997,7.3933322906647785,121f912db441fdc44c442fe85416f56e2f81cb5381b0239db10f7d1f61df011a
11,dense1-final,arrival,65,False,True,True,True,True,True,2,4.660633392632008,9.388667896299161,121f912db441fdc44c442fe85416f56e2f81cb5381b0239db10f7d1f61df011a
11,dense1-final,arrival,66,True,True,False,True,True,True,15,5.537055432796478,24.77124172327659,121f912db441fdc44c442fe85416f56e2f81cb5381b0239db10f7d1f61df011a
11,dense1-final,arrival,67,False,True,True,True,True,True,1,4.554841201752424,7.67870015550885,121f912db441fdc44c442fe85416f56e2f81cb5381b0239db10f7d1f61df011a
11,dense1-final,arrival,68,False,True,True,True,True,True,1,4.791565239429474,6.919675747197319,121f912db441fdc44c442fe85416f56e2f81cb5381b0239db10f7d1f61df011a
11,dense1-final,arrival,69,True,True,True,True,True,True,18,5.106015596538782,9.545477940585252,121f912db441fdc44c442fe85416f56e2f81cb5381b0239db10f7d1f61df011a
11,dense1-final,arrival,70,False,True,True,True,True,True,2,5.981695838272572,10.746618786324417,121f912db441fdc44c442fe85416f56e2f81cb5381b0239db10f7d1f61df011a
11,dense1-final,arrival,71,True,True,True,True,True,True,5,4.983008373528719,9.967377018069648,121f912db441fdc44c442fe85416f56e2f81cb5381b0239db10f7d1f61df011a
11,dense1-final,arrival,72,True,True,True,True,True,True,9,4.706650506705046,8.999053415474124,121f912db441fdc44c442fe85416f56e2f81cb5381b0239db10f7d1f61df011a
11,dense1-final,arrival,73,False,True,True,True,True,True,2,5.046210717409849,8.03634422837635,121f912db441fdc44c442fe85416f56e2f81cb5381b0239db10f7d1f61df011a
11,dense1-final,arrival,74,True,True,True,True,True,True,18,5.4180617444217205,9.714253622523561,121f912db441fdc44c442fe85416f56e2f81cb5381b0239db10f7d1f61df011a
11,dense1-final,arrival,75,True,True,True,True,True,True,13,4.989049397408962,11.371176406672259,121f912db441fdc44c442fe85416f56e2f81cb5381b0239db10f7d1f61df011a
11,dense1-final,arrival,76,True,True,True,True,True,True,4,5.724942311644554,8.922406740155534,121f912db441fdc44c442fe85416f56e2f81cb5381b0239db10f7d1f61df011a
11,dense1-final,arrival,77,True,True,True,True,True,True,17,4.551257006824017,11.794712168236519,121f912db441fdc44c442fe85416f56e2f81cb5381b0239db10f7d1f61df011a
11,dense1-final,arrival,78,True,True,True,True,True,True,17,5.812915973365307,8.663008962083143,121f912db441fdc44c442fe85416f56e2f81cb5381b0239db10f7d1f61df011a
11,dense1-final,arrival,79,True,True,True,True,True,True,8,5.173488985747099,11.00086830930991,121f912db441fdc44c442fe85416f56e2f81cb5381b0239db10f7d1f61df011a
11,dense1-final,arrival,80,True,True,True,True,True,True,3,4.568472504615784,7.035478616367124,121f912db441fdc44c442fe85416f56e2f81cb5381b0239db10f7d1f61df011a
11,dense1-final,arrival,81,True,True,True,True,True,True,19,4.853765945881605,12.22957238344466,121f912db441fdc44c442fe85416f56e2f81cb5381b0239db10f7d1f61df011a
11,dense1-final,arrival,82,True,True,True,True,True,True,5,4.737130831927061,9.893421437284042,121f912db441fdc44c442fe85416f56e2f81cb5381b0239db10f7d1f61df011a
11,dense1-final,arrival,83,False,True,True,True,True,True,1,4.462189972400665,11.628782113861169,121f912db441fdc44c442fe85416f56e2f81cb5381b0239db10f7d1f61df011a
11,dense1-final,arrival,84,True,True,True,True,True,True,12,5.115304607897997,13.42427065324921,121f912db441fdc44c442fe85416f56e2f81cb5381b0239db10f7d1f61df011a
11,dense1-final,arrival,85,True,True,True,True,True,True,13,7.152076810598373,11.70741466668094,121f912db441fdc44c442fe85416f56e2f81cb5381b0239db10f7d1f61df011a
11,dense1-final,arrival,86,True,True,True,True,True,True,14,4.662069492042065,11.326998743120617,121f912db441fdc44c442fe85416f56e2f81cb5381b0239db10f7d1f61df011a
11,dense1-final,arrival,87,True,True,True,True,True,True,18,4.396867007017136,11.74601035813339,121f912db441fdc44c442fe85416f56e2f81cb5381b0239db10f7d1f61df011a
11,dense1-final,arrival,88,True,True,False,True,True,True,12,4.951719660311937,15.016049654415266,121f912db441fdc44c442fe85416f56e2f81cb5381b0239db10f7d1f61df011a
11,dense1-final,arrival,89,True,True,True,True,True,True,11,5.07779698818922,9.432065210738129,121f912db441fdc44c442fe85416f56e2f81cb5381b0239db10f7d1f61df011a
11,dense1-final,arrival,90,True,True,True,True,True,True,3,6.053043995052576,12.028681152028952,121f912db441fdc44c442fe85416f56e2f81cb5381b0239db10f7d1f61df011a
11,dense1-final,arrival,91,True,True,True,True,True,True,11,4.991408903151751,11.332071012352998,121f912db441fdc44c442fe85416f56e2f81cb5381b0239db10f7d1f61df011a
11,dense1-final,arrival,92,True,True,True,True,True,True,14,4.287779796868563,9.541989421466669,121f912db441fdc44c442fe85416f56e2f81cb5381b0239db10f7d1f61df011a
11,dense1-final,arrival,93,True,True,True,True,True,True,18,5.4969750344753265,10.770252948399953,121f912db441fdc44c442fe85416f56e2f81cb5381b0239db10f7d1f61df011a
11,dense1-final,arrival,94,True,True,True,True,True,True,18,5.258301272988319,10.245100193685182,121f912db441fdc44c442fe85416f56e2f81cb5381b0239db10f7d1f61df011a
11,dense1-final,arrival,95,True,True,True,True,True,True,15,4.680084064602852,9.903319235165037,121f912db441fdc44c442fe85416f56e2f81cb5381b0239db10f7d1f61df011a
11,dense1-final,arrival,96,True,True,True,True,True,True,3,4.7689941711723804,7.918163172714912,121f912db441fdc44c442fe85416f56e2f81cb5381b0239db10f7d1f61df011a
11,dense1-final,arrival,97,True,True,True,True,True,True,16,4.822110757231712,8.55113814744115,121f912db441fdc44c442fe85416f56e2f81cb5381b0239db10f7d1f61df011a
11,dense1-final,arrival,98,True,True,True,True,True,True,13,4.7325449995696545,12.267965730542947,121f912db441fdc44c442fe85416f56e2f81cb5381b0239db10f7d1f61df011a
11,dense1-final,arrival,99,True,True,True,True,True,True,16,4.801706876605749,10.871951050046858,121f912db441fdc44c442fe85416f56e2f81cb5381b0239db10f7d1f61df011a
11,dense1-final,arrival,100,True,True,True,True,True,True,10,5.931177642196417,9.15934514868963,121f912db441fdc44c442fe85416f56e2f81cb5381b0239db10f7d1f61df011a
11,dense1-final,arrival,101,True,True,True,True,True,True,18,5.511045455932617,10.470479360822678,121f912db441fdc44c442fe85416f56e2f81cb5381b0239db10f7d1f61df011a
11,dense1-final,arrival,102,True,True,True,True,True,True,15,4.769580904394388,10.192582015383309,121f912db441fdc44c442fe85416f56e2f81cb5381b0239db10f7d1f61df011a
11,dense1-final,arrival,103,True,True,True,True,True,True,14,5.988697055727243,10.672133865878134,121f912db441fdc44c442fe85416f56e2f81cb5381b0239db10f7d1f61df011a
11,dense1-final,arrival,104,False,True,True,True,True,True,1,4.9330079928040504,9.968798551190657,121f912db441fdc44c442fe85416f56e2f81cb5381b0239db10f7d1f61df011a
11,dense1-final,arrival,105,True,True,True,True,True,True,14,5.729896482080221,11.560283000448756,121f912db441fdc44c442fe85416f56e2f81cb5381b0239db10f7d1f61df011a
11,dense1-final,arrival,106,True,True,True,True,True,True,14,5.965026561170816,10.691531603120971,121f912db441fdc44c442fe85416f56e2f81cb5381b0239db10f7d1f61df011a
11,dense1-final,arrival,107,True,True,True,True,True,True,16,4.735411144793034,12.953826006238948,121f912db441fdc44c442fe85416f56e2f81cb5381b0239db10f7d1f61df011a
11,dense1-final,arrival,108,True,True,True,True,True,True,15,5.48662431538105,11.481925362743077,121f912db441fdc44c442fe85416f56e2f81cb5381b0239db10f7d1f61df011a
11,dense1-final,arrival,109,True,True,True,True,True,True,4,5.738864187151194,8.705843639689231,121f912db441fdc44c442fe85416f56e2f81cb5381b0239db10f7d1f61df011a
11,dense1-final,arrival,110,True,True,True,True,True,True,20,4.371972754597664,10.004285652797105,121f912db441fdc44c442fe85416f56e2f81cb5381b0239db10f7d1f61df011a
11,dense1-final,arrival,111,True,True,True,True,True,True,15,4.85890032723546,11.52663834237092,121f912db441fdc44c442fe85416f56e2f81cb5381b0239db10f7d1f61df011a
11,dense1-final,arrival,112,True,True,True,True,True,True,7,4.696691874414682,10.708872599649986,121f912db441fdc44c442fe85416f56e2f81cb5381b0239db10f7d1f61df011a
11,dense1-final,arrival,113,False,True,True,True,True,True,2,5.608533509075642,12.922071603013912,121f912db441fdc44c442fe85416f56e2f81cb5381b0239db10f7d1f61df011a
11,dense1-final,arrival,114,True,True,True,True,True,True,8,5.298207513988018,10.170142282638878,121f912db441fdc44c442fe85416f56e2f81cb5381b0239db10f7d1f61df011a
11,dense1-final,arrival,115,True,True,True,True,True,True,10,5.00793382525444,12.402861966650699,121f912db441fdc44c442fe85416f56e2f81cb5381b0239db10f7d1f61df011a
11,dense1-final,arrival,116,True,True,True,True,True,True,14,5.015020724385977,12.28957388775593,121f912db441fdc44c442fe85416f56e2f81cb5381b0239db10f7d1f61df011a
11,dense1-final,arrival,117,False,True,True,True,True,True,1,5.5127227678895,10.837963174963228,121f912db441fdc44c442fe85416f56e2f81cb5381b0239db10f7d1f61df011a
11,dense1-final,arrival,118,True,True,True,True,True,True,14,4.827097058296204,10.905980760039153,121f912db441fdc44c442fe85416f56e2f81cb5381b0239db10f7d1f61df011a
11,dense1-final,arrival,119,False,True,True,True,True,True,1,5.074203945696354,8.335119754561157,121f912db441fdc44c442fe85416f56e2f81cb5381b0239db10f7d1f61df011a
11,dense1-final,arrival,120,True,True,True,True,True,True,6,5.416721571236849,9.960915659114816,121f912db441fdc44c442fe85416f56e2f81cb5381b0239db10f7d1f61df011a
11,dense1-final,arrival,121,True,True,True,True,True,True,15,5.208407528698444,10.4388146038305,121f912db441fdc44c442fe85416f56e2f81cb5381b0239db10f7d1f61df011a
11,dense1-final,arrival,122,True,True,True,True,True,True,16,5.174023099243641,11.096544745429801,121f912db441fdc44c442fe85416f56e2f81cb5381b0239db10f7d1f61df011a
11,dense1-final,arrival,123,True,True,True,True,True,True,5,4.585688468068838,9.917221231446952,121f912db441fdc44c442fe85416f56e2f81cb5381b0239db10f7d1f61df011a
11,dense1-final,arrival,124,True,True,True,True,True,True,10,4.895621910691261,10.426229126511105,121f912db441fdc44c442fe85416f56e2f81cb5381b0239db10f7d1f61df011a
11,dense1-final,arrival,125,True,True,True,True,True,True,16,5.050051957368851,13.661927939193449,121f912db441fdc44c442fe85416f56e2f81cb5381b0239db10f7d1f61df011a
11,dense1-final,arrival,126,True,True,True,True,True,True,9,4.7222161665558815,13.537288085898117,121f912db441fdc44c442fe85416f56e2f81cb5381b0239db10f7d1f61df011a
11,dense1-final,arrival,127,False,True,True,True,True,True,2,4.166278522461653,9.44546006547417,121f912db441fdc44c442fe85416f56e2f81cb5381b0239db10f7d1f61df011a
11,dense1-selected,fixed2,0,False,True,True,True,True,True,0,5.091044586151838,11.505641487088655,121f912db441fdc44c442fe85416f56e2f81cb5381b0239db10f7d1f61df011a
11,dense1-selected,fixed2,1,False,True,True,True,True,True,0,4.77552181109786,10.047713703087338,121f912db441fdc44c442fe85416f56e2f81cb5381b0239db10f7d1f61df011a
11,dense1-selected,fixed2,2,False,True,True,True,True,True,1,5.59254689142108,11.215826315321259,121f912db441fdc44c442fe85416f56e2f81cb5381b0239db10f7d1f61df011a
11,dense1-selected,fixed2,3,False,True,True,True,True,True,0,4.482299089431763,11.26623140384866,121f912db441fdc44c442fe85416f56e2f81cb5381b0239db10f7d1f61df011a
11,dense1-selected,fixed2,4,False,True,True,True,True,True,2,5.66500099375844,9.185258032627011,121f912db441fdc44c442fe85416f56e2f81cb5381b0239db10f7d1f61df011a
11,dense1-selected,fixed2,5,False,True,True,True,True,True,2,5.911249667406082,10.087261352155357,121f912db441fdc44c442fe85416f56e2f81cb5381b0239db10f7d1f61df011a
11,dense1-selected,fixed2,6,False,True,True,True,True,True,3,5.711402744054794,9.579100400548286,121f912db441fdc44c442fe85416f56e2f81cb5381b0239db10f7d1f61df011a
11,dense1-selected,fixed2,7,False,True,True,True,True,True,4,5.21259056404233,10.913471770011364,121f912db441fdc44c442fe85416f56e2f81cb5381b0239db10f7d1f61df011a
11,dense1-selected,fixed2,8,False,True,True,True,True,True,3,5.140632390975952,8.881471708912354,121f912db441fdc44c442fe85416f56e2f81cb5381b0239db10f7d1f61df011a
11,dense1-selected,fixed2,9,False,True,True,True,True,True,3,5.604308098554611,10.565233721404619,121f912db441fdc44c442fe85416f56e2f81cb5381b0239db10f7d1f61df011a
11,dense1-selected,fixed2,10,False,True,True,True,True,True,0,5.764284636825323,11.259831516596359,121f912db441fdc44c442fe85416f56e2f81cb5381b0239db10f7d1f61df011a
11,dense1-selected,fixed2,11,False,True,True,True,True,True,0,5.602819379419088,10.80685849348299,121f912db441fdc44c442fe85416f56e2f81cb5381b0239db10f7d1f61df011a
11,dense1-selected,fixed2,12,False,True,True,True,True,True,2,5.598684772849083,11.789486219747813,121f912db441fdc44c442fe85416f56e2f81cb5381b0239db10f7d1f61df011a
11,dense1-selected,fixed2,13,False,True,True,True,True,True,0,5.234927870333195,11.074233078732309,121f912db441fdc44c442fe85416f56e2f81cb5381b0239db10f7d1f61df011a
11,dense1-selected,fixed2,14,False,True,True,True,True,True,2,5.610845983028412,12.243665625023334,121f912db441fdc44c442fe85416f56e2f81cb5381b0239db10f7d1f61df011a
11,dense1-selected,fixed2,15,False,True,True,True,True,True,0,5.011026281863451,12.019973514610832,121f912db441fdc44c442fe85416f56e2f81cb5381b0239db10f7d1f61df011a
11,dense1-selected,fixed2,16,False,True,True,True,True,True,0,5.622342694550753,11.44759768574824,121f912db441fdc44c442fe85416f56e2f81cb5381b0239db10f7d1f61df011a
11,dense1-selected,fixed2,17,False,True,True,True,True,True,0,4.984657280147076,11.894501232010406,121f912db441fdc44c442fe85416f56e2f81cb5381b0239db10f7d1f61df011a
11,dense1-selected,fixed2,18,False,True,True,True,True,True,0,5.840935278683901,10.868802332839481,121f912db441fdc44c442fe85416f56e2f81cb5381b0239db10f7d1f61df011a
11,dense1-selected,fixed2,19,False,True,True,True,True,True,0,5.440271459519863,11.138141451248826,121f912db441fdc44c442fe85416f56e2f81cb5381b0239db10f7d1f61df011a
11,dense1-selected,fixed2,20,False,True,True,True,True,True,0,5.701650865375996,9.843102579894913,121f912db441fdc44c442fe85416f56e2f81cb5381b0239db10f7d1f61df011a
11,dense1-selected,fixed2,21,False,True,True,True,True,True,0,5.15072513371706,9.60431831273762,121f912db441fdc44c442fe85416f56e2f81cb5381b0239db10f7d1f61df011a
11,dense1-selected,fixed2,22,False,True,True,True,False,True,0,5.293976981192827,10.962077103692469,121f912db441fdc44c442fe85416f56e2f81cb5381b0239db10f7d1f61df011a
11,dense1-selected,fixed2,23,False,True,True,True,True,True,0,4.989647772163153,11.080941178270908,121f912db441fdc44c442fe85416f56e2f81cb5381b0239db10f7d1f61df011a
11,dense1-selected,fixed2,24,False,True,True,True,True,True,0,5.404177587479353,8.956509020907761,121f912db441fdc44c442fe85416f56e2f81cb5381b0239db10f7d1f61df011a
11,dense1-selected,fixed2,25,False,True,True,True,True,True,2,5.255118943750858,11.237087840433862,121f912db441fdc44c442fe85416f56e2f81cb5381b0239db10f7d1f61df011a
11,dense1-selected,fixed2,26,False,True,True,True,True,True,2,6.505708675831556,9.53051897252928,121f912db441fdc44c442fe85416f56e2f81cb5381b0239db10f7d1f61df011a
11,dense1-selected,fixed2,27,False,True,True,True,True,True,0,5.030010361224413,10.570791787841717,121f912db441fdc44c442fe85416f56e2f81cb5381b0239db10f7d1f61df011a
11,dense1-selected,fixed2,28,False,True,True,True,True,True,2,5.473512224853039,10.829767801732858,121f912db441fdc44c442fe85416f56e2f81cb5381b0239db10f7d1f61df011a
11,dense1-selected,fixed2,29,False,True,True,True,True,True,1,5.156294908374548,11.017519456732755,121f912db441fdc44c442fe85416f56e2f81cb5381b0239db10f7d1f61df011a
11,dense1-selected,fixed2,30,False,True,True,True,True,True,0,5.394887179136276,9.293362851715388,121f912db441fdc44c442fe85416f56e2f81cb5381b0239db10f7d1f61df011a
11,dense1-selected,fixed2,31,False,True,True,True,True,True,0,5.860210862010717,9.038170762624432,121f912db441fdc44c442fe85416f56e2f81cb5381b0239db10f7d1f61df011a
11,dense1-selected,fixed2,32,False,True,True,True,True,True,4,5.288067273795605,11.595348337873956,121f912db441fdc44c442fe85416f56e2f81cb5381b0239db10f7d1f61df011a
11,dense1-selected,fixed2,33,False,True,True,True,True,True,0,5.312622059136629,11.118967402701308,121f912db441fdc44c442fe85416f56e2f81cb5381b0239db10f7d1f61df011a
11,dense1-selected,fixed2,34,False,True,True,True,True,True,0,5.351835861802101,12.35805251060083,121f912db441fdc44c442fe85416f56e2f81cb5381b0239db10f7d1f61df011a
11,dense1-selected,fixed2,35,False,True,True,True,True,True,0,5.257157608866692,11.214553338814698,121f912db441fdc44c442fe85416f56e2f81cb5381b0239db10f7d1f61df011a
11,dense1-selected,fixed2,36,False,True,True,True,True,True,1,6.57320162281394,8.96692505939203,121f912db441fdc44c442fe85416f56e2f81cb5381b0239db10f7d1f61df011a
11,dense1-selected,fixed2,37,False,True,True,True,True,True,0,5.2353618666529655,9.322164051898039,121f912db441fdc44c442fe85416f56e2f81cb5381b0239db10f7d1f61df011a
11,dense1-selected,fixed2,38,False,True,True,True,True,True,0,5.8998302556574345,11.56532965647175,121f912db441fdc44c442fe85416f56e2f81cb5381b0239db10f7d1f61df011a
11,dense1-selected,fixed2,39,False,True,True,True,True,True,0,5.248071625828743,12.246530035606508,121f912db441fdc44c442fe85416f56e2f81cb5381b0239db10f7d1f61df011a
11,dense1-selected,fixed2,40,False,True,True,True,True,True,0,4.9103908240795135,12.191146592947813,121f912db441fdc44c442fe85416f56e2f81cb5381b0239db10f7d1f61df011a
11,dense1-selected,fixed2,41,False,True,True,True,True,True,2,6.477115675806999,12.41112308045183,121f912db441fdc44c442fe85416f56e2f81cb5381b0239db10f7d1f61df011a
11,dense1-selected,fixed2,42,False,True,True,True,True,True,0,4.665926098823547,13.605993812532923,121f912db441fdc44c442fe85416f56e2f81cb5381b0239db10f7d1f61df011a
11,dense1-selected,fixed2,43,False,True,True,True,True,True,0,4.605329129844904,9.766468711181014,121f912db441fdc44c442fe85416f56e2f81cb5381b0239db10f7d1f61df011a
11,dense1-selected,fixed2,44,False,True,True,True,True,True,1,5.332339555025101,11.363784434443014,121f912db441fdc44c442fe85416f56e2f81cb5381b0239db10f7d1f61df011a
11,dense1-selected,fixed2,45,False,True,True,True,True,True,0,5.257994402199984,10.651902845556556,121f912db441fdc44c442fe85416f56e2f81cb5381b0239db10f7d1f61df011a
11,dense1-selected,fixed2,46,False,True,True,True,True,True,0,5.480560939759016,10.703509193604235,121f912db441fdc44c442fe85416f56e2f81cb5381b0239db10f7d1f61df011a
11,dense1-selected,fixed2,47,False,True,True,True,True,True,0,5.135910119861364,10.472008469423114,121f912db441fdc44c442fe85416f56e2f81cb5381b0239db10f7d1f61df011a
11,dense1-selected,fixed2,48,False,True,True,True,True,True,0,5.1079257391393185,10.053081378001322,121f912db441fdc44c442fe85416f56e2f81cb5381b0239db10f7d1f61df011a
11,dense1-selected,fixed2,49,False,True,True,True,True,True,0,4.411226604133844,11.095997476522555,121f912db441fdc44c442fe85416f56e2f81cb5381b0239db10f7d1f61df011a
11,dense1-selected,fixed2,50,False,True,True,True,True,True,0,4.83208941295743,12.34393536336006,121f912db441fdc44c442fe85416f56e2f81cb5381b0239db10f7d1f61df011a
11,dense1-selected,fixed2,51,False,True,True,True,True,True,0,5.624895449727774,11.43543909525197,121f912db441fdc44c442fe85416f56e2f81cb5381b0239db10f7d1f61df011a
11,dense1-selected,fixed2,52,False,True,True,True,True,True,0,4.737230483442545,12.455322088344628,121f912db441fdc44c442fe85416f56e2f81cb5381b0239db10f7d1f61df011a
11,dense1-selected,fixed2,53,False,True,True,True,True,True,0,5.064197815954685,11.938146994580434,121f912db441fdc44c442fe85416f56e2f81cb5381b0239db10f7d1f61df011a
11,dense1-selected,fixed2,54,False,True,True,True,True,True,0,6.008102558553219,11.544391711571075,121f912db441fdc44c442fe85416f56e2f81cb5381b0239db10f7d1f61df011a
11,dense1-selected,fixed2,55,False,True,True,True,True,True,0,5.8776261284947395,11.196347469582028,121f912db441fdc44c442fe85416f56e2f81cb5381b0239db10f7d1f61df011a
11,dense1-selected,fixed2,56,False,True,True,True,True,True,0,5.401306785643101,10.821329956786954,121f912db441fdc44c442fe85416f56e2f81cb5381b0239db10f7d1f61df011a
11,dense1-selected,fixed2,57,False,True,True,True,True,True,2,5.247065797448158,13.08723496865493,121f912db441fdc44c442fe85416f56e2f81cb5381b0239db10f7d1f61df011a
11,dense1-selected,fixed2,58,False,True,True,True,True,True,0,4.812983330339193,10.257160600212133,121f912db441fdc44c442fe85416f56e2f81cb5381b0239db10f7d1f61df011a
11,dense1-selected,fixed2,59,False,True,True,True,True,True,0,4.762719850987196,13.892434870850332,121f912db441fdc44c442fe85416f56e2f81cb5381b0239db10f7d1f61df011a
11,dense1-selected,fixed2,60,False,True,False,True,False,True,0,4.870803095400333,15.722830799539015,121f912db441fdc44c442fe85416f56e2f81cb5381b0239db10f7d1f61df011a
11,dense1-selected,fixed2,61,False,True,True,True,True,True,0,5.591848865151405,11.004956177528163,121f912db441fdc44c442fe85416f56e2f81cb5381b0239db10f7d1f61df011a
11,dense1-selected,fixed2,62,False,True,True,True,True,True,0,5.920649040490389,10.915857213578992,121f912db441fdc44c442fe85416f56e2f81cb5381b0239db10f7d1f61df011a
11,dense1-selected,fixed2,63,False,True,True,True,True,True,0,5.543213337659836,12.074572339288622,121f912db441fdc44c442fe85416f56e2f81cb5381b0239db10f7d1f61df011a
11,dense1-selected,fixed2,64,False,True,True,True,True,True,0,4.842123482376337,9.37364660276701,121f912db441fdc44c442fe85416f56e2f81cb5381b0239db10f7d1f61df011a
11,dense1-selected,fixed2,65,False,True,True,True,True,True,0,5.641555413603783,10.94359290425112,121f912db441fdc44c442fe85416f56e2f81cb5381b0239db10f7d1f61df011a
11,dense1-selected,fixed2,66,False,True,True,True,True,True,0,5.803186446428299,9.92652821796474,121f912db441fdc44c442fe85416f56e2f81cb5381b0239db10f7d1f61df011a
11,dense1-selected,fixed2,67,False,True,True,True,True,True,0,4.554841201752424,11.95733726482723,121f912db441fdc44c442fe85416f56e2f81cb5381b0239db10f7d1f61df011a
11,dense1-selected,fixed2,68,False,True,True,True,True,True,0,4.8691146075725555,8.28484358585434,121f912db441fdc44c442fe85416f56e2f81cb5381b0239db10f7d1f61df011a
11,dense1-selected,fixed2,69,False,True,True,True,True,True,0,5.542265251278877,9.523782698460353,121f912db441fdc44c442fe85416f56e2f81cb5381b0239db10f7d1f61df011a
11,dense1-selected,fixed2,70,False,True,True,True,True,True,4,6.211814936250448,9.67653048773758,121f912db441fdc44c442fe85416f56e2f81cb5381b0239db10f7d1f61df011a
11,dense1-selected,fixed2,71,False,True,True,True,True,True,0,4.659352358430624,10.924604978358486,121f912db441fdc44c442fe85416f56e2f81cb5381b0239db10f7d1f61df011a
11,dense1-selected,fixed2,72,False,True,True,True,True,True,0,5.3025418892502785,12.925989570276561,121f912db441fdc44c442fe85416f56e2f81cb5381b0239db10f7d1f61df011a
11,dense1-selected,fixed2,73,False,True,True,True,True,True,0,5.90379536151886,11.27583891868993,121f912db441fdc44c442fe85416f56e2f81cb5381b0239db10f7d1f61df011a
11,dense1-selected,fixed2,74,False,True,True,True,True,True,3,5.7135699316859245,9.388612401012155,121f912db441fdc44c442fe85416f56e2f81cb5381b0239db10f7d1f61df011a
11,dense1-selected,fixed2,75,False,True,True,True,True,True,0,5.7402849197387695,12.330550753907774,121f912db441fdc44c442fe85416f56e2f81cb5381b0239db10f7d1f61df011a
11,dense1-selected,fixed2,76,False,True,True,True,True,True,0,6.687858607620001,11.055480794366039,121f912db441fdc44c442fe85416f56e2f81cb5381b0239db10f7d1f61df011a
11,dense1-selected,fixed2,77,False,True,True,True,True,True,1,5.507711321115494,9.999804194927929,121f912db441fdc44c442fe85416f56e2f81cb5381b0239db10f7d1f61df011a
11,dense1-selected,fixed2,78,False,True,True,True,True,True,0,5.349588114768267,12.5191041023615,121f912db441fdc44c442fe85416f56e2f81cb5381b0239db10f7d1f61df011a
11,dense1-selected,fixed2,79,False,True,True,True,True,True,2,5.2036866545677185,12.058082555084917,121f912db441fdc44c442fe85416f56e2f81cb5381b0239db10f7d1f61df011a
11,dense1-selected,fixed2,80,False,True,True,True,True,True,1,5.826817825436592,11.344309003798369,121f912db441fdc44c442fe85416f56e2f81cb5381b0239db10f7d1f61df011a
11,dense1-selected,fixed2,81,False,True,True,True,True,True,2,5.757370498031378,12.527625617124738,121f912db441fdc44c442fe85416f56e2f81cb5381b0239db10f7d1f61df011a
11,dense1-selected,fixed2,82,False,True,True,True,True,True,0,4.713662434369326,10.683679446896395,121f912db441fdc44c442fe85416f56e2f81cb5381b0239db10f7d1f61df011a
11,dense1-selected,fixed2,83,False,True,True,True,True,True,2,5.526788532733917,12.699777120060324,121f912db441fdc44c442fe85416f56e2f81cb5381b0239db10f7d1f61df011a
11,dense1-selected,fixed2,84,True,True,True,True,True,True,5,5.402142647653818,10.529435846190935,121f912db441fdc44c442fe85416f56e2f81cb5381b0239db10f7d1f61df011a
11,dense1-selected,fixed2,85,False,True,True,True,True,True,3,6.215153262019157,11.539317734791402,121f912db441fdc44c442fe85416f56e2f81cb5381b0239db10f7d1f61df011a
11,dense1-selected,fixed2,86,False,True,True,True,True,True,3,5.791040137410164,10.534686554115384,121f912db441fdc44c442fe85416f56e2f81cb5381b0239db10f7d1f61df011a
11,dense1-selected,fixed2,87,False,True,True,True,True,True,0,4.828330595046282,11.688211589829448,121f912db441fdc44c442fe85416f56e2f81cb5381b0239db10f7d1f61df011a
11,dense1-selected,fixed2,88,False,True,True,True,True,True,0,5.344714038074017,12.269794513693219,121f912db441fdc44c442fe85416f56e2f81cb5381b0239db10f7d1f61df011a
11,dense1-selected,fixed2,89,False,True,True,True,True,True,0,5.153754260390997,9.631877272264974,121f912db441fdc44c442fe85416f56e2f81cb5381b0239db10f7d1f61df011a
11,dense1-selected,fixed2,90,False,True,False,True,True,True,0,4.9291555769741535,15.288982306101682,121f912db441fdc44c442fe85416f56e2f81cb5381b0239db10f7d1f61df011a
11,dense1-selected,fixed2,91,False,True,True,True,True,True,0,4.845685325562954,11.076506677952278,121f912db441fdc44c442fe85416f56e2f81cb5381b0239db10f7d1f61df011a
11,dense1-selected,fixed2,92,False,True,True,True,True,True,0,4.939909093081951,11.062863375085177,121f912db441fdc44c442fe85416f56e2f81cb5381b0239db10f7d1f61df011a
11,dense1-selected,fixed2,93,False,True,True,True,True,True,0,5.550924688577652,9.135557307357768,121f912db441fdc44c442fe85416f56e2f81cb5381b0239db10f7d1f61df011a
11,dense1-selected,fixed2,94,False,True,True,True,True,True,0,5.580987315624952,9.37811098516326,121f912db441fdc44c442fe85416f56e2f81cb5381b0239db10f7d1f61df011a
11,dense1-selected,fixed2,95,False,True,True,True,True,True,4,5.615700967609882,10.131799308185718,121f912db441fdc44c442fe85416f56e2f81cb5381b0239db10f7d1f61df011a
11,dense1-selected,fixed2,96,False,True,True,True,True,True,1,6.391111761331558,10.523384298586304,121f912db441fdc44c442fe85416f56e2f81cb5381b0239db10f7d1f61df011a
11,dense1-selected,fixed2,97,False,True,True,True,True,True,0,5.227832123637199,8.736547047555732,121f912db441fdc44c442fe85416f56e2f81cb5381b0239db10f7d1f61df011a
11,dense1-selected,fixed2,98,False,True,True,True,True,True,0,5.059198942035437,12.272371202557606,121f912db441fdc44c442fe85416f56e2f81cb5381b0239db10f7d1f61df011a
11,dense1-selected,fixed2,99,False,True,True,True,True,True,2,4.873819649219513,10.102421810791848,121f912db441fdc44c442fe85416f56e2f81cb5381b0239db10f7d1f61df011a
11,dense1-selected,fixed2,100,False,True,True,True,True,True,0,5.05026476457715,8.995898721851225,121f912db441fdc44c442fe85416f56e2f81cb5381b0239db10f7d1f61df011a
11,dense1-selected,fixed2,101,False,True,True,True,True,True,0,5.517501849681139,10.015908073443526,121f912db441fdc44c442fe85416f56e2f81cb5381b0239db10f7d1f61df011a
11,dense1-selected,fixed2,102,False,True,True,True,True,True,3,4.767139442265034,9.174239229948489,121f912db441fdc44c442fe85416f56e2f81cb5381b0239db10f7d1f61df011a
11,dense1-selected,fixed2,103,False,True,True,True,True,True,0,5.267007742077112,8.943746812443592,121f912db441fdc44c442fe85416f56e2f81cb5381b0239db10f7d1f61df011a
11,dense1-selected,fixed2,104,False,True,False,True,True,True,0,4.90455562248826,14.414456837604297,121f912db441fdc44c442fe85416f56e2f81cb5381b0239db10f7d1f61df011a
11,dense1-selected,fixed2,105,False,True,True,True,True,True,2,6.058752071112394,9.754625163160213,121f912db441fdc44c442fe85416f56e2f81cb5381b0239db10f7d1f61df011a
11,dense1-selected,fixed2,106,False,True,True,True,True,True,2,6.356694269925356,10.526029289342391,121f912db441fdc44c442fe85416f56e2f81cb5381b0239db10f7d1f61df011a
11,dense1-selected,fixed2,107,False,True,True,True,True,True,2,6.407453678548336,11.139664583433738,121f912db441fdc44c442fe85416f56e2f81cb5381b0239db10f7d1f61df011a
11,dense1-selected,fixed2,108,False,True,True,True,True,True,4,6.422418635338545,8.752545058139193,121f912db441fdc44c442fe85416f56e2f81cb5381b0239db10f7d1f61df011a
11,dense1-selected,fixed2,109,False,True,True,True,True,True,0,5.800294224172831,10.604604639327865,121f912db441fdc44c442fe85416f56e2f81cb5381b0239db10f7d1f61df011a
11,dense1-selected,fixed2,110,False,True,True,True,True,True,0,5.01814903691411,10.59265436960128,121f912db441fdc44c442fe85416f56e2f81cb5381b0239db10f7d1f61df011a
11,dense1-selected,fixed2,111,False,True,True,True,True,True,2,4.8006153665483,10.045954075602413,121f912db441fdc44c442fe85416f56e2f81cb5381b0239db10f7d1f61df011a
11,dense1-selected,fixed2,112,False,True,True,True,True,True,0,5.288305226713419,11.101696415611285,121f912db441fdc44c442fe85416f56e2f81cb5381b0239db10f7d1f61df011a
11,dense1-selected,fixed2,113,False,True,True,True,True,True,4,5.561120342463255,10.06073033609809,121f912db441fdc44c442fe85416f56e2f81cb5381b0239db10f7d1f61df011a
11,dense1-selected,fixed2,114,False,True,True,True,True,True,0,4.60861437022686,10.062156991860975,121f912db441fdc44c442fe85416f56e2f81cb5381b0239db10f7d1f61df011a
11,dense1-selected,fixed2,115,False,True,True,True,True,True,0,5.311604589223862,12.248332351773746,121f912db441fdc44c442fe85416f56e2f81cb5381b0239db10f7d1f61df011a
11,dense1-selected,fixed2,116,False,True,True,True,True,True,0,5.1732296124100685,13.073802547878453,121f912db441fdc44c442fe85416f56e2f81cb5381b0239db10f7d1f61df011a
11,dense1-selected,fixed2,117,False,True,True,True,True,True,0,6.047463975846767,11.411467692586164,121f912db441fdc44c442fe85416f56e2f81cb5381b0239db10f7d1f61df011a
11,dense1-selected,fixed2,118,False,True,True,True,True,True,0,5.055917892605066,11.473553258367934,121f912db441fdc44c442fe85416f56e2f81cb5381b0239db10f7d1f61df011a
11,dense1-selected,fixed2,119,False,True,True,True,True,True,0,6.728997454047203,10.548463899444945,121f912db441fdc44c442fe85416f56e2f81cb5381b0239db10f7d1f61df011a
11,dense1-selected,fixed2,120,False,True,True,True,True,True,0,5.05274161696434,11.40175430981276,121f912db441fdc44c442fe85416f56e2f81cb5381b0239db10f7d1f61df011a
11,dense1-selected,fixed2,121,False,True,True,True,True,True,0,4.682933446019888,12.579295144422238,121f912db441fdc44c442fe85416f56e2f81cb5381b0239db10f7d1f61df011a
11,dense1-selected,fixed2,122,False,True,True,True,True,True,1,6.270220968872309,9.319486617743394,121f912db441fdc44c442fe85416f56e2f81cb5381b0239db10f7d1f61df011a
11,dense1-selected,fixed2,123,False,True,True,True,True,True,0,6.0753365978598595,12.24119565786473,121f912db441fdc44c442fe85416f56e2f81cb5381b0239db10f7d1f61df011a
11,dense1-selected,fixed2,124,False,True,True,True,True,True,0,4.895621910691261,12.579999507680395,121f912db441fdc44c442fe85416f56e2f81cb5381b0239db10f7d1f61df011a
11,dense1-selected,fixed2,125,False,True,True,True,True,True,1,5.868297535926104,11.383078011301007,121f912db441fdc44c442fe85416f56e2f81cb5381b0239db10f7d1f61df011a
11,dense1-selected,fixed2,126,False,True,True,True,True,True,0,5.187086295336485,11.605906956557149,121f912db441fdc44c442fe85416f56e2f81cb5381b0239db10f7d1f61df011a
11,dense1-selected,fixed2,127,False,True,True,True,True,True,0,4.829769022762775,11.584484068225404,121f912db441fdc44c442fe85416f56e2f81cb5381b0239db10f7d1f61df011a
11,dense1-selected,fixed5,0,False,True,True,True,True,True,0,4.916185978800058,10.686280895196523,121f912db441fdc44c442fe85416f56e2f81cb5381b0239db10f7d1f61df011a
11,dense1-selected,fixed5,1,False,True,True,True,True,True,0,4.602437373250723,9.30250762124039,121f912db441fdc44c442fe85416f56e2f81cb5381b0239db10f7d1f61df011a
11,dense1-selected,fixed5,2,False,True,True,True,True,True,0,5.38962846621871,8.489896963795523,121f912db441fdc44c442fe85416f56e2f81cb5381b0239db10f7d1f61df011a
11,dense1-selected,fixed5,3,False,True,True,True,True,True,0,4.492812789976597,8.628387586953995,121f912db441fdc44c442fe85416f56e2f81cb5381b0239db10f7d1f61df011a
11,dense1-selected,fixed5,4,False,True,True,True,True,True,0,5.9560611844062805,9.943001780469165,121f912db441fdc44c442fe85416f56e2f81cb5381b0239db10f7d1f61df011a
11,dense1-selected,fixed5,5,False,True,True,True,True,True,0,5.119141191244125,9.805045619613248,121f912db441fdc44c442fe85416f56e2f81cb5381b0239db10f7d1f61df011a
11,dense1-selected,fixed5,6,False,True,True,True,True,True,0,6.19435403496027,11.668761772394191,121f912db441fdc44c442fe85416f56e2f81cb5381b0239db10f7d1f61df011a
11,dense1-selected,fixed5,7,False,True,True,True,True,True,0,5.153175443410873,12.235618808407413,121f912db441fdc44c442fe85416f56e2f81cb5381b0239db10f7d1f61df011a
11,dense1-selected,fixed5,8,False,True,True,True,True,True,0,5.528551526367664,8.28956239279717,121f912db441fdc44c442fe85416f56e2f81cb5381b0239db10f7d1f61df011a
11,dense1-selected,fixed5,9,False,True,True,True,True,True,0,5.467836279422045,9.65397891064549,121f912db441fdc44c442fe85416f56e2f81cb5381b0239db10f7d1f61df011a
11,dense1-selected,fixed5,10,False,True,True,True,True,True,0,5.314459092915058,11.098662104072506,121f912db441fdc44c442fe85416f56e2f81cb5381b0239db10f7d1f61df011a
11,dense1-selected,fixed5,11,False,True,True,True,True,True,0,4.9304235726594925,12.288690232032058,121f912db441fdc44c442fe85416f56e2f81cb5381b0239db10f7d1f61df011a
11,dense1-selected,fixed5,12,False,True,True,True,True,True,0,4.451556596904993,12.833460997590398,121f912db441fdc44c442fe85416f56e2f81cb5381b0239db10f7d1f61df011a
11,dense1-selected,fixed5,13,False,True,True,True,True,True,0,5.20411878824234,11.852890865813041,121f912db441fdc44c442fe85416f56e2f81cb5381b0239db10f7d1f61df011a
11,dense1-selected,fixed5,14,False,True,True,True,True,True,0,6.3042547553777695,11.558502882396322,121f912db441fdc44c442fe85416f56e2f81cb5381b0239db10f7d1f61df011a
11,dense1-selected,fixed5,15,False,True,True,True,True,True,0,4.647254478186369,11.184239251730888,121f912db441fdc44c442fe85416f56e2f81cb5381b0239db10f7d1f61df011a
11,dense1-selected,fixed5,16,False,True,True,True,True,True,0,5.269291345030069,10.933590092211638,121f912db441fdc44c442fe85416f56e2f81cb5381b0239db10f7d1f61df011a
11,dense1-selected,fixed5,17,False,True,True,True,True,True,0,4.786897916346788,11.227231023687887,121f912db441fdc44c442fe85416f56e2f81cb5381b0239db10f7d1f61df011a
11,dense1-selected,fixed5,18,False,True,True,True,True,True,0,5.521024577319622,13.669897916181208,121f912db441fdc44c442fe85416f56e2f81cb5381b0239db10f7d1f61df011a
11,dense1-selected,fixed5,19,False,True,True,True,True,True,0,6.047062110155821,11.371260076489593,121f912db441fdc44c442fe85416f56e2f81cb5381b0239db10f7d1f61df011a
11,dense1-selected,fixed5,20,False,True,True,True,True,True,0,4.630018025636673,12.893865483062699,121f912db441fdc44c442fe85416f56e2f81cb5381b0239db10f7d1f61df011a
11,dense1-selected,fixed5,21,False,True,True,True,True,True,0,5.044067744165659,10.381670679913233,121f912db441fdc44c442fe85416f56e2f81cb5381b0239db10f7d1f61df011a
11,dense1-selected,fixed5,22,False,True,True,True,False,True,0,5.293976981192827,10.52530785061131,121f912db441fdc44c442fe85416f56e2f81cb5381b0239db10f7d1f61df011a
11,dense1-selected,fixed5,23,False,True,True,True,True,True,0,4.745340906083584,9.430880172917133,121f912db441fdc44c442fe85416f56e2f81cb5381b0239db10f7d1f61df011a
11,dense1-selected,fixed5,24,False,True,True,True,True,True,0,5.161662120372057,9.359613125343573,121f912db441fdc44c442fe85416f56e2f81cb5381b0239db10f7d1f61df011a
11,dense1-selected,fixed5,25,False,True,True,True,True,True,0,5.247850436717272,11.484705249735272,121f912db441fdc44c442fe85416f56e2f81cb5381b0239db10f7d1f61df011a
11,dense1-selected,fixed5,26,False,True,True,True,True,True,1,6.002740003168583,9.07461665203562,121f912db441fdc44c442fe85416f56e2f81cb5381b0239db10f7d1f61df011a
11,dense1-selected,fixed5,27,False,True,True,True,True,True,0,4.539725836366415,11.190079063471249,121f912db441fdc44c442fe85416f56e2f81cb5381b0239db10f7d1f61df011a
11,dense1-selected,fixed5,28,False,True,True,True,True,True,0,5.705659277737141,12.817784859671573,121f912db441fdc44c442fe85416f56e2f81cb5381b0239db10f7d1f61df011a
11,dense1-selected,fixed5,29,False,True,True,True,True,True,0,5.71348425000906,10.808843517210525,121f912db441fdc44c442fe85416f56e2f81cb5381b0239db10f7d1f61df011a
11,dense1-selected,fixed5,30,False,True,True,True,True,True,0,5.526268854737282,11.34277135746147,121f912db441fdc44c442fe85416f56e2f81cb5381b0239db10f7d1f61df011a
11,dense1-selected,fixed5,31,False,True,True,True,True,True,0,6.00056629627943,10.443794665509085,121f912db441fdc44c442fe85416f56e2f81cb5381b0239db10f7d1f61df011a
11,dense1-selected,fixed5,32,False,True,True,True,True,True,0,5.218759644776583,11.199141016952563,121f912db441fdc44c442fe85416f56e2f81cb5381b0239db10f7d1f61df011a
11,dense1-selected,fixed5,33,False,True,True,True,True,True,0,5.664447322487831,12.460774286849592,121f912db441fdc44c442fe85416f56e2f81cb5381b0239db10f7d1f61df011a
11,dense1-selected,fixed5,34,False,True,True,True,True,True,0,4.542941693216562,12.19086057877632,121f912db441fdc44c442fe85416f56e2f81cb5381b0239db10f7d1f61df011a
11,dense1-selected,fixed5,35,True,True,True,True,True,True,2,4.893474746495485,9.036024375677757,121f912db441fdc44c442fe85416f56e2f81cb5381b0239db10f7d1f61df011a
11,dense1-selected,fixed5,36,False,True,True,True,True,True,0,5.571345333009958,12.077218183818355,121f912db441fdc44c442fe85416f56e2f81cb5381b0239db10f7d1f61df011a
11,dense1-selected,fixed5,37,False,True,True,True,True,True,0,6.06232276186347,9.322164051898039,121f912db441fdc44c442fe85416f56e2f81cb5381b0239db10f7d1f61df011a
11,dense1-selected,fixed5,38,False,True,True,True,True,True,0,5.324539262801409,10.664223653045614,121f912db441fdc44c442fe85416f56e2f81cb5381b0239db10f7d1f61df011a
11,dense1-selected,fixed5,39,False,True,True,True,True,True,0,5.321210715919733,10.892258909996597,121f912db441fdc44c442fe85416f56e2f81cb5381b0239db10f7d1f61df011a
11,dense1-selected,fixed5,40,False,True,True,True,True,True,0,4.627389833331108,12.085702132541158,121f912db441fdc44c442fe85416f56e2f81cb5381b0239db10f7d1f61df011a
11,dense1-selected,fixed5,41,False,True,True,True,True,True,0,7.056012284010649,8.664114598955038,121f912db441fdc44c442fe85416f56e2f81cb5381b0239db10f7d1f61df011a
11,dense1-selected,fixed5,42,False,True,True,True,True,True,0,4.910753574222326,12.441588285471026,121f912db441fdc44c442fe85416f56e2f81cb5381b0239db10f7d1f61df011a
11,dense1-selected,fixed5,43,False,True,True,True,True,True,0,4.078700672835112,10.782903312516462,121f912db441fdc44c442fe85416f56e2f81cb5381b0239db10f7d1f61df011a
11,dense1-selected,fixed5,44,False,True,True,True,True,True,0,5.540031939744949,10.665877412598403,121f912db441fdc44c442fe85416f56e2f81cb5381b0239db10f7d1f61df011a
11,dense1-selected,fixed5,45,False,True,True,True,True,True,0,5.050100386142731,12.752945873880641,121f912db441fdc44c442fe85416f56e2f81cb5381b0239db10f7d1f61df011a
11,dense1-selected,fixed5,46,False,True,True,True,True,True,0,4.887796938419342,11.699673501030377,121f912db441fdc44c442fe85416f56e2f81cb5381b0239db10f7d1f61df011a
11,dense1-selected,fixed5,47,False,True,True,True,True,True,0,5.380536429584026,8.399087037459266,121f912db441fdc44c442fe85416f56e2f81cb5381b0239db10f7d1f61df011a
11,dense1-selected,fixed5,48,False,True,True,True,True,True,0,4.801895469427109,8.12708329149997,121f912db441fdc44c442fe85416f56e2f81cb5381b0239db10f7d1f61df011a
11,dense1-selected,fixed5,49,False,True,True,True,True,True,0,4.19312808662653,10.043364580133332,121f912db441fdc44c442fe85416f56e2f81cb5381b0239db10f7d1f61df011a
11,dense1-selected,fixed5,50,False,True,True,True,True,True,0,4.8664934001863,13.112866107289049,121f912db441fdc44c442fe85416f56e2f81cb5381b0239db10f7d1f61df011a
11,dense1-selected,fixed5,51,False,True,True,True,True,True,0,5.318695213645697,14.16043356463506,121f912db441fdc44c442fe85416f56e2f81cb5381b0239db10f7d1f61df011a
11,dense1-selected,fixed5,52,False,True,True,True,True,True,0,4.5649767853319645,11.939463513542952,121f912db441fdc44c442fe85416f56e2f81cb5381b0239db10f7d1f61df011a
11,dense1-selected,fixed5,53,False,True,True,True,True,True,0,5.064197815954685,11.777111624519042,121f912db441fdc44c442fe85416f56e2f81cb5381b0239db10f7d1f61df011a
11,dense1-selected,fixed5,54,False,True,True,True,True,True,0,5.762620363384485,12.53748072632342,121f912db441fdc44c442fe85416f56e2f81cb5381b0239db10f7d1f61df011a
11,dense1-selected,fixed5,55,False,True,True,True,True,True,0,5.10376738384366,12.720128522466023,121f912db441fdc44c442fe85416f56e2f81cb5381b0239db10f7d1f61df011a
11,dense1-selected,fixed5,56,False,True,True,True,True,True,0,4.876390565186739,11.775553487614633,121f912db441fdc44c442fe85416f56e2f81cb5381b0239db10f7d1f61df011a
11,dense1-selected,fixed5,57,False,True,True,True,True,True,0,4.415662027895451,13.403674217807035,121f912db441fdc44c442fe85416f56e2f81cb5381b0239db10f7d1f61df011a
11,dense1-selected,fixed5,58,False,True,True,True,True,True,0,4.243869334459305,10.016178719689389,121f912db441fdc44c442fe85416f56e2f81cb5381b0239db10f7d1f61df011a
11,dense1-selected,fixed5,59,False,True,True,True,True,True,0,4.366852343082428,13.936520326848179,121f912db441fdc44c442fe85416f56e2f81cb5381b0239db10f7d1f61df011a
11,dense1-selected,fixed5,60,False,True,False,True,False,True,0,4.870803095400333,15.722830799539015,121f912db441fdc44c442fe85416f56e2f81cb5381b0239db10f7d1f61df011a
11,dense1-selected,fixed5,61,False,True,True,True,True,True,0,5.231678485870361,12.067893268053995,121f912db441fdc44c442fe85416f56e2f81cb5381b0239db10f7d1f61df011a
11,dense1-selected,fixed5,62,False,True,True,True,True,True,0,6.306472700089216,10.572886094595972,121f912db441fdc44c442fe85416f56e2f81cb5381b0239db10f7d1f61df011a
11,dense1-selected,fixed5,63,False,True,True,True,True,True,0,4.816553555428982,12.67459592013778,121f912db441fdc44c442fe85416f56e2f81cb5381b0239db10f7d1f61df011a
11,dense1-selected,fixed5,64,False,True,True,True,True,True,0,4.623934160917997,10.927512931397619,121f912db441fdc44c442fe85416f56e2f81cb5381b0239db10f7d1f61df011a
11,dense1-selected,fixed5,65,False,True,True,True,True,True,0,4.8133609816432,9.224227676936518,121f912db441fdc44c442fe85416f56e2f81cb5381b0239db10f7d1f61df011a
11,dense1-selected,fixed5,66,False,True,True,True,True,True,0,6.020728964358568,10.179554283315156,121f912db441fdc44c442fe85416f56e2f81cb5381b0239db10f7d1f61df011a
11,dense1-selected,fixed5,67,False,True,True,True,True,True,0,5.65748056396842,9.278359487429809,121f912db441fdc44c442fe85416f56e2f81cb5381b0239db10f7d1f61df011a
11,dense1-selected,fixed5,68,False,True,True,True,True,True,0,4.791565239429474,7.477530593884464,121f912db441fdc44c442fe85416f56e2f81cb5381b0239db10f7d1f61df011a
11,dense1-selected,fixed5,69,False,True,True,True,True,True,0,5.462531000375748,10.495748499430787,121f912db441fdc44c442fe85416f56e2f81cb5381b0239db10f7d1f61df011a
11,dense1-selected,fixed5,70,False,True,True,True,True,True,0,5.87133876979351,9.67653048773758,121f912db441fdc44c442fe85416f56e2f81cb5381b0239db10f7d1f61df011a
11,dense1-selected,fixed5,71,False,True,True,True,True,True,0,4.480648785829544,9.861535552917484,121f912db441fdc44c442fe85416f56e2f81cb5381b0239db10f7d1f61df011a
11,dense1-selected,fixed5,72,False,True,True,True,True,True,0,4.7294809482991695,11.309428935254406,121f912db441fdc44c442fe85416f56e2f81cb5381b0239db10f7d1f61df011a
11,dense1-selected,fixed5,73,False,True,True,True,True,True,0,5.050814710557461,10.17817287755552,121f912db441fdc44c442fe85416f56e2f81cb5381b0239db10f7d1f61df011a
11,dense1-selected,fixed5,74,False,True,True,True,True,True,0,5.599545314908028,8.095364746768077,121f912db441fdc44c442fe85416f56e2f81cb5381b0239db10f7d1f61df011a
11,dense1-selected,fixed5,75,False,True,True,True,True,True,0,4.397375974804163,10.404593648541443,121f912db441fdc44c442fe85416f56e2f81cb5381b0239db10f7d1f61df011a
11,dense1-selected,fixed5,76,False,True,True,True,True,True,0,6.238542962819338,10.306259415060769,121f912db441fdc44c442fe85416f56e2f81cb5381b0239db10f7d1f61df011a
11,dense1-selected,fixed5,77,False,True,True,True,True,True,0,5.750508047640324,10.13396960079449,121f912db441fdc44c442fe85416f56e2f81cb5381b0239db10f7d1f61df011a
11,dense1-selected,fixed5,78,False,True,True,True,True,True,0,4.720786586403847,9.287603294697774,121f912db441fdc44c442fe85416f56e2f81cb5381b0239db10f7d1f61df011a
11,dense1-selected,fixed5,79,False,True,True,True,True,True,0,5.704010371118784,12.99873023116355,121f912db441fdc44c442fe85416f56e2f81cb5381b0239db10f7d1f61df011a
11,dense1-selected,fixed5,80,False,True,True,True,True,True,0,5.5419765412807465,12.551241849953703,121f912db441fdc44c442fe85416f56e2f81cb5381b0239db10f7d1f61df011a
11,dense1-selected,fixed5,81,False,True,True,True,True,True,0,5.349589511752129,10.227572220727637,121f912db441fdc44c442fe85416f56e2f81cb5381b0239db10f7d1f61df011a
11,dense1-selected,fixed5,82,False,True,True,True,True,True,0,4.720211029052734,12.505357492883203,121f912db441fdc44c442fe85416f56e2f81cb5381b0239db10f7d1f61df011a
11,dense1-selected,fixed5,83,False,True,True,True,True,True,0,4.740569740533829,12.560217572296745,121f912db441fdc44c442fe85416f56e2f81cb5381b0239db10f7d1f61df011a
11,dense1-selected,fixed5,84,False,True,True,True,True,True,0,5.132333375513554,9.957452753205619,121f912db441fdc44c442fe85416f56e2f81cb5381b0239db10f7d1f61df011a
11,dense1-selected,fixed5,85,False,True,True,True,True,True,0,5.154695361852646,12.83026703037977,121f912db441fdc44c442fe85416f56e2f81cb5381b0239db10f7d1f61df011a
11,dense1-selected,fixed5,86,False,True,True,True,True,True,0,4.393250681459904,13.034894375271476,121f912db441fdc44c442fe85416f56e2f81cb5381b0239db10f7d1f61df011a
11,dense1-selected,fixed5,87,False,True,True,True,True,True,0,4.586090333759785,11.853140167717747,121f912db441fdc44c442fe85416f56e2f81cb5381b0239db10f7d1f61df011a
11,dense1-selected,fixed5,88,False,True,True,True,True,True,0,4.757662769407034,12.192138677924758,121f912db441fdc44c442fe85416f56e2f81cb5381b0239db10f7d1f61df011a
11,dense1-selected,fixed5,89,False,True,True,True,True,True,0,4.869317635893822,9.811004959664084,121f912db441fdc44c442fe85416f56e2f81cb5381b0239db10f7d1f61df011a
11,dense1-selected,fixed5,90,False,True,True,True,True,True,0,5.967108532786369,10.457594208953449,121f912db441fdc44c442fe85416f56e2f81cb5381b0239db10f7d1f61df011a
11,dense1-selected,fixed5,91,False,True,True,True,True,True,0,4.4965725392103195,10.191815326648975,121f912db441fdc44c442fe85416f56e2f81cb5381b0239db10f7d1f61df011a
11,dense1-selected,fixed5,92,False,True,True,True,True,True,0,4.134295042604208,9.718727396429918,121f912db441fdc44c442fe85416f56e2f81cb5381b0239db10f7d1f61df011a
11,dense1-selected,fixed5,93,False,True,True,True,True,True,0,5.847735330462456,11.08034609803947,121f912db441fdc44c442fe85416f56e2f81cb5381b0239db10f7d1f61df011a
11,dense1-selected,fixed5,94,False,True,True,True,True,True,0,5.258301272988319,9.889863762500111,121f912db441fdc44c442fe85416f56e2f81cb5381b0239db10f7d1f61df011a
11,dense1-selected,fixed5,95,False,True,True,True,True,True,0,4.717373754829168,13.302140894473856,121f912db441fdc44c442fe85416f56e2f81cb5381b0239db10f7d1f61df011a
11,dense1-selected,fixed5,96,False,True,True,True,True,True,0,4.7689941711723804,9.843900004480512,121f912db441fdc44c442fe85416f56e2f81cb5381b0239db10f7d1f61df011a
11,dense1-selected,fixed5,97,False,True,True,True,True,True,0,5.467675160616636,8.521407187757731,121f912db441fdc44c442fe85416f56e2f81cb5381b0239db10f7d1f61df011a
11,dense1-selected,fixed5,98,False,True,True,True,True,True,0,5.224267952144146,13.919220311454183,121f912db441fdc44c442fe85416f56e2f81cb5381b0239db10f7d1f61df011a
11,dense1-selected,fixed5,99,False,True,True,True,True,True,0,5.166351329535246,12.023849646964814,121f912db441fdc44c442fe85416f56e2f81cb5381b0239db10f7d1f61df011a
11,dense1-selected,fixed5,100,False,True,True,True,True,True,0,5.336000118404627,8.995898721851225,121f912db441fdc44c442fe85416f56e2f81cb5381b0239db10f7d1f61df011a
11,dense1-selected,fixed5,101,False,True,True,True,True,True,0,6.61740405485034,11.447120426279985,121f912db441fdc44c442fe85416f56e2f81cb5381b0239db10f7d1f61df011a
11,dense1-selected,fixed5,102,False,True,True,True,True,True,0,4.990509245544672,12.28726186872188,121f912db441fdc44c442fe85416f56e2f81cb5381b0239db10f7d1f61df011a
11,dense1-selected,fixed5,103,False,True,True,True,True,True,0,5.105842836201191,11.491211858693356,121f912db441fdc44c442fe85416f56e2f81cb5381b0239db10f7d1f61df011a
11,dense1-selected,fixed5,104,False,True,True,True,True,True,1,7.182825356721878,13.619334025755602,121f912db441fdc44c442fe85416f56e2f81cb5381b0239db10f7d1f61df011a
11,dense1-selected,fixed5,105,False,True,True,True,True,True,0,5.729896482080221,10.674540653786918,121f912db441fdc44c442fe85416f56e2f81cb5381b0239db10f7d1f61df011a
11,dense1-selected,fixed5,106,False,True,False,True,True,True,0,5.425553303211927,14.63040692859259,121f912db441fdc44c442fe85416f56e2f81cb5381b0239db10f7d1f61df011a
11,dense1-selected,fixed5,107,False,True,True,True,True,True,0,5.593109410256147,11.485959443221617,121f912db441fdc44c442fe85416f56e2f81cb5381b0239db10f7d1f61df011a
11,dense1-selected,fixed5,108,False,True,True,True,True,True,0,6.487238220870495,10.316846208274288,121f912db441fdc44c442fe85416f56e2f81cb5381b0239db10f7d1f61df011a
11,dense1-selected,fixed5,109,False,True,True,True,True,True,0,5.738864187151194,10.057666996255339,121f912db441fdc44c442fe85416f56e2f81cb5381b0239db10f7d1f61df011a
11,dense1-selected,fixed5,110,False,True,True,True,True,True,0,6.0967206954956055,10.507892575775069,121f912db441fdc44c442fe85416f56e2f81cb5381b0239db10f7d1f61df011a
11,dense1-selected,fixed5,111,False,True,True,True,True,True,0,4.39870823174715,11.057832940761463,121f912db441fdc44c442fe85416f56e2f81cb5381b0239db10f7d1f61df011a
11,dense1-selected,fixed5,112,False,True,True,True,True,True,0,4.887696355581284,12.340580032930292,121f912db441fdc44c442fe85416f56e2f81cb5381b0239db10f7d1f61df011a
11,dense1-selected,fixed5,113,False,True,True,True,True,True,0,6.070061586797237,10.362474433250913,121f912db441fdc44c442fe85416f56e2f81cb5381b0239db10f7d1f61df011a
11,dense1-selected,fixed5,114,False,True,False,True,True,True,0,4.915738943964243,14.543496186498762,121f912db441fdc44c442fe85416f56e2f81cb5381b0239db10f7d1f61df011a
11,dense1-selected,fixed5,115,False,True,True,True,True,True,0,5.009353160858154,11.839394412013096,121f912db441fdc44c442fe85416f56e2f81cb5381b0239db10f7d1f61df011a
11,dense1-selected,fixed5,116,False,True,True,True,True,True,0,5.453688558191061,13.108796168317367,121f912db441fdc44c442fe85416f56e2f81cb5381b0239db10f7d1f61df011a
11,dense1-selected,fixed5,117,False,True,True,True,True,True,0,6.050336174666882,12.195657932894607,121f912db441fdc44c442fe85416f56e2f81cb5381b0239db10f7d1f61df011a
11,dense1-selected,fixed5,118,False,True,True,True,True,True,0,4.827097058296204,10.7240279356446,121f912db441fdc44c442fe85416f56e2f81cb5381b0239db10f7d1f61df011a
11,dense1-selected,fixed5,119,False,True,True,True,True,True,0,5.644096992909908,12.113452337365272,121f912db441fdc44c442fe85416f56e2f81cb5381b0239db10f7d1f61df011a
11,dense1-selected,fixed5,120,False,True,True,True,True,True,0,5.445192102342844,9.675633171635369,121f912db441fdc44c442fe85416f56e2f81cb5381b0239db10f7d1f61df011a
11,dense1-selected,fixed5,121,False,True,True,True,True,True,0,5.153023637831211,14.090617932260129,121f912db441fdc44c442fe85416f56e2f81cb5381b0239db10f7d1f61df011a
11,dense1-selected,fixed5,122,False,True,True,True,True,True,0,6.2264977023005486,13.222815077453328,121f912db441fdc44c442fe85416f56e2f81cb5381b0239db10f7d1f61df011a
11,dense1-selected,fixed5,123,False,True,True,True,True,True,0,4.689917434006929,12.960205402923739,121f912db441fdc44c442fe85416f56e2f81cb5381b0239db10f7d1f61df011a
11,dense1-selected,fixed5,124,False,True,False,True,True,True,0,4.895621910691261,15.199064573225757,121f912db441fdc44c442fe85416f56e2f81cb5381b0239db10f7d1f61df011a
11,dense1-selected,fixed5,125,False,True,True,True,True,True,0,5.14735234901309,11.537251602567473,121f912db441fdc44c442fe85416f56e2f81cb5381b0239db10f7d1f61df011a
11,dense1-selected,fixed5,126,False,True,True,True,True,True,0,4.7222161665558815,10.272610488114701,121f912db441fdc44c442fe85416f56e2f81cb5381b0239db10f7d1f61df011a
11,dense1-selected,fixed5,127,False,True,True,True,True,True,0,4.690886940807104,11.984444578095719,121f912db441fdc44c442fe85416f56e2f81cb5381b0239db10f7d1f61df011a
11,dense1-selected,arrival,0,True,True,True,True,True,True,4,6.063174922019243,12.727537570168193,121f912db441fdc44c442fe85416f56e2f81cb5381b0239db10f7d1f61df011a
11,dense1-selected,arrival,1,True,True,True,True,True,True,7,4.602437373250723,8.987053626876058,121f912db441fdc44c442fe85416f56e2f81cb5381b0239db10f7d1f61df011a
11,dense1-selected,arrival,2,True,True,True,True,True,True,8,5.506820976734161,9.987452651587608,121f912db441fdc44c442fe85416f56e2f81cb5381b0239db10f7d1f61df011a
11,dense1-selected,arrival,3,True,True,True,True,True,True,3,4.113561008125544,10.400477605792863,121f912db441fdc44c442fe85416f56e2f81cb5381b0239db10f7d1f61df011a
11,dense1-selected,arrival,4,True,True,True,True,True,True,13,5.374833010137081,10.451286529254942,121f912db441fdc44c442fe85416f56e2f81cb5381b0239db10f7d1f61df011a
11,dense1-selected,arrival,5,True,True,True,True,True,True,12,4.841542337089777,9.667552204073598,121f912db441fdc44c442fe85416f56e2f81cb5381b0239db10f7d1f61df011a
11,dense1-selected,arrival,6,True,True,True,True,True,True,17,5.348255857825279,10.387704298271293,121f912db441fdc44c442fe85416f56e2f81cb5381b0239db10f7d1f61df011a
11,dense1-selected,arrival,7,True,True,True,True,True,True,14,5.7984027080237865,10.442204085206118,121f912db441fdc44c442fe85416f56e2f81cb5381b0239db10f7d1f61df011a
11,dense1-selected,arrival,8,True,True,True,True,True,True,15,4.750668536871672,9.479230228278006,121f912db441fdc44c442fe85416f56e2f81cb5381b0239db10f7d1f61df011a
11,dense1-selected,arrival,9,True,True,True,True,True,True,13,5.4953875951468945,10.991173709556723,121f912db441fdc44c442fe85416f56e2f81cb5381b0239db10f7d1f61df011a
11,dense1-selected,arrival,10,True,True,True,True,True,True,16,5.330333020538092,11.216876456906148,121f912db441fdc44c442fe85416f56e2f81cb5381b0239db10f7d1f61df011a
11,dense1-selected,arrival,11,True,True,True,True,True,True,15,4.895102232694626,9.304720602531473,121f912db441fdc44c442fe85416f56e2f81cb5381b0239db10f7d1f61df011a
11,dense1-selected,arrival,12,True,True,True,True,True,True,18,5.723888985812664,11.348798999404005,121f912db441fdc44c442fe85416f56e2f81cb5381b0239db10f7d1f61df011a
11,dense1-selected,arrival,13,True,True,True,True,True,True,18,5.203284788876772,10.58584893986701,121f912db441fdc44c442fe85416f56e2f81cb5381b0239db10f7d1f61df011a
11,dense1-selected,arrival,14,True,True,True,True,True,True,17,4.9130585975945,12.139191905252465,121f912db441fdc44c442fe85416f56e2f81cb5381b0239db10f7d1f61df011a
11,dense1-selected,arrival,15,True,True,True,True,True,True,8,4.302025306969881,10.235385957138131,121f912db441fdc44c442fe85416f56e2f81cb5381b0239db10f7d1f61df011a
11,dense1-selected,arrival,16,False,True,True,True,True,True,1,5.269291345030069,10.790984280078234,121f912db441fdc44c442fe85416f56e2f81cb5381b0239db10f7d1f61df011a
11,dense1-selected,arrival,17,True,True,True,True,True,True,12,6.8265884183347225,10.21672075768378,121f912db441fdc44c442fe85416f56e2f81cb5381b0239db10f7d1f61df011a
11,dense1-selected,arrival,18,True,True,True,True,True,True,3,4.911790136247873,9.371250060141982,121f912db441fdc44c442fe85416f56e2f81cb5381b0239db10f7d1f61df011a
11,dense1-selected,arrival,19,True,True,True,True,True,True,18,4.853397142142057,11.096667688834863,121f912db441fdc44c442fe85416f56e2f81cb5381b0239db10f7d1f61df011a
11,dense1-selected,arrival,20,True,True,True,True,True,True,16,5.751580931246281,10.215959191591322,121f912db441fdc44c442fe85416f56e2f81cb5381b0239db10f7d1f61df011a
11,dense1-selected,arrival,21,True,True,True,True,True,True,7,5.044067744165659,9.606830114804891,121f912db441fdc44c442fe85416f56e2f81cb5381b0239db10f7d1f61df011a
11,dense1-selected,arrival,22,True,True,True,True,False,True,11,5.293976981192827,10.503016674481326,121f912db441fdc44c442fe85416f56e2f81cb5381b0239db10f7d1f61df011a
11,dense1-selected,arrival,23,False,True,True,True,True,True,2,5.0101806409657,9.512649490113233,121f912db441fdc44c442fe85416f56e2f81cb5381b0239db10f7d1f61df011a
11,dense1-selected,arrival,24,True,True,True,True,True,True,17,5.869498942047358,9.13762258580805,121f912db441fdc44c442fe85416f56e2f81cb5381b0239db10f7d1f61df011a
11,dense1-selected,arrival,25,True,True,True,True,True,True,19,4.754182882606983,10.936164219755087,121f912db441fdc44c442fe85416f56e2f81cb5381b0239db10f7d1f61df011a
11,dense1-selected,arrival,26,True,True,True,True,True,True,15,4.902219865471125,12.516016856856654,121f912db441fdc44c442fe85416f56e2f81cb5381b0239db10f7d1f61df011a
11,dense1-selected,arrival,27,True,True,True,True,True,True,10,4.35233348980546,9.412278152712602,121f912db441fdc44c442fe85416f56e2f81cb5381b0239db10f7d1f61df011a
11,dense1-selected,arrival,28,True,True,True,True,True,True,16,5.0895363092422485,10.737902611169833,121f912db441fdc44c442fe85416f56e2f81cb5381b0239db10f7d1f61df011a
11,dense1-selected,arrival,29,True,True,False,True,True,True,16,15.870580449700356,15.446448902321741,121f912db441fdc44c442fe85416f56e2f81cb5381b0239db10f7d1f61df011a
11,dense1-selected,arrival,30,False,True,True,True,True,True,1,4.88829892128706,6.419283281997491,121f912db441fdc44c442fe85416f56e2f81cb5381b0239db10f7d1f61df011a
11,dense1-selected,arrival,31,True,True,True,True,True,True,8,5.860210862010717,9.240567196978482,121f912db441fdc44c442fe85416f56e2f81cb5381b0239db10f7d1f61df011a
11,dense1-selected,arrival,32,True,True,True,True,True,True,17,5.5962540209293365,11.821353321094154,121f912db441fdc44c442fe85416f56e2f81cb5381b0239db10f7d1f61df011a
11,dense1-selected,arrival,33,False,True,True,True,True,True,1,5.312622059136629,10.05066946745066,121f912db441fdc44c442fe85416f56e2f81cb5381b0239db10f7d1f61df011a
11,dense1-selected,arrival,34,True,True,True,True,True,True,10,4.250902682542801,11.803702404731549,121f912db441fdc44c442fe85416f56e2f81cb5381b0239db10f7d1f61df011a
11,dense1-selected,arrival,35,True,True,True,True,True,True,17,5.3465659730136395,11.618808330125656,121f912db441fdc44c442fe85416f56e2f81cb5381b0239db10f7d1f61df011a
11,dense1-selected,arrival,36,True,True,True,True,True,True,13,5.653801374137402,9.768209555645722,121f912db441fdc44c442fe85416f56e2f81cb5381b0239db10f7d1f61df011a
11,dense1-selected,arrival,37,False,True,True,True,True,True,1,5.2353618666529655,7.859584909071944,121f912db441fdc44c442fe85416f56e2f81cb5381b0239db10f7d1f61df011a
11,dense1-selected,arrival,38,True,True,True,True,True,True,12,6.210077088326216,12.178351941085088,121f912db441fdc44c442fe85416f56e2f81cb5381b0239db10f7d1f61df011a
11,dense1-selected,arrival,39,True,True,True,True,True,True,4,5.116916261613369,10.781742180357561,121f912db441fdc44c442fe85416f56e2f81cb5381b0239db10f7d1f61df011a
11,dense1-selected,arrival,40,True,True,True,True,True,True,18,4.484868608415127,11.448929572636393,121f912db441fdc44c442fe85416f56e2f81cb5381b0239db10f7d1f61df011a
11,dense1-selected,arrival,41,True,True,True,True,True,True,17,6.585175637155771,13.432435290628312,121f912db441fdc44c442fe85416f56e2f81cb5381b0239db10f7d1f61df011a
11,dense1-selected,arrival,42,True,True,False,True,True,True,14,7.96240009367466,14.886549267751823,121f912db441fdc44c442fe85416f56e2f81cb5381b0239db10f7d1f61df011a
11,dense1-selected,arrival,43,True,True,True,True,True,True,17,4.078700672835112,9.319266344142662,121f912db441fdc44c442fe85416f56e2f81cb5381b0239db10f7d1f61df011a
11,dense1-selected,arrival,44,True,True,True,True,True,True,12,4.930212162435055,11.00328705004974,121f912db441fdc44c442fe85416f56e2f81cb5381b0239db10f7d1f61df011a
11,dense1-selected,arrival,45,True,True,True,True,True,True,5,4.652697127312422,9.674090402656592,121f912db441fdc44c442fe85416f56e2f81cb5381b0239db10f7d1f61df011a
11,dense1-selected,arrival,46,True,True,True,True,True,True,14,4.6637998893857,10.365361041948889,121f912db441fdc44c442fe85416f56e2f81cb5381b0239db10f7d1f61df011a
11,dense1-selected,arrival,47,False,True,True,True,True,True,2,4.9865045584738255,8.535067566097757,121f912db441fdc44c442fe85416f56e2f81cb5381b0239db10f7d1f61df011a
11,dense1-selected,arrival,48,True,True,True,True,True,True,21,5.2275219932198524,10.580085113981164,121f912db441fdc44c442fe85416f56e2f81cb5381b0239db10f7d1f61df011a
11,dense1-selected,arrival,49,False,True,True,True,True,True,2,4.057871643453836,8.946132256011218,121f912db441fdc44c442fe85416f56e2f81cb5381b0239db10f7d1f61df011a
11,dense1-selected,arrival,50,True,True,True,True,True,True,13,4.83208941295743,8.016661330735666,121f912db441fdc44c442fe85416f56e2f81cb5381b0239db10f7d1f61df011a
11,dense1-selected,arrival,51,True,True,True,True,True,True,17,4.9554468132555485,11.416069532539462,121f912db441fdc44c442fe85416f56e2f81cb5381b0239db10f7d1f61df011a
11,dense1-selected,arrival,52,False,True,True,True,True,True,1,5.120673682540655,10.843792741419835,121f912db441fdc44c442fe85416f56e2f81cb5381b0239db10f7d1f61df011a
11,dense1-selected,arrival,53,True,True,True,True,True,True,6,5.064197815954685,9.925848614142323,121f912db441fdc44c442fe85416f56e2f81cb5381b0239db10f7d1f61df011a
11,dense1-selected,arrival,54,True,True,True,True,True,True,16,5.374742206186056,10.045462301982171,121f912db441fdc44c442fe85416f56e2f81cb5381b0239db10f7d1f61df011a
11,dense1-selected,arrival,55,True,True,True,True,True,True,9,4.626928828656673,8.174804115683557,121f912db441fdc44c442fe85416f56e2f81cb5381b0239db10f7d1f61df011a
11,dense1-selected,arrival,56,True,True,True,True,True,True,15,4.886147566139698,9.448672815705015,121f912db441fdc44c442fe85416f56e2f81cb5381b0239db10f7d1f61df011a
11,dense1-selected,arrival,57,True,True,True,True,True,True,18,4.7224429436028,13.070670052370357,121f912db441fdc44c442fe85416f56e2f81cb5381b0239db10f7d1f61df011a
11,dense1-selected,arrival,58,False,True,True,True,True,True,2,4.019693937152624,7.54526131101525,121f912db441fdc44c442fe85416f56e2f81cb5381b0239db10f7d1f61df011a
11,dense1-selected,arrival,59,True,True,True,True,True,True,19,4.9642096273601055,12.17922620529885,121f912db441fdc44c442fe85416f56e2f81cb5381b0239db10f7d1f61df011a
11,dense1-selected,arrival,60,True,True,False,True,False,True,3,4.870803095400333,15.722830799539015,121f912db441fdc44c442fe85416f56e2f81cb5381b0239db10f7d1f61df011a
11,dense1-selected,arrival,61,True,True,False,True,True,True,18,5.1482426933944225,14.86278020944018,121f912db441fdc44c442fe85416f56e2f81cb5381b0239db10f7d1f61df011a
11,dense1-selected,arrival,62,True,True,True,True,True,True,3,5.920649040490389,11.10877846800694,121f912db441fdc44c442fe85416f56e2f81cb5381b0239db10f7d1f61df011a
11,dense1-selected,arrival,63,True,True,True,True,True,True,18,5.098620895296335,9.92580848678095,121f912db441fdc44c442fe85416f56e2f81cb5381b0239db10f7d1f61df011a
11,dense1-selected,arrival,64,False,True,True,True,True,True,2,4.623934160917997,7.3933322906647785,121f912db441fdc44c442fe85416f56e2f81cb5381b0239db10f7d1f61df011a
11,dense1-selected,arrival,65,False,True,True,True,True,True,2,4.660633392632008,9.388667896299161,121f912db441fdc44c442fe85416f56e2f81cb5381b0239db10f7d1f61df011a
11,dense1-selected,arrival,66,True,True,False,True,True,True,15,5.537055432796478,24.77124172327659,121f912db441fdc44c442fe85416f56e2f81cb5381b0239db10f7d1f61df011a
11,dense1-selected,arrival,67,False,True,True,True,True,True,1,4.554841201752424,7.67870015550885,121f912db441fdc44c442fe85416f56e2f81cb5381b0239db10f7d1f61df011a
11,dense1-selected,arrival,68,False,True,True,True,True,True,1,4.791565239429474,6.919675747197319,121f912db441fdc44c442fe85416f56e2f81cb5381b0239db10f7d1f61df011a
11,dense1-selected,arrival,69,True,True,True,True,True,True,18,5.106015596538782,9.545477940585252,121f912db441fdc44c442fe85416f56e2f81cb5381b0239db10f7d1f61df011a
11,dense1-selected,arrival,70,False,True,True,True,True,True,2,5.981695838272572,10.746618786324417,121f912db441fdc44c442fe85416f56e2f81cb5381b0239db10f7d1f61df011a
11,dense1-selected,arrival,71,True,True,True,True,True,True,5,4.983008373528719,9.967377018069648,121f912db441fdc44c442fe85416f56e2f81cb5381b0239db10f7d1f61df011a
11,dense1-selected,arrival,72,True,True,True,True,True,True,9,4.706650506705046,8.999053415474124,121f912db441fdc44c442fe85416f56e2f81cb5381b0239db10f7d1f61df011a
11,dense1-selected,arrival,73,False,True,True,True,True,True,2,5.046210717409849,8.03634422837635,121f912db441fdc44c442fe85416f56e2f81cb5381b0239db10f7d1f61df011a
11,dense1-selected,arrival,74,True,True,True,True,True,True,18,5.4180617444217205,9.714253622523561,121f912db441fdc44c442fe85416f56e2f81cb5381b0239db10f7d1f61df011a
11,dense1-selected,arrival,75,True,True,True,True,True,True,13,4.989049397408962,11.371176406672259,121f912db441fdc44c442fe85416f56e2f81cb5381b0239db10f7d1f61df011a
11,dense1-selected,arrival,76,True,True,True,True,True,True,4,5.724942311644554,8.922406740155534,121f912db441fdc44c442fe85416f56e2f81cb5381b0239db10f7d1f61df011a
11,dense1-selected,arrival,77,True,True,True,True,True,True,17,4.551257006824017,11.794712168236519,121f912db441fdc44c442fe85416f56e2f81cb5381b0239db10f7d1f61df011a
11,dense1-selected,arrival,78,True,True,True,True,True,True,17,5.812915973365307,8.663008962083143,121f912db441fdc44c442fe85416f56e2f81cb5381b0239db10f7d1f61df011a
11,dense1-selected,arrival,79,True,True,True,True,True,True,8,5.173488985747099,11.00086830930991,121f912db441fdc44c442fe85416f56e2f81cb5381b0239db10f7d1f61df011a
11,dense1-selected,arrival,80,True,True,True,True,True,True,3,4.568472504615784,7.035478616367124,121f912db441fdc44c442fe85416f56e2f81cb5381b0239db10f7d1f61df011a
11,dense1-selected,arrival,81,True,True,True,True,True,True,19,4.853765945881605,12.22957238344466,121f912db441fdc44c442fe85416f56e2f81cb5381b0239db10f7d1f61df011a
11,dense1-selected,arrival,82,True,True,True,True,True,True,5,4.737130831927061,9.893421437284042,121f912db441fdc44c442fe85416f56e2f81cb5381b0239db10f7d1f61df011a
11,dense1-selected,arrival,83,False,True,True,True,True,True,1,4.462189972400665,11.628782113861169,121f912db441fdc44c442fe85416f56e2f81cb5381b0239db10f7d1f61df011a
11,dense1-selected,arrival,84,True,True,True,True,True,True,12,5.115304607897997,13.42427065324921,121f912db441fdc44c442fe85416f56e2f81cb5381b0239db10f7d1f61df011a
11,dense1-selected,arrival,85,True,True,True,True,True,True,13,7.152076810598373,11.70741466668094,121f912db441fdc44c442fe85416f56e2f81cb5381b0239db10f7d1f61df011a
11,dense1-selected,arrival,86,True,True,True,True,True,True,14,4.662069492042065,11.326998743120617,121f912db441fdc44c442fe85416f56e2f81cb5381b0239db10f7d1f61df011a
11,dense1-selected,arrival,87,True,True,True,True,True,True,18,4.396867007017136,11.74601035813339,121f912db441fdc44c442fe85416f56e2f81cb5381b0239db10f7d1f61df011a
11,dense1-selected,arrival,88,True,True,False,True,True,True,12,4.951719660311937,15.016049654415266,121f912db441fdc44c442fe85416f56e2f81cb5381b0239db10f7d1f61df011a
11,dense1-selected,arrival,89,True,True,True,True,True,True,11,5.07779698818922,9.432065210738129,121f912db441fdc44c442fe85416f56e2f81cb5381b0239db10f7d1f61df011a
11,dense1-selected,arrival,90,True,True,True,True,True,True,3,6.053043995052576,12.028681152028952,121f912db441fdc44c442fe85416f56e2f81cb5381b0239db10f7d1f61df011a
11,dense1-selected,arrival,91,True,True,True,True,True,True,11,4.991408903151751,11.332071012352998,121f912db441fdc44c442fe85416f56e2f81cb5381b0239db10f7d1f61df011a
11,dense1-selected,arrival,92,True,True,True,True,True,True,14,4.287779796868563,9.541989421466669,121f912db441fdc44c442fe85416f56e2f81cb5381b0239db10f7d1f61df011a
11,dense1-selected,arrival,93,True,True,True,True,True,True,18,5.4969750344753265,10.770252948399953,121f912db441fdc44c442fe85416f56e2f81cb5381b0239db10f7d1f61df011a
11,dense1-selected,arrival,94,True,True,True,True,True,True,18,5.258301272988319,10.245100193685182,121f912db441fdc44c442fe85416f56e2f81cb5381b0239db10f7d1f61df011a
11,dense1-selected,arrival,95,True,True,True,True,True,True,15,4.680084064602852,9.903319235165037,121f912db441fdc44c442fe85416f56e2f81cb5381b0239db10f7d1f61df011a
11,dense1-selected,arrival,96,True,True,True,True,True,True,3,4.7689941711723804,7.918163172714912,121f912db441fdc44c442fe85416f56e2f81cb5381b0239db10f7d1f61df011a
11,dense1-selected,arrival,97,True,True,True,True,True,True,16,4.822110757231712,8.55113814744115,121f912db441fdc44c442fe85416f56e2f81cb5381b0239db10f7d1f61df011a
11,dense1-selected,arrival,98,True,True,True,True,True,True,13,4.7325449995696545,12.267965730542947,121f912db441fdc44c442fe85416f56e2f81cb5381b0239db10f7d1f61df011a
11,dense1-selected,arrival,99,True,True,True,True,True,True,16,4.801706876605749,10.871951050046858,121f912db441fdc44c442fe85416f56e2f81cb5381b0239db10f7d1f61df011a
11,dense1-selected,arrival,100,True,True,True,True,True,True,10,5.931177642196417,9.15934514868963,121f912db441fdc44c442fe85416f56e2f81cb5381b0239db10f7d1f61df011a
11,dense1-selected,arrival,101,True,True,True,True,True,True,18,5.511045455932617,10.470479360822678,121f912db441fdc44c442fe85416f56e2f81cb5381b0239db10f7d1f61df011a
11,dense1-selected,arrival,102,True,True,True,True,True,True,15,4.769580904394388,10.192582015383309,121f912db441fdc44c442fe85416f56e2f81cb5381b0239db10f7d1f61df011a
11,dense1-selected,arrival,103,True,True,True,True,True,True,14,5.988697055727243,10.672133865878134,121f912db441fdc44c442fe85416f56e2f81cb5381b0239db10f7d1f61df011a
11,dense1-selected,arrival,104,False,True,True,True,True,True,1,4.9330079928040504,9.968798551190657,121f912db441fdc44c442fe85416f56e2f81cb5381b0239db10f7d1f61df011a
11,dense1-selected,arrival,105,True,True,True,True,True,True,14,5.729896482080221,11.560283000448756,121f912db441fdc44c442fe85416f56e2f81cb5381b0239db10f7d1f61df011a
11,dense1-selected,arrival,106,True,True,True,True,True,True,14,5.965026561170816,10.691531603120971,121f912db441fdc44c442fe85416f56e2f81cb5381b0239db10f7d1f61df011a
11,dense1-selected,arrival,107,True,True,True,True,True,True,16,4.735411144793034,12.953826006238948,121f912db441fdc44c442fe85416f56e2f81cb5381b0239db10f7d1f61df011a
11,dense1-selected,arrival,108,True,True,True,True,True,True,15,5.48662431538105,11.481925362743077,121f912db441fdc44c442fe85416f56e2f81cb5381b0239db10f7d1f61df011a
11,dense1-selected,arrival,109,True,True,True,True,True,True,4,5.738864187151194,8.705843639689231,121f912db441fdc44c442fe85416f56e2f81cb5381b0239db10f7d1f61df011a
11,dense1-selected,arrival,110,True,True,True,True,True,True,20,4.371972754597664,10.004285652797105,121f912db441fdc44c442fe85416f56e2f81cb5381b0239db10f7d1f61df011a
11,dense1-selected,arrival,111,True,True,True,True,True,True,15,4.85890032723546,11.52663834237092,121f912db441fdc44c442fe85416f56e2f81cb5381b0239db10f7d1f61df011a
11,dense1-selected,arrival,112,True,True,True,True,True,True,7,4.696691874414682,10.708872599649986,121f912db441fdc44c442fe85416f56e2f81cb5381b0239db10f7d1f61df011a
11,dense1-selected,arrival,113,False,True,True,True,True,True,2,5.608533509075642,12.922071603013912,121f912db441fdc44c442fe85416f56e2f81cb5381b0239db10f7d1f61df011a
11,dense1-selected,arrival,114,True,True,True,True,True,True,8,5.298207513988018,10.170142282638878,121f912db441fdc44c442fe85416f56e2f81cb5381b0239db10f7d1f61df011a
11,dense1-selected,arrival,115,True,True,True,True,True,True,10,5.00793382525444,12.402861966650699,121f912db441fdc44c442fe85416f56e2f81cb5381b0239db10f7d1f61df011a
11,dense1-selected,arrival,116,True,True,True,True,True,True,14,5.015020724385977,12.28957388775593,121f912db441fdc44c442fe85416f56e2f81cb5381b0239db10f7d1f61df011a
11,dense1-selected,arrival,117,False,True,True,True,True,True,1,5.5127227678895,10.837963174963228,121f912db441fdc44c442fe85416f56e2f81cb5381b0239db10f7d1f61df011a
11,dense1-selected,arrival,118,True,True,True,True,True,True,14,4.827097058296204,10.905980760039153,121f912db441fdc44c442fe85416f56e2f81cb5381b0239db10f7d1f61df011a
11,dense1-selected,arrival,119,False,True,True,True,True,True,1,5.074203945696354,8.335119754561157,121f912db441fdc44c442fe85416f56e2f81cb5381b0239db10f7d1f61df011a
11,dense1-selected,arrival,120,True,True,True,True,True,True,6,5.416721571236849,9.960915659114816,121f912db441fdc44c442fe85416f56e2f81cb5381b0239db10f7d1f61df011a
11,dense1-selected,arrival,121,True,True,True,True,True,True,15,5.208407528698444,10.4388146038305,121f912db441fdc44c442fe85416f56e2f81cb5381b0239db10f7d1f61df011a
11,dense1-selected,arrival,122,True,True,True,True,True,True,16,5.174023099243641,11.096544745429801,121f912db441fdc44c442fe85416f56e2f81cb5381b0239db10f7d1f61df011a
11,dense1-selected,arrival,123,True,True,True,True,True,True,5,4.585688468068838,9.917221231446952,121f912db441fdc44c442fe85416f56e2f81cb5381b0239db10f7d1f61df011a
11,dense1-selected,arrival,124,True,True,True,True,True,True,10,4.895621910691261,10.426229126511105,121f912db441fdc44c442fe85416f56e2f81cb5381b0239db10f7d1f61df011a
11,dense1-selected,arrival,125,True,True,True,True,True,True,16,5.050051957368851,13.661927939193449,121f912db441fdc44c442fe85416f56e2f81cb5381b0239db10f7d1f61df011a
11,dense1-selected,arrival,126,True,True,True,True,True,True,9,4.7222161665558815,13.537288085898117,121f912db441fdc44c442fe85416f56e2f81cb5381b0239db10f7d1f61df011a
11,dense1-selected,arrival,127,False,True,True,True,True,True,2,4.166278522461653,9.44546006547417,121f912db441fdc44c442fe85416f56e2f81cb5381b0239db10f7d1f61df011a
3,parent,fixed2,0,False,True,True,True,True,True,4,4.6614729799330235,12.257552253379616,e4111879414e4e707ccb46538a0c493f71a6fdc1d4f30aa451f68a9170cae13f
3,parent,fixed2,1,True,True,True,True,True,True,5,4.50143963098526,8.307809243164861,e4111879414e4e707ccb46538a0c493f71a6fdc1d4f30aa451f68a9170cae13f
3,parent,fixed2,2,False,True,True,True,True,True,0,4.31732926517725,9.444643004094708,e4111879414e4e707ccb46538a0c493f71a6fdc1d4f30aa451f68a9170cae13f
3,parent,fixed2,3,False,True,True,True,True,True,2,4.154772497713566,6.4932158108946485,e4111879414e4e707ccb46538a0c493f71a6fdc1d4f30aa451f68a9170cae13f
3,parent,fixed2,4,False,True,True,True,True,True,0,4.659758415073156,8.542898377981176,e4111879414e4e707ccb46538a0c493f71a6fdc1d4f30aa451f68a9170cae13f
3,parent,fixed2,5,False,True,True,True,True,True,0,5.159171763807535,8.836718601923138,e4111879414e4e707ccb46538a0c493f71a6fdc1d4f30aa451f68a9170cae13f
3,parent,fixed2,6,False,True,True,True,True,True,0,3.2736111897975206,6.516295446986945,e4111879414e4e707ccb46538a0c493f71a6fdc1d4f30aa451f68a9170cae13f
3,parent,fixed2,7,False,True,True,True,True,True,4,5.072200205177069,9.734156793764978,e4111879414e4e707ccb46538a0c493f71a6fdc1d4f30aa451f68a9170cae13f
3,parent,fixed2,8,False,True,True,True,True,True,4,4.108593333512545,9.10528164008804,e4111879414e4e707ccb46538a0c493f71a6fdc1d4f30aa451f68a9170cae13f
3,parent,fixed2,9,False,True,True,True,True,True,0,4.881755914539099,9.038232234326964,e4111879414e4e707ccb46538a0c493f71a6fdc1d4f30aa451f68a9170cae13f
3,parent,fixed2,10,False,True,True,True,True,True,4,4.230685066431761,9.95792403625835,e4111879414e4e707ccb46538a0c493f71a6fdc1d4f30aa451f68a9170cae13f
3,parent,fixed2,11,False,True,True,True,True,True,2,4.711388144642115,7.950818307136743,e4111879414e4e707ccb46538a0c493f71a6fdc1d4f30aa451f68a9170cae13f
3,parent,fixed2,12,False,True,True,True,True,True,4,4.7880178317427635,8.533267811251458,e4111879414e4e707ccb46538a0c493f71a6fdc1d4f30aa451f68a9170cae13f
3,parent,fixed2,13,False,True,True,True,True,True,0,3.087854478508234,6.236924061347321,e4111879414e4e707ccb46538a0c493f71a6fdc1d4f30aa451f68a9170cae13f
3,parent,fixed2,14,False,True,True,True,True,True,4,5.258779972791672,10.692152296561796,e4111879414e4e707ccb46538a0c493f71a6fdc1d4f30aa451f68a9170cae13f
3,parent,fixed2,15,False,True,True,True,True,True,4,4.3703909032046795,7.710481025716919,e4111879414e4e707ccb46538a0c493f71a6fdc1d4f30aa451f68a9170cae13f
3,parent,fixed2,16,False,True,True,True,True,True,2,4.783848766237497,9.365162654044209,e4111879414e4e707ccb46538a0c493f71a6fdc1d4f30aa451f68a9170cae13f
3,parent,fixed2,17,False,True,True,True,True,True,4,4.584864247590303,7.46968953671729,e4111879414e4e707ccb46538a0c493f71a6fdc1d4f30aa451f68a9170cae13f
3,parent,fixed2,18,False,True,True,True,True,True,4,3.572219517081976,5.1848158088637195,e4111879414e4e707ccb46538a0c493f71a6fdc1d4f30aa451f68a9170cae13f
3,parent,fixed2,19,False,True,True,True,True,True,2,4.521274473518133,8.190739800790842,e4111879414e4e707ccb46538a0c493f71a6fdc1d4f30aa451f68a9170cae13f
3,parent,fixed2,20,False,True,True,True,True,True,3,5.342207383364439,10.83192699528423,e4111879414e4e707ccb46538a0c493f71a6fdc1d4f30aa451f68a9170cae13f
3,parent,fixed2,21,True,True,True,False,False,True,5,4.801083821803331,8.288662515374023,e4111879414e4e707ccb46538a0c493f71a6fdc1d4f30aa451f68a9170cae13f
3,parent,fixed2,22,False,False,False,True,True,True,2,50.92238634824753,88.89782170830237,e4111879414e4e707ccb46538a0c493f71a6fdc1d4f30aa451f68a9170cae13f
3,parent,fixed2,23,False,True,True,True,True,True,0,5.668605677783489,7.439404477937453,e4111879414e4e707ccb46538a0c493f71a6fdc1d4f30aa451f68a9170cae13f
3,parent,fixed2,24,True,True,True,True,True,True,5,4.72752982750535,9.557606649003903,e4111879414e4e707ccb46538a0c493f71a6fdc1d4f30aa451f68a9170cae13f
3,parent,fixed2,25,False,True,True,True,True,True,2,4.015904385596514,7.872672405295335,e4111879414e4e707ccb46538a0c493f71a6fdc1d4f30aa451f68a9170cae13f
3,parent,fixed2,26,True,True,True,True,True,True,5,4.473412409424782,7.385682478794364,e4111879414e4e707ccb46538a0c493f71a6fdc1d4f30aa451f68a9170cae13f
3,parent,fixed2,27,False,True,True,True,True,True,1,3.6849789321422577,6.840291873568846,e4111879414e4e707ccb46538a0c493f71a6fdc1d4f30aa451f68a9170cae13f
3,parent,fixed2,28,False,True,True,True,True,True,1,4.672754555940628,9.661545052698571,e4111879414e4e707ccb46538a0c493f71a6fdc1d4f30aa451f68a9170cae13f
3,parent,fixed2,29,False,True,True,True,True,True,4,4.426436964422464,10.09326935730403,e4111879414e4e707ccb46538a0c493f71a6fdc1d4f30aa451f68a9170cae13f
3,parent,fixed2,30,False,True,True,True,True,True,1,3.9544543251395226,8.88774779898595,e4111879414e4e707ccb46538a0c493f71a6fdc1d4f30aa451f68a9170cae13f
3,parent,fixed2,31,False,True,True,True,True,True,0,6.1796908266842365,9.373980428262694,e4111879414e4e707ccb46538a0c493f71a6fdc1d4f30aa451f68a9170cae13f
3,parent,fixed2,32,False,True,True,True,True,True,2,3.8397538010030985,9.227323460177827,e4111879414e4e707ccb46538a0c493f71a6fdc1d4f30aa451f68a9170cae13f
3,parent,fixed2,33,False,True,True,True,True,True,0,4.796549677848816,8.70644042746796,e4111879414e4e707ccb46538a0c493f71a6fdc1d4f30aa451f68a9170cae13f
3,parent,fixed2,34,False,True,True,True,True,True,4,3.690249053761363,9.347917280163573,e4111879414e4e707ccb46538a0c493f71a6fdc1d4f30aa451f68a9170cae13f
3,parent,fixed2,35,False,True,True,True,True,True,0,4.089173395186663,8.665372207535967,e4111879414e4e707ccb46538a0c493f71a6fdc1d4f30aa451f68a9170cae13f
3,parent,fixed2,36,False,True,True,True,True,True,0,4.365088883787394,11.205026078696175,e4111879414e4e707ccb46538a0c493f71a6fdc1d4f30aa451f68a9170cae13f
3,parent,fixed2,37,False,True,True,True,True,True,4,4.445613827556372,6.9692612130243194,e4111879414e4e707ccb46538a0c493f71a6fdc1d4f30aa451f68a9170cae13f
3,parent,fixed2,38,False,True,True,True,True,True,4,4.481774754822254,7.702385544003162,e4111879414e4e707ccb46538a0c493f71a6fdc1d4f30aa451f68a9170cae13f
3,parent,fixed2,39,False,True,True,True,True,True,4,3.8083530962467194,8.264994202352636,e4111879414e4e707ccb46538a0c493f71a6fdc1d4f30aa451f68a9170cae13f
3,parent,fixed2,40,False,True,True,True,True,True,0,4.110133741050959,8.852141169069027,e4111879414e4e707ccb46538a0c493f71a6fdc1d4f30aa451f68a9170cae13f
3,parent,fixed2,41,False,True,True,True,True,True,4,4.146797116845846,8.261348588883141,e4111879414e4e707ccb46538a0c493f71a6fdc1d4f30aa451f68a9170cae13f
3,parent,fixed2,42,False,True,True,True,True,True,0,4.060033708810806,7.778666804201157,e4111879414e4e707ccb46538a0c493f71a6fdc1d4f30aa451f68a9170cae13f
3,parent,fixed2,43,False,True,True,True,True,True,0,3.5147438757121563,8.957819563454757,e4111879414e4e707ccb46538a0c493f71a6fdc1d4f30aa451f68a9170cae13f
3,parent,fixed2,44,False,True,True,True,True,True,4,5.079046823084354,7.923186776849456,e4111879414e4e707ccb46538a0c493f71a6fdc1d4f30aa451f68a9170cae13f
3,parent,fixed2,45,False,True,True,True,True,True,0,4.140825942158699,7.1801279357228305,e4111879414e4e707ccb46538a0c493f71a6fdc1d4f30aa451f68a9170cae13f
3,parent,fixed2,46,False,True,True,True,True,True,3,3.6664949730038643,9.712184075205046,e4111879414e4e707ccb46538a0c493f71a6fdc1d4f30aa451f68a9170cae13f
3,parent,fixed2,47,False,True,True,True,True,True,4,3.734045894816518,7.379958780269893,e4111879414e4e707ccb46538a0c493f71a6fdc1d4f30aa451f68a9170cae13f
3,parent,fixed2,48,False,True,True,True,True,True,4,4.285637754946947,7.581544129660004,e4111879414e4e707ccb46538a0c493f71a6fdc1d4f30aa451f68a9170cae13f
3,parent,fixed2,49,True,True,True,True,True,True,5,5.540018901228905,9.046698253803195,e4111879414e4e707ccb46538a0c493f71a6fdc1d4f30aa451f68a9170cae13f
3,parent,fixed2,50,True,True,True,True,True,True,5,4.207680467516184,6.348265536328637,e4111879414e4e707ccb46538a0c493f71a6fdc1d4f30aa451f68a9170cae13f
3,parent,fixed2,51,False,True,True,True,True,True,3,6.036949809640646,10.832615136843108,e4111879414e4e707ccb46538a0c493f71a6fdc1d4f30aa451f68a9170cae13f
3,parent,fixed2,52,False,True,True,True,True,True,0,4.578286316245794,9.336630392560126,e4111879414e4e707ccb46538a0c493f71a6fdc1d4f30aa451f68a9170cae13f
3,parent,fixed2,53,False,True,True,True,True,True,0,3.6696656607091427,6.416396673299515,e4111879414e4e707ccb46538a0c493f71a6fdc1d4f30aa451f68a9170cae13f
3,parent,fixed2,54,False,True,True,True,True,True,0,4.534067586064339,8.358443143029458,e4111879414e4e707ccb46538a0c493f71a6fdc1d4f30aa451f68a9170cae13f
3,parent,fixed2,55,False,True,True,True,True,True,3,4.21605771407485,8.76511175243837,e4111879414e4e707ccb46538a0c493f71a6fdc1d4f30aa451f68a9170cae13f
3,parent,fixed2,56,False,True,True,True,True,True,0,4.516936372965574,8.425416562936018,e4111879414e4e707ccb46538a0c493f71a6fdc1d4f30aa451f68a9170cae13f
3,parent,fixed2,57,False,True,True,True,True,True,2,3.663634182885289,7.457267983937975,e4111879414e4e707ccb46538a0c493f71a6fdc1d4f30aa451f68a9170cae13f
3,parent,fixed2,58,True,True,True,True,True,True,5,3.667709417641163,7.630306557692017,e4111879414e4e707ccb46538a0c493f71a6fdc1d4f30aa451f68a9170cae13f
3,parent,fixed2,59,False,True,True,True,True,True,3,3.4752916544675827,8.608549302509692,e4111879414e4e707ccb46538a0c493f71a6fdc1d4f30aa451f68a9170cae13f
3,parent,fixed2,60,False,True,True,True,True,True,4,3.6307505797594786,5.669717405025959,e4111879414e4e707ccb46538a0c493f71a6fdc1d4f30aa451f68a9170cae13f
3,parent,fixed2,61,True,True,True,True,True,True,5,4.134193994104862,7.269173965705933,e4111879414e4e707ccb46538a0c493f71a6fdc1d4f30aa451f68a9170cae13f
3,parent,fixed2,62,False,True,True,True,True,True,3,4.102000501006842,6.6532181148440745,e4111879414e4e707ccb46538a0c493f71a6fdc1d4f30aa451f68a9170cae13f
3,parent,fixed2,63,False,True,True,True,True,True,2,4.1435034945607185,6.854780412345735,e4111879414e4e707ccb46538a0c493f71a6fdc1d4f30aa451f68a9170cae13f
3,parent,fixed2,64,False,True,True,False,False,True,0,8.139679208397865,6.09159129618779,e4111879414e4e707ccb46538a0c493f71a6fdc1d4f30aa451f68a9170cae13f
3,parent,fixed2,65,False,False,False,True,True,True,0,33.628251403570175,93.22918617046597,e4111879414e4e707ccb46538a0c493f71a6fdc1d4f30aa451f68a9170cae13f
3,parent,fixed2,66,False,True,True,True,True,True,4,3.9607584476470947,9.044622730069156,e4111879414e4e707ccb46538a0c493f71a6fdc1d4f30aa451f68a9170cae13f
3,parent,fixed2,67,True,True,True,True,True,True,5,5.1815868355333805,10.254229595284551,e4111879414e4e707ccb46538a0c493f71a6fdc1d4f30aa451f68a9170cae13f
3,parent,fixed2,68,True,True,True,True,True,True,5,4.61371336132288,8.66153791009065,e4111879414e4e707ccb46538a0c493f71a6fdc1d4f30aa451f68a9170cae13f
3,parent,fixed2,69,False,True,True,True,True,True,4,4.576605744659901,7.5326860789796095,e4111879414e4e707ccb46538a0c493f71a6fdc1d4f30aa451f68a9170cae13f
3,parent,fixed2,70,True,True,True,True,True,True,5,4.647702910006046,10.358879192426548,e4111879414e4e707ccb46538a0c493f71a6fdc1d4f30aa451f68a9170cae13f
3,parent,fixed2,71,False,True,True,True,True,True,4,4.784588702023029,9.376848253940453,e4111879414e4e707ccb46538a0c493f71a6fdc1d4f30aa451f68a9170cae13f
3,parent,fixed2,72,True,True,True,True,True,True,5,3.6942956503480673,9.406861812700782,e4111879414e4e707ccb46538a0c493f71a6fdc1d4f30aa451f68a9170cae13f
3,parent,fixed2,73,False,True,True,True,True,True,0,4.069420974701643,5.580668813721918,e4111879414e4e707ccb46538a0c493f71a6fdc1d4f30aa451f68a9170cae13f
3,parent,fixed2,74,False,True,True,True,True,True,0,6.189647130668163,10.881802744150955,e4111879414e4e707ccb46538a0c493f71a6fdc1d4f30aa451f68a9170cae13f
3,parent,fixed2,75,False,True,True,True,True,True,0,3.57470428571105,8.07430215091505,e4111879414e4e707ccb46538a0c493f71a6fdc1d4f30aa451f68a9170cae13f
3,parent,fixed2,76,False,True,True,True,True,True,0,4.992259666323662,8.726488740229241,e4111879414e4e707ccb46538a0c493f71a6fdc1d4f30aa451f68a9170cae13f
3,parent,fixed2,77,False,True,True,True,True,True,0,4.386257380247116,6.931582901354767,e4111879414e4e707ccb46538a0c493f71a6fdc1d4f30aa451f68a9170cae13f
3,parent,fixed2,78,True,True,True,True,True,True,5,4.32510394603014,7.703710600702144,e4111879414e4e707ccb46538a0c493f71a6fdc1d4f30aa451f68a9170cae13f
3,parent,fixed2,79,True,True,True,True,True,True,5,3.9873523637652397,7.679314018760505,e4111879414e4e707ccb46538a0c493f71a6fdc1d4f30aa451f68a9170cae13f
3,parent,fixed2,80,False,True,True,True,True,True,4,5.139203742146492,8.055733427882723,e4111879414e4e707ccb46538a0c493f71a6fdc1d4f30aa451f68a9170cae13f
3,parent,fixed2,81,False,True,True,True,True,True,4,5.155069753527641,10.201008761271812,e4111879414e4e707ccb46538a0c493f71a6fdc1d4f30aa451f68a9170cae13f
3,parent,fixed2,82,False,True,True,True,True,True,4,4.7405194491147995,7.619946014494754,e4111879414e4e707ccb46538a0c493f71a6fdc1d4f30aa451f68a9170cae13f
3,parent,fixed2,83,False,True,True,True,True,True,1,4.075939767062664,8.587590867041508,e4111879414e4e707ccb46538a0c493f71a6fdc1d4f30aa451f68a9170cae13f
3,parent,fixed2,84,False,True,True,True,True,True,0,4.064561799168587,7.939359811030401,e4111879414e4e707ccb46538a0c493f71a6fdc1d4f30aa451f68a9170cae13f
3,parent,fixed2,85,False,True,True,True,True,True,4,5.050580017268658,7.889612981984259,e4111879414e4e707ccb46538a0c493f71a6fdc1d4f30aa451f68a9170cae13f
3,parent,fixed2,86,False,True,True,True,True,True,4,4.779733717441559,7.724200314438536,e4111879414e4e707ccb46538a0c493f71a6fdc1d4f30aa451f68a9170cae13f
3,parent,fixed2,87,False,True,True,True,True,True,1,4.053014330565929,7.6194089908712614,e4111879414e4e707ccb46538a0c493f71a6fdc1d4f30aa451f68a9170cae13f
3,parent,fixed2,88,False,True,True,True,True,True,1,3.4861525055021048,6.234517273438538,e4111879414e4e707ccb46538a0c493f71a6fdc1d4f30aa451f68a9170cae13f
3,parent,fixed2,89,False,True,True,True,True,True,0,4.612229764461517,8.909458409036482,e4111879414e4e707ccb46538a0c493f71a6fdc1d4f30aa451f68a9170cae13f
3,parent,fixed2,90,False,True,True,True,True,True,0,3.6011533811688423,6.355759107621788,e4111879414e4e707ccb46538a0c493f71a6fdc1d4f30aa451f68a9170cae13f
3,parent,fixed2,91,False,True,True,True,True,True,1,4.708698485046625,10.384991859397152,e4111879414e4e707ccb46538a0c493f71a6fdc1d4f30aa451f68a9170cae13f
3,parent,fixed2,92,False,True,True,True,True,True,2,4.617367405444384,7.194726611300086,e4111879414e4e707ccb46538a0c493f71a6fdc1d4f30aa451f68a9170cae13f
3,parent,fixed2,93,False,True,True,True,True,True,4,4.2464216239750385,8.455124470730988,e4111879414e4e707ccb46538a0c493f71a6fdc1d4f30aa451f68a9170cae13f
3,parent,fixed2,94,False,True,True,True,True,True,3,4.289365839213133,10.636357335005608,e4111879414e4e707ccb46538a0c493f71a6fdc1d4f30aa451f68a9170cae13f
3,parent,fixed2,95,False,True,True,True,True,True,4,4.913072567433119,9.99341284541209,e4111879414e4e707ccb46538a0c493f71a6fdc1d4f30aa451f68a9170cae13f
3,parent,fixed2,96,False,True,True,True,True,True,3,4.296579398214817,8.085713689470849,e4111879414e4e707ccb46538a0c493f71a6fdc1d4f30aa451f68a9170cae13f
3,parent,fixed2,97,False,True,True,True,True,True,0,4.3781716376543045,8.236108478579006,e4111879414e4e707ccb46538a0c493f71a6fdc1d4f30aa451f68a9170cae13f
3,parent,fixed2,98,False,True,True,True,True,True,4,4.93326410651207,10.430938541943828,e4111879414e4e707ccb46538a0c493f71a6fdc1d4f30aa451f68a9170cae13f
3,parent,fixed2,99,False,True,True,True,True,True,4,4.588111769407988,9.665922350182903,e4111879414e4e707ccb46538a0c493f71a6fdc1d4f30aa451f68a9170cae13f
3,parent,fixed2,100,False,True,True,True,True,True,4,5.9264968149363995,9.284559591648888,e4111879414e4e707ccb46538a0c493f71a6fdc1d4f30aa451f68a9170cae13f
3,parent,fixed2,101,False,True,True,True,True,False,0,3.4849513322114944,7.3130365867821086,e4111879414e4e707ccb46538a0c493f71a6fdc1d4f30aa451f68a9170cae13f
3,parent,fixed2,102,False,True,True,True,True,True,0,4.857568070292473,9.240224833746336,e4111879414e4e707ccb46538a0c493f71a6fdc1d4f30aa451f68a9170cae13f
3,parent,fixed2,103,False,True,True,True,True,True,4,4.193141590803862,8.498553374794868,e4111879414e4e707ccb46538a0c493f71a6fdc1d4f30aa451f68a9170cae13f
3,parent,fixed2,104,False,True,True,True,True,True,0,4.136787727475166,7.531751196836964,e4111879414e4e707ccb46538a0c493f71a6fdc1d4f30aa451f68a9170cae13f
3,parent,fixed2,105,True,True,True,True,True,True,5,4.701027180999517,7.671721409724389,e4111879414e4e707ccb46538a0c493f71a6fdc1d4f30aa451f68a9170cae13f
3,parent,fixed2,106,True,True,True,True,True,True,5,4.519011825323105,11.076769640235323,e4111879414e4e707ccb46538a0c493f71a6fdc1d4f30aa451f68a9170cae13f
3,parent,fixed2,107,False,True,True,True,True,True,4,5.639412440359592,10.802023573324266,e4111879414e4e707ccb46538a0c493f71a6fdc1d4f30aa451f68a9170cae13f
3,parent,fixed2,108,False,True,True,False,False,False,0,6.142652127891779,5.27818662925191,e4111879414e4e707ccb46538a0c493f71a6fdc1d4f30aa451f68a9170cae13f
3,parent,fixed2,109,False,True,True,True,True,True,4,3.4564509987831116,8.270854504660507,e4111879414e4e707ccb46538a0c493f71a6fdc1d4f30aa451f68a9170cae13f
3,parent,fixed2,110,False,True,True,True,True,True,3,6.370271556079388,10.774112859054656,e4111879414e4e707ccb46538a0c493f71a6fdc1d4f30aa451f68a9170cae13f
3,parent,fixed2,111,False,True,True,True,True,True,4,4.322466440498829,7.279303990018708,e4111879414e4e707ccb46538a0c493f71a6fdc1d4f30aa451f68a9170cae13f
3,parent,fixed2,112,False,True,True,True,True,True,2,4.059350583702326,6.0663106316354565,e4111879414e4e707ccb46538a0c493f71a6fdc1d4f30aa451f68a9170cae13f
3,parent,fixed2,113,True,True,True,True,True,True,5,5.03441970795393,11.092047919634995,e4111879414e4e707ccb46538a0c493f71a6fdc1d4f30aa451f68a9170cae13f
3,parent,fixed2,114,True,True,True,True,True,True,5,4.186800215393305,7.743779905468024,e4111879414e4e707ccb46538a0c493f71a6fdc1d4f30aa451f68a9170cae13f
3,parent,fixed2,115,False,True,True,True,True,True,2,5.103786010295153,8.013237698414198,e4111879414e4e707ccb46538a0c493f71a6fdc1d4f30aa451f68a9170cae13f
3,parent,fixed2,116,False,True,True,True,True,True,3,4.78715542703867,9.319949363059663,e4111879414e4e707ccb46538a0c493f71a6fdc1d4f30aa451f68a9170cae13f
3,parent,fixed2,117,False,True,True,True,True,True,4,4.99234301969409,7.785033394281255,e4111879414e4e707ccb46538a0c493f71a6fdc1d4f30aa451f68a9170cae13f
3,parent,fixed2,118,False,True,True,True,True,True,4,3.7920859176665545,8.38354750332384,e4111879414e4e707ccb46538a0c493f71a6fdc1d4f30aa451f68a9170cae13f
3,parent,fixed2,119,False,True,True,True,True,True,1,4.016020800918341,8.218527571655393,e4111879414e4e707ccb46538a0c493f71a6fdc1d4f30aa451f68a9170cae13f
3,parent,fixed2,120,False,True,True,True,True,True,4,4.521884955465794,10.077418195787724,e4111879414e4e707ccb46538a0c493f71a6fdc1d4f30aa451f68a9170cae13f
3,parent,fixed2,121,False,True,True,True,True,True,4,4.762281198054552,8.896020011844481,e4111879414e4e707ccb46538a0c493f71a6fdc1d4f30aa451f68a9170cae13f
3,parent,fixed2,122,False,True,True,True,True,True,4,4.998807795345783,8.550852133269656,e4111879414e4e707ccb46538a0c493f71a6fdc1d4f30aa451f68a9170cae13f
3,parent,fixed2,123,True,True,True,True,True,True,5,4.621676169335842,9.217511039661458,e4111879414e4e707ccb46538a0c493f71a6fdc1d4f30aa451f68a9170cae13f
3,parent,fixed2,124,False,True,True,True,True,True,0,3.773394739255309,8.074355938654763,e4111879414e4e707ccb46538a0c493f71a6fdc1d4f30aa451f68a9170cae13f
3,parent,fixed2,125,False,True,True,True,True,True,0,3.577826078981161,9.662841081093582,e4111879414e4e707ccb46538a0c493f71a6fdc1d4f30aa451f68a9170cae13f
3,parent,fixed2,126,False,True,True,True,True,True,1,4.130656830966473,8.338008070806426,e4111879414e4e707ccb46538a0c493f71a6fdc1d4f30aa451f68a9170cae13f
3,parent,fixed2,127,False,True,True,True,True,True,4,5.194182973355055,8.959405874889493,e4111879414e4e707ccb46538a0c493f71a6fdc1d4f30aa451f68a9170cae13f
3,parent,fixed5,0,False,True,True,True,True,True,1,4.6614729799330235,12.257552253379616,e4111879414e4e707ccb46538a0c493f71a6fdc1d4f30aa451f68a9170cae13f
3,parent,fixed5,1,False,True,True,True,True,True,1,4.563028924167156,7.282019843987435,e4111879414e4e707ccb46538a0c493f71a6fdc1d4f30aa451f68a9170cae13f
3,parent,fixed5,2,False,True,True,True,True,True,1,5.053407046943903,10.730757379524354,e4111879414e4e707ccb46538a0c493f71a6fdc1d4f30aa451f68a9170cae13f
3,parent,fixed5,3,False,True,True,True,True,True,1,5.174567457288504,7.872260032624195,e4111879414e4e707ccb46538a0c493f71a6fdc1d4f30aa451f68a9170cae13f
3,parent,fixed5,4,False,True,True,True,True,True,1,5.346087738871574,10.841268986521515,e4111879414e4e707ccb46538a0c493f71a6fdc1d4f30aa451f68a9170cae13f
3,parent,fixed5,5,False,True,True,True,True,True,0,4.844455048441887,8.727617428989586,e4111879414e4e707ccb46538a0c493f71a6fdc1d4f30aa451f68a9170cae13f
3,parent,fixed5,6,False,False,False,True,True,True,0,37.93536126613617,129.01328489259313,e4111879414e4e707ccb46538a0c493f71a6fdc1d4f30aa451f68a9170cae13f
3,parent,fixed5,7,False,True,True,True,True,True,1,4.590561613440514,9.406827661754932,e4111879414e4e707ccb46538a0c493f71a6fdc1d4f30aa451f68a9170cae13f
3,parent,fixed5,8,False,True,True,True,True,True,1,3.6995450500398874,7.545824801621776,e4111879414e4e707ccb46538a0c493f71a6fdc1d4f30aa451f68a9170cae13f
3,parent,fixed5,9,False,True,True,True,True,True,0,4.5166355557739735,8.228646496910766,e4111879414e4e707ccb46538a0c493f71a6fdc1d4f30aa451f68a9170cae13f
3,parent,fixed5,10,True,True,True,True,True,True,2,3.8366878870874643,9.903722216326068,e4111879414e4e707ccb46538a0c493f71a6fdc1d4f30aa451f68a9170cae13f
3,parent,fixed5,11,False,False,False,True,True,True,0,30.751319602131844,106.05353569570357,e4111879414e4e707ccb46538a0c493f71a6fdc1d4f30aa451f68a9170cae13f
3,parent,fixed5,12,False,True,True,True,True,True,1,4.362046718597412,8.834276809294858,e4111879414e4e707ccb46538a0c493f71a6fdc1d4f30aa451f68a9170cae13f
3,parent,fixed5,13,True,True,True,True,True,True,2,3.102345857769251,5.261687026651274,e4111879414e4e707ccb46538a0c493f71a6fdc1d4f30aa451f68a9170cae13f
3,parent,fixed5,14,False,True,True,True,True,True,1,5.564904771745205,10.618707272416648,e4111879414e4e707ccb46538a0c493f71a6fdc1d4f30aa451f68a9170cae13f
3,parent,fixed5,15,False,True,True,True,True,True,1,4.331533797085285,7.980813082876854,e4111879414e4e707ccb46538a0c493f71a6fdc1d4f30aa451f68a9170cae13f
3,parent,fixed5,16,False,True,True,True,True,True,1,5.464407149702311,10.505487495413579,e4111879414e4e707ccb46538a0c493f71a6fdc1d4f30aa451f68a9170cae13f
3,parent,fixed5,17,True,True,True,True,True,True,2,3.953242674469948,7.400890748755044,e4111879414e4e707ccb46538a0c493f71a6fdc1d4f30aa451f68a9170cae13f
3,parent,fixed5,18,False,True,True,True,True,True,0,3.1176155898720026,5.1848158088637195,e4111879414e4e707ccb46538a0c493f71a6fdc1d4f30aa451f68a9170cae13f
3,parent,fixed5,19,True,True,True,True,True,True,2,4.521570634096861,9.109776758335554,e4111879414e4e707ccb46538a0c493f71a6fdc1d4f30aa451f68a9170cae13f
3,parent,fixed5,20,False,True,True,True,True,True,1,4.7649843618273735,9.941225077511316,e4111879414e4e707ccb46538a0c493f71a6fdc1d4f30aa451f68a9170cae13f
3,parent,fixed5,21,False,True,True,False,False,True,0,4.292032681405544,8.288662515374023,e4111879414e4e707ccb46538a0c493f71a6fdc1d4f30aa451f68a9170cae13f
3,parent,fixed5,22,False,True,True,True,True,True,1,3.9389063604176044,8.662344726186358,e4111879414e4e707ccb46538a0c493f71a6fdc1d4f30aa451f68a9170cae13f
3,parent,fixed5,23,False,True,True,True,True,True,0,7.9790148884058,10.69243404186506,e4111879414e4e707ccb46538a0c493f71a6fdc1d4f30aa451f68a9170cae13f
3,parent,fixed5,24,True,True,True,True,True,True,2,4.2383261024951935,9.313267730504098,e4111879414e4e707ccb46538a0c493f71a6fdc1d4f30aa451f68a9170cae13f
3,parent,fixed5,25,True,True,True,True,True,True,2,4.202607087790966,8.412491283705416,e4111879414e4e707ccb46538a0c493f71a6fdc1d4f30aa451f68a9170cae13f
3,parent,fixed5,26,True,True,True,True,True,True,2,4.35370160266757,8.303523299460677,e4111879414e4e707ccb46538a0c493f71a6fdc1d4f30aa451f68a9170cae13f
3,parent,fixed5,27,True,True,True,True,True,True,2,3.9252950809895992,6.840291873568846,e4111879414e4e707ccb46538a0c493f71a6fdc1d4f30aa451f68a9170cae13f
3,parent,fixed5,28,False,True,True,True,True,True,1,4.7045256942510605,9.430781988947814,e4111879414e4e707ccb46538a0c493f71a6fdc1d4f30aa451f68a9170cae13f
3,parent,fixed5,29,False,True,True,True,True,True,1,4.696481395512819,9.604492482561454,e4111879414e4e707ccb46538a0c493f71a6fdc1d4f30aa451f68a9170cae13f
3,parent,fixed5,30,False,True,True,True,True,True,1,3.940880298614502,8.984111522891075,e4111879414e4e707ccb46538a0c493f71a6fdc1d4f30aa451f68a9170cae13f
3,parent,fixed5,31,False,True,True,True,True,True,0,5.0873346626758575,8.945545713516244,e4111879414e4e707ccb46538a0c493f71a6fdc1d4f30aa451f68a9170cae13f
3,parent,fixed5,32,False,True,True,True,True,True,0,4.184733610600233,10.185766340365282,e4111879414e4e707ccb46538a0c493f71a6fdc1d4f30aa451f68a9170cae13f
3,parent,fixed5,33,False,True,True,True,True,True,0,5.291122477501631,9.858872632914824,e4111879414e4e707ccb46538a0c493f71a6fdc1d4f30aa451f68a9170cae13f
3,parent,fixed5,34,False,True,True,True,True,True,1,3.4854477271437645,8.461689136297016,e4111879414e4e707ccb46538a0c493f71a6fdc1d4f30aa451f68a9170cae13f
3,parent,fixed5,35,False,True,True,True,True,True,0,3.3827137667685747,9.683072955188806,e4111879414e4e707ccb46538a0c493f71a6fdc1d4f30aa451f68a9170cae13f
3,parent,fixed5,36,False,True,True,True,True,True,0,3.559270640835166,8.180000182094643,e4111879414e4e707ccb46538a0c493f71a6fdc1d4f30aa451f68a9170cae13f
3,parent,fixed5,37,False,True,True,True,True,True,1,4.444871563464403,7.083016732990412,e4111879414e4e707ccb46538a0c493f71a6fdc1d4f30aa451f68a9170cae13f
3,parent,fixed5,38,True,True,True,True,True,True,2,4.41417982801795,9.039962833507914,e4111879414e4e707ccb46538a0c493f71a6fdc1d4f30aa451f68a9170cae13f
3,parent,fixed5,39,True,True,True,True,True,True,2,3.9353175088763237,8.710909932506087,e4111879414e4e707ccb46538a0c493f71a6fdc1d4f30aa451f68a9170cae13f
3,parent,fixed5,40,False,True,True,True,True,True,0,3.4732967615127563,8.869019420281775,e4111879414e4e707ccb46538a0c493f71a6fdc1d4f30aa451f68a9170cae13f
3,parent,fixed5,41,False,True,True,True,True,True,0,4.078854341059923,8.414459231960025,e4111879414e4e707ccb46538a0c493f71a6fdc1d4f30aa451f68a9170cae13f
3,parent,fixed5,42,True,True,True,True,True,True,2,4.992967005819082,8.925370188481672,e4111879414e4e707ccb46538a0c493f71a6fdc1d4f30aa451f68a9170cae13f
3,parent,fixed5,43,False,True,True,True,True,True,0,3.5015828907489777,8.92962539633459,e4111879414e4e707ccb46538a0c493f71a6fdc1d4f30aa451f68a9170cae13f
3,parent,fixed5,44,True,True,True,True,True,True,2,4.890311509370804,8.19664193800738,e4111879414e4e707ccb46538a0c493f71a6fdc1d4f30aa451f68a9170cae13f
3,parent,fixed5,45,False,True,True,True,True,True,1,4.681467078626156,7.79588997996699,e4111879414e4e707ccb46538a0c493f71a6fdc1d4f30aa451f68a9170cae13f
3,parent,fixed5,46,False,True,True,True,True,True,1,3.75176640227437,8.847747649885417,e4111879414e4e707ccb46538a0c493f71a6fdc1d4f30aa451f68a9170cae13f
3,parent,fixed5,47,False,True,True,True,True,True,1,3.7464206106960773,7.854045625655064,e4111879414e4e707ccb46538a0c493f71a6fdc1d4f30aa451f68a9170cae13f
3,parent,fixed5,48,False,True,True,True,True,True,1,3.1783543527126312,7.52299233300007,e4111879414e4e707ccb46538a0c493f71a6fdc1d4f30aa451f68a9170cae13f
3,parent,fixed5,49,False,True,True,True,True,True,1,5.1164343021810055,10.664941676682112,e4111879414e4e707ccb46538a0c493f71a6fdc1d4f30aa451f68a9170cae13f
3,parent,fixed5,50,False,True,True,True,True,True,0,3.85960191488266,6.021688152014117,e4111879414e4e707ccb46538a0c493f71a6fdc1d4f30aa451f68a9170cae13f
3,parent,fixed5,51,True,True,True,True,True,True,2,5.640094634145498,10.732098657922615,e4111879414e4e707ccb46538a0c493f71a6fdc1d4f30aa451f68a9170cae13f
3,parent,fixed5,52,False,True,True,True,True,True,0,4.523739218711853,9.275272241924963,e4111879414e4e707ccb46538a0c493f71a6fdc1d4f30aa451f68a9170cae13f
3,parent,fixed5,53,False,True,True,True,True,True,0,3.5933370236307383,6.416396673299515,e4111879414e4e707ccb46538a0c493f71a6fdc1d4f30aa451f68a9170cae13f
3,parent,fixed5,54,False,True,True,True,True,True,0,3.8662664592266083,8.064432527564382,e4111879414e4e707ccb46538a0c493f71a6fdc1d4f30aa451f68a9170cae13f
3,parent,fixed5,55,True,True,True,True,True,True,2,4.299807827919722,8.94715251551849,e4111879414e4e707ccb46538a0c493f71a6fdc1d4f30aa451f68a9170cae13f
3,parent,fixed5,56,False,True,True,True,True,True,0,3.6444775760173798,9.29047453547012,e4111879414e4e707ccb46538a0c493f71a6fdc1d4f30aa451f68a9170cae13f
3,parent,fixed5,57,True,True,True,True,True,True,2,4.152778536081314,8.376382634884497,e4111879414e4e707ccb46538a0c493f71a6fdc1d4f30aa451f68a9170cae13f
3,parent,fixed5,58,False,True,True,True,True,True,0,4.606550559401512,9.083753737597805,e4111879414e4e707ccb46538a0c493f71a6fdc1d4f30aa451f68a9170cae13f
3,parent,fixed5,59,True,True,True,True,True,True,2,3.5069931764155626,8.73165492456271,e4111879414e4e707ccb46538a0c493f71a6fdc1d4f30aa451f68a9170cae13f
3,parent,fixed5,60,True,True,True,True,True,True,2,3.6769008729606867,5.6316288551193825,e4111879414e4e707ccb46538a0c493f71a6fdc1d4f30aa451f68a9170cae13f
3,parent,fixed5,61,False,True,True,True,True,True,1,3.9553982205688953,7.548034367818275,e4111879414e4e707ccb46538a0c493f71a6fdc1d4f30aa451f68a9170cae13f
3,parent,fixed5,62,False,True,True,True,True,True,0,3.84712521918118,7.0277336087351525,e4111879414e4e707ccb46538a0c493f71a6fdc1d4f30aa451f68a9170cae13f
3,parent,fixed5,63,True,True,True,True,True,True,2,4.317945800721645,8.38711200829694,e4111879414e4e707ccb46538a0c493f71a6fdc1d4f30aa451f68a9170cae13f
3,parent,fixed5,64,False,True,True,False,False,True,0,8.23093019425869,6.09159129618779,e4111879414e4e707ccb46538a0c493f71a6fdc1d4f30aa451f68a9170cae13f
3,parent,fixed5,65,False,True,True,True,True,True,0,3.0211275443434715,7.369249043651314,e4111879414e4e707ccb46538a0c493f71a6fdc1d4f30aa451f68a9170cae13f
3,parent,fixed5,66,False,True,True,True,True,True,1,4.183553624898195,9.674769152705363,e4111879414e4e707ccb46538a0c493f71a6fdc1d4f30aa451f68a9170cae13f
3,parent,fixed5,67,False,True,True,True,True,True,1,4.455140326172113,9.136816623485988,e4111879414e4e707ccb46538a0c493f71a6fdc1d4f30aa451f68a9170cae13f
3,parent,fixed5,68,True,True,True,True,True,True,2,4.347044508904219,8.846435399791128,e4111879414e4e707ccb46538a0c493f71a6fdc1d4f30aa451f68a9170cae13f
3,parent,fixed5,69,True,True,True,True,True,True,2,4.815284628421068,7.36074716568194,e4111879414e4e707ccb46538a0c493f71a6fdc1d4f30aa451f68a9170cae13f
3,parent,fixed5,70,False,True,True,True,True,True,1,4.354360979050398,10.585445958705979,e4111879414e4e707ccb46538a0c493f71a6fdc1d4f30aa451f68a9170cae13f
3,parent,fixed5,71,True,True,True,True,True,True,2,4.141604993492365,8.961849375065064,e4111879414e4e707ccb46538a0c493f71a6fdc1d4f30aa451f68a9170cae13f
3,parent,fixed5,72,False,True,True,True,True,True,0,3.9745597168803215,9.460926175076018,e4111879414e4e707ccb46538a0c493f71a6fdc1d4f30aa451f68a9170cae13f
3,parent,fixed5,73,False,False,False,True,True,True,0,36.077890545129776,122.87386007410045,e4111879414e4e707ccb46538a0c493f71a6fdc1d4f30aa451f68a9170cae13f
3,parent,fixed5,74,False,True,True,True,True,True,0,3.747442737221718,8.362833247118484,e4111879414e4e707ccb46538a0c493f71a6fdc1d4f30aa451f68a9170cae13f
3,parent,fixed5,75,False,True,True,True,True,True,0,3.741493681445718,8.04501088465945,e4111879414e4e707ccb46538a0c493f71a6fdc1d4f30aa451f68a9170cae13f
3,parent,fixed5,76,False,True,True,True,True,True,0,4.724221304059029,9.173622805375894,e4111879414e4e707ccb46538a0c493f71a6fdc1d4f30aa451f68a9170cae13f
3,parent,fixed5,77,True,True,True,True,True,True,2,4.068198148161173,7.925744682693626,e4111879414e4e707ccb46538a0c493f71a6fdc1d4f30aa451f68a9170cae13f
3,parent,fixed5,78,True,True,True,True,True,True,2,5.324733909219503,9.848483915187236,e4111879414e4e707ccb46538a0c493f71a6fdc1d4f30aa451f68a9170cae13f
3,parent,fixed5,79,False,False,False,True,True,True,1,34.422412514686584,112.7538556488377,e4111879414e4e707ccb46538a0c493f71a6fdc1d4f30aa451f68a9170cae13f
3,parent,fixed5,80,False,True,True,True,True,True,1,4.618535749614239,7.820126052463134,e4111879414e4e707ccb46538a0c493f71a6fdc1d4f30aa451f68a9170cae13f
3,parent,fixed5,81,False,True,True,True,True,True,1,4.284402821213007,8.639388460385947,e4111879414e4e707ccb46538a0c493f71a6fdc1d4f30aa451f68a9170cae13f
3,parent,fixed5,82,False,True,True,True,True,True,1,4.330107476562262,7.54966166038803,e4111879414e4e707ccb46538a0c493f71a6fdc1d4f30aa451f68a9170cae13f
3,parent,fixed5,83,False,True,True,True,True,True,0,3.8323933258652687,8.337668268895218,e4111879414e4e707ccb46538a0c493f71a6fdc1d4f30aa451f68a9170cae13f
3,parent,fixed5,84,False,True,True,True,True,True,0,4.1776844300329685,7.939359811030401,e4111879414e4e707ccb46538a0c493f71a6fdc1d4f30aa451f68a9170cae13f
3,parent,fixed5,85,True,True,True,True,True,True,2,5.909792613238096,9.458142872989239,e4111879414e4e707ccb46538a0c493f71a6fdc1d4f30aa451f68a9170cae13f
3,parent,fixed5,86,True,True,True,True,True,True,2,4.43233409896493,7.771808440500817,e4111879414e4e707ccb46538a0c493f71a6fdc1d4f30aa451f68a9170cae13f
3,parent,fixed5,87,True,True,True,True,True,True,2,3.6326164845377207,7.368229637917689,e4111879414e4e707ccb46538a0c493f71a6fdc1d4f30aa451f68a9170cae13f
3,parent,fixed5,88,False,False,False,True,True,True,0,34.228600561618805,102.5574897086542,e4111879414e4e707ccb46538a0c493f71a6fdc1d4f30aa451f68a9170cae13f
3,parent,fixed5,89,False,True,True,True,True,True,0,4.292481113225222,8.930637971879044,e4111879414e4e707ccb46538a0c493f71a6fdc1d4f30aa451f68a9170cae13f
3,parent,fixed5,90,False,True,True,True,True,True,0,3.5183001309633255,6.61248713550235,e4111879414e4e707ccb46538a0c493f71a6fdc1d4f30aa451f68a9170cae13f
3,parent,fixed5,91,False,True,True,True,True,True,1,4.738806281238794,9.962551489421033,e4111879414e4e707ccb46538a0c493f71a6fdc1d4f30aa451f68a9170cae13f
3,parent,fixed5,92,False,True,True,True,True,True,1,5.428538657724857,12.962575478565734,e4111879414e4e707ccb46538a0c493f71a6fdc1d4f30aa451f68a9170cae13f
3,parent,fixed5,93,True,True,True,True,True,True,2,4.2893667705357075,8.630191610668524,e4111879414e4e707ccb46538a0c493f71a6fdc1d4f30aa451f68a9170cae13f
3,parent,fixed5,94,False,True,True,True,True,True,1,4.540781956166029,11.439830053114642,e4111879414e4e707ccb46538a0c493f71a6fdc1d4f30aa451f68a9170cae13f
3,parent,fixed5,95,False,True,True,True,True,True,1,4.1435533203184605,9.325361434203252,e4111879414e4e707ccb46538a0c493f71a6fdc1d4f30aa451f68a9170cae13f
3,parent,fixed5,96,False,True,True,True,True,True,1,4.969726782292128,8.74245089231956,e4111879414e4e707ccb46538a0c493f71a6fdc1d4f30aa451f68a9170cae13f
3,parent,fixed5,97,False,True,True,True,True,True,1,4.475721158087254,8.813443024779026,e4111879414e4e707ccb46538a0c493f71a6fdc1d4f30aa451f68a9170cae13f
3,parent,fixed5,98,False,True,True,True,True,True,1,4.587629344314337,10.430938541943828,e4111879414e4e707ccb46538a0c493f71a6fdc1d4f30aa451f68a9170cae13f
3,parent,fixed5,99,True,True,True,True,True,True,2,4.568218719214201,9.431348894648924,e4111879414e4e707ccb46538a0c493f71a6fdc1d4f30aa451f68a9170cae13f
3,parent,fixed5,100,False,True,True,True,True,True,0,5.012268200516701,8.589919961548482,e4111879414e4e707ccb46538a0c493f71a6fdc1d4f30aa451f68a9170cae13f
3,parent,fixed5,101,False,True,True,True,True,False,0,4.549805540591478,8.40174824991463,e4111879414e4e707ccb46538a0c493f71a6fdc1d4f30aa451f68a9170cae13f
3,parent,fixed5,102,False,True,True,True,True,True,0,4.783691372722387,8.170494266317277,e4111879414e4e707ccb46538a0c493f71a6fdc1d4f30aa451f68a9170cae13f
3,parent,fixed5,103,False,True,True,True,True,True,1,4.161948338150978,8.870351307169928,e4111879414e4e707ccb46538a0c493f71a6fdc1d4f30aa451f68a9170cae13f
3,parent,fixed5,104,False,True,True,True,True,True,0,4.0127672255039215,7.531751196836964,e4111879414e4e707ccb46538a0c493f71a6fdc1d4f30aa451f68a9170cae13f
3,parent,fixed5,105,True,True,True,True,True,True,2,4.119167570024729,7.788852323800938,e4111879414e4e707ccb46538a0c493f71a6fdc1d4f30aa451f68a9170cae13f
3,parent,fixed5,106,False,True,True,True,True,True,0,3.1389861833304167,8.673276443952965,e4111879414e4e707ccb46538a0c493f71a6fdc1d4f30aa451f68a9170cae13f
3,parent,fixed5,107,False,True,True,True,True,True,0,5.508672911673784,9.992746048194368,e4111879414e4e707ccb46538a0c493f71a6fdc1d4f30aa451f68a9170cae13f
3,parent,fixed5,108,False,True,True,False,False,False,0,6.142652127891779,5.27818662925191,e4111879414e4e707ccb46538a0c493f71a6fdc1d4f30aa451f68a9170cae13f
3,parent,fixed5,109,False,True,True,True,True,True,1,3.725427435711026,9.449758815783047,e4111879414e4e707ccb46538a0c493f71a6fdc1d4f30aa451f68a9170cae13f
3,parent,fixed5,110,False,True,True,True,True,True,1,5.202567670494318,10.247451486306959,e4111879414e4e707ccb46538a0c493f71a6fdc1d4f30aa451f68a9170cae13f
3,parent,fixed5,111,False,True,True,True,True,True,1,5.1459940150380135,11.274835734655584,e4111879414e4e707ccb46538a0c493f71a6fdc1d4f30aa451f68a9170cae13f
3,parent,fixed5,112,False,True,True,True,True,True,1,4.047478083521128,6.291519044043702,e4111879414e4e707ccb46538a0c493f71a6fdc1d4f30aa451f68a9170cae13f
3,parent,fixed5,113,True,True,True,True,True,True,2,4.676614422351122,10.764273117781606,e4111879414e4e707ccb46538a0c493f71a6fdc1d4f30aa451f68a9170cae13f
3,parent,fixed5,114,False,True,True,True,True,True,1,3.9545376785099506,8.651569248997017,e4111879414e4e707ccb46538a0c493f71a6fdc1d4f30aa451f68a9170cae13f
3,parent,fixed5,115,False,True,True,True,True,True,1,5.326664075255394,8.237071535251978,e4111879414e4e707ccb46538a0c493f71a6fdc1d4f30aa451f68a9170cae13f
3,parent,fixed5,116,False,True,True,True,True,True,1,4.651224240660667,9.978735622659379,e4111879414e4e707ccb46538a0c493f71a6fdc1d4f30aa451f68a9170cae13f
3,parent,fixed5,117,True,True,True,True,True,True,2,5.019557662308216,7.746449655659853,e4111879414e4e707ccb46538a0c493f71a6fdc1d4f30aa451f68a9170cae13f
3,parent,fixed5,118,False,True,True,True,True,True,1,3.930330742150545,8.415535840527948,e4111879414e4e707ccb46538a0c493f71a6fdc1d4f30aa451f68a9170cae13f
3,parent,fixed5,119,False,True,True,True,True,True,1,3.8060720544308424,7.351425665012165,e4111879414e4e707ccb46538a0c493f71a6fdc1d4f30aa451f68a9170cae13f
3,parent,fixed5,120,False,True,True,True,True,True,1,5.1938495598733425,11.142467522314382,e4111879414e4e707ccb46538a0c493f71a6fdc1d4f30aa451f68a9170cae13f
3,parent,fixed5,121,False,True,True,True,True,True,0,4.977395758032799,8.82648441722552,e4111879414e4e707ccb46538a0c493f71a6fdc1d4f30aa451f68a9170cae13f
3,parent,fixed5,122,True,True,True,True,True,True,2,5.362511146813631,10.836400769190588,e4111879414e4e707ccb46538a0c493f71a6fdc1d4f30aa451f68a9170cae13f
3,parent,fixed5,123,False,True,True,True,True,True,1,4.666074179112911,10.236934702532432,e4111879414e4e707ccb46538a0c493f71a6fdc1d4f30aa451f68a9170cae13f
3,parent,fixed5,124,False,True,True,True,True,True,1,3.492937423288822,8.074355938654763,e4111879414e4e707ccb46538a0c493f71a6fdc1d4f30aa451f68a9170cae13f
3,parent,fixed5,125,False,True,True,True,True,True,0,2.9771444387733936,9.034318535932545,e4111879414e4e707ccb46538a0c493f71a6fdc1d4f30aa451f68a9170cae13f
3,parent,fixed5,126,False,True,True,True,True,True,0,3.929567988961935,8.338008070806426,e4111879414e4e707ccb46538a0c493f71a6fdc1d4f30aa451f68a9170cae13f
3,parent,fixed5,127,True,True,True,True,True,True,2,4.442489705979824,9.252777013893526,e4111879414e4e707ccb46538a0c493f71a6fdc1d4f30aa451f68a9170cae13f
3,parent,arrival,0,True,True,True,True,True,True,13,4.6614729799330235,12.257552253379616,e4111879414e4e707ccb46538a0c493f71a6fdc1d4f30aa451f68a9170cae13f
3,parent,arrival,1,True,True,True,True,True,True,13,3.8871336728334427,8.02109070841242,e4111879414e4e707ccb46538a0c493f71a6fdc1d4f30aa451f68a9170cae13f
3,parent,arrival,2,True,True,True,True,True,True,15,2.8454186394810677,8.997029971932507,e4111879414e4e707ccb46538a0c493f71a6fdc1d4f30aa451f68a9170cae13f
3,parent,arrival,3,True,True,True,True,True,True,13,3.9623496122658253,13.515684197553368,e4111879414e4e707ccb46538a0c493f71a6fdc1d4f30aa451f68a9170cae13f
3,parent,arrival,4,True,True,True,True,True,True,14,4.1566467843949795,9.926383076444877,e4111879414e4e707ccb46538a0c493f71a6fdc1d4f30aa451f68a9170cae13f
3,parent,arrival,5,True,True,True,True,True,True,12,3.5319530870765448,8.073428740474935,e4111879414e4e707ccb46538a0c493f71a6fdc1d4f30aa451f68a9170cae13f
3,parent,arrival,6,True,True,True,True,True,True,13,3.607953665778041,8.653594400085927,e4111879414e4e707ccb46538a0c493f71a6fdc1d4f30aa451f68a9170cae13f
3,parent,arrival,7,True,True,True,True,True,True,13,3.835598938167095,9.547502237900515,e4111879414e4e707ccb46538a0c493f71a6fdc1d4f30aa451f68a9170cae13f
3,parent,arrival,8,True,True,True,True,True,True,13,2.7869672048836946,6.707164656456127,e4111879414e4e707ccb46538a0c493f71a6fdc1d4f30aa451f68a9170cae13f
3,parent,arrival,9,True,True,True,True,True,True,14,3.395336214452982,9.185857381726679,e4111879414e4e707ccb46538a0c493f71a6fdc1d4f30aa451f68a9170cae13f
3,parent,arrival,10,True,True,True,True,True,True,10,2.950186375528574,8.25285780997117,e4111879414e4e707ccb46538a0c493f71a6fdc1d4f30aa451f68a9170cae13f
3,parent,arrival,11,True,True,True,True,True,True,13,3.684357739984989,10.01763611130354,e4111879414e4e707ccb46538a0c493f71a6fdc1d4f30aa451f68a9170cae13f
3,parent,arrival,12,True,True,True,True,True,True,12,3.430246142670512,9.20410167077343,e4111879414e4e707ccb46538a0c493f71a6fdc1d4f30aa451f68a9170cae13f
3,parent,arrival,13,True,True,True,True,True,True,16,3.703415160998702,8.023175623656565,e4111879414e4e707ccb46538a0c493f71a6fdc1d4f30aa451f68a9170cae13f
3,parent,arrival,14,True,True,True,True,True,True,15,3.8724630139768124,9.548989511592286,e4111879414e4e707ccb46538a0c493f71a6fdc1d4f30aa451f68a9170cae13f
3,parent,arrival,15,True,True,True,True,True,True,13,3.803002182394266,8.81312371343533,e4111879414e4e707ccb46538a0c493f71a6fdc1d4f30aa451f68a9170cae13f
3,parent,arrival,16,True,True,True,True,True,True,12,2.9231419321149588,8.77864406473146,e4111879414e4e707ccb46538a0c493f71a6fdc1d4f30aa451f68a9170cae13f
3,parent,arrival,17,True,True,True,True,True,True,13,3.8811645936220884,9.12648937746093,e4111879414e4e707ccb46538a0c493f71a6fdc1d4f30aa451f68a9170cae13f
3,parent,arrival,18,True,False,False,True,True,True,3,34.77896749973297,97.2288356653987,e4111879414e4e707ccb46538a0c493f71a6fdc1d4f30aa451f68a9170cae13f
3,parent,arrival,19,True,True,True,True,True,True,12,3.8979037199169397,8.440168917769599,e4111879414e4e707ccb46538a0c493f71a6fdc1d4f30aa451f68a9170cae13f
3,parent,arrival,20,True,True,False,True,True,True,10,7.819585502147675,43.070428415480876,e4111879414e4e707ccb46538a0c493f71a6fdc1d4f30aa451f68a9170cae13f
3,parent,arrival,21,True,True,True,False,False,True,13,4.879346117377281,8.288662515374023,e4111879414e4e707ccb46538a0c493f71a6fdc1d4f30aa451f68a9170cae13f
3,parent,arrival,22,True,True,True,True,True,True,14,3.250822890549898,8.662344726186358,e4111879414e4e707ccb46538a0c493f71a6fdc1d4f30aa451f68a9170cae13f
3,parent,arrival,23,True,False,False,True,True,True,12,30.4680448025465,122.0689769219278,e4111879414e4e707ccb46538a0c493f71a6fdc1d4f30aa451f68a9170cae13f
3,parent,arrival,24,True,True,True,True,True,True,14,3.2387187238782644,8.921629806137444,e4111879414e4e707ccb46538a0c493f71a6fdc1d4f30aa451f68a9170cae13f
3,parent,arrival,25,True,True,True,True,True,True,13,3.0250288546085358,7.618009655865055,e4111879414e4e707ccb46538a0c493f71a6fdc1d4f30aa451f68a9170cae13f
3,parent,arrival,26,True,True,True,True,True,True,16,3.4988964907824993,9.079290208975202,e4111879414e4e707ccb46538a0c493f71a6fdc1d4f30aa451f68a9170cae13f
3,parent,arrival,27,True,True,True,True,True,True,13,3.4388478379696608,8.394317004097656,e4111879414e4e707ccb46538a0c493f71a6fdc1d4f30aa451f68a9170cae13f
3,parent,arrival,28,True,True,True,True,True,True,12,3.297615796327591,9.016130595946448,e4111879414e4e707ccb46538a0c493f71a6fdc1d4f30aa451f68a9170cae13f
3,parent,arrival,29,True,True,True,True,True,True,13,3.8820155896246433,9.309740791571432,e4111879414e4e707ccb46538a0c493f71a6fdc1d4f30aa451f68a9170cae13f
3,parent,arrival,30,True,True,True,True,True,True,14,3.43234371393919,8.85192174924194,e4111879414e4e707ccb46538a0c493f71a6fdc1d4f30aa451f68a9170cae13f
3,parent,arrival,31,True,True,True,True,True,True,12,4.381224513053894,8.969759587897585,e4111879414e4e707ccb46538a0c493f71a6fdc1d4f30aa451f68a9170cae13f
3,parent,arrival,32,True,True,True,True,True,True,14,3.473243210464716,9.782938858590855,e4111879414e4e707ccb46538a0c493f71a6fdc1d4f30aa451f68a9170cae13f
3,parent,arrival,33,True,True,True,True,True,True,14,3.3110857475548983,8.848814866943231,e4111879414e4e707ccb46538a0c493f71a6fdc1d4f30aa451f68a9170cae13f
3,parent,arrival,34,True,True,True,True,True,True,15,3.3454131335020065,8.727707075222442,e4111879414e4e707ccb46538a0c493f71a6fdc1d4f30aa451f68a9170cae13f
3,parent,arrival,35,True,True,True,True,True,True,12,2.8830457013100386,7.613891051795537,e4111879414e4e707ccb46538a0c493f71a6fdc1d4f30aa451f68a9170cae13f
3,parent,arrival,36,True,True,True,True,True,True,6,3.777888370677829,11.449049100946867,e4111879414e4e707ccb46538a0c493f71a6fdc1d4f30aa451f68a9170cae13f
3,parent,arrival,37,True,True,True,True,True,True,12,3.8308121729642153,8.435917125011267,e4111879414e4e707ccb46538a0c493f71a6fdc1d4f30aa451f68a9170cae13f
3,parent,arrival,38,True,False,False,True,True,True,6,61.8048720061779,131.0339963585414,e4111879414e4e707ccb46538a0c493f71a6fdc1d4f30aa451f68a9170cae13f
3,parent,arrival,39,True,True,True,True,True,True,13,3.600496333092451,9.054327575106099,e4111879414e4e707ccb46538a0c493f71a6fdc1d4f30aa451f68a9170cae13f
3,parent,arrival,40,True,True,True,True,True,True,13,3.3699802588671446,8.730273518803074,e4111879414e4e707ccb46538a0c493f71a6fdc1d4f30aa451f68a9170cae13f
3,parent,arrival,41,True,True,True,True,True,True,14,2.8999794740229845,7.534290319660917,e4111879414e4e707ccb46538a0c493f71a6fdc1d4f30aa451f68a9170cae13f
3,parent,arrival,42,True,True,True,True,True,True,12,3.323130076751113,8.86875389667779,e4111879414e4e707ccb46538a0c493f71a6fdc1d4f30aa451f68a9170cae13f
3,parent,arrival,43,True,True,True,True,True,True,12,3.538883524015546,10.138997473797266,e4111879414e4e707ccb46538a0c493f71a6fdc1d4f30aa451f68a9170cae13f
3,parent,arrival,44,True,True,True,True,True,True,8,6.651477888226509,10.808518229451304,e4111879414e4e707ccb46538a0c493f71a6fdc1d4f30aa451f68a9170cae13f
3,parent,arrival,45,True,True,True,True,True,True,13,3.5157690290361643,8.258665178312972,e4111879414e4e707ccb46538a0c493f71a6fdc1d4f30aa451f68a9170cae13f
3,parent,arrival,46,True,True,True,True,True,True,12,3.5276117268949747,8.362438803693916,e4111879414e4e707ccb46538a0c493f71a6fdc1d4f30aa451f68a9170cae13f
3,parent,arrival,47,True,True,True,True,True,True,14,3.920800518244505,8.853126423856802,e4111879414e4e707ccb46538a0c493f71a6fdc1d4f30aa451f68a9170cae13f
3,parent,arrival,48,True,True,True,True,True,True,3,6.379530765116215,9.914025556689031,e4111879414e4e707ccb46538a0c493f71a6fdc1d4f30aa451f68a9170cae13f
3,parent,arrival,49,True,True,True,True,True,True,14,4.8331753350794315,8.9895039572408,e4111879414e4e707ccb46538a0c493f71a6fdc1d4f30aa451f68a9170cae13f
3,parent,arrival,50,True,True,True,True,True,True,12,4.440804477781057,7.222863575585954,e4111879414e4e707ccb46538a0c493f71a6fdc1d4f30aa451f68a9170cae13f
3,parent,arrival,51,True,True,True,True,True,True,12,4.5042396523058414,9.418541436181505,e4111879414e4e707ccb46538a0c493f71a6fdc1d4f30aa451f68a9170cae13f
3,parent,arrival,52,True,True,True,True,True,True,14,3.6264583468437195,9.004533788509413,e4111879414e4e707ccb46538a0c493f71a6fdc1d4f30aa451f68a9170cae13f
3,parent,arrival,53,True,True,True,True,True,True,12,3.3667124807834625,7.175168364611755,e4111879414e4e707ccb46538a0c493f71a6fdc1d4f30aa451f68a9170cae13f
3,parent,arrival,54,True,True,True,True,True,True,15,3.8702532183378935,8.724696669345759,e4111879414e4e707ccb46538a0c493f71a6fdc1d4f30aa451f68a9170cae13f
3,parent,arrival,55,True,True,True,True,True,True,15,3.963872790336609,9.354184832500705,e4111879414e4e707ccb46538a0c493f71a6fdc1d4f30aa451f68a9170cae13f
3,parent,arrival,56,True,True,True,True,True,True,15,4.214459098875523,9.097687323504632,e4111879414e4e707ccb46538a0c493f71a6fdc1d4f30aa451f68a9170cae13f
3,parent,arrival,57,True,True,True,True,True,True,14,3.2059350050985813,8.451947578993286,e4111879414e4e707ccb46538a0c493f71a6fdc1d4f30aa451f68a9170cae13f
3,parent,arrival,58,True,True,True,True,True,True,12,4.191243555396795,7.739759485367825,e4111879414e4e707ccb46538a0c493f71a6fdc1d4f30aa451f68a9170cae13f
3,parent,arrival,59,True,True,True,True,True,True,12,3.011540975421667,9.512036480635224,e4111879414e4e707ccb46538a0c493f71a6fdc1d4f30aa451f68a9170cae13f
3,parent,arrival,60,True,True,True,True,True,True,11,3.279309021309018,9.718396132255172,e4111879414e4e707ccb46538a0c493f71a6fdc1d4f30aa451f68a9170cae13f
3,parent,arrival,61,True,True,True,True,True,True,12,2.864125417545438,8.45049104115278,e4111879414e4e707ccb46538a0c493f71a6fdc1d4f30aa451f68a9170cae13f
3,parent,arrival,62,True,True,True,True,True,True,11,4.1745794005692005,8.267013377026021,e4111879414e4e707ccb46538a0c493f71a6fdc1d4f30aa451f68a9170cae13f
3,parent,arrival,63,True,True,True,True,True,True,13,4.046235699206591,8.034614482969044,e4111879414e4e707ccb46538a0c493f71a6fdc1d4f30aa451f68a9170cae13f
3,parent,arrival,64,True,True,True,False,False,True,19,7.721123285591602,6.09159129618779,e4111879414e4e707ccb46538a0c493f71a6fdc1d4f30aa451f68a9170cae13f
3,parent,arrival,65,True,True,True,True,True,True,13,4.367205314338207,9.38993660393749,e4111879414e4e707ccb46538a0c493f71a6fdc1d4f30aa451f68a9170cae13f
3,parent,arrival,66,True,True,True,True,True,True,3,6.985384505242109,10.62031492819254,e4111879414e4e707ccb46538a0c493f71a6fdc1d4f30aa451f68a9170cae13f
3,parent,arrival,67,True,True,True,True,True,True,11,3.8624475710093975,9.563605262642467,e4111879414e4e707ccb46538a0c493f71a6fdc1d4f30aa451f68a9170cae13f
3,parent,arrival,68,True,True,True,True,True,True,13,2.711192239075899,8.790495296715077,e4111879414e4e707ccb46538a0c493f71a6fdc1d4f30aa451f68a9170cae13f
3,parent,arrival,69,True,True,True,True,True,True,13,3.6671911366283894,9.25135718831981,e4111879414e4e707ccb46538a0c493f71a6fdc1d4f30aa451f68a9170cae13f
3,parent,arrival,70,True,True,True,True,True,True,10,3.538825549185276,9.008899133162696,e4111879414e4e707ccb46538a0c493f71a6fdc1d4f30aa451f68a9170cae13f
3,parent,arrival,71,False,True,True,True,True,True,2,3.6327592097222805,9.000147099514972,e4111879414e4e707ccb46538a0c493f71a6fdc1d4f30aa451f68a9170cae13f
3,parent,arrival,72,True,True,True,True,True,True,14,3.085617208853364,8.444619639787508,e4111879414e4e707ccb46538a0c493f71a6fdc1d4f30aa451f68a9170cae13f
3,parent,arrival,73,True,True,True,True,True,True,14,4.146189894527197,10.137910619945588,e4111879414e4e707ccb46538a0c493f71a6fdc1d4f30aa451f68a9170cae13f
3,parent,arrival,74,True,True,True,True,True,True,15,3.125919261947274,7.547027768689344,e4111879414e4e707ccb46538a0c493f71a6fdc1d4f30aa451f68a9170cae13f
3,parent,arrival,75,True,True,True,True,True,True,14,3.2298529986292124,8.670611816403014,e4111879414e4e707ccb46538a0c493f71a6fdc1d4f30aa451f68a9170cae13f
3,parent,arrival,76,True,True,True,True,True,True,13,3.428857307881117,8.454815404671045,e4111879414e4e707ccb46538a0c493f71a6fdc1d4f30aa451f68a9170cae13f
3,parent,arrival,77,True,True,True,True,True,True,6,3.301600692793727,8.520678918837477,e4111879414e4e707ccb46538a0c493f71a6fdc1d4f30aa451f68a9170cae13f
3,parent,arrival,78,True,True,True,True,True,True,9,3.984025213867426,8.266411466605414,e4111879414e4e707ccb46538a0c493f71a6fdc1d4f30aa451f68a9170cae13f
3,parent,arrival,79,True,False,False,True,True,True,3,33.96918624639511,99.82382943676166,e4111879414e4e707ccb46538a0c493f71a6fdc1d4f30aa451f68a9170cae13f
3,parent,arrival,80,True,True,True,True,True,True,13,3.962284419685602,7.502485543790752,e4111879414e4e707ccb46538a0c493f71a6fdc1d4f30aa451f68a9170cae13f
3,parent,arrival,81,True,True,True,True,True,True,13,3.809998743236065,9.417662903099512,e4111879414e4e707ccb46538a0c493f71a6fdc1d4f30aa451f68a9170cae13f
3,parent,arrival,82,False,True,True,True,True,True,2,7.522049825638533,10.548570621150727,e4111879414e4e707ccb46538a0c493f71a6fdc1d4f30aa451f68a9170cae13f
3,parent,arrival,83,True,True,True,True,True,True,13,3.5332145635038614,8.020263401749201,e4111879414e4e707ccb46538a0c493f71a6fdc1d4f30aa451f68a9170cae13f
3,parent,arrival,84,True,True,True,True,True,True,12,3.9298171177506447,8.208373641680522,e4111879414e4e707ccb46538a0c493f71a6fdc1d4f30aa451f68a9170cae13f
3,parent,arrival,85,True,True,True,True,True,True,14,4.3495697900652885,8.49952582297795,e4111879414e4e707ccb46538a0c493f71a6fdc1d4f30aa451f68a9170cae13f
3,parent,arrival,86,True,True,True,True,True,True,12,4.090199247002602,9.04589741412301,e4111879414e4e707ccb46538a0c493f71a6fdc1d4f30aa451f68a9170cae13f
3,parent,arrival,87,True,True,True,True,True,True,11,3.0952508095651865,9.087810016191147,e4111879414e4e707ccb46538a0c493f71a6fdc1d4f30aa451f68a9170cae13f
3,parent,arrival,88,True,True,True,True,True,True,14,3.068704856559634,7.3876120072348925,e4111879414e4e707ccb46538a0c493f71a6fdc1d4f30aa451f68a9170cae13f
3,parent,arrival,89,True,True,True,True,True,True,11,3.6744445096701384,8.28373624143515,e4111879414e4e707ccb46538a0c493f71a6fdc1d4f30aa451f68a9170cae13f
3,parent,arrival,90,True,True,True,True,True,True,13,3.2891074661165476,7.168579793383631,e4111879414e4e707ccb46538a0c493f71a6fdc1d4f30aa451f68a9170cae13f
3,parent,arrival,91,True,True,True,True,True,True,10,2.880081068724394,8.78483904630866,e4111879414e4e707ccb46538a0c493f71a6fdc1d4f30aa451f68a9170cae13f
3,parent,arrival,92,True,True,True,True,True,True,13,3.6794336047023535,8.492224350755205,e4111879414e4e707ccb46538a0c493f71a6fdc1d4f30aa451f68a9170cae13f
3,parent,arrival,93,True,True,True,True,True,True,13,3.078378504142165,8.499844280548,e4111879414e4e707ccb46538a0c493f71a6fdc1d4f30aa451f68a9170cae13f
3,parent,arrival,94,True,True,True,True,True,True,15,3.768970724195242,9.43618552235494,e4111879414e4e707ccb46538a0c493f71a6fdc1d4f30aa451f68a9170cae13f
3,parent,arrival,95,True,False,False,True,True,True,4,46.81847244501114,104.55594841828658,e4111879414e4e707ccb46538a0c493f71a6fdc1d4f30aa451f68a9170cae13f
3,parent,arrival,96,True,True,True,True,True,True,12,3.731398843228817,9.005974104650639,e4111879414e4e707ccb46538a0c493f71a6fdc1d4f30aa451f68a9170cae13f
3,parent,arrival,97,True,True,True,True,True,True,13,4.236486740410328,9.284607402973078,e4111879414e4e707ccb46538a0c493f71a6fdc1d4f30aa451f68a9170cae13f
3,parent,arrival,98,True,True,True,True,True,True,9,3.1087337993085384,9.516610146058193,e4111879414e4e707ccb46538a0c493f71a6fdc1d4f30aa451f68a9170cae13f
3,parent,arrival,99,True,True,True,True,True,True,10,3.5533998161554337,8.932799726751353,e4111879414e4e707ccb46538a0c493f71a6fdc1d4f30aa451f68a9170cae13f
3,parent,arrival,100,True,True,True,True,True,True,11,4.011660348623991,9.430116899277383,e4111879414e4e707ccb46538a0c493f71a6fdc1d4f30aa451f68a9170cae13f
3,parent,arrival,101,True,True,True,True,True,True,15,3.0620056204497814,8.534352957555843,e4111879414e4e707ccb46538a0c493f71a6fdc1d4f30aa451f68a9170cae13f
3,parent,arrival,102,True,True,True,True,True,True,14,3.9260173216462135,9.258589504877207,e4111879414e4e707ccb46538a0c493f71a6fdc1d4f30aa451f68a9170cae13f
3,parent,arrival,103,True,True,True,True,True,True,11,3.8928696885704994,9.569151376248517,e4111879414e4e707ccb46538a0c493f71a6fdc1d4f30aa451f68a9170cae13f
3,parent,arrival,104,True,True,True,True,True,True,13,4.032607190310955,8.311851861379862,e4111879414e4e707ccb46538a0c493f71a6fdc1d4f30aa451f68a9170cae13f
3,parent,arrival,105,True,True,True,True,True,True,11,3.624637611210346,9.187196098804002,e4111879414e4e707ccb46538a0c493f71a6fdc1d4f30aa451f68a9170cae13f
3,parent,arrival,106,False,False,False,True,True,True,1,50.56075006723404,68.54177477396753,e4111879414e4e707ccb46538a0c493f71a6fdc1d4f30aa451f68a9170cae13f
3,parent,arrival,107,True,True,True,True,True,True,15,3.6343885585665703,9.904412919205885,e4111879414e4e707ccb46538a0c493f71a6fdc1d4f30aa451f68a9170cae13f
3,parent,arrival,108,True,True,True,False,False,True,16,6.142652127891779,5.27818662925191,e4111879414e4e707ccb46538a0c493f71a6fdc1d4f30aa451f68a9170cae13f
3,parent,arrival,109,True,True,True,True,True,True,16,3.206963650882244,8.229509662067127,e4111879414e4e707ccb46538a0c493f71a6fdc1d4f30aa451f68a9170cae13f
3,parent,arrival,110,True,True,True,True,True,True,12,4.045580979436636,9.93114286452273,e4111879414e4e707ccb46538a0c493f71a6fdc1d4f30aa451f68a9170cae13f
3,parent,arrival,111,True,True,True,True,True,True,12,4.361598752439022,9.845435943270118,e4111879414e4e707ccb46538a0c493f71a6fdc1d4f30aa451f68a9170cae13f
3,parent,arrival,112,True,True,False,True,True,True,3,10.081618092954159,14.25065097206082,e4111879414e4e707ccb46538a0c493f71a6fdc1d4f30aa451f68a9170cae13f
3,parent,arrival,113,True,True,True,True,True,True,14,3.2536103390157223,8.75925571899873,e4111879414e4e707ccb46538a0c493f71a6fdc1d4f30aa451f68a9170cae13f
3,parent,arrival,114,True,False,False,True,True,True,6,47.07658290863037,114.26530138008064,e4111879414e4e707ccb46538a0c493f71a6fdc1d4f30aa451f68a9170cae13f
3,parent,arrival,115,True,True,True,True,True,True,13,3.987516276538372,9.120679447798187,e4111879414e4e707ccb46538a0c493f71a6fdc1d4f30aa451f68a9170cae13f
3,parent,arrival,116,True,True,True,True,True,True,14,3.6296320613473654,9.460876656204535,e4111879414e4e707ccb46538a0c493f71a6fdc1d4f30aa451f68a9170cae13f
3,parent,arrival,117,True,True,True,True,True,True,11,3.6533079110085964,8.74003471290067,e4111879414e4e707ccb46538a0c493f71a6fdc1d4f30aa451f68a9170cae13f
3,parent,arrival,118,True,True,True,True,True,True,12,3.1087351962924004,7.171072812430686,e4111879414e4e707ccb46538a0c493f71a6fdc1d4f30aa451f68a9170cae13f
3,parent,arrival,119,True,True,True,True,True,True,13,2.834128914400935,7.380207228400953,e4111879414e4e707ccb46538a0c493f71a6fdc1d4f30aa451f68a9170cae13f
3,parent,arrival,120,True,True,True,True,True,True,17,3.170875832438469,9.634682772466558,e4111879414e4e707ccb46538a0c493f71a6fdc1d4f30aa451f68a9170cae13f
3,parent,arrival,121,True,True,True,True,True,True,12,3.87041037902236,9.643536405178187,e4111879414e4e707ccb46538a0c493f71a6fdc1d4f30aa451f68a9170cae13f
3,parent,arrival,122,True,True,True,True,True,True,14,3.813553601503372,9.472438458922074,e4111879414e4e707ccb46538a0c493f71a6fdc1d4f30aa451f68a9170cae13f
3,parent,arrival,123,True,True,True,True,True,True,14,3.6769243888556957,9.10056880956073,e4111879414e4e707ccb46538a0c493f71a6fdc1d4f30aa451f68a9170cae13f
3,parent,arrival,124,True,True,True,True,True,True,11,3.109219716861844,8.75363703463275,e4111879414e4e707ccb46538a0c493f71a6fdc1d4f30aa451f68a9170cae13f
3,parent,arrival,125,True,True,False,True,True,True,13,5.532630253583193,21.1672838699829,e4111879414e4e707ccb46538a0c493f71a6fdc1d4f30aa451f68a9170cae13f
3,parent,arrival,126,True,True,True,True,True,True,14,3.308950224891305,8.871498778950489,e4111879414e4e707ccb46538a0c493f71a6fdc1d4f30aa451f68a9170cae13f
3,parent,arrival,127,True,True,True,True,True,True,11,4.975005518645048,9.836608777541523,e4111879414e4e707ccb46538a0c493f71a6fdc1d4f30aa451f68a9170cae13f
3,original-final,fixed2,0,False,True,True,True,True,True,4,4.720073658972979,12.840568663195443,2f85c2107ef71d275093429fc8e8e94252e24e272a01432a8d7b9e3b1ec112c4
3,original-final,fixed2,1,False,True,True,True,True,True,4,3.8782667834311724,5.151548091850703,2f85c2107ef71d275093429fc8e8e94252e24e272a01432a8d7b9e3b1ec112c4
3,original-final,fixed2,2,False,True,True,True,True,True,0,3.8021181244403124,7.02253540788995,2f85c2107ef71d275093429fc8e8e94252e24e272a01432a8d7b9e3b1ec112c4
3,original-final,fixed2,3,True,True,True,True,True,True,5,3.9321593940258026,6.0945590133821606,2f85c2107ef71d275093429fc8e8e94252e24e272a01432a8d7b9e3b1ec112c4
3,original-final,fixed2,4,True,True,True,True,True,True,5,3.960271831601858,6.555334246961799,2f85c2107ef71d275093429fc8e8e94252e24e272a01432a8d7b9e3b1ec112c4
3,original-final,fixed2,5,False,True,True,True,True,True,4,3.86907160282135,6.2506518878054,2f85c2107ef71d275093429fc8e8e94252e24e272a01432a8d7b9e3b1ec112c4
3,original-final,fixed2,6,False,True,True,True,True,True,0,3.8651188369840384,6.615391246560074,2f85c2107ef71d275093429fc8e8e94252e24e272a01432a8d7b9e3b1ec112c4
3,original-final,fixed2,7,False,True,True,True,True,True,3,4.558449611067772,7.503147218366597,2f85c2107ef71d275093429fc8e8e94252e24e272a01432a8d7b9e3b1ec112c4
3,original-final,fixed2,8,False,True,True,True,True,True,1,2.857519779354334,5.468821050968374,2f85c2107ef71d275093429fc8e8e94252e24e272a01432a8d7b9e3b1ec112c4
3,original-final,fixed2,9,True,True,True,True,True,True,5,3.337976522743702,7.420468632237239,2f85c2107ef71d275093429fc8e8e94252e24e272a01432a8d7b9e3b1ec112c4
3,original-final,fixed2,10,True,True,True,True,True,True,5,3.7260097451508045,5.5252247531343395,2f85c2107ef71d275093429fc8e8e94252e24e272a01432a8d7b9e3b1ec112c4
3,original-final,fixed2,11,False,True,True,True,True,True,0,4.2036171071231365,5.283492832463364,2f85c2107ef71d275093429fc8e8e94252e24e272a01432a8d7b9e3b1ec112c4
3,original-final,fixed2,12,True,True,True,True,True,True,5,3.997138701379299,6.202332995182615,2f85c2107ef71d275093429fc8e8e94252e24e272a01432a8d7b9e3b1ec112c4
3,original-final,fixed2,13,False,True,True,True,True,True,3,3.6571265663951635,5.839254653056723,2f85c2107ef71d275093429fc8e8e94252e24e272a01432a8d7b9e3b1ec112c4
3,original-final,fixed2,14,False,True,True,True,True,True,2,4.228262696415186,5.661442630846488,2f85c2107ef71d275093429fc8e8e94252e24e272a01432a8d7b9e3b1ec112c4
3,original-final,fixed2,15,False,True,True,True,True,True,0,3.7082049529999495,5.429627291076725,2f85c2107ef71d275093429fc8e8e94252e24e272a01432a8d7b9e3b1ec112c4
3,original-final,fixed2,16,True,True,True,True,True,True,5,3.610007930546999,6.040479709968115,2f85c2107ef71d275093429fc8e8e94252e24e272a01432a8d7b9e3b1ec112c4
3,original-final,fixed2,17,True,True,True,True,True,True,5,4.165786784142256,6.647770612094166,2f85c2107ef71d275093429fc8e8e94252e24e272a01432a8d7b9e3b1ec112c4
3,original-final,fixed2,18,True,True,True,True,True,True,5,2.6425744872540236,5.80493167181694,2f85c2107ef71d275093429fc8e8e94252e24e272a01432a8d7b9e3b1ec112c4
3,original-final,fixed2,19,True,True,True,True,True,True,5,3.787068882957101,4.987205629570557,2f85c2107ef71d275093429fc8e8e94252e24e272a01432a8d7b9e3b1ec112c4
3,original-final,fixed2,20,True,True,True,True,True,True,5,4.334849771112204,5.462827133084865,2f85c2107ef71d275093429fc8e8e94252e24e272a01432a8d7b9e3b1ec112c4
3,original-final,fixed2,21,False,True,True,False,False,True,1,4.53233253210783,9.067783047771023,2f85c2107ef71d275093429fc8e8e94252e24e272a01432a8d7b9e3b1ec112c4
3,original-final,fixed2,22,False,True,True,True,True,True,0,3.9612390100955963,8.167051850975591,2f85c2107ef71d275093429fc8e8e94252e24e272a01432a8d7b9e3b1ec112c4
3,original-final,fixed2,23,False,False,False,True,True,True,0,50.63919350504875,69.867514491867,2f85c2107ef71d275093429fc8e8e94252e24e272a01432a8d7b9e3b1ec112c4
3,original-final,fixed2,24,False,True,True,True,True,True,4,4.822300747036934,6.6851343081750745,2f85c2107ef71d275093429fc8e8e94252e24e272a01432a8d7b9e3b1ec112c4
3,original-final,fixed2,25,False,True,True,True,True,True,2,3.424419555813074,4.887022549258925,2f85c2107ef71d275093429fc8e8e94252e24e272a01432a8d7b9e3b1ec112c4
3,original-final,fixed2,26,False,True,True,True,True,True,1,3.5281768068671227,6.191049522673754,2f85c2107ef71d275093429fc8e8e94252e24e272a01432a8d7b9e3b1ec112c4
3,original-final,fixed2,27,False,True,True,True,True,True,1,3.6071734502911568,8.32587167842496,2f85c2107ef71d275093429fc8e8e94252e24e272a01432a8d7b9e3b1ec112c4
3,original-final,fixed2,28,False,True,True,True,True,True,1,3.1857460271567106,5.800866855487135,2f85c2107ef71d275093429fc8e8e94252e24e272a01432a8d7b9e3b1ec112c4
3,original-final,fixed2,29,True,True,True,True,True,True,5,4.6377284452319145,7.075248246583169,2f85c2107ef71d275093429fc8e8e94252e24e272a01432a8d7b9e3b1ec112c4
3,original-final,fixed2,30,False,True,True,True,True,True,0,3.668232588097453,5.479090240385488,2f85c2107ef71d275093429fc8e8e94252e24e272a01432a8d7b9e3b1ec112c4
3,original-final,fixed2,31,True,True,True,True,True,True,5,4.850009456276894,6.055147114323894,2f85c2107ef71d275093429fc8e8e94252e24e272a01432a8d7b9e3b1ec112c4
3,original-final,fixed2,32,True,True,True,True,True,True,5,3.756279358640313,5.983807495990403,2f85c2107ef71d275093429fc8e8e94252e24e272a01432a8d7b9e3b1ec112c4
3,original-final,fixed2,33,False,True,True,True,True,True,4,4.415718372911215,5.931873298862565,2f85c2107ef71d275093429fc8e8e94252e24e272a01432a8d7b9e3b1ec112c4
3,original-final,fixed2,34,False,True,True,True,True,True,4,3.5173308569937944,4.868514871042307,2f85c2107ef71d275093429fc8e8e94252e24e272a01432a8d7b9e3b1ec112c4
3,original-final,fixed2,35,True,True,True,True,True,True,5,4.140957724303007,6.2956355136791045,2f85c2107ef71d275093429fc8e8e94252e24e272a01432a8d7b9e3b1ec112c4
3,original-final,fixed2,36,True,True,True,True,True,True,5,3.5584294237196445,6.0214704397343235,2f85c2107ef71d275093429fc8e8e94252e24e272a01432a8d7b9e3b1ec112c4
3,original-final,fixed2,37,True,True,True,True,True,True,5,4.1041504591703415,6.092746878817991,2f85c2107ef71d275093429fc8e8e94252e24e272a01432a8d7b9e3b1ec112c4
3,original-final,fixed2,38,False,True,True,True,True,True,1,3.906834404915571,5.600493864674703,2f85c2107ef71d275093429fc8e8e94252e24e272a01432a8d7b9e3b1ec112c4
3,original-final,fixed2,39,True,True,True,True,True,True,5,3.5665181931108236,5.832798416743769,2f85c2107ef71d275093429fc8e8e94252e24e272a01432a8d7b9e3b1ec112c4
3,original-final,fixed2,40,True,True,True,True,True,True,5,4.184741526842117,6.827695724078874,2f85c2107ef71d275093429fc8e8e94252e24e272a01432a8d7b9e3b1ec112c4
3,original-final,fixed2,41,True,True,True,True,True,True,5,3.754838602617383,5.670957938133962,2f85c2107ef71d275093429fc8e8e94252e24e272a01432a8d7b9e3b1ec112c4
3,original-final,fixed2,42,True,True,True,True,True,True,5,4.239816218614578,5.909822886900825,2f85c2107ef71d275093429fc8e8e94252e24e272a01432a8d7b9e3b1ec112c4
3,original-final,fixed2,43,True,True,True,True,True,True,5,3.5801504272967577,5.066612128200656,2f85c2107ef71d275093429fc8e8e94252e24e272a01432a8d7b9e3b1ec112c4
3,original-final,fixed2,44,False,True,True,True,True,True,3,4.015443380922079,5.873989153194,2f85c2107ef71d275093429fc8e8e94252e24e272a01432a8d7b9e3b1ec112c4
3,original-final,fixed2,45,False,True,True,True,True,True,0,4.137927200645208,7.094555483819502,2f85c2107ef71d275093429fc8e8e94252e24e272a01432a8d7b9e3b1ec112c4
3,original-final,fixed2,46,False,True,True,True,True,True,1,3.6343014799058437,5.57220194047204,2f85c2107ef71d275093429fc8e8e94252e24e272a01432a8d7b9e3b1ec112c4
3,original-final,fixed2,47,False,True,True,True,True,True,2,3.769361414015293,7.041515649819768,2f85c2107ef71d275093429fc8e8e94252e24e272a01432a8d7b9e3b1ec112c4
3,original-final,fixed2,48,False,True,True,True,True,True,1,3.802035003900528,6.247183432367503,2f85c2107ef71d275093429fc8e8e94252e24e272a01432a8d7b9e3b1ec112c4
3,original-final,fixed2,49,True,True,True,True,True,True,5,3.989518154412508,6.64727542337934,2f85c2107ef71d275093429fc8e8e94252e24e272a01432a8d7b9e3b1ec112c4
3,original-final,fixed2,50,True,True,True,True,True,True,5,3.773236880078912,6.80640004802042,2f85c2107ef71d275093429fc8e8e94252e24e272a01432a8d7b9e3b1ec112c4
3,original-final,fixed2,51,False,True,True,True,True,True,1,3.8723626639693975,6.216840316979722,2f85c2107ef71d275093429fc8e8e94252e24e272a01432a8d7b9e3b1ec112c4
3,original-final,fixed2,52,True,True,True,True,True,True,5,4.028742667287588,5.998177787117287,2f85c2107ef71d275093429fc8e8e94252e24e272a01432a8d7b9e3b1ec112c4
3,original-final,fixed2,53,False,True,True,True,True,True,0,3.7398510612547398,6.668430226786162,2f85c2107ef71d275093429fc8e8e94252e24e272a01432a8d7b9e3b1ec112c4
3,original-final,fixed2,54,False,True,True,True,True,True,2,4.337992984801531,5.329968854670716,2f85c2107ef71d275093429fc8e8e94252e24e272a01432a8d7b9e3b1ec112c4
3,original-final,fixed2,55,True,True,True,True,True,True,5,4.138937685638666,5.954146118859153,2f85c2107ef71d275093429fc8e8e94252e24e272a01432a8d7b9e3b1ec112c4
3,original-final,fixed2,56,False,True,True,True,True,True,0,3.7685451097786427,5.462252116534114,2f85c2107ef71d275093429fc8e8e94252e24e272a01432a8d7b9e3b1ec112c4
3,original-final,fixed2,57,False,True,True,True,True,True,4,3.4877234138548374,5.744684707582373,2f85c2107ef71d275093429fc8e8e94252e24e272a01432a8d7b9e3b1ec112c4
3,original-final,fixed2,58,True,True,True,True,True,True,5,3.5734071861952543,7.190207587390477,2f85c2107ef71d275093429fc8e8e94252e24e272a01432a8d7b9e3b1ec112c4
3,original-final,fixed2,59,False,True,True,True,True,True,0,3.216675715520978,6.085831739170176,2f85c2107ef71d275093429fc8e8e94252e24e272a01432a8d7b9e3b1ec112c4
3,original-final,fixed2,60,False,True,True,True,True,True,4,4.3369014747440815,6.062293626629843,2f85c2107ef71d275093429fc8e8e94252e24e272a01432a8d7b9e3b1ec112c4
3,original-final,fixed2,61,False,True,True,True,True,True,2,4.133233334869146,5.892291071961872,2f85c2107ef71d275093429fc8e8e94252e24e272a01432a8d7b9e3b1ec112c4
3,original-final,fixed2,62,False,True,True,True,True,True,3,3.676616819575429,5.706155183587508,2f85c2107ef71d275093429fc8e8e94252e24e272a01432a8d7b9e3b1ec112c4
3,original-final,fixed2,63,False,True,True,True,True,True,2,4.3681105598807335,6.227535966333138,2f85c2107ef71d275093429fc8e8e94252e24e272a01432a8d7b9e3b1ec112c4
3,original-final,fixed2,64,False,True,True,False,False,False,0,7.890237495303154,5.936823905350355,2f85c2107ef71d275093429fc8e8e94252e24e272a01432a8d7b9e3b1ec112c4
3,original-final,fixed2,65,True,True,True,True,True,True,5,3.690427402034402,6.571231512255003,2f85c2107ef71d275093429fc8e8e94252e24e272a01432a8d7b9e3b1ec112c4
3,original-final,fixed2,66,True,True,True,True,True,True,5,4.005999770015478,6.356765706750719,2f85c2107ef71d275093429fc8e8e94252e24e272a01432a8d7b9e3b1ec112c4
3,original-final,fixed2,67,False,True,True,True,True,True,2,4.540341440588236,7.417685330150459,2f85c2107ef71d275093429fc8e8e94252e24e272a01432a8d7b9e3b1ec112c4
3,original-final,fixed2,68,False,True,True,True,True,True,4,4.086186643689871,6.257247716109517,2f85c2107ef71d275093429fc8e8e94252e24e272a01432a8d7b9e3b1ec112c4
3,original-final,fixed2,69,True,True,True,True,True,True,5,4.346183501183987,6.838266295593114,2f85c2107ef71d275093429fc8e8e94252e24e272a01432a8d7b9e3b1ec112c4
3,original-final,fixed2,70,True,True,True,True,True,True,5,3.624462988227606,5.152541030601294,2f85c2107ef71d275093429fc8e8e94252e24e272a01432a8d7b9e3b1ec112c4
3,original-final,fixed2,71,False,True,True,True,True,True,3,4.741871263831854,5.196722963021168,2f85c2107ef71d275093429fc8e8e94252e24e272a01432a8d7b9e3b1ec112c4
3,original-final,fixed2,72,False,True,True,True,True,True,4,3.4891117829829454,6.2212850625821075,2f85c2107ef71d275093429fc8e8e94252e24e272a01432a8d7b9e3b1ec112c4
3,original-final,fixed2,73,True,True,True,True,True,True,5,4.529961384832859,6.376676988841775,2f85c2107ef71d275093429fc8e8e94252e24e272a01432a8d7b9e3b1ec112c4
3,original-final,fixed2,74,False,True,True,True,True,True,3,3.3710338175296783,6.9529771882693625,2f85c2107ef71d275093429fc8e8e94252e24e272a01432a8d7b9e3b1ec112c4
3,original-final,fixed2,75,True,True,True,True,True,True,5,3.219693433493376,5.591893802736011,2f85c2107ef71d275093429fc8e8e94252e24e272a01432a8d7b9e3b1ec112c4
3,original-final,fixed2,76,False,True,True,True,True,True,0,3.595746122300625,6.922161936055204,2f85c2107ef71d275093429fc8e8e94252e24e272a01432a8d7b9e3b1ec112c4
3,original-final,fixed2,77,False,True,True,True,True,True,4,4.197860602289438,6.1321856717461145,2f85c2107ef71d275093429fc8e8e94252e24e272a01432a8d7b9e3b1ec112c4
3,original-final,fixed2,78,True,True,True,True,True,True,5,3.9050430059432983,5.3143815092111,2f85c2107ef71d275093429fc8e8e94252e24e272a01432a8d7b9e3b1ec112c4
3,original-final,fixed2,79,True,True,True,True,True,True,5,3.140171291306615,6.257215272710959,2f85c2107ef71d275093429fc8e8e94252e24e272a01432a8d7b9e3b1ec112c4
3,original-final,fixed2,80,False,True,True,True,True,True,3,4.15752874687314,6.769437625553249,2f85c2107ef71d275093429fc8e8e94252e24e272a01432a8d7b9e3b1ec112c4
3,original-final,fixed2,81,True,True,True,True,True,True,5,3.786287270486355,6.3504260105404775,2f85c2107ef71d275093429fc8e8e94252e24e272a01432a8d7b9e3b1ec112c4
3,original-final,fixed2,82,True,True,True,True,True,True,5,3.8750029634684324,6.061498763365183,2f85c2107ef71d275093429fc8e8e94252e24e272a01432a8d7b9e3b1ec112c4
3,original-final,fixed2,83,True,True,True,True,True,True,5,4.219073802232742,5.837812629368204,2f85c2107ef71d275093429fc8e8e94252e24e272a01432a8d7b9e3b1ec112c4
3,original-final,fixed2,84,True,True,True,True,True,True,5,4.314103163778782,6.538848304739504,2f85c2107ef71d275093429fc8e8e94252e24e272a01432a8d7b9e3b1ec112c4
3,original-final,fixed2,85,True,True,True,True,True,True,5,4.4366284273564816,5.8771989152170825,2f85c2107ef71d275093429fc8e8e94252e24e272a01432a8d7b9e3b1ec112c4
3,original-final,fixed2,86,True,True,True,True,True,True,5,3.998339641839266,6.053233380695821,2f85c2107ef71d275093429fc8e8e94252e24e272a01432a8d7b9e3b1ec112c4
3,original-final,fixed2,87,False,True,True,True,True,True,0,3.9177043363451958,6.669508969788201,2f85c2107ef71d275093429fc8e8e94252e24e272a01432a8d7b9e3b1ec112c4
3,original-final,fixed2,88,True,True,True,True,True,True,5,4.542275797575712,6.2597462846852725,2f85c2107ef71d275093429fc8e8e94252e24e272a01432a8d7b9e3b1ec112c4
3,original-final,fixed2,89,False,True,True,True,True,True,4,4.0381597355008125,5.706683669474537,2f85c2107ef71d275093429fc8e8e94252e24e272a01432a8d7b9e3b1ec112c4
3,original-final,fixed2,90,False,True,True,True,True,True,2,3.5928438883274794,5.963313940272603,2f85c2107ef71d275093429fc8e8e94252e24e272a01432a8d7b9e3b1ec112c4
3,original-final,fixed2,91,True,True,True,True,True,True,5,3.383486531674862,6.0488197978315235,2f85c2107ef71d275093429fc8e8e94252e24e272a01432a8d7b9e3b1ec112c4
3,original-final,fixed2,92,False,True,True,True,True,True,1,5.060254596173763,8.594183707137862,2f85c2107ef71d275093429fc8e8e94252e24e272a01432a8d7b9e3b1ec112c4
3,original-final,fixed2,93,True,True,True,True,True,True,5,3.530488582327962,6.056085838447948,2f85c2107ef71d275093429fc8e8e94252e24e272a01432a8d7b9e3b1ec112c4
3,original-final,fixed2,94,True,True,True,True,True,True,5,3.421349683776498,5.94152392927297,2f85c2107ef71d275093429fc8e8e94252e24e272a01432a8d7b9e3b1ec112c4
3,original-final,fixed2,95,False,True,True,True,True,True,3,3.5422779619693756,5.453338292780424,2f85c2107ef71d275093429fc8e8e94252e24e272a01432a8d7b9e3b1ec112c4
3,original-final,fixed2,96,False,True,True,True,True,True,4,3.9322893135249615,6.033220926427684,2f85c2107ef71d275093429fc8e8e94252e24e272a01432a8d7b9e3b1ec112c4
3,original-final,fixed2,97,False,True,True,True,True,True,3,3.439657622948289,5.928995654787874,2f85c2107ef71d275093429fc8e8e94252e24e272a01432a8d7b9e3b1ec112c4
3,original-final,fixed2,98,True,True,True,True,True,True,5,4.580105654895306,7.336385588459797,2f85c2107ef71d275093429fc8e8e94252e24e272a01432a8d7b9e3b1ec112c4
3,original-final,fixed2,99,False,True,True,True,True,True,4,4.018112551420927,5.87414496688444,2f85c2107ef71d275093429fc8e8e94252e24e272a01432a8d7b9e3b1ec112c4
3,original-final,fixed2,100,False,True,True,True,True,True,4,3.7297080270946026,6.010270637042795,2f85c2107ef71d275093429fc8e8e94252e24e272a01432a8d7b9e3b1ec112c4
3,original-final,fixed2,101,False,True,True,True,True,True,0,3.876609494909644,7.14392067604577,2f85c2107ef71d275093429fc8e8e94252e24e272a01432a8d7b9e3b1ec112c4
3,original-final,fixed2,102,True,True,True,True,True,True,5,3.9198333397507668,5.805786299236837,2f85c2107ef71d275093429fc8e8e94252e24e272a01432a8d7b9e3b1ec112c4
3,original-final,fixed2,103,False,True,True,True,True,True,1,2.96912738122046,5.724227010357715,2f85c2107ef71d275093429fc8e8e94252e24e272a01432a8d7b9e3b1ec112c4
3,original-final,fixed2,104,False,True,True,True,True,True,4,3.942057490348816,5.591043017297521,2f85c2107ef71d275093429fc8e8e94252e24e272a01432a8d7b9e3b1ec112c4
3,original-final,fixed2,105,False,True,True,True,True,True,0,4.090925678610802,5.7725032142981885,2f85c2107ef71d275093429fc8e8e94252e24e272a01432a8d7b9e3b1ec112c4
3,original-final,fixed2,106,True,True,True,True,True,True,5,2.72742030210793,5.138979690004234,2f85c2107ef71d275093429fc8e8e94252e24e272a01432a8d7b9e3b1ec112c4
3,original-final,fixed2,107,True,True,True,True,True,True,5,4.217508714646101,6.762204455222206,2f85c2107ef71d275093429fc8e8e94252e24e272a01432a8d7b9e3b1ec112c4
3,original-final,fixed2,108,True,True,True,False,False,True,5,2.847620751708746,5.497813923334609,2f85c2107ef71d275093429fc8e8e94252e24e272a01432a8d7b9e3b1ec112c4
3,original-final,fixed2,109,True,True,True,True,True,True,5,3.685689764097333,6.173718344541669,2f85c2107ef71d275093429fc8e8e94252e24e272a01432a8d7b9e3b1ec112c4
3,original-final,fixed2,110,False,True,True,True,True,True,4,4.1981833055615425,5.871853011531078,2f85c2107ef71d275093429fc8e8e94252e24e272a01432a8d7b9e3b1ec112c4
3,original-final,fixed2,111,False,True,True,True,True,True,0,3.8894228637218475,5.905174943170632,2f85c2107ef71d275093429fc8e8e94252e24e272a01432a8d7b9e3b1ec112c4
3,original-final,fixed2,112,False,True,True,True,True,True,4,3.614025190472603,6.327022794236251,2f85c2107ef71d275093429fc8e8e94252e24e272a01432a8d7b9e3b1ec112c4
3,original-final,fixed2,113,False,True,True,True,True,True,4,4.387049935758114,5.416374162765962,2f85c2107ef71d275093429fc8e8e94252e24e272a01432a8d7b9e3b1ec112c4
3,original-final,fixed2,114,False,True,True,True,True,True,1,3.577502677217126,6.320073076755763,2f85c2107ef71d275093429fc8e8e94252e24e272a01432a8d7b9e3b1ec112c4
3,original-final,fixed2,115,False,True,True,True,True,True,1,3.5714602563530207,5.992353343302558,2f85c2107ef71d275093429fc8e8e94252e24e272a01432a8d7b9e3b1ec112c4
3,original-final,fixed2,116,True,True,True,True,True,True,5,4.256453365087509,6.667403563976545,2f85c2107ef71d275093429fc8e8e94252e24e272a01432a8d7b9e3b1ec112c4
3,original-final,fixed2,117,False,True,True,True,True,True,0,4.460202530026436,6.8683912718142786,2f85c2107ef71d275093429fc8e8e94252e24e272a01432a8d7b9e3b1ec112c4
3,original-final,fixed2,118,False,True,True,True,True,True,0,3.2242913730442524,5.733670173772081,2f85c2107ef71d275093429fc8e8e94252e24e272a01432a8d7b9e3b1ec112c4
3,original-final,fixed2,119,False,True,True,True,True,True,4,4.214084707200527,5.749899130126854,2f85c2107ef71d275093429fc8e8e94252e24e272a01432a8d7b9e3b1ec112c4
3,original-final,fixed2,120,False,True,True,True,True,True,2,4.334859549999237,6.070155601251351,2f85c2107ef71d275093429fc8e8e94252e24e272a01432a8d7b9e3b1ec112c4
3,original-final,fixed2,121,True,True,True,True,True,True,5,4.37026796862483,5.864571176102198,2f85c2107ef71d275093429fc8e8e94252e24e272a01432a8d7b9e3b1ec112c4
3,original-final,fixed2,122,True,True,True,True,True,True,5,4.579027649015188,6.295827612749511,2f85c2107ef71d275093429fc8e8e94252e24e272a01432a8d7b9e3b1ec112c4
3,original-final,fixed2,123,True,True,True,True,True,True,5,4.0812501683831215,7.202940767550673,2f85c2107ef71d275093429fc8e8e94252e24e272a01432a8d7b9e3b1ec112c4
3,original-final,fixed2,124,True,True,True,True,True,True,5,3.534953575581312,5.693182093032714,2f85c2107ef71d275093429fc8e8e94252e24e272a01432a8d7b9e3b1ec112c4
3,original-final,fixed2,125,False,True,True,True,True,True,0,3.8204966112971306,5.175869541711473,2f85c2107ef71d275093429fc8e8e94252e24e272a01432a8d7b9e3b1ec112c4
3,original-final,fixed2,126,True,True,True,True,True,True,5,3.8256067782640457,6.352235156896884,2f85c2107ef71d275093429fc8e8e94252e24e272a01432a8d7b9e3b1ec112c4
3,original-final,fixed2,127,True,True,True,True,True,True,5,4.469087813049555,5.648772629936115,2f85c2107ef71d275093429fc8e8e94252e24e272a01432a8d7b9e3b1ec112c4
3,original-final,fixed5,0,False,True,True,True,True,True,1,4.720073658972979,12.840568663195443,2f85c2107ef71d275093429fc8e8e94252e24e272a01432a8d7b9e3b1ec112c4
3,original-final,fixed5,1,True,True,True,True,True,True,2,3.8643975276499987,5.151548091850703,2f85c2107ef71d275093429fc8e8e94252e24e272a01432a8d7b9e3b1ec112c4
3,original-final,fixed5,2,False,True,True,True,True,True,0,3.2933957409113646,7.02253540788995,2f85c2107ef71d275093429fc8e8e94252e24e272a01432a8d7b9e3b1ec112c4
3,original-final,fixed5,3,False,True,True,True,True,True,1,3.3709704875946045,5.973213018814067,2f85c2107ef71d275093429fc8e8e94252e24e272a01432a8d7b9e3b1ec112c4
3,original-final,fixed5,4,False,True,True,True,True,True,0,4.239176865667105,7.724739045609321,2f85c2107ef71d275093429fc8e8e94252e24e272a01432a8d7b9e3b1ec112c4
3,original-final,fixed5,5,False,True,True,True,True,True,1,3.5519341472536325,5.874401098978316,2f85c2107ef71d275093429fc8e8e94252e24e272a01432a8d7b9e3b1ec112c4
3,original-final,fixed5,6,False,True,True,True,True,True,1,3.3216869924217463,6.065108945228357,2f85c2107ef71d275093429fc8e8e94252e24e272a01432a8d7b9e3b1ec112c4
3,original-final,fixed5,7,True,True,True,True,True,True,2,4.286488052457571,7.914793328133157,2f85c2107ef71d275093429fc8e8e94252e24e272a01432a8d7b9e3b1ec112c4
3,original-final,fixed5,8,False,True,True,True,True,True,0,2.6764273643493652,5.529033437370267,2f85c2107ef71d275093429fc8e8e94252e24e272a01432a8d7b9e3b1ec112c4
3,original-final,fixed5,9,False,True,True,True,True,True,0,3.5222170408815145,5.723131191882751,2f85c2107ef71d275093429fc8e8e94252e24e272a01432a8d7b9e3b1ec112c4
3,original-final,fixed5,10,True,True,True,True,True,True,2,3.779607592150569,5.208908874274117,2f85c2107ef71d275093429fc8e8e94252e24e272a01432a8d7b9e3b1ec112c4
3,original-final,fixed5,11,False,True,True,True,True,True,0,3.766184439882636,5.283492832463364,2f85c2107ef71d275093429fc8e8e94252e24e272a01432a8d7b9e3b1ec112c4
3,original-final,fixed5,12,True,True,True,True,True,True,2,3.3377765212208033,5.761913859763729,2f85c2107ef71d275093429fc8e8e94252e24e272a01432a8d7b9e3b1ec112c4
3,original-final,fixed5,13,True,True,True,True,True,True,2,2.7080175932496786,5.839254653056723,2f85c2107ef71d275093429fc8e8e94252e24e272a01432a8d7b9e3b1ec112c4
3,original-final,fixed5,14,False,True,True,True,True,True,1,3.77627182751894,6.016755474772899,2f85c2107ef71d275093429fc8e8e94252e24e272a01432a8d7b9e3b1ec112c4
3,original-final,fixed5,15,False,True,True,True,True,True,0,3.106282791122794,5.270018149891397,2f85c2107ef71d275093429fc8e8e94252e24e272a01432a8d7b9e3b1ec112c4
3,original-final,fixed5,16,True,True,True,True,True,True,2,3.48409335128963,7.447323228506437,2f85c2107ef71d275093429fc8e8e94252e24e272a01432a8d7b9e3b1ec112c4
3,original-final,fixed5,17,True,True,True,True,True,True,2,3.627882804721594,6.134509216724388,2f85c2107ef71d275093429fc8e8e94252e24e272a01432a8d7b9e3b1ec112c4
3,original-final,fixed5,18,True,True,True,True,True,True,2,3.3627666998654604,5.80493167181694,2f85c2107ef71d275093429fc8e8e94252e24e272a01432a8d7b9e3b1ec112c4
3,original-final,fixed5,19,True,True,True,True,True,True,2,3.975020255893469,5.1208702971935915,2f85c2107ef71d275093429fc8e8e94252e24e272a01432a8d7b9e3b1ec112c4
3,original-final,fixed5,20,True,True,True,True,True,True,2,3.892839653417468,6.27100755907933,2f85c2107ef71d275093429fc8e8e94252e24e272a01432a8d7b9e3b1ec112c4
3,original-final,fixed5,21,False,True,True,False,False,True,1,5.1382724195718765,9.067783047771023,2f85c2107ef71d275093429fc8e8e94252e24e272a01432a8d7b9e3b1ec112c4
3,original-final,fixed5,22,False,True,True,True,True,True,0,3.5348774399608374,8.167051850975591,2f85c2107ef71d275093429fc8e8e94252e24e272a01432a8d7b9e3b1ec112c4
3,original-final,fixed5,23,False,True,True,True,True,True,0,6.133268587291241,8.778487824154194,2f85c2107ef71d275093429fc8e8e94252e24e272a01432a8d7b9e3b1ec112c4
3,original-final,fixed5,24,True,True,True,True,True,True,2,4.402204416692257,8.154079614194446,2f85c2107ef71d275093429fc8e8e94252e24e272a01432a8d7b9e3b1ec112c4
3,original-final,fixed5,25,True,True,True,True,True,True,2,3.2592955976724625,4.963517252868484,2f85c2107ef71d275093429fc8e8e94252e24e272a01432a8d7b9e3b1ec112c4
3,original-final,fixed5,26,False,True,True,True,True,True,1,3.1230077147483826,6.591571815603301,2f85c2107ef71d275093429fc8e8e94252e24e272a01432a8d7b9e3b1ec112c4
3,original-final,fixed5,27,False,True,True,True,True,True,0,3.5507678985595703,7.255072186390795,2f85c2107ef71d275093429fc8e8e94252e24e272a01432a8d7b9e3b1ec112c4
3,original-final,fixed5,28,False,True,True,True,True,True,1,3.02962027490139,5.529975576588906,2f85c2107ef71d275093429fc8e8e94252e24e272a01432a8d7b9e3b1ec112c4
3,original-final,fixed5,29,False,True,True,True,True,True,0,4.6517737209796906,7.51998107334974,2f85c2107ef71d275093429fc8e8e94252e24e272a01432a8d7b9e3b1ec112c4
3,original-final,fixed5,30,False,True,True,True,True,True,1,3.538447665050626,6.108623226656863,2f85c2107ef71d275093429fc8e8e94252e24e272a01432a8d7b9e3b1ec112c4
3,original-final,fixed5,31,True,True,True,True,True,True,2,4.924792796373367,7.029994401350426,2f85c2107ef71d275093429fc8e8e94252e24e272a01432a8d7b9e3b1ec112c4
3,original-final,fixed5,32,True,True,True,True,True,True,2,3.5075261257588863,5.440605539507051,2f85c2107ef71d275093429fc8e8e94252e24e272a01432a8d7b9e3b1ec112c4
3,original-final,fixed5,33,False,True,True,True,True,True,0,4.066856577992439,7.276070749220353,2f85c2107ef71d275093429fc8e8e94252e24e272a01432a8d7b9e3b1ec112c4
3,original-final,fixed5,34,False,True,True,True,True,True,1,3.1841020099818707,4.868514871042307,2f85c2107ef71d275093429fc8e8e94252e24e272a01432a8d7b9e3b1ec112c4
3,original-final,fixed5,35,True,True,True,True,True,True,2,3.9588594809174538,6.464691233373382,2f85c2107ef71d275093429fc8e8e94252e24e272a01432a8d7b9e3b1ec112c4
3,original-final,fixed5,36,True,True,True,True,True,True,2,3.571030916646123,7.1316818308267536,2f85c2107ef71d275093429fc8e8e94252e24e272a01432a8d7b9e3b1ec112c4
3,original-final,fixed5,37,True,True,True,True,True,True,2,4.061233252286911,6.817797499311055,2f85c2107ef71d275093429fc8e8e94252e24e272a01432a8d7b9e3b1ec112c4
3,original-final,fixed5,38,False,True,True,True,True,True,0,4.047231748700142,5.673230256693461,2f85c2107ef71d275093429fc8e8e94252e24e272a01432a8d7b9e3b1ec112c4
3,original-final,fixed5,39,True,True,True,True,True,True,2,3.4064766950905323,5.133031875897622,2f85c2107ef71d275093429fc8e8e94252e24e272a01432a8d7b9e3b1ec112c4
3,original-final,fixed5,40,True,True,True,True,True,True,2,4.135516006499529,7.232314849849959,2f85c2107ef71d275093429fc8e8e94252e24e272a01432a8d7b9e3b1ec112c4
3,original-final,fixed5,41,True,True,True,True,True,True,2,3.410768462345004,6.048039021832026,2f85c2107ef71d275093429fc8e8e94252e24e272a01432a8d7b9e3b1ec112c4
3,original-final,fixed5,42,True,True,True,True,True,True,2,3.9163436740636826,6.095720572427886,2f85c2107ef71d275093429fc8e8e94252e24e272a01432a8d7b9e3b1ec112c4
3,original-final,fixed5,43,False,True,True,True,True,True,1,2.8620311059057713,4.841683326661558,2f85c2107ef71d275093429fc8e8e94252e24e272a01432a8d7b9e3b1ec112c4
3,original-final,fixed5,44,True,True,True,True,True,True,2,3.221724648028612,5.68872923658069,2f85c2107ef71d275093429fc8e8e94252e24e272a01432a8d7b9e3b1ec112c4
3,original-final,fixed5,45,False,True,True,True,True,True,0,3.71941807679832,7.254958634495844,2f85c2107ef71d275093429fc8e8e94252e24e272a01432a8d7b9e3b1ec112c4
3,original-final,fixed5,46,False,True,True,True,True,True,1,3.4764977172017097,5.300884201637508,2f85c2107ef71d275093429fc8e8e94252e24e272a01432a8d7b9e3b1ec112c4
3,original-final,fixed5,47,True,True,True,True,True,True,2,3.9081834256649017,6.611054076437116,2f85c2107ef71d275093429fc8e8e94252e24e272a01432a8d7b9e3b1ec112c4
3,original-final,fixed5,48,True,True,True,True,True,True,2,3.7687744479626417,6.247183432367503,2f85c2107ef71d275093429fc8e8e94252e24e272a01432a8d7b9e3b1ec112c4
3,original-final,fixed5,49,True,True,True,True,True,True,2,4.139329306781292,7.874392759192531,2f85c2107ef71d275093429fc8e8e94252e24e272a01432a8d7b9e3b1ec112c4
3,original-final,fixed5,50,False,True,True,True,True,True,1,3.4886098001152277,7.684913920106269,2f85c2107ef71d275093429fc8e8e94252e24e272a01432a8d7b9e3b1ec112c4
3,original-final,fixed5,51,False,True,True,True,True,True,0,4.318724386394024,7.460328762459787,2f85c2107ef71d275093429fc8e8e94252e24e272a01432a8d7b9e3b1ec112c4
3,original-final,fixed5,52,True,True,True,True,True,True,2,4.1729784570634365,7.107125166326441,2f85c2107ef71d275093429fc8e8e94252e24e272a01432a8d7b9e3b1ec112c4
3,original-final,fixed5,53,False,True,True,True,True,True,0,3.26894992031157,6.416853442200259,2f85c2107ef71d275093429fc8e8e94252e24e272a01432a8d7b9e3b1ec112c4
3,original-final,fixed5,54,False,True,True,True,True,True,0,4.35494864359498,5.595350732229683,2f85c2107ef71d275093429fc8e8e94252e24e272a01432a8d7b9e3b1ec112c4
3,original-final,fixed5,55,True,True,True,True,True,True,2,3.9308075793087482,7.216946924217431,2f85c2107ef71d275093429fc8e8e94252e24e272a01432a8d7b9e3b1ec112c4
3,original-final,fixed5,56,False,True,True,True,True,True,0,3.8895823527127504,6.203197014112621,2f85c2107ef71d275093429fc8e8e94252e24e272a01432a8d7b9e3b1ec112c4
3,original-final,fixed5,57,False,True,True,True,True,True,1,4.0963562205433846,6.612977628462121,2f85c2107ef71d275093429fc8e8e94252e24e272a01432a8d7b9e3b1ec112c4
3,original-final,fixed5,58,True,True,True,True,True,True,2,3.5530496388673782,7.190207587390477,2f85c2107ef71d275093429fc8e8e94252e24e272a01432a8d7b9e3b1ec112c4
3,original-final,fixed5,59,False,True,True,True,True,True,0,4.093243274837732,6.874462029325951,2f85c2107ef71d275093429fc8e8e94252e24e272a01432a8d7b9e3b1ec112c4
3,original-final,fixed5,60,False,True,True,True,True,True,1,3.7434627301990986,5.776275613154151,2f85c2107ef71d275093429fc8e8e94252e24e272a01432a8d7b9e3b1ec112c4
3,original-final,fixed5,61,True,True,True,True,True,True,2,3.959665074944496,6.8778258974921815,2f85c2107ef71d275093429fc8e8e94252e24e272a01432a8d7b9e3b1ec112c4
3,original-final,fixed5,62,False,True,True,True,True,True,0,3.4738436806946993,5.622596783715688,2f85c2107ef71d275093429fc8e8e94252e24e272a01432a8d7b9e3b1ec112c4
3,original-final,fixed5,63,True,True,True,True,True,True,2,3.9639389142394066,6.121117777082931,2f85c2107ef71d275093429fc8e8e94252e24e272a01432a8d7b9e3b1ec112c4
3,original-final,fixed5,64,False,True,True,False,False,False,0,8.007620461285114,5.936823905350355,2f85c2107ef71d275093429fc8e8e94252e24e272a01432a8d7b9e3b1ec112c4
3,original-final,fixed5,65,True,True,True,True,True,True,2,3.4227825235575438,5.823803057606861,2f85c2107ef71d275093429fc8e8e94252e24e272a01432a8d7b9e3b1ec112c4
3,original-final,fixed5,66,True,True,True,True,True,True,2,4.225860349833965,6.47572967284577,2f85c2107ef71d275093429fc8e8e94252e24e272a01432a8d7b9e3b1ec112c4
3,original-final,fixed5,67,False,True,True,True,True,True,0,3.053253283724189,6.654324605489617,2f85c2107ef71d275093429fc8e8e94252e24e272a01432a8d7b9e3b1ec112c4
3,original-final,fixed5,68,True,True,True,True,True,True,2,3.565301187336445,5.656127889898572,2f85c2107ef71d275093429fc8e8e94252e24e272a01432a8d7b9e3b1ec112c4
3,original-final,fixed5,69,False,True,True,True,True,True,1,3.984212875366211,6.261527683398176,2f85c2107ef71d275093429fc8e8e94252e24e272a01432a8d7b9e3b1ec112c4
3,original-final,fixed5,70,True,True,True,True,True,True,2,3.974391147494316,5.152541030601294,2f85c2107ef71d275093429fc8e8e94252e24e272a01432a8d7b9e3b1ec112c4
3,original-final,fixed5,71,True,True,True,True,True,True,2,4.790049511939287,5.305613253864096,2f85c2107ef71d275093429fc8e8e94252e24e272a01432a8d7b9e3b1ec112c4
3,original-final,fixed5,72,False,True,True,True,True,True,1,3.493586089462042,6.2874546546007215,2f85c2107ef71d275093429fc8e8e94252e24e272a01432a8d7b9e3b1ec112c4
3,original-final,fixed5,73,True,True,True,True,True,True,2,4.02354821562767,7.424505274036717,2f85c2107ef71d275093429fc8e8e94252e24e272a01432a8d7b9e3b1ec112c4
3,original-final,fixed5,74,True,True,True,True,True,True,2,3.2345729414373636,5.899166511135136,2f85c2107ef71d275093429fc8e8e94252e24e272a01432a8d7b9e3b1ec112c4
3,original-final,fixed5,75,True,True,True,True,True,True,2,2.7241255156695843,5.037293114301553,2f85c2107ef71d275093429fc8e8e94252e24e272a01432a8d7b9e3b1ec112c4
3,original-final,fixed5,76,False,True,True,True,True,True,0,3.7497906014323235,7.023251723979154,2f85c2107ef71d275093429fc8e8e94252e24e272a01432a8d7b9e3b1ec112c4
3,original-final,fixed5,77,True,True,True,True,True,True,2,4.908734932541847,6.576585526790647,2f85c2107ef71d275093429fc8e8e94252e24e272a01432a8d7b9e3b1ec112c4
3,original-final,fixed5,78,False,True,True,True,True,True,1,3.681964473798871,5.218086940971322,2f85c2107ef71d275093429fc8e8e94252e24e272a01432a8d7b9e3b1ec112c4
3,original-final,fixed5,79,True,True,True,True,True,True,2,3.0654105357825756,6.375808274156714,2f85c2107ef71d275093429fc8e8e94252e24e272a01432a8d7b9e3b1ec112c4
3,original-final,fixed5,80,False,True,True,True,True,True,0,3.6047815810889006,5.913122295156764,2f85c2107ef71d275093429fc8e8e94252e24e272a01432a8d7b9e3b1ec112c4
3,original-final,fixed5,81,True,True,True,True,True,True,2,3.404421964660287,7.768828770475399,2f85c2107ef71d275093429fc8e8e94252e24e272a01432a8d7b9e3b1ec112c4
3,original-final,fixed5,82,True,True,True,True,True,True,2,4.028118681162596,6.038895959854318,2f85c2107ef71d275093429fc8e8e94252e24e272a01432a8d7b9e3b1ec112c4
3,original-final,fixed5,83,False,True,True,True,True,True,1,3.958944696933031,6.002020195412243,2f85c2107ef71d275093429fc8e8e94252e24e272a01432a8d7b9e3b1ec112c4
3,original-final,fixed5,84,True,True,True,True,True,True,2,4.6656085178256035,5.949735951089441,2f85c2107ef71d275093429fc8e8e94252e24e272a01432a8d7b9e3b1ec112c4
3,original-final,fixed5,85,True,True,True,True,True,True,2,3.65517009049654,5.8900533312350465,2f85c2107ef71d275093429fc8e8e94252e24e272a01432a8d7b9e3b1ec112c4
3,original-final,fixed5,86,True,True,True,True,True,True,2,3.5378325264900923,6.053233380695821,2f85c2107ef71d275093429fc8e8e94252e24e272a01432a8d7b9e3b1ec112c4
3,original-final,fixed5,87,True,True,True,True,True,True,2,4.457383416593075,6.999607316619863,2f85c2107ef71d275093429fc8e8e94252e24e272a01432a8d7b9e3b1ec112c4
3,original-final,fixed5,88,True,True,True,True,True,True,2,4.0080128237605095,6.388582008565107,2f85c2107ef71d275093429fc8e8e94252e24e272a01432a8d7b9e3b1ec112c4
3,original-final,fixed5,89,False,True,True,True,True,True,1,4.1937981732189655,6.244281455743894,2f85c2107ef71d275093429fc8e8e94252e24e272a01432a8d7b9e3b1ec112c4
3,original-final,fixed5,90,False,True,True,True,True,True,1,3.810749389231205,6.089931133332653,2f85c2107ef71d275093429fc8e8e94252e24e272a01432a8d7b9e3b1ec112c4
3,original-final,fixed5,91,False,True,True,True,True,True,1,3.359853522852063,5.704101431081449,2f85c2107ef71d275093429fc8e8e94252e24e272a01432a8d7b9e3b1ec112c4
3,original-final,fixed5,92,True,True,True,True,True,True,2,3.569863736629486,6.46160313409489,2f85c2107ef71d275093429fc8e8e94252e24e272a01432a8d7b9e3b1ec112c4
3,original-final,fixed5,93,True,True,True,True,True,True,2,3.769378876313567,6.09782299003178,2f85c2107ef71d275093429fc8e8e94252e24e272a01432a8d7b9e3b1ec112c4
3,original-final,fixed5,94,True,True,True,True,True,True,2,3.4420660231262445,6.592203181214704,2f85c2107ef71d275093429fc8e8e94252e24e272a01432a8d7b9e3b1ec112c4
3,original-final,fixed5,95,True,True,True,True,True,True,2,3.1586382538080215,7.01300302512955,2f85c2107ef71d275093429fc8e8e94252e24e272a01432a8d7b9e3b1ec112c4
3,original-final,fixed5,96,False,True,True,True,True,True,1,3.9150738157331944,5.777714221748085,2f85c2107ef71d275093429fc8e8e94252e24e272a01432a8d7b9e3b1ec112c4
3,original-final,fixed5,97,True,True,True,True,True,True,2,3.3698033075779676,5.838618164803442,2f85c2107ef71d275093429fc8e8e94252e24e272a01432a8d7b9e3b1ec112c4
3,original-final,fixed5,98,True,True,True,True,True,True,2,4.619785584509373,7.487873207835157,2f85c2107ef71d275093429fc8e8e94252e24e272a01432a8d7b9e3b1ec112c4
3,original-final,fixed5,99,True,True,True,True,True,True,2,3.2385638915002346,5.674971101158168,2f85c2107ef71d275093429fc8e8e94252e24e272a01432a8d7b9e3b1ec112c4
3,original-final,fixed5,100,False,True,True,True,True,True,0,3.473494201898575,5.7884457295946445,2f85c2107ef71d275093429fc8e8e94252e24e272a01432a8d7b9e3b1ec112c4
3,original-final,fixed5,101,False,True,True,True,True,True,0,4.097138997167349,7.545652339345233,2f85c2107ef71d275093429fc8e8e94252e24e272a01432a8d7b9e3b1ec112c4
3,original-final,fixed5,102,False,True,True,True,True,True,1,3.5751410759985447,6.687328506445941,2f85c2107ef71d275093429fc8e8e94252e24e272a01432a8d7b9e3b1ec112c4
3,original-final,fixed5,103,False,True,True,True,True,True,1,2.7440255507826805,5.724227010357715,2f85c2107ef71d275093429fc8e8e94252e24e272a01432a8d7b9e3b1ec112c4
3,original-final,fixed5,104,True,True,True,True,True,True,2,4.3007549829781055,4.9135885700356905,2f85c2107ef71d275093429fc8e8e94252e24e272a01432a8d7b9e3b1ec112c4
3,original-final,fixed5,105,False,True,True,True,True,True,1,4.2948671616613865,7.519895695985115,2f85c2107ef71d275093429fc8e8e94252e24e272a01432a8d7b9e3b1ec112c4
3,original-final,fixed5,106,False,True,True,True,True,True,0,2.811601385474205,5.573415579710187,2f85c2107ef71d275093429fc8e8e94252e24e272a01432a8d7b9e3b1ec112c4
3,original-final,fixed5,107,True,True,True,True,True,True,2,3.8876025937497616,5.972017308822492,2f85c2107ef71d275093429fc8e8e94252e24e272a01432a8d7b9e3b1ec112c4
3,original-final,fixed5,108,True,True,True,False,False,True,2,3.358800197020173,6.44766485243301,2f85c2107ef71d275093429fc8e8e94252e24e272a01432a8d7b9e3b1ec112c4
3,original-final,fixed5,109,True,True,True,True,True,True,2,4.114506300538778,6.495504778040249,2f85c2107ef71d275093429fc8e8e94252e24e272a01432a8d7b9e3b1ec112c4
3,original-final,fixed5,110,True,True,True,True,True,True,2,4.236631561070681,6.523660952233157,2f85c2107ef71d275093429fc8e8e94252e24e272a01432a8d7b9e3b1ec112c4
3,original-final,fixed5,111,False,True,True,True,True,True,0,3.456928301602602,6.536672889488854,2f85c2107ef71d275093429fc8e8e94252e24e272a01432a8d7b9e3b1ec112c4
3,original-final,fixed5,112,False,True,True,True,True,True,0,3.3759840298444033,6.327022794236251,2f85c2107ef71d275093429fc8e8e94252e24e272a01432a8d7b9e3b1ec112c4
3,original-final,fixed5,113,False,True,True,True,True,True,0,4.144389182329178,6.710002600056268,2f85c2107ef71d275093429fc8e8e94252e24e272a01432a8d7b9e3b1ec112c4
3,original-final,fixed5,114,False,True,True,True,True,True,1,3.850669367238879,5.949136175102949,2f85c2107ef71d275093429fc8e8e94252e24e272a01432a8d7b9e3b1ec112c4
3,original-final,fixed5,115,False,True,True,True,True,True,1,4.092101473361254,5.848231656060236,2f85c2107ef71d275093429fc8e8e94252e24e272a01432a8d7b9e3b1ec112c4
3,original-final,fixed5,116,True,True,True,True,True,True,2,4.055372439324856,6.647206267713994,2f85c2107ef71d275093429fc8e8e94252e24e272a01432a8d7b9e3b1ec112c4
3,original-final,fixed5,117,False,True,True,True,True,True,0,4.2879777029156685,6.8683912718142786,2f85c2107ef71d275093429fc8e8e94252e24e272a01432a8d7b9e3b1ec112c4
3,original-final,fixed5,118,False,True,True,True,True,True,0,3.2828648108989,5.648590776149463,2f85c2107ef71d275093429fc8e8e94252e24e272a01432a8d7b9e3b1ec112c4
3,original-final,fixed5,119,False,True,True,True,True,True,1,4.291543737053871,6.227859973431891,2f85c2107ef71d275093429fc8e8e94252e24e272a01432a8d7b9e3b1ec112c4
3,original-final,fixed5,120,True,True,True,True,True,True,2,3.9654187858104706,6.737112047758871,2f85c2107ef71d275093429fc8e8e94252e24e272a01432a8d7b9e3b1ec112c4
3,original-final,fixed5,121,False,True,True,True,True,True,1,3.5893647000193596,6.937350142335196,2f85c2107ef71d275093429fc8e8e94252e24e272a01432a8d7b9e3b1ec112c4
3,original-final,fixed5,122,True,True,True,True,True,True,2,3.798640798777342,7.529404173083419,2f85c2107ef71d275093429fc8e8e94252e24e272a01432a8d7b9e3b1ec112c4
3,original-final,fixed5,123,True,True,True,True,True,True,2,4.328306298702955,6.487068213754814,2f85c2107ef71d275093429fc8e8e94252e24e272a01432a8d7b9e3b1ec112c4
3,original-final,fixed5,124,True,True,True,True,True,True,2,3.630639985203743,6.3649047309204345,2f85c2107ef71d275093429fc8e8e94252e24e272a01432a8d7b9e3b1ec112c4
3,original-final,fixed5,125,False,True,True,True,True,True,1,3.849028842523694,5.430214687345346,2f85c2107ef71d275093429fc8e8e94252e24e272a01432a8d7b9e3b1ec112c4
3,original-final,fixed5,126,True,True,True,True,True,True,2,3.8726103957742453,6.430944549344819,2f85c2107ef71d275093429fc8e8e94252e24e272a01432a8d7b9e3b1ec112c4
3,original-final,fixed5,127,False,True,True,True,True,True,1,3.889043815433979,5.439976735216587,2f85c2107ef71d275093429fc8e8e94252e24e272a01432a8d7b9e3b1ec112c4
3,original-final,arrival,0,True,True,True,True,True,True,16,4.720073658972979,12.840568663195443,2f85c2107ef71d275093429fc8e8e94252e24e272a01432a8d7b9e3b1ec112c4
3,original-final,arrival,1,True,True,True,True,True,True,15,4.263870418071747,5.151548091850703,2f85c2107ef71d275093429fc8e8e94252e24e272a01432a8d7b9e3b1ec112c4
3,original-final,arrival,2,True,True,True,True,True,True,15,3.6600022576749325,6.4820147275426505,2f85c2107ef71d275093429fc8e8e94252e24e272a01432a8d7b9e3b1ec112c4
3,original-final,arrival,3,True,True,True,True,True,True,15,3.354286076501012,7.432023604765608,2f85c2107ef71d275093429fc8e8e94252e24e272a01432a8d7b9e3b1ec112c4
3,original-final,arrival,4,True,True,True,True,True,True,15,3.976142965257168,8.234765492633452,2f85c2107ef71d275093429fc8e8e94252e24e272a01432a8d7b9e3b1ec112c4
3,original-final,arrival,5,True,True,True,True,True,True,15,2.4499716237187386,5.296080017330051,2f85c2107ef71d275093429fc8e8e94252e24e272a01432a8d7b9e3b1ec112c4
3,original-final,arrival,6,True,True,True,True,True,True,12,2.6543820276856422,5.802250395680886,2f85c2107ef71d275093429fc8e8e94252e24e272a01432a8d7b9e3b1ec112c4
3,original-final,arrival,7,True,True,True,True,True,True,15,3.553299466148019,6.4198279895837995,2f85c2107ef71d275093429fc8e8e94252e24e272a01432a8d7b9e3b1ec112c4
3,original-final,arrival,8,True,True,True,True,True,True,16,2.4934897664934397,5.513406391436101,2f85c2107ef71d275093429fc8e8e94252e24e272a01432a8d7b9e3b1ec112c4
3,original-final,arrival,9,True,True,True,True,True,True,17,3.012853441759944,6.754180690494733,2f85c2107ef71d275093429fc8e8e94252e24e272a01432a8d7b9e3b1ec112c4
3,original-final,arrival,10,True,True,True,True,True,True,15,2.508237026631832,5.678706360860518,2f85c2107ef71d275093429fc8e8e94252e24e272a01432a8d7b9e3b1ec112c4
3,original-final,arrival,11,True,True,True,True,True,True,15,3.8408406544476748,6.682969565095004,2f85c2107ef71d275093429fc8e8e94252e24e272a01432a8d7b9e3b1ec112c4
3,original-final,arrival,12,True,True,True,True,True,True,15,2.973855473101139,6.290343397732814,2f85c2107ef71d275093429fc8e8e94252e24e272a01432a8d7b9e3b1ec112c4
3,original-final,arrival,13,True,True,True,True,True,True,16,3.9590061642229557,6.353907699469891,2f85c2107ef71d275093429fc8e8e94252e24e272a01432a8d7b9e3b1ec112c4
3,original-final,arrival,14,True,True,True,True,True,True,17,3.048853250220418,6.313687703655448,2f85c2107ef71d275093429fc8e8e94252e24e272a01432a8d7b9e3b1ec112c4
3,original-final,arrival,15,True,True,True,True,True,True,17,2.8581118676811457,5.095634455757686,2f85c2107ef71d275093429fc8e8e94252e24e272a01432a8d7b9e3b1ec112c4
3,original-final,arrival,16,True,True,True,True,True,True,15,2.3385784588754177,5.260210425130083,2f85c2107ef71d275093429fc8e8e94252e24e272a01432a8d7b9e3b1ec112c4
3,original-final,arrival,17,True,True,True,True,True,True,6,3.7397597916424274,6.581224079010732,2f85c2107ef71d275093429fc8e8e94252e24e272a01432a8d7b9e3b1ec112c4
3,original-final,arrival,18,True,True,True,True,True,True,17,2.6061036624014378,5.80493167181694,2f85c2107ef71d275093429fc8e8e94252e24e272a01432a8d7b9e3b1ec112c4
3,original-final,arrival,19,True,True,True,True,True,True,15,3.1759291887283325,5.614870985990756,2f85c2107ef71d275093429fc8e8e94252e24e272a01432a8d7b9e3b1ec112c4
3,original-final,arrival,20,True,True,True,True,True,True,14,4.08078171312809,5.9433766180853365,2f85c2107ef71d275093429fc8e8e94252e24e272a01432a8d7b9e3b1ec112c4
3,original-final,arrival,21,True,True,True,False,False,True,11,5.856847856193781,9.067783047771023,2f85c2107ef71d275093429fc8e8e94252e24e272a01432a8d7b9e3b1ec112c4
3,original-final,arrival,22,True,True,True,True,True,True,18,5.075138993561268,8.167051850975591,2f85c2107ef71d275093429fc8e8e94252e24e272a01432a8d7b9e3b1ec112c4
3,original-final,arrival,23,True,True,True,True,True,True,5,6.7995707504451275,9.127595868106471,2f85c2107ef71d275093429fc8e8e94252e24e272a01432a8d7b9e3b1ec112c4
3,original-final,arrival,24,True,True,True,True,True,True,15,3.524742554873228,6.474860531273885,2f85c2107ef71d275093429fc8e8e94252e24e272a01432a8d7b9e3b1ec112c4
3,original-final,arrival,25,True,True,True,True,True,True,6,4.373373463749886,7.063140455618852,2f85c2107ef71d275093429fc8e8e94252e24e272a01432a8d7b9e3b1ec112c4
3,original-final,arrival,26,True,True,True,True,True,True,18,2.9964190907776356,6.527377002028467,2f85c2107ef71d275093429fc8e8e94252e24e272a01432a8d7b9e3b1ec112c4
3,original-final,arrival,27,True,True,True,True,True,True,14,4.565066657960415,6.685419895459746,2f85c2107ef71d275093429fc8e8e94252e24e272a01432a8d7b9e3b1ec112c4
3,original-final,arrival,28,True,True,True,True,True,True,15,2.845062641426921,6.5762713380888265,2f85c2107ef71d275093429fc8e8e94252e24e272a01432a8d7b9e3b1ec112c4
3,original-final,arrival,29,True,True,True,True,True,True,17,3.079549875110388,6.490960140921252,2f85c2107ef71d275093429fc8e8e94252e24e272a01432a8d7b9e3b1ec112c4
3,original-final,arrival,30,True,True,True,True,True,True,16,3.3660614863038063,6.686604079507097,2f85c2107ef71d275093429fc8e8e94252e24e272a01432a8d7b9e3b1ec112c4
3,original-final,arrival,31,True,True,True,True,True,True,15,4.116556607186794,7.039788892620225,2f85c2107ef71d275093429fc8e8e94252e24e272a01432a8d7b9e3b1ec112c4
3,original-final,arrival,32,True,True,True,True,True,True,15,3.0641311313956976,6.0391021461898875,2f85c2107ef71d275093429fc8e8e94252e24e272a01432a8d7b9e3b1ec112c4
3,original-final,arrival,33,True,True,True,True,True,True,16,2.6304556522518396,6.041385990693611,2f85c2107ef71d275093429fc8e8e94252e24e272a01432a8d7b9e3b1ec112c4
3,original-final,arrival,34,True,True,True,True,True,True,16,3.3545722253620625,5.581990028439492,2f85c2107ef71d275093429fc8e8e94252e24e272a01432a8d7b9e3b1ec112c4
3,original-final,arrival,35,True,True,False,True,True,True,6,6.170969922095537,14.335648407413398,2f85c2107ef71d275093429fc8e8e94252e24e272a01432a8d7b9e3b1ec112c4
3,original-final,arrival,36,True,True,True,True,True,True,18,3.1667607836425304,7.085459379392338,2f85c2107ef71d275093429fc8e8e94252e24e272a01432a8d7b9e3b1ec112c4
3,original-final,arrival,37,True,True,True,True,True,True,17,3.7626607809215784,6.762434547219871,2f85c2107ef71d275093429fc8e8e94252e24e272a01432a8d7b9e3b1ec112c4
3,original-final,arrival,38,True,True,True,True,True,True,15,2.703817095607519,5.91182840119587,2f85c2107ef71d275093429fc8e8e94252e24e272a01432a8d7b9e3b1ec112c4
3,original-final,arrival,39,True,True,True,True,True,True,16,3.9369408041238785,5.909096752414689,2f85c2107ef71d275093429fc8e8e94252e24e272a01432a8d7b9e3b1ec112c4
3,original-final,arrival,40,True,True,True,True,True,True,17,2.562088193371892,5.856184984461892,2f85c2107ef71d275093429fc8e8e94252e24e272a01432a8d7b9e3b1ec112c4
3,original-final,arrival,41,True,True,True,True,True,True,16,2.698976779356599,5.809118150891334,2f85c2107ef71d275093429fc8e8e94252e24e272a01432a8d7b9e3b1ec112c4
3,original-final,arrival,42,True,True,True,True,True,True,16,4.147775936871767,7.449822223969015,2f85c2107ef71d275093429fc8e8e94252e24e272a01432a8d7b9e3b1ec112c4
3,original-final,arrival,43,True,True,True,True,True,True,17,3.089806530624628,6.129245275308423,2f85c2107ef71d275093429fc8e8e94252e24e272a01432a8d7b9e3b1ec112c4
3,original-final,arrival,44,True,True,True,True,True,True,11,3.1490183901041746,6.448481486925649,2f85c2107ef71d275093429fc8e8e94252e24e272a01432a8d7b9e3b1ec112c4
3,original-final,arrival,45,True,True,True,True,True,True,7,4.500004928559065,5.353176983696772,2f85c2107ef71d275093429fc8e8e94252e24e272a01432a8d7b9e3b1ec112c4
3,original-final,arrival,46,True,True,True,True,True,True,13,2.9985939618200064,5.333003166209493,2f85c2107ef71d275093429fc8e8e94252e24e272a01432a8d7b9e3b1ec112c4
3,original-final,arrival,47,True,True,True,True,True,True,15,2.7830060571432114,5.77084817408493,2f85c2107ef71d275093429fc8e8e94252e24e272a01432a8d7b9e3b1ec112c4
3,original-final,arrival,48,True,False,False,True,True,True,9,52.25028097629547,145.69059877014828,2f85c2107ef71d275093429fc8e8e94252e24e272a01432a8d7b9e3b1ec112c4
3,original-final,arrival,49,True,True,True,True,True,True,13,5.026602186262608,11.111617265380728,2f85c2107ef71d275093429fc8e8e94252e24e272a01432a8d7b9e3b1ec112c4
3,original-final,arrival,50,True,True,True,True,True,True,17,3.808877896517515,6.403202455370343,2f85c2107ef71d275093429fc8e8e94252e24e272a01432a8d7b9e3b1ec112c4
3,original-final,arrival,51,True,True,True,True,True,True,16,3.7711465265601873,6.969069113953913,2f85c2107ef71d275093429fc8e8e94252e24e272a01432a8d7b9e3b1ec112c4
3,original-final,arrival,52,True,True,True,True,True,True,17,3.1232580076903105,6.862445165254959,2f85c2107ef71d275093429fc8e8e94252e24e272a01432a8d7b9e3b1ec112c4
3,original-final,arrival,53,True,True,True,True,True,True,15,3.2805900555104017,6.651911841165309,2f85c2107ef71d275093429fc8e8e94252e24e272a01432a8d7b9e3b1ec112c4
3,original-final,arrival,54,True,True,True,True,True,True,14,3.7189251743257046,5.935301626939088,2f85c2107ef71d275093429fc8e8e94252e24e272a01432a8d7b9e3b1ec112c4
3,original-final,arrival,55,True,True,True,True,True,True,15,4.003860522061586,7.705421563089232,2f85c2107ef71d275093429fc8e8e94252e24e272a01432a8d7b9e3b1ec112c4
3,original-final,arrival,56,True,True,True,True,True,True,16,3.106147749349475,6.606159819009979,2f85c2107ef71d275093429fc8e8e94252e24e272a01432a8d7b9e3b1ec112c4
3,original-final,arrival,57,True,True,True,True,True,True,14,2.7675640303641558,6.273956920140307,2f85c2107ef71d275093429fc8e8e94252e24e272a01432a8d7b9e3b1ec112c4
3,original-final,arrival,58,True,True,True,True,True,True,10,3.5767729859799147,7.190207587390477,2f85c2107ef71d275093429fc8e8e94252e24e272a01432a8d7b9e3b1ec112c4
3,original-final,arrival,59,True,True,True,True,True,True,14,3.4049160312861204,6.920659294437801,2f85c2107ef71d275093429fc8e8e94252e24e272a01432a8d7b9e3b1ec112c4
3,original-final,arrival,60,True,True,True,True,True,True,15,3.0751670710742474,5.776275613154151,2f85c2107ef71d275093429fc8e8e94252e24e272a01432a8d7b9e3b1ec112c4
3,original-final,arrival,61,True,True,True,True,True,True,13,3.856352297589183,6.341244101861864,2f85c2107ef71d275093429fc8e8e94252e24e272a01432a8d7b9e3b1ec112c4
3,original-final,arrival,62,True,True,True,True,True,True,14,4.042510874569416,5.6319507277840195,2f85c2107ef71d275093429fc8e8e94252e24e272a01432a8d7b9e3b1ec112c4
3,original-final,arrival,63,True,True,True,True,True,True,14,2.7081251610070467,5.136757317203041,2f85c2107ef71d275093429fc8e8e94252e24e272a01432a8d7b9e3b1ec112c4
3,original-final,arrival,64,True,True,True,False,False,True,18,7.704767398536205,5.936823905350355,2f85c2107ef71d275093429fc8e8e94252e24e272a01432a8d7b9e3b1ec112c4
3,original-final,arrival,65,True,True,True,True,True,True,16,3.825155319646001,6.825642825346462,2f85c2107ef71d275093429fc8e8e94252e24e272a01432a8d7b9e3b1ec112c4
3,original-final,arrival,66,True,True,True,True,True,True,16,3.025724086910486,6.118200005646867,2f85c2107ef71d275093429fc8e8e94252e24e272a01432a8d7b9e3b1ec112c4
3,original-final,arrival,67,True,True,True,True,True,True,16,3.2950411550700665,6.401596934028566,2f85c2107ef71d275093429fc8e8e94252e24e272a01432a8d7b9e3b1ec112c4
3,original-final,arrival,68,True,True,True,True,True,True,16,2.532006474211812,5.656127889898572,2f85c2107ef71d275093429fc8e8e94252e24e272a01432a8d7b9e3b1ec112c4
3,original-final,arrival,69,True,True,True,True,True,True,16,3.0990871600806713,6.261527683398176,2f85c2107ef71d275093429fc8e8e94252e24e272a01432a8d7b9e3b1ec112c4
3,original-final,arrival,70,True,True,True,True,True,True,14,3.6490634083747864,6.42824747839631,2f85c2107ef71d275093429fc8e8e94252e24e272a01432a8d7b9e3b1ec112c4
3,original-final,arrival,71,True,True,True,True,True,True,15,3.6211281549185514,5.173206194821991,2f85c2107ef71d275093429fc8e8e94252e24e272a01432a8d7b9e3b1ec112c4
3,original-final,arrival,72,True,True,True,True,True,True,17,3.259704215452075,5.878568795032493,2f85c2107ef71d275093429fc8e8e94252e24e272a01432a8d7b9e3b1ec112c4
3,original-final,arrival,73,True,True,True,True,True,True,15,2.9820858035236597,6.481061062379787,2f85c2107ef71d275093429fc8e8e94252e24e272a01432a8d7b9e3b1ec112c4
3,original-final,arrival,74,True,True,True,True,True,True,16,2.713809721171856,6.425206336668362,2f85c2107ef71d275093429fc8e8e94252e24e272a01432a8d7b9e3b1ec112c4
3,original-final,arrival,75,True,True,True,True,True,True,17,2.8594762552529573,5.176836013479029,2f85c2107ef71d275093429fc8e8e94252e24e272a01432a8d7b9e3b1ec112c4
3,original-final,arrival,76,True,True,True,True,True,True,16,2.744941972196102,6.589250405059143,2f85c2107ef71d275093429fc8e8e94252e24e272a01432a8d7b9e3b1ec112c4
3,original-final,arrival,77,True,True,True,True,True,True,14,4.454751033335924,5.988615522279269,2f85c2107ef71d275093429fc8e8e94252e24e272a01432a8d7b9e3b1ec112c4
3,original-final,arrival,78,True,True,True,True,True,True,14,3.046512370929122,5.218086940971322,2f85c2107ef71d275093429fc8e8e94252e24e272a01432a8d7b9e3b1ec112c4
3,original-final,arrival,79,True,True,True,True,True,True,15,2.7373030316084623,6.513357184983369,2f85c2107ef71d275093429fc8e8e94252e24e272a01432a8d7b9e3b1ec112c4
3,original-final,arrival,80,True,True,True,True,True,True,12,3.2353627029806376,6.165667259057517,2f85c2107ef71d275093429fc8e8e94252e24e272a01432a8d7b9e3b1ec112c4
3,original-final,arrival,81,True,True,True,True,True,True,15,2.9760911129415035,5.979867757499775,2f85c2107ef71d275093429fc8e8e94252e24e272a01432a8d7b9e3b1ec112c4
3,original-final,arrival,82,True,False,False,True,True,True,3,28.911173343658447,101.68300692883913,2f85c2107ef71d275093429fc8e8e94252e24e272a01432a8d7b9e3b1ec112c4
3,original-final,arrival,83,True,True,True,True,True,True,16,2.805851399898529,4.729560221907098,2f85c2107ef71d275093429fc8e8e94252e24e272a01432a8d7b9e3b1ec112c4
3,original-final,arrival,84,True,True,True,True,True,True,16,3.760918043553829,7.022978943299177,2f85c2107ef71d275093429fc8e8e94252e24e272a01432a8d7b9e3b1ec112c4
3,original-final,arrival,85,True,True,True,True,True,True,16,3.825137857347727,6.686911438019747,2f85c2107ef71d275093429fc8e8e94252e24e272a01432a8d7b9e3b1ec112c4
3,original-final,arrival,86,True,True,True,True,True,True,16,3.2632965594530106,6.762477662789006,2f85c2107ef71d275093429fc8e8e94252e24e272a01432a8d7b9e3b1ec112c4
3,original-final,arrival,87,True,True,True,True,True,True,12,3.532947273924947,7.654324917908367,2f85c2107ef71d275093429fc8e8e94252e24e272a01432a8d7b9e3b1ec112c4
3,original-final,arrival,88,True,True,True,True,True,True,17,2.7154895942658186,5.971901622493425,2f85c2107ef71d275093429fc8e8e94252e24e272a01432a8d7b9e3b1ec112c4
3,original-final,arrival,89,True,True,True,True,True,True,15,3.367776283994317,6.420770555689262,2f85c2107ef71d275093429fc8e8e94252e24e272a01432a8d7b9e3b1ec112c4
3,original-final,arrival,90,True,True,True,True,True,True,16,2.7006950695067644,5.706915042132671,2f85c2107ef71d275093429fc8e8e94252e24e272a01432a8d7b9e3b1ec112c4
3,original-final,arrival,91,True,True,True,True,True,True,15,2.893927041441202,6.316088515148707,2f85c2107ef71d275093429fc8e8e94252e24e272a01432a8d7b9e3b1ec112c4
3,original-final,arrival,92,True,True,True,True,True,True,14,2.9706929344683886,5.795800135783455,2f85c2107ef71d275093429fc8e8e94252e24e272a01432a8d7b9e3b1ec112c4
3,original-final,arrival,93,True,True,True,True,True,True,14,3.6255866289138794,6.494028176519056,2f85c2107ef71d275093429fc8e8e94252e24e272a01432a8d7b9e3b1ec112c4
3,original-final,arrival,94,True,True,True,True,True,True,17,3.3316079061478376,6.510365135240081,2f85c2107ef71d275093429fc8e8e94252e24e272a01432a8d7b9e3b1ec112c4
3,original-final,arrival,95,True,True,True,True,True,True,15,2.8009270317852497,6.40021937025034,2f85c2107ef71d275093429fc8e8e94252e24e272a01432a8d7b9e3b1ec112c4
3,original-final,arrival,96,True,True,True,True,True,True,16,3.0748944263905287,6.64561611429785,2f85c2107ef71d275093429fc8e8e94252e24e272a01432a8d7b9e3b1ec112c4
3,original-final,arrival,97,True,False,False,True,True,True,9,61.504870653152466,124.8556258014013,2f85c2107ef71d275093429fc8e8e94252e24e272a01432a8d7b9e3b1ec112c4
3,original-final,arrival,98,True,True,True,True,True,True,14,3.047224134206772,6.742812267508071,2f85c2107ef71d275093429fc8e8e94252e24e272a01432a8d7b9e3b1ec112c4
3,original-final,arrival,99,True,True,True,True,True,True,9,2.2133050952106714,5.684600387227417,2f85c2107ef71d275093429fc8e8e94252e24e272a01432a8d7b9e3b1ec112c4
3,original-final,arrival,100,True,True,True,True,True,True,15,3.4891413524746895,6.957680200399739,2f85c2107ef71d275093429fc8e8e94252e24e272a01432a8d7b9e3b1ec112c4
3,original-final,arrival,101,True,True,True,True,True,True,16,2.6757174637168646,5.8084927616954545,2f85c2107ef71d275093429fc8e8e94252e24e272a01432a8d7b9e3b1ec112c4
3,original-final,arrival,102,True,True,True,True,True,True,15,3.504256485030055,6.902600701159111,2f85c2107ef71d275093429fc8e8e94252e24e272a01432a8d7b9e3b1ec112c4
3,original-final,arrival,103,True,True,True,True,True,True,15,2.6519012171775103,5.724227010357715,2f85c2107ef71d275093429fc8e8e94252e24e272a01432a8d7b9e3b1ec112c4
3,original-final,arrival,104,True,True,True,True,True,True,17,3.5851288121193647,5.878846271467525,2f85c2107ef71d275093429fc8e8e94252e24e272a01432a8d7b9e3b1ec112c4
3,original-final,arrival,105,True,True,True,True,True,True,14,2.7489529456943274,5.632612829246688,2f85c2107ef71d275093429fc8e8e94252e24e272a01432a8d7b9e3b1ec112c4
3,original-final,arrival,106,True,False,False,True,True,True,11,54.36296388506889,112.76362964953998,2f85c2107ef71d275093429fc8e8e94252e24e272a01432a8d7b9e3b1ec112c4
3,original-final,arrival,107,True,True,True,True,True,True,15,4.253811668604612,6.227833079562034,2f85c2107ef71d275093429fc8e8e94252e24e272a01432a8d7b9e3b1ec112c4
3,original-final,arrival,108,True,True,True,False,False,True,16,2.841583453118801,6.189268550847673,2f85c2107ef71d275093429fc8e8e94252e24e272a01432a8d7b9e3b1ec112c4
3,original-final,arrival,109,True,True,True,True,True,True,17,2.172056119889021,5.823473927866232,2f85c2107ef71d275093429fc8e8e94252e24e272a01432a8d7b9e3b1ec112c4
3,original-final,arrival,110,True,True,True,True,True,True,17,3.2879312057048082,6.762688544879631,2f85c2107ef71d275093429fc8e8e94252e24e272a01432a8d7b9e3b1ec112c4
3,original-final,arrival,111,True,True,True,True,True,True,14,2.692127600312233,6.5587706858879615,2f85c2107ef71d275093429fc8e8e94252e24e272a01432a8d7b9e3b1ec112c4
3,original-final,arrival,112,True,True,True,True,True,True,14,3.0896796379238367,6.755738400512319,2f85c2107ef71d275093429fc8e8e94252e24e272a01432a8d7b9e3b1ec112c4
3,original-final,arrival,113,True,True,True,True,True,True,15,3.824099898338318,6.564583603758465,2f85c2107ef71d275093429fc8e8e94252e24e272a01432a8d7b9e3b1ec112c4
3,original-final,arrival,114,True,True,True,True,True,True,13,3.1124509405344725,5.899889230526688,2f85c2107ef71d275093429fc8e8e94252e24e272a01432a8d7b9e3b1ec112c4
3,original-final,arrival,115,True,True,True,True,True,True,17,3.1455866992473602,6.710563102455032,2f85c2107ef71d275093429fc8e8e94252e24e272a01432a8d7b9e3b1ec112c4
3,original-final,arrival,116,True,True,True,True,True,True,14,3.080627880990505,5.8694355514517165,2f85c2107ef71d275093429fc8e8e94252e24e272a01432a8d7b9e3b1ec112c4
3,original-final,arrival,117,True,True,True,True,True,True,13,4.320136271417141,5.7490231583658,2f85c2107ef71d275093429fc8e8e94252e24e272a01432a8d7b9e3b1ec112c4
3,original-final,arrival,118,True,True,True,True,True,True,14,2.737540751695633,5.4513985190561405,2f85c2107ef71d275093429fc8e8e94252e24e272a01432a8d7b9e3b1ec112c4
3,original-final,arrival,119,True,False,False,True,True,True,13,64.4383579492569,123.21538319297943,2f85c2107ef71d275093429fc8e8e94252e24e272a01432a8d7b9e3b1ec112c4
3,original-final,arrival,120,True,True,True,True,True,True,16,3.3179556485265493,7.37629011491195,2f85c2107ef71d275093429fc8e8e94252e24e272a01432a8d7b9e3b1ec112c4
3,original-final,arrival,121,True,True,True,True,True,True,15,3.730430733412504,6.578318687292538,2f85c2107ef71d275093429fc8e8e94252e24e272a01432a8d7b9e3b1ec112c4
3,original-final,arrival,122,True,False,False,True,True,True,5,51.00960657000542,74.04388830138465,2f85c2107ef71d275093429fc8e8e94252e24e272a01432a8d7b9e3b1ec112c4
3,original-final,arrival,123,True,True,True,True,True,True,15,4.423224832862616,7.118998169538039,2f85c2107ef71d275093429fc8e8e94252e24e272a01432a8d7b9e3b1ec112c4
3,original-final,arrival,124,True,True,True,True,True,True,7,5.0661154091358185,7.414192542163644,2f85c2107ef71d275093429fc8e8e94252e24e272a01432a8d7b9e3b1ec112c4
3,original-final,arrival,125,True,True,True,True,True,True,14,3.534135175868869,5.63572013843222,2f85c2107ef71d275093429fc8e8e94252e24e272a01432a8d7b9e3b1ec112c4
3,original-final,arrival,126,True,True,True,True,True,True,17,2.397365402430296,6.377761281372514,2f85c2107ef71d275093429fc8e8e94252e24e272a01432a8d7b9e3b1ec112c4
3,original-final,arrival,127,True,True,True,True,True,True,15,3.4113789442926645,6.12909458425986,2f85c2107ef71d275093429fc8e8e94252e24e272a01432a8d7b9e3b1ec112c4
3,original-selected,fixed2,0,False,True,True,True,True,True,4,4.720073658972979,12.840568663195443,2f85c2107ef71d275093429fc8e8e94252e24e272a01432a8d7b9e3b1ec112c4
3,original-selected,fixed2,1,False,True,True,True,True,True,4,3.8782667834311724,5.151548091850703,2f85c2107ef71d275093429fc8e8e94252e24e272a01432a8d7b9e3b1ec112c4
3,original-selected,fixed2,2,False,True,True,True,True,True,0,3.8021181244403124,7.02253540788995,2f85c2107ef71d275093429fc8e8e94252e24e272a01432a8d7b9e3b1ec112c4
3,original-selected,fixed2,3,True,True,True,True,True,True,5,3.9321593940258026,6.0945590133821606,2f85c2107ef71d275093429fc8e8e94252e24e272a01432a8d7b9e3b1ec112c4
3,original-selected,fixed2,4,True,True,True,True,True,True,5,3.960271831601858,6.555334246961799,2f85c2107ef71d275093429fc8e8e94252e24e272a01432a8d7b9e3b1ec112c4
3,original-selected,fixed2,5,False,True,True,True,True,True,4,3.86907160282135,6.2506518878054,2f85c2107ef71d275093429fc8e8e94252e24e272a01432a8d7b9e3b1ec112c4
3,original-selected,fixed2,6,False,True,True,True,True,True,0,3.8651188369840384,6.615391246560074,2f85c2107ef71d275093429fc8e8e94252e24e272a01432a8d7b9e3b1ec112c4
3,original-selected,fixed2,7,False,True,True,True,True,True,3,4.558449611067772,7.503147218366597,2f85c2107ef71d275093429fc8e8e94252e24e272a01432a8d7b9e3b1ec112c4
3,original-selected,fixed2,8,False,True,True,True,True,True,1,2.857519779354334,5.468821050968374,2f85c2107ef71d275093429fc8e8e94252e24e272a01432a8d7b9e3b1ec112c4
3,original-selected,fixed2,9,True,True,True,True,True,True,5,3.337976522743702,7.420468632237239,2f85c2107ef71d275093429fc8e8e94252e24e272a01432a8d7b9e3b1ec112c4
3,original-selected,fixed2,10,True,True,True,True,True,True,5,3.7260097451508045,5.5252247531343395,2f85c2107ef71d275093429fc8e8e94252e24e272a01432a8d7b9e3b1ec112c4
3,original-selected,fixed2,11,False,True,True,True,True,True,0,4.2036171071231365,5.283492832463364,2f85c2107ef71d275093429fc8e8e94252e24e272a01432a8d7b9e3b1ec112c4
3,original-selected,fixed2,12,True,True,True,True,True,True,5,3.997138701379299,6.202332995182615,2f85c2107ef71d275093429fc8e8e94252e24e272a01432a8d7b9e3b1ec112c4
3,original-selected,fixed2,13,False,True,True,True,True,True,3,3.6571265663951635,5.839254653056723,2f85c2107ef71d275093429fc8e8e94252e24e272a01432a8d7b9e3b1ec112c4
3,original-selected,fixed2,14,False,True,True,True,True,True,2,4.228262696415186,5.661442630846488,2f85c2107ef71d275093429fc8e8e94252e24e272a01432a8d7b9e3b1ec112c4
3,original-selected,fixed2,15,False,True,True,True,True,True,0,3.7082049529999495,5.429627291076725,2f85c2107ef71d275093429fc8e8e94252e24e272a01432a8d7b9e3b1ec112c4
3,original-selected,fixed2,16,True,True,True,True,True,True,5,3.610007930546999,6.040479709968115,2f85c2107ef71d275093429fc8e8e94252e24e272a01432a8d7b9e3b1ec112c4
3,original-selected,fixed2,17,True,True,True,True,True,True,5,4.165786784142256,6.647770612094166,2f85c2107ef71d275093429fc8e8e94252e24e272a01432a8d7b9e3b1ec112c4
3,original-selected,fixed2,18,True,True,True,True,True,True,5,2.6425744872540236,5.80493167181694,2f85c2107ef71d275093429fc8e8e94252e24e272a01432a8d7b9e3b1ec112c4
3,original-selected,fixed2,19,True,True,True,True,True,True,5,3.787068882957101,4.987205629570557,2f85c2107ef71d275093429fc8e8e94252e24e272a01432a8d7b9e3b1ec112c4
3,original-selected,fixed2,20,True,True,True,True,True,True,5,4.334849771112204,5.462827133084865,2f85c2107ef71d275093429fc8e8e94252e24e272a01432a8d7b9e3b1ec112c4
3,original-selected,fixed2,21,False,True,True,False,False,True,1,4.53233253210783,9.067783047771023,2f85c2107ef71d275093429fc8e8e94252e24e272a01432a8d7b9e3b1ec112c4
3,original-selected,fixed2,22,False,True,True,True,True,True,0,3.9612390100955963,8.167051850975591,2f85c2107ef71d275093429fc8e8e94252e24e272a01432a8d7b9e3b1ec112c4
3,original-selected,fixed2,23,False,False,False,True,True,True,0,50.63919350504875,69.867514491867,2f85c2107ef71d275093429fc8e8e94252e24e272a01432a8d7b9e3b1ec112c4
3,original-selected,fixed2,24,False,True,True,True,True,True,4,4.822300747036934,6.6851343081750745,2f85c2107ef71d275093429fc8e8e94252e24e272a01432a8d7b9e3b1ec112c4
3,original-selected,fixed2,25,False,True,True,True,True,True,2,3.424419555813074,4.887022549258925,2f85c2107ef71d275093429fc8e8e94252e24e272a01432a8d7b9e3b1ec112c4
3,original-selected,fixed2,26,False,True,True,True,True,True,1,3.5281768068671227,6.191049522673754,2f85c2107ef71d275093429fc8e8e94252e24e272a01432a8d7b9e3b1ec112c4
3,original-selected,fixed2,27,False,True,True,True,True,True,1,3.6071734502911568,8.32587167842496,2f85c2107ef71d275093429fc8e8e94252e24e272a01432a8d7b9e3b1ec112c4
3,original-selected,fixed2,28,False,True,True,True,True,True,1,3.1857460271567106,5.800866855487135,2f85c2107ef71d275093429fc8e8e94252e24e272a01432a8d7b9e3b1ec112c4
3,original-selected,fixed2,29,True,True,True,True,True,True,5,4.6377284452319145,7.075248246583169,2f85c2107ef71d275093429fc8e8e94252e24e272a01432a8d7b9e3b1ec112c4
3,original-selected,fixed2,30,False,True,True,True,True,True,0,3.668232588097453,5.479090240385488,2f85c2107ef71d275093429fc8e8e94252e24e272a01432a8d7b9e3b1ec112c4
3,original-selected,fixed2,31,True,True,True,True,True,True,5,4.850009456276894,6.055147114323894,2f85c2107ef71d275093429fc8e8e94252e24e272a01432a8d7b9e3b1ec112c4
3,original-selected,fixed2,32,True,True,True,True,True,True,5,3.756279358640313,5.983807495990403,2f85c2107ef71d275093429fc8e8e94252e24e272a01432a8d7b9e3b1ec112c4
3,original-selected,fixed2,33,False,True,True,True,True,True,4,4.415718372911215,5.931873298862565,2f85c2107ef71d275093429fc8e8e94252e24e272a01432a8d7b9e3b1ec112c4
3,original-selected,fixed2,34,False,True,True,True,True,True,4,3.5173308569937944,4.868514871042307,2f85c2107ef71d275093429fc8e8e94252e24e272a01432a8d7b9e3b1ec112c4
3,original-selected,fixed2,35,True,True,True,True,True,True,5,4.140957724303007,6.2956355136791045,2f85c2107ef71d275093429fc8e8e94252e24e272a01432a8d7b9e3b1ec112c4
3,original-selected,fixed2,36,True,True,True,True,True,True,5,3.5584294237196445,6.0214704397343235,2f85c2107ef71d275093429fc8e8e94252e24e272a01432a8d7b9e3b1ec112c4
3,original-selected,fixed2,37,True,True,True,True,True,True,5,4.1041504591703415,6.092746878817991,2f85c2107ef71d275093429fc8e8e94252e24e272a01432a8d7b9e3b1ec112c4
3,original-selected,fixed2,38,False,True,True,True,True,True,1,3.906834404915571,5.600493864674703,2f85c2107ef71d275093429fc8e8e94252e24e272a01432a8d7b9e3b1ec112c4
3,original-selected,fixed2,39,True,True,True,True,True,True,5,3.5665181931108236,5.832798416743769,2f85c2107ef71d275093429fc8e8e94252e24e272a01432a8d7b9e3b1ec112c4
3,original-selected,fixed2,40,True,True,True,True,True,True,5,4.184741526842117,6.827695724078874,2f85c2107ef71d275093429fc8e8e94252e24e272a01432a8d7b9e3b1ec112c4
3,original-selected,fixed2,41,True,True,True,True,True,True,5,3.754838602617383,5.670957938133962,2f85c2107ef71d275093429fc8e8e94252e24e272a01432a8d7b9e3b1ec112c4
3,original-selected,fixed2,42,True,True,True,True,True,True,5,4.239816218614578,5.909822886900825,2f85c2107ef71d275093429fc8e8e94252e24e272a01432a8d7b9e3b1ec112c4
3,original-selected,fixed2,43,True,True,True,True,True,True,5,3.5801504272967577,5.066612128200656,2f85c2107ef71d275093429fc8e8e94252e24e272a01432a8d7b9e3b1ec112c4
3,original-selected,fixed2,44,False,True,True,True,True,True,3,4.015443380922079,5.873989153194,2f85c2107ef71d275093429fc8e8e94252e24e272a01432a8d7b9e3b1ec112c4
3,original-selected,fixed2,45,False,True,True,True,True,True,0,4.137927200645208,7.094555483819502,2f85c2107ef71d275093429fc8e8e94252e24e272a01432a8d7b9e3b1ec112c4
3,original-selected,fixed2,46,False,True,True,True,True,True,1,3.6343014799058437,5.57220194047204,2f85c2107ef71d275093429fc8e8e94252e24e272a01432a8d7b9e3b1ec112c4
3,original-selected,fixed2,47,False,True,True,True,True,True,2,3.769361414015293,7.041515649819768,2f85c2107ef71d275093429fc8e8e94252e24e272a01432a8d7b9e3b1ec112c4
3,original-selected,fixed2,48,False,True,True,True,True,True,1,3.802035003900528,6.247183432367503,2f85c2107ef71d275093429fc8e8e94252e24e272a01432a8d7b9e3b1ec112c4
3,original-selected,fixed2,49,True,True,True,True,True,True,5,3.989518154412508,6.64727542337934,2f85c2107ef71d275093429fc8e8e94252e24e272a01432a8d7b9e3b1ec112c4
3,original-selected,fixed2,50,True,True,True,True,True,True,5,3.773236880078912,6.80640004802042,2f85c2107ef71d275093429fc8e8e94252e24e272a01432a8d7b9e3b1ec112c4
3,original-selected,fixed2,51,False,True,True,True,True,True,1,3.8723626639693975,6.216840316979722,2f85c2107ef71d275093429fc8e8e94252e24e272a01432a8d7b9e3b1ec112c4
3,original-selected,fixed2,52,True,True,True,True,True,True,5,4.028742667287588,5.998177787117287,2f85c2107ef71d275093429fc8e8e94252e24e272a01432a8d7b9e3b1ec112c4
3,original-selected,fixed2,53,False,True,True,True,True,True,0,3.7398510612547398,6.668430226786162,2f85c2107ef71d275093429fc8e8e94252e24e272a01432a8d7b9e3b1ec112c4
3,original-selected,fixed2,54,False,True,True,True,True,True,2,4.337992984801531,5.329968854670716,2f85c2107ef71d275093429fc8e8e94252e24e272a01432a8d7b9e3b1ec112c4
3,original-selected,fixed2,55,True,True,True,True,True,True,5,4.138937685638666,5.954146118859153,2f85c2107ef71d275093429fc8e8e94252e24e272a01432a8d7b9e3b1ec112c4
3,original-selected,fixed2,56,False,True,True,True,True,True,0,3.7685451097786427,5.462252116534114,2f85c2107ef71d275093429fc8e8e94252e24e272a01432a8d7b9e3b1ec112c4
3,original-selected,fixed2,57,False,True,True,True,True,True,4,3.4877234138548374,5.744684707582373,2f85c2107ef71d275093429fc8e8e94252e24e272a01432a8d7b9e3b1ec112c4
3,original-selected,fixed2,58,True,True,True,True,True,True,5,3.5734071861952543,7.190207587390477,2f85c2107ef71d275093429fc8e8e94252e24e272a01432a8d7b9e3b1ec112c4
3,original-selected,fixed2,59,False,True,True,True,True,True,0,3.216675715520978,6.085831739170176,2f85c2107ef71d275093429fc8e8e94252e24e272a01432a8d7b9e3b1ec112c4
3,original-selected,fixed2,60,False,True,True,True,True,True,4,4.3369014747440815,6.062293626629843,2f85c2107ef71d275093429fc8e8e94252e24e272a01432a8d7b9e3b1ec112c4
3,original-selected,fixed2,61,False,True,True,True,True,True,2,4.133233334869146,5.892291071961872,2f85c2107ef71d275093429fc8e8e94252e24e272a01432a8d7b9e3b1ec112c4
3,original-selected,fixed2,62,False,True,True,True,True,True,3,3.676616819575429,5.706155183587508,2f85c2107ef71d275093429fc8e8e94252e24e272a01432a8d7b9e3b1ec112c4
3,original-selected,fixed2,63,False,True,True,True,True,True,2,4.3681105598807335,6.227535966333138,2f85c2107ef71d275093429fc8e8e94252e24e272a01432a8d7b9e3b1ec112c4
3,original-selected,fixed2,64,False,True,True,False,False,False,0,7.890237495303154,5.936823905350355,2f85c2107ef71d275093429fc8e8e94252e24e272a01432a8d7b9e3b1ec112c4
3,original-selected,fixed2,65,True,True,True,True,True,True,5,3.690427402034402,6.571231512255003,2f85c2107ef71d275093429fc8e8e94252e24e272a01432a8d7b9e3b1ec112c4
3,original-selected,fixed2,66,True,True,True,True,True,True,5,4.005999770015478,6.356765706750719,2f85c2107ef71d275093429fc8e8e94252e24e272a01432a8d7b9e3b1ec112c4
3,original-selected,fixed2,67,False,True,True,True,True,True,2,4.540341440588236,7.417685330150459,2f85c2107ef71d275093429fc8e8e94252e24e272a01432a8d7b9e3b1ec112c4
3,original-selected,fixed2,68,False,True,True,True,True,True,4,4.086186643689871,6.257247716109517,2f85c2107ef71d275093429fc8e8e94252e24e272a01432a8d7b9e3b1ec112c4
3,original-selected,fixed2,69,True,True,True,True,True,True,5,4.346183501183987,6.838266295593114,2f85c2107ef71d275093429fc8e8e94252e24e272a01432a8d7b9e3b1ec112c4
3,original-selected,fixed2,70,True,True,True,True,True,True,5,3.624462988227606,5.152541030601294,2f85c2107ef71d275093429fc8e8e94252e24e272a01432a8d7b9e3b1ec112c4
3,original-selected,fixed2,71,False,True,True,True,True,True,3,4.741871263831854,5.196722963021168,2f85c2107ef71d275093429fc8e8e94252e24e272a01432a8d7b9e3b1ec112c4
3,original-selected,fixed2,72,False,True,True,True,True,True,4,3.4891117829829454,6.2212850625821075,2f85c2107ef71d275093429fc8e8e94252e24e272a01432a8d7b9e3b1ec112c4
3,original-selected,fixed2,73,True,True,True,True,True,True,5,4.529961384832859,6.376676988841775,2f85c2107ef71d275093429fc8e8e94252e24e272a01432a8d7b9e3b1ec112c4
3,original-selected,fixed2,74,False,True,True,True,True,True,3,3.3710338175296783,6.9529771882693625,2f85c2107ef71d275093429fc8e8e94252e24e272a01432a8d7b9e3b1ec112c4
3,original-selected,fixed2,75,True,True,True,True,True,True,5,3.219693433493376,5.591893802736011,2f85c2107ef71d275093429fc8e8e94252e24e272a01432a8d7b9e3b1ec112c4
3,original-selected,fixed2,76,False,True,True,True,True,True,0,3.595746122300625,6.922161936055204,2f85c2107ef71d275093429fc8e8e94252e24e272a01432a8d7b9e3b1ec112c4
3,original-selected,fixed2,77,False,True,True,True,True,True,4,4.197860602289438,6.1321856717461145,2f85c2107ef71d275093429fc8e8e94252e24e272a01432a8d7b9e3b1ec112c4
3,original-selected,fixed2,78,True,True,True,True,True,True,5,3.9050430059432983,5.3143815092111,2f85c2107ef71d275093429fc8e8e94252e24e272a01432a8d7b9e3b1ec112c4
3,original-selected,fixed2,79,True,True,True,True,True,True,5,3.140171291306615,6.257215272710959,2f85c2107ef71d275093429fc8e8e94252e24e272a01432a8d7b9e3b1ec112c4
3,original-selected,fixed2,80,False,True,True,True,True,True,3,4.15752874687314,6.769437625553249,2f85c2107ef71d275093429fc8e8e94252e24e272a01432a8d7b9e3b1ec112c4
3,original-selected,fixed2,81,True,True,True,True,True,True,5,3.786287270486355,6.3504260105404775,2f85c2107ef71d275093429fc8e8e94252e24e272a01432a8d7b9e3b1ec112c4
3,original-selected,fixed2,82,True,True,True,True,True,True,5,3.8750029634684324,6.061498763365183,2f85c2107ef71d275093429fc8e8e94252e24e272a01432a8d7b9e3b1ec112c4
3,original-selected,fixed2,83,True,True,True,True,True,True,5,4.219073802232742,5.837812629368204,2f85c2107ef71d275093429fc8e8e94252e24e272a01432a8d7b9e3b1ec112c4
3,original-selected,fixed2,84,True,True,True,True,True,True,5,4.314103163778782,6.538848304739504,2f85c2107ef71d275093429fc8e8e94252e24e272a01432a8d7b9e3b1ec112c4
3,original-selected,fixed2,85,True,True,True,True,True,True,5,4.4366284273564816,5.8771989152170825,2f85c2107ef71d275093429fc8e8e94252e24e272a01432a8d7b9e3b1ec112c4
3,original-selected,fixed2,86,True,True,True,True,True,True,5,3.998339641839266,6.053233380695821,2f85c2107ef71d275093429fc8e8e94252e24e272a01432a8d7b9e3b1ec112c4
3,original-selected,fixed2,87,False,True,True,True,True,True,0,3.9177043363451958,6.669508969788201,2f85c2107ef71d275093429fc8e8e94252e24e272a01432a8d7b9e3b1ec112c4
3,original-selected,fixed2,88,True,True,True,True,True,True,5,4.542275797575712,6.2597462846852725,2f85c2107ef71d275093429fc8e8e94252e24e272a01432a8d7b9e3b1ec112c4
3,original-selected,fixed2,89,False,True,True,True,True,True,4,4.0381597355008125,5.706683669474537,2f85c2107ef71d275093429fc8e8e94252e24e272a01432a8d7b9e3b1ec112c4
3,original-selected,fixed2,90,False,True,True,True,True,True,2,3.5928438883274794,5.963313940272603,2f85c2107ef71d275093429fc8e8e94252e24e272a01432a8d7b9e3b1ec112c4
3,original-selected,fixed2,91,True,True,True,True,True,True,5,3.383486531674862,6.0488197978315235,2f85c2107ef71d275093429fc8e8e94252e24e272a01432a8d7b9e3b1ec112c4
3,original-selected,fixed2,92,False,True,True,True,True,True,1,5.060254596173763,8.594183707137862,2f85c2107ef71d275093429fc8e8e94252e24e272a01432a8d7b9e3b1ec112c4
3,original-selected,fixed2,93,True,True,True,True,True,True,5,3.530488582327962,6.056085838447948,2f85c2107ef71d275093429fc8e8e94252e24e272a01432a8d7b9e3b1ec112c4
3,original-selected,fixed2,94,True,True,True,True,True,True,5,3.421349683776498,5.94152392927297,2f85c2107ef71d275093429fc8e8e94252e24e272a01432a8d7b9e3b1ec112c4
3,original-selected,fixed2,95,False,True,True,True,True,True,3,3.5422779619693756,5.453338292780424,2f85c2107ef71d275093429fc8e8e94252e24e272a01432a8d7b9e3b1ec112c4
3,original-selected,fixed2,96,False,True,True,True,True,True,4,3.9322893135249615,6.033220926427684,2f85c2107ef71d275093429fc8e8e94252e24e272a01432a8d7b9e3b1ec112c4
3,original-selected,fixed2,97,False,True,True,True,True,True,3,3.439657622948289,5.928995654787874,2f85c2107ef71d275093429fc8e8e94252e24e272a01432a8d7b9e3b1ec112c4
3,original-selected,fixed2,98,True,True,True,True,True,True,5,4.580105654895306,7.336385588459797,2f85c2107ef71d275093429fc8e8e94252e24e272a01432a8d7b9e3b1ec112c4
3,original-selected,fixed2,99,False,True,True,True,True,True,4,4.018112551420927,5.87414496688444,2f85c2107ef71d275093429fc8e8e94252e24e272a01432a8d7b9e3b1ec112c4
3,original-selected,fixed2,100,False,True,True,True,True,True,4,3.7297080270946026,6.010270637042795,2f85c2107ef71d275093429fc8e8e94252e24e272a01432a8d7b9e3b1ec112c4
3,original-selected,fixed2,101,False,True,True,True,True,True,0,3.876609494909644,7.14392067604577,2f85c2107ef71d275093429fc8e8e94252e24e272a01432a8d7b9e3b1ec112c4
3,original-selected,fixed2,102,True,True,True,True,True,True,5,3.9198333397507668,5.805786299236837,2f85c2107ef71d275093429fc8e8e94252e24e272a01432a8d7b9e3b1ec112c4
3,original-selected,fixed2,103,False,True,True,True,True,True,1,2.96912738122046,5.724227010357715,2f85c2107ef71d275093429fc8e8e94252e24e272a01432a8d7b9e3b1ec112c4
3,original-selected,fixed2,104,False,True,True,True,True,True,4,3.942057490348816,5.591043017297521,2f85c2107ef71d275093429fc8e8e94252e24e272a01432a8d7b9e3b1ec112c4
3,original-selected,fixed2,105,False,True,True,True,True,True,0,4.090925678610802,5.7725032142981885,2f85c2107ef71d275093429fc8e8e94252e24e272a01432a8d7b9e3b1ec112c4
3,original-selected,fixed2,106,True,True,True,True,True,True,5,2.72742030210793,5.138979690004234,2f85c2107ef71d275093429fc8e8e94252e24e272a01432a8d7b9e3b1ec112c4
3,original-selected,fixed2,107,True,True,True,True,True,True,5,4.217508714646101,6.762204455222206,2f85c2107ef71d275093429fc8e8e94252e24e272a01432a8d7b9e3b1ec112c4
3,original-selected,fixed2,108,True,True,True,False,False,True,5,2.847620751708746,5.497813923334609,2f85c2107ef71d275093429fc8e8e94252e24e272a01432a8d7b9e3b1ec112c4
3,original-selected,fixed2,109,True,True,True,True,True,True,5,3.685689764097333,6.173718344541669,2f85c2107ef71d275093429fc8e8e94252e24e272a01432a8d7b9e3b1ec112c4
3,original-selected,fixed2,110,False,True,True,True,True,True,4,4.1981833055615425,5.871853011531078,2f85c2107ef71d275093429fc8e8e94252e24e272a01432a8d7b9e3b1ec112c4
3,original-selected,fixed2,111,False,True,True,True,True,True,0,3.8894228637218475,5.905174943170632,2f85c2107ef71d275093429fc8e8e94252e24e272a01432a8d7b9e3b1ec112c4
3,original-selected,fixed2,112,False,True,True,True,True,True,4,3.614025190472603,6.327022794236251,2f85c2107ef71d275093429fc8e8e94252e24e272a01432a8d7b9e3b1ec112c4
3,original-selected,fixed2,113,False,True,True,True,True,True,4,4.387049935758114,5.416374162765962,2f85c2107ef71d275093429fc8e8e94252e24e272a01432a8d7b9e3b1ec112c4
3,original-selected,fixed2,114,False,True,True,True,True,True,1,3.577502677217126,6.320073076755763,2f85c2107ef71d275093429fc8e8e94252e24e272a01432a8d7b9e3b1ec112c4
3,original-selected,fixed2,115,False,True,True,True,True,True,1,3.5714602563530207,5.992353343302558,2f85c2107ef71d275093429fc8e8e94252e24e272a01432a8d7b9e3b1ec112c4
3,original-selected,fixed2,116,True,True,True,True,True,True,5,4.256453365087509,6.667403563976545,2f85c2107ef71d275093429fc8e8e94252e24e272a01432a8d7b9e3b1ec112c4
3,original-selected,fixed2,117,False,True,True,True,True,True,0,4.460202530026436,6.8683912718142786,2f85c2107ef71d275093429fc8e8e94252e24e272a01432a8d7b9e3b1ec112c4
3,original-selected,fixed2,118,False,True,True,True,True,True,0,3.2242913730442524,5.733670173772081,2f85c2107ef71d275093429fc8e8e94252e24e272a01432a8d7b9e3b1ec112c4
3,original-selected,fixed2,119,False,True,True,True,True,True,4,4.214084707200527,5.749899130126854,2f85c2107ef71d275093429fc8e8e94252e24e272a01432a8d7b9e3b1ec112c4
3,original-selected,fixed2,120,False,True,True,True,True,True,2,4.334859549999237,6.070155601251351,2f85c2107ef71d275093429fc8e8e94252e24e272a01432a8d7b9e3b1ec112c4
3,original-selected,fixed2,121,True,True,True,True,True,True,5,4.37026796862483,5.864571176102198,2f85c2107ef71d275093429fc8e8e94252e24e272a01432a8d7b9e3b1ec112c4
3,original-selected,fixed2,122,True,True,True,True,True,True,5,4.579027649015188,6.295827612749511,2f85c2107ef71d275093429fc8e8e94252e24e272a01432a8d7b9e3b1ec112c4
3,original-selected,fixed2,123,True,True,True,True,True,True,5,4.0812501683831215,7.202940767550673,2f85c2107ef71d275093429fc8e8e94252e24e272a01432a8d7b9e3b1ec112c4
3,original-selected,fixed2,124,True,True,True,True,True,True,5,3.534953575581312,5.693182093032714,2f85c2107ef71d275093429fc8e8e94252e24e272a01432a8d7b9e3b1ec112c4
3,original-selected,fixed2,125,False,True,True,True,True,True,0,3.8204966112971306,5.175869541711473,2f85c2107ef71d275093429fc8e8e94252e24e272a01432a8d7b9e3b1ec112c4
3,original-selected,fixed2,126,True,True,True,True,True,True,5,3.8256067782640457,6.352235156896884,2f85c2107ef71d275093429fc8e8e94252e24e272a01432a8d7b9e3b1ec112c4
3,original-selected,fixed2,127,True,True,True,True,True,True,5,4.469087813049555,5.648772629936115,2f85c2107ef71d275093429fc8e8e94252e24e272a01432a8d7b9e3b1ec112c4
3,original-selected,fixed5,0,False,True,True,True,True,True,1,4.720073658972979,12.840568663195443,2f85c2107ef71d275093429fc8e8e94252e24e272a01432a8d7b9e3b1ec112c4
3,original-selected,fixed5,1,True,True,True,True,True,True,2,3.8643975276499987,5.151548091850703,2f85c2107ef71d275093429fc8e8e94252e24e272a01432a8d7b9e3b1ec112c4
3,original-selected,fixed5,2,False,True,True,True,True,True,0,3.2933957409113646,7.02253540788995,2f85c2107ef71d275093429fc8e8e94252e24e272a01432a8d7b9e3b1ec112c4
3,original-selected,fixed5,3,False,True,True,True,True,True,1,3.3709704875946045,5.973213018814067,2f85c2107ef71d275093429fc8e8e94252e24e272a01432a8d7b9e3b1ec112c4
3,original-selected,fixed5,4,False,True,True,True,True,True,0,4.239176865667105,7.724739045609321,2f85c2107ef71d275093429fc8e8e94252e24e272a01432a8d7b9e3b1ec112c4
3,original-selected,fixed5,5,False,True,True,True,True,True,1,3.5519341472536325,5.874401098978316,2f85c2107ef71d275093429fc8e8e94252e24e272a01432a8d7b9e3b1ec112c4
3,original-selected,fixed5,6,False,True,True,True,True,True,1,3.3216869924217463,6.065108945228357,2f85c2107ef71d275093429fc8e8e94252e24e272a01432a8d7b9e3b1ec112c4
3,original-selected,fixed5,7,True,True,True,True,True,True,2,4.286488052457571,7.914793328133157,2f85c2107ef71d275093429fc8e8e94252e24e272a01432a8d7b9e3b1ec112c4
3,original-selected,fixed5,8,False,True,True,True,True,True,0,2.6764273643493652,5.529033437370267,2f85c2107ef71d275093429fc8e8e94252e24e272a01432a8d7b9e3b1ec112c4
3,original-selected,fixed5,9,False,True,True,True,True,True,0,3.5222170408815145,5.723131191882751,2f85c2107ef71d275093429fc8e8e94252e24e272a01432a8d7b9e3b1ec112c4
3,original-selected,fixed5,10,True,True,True,True,True,True,2,3.779607592150569,5.208908874274117,2f85c2107ef71d275093429fc8e8e94252e24e272a01432a8d7b9e3b1ec112c4
3,original-selected,fixed5,11,False,True,True,True,True,True,0,3.766184439882636,5.283492832463364,2f85c2107ef71d275093429fc8e8e94252e24e272a01432a8d7b9e3b1ec112c4
3,original-selected,fixed5,12,True,True,True,True,True,True,2,3.3377765212208033,5.761913859763729,2f85c2107ef71d275093429fc8e8e94252e24e272a01432a8d7b9e3b1ec112c4
3,original-selected,fixed5,13,True,True,True,True,True,True,2,2.7080175932496786,5.839254653056723,2f85c2107ef71d275093429fc8e8e94252e24e272a01432a8d7b9e3b1ec112c4
3,original-selected,fixed5,14,False,True,True,True,True,True,1,3.77627182751894,6.016755474772899,2f85c2107ef71d275093429fc8e8e94252e24e272a01432a8d7b9e3b1ec112c4
3,original-selected,fixed5,15,False,True,True,True,True,True,0,3.106282791122794,5.270018149891397,2f85c2107ef71d275093429fc8e8e94252e24e272a01432a8d7b9e3b1ec112c4
3,original-selected,fixed5,16,True,True,True,True,True,True,2,3.48409335128963,7.447323228506437,2f85c2107ef71d275093429fc8e8e94252e24e272a01432a8d7b9e3b1ec112c4
3,original-selected,fixed5,17,True,True,True,True,True,True,2,3.627882804721594,6.134509216724388,2f85c2107ef71d275093429fc8e8e94252e24e272a01432a8d7b9e3b1ec112c4
3,original-selected,fixed5,18,True,True,True,True,True,True,2,3.3627666998654604,5.80493167181694,2f85c2107ef71d275093429fc8e8e94252e24e272a01432a8d7b9e3b1ec112c4
3,original-selected,fixed5,19,True,True,True,True,True,True,2,3.975020255893469,5.1208702971935915,2f85c2107ef71d275093429fc8e8e94252e24e272a01432a8d7b9e3b1ec112c4
3,original-selected,fixed5,20,True,True,True,True,True,True,2,3.892839653417468,6.27100755907933,2f85c2107ef71d275093429fc8e8e94252e24e272a01432a8d7b9e3b1ec112c4
3,original-selected,fixed5,21,False,True,True,False,False,True,1,5.1382724195718765,9.067783047771023,2f85c2107ef71d275093429fc8e8e94252e24e272a01432a8d7b9e3b1ec112c4
3,original-selected,fixed5,22,False,True,True,True,True,True,0,3.5348774399608374,8.167051850975591,2f85c2107ef71d275093429fc8e8e94252e24e272a01432a8d7b9e3b1ec112c4
3,original-selected,fixed5,23,False,True,True,True,True,True,0,6.133268587291241,8.778487824154194,2f85c2107ef71d275093429fc8e8e94252e24e272a01432a8d7b9e3b1ec112c4
3,original-selected,fixed5,24,True,True,True,True,True,True,2,4.402204416692257,8.154079614194446,2f85c2107ef71d275093429fc8e8e94252e24e272a01432a8d7b9e3b1ec112c4
3,original-selected,fixed5,25,True,True,True,True,True,True,2,3.2592955976724625,4.963517252868484,2f85c2107ef71d275093429fc8e8e94252e24e272a01432a8d7b9e3b1ec112c4
3,original-selected,fixed5,26,False,True,True,True,True,True,1,3.1230077147483826,6.591571815603301,2f85c2107ef71d275093429fc8e8e94252e24e272a01432a8d7b9e3b1ec112c4
3,original-selected,fixed5,27,False,True,True,True,True,True,0,3.5507678985595703,7.255072186390795,2f85c2107ef71d275093429fc8e8e94252e24e272a01432a8d7b9e3b1ec112c4
3,original-selected,fixed5,28,False,True,True,True,True,True,1,3.02962027490139,5.529975576588906,2f85c2107ef71d275093429fc8e8e94252e24e272a01432a8d7b9e3b1ec112c4
3,original-selected,fixed5,29,False,True,True,True,True,True,0,4.6517737209796906,7.51998107334974,2f85c2107ef71d275093429fc8e8e94252e24e272a01432a8d7b9e3b1ec112c4
3,original-selected,fixed5,30,False,True,True,True,True,True,1,3.538447665050626,6.108623226656863,2f85c2107ef71d275093429fc8e8e94252e24e272a01432a8d7b9e3b1ec112c4
3,original-selected,fixed5,31,True,True,True,True,True,True,2,4.924792796373367,7.029994401350426,2f85c2107ef71d275093429fc8e8e94252e24e272a01432a8d7b9e3b1ec112c4
3,original-selected,fixed5,32,True,True,True,True,True,True,2,3.5075261257588863,5.440605539507051,2f85c2107ef71d275093429fc8e8e94252e24e272a01432a8d7b9e3b1ec112c4
3,original-selected,fixed5,33,False,True,True,True,True,True,0,4.066856577992439,7.276070749220353,2f85c2107ef71d275093429fc8e8e94252e24e272a01432a8d7b9e3b1ec112c4
3,original-selected,fixed5,34,False,True,True,True,True,True,1,3.1841020099818707,4.868514871042307,2f85c2107ef71d275093429fc8e8e94252e24e272a01432a8d7b9e3b1ec112c4
3,original-selected,fixed5,35,True,True,True,True,True,True,2,3.9588594809174538,6.464691233373382,2f85c2107ef71d275093429fc8e8e94252e24e272a01432a8d7b9e3b1ec112c4
3,original-selected,fixed5,36,True,True,True,True,True,True,2,3.571030916646123,7.1316818308267536,2f85c2107ef71d275093429fc8e8e94252e24e272a01432a8d7b9e3b1ec112c4
3,original-selected,fixed5,37,True,True,True,True,True,True,2,4.061233252286911,6.817797499311055,2f85c2107ef71d275093429fc8e8e94252e24e272a01432a8d7b9e3b1ec112c4
3,original-selected,fixed5,38,False,True,True,True,True,True,0,4.047231748700142,5.673230256693461,2f85c2107ef71d275093429fc8e8e94252e24e272a01432a8d7b9e3b1ec112c4
3,original-selected,fixed5,39,True,True,True,True,True,True,2,3.4064766950905323,5.133031875897622,2f85c2107ef71d275093429fc8e8e94252e24e272a01432a8d7b9e3b1ec112c4
3,original-selected,fixed5,40,True,True,True,True,True,True,2,4.135516006499529,7.232314849849959,2f85c2107ef71d275093429fc8e8e94252e24e272a01432a8d7b9e3b1ec112c4
3,original-selected,fixed5,41,True,True,True,True,True,True,2,3.410768462345004,6.048039021832026,2f85c2107ef71d275093429fc8e8e94252e24e272a01432a8d7b9e3b1ec112c4
3,original-selected,fixed5,42,True,True,True,True,True,True,2,3.9163436740636826,6.095720572427886,2f85c2107ef71d275093429fc8e8e94252e24e272a01432a8d7b9e3b1ec112c4
3,original-selected,fixed5,43,False,True,True,True,True,True,1,2.8620311059057713,4.841683326661558,2f85c2107ef71d275093429fc8e8e94252e24e272a01432a8d7b9e3b1ec112c4
3,original-selected,fixed5,44,True,True,True,True,True,True,2,3.221724648028612,5.68872923658069,2f85c2107ef71d275093429fc8e8e94252e24e272a01432a8d7b9e3b1ec112c4
3,original-selected,fixed5,45,False,True,True,True,True,True,0,3.71941807679832,7.254958634495844,2f85c2107ef71d275093429fc8e8e94252e24e272a01432a8d7b9e3b1ec112c4
3,original-selected,fixed5,46,False,True,True,True,True,True,1,3.4764977172017097,5.300884201637508,2f85c2107ef71d275093429fc8e8e94252e24e272a01432a8d7b9e3b1ec112c4
3,original-selected,fixed5,47,True,True,True,True,True,True,2,3.9081834256649017,6.611054076437116,2f85c2107ef71d275093429fc8e8e94252e24e272a01432a8d7b9e3b1ec112c4
3,original-selected,fixed5,48,True,True,True,True,True,True,2,3.7687744479626417,6.247183432367503,2f85c2107ef71d275093429fc8e8e94252e24e272a01432a8d7b9e3b1ec112c4
3,original-selected,fixed5,49,True,True,True,True,True,True,2,4.139329306781292,7.874392759192531,2f85c2107ef71d275093429fc8e8e94252e24e272a01432a8d7b9e3b1ec112c4
3,original-selected,fixed5,50,False,True,True,True,True,True,1,3.4886098001152277,7.684913920106269,2f85c2107ef71d275093429fc8e8e94252e24e272a01432a8d7b9e3b1ec112c4
3,original-selected,fixed5,51,False,True,True,True,True,True,0,4.318724386394024,7.460328762459787,2f85c2107ef71d275093429fc8e8e94252e24e272a01432a8d7b9e3b1ec112c4
3,original-selected,fixed5,52,True,True,True,True,True,True,2,4.1729784570634365,7.107125166326441,2f85c2107ef71d275093429fc8e8e94252e24e272a01432a8d7b9e3b1ec112c4
3,original-selected,fixed5,53,False,True,True,True,True,True,0,3.26894992031157,6.416853442200259,2f85c2107ef71d275093429fc8e8e94252e24e272a01432a8d7b9e3b1ec112c4
3,original-selected,fixed5,54,False,True,True,True,True,True,0,4.35494864359498,5.595350732229683,2f85c2107ef71d275093429fc8e8e94252e24e272a01432a8d7b9e3b1ec112c4
3,original-selected,fixed5,55,True,True,True,True,True,True,2,3.9308075793087482,7.216946924217431,2f85c2107ef71d275093429fc8e8e94252e24e272a01432a8d7b9e3b1ec112c4
3,original-selected,fixed5,56,False,True,True,True,True,True,0,3.8895823527127504,6.203197014112621,2f85c2107ef71d275093429fc8e8e94252e24e272a01432a8d7b9e3b1ec112c4
3,original-selected,fixed5,57,False,True,True,True,True,True,1,4.0963562205433846,6.612977628462121,2f85c2107ef71d275093429fc8e8e94252e24e272a01432a8d7b9e3b1ec112c4
3,original-selected,fixed5,58,True,True,True,True,True,True,2,3.5530496388673782,7.190207587390477,2f85c2107ef71d275093429fc8e8e94252e24e272a01432a8d7b9e3b1ec112c4
3,original-selected,fixed5,59,False,True,True,True,True,True,0,4.093243274837732,6.874462029325951,2f85c2107ef71d275093429fc8e8e94252e24e272a01432a8d7b9e3b1ec112c4
3,original-selected,fixed5,60,False,True,True,True,True,True,1,3.7434627301990986,5.776275613154151,2f85c2107ef71d275093429fc8e8e94252e24e272a01432a8d7b9e3b1ec112c4
3,original-selected,fixed5,61,True,True,True,True,True,True,2,3.959665074944496,6.8778258974921815,2f85c2107ef71d275093429fc8e8e94252e24e272a01432a8d7b9e3b1ec112c4
3,original-selected,fixed5,62,False,True,True,True,True,True,0,3.4738436806946993,5.622596783715688,2f85c2107ef71d275093429fc8e8e94252e24e272a01432a8d7b9e3b1ec112c4
3,original-selected,fixed5,63,True,True,True,True,True,True,2,3.9639389142394066,6.121117777082931,2f85c2107ef71d275093429fc8e8e94252e24e272a01432a8d7b9e3b1ec112c4
3,original-selected,fixed5,64,False,True,True,False,False,False,0,8.007620461285114,5.936823905350355,2f85c2107ef71d275093429fc8e8e94252e24e272a01432a8d7b9e3b1ec112c4
3,original-selected,fixed5,65,True,True,True,True,True,True,2,3.4227825235575438,5.823803057606861,2f85c2107ef71d275093429fc8e8e94252e24e272a01432a8d7b9e3b1ec112c4
3,original-selected,fixed5,66,True,True,True,True,True,True,2,4.225860349833965,6.47572967284577,2f85c2107ef71d275093429fc8e8e94252e24e272a01432a8d7b9e3b1ec112c4
3,original-selected,fixed5,67,False,True,True,True,True,True,0,3.053253283724189,6.654324605489617,2f85c2107ef71d275093429fc8e8e94252e24e272a01432a8d7b9e3b1ec112c4
3,original-selected,fixed5,68,True,True,True,True,True,True,2,3.565301187336445,5.656127889898572,2f85c2107ef71d275093429fc8e8e94252e24e272a01432a8d7b9e3b1ec112c4
3,original-selected,fixed5,69,False,True,True,True,True,True,1,3.984212875366211,6.261527683398176,2f85c2107ef71d275093429fc8e8e94252e24e272a01432a8d7b9e3b1ec112c4
3,original-selected,fixed5,70,True,True,True,True,True,True,2,3.974391147494316,5.152541030601294,2f85c2107ef71d275093429fc8e8e94252e24e272a01432a8d7b9e3b1ec112c4
3,original-selected,fixed5,71,True,True,True,True,True,True,2,4.790049511939287,5.305613253864096,2f85c2107ef71d275093429fc8e8e94252e24e272a01432a8d7b9e3b1ec112c4
3,original-selected,fixed5,72,False,True,True,True,True,True,1,3.493586089462042,6.2874546546007215,2f85c2107ef71d275093429fc8e8e94252e24e272a01432a8d7b9e3b1ec112c4
3,original-selected,fixed5,73,True,True,True,True,True,True,2,4.02354821562767,7.424505274036717,2f85c2107ef71d275093429fc8e8e94252e24e272a01432a8d7b9e3b1ec112c4
3,original-selected,fixed5,74,True,True,True,True,True,True,2,3.2345729414373636,5.899166511135136,2f85c2107ef71d275093429fc8e8e94252e24e272a01432a8d7b9e3b1ec112c4
3,original-selected,fixed5,75,True,True,True,True,True,True,2,2.7241255156695843,5.037293114301553,2f85c2107ef71d275093429fc8e8e94252e24e272a01432a8d7b9e3b1ec112c4
3,original-selected,fixed5,76,False,True,True,True,True,True,0,3.7497906014323235,7.023251723979154,2f85c2107ef71d275093429fc8e8e94252e24e272a01432a8d7b9e3b1ec112c4
3,original-selected,fixed5,77,True,True,True,True,True,True,2,4.908734932541847,6.576585526790647,2f85c2107ef71d275093429fc8e8e94252e24e272a01432a8d7b9e3b1ec112c4
3,original-selected,fixed5,78,False,True,True,True,True,True,1,3.681964473798871,5.218086940971322,2f85c2107ef71d275093429fc8e8e94252e24e272a01432a8d7b9e3b1ec112c4
3,original-selected,fixed5,79,True,True,True,True,True,True,2,3.0654105357825756,6.375808274156714,2f85c2107ef71d275093429fc8e8e94252e24e272a01432a8d7b9e3b1ec112c4
3,original-selected,fixed5,80,False,True,True,True,True,True,0,3.6047815810889006,5.913122295156764,2f85c2107ef71d275093429fc8e8e94252e24e272a01432a8d7b9e3b1ec112c4
3,original-selected,fixed5,81,True,True,True,True,True,True,2,3.404421964660287,7.768828770475399,2f85c2107ef71d275093429fc8e8e94252e24e272a01432a8d7b9e3b1ec112c4
3,original-selected,fixed5,82,True,True,True,True,True,True,2,4.028118681162596,6.038895959854318,2f85c2107ef71d275093429fc8e8e94252e24e272a01432a8d7b9e3b1ec112c4
3,original-selected,fixed5,83,False,True,True,True,True,True,1,3.958944696933031,6.002020195412243,2f85c2107ef71d275093429fc8e8e94252e24e272a01432a8d7b9e3b1ec112c4
3,original-selected,fixed5,84,True,True,True,True,True,True,2,4.6656085178256035,5.949735951089441,2f85c2107ef71d275093429fc8e8e94252e24e272a01432a8d7b9e3b1ec112c4
3,original-selected,fixed5,85,True,True,True,True,True,True,2,3.65517009049654,5.8900533312350465,2f85c2107ef71d275093429fc8e8e94252e24e272a01432a8d7b9e3b1ec112c4
3,original-selected,fixed5,86,True,True,True,True,True,True,2,3.5378325264900923,6.053233380695821,2f85c2107ef71d275093429fc8e8e94252e24e272a01432a8d7b9e3b1ec112c4
3,original-selected,fixed5,87,True,True,True,True,True,True,2,4.457383416593075,6.999607316619863,2f85c2107ef71d275093429fc8e8e94252e24e272a01432a8d7b9e3b1ec112c4
3,original-selected,fixed5,88,True,True,True,True,True,True,2,4.0080128237605095,6.388582008565107,2f85c2107ef71d275093429fc8e8e94252e24e272a01432a8d7b9e3b1ec112c4
3,original-selected,fixed5,89,False,True,True,True,True,True,1,4.1937981732189655,6.244281455743894,2f85c2107ef71d275093429fc8e8e94252e24e272a01432a8d7b9e3b1ec112c4
3,original-selected,fixed5,90,False,True,True,True,True,True,1,3.810749389231205,6.089931133332653,2f85c2107ef71d275093429fc8e8e94252e24e272a01432a8d7b9e3b1ec112c4
3,original-selected,fixed5,91,False,True,True,True,True,True,1,3.359853522852063,5.704101431081449,2f85c2107ef71d275093429fc8e8e94252e24e272a01432a8d7b9e3b1ec112c4
3,original-selected,fixed5,92,True,True,True,True,True,True,2,3.569863736629486,6.46160313409489,2f85c2107ef71d275093429fc8e8e94252e24e272a01432a8d7b9e3b1ec112c4
3,original-selected,fixed5,93,True,True,True,True,True,True,2,3.769378876313567,6.09782299003178,2f85c2107ef71d275093429fc8e8e94252e24e272a01432a8d7b9e3b1ec112c4
3,original-selected,fixed5,94,True,True,True,True,True,True,2,3.4420660231262445,6.592203181214704,2f85c2107ef71d275093429fc8e8e94252e24e272a01432a8d7b9e3b1ec112c4
3,original-selected,fixed5,95,True,True,True,True,True,True,2,3.1586382538080215,7.01300302512955,2f85c2107ef71d275093429fc8e8e94252e24e272a01432a8d7b9e3b1ec112c4
3,original-selected,fixed5,96,False,True,True,True,True,True,1,3.9150738157331944,5.777714221748085,2f85c2107ef71d275093429fc8e8e94252e24e272a01432a8d7b9e3b1ec112c4
3,original-selected,fixed5,97,True,True,True,True,True,True,2,3.3698033075779676,5.838618164803442,2f85c2107ef71d275093429fc8e8e94252e24e272a01432a8d7b9e3b1ec112c4
3,original-selected,fixed5,98,True,True,True,True,True,True,2,4.619785584509373,7.487873207835157,2f85c2107ef71d275093429fc8e8e94252e24e272a01432a8d7b9e3b1ec112c4
3,original-selected,fixed5,99,True,True,True,True,True,True,2,3.2385638915002346,5.674971101158168,2f85c2107ef71d275093429fc8e8e94252e24e272a01432a8d7b9e3b1ec112c4
3,original-selected,fixed5,100,False,True,True,True,True,True,0,3.473494201898575,5.7884457295946445,2f85c2107ef71d275093429fc8e8e94252e24e272a01432a8d7b9e3b1ec112c4
3,original-selected,fixed5,101,False,True,True,True,True,True,0,4.097138997167349,7.545652339345233,2f85c2107ef71d275093429fc8e8e94252e24e272a01432a8d7b9e3b1ec112c4
3,original-selected,fixed5,102,False,True,True,True,True,True,1,3.5751410759985447,6.687328506445941,2f85c2107ef71d275093429fc8e8e94252e24e272a01432a8d7b9e3b1ec112c4
3,original-selected,fixed5,103,False,True,True,True,True,True,1,2.7440255507826805,5.724227010357715,2f85c2107ef71d275093429fc8e8e94252e24e272a01432a8d7b9e3b1ec112c4
3,original-selected,fixed5,104,True,True,True,True,True,True,2,4.3007549829781055,4.9135885700356905,2f85c2107ef71d275093429fc8e8e94252e24e272a01432a8d7b9e3b1ec112c4
3,original-selected,fixed5,105,False,True,True,True,True,True,1,4.2948671616613865,7.519895695985115,2f85c2107ef71d275093429fc8e8e94252e24e272a01432a8d7b9e3b1ec112c4
3,original-selected,fixed5,106,False,True,True,True,True,True,0,2.811601385474205,5.573415579710187,2f85c2107ef71d275093429fc8e8e94252e24e272a01432a8d7b9e3b1ec112c4
3,original-selected,fixed5,107,True,True,True,True,True,True,2,3.8876025937497616,5.972017308822492,2f85c2107ef71d275093429fc8e8e94252e24e272a01432a8d7b9e3b1ec112c4
3,original-selected,fixed5,108,True,True,True,False,False,True,2,3.358800197020173,6.44766485243301,2f85c2107ef71d275093429fc8e8e94252e24e272a01432a8d7b9e3b1ec112c4
3,original-selected,fixed5,109,True,True,True,True,True,True,2,4.114506300538778,6.495504778040249,2f85c2107ef71d275093429fc8e8e94252e24e272a01432a8d7b9e3b1ec112c4
3,original-selected,fixed5,110,True,True,True,True,True,True,2,4.236631561070681,6.523660952233157,2f85c2107ef71d275093429fc8e8e94252e24e272a01432a8d7b9e3b1ec112c4
3,original-selected,fixed5,111,False,True,True,True,True,True,0,3.456928301602602,6.536672889488854,2f85c2107ef71d275093429fc8e8e94252e24e272a01432a8d7b9e3b1ec112c4
3,original-selected,fixed5,112,False,True,True,True,True,True,0,3.3759840298444033,6.327022794236251,2f85c2107ef71d275093429fc8e8e94252e24e272a01432a8d7b9e3b1ec112c4
3,original-selected,fixed5,113,False,True,True,True,True,True,0,4.144389182329178,6.710002600056268,2f85c2107ef71d275093429fc8e8e94252e24e272a01432a8d7b9e3b1ec112c4
3,original-selected,fixed5,114,False,True,True,True,True,True,1,3.850669367238879,5.949136175102949,2f85c2107ef71d275093429fc8e8e94252e24e272a01432a8d7b9e3b1ec112c4
3,original-selected,fixed5,115,False,True,True,True,True,True,1,4.092101473361254,5.848231656060236,2f85c2107ef71d275093429fc8e8e94252e24e272a01432a8d7b9e3b1ec112c4
3,original-selected,fixed5,116,True,True,True,True,True,True,2,4.055372439324856,6.647206267713994,2f85c2107ef71d275093429fc8e8e94252e24e272a01432a8d7b9e3b1ec112c4
3,original-selected,fixed5,117,False,True,True,True,True,True,0,4.2879777029156685,6.8683912718142786,2f85c2107ef71d275093429fc8e8e94252e24e272a01432a8d7b9e3b1ec112c4
3,original-selected,fixed5,118,False,True,True,True,True,True,0,3.2828648108989,5.648590776149463,2f85c2107ef71d275093429fc8e8e94252e24e272a01432a8d7b9e3b1ec112c4
3,original-selected,fixed5,119,False,True,True,True,True,True,1,4.291543737053871,6.227859973431891,2f85c2107ef71d275093429fc8e8e94252e24e272a01432a8d7b9e3b1ec112c4
3,original-selected,fixed5,120,True,True,True,True,True,True,2,3.9654187858104706,6.737112047758871,2f85c2107ef71d275093429fc8e8e94252e24e272a01432a8d7b9e3b1ec112c4
3,original-selected,fixed5,121,False,True,True,True,True,True,1,3.5893647000193596,6.937350142335196,2f85c2107ef71d275093429fc8e8e94252e24e272a01432a8d7b9e3b1ec112c4
3,original-selected,fixed5,122,True,True,True,True,True,True,2,3.798640798777342,7.529404173083419,2f85c2107ef71d275093429fc8e8e94252e24e272a01432a8d7b9e3b1ec112c4
3,original-selected,fixed5,123,True,True,True,True,True,True,2,4.328306298702955,6.487068213754814,2f85c2107ef71d275093429fc8e8e94252e24e272a01432a8d7b9e3b1ec112c4
3,original-selected,fixed5,124,True,True,True,True,True,True,2,3.630639985203743,6.3649047309204345,2f85c2107ef71d275093429fc8e8e94252e24e272a01432a8d7b9e3b1ec112c4
3,original-selected,fixed5,125,False,True,True,True,True,True,1,3.849028842523694,5.430214687345346,2f85c2107ef71d275093429fc8e8e94252e24e272a01432a8d7b9e3b1ec112c4
3,original-selected,fixed5,126,True,True,True,True,True,True,2,3.8726103957742453,6.430944549344819,2f85c2107ef71d275093429fc8e8e94252e24e272a01432a8d7b9e3b1ec112c4
3,original-selected,fixed5,127,False,True,True,True,True,True,1,3.889043815433979,5.439976735216587,2f85c2107ef71d275093429fc8e8e94252e24e272a01432a8d7b9e3b1ec112c4
3,original-selected,arrival,0,True,True,True,True,True,True,16,4.720073658972979,12.840568663195443,2f85c2107ef71d275093429fc8e8e94252e24e272a01432a8d7b9e3b1ec112c4
3,original-selected,arrival,1,True,True,True,True,True,True,15,4.263870418071747,5.151548091850703,2f85c2107ef71d275093429fc8e8e94252e24e272a01432a8d7b9e3b1ec112c4
3,original-selected,arrival,2,True,True,True,True,True,True,15,3.6600022576749325,6.4820147275426505,2f85c2107ef71d275093429fc8e8e94252e24e272a01432a8d7b9e3b1ec112c4
3,original-selected,arrival,3,True,True,True,True,True,True,15,3.354286076501012,7.432023604765608,2f85c2107ef71d275093429fc8e8e94252e24e272a01432a8d7b9e3b1ec112c4
3,original-selected,arrival,4,True,True,True,True,True,True,15,3.976142965257168,8.234765492633452,2f85c2107ef71d275093429fc8e8e94252e24e272a01432a8d7b9e3b1ec112c4
3,original-selected,arrival,5,True,True,True,True,True,True,15,2.4499716237187386,5.296080017330051,2f85c2107ef71d275093429fc8e8e94252e24e272a01432a8d7b9e3b1ec112c4
3,original-selected,arrival,6,True,True,True,True,True,True,12,2.6543820276856422,5.802250395680886,2f85c2107ef71d275093429fc8e8e94252e24e272a01432a8d7b9e3b1ec112c4
3,original-selected,arrival,7,True,True,True,True,True,True,15,3.553299466148019,6.4198279895837995,2f85c2107ef71d275093429fc8e8e94252e24e272a01432a8d7b9e3b1ec112c4
3,original-selected,arrival,8,True,True,True,True,True,True,16,2.4934897664934397,5.513406391436101,2f85c2107ef71d275093429fc8e8e94252e24e272a01432a8d7b9e3b1ec112c4
3,original-selected,arrival,9,True,True,True,True,True,True,17,3.012853441759944,6.754180690494733,2f85c2107ef71d275093429fc8e8e94252e24e272a01432a8d7b9e3b1ec112c4
3,original-selected,arrival,10,True,True,True,True,True,True,15,2.508237026631832,5.678706360860518,2f85c2107ef71d275093429fc8e8e94252e24e272a01432a8d7b9e3b1ec112c4
3,original-selected,arrival,11,True,True,True,True,True,True,15,3.8408406544476748,6.682969565095004,2f85c2107ef71d275093429fc8e8e94252e24e272a01432a8d7b9e3b1ec112c4
3,original-selected,arrival,12,True,True,True,True,True,True,15,2.973855473101139,6.290343397732814,2f85c2107ef71d275093429fc8e8e94252e24e272a01432a8d7b9e3b1ec112c4
3,original-selected,arrival,13,True,True,True,True,True,True,16,3.9590061642229557,6.353907699469891,2f85c2107ef71d275093429fc8e8e94252e24e272a01432a8d7b9e3b1ec112c4
3,original-selected,arrival,14,True,True,True,True,True,True,17,3.048853250220418,6.313687703655448,2f85c2107ef71d275093429fc8e8e94252e24e272a01432a8d7b9e3b1ec112c4
3,original-selected,arrival,15,True,True,True,True,True,True,17,2.8581118676811457,5.095634455757686,2f85c2107ef71d275093429fc8e8e94252e24e272a01432a8d7b9e3b1ec112c4
3,original-selected,arrival,16,True,True,True,True,True,True,15,2.3385784588754177,5.260210425130083,2f85c2107ef71d275093429fc8e8e94252e24e272a01432a8d7b9e3b1ec112c4
3,original-selected,arrival,17,True,True,True,True,True,True,6,3.7397597916424274,6.581224079010732,2f85c2107ef71d275093429fc8e8e94252e24e272a01432a8d7b9e3b1ec112c4
3,original-selected,arrival,18,True,True,True,True,True,True,17,2.6061036624014378,5.80493167181694,2f85c2107ef71d275093429fc8e8e94252e24e272a01432a8d7b9e3b1ec112c4
3,original-selected,arrival,19,True,True,True,True,True,True,15,3.1759291887283325,5.614870985990756,2f85c2107ef71d275093429fc8e8e94252e24e272a01432a8d7b9e3b1ec112c4
3,original-selected,arrival,20,True,True,True,True,True,True,14,4.08078171312809,5.9433766180853365,2f85c2107ef71d275093429fc8e8e94252e24e272a01432a8d7b9e3b1ec112c4
3,original-selected,arrival,21,True,True,True,False,False,True,11,5.856847856193781,9.067783047771023,2f85c2107ef71d275093429fc8e8e94252e24e272a01432a8d7b9e3b1ec112c4
3,original-selected,arrival,22,True,True,True,True,True,True,18,5.075138993561268,8.167051850975591,2f85c2107ef71d275093429fc8e8e94252e24e272a01432a8d7b9e3b1ec112c4
3,original-selected,arrival,23,True,True,True,True,True,True,5,6.7995707504451275,9.127595868106471,2f85c2107ef71d275093429fc8e8e94252e24e272a01432a8d7b9e3b1ec112c4
3,original-selected,arrival,24,True,True,True,True,True,True,15,3.524742554873228,6.474860531273885,2f85c2107ef71d275093429fc8e8e94252e24e272a01432a8d7b9e3b1ec112c4
3,original-selected,arrival,25,True,True,True,True,True,True,6,4.373373463749886,7.063140455618852,2f85c2107ef71d275093429fc8e8e94252e24e272a01432a8d7b9e3b1ec112c4
3,original-selected,arrival,26,True,True,True,True,True,True,18,2.9964190907776356,6.527377002028467,2f85c2107ef71d275093429fc8e8e94252e24e272a01432a8d7b9e3b1ec112c4
3,original-selected,arrival,27,True,True,True,True,True,True,14,4.565066657960415,6.685419895459746,2f85c2107ef71d275093429fc8e8e94252e24e272a01432a8d7b9e3b1ec112c4
3,original-selected,arrival,28,True,True,True,True,True,True,15,2.845062641426921,6.5762713380888265,2f85c2107ef71d275093429fc8e8e94252e24e272a01432a8d7b9e3b1ec112c4
3,original-selected,arrival,29,True,True,True,True,True,True,17,3.079549875110388,6.490960140921252,2f85c2107ef71d275093429fc8e8e94252e24e272a01432a8d7b9e3b1ec112c4
3,original-selected,arrival,30,True,True,True,True,True,True,16,3.3660614863038063,6.686604079507097,2f85c2107ef71d275093429fc8e8e94252e24e272a01432a8d7b9e3b1ec112c4
3,original-selected,arrival,31,True,True,True,True,True,True,15,4.116556607186794,7.039788892620225,2f85c2107ef71d275093429fc8e8e94252e24e272a01432a8d7b9e3b1ec112c4
3,original-selected,arrival,32,True,True,True,True,True,True,15,3.0641311313956976,6.0391021461898875,2f85c2107ef71d275093429fc8e8e94252e24e272a01432a8d7b9e3b1ec112c4
3,original-selected,arrival,33,True,True,True,True,True,True,16,2.6304556522518396,6.041385990693611,2f85c2107ef71d275093429fc8e8e94252e24e272a01432a8d7b9e3b1ec112c4
3,original-selected,arrival,34,True,True,True,True,True,True,16,3.3545722253620625,5.581990028439492,2f85c2107ef71d275093429fc8e8e94252e24e272a01432a8d7b9e3b1ec112c4
3,original-selected,arrival,35,True,True,False,True,True,True,6,6.170969922095537,14.335648407413398,2f85c2107ef71d275093429fc8e8e94252e24e272a01432a8d7b9e3b1ec112c4
3,original-selected,arrival,36,True,True,True,True,True,True,18,3.1667607836425304,7.085459379392338,2f85c2107ef71d275093429fc8e8e94252e24e272a01432a8d7b9e3b1ec112c4
3,original-selected,arrival,37,True,True,True,True,True,True,17,3.7626607809215784,6.762434547219871,2f85c2107ef71d275093429fc8e8e94252e24e272a01432a8d7b9e3b1ec112c4
3,original-selected,arrival,38,True,True,True,True,True,True,15,2.703817095607519,5.91182840119587,2f85c2107ef71d275093429fc8e8e94252e24e272a01432a8d7b9e3b1ec112c4
3,original-selected,arrival,39,True,True,True,True,True,True,16,3.9369408041238785,5.909096752414689,2f85c2107ef71d275093429fc8e8e94252e24e272a01432a8d7b9e3b1ec112c4
3,original-selected,arrival,40,True,True,True,True,True,True,17,2.562088193371892,5.856184984461892,2f85c2107ef71d275093429fc8e8e94252e24e272a01432a8d7b9e3b1ec112c4
3,original-selected,arrival,41,True,True,True,True,True,True,16,2.698976779356599,5.809118150891334,2f85c2107ef71d275093429fc8e8e94252e24e272a01432a8d7b9e3b1ec112c4
3,original-selected,arrival,42,True,True,True,True,True,True,16,4.147775936871767,7.449822223969015,2f85c2107ef71d275093429fc8e8e94252e24e272a01432a8d7b9e3b1ec112c4
3,original-selected,arrival,43,True,True,True,True,True,True,17,3.089806530624628,6.129245275308423,2f85c2107ef71d275093429fc8e8e94252e24e272a01432a8d7b9e3b1ec112c4
3,original-selected,arrival,44,True,True,True,True,True,True,11,3.1490183901041746,6.448481486925649,2f85c2107ef71d275093429fc8e8e94252e24e272a01432a8d7b9e3b1ec112c4
3,original-selected,arrival,45,True,True,True,True,True,True,7,4.500004928559065,5.353176983696772,2f85c2107ef71d275093429fc8e8e94252e24e272a01432a8d7b9e3b1ec112c4
3,original-selected,arrival,46,True,True,True,True,True,True,13,2.9985939618200064,5.333003166209493,2f85c2107ef71d275093429fc8e8e94252e24e272a01432a8d7b9e3b1ec112c4
3,original-selected,arrival,47,True,True,True,True,True,True,15,2.7830060571432114,5.77084817408493,2f85c2107ef71d275093429fc8e8e94252e24e272a01432a8d7b9e3b1ec112c4
3,original-selected,arrival,48,True,False,False,True,True,True,9,52.25028097629547,145.69059877014828,2f85c2107ef71d275093429fc8e8e94252e24e272a01432a8d7b9e3b1ec112c4
3,original-selected,arrival,49,True,True,True,True,True,True,13,5.026602186262608,11.111617265380728,2f85c2107ef71d275093429fc8e8e94252e24e272a01432a8d7b9e3b1ec112c4
3,original-selected,arrival,50,True,True,True,True,True,True,17,3.808877896517515,6.403202455370343,2f85c2107ef71d275093429fc8e8e94252e24e272a01432a8d7b9e3b1ec112c4
3,original-selected,arrival,51,True,True,True,True,True,True,16,3.7711465265601873,6.969069113953913,2f85c2107ef71d275093429fc8e8e94252e24e272a01432a8d7b9e3b1ec112c4
3,original-selected,arrival,52,True,True,True,True,True,True,17,3.1232580076903105,6.862445165254959,2f85c2107ef71d275093429fc8e8e94252e24e272a01432a8d7b9e3b1ec112c4
3,original-selected,arrival,53,True,True,True,True,True,True,15,3.2805900555104017,6.651911841165309,2f85c2107ef71d275093429fc8e8e94252e24e272a01432a8d7b9e3b1ec112c4
3,original-selected,arrival,54,True,True,True,True,True,True,14,3.7189251743257046,5.935301626939088,2f85c2107ef71d275093429fc8e8e94252e24e272a01432a8d7b9e3b1ec112c4
3,original-selected,arrival,55,True,True,True,True,True,True,15,4.003860522061586,7.705421563089232,2f85c2107ef71d275093429fc8e8e94252e24e272a01432a8d7b9e3b1ec112c4
3,original-selected,arrival,56,True,True,True,True,True,True,16,3.106147749349475,6.606159819009979,2f85c2107ef71d275093429fc8e8e94252e24e272a01432a8d7b9e3b1ec112c4
3,original-selected,arrival,57,True,True,True,True,True,True,14,2.7675640303641558,6.273956920140307,2f85c2107ef71d275093429fc8e8e94252e24e272a01432a8d7b9e3b1ec112c4
3,original-selected,arrival,58,True,True,True,True,True,True,10,3.5767729859799147,7.190207587390477,2f85c2107ef71d275093429fc8e8e94252e24e272a01432a8d7b9e3b1ec112c4
3,original-selected,arrival,59,True,True,True,True,True,True,14,3.4049160312861204,6.920659294437801,2f85c2107ef71d275093429fc8e8e94252e24e272a01432a8d7b9e3b1ec112c4
3,original-selected,arrival,60,True,True,True,True,True,True,15,3.0751670710742474,5.776275613154151,2f85c2107ef71d275093429fc8e8e94252e24e272a01432a8d7b9e3b1ec112c4
3,original-selected,arrival,61,True,True,True,True,True,True,13,3.856352297589183,6.341244101861864,2f85c2107ef71d275093429fc8e8e94252e24e272a01432a8d7b9e3b1ec112c4
3,original-selected,arrival,62,True,True,True,True,True,True,14,4.042510874569416,5.6319507277840195,2f85c2107ef71d275093429fc8e8e94252e24e272a01432a8d7b9e3b1ec112c4
3,original-selected,arrival,63,True,True,True,True,True,True,14,2.7081251610070467,5.136757317203041,2f85c2107ef71d275093429fc8e8e94252e24e272a01432a8d7b9e3b1ec112c4
3,original-selected,arrival,64,True,True,True,False,False,True,18,7.704767398536205,5.936823905350355,2f85c2107ef71d275093429fc8e8e94252e24e272a01432a8d7b9e3b1ec112c4
3,original-selected,arrival,65,True,True,True,True,True,True,16,3.825155319646001,6.825642825346462,2f85c2107ef71d275093429fc8e8e94252e24e272a01432a8d7b9e3b1ec112c4
3,original-selected,arrival,66,True,True,True,True,True,True,16,3.025724086910486,6.118200005646867,2f85c2107ef71d275093429fc8e8e94252e24e272a01432a8d7b9e3b1ec112c4
3,original-selected,arrival,67,True,True,True,True,True,True,16,3.2950411550700665,6.401596934028566,2f85c2107ef71d275093429fc8e8e94252e24e272a01432a8d7b9e3b1ec112c4
3,original-selected,arrival,68,True,True,True,True,True,True,16,2.532006474211812,5.656127889898572,2f85c2107ef71d275093429fc8e8e94252e24e272a01432a8d7b9e3b1ec112c4
3,original-selected,arrival,69,True,True,True,True,True,True,16,3.0990871600806713,6.261527683398176,2f85c2107ef71d275093429fc8e8e94252e24e272a01432a8d7b9e3b1ec112c4
3,original-selected,arrival,70,True,True,True,True,True,True,14,3.6490634083747864,6.42824747839631,2f85c2107ef71d275093429fc8e8e94252e24e272a01432a8d7b9e3b1ec112c4
3,original-selected,arrival,71,True,True,True,True,True,True,15,3.6211281549185514,5.173206194821991,2f85c2107ef71d275093429fc8e8e94252e24e272a01432a8d7b9e3b1ec112c4
3,original-selected,arrival,72,True,True,True,True,True,True,17,3.259704215452075,5.878568795032493,2f85c2107ef71d275093429fc8e8e94252e24e272a01432a8d7b9e3b1ec112c4
3,original-selected,arrival,73,True,True,True,True,True,True,15,2.9820858035236597,6.481061062379787,2f85c2107ef71d275093429fc8e8e94252e24e272a01432a8d7b9e3b1ec112c4
3,original-selected,arrival,74,True,True,True,True,True,True,16,2.713809721171856,6.425206336668362,2f85c2107ef71d275093429fc8e8e94252e24e272a01432a8d7b9e3b1ec112c4
3,original-selected,arrival,75,True,True,True,True,True,True,17,2.8594762552529573,5.176836013479029,2f85c2107ef71d275093429fc8e8e94252e24e272a01432a8d7b9e3b1ec112c4
3,original-selected,arrival,76,True,True,True,True,True,True,16,2.744941972196102,6.589250405059143,2f85c2107ef71d275093429fc8e8e94252e24e272a01432a8d7b9e3b1ec112c4
3,original-selected,arrival,77,True,True,True,True,True,True,14,4.454751033335924,5.988615522279269,2f85c2107ef71d275093429fc8e8e94252e24e272a01432a8d7b9e3b1ec112c4
3,original-selected,arrival,78,True,True,True,True,True,True,14,3.046512370929122,5.218086940971322,2f85c2107ef71d275093429fc8e8e94252e24e272a01432a8d7b9e3b1ec112c4
3,original-selected,arrival,79,True,True,True,True,True,True,15,2.7373030316084623,6.513357184983369,2f85c2107ef71d275093429fc8e8e94252e24e272a01432a8d7b9e3b1ec112c4
3,original-selected,arrival,80,True,True,True,True,True,True,12,3.2353627029806376,6.165667259057517,2f85c2107ef71d275093429fc8e8e94252e24e272a01432a8d7b9e3b1ec112c4
3,original-selected,arrival,81,True,True,True,True,True,True,15,2.9760911129415035,5.979867757499775,2f85c2107ef71d275093429fc8e8e94252e24e272a01432a8d7b9e3b1ec112c4
3,original-selected,arrival,82,True,False,False,True,True,True,3,28.911173343658447,101.68300692883913,2f85c2107ef71d275093429fc8e8e94252e24e272a01432a8d7b9e3b1ec112c4
3,original-selected,arrival,83,True,True,True,True,True,True,16,2.805851399898529,4.729560221907098,2f85c2107ef71d275093429fc8e8e94252e24e272a01432a8d7b9e3b1ec112c4
3,original-selected,arrival,84,True,True,True,True,True,True,16,3.760918043553829,7.022978943299177,2f85c2107ef71d275093429fc8e8e94252e24e272a01432a8d7b9e3b1ec112c4
3,original-selected,arrival,85,True,True,True,True,True,True,16,3.825137857347727,6.686911438019747,2f85c2107ef71d275093429fc8e8e94252e24e272a01432a8d7b9e3b1ec112c4
3,original-selected,arrival,86,True,True,True,True,True,True,16,3.2632965594530106,6.762477662789006,2f85c2107ef71d275093429fc8e8e94252e24e272a01432a8d7b9e3b1ec112c4
3,original-selected,arrival,87,True,True,True,True,True,True,12,3.532947273924947,7.654324917908367,2f85c2107ef71d275093429fc8e8e94252e24e272a01432a8d7b9e3b1ec112c4
3,original-selected,arrival,88,True,True,True,True,True,True,17,2.7154895942658186,5.971901622493425,2f85c2107ef71d275093429fc8e8e94252e24e272a01432a8d7b9e3b1ec112c4
3,original-selected,arrival,89,True,True,True,True,True,True,15,3.367776283994317,6.420770555689262,2f85c2107ef71d275093429fc8e8e94252e24e272a01432a8d7b9e3b1ec112c4
3,original-selected,arrival,90,True,True,True,True,True,True,16,2.7006950695067644,5.706915042132671,2f85c2107ef71d275093429fc8e8e94252e24e272a01432a8d7b9e3b1ec112c4
3,original-selected,arrival,91,True,True,True,True,True,True,15,2.893927041441202,6.316088515148707,2f85c2107ef71d275093429fc8e8e94252e24e272a01432a8d7b9e3b1ec112c4
3,original-selected,arrival,92,True,True,True,True,True,True,14,2.9706929344683886,5.795800135783455,2f85c2107ef71d275093429fc8e8e94252e24e272a01432a8d7b9e3b1ec112c4
3,original-selected,arrival,93,True,True,True,True,True,True,14,3.6255866289138794,6.494028176519056,2f85c2107ef71d275093429fc8e8e94252e24e272a01432a8d7b9e3b1ec112c4
3,original-selected,arrival,94,True,True,True,True,True,True,17,3.3316079061478376,6.510365135240081,2f85c2107ef71d275093429fc8e8e94252e24e272a01432a8d7b9e3b1ec112c4
3,original-selected,arrival,95,True,True,True,True,True,True,15,2.8009270317852497,6.40021937025034,2f85c2107ef71d275093429fc8e8e94252e24e272a01432a8d7b9e3b1ec112c4
3,original-selected,arrival,96,True,True,True,True,True,True,16,3.0748944263905287,6.64561611429785,2f85c2107ef71d275093429fc8e8e94252e24e272a01432a8d7b9e3b1ec112c4
3,original-selected,arrival,97,True,False,False,True,True,True,9,61.504870653152466,124.8556258014013,2f85c2107ef71d275093429fc8e8e94252e24e272a01432a8d7b9e3b1ec112c4
3,original-selected,arrival,98,True,True,True,True,True,True,14,3.047224134206772,6.742812267508071,2f85c2107ef71d275093429fc8e8e94252e24e272a01432a8d7b9e3b1ec112c4
3,original-selected,arrival,99,True,True,True,True,True,True,9,2.2133050952106714,5.684600387227417,2f85c2107ef71d275093429fc8e8e94252e24e272a01432a8d7b9e3b1ec112c4
3,original-selected,arrival,100,True,True,True,True,True,True,15,3.4891413524746895,6.957680200399739,2f85c2107ef71d275093429fc8e8e94252e24e272a01432a8d7b9e3b1ec112c4
3,original-selected,arrival,101,True,True,True,True,True,True,16,2.6757174637168646,5.8084927616954545,2f85c2107ef71d275093429fc8e8e94252e24e272a01432a8d7b9e3b1ec112c4
3,original-selected,arrival,102,True,True,True,True,True,True,15,3.504256485030055,6.902600701159111,2f85c2107ef71d275093429fc8e8e94252e24e272a01432a8d7b9e3b1ec112c4
3,original-selected,arrival,103,True,True,True,True,True,True,15,2.6519012171775103,5.724227010357715,2f85c2107ef71d275093429fc8e8e94252e24e272a01432a8d7b9e3b1ec112c4
3,original-selected,arrival,104,True,True,True,True,True,True,17,3.5851288121193647,5.878846271467525,2f85c2107ef71d275093429fc8e8e94252e24e272a01432a8d7b9e3b1ec112c4
3,original-selected,arrival,105,True,True,True,True,True,True,14,2.7489529456943274,5.632612829246688,2f85c2107ef71d275093429fc8e8e94252e24e272a01432a8d7b9e3b1ec112c4
3,original-selected,arrival,106,True,False,False,True,True,True,11,54.36296388506889,112.76362964953998,2f85c2107ef71d275093429fc8e8e94252e24e272a01432a8d7b9e3b1ec112c4
3,original-selected,arrival,107,True,True,True,True,True,True,15,4.253811668604612,6.227833079562034,2f85c2107ef71d275093429fc8e8e94252e24e272a01432a8d7b9e3b1ec112c4
3,original-selected,arrival,108,True,True,True,False,False,True,16,2.841583453118801,6.189268550847673,2f85c2107ef71d275093429fc8e8e94252e24e272a01432a8d7b9e3b1ec112c4
3,original-selected,arrival,109,True,True,True,True,True,True,17,2.172056119889021,5.823473927866232,2f85c2107ef71d275093429fc8e8e94252e24e272a01432a8d7b9e3b1ec112c4
3,original-selected,arrival,110,True,True,True,True,True,True,17,3.2879312057048082,6.762688544879631,2f85c2107ef71d275093429fc8e8e94252e24e272a01432a8d7b9e3b1ec112c4
3,original-selected,arrival,111,True,True,True,True,True,True,14,2.692127600312233,6.5587706858879615,2f85c2107ef71d275093429fc8e8e94252e24e272a01432a8d7b9e3b1ec112c4
3,original-selected,arrival,112,True,True,True,True,True,True,14,3.0896796379238367,6.755738400512319,2f85c2107ef71d275093429fc8e8e94252e24e272a01432a8d7b9e3b1ec112c4
3,original-selected,arrival,113,True,True,True,True,True,True,15,3.824099898338318,6.564583603758465,2f85c2107ef71d275093429fc8e8e94252e24e272a01432a8d7b9e3b1ec112c4
3,original-selected,arrival,114,True,True,True,True,True,True,13,3.1124509405344725,5.899889230526688,2f85c2107ef71d275093429fc8e8e94252e24e272a01432a8d7b9e3b1ec112c4
3,original-selected,arrival,115,True,True,True,True,True,True,17,3.1455866992473602,6.710563102455032,2f85c2107ef71d275093429fc8e8e94252e24e272a01432a8d7b9e3b1ec112c4
3,original-selected,arrival,116,True,True,True,True,True,True,14,3.080627880990505,5.8694355514517165,2f85c2107ef71d275093429fc8e8e94252e24e272a01432a8d7b9e3b1ec112c4
3,original-selected,arrival,117,True,True,True,True,True,True,13,4.320136271417141,5.7490231583658,2f85c2107ef71d275093429fc8e8e94252e24e272a01432a8d7b9e3b1ec112c4
3,original-selected,arrival,118,True,True,True,True,True,True,14,2.737540751695633,5.4513985190561405,2f85c2107ef71d275093429fc8e8e94252e24e272a01432a8d7b9e3b1ec112c4
3,original-selected,arrival,119,True,False,False,True,True,True,13,64.4383579492569,123.21538319297943,2f85c2107ef71d275093429fc8e8e94252e24e272a01432a8d7b9e3b1ec112c4
3,original-selected,arrival,120,True,True,True,True,True,True,16,3.3179556485265493,7.37629011491195,2f85c2107ef71d275093429fc8e8e94252e24e272a01432a8d7b9e3b1ec112c4
3,original-selected,arrival,121,True,True,True,True,True,True,15,3.730430733412504,6.578318687292538,2f85c2107ef71d275093429fc8e8e94252e24e272a01432a8d7b9e3b1ec112c4
3,original-selected,arrival,122,True,False,False,True,True,True,5,51.00960657000542,74.04388830138465,2f85c2107ef71d275093429fc8e8e94252e24e272a01432a8d7b9e3b1ec112c4
3,original-selected,arrival,123,True,True,True,True,True,True,15,4.423224832862616,7.118998169538039,2f85c2107ef71d275093429fc8e8e94252e24e272a01432a8d7b9e3b1ec112c4
3,original-selected,arrival,124,True,True,True,True,True,True,7,5.0661154091358185,7.414192542163644,2f85c2107ef71d275093429fc8e8e94252e24e272a01432a8d7b9e3b1ec112c4
3,original-selected,arrival,125,True,True,True,True,True,True,14,3.534135175868869,5.63572013843222,2f85c2107ef71d275093429fc8e8e94252e24e272a01432a8d7b9e3b1ec112c4
3,original-selected,arrival,126,True,True,True,True,True,True,17,2.397365402430296,6.377761281372514,2f85c2107ef71d275093429fc8e8e94252e24e272a01432a8d7b9e3b1ec112c4
3,original-selected,arrival,127,True,True,True,True,True,True,15,3.4113789442926645,6.12909458425986,2f85c2107ef71d275093429fc8e8e94252e24e272a01432a8d7b9e3b1ec112c4
3,dense1-final,fixed2,0,False,True,True,True,True,True,4,4.937235731631517,11.545242070122741,fae13402080f3fac1665d61c69cdc078302b15ea75db8b14c85e500073d748cd
3,dense1-final,fixed2,1,True,True,True,True,True,True,5,5.072953179478645,6.823282994988221,fae13402080f3fac1665d61c69cdc078302b15ea75db8b14c85e500073d748cd
3,dense1-final,fixed2,2,True,True,True,True,True,True,5,5.930221639573574,10.725591195190885,fae13402080f3fac1665d61c69cdc078302b15ea75db8b14c85e500073d748cd
3,dense1-final,fixed2,3,True,True,True,True,True,True,5,3.718465566635132,7.268999795882098,fae13402080f3fac1665d61c69cdc078302b15ea75db8b14c85e500073d748cd
3,dense1-final,fixed2,4,True,True,True,True,True,True,5,4.1575985960662365,6.528747735617523,fae13402080f3fac1665d61c69cdc078302b15ea75db8b14c85e500073d748cd
3,dense1-final,fixed2,5,False,True,True,True,True,True,1,4.625944886356592,8.51228973898941,fae13402080f3fac1665d61c69cdc078302b15ea75db8b14c85e500073d748cd
3,dense1-final,fixed2,6,True,True,True,True,True,True,5,3.548462176695466,5.963185447338843,fae13402080f3fac1665d61c69cdc078302b15ea75db8b14c85e500073d748cd
3,dense1-final,fixed2,7,True,True,True,True,True,True,5,4.511089995503426,5.672109678782756,fae13402080f3fac1665d61c69cdc078302b15ea75db8b14c85e500073d748cd
3,dense1-final,fixed2,8,True,True,True,True,True,True,5,3.6038358230143785,5.53940764094587,fae13402080f3fac1665d61c69cdc078302b15ea75db8b14c85e500073d748cd
3,dense1-final,fixed2,9,True,True,True,True,True,True,5,3.7601462099701166,6.003181754457968,fae13402080f3fac1665d61c69cdc078302b15ea75db8b14c85e500073d748cd
3,dense1-final,fixed2,10,True,True,True,True,True,True,5,4.228284116834402,7.269621343096569,fae13402080f3fac1665d61c69cdc078302b15ea75db8b14c85e500073d748cd
3,dense1-final,fixed2,11,True,True,True,True,True,True,5,4.346843343228102,5.940382433907931,fae13402080f3fac1665d61c69cdc078302b15ea75db8b14c85e500073d748cd
3,dense1-final,fixed2,12,True,True,True,True,True,True,5,4.0505933575332165,6.220486357336039,fae13402080f3fac1665d61c69cdc078302b15ea75db8b14c85e500073d748cd
3,dense1-final,fixed2,13,True,True,True,True,True,True,5,3.6954451352357864,5.816313755181943,fae13402080f3fac1665d61c69cdc078302b15ea75db8b14c85e500073d748cd
3,dense1-final,fixed2,14,True,True,True,True,True,True,5,5.09842112660408,8.339703665267882,fae13402080f3fac1665d61c69cdc078302b15ea75db8b14c85e500073d748cd
3,dense1-final,fixed2,15,True,True,True,True,True,True,5,4.761986434459686,5.0895466227730894,fae13402080f3fac1665d61c69cdc078302b15ea75db8b14c85e500073d748cd
3,dense1-final,fixed2,16,True,True,True,True,True,True,5,4.411647096276283,7.999213612500868,fae13402080f3fac1665d61c69cdc078302b15ea75db8b14c85e500073d748cd
3,dense1-final,fixed2,17,True,True,True,True,True,True,5,3.6765574477612972,6.89079429229192,fae13402080f3fac1665d61c69cdc078302b15ea75db8b14c85e500073d748cd
3,dense1-final,fixed2,18,False,False,False,True,True,True,0,59.81782823801041,111.50063204935624,fae13402080f3fac1665d61c69cdc078302b15ea75db8b14c85e500073d748cd
3,dense1-final,fixed2,19,True,True,True,True,True,True,5,4.768961574882269,5.8468391512431985,fae13402080f3fac1665d61c69cdc078302b15ea75db8b14c85e500073d748cd
3,dense1-final,fixed2,20,True,True,True,True,True,True,5,5.497944541275501,8.252487272208697,fae13402080f3fac1665d61c69cdc078302b15ea75db8b14c85e500073d748cd
3,dense1-final,fixed2,21,True,True,True,False,False,True,5,4.468476865440607,8.599732382064852,fae13402080f3fac1665d61c69cdc078302b15ea75db8b14c85e500073d748cd
3,dense1-final,fixed2,22,False,True,True,True,True,False,0,4.507239442318678,7.74833393409713,fae13402080f3fac1665d61c69cdc078302b15ea75db8b14c85e500073d748cd
3,dense1-final,fixed2,23,False,True,True,True,True,True,0,5.588662810623646,7.168450873563048,fae13402080f3fac1665d61c69cdc078302b15ea75db8b14c85e500073d748cd
3,dense1-final,fixed2,24,True,True,True,True,True,True,5,4.844654817134142,6.717211864725217,fae13402080f3fac1665d61c69cdc078302b15ea75db8b14c85e500073d748cd
3,dense1-final,fixed2,25,True,True,True,True,True,True,5,5.133920349180698,7.161129337659617,fae13402080f3fac1665d61c69cdc078302b15ea75db8b14c85e500073d748cd
3,dense1-final,fixed2,26,False,True,True,True,True,True,2,5.075859371572733,7.260097498072632,fae13402080f3fac1665d61c69cdc078302b15ea75db8b14c85e500073d748cd
3,dense1-final,fixed2,27,False,False,False,True,True,True,4,64.15330618619919,107.93266417034664,fae13402080f3fac1665d61c69cdc078302b15ea75db8b14c85e500073d748cd
3,dense1-final,fixed2,28,True,True,True,True,True,True,5,4.218380898237228,6.2558906428988,fae13402080f3fac1665d61c69cdc078302b15ea75db8b14c85e500073d748cd
3,dense1-final,fixed2,29,True,True,True,True,True,True,5,4.264432936906815,7.2678617156116445,fae13402080f3fac1665d61c69cdc078302b15ea75db8b14c85e500073d748cd
3,dense1-final,fixed2,30,True,True,True,True,True,True,5,4.304669331759214,5.977188615797838,fae13402080f3fac1665d61c69cdc078302b15ea75db8b14c85e500073d748cd
3,dense1-final,fixed2,31,True,True,True,True,True,True,5,7.323640864342451,7.966345034667475,fae13402080f3fac1665d61c69cdc078302b15ea75db8b14c85e500073d748cd
3,dense1-final,fixed2,32,True,True,True,True,True,True,5,4.563209600746632,6.1825519135726115,fae13402080f3fac1665d61c69cdc078302b15ea75db8b14c85e500073d748cd
3,dense1-final,fixed2,33,True,True,True,True,True,True,5,3.5537981893867254,7.306967963704552,fae13402080f3fac1665d61c69cdc078302b15ea75db8b14c85e500073d748cd
3,dense1-final,fixed2,34,True,True,True,True,True,True,5,5.046418402343988,7.621565623101693,fae13402080f3fac1665d61c69cdc078302b15ea75db8b14c85e500073d748cd
3,dense1-final,fixed2,35,True,True,True,True,True,True,5,3.913010936230421,6.311015819029504,fae13402080f3fac1665d61c69cdc078302b15ea75db8b14c85e500073d748cd
3,dense1-final,fixed2,36,True,True,True,True,True,True,5,4.7560823149979115,7.4785312165978715,fae13402080f3fac1665d61c69cdc078302b15ea75db8b14c85e500073d748cd
3,dense1-final,fixed2,37,True,True,True,True,True,True,5,5.303079262375832,7.472986810539114,fae13402080f3fac1665d61c69cdc078302b15ea75db8b14c85e500073d748cd
3,dense1-final,fixed2,38,True,True,True,True,True,True,5,4.178913310170174,5.614110273671947,fae13402080f3fac1665d61c69cdc078302b15ea75db8b14c85e500073d748cd
3,dense1-final,fixed2,39,True,True,True,True,True,True,5,5.1573216915130615,7.173466793734775,fae13402080f3fac1665d61c69cdc078302b15ea75db8b14c85e500073d748cd
3,dense1-final,fixed2,40,True,True,True,True,True,True,5,4.368574824184179,6.907854397291319,fae13402080f3fac1665d61c69cdc078302b15ea75db8b14c85e500073d748cd
3,dense1-final,fixed2,41,True,True,True,True,True,True,5,3.5131415352225304,5.698809742021982,fae13402080f3fac1665d61c69cdc078302b15ea75db8b14c85e500073d748cd
3,dense1-final,fixed2,42,True,True,True,True,True,True,5,3.9323801174759865,6.121539968151003,fae13402080f3fac1665d61c69cdc078302b15ea75db8b14c85e500073d748cd
3,dense1-final,fixed2,43,True,True,True,True,True,True,5,4.691677168011665,7.68325333036431,fae13402080f3fac1665d61c69cdc078302b15ea75db8b14c85e500073d748cd
3,dense1-final,fixed2,44,True,True,True,True,True,True,5,4.503918346017599,6.111616130173798,fae13402080f3fac1665d61c69cdc078302b15ea75db8b14c85e500073d748cd
3,dense1-final,fixed2,45,True,True,True,True,True,True,5,4.484659526497126,7.143055803342117,fae13402080f3fac1665d61c69cdc078302b15ea75db8b14c85e500073d748cd
3,dense1-final,fixed2,46,True,True,True,True,True,True,5,4.461951553821564,6.909098345493908,fae13402080f3fac1665d61c69cdc078302b15ea75db8b14c85e500073d748cd
3,dense1-final,fixed2,47,True,True,True,True,True,True,5,4.5359330251812935,7.364368873489339,fae13402080f3fac1665d61c69cdc078302b15ea75db8b14c85e500073d748cd
3,dense1-final,fixed2,48,True,True,True,True,True,True,5,4.653667565435171,6.897431955504703,fae13402080f3fac1665d61c69cdc078302b15ea75db8b14c85e500073d748cd
3,dense1-final,fixed2,49,False,True,True,True,True,True,3,5.8554187417030334,10.934695729083533,fae13402080f3fac1665d61c69cdc078302b15ea75db8b14c85e500073d748cd
3,dense1-final,fixed2,50,True,True,True,True,True,True,5,5.417486187070608,7.488259967296909,fae13402080f3fac1665d61c69cdc078302b15ea75db8b14c85e500073d748cd
3,dense1-final,fixed2,51,True,True,True,True,True,True,5,5.169320851564407,6.814139933010513,fae13402080f3fac1665d61c69cdc078302b15ea75db8b14c85e500073d748cd
3,dense1-final,fixed2,52,False,True,True,True,True,True,4,4.552353639155626,6.914315756246152,fae13402080f3fac1665d61c69cdc078302b15ea75db8b14c85e500073d748cd
3,dense1-final,fixed2,53,True,True,True,True,True,True,5,4.016119986772537,7.17655660056056,fae13402080f3fac1665d61c69cdc078302b15ea75db8b14c85e500073d748cd
3,dense1-final,fixed2,54,True,True,True,True,True,True,5,5.829446017742157,7.254273054257904,fae13402080f3fac1665d61c69cdc078302b15ea75db8b14c85e500073d748cd
3,dense1-final,fixed2,55,True,True,True,True,True,True,5,4.38588997349143,7.5926713615916,fae13402080f3fac1665d61c69cdc078302b15ea75db8b14c85e500073d748cd
3,dense1-final,fixed2,56,True,True,True,True,True,True,5,4.251403734087944,6.817641685620615,fae13402080f3fac1665d61c69cdc078302b15ea75db8b14c85e500073d748cd
3,dense1-final,fixed2,57,True,True,True,True,True,True,5,4.655936267226934,6.452966786776233,fae13402080f3fac1665d61c69cdc078302b15ea75db8b14c85e500073d748cd
3,dense1-final,fixed2,58,False,True,True,True,True,True,2,5.616066977381706,8.497730336999881,fae13402080f3fac1665d61c69cdc078302b15ea75db8b14c85e500073d748cd
3,dense1-final,fixed2,59,True,True,True,True,True,True,5,3.8812013808637857,6.517869805590633,fae13402080f3fac1665d61c69cdc078302b15ea75db8b14c85e500073d748cd
3,dense1-final,fixed2,60,False,True,True,True,True,True,3,5.439853761345148,7.962464633445261,fae13402080f3fac1665d61c69cdc078302b15ea75db8b14c85e500073d748cd
3,dense1-final,fixed2,61,True,True,True,True,True,True,5,3.851980436593294,7.273287447133574,fae13402080f3fac1665d61c69cdc078302b15ea75db8b14c85e500073d748cd
3,dense1-final,fixed2,62,True,True,True,True,True,True,5,4.622078966349363,6.694921115482057,fae13402080f3fac1665d61c69cdc078302b15ea75db8b14c85e500073d748cd
3,dense1-final,fixed2,63,True,True,True,True,True,True,5,4.92108054459095,7.812685415136051,fae13402080f3fac1665d61c69cdc078302b15ea75db8b14c85e500073d748cd
3,dense1-final,fixed2,64,True,True,True,False,False,True,5,6.83295913040638,7.169565048171406,fae13402080f3fac1665d61c69cdc078302b15ea75db8b14c85e500073d748cd
3,dense1-final,fixed2,65,True,True,True,True,True,True,5,4.789015743881464,7.227734354237819,fae13402080f3fac1665d61c69cdc078302b15ea75db8b14c85e500073d748cd
3,dense1-final,fixed2,66,True,True,True,True,True,True,5,4.372572060674429,6.670033613693823,fae13402080f3fac1665d61c69cdc078302b15ea75db8b14c85e500073d748cd
3,dense1-final,fixed2,67,False,True,True,True,True,True,2,5.61430212110281,10.288366880756275,fae13402080f3fac1665d61c69cdc078302b15ea75db8b14c85e500073d748cd
3,dense1-final,fixed2,68,True,True,True,True,True,True,5,3.7878742441534996,7.717712488500671,fae13402080f3fac1665d61c69cdc078302b15ea75db8b14c85e500073d748cd
3,dense1-final,fixed2,69,True,True,True,True,True,True,5,4.3120249174535275,6.023065715792344,fae13402080f3fac1665d61c69cdc078302b15ea75db8b14c85e500073d748cd
3,dense1-final,fixed2,70,True,True,True,True,True,True,5,4.641251638531685,6.99087193155824,fae13402080f3fac1665d61c69cdc078302b15ea75db8b14c85e500073d748cd
3,dense1-final,fixed2,71,True,True,True,True,True,True,5,5.372751969844103,7.552601203052075,fae13402080f3fac1665d61c69cdc078302b15ea75db8b14c85e500073d748cd
3,dense1-final,fixed2,72,True,True,True,True,True,True,5,5.340652074664831,5.334149357329586,fae13402080f3fac1665d61c69cdc078302b15ea75db8b14c85e500073d748cd
3,dense1-final,fixed2,73,True,True,True,True,True,True,5,3.6158731672912836,4.8316186160327215,fae13402080f3fac1665d61c69cdc078302b15ea75db8b14c85e500073d748cd
3,dense1-final,fixed2,74,True,True,True,True,True,True,5,3.4099691547453403,5.6139390920558725,fae13402080f3fac1665d61c69cdc078302b15ea75db8b14c85e500073d748cd
3,dense1-final,fixed2,75,True,True,True,True,True,True,5,5.227340385317802,5.378511435988819,fae13402080f3fac1665d61c69cdc078302b15ea75db8b14c85e500073d748cd
3,dense1-final,fixed2,76,True,True,True,True,True,True,5,4.113849718123674,6.44062890381425,fae13402080f3fac1665d61c69cdc078302b15ea75db8b14c85e500073d748cd
3,dense1-final,fixed2,77,True,True,True,True,True,True,5,4.8482371494174,9.673865860187629,fae13402080f3fac1665d61c69cdc078302b15ea75db8b14c85e500073d748cd
3,dense1-final,fixed2,78,True,True,True,True,True,True,5,4.158375319093466,6.049635578550517,fae13402080f3fac1665d61c69cdc078302b15ea75db8b14c85e500073d748cd
3,dense1-final,fixed2,79,False,True,True,True,True,True,2,5.047470796853304,8.534547617947188,fae13402080f3fac1665d61c69cdc078302b15ea75db8b14c85e500073d748cd
3,dense1-final,fixed2,80,True,True,True,True,True,True,5,4.535266198217869,6.412374972538847,fae13402080f3fac1665d61c69cdc078302b15ea75db8b14c85e500073d748cd
3,dense1-final,fixed2,81,False,True,True,True,True,True,1,4.511259961873293,7.887199363886306,fae13402080f3fac1665d61c69cdc078302b15ea75db8b14c85e500073d748cd
3,dense1-final,fixed2,82,True,True,True,True,True,True,5,5.755479913204908,5.686086807145541,fae13402080f3fac1665d61c69cdc078302b15ea75db8b14c85e500073d748cd
3,dense1-final,fixed2,83,True,True,True,True,True,True,5,5.656851455569267,7.848640384700645,fae13402080f3fac1665d61c69cdc078302b15ea75db8b14c85e500073d748cd
3,dense1-final,fixed2,84,True,True,True,True,True,True,5,4.638326354324818,5.900414301319133,fae13402080f3fac1665d61c69cdc078302b15ea75db8b14c85e500073d748cd
3,dense1-final,fixed2,85,True,True,True,True,True,True,5,4.6853842213749886,6.816018235032267,fae13402080f3fac1665d61c69cdc078302b15ea75db8b14c85e500073d748cd
3,dense1-final,fixed2,86,True,True,True,True,True,True,5,4.454891663044691,6.412856927762156,fae13402080f3fac1665d61c69cdc078302b15ea75db8b14c85e500073d748cd
3,dense1-final,fixed2,87,True,True,True,True,True,True,5,4.403224680572748,8.789354655123685,fae13402080f3fac1665d61c69cdc078302b15ea75db8b14c85e500073d748cd
3,dense1-final,fixed2,88,True,True,True,True,True,True,5,4.045352805405855,5.057144632237372,fae13402080f3fac1665d61c69cdc078302b15ea75db8b14c85e500073d748cd
3,dense1-final,fixed2,89,True,True,True,True,True,True,5,6.126416381448507,8.04719313009927,fae13402080f3fac1665d61c69cdc078302b15ea75db8b14c85e500073d748cd
3,dense1-final,fixed2,90,True,True,True,True,True,True,5,4.77120466530323,6.106873844455693,fae13402080f3fac1665d61c69cdc078302b15ea75db8b14c85e500073d748cd
3,dense1-final,fixed2,91,True,True,True,True,True,True,5,4.241808317601681,7.319991426904474,fae13402080f3fac1665d61c69cdc078302b15ea75db8b14c85e500073d748cd
3,dense1-final,fixed2,92,True,True,True,True,True,True,5,3.642834024503827,6.545220871235125,fae13402080f3fac1665d61c69cdc078302b15ea75db8b14c85e500073d748cd
3,dense1-final,fixed2,93,True,True,True,True,True,True,5,3.925836645066738,7.334176022263298,fae13402080f3fac1665d61c69cdc078302b15ea75db8b14c85e500073d748cd
3,dense1-final,fixed2,94,True,True,True,True,True,True,5,4.875140264630318,7.442023001710507,fae13402080f3fac1665d61c69cdc078302b15ea75db8b14c85e500073d748cd
3,dense1-final,fixed2,95,True,True,True,True,True,True,5,4.246649798005819,7.279620740041468,fae13402080f3fac1665d61c69cdc078302b15ea75db8b14c85e500073d748cd
3,dense1-final,fixed2,96,True,True,True,True,True,True,5,4.632818512618542,8.297511025443773,fae13402080f3fac1665d61c69cdc078302b15ea75db8b14c85e500073d748cd
3,dense1-final,fixed2,97,True,True,True,True,True,True,5,4.727799445390701,5.953867788650475,fae13402080f3fac1665d61c69cdc078302b15ea75db8b14c85e500073d748cd
3,dense1-final,fixed2,98,True,True,True,True,True,True,5,4.30763466283679,6.550804550881611,fae13402080f3fac1665d61c69cdc078302b15ea75db8b14c85e500073d748cd
3,dense1-final,fixed2,99,True,True,True,True,True,True,5,4.844909533858299,7.4039703102970735,fae13402080f3fac1665d61c69cdc078302b15ea75db8b14c85e500073d748cd
3,dense1-final,fixed2,100,True,True,True,True,True,True,5,4.560971166938543,6.051531809818842,fae13402080f3fac1665d61c69cdc078302b15ea75db8b14c85e500073d748cd
3,dense1-final,fixed2,101,True,True,True,True,True,True,5,4.972829017788172,8.279575802456966,fae13402080f3fac1665d61c69cdc078302b15ea75db8b14c85e500073d748cd
3,dense1-final,fixed2,102,True,True,True,True,True,True,5,4.403518978506327,6.4064429532446905,fae13402080f3fac1665d61c69cdc078302b15ea75db8b14c85e500073d748cd
3,dense1-final,fixed2,103,False,True,True,True,True,True,3,2.926183631643653,6.027165963728468,fae13402080f3fac1665d61c69cdc078302b15ea75db8b14c85e500073d748cd
3,dense1-final,fixed2,104,True,True,True,True,True,True,5,5.340056028217077,7.460056408666633,fae13402080f3fac1665d61c69cdc078302b15ea75db8b14c85e500073d748cd
3,dense1-final,fixed2,105,True,True,True,True,True,True,5,4.707436077296734,7.457583026413443,fae13402080f3fac1665d61c69cdc078302b15ea75db8b14c85e500073d748cd
3,dense1-final,fixed2,106,False,False,False,True,True,True,1,57.332467287778854,122.51313046327539,fae13402080f3fac1665d61c69cdc078302b15ea75db8b14c85e500073d748cd
3,dense1-final,fixed2,107,True,True,True,True,True,True,5,4.25956305116415,7.545977627104454,fae13402080f3fac1665d61c69cdc078302b15ea75db8b14c85e500073d748cd
3,dense1-final,fixed2,108,True,True,True,False,False,True,5,4.237394314259291,6.878362921115674,fae13402080f3fac1665d61c69cdc078302b15ea75db8b14c85e500073d748cd
3,dense1-final,fixed2,109,True,True,True,True,True,True,5,4.077312536537647,7.125724198323209,fae13402080f3fac1665d61c69cdc078302b15ea75db8b14c85e500073d748cd
3,dense1-final,fixed2,110,True,True,True,True,True,True,5,4.901746287941933,8.452637428099457,fae13402080f3fac1665d61c69cdc078302b15ea75db8b14c85e500073d748cd
3,dense1-final,fixed2,111,True,True,True,True,True,True,5,4.172720015048981,5.4396651078357054,fae13402080f3fac1665d61c69cdc078302b15ea75db8b14c85e500073d748cd
3,dense1-final,fixed2,112,True,True,True,True,True,True,5,4.235210828483105,6.707271378161909,fae13402080f3fac1665d61c69cdc078302b15ea75db8b14c85e500073d748cd
3,dense1-final,fixed2,113,True,True,True,True,True,True,5,4.120745696127415,7.040172236987392,fae13402080f3fac1665d61c69cdc078302b15ea75db8b14c85e500073d748cd
3,dense1-final,fixed2,114,True,True,True,True,True,True,5,4.301237873733044,7.549873396252301,fae13402080f3fac1665d61c69cdc078302b15ea75db8b14c85e500073d748cd
3,dense1-final,fixed2,115,True,True,True,True,True,True,5,4.71495371311903,6.960644502499525,fae13402080f3fac1665d61c69cdc078302b15ea75db8b14c85e500073d748cd
3,dense1-final,fixed2,116,True,True,True,True,True,True,5,4.493060987442732,6.208607377708917,fae13402080f3fac1665d61c69cdc078302b15ea75db8b14c85e500073d748cd
3,dense1-final,fixed2,117,False,True,True,True,True,True,4,4.2287008836865425,7.491406976956991,fae13402080f3fac1665d61c69cdc078302b15ea75db8b14c85e500073d748cd
3,dense1-final,fixed2,118,True,True,True,True,True,True,5,3.541279351338744,5.647162412839284,fae13402080f3fac1665d61c69cdc078302b15ea75db8b14c85e500073d748cd
3,dense1-final,fixed2,119,True,True,True,True,True,True,5,4.425290506333113,5.451014747802151,fae13402080f3fac1665d61c69cdc078302b15ea75db8b14c85e500073d748cd
3,dense1-final,fixed2,120,True,True,True,True,True,True,5,3.66669287905097,5.748206523873161,fae13402080f3fac1665d61c69cdc078302b15ea75db8b14c85e500073d748cd
3,dense1-final,fixed2,121,False,True,True,True,True,True,2,4.163569770753384,6.885541449933357,fae13402080f3fac1665d61c69cdc078302b15ea75db8b14c85e500073d748cd
3,dense1-final,fixed2,122,True,True,True,True,True,True,5,4.2326259426772594,7.395918371039275,fae13402080f3fac1665d61c69cdc078302b15ea75db8b14c85e500073d748cd
3,dense1-final,fixed2,123,True,True,True,True,True,True,5,5.935067776590586,7.801136419023206,fae13402080f3fac1665d61c69cdc078302b15ea75db8b14c85e500073d748cd
3,dense1-final,fixed2,124,False,True,True,True,True,True,4,3.8728772196918726,5.90941520998474,fae13402080f3fac1665d61c69cdc078302b15ea75db8b14c85e500073d748cd
3,dense1-final,fixed2,125,True,True,True,True,True,True,5,4.66913403943181,5.959978673523522,fae13402080f3fac1665d61c69cdc078302b15ea75db8b14c85e500073d748cd
3,dense1-final,fixed2,126,True,True,True,True,True,True,5,4.952463787049055,7.032755932209227,fae13402080f3fac1665d61c69cdc078302b15ea75db8b14c85e500073d748cd
3,dense1-final,fixed2,127,True,True,True,True,True,True,5,4.878119565546513,6.568915224352723,fae13402080f3fac1665d61c69cdc078302b15ea75db8b14c85e500073d748cd
3,dense1-final,fixed5,0,True,True,True,True,True,True,2,4.937235731631517,11.545242070122741,fae13402080f3fac1665d61c69cdc078302b15ea75db8b14c85e500073d748cd
3,dense1-final,fixed5,1,True,True,True,True,True,True,2,5.023875739425421,6.489807119611989,fae13402080f3fac1665d61c69cdc078302b15ea75db8b14c85e500073d748cd
3,dense1-final,fixed5,2,True,True,True,True,True,True,2,6.29465514793992,10.999829266782422,fae13402080f3fac1665d61c69cdc078302b15ea75db8b14c85e500073d748cd
3,dense1-final,fixed5,3,True,True,True,True,True,True,2,3.731646342203021,4.5032406230982565,fae13402080f3fac1665d61c69cdc078302b15ea75db8b14c85e500073d748cd
3,dense1-final,fixed5,4,True,True,True,True,True,True,2,4.090202506631613,6.501388986010214,fae13402080f3fac1665d61c69cdc078302b15ea75db8b14c85e500073d748cd
3,dense1-final,fixed5,5,False,True,True,True,True,True,1,4.719950258731842,6.644481449121982,fae13402080f3fac1665d61c69cdc078302b15ea75db8b14c85e500073d748cd
3,dense1-final,fixed5,6,True,True,True,True,True,True,2,3.8091016467660666,5.963185447338843,fae13402080f3fac1665d61c69cdc078302b15ea75db8b14c85e500073d748cd
3,dense1-final,fixed5,7,True,True,True,True,True,True,2,4.366758279502392,5.818953196409329,fae13402080f3fac1665d61c69cdc078302b15ea75db8b14c85e500073d748cd
3,dense1-final,fixed5,8,True,True,True,True,True,True,2,4.0856581181287766,5.383972172230244,fae13402080f3fac1665d61c69cdc078302b15ea75db8b14c85e500073d748cd
3,dense1-final,fixed5,9,True,True,True,True,True,True,2,3.6620059981942177,6.003181754457968,fae13402080f3fac1665d61c69cdc078302b15ea75db8b14c85e500073d748cd
3,dense1-final,fixed5,10,True,True,True,True,True,True,2,4.298242274671793,6.398664648440516,fae13402080f3fac1665d61c69cdc078302b15ea75db8b14c85e500073d748cd
3,dense1-final,fixed5,11,True,True,True,True,True,True,2,4.239554051309824,5.940382433907931,fae13402080f3fac1665d61c69cdc078302b15ea75db8b14c85e500073d748cd
3,dense1-final,fixed5,12,True,True,True,True,True,True,2,4.1091665625572205,6.220486357336039,fae13402080f3fac1665d61c69cdc078302b15ea75db8b14c85e500073d748cd
3,dense1-final,fixed5,13,True,True,True,True,True,True,2,3.964269533753395,5.816313755181943,fae13402080f3fac1665d61c69cdc078302b15ea75db8b14c85e500073d748cd
3,dense1-final,fixed5,14,True,True,True,True,True,True,2,5.797216203063726,7.640168497079869,fae13402080f3fac1665d61c69cdc078302b15ea75db8b14c85e500073d748cd
3,dense1-final,fixed5,15,True,True,True,True,True,True,2,4.492646548897028,5.0895466227730894,fae13402080f3fac1665d61c69cdc078302b15ea75db8b14c85e500073d748cd
3,dense1-final,fixed5,16,True,True,True,True,True,True,2,4.600728861987591,7.984555172768375,fae13402080f3fac1665d61c69cdc078302b15ea75db8b14c85e500073d748cd
3,dense1-final,fixed5,17,True,True,True,True,True,True,2,3.6765574477612972,6.807383595260902,fae13402080f3fac1665d61c69cdc078302b15ea75db8b14c85e500073d748cd
3,dense1-final,fixed5,18,True,True,True,True,True,True,2,7.739352528005838,7.4631257249249074,fae13402080f3fac1665d61c69cdc078302b15ea75db8b14c85e500073d748cd
3,dense1-final,fixed5,19,True,True,True,True,True,True,2,4.984923638403416,5.776328547120219,fae13402080f3fac1665d61c69cdc078302b15ea75db8b14c85e500073d748cd
3,dense1-final,fixed5,20,True,True,True,True,True,True,2,5.641553085297346,8.280214425144363,fae13402080f3fac1665d61c69cdc078302b15ea75db8b14c85e500073d748cd
3,dense1-final,fixed5,21,True,True,True,False,False,True,2,4.632261116057634,8.599732382064852,fae13402080f3fac1665d61c69cdc078302b15ea75db8b14c85e500073d748cd
3,dense1-final,fixed5,22,False,True,True,True,True,False,0,4.505029413849115,7.74833393409713,fae13402080f3fac1665d61c69cdc078302b15ea75db8b14c85e500073d748cd
3,dense1-final,fixed5,23,False,True,True,True,True,True,1,5.588662810623646,7.735091051070121,fae13402080f3fac1665d61c69cdc078302b15ea75db8b14c85e500073d748cd
3,dense1-final,fixed5,24,True,True,True,True,True,True,2,4.152216482907534,6.447580328842031,fae13402080f3fac1665d61c69cdc078302b15ea75db8b14c85e500073d748cd
3,dense1-final,fixed5,25,True,True,True,True,True,True,2,6.4683947712183,7.510147308492214,fae13402080f3fac1665d61c69cdc078302b15ea75db8b14c85e500073d748cd
3,dense1-final,fixed5,26,True,True,True,True,True,True,2,4.09672548994422,7.70116720900996,fae13402080f3fac1665d61c69cdc078302b15ea75db8b14c85e500073d748cd
3,dense1-final,fixed5,27,True,True,True,True,True,True,2,3.535841591656208,6.012949778744733,fae13402080f3fac1665d61c69cdc078302b15ea75db8b14c85e500073d748cd
3,dense1-final,fixed5,28,True,True,True,True,True,True,2,5.007524508982897,6.2558906428988,fae13402080f3fac1665d61c69cdc078302b15ea75db8b14c85e500073d748cd
3,dense1-final,fixed5,29,True,True,True,True,True,True,2,4.243446979671717,6.987356518569799,fae13402080f3fac1665d61c69cdc078302b15ea75db8b14c85e500073d748cd
3,dense1-final,fixed5,30,True,True,True,True,True,True,2,4.396066535264254,6.451524763087713,fae13402080f3fac1665d61c69cdc078302b15ea75db8b14c85e500073d748cd
3,dense1-final,fixed5,31,True,True,True,True,True,True,2,6.348831113427877,6.786101579580788,fae13402080f3fac1665d61c69cdc078302b15ea75db8b14c85e500073d748cd
3,dense1-final,fixed5,32,True,True,True,True,True,True,2,4.693069960922003,6.530070657882391,fae13402080f3fac1665d61c69cdc078302b15ea75db8b14c85e500073d748cd
3,dense1-final,fixed5,33,True,True,True,True,True,True,2,3.5277537535876036,6.982334621982547,fae13402080f3fac1665d61c69cdc078302b15ea75db8b14c85e500073d748cd
3,dense1-final,fixed5,34,True,True,True,True,True,True,2,5.052311811596155,7.9660299921920075,fae13402080f3fac1665d61c69cdc078302b15ea75db8b14c85e500073d748cd
3,dense1-final,fixed5,35,True,True,True,True,True,True,2,4.031311720609665,6.311015819029504,fae13402080f3fac1665d61c69cdc078302b15ea75db8b14c85e500073d748cd
3,dense1-final,fixed5,36,True,True,True,True,True,True,2,4.990159999579191,6.3185926332531634,fae13402080f3fac1665d61c69cdc078302b15ea75db8b14c85e500073d748cd
3,dense1-final,fixed5,37,True,True,True,True,True,True,2,5.331381689757109,7.881525184233317,fae13402080f3fac1665d61c69cdc078302b15ea75db8b14c85e500073d748cd
3,dense1-final,fixed5,38,True,True,True,True,True,True,2,4.1870675049722195,6.127155664309223,fae13402080f3fac1665d61c69cdc078302b15ea75db8b14c85e500073d748cd
3,dense1-final,fixed5,39,True,True,True,True,True,True,2,5.35655627027154,6.120516293549147,fae13402080f3fac1665d61c69cdc078302b15ea75db8b14c85e500073d748cd
3,dense1-final,fixed5,40,True,True,True,True,True,True,2,4.564703442156315,6.9076033878393215,fae13402080f3fac1665d61c69cdc078302b15ea75db8b14c85e500073d748cd
3,dense1-final,fixed5,41,True,True,True,True,True,True,2,3.9007070008665323,5.698809742021982,fae13402080f3fac1665d61c69cdc078302b15ea75db8b14c85e500073d748cd
3,dense1-final,fixed5,42,True,True,True,True,True,True,2,5.000975448638201,7.4558959696884495,fae13402080f3fac1665d61c69cdc078302b15ea75db8b14c85e500073d748cd
3,dense1-final,fixed5,43,True,True,True,True,True,True,2,4.4777886942029,7.341889013383535,fae13402080f3fac1665d61c69cdc078302b15ea75db8b14c85e500073d748cd
3,dense1-final,fixed5,44,True,True,True,True,True,True,2,4.475690890103579,6.111616130173798,fae13402080f3fac1665d61c69cdc078302b15ea75db8b14c85e500073d748cd
3,dense1-final,fixed5,45,True,True,True,True,True,True,2,4.214272368699312,6.539951380290461,fae13402080f3fac1665d61c69cdc078302b15ea75db8b14c85e500073d748cd
3,dense1-final,fixed5,46,True,True,True,True,True,True,2,4.6609509736299515,5.682320384705102,fae13402080f3fac1665d61c69cdc078302b15ea75db8b14c85e500073d748cd
3,dense1-final,fixed5,47,True,True,True,True,True,True,2,4.640225786715746,8.053714253209339,fae13402080f3fac1665d61c69cdc078302b15ea75db8b14c85e500073d748cd
3,dense1-final,fixed5,48,True,True,True,True,True,True,2,4.654925782233477,7.344831117368518,fae13402080f3fac1665d61c69cdc078302b15ea75db8b14c85e500073d748cd
3,dense1-final,fixed5,49,True,True,True,True,True,True,2,4.466198850423098,5.658932109439686,fae13402080f3fac1665d61c69cdc078302b15ea75db8b14c85e500073d748cd
3,dense1-final,fixed5,50,True,True,True,True,True,True,2,5.4794359020888805,5.332626652031497,fae13402080f3fac1665d61c69cdc078302b15ea75db8b14c85e500073d748cd
3,dense1-final,fixed5,51,True,True,True,True,True,True,2,5.639246664941311,7.998943820028653,fae13402080f3fac1665d61c69cdc078302b15ea75db8b14c85e500073d748cd
3,dense1-final,fixed5,52,True,True,True,True,True,True,2,5.047030281275511,7.1599468611595585,fae13402080f3fac1665d61c69cdc078302b15ea75db8b14c85e500073d748cd
3,dense1-final,fixed5,53,True,True,True,True,True,True,2,4.066586494445801,5.57670175447461,fae13402080f3fac1665d61c69cdc078302b15ea75db8b14c85e500073d748cd
3,dense1-final,fixed5,54,True,True,True,True,True,True,2,6.639373023062944,7.912812573273853,fae13402080f3fac1665d61c69cdc078302b15ea75db8b14c85e500073d748cd
3,dense1-final,fixed5,55,True,True,True,True,True,True,2,4.464162979274988,7.711290403133566,fae13402080f3fac1665d61c69cdc078302b15ea75db8b14c85e500073d748cd
3,dense1-final,fixed5,56,True,True,True,True,True,True,2,4.411174450069666,6.6066392129123495,fae13402080f3fac1665d61c69cdc078302b15ea75db8b14c85e500073d748cd
3,dense1-final,fixed5,57,True,True,True,True,True,True,2,4.839123692363501,6.990207695661456,fae13402080f3fac1665d61c69cdc078302b15ea75db8b14c85e500073d748cd
3,dense1-final,fixed5,58,True,True,True,True,True,True,2,3.9014730136841536,6.084684694276437,fae13402080f3fac1665d61c69cdc078302b15ea75db8b14c85e500073d748cd
3,dense1-final,fixed5,59,True,True,True,True,True,True,2,4.6991403214633465,7.416307339485409,fae13402080f3fac1665d61c69cdc078302b15ea75db8b14c85e500073d748cd
3,dense1-final,fixed5,60,True,True,True,True,True,True,2,4.5838444493710995,6.013844960412827,fae13402080f3fac1665d61c69cdc078302b15ea75db8b14c85e500073d748cd
3,dense1-final,fixed5,61,True,True,True,True,True,True,2,3.8138856180012226,6.2190033525125,fae13402080f3fac1665d61c69cdc078302b15ea75db8b14c85e500073d748cd
3,dense1-final,fixed5,62,True,True,True,True,True,True,2,4.560254514217377,6.241250559299701,fae13402080f3fac1665d61c69cdc078302b15ea75db8b14c85e500073d748cd
3,dense1-final,fixed5,63,True,True,True,True,True,True,2,4.818232264369726,7.247197832051417,fae13402080f3fac1665d61c69cdc078302b15ea75db8b14c85e500073d748cd
3,dense1-final,fixed5,64,True,True,True,False,False,True,2,6.83295913040638,7.169565048171406,fae13402080f3fac1665d61c69cdc078302b15ea75db8b14c85e500073d748cd
3,dense1-final,fixed5,65,True,True,True,True,True,True,2,4.712600260972977,5.520377880144569,fae13402080f3fac1665d61c69cdc078302b15ea75db8b14c85e500073d748cd
3,dense1-final,fixed5,66,True,True,True,True,True,True,2,4.553893581032753,6.704988814318655,fae13402080f3fac1665d61c69cdc078302b15ea75db8b14c85e500073d748cd
3,dense1-final,fixed5,67,True,True,True,True,True,True,2,3.6717934999614954,6.2206477205551804,fae13402080f3fac1665d61c69cdc078302b15ea75db8b14c85e500073d748cd
3,dense1-final,fixed5,68,True,True,True,True,True,True,2,3.987452480942011,7.119667101189878,fae13402080f3fac1665d61c69cdc078302b15ea75db8b14c85e500073d748cd
3,dense1-final,fixed5,69,True,True,True,True,True,True,2,4.022982902824879,8.144766651261133,fae13402080f3fac1665d61c69cdc078302b15ea75db8b14c85e500073d748cd
3,dense1-final,fixed5,70,True,True,True,True,True,True,2,5.104243289679289,6.3745852434084584,fae13402080f3fac1665d61c69cdc078302b15ea75db8b14c85e500073d748cd
3,dense1-final,fixed5,71,True,True,True,True,True,True,2,4.876734688878059,5.42952825333376,fae13402080f3fac1665d61c69cdc078302b15ea75db8b14c85e500073d748cd
3,dense1-final,fixed5,72,True,True,True,True,True,True,2,4.6842992305755615,5.522773995882774,fae13402080f3fac1665d61c69cdc078302b15ea75db8b14c85e500073d748cd
3,dense1-final,fixed5,73,True,True,True,True,True,True,2,3.960937727242708,4.8316186160327215,fae13402080f3fac1665d61c69cdc078302b15ea75db8b14c85e500073d748cd
3,dense1-final,fixed5,74,False,True,True,True,True,True,1,6.327592767775059,9.611671865152784,fae13402080f3fac1665d61c69cdc078302b15ea75db8b14c85e500073d748cd
3,dense1-final,fixed5,75,True,True,True,True,True,True,2,5.809074267745018,6.0685931954787105,fae13402080f3fac1665d61c69cdc078302b15ea75db8b14c85e500073d748cd
3,dense1-final,fixed5,76,True,True,True,True,True,True,2,4.869914148002863,6.893295849075438,fae13402080f3fac1665d61c69cdc078302b15ea75db8b14c85e500073d748cd
3,dense1-final,fixed5,77,True,True,True,True,True,True,2,4.54690819606185,6.94139446809749,fae13402080f3fac1665d61c69cdc078302b15ea75db8b14c85e500073d748cd
3,dense1-final,fixed5,78,True,True,True,True,True,True,2,4.383068531751633,5.9035937543777735,fae13402080f3fac1665d61c69cdc078302b15ea75db8b14c85e500073d748cd
3,dense1-final,fixed5,79,True,True,True,True,True,True,2,3.192957490682602,7.272904956540052,fae13402080f3fac1665d61c69cdc078302b15ea75db8b14c85e500073d748cd
3,dense1-final,fixed5,80,True,True,True,True,True,True,2,4.158018156886101,5.1870206793051645,fae13402080f3fac1665d61c69cdc078302b15ea75db8b14c85e500073d748cd
3,dense1-final,fixed5,81,False,True,True,True,True,True,1,5.236124619841576,7.668890296313419,fae13402080f3fac1665d61c69cdc078302b15ea75db8b14c85e500073d748cd
3,dense1-final,fixed5,82,True,True,True,True,True,True,2,5.926907528191805,6.238693080342355,fae13402080f3fac1665d61c69cdc078302b15ea75db8b14c85e500073d748cd
3,dense1-final,fixed5,83,True,True,True,True,True,True,2,5.395050626248121,6.364602068162839,fae13402080f3fac1665d61c69cdc078302b15ea75db8b14c85e500073d748cd
3,dense1-final,fixed5,84,True,True,True,True,True,True,2,4.5806532725691795,5.9656575489315635,fae13402080f3fac1665d61c69cdc078302b15ea75db8b14c85e500073d748cd
3,dense1-final,fixed5,85,True,True,True,True,True,True,2,4.849622957408428,6.424402081893593,fae13402080f3fac1665d61c69cdc078302b15ea75db8b14c85e500073d748cd
3,dense1-final,fixed5,86,True,True,True,True,True,True,2,4.461757838726044,6.412856927762156,fae13402080f3fac1665d61c69cdc078302b15ea75db8b14c85e500073d748cd
3,dense1-final,fixed5,87,True,True,True,True,True,True,2,4.536590538918972,8.457075343512674,fae13402080f3fac1665d61c69cdc078302b15ea75db8b14c85e500073d748cd
3,dense1-final,fixed5,88,True,True,True,True,True,True,2,4.067434463649988,5.057144632237372,fae13402080f3fac1665d61c69cdc078302b15ea75db8b14c85e500073d748cd
3,dense1-final,fixed5,89,True,True,True,True,True,True,2,5.0500864163041115,7.154752502295763,fae13402080f3fac1665d61c69cdc078302b15ea75db8b14c85e500073d748cd
3,dense1-final,fixed5,90,True,True,True,True,True,True,2,3.9777131751179695,6.280856264975666,fae13402080f3fac1665d61c69cdc078302b15ea75db8b14c85e500073d748cd
3,dense1-final,fixed5,91,True,True,True,True,True,True,2,4.298027604818344,6.970078274403782,fae13402080f3fac1665d61c69cdc078302b15ea75db8b14c85e500073d748cd
3,dense1-final,fixed5,92,False,True,True,True,True,True,0,5.083340220153332,11.383861775508265,fae13402080f3fac1665d61c69cdc078302b15ea75db8b14c85e500073d748cd
3,dense1-final,fixed5,93,True,True,True,True,True,True,2,4.236193839460611,6.7840094072606485,fae13402080f3fac1665d61c69cdc078302b15ea75db8b14c85e500073d748cd
3,dense1-final,fixed5,94,True,True,True,True,True,True,2,4.220185335725546,5.748059674806005,fae13402080f3fac1665d61c69cdc078302b15ea75db8b14c85e500073d748cd
3,dense1-final,fixed5,95,True,True,True,True,True,True,2,4.378457088023424,6.684844025135349,fae13402080f3fac1665d61c69cdc078302b15ea75db8b14c85e500073d748cd
3,dense1-final,fixed5,96,False,True,True,True,True,True,1,3.752155462279916,5.539508386236128,fae13402080f3fac1665d61c69cdc078302b15ea75db8b14c85e500073d748cd
3,dense1-final,fixed5,97,True,True,True,True,True,True,2,4.781446885317564,7.586146823386946,fae13402080f3fac1665d61c69cdc078302b15ea75db8b14c85e500073d748cd
3,dense1-final,fixed5,98,True,True,True,True,True,True,2,4.34204563498497,6.550804550881611,fae13402080f3fac1665d61c69cdc078302b15ea75db8b14c85e500073d748cd
3,dense1-final,fixed5,99,False,True,True,True,True,True,1,4.6751792542636395,6.892039948041801,fae13402080f3fac1665d61c69cdc078302b15ea75db8b14c85e500073d748cd
3,dense1-final,fixed5,100,True,True,True,True,True,True,2,4.915626719594002,5.749024012139446,fae13402080f3fac1665d61c69cdc078302b15ea75db8b14c85e500073d748cd
3,dense1-final,fixed5,101,True,True,True,True,True,True,2,4.391920752823353,8.184202455981493,fae13402080f3fac1665d61c69cdc078302b15ea75db8b14c85e500073d748cd
3,dense1-final,fixed5,102,True,True,True,True,True,True,2,4.5717754401266575,6.267671438556603,fae13402080f3fac1665d61c69cdc078302b15ea75db8b14c85e500073d748cd
3,dense1-final,fixed5,103,True,True,True,True,True,True,2,3.234397852793336,6.027165963728468,fae13402080f3fac1665d61c69cdc078302b15ea75db8b14c85e500073d748cd
3,dense1-final,fixed5,104,True,True,True,True,True,True,2,5.486796144396067,6.79169977337926,fae13402080f3fac1665d61c69cdc078302b15ea75db8b14c85e500073d748cd
3,dense1-final,fixed5,105,True,True,True,True,True,True,2,4.390474408864975,6.4474603736447325,fae13402080f3fac1665d61c69cdc078302b15ea75db8b14c85e500073d748cd
3,dense1-final,fixed5,106,True,True,True,True,True,True,2,2.9836990870535374,5.334260774790422,fae13402080f3fac1665d61c69cdc078302b15ea75db8b14c85e500073d748cd
3,dense1-final,fixed5,107,True,True,True,True,True,True,2,4.122984129935503,6.263607902887268,fae13402080f3fac1665d61c69cdc078302b15ea75db8b14c85e500073d748cd
3,dense1-final,fixed5,108,True,True,True,False,False,True,2,4.37762588262558,7.1162797542483744,fae13402080f3fac1665d61c69cdc078302b15ea75db8b14c85e500073d748cd
3,dense1-final,fixed5,109,True,True,True,True,True,True,2,4.425744526088238,7.208657635885974,fae13402080f3fac1665d61c69cdc078302b15ea75db8b14c85e500073d748cd
3,dense1-final,fixed5,110,True,True,True,True,True,True,2,4.39804932102561,7.973373299323417,fae13402080f3fac1665d61c69cdc078302b15ea75db8b14c85e500073d748cd
3,dense1-final,fixed5,111,True,True,True,True,True,True,2,3.3870800398290157,5.143642574773237,fae13402080f3fac1665d61c69cdc078302b15ea75db8b14c85e500073d748cd
3,dense1-final,fixed5,112,True,True,True,True,True,True,2,4.175461828708649,6.128177204476963,fae13402080f3fac1665d61c69cdc078302b15ea75db8b14c85e500073d748cd
3,dense1-final,fixed5,113,True,True,True,True,True,True,2,4.221049603074789,6.847760685426255,fae13402080f3fac1665d61c69cdc078302b15ea75db8b14c85e500073d748cd
3,dense1-final,fixed5,114,True,True,True,True,True,True,2,4.230538848787546,7.2167548251470235,fae13402080f3fac1665d61c69cdc078302b15ea75db8b14c85e500073d748cd
3,dense1-final,fixed5,115,True,True,True,True,True,True,2,4.32030251249671,5.921902503334816,fae13402080f3fac1665d61c69cdc078302b15ea75db8b14c85e500073d748cd
3,dense1-final,fixed5,116,True,True,True,True,True,True,2,4.1260914877057076,6.1395836203908845,fae13402080f3fac1665d61c69cdc078302b15ea75db8b14c85e500073d748cd
3,dense1-final,fixed5,117,True,True,True,True,True,True,2,5.281588062644005,7.194833333005868,fae13402080f3fac1665d61c69cdc078302b15ea75db8b14c85e500073d748cd
3,dense1-final,fixed5,118,True,True,True,True,True,True,2,3.436329076066613,5.647162412839284,fae13402080f3fac1665d61c69cdc078302b15ea75db8b14c85e500073d748cd
3,dense1-final,fixed5,119,True,True,True,True,True,True,2,4.480739589780569,5.533127708890867,fae13402080f3fac1665d61c69cdc078302b15ea75db8b14c85e500073d748cd
3,dense1-final,fixed5,120,True,True,True,True,True,True,2,4.242744296789169,6.1494451328919135,fae13402080f3fac1665d61c69cdc078302b15ea75db8b14c85e500073d748cd
3,dense1-final,fixed5,121,True,True,True,True,True,True,2,4.144937731325626,5.856808666110479,fae13402080f3fac1665d61c69cdc078302b15ea75db8b14c85e500073d748cd
3,dense1-final,fixed5,122,True,True,True,True,True,True,2,4.466537851840258,7.1131703106287265,fae13402080f3fac1665d61c69cdc078302b15ea75db8b14c85e500073d748cd
3,dense1-final,fixed5,123,True,True,True,True,True,True,2,5.343610420823097,6.751925020521337,fae13402080f3fac1665d61c69cdc078302b15ea75db8b14c85e500073d748cd
3,dense1-final,fixed5,124,True,True,True,True,True,True,2,3.512376919388771,5.7281308903552,fae13402080f3fac1665d61c69cdc078302b15ea75db8b14c85e500073d748cd
3,dense1-final,fixed5,125,True,True,True,True,True,True,2,4.887277260422707,5.771952530296356,fae13402080f3fac1665d61c69cdc078302b15ea75db8b14c85e500073d748cd
3,dense1-final,fixed5,126,True,True,True,True,True,True,2,4.7654686495661736,6.5747554629799065,fae13402080f3fac1665d61c69cdc078302b15ea75db8b14c85e500073d748cd
3,dense1-final,fixed5,127,True,True,True,True,True,True,2,4.909026436507702,6.061432595907599,fae13402080f3fac1665d61c69cdc078302b15ea75db8b14c85e500073d748cd
3,dense1-final,arrival,0,True,True,True,True,True,True,6,6.941362749785185,13.411717619328371,fae13402080f3fac1665d61c69cdc078302b15ea75db8b14c85e500073d748cd
3,dense1-final,arrival,1,True,True,True,True,True,True,12,4.872374702244997,9.036662144591507,fae13402080f3fac1665d61c69cdc078302b15ea75db8b14c85e500073d748cd
3,dense1-final,arrival,2,True,True,True,True,True,True,17,3.2873807940632105,9.536815553170383,fae13402080f3fac1665d61c69cdc078302b15ea75db8b14c85e500073d748cd
3,dense1-final,arrival,3,True,True,True,True,True,True,18,4.347980488091707,6.336592316150263,fae13402080f3fac1665d61c69cdc078302b15ea75db8b14c85e500073d748cd
3,dense1-final,arrival,4,True,True,True,True,True,True,15,3.887944621965289,6.940578687378497,fae13402080f3fac1665d61c69cdc078302b15ea75db8b14c85e500073d748cd
3,dense1-final,arrival,5,True,True,True,True,True,True,13,6.78246608003974,6.39064045682622,fae13402080f3fac1665d61c69cdc078302b15ea75db8b14c85e500073d748cd
3,dense1-final,arrival,6,False,True,True,True,True,True,2,5.911408923566341,9.218317855757165,fae13402080f3fac1665d61c69cdc078302b15ea75db8b14c85e500073d748cd
3,dense1-final,arrival,7,True,True,True,True,True,True,17,3.980078734457493,6.325617909701345,fae13402080f3fac1665d61c69cdc078302b15ea75db8b14c85e500073d748cd
3,dense1-final,arrival,8,True,True,True,True,True,True,17,3.2546031288802624,5.383972172230244,fae13402080f3fac1665d61c69cdc078302b15ea75db8b14c85e500073d748cd
3,dense1-final,arrival,9,True,True,True,True,True,True,17,3.8271001540124416,7.32010156370484,fae13402080f3fac1665d61c69cdc078302b15ea75db8b14c85e500073d748cd
3,dense1-final,arrival,10,True,False,False,True,True,True,13,55.48018589615822,93.1954245453986,fae13402080f3fac1665d61c69cdc078302b15ea75db8b14c85e500073d748cd
3,dense1-final,arrival,11,False,True,True,True,True,True,2,5.281852558255196,13.726458712698083,fae13402080f3fac1665d61c69cdc078302b15ea75db8b14c85e500073d748cd
3,dense1-final,arrival,12,True,True,True,True,True,True,12,4.567963536828756,9.409521317608856,fae13402080f3fac1665d61c69cdc078302b15ea75db8b14c85e500073d748cd
3,dense1-final,arrival,13,True,True,True,True,True,True,17,5.07541885599494,12.457382244153033,fae13402080f3fac1665d61c69cdc078302b15ea75db8b14c85e500073d748cd
3,dense1-final,arrival,14,True,True,True,True,True,True,17,4.138949792832136,8.965661474395578,fae13402080f3fac1665d61c69cdc078302b15ea75db8b14c85e500073d748cd
3,dense1-final,arrival,15,True,True,True,True,True,True,16,3.319340292364359,5.174970091175147,fae13402080f3fac1665d61c69cdc078302b15ea75db8b14c85e500073d748cd
3,dense1-final,arrival,16,True,True,True,True,True,True,13,4.883230663836002,10.666600558876778,fae13402080f3fac1665d61c69cdc078302b15ea75db8b14c85e500073d748cd
3,dense1-final,arrival,17,True,True,True,True,True,True,15,3.7507808301597834,8.364113053814215,fae13402080f3fac1665d61c69cdc078302b15ea75db8b14c85e500073d748cd
3,dense1-final,arrival,18,True,True,True,True,True,True,15,7.739352528005838,10.183342476983574,fae13402080f3fac1665d61c69cdc078302b15ea75db8b14c85e500073d748cd
3,dense1-final,arrival,19,True,True,True,True,True,True,13,5.089796148240566,11.839360261067245,fae13402080f3fac1665d61c69cdc078302b15ea75db8b14c85e500073d748cd
3,dense1-final,arrival,20,True,True,True,True,True,True,15,4.513687454164028,7.877362183934195,fae13402080f3fac1665d61c69cdc078302b15ea75db8b14c85e500073d748cd
3,dense1-final,arrival,21,True,True,True,False,False,True,19,4.028625320643187,8.599732382064852,fae13402080f3fac1665d61c69cdc078302b15ea75db8b14c85e500073d748cd
3,dense1-final,arrival,22,True,True,True,True,True,True,22,4.345487337559462,7.74833393409713,fae13402080f3fac1665d61c69cdc078302b15ea75db8b14c85e500073d748cd
3,dense1-final,arrival,23,True,False,False,True,True,True,6,30.838483944535255,92.15972881060371,fae13402080f3fac1665d61c69cdc078302b15ea75db8b14c85e500073d748cd
3,dense1-final,arrival,24,True,True,True,True,True,True,17,4.282092675566673,8.810997817056162,fae13402080f3fac1665d61c69cdc078302b15ea75db8b14c85e500073d748cd
3,dense1-final,arrival,25,True,True,True,True,True,True,8,4.854195285588503,7.5758776339698315,fae13402080f3fac1665d61c69cdc078302b15ea75db8b14c85e500073d748cd
3,dense1-final,arrival,26,True,True,True,True,True,True,3,4.887404851615429,8.010507330293484,fae13402080f3fac1665d61c69cdc078302b15ea75db8b14c85e500073d748cd
3,dense1-final,arrival,27,True,True,True,True,True,True,14,3.3611420076340437,6.802254976967868,fae13402080f3fac1665d61c69cdc078302b15ea75db8b14c85e500073d748cd
3,dense1-final,arrival,28,True,True,True,True,True,True,14,3.6179102025926113,7.1760042090114355,fae13402080f3fac1665d61c69cdc078302b15ea75db8b14c85e500073d748cd
3,dense1-final,arrival,29,True,True,True,True,True,True,16,4.043036140501499,9.653928538000361,fae13402080f3fac1665d61c69cdc078302b15ea75db8b14c85e500073d748cd
3,dense1-final,arrival,30,True,True,True,True,True,True,17,4.148433916270733,5.977188615797838,fae13402080f3fac1665d61c69cdc078302b15ea75db8b14c85e500073d748cd
3,dense1-final,arrival,31,True,True,True,True,True,True,13,4.685028921812773,7.7463207358392685,fae13402080f3fac1665d61c69cdc078302b15ea75db8b14c85e500073d748cd
3,dense1-final,arrival,32,True,True,True,True,True,True,10,5.462814588099718,8.615919076624136,fae13402080f3fac1665d61c69cdc078302b15ea75db8b14c85e500073d748cd
3,dense1-final,arrival,33,True,True,True,True,True,True,15,3.183300606906414,8.097789463923432,fae13402080f3fac1665d61c69cdc078302b15ea75db8b14c85e500073d748cd
3,dense1-final,arrival,34,True,True,True,True,True,True,16,4.24296734854579,8.515231842974393,fae13402080f3fac1665d61c69cdc078302b15ea75db8b14c85e500073d748cd
3,dense1-final,arrival,35,True,True,True,True,True,True,15,3.52603942155838,7.157436339752755,fae13402080f3fac1665d61c69cdc078302b15ea75db8b14c85e500073d748cd
3,dense1-final,arrival,36,True,True,True,True,True,True,11,5.354272201657295,6.581492590822478,fae13402080f3fac1665d61c69cdc078302b15ea75db8b14c85e500073d748cd
3,dense1-final,arrival,37,True,True,True,True,True,True,15,4.512778017669916,8.788384768261542,fae13402080f3fac1665d61c69cdc078302b15ea75db8b14c85e500073d748cd
3,dense1-final,arrival,38,True,True,True,True,True,True,14,3.4867876674979925,7.368492600200734,fae13402080f3fac1665d61c69cdc078302b15ea75db8b14c85e500073d748cd
3,dense1-final,arrival,39,True,True,True,True,True,True,16,3.692849539220333,7.2400935815409575,fae13402080f3fac1665d61c69cdc078302b15ea75db8b14c85e500073d748cd
3,dense1-final,arrival,40,True,True,True,True,True,True,16,3.827485488727689,9.656663174989305,fae13402080f3fac1665d61c69cdc078302b15ea75db8b14c85e500073d748cd
3,dense1-final,arrival,41,True,True,True,True,True,True,17,3.3669203985482454,5.698809742021982,fae13402080f3fac1665d61c69cdc078302b15ea75db8b14c85e500073d748cd
3,dense1-final,arrival,42,True,True,True,True,True,True,17,3.865155391395092,6.624946254322099,fae13402080f3fac1665d61c69cdc078302b15ea75db8b14c85e500073d748cd
3,dense1-final,arrival,43,True,True,False,True,True,True,15,4.221226554363966,22.854233019496622,fae13402080f3fac1665d61c69cdc078302b15ea75db8b14c85e500073d748cd
3,dense1-final,arrival,44,True,True,True,True,True,True,15,4.30127140134573,8.059484055510707,fae13402080f3fac1665d61c69cdc078302b15ea75db8b14c85e500073d748cd
3,dense1-final,arrival,45,True,True,True,True,True,True,10,4.321139305830002,6.066273919368668,fae13402080f3fac1665d61c69cdc078302b15ea75db8b14c85e500073d748cd
3,dense1-final,arrival,46,True,True,True,True,True,True,3,4.3707494623959064,7.079055223271805,fae13402080f3fac1665d61c69cdc078302b15ea75db8b14c85e500073d748cd
3,dense1-final,arrival,47,True,True,True,True,True,True,10,5.430667195469141,8.087873736795865,fae13402080f3fac1665d61c69cdc078302b15ea75db8b14c85e500073d748cd
3,dense1-final,arrival,48,True,True,True,True,True,True,5,5.472897551953793,8.621952694982197,fae13402080f3fac1665d61c69cdc078302b15ea75db8b14c85e500073d748cd
3,dense1-final,arrival,49,True,True,True,True,True,True,3,4.986451007425785,8.226348138255057,fae13402080f3fac1665d61c69cdc078302b15ea75db8b14c85e500073d748cd
3,dense1-final,arrival,50,True,True,True,True,True,True,8,5.532472860068083,6.987671134158442,fae13402080f3fac1665d61c69cdc078302b15ea75db8b14c85e500073d748cd
3,dense1-final,arrival,51,True,True,True,True,True,True,16,4.905566107481718,8.301751719144706,fae13402080f3fac1665d61c69cdc078302b15ea75db8b14c85e500073d748cd
3,dense1-final,arrival,52,True,True,True,True,True,True,17,4.018093459308147,7.963065690092222,fae13402080f3fac1665d61c69cdc078302b15ea75db8b14c85e500073d748cd
3,dense1-final,arrival,53,True,True,True,True,True,True,17,4.10504313185811,7.737441489918252,fae13402080f3fac1665d61c69cdc078302b15ea75db8b14c85e500073d748cd
3,dense1-final,arrival,54,True,False,False,True,True,True,6,52.58005112409592,145.1858614508627,fae13402080f3fac1665d61c69cdc078302b15ea75db8b14c85e500073d748cd
3,dense1-final,arrival,55,True,True,True,True,True,True,15,4.073068965226412,8.022802524573153,fae13402080f3fac1665d61c69cdc078302b15ea75db8b14c85e500073d748cd
3,dense1-final,arrival,56,True,True,True,True,True,True,4,5.351331550627947,8.108439436386773,fae13402080f3fac1665d61c69cdc078302b15ea75db8b14c85e500073d748cd
3,dense1-final,arrival,57,True,True,True,True,True,True,15,3.52787715382874,6.074906424705918,fae13402080f3fac1665d61c69cdc078302b15ea75db8b14c85e500073d748cd
3,dense1-final,arrival,58,True,True,True,True,True,True,15,3.9148335345089436,8.257858362217265,fae13402080f3fac1665d61c69cdc078302b15ea75db8b14c85e500073d748cd
3,dense1-final,arrival,59,True,True,True,True,True,True,10,5.077969748526812,8.829913172188867,fae13402080f3fac1665d61c69cdc078302b15ea75db8b14c85e500073d748cd
3,dense1-final,arrival,60,True,True,True,True,True,True,14,4.551798105239868,7.309746143149455,fae13402080f3fac1665d61c69cdc078302b15ea75db8b14c85e500073d748cd
3,dense1-final,arrival,61,True,True,True,True,True,True,15,3.4128695260733366,7.3744647468562645,fae13402080f3fac1665d61c69cdc078302b15ea75db8b14c85e500073d748cd
3,dense1-final,arrival,62,True,True,True,True,True,True,6,5.124264396727085,8.410482354315786,fae13402080f3fac1665d61c69cdc078302b15ea75db8b14c85e500073d748cd
3,dense1-final,arrival,63,True,True,True,True,True,True,13,5.182980559766293,7.190047931718627,fae13402080f3fac1665d61c69cdc078302b15ea75db8b14c85e500073d748cd
3,dense1-final,arrival,64,True,True,True,False,False,True,19,6.83295913040638,7.169565048171406,fae13402080f3fac1665d61c69cdc078302b15ea75db8b14c85e500073d748cd
3,dense1-final,arrival,65,True,True,True,True,True,True,10,6.324172019958496,9.967025263327391,fae13402080f3fac1665d61c69cdc078302b15ea75db8b14c85e500073d748cd
3,dense1-final,arrival,66,True,True,True,True,True,True,3,5.593961104750633,7.923248248551986,fae13402080f3fac1665d61c69cdc078302b15ea75db8b14c85e500073d748cd
3,dense1-final,arrival,67,True,True,True,True,True,True,12,3.962053917348385,9.944844223997775,fae13402080f3fac1665d61c69cdc078302b15ea75db8b14c85e500073d748cd
3,dense1-final,arrival,68,False,True,True,True,True,True,2,4.337456542998552,8.05367071075338,fae13402080f3fac1665d61c69cdc078302b15ea75db8b14c85e500073d748cd
3,dense1-final,arrival,69,True,True,True,True,True,True,16,4.372225143015385,10.600714846595542,fae13402080f3fac1665d61c69cdc078302b15ea75db8b14c85e500073d748cd
3,dense1-final,arrival,70,True,True,True,True,True,True,17,3.8050974253565073,6.640681302622516,fae13402080f3fac1665d61c69cdc078302b15ea75db8b14c85e500073d748cd
3,dense1-final,arrival,71,True,True,True,True,True,True,15,3.900321666151285,7.631635883259231,fae13402080f3fac1665d61c69cdc078302b15ea75db8b14c85e500073d748cd
3,dense1-final,arrival,72,True,True,True,True,True,True,16,3.978441935032606,7.231741967733324,fae13402080f3fac1665d61c69cdc078302b15ea75db8b14c85e500073d748cd
3,dense1-final,arrival,73,True,True,True,True,True,True,18,3.033652203157544,7.4438099499521115,fae13402080f3fac1665d61c69cdc078302b15ea75db8b14c85e500073d748cd
3,dense1-final,arrival,74,True,True,True,True,True,True,15,7.086126133799553,7.980397295111129,fae13402080f3fac1665d61c69cdc078302b15ea75db8b14c85e500073d748cd
3,dense1-final,arrival,75,True,True,True,True,True,True,16,3.280734410509467,5.5145478868011395,fae13402080f3fac1665d61c69cdc078302b15ea75db8b14c85e500073d748cd
3,dense1-final,arrival,76,True,True,True,True,True,True,16,3.7756317760795355,8.398713084602207,fae13402080f3fac1665d61c69cdc078302b15ea75db8b14c85e500073d748cd
3,dense1-final,arrival,77,True,True,True,True,True,True,12,4.253298509865999,6.73557269387468,fae13402080f3fac1665d61c69cdc078302b15ea75db8b14c85e500073d748cd
3,dense1-final,arrival,78,False,True,True,True,True,True,2,6.424145773053169,12.471408037613655,fae13402080f3fac1665d61c69cdc078302b15ea75db8b14c85e500073d748cd
3,dense1-final,arrival,79,True,True,True,True,True,True,11,6.735390517860651,7.208720815135797,fae13402080f3fac1665d61c69cdc078302b15ea75db8b14c85e500073d748cd
3,dense1-final,arrival,80,True,True,True,True,True,True,8,5.457828287035227,6.551150329208342,fae13402080f3fac1665d61c69cdc078302b15ea75db8b14c85e500073d748cd
3,dense1-final,arrival,81,True,False,False,True,True,True,11,51.20155215263367,44.80346597396655,fae13402080f3fac1665d61c69cdc078302b15ea75db8b14c85e500073d748cd
3,dense1-final,arrival,82,True,True,True,True,True,True,16,4.497363697737455,8.284251920717487,fae13402080f3fac1665d61c69cdc078302b15ea75db8b14c85e500073d748cd
3,dense1-final,arrival,83,True,True,False,True,True,True,7,6.877613719552755,15.013027295707534,fae13402080f3fac1665d61c69cdc078302b15ea75db8b14c85e500073d748cd
3,dense1-final,arrival,84,False,True,True,True,True,True,2,5.198657047003508,10.367541579841417,fae13402080f3fac1665d61c69cdc078302b15ea75db8b14c85e500073d748cd
3,dense1-final,arrival,85,True,True,True,True,True,True,5,6.111794151365757,8.338118207606792,fae13402080f3fac1665d61c69cdc078302b15ea75db8b14c85e500073d748cd
3,dense1-final,arrival,86,True,True,True,True,True,True,16,3.8144816644489765,7.507632945104003,fae13402080f3fac1665d61c69cdc078302b15ea75db8b14c85e500073d748cd
3,dense1-final,arrival,87,True,True,True,True,True,True,11,4.648005589842796,8.77416089931499,fae13402080f3fac1665d61c69cdc078302b15ea75db8b14c85e500073d748cd
3,dense1-final,arrival,88,True,True,True,True,True,True,14,3.8382569327950478,7.672925230565604,fae13402080f3fac1665d61c69cdc078302b15ea75db8b14c85e500073d748cd
3,dense1-final,arrival,89,True,False,False,True,True,True,12,55.41619658470154,82.84857587742138,fae13402080f3fac1665d61c69cdc078302b15ea75db8b14c85e500073d748cd
3,dense1-final,arrival,90,True,True,True,True,True,True,18,3.8654671516269445,7.798349701841841,fae13402080f3fac1665d61c69cdc078302b15ea75db8b14c85e500073d748cd
3,dense1-final,arrival,91,True,True,True,True,True,True,13,3.386794589459896,10.952331277520507,fae13402080f3fac1665d61c69cdc078302b15ea75db8b14c85e500073d748cd
3,dense1-final,arrival,92,True,True,True,True,True,True,12,3.517409786581993,5.5506441559041875,fae13402080f3fac1665d61c69cdc078302b15ea75db8b14c85e500073d748cd
3,dense1-final,arrival,93,True,True,True,True,True,True,14,3.920174203813076,11.188002685963566,fae13402080f3fac1665d61c69cdc078302b15ea75db8b14c85e500073d748cd
3,dense1-final,arrival,94,True,True,True,True,True,True,16,3.806578228250146,7.565364265289889,fae13402080f3fac1665d61c69cdc078302b15ea75db8b14c85e500073d748cd
3,dense1-final,arrival,95,True,True,True,True,True,True,3,5.49412751570344,9.510098414458232,fae13402080f3fac1665d61c69cdc078302b15ea75db8b14c85e500073d748cd
3,dense1-final,arrival,96,True,True,True,True,True,True,8,5.906142294406891,7.59160329076014,fae13402080f3fac1665d61c69cdc078302b15ea75db8b14c85e500073d748cd
3,dense1-final,arrival,97,False,True,True,True,True,True,2,6.250741891562939,12.202710956986293,fae13402080f3fac1665d61c69cdc078302b15ea75db8b14c85e500073d748cd
3,dense1-final,arrival,98,True,True,True,True,True,True,14,3.7335355300456285,7.144748836482634,fae13402080f3fac1665d61c69cdc078302b15ea75db8b14c85e500073d748cd
3,dense1-final,arrival,99,True,True,True,True,True,True,15,4.0170568972826,8.47928370359897,fae13402080f3fac1665d61c69cdc078302b15ea75db8b14c85e500073d748cd
3,dense1-final,arrival,100,True,True,True,True,True,True,17,3.8590594194829464,7.043128428237538,fae13402080f3fac1665d61c69cdc078302b15ea75db8b14c85e500073d748cd
3,dense1-final,arrival,101,True,True,True,True,True,True,15,4.33249119669199,10.229438569918344,fae13402080f3fac1665d61c69cdc078302b15ea75db8b14c85e500073d748cd
3,dense1-final,arrival,102,True,True,True,True,True,True,16,4.304417874664068,8.308843163050472,fae13402080f3fac1665d61c69cdc078302b15ea75db8b14c85e500073d748cd
3,dense1-final,arrival,103,True,True,True,True,True,True,17,3.2792380079627037,7.492760208186301,fae13402080f3fac1665d61c69cdc078302b15ea75db8b14c85e500073d748cd
3,dense1-final,arrival,104,True,True,True,True,True,True,15,4.2553069069981575,6.837392885152998,fae13402080f3fac1665d61c69cdc078302b15ea75db8b14c85e500073d748cd
3,dense1-final,arrival,105,True,True,True,True,True,True,4,5.362944677472115,8.722918258840616,fae13402080f3fac1665d61c69cdc078302b15ea75db8b14c85e500073d748cd
3,dense1-final,arrival,106,True,True,True,True,True,True,14,3.955066204071045,8.858915862952033,fae13402080f3fac1665d61c69cdc078302b15ea75db8b14c85e500073d748cd
3,dense1-final,arrival,107,True,True,True,True,True,True,16,5.420580040663481,12.048955714806489,fae13402080f3fac1665d61c69cdc078302b15ea75db8b14c85e500073d748cd
3,dense1-final,arrival,108,True,True,True,False,False,True,18,3.849292639642954,8.663076410201196,fae13402080f3fac1665d61c69cdc078302b15ea75db8b14c85e500073d748cd
3,dense1-final,arrival,109,True,True,True,True,True,True,18,3.318401053547859,6.716449871745937,fae13402080f3fac1665d61c69cdc078302b15ea75db8b14c85e500073d748cd
3,dense1-final,arrival,110,True,True,True,True,True,True,15,3.869593609124422,8.890841874679966,fae13402080f3fac1665d61c69cdc078302b15ea75db8b14c85e500073d748cd
3,dense1-final,arrival,111,True,True,True,True,True,True,19,3.7094869185239077,6.029237645481097,fae13402080f3fac1665d61c69cdc078302b15ea75db8b14c85e500073d748cd
3,dense1-final,arrival,112,True,True,True,True,True,True,16,4.3962192721664906,7.349322820521448,fae13402080f3fac1665d61c69cdc078302b15ea75db8b14c85e500073d748cd
3,dense1-final,arrival,113,False,True,False,True,True,True,2,6.815155502408743,16.834775351133334,fae13402080f3fac1665d61c69cdc078302b15ea75db8b14c85e500073d748cd
3,dense1-final,arrival,114,True,True,True,True,True,True,13,4.304525442421436,7.476138089067428,fae13402080f3fac1665d61c69cdc078302b15ea75db8b14c85e500073d748cd
3,dense1-final,arrival,115,True,True,True,True,True,True,17,4.745041951537132,7.377674081992525,fae13402080f3fac1665d61c69cdc078302b15ea75db8b14c85e500073d748cd
3,dense1-final,arrival,116,True,True,True,True,True,True,16,3.869652282446623,8.602673632276188,fae13402080f3fac1665d61c69cdc078302b15ea75db8b14c85e500073d748cd
3,dense1-final,arrival,117,True,True,True,True,True,True,14,3.139022970572114,6.836888731814887,fae13402080f3fac1665d61c69cdc078302b15ea75db8b14c85e500073d748cd
3,dense1-final,arrival,118,True,True,True,True,True,True,14,4.069204907864332,7.005599100069256,fae13402080f3fac1665d61c69cdc078302b15ea75db8b14c85e500073d748cd
3,dense1-final,arrival,119,True,True,True,True,True,True,18,4.324422683566809,7.92052556439409,fae13402080f3fac1665d61c69cdc078302b15ea75db8b14c85e500073d748cd
3,dense1-final,arrival,120,True,True,True,True,True,True,9,7.268990855664015,8.116779951137005,fae13402080f3fac1665d61c69cdc078302b15ea75db8b14c85e500073d748cd
3,dense1-final,arrival,121,True,True,True,True,True,True,15,4.565872717648745,8.121951258112352,fae13402080f3fac1665d61c69cdc078302b15ea75db8b14c85e500073d748cd
3,dense1-final,arrival,122,True,True,True,True,True,True,12,4.126621875911951,8.836903017030728,fae13402080f3fac1665d61c69cdc078302b15ea75db8b14c85e500073d748cd
3,dense1-final,arrival,123,True,True,True,True,True,True,16,4.181969445198774,9.236323941956611,fae13402080f3fac1665d61c69cdc078302b15ea75db8b14c85e500073d748cd
3,dense1-final,arrival,124,True,True,True,True,True,True,14,3.6407788284122944,6.860739325509749,fae13402080f3fac1665d61c69cdc078302b15ea75db8b14c85e500073d748cd
3,dense1-final,arrival,125,True,True,True,True,True,True,12,5.089095328003168,6.695260490506442,fae13402080f3fac1665d61c69cdc078302b15ea75db8b14c85e500073d748cd
3,dense1-final,arrival,126,True,True,True,True,True,True,18,4.052986856549978,10.503249754686752,fae13402080f3fac1665d61c69cdc078302b15ea75db8b14c85e500073d748cd
3,dense1-final,arrival,127,True,True,True,True,True,True,14,4.6317861415445805,8.154608100081475,fae13402080f3fac1665d61c69cdc078302b15ea75db8b14c85e500073d748cd
3,dense1-selected,fixed2,0,False,True,False,True,True,True,5,4.19863173738122,16.4318129731228,10479ef3962dff74d86d4bac177b0e0ff48759b3dcd79bf2cfbf41e83163ed87
3,dense1-selected,fixed2,1,True,True,True,True,True,True,5,5.2567897364497185,6.619127786922895,10479ef3962dff74d86d4bac177b0e0ff48759b3dcd79bf2cfbf41e83163ed87
3,dense1-selected,fixed2,2,True,True,True,True,True,True,5,5.005849990993738,8.87961389745811,10479ef3962dff74d86d4bac177b0e0ff48759b3dcd79bf2cfbf41e83163ed87
3,dense1-selected,fixed2,3,True,True,True,True,True,True,5,5.057148635387421,6.773831998510507,10479ef3962dff74d86d4bac177b0e0ff48759b3dcd79bf2cfbf41e83163ed87
3,dense1-selected,fixed2,4,True,True,True,True,True,True,5,5.092224571853876,7.887597222405459,10479ef3962dff74d86d4bac177b0e0ff48759b3dcd79bf2cfbf41e83163ed87
3,dense1-selected,fixed2,5,True,True,True,True,True,True,5,4.593530669808388,7.290771023861513,10479ef3962dff74d86d4bac177b0e0ff48759b3dcd79bf2cfbf41e83163ed87
3,dense1-selected,fixed2,6,True,True,True,True,True,True,5,4.126958083361387,6.725345339366232,10479ef3962dff74d86d4bac177b0e0ff48759b3dcd79bf2cfbf41e83163ed87
3,dense1-selected,fixed2,7,True,True,True,True,True,True,5,5.39050530642271,6.906575444369235,10479ef3962dff74d86d4bac177b0e0ff48759b3dcd79bf2cfbf41e83163ed87
3,dense1-selected,fixed2,8,True,True,True,True,True,True,5,4.155180882662535,6.814704277390685,10479ef3962dff74d86d4bac177b0e0ff48759b3dcd79bf2cfbf41e83163ed87
3,dense1-selected,fixed2,9,True,True,True,True,True,True,5,3.547459375113249,5.872658120079493,10479ef3962dff74d86d4bac177b0e0ff48759b3dcd79bf2cfbf41e83163ed87
3,dense1-selected,fixed2,10,True,True,True,True,True,True,5,3.7871082313358784,5.575080011433554,10479ef3962dff74d86d4bac177b0e0ff48759b3dcd79bf2cfbf41e83163ed87
3,dense1-selected,fixed2,11,True,True,True,True,True,True,5,4.450214561074972,5.21023265031263,10479ef3962dff74d86d4bac177b0e0ff48759b3dcd79bf2cfbf41e83163ed87
3,dense1-selected,fixed2,12,True,True,True,True,True,True,5,3.8277164567261934,5.526126764991604,10479ef3962dff74d86d4bac177b0e0ff48759b3dcd79bf2cfbf41e83163ed87
3,dense1-selected,fixed2,13,True,True,True,True,True,True,5,3.6817104555666447,7.424792141981857,10479ef3962dff74d86d4bac177b0e0ff48759b3dcd79bf2cfbf41e83163ed87
3,dense1-selected,fixed2,14,True,True,True,True,True,True,5,4.261776804924011,7.691424797932584,10479ef3962dff74d86d4bac177b0e0ff48759b3dcd79bf2cfbf41e83163ed87
3,dense1-selected,fixed2,15,True,True,True,True,True,True,5,3.77444620244205,5.418925665307785,10479ef3962dff74d86d4bac177b0e0ff48759b3dcd79bf2cfbf41e83163ed87
3,dense1-selected,fixed2,16,True,True,True,True,True,True,5,3.797689685598016,7.106246206357626,10479ef3962dff74d86d4bac177b0e0ff48759b3dcd79bf2cfbf41e83163ed87
3,dense1-selected,fixed2,17,True,True,True,True,True,True,5,4.639865830540657,7.287042594348333,10479ef3962dff74d86d4bac177b0e0ff48759b3dcd79bf2cfbf41e83163ed87
3,dense1-selected,fixed2,18,True,True,True,True,True,True,5,3.5495772026479244,5.640969138809376,10479ef3962dff74d86d4bac177b0e0ff48759b3dcd79bf2cfbf41e83163ed87
3,dense1-selected,fixed2,19,True,True,True,True,True,True,5,3.9082090370357037,5.116543372354388,10479ef3962dff74d86d4bac177b0e0ff48759b3dcd79bf2cfbf41e83163ed87
3,dense1-selected,fixed2,20,True,True,True,True,True,True,5,5.946142598986626,7.60454052282179,10479ef3962dff74d86d4bac177b0e0ff48759b3dcd79bf2cfbf41e83163ed87
3,dense1-selected,fixed2,21,True,True,True,False,False,True,5,5.073029547929764,9.181782320113122,10479ef3962dff74d86d4bac177b0e0ff48759b3dcd79bf2cfbf41e83163ed87
3,dense1-selected,fixed2,22,True,True,True,True,True,True,5,3.9268741384148598,8.07349106595111,10479ef3962dff74d86d4bac177b0e0ff48759b3dcd79bf2cfbf41e83163ed87
3,dense1-selected,fixed2,23,False,True,True,True,True,True,3,5.552561488002539,7.548335749915402,10479ef3962dff74d86d4bac177b0e0ff48759b3dcd79bf2cfbf41e83163ed87
3,dense1-selected,fixed2,24,True,True,True,True,True,True,5,4.250265657901764,6.24403514204695,10479ef3962dff74d86d4bac177b0e0ff48759b3dcd79bf2cfbf41e83163ed87
3,dense1-selected,fixed2,25,True,True,True,True,True,True,5,4.3612211011350155,6.4429161634125585,10479ef3962dff74d86d4bac177b0e0ff48759b3dcd79bf2cfbf41e83163ed87
3,dense1-selected,fixed2,26,False,True,True,True,True,True,4,4.958854988217354,7.505542907217979,10479ef3962dff74d86d4bac177b0e0ff48759b3dcd79bf2cfbf41e83163ed87
3,dense1-selected,fixed2,27,True,True,True,True,True,True,5,3.7655169144272804,6.617071473095898,10479ef3962dff74d86d4bac177b0e0ff48759b3dcd79bf2cfbf41e83163ed87
3,dense1-selected,fixed2,28,True,True,True,True,True,True,5,3.625815734267235,6.099999685942898,10479ef3962dff74d86d4bac177b0e0ff48759b3dcd79bf2cfbf41e83163ed87
3,dense1-selected,fixed2,29,True,True,True,True,True,True,5,5.186556838452816,9.674082718693777,10479ef3962dff74d86d4bac177b0e0ff48759b3dcd79bf2cfbf41e83163ed87
3,dense1-selected,fixed2,30,False,True,True,True,True,True,4,3.750693053007126,5.422819300021515,10479ef3962dff74d86d4bac177b0e0ff48759b3dcd79bf2cfbf41e83163ed87
3,dense1-selected,fixed2,31,True,True,True,True,True,True,5,6.467489525675774,7.848216912972104,10479ef3962dff74d86d4bac177b0e0ff48759b3dcd79bf2cfbf41e83163ed87
3,dense1-selected,fixed2,32,True,True,True,True,True,True,5,5.347029305994511,6.785649933321921,10479ef3962dff74d86d4bac177b0e0ff48759b3dcd79bf2cfbf41e83163ed87
3,dense1-selected,fixed2,33,True,True,True,True,True,True,5,3.664433490484953,7.152043051629384,10479ef3962dff74d86d4bac177b0e0ff48759b3dcd79bf2cfbf41e83163ed87
3,dense1-selected,fixed2,34,True,True,True,True,True,True,5,3.145764581859112,5.983895434675968,10479ef3962dff74d86d4bac177b0e0ff48759b3dcd79bf2cfbf41e83163ed87
3,dense1-selected,fixed2,35,True,True,True,True,True,True,5,3.810479072853923,6.565779740636864,10479ef3962dff74d86d4bac177b0e0ff48759b3dcd79bf2cfbf41e83163ed87
3,dense1-selected,fixed2,36,True,True,True,True,True,True,5,5.063758231699467,8.04925413968132,10479ef3962dff74d86d4bac177b0e0ff48759b3dcd79bf2cfbf41e83163ed87
3,dense1-selected,fixed2,37,True,True,True,True,True,True,5,4.963509738445282,6.732006054467464,10479ef3962dff74d86d4bac177b0e0ff48759b3dcd79bf2cfbf41e83163ed87
3,dense1-selected,fixed2,38,True,True,True,True,True,True,5,3.1730548944324255,5.499036527196041,10479ef3962dff74d86d4bac177b0e0ff48759b3dcd79bf2cfbf41e83163ed87
3,dense1-selected,fixed2,39,True,True,True,True,True,True,5,3.7578162737190723,6.516396619164025,10479ef3962dff74d86d4bac177b0e0ff48759b3dcd79bf2cfbf41e83163ed87
3,dense1-selected,fixed2,40,True,True,True,True,True,True,5,5.239882972091436,8.655141437932935,10479ef3962dff74d86d4bac177b0e0ff48759b3dcd79bf2cfbf41e83163ed87
3,dense1-selected,fixed2,41,True,True,True,True,True,True,5,4.030362237244844,6.803259868549507,10479ef3962dff74d86d4bac177b0e0ff48759b3dcd79bf2cfbf41e83163ed87
3,dense1-selected,fixed2,42,True,True,True,True,True,True,5,4.326511174440384,7.513886837062796,10479ef3962dff74d86d4bac177b0e0ff48759b3dcd79bf2cfbf41e83163ed87
3,dense1-selected,fixed2,43,True,True,True,True,True,True,5,3.5915363114327192,5.206304010879403,10479ef3962dff74d86d4bac177b0e0ff48759b3dcd79bf2cfbf41e83163ed87
3,dense1-selected,fixed2,44,True,True,True,True,True,True,5,3.9018781390041113,5.825995121443612,10479ef3962dff74d86d4bac177b0e0ff48759b3dcd79bf2cfbf41e83163ed87
3,dense1-selected,fixed2,45,True,True,True,True,True,True,5,4.780416376888752,7.098368436923662,10479ef3962dff74d86d4bac177b0e0ff48759b3dcd79bf2cfbf41e83163ed87
3,dense1-selected,fixed2,46,True,True,True,True,True,True,5,3.700400935485959,5.09647755723336,10479ef3962dff74d86d4bac177b0e0ff48759b3dcd79bf2cfbf41e83163ed87
3,dense1-selected,fixed2,47,True,True,True,True,True,True,5,3.534580348059535,6.7651226535450935,10479ef3962dff74d86d4bac177b0e0ff48759b3dcd79bf2cfbf41e83163ed87
3,dense1-selected,fixed2,48,True,True,True,True,True,True,5,3.7817093543708324,6.396858917178693,10479ef3962dff74d86d4bac177b0e0ff48759b3dcd79bf2cfbf41e83163ed87
3,dense1-selected,fixed2,49,True,True,True,True,True,True,5,4.782036878168583,7.8646409566050455,10479ef3962dff74d86d4bac177b0e0ff48759b3dcd79bf2cfbf41e83163ed87
3,dense1-selected,fixed2,50,True,True,True,True,True,True,5,3.9040297269821167,6.0122462692602205,10479ef3962dff74d86d4bac177b0e0ff48759b3dcd79bf2cfbf41e83163ed87
3,dense1-selected,fixed2,51,True,True,True,True,True,True,5,6.544674281030893,8.90019069610642,10479ef3962dff74d86d4bac177b0e0ff48759b3dcd79bf2cfbf41e83163ed87
3,dense1-selected,fixed2,52,True,True,True,True,True,True,5,4.539025481790304,6.873794805221405,10479ef3962dff74d86d4bac177b0e0ff48759b3dcd79bf2cfbf41e83163ed87
3,dense1-selected,fixed2,53,True,True,True,True,True,True,5,4.840053617954254,5.589125868574863,10479ef3962dff74d86d4bac177b0e0ff48759b3dcd79bf2cfbf41e83163ed87
3,dense1-selected,fixed2,54,True,True,True,True,True,True,5,5.65677834674716,8.27634768430049,10479ef3962dff74d86d4bac177b0e0ff48759b3dcd79bf2cfbf41e83163ed87
3,dense1-selected,fixed2,55,True,True,True,True,True,True,5,4.105593543499708,7.193838686707985,10479ef3962dff74d86d4bac177b0e0ff48759b3dcd79bf2cfbf41e83163ed87
3,dense1-selected,fixed2,56,False,True,True,True,True,True,3,6.287913303822279,12.721069381024192,10479ef3962dff74d86d4bac177b0e0ff48759b3dcd79bf2cfbf41e83163ed87
3,dense1-selected,fixed2,57,True,True,True,True,True,True,5,4.709872882813215,8.593399942930604,10479ef3962dff74d86d4bac177b0e0ff48759b3dcd79bf2cfbf41e83163ed87
3,dense1-selected,fixed2,58,True,True,True,True,True,True,5,2.6316430885344744,6.186449817154573,10479ef3962dff74d86d4bac177b0e0ff48759b3dcd79bf2cfbf41e83163ed87
3,dense1-selected,fixed2,59,True,True,True,True,True,True,5,3.689447185024619,7.015810659765249,10479ef3962dff74d86d4bac177b0e0ff48759b3dcd79bf2cfbf41e83163ed87
3,dense1-selected,fixed2,60,True,True,True,True,True,True,5,4.530868027359247,7.726391097614818,10479ef3962dff74d86d4bac177b0e0ff48759b3dcd79bf2cfbf41e83163ed87
3,dense1-selected,fixed2,61,False,True,True,True,True,True,4,4.215846303850412,7.49293096291555,10479ef3962dff74d86d4bac177b0e0ff48759b3dcd79bf2cfbf41e83163ed87
3,dense1-selected,fixed2,62,True,True,True,True,True,True,5,4.186009988188744,6.535260320991131,10479ef3962dff74d86d4bac177b0e0ff48759b3dcd79bf2cfbf41e83163ed87
3,dense1-selected,fixed2,63,True,True,True,True,True,True,5,3.8676063995808363,7.125810856348304,10479ef3962dff74d86d4bac177b0e0ff48759b3dcd79bf2cfbf41e83163ed87
3,dense1-selected,fixed2,64,False,False,False,False,False,False,0,55.456556379795074,94.68614065251056,10479ef3962dff74d86d4bac177b0e0ff48759b3dcd79bf2cfbf41e83163ed87
3,dense1-selected,fixed2,65,True,True,True,True,True,True,5,3.9261002093553543,5.7201698779907275,10479ef3962dff74d86d4bac177b0e0ff48759b3dcd79bf2cfbf41e83163ed87
3,dense1-selected,fixed2,66,True,True,True,True,True,True,5,3.941464237868786,7.5750008084351315,10479ef3962dff74d86d4bac177b0e0ff48759b3dcd79bf2cfbf41e83163ed87
3,dense1-selected,fixed2,67,True,True,True,True,True,True,5,3.7437782157212496,6.018798555108379,10479ef3962dff74d86d4bac177b0e0ff48759b3dcd79bf2cfbf41e83163ed87
3,dense1-selected,fixed2,68,True,True,True,True,True,True,5,4.8468769527971745,9.55461417237379,10479ef3962dff74d86d4bac177b0e0ff48759b3dcd79bf2cfbf41e83163ed87
3,dense1-selected,fixed2,69,True,True,True,True,True,True,5,4.946073051542044,5.724158281579192,10479ef3962dff74d86d4bac177b0e0ff48759b3dcd79bf2cfbf41e83163ed87
3,dense1-selected,fixed2,70,True,True,True,True,True,True,5,5.038026720285416,9.535528916285482,10479ef3962dff74d86d4bac177b0e0ff48759b3dcd79bf2cfbf41e83163ed87
3,dense1-selected,fixed2,71,True,True,True,True,True,True,5,5.354713182896376,5.455660130211405,10479ef3962dff74d86d4bac177b0e0ff48759b3dcd79bf2cfbf41e83163ed87
3,dense1-selected,fixed2,72,True,True,True,True,True,True,5,4.188020713627338,6.110134406010728,10479ef3962dff74d86d4bac177b0e0ff48759b3dcd79bf2cfbf41e83163ed87
3,dense1-selected,fixed2,73,True,True,True,True,True,True,5,5.395400337874889,7.129187531119229,10479ef3962dff74d86d4bac177b0e0ff48759b3dcd79bf2cfbf41e83163ed87
3,dense1-selected,fixed2,74,True,True,True,True,True,True,5,4.434381145983934,6.1906226358506276,10479ef3962dff74d86d4bac177b0e0ff48759b3dcd79bf2cfbf41e83163ed87
3,dense1-selected,fixed2,75,True,True,True,True,True,True,5,5.073155742138624,8.184438951281505,10479ef3962dff74d86d4bac177b0e0ff48759b3dcd79bf2cfbf41e83163ed87
3,dense1-selected,fixed2,76,True,True,True,True,True,True,5,5.161975510418415,8.464836999730746,10479ef3962dff74d86d4bac177b0e0ff48759b3dcd79bf2cfbf41e83163ed87
3,dense1-selected,fixed2,77,True,True,True,True,True,True,5,4.372505005449057,6.651820060498338,10479ef3962dff74d86d4bac177b0e0ff48759b3dcd79bf2cfbf41e83163ed87
3,dense1-selected,fixed2,78,True,True,True,True,True,True,5,3.9323531091213226,6.110971957957701,10479ef3962dff74d86d4bac177b0e0ff48759b3dcd79bf2cfbf41e83163ed87
3,dense1-selected,fixed2,79,False,True,True,True,True,True,2,6.987207569181919,10.418858498623015,10479ef3962dff74d86d4bac177b0e0ff48759b3dcd79bf2cfbf41e83163ed87
3,dense1-selected,fixed2,80,False,True,True,True,True,True,3,5.932992789894342,9.159692634563653,10479ef3962dff74d86d4bac177b0e0ff48759b3dcd79bf2cfbf41e83163ed87
3,dense1-selected,fixed2,81,False,True,True,True,True,True,1,4.634533543139696,7.364895651829077,10479ef3962dff74d86d4bac177b0e0ff48759b3dcd79bf2cfbf41e83163ed87
3,dense1-selected,fixed2,82,True,True,True,True,True,True,5,5.305458325892687,5.70820808231992,10479ef3962dff74d86d4bac177b0e0ff48759b3dcd79bf2cfbf41e83163ed87
3,dense1-selected,fixed2,83,True,True,True,True,True,True,5,4.910321440547705,7.9761745306567695,10479ef3962dff74d86d4bac177b0e0ff48759b3dcd79bf2cfbf41e83163ed87
3,dense1-selected,fixed2,84,True,True,True,True,True,True,5,5.501925945281982,8.410213415617216,10479ef3962dff74d86d4bac177b0e0ff48759b3dcd79bf2cfbf41e83163ed87
3,dense1-selected,fixed2,85,True,True,True,True,True,True,5,4.463061224669218,7.57309689320399,10479ef3962dff74d86d4bac177b0e0ff48759b3dcd79bf2cfbf41e83163ed87
3,dense1-selected,fixed2,86,True,True,True,True,True,True,5,4.097101744264364,6.123427234796043,10479ef3962dff74d86d4bac177b0e0ff48759b3dcd79bf2cfbf41e83163ed87
3,dense1-selected,fixed2,87,True,True,True,True,True,True,5,4.999834578484297,8.348084307379487,10479ef3962dff74d86d4bac177b0e0ff48759b3dcd79bf2cfbf41e83163ed87
3,dense1-selected,fixed2,88,True,True,True,True,True,True,5,3.818706376478076,6.471797618317957,10479ef3962dff74d86d4bac177b0e0ff48759b3dcd79bf2cfbf41e83163ed87
3,dense1-selected,fixed2,89,True,True,True,True,True,True,5,3.7045793142169714,6.023574991772334,10479ef3962dff74d86d4bac177b0e0ff48759b3dcd79bf2cfbf41e83163ed87
3,dense1-selected,fixed2,90,True,True,True,True,True,True,5,3.696250496432185,6.664570316131458,10479ef3962dff74d86d4bac177b0e0ff48759b3dcd79bf2cfbf41e83163ed87
3,dense1-selected,fixed2,91,True,True,True,True,True,True,5,4.874929785728455,8.154202557599506,10479ef3962dff74d86d4bac177b0e0ff48759b3dcd79bf2cfbf41e83163ed87
3,dense1-selected,fixed2,92,True,True,True,True,True,True,5,4.800485447049141,6.228051645615475,10479ef3962dff74d86d4bac177b0e0ff48759b3dcd79bf2cfbf41e83163ed87
3,dense1-selected,fixed2,93,True,True,True,True,True,True,5,3.7516094744205475,7.700234034414608,10479ef3962dff74d86d4bac177b0e0ff48759b3dcd79bf2cfbf41e83163ed87
3,dense1-selected,fixed2,94,True,True,True,True,True,True,5,4.264314193278551,5.416406179277696,10479ef3962dff74d86d4bac177b0e0ff48759b3dcd79bf2cfbf41e83163ed87
3,dense1-selected,fixed2,95,True,True,True,True,True,True,5,4.756343085318804,8.926112117780265,10479ef3962dff74d86d4bac177b0e0ff48759b3dcd79bf2cfbf41e83163ed87
3,dense1-selected,fixed2,96,True,True,True,True,True,True,5,3.335387445986271,5.286650941180848,10479ef3962dff74d86d4bac177b0e0ff48759b3dcd79bf2cfbf41e83163ed87
3,dense1-selected,fixed2,97,True,True,True,True,True,True,5,4.171708598732948,6.736802981698928,10479ef3962dff74d86d4bac177b0e0ff48759b3dcd79bf2cfbf41e83163ed87
3,dense1-selected,fixed2,98,True,True,True,True,True,True,5,3.9583048783242702,7.883810736284333,10479ef3962dff74d86d4bac177b0e0ff48759b3dcd79bf2cfbf41e83163ed87
3,dense1-selected,fixed2,99,True,True,True,True,True,True,5,3.926062025129795,6.764424693589283,10479ef3962dff74d86d4bac177b0e0ff48759b3dcd79bf2cfbf41e83163ed87
3,dense1-selected,fixed2,100,True,True,True,True,True,True,5,5.645067431032658,8.546346769738387,10479ef3962dff74d86d4bac177b0e0ff48759b3dcd79bf2cfbf41e83163ed87
3,dense1-selected,fixed2,101,True,True,True,True,True,True,5,4.4621615670621395,7.620045052237719,10479ef3962dff74d86d4bac177b0e0ff48759b3dcd79bf2cfbf41e83163ed87
3,dense1-selected,fixed2,102,True,True,True,True,True,True,5,6.238310132175684,9.284353832200141,10479ef3962dff74d86d4bac177b0e0ff48759b3dcd79bf2cfbf41e83163ed87
3,dense1-selected,fixed2,103,True,True,True,True,True,True,5,3.295289119705558,5.852885576205953,10479ef3962dff74d86d4bac177b0e0ff48759b3dcd79bf2cfbf41e83163ed87
3,dense1-selected,fixed2,104,True,True,True,True,True,True,5,4.332591313868761,6.205993549690918,10479ef3962dff74d86d4bac177b0e0ff48759b3dcd79bf2cfbf41e83163ed87
3,dense1-selected,fixed2,105,True,True,True,True,True,True,5,4.967982415109873,6.86363617949148,10479ef3962dff74d86d4bac177b0e0ff48759b3dcd79bf2cfbf41e83163ed87
3,dense1-selected,fixed2,106,True,True,True,True,True,True,5,3.726671217009425,8.917458268101859,10479ef3962dff74d86d4bac177b0e0ff48759b3dcd79bf2cfbf41e83163ed87
3,dense1-selected,fixed2,107,True,True,True,True,True,True,5,5.482321139425039,8.09870983191409,10479ef3962dff74d86d4bac177b0e0ff48759b3dcd79bf2cfbf41e83163ed87
3,dense1-selected,fixed2,108,False,True,True,False,False,True,2,4.959574434906244,8.55349114761022,10479ef3962dff74d86d4bac177b0e0ff48759b3dcd79bf2cfbf41e83163ed87
3,dense1-selected,fixed2,109,True,True,True,True,True,True,5,4.02120454236865,6.90815620627527,10479ef3962dff74d86d4bac177b0e0ff48759b3dcd79bf2cfbf41e83163ed87
3,dense1-selected,fixed2,110,True,True,True,True,True,True,5,4.482288379222155,7.934202164433395,10479ef3962dff74d86d4bac177b0e0ff48759b3dcd79bf2cfbf41e83163ed87
3,dense1-selected,fixed2,111,True,True,True,True,True,True,5,4.862499423325062,5.182307421891033,10479ef3962dff74d86d4bac177b0e0ff48759b3dcd79bf2cfbf41e83163ed87
3,dense1-selected,fixed2,112,True,True,True,True,True,True,5,5.146277137100697,9.376035461429222,10479ef3962dff74d86d4bac177b0e0ff48759b3dcd79bf2cfbf41e83163ed87
3,dense1-selected,fixed2,113,True,True,True,True,True,True,5,5.3936634212732315,9.386535169730825,10479ef3962dff74d86d4bac177b0e0ff48759b3dcd79bf2cfbf41e83163ed87
3,dense1-selected,fixed2,114,True,True,True,True,True,True,5,4.4113993644714355,6.858959634344137,10479ef3962dff74d86d4bac177b0e0ff48759b3dcd79bf2cfbf41e83163ed87
3,dense1-selected,fixed2,115,False,True,True,True,True,True,2,3.9065880700945854,6.429318964322356,10479ef3962dff74d86d4bac177b0e0ff48759b3dcd79bf2cfbf41e83163ed87
3,dense1-selected,fixed2,116,True,True,True,True,True,True,5,4.737514071166515,7.160908210285238,10479ef3962dff74d86d4bac177b0e0ff48759b3dcd79bf2cfbf41e83163ed87
3,dense1-selected,fixed2,117,True,True,True,True,True,True,5,5.3825159557163715,7.76591996366262,10479ef3962dff74d86d4bac177b0e0ff48759b3dcd79bf2cfbf41e83163ed87
3,dense1-selected,fixed2,118,True,True,True,True,True,True,5,3.224174724891782,5.630355451725999,10479ef3962dff74d86d4bac177b0e0ff48759b3dcd79bf2cfbf41e83163ed87
3,dense1-selected,fixed2,119,True,True,True,True,True,True,5,4.8899962566792965,8.070201476092103,10479ef3962dff74d86d4bac177b0e0ff48759b3dcd79bf2cfbf41e83163ed87
3,dense1-selected,fixed2,120,True,True,True,True,True,True,5,4.1941930539906025,6.021438423222588,10479ef3962dff74d86d4bac177b0e0ff48759b3dcd79bf2cfbf41e83163ed87
3,dense1-selected,fixed2,121,True,True,True,True,True,True,5,4.9101850017905235,7.509086067849923,10479ef3962dff74d86d4bac177b0e0ff48759b3dcd79bf2cfbf41e83163ed87
3,dense1-selected,fixed2,122,True,True,True,True,True,True,5,5.376724060624838,9.676096770725284,10479ef3962dff74d86d4bac177b0e0ff48759b3dcd79bf2cfbf41e83163ed87
3,dense1-selected,fixed2,123,True,True,True,True,True,True,5,4.867804236710072,7.637094911953364,10479ef3962dff74d86d4bac177b0e0ff48759b3dcd79bf2cfbf41e83163ed87
3,dense1-selected,fixed2,124,True,True,True,True,True,True,5,4.04104869812727,7.183852950141426,10479ef3962dff74d86d4bac177b0e0ff48759b3dcd79bf2cfbf41e83163ed87
3,dense1-selected,fixed2,125,True,True,True,True,True,True,5,3.9186691865324974,6.224865789254487,10479ef3962dff74d86d4bac177b0e0ff48759b3dcd79bf2cfbf41e83163ed87
3,dense1-selected,fixed2,126,True,True,True,True,True,True,5,4.527017939835787,6.95774850229144,10479ef3962dff74d86d4bac177b0e0ff48759b3dcd79bf2cfbf41e83163ed87
3,dense1-selected,fixed2,127,True,True,True,True,True,True,5,4.055222030729055,6.245255184587444,10479ef3962dff74d86d4bac177b0e0ff48759b3dcd79bf2cfbf41e83163ed87
3,dense1-selected,fixed5,0,False,True,False,True,True,True,2,4.19863173738122,16.4318129731228,10479ef3962dff74d86d4bac177b0e0ff48759b3dcd79bf2cfbf41e83163ed87
3,dense1-selected,fixed5,1,True,True,True,True,True,True,2,5.8141653425991535,7.842297700282642,10479ef3962dff74d86d4bac177b0e0ff48759b3dcd79bf2cfbf41e83163ed87
3,dense1-selected,fixed5,2,True,True,True,True,True,True,2,5.035222508013248,8.099467982911962,10479ef3962dff74d86d4bac177b0e0ff48759b3dcd79bf2cfbf41e83163ed87
3,dense1-selected,fixed5,3,True,True,True,True,True,True,2,4.080125596374273,5.021491044769905,10479ef3962dff74d86d4bac177b0e0ff48759b3dcd79bf2cfbf41e83163ed87
3,dense1-selected,fixed5,4,True,True,True,True,True,True,2,4.265738185495138,6.434798910470821,10479ef3962dff74d86d4bac177b0e0ff48759b3dcd79bf2cfbf41e83163ed87
3,dense1-selected,fixed5,5,False,True,True,True,True,True,1,5.442832130938768,6.9443805414252555,10479ef3962dff74d86d4bac177b0e0ff48759b3dcd79bf2cfbf41e83163ed87
3,dense1-selected,fixed5,6,True,True,True,True,True,True,2,4.141998942941427,6.203420702807939,10479ef3962dff74d86d4bac177b0e0ff48759b3dcd79bf2cfbf41e83163ed87
3,dense1-selected,fixed5,7,True,True,True,True,True,True,2,5.547769367694855,6.71874609596753,10479ef3962dff74d86d4bac177b0e0ff48759b3dcd79bf2cfbf41e83163ed87
3,dense1-selected,fixed5,8,True,True,True,True,True,True,2,4.57544531673193,7.01451890023847,10479ef3962dff74d86d4bac177b0e0ff48759b3dcd79bf2cfbf41e83163ed87
3,dense1-selected,fixed5,9,True,True,True,True,True,True,2,3.4944789949804544,5.257146658400509,10479ef3962dff74d86d4bac177b0e0ff48759b3dcd79bf2cfbf41e83163ed87
3,dense1-selected,fixed5,10,False,True,True,True,True,True,1,4.170066677033901,7.04465967127209,10479ef3962dff74d86d4bac177b0e0ff48759b3dcd79bf2cfbf41e83163ed87
3,dense1-selected,fixed5,11,True,True,True,True,True,True,2,4.5769657008349895,5.21023265031263,10479ef3962dff74d86d4bac177b0e0ff48759b3dcd79bf2cfbf41e83163ed87
3,dense1-selected,fixed5,12,True,True,True,True,True,True,2,4.552117548882961,5.604381096086087,10479ef3962dff74d86d4bac177b0e0ff48759b3dcd79bf2cfbf41e83163ed87
3,dense1-selected,fixed5,13,True,True,True,True,True,True,2,3.494640113785863,6.079881363742626,10479ef3962dff74d86d4bac177b0e0ff48759b3dcd79bf2cfbf41e83163ed87
3,dense1-selected,fixed5,14,True,True,True,True,True,True,2,4.822604823857546,8.081765840130581,10479ef3962dff74d86d4bac177b0e0ff48759b3dcd79bf2cfbf41e83163ed87
3,dense1-selected,fixed5,15,True,True,True,True,True,True,2,3.4608361311256886,5.418925665307785,10479ef3962dff74d86d4bac177b0e0ff48759b3dcd79bf2cfbf41e83163ed87
3,dense1-selected,fixed5,16,True,True,True,True,True,True,2,3.7164483219385147,7.565995204014469,10479ef3962dff74d86d4bac177b0e0ff48759b3dcd79bf2cfbf41e83163ed87
3,dense1-selected,fixed5,17,True,True,True,True,True,True,2,4.781386349350214,6.947032789257336,10479ef3962dff74d86d4bac177b0e0ff48759b3dcd79bf2cfbf41e83163ed87
3,dense1-selected,fixed5,18,True,True,True,True,True,True,2,3.254939103499055,6.186929637943766,10479ef3962dff74d86d4bac177b0e0ff48759b3dcd79bf2cfbf41e83163ed87
3,dense1-selected,fixed5,19,True,True,True,True,True,True,2,3.967094235122204,5.451568846898568,10479ef3962dff74d86d4bac177b0e0ff48759b3dcd79bf2cfbf41e83163ed87
3,dense1-selected,fixed5,20,True,True,True,True,True,True,2,6.028360687196255,6.979651211412378,10479ef3962dff74d86d4bac177b0e0ff48759b3dcd79bf2cfbf41e83163ed87
3,dense1-selected,fixed5,21,True,True,True,False,False,True,2,5.18639013171196,9.181782320113122,10479ef3962dff74d86d4bac177b0e0ff48759b3dcd79bf2cfbf41e83163ed87
3,dense1-selected,fixed5,22,True,True,True,True,True,True,2,3.89662547968328,8.07349106595111,10479ef3962dff74d86d4bac177b0e0ff48759b3dcd79bf2cfbf41e83163ed87
3,dense1-selected,fixed5,23,False,True,True,True,True,True,1,5.552561488002539,7.3986350787816475,10479ef3962dff74d86d4bac177b0e0ff48759b3dcd79bf2cfbf41e83163ed87
3,dense1-selected,fixed5,24,True,True,True,True,True,True,2,4.754770081490278,7.123782290164811,10479ef3962dff74d86d4bac177b0e0ff48759b3dcd79bf2cfbf41e83163ed87
3,dense1-selected,fixed5,25,True,True,True,True,True,True,2,4.416533280164003,6.547379637899672,10479ef3962dff74d86d4bac177b0e0ff48759b3dcd79bf2cfbf41e83163ed87
3,dense1-selected,fixed5,26,False,True,True,True,True,True,1,4.76840091869235,7.0051956920214025,10479ef3962dff74d86d4bac177b0e0ff48759b3dcd79bf2cfbf41e83163ed87
3,dense1-selected,fixed5,27,True,True,True,True,True,True,2,3.7655169144272804,6.153054887868265,10479ef3962dff74d86d4bac177b0e0ff48759b3dcd79bf2cfbf41e83163ed87
3,dense1-selected,fixed5,28,True,True,True,True,True,True,2,3.7783365696668625,6.099999685942898,10479ef3962dff74d86d4bac177b0e0ff48759b3dcd79bf2cfbf41e83163ed87
3,dense1-selected,fixed5,29,True,True,True,True,True,True,2,5.315906833857298,8.696286497493091,10479ef3962dff74d86d4bac177b0e0ff48759b3dcd79bf2cfbf41e83163ed87
3,dense1-selected,fixed5,30,True,True,True,True,True,True,2,4.195532761514187,5.422819300021515,10479ef3962dff74d86d4bac177b0e0ff48759b3dcd79bf2cfbf41e83163ed87
3,dense1-selected,fixed5,31,True,True,True,True,True,True,2,6.101512350142002,8.237482200375824,10479ef3962dff74d86d4bac177b0e0ff48759b3dcd79bf2cfbf41e83163ed87
3,dense1-selected,fixed5,32,True,True,True,True,True,True,2,5.849892273545265,7.279171655103539,10479ef3962dff74d86d4bac177b0e0ff48759b3dcd79bf2cfbf41e83163ed87
3,dense1-selected,fixed5,33,True,True,True,True,True,True,2,4.484567325562239,8.2935759827082,10479ef3962dff74d86d4bac177b0e0ff48759b3dcd79bf2cfbf41e83163ed87
3,dense1-selected,fixed5,34,True,True,True,True,True,True,2,3.090060781687498,5.983895434675968,10479ef3962dff74d86d4bac177b0e0ff48759b3dcd79bf2cfbf41e83163ed87
3,dense1-selected,fixed5,35,True,True,True,True,True,True,2,4.262118134647608,6.83553165860417,10479ef3962dff74d86d4bac177b0e0ff48759b3dcd79bf2cfbf41e83163ed87
3,dense1-selected,fixed5,36,True,True,True,True,True,True,2,5.134872160851955,6.572208229306315,10479ef3962dff74d86d4bac177b0e0ff48759b3dcd79bf2cfbf41e83163ed87
3,dense1-selected,fixed5,37,True,True,True,True,True,True,2,5.604518111795187,6.503134099343153,10479ef3962dff74d86d4bac177b0e0ff48759b3dcd79bf2cfbf41e83163ed87
3,dense1-selected,fixed5,38,True,True,True,True,True,True,2,3.112779464572668,5.499036527196041,10479ef3962dff74d86d4bac177b0e0ff48759b3dcd79bf2cfbf41e83163ed87
3,dense1-selected,fixed5,39,True,True,True,True,True,True,2,4.1756900027394295,5.969333898252323,10479ef3962dff74d86d4bac177b0e0ff48759b3dcd79bf2cfbf41e83163ed87
3,dense1-selected,fixed5,40,True,True,True,True,True,True,2,4.6608843840658665,7.1623651750125665,10479ef3962dff74d86d4bac177b0e0ff48759b3dcd79bf2cfbf41e83163ed87
3,dense1-selected,fixed5,41,True,True,True,True,True,True,2,3.9214971475303173,6.658103407647926,10479ef3962dff74d86d4bac177b0e0ff48759b3dcd79bf2cfbf41e83163ed87
3,dense1-selected,fixed5,42,True,True,True,True,True,True,2,4.70284977927804,7.326620125493972,10479ef3962dff74d86d4bac177b0e0ff48759b3dcd79bf2cfbf41e83163ed87
3,dense1-selected,fixed5,43,True,True,True,True,True,True,2,3.879162250086665,6.596355509343248,10479ef3962dff74d86d4bac177b0e0ff48759b3dcd79bf2cfbf41e83163ed87
3,dense1-selected,fixed5,44,True,True,True,True,True,True,2,3.603953868150711,5.825995121443612,10479ef3962dff74d86d4bac177b0e0ff48759b3dcd79bf2cfbf41e83163ed87
3,dense1-selected,fixed5,45,False,True,True,True,True,True,1,4.242966417223215,6.6725484039688565,10479ef3962dff74d86d4bac177b0e0ff48759b3dcd79bf2cfbf41e83163ed87
3,dense1-selected,fixed5,46,True,True,True,True,True,True,2,3.8646140601485968,5.09647755723336,10479ef3962dff74d86d4bac177b0e0ff48759b3dcd79bf2cfbf41e83163ed87
3,dense1-selected,fixed5,47,True,True,True,True,True,True,2,3.2896806951612234,6.203366061294579,10479ef3962dff74d86d4bac177b0e0ff48759b3dcd79bf2cfbf41e83163ed87
3,dense1-selected,fixed5,48,True,True,True,True,True,True,2,3.996973391622305,6.396858917178693,10479ef3962dff74d86d4bac177b0e0ff48759b3dcd79bf2cfbf41e83163ed87
3,dense1-selected,fixed5,49,True,True,True,True,True,True,2,3.95772373303771,6.233882919619373,10479ef3962dff74d86d4bac177b0e0ff48759b3dcd79bf2cfbf41e83163ed87
3,dense1-selected,fixed5,50,True,True,True,True,True,True,2,4.388093017041683,6.0122462692602205,10479ef3962dff74d86d4bac177b0e0ff48759b3dcd79bf2cfbf41e83163ed87
3,dense1-selected,fixed5,51,True,True,True,True,True,True,2,5.660823080688715,7.587831318791,10479ef3962dff74d86d4bac177b0e0ff48759b3dcd79bf2cfbf41e83163ed87
3,dense1-selected,fixed5,52,True,True,True,True,True,True,2,4.397455137223005,6.2293784098617495,10479ef3962dff74d86d4bac177b0e0ff48759b3dcd79bf2cfbf41e83163ed87
3,dense1-selected,fixed5,53,True,True,True,True,True,True,2,4.757759626954794,5.442310952365439,10479ef3962dff74d86d4bac177b0e0ff48759b3dcd79bf2cfbf41e83163ed87
3,dense1-selected,fixed5,54,True,True,True,True,True,True,2,5.758443381637335,8.161175326968442,10479ef3962dff74d86d4bac177b0e0ff48759b3dcd79bf2cfbf41e83163ed87
3,dense1-selected,fixed5,55,True,True,True,True,True,True,2,4.532815422862768,7.041150661585996,10479ef3962dff74d86d4bac177b0e0ff48759b3dcd79bf2cfbf41e83163ed87
3,dense1-selected,fixed5,56,True,True,True,True,True,True,2,5.844451021403074,8.643532677664851,10479ef3962dff74d86d4bac177b0e0ff48759b3dcd79bf2cfbf41e83163ed87
3,dense1-selected,fixed5,57,True,True,True,True,True,True,2,4.018662963062525,5.691901432563337,10479ef3962dff74d86d4bac177b0e0ff48759b3dcd79bf2cfbf41e83163ed87
3,dense1-selected,fixed5,58,True,True,True,True,True,True,2,2.8370567597448826,6.186449817154573,10479ef3962dff74d86d4bac177b0e0ff48759b3dcd79bf2cfbf41e83163ed87
3,dense1-selected,fixed5,59,True,True,True,True,True,True,2,4.1451468132436275,7.292861915521184,10479ef3962dff74d86d4bac177b0e0ff48759b3dcd79bf2cfbf41e83163ed87
3,dense1-selected,fixed5,60,True,True,True,True,True,True,2,4.318665247410536,7.642172303827622,10479ef3962dff74d86d4bac177b0e0ff48759b3dcd79bf2cfbf41e83163ed87
3,dense1-selected,fixed5,61,True,True,True,True,True,True,2,4.312069155275822,6.152223312336816,10479ef3962dff74d86d4bac177b0e0ff48759b3dcd79bf2cfbf41e83163ed87
3,dense1-selected,fixed5,62,True,True,True,True,True,True,2,3.4435999114066362,6.381629729763681,10479ef3962dff74d86d4bac177b0e0ff48759b3dcd79bf2cfbf41e83163ed87
3,dense1-selected,fixed5,63,True,True,True,True,True,True,2,3.8474739994853735,5.5349812514768795,10479ef3962dff74d86d4bac177b0e0ff48759b3dcd79bf2cfbf41e83163ed87
3,dense1-selected,fixed5,64,False,False,False,False,False,False,0,55.456556379795074,94.68614065251056,10479ef3962dff74d86d4bac177b0e0ff48759b3dcd79bf2cfbf41e83163ed87
3,dense1-selected,fixed5,65,True,True,True,True,True,True,2,3.5170631017535925,5.691255552799948,10479ef3962dff74d86d4bac177b0e0ff48759b3dcd79bf2cfbf41e83163ed87
3,dense1-selected,fixed5,66,True,True,True,True,True,True,2,3.456392092630267,6.493144947682009,10479ef3962dff74d86d4bac177b0e0ff48759b3dcd79bf2cfbf41e83163ed87
3,dense1-selected,fixed5,67,True,True,True,True,True,True,2,4.668532870709896,6.018798555108379,10479ef3962dff74d86d4bac177b0e0ff48759b3dcd79bf2cfbf41e83163ed87
3,dense1-selected,fixed5,68,True,True,True,True,True,True,2,4.2281923815608025,6.479967805225762,10479ef3962dff74d86d4bac177b0e0ff48759b3dcd79bf2cfbf41e83163ed87
3,dense1-selected,fixed5,69,True,True,True,True,True,True,2,5.5500203743577,6.52749482279165,10479ef3962dff74d86d4bac177b0e0ff48759b3dcd79bf2cfbf41e83163ed87
3,dense1-selected,fixed5,70,True,True,True,True,True,True,2,4.532394465059042,7.9185320029300925,10479ef3962dff74d86d4bac177b0e0ff48759b3dcd79bf2cfbf41e83163ed87
3,dense1-selected,fixed5,71,True,True,True,True,True,True,2,4.481666721403599,6.283102543438954,10479ef3962dff74d86d4bac177b0e0ff48759b3dcd79bf2cfbf41e83163ed87
3,dense1-selected,fixed5,72,True,True,True,True,True,True,2,4.059824161231518,5.951322262524177,10479ef3962dff74d86d4bac177b0e0ff48759b3dcd79bf2cfbf41e83163ed87
3,dense1-selected,fixed5,73,True,True,True,True,True,True,2,5.283539649099112,5.961036072184404,10479ef3962dff74d86d4bac177b0e0ff48759b3dcd79bf2cfbf41e83163ed87
3,dense1-selected,fixed5,74,True,True,True,True,True,True,2,4.58327354863286,5.641157822785197,10479ef3962dff74d86d4bac177b0e0ff48759b3dcd79bf2cfbf41e83163ed87
3,dense1-selected,fixed5,75,False,True,True,True,True,True,1,5.702363792806864,7.951186283578277,10479ef3962dff74d86d4bac177b0e0ff48759b3dcd79bf2cfbf41e83163ed87
3,dense1-selected,fixed5,76,True,True,True,True,True,True,2,4.17772401124239,6.048739543108776,10479ef3962dff74d86d4bac177b0e0ff48759b3dcd79bf2cfbf41e83163ed87
3,dense1-selected,fixed5,77,True,True,True,True,True,True,2,3.70944757014513,6.9026758332399805,10479ef3962dff74d86d4bac177b0e0ff48759b3dcd79bf2cfbf41e83163ed87
3,dense1-selected,fixed5,78,True,True,True,True,True,True,2,3.9746295660734177,5.738082475975909,10479ef3962dff74d86d4bac177b0e0ff48759b3dcd79bf2cfbf41e83163ed87
3,dense1-selected,fixed5,79,True,True,True,True,True,True,2,3.5667868796736,6.1852259326326715,10479ef3962dff74d86d4bac177b0e0ff48759b3dcd79bf2cfbf41e83163ed87
3,dense1-selected,fixed5,80,True,True,True,True,True,True,2,5.076014436781406,5.800328551203174,10479ef3962dff74d86d4bac177b0e0ff48759b3dcd79bf2cfbf41e83163ed87
3,dense1-selected,fixed5,81,True,True,True,True,True,True,2,4.482273478060961,8.676005104526384,10479ef3962dff74d86d4bac177b0e0ff48759b3dcd79bf2cfbf41e83163ed87
3,dense1-selected,fixed5,82,True,True,True,True,True,True,2,5.045783240348101,6.135499167267216,10479ef3962dff74d86d4bac177b0e0ff48759b3dcd79bf2cfbf41e83163ed87
3,dense1-selected,fixed5,83,True,True,True,True,True,True,2,5.807772278785706,7.461318286115793,10479ef3962dff74d86d4bac177b0e0ff48759b3dcd79bf2cfbf41e83163ed87
3,dense1-selected,fixed5,84,True,True,True,True,True,True,2,4.8172324895858765,6.770780611498803,10479ef3962dff74d86d4bac177b0e0ff48759b3dcd79bf2cfbf41e83163ed87
3,dense1-selected,fixed5,85,True,True,True,True,True,True,2,5.414892453700304,7.997653768049167,10479ef3962dff74d86d4bac177b0e0ff48759b3dcd79bf2cfbf41e83163ed87
3,dense1-selected,fixed5,86,False,True,True,True,True,True,1,4.139814991503954,6.123427234796043,10479ef3962dff74d86d4bac177b0e0ff48759b3dcd79bf2cfbf41e83163ed87
3,dense1-selected,fixed5,87,True,True,True,True,True,True,2,4.948137328028679,7.65516930004451,10479ef3962dff74d86d4bac177b0e0ff48759b3dcd79bf2cfbf41e83163ed87
3,dense1-selected,fixed5,88,True,True,True,True,True,True,2,4.063928499817848,6.0354185397931355,10479ef3962dff74d86d4bac177b0e0ff48759b3dcd79bf2cfbf41e83163ed87
3,dense1-selected,fixed5,89,True,True,True,True,True,True,2,4.3576303869485855,6.270356983560887,10479ef3962dff74d86d4bac177b0e0ff48759b3dcd79bf2cfbf41e83163ed87
3,dense1-selected,fixed5,90,True,True,True,True,True,True,2,3.3689294941723347,6.494326570408422,10479ef3962dff74d86d4bac177b0e0ff48759b3dcd79bf2cfbf41e83163ed87
3,dense1-selected,fixed5,91,True,True,True,True,True,True,2,5.247580818831921,8.055097366516266,10479ef3962dff74d86d4bac177b0e0ff48759b3dcd79bf2cfbf41e83163ed87
3,dense1-selected,fixed5,92,True,True,True,True,True,True,2,4.781585652381182,6.406050217367415,10479ef3962dff74d86d4bac177b0e0ff48759b3dcd79bf2cfbf41e83163ed87
3,dense1-selected,fixed5,93,True,True,True,True,True,True,2,3.7268612068146467,5.71349208741657,10479ef3962dff74d86d4bac177b0e0ff48759b3dcd79bf2cfbf41e83163ed87
3,dense1-selected,fixed5,94,True,True,True,True,True,True,2,3.8375293370336294,4.457736622187162,10479ef3962dff74d86d4bac177b0e0ff48759b3dcd79bf2cfbf41e83163ed87
3,dense1-selected,fixed5,95,True,True,True,True,True,True,2,3.461394226178527,6.643044121188518,10479ef3962dff74d86d4bac177b0e0ff48759b3dcd79bf2cfbf41e83163ed87
3,dense1-selected,fixed5,96,True,True,True,True,True,True,2,3.634517779573798,5.580865181660555,10479ef3962dff74d86d4bac177b0e0ff48759b3dcd79bf2cfbf41e83163ed87
3,dense1-selected,fixed5,97,True,True,True,True,True,True,2,3.380520734935999,6.1290279899154525,10479ef3962dff74d86d4bac177b0e0ff48759b3dcd79bf2cfbf41e83163ed87
3,dense1-selected,fixed5,98,True,True,True,True,True,True,2,4.424155689775944,7.924323149572618,10479ef3962dff74d86d4bac177b0e0ff48759b3dcd79bf2cfbf41e83163ed87
3,dense1-selected,fixed5,99,True,True,True,True,True,True,2,4.112160764634609,6.6931111153520035,10479ef3962dff74d86d4bac177b0e0ff48759b3dcd79bf2cfbf41e83163ed87
3,dense1-selected,fixed5,100,True,True,True,True,True,True,2,5.8488380163908005,7.834850232766389,10479ef3962dff74d86d4bac177b0e0ff48759b3dcd79bf2cfbf41e83163ed87
3,dense1-selected,fixed5,101,True,True,True,True,True,True,2,4.018169362097979,7.528720300392771,10479ef3962dff74d86d4bac177b0e0ff48759b3dcd79bf2cfbf41e83163ed87
3,dense1-selected,fixed5,102,True,True,True,True,True,True,2,6.054158788174391,6.7026622811326195,10479ef3962dff74d86d4bac177b0e0ff48759b3dcd79bf2cfbf41e83163ed87
3,dense1-selected,fixed5,103,True,True,True,True,True,True,2,3.1666778959333897,5.852885576205953,10479ef3962dff74d86d4bac177b0e0ff48759b3dcd79bf2cfbf41e83163ed87
3,dense1-selected,fixed5,104,True,True,True,True,True,True,2,4.300274886190891,6.30819110892088,10479ef3962dff74d86d4bac177b0e0ff48759b3dcd79bf2cfbf41e83163ed87
3,dense1-selected,fixed5,105,True,True,True,True,True,True,2,5.237083416432142,6.980934433202695,10479ef3962dff74d86d4bac177b0e0ff48759b3dcd79bf2cfbf41e83163ed87
3,dense1-selected,fixed5,106,True,True,True,True,True,True,2,2.9649543575942516,5.565259480067546,10479ef3962dff74d86d4bac177b0e0ff48759b3dcd79bf2cfbf41e83163ed87
3,dense1-selected,fixed5,107,False,True,True,True,True,True,1,5.009714514017105,6.941357328943878,10479ef3962dff74d86d4bac177b0e0ff48759b3dcd79bf2cfbf41e83163ed87
3,dense1-selected,fixed5,108,True,True,True,False,False,True,2,3.2620260026305914,6.290927805793673,10479ef3962dff74d86d4bac177b0e0ff48759b3dcd79bf2cfbf41e83163ed87
3,dense1-selected,fixed5,109,True,True,True,True,True,True,2,3.9826948195695877,6.6952045683326125,10479ef3962dff74d86d4bac177b0e0ff48759b3dcd79bf2cfbf41e83163ed87
3,dense1-selected,fixed5,110,True,True,True,True,True,True,2,4.963550716638565,7.522806210345187,10479ef3962dff74d86d4bac177b0e0ff48759b3dcd79bf2cfbf41e83163ed87
3,dense1-selected,fixed5,111,True,True,True,True,True,True,2,4.536683671176434,4.96745955268005,10479ef3962dff74d86d4bac177b0e0ff48759b3dcd79bf2cfbf41e83163ed87
3,dense1-selected,fixed5,112,True,True,True,True,True,True,2,3.543274477124214,5.681669382299835,10479ef3962dff74d86d4bac177b0e0ff48759b3dcd79bf2cfbf41e83163ed87
3,dense1-selected,fixed5,113,True,True,True,True,True,True,2,4.904671106487513,8.375288097070001,10479ef3962dff74d86d4bac177b0e0ff48759b3dcd79bf2cfbf41e83163ed87
3,dense1-selected,fixed5,114,True,True,True,True,True,True,2,4.805445205420256,6.795404297230346,10479ef3962dff74d86d4bac177b0e0ff48759b3dcd79bf2cfbf41e83163ed87
3,dense1-selected,fixed5,115,True,True,True,True,True,True,2,4.917380400002003,6.429318964322356,10479ef3962dff74d86d4bac177b0e0ff48759b3dcd79bf2cfbf41e83163ed87
3,dense1-selected,fixed5,116,True,True,True,True,True,True,2,6.239092443138361,7.47240453691237,10479ef3962dff74d86d4bac177b0e0ff48759b3dcd79bf2cfbf41e83163ed87
3,dense1-selected,fixed5,117,True,True,True,True,True,True,2,4.889977630227804,6.770179981738665,10479ef3962dff74d86d4bac177b0e0ff48759b3dcd79bf2cfbf41e83163ed87
3,dense1-selected,fixed5,118,True,True,True,True,True,True,2,4.881757777184248,6.020061286331185,10479ef3962dff74d86d4bac177b0e0ff48759b3dcd79bf2cfbf41e83163ed87
3,dense1-selected,fixed5,119,True,True,True,True,True,True,2,4.421758931130171,5.4816092995287535,10479ef3962dff74d86d4bac177b0e0ff48759b3dcd79bf2cfbf41e83163ed87
3,dense1-selected,fixed5,120,True,True,True,True,True,True,2,4.593112505972385,6.511096819254918,10479ef3962dff74d86d4bac177b0e0ff48759b3dcd79bf2cfbf41e83163ed87
3,dense1-selected,fixed5,121,True,True,True,True,True,True,2,5.31138526275754,7.095106167821335,10479ef3962dff74d86d4bac177b0e0ff48759b3dcd79bf2cfbf41e83163ed87
3,dense1-selected,fixed5,122,True,True,True,True,True,True,2,4.085822496563196,7.080276119585945,10479ef3962dff74d86d4bac177b0e0ff48759b3dcd79bf2cfbf41e83163ed87
3,dense1-selected,fixed5,123,True,True,True,True,True,True,2,4.584535490721464,6.913662619406769,10479ef3962dff74d86d4bac177b0e0ff48759b3dcd79bf2cfbf41e83163ed87
3,dense1-selected,fixed5,124,True,True,True,True,True,True,2,4.260060843080282,5.907914702801453,10479ef3962dff74d86d4bac177b0e0ff48759b3dcd79bf2cfbf41e83163ed87
3,dense1-selected,fixed5,125,True,True,True,True,True,True,2,4.253426566720009,5.555818024200472,10479ef3962dff74d86d4bac177b0e0ff48759b3dcd79bf2cfbf41e83163ed87
3,dense1-selected,fixed5,126,True,True,True,True,True,True,2,4.532806109637022,6.373754948537479,10479ef3962dff74d86d4bac177b0e0ff48759b3dcd79bf2cfbf41e83163ed87
3,dense1-selected,fixed5,127,True,True,True,True,True,True,2,4.418989643454552,5.65452834497232,10479ef3962dff74d86d4bac177b0e0ff48759b3dcd79bf2cfbf41e83163ed87
3,dense1-selected,arrival,0,True,True,False,True,True,True,16,4.19863173738122,16.4318129731228,10479ef3962dff74d86d4bac177b0e0ff48759b3dcd79bf2cfbf41e83163ed87
3,dense1-selected,arrival,1,True,True,True,True,True,True,14,4.6209534630179405,8.965083469637065,10479ef3962dff74d86d4bac177b0e0ff48759b3dcd79bf2cfbf41e83163ed87
3,dense1-selected,arrival,2,True,True,True,True,True,True,16,3.1876880675554276,8.666225127408572,10479ef3962dff74d86d4bac177b0e0ff48759b3dcd79bf2cfbf41e83163ed87
3,dense1-selected,arrival,3,True,True,True,True,True,True,17,4.3403678573668,6.992285353829609,10479ef3962dff74d86d4bac177b0e0ff48759b3dcd79bf2cfbf41e83163ed87
3,dense1-selected,arrival,4,True,True,True,True,True,True,14,3.9546084590256214,8.235926624792354,10479ef3962dff74d86d4bac177b0e0ff48759b3dcd79bf2cfbf41e83163ed87
3,dense1-selected,arrival,5,True,True,True,True,True,True,6,3.9066122844815254,9.05730639135787,10479ef3962dff74d86d4bac177b0e0ff48759b3dcd79bf2cfbf41e83163ed87
3,dense1-selected,arrival,6,True,True,True,True,True,True,13,3.72497015632689,8.932735693727885,10479ef3962dff74d86d4bac177b0e0ff48759b3dcd79bf2cfbf41e83163ed87
3,dense1-selected,arrival,7,True,True,True,True,True,True,14,3.9404919371008873,7.9395963063304125,10479ef3962dff74d86d4bac177b0e0ff48759b3dcd79bf2cfbf41e83163ed87
3,dense1-selected,arrival,8,True,True,True,True,True,True,12,3.7302805576473475,7.138331446870584,10479ef3962dff74d86d4bac177b0e0ff48759b3dcd79bf2cfbf41e83163ed87
3,dense1-selected,arrival,9,True,True,True,True,True,True,17,3.521716222167015,5.797260942492192,10479ef3962dff74d86d4bac177b0e0ff48759b3dcd79bf2cfbf41e83163ed87
3,dense1-selected,arrival,10,True,True,True,True,True,True,8,3.9836340583860874,8.089881812411848,10479ef3962dff74d86d4bac177b0e0ff48759b3dcd79bf2cfbf41e83163ed87
3,dense1-selected,arrival,11,True,True,True,True,True,True,15,4.1277240961790085,6.763137202930736,10479ef3962dff74d86d4bac177b0e0ff48759b3dcd79bf2cfbf41e83163ed87
3,dense1-selected,arrival,12,True,True,True,True,True,True,15,3.4270186442881823,7.058949280789403,10479ef3962dff74d86d4bac177b0e0ff48759b3dcd79bf2cfbf41e83163ed87
3,dense1-selected,arrival,13,True,True,True,True,True,True,13,3.2706940546631813,7.3032591709852355,10479ef3962dff74d86d4bac177b0e0ff48759b3dcd79bf2cfbf41e83163ed87
3,dense1-selected,arrival,14,True,True,True,True,True,True,16,3.787912894040346,6.929127875234971,10479ef3962dff74d86d4bac177b0e0ff48759b3dcd79bf2cfbf41e83163ed87
3,dense1-selected,arrival,15,True,True,True,True,True,True,13,4.097157623618841,7.321581153433795,10479ef3962dff74d86d4bac177b0e0ff48759b3dcd79bf2cfbf41e83163ed87
3,dense1-selected,arrival,16,True,True,True,True,True,True,10,3.6164058838039637,8.843331078813357,10479ef3962dff74d86d4bac177b0e0ff48759b3dcd79bf2cfbf41e83163ed87
3,dense1-selected,arrival,17,True,True,True,True,True,True,13,3.9709629490971565,8.523560404893578,10479ef3962dff74d86d4bac177b0e0ff48759b3dcd79bf2cfbf41e83163ed87
3,dense1-selected,arrival,18,True,True,True,True,True,True,19,3.602502169087529,6.615337885707183,10479ef3962dff74d86d4bac177b0e0ff48759b3dcd79bf2cfbf41e83163ed87
3,dense1-selected,arrival,19,True,True,True,True,True,True,11,3.9600073359906673,7.3966227342974324,10479ef3962dff74d86d4bac177b0e0ff48759b3dcd79bf2cfbf41e83163ed87
3,dense1-selected,arrival,20,True,True,True,True,True,True,4,4.833386745303869,9.233369031366935,10479ef3962dff74d86d4bac177b0e0ff48759b3dcd79bf2cfbf41e83163ed87
3,dense1-selected,arrival,21,True,True,True,False,False,True,12,4.016665741801262,9.181782320113122,10479ef3962dff74d86d4bac177b0e0ff48759b3dcd79bf2cfbf41e83163ed87
3,dense1-selected,arrival,22,True,True,True,True,True,True,15,3.758823499083519,8.07349106595111,10479ef3962dff74d86d4bac177b0e0ff48759b3dcd79bf2cfbf41e83163ed87
3,dense1-selected,arrival,23,True,False,False,True,True,True,4,35.177797079086304,96.2963235983952,10479ef3962dff74d86d4bac177b0e0ff48759b3dcd79bf2cfbf41e83163ed87
3,dense1-selected,arrival,24,True,True,True,True,True,True,13,3.553086658939719,7.534660003649743,10479ef3962dff74d86d4bac177b0e0ff48759b3dcd79bf2cfbf41e83163ed87
3,dense1-selected,arrival,25,True,True,True,True,True,True,14,4.404718056321144,8.9381759394018,10479ef3962dff74d86d4bac177b0e0ff48759b3dcd79bf2cfbf41e83163ed87
3,dense1-selected,arrival,26,True,True,True,True,True,True,15,3.7961513735353947,8.595851127068991,10479ef3962dff74d86d4bac177b0e0ff48759b3dcd79bf2cfbf41e83163ed87
3,dense1-selected,arrival,27,True,True,True,True,True,True,13,3.960693720728159,7.353957957646948,10479ef3962dff74d86d4bac177b0e0ff48759b3dcd79bf2cfbf41e83163ed87
3,dense1-selected,arrival,28,True,True,True,True,True,True,12,4.396946635097265,8.392834853047765,10479ef3962dff74d86d4bac177b0e0ff48759b3dcd79bf2cfbf41e83163ed87
3,dense1-selected,arrival,29,True,True,True,True,True,True,14,4.247793462127447,9.585778618009266,10479ef3962dff74d86d4bac177b0e0ff48759b3dcd79bf2cfbf41e83163ed87
3,dense1-selected,arrival,30,True,True,True,True,True,True,15,3.804149106144905,8.038841516291637,10479ef3962dff74d86d4bac177b0e0ff48759b3dcd79bf2cfbf41e83163ed87
3,dense1-selected,arrival,31,True,True,True,True,True,True,6,5.1804156973958015,9.56126763039903,10479ef3962dff74d86d4bac177b0e0ff48759b3dcd79bf2cfbf41e83163ed87
3,dense1-selected,arrival,32,True,True,True,True,True,True,17,4.195407032966614,10.978233062400488,10479ef3962dff74d86d4bac177b0e0ff48759b3dcd79bf2cfbf41e83163ed87
3,dense1-selected,arrival,33,True,True,True,True,True,True,11,3.2579712569713593,8.873740788545547,10479ef3962dff74d86d4bac177b0e0ff48759b3dcd79bf2cfbf41e83163ed87
3,dense1-selected,arrival,34,True,True,True,True,True,True,17,3.705688286572695,7.017124190520007,10479ef3962dff74d86d4bac177b0e0ff48759b3dcd79bf2cfbf41e83163ed87
3,dense1-selected,arrival,35,True,True,True,True,True,True,13,3.5606317687779665,6.755424638697322,10479ef3962dff74d86d4bac177b0e0ff48759b3dcd79bf2cfbf41e83163ed87
3,dense1-selected,arrival,36,True,True,True,True,True,True,17,3.648448968306184,5.8029018249729765,10479ef3962dff74d86d4bac177b0e0ff48759b3dcd79bf2cfbf41e83163ed87
3,dense1-selected,arrival,37,True,True,True,True,True,True,15,4.677565768361092,8.233269681205218,10479ef3962dff74d86d4bac177b0e0ff48759b3dcd79bf2cfbf41e83163ed87
3,dense1-selected,arrival,38,True,True,True,True,True,True,6,3.1767762266099453,7.646015992783046,10479ef3962dff74d86d4bac177b0e0ff48759b3dcd79bf2cfbf41e83163ed87
3,dense1-selected,arrival,39,True,True,True,True,True,True,14,3.7432368844747543,8.215115892164972,10479ef3962dff74d86d4bac177b0e0ff48759b3dcd79bf2cfbf41e83163ed87
3,dense1-selected,arrival,40,True,True,True,True,True,True,13,4.2236680164933205,9.325603905918786,10479ef3962dff74d86d4bac177b0e0ff48759b3dcd79bf2cfbf41e83163ed87
3,dense1-selected,arrival,41,True,True,True,True,True,True,15,3.2982309348881245,5.977786257350214,10479ef3962dff74d86d4bac177b0e0ff48759b3dcd79bf2cfbf41e83163ed87
3,dense1-selected,arrival,42,True,True,True,True,True,True,10,4.470310173928738,8.943820236977169,10479ef3962dff74d86d4bac177b0e0ff48759b3dcd79bf2cfbf41e83163ed87
3,dense1-selected,arrival,43,True,True,True,True,True,True,14,4.381485283374786,9.5347280766053,10479ef3962dff74d86d4bac177b0e0ff48759b3dcd79bf2cfbf41e83163ed87
3,dense1-selected,arrival,44,True,True,True,True,True,True,12,3.832499263808131,5.825995121443612,10479ef3962dff74d86d4bac177b0e0ff48759b3dcd79bf2cfbf41e83163ed87
3,dense1-selected,arrival,45,True,True,True,True,True,True,6,4.899407736957073,8.583680583741677,10479ef3962dff74d86d4bac177b0e0ff48759b3dcd79bf2cfbf41e83163ed87
3,dense1-selected,arrival,46,True,True,True,True,True,True,13,3.373447572812438,7.5530887078040845,10479ef3962dff74d86d4bac177b0e0ff48759b3dcd79bf2cfbf41e83163ed87
3,dense1-selected,arrival,47,True,True,True,True,True,True,15,4.370317794382572,9.72138263246976,10479ef3962dff74d86d4bac177b0e0ff48759b3dcd79bf2cfbf41e83163ed87
3,dense1-selected,arrival,48,True,True,True,True,True,True,11,4.038154147565365,7.4998106709570465,10479ef3962dff74d86d4bac177b0e0ff48759b3dcd79bf2cfbf41e83163ed87
3,dense1-selected,arrival,49,True,True,True,True,True,True,11,4.269411321729422,8.274967986088146,10479ef3962dff74d86d4bac177b0e0ff48759b3dcd79bf2cfbf41e83163ed87
3,dense1-selected,arrival,50,True,True,True,True,True,True,15,4.121379926800728,6.379968286248075,10479ef3962dff74d86d4bac177b0e0ff48759b3dcd79bf2cfbf41e83163ed87
3,dense1-selected,arrival,51,True,False,False,True,True,True,4,52.839528769254684,86.41505477519192,10479ef3962dff74d86d4bac177b0e0ff48759b3dcd79bf2cfbf41e83163ed87
3,dense1-selected,arrival,52,True,True,True,True,True,True,16,4.202979151159525,7.874430325232967,10479ef3962dff74d86d4bac177b0e0ff48759b3dcd79bf2cfbf41e83163ed87
3,dense1-selected,arrival,53,True,True,True,True,True,True,14,4.386758431792259,8.189272163892936,10479ef3962dff74d86d4bac177b0e0ff48759b3dcd79bf2cfbf41e83163ed87
3,dense1-selected,arrival,54,True,True,True,True,True,True,14,4.6114809811115265,8.596467551641586,10479ef3962dff74d86d4bac177b0e0ff48759b3dcd79bf2cfbf41e83163ed87
3,dense1-selected,arrival,55,True,True,True,True,True,True,15,3.9444901049137115,8.625610261282738,10479ef3962dff74d86d4bac177b0e0ff48759b3dcd79bf2cfbf41e83163ed87
3,dense1-selected,arrival,56,True,True,True,True,True,True,15,3.9333906024694443,8.1168721586908,10479ef3962dff74d86d4bac177b0e0ff48759b3dcd79bf2cfbf41e83163ed87
3,dense1-selected,arrival,57,True,True,True,True,True,True,14,3.511239541694522,8.479036109241557,10479ef3962dff74d86d4bac177b0e0ff48759b3dcd79bf2cfbf41e83163ed87
3,dense1-selected,arrival,58,True,True,True,True,True,True,12,6.1080800369381905,10.962468985796098,10479ef3962dff74d86d4bac177b0e0ff48759b3dcd79bf2cfbf41e83163ed87
3,dense1-selected,arrival,59,True,True,True,True,True,True,14,4.095533397048712,8.941885585894763,10479ef3962dff74d86d4bac177b0e0ff48759b3dcd79bf2cfbf41e83163ed87
3,dense1-selected,arrival,60,True,True,True,True,True,True,13,3.9688460528850555,6.7378266563007845,10479ef3962dff74d86d4bac177b0e0ff48759b3dcd79bf2cfbf41e83163ed87
3,dense1-selected,arrival,61,True,True,True,True,True,True,14,3.708499949425459,6.390452199737221,10479ef3962dff74d86d4bac177b0e0ff48759b3dcd79bf2cfbf41e83163ed87
3,dense1-selected,arrival,62,True,True,True,True,True,True,14,4.407307133078575,7.1459308860958695,10479ef3962dff74d86d4bac177b0e0ff48759b3dcd79bf2cfbf41e83163ed87
3,dense1-selected,arrival,63,True,True,True,True,True,True,14,3.8369346875697374,5.826379746471249,10479ef3962dff74d86d4bac177b0e0ff48759b3dcd79bf2cfbf41e83163ed87
3,dense1-selected,arrival,64,False,False,False,False,False,False,0,55.456556379795074,94.68614065251056,10479ef3962dff74d86d4bac177b0e0ff48759b3dcd79bf2cfbf41e83163ed87
3,dense1-selected,arrival,65,True,True,True,True,True,True,16,4.358398262411356,8.01405475979366,10479ef3962dff74d86d4bac177b0e0ff48759b3dcd79bf2cfbf41e83163ed87
3,dense1-selected,arrival,66,True,True,True,True,True,True,12,5.0889491103589535,8.531349381868331,10479ef3962dff74d86d4bac177b0e0ff48759b3dcd79bf2cfbf41e83163ed87
3,dense1-selected,arrival,67,True,True,True,True,True,True,3,5.34145487472415,8.995015066127353,10479ef3962dff74d86d4bac177b0e0ff48759b3dcd79bf2cfbf41e83163ed87
3,dense1-selected,arrival,68,True,True,True,True,True,True,12,3.6798445507884026,7.771556577275174,10479ef3962dff74d86d4bac177b0e0ff48759b3dcd79bf2cfbf41e83163ed87
3,dense1-selected,arrival,69,True,True,True,True,True,True,8,5.214453209191561,6.538307439134603,10479ef3962dff74d86d4bac177b0e0ff48759b3dcd79bf2cfbf41e83163ed87
3,dense1-selected,arrival,70,True,True,True,True,True,True,13,4.050321411341429,8.484606128509702,10479ef3962dff74d86d4bac177b0e0ff48759b3dcd79bf2cfbf41e83163ed87
3,dense1-selected,arrival,71,True,True,True,True,True,True,13,3.5906971897929907,5.284914792471196,10479ef3962dff74d86d4bac177b0e0ff48759b3dcd79bf2cfbf41e83163ed87
3,dense1-selected,arrival,72,True,True,True,True,True,True,15,3.4940822515636683,7.610319716633267,10479ef3962dff74d86d4bac177b0e0ff48759b3dcd79bf2cfbf41e83163ed87
3,dense1-selected,arrival,73,True,True,True,True,True,True,15,4.261612892150879,8.078650420095409,10479ef3962dff74d86d4bac177b0e0ff48759b3dcd79bf2cfbf41e83163ed87
3,dense1-selected,arrival,74,True,True,True,True,True,True,15,3.23202321305871,6.598991962362874,10479ef3962dff74d86d4bac177b0e0ff48759b3dcd79bf2cfbf41e83163ed87
3,dense1-selected,arrival,75,True,True,True,True,True,True,14,3.710794262588024,8.018126406312634,10479ef3962dff74d86d4bac177b0e0ff48759b3dcd79bf2cfbf41e83163ed87
3,dense1-selected,arrival,76,True,True,True,True,True,True,5,4.150325898081064,8.129919527552817,10479ef3962dff74d86d4bac177b0e0ff48759b3dcd79bf2cfbf41e83163ed87
3,dense1-selected,arrival,77,True,True,True,True,True,True,11,4.0200818330049515,7.405767503822433,10479ef3962dff74d86d4bac177b0e0ff48759b3dcd79bf2cfbf41e83163ed87
3,dense1-selected,arrival,78,True,True,True,True,True,True,14,3.464549081400037,5.345528025600005,10479ef3962dff74d86d4bac177b0e0ff48759b3dcd79bf2cfbf41e83163ed87
3,dense1-selected,arrival,79,True,True,True,True,True,True,4,4.4401357881724834,7.293073651385454,10479ef3962dff74d86d4bac177b0e0ff48759b3dcd79bf2cfbf41e83163ed87
3,dense1-selected,arrival,80,True,True,True,True,True,True,14,4.746472463011742,6.384947494153014,10479ef3962dff74d86d4bac177b0e0ff48759b3dcd79bf2cfbf41e83163ed87
3,dense1-selected,arrival,81,False,True,True,True,True,True,1,5.0088162533938885,7.401628409185405,10479ef3962dff74d86d4bac177b0e0ff48759b3dcd79bf2cfbf41e83163ed87
3,dense1-selected,arrival,82,True,True,True,True,True,True,15,3.3797735814005136,7.498524887845791,10479ef3962dff74d86d4bac177b0e0ff48759b3dcd79bf2cfbf41e83163ed87
3,dense1-selected,arrival,83,True,True,True,True,True,True,15,4.026573151350021,8.462863075060612,10479ef3962dff74d86d4bac177b0e0ff48759b3dcd79bf2cfbf41e83163ed87
3,dense1-selected,arrival,84,True,True,True,True,True,True,15,3.934793174266815,5.334621921042786,10479ef3962dff74d86d4bac177b0e0ff48759b3dcd79bf2cfbf41e83163ed87
3,dense1-selected,arrival,85,True,True,True,True,True,True,15,4.068693146109581,7.646220898458147,10479ef3962dff74d86d4bac177b0e0ff48759b3dcd79bf2cfbf41e83163ed87
3,dense1-selected,arrival,86,True,True,True,True,True,True,14,3.776265773922205,7.137707765221997,10479ef3962dff74d86d4bac177b0e0ff48759b3dcd79bf2cfbf41e83163ed87
3,dense1-selected,arrival,87,True,True,True,True,True,True,13,4.299813881516457,10.04467256135939,10479ef3962dff74d86d4bac177b0e0ff48759b3dcd79bf2cfbf41e83163ed87
3,dense1-selected,arrival,88,True,True,True,True,True,True,13,4.862681031227112,12.03195452018868,10479ef3962dff74d86d4bac177b0e0ff48759b3dcd79bf2cfbf41e83163ed87
3,dense1-selected,arrival,89,True,True,True,True,True,True,11,4.7883219085633755,9.675225921606108,10479ef3962dff74d86d4bac177b0e0ff48759b3dcd79bf2cfbf41e83163ed87
3,dense1-selected,arrival,90,True,True,True,True,True,True,15,3.852488473057747,7.492644948744056,10479ef3962dff74d86d4bac177b0e0ff48759b3dcd79bf2cfbf41e83163ed87
3,dense1-selected,arrival,91,True,True,True,True,True,True,12,3.5107790026813745,8.327672287044905,10479ef3962dff74d86d4bac177b0e0ff48759b3dcd79bf2cfbf41e83163ed87
3,dense1-selected,arrival,92,True,True,True,True,True,True,14,3.8921753875911236,6.557669317884296,10479ef3962dff74d86d4bac177b0e0ff48759b3dcd79bf2cfbf41e83163ed87
3,dense1-selected,arrival,93,True,True,True,True,True,True,14,4.237196873873472,9.637238970763436,10479ef3962dff74d86d4bac177b0e0ff48759b3dcd79bf2cfbf41e83163ed87
3,dense1-selected,arrival,94,True,True,True,True,True,True,18,3.654909785836935,6.358039537030926,10479ef3962dff74d86d4bac177b0e0ff48759b3dcd79bf2cfbf41e83163ed87
3,dense1-selected,arrival,95,True,True,True,True,True,True,17,4.184161312878132,8.269274169641296,10479ef3962dff74d86d4bac177b0e0ff48759b3dcd79bf2cfbf41e83163ed87
3,dense1-selected,arrival,96,True,True,True,True,True,True,11,3.9973710663616657,7.593261319181161,10479ef3962dff74d86d4bac177b0e0ff48759b3dcd79bf2cfbf41e83163ed87
3,dense1-selected,arrival,97,True,False,False,True,True,True,5,50.30425637960434,70.18972866596235,10479ef3962dff74d86d4bac177b0e0ff48759b3dcd79bf2cfbf41e83163ed87
3,dense1-selected,arrival,98,True,True,True,True,True,True,9,2.9456946067512035,6.461727785047243,10479ef3962dff74d86d4bac177b0e0ff48759b3dcd79bf2cfbf41e83163ed87
3,dense1-selected,arrival,99,True,True,True,True,True,True,7,5.38214948028326,10.553340654512334,10479ef3962dff74d86d4bac177b0e0ff48759b3dcd79bf2cfbf41e83163ed87
3,dense1-selected,arrival,100,True,True,True,True,True,True,10,4.276118241250515,8.496670803904884,10479ef3962dff74d86d4bac177b0e0ff48759b3dcd79bf2cfbf41e83163ed87
3,dense1-selected,arrival,101,True,True,True,True,True,True,14,3.657538676634431,8.332818834584508,10479ef3962dff74d86d4bac177b0e0ff48759b3dcd79bf2cfbf41e83163ed87
3,dense1-selected,arrival,102,True,True,True,True,True,True,14,4.335870034992695,7.93300517378135,10479ef3962dff74d86d4bac177b0e0ff48759b3dcd79bf2cfbf41e83163ed87
3,dense1-selected,arrival,103,False,True,True,True,True,True,2,5.671149119734764,9.478743577299642,10479ef3962dff74d86d4bac177b0e0ff48759b3dcd79bf2cfbf41e83163ed87
3,dense1-selected,arrival,104,True,True,True,True,True,True,3,5.61534846201539,8.612263217870886,10479ef3962dff74d86d4bac177b0e0ff48759b3dcd79bf2cfbf41e83163ed87
3,dense1-selected,arrival,105,True,True,True,True,True,True,12,4.338683560490608,8.359981643140003,10479ef3962dff74d86d4bac177b0e0ff48759b3dcd79bf2cfbf41e83163ed87
3,dense1-selected,arrival,106,True,True,True,True,True,True,12,3.4888782538473606,7.160204700800726,10479ef3962dff74d86d4bac177b0e0ff48759b3dcd79bf2cfbf41e83163ed87
3,dense1-selected,arrival,107,True,True,True,True,True,True,15,3.7492287810891867,7.2288374297887765,10479ef3962dff74d86d4bac177b0e0ff48759b3dcd79bf2cfbf41e83163ed87
3,dense1-selected,arrival,108,True,True,True,False,False,True,6,3.984922543168068,9.039841597650147,10479ef3962dff74d86d4bac177b0e0ff48759b3dcd79bf2cfbf41e83163ed87
3,dense1-selected,arrival,109,True,True,True,True,True,True,17,3.514212556183338,8.379203503011711,10479ef3962dff74d86d4bac177b0e0ff48759b3dcd79bf2cfbf41e83163ed87
3,dense1-selected,arrival,110,True,True,True,True,True,True,15,4.432869143784046,8.015260288182168,10479ef3962dff74d86d4bac177b0e0ff48759b3dcd79bf2cfbf41e83163ed87
3,dense1-selected,arrival,111,True,True,True,True,True,True,16,3.8527718279510736,6.594975811130906,10479ef3962dff74d86d4bac177b0e0ff48759b3dcd79bf2cfbf41e83163ed87
3,dense1-selected,arrival,112,True,False,False,True,True,True,5,34.491267055273056,118.71591411496348,10479ef3962dff74d86d4bac177b0e0ff48759b3dcd79bf2cfbf41e83163ed87
3,dense1-selected,arrival,113,True,True,True,True,True,True,15,4.066862165927887,6.4756344770842125,10479ef3962dff74d86d4bac177b0e0ff48759b3dcd79bf2cfbf41e83163ed87
3,dense1-selected,arrival,114,True,True,True,True,True,True,13,4.0276446379721165,8.976330229879137,10479ef3962dff74d86d4bac177b0e0ff48759b3dcd79bf2cfbf41e83163ed87
3,dense1-selected,arrival,115,True,True,True,True,True,True,14,4.694868810474873,7.471238282111591,10479ef3962dff74d86d4bac177b0e0ff48759b3dcd79bf2cfbf41e83163ed87
3,dense1-selected,arrival,116,True,True,True,True,True,True,16,3.9029379840940237,7.287711952886994,10479ef3962dff74d86d4bac177b0e0ff48759b3dcd79bf2cfbf41e83163ed87
3,dense1-selected,arrival,117,True,True,True,True,True,True,12,4.336978774517775,9.130234028673389,10479ef3962dff74d86d4bac177b0e0ff48759b3dcd79bf2cfbf41e83163ed87
3,dense1-selected,arrival,118,True,True,True,True,True,True,15,3.232748946174979,5.670748336703808,10479ef3962dff74d86d4bac177b0e0ff48759b3dcd79bf2cfbf41e83163ed87
3,dense1-selected,arrival,119,True,True,True,True,True,True,16,3.2297582365572453,5.4816092995287535,10479ef3962dff74d86d4bac177b0e0ff48759b3dcd79bf2cfbf41e83163ed87
3,dense1-selected,arrival,120,True,True,True,True,True,True,18,4.040904343128204,8.95929915318371,10479ef3962dff74d86d4bac177b0e0ff48759b3dcd79bf2cfbf41e83163ed87
3,dense1-selected,arrival,121,True,True,True,True,True,True,14,4.660850390791893,10.01961345106826,10479ef3962dff74d86d4bac177b0e0ff48759b3dcd79bf2cfbf41e83163ed87
3,dense1-selected,arrival,122,True,True,True,True,True,True,14,4.372057039290667,10.596860058582717,10479ef3962dff74d86d4bac177b0e0ff48759b3dcd79bf2cfbf41e83163ed87
3,dense1-selected,arrival,123,True,True,True,True,True,True,15,4.0066721849143505,9.009052812419021,10479ef3962dff74d86d4bac177b0e0ff48759b3dcd79bf2cfbf41e83163ed87
3,dense1-selected,arrival,124,True,False,False,True,True,True,4,57.54793435335159,86.8297565408384,10479ef3962dff74d86d4bac177b0e0ff48759b3dcd79bf2cfbf41e83163ed87
3,dense1-selected,arrival,125,True,True,True,True,True,True,14,3.5450784489512444,8.273738552037544,10479ef3962dff74d86d4bac177b0e0ff48759b3dcd79bf2cfbf41e83163ed87
3,dense1-selected,arrival,126,True,True,True,True,True,True,18,4.154755268245935,8.986225466439194,10479ef3962dff74d86d4bac177b0e0ff48759b3dcd79bf2cfbf41e83163ed87
3,dense1-selected,arrival,127,True,True,True,True,True,True,11,4.198549315333366,7.39009990364007,10479ef3962dff74d86d4bac177b0e0ff48759b3dcd79bf2cfbf41e83163ed87
