Importing module 'gym_38' (/home/wangjiarui/artgym-runtime/opt/isaacgym/python/isaacgym/_bindings/linux-x86_64/gym_38.so)
[Warning] [carb] unknown type for the object '/home/wangjiarui/artgym-runtime/opt/isaacgym/python/isaacgym/_bindings/linux-x86_64//libboost_python36.so' {d_type = 0x00000000}
[Warning] [carb] unknown type for the object '/home/wangjiarui/artgym-runtime/opt/isaacgym/python/isaacgym/_bindings/linux-x86_64//libboost_regex.so' {d_type = 0x00000000}
[Warning] [carb] unknown type for the object '/home/wangjiarui/artgym-runtime/opt/isaacgym/python/isaacgym/_bindings/linux-x86_64//libpython3.6m.so' {d_type = 0x00000000}
[Warning] [carb] unknown type for the object '/home/wangjiarui/artgym-runtime/opt/isaacgym/python/isaacgym/_bindings/linux-x86_64//libGLEW.so' {d_type = 0x00000000}
[Warning] [carb] unknown type for the object '/home/wangjiarui/artgym-runtime/opt/isaacgym/python/isaacgym/_bindings/linux-x86_64//libboost_atomic.so' {d_type = 0x00000000}
[Warning] [carb] unknown type for the object '/home/wangjiarui/artgym-runtime/opt/isaacgym/python/isaacgym/_bindings/linux-x86_64//libembree.so' {d_type = 0x00000000}
[Warning] [carb] unknown type for the object '/home/wangjiarui/artgym-runtime/opt/isaacgym/python/isaacgym/_bindings/linux-x86_64//libembree.so.2' {d_type = 0x00000000}
[Warning] [carb] unknown type for the object '/home/wangjiarui/artgym-runtime/opt/isaacgym/python/isaacgym/_bindings/linux-x86_64//libjemalloc.so' {d_type = 0x00000000}
[Warning] [carb] unknown type for the object '/home/wangjiarui/artgym-runtime/opt/isaacgym/python/isaacgym/_bindings/linux-x86_64//libboost_python27.so' {d_type = 0x00000000}
[Warning] [carb] unknown type for the object '/home/wangjiarui/artgym-runtime/opt/isaacgym/python/isaacgym/_bindings/linux-x86_64//libGLEW.so.2.0' {d_type = 0x00000000}
[Warning] [carb] unknown type for the object '/home/wangjiarui/artgym-runtime/opt/isaacgym/python/isaacgym/_bindings/linux-x86_64//libosdCPU.so' {d_type = 0x00000000}
[Warning] [carb] unknown type for the object '/home/wangjiarui/artgym-runtime/opt/isaacgym/python/isaacgym/_bindings/linux-x86_64//libboost_program_options.so' {d_type = 0x00000000}
[Warning] [carb] unknown type for the object '/home/wangjiarui/artgym-runtime/opt/isaacgym/python/isaacgym/_bindings/linux-x86_64//libosdGPU.so' {d_type = 0x00000000}
[Warning] [carb] unknown type for the object '/home/wangjiarui/artgym-runtime/opt/isaacgym/python/isaacgym/_bindings/linux-x86_64//libboost_thread.so' {d_type = 0x00000000}
[Warning] [carb] unknown type for the object '/home/wangjiarui/artgym-runtime/opt/isaacgym/python/isaacgym/_bindings/linux-x86_64//libboost_filesystem.so' {d_type = 0x00000000}
[Warning] [carb] unknown type for the object '/home/wangjiarui/artgym-runtime/opt/isaacgym/python/isaacgym/_bindings/linux-x86_64//libboost_date_time.so' {d_type = 0x00000000}
[Warning] [carb] unknown type for the object '/home/wangjiarui/artgym-runtime/opt/isaacgym/python/isaacgym/_bindings/linux-x86_64//libboost_system.so' {d_type = 0x00000000}
[Warning] [carb] unknown type for the object '/home/wangjiarui/artgym-runtime/opt/isaacgym/python/isaacgym/_bindings/linux-x86_64//libboost_python36.so' {d_type = 0x00000000}
[Warning] [carb] unknown type for the object '/home/wangjiarui/artgym-runtime/opt/isaacgym/python/isaacgym/_bindings/linux-x86_64//libboost_regex.so' {d_type = 0x00000000}
[Warning] [carb] unknown type for the object '/home/wangjiarui/artgym-runtime/opt/isaacgym/python/isaacgym/_bindings/linux-x86_64//libpython3.6m.so' {d_type = 0x00000000}
[Warning] [carb] unknown type for the object '/home/wangjiarui/artgym-runtime/opt/isaacgym/python/isaacgym/_bindings/linux-x86_64//libGLEW.so' {d_type = 0x00000000}
[Warning] [carb] unknown type for the object '/home/wangjiarui/artgym-runtime/opt/isaacgym/python/isaacgym/_bindings/linux-x86_64//libboost_atomic.so' {d_type = 0x00000000}
[Warning] [carb] unknown type for the object '/home/wangjiarui/artgym-runtime/opt/isaacgym/python/isaacgym/_bindings/linux-x86_64//libembree.so' {d_type = 0x00000000}
[Warning] [carb] unknown type for the object '/home/wangjiarui/artgym-runtime/opt/isaacgym/python/isaacgym/_bindings/linux-x86_64//libembree.so.2' {d_type = 0x00000000}
[Warning] [carb] unknown type for the object '/home/wangjiarui/artgym-runtime/opt/isaacgym/python/isaacgym/_bindings/linux-x86_64//libjemalloc.so' {d_type = 0x00000000}
[Warning] [carb] unknown type for the object '/home/wangjiarui/artgym-runtime/opt/isaacgym/python/isaacgym/_bindings/linux-x86_64//libboost_python27.so' {d_type = 0x00000000}
[Warning] [carb] unknown type for the object '/home/wangjiarui/artgym-runtime/opt/isaacgym/python/isaacgym/_bindings/linux-x86_64//libGLEW.so.2.0' {d_type = 0x00000000}
[Warning] [carb] unknown type for the object '/home/wangjiarui/artgym-runtime/opt/isaacgym/python/isaacgym/_bindings/linux-x86_64//libosdCPU.so' {d_type = 0x00000000}
[Warning] [carb] unknown type for the object '/home/wangjiarui/artgym-runtime/opt/isaacgym/python/isaacgym/_bindings/linux-x86_64//libboost_program_options.so' {d_type = 0x00000000}
[Warning] [carb] unknown type for the object '/home/wangjiarui/artgym-runtime/opt/isaacgym/python/isaacgym/_bindings/linux-x86_64//libosdGPU.so' {d_type = 0x00000000}
[Warning] [carb] unknown type for the object '/home/wangjiarui/artgym-runtime/opt/isaacgym/python/isaacgym/_bindings/linux-x86_64//libboost_thread.so' {d_type = 0x00000000}
[Warning] [carb] unknown type for the object '/home/wangjiarui/artgym-runtime/opt/isaacgym/python/isaacgym/_bindings/linux-x86_64//libboost_filesystem.so' {d_type = 0x00000000}
[Warning] [carb] unknown type for the object '/home/wangjiarui/artgym-runtime/opt/isaacgym/python/isaacgym/_bindings/linux-x86_64//libboost_date_time.so' {d_type = 0x00000000}
[Warning] [carb] unknown type for the object '/home/wangjiarui/artgym-runtime/opt/isaacgym/python/isaacgym/_bindings/linux-x86_64//libboost_system.so' {d_type = 0x00000000}
[Warning] [carb] unknown type for the object '/home/wangjiarui/artgym-runtime/opt/isaacgym/python/isaacgym/_bindings/linux-x86_64//libboost_python36.so' {d_type = 0x00000000}
[Warning] [carb] unknown type for the object '/home/wangjiarui/artgym-runtime/opt/isaacgym/python/isaacgym/_bindings/linux-x86_64//libboost_regex.so' {d_type = 0x00000000}
[Warning] [carb] unknown type for the object '/home/wangjiarui/artgym-runtime/opt/isaacgym/python/isaacgym/_bindings/linux-x86_64//libpython3.6m.so' {d_type = 0x00000000}
[Warning] [carb] unknown type for the object '/home/wangjiarui/artgym-runtime/opt/isaacgym/python/isaacgym/_bindings/linux-x86_64//libGLEW.so' {d_type = 0x00000000}
[Warning] [carb] unknown type for the object '/home/wangjiarui/artgym-runtime/opt/isaacgym/python/isaacgym/_bindings/linux-x86_64//libboost_atomic.so' {d_type = 0x00000000}
[Warning] [carb] unknown type for the object '/home/wangjiarui/artgym-runtime/opt/isaacgym/python/isaacgym/_bindings/linux-x86_64//libembree.so' {d_type = 0x00000000}
[Warning] [carb] unknown type for the object '/home/wangjiarui/artgym-runtime/opt/isaacgym/python/isaacgym/_bindings/linux-x86_64//libembree.so.2' {d_type = 0x00000000}
[Warning] [carb] unknown type for the object '/home/wangjiarui/artgym-runtime/opt/isaacgym/python/isaacgym/_bindings/linux-x86_64//libjemalloc.so' {d_type = 0x00000000}
[Warning] [carb] unknown type for the object '/home/wangjiarui/artgym-runtime/opt/isaacgym/python/isaacgym/_bindings/linux-x86_64//libboost_python27.so' {d_type = 0x00000000}
[Warning] [carb] unknown type for the object '/home/wangjiarui/artgym-runtime/opt/isaacgym/python/isaacgym/_bindings/linux-x86_64//libGLEW.so.2.0' {d_type = 0x00000000}
[Warning] [carb] unknown type for the object '/home/wangjiarui/artgym-runtime/opt/isaacgym/python/isaacgym/_bindings/linux-x86_64//libosdCPU.so' {d_type = 0x00000000}
[Warning] [carb] unknown type for the object '/home/wangjiarui/artgym-runtime/opt/isaacgym/python/isaacgym/_bindings/linux-x86_64//libboost_program_options.so' {d_type = 0x00000000}
[Warning] [carb] unknown type for the object '/home/wangjiarui/artgym-runtime/opt/isaacgym/python/isaacgym/_bindings/linux-x86_64//libosdGPU.so' {d_type = 0x00000000}
[Warning] [carb] unknown type for the object '/home/wangjiarui/artgym-runtime/opt/isaacgym/python/isaacgym/_bindings/linux-x86_64//libboost_thread.so' {d_type = 0x00000000}
[Warning] [carb] unknown type for the object '/home/wangjiarui/artgym-runtime/opt/isaacgym/python/isaacgym/_bindings/linux-x86_64//libboost_filesystem.so' {d_type = 0x00000000}
[Warning] [carb] unknown type for the object '/home/wangjiarui/artgym-runtime/opt/isaacgym/python/isaacgym/_bindings/linux-x86_64//libboost_date_time.so' {d_type = 0x00000000}
[Warning] [carb] unknown type for the object '/home/wangjiarui/artgym-runtime/opt/isaacgym/python/isaacgym/_bindings/linux-x86_64//libboost_system.so' {d_type = 0x00000000}
[Warning] [carb] unknown type for the object '/home/wangjiarui/artgym-runtime/opt/isaacgym/python/isaacgym/_bindings/linux-x86_64//libboost_python36.so' {d_type = 0x00000000}
[Warning] [carb] unknown type for the object '/home/wangjiarui/artgym-runtime/opt/isaacgym/python/isaacgym/_bindings/linux-x86_64//libboost_regex.so' {d_type = 0x00000000}
[Warning] [carb] unknown type for the object '/home/wangjiarui/artgym-runtime/opt/isaacgym/python/isaacgym/_bindings/linux-x86_64//libpython3.6m.so' {d_type = 0x00000000}
[Warning] [carb] unknown type for the object '/home/wangjiarui/artgym-runtime/opt/isaacgym/python/isaacgym/_bindings/linux-x86_64//libGLEW.so' {d_type = 0x00000000}
[Warning] [carb] unknown type for the object '/home/wangjiarui/artgym-runtime/opt/isaacgym/python/isaacgym/_bindings/linux-x86_64//libboost_atomic.so' {d_type = 0x00000000}
[Warning] [carb] unknown type for the object '/home/wangjiarui/artgym-runtime/opt/isaacgym/python/isaacgym/_bindings/linux-x86_64//libembree.so' {d_type = 0x00000000}
[Warning] [carb] unknown type for the object '/home/wangjiarui/artgym-runtime/opt/isaacgym/python/isaacgym/_bindings/linux-x86_64//libembree.so.2' {d_type = 0x00000000}
[Warning] [carb] unknown type for the object '/home/wangjiarui/artgym-runtime/opt/isaacgym/python/isaacgym/_bindings/linux-x86_64//libjemalloc.so' {d_type = 0x00000000}
[Warning] [carb] unknown type for the object '/home/wangjiarui/artgym-runtime/opt/isaacgym/python/isaacgym/_bindings/linux-x86_64//libboost_python27.so' {d_type = 0x00000000}
[Warning] [carb] unknown type for the object '/home/wangjiarui/artgym-runtime/opt/isaacgym/python/isaacgym/_bindings/linux-x86_64//libGLEW.so.2.0' {d_type = 0x00000000}
[Warning] [carb] unknown type for the object '/home/wangjiarui/artgym-runtime/opt/isaacgym/python/isaacgym/_bindings/linux-x86_64//libosdCPU.so' {d_type = 0x00000000}
[Warning] [carb] unknown type for the object '/home/wangjiarui/artgym-runtime/opt/isaacgym/python/isaacgym/_bindings/linux-x86_64//libboost_program_options.so' {d_type = 0x00000000}
[Warning] [carb] unknown type for the object '/home/wangjiarui/artgym-runtime/opt/isaacgym/python/isaacgym/_bindings/linux-x86_64//libosdGPU.so' {d_type = 0x00000000}
[Warning] [carb] unknown type for the object '/home/wangjiarui/artgym-runtime/opt/isaacgym/python/isaacgym/_bindings/linux-x86_64//libboost_thread.so' {d_type = 0x00000000}
[Warning] [carb] unknown type for the object '/home/wangjiarui/artgym-runtime/opt/isaacgym/python/isaacgym/_bindings/linux-x86_64//libboost_filesystem.so' {d_type = 0x00000000}
[Warning] [carb] unknown type for the object '/home/wangjiarui/artgym-runtime/opt/isaacgym/python/isaacgym/_bindings/linux-x86_64//libboost_date_time.so' {d_type = 0x00000000}
[Warning] [carb] unknown type for the object '/home/wangjiarui/artgym-runtime/opt/isaacgym/python/isaacgym/_bindings/linux-x86_64//libboost_system.so' {d_type = 0x00000000}
[Warning] [carb] unknown type for the object '/home/wangjiarui/artgym-runtime/opt/isaacgym/python/isaacgym/_bindings/linux-x86_64//libboost_python36.so' {d_type = 0x00000000}
[Warning] [carb] unknown type for the object '/home/wangjiarui/artgym-runtime/opt/isaacgym/python/isaacgym/_bindings/linux-x86_64//libboost_regex.so' {d_type = 0x00000000}
[Warning] [carb] unknown type for the object '/home/wangjiarui/artgym-runtime/opt/isaacgym/python/isaacgym/_bindings/linux-x86_64//libpython3.6m.so' {d_type = 0x00000000}
[Warning] [carb] unknown type for the object '/home/wangjiarui/artgym-runtime/opt/isaacgym/python/isaacgym/_bindings/linux-x86_64//libGLEW.so' {d_type = 0x00000000}
[Warning] [carb] unknown type for the object '/home/wangjiarui/artgym-runtime/opt/isaacgym/python/isaacgym/_bindings/linux-x86_64//libboost_atomic.so' {d_type = 0x00000000}
[Warning] [carb] unknown type for the object '/home/wangjiarui/artgym-runtime/opt/isaacgym/python/isaacgym/_bindings/linux-x86_64//libembree.so' {d_type = 0x00000000}
[Warning] [carb] unknown type for the object '/home/wangjiarui/artgym-runtime/opt/isaacgym/python/isaacgym/_bindings/linux-x86_64//libembree.so.2' {d_type = 0x00000000}
[Warning] [carb] unknown type for the object '/home/wangjiarui/artgym-runtime/opt/isaacgym/python/isaacgym/_bindings/linux-x86_64//libjemalloc.so' {d_type = 0x00000000}
[Warning] [carb] unknown type for the object '/home/wangjiarui/artgym-runtime/opt/isaacgym/python/isaacgym/_bindings/linux-x86_64//libboost_python27.so' {d_type = 0x00000000}
[Warning] [carb] unknown type for the object '/home/wangjiarui/artgym-runtime/opt/isaacgym/python/isaacgym/_bindings/linux-x86_64//libGLEW.so.2.0' {d_type = 0x00000000}
[Warning] [carb] unknown type for the object '/home/wangjiarui/artgym-runtime/opt/isaacgym/python/isaacgym/_bindings/linux-x86_64//libosdCPU.so' {d_type = 0x00000000}
[Warning] [carb] unknown type for the object '/home/wangjiarui/artgym-runtime/opt/isaacgym/python/isaacgym/_bindings/linux-x86_64//libboost_program_options.so' {d_type = 0x00000000}
[Warning] [carb] unknown type for the object '/home/wangjiarui/artgym-runtime/opt/isaacgym/python/isaacgym/_bindings/linux-x86_64//libosdGPU.so' {d_type = 0x00000000}
[Warning] [carb] unknown type for the object '/home/wangjiarui/artgym-runtime/opt/isaacgym/python/isaacgym/_bindings/linux-x86_64//libboost_thread.so' {d_type = 0x00000000}
[Warning] [carb] unknown type for the object '/home/wangjiarui/artgym-runtime/opt/isaacgym/python/isaacgym/_bindings/linux-x86_64//libboost_filesystem.so' {d_type = 0x00000000}
[Warning] [carb] unknown type for the object '/home/wangjiarui/artgym-runtime/opt/isaacgym/python/isaacgym/_bindings/linux-x86_64//libboost_date_time.so' {d_type = 0x00000000}
[Warning] [carb] unknown type for the object '/home/wangjiarui/artgym-runtime/opt/isaacgym/python/isaacgym/_bindings/linux-x86_64//libboost_system.so' {d_type = 0x00000000}
Setting GYM_USD_PLUG_INFO_PATH to /home/wangjiarui/artgym-runtime/opt/isaacgym/python/isaacgym/_bindings/linux-x86_64/usd/plugInfo.json
Gym has been unmaintained since 2022 and does not support NumPy 2.0 amongst other critical functionality.
Please upgrade to Gymnasium, the maintained drop-in replacement of Gym, or contact the authors of your software and request that they upgrade.
Users of this version of Gym should be able to simply replace 'import gym' with 'import gymnasium as gym' in the vast majority of cases.
See the migration guide at https://gymnasium.farama.org/introduction/migration_guide/ for additional information.
/home/wangjiarui/artgym-multigrasp-20260928/isaacgymenvs/train.py:81: Hydra14MigrationWarning: 
version_base="1.1" selects Hydra 1.1 compatibility behavior.
Hydra 1.4 will remove this compatibility behavior.
Before upgrading to Hydra 1.4, set version_base="1.3" and test your application.
See https://hydra.cc/docs/upgrades/1.3_to_1.4/prepare_for_1_4/ for preparation instructions.
  @hydra.main(version_base="1.1", config_name="config", config_path="./cfg")
/home/wangjiarui/artgym-runtime/lib/python3.8/site-packages/hydra/_internal/hydra.py:119: UserWarning: Future Hydra versions will no longer change working directory at job runtime by default.
See https://hydra.cc/docs/1.2/upgrades/1.1_to_1.2/changes_to_job_working_dir/ for more information.
  ret = run_job(
PyTorch version 2.1.0+cu121
Device count 1
/home/wangjiarui/artgym-runtime/opt/isaacgym/python/isaacgym/_bindings/src/gymtorch
Using /home/wangjiarui/.cache/torch_extensions/py38_cu121 as PyTorch extensions root...
Loading extension module gymtorch...
task: 
    name: wuji_multigrasp
    physics_engine: physx
    env: 
        numEnvs: 5120
        envSpacing: 0.75
        episodeLength: 600
        enableDebugVis: False
        aggregateMode: 0
        successHoldDurationSec: 0.3
        successHoldDurationRangeSec: [0.3, 0.3]
        maxConsecutiveSuccesses: 0
        goalSwitchTimeoutSec: 0.0
        jointNoise: 0.0
        dofSpeedScale: 1.0
        useRelativeControl: False
        graspSplit: train
        rewardWeightCurriculum: 
            ObjPosDeviation: -0.5
            ObjRotDeviation: -0.02
            StableContact: 0.0
        rewardWeightCurriculumSchedule: 
            warmupSteps: 200
            totalSteps: 2000
        binaryTactileThreshold: 0.05
        actionsMovingAverage: 1.0
        controlFrequencyInv: 4
        forceScale: 0.0
        forceProbRange: [0.001, 0.1]
        forceDecay: 0.99
        forceDecayInterval: 0.08
        policyObsDim: 111
        privilegedObsDim: 21
        studentInitObsDim: 55
        proprioHistoryLen: 50
        enableCameraSensors: False
        camera: 
            height: 1080
            width: 1920
            horizontal_fov: 75
            use_collision_geometry: True
            cam_pos: [0.0, 0.2, 1.0]
            cam_target: [0.0, -0.15, 0.5]
        rewardProtocol: corrected
        supportActionSpan: 0.04
        thumbActionStep: 0.025
        aliveReward: 0.1
        initialPoseNoise: 
            position_m: 0.0005
            joint_rad: 0.01
            rotation_vector_rad: 0.008726646259971648
            ramp_epochs: 0
        absolutePoseObjective: 
            coefficient: 1.0
            position_scale_m: 0.01
            rotation_scale_rad: 0.25
            ramp_epochs: 0
        commandPeriodSec: 2.0
        evaluationGoalTimeoutSec: 10.0
        trainingCommandDurationsSec: [2.0, 5.0]
        endpointHoldReward: 0.0
        trainingStates: research/multigrasp-20260928/data/expert-5.npy
    task: 
        randomize: False
        randomization_params: 
    sim: 
        dt: 0.008333333333333333
        substeps: 4
        up_axis: z
        use_gpu_pipeline: True
        gravity: [0.0, 0.0, -9.81]
        physx: 
            num_threads: 4
            solver_type: 1
            use_gpu: True
            num_position_iterations: 16
            num_velocity_iterations: 4
            max_gpu_contact_pairs: 1048576
            num_subscenes: 0
            contact_offset: 0.002
            rest_offset: 0.0
            bounce_threshold_velocity: 0.2
            max_depenetration_velocity: 100.0
            default_buffer_size_multiplier: 2.0
            contact_collection: 2
object: 
    task: 
        success_threshold: 0.002
        rot_devia_threshold: 1.57
        pos_devia_threshold: 0.05
        goals: [0.04, 0.0]
        contact_num: 5
    asset: 
        type: knife
        asset_root: assets/objects/knife_wuji_bridge3_20260922
        instance_id_list: ['000']
        asset_file: mobility.urdf
        initDof: lower
        disgravity_part: []
        disfriction_part: []
        disrbforce_part: []
        dissimulate_part: []
    default_props: 
        mass: [0.029, 0.006]
        friction: 3.0
        dof_stiffness: 0.0
        dof_damping: 0.3
    randomization: 
        randomize: False
        dof_properties: 
            damping: 
                range: [0.7, 1.3]
                operation: scaling
                distribution: uniform
        rigid_body_properties: 
            by_body: 
                link_0: 
                    mass: 
                        range: [1.0, 5.0]
                        operation: scaling
                        distribution: uniform
                link_1: 
                    mass: 
                        range: [1.0, 2.0]
                        operation: scaling
                        distribution: uniform
        rigid_shape_properties: 
            friction: 
                num_buckets: 250
                range: [-1.0, 1.0]
                operation: additive
                distribution: uniform
    reward: 
        ObjPosDeviation: -0.5
        ObjRotDeviation: -0.02
        StableContact: 0.0
        HandQposDeviation: -0.001
        GoalDistance1: 1000.0
        GoalDistance2: 0.1
        Smooth: -1.0
        Drop: -25.0
        Success: 50.0
hand: 
    type: wuji
    asset: assets/hands/wuji_artbot/right.urdf
    self_collisions: True
    force_links: ['hand_r_thumb_pad_link', 'hand_r_index_pad_link', 'hand_r_middle_pad_link', 'hand_r_ring_pad_link', 'hand_r_pinky_pad_link']
    track_links: ['hand_r_thumb_pad_link', 'hand_r_index_pad_link', 'hand_r_middle_pad_link', 'hand_r_ring_pad_link', 'hand_r_pinky_pad_link']
    dof_names: ['hand_r_index_joint1', 'hand_r_index_joint2', 'hand_r_index_joint3', 'hand_r_index_joint4', 'hand_r_middle_joint1', 'hand_r_middle_joint2', 'hand_r_middle_joint3', 'hand_r_middle_joint4', 'hand_r_pinky_joint1', 'hand_r_pinky_joint2', 'hand_r_pinky_joint3', 'hand_r_pinky_joint4', 'hand_r_ring_joint1', 'hand_r_ring_joint2', 'hand_r_ring_joint3', 'hand_r_ring_joint4', 'hand_r_thumb_joint1', 'hand_r_thumb_joint2', 'hand_r_thumb_joint3', 'hand_r_thumb_joint4']
    dof_props: 
        stiffness: [0.37352218155860073, 0.45592448909027794, 0.24368366649522863, 0.18026971340925335, 0.3687093483646485, 0.4164253443634641, 0.22218607502059182, 0.19427606072023446, 0.3655325975433942, 0.41393113081120425, 0.22729367621965954, 0.1964723550341816, 0.35718151495111794, 0.42977315313086895, 0.24930151196247122, 0.2285032688178066, 0.40844710645048043, 0.6858601063643346, 0.2391112196099482, 0.20736128319711747]
        damping: [0.01882274330029718, 0.019798167597016643, 0.010477031953162727, 0.008240212147903584, 0.01848622487024593, 0.018032947229953678, 0.009592200014076666, 0.009152994605972402, 0.018616960278988272, 0.018732177029667153, 0.00951005441616486, 0.009017295241756363, 0.018376606800780005, 0.01867700966212433, 0.01059512121009555, 0.009917602877441107, 0.020882010257063675, 0.030610939996373314, 0.010181475050560962, 0.00909698844675045]
        friction: [0.0, 0.0, 0.0, 0.0, 0.0, 0.0, 0.0, 0.0, 0.0, 0.0, 0.0, 0.0, 0.0, 0.0, 0.0, 0.0, 0.0, 0.0, 0.0, 0.0]
        armature: [0.0005, 0.0002, 0.0002, 0.0002, 0.0005, 0.0002, 0.0002, 0.0002, 0.0005, 0.0002, 0.0002, 0.0002, 0.0005, 0.0002, 0.0002, 0.0002, 0.0005, 0.0005, 0.0002, 0.0002]
    task: 
        numActions: 20
        propDim: 40
        policyObsDim: 111
        studentInitObsDim: 55
    randomization: 
        randomize: False
    self_collision_mode: digit_filtered
train: 
    params: 
        seed: 2026092810
        algo: 
            name: a2c_continuous
        model: 
            name: continuous_a2c_logstd
        network: 
            name: actor_critic_sapg_priv
            separate: True
            space: 
                continuous: 
                    mu_activation: None
                    sigma_activation: None
                    mu_init: 
                        name: const_initializer
                        val: 0.0
                    sigma_init: 
                        name: const_initializer
                        val: -1.0
                    fixed_sigma: coef_cond
            mlp: 
                units: [512, 256, 128]
                activation: elu
                d2rl: False
                initializer: 
                    name: default
                regularizer: 
                    name: None
            rnn: 
                name: lstm
                units: 512
                layers: 1
                before_mlp: True
                layer_norm: True
            sapg_priv: 
                policy_obs_dim: 111
                privileged_obs_dim: 21
                critic_policy_contact_dim: 5
                expl_embedding_dim: 32
                encoder: 
                    units: [256, 128, 16]
                    activation: elu
                    initializer: 
                        name: default
                student_encoder: 
                    type: auto
                    init_dim: 55
                    proprio_encoder: 
                        units: [128, 64]
                        activation: elu
                        initializer: 
                            name: default
                    init_encoder: 
                        units: [128, 64]
                        activation: elu
                        initializer: 
                            name: default
                    temporal: 
                        type: tconv
                        hidden_size: 192
                        num_layers: 5
                        kernel_size: 3
                        dilation_growth: 2
                        activation: elu
                        dropout: 0.05
                    latent_head: 
                        units: [128]
                        activation: elu
                        initializer: 
                            name: default
        load_checkpoint: False
        load_path: 
        config: 
            name: expert_row5_seed2810
            full_experiment_name: expert_row5_seed2810
            env_name: rlgpu
            multi_gpu: False
            ppo: True
            mixed_precision: False
            normalize_input: True
            normalize_value: True
            value_bootstrap: False
            num_actors: 5120
            reward_shaper: 
                scale_value: 1.0
            normalize_advantage: True
            gamma: 0.998
            tau: 0.95
            learning_rate: 0.0002
            lr_schedule: adaptive
            schedule_type: standard
            kl_threshold: 0.016
            score_to_win: 100000
            max_epochs: 1000
            save_best_after: 50
            save_frequency: 250
            print_stats: True
            grad_norm: 1.0
            entropy_coef: 0
            truncate_grads: True
            e_clip: 0.2
            horizon_length: 32
            minibatch_size: 32768
            mini_epochs: 4
            critic_coef: 4
            clip_value: True
            seq_length: 32
            bounds_loss_coef: 0.0001
            defer_summaries_sec: 5
            summaries_interval_sec_min: 5
            summaries_interval_sec_max: 100
            expl_type: mixed_expl_learn_param
            player: 
                deterministic: True
                use_vecenv: True
                games_num: 1000000
                print_stats: False
            use_others_experience: lf
            off_policy_ratio: 1.0
            expl_reward_type: entropy
            expl_reward_coef_scale: 0.005
            expl_coef_block_size: 1024
            managed_checkpoints: True
            checkpoint_first_epoch: 10
            checkpoint_keep_recent: 10
            checkpoint_milestone_frequency: 500
            evaluation_frequency: 100000
pbt: 
    enabled: False
task_name: wuji_multigrasp
experiment: expert_row5_seed2810
num_envs: 5120
seed: 2026092810
torch_deterministic: False
max_iterations: 1000
physics_engine: physx
pipeline: gpu
sim_device: cuda:0
rl_device: cuda:0
graphics_device_id: -1
num_threads: 4
solver_type: 1
num_subscenes: 0
test: False
checkpoint: 
sigma: 
multi_gpu: False
asset_dir: 
capture_video: False
capture_video_freq: 1500
capture_video_len: 100
force_render: False
headless: True
Setting seed: 2026092810
self.seed = 2026092810
Started to train
Exact experiment name requested from command line: expert_row5_seed2810
/home/wangjiarui/artgym-runtime/lib/python3.8/site-packages/gym/spaces/box.py:127: UserWarning: [33mWARN: Box bound precision lowered by casting to float32[0m
  logger.warn(f"Box bound precision lowered by casting to {self.dtype}")
Not connected to PVD
+++ Using GPU PhysX
Physics Engine: PhysX
Physics Device: cuda:0
GPU Pipeline: enabled
Box(-1.0, 1.0, (20,), float32) Box(-inf, inf, (137,), float32)
seq_length: 32
current training device: cuda:0
num_minibatches: 5
build mlp: 21
build mlp: 21
build mlp: 512
build mlp: 512
RunningMeanStd:  (1,)
RunningMeanStd:  (137,)
/home/wangjiarui/artgym-multigrasp-20260928/rl_games/rl_games/algos_torch/torch_ext.py:347: UserWarning: To copy construct from a tensor, it is recommended to use sourceTensor.clone().detach() or sourceTensor.clone().detach().requires_grad_(True), rather than torch.tensor(sourceTensor).
  self.current_size = torch.tensor(size_sum, dtype = torch.int32)

Timing:
  Play time               : 10.259 s
  Update time             : 1.143 s
  Time to train epoch     : 11.403 s


Statistics:
  fps step                    : 16,455
  fps step + policy inference : 15,970
  fps total                   : 14,369
  epoch                       : 1 / 1,000
  frames                      : 163,840


Policy 0: 
Timing:
  Play time               : 9.698 s
  Update time             : 1.074 s
  Time to train epoch     : 10.772 s


Statistics:
  fps step                    : 17,152
  fps step + policy inference : 16,893
  fps total                   : 15,210
  epoch                       : 2 / 1,000
  frames                      : 327,680


Policy 0: 
Timing:
  Play time               : 9.826 s
  Update time             : 0.909 s
  Time to train epoch     : 10.735 s


Statistics:
  fps step                    : 16,928
  fps step + policy inference : 16,675
  fps total                   : 15,263
  epoch                       : 3 / 1,000
  frames                      : 491,520


Policy 0: 
Timing:
  Play time               : 10.043 s
  Update time             : 0.918 s
  Time to train epoch     : 10.961 s


Statistics:
  fps step                    : 16,566
  fps step + policy inference : 16,314
  fps total                   : 14,948
  epoch                       : 4 / 1,000
  frames                      : 655,360


Policy 0: 
Timing:
  Play time               : 10.099 s
  Update time             : 0.962 s
  Time to train epoch     : 11.061 s


Statistics:
  fps step                    : 16,491
  fps step + policy inference : 16,224
  fps total                   : 14,812
  epoch                       : 5 / 1,000
  frames                      : 819,200


Policy 0: 
Timing:
  Play time               : 10.143 s
  Update time             : 0.974 s
  Time to train epoch     : 11.116 s


Statistics:
  fps step                    : 16,414
  fps step + policy inference : 16,154
  fps total                   : 14,739
  epoch                       : 6 / 1,000
  frames                      : 983,040


Policy 0: 
Timing:
  Play time               : 10.075 s
  Update time             : 0.962 s
  Time to train epoch     : 11.037 s


Statistics:
  fps step                    : 16,516
  fps step + policy inference : 16,261
  fps total                   : 14,844
  epoch                       : 7 / 1,000
  frames                      : 1,146,880


Policy 0: 
Timing:
  Play time               : 10.224 s
  Update time             : 0.962 s
  Time to train epoch     : 11.186 s


Statistics:
  fps step                    : 16,274
  fps step + policy inference : 16,025
  fps total                   : 14,647
  epoch                       : 8 / 1,000
  frames                      : 1,310,720


Policy 0: 
Timing:
  Play time               : 10.198 s
  Update time             : 0.928 s
  Time to train epoch     : 11.127 s


Statistics:
  fps step                    : 16,307
  fps step + policy inference : 16,066
  fps total                   : 14,725
  epoch                       : 9 / 1,000
  frames                      : 1,474,560


Policy 0: 
Timing:
  Play time               : 10.142 s
  Update time             : 0.898 s
  Time to train epoch     : 11.040 s


Statistics:
  fps step                    : 16,397
  fps step + policy inference : 16,155
  fps total                   : 14,841
  epoch                       : 10 / 1,000
  frames                      : 1,638,400


Policy 0: saving next best rewards:  [-290.36]
=> saving checkpoint 'runs/expert_row5_seed2810/nn/expert_row5_seed2810.pth'
Saved recovery checkpoint runs/expert_row5_seed2810/checkpoints/epoch_000010.pth; evaluation_due=True

Timing:
  Play time               : 10.143 s
  Update time             : 0.783 s
  Time to train epoch     : 10.926 s


Statistics:
  fps step                    : 16,381
  fps step + policy inference : 16,154
  fps total                   : 14,996
  epoch                       : 11 / 1,000
  frames                      : 1,802,240


Policy 0: 
Timing:
  Play time               : 10.156 s
  Update time             : 0.831 s
  Time to train epoch     : 10.987 s


Statistics:
  fps step                    : 16,356
  fps step + policy inference : 16,133
  fps total                   : 14,913
  epoch                       : 12 / 1,000
  frames                      : 1,966,080


Policy 0: 
Timing:
  Play time               : 10.110 s
  Update time             : 0.703 s
  Time to train epoch     : 10.812 s


Statistics:
  fps step                    : 16,426
  fps step + policy inference : 16,206
  fps total                   : 15,153
  epoch                       : 13 / 1,000
  frames                      : 2,129,920


Policy 0: 
Timing:
  Play time               : 10.250 s
  Update time             : 0.721 s
  Time to train epoch     : 10.971 s


Statistics:
  fps step                    : 16,195
  fps step + policy inference : 15,984
  fps total                   : 14,934
  epoch                       : 14 / 1,000
  frames                      : 2,293,760


Policy 0: 
Timing:
  Play time               : 10.319 s
  Update time             : 0.773 s
  Time to train epoch     : 11.092 s


Statistics:
  fps step                    : 16,081
  fps step + policy inference : 15,877
  fps total                   : 14,770
  epoch                       : 15 / 1,000
  frames                      : 2,457,600


Policy 0: 
Timing:
  Play time               : 10.287 s
  Update time             : 0.675 s
  Time to train epoch     : 10.962 s


Statistics:
  fps step                    : 16,131
  fps step + policy inference : 15,927
  fps total                   : 14,946
  epoch                       : 16 / 1,000
  frames                      : 2,621,440


Policy 0: 
Timing:
  Play time               : 10.276 s
  Update time             : 0.764 s
  Time to train epoch     : 11.040 s


Statistics:
  fps step                    : 16,149
  fps step + policy inference : 15,944
  fps total                   : 14,841
  epoch                       : 17 / 1,000
  frames                      : 2,785,280


Policy 0: 
Timing:
  Play time               : 10.302 s
  Update time             : 0.774 s
  Time to train epoch     : 11.076 s


Statistics:
  fps step                    : 16,113
  fps step + policy inference : 15,904
  fps total                   : 14,793
  epoch                       : 18 / 1,000
  frames                      : 2,949,120


Policy 0: 
Timing:
  Play time               : 10.244 s
  Update time             : 0.645 s
  Time to train epoch     : 10.890 s


Statistics:
  fps step                    : 16,460
  fps step + policy inference : 15,993
  fps total                   : 15,046
  epoch                       : 19 / 1,000
  frames                      : 3,112,960


Policy 0: 
Timing:
  Play time               : 9.759 s
  Update time             : 0.661 s
  Time to train epoch     : 10.420 s


Statistics:
  fps step                    : 17,019
  fps step + policy inference : 16,789
  fps total                   : 15,723
  epoch                       : 20 / 1,000
  frames                      : 3,276,800


Policy 0: 
Timing:
  Play time               : 10.016 s
  Update time             : 0.861 s
  Time to train epoch     : 10.877 s


Statistics:
  fps step                    : 16,598
  fps step + policy inference : 16,358
  fps total                   : 15,063
  epoch                       : 21 / 1,000
  frames                      : 3,440,640


Policy 0: 
Timing:
  Play time               : 9.939 s
  Update time             : 0.869 s
  Time to train epoch     : 10.808 s


Statistics:
  fps step                    : 16,727
  fps step + policy inference : 16,485
  fps total                   : 15,159
  epoch                       : 22 / 1,000
  frames                      : 3,604,480


Policy 0: saving next best rewards:  [-290.15]
=> saving checkpoint 'runs/expert_row5_seed2810/nn/expert_row5_seed2810.pth'

Timing:
  Play time               : 9.973 s
  Update time             : 0.810 s
  Time to train epoch     : 10.783 s


Statistics:
  fps step                    : 16,684
  fps step + policy inference : 16,428
  fps total                   : 15,194
  epoch                       : 23 / 1,000
  frames                      : 3,768,320


Policy 0: saving next best rewards:  [-287.53]
=> saving checkpoint 'runs/expert_row5_seed2810/nn/expert_row5_seed2810.pth'

Timing:
  Play time               : 9.733 s
  Update time             : 0.831 s
  Time to train epoch     : 10.564 s


Statistics:
  fps step                    : 17,105
  fps step + policy inference : 16,833
  fps total                   : 15,510
  epoch                       : 24 / 1,000
  frames                      : 3,932,160


Policy 0: saving next best rewards:  [-280.46]
=> saving checkpoint 'runs/expert_row5_seed2810/nn/expert_row5_seed2810.pth'

Timing:
  Play time               : 9.751 s
  Update time             : 0.950 s
  Time to train epoch     : 10.701 s


Statistics:
  fps step                    : 17,071
  fps step + policy inference : 16,802
  fps total                   : 15,310
  epoch                       : 25 / 1,000
  frames                      : 4,096,000


Policy 0: saving next best rewards:  [-270.75]
=> saving checkpoint 'runs/expert_row5_seed2810/nn/expert_row5_seed2810.pth'

Timing:
  Play time               : 9.791 s
  Update time             : 0.955 s
  Time to train epoch     : 10.745 s


Statistics:
  fps step                    : 17,016
  fps step + policy inference : 16,734
  fps total                   : 15,248
  epoch                       : 26 / 1,000
  frames                      : 4,259,840


Policy 0: saving next best rewards:  [-259.41]
=> saving checkpoint 'runs/expert_row5_seed2810/nn/expert_row5_seed2810.pth'

Timing:
  Play time               : 9.749 s
  Update time             : 0.868 s
  Time to train epoch     : 10.617 s


Statistics:
  fps step                    : 17,083
  fps step + policy inference : 16,805
  fps total                   : 15,432
  epoch                       : 27 / 1,000
  frames                      : 4,423,680


Policy 0: saving next best rewards:  [-246.73]
=> saving checkpoint 'runs/expert_row5_seed2810/nn/expert_row5_seed2810.pth'

Timing:
  Play time               : 9.918 s
  Update time             : 0.814 s
  Time to train epoch     : 10.732 s


Statistics:
  fps step                    : 16,786
  fps step + policy inference : 16,520
  fps total                   : 15,266
  epoch                       : 28 / 1,000
  frames                      : 4,587,520


Policy 0: saving next best rewards:  [-241.38]
=> saving checkpoint 'runs/expert_row5_seed2810/nn/expert_row5_seed2810.pth'

Timing:
  Play time               : 10.139 s
  Update time             : 0.779 s
  Time to train epoch     : 10.919 s


Statistics:
  fps step                    : 16,397
  fps step + policy inference : 16,159
  fps total                   : 15,006
  epoch                       : 29 / 1,000
  frames                      : 4,751,360


Policy 0: saving next best rewards:  [-237.21]
=> saving checkpoint 'runs/expert_row5_seed2810/nn/expert_row5_seed2810.pth'

Timing:
  Play time               : 10.394 s
  Update time             : 0.791 s
  Time to train epoch     : 11.186 s


Statistics:
  fps step                    : 15,981
  fps step + policy inference : 15,763
  fps total                   : 14,648
  epoch                       : 30 / 1,000
  frames                      : 4,915,200


Policy 0: saving next best rewards:  [-235.07]
=> saving checkpoint 'runs/expert_row5_seed2810/nn/expert_row5_seed2810.pth'

Timing:
  Play time               : 10.363 s
  Update time             : 0.796 s
  Time to train epoch     : 11.159 s


Statistics:
  fps step                    : 16,024
  fps step + policy inference : 15,811
  fps total                   : 14,683
  epoch                       : 31 / 1,000
  frames                      : 5,079,040


Policy 0: saving next best rewards:  [-234.47]
=> saving checkpoint 'runs/expert_row5_seed2810/nn/expert_row5_seed2810.pth'

Timing:
  Play time               : 10.374 s
  Update time             : 0.676 s
  Time to train epoch     : 11.050 s


Statistics:
  fps step                    : 16,008
  fps step + policy inference : 15,793
  fps total                   : 14,827
  epoch                       : 32 / 1,000
  frames                      : 5,242,880


Policy 0: 
Timing:
  Play time               : 10.387 s
  Update time             : 0.642 s
  Time to train epoch     : 11.029 s


Statistics:
  fps step                    : 16,004
  fps step + policy inference : 15,773
  fps total                   : 14,855
  epoch                       : 33 / 1,000
  frames                      : 5,406,720


Policy 0: saving next best rewards:  [-234.22]
=> saving checkpoint 'runs/expert_row5_seed2810/nn/expert_row5_seed2810.pth'

Timing:
  Play time               : 10.374 s
  Update time             : 0.644 s
  Time to train epoch     : 11.018 s


Statistics:
  fps step                    : 16,008
  fps step + policy inference : 15,793
  fps total                   : 14,870
  epoch                       : 34 / 1,000
  frames                      : 5,570,560


Policy 0: 
Timing:
  Play time               : 10.385 s
  Update time             : 0.752 s
  Time to train epoch     : 11.137 s


Statistics:
  fps step                    : 15,992
  fps step + policy inference : 15,777
  fps total                   : 14,711
  epoch                       : 35 / 1,000
  frames                      : 5,734,400


Policy 0: 
Timing:
  Play time               : 10.356 s
  Update time             : 0.770 s
  Time to train epoch     : 11.126 s


Statistics:
  fps step                    : 16,023
  fps step + policy inference : 15,820
  fps total                   : 14,726
  epoch                       : 36 / 1,000
  frames                      : 5,898,240


Policy 0: saving next best rewards:  [-233.93]
=> saving checkpoint 'runs/expert_row5_seed2810/nn/expert_row5_seed2810.pth'

Timing:
  Play time               : 10.348 s
  Update time             : 0.651 s
  Time to train epoch     : 10.999 s


Statistics:
  fps step                    : 16,037
  fps step + policy inference : 15,833
  fps total                   : 14,896
  epoch                       : 37 / 1,000
  frames                      : 6,062,080


Policy 0: saving next best rewards:  [-233.77]
=> saving checkpoint 'runs/expert_row5_seed2810/nn/expert_row5_seed2810.pth'

Timing:
  Play time               : 10.163 s
  Update time             : 0.667 s
  Time to train epoch     : 10.831 s


Statistics:
  fps step                    : 16,599
  fps step + policy inference : 16,120
  fps total                   : 15,127
  epoch                       : 38 / 1,000
  frames                      : 6,225,920


Policy 0: saving next best rewards:  [-142.32]
=> saving checkpoint 'runs/expert_row5_seed2810/nn/expert_row5_seed2810.pth'

Timing:
  Play time               : 9.628 s
  Update time             : 0.662 s
  Time to train epoch     : 10.290 s


Statistics:
  fps step                    : 17,260
  fps step + policy inference : 17,016
  fps total                   : 15,922
  epoch                       : 39 / 1,000
  frames                      : 6,389,760


Policy 0: saving next best rewards:  [-141.96]
=> saving checkpoint 'runs/expert_row5_seed2810/nn/expert_row5_seed2810.pth'

Timing:
  Play time               : 9.711 s
  Update time             : 0.800 s
  Time to train epoch     : 10.511 s


Statistics:
  fps step                    : 17,130
  fps step + policy inference : 16,871
  fps total                   : 15,587
  epoch                       : 40 / 1,000
  frames                      : 6,553,600


Policy 0: saving next best rewards:  [-139.47]
=> saving checkpoint 'runs/expert_row5_seed2810/nn/expert_row5_seed2810.pth'

Timing:
  Play time               : 10.140 s
  Update time             : 0.878 s
  Time to train epoch     : 11.019 s


Statistics:
  fps step                    : 16,396
  fps step + policy inference : 16,157
  fps total                   : 14,869
  epoch                       : 41 / 1,000
  frames                      : 6,717,440


Policy 0: saving next best rewards:  [-137.68]
=> saving checkpoint 'runs/expert_row5_seed2810/nn/expert_row5_seed2810.pth'

Timing:
  Play time               : 10.505 s
  Update time             : 0.896 s
  Time to train epoch     : 11.400 s


Statistics:
  fps step                    : 15,838
  fps step + policy inference : 15,597
  fps total                   : 14,372
  epoch                       : 42 / 1,000
  frames                      : 6,881,280


Policy 0: saving next best rewards:  [-132.73]
=> saving checkpoint 'runs/expert_row5_seed2810/nn/expert_row5_seed2810.pth'

Timing:
  Play time               : 10.240 s
  Update time             : 0.848 s
  Time to train epoch     : 11.088 s


Statistics:
  fps step                    : 16,245
  fps step + policy inference : 16,000
  fps total                   : 14,776
  epoch                       : 43 / 1,000
  frames                      : 7,045,120


Policy 0: saving next best rewards:  [-128.94]
=> saving checkpoint 'runs/expert_row5_seed2810/nn/expert_row5_seed2810.pth'

Timing:
  Play time               : 10.166 s
  Update time             : 0.841 s
  Time to train epoch     : 11.007 s


Statistics:
  fps step                    : 16,370
  fps step + policy inference : 16,117
  fps total                   : 14,885
  epoch                       : 44 / 1,000
  frames                      : 7,208,960


Policy 0: saving next best rewards:  [-123.45]
=> saving checkpoint 'runs/expert_row5_seed2810/nn/expert_row5_seed2810.pth'

Timing:
  Play time               : 10.273 s
  Update time             : 0.838 s
  Time to train epoch     : 11.111 s


Statistics:
  fps step                    : 16,190
  fps step + policy inference : 15,948
  fps total                   : 14,745
  epoch                       : 45 / 1,000
  frames                      : 7,372,800


Policy 0: saving next best rewards:  [-119.97]
=> saving checkpoint 'runs/expert_row5_seed2810/nn/expert_row5_seed2810.pth'

Timing:
  Play time               : 10.296 s
  Update time             : 0.904 s
  Time to train epoch     : 11.200 s


Statistics:
  fps step                    : 16,158
  fps step + policy inference : 15,913
  fps total                   : 14,629
  epoch                       : 46 / 1,000
  frames                      : 7,536,640


Policy 0: saving next best rewards:  [-115.36]
=> saving checkpoint 'runs/expert_row5_seed2810/nn/expert_row5_seed2810.pth'

Timing:
  Play time               : 10.292 s
  Update time             : 0.894 s
  Time to train epoch     : 11.186 s


Statistics:
  fps step                    : 16,156
  fps step + policy inference : 15,919
  fps total                   : 14,647
  epoch                       : 47 / 1,000
  frames                      : 7,700,480


Policy 0: saving next best rewards:  [-112.51]
=> saving checkpoint 'runs/expert_row5_seed2810/nn/expert_row5_seed2810.pth'

Timing:
  Play time               : 10.450 s
  Update time             : 0.813 s
  Time to train epoch     : 11.263 s


Statistics:
  fps step                    : 15,898
  fps step + policy inference : 15,679
  fps total                   : 14,547
  epoch                       : 48 / 1,000
  frames                      : 7,864,320


Policy 0: saving next best rewards:  [-111.05]
=> saving checkpoint 'runs/expert_row5_seed2810/nn/expert_row5_seed2810.pth'

Timing:
  Play time               : 10.370 s
  Update time             : 0.698 s
  Time to train epoch     : 11.067 s


Statistics:
  fps step                    : 16,020
  fps step + policy inference : 15,800
  fps total                   : 14,804
  epoch                       : 49 / 1,000
  frames                      : 8,028,160


Policy 0: saving next best rewards:  [-110.32]
=> saving checkpoint 'runs/expert_row5_seed2810/nn/expert_row5_seed2810.pth'

Timing:
  Play time               : 10.243 s
  Update time             : 0.640 s
  Time to train epoch     : 10.882 s


Statistics:
  fps step                    : 16,205
  fps step + policy inference : 15,996
  fps total                   : 15,056
  epoch                       : 50 / 1,000
  frames                      : 8,192,000


Policy 0: 
Timing:
  Play time               : 10.285 s
  Update time             : 0.659 s
  Time to train epoch     : 10.944 s


Statistics:
  fps step                    : 16,136
  fps step + policy inference : 15,930
  fps total                   : 14,970
  epoch                       : 51 / 1,000
  frames                      : 8,355,840


Policy 0: 
Timing:
  Play time               : 10.055 s
  Update time             : 0.683 s
  Time to train epoch     : 10.738 s


Statistics:
  fps step                    : 16,512
  fps step + policy inference : 16,295
  fps total                   : 15,258
  epoch                       : 52 / 1,000
  frames                      : 8,519,680


Policy 0: saving next best rewards:  [-110.23]
=> saving checkpoint 'runs/expert_row5_seed2810/nn/expert_row5_seed2810.pth'

Timing:
  Play time               : 10.081 s
  Update time             : 0.779 s
  Time to train epoch     : 10.859 s


Statistics:
  fps step                    : 16,466
  fps step + policy inference : 16,253
  fps total                   : 15,088
  epoch                       : 53 / 1,000
  frames                      : 8,683,520


Policy 0: 
Timing:
  Play time               : 10.379 s
  Update time             : 0.761 s
  Time to train epoch     : 11.140 s


Statistics:
  fps step                    : 15,989
  fps step + policy inference : 15,786
  fps total                   : 14,707
  epoch                       : 54 / 1,000
  frames                      : 8,847,360


Policy 0: 
Timing:
  Play time               : 10.419 s
  Update time             : 0.638 s
  Time to train epoch     : 11.057 s


Statistics:
  fps step                    : 15,932
  fps step + policy inference : 15,726
  fps total                   : 14,818
  epoch                       : 55 / 1,000
  frames                      : 9,011,200


Policy 0: saving next best rewards:  [-109.8]
=> saving checkpoint 'runs/expert_row5_seed2810/nn/expert_row5_seed2810.pth'

Timing:
  Play time               : 10.481 s
  Update time             : 0.639 s
  Time to train epoch     : 11.121 s


Statistics:
  fps step                    : 15,836
  fps step + policy inference : 15,632
  fps total                   : 14,733
  epoch                       : 56 / 1,000
  frames                      : 9,175,040


Policy 0: 
Timing:
  Play time               : 9.895 s
  Update time             : 0.648 s
  Time to train epoch     : 10.543 s


Statistics:
  fps step                    : 17,068
  fps step + policy inference : 16,558
  fps total                   : 15,540
  epoch                       : 57 / 1,000
  frames                      : 9,338,880


Policy 0: saving next best rewards:  [-73.37]
=> saving checkpoint 'runs/expert_row5_seed2810/nn/expert_row5_seed2810.pth'

Timing:
  Play time               : 9.747 s
  Update time             : 0.708 s
  Time to train epoch     : 10.454 s


Statistics:
  fps step                    : 17,057
  fps step + policy inference : 16,810
  fps total                   : 15,672
  epoch                       : 58 / 1,000
  frames                      : 9,502,720


Policy 0: saving next best rewards:  [-72.5]
=> saving checkpoint 'runs/expert_row5_seed2810/nn/expert_row5_seed2810.pth'

Timing:
  Play time               : 10.043 s
  Update time             : 0.864 s
  Time to train epoch     : 10.907 s


Statistics:
  fps step                    : 16,552
  fps step + policy inference : 16,314
  fps total                   : 15,021
  epoch                       : 59 / 1,000
  frames                      : 9,666,560


Policy 0: saving next best rewards:  [-71.6]
=> saving checkpoint 'runs/expert_row5_seed2810/nn/expert_row5_seed2810.pth'

Timing:
  Play time               : 10.215 s
  Update time             : 0.897 s
  Time to train epoch     : 11.113 s


Statistics:
  fps step                    : 16,272
  fps step + policy inference : 16,038
  fps total                   : 14,744
  epoch                       : 60 / 1,000
  frames                      : 9,830,400


Policy 0: saving next best rewards:  [-70.13]
=> saving checkpoint 'runs/expert_row5_seed2810/nn/expert_row5_seed2810.pth'

Timing:
  Play time               : 10.377 s
  Update time             : 0.892 s
  Time to train epoch     : 11.269 s


Statistics:
  fps step                    : 16,026
  fps step + policy inference : 15,789
  fps total                   : 14,539
  epoch                       : 61 / 1,000
  frames                      : 9,994,240


Policy 0: saving next best rewards:  [-67.54]
=> saving checkpoint 'runs/expert_row5_seed2810/nn/expert_row5_seed2810.pth'

Timing:
  Play time               : 10.313 s
  Update time             : 0.810 s
  Time to train epoch     : 11.123 s


Statistics:
  fps step                    : 16,126
  fps step + policy inference : 15,887
  fps total                   : 14,730
  epoch                       : 62 / 1,000
  frames                      : 10,158,080


Policy 0: saving next best rewards:  [-65.22]
=> saving checkpoint 'runs/expert_row5_seed2810/nn/expert_row5_seed2810.pth'

Timing:
  Play time               : 10.183 s
  Update time             : 0.830 s
  Time to train epoch     : 11.013 s


Statistics:
  fps step                    : 16,336
  fps step + policy inference : 16,090
  fps total                   : 14,877
  epoch                       : 63 / 1,000
  frames                      : 10,321,920


Policy 0: saving next best rewards:  [-62.36]
=> saving checkpoint 'runs/expert_row5_seed2810/nn/expert_row5_seed2810.pth'

Timing:
  Play time               : 10.222 s
  Update time             : 0.810 s
  Time to train epoch     : 11.032 s


Statistics:
  fps step                    : 16,270
  fps step + policy inference : 16,028
  fps total                   : 14,852
  epoch                       : 64 / 1,000
  frames                      : 10,485,760


Policy 0: saving next best rewards:  [-59.67]
=> saving checkpoint 'runs/expert_row5_seed2810/nn/expert_row5_seed2810.pth'

Timing:
  Play time               : 10.060 s
  Update time             : 0.844 s
  Time to train epoch     : 10.903 s


Statistics:
  fps step                    : 16,534
  fps step + policy inference : 16,287
  fps total                   : 15,027
  epoch                       : 65 / 1,000
  frames                      : 10,649,600


Policy 0: saving next best rewards:  [-57.58]
=> saving checkpoint 'runs/expert_row5_seed2810/nn/expert_row5_seed2810.pth'

Timing:
  Play time               : 10.222 s
  Update time             : 0.860 s
  Time to train epoch     : 11.082 s


Statistics:
  fps step                    : 16,261
  fps step + policy inference : 16,028
  fps total                   : 14,784
  epoch                       : 66 / 1,000
  frames                      : 10,813,440


Policy 0: saving next best rewards:  [-56.34]
=> saving checkpoint 'runs/expert_row5_seed2810/nn/expert_row5_seed2810.pth'

Timing:
  Play time               : 10.365 s
  Update time             : 0.858 s
  Time to train epoch     : 11.222 s


Statistics:
  fps step                    : 16,035
  fps step + policy inference : 15,807
  fps total                   : 14,599
  epoch                       : 67 / 1,000
  frames                      : 10,977,280


Policy 0: saving next best rewards:  [-55.63]
=> saving checkpoint 'runs/expert_row5_seed2810/nn/expert_row5_seed2810.pth'

Timing:
  Play time               : 10.365 s
  Update time             : 0.734 s
  Time to train epoch     : 11.099 s


Statistics:
  fps step                    : 16,026
  fps step + policy inference : 15,808
  fps total                   : 14,762
  epoch                       : 68 / 1,000
  frames                      : 11,141,120


Policy 0: saving next best rewards:  [-55.38]
=> saving checkpoint 'runs/expert_row5_seed2810/nn/expert_row5_seed2810.pth'

Timing:
  Play time               : 10.196 s
  Update time             : 0.643 s
  Time to train epoch     : 10.839 s


Statistics:
  fps step                    : 16,285
  fps step + policy inference : 16,069
  fps total                   : 15,116
  epoch                       : 69 / 1,000
  frames                      : 11,304,960


Policy 0: 
Timing:
  Play time               : 10.096 s
  Update time             : 0.631 s
  Time to train epoch     : 10.727 s


Statistics:
  fps step                    : 16,448
  fps step + policy inference : 16,228
  fps total                   : 15,273
  epoch                       : 70 / 1,000
  frames                      : 11,468,800


Policy 0: 
Timing:
  Play time               : 10.103 s
  Update time             : 0.639 s
  Time to train epoch     : 10.741 s


Statistics:
  fps step                    : 16,442
  fps step + policy inference : 16,217
  fps total                   : 15,253
  epoch                       : 71 / 1,000
  frames                      : 11,632,640


Policy 0: saving next best rewards:  [-55.37]
=> saving checkpoint 'runs/expert_row5_seed2810/nn/expert_row5_seed2810.pth'

Timing:
  Play time               : 9.845 s
  Update time             : 0.670 s
  Time to train epoch     : 10.516 s


Statistics:
  fps step                    : 16,864
  fps step + policy inference : 16,641
  fps total                   : 15,580
  epoch                       : 72 / 1,000
  frames                      : 11,796,480


Policy 0: 
Timing:
  Play time               : 9.906 s
  Update time             : 0.727 s
  Time to train epoch     : 10.634 s


Statistics:
  fps step                    : 16,762
  fps step + policy inference : 16,539
  fps total                   : 15,408
  epoch                       : 73 / 1,000
  frames                      : 11,960,320


Policy 0: saving next best rewards:  [-55.31]
=> saving checkpoint 'runs/expert_row5_seed2810/nn/expert_row5_seed2810.pth'

Timing:
  Play time               : 9.975 s
  Update time             : 0.742 s
  Time to train epoch     : 10.717 s


Statistics:
  fps step                    : 16,651
  fps step + policy inference : 16,426
  fps total                   : 15,288
  epoch                       : 74 / 1,000
  frames                      : 12,124,160


Policy 0: saving next best rewards:  [-55.09]
=> saving checkpoint 'runs/expert_row5_seed2810/nn/expert_row5_seed2810.pth'

Timing:
  Play time               : 10.144 s
  Update time             : 0.702 s
  Time to train epoch     : 10.846 s


Statistics:
  fps step                    : 16,634
  fps step + policy inference : 16,152
  fps total                   : 15,106
  epoch                       : 75 / 1,000
  frames                      : 12,288,000


Policy 0: saving next best rewards:  [-25.91]
=> saving checkpoint 'runs/expert_row5_seed2810/nn/expert_row5_seed2810.pth'

Timing:
  Play time               : 9.803 s
  Update time             : 0.664 s
  Time to train epoch     : 10.467 s


Statistics:
  fps step                    : 16,953
  fps step + policy inference : 16,714
  fps total                   : 15,653
  epoch                       : 76 / 1,000
  frames                      : 12,451,840


Policy 0: saving next best rewards:  [-25.68]
=> saving checkpoint 'runs/expert_row5_seed2810/nn/expert_row5_seed2810.pth'

Timing:
  Play time               : 10.317 s
  Update time             : 0.728 s
  Time to train epoch     : 11.045 s


Statistics:
  fps step                    : 16,115
  fps step + policy inference : 15,880
  fps total                   : 14,834
  epoch                       : 77 / 1,000
  frames                      : 12,615,680


Policy 0: 
Timing:
  Play time               : 10.236 s
  Update time             : 0.766 s
  Time to train epoch     : 11.003 s


Statistics:
  fps step                    : 16,248
  fps step + policy inference : 16,006
  fps total                   : 14,891
  epoch                       : 78 / 1,000
  frames                      : 12,779,520


Policy 0: saving next best rewards:  [-25.22]
=> saving checkpoint 'runs/expert_row5_seed2810/nn/expert_row5_seed2810.pth'

Timing:
  Play time               : 9.966 s
  Update time             : 0.790 s
  Time to train epoch     : 10.756 s


Statistics:
  fps step                    : 16,704
  fps step + policy inference : 16,441
  fps total                   : 15,233
  epoch                       : 79 / 1,000
  frames                      : 12,943,360


Policy 0: saving next best rewards:  [-23.71]
=> saving checkpoint 'runs/expert_row5_seed2810/nn/expert_row5_seed2810.pth'

Timing:
  Play time               : 9.751 s
  Update time             : 0.893 s
  Time to train epoch     : 10.644 s


Statistics:
  fps step                    : 17,087
  fps step + policy inference : 16,802
  fps total                   : 15,392
  epoch                       : 80 / 1,000
  frames                      : 13,107,200


Policy 0: saving next best rewards:  [-21.55]
=> saving checkpoint 'runs/expert_row5_seed2810/nn/expert_row5_seed2810.pth'

Timing:
  Play time               : 9.692 s
  Update time             : 0.894 s
  Time to train epoch     : 10.587 s


Statistics:
  fps step                    : 17,186
  fps step + policy inference : 16,904
  fps total                   : 15,476
  epoch                       : 81 / 1,000
  frames                      : 13,271,040


Policy 0: saving next best rewards:  [-19.38]
=> saving checkpoint 'runs/expert_row5_seed2810/nn/expert_row5_seed2810.pth'

Timing:
  Play time               : 9.986 s
  Update time             : 1.006 s
  Time to train epoch     : 10.992 s


Statistics:
  fps step                    : 16,694
  fps step + policy inference : 16,407
  fps total                   : 14,905
  epoch                       : 82 / 1,000
  frames                      : 13,434,880


Policy 0: saving next best rewards:  [-17.25]
=> saving checkpoint 'runs/expert_row5_seed2810/nn/expert_row5_seed2810.pth'

Timing:
  Play time               : 10.046 s
  Update time             : 1.127 s
  Time to train epoch     : 11.173 s


Statistics:
  fps step                    : 16,604
  fps step + policy inference : 16,309
  fps total                   : 14,664
  epoch                       : 83 / 1,000
  frames                      : 13,598,720


Policy 0: saving next best rewards:  [-14.8]
=> saving checkpoint 'runs/expert_row5_seed2810/nn/expert_row5_seed2810.pth'

Timing:
  Play time               : 10.043 s
  Update time             : 0.985 s
  Time to train epoch     : 11.028 s


Statistics:
  fps step                    : 16,610
  fps step + policy inference : 16,315
  fps total                   : 14,857
  epoch                       : 84 / 1,000
  frames                      : 13,762,560


Policy 0: saving next best rewards:  [-13.57]
=> saving checkpoint 'runs/expert_row5_seed2810/nn/expert_row5_seed2810.pth'

Timing:
  Play time               : 9.991 s
  Update time             : 0.989 s
  Time to train epoch     : 10.980 s


Statistics:
  fps step                    : 16,685
  fps step + policy inference : 16,398
  fps total                   : 14,921
  epoch                       : 85 / 1,000
  frames                      : 13,926,400


Policy 0: saving next best rewards:  [-12.73]
=> saving checkpoint 'runs/expert_row5_seed2810/nn/expert_row5_seed2810.pth'

Timing:
  Play time               : 9.887 s
  Update time             : 0.896 s
  Time to train epoch     : 10.783 s


Statistics:
  fps step                    : 16,847
  fps step + policy inference : 16,571
  fps total                   : 15,194
  epoch                       : 86 / 1,000
  frames                      : 14,090,240


Policy 0: saving next best rewards:  [-12.24]
=> saving checkpoint 'runs/expert_row5_seed2810/nn/expert_row5_seed2810.pth'

Timing:
  Play time               : 9.898 s
  Update time             : 0.992 s
  Time to train epoch     : 10.891 s


Statistics:
  fps step                    : 16,824
  fps step + policy inference : 16,552
  fps total                   : 15,044
  epoch                       : 87 / 1,000
  frames                      : 14,254,080


Policy 0: saving next best rewards:  [-12.02]
=> saving checkpoint 'runs/expert_row5_seed2810/nn/expert_row5_seed2810.pth'

Timing:
  Play time               : 9.784 s
  Update time             : 0.805 s
  Time to train epoch     : 10.588 s


Statistics:
  fps step                    : 17,014
  fps step + policy inference : 16,746
  fps total                   : 15,474
  epoch                       : 88 / 1,000
  frames                      : 14,417,920


Policy 0: 
Timing:
  Play time               : 9.692 s
  Update time             : 0.802 s
  Time to train epoch     : 10.494 s


Statistics:
  fps step                    : 17,140
  fps step + policy inference : 16,905
  fps total                   : 15,613
  epoch                       : 89 / 1,000
  frames                      : 14,581,760


Policy 0: 
Timing:
  Play time               : 9.789 s
  Update time             : 0.860 s
  Time to train epoch     : 10.649 s


Statistics:
  fps step                    : 17,007
  fps step + policy inference : 16,737
  fps total                   : 15,385
  epoch                       : 90 / 1,000
  frames                      : 14,745,600


Policy 0: 
Timing:
  Play time               : 9.891 s
  Update time             : 0.791 s
  Time to train epoch     : 10.682 s


Statistics:
  fps step                    : 16,848
  fps step + policy inference : 16,565
  fps total                   : 15,338
  epoch                       : 91 / 1,000
  frames                      : 14,909,440


Policy 0: 
Timing:
  Play time               : 9.780 s
  Update time             : 0.792 s
  Time to train epoch     : 10.572 s


Statistics:
  fps step                    : 17,016
  fps step + policy inference : 16,753
  fps total                   : 15,498
  epoch                       : 92 / 1,000
  frames                      : 15,073,280


Policy 0: 
Timing:
  Play time               : 9.781 s
  Update time             : 0.796 s
  Time to train epoch     : 10.577 s


Statistics:
  fps step                    : 17,023
  fps step + policy inference : 16,751
  fps total                   : 15,490
  epoch                       : 93 / 1,000
  frames                      : 15,237,120


Policy 0: saving next best rewards:  [-11.88]
=> saving checkpoint 'runs/expert_row5_seed2810/nn/expert_row5_seed2810.pth'

Timing:
  Play time               : 10.081 s
  Update time             : 0.829 s
  Time to train epoch     : 10.909 s


Statistics:
  fps step                    : 16,786
  fps step + policy inference : 16,252
  fps total                   : 15,018
  epoch                       : 94 / 1,000
  frames                      : 15,400,960


Policy 0: saving next best rewards:  [8.91]
=> saving checkpoint 'runs/expert_row5_seed2810/nn/expert_row5_seed2810.pth'

Timing:
  Play time               : 9.747 s
  Update time             : 0.879 s
  Time to train epoch     : 10.627 s


Statistics:
  fps step                    : 17,088
  fps step + policy inference : 16,809
  fps total                   : 15,418
  epoch                       : 95 / 1,000
  frames                      : 15,564,800


Policy 0: saving next best rewards:  [9.07]
=> saving checkpoint 'runs/expert_row5_seed2810/nn/expert_row5_seed2810.pth'

Timing:
  Play time               : 9.759 s
  Update time             : 0.880 s
  Time to train epoch     : 10.639 s


Statistics:
  fps step                    : 17,071
  fps step + policy inference : 16,789
  fps total                   : 15,400
  epoch                       : 96 / 1,000
  frames                      : 15,728,640


Policy 0: saving next best rewards:  [9.77]
=> saving checkpoint 'runs/expert_row5_seed2810/nn/expert_row5_seed2810.pth'

Timing:
  Play time               : 9.745 s
  Update time             : 0.857 s
  Time to train epoch     : 10.602 s


Statistics:
  fps step                    : 17,066
  fps step + policy inference : 16,812
  fps total                   : 15,453
  epoch                       : 97 / 1,000
  frames                      : 15,892,480


Policy 0: saving next best rewards:  [10.39]
=> saving checkpoint 'runs/expert_row5_seed2810/nn/expert_row5_seed2810.pth'

Timing:
  Play time               : 10.036 s
  Update time             : 1.019 s
  Time to train epoch     : 11.055 s


Statistics:
  fps step                    : 16,617
  fps step + policy inference : 16,325
  fps total                   : 14,820
  epoch                       : 98 / 1,000
  frames                      : 16,056,320


Policy 0: saving next best rewards:  [11.73]
=> saving checkpoint 'runs/expert_row5_seed2810/nn/expert_row5_seed2810.pth'

Timing:
  Play time               : 9.995 s
  Update time             : 1.031 s
  Time to train epoch     : 11.026 s


Statistics:
  fps step                    : 16,689
  fps step + policy inference : 16,393
  fps total                   : 14,860
  epoch                       : 99 / 1,000
  frames                      : 16,220,160


Policy 0: saving next best rewards:  [13.47]
=> saving checkpoint 'runs/expert_row5_seed2810/nn/expert_row5_seed2810.pth'

Timing:
  Play time               : 10.152 s
  Update time             : 1.023 s
  Time to train epoch     : 11.175 s


Statistics:
  fps step                    : 16,416
  fps step + policy inference : 16,139
  fps total                   : 14,661
  epoch                       : 100 / 1,000
  frames                      : 16,384,000


Policy 0: saving next best rewards:  [15.32]
=> saving checkpoint 'runs/expert_row5_seed2810/nn/expert_row5_seed2810.pth'

Timing:
  Play time               : 10.158 s
  Update time             : 1.102 s
  Time to train epoch     : 11.260 s


Statistics:
  fps step                    : 16,417
  fps step + policy inference : 16,130
  fps total                   : 14,551
  epoch                       : 101 / 1,000
  frames                      : 16,547,840


Policy 0: saving next best rewards:  [16.99]
=> saving checkpoint 'runs/expert_row5_seed2810/nn/expert_row5_seed2810.pth'

Timing:
  Play time               : 10.464 s
  Update time             : 1.031 s
  Time to train epoch     : 11.496 s


Statistics:
  fps step                    : 15,920
  fps step + policy inference : 15,657
  fps total                   : 14,252
  epoch                       : 102 / 1,000
  frames                      : 16,711,680


Policy 0: saving next best rewards:  [18.89]
=> saving checkpoint 'runs/expert_row5_seed2810/nn/expert_row5_seed2810.pth'

Timing:
  Play time               : 10.295 s
  Update time             : 0.975 s
  Time to train epoch     : 11.270 s


Statistics:
  fps step                    : 16,198
  fps step + policy inference : 15,914
  fps total                   : 14,538
  epoch                       : 103 / 1,000
  frames                      : 16,875,520


Policy 0: saving next best rewards:  [20.01]
=> saving checkpoint 'runs/expert_row5_seed2810/nn/expert_row5_seed2810.pth'

Timing:
  Play time               : 10.298 s
  Update time             : 0.907 s
  Time to train epoch     : 11.205 s


Statistics:
  fps step                    : 16,150
  fps step + policy inference : 15,910
  fps total                   : 14,622
  epoch                       : 104 / 1,000
  frames                      : 17,039,360


Policy 0: saving next best rewards:  [20.52]
=> saving checkpoint 'runs/expert_row5_seed2810/nn/expert_row5_seed2810.pth'

Timing:
  Play time               : 10.376 s
  Update time             : 0.915 s
  Time to train epoch     : 11.291 s


Statistics:
  fps step                    : 16,038
  fps step + policy inference : 15,791
  fps total                   : 14,511
  epoch                       : 105 / 1,000
  frames                      : 17,203,200


Policy 0: saving next best rewards:  [20.84]
=> saving checkpoint 'runs/expert_row5_seed2810/nn/expert_row5_seed2810.pth'

Timing:
  Play time               : 10.367 s
  Update time             : 0.813 s
  Time to train epoch     : 11.179 s


Statistics:
  fps step                    : 16,049
  fps step + policy inference : 15,804
  fps total                   : 14,656
  epoch                       : 106 / 1,000
  frames                      : 17,367,040


Policy 0: saving next best rewards:  [21.]
=> saving checkpoint 'runs/expert_row5_seed2810/nn/expert_row5_seed2810.pth'

Timing:
  Play time               : 10.236 s
  Update time             : 0.817 s
  Time to train epoch     : 11.052 s


Statistics:
  fps step                    : 16,246
  fps step + policy inference : 16,007
  fps total                   : 14,824
  epoch                       : 107 / 1,000
  frames                      : 17,530,880


Policy 0: 
Timing:
  Play time               : 10.253 s
  Update time             : 0.792 s
  Time to train epoch     : 11.044 s


Statistics:
  fps step                    : 16,221
  fps step + policy inference : 15,980
  fps total                   : 14,835
  epoch                       : 108 / 1,000
  frames                      : 17,694,720


Policy 0: saving next best rewards:  [21.06]
=> saving checkpoint 'runs/expert_row5_seed2810/nn/expert_row5_seed2810.pth'

Timing:
  Play time               : 10.099 s
  Update time             : 0.703 s
  Time to train epoch     : 10.802 s


Statistics:
  fps step                    : 16,466
  fps step + policy inference : 16,223
  fps total                   : 15,167
  epoch                       : 109 / 1,000
  frames                      : 17,858,560


Policy 0: 
Timing:
  Play time               : 10.266 s
  Update time             : 0.793 s
  Time to train epoch     : 11.059 s


Statistics:
  fps step                    : 16,195
  fps step + policy inference : 15,959
  fps total                   : 14,815
  epoch                       : 110 / 1,000
  frames                      : 18,022,400


Policy 0: saving next best rewards:  [21.09]
=> saving checkpoint 'runs/expert_row5_seed2810/nn/expert_row5_seed2810.pth'

Timing:
  Play time               : 10.213 s
  Update time             : 0.795 s
  Time to train epoch     : 11.008 s


Statistics:
  fps step                    : 16,286
  fps step + policy inference : 16,043
  fps total                   : 14,884
  epoch                       : 111 / 1,000
  frames                      : 18,186,240


Policy 0: saving next best rewards:  [21.25]
=> saving checkpoint 'runs/expert_row5_seed2810/nn/expert_row5_seed2810.pth'

Timing:
  Play time               : 10.090 s
  Update time             : 0.641 s
  Time to train epoch     : 10.731 s


Statistics:
  fps step                    : 16,458
  fps step + policy inference : 16,238
  fps total                   : 15,268
  epoch                       : 112 / 1,000
  frames                      : 18,350,080


Policy 0: saving next best rewards:  [21.44]
=> saving checkpoint 'runs/expert_row5_seed2810/nn/expert_row5_seed2810.pth'

Timing:
  Play time               : 10.558 s
  Update time             : 0.818 s
  Time to train epoch     : 11.377 s


Statistics:
  fps step                    : 16,006
  fps step + policy inference : 15,518
  fps total                   : 14,401
  epoch                       : 113 / 1,000
  frames                      : 18,513,920


Policy 0: saving next best rewards:  [38.2]
=> saving checkpoint 'runs/expert_row5_seed2810/nn/expert_row5_seed2810.pth'

Timing:
  Play time               : 10.431 s
  Update time             : 0.861 s
  Time to train epoch     : 11.292 s


Statistics:
  fps step                    : 15,947
  fps step + policy inference : 15,707
  fps total                   : 14,510
  epoch                       : 114 / 1,000
  frames                      : 18,677,760


Policy 0: saving next best rewards:  [38.44]
=> saving checkpoint 'runs/expert_row5_seed2810/nn/expert_row5_seed2810.pth'

Timing:
  Play time               : 10.425 s
  Update time             : 0.916 s
  Time to train epoch     : 11.341 s


Statistics:
  fps step                    : 15,973
  fps step + policy inference : 15,716
  fps total                   : 14,447
  epoch                       : 115 / 1,000
  frames                      : 18,841,600


Policy 0: saving next best rewards:  [39.12]
=> saving checkpoint 'runs/expert_row5_seed2810/nn/expert_row5_seed2810.pth'

Timing:
  Play time               : 10.493 s
  Update time             : 0.926 s
  Time to train epoch     : 11.419 s


Statistics:
  fps step                    : 15,867
  fps step + policy inference : 15,615
  fps total                   : 14,348
  epoch                       : 116 / 1,000
  frames                      : 19,005,440


Policy 0: saving next best rewards:  [39.71]
=> saving checkpoint 'runs/expert_row5_seed2810/nn/expert_row5_seed2810.pth'

Timing:
  Play time               : 10.414 s
  Update time             : 0.924 s
  Time to train epoch     : 11.338 s


Statistics:
  fps step                    : 15,993
  fps step + policy inference : 15,733
  fps total                   : 14,450
  epoch                       : 117 / 1,000
  frames                      : 19,169,280


Policy 0: saving next best rewards:  [41.13]
=> saving checkpoint 'runs/expert_row5_seed2810/nn/expert_row5_seed2810.pth'

Timing:
  Play time               : 10.398 s
  Update time             : 1.012 s
  Time to train epoch     : 11.411 s


Statistics:
  fps step                    : 16,018
  fps step + policy inference : 15,757
  fps total                   : 14,359
  epoch                       : 118 / 1,000
  frames                      : 19,333,120


Policy 0: 
Timing:
  Play time               : 10.163 s
  Update time             : 1.005 s
  Time to train epoch     : 11.168 s


Statistics:
  fps step                    : 16,408
  fps step + policy inference : 16,122
  fps total                   : 14,670
  epoch                       : 119 / 1,000
  frames                      : 19,496,960


Policy 0: saving next best rewards:  [42.37]
=> saving checkpoint 'runs/expert_row5_seed2810/nn/expert_row5_seed2810.pth'

Timing:
  Play time               : 10.075 s
  Update time             : 0.947 s
  Time to train epoch     : 11.021 s


Statistics:
  fps step                    : 16,522
  fps step + policy inference : 16,262
  fps total                   : 14,866
  epoch                       : 120 / 1,000
  frames                      : 19,660,800


Policy 0: saving next best rewards:  [43.62]
=> saving checkpoint 'runs/expert_row5_seed2810/nn/expert_row5_seed2810.pth'

Timing:
  Play time               : 10.090 s
  Update time             : 1.054 s
  Time to train epoch     : 11.145 s


Statistics:
  fps step                    : 16,507
  fps step + policy inference : 16,238
  fps total                   : 14,701
  epoch                       : 121 / 1,000
  frames                      : 19,824,640


Policy 0: saving next best rewards:  [45.06]
=> saving checkpoint 'runs/expert_row5_seed2810/nn/expert_row5_seed2810.pth'

Timing:
  Play time               : 10.041 s
  Update time             : 0.856 s
  Time to train epoch     : 10.897 s


Statistics:
  fps step                    : 16,604
  fps step + policy inference : 16,317
  fps total                   : 15,035
  epoch                       : 122 / 1,000
  frames                      : 19,988,480


Policy 0: saving next best rewards:  [45.97]
=> saving checkpoint 'runs/expert_row5_seed2810/nn/expert_row5_seed2810.pth'

Timing:
  Play time               : 10.041 s
  Update time             : 0.924 s
  Time to train epoch     : 10.964 s


Statistics:
  fps step                    : 16,588
  fps step + policy inference : 16,318
  fps total                   : 14,943
  epoch                       : 123 / 1,000
  frames                      : 20,152,320


Policy 0: saving next best rewards:  [46.51]
=> saving checkpoint 'runs/expert_row5_seed2810/nn/expert_row5_seed2810.pth'

Timing:
  Play time               : 9.871 s
  Update time             : 0.864 s
  Time to train epoch     : 10.735 s


Statistics:
  fps step                    : 16,871
  fps step + policy inference : 16,598
  fps total                   : 15,262
  epoch                       : 124 / 1,000
  frames                      : 20,316,160


Policy 0: saving next best rewards:  [46.74]
=> saving checkpoint 'runs/expert_row5_seed2810/nn/expert_row5_seed2810.pth'

Timing:
  Play time               : 9.772 s
  Update time             : 0.813 s
  Time to train epoch     : 10.584 s


Statistics:
  fps step                    : 17,037
  fps step + policy inference : 16,767
  fps total                   : 15,480
  epoch                       : 125 / 1,000
  frames                      : 20,480,000


Policy 0: saving next best rewards:  [46.8]
=> saving checkpoint 'runs/expert_row5_seed2810/nn/expert_row5_seed2810.pth'

Timing:
  Play time               : 9.789 s
  Update time             : 0.798 s
  Time to train epoch     : 10.587 s


Statistics:
  fps step                    : 17,009
  fps step + policy inference : 16,736
  fps total                   : 15,476
  epoch                       : 126 / 1,000
  frames                      : 20,643,840


Policy 0: 
Timing:
  Play time               : 9.741 s
  Update time             : 0.802 s
  Time to train epoch     : 10.543 s


Statistics:
  fps step                    : 17,089
  fps step + policy inference : 16,819
  fps total                   : 15,540
  epoch                       : 127 / 1,000
  frames                      : 20,807,680


Policy 0: saving next best rewards:  [46.87]
=> saving checkpoint 'runs/expert_row5_seed2810/nn/expert_row5_seed2810.pth'

Timing:
  Play time               : 9.673 s
  Update time             : 0.704 s
  Time to train epoch     : 10.377 s


Statistics:
  fps step                    : 17,181
  fps step + policy inference : 16,938
  fps total                   : 15,788
  epoch                       : 128 / 1,000
  frames                      : 20,971,520


Policy 0: 
Timing:
  Play time               : 9.894 s
  Update time             : 0.734 s
  Time to train epoch     : 10.627 s


Statistics:
  fps step                    : 16,803
  fps step + policy inference : 16,560
  fps total                   : 15,417
  epoch                       : 129 / 1,000
  frames                      : 21,135,360


Policy 0: 
Timing:
  Play time               : 9.927 s
  Update time             : 0.803 s
  Time to train epoch     : 10.729 s


Statistics:
  fps step                    : 16,765
  fps step + policy inference : 16,505
  fps total                   : 15,270
  epoch                       : 130 / 1,000
  frames                      : 21,299,200


Policy 0: saving next best rewards:  [46.87]
=> saving checkpoint 'runs/expert_row5_seed2810/nn/expert_row5_seed2810.pth'

Timing:
  Play time               : 9.953 s
  Update time             : 0.761 s
  Time to train epoch     : 10.715 s


Statistics:
  fps step                    : 16,717
  fps step + policy inference : 16,461
  fps total                   : 15,291
  epoch                       : 131 / 1,000
  frames                      : 21,463,040


Policy 0: 
Timing:
  Play time               : 10.090 s
  Update time             : 0.725 s
  Time to train epoch     : 10.815 s


Statistics:
  fps step                    : 16,766
  fps step + policy inference : 16,238
  fps total                   : 15,149
  epoch                       : 132 / 1,000
  frames                      : 21,626,880


Policy 0: saving next best rewards:  [58.13]
=> saving checkpoint 'runs/expert_row5_seed2810/nn/expert_row5_seed2810.pth'

Timing:
  Play time               : 10.255 s
  Update time             : 0.893 s
  Time to train epoch     : 11.147 s


Statistics:
  fps step                    : 16,244
  fps step + policy inference : 15,977
  fps total                   : 14,698
  epoch                       : 133 / 1,000
  frames                      : 21,790,720


Policy 0: saving next best rewards:  [58.57]
=> saving checkpoint 'runs/expert_row5_seed2810/nn/expert_row5_seed2810.pth'

Timing:
  Play time               : 10.465 s
  Update time             : 0.926 s
  Time to train epoch     : 11.392 s


Statistics:
  fps step                    : 15,908
  fps step + policy inference : 15,655
  fps total                   : 14,383
  epoch                       : 134 / 1,000
  frames                      : 21,954,560


Policy 0: saving next best rewards:  [58.96]
=> saving checkpoint 'runs/expert_row5_seed2810/nn/expert_row5_seed2810.pth'

Timing:
  Play time               : 10.339 s
  Update time             : 0.972 s
  Time to train epoch     : 11.312 s


Statistics:
  fps step                    : 16,110
  fps step + policy inference : 15,846
  fps total                   : 14,484
  epoch                       : 135 / 1,000
  frames                      : 22,118,400


Policy 0: saving next best rewards:  [59.69]
=> saving checkpoint 'runs/expert_row5_seed2810/nn/expert_row5_seed2810.pth'

Timing:
  Play time               : 10.112 s
  Update time             : 0.972 s
  Time to train epoch     : 11.084 s


Statistics:
  fps step                    : 16,465
  fps step + policy inference : 16,202
  fps total                   : 14,781
  epoch                       : 136 / 1,000
  frames                      : 22,282,240


Policy 0: saving next best rewards:  [60.7]
=> saving checkpoint 'runs/expert_row5_seed2810/nn/expert_row5_seed2810.pth'

Timing:
  Play time               : 10.151 s
  Update time             : 0.994 s
  Time to train epoch     : 11.145 s


Statistics:
  fps step                    : 16,413
  fps step + policy inference : 16,141
  fps total                   : 14,701
  epoch                       : 137 / 1,000
  frames                      : 22,446,080


Policy 0: saving next best rewards:  [61.69]
=> saving checkpoint 'runs/expert_row5_seed2810/nn/expert_row5_seed2810.pth'

Timing:
  Play time               : 10.287 s
  Update time             : 1.004 s
  Time to train epoch     : 11.291 s


Statistics:
  fps step                    : 16,204
  fps step + policy inference : 15,927
  fps total                   : 14,511
  epoch                       : 138 / 1,000
  frames                      : 22,609,920


Policy 0: saving next best rewards:  [62.78]
=> saving checkpoint 'runs/expert_row5_seed2810/nn/expert_row5_seed2810.pth'

Timing:
  Play time               : 10.422 s
  Update time             : 1.007 s
  Time to train epoch     : 11.428 s


Statistics:
  fps step                    : 15,993
  fps step + policy inference : 15,721
  fps total                   : 14,336
  epoch                       : 139 / 1,000
  frames                      : 22,773,760


Policy 0: saving next best rewards:  [64.06]
=> saving checkpoint 'runs/expert_row5_seed2810/nn/expert_row5_seed2810.pth'

Timing:
  Play time               : 10.333 s
  Update time             : 0.976 s
  Time to train epoch     : 11.308 s


Statistics:
  fps step                    : 16,126
  fps step + policy inference : 15,857
  fps total                   : 14,488
  epoch                       : 140 / 1,000
  frames                      : 22,937,600


Policy 0: saving next best rewards:  [64.88]
=> saving checkpoint 'runs/expert_row5_seed2810/nn/expert_row5_seed2810.pth'

Timing:
  Play time               : 10.265 s
  Update time             : 0.951 s
  Time to train epoch     : 11.216 s


Statistics:
  fps step                    : 16,226
  fps step + policy inference : 15,961
  fps total                   : 14,608
  epoch                       : 141 / 1,000
  frames                      : 23,101,440


Policy 0: saving next best rewards:  [65.43]
=> saving checkpoint 'runs/expert_row5_seed2810/nn/expert_row5_seed2810.pth'

Timing:
  Play time               : 10.172 s
  Update time             : 0.905 s
  Time to train epoch     : 11.078 s


Statistics:
  fps step                    : 16,369
  fps step + policy inference : 16,106
  fps total                   : 14,790
  epoch                       : 142 / 1,000
  frames                      : 23,265,280


Policy 0: saving next best rewards:  [65.86]
=> saving checkpoint 'runs/expert_row5_seed2810/nn/expert_row5_seed2810.pth'

Timing:
  Play time               : 10.259 s
  Update time             : 0.839 s
  Time to train epoch     : 11.098 s


Statistics:
  fps step                    : 16,217
  fps step + policy inference : 15,971
  fps total                   : 14,764
  epoch                       : 143 / 1,000
  frames                      : 23,429,120


Policy 0: saving next best rewards:  [66.]
=> saving checkpoint 'runs/expert_row5_seed2810/nn/expert_row5_seed2810.pth'

Timing:
  Play time               : 10.105 s
  Update time             : 0.677 s
  Time to train epoch     : 10.781 s


Statistics:
  fps step                    : 16,432
  fps step + policy inference : 16,214
  fps total                   : 15,197
  epoch                       : 144 / 1,000
  frames                      : 23,592,960


Policy 0: saving next best rewards:  [66.06]
=> saving checkpoint 'runs/expert_row5_seed2810/nn/expert_row5_seed2810.pth'

Timing:
  Play time               : 10.251 s
  Update time             : 0.841 s
  Time to train epoch     : 11.092 s


Statistics:
  fps step                    : 16,229
  fps step + policy inference : 15,983
  fps total                   : 14,771
  epoch                       : 145 / 1,000
  frames                      : 23,756,800


Policy 0: 
Timing:
  Play time               : 10.111 s
  Update time             : 0.817 s
  Time to train epoch     : 10.928 s


Statistics:
  fps step                    : 16,456
  fps step + policy inference : 16,205
  fps total                   : 14,993
  epoch                       : 146 / 1,000
  frames                      : 23,920,640


Policy 0: saving next best rewards:  [66.1]
=> saving checkpoint 'runs/expert_row5_seed2810/nn/expert_row5_seed2810.pth'

Timing:
  Play time               : 10.117 s
  Update time             : 0.788 s
  Time to train epoch     : 10.905 s


Statistics:
  fps step                    : 16,440
  fps step + policy inference : 16,194
  fps total                   : 15,024
  epoch                       : 147 / 1,000
  frames                      : 24,084,480


Policy 0: saving next best rewards:  [66.15]
=> saving checkpoint 'runs/expert_row5_seed2810/nn/expert_row5_seed2810.pth'

Timing:
  Play time               : 10.133 s
  Update time             : 0.808 s
  Time to train epoch     : 10.942 s


Statistics:
  fps step                    : 16,435
  fps step + policy inference : 16,169
  fps total                   : 14,974
  epoch                       : 148 / 1,000
  frames                      : 24,248,320


Policy 0: saving next best rewards:  [66.25]
=> saving checkpoint 'runs/expert_row5_seed2810/nn/expert_row5_seed2810.pth'

Timing:
  Play time               : 10.186 s
  Update time             : 0.831 s
  Time to train epoch     : 11.016 s


Statistics:
  fps step                    : 16,349
  fps step + policy inference : 16,085
  fps total                   : 14,873
  epoch                       : 149 / 1,000
  frames                      : 24,412,160


Policy 0: saving next best rewards:  [66.33]
=> saving checkpoint 'runs/expert_row5_seed2810/nn/expert_row5_seed2810.pth'

Timing:
  Play time               : 10.407 s
  Update time             : 0.836 s
  Time to train epoch     : 11.242 s


Statistics:
  fps step                    : 16,250
  fps step + policy inference : 15,744
  fps total                   : 14,574
  epoch                       : 150 / 1,000
  frames                      : 24,576,000


Policy 0: saving next best rewards:  [76.32]
=> saving checkpoint 'runs/expert_row5_seed2810/nn/expert_row5_seed2810.pth'

Timing:
  Play time               : 9.766 s
  Update time             : 0.874 s
  Time to train epoch     : 10.640 s


Statistics:
  fps step                    : 17,051
  fps step + policy inference : 16,776
  fps total                   : 15,398
  epoch                       : 151 / 1,000
  frames                      : 24,739,840


Policy 0: saving next best rewards:  [76.5]
=> saving checkpoint 'runs/expert_row5_seed2810/nn/expert_row5_seed2810.pth'

Timing:
  Play time               : 9.644 s
  Update time             : 0.911 s
  Time to train epoch     : 10.555 s


Statistics:
  fps step                    : 17,250
  fps step + policy inference : 16,989
  fps total                   : 15,522
  epoch                       : 152 / 1,000
  frames                      : 24,903,680


Policy 0: saving next best rewards:  [76.87]
=> saving checkpoint 'runs/expert_row5_seed2810/nn/expert_row5_seed2810.pth'

Timing:
  Play time               : 9.923 s
  Update time             : 0.951 s
  Time to train epoch     : 10.873 s


Statistics:
  fps step                    : 16,806
  fps step + policy inference : 16,512
  fps total                   : 15,068
  epoch                       : 153 / 1,000
  frames                      : 25,067,520


Policy 0: saving next best rewards:  [77.2]
=> saving checkpoint 'runs/expert_row5_seed2810/nn/expert_row5_seed2810.pth'

Timing:
  Play time               : 9.789 s
  Update time             : 0.884 s
  Time to train epoch     : 10.674 s


Statistics:
  fps step                    : 17,017
  fps step + policy inference : 16,737
  fps total                   : 15,350
  epoch                       : 154 / 1,000
  frames                      : 25,231,360


Policy 0: saving next best rewards:  [77.81]
=> saving checkpoint 'runs/expert_row5_seed2810/nn/expert_row5_seed2810.pth'

Timing:
  Play time               : 9.856 s
  Update time             : 0.989 s
  Time to train epoch     : 10.845 s


Statistics:
  fps step                    : 16,915
  fps step + policy inference : 16,624
  fps total                   : 15,108
  epoch                       : 155 / 1,000
  frames                      : 25,395,200


Policy 0: saving next best rewards:  [78.76]
=> saving checkpoint 'runs/expert_row5_seed2810/nn/expert_row5_seed2810.pth'

Timing:
  Play time               : 9.871 s
  Update time             : 0.971 s
  Time to train epoch     : 10.842 s


Statistics:
  fps step                    : 16,891
  fps step + policy inference : 16,598
  fps total                   : 15,112
  epoch                       : 156 / 1,000
  frames                      : 25,559,040


Policy 0: saving next best rewards:  [79.76]
=> saving checkpoint 'runs/expert_row5_seed2810/nn/expert_row5_seed2810.pth'

Timing:
  Play time               : 9.924 s
  Update time             : 0.849 s
  Time to train epoch     : 10.773 s


Statistics:
  fps step                    : 16,809
  fps step + policy inference : 16,509
  fps total                   : 15,208
  epoch                       : 157 / 1,000
  frames                      : 25,722,880


Policy 0: saving next best rewards:  [80.62]
=> saving checkpoint 'runs/expert_row5_seed2810/nn/expert_row5_seed2810.pth'

Timing:
  Play time               : 9.919 s
  Update time             : 1.048 s
  Time to train epoch     : 10.966 s


Statistics:
  fps step                    : 16,817
  fps step + policy inference : 16,518
  fps total                   : 14,940
  epoch                       : 158 / 1,000
  frames                      : 25,886,720


Policy 0: saving next best rewards:  [81.65]
=> saving checkpoint 'runs/expert_row5_seed2810/nn/expert_row5_seed2810.pth'

Timing:
  Play time               : 9.904 s
  Update time             : 0.957 s
  Time to train epoch     : 10.861 s


Statistics:
  fps step                    : 16,830
  fps step + policy inference : 16,542
  fps total                   : 15,085
  epoch                       : 159 / 1,000
  frames                      : 26,050,560


Policy 0: saving next best rewards:  [82.3]
=> saving checkpoint 'runs/expert_row5_seed2810/nn/expert_row5_seed2810.pth'

Timing:
  Play time               : 9.854 s
  Update time             : 0.938 s
  Time to train epoch     : 10.792 s


Statistics:
  fps step                    : 16,905
  fps step + policy inference : 16,626
  fps total                   : 15,181
  epoch                       : 160 / 1,000
  frames                      : 26,214,400


Policy 0: saving next best rewards:  [82.7]
=> saving checkpoint 'runs/expert_row5_seed2810/nn/expert_row5_seed2810.pth'

Timing:
  Play time               : 9.734 s
  Update time             : 0.852 s
  Time to train epoch     : 10.586 s


Statistics:
  fps step                    : 17,087
  fps step + policy inference : 16,832
  fps total                   : 15,477
  epoch                       : 161 / 1,000
  frames                      : 26,378,240


Policy 0: saving next best rewards:  [82.89]
=> saving checkpoint 'runs/expert_row5_seed2810/nn/expert_row5_seed2810.pth'

Timing:
  Play time               : 9.750 s
  Update time             : 0.832 s
  Time to train epoch     : 10.582 s


Statistics:
  fps step                    : 17,067
  fps step + policy inference : 16,805
  fps total                   : 15,483
  epoch                       : 162 / 1,000
  frames                      : 26,542,080


Policy 0: 
Timing:
  Play time               : 9.665 s
  Update time             : 0.685 s
  Time to train epoch     : 10.350 s


Statistics:
  fps step                    : 17,193
  fps step + policy inference : 16,951
  fps total                   : 15,830
  epoch                       : 163 / 1,000
  frames                      : 26,705,920


Policy 0: 
Timing:
  Play time               : 9.669 s
  Update time             : 0.673 s
  Time to train epoch     : 10.342 s


Statistics:
  fps step                    : 17,188
  fps step + policy inference : 16,944
  fps total                   : 15,842
  epoch                       : 164 / 1,000
  frames                      : 26,869,760


Policy 0: 
Timing:
  Play time               : 9.610 s
  Update time             : 0.777 s
  Time to train epoch     : 10.387 s


Statistics:
  fps step                    : 17,282
  fps step + policy inference : 17,048
  fps total                   : 15,773
  epoch                       : 165 / 1,000
  frames                      : 27,033,600


Policy 0: saving next best rewards:  [82.91]
=> saving checkpoint 'runs/expert_row5_seed2810/nn/expert_row5_seed2810.pth'

Timing:
  Play time               : 9.580 s
  Update time             : 0.763 s
  Time to train epoch     : 10.343 s


Statistics:
  fps step                    : 17,334
  fps step + policy inference : 17,103
  fps total                   : 15,841
  epoch                       : 166 / 1,000
  frames                      : 27,197,440


Policy 0: 
Timing:
  Play time               : 9.646 s
  Update time             : 0.669 s
  Time to train epoch     : 10.315 s


Statistics:
  fps step                    : 17,223
  fps step + policy inference : 16,986
  fps total                   : 15,884
  epoch                       : 167 / 1,000
  frames                      : 27,361,280


Policy 0: saving next best rewards:  [82.99]
=> saving checkpoint 'runs/expert_row5_seed2810/nn/expert_row5_seed2810.pth'

Timing:
  Play time               : 9.612 s
  Update time             : 0.678 s
  Time to train epoch     : 10.290 s


Statistics:
  fps step                    : 17,283
  fps step + policy inference : 17,046
  fps total                   : 15,923
  epoch                       : 168 / 1,000
  frames                      : 27,525,120


Policy 0: saving next best rewards:  [83.11]
=> saving checkpoint 'runs/expert_row5_seed2810/nn/expert_row5_seed2810.pth'

Timing:
  Play time               : 9.871 s
  Update time             : 0.694 s
  Time to train epoch     : 10.565 s


Statistics:
  fps step                    : 17,107
  fps step + policy inference : 16,599
  fps total                   : 15,507
  epoch                       : 169 / 1,000
  frames                      : 27,688,960


Policy 0: saving next best rewards:  [89.22]
=> saving checkpoint 'runs/expert_row5_seed2810/nn/expert_row5_seed2810.pth'

Timing:
  Play time               : 9.756 s
  Update time             : 0.777 s
  Time to train epoch     : 10.533 s


Statistics:
  fps step                    : 17,033
  fps step + policy inference : 16,793
  fps total                   : 15,554
  epoch                       : 170 / 1,000
  frames                      : 27,852,800


Policy 0: 
Timing:
  Play time               : 9.688 s
  Update time             : 0.906 s
  Time to train epoch     : 10.594 s


Statistics:
  fps step                    : 17,167
  fps step + policy inference : 16,911
  fps total                   : 15,465
  epoch                       : 171 / 1,000
  frames                      : 28,016,640


Policy 0: saving next best rewards:  [89.76]
=> saving checkpoint 'runs/expert_row5_seed2810/nn/expert_row5_seed2810.pth'

Timing:
  Play time               : 9.751 s
  Update time             : 0.843 s
  Time to train epoch     : 10.595 s


Statistics:
  fps step                    : 17,056
  fps step + policy inference : 16,802
  fps total                   : 15,465
  epoch                       : 172 / 1,000
  frames                      : 28,180,480


Policy 0: saving next best rewards:  [90.1]
=> saving checkpoint 'runs/expert_row5_seed2810/nn/expert_row5_seed2810.pth'

Timing:
  Play time               : 9.779 s
  Update time             : 0.817 s
  Time to train epoch     : 10.595 s


Statistics:
  fps step                    : 17,017
  fps step + policy inference : 16,755
  fps total                   : 15,463
  epoch                       : 173 / 1,000
  frames                      : 28,344,320


Policy 0: saving next best rewards:  [90.64]
=> saving checkpoint 'runs/expert_row5_seed2810/nn/expert_row5_seed2810.pth'

Timing:
  Play time               : 9.796 s
  Update time             : 0.880 s
  Time to train epoch     : 10.676 s


Statistics:
  fps step                    : 16,995
  fps step + policy inference : 16,725
  fps total                   : 15,346
  epoch                       : 174 / 1,000
  frames                      : 28,508,160


Policy 0: saving next best rewards:  [91.37]
=> saving checkpoint 'runs/expert_row5_seed2810/nn/expert_row5_seed2810.pth'

Timing:
  Play time               : 10.015 s
  Update time             : 0.806 s
  Time to train epoch     : 10.821 s


Statistics:
  fps step                    : 16,611
  fps step + policy inference : 16,360
  fps total                   : 15,141
  epoch                       : 175 / 1,000
  frames                      : 28,672,000


Policy 0: saving next best rewards:  [92.36]
=> saving checkpoint 'runs/expert_row5_seed2810/nn/expert_row5_seed2810.pth'

Timing:
  Play time               : 10.072 s
  Update time             : 0.834 s
  Time to train epoch     : 10.906 s


Statistics:
  fps step                    : 16,515
  fps step + policy inference : 16,267
  fps total                   : 15,023
  epoch                       : 176 / 1,000
  frames                      : 28,835,840


Policy 0: saving next best rewards:  [93.13]
=> saving checkpoint 'runs/expert_row5_seed2810/nn/expert_row5_seed2810.pth'

Timing:
  Play time               : 10.026 s
  Update time             : 0.920 s
  Time to train epoch     : 10.946 s


Statistics:
  fps step                    : 16,592
  fps step + policy inference : 16,342
  fps total                   : 14,968
  epoch                       : 177 / 1,000
  frames                      : 28,999,680


Policy 0: saving next best rewards:  [93.9]
=> saving checkpoint 'runs/expert_row5_seed2810/nn/expert_row5_seed2810.pth'

Timing:
  Play time               : 10.007 s
  Update time             : 0.913 s
  Time to train epoch     : 10.920 s


Statistics:
  fps step                    : 16,618
  fps step + policy inference : 16,372
  fps total                   : 15,004
  epoch                       : 178 / 1,000
  frames                      : 29,163,520


Policy 0: saving next best rewards:  [94.29]
=> saving checkpoint 'runs/expert_row5_seed2810/nn/expert_row5_seed2810.pth'

Timing:
  Play time               : 10.063 s
  Update time             : 0.838 s
  Time to train epoch     : 10.901 s


Statistics:
  fps step                    : 16,527
  fps step + policy inference : 16,281
  fps total                   : 15,030
  epoch                       : 179 / 1,000
  frames                      : 29,327,360


Policy 0: saving next best rewards:  [94.58]
=> saving checkpoint 'runs/expert_row5_seed2810/nn/expert_row5_seed2810.pth'

Timing:
  Play time               : 9.852 s
  Update time             : 0.728 s
  Time to train epoch     : 10.580 s


Statistics:
  fps step                    : 16,885
  fps step + policy inference : 16,630
  fps total                   : 15,486
  epoch                       : 180 / 1,000
  frames                      : 29,491,200


Policy 0: saving next best rewards:  [94.76]
=> saving checkpoint 'runs/expert_row5_seed2810/nn/expert_row5_seed2810.pth'

Timing:
  Play time               : 9.640 s
  Update time             : 0.661 s
  Time to train epoch     : 10.301 s


Statistics:
  fps step                    : 17,237
  fps step + policy inference : 16,996
  fps total                   : 15,906
  epoch                       : 181 / 1,000
  frames                      : 29,655,040


Policy 0: 
Timing:
  Play time               : 9.605 s
  Update time             : 0.635 s
  Time to train epoch     : 10.239 s


Statistics:
  fps step                    : 17,294
  fps step + policy inference : 17,059
  fps total                   : 16,001
  epoch                       : 182 / 1,000
  frames                      : 29,818,880


Policy 0: 
Timing:
  Play time               : 9.606 s
  Update time             : 0.723 s
  Time to train epoch     : 10.329 s


Statistics:
  fps step                    : 17,290
  fps step + policy inference : 17,056
  fps total                   : 15,863
  epoch                       : 183 / 1,000
  frames                      : 29,982,720


Policy 0: 
Timing:
  Play time               : 9.642 s
  Update time             : 0.738 s
  Time to train epoch     : 10.381 s


Statistics:
  fps step                    : 17,225
  fps step + policy inference : 16,992
  fps total                   : 15,783
  epoch                       : 184 / 1,000
  frames                      : 30,146,560


Policy 0: 
Timing:
  Play time               : 9.671 s
  Update time             : 0.718 s
  Time to train epoch     : 10.389 s


Statistics:
  fps step                    : 17,175
  fps step + policy inference : 16,942
  fps total                   : 15,771
  epoch                       : 185 / 1,000
  frames                      : 30,310,400


Policy 0: 
Timing:
  Play time               : 9.697 s
  Update time             : 0.710 s
  Time to train epoch     : 10.407 s


Statistics:
  fps step                    : 17,137
  fps step + policy inference : 16,896
  fps total                   : 15,744
  epoch                       : 186 / 1,000
  frames                      : 30,474,240


Policy 0: 
Timing:
  Play time               : 9.685 s
  Update time             : 0.677 s
  Time to train epoch     : 10.363 s


Statistics:
  fps step                    : 17,156
  fps step + policy inference : 16,916
  fps total                   : 15,811
  epoch                       : 187 / 1,000
  frames                      : 30,638,080


Policy 0: 
Timing:
  Play time               : 9.941 s
  Update time             : 0.764 s
  Time to train epoch     : 10.705 s


Statistics:
  fps step                    : 16,986
  fps step + policy inference : 16,481
  fps total                   : 15,305
  epoch                       : 188 / 1,000
  frames                      : 30,801,920


Policy 0: saving next best rewards:  [100.57]
=> saving checkpoint 'runs/expert_row5_seed2810/nn/expert_row5_seed2810.pth'

Timing:
  Play time               : 9.644 s
  Update time             : 0.714 s
  Time to train epoch     : 10.358 s


Statistics:
  fps step                    : 17,235
  fps step + policy inference : 16,989
  fps total                   : 15,818
  epoch                       : 189 / 1,000
  frames                      : 30,965,760


Policy 0: saving next best rewards:  [100.71]
=> saving checkpoint 'runs/expert_row5_seed2810/nn/expert_row5_seed2810.pth'

Timing:
  Play time               : 9.733 s
  Update time             : 0.775 s
  Time to train epoch     : 10.508 s


Statistics:
  fps step                    : 17,087
  fps step + policy inference : 16,833
  fps total                   : 15,591
  epoch                       : 190 / 1,000
  frames                      : 31,129,600


Policy 0: saving next best rewards:  [101.15]
=> saving checkpoint 'runs/expert_row5_seed2810/nn/expert_row5_seed2810.pth'

Timing:
  Play time               : 9.650 s
  Update time             : 0.777 s
  Time to train epoch     : 10.427 s


Statistics:
  fps step                    : 17,241
  fps step + policy inference : 16,979
  fps total                   : 15,713
  epoch                       : 191 / 1,000
  frames                      : 31,293,440


Policy 0: saving next best rewards:  [101.44]
=> saving checkpoint 'runs/expert_row5_seed2810/nn/expert_row5_seed2810.pth'

Timing:
  Play time               : 9.661 s
  Update time             : 0.896 s
  Time to train epoch     : 10.557 s


Statistics:
  fps step                    : 17,228
  fps step + policy inference : 16,959
  fps total                   : 15,519
  epoch                       : 192 / 1,000
  frames                      : 31,457,280


Policy 0: saving next best rewards:  [101.93]
=> saving checkpoint 'runs/expert_row5_seed2810/nn/expert_row5_seed2810.pth'

Timing:
  Play time               : 9.662 s
  Update time             : 0.915 s
  Time to train epoch     : 10.577 s


Statistics:
  fps step                    : 17,222
  fps step + policy inference : 16,958
  fps total                   : 15,491
  epoch                       : 193 / 1,000
  frames                      : 31,621,120


Policy 0: saving next best rewards:  [102.53]
=> saving checkpoint 'runs/expert_row5_seed2810/nn/expert_row5_seed2810.pth'

Timing:
  Play time               : 9.682 s
  Update time             : 0.919 s
  Time to train epoch     : 10.601 s


Statistics:
  fps step                    : 17,194
  fps step + policy inference : 16,922
  fps total                   : 15,455
  epoch                       : 194 / 1,000
  frames                      : 31,784,960


Policy 0: saving next best rewards:  [103.33]
=> saving checkpoint 'runs/expert_row5_seed2810/nn/expert_row5_seed2810.pth'

Timing:
  Play time               : 9.827 s
  Update time             : 0.812 s
  Time to train epoch     : 10.639 s


Statistics:
  fps step                    : 16,940
  fps step + policy inference : 16,672
  fps total                   : 15,400
  epoch                       : 195 / 1,000
  frames                      : 31,948,800


Policy 0: saving next best rewards:  [103.84]
=> saving checkpoint 'runs/expert_row5_seed2810/nn/expert_row5_seed2810.pth'

Timing:
  Play time               : 9.960 s
  Update time             : 0.819 s
  Time to train epoch     : 10.779 s


Statistics:
  fps step                    : 16,713
  fps step + policy inference : 16,450
  fps total                   : 15,200
  epoch                       : 196 / 1,000
  frames                      : 32,112,640


Policy 0: saving next best rewards:  [104.41]
=> saving checkpoint 'runs/expert_row5_seed2810/nn/expert_row5_seed2810.pth'

Timing:
  Play time               : 9.686 s
  Update time             : 0.817 s
  Time to train epoch     : 10.503 s


Statistics:
  fps step                    : 17,176
  fps step + policy inference : 16,914
  fps total                   : 15,600
  epoch                       : 197 / 1,000
  frames                      : 32,276,480


Policy 0: saving next best rewards:  [104.93]
=> saving checkpoint 'runs/expert_row5_seed2810/nn/expert_row5_seed2810.pth'

Timing:
  Play time               : 9.696 s
  Update time             : 0.752 s
  Time to train epoch     : 10.448 s


Statistics:
  fps step                    : 17,150
  fps step + policy inference : 16,898
  fps total                   : 15,682
  epoch                       : 198 / 1,000
  frames                      : 32,440,320


Policy 0: saving next best rewards:  [105.2]
=> saving checkpoint 'runs/expert_row5_seed2810/nn/expert_row5_seed2810.pth'

Timing:
  Play time               : 9.710 s
  Update time             : 0.716 s
  Time to train epoch     : 10.426 s


Statistics:
  fps step                    : 17,118
  fps step + policy inference : 16,873
  fps total                   : 15,714
  epoch                       : 199 / 1,000
  frames                      : 32,604,160


Policy 0: saving next best rewards:  [105.26]
=> saving checkpoint 'runs/expert_row5_seed2810/nn/expert_row5_seed2810.pth'

Timing:
  Play time               : 9.641 s
  Update time             : 0.750 s
  Time to train epoch     : 10.391 s


Statistics:
  fps step                    : 17,233
  fps step + policy inference : 16,994
  fps total                   : 15,768
  epoch                       : 200 / 1,000
  frames                      : 32,768,000


Policy 0: saving next best rewards:  [105.29]
=> saving checkpoint 'runs/expert_row5_seed2810/nn/expert_row5_seed2810.pth'

Timing:
  Play time               : 9.585 s
  Update time             : 0.772 s
  Time to train epoch     : 10.357 s


Statistics:
  fps step                    : 17,333
  fps step + policy inference : 17,094
  fps total                   : 15,820
  epoch                       : 201 / 1,000
  frames                      : 32,931,840


Policy 0: 
Timing:
  Play time               : 9.604 s
  Update time             : 0.747 s
  Time to train epoch     : 10.351 s


Statistics:
  fps step                    : 17,299
  fps step + policy inference : 17,060
  fps total                   : 15,828
  epoch                       : 202 / 1,000
  frames                      : 33,095,680


Policy 0: saving next best rewards:  [105.33]
=> saving checkpoint 'runs/expert_row5_seed2810/nn/expert_row5_seed2810.pth'

Timing:
  Play time               : 9.561 s
  Update time             : 0.643 s
  Time to train epoch     : 10.204 s


Statistics:
  fps step                    : 17,375
  fps step + policy inference : 17,136
  fps total                   : 16,056
  epoch                       : 203 / 1,000
  frames                      : 33,259,520


Policy 0: saving next best rewards:  [105.38]
=> saving checkpoint 'runs/expert_row5_seed2810/nn/expert_row5_seed2810.pth'

Timing:
  Play time               : 9.666 s
  Update time             : 0.657 s
  Time to train epoch     : 10.323 s


Statistics:
  fps step                    : 17,190
  fps step + policy inference : 16,950
  fps total                   : 15,871
  epoch                       : 204 / 1,000
  frames                      : 33,423,360


Policy 0: saving next best rewards:  [105.47]
=> saving checkpoint 'runs/expert_row5_seed2810/nn/expert_row5_seed2810.pth'

Timing:
  Play time               : 9.672 s
  Update time             : 0.650 s
  Time to train epoch     : 10.322 s


Statistics:
  fps step                    : 17,178
  fps step + policy inference : 16,939
  fps total                   : 15,872
  epoch                       : 205 / 1,000
  frames                      : 33,587,200


Policy 0: saving next best rewards:  [105.56]
=> saving checkpoint 'runs/expert_row5_seed2810/nn/expert_row5_seed2810.pth'

Timing:
  Play time               : 9.703 s
  Update time             : 0.669 s
  Time to train epoch     : 10.372 s


Statistics:
  fps step                    : 17,121
  fps step + policy inference : 16,885
  fps total                   : 15,796
  epoch                       : 206 / 1,000
  frames                      : 33,751,040


Policy 0: saving next best rewards:  [105.65]
=> saving checkpoint 'runs/expert_row5_seed2810/nn/expert_row5_seed2810.pth'

Timing:
  Play time               : 9.906 s
  Update time             : 0.787 s
  Time to train epoch     : 10.693 s


Statistics:
  fps step                    : 17,048
  fps step + policy inference : 16,539
  fps total                   : 15,322
  epoch                       : 207 / 1,000
  frames                      : 33,914,880


Policy 0: saving next best rewards:  [109.93]
=> saving checkpoint 'runs/expert_row5_seed2810/nn/expert_row5_seed2810.pth'

Timing:
  Play time               : 9.606 s
  Update time             : 0.827 s
  Time to train epoch     : 10.433 s


Statistics:
  fps step                    : 17,306
  fps step + policy inference : 17,055
  fps total                   : 15,703
  epoch                       : 208 / 1,000
  frames                      : 34,078,720


Policy 0: saving next best rewards:  [110.17]
=> saving checkpoint 'runs/expert_row5_seed2810/nn/expert_row5_seed2810.pth'

Timing:
  Play time               : 9.620 s
  Update time             : 0.857 s
  Time to train epoch     : 10.476 s


Statistics:
  fps step                    : 17,289
  fps step + policy inference : 17,032
  fps total                   : 15,639
  epoch                       : 209 / 1,000
  frames                      : 34,242,560


Policy 0: saving next best rewards:  [110.43]
=> saving checkpoint 'runs/expert_row5_seed2810/nn/expert_row5_seed2810.pth'

Timing:
  Play time               : 9.624 s
  Update time             : 0.807 s
  Time to train epoch     : 10.431 s


Statistics:
  fps step                    : 17,284
  fps step + policy inference : 17,024
  fps total                   : 15,707
  epoch                       : 210 / 1,000
  frames                      : 34,406,400


Policy 0: saving next best rewards:  [110.81]
=> saving checkpoint 'runs/expert_row5_seed2810/nn/expert_row5_seed2810.pth'

Timing:
  Play time               : 9.669 s
  Update time             : 0.835 s
  Time to train epoch     : 10.503 s


Statistics:
  fps step                    : 17,231
  fps step + policy inference : 16,945
  fps total                   : 15,599
  epoch                       : 211 / 1,000
  frames                      : 34,570,240


Policy 0: saving next best rewards:  [111.07]
=> saving checkpoint 'runs/expert_row5_seed2810/nn/expert_row5_seed2810.pth'

Timing:
  Play time               : 9.650 s
  Update time             : 0.820 s
  Time to train epoch     : 10.470 s


Statistics:
  fps step                    : 17,246
  fps step + policy inference : 16,979
  fps total                   : 15,649
  epoch                       : 212 / 1,000
  frames                      : 34,734,080


Policy 0: saving next best rewards:  [111.72]
=> saving checkpoint 'runs/expert_row5_seed2810/nn/expert_row5_seed2810.pth'

Timing:
  Play time               : 9.657 s
  Update time             : 0.849 s
  Time to train epoch     : 10.506 s


Statistics:
  fps step                    : 17,233
  fps step + policy inference : 16,967
  fps total                   : 15,596
  epoch                       : 213 / 1,000
  frames                      : 34,897,920


Policy 0: saving next best rewards:  [112.33]
=> saving checkpoint 'runs/expert_row5_seed2810/nn/expert_row5_seed2810.pth'

Timing:
  Play time               : 9.660 s
  Update time             : 0.831 s
  Time to train epoch     : 10.492 s


Statistics:
  fps step                    : 17,224
  fps step + policy inference : 16,960
  fps total                   : 15,616
  epoch                       : 214 / 1,000
  frames                      : 35,061,760


Policy 0: saving next best rewards:  [112.73]
=> saving checkpoint 'runs/expert_row5_seed2810/nn/expert_row5_seed2810.pth'

Timing:
  Play time               : 9.674 s
  Update time             : 0.936 s
  Time to train epoch     : 10.610 s


Statistics:
  fps step                    : 17,196
  fps step + policy inference : 16,936
  fps total                   : 15,442
  epoch                       : 215 / 1,000
  frames                      : 35,225,600


Policy 0: saving next best rewards:  [112.97]
=> saving checkpoint 'runs/expert_row5_seed2810/nn/expert_row5_seed2810.pth'

Timing:
  Play time               : 9.666 s
  Update time             : 0.923 s
  Time to train epoch     : 10.588 s


Statistics:
  fps step                    : 17,205
  fps step + policy inference : 16,951
  fps total                   : 15,473
  epoch                       : 216 / 1,000
  frames                      : 35,389,440


Policy 0: saving next best rewards:  [113.28]
=> saving checkpoint 'runs/expert_row5_seed2810/nn/expert_row5_seed2810.pth'

Timing:
  Play time               : 9.676 s
  Update time             : 0.781 s
  Time to train epoch     : 10.457 s


Statistics:
  fps step                    : 17,182
  fps step + policy inference : 16,932
  fps total                   : 15,668
  epoch                       : 217 / 1,000
  frames                      : 35,553,280


Policy 0: saving next best rewards:  [113.43]
=> saving checkpoint 'runs/expert_row5_seed2810/nn/expert_row5_seed2810.pth'

Timing:
  Play time               : 9.626 s
  Update time             : 0.695 s
  Time to train epoch     : 10.321 s


Statistics:
  fps step                    : 17,269
  fps step + policy inference : 17,021
  fps total                   : 15,874
  epoch                       : 218 / 1,000
  frames                      : 35,717,120


Policy 0: saving next best rewards:  [113.49]
=> saving checkpoint 'runs/expert_row5_seed2810/nn/expert_row5_seed2810.pth'

Timing:
  Play time               : 9.556 s
  Update time             : 0.660 s
  Time to train epoch     : 10.216 s


Statistics:
  fps step                    : 17,382
  fps step + policy inference : 17,145
  fps total                   : 16,038
  epoch                       : 219 / 1,000
  frames                      : 35,880,960


Policy 0: saving next best rewards:  [113.51]
=> saving checkpoint 'runs/expert_row5_seed2810/nn/expert_row5_seed2810.pth'

Timing:
  Play time               : 9.550 s
  Update time             : 0.643 s
  Time to train epoch     : 10.193 s


Statistics:
  fps step                    : 17,393
  fps step + policy inference : 17,156
  fps total                   : 16,073
  epoch                       : 220 / 1,000
  frames                      : 36,044,800


Policy 0: saving next best rewards:  [113.55]
=> saving checkpoint 'runs/expert_row5_seed2810/nn/expert_row5_seed2810.pth'

Timing:
  Play time               : 9.531 s
  Update time             : 0.673 s
  Time to train epoch     : 10.204 s


Statistics:
  fps step                    : 17,427
  fps step + policy inference : 17,190
  fps total                   : 16,056
  epoch                       : 221 / 1,000
  frames                      : 36,208,640


Policy 0: 
Timing:
  Play time               : 9.524 s
  Update time             : 0.739 s
  Time to train epoch     : 10.264 s


Statistics:
  fps step                    : 17,438
  fps step + policy inference : 17,202
  fps total                   : 15,963
  epoch                       : 222 / 1,000
  frames                      : 36,372,480


Policy 0: 
Timing:
  Play time               : 9.601 s
  Update time             : 0.768 s
  Time to train epoch     : 10.369 s


Statistics:
  fps step                    : 17,310
  fps step + policy inference : 17,066
  fps total                   : 15,802
  epoch                       : 223 / 1,000
  frames                      : 36,536,320


Policy 0: saving next best rewards:  [113.62]
=> saving checkpoint 'runs/expert_row5_seed2810/nn/expert_row5_seed2810.pth'

Timing:
  Play time               : 9.623 s
  Update time             : 0.731 s
  Time to train epoch     : 10.354 s


Statistics:
  fps step                    : 17,270
  fps step + policy inference : 17,027
  fps total                   : 15,824
  epoch                       : 224 / 1,000
  frames                      : 36,700,160


Policy 0: saving next best rewards:  [113.63]
=> saving checkpoint 'runs/expert_row5_seed2810/nn/expert_row5_seed2810.pth'

Timing:
  Play time               : 9.812 s
  Update time             : 0.678 s
  Time to train epoch     : 10.490 s


Statistics:
  fps step                    : 17,200
  fps step + policy inference : 16,698
  fps total                   : 15,619
  epoch                       : 225 / 1,000
  frames                      : 36,864,000


Policy 0: saving next best rewards:  [117.91]
=> saving checkpoint 'runs/expert_row5_seed2810/nn/expert_row5_seed2810.pth'

Timing:
  Play time               : 9.675 s
  Update time             : 0.753 s
  Time to train epoch     : 10.428 s


Statistics:
  fps step                    : 17,187
  fps step + policy inference : 16,935
  fps total                   : 15,712
  epoch                       : 226 / 1,000
  frames                      : 37,027,840


Policy 0: saving next best rewards:  [118.13]
=> saving checkpoint 'runs/expert_row5_seed2810/nn/expert_row5_seed2810.pth'

Timing:
  Play time               : 9.681 s
  Update time             : 0.740 s
  Time to train epoch     : 10.420 s


Statistics:
  fps step                    : 17,188
  fps step + policy inference : 16,924
  fps total                   : 15,723
  epoch                       : 227 / 1,000
  frames                      : 37,191,680


Policy 0: saving next best rewards:  [118.35]
=> saving checkpoint 'runs/expert_row5_seed2810/nn/expert_row5_seed2810.pth'

Timing:
  Play time               : 9.697 s
  Update time             : 0.808 s
  Time to train epoch     : 10.506 s


Statistics:
  fps step                    : 17,151
  fps step + policy inference : 16,895
  fps total                   : 15,595
  epoch                       : 228 / 1,000
  frames                      : 37,355,520


Policy 0: saving next best rewards:  [118.54]
=> saving checkpoint 'runs/expert_row5_seed2810/nn/expert_row5_seed2810.pth'

Timing:
  Play time               : 9.633 s
  Update time             : 0.892 s
  Time to train epoch     : 10.525 s


Statistics:
  fps step                    : 17,270
  fps step + policy inference : 17,008
  fps total                   : 15,566
  epoch                       : 229 / 1,000
  frames                      : 37,519,360


Policy 0: saving next best rewards:  [118.86]
=> saving checkpoint 'runs/expert_row5_seed2810/nn/expert_row5_seed2810.pth'

Timing:
  Play time               : 9.657 s
  Update time             : 0.909 s
  Time to train epoch     : 10.567 s


Statistics:
  fps step                    : 17,234
  fps step + policy inference : 16,965
  fps total                   : 15,506
  epoch                       : 230 / 1,000
  frames                      : 37,683,200


Policy 0: saving next best rewards:  [119.43]
=> saving checkpoint 'runs/expert_row5_seed2810/nn/expert_row5_seed2810.pth'

Timing:
  Play time               : 9.643 s
  Update time             : 0.866 s
  Time to train epoch     : 10.510 s


Statistics:
  fps step                    : 17,251
  fps step + policy inference : 16,990
  fps total                   : 15,589
  epoch                       : 231 / 1,000
  frames                      : 37,847,040


Policy 0: saving next best rewards:  [120.06]
=> saving checkpoint 'runs/expert_row5_seed2810/nn/expert_row5_seed2810.pth'

Timing:
  Play time               : 9.670 s
  Update time             : 0.845 s
  Time to train epoch     : 10.514 s


Statistics:
  fps step                    : 17,213
  fps step + policy inference : 16,944
  fps total                   : 15,583
  epoch                       : 232 / 1,000
  frames                      : 38,010,880


Policy 0: saving next best rewards:  [120.53]
=> saving checkpoint 'runs/expert_row5_seed2810/nn/expert_row5_seed2810.pth'

Timing:
  Play time               : 9.675 s
  Update time             : 0.822 s
  Time to train epoch     : 10.497 s


Statistics:
  fps step                    : 17,201
  fps step + policy inference : 16,935
  fps total                   : 15,608
  epoch                       : 233 / 1,000
  frames                      : 38,174,720


Policy 0: saving next best rewards:  [120.99]
=> saving checkpoint 'runs/expert_row5_seed2810/nn/expert_row5_seed2810.pth'

Timing:
  Play time               : 9.679 s
  Update time             : 0.782 s
  Time to train epoch     : 10.461 s


Statistics:
  fps step                    : 17,188
  fps step + policy inference : 16,927
  fps total                   : 15,662
  epoch                       : 234 / 1,000
  frames                      : 38,338,560


Policy 0: saving next best rewards:  [121.17]
=> saving checkpoint 'runs/expert_row5_seed2810/nn/expert_row5_seed2810.pth'

Timing:
  Play time               : 9.663 s
  Update time             : 0.754 s
  Time to train epoch     : 10.417 s


Statistics:
  fps step                    : 17,210
  fps step + policy inference : 16,955
  fps total                   : 15,728
  epoch                       : 235 / 1,000
  frames                      : 38,502,400


Policy 0: saving next best rewards:  [121.37]
=> saving checkpoint 'runs/expert_row5_seed2810/nn/expert_row5_seed2810.pth'

Timing:
  Play time               : 9.656 s
  Update time             : 0.817 s
  Time to train epoch     : 10.472 s


Statistics:
  fps step                    : 17,218
  fps step + policy inference : 16,968
  fps total                   : 15,645
  epoch                       : 236 / 1,000
  frames                      : 38,666,240


Policy 0: saving next best rewards:  [121.4]
=> saving checkpoint 'runs/expert_row5_seed2810/nn/expert_row5_seed2810.pth'

Timing:
  Play time               : 9.595 s
  Update time             : 0.793 s
  Time to train epoch     : 10.388 s


Statistics:
  fps step                    : 17,320
  fps step + policy inference : 17,076
  fps total                   : 15,772
  epoch                       : 237 / 1,000
  frames                      : 38,830,080


Policy 0: saving next best rewards:  [121.49]
=> saving checkpoint 'runs/expert_row5_seed2810/nn/expert_row5_seed2810.pth'

Timing:
  Play time               : 9.578 s
  Update time             : 0.729 s
  Time to train epoch     : 10.307 s


Statistics:
  fps step                    : 17,343
  fps step + policy inference : 17,105
  fps total                   : 15,895
  epoch                       : 238 / 1,000
  frames                      : 38,993,920


Policy 0: saving next best rewards:  [121.53]
=> saving checkpoint 'runs/expert_row5_seed2810/nn/expert_row5_seed2810.pth'

Timing:
  Play time               : 9.613 s
  Update time             : 0.699 s
  Time to train epoch     : 10.312 s


Statistics:
  fps step                    : 17,280
  fps step + policy inference : 17,044
  fps total                   : 15,889
  epoch                       : 239 / 1,000
  frames                      : 39,157,760


Policy 0: saving next best rewards:  [121.56]
=> saving checkpoint 'runs/expert_row5_seed2810/nn/expert_row5_seed2810.pth'

Timing:
  Play time               : 9.605 s
  Update time             : 0.649 s
  Time to train epoch     : 10.254 s


Statistics:
  fps step                    : 17,296
  fps step + policy inference : 17,057
  fps total                   : 15,978
  epoch                       : 240 / 1,000
  frames                      : 39,321,600


Policy 0: 
Timing:
  Play time               : 9.543 s
  Update time             : 0.630 s
  Time to train epoch     : 10.173 s


Statistics:
  fps step                    : 17,408
  fps step + policy inference : 17,168
  fps total                   : 16,105
  epoch                       : 241 / 1,000
  frames                      : 39,485,440


Policy 0: saving next best rewards:  [121.6]
=> saving checkpoint 'runs/expert_row5_seed2810/nn/expert_row5_seed2810.pth'

Timing:
  Play time               : 9.609 s
  Update time             : 0.662 s
  Time to train epoch     : 10.271 s


Statistics:
  fps step                    : 17,295
  fps step + policy inference : 17,051
  fps total                   : 15,951
  epoch                       : 242 / 1,000
  frames                      : 39,649,280


Policy 0: saving next best rewards:  [121.64]
=> saving checkpoint 'runs/expert_row5_seed2810/nn/expert_row5_seed2810.pth'

Timing:
  Play time               : 9.648 s
  Update time             : 0.661 s
  Time to train epoch     : 10.308 s


Statistics:
  fps step                    : 17,238
  fps step + policy inference : 16,982
  fps total                   : 15,894
  epoch                       : 243 / 1,000
  frames                      : 39,813,120


Policy 0: saving next best rewards:  [121.72]
=> saving checkpoint 'runs/expert_row5_seed2810/nn/expert_row5_seed2810.pth'

Timing:
  Play time               : 9.884 s
  Update time             : 0.738 s
  Time to train epoch     : 10.622 s


Statistics:
  fps step                    : 17,080
  fps step + policy inference : 16,576
  fps total                   : 15,424
  epoch                       : 244 / 1,000
  frames                      : 39,976,960


Policy 0: saving next best rewards:  [123.34]
=> saving checkpoint 'runs/expert_row5_seed2810/nn/expert_row5_seed2810.pth'

Timing:
  Play time               : 9.678 s
  Update time             : 0.812 s
  Time to train epoch     : 10.490 s


Statistics:
  fps step                    : 17,173
  fps step + policy inference : 16,928
  fps total                   : 15,618
  epoch                       : 245 / 1,000
  frames                      : 40,140,800


Policy 0: saving next best rewards:  [123.43]
=> saving checkpoint 'runs/expert_row5_seed2810/nn/expert_row5_seed2810.pth'

Timing:
  Play time               : 9.667 s
  Update time             : 0.849 s
  Time to train epoch     : 10.516 s


Statistics:
  fps step                    : 17,204
  fps step + policy inference : 16,948
  fps total                   : 15,579
  epoch                       : 246 / 1,000
  frames                      : 40,304,640


Policy 0: saving next best rewards:  [123.75]
=> saving checkpoint 'runs/expert_row5_seed2810/nn/expert_row5_seed2810.pth'

Timing:
  Play time               : 9.637 s
  Update time             : 0.811 s
  Time to train epoch     : 10.448 s


Statistics:
  fps step                    : 17,255
  fps step + policy inference : 17,000
  fps total                   : 15,681
  epoch                       : 247 / 1,000
  frames                      : 40,468,480


Policy 0: saving next best rewards:  [123.94]
=> saving checkpoint 'runs/expert_row5_seed2810/nn/expert_row5_seed2810.pth'

Timing:
  Play time               : 9.662 s
  Update time             : 0.799 s
  Time to train epoch     : 10.461 s


Statistics:
  fps step                    : 17,221
  fps step + policy inference : 16,958
  fps total                   : 15,662
  epoch                       : 248 / 1,000
  frames                      : 40,632,320


Policy 0: saving next best rewards:  [124.31]
=> saving checkpoint 'runs/expert_row5_seed2810/nn/expert_row5_seed2810.pth'

Timing:
  Play time               : 9.662 s
  Update time             : 0.851 s
  Time to train epoch     : 10.513 s


Statistics:
  fps step                    : 17,226
  fps step + policy inference : 16,957
  fps total                   : 15,584
  epoch                       : 249 / 1,000
  frames                      : 40,796,160


Policy 0: saving next best rewards:  [124.68]
=> saving checkpoint 'runs/expert_row5_seed2810/nn/expert_row5_seed2810.pth'

Timing:
  Play time               : 9.896 s
  Update time             : 0.805 s
  Time to train epoch     : 10.702 s


Statistics:
  fps step                    : 16,809
  fps step + policy inference : 16,556
  fps total                   : 15,310
  epoch                       : 250 / 1,000
  frames                      : 40,960,000


Policy 0: saving next best rewards:  [125.09]
=> saving checkpoint 'runs/expert_row5_seed2810/nn/expert_row5_seed2810.pth'
Saved recovery checkpoint runs/expert_row5_seed2810/checkpoints/epoch_000250.pth; evaluation_due=False

Timing:
  Play time               : 9.910 s
  Update time             : 0.812 s
  Time to train epoch     : 10.722 s


Statistics:
  fps step                    : 16,798
  fps step + policy inference : 16,533
  fps total                   : 15,281
  epoch                       : 251 / 1,000
  frames                      : 41,123,840


Policy 0: saving next best rewards:  [125.44]
=> saving checkpoint 'runs/expert_row5_seed2810/nn/expert_row5_seed2810.pth'

Timing:
  Play time               : 9.828 s
  Update time             : 0.819 s
  Time to train epoch     : 10.646 s


Statistics:
  fps step                    : 16,928
  fps step + policy inference : 16,672
  fps total                   : 15,389
  epoch                       : 252 / 1,000
  frames                      : 41,287,680


Policy 0: saving next best rewards:  [125.95]
=> saving checkpoint 'runs/expert_row5_seed2810/nn/expert_row5_seed2810.pth'

Timing:
  Play time               : 9.681 s
  Update time             : 0.896 s
  Time to train epoch     : 10.577 s


Statistics:
  fps step                    : 17,183
  fps step + policy inference : 16,924
  fps total                   : 15,491
  epoch                       : 253 / 1,000
  frames                      : 41,451,520


Policy 0: saving next best rewards:  [126.26]
=> saving checkpoint 'runs/expert_row5_seed2810/nn/expert_row5_seed2810.pth'

Timing:
  Play time               : 9.718 s
  Update time             : 0.914 s
  Time to train epoch     : 10.631 s


Statistics:
  fps step                    : 17,114
  fps step + policy inference : 16,860
  fps total                   : 15,411
  epoch                       : 254 / 1,000
  frames                      : 41,615,360


Policy 0: saving next best rewards:  [126.43]
=> saving checkpoint 'runs/expert_row5_seed2810/nn/expert_row5_seed2810.pth'

Timing:
  Play time               : 9.710 s
  Update time             : 0.835 s
  Time to train epoch     : 10.545 s


Statistics:
  fps step                    : 17,123
  fps step + policy inference : 16,873
  fps total                   : 15,537
  epoch                       : 255 / 1,000
  frames                      : 41,779,200


Policy 0: saving next best rewards:  [126.62]
=> saving checkpoint 'runs/expert_row5_seed2810/nn/expert_row5_seed2810.pth'

Timing:
  Play time               : 9.676 s
  Update time             : 0.678 s
  Time to train epoch     : 10.353 s


Statistics:
  fps step                    : 17,175
  fps step + policy inference : 16,933
  fps total                   : 15,825
  epoch                       : 256 / 1,000
  frames                      : 41,943,040


Policy 0: 
Timing:
  Play time               : 9.744 s
  Update time             : 0.659 s
  Time to train epoch     : 10.403 s


Statistics:
  fps step                    : 17,043
  fps step + policy inference : 16,814
  fps total                   : 15,749
  epoch                       : 257 / 1,000
  frames                      : 42,106,880


Policy 0: 
Timing:
  Play time               : 9.783 s
  Update time             : 0.640 s
  Time to train epoch     : 10.423 s


Statistics:
  fps step                    : 16,977
  fps step + policy inference : 16,747
  fps total                   : 15,719
  epoch                       : 258 / 1,000
  frames                      : 42,270,720


Policy 0: 
Timing:
  Play time               : 9.616 s
  Update time             : 0.655 s
  Time to train epoch     : 10.271 s


Statistics:
  fps step                    : 17,279
  fps step + policy inference : 17,038
  fps total                   : 15,952
  epoch                       : 259 / 1,000
  frames                      : 42,434,560


Policy 0: saving next best rewards:  [126.63]
=> saving checkpoint 'runs/expert_row5_seed2810/nn/expert_row5_seed2810.pth'

Timing:
  Play time               : 9.608 s
  Update time             : 0.634 s
  Time to train epoch     : 10.243 s


Statistics:
  fps step                    : 17,294
  fps step + policy inference : 17,052
  fps total                   : 15,996
  epoch                       : 260 / 1,000
  frames                      : 42,598,400


Policy 0: saving next best rewards:  [126.63]
=> saving checkpoint 'runs/expert_row5_seed2810/nn/expert_row5_seed2810.pth'

Timing:
  Play time               : 9.656 s
  Update time             : 0.758 s
  Time to train epoch     : 10.414 s


Statistics:
  fps step                    : 17,213
  fps step + policy inference : 16,967
  fps total                   : 15,733
  epoch                       : 261 / 1,000
  frames                      : 42,762,240


Policy 0: saving next best rewards:  [126.79]
=> saving checkpoint 'runs/expert_row5_seed2810/nn/expert_row5_seed2810.pth'

Timing:
  Play time               : 9.664 s
  Update time             : 0.792 s
  Time to train epoch     : 10.456 s


Statistics:
  fps step                    : 17,195
  fps step + policy inference : 16,953
  fps total                   : 15,670
  epoch                       : 262 / 1,000
  frames                      : 42,926,080


Policy 0: saving next best rewards:  [126.82]
=> saving checkpoint 'runs/expert_row5_seed2810/nn/expert_row5_seed2810.pth'

Timing:
  Play time               : 9.939 s
  Update time             : 0.860 s
  Time to train epoch     : 10.799 s


Statistics:
  fps step                    : 16,982
  fps step + policy inference : 16,484
  fps total                   : 15,171
  epoch                       : 263 / 1,000
  frames                      : 43,089,920


Policy 0: saving next best rewards:  [129.74]
=> saving checkpoint 'runs/expert_row5_seed2810/nn/expert_row5_seed2810.pth'

Timing:
  Play time               : 9.848 s
  Update time             : 0.781 s
  Time to train epoch     : 10.629 s


Statistics:
  fps step                    : 16,873
  fps step + policy inference : 16,637
  fps total                   : 15,414
  epoch                       : 264 / 1,000
  frames                      : 43,253,760


Policy 0: saving next best rewards:  [129.8]
=> saving checkpoint 'runs/expert_row5_seed2810/nn/expert_row5_seed2810.pth'

Timing:
  Play time               : 9.727 s
  Update time             : 0.760 s
  Time to train epoch     : 10.487 s


Statistics:
  fps step                    : 17,101
  fps step + policy inference : 16,844
  fps total                   : 15,624
  epoch                       : 265 / 1,000
  frames                      : 43,417,600


Policy 0: saving next best rewards:  [130.15]
=> saving checkpoint 'runs/expert_row5_seed2810/nn/expert_row5_seed2810.pth'

Timing:
  Play time               : 9.692 s
  Update time             : 0.746 s
  Time to train epoch     : 10.439 s


Statistics:
  fps step                    : 17,162
  fps step + policy inference : 16,904
  fps total                   : 15,695
  epoch                       : 266 / 1,000
  frames                      : 43,581,440


Policy 0: saving next best rewards:  [130.26]
=> saving checkpoint 'runs/expert_row5_seed2810/nn/expert_row5_seed2810.pth'

Timing:
  Play time               : 9.692 s
  Update time             : 0.820 s
  Time to train epoch     : 10.512 s


Statistics:
  fps step                    : 17,172
  fps step + policy inference : 16,904
  fps total                   : 15,586
  epoch                       : 267 / 1,000
  frames                      : 43,745,280


Policy 0: saving next best rewards:  [130.66]
=> saving checkpoint 'runs/expert_row5_seed2810/nn/expert_row5_seed2810.pth'

Timing:
  Play time               : 9.662 s
  Update time             : 0.829 s
  Time to train epoch     : 10.491 s


Statistics:
  fps step                    : 17,223
  fps step + policy inference : 16,958
  fps total                   : 15,618
  epoch                       : 268 / 1,000
  frames                      : 43,909,120


Policy 0: saving next best rewards:  [130.97]
=> saving checkpoint 'runs/expert_row5_seed2810/nn/expert_row5_seed2810.pth'

Timing:
  Play time               : 9.672 s
  Update time             : 0.847 s
  Time to train epoch     : 10.519 s


Statistics:
  fps step                    : 17,208
  fps step + policy inference : 16,939
  fps total                   : 15,576
  epoch                       : 269 / 1,000
  frames                      : 44,072,960


Policy 0: saving next best rewards:  [131.38]
=> saving checkpoint 'runs/expert_row5_seed2810/nn/expert_row5_seed2810.pth'

Timing:
  Play time               : 9.830 s
  Update time             : 0.885 s
  Time to train epoch     : 10.716 s


Statistics:
  fps step                    : 16,924
  fps step + policy inference : 16,667
  fps total                   : 15,290
  epoch                       : 270 / 1,000
  frames                      : 44,236,800


Policy 0: saving next best rewards:  [131.55]
=> saving checkpoint 'runs/expert_row5_seed2810/nn/expert_row5_seed2810.pth'

Timing:
  Play time               : 9.828 s
  Update time             : 0.946 s
  Time to train epoch     : 10.773 s


Statistics:
  fps step                    : 16,935
  fps step + policy inference : 16,671
  fps total                   : 15,208
  epoch                       : 271 / 1,000
  frames                      : 44,400,640


Policy 0: saving next best rewards:  [132.06]
=> saving checkpoint 'runs/expert_row5_seed2810/nn/expert_row5_seed2810.pth'

Timing:
  Play time               : 9.749 s
  Update time             : 0.880 s
  Time to train epoch     : 10.629 s


Statistics:
  fps step                    : 17,063
  fps step + policy inference : 16,806
  fps total                   : 15,414
  epoch                       : 272 / 1,000
  frames                      : 44,564,480


Policy 0: saving next best rewards:  [132.32]
=> saving checkpoint 'runs/expert_row5_seed2810/nn/expert_row5_seed2810.pth'

Timing:
  Play time               : 9.789 s
  Update time             : 0.773 s
  Time to train epoch     : 10.562 s


Statistics:
  fps step                    : 16,983
  fps step + policy inference : 16,737
  fps total                   : 15,512
  epoch                       : 273 / 1,000
  frames                      : 44,728,320


Policy 0: saving next best rewards:  [132.48]
=> saving checkpoint 'runs/expert_row5_seed2810/nn/expert_row5_seed2810.pth'

Timing:
  Play time               : 9.674 s
  Update time             : 0.721 s
  Time to train epoch     : 10.395 s


Statistics:
  fps step                    : 17,187
  fps step + policy inference : 16,937
  fps total                   : 15,761
  epoch                       : 274 / 1,000
  frames                      : 44,892,160


Policy 0: 
Timing:
  Play time               : 9.648 s
  Update time             : 0.655 s
  Time to train epoch     : 10.304 s


Statistics:
  fps step                    : 17,220
  fps step + policy inference : 16,981
  fps total                   : 15,901
  epoch                       : 275 / 1,000
  frames                      : 45,056,000


Policy 0: 
Timing:
  Play time               : 9.629 s
  Update time             : 0.689 s
  Time to train epoch     : 10.318 s


Statistics:
  fps step                    : 17,253
  fps step + policy inference : 17,016
  fps total                   : 15,879
  epoch                       : 276 / 1,000
  frames                      : 45,219,840


Policy 0: 
Timing:
  Play time               : 9.617 s
  Update time             : 0.699 s
  Time to train epoch     : 10.316 s


Statistics:
  fps step                    : 17,273
  fps step + policy inference : 17,036
  fps total                   : 15,882
  epoch                       : 277 / 1,000
  frames                      : 45,383,680


Policy 0: 
Timing:
  Play time               : 9.564 s
  Update time             : 0.769 s
  Time to train epoch     : 10.333 s


Statistics:
  fps step                    : 17,366
  fps step + policy inference : 17,131
  fps total                   : 15,856
  epoch                       : 278 / 1,000
  frames                      : 45,547,520


Policy 0: 
Timing:
  Play time               : 9.640 s
  Update time             : 0.752 s
  Time to train epoch     : 10.392 s


Statistics:
  fps step                    : 17,234
  fps step + policy inference : 16,995
  fps total                   : 15,766
  epoch                       : 279 / 1,000
  frames                      : 45,711,360


Policy 0: 
Timing:
  Play time               : 9.678 s
  Update time             : 0.758 s
  Time to train epoch     : 10.435 s


Statistics:
  fps step                    : 17,170
  fps step + policy inference : 16,930
  fps total                   : 15,701
  epoch                       : 280 / 1,000
  frames                      : 45,875,200


Policy 0: 
Timing:
  Play time               : 9.677 s
  Update time             : 0.689 s
  Time to train epoch     : 10.366 s


Statistics:
  fps step                    : 17,170
  fps step + policy inference : 16,930
  fps total                   : 15,805
  epoch                       : 281 / 1,000
  frames                      : 46,039,040


Policy 0: 
Timing:
  Play time               : 9.858 s
  Update time             : 0.775 s
  Time to train epoch     : 10.633 s


Statistics:
  fps step                    : 17,133
  fps step + policy inference : 16,621
  fps total                   : 15,408
  epoch                       : 282 / 1,000
  frames                      : 46,202,880


Policy 0: 
Timing:
  Play time               : 9.613 s
  Update time             : 0.709 s
  Time to train epoch     : 10.322 s


Statistics:
  fps step                    : 17,294
  fps step + policy inference : 17,043
  fps total                   : 15,873
  epoch                       : 283 / 1,000
  frames                      : 46,366,720


Policy 0: 
Timing:
  Play time               : 9.646 s
  Update time             : 0.753 s
  Time to train epoch     : 10.399 s


Statistics:
  fps step                    : 17,241
  fps step + policy inference : 16,985
  fps total                   : 15,755
  epoch                       : 284 / 1,000
  frames                      : 46,530,560


Policy 0: 
Timing:
  Play time               : 9.649 s
  Update time             : 0.779 s
  Time to train epoch     : 10.428 s


Statistics:
  fps step                    : 17,239
  fps step + policy inference : 16,980
  fps total                   : 15,711
  epoch                       : 285 / 1,000
  frames                      : 46,694,400


Policy 0: saving next best rewards:  [132.54]
=> saving checkpoint 'runs/expert_row5_seed2810/nn/expert_row5_seed2810.pth'

Timing:
  Play time               : 9.759 s
  Update time             : 0.854 s
  Time to train epoch     : 10.613 s


Statistics:
  fps step                    : 17,053
  fps step + policy inference : 16,789
  fps total                   : 15,438
  epoch                       : 286 / 1,000
  frames                      : 46,858,240


Policy 0: saving next best rewards:  [132.59]
=> saving checkpoint 'runs/expert_row5_seed2810/nn/expert_row5_seed2810.pth'

Timing:
  Play time               : 9.648 s
  Update time             : 0.893 s
  Time to train epoch     : 10.542 s


Statistics:
  fps step                    : 17,247
  fps step + policy inference : 16,981
  fps total                   : 15,542
  epoch                       : 287 / 1,000
  frames                      : 47,022,080


Policy 0: saving next best rewards:  [132.92]
=> saving checkpoint 'runs/expert_row5_seed2810/nn/expert_row5_seed2810.pth'

Timing:
  Play time               : 9.667 s
  Update time             : 0.953 s
  Time to train epoch     : 10.620 s


Statistics:
  fps step                    : 17,221
  fps step + policy inference : 16,949
  fps total                   : 15,427
  epoch                       : 288 / 1,000
  frames                      : 47,185,920


Policy 0: 
Timing:
  Play time               : 9.659 s
  Update time             : 0.868 s
  Time to train epoch     : 10.527 s


Statistics:
  fps step                    : 17,230
  fps step + policy inference : 16,962
  fps total                   : 15,564
  epoch                       : 289 / 1,000
  frames                      : 47,349,760


Policy 0: saving next best rewards:  [133.28]
=> saving checkpoint 'runs/expert_row5_seed2810/nn/expert_row5_seed2810.pth'

Timing:
  Play time               : 9.685 s
  Update time             : 0.817 s
  Time to train epoch     : 10.502 s


Statistics:
  fps step                    : 17,178
  fps step + policy inference : 16,916
  fps total                   : 15,601
  epoch                       : 290 / 1,000
  frames                      : 47,513,600


Policy 0: saving next best rewards:  [133.53]
=> saving checkpoint 'runs/expert_row5_seed2810/nn/expert_row5_seed2810.pth'

Timing:
  Play time               : 9.667 s
  Update time             : 0.786 s
  Time to train epoch     : 10.454 s


Statistics:
  fps step                    : 17,205
  fps step + policy inference : 16,948
  fps total                   : 15,673
  epoch                       : 291 / 1,000
  frames                      : 47,677,440


Policy 0: saving next best rewards:  [133.79]
=> saving checkpoint 'runs/expert_row5_seed2810/nn/expert_row5_seed2810.pth'

Timing:
  Play time               : 9.671 s
  Update time             : 0.747 s
  Time to train epoch     : 10.418 s


Statistics:
  fps step                    : 17,195
  fps step + policy inference : 16,941
  fps total                   : 15,727
  epoch                       : 292 / 1,000
  frames                      : 47,841,280


Policy 0: saving next best rewards:  [133.91]
=> saving checkpoint 'runs/expert_row5_seed2810/nn/expert_row5_seed2810.pth'

Timing:
  Play time               : 9.653 s
  Update time             : 0.716 s
  Time to train epoch     : 10.369 s


Statistics:
  fps step                    : 17,227
  fps step + policy inference : 16,973
  fps total                   : 15,802
  epoch                       : 293 / 1,000
  frames                      : 48,005,120


Policy 0: saving next best rewards:  [134.]
=> saving checkpoint 'runs/expert_row5_seed2810/nn/expert_row5_seed2810.pth'

Timing:
  Play time               : 9.659 s
  Update time             : 0.702 s
  Time to train epoch     : 10.362 s


Statistics:
  fps step                    : 17,199
  fps step + policy inference : 16,962
  fps total                   : 15,812
  epoch                       : 294 / 1,000
  frames                      : 48,168,960


Policy 0: saving next best rewards:  [134.]
=> saving checkpoint 'runs/expert_row5_seed2810/nn/expert_row5_seed2810.pth'

Timing:
  Play time               : 9.682 s
  Update time             : 0.787 s
  Time to train epoch     : 10.469 s


Statistics:
  fps step                    : 17,161
  fps step + policy inference : 16,922
  fps total                   : 15,650
  epoch                       : 295 / 1,000
  frames                      : 48,332,800


Policy 0: 
Timing:
  Play time               : 9.662 s
  Update time             : 0.754 s
  Time to train epoch     : 10.416 s


Statistics:
  fps step                    : 17,196
  fps step + policy inference : 16,958
  fps total                   : 15,729
  epoch                       : 296 / 1,000
  frames                      : 48,496,640


Policy 0: 
Timing:
  Play time               : 9.627 s
  Update time             : 0.696 s
  Time to train epoch     : 10.323 s


Statistics:
  fps step                    : 17,255
  fps step + policy inference : 17,019
  fps total                   : 15,872
  epoch                       : 297 / 1,000
  frames                      : 48,660,480


Policy 0: 
Timing:
  Play time               : 9.706 s
  Update time             : 0.664 s
  Time to train epoch     : 10.370 s


Statistics:
  fps step                    : 17,123
  fps step + policy inference : 16,880
  fps total                   : 15,800
  epoch                       : 298 / 1,000
  frames                      : 48,824,320


Policy 0: 
Timing:
  Play time               : 9.682 s
  Update time             : 0.690 s
  Time to train epoch     : 10.372 s


Statistics:
  fps step                    : 17,165
  fps step + policy inference : 16,922
  fps total                   : 15,796
  epoch                       : 299 / 1,000
  frames                      : 48,988,160


Policy 0: saving next best rewards:  [134.06]
=> saving checkpoint 'runs/expert_row5_seed2810/nn/expert_row5_seed2810.pth'

Timing:
  Play time               : 9.844 s
  Update time             : 0.686 s
  Time to train epoch     : 10.530 s


Statistics:
  fps step                    : 17,142
  fps step + policy inference : 16,644
  fps total                   : 15,559
  epoch                       : 300 / 1,000
  frames                      : 49,152,000


Policy 0: saving next best rewards:  [136.14]
=> saving checkpoint 'runs/expert_row5_seed2810/nn/expert_row5_seed2810.pth'

Timing:
  Play time               : 9.643 s
  Update time             : 0.802 s
  Time to train epoch     : 10.445 s


Statistics:
  fps step                    : 17,248
  fps step + policy inference : 16,990
  fps total                   : 15,686
  epoch                       : 301 / 1,000
  frames                      : 49,315,840


Policy 0: 
Timing:
  Play time               : 9.633 s
  Update time             : 0.748 s
  Time to train epoch     : 10.381 s


Statistics:
  fps step                    : 17,264
  fps step + policy inference : 17,008
  fps total                   : 15,783
  epoch                       : 302 / 1,000
  frames                      : 49,479,680


Policy 0: saving next best rewards:  [136.34]
=> saving checkpoint 'runs/expert_row5_seed2810/nn/expert_row5_seed2810.pth'

Timing:
  Play time               : 9.637 s
  Update time             : 0.777 s
  Time to train epoch     : 10.414 s


Statistics:
  fps step                    : 17,258
  fps step + policy inference : 17,002
  fps total                   : 15,732
  epoch                       : 303 / 1,000
  frames                      : 49,643,520


Policy 0: saving next best rewards:  [136.55]
=> saving checkpoint 'runs/expert_row5_seed2810/nn/expert_row5_seed2810.pth'

Timing:
  Play time               : 9.632 s
  Update time             : 0.871 s
  Time to train epoch     : 10.503 s


Statistics:
  fps step                    : 17,280
  fps step + policy inference : 17,010
  fps total                   : 15,599
  epoch                       : 304 / 1,000
  frames                      : 49,807,360


Policy 0: saving next best rewards:  [136.74]
=> saving checkpoint 'runs/expert_row5_seed2810/nn/expert_row5_seed2810.pth'

Timing:
  Play time               : 9.655 s
  Update time             : 0.956 s
  Time to train epoch     : 10.611 s


Statistics:
  fps step                    : 17,243
  fps step + policy inference : 16,970
  fps total                   : 15,441
  epoch                       : 305 / 1,000
  frames                      : 49,971,200


Policy 0: saving next best rewards:  [136.98]
=> saving checkpoint 'runs/expert_row5_seed2810/nn/expert_row5_seed2810.pth'

Timing:
  Play time               : 9.651 s
  Update time             : 0.861 s
  Time to train epoch     : 10.512 s


Statistics:
  fps step                    : 17,244
  fps step + policy inference : 16,977
  fps total                   : 15,586
  epoch                       : 306 / 1,000
  frames                      : 50,135,040


Policy 0: saving next best rewards:  [137.26]
=> saving checkpoint 'runs/expert_row5_seed2810/nn/expert_row5_seed2810.pth'

Timing:
  Play time               : 9.663 s
  Update time             : 0.811 s
  Time to train epoch     : 10.473 s


Statistics:
  fps step                    : 17,224
  fps step + policy inference : 16,956
  fps total                   : 15,644
  epoch                       : 307 / 1,000
  frames                      : 50,298,880


Policy 0: saving next best rewards:  [137.63]
=> saving checkpoint 'runs/expert_row5_seed2810/nn/expert_row5_seed2810.pth'

Timing:
  Play time               : 9.654 s
  Update time             : 0.815 s
  Time to train epoch     : 10.469 s


Statistics:
  fps step                    : 17,238
  fps step + policy inference : 16,971
  fps total                   : 15,650
  epoch                       : 308 / 1,000
  frames                      : 50,462,720


Policy 0: saving next best rewards:  [137.79]
=> saving checkpoint 'runs/expert_row5_seed2810/nn/expert_row5_seed2810.pth'

Timing:
  Play time               : 9.666 s
  Update time             : 0.819 s
  Time to train epoch     : 10.486 s


Statistics:
  fps step                    : 17,212
  fps step + policy inference : 16,950
  fps total                   : 15,625
  epoch                       : 309 / 1,000
  frames                      : 50,626,560


Policy 0: saving next best rewards:  [138.02]
=> saving checkpoint 'runs/expert_row5_seed2810/nn/expert_row5_seed2810.pth'

Timing:
  Play time               : 9.653 s
  Update time             : 0.770 s
  Time to train epoch     : 10.423 s


Statistics:
  fps step                    : 17,229
  fps step + policy inference : 16,973
  fps total                   : 15,718
  epoch                       : 310 / 1,000
  frames                      : 50,790,400


Policy 0: saving next best rewards:  [138.23]
=> saving checkpoint 'runs/expert_row5_seed2810/nn/expert_row5_seed2810.pth'

Timing:
  Play time               : 9.647 s
  Update time             : 0.778 s
  Time to train epoch     : 10.425 s


Statistics:
  fps step                    : 17,235
  fps step + policy inference : 16,983
  fps total                   : 15,716
  epoch                       : 311 / 1,000
  frames                      : 50,954,240


Policy 0: saving next best rewards:  [138.38]
=> saving checkpoint 'runs/expert_row5_seed2810/nn/expert_row5_seed2810.pth'

Timing:
  Play time               : 9.584 s
  Update time             : 0.782 s
  Time to train epoch     : 10.366 s


Statistics:
  fps step                    : 17,343
  fps step + policy inference : 17,095
  fps total                   : 15,805
  epoch                       : 312 / 1,000
  frames                      : 51,118,080


Policy 0: saving next best rewards:  [138.42]
=> saving checkpoint 'runs/expert_row5_seed2810/nn/expert_row5_seed2810.pth'

Timing:
  Play time               : 9.596 s
  Update time             : 0.777 s
  Time to train epoch     : 10.373 s


Statistics:
  fps step                    : 17,316
  fps step + policy inference : 17,074
  fps total                   : 15,795
  epoch                       : 313 / 1,000
  frames                      : 51,281,920


Policy 0: saving next best rewards:  [138.47]
=> saving checkpoint 'runs/expert_row5_seed2810/nn/expert_row5_seed2810.pth'

Timing:
  Play time               : 9.567 s
  Update time             : 0.719 s
  Time to train epoch     : 10.286 s


Statistics:
  fps step                    : 17,369
  fps step + policy inference : 17,126
  fps total                   : 15,928
  epoch                       : 314 / 1,000
  frames                      : 51,445,760


Policy 0: saving next best rewards:  [138.51]
=> saving checkpoint 'runs/expert_row5_seed2810/nn/expert_row5_seed2810.pth'

Timing:
  Play time               : 9.568 s
  Update time             : 0.673 s
  Time to train epoch     : 10.241 s


Statistics:
  fps step                    : 17,368
  fps step + policy inference : 17,124
  fps total                   : 15,998
  epoch                       : 315 / 1,000
  frames                      : 51,609,600


Policy 0: saving next best rewards:  [138.55]
=> saving checkpoint 'runs/expert_row5_seed2810/nn/expert_row5_seed2810.pth'

Timing:
  Play time               : 9.552 s
  Update time             : 0.659 s
  Time to train epoch     : 10.211 s


Statistics:
  fps step                    : 17,391
  fps step + policy inference : 17,152
  fps total                   : 16,045
  epoch                       : 316 / 1,000
  frames                      : 51,773,440


Policy 0: saving next best rewards:  [138.57]
=> saving checkpoint 'runs/expert_row5_seed2810/nn/expert_row5_seed2810.pth'

Timing:
  Play time               : 9.640 s
  Update time             : 0.667 s
  Time to train epoch     : 10.307 s


Statistics:
  fps step                    : 17,238
  fps step + policy inference : 16,996
  fps total                   : 15,896
  epoch                       : 317 / 1,000
  frames                      : 51,937,280


Policy 0: 
Timing:
  Play time               : 9.623 s
  Update time             : 0.667 s
  Time to train epoch     : 10.290 s


Statistics:
  fps step                    : 17,269
  fps step + policy inference : 17,026
  fps total                   : 15,923
  epoch                       : 318 / 1,000
  frames                      : 52,101,120


Policy 0: 
Timing:
  Play time               : 9.856 s
  Update time             : 0.774 s
  Time to train epoch     : 10.629 s


Statistics:
  fps step                    : 17,126
  fps step + policy inference : 16,624
  fps total                   : 15,414
  epoch                       : 319 / 1,000
  frames                      : 52,264,960


Policy 0: saving next best rewards:  [140.24]
=> saving checkpoint 'runs/expert_row5_seed2810/nn/expert_row5_seed2810.pth'

Timing:
  Play time               : 9.620 s
  Update time             : 0.796 s
  Time to train epoch     : 10.416 s


Statistics:
  fps step                    : 17,291
  fps step + policy inference : 17,030
  fps total                   : 15,730
  epoch                       : 320 / 1,000
  frames                      : 52,428,800


Policy 0: saving next best rewards:  [140.3]
=> saving checkpoint 'runs/expert_row5_seed2810/nn/expert_row5_seed2810.pth'

Timing:
  Play time               : 9.623 s
  Update time             : 0.790 s
  Time to train epoch     : 10.413 s


Statistics:
  fps step                    : 17,285
  fps step + policy inference : 17,026
  fps total                   : 15,735
  epoch                       : 321 / 1,000
  frames                      : 52,592,640


Policy 0: saving next best rewards:  [140.58]
=> saving checkpoint 'runs/expert_row5_seed2810/nn/expert_row5_seed2810.pth'

Timing:
  Play time               : 9.636 s
  Update time             : 0.877 s
  Time to train epoch     : 10.513 s


Statistics:
  fps step                    : 17,263
  fps step + policy inference : 17,004
  fps total                   : 15,585
  epoch                       : 322 / 1,000
  frames                      : 52,756,480


Policy 0: 
Timing:
  Play time               : 9.625 s
  Update time             : 0.857 s
  Time to train epoch     : 10.482 s


Statistics:
  fps step                    : 17,290
  fps step + policy inference : 17,021
  fps total                   : 15,630
  epoch                       : 323 / 1,000
  frames                      : 52,920,320


Policy 0: saving next best rewards:  [140.83]
=> saving checkpoint 'runs/expert_row5_seed2810/nn/expert_row5_seed2810.pth'

Timing:
  Play time               : 9.643 s
  Update time             : 0.850 s
  Time to train epoch     : 10.493 s


Statistics:
  fps step                    : 17,263
  fps step + policy inference : 16,990
  fps total                   : 15,614
  epoch                       : 324 / 1,000
  frames                      : 53,084,160


Policy 0: 
Timing:
  Play time               : 9.625 s
  Update time             : 0.823 s
  Time to train epoch     : 10.448 s


Statistics:
  fps step                    : 17,292
  fps step + policy inference : 17,022
  fps total                   : 15,681
  epoch                       : 325 / 1,000
  frames                      : 53,248,000


Policy 0: saving next best rewards:  [141.05]
=> saving checkpoint 'runs/expert_row5_seed2810/nn/expert_row5_seed2810.pth'

Timing:
  Play time               : 9.652 s
  Update time             : 0.796 s
  Time to train epoch     : 10.448 s


Statistics:
  fps step                    : 17,247
  fps step + policy inference : 16,975
  fps total                   : 15,682
  epoch                       : 326 / 1,000
  frames                      : 53,411,840


Policy 0: saving next best rewards:  [141.3]
=> saving checkpoint 'runs/expert_row5_seed2810/nn/expert_row5_seed2810.pth'

Timing:
  Play time               : 9.647 s
  Update time             : 0.822 s
  Time to train epoch     : 10.469 s


Statistics:
  fps step                    : 17,250
  fps step + policy inference : 16,983
  fps total                   : 15,650
  epoch                       : 327 / 1,000
  frames                      : 53,575,680


Policy 0: saving next best rewards:  [141.35]
=> saving checkpoint 'runs/expert_row5_seed2810/nn/expert_row5_seed2810.pth'

Timing:
  Play time               : 9.638 s
  Update time             : 0.792 s
  Time to train epoch     : 10.430 s


Statistics:
  fps step                    : 17,263
  fps step + policy inference : 17,000
  fps total                   : 15,709
  epoch                       : 328 / 1,000
  frames                      : 53,739,520


Policy 0: saving next best rewards:  [141.55]
=> saving checkpoint 'runs/expert_row5_seed2810/nn/expert_row5_seed2810.pth'

Timing:
  Play time               : 9.648 s
  Update time             : 0.806 s
  Time to train epoch     : 10.454 s


Statistics:
  fps step                    : 17,236
  fps step + policy inference : 16,982
  fps total                   : 15,672
  epoch                       : 329 / 1,000
  frames                      : 53,903,360


Policy 0: saving next best rewards:  [141.71]
=> saving checkpoint 'runs/expert_row5_seed2810/nn/expert_row5_seed2810.pth'

Timing:
  Play time               : 9.633 s
  Update time             : 0.794 s
  Time to train epoch     : 10.427 s


Statistics:
  fps step                    : 17,262
  fps step + policy inference : 17,008
  fps total                   : 15,713
  epoch                       : 330 / 1,000
  frames                      : 54,067,200


Policy 0: saving next best rewards:  [141.81]
=> saving checkpoint 'runs/expert_row5_seed2810/nn/expert_row5_seed2810.pth'

Timing:
  Play time               : 9.578 s
  Update time             : 0.796 s
  Time to train epoch     : 10.374 s


Statistics:
  fps step                    : 17,352
  fps step + policy inference : 17,105
  fps total                   : 15,793
  epoch                       : 331 / 1,000
  frames                      : 54,231,040


Policy 0: saving next best rewards:  [141.84]
=> saving checkpoint 'runs/expert_row5_seed2810/nn/expert_row5_seed2810.pth'

Timing:
  Play time               : 9.568 s
  Update time             : 0.770 s
  Time to train epoch     : 10.338 s


Statistics:
  fps step                    : 17,365
  fps step + policy inference : 17,124
  fps total                   : 15,848
  epoch                       : 332 / 1,000
  frames                      : 54,394,880


Policy 0: saving next best rewards:  [141.86]
=> saving checkpoint 'runs/expert_row5_seed2810/nn/expert_row5_seed2810.pth'

Timing:
  Play time               : 9.528 s
  Update time             : 0.663 s
  Time to train epoch     : 10.191 s


Statistics:
  fps step                    : 17,435
  fps step + policy inference : 17,196
  fps total                   : 16,076
  epoch                       : 333 / 1,000
  frames                      : 54,558,720


Policy 0: saving next best rewards:  [141.89]
=> saving checkpoint 'runs/expert_row5_seed2810/nn/expert_row5_seed2810.pth'

Timing:
  Play time               : 9.588 s
  Update time             : 0.661 s
  Time to train epoch     : 10.249 s


Statistics:
  fps step                    : 17,329
  fps step + policy inference : 17,087
  fps total                   : 15,986
  epoch                       : 334 / 1,000
  frames                      : 54,722,560


Policy 0: saving next best rewards:  [141.89]
=> saving checkpoint 'runs/expert_row5_seed2810/nn/expert_row5_seed2810.pth'

Timing:
  Play time               : 9.601 s
  Update time             : 0.658 s
  Time to train epoch     : 10.260 s


Statistics:
  fps step                    : 17,303
  fps step + policy inference : 17,064
  fps total                   : 15,969
  epoch                       : 335 / 1,000
  frames                      : 54,886,400


Policy 0: saving next best rewards:  [141.92]
=> saving checkpoint 'runs/expert_row5_seed2810/nn/expert_row5_seed2810.pth'

Timing:
  Play time               : 9.633 s
  Update time             : 0.700 s
  Time to train epoch     : 10.333 s


Statistics:
  fps step                    : 17,257
  fps step + policy inference : 17,009
  fps total                   : 15,857
  epoch                       : 336 / 1,000
  frames                      : 55,050,240


Policy 0: saving next best rewards:  [141.97]
=> saving checkpoint 'runs/expert_row5_seed2810/nn/expert_row5_seed2810.pth'

Timing:
  Play time               : 9.635 s
  Update time             : 0.715 s
  Time to train epoch     : 10.350 s


Statistics:
  fps step                    : 17,251
  fps step + policy inference : 17,005
  fps total                   : 15,830
  epoch                       : 337 / 1,000
  frames                      : 55,214,080


Policy 0: 
Timing:
  Play time               : 9.839 s
  Update time             : 0.860 s
  Time to train epoch     : 10.699 s


Statistics:
  fps step                    : 17,155
  fps step + policy inference : 16,652
  fps total                   : 15,313
  epoch                       : 338 / 1,000
  frames                      : 55,377,920


Policy 0: saving next best rewards:  [143.27]
=> saving checkpoint 'runs/expert_row5_seed2810/nn/expert_row5_seed2810.pth'

Timing:
  Play time               : 9.603 s
  Update time             : 0.846 s
  Time to train epoch     : 10.449 s


Statistics:
  fps step                    : 17,311
  fps step + policy inference : 17,061
  fps total                   : 15,680
  epoch                       : 339 / 1,000
  frames                      : 55,541,760


Policy 0: saving next best rewards:  [143.3]
=> saving checkpoint 'runs/expert_row5_seed2810/nn/expert_row5_seed2810.pth'

Timing:
  Play time               : 9.642 s
  Update time             : 0.831 s
  Time to train epoch     : 10.473 s


Statistics:
  fps step                    : 17,254
  fps step + policy inference : 16,993
  fps total                   : 15,645
  epoch                       : 340 / 1,000
  frames                      : 55,705,600


Policy 0: saving next best rewards:  [143.47]
=> saving checkpoint 'runs/expert_row5_seed2810/nn/expert_row5_seed2810.pth'

Timing:
  Play time               : 9.635 s
  Update time             : 0.771 s
  Time to train epoch     : 10.406 s


Statistics:
  fps step                    : 17,270
  fps step + policy inference : 17,005
  fps total                   : 15,745
  epoch                       : 341 / 1,000
  frames                      : 55,869,440


Policy 0: 
Timing:
  Play time               : 9.656 s
  Update time             : 0.873 s
  Time to train epoch     : 10.529 s


Statistics:
  fps step                    : 17,238
  fps step + policy inference : 16,968
  fps total                   : 15,561
  epoch                       : 342 / 1,000
  frames                      : 56,033,280


Policy 0: saving next best rewards:  [143.49]
=> saving checkpoint 'runs/expert_row5_seed2810/nn/expert_row5_seed2810.pth'

Timing:
  Play time               : 9.641 s
  Update time             : 0.831 s
  Time to train epoch     : 10.472 s


Statistics:
  fps step                    : 17,260
  fps step + policy inference : 16,993
  fps total                   : 15,645
  epoch                       : 343 / 1,000
  frames                      : 56,197,120


Policy 0: saving next best rewards:  [143.72]
=> saving checkpoint 'runs/expert_row5_seed2810/nn/expert_row5_seed2810.pth'

Timing:
  Play time               : 9.653 s
  Update time             : 0.833 s
  Time to train epoch     : 10.486 s


Statistics:
  fps step                    : 17,245
  fps step + policy inference : 16,973
  fps total                   : 15,625
  epoch                       : 344 / 1,000
  frames                      : 56,360,960


Policy 0: saving next best rewards:  [144.03]
=> saving checkpoint 'runs/expert_row5_seed2810/nn/expert_row5_seed2810.pth'

Timing:
  Play time               : 9.660 s
  Update time             : 0.827 s
  Time to train epoch     : 10.488 s


Statistics:
  fps step                    : 17,225
  fps step + policy inference : 16,960
  fps total                   : 15,622
  epoch                       : 345 / 1,000
  frames                      : 56,524,800


Policy 0: saving next best rewards:  [144.1]
=> saving checkpoint 'runs/expert_row5_seed2810/nn/expert_row5_seed2810.pth'

Timing:
  Play time               : 9.630 s
  Update time             : 0.888 s
  Time to train epoch     : 10.518 s


Statistics:
  fps step                    : 17,281
  fps step + policy inference : 17,013
  fps total                   : 15,577
  epoch                       : 346 / 1,000
  frames                      : 56,688,640


Policy 0: 
Timing:
  Play time               : 9.635 s
  Update time             : 0.894 s
  Time to train epoch     : 10.529 s


Statistics:
  fps step                    : 17,271
  fps step + policy inference : 17,004
  fps total                   : 15,560
  epoch                       : 347 / 1,000
  frames                      : 56,852,480


Policy 0: saving next best rewards:  [144.27]
=> saving checkpoint 'runs/expert_row5_seed2810/nn/expert_row5_seed2810.pth'

Timing:
  Play time               : 9.649 s
  Update time             : 0.850 s
  Time to train epoch     : 10.499 s


Statistics:
  fps step                    : 17,234
  fps step + policy inference : 16,980
  fps total                   : 15,605
  epoch                       : 348 / 1,000
  frames                      : 57,016,320


Policy 0: saving next best rewards:  [144.39]
=> saving checkpoint 'runs/expert_row5_seed2810/nn/expert_row5_seed2810.pth'

Timing:
  Play time               : 9.600 s
  Update time             : 0.752 s
  Time to train epoch     : 10.351 s


Statistics:
  fps step                    : 17,319
  fps step + policy inference : 17,067
  fps total                   : 15,828
  epoch                       : 349 / 1,000
  frames                      : 57,180,160


Policy 0: saving next best rewards:  [144.42]
=> saving checkpoint 'runs/expert_row5_seed2810/nn/expert_row5_seed2810.pth'

Timing:
  Play time               : 9.545 s
  Update time             : 0.666 s
  Time to train epoch     : 10.211 s


Statistics:
  fps step                    : 17,411
  fps step + policy inference : 17,165
  fps total                   : 16,046
  epoch                       : 350 / 1,000
  frames                      : 57,344,000


Policy 0: saving next best rewards:  [144.44]
=> saving checkpoint 'runs/expert_row5_seed2810/nn/expert_row5_seed2810.pth'

Timing:
  Play time               : 9.544 s
  Update time             : 0.673 s
  Time to train epoch     : 10.217 s


Statistics:
  fps step                    : 17,411
  fps step + policy inference : 17,167
  fps total                   : 16,035
  epoch                       : 351 / 1,000
  frames                      : 57,507,840


Policy 0: saving next best rewards:  [144.44]
=> saving checkpoint 'runs/expert_row5_seed2810/nn/expert_row5_seed2810.pth'

Timing:
  Play time               : 9.576 s
  Update time             : 0.662 s
  Time to train epoch     : 10.238 s


Statistics:
  fps step                    : 17,356
  fps step + policy inference : 17,109
  fps total                   : 16,003
  epoch                       : 352 / 1,000
  frames                      : 57,671,680


Policy 0: 
Timing:
  Play time               : 9.524 s
  Update time             : 0.657 s
  Time to train epoch     : 10.180 s


Statistics:
  fps step                    : 17,447
  fps step + policy inference : 17,204
  fps total                   : 16,094
  epoch                       : 353 / 1,000
  frames                      : 57,835,520


Policy 0: 
Timing:
  Play time               : 9.637 s
  Update time             : 0.684 s
  Time to train epoch     : 10.321 s


Statistics:
  fps step                    : 17,246
  fps step + policy inference : 17,002
  fps total                   : 15,875
  epoch                       : 354 / 1,000
  frames                      : 57,999,360


Policy 0: 
Timing:
  Play time               : 9.617 s
  Update time             : 0.710 s
  Time to train epoch     : 10.327 s


Statistics:
  fps step                    : 17,284
  fps step + policy inference : 17,037
  fps total                   : 15,866
  epoch                       : 355 / 1,000
  frames                      : 58,163,200


Policy 0: 
Timing:
  Play time               : 9.649 s
  Update time             : 0.769 s
  Time to train epoch     : 10.418 s


Statistics:
  fps step                    : 17,224
  fps step + policy inference : 16,980
  fps total                   : 15,726
  epoch                       : 356 / 1,000
  frames                      : 58,327,040


Policy 0: 
Timing:
  Play time               : 9.830 s
  Update time             : 0.908 s
  Time to train epoch     : 10.738 s


Statistics:
  fps step                    : 17,174
  fps step + policy inference : 16,667
  fps total                   : 15,258
  epoch                       : 357 / 1,000
  frames                      : 58,490,880


Policy 0: saving next best rewards:  [145.05]
=> saving checkpoint 'runs/expert_row5_seed2810/nn/expert_row5_seed2810.pth'

Timing:
  Play time               : 9.624 s
  Update time             : 0.789 s
  Time to train epoch     : 10.413 s


Statistics:
  fps step                    : 17,280
  fps step + policy inference : 17,024
  fps total                   : 15,735
  epoch                       : 358 / 1,000
  frames                      : 58,654,720


Policy 0: saving next best rewards:  [145.19]
=> saving checkpoint 'runs/expert_row5_seed2810/nn/expert_row5_seed2810.pth'

Timing:
  Play time               : 9.633 s
  Update time             : 0.803 s
  Time to train epoch     : 10.436 s


Statistics:
  fps step                    : 17,269
  fps step + policy inference : 17,008
  fps total                   : 15,700
  epoch                       : 359 / 1,000
  frames                      : 58,818,560


Policy 0: saving next best rewards:  [145.25]
=> saving checkpoint 'runs/expert_row5_seed2810/nn/expert_row5_seed2810.pth'

Timing:
  Play time               : 9.599 s
  Update time             : 0.785 s
  Time to train epoch     : 10.384 s


Statistics:
  fps step                    : 17,331
  fps step + policy inference : 17,068
  fps total                   : 15,778
  epoch                       : 360 / 1,000
  frames                      : 58,982,400


Policy 0: saving next best rewards:  [145.47]
=> saving checkpoint 'runs/expert_row5_seed2810/nn/expert_row5_seed2810.pth'

Timing:
  Play time               : 9.629 s
  Update time             : 0.820 s
  Time to train epoch     : 10.449 s


Statistics:
  fps step                    : 17,288
  fps step + policy inference : 17,016
  fps total                   : 15,680
  epoch                       : 361 / 1,000
  frames                      : 59,146,240


Policy 0: saving next best rewards:  [145.64]
=> saving checkpoint 'runs/expert_row5_seed2810/nn/expert_row5_seed2810.pth'

Timing:
  Play time               : 9.614 s
  Update time             : 0.828 s
  Time to train epoch     : 10.441 s


Statistics:
  fps step                    : 17,309
  fps step + policy inference : 17,043
  fps total                   : 15,692
  epoch                       : 362 / 1,000
  frames                      : 59,310,080


Policy 0: saving next best rewards:  [145.86]
=> saving checkpoint 'runs/expert_row5_seed2810/nn/expert_row5_seed2810.pth'

Timing:
  Play time               : 9.630 s
  Update time             : 0.891 s
  Time to train epoch     : 10.521 s


Statistics:
  fps step                    : 17,287
  fps step + policy inference : 17,013
  fps total                   : 15,573
  epoch                       : 363 / 1,000
  frames                      : 59,473,920


Policy 0: saving next best rewards:  [146.2]
=> saving checkpoint 'runs/expert_row5_seed2810/nn/expert_row5_seed2810.pth'

Timing:
  Play time               : 9.630 s
  Update time             : 0.903 s
  Time to train epoch     : 10.533 s


Statistics:
  fps step                    : 17,282
  fps step + policy inference : 17,013
  fps total                   : 15,555
  epoch                       : 364 / 1,000
  frames                      : 59,637,760


Policy 0: saving next best rewards:  [146.38]
=> saving checkpoint 'runs/expert_row5_seed2810/nn/expert_row5_seed2810.pth'

Timing:
  Play time               : 9.618 s
  Update time             : 0.907 s
  Time to train epoch     : 10.525 s


Statistics:
  fps step                    : 17,295
  fps step + policy inference : 17,034
  fps total                   : 15,566
  epoch                       : 365 / 1,000
  frames                      : 59,801,600


Policy 0: saving next best rewards:  [146.58]
=> saving checkpoint 'runs/expert_row5_seed2810/nn/expert_row5_seed2810.pth'

Timing:
  Play time               : 9.628 s
  Update time             : 0.851 s
  Time to train epoch     : 10.479 s


Statistics:
  fps step                    : 17,280
  fps step + policy inference : 17,017
  fps total                   : 15,635
  epoch                       : 366 / 1,000
  frames                      : 59,965,440


Policy 0: saving next best rewards:  [146.8]
=> saving checkpoint 'runs/expert_row5_seed2810/nn/expert_row5_seed2810.pth'

Timing:
  Play time               : 9.617 s
  Update time             : 0.769 s
  Time to train epoch     : 10.386 s


Statistics:
  fps step                    : 17,292
  fps step + policy inference : 17,036
  fps total                   : 15,775
  epoch                       : 367 / 1,000
  frames                      : 60,129,280


Policy 0: saving next best rewards:  [146.88]
=> saving checkpoint 'runs/expert_row5_seed2810/nn/expert_row5_seed2810.pth'

Timing:
  Play time               : 9.587 s
  Update time             : 0.720 s
  Time to train epoch     : 10.306 s


Statistics:
  fps step                    : 17,345
  fps step + policy inference : 17,091
  fps total                   : 15,897
  epoch                       : 368 / 1,000
  frames                      : 60,293,120


Policy 0: saving next best rewards:  [146.93]
=> saving checkpoint 'runs/expert_row5_seed2810/nn/expert_row5_seed2810.pth'

Timing:
  Play time               : 9.527 s
  Update time             : 0.652 s
  Time to train epoch     : 10.180 s


Statistics:
  fps step                    : 17,440
  fps step + policy inference : 17,197
  fps total                   : 16,094
  epoch                       : 369 / 1,000
  frames                      : 60,456,960


Policy 0: saving next best rewards:  [146.95]
=> saving checkpoint 'runs/expert_row5_seed2810/nn/expert_row5_seed2810.pth'

Timing:
  Play time               : 9.547 s
  Update time             : 0.720 s
  Time to train epoch     : 10.266 s


Statistics:
  fps step                    : 17,406
  fps step + policy inference : 17,162
  fps total                   : 15,959
  epoch                       : 370 / 1,000
  frames                      : 60,620,800


Policy 0: saving next best rewards:  [147.]
=> saving checkpoint 'runs/expert_row5_seed2810/nn/expert_row5_seed2810.pth'

Timing:
  Play time               : 9.544 s
  Update time             : 0.677 s
  Time to train epoch     : 10.221 s


Statistics:
  fps step                    : 17,410
  fps step + policy inference : 17,166
  fps total                   : 16,029
  epoch                       : 371 / 1,000
  frames                      : 60,784,640


Policy 0: saving next best rewards:  [147.01]
=> saving checkpoint 'runs/expert_row5_seed2810/nn/expert_row5_seed2810.pth'

Timing:
  Play time               : 9.519 s
  Update time             : 0.657 s
  Time to train epoch     : 10.176 s


Statistics:
  fps step                    : 17,457
  fps step + policy inference : 17,211
  fps total                   : 16,101
  epoch                       : 372 / 1,000
  frames                      : 60,948,480


Policy 0: saving next best rewards:  [147.05]
=> saving checkpoint 'runs/expert_row5_seed2810/nn/expert_row5_seed2810.pth'

Timing:
  Play time               : 9.610 s
  Update time             : 0.714 s
  Time to train epoch     : 10.324 s


Statistics:
  fps step                    : 17,295
  fps step + policy inference : 17,049
  fps total                   : 15,870
  epoch                       : 373 / 1,000
  frames                      : 61,112,320


Policy 0: saving next best rewards:  [147.09]
=> saving checkpoint 'runs/expert_row5_seed2810/nn/expert_row5_seed2810.pth'

Timing:
  Play time               : 9.606 s
  Update time             : 0.762 s
  Time to train epoch     : 10.369 s


Statistics:
  fps step                    : 17,308
  fps step + policy inference : 17,055
  fps total                   : 15,802
  epoch                       : 374 / 1,000
  frames                      : 61,276,160


Policy 0: saving next best rewards:  [147.2]
=> saving checkpoint 'runs/expert_row5_seed2810/nn/expert_row5_seed2810.pth'

Timing:
  Play time               : 9.776 s
  Update time             : 0.789 s
  Time to train epoch     : 10.565 s


Statistics:
  fps step                    : 17,260
  fps step + policy inference : 16,759
  fps total                   : 15,508
  epoch                       : 375 / 1,000
  frames                      : 61,440,000


Policy 0: saving next best rewards:  [147.7]
=> saving checkpoint 'runs/expert_row5_seed2810/nn/expert_row5_seed2810.pth'

Timing:
  Play time               : 9.629 s
  Update time             : 0.882 s
  Time to train epoch     : 10.511 s


Statistics:
  fps step                    : 17,277
  fps step + policy inference : 17,015
  fps total                   : 15,588
  epoch                       : 376 / 1,000
  frames                      : 61,603,840


Policy 0: saving next best rewards:  [147.83]
=> saving checkpoint 'runs/expert_row5_seed2810/nn/expert_row5_seed2810.pth'

Timing:
  Play time               : 9.640 s
  Update time             : 0.753 s
  Time to train epoch     : 10.393 s


Statistics:
  fps step                    : 17,257
  fps step + policy inference : 16,996
  fps total                   : 15,764
  epoch                       : 377 / 1,000
  frames                      : 61,767,680


Policy 0: 
Timing:
  Play time               : 9.701 s
  Update time             : 0.782 s
  Time to train epoch     : 10.483 s


Statistics:
  fps step                    : 17,146
  fps step + policy inference : 16,889
  fps total                   : 15,629
  epoch                       : 378 / 1,000
  frames                      : 61,931,520


Policy 0: 
Timing:
  Play time               : 9.675 s
  Update time             : 0.781 s
  Time to train epoch     : 10.456 s


Statistics:
  fps step                    : 17,198
  fps step + policy inference : 16,934
  fps total                   : 15,669
  epoch                       : 379 / 1,000
  frames                      : 62,095,360


Policy 0: 
Timing:
  Play time               : 9.693 s
  Update time             : 0.878 s
  Time to train epoch     : 10.571 s


Statistics:
  fps step                    : 17,172
  fps step + policy inference : 16,903
  fps total                   : 15,499
  epoch                       : 380 / 1,000
  frames                      : 62,259,200


Policy 0: 
Timing:
  Play time               : 9.622 s
  Update time             : 0.823 s
  Time to train epoch     : 10.445 s


Statistics:
  fps step                    : 17,294
  fps step + policy inference : 17,027
  fps total                   : 15,686
  epoch                       : 381 / 1,000
  frames                      : 62,423,040


Policy 0: saving next best rewards:  [148.16]
=> saving checkpoint 'runs/expert_row5_seed2810/nn/expert_row5_seed2810.pth'

Timing:
  Play time               : 9.627 s
  Update time             : 0.885 s
  Time to train epoch     : 10.512 s


Statistics:
  fps step                    : 17,290
  fps step + policy inference : 17,018
  fps total                   : 15,586
  epoch                       : 382 / 1,000
  frames                      : 62,586,880


Policy 0: saving next best rewards:  [148.23]
=> saving checkpoint 'runs/expert_row5_seed2810/nn/expert_row5_seed2810.pth'

Timing:
  Play time               : 9.640 s
  Update time             : 0.937 s
  Time to train epoch     : 10.578 s


Statistics:
  fps step                    : 17,266
  fps step + policy inference : 16,995
  fps total                   : 15,489
  epoch                       : 383 / 1,000
  frames                      : 62,750,720


Policy 0: saving next best rewards:  [148.44]
=> saving checkpoint 'runs/expert_row5_seed2810/nn/expert_row5_seed2810.pth'

Timing:
  Play time               : 9.631 s
  Update time             : 0.875 s
  Time to train epoch     : 10.505 s


Statistics:
  fps step                    : 17,274
  fps step + policy inference : 17,012
  fps total                   : 15,596
  epoch                       : 384 / 1,000
  frames                      : 62,914,560


Policy 0: saving next best rewards:  [148.65]
=> saving checkpoint 'runs/expert_row5_seed2810/nn/expert_row5_seed2810.pth'

Timing:
  Play time               : 9.632 s
  Update time             : 0.828 s
  Time to train epoch     : 10.460 s


Statistics:
  fps step                    : 17,269
  fps step + policy inference : 17,009
  fps total                   : 15,663
  epoch                       : 385 / 1,000
  frames                      : 63,078,400


Policy 0: 
Timing:
  Play time               : 9.656 s
  Update time             : 0.772 s
  Time to train epoch     : 10.428 s


Statistics:
  fps step                    : 17,220
  fps step + policy inference : 16,967
  fps total                   : 15,711
  epoch                       : 386 / 1,000
  frames                      : 63,242,240


Policy 0: 
Timing:
  Play time               : 9.579 s
  Update time             : 0.677 s
  Time to train epoch     : 10.255 s


Statistics:
  fps step                    : 17,351
  fps step + policy inference : 17,105
  fps total                   : 15,976
  epoch                       : 387 / 1,000
  frames                      : 63,406,080


Policy 0: saving next best rewards:  [148.68]
=> saving checkpoint 'runs/expert_row5_seed2810/nn/expert_row5_seed2810.pth'

Timing:
  Play time               : 9.583 s
  Update time             : 0.664 s
  Time to train epoch     : 10.247 s


Statistics:
  fps step                    : 17,340
  fps step + policy inference : 17,096
  fps total                   : 15,988
  epoch                       : 388 / 1,000
  frames                      : 63,569,920


Policy 0: 
Timing:
  Play time               : 9.528 s
  Update time             : 0.652 s
  Time to train epoch     : 10.180 s


Statistics:
  fps step                    : 17,435
  fps step + policy inference : 17,195
  fps total                   : 16,094
  epoch                       : 389 / 1,000
  frames                      : 63,733,760


Policy 0: saving next best rewards:  [148.68]
=> saving checkpoint 'runs/expert_row5_seed2810/nn/expert_row5_seed2810.pth'

Timing:
  Play time               : 9.563 s
  Update time             : 0.661 s
  Time to train epoch     : 10.224 s


Statistics:
  fps step                    : 17,378
  fps step + policy inference : 17,133
  fps total                   : 16,026
  epoch                       : 390 / 1,000
  frames                      : 63,897,600


Policy 0: saving next best rewards:  [148.74]
=> saving checkpoint 'runs/expert_row5_seed2810/nn/expert_row5_seed2810.pth'

Timing:
  Play time               : 9.539 s
  Update time             : 0.691 s
  Time to train epoch     : 10.230 s


Statistics:
  fps step                    : 17,420
  fps step + policy inference : 17,176
  fps total                   : 16,016
  epoch                       : 391 / 1,000
  frames                      : 64,061,440


Policy 0: saving next best rewards:  [148.83]
=> saving checkpoint 'runs/expert_row5_seed2810/nn/expert_row5_seed2810.pth'

Timing:
  Play time               : 9.642 s
  Update time             : 0.776 s
  Time to train epoch     : 10.418 s


Statistics:
  fps step                    : 17,237
  fps step + policy inference : 16,991
  fps total                   : 15,726
  epoch                       : 392 / 1,000
  frames                      : 64,225,280


Policy 0: saving next best rewards:  [148.88]
=> saving checkpoint 'runs/expert_row5_seed2810/nn/expert_row5_seed2810.pth'

Timing:
  Play time               : 9.624 s
  Update time             : 0.791 s
  Time to train epoch     : 10.416 s


Statistics:
  fps step                    : 17,269
  fps step + policy inference : 17,024
  fps total                   : 15,730
  epoch                       : 393 / 1,000
  frames                      : 64,389,120


Policy 0: saving next best rewards:  [148.96]
=> saving checkpoint 'runs/expert_row5_seed2810/nn/expert_row5_seed2810.pth'

Timing:
  Play time               : 9.815 s
  Update time             : 0.812 s
  Time to train epoch     : 10.627 s


Statistics:
  fps step                    : 17,201
  fps step + policy inference : 16,693
  fps total                   : 15,418
  epoch                       : 394 / 1,000
  frames                      : 64,552,960


Policy 0: saving next best rewards:  [149.88]
=> saving checkpoint 'runs/expert_row5_seed2810/nn/expert_row5_seed2810.pth'

Timing:
  Play time               : 9.657 s
  Update time             : 0.780 s
  Time to train epoch     : 10.437 s


Statistics:
  fps step                    : 17,217
  fps step + policy inference : 16,966
  fps total                   : 15,697
  epoch                       : 395 / 1,000
  frames                      : 64,716,800


Policy 0: saving next best rewards:  [149.95]
=> saving checkpoint 'runs/expert_row5_seed2810/nn/expert_row5_seed2810.pth'

Timing:
  Play time               : 9.690 s
  Update time             : 0.756 s
  Time to train epoch     : 10.447 s


Statistics:
  fps step                    : 17,168
  fps step + policy inference : 16,908
  fps total                   : 15,683
  epoch                       : 396 / 1,000
  frames                      : 64,880,640


Policy 0: saving next best rewards:  [150.14]
=> saving checkpoint 'runs/expert_row5_seed2810/nn/expert_row5_seed2810.pth'

Timing:
  Play time               : 9.671 s
  Update time             : 0.762 s
  Time to train epoch     : 10.433 s


Statistics:
  fps step                    : 17,197
  fps step + policy inference : 16,941
  fps total                   : 15,704
  epoch                       : 397 / 1,000
  frames                      : 65,044,480


Policy 0: 
Timing:
  Play time               : 9.672 s
  Update time             : 0.799 s
  Time to train epoch     : 10.471 s


Statistics:
  fps step                    : 17,205
  fps step + policy inference : 16,940
  fps total                   : 15,647
  epoch                       : 398 / 1,000
  frames                      : 65,208,320


Policy 0: saving next best rewards:  [150.34]
=> saving checkpoint 'runs/expert_row5_seed2810/nn/expert_row5_seed2810.pth'

Timing:
  Play time               : 9.700 s
  Update time             : 0.900 s
  Time to train epoch     : 10.600 s


Statistics:
  fps step                    : 17,163
  fps step + policy inference : 16,890
  fps total                   : 15,456
  epoch                       : 399 / 1,000
  frames                      : 65,372,160


Policy 0: saving next best rewards:  [150.42]
=> saving checkpoint 'runs/expert_row5_seed2810/nn/expert_row5_seed2810.pth'

Timing:
  Play time               : 9.711 s
  Update time             : 0.963 s
  Time to train epoch     : 10.674 s


Statistics:
  fps step                    : 17,135
  fps step + policy inference : 16,871
  fps total                   : 15,349
  epoch                       : 400 / 1,000
  frames                      : 65,536,000


Policy 0: saving next best rewards:  [150.53]
=> saving checkpoint 'runs/expert_row5_seed2810/nn/expert_row5_seed2810.pth'

Timing:
  Play time               : 9.627 s
  Update time             : 0.897 s
  Time to train epoch     : 10.524 s


Statistics:
  fps step                    : 17,293
  fps step + policy inference : 17,019
  fps total                   : 15,568
  epoch                       : 401 / 1,000
  frames                      : 65,699,840


Policy 0: saving next best rewards:  [150.55]
=> saving checkpoint 'runs/expert_row5_seed2810/nn/expert_row5_seed2810.pth'

Timing:
  Play time               : 9.608 s
  Update time             : 0.833 s
  Time to train epoch     : 10.441 s


Statistics:
  fps step                    : 17,320
  fps step + policy inference : 17,052
  fps total                   : 15,692
  epoch                       : 402 / 1,000
  frames                      : 65,863,680


Policy 0: saving next best rewards:  [150.8]
=> saving checkpoint 'runs/expert_row5_seed2810/nn/expert_row5_seed2810.pth'

Timing:
  Play time               : 9.599 s
  Update time             : 0.782 s
  Time to train epoch     : 10.381 s


Statistics:
  fps step                    : 17,332
  fps step + policy inference : 17,068
  fps total                   : 15,783
  epoch                       : 403 / 1,000
  frames                      : 66,027,520


Policy 0: saving next best rewards:  [150.88]
=> saving checkpoint 'runs/expert_row5_seed2810/nn/expert_row5_seed2810.pth'

Timing:
  Play time               : 9.620 s
  Update time             : 0.765 s
  Time to train epoch     : 10.384 s


Statistics:
  fps step                    : 17,291
  fps step + policy inference : 17,032
  fps total                   : 15,778
  epoch                       : 404 / 1,000
  frames                      : 66,191,360


Policy 0: saving next best rewards:  [150.91]
=> saving checkpoint 'runs/expert_row5_seed2810/nn/expert_row5_seed2810.pth'

Timing:
  Play time               : 9.594 s
  Update time             : 0.768 s
  Time to train epoch     : 10.362 s


Statistics:
  fps step                    : 17,334
  fps step + policy inference : 17,077
  fps total                   : 15,812
  epoch                       : 405 / 1,000
  frames                      : 66,355,200


Policy 0: saving next best rewards:  [151.]
=> saving checkpoint 'runs/expert_row5_seed2810/nn/expert_row5_seed2810.pth'

Timing:
  Play time               : 9.537 s
  Update time             : 0.697 s
  Time to train epoch     : 10.234 s


Statistics:
  fps step                    : 17,430
  fps step + policy inference : 17,180
  fps total                   : 16,009
  epoch                       : 406 / 1,000
  frames                      : 66,519,040


Policy 0: saving next best rewards:  [151.06]
=> saving checkpoint 'runs/expert_row5_seed2810/nn/expert_row5_seed2810.pth'

Timing:
  Play time               : 9.533 s
  Update time             : 0.673 s
  Time to train epoch     : 10.206 s


Statistics:
  fps step                    : 17,432
  fps step + policy inference : 17,186
  fps total                   : 16,053
  epoch                       : 407 / 1,000
  frames                      : 66,682,880


Policy 0: saving next best rewards:  [151.11]
=> saving checkpoint 'runs/expert_row5_seed2810/nn/expert_row5_seed2810.pth'

Timing:
  Play time               : 9.513 s
  Update time             : 0.671 s
  Time to train epoch     : 10.185 s


Statistics:
  fps step                    : 17,463
  fps step + policy inference : 17,222
  fps total                   : 16,087
  epoch                       : 408 / 1,000
  frames                      : 66,846,720


Policy 0: saving next best rewards:  [151.11]
=> saving checkpoint 'runs/expert_row5_seed2810/nn/expert_row5_seed2810.pth'

Timing:
  Play time               : 9.588 s
  Update time             : 0.766 s
  Time to train epoch     : 10.354 s


Statistics:
  fps step                    : 17,332
  fps step + policy inference : 17,088
  fps total                   : 15,824
  epoch                       : 409 / 1,000
  frames                      : 67,010,560


Policy 0: saving next best rewards:  [151.14]
=> saving checkpoint 'runs/expert_row5_seed2810/nn/expert_row5_seed2810.pth'

Timing:
  Play time               : 9.598 s
  Update time             : 0.797 s
  Time to train epoch     : 10.396 s


Statistics:
  fps step                    : 17,315
  fps step + policy inference : 17,070
  fps total                   : 15,760
  epoch                       : 410 / 1,000
  frames                      : 67,174,400


Policy 0: 
Timing:
  Play time               : 9.612 s
  Update time             : 0.770 s
  Time to train epoch     : 10.382 s


Statistics:
  fps step                    : 17,294
  fps step + policy inference : 17,045
  fps total                   : 15,781
  epoch                       : 411 / 1,000
  frames                      : 67,338,240


Policy 0: saving next best rewards:  [151.18]
=> saving checkpoint 'runs/expert_row5_seed2810/nn/expert_row5_seed2810.pth'

Timing:
  Play time               : 9.631 s
  Update time             : 0.720 s
  Time to train epoch     : 10.351 s


Statistics:
  fps step                    : 17,262
  fps step + policy inference : 17,012
  fps total                   : 15,829
  epoch                       : 412 / 1,000
  frames                      : 67,502,080


Policy 0: saving next best rewards:  [151.3]
=> saving checkpoint 'runs/expert_row5_seed2810/nn/expert_row5_seed2810.pth'

Timing:
  Play time               : 9.831 s
  Update time             : 0.793 s
  Time to train epoch     : 10.623 s


Statistics:
  fps step                    : 17,174
  fps step + policy inference : 16,666
  fps total                   : 15,422
  epoch                       : 413 / 1,000
  frames                      : 67,665,920


Policy 0: saving next best rewards:  [151.67]
=> saving checkpoint 'runs/expert_row5_seed2810/nn/expert_row5_seed2810.pth'

Timing:
  Play time               : 9.596 s
  Update time             : 0.726 s
  Time to train epoch     : 10.322 s


Statistics:
  fps step                    : 17,324
  fps step + policy inference : 17,073
  fps total                   : 15,873
  epoch                       : 414 / 1,000
  frames                      : 67,829,760


Policy 0: 
Timing:
  Play time               : 9.625 s
  Update time             : 0.770 s
  Time to train epoch     : 10.395 s


Statistics:
  fps step                    : 17,283
  fps step + policy inference : 17,023
  fps total                   : 15,762
  epoch                       : 415 / 1,000
  frames                      : 67,993,600


Policy 0: saving next best rewards:  [151.71]
=> saving checkpoint 'runs/expert_row5_seed2810/nn/expert_row5_seed2810.pth'

Timing:
  Play time               : 9.633 s
  Update time             : 0.852 s
  Time to train epoch     : 10.485 s


Statistics:
  fps step                    : 17,273
  fps step + policy inference : 17,008
  fps total                   : 15,626
  epoch                       : 416 / 1,000
  frames                      : 68,157,440


Policy 0: saving next best rewards:  [151.77]
=> saving checkpoint 'runs/expert_row5_seed2810/nn/expert_row5_seed2810.pth'

Timing:
  Play time               : 9.743 s
  Update time             : 0.956 s
  Time to train epoch     : 10.698 s


Statistics:
  fps step                    : 17,083
  fps step + policy inference : 16,816
  fps total                   : 15,314
  epoch                       : 417 / 1,000
  frames                      : 68,321,280


Policy 0: 
Timing:
  Play time               : 9.842 s
  Update time             : 0.885 s
  Time to train epoch     : 10.727 s


Statistics:
  fps step                    : 16,904
  fps step + policy inference : 16,647
  fps total                   : 15,274
  epoch                       : 418 / 1,000
  frames                      : 68,485,120


Policy 0: 
Timing:
  Play time               : 9.655 s
  Update time             : 0.885 s
  Time to train epoch     : 10.540 s


Statistics:
  fps step                    : 17,242
  fps step + policy inference : 16,969
  fps total                   : 15,544
  epoch                       : 419 / 1,000
  frames                      : 68,648,960


Policy 0: saving next best rewards:  [152.]
=> saving checkpoint 'runs/expert_row5_seed2810/nn/expert_row5_seed2810.pth'

Timing:
  Play time               : 9.663 s
  Update time             : 0.793 s
  Time to train epoch     : 10.456 s


Statistics:
  fps step                    : 17,218
  fps step + policy inference : 16,955
  fps total                   : 15,670
  epoch                       : 420 / 1,000
  frames                      : 68,812,800


Policy 0: saving next best rewards:  [152.26]
=> saving checkpoint 'runs/expert_row5_seed2810/nn/expert_row5_seed2810.pth'

Timing:
  Play time               : 9.641 s
  Update time             : 0.829 s
  Time to train epoch     : 10.469 s


Statistics:
  fps step                    : 17,261
  fps step + policy inference : 16,995
  fps total                   : 15,649
  epoch                       : 421 / 1,000
  frames                      : 68,976,640


Policy 0: 
Timing:
  Play time               : 9.621 s
  Update time             : 0.787 s
  Time to train epoch     : 10.409 s


Statistics:
  fps step                    : 17,293
  fps step + policy inference : 17,029
  fps total                   : 15,741
  epoch                       : 422 / 1,000
  frames                      : 69,140,480


Policy 0: saving next best rewards:  [152.34]
=> saving checkpoint 'runs/expert_row5_seed2810/nn/expert_row5_seed2810.pth'

Timing:
  Play time               : 9.755 s
  Update time             : 0.778 s
  Time to train epoch     : 10.532 s


Statistics:
  fps step                    : 17,045
  fps step + policy inference : 16,796
  fps total                   : 15,556
  epoch                       : 423 / 1,000
  frames                      : 69,304,320


Policy 0: saving next best rewards:  [152.43]
=> saving checkpoint 'runs/expert_row5_seed2810/nn/expert_row5_seed2810.pth'

Timing:
  Play time               : 9.641 s
  Update time             : 0.790 s
  Time to train epoch     : 10.431 s


Statistics:
  fps step                    : 17,248
  fps step + policy inference : 16,994
  fps total                   : 15,707
  epoch                       : 424 / 1,000
  frames                      : 69,468,160


Policy 0: 
Timing:
  Play time               : 9.578 s
  Update time             : 0.780 s
  Time to train epoch     : 10.358 s


Statistics:
  fps step                    : 17,354
  fps step + policy inference : 17,105
  fps total                   : 15,818
  epoch                       : 425 / 1,000
  frames                      : 69,632,000


Policy 0: 
Timing:
  Play time               : 9.555 s
  Update time             : 0.766 s
  Time to train epoch     : 10.321 s


Statistics:
  fps step                    : 17,393
  fps step + policy inference : 17,146
  fps total                   : 15,874
  epoch                       : 426 / 1,000
  frames                      : 69,795,840


Policy 0: 
Timing:
  Play time               : 9.550 s
  Update time             : 0.706 s
  Time to train epoch     : 10.256 s


Statistics:
  fps step                    : 17,400
  fps step + policy inference : 17,157
  fps total                   : 15,975
  epoch                       : 427 / 1,000
  frames                      : 69,959,680


Policy 0: 
Timing:
  Play time               : 9.548 s
  Update time             : 0.661 s
  Time to train epoch     : 10.208 s


Statistics:
  fps step                    : 17,407
  fps step + policy inference : 17,160
  fps total                   : 16,050
  epoch                       : 428 / 1,000
  frames                      : 70,123,520


Policy 0: 
Timing:
  Play time               : 9.611 s
  Update time             : 0.727 s
  Time to train epoch     : 10.338 s


Statistics:
  fps step                    : 17,296
  fps step + policy inference : 17,047
  fps total                   : 15,848
  epoch                       : 429 / 1,000
  frames                      : 70,287,360


Policy 0: 
Timing:
  Play time               : 9.623 s
  Update time             : 0.684 s
  Time to train epoch     : 10.307 s


Statistics:
  fps step                    : 17,274
  fps step + policy inference : 17,025
  fps total                   : 15,896
  epoch                       : 430 / 1,000
  frames                      : 70,451,200


Policy 0: 
Timing:
  Play time               : 9.617 s
  Update time             : 0.698 s
  Time to train epoch     : 10.315 s


Statistics:
  fps step                    : 17,284
  fps step + policy inference : 17,037
  fps total                   : 15,883
  epoch                       : 431 / 1,000
  frames                      : 70,615,040


Policy 0: 
Timing:
  Play time               : 9.810 s
  Update time             : 0.824 s
  Time to train epoch     : 10.634 s


Statistics:
  fps step                    : 17,205
  fps step + policy inference : 16,701
  fps total                   : 15,407
  epoch                       : 432 / 1,000
  frames                      : 70,778,880


Policy 0: 
Timing:
  Play time               : 9.728 s
  Update time             : 0.788 s
  Time to train epoch     : 10.516 s


Statistics:
  fps step                    : 17,094
  fps step + policy inference : 16,842
  fps total                   : 15,580
  epoch                       : 433 / 1,000
  frames                      : 70,942,720


Policy 0: 
Timing:
  Play time               : 9.885 s
  Update time             : 0.854 s
  Time to train epoch     : 10.739 s


Statistics:
  fps step                    : 16,820
  fps step + policy inference : 16,575
  fps total                   : 15,256
  epoch                       : 434 / 1,000
  frames                      : 71,106,560


Policy 0: 
Timing:
  Play time               : 9.841 s
  Update time             : 0.881 s
  Time to train epoch     : 10.723 s


Statistics:
  fps step                    : 16,901
  fps step + policy inference : 16,649
  fps total                   : 15,280
  epoch                       : 435 / 1,000
  frames                      : 71,270,400


Policy 0: 
Timing:
  Play time               : 9.893 s
  Update time             : 0.885 s
  Time to train epoch     : 10.778 s


Statistics:
  fps step                    : 16,821
  fps step + policy inference : 16,561
  fps total                   : 15,201
  epoch                       : 436 / 1,000
  frames                      : 71,434,240


Policy 0: 
Timing:
  Play time               : 9.891 s
  Update time             : 0.831 s
  Time to train epoch     : 10.722 s


Statistics:
  fps step                    : 16,818
  fps step + policy inference : 16,565
  fps total                   : 15,281
  epoch                       : 437 / 1,000
  frames                      : 71,598,080


Policy 0: 
Timing:
  Play time               : 9.684 s
  Update time             : 0.819 s
  Time to train epoch     : 10.503 s


Statistics:
  fps step                    : 17,193
  fps step + policy inference : 16,919
  fps total                   : 15,600
  epoch                       : 438 / 1,000
  frames                      : 71,761,920


Policy 0: 
Timing:
  Play time               : 9.625 s
  Update time             : 0.819 s
  Time to train epoch     : 10.444 s


Statistics:
  fps step                    : 17,291
  fps step + policy inference : 17,022
  fps total                   : 15,687
  epoch                       : 439 / 1,000
  frames                      : 71,925,760


Policy 0: saving next best rewards:  [152.44]
=> saving checkpoint 'runs/expert_row5_seed2810/nn/expert_row5_seed2810.pth'

Timing:
  Play time               : 9.615 s
  Update time             : 0.818 s
  Time to train epoch     : 10.433 s


Statistics:
  fps step                    : 17,305
  fps step + policy inference : 17,040
  fps total                   : 15,703
  epoch                       : 440 / 1,000
  frames                      : 72,089,600


Policy 0: saving next best rewards:  [152.58]
=> saving checkpoint 'runs/expert_row5_seed2810/nn/expert_row5_seed2810.pth'

Timing:
  Play time               : 9.624 s
  Update time             : 0.874 s
  Time to train epoch     : 10.499 s


Statistics:
  fps step                    : 17,286
  fps step + policy inference : 17,024
  fps total                   : 15,606
  epoch                       : 441 / 1,000
  frames                      : 72,253,440


Policy 0: saving next best rewards:  [152.78]
=> saving checkpoint 'runs/expert_row5_seed2810/nn/expert_row5_seed2810.pth'

Timing:
  Play time               : 9.627 s
  Update time             : 0.886 s
  Time to train epoch     : 10.513 s


Statistics:
  fps step                    : 17,276
  fps step + policy inference : 17,019
  fps total                   : 15,585
  epoch                       : 442 / 1,000
  frames                      : 72,417,280


Policy 0: saving next best rewards:  [152.84]
=> saving checkpoint 'runs/expert_row5_seed2810/nn/expert_row5_seed2810.pth'

Timing:
  Play time               : 9.593 s
  Update time             : 0.762 s
  Time to train epoch     : 10.355 s


Statistics:
  fps step                    : 17,329
  fps step + policy inference : 17,079
  fps total                   : 15,822
  epoch                       : 443 / 1,000
  frames                      : 72,581,120


Policy 0: saving next best rewards:  [152.89]
=> saving checkpoint 'runs/expert_row5_seed2810/nn/expert_row5_seed2810.pth'

Timing:
  Play time               : 9.529 s
  Update time             : 0.660 s
  Time to train epoch     : 10.189 s


Statistics:
  fps step                    : 17,439
  fps step + policy inference : 17,193
  fps total                   : 16,080
  epoch                       : 444 / 1,000
  frames                      : 72,744,960


Policy 0: saving next best rewards:  [152.91]
=> saving checkpoint 'runs/expert_row5_seed2810/nn/expert_row5_seed2810.pth'

Timing:
  Play time               : 9.567 s
  Update time             : 0.679 s
  Time to train epoch     : 10.247 s


Statistics:
  fps step                    : 17,371
  fps step + policy inference : 17,125
  fps total                   : 15,990
  epoch                       : 445 / 1,000
  frames                      : 72,908,800


Policy 0: saving next best rewards:  [152.97]
=> saving checkpoint 'runs/expert_row5_seed2810/nn/expert_row5_seed2810.pth'

Timing:
  Play time               : 9.552 s
  Update time             : 0.709 s
  Time to train epoch     : 10.261 s


Statistics:
  fps step                    : 17,396
  fps step + policy inference : 17,152
  fps total                   : 15,968
  epoch                       : 446 / 1,000
  frames                      : 73,072,640


Policy 0: 
Timing:
  Play time               : 9.563 s
  Update time             : 0.709 s
  Time to train epoch     : 10.271 s


Statistics:
  fps step                    : 17,380
  fps step + policy inference : 17,133
  fps total                   : 15,951
  epoch                       : 447 / 1,000
  frames                      : 73,236,480


Policy 0: 
Timing:
  Play time               : 9.605 s
  Update time             : 0.733 s
  Time to train epoch     : 10.338 s


Statistics:
  fps step                    : 17,304
  fps step + policy inference : 17,058
  fps total                   : 15,849
  epoch                       : 448 / 1,000
  frames                      : 73,400,320


Policy 0: 
Timing:
  Play time               : 9.619 s
  Update time             : 0.745 s
  Time to train epoch     : 10.364 s


Statistics:
  fps step                    : 17,283
  fps step + policy inference : 17,032
  fps total                   : 15,809
  epoch                       : 449 / 1,000
  frames                      : 73,564,160


Policy 0: 
Timing:
  Play time               : 9.773 s
  Update time             : 0.808 s
  Time to train epoch     : 10.580 s


Statistics:
  fps step                    : 17,263
  fps step + policy inference : 16,765
  fps total                   : 15,485
  epoch                       : 450 / 1,000
  frames                      : 73,728,000


Policy 0: saving next best rewards:  [153.65]
=> saving checkpoint 'runs/expert_row5_seed2810/nn/expert_row5_seed2810.pth'

Timing:
  Play time               : 9.627 s
  Update time             : 0.896 s
  Time to train epoch     : 10.524 s


Statistics:
  fps step                    : 17,282
  fps step + policy inference : 17,018
  fps total                   : 15,569
  epoch                       : 451 / 1,000
  frames                      : 73,891,840


Policy 0: saving next best rewards:  [153.75]
=> saving checkpoint 'runs/expert_row5_seed2810/nn/expert_row5_seed2810.pth'

Timing:
  Play time               : 9.639 s
  Update time             : 0.761 s
  Time to train epoch     : 10.401 s


Statistics:
  fps step                    : 17,256
  fps step + policy inference : 16,998
  fps total                   : 15,753
  epoch                       : 452 / 1,000
  frames                      : 74,055,680


Policy 0: saving next best rewards:  [153.83]
=> saving checkpoint 'runs/expert_row5_seed2810/nn/expert_row5_seed2810.pth'

Timing:
  Play time               : 9.745 s
  Update time             : 0.760 s
  Time to train epoch     : 10.505 s


Statistics:
  fps step                    : 17,068
  fps step + policy inference : 16,812
  fps total                   : 15,596
  epoch                       : 453 / 1,000
  frames                      : 74,219,520


Policy 0: 
Timing:
  Play time               : 9.727 s
  Update time             : 0.786 s
  Time to train epoch     : 10.512 s


Statistics:
  fps step                    : 17,110
  fps step + policy inference : 16,844
  fps total                   : 15,586
  epoch                       : 454 / 1,000
  frames                      : 74,383,360


Policy 0: saving next best rewards:  [153.86]
=> saving checkpoint 'runs/expert_row5_seed2810/nn/expert_row5_seed2810.pth'

Timing:
  Play time               : 9.796 s
  Update time             : 0.844 s
  Time to train epoch     : 10.640 s


Statistics:
  fps step                    : 16,992
  fps step + policy inference : 16,725
  fps total                   : 15,399
  epoch                       : 455 / 1,000
  frames                      : 74,547,200


Policy 0: saving next best rewards:  [153.95]
=> saving checkpoint 'runs/expert_row5_seed2810/nn/expert_row5_seed2810.pth'

Timing:
  Play time               : 9.651 s
  Update time             : 0.836 s
  Time to train epoch     : 10.487 s


Statistics:
  fps step                    : 17,243
  fps step + policy inference : 16,976
  fps total                   : 15,623
  epoch                       : 456 / 1,000
  frames                      : 74,711,040


Policy 0: saving next best rewards:  [154.15]
=> saving checkpoint 'runs/expert_row5_seed2810/nn/expert_row5_seed2810.pth'

Timing:
  Play time               : 9.779 s
  Update time             : 0.876 s
  Time to train epoch     : 10.655 s


Statistics:
  fps step                    : 17,016
  fps step + policy inference : 16,753
  fps total                   : 15,377
  epoch                       : 457 / 1,000
  frames                      : 74,874,880


Policy 0: saving next best rewards:  [154.21]
=> saving checkpoint 'runs/expert_row5_seed2810/nn/expert_row5_seed2810.pth'

Timing:
  Play time               : 9.670 s
  Update time             : 0.931 s
  Time to train epoch     : 10.601 s


Statistics:
  fps step                    : 17,210
  fps step + policy inference : 16,942
  fps total                   : 15,454
  epoch                       : 458 / 1,000
  frames                      : 75,038,720


Policy 0: saving next best rewards:  [154.41]
=> saving checkpoint 'runs/expert_row5_seed2810/nn/expert_row5_seed2810.pth'

Timing:
  Play time               : 9.751 s
  Update time             : 0.884 s
  Time to train epoch     : 10.635 s


Statistics:
  fps step                    : 17,056
  fps step + policy inference : 16,803
  fps total                   : 15,406
  epoch                       : 459 / 1,000
  frames                      : 75,202,560


Policy 0: saving next best rewards:  [154.7]
=> saving checkpoint 'runs/expert_row5_seed2810/nn/expert_row5_seed2810.pth'

Timing:
  Play time               : 9.799 s
  Update time             : 0.797 s
  Time to train epoch     : 10.596 s


Statistics:
  fps step                    : 16,969
  fps step + policy inference : 16,719
  fps total                   : 15,462
  epoch                       : 460 / 1,000
  frames                      : 75,366,400


Policy 0: saving next best rewards:  [154.72]
=> saving checkpoint 'runs/expert_row5_seed2810/nn/expert_row5_seed2810.pth'

Timing:
  Play time               : 9.795 s
  Update time             : 0.777 s
  Time to train epoch     : 10.572 s


Statistics:
  fps step                    : 16,979
  fps step + policy inference : 16,728
  fps total                   : 15,497
  epoch                       : 461 / 1,000
  frames                      : 75,530,240


Policy 0: 
Timing:
  Play time               : 9.799 s
  Update time             : 0.683 s
  Time to train epoch     : 10.482 s


Statistics:
  fps step                    : 16,956
  fps step + policy inference : 16,720
  fps total                   : 15,630
  epoch                       : 462 / 1,000
  frames                      : 75,694,080


Policy 0: saving next best rewards:  [154.73]
=> saving checkpoint 'runs/expert_row5_seed2810/nn/expert_row5_seed2810.pth'

Timing:
  Play time               : 9.689 s
  Update time             : 0.671 s
  Time to train epoch     : 10.360 s


Statistics:
  fps step                    : 17,151
  fps step + policy inference : 16,910
  fps total                   : 15,814
  epoch                       : 463 / 1,000
  frames                      : 75,857,920


Policy 0: 
Timing:
  Play time               : 9.540 s
  Update time             : 0.721 s
  Time to train epoch     : 10.261 s


Statistics:
  fps step                    : 17,414
  fps step + policy inference : 17,174
  fps total                   : 15,968
  epoch                       : 464 / 1,000
  frames                      : 76,021,760


Policy 0: 
Timing:
  Play time               : 9.581 s
  Update time             : 0.796 s
  Time to train epoch     : 10.377 s


Statistics:
  fps step                    : 17,349
  fps step + policy inference : 17,101
  fps total                   : 15,789
  epoch                       : 465 / 1,000
  frames                      : 76,185,600


Policy 0: 
Timing:
  Play time               : 9.577 s
  Update time             : 0.788 s
  Time to train epoch     : 10.364 s


Statistics:
  fps step                    : 17,356
  fps step + policy inference : 17,109
  fps total                   : 15,808
  epoch                       : 466 / 1,000
  frames                      : 76,349,440


Policy 0: 
Timing:
  Play time               : 9.638 s
  Update time             : 0.732 s
  Time to train epoch     : 10.370 s


Statistics:
  fps step                    : 17,248
  fps step + policy inference : 17,000
  fps total                   : 15,800
  epoch                       : 467 / 1,000
  frames                      : 76,513,280


Policy 0: 
Timing:
  Play time               : 9.625 s
  Update time             : 0.721 s
  Time to train epoch     : 10.346 s


Statistics:
  fps step                    : 17,276
  fps step + policy inference : 17,022
  fps total                   : 15,836
  epoch                       : 468 / 1,000
  frames                      : 76,677,120


Policy 0: 
Timing:
  Play time               : 9.797 s
  Update time             : 0.756 s
  Time to train epoch     : 10.553 s


Statistics:
  fps step                    : 17,223
  fps step + policy inference : 16,723
  fps total                   : 15,525
  epoch                       : 469 / 1,000
  frames                      : 76,840,960


Policy 0: saving next best rewards:  [155.43]
=> saving checkpoint 'runs/expert_row5_seed2810/nn/expert_row5_seed2810.pth'

Timing:
  Play time               : 9.591 s
  Update time             : 0.785 s
  Time to train epoch     : 10.376 s


Statistics:
  fps step                    : 17,339
  fps step + policy inference : 17,083
  fps total                   : 15,790
  epoch                       : 470 / 1,000
  frames                      : 77,004,800


Policy 0: saving next best rewards:  [155.48]
=> saving checkpoint 'runs/expert_row5_seed2810/nn/expert_row5_seed2810.pth'

Timing:
  Play time               : 9.609 s
  Update time             : 0.750 s
  Time to train epoch     : 10.359 s


Statistics:
  fps step                    : 17,312
  fps step + policy inference : 17,051
  fps total                   : 15,816
  epoch                       : 471 / 1,000
  frames                      : 77,168,640


Policy 0: saving next best rewards:  [155.61]
=> saving checkpoint 'runs/expert_row5_seed2810/nn/expert_row5_seed2810.pth'

Timing:
  Play time               : 9.611 s
  Update time             : 0.800 s
  Time to train epoch     : 10.411 s


Statistics:
  fps step                    : 17,308
  fps step + policy inference : 17,046
  fps total                   : 15,737
  epoch                       : 472 / 1,000
  frames                      : 77,332,480


Policy 0: saving next best rewards:  [155.68]
=> saving checkpoint 'runs/expert_row5_seed2810/nn/expert_row5_seed2810.pth'

Timing:
  Play time               : 9.606 s
  Update time             : 0.925 s
  Time to train epoch     : 10.531 s


Statistics:
  fps step                    : 17,326
  fps step + policy inference : 17,056
  fps total                   : 15,558
  epoch                       : 473 / 1,000
  frames                      : 77,496,320


Policy 0: saving next best rewards:  [155.82]
=> saving checkpoint 'runs/expert_row5_seed2810/nn/expert_row5_seed2810.pth'

Timing:
  Play time               : 9.635 s
  Update time             : 0.968 s
  Time to train epoch     : 10.603 s


Statistics:
  fps step                    : 17,277
  fps step + policy inference : 17,004
  fps total                   : 15,452
  epoch                       : 474 / 1,000
  frames                      : 77,660,160


Policy 0: saving next best rewards:  [155.86]
=> saving checkpoint 'runs/expert_row5_seed2810/nn/expert_row5_seed2810.pth'

Timing:
  Play time               : 9.622 s
  Update time             : 0.842 s
  Time to train epoch     : 10.465 s


Statistics:
  fps step                    : 17,296
  fps step + policy inference : 17,027
  fps total                   : 15,656
  epoch                       : 475 / 1,000
  frames                      : 77,824,000


Policy 0: saving next best rewards:  [156.09]
=> saving checkpoint 'runs/expert_row5_seed2810/nn/expert_row5_seed2810.pth'

Timing:
  Play time               : 9.624 s
  Update time             : 0.804 s
  Time to train epoch     : 10.428 s


Statistics:
  fps step                    : 17,297
  fps step + policy inference : 17,025
  fps total                   : 15,712
  epoch                       : 476 / 1,000
  frames                      : 77,987,840


Policy 0: saving next best rewards:  [156.11]
=> saving checkpoint 'runs/expert_row5_seed2810/nn/expert_row5_seed2810.pth'

Timing:
  Play time               : 9.655 s
  Update time             : 0.814 s
  Time to train epoch     : 10.469 s


Statistics:
  fps step                    : 17,237
  fps step + policy inference : 16,969
  fps total                   : 15,650
  epoch                       : 477 / 1,000
  frames                      : 78,151,680


Policy 0: saving next best rewards:  [156.41]
=> saving checkpoint 'runs/expert_row5_seed2810/nn/expert_row5_seed2810.pth'

Timing:
  Play time               : 9.599 s
  Update time             : 0.788 s
  Time to train epoch     : 10.387 s


Statistics:
  fps step                    : 17,332
  fps step + policy inference : 17,069
  fps total                   : 15,774
  epoch                       : 478 / 1,000
  frames                      : 78,315,520


Policy 0: saving next best rewards:  [156.43]
=> saving checkpoint 'runs/expert_row5_seed2810/nn/expert_row5_seed2810.pth'

Timing:
  Play time               : 9.611 s
  Update time             : 0.788 s
  Time to train epoch     : 10.399 s


Statistics:
  fps step                    : 17,304
  fps step + policy inference : 17,046
  fps total                   : 15,755
  epoch                       : 479 / 1,000
  frames                      : 78,479,360


Policy 0: saving next best rewards:  [156.46]
=> saving checkpoint 'runs/expert_row5_seed2810/nn/expert_row5_seed2810.pth'

Timing:
  Play time               : 9.607 s
  Update time             : 0.746 s
  Time to train epoch     : 10.353 s


Statistics:
  fps step                    : 17,310
  fps step + policy inference : 17,054
  fps total                   : 15,825
  epoch                       : 480 / 1,000
  frames                      : 78,643,200


Policy 0: 
Timing:
  Play time               : 9.549 s
  Update time             : 0.698 s
  Time to train epoch     : 10.248 s


Statistics:
  fps step                    : 17,408
  fps step + policy inference : 17,157
  fps total                   : 15,988
  epoch                       : 481 / 1,000
  frames                      : 78,807,040


Policy 0: 
Timing:
  Play time               : 9.550 s
  Update time             : 0.806 s
  Time to train epoch     : 10.356 s


Statistics:
  fps step                    : 17,401
  fps step + policy inference : 17,156
  fps total                   : 15,821
  epoch                       : 482 / 1,000
  frames                      : 78,970,880


Policy 0: saving next best rewards:  [156.48]
=> saving checkpoint 'runs/expert_row5_seed2810/nn/expert_row5_seed2810.pth'

Timing:
  Play time               : 9.518 s
  Update time             : 0.775 s
  Time to train epoch     : 10.293 s


Statistics:
  fps step                    : 17,456
  fps step + policy inference : 17,214
  fps total                   : 15,918
  epoch                       : 483 / 1,000
  frames                      : 79,134,720


Policy 0: saving next best rewards:  [156.49]
=> saving checkpoint 'runs/expert_row5_seed2810/nn/expert_row5_seed2810.pth'

Timing:
  Play time               : 9.550 s
  Update time             : 0.705 s
  Time to train epoch     : 10.255 s


Statistics:
  fps step                    : 17,407
  fps step + policy inference : 17,157
  fps total                   : 15,977
  epoch                       : 484 / 1,000
  frames                      : 79,298,560


Policy 0: saving next best rewards:  [156.57]
=> saving checkpoint 'runs/expert_row5_seed2810/nn/expert_row5_seed2810.pth'

Timing:
  Play time               : 9.569 s
  Update time             : 0.687 s
  Time to train epoch     : 10.255 s


Statistics:
  fps step                    : 17,371
  fps step + policy inference : 17,123
  fps total                   : 15,976
  epoch                       : 485 / 1,000
  frames                      : 79,462,400


Policy 0: saving next best rewards:  [156.6]
=> saving checkpoint 'runs/expert_row5_seed2810/nn/expert_row5_seed2810.pth'

Timing:
  Play time               : 9.609 s
  Update time             : 0.695 s
  Time to train epoch     : 10.303 s


Statistics:
  fps step                    : 17,305
  fps step + policy inference : 17,051
  fps total                   : 15,902
  epoch                       : 486 / 1,000
  frames                      : 79,626,240


Policy 0: saving next best rewards:  [156.63]
=> saving checkpoint 'runs/expert_row5_seed2810/nn/expert_row5_seed2810.pth'

Timing:
  Play time               : 9.634 s
  Update time             : 0.737 s
  Time to train epoch     : 10.371 s


Statistics:
  fps step                    : 17,264
  fps step + policy inference : 17,006
  fps total                   : 15,798
  epoch                       : 487 / 1,000
  frames                      : 79,790,080


Policy 0: 
Timing:
  Play time               : 9.802 s
  Update time             : 0.835 s
  Time to train epoch     : 10.637 s


Statistics:
  fps step                    : 17,214
  fps step + policy inference : 16,715
  fps total                   : 15,402
  epoch                       : 488 / 1,000
  frames                      : 79,953,920


Policy 0: saving next best rewards:  [157.29]
=> saving checkpoint 'runs/expert_row5_seed2810/nn/expert_row5_seed2810.pth'

Timing:
  Play time               : 9.564 s
  Update time             : 0.832 s
  Time to train epoch     : 10.396 s


Statistics:
  fps step                    : 17,385
  fps step + policy inference : 17,131
  fps total                   : 15,760
  epoch                       : 489 / 1,000
  frames                      : 80,117,760


Policy 0: saving next best rewards:  [157.33]
=> saving checkpoint 'runs/expert_row5_seed2810/nn/expert_row5_seed2810.pth'

Timing:
  Play time               : 9.613 s
  Update time             : 0.882 s
  Time to train epoch     : 10.496 s


Statistics:
  fps step                    : 17,304
  fps step + policy inference : 17,043
  fps total                   : 15,610
  epoch                       : 490 / 1,000
  frames                      : 80,281,600


Policy 0: saving next best rewards:  [157.55]
=> saving checkpoint 'runs/expert_row5_seed2810/nn/expert_row5_seed2810.pth'

Timing:
  Play time               : 9.608 s
  Update time             : 0.852 s
  Time to train epoch     : 10.460 s


Statistics:
  fps step                    : 17,314
  fps step + policy inference : 17,053
  fps total                   : 15,664
  epoch                       : 491 / 1,000
  frames                      : 80,445,440


Policy 0: saving next best rewards:  [157.59]
=> saving checkpoint 'runs/expert_row5_seed2810/nn/expert_row5_seed2810.pth'

Timing:
  Play time               : 9.656 s
  Update time             : 0.816 s
  Time to train epoch     : 10.472 s


Statistics:
  fps step                    : 17,242
  fps step + policy inference : 16,968
  fps total                   : 15,646
  epoch                       : 492 / 1,000
  frames                      : 80,609,280


Policy 0: saving next best rewards:  [157.65]
=> saving checkpoint 'runs/expert_row5_seed2810/nn/expert_row5_seed2810.pth'

Timing:
  Play time               : 9.611 s
  Update time             : 0.826 s
  Time to train epoch     : 10.437 s


Statistics:
  fps step                    : 17,317
  fps step + policy inference : 17,047
  fps total                   : 15,698
  epoch                       : 493 / 1,000
  frames                      : 80,773,120


Policy 0: saving next best rewards:  [157.87]
=> saving checkpoint 'runs/expert_row5_seed2810/nn/expert_row5_seed2810.pth'

Timing:
  Play time               : 9.611 s
  Update time             : 0.829 s
  Time to train epoch     : 10.439 s


Statistics:
  fps step                    : 17,324
  fps step + policy inference : 17,048
  fps total                   : 15,695
  epoch                       : 494 / 1,000
  frames                      : 80,936,960


Policy 0: saving next best rewards:  [158.16]
=> saving checkpoint 'runs/expert_row5_seed2810/nn/expert_row5_seed2810.pth'

Timing:
  Play time               : 9.590 s
  Update time             : 0.803 s
  Time to train epoch     : 10.394 s


Statistics:
  fps step                    : 17,348
  fps step + policy inference : 17,084
  fps total                   : 15,763
  epoch                       : 495 / 1,000
  frames                      : 81,100,800


Policy 0: saving next best rewards:  [158.21]
=> saving checkpoint 'runs/expert_row5_seed2810/nn/expert_row5_seed2810.pth'

Timing:
  Play time               : 9.599 s
  Update time             : 0.833 s
  Time to train epoch     : 10.431 s


Statistics:
  fps step                    : 17,337
  fps step + policy inference : 17,069
  fps total                   : 15,706
  epoch                       : 496 / 1,000
  frames                      : 81,264,640


Policy 0: saving next best rewards:  [158.34]
=> saving checkpoint 'runs/expert_row5_seed2810/nn/expert_row5_seed2810.pth'

Timing:
  Play time               : 9.610 s
  Update time             : 0.783 s
  Time to train epoch     : 10.393 s


Statistics:
  fps step                    : 17,315
  fps step + policy inference : 17,049
  fps total                   : 15,765
  epoch                       : 497 / 1,000
  frames                      : 81,428,480


Policy 0: saving next best rewards:  [158.45]
=> saving checkpoint 'runs/expert_row5_seed2810/nn/expert_row5_seed2810.pth'

Timing:
  Play time               : 9.612 s
  Update time             : 0.826 s
  Time to train epoch     : 10.437 s


Statistics:
  fps step                    : 17,304
  fps step + policy inference : 17,046
  fps total                   : 15,698
  epoch                       : 498 / 1,000
  frames                      : 81,592,320


Policy 0: saving next best rewards:  [158.52]
=> saving checkpoint 'runs/expert_row5_seed2810/nn/expert_row5_seed2810.pth'

Timing:
  Play time               : 9.566 s
  Update time             : 0.818 s
  Time to train epoch     : 10.385 s


Statistics:
  fps step                    : 17,387
  fps step + policy inference : 17,127
  fps total                   : 15,777
  epoch                       : 499 / 1,000
  frames                      : 81,756,160


Policy 0: 
Timing:
  Play time               : 9.535 s
  Update time             : 0.775 s
  Time to train epoch     : 10.309 s


Statistics:
  fps step                    : 17,429
  fps step + policy inference : 17,184
  fps total                   : 15,893
  epoch                       : 500 / 1,000
  frames                      : 81,920,000


Policy 0: saving next best rewards:  [158.53]
=> saving checkpoint 'runs/expert_row5_seed2810/nn/expert_row5_seed2810.pth'
Saved recovery checkpoint runs/expert_row5_seed2810/checkpoints/epoch_000500.pth; evaluation_due=False

Timing:
  Play time               : 9.548 s
  Update time             : 0.727 s
  Time to train epoch     : 10.275 s


Statistics:
  fps step                    : 17,405
  fps step + policy inference : 17,159
  fps total                   : 15,945
  epoch                       : 501 / 1,000
  frames                      : 82,083,840


Policy 0: saving next best rewards:  [158.54]
=> saving checkpoint 'runs/expert_row5_seed2810/nn/expert_row5_seed2810.pth'

Timing:
  Play time               : 9.545 s
  Update time             : 0.678 s
  Time to train epoch     : 10.223 s


Statistics:
  fps step                    : 17,410
  fps step + policy inference : 17,164
  fps total                   : 16,027
  epoch                       : 502 / 1,000
  frames                      : 82,247,680


Policy 0: saving next best rewards:  [158.56]
=> saving checkpoint 'runs/expert_row5_seed2810/nn/expert_row5_seed2810.pth'

Timing:
  Play time               : 9.540 s
  Update time             : 0.698 s
  Time to train epoch     : 10.238 s


Statistics:
  fps step                    : 17,424
  fps step + policy inference : 17,174
  fps total                   : 16,003
  epoch                       : 503 / 1,000
  frames                      : 82,411,520


Policy 0: saving next best rewards:  [158.58]
=> saving checkpoint 'runs/expert_row5_seed2810/nn/expert_row5_seed2810.pth'

Timing:
  Play time               : 9.607 s
  Update time             : 0.692 s
  Time to train epoch     : 10.299 s


Statistics:
  fps step                    : 17,302
  fps step + policy inference : 17,054
  fps total                   : 15,908
  epoch                       : 504 / 1,000
  frames                      : 82,575,360


Policy 0: saving next best rewards:  [158.66]
=> saving checkpoint 'runs/expert_row5_seed2810/nn/expert_row5_seed2810.pth'

Timing:
  Play time               : 9.628 s
  Update time             : 0.694 s
  Time to train epoch     : 10.322 s


Statistics:
  fps step                    : 17,267
  fps step + policy inference : 17,017
  fps total                   : 15,873
  epoch                       : 505 / 1,000
  frames                      : 82,739,200


Policy 0: saving next best rewards:  [158.68]
=> saving checkpoint 'runs/expert_row5_seed2810/nn/expert_row5_seed2810.pth'

Timing:
  Play time               : 9.616 s
  Update time             : 0.730 s
  Time to train epoch     : 10.347 s


Statistics:
  fps step                    : 17,288
  fps step + policy inference : 17,038
  fps total                   : 15,835
  epoch                       : 506 / 1,000
  frames                      : 82,903,040


Policy 0: 
Timing:
  Play time               : 9.802 s
  Update time             : 0.890 s
  Time to train epoch     : 10.691 s


Statistics:
  fps step                    : 17,219
  fps step + policy inference : 16,715
  fps total                   : 15,324
  epoch                       : 507 / 1,000
  frames                      : 83,066,880


Policy 0: saving next best rewards:  [159.5]
=> saving checkpoint 'runs/expert_row5_seed2810/nn/expert_row5_seed2810.pth'

Timing:
  Play time               : 9.598 s
  Update time             : 0.887 s
  Time to train epoch     : 10.485 s


Statistics:
  fps step                    : 17,331
  fps step + policy inference : 17,070
  fps total                   : 15,627
  epoch                       : 508 / 1,000
  frames                      : 83,230,720


Policy 0: saving next best rewards:  [159.55]
=> saving checkpoint 'runs/expert_row5_seed2810/nn/expert_row5_seed2810.pth'

Timing:
  Play time               : 9.658 s
  Update time             : 0.857 s
  Time to train epoch     : 10.515 s


Statistics:
  fps step                    : 17,227
  fps step + policy inference : 16,964
  fps total                   : 15,582
  epoch                       : 509 / 1,000
  frames                      : 83,394,560


Policy 0: saving next best rewards:  [159.62]
=> saving checkpoint 'runs/expert_row5_seed2810/nn/expert_row5_seed2810.pth'

Timing:
  Play time               : 9.688 s
  Update time             : 0.806 s
  Time to train epoch     : 10.494 s


Statistics:
  fps step                    : 17,172
  fps step + policy inference : 16,911
  fps total                   : 15,612
  epoch                       : 510 / 1,000
  frames                      : 83,558,400


Policy 0: saving next best rewards:  [159.64]
=> saving checkpoint 'runs/expert_row5_seed2810/nn/expert_row5_seed2810.pth'

Timing:
  Play time               : 9.701 s
  Update time             : 0.889 s
  Time to train epoch     : 10.590 s


Statistics:
  fps step                    : 17,161
  fps step + policy inference : 16,889
  fps total                   : 15,471
  epoch                       : 511 / 1,000
  frames                      : 83,722,240


Policy 0: saving next best rewards:  [159.76]
=> saving checkpoint 'runs/expert_row5_seed2810/nn/expert_row5_seed2810.pth'

Timing:
  Play time               : 9.603 s
  Update time             : 0.833 s
  Time to train epoch     : 10.436 s


Statistics:
  fps step                    : 17,332
  fps step + policy inference : 17,061
  fps total                   : 15,700
  epoch                       : 512 / 1,000
  frames                      : 83,886,080


Policy 0: saving next best rewards:  [159.93]
=> saving checkpoint 'runs/expert_row5_seed2810/nn/expert_row5_seed2810.pth'

Timing:
  Play time               : 9.618 s
  Update time             : 0.833 s
  Time to train epoch     : 10.451 s


Statistics:
  fps step                    : 17,308
  fps step + policy inference : 17,034
  fps total                   : 15,677
  epoch                       : 513 / 1,000
  frames                      : 84,049,920


Policy 0: saving next best rewards:  [160.03]
=> saving checkpoint 'runs/expert_row5_seed2810/nn/expert_row5_seed2810.pth'

Timing:
  Play time               : 9.599 s
  Update time             : 0.810 s
  Time to train epoch     : 10.410 s


Statistics:
  fps step                    : 17,338
  fps step + policy inference : 17,068
  fps total                   : 15,739
  epoch                       : 514 / 1,000
  frames                      : 84,213,760


Policy 0: saving next best rewards:  [160.24]
=> saving checkpoint 'runs/expert_row5_seed2810/nn/expert_row5_seed2810.pth'

Timing:
  Play time               : 9.582 s
  Update time             : 0.796 s
  Time to train epoch     : 10.378 s


Statistics:
  fps step                    : 17,364
  fps step + policy inference : 17,098
  fps total                   : 15,788
  epoch                       : 515 / 1,000
  frames                      : 84,377,600


Policy 0: saving next best rewards:  [160.33]
=> saving checkpoint 'runs/expert_row5_seed2810/nn/expert_row5_seed2810.pth'

Timing:
  Play time               : 9.601 s
  Update time             : 0.783 s
  Time to train epoch     : 10.384 s


Statistics:
  fps step                    : 17,331
  fps step + policy inference : 17,065
  fps total                   : 15,778
  epoch                       : 516 / 1,000
  frames                      : 84,541,440


Policy 0: saving next best rewards:  [160.44]
=> saving checkpoint 'runs/expert_row5_seed2810/nn/expert_row5_seed2810.pth'

Timing:
  Play time               : 9.625 s
  Update time             : 0.742 s
  Time to train epoch     : 10.367 s


Statistics:
  fps step                    : 17,281
  fps step + policy inference : 17,022
  fps total                   : 15,804
  epoch                       : 517 / 1,000
  frames                      : 84,705,280


Policy 0: 
Timing:
  Play time               : 9.631 s
  Update time             : 0.839 s
  Time to train epoch     : 10.470 s


Statistics:
  fps step                    : 17,261
  fps step + policy inference : 17,012
  fps total                   : 15,649
  epoch                       : 518 / 1,000
  frames                      : 84,869,120


Policy 0: 
Timing:
  Play time               : 9.589 s
  Update time             : 0.769 s
  Time to train epoch     : 10.358 s


Statistics:
  fps step                    : 17,329
  fps step + policy inference : 17,086
  fps total                   : 15,817
  epoch                       : 519 / 1,000
  frames                      : 85,032,960


Policy 0: 
Timing:
  Play time               : 9.602 s
  Update time             : 0.743 s
  Time to train epoch     : 10.345 s


Statistics:
  fps step                    : 17,307
  fps step + policy inference : 17,064
  fps total                   : 15,838
  epoch                       : 520 / 1,000
  frames                      : 85,196,800


Policy 0: 
Timing:
  Play time               : 9.587 s
  Update time             : 0.727 s
  Time to train epoch     : 10.313 s


Statistics:
  fps step                    : 17,333
  fps step + policy inference : 17,090
  fps total                   : 15,886
  epoch                       : 521 / 1,000
  frames                      : 85,360,640


Policy 0: 
Timing:
  Play time               : 9.580 s
  Update time             : 0.688 s
  Time to train epoch     : 10.268 s


Statistics:
  fps step                    : 17,350
  fps step + policy inference : 17,103
  fps total                   : 15,957
  epoch                       : 522 / 1,000
  frames                      : 85,524,480


Policy 0: 
Timing:
  Play time               : 9.635 s
  Update time             : 0.697 s
  Time to train epoch     : 10.333 s


Statistics:
  fps step                    : 17,251
  fps step + policy inference : 17,004
  fps total                   : 15,856
  epoch                       : 523 / 1,000
  frames                      : 85,688,320


Policy 0: 
Timing:
  Play time               : 9.668 s
  Update time             : 0.714 s
  Time to train epoch     : 10.382 s


Statistics:
  fps step                    : 17,200
  fps step + policy inference : 16,946
  fps total                   : 15,781
  epoch                       : 524 / 1,000
  frames                      : 85,852,160


Policy 0: 
Timing:
  Play time               : 9.782 s
  Update time             : 0.693 s
  Time to train epoch     : 10.475 s


Statistics:
  fps step                    : 17,239
  fps step + policy inference : 16,749
  fps total                   : 15,641
  epoch                       : 525 / 1,000
  frames                      : 86,016,000


Policy 0: saving next best rewards:  [160.81]
=> saving checkpoint 'runs/expert_row5_seed2810/nn/expert_row5_seed2810.pth'

Timing:
  Play time               : 9.661 s
  Update time             : 0.833 s
  Time to train epoch     : 10.494 s


Statistics:
  fps step                    : 17,223
  fps step + policy inference : 16,959
  fps total                   : 15,613
  epoch                       : 526 / 1,000
  frames                      : 86,179,840


Policy 0: 
Timing:
  Play time               : 9.618 s
  Update time             : 0.769 s
  Time to train epoch     : 10.387 s


Statistics:
  fps step                    : 17,292
  fps step + policy inference : 17,034
  fps total                   : 15,773
  epoch                       : 527 / 1,000
  frames                      : 86,343,680


Policy 0: saving next best rewards:  [160.81]
=> saving checkpoint 'runs/expert_row5_seed2810/nn/expert_row5_seed2810.pth'

Timing:
  Play time               : 9.623 s
  Update time             : 0.809 s
  Time to train epoch     : 10.432 s


Statistics:
  fps step                    : 17,289
  fps step + policy inference : 17,026
  fps total                   : 15,706
  epoch                       : 528 / 1,000
  frames                      : 86,507,520


Policy 0: 
Timing:
  Play time               : 9.615 s
  Update time             : 0.876 s
  Time to train epoch     : 10.491 s


Statistics:
  fps step                    : 17,305
  fps step + policy inference : 17,040
  fps total                   : 15,618
  epoch                       : 529 / 1,000
  frames                      : 86,671,360


Policy 0: saving next best rewards:  [160.89]
=> saving checkpoint 'runs/expert_row5_seed2810/nn/expert_row5_seed2810.pth'

Timing:
  Play time               : 9.639 s
  Update time             : 0.970 s
  Time to train epoch     : 10.608 s


Statistics:
  fps step                    : 17,280
  fps step + policy inference : 16,998
  fps total                   : 15,444
  epoch                       : 530 / 1,000
  frames                      : 86,835,200


Policy 0: saving next best rewards:  [160.93]
=> saving checkpoint 'runs/expert_row5_seed2810/nn/expert_row5_seed2810.pth'

Timing:
  Play time               : 9.617 s
  Update time             : 0.866 s
  Time to train epoch     : 10.484 s


Statistics:
  fps step                    : 17,303
  fps step + policy inference : 17,036
  fps total                   : 15,628
  epoch                       : 531 / 1,000
  frames                      : 86,999,040


Policy 0: saving next best rewards:  [161.05]
=> saving checkpoint 'runs/expert_row5_seed2810/nn/expert_row5_seed2810.pth'

Timing:
  Play time               : 9.629 s
  Update time             : 0.833 s
  Time to train epoch     : 10.462 s


Statistics:
  fps step                    : 17,290
  fps step + policy inference : 17,016
  fps total                   : 15,661
  epoch                       : 532 / 1,000
  frames                      : 87,162,880


Policy 0: 
Timing:
  Play time               : 9.610 s
  Update time             : 0.838 s
  Time to train epoch     : 10.449 s


Statistics:
  fps step                    : 17,319
  fps step + policy inference : 17,048
  fps total                   : 15,680
  epoch                       : 533 / 1,000
  frames                      : 87,326,720


Policy 0: 
Timing:
  Play time               : 9.599 s
  Update time             : 0.785 s
  Time to train epoch     : 10.384 s


Statistics:
  fps step                    : 17,330
  fps step + policy inference : 17,069
  fps total                   : 15,779
  epoch                       : 534 / 1,000
  frames                      : 87,490,560


Policy 0: saving next best rewards:  [161.09]
=> saving checkpoint 'runs/expert_row5_seed2810/nn/expert_row5_seed2810.pth'

Timing:
  Play time               : 9.622 s
  Update time             : 0.792 s
  Time to train epoch     : 10.413 s


Statistics:
  fps step                    : 17,290
  fps step + policy inference : 17,028
  fps total                   : 15,734
  epoch                       : 535 / 1,000
  frames                      : 87,654,400


Policy 0: saving next best rewards:  [161.18]
=> saving checkpoint 'runs/expert_row5_seed2810/nn/expert_row5_seed2810.pth'

Timing:
  Play time               : 9.597 s
  Update time             : 0.810 s
  Time to train epoch     : 10.407 s


Statistics:
  fps step                    : 17,331
  fps step + policy inference : 17,072
  fps total                   : 15,744
  epoch                       : 536 / 1,000
  frames                      : 87,818,240


Policy 0: 
Timing:
  Play time               : 9.549 s
  Update time             : 0.829 s
  Time to train epoch     : 10.377 s


Statistics:
  fps step                    : 17,408
  fps step + policy inference : 17,158
  fps total                   : 15,788
  epoch                       : 537 / 1,000
  frames                      : 87,982,080


Policy 0: 
Timing:
  Play time               : 9.562 s
  Update time             : 0.786 s
  Time to train epoch     : 10.348 s


Statistics:
  fps step                    : 17,380
  fps step + policy inference : 17,134
  fps total                   : 15,833
  epoch                       : 538 / 1,000
  frames                      : 88,145,920


Policy 0: 
Timing:
  Play time               : 9.541 s
  Update time             : 0.697 s
  Time to train epoch     : 10.238 s


Statistics:
  fps step                    : 17,415
  fps step + policy inference : 17,173
  fps total                   : 16,004
  epoch                       : 539 / 1,000
  frames                      : 88,309,760


Policy 0: 
Timing:
  Play time               : 9.600 s
  Update time             : 0.676 s
  Time to train epoch     : 10.276 s


Statistics:
  fps step                    : 17,312
  fps step + policy inference : 17,066
  fps total                   : 15,944
  epoch                       : 540 / 1,000
  frames                      : 88,473,600


Policy 0: 
Timing:
  Play time               : 9.625 s
  Update time             : 0.699 s
  Time to train epoch     : 10.324 s


Statistics:
  fps step                    : 17,271
  fps step + policy inference : 17,023
  fps total                   : 15,870
  epoch                       : 541 / 1,000
  frames                      : 88,637,440


Policy 0: 
Timing:
  Play time               : 9.730 s
  Update time             : 0.726 s
  Time to train epoch     : 10.456 s


Statistics:
  fps step                    : 17,084
  fps step + policy inference : 16,839
  fps total                   : 15,670
  epoch                       : 542 / 1,000
  frames                      : 88,801,280


Policy 0: 
Timing:
  Play time               : 9.703 s
  Update time             : 0.792 s
  Time to train epoch     : 10.495 s


Statistics:
  fps step                    : 17,134
  fps step + policy inference : 16,885
  fps total                   : 15,611
  epoch                       : 543 / 1,000
  frames                      : 88,965,120


Policy 0: 
Timing:
  Play time               : 9.887 s
  Update time             : 0.892 s
  Time to train epoch     : 10.779 s


Statistics:
  fps step                    : 17,060
  fps step + policy inference : 16,571
  fps total                   : 15,200
  epoch                       : 544 / 1,000
  frames                      : 89,128,960


Policy 0: 
Timing:
  Play time               : 9.649 s
  Update time             : 0.816 s
  Time to train epoch     : 10.465 s


Statistics:
  fps step                    : 17,235
  fps step + policy inference : 16,980
  fps total                   : 15,656
  epoch                       : 545 / 1,000
  frames                      : 89,292,800


Policy 0: 
Timing:
  Play time               : 9.755 s
  Update time             : 0.776 s
  Time to train epoch     : 10.531 s


Statistics:
  fps step                    : 17,057
  fps step + policy inference : 16,796
  fps total                   : 15,559
  epoch                       : 546 / 1,000
  frames                      : 89,456,640


Policy 0: 
Timing:
  Play time               : 9.710 s
  Update time             : 0.792 s
  Time to train epoch     : 10.502 s


Statistics:
  fps step                    : 17,131
  fps step + policy inference : 16,873
  fps total                   : 15,601
  epoch                       : 547 / 1,000
  frames                      : 89,620,480


Policy 0: 
Timing:
  Play time               : 9.651 s
  Update time             : 0.796 s
  Time to train epoch     : 10.447 s


Statistics:
  fps step                    : 17,243
  fps step + policy inference : 16,976
  fps total                   : 15,682
  epoch                       : 548 / 1,000
  frames                      : 89,784,320


Policy 0: 
Timing:
  Play time               : 9.698 s
  Update time             : 0.846 s
  Time to train epoch     : 10.544 s


Statistics:
  fps step                    : 17,164
  fps step + policy inference : 16,894
  fps total                   : 15,538
  epoch                       : 549 / 1,000
  frames                      : 89,948,160


Policy 0: 
Timing:
  Play time               : 9.633 s
  Update time             : 0.854 s
  Time to train epoch     : 10.487 s


Statistics:
  fps step                    : 17,278
  fps step + policy inference : 17,008
  fps total                   : 15,623
  epoch                       : 550 / 1,000
  frames                      : 90,112,000


Policy 0: saving next best rewards:  [161.3]
=> saving checkpoint 'runs/expert_row5_seed2810/nn/expert_row5_seed2810.pth'

Timing:
  Play time               : 9.620 s
  Update time             : 0.895 s
  Time to train epoch     : 10.515 s


Statistics:
  fps step                    : 17,305
  fps step + policy inference : 17,032
  fps total                   : 15,582
  epoch                       : 551 / 1,000
  frames                      : 90,275,840


Policy 0: 
Timing:
  Play time               : 9.600 s
  Update time             : 0.892 s
  Time to train epoch     : 10.492 s


Statistics:
  fps step                    : 17,339
  fps step + policy inference : 17,067
  fps total                   : 15,616
  epoch                       : 552 / 1,000
  frames                      : 90,439,680


Policy 0: 
Timing:
  Play time               : 9.627 s
  Update time             : 0.887 s
  Time to train epoch     : 10.514 s


Statistics:
  fps step                    : 17,283
  fps step + policy inference : 17,020
  fps total                   : 15,584
  epoch                       : 553 / 1,000
  frames                      : 90,603,520


Policy 0: 
Timing:
  Play time               : 9.767 s
  Update time             : 0.854 s
  Time to train epoch     : 10.621 s


Statistics:
  fps step                    : 17,026
  fps step + policy inference : 16,776
  fps total                   : 15,426
  epoch                       : 554 / 1,000
  frames                      : 90,767,360


Policy 0: 
Timing:
  Play time               : 9.794 s
  Update time             : 0.759 s
  Time to train epoch     : 10.554 s


Statistics:
  fps step                    : 16,974
  fps step + policy inference : 16,728
  fps total                   : 15,524
  epoch                       : 555 / 1,000
  frames                      : 90,931,200


Policy 0: saving next best rewards:  [161.32]
=> saving checkpoint 'runs/expert_row5_seed2810/nn/expert_row5_seed2810.pth'

Timing:
  Play time               : 9.748 s
  Update time             : 0.688 s
  Time to train epoch     : 10.437 s


Statistics:
  fps step                    : 17,046
  fps step + policy inference : 16,807
  fps total                   : 15,699
  epoch                       : 556 / 1,000
  frames                      : 91,095,040


Policy 0: saving next best rewards:  [161.39]
=> saving checkpoint 'runs/expert_row5_seed2810/nn/expert_row5_seed2810.pth'

Timing:
  Play time               : 9.734 s
  Update time             : 0.700 s
  Time to train epoch     : 10.435 s


Statistics:
  fps step                    : 17,075
  fps step + policy inference : 16,831
  fps total                   : 15,702
  epoch                       : 557 / 1,000
  frames                      : 91,258,880


Policy 0: 
Timing:
  Play time               : 10.143 s
  Update time             : 0.656 s
  Time to train epoch     : 10.799 s


Statistics:
  fps step                    : 16,366
  fps step + policy inference : 16,153
  fps total                   : 15,171
  epoch                       : 558 / 1,000
  frames                      : 91,422,720


Policy 0: 
Timing:
  Play time               : 10.182 s
  Update time             : 0.690 s
  Time to train epoch     : 10.872 s


Statistics:
  fps step                    : 16,311
  fps step + policy inference : 16,091
  fps total                   : 15,069
  epoch                       : 559 / 1,000
  frames                      : 91,586,560


Policy 0: saving next best rewards:  [161.46]
=> saving checkpoint 'runs/expert_row5_seed2810/nn/expert_row5_seed2810.pth'

Timing:
  Play time               : 10.117 s
  Update time             : 0.727 s
  Time to train epoch     : 10.844 s


Statistics:
  fps step                    : 16,418
  fps step + policy inference : 16,195
  fps total                   : 15,109
  epoch                       : 560 / 1,000
  frames                      : 91,750,400


Policy 0: 
Timing:
  Play time               : 10.102 s
  Update time             : 0.770 s
  Time to train epoch     : 10.871 s


Statistics:
  fps step                    : 16,445
  fps step + policy inference : 16,219
  fps total                   : 15,071
  epoch                       : 561 / 1,000
  frames                      : 91,914,240


Policy 0: saving next best rewards:  [161.48]
=> saving checkpoint 'runs/expert_row5_seed2810/nn/expert_row5_seed2810.pth'

Timing:
  Play time               : 9.909 s
  Update time             : 0.856 s
  Time to train epoch     : 10.765 s


Statistics:
  fps step                    : 16,777
  fps step + policy inference : 16,535
  fps total                   : 15,220
  epoch                       : 562 / 1,000
  frames                      : 92,078,080


Policy 0: saving next best rewards:  [161.5]
=> saving checkpoint 'runs/expert_row5_seed2810/nn/expert_row5_seed2810.pth'

Timing:
  Play time               : 9.929 s
  Update time             : 0.918 s
  Time to train epoch     : 10.848 s


Statistics:
  fps step                    : 16,989
  fps step + policy inference : 16,500
  fps total                   : 15,103
  epoch                       : 563 / 1,000
  frames                      : 92,241,920


Policy 0: 
Timing:
  Play time               : 9.565 s
  Update time             : 0.739 s
  Time to train epoch     : 10.304 s


Statistics:
  fps step                    : 17,382
  fps step + policy inference : 17,129
  fps total                   : 15,900
  epoch                       : 564 / 1,000
  frames                      : 92,405,760


Policy 0: 
Timing:
  Play time               : 9.624 s
  Update time             : 0.793 s
  Time to train epoch     : 10.417 s


Statistics:
  fps step                    : 17,289
  fps step + policy inference : 17,024
  fps total                   : 15,728
  epoch                       : 565 / 1,000
  frames                      : 92,569,600


Policy 0: 
Timing:
  Play time               : 9.592 s
  Update time             : 0.778 s
  Time to train epoch     : 10.370 s


Statistics:
  fps step                    : 17,347
  fps step + policy inference : 17,082
  fps total                   : 15,800
  epoch                       : 566 / 1,000
  frames                      : 92,733,440


Policy 0: saving next best rewards:  [161.55]
=> saving checkpoint 'runs/expert_row5_seed2810/nn/expert_row5_seed2810.pth'

Timing:
  Play time               : 9.615 s
  Update time             : 0.821 s
  Time to train epoch     : 10.437 s


Statistics:
  fps step                    : 17,316
  fps step + policy inference : 17,039
  fps total                   : 15,698
  epoch                       : 567 / 1,000
  frames                      : 92,897,280


Policy 0: saving next best rewards:  [161.69]
=> saving checkpoint 'runs/expert_row5_seed2810/nn/expert_row5_seed2810.pth'

Timing:
  Play time               : 9.588 s
  Update time             : 0.902 s
  Time to train epoch     : 10.489 s


Statistics:
  fps step                    : 17,360
  fps step + policy inference : 17,089
  fps total                   : 15,620
  epoch                       : 568 / 1,000
  frames                      : 93,061,120


Policy 0: saving next best rewards:  [161.78]
=> saving checkpoint 'runs/expert_row5_seed2810/nn/expert_row5_seed2810.pth'

Timing:
  Play time               : 9.595 s
  Update time             : 0.828 s
  Time to train epoch     : 10.423 s


Statistics:
  fps step                    : 17,354
  fps step + policy inference : 17,076
  fps total                   : 15,719
  epoch                       : 569 / 1,000
  frames                      : 93,224,960


Policy 0: saving next best rewards:  [162.03]
=> saving checkpoint 'runs/expert_row5_seed2810/nn/expert_row5_seed2810.pth'

Timing:
  Play time               : 9.597 s
  Update time             : 0.819 s
  Time to train epoch     : 10.417 s


Statistics:
  fps step                    : 17,339
  fps step + policy inference : 17,071
  fps total                   : 15,728
  epoch                       : 570 / 1,000
  frames                      : 93,388,800


Policy 0: 
Timing:
  Play time               : 9.588 s
  Update time             : 0.917 s
  Time to train epoch     : 10.505 s


Statistics:
  fps step                    : 17,358
  fps step + policy inference : 17,088
  fps total                   : 15,596
  epoch                       : 571 / 1,000
  frames                      : 93,552,640


Policy 0: saving next best rewards:  [162.13]
=> saving checkpoint 'runs/expert_row5_seed2810/nn/expert_row5_seed2810.pth'

Timing:
  Play time               : 9.620 s
  Update time             : 0.871 s
  Time to train epoch     : 10.491 s


Statistics:
  fps step                    : 17,295
  fps step + policy inference : 17,031
  fps total                   : 15,618
  epoch                       : 572 / 1,000
  frames                      : 93,716,480


Policy 0: saving next best rewards:  [162.22]
=> saving checkpoint 'runs/expert_row5_seed2810/nn/expert_row5_seed2810.pth'

Timing:
  Play time               : 9.633 s
  Update time             : 0.810 s
  Time to train epoch     : 10.443 s


Statistics:
  fps step                    : 17,269
  fps step + policy inference : 17,009
  fps total                   : 15,689
  epoch                       : 573 / 1,000
  frames                      : 93,880,320


Policy 0: saving next best rewards:  [162.29]
=> saving checkpoint 'runs/expert_row5_seed2810/nn/expert_row5_seed2810.pth'

Timing:
  Play time               : 9.570 s
  Update time             : 0.763 s
  Time to train epoch     : 10.333 s


Statistics:
  fps step                    : 17,374
  fps step + policy inference : 17,120
  fps total                   : 15,856
  epoch                       : 574 / 1,000
  frames                      : 94,044,160


Policy 0: saving next best rewards:  [162.36]
=> saving checkpoint 'runs/expert_row5_seed2810/nn/expert_row5_seed2810.pth'

Timing:
  Play time               : 9.581 s
  Update time             : 0.706 s
  Time to train epoch     : 10.287 s


Statistics:
  fps step                    : 17,349
  fps step + policy inference : 17,100
  fps total                   : 15,927
  epoch                       : 575 / 1,000
  frames                      : 94,208,000


Policy 0: saving next best rewards:  [162.38]
=> saving checkpoint 'runs/expert_row5_seed2810/nn/expert_row5_seed2810.pth'

Timing:
  Play time               : 9.572 s
  Update time             : 0.681 s
  Time to train epoch     : 10.253 s


Statistics:
  fps step                    : 17,362
  fps step + policy inference : 17,116
  fps total                   : 15,979
  epoch                       : 576 / 1,000
  frames                      : 94,371,840


Policy 0: saving next best rewards:  [162.38]
=> saving checkpoint 'runs/expert_row5_seed2810/nn/expert_row5_seed2810.pth'

Timing:
  Play time               : 9.548 s
  Update time             : 0.672 s
  Time to train epoch     : 10.221 s


Statistics:
  fps step                    : 17,404
  fps step + policy inference : 17,159
  fps total                   : 16,030
  epoch                       : 577 / 1,000
  frames                      : 94,535,680


Policy 0: 
Timing:
  Play time               : 9.538 s
  Update time             : 0.708 s
  Time to train epoch     : 10.246 s


Statistics:
  fps step                    : 17,429
  fps step + policy inference : 17,178
  fps total                   : 15,990
  epoch                       : 578 / 1,000
  frames                      : 94,699,520


Policy 0: 
Timing:
  Play time               : 9.601 s
  Update time             : 0.695 s
  Time to train epoch     : 10.296 s


Statistics:
  fps step                    : 17,315
  fps step + policy inference : 17,065
  fps total                   : 15,912
  epoch                       : 579 / 1,000
  frames                      : 94,863,360


Policy 0: 
Timing:
  Play time               : 9.628 s
  Update time             : 0.711 s
  Time to train epoch     : 10.339 s


Statistics:
  fps step                    : 17,267
  fps step + policy inference : 17,016
  fps total                   : 15,847
  epoch                       : 580 / 1,000
  frames                      : 95,027,200


Policy 0: 
Timing:
  Play time               : 9.613 s
  Update time             : 0.753 s
  Time to train epoch     : 10.366 s


Statistics:
  fps step                    : 17,296
  fps step + policy inference : 17,043
  fps total                   : 15,806
  epoch                       : 581 / 1,000
  frames                      : 95,191,040


Policy 0: 
Timing:
  Play time               : 9.812 s
  Update time             : 0.912 s
  Time to train epoch     : 10.724 s


Statistics:
  fps step                    : 17,200
  fps step + policy inference : 16,698
  fps total                   : 15,278
  epoch                       : 582 / 1,000
  frames                      : 95,354,880


Policy 0: saving next best rewards:  [162.52]
=> saving checkpoint 'runs/expert_row5_seed2810/nn/expert_row5_seed2810.pth'

Timing:
  Play time               : 9.594 s
  Update time             : 0.847 s
  Time to train epoch     : 10.441 s


Statistics:
  fps step                    : 17,332
  fps step + policy inference : 17,077
  fps total                   : 15,693
  epoch                       : 583 / 1,000
  frames                      : 95,518,720


Policy 0: saving next best rewards:  [162.62]
=> saving checkpoint 'runs/expert_row5_seed2810/nn/expert_row5_seed2810.pth'

Timing:
  Play time               : 9.621 s
  Update time             : 0.862 s
  Time to train epoch     : 10.482 s


Statistics:
  fps step                    : 17,293
  fps step + policy inference : 17,030
  fps total                   : 15,630
  epoch                       : 584 / 1,000
  frames                      : 95,682,560


Policy 0: saving next best rewards:  [162.69]
=> saving checkpoint 'runs/expert_row5_seed2810/nn/expert_row5_seed2810.pth'

Timing:
  Play time               : 9.596 s
  Update time             : 0.790 s
  Time to train epoch     : 10.386 s


Statistics:
  fps step                    : 17,343
  fps step + policy inference : 17,074
  fps total                   : 15,775
  epoch                       : 585 / 1,000
  frames                      : 95,846,400


Policy 0: 
Timing:
  Play time               : 9.606 s
  Update time             : 0.880 s
  Time to train epoch     : 10.486 s


Statistics:
  fps step                    : 17,328
  fps step + policy inference : 17,056
  fps total                   : 15,625
  epoch                       : 586 / 1,000
  frames                      : 96,010,240


Policy 0: saving next best rewards:  [162.69]
=> saving checkpoint 'runs/expert_row5_seed2810/nn/expert_row5_seed2810.pth'

Timing:
  Play time               : 9.597 s
  Update time             : 0.842 s
  Time to train epoch     : 10.439 s


Statistics:
  fps step                    : 17,341
  fps step + policy inference : 17,072
  fps total                   : 15,694
  epoch                       : 587 / 1,000
  frames                      : 96,174,080


Policy 0: saving next best rewards:  [162.8]
=> saving checkpoint 'runs/expert_row5_seed2810/nn/expert_row5_seed2810.pth'

Timing:
  Play time               : 9.607 s
  Update time             : 0.858 s
  Time to train epoch     : 10.464 s


Statistics:
  fps step                    : 17,331
  fps step + policy inference : 17,055
  fps total                   : 15,657
  epoch                       : 588 / 1,000
  frames                      : 96,337,920


Policy 0: saving next best rewards:  [162.9]
=> saving checkpoint 'runs/expert_row5_seed2810/nn/expert_row5_seed2810.pth'

Timing:
  Play time               : 9.619 s
  Update time             : 0.872 s
  Time to train epoch     : 10.490 s


Statistics:
  fps step                    : 17,312
  fps step + policy inference : 17,034
  fps total                   : 15,618
  epoch                       : 589 / 1,000
  frames                      : 96,501,760


Policy 0: saving next best rewards:  [162.93]
=> saving checkpoint 'runs/expert_row5_seed2810/nn/expert_row5_seed2810.pth'

Timing:
  Play time               : 9.600 s
  Update time             : 0.953 s
  Time to train epoch     : 10.553 s


Statistics:
  fps step                    : 17,340
  fps step + policy inference : 17,067
  fps total                   : 15,526
  epoch                       : 590 / 1,000
  frames                      : 96,665,600


Policy 0: saving next best rewards:  [163.01]
=> saving checkpoint 'runs/expert_row5_seed2810/nn/expert_row5_seed2810.pth'

Timing:
  Play time               : 9.625 s
  Update time             : 0.854 s
  Time to train epoch     : 10.479 s


Statistics:
  fps step                    : 17,287
  fps step + policy inference : 17,022
  fps total                   : 15,635
  epoch                       : 591 / 1,000
  frames                      : 96,829,440


Policy 0: saving next best rewards:  [163.16]
=> saving checkpoint 'runs/expert_row5_seed2810/nn/expert_row5_seed2810.pth'

Timing:
  Play time               : 9.599 s
  Update time             : 0.767 s
  Time to train epoch     : 10.366 s


Statistics:
  fps step                    : 17,328
  fps step + policy inference : 17,068
  fps total                   : 15,805
  epoch                       : 592 / 1,000
  frames                      : 96,993,280


Policy 0: saving next best rewards:  [163.22]
=> saving checkpoint 'runs/expert_row5_seed2810/nn/expert_row5_seed2810.pth'

Timing:
  Play time               : 9.563 s
  Update time             : 0.729 s
  Time to train epoch     : 10.292 s


Statistics:
  fps step                    : 17,389
  fps step + policy inference : 17,133
  fps total                   : 15,919
  epoch                       : 593 / 1,000
  frames                      : 97,157,120


Policy 0: 
Timing:
  Play time               : 9.551 s
  Update time             : 0.667 s
  Time to train epoch     : 10.218 s


Statistics:
  fps step                    : 17,399
  fps step + policy inference : 17,153
  fps total                   : 16,034
  epoch                       : 594 / 1,000
  frames                      : 97,320,960


Policy 0: 
Timing:
  Play time               : 9.570 s
  Update time             : 0.690 s
  Time to train epoch     : 10.261 s


Statistics:
  fps step                    : 17,365
  fps step + policy inference : 17,119
  fps total                   : 15,968
  epoch                       : 595 / 1,000
  frames                      : 97,484,800


Policy 0: 
Timing:
  Play time               : 9.531 s
  Update time             : 0.691 s
  Time to train epoch     : 10.223 s


Statistics:
  fps step                    : 17,435
  fps step + policy inference : 17,189
  fps total                   : 16,027
  epoch                       : 596 / 1,000
  frames                      : 97,648,640


Policy 0: 
Timing:
  Play time               : 9.550 s
  Update time             : 0.721 s
  Time to train epoch     : 10.270 s


Statistics:
  fps step                    : 17,407
  fps step + policy inference : 17,156
  fps total                   : 15,953
  epoch                       : 597 / 1,000
  frames                      : 97,812,480


Policy 0: 
Timing:
  Play time               : 9.601 s
  Update time             : 0.791 s
  Time to train epoch     : 10.393 s


Statistics:
  fps step                    : 17,313
  fps step + policy inference : 17,064
  fps total                   : 15,765
  epoch                       : 598 / 1,000
  frames                      : 97,976,320


Policy 0: 
Timing:
  Play time               : 9.639 s
  Update time             : 0.787 s
  Time to train epoch     : 10.426 s


Statistics:
  fps step                    : 17,251
  fps step + policy inference : 16,997
  fps total                   : 15,714
  epoch                       : 599 / 1,000
  frames                      : 98,140,160


Policy 0: saving next best rewards:  [163.26]
=> saving checkpoint 'runs/expert_row5_seed2810/nn/expert_row5_seed2810.pth'

Timing:
  Play time               : 9.782 s
  Update time             : 0.788 s
  Time to train epoch     : 10.569 s


Statistics:
  fps step                    : 17,244
  fps step + policy inference : 16,750
  fps total                   : 15,501
  epoch                       : 600 / 1,000
  frames                      : 98,304,000


Policy 0: saving next best rewards:  [163.35]
=> saving checkpoint 'runs/expert_row5_seed2810/nn/expert_row5_seed2810.pth'

Timing:
  Play time               : 9.626 s
  Update time             : 0.878 s
  Time to train epoch     : 10.504 s


Statistics:
  fps step                    : 17,288
  fps step + policy inference : 17,021
  fps total                   : 15,598
  epoch                       : 601 / 1,000
  frames                      : 98,467,840


Policy 0: saving next best rewards:  [163.46]
=> saving checkpoint 'runs/expert_row5_seed2810/nn/expert_row5_seed2810.pth'

Timing:
  Play time               : 9.617 s
  Update time             : 0.760 s
  Time to train epoch     : 10.378 s


Statistics:
  fps step                    : 17,295
  fps step + policy inference : 17,036
  fps total                   : 15,788
  epoch                       : 602 / 1,000
  frames                      : 98,631,680


Policy 0: saving next best rewards:  [163.5]
=> saving checkpoint 'runs/expert_row5_seed2810/nn/expert_row5_seed2810.pth'

Timing:
  Play time               : 9.617 s
  Update time             : 0.775 s
  Time to train epoch     : 10.392 s


Statistics:
  fps step                    : 17,301
  fps step + policy inference : 17,037
  fps total                   : 15,766
  epoch                       : 603 / 1,000
  frames                      : 98,795,520


Policy 0: saving next best rewards:  [163.52]
=> saving checkpoint 'runs/expert_row5_seed2810/nn/expert_row5_seed2810.pth'

Timing:
  Play time               : 9.586 s
  Update time             : 0.779 s
  Time to train epoch     : 10.365 s


Statistics:
  fps step                    : 17,361
  fps step + policy inference : 17,092
  fps total                   : 15,807
  epoch                       : 604 / 1,000
  frames                      : 98,959,360


Policy 0: 
Timing:
  Play time               : 9.606 s
  Update time             : 0.846 s
  Time to train epoch     : 10.452 s


Statistics:
  fps step                    : 17,335
  fps step + policy inference : 17,055
  fps total                   : 15,675
  epoch                       : 605 / 1,000
  frames                      : 99,123,200


Policy 0: saving next best rewards:  [163.52]
=> saving checkpoint 'runs/expert_row5_seed2810/nn/expert_row5_seed2810.pth'

Timing:
  Play time               : 9.604 s
  Update time             : 0.916 s
  Time to train epoch     : 10.520 s


Statistics:
  fps step                    : 17,329
  fps step + policy inference : 17,060
  fps total                   : 15,574
  epoch                       : 606 / 1,000
  frames                      : 99,287,040


Policy 0: saving next best rewards:  [163.64]
=> saving checkpoint 'runs/expert_row5_seed2810/nn/expert_row5_seed2810.pth'

Timing:
  Play time               : 9.616 s
  Update time             : 0.962 s
  Time to train epoch     : 10.578 s


Statistics:
  fps step                    : 17,312
  fps step + policy inference : 17,038
  fps total                   : 15,488
  epoch                       : 607 / 1,000
  frames                      : 99,450,880


Policy 0: 
Timing:
  Play time               : 9.609 s
  Update time             : 0.904 s
  Time to train epoch     : 10.512 s


Statistics:
  fps step                    : 17,322
  fps step + policy inference : 17,051
  fps total                   : 15,585
  epoch                       : 608 / 1,000
  frames                      : 99,614,720


Policy 0: 
Timing:
  Play time               : 9.585 s
  Update time             : 0.808 s
  Time to train epoch     : 10.393 s


Statistics:
  fps step                    : 17,358
  fps step + policy inference : 17,094
  fps total                   : 15,764
  epoch                       : 609 / 1,000
  frames                      : 99,778,560


Policy 0: saving next best rewards:  [163.66]
=> saving checkpoint 'runs/expert_row5_seed2810/nn/expert_row5_seed2810.pth'

Timing:
  Play time               : 9.607 s
  Update time             : 0.778 s
  Time to train epoch     : 10.385 s


Statistics:
  fps step                    : 17,317
  fps step + policy inference : 17,053
  fps total                   : 15,776
  epoch                       : 610 / 1,000
  frames                      : 99,942,400


Policy 0: 
Timing:
  Play time               : 9.588 s
  Update time             : 0.771 s
  Time to train epoch     : 10.359 s


Statistics:
  fps step                    : 17,349
  fps step + policy inference : 17,088
  fps total                   : 15,817
  epoch                       : 611 / 1,000
  frames                      : 100,106,240


Policy 0: saving next best rewards:  [163.68]
=> saving checkpoint 'runs/expert_row5_seed2810/nn/expert_row5_seed2810.pth'

Timing:
  Play time               : 9.560 s
  Update time             : 0.728 s
  Time to train epoch     : 10.288 s


Statistics:
  fps step                    : 17,389
  fps step + policy inference : 17,138
  fps total                   : 15,925
  epoch                       : 612 / 1,000
  frames                      : 100,270,080


Policy 0: saving next best rewards:  [163.7]
=> saving checkpoint 'runs/expert_row5_seed2810/nn/expert_row5_seed2810.pth'

Timing:
  Play time               : 9.556 s
  Update time             : 0.679 s
  Time to train epoch     : 10.234 s


Statistics:
  fps step                    : 17,396
  fps step + policy inference : 17,146
  fps total                   : 16,009
  epoch                       : 613 / 1,000
  frames                      : 100,433,920


Policy 0: saving next best rewards:  [163.73]
=> saving checkpoint 'runs/expert_row5_seed2810/nn/expert_row5_seed2810.pth'

Timing:
  Play time               : 9.519 s
  Update time             : 0.709 s
  Time to train epoch     : 10.228 s


Statistics:
  fps step                    : 17,455
  fps step + policy inference : 17,211
  fps total                   : 16,018
  epoch                       : 614 / 1,000
  frames                      : 100,597,760


Policy 0: saving next best rewards:  [163.74]
=> saving checkpoint 'runs/expert_row5_seed2810/nn/expert_row5_seed2810.pth'

Timing:
  Play time               : 9.538 s
  Update time             : 0.753 s
  Time to train epoch     : 10.291 s


Statistics:
  fps step                    : 17,429
  fps step + policy inference : 17,178
  fps total                   : 15,921
  epoch                       : 615 / 1,000
  frames                      : 100,761,600


Policy 0: 
Timing:
  Play time               : 9.579 s
  Update time             : 0.782 s
  Time to train epoch     : 10.360 s


Statistics:
  fps step                    : 17,363
  fps step + policy inference : 17,104
  fps total                   : 15,814
  epoch                       : 616 / 1,000
  frames                      : 100,925,440


Policy 0: 
Timing:
  Play time               : 9.629 s
  Update time             : 0.765 s
  Time to train epoch     : 10.395 s


Statistics:
  fps step                    : 17,263
  fps step + policy inference : 17,015
  fps total                   : 15,762
  epoch                       : 617 / 1,000
  frames                      : 101,089,280


Policy 0: saving next best rewards:  [163.75]
=> saving checkpoint 'runs/expert_row5_seed2810/nn/expert_row5_seed2810.pth'

Timing:
  Play time               : 9.606 s
  Update time             : 0.747 s
  Time to train epoch     : 10.353 s


Statistics:
  fps step                    : 17,310
  fps step + policy inference : 17,057
  fps total                   : 15,826
  epoch                       : 618 / 1,000
  frames                      : 101,253,120


Policy 0: saving next best rewards:  [163.76]
=> saving checkpoint 'runs/expert_row5_seed2810/nn/expert_row5_seed2810.pth'

Timing:
  Play time               : 9.786 s
  Update time             : 0.762 s
  Time to train epoch     : 10.548 s


Statistics:
  fps step                    : 17,240
  fps step + policy inference : 16,742
  fps total                   : 15,533
  epoch                       : 619 / 1,000
  frames                      : 101,416,960


Policy 0: saving next best rewards:  [164.21]
=> saving checkpoint 'runs/expert_row5_seed2810/nn/expert_row5_seed2810.pth'

Timing:
  Play time               : 9.584 s
  Update time             : 0.767 s
  Time to train epoch     : 10.351 s


Statistics:
  fps step                    : 17,356
  fps step + policy inference : 17,095
  fps total                   : 15,828
  epoch                       : 620 / 1,000
  frames                      : 101,580,800


Policy 0: 
Timing:
  Play time               : 9.637 s
  Update time             : 0.773 s
  Time to train epoch     : 10.410 s


Statistics:
  fps step                    : 17,270
  fps step + policy inference : 17,002
  fps total                   : 15,739
  epoch                       : 621 / 1,000
  frames                      : 101,744,640


Policy 0: 
Timing:
  Play time               : 9.603 s
  Update time             : 0.788 s
  Time to train epoch     : 10.391 s


Statistics:
  fps step                    : 17,325
  fps step + policy inference : 17,062
  fps total                   : 15,768
  epoch                       : 622 / 1,000
  frames                      : 101,908,480


Policy 0: saving next best rewards:  [164.23]
=> saving checkpoint 'runs/expert_row5_seed2810/nn/expert_row5_seed2810.pth'

Timing:
  Play time               : 9.600 s
  Update time             : 0.795 s
  Time to train epoch     : 10.395 s


Statistics:
  fps step                    : 17,338
  fps step + policy inference : 17,067
  fps total                   : 15,761
  epoch                       : 623 / 1,000
  frames                      : 102,072,320


Policy 0: 
Timing:
  Play time               : 9.609 s
  Update time             : 0.891 s
  Time to train epoch     : 10.500 s


Statistics:
  fps step                    : 17,324
  fps step + policy inference : 17,051
  fps total                   : 15,604
  epoch                       : 624 / 1,000
  frames                      : 102,236,160


Policy 0: 
Timing:
  Play time               : 9.758 s
  Update time             : 0.899 s
  Time to train epoch     : 10.657 s


Statistics:
  fps step                    : 17,056
  fps step + policy inference : 16,791
  fps total                   : 15,374
  epoch                       : 625 / 1,000
  frames                      : 102,400,000


Policy 0: saving next best rewards:  [164.3]
=> saving checkpoint 'runs/expert_row5_seed2810/nn/expert_row5_seed2810.pth'

Timing:
  Play time               : 9.947 s
  Update time             : 0.932 s
  Time to train epoch     : 10.880 s


Statistics:
  fps step                    : 16,725
  fps step + policy inference : 16,471
  fps total                   : 15,059
  epoch                       : 626 / 1,000
  frames                      : 102,563,840


Policy 0: saving next best rewards:  [164.32]
=> saving checkpoint 'runs/expert_row5_seed2810/nn/expert_row5_seed2810.pth'

Timing:
  Play time               : 9.966 s
  Update time             : 0.913 s
  Time to train epoch     : 10.878 s


Statistics:
  fps step                    : 16,692
  fps step + policy inference : 16,440
  fps total                   : 15,061
  epoch                       : 627 / 1,000
  frames                      : 102,727,680


Policy 0: saving next best rewards:  [164.39]
=> saving checkpoint 'runs/expert_row5_seed2810/nn/expert_row5_seed2810.pth'

Timing:
  Play time               : 9.992 s
  Update time             : 0.785 s
  Time to train epoch     : 10.777 s


Statistics:
  fps step                    : 16,640
  fps step + policy inference : 16,397
  fps total                   : 15,202
  epoch                       : 628 / 1,000
  frames                      : 102,891,520


Policy 0: 
Timing:
  Play time               : 10.148 s
  Update time             : 0.792 s
  Time to train epoch     : 10.940 s


Statistics:
  fps step                    : 16,378
  fps step + policy inference : 16,145
  fps total                   : 14,976
  epoch                       : 629 / 1,000
  frames                      : 103,055,360


Policy 0: 
Timing:
  Play time               : 9.670 s
  Update time             : 0.728 s
  Time to train epoch     : 10.398 s


Statistics:
  fps step                    : 17,195
  fps step + policy inference : 16,943
  fps total                   : 15,757
  epoch                       : 630 / 1,000
  frames                      : 103,219,200


Policy 0: saving next best rewards:  [164.44]
=> saving checkpoint 'runs/expert_row5_seed2810/nn/expert_row5_seed2810.pth'

Timing:
  Play time               : 9.560 s
  Update time             : 0.681 s
  Time to train epoch     : 10.241 s


Statistics:
  fps step                    : 17,388
  fps step + policy inference : 17,138
  fps total                   : 15,998
  epoch                       : 631 / 1,000
  frames                      : 103,383,040


Policy 0: 
Timing:
  Play time               : 9.549 s
  Update time             : 0.691 s
  Time to train epoch     : 10.240 s


Statistics:
  fps step                    : 17,408
  fps step + policy inference : 17,157
  fps total                   : 15,999
  epoch                       : 632 / 1,000
  frames                      : 103,546,880


Policy 0: saving next best rewards:  [164.45]
=> saving checkpoint 'runs/expert_row5_seed2810/nn/expert_row5_seed2810.pth'

Timing:
  Play time               : 9.516 s
  Update time             : 0.744 s
  Time to train epoch     : 10.260 s


Statistics:
  fps step                    : 17,463
  fps step + policy inference : 17,217
  fps total                   : 15,969
  epoch                       : 633 / 1,000
  frames                      : 103,710,720


Policy 0: 
Timing:
  Play time               : 9.573 s
  Update time             : 0.783 s
  Time to train epoch     : 10.356 s


Statistics:
  fps step                    : 17,367
  fps step + policy inference : 17,115
  fps total                   : 15,821
  epoch                       : 634 / 1,000
  frames                      : 103,874,560


Policy 0: saving next best rewards:  [164.49]
=> saving checkpoint 'runs/expert_row5_seed2810/nn/expert_row5_seed2810.pth'

Timing:
  Play time               : 9.564 s
  Update time             : 0.785 s
  Time to train epoch     : 10.349 s


Statistics:
  fps step                    : 17,382
  fps step + policy inference : 17,131
  fps total                   : 15,832
  epoch                       : 635 / 1,000
  frames                      : 104,038,400


Policy 0: saving next best rewards:  [164.5]
=> saving checkpoint 'runs/expert_row5_seed2810/nn/expert_row5_seed2810.pth'

Timing:
  Play time               : 9.616 s
  Update time             : 0.792 s
  Time to train epoch     : 10.408 s


Statistics:
  fps step                    : 17,292
  fps step + policy inference : 17,039
  fps total                   : 15,742
  epoch                       : 636 / 1,000
  frames                      : 104,202,240


Policy 0: 
Timing:
  Play time               : 9.617 s
  Update time             : 0.741 s
  Time to train epoch     : 10.358 s


Statistics:
  fps step                    : 17,298
  fps step + policy inference : 17,036
  fps total                   : 15,817
  epoch                       : 637 / 1,000
  frames                      : 104,366,080


Policy 0: saving next best rewards:  [164.53]
=> saving checkpoint 'runs/expert_row5_seed2810/nn/expert_row5_seed2810.pth'

Timing:
  Play time               : 9.789 s
  Update time             : 0.815 s
  Time to train epoch     : 10.604 s


Statistics:
  fps step                    : 17,238
  fps step + policy inference : 16,737
  fps total                   : 15,451
  epoch                       : 638 / 1,000
  frames                      : 104,529,920


Policy 0: saving next best rewards:  [164.84]
=> saving checkpoint 'runs/expert_row5_seed2810/nn/expert_row5_seed2810.pth'

Timing:
  Play time               : 9.576 s
  Update time             : 0.772 s
  Time to train epoch     : 10.349 s


Statistics:
  fps step                    : 17,364
  fps step + policy inference : 17,109
  fps total                   : 15,832
  epoch                       : 639 / 1,000
  frames                      : 104,693,760


Policy 0: saving next best rewards:  [164.86]
=> saving checkpoint 'runs/expert_row5_seed2810/nn/expert_row5_seed2810.pth'

Timing:
  Play time               : 9.621 s
  Update time             : 0.779 s
  Time to train epoch     : 10.401 s


Statistics:
  fps step                    : 17,292
  fps step + policy inference : 17,029
  fps total                   : 15,753
  epoch                       : 640 / 1,000
  frames                      : 104,857,600


Policy 0: saving next best rewards:  [164.94]
=> saving checkpoint 'runs/expert_row5_seed2810/nn/expert_row5_seed2810.pth'

Timing:
  Play time               : 9.583 s
  Update time             : 0.776 s
  Time to train epoch     : 10.359 s


Statistics:
  fps step                    : 17,361
  fps step + policy inference : 17,097
  fps total                   : 15,816
  epoch                       : 641 / 1,000
  frames                      : 105,021,440


Policy 0: saving next best rewards:  [165.]
=> saving checkpoint 'runs/expert_row5_seed2810/nn/expert_row5_seed2810.pth'

Timing:
  Play time               : 9.587 s
  Update time             : 0.841 s
  Time to train epoch     : 10.428 s


Statistics:
  fps step                    : 17,368
  fps step + policy inference : 17,089
  fps total                   : 15,711
  epoch                       : 642 / 1,000
  frames                      : 105,185,280


Policy 0: saving next best rewards:  [165.08]
=> saving checkpoint 'runs/expert_row5_seed2810/nn/expert_row5_seed2810.pth'

Timing:
  Play time               : 9.581 s
  Update time             : 0.861 s
  Time to train epoch     : 10.442 s


Statistics:
  fps step                    : 17,373
  fps step + policy inference : 17,100
  fps total                   : 15,690
  epoch                       : 643 / 1,000
  frames                      : 105,349,120


Policy 0: saving next best rewards:  [165.15]
=> saving checkpoint 'runs/expert_row5_seed2810/nn/expert_row5_seed2810.pth'

Timing:
  Play time               : 9.588 s
  Update time             : 0.909 s
  Time to train epoch     : 10.497 s


Statistics:
  fps step                    : 17,365
  fps step + policy inference : 17,088
  fps total                   : 15,608
  epoch                       : 644 / 1,000
  frames                      : 105,512,960


Policy 0: 
Timing:
  Play time               : 9.587 s
  Update time             : 0.969 s
  Time to train epoch     : 10.556 s


Statistics:
  fps step                    : 17,360
  fps step + policy inference : 17,090
  fps total                   : 15,521
  epoch                       : 645 / 1,000
  frames                      : 105,676,800


Policy 0: saving next best rewards:  [165.2]
=> saving checkpoint 'runs/expert_row5_seed2810/nn/expert_row5_seed2810.pth'

Timing:
  Play time               : 9.599 s
  Update time             : 0.886 s
  Time to train epoch     : 10.485 s


Statistics:
  fps step                    : 17,340
  fps step + policy inference : 17,069
  fps total                   : 15,626
  epoch                       : 646 / 1,000
  frames                      : 105,840,640


Policy 0: saving next best rewards:  [165.27]
=> saving checkpoint 'runs/expert_row5_seed2810/nn/expert_row5_seed2810.pth'

Timing:
  Play time               : 9.610 s
  Update time             : 0.798 s
  Time to train epoch     : 10.408 s


Statistics:
  fps step                    : 17,316
  fps step + policy inference : 17,049
  fps total                   : 15,742
  epoch                       : 647 / 1,000
  frames                      : 106,004,480


Policy 0: saving next best rewards:  [165.34]
=> saving checkpoint 'runs/expert_row5_seed2810/nn/expert_row5_seed2810.pth'

Timing:
  Play time               : 9.610 s
  Update time             : 0.766 s
  Time to train epoch     : 10.375 s


Statistics:
  fps step                    : 17,314
  fps step + policy inference : 17,049
  fps total                   : 15,791
  epoch                       : 648 / 1,000
  frames                      : 106,168,320


Policy 0: saving next best rewards:  [165.39]
=> saving checkpoint 'runs/expert_row5_seed2810/nn/expert_row5_seed2810.pth'

Timing:
  Play time               : 9.566 s
  Update time             : 0.727 s
  Time to train epoch     : 10.293 s


Statistics:
  fps step                    : 17,382
  fps step + policy inference : 17,128
  fps total                   : 15,918
  epoch                       : 649 / 1,000
  frames                      : 106,332,160


Policy 0: saving next best rewards:  [165.48]
=> saving checkpoint 'runs/expert_row5_seed2810/nn/expert_row5_seed2810.pth'

Timing:
  Play time               : 9.560 s
  Update time             : 0.699 s
  Time to train epoch     : 10.259 s


Statistics:
  fps step                    : 17,387
  fps step + policy inference : 17,138
  fps total                   : 15,970
  epoch                       : 650 / 1,000
  frames                      : 106,496,000


Policy 0: 
Timing:
  Play time               : 9.544 s
  Update time             : 0.730 s
  Time to train epoch     : 10.274 s


Statistics:
  fps step                    : 17,415
  fps step + policy inference : 17,167
  fps total                   : 15,948
  epoch                       : 651 / 1,000
  frames                      : 106,659,840


Policy 0: saving next best rewards:  [165.5]
=> saving checkpoint 'runs/expert_row5_seed2810/nn/expert_row5_seed2810.pth'

Timing:
  Play time               : 9.532 s
  Update time             : 0.767 s
  Time to train epoch     : 10.299 s


Statistics:
  fps step                    : 17,435
  fps step + policy inference : 17,188
  fps total                   : 15,908
  epoch                       : 652 / 1,000
  frames                      : 106,823,680


Policy 0: 
Timing:
  Play time               : 9.540 s
  Update time             : 0.817 s
  Time to train epoch     : 10.357 s


Statistics:
  fps step                    : 17,427
  fps step + policy inference : 17,174
  fps total                   : 15,820
  epoch                       : 653 / 1,000
  frames                      : 106,987,520


Policy 0: saving next best rewards:  [165.57]
=> saving checkpoint 'runs/expert_row5_seed2810/nn/expert_row5_seed2810.pth'

Timing:
  Play time               : 9.629 s
  Update time             : 0.775 s
  Time to train epoch     : 10.403 s


Statistics:
  fps step                    : 17,266
  fps step + policy inference : 17,016
  fps total                   : 15,749
  epoch                       : 654 / 1,000
  frames                      : 107,151,360


Policy 0: saving next best rewards:  [165.6]
=> saving checkpoint 'runs/expert_row5_seed2810/nn/expert_row5_seed2810.pth'

Timing:
  Play time               : 9.698 s
  Update time             : 0.749 s
  Time to train epoch     : 10.446 s


Statistics:
  fps step                    : 17,144
  fps step + policy inference : 16,895
  fps total                   : 15,684
  epoch                       : 655 / 1,000
  frames                      : 107,315,200


Policy 0: 
Timing:
  Play time               : 9.597 s
  Update time             : 0.742 s
  Time to train epoch     : 10.339 s


Statistics:
  fps step                    : 17,326
  fps step + policy inference : 17,072
  fps total                   : 15,847
  epoch                       : 656 / 1,000
  frames                      : 107,479,040


Policy 0: 
Timing:
  Play time               : 9.796 s
  Update time             : 0.866 s
  Time to train epoch     : 10.661 s


Statistics:
  fps step                    : 17,230
  fps step + policy inference : 16,726
  fps total                   : 15,368
  epoch                       : 657 / 1,000
  frames                      : 107,642,880


Policy 0: saving next best rewards:  [165.77]
=> saving checkpoint 'runs/expert_row5_seed2810/nn/expert_row5_seed2810.pth'

Timing:
  Play time               : 9.839 s
  Update time             : 0.739 s
  Time to train epoch     : 10.578 s


Statistics:
  fps step                    : 16,893
  fps step + policy inference : 16,652
  fps total                   : 15,489
  epoch                       : 658 / 1,000
  frames                      : 107,806,720


Policy 0: saving next best rewards:  [165.8]
=> saving checkpoint 'runs/expert_row5_seed2810/nn/expert_row5_seed2810.pth'

Timing:
  Play time               : 9.899 s
  Update time             : 0.777 s
  Time to train epoch     : 10.676 s


Statistics:
  fps step                    : 16,801
  fps step + policy inference : 16,551
  fps total                   : 15,346
  epoch                       : 659 / 1,000
  frames                      : 107,970,560


Policy 0: saving next best rewards:  [165.84]
=> saving checkpoint 'runs/expert_row5_seed2810/nn/expert_row5_seed2810.pth'

Timing:
  Play time               : 9.867 s
  Update time             : 0.832 s
  Time to train epoch     : 10.700 s


Statistics:
  fps step                    : 16,858
  fps step + policy inference : 16,604
  fps total                   : 15,313
  epoch                       : 660 / 1,000
  frames                      : 108,134,400


Policy 0: saving next best rewards:  [165.86]
=> saving checkpoint 'runs/expert_row5_seed2810/nn/expert_row5_seed2810.pth'

Timing:
  Play time               : 9.922 s
  Update time             : 0.910 s
  Time to train epoch     : 10.832 s


Statistics:
  fps step                    : 16,771
  fps step + policy inference : 16,513
  fps total                   : 15,125
  epoch                       : 661 / 1,000
  frames                      : 108,298,240


Policy 0: saving next best rewards:  [165.97]
=> saving checkpoint 'runs/expert_row5_seed2810/nn/expert_row5_seed2810.pth'

Timing:
  Play time               : 9.794 s
  Update time             : 0.954 s
  Time to train epoch     : 10.748 s


Statistics:
  fps step                    : 16,989
  fps step + policy inference : 16,729
  fps total                   : 15,244
  epoch                       : 662 / 1,000
  frames                      : 108,462,080


Policy 0: saving next best rewards:  [166.03]
=> saving checkpoint 'runs/expert_row5_seed2810/nn/expert_row5_seed2810.pth'

Timing:
  Play time               : 9.855 s
  Update time             : 0.922 s
  Time to train epoch     : 10.777 s


Statistics:
  fps step                    : 16,886
  fps step + policy inference : 16,624
  fps total                   : 15,202
  epoch                       : 663 / 1,000
  frames                      : 108,625,920


Policy 0: saving next best rewards:  [166.09]
=> saving checkpoint 'runs/expert_row5_seed2810/nn/expert_row5_seed2810.pth'

Timing:
  Play time               : 9.875 s
  Update time             : 0.816 s
  Time to train epoch     : 10.691 s


Statistics:
  fps step                    : 16,851
  fps step + policy inference : 16,592
  fps total                   : 15,325
  epoch                       : 664 / 1,000
  frames                      : 108,789,760


Policy 0: saving next best rewards:  [166.13]
=> saving checkpoint 'runs/expert_row5_seed2810/nn/expert_row5_seed2810.pth'

Timing:
  Play time               : 9.783 s
  Update time             : 0.805 s
  Time to train epoch     : 10.588 s


Statistics:
  fps step                    : 17,002
  fps step + policy inference : 16,747
  fps total                   : 15,474
  epoch                       : 665 / 1,000
  frames                      : 108,953,600


Policy 0: saving next best rewards:  [166.2]
=> saving checkpoint 'runs/expert_row5_seed2810/nn/expert_row5_seed2810.pth'

Timing:
  Play time               : 9.937 s
  Update time             : 0.793 s
  Time to train epoch     : 10.730 s


Statistics:
  fps step                    : 16,738
  fps step + policy inference : 16,488
  fps total                   : 15,269
  epoch                       : 666 / 1,000
  frames                      : 109,117,440


Policy 0: saving next best rewards:  [166.3]
=> saving checkpoint 'runs/expert_row5_seed2810/nn/expert_row5_seed2810.pth'

Timing:
  Play time               : 9.886 s
  Update time             : 0.739 s
  Time to train epoch     : 10.625 s


Statistics:
  fps step                    : 16,819
  fps step + policy inference : 16,573
  fps total                   : 15,421
  epoch                       : 667 / 1,000
  frames                      : 109,281,280


Policy 0: saving next best rewards:  [166.4]
=> saving checkpoint 'runs/expert_row5_seed2810/nn/expert_row5_seed2810.pth'

Timing:
  Play time               : 9.862 s
  Update time             : 0.781 s
  Time to train epoch     : 10.643 s


Statistics:
  fps step                    : 16,851
  fps step + policy inference : 16,613
  fps total                   : 15,394
  epoch                       : 668 / 1,000
  frames                      : 109,445,120


Policy 0: saving next best rewards:  [166.44]
=> saving checkpoint 'runs/expert_row5_seed2810/nn/expert_row5_seed2810.pth'

Timing:
  Play time               : 9.786 s
  Update time             : 0.798 s
  Time to train epoch     : 10.583 s


Statistics:
  fps step                    : 16,984
  fps step + policy inference : 16,743
  fps total                   : 15,481
  epoch                       : 669 / 1,000
  frames                      : 109,608,960


Policy 0: saving next best rewards:  [166.46]
=> saving checkpoint 'runs/expert_row5_seed2810/nn/expert_row5_seed2810.pth'

Timing:
  Play time               : 9.825 s
  Update time             : 0.801 s
  Time to train epoch     : 10.626 s


Statistics:
  fps step                    : 16,912
  fps step + policy inference : 16,677
  fps total                   : 15,419
  epoch                       : 670 / 1,000
  frames                      : 109,772,800


Policy 0: saving next best rewards:  [166.48]
=> saving checkpoint 'runs/expert_row5_seed2810/nn/expert_row5_seed2810.pth'

Timing:
  Play time               : 9.805 s
  Update time             : 0.714 s
  Time to train epoch     : 10.520 s


Statistics:
  fps step                    : 16,947
  fps step + policy inference : 16,709
  fps total                   : 15,575
  epoch                       : 671 / 1,000
  frames                      : 109,936,640


Policy 0: 
Timing:
  Play time               : 9.810 s
  Update time             : 0.700 s
  Time to train epoch     : 10.511 s


Statistics:
  fps step                    : 16,943
  fps step + policy inference : 16,701
  fps total                   : 15,588
  epoch                       : 672 / 1,000
  frames                      : 110,100,480


Policy 0: 
Timing:
  Play time               : 9.851 s
  Update time             : 0.700 s
  Time to train epoch     : 10.551 s


Statistics:
  fps step                    : 16,870
  fps step + policy inference : 16,632
  fps total                   : 15,529
  epoch                       : 673 / 1,000
  frames                      : 110,264,320


Policy 0: saving next best rewards:  [166.53]
=> saving checkpoint 'runs/expert_row5_seed2810/nn/expert_row5_seed2810.pth'

Timing:
  Play time               : 9.829 s
  Update time             : 0.731 s
  Time to train epoch     : 10.559 s


Statistics:
  fps step                    : 16,916
  fps step + policy inference : 16,670
  fps total                   : 15,516
  epoch                       : 674 / 1,000
  frames                      : 110,428,160


Policy 0: 
Timing:
  Play time               : 9.939 s
  Update time             : 0.730 s
  Time to train epoch     : 10.669 s


Statistics:
  fps step                    : 16,960
  fps step + policy inference : 16,484
  fps total                   : 15,357
  epoch                       : 675 / 1,000
  frames                      : 110,592,000


Policy 0: saving next best rewards:  [166.69]
=> saving checkpoint 'runs/expert_row5_seed2810/nn/expert_row5_seed2810.pth'

Timing:
  Play time               : 9.613 s
  Update time             : 0.892 s
  Time to train epoch     : 10.505 s


Statistics:
  fps step                    : 17,313
  fps step + policy inference : 17,044
  fps total                   : 15,596
  epoch                       : 676 / 1,000
  frames                      : 110,755,840


Policy 0: saving next best rewards:  [166.82]
=> saving checkpoint 'runs/expert_row5_seed2810/nn/expert_row5_seed2810.pth'

Timing:
  Play time               : 9.599 s
  Update time             : 0.821 s
  Time to train epoch     : 10.420 s


Statistics:
  fps step                    : 17,329
  fps step + policy inference : 17,068
  fps total                   : 15,723
  epoch                       : 677 / 1,000
  frames                      : 110,919,680


Policy 0: 
Timing:
  Play time               : 9.601 s
  Update time             : 0.821 s
  Time to train epoch     : 10.422 s


Statistics:
  fps step                    : 17,328
  fps step + policy inference : 17,065
  fps total                   : 15,721
  epoch                       : 678 / 1,000
  frames                      : 111,083,520


Policy 0: 
Timing:
  Play time               : 9.580 s
  Update time             : 0.870 s
  Time to train epoch     : 10.451 s


Statistics:
  fps step                    : 17,370
  fps step + policy inference : 17,101
  fps total                   : 15,677
  epoch                       : 679 / 1,000
  frames                      : 111,247,360


Policy 0: saving next best rewards:  [166.85]
=> saving checkpoint 'runs/expert_row5_seed2810/nn/expert_row5_seed2810.pth'

Timing:
  Play time               : 9.861 s
  Update time             : 0.889 s
  Time to train epoch     : 10.750 s


Statistics:
  fps step                    : 16,880
  fps step + policy inference : 16,615
  fps total                   : 15,240
  epoch                       : 680 / 1,000
  frames                      : 111,411,200


Policy 0: saving next best rewards:  [166.87]
=> saving checkpoint 'runs/expert_row5_seed2810/nn/expert_row5_seed2810.pth'

Timing:
  Play time               : 9.814 s
  Update time             : 0.817 s
  Time to train epoch     : 10.631 s


Statistics:
  fps step                    : 16,952
  fps step + policy inference : 16,694
  fps total                   : 15,411
  epoch                       : 681 / 1,000
  frames                      : 111,575,040


Policy 0: saving next best rewards:  [167.07]
=> saving checkpoint 'runs/expert_row5_seed2810/nn/expert_row5_seed2810.pth'

Timing:
  Play time               : 9.680 s
  Update time             : 0.821 s
  Time to train epoch     : 10.500 s


Statistics:
  fps step                    : 17,200
  fps step + policy inference : 16,926
  fps total                   : 15,603
  epoch                       : 682 / 1,000
  frames                      : 111,738,880


Policy 0: saving next best rewards:  [167.23]
=> saving checkpoint 'runs/expert_row5_seed2810/nn/expert_row5_seed2810.pth'

Timing:
  Play time               : 9.678 s
  Update time             : 0.837 s
  Time to train epoch     : 10.515 s


Statistics:
  fps step                    : 17,198
  fps step + policy inference : 16,929
  fps total                   : 15,582
  epoch                       : 683 / 1,000
  frames                      : 111,902,720


Policy 0: saving next best rewards:  [167.23]
=> saving checkpoint 'runs/expert_row5_seed2810/nn/expert_row5_seed2810.pth'

Timing:
  Play time               : 9.658 s
  Update time             : 0.785 s
  Time to train epoch     : 10.443 s


Statistics:
  fps step                    : 17,226
  fps step + policy inference : 16,964
  fps total                   : 15,689
  epoch                       : 684 / 1,000
  frames                      : 112,066,560


Policy 0: saving next best rewards:  [167.28]
=> saving checkpoint 'runs/expert_row5_seed2810/nn/expert_row5_seed2810.pth'

Timing:
  Play time               : 9.660 s
  Update time             : 0.773 s
  Time to train epoch     : 10.434 s


Statistics:
  fps step                    : 17,224
  fps step + policy inference : 16,960
  fps total                   : 15,703
  epoch                       : 685 / 1,000
  frames                      : 112,230,400


Policy 0: saving next best rewards:  [167.29]
=> saving checkpoint 'runs/expert_row5_seed2810/nn/expert_row5_seed2810.pth'

Timing:
  Play time               : 9.568 s
  Update time             : 0.768 s
  Time to train epoch     : 10.336 s


Statistics:
  fps step                    : 17,385
  fps step + policy inference : 17,124
  fps total                   : 15,852
  epoch                       : 686 / 1,000
  frames                      : 112,394,240


Policy 0: saving next best rewards:  [167.31]
=> saving checkpoint 'runs/expert_row5_seed2810/nn/expert_row5_seed2810.pth'

Timing:
  Play time               : 9.537 s
  Update time             : 0.818 s
  Time to train epoch     : 10.355 s


Statistics:
  fps step                    : 17,431
  fps step + policy inference : 17,180
  fps total                   : 15,823
  epoch                       : 687 / 1,000
  frames                      : 112,558,080


Policy 0: 
Timing:
  Play time               : 9.550 s
  Update time             : 0.813 s
  Time to train epoch     : 10.363 s


Statistics:
  fps step                    : 17,410
  fps step + policy inference : 17,156
  fps total                   : 15,811
  epoch                       : 688 / 1,000
  frames                      : 112,721,920


Policy 0: 
Timing:
  Play time               : 9.515 s
  Update time             : 0.734 s
  Time to train epoch     : 10.250 s


Statistics:
  fps step                    : 17,463
  fps step + policy inference : 17,218
  fps total                   : 15,985
  epoch                       : 689 / 1,000
  frames                      : 112,885,760


Policy 0: 
Timing:
  Play time               : 9.522 s
  Update time             : 0.701 s
  Time to train epoch     : 10.222 s


Statistics:
  fps step                    : 17,459
  fps step + policy inference : 17,207
  fps total                   : 16,028
  epoch                       : 690 / 1,000
  frames                      : 113,049,600


Policy 0: 
Timing:
  Play time               : 9.542 s
  Update time             : 0.678 s
  Time to train epoch     : 10.220 s


Statistics:
  fps step                    : 17,424
  fps step + policy inference : 17,170
  fps total                   : 16,031
  epoch                       : 691 / 1,000
  frames                      : 113,213,440


Policy 0: 
Timing:
  Play time               : 9.619 s
  Update time             : 0.699 s
  Time to train epoch     : 10.318 s


Statistics:
  fps step                    : 17,291
  fps step + policy inference : 17,033
  fps total                   : 15,879
  epoch                       : 692 / 1,000
  frames                      : 113,377,280


Policy 0: saving next best rewards:  [167.39]
=> saving checkpoint 'runs/expert_row5_seed2810/nn/expert_row5_seed2810.pth'

Timing:
  Play time               : 9.594 s
  Update time             : 0.758 s
  Time to train epoch     : 10.352 s


Statistics:
  fps step                    : 17,333
  fps step + policy inference : 17,078
  fps total                   : 15,827
  epoch                       : 693 / 1,000
  frames                      : 113,541,120


Policy 0: 
Timing:
  Play time               : 9.774 s
  Update time             : 0.855 s
  Time to train epoch     : 10.630 s


Statistics:
  fps step                    : 17,260
  fps step + policy inference : 16,762
  fps total                   : 15,413
  epoch                       : 694 / 1,000
  frames                      : 113,704,960


Policy 0: saving next best rewards:  [167.62]
=> saving checkpoint 'runs/expert_row5_seed2810/nn/expert_row5_seed2810.pth'

Timing:
  Play time               : 9.596 s
  Update time             : 0.883 s
  Time to train epoch     : 10.479 s


Statistics:
  fps step                    : 17,334
  fps step + policy inference : 17,074
  fps total                   : 15,635
  epoch                       : 695 / 1,000
  frames                      : 113,868,800


Policy 0: 
Timing:
  Play time               : 9.642 s
  Update time             : 0.836 s
  Time to train epoch     : 10.478 s


Statistics:
  fps step                    : 17,255
  fps step + policy inference : 16,992
  fps total                   : 15,636
  epoch                       : 696 / 1,000
  frames                      : 114,032,640


Policy 0: 
Timing:
  Play time               : 9.845 s
  Update time             : 0.779 s
  Time to train epoch     : 10.624 s


Statistics:
  fps step                    : 16,894
  fps step + policy inference : 16,641
  fps total                   : 15,422
  epoch                       : 697 / 1,000
  frames                      : 114,196,480


Policy 0: 
Timing:
  Play time               : 9.866 s
  Update time             : 0.805 s
  Time to train epoch     : 10.671 s


Statistics:
  fps step                    : 16,864
  fps step + policy inference : 16,607
  fps total                   : 15,353
  epoch                       : 698 / 1,000
  frames                      : 114,360,320


Policy 0: 
Timing:
  Play time               : 9.947 s
  Update time             : 0.847 s
  Time to train epoch     : 10.794 s


Statistics:
  fps step                    : 16,729
  fps step + policy inference : 16,471
  fps total                   : 15,178
  epoch                       : 699 / 1,000
  frames                      : 114,524,160


Policy 0: 
Timing:
  Play time               : 9.882 s
  Update time             : 0.817 s
  Time to train epoch     : 10.699 s


Statistics:
  fps step                    : 16,836
  fps step + policy inference : 16,580
  fps total                   : 15,314
  epoch                       : 700 / 1,000
  frames                      : 114,688,000


Policy 0: 
Timing:
  Play time               : 9.679 s
  Update time             : 0.854 s
  Time to train epoch     : 10.533 s


Statistics:
  fps step                    : 17,199
  fps step + policy inference : 16,928
  fps total                   : 15,555
  epoch                       : 701 / 1,000
  frames                      : 114,851,840


Policy 0: 
Timing:
  Play time               : 9.597 s
  Update time             : 0.912 s
  Time to train epoch     : 10.509 s


Statistics:
  fps step                    : 17,342
  fps step + policy inference : 17,072
  fps total                   : 15,591
  epoch                       : 702 / 1,000
  frames                      : 115,015,680


Policy 0: 
Timing:
  Play time               : 9.580 s
  Update time             : 0.900 s
  Time to train epoch     : 10.480 s


Statistics:
  fps step                    : 17,367
  fps step + policy inference : 17,102
  fps total                   : 15,633
  epoch                       : 703 / 1,000
  frames                      : 115,179,520


Policy 0: 
Timing:
  Play time               : 9.594 s
  Update time             : 0.847 s
  Time to train epoch     : 10.441 s


Statistics:
  fps step                    : 17,339
  fps step + policy inference : 17,078
  fps total                   : 15,692
  epoch                       : 704 / 1,000
  frames                      : 115,343,360


Policy 0: 
Timing:
  Play time               : 9.559 s
  Update time             : 0.747 s
  Time to train epoch     : 10.306 s


Statistics:
  fps step                    : 17,398
  fps step + policy inference : 17,139
  fps total                   : 15,898
  epoch                       : 705 / 1,000
  frames                      : 115,507,200


Policy 0: 
Timing:
  Play time               : 9.556 s
  Update time             : 0.724 s
  Time to train epoch     : 10.280 s


Statistics:
  fps step                    : 17,396
  fps step + policy inference : 17,145
  fps total                   : 15,937
  epoch                       : 706 / 1,000
  frames                      : 115,671,040


Policy 0: 
Timing:
  Play time               : 9.536 s
  Update time             : 0.697 s
  Time to train epoch     : 10.234 s


Statistics:
  fps step                    : 17,436
  fps step + policy inference : 17,181
  fps total                   : 16,010
  epoch                       : 707 / 1,000
  frames                      : 115,834,880


Policy 0: 
Timing:
  Play time               : 9.523 s
  Update time             : 0.656 s
  Time to train epoch     : 10.179 s


Statistics:
  fps step                    : 17,448
  fps step + policy inference : 17,204
  fps total                   : 16,096
  epoch                       : 708 / 1,000
  frames                      : 115,998,720


Policy 0: 
Timing:
  Play time               : 9.571 s
  Update time             : 0.702 s
  Time to train epoch     : 10.273 s


Statistics:
  fps step                    : 17,371
  fps step + policy inference : 17,118
  fps total                   : 15,948
  epoch                       : 709 / 1,000
  frames                      : 116,162,560


Policy 0: 
Timing:
  Play time               : 9.552 s
  Update time             : 0.817 s
  Time to train epoch     : 10.369 s


Statistics:
  fps step                    : 17,404
  fps step + policy inference : 17,152
  fps total                   : 15,800
  epoch                       : 710 / 1,000
  frames                      : 116,326,400


Policy 0: 
Timing:
  Play time               : 9.665 s
  Update time             : 0.875 s
  Time to train epoch     : 10.540 s


Statistics:
  fps step                    : 17,203
  fps step + policy inference : 16,952
  fps total                   : 15,544
  epoch                       : 711 / 1,000
  frames                      : 116,490,240


Policy 0: 
Timing:
  Play time               : 9.596 s
  Update time             : 0.804 s
  Time to train epoch     : 10.401 s


Statistics:
  fps step                    : 17,329
  fps step + policy inference : 17,073
  fps total                   : 15,753
  epoch                       : 712 / 1,000
  frames                      : 116,654,080


Policy 0: 
Timing:
  Play time               : 9.777 s
  Update time             : 0.863 s
  Time to train epoch     : 10.641 s


Statistics:
  fps step                    : 17,258
  fps step + policy inference : 16,757
  fps total                   : 15,398
  epoch                       : 713 / 1,000
  frames                      : 116,817,920


Policy 0: saving next best rewards:  [168.]
=> saving checkpoint 'runs/expert_row5_seed2810/nn/expert_row5_seed2810.pth'

Timing:
  Play time               : 9.549 s
  Update time             : 0.732 s
  Time to train epoch     : 10.282 s


Statistics:
  fps step                    : 17,414
  fps step + policy inference : 17,157
  fps total                   : 15,935
  epoch                       : 714 / 1,000
  frames                      : 116,981,760


Policy 0: 
Timing:
  Play time               : 9.603 s
  Update time             : 0.760 s
  Time to train epoch     : 10.364 s


Statistics:
  fps step                    : 17,325
  fps step + policy inference : 17,061
  fps total                   : 15,809
  epoch                       : 715 / 1,000
  frames                      : 117,145,600


Policy 0: 
Timing:
  Play time               : 9.682 s
  Update time             : 0.773 s
  Time to train epoch     : 10.455 s


Statistics:
  fps step                    : 17,179
  fps step + policy inference : 16,922
  fps total                   : 15,670
  epoch                       : 716 / 1,000
  frames                      : 117,309,440


Policy 0: saving next best rewards:  [168.]
=> saving checkpoint 'runs/expert_row5_seed2810/nn/expert_row5_seed2810.pth'

Timing:
  Play time               : 9.613 s
  Update time             : 0.834 s
  Time to train epoch     : 10.447 s


Statistics:
  fps step                    : 17,316
  fps step + policy inference : 17,043
  fps total                   : 15,683
  epoch                       : 717 / 1,000
  frames                      : 117,473,280


Policy 0: 
Timing:
  Play time               : 9.596 s
  Update time             : 0.875 s
  Time to train epoch     : 10.471 s


Statistics:
  fps step                    : 17,346
  fps step + policy inference : 17,074
  fps total                   : 15,647
  epoch                       : 718 / 1,000
  frames                      : 117,637,120


Policy 0: 
Timing:
  Play time               : 9.604 s
  Update time             : 0.909 s
  Time to train epoch     : 10.513 s


Statistics:
  fps step                    : 17,333
  fps step + policy inference : 17,059
  fps total                   : 15,584
  epoch                       : 719 / 1,000
  frames                      : 117,800,960


Policy 0: 
Timing:
  Play time               : 9.581 s
  Update time             : 0.862 s
  Time to train epoch     : 10.443 s


Statistics:
  fps step                    : 17,369
  fps step + policy inference : 17,101
  fps total                   : 15,689
  epoch                       : 720 / 1,000
  frames                      : 117,964,800


Policy 0: 
Timing:
  Play time               : 9.583 s
  Update time             : 0.938 s
  Time to train epoch     : 10.521 s


Statistics:
  fps step                    : 17,367
  fps step + policy inference : 17,096
  fps total                   : 15,573
  epoch                       : 721 / 1,000
  frames                      : 118,128,640


Policy 0: 
Timing:
  Play time               : 9.615 s
  Update time             : 0.807 s
  Time to train epoch     : 10.422 s


Statistics:
  fps step                    : 17,305
  fps step + policy inference : 17,040
  fps total                   : 15,720
  epoch                       : 722 / 1,000
  frames                      : 118,292,480


Policy 0: 
Timing:
  Play time               : 9.623 s
  Update time             : 0.758 s
  Time to train epoch     : 10.381 s


Statistics:
  fps step                    : 17,289
  fps step + policy inference : 17,025
  fps total                   : 15,782
  epoch                       : 723 / 1,000
  frames                      : 118,456,320


Policy 0: 
Timing:
  Play time               : 9.587 s
  Update time             : 0.724 s
  Time to train epoch     : 10.311 s


Statistics:
  fps step                    : 17,344
  fps step + policy inference : 17,090
  fps total                   : 15,890
  epoch                       : 724 / 1,000
  frames                      : 118,620,160


Policy 0: 
Timing:
  Play time               : 9.552 s
  Update time             : 0.697 s
  Time to train epoch     : 10.249 s


Statistics:
  fps step                    : 17,399
  fps step + policy inference : 17,153
  fps total                   : 15,985
  epoch                       : 725 / 1,000
  frames                      : 118,784,000


Policy 0: 
Timing:
  Play time               : 9.566 s
  Update time             : 0.695 s
  Time to train epoch     : 10.262 s


Statistics:
  fps step                    : 17,373
  fps step + policy inference : 17,127
  fps total                   : 15,966
  epoch                       : 726 / 1,000
  frames                      : 118,947,840


Policy 0: 
Timing:
  Play time               : 9.592 s
  Update time             : 0.744 s
  Time to train epoch     : 10.337 s


Statistics:
  fps step                    : 17,324
  fps step + policy inference : 17,080
  fps total                   : 15,850
  epoch                       : 727 / 1,000
  frames                      : 119,111,680


Policy 0: 
Timing:
  Play time               : 9.557 s
  Update time             : 0.815 s
  Time to train epoch     : 10.372 s


Statistics:
  fps step                    : 17,394
  fps step + policy inference : 17,144
  fps total                   : 15,796
  epoch                       : 728 / 1,000
  frames                      : 119,275,520


Policy 0: 
Timing:
  Play time               : 9.592 s
  Update time             : 0.806 s
  Time to train epoch     : 10.398 s


Statistics:
  fps step                    : 17,338
  fps step + policy inference : 17,081
  fps total                   : 15,757
  epoch                       : 729 / 1,000
  frames                      : 119,439,360


Policy 0: 
Timing:
  Play time               : 9.619 s
  Update time             : 0.762 s
  Time to train epoch     : 10.380 s


Statistics:
  fps step                    : 17,286
  fps step + policy inference : 17,033
  fps total                   : 15,784
  epoch                       : 730 / 1,000
  frames                      : 119,603,200


Policy 0: 
Timing:
  Play time               : 9.612 s
  Update time             : 0.729 s
  Time to train epoch     : 10.341 s


Statistics:
  fps step                    : 17,301
  fps step + policy inference : 17,045
  fps total                   : 15,844
  epoch                       : 731 / 1,000
  frames                      : 119,767,040


Policy 0: 
Timing:
  Play time               : 9.836 s
  Update time             : 0.834 s
  Time to train epoch     : 10.670 s


Statistics:
  fps step                    : 17,154
  fps step + policy inference : 16,657
  fps total                   : 15,355
  epoch                       : 732 / 1,000
  frames                      : 119,930,880


Policy 0: 
Timing:
  Play time               : 9.571 s
  Update time             : 0.755 s
  Time to train epoch     : 10.327 s


Statistics:
  fps step                    : 17,376
  fps step + policy inference : 17,118
  fps total                   : 15,866
  epoch                       : 733 / 1,000
  frames                      : 120,094,720


Policy 0: 
Timing:
  Play time               : 9.609 s
  Update time             : 0.769 s
  Time to train epoch     : 10.378 s


Statistics:
  fps step                    : 17,318
  fps step + policy inference : 17,051
  fps total                   : 15,787
  epoch                       : 734 / 1,000
  frames                      : 120,258,560


Policy 0: 
Timing:
  Play time               : 9.790 s
  Update time             : 0.799 s
  Time to train epoch     : 10.589 s


Statistics:
  fps step                    : 16,993
  fps step + policy inference : 16,735
  fps total                   : 15,472
  epoch                       : 735 / 1,000
  frames                      : 120,422,400


Policy 0: 
Timing:
  Play time               : 9.768 s
  Update time             : 0.920 s
  Time to train epoch     : 10.689 s


Statistics:
  fps step                    : 17,039
  fps step + policy inference : 16,772
  fps total                   : 15,329
  epoch                       : 736 / 1,000
  frames                      : 120,586,240


Policy 0: 
Timing:
  Play time               : 9.712 s
  Update time             : 0.960 s
  Time to train epoch     : 10.672 s


Statistics:
  fps step                    : 17,134
  fps step + policy inference : 16,870
  fps total                   : 15,352
  epoch                       : 737 / 1,000
  frames                      : 120,750,080


Policy 0: 
Timing:
  Play time               : 9.727 s
  Update time             : 0.900 s
  Time to train epoch     : 10.627 s


Statistics:
  fps step                    : 17,111
  fps step + policy inference : 16,844
  fps total                   : 15,417
  epoch                       : 738 / 1,000
  frames                      : 120,913,920


Policy 0: 
Timing:
  Play time               : 9.612 s
  Update time             : 0.860 s
  Time to train epoch     : 10.472 s


Statistics:
  fps step                    : 17,318
  fps step + policy inference : 17,046
  fps total                   : 15,646
  epoch                       : 739 / 1,000
  frames                      : 121,077,760


Policy 0: 
Timing:
  Play time               : 9.585 s
  Update time             : 0.818 s
  Time to train epoch     : 10.403 s


Statistics:
  fps step                    : 17,361
  fps step + policy inference : 17,094
  fps total                   : 15,750
  epoch                       : 740 / 1,000
  frames                      : 121,241,600


Policy 0: 
Timing:
  Play time               : 9.604 s
  Update time             : 0.787 s
  Time to train epoch     : 10.391 s


Statistics:
  fps step                    : 17,324
  fps step + policy inference : 17,059
  fps total                   : 15,768
  epoch                       : 741 / 1,000
  frames                      : 121,405,440


Policy 0: 
Timing:
  Play time               : 9.576 s
  Update time             : 0.743 s
  Time to train epoch     : 10.320 s


Statistics:
  fps step                    : 17,371
  fps step + policy inference : 17,109
  fps total                   : 15,876
  epoch                       : 742 / 1,000
  frames                      : 121,569,280


Policy 0: saving next best rewards:  [168.06]
=> saving checkpoint 'runs/expert_row5_seed2810/nn/expert_row5_seed2810.pth'

Timing:
  Play time               : 9.552 s
  Update time             : 0.755 s
  Time to train epoch     : 10.308 s


Statistics:
  fps step                    : 17,405
  fps step + policy inference : 17,152
  fps total                   : 15,895
  epoch                       : 743 / 1,000
  frames                      : 121,733,120


Policy 0: saving next best rewards:  [168.08]
=> saving checkpoint 'runs/expert_row5_seed2810/nn/expert_row5_seed2810.pth'

Timing:
  Play time               : 9.526 s
  Update time             : 0.795 s
  Time to train epoch     : 10.321 s


Statistics:
  fps step                    : 17,448
  fps step + policy inference : 17,199
  fps total                   : 15,875
  epoch                       : 744 / 1,000
  frames                      : 121,896,960


Policy 0: 
Timing:
  Play time               : 9.559 s
  Update time             : 0.832 s
  Time to train epoch     : 10.391 s


Statistics:
  fps step                    : 17,393
  fps step + policy inference : 17,139
  fps total                   : 15,767
  epoch                       : 745 / 1,000
  frames                      : 122,060,800


Policy 0: 
Timing:
  Play time               : 9.538 s
  Update time             : 0.754 s
  Time to train epoch     : 10.292 s


Statistics:
  fps step                    : 17,426
  fps step + policy inference : 17,178
  fps total                   : 15,920
  epoch                       : 746 / 1,000
  frames                      : 122,224,640


Policy 0: 
Timing:
  Play time               : 9.534 s
  Update time             : 0.677 s
  Time to train epoch     : 10.211 s


Statistics:
  fps step                    : 17,439
  fps step + policy inference : 17,185
  fps total                   : 16,045
  epoch                       : 747 / 1,000
  frames                      : 122,388,480


Policy 0: 
Timing:
  Play time               : 9.583 s
  Update time             : 0.697 s
  Time to train epoch     : 10.280 s


Statistics:
  fps step                    : 17,352
  fps step + policy inference : 17,097
  fps total                   : 15,937
  epoch                       : 748 / 1,000
  frames                      : 122,552,320


Policy 0: 
Timing:
  Play time               : 9.599 s
  Update time             : 0.711 s
  Time to train epoch     : 10.311 s


Statistics:
  fps step                    : 17,322
  fps step + policy inference : 17,068
  fps total                   : 15,890
  epoch                       : 749 / 1,000
  frames                      : 122,716,160


Policy 0: saving next best rewards:  [168.11]
=> saving checkpoint 'runs/expert_row5_seed2810/nn/expert_row5_seed2810.pth'

Timing:
  Play time               : 9.731 s
  Update time             : 0.718 s
  Time to train epoch     : 10.448 s


Statistics:
  fps step                    : 17,333
  fps step + policy inference : 16,838
  fps total                   : 15,681
  epoch                       : 750 / 1,000
  frames                      : 122,880,000


Policy 0: Saved recovery checkpoint runs/expert_row5_seed2810/checkpoints/epoch_000750.pth; evaluation_due=False

Timing:
  Play time               : 9.690 s
  Update time             : 0.840 s
  Time to train epoch     : 10.530 s


Statistics:
  fps step                    : 17,176
  fps step + policy inference : 16,908
  fps total                   : 15,560
  epoch                       : 751 / 1,000
  frames                      : 123,043,840


Policy 0: 
Timing:
  Play time               : 9.584 s
  Update time             : 0.798 s
  Time to train epoch     : 10.382 s


Statistics:
  fps step                    : 17,357
  fps step + policy inference : 17,095
  fps total                   : 15,781
  epoch                       : 752 / 1,000
  frames                      : 123,207,680


Policy 0: 
Timing:
  Play time               : 9.590 s
  Update time             : 0.877 s
  Time to train epoch     : 10.467 s


Statistics:
  fps step                    : 17,349
  fps step + policy inference : 17,084
  fps total                   : 15,654
  epoch                       : 753 / 1,000
  frames                      : 123,371,520


Policy 0: saving next best rewards:  [168.12]
=> saving checkpoint 'runs/expert_row5_seed2810/nn/expert_row5_seed2810.pth'

Timing:
  Play time               : 9.591 s
  Update time             : 0.945 s
  Time to train epoch     : 10.536 s


Statistics:
  fps step                    : 17,351
  fps step + policy inference : 17,082
  fps total                   : 15,550
  epoch                       : 754 / 1,000
  frames                      : 123,535,360


Policy 0: 
Timing:
  Play time               : 9.599 s
  Update time             : 0.899 s
  Time to train epoch     : 10.498 s


Statistics:
  fps step                    : 17,346
  fps step + policy inference : 17,069
  fps total                   : 15,607
  epoch                       : 755 / 1,000
  frames                      : 123,699,200


Policy 0: 
Timing:
  Play time               : 9.590 s
  Update time             : 0.829 s
  Time to train epoch     : 10.419 s


Statistics:
  fps step                    : 17,357
  fps step + policy inference : 17,084
  fps total                   : 15,724
  epoch                       : 756 / 1,000
  frames                      : 123,863,040


Policy 0: 
Timing:
  Play time               : 9.648 s
  Update time             : 0.836 s
  Time to train epoch     : 10.484 s


Statistics:
  fps step                    : 17,252
  fps step + policy inference : 16,982
  fps total                   : 15,627
  epoch                       : 757 / 1,000
  frames                      : 124,026,880


Policy 0: 
Timing:
  Play time               : 9.675 s
  Update time             : 0.832 s
  Time to train epoch     : 10.507 s


Statistics:
  fps step                    : 17,203
  fps step + policy inference : 16,935
  fps total                   : 15,594
  epoch                       : 758 / 1,000
  frames                      : 124,190,720


Policy 0: 
Timing:
  Play time               : 9.711 s
  Update time             : 0.785 s
  Time to train epoch     : 10.496 s


Statistics:
  fps step                    : 17,128
  fps step + policy inference : 16,871
  fps total                   : 15,610
  epoch                       : 759 / 1,000
  frames                      : 124,354,560


Policy 0: 
Timing:
  Play time               : 9.634 s
  Update time             : 0.866 s
  Time to train epoch     : 10.501 s


Statistics:
  fps step                    : 17,268
  fps step + policy inference : 17,006
  fps total                   : 15,603
  epoch                       : 760 / 1,000
  frames                      : 124,518,400


Policy 0: 
Timing:
  Play time               : 9.584 s
  Update time             : 0.816 s
  Time to train epoch     : 10.400 s


Statistics:
  fps step                    : 17,360
  fps step + policy inference : 17,096
  fps total                   : 15,753
  epoch                       : 761 / 1,000
  frames                      : 124,682,240


Policy 0: 
Timing:
  Play time               : 9.538 s
  Update time             : 0.792 s
  Time to train epoch     : 10.331 s


Statistics:
  fps step                    : 17,428
  fps step + policy inference : 17,177
  fps total                   : 15,859
  epoch                       : 762 / 1,000
  frames                      : 124,846,080


Policy 0: 
Timing:
  Play time               : 9.548 s
  Update time             : 0.761 s
  Time to train epoch     : 10.309 s


Statistics:
  fps step                    : 17,411
  fps step + policy inference : 17,160
  fps total                   : 15,893
  epoch                       : 763 / 1,000
  frames                      : 125,009,920


Policy 0: 
Timing:
  Play time               : 9.538 s
  Update time             : 0.683 s
  Time to train epoch     : 10.221 s


Statistics:
  fps step                    : 17,422
  fps step + policy inference : 17,178
  fps total                   : 16,031
  epoch                       : 764 / 1,000
  frames                      : 125,173,760


Policy 0: 
Timing:
  Play time               : 9.539 s
  Update time             : 0.678 s
  Time to train epoch     : 10.217 s


Statistics:
  fps step                    : 17,430
  fps step + policy inference : 17,176
  fps total                   : 16,036
  epoch                       : 765 / 1,000
  frames                      : 125,337,600


Policy 0: 
Timing:
  Play time               : 9.562 s
  Update time             : 0.682 s
  Time to train epoch     : 10.244 s


Statistics:
  fps step                    : 17,387
  fps step + policy inference : 17,135
  fps total                   : 15,994
  epoch                       : 766 / 1,000
  frames                      : 125,501,440


Policy 0: 
Timing:
  Play time               : 9.631 s
  Update time             : 0.706 s
  Time to train epoch     : 10.337 s


Statistics:
  fps step                    : 17,265
  fps step + policy inference : 17,012
  fps total                   : 15,850
  epoch                       : 767 / 1,000
  frames                      : 125,665,280


Policy 0: 
Timing:
  Play time               : 9.598 s
  Update time             : 0.779 s
  Time to train epoch     : 10.377 s


Statistics:
  fps step                    : 17,324
  fps step + policy inference : 17,070
  fps total                   : 15,789
  epoch                       : 768 / 1,000
  frames                      : 125,829,120


Policy 0: 
Timing:
  Play time               : 9.783 s
  Update time             : 0.824 s
  Time to train epoch     : 10.607 s


Statistics:
  fps step                    : 17,243
  fps step + policy inference : 16,747
  fps total                   : 15,446
  epoch                       : 769 / 1,000
  frames                      : 125,992,960


Policy 0: saving next best rewards:  [168.46]
=> saving checkpoint 'runs/expert_row5_seed2810/nn/expert_row5_seed2810.pth'

Timing:
  Play time               : 9.602 s
  Update time             : 0.896 s
  Time to train epoch     : 10.498 s


Statistics:
  fps step                    : 17,327
  fps step + policy inference : 17,062
  fps total                   : 15,606
  epoch                       : 770 / 1,000
  frames                      : 126,156,800


Policy 0: saving next best rewards:  [168.51]
=> saving checkpoint 'runs/expert_row5_seed2810/nn/expert_row5_seed2810.pth'

Timing:
  Play time               : 9.587 s
  Update time             : 0.905 s
  Time to train epoch     : 10.492 s


Statistics:
  fps step                    : 17,350
  fps step + policy inference : 17,089
  fps total                   : 15,615
  epoch                       : 771 / 1,000
  frames                      : 126,320,640


Policy 0: saving next best rewards:  [168.56]
=> saving checkpoint 'runs/expert_row5_seed2810/nn/expert_row5_seed2810.pth'

Timing:
  Play time               : 9.583 s
  Update time             : 0.821 s
  Time to train epoch     : 10.404 s


Statistics:
  fps step                    : 17,364
  fps step + policy inference : 17,097
  fps total                   : 15,748
  epoch                       : 772 / 1,000
  frames                      : 126,484,480


Policy 0: 
Timing:
  Play time               : 9.574 s
  Update time             : 0.812 s
  Time to train epoch     : 10.387 s


Statistics:
  fps step                    : 17,386
  fps step + policy inference : 17,112
  fps total                   : 15,774
  epoch                       : 773 / 1,000
  frames                      : 126,648,320


Policy 0: 
Timing:
  Play time               : 9.578 s
  Update time             : 0.894 s
  Time to train epoch     : 10.472 s


Statistics:
  fps step                    : 17,383
  fps step + policy inference : 17,107
  fps total                   : 15,646
  epoch                       : 774 / 1,000
  frames                      : 126,812,160


Policy 0: 
Timing:
  Play time               : 9.584 s
  Update time             : 0.866 s
  Time to train epoch     : 10.450 s


Statistics:
  fps step                    : 17,367
  fps step + policy inference : 17,095
  fps total                   : 15,678
  epoch                       : 775 / 1,000
  frames                      : 126,976,000


Policy 0: saving next best rewards:  [168.68]
=> saving checkpoint 'runs/expert_row5_seed2810/nn/expert_row5_seed2810.pth'

Timing:
  Play time               : 9.572 s
  Update time             : 0.829 s
  Time to train epoch     : 10.401 s


Statistics:
  fps step                    : 17,389
  fps step + policy inference : 17,116
  fps total                   : 15,752
  epoch                       : 776 / 1,000
  frames                      : 127,139,840


Policy 0: 
Timing:
  Play time               : 9.589 s
  Update time             : 0.851 s
  Time to train epoch     : 10.440 s


Statistics:
  fps step                    : 17,359
  fps step + policy inference : 17,087
  fps total                   : 15,694
  epoch                       : 777 / 1,000
  frames                      : 127,303,680


Policy 0: 
Timing:
  Play time               : 9.584 s
  Update time             : 0.846 s
  Time to train epoch     : 10.429 s


Statistics:
  fps step                    : 17,361
  fps step + policy inference : 17,096
  fps total                   : 15,710
  epoch                       : 778 / 1,000
  frames                      : 127,467,520


Policy 0: 
Timing:
  Play time               : 9.599 s
  Update time             : 0.879 s
  Time to train epoch     : 10.478 s


Statistics:
  fps step                    : 17,329
  fps step + policy inference : 17,068
  fps total                   : 15,636
  epoch                       : 779 / 1,000
  frames                      : 127,631,360


Policy 0: 
Timing:
  Play time               : 9.562 s
  Update time             : 0.848 s
  Time to train epoch     : 10.410 s


Statistics:
  fps step                    : 17,394
  fps step + policy inference : 17,134
  fps total                   : 15,738
  epoch                       : 780 / 1,000
  frames                      : 127,795,200


Policy 0: saving next best rewards:  [168.77]
=> saving checkpoint 'runs/expert_row5_seed2810/nn/expert_row5_seed2810.pth'

Timing:
  Play time               : 9.526 s
  Update time             : 0.723 s
  Time to train epoch     : 10.249 s


Statistics:
  fps step                    : 17,451
  fps step + policy inference : 17,199
  fps total                   : 15,987
  epoch                       : 781 / 1,000
  frames                      : 127,959,040


Policy 0: saving next best rewards:  [168.78]
=> saving checkpoint 'runs/expert_row5_seed2810/nn/expert_row5_seed2810.pth'

Timing:
  Play time               : 9.511 s
  Update time             : 0.684 s
  Time to train epoch     : 10.195 s


Statistics:
  fps step                    : 17,474
  fps step + policy inference : 17,226
  fps total                   : 16,070
  epoch                       : 782 / 1,000
  frames                      : 128,122,880


Policy 0: saving next best rewards:  [168.79]
=> saving checkpoint 'runs/expert_row5_seed2810/nn/expert_row5_seed2810.pth'

Timing:
  Play time               : 9.514 s
  Update time             : 0.677 s
  Time to train epoch     : 10.191 s


Statistics:
  fps step                    : 17,472
  fps step + policy inference : 17,220
  fps total                   : 16,077
  epoch                       : 783 / 1,000
  frames                      : 128,286,720


Policy 0: 
Timing:
  Play time               : 9.536 s
  Update time             : 0.693 s
  Time to train epoch     : 10.229 s


Statistics:
  fps step                    : 17,435
  fps step + policy inference : 17,181
  fps total                   : 16,017
  epoch                       : 784 / 1,000
  frames                      : 128,450,560


Policy 0: 
Timing:
  Play time               : 9.536 s
  Update time             : 0.685 s
  Time to train epoch     : 10.221 s


Statistics:
  fps step                    : 17,432
  fps step + policy inference : 17,181
  fps total                   : 16,030
  epoch                       : 785 / 1,000
  frames                      : 128,614,400


Policy 0: 
Timing:
  Play time               : 9.604 s
  Update time             : 0.746 s
  Time to train epoch     : 10.350 s


Statistics:
  fps step                    : 17,315
  fps step + policy inference : 17,060
  fps total                   : 15,829
  epoch                       : 786 / 1,000
  frames                      : 128,778,240


Policy 0: 
Timing:
  Play time               : 9.574 s
  Update time             : 0.768 s
  Time to train epoch     : 10.342 s


Statistics:
  fps step                    : 17,368
  fps step + policy inference : 17,114
  fps total                   : 15,843
  epoch                       : 787 / 1,000
  frames                      : 128,942,080


Policy 0: saving next best rewards:  [168.81]
=> saving checkpoint 'runs/expert_row5_seed2810/nn/expert_row5_seed2810.pth'

Timing:
  Play time               : 9.981 s
  Update time             : 0.889 s
  Time to train epoch     : 10.871 s


Statistics:
  fps step                    : 16,898
  fps step + policy inference : 16,415
  fps total                   : 15,072
  epoch                       : 788 / 1,000
  frames                      : 129,105,920


Policy 0: saving next best rewards:  [169.17]
=> saving checkpoint 'runs/expert_row5_seed2810/nn/expert_row5_seed2810.pth'

Timing:
  Play time               : 9.903 s
  Update time             : 0.874 s
  Time to train epoch     : 10.777 s


Statistics:
  fps step                    : 16,786
  fps step + policy inference : 16,544
  fps total                   : 15,203
  epoch                       : 789 / 1,000
  frames                      : 129,269,760


Policy 0: 
Timing:
  Play time               : 9.747 s
  Update time             : 0.870 s
  Time to train epoch     : 10.617 s


Statistics:
  fps step                    : 17,067
  fps step + policy inference : 16,809
  fps total                   : 15,432
  epoch                       : 790 / 1,000
  frames                      : 129,433,600


Policy 0: 
Timing:
  Play time               : 9.578 s
  Update time             : 0.820 s
  Time to train epoch     : 10.398 s


Statistics:
  fps step                    : 17,370
  fps step + policy inference : 17,106
  fps total                   : 15,757
  epoch                       : 791 / 1,000
  frames                      : 129,597,440


Policy 0: 
Timing:
  Play time               : 9.607 s
  Update time             : 0.829 s
  Time to train epoch     : 10.436 s


Statistics:
  fps step                    : 17,328
  fps step + policy inference : 17,054
  fps total                   : 15,700
  epoch                       : 792 / 1,000
  frames                      : 129,761,280


Policy 0: 
Timing:
  Play time               : 9.610 s
  Update time             : 0.842 s
  Time to train epoch     : 10.451 s


Statistics:
  fps step                    : 17,318
  fps step + policy inference : 17,049
  fps total                   : 15,676
  epoch                       : 793 / 1,000
  frames                      : 129,925,120


Policy 0: 
Timing:
  Play time               : 9.592 s
  Update time             : 0.850 s
  Time to train epoch     : 10.443 s


Statistics:
  fps step                    : 17,357
  fps step + policy inference : 17,080
  fps total                   : 15,690
  epoch                       : 794 / 1,000
  frames                      : 130,088,960


Policy 0: 
Timing:
  Play time               : 9.587 s
  Update time             : 0.815 s
  Time to train epoch     : 10.402 s


Statistics:
  fps step                    : 17,357
  fps step + policy inference : 17,091
  fps total                   : 15,751
  epoch                       : 795 / 1,000
  frames                      : 130,252,800


Policy 0: 
Timing:
  Play time               : 9.578 s
  Update time             : 0.823 s
  Time to train epoch     : 10.401 s


Statistics:
  fps step                    : 17,375
  fps step + policy inference : 17,106
  fps total                   : 15,752
  epoch                       : 796 / 1,000
  frames                      : 130,416,640


Policy 0: 
Timing:
  Play time               : 9.581 s
  Update time             : 0.817 s
  Time to train epoch     : 10.398 s


Statistics:
  fps step                    : 17,365
  fps step + policy inference : 17,101
  fps total                   : 15,757
  epoch                       : 797 / 1,000
  frames                      : 130,580,480


Policy 0: saving next best rewards:  [169.25]
=> saving checkpoint 'runs/expert_row5_seed2810/nn/expert_row5_seed2810.pth'

Timing:
  Play time               : 9.585 s
  Update time             : 0.751 s
  Time to train epoch     : 10.336 s


Statistics:
  fps step                    : 17,355
  fps step + policy inference : 17,093
  fps total                   : 15,851
  epoch                       : 798 / 1,000
  frames                      : 130,744,320


Policy 0: 
Timing:
  Play time               : 9.548 s
  Update time             : 0.727 s
  Time to train epoch     : 10.275 s


Statistics:
  fps step                    : 17,419
  fps step + policy inference : 17,159
  fps total                   : 15,945
  epoch                       : 799 / 1,000
  frames                      : 130,908,160


Policy 0: 
Timing:
  Play time               : 9.504 s
  Update time             : 0.751 s
  Time to train epoch     : 10.255 s


Statistics:
  fps step                    : 17,488
  fps step + policy inference : 17,240
  fps total                   : 15,976
  epoch                       : 800 / 1,000
  frames                      : 131,072,000


Policy 0: 
Timing:
  Play time               : 9.544 s
  Update time             : 0.772 s
  Time to train epoch     : 10.316 s


Statistics:
  fps step                    : 17,414
  fps step + policy inference : 17,168
  fps total                   : 15,883
  epoch                       : 801 / 1,000
  frames                      : 131,235,840


Policy 0: 
Timing:
  Play time               : 9.512 s
  Update time             : 0.752 s
  Time to train epoch     : 10.264 s


Statistics:
  fps step                    : 17,475
  fps step + policy inference : 17,225
  fps total                   : 15,963
  epoch                       : 802 / 1,000
  frames                      : 131,399,680


Policy 0: saving next best rewards:  [169.29]
=> saving checkpoint 'runs/expert_row5_seed2810/nn/expert_row5_seed2810.pth'

Timing:
  Play time               : 9.514 s
  Update time             : 0.765 s
  Time to train epoch     : 10.279 s


Statistics:
  fps step                    : 17,475
  fps step + policy inference : 17,221
  fps total                   : 15,940
  epoch                       : 803 / 1,000
  frames                      : 131,563,520


Policy 0: saving next best rewards:  [169.32]
=> saving checkpoint 'runs/expert_row5_seed2810/nn/expert_row5_seed2810.pth'

Timing:
  Play time               : 9.581 s
  Update time             : 0.765 s
  Time to train epoch     : 10.347 s


Statistics:
  fps step                    : 17,356
  fps step + policy inference : 17,100
  fps total                   : 15,835
  epoch                       : 804 / 1,000
  frames                      : 131,727,360


Policy 0: 
Timing:
  Play time               : 9.601 s
  Update time             : 0.727 s
  Time to train epoch     : 10.328 s


Statistics:
  fps step                    : 17,320
  fps step + policy inference : 17,065
  fps total                   : 15,863
  epoch                       : 805 / 1,000
  frames                      : 131,891,200


Policy 0: saving next best rewards:  [169.34]
=> saving checkpoint 'runs/expert_row5_seed2810/nn/expert_row5_seed2810.pth'

Timing:
  Play time               : 9.592 s
  Update time             : 0.773 s
  Time to train epoch     : 10.366 s


Statistics:
  fps step                    : 17,334
  fps step + policy inference : 17,080
  fps total                   : 15,806
  epoch                       : 806 / 1,000
  frames                      : 132,055,040


Policy 0: saving next best rewards:  [169.45]
=> saving checkpoint 'runs/expert_row5_seed2810/nn/expert_row5_seed2810.pth'

Timing:
  Play time               : 9.771 s
  Update time             : 0.831 s
  Time to train epoch     : 10.602 s


Statistics:
  fps step                    : 17,273
  fps step + policy inference : 16,769
  fps total                   : 15,454
  epoch                       : 807 / 1,000
  frames                      : 132,218,880


Policy 0: 
Timing:
  Play time               : 9.585 s
  Update time             : 0.741 s
  Time to train epoch     : 10.327 s


Statistics:
  fps step                    : 17,351
  fps step + policy inference : 17,093
  fps total                   : 15,866
  epoch                       : 808 / 1,000
  frames                      : 132,382,720


Policy 0: 
Timing:
  Play time               : 9.590 s
  Update time             : 0.774 s
  Time to train epoch     : 10.363 s


Statistics:
  fps step                    : 17,346
  fps step + policy inference : 17,085
  fps total                   : 15,810
  epoch                       : 809 / 1,000
  frames                      : 132,546,560


Policy 0: saving next best rewards:  [169.5]
=> saving checkpoint 'runs/expert_row5_seed2810/nn/expert_row5_seed2810.pth'

Timing:
  Play time               : 9.582 s
  Update time             : 0.790 s
  Time to train epoch     : 10.372 s


Statistics:
  fps step                    : 17,374
  fps step + policy inference : 17,099
  fps total                   : 15,797
  epoch                       : 810 / 1,000
  frames                      : 132,710,400


Policy 0: 
Timing:
  Play time               : 9.590 s
  Update time             : 0.955 s
  Time to train epoch     : 10.545 s


Statistics:
  fps step                    : 17,360
  fps step + policy inference : 17,084
  fps total                   : 15,537
  epoch                       : 811 / 1,000
  frames                      : 132,874,240


Policy 0: 
Timing:
  Play time               : 9.582 s
  Update time             : 0.919 s
  Time to train epoch     : 10.501 s


Statistics:
  fps step                    : 17,369
  fps step + policy inference : 17,099
  fps total                   : 15,602
  epoch                       : 812 / 1,000
  frames                      : 133,038,080


Policy 0: 
Timing:
  Play time               : 9.587 s
  Update time             : 0.925 s
  Time to train epoch     : 10.512 s


Statistics:
  fps step                    : 17,366
  fps step + policy inference : 17,090
  fps total                   : 15,586
  epoch                       : 813 / 1,000
  frames                      : 133,201,920


Policy 0: saving next best rewards:  [169.57]
=> saving checkpoint 'runs/expert_row5_seed2810/nn/expert_row5_seed2810.pth'

Timing:
  Play time               : 9.587 s
  Update time             : 0.850 s
  Time to train epoch     : 10.437 s


Statistics:
  fps step                    : 17,367
  fps step + policy inference : 17,091
  fps total                   : 15,698
  epoch                       : 814 / 1,000
  frames                      : 133,365,760


Policy 0: saving next best rewards:  [169.73]
=> saving checkpoint 'runs/expert_row5_seed2810/nn/expert_row5_seed2810.pth'

Timing:
  Play time               : 9.596 s
  Update time             : 0.817 s
  Time to train epoch     : 10.413 s


Statistics:
  fps step                    : 17,341
  fps step + policy inference : 17,073
  fps total                   : 15,734
  epoch                       : 815 / 1,000
  frames                      : 133,529,600


Policy 0: saving next best rewards:  [169.79]
=> saving checkpoint 'runs/expert_row5_seed2810/nn/expert_row5_seed2810.pth'

Timing:
  Play time               : 9.599 s
  Update time             : 0.793 s
  Time to train epoch     : 10.391 s


Statistics:
  fps step                    : 17,334
  fps step + policy inference : 17,069
  fps total                   : 15,767
  epoch                       : 816 / 1,000
  frames                      : 133,693,440


Policy 0: saving next best rewards:  [169.8]
=> saving checkpoint 'runs/expert_row5_seed2810/nn/expert_row5_seed2810.pth'

Timing:
  Play time               : 9.583 s
  Update time             : 0.757 s
  Time to train epoch     : 10.341 s


Statistics:
  fps step                    : 17,355
  fps step + policy inference : 17,096
  fps total                   : 15,844
  epoch                       : 817 / 1,000
  frames                      : 133,857,280


Policy 0: saving next best rewards:  [169.82]
=> saving checkpoint 'runs/expert_row5_seed2810/nn/expert_row5_seed2810.pth'

Timing:
  Play time               : 9.571 s
  Update time             : 0.735 s
  Time to train epoch     : 10.306 s


Statistics:
  fps step                    : 17,371
  fps step + policy inference : 17,119
  fps total                   : 15,898
  epoch                       : 818 / 1,000
  frames                      : 134,021,120


Policy 0: saving next best rewards:  [169.83]
=> saving checkpoint 'runs/expert_row5_seed2810/nn/expert_row5_seed2810.pth'

Timing:
  Play time               : 9.531 s
  Update time             : 0.673 s
  Time to train epoch     : 10.205 s


Statistics:
  fps step                    : 17,439
  fps step + policy inference : 17,190
  fps total                   : 16,056
  epoch                       : 819 / 1,000
  frames                      : 134,184,960


Policy 0: 
Timing:
  Play time               : 9.580 s
  Update time             : 0.702 s
  Time to train epoch     : 10.282 s


Statistics:
  fps step                    : 17,347
  fps step + policy inference : 17,102
  fps total                   : 15,934
  epoch                       : 820 / 1,000
  frames                      : 134,348,800


Policy 0: 
Timing:
  Play time               : 9.540 s
  Update time             : 0.714 s
  Time to train epoch     : 10.254 s


Statistics:
  fps step                    : 17,424
  fps step + policy inference : 17,173
  fps total                   : 15,978
  epoch                       : 821 / 1,000
  frames                      : 134,512,640


Policy 0: saving next best rewards:  [169.85]
=> saving checkpoint 'runs/expert_row5_seed2810/nn/expert_row5_seed2810.pth'

Timing:
  Play time               : 9.547 s
  Update time             : 0.748 s
  Time to train epoch     : 10.295 s


Statistics:
  fps step                    : 17,413
  fps step + policy inference : 17,162
  fps total                   : 15,915
  epoch                       : 822 / 1,000
  frames                      : 134,676,480


Policy 0: saving next best rewards:  [169.91]
=> saving checkpoint 'runs/expert_row5_seed2810/nn/expert_row5_seed2810.pth'

Timing:
  Play time               : 9.596 s
  Update time             : 0.819 s
  Time to train epoch     : 10.414 s


Statistics:
  fps step                    : 17,326
  fps step + policy inference : 17,074
  fps total                   : 15,732
  epoch                       : 823 / 1,000
  frames                      : 134,840,320


Policy 0: 
Timing:
  Play time               : 9.596 s
  Update time             : 0.799 s
  Time to train epoch     : 10.395 s


Statistics:
  fps step                    : 17,329
  fps step + policy inference : 17,074
  fps total                   : 15,762
  epoch                       : 824 / 1,000
  frames                      : 135,004,160


Policy 0: saving next best rewards:  [169.97]
=> saving checkpoint 'runs/expert_row5_seed2810/nn/expert_row5_seed2810.pth'

Timing:
  Play time               : 9.738 s
  Update time             : 0.760 s
  Time to train epoch     : 10.497 s


Statistics:
  fps step                    : 17,314
  fps step + policy inference : 16,825
  fps total                   : 15,608
  epoch                       : 825 / 1,000
  frames                      : 135,168,000


Policy 0: saving next best rewards:  [170.47]
=> saving checkpoint 'runs/expert_row5_seed2810/nn/expert_row5_seed2810.pth'

Timing:
  Play time               : 9.640 s
  Update time             : 0.823 s
  Time to train epoch     : 10.463 s


Statistics:
  fps step                    : 17,274
  fps step + policy inference : 16,995
  fps total                   : 15,659
  epoch                       : 826 / 1,000
  frames                      : 135,331,840


Policy 0: 
Timing:
  Play time               : 9.578 s
  Update time             : 0.766 s
  Time to train epoch     : 10.344 s


Statistics:
  fps step                    : 17,366
  fps step + policy inference : 17,106
  fps total                   : 15,839
  epoch                       : 827 / 1,000
  frames                      : 135,495,680


Policy 0: saving next best rewards:  [170.53]
=> saving checkpoint 'runs/expert_row5_seed2810/nn/expert_row5_seed2810.pth'

Timing:
  Play time               : 9.574 s
  Update time             : 0.753 s
  Time to train epoch     : 10.327 s


Statistics:
  fps step                    : 17,377
  fps step + policy inference : 17,114
  fps total                   : 15,866
  epoch                       : 828 / 1,000
  frames                      : 135,659,520


Policy 0: saving next best rewards:  [170.59]
=> saving checkpoint 'runs/expert_row5_seed2810/nn/expert_row5_seed2810.pth'

Timing:
  Play time               : 9.584 s
  Update time             : 0.825 s
  Time to train epoch     : 10.409 s


Statistics:
  fps step                    : 17,363
  fps step + policy inference : 17,095
  fps total                   : 15,740
  epoch                       : 829 / 1,000
  frames                      : 135,823,360


Policy 0: 
Timing:
  Play time               : 9.606 s
  Update time             : 0.973 s
  Time to train epoch     : 10.579 s


Statistics:
  fps step                    : 17,332
  fps step + policy inference : 17,056
  fps total                   : 15,488
  epoch                       : 830 / 1,000
  frames                      : 135,987,200


Policy 0: 
Timing:
  Play time               : 9.584 s
  Update time             : 0.934 s
  Time to train epoch     : 10.518 s


Statistics:
  fps step                    : 17,368
  fps step + policy inference : 17,095
  fps total                   : 15,577
  epoch                       : 831 / 1,000
  frames                      : 136,151,040


Policy 0: 
Timing:
  Play time               : 9.607 s
  Update time             : 0.869 s
  Time to train epoch     : 10.476 s


Statistics:
  fps step                    : 17,327
  fps step + policy inference : 17,054
  fps total                   : 15,639
  epoch                       : 832 / 1,000
  frames                      : 136,314,880


Policy 0: 
Timing:
  Play time               : 9.611 s
  Update time             : 0.828 s
  Time to train epoch     : 10.439 s


Statistics:
  fps step                    : 17,322
  fps step + policy inference : 17,047
  fps total                   : 15,696
  epoch                       : 833 / 1,000
  frames                      : 136,478,720


Policy 0: 
Timing:
  Play time               : 9.592 s
  Update time             : 0.768 s
  Time to train epoch     : 10.360 s


Statistics:
  fps step                    : 17,342
  fps step + policy inference : 17,081
  fps total                   : 15,815
  epoch                       : 834 / 1,000
  frames                      : 136,642,560


Policy 0: 
Timing:
  Play time               : 9.591 s
  Update time             : 0.799 s
  Time to train epoch     : 10.390 s


Statistics:
  fps step                    : 17,346
  fps step + policy inference : 17,083
  fps total                   : 15,769
  epoch                       : 835 / 1,000
  frames                      : 136,806,400


Policy 0: 
Timing:
  Play time               : 9.554 s
  Update time             : 0.745 s
  Time to train epoch     : 10.300 s


Statistics:
  fps step                    : 17,410
  fps step + policy inference : 17,148
  fps total                   : 15,907
  epoch                       : 836 / 1,000
  frames                      : 136,970,240


Policy 0: 
Timing:
  Play time               : 9.612 s
  Update time             : 0.745 s
  Time to train epoch     : 10.357 s


Statistics:
  fps step                    : 17,293
  fps step + policy inference : 17,046
  fps total                   : 15,820
  epoch                       : 837 / 1,000
  frames                      : 137,134,080


Policy 0: 
Timing:
  Play time               : 9.645 s
  Update time             : 0.804 s
  Time to train epoch     : 10.449 s


Statistics:
  fps step                    : 17,231
  fps step + policy inference : 16,988
  fps total                   : 15,680
  epoch                       : 838 / 1,000
  frames                      : 137,297,920


Policy 0: 
Timing:
  Play time               : 9.515 s
  Update time             : 0.804 s
  Time to train epoch     : 10.319 s


Statistics:
  fps step                    : 17,462
  fps step + policy inference : 17,219
  fps total                   : 15,878
  epoch                       : 839 / 1,000
  frames                      : 137,461,760


Policy 0: 
Timing:
  Play time               : 9.519 s
  Update time             : 0.788 s
  Time to train epoch     : 10.307 s


Statistics:
  fps step                    : 17,464
  fps step + policy inference : 17,211
  fps total                   : 15,896
  epoch                       : 840 / 1,000
  frames                      : 137,625,600


Policy 0: 
Timing:
  Play time               : 9.527 s
  Update time             : 0.681 s
  Time to train epoch     : 10.208 s


Statistics:
  fps step                    : 17,450
  fps step + policy inference : 17,198
  fps total                   : 16,051
  epoch                       : 841 / 1,000
  frames                      : 137,789,440


Policy 0: 
Timing:
  Play time               : 9.606 s
  Update time             : 0.701 s
  Time to train epoch     : 10.307 s


Statistics:
  fps step                    : 17,312
  fps step + policy inference : 17,056
  fps total                   : 15,895
  epoch                       : 842 / 1,000
  frames                      : 137,953,280


Policy 0: 
Timing:
  Play time               : 9.579 s
  Update time             : 0.705 s
  Time to train epoch     : 10.284 s


Statistics:
  fps step                    : 17,359
  fps step + policy inference : 17,104
  fps total                   : 15,932
  epoch                       : 843 / 1,000
  frames                      : 138,117,120


Policy 0: 
Timing:
  Play time               : 9.750 s
  Update time             : 0.771 s
  Time to train epoch     : 10.521 s


Statistics:
  fps step                    : 17,299
  fps step + policy inference : 16,804
  fps total                   : 15,573
  epoch                       : 844 / 1,000
  frames                      : 138,280,960


Policy 0: 
Timing:
  Play time               : 9.566 s
  Update time             : 0.795 s
  Time to train epoch     : 10.361 s


Statistics:
  fps step                    : 17,396
  fps step + policy inference : 17,127
  fps total                   : 15,813
  epoch                       : 845 / 1,000
  frames                      : 138,444,800


Policy 0: 
Timing:
  Play time               : 9.610 s
  Update time             : 0.909 s
  Time to train epoch     : 10.519 s


Statistics:
  fps step                    : 17,311
  fps step + policy inference : 17,049
  fps total                   : 15,575
  epoch                       : 846 / 1,000
  frames                      : 138,608,640


Policy 0: saving next best rewards:  [170.64]
=> saving checkpoint 'runs/expert_row5_seed2810/nn/expert_row5_seed2810.pth'

Timing:
  Play time               : 9.586 s
  Update time             : 0.915 s
  Time to train epoch     : 10.501 s


Statistics:
  fps step                    : 17,354
  fps step + policy inference : 17,091
  fps total                   : 15,602
  epoch                       : 847 / 1,000
  frames                      : 138,772,480


Policy 0: saving next best rewards:  [170.65]
=> saving checkpoint 'runs/expert_row5_seed2810/nn/expert_row5_seed2810.pth'

Timing:
  Play time               : 9.622 s
  Update time             : 0.888 s
  Time to train epoch     : 10.510 s


Statistics:
  fps step                    : 17,304
  fps step + policy inference : 17,027
  fps total                   : 15,589
  epoch                       : 848 / 1,000
  frames                      : 138,936,320


Policy 0: saving next best rewards:  [170.67]
=> saving checkpoint 'runs/expert_row5_seed2810/nn/expert_row5_seed2810.pth'

Timing:
  Play time               : 9.628 s
  Update time             : 0.894 s
  Time to train epoch     : 10.522 s


Statistics:
  fps step                    : 17,289
  fps step + policy inference : 17,017
  fps total                   : 15,571
  epoch                       : 849 / 1,000
  frames                      : 139,100,160


Policy 0: 
Timing:
  Play time               : 9.617 s
  Update time             : 0.820 s
  Time to train epoch     : 10.437 s


Statistics:
  fps step                    : 17,305
  fps step + policy inference : 17,036
  fps total                   : 15,698
  epoch                       : 850 / 1,000
  frames                      : 139,264,000


Policy 0: saving next best rewards:  [170.71]
=> saving checkpoint 'runs/expert_row5_seed2810/nn/expert_row5_seed2810.pth'

Timing:
  Play time               : 9.581 s
  Update time             : 0.819 s
  Time to train epoch     : 10.400 s


Statistics:
  fps step                    : 17,371
  fps step + policy inference : 17,100
  fps total                   : 15,754
  epoch                       : 851 / 1,000
  frames                      : 139,427,840


Policy 0: 
Timing:
  Play time               : 9.576 s
  Update time             : 0.814 s
  Time to train epoch     : 10.390 s


Statistics:
  fps step                    : 17,377
  fps step + policy inference : 17,110
  fps total                   : 15,770
  epoch                       : 852 / 1,000
  frames                      : 139,591,680


Policy 0: 
Timing:
  Play time               : 9.578 s
  Update time             : 0.791 s
  Time to train epoch     : 10.369 s


Statistics:
  fps step                    : 17,373
  fps step + policy inference : 17,106
  fps total                   : 15,801
  epoch                       : 853 / 1,000
  frames                      : 139,755,520


Policy 0: 
Timing:
  Play time               : 9.584 s
  Update time             : 0.869 s
  Time to train epoch     : 10.453 s


Statistics:
  fps step                    : 17,358
  fps step + policy inference : 17,095
  fps total                   : 15,674
  epoch                       : 854 / 1,000
  frames                      : 139,919,360


Policy 0: 
Timing:
  Play time               : 9.553 s
  Update time             : 0.898 s
  Time to train epoch     : 10.452 s


Statistics:
  fps step                    : 17,407
  fps step + policy inference : 17,150
  fps total                   : 15,676
  epoch                       : 855 / 1,000
  frames                      : 140,083,200


Policy 0: 
Timing:
  Play time               : 9.513 s
  Update time             : 0.745 s
  Time to train epoch     : 10.258 s


Statistics:
  fps step                    : 17,473
  fps step + policy inference : 17,223
  fps total                   : 15,972
  epoch                       : 856 / 1,000
  frames                      : 140,247,040


Policy 0: 
Timing:
  Play time               : 9.515 s
  Update time             : 0.707 s
  Time to train epoch     : 10.222 s


Statistics:
  fps step                    : 17,467
  fps step + policy inference : 17,219
  fps total                   : 16,028
  epoch                       : 857 / 1,000
  frames                      : 140,410,880


Policy 0: 
Timing:
  Play time               : 9.505 s
  Update time             : 0.719 s
  Time to train epoch     : 10.224 s


Statistics:
  fps step                    : 17,484
  fps step + policy inference : 17,238
  fps total                   : 16,026
  epoch                       : 858 / 1,000
  frames                      : 140,574,720


Policy 0: 
Timing:
  Play time               : 9.537 s
  Update time             : 0.690 s
  Time to train epoch     : 10.227 s


Statistics:
  fps step                    : 17,437
  fps step + policy inference : 17,180
  fps total                   : 16,020
  epoch                       : 859 / 1,000
  frames                      : 140,738,560


Policy 0: 
Timing:
  Play time               : 9.533 s
  Update time             : 0.688 s
  Time to train epoch     : 10.221 s


Statistics:
  fps step                    : 17,440
  fps step + policy inference : 17,186
  fps total                   : 16,029
  epoch                       : 860 / 1,000
  frames                      : 140,902,400


Policy 0: 
Timing:
  Play time               : 9.598 s
  Update time             : 0.756 s
  Time to train epoch     : 10.354 s


Statistics:
  fps step                    : 17,327
  fps step + policy inference : 17,069
  fps total                   : 15,824
  epoch                       : 861 / 1,000
  frames                      : 141,066,240


Policy 0: 
Timing:
  Play time               : 9.582 s
  Update time             : 0.839 s
  Time to train epoch     : 10.421 s


Statistics:
  fps step                    : 17,356
  fps step + policy inference : 17,098
  fps total                   : 15,721
  epoch                       : 862 / 1,000
  frames                      : 141,230,080


Policy 0: 
Timing:
  Play time               : 9.840 s
  Update time             : 0.953 s
  Time to train epoch     : 10.793 s


Statistics:
  fps step                    : 17,151
  fps step + policy inference : 16,651
  fps total                   : 15,181
  epoch                       : 863 / 1,000
  frames                      : 141,393,920


Policy 0: saving next best rewards:  [171.01]
=> saving checkpoint 'runs/expert_row5_seed2810/nn/expert_row5_seed2810.pth'

Timing:
  Play time               : 9.570 s
  Update time             : 0.820 s
  Time to train epoch     : 10.390 s


Statistics:
  fps step                    : 17,387
  fps step + policy inference : 17,120
  fps total                   : 15,768
  epoch                       : 864 / 1,000
  frames                      : 141,557,760


Policy 0: 
Timing:
  Play time               : 9.583 s
  Update time             : 0.805 s
  Time to train epoch     : 10.389 s


Statistics:
  fps step                    : 17,361
  fps step + policy inference : 17,096
  fps total                   : 15,771
  epoch                       : 865 / 1,000
  frames                      : 141,721,600


Policy 0: 
Timing:
  Play time               : 9.554 s
  Update time             : 0.782 s
  Time to train epoch     : 10.337 s


Statistics:
  fps step                    : 17,417
  fps step + policy inference : 17,148
  fps total                   : 15,851
  epoch                       : 866 / 1,000
  frames                      : 141,885,440


Policy 0: saving next best rewards:  [171.06]
=> saving checkpoint 'runs/expert_row5_seed2810/nn/expert_row5_seed2810.pth'

Timing:
  Play time               : 9.571 s
  Update time             : 0.841 s
  Time to train epoch     : 10.412 s


Statistics:
  fps step                    : 17,399
  fps step + policy inference : 17,118
  fps total                   : 15,735
  epoch                       : 867 / 1,000
  frames                      : 142,049,280


Policy 0: 
Timing:
  Play time               : 9.576 s
  Update time             : 0.848 s
  Time to train epoch     : 10.424 s


Statistics:
  fps step                    : 17,383
  fps step + policy inference : 17,110
  fps total                   : 15,718
  epoch                       : 868 / 1,000
  frames                      : 142,213,120


Policy 0: 
Timing:
  Play time               : 9.586 s
  Update time             : 0.835 s
  Time to train epoch     : 10.421 s


Statistics:
  fps step                    : 17,375
  fps step + policy inference : 17,092
  fps total                   : 15,722
  epoch                       : 869 / 1,000
  frames                      : 142,376,960


Policy 0: 
Timing:
  Play time               : 9.574 s
  Update time             : 0.854 s
  Time to train epoch     : 10.428 s


Statistics:
  fps step                    : 17,385
  fps step + policy inference : 17,114
  fps total                   : 15,711
  epoch                       : 870 / 1,000
  frames                      : 142,540,800


Policy 0: 
Timing:
  Play time               : 9.594 s
  Update time             : 0.910 s
  Time to train epoch     : 10.504 s


Statistics:
  fps step                    : 17,351
  fps step + policy inference : 17,078
  fps total                   : 15,598
  epoch                       : 871 / 1,000
  frames                      : 142,704,640


Policy 0: 
Timing:
  Play time               : 9.591 s
  Update time             : 0.910 s
  Time to train epoch     : 10.501 s


Statistics:
  fps step                    : 17,350
  fps step + policy inference : 17,082
  fps total                   : 15,603
  epoch                       : 872 / 1,000
  frames                      : 142,868,480


Policy 0: 
Timing:
  Play time               : 9.606 s
  Update time             : 0.837 s
  Time to train epoch     : 10.442 s


Statistics:
  fps step                    : 17,321
  fps step + policy inference : 17,057
  fps total                   : 15,690
  epoch                       : 873 / 1,000
  frames                      : 143,032,320


Policy 0: 
Timing:
  Play time               : 9.589 s
  Update time             : 0.735 s
  Time to train epoch     : 10.324 s


Statistics:
  fps step                    : 17,350
  fps step + policy inference : 17,087
  fps total                   : 15,870
  epoch                       : 874 / 1,000
  frames                      : 143,196,160


Policy 0: 
Timing:
  Play time               : 9.551 s
  Update time             : 0.697 s
  Time to train epoch     : 10.248 s


Statistics:
  fps step                    : 17,408
  fps step + policy inference : 17,155
  fps total                   : 15,988
  epoch                       : 875 / 1,000
  frames                      : 143,360,000


Policy 0: 
Timing:
  Play time               : 9.570 s
  Update time             : 0.736 s
  Time to train epoch     : 10.306 s


Statistics:
  fps step                    : 17,369
  fps step + policy inference : 17,120
  fps total                   : 15,897
  epoch                       : 876 / 1,000
  frames                      : 143,523,840


Policy 0: 
Timing:
  Play time               : 9.540 s
  Update time             : 0.721 s
  Time to train epoch     : 10.262 s


Statistics:
  fps step                    : 17,425
  fps step + policy inference : 17,174
  fps total                   : 15,966
  epoch                       : 877 / 1,000
  frames                      : 143,687,680


Policy 0: 
Timing:
  Play time               : 9.529 s
  Update time             : 0.744 s
  Time to train epoch     : 10.273 s


Statistics:
  fps step                    : 17,446
  fps step + policy inference : 17,194
  fps total                   : 15,949
  epoch                       : 878 / 1,000
  frames                      : 143,851,520


Policy 0: 
Timing:
  Play time               : 9.614 s
  Update time             : 0.833 s
  Time to train epoch     : 10.446 s


Statistics:
  fps step                    : 17,297
  fps step + policy inference : 17,042
  fps total                   : 15,684
  epoch                       : 879 / 1,000
  frames                      : 144,015,360


Policy 0: 
Timing:
  Play time               : 9.600 s
  Update time             : 0.836 s
  Time to train epoch     : 10.435 s


Statistics:
  fps step                    : 17,322
  fps step + policy inference : 17,068
  fps total                   : 15,701
  epoch                       : 880 / 1,000
  frames                      : 144,179,200


Policy 0: 
Timing:
  Play time               : 9.587 s
  Update time             : 0.783 s
  Time to train epoch     : 10.370 s


Statistics:
  fps step                    : 17,346
  fps step + policy inference : 17,089
  fps total                   : 15,799
  epoch                       : 881 / 1,000
  frames                      : 144,343,040


Policy 0: 
Timing:
  Play time               : 9.782 s
  Update time             : 0.859 s
  Time to train epoch     : 10.641 s


Statistics:
  fps step                    : 17,254
  fps step + policy inference : 16,749
  fps total                   : 15,397
  epoch                       : 882 / 1,000
  frames                      : 144,506,880


Policy 0: saving next best rewards:  [171.34]
=> saving checkpoint 'runs/expert_row5_seed2810/nn/expert_row5_seed2810.pth'

Timing:
  Play time               : 9.573 s
  Update time             : 0.784 s
  Time to train epoch     : 10.357 s


Statistics:
  fps step                    : 17,376
  fps step + policy inference : 17,114
  fps total                   : 15,819
  epoch                       : 883 / 1,000
  frames                      : 144,670,720


Policy 0: saving next best rewards:  [171.38]
=> saving checkpoint 'runs/expert_row5_seed2810/nn/expert_row5_seed2810.pth'

Timing:
  Play time               : 9.574 s
  Update time             : 0.773 s
  Time to train epoch     : 10.347 s


Statistics:
  fps step                    : 17,378
  fps step + policy inference : 17,113
  fps total                   : 15,834
  epoch                       : 884 / 1,000
  frames                      : 144,834,560


Policy 0: saving next best rewards:  [171.44]
=> saving checkpoint 'runs/expert_row5_seed2810/nn/expert_row5_seed2810.pth'

Timing:
  Play time               : 9.561 s
  Update time             : 0.824 s
  Time to train epoch     : 10.385 s


Statistics:
  fps step                    : 17,408
  fps step + policy inference : 17,136
  fps total                   : 15,777
  epoch                       : 885 / 1,000
  frames                      : 144,998,400


Policy 0: saving next best rewards:  [171.49]
=> saving checkpoint 'runs/expert_row5_seed2810/nn/expert_row5_seed2810.pth'

Timing:
  Play time               : 9.582 s
  Update time             : 0.942 s
  Time to train epoch     : 10.525 s


Statistics:
  fps step                    : 17,382
  fps step + policy inference : 17,099
  fps total                   : 15,567
  epoch                       : 886 / 1,000
  frames                      : 145,162,240


Policy 0: 
Timing:
  Play time               : 9.569 s
  Update time             : 0.919 s
  Time to train epoch     : 10.488 s


Statistics:
  fps step                    : 17,398
  fps step + policy inference : 17,123
  fps total                   : 15,622
  epoch                       : 887 / 1,000
  frames                      : 145,326,080


Policy 0: 
Timing:
  Play time               : 9.578 s
  Update time             : 0.937 s
  Time to train epoch     : 10.515 s


Statistics:
  fps step                    : 17,383
  fps step + policy inference : 17,105
  fps total                   : 15,582
  epoch                       : 888 / 1,000
  frames                      : 145,489,920


Policy 0: saving next best rewards:  [171.56]
=> saving checkpoint 'runs/expert_row5_seed2810/nn/expert_row5_seed2810.pth'

Timing:
  Play time               : 9.585 s
  Update time             : 0.857 s
  Time to train epoch     : 10.442 s


Statistics:
  fps step                    : 17,365
  fps step + policy inference : 17,093
  fps total                   : 15,691
  epoch                       : 889 / 1,000
  frames                      : 145,653,760


Policy 0: saving next best rewards:  [171.7]
=> saving checkpoint 'runs/expert_row5_seed2810/nn/expert_row5_seed2810.pth'

Timing:
  Play time               : 9.582 s
  Update time             : 0.802 s
  Time to train epoch     : 10.384 s


Statistics:
  fps step                    : 17,366
  fps step + policy inference : 17,099
  fps total                   : 15,779
  epoch                       : 890 / 1,000
  frames                      : 145,817,600


Policy 0: saving next best rewards:  [171.8]
=> saving checkpoint 'runs/expert_row5_seed2810/nn/expert_row5_seed2810.pth'

Timing:
  Play time               : 9.614 s
  Update time             : 0.819 s
  Time to train epoch     : 10.433 s


Statistics:
  fps step                    : 17,315
  fps step + policy inference : 17,042
  fps total                   : 15,704
  epoch                       : 891 / 1,000
  frames                      : 145,981,440


Policy 0: saving next best rewards:  [171.84]
=> saving checkpoint 'runs/expert_row5_seed2810/nn/expert_row5_seed2810.pth'

Timing:
  Play time               : 9.575 s
  Update time             : 0.754 s
  Time to train epoch     : 10.329 s


Statistics:
  fps step                    : 17,373
  fps step + policy inference : 17,111
  fps total                   : 15,862
  epoch                       : 892 / 1,000
  frames                      : 146,145,280


Policy 0: saving next best rewards:  [171.95]
=> saving checkpoint 'runs/expert_row5_seed2810/nn/expert_row5_seed2810.pth'

Timing:
  Play time               : 9.544 s
  Update time             : 0.722 s
  Time to train epoch     : 10.266 s


Statistics:
  fps step                    : 17,424
  fps step + policy inference : 17,167
  fps total                   : 15,960
  epoch                       : 893 / 1,000
  frames                      : 146,309,120


Policy 0: saving next best rewards:  [171.97]
=> saving checkpoint 'runs/expert_row5_seed2810/nn/expert_row5_seed2810.pth'

Timing:
  Play time               : 9.510 s
  Update time             : 0.682 s
  Time to train epoch     : 10.192 s


Statistics:
  fps step                    : 17,475
  fps step + policy inference : 17,228
  fps total                   : 16,076
  epoch                       : 894 / 1,000
  frames                      : 146,472,960


Policy 0: 
Timing:
  Play time               : 9.539 s
  Update time             : 0.781 s
  Time to train epoch     : 10.320 s


Statistics:
  fps step                    : 17,425
  fps step + policy inference : 17,176
  fps total                   : 15,877
  epoch                       : 895 / 1,000
  frames                      : 146,636,800


Policy 0: 
Timing:
  Play time               : 9.517 s
  Update time             : 0.810 s
  Time to train epoch     : 10.327 s


Statistics:
  fps step                    : 17,473
  fps step + policy inference : 17,216
  fps total                   : 15,865
  epoch                       : 896 / 1,000
  frames                      : 146,800,640


Policy 0: 
Timing:
  Play time               : 9.486 s
  Update time             : 0.745 s
  Time to train epoch     : 10.231 s


Statistics:
  fps step                    : 17,526
  fps step + policy inference : 17,273
  fps total                   : 16,014
  epoch                       : 897 / 1,000
  frames                      : 146,964,480


Policy 0: 
Timing:
  Play time               : 9.556 s
  Update time             : 0.727 s
  Time to train epoch     : 10.283 s


Statistics:
  fps step                    : 17,397
  fps step + policy inference : 17,145
  fps total                   : 15,933
  epoch                       : 898 / 1,000
  frames                      : 147,128,320


Policy 0: 
Timing:
  Play time               : 9.569 s
  Update time             : 0.729 s
  Time to train epoch     : 10.298 s


Statistics:
  fps step                    : 17,378
  fps step + policy inference : 17,122
  fps total                   : 15,909
  epoch                       : 899 / 1,000
  frames                      : 147,292,160


Policy 0: saving next best rewards:  [172.02]
=> saving checkpoint 'runs/expert_row5_seed2810/nn/expert_row5_seed2810.pth'

Timing:
  Play time               : 9.701 s
  Update time             : 0.749 s
  Time to train epoch     : 10.450 s


Statistics:
  fps step                    : 17,376
  fps step + policy inference : 16,889
  fps total                   : 15,679
  epoch                       : 900 / 1,000
  frames                      : 147,456,000


Policy 0: 
Timing:
  Play time               : 9.774 s
  Update time             : 0.833 s
  Time to train epoch     : 10.607 s


Statistics:
  fps step                    : 17,027
  fps step + policy inference : 16,762
  fps total                   : 15,446
  epoch                       : 901 / 1,000
  frames                      : 147,619,840


Policy 0: saving next best rewards:  [172.04]
=> saving checkpoint 'runs/expert_row5_seed2810/nn/expert_row5_seed2810.pth'

Timing:
  Play time               : 9.580 s
  Update time             : 0.763 s
  Time to train epoch     : 10.343 s


Statistics:
  fps step                    : 17,367
  fps step + policy inference : 17,103
  fps total                   : 15,841
  epoch                       : 902 / 1,000
  frames                      : 147,783,680


Policy 0: saving next best rewards:  [172.08]
=> saving checkpoint 'runs/expert_row5_seed2810/nn/expert_row5_seed2810.pth'

Timing:
  Play time               : 9.568 s
  Update time             : 0.798 s
  Time to train epoch     : 10.366 s


Statistics:
  fps step                    : 17,387
  fps step + policy inference : 17,125
  fps total                   : 15,806
  epoch                       : 903 / 1,000
  frames                      : 147,947,520


Policy 0: saving next best rewards:  [172.1]
=> saving checkpoint 'runs/expert_row5_seed2810/nn/expert_row5_seed2810.pth'

Timing:
  Play time               : 9.562 s
  Update time             : 0.916 s
  Time to train epoch     : 10.478 s


Statistics:
  fps step                    : 17,406
  fps step + policy inference : 17,135
  fps total                   : 15,637
  epoch                       : 904 / 1,000
  frames                      : 148,111,360


Policy 0: 
Timing:
  Play time               : 9.569 s
  Update time             : 0.938 s
  Time to train epoch     : 10.506 s


Statistics:
  fps step                    : 17,400
  fps step + policy inference : 17,122
  fps total                   : 15,594
  epoch                       : 905 / 1,000
  frames                      : 148,275,200


Policy 0: 
Timing:
  Play time               : 9.561 s
  Update time             : 0.868 s
  Time to train epoch     : 10.430 s


Statistics:
  fps step                    : 17,406
  fps step + policy inference : 17,136
  fps total                   : 15,709
  epoch                       : 906 / 1,000
  frames                      : 148,439,040


Policy 0: saving next best rewards:  [172.1]
=> saving checkpoint 'runs/expert_row5_seed2810/nn/expert_row5_seed2810.pth'

Timing:
  Play time               : 9.579 s
  Update time             : 0.826 s
  Time to train epoch     : 10.405 s


Statistics:
  fps step                    : 17,386
  fps step + policy inference : 17,104
  fps total                   : 15,747
  epoch                       : 907 / 1,000
  frames                      : 148,602,880


Policy 0: saving next best rewards:  [172.11]
=> saving checkpoint 'runs/expert_row5_seed2810/nn/expert_row5_seed2810.pth'

Timing:
  Play time               : 9.577 s
  Update time             : 0.825 s
  Time to train epoch     : 10.402 s


Statistics:
  fps step                    : 17,379
  fps step + policy inference : 17,108
  fps total                   : 15,752
  epoch                       : 908 / 1,000
  frames                      : 148,766,720


Policy 0: saving next best rewards:  [172.22]
=> saving checkpoint 'runs/expert_row5_seed2810/nn/expert_row5_seed2810.pth'

Timing:
  Play time               : 9.578 s
  Update time             : 0.786 s
  Time to train epoch     : 10.364 s


Statistics:
  fps step                    : 17,370
  fps step + policy inference : 17,106
  fps total                   : 15,809
  epoch                       : 909 / 1,000
  frames                      : 148,930,560


Policy 0: 
Timing:
  Play time               : 9.576 s
  Update time             : 0.798 s
  Time to train epoch     : 10.374 s


Statistics:
  fps step                    : 17,374
  fps step + policy inference : 17,110
  fps total                   : 15,793
  epoch                       : 910 / 1,000
  frames                      : 149,094,400


Policy 0: 
Timing:
  Play time               : 9.559 s
  Update time             : 0.783 s
  Time to train epoch     : 10.342 s


Statistics:
  fps step                    : 17,403
  fps step + policy inference : 17,140
  fps total                   : 15,843
  epoch                       : 911 / 1,000
  frames                      : 149,258,240


Policy 0: 
Timing:
  Play time               : 9.539 s
  Update time             : 0.813 s
  Time to train epoch     : 10.352 s


Statistics:
  fps step                    : 17,429
  fps step + policy inference : 17,176
  fps total                   : 15,827
  epoch                       : 912 / 1,000
  frames                      : 149,422,080


Policy 0: 
Timing:
  Play time               : 9.521 s
  Update time             : 0.804 s
  Time to train epoch     : 10.325 s


Statistics:
  fps step                    : 17,460
  fps step + policy inference : 17,208
  fps total                   : 15,868
  epoch                       : 913 / 1,000
  frames                      : 149,585,920


Policy 0: 
Timing:
  Play time               : 9.509 s
  Update time             : 0.782 s
  Time to train epoch     : 10.292 s


Statistics:
  fps step                    : 17,472
  fps step + policy inference : 17,230
  fps total                   : 15,920
  epoch                       : 914 / 1,000
  frames                      : 149,749,760


Policy 0: 
Timing:
  Play time               : 9.513 s
  Update time             : 0.692 s
  Time to train epoch     : 10.205 s


Statistics:
  fps step                    : 17,474
  fps step + policy inference : 17,222
  fps total                   : 16,055
  epoch                       : 915 / 1,000
  frames                      : 149,913,600


Policy 0: 
Timing:
  Play time               : 9.538 s
  Update time             : 0.682 s
  Time to train epoch     : 10.220 s


Statistics:
  fps step                    : 17,430
  fps step + policy inference : 17,177
  fps total                   : 16,031
  epoch                       : 916 / 1,000
  frames                      : 150,077,440


Policy 0: 
Timing:
  Play time               : 9.589 s
  Update time             : 0.691 s
  Time to train epoch     : 10.281 s


Statistics:
  fps step                    : 17,339
  fps step + policy inference : 17,086
  fps total                   : 15,937
  epoch                       : 917 / 1,000
  frames                      : 150,241,280


Policy 0: 
Timing:
  Play time               : 9.576 s
  Update time             : 0.704 s
  Time to train epoch     : 10.280 s


Statistics:
  fps step                    : 17,370
  fps step + policy inference : 17,109
  fps total                   : 15,937
  epoch                       : 918 / 1,000
  frames                      : 150,405,120


Policy 0: 
Timing:
  Play time               : 9.758 s
  Update time             : 0.758 s
  Time to train epoch     : 10.516 s


Statistics:
  fps step                    : 17,284
  fps step + policy inference : 16,791
  fps total                   : 15,581
  epoch                       : 919 / 1,000
  frames                      : 150,568,960


Policy 0: saving next best rewards:  [172.71]
=> saving checkpoint 'runs/expert_row5_seed2810/nn/expert_row5_seed2810.pth'

Timing:
  Play time               : 9.567 s
  Update time             : 0.789 s
  Time to train epoch     : 10.355 s


Statistics:
  fps step                    : 17,398
  fps step + policy inference : 17,126
  fps total                   : 15,822
  epoch                       : 920 / 1,000
  frames                      : 150,732,800


Policy 0: 
Timing:
  Play time               : 9.568 s
  Update time             : 0.838 s
  Time to train epoch     : 10.406 s


Statistics:
  fps step                    : 17,387
  fps step + policy inference : 17,123
  fps total                   : 15,744
  epoch                       : 921 / 1,000
  frames                      : 150,896,640


Policy 0: saving next best rewards:  [172.71]
=> saving checkpoint 'runs/expert_row5_seed2810/nn/expert_row5_seed2810.pth'

Timing:
  Play time               : 9.559 s
  Update time             : 0.848 s
  Time to train epoch     : 10.407 s


Statistics:
  fps step                    : 17,409
  fps step + policy inference : 17,140
  fps total                   : 15,744
  epoch                       : 922 / 1,000
  frames                      : 151,060,480


Policy 0: 
Timing:
  Play time               : 9.582 s
  Update time             : 0.943 s
  Time to train epoch     : 10.526 s


Statistics:
  fps step                    : 17,374
  fps step + policy inference : 17,098
  fps total                   : 15,565
  epoch                       : 923 / 1,000
  frames                      : 151,224,320


Policy 0: 
Timing:
  Play time               : 9.592 s
  Update time             : 0.924 s
  Time to train epoch     : 10.516 s


Statistics:
  fps step                    : 17,360
  fps step + policy inference : 17,081
  fps total                   : 15,580
  epoch                       : 924 / 1,000
  frames                      : 151,388,160


Policy 0: 
Timing:
  Play time               : 9.570 s
  Update time             : 0.874 s
  Time to train epoch     : 10.443 s


Statistics:
  fps step                    : 17,392
  fps step + policy inference : 17,121
  fps total                   : 15,689
  epoch                       : 925 / 1,000
  frames                      : 151,552,000


Policy 0: saving next best rewards:  [172.77]
=> saving checkpoint 'runs/expert_row5_seed2810/nn/expert_row5_seed2810.pth'

Timing:
  Play time               : 9.580 s
  Update time             : 0.806 s
  Time to train epoch     : 10.387 s


Statistics:
  fps step                    : 17,378
  fps step + policy inference : 17,102
  fps total                   : 15,774
  epoch                       : 926 / 1,000
  frames                      : 151,715,840


Policy 0: 
Timing:
  Play time               : 9.567 s
  Update time             : 0.813 s
  Time to train epoch     : 10.379 s


Statistics:
  fps step                    : 17,396
  fps step + policy inference : 17,126
  fps total                   : 15,785
  epoch                       : 927 / 1,000
  frames                      : 151,879,680


Policy 0: 
Timing:
  Play time               : 9.568 s
  Update time             : 0.781 s
  Time to train epoch     : 10.349 s


Statistics:
  fps step                    : 17,388
  fps step + policy inference : 17,123
  fps total                   : 15,831
  epoch                       : 928 / 1,000
  frames                      : 152,043,520


Policy 0: 
Timing:
  Play time               : 9.583 s
  Update time             : 0.804 s
  Time to train epoch     : 10.387 s


Statistics:
  fps step                    : 17,359
  fps step + policy inference : 17,096
  fps total                   : 15,774
  epoch                       : 929 / 1,000
  frames                      : 152,207,360


Policy 0: saving next best rewards:  [172.81]
=> saving checkpoint 'runs/expert_row5_seed2810/nn/expert_row5_seed2810.pth'

Timing:
  Play time               : 9.558 s
  Update time             : 0.755 s
  Time to train epoch     : 10.312 s


Statistics:
  fps step                    : 17,403
  fps step + policy inference : 17,142
  fps total                   : 15,888
  epoch                       : 930 / 1,000
  frames                      : 152,371,200


Policy 0: saving next best rewards:  [172.92]
=> saving checkpoint 'runs/expert_row5_seed2810/nn/expert_row5_seed2810.pth'

Timing:
  Play time               : 9.518 s
  Update time             : 0.695 s
  Time to train epoch     : 10.213 s


Statistics:
  fps step                    : 17,467
  fps step + policy inference : 17,214
  fps total                   : 16,042
  epoch                       : 931 / 1,000
  frames                      : 152,535,040


Policy 0: saving next best rewards:  [172.95]
=> saving checkpoint 'runs/expert_row5_seed2810/nn/expert_row5_seed2810.pth'

Timing:
  Play time               : 9.506 s
  Update time             : 0.756 s
  Time to train epoch     : 10.263 s


Statistics:
  fps step                    : 17,482
  fps step + policy inference : 17,235
  fps total                   : 15,965
  epoch                       : 932 / 1,000
  frames                      : 152,698,880


Policy 0: 
Timing:
  Play time               : 9.492 s
  Update time             : 0.774 s
  Time to train epoch     : 10.266 s


Statistics:
  fps step                    : 17,508
  fps step + policy inference : 17,261
  fps total                   : 15,959
  epoch                       : 933 / 1,000
  frames                      : 152,862,720


Policy 0: 
Timing:
  Play time               : 9.586 s
  Update time             : 0.786 s
  Time to train epoch     : 10.371 s


Statistics:
  fps step                    : 17,350
  fps step + policy inference : 17,092
  fps total                   : 15,797
  epoch                       : 934 / 1,000
  frames                      : 153,026,560


Policy 0: saving next best rewards:  [172.95]
=> saving checkpoint 'runs/expert_row5_seed2810/nn/expert_row5_seed2810.pth'

Timing:
  Play time               : 9.655 s
  Update time             : 0.714 s
  Time to train epoch     : 10.369 s


Statistics:
  fps step                    : 17,217
  fps step + policy inference : 16,969
  fps total                   : 15,801
  epoch                       : 935 / 1,000
  frames                      : 153,190,400


Policy 0: 
Timing:
  Play time               : 9.713 s
  Update time             : 0.730 s
  Time to train epoch     : 10.443 s


Statistics:
  fps step                    : 17,115
  fps step + policy inference : 16,868
  fps total                   : 15,689
  epoch                       : 936 / 1,000
  frames                      : 153,354,240


Policy 0: saving next best rewards:  [172.97]
=> saving checkpoint 'runs/expert_row5_seed2810/nn/expert_row5_seed2810.pth'

Timing:
  Play time               : 9.620 s
  Update time             : 0.716 s
  Time to train epoch     : 10.336 s


Statistics:
  fps step                    : 17,286
  fps step + policy inference : 17,031
  fps total                   : 15,851
  epoch                       : 937 / 1,000
  frames                      : 153,518,080


Policy 0: 
Timing:
  Play time               : 9.858 s
  Update time             : 0.830 s
  Time to train epoch     : 10.688 s


Statistics:
  fps step                    : 17,110
  fps step + policy inference : 16,619
  fps total                   : 15,329
  epoch                       : 938 / 1,000
  frames                      : 153,681,920


Policy 0: saving next best rewards:  [173.62]
=> saving checkpoint 'runs/expert_row5_seed2810/nn/expert_row5_seed2810.pth'

Timing:
  Play time               : 9.595 s
  Update time             : 0.788 s
  Time to train epoch     : 10.383 s


Statistics:
  fps step                    : 17,339
  fps step + policy inference : 17,076
  fps total                   : 15,780
  epoch                       : 939 / 1,000
  frames                      : 153,845,760


Policy 0: saving next best rewards:  [173.67]
=> saving checkpoint 'runs/expert_row5_seed2810/nn/expert_row5_seed2810.pth'

Timing:
  Play time               : 9.632 s
  Update time             : 0.870 s
  Time to train epoch     : 10.501 s


Statistics:
  fps step                    : 17,274
  fps step + policy inference : 17,011
  fps total                   : 15,602
  epoch                       : 940 / 1,000
  frames                      : 154,009,600


Policy 0: saving next best rewards:  [173.71]
=> saving checkpoint 'runs/expert_row5_seed2810/nn/expert_row5_seed2810.pth'

Timing:
  Play time               : 9.577 s
  Update time             : 0.866 s
  Time to train epoch     : 10.443 s


Statistics:
  fps step                    : 17,374
  fps step + policy inference : 17,108
  fps total                   : 15,689
  epoch                       : 941 / 1,000
  frames                      : 154,173,440


Policy 0: 
Timing:
  Play time               : 9.586 s
  Update time             : 0.920 s
  Time to train epoch     : 10.506 s


Statistics:
  fps step                    : 17,369
  fps step + policy inference : 17,092
  fps total                   : 15,595
  epoch                       : 942 / 1,000
  frames                      : 154,337,280


Policy 0: 
Timing:
  Play time               : 9.598 s
  Update time             : 0.918 s
  Time to train epoch     : 10.516 s


Statistics:
  fps step                    : 17,339
  fps step + policy inference : 17,069
  fps total                   : 15,580
  epoch                       : 943 / 1,000
  frames                      : 154,501,120


Policy 0: 
Timing:
  Play time               : 9.596 s
  Update time             : 0.836 s
  Time to train epoch     : 10.432 s


Statistics:
  fps step                    : 17,349
  fps step + policy inference : 17,074
  fps total                   : 15,705
  epoch                       : 944 / 1,000
  frames                      : 154,664,960


Policy 0: saving next best rewards:  [173.75]
=> saving checkpoint 'runs/expert_row5_seed2810/nn/expert_row5_seed2810.pth'

Timing:
  Play time               : 9.599 s
  Update time             : 0.815 s
  Time to train epoch     : 10.414 s


Statistics:
  fps step                    : 17,343
  fps step + policy inference : 17,069
  fps total                   : 15,733
  epoch                       : 945 / 1,000
  frames                      : 154,828,800


Policy 0: 
Timing:
  Play time               : 9.604 s
  Update time             : 0.814 s
  Time to train epoch     : 10.418 s


Statistics:
  fps step                    : 17,344
  fps step + policy inference : 17,060
  fps total                   : 15,726
  epoch                       : 946 / 1,000
  frames                      : 154,992,640


Policy 0: 
Timing:
  Play time               : 9.619 s
  Update time             : 0.775 s
  Time to train epoch     : 10.394 s


Statistics:
  fps step                    : 17,305
  fps step + policy inference : 17,033
  fps total                   : 15,763
  epoch                       : 947 / 1,000
  frames                      : 155,156,480


Policy 0: 
Timing:
  Play time               : 9.718 s
  Update time             : 0.750 s
  Time to train epoch     : 10.469 s


Statistics:
  fps step                    : 17,112
  fps step + policy inference : 16,859
  fps total                   : 15,650
  epoch                       : 948 / 1,000
  frames                      : 155,320,320


Policy 0: 
Timing:
  Play time               : 9.563 s
  Update time             : 0.733 s
  Time to train epoch     : 10.296 s


Statistics:
  fps step                    : 17,388
  fps step + policy inference : 17,132
  fps total                   : 15,913
  epoch                       : 949 / 1,000
  frames                      : 155,484,160


Policy 0: 
Timing:
  Play time               : 9.529 s
  Update time             : 0.755 s
  Time to train epoch     : 10.285 s


Statistics:
  fps step                    : 17,447
  fps step + policy inference : 17,194
  fps total                   : 15,931
  epoch                       : 950 / 1,000
  frames                      : 155,648,000


Policy 0: 
Timing:
  Play time               : 9.544 s
  Update time             : 0.789 s
  Time to train epoch     : 10.333 s


Statistics:
  fps step                    : 17,415
  fps step + policy inference : 17,166
  fps total                   : 15,855
  epoch                       : 951 / 1,000
  frames                      : 155,811,840


Policy 0: 
Timing:
  Play time               : 9.516 s
  Update time             : 0.779 s
  Time to train epoch     : 10.294 s


Statistics:
  fps step                    : 17,467
  fps step + policy inference : 17,218
  fps total                   : 15,916
  epoch                       : 952 / 1,000
  frames                      : 155,975,680


Policy 0: 
Timing:
  Play time               : 9.526 s
  Update time             : 0.718 s
  Time to train epoch     : 10.244 s


Statistics:
  fps step                    : 17,454
  fps step + policy inference : 17,199
  fps total                   : 15,994
  epoch                       : 953 / 1,000
  frames                      : 156,139,520


Policy 0: 
Timing:
  Play time               : 9.577 s
  Update time             : 0.724 s
  Time to train epoch     : 10.302 s


Statistics:
  fps step                    : 17,360
  fps step + policy inference : 17,107
  fps total                   : 15,904
  epoch                       : 954 / 1,000
  frames                      : 156,303,360


Policy 0: 
Timing:
  Play time               : 9.584 s
  Update time             : 0.730 s
  Time to train epoch     : 10.314 s


Statistics:
  fps step                    : 17,347
  fps step + policy inference : 17,096
  fps total                   : 15,886
  epoch                       : 955 / 1,000
  frames                      : 156,467,200


Policy 0: 
Timing:
  Play time               : 9.581 s
  Update time             : 0.731 s
  Time to train epoch     : 10.312 s


Statistics:
  fps step                    : 17,362
  fps step + policy inference : 17,101
  fps total                   : 15,889
  epoch                       : 956 / 1,000
  frames                      : 156,631,040


Policy 0: saving next best rewards:  [173.77]
=> saving checkpoint 'runs/expert_row5_seed2810/nn/expert_row5_seed2810.pth'

Timing:
  Play time               : 9.782 s
  Update time             : 0.920 s
  Time to train epoch     : 10.703 s


Statistics:
  fps step                    : 17,250
  fps step + policy inference : 16,749
  fps total                   : 15,308
  epoch                       : 957 / 1,000
  frames                      : 156,794,880


Policy 0: saving next best rewards:  [174.12]
=> saving checkpoint 'runs/expert_row5_seed2810/nn/expert_row5_seed2810.pth'

Timing:
  Play time               : 9.622 s
  Update time             : 0.821 s
  Time to train epoch     : 10.443 s


Statistics:
  fps step                    : 17,296
  fps step + policy inference : 17,028
  fps total                   : 15,689
  epoch                       : 958 / 1,000
  frames                      : 156,958,720


Policy 0: saving next best rewards:  [174.13]
=> saving checkpoint 'runs/expert_row5_seed2810/nn/expert_row5_seed2810.pth'

Timing:
  Play time               : 9.588 s
  Update time             : 0.863 s
  Time to train epoch     : 10.451 s


Statistics:
  fps step                    : 17,360
  fps step + policy inference : 17,088
  fps total                   : 15,676
  epoch                       : 959 / 1,000
  frames                      : 157,122,560


Policy 0: 
Timing:
  Play time               : 9.590 s
  Update time             : 0.858 s
  Time to train epoch     : 10.448 s


Statistics:
  fps step                    : 17,354
  fps step + policy inference : 17,085
  fps total                   : 15,681
  epoch                       : 960 / 1,000
  frames                      : 157,286,400


Policy 0: 
Timing:
  Play time               : 9.812 s
  Update time             : 0.939 s
  Time to train epoch     : 10.751 s


Statistics:
  fps step                    : 16,970
  fps step + policy inference : 16,698
  fps total                   : 15,240
  epoch                       : 961 / 1,000
  frames                      : 157,450,240


Policy 0: 
Timing:
  Play time               : 9.885 s
  Update time             : 0.874 s
  Time to train epoch     : 10.759 s


Statistics:
  fps step                    : 16,831
  fps step + policy inference : 16,574
  fps total                   : 15,228
  epoch                       : 962 / 1,000
  frames                      : 157,614,080


Policy 0: 
Timing:
  Play time               : 9.944 s
  Update time             : 0.844 s
  Time to train epoch     : 10.788 s


Statistics:
  fps step                    : 16,733
  fps step + policy inference : 16,477
  fps total                   : 15,188
  epoch                       : 963 / 1,000
  frames                      : 157,777,920


Policy 0: 
Timing:
  Play time               : 9.952 s
  Update time             : 0.807 s
  Time to train epoch     : 10.759 s


Statistics:
  fps step                    : 16,717
  fps step + policy inference : 16,463
  fps total                   : 15,229
  epoch                       : 964 / 1,000
  frames                      : 157,941,760


Policy 0: 
Timing:
  Play time               : 9.912 s
  Update time             : 0.807 s
  Time to train epoch     : 10.719 s


Statistics:
  fps step                    : 16,776
  fps step + policy inference : 16,529
  fps total                   : 15,284
  epoch                       : 965 / 1,000
  frames                      : 158,105,600


Policy 0: 
Timing:
  Play time               : 9.909 s
  Update time             : 0.861 s
  Time to train epoch     : 10.770 s


Statistics:
  fps step                    : 16,799
  fps step + policy inference : 16,535
  fps total                   : 15,213
  epoch                       : 966 / 1,000
  frames                      : 158,269,440


Policy 0: saving next best rewards:  [174.19]
=> saving checkpoint 'runs/expert_row5_seed2810/nn/expert_row5_seed2810.pth'

Timing:
  Play time               : 10.047 s
  Update time             : 0.937 s
  Time to train epoch     : 10.983 s


Statistics:
  fps step                    : 16,575
  fps step + policy inference : 16,308
  fps total                   : 14,917
  epoch                       : 967 / 1,000
  frames                      : 158,433,280


Policy 0: 
Timing:
  Play time               : 9.876 s
  Update time             : 0.794 s
  Time to train epoch     : 10.670 s


Statistics:
  fps step                    : 16,857
  fps step + policy inference : 16,591
  fps total                   : 15,356
  epoch                       : 968 / 1,000
  frames                      : 158,597,120


Policy 0: 
Timing:
  Play time               : 9.838 s
  Update time             : 0.682 s
  Time to train epoch     : 10.520 s


Statistics:
  fps step                    : 16,913
  fps step + policy inference : 16,654
  fps total                   : 15,574
  epoch                       : 969 / 1,000
  frames                      : 158,760,960


Policy 0: 
Timing:
  Play time               : 9.867 s
  Update time             : 0.733 s
  Time to train epoch     : 10.600 s


Statistics:
  fps step                    : 16,858
  fps step + policy inference : 16,604
  fps total                   : 15,456
  epoch                       : 970 / 1,000
  frames                      : 158,924,800


Policy 0: 
Timing:
  Play time               : 9.836 s
  Update time             : 0.687 s
  Time to train epoch     : 10.522 s


Statistics:
  fps step                    : 16,914
  fps step + policy inference : 16,658
  fps total                   : 15,571
  epoch                       : 971 / 1,000
  frames                      : 159,088,640


Policy 0: 
Timing:
  Play time               : 9.857 s
  Update time             : 0.671 s
  Time to train epoch     : 10.527 s


Statistics:
  fps step                    : 16,878
  fps step + policy inference : 16,622
  fps total                   : 15,563
  epoch                       : 972 / 1,000
  frames                      : 159,252,480


Policy 0: 
Timing:
  Play time               : 9.953 s
  Update time             : 0.749 s
  Time to train epoch     : 10.701 s


Statistics:
  fps step                    : 16,716
  fps step + policy inference : 16,462
  fps total                   : 15,310
  epoch                       : 973 / 1,000
  frames                      : 159,416,320


Policy 0: 
Timing:
  Play time               : 9.866 s
  Update time             : 0.841 s
  Time to train epoch     : 10.707 s


Statistics:
  fps step                    : 16,880
  fps step + policy inference : 16,607
  fps total                   : 15,302
  epoch                       : 974 / 1,000
  frames                      : 159,580,160


Policy 0: 
Timing:
  Play time               : 9.970 s
  Update time             : 0.865 s
  Time to train epoch     : 10.835 s


Statistics:
  fps step                    : 16,915
  fps step + policy inference : 16,433
  fps total                   : 15,121
  epoch                       : 975 / 1,000
  frames                      : 159,744,000


Policy 0: saving next best rewards:  [174.57]
=> saving checkpoint 'runs/expert_row5_seed2810/nn/expert_row5_seed2810.pth'

Timing:
  Play time               : 9.632 s
  Update time             : 0.935 s
  Time to train epoch     : 10.567 s


Statistics:
  fps step                    : 17,307
  fps step + policy inference : 17,011
  fps total                   : 15,505
  epoch                       : 976 / 1,000
  frames                      : 159,907,840


Policy 0: 
Timing:
  Play time               : 9.636 s
  Update time             : 0.792 s
  Time to train epoch     : 10.428 s


Statistics:
  fps step                    : 17,291
  fps step + policy inference : 17,002
  fps total                   : 15,711
  epoch                       : 977 / 1,000
  frames                      : 160,071,680


Policy 0: 
Timing:
  Play time               : 9.607 s
  Update time             : 0.800 s
  Time to train epoch     : 10.407 s


Statistics:
  fps step                    : 17,341
  fps step + policy inference : 17,053
  fps total                   : 15,743
  epoch                       : 978 / 1,000
  frames                      : 160,235,520


Policy 0: 
Timing:
  Play time               : 9.599 s
  Update time             : 0.803 s
  Time to train epoch     : 10.402 s


Statistics:
  fps step                    : 17,361
  fps step + policy inference : 17,069
  fps total                   : 15,751
  epoch                       : 979 / 1,000
  frames                      : 160,399,360


Policy 0: 
Timing:
  Play time               : 9.601 s
  Update time             : 0.893 s
  Time to train epoch     : 10.495 s


Statistics:
  fps step                    : 17,364
  fps step + policy inference : 17,065
  fps total                   : 15,612
  epoch                       : 980 / 1,000
  frames                      : 160,563,200


Policy 0: 
Timing:
  Play time               : 9.613 s
  Update time             : 0.900 s
  Time to train epoch     : 10.514 s


Statistics:
  fps step                    : 17,334
  fps step + policy inference : 17,043
  fps total                   : 15,584
  epoch                       : 981 / 1,000
  frames                      : 160,727,040


Policy 0: saving next best rewards:  [174.58]
=> saving checkpoint 'runs/expert_row5_seed2810/nn/expert_row5_seed2810.pth'

Timing:
  Play time               : 9.622 s
  Update time             : 0.955 s
  Time to train epoch     : 10.576 s


Statistics:
  fps step                    : 17,323
  fps step + policy inference : 17,028
  fps total                   : 15,491
  epoch                       : 982 / 1,000
  frames                      : 160,890,880


Policy 0: saving next best rewards:  [174.61]
=> saving checkpoint 'runs/expert_row5_seed2810/nn/expert_row5_seed2810.pth'

Timing:
  Play time               : 9.621 s
  Update time             : 0.903 s
  Time to train epoch     : 10.524 s


Statistics:
  fps step                    : 17,321
  fps step + policy inference : 17,029
  fps total                   : 15,568
  epoch                       : 983 / 1,000
  frames                      : 161,054,720


Policy 0: saving next best rewards:  [174.65]
=> saving checkpoint 'runs/expert_row5_seed2810/nn/expert_row5_seed2810.pth'

Timing:
  Play time               : 9.630 s
  Update time             : 0.821 s
  Time to train epoch     : 10.450 s


Statistics:
  fps step                    : 17,298
  fps step + policy inference : 17,014
  fps total                   : 15,678
  epoch                       : 984 / 1,000
  frames                      : 161,218,560


Policy 0: saving next best rewards:  [174.66]
=> saving checkpoint 'runs/expert_row5_seed2810/nn/expert_row5_seed2810.pth'

Timing:
  Play time               : 9.631 s
  Update time             : 0.803 s
  Time to train epoch     : 10.434 s


Statistics:
  fps step                    : 17,292
  fps step + policy inference : 17,012
  fps total                   : 15,702
  epoch                       : 985 / 1,000
  frames                      : 161,382,400


Policy 0: 
Timing:
  Play time               : 9.640 s
  Update time             : 0.751 s
  Time to train epoch     : 10.391 s


Statistics:
  fps step                    : 17,276
  fps step + policy inference : 16,997
  fps total                   : 15,768
  epoch                       : 986 / 1,000
  frames                      : 161,546,240


Policy 0: 
Timing:
  Play time               : 9.584 s
  Update time             : 0.712 s
  Time to train epoch     : 10.296 s


Statistics:
  fps step                    : 17,362
  fps step + policy inference : 17,095
  fps total                   : 15,913
  epoch                       : 987 / 1,000
  frames                      : 161,710,080


Policy 0: 
Timing:
  Play time               : 9.601 s
  Update time             : 0.697 s
  Time to train epoch     : 10.298 s


Statistics:
  fps step                    : 17,335
  fps step + policy inference : 17,065
  fps total                   : 15,910
  epoch                       : 988 / 1,000
  frames                      : 161,873,920


Policy 0: 
Timing:
  Play time               : 9.603 s
  Update time             : 0.756 s
  Time to train epoch     : 10.359 s


Statistics:
  fps step                    : 17,323
  fps step + policy inference : 17,061
  fps total                   : 15,816
  epoch                       : 989 / 1,000
  frames                      : 162,037,760


Policy 0: 
Timing:
  Play time               : 9.556 s
  Update time             : 0.816 s
  Time to train epoch     : 10.371 s


Statistics:
  fps step                    : 17,415
  fps step + policy inference : 17,146
  fps total                   : 15,797
  epoch                       : 990 / 1,000
  frames                      : 162,201,600


Policy 0: 
Timing:
  Play time               : 9.566 s
  Update time             : 0.779 s
  Time to train epoch     : 10.345 s


Statistics:
  fps step                    : 17,401
  fps step + policy inference : 17,127
  fps total                   : 15,838
  epoch                       : 991 / 1,000
  frames                      : 162,365,440


Policy 0: 
Timing:
  Play time               : 9.615 s
  Update time             : 0.802 s
  Time to train epoch     : 10.417 s


Statistics:
  fps step                    : 17,309
  fps step + policy inference : 17,039
  fps total                   : 15,728
  epoch                       : 992 / 1,000
  frames                      : 162,529,280


Policy 0: 
Timing:
  Play time               : 9.586 s
  Update time             : 0.734 s
  Time to train epoch     : 10.320 s


Statistics:
  fps step                    : 17,365
  fps step + policy inference : 17,092
  fps total                   : 15,876
  epoch                       : 993 / 1,000
  frames                      : 162,693,120


Policy 0: 
Timing:
  Play time               : 9.850 s
  Update time             : 0.777 s
  Time to train epoch     : 10.627 s


Statistics:
  fps step                    : 17,143
  fps step + policy inference : 16,634
  fps total                   : 15,417
  epoch                       : 994 / 1,000
  frames                      : 162,856,960


Policy 0: saving next best rewards:  [174.73]
=> saving checkpoint 'runs/expert_row5_seed2810/nn/expert_row5_seed2810.pth'

Timing:
  Play time               : 9.615 s
  Update time             : 0.815 s
  Time to train epoch     : 10.430 s


Statistics:
  fps step                    : 17,328
  fps step + policy inference : 17,040
  fps total                   : 15,709
  epoch                       : 995 / 1,000
  frames                      : 163,020,800


Policy 0: saving next best rewards:  [174.82]
=> saving checkpoint 'runs/expert_row5_seed2810/nn/expert_row5_seed2810.pth'

Timing:
  Play time               : 9.610 s
  Update time             : 0.786 s
  Time to train epoch     : 10.396 s


Statistics:
  fps step                    : 17,332
  fps step + policy inference : 17,048
  fps total                   : 15,760
  epoch                       : 996 / 1,000
  frames                      : 163,184,640


Policy 0: saving next best rewards:  [174.85]
=> saving checkpoint 'runs/expert_row5_seed2810/nn/expert_row5_seed2810.pth'

Timing:
  Play time               : 9.601 s
  Update time             : 0.826 s
  Time to train epoch     : 10.427 s


Statistics:
  fps step                    : 17,349
  fps step + policy inference : 17,064
  fps total                   : 15,713
  epoch                       : 997 / 1,000
  frames                      : 163,348,480


Policy 0: 
Timing:
  Play time               : 9.612 s
  Update time             : 0.884 s
  Time to train epoch     : 10.496 s


Statistics:
  fps step                    : 17,339
  fps step + policy inference : 17,046
  fps total                   : 15,609
  epoch                       : 998 / 1,000
  frames                      : 163,512,320


Policy 0: 
Timing:
  Play time               : 9.633 s
  Update time             : 1.004 s
  Time to train epoch     : 10.637 s


Statistics:
  fps step                    : 17,307
  fps step + policy inference : 17,008
  fps total                   : 15,402
  epoch                       : 999 / 1,000
  frames                      : 163,676,160


Policy 0: 
Timing:
  Play time               : 9.633 s
  Update time             : 0.935 s
  Time to train epoch     : 10.568 s


Statistics:
  fps step                    : 17,298
  fps step + policy inference : 17,007
  fps total                   : 15,503
  epoch                       : 1,000 / 1,000
  frames                      : 163,840,000


Policy 0: saving next best rewards:  [174.97]
=> saving checkpoint 'runs/expert_row5_seed2810/nn/expert_row5_seed2810.pth'
Saved recovery checkpoint runs/expert_row5_seed2810/checkpoints/epoch_001000.pth; evaluation_due=True
=> saving checkpoint 'runs/expert_row5_seed2810/nn/last_expert_row5_seed2810_ep_1000_rew__174.97_.pth'
MAX EPOCHS NUM!
