Importing module 'gym_38' (/home/wangjiarui/artgym-runtime/opt/isaacgym/python/isaacgym/_bindings/linux-x86_64/gym_38.so)
[Warning] [carb] unknown type for the object '/home/wangjiarui/artgym-runtime/opt/isaacgym/python/isaacgym/_bindings/linux-x86_64//libboost_python36.so' {d_type = 0x00000000}
[Warning] [carb] unknown type for the object '/home/wangjiarui/artgym-runtime/opt/isaacgym/python/isaacgym/_bindings/linux-x86_64//libboost_regex.so' {d_type = 0x00000000}
[Warning] [carb] unknown type for the object '/home/wangjiarui/artgym-runtime/opt/isaacgym/python/isaacgym/_bindings/linux-x86_64//libpython3.6m.so' {d_type = 0x00000000}
[Warning] [carb] unknown type for the object '/home/wangjiarui/artgym-runtime/opt/isaacgym/python/isaacgym/_bindings/linux-x86_64//libGLEW.so' {d_type = 0x00000000}
[Warning] [carb] unknown type for the object '/home/wangjiarui/artgym-runtime/opt/isaacgym/python/isaacgym/_bindings/linux-x86_64//libboost_atomic.so' {d_type = 0x00000000}
[Warning] [carb] unknown type for the object '/home/wangjiarui/artgym-runtime/opt/isaacgym/python/isaacgym/_bindings/linux-x86_64//libembree.so' {d_type = 0x00000000}
[Warning] [carb] unknown type for the object '/home/wangjiarui/artgym-runtime/opt/isaacgym/python/isaacgym/_bindings/linux-x86_64//libembree.so.2' {d_type = 0x00000000}
[Warning] [carb] unknown type for the object '/home/wangjiarui/artgym-runtime/opt/isaacgym/python/isaacgym/_bindings/linux-x86_64//libjemalloc.so' {d_type = 0x00000000}
[Warning] [carb] unknown type for the object '/home/wangjiarui/artgym-runtime/opt/isaacgym/python/isaacgym/_bindings/linux-x86_64//libboost_python27.so' {d_type = 0x00000000}
[Warning] [carb] unknown type for the object '/home/wangjiarui/artgym-runtime/opt/isaacgym/python/isaacgym/_bindings/linux-x86_64//libGLEW.so.2.0' {d_type = 0x00000000}
[Warning] [carb] unknown type for the object '/home/wangjiarui/artgym-runtime/opt/isaacgym/python/isaacgym/_bindings/linux-x86_64//libosdCPU.so' {d_type = 0x00000000}
[Warning] [carb] unknown type for the object '/home/wangjiarui/artgym-runtime/opt/isaacgym/python/isaacgym/_bindings/linux-x86_64//libboost_program_options.so' {d_type = 0x00000000}
[Warning] [carb] unknown type for the object '/home/wangjiarui/artgym-runtime/opt/isaacgym/python/isaacgym/_bindings/linux-x86_64//libosdGPU.so' {d_type = 0x00000000}
[Warning] [carb] unknown type for the object '/home/wangjiarui/artgym-runtime/opt/isaacgym/python/isaacgym/_bindings/linux-x86_64//libboost_thread.so' {d_type = 0x00000000}
[Warning] [carb] unknown type for the object '/home/wangjiarui/artgym-runtime/opt/isaacgym/python/isaacgym/_bindings/linux-x86_64//libboost_filesystem.so' {d_type = 0x00000000}
[Warning] [carb] unknown type for the object '/home/wangjiarui/artgym-runtime/opt/isaacgym/python/isaacgym/_bindings/linux-x86_64//libboost_date_time.so' {d_type = 0x00000000}
[Warning] [carb] unknown type for the object '/home/wangjiarui/artgym-runtime/opt/isaacgym/python/isaacgym/_bindings/linux-x86_64//libboost_system.so' {d_type = 0x00000000}
[Warning] [carb] unknown type for the object '/home/wangjiarui/artgym-runtime/opt/isaacgym/python/isaacgym/_bindings/linux-x86_64//libboost_python36.so' {d_type = 0x00000000}
[Warning] [carb] unknown type for the object '/home/wangjiarui/artgym-runtime/opt/isaacgym/python/isaacgym/_bindings/linux-x86_64//libboost_regex.so' {d_type = 0x00000000}
[Warning] [carb] unknown type for the object '/home/wangjiarui/artgym-runtime/opt/isaacgym/python/isaacgym/_bindings/linux-x86_64//libpython3.6m.so' {d_type = 0x00000000}
[Warning] [carb] unknown type for the object '/home/wangjiarui/artgym-runtime/opt/isaacgym/python/isaacgym/_bindings/linux-x86_64//libGLEW.so' {d_type = 0x00000000}
[Warning] [carb] unknown type for the object '/home/wangjiarui/artgym-runtime/opt/isaacgym/python/isaacgym/_bindings/linux-x86_64//libboost_atomic.so' {d_type = 0x00000000}
[Warning] [carb] unknown type for the object '/home/wangjiarui/artgym-runtime/opt/isaacgym/python/isaacgym/_bindings/linux-x86_64//libembree.so' {d_type = 0x00000000}
[Warning] [carb] unknown type for the object '/home/wangjiarui/artgym-runtime/opt/isaacgym/python/isaacgym/_bindings/linux-x86_64//libembree.so.2' {d_type = 0x00000000}
[Warning] [carb] unknown type for the object '/home/wangjiarui/artgym-runtime/opt/isaacgym/python/isaacgym/_bindings/linux-x86_64//libjemalloc.so' {d_type = 0x00000000}
[Warning] [carb] unknown type for the object '/home/wangjiarui/artgym-runtime/opt/isaacgym/python/isaacgym/_bindings/linux-x86_64//libboost_python27.so' {d_type = 0x00000000}
[Warning] [carb] unknown type for the object '/home/wangjiarui/artgym-runtime/opt/isaacgym/python/isaacgym/_bindings/linux-x86_64//libGLEW.so.2.0' {d_type = 0x00000000}
[Warning] [carb] unknown type for the object '/home/wangjiarui/artgym-runtime/opt/isaacgym/python/isaacgym/_bindings/linux-x86_64//libosdCPU.so' {d_type = 0x00000000}
[Warning] [carb] unknown type for the object '/home/wangjiarui/artgym-runtime/opt/isaacgym/python/isaacgym/_bindings/linux-x86_64//libboost_program_options.so' {d_type = 0x00000000}
[Warning] [carb] unknown type for the object '/home/wangjiarui/artgym-runtime/opt/isaacgym/python/isaacgym/_bindings/linux-x86_64//libosdGPU.so' {d_type = 0x00000000}
[Warning] [carb] unknown type for the object '/home/wangjiarui/artgym-runtime/opt/isaacgym/python/isaacgym/_bindings/linux-x86_64//libboost_thread.so' {d_type = 0x00000000}
[Warning] [carb] unknown type for the object '/home/wangjiarui/artgym-runtime/opt/isaacgym/python/isaacgym/_bindings/linux-x86_64//libboost_filesystem.so' {d_type = 0x00000000}
[Warning] [carb] unknown type for the object '/home/wangjiarui/artgym-runtime/opt/isaacgym/python/isaacgym/_bindings/linux-x86_64//libboost_date_time.so' {d_type = 0x00000000}
[Warning] [carb] unknown type for the object '/home/wangjiarui/artgym-runtime/opt/isaacgym/python/isaacgym/_bindings/linux-x86_64//libboost_system.so' {d_type = 0x00000000}
[Warning] [carb] unknown type for the object '/home/wangjiarui/artgym-runtime/opt/isaacgym/python/isaacgym/_bindings/linux-x86_64//libboost_python36.so' {d_type = 0x00000000}
[Warning] [carb] unknown type for the object '/home/wangjiarui/artgym-runtime/opt/isaacgym/python/isaacgym/_bindings/linux-x86_64//libboost_regex.so' {d_type = 0x00000000}
[Warning] [carb] unknown type for the object '/home/wangjiarui/artgym-runtime/opt/isaacgym/python/isaacgym/_bindings/linux-x86_64//libpython3.6m.so' {d_type = 0x00000000}
[Warning] [carb] unknown type for the object '/home/wangjiarui/artgym-runtime/opt/isaacgym/python/isaacgym/_bindings/linux-x86_64//libGLEW.so' {d_type = 0x00000000}
[Warning] [carb] unknown type for the object '/home/wangjiarui/artgym-runtime/opt/isaacgym/python/isaacgym/_bindings/linux-x86_64//libboost_atomic.so' {d_type = 0x00000000}
[Warning] [carb] unknown type for the object '/home/wangjiarui/artgym-runtime/opt/isaacgym/python/isaacgym/_bindings/linux-x86_64//libembree.so' {d_type = 0x00000000}
[Warning] [carb] unknown type for the object '/home/wangjiarui/artgym-runtime/opt/isaacgym/python/isaacgym/_bindings/linux-x86_64//libembree.so.2' {d_type = 0x00000000}
[Warning] [carb] unknown type for the object '/home/wangjiarui/artgym-runtime/opt/isaacgym/python/isaacgym/_bindings/linux-x86_64//libjemalloc.so' {d_type = 0x00000000}
[Warning] [carb] unknown type for the object '/home/wangjiarui/artgym-runtime/opt/isaacgym/python/isaacgym/_bindings/linux-x86_64//libboost_python27.so' {d_type = 0x00000000}
[Warning] [carb] unknown type for the object '/home/wangjiarui/artgym-runtime/opt/isaacgym/python/isaacgym/_bindings/linux-x86_64//libGLEW.so.2.0' {d_type = 0x00000000}
[Warning] [carb] unknown type for the object '/home/wangjiarui/artgym-runtime/opt/isaacgym/python/isaacgym/_bindings/linux-x86_64//libosdCPU.so' {d_type = 0x00000000}
[Warning] [carb] unknown type for the object '/home/wangjiarui/artgym-runtime/opt/isaacgym/python/isaacgym/_bindings/linux-x86_64//libboost_program_options.so' {d_type = 0x00000000}
[Warning] [carb] unknown type for the object '/home/wangjiarui/artgym-runtime/opt/isaacgym/python/isaacgym/_bindings/linux-x86_64//libosdGPU.so' {d_type = 0x00000000}
[Warning] [carb] unknown type for the object '/home/wangjiarui/artgym-runtime/opt/isaacgym/python/isaacgym/_bindings/linux-x86_64//libboost_thread.so' {d_type = 0x00000000}
[Warning] [carb] unknown type for the object '/home/wangjiarui/artgym-runtime/opt/isaacgym/python/isaacgym/_bindings/linux-x86_64//libboost_filesystem.so' {d_type = 0x00000000}
[Warning] [carb] unknown type for the object '/home/wangjiarui/artgym-runtime/opt/isaacgym/python/isaacgym/_bindings/linux-x86_64//libboost_date_time.so' {d_type = 0x00000000}
[Warning] [carb] unknown type for the object '/home/wangjiarui/artgym-runtime/opt/isaacgym/python/isaacgym/_bindings/linux-x86_64//libboost_system.so' {d_type = 0x00000000}
[Warning] [carb] unknown type for the object '/home/wangjiarui/artgym-runtime/opt/isaacgym/python/isaacgym/_bindings/linux-x86_64//libboost_python36.so' {d_type = 0x00000000}
[Warning] [carb] unknown type for the object '/home/wangjiarui/artgym-runtime/opt/isaacgym/python/isaacgym/_bindings/linux-x86_64//libboost_regex.so' {d_type = 0x00000000}
[Warning] [carb] unknown type for the object '/home/wangjiarui/artgym-runtime/opt/isaacgym/python/isaacgym/_bindings/linux-x86_64//libpython3.6m.so' {d_type = 0x00000000}
[Warning] [carb] unknown type for the object '/home/wangjiarui/artgym-runtime/opt/isaacgym/python/isaacgym/_bindings/linux-x86_64//libGLEW.so' {d_type = 0x00000000}
[Warning] [carb] unknown type for the object '/home/wangjiarui/artgym-runtime/opt/isaacgym/python/isaacgym/_bindings/linux-x86_64//libboost_atomic.so' {d_type = 0x00000000}
[Warning] [carb] unknown type for the object '/home/wangjiarui/artgym-runtime/opt/isaacgym/python/isaacgym/_bindings/linux-x86_64//libembree.so' {d_type = 0x00000000}
[Warning] [carb] unknown type for the object '/home/wangjiarui/artgym-runtime/opt/isaacgym/python/isaacgym/_bindings/linux-x86_64//libembree.so.2' {d_type = 0x00000000}
[Warning] [carb] unknown type for the object '/home/wangjiarui/artgym-runtime/opt/isaacgym/python/isaacgym/_bindings/linux-x86_64//libjemalloc.so' {d_type = 0x00000000}
[Warning] [carb] unknown type for the object '/home/wangjiarui/artgym-runtime/opt/isaacgym/python/isaacgym/_bindings/linux-x86_64//libboost_python27.so' {d_type = 0x00000000}
[Warning] [carb] unknown type for the object '/home/wangjiarui/artgym-runtime/opt/isaacgym/python/isaacgym/_bindings/linux-x86_64//libGLEW.so.2.0' {d_type = 0x00000000}
[Warning] [carb] unknown type for the object '/home/wangjiarui/artgym-runtime/opt/isaacgym/python/isaacgym/_bindings/linux-x86_64//libosdCPU.so' {d_type = 0x00000000}
[Warning] [carb] unknown type for the object '/home/wangjiarui/artgym-runtime/opt/isaacgym/python/isaacgym/_bindings/linux-x86_64//libboost_program_options.so' {d_type = 0x00000000}
[Warning] [carb] unknown type for the object '/home/wangjiarui/artgym-runtime/opt/isaacgym/python/isaacgym/_bindings/linux-x86_64//libosdGPU.so' {d_type = 0x00000000}
[Warning] [carb] unknown type for the object '/home/wangjiarui/artgym-runtime/opt/isaacgym/python/isaacgym/_bindings/linux-x86_64//libboost_thread.so' {d_type = 0x00000000}
[Warning] [carb] unknown type for the object '/home/wangjiarui/artgym-runtime/opt/isaacgym/python/isaacgym/_bindings/linux-x86_64//libboost_filesystem.so' {d_type = 0x00000000}
[Warning] [carb] unknown type for the object '/home/wangjiarui/artgym-runtime/opt/isaacgym/python/isaacgym/_bindings/linux-x86_64//libboost_date_time.so' {d_type = 0x00000000}
[Warning] [carb] unknown type for the object '/home/wangjiarui/artgym-runtime/opt/isaacgym/python/isaacgym/_bindings/linux-x86_64//libboost_system.so' {d_type = 0x00000000}
[Warning] [carb] unknown type for the object '/home/wangjiarui/artgym-runtime/opt/isaacgym/python/isaacgym/_bindings/linux-x86_64//libboost_python36.so' {d_type = 0x00000000}
[Warning] [carb] unknown type for the object '/home/wangjiarui/artgym-runtime/opt/isaacgym/python/isaacgym/_bindings/linux-x86_64//libboost_regex.so' {d_type = 0x00000000}
[Warning] [carb] unknown type for the object '/home/wangjiarui/artgym-runtime/opt/isaacgym/python/isaacgym/_bindings/linux-x86_64//libpython3.6m.so' {d_type = 0x00000000}
[Warning] [carb] unknown type for the object '/home/wangjiarui/artgym-runtime/opt/isaacgym/python/isaacgym/_bindings/linux-x86_64//libGLEW.so' {d_type = 0x00000000}
[Warning] [carb] unknown type for the object '/home/wangjiarui/artgym-runtime/opt/isaacgym/python/isaacgym/_bindings/linux-x86_64//libboost_atomic.so' {d_type = 0x00000000}
[Warning] [carb] unknown type for the object '/home/wangjiarui/artgym-runtime/opt/isaacgym/python/isaacgym/_bindings/linux-x86_64//libembree.so' {d_type = 0x00000000}
[Warning] [carb] unknown type for the object '/home/wangjiarui/artgym-runtime/opt/isaacgym/python/isaacgym/_bindings/linux-x86_64//libembree.so.2' {d_type = 0x00000000}
[Warning] [carb] unknown type for the object '/home/wangjiarui/artgym-runtime/opt/isaacgym/python/isaacgym/_bindings/linux-x86_64//libjemalloc.so' {d_type = 0x00000000}
[Warning] [carb] unknown type for the object '/home/wangjiarui/artgym-runtime/opt/isaacgym/python/isaacgym/_bindings/linux-x86_64//libboost_python27.so' {d_type = 0x00000000}
[Warning] [carb] unknown type for the object '/home/wangjiarui/artgym-runtime/opt/isaacgym/python/isaacgym/_bindings/linux-x86_64//libGLEW.so.2.0' {d_type = 0x00000000}
[Warning] [carb] unknown type for the object '/home/wangjiarui/artgym-runtime/opt/isaacgym/python/isaacgym/_bindings/linux-x86_64//libosdCPU.so' {d_type = 0x00000000}
[Warning] [carb] unknown type for the object '/home/wangjiarui/artgym-runtime/opt/isaacgym/python/isaacgym/_bindings/linux-x86_64//libboost_program_options.so' {d_type = 0x00000000}
[Warning] [carb] unknown type for the object '/home/wangjiarui/artgym-runtime/opt/isaacgym/python/isaacgym/_bindings/linux-x86_64//libosdGPU.so' {d_type = 0x00000000}
[Warning] [carb] unknown type for the object '/home/wangjiarui/artgym-runtime/opt/isaacgym/python/isaacgym/_bindings/linux-x86_64//libboost_thread.so' {d_type = 0x00000000}
[Warning] [carb] unknown type for the object '/home/wangjiarui/artgym-runtime/opt/isaacgym/python/isaacgym/_bindings/linux-x86_64//libboost_filesystem.so' {d_type = 0x00000000}
[Warning] [carb] unknown type for the object '/home/wangjiarui/artgym-runtime/opt/isaacgym/python/isaacgym/_bindings/linux-x86_64//libboost_date_time.so' {d_type = 0x00000000}
[Warning] [carb] unknown type for the object '/home/wangjiarui/artgym-runtime/opt/isaacgym/python/isaacgym/_bindings/linux-x86_64//libboost_system.so' {d_type = 0x00000000}
Setting GYM_USD_PLUG_INFO_PATH to /home/wangjiarui/artgym-runtime/opt/isaacgym/python/isaacgym/_bindings/linux-x86_64/usd/plugInfo.json
Gym has been unmaintained since 2022 and does not support NumPy 2.0 amongst other critical functionality.
Please upgrade to Gymnasium, the maintained drop-in replacement of Gym, or contact the authors of your software and request that they upgrade.
Users of this version of Gym should be able to simply replace 'import gym' with 'import gymnasium as gym' in the vast majority of cases.
See the migration guide at https://gymnasium.farama.org/introduction/migration_guide/ for additional information.
/home/wangjiarui/artgym-hold-20260929/isaacgymenvs/train.py:81: Hydra14MigrationWarning: 
version_base="1.1" selects Hydra 1.1 compatibility behavior.
Hydra 1.4 will remove this compatibility behavior.
Before upgrading to Hydra 1.4, set version_base="1.3" and test your application.
See https://hydra.cc/docs/upgrades/1.3_to_1.4/prepare_for_1_4/ for preparation instructions.
  @hydra.main(version_base="1.1", config_name="config", config_path="./cfg")
/home/wangjiarui/artgym-runtime/lib/python3.8/site-packages/hydra/_internal/hydra.py:119: UserWarning: Future Hydra versions will no longer change working directory at job runtime by default.
See https://hydra.cc/docs/1.2/upgrades/1.1_to_1.2/changes_to_job_working_dir/ for more information.
  ret = run_job(
PyTorch version 2.1.0+cu121
Device count 1
/home/wangjiarui/artgym-runtime/opt/isaacgym/python/isaacgym/_bindings/src/gymtorch
Using /home/wangjiarui/.cache/torch_extensions/py38_cu121 as PyTorch extensions root...
Emitting ninja build file /home/wangjiarui/.cache/torch_extensions/py38_cu121/gymtorch/build.ninja...
Building extension module gymtorch...
Using envvar MAX_JOBS (2) as the number of workers...
ninja: no work to do.
Loading extension module gymtorch...
task: 
    name: wuji_multigrasp
    physics_engine: physx
    env: 
        numEnvs: 5120
        envSpacing: 0.75
        episodeLength: 600
        enableDebugVis: False
        aggregateMode: 0
        successHoldDurationSec: 0.3
        successHoldDurationRangeSec: [0.3, 0.3]
        maxConsecutiveSuccesses: 0
        goalSwitchTimeoutSec: 0.0
        jointNoise: 0.0
        dofSpeedScale: 1.0
        useRelativeControl: False
        graspSplit: train
        rewardWeightCurriculum: 
            ObjPosDeviation: -0.5
            ObjRotDeviation: -0.02
            StableContact: 0.0
        rewardWeightCurriculumSchedule: 
            warmupSteps: 200
            totalSteps: 2000
        binaryTactileThreshold: 0.05
        actionsMovingAverage: 1.0
        controlFrequencyInv: 4
        forceScale: 0.0
        forceProbRange: [0.001, 0.1]
        forceDecay: 0.99
        forceDecayInterval: 0.08
        policyObsDim: 111
        privilegedObsDim: 21
        studentInitObsDim: 55
        proprioHistoryLen: 50
        enableCameraSensors: False
        camera: 
            height: 1080
            width: 1920
            horizontal_fov: 75
            use_collision_geometry: True
            cam_pos: [0.0, 0.2, 1.0]
            cam_target: [0.0, -0.15, 0.5]
        rewardProtocol: corrected
        supportActionSpan: 0.04
        thumbActionStep: 0.025
        aliveReward: 0.1
        initialPoseNoise: 
            position_m: 0.0005
            joint_rad: 0.01
            rotation_vector_rad: 0.008726646259971648
            ramp_epochs: 0
        absolutePoseObjective: 
            coefficient: 1.0
            position_scale_m: 0.01
            rotation_scale_rad: 0.25
            ramp_epochs: 0
        commandPeriodSec: 2.0
        evaluationGoalTimeoutSec: 10.0
        trainingCommandDurationsSec: [2.0, 5.0]
        endpointHoldReward: 0.0
        trainingStates: research/hold-20260929/data/integration-shared.npy
    task: 
        randomize: False
        randomization_params: 
    sim: 
        dt: 0.008333333333333333
        substeps: 4
        up_axis: z
        use_gpu_pipeline: True
        gravity: [0.0, 0.0, -9.81]
        physx: 
            num_threads: 4
            solver_type: 1
            use_gpu: True
            num_position_iterations: 16
            num_velocity_iterations: 4
            max_gpu_contact_pairs: 1048576
            num_subscenes: 0
            contact_offset: 0.002
            rest_offset: 0.0
            bounce_threshold_velocity: 0.2
            max_depenetration_velocity: 100.0
            default_buffer_size_multiplier: 2.0
            contact_collection: 2
object: 
    task: 
        success_threshold: 0.002
        rot_devia_threshold: 1.57
        pos_devia_threshold: 0.05
        goals: [0.04, 0.0]
        contact_num: 5
    asset: 
        type: knife
        asset_root: assets/objects/knife_wuji_bridge3_20260922
        instance_id_list: ['000']
        asset_file: mobility.urdf
        initDof: lower
        disgravity_part: []
        disfriction_part: []
        disrbforce_part: []
        dissimulate_part: []
    default_props: 
        mass: [0.029, 0.006]
        friction: 3.0
        dof_stiffness: 0.0
        dof_damping: 0.3
    randomization: 
        randomize: False
        dof_properties: 
            damping: 
                range: [0.7, 1.3]
                operation: scaling
                distribution: uniform
        rigid_body_properties: 
            by_body: 
                link_0: 
                    mass: 
                        range: [1.0, 5.0]
                        operation: scaling
                        distribution: uniform
                link_1: 
                    mass: 
                        range: [1.0, 2.0]
                        operation: scaling
                        distribution: uniform
        rigid_shape_properties: 
            friction: 
                num_buckets: 250
                range: [-1.0, 1.0]
                operation: additive
                distribution: uniform
    reward: 
        ObjPosDeviation: -0.5
        ObjRotDeviation: -0.02
        StableContact: 0.0
        HandQposDeviation: -0.001
        GoalDistance1: 1000.0
        GoalDistance2: 1.0
        Smooth: -1.0
        Drop: -25.0
        Success: 50.0
hand: 
    type: wuji
    asset: assets/hands/wuji_artbot/right.urdf
    self_collisions: True
    force_links: ['hand_r_thumb_pad_link', 'hand_r_index_pad_link', 'hand_r_middle_pad_link', 'hand_r_ring_pad_link', 'hand_r_pinky_pad_link']
    track_links: ['hand_r_thumb_pad_link', 'hand_r_index_pad_link', 'hand_r_middle_pad_link', 'hand_r_ring_pad_link', 'hand_r_pinky_pad_link']
    dof_names: ['hand_r_index_joint1', 'hand_r_index_joint2', 'hand_r_index_joint3', 'hand_r_index_joint4', 'hand_r_middle_joint1', 'hand_r_middle_joint2', 'hand_r_middle_joint3', 'hand_r_middle_joint4', 'hand_r_pinky_joint1', 'hand_r_pinky_joint2', 'hand_r_pinky_joint3', 'hand_r_pinky_joint4', 'hand_r_ring_joint1', 'hand_r_ring_joint2', 'hand_r_ring_joint3', 'hand_r_ring_joint4', 'hand_r_thumb_joint1', 'hand_r_thumb_joint2', 'hand_r_thumb_joint3', 'hand_r_thumb_joint4']
    dof_props: 
        stiffness: [0.37352218155860073, 0.45592448909027794, 0.24368366649522863, 0.18026971340925335, 0.3687093483646485, 0.4164253443634641, 0.22218607502059182, 0.19427606072023446, 0.3655325975433942, 0.41393113081120425, 0.22729367621965954, 0.1964723550341816, 0.35718151495111794, 0.42977315313086895, 0.24930151196247122, 0.2285032688178066, 0.40844710645048043, 0.6858601063643346, 0.2391112196099482, 0.20736128319711747]
        damping: [0.01882274330029718, 0.019798167597016643, 0.010477031953162727, 0.008240212147903584, 0.01848622487024593, 0.018032947229953678, 0.009592200014076666, 0.009152994605972402, 0.018616960278988272, 0.018732177029667153, 0.00951005441616486, 0.009017295241756363, 0.018376606800780005, 0.01867700966212433, 0.01059512121009555, 0.009917602877441107, 0.020882010257063675, 0.030610939996373314, 0.010181475050560962, 0.00909698844675045]
        friction: [0.0, 0.0, 0.0, 0.0, 0.0, 0.0, 0.0, 0.0, 0.0, 0.0, 0.0, 0.0, 0.0, 0.0, 0.0, 0.0, 0.0, 0.0, 0.0, 0.0]
        armature: [0.0005, 0.0002, 0.0002, 0.0002, 0.0005, 0.0002, 0.0002, 0.0002, 0.0005, 0.0002, 0.0002, 0.0002, 0.0005, 0.0002, 0.0002, 0.0002, 0.0005, 0.0005, 0.0002, 0.0002]
    task: 
        numActions: 20
        propDim: 40
        policyObsDim: 111
        studentInitObsDim: 55
    randomization: 
        randomize: False
    self_collision_mode: digit_filtered
train: 
    params: 
        seed: 2026092903
        algo: 
            name: a2c_continuous
        model: 
            name: continuous_a2c_logstd
        network: 
            name: actor_critic_sapg_priv
            separate: True
            space: 
                continuous: 
                    mu_activation: None
                    sigma_activation: None
                    mu_init: 
                        name: const_initializer
                        val: 0.0
                    sigma_init: 
                        name: const_initializer
                        val: -1.0
                    fixed_sigma: coef_cond
            mlp: 
                units: [512, 256, 128]
                activation: elu
                d2rl: False
                initializer: 
                    name: default
                regularizer: 
                    name: None
            rnn: 
                name: lstm
                units: 512
                layers: 1
                before_mlp: True
                layer_norm: True
            sapg_priv: 
                policy_obs_dim: 111
                privileged_obs_dim: 21
                critic_policy_contact_dim: 5
                expl_embedding_dim: 32
                encoder: 
                    units: [256, 128, 16]
                    activation: elu
                    initializer: 
                        name: default
                student_encoder: 
                    type: auto
                    init_dim: 55
                    proprio_encoder: 
                        units: [128, 64]
                        activation: elu
                        initializer: 
                            name: default
                    init_encoder: 
                        units: [128, 64]
                        activation: elu
                        initializer: 
                            name: default
                    temporal: 
                        type: tconv
                        hidden_size: 192
                        num_layers: 5
                        kernel_size: 3
                        dilation_growth: 2
                        activation: elu
                        dropout: 0.05
                    latent_head: 
                        units: [128]
                        activation: elu
                        initializer: 
                            name: default
        load_checkpoint: True
        load_path: /home/wangjiarui/artgym-hold-20260929/runs/hold_r3_dense1_seed2901/checkpoints/epoch_002000.pth
        config: 
            name: hold_integrate_shared_seed2903
            full_experiment_name: hold_integrate_shared_seed2903
            env_name: rlgpu
            multi_gpu: False
            ppo: True
            mixed_precision: False
            normalize_input: True
            normalize_value: True
            value_bootstrap: False
            num_actors: 5120
            reward_shaper: 
                scale_value: 1.0
            normalize_advantage: True
            gamma: 0.998
            tau: 0.95
            learning_rate: 0.0002
            lr_schedule: adaptive
            schedule_type: standard
            kl_threshold: 0.016
            score_to_win: 100000
            max_epochs: 3000
            save_best_after: 50
            save_frequency: 250
            print_stats: True
            grad_norm: 1.0
            entropy_coef: 0
            truncate_grads: True
            e_clip: 0.2
            horizon_length: 32
            minibatch_size: 32768
            mini_epochs: 4
            critic_coef: 4
            clip_value: True
            seq_length: 32
            bounds_loss_coef: 0.0001
            defer_summaries_sec: 5
            summaries_interval_sec_min: 5
            summaries_interval_sec_max: 100
            expl_type: mixed_expl_learn_param
            player: 
                deterministic: True
                use_vecenv: True
                games_num: 1000000
                print_stats: False
            use_others_experience: lf
            off_policy_ratio: 1.0
            expl_reward_type: entropy
            expl_reward_coef_scale: 0.005
            expl_coef_block_size: 1024
            managed_checkpoints: True
            checkpoint_first_epoch: 10
            checkpoint_keep_recent: 10
            checkpoint_milestone_frequency: 500
            evaluation_frequency: 100000
pbt: 
    enabled: False
task_name: wuji_multigrasp
experiment: hold_integrate_shared_seed2903
num_envs: 5120
seed: 2026092903
torch_deterministic: False
max_iterations: 3000
physics_engine: physx
pipeline: gpu
sim_device: cuda:0
rl_device: cuda:0
graphics_device_id: -1
num_threads: 4
solver_type: 1
num_subscenes: 0
test: False
checkpoint: /home/wangjiarui/artgym-hold-20260929/runs/hold_r3_dense1_seed2901/checkpoints/epoch_002000.pth
sigma: 
multi_gpu: False
asset_dir: 
capture_video: False
capture_video_freq: 1500
capture_video_len: 100
force_render: False
headless: True
Setting seed: 2026092903
self.seed = 2026092903
Started to train
Exact experiment name requested from command line: hold_integrate_shared_seed2903
/home/wangjiarui/artgym-runtime/lib/python3.8/site-packages/gym/spaces/box.py:127: UserWarning: [33mWARN: Box bound precision lowered by casting to float32[0m
  logger.warn(f"Box bound precision lowered by casting to {self.dtype}")
Not connected to PVD
+++ Using GPU PhysX
Physics Engine: PhysX
Physics Device: cuda:0
GPU Pipeline: enabled
Box(-1.0, 1.0, (20,), float32) Box(-inf, inf, (137,), float32)
seq_length: 32
current training device: cuda:0
num_minibatches: 5
build mlp: 21
build mlp: 21
build mlp: 512
build mlp: 512
RunningMeanStd:  (1,)
RunningMeanStd:  (137,)
=> loading checkpoint '/home/wangjiarui/artgym-hold-20260929/runs/hold_r3_dense1_seed2901/checkpoints/epoch_002000.pth'

Timing:
  Play time               : 11.194 s
  Update time             : 1.445 s
  Time to train epoch     : 12.639 s


Statistics:
  fps step                    : 15,386
  fps step + policy inference : 14,636
  fps total                   : 12,963
  epoch                       : 2,001 / 3,000
  frames                      : 327,843,840


Policy 0: 
Timing:
  Play time               : 10.651 s
  Update time             : 1.309 s
  Time to train epoch     : 11.960 s


Statistics:
  fps step                    : 15,855
  fps step + policy inference : 15,383
  fps total                   : 13,699
  epoch                       : 2,002 / 3,000
  frames                      : 328,007,680


Policy 0: 
Timing:
  Play time               : 10.538 s
  Update time             : 0.981 s
  Time to train epoch     : 11.519 s


Statistics:
  fps step                    : 15,917
  fps step + policy inference : 15,547
  fps total                   : 14,223
  epoch                       : 2,003 / 3,000
  frames                      : 328,171,520


Policy 0: 
Timing:
  Play time               : 10.481 s
  Update time             : 1.036 s
  Time to train epoch     : 11.517 s


Statistics:
  fps step                    : 15,942
  fps step + policy inference : 15,632
  fps total                   : 14,226
  epoch                       : 2,004 / 3,000
  frames                      : 328,335,360


Policy 0: 
Timing:
  Play time               : 10.448 s
  Update time             : 1.090 s
  Time to train epoch     : 11.538 s


Statistics:
  fps step                    : 15,958
  fps step + policy inference : 15,682
  fps total                   : 14,200
  epoch                       : 2,005 / 3,000
  frames                      : 328,499,200


Policy 0: 
Timing:
  Play time               : 10.410 s
  Update time             : 0.982 s
  Time to train epoch     : 11.392 s


Statistics:
  fps step                    : 15,995
  fps step + policy inference : 15,739
  fps total                   : 14,382
  epoch                       : 2,006 / 3,000
  frames                      : 328,663,040


Policy 0: 
Timing:
  Play time               : 10.387 s
  Update time             : 0.885 s
  Time to train epoch     : 11.272 s


Statistics:
  fps step                    : 16,018
  fps step + policy inference : 15,774
  fps total                   : 14,535
  epoch                       : 2,007 / 3,000
  frames                      : 328,826,880


Policy 0: 
Timing:
  Play time               : 10.349 s
  Update time             : 0.788 s
  Time to train epoch     : 11.138 s


Statistics:
  fps step                    : 16,063
  fps step + policy inference : 15,831
  fps total                   : 14,711
  epoch                       : 2,008 / 3,000
  frames                      : 328,990,720


Policy 0: 
Timing:
  Play time               : 10.334 s
  Update time             : 0.758 s
  Time to train epoch     : 11.092 s


Statistics:
  fps step                    : 16,087
  fps step + policy inference : 15,855
  fps total                   : 14,771
  epoch                       : 2,009 / 3,000
  frames                      : 329,154,560


Policy 0: 
Timing:
  Play time               : 10.347 s
  Update time             : 0.726 s
  Time to train epoch     : 11.072 s


Statistics:
  fps step                    : 16,056
  fps step + policy inference : 15,835
  fps total                   : 14,797
  epoch                       : 2,010 / 3,000
  frames                      : 329,318,400


Policy 0: 
Timing:
  Play time               : 10.330 s
  Update time             : 0.816 s
  Time to train epoch     : 11.146 s


Statistics:
  fps step                    : 16,079
  fps step + policy inference : 15,860
  fps total                   : 14,699
  epoch                       : 2,011 / 3,000
  frames                      : 329,482,240


Policy 0: 
Timing:
  Play time               : 10.308 s
  Update time             : 0.782 s
  Time to train epoch     : 11.090 s


Statistics:
  fps step                    : 16,111
  fps step + policy inference : 15,894
  fps total                   : 14,773
  epoch                       : 2,012 / 3,000
  frames                      : 329,646,080


Policy 0: 
Timing:
  Play time               : 10.299 s
  Update time             : 0.687 s
  Time to train epoch     : 10.985 s


Statistics:
  fps step                    : 16,126
  fps step + policy inference : 15,909
  fps total                   : 14,915
  epoch                       : 2,013 / 3,000
  frames                      : 329,809,920


Policy 0: 
Timing:
  Play time               : 10.238 s
  Update time             : 0.647 s
  Time to train epoch     : 10.885 s


Statistics:
  fps step                    : 16,216
  fps step + policy inference : 16,003
  fps total                   : 15,052
  epoch                       : 2,014 / 3,000
  frames                      : 329,973,760


Policy 0: 
Timing:
  Play time               : 10.189 s
  Update time             : 0.636 s
  Time to train epoch     : 10.826 s


Statistics:
  fps step                    : 16,296
  fps step + policy inference : 16,079
  fps total                   : 15,135
  epoch                       : 2,015 / 3,000
  frames                      : 330,137,600


Policy 0: 
Timing:
  Play time               : 10.173 s
  Update time             : 0.628 s
  Time to train epoch     : 10.801 s


Statistics:
  fps step                    : 16,319
  fps step + policy inference : 16,105
  fps total                   : 15,168
  epoch                       : 2,016 / 3,000
  frames                      : 330,301,440


Policy 0: 
Timing:
  Play time               : 10.172 s
  Update time             : 0.644 s
  Time to train epoch     : 10.816 s


Statistics:
  fps step                    : 16,322
  fps step + policy inference : 16,108
  fps total                   : 15,148
  epoch                       : 2,017 / 3,000
  frames                      : 330,465,280


Policy 0: 
Timing:
  Play time               : 10.173 s
  Update time             : 0.654 s
  Time to train epoch     : 10.827 s


Statistics:
  fps step                    : 16,328
  fps step + policy inference : 16,106
  fps total                   : 15,133
  epoch                       : 2,018 / 3,000
  frames                      : 330,629,120


Policy 0: 
Timing:
  Play time               : 10.308 s
  Update time             : 0.807 s
  Time to train epoch     : 11.116 s


Statistics:
  fps step                    : 16,231
  fps step + policy inference : 15,894
  fps total                   : 14,739
  epoch                       : 2,019 / 3,000
  frames                      : 330,792,960


Policy 0: 
Timing:
  Play time               : 10.751 s
  Update time             : 1.083 s
  Time to train epoch     : 11.835 s


Statistics:
  fps step                    : 15,729
  fps step + policy inference : 15,239
  fps total                   : 13,844
  epoch                       : 2,020 / 3,000
  frames                      : 330,956,800


Policy 0: 
Timing:
  Play time               : 10.763 s
  Update time             : 0.974 s
  Time to train epoch     : 11.737 s


Statistics:
  fps step                    : 15,703
  fps step + policy inference : 15,222
  fps total                   : 13,959
  epoch                       : 2,021 / 3,000
  frames                      : 331,120,640


Policy 0: 
Timing:
  Play time               : 10.671 s
  Update time             : 0.952 s
  Time to train epoch     : 11.623 s


Statistics:
  fps step                    : 15,769
  fps step + policy inference : 15,354
  fps total                   : 14,097
  epoch                       : 2,022 / 3,000
  frames                      : 331,284,480


Policy 0: 
Timing:
  Play time               : 10.650 s
  Update time             : 0.943 s
  Time to train epoch     : 11.593 s


Statistics:
  fps step                    : 15,753
  fps step + policy inference : 15,384
  fps total                   : 14,133
  epoch                       : 2,023 / 3,000
  frames                      : 331,448,320


Policy 0: 
Timing:
  Play time               : 10.555 s
  Update time             : 0.961 s
  Time to train epoch     : 11.516 s


Statistics:
  fps step                    : 15,830
  fps step + policy inference : 15,522
  fps total                   : 14,228
  epoch                       : 2,024 / 3,000
  frames                      : 331,612,160


Policy 0: 
Timing:
  Play time               : 10.515 s
  Update time             : 1.009 s
  Time to train epoch     : 11.524 s


Statistics:
  fps step                    : 15,863
  fps step + policy inference : 15,582
  fps total                   : 14,217
  epoch                       : 2,025 / 3,000
  frames                      : 331,776,000


Policy 0: 
Timing:
  Play time               : 10.483 s
  Update time             : 1.040 s
  Time to train epoch     : 11.523 s


Statistics:
  fps step                    : 15,890
  fps step + policy inference : 15,630
  fps total                   : 14,218
  epoch                       : 2,026 / 3,000
  frames                      : 331,939,840


Policy 0: 
Timing:
  Play time               : 10.443 s
  Update time             : 0.983 s
  Time to train epoch     : 11.426 s


Statistics:
  fps step                    : 15,934
  fps step + policy inference : 15,689
  fps total                   : 14,340
  epoch                       : 2,027 / 3,000
  frames                      : 332,103,680


Policy 0: 
Timing:
  Play time               : 10.464 s
  Update time             : 0.903 s
  Time to train epoch     : 11.367 s


Statistics:
  fps step                    : 15,901
  fps step + policy inference : 15,658
  fps total                   : 14,414
  epoch                       : 2,028 / 3,000
  frames                      : 332,267,520


Policy 0: 
Timing:
  Play time               : 10.425 s
  Update time             : 0.810 s
  Time to train epoch     : 11.235 s


Statistics:
  fps step                    : 15,947
  fps step + policy inference : 15,716
  fps total                   : 14,583
  epoch                       : 2,029 / 3,000
  frames                      : 332,431,360


Policy 0: 
Timing:
  Play time               : 10.409 s
  Update time             : 0.793 s
  Time to train epoch     : 11.202 s


Statistics:
  fps step                    : 15,970
  fps step + policy inference : 15,741
  fps total                   : 14,626
  epoch                       : 2,030 / 3,000
  frames                      : 332,595,200


Policy 0: 
Timing:
  Play time               : 10.411 s
  Update time             : 0.743 s
  Time to train epoch     : 11.155 s


Statistics:
  fps step                    : 15,963
  fps step + policy inference : 15,737
  fps total                   : 14,688
  epoch                       : 2,031 / 3,000
  frames                      : 332,759,040


Policy 0: 
Timing:
  Play time               : 10.395 s
  Update time             : 0.809 s
  Time to train epoch     : 11.204 s


Statistics:
  fps step                    : 15,986
  fps step + policy inference : 15,761
  fps total                   : 14,623
  epoch                       : 2,032 / 3,000
  frames                      : 332,922,880


Policy 0: 
Timing:
  Play time               : 10.319 s
  Update time             : 0.808 s
  Time to train epoch     : 11.127 s


Statistics:
  fps step                    : 16,094
  fps step + policy inference : 15,878
  fps total                   : 14,725
  epoch                       : 2,033 / 3,000
  frames                      : 333,086,720


Policy 0: 
Timing:
  Play time               : 10.256 s
  Update time             : 0.714 s
  Time to train epoch     : 10.970 s


Statistics:
  fps step                    : 16,183
  fps step + policy inference : 15,974
  fps total                   : 14,935
  epoch                       : 2,034 / 3,000
  frames                      : 333,250,560


Policy 0: 
Timing:
  Play time               : 10.330 s
  Update time             : 0.670 s
  Time to train epoch     : 11.000 s


Statistics:
  fps step                    : 16,074
  fps step + policy inference : 15,861
  fps total                   : 14,894
  epoch                       : 2,035 / 3,000
  frames                      : 333,414,400


Policy 0: 
Timing:
  Play time               : 10.360 s
  Update time             : 0.659 s
  Time to train epoch     : 11.019 s


Statistics:
  fps step                    : 16,032
  fps step + policy inference : 15,815
  fps total                   : 14,869
  epoch                       : 2,036 / 3,000
  frames                      : 333,578,240


Policy 0: 
Timing:
  Play time               : 10.330 s
  Update time             : 0.658 s
  Time to train epoch     : 10.989 s


Statistics:
  fps step                    : 16,073
  fps step + policy inference : 15,860
  fps total                   : 14,910
  epoch                       : 2,037 / 3,000
  frames                      : 333,742,080


Policy 0: 
Timing:
  Play time               : 10.473 s
  Update time             : 0.775 s
  Time to train epoch     : 11.248 s


Statistics:
  fps step                    : 15,921
  fps step + policy inference : 15,644
  fps total                   : 14,566
  epoch                       : 2,038 / 3,000
  frames                      : 333,905,920


Policy 0: 
Timing:
  Play time               : 10.648 s
  Update time             : 0.978 s
  Time to train epoch     : 11.627 s


Statistics:
  fps step                    : 15,792
  fps step + policy inference : 15,386
  fps total                   : 14,092
  epoch                       : 2,039 / 3,000
  frames                      : 334,069,760


Policy 0: 
Timing:
  Play time               : 10.746 s
  Update time             : 1.070 s
  Time to train epoch     : 11.816 s


Statistics:
  fps step                    : 15,694
  fps step + policy inference : 15,247
  fps total                   : 13,866
  epoch                       : 2,040 / 3,000
  frames                      : 334,233,600


Policy 0: 
Timing:
  Play time               : 10.733 s
  Update time             : 1.100 s
  Time to train epoch     : 11.834 s


Statistics:
  fps step                    : 15,699
  fps step + policy inference : 15,265
  fps total                   : 13,845
  epoch                       : 2,041 / 3,000
  frames                      : 334,397,440


Policy 0: 
Timing:
  Play time               : 10.658 s
  Update time             : 1.028 s
  Time to train epoch     : 11.687 s


Statistics:
  fps step                    : 15,765
  fps step + policy inference : 15,372
  fps total                   : 14,019
  epoch                       : 2,042 / 3,000
  frames                      : 334,561,280


Policy 0: 
Timing:
  Play time               : 10.639 s
  Update time             : 0.962 s
  Time to train epoch     : 11.601 s


Statistics:
  fps step                    : 15,745
  fps step + policy inference : 15,400
  fps total                   : 14,123
  epoch                       : 2,043 / 3,000
  frames                      : 334,725,120


Policy 0: 
Timing:
  Play time               : 10.585 s
  Update time             : 0.956 s
  Time to train epoch     : 11.541 s


Statistics:
  fps step                    : 15,795
  fps step + policy inference : 15,479
  fps total                   : 14,196
  epoch                       : 2,044 / 3,000
  frames                      : 334,888,960


Policy 0: 
Timing:
  Play time               : 10.552 s
  Update time             : 0.956 s
  Time to train epoch     : 11.508 s


Statistics:
  fps step                    : 15,822
  fps step + policy inference : 15,527
  fps total                   : 14,238
  epoch                       : 2,045 / 3,000
  frames                      : 335,052,800


Policy 0: 
Timing:
  Play time               : 10.415 s
  Update time             : 0.949 s
  Time to train epoch     : 11.364 s


Statistics:
  fps step                    : 16,002
  fps step + policy inference : 15,731
  fps total                   : 14,418
  epoch                       : 2,046 / 3,000
  frames                      : 335,216,640


Policy 0: 
Timing:
  Play time               : 10.407 s
  Update time             : 1.001 s
  Time to train epoch     : 11.408 s


Statistics:
  fps step                    : 16,003
  fps step + policy inference : 15,743
  fps total                   : 14,362
  epoch                       : 2,047 / 3,000
  frames                      : 335,380,480


Policy 0: 
Timing:
  Play time               : 10.373 s
  Update time             : 1.002 s
  Time to train epoch     : 11.375 s


Statistics:
  fps step                    : 16,047
  fps step + policy inference : 15,795
  fps total                   : 14,403
  epoch                       : 2,048 / 3,000
  frames                      : 335,544,320


Policy 0: 
Timing:
  Play time               : 10.364 s
  Update time             : 0.906 s
  Time to train epoch     : 11.270 s


Statistics:
  fps step                    : 16,051
  fps step + policy inference : 15,808
  fps total                   : 14,537
  epoch                       : 2,049 / 3,000
  frames                      : 335,708,160


Policy 0: 
Timing:
  Play time               : 10.384 s
  Update time             : 0.807 s
  Time to train epoch     : 11.192 s


Statistics:
  fps step                    : 16,018
  fps step + policy inference : 15,778
  fps total                   : 14,640
  epoch                       : 2,050 / 3,000
  frames                      : 335,872,000


Policy 0: 
Timing:
  Play time               : 10.345 s
  Update time             : 0.784 s
  Time to train epoch     : 11.129 s


Statistics:
  fps step                    : 16,073
  fps step + policy inference : 15,837
  fps total                   : 14,722
  epoch                       : 2,051 / 3,000
  frames                      : 336,035,840


Policy 0: 
Timing:
  Play time               : 10.360 s
  Update time             : 0.774 s
  Time to train epoch     : 11.134 s


Statistics:
  fps step                    : 16,051
  fps step + policy inference : 15,814
  fps total                   : 14,715
  epoch                       : 2,052 / 3,000
  frames                      : 336,199,680


Policy 0: 
Timing:
  Play time               : 10.323 s
  Update time             : 0.732 s
  Time to train epoch     : 11.054 s


Statistics:
  fps step                    : 16,103
  fps step + policy inference : 15,872
  fps total                   : 14,821
  epoch                       : 2,053 / 3,000
  frames                      : 336,363,520


Policy 0: 
Timing:
  Play time               : 10.265 s
  Update time             : 0.698 s
  Time to train epoch     : 10.963 s


Statistics:
  fps step                    : 16,191
  fps step + policy inference : 15,961
  fps total                   : 14,945
  epoch                       : 2,054 / 3,000
  frames                      : 336,527,360


Policy 0: 
Timing:
  Play time               : 10.202 s
  Update time             : 0.779 s
  Time to train epoch     : 10.981 s


Statistics:
  fps step                    : 16,292
  fps step + policy inference : 16,060
  fps total                   : 14,920
  epoch                       : 2,055 / 3,000
  frames                      : 336,691,200


Policy 0: 
Timing:
  Play time               : 10.205 s
  Update time             : 0.792 s
  Time to train epoch     : 10.997 s


Statistics:
  fps step                    : 16,285
  fps step + policy inference : 16,055
  fps total                   : 14,898
  epoch                       : 2,056 / 3,000
  frames                      : 336,855,040


Policy 0: 
Timing:
  Play time               : 10.329 s
  Update time             : 0.899 s
  Time to train epoch     : 11.229 s


Statistics:
  fps step                    : 16,138
  fps step + policy inference : 15,862
  fps total                   : 14,591
  epoch                       : 2,057 / 3,000
  frames                      : 337,018,880


Policy 0: 
Timing:
  Play time               : 10.473 s
  Update time             : 1.022 s
  Time to train epoch     : 11.495 s


Statistics:
  fps step                    : 16,004
  fps step + policy inference : 15,644
  fps total                   : 14,253
  epoch                       : 2,058 / 3,000
  frames                      : 337,182,720


Policy 0: 
Timing:
  Play time               : 10.638 s
  Update time             : 0.954 s
  Time to train epoch     : 11.592 s


Statistics:
  fps step                    : 15,809
  fps step + policy inference : 15,402
  fps total                   : 14,134
  epoch                       : 2,059 / 3,000
  frames                      : 337,346,560


Policy 0: 
Timing:
  Play time               : 10.732 s
  Update time             : 0.950 s
  Time to train epoch     : 11.682 s


Statistics:
  fps step                    : 15,684
  fps step + policy inference : 15,266
  fps total                   : 14,025
  epoch                       : 2,060 / 3,000
  frames                      : 337,510,400


Policy 0: 
Timing:
  Play time               : 10.714 s
  Update time             : 0.983 s
  Time to train epoch     : 11.697 s


Statistics:
  fps step                    : 15,698
  fps step + policy inference : 15,292
  fps total                   : 14,007
  epoch                       : 2,061 / 3,000
  frames                      : 337,674,240


Policy 0: 
Timing:
  Play time               : 10.645 s
  Update time             : 1.063 s
  Time to train epoch     : 11.708 s


Statistics:
  fps step                    : 15,768
  fps step + policy inference : 15,392
  fps total                   : 13,994
  epoch                       : 2,062 / 3,000
  frames                      : 337,838,080


Policy 0: 
Timing:
  Play time               : 10.593 s
  Update time             : 1.077 s
  Time to train epoch     : 11.670 s


Statistics:
  fps step                    : 15,803
  fps step + policy inference : 15,466
  fps total                   : 14,039
  epoch                       : 2,063 / 3,000
  frames                      : 338,001,920


Policy 0: 
Timing:
  Play time               : 10.587 s
  Update time             : 1.006 s
  Time to train epoch     : 11.593 s


Statistics:
  fps step                    : 15,785
  fps step + policy inference : 15,476
  fps total                   : 14,133
  epoch                       : 2,064 / 3,000
  frames                      : 338,165,760


Policy 0: 
Timing:
  Play time               : 10.540 s
  Update time             : 0.966 s
  Time to train epoch     : 11.506 s


Statistics:
  fps step                    : 15,826
  fps step + policy inference : 15,544
  fps total                   : 14,239
  epoch                       : 2,065 / 3,000
  frames                      : 338,329,600


Policy 0: 
Timing:
  Play time               : 10.528 s
  Update time             : 0.945 s
  Time to train epoch     : 11.473 s


Statistics:
  fps step                    : 15,826
  fps step + policy inference : 15,562
  fps total                   : 14,280
  epoch                       : 2,066 / 3,000
  frames                      : 338,493,440


Policy 0: 
Timing:
  Play time               : 10.485 s
  Update time             : 0.931 s
  Time to train epoch     : 11.416 s


Statistics:
  fps step                    : 15,883
  fps step + policy inference : 15,626
  fps total                   : 14,351
  epoch                       : 2,067 / 3,000
  frames                      : 338,657,280


Policy 0: 
Timing:
  Play time               : 10.487 s
  Update time             : 0.909 s
  Time to train epoch     : 11.395 s


Statistics:
  fps step                    : 15,868
  fps step + policy inference : 15,624
  fps total                   : 14,378
  epoch                       : 2,068 / 3,000
  frames                      : 338,821,120


Policy 0: 
Timing:
  Play time               : 10.442 s
  Update time             : 0.851 s
  Time to train epoch     : 11.293 s


Statistics:
  fps step                    : 15,931
  fps step + policy inference : 15,690
  fps total                   : 14,508
  epoch                       : 2,069 / 3,000
  frames                      : 338,984,960


Policy 0: 
Timing:
  Play time               : 10.451 s
  Update time             : 0.866 s
  Time to train epoch     : 11.317 s


Statistics:
  fps step                    : 15,912
  fps step + policy inference : 15,676
  fps total                   : 14,477
  epoch                       : 2,070 / 3,000
  frames                      : 339,148,800


Policy 0: 
Timing:
  Play time               : 10.444 s
  Update time             : 0.941 s
  Time to train epoch     : 11.385 s


Statistics:
  fps step                    : 15,920
  fps step + policy inference : 15,687
  fps total                   : 14,391
  epoch                       : 2,071 / 3,000
  frames                      : 339,312,640


Policy 0: 
Timing:
  Play time               : 10.432 s
  Update time             : 0.853 s
  Time to train epoch     : 11.285 s


Statistics:
  fps step                    : 15,937
  fps step + policy inference : 15,706
  fps total                   : 14,519
  epoch                       : 2,072 / 3,000
  frames                      : 339,476,480


Policy 0: 
Timing:
  Play time               : 10.479 s
  Update time             : 0.773 s
  Time to train epoch     : 11.252 s


Statistics:
  fps step                    : 15,867
  fps step + policy inference : 15,635
  fps total                   : 14,561
  epoch                       : 2,073 / 3,000
  frames                      : 339,640,320


Policy 0: 
Timing:
  Play time               : 10.404 s
  Update time             : 0.715 s
  Time to train epoch     : 11.118 s


Statistics:
  fps step                    : 15,973
  fps step + policy inference : 15,748
  fps total                   : 14,736
  epoch                       : 2,074 / 3,000
  frames                      : 339,804,160


Policy 0: 
Timing:
  Play time               : 10.457 s
  Update time             : 0.722 s
  Time to train epoch     : 11.179 s


Statistics:
  fps step                    : 15,893
  fps step + policy inference : 15,668
  fps total                   : 14,656
  epoch                       : 2,075 / 3,000
  frames                      : 339,968,000


Policy 0: 
Timing:
  Play time               : 10.497 s
  Update time             : 0.897 s
  Time to train epoch     : 11.394 s


Statistics:
  fps step                    : 15,865
  fps step + policy inference : 15,608
  fps total                   : 14,379
  epoch                       : 2,076 / 3,000
  frames                      : 340,131,840


Policy 0: 
Timing:
  Play time               : 10.540 s
  Update time             : 1.071 s
  Time to train epoch     : 11.611 s


Statistics:
  fps step                    : 15,857
  fps step + policy inference : 15,545
  fps total                   : 14,111
  epoch                       : 2,077 / 3,000
  frames                      : 340,295,680


Policy 0: 
Timing:
  Play time               : 10.565 s
  Update time             : 1.096 s
  Time to train epoch     : 11.661 s


Statistics:
  fps step                    : 15,881
  fps step + policy inference : 15,508
  fps total                   : 14,050
  epoch                       : 2,078 / 3,000
  frames                      : 340,459,520


Policy 0: 
Timing:
  Play time               : 10.616 s
  Update time             : 1.055 s
  Time to train epoch     : 11.671 s


Statistics:
  fps step                    : 15,839
  fps step + policy inference : 15,434
  fps total                   : 14,038
  epoch                       : 2,079 / 3,000
  frames                      : 340,623,360


Policy 0: 
Timing:
  Play time               : 10.624 s
  Update time             : 0.958 s
  Time to train epoch     : 11.583 s


Statistics:
  fps step                    : 15,823
  fps step + policy inference : 15,421
  fps total                   : 14,145
  epoch                       : 2,080 / 3,000
  frames                      : 340,787,200


Policy 0: 
Timing:
  Play time               : 10.647 s
  Update time             : 0.956 s
  Time to train epoch     : 11.604 s


Statistics:
  fps step                    : 15,774
  fps step + policy inference : 15,388
  fps total                   : 14,120
  epoch                       : 2,081 / 3,000
  frames                      : 340,951,040


Policy 0: 
Timing:
  Play time               : 10.600 s
  Update time             : 0.949 s
  Time to train epoch     : 11.548 s


Statistics:
  fps step                    : 15,819
  fps step + policy inference : 15,457
  fps total                   : 14,187
  epoch                       : 2,082 / 3,000
  frames                      : 341,114,880


Policy 0: 
Timing:
  Play time               : 10.560 s
  Update time             : 0.957 s
  Time to train epoch     : 11.517 s


Statistics:
  fps step                    : 15,846
  fps step + policy inference : 15,515
  fps total                   : 14,226
  epoch                       : 2,083 / 3,000
  frames                      : 341,278,720


Policy 0: 
Timing:
  Play time               : 10.508 s
  Update time             : 0.998 s
  Time to train epoch     : 11.507 s


Statistics:
  fps step                    : 15,901
  fps step + policy inference : 15,591
  fps total                   : 14,239
  epoch                       : 2,084 / 3,000
  frames                      : 341,442,560


Policy 0: 
Timing:
  Play time               : 10.455 s
  Update time             : 1.025 s
  Time to train epoch     : 11.480 s


Statistics:
  fps step                    : 15,959
  fps step + policy inference : 15,671
  fps total                   : 14,271
  epoch                       : 2,085 / 3,000
  frames                      : 341,606,400


Policy 0: 
Timing:
  Play time               : 10.468 s
  Update time             : 1.078 s
  Time to train epoch     : 11.546 s


Statistics:
  fps step                    : 15,921
  fps step + policy inference : 15,651
  fps total                   : 14,190
  epoch                       : 2,086 / 3,000
  frames                      : 341,770,240


Policy 0: 
Timing:
  Play time               : 10.447 s
  Update time             : 1.024 s
  Time to train epoch     : 11.471 s


Statistics:
  fps step                    : 15,938
  fps step + policy inference : 15,683
  fps total                   : 14,283
  epoch                       : 2,087 / 3,000
  frames                      : 341,934,080


Policy 0: 
Timing:
  Play time               : 10.429 s
  Update time             : 0.901 s
  Time to train epoch     : 11.331 s


Statistics:
  fps step                    : 15,964
  fps step + policy inference : 15,710
  fps total                   : 14,460
  epoch                       : 2,088 / 3,000
  frames                      : 342,097,920


Policy 0: 
Timing:
  Play time               : 10.444 s
  Update time             : 0.827 s
  Time to train epoch     : 11.271 s


Statistics:
  fps step                    : 15,930
  fps step + policy inference : 15,688
  fps total                   : 14,536
  epoch                       : 2,089 / 3,000
  frames                      : 342,261,760


Policy 0: 
Timing:
  Play time               : 10.414 s
  Update time             : 0.830 s
  Time to train epoch     : 11.244 s


Statistics:
  fps step                    : 15,968
  fps step + policy inference : 15,733
  fps total                   : 14,572
  epoch                       : 2,090 / 3,000
  frames                      : 342,425,600


Policy 0: 
Timing:
  Play time               : 10.395 s
  Update time             : 0.809 s
  Time to train epoch     : 11.204 s


Statistics:
  fps step                    : 16,000
  fps step + policy inference : 15,761
  fps total                   : 14,623
  epoch                       : 2,091 / 3,000
  frames                      : 342,589,440


Policy 0: 
Timing:
  Play time               : 10.409 s
  Update time             : 0.851 s
  Time to train epoch     : 11.260 s


Statistics:
  fps step                    : 15,974
  fps step + policy inference : 15,740
  fps total                   : 14,550
  epoch                       : 2,092 / 3,000
  frames                      : 342,753,280


Policy 0: 
Timing:
  Play time               : 10.366 s
  Update time             : 0.856 s
  Time to train epoch     : 11.222 s


Statistics:
  fps step                    : 16,036
  fps step + policy inference : 15,806
  fps total                   : 14,600
  epoch                       : 2,093 / 3,000
  frames                      : 342,917,120


Policy 0: 
Timing:
  Play time               : 10.384 s
  Update time             : 0.846 s
  Time to train epoch     : 11.231 s


Statistics:
  fps step                    : 16,006
  fps step + policy inference : 15,778
  fps total                   : 14,589
  epoch                       : 2,094 / 3,000
  frames                      : 343,080,960


Policy 0: 
Timing:
  Play time               : 10.416 s
  Update time             : 0.931 s
  Time to train epoch     : 11.347 s


Statistics:
  fps step                    : 15,981
  fps step + policy inference : 15,729
  fps total                   : 14,439
  epoch                       : 2,095 / 3,000
  frames                      : 343,244,800


Policy 0: 
Timing:
  Play time               : 10.467 s
  Update time             : 0.953 s
  Time to train epoch     : 11.420 s


Statistics:
  fps step                    : 15,948
  fps step + policy inference : 15,654
  fps total                   : 14,347
  epoch                       : 2,096 / 3,000
  frames                      : 343,408,640


Policy 0: 
Timing:
  Play time               : 10.494 s
  Update time             : 0.973 s
  Time to train epoch     : 11.466 s


Statistics:
  fps step                    : 15,951
  fps step + policy inference : 15,613
  fps total                   : 14,289
  epoch                       : 2,097 / 3,000
  frames                      : 343,572,480


Policy 0: 
Timing:
  Play time               : 10.598 s
  Update time             : 0.953 s
  Time to train epoch     : 11.551 s


Statistics:
  fps step                    : 15,838
  fps step + policy inference : 15,459
  fps total                   : 14,184
  epoch                       : 2,098 / 3,000
  frames                      : 343,736,320


Policy 0: 
Timing:
  Play time               : 10.622 s
  Update time             : 0.947 s
  Time to train epoch     : 11.568 s


Statistics:
  fps step                    : 15,815
  fps step + policy inference : 15,425
  fps total                   : 14,163
  epoch                       : 2,099 / 3,000
  frames                      : 343,900,160


Policy 0: 
Timing:
  Play time               : 10.642 s
  Update time             : 1.032 s
  Time to train epoch     : 11.674 s


Statistics:
  fps step                    : 15,779
  fps step + policy inference : 15,396
  fps total                   : 14,035
  epoch                       : 2,100 / 3,000
  frames                      : 344,064,000


Policy 0: 
Timing:
  Play time               : 10.634 s
  Update time             : 1.054 s
  Time to train epoch     : 11.688 s


Statistics:
  fps step                    : 15,773
  fps step + policy inference : 15,408
  fps total                   : 14,018
  epoch                       : 2,101 / 3,000
  frames                      : 344,227,840


Policy 0: 
Timing:
  Play time               : 10.585 s
  Update time             : 1.031 s
  Time to train epoch     : 11.616 s


Statistics:
  fps step                    : 15,824
  fps step + policy inference : 15,479
  fps total                   : 14,105
  epoch                       : 2,102 / 3,000
  frames                      : 344,391,680


Policy 0: 
Timing:
  Play time               : 10.555 s
  Update time             : 1.015 s
  Time to train epoch     : 11.570 s


Statistics:
  fps step                    : 15,841
  fps step + policy inference : 15,522
  fps total                   : 14,160
  epoch                       : 2,103 / 3,000
  frames                      : 344,555,520


Policy 0: 
Timing:
  Play time               : 10.559 s
  Update time             : 0.983 s
  Time to train epoch     : 11.542 s


Statistics:
  fps step                    : 15,818
  fps step + policy inference : 15,517
  fps total                   : 14,196
  epoch                       : 2,104 / 3,000
  frames                      : 344,719,360


Policy 0: 
Timing:
  Play time               : 10.556 s
  Update time             : 0.950 s
  Time to train epoch     : 11.506 s


Statistics:
  fps step                    : 15,805
  fps step + policy inference : 15,521
  fps total                   : 14,239
  epoch                       : 2,105 / 3,000
  frames                      : 344,883,200


Policy 0: 
Timing:
  Play time               : 10.532 s
  Update time             : 0.936 s
  Time to train epoch     : 11.468 s


Statistics:
  fps step                    : 15,822
  fps step + policy inference : 15,556
  fps total                   : 14,286
  epoch                       : 2,106 / 3,000
  frames                      : 345,047,040


Policy 0: 
Timing:
  Play time               : 10.476 s
  Update time             : 1.005 s
  Time to train epoch     : 11.481 s


Statistics:
  fps step                    : 15,901
  fps step + policy inference : 15,640
  fps total                   : 14,270
  epoch                       : 2,107 / 3,000
  frames                      : 345,210,880


Policy 0: 
Timing:
  Play time               : 10.465 s
  Update time             : 1.031 s
  Time to train epoch     : 11.496 s


Statistics:
  fps step                    : 15,906
  fps step + policy inference : 15,656
  fps total                   : 14,252
  epoch                       : 2,108 / 3,000
  frames                      : 345,374,720


Policy 0: 
Timing:
  Play time               : 10.462 s
  Update time             : 0.936 s
  Time to train epoch     : 11.398 s


Statistics:
  fps step                    : 15,901
  fps step + policy inference : 15,661
  fps total                   : 14,374
  epoch                       : 2,109 / 3,000
  frames                      : 345,538,560


Policy 0: 
Timing:
  Play time               : 10.561 s
  Update time             : 0.897 s
  Time to train epoch     : 11.459 s


Statistics:
  fps step                    : 15,749
  fps step + policy inference : 15,513
  fps total                   : 14,298
  epoch                       : 2,110 / 3,000
  frames                      : 345,702,400


Policy 0: 
Timing:
  Play time               : 10.700 s
  Update time             : 0.814 s
  Time to train epoch     : 11.513 s


Statistics:
  fps step                    : 15,539
  fps step + policy inference : 15,312
  fps total                   : 14,230
  epoch                       : 2,111 / 3,000
  frames                      : 345,866,240


Policy 0: 
Timing:
  Play time               : 10.533 s
  Update time             : 0.762 s
  Time to train epoch     : 11.295 s


Statistics:
  fps step                    : 15,778
  fps step + policy inference : 15,555
  fps total                   : 14,505
  epoch                       : 2,112 / 3,000
  frames                      : 346,030,080


Policy 0: 
Timing:
  Play time               : 10.594 s
  Update time             : 0.782 s
  Time to train epoch     : 11.376 s


Statistics:
  fps step                    : 15,685
  fps step + policy inference : 15,465
  fps total                   : 14,402
  epoch                       : 2,113 / 3,000
  frames                      : 346,193,920


Policy 0: 
Timing:
  Play time               : 10.705 s
  Update time             : 0.908 s
  Time to train epoch     : 11.613 s


Statistics:
  fps step                    : 15,538
  fps step + policy inference : 15,305
  fps total                   : 14,109
  epoch                       : 2,114 / 3,000
  frames                      : 346,357,760


Policy 0: 
Timing:
  Play time               : 10.767 s
  Update time             : 1.043 s
  Time to train epoch     : 11.811 s


Statistics:
  fps step                    : 15,475
  fps step + policy inference : 15,216
  fps total                   : 13,872
  epoch                       : 2,115 / 3,000
  frames                      : 346,521,600


Policy 0: 
Timing:
  Play time               : 10.720 s
  Update time             : 1.046 s
  Time to train epoch     : 11.766 s


Statistics:
  fps step                    : 15,583
  fps step + policy inference : 15,284
  fps total                   : 13,925
  epoch                       : 2,116 / 3,000
  frames                      : 346,685,440


Policy 0: 
Timing:
  Play time               : 10.623 s
  Update time             : 1.014 s
  Time to train epoch     : 11.637 s


Statistics:
  fps step                    : 15,772
  fps step + policy inference : 15,423
  fps total                   : 14,079
  epoch                       : 2,117 / 3,000
  frames                      : 346,849,280


Policy 0: 
Timing:
  Play time               : 10.640 s
  Update time             : 0.978 s
  Time to train epoch     : 11.618 s


Statistics:
  fps step                    : 15,777
  fps step + policy inference : 15,398
  fps total                   : 14,102
  epoch                       : 2,118 / 3,000
  frames                      : 347,013,120


Policy 0: 
Timing:
  Play time               : 10.649 s
  Update time             : 0.958 s
  Time to train epoch     : 11.607 s


Statistics:
  fps step                    : 15,770
  fps step + policy inference : 15,386
  fps total                   : 14,116
  epoch                       : 2,119 / 3,000
  frames                      : 347,176,960


Policy 0: 
Timing:
  Play time               : 10.632 s
  Update time             : 0.952 s
  Time to train epoch     : 11.585 s


Statistics:
  fps step                    : 15,785
  fps step + policy inference : 15,409
  fps total                   : 14,143
  epoch                       : 2,120 / 3,000
  frames                      : 347,340,800


Policy 0: 
Timing:
  Play time               : 10.560 s
  Update time             : 0.977 s
  Time to train epoch     : 11.537 s


Statistics:
  fps step                    : 15,874
  fps step + policy inference : 15,515
  fps total                   : 14,201
  epoch                       : 2,121 / 3,000
  frames                      : 347,504,640


Policy 0: 
Timing:
  Play time               : 10.574 s
  Update time             : 1.029 s
  Time to train epoch     : 11.603 s


Statistics:
  fps step                    : 15,829
  fps step + policy inference : 15,495
  fps total                   : 14,121
  epoch                       : 2,122 / 3,000
  frames                      : 347,668,480


Policy 0: 
Timing:
  Play time               : 10.547 s
  Update time             : 1.088 s
  Time to train epoch     : 11.636 s


Statistics:
  fps step                    : 15,846
  fps step + policy inference : 15,534
  fps total                   : 14,081
  epoch                       : 2,123 / 3,000
  frames                      : 347,832,320


Policy 0: 
Timing:
  Play time               : 10.505 s
  Update time             : 1.046 s
  Time to train epoch     : 11.551 s


Statistics:
  fps step                    : 15,893
  fps step + policy inference : 15,597
  fps total                   : 14,184
  epoch                       : 2,124 / 3,000
  frames                      : 347,996,160


Policy 0: 
Timing:
  Play time               : 10.476 s
  Update time             : 0.985 s
  Time to train epoch     : 11.462 s


Statistics:
  fps step                    : 15,918
  fps step + policy inference : 15,639
  fps total                   : 14,295
  epoch                       : 2,125 / 3,000
  frames                      : 348,160,000


Policy 0: 
Timing:
  Play time               : 10.478 s
  Update time             : 0.953 s
  Time to train epoch     : 11.432 s


Statistics:
  fps step                    : 15,900
  fps step + policy inference : 15,636
  fps total                   : 14,332
  epoch                       : 2,126 / 3,000
  frames                      : 348,323,840


Policy 0: 
Timing:
  Play time               : 10.456 s
  Update time             : 0.935 s
  Time to train epoch     : 11.391 s


Statistics:
  fps step                    : 15,929
  fps step + policy inference : 15,670
  fps total                   : 14,383
  epoch                       : 2,127 / 3,000
  frames                      : 348,487,680


Policy 0: 
Timing:
  Play time               : 10.429 s
  Update time             : 0.880 s
  Time to train epoch     : 11.309 s


Statistics:
  fps step                    : 15,961
  fps step + policy inference : 15,710
  fps total                   : 14,487
  epoch                       : 2,128 / 3,000
  frames                      : 348,651,520


Policy 0: 
Timing:
  Play time               : 10.431 s
  Update time             : 0.895 s
  Time to train epoch     : 11.326 s


Statistics:
  fps step                    : 15,951
  fps step + policy inference : 15,707
  fps total                   : 14,466
  epoch                       : 2,129 / 3,000
  frames                      : 348,815,360


Policy 0: 
Timing:
  Play time               : 10.420 s
  Update time             : 0.912 s
  Time to train epoch     : 11.333 s


Statistics:
  fps step                    : 15,968
  fps step + policy inference : 15,723
  fps total                   : 14,457
  epoch                       : 2,130 / 3,000
  frames                      : 348,979,200


Policy 0: 
Timing:
  Play time               : 10.392 s
  Update time             : 0.920 s
  Time to train epoch     : 11.312 s


Statistics:
  fps step                    : 15,997
  fps step + policy inference : 15,766
  fps total                   : 14,484
  epoch                       : 2,131 / 3,000
  frames                      : 349,143,040


Policy 0: 
Timing:
  Play time               : 10.402 s
  Update time             : 0.877 s
  Time to train epoch     : 11.279 s


Statistics:
  fps step                    : 15,988
  fps step + policy inference : 15,751
  fps total                   : 14,526
  epoch                       : 2,132 / 3,000
  frames                      : 349,306,880


Policy 0: 
Timing:
  Play time               : 10.450 s
  Update time             : 0.896 s
  Time to train epoch     : 11.346 s


Statistics:
  fps step                    : 15,926
  fps step + policy inference : 15,678
  fps total                   : 14,440
  epoch                       : 2,133 / 3,000
  frames                      : 349,470,720


Policy 0: 
Timing:
  Play time               : 10.486 s
  Update time             : 0.951 s
  Time to train epoch     : 11.437 s


Statistics:
  fps step                    : 15,891
  fps step + policy inference : 15,624
  fps total                   : 14,325
  epoch                       : 2,134 / 3,000
  frames                      : 349,634,560


Policy 0: 
Timing:
  Play time               : 10.527 s
  Update time             : 0.969 s
  Time to train epoch     : 11.496 s


Statistics:
  fps step                    : 15,859
  fps step + policy inference : 15,564
  fps total                   : 14,252
  epoch                       : 2,135 / 3,000
  frames                      : 349,798,400


Policy 0: 
Timing:
  Play time               : 10.604 s
  Update time             : 0.976 s
  Time to train epoch     : 11.580 s


Statistics:
  fps step                    : 15,776
  fps step + policy inference : 15,451
  fps total                   : 14,149
  epoch                       : 2,136 / 3,000
  frames                      : 349,962,240


Policy 0: 
Timing:
  Play time               : 10.647 s
  Update time             : 1.047 s
  Time to train epoch     : 11.694 s


Statistics:
  fps step                    : 15,746
  fps step + policy inference : 15,389
  fps total                   : 14,011
  epoch                       : 2,137 / 3,000
  frames                      : 350,126,080


Policy 0: 
Timing:
  Play time               : 10.646 s
  Update time             : 1.048 s
  Time to train epoch     : 11.694 s


Statistics:
  fps step                    : 15,763
  fps step + policy inference : 15,390
  fps total                   : 14,011
  epoch                       : 2,138 / 3,000
  frames                      : 350,289,920


Policy 0: 
Timing:
  Play time               : 10.674 s
  Update time             : 1.044 s
  Time to train epoch     : 11.717 s


Statistics:
  fps step                    : 15,728
  fps step + policy inference : 15,350
  fps total                   : 13,983
  epoch                       : 2,139 / 3,000
  frames                      : 350,453,760


Policy 0: 
Timing:
  Play time               : 10.690 s
  Update time             : 0.984 s
  Time to train epoch     : 11.674 s


Statistics:
  fps step                    : 15,691
  fps step + policy inference : 15,326
  fps total                   : 14,035
  epoch                       : 2,140 / 3,000
  frames                      : 350,617,600


Policy 0: 
Timing:
  Play time               : 10.658 s
  Update time             : 0.952 s
  Time to train epoch     : 11.610 s


Statistics:
  fps step                    : 15,719
  fps step + policy inference : 15,373
  fps total                   : 14,112
  epoch                       : 2,141 / 3,000
  frames                      : 350,781,440


Policy 0: 
Timing:
  Play time               : 10.610 s
  Update time             : 0.956 s
  Time to train epoch     : 11.565 s


Statistics:
  fps step                    : 15,765
  fps step + policy inference : 15,443
  fps total                   : 14,167
  epoch                       : 2,142 / 3,000
  frames                      : 350,945,280


Policy 0: 
Timing:
  Play time               : 10.568 s
  Update time             : 0.996 s
  Time to train epoch     : 11.564 s


Statistics:
  fps step                    : 15,804
  fps step + policy inference : 15,503
  fps total                   : 14,168
  epoch                       : 2,143 / 3,000
  frames                      : 351,109,120


Policy 0: 
Timing:
  Play time               : 10.544 s
  Update time             : 0.956 s
  Time to train epoch     : 11.499 s


Statistics:
  fps step                    : 15,823
  fps step + policy inference : 15,539
  fps total                   : 14,248
  epoch                       : 2,144 / 3,000
  frames                      : 351,272,960


Policy 0: 
Timing:
  Play time               : 10.525 s
  Update time             : 0.978 s
  Time to train epoch     : 11.504 s


Statistics:
  fps step                    : 15,840
  fps step + policy inference : 15,566
  fps total                   : 14,243
  epoch                       : 2,145 / 3,000
  frames                      : 351,436,800


Policy 0: 
Timing:
  Play time               : 10.483 s
  Update time             : 1.011 s
  Time to train epoch     : 11.495 s


Statistics:
  fps step                    : 15,889
  fps step + policy inference : 15,628
  fps total                   : 14,253
  epoch                       : 2,146 / 3,000
  frames                      : 351,600,640


Policy 0: 
Timing:
  Play time               : 10.496 s
  Update time             : 1.007 s
  Time to train epoch     : 11.503 s


Statistics:
  fps step                    : 15,861
  fps step + policy inference : 15,610
  fps total                   : 14,244
  epoch                       : 2,147 / 3,000
  frames                      : 351,764,480


Policy 0: 
Timing:
  Play time               : 10.481 s
  Update time             : 0.972 s
  Time to train epoch     : 11.453 s


Statistics:
  fps step                    : 15,878
  fps step + policy inference : 15,632
  fps total                   : 14,305
  epoch                       : 2,148 / 3,000
  frames                      : 351,928,320


Policy 0: 
Timing:
  Play time               : 10.473 s
  Update time             : 0.914 s
  Time to train epoch     : 11.388 s


Statistics:
  fps step                    : 15,883
  fps step + policy inference : 15,643
  fps total                   : 14,387
  epoch                       : 2,149 / 3,000
  frames                      : 352,092,160


Policy 0: 
Timing:
  Play time               : 10.480 s
  Update time             : 0.848 s
  Time to train epoch     : 11.328 s


Statistics:
  fps step                    : 15,876
  fps step + policy inference : 15,633
  fps total                   : 14,463
  epoch                       : 2,150 / 3,000
  frames                      : 352,256,000


Policy 0: 
Timing:
  Play time               : 10.441 s
  Update time             : 0.863 s
  Time to train epoch     : 11.304 s


Statistics:
  fps step                    : 15,933
  fps step + policy inference : 15,693
  fps total                   : 14,494
  epoch                       : 2,151 / 3,000
  frames                      : 352,419,840


Policy 0: 
Timing:
  Play time               : 10.466 s
  Update time             : 0.888 s
  Time to train epoch     : 11.355 s


Statistics:
  fps step                    : 15,894
  fps step + policy inference : 15,654
  fps total                   : 14,429
  epoch                       : 2,152 / 3,000
  frames                      : 352,583,680


Policy 0: 
Timing:
  Play time               : 10.493 s
  Update time             : 0.924 s
  Time to train epoch     : 11.416 s


Statistics:
  fps step                    : 15,870
  fps step + policy inference : 15,615
  fps total                   : 14,351
  epoch                       : 2,153 / 3,000
  frames                      : 352,747,520


Policy 0: 
Timing:
  Play time               : 10.537 s
  Update time             : 1.033 s
  Time to train epoch     : 11.570 s


Statistics:
  fps step                    : 15,831
  fps step + policy inference : 15,549
  fps total                   : 14,161
  epoch                       : 2,154 / 3,000
  frames                      : 352,911,360


Policy 0: 
Timing:
  Play time               : 10.507 s
  Update time             : 1.038 s
  Time to train epoch     : 11.545 s


Statistics:
  fps step                    : 15,899
  fps step + policy inference : 15,593
  fps total                   : 14,191
  epoch                       : 2,155 / 3,000
  frames                      : 353,075,200


Policy 0: 
Timing:
  Play time               : 10.570 s
  Update time             : 1.041 s
  Time to train epoch     : 11.611 s


Statistics:
  fps step                    : 15,834
  fps step + policy inference : 15,500
  fps total                   : 14,110
  epoch                       : 2,156 / 3,000
  frames                      : 353,239,040


Policy 0: 
Timing:
  Play time               : 10.636 s
  Update time             : 1.044 s
  Time to train epoch     : 11.680 s


Statistics:
  fps step                    : 15,771
  fps step + policy inference : 15,405
  fps total                   : 14,028
  epoch                       : 2,157 / 3,000
  frames                      : 353,402,880


Policy 0: 
Timing:
  Play time               : 10.716 s
  Update time             : 0.973 s
  Time to train epoch     : 11.688 s


Statistics:
  fps step                    : 15,705
  fps step + policy inference : 15,290
  fps total                   : 14,017
  epoch                       : 2,158 / 3,000
  frames                      : 353,566,720


Policy 0: 
Timing:
  Play time               : 10.639 s
  Update time             : 0.948 s
  Time to train epoch     : 11.587 s


Statistics:
  fps step                    : 15,758
  fps step + policy inference : 15,399
  fps total                   : 14,140
  epoch                       : 2,159 / 3,000
  frames                      : 353,730,560


Policy 0: 
Timing:
  Play time               : 10.643 s
  Update time             : 0.971 s
  Time to train epoch     : 11.614 s


Statistics:
  fps step                    : 15,742
  fps step + policy inference : 15,394
  fps total                   : 14,107
  epoch                       : 2,160 / 3,000
  frames                      : 353,894,400


Policy 0: 
Timing:
  Play time               : 10.613 s
  Update time             : 0.965 s
  Time to train epoch     : 11.578 s


Statistics:
  fps step                    : 15,772
  fps step + policy inference : 15,437
  fps total                   : 14,150
  epoch                       : 2,161 / 3,000
  frames                      : 354,058,240


Policy 0: 
Timing:
  Play time               : 10.602 s
  Update time             : 0.953 s
  Time to train epoch     : 11.555 s


Statistics:
  fps step                    : 15,769
  fps step + policy inference : 15,454
  fps total                   : 14,180
  epoch                       : 2,162 / 3,000
  frames                      : 354,222,080


Policy 0: 
Timing:
  Play time               : 10.553 s
  Update time             : 0.981 s
  Time to train epoch     : 11.534 s


Statistics:
  fps step                    : 15,816
  fps step + policy inference : 15,525
  fps total                   : 14,205
  epoch                       : 2,163 / 3,000
  frames                      : 354,385,920


Policy 0: 
Timing:
  Play time               : 10.509 s
  Update time             : 1.080 s
  Time to train epoch     : 11.590 s


Statistics:
  fps step                    : 15,869
  fps step + policy inference : 15,590
  fps total                   : 14,137
  epoch                       : 2,164 / 3,000
  frames                      : 354,549,760


Policy 0: 
Timing:
  Play time               : 10.513 s
  Update time             : 1.070 s
  Time to train epoch     : 11.582 s


Statistics:
  fps step                    : 15,849
  fps step + policy inference : 15,585
  fps total                   : 14,146
  epoch                       : 2,165 / 3,000
  frames                      : 354,713,600


Policy 0: 
Timing:
  Play time               : 10.479 s
  Update time             : 0.972 s
  Time to train epoch     : 11.451 s


Statistics:
  fps step                    : 15,893
  fps step + policy inference : 15,635
  fps total                   : 14,308
  epoch                       : 2,166 / 3,000
  frames                      : 354,877,440


Policy 0: 
Timing:
  Play time               : 10.492 s
  Update time             : 0.927 s
  Time to train epoch     : 11.419 s


Statistics:
  fps step                    : 15,870
  fps step + policy inference : 15,616
  fps total                   : 14,347
  epoch                       : 2,167 / 3,000
  frames                      : 355,041,280


Policy 0: 
Timing:
  Play time               : 10.476 s
  Update time             : 0.895 s
  Time to train epoch     : 11.370 s


Statistics:
  fps step                    : 15,881
  fps step + policy inference : 15,640
  fps total                   : 14,410
  epoch                       : 2,168 / 3,000
  frames                      : 355,205,120


Policy 0: 
Timing:
  Play time               : 10.459 s
  Update time             : 0.861 s
  Time to train epoch     : 11.319 s


Statistics:
  fps step                    : 15,900
  fps step + policy inference : 15,665
  fps total                   : 14,474
  epoch                       : 2,169 / 3,000
  frames                      : 355,368,960


Policy 0: 
Timing:
  Play time               : 10.514 s
  Update time             : 0.872 s
  Time to train epoch     : 11.386 s


Statistics:
  fps step                    : 15,822
  fps step + policy inference : 15,583
  fps total                   : 14,390
  epoch                       : 2,170 / 3,000
  frames                      : 355,532,800


Policy 0: 
Timing:
  Play time               : 10.499 s
  Update time             : 0.959 s
  Time to train epoch     : 11.458 s


Statistics:
  fps step                    : 15,846
  fps step + policy inference : 15,605
  fps total                   : 14,299
  epoch                       : 2,171 / 3,000
  frames                      : 355,696,640


Policy 0: 
Timing:
  Play time               : 10.503 s
  Update time             : 1.031 s
  Time to train epoch     : 11.535 s


Statistics:
  fps step                    : 15,849
  fps step + policy inference : 15,599
  fps total                   : 14,204
  epoch                       : 2,172 / 3,000
  frames                      : 355,860,480


Policy 0: 
Timing:
  Play time               : 10.530 s
  Update time             : 1.023 s
  Time to train epoch     : 11.553 s


Statistics:
  fps step                    : 15,830
  fps step + policy inference : 15,559
  fps total                   : 14,182
  epoch                       : 2,173 / 3,000
  frames                      : 356,024,320


Policy 0: 
Timing:
  Play time               : 10.570 s
  Update time             : 0.990 s
  Time to train epoch     : 11.560 s


Statistics:
  fps step                    : 15,799
  fps step + policy inference : 15,501
  fps total                   : 14,173
  epoch                       : 2,174 / 3,000
  frames                      : 356,188,160


Policy 0: 
Timing:
  Play time               : 10.586 s
  Update time             : 0.957 s
  Time to train epoch     : 11.543 s


Statistics:
  fps step                    : 15,795
  fps step + policy inference : 15,477
  fps total                   : 14,194
  epoch                       : 2,175 / 3,000
  frames                      : 356,352,000


Policy 0: 
Timing:
  Play time               : 10.650 s
  Update time             : 1.089 s
  Time to train epoch     : 11.739 s


Statistics:
  fps step                    : 15,718
  fps step + policy inference : 15,384
  fps total                   : 13,957
  epoch                       : 2,176 / 3,000
  frames                      : 356,515,840


Policy 0: 
Timing:
  Play time               : 10.682 s
  Update time             : 1.110 s
  Time to train epoch     : 11.792 s


Statistics:
  fps step                    : 15,694
  fps step + policy inference : 15,337
  fps total                   : 13,894
  epoch                       : 2,177 / 3,000
  frames                      : 356,679,680


Policy 0: 
Timing:
  Play time               : 10.659 s
  Update time             : 1.110 s
  Time to train epoch     : 11.769 s


Statistics:
  fps step                    : 15,722
  fps step + policy inference : 15,371
  fps total                   : 13,921
  epoch                       : 2,178 / 3,000
  frames                      : 356,843,520


Policy 0: 
Timing:
  Play time               : 10.671 s
  Update time             : 1.140 s
  Time to train epoch     : 11.811 s


Statistics:
  fps step                    : 15,737
  fps step + policy inference : 15,354
  fps total                   : 13,872
  epoch                       : 2,179 / 3,000
  frames                      : 357,007,360


Policy 0: 
Timing:
  Play time               : 10.557 s
  Update time             : 1.030 s
  Time to train epoch     : 11.587 s


Statistics:
  fps step                    : 15,852
  fps step + policy inference : 15,520
  fps total                   : 14,140
  epoch                       : 2,180 / 3,000
  frames                      : 357,171,200


Policy 0: 
Timing:
  Play time               : 10.522 s
  Update time             : 1.110 s
  Time to train epoch     : 11.633 s


Statistics:
  fps step                    : 15,897
  fps step + policy inference : 15,571
  fps total                   : 14,084
  epoch                       : 2,181 / 3,000
  frames                      : 357,335,040


Policy 0: 
Timing:
  Play time               : 10.557 s
  Update time             : 1.068 s
  Time to train epoch     : 11.625 s


Statistics:
  fps step                    : 15,825
  fps step + policy inference : 15,520
  fps total                   : 14,094
  epoch                       : 2,182 / 3,000
  frames                      : 357,498,880


Policy 0: 
Timing:
  Play time               : 10.489 s
  Update time             : 1.057 s
  Time to train epoch     : 11.546 s


Statistics:
  fps step                    : 15,909
  fps step + policy inference : 15,620
  fps total                   : 14,190
  epoch                       : 2,183 / 3,000
  frames                      : 357,662,720


Policy 0: 
Timing:
  Play time               : 10.450 s
  Update time             : 1.104 s
  Time to train epoch     : 11.554 s


Statistics:
  fps step                    : 15,956
  fps step + policy inference : 15,678
  fps total                   : 14,180
  epoch                       : 2,184 / 3,000
  frames                      : 357,826,560


Policy 0: 
Timing:
  Play time               : 10.466 s
  Update time             : 1.053 s
  Time to train epoch     : 11.519 s


Statistics:
  fps step                    : 15,922
  fps step + policy inference : 15,655
  fps total                   : 14,224
  epoch                       : 2,185 / 3,000
  frames                      : 357,990,400


Policy 0: 
Timing:
  Play time               : 10.446 s
  Update time             : 1.085 s
  Time to train epoch     : 11.531 s


Statistics:
  fps step                    : 15,944
  fps step + policy inference : 15,684
  fps total                   : 14,209
  epoch                       : 2,186 / 3,000
  frames                      : 358,154,240


Policy 0: 
Timing:
  Play time               : 10.402 s
  Update time             : 1.019 s
  Time to train epoch     : 11.421 s


Statistics:
  fps step                    : 16,008
  fps step + policy inference : 15,751
  fps total                   : 14,346
  epoch                       : 2,187 / 3,000
  frames                      : 358,318,080


Policy 0: 
Timing:
  Play time               : 10.387 s
  Update time             : 1.006 s
  Time to train epoch     : 11.393 s


Statistics:
  fps step                    : 16,021
  fps step + policy inference : 15,774
  fps total                   : 14,381
  epoch                       : 2,188 / 3,000
  frames                      : 358,481,920


Policy 0: 
Timing:
  Play time               : 10.384 s
  Update time             : 0.994 s
  Time to train epoch     : 11.378 s


Statistics:
  fps step                    : 16,023
  fps step + policy inference : 15,779
  fps total                   : 14,400
  epoch                       : 2,189 / 3,000
  frames                      : 358,645,760


Policy 0: 
Timing:
  Play time               : 10.446 s
  Update time             : 0.919 s
  Time to train epoch     : 11.365 s


Statistics:
  fps step                    : 15,933
  fps step + policy inference : 15,684
  fps total                   : 14,417
  epoch                       : 2,190 / 3,000
  frames                      : 358,809,600


Policy 0: 
Timing:
  Play time               : 10.357 s
  Update time             : 0.981 s
  Time to train epoch     : 11.338 s


Statistics:
  fps step                    : 16,077
  fps step + policy inference : 15,819
  fps total                   : 14,450
  epoch                       : 2,191 / 3,000
  frames                      : 358,973,440


Policy 0: 
Timing:
  Play time               : 10.447 s
  Update time             : 1.104 s
  Time to train epoch     : 11.551 s


Statistics:
  fps step                    : 15,955
  fps step + policy inference : 15,683
  fps total                   : 14,184
  epoch                       : 2,192 / 3,000
  frames                      : 359,137,280


Policy 0: 
Timing:
  Play time               : 10.535 s
  Update time             : 1.054 s
  Time to train epoch     : 11.588 s


Statistics:
  fps step                    : 15,836
  fps step + policy inference : 15,553
  fps total                   : 14,138
  epoch                       : 2,193 / 3,000
  frames                      : 359,301,120


Policy 0: 
Timing:
  Play time               : 10.540 s
  Update time             : 0.950 s
  Time to train epoch     : 11.490 s


Statistics:
  fps step                    : 15,853
  fps step + policy inference : 15,545
  fps total                   : 14,260
  epoch                       : 2,194 / 3,000
  frames                      : 359,464,960


Policy 0: 
Timing:
  Play time               : 10.534 s
  Update time             : 1.064 s
  Time to train epoch     : 11.599 s


Statistics:
  fps step                    : 15,882
  fps step + policy inference : 15,553
  fps total                   : 14,126
  epoch                       : 2,195 / 3,000
  frames                      : 359,628,800


Policy 0: 
Timing:
  Play time               : 10.569 s
  Update time             : 1.108 s
  Time to train epoch     : 11.678 s


Statistics:
  fps step                    : 15,869
  fps step + policy inference : 15,501
  fps total                   : 14,030
  epoch                       : 2,196 / 3,000
  frames                      : 359,792,640


Policy 0: 
Timing:
  Play time               : 10.530 s
  Update time             : 1.050 s
  Time to train epoch     : 11.580 s


Statistics:
  fps step                    : 15,929
  fps step + policy inference : 15,560
  fps total                   : 14,149
  epoch                       : 2,197 / 3,000
  frames                      : 359,956,480


Policy 0: 
Timing:
  Play time               : 10.630 s
  Update time             : 0.972 s
  Time to train epoch     : 11.602 s


Statistics:
  fps step                    : 15,769
  fps step + policy inference : 15,413
  fps total                   : 14,122
  epoch                       : 2,198 / 3,000
  frames                      : 360,120,320


Policy 0: 
Timing:
  Play time               : 10.639 s
  Update time             : 0.990 s
  Time to train epoch     : 11.629 s


Statistics:
  fps step                    : 15,745
  fps step + policy inference : 15,400
  fps total                   : 14,089
  epoch                       : 2,199 / 3,000
  frames                      : 360,284,160


Policy 0: 
Timing:
  Play time               : 10.645 s
  Update time             : 1.117 s
  Time to train epoch     : 11.762 s


Statistics:
  fps step                    : 15,727
  fps step + policy inference : 15,391
  fps total                   : 13,930
  epoch                       : 2,200 / 3,000
  frames                      : 360,448,000


Policy 0: 
Timing:
  Play time               : 10.595 s
  Update time             : 1.080 s
  Time to train epoch     : 11.675 s


Statistics:
  fps step                    : 15,775
  fps step + policy inference : 15,464
  fps total                   : 14,034
  epoch                       : 2,201 / 3,000
  frames                      : 360,611,840


Policy 0: 
Timing:
  Play time               : 10.543 s
  Update time             : 0.977 s
  Time to train epoch     : 11.520 s


Statistics:
  fps step                    : 15,838
  fps step + policy inference : 15,540
  fps total                   : 14,222
  epoch                       : 2,202 / 3,000
  frames                      : 360,775,680


Policy 0: 
Timing:
  Play time               : 10.457 s
  Update time             : 0.950 s
  Time to train epoch     : 11.407 s


Statistics:
  fps step                    : 15,952
  fps step + policy inference : 15,669
  fps total                   : 14,363
  epoch                       : 2,203 / 3,000
  frames                      : 360,939,520


Policy 0: 
Timing:
  Play time               : 10.538 s
  Update time             : 1.058 s
  Time to train epoch     : 11.595 s


Statistics:
  fps step                    : 15,823
  fps step + policy inference : 15,548
  fps total                   : 14,130
  epoch                       : 2,204 / 3,000
  frames                      : 361,103,360


Policy 0: 
Timing:
  Play time               : 10.448 s
  Update time             : 1.109 s
  Time to train epoch     : 11.557 s


Statistics:
  fps step                    : 15,944
  fps step + policy inference : 15,682
  fps total                   : 14,177
  epoch                       : 2,205 / 3,000
  frames                      : 361,267,200


Policy 0: 
Timing:
  Play time               : 10.463 s
  Update time             : 0.999 s
  Time to train epoch     : 11.463 s


Statistics:
  fps step                    : 15,912
  fps step + policy inference : 15,658
  fps total                   : 14,293
  epoch                       : 2,206 / 3,000
  frames                      : 361,431,040


Policy 0: 
Timing:
  Play time               : 10.490 s
  Update time             : 0.930 s
  Time to train epoch     : 11.420 s


Statistics:
  fps step                    : 15,866
  fps step + policy inference : 15,618
  fps total                   : 14,347
  epoch                       : 2,207 / 3,000
  frames                      : 361,594,880


Policy 0: 
Timing:
  Play time               : 10.448 s
  Update time             : 0.909 s
  Time to train epoch     : 11.357 s


Statistics:
  fps step                    : 15,930
  fps step + policy inference : 15,681
  fps total                   : 14,426
  epoch                       : 2,208 / 3,000
  frames                      : 361,758,720


Policy 0: 
Timing:
  Play time               : 10.433 s
  Update time             : 0.986 s
  Time to train epoch     : 11.419 s


Statistics:
  fps step                    : 15,958
  fps step + policy inference : 15,705
  fps total                   : 14,349
  epoch                       : 2,209 / 3,000
  frames                      : 361,922,560


Policy 0: 
Timing:
  Play time               : 10.431 s
  Update time             : 1.072 s
  Time to train epoch     : 11.503 s


Statistics:
  fps step                    : 15,959
  fps step + policy inference : 15,708
  fps total                   : 14,244
  epoch                       : 2,210 / 3,000
  frames                      : 362,086,400


Policy 0: 
Timing:
  Play time               : 10.502 s
  Update time             : 1.055 s
  Time to train epoch     : 11.557 s


Statistics:
  fps step                    : 15,862
  fps step + policy inference : 15,600
  fps total                   : 14,177
  epoch                       : 2,211 / 3,000
  frames                      : 362,250,240


Policy 0: 
Timing:
  Play time               : 10.553 s
  Update time             : 0.960 s
  Time to train epoch     : 11.514 s


Statistics:
  fps step                    : 15,798
  fps step + policy inference : 15,525
  fps total                   : 14,230
  epoch                       : 2,212 / 3,000
  frames                      : 362,414,080


Policy 0: 
Timing:
  Play time               : 10.591 s
  Update time             : 0.967 s
  Time to train epoch     : 11.558 s


Statistics:
  fps step                    : 15,767
  fps step + policy inference : 15,469
  fps total                   : 14,175
  epoch                       : 2,213 / 3,000
  frames                      : 362,577,920


Policy 0: 
Timing:
  Play time               : 10.576 s
  Update time             : 1.087 s
  Time to train epoch     : 11.664 s


Statistics:
  fps step                    : 15,812
  fps step + policy inference : 15,491
  fps total                   : 14,047
  epoch                       : 2,214 / 3,000
  frames                      : 362,741,760


Policy 0: 
Timing:
  Play time               : 10.587 s
  Update time             : 1.081 s
  Time to train epoch     : 11.668 s


Statistics:
  fps step                    : 15,810
  fps step + policy inference : 15,475
  fps total                   : 14,042
  epoch                       : 2,215 / 3,000
  frames                      : 362,905,600


Policy 0: 
Timing:
  Play time               : 10.615 s
  Update time             : 0.999 s
  Time to train epoch     : 11.614 s


Statistics:
  fps step                    : 15,781
  fps step + policy inference : 15,435
  fps total                   : 14,107
  epoch                       : 2,216 / 3,000
  frames                      : 363,069,440


Policy 0: 
Timing:
  Play time               : 10.603 s
  Update time             : 0.961 s
  Time to train epoch     : 11.565 s


Statistics:
  fps step                    : 15,796
  fps step + policy inference : 15,452
  fps total                   : 14,167
  epoch                       : 2,217 / 3,000
  frames                      : 363,233,280


Policy 0: 
Timing:
  Play time               : 10.634 s
  Update time             : 0.953 s
  Time to train epoch     : 11.587 s


Statistics:
  fps step                    : 15,751
  fps step + policy inference : 15,407
  fps total                   : 14,141
  epoch                       : 2,218 / 3,000
  frames                      : 363,397,120


Policy 0: 
Timing:
  Play time               : 10.614 s
  Update time             : 0.963 s
  Time to train epoch     : 11.576 s


Statistics:
  fps step                    : 15,766
  fps step + policy inference : 15,436
  fps total                   : 14,153
  epoch                       : 2,219 / 3,000
  frames                      : 363,560,960


Policy 0: 
Timing:
  Play time               : 10.570 s
  Update time             : 1.090 s
  Time to train epoch     : 11.659 s


Statistics:
  fps step                    : 15,821
  fps step + policy inference : 15,501
  fps total                   : 14,052
  epoch                       : 2,220 / 3,000
  frames                      : 363,724,800


Policy 0: 
Timing:
  Play time               : 10.519 s
  Update time             : 1.099 s
  Time to train epoch     : 11.617 s


Statistics:
  fps step                    : 15,886
  fps step + policy inference : 15,576
  fps total                   : 14,103
  epoch                       : 2,221 / 3,000
  frames                      : 363,888,640


Policy 0: 
Timing:
  Play time               : 10.513 s
  Update time             : 0.997 s
  Time to train epoch     : 11.510 s


Statistics:
  fps step                    : 15,878
  fps step + policy inference : 15,585
  fps total                   : 14,235
  epoch                       : 2,222 / 3,000
  frames                      : 364,052,480


Policy 0: 
Timing:
  Play time               : 10.537 s
  Update time             : 1.010 s
  Time to train epoch     : 11.547 s


Statistics:
  fps step                    : 15,833
  fps step + policy inference : 15,549
  fps total                   : 14,189
  epoch                       : 2,223 / 3,000
  frames                      : 364,216,320


Policy 0: 
Timing:
  Play time               : 10.470 s
  Update time             : 0.944 s
  Time to train epoch     : 11.413 s


Statistics:
  fps step                    : 15,919
  fps step + policy inference : 15,649
  fps total                   : 14,355
  epoch                       : 2,224 / 3,000
  frames                      : 364,380,160


Policy 0: 
Timing:
  Play time               : 10.428 s
  Update time             : 0.998 s
  Time to train epoch     : 11.426 s


Statistics:
  fps step                    : 15,977
  fps step + policy inference : 15,712
  fps total                   : 14,339
  epoch                       : 2,225 / 3,000
  frames                      : 364,544,000


Policy 0: 
Timing:
  Play time               : 10.439 s
  Update time             : 1.058 s
  Time to train epoch     : 11.498 s


Statistics:
  fps step                    : 15,951
  fps step + policy inference : 15,695
  fps total                   : 14,250
  epoch                       : 2,226 / 3,000
  frames                      : 364,707,840


Policy 0: 
Timing:
  Play time               : 10.435 s
  Update time             : 1.009 s
  Time to train epoch     : 11.444 s


Statistics:
  fps step                    : 15,955
  fps step + policy inference : 15,701
  fps total                   : 14,317
  epoch                       : 2,227 / 3,000
  frames                      : 364,871,680


Policy 0: 
Timing:
  Play time               : 10.404 s
  Update time             : 0.916 s
  Time to train epoch     : 11.320 s


Statistics:
  fps step                    : 15,997
  fps step + policy inference : 15,748
  fps total                   : 14,473
  epoch                       : 2,228 / 3,000
  frames                      : 365,035,520


Policy 0: 
Timing:
  Play time               : 10.446 s
  Update time             : 0.901 s
  Time to train epoch     : 11.347 s


Statistics:
  fps step                    : 15,936
  fps step + policy inference : 15,684
  fps total                   : 14,439
  epoch                       : 2,229 / 3,000
  frames                      : 365,199,360


Policy 0: 
Timing:
  Play time               : 10.456 s
  Update time             : 0.930 s
  Time to train epoch     : 11.385 s


Statistics:
  fps step                    : 15,928
  fps step + policy inference : 15,670
  fps total                   : 14,390
  epoch                       : 2,230 / 3,000
  frames                      : 365,363,200


Policy 0: 
Timing:
  Play time               : 10.480 s
  Update time             : 1.028 s
  Time to train epoch     : 11.508 s


Statistics:
  fps step                    : 15,905
  fps step + policy inference : 15,634
  fps total                   : 14,237
  epoch                       : 2,231 / 3,000
  frames                      : 365,527,040


Policy 0: 
Timing:
  Play time               : 10.505 s
  Update time             : 1.087 s
  Time to train epoch     : 11.592 s


Statistics:
  fps step                    : 15,884
  fps step + policy inference : 15,597
  fps total                   : 14,134
  epoch                       : 2,232 / 3,000
  frames                      : 365,690,880


Policy 0: 
Timing:
  Play time               : 10.528 s
  Update time             : 1.063 s
  Time to train epoch     : 11.591 s


Statistics:
  fps step                    : 15,867
  fps step + policy inference : 15,562
  fps total                   : 14,135
  epoch                       : 2,233 / 3,000
  frames                      : 365,854,720


Policy 0: 
Timing:
  Play time               : 10.548 s
  Update time             : 1.016 s
  Time to train epoch     : 11.564 s


Statistics:
  fps step                    : 15,858
  fps step + policy inference : 15,533
  fps total                   : 14,169
  epoch                       : 2,234 / 3,000
  frames                      : 366,018,560


Policy 0: 
Timing:
  Play time               : 10.585 s
  Update time             : 0.955 s
  Time to train epoch     : 11.540 s


Statistics:
  fps step                    : 15,814
  fps step + policy inference : 15,479
  fps total                   : 14,197
  epoch                       : 2,235 / 3,000
  frames                      : 366,182,400


Policy 0: 
Timing:
  Play time               : 10.645 s
  Update time             : 0.954 s
  Time to train epoch     : 11.599 s


Statistics:
  fps step                    : 15,734
  fps step + policy inference : 15,391
  fps total                   : 14,126
  epoch                       : 2,236 / 3,000
  frames                      : 366,346,240


Policy 0: 
Timing:
  Play time               : 10.641 s
  Update time             : 1.010 s
  Time to train epoch     : 11.651 s


Statistics:
  fps step                    : 15,745
  fps step + policy inference : 15,397
  fps total                   : 14,062
  epoch                       : 2,237 / 3,000
  frames                      : 366,510,080


Policy 0: 
Timing:
  Play time               : 10.607 s
  Update time             : 1.094 s
  Time to train epoch     : 11.701 s


Statistics:
  fps step                    : 15,783
  fps step + policy inference : 15,447
  fps total                   : 14,002
  epoch                       : 2,238 / 3,000
  frames                      : 366,673,920


Policy 0: 
Timing:
  Play time               : 10.586 s
  Update time             : 1.078 s
  Time to train epoch     : 11.664 s


Statistics:
  fps step                    : 15,795
  fps step + policy inference : 15,476
  fps total                   : 14,047
  epoch                       : 2,239 / 3,000
  frames                      : 366,837,760


Policy 0: 
Timing:
  Play time               : 10.576 s
  Update time             : 1.022 s
  Time to train epoch     : 11.597 s


Statistics:
  fps step                    : 15,806
  fps step + policy inference : 15,492
  fps total                   : 14,127
  epoch                       : 2,240 / 3,000
  frames                      : 367,001,600


Policy 0: 
Timing:
  Play time               : 10.559 s
  Update time             : 0.967 s
  Time to train epoch     : 11.526 s


Statistics:
  fps step                    : 15,821
  fps step + policy inference : 15,517
  fps total                   : 14,215
  epoch                       : 2,241 / 3,000
  frames                      : 367,165,440


Policy 0: 
Timing:
  Play time               : 10.511 s
  Update time             : 0.953 s
  Time to train epoch     : 11.465 s


Statistics:
  fps step                    : 15,880
  fps step + policy inference : 15,587
  fps total                   : 14,291
  epoch                       : 2,242 / 3,000
  frames                      : 367,329,280


Policy 0: 
Timing:
  Play time               : 10.528 s
  Update time             : 0.970 s
  Time to train epoch     : 11.498 s


Statistics:
  fps step                    : 15,845
  fps step + policy inference : 15,563
  fps total                   : 14,249
  epoch                       : 2,243 / 3,000
  frames                      : 367,493,120


Policy 0: 
Timing:
  Play time               : 10.531 s
  Update time             : 1.025 s
  Time to train epoch     : 11.557 s


Statistics:
  fps step                    : 15,826
  fps step + policy inference : 15,557
  fps total                   : 14,177
  epoch                       : 2,244 / 3,000
  frames                      : 367,656,960


Policy 0: 
Timing:
  Play time               : 10.521 s
  Update time             : 1.057 s
  Time to train epoch     : 11.579 s


Statistics:
  fps step                    : 15,834
  fps step + policy inference : 15,572
  fps total                   : 14,150
  epoch                       : 2,245 / 3,000
  frames                      : 367,820,800


Policy 0: 
Timing:
  Play time               : 10.516 s
  Update time             : 1.022 s
  Time to train epoch     : 11.539 s


Statistics:
  fps step                    : 15,836
  fps step + policy inference : 15,580
  fps total                   : 14,199
  epoch                       : 2,246 / 3,000
  frames                      : 367,984,640


Policy 0: 
Timing:
  Play time               : 10.488 s
  Update time             : 0.880 s
  Time to train epoch     : 11.369 s


Statistics:
  fps step                    : 15,872
  fps step + policy inference : 15,621
  fps total                   : 14,412
  epoch                       : 2,247 / 3,000
  frames                      : 368,148,480


Policy 0: 
Timing:
  Play time               : 10.519 s
  Update time             : 0.908 s
  Time to train epoch     : 11.427 s


Statistics:
  fps step                    : 15,824
  fps step + policy inference : 15,575
  fps total                   : 14,338
  epoch                       : 2,248 / 3,000
  frames                      : 368,312,320


Policy 0: 
Timing:
  Play time               : 10.483 s
  Update time             : 0.946 s
  Time to train epoch     : 11.429 s


Statistics:
  fps step                    : 15,884
  fps step + policy inference : 15,629
  fps total                   : 14,335
  epoch                       : 2,249 / 3,000
  frames                      : 368,476,160


Policy 0: 
Timing:
  Play time               : 10.508 s
  Update time             : 1.002 s
  Time to train epoch     : 11.510 s


Statistics:
  fps step                    : 15,864
  fps step + policy inference : 15,592
  fps total                   : 14,235
  epoch                       : 2,250 / 3,000
  frames                      : 368,640,000


Policy 0: Saved recovery checkpoint runs/hold_integrate_shared_seed2903/checkpoints/epoch_002250.pth; evaluation_due=False

Timing:
  Play time               : 10.521 s
  Update time             : 1.027 s
  Time to train epoch     : 11.548 s


Statistics:
  fps step                    : 15,852
  fps step + policy inference : 15,573
  fps total                   : 14,188
  epoch                       : 2,251 / 3,000
  frames                      : 368,803,840


Policy 0: 
Timing:
  Play time               : 10.554 s
  Update time             : 1.076 s
  Time to train epoch     : 11.630 s


Statistics:
  fps step                    : 15,827
  fps step + policy inference : 15,525
  fps total                   : 14,088
  epoch                       : 2,252 / 3,000
  frames                      : 368,967,680


Policy 0: 
Timing:
  Play time               : 10.562 s
  Update time             : 1.057 s
  Time to train epoch     : 11.619 s


Statistics:
  fps step                    : 15,821
  fps step + policy inference : 15,512
  fps total                   : 14,101
  epoch                       : 2,253 / 3,000
  frames                      : 369,131,520


Policy 0: 
Timing:
  Play time               : 10.546 s
  Update time             : 0.961 s
  Time to train epoch     : 11.507 s


Statistics:
  fps step                    : 15,864
  fps step + policy inference : 15,536
  fps total                   : 14,238
  epoch                       : 2,254 / 3,000
  frames                      : 369,295,360


Policy 0: 
Timing:
  Play time               : 10.654 s
  Update time             : 0.963 s
  Time to train epoch     : 11.617 s


Statistics:
  fps step                    : 15,718
  fps step + policy inference : 15,378
  fps total                   : 14,103
  epoch                       : 2,255 / 3,000
  frames                      : 369,459,200


Policy 0: 
Timing:
  Play time               : 10.672 s
  Update time             : 0.971 s
  Time to train epoch     : 11.644 s


Statistics:
  fps step                    : 15,693
  fps step + policy inference : 15,352
  fps total                   : 14,071
  epoch                       : 2,256 / 3,000
  frames                      : 369,623,040


Policy 0: 
Timing:
  Play time               : 10.645 s
  Update time             : 0.967 s
  Time to train epoch     : 11.613 s


Statistics:
  fps step                    : 15,729
  fps step + policy inference : 15,391
  fps total                   : 14,109
  epoch                       : 2,257 / 3,000
  frames                      : 369,786,880


Policy 0: 
Timing:
  Play time               : 10.582 s
  Update time             : 1.028 s
  Time to train epoch     : 11.611 s


Statistics:
  fps step                    : 15,817
  fps step + policy inference : 15,483
  fps total                   : 14,111
  epoch                       : 2,258 / 3,000
  frames                      : 369,950,720


Policy 0: 
Timing:
  Play time               : 10.565 s
  Update time             : 1.101 s
  Time to train epoch     : 11.667 s


Statistics:
  fps step                    : 15,824
  fps step + policy inference : 15,507
  fps total                   : 14,044
  epoch                       : 2,259 / 3,000
  frames                      : 370,114,560


Policy 0: 
Timing:
  Play time               : 10.543 s
  Update time             : 1.059 s
  Time to train epoch     : 11.602 s


Statistics:
  fps step                    : 15,850
  fps step + policy inference : 15,541
  fps total                   : 14,122
  epoch                       : 2,260 / 3,000
  frames                      : 370,278,400


Policy 0: 
Timing:
  Play time               : 10.525 s
  Update time             : 1.000 s
  Time to train epoch     : 11.525 s


Statistics:
  fps step                    : 15,863
  fps step + policy inference : 15,567
  fps total                   : 14,216
  epoch                       : 2,261 / 3,000
  frames                      : 370,442,240


Policy 0: 
Timing:
  Play time               : 10.502 s
  Update time             : 0.956 s
  Time to train epoch     : 11.458 s


Statistics:
  fps step                    : 15,888
  fps step + policy inference : 15,601
  fps total                   : 14,300
  epoch                       : 2,262 / 3,000
  frames                      : 370,606,080


Policy 0: 
Timing:
  Play time               : 10.497 s
  Update time             : 0.963 s
  Time to train epoch     : 11.461 s


Statistics:
  fps step                    : 15,885
  fps step + policy inference : 15,608
  fps total                   : 14,296
  epoch                       : 2,263 / 3,000
  frames                      : 370,769,920


Policy 0: 
Timing:
  Play time               : 10.457 s
  Update time             : 0.949 s
  Time to train epoch     : 11.406 s


Statistics:
  fps step                    : 15,937
  fps step + policy inference : 15,668
  fps total                   : 14,365
  epoch                       : 2,264 / 3,000
  frames                      : 370,933,760


Policy 0: 
Timing:
  Play time               : 10.465 s
  Update time             : 0.940 s
  Time to train epoch     : 11.405 s


Statistics:
  fps step                    : 15,917
  fps step + policy inference : 15,656
  fps total                   : 14,366
  epoch                       : 2,265 / 3,000
  frames                      : 371,097,600


Policy 0: 
Timing:
  Play time               : 10.459 s
  Update time             : 0.976 s
  Time to train epoch     : 11.435 s


Statistics:
  fps step                    : 15,921
  fps step + policy inference : 15,665
  fps total                   : 14,328
  epoch                       : 2,266 / 3,000
  frames                      : 371,261,440


Policy 0: 
Timing:
  Play time               : 10.460 s
  Update time             : 1.031 s
  Time to train epoch     : 11.491 s


Statistics:
  fps step                    : 15,918
  fps step + policy inference : 15,663
  fps total                   : 14,258
  epoch                       : 2,267 / 3,000
  frames                      : 371,425,280


Policy 0: 
Timing:
  Play time               : 10.442 s
  Update time             : 1.032 s
  Time to train epoch     : 11.474 s


Statistics:
  fps step                    : 15,943
  fps step + policy inference : 15,690
  fps total                   : 14,279
  epoch                       : 2,268 / 3,000
  frames                      : 371,589,120


Policy 0: 
Timing:
  Play time               : 10.461 s
  Update time             : 0.992 s
  Time to train epoch     : 11.453 s


Statistics:
  fps step                    : 15,923
  fps step + policy inference : 15,662
  fps total                   : 14,305
  epoch                       : 2,269 / 3,000
  frames                      : 371,752,960


Policy 0: 
Timing:
  Play time               : 10.491 s
  Update time             : 0.963 s
  Time to train epoch     : 11.454 s


Statistics:
  fps step                    : 15,893
  fps step + policy inference : 15,618
  fps total                   : 14,305
  epoch                       : 2,270 / 3,000
  frames                      : 371,916,800


Policy 0: 
Timing:
  Play time               : 10.537 s
  Update time             : 0.963 s
  Time to train epoch     : 11.499 s


Statistics:
  fps step                    : 15,843
  fps step + policy inference : 15,549
  fps total                   : 14,248
  epoch                       : 2,271 / 3,000
  frames                      : 372,080,640


Policy 0: 
Timing:
  Play time               : 10.560 s
  Update time             : 0.966 s
  Time to train epoch     : 11.526 s


Statistics:
  fps step                    : 15,823
  fps step + policy inference : 15,516
  fps total                   : 14,215
  epoch                       : 2,272 / 3,000
  frames                      : 372,244,480


Policy 0: 
Timing:
  Play time               : 10.579 s
  Update time             : 0.998 s
  Time to train epoch     : 11.576 s


Statistics:
  fps step                    : 15,806
  fps step + policy inference : 15,488
  fps total                   : 14,153
  epoch                       : 2,273 / 3,000
  frames                      : 372,408,320


Policy 0: 
Timing:
  Play time               : 10.587 s
  Update time             : 1.077 s
  Time to train epoch     : 11.664 s


Statistics:
  fps step                    : 15,804
  fps step + policy inference : 15,476
  fps total                   : 14,047
  epoch                       : 2,274 / 3,000
  frames                      : 372,572,160


Policy 0: 
Timing:
  Play time               : 10.603 s
  Update time             : 1.117 s
  Time to train epoch     : 11.719 s


Statistics:
  fps step                    : 15,796
  fps step + policy inference : 15,453
  fps total                   : 13,980
  epoch                       : 2,275 / 3,000
  frames                      : 372,736,000


Policy 0: 
Timing:
  Play time               : 10.609 s
  Update time             : 0.995 s
  Time to train epoch     : 11.604 s


Statistics:
  fps step                    : 15,790
  fps step + policy inference : 15,444
  fps total                   : 14,119
  epoch                       : 2,276 / 3,000
  frames                      : 372,899,840


Policy 0: 
Timing:
  Play time               : 10.602 s
  Update time             : 0.983 s
  Time to train epoch     : 11.585 s


Statistics:
  fps step                    : 15,786
  fps step + policy inference : 15,454
  fps total                   : 14,142
  epoch                       : 2,277 / 3,000
  frames                      : 373,063,680


Policy 0: 
Timing:
  Play time               : 10.537 s
  Update time             : 0.956 s
  Time to train epoch     : 11.493 s


Statistics:
  fps step                    : 15,882
  fps step + policy inference : 15,549
  fps total                   : 14,256
  epoch                       : 2,278 / 3,000
  frames                      : 373,227,520


Policy 0: 
Timing:
  Play time               : 10.478 s
  Update time             : 0.967 s
  Time to train epoch     : 11.444 s


Statistics:
  fps step                    : 15,956
  fps step + policy inference : 15,637
  fps total                   : 14,316
  epoch                       : 2,279 / 3,000
  frames                      : 373,391,360


Policy 0: 
Timing:
  Play time               : 10.421 s
  Update time             : 1.049 s
  Time to train epoch     : 11.470 s


Statistics:
  fps step                    : 16,029
  fps step + policy inference : 15,722
  fps total                   : 14,284
  epoch                       : 2,280 / 3,000
  frames                      : 373,555,200


Policy 0: 
Timing:
  Play time               : 10.451 s
  Update time             : 1.049 s
  Time to train epoch     : 11.500 s


Statistics:
  fps step                    : 15,973
  fps step + policy inference : 15,676
  fps total                   : 14,246
  epoch                       : 2,281 / 3,000
  frames                      : 373,719,040


Policy 0: 
Timing:
  Play time               : 10.432 s
  Update time             : 1.051 s
  Time to train epoch     : 11.483 s


Statistics:
  fps step                    : 15,992
  fps step + policy inference : 15,705
  fps total                   : 14,268
  epoch                       : 2,282 / 3,000
  frames                      : 373,882,880


Policy 0: 
Timing:
  Play time               : 10.455 s
  Update time             : 1.043 s
  Time to train epoch     : 11.498 s


Statistics:
  fps step                    : 15,946
  fps step + policy inference : 15,671
  fps total                   : 14,249
  epoch                       : 2,283 / 3,000
  frames                      : 374,046,720


Policy 0: 
Timing:
  Play time               : 10.447 s
  Update time             : 0.965 s
  Time to train epoch     : 11.412 s


Statistics:
  fps step                    : 15,947
  fps step + policy inference : 15,683
  fps total                   : 14,356
  epoch                       : 2,284 / 3,000
  frames                      : 374,210,560


Policy 0: 
Timing:
  Play time               : 10.409 s
  Update time             : 0.945 s
  Time to train epoch     : 11.354 s


Statistics:
  fps step                    : 16,002
  fps step + policy inference : 15,740
  fps total                   : 14,430
  epoch                       : 2,285 / 3,000
  frames                      : 374,374,400


Policy 0: 
Timing:
  Play time               : 10.378 s
  Update time             : 0.939 s
  Time to train epoch     : 11.317 s


Statistics:
  fps step                    : 16,051
  fps step + policy inference : 15,788
  fps total                   : 14,478
  epoch                       : 2,286 / 3,000
  frames                      : 374,538,240


Policy 0: 
Timing:
  Play time               : 10.402 s
  Update time             : 0.915 s
  Time to train epoch     : 11.316 s


Statistics:
  fps step                    : 16,011
  fps step + policy inference : 15,752
  fps total                   : 14,478
  epoch                       : 2,287 / 3,000
  frames                      : 374,702,080


Policy 0: 
Timing:
  Play time               : 10.417 s
  Update time             : 0.937 s
  Time to train epoch     : 11.354 s


Statistics:
  fps step                    : 15,994
  fps step + policy inference : 15,728
  fps total                   : 14,430
  epoch                       : 2,288 / 3,000
  frames                      : 374,865,920


Policy 0: 
Timing:
  Play time               : 10.372 s
  Update time             : 1.015 s
  Time to train epoch     : 11.387 s


Statistics:
  fps step                    : 16,072
  fps step + policy inference : 15,796
  fps total                   : 14,388
  epoch                       : 2,289 / 3,000
  frames                      : 375,029,760


Policy 0: 
Timing:
  Play time               : 10.364 s
  Update time             : 1.087 s
  Time to train epoch     : 11.452 s


Statistics:
  fps step                    : 16,095
  fps step + policy inference : 15,808
  fps total                   : 14,307
  epoch                       : 2,290 / 3,000
  frames                      : 375,193,600


Policy 0: 
Timing:
  Play time               : 10.439 s
  Update time             : 1.065 s
  Time to train epoch     : 11.504 s


Statistics:
  fps step                    : 16,000
  fps step + policy inference : 15,695
  fps total                   : 14,242
  epoch                       : 2,291 / 3,000
  frames                      : 375,357,440


Policy 0: 
Timing:
  Play time               : 10.508 s
  Update time             : 0.992 s
  Time to train epoch     : 11.500 s


Statistics:
  fps step                    : 15,909
  fps step + policy inference : 15,591
  fps total                   : 14,246
  epoch                       : 2,292 / 3,000
  frames                      : 375,521,280


Policy 0: 
Timing:
  Play time               : 10.412 s
  Update time             : 0.959 s
  Time to train epoch     : 11.372 s


Statistics:
  fps step                    : 16,061
  fps step + policy inference : 15,735
  fps total                   : 14,407
  epoch                       : 2,293 / 3,000
  frames                      : 375,685,120


Policy 0: 
Timing:
  Play time               : 10.513 s
  Update time             : 0.993 s
  Time to train epoch     : 11.506 s


Statistics:
  fps step                    : 15,914
  fps step + policy inference : 15,585
  fps total                   : 14,240
  epoch                       : 2,294 / 3,000
  frames                      : 375,848,960


Policy 0: 
Timing:
  Play time               : 10.508 s
  Update time             : 0.953 s
  Time to train epoch     : 11.461 s


Statistics:
  fps step                    : 15,934
  fps step + policy inference : 15,592
  fps total                   : 14,295
  epoch                       : 2,295 / 3,000
  frames                      : 376,012,800


Policy 0: 
Timing:
  Play time               : 10.510 s
  Update time             : 0.953 s
  Time to train epoch     : 11.463 s


Statistics:
  fps step                    : 15,927
  fps step + policy inference : 15,589
  fps total                   : 14,293
  epoch                       : 2,296 / 3,000
  frames                      : 376,176,640


Policy 0: 
Timing:
  Play time               : 10.493 s
  Update time             : 1.021 s
  Time to train epoch     : 11.514 s


Statistics:
  fps step                    : 15,945
  fps step + policy inference : 15,614
  fps total                   : 14,229
  epoch                       : 2,297 / 3,000
  frames                      : 376,340,480


Policy 0: 
Timing:
  Play time               : 10.631 s
  Update time             : 1.082 s
  Time to train epoch     : 11.713 s


Statistics:
  fps step                    : 15,729
  fps step + policy inference : 15,411
  fps total                   : 13,988
  epoch                       : 2,298 / 3,000
  frames                      : 376,504,320


Policy 0: 
Timing:
  Play time               : 10.545 s
  Update time             : 1.054 s
  Time to train epoch     : 11.599 s


Statistics:
  fps step                    : 15,859
  fps step + policy inference : 15,538
  fps total                   : 14,125
  epoch                       : 2,299 / 3,000
  frames                      : 376,668,160


Policy 0: 
Timing:
  Play time               : 10.550 s
  Update time             : 0.998 s
  Time to train epoch     : 11.547 s


Statistics:
  fps step                    : 15,828
  fps step + policy inference : 15,530
  fps total                   : 14,189
  epoch                       : 2,300 / 3,000
  frames                      : 376,832,000


Policy 0: 
Timing:
  Play time               : 10.558 s
  Update time             : 0.998 s
  Time to train epoch     : 11.556 s


Statistics:
  fps step                    : 15,821
  fps step + policy inference : 15,518
  fps total                   : 14,178
  epoch                       : 2,301 / 3,000
  frames                      : 376,995,840


Policy 0: 
Timing:
  Play time               : 10.563 s
  Update time             : 0.942 s
  Time to train epoch     : 11.504 s


Statistics:
  fps step                    : 15,803
  fps step + policy inference : 15,511
  fps total                   : 14,242
  epoch                       : 2,302 / 3,000
  frames                      : 377,159,680


Policy 0: 
Timing:
  Play time               : 10.436 s
  Update time             : 0.948 s
  Time to train epoch     : 11.384 s


Statistics:
  fps step                    : 15,968
  fps step + policy inference : 15,699
  fps total                   : 14,392
  epoch                       : 2,303 / 3,000
  frames                      : 377,323,520


Policy 0: 
Timing:
  Play time               : 10.457 s
  Update time             : 1.017 s
  Time to train epoch     : 11.474 s


Statistics:
  fps step                    : 15,928
  fps step + policy inference : 15,668
  fps total                   : 14,279
  epoch                       : 2,304 / 3,000
  frames                      : 377,487,360


Policy 0: 
Timing:
  Play time               : 10.423 s
  Update time             : 1.051 s
  Time to train epoch     : 11.474 s


Statistics:
  fps step                    : 15,977
  fps step + policy inference : 15,720
  fps total                   : 14,279
  epoch                       : 2,305 / 3,000
  frames                      : 377,651,200


Policy 0: 
Timing:
  Play time               : 10.445 s
  Update time             : 1.006 s
  Time to train epoch     : 11.451 s


Statistics:
  fps step                    : 15,943
  fps step + policy inference : 15,686
  fps total                   : 14,308
  epoch                       : 2,306 / 3,000
  frames                      : 377,815,040


Policy 0: 
Timing:
  Play time               : 10.455 s
  Update time             : 0.969 s
  Time to train epoch     : 11.424 s


Statistics:
  fps step                    : 15,936
  fps step + policy inference : 15,670
  fps total                   : 14,342
  epoch                       : 2,307 / 3,000
  frames                      : 377,978,880


Policy 0: 
Timing:
  Play time               : 10.409 s
  Update time             : 0.962 s
  Time to train epoch     : 11.371 s


Statistics:
  fps step                    : 16,014
  fps step + policy inference : 15,740
  fps total                   : 14,408
  epoch                       : 2,308 / 3,000
  frames                      : 378,142,720


Policy 0: 
Timing:
  Play time               : 10.397 s
  Update time             : 0.959 s
  Time to train epoch     : 11.355 s


Statistics:
  fps step                    : 16,040
  fps step + policy inference : 15,759
  fps total                   : 14,428
  epoch                       : 2,309 / 3,000
  frames                      : 378,306,560


Policy 0: 
Timing:
  Play time               : 10.414 s
  Update time             : 0.954 s
  Time to train epoch     : 11.367 s


Statistics:
  fps step                    : 16,032
  fps step + policy inference : 15,733
  fps total                   : 14,413
  epoch                       : 2,310 / 3,000
  frames                      : 378,470,400


Policy 0: 
Timing:
  Play time               : 10.718 s
  Update time             : 0.968 s
  Time to train epoch     : 11.687 s


Statistics:
  fps step                    : 15,582
  fps step + policy inference : 15,286
  fps total                   : 14,019
  epoch                       : 2,311 / 3,000
  frames                      : 378,634,240


Policy 0: 
Timing:
  Play time               : 10.649 s
  Update time             : 1.020 s
  Time to train epoch     : 11.669 s


Statistics:
  fps step                    : 15,695
  fps step + policy inference : 15,385
  fps total                   : 14,040
  epoch                       : 2,312 / 3,000
  frames                      : 378,798,080


Policy 0: 
Timing:
  Play time               : 10.504 s
  Update time             : 1.063 s
  Time to train epoch     : 11.568 s


Statistics:
  fps step                    : 15,925
  fps step + policy inference : 15,597
  fps total                   : 14,163
  epoch                       : 2,313 / 3,000
  frames                      : 378,961,920


Policy 0: 
Timing:
  Play time               : 10.557 s
  Update time             : 1.057 s
  Time to train epoch     : 11.614 s


Statistics:
  fps step                    : 15,857
  fps step + policy inference : 15,520
  fps total                   : 14,107
  epoch                       : 2,314 / 3,000
  frames                      : 379,125,760


Policy 0: 
Timing:
  Play time               : 10.548 s
  Update time             : 1.006 s
  Time to train epoch     : 11.553 s


Statistics:
  fps step                    : 15,870
  fps step + policy inference : 15,533
  fps total                   : 14,181
  epoch                       : 2,315 / 3,000
  frames                      : 379,289,600


Policy 0: 
Timing:
  Play time               : 10.552 s
  Update time             : 0.970 s
  Time to train epoch     : 11.522 s


Statistics:
  fps step                    : 15,861
  fps step + policy inference : 15,527
  fps total                   : 14,220
  epoch                       : 2,316 / 3,000
  frames                      : 379,453,440


Policy 0: 
Timing:
  Play time               : 10.556 s
  Update time             : 0.957 s
  Time to train epoch     : 11.513 s


Statistics:
  fps step                    : 15,842
  fps step + policy inference : 15,520
  fps total                   : 14,231
  epoch                       : 2,317 / 3,000
  frames                      : 379,617,280


Policy 0: 
Timing:
  Play time               : 10.735 s
  Update time             : 0.973 s
  Time to train epoch     : 11.707 s


Statistics:
  fps step                    : 15,554
  fps step + policy inference : 15,263
  fps total                   : 13,995
  epoch                       : 2,318 / 3,000
  frames                      : 379,781,120


Policy 0: 
Timing:
  Play time               : 10.734 s
  Update time             : 0.956 s
  Time to train epoch     : 11.689 s


Statistics:
  fps step                    : 15,552
  fps step + policy inference : 15,264
  fps total                   : 14,016
  epoch                       : 2,319 / 3,000
  frames                      : 379,944,960


Policy 0: 
Timing:
  Play time               : 10.646 s
  Update time             : 0.947 s
  Time to train epoch     : 11.593 s


Statistics:
  fps step                    : 15,669
  fps step + policy inference : 15,390
  fps total                   : 14,132
  epoch                       : 2,320 / 3,000
  frames                      : 380,108,800


Policy 0: 
Timing:
  Play time               : 10.597 s
  Update time             : 0.993 s
  Time to train epoch     : 11.590 s


Statistics:
  fps step                    : 15,734
  fps step + policy inference : 15,462
  fps total                   : 14,137
  epoch                       : 2,321 / 3,000
  frames                      : 380,272,640


Policy 0: 
Timing:
  Play time               : 10.469 s
  Update time             : 1.074 s
  Time to train epoch     : 11.543 s


Statistics:
  fps step                    : 15,927
  fps step + policy inference : 15,650
  fps total                   : 14,194
  epoch                       : 2,322 / 3,000
  frames                      : 380,436,480


Policy 0: 
Timing:
  Play time               : 10.447 s
  Update time             : 1.069 s
  Time to train epoch     : 11.516 s


Statistics:
  fps step                    : 15,947
  fps step + policy inference : 15,683
  fps total                   : 14,227
  epoch                       : 2,323 / 3,000
  frames                      : 380,600,320


Policy 0: 
Timing:
  Play time               : 10.712 s
  Update time             : 0.964 s
  Time to train epoch     : 11.676 s


Statistics:
  fps step                    : 15,540
  fps step + policy inference : 15,295
  fps total                   : 14,032
  epoch                       : 2,324 / 3,000
  frames                      : 380,764,160


Policy 0: 
Timing:
  Play time               : 10.711 s
  Update time             : 0.970 s
  Time to train epoch     : 11.682 s


Statistics:
  fps step                    : 15,541
  fps step + policy inference : 15,296
  fps total                   : 14,025
  epoch                       : 2,325 / 3,000
  frames                      : 380,928,000


Policy 0: 
Timing:
  Play time               : 10.715 s
  Update time             : 0.964 s
  Time to train epoch     : 11.679 s


Statistics:
  fps step                    : 15,538
  fps step + policy inference : 15,290
  fps total                   : 14,029
  epoch                       : 2,326 / 3,000
  frames                      : 381,091,840


Policy 0: 
Timing:
  Play time               : 10.619 s
  Update time             : 0.939 s
  Time to train epoch     : 11.559 s


Statistics:
  fps step                    : 15,684
  fps step + policy inference : 15,428
  fps total                   : 14,174
  epoch                       : 2,327 / 3,000
  frames                      : 381,255,680


Policy 0: 
Timing:
  Play time               : 10.448 s
  Update time             : 1.004 s
  Time to train epoch     : 11.452 s


Statistics:
  fps step                    : 15,947
  fps step + policy inference : 15,681
  fps total                   : 14,306
  epoch                       : 2,328 / 3,000
  frames                      : 381,419,520


Policy 0: 
Timing:
  Play time               : 10.477 s
  Update time             : 1.063 s
  Time to train epoch     : 11.539 s


Statistics:
  fps step                    : 15,926
  fps step + policy inference : 15,639
  fps total                   : 14,199
  epoch                       : 2,329 / 3,000
  frames                      : 381,583,360


Policy 0: 
Timing:
  Play time               : 10.460 s
  Update time             : 1.036 s
  Time to train epoch     : 11.497 s


Statistics:
  fps step                    : 15,965
  fps step + policy inference : 15,663
  fps total                   : 14,251
  epoch                       : 2,330 / 3,000
  frames                      : 381,747,200


Policy 0: 
Timing:
  Play time               : 10.535 s
  Update time             : 0.995 s
  Time to train epoch     : 11.530 s


Statistics:
  fps step                    : 15,866
  fps step + policy inference : 15,552
  fps total                   : 14,210
  epoch                       : 2,331 / 3,000
  frames                      : 381,911,040


Policy 0: 
Timing:
  Play time               : 10.534 s
  Update time             : 0.965 s
  Time to train epoch     : 11.499 s


Statistics:
  fps step                    : 15,874
  fps step + policy inference : 15,554
  fps total                   : 14,248
  epoch                       : 2,332 / 3,000
  frames                      : 382,074,880


Policy 0: 
Timing:
  Play time               : 10.568 s
  Update time             : 0.952 s
  Time to train epoch     : 11.520 s


Statistics:
  fps step                    : 15,831
  fps step + policy inference : 15,504
  fps total                   : 14,222
  epoch                       : 2,333 / 3,000
  frames                      : 382,238,720


Policy 0: 
Timing:
  Play time               : 10.587 s
  Update time             : 0.977 s
  Time to train epoch     : 11.564 s


Statistics:
  fps step                    : 15,805
  fps step + policy inference : 15,476
  fps total                   : 14,168
  epoch                       : 2,334 / 3,000
  frames                      : 382,402,560


Policy 0: 
Timing:
  Play time               : 10.556 s
  Update time             : 0.956 s
  Time to train epoch     : 11.512 s


Statistics:
  fps step                    : 15,856
  fps step + policy inference : 15,521
  fps total                   : 14,232
  epoch                       : 2,335 / 3,000
  frames                      : 382,566,400


Policy 0: 
Timing:
  Play time               : 10.519 s
  Update time             : 0.954 s
  Time to train epoch     : 11.473 s


Statistics:
  fps step                    : 15,909
  fps step + policy inference : 15,575
  fps total                   : 14,280
  epoch                       : 2,336 / 3,000
  frames                      : 382,730,240


Policy 0: 
Timing:
  Play time               : 10.517 s
  Update time             : 1.006 s
  Time to train epoch     : 11.523 s


Statistics:
  fps step                    : 15,900
  fps step + policy inference : 15,579
  fps total                   : 14,219
  epoch                       : 2,337 / 3,000
  frames                      : 382,894,080


Policy 0: 
Timing:
  Play time               : 10.499 s
  Update time             : 1.107 s
  Time to train epoch     : 11.606 s


Statistics:
  fps step                    : 15,912
  fps step + policy inference : 15,606
  fps total                   : 14,117
  epoch                       : 2,338 / 3,000
  frames                      : 383,057,920


Policy 0: 
Timing:
  Play time               : 10.499 s
  Update time             : 1.065 s
  Time to train epoch     : 11.564 s


Statistics:
  fps step                    : 15,906
  fps step + policy inference : 15,605
  fps total                   : 14,169
  epoch                       : 2,339 / 3,000
  frames                      : 383,221,760


Policy 0: 
Timing:
  Play time               : 10.461 s
  Update time             : 0.986 s
  Time to train epoch     : 11.448 s


Statistics:
  fps step                    : 15,947
  fps step + policy inference : 15,661
  fps total                   : 14,312
  epoch                       : 2,340 / 3,000
  frames                      : 383,385,600


Policy 0: 
Timing:
  Play time               : 10.420 s
  Update time             : 0.967 s
  Time to train epoch     : 11.388 s


Statistics:
  fps step                    : 15,996
  fps step + policy inference : 15,723
  fps total                   : 14,387
  epoch                       : 2,341 / 3,000
  frames                      : 383,549,440


Policy 0: 
Timing:
  Play time               : 10.436 s
  Update time             : 0.941 s
  Time to train epoch     : 11.378 s


Statistics:
  fps step                    : 15,972
  fps step + policy inference : 15,699
  fps total                   : 14,400
  epoch                       : 2,342 / 3,000
  frames                      : 383,713,280


Policy 0: 
Timing:
  Play time               : 10.404 s
  Update time             : 0.972 s
  Time to train epoch     : 11.376 s


Statistics:
  fps step                    : 16,010
  fps step + policy inference : 15,747
  fps total                   : 14,402
  epoch                       : 2,343 / 3,000
  frames                      : 383,877,120


Policy 0: 
Timing:
  Play time               : 10.421 s
  Update time             : 1.050 s
  Time to train epoch     : 11.471 s


Statistics:
  fps step                    : 15,981
  fps step + policy inference : 15,722
  fps total                   : 14,283
  epoch                       : 2,344 / 3,000
  frames                      : 384,040,960


Policy 0: 
Timing:
  Play time               : 10.404 s
  Update time             : 1.043 s
  Time to train epoch     : 11.446 s


Statistics:
  fps step                    : 16,008
  fps step + policy inference : 15,748
  fps total                   : 14,314
  epoch                       : 2,345 / 3,000
  frames                      : 384,204,800


Policy 0: 
Timing:
  Play time               : 10.368 s
  Update time             : 1.030 s
  Time to train epoch     : 11.398 s


Statistics:
  fps step                    : 16,065
  fps step + policy inference : 15,802
  fps total                   : 14,375
  epoch                       : 2,346 / 3,000
  frames                      : 384,368,640


Policy 0: 
Timing:
  Play time               : 10.405 s
  Update time             : 0.946 s
  Time to train epoch     : 11.351 s


Statistics:
  fps step                    : 16,020
  fps step + policy inference : 15,746
  fps total                   : 14,434
  epoch                       : 2,347 / 3,000
  frames                      : 384,532,480


Policy 0: 
Timing:
  Play time               : 10.417 s
  Update time             : 0.971 s
  Time to train epoch     : 11.387 s


Statistics:
  fps step                    : 16,005
  fps step + policy inference : 15,728
  fps total                   : 14,388
  epoch                       : 2,348 / 3,000
  frames                      : 384,696,320


Policy 0: 
Timing:
  Play time               : 10.441 s
  Update time             : 0.957 s
  Time to train epoch     : 11.398 s


Statistics:
  fps step                    : 15,985
  fps step + policy inference : 15,692
  fps total                   : 14,375
  epoch                       : 2,349 / 3,000
  frames                      : 384,860,160


Policy 0: 
Timing:
  Play time               : 10.459 s
  Update time             : 0.957 s
  Time to train epoch     : 11.416 s


Statistics:
  fps step                    : 15,977
  fps step + policy inference : 15,665
  fps total                   : 14,352
  epoch                       : 2,350 / 3,000
  frames                      : 385,024,000


Policy 0: 
Timing:
  Play time               : 10.465 s
  Update time             : 0.964 s
  Time to train epoch     : 11.429 s


Statistics:
  fps step                    : 15,972
  fps step + policy inference : 15,656
  fps total                   : 14,336
  epoch                       : 2,351 / 3,000
  frames                      : 385,187,840


Policy 0: 
Timing:
  Play time               : 10.490 s
  Update time             : 1.042 s
  Time to train epoch     : 11.532 s


Statistics:
  fps step                    : 15,943
  fps step + policy inference : 15,618
  fps total                   : 14,208
  epoch                       : 2,352 / 3,000
  frames                      : 385,351,680


Policy 0: 
Timing:
  Play time               : 10.481 s
  Update time             : 1.081 s
  Time to train epoch     : 11.562 s


Statistics:
  fps step                    : 15,962
  fps step + policy inference : 15,631
  fps total                   : 14,170
  epoch                       : 2,353 / 3,000
  frames                      : 385,515,520


Policy 0: 
Timing:
  Play time               : 10.454 s
  Update time             : 1.062 s
  Time to train epoch     : 11.516 s


Statistics:
  fps step                    : 16,004
  fps step + policy inference : 15,673
  fps total                   : 14,227
  epoch                       : 2,354 / 3,000
  frames                      : 385,679,360


Policy 0: 
Timing:
  Play time               : 10.446 s
  Update time             : 0.991 s
  Time to train epoch     : 11.437 s


Statistics:
  fps step                    : 16,016
  fps step + policy inference : 15,684
  fps total                   : 14,325
  epoch                       : 2,355 / 3,000
  frames                      : 385,843,200


Policy 0: 
Timing:
  Play time               : 10.401 s
  Update time             : 0.966 s
  Time to train epoch     : 11.367 s


Statistics:
  fps step                    : 16,083
  fps step + policy inference : 15,752
  fps total                   : 14,414
  epoch                       : 2,356 / 3,000
  frames                      : 386,007,040


Policy 0: 
Timing:
  Play time               : 10.408 s
  Update time             : 0.975 s
  Time to train epoch     : 11.383 s


Statistics:
  fps step                    : 16,058
  fps step + policy inference : 15,742
  fps total                   : 14,393
  epoch                       : 2,357 / 3,000
  frames                      : 386,170,880


Policy 0: 
Timing:
  Play time               : 10.417 s
  Update time             : 0.966 s
  Time to train epoch     : 11.382 s


Statistics:
  fps step                    : 16,039
  fps step + policy inference : 15,729
  fps total                   : 14,394
  epoch                       : 2,358 / 3,000
  frames                      : 386,334,720


Policy 0: 
Timing:
  Play time               : 10.437 s
  Update time             : 1.017 s
  Time to train epoch     : 11.454 s


Statistics:
  fps step                    : 15,997
  fps step + policy inference : 15,698
  fps total                   : 14,305
  epoch                       : 2,359 / 3,000
  frames                      : 386,498,560


Policy 0: 
Timing:
  Play time               : 10.402 s
  Update time             : 1.054 s
  Time to train epoch     : 11.456 s


Statistics:
  fps step                    : 16,040
  fps step + policy inference : 15,751
  fps total                   : 14,301
  epoch                       : 2,360 / 3,000
  frames                      : 386,662,400


Policy 0: 
Timing:
  Play time               : 10.404 s
  Update time             : 1.070 s
  Time to train epoch     : 11.474 s


Statistics:
  fps step                    : 16,026
  fps step + policy inference : 15,748
  fps total                   : 14,279
  epoch                       : 2,361 / 3,000
  frames                      : 386,826,240


Policy 0: 
Timing:
  Play time               : 10.419 s
  Update time             : 1.028 s
  Time to train epoch     : 11.447 s


Statistics:
  fps step                    : 15,992
  fps step + policy inference : 15,725
  fps total                   : 14,313
  epoch                       : 2,362 / 3,000
  frames                      : 386,990,080


Policy 0: 
Timing:
  Play time               : 10.386 s
  Update time             : 0.974 s
  Time to train epoch     : 11.360 s


Statistics:
  fps step                    : 16,039
  fps step + policy inference : 15,776
  fps total                   : 14,423
  epoch                       : 2,363 / 3,000
  frames                      : 387,153,920


Policy 0: 
Timing:
  Play time               : 10.420 s
  Update time             : 0.940 s
  Time to train epoch     : 11.360 s


Statistics:
  fps step                    : 15,984
  fps step + policy inference : 15,724
  fps total                   : 14,423
  epoch                       : 2,364 / 3,000
  frames                      : 387,317,760


Policy 0: 
Timing:
  Play time               : 10.392 s
  Update time             : 0.940 s
  Time to train epoch     : 11.332 s


Statistics:
  fps step                    : 16,032
  fps step + policy inference : 15,766
  fps total                   : 14,459
  epoch                       : 2,365 / 3,000
  frames                      : 387,481,600


Policy 0: 
Timing:
  Play time               : 10.413 s
  Update time             : 0.934 s
  Time to train epoch     : 11.347 s


Statistics:
  fps step                    : 15,998
  fps step + policy inference : 15,734
  fps total                   : 14,439
  epoch                       : 2,366 / 3,000
  frames                      : 387,645,440


Policy 0: 
Timing:
  Play time               : 10.451 s
  Update time             : 0.988 s
  Time to train epoch     : 11.439 s


Statistics:
  fps step                    : 15,949
  fps step + policy inference : 15,677
  fps total                   : 14,323
  epoch                       : 2,367 / 3,000
  frames                      : 387,809,280


Policy 0: 
Timing:
  Play time               : 10.472 s
  Update time             : 1.038 s
  Time to train epoch     : 11.510 s


Statistics:
  fps step                    : 15,926
  fps step + policy inference : 15,646
  fps total                   : 14,235
  epoch                       : 2,368 / 3,000
  frames                      : 387,973,120


Policy 0: 
Timing:
  Play time               : 10.497 s
  Update time             : 1.043 s
  Time to train epoch     : 11.540 s


Statistics:
  fps step                    : 15,907
  fps step + policy inference : 15,609
  fps total                   : 14,198
  epoch                       : 2,369 / 3,000
  frames                      : 388,136,960


Policy 0: 
Timing:
  Play time               : 10.518 s
  Update time             : 1.029 s
  Time to train epoch     : 11.547 s


Statistics:
  fps step                    : 15,882
  fps step + policy inference : 15,577
  fps total                   : 14,189
  epoch                       : 2,370 / 3,000
  frames                      : 388,300,800


Policy 0: 
Timing:
  Play time               : 10.547 s
  Update time             : 0.997 s
  Time to train epoch     : 11.545 s


Statistics:
  fps step                    : 15,847
  fps step + policy inference : 15,534
  fps total                   : 14,192
  epoch                       : 2,371 / 3,000
  frames                      : 388,464,640


Policy 0: 
Timing:
  Play time               : 10.569 s
  Update time             : 0.976 s
  Time to train epoch     : 11.545 s


Statistics:
  fps step                    : 15,821
  fps step + policy inference : 15,501
  fps total                   : 14,191
  epoch                       : 2,372 / 3,000
  frames                      : 388,628,480


Policy 0: 
Timing:
  Play time               : 10.560 s
  Update time             : 0.956 s
  Time to train epoch     : 11.516 s


Statistics:
  fps step                    : 15,833
  fps step + policy inference : 15,515
  fps total                   : 14,227
  epoch                       : 2,373 / 3,000
  frames                      : 388,792,320


Policy 0: 
Timing:
  Play time               : 10.541 s
  Update time             : 0.953 s
  Time to train epoch     : 11.494 s


Statistics:
  fps step                    : 15,861
  fps step + policy inference : 15,543
  fps total                   : 14,254
  epoch                       : 2,374 / 3,000
  frames                      : 388,956,160


Policy 0: 
Timing:
  Play time               : 10.545 s
  Update time             : 0.972 s
  Time to train epoch     : 11.517 s


Statistics:
  fps step                    : 15,851
  fps step + policy inference : 15,537
  fps total                   : 14,226
  epoch                       : 2,375 / 3,000
  frames                      : 389,120,000


Policy 0: 
Timing:
  Play time               : 10.555 s
  Update time             : 0.990 s
  Time to train epoch     : 11.544 s


Statistics:
  fps step                    : 15,835
  fps step + policy inference : 15,523
  fps total                   : 14,192
  epoch                       : 2,376 / 3,000
  frames                      : 389,283,840


Policy 0: 
Timing:
  Play time               : 10.469 s
  Update time             : 1.042 s
  Time to train epoch     : 11.511 s


Statistics:
  fps step                    : 15,953
  fps step + policy inference : 15,650
  fps total                   : 14,233
  epoch                       : 2,377 / 3,000
  frames                      : 389,447,680


Policy 0: 
Timing:
  Play time               : 10.520 s
  Update time             : 1.085 s
  Time to train epoch     : 11.605 s


Statistics:
  fps step                    : 15,871
  fps step + policy inference : 15,574
  fps total                   : 14,118
  epoch                       : 2,378 / 3,000
  frames                      : 389,611,520


Policy 0: 
Timing:
  Play time               : 10.496 s
  Update time             : 1.046 s
  Time to train epoch     : 11.542 s


Statistics:
  fps step                    : 15,904
  fps step + policy inference : 15,609
  fps total                   : 14,195
  epoch                       : 2,379 / 3,000
  frames                      : 389,775,360


Policy 0: 
Timing:
  Play time               : 10.437 s
  Update time             : 0.954 s
  Time to train epoch     : 11.391 s


Statistics:
  fps step                    : 15,982
  fps step + policy inference : 15,698
  fps total                   : 14,384
  epoch                       : 2,380 / 3,000
  frames                      : 389,939,200


Policy 0: 
Timing:
  Play time               : 10.397 s
  Update time             : 0.961 s
  Time to train epoch     : 11.358 s


Statistics:
  fps step                    : 16,029
  fps step + policy inference : 15,758
  fps total                   : 14,425
  epoch                       : 2,381 / 3,000
  frames                      : 390,103,040


Policy 0: 
Timing:
  Play time               : 10.341 s
  Update time             : 0.940 s
  Time to train epoch     : 11.282 s


Statistics:
  fps step                    : 16,109
  fps step + policy inference : 15,843
  fps total                   : 14,523
  epoch                       : 2,382 / 3,000
  frames                      : 390,266,880


Policy 0: 
Timing:
  Play time               : 10.441 s
  Update time             : 0.946 s
  Time to train epoch     : 11.386 s


Statistics:
  fps step                    : 15,954
  fps step + policy inference : 15,693
  fps total                   : 14,389
  epoch                       : 2,383 / 3,000
  frames                      : 390,430,720


Policy 0: 
Timing:
  Play time               : 10.392 s
  Update time             : 0.966 s
  Time to train epoch     : 11.358 s


Statistics:
  fps step                    : 16,026
  fps step + policy inference : 15,766
  fps total                   : 14,426
  epoch                       : 2,384 / 3,000
  frames                      : 390,594,560


Policy 0: 
Timing:
  Play time               : 10.436 s
  Update time             : 1.043 s
  Time to train epoch     : 11.479 s


Statistics:
  fps step                    : 15,966
  fps step + policy inference : 15,700
  fps total                   : 14,273
  epoch                       : 2,385 / 3,000
  frames                      : 390,758,400


Policy 0: 
Timing:
  Play time               : 10.438 s
  Update time             : 1.073 s
  Time to train epoch     : 11.510 s


Statistics:
  fps step                    : 15,970
  fps step + policy inference : 15,697
  fps total                   : 14,234
  epoch                       : 2,386 / 3,000
  frames                      : 390,922,240


Policy 0: 
Timing:
  Play time               : 10.442 s
  Update time             : 1.065 s
  Time to train epoch     : 11.507 s


Statistics:
  fps step                    : 15,966
  fps step + policy inference : 15,690
  fps total                   : 14,238
  epoch                       : 2,387 / 3,000
  frames                      : 391,086,080


Policy 0: 
Timing:
  Play time               : 10.470 s
  Update time             : 0.964 s
  Time to train epoch     : 11.435 s


Statistics:
  fps step                    : 15,937
  fps step + policy inference : 15,648
  fps total                   : 14,328
  epoch                       : 2,388 / 3,000
  frames                      : 391,249,920


Policy 0: 
Timing:
  Play time               : 10.500 s
  Update time             : 0.952 s
  Time to train epoch     : 11.452 s


Statistics:
  fps step                    : 15,910
  fps step + policy inference : 15,604
  fps total                   : 14,306
  epoch                       : 2,389 / 3,000
  frames                      : 391,413,760


Policy 0: 
Timing:
  Play time               : 10.531 s
  Update time             : 0.969 s
  Time to train epoch     : 11.500 s


Statistics:
  fps step                    : 15,869
  fps step + policy inference : 15,557
  fps total                   : 14,247
  epoch                       : 2,390 / 3,000
  frames                      : 391,577,600


Policy 0: 
Timing:
  Play time               : 10.517 s
  Update time             : 0.951 s
  Time to train epoch     : 11.468 s


Statistics:
  fps step                    : 15,898
  fps step + policy inference : 15,578
  fps total                   : 14,287
  epoch                       : 2,391 / 3,000
  frames                      : 391,741,440


Policy 0: 
Timing:
  Play time               : 10.561 s
  Update time             : 0.968 s
  Time to train epoch     : 11.529 s


Statistics:
  fps step                    : 15,837
  fps step + policy inference : 15,514
  fps total                   : 14,211
  epoch                       : 2,392 / 3,000
  frames                      : 391,905,280


Policy 0: 
Timing:
  Play time               : 10.530 s
  Update time             : 0.999 s
  Time to train epoch     : 11.529 s


Statistics:
  fps step                    : 15,878
  fps step + policy inference : 15,559
  fps total                   : 14,211
  epoch                       : 2,393 / 3,000
  frames                      : 392,069,120


Policy 0: 
Timing:
  Play time               : 10.534 s
  Update time             : 1.029 s
  Time to train epoch     : 11.562 s


Statistics:
  fps step                    : 15,865
  fps step + policy inference : 15,554
  fps total                   : 14,170
  epoch                       : 2,394 / 3,000
  frames                      : 392,232,960


Policy 0: 
Timing:
  Play time               : 10.552 s
  Update time             : 1.081 s
  Time to train epoch     : 11.633 s


Statistics:
  fps step                    : 15,843
  fps step + policy inference : 15,527
  fps total                   : 14,084
  epoch                       : 2,395 / 3,000
  frames                      : 392,396,800


Policy 0: 
Timing:
  Play time               : 10.530 s
  Update time             : 1.022 s
  Time to train epoch     : 11.553 s


Statistics:
  fps step                    : 15,864
  fps step + policy inference : 15,559
  fps total                   : 14,182
  epoch                       : 2,396 / 3,000
  frames                      : 392,560,640


Policy 0: 
Timing:
  Play time               : 10.498 s
  Update time             : 0.966 s
  Time to train epoch     : 11.464 s


Statistics:
  fps step                    : 15,906
  fps step + policy inference : 15,607
  fps total                   : 14,292
  epoch                       : 2,397 / 3,000
  frames                      : 392,724,480


Policy 0: 
Timing:
  Play time               : 10.482 s
  Update time             : 0.958 s
  Time to train epoch     : 11.440 s


Statistics:
  fps step                    : 15,916
  fps step + policy inference : 15,630
  fps total                   : 14,322
  epoch                       : 2,398 / 3,000
  frames                      : 392,888,320


Policy 0: 
Timing:
  Play time               : 10.510 s
  Update time             : 0.964 s
  Time to train epoch     : 11.473 s


Statistics:
  fps step                    : 15,878
  fps step + policy inference : 15,589
  fps total                   : 14,280
  epoch                       : 2,399 / 3,000
  frames                      : 393,052,160


Policy 0: 
Timing:
  Play time               : 10.483 s
  Update time             : 0.963 s
  Time to train epoch     : 11.446 s


Statistics:
  fps step                    : 15,907
  fps step + policy inference : 15,629
  fps total                   : 14,315
  epoch                       : 2,400 / 3,000
  frames                      : 393,216,000


Policy 0: 
Timing:
  Play time               : 10.428 s
  Update time             : 1.019 s
  Time to train epoch     : 11.448 s


Statistics:
  fps step                    : 15,979
  fps step + policy inference : 15,711
  fps total                   : 14,312
  epoch                       : 2,401 / 3,000
  frames                      : 393,379,840


Policy 0: 
Timing:
  Play time               : 10.459 s
  Update time             : 1.094 s
  Time to train epoch     : 11.553 s


Statistics:
  fps step                    : 15,929
  fps step + policy inference : 15,665
  fps total                   : 14,182
  epoch                       : 2,402 / 3,000
  frames                      : 393,543,680


Policy 0: 
Timing:
  Play time               : 10.454 s
  Update time             : 1.040 s
  Time to train epoch     : 11.493 s


Statistics:
  fps step                    : 15,932
  fps step + policy inference : 15,673
  fps total                   : 14,255
  epoch                       : 2,403 / 3,000
  frames                      : 393,707,520


Policy 0: 
Timing:
  Play time               : 10.422 s
  Update time             : 0.956 s
  Time to train epoch     : 11.378 s


Statistics:
  fps step                    : 15,980
  fps step + policy inference : 15,721
  fps total                   : 14,400
  epoch                       : 2,404 / 3,000
  frames                      : 393,871,360


Policy 0: 
Timing:
  Play time               : 10.386 s
  Update time             : 0.962 s
  Time to train epoch     : 11.348 s


Statistics:
  fps step                    : 16,051
  fps step + policy inference : 15,776
  fps total                   : 14,438
  epoch                       : 2,405 / 3,000
  frames                      : 394,035,200


Policy 0: 
Timing:
  Play time               : 10.461 s
  Update time             : 0.952 s
  Time to train epoch     : 11.413 s


Statistics:
  fps step                    : 15,941
  fps step + policy inference : 15,662
  fps total                   : 14,356
  epoch                       : 2,406 / 3,000
  frames                      : 394,199,040


Policy 0: 
Timing:
  Play time               : 10.457 s
  Update time             : 0.953 s
  Time to train epoch     : 11.410 s


Statistics:
  fps step                    : 15,959
  fps step + policy inference : 15,667
  fps total                   : 14,359
  epoch                       : 2,407 / 3,000
  frames                      : 394,362,880


Policy 0: 
Timing:
  Play time               : 10.547 s
  Update time             : 0.955 s
  Time to train epoch     : 11.503 s


Statistics:
  fps step                    : 15,832
  fps step + policy inference : 15,534
  fps total                   : 14,244
  epoch                       : 2,408 / 3,000
  frames                      : 394,526,720


Policy 0: 
Timing:
  Play time               : 10.555 s
  Update time             : 1.028 s
  Time to train epoch     : 11.583 s


Statistics:
  fps step                    : 15,832
  fps step + policy inference : 15,523
  fps total                   : 14,144
  epoch                       : 2,409 / 3,000
  frames                      : 394,690,560


Policy 0: 
Timing:
  Play time               : 10.480 s
  Update time             : 1.075 s
  Time to train epoch     : 11.555 s


Statistics:
  fps step                    : 15,955
  fps step + policy inference : 15,634
  fps total                   : 14,179
  epoch                       : 2,410 / 3,000
  frames                      : 394,854,400


Policy 0: 
Timing:
  Play time               : 10.477 s
  Update time             : 1.092 s
  Time to train epoch     : 11.569 s


Statistics:
  fps step                    : 15,965
  fps step + policy inference : 15,639
  fps total                   : 14,162
  epoch                       : 2,411 / 3,000
  frames                      : 395,018,240


Policy 0: 
Timing:
  Play time               : 10.505 s
  Update time             : 1.046 s
  Time to train epoch     : 11.551 s


Statistics:
  fps step                    : 15,928
  fps step + policy inference : 15,596
  fps total                   : 14,184
  epoch                       : 2,412 / 3,000
  frames                      : 395,182,080


Policy 0: 
Timing:
  Play time               : 10.538 s
  Update time             : 0.959 s
  Time to train epoch     : 11.497 s


Statistics:
  fps step                    : 15,873
  fps step + policy inference : 15,547
  fps total                   : 14,251
  epoch                       : 2,413 / 3,000
  frames                      : 395,345,920


Policy 0: 
Timing:
  Play time               : 10.547 s
  Update time             : 0.965 s
  Time to train epoch     : 11.512 s


Statistics:
  fps step                    : 15,853
  fps step + policy inference : 15,534
  fps total                   : 14,232
  epoch                       : 2,414 / 3,000
  frames                      : 395,509,760


Policy 0: 
Timing:
  Play time               : 10.449 s
  Update time             : 0.967 s
  Time to train epoch     : 11.416 s


Statistics:
  fps step                    : 15,998
  fps step + policy inference : 15,681
  fps total                   : 14,352
  epoch                       : 2,415 / 3,000
  frames                      : 395,673,600


Policy 0: 
Timing:
  Play time               : 10.456 s
  Update time             : 0.993 s
  Time to train epoch     : 11.449 s


Statistics:
  fps step                    : 15,983
  fps step + policy inference : 15,670
  fps total                   : 14,310
  epoch                       : 2,416 / 3,000
  frames                      : 395,837,440


Policy 0: 
Timing:
  Play time               : 10.486 s
  Update time             : 1.022 s
  Time to train epoch     : 11.508 s


Statistics:
  fps step                    : 15,929
  fps step + policy inference : 15,624
  fps total                   : 14,237
  epoch                       : 2,417 / 3,000
  frames                      : 396,001,280


Policy 0: 
Timing:
  Play time               : 10.501 s
  Update time             : 1.075 s
  Time to train epoch     : 11.577 s


Statistics:
  fps step                    : 15,889
  fps step + policy inference : 15,602
  fps total                   : 14,152
  epoch                       : 2,418 / 3,000
  frames                      : 396,165,120


Policy 0: 
Timing:
  Play time               : 10.469 s
  Update time             : 1.064 s
  Time to train epoch     : 11.532 s


Statistics:
  fps step                    : 15,933
  fps step + policy inference : 15,650
  fps total                   : 14,207
  epoch                       : 2,419 / 3,000
  frames                      : 396,328,960


Policy 0: 
Timing:
  Play time               : 10.549 s
  Update time             : 0.998 s
  Time to train epoch     : 11.547 s


Statistics:
  fps step                    : 15,804
  fps step + policy inference : 15,531
  fps total                   : 14,189
  epoch                       : 2,420 / 3,000
  frames                      : 396,492,800


Policy 0: 
Timing:
  Play time               : 10.691 s
  Update time             : 0.960 s
  Time to train epoch     : 11.651 s


Statistics:
  fps step                    : 15,591
  fps step + policy inference : 15,325
  fps total                   : 14,062
  epoch                       : 2,421 / 3,000
  frames                      : 396,656,640


Policy 0: 
Timing:
  Play time               : 10.450 s
  Update time             : 0.955 s
  Time to train epoch     : 11.405 s


Statistics:
  fps step                    : 15,946
  fps step + policy inference : 15,679
  fps total                   : 14,366
  epoch                       : 2,422 / 3,000
  frames                      : 396,820,480


Policy 0: 
Timing:
  Play time               : 10.422 s
  Update time             : 0.971 s
  Time to train epoch     : 11.393 s


Statistics:
  fps step                    : 15,991
  fps step + policy inference : 15,721
  fps total                   : 14,381
  epoch                       : 2,423 / 3,000
  frames                      : 396,984,320


Policy 0: 
Timing:
  Play time               : 10.431 s
  Update time             : 0.939 s
  Time to train epoch     : 11.370 s


Statistics:
  fps step                    : 15,981
  fps step + policy inference : 15,707
  fps total                   : 14,410
  epoch                       : 2,424 / 3,000
  frames                      : 397,148,160


Policy 0: 
Timing:
  Play time               : 10.452 s
  Update time             : 0.988 s
  Time to train epoch     : 11.440 s


Statistics:
  fps step                    : 15,953
  fps step + policy inference : 15,675
  fps total                   : 14,321
  epoch                       : 2,425 / 3,000
  frames                      : 397,312,000


Policy 0: 
Timing:
  Play time               : 10.414 s
  Update time             : 1.073 s
  Time to train epoch     : 11.488 s


Statistics:
  fps step                    : 16,013
  fps step + policy inference : 15,732
  fps total                   : 14,262
  epoch                       : 2,426 / 3,000
  frames                      : 397,475,840


Policy 0: 
Timing:
  Play time               : 10.442 s
  Update time             : 1.071 s
  Time to train epoch     : 11.513 s


Statistics:
  fps step                    : 15,983
  fps step + policy inference : 15,691
  fps total                   : 14,231
  epoch                       : 2,427 / 3,000
  frames                      : 397,639,680


Policy 0: 
Timing:
  Play time               : 10.456 s
  Update time             : 1.014 s
  Time to train epoch     : 11.469 s


Statistics:
  fps step                    : 15,981
  fps step + policy inference : 15,670
  fps total                   : 14,285
  epoch                       : 2,428 / 3,000
  frames                      : 397,803,520


Policy 0: 
Timing:
  Play time               : 10.499 s
  Update time             : 0.967 s
  Time to train epoch     : 11.466 s


Statistics:
  fps step                    : 15,931
  fps step + policy inference : 15,605
  fps total                   : 14,290
  epoch                       : 2,429 / 3,000
  frames                      : 397,967,360


Policy 0: 
Timing:
  Play time               : 10.530 s
  Update time             : 0.957 s
  Time to train epoch     : 11.488 s


Statistics:
  fps step                    : 15,884
  fps step + policy inference : 15,559
  fps total                   : 14,262
  epoch                       : 2,430 / 3,000
  frames                      : 398,131,200


Policy 0: 
Timing:
  Play time               : 10.504 s
  Update time             : 1.006 s
  Time to train epoch     : 11.510 s


Statistics:
  fps step                    : 15,932
  fps step + policy inference : 15,598
  fps total                   : 14,235
  epoch                       : 2,431 / 3,000
  frames                      : 398,295,040


Policy 0: 
Timing:
  Play time               : 10.494 s
  Update time             : 0.957 s
  Time to train epoch     : 11.451 s


Statistics:
  fps step                    : 15,938
  fps step + policy inference : 15,613
  fps total                   : 14,308
  epoch                       : 2,432 / 3,000
  frames                      : 398,458,880


Policy 0: 
Timing:
  Play time               : 10.523 s
  Update time             : 0.958 s
  Time to train epoch     : 11.481 s


Statistics:
  fps step                    : 15,890
  fps step + policy inference : 15,570
  fps total                   : 14,271
  epoch                       : 2,433 / 3,000
  frames                      : 398,622,720


Policy 0: 
Timing:
  Play time               : 10.546 s
  Update time             : 1.004 s
  Time to train epoch     : 11.550 s


Statistics:
  fps step                    : 15,848
  fps step + policy inference : 15,536
  fps total                   : 14,185
  epoch                       : 2,434 / 3,000
  frames                      : 398,786,560


Policy 0: 
Timing:
  Play time               : 10.532 s
  Update time             : 1.045 s
  Time to train epoch     : 11.577 s


Statistics:
  fps step                    : 15,866
  fps step + policy inference : 15,557
  fps total                   : 14,152
  epoch                       : 2,435 / 3,000
  frames                      : 398,950,400


Policy 0: 
Timing:
  Play time               : 10.508 s
  Update time             : 1.088 s
  Time to train epoch     : 11.596 s


Statistics:
  fps step                    : 15,891
  fps step + policy inference : 15,592
  fps total                   : 14,128
  epoch                       : 2,436 / 3,000
  frames                      : 399,114,240


Policy 0: 
Timing:
  Play time               : 10.524 s
  Update time             : 1.014 s
  Time to train epoch     : 11.537 s


Statistics:
  fps step                    : 15,860
  fps step + policy inference : 15,569
  fps total                   : 14,201
  epoch                       : 2,437 / 3,000
  frames                      : 399,278,080


Policy 0: 
Timing:
  Play time               : 10.446 s
  Update time             : 0.968 s
  Time to train epoch     : 11.414 s


Statistics:
  fps step                    : 15,976
  fps step + policy inference : 15,685
  fps total                   : 14,355
  epoch                       : 2,438 / 3,000
  frames                      : 399,441,920


Policy 0: 
Timing:
  Play time               : 10.452 s
  Update time             : 0.980 s
  Time to train epoch     : 11.432 s


Statistics:
  fps step                    : 15,957
  fps step + policy inference : 15,676
  fps total                   : 14,332
  epoch                       : 2,439 / 3,000
  frames                      : 399,605,760


Policy 0: 
Timing:
  Play time               : 10.369 s
  Update time             : 0.945 s
  Time to train epoch     : 11.313 s


Statistics:
  fps step                    : 16,083
  fps step + policy inference : 15,801
  fps total                   : 14,482
  epoch                       : 2,440 / 3,000
  frames                      : 399,769,600


Policy 0: 
Timing:
  Play time               : 10.355 s
  Update time             : 0.964 s
  Time to train epoch     : 11.320 s


Statistics:
  fps step                    : 16,098
  fps step + policy inference : 15,822
  fps total                   : 14,474
  epoch                       : 2,441 / 3,000
  frames                      : 399,933,440


Policy 0: 
Timing:
  Play time               : 10.415 s
  Update time             : 0.997 s
  Time to train epoch     : 11.412 s


Statistics:
  fps step                    : 16,002
  fps step + policy inference : 15,732
  fps total                   : 14,357
  epoch                       : 2,442 / 3,000
  frames                      : 400,097,280


Policy 0: 
Timing:
  Play time               : 10.449 s
  Update time             : 1.084 s
  Time to train epoch     : 11.533 s


Statistics:
  fps step                    : 15,954
  fps step + policy inference : 15,680
  fps total                   : 14,206
  epoch                       : 2,443 / 3,000
  frames                      : 400,261,120


Policy 0: 
Timing:
  Play time               : 10.500 s
  Update time             : 1.064 s
  Time to train epoch     : 11.564 s


Statistics:
  fps step                    : 15,884
  fps step + policy inference : 15,604
  fps total                   : 14,168
  epoch                       : 2,444 / 3,000
  frames                      : 400,424,960


Policy 0: 
Timing:
  Play time               : 10.487 s
  Update time             : 0.976 s
  Time to train epoch     : 11.462 s


Statistics:
  fps step                    : 15,907
  fps step + policy inference : 15,624
  fps total                   : 14,294
  epoch                       : 2,445 / 3,000
  frames                      : 400,588,800


Policy 0: 
Timing:
  Play time               : 10.438 s
  Update time             : 0.959 s
  Time to train epoch     : 11.397 s


Statistics:
  fps step                    : 15,986
  fps step + policy inference : 15,697
  fps total                   : 14,375
  epoch                       : 2,446 / 3,000
  frames                      : 400,752,640


Policy 0: 
Timing:
  Play time               : 10.451 s
  Update time             : 0.990 s
  Time to train epoch     : 11.441 s


Statistics:
  fps step                    : 15,974
  fps step + policy inference : 15,677
  fps total                   : 14,321
  epoch                       : 2,447 / 3,000
  frames                      : 400,916,480


Policy 0: 
Timing:
  Play time               : 10.400 s
  Update time             : 0.971 s
  Time to train epoch     : 11.371 s


Statistics:
  fps step                    : 16,067
  fps step + policy inference : 15,754
  fps total                   : 14,408
  epoch                       : 2,448 / 3,000
  frames                      : 401,080,320


Policy 0: 
Timing:
  Play time               : 10.500 s
  Update time             : 1.020 s
  Time to train epoch     : 11.520 s


Statistics:
  fps step                    : 15,920
  fps step + policy inference : 15,604
  fps total                   : 14,223
  epoch                       : 2,449 / 3,000
  frames                      : 401,244,160


Policy 0: 
Timing:
  Play time               : 10.502 s
  Update time             : 1.093 s
  Time to train epoch     : 11.595 s


Statistics:
  fps step                    : 15,929
  fps step + policy inference : 15,601
  fps total                   : 14,130
  epoch                       : 2,450 / 3,000
  frames                      : 401,408,000


Policy 0: 
Timing:
  Play time               : 10.503 s
  Update time             : 1.058 s
  Time to train epoch     : 11.561 s


Statistics:
  fps step                    : 15,924
  fps step + policy inference : 15,600
  fps total                   : 14,172
  epoch                       : 2,451 / 3,000
  frames                      : 401,571,840


Policy 0: 
Timing:
  Play time               : 10.545 s
  Update time             : 0.988 s
  Time to train epoch     : 11.533 s


Statistics:
  fps step                    : 15,863
  fps step + policy inference : 15,537
  fps total                   : 14,206
  epoch                       : 2,452 / 3,000
  frames                      : 401,735,680


Policy 0: 
Timing:
  Play time               : 10.555 s
  Update time             : 0.979 s
  Time to train epoch     : 11.534 s


Statistics:
  fps step                    : 15,848
  fps step + policy inference : 15,523
  fps total                   : 14,205
  epoch                       : 2,453 / 3,000
  frames                      : 401,899,520


Policy 0: 
Timing:
  Play time               : 10.536 s
  Update time             : 0.951 s
  Time to train epoch     : 11.487 s


Statistics:
  fps step                    : 15,860
  fps step + policy inference : 15,550
  fps total                   : 14,263
  epoch                       : 2,454 / 3,000
  frames                      : 402,063,360


Policy 0: 
Timing:
  Play time               : 10.489 s
  Update time             : 0.954 s
  Time to train epoch     : 11.443 s


Statistics:
  fps step                    : 15,932
  fps step + policy inference : 15,619
  fps total                   : 14,317
  epoch                       : 2,455 / 3,000
  frames                      : 402,227,200


Policy 0: 
Timing:
  Play time               : 10.478 s
  Update time             : 0.948 s
  Time to train epoch     : 11.426 s


Statistics:
  fps step                    : 15,935
  fps step + policy inference : 15,637
  fps total                   : 14,339
  epoch                       : 2,456 / 3,000
  frames                      : 402,391,040


Policy 0: 
Timing:
  Play time               : 10.599 s
  Update time             : 0.955 s
  Time to train epoch     : 11.555 s


Statistics:
  fps step                    : 15,746
  fps step + policy inference : 15,457
  fps total                   : 14,180
  epoch                       : 2,457 / 3,000
  frames                      : 402,554,880


Policy 0: 
Timing:
  Play time               : 10.491 s
  Update time             : 1.018 s
  Time to train epoch     : 11.509 s


Statistics:
  fps step                    : 15,901
  fps step + policy inference : 15,617
  fps total                   : 14,236
  epoch                       : 2,458 / 3,000
  frames                      : 402,718,720


Policy 0: 
Timing:
  Play time               : 10.484 s
  Update time             : 1.070 s
  Time to train epoch     : 11.554 s


Statistics:
  fps step                    : 15,912
  fps step + policy inference : 15,628
  fps total                   : 14,180
  epoch                       : 2,459 / 3,000
  frames                      : 402,882,560


Policy 0: 
Timing:
  Play time               : 10.473 s
  Update time             : 1.039 s
  Time to train epoch     : 11.513 s


Statistics:
  fps step                    : 15,918
  fps step + policy inference : 15,644
  fps total                   : 14,231
  epoch                       : 2,460 / 3,000
  frames                      : 403,046,400


Policy 0: 
Timing:
  Play time               : 10.452 s
  Update time             : 0.994 s
  Time to train epoch     : 11.447 s


Statistics:
  fps step                    : 15,942
  fps step + policy inference : 15,675
  fps total                   : 14,313
  epoch                       : 2,461 / 3,000
  frames                      : 403,210,240


Policy 0: 
Timing:
  Play time               : 10.474 s
  Update time             : 0.948 s
  Time to train epoch     : 11.422 s


Statistics:
  fps step                    : 15,909
  fps step + policy inference : 15,642
  fps total                   : 14,344
  epoch                       : 2,462 / 3,000
  frames                      : 403,374,080


Policy 0: 
Timing:
  Play time               : 10.443 s
  Update time             : 0.952 s
  Time to train epoch     : 11.395 s


Statistics:
  fps step                    : 15,970
  fps step + policy inference : 15,689
  fps total                   : 14,378
  epoch                       : 2,463 / 3,000
  frames                      : 403,537,920


Policy 0: 
Timing:
  Play time               : 10.467 s
  Update time             : 0.966 s
  Time to train epoch     : 11.434 s


Statistics:
  fps step                    : 15,940
  fps step + policy inference : 15,653
  fps total                   : 14,330
  epoch                       : 2,464 / 3,000
  frames                      : 403,701,760


Policy 0: 
Timing:
  Play time               : 10.492 s
  Update time             : 0.979 s
  Time to train epoch     : 11.471 s


Statistics:
  fps step                    : 15,903
  fps step + policy inference : 15,615
  fps total                   : 14,282
  epoch                       : 2,465 / 3,000
  frames                      : 403,865,600


Policy 0: 
Timing:
  Play time               : 10.726 s
  Update time             : 1.038 s
  Time to train epoch     : 11.764 s


Statistics:
  fps step                    : 15,557
  fps step + policy inference : 15,275
  fps total                   : 13,927
  epoch                       : 2,466 / 3,000
  frames                      : 404,029,440


Policy 0: 
Timing:
  Play time               : 10.575 s
  Update time             : 1.009 s
  Time to train epoch     : 11.584 s


Statistics:
  fps step                    : 15,796
  fps step + policy inference : 15,493
  fps total                   : 14,144
  epoch                       : 2,467 / 3,000
  frames                      : 404,193,280


Policy 0: 
Timing:
  Play time               : 10.540 s
  Update time             : 1.068 s
  Time to train epoch     : 11.608 s


Statistics:
  fps step                    : 15,855
  fps step + policy inference : 15,545
  fps total                   : 14,114
  epoch                       : 2,468 / 3,000
  frames                      : 404,357,120


Policy 0: 
Timing:
  Play time               : 10.538 s
  Update time             : 1.057 s
  Time to train epoch     : 11.595 s


Statistics:
  fps step                    : 15,870
  fps step + policy inference : 15,548
  fps total                   : 14,130
  epoch                       : 2,469 / 3,000
  frames                      : 404,520,960


Policy 0: 
Timing:
  Play time               : 10.553 s
  Update time             : 0.989 s
  Time to train epoch     : 11.542 s


Statistics:
  fps step                    : 15,842
  fps step + policy inference : 15,525
  fps total                   : 14,195
  epoch                       : 2,470 / 3,000
  frames                      : 404,684,800


Policy 0: 
Timing:
  Play time               : 10.564 s
  Update time             : 0.962 s
  Time to train epoch     : 11.526 s


Statistics:
  fps step                    : 15,827
  fps step + policy inference : 15,509
  fps total                   : 14,215
  epoch                       : 2,471 / 3,000
  frames                      : 404,848,640


Policy 0: 
Timing:
  Play time               : 10.508 s
  Update time             : 0.950 s
  Time to train epoch     : 11.458 s


Statistics:
  fps step                    : 15,913
  fps step + policy inference : 15,592
  fps total                   : 14,299
  epoch                       : 2,472 / 3,000
  frames                      : 405,012,480


Policy 0: 
Timing:
  Play time               : 10.527 s
  Update time             : 0.957 s
  Time to train epoch     : 11.485 s


Statistics:
  fps step                    : 15,878
  fps step + policy inference : 15,563
  fps total                   : 14,266
  epoch                       : 2,473 / 3,000
  frames                      : 405,176,320


Policy 0: 
Timing:
  Play time               : 10.509 s
  Update time             : 0.967 s
  Time to train epoch     : 11.476 s


Statistics:
  fps step                    : 15,902
  fps step + policy inference : 15,590
  fps total                   : 14,277
  epoch                       : 2,474 / 3,000
  frames                      : 405,340,160


Policy 0: 
Timing:
  Play time               : 10.520 s
  Update time             : 1.137 s
  Time to train epoch     : 11.657 s


Statistics:
  fps step                    : 15,882
  fps step + policy inference : 15,574
  fps total                   : 14,055
  epoch                       : 2,475 / 3,000
  frames                      : 405,504,000


Policy 0: 
Timing:
  Play time               : 10.530 s
  Update time             : 1.138 s
  Time to train epoch     : 11.668 s


Statistics:
  fps step                    : 15,865
  fps step + policy inference : 15,559
  fps total                   : 14,042
  epoch                       : 2,476 / 3,000
  frames                      : 405,667,840


Policy 0: 
Timing:
  Play time               : 10.504 s
  Update time             : 1.126 s
  Time to train epoch     : 11.630 s


Statistics:
  fps step                    : 15,891
  fps step + policy inference : 15,598
  fps total                   : 14,088
  epoch                       : 2,477 / 3,000
  frames                      : 405,831,680


Policy 0: 
Timing:
  Play time               : 10.487 s
  Update time             : 1.056 s
  Time to train epoch     : 11.543 s


Statistics:
  fps step                    : 15,907
  fps step + policy inference : 15,623
  fps total                   : 14,194
  epoch                       : 2,478 / 3,000
  frames                      : 405,995,520


Policy 0: 
Timing:
  Play time               : 10.484 s
  Update time             : 1.127 s
  Time to train epoch     : 11.611 s


Statistics:
  fps step                    : 15,915
  fps step + policy inference : 15,628
  fps total                   : 14,111
  epoch                       : 2,479 / 3,000
  frames                      : 406,159,360


Policy 0: 
Timing:
  Play time               : 10.462 s
  Update time             : 1.112 s
  Time to train epoch     : 11.574 s


Statistics:
  fps step                    : 15,938
  fps step + policy inference : 15,660
  fps total                   : 14,156
  epoch                       : 2,480 / 3,000
  frames                      : 406,323,200


Policy 0: 
Timing:
  Play time               : 10.460 s
  Update time             : 0.982 s
  Time to train epoch     : 11.442 s


Statistics:
  fps step                    : 15,945
  fps step + policy inference : 15,664
  fps total                   : 14,320
  epoch                       : 2,481 / 3,000
  frames                      : 406,487,040


Policy 0: 
Timing:
  Play time               : 10.416 s
  Update time             : 1.112 s
  Time to train epoch     : 11.528 s


Statistics:
  fps step                    : 16,006
  fps step + policy inference : 15,729
  fps total                   : 14,212
  epoch                       : 2,482 / 3,000
  frames                      : 406,650,880


Policy 0: 
Timing:
  Play time               : 10.374 s
  Update time             : 1.058 s
  Time to train epoch     : 11.432 s


Statistics:
  fps step                    : 16,081
  fps step + policy inference : 15,793
  fps total                   : 14,332
  epoch                       : 2,483 / 3,000
  frames                      : 406,814,720


Policy 0: 
Timing:
  Play time               : 10.516 s
  Update time             : 1.000 s
  Time to train epoch     : 11.516 s


Statistics:
  fps step                    : 15,910
  fps step + policy inference : 15,581
  fps total                   : 14,227
  epoch                       : 2,484 / 3,000
  frames                      : 406,978,560


Policy 0: 
Timing:
  Play time               : 10.447 s
  Update time             : 1.147 s
  Time to train epoch     : 11.594 s


Statistics:
  fps step                    : 15,984
  fps step + policy inference : 15,684
  fps total                   : 14,132
  epoch                       : 2,485 / 3,000
  frames                      : 407,142,400


Policy 0: 
Timing:
  Play time               : 10.464 s
  Update time             : 1.066 s
  Time to train epoch     : 11.530 s


Statistics:
  fps step                    : 15,953
  fps step + policy inference : 15,657
  fps total                   : 14,210
  epoch                       : 2,486 / 3,000
  frames                      : 407,306,240


Policy 0: 
Timing:
  Play time               : 10.453 s
  Update time             : 1.084 s
  Time to train epoch     : 11.537 s


Statistics:
  fps step                    : 15,985
  fps step + policy inference : 15,674
  fps total                   : 14,202
  epoch                       : 2,487 / 3,000
  frames                      : 407,470,080


Policy 0: 
Timing:
  Play time               : 10.384 s
  Update time             : 1.113 s
  Time to train epoch     : 11.497 s


Statistics:
  fps step                    : 16,098
  fps step + policy inference : 15,778
  fps total                   : 14,250
  epoch                       : 2,488 / 3,000
  frames                      : 407,633,920


Policy 0: 
Timing:
  Play time               : 10.432 s
  Update time             : 0.969 s
  Time to train epoch     : 11.402 s


Statistics:
  fps step                    : 16,029
  fps step + policy inference : 15,705
  fps total                   : 14,370
  epoch                       : 2,489 / 3,000
  frames                      : 407,797,760


Policy 0: 
Timing:
  Play time               : 10.490 s
  Update time             : 1.037 s
  Time to train epoch     : 11.527 s


Statistics:
  fps step                    : 15,946
  fps step + policy inference : 15,619
  fps total                   : 14,214
  epoch                       : 2,490 / 3,000
  frames                      : 407,961,600


Policy 0: 
Timing:
  Play time               : 10.527 s
  Update time             : 1.063 s
  Time to train epoch     : 11.590 s


Statistics:
  fps step                    : 15,885
  fps step + policy inference : 15,563
  fps total                   : 14,137
  epoch                       : 2,491 / 3,000
  frames                      : 408,125,440


Policy 0: 
Timing:
  Play time               : 10.644 s
  Update time             : 1.102 s
  Time to train epoch     : 11.745 s


Statistics:
  fps step                    : 15,706
  fps step + policy inference : 15,393
  fps total                   : 13,949
  epoch                       : 2,492 / 3,000
  frames                      : 408,289,280


Policy 0: 
Timing:
  Play time               : 10.707 s
  Update time             : 1.019 s
  Time to train epoch     : 11.726 s


Statistics:
  fps step                    : 15,606
  fps step + policy inference : 15,302
  fps total                   : 13,973
  epoch                       : 2,493 / 3,000
  frames                      : 408,453,120


Policy 0: 
Timing:
  Play time               : 10.544 s
  Update time             : 1.093 s
  Time to train epoch     : 11.636 s


Statistics:
  fps step                    : 15,845
  fps step + policy inference : 15,539
  fps total                   : 14,080
  epoch                       : 2,494 / 3,000
  frames                      : 408,616,960


Policy 0: 
Timing:
  Play time               : 10.484 s
  Update time             : 1.102 s
  Time to train epoch     : 11.586 s


Statistics:
  fps step                    : 15,930
  fps step + policy inference : 15,627
  fps total                   : 14,141
  epoch                       : 2,495 / 3,000
  frames                      : 408,780,800


Policy 0: 
Timing:
  Play time               : 10.419 s
  Update time             : 1.020 s
  Time to train epoch     : 11.440 s


Statistics:
  fps step                    : 16,027
  fps step + policy inference : 15,725
  fps total                   : 14,322
  epoch                       : 2,496 / 3,000
  frames                      : 408,944,640


Policy 0: 
Timing:
  Play time               : 10.463 s
  Update time             : 0.983 s
  Time to train epoch     : 11.447 s


Statistics:
  fps step                    : 15,948
  fps step + policy inference : 15,658
  fps total                   : 14,313
  epoch                       : 2,497 / 3,000
  frames                      : 409,108,480


Policy 0: 
Timing:
  Play time               : 10.467 s
  Update time             : 0.957 s
  Time to train epoch     : 11.424 s


Statistics:
  fps step                    : 15,939
  fps step + policy inference : 15,653
  fps total                   : 14,341
  epoch                       : 2,498 / 3,000
  frames                      : 409,272,320


Policy 0: 
Timing:
  Play time               : 10.443 s
  Update time             : 1.051 s
  Time to train epoch     : 11.495 s


Statistics:
  fps step                    : 15,973
  fps step + policy inference : 15,689
  fps total                   : 14,254
  epoch                       : 2,499 / 3,000
  frames                      : 409,436,160


Policy 0: 
Timing:
  Play time               : 10.472 s
  Update time             : 1.109 s
  Time to train epoch     : 11.580 s


Statistics:
  fps step                    : 15,932
  fps step + policy inference : 15,646
  fps total                   : 14,148
  epoch                       : 2,500 / 3,000
  frames                      : 409,600,000


Policy 0: Saved recovery checkpoint runs/hold_integrate_shared_seed2903/checkpoints/epoch_002500.pth; evaluation_due=False

Timing:
  Play time               : 10.443 s
  Update time             : 1.020 s
  Time to train epoch     : 11.463 s


Statistics:
  fps step                    : 15,966
  fps step + policy inference : 15,688
  fps total                   : 14,293
  epoch                       : 2,501 / 3,000
  frames                      : 409,763,840


Policy 0: 
Timing:
  Play time               : 10.405 s
  Update time             : 0.959 s
  Time to train epoch     : 11.363 s


Statistics:
  fps step                    : 16,027
  fps step + policy inference : 15,747
  fps total                   : 14,418
  epoch                       : 2,502 / 3,000
  frames                      : 409,927,680


Policy 0: 
Timing:
  Play time               : 10.443 s
  Update time             : 1.012 s
  Time to train epoch     : 11.455 s


Statistics:
  fps step                    : 15,981
  fps step + policy inference : 15,689
  fps total                   : 14,303
  epoch                       : 2,503 / 3,000
  frames                      : 410,091,520


Policy 0: 
Timing:
  Play time               : 10.455 s
  Update time             : 1.082 s
  Time to train epoch     : 11.536 s


Statistics:
  fps step                    : 15,959
  fps step + policy inference : 15,671
  fps total                   : 14,202
  epoch                       : 2,504 / 3,000
  frames                      : 410,255,360


Policy 0: 
Timing:
  Play time               : 10.475 s
  Update time             : 1.072 s
  Time to train epoch     : 11.547 s


Statistics:
  fps step                    : 15,933
  fps step + policy inference : 15,641
  fps total                   : 14,189
  epoch                       : 2,505 / 3,000
  frames                      : 410,419,200


Policy 0: 
Timing:
  Play time               : 10.506 s
  Update time             : 0.952 s
  Time to train epoch     : 11.458 s


Statistics:
  fps step                    : 15,900
  fps step + policy inference : 15,595
  fps total                   : 14,299
  epoch                       : 2,506 / 3,000
  frames                      : 410,583,040


Policy 0: 
Timing:
  Play time               : 10.556 s
  Update time             : 0.970 s
  Time to train epoch     : 11.526 s


Statistics:
  fps step                    : 15,838
  fps step + policy inference : 15,521
  fps total                   : 14,215
  epoch                       : 2,507 / 3,000
  frames                      : 410,746,880


Policy 0: 
Timing:
  Play time               : 10.517 s
  Update time             : 1.115 s
  Time to train epoch     : 11.632 s


Statistics:
  fps step                    : 15,894
  fps step + policy inference : 15,579
  fps total                   : 14,085
  epoch                       : 2,508 / 3,000
  frames                      : 410,910,720


Policy 0: 
Timing:
  Play time               : 10.505 s
  Update time             : 1.114 s
  Time to train epoch     : 11.619 s


Statistics:
  fps step                    : 15,911
  fps step + policy inference : 15,596
  fps total                   : 14,101
  epoch                       : 2,509 / 3,000
  frames                      : 411,074,560


Policy 0: 
Timing:
  Play time               : 10.567 s
  Update time             : 1.024 s
  Time to train epoch     : 11.591 s


Statistics:
  fps step                    : 15,816
  fps step + policy inference : 15,504
  fps total                   : 14,135
  epoch                       : 2,510 / 3,000
  frames                      : 411,238,400


Policy 0: 
Timing:
  Play time               : 10.572 s
  Update time             : 0.967 s
  Time to train epoch     : 11.539 s


Statistics:
  fps step                    : 15,816
  fps step + policy inference : 15,498
  fps total                   : 14,199
  epoch                       : 2,511 / 3,000
  frames                      : 411,402,240


Policy 0: 
Timing:
  Play time               : 10.540 s
  Update time             : 0.968 s
  Time to train epoch     : 11.508 s


Statistics:
  fps step                    : 15,856
  fps step + policy inference : 15,544
  fps total                   : 14,237
  epoch                       : 2,512 / 3,000
  frames                      : 411,566,080


Policy 0: 
Timing:
  Play time               : 10.512 s
  Update time             : 1.084 s
  Time to train epoch     : 11.596 s


Statistics:
  fps step                    : 15,906
  fps step + policy inference : 15,586
  fps total                   : 14,129
  epoch                       : 2,513 / 3,000
  frames                      : 411,729,920


Policy 0: 
Timing:
  Play time               : 10.562 s
  Update time             : 1.107 s
  Time to train epoch     : 11.669 s


Statistics:
  fps step                    : 15,823
  fps step + policy inference : 15,512
  fps total                   : 14,040
  epoch                       : 2,514 / 3,000
  frames                      : 411,893,760


Policy 0: 
Timing:
  Play time               : 10.497 s
  Update time             : 1.014 s
  Time to train epoch     : 11.511 s


Statistics:
  fps step                    : 15,903
  fps step + policy inference : 15,608
  fps total                   : 14,233
  epoch                       : 2,515 / 3,000
  frames                      : 412,057,600


Policy 0: 
Timing:
  Play time               : 10.512 s
  Update time             : 0.988 s
  Time to train epoch     : 11.501 s


Statistics:
  fps step                    : 15,877
  fps step + policy inference : 15,586
  fps total                   : 14,246
  epoch                       : 2,516 / 3,000
  frames                      : 412,221,440


Policy 0: 
Timing:
  Play time               : 10.503 s
  Update time             : 0.954 s
  Time to train epoch     : 11.456 s


Statistics:
  fps step                    : 15,889
  fps step + policy inference : 15,600
  fps total                   : 14,301
  epoch                       : 2,517 / 3,000
  frames                      : 412,385,280


Policy 0: 
Timing:
  Play time               : 10.500 s
  Update time             : 0.955 s
  Time to train epoch     : 11.454 s


Statistics:
  fps step                    : 15,885
  fps step + policy inference : 15,604
  fps total                   : 14,304
  epoch                       : 2,518 / 3,000
  frames                      : 412,549,120


Policy 0: 
Timing:
  Play time               : 10.481 s
  Update time             : 1.008 s
  Time to train epoch     : 11.489 s


Statistics:
  fps step                    : 15,911
  fps step + policy inference : 15,632
  fps total                   : 14,261
  epoch                       : 2,519 / 3,000
  frames                      : 412,712,960


Policy 0: 
Timing:
  Play time               : 10.453 s
  Update time             : 1.100 s
  Time to train epoch     : 11.553 s


Statistics:
  fps step                    : 15,953
  fps step + policy inference : 15,674
  fps total                   : 14,181
  epoch                       : 2,520 / 3,000
  frames                      : 412,876,800


Policy 0: 
Timing:
  Play time               : 10.449 s
  Update time             : 1.090 s
  Time to train epoch     : 11.539 s


Statistics:
  fps step                    : 15,961
  fps step + policy inference : 15,681
  fps total                   : 14,199
  epoch                       : 2,521 / 3,000
  frames                      : 413,040,640


Policy 0: 
Timing:
  Play time               : 10.492 s
  Update time             : 1.003 s
  Time to train epoch     : 11.495 s


Statistics:
  fps step                    : 15,896
  fps step + policy inference : 15,615
  fps total                   : 14,253
  epoch                       : 2,522 / 3,000
  frames                      : 413,204,480


Policy 0: 
Timing:
  Play time               : 10.528 s
  Update time             : 0.962 s
  Time to train epoch     : 11.490 s


Statistics:
  fps step                    : 15,852
  fps step + policy inference : 15,562
  fps total                   : 14,259
  epoch                       : 2,523 / 3,000
  frames                      : 413,368,320


Policy 0: 
Timing:
  Play time               : 10.502 s
  Update time             : 0.951 s
  Time to train epoch     : 11.454 s


Statistics:
  fps step                    : 15,899
  fps step + policy inference : 15,600
  fps total                   : 14,305
  epoch                       : 2,524 / 3,000
  frames                      : 413,532,160


Policy 0: 
Timing:
  Play time               : 10.477 s
  Update time             : 1.038 s
  Time to train epoch     : 11.515 s


Statistics:
  fps step                    : 15,943
  fps step + policy inference : 15,638
  fps total                   : 14,228
  epoch                       : 2,525 / 3,000
  frames                      : 413,696,000


Policy 0: 
Timing:
  Play time               : 10.514 s
  Update time             : 1.043 s
  Time to train epoch     : 11.556 s


Statistics:
  fps step                    : 15,891
  fps step + policy inference : 15,583
  fps total                   : 14,178
  epoch                       : 2,526 / 3,000
  frames                      : 413,859,840


Policy 0: 
Timing:
  Play time               : 10.545 s
  Update time             : 1.063 s
  Time to train epoch     : 11.608 s


Statistics:
  fps step                    : 15,852
  fps step + policy inference : 15,538
  fps total                   : 14,114
  epoch                       : 2,527 / 3,000
  frames                      : 414,023,680


Policy 0: 
Timing:
  Play time               : 10.436 s
  Update time             : 1.049 s
  Time to train epoch     : 11.485 s


Statistics:
  fps step                    : 16,017
  fps step + policy inference : 15,700
  fps total                   : 14,265
  epoch                       : 2,528 / 3,000
  frames                      : 414,187,520


Policy 0: 
Timing:
  Play time               : 10.498 s
  Update time             : 0.971 s
  Time to train epoch     : 11.468 s


Statistics:
  fps step                    : 15,927
  fps step + policy inference : 15,607
  fps total                   : 14,286
  epoch                       : 2,529 / 3,000
  frames                      : 414,351,360


Policy 0: 
Timing:
  Play time               : 10.552 s
  Update time             : 0.951 s
  Time to train epoch     : 11.503 s


Statistics:
  fps step                    : 15,841
  fps step + policy inference : 15,527
  fps total                   : 14,244
  epoch                       : 2,530 / 3,000
  frames                      : 414,515,200


Policy 0: 
Timing:
  Play time               : 10.516 s
  Update time             : 0.958 s
  Time to train epoch     : 11.475 s


Statistics:
  fps step                    : 15,892
  fps step + policy inference : 15,580
  fps total                   : 14,278
  epoch                       : 2,531 / 3,000
  frames                      : 414,679,040


Policy 0: 
Timing:
  Play time               : 10.442 s
  Update time             : 1.030 s
  Time to train epoch     : 11.472 s


Statistics:
  fps step                    : 16,002
  fps step + policy inference : 15,690
  fps total                   : 14,282
  epoch                       : 2,532 / 3,000
  frames                      : 414,842,880


Policy 0: 
Timing:
  Play time               : 10.339 s
  Update time             : 1.050 s
  Time to train epoch     : 11.389 s


Statistics:
  fps step                    : 16,169
  fps step + policy inference : 15,847
  fps total                   : 14,386
  epoch                       : 2,533 / 3,000
  frames                      : 415,006,720


Policy 0: 
Timing:
  Play time               : 10.553 s
  Update time             : 1.105 s
  Time to train epoch     : 11.659 s


Statistics:
  fps step                    : 15,836
  fps step + policy inference : 15,525
  fps total                   : 14,053
  epoch                       : 2,534 / 3,000
  frames                      : 415,170,560


Policy 0: 
Timing:
  Play time               : 10.500 s
  Update time             : 1.033 s
  Time to train epoch     : 11.533 s


Statistics:
  fps step                    : 15,901
  fps step + policy inference : 15,604
  fps total                   : 14,206
  epoch                       : 2,535 / 3,000
  frames                      : 415,334,400


Policy 0: 
Timing:
  Play time               : 10.482 s
  Update time             : 0.958 s
  Time to train epoch     : 11.440 s


Statistics:
  fps step                    : 15,915
  fps step + policy inference : 15,631
  fps total                   : 14,322
  epoch                       : 2,536 / 3,000
  frames                      : 415,498,240


Policy 0: 
Timing:
  Play time               : 10.473 s
  Update time             : 0.963 s
  Time to train epoch     : 11.436 s


Statistics:
  fps step                    : 15,928
  fps step + policy inference : 15,645
  fps total                   : 14,327
  epoch                       : 2,537 / 3,000
  frames                      : 415,662,080


Policy 0: 
Timing:
  Play time               : 10.460 s
  Update time             : 0.974 s
  Time to train epoch     : 11.435 s


Statistics:
  fps step                    : 15,943
  fps step + policy inference : 15,663
  fps total                   : 14,329
  epoch                       : 2,538 / 3,000
  frames                      : 415,825,920


Policy 0: 
Timing:
  Play time               : 10.453 s
  Update time             : 0.965 s
  Time to train epoch     : 11.418 s


Statistics:
  fps step                    : 15,958
  fps step + policy inference : 15,675
  fps total                   : 14,349
  epoch                       : 2,539 / 3,000
  frames                      : 415,989,760


Policy 0: 
Timing:
  Play time               : 10.477 s
  Update time             : 1.018 s
  Time to train epoch     : 11.495 s


Statistics:
  fps step                    : 15,918
  fps step + policy inference : 15,638
  fps total                   : 14,253
  epoch                       : 2,540 / 3,000
  frames                      : 416,153,600


Policy 0: 
Timing:
  Play time               : 10.464 s
  Update time             : 1.075 s
  Time to train epoch     : 11.539 s


Statistics:
  fps step                    : 15,932
  fps step + policy inference : 15,657
  fps total                   : 14,198
  epoch                       : 2,541 / 3,000
  frames                      : 416,317,440


Policy 0: 
Timing:
  Play time               : 10.492 s
  Update time             : 1.070 s
  Time to train epoch     : 11.562 s


Statistics:
  fps step                    : 15,900
  fps step + policy inference : 15,615
  fps total                   : 14,171
  epoch                       : 2,542 / 3,000
  frames                      : 416,481,280


Policy 0: 
Timing:
  Play time               : 10.540 s
  Update time             : 0.974 s
  Time to train epoch     : 11.514 s


Statistics:
  fps step                    : 15,830
  fps step + policy inference : 15,545
  fps total                   : 14,230
  epoch                       : 2,543 / 3,000
  frames                      : 416,645,120


Policy 0: 
Timing:
  Play time               : 10.402 s
  Update time             : 0.972 s
  Time to train epoch     : 11.375 s


Statistics:
  fps step                    : 16,056
  fps step + policy inference : 15,750
  fps total                   : 14,404
  epoch                       : 2,544 / 3,000
  frames                      : 416,808,960


Policy 0: 
Timing:
  Play time               : 10.388 s
  Update time             : 0.962 s
  Time to train epoch     : 11.350 s


Statistics:
  fps step                    : 16,090
  fps step + policy inference : 15,772
  fps total                   : 14,436
  epoch                       : 2,545 / 3,000
  frames                      : 416,972,800


Policy 0: 
Timing:
  Play time               : 10.399 s
  Update time             : 1.006 s
  Time to train epoch     : 11.404 s


Statistics:
  fps step                    : 16,082
  fps step + policy inference : 15,756
  fps total                   : 14,366
  epoch                       : 2,546 / 3,000
  frames                      : 417,136,640


Policy 0: 
Timing:
  Play time               : 10.349 s
  Update time             : 1.099 s
  Time to train epoch     : 11.447 s


Statistics:
  fps step                    : 16,160
  fps step + policy inference : 15,832
  fps total                   : 14,313
  epoch                       : 2,547 / 3,000
  frames                      : 417,300,480


Policy 0: 
Timing:
  Play time               : 10.372 s
  Update time             : 1.073 s
  Time to train epoch     : 11.445 s


Statistics:
  fps step                    : 16,126
  fps step + policy inference : 15,796
  fps total                   : 14,315
  epoch                       : 2,548 / 3,000
  frames                      : 417,464,320


Policy 0: 
Timing:
  Play time               : 10.465 s
  Update time             : 1.013 s
  Time to train epoch     : 11.478 s


Statistics:
  fps step                    : 15,976
  fps step + policy inference : 15,656
  fps total                   : 14,274
  epoch                       : 2,549 / 3,000
  frames                      : 417,628,160


Policy 0: 
Timing:
  Play time               : 10.488 s
  Update time             : 0.972 s
  Time to train epoch     : 11.460 s


Statistics:
  fps step                    : 15,939
  fps step + policy inference : 15,621
  fps total                   : 14,297
  epoch                       : 2,550 / 3,000
  frames                      : 417,792,000


Policy 0: 
Timing:
  Play time               : 10.469 s
  Update time             : 0.975 s
  Time to train epoch     : 11.443 s


Statistics:
  fps step                    : 15,966
  fps step + policy inference : 15,651
  fps total                   : 14,318
  epoch                       : 2,551 / 3,000
  frames                      : 417,955,840


Policy 0: 
Timing:
  Play time               : 10.512 s
  Update time             : 0.957 s
  Time to train epoch     : 11.469 s


Statistics:
  fps step                    : 15,896
  fps step + policy inference : 15,585
  fps total                   : 14,285
  epoch                       : 2,552 / 3,000
  frames                      : 418,119,680


Policy 0: 
Timing:
  Play time               : 10.507 s
  Update time             : 0.953 s
  Time to train epoch     : 11.460 s


Statistics:
  fps step                    : 15,902
  fps step + policy inference : 15,594
  fps total                   : 14,297
  epoch                       : 2,553 / 3,000
  frames                      : 418,283,520


Policy 0: 
Timing:
  Play time               : 10.547 s
  Update time             : 0.990 s
  Time to train epoch     : 11.537 s


Statistics:
  fps step                    : 15,833
  fps step + policy inference : 15,534
  fps total                   : 14,201
  epoch                       : 2,554 / 3,000
  frames                      : 418,447,360


Policy 0: 
Timing:
  Play time               : 10.528 s
  Update time             : 1.022 s
  Time to train epoch     : 11.550 s


Statistics:
  fps step                    : 15,856
  fps step + policy inference : 15,563
  fps total                   : 14,186
  epoch                       : 2,555 / 3,000
  frames                      : 418,611,200


Policy 0: 
Timing:
  Play time               : 10.470 s
  Update time             : 1.089 s
  Time to train epoch     : 11.559 s


Statistics:
  fps step                    : 15,935
  fps step + policy inference : 15,648
  fps total                   : 14,174
  epoch                       : 2,556 / 3,000
  frames                      : 418,775,040


Policy 0: 
Timing:
  Play time               : 10.511 s
  Update time             : 1.054 s
  Time to train epoch     : 11.565 s


Statistics:
  fps step                    : 15,856
  fps step + policy inference : 15,587
  fps total                   : 14,167
  epoch                       : 2,557 / 3,000
  frames                      : 418,938,880


Policy 0: 
Timing:
  Play time               : 10.499 s
  Update time             : 0.962 s
  Time to train epoch     : 11.461 s


Statistics:
  fps step                    : 15,878
  fps step + policy inference : 15,605
  fps total                   : 14,295
  epoch                       : 2,558 / 3,000
  frames                      : 419,102,720


Policy 0: 
Timing:
  Play time               : 10.443 s
  Update time             : 0.959 s
  Time to train epoch     : 11.401 s


Statistics:
  fps step                    : 15,971
  fps step + policy inference : 15,690
  fps total                   : 14,370
  epoch                       : 2,559 / 3,000
  frames                      : 419,266,560


Policy 0: 
Timing:
  Play time               : 10.437 s
  Update time             : 0.950 s
  Time to train epoch     : 11.387 s


Statistics:
  fps step                    : 15,977
  fps step + policy inference : 15,697
  fps total                   : 14,388
  epoch                       : 2,560 / 3,000
  frames                      : 419,430,400


Policy 0: 
Timing:
  Play time               : 10.481 s
  Update time             : 0.971 s
  Time to train epoch     : 11.453 s


Statistics:
  fps step                    : 15,912
  fps step + policy inference : 15,632
  fps total                   : 14,306
  epoch                       : 2,561 / 3,000
  frames                      : 419,594,240


Policy 0: 
Timing:
  Play time               : 10.516 s
  Update time             : 1.036 s
  Time to train epoch     : 11.552 s


Statistics:
  fps step                    : 15,870
  fps step + policy inference : 15,581
  fps total                   : 14,183
  epoch                       : 2,562 / 3,000
  frames                      : 419,758,080


Policy 0: 
Timing:
  Play time               : 10.499 s
  Update time             : 1.079 s
  Time to train epoch     : 11.578 s


Statistics:
  fps step                    : 15,903
  fps step + policy inference : 15,605
  fps total                   : 14,151
  epoch                       : 2,563 / 3,000
  frames                      : 419,921,920


Policy 0: 
Timing:
  Play time               : 10.487 s
  Update time             : 1.084 s
  Time to train epoch     : 11.572 s


Statistics:
  fps step                    : 15,923
  fps step + policy inference : 15,623
  fps total                   : 14,159
  epoch                       : 2,564 / 3,000
  frames                      : 420,085,760


Policy 0: 
Timing:
  Play time               : 10.514 s
  Update time             : 0.984 s
  Time to train epoch     : 11.498 s


Statistics:
  fps step                    : 15,889
  fps step + policy inference : 15,583
  fps total                   : 14,249
  epoch                       : 2,565 / 3,000
  frames                      : 420,249,600


Policy 0: 
Timing:
  Play time               : 10.503 s
  Update time             : 0.967 s
  Time to train epoch     : 11.469 s


Statistics:
  fps step                    : 15,911
  fps step + policy inference : 15,600
  fps total                   : 14,285
  epoch                       : 2,566 / 3,000
  frames                      : 420,413,440


Policy 0: 
Timing:
  Play time               : 10.541 s
  Update time             : 0.956 s
  Time to train epoch     : 11.497 s


Statistics:
  fps step                    : 15,863
  fps step + policy inference : 15,543
  fps total                   : 14,251
  epoch                       : 2,567 / 3,000
  frames                      : 420,577,280


Policy 0: 
Timing:
  Play time               : 10.555 s
  Update time             : 0.962 s
  Time to train epoch     : 11.517 s


Statistics:
  fps step                    : 15,847
  fps step + policy inference : 15,523
  fps total                   : 14,226
  epoch                       : 2,568 / 3,000
  frames                      : 420,741,120


Policy 0: 
Timing:
  Play time               : 10.587 s
  Update time             : 1.005 s
  Time to train epoch     : 11.591 s


Statistics:
  fps step                    : 15,796
  fps step + policy inference : 15,476
  fps total                   : 14,135
  epoch                       : 2,569 / 3,000
  frames                      : 420,904,960


Policy 0: 
Timing:
  Play time               : 10.541 s
  Update time             : 1.030 s
  Time to train epoch     : 11.570 s


Statistics:
  fps step                    : 15,861
  fps step + policy inference : 15,543
  fps total                   : 14,160
  epoch                       : 2,570 / 3,000
  frames                      : 421,068,800


Policy 0: 
Timing:
  Play time               : 10.557 s
  Update time             : 1.042 s
  Time to train epoch     : 11.599 s


Statistics:
  fps step                    : 15,824
  fps step + policy inference : 15,519
  fps total                   : 14,125
  epoch                       : 2,571 / 3,000
  frames                      : 421,232,640


Policy 0: 
Timing:
  Play time               : 10.548 s
  Update time             : 1.060 s
  Time to train epoch     : 11.608 s


Statistics:
  fps step                    : 15,840
  fps step + policy inference : 15,533
  fps total                   : 14,114
  epoch                       : 2,572 / 3,000
  frames                      : 421,396,480


Policy 0: 
Timing:
  Play time               : 10.569 s
  Update time             : 1.032 s
  Time to train epoch     : 11.601 s


Statistics:
  fps step                    : 15,798
  fps step + policy inference : 15,502
  fps total                   : 14,123
  epoch                       : 2,573 / 3,000
  frames                      : 421,560,320


Policy 0: 
Timing:
  Play time               : 10.601 s
  Update time             : 0.964 s
  Time to train epoch     : 11.565 s


Statistics:
  fps step                    : 15,755
  fps step + policy inference : 15,455
  fps total                   : 14,167
  epoch                       : 2,574 / 3,000
  frames                      : 421,724,160


Policy 0: 
Timing:
  Play time               : 10.580 s
  Update time             : 0.972 s
  Time to train epoch     : 11.553 s


Statistics:
  fps step                    : 15,775
  fps step + policy inference : 15,486
  fps total                   : 14,182
  epoch                       : 2,575 / 3,000
  frames                      : 421,888,000


Policy 0: 
Timing:
  Play time               : 10.537 s
  Update time             : 0.967 s
  Time to train epoch     : 11.505 s


Statistics:
  fps step                    : 15,832
  fps step + policy inference : 15,548
  fps total                   : 14,241
  epoch                       : 2,576 / 3,000
  frames                      : 422,051,840


Policy 0: 
Timing:
  Play time               : 10.521 s
  Update time             : 0.959 s
  Time to train epoch     : 11.480 s


Statistics:
  fps step                    : 15,852
  fps step + policy inference : 15,573
  fps total                   : 14,272
  epoch                       : 2,577 / 3,000
  frames                      : 422,215,680


Policy 0: 
Timing:
  Play time               : 10.511 s
  Update time             : 1.049 s
  Time to train epoch     : 11.560 s


Statistics:
  fps step                    : 15,869
  fps step + policy inference : 15,588
  fps total                   : 14,174
  epoch                       : 2,578 / 3,000
  frames                      : 422,379,520


Policy 0: 
Timing:
  Play time               : 10.507 s
  Update time             : 1.097 s
  Time to train epoch     : 11.604 s


Statistics:
  fps step                    : 15,870
  fps step + policy inference : 15,594
  fps total                   : 14,120
  epoch                       : 2,579 / 3,000
  frames                      : 422,543,360


Policy 0: 
Timing:
  Play time               : 10.532 s
  Update time             : 1.035 s
  Time to train epoch     : 11.568 s


Statistics:
  fps step                    : 15,837
  fps step + policy inference : 15,556
  fps total                   : 14,163
  epoch                       : 2,580 / 3,000
  frames                      : 422,707,200


Policy 0: 
Timing:
  Play time               : 10.534 s
  Update time             : 0.963 s
  Time to train epoch     : 11.496 s


Statistics:
  fps step                    : 15,846
  fps step + policy inference : 15,554
  fps total                   : 14,251
  epoch                       : 2,581 / 3,000
  frames                      : 422,871,040


Policy 0: 
Timing:
  Play time               : 10.519 s
  Update time             : 0.967 s
  Time to train epoch     : 11.485 s


Statistics:
  fps step                    : 15,872
  fps step + policy inference : 15,576
  fps total                   : 14,265
  epoch                       : 2,582 / 3,000
  frames                      : 423,034,880


Policy 0: 
Timing:
  Play time               : 10.600 s
  Update time             : 0.987 s
  Time to train epoch     : 11.587 s


Statistics:
  fps step                    : 15,760
  fps step + policy inference : 15,457
  fps total                   : 14,140
  epoch                       : 2,583 / 3,000
  frames                      : 423,198,720


Policy 0: 
Timing:
  Play time               : 10.587 s
  Update time             : 1.024 s
  Time to train epoch     : 11.610 s


Statistics:
  fps step                    : 15,787
  fps step + policy inference : 15,476
  fps total                   : 14,111
  epoch                       : 2,584 / 3,000
  frames                      : 423,362,560


Policy 0: 
Timing:
  Play time               : 10.550 s
  Update time             : 1.042 s
  Time to train epoch     : 11.592 s


Statistics:
  fps step                    : 15,831
  fps step + policy inference : 15,530
  fps total                   : 14,134
  epoch                       : 2,585 / 3,000
  frames                      : 423,526,400


Policy 0: 
Timing:
  Play time               : 10.537 s
  Update time             : 1.029 s
  Time to train epoch     : 11.566 s


Statistics:
  fps step                    : 15,859
  fps step + policy inference : 15,549
  fps total                   : 14,166
  epoch                       : 2,586 / 3,000
  frames                      : 423,690,240


Policy 0: 
Timing:
  Play time               : 10.487 s
  Update time             : 1.018 s
  Time to train epoch     : 11.505 s


Statistics:
  fps step                    : 15,943
  fps step + policy inference : 15,624
  fps total                   : 14,241
  epoch                       : 2,587 / 3,000
  frames                      : 423,854,080


Policy 0: 
Timing:
  Play time               : 10.426 s
  Update time             : 1.036 s
  Time to train epoch     : 11.462 s


Statistics:
  fps step                    : 16,034
  fps step + policy inference : 15,714
  fps total                   : 14,294
  epoch                       : 2,588 / 3,000
  frames                      : 424,017,920


Policy 0: 
Timing:
  Play time               : 10.543 s
  Update time             : 0.967 s
  Time to train epoch     : 11.510 s


Statistics:
  fps step                    : 15,856
  fps step + policy inference : 15,540
  fps total                   : 14,234
  epoch                       : 2,589 / 3,000
  frames                      : 424,181,760


Policy 0: 
Timing:
  Play time               : 10.486 s
  Update time             : 0.962 s
  Time to train epoch     : 11.448 s


Statistics:
  fps step                    : 15,942
  fps step + policy inference : 15,625
  fps total                   : 14,311
  epoch                       : 2,590 / 3,000
  frames                      : 424,345,600


Policy 0: 
Timing:
  Play time               : 10.525 s
  Update time             : 0.999 s
  Time to train epoch     : 11.524 s


Statistics:
  fps step                    : 15,877
  fps step + policy inference : 15,567
  fps total                   : 14,218
  epoch                       : 2,591 / 3,000
  frames                      : 424,509,440


Policy 0: 
Timing:
  Play time               : 10.521 s
  Update time             : 0.960 s
  Time to train epoch     : 11.481 s


Statistics:
  fps step                    : 15,875
  fps step + policy inference : 15,573
  fps total                   : 14,271
  epoch                       : 2,592 / 3,000
  frames                      : 424,673,280


Policy 0: 
Timing:
  Play time               : 10.519 s
  Update time             : 0.966 s
  Time to train epoch     : 11.485 s


Statistics:
  fps step                    : 15,875
  fps step + policy inference : 15,576
  fps total                   : 14,266
  epoch                       : 2,593 / 3,000
  frames                      : 424,837,120


Policy 0: 
Timing:
  Play time               : 10.498 s
  Update time             : 1.051 s
  Time to train epoch     : 11.550 s


Statistics:
  fps step                    : 15,903
  fps step + policy inference : 15,606
  fps total                   : 14,185
  epoch                       : 2,594 / 3,000
  frames                      : 425,000,960


Policy 0: 
Timing:
  Play time               : 10.448 s
  Update time             : 1.099 s
  Time to train epoch     : 11.547 s


Statistics:
  fps step                    : 15,975
  fps step + policy inference : 15,682
  fps total                   : 14,189
  epoch                       : 2,595 / 3,000
  frames                      : 425,164,800


Policy 0: 
Timing:
  Play time               : 10.433 s
  Update time             : 1.002 s
  Time to train epoch     : 11.435 s


Statistics:
  fps step                    : 15,990
  fps step + policy inference : 15,704
  fps total                   : 14,328
  epoch                       : 2,596 / 3,000
  frames                      : 425,328,640


Policy 0: 
Timing:
  Play time               : 10.508 s
  Update time             : 0.974 s
  Time to train epoch     : 11.481 s


Statistics:
  fps step                    : 15,872
  fps step + policy inference : 15,593
  fps total                   : 14,270
  epoch                       : 2,597 / 3,000
  frames                      : 425,492,480


Policy 0: 
Timing:
  Play time               : 10.470 s
  Update time             : 0.951 s
  Time to train epoch     : 11.421 s


Statistics:
  fps step                    : 15,920
  fps step + policy inference : 15,649
  fps total                   : 14,345
  epoch                       : 2,598 / 3,000
  frames                      : 425,656,320


Policy 0: 
Timing:
  Play time               : 10.454 s
  Update time             : 0.951 s
  Time to train epoch     : 11.406 s


Statistics:
  fps step                    : 15,948
  fps step + policy inference : 15,672
  fps total                   : 14,365
  epoch                       : 2,599 / 3,000
  frames                      : 425,820,160


Policy 0: 
Timing:
  Play time               : 10.487 s
  Update time             : 0.955 s
  Time to train epoch     : 11.442 s


Statistics:
  fps step                    : 15,911
  fps step + policy inference : 15,623
  fps total                   : 14,319
  epoch                       : 2,600 / 3,000
  frames                      : 425,984,000


Policy 0: 
Timing:
  Play time               : 10.430 s
  Update time             : 0.953 s
  Time to train epoch     : 11.383 s


Statistics:
  fps step                    : 15,999
  fps step + policy inference : 15,709
  fps total                   : 14,394
  epoch                       : 2,601 / 3,000
  frames                      : 426,147,840


Policy 0: 
Timing:
  Play time               : 10.491 s
  Update time             : 1.027 s
  Time to train epoch     : 11.518 s


Statistics:
  fps step                    : 15,915
  fps step + policy inference : 15,617
  fps total                   : 14,225
  epoch                       : 2,602 / 3,000
  frames                      : 426,311,680


Policy 0: 
Timing:
  Play time               : 10.567 s
  Update time             : 1.098 s
  Time to train epoch     : 11.666 s


Statistics:
  fps step                    : 15,803
  fps step + policy inference : 15,504
  fps total                   : 14,045
  epoch                       : 2,603 / 3,000
  frames                      : 426,475,520


Policy 0: 
Timing:
  Play time               : 10.535 s
  Update time             : 1.052 s
  Time to train epoch     : 11.586 s


Statistics:
  fps step                    : 15,851
  fps step + policy inference : 15,552
  fps total                   : 14,141
  epoch                       : 2,604 / 3,000
  frames                      : 426,639,360


Policy 0: 
Timing:
  Play time               : 10.508 s
  Update time             : 0.998 s
  Time to train epoch     : 11.506 s


Statistics:
  fps step                    : 15,904
  fps step + policy inference : 15,592
  fps total                   : 14,240
  epoch                       : 2,605 / 3,000
  frames                      : 426,803,200


Policy 0: 
Timing:
  Play time               : 10.533 s
  Update time             : 0.967 s
  Time to train epoch     : 11.500 s


Statistics:
  fps step                    : 15,867
  fps step + policy inference : 15,555
  fps total                   : 14,247
  epoch                       : 2,606 / 3,000
  frames                      : 426,967,040


Policy 0: 
Timing:
  Play time               : 10.528 s
  Update time             : 0.974 s
  Time to train epoch     : 11.502 s


Statistics:
  fps step                    : 15,877
  fps step + policy inference : 15,562
  fps total                   : 14,244
  epoch                       : 2,607 / 3,000
  frames                      : 427,130,880


Policy 0: 
Timing:
  Play time               : 10.550 s
  Update time             : 0.965 s
  Time to train epoch     : 11.515 s


Statistics:
  fps step                    : 15,844
  fps step + policy inference : 15,530
  fps total                   : 14,229
  epoch                       : 2,608 / 3,000
  frames                      : 427,294,720


Policy 0: 
Timing:
  Play time               : 10.516 s
  Update time             : 0.996 s
  Time to train epoch     : 11.512 s


Statistics:
  fps step                    : 15,893
  fps step + policy inference : 15,580
  fps total                   : 14,232
  epoch                       : 2,609 / 3,000
  frames                      : 427,458,560


Policy 0: 
Timing:
  Play time               : 10.534 s
  Update time             : 1.056 s
  Time to train epoch     : 11.591 s


Statistics:
  fps step                    : 15,856
  fps step + policy inference : 15,553
  fps total                   : 14,136
  epoch                       : 2,610 / 3,000
  frames                      : 427,622,400


Policy 0: 
Timing:
  Play time               : 10.650 s
  Update time             : 1.047 s
  Time to train epoch     : 11.697 s


Statistics:
  fps step                    : 15,683
  fps step + policy inference : 15,385
  fps total                   : 14,007
  epoch                       : 2,611 / 3,000
  frames                      : 427,786,240


Policy 0: 
Timing:
  Play time               : 10.858 s
  Update time             : 1.072 s
  Time to train epoch     : 11.931 s


Statistics:
  fps step                    : 15,371
  fps step + policy inference : 15,089
  fps total                   : 13,733
  epoch                       : 2,612 / 3,000
  frames                      : 427,950,080


Policy 0: 
Timing:
  Play time               : 10.760 s
  Update time             : 0.987 s
  Time to train epoch     : 11.747 s


Statistics:
  fps step                    : 15,513
  fps step + policy inference : 15,227
  fps total                   : 13,948
  epoch                       : 2,613 / 3,000
  frames                      : 428,113,920


Policy 0: 
Timing:
  Play time               : 10.642 s
  Update time             : 0.967 s
  Time to train epoch     : 11.609 s


Statistics:
  fps step                    : 15,684
  fps step + policy inference : 15,396
  fps total                   : 14,113
  epoch                       : 2,614 / 3,000
  frames                      : 428,277,760


Policy 0: 
Timing:
  Play time               : 10.691 s
  Update time             : 1.022 s
  Time to train epoch     : 11.713 s


Statistics:
  fps step                    : 15,599
  fps step + policy inference : 15,326
  fps total                   : 13,988
  epoch                       : 2,615 / 3,000
  frames                      : 428,441,600


Policy 0: 
Timing:
  Play time               : 10.799 s
  Update time             : 0.962 s
  Time to train epoch     : 11.761 s


Statistics:
  fps step                    : 15,439
  fps step + policy inference : 15,172
  fps total                   : 13,931
  epoch                       : 2,616 / 3,000
  frames                      : 428,605,440


Policy 0: 
Timing:
  Play time               : 10.629 s
  Update time             : 1.018 s
  Time to train epoch     : 11.648 s


Statistics:
  fps step                    : 15,682
  fps step + policy inference : 15,414
  fps total                   : 14,067
  epoch                       : 2,617 / 3,000
  frames                      : 428,769,280


Policy 0: 
Timing:
  Play time               : 10.530 s
  Update time             : 1.062 s
  Time to train epoch     : 11.592 s


Statistics:
  fps step                    : 15,839
  fps step + policy inference : 15,559
  fps total                   : 14,134
  epoch                       : 2,618 / 3,000
  frames                      : 428,933,120


Policy 0: 
Timing:
  Play time               : 10.561 s
  Update time             : 1.063 s
  Time to train epoch     : 11.623 s


Statistics:
  fps step                    : 15,794
  fps step + policy inference : 15,514
  fps total                   : 14,096
  epoch                       : 2,619 / 3,000
  frames                      : 429,096,960


Policy 0: 
Timing:
  Play time               : 10.651 s
  Update time             : 1.038 s
  Time to train epoch     : 11.689 s


Statistics:
  fps step                    : 15,662
  fps step + policy inference : 15,382
  fps total                   : 14,016
  epoch                       : 2,620 / 3,000
  frames                      : 429,260,800


Policy 0: 
Timing:
  Play time               : 10.424 s
  Update time             : 0.970 s
  Time to train epoch     : 11.394 s


Statistics:
  fps step                    : 16,015
  fps step + policy inference : 15,718
  fps total                   : 14,380
  epoch                       : 2,621 / 3,000
  frames                      : 429,424,640


Policy 0: 
Timing:
  Play time               : 10.420 s
  Update time             : 0.972 s
  Time to train epoch     : 11.392 s


Statistics:
  fps step                    : 16,035
  fps step + policy inference : 15,723
  fps total                   : 14,382
  epoch                       : 2,622 / 3,000
  frames                      : 429,588,480


Policy 0: 
Timing:
  Play time               : 10.414 s
  Update time             : 0.966 s
  Time to train epoch     : 11.380 s


Statistics:
  fps step                    : 16,045
  fps step + policy inference : 15,732
  fps total                   : 14,397
  epoch                       : 2,623 / 3,000
  frames                      : 429,752,320


Policy 0: 
Timing:
  Play time               : 10.455 s
  Update time             : 0.986 s
  Time to train epoch     : 11.441 s


Statistics:
  fps step                    : 15,987
  fps step + policy inference : 15,671
  fps total                   : 14,321
  epoch                       : 2,624 / 3,000
  frames                      : 429,916,160


Policy 0: 
Timing:
  Play time               : 10.460 s
  Update time             : 1.033 s
  Time to train epoch     : 11.493 s


Statistics:
  fps step                    : 15,985
  fps step + policy inference : 15,663
  fps total                   : 14,255
  epoch                       : 2,625 / 3,000
  frames                      : 430,080,000


Policy 0: 
Timing:
  Play time               : 10.539 s
  Update time             : 1.076 s
  Time to train epoch     : 11.615 s


Statistics:
  fps step                    : 15,866
  fps step + policy inference : 15,546
  fps total                   : 14,106
  epoch                       : 2,626 / 3,000
  frames                      : 430,243,840


Policy 0: 
Timing:
  Play time               : 10.490 s
  Update time             : 1.078 s
  Time to train epoch     : 11.568 s


Statistics:
  fps step                    : 15,933
  fps step + policy inference : 15,619
  fps total                   : 14,163
  epoch                       : 2,627 / 3,000
  frames                      : 430,407,680


Policy 0: 
Timing:
  Play time               : 10.530 s
  Update time             : 0.997 s
  Time to train epoch     : 11.527 s


Statistics:
  fps step                    : 15,870
  fps step + policy inference : 15,560
  fps total                   : 14,214
  epoch                       : 2,628 / 3,000
  frames                      : 430,571,520


Policy 0: 
Timing:
  Play time               : 10.525 s
  Update time             : 0.956 s
  Time to train epoch     : 11.481 s


Statistics:
  fps step                    : 15,881
  fps step + policy inference : 15,567
  fps total                   : 14,271
  epoch                       : 2,629 / 3,000
  frames                      : 430,735,360


Policy 0: 
Timing:
  Play time               : 10.540 s
  Update time             : 0.969 s
  Time to train epoch     : 11.508 s


Statistics:
  fps step                    : 15,853
  fps step + policy inference : 15,545
  fps total                   : 14,237
  epoch                       : 2,630 / 3,000
  frames                      : 430,899,200


Policy 0: 
Timing:
  Play time               : 10.525 s
  Update time             : 0.964 s
  Time to train epoch     : 11.489 s


Statistics:
  fps step                    : 15,871
  fps step + policy inference : 15,567
  fps total                   : 14,260
  epoch                       : 2,631 / 3,000
  frames                      : 431,063,040


Policy 0: 
Timing:
  Play time               : 10.506 s
  Update time             : 0.994 s
  Time to train epoch     : 11.500 s


Statistics:
  fps step                    : 15,894
  fps step + policy inference : 15,595
  fps total                   : 14,247
  epoch                       : 2,632 / 3,000
  frames                      : 431,226,880


Policy 0: 
Timing:
  Play time               : 10.493 s
  Update time             : 1.063 s
  Time to train epoch     : 11.556 s


Statistics:
  fps step                    : 15,907
  fps step + policy inference : 15,614
  fps total                   : 14,178
  epoch                       : 2,633 / 3,000
  frames                      : 431,390,720


Policy 0: 
Timing:
  Play time               : 10.481 s
  Update time             : 1.072 s
  Time to train epoch     : 11.553 s


Statistics:
  fps step                    : 15,919
  fps step + policy inference : 15,632
  fps total                   : 14,182
  epoch                       : 2,634 / 3,000
  frames                      : 431,554,560


Policy 0: 
Timing:
  Play time               : 10.478 s
  Update time             : 1.028 s
  Time to train epoch     : 11.506 s


Statistics:
  fps step                    : 15,926
  fps step + policy inference : 15,637
  fps total                   : 14,240
  epoch                       : 2,635 / 3,000
  frames                      : 431,718,400


Policy 0: 
Timing:
  Play time               : 10.489 s
  Update time             : 0.962 s
  Time to train epoch     : 11.451 s


Statistics:
  fps step                    : 15,901
  fps step + policy inference : 15,620
  fps total                   : 14,308
  epoch                       : 2,636 / 3,000
  frames                      : 431,882,240


Policy 0: 
Timing:
  Play time               : 10.555 s
  Update time             : 0.959 s
  Time to train epoch     : 11.513 s


Statistics:
  fps step                    : 15,807
  fps step + policy inference : 15,523
  fps total                   : 14,231
  epoch                       : 2,637 / 3,000
  frames                      : 432,046,080


Policy 0: 
Timing:
  Play time               : 10.526 s
  Update time             : 0.968 s
  Time to train epoch     : 11.494 s


Statistics:
  fps step                    : 15,848
  fps step + policy inference : 15,565
  fps total                   : 14,254
  epoch                       : 2,638 / 3,000
  frames                      : 432,209,920


Policy 0: 
Timing:
  Play time               : 10.479 s
  Update time             : 0.960 s
  Time to train epoch     : 11.440 s


Statistics:
  fps step                    : 15,921
  fps step + policy inference : 15,635
  fps total                   : 14,322
  epoch                       : 2,639 / 3,000
  frames                      : 432,373,760


Policy 0: 
Timing:
  Play time               : 10.503 s
  Update time             : 0.968 s
  Time to train epoch     : 11.471 s


Statistics:
  fps step                    : 15,889
  fps step + policy inference : 15,600
  fps total                   : 14,283
  epoch                       : 2,640 / 3,000
  frames                      : 432,537,600


Policy 0: 
Timing:
  Play time               : 10.495 s
  Update time             : 1.029 s
  Time to train epoch     : 11.524 s


Statistics:
  fps step                    : 15,905
  fps step + policy inference : 15,612
  fps total                   : 14,217
  epoch                       : 2,641 / 3,000
  frames                      : 432,701,440


Policy 0: 
Timing:
  Play time               : 10.504 s
  Update time             : 1.074 s
  Time to train epoch     : 11.578 s


Statistics:
  fps step                    : 15,889
  fps step + policy inference : 15,597
  fps total                   : 14,151
  epoch                       : 2,642 / 3,000
  frames                      : 432,865,280


Policy 0: 
Timing:
  Play time               : 10.517 s
  Update time             : 1.067 s
  Time to train epoch     : 11.584 s


Statistics:
  fps step                    : 15,879
  fps step + policy inference : 15,578
  fps total                   : 14,144
  epoch                       : 2,643 / 3,000
  frames                      : 433,029,120


Policy 0: 
Timing:
  Play time               : 10.515 s
  Update time             : 0.990 s
  Time to train epoch     : 11.505 s


Statistics:
  fps step                    : 15,886
  fps step + policy inference : 15,582
  fps total                   : 14,241
  epoch                       : 2,644 / 3,000
  frames                      : 433,192,960


Policy 0: 
Timing:
  Play time               : 10.520 s
  Update time             : 0.960 s
  Time to train epoch     : 11.480 s


Statistics:
  fps step                    : 15,885
  fps step + policy inference : 15,574
  fps total                   : 14,272
  epoch                       : 2,645 / 3,000
  frames                      : 433,356,800


Policy 0: 
Timing:
  Play time               : 10.525 s
  Update time             : 0.962 s
  Time to train epoch     : 11.487 s


Statistics:
  fps step                    : 15,886
  fps step + policy inference : 15,567
  fps total                   : 14,263
  epoch                       : 2,646 / 3,000
  frames                      : 433,520,640


Policy 0: 
Timing:
  Play time               : 10.474 s
  Update time             : 0.961 s
  Time to train epoch     : 11.435 s


Statistics:
  fps step                    : 15,952
  fps step + policy inference : 15,642
  fps total                   : 14,328
  epoch                       : 2,647 / 3,000
  frames                      : 433,684,480


Policy 0: 
Timing:
  Play time               : 10.477 s
  Update time             : 0.971 s
  Time to train epoch     : 11.448 s


Statistics:
  fps step                    : 15,952
  fps step + policy inference : 15,638
  fps total                   : 14,312
  epoch                       : 2,648 / 3,000
  frames                      : 433,848,320


Policy 0: 
Timing:
  Play time               : 10.467 s
  Update time             : 0.989 s
  Time to train epoch     : 11.456 s


Statistics:
  fps step                    : 15,962
  fps step + policy inference : 15,653
  fps total                   : 14,302
  epoch                       : 2,649 / 3,000
  frames                      : 434,012,160


Policy 0: 
Timing:
  Play time               : 10.520 s
  Update time             : 1.038 s
  Time to train epoch     : 11.558 s


Statistics:
  fps step                    : 15,882
  fps step + policy inference : 15,574
  fps total                   : 14,175
  epoch                       : 2,650 / 3,000
  frames                      : 434,176,000


Policy 0: 
Timing:
  Play time               : 10.556 s
  Update time             : 1.055 s
  Time to train epoch     : 11.611 s


Statistics:
  fps step                    : 15,822
  fps step + policy inference : 15,521
  fps total                   : 14,111
  epoch                       : 2,651 / 3,000
  frames                      : 434,339,840


Policy 0: 
Timing:
  Play time               : 10.548 s
  Update time             : 1.024 s
  Time to train epoch     : 11.572 s


Statistics:
  fps step                    : 15,824
  fps step + policy inference : 15,533
  fps total                   : 14,158
  epoch                       : 2,652 / 3,000
  frames                      : 434,503,680


Policy 0: 
Timing:
  Play time               : 10.532 s
  Update time             : 0.981 s
  Time to train epoch     : 11.514 s


Statistics:
  fps step                    : 15,847
  fps step + policy inference : 15,556
  fps total                   : 14,230
  epoch                       : 2,653 / 3,000
  frames                      : 434,667,520


Policy 0: 
Timing:
  Play time               : 10.512 s
  Update time             : 0.953 s
  Time to train epoch     : 11.465 s


Statistics:
  fps step                    : 15,869
  fps step + policy inference : 15,586
  fps total                   : 14,290
  epoch                       : 2,654 / 3,000
  frames                      : 434,831,360


Policy 0: 
Timing:
  Play time               : 10.531 s
  Update time             : 0.951 s
  Time to train epoch     : 11.483 s


Statistics:
  fps step                    : 15,837
  fps step + policy inference : 15,558
  fps total                   : 14,269
  epoch                       : 2,655 / 3,000
  frames                      : 434,995,200


Policy 0: 
Timing:
  Play time               : 10.535 s
  Update time             : 0.949 s
  Time to train epoch     : 11.484 s


Statistics:
  fps step                    : 15,831
  fps step + policy inference : 15,553
  fps total                   : 14,267
  epoch                       : 2,656 / 3,000
  frames                      : 435,159,040


Policy 0: 
Timing:
  Play time               : 10.505 s
  Update time             : 0.957 s
  Time to train epoch     : 11.461 s


Statistics:
  fps step                    : 15,882
  fps step + policy inference : 15,597
  fps total                   : 14,295
  epoch                       : 2,657 / 3,000
  frames                      : 435,322,880


Policy 0: 
Timing:
  Play time               : 10.501 s
  Update time             : 0.978 s
  Time to train epoch     : 11.479 s


Statistics:
  fps step                    : 15,886
  fps step + policy inference : 15,602
  fps total                   : 14,273
  epoch                       : 2,658 / 3,000
  frames                      : 435,486,720


Policy 0: 
Timing:
  Play time               : 10.539 s
  Update time             : 1.026 s
  Time to train epoch     : 11.565 s


Statistics:
  fps step                    : 15,834
  fps step + policy inference : 15,546
  fps total                   : 14,167
  epoch                       : 2,659 / 3,000
  frames                      : 435,650,560


Policy 0: 
Timing:
  Play time               : 10.533 s
  Update time             : 1.106 s
  Time to train epoch     : 11.639 s


Statistics:
  fps step                    : 15,844
  fps step + policy inference : 15,554
  fps total                   : 14,077
  epoch                       : 2,660 / 3,000
  frames                      : 435,814,400


Policy 0: 
Timing:
  Play time               : 10.513 s
  Update time             : 1.035 s
  Time to train epoch     : 11.547 s


Statistics:
  fps step                    : 15,878
  fps step + policy inference : 15,585
  fps total                   : 14,188
  epoch                       : 2,661 / 3,000
  frames                      : 435,978,240


Policy 0: 
Timing:
  Play time               : 10.562 s
  Update time             : 0.970 s
  Time to train epoch     : 11.532 s


Statistics:
  fps step                    : 15,815
  fps step + policy inference : 15,512
  fps total                   : 14,207
  epoch                       : 2,662 / 3,000
  frames                      : 436,142,080


Policy 0: 
Timing:
  Play time               : 10.569 s
  Update time             : 0.962 s
  Time to train epoch     : 11.531 s


Statistics:
  fps step                    : 15,806
  fps step + policy inference : 15,502
  fps total                   : 14,208
  epoch                       : 2,663 / 3,000
  frames                      : 436,305,920


Policy 0: 
Timing:
  Play time               : 10.513 s
  Update time             : 0.962 s
  Time to train epoch     : 11.474 s


Statistics:
  fps step                    : 15,897
  fps step + policy inference : 15,585
  fps total                   : 14,279
  epoch                       : 2,664 / 3,000
  frames                      : 436,469,760


Policy 0: 
Timing:
  Play time               : 10.560 s
  Update time             : 0.999 s
  Time to train epoch     : 11.560 s


Statistics:
  fps step                    : 15,821
  fps step + policy inference : 15,514
  fps total                   : 14,173
  epoch                       : 2,665 / 3,000
  frames                      : 436,633,600


Policy 0: 
Timing:
  Play time               : 10.542 s
  Update time             : 1.066 s
  Time to train epoch     : 11.608 s


Statistics:
  fps step                    : 15,854
  fps step + policy inference : 15,542
  fps total                   : 14,114
  epoch                       : 2,666 / 3,000
  frames                      : 436,797,440


Policy 0: 
Timing:
  Play time               : 10.556 s
  Update time             : 1.121 s
  Time to train epoch     : 11.676 s


Statistics:
  fps step                    : 15,830
  fps step + policy inference : 15,521
  fps total                   : 14,032
  epoch                       : 2,667 / 3,000
  frames                      : 436,961,280


Policy 0: 
Timing:
  Play time               : 10.637 s
  Update time             : 1.022 s
  Time to train epoch     : 11.659 s


Statistics:
  fps step                    : 15,709
  fps step + policy inference : 15,403
  fps total                   : 14,053
  epoch                       : 2,668 / 3,000
  frames                      : 437,125,120


Policy 0: 
Timing:
  Play time               : 10.537 s
  Update time             : 0.962 s
  Time to train epoch     : 11.499 s


Statistics:
  fps step                    : 15,847
  fps step + policy inference : 15,549
  fps total                   : 14,248
  epoch                       : 2,669 / 3,000
  frames                      : 437,288,960


Policy 0: 
Timing:
  Play time               : 10.507 s
  Update time             : 0.950 s
  Time to train epoch     : 11.456 s


Statistics:
  fps step                    : 15,900
  fps step + policy inference : 15,594
  fps total                   : 14,301
  epoch                       : 2,670 / 3,000
  frames                      : 437,452,800


Policy 0: 
Timing:
  Play time               : 10.491 s
  Update time             : 0.960 s
  Time to train epoch     : 11.451 s


Statistics:
  fps step                    : 15,912
  fps step + policy inference : 15,617
  fps total                   : 14,308
  epoch                       : 2,671 / 3,000
  frames                      : 437,616,640


Policy 0: 
Timing:
  Play time               : 10.461 s
  Update time             : 0.994 s
  Time to train epoch     : 11.455 s


Statistics:
  fps step                    : 15,955
  fps step + policy inference : 15,662
  fps total                   : 14,303
  epoch                       : 2,672 / 3,000
  frames                      : 437,780,480


Policy 0: 
Timing:
  Play time               : 10.457 s
  Update time             : 0.948 s
  Time to train epoch     : 11.405 s


Statistics:
  fps step                    : 15,958
  fps step + policy inference : 15,668
  fps total                   : 14,366
  epoch                       : 2,673 / 3,000
  frames                      : 437,944,320


Policy 0: 
Timing:
  Play time               : 10.441 s
  Update time             : 1.028 s
  Time to train epoch     : 11.468 s


Statistics:
  fps step                    : 15,977
  fps step + policy inference : 15,692
  fps total                   : 14,286
  epoch                       : 2,674 / 3,000
  frames                      : 438,108,160


Policy 0: 
Timing:
  Play time               : 10.481 s
  Update time             : 1.047 s
  Time to train epoch     : 11.528 s


Statistics:
  fps step                    : 15,910
  fps step + policy inference : 15,632
  fps total                   : 14,212
  epoch                       : 2,675 / 3,000
  frames                      : 438,272,000


Policy 0: 
Timing:
  Play time               : 10.486 s
  Update time             : 1.049 s
  Time to train epoch     : 11.535 s


Statistics:
  fps step                    : 15,904
  fps step + policy inference : 15,624
  fps total                   : 14,203
  epoch                       : 2,676 / 3,000
  frames                      : 438,435,840


Policy 0: 
Timing:
  Play time               : 10.477 s
  Update time             : 0.993 s
  Time to train epoch     : 11.471 s


Statistics:
  fps step                    : 15,917
  fps step + policy inference : 15,638
  fps total                   : 14,284
  epoch                       : 2,677 / 3,000
  frames                      : 438,599,680


Policy 0: 
Timing:
  Play time               : 10.488 s
  Update time             : 0.965 s
  Time to train epoch     : 11.453 s


Statistics:
  fps step                    : 15,911
  fps step + policy inference : 15,622
  fps total                   : 14,305
  epoch                       : 2,678 / 3,000
  frames                      : 438,763,520


Policy 0: 
Timing:
  Play time               : 10.474 s
  Update time             : 0.956 s
  Time to train epoch     : 11.430 s


Statistics:
  fps step                    : 15,933
  fps step + policy inference : 15,642
  fps total                   : 14,334
  epoch                       : 2,679 / 3,000
  frames                      : 438,927,360


Policy 0: 
Timing:
  Play time               : 10.441 s
  Update time             : 0.953 s
  Time to train epoch     : 11.393 s


Statistics:
  fps step                    : 15,988
  fps step + policy inference : 15,692
  fps total                   : 14,380
  epoch                       : 2,680 / 3,000
  frames                      : 439,091,200


Policy 0: 
Timing:
  Play time               : 10.480 s
  Update time             : 0.946 s
  Time to train epoch     : 11.425 s


Statistics:
  fps step                    : 15,925
  fps step + policy inference : 15,634
  fps total                   : 14,340
  epoch                       : 2,681 / 3,000
  frames                      : 439,255,040


Policy 0: 
Timing:
  Play time               : 10.525 s
  Update time             : 0.972 s
  Time to train epoch     : 11.497 s


Statistics:
  fps step                    : 15,869
  fps step + policy inference : 15,566
  fps total                   : 14,251
  epoch                       : 2,682 / 3,000
  frames                      : 439,418,880


Policy 0: 
Timing:
  Play time               : 10.500 s
  Update time             : 1.034 s
  Time to train epoch     : 11.535 s


Statistics:
  fps step                    : 15,913
  fps step + policy inference : 15,603
  fps total                   : 14,204
  epoch                       : 2,683 / 3,000
  frames                      : 439,582,720


Policy 0: 
Timing:
  Play time               : 10.561 s
  Update time             : 1.084 s
  Time to train epoch     : 11.644 s


Statistics:
  fps step                    : 15,826
  fps step + policy inference : 15,514
  fps total                   : 14,070
  epoch                       : 2,684 / 3,000
  frames                      : 439,746,560


Policy 0: 
Timing:
  Play time               : 10.506 s
  Update time             : 1.034 s
  Time to train epoch     : 11.540 s


Statistics:
  fps step                    : 15,903
  fps step + policy inference : 15,595
  fps total                   : 14,198
  epoch                       : 2,685 / 3,000
  frames                      : 439,910,400


Policy 0: 
Timing:
  Play time               : 10.450 s
  Update time             : 1.031 s
  Time to train epoch     : 11.480 s


Statistics:
  fps step                    : 15,989
  fps step + policy inference : 15,679
  fps total                   : 14,271
  epoch                       : 2,686 / 3,000
  frames                      : 440,074,240


Policy 0: 
Timing:
  Play time               : 10.489 s
  Update time             : 0.986 s
  Time to train epoch     : 11.475 s


Statistics:
  fps step                    : 15,926
  fps step + policy inference : 15,620
  fps total                   : 14,278
  epoch                       : 2,687 / 3,000
  frames                      : 440,238,080


Policy 0: 
Timing:
  Play time               : 10.469 s
  Update time             : 0.952 s
  Time to train epoch     : 11.421 s


Statistics:
  fps step                    : 15,945
  fps step + policy inference : 15,650
  fps total                   : 14,346
  epoch                       : 2,688 / 3,000
  frames                      : 440,401,920


Policy 0: 
Timing:
  Play time               : 10.487 s
  Update time             : 0.960 s
  Time to train epoch     : 11.448 s


Statistics:
  fps step                    : 15,921
  fps step + policy inference : 15,623
  fps total                   : 14,312
  epoch                       : 2,689 / 3,000
  frames                      : 440,565,760


Policy 0: 
Timing:
  Play time               : 10.491 s
  Update time             : 0.952 s
  Time to train epoch     : 11.443 s


Statistics:
  fps step                    : 15,912
  fps step + policy inference : 15,617
  fps total                   : 14,318
  epoch                       : 2,690 / 3,000
  frames                      : 440,729,600


Policy 0: 
Timing:
  Play time               : 10.577 s
  Update time             : 1.002 s
  Time to train epoch     : 11.579 s


Statistics:
  fps step                    : 15,781
  fps step + policy inference : 15,490
  fps total                   : 14,150
  epoch                       : 2,691 / 3,000
  frames                      : 440,893,440


Policy 0: 
Timing:
  Play time               : 10.539 s
  Update time             : 1.051 s
  Time to train epoch     : 11.590 s


Statistics:
  fps step                    : 15,841
  fps step + policy inference : 15,546
  fps total                   : 14,136
  epoch                       : 2,692 / 3,000
  frames                      : 441,057,280


Policy 0: 
Timing:
  Play time               : 10.511 s
  Update time             : 1.062 s
  Time to train epoch     : 11.573 s


Statistics:
  fps step                    : 15,876
  fps step + policy inference : 15,588
  fps total                   : 14,157
  epoch                       : 2,693 / 3,000
  frames                      : 441,221,120


Policy 0: 
Timing:
  Play time               : 10.495 s
  Update time             : 1.010 s
  Time to train epoch     : 11.505 s


Statistics:
  fps step                    : 15,894
  fps step + policy inference : 15,612
  fps total                   : 14,241
  epoch                       : 2,694 / 3,000
  frames                      : 441,384,960


Policy 0: 
Timing:
  Play time               : 10.507 s
  Update time             : 0.980 s
  Time to train epoch     : 11.487 s


Statistics:
  fps step                    : 15,880
  fps step + policy inference : 15,594
  fps total                   : 14,263
  epoch                       : 2,695 / 3,000
  frames                      : 441,548,800


Policy 0: 
Timing:
  Play time               : 10.510 s
  Update time             : 0.970 s
  Time to train epoch     : 11.481 s


Statistics:
  fps step                    : 15,870
  fps step + policy inference : 15,589
  fps total                   : 14,271
  epoch                       : 2,696 / 3,000
  frames                      : 441,712,640


Policy 0: 
Timing:
  Play time               : 10.504 s
  Update time             : 0.948 s
  Time to train epoch     : 11.452 s


Statistics:
  fps step                    : 15,880
  fps step + policy inference : 15,599
  fps total                   : 14,307
  epoch                       : 2,697 / 3,000
  frames                      : 441,876,480


Policy 0: 
Timing:
  Play time               : 10.532 s
  Update time             : 0.954 s
  Time to train epoch     : 11.487 s


Statistics:
  fps step                    : 15,843
  fps step + policy inference : 15,556
  fps total                   : 14,263
  epoch                       : 2,698 / 3,000
  frames                      : 442,040,320


Policy 0: 
Timing:
  Play time               : 10.514 s
  Update time             : 0.971 s
  Time to train epoch     : 11.485 s


Statistics:
  fps step                    : 15,879
  fps step + policy inference : 15,584
  fps total                   : 14,266
  epoch                       : 2,699 / 3,000
  frames                      : 442,204,160


Policy 0: 
Timing:
  Play time               : 10.643 s
  Update time             : 1.149 s
  Time to train epoch     : 11.792 s


Statistics:
  fps step                    : 15,677
  fps step + policy inference : 15,394
  fps total                   : 13,894
  epoch                       : 2,700 / 3,000
  frames                      : 442,368,000


Policy 0: 
Timing:
  Play time               : 10.873 s
  Update time             : 1.084 s
  Time to train epoch     : 11.957 s


Statistics:
  fps step                    : 15,345
  fps step + policy inference : 15,068
  fps total                   : 13,702
  epoch                       : 2,701 / 3,000
  frames                      : 442,531,840


Policy 0: 
Timing:
  Play time               : 10.531 s
  Update time             : 1.000 s
  Time to train epoch     : 11.530 s


Statistics:
  fps step                    : 15,861
  fps step + policy inference : 15,558
  fps total                   : 14,210
  epoch                       : 2,702 / 3,000
  frames                      : 442,695,680


Policy 0: 
Timing:
  Play time               : 10.534 s
  Update time             : 0.998 s
  Time to train epoch     : 11.532 s


Statistics:
  fps step                    : 15,859
  fps step + policy inference : 15,554
  fps total                   : 14,208
  epoch                       : 2,703 / 3,000
  frames                      : 442,859,520


Policy 0: 
Timing:
  Play time               : 10.559 s
  Update time             : 0.969 s
  Time to train epoch     : 11.527 s


Statistics:
  fps step                    : 15,825
  fps step + policy inference : 15,517
  fps total                   : 14,213
  epoch                       : 2,704 / 3,000
  frames                      : 443,023,360


Policy 0: 
Timing:
  Play time               : 10.567 s
  Update time             : 0.951 s
  Time to train epoch     : 11.518 s


Statistics:
  fps step                    : 15,814
  fps step + policy inference : 15,505
  fps total                   : 14,225
  epoch                       : 2,705 / 3,000
  frames                      : 443,187,200


Policy 0: 
Timing:
  Play time               : 10.535 s
  Update time             : 0.962 s
  Time to train epoch     : 11.496 s


Statistics:
  fps step                    : 15,856
  fps step + policy inference : 15,553
  fps total                   : 14,252
  epoch                       : 2,706 / 3,000
  frames                      : 443,351,040


Policy 0: 
Timing:
  Play time               : 10.531 s
  Update time             : 1.038 s
  Time to train epoch     : 11.569 s


Statistics:
  fps step                    : 15,858
  fps step + policy inference : 15,557
  fps total                   : 14,162
  epoch                       : 2,707 / 3,000
  frames                      : 443,514,880


Policy 0: 
Timing:
  Play time               : 10.537 s
  Update time             : 1.107 s
  Time to train epoch     : 11.644 s


Statistics:
  fps step                    : 15,845
  fps step + policy inference : 15,549
  fps total                   : 14,071
  epoch                       : 2,708 / 3,000
  frames                      : 443,678,720


Policy 0: 
Timing:
  Play time               : 10.498 s
  Update time             : 1.048 s
  Time to train epoch     : 11.546 s


Statistics:
  fps step                    : 15,900
  fps step + policy inference : 15,607
  fps total                   : 14,190
  epoch                       : 2,709 / 3,000
  frames                      : 443,842,560


Policy 0: 
Timing:
  Play time               : 10.518 s
  Update time             : 0.956 s
  Time to train epoch     : 11.474 s


Statistics:
  fps step                    : 15,869
  fps step + policy inference : 15,577
  fps total                   : 14,279
  epoch                       : 2,710 / 3,000
  frames                      : 444,006,400


Policy 0: 
Timing:
  Play time               : 10.491 s
  Update time             : 0.956 s
  Time to train epoch     : 11.448 s


Statistics:
  fps step                    : 15,901
  fps step + policy inference : 15,617
  fps total                   : 14,312
  epoch                       : 2,711 / 3,000
  frames                      : 444,170,240


Policy 0: 
Timing:
  Play time               : 10.540 s
  Update time             : 0.956 s
  Time to train epoch     : 11.496 s


Statistics:
  fps step                    : 15,834
  fps step + policy inference : 15,544
  fps total                   : 14,251
  epoch                       : 2,712 / 3,000
  frames                      : 444,334,080


Policy 0: 
Timing:
  Play time               : 10.516 s
  Update time             : 0.971 s
  Time to train epoch     : 11.486 s


Statistics:
  fps step                    : 15,866
  fps step + policy inference : 15,581
  fps total                   : 14,264
  epoch                       : 2,713 / 3,000
  frames                      : 444,497,920


Policy 0: 
Timing:
  Play time               : 10.500 s
  Update time             : 0.977 s
  Time to train epoch     : 11.476 s


Statistics:
  fps step                    : 15,884
  fps step + policy inference : 15,604
  fps total                   : 14,276
  epoch                       : 2,714 / 3,000
  frames                      : 444,661,760


Policy 0: 
Timing:
  Play time               : 10.491 s
  Update time             : 1.043 s
  Time to train epoch     : 11.534 s


Statistics:
  fps step                    : 15,897
  fps step + policy inference : 15,617
  fps total                   : 14,205
  epoch                       : 2,715 / 3,000
  frames                      : 444,825,600


Policy 0: 
Timing:
  Play time               : 10.430 s
  Update time             : 1.060 s
  Time to train epoch     : 11.490 s


Statistics:
  fps step                    : 15,992
  fps step + policy inference : 15,708
  fps total                   : 14,259
  epoch                       : 2,716 / 3,000
  frames                      : 444,989,440


Policy 0: 
Timing:
  Play time               : 10.419 s
  Update time             : 1.012 s
  Time to train epoch     : 11.431 s


Statistics:
  fps step                    : 16,013
  fps step + policy inference : 15,726
  fps total                   : 14,334
  epoch                       : 2,717 / 3,000
  frames                      : 445,153,280


Policy 0: 
Timing:
  Play time               : 10.446 s
  Update time             : 0.972 s
  Time to train epoch     : 11.419 s


Statistics:
  fps step                    : 15,982
  fps step + policy inference : 15,684
  fps total                   : 14,349
  epoch                       : 2,718 / 3,000
  frames                      : 445,317,120


Policy 0: 
Timing:
  Play time               : 10.481 s
  Update time             : 0.981 s
  Time to train epoch     : 11.462 s


Statistics:
  fps step                    : 15,926
  fps step + policy inference : 15,632
  fps total                   : 14,294
  epoch                       : 2,719 / 3,000
  frames                      : 445,480,960


Policy 0: 
Timing:
  Play time               : 10.457 s
  Update time             : 0.960 s
  Time to train epoch     : 11.417 s


Statistics:
  fps step                    : 15,964
  fps step + policy inference : 15,668
  fps total                   : 14,351
  epoch                       : 2,720 / 3,000
  frames                      : 445,644,800


Policy 0: 
Timing:
  Play time               : 10.516 s
  Update time             : 0.994 s
  Time to train epoch     : 11.510 s


Statistics:
  fps step                    : 15,882
  fps step + policy inference : 15,580
  fps total                   : 14,234
  epoch                       : 2,721 / 3,000
  frames                      : 445,808,640


Policy 0: 
Timing:
  Play time               : 10.475 s
  Update time             : 1.045 s
  Time to train epoch     : 11.520 s


Statistics:
  fps step                    : 15,948
  fps step + policy inference : 15,642
  fps total                   : 14,222
  epoch                       : 2,722 / 3,000
  frames                      : 445,972,480


Policy 0: 
Timing:
  Play time               : 10.516 s
  Update time             : 1.069 s
  Time to train epoch     : 11.585 s


Statistics:
  fps step                    : 15,887
  fps step + policy inference : 15,580
  fps total                   : 14,142
  epoch                       : 2,723 / 3,000
  frames                      : 446,136,320


Policy 0: 
Timing:
  Play time               : 10.491 s
  Update time             : 1.046 s
  Time to train epoch     : 11.537 s


Statistics:
  fps step                    : 15,930
  fps step + policy inference : 15,618
  fps total                   : 14,201
  epoch                       : 2,724 / 3,000
  frames                      : 446,300,160


Policy 0: 
Timing:
  Play time               : 10.463 s
  Update time             : 0.979 s
  Time to train epoch     : 11.442 s


Statistics:
  fps step                    : 15,973
  fps step + policy inference : 15,659
  fps total                   : 14,319
  epoch                       : 2,725 / 3,000
  frames                      : 446,464,000


Policy 0: 
Timing:
  Play time               : 10.495 s
  Update time             : 0.960 s
  Time to train epoch     : 11.455 s


Statistics:
  fps step                    : 15,955
  fps step + policy inference : 15,611
  fps total                   : 14,303
  epoch                       : 2,726 / 3,000
  frames                      : 446,627,840


Policy 0: 
Timing:
  Play time               : 10.424 s
  Update time             : 0.958 s
  Time to train epoch     : 11.383 s


Statistics:
  fps step                    : 16,023
  fps step + policy inference : 15,717
  fps total                   : 14,394
  epoch                       : 2,727 / 3,000
  frames                      : 446,791,680


Policy 0: 
Timing:
  Play time               : 10.437 s
  Update time             : 0.952 s
  Time to train epoch     : 11.390 s


Statistics:
  fps step                    : 15,997
  fps step + policy inference : 15,697
  fps total                   : 14,385
  epoch                       : 2,728 / 3,000
  frames                      : 446,955,520


Policy 0: 
Timing:
  Play time               : 10.468 s
  Update time             : 0.963 s
  Time to train epoch     : 11.432 s


Statistics:
  fps step                    : 15,955
  fps step + policy inference : 15,651
  fps total                   : 14,332
  epoch                       : 2,729 / 3,000
  frames                      : 447,119,360


Policy 0: 
Timing:
  Play time               : 10.442 s
  Update time             : 1.002 s
  Time to train epoch     : 11.444 s


Statistics:
  fps step                    : 15,989
  fps step + policy inference : 15,691
  fps total                   : 14,316
  epoch                       : 2,730 / 3,000
  frames                      : 447,283,200


Policy 0: 
Timing:
  Play time               : 10.501 s
  Update time             : 1.036 s
  Time to train epoch     : 11.537 s


Statistics:
  fps step                    : 15,905
  fps step + policy inference : 15,603
  fps total                   : 14,201
  epoch                       : 2,731 / 3,000
  frames                      : 447,447,040


Policy 0: 
Timing:
  Play time               : 10.484 s
  Update time             : 1.069 s
  Time to train epoch     : 11.554 s


Statistics:
  fps step                    : 15,916
  fps step + policy inference : 15,627
  fps total                   : 14,181
  epoch                       : 2,732 / 3,000
  frames                      : 447,610,880


Policy 0: 
Timing:
  Play time               : 10.445 s
  Update time             : 1.060 s
  Time to train epoch     : 11.505 s


Statistics:
  fps step                    : 15,977
  fps step + policy inference : 15,686
  fps total                   : 14,241
  epoch                       : 2,733 / 3,000
  frames                      : 447,774,720


Policy 0: 
Timing:
  Play time               : 10.466 s
  Update time             : 0.992 s
  Time to train epoch     : 11.458 s


Statistics:
  fps step                    : 15,945
  fps step + policy inference : 15,655
  fps total                   : 14,299
  epoch                       : 2,734 / 3,000
  frames                      : 447,938,560


Policy 0: 
Timing:
  Play time               : 10.500 s
  Update time             : 0.970 s
  Time to train epoch     : 11.470 s


Statistics:
  fps step                    : 15,894
  fps step + policy inference : 15,604
  fps total                   : 14,284
  epoch                       : 2,735 / 3,000
  frames                      : 448,102,400


Policy 0: 
Timing:
  Play time               : 10.485 s
  Update time             : 0.964 s
  Time to train epoch     : 11.449 s


Statistics:
  fps step                    : 15,922
  fps step + policy inference : 15,627
  fps total                   : 14,310
  epoch                       : 2,736 / 3,000
  frames                      : 448,266,240


Policy 0: 
Timing:
  Play time               : 10.514 s
  Update time             : 0.955 s
  Time to train epoch     : 11.469 s


Statistics:
  fps step                    : 15,875
  fps step + policy inference : 15,583
  fps total                   : 14,286
  epoch                       : 2,737 / 3,000
  frames                      : 448,430,080


Policy 0: 
Timing:
  Play time               : 10.550 s
  Update time             : 0.968 s
  Time to train epoch     : 11.519 s


Statistics:
  fps step                    : 15,823
  fps step + policy inference : 15,530
  fps total                   : 14,224
  epoch                       : 2,738 / 3,000
  frames                      : 448,593,920


Policy 0: 
Timing:
  Play time               : 10.477 s
  Update time             : 0.999 s
  Time to train epoch     : 11.476 s


Statistics:
  fps step                    : 15,933
  fps step + policy inference : 15,638
  fps total                   : 14,277
  epoch                       : 2,739 / 3,000
  frames                      : 448,757,760


Policy 0: 
Timing:
  Play time               : 10.492 s
  Update time             : 1.080 s
  Time to train epoch     : 11.572 s


Statistics:
  fps step                    : 15,917
  fps step + policy inference : 15,616
  fps total                   : 14,158
  epoch                       : 2,740 / 3,000
  frames                      : 448,921,600


Policy 0: 
Timing:
  Play time               : 10.492 s
  Update time             : 1.069 s
  Time to train epoch     : 11.561 s


Statistics:
  fps step                    : 15,917
  fps step + policy inference : 15,616
  fps total                   : 14,172
  epoch                       : 2,741 / 3,000
  frames                      : 449,085,440


Policy 0: 
Timing:
  Play time               : 10.447 s
  Update time             : 0.985 s
  Time to train epoch     : 11.432 s


Statistics:
  fps step                    : 15,988
  fps step + policy inference : 15,683
  fps total                   : 14,332
  epoch                       : 2,742 / 3,000
  frames                      : 449,249,280


Policy 0: 
Timing:
  Play time               : 10.513 s
  Update time             : 0.973 s
  Time to train epoch     : 11.486 s


Statistics:
  fps step                    : 15,891
  fps step + policy inference : 15,584
  fps total                   : 14,265
  epoch                       : 2,743 / 3,000
  frames                      : 449,413,120


Policy 0: 
Timing:
  Play time               : 10.512 s
  Update time             : 0.964 s
  Time to train epoch     : 11.475 s


Statistics:
  fps step                    : 15,897
  fps step + policy inference : 15,587
  fps total                   : 14,278
  epoch                       : 2,744 / 3,000
  frames                      : 449,576,960


Policy 0: 
Timing:
  Play time               : 10.484 s
  Update time             : 0.971 s
  Time to train epoch     : 11.455 s


Statistics:
  fps step                    : 15,940
  fps step + policy inference : 15,627
  fps total                   : 14,303
  epoch                       : 2,745 / 3,000
  frames                      : 449,740,800


Policy 0: 
Timing:
  Play time               : 10.492 s
  Update time             : 0.953 s
  Time to train epoch     : 11.445 s


Statistics:
  fps step                    : 15,919
  fps step + policy inference : 15,615
  fps total                   : 14,315
  epoch                       : 2,746 / 3,000
  frames                      : 449,904,640


Policy 0: 
Timing:
  Play time               : 10.551 s
  Update time             : 0.957 s
  Time to train epoch     : 11.508 s


Statistics:
  fps step                    : 15,833
  fps step + policy inference : 15,529
  fps total                   : 14,237
  epoch                       : 2,747 / 3,000
  frames                      : 450,068,480


Policy 0: 
Timing:
  Play time               : 10.475 s
  Update time             : 0.967 s
  Time to train epoch     : 11.442 s


Statistics:
  fps step                    : 15,937
  fps step + policy inference : 15,641
  fps total                   : 14,319
  epoch                       : 2,748 / 3,000
  frames                      : 450,232,320


Policy 0: 
Timing:
  Play time               : 10.480 s
  Update time             : 1.038 s
  Time to train epoch     : 11.517 s


Statistics:
  fps step                    : 15,929
  fps step + policy inference : 15,634
  fps total                   : 14,225
  epoch                       : 2,749 / 3,000
  frames                      : 450,396,160


Policy 0: 
Timing:
  Play time               : 10.469 s
  Update time             : 1.057 s
  Time to train epoch     : 11.525 s


Statistics:
  fps step                    : 15,942
  fps step + policy inference : 15,650
  fps total                   : 14,216
  epoch                       : 2,750 / 3,000
  frames                      : 450,560,000


Policy 0: Saved recovery checkpoint runs/hold_integrate_shared_seed2903/checkpoints/epoch_002750.pth; evaluation_due=False

Timing:
  Play time               : 10.447 s
  Update time             : 1.055 s
  Time to train epoch     : 11.502 s


Statistics:
  fps step                    : 15,972
  fps step + policy inference : 15,682
  fps total                   : 14,245
  epoch                       : 2,751 / 3,000
  frames                      : 450,723,840


Policy 0: 
Timing:
  Play time               : 10.467 s
  Update time             : 1.013 s
  Time to train epoch     : 11.481 s


Statistics:
  fps step                    : 15,940
  fps step + policy inference : 15,653
  fps total                   : 14,271
  epoch                       : 2,752 / 3,000
  frames                      : 450,887,680


Policy 0: 
Timing:
  Play time               : 10.443 s
  Update time             : 0.985 s
  Time to train epoch     : 11.428 s


Statistics:
  fps step                    : 15,968
  fps step + policy inference : 15,689
  fps total                   : 14,337
  epoch                       : 2,753 / 3,000
  frames                      : 451,051,520


Policy 0: 
Timing:
  Play time               : 10.448 s
  Update time             : 0.954 s
  Time to train epoch     : 11.402 s


Statistics:
  fps step                    : 15,965
  fps step + policy inference : 15,681
  fps total                   : 14,369
  epoch                       : 2,754 / 3,000
  frames                      : 451,215,360


Policy 0: 
Timing:
  Play time               : 10.447 s
  Update time             : 0.950 s
  Time to train epoch     : 11.397 s


Statistics:
  fps step                    : 15,981
  fps step + policy inference : 15,683
  fps total                   : 14,376
  epoch                       : 2,755 / 3,000
  frames                      : 451,379,200


Policy 0: 
Timing:
  Play time               : 10.456 s
  Update time             : 0.964 s
  Time to train epoch     : 11.420 s


Statistics:
  fps step                    : 15,960
  fps step + policy inference : 15,670
  fps total                   : 14,347
  epoch                       : 2,756 / 3,000
  frames                      : 451,543,040


Policy 0: 
Timing:
  Play time               : 10.399 s
  Update time             : 0.951 s
  Time to train epoch     : 11.349 s


Statistics:
  fps step                    : 16,052
  fps step + policy inference : 15,756
  fps total                   : 14,436
  epoch                       : 2,757 / 3,000
  frames                      : 451,706,880


Policy 0: 
Timing:
  Play time               : 10.452 s
  Update time             : 1.009 s
  Time to train epoch     : 11.462 s


Statistics:
  fps step                    : 15,961
  fps step + policy inference : 15,675
  fps total                   : 14,295
  epoch                       : 2,758 / 3,000
  frames                      : 451,870,720


Policy 0: 
Timing:
  Play time               : 10.434 s
  Update time             : 1.042 s
  Time to train epoch     : 11.476 s


Statistics:
  fps step                    : 15,998
  fps step + policy inference : 15,703
  fps total                   : 14,277
  epoch                       : 2,759 / 3,000
  frames                      : 452,034,560


Policy 0: 
Timing:
  Play time               : 10.504 s
  Update time             : 1.077 s
  Time to train epoch     : 11.581 s


Statistics:
  fps step                    : 15,901
  fps step + policy inference : 15,598
  fps total                   : 14,148
  epoch                       : 2,760 / 3,000
  frames                      : 452,198,400


Policy 0: 
Timing:
  Play time               : 10.491 s
  Update time             : 1.016 s
  Time to train epoch     : 11.507 s


Statistics:
  fps step                    : 15,916
  fps step + policy inference : 15,617
  fps total                   : 14,238
  epoch                       : 2,761 / 3,000
  frames                      : 452,362,240


Policy 0: 
Timing:
  Play time               : 10.482 s
  Update time             : 0.951 s
  Time to train epoch     : 11.433 s


Statistics:
  fps step                    : 15,939
  fps step + policy inference : 15,631
  fps total                   : 14,331
  epoch                       : 2,762 / 3,000
  frames                      : 452,526,080


Policy 0: 
Timing:
  Play time               : 10.536 s
  Update time             : 0.954 s
  Time to train epoch     : 11.489 s


Statistics:
  fps step                    : 15,858
  fps step + policy inference : 15,551
  fps total                   : 14,260
  epoch                       : 2,763 / 3,000
  frames                      : 452,689,920


Policy 0: 
Timing:
  Play time               : 10.510 s
  Update time             : 0.955 s
  Time to train epoch     : 11.465 s


Statistics:
  fps step                    : 15,897
  fps step + policy inference : 15,589
  fps total                   : 14,291
  epoch                       : 2,764 / 3,000
  frames                      : 452,853,760


Policy 0: 
Timing:
  Play time               : 10.532 s
  Update time             : 0.981 s
  Time to train epoch     : 11.513 s


Statistics:
  fps step                    : 15,858
  fps step + policy inference : 15,557
  fps total                   : 14,231
  epoch                       : 2,765 / 3,000
  frames                      : 453,017,600


Policy 0: 
Timing:
  Play time               : 10.546 s
  Update time             : 0.958 s
  Time to train epoch     : 11.503 s


Statistics:
  fps step                    : 15,834
  fps step + policy inference : 15,536
  fps total                   : 14,243
  epoch                       : 2,766 / 3,000
  frames                      : 453,181,440


Policy 0: 
Timing:
  Play time               : 10.567 s
  Update time             : 1.028 s
  Time to train epoch     : 11.595 s


Statistics:
  fps step                    : 15,797
  fps step + policy inference : 15,505
  fps total                   : 14,130
  epoch                       : 2,767 / 3,000
  frames                      : 453,345,280


Policy 0: 
Timing:
  Play time               : 10.529 s
  Update time             : 1.062 s
  Time to train epoch     : 11.590 s


Statistics:
  fps step                    : 15,858
  fps step + policy inference : 15,562
  fps total                   : 14,136
  epoch                       : 2,768 / 3,000
  frames                      : 453,509,120


Policy 0: 
Timing:
  Play time               : 10.507 s
  Update time             : 1.028 s
  Time to train epoch     : 11.534 s


Statistics:
  fps step                    : 15,889
  fps step + policy inference : 15,594
  fps total                   : 14,204
  epoch                       : 2,769 / 3,000
  frames                      : 453,672,960


Policy 0: 
Timing:
  Play time               : 10.466 s
  Update time             : 1.027 s
  Time to train epoch     : 11.493 s


Statistics:
  fps step                    : 15,941
  fps step + policy inference : 15,655
  fps total                   : 14,256
  epoch                       : 2,770 / 3,000
  frames                      : 453,836,800


Policy 0: 
Timing:
  Play time               : 10.454 s
  Update time             : 1.017 s
  Time to train epoch     : 11.470 s


Statistics:
  fps step                    : 15,960
  fps step + policy inference : 15,673
  fps total                   : 14,284
  epoch                       : 2,771 / 3,000
  frames                      : 454,000,640


Policy 0: 
Timing:
  Play time               : 10.502 s
  Update time             : 0.971 s
  Time to train epoch     : 11.473 s


Statistics:
  fps step                    : 15,887
  fps step + policy inference : 15,601
  fps total                   : 14,281
  epoch                       : 2,772 / 3,000
  frames                      : 454,164,480


Policy 0: 
Timing:
  Play time               : 10.499 s
  Update time             : 0.966 s
  Time to train epoch     : 11.465 s


Statistics:
  fps step                    : 15,889
  fps step + policy inference : 15,606
  fps total                   : 14,291
  epoch                       : 2,773 / 3,000
  frames                      : 454,328,320


Policy 0: 
Timing:
  Play time               : 10.468 s
  Update time             : 0.952 s
  Time to train epoch     : 11.420 s


Statistics:
  fps step                    : 15,936
  fps step + policy inference : 15,651
  fps total                   : 14,347
  epoch                       : 2,774 / 3,000
  frames                      : 454,492,160


Policy 0: 
Timing:
  Play time               : 10.445 s
  Update time             : 0.959 s
  Time to train epoch     : 11.404 s


Statistics:
  fps step                    : 15,974
  fps step + policy inference : 15,686
  fps total                   : 14,366
  epoch                       : 2,775 / 3,000
  frames                      : 454,656,000


Policy 0: 
Timing:
  Play time               : 10.455 s
  Update time             : 0.976 s
  Time to train epoch     : 11.432 s


Statistics:
  fps step                    : 15,962
  fps step + policy inference : 15,671
  fps total                   : 14,332
  epoch                       : 2,776 / 3,000
  frames                      : 454,819,840


Policy 0: 
Timing:
  Play time               : 10.430 s
  Update time             : 1.017 s
  Time to train epoch     : 11.446 s


Statistics:
  fps step                    : 16,006
  fps step + policy inference : 15,709
  fps total                   : 14,314
  epoch                       : 2,777 / 3,000
  frames                      : 454,983,680


Policy 0: 
Timing:
  Play time               : 10.466 s
  Update time             : 1.084 s
  Time to train epoch     : 11.550 s


Statistics:
  fps step                    : 15,949
  fps step + policy inference : 15,655
  fps total                   : 14,186
  epoch                       : 2,778 / 3,000
  frames                      : 455,147,520


Policy 0: 
Timing:
  Play time               : 10.425 s
  Update time             : 1.056 s
  Time to train epoch     : 11.481 s


Statistics:
  fps step                    : 16,018
  fps step + policy inference : 15,717
  fps total                   : 14,271
  epoch                       : 2,779 / 3,000
  frames                      : 455,311,360


Policy 0: 
Timing:
  Play time               : 10.501 s
  Update time             : 0.988 s
  Time to train epoch     : 11.488 s


Statistics:
  fps step                    : 15,902
  fps step + policy inference : 15,603
  fps total                   : 14,262
  epoch                       : 2,780 / 3,000
  frames                      : 455,475,200


Policy 0: 
Timing:
  Play time               : 10.520 s
  Update time             : 0.995 s
  Time to train epoch     : 11.515 s


Statistics:
  fps step                    : 15,879
  fps step + policy inference : 15,574
  fps total                   : 14,228
  epoch                       : 2,781 / 3,000
  frames                      : 455,639,040


Policy 0: 
Timing:
  Play time               : 10.536 s
  Update time             : 0.950 s
  Time to train epoch     : 11.486 s


Statistics:
  fps step                    : 15,856
  fps step + policy inference : 15,551
  fps total                   : 14,265
  epoch                       : 2,782 / 3,000
  frames                      : 455,802,880


Policy 0: 
Timing:
  Play time               : 10.725 s
  Update time             : 0.955 s
  Time to train epoch     : 11.680 s


Statistics:
  fps step                    : 15,573
  fps step + policy inference : 15,277
  fps total                   : 14,028
  epoch                       : 2,783 / 3,000
  frames                      : 455,966,720


Policy 0: 
Timing:
  Play time               : 10.524 s
  Update time             : 0.960 s
  Time to train epoch     : 11.484 s


Statistics:
  fps step                    : 15,885
  fps step + policy inference : 15,568
  fps total                   : 14,267
  epoch                       : 2,784 / 3,000
  frames                      : 456,130,560


Policy 0: 
Timing:
  Play time               : 10.555 s
  Update time             : 0.977 s
  Time to train epoch     : 11.532 s


Statistics:
  fps step                    : 15,839
  fps step + policy inference : 15,523
  fps total                   : 14,207
  epoch                       : 2,785 / 3,000
  frames                      : 456,294,400


Policy 0: 
Timing:
  Play time               : 10.552 s
  Update time             : 0.967 s
  Time to train epoch     : 11.519 s


Statistics:
  fps step                    : 15,828
  fps step + policy inference : 15,527
  fps total                   : 14,223
  epoch                       : 2,786 / 3,000
  frames                      : 456,458,240


Policy 0: 
Timing:
  Play time               : 10.563 s
  Update time             : 1.046 s
  Time to train epoch     : 11.609 s


Statistics:
  fps step                    : 15,807
  fps step + policy inference : 15,510
  fps total                   : 14,113
  epoch                       : 2,787 / 3,000
  frames                      : 456,622,080


Policy 0: 
Timing:
  Play time               : 10.575 s
  Update time             : 1.104 s
  Time to train epoch     : 11.679 s


Statistics:
  fps step                    : 15,793
  fps step + policy inference : 15,493
  fps total                   : 14,029
  epoch                       : 2,788 / 3,000
  frames                      : 456,785,920


Policy 0: 
Timing:
  Play time               : 10.550 s
  Update time             : 1.043 s
  Time to train epoch     : 11.593 s


Statistics:
  fps step                    : 15,826
  fps step + policy inference : 15,530
  fps total                   : 14,133
  epoch                       : 2,789 / 3,000
  frames                      : 456,949,760


Policy 0: 
Timing:
  Play time               : 10.524 s
  Update time             : 0.989 s
  Time to train epoch     : 11.513 s


Statistics:
  fps step                    : 15,862
  fps step + policy inference : 15,569
  fps total                   : 14,231
  epoch                       : 2,790 / 3,000
  frames                      : 457,113,600


Policy 0: 
Timing:
  Play time               : 10.564 s
  Update time             : 0.955 s
  Time to train epoch     : 11.519 s


Statistics:
  fps step                    : 15,804
  fps step + policy inference : 15,510
  fps total                   : 14,224
  epoch                       : 2,791 / 3,000
  frames                      : 457,277,440


Policy 0: 
Timing:
  Play time               : 10.539 s
  Update time             : 0.965 s
  Time to train epoch     : 11.504 s


Statistics:
  fps step                    : 15,835
  fps step + policy inference : 15,546
  fps total                   : 14,242
  epoch                       : 2,792 / 3,000
  frames                      : 457,441,280


Policy 0: 
Timing:
  Play time               : 10.528 s
  Update time             : 0.976 s
  Time to train epoch     : 11.504 s


Statistics:
  fps step                    : 15,853
  fps step + policy inference : 15,562
  fps total                   : 14,242
  epoch                       : 2,793 / 3,000
  frames                      : 457,605,120


Policy 0: 
Timing:
  Play time               : 10.502 s
  Update time             : 1.044 s
  Time to train epoch     : 11.546 s


Statistics:
  fps step                    : 15,888
  fps step + policy inference : 15,600
  fps total                   : 14,190
  epoch                       : 2,794 / 3,000
  frames                      : 457,768,960


Policy 0: 
Timing:
  Play time               : 10.542 s
  Update time             : 1.110 s
  Time to train epoch     : 11.652 s


Statistics:
  fps step                    : 15,849
  fps step + policy inference : 15,542
  fps total                   : 14,061
  epoch                       : 2,795 / 3,000
  frames                      : 457,932,800


Policy 0: 
Timing:
  Play time               : 10.531 s
  Update time             : 1.046 s
  Time to train epoch     : 11.577 s


Statistics:
  fps step                    : 15,846
  fps step + policy inference : 15,558
  fps total                   : 14,152
  epoch                       : 2,796 / 3,000
  frames                      : 458,096,640


Policy 0: 
Timing:
  Play time               : 10.560 s
  Update time             : 0.960 s
  Time to train epoch     : 11.520 s


Statistics:
  fps step                    : 15,809
  fps step + policy inference : 15,515
  fps total                   : 14,223
  epoch                       : 2,797 / 3,000
  frames                      : 458,260,480


Policy 0: 
Timing:
  Play time               : 10.536 s
  Update time             : 0.974 s
  Time to train epoch     : 11.509 s


Statistics:
  fps step                    : 15,846
  fps step + policy inference : 15,551
  fps total                   : 14,236
  epoch                       : 2,798 / 3,000
  frames                      : 458,424,320


Policy 0: 
Timing:
  Play time               : 10.503 s
  Update time             : 0.949 s
  Time to train epoch     : 11.452 s


Statistics:
  fps step                    : 15,897
  fps step + policy inference : 15,599
  fps total                   : 14,307
  epoch                       : 2,799 / 3,000
  frames                      : 458,588,160


Policy 0: 
Timing:
  Play time               : 10.545 s
  Update time             : 0.953 s
  Time to train epoch     : 11.498 s


Statistics:
  fps step                    : 15,837
  fps step + policy inference : 15,538
  fps total                   : 14,250
  epoch                       : 2,800 / 3,000
  frames                      : 458,752,000


Policy 0: 
Timing:
  Play time               : 10.546 s
  Update time             : 0.957 s
  Time to train epoch     : 11.503 s


Statistics:
  fps step                    : 15,839
  fps step + policy inference : 15,536
  fps total                   : 14,243
  epoch                       : 2,801 / 3,000
  frames                      : 458,915,840


Policy 0: 
Timing:
  Play time               : 10.549 s
  Update time             : 0.961 s
  Time to train epoch     : 11.510 s


Statistics:
  fps step                    : 15,835
  fps step + policy inference : 15,531
  fps total                   : 14,235
  epoch                       : 2,802 / 3,000
  frames                      : 459,079,680


Policy 0: 
Timing:
  Play time               : 10.547 s
  Update time             : 1.033 s
  Time to train epoch     : 11.580 s


Statistics:
  fps step                    : 15,843
  fps step + policy inference : 15,535
  fps total                   : 14,149
  epoch                       : 2,803 / 3,000
  frames                      : 459,243,520


Policy 0: 
Timing:
  Play time               : 10.541 s
  Update time             : 1.065 s
  Time to train epoch     : 11.606 s


Statistics:
  fps step                    : 15,844
  fps step + policy inference : 15,544
  fps total                   : 14,117
  epoch                       : 2,804 / 3,000
  frames                      : 459,407,360


Policy 0: 
Timing:
  Play time               : 10.525 s
  Update time             : 1.047 s
  Time to train epoch     : 11.572 s


Statistics:
  fps step                    : 15,866
  fps step + policy inference : 15,566
  fps total                   : 14,158
  epoch                       : 2,805 / 3,000
  frames                      : 459,571,200


Policy 0: 
Timing:
  Play time               : 10.497 s
  Update time             : 0.994 s
  Time to train epoch     : 11.491 s


Statistics:
  fps step                    : 15,906
  fps step + policy inference : 15,608
  fps total                   : 14,258
  epoch                       : 2,806 / 3,000
  frames                      : 459,735,040


Policy 0: 
Timing:
  Play time               : 10.464 s
  Update time             : 0.979 s
  Time to train epoch     : 11.443 s


Statistics:
  fps step                    : 15,953
  fps step + policy inference : 15,658
  fps total                   : 14,318
  epoch                       : 2,807 / 3,000
  frames                      : 459,898,880


Policy 0: 
Timing:
  Play time               : 10.513 s
  Update time             : 0.953 s
  Time to train epoch     : 11.466 s


Statistics:
  fps step                    : 15,882
  fps step + policy inference : 15,585
  fps total                   : 14,290
  epoch                       : 2,808 / 3,000
  frames                      : 460,062,720


Policy 0: 
Timing:
  Play time               : 10.481 s
  Update time             : 0.957 s
  Time to train epoch     : 11.438 s


Statistics:
  fps step                    : 15,924
  fps step + policy inference : 15,632
  fps total                   : 14,324
  epoch                       : 2,809 / 3,000
  frames                      : 460,226,560


Policy 0: 
Timing:
  Play time               : 10.451 s
  Update time             : 0.966 s
  Time to train epoch     : 11.417 s


Statistics:
  fps step                    : 15,964
  fps step + policy inference : 15,676
  fps total                   : 14,350
  epoch                       : 2,810 / 3,000
  frames                      : 460,390,400


Policy 0: 
Timing:
  Play time               : 10.409 s
  Update time             : 0.956 s
  Time to train epoch     : 11.365 s


Statistics:
  fps step                    : 16,032
  fps step + policy inference : 15,740
  fps total                   : 14,416
  epoch                       : 2,811 / 3,000
  frames                      : 460,554,240


Policy 0: 
Timing:
  Play time               : 10.405 s
  Update time             : 1.018 s
  Time to train epoch     : 11.423 s


Statistics:
  fps step                    : 16,036
  fps step + policy inference : 15,746
  fps total                   : 14,343
  epoch                       : 2,812 / 3,000
  frames                      : 460,718,080


Policy 0: 
Timing:
  Play time               : 10.476 s
  Update time             : 1.073 s
  Time to train epoch     : 11.549 s


Statistics:
  fps step                    : 15,928
  fps step + policy inference : 15,639
  fps total                   : 14,187
  epoch                       : 2,813 / 3,000
  frames                      : 460,881,920


Policy 0: 
Timing:
  Play time               : 10.491 s
  Update time             : 1.059 s
  Time to train epoch     : 11.551 s


Statistics:
  fps step                    : 15,904
  fps step + policy inference : 15,617
  fps total                   : 14,185
  epoch                       : 2,814 / 3,000
  frames                      : 461,045,760


Policy 0: 
Timing:
  Play time               : 10.474 s
  Update time             : 1.006 s
  Time to train epoch     : 11.479 s


Statistics:
  fps step                    : 15,931
  fps step + policy inference : 15,643
  fps total                   : 14,273
  epoch                       : 2,815 / 3,000
  frames                      : 461,209,600


Policy 0: 
Timing:
  Play time               : 10.502 s
  Update time             : 0.955 s
  Time to train epoch     : 11.457 s


Statistics:
  fps step                    : 15,896
  fps step + policy inference : 15,601
  fps total                   : 14,300
  epoch                       : 2,816 / 3,000
  frames                      : 461,373,440


Policy 0: 
Timing:
  Play time               : 10.493 s
  Update time             : 0.960 s
  Time to train epoch     : 11.453 s


Statistics:
  fps step                    : 15,904
  fps step + policy inference : 15,614
  fps total                   : 14,305
  epoch                       : 2,817 / 3,000
  frames                      : 461,537,280


Policy 0: 
Timing:
  Play time               : 10.459 s
  Update time             : 0.948 s
  Time to train epoch     : 11.407 s


Statistics:
  fps step                    : 15,957
  fps step + policy inference : 15,664
  fps total                   : 14,363
  epoch                       : 2,818 / 3,000
  frames                      : 461,701,120


Policy 0: 
Timing:
  Play time               : 10.478 s
  Update time             : 1.052 s
  Time to train epoch     : 11.530 s


Statistics:
  fps step                    : 15,935
  fps step + policy inference : 15,637
  fps total                   : 14,210
  epoch                       : 2,819 / 3,000
  frames                      : 461,864,960


Policy 0: 
Timing:
  Play time               : 10.498 s
  Update time             : 1.078 s
  Time to train epoch     : 11.576 s


Statistics:
  fps step                    : 15,914
  fps step + policy inference : 15,608
  fps total                   : 14,154
  epoch                       : 2,820 / 3,000
  frames                      : 462,028,800


Policy 0: 
Timing:
  Play time               : 10.522 s
  Update time             : 1.051 s
  Time to train epoch     : 11.574 s


Statistics:
  fps step                    : 15,871
  fps step + policy inference : 15,571
  fps total                   : 14,156
  epoch                       : 2,821 / 3,000
  frames                      : 462,192,640


Policy 0: 
Timing:
  Play time               : 10.581 s
  Update time             : 0.988 s
  Time to train epoch     : 11.569 s


Statistics:
  fps step                    : 15,791
  fps step + policy inference : 15,485
  fps total                   : 14,162
  epoch                       : 2,822 / 3,000
  frames                      : 462,356,480


Policy 0: 
Timing:
  Play time               : 10.571 s
  Update time             : 0.975 s
  Time to train epoch     : 11.546 s


Statistics:
  fps step                    : 15,806
  fps step + policy inference : 15,499
  fps total                   : 14,191
  epoch                       : 2,823 / 3,000
  frames                      : 462,520,320


Policy 0: 
Timing:
  Play time               : 10.541 s
  Update time             : 0.985 s
  Time to train epoch     : 11.526 s


Statistics:
  fps step                    : 15,844
  fps step + policy inference : 15,543
  fps total                   : 14,215
  epoch                       : 2,824 / 3,000
  frames                      : 462,684,160


Policy 0: 
Timing:
  Play time               : 10.509 s
  Update time             : 0.958 s
  Time to train epoch     : 11.466 s


Statistics:
  fps step                    : 15,895
  fps step + policy inference : 15,591
  fps total                   : 14,289
  epoch                       : 2,825 / 3,000
  frames                      : 462,848,000


Policy 0: 
Timing:
  Play time               : 10.485 s
  Update time             : 0.952 s
  Time to train epoch     : 11.437 s


Statistics:
  fps step                    : 15,931
  fps step + policy inference : 15,626
  fps total                   : 14,325
  epoch                       : 2,826 / 3,000
  frames                      : 463,011,840


Policy 0: 
Timing:
  Play time               : 10.498 s
  Update time             : 0.977 s
  Time to train epoch     : 11.475 s


Statistics:
  fps step                    : 15,901
  fps step + policy inference : 15,607
  fps total                   : 14,278
  epoch                       : 2,827 / 3,000
  frames                      : 463,175,680


Policy 0: 
Timing:
  Play time               : 10.479 s
  Update time             : 0.994 s
  Time to train epoch     : 11.473 s


Statistics:
  fps step                    : 15,928
  fps step + policy inference : 15,635
  fps total                   : 14,280
  epoch                       : 2,828 / 3,000
  frames                      : 463,339,520


Policy 0: 
Timing:
  Play time               : 10.482 s
  Update time             : 1.079 s
  Time to train epoch     : 11.561 s


Statistics:
  fps step                    : 15,922
  fps step + policy inference : 15,631
  fps total                   : 14,172
  epoch                       : 2,829 / 3,000
  frames                      : 463,503,360


Policy 0: 
Timing:
  Play time               : 10.452 s
  Update time             : 1.077 s
  Time to train epoch     : 11.529 s


Statistics:
  fps step                    : 15,961
  fps step + policy inference : 15,675
  fps total                   : 14,211
  epoch                       : 2,830 / 3,000
  frames                      : 463,667,200


Policy 0: 
Timing:
  Play time               : 10.484 s
  Update time             : 1.000 s
  Time to train epoch     : 11.484 s


Statistics:
  fps step                    : 15,915
  fps step + policy inference : 15,628
  fps total                   : 14,267
  epoch                       : 2,831 / 3,000
  frames                      : 463,831,040


Policy 0: 
Timing:
  Play time               : 10.494 s
  Update time             : 0.992 s
  Time to train epoch     : 11.486 s


Statistics:
  fps step                    : 15,901
  fps step + policy inference : 15,613
  fps total                   : 14,264
  epoch                       : 2,832 / 3,000
  frames                      : 463,994,880


Policy 0: 
Timing:
  Play time               : 10.547 s
  Update time             : 0.949 s
  Time to train epoch     : 11.496 s


Statistics:
  fps step                    : 15,817
  fps step + policy inference : 15,535
  fps total                   : 14,252
  epoch                       : 2,833 / 3,000
  frames                      : 464,158,720


Policy 0: 
Timing:
  Play time               : 10.478 s
  Update time             : 0.957 s
  Time to train epoch     : 11.436 s


Statistics:
  fps step                    : 15,926
  fps step + policy inference : 15,636
  fps total                   : 14,327
  epoch                       : 2,834 / 3,000
  frames                      : 464,322,560


Policy 0: 
Timing:
  Play time               : 10.489 s
  Update time             : 0.956 s
  Time to train epoch     : 11.445 s


Statistics:
  fps step                    : 15,912
  fps step + policy inference : 15,620
  fps total                   : 14,315
  epoch                       : 2,835 / 3,000
  frames                      : 464,486,400


Policy 0: 
Timing:
  Play time               : 10.471 s
  Update time             : 0.985 s
  Time to train epoch     : 11.455 s


Statistics:
  fps step                    : 15,945
  fps step + policy inference : 15,647
  fps total                   : 14,303
  epoch                       : 2,836 / 3,000
  frames                      : 464,650,240


Policy 0: 
Timing:
  Play time               : 10.500 s
  Update time             : 1.049 s
  Time to train epoch     : 11.549 s


Statistics:
  fps step                    : 15,897
  fps step + policy inference : 15,604
  fps total                   : 14,187
  epoch                       : 2,837 / 3,000
  frames                      : 464,814,080


Policy 0: 
Timing:
  Play time               : 10.491 s
  Update time             : 1.074 s
  Time to train epoch     : 11.565 s


Statistics:
  fps step                    : 15,931
  fps step + policy inference : 15,617
  fps total                   : 14,167
  epoch                       : 2,838 / 3,000
  frames                      : 464,977,920


Policy 0: 
Timing:
  Play time               : 10.477 s
  Update time             : 1.029 s
  Time to train epoch     : 11.506 s


Statistics:
  fps step                    : 15,943
  fps step + policy inference : 15,638
  fps total                   : 14,239
  epoch                       : 2,839 / 3,000
  frames                      : 465,141,760


Policy 0: 
Timing:
  Play time               : 10.460 s
  Update time             : 0.970 s
  Time to train epoch     : 11.430 s


Statistics:
  fps step                    : 15,964
  fps step + policy inference : 15,663
  fps total                   : 14,334
  epoch                       : 2,840 / 3,000
  frames                      : 465,305,600


Policy 0: 
Timing:
  Play time               : 10.487 s
  Update time             : 0.963 s
  Time to train epoch     : 11.450 s


Statistics:
  fps step                    : 15,936
  fps step + policy inference : 15,623
  fps total                   : 14,309
  epoch                       : 2,841 / 3,000
  frames                      : 465,469,440


Policy 0: 
Timing:
  Play time               : 10.405 s
  Update time             : 0.961 s
  Time to train epoch     : 11.366 s


Statistics:
  fps step                    : 16,058
  fps step + policy inference : 15,746
  fps total                   : 14,415
  epoch                       : 2,842 / 3,000
  frames                      : 465,633,280


Policy 0: 
Timing:
  Play time               : 10.431 s
  Update time             : 0.962 s
  Time to train epoch     : 11.393 s


Statistics:
  fps step                    : 16,017
  fps step + policy inference : 15,707
  fps total                   : 14,381
  epoch                       : 2,843 / 3,000
  frames                      : 465,797,120


Policy 0: 
Timing:
  Play time               : 10.451 s
  Update time             : 0.972 s
  Time to train epoch     : 11.423 s


Statistics:
  fps step                    : 15,983
  fps step + policy inference : 15,677
  fps total                   : 14,343
  epoch                       : 2,844 / 3,000
  frames                      : 465,960,960


Policy 0: 
Timing:
  Play time               : 10.495 s
  Update time             : 1.066 s
  Time to train epoch     : 11.560 s


Statistics:
  fps step                    : 15,906
  fps step + policy inference : 15,612
  fps total                   : 14,173
  epoch                       : 2,845 / 3,000
  frames                      : 466,124,800


Policy 0: 
Timing:
  Play time               : 10.443 s
  Update time             : 1.111 s
  Time to train epoch     : 11.554 s


Statistics:
  fps step                    : 15,993
  fps step + policy inference : 15,689
  fps total                   : 14,181
  epoch                       : 2,846 / 3,000
  frames                      : 466,288,640


Policy 0: 
Timing:
  Play time               : 10.488 s
  Update time             : 1.033 s
  Time to train epoch     : 11.521 s


Statistics:
  fps step                    : 15,926
  fps step + policy inference : 15,622
  fps total                   : 14,221
  epoch                       : 2,847 / 3,000
  frames                      : 466,452,480


Policy 0: 
Timing:
  Play time               : 10.475 s
  Update time             : 0.992 s
  Time to train epoch     : 11.467 s


Statistics:
  fps step                    : 15,936
  fps step + policy inference : 15,641
  fps total                   : 14,288
  epoch                       : 2,848 / 3,000
  frames                      : 466,616,320


Policy 0: 
Timing:
  Play time               : 10.461 s
  Update time             : 0.988 s
  Time to train epoch     : 11.449 s


Statistics:
  fps step                    : 15,957
  fps step + policy inference : 15,662
  fps total                   : 14,311
  epoch                       : 2,849 / 3,000
  frames                      : 466,780,160


Policy 0: 
Timing:
  Play time               : 10.477 s
  Update time             : 0.961 s
  Time to train epoch     : 11.438 s


Statistics:
  fps step                    : 15,935
  fps step + policy inference : 15,637
  fps total                   : 14,324
  epoch                       : 2,850 / 3,000
  frames                      : 466,944,000


Policy 0: 
Timing:
  Play time               : 10.487 s
  Update time             : 0.958 s
  Time to train epoch     : 11.445 s


Statistics:
  fps step                    : 15,918
  fps step + policy inference : 15,623
  fps total                   : 14,315
  epoch                       : 2,851 / 3,000
  frames                      : 467,107,840


Policy 0: 
Timing:
  Play time               : 10.426 s
  Update time             : 0.993 s
  Time to train epoch     : 11.420 s


Statistics:
  fps step                    : 16,003
  fps step + policy inference : 15,714
  fps total                   : 14,347
  epoch                       : 2,852 / 3,000
  frames                      : 467,271,680


Policy 0: 
Timing:
  Play time               : 10.478 s
  Update time             : 1.076 s
  Time to train epoch     : 11.554 s


Statistics:
  fps step                    : 15,919
  fps step + policy inference : 15,636
  fps total                   : 14,180
  epoch                       : 2,853 / 3,000
  frames                      : 467,435,520


Policy 0: 
Timing:
  Play time               : 10.497 s
  Update time             : 1.064 s
  Time to train epoch     : 11.561 s


Statistics:
  fps step                    : 15,903
  fps step + policy inference : 15,609
  fps total                   : 14,172
  epoch                       : 2,854 / 3,000
  frames                      : 467,599,360


Policy 0: 
Timing:
  Play time               : 10.479 s
  Update time             : 1.029 s
  Time to train epoch     : 11.509 s


Statistics:
  fps step                    : 15,925
  fps step + policy inference : 15,634
  fps total                   : 14,236
  epoch                       : 2,855 / 3,000
  frames                      : 467,763,200


Policy 0: 
Timing:
  Play time               : 10.455 s
  Update time             : 0.957 s
  Time to train epoch     : 11.412 s


Statistics:
  fps step                    : 15,967
  fps step + policy inference : 15,671
  fps total                   : 14,356
  epoch                       : 2,856 / 3,000
  frames                      : 467,927,040


Policy 0: 
Timing:
  Play time               : 10.466 s
  Update time             : 0.963 s
  Time to train epoch     : 11.429 s


Statistics:
  fps step                    : 15,955
  fps step + policy inference : 15,654
  fps total                   : 14,335
  epoch                       : 2,857 / 3,000
  frames                      : 468,090,880


Policy 0: 
Timing:
  Play time               : 10.483 s
  Update time             : 0.964 s
  Time to train epoch     : 11.448 s


Statistics:
  fps step                    : 15,933
  fps step + policy inference : 15,629
  fps total                   : 14,312
  epoch                       : 2,858 / 3,000
  frames                      : 468,254,720


Policy 0: 
Timing:
  Play time               : 10.456 s
  Update time             : 0.956 s
  Time to train epoch     : 11.412 s


Statistics:
  fps step                    : 15,974
  fps step + policy inference : 15,670
  fps total                   : 14,357
  epoch                       : 2,859 / 3,000
  frames                      : 468,418,560


Policy 0: 
Timing:
  Play time               : 10.492 s
  Update time             : 1.000 s
  Time to train epoch     : 11.492 s


Statistics:
  fps step                    : 15,923
  fps step + policy inference : 15,616
  fps total                   : 14,257
  epoch                       : 2,860 / 3,000
  frames                      : 468,582,400


Policy 0: 
Timing:
  Play time               : 10.540 s
  Update time             : 1.107 s
  Time to train epoch     : 11.646 s


Statistics:
  fps step                    : 15,856
  fps step + policy inference : 15,545
  fps total                   : 14,068
  epoch                       : 2,861 / 3,000
  frames                      : 468,746,240


Policy 0: 
Timing:
  Play time               : 10.532 s
  Update time             : 1.088 s
  Time to train epoch     : 11.620 s


Statistics:
  fps step                    : 15,850
  fps step + policy inference : 15,556
  fps total                   : 14,100
  epoch                       : 2,862 / 3,000
  frames                      : 468,910,080


Policy 0: 
Timing:
  Play time               : 10.504 s
  Update time             : 1.010 s
  Time to train epoch     : 11.514 s


Statistics:
  fps step                    : 15,900
  fps step + policy inference : 15,597
  fps total                   : 14,229
  epoch                       : 2,863 / 3,000
  frames                      : 469,073,920


Policy 0: 
Timing:
  Play time               : 10.519 s
  Update time             : 1.000 s
  Time to train epoch     : 11.518 s


Statistics:
  fps step                    : 15,875
  fps step + policy inference : 15,576
  fps total                   : 14,225
  epoch                       : 2,864 / 3,000
  frames                      : 469,237,760


Policy 0: 
Timing:
  Play time               : 10.522 s
  Update time             : 0.955 s
  Time to train epoch     : 11.476 s


Statistics:
  fps step                    : 15,870
  fps step + policy inference : 15,572
  fps total                   : 14,276
  epoch                       : 2,865 / 3,000
  frames                      : 469,401,600


Policy 0: 
Timing:
  Play time               : 10.522 s
  Update time             : 0.990 s
  Time to train epoch     : 11.512 s


Statistics:
  fps step                    : 15,865
  fps step + policy inference : 15,571
  fps total                   : 14,232
  epoch                       : 2,866 / 3,000
  frames                      : 469,565,440


Policy 0: 
Timing:
  Play time               : 10.494 s
  Update time             : 0.955 s
  Time to train epoch     : 11.449 s


Statistics:
  fps step                    : 15,907
  fps step + policy inference : 15,613
  fps total                   : 14,311
  epoch                       : 2,867 / 3,000
  frames                      : 469,729,280


Policy 0: 
Timing:
  Play time               : 10.467 s
  Update time             : 1.005 s
  Time to train epoch     : 11.472 s


Statistics:
  fps step                    : 15,938
  fps step + policy inference : 15,653
  fps total                   : 14,282
  epoch                       : 2,868 / 3,000
  frames                      : 469,893,120


Policy 0: 
Timing:
  Play time               : 10.428 s
  Update time             : 1.011 s
  Time to train epoch     : 11.440 s


Statistics:
  fps step                    : 15,998
  fps step + policy inference : 15,711
  fps total                   : 14,322
  epoch                       : 2,869 / 3,000
  frames                      : 470,056,960


Policy 0: 
Timing:
  Play time               : 10.468 s
  Update time             : 1.047 s
  Time to train epoch     : 11.515 s


Statistics:
  fps step                    : 15,938
  fps step + policy inference : 15,652
  fps total                   : 14,228
  epoch                       : 2,870 / 3,000
  frames                      : 470,220,800


Policy 0: 
Timing:
  Play time               : 10.509 s
  Update time             : 1.046 s
  Time to train epoch     : 11.555 s


Statistics:
  fps step                    : 15,877
  fps step + policy inference : 15,591
  fps total                   : 14,180
  epoch                       : 2,871 / 3,000
  frames                      : 470,384,640


Policy 0: 
Timing:
  Play time               : 10.470 s
  Update time             : 0.959 s
  Time to train epoch     : 11.429 s


Statistics:
  fps step                    : 15,933
  fps step + policy inference : 15,649
  fps total                   : 14,335
  epoch                       : 2,872 / 3,000
  frames                      : 470,548,480


Policy 0: 
Timing:
  Play time               : 10.485 s
  Update time             : 0.973 s
  Time to train epoch     : 11.458 s


Statistics:
  fps step                    : 15,909
  fps step + policy inference : 15,627
  fps total                   : 14,300
  epoch                       : 2,873 / 3,000
  frames                      : 470,712,320


Policy 0: 
Timing:
  Play time               : 10.512 s
  Update time             : 0.951 s
  Time to train epoch     : 11.464 s


Statistics:
  fps step                    : 15,875
  fps step + policy inference : 15,585
  fps total                   : 14,292
  epoch                       : 2,874 / 3,000
  frames                      : 470,876,160


Policy 0: 
Timing:
  Play time               : 10.489 s
  Update time             : 0.948 s
  Time to train epoch     : 11.437 s


Statistics:
  fps step                    : 15,909
  fps step + policy inference : 15,620
  fps total                   : 14,325
  epoch                       : 2,875 / 3,000
  frames                      : 471,040,000


Policy 0: 
Timing:
  Play time               : 10.513 s
  Update time             : 0.968 s
  Time to train epoch     : 11.481 s


Statistics:
  fps step                    : 15,876
  fps step + policy inference : 15,584
  fps total                   : 14,270
  epoch                       : 2,876 / 3,000
  frames                      : 471,203,840


Policy 0: 
Timing:
  Play time               : 10.533 s
  Update time             : 0.991 s
  Time to train epoch     : 11.524 s


Statistics:
  fps step                    : 15,859
  fps step + policy inference : 15,555
  fps total                   : 14,218
  epoch                       : 2,877 / 3,000
  frames                      : 471,367,680


Policy 0: 
Timing:
  Play time               : 10.517 s
  Update time             : 1.085 s
  Time to train epoch     : 11.601 s


Statistics:
  fps step                    : 15,879
  fps step + policy inference : 15,579
  fps total                   : 14,123
  epoch                       : 2,878 / 3,000
  frames                      : 471,531,520


Policy 0: 
Timing:
  Play time               : 10.496 s
  Update time             : 1.075 s
  Time to train epoch     : 11.571 s


Statistics:
  fps step                    : 15,908
  fps step + policy inference : 15,610
  fps total                   : 14,159
  epoch                       : 2,879 / 3,000
  frames                      : 471,695,360


Policy 0: 
Timing:
  Play time               : 10.499 s
  Update time             : 1.007 s
  Time to train epoch     : 11.506 s


Statistics:
  fps step                    : 15,911
  fps step + policy inference : 15,606
  fps total                   : 14,240
  epoch                       : 2,880 / 3,000
  frames                      : 471,859,200


Policy 0: 
Timing:
  Play time               : 10.540 s
  Update time             : 0.973 s
  Time to train epoch     : 11.512 s


Statistics:
  fps step                    : 15,845
  fps step + policy inference : 15,545
  fps total                   : 14,232
  epoch                       : 2,881 / 3,000
  frames                      : 472,023,040


Policy 0: 
Timing:
  Play time               : 10.489 s
  Update time             : 0.950 s
  Time to train epoch     : 11.439 s


Statistics:
  fps step                    : 15,927
  fps step + policy inference : 15,621
  fps total                   : 14,323
  epoch                       : 2,882 / 3,000
  frames                      : 472,186,880


Policy 0: 
Timing:
  Play time               : 10.501 s
  Update time             : 0.958 s
  Time to train epoch     : 11.459 s


Statistics:
  fps step                    : 15,906
  fps step + policy inference : 15,602
  fps total                   : 14,298
  epoch                       : 2,883 / 3,000
  frames                      : 472,350,720


Policy 0: 
Timing:
  Play time               : 10.525 s
  Update time             : 0.980 s
  Time to train epoch     : 11.505 s


Statistics:
  fps step                    : 15,864
  fps step + policy inference : 15,567
  fps total                   : 14,241
  epoch                       : 2,884 / 3,000
  frames                      : 472,514,560


Policy 0: 
Timing:
  Play time               : 10.468 s
  Update time             : 0.965 s
  Time to train epoch     : 11.434 s


Statistics:
  fps step                    : 15,946
  fps step + policy inference : 15,651
  fps total                   : 14,330
  epoch                       : 2,885 / 3,000
  frames                      : 472,678,400


Policy 0: 
Timing:
  Play time               : 10.459 s
  Update time             : 1.002 s
  Time to train epoch     : 11.461 s


Statistics:
  fps step                    : 15,961
  fps step + policy inference : 15,665
  fps total                   : 14,296
  epoch                       : 2,886 / 3,000
  frames                      : 472,842,240


Policy 0: 
Timing:
  Play time               : 10.404 s
  Update time             : 1.071 s
  Time to train epoch     : 11.476 s


Statistics:
  fps step                    : 16,039
  fps step + policy inference : 15,747
  fps total                   : 14,277
  epoch                       : 2,887 / 3,000
  frames                      : 473,006,080


Policy 0: 
Timing:
  Play time               : 10.439 s
  Update time             : 1.066 s
  Time to train epoch     : 11.504 s


Statistics:
  fps step                    : 15,984
  fps step + policy inference : 15,696
  fps total                   : 14,242
  epoch                       : 2,888 / 3,000
  frames                      : 473,169,920


Policy 0: 
Timing:
  Play time               : 10.413 s
  Update time             : 1.018 s
  Time to train epoch     : 11.431 s


Statistics:
  fps step                    : 16,043
  fps step + policy inference : 15,734
  fps total                   : 14,333
  epoch                       : 2,889 / 3,000
  frames                      : 473,333,760


Policy 0: 
Timing:
  Play time               : 10.441 s
  Update time             : 1.000 s
  Time to train epoch     : 11.440 s


Statistics:
  fps step                    : 15,984
  fps step + policy inference : 15,692
  fps total                   : 14,321
  epoch                       : 2,890 / 3,000
  frames                      : 473,497,600


Policy 0: 
Timing:
  Play time               : 10.484 s
  Update time             : 0.946 s
  Time to train epoch     : 11.431 s


Statistics:
  fps step                    : 15,920
  fps step + policy inference : 15,627
  fps total                   : 14,334
  epoch                       : 2,891 / 3,000
  frames                      : 473,661,440


Policy 0: 
Timing:
  Play time               : 10.529 s
  Update time             : 0.966 s
  Time to train epoch     : 11.495 s


Statistics:
  fps step                    : 15,851
  fps step + policy inference : 15,560
  fps total                   : 14,253
  epoch                       : 2,892 / 3,000
  frames                      : 473,825,280


Policy 0: 
Timing:
  Play time               : 10.470 s
  Update time             : 0.985 s
  Time to train epoch     : 11.455 s


Statistics:
  fps step                    : 15,942
  fps step + policy inference : 15,648
  fps total                   : 14,303
  epoch                       : 2,893 / 3,000
  frames                      : 473,989,120


Policy 0: 
Timing:
  Play time               : 10.503 s
  Update time             : 1.045 s
  Time to train epoch     : 11.548 s


Statistics:
  fps step                    : 15,884
  fps step + policy inference : 15,599
  fps total                   : 14,188
  epoch                       : 2,894 / 3,000
  frames                      : 474,152,960


Policy 0: 
Timing:
  Play time               : 10.475 s
  Update time             : 1.084 s
  Time to train epoch     : 11.559 s


Statistics:
  fps step                    : 15,938
  fps step + policy inference : 15,642
  fps total                   : 14,174
  epoch                       : 2,895 / 3,000
  frames                      : 474,316,800


Policy 0: 
Timing:
  Play time               : 10.501 s
  Update time             : 1.028 s
  Time to train epoch     : 11.529 s


Statistics:
  fps step                    : 15,903
  fps step + policy inference : 15,602
  fps total                   : 14,211
  epoch                       : 2,896 / 3,000
  frames                      : 474,480,640


Policy 0: 
Timing:
  Play time               : 10.516 s
  Update time             : 0.968 s
  Time to train epoch     : 11.484 s


Statistics:
  fps step                    : 15,881
  fps step + policy inference : 15,580
  fps total                   : 14,267
  epoch                       : 2,897 / 3,000
  frames                      : 474,644,480


Policy 0: 
Timing:
  Play time               : 10.512 s
  Update time             : 1.019 s
  Time to train epoch     : 11.532 s


Statistics:
  fps step                    : 15,885
  fps step + policy inference : 15,585
  fps total                   : 14,208
  epoch                       : 2,898 / 3,000
  frames                      : 474,808,320


Policy 0: 
Timing:
  Play time               : 10.496 s
  Update time             : 0.955 s
  Time to train epoch     : 11.451 s


Statistics:
  fps step                    : 15,907
  fps step + policy inference : 15,610
  fps total                   : 14,308
  epoch                       : 2,899 / 3,000
  frames                      : 474,972,160


Policy 0: 
Timing:
  Play time               : 10.495 s
  Update time             : 0.950 s
  Time to train epoch     : 11.445 s


Statistics:
  fps step                    : 15,911
  fps step + policy inference : 15,611
  fps total                   : 14,315
  epoch                       : 2,900 / 3,000
  frames                      : 475,136,000


Policy 0: 
Timing:
  Play time               : 10.529 s
  Update time             : 0.994 s
  Time to train epoch     : 11.523 s


Statistics:
  fps step                    : 15,864
  fps step + policy inference : 15,561
  fps total                   : 14,219
  epoch                       : 2,901 / 3,000
  frames                      : 475,299,840


Policy 0: 
Timing:
  Play time               : 10.528 s
  Update time             : 1.097 s
  Time to train epoch     : 11.626 s


Statistics:
  fps step                    : 15,862
  fps step + policy inference : 15,562
  fps total                   : 14,093
  epoch                       : 2,902 / 3,000
  frames                      : 475,463,680


Policy 0: 
Timing:
  Play time               : 10.527 s
  Update time             : 1.089 s
  Time to train epoch     : 11.616 s


Statistics:
  fps step                    : 15,865
  fps step + policy inference : 15,563
  fps total                   : 14,104
  epoch                       : 2,903 / 3,000
  frames                      : 475,627,520


Policy 0: 
Timing:
  Play time               : 10.523 s
  Update time             : 0.992 s
  Time to train epoch     : 11.515 s


Statistics:
  fps step                    : 15,867
  fps step + policy inference : 15,570
  fps total                   : 14,229
  epoch                       : 2,904 / 3,000
  frames                      : 475,791,360


Policy 0: 
Timing:
  Play time               : 10.518 s
  Update time             : 0.971 s
  Time to train epoch     : 11.489 s


Statistics:
  fps step                    : 15,875
  fps step + policy inference : 15,577
  fps total                   : 14,260
  epoch                       : 2,905 / 3,000
  frames                      : 475,955,200


Policy 0: 
Timing:
  Play time               : 10.505 s
  Update time             : 0.948 s
  Time to train epoch     : 11.453 s


Statistics:
  fps step                    : 15,892
  fps step + policy inference : 15,596
  fps total                   : 14,305
  epoch                       : 2,906 / 3,000
  frames                      : 476,119,040


Policy 0: 
Timing:
  Play time               : 10.522 s
  Update time             : 0.951 s
  Time to train epoch     : 11.473 s


Statistics:
  fps step                    : 15,860
  fps step + policy inference : 15,571
  fps total                   : 14,281
  epoch                       : 2,907 / 3,000
  frames                      : 476,282,880


Policy 0: 
Timing:
  Play time               : 10.490 s
  Update time             : 1.007 s
  Time to train epoch     : 11.497 s


Statistics:
  fps step                    : 15,911
  fps step + policy inference : 15,618
  fps total                   : 14,251
  epoch                       : 2,908 / 3,000
  frames                      : 476,446,720


Policy 0: 
Timing:
  Play time               : 10.522 s
  Update time             : 1.035 s
  Time to train epoch     : 11.557 s


Statistics:
  fps step                    : 15,857
  fps step + policy inference : 15,572
  fps total                   : 14,177
  epoch                       : 2,909 / 3,000
  frames                      : 476,610,560


Policy 0: 
Timing:
  Play time               : 10.524 s
  Update time             : 1.044 s
  Time to train epoch     : 11.568 s


Statistics:
  fps step                    : 15,856
  fps step + policy inference : 15,568
  fps total                   : 14,163
  epoch                       : 2,910 / 3,000
  frames                      : 476,774,400


Policy 0: 
Timing:
  Play time               : 10.494 s
  Update time             : 1.023 s
  Time to train epoch     : 11.517 s


Statistics:
  fps step                    : 15,901
  fps step + policy inference : 15,613
  fps total                   : 14,226
  epoch                       : 2,911 / 3,000
  frames                      : 476,938,240


Policy 0: 
Timing:
  Play time               : 10.506 s
  Update time             : 0.963 s
  Time to train epoch     : 11.469 s


Statistics:
  fps step                    : 15,877
  fps step + policy inference : 15,595
  fps total                   : 14,285
  epoch                       : 2,912 / 3,000
  frames                      : 477,102,080


Policy 0: 
Timing:
  Play time               : 10.460 s
  Update time             : 0.964 s
  Time to train epoch     : 11.425 s


Statistics:
  fps step                    : 15,944
  fps step + policy inference : 15,663
  fps total                   : 14,341
  epoch                       : 2,913 / 3,000
  frames                      : 477,265,920


Policy 0: 
Timing:
  Play time               : 10.477 s
  Update time             : 0.948 s
  Time to train epoch     : 11.425 s


Statistics:
  fps step                    : 15,919
  fps step + policy inference : 15,637
  fps total                   : 14,340
  epoch                       : 2,914 / 3,000
  frames                      : 477,429,760


Policy 0: 
Timing:
  Play time               : 10.494 s
  Update time             : 0.952 s
  Time to train epoch     : 11.446 s


Statistics:
  fps step                    : 15,902
  fps step + policy inference : 15,613
  fps total                   : 14,314
  epoch                       : 2,915 / 3,000
  frames                      : 477,593,600


Policy 0: 
Timing:
  Play time               : 10.523 s
  Update time             : 1.087 s
  Time to train epoch     : 11.610 s


Statistics:
  fps step                    : 15,870
  fps step + policy inference : 15,570
  fps total                   : 14,112
  epoch                       : 2,916 / 3,000
  frames                      : 477,757,440


Policy 0: 
Timing:
  Play time               : 10.507 s
  Update time             : 1.056 s
  Time to train epoch     : 11.563 s


Statistics:
  fps step                    : 15,892
  fps step + policy inference : 15,593
  fps total                   : 14,169
  epoch                       : 2,917 / 3,000
  frames                      : 477,921,280


Policy 0: 
Timing:
  Play time               : 10.497 s
  Update time             : 1.057 s
  Time to train epoch     : 11.554 s


Statistics:
  fps step                    : 15,899
  fps step + policy inference : 15,608
  fps total                   : 14,180
  epoch                       : 2,918 / 3,000
  frames                      : 478,085,120


Policy 0: 
Timing:
  Play time               : 10.512 s
  Update time             : 1.000 s
  Time to train epoch     : 11.513 s


Statistics:
  fps step                    : 15,880
  fps step + policy inference : 15,585
  fps total                   : 14,231
  epoch                       : 2,919 / 3,000
  frames                      : 478,248,960


Policy 0: 
Timing:
  Play time               : 10.462 s
  Update time             : 0.956 s
  Time to train epoch     : 11.418 s


Statistics:
  fps step                    : 15,958
  fps step + policy inference : 15,661
  fps total                   : 14,349
  epoch                       : 2,920 / 3,000
  frames                      : 478,412,800


Policy 0: 
Timing:
  Play time               : 10.508 s
  Update time             : 0.982 s
  Time to train epoch     : 11.490 s


Statistics:
  fps step                    : 15,890
  fps step + policy inference : 15,592
  fps total                   : 14,260
  epoch                       : 2,921 / 3,000
  frames                      : 478,576,640


Policy 0: 
Timing:
  Play time               : 10.489 s
  Update time             : 0.947 s
  Time to train epoch     : 11.436 s


Statistics:
  fps step                    : 15,919
  fps step + policy inference : 15,620
  fps total                   : 14,327
  epoch                       : 2,922 / 3,000
  frames                      : 478,740,480


Policy 0: 
Timing:
  Play time               : 10.516 s
  Update time             : 0.947 s
  Time to train epoch     : 11.463 s


Statistics:
  fps step                    : 15,874
  fps step + policy inference : 15,580
  fps total                   : 14,293
  epoch                       : 2,923 / 3,000
  frames                      : 478,904,320


Policy 0: 
Timing:
  Play time               : 10.498 s
  Update time             : 0.994 s
  Time to train epoch     : 11.492 s


Statistics:
  fps step                    : 15,905
  fps step + policy inference : 15,606
  fps total                   : 14,256
  epoch                       : 2,924 / 3,000
  frames                      : 479,068,160


Policy 0: 
Timing:
  Play time               : 10.450 s
  Update time             : 0.962 s
  Time to train epoch     : 11.412 s


Statistics:
  fps step                    : 15,978
  fps step + policy inference : 15,679
  fps total                   : 14,357
  epoch                       : 2,925 / 3,000
  frames                      : 479,232,000


Policy 0: 
Timing:
  Play time               : 10.502 s
  Update time             : 1.017 s
  Time to train epoch     : 11.519 s


Statistics:
  fps step                    : 15,896
  fps step + policy inference : 15,601
  fps total                   : 14,223
  epoch                       : 2,926 / 3,000
  frames                      : 479,395,840


Policy 0: 
Timing:
  Play time               : 10.559 s
  Update time             : 1.041 s
  Time to train epoch     : 11.600 s


Statistics:
  fps step                    : 15,808
  fps step + policy inference : 15,517
  fps total                   : 14,125
  epoch                       : 2,927 / 3,000
  frames                      : 479,559,680


Policy 0: 
Timing:
  Play time               : 10.549 s
  Update time             : 1.051 s
  Time to train epoch     : 11.600 s


Statistics:
  fps step                    : 15,819
  fps step + policy inference : 15,531
  fps total                   : 14,124
  epoch                       : 2,928 / 3,000
  frames                      : 479,723,520


Policy 0: 
Timing:
  Play time               : 10.613 s
  Update time             : 1.027 s
  Time to train epoch     : 11.639 s


Statistics:
  fps step                    : 15,715
  fps step + policy inference : 15,438
  fps total                   : 14,076
  epoch                       : 2,929 / 3,000
  frames                      : 479,887,360


Policy 0: 
Timing:
  Play time               : 10.447 s
  Update time             : 0.953 s
  Time to train epoch     : 11.399 s


Statistics:
  fps step                    : 15,969
  fps step + policy inference : 15,684
  fps total                   : 14,373
  epoch                       : 2,930 / 3,000
  frames                      : 480,051,200


Policy 0: 
Timing:
  Play time               : 10.440 s
  Update time             : 0.956 s
  Time to train epoch     : 11.395 s


Statistics:
  fps step                    : 15,985
  fps step + policy inference : 15,694
  fps total                   : 14,378
  epoch                       : 2,931 / 3,000
  frames                      : 480,215,040


Policy 0: 
Timing:
  Play time               : 10.383 s
  Update time             : 0.975 s
  Time to train epoch     : 11.358 s


Statistics:
  fps step                    : 16,068
  fps step + policy inference : 15,780
  fps total                   : 14,425
  epoch                       : 2,932 / 3,000
  frames                      : 480,378,880


Policy 0: 
Timing:
  Play time               : 10.475 s
  Update time             : 0.960 s
  Time to train epoch     : 11.435 s


Statistics:
  fps step                    : 15,928
  fps step + policy inference : 15,641
  fps total                   : 14,328
  epoch                       : 2,933 / 3,000
  frames                      : 480,542,720


Policy 0: 
Timing:
  Play time               : 10.520 s
  Update time             : 0.959 s
  Time to train epoch     : 11.479 s


Statistics:
  fps step                    : 15,871
  fps step + policy inference : 15,575
  fps total                   : 14,273
  epoch                       : 2,934 / 3,000
  frames                      : 480,706,560


Policy 0: 
Timing:
  Play time               : 10.493 s
  Update time             : 1.008 s
  Time to train epoch     : 11.501 s


Statistics:
  fps step                    : 15,909
  fps step + policy inference : 15,614
  fps total                   : 14,246
  epoch                       : 2,935 / 3,000
  frames                      : 480,870,400


Policy 0: 
Timing:
  Play time               : 10.533 s
  Update time             : 1.090 s
  Time to train epoch     : 11.624 s


Statistics:
  fps step                    : 15,854
  fps step + policy inference : 15,555
  fps total                   : 14,095
  epoch                       : 2,936 / 3,000
  frames                      : 481,034,240


Policy 0: 
Timing:
  Play time               : 10.516 s
  Update time             : 1.073 s
  Time to train epoch     : 11.589 s


Statistics:
  fps step                    : 15,880
  fps step + policy inference : 15,580
  fps total                   : 14,138
  epoch                       : 2,937 / 3,000
  frames                      : 481,198,080


Policy 0: 
Timing:
  Play time               : 10.493 s
  Update time             : 0.972 s
  Time to train epoch     : 11.465 s


Statistics:
  fps step                    : 15,913
  fps step + policy inference : 15,614
  fps total                   : 14,290
  epoch                       : 2,938 / 3,000
  frames                      : 481,361,920


Policy 0: 
Timing:
  Play time               : 10.494 s
  Update time             : 0.959 s
  Time to train epoch     : 11.453 s


Statistics:
  fps step                    : 15,910
  fps step + policy inference : 15,612
  fps total                   : 14,305
  epoch                       : 2,939 / 3,000
  frames                      : 481,525,760


Policy 0: 
Timing:
  Play time               : 10.466 s
  Update time             : 0.956 s
  Time to train epoch     : 11.421 s


Statistics:
  fps step                    : 15,951
  fps step + policy inference : 15,655
  fps total                   : 14,345
  epoch                       : 2,940 / 3,000
  frames                      : 481,689,600


Policy 0: 
Timing:
  Play time               : 10.473 s
  Update time             : 0.973 s
  Time to train epoch     : 11.446 s


Statistics:
  fps step                    : 15,947
  fps step + policy inference : 15,644
  fps total                   : 14,314
  epoch                       : 2,941 / 3,000
  frames                      : 481,853,440


Policy 0: 
Timing:
  Play time               : 10.501 s
  Update time             : 0.973 s
  Time to train epoch     : 11.474 s


Statistics:
  fps step                    : 15,909
  fps step + policy inference : 15,603
  fps total                   : 14,279
  epoch                       : 2,942 / 3,000
  frames                      : 482,017,280


Policy 0: 
Timing:
  Play time               : 10.511 s
  Update time             : 1.033 s
  Time to train epoch     : 11.544 s


Statistics:
  fps step                    : 15,886
  fps step + policy inference : 15,587
  fps total                   : 14,192
  epoch                       : 2,943 / 3,000
  frames                      : 482,181,120


Policy 0: 
Timing:
  Play time               : 10.519 s
  Update time             : 1.115 s
  Time to train epoch     : 11.634 s


Statistics:
  fps step                    : 15,877
  fps step + policy inference : 15,576
  fps total                   : 14,082
  epoch                       : 2,944 / 3,000
  frames                      : 482,344,960


Policy 0: 
Timing:
  Play time               : 10.513 s
  Update time             : 1.077 s
  Time to train epoch     : 11.591 s


Statistics:
  fps step                    : 15,879
  fps step + policy inference : 15,584
  fps total                   : 14,135
  epoch                       : 2,945 / 3,000
  frames                      : 482,508,800


Policy 0: 
Timing:
  Play time               : 10.507 s
  Update time             : 0.981 s
  Time to train epoch     : 11.488 s


Statistics:
  fps step                    : 15,886
  fps step + policy inference : 15,593
  fps total                   : 14,261
  epoch                       : 2,946 / 3,000
  frames                      : 482,672,640


Policy 0: 
Timing:
  Play time               : 10.482 s
  Update time             : 0.969 s
  Time to train epoch     : 11.451 s


Statistics:
  fps step                    : 15,927
  fps step + policy inference : 15,630
  fps total                   : 14,307
  epoch                       : 2,947 / 3,000
  frames                      : 482,836,480


Policy 0: 
Timing:
  Play time               : 10.485 s
  Update time             : 0.962 s
  Time to train epoch     : 11.447 s


Statistics:
  fps step                    : 15,911
  fps step + policy inference : 15,626
  fps total                   : 14,313
  epoch                       : 2,948 / 3,000
  frames                      : 483,000,320


Policy 0: 
Timing:
  Play time               : 10.494 s
  Update time             : 0.966 s
  Time to train epoch     : 11.460 s


Statistics:
  fps step                    : 15,908
  fps step + policy inference : 15,612
  fps total                   : 14,296
  epoch                       : 2,949 / 3,000
  frames                      : 483,164,160


Policy 0: 
Timing:
  Play time               : 10.459 s
  Update time             : 1.023 s
  Time to train epoch     : 11.482 s


Statistics:
  fps step                    : 15,948
  fps step + policy inference : 15,665
  fps total                   : 14,269
  epoch                       : 2,950 / 3,000
  frames                      : 483,328,000


Policy 0: 
Timing:
  Play time               : 10.461 s
  Update time             : 1.017 s
  Time to train epoch     : 11.478 s


Statistics:
  fps step                    : 15,954
  fps step + policy inference : 15,662
  fps total                   : 14,274
  epoch                       : 2,951 / 3,000
  frames                      : 483,491,840


Policy 0: 
Timing:
  Play time               : 10.415 s
  Update time             : 1.030 s
  Time to train epoch     : 11.444 s


Statistics:
  fps step                    : 16,023
  fps step + policy inference : 15,731
  fps total                   : 14,316
  epoch                       : 2,952 / 3,000
  frames                      : 483,655,680


Policy 0: 
Timing:
  Play time               : 10.458 s
  Update time             : 1.051 s
  Time to train epoch     : 11.509 s


Statistics:
  fps step                    : 15,957
  fps step + policy inference : 15,666
  fps total                   : 14,236
  epoch                       : 2,953 / 3,000
  frames                      : 483,819,520


Policy 0: 
Timing:
  Play time               : 10.469 s
  Update time             : 1.003 s
  Time to train epoch     : 11.472 s


Statistics:
  fps step                    : 15,941
  fps step + policy inference : 15,651
  fps total                   : 14,282
  epoch                       : 2,954 / 3,000
  frames                      : 483,983,360


Policy 0: 
Timing:
  Play time               : 10.497 s
  Update time             : 0.953 s
  Time to train epoch     : 11.450 s


Statistics:
  fps step                    : 15,900
  fps step + policy inference : 15,609
  fps total                   : 14,310
  epoch                       : 2,955 / 3,000
  frames                      : 484,147,200


Policy 0: 
Timing:
  Play time               : 10.543 s
  Update time             : 0.972 s
  Time to train epoch     : 11.515 s


Statistics:
  fps step                    : 15,836
  fps step + policy inference : 15,540
  fps total                   : 14,228
  epoch                       : 2,956 / 3,000
  frames                      : 484,311,040


Policy 0: 
Timing:
  Play time               : 10.523 s
  Update time             : 0.970 s
  Time to train epoch     : 11.494 s


Statistics:
  fps step                    : 15,867
  fps step + policy inference : 15,570
  fps total                   : 14,255
  epoch                       : 2,957 / 3,000
  frames                      : 484,474,880


Policy 0: 
Timing:
  Play time               : 10.495 s
  Update time             : 0.991 s
  Time to train epoch     : 11.485 s


Statistics:
  fps step                    : 15,912
  fps step + policy inference : 15,612
  fps total                   : 14,265
  epoch                       : 2,958 / 3,000
  frames                      : 484,638,720


Policy 0: 
Timing:
  Play time               : 10.525 s
  Update time             : 1.055 s
  Time to train epoch     : 11.580 s


Statistics:
  fps step                    : 15,864
  fps step + policy inference : 15,566
  fps total                   : 14,148
  epoch                       : 2,959 / 3,000
  frames                      : 484,802,560


Policy 0: 
Timing:
  Play time               : 10.520 s
  Update time             : 1.059 s
  Time to train epoch     : 11.579 s


Statistics:
  fps step                    : 15,868
  fps step + policy inference : 15,575
  fps total                   : 14,150
  epoch                       : 2,960 / 3,000
  frames                      : 484,966,400


Policy 0: 
Timing:
  Play time               : 10.502 s
  Update time             : 1.046 s
  Time to train epoch     : 11.548 s


Statistics:
  fps step                    : 15,894
  fps step + policy inference : 15,601
  fps total                   : 14,188
  epoch                       : 2,961 / 3,000
  frames                      : 485,130,240


Policy 0: 
Timing:
  Play time               : 10.529 s
  Update time             : 0.966 s
  Time to train epoch     : 11.495 s


Statistics:
  fps step                    : 15,852
  fps step + policy inference : 15,562
  fps total                   : 14,253
  epoch                       : 2,962 / 3,000
  frames                      : 485,294,080


Policy 0: 
Timing:
  Play time               : 10.620 s
  Update time             : 0.962 s
  Time to train epoch     : 11.583 s


Statistics:
  fps step                    : 15,717
  fps step + policy inference : 15,427
  fps total                   : 14,145
  epoch                       : 2,963 / 3,000
  frames                      : 485,457,920


Policy 0: 
Timing:
  Play time               : 11.018 s
  Update time             : 0.948 s
  Time to train epoch     : 11.967 s


Statistics:
  fps step                    : 15,144
  fps step + policy inference : 14,870
  fps total                   : 13,691
  epoch                       : 2,964 / 3,000
  frames                      : 485,621,760


Policy 0: 
Timing:
  Play time               : 10.734 s
  Update time             : 0.972 s
  Time to train epoch     : 11.706 s


Statistics:
  fps step                    : 15,548
  fps step + policy inference : 15,264
  fps total                   : 13,996
  epoch                       : 2,965 / 3,000
  frames                      : 485,785,600


Policy 0: 
Timing:
  Play time               : 10.581 s
  Update time             : 0.974 s
  Time to train epoch     : 11.555 s


Statistics:
  fps step                    : 15,771
  fps step + policy inference : 15,484
  fps total                   : 14,179
  epoch                       : 2,966 / 3,000
  frames                      : 485,949,440


Policy 0: 
Timing:
  Play time               : 10.495 s
  Update time             : 0.948 s
  Time to train epoch     : 11.443 s


Statistics:
  fps step                    : 15,899
  fps step + policy inference : 15,611
  fps total                   : 14,318
  epoch                       : 2,967 / 3,000
  frames                      : 486,113,280


Policy 0: 
Timing:
  Play time               : 10.440 s
  Update time             : 1.026 s
  Time to train epoch     : 11.466 s


Statistics:
  fps step                    : 15,985
  fps step + policy inference : 15,694
  fps total                   : 14,289
  epoch                       : 2,968 / 3,000
  frames                      : 486,277,120


Policy 0: 
Timing:
  Play time               : 10.469 s
  Update time             : 1.058 s
  Time to train epoch     : 11.526 s


Statistics:
  fps step                    : 15,940
  fps step + policy inference : 15,651
  fps total                   : 14,214
  epoch                       : 2,969 / 3,000
  frames                      : 486,440,960


Policy 0: 
Timing:
  Play time               : 10.454 s
  Update time             : 1.047 s
  Time to train epoch     : 11.500 s


Statistics:
  fps step                    : 15,960
  fps step + policy inference : 15,673
  fps total                   : 14,246
  epoch                       : 2,970 / 3,000
  frames                      : 486,604,800


Policy 0: 
Timing:
  Play time               : 10.408 s
  Update time             : 1.008 s
  Time to train epoch     : 11.416 s


Statistics:
  fps step                    : 16,039
  fps step + policy inference : 15,742
  fps total                   : 14,352
  epoch                       : 2,971 / 3,000
  frames                      : 486,768,640


Policy 0: 
Timing:
  Play time               : 10.439 s
  Update time             : 0.970 s
  Time to train epoch     : 11.409 s


Statistics:
  fps step                    : 15,992
  fps step + policy inference : 15,695
  fps total                   : 14,361
  epoch                       : 2,972 / 3,000
  frames                      : 486,932,480


Policy 0: 
Timing:
  Play time               : 10.383 s
  Update time             : 0.961 s
  Time to train epoch     : 11.344 s


Statistics:
  fps step                    : 16,074
  fps step + policy inference : 15,779
  fps total                   : 14,443
  epoch                       : 2,973 / 3,000
  frames                      : 487,096,320


Policy 0: 
Timing:
  Play time               : 10.389 s
  Update time             : 0.948 s
  Time to train epoch     : 11.338 s


Statistics:
  fps step                    : 16,057
  fps step + policy inference : 15,770
  fps total                   : 14,451
  epoch                       : 2,974 / 3,000
  frames                      : 487,260,160


Policy 0: 
Timing:
  Play time               : 10.349 s
  Update time             : 0.945 s
  Time to train epoch     : 11.295 s


Statistics:
  fps step                    : 16,122
  fps step + policy inference : 15,831
  fps total                   : 14,506
  epoch                       : 2,975 / 3,000
  frames                      : 487,424,000


Policy 0: 
Timing:
  Play time               : 10.504 s
  Update time             : 1.002 s
  Time to train epoch     : 11.505 s


Statistics:
  fps step                    : 15,891
  fps step + policy inference : 15,598
  fps total                   : 14,240
  epoch                       : 2,976 / 3,000
  frames                      : 487,587,840


Policy 0: 
Timing:
  Play time               : 10.442 s
  Update time             : 1.048 s
  Time to train epoch     : 11.490 s


Statistics:
  fps step                    : 15,988
  fps step + policy inference : 15,690
  fps total                   : 14,260
  epoch                       : 2,977 / 3,000
  frames                      : 487,751,680


Policy 0: 
Timing:
  Play time               : 10.483 s
  Update time             : 1.064 s
  Time to train epoch     : 11.547 s


Statistics:
  fps step                    : 15,916
  fps step + policy inference : 15,629
  fps total                   : 14,189
  epoch                       : 2,978 / 3,000
  frames                      : 487,915,520


Policy 0: 
Timing:
  Play time               : 10.490 s
  Update time             : 1.006 s
  Time to train epoch     : 11.495 s


Statistics:
  fps step                    : 15,917
  fps step + policy inference : 15,619
  fps total                   : 14,253
  epoch                       : 2,979 / 3,000
  frames                      : 488,079,360


Policy 0: 
Timing:
  Play time               : 10.468 s
  Update time             : 0.959 s
  Time to train epoch     : 11.427 s


Statistics:
  fps step                    : 15,949
  fps step + policy inference : 15,652
  fps total                   : 14,339
  epoch                       : 2,980 / 3,000
  frames                      : 488,243,200


Policy 0: 
Timing:
  Play time               : 10.444 s
  Update time             : 0.963 s
  Time to train epoch     : 11.407 s


Statistics:
  fps step                    : 15,974
  fps step + policy inference : 15,687
  fps total                   : 14,363
  epoch                       : 2,981 / 3,000
  frames                      : 488,407,040


Policy 0: 
Timing:
  Play time               : 10.444 s
  Update time             : 0.978 s
  Time to train epoch     : 11.421 s


Statistics:
  fps step                    : 15,988
  fps step + policy inference : 15,688
  fps total                   : 14,345
  epoch                       : 2,982 / 3,000
  frames                      : 488,570,880


Policy 0: 
Timing:
  Play time               : 10.450 s
  Update time             : 0.953 s
  Time to train epoch     : 11.403 s


Statistics:
  fps step                    : 15,976
  fps step + policy inference : 15,679
  fps total                   : 14,368
  epoch                       : 2,983 / 3,000
  frames                      : 488,734,720


Policy 0: 
Timing:
  Play time               : 10.460 s
  Update time             : 0.949 s
  Time to train epoch     : 11.410 s


Statistics:
  fps step                    : 15,963
  fps step + policy inference : 15,663
  fps total                   : 14,360
  epoch                       : 2,984 / 3,000
  frames                      : 488,898,560


Policy 0: 
Timing:
  Play time               : 10.485 s
  Update time             : 0.958 s
  Time to train epoch     : 11.443 s


Statistics:
  fps step                    : 15,919
  fps step + policy inference : 15,626
  fps total                   : 14,318
  epoch                       : 2,985 / 3,000
  frames                      : 489,062,400


Policy 0: 
Timing:
  Play time               : 10.464 s
  Update time             : 1.031 s
  Time to train epoch     : 11.495 s


Statistics:
  fps step                    : 15,945
  fps step + policy inference : 15,657
  fps total                   : 14,253
  epoch                       : 2,986 / 3,000
  frames                      : 489,226,240


Policy 0: 
Timing:
  Play time               : 10.490 s
  Update time             : 1.103 s
  Time to train epoch     : 11.593 s


Statistics:
  fps step                    : 15,914
  fps step + policy inference : 15,619
  fps total                   : 14,133
  epoch                       : 2,987 / 3,000
  frames                      : 489,390,080


Policy 0: 
Timing:
  Play time               : 10.409 s
  Update time             : 1.052 s
  Time to train epoch     : 11.462 s


Statistics:
  fps step                    : 16,028
  fps step + policy inference : 15,740
  fps total                   : 14,295
  epoch                       : 2,988 / 3,000
  frames                      : 489,553,920


Policy 0: 
Timing:
  Play time               : 10.393 s
  Update time             : 0.977 s
  Time to train epoch     : 11.370 s


Statistics:
  fps step                    : 16,049
  fps step + policy inference : 15,765
  fps total                   : 14,410
  epoch                       : 2,989 / 3,000
  frames                      : 489,717,760


Policy 0: 
Timing:
  Play time               : 10.424 s
  Update time             : 0.972 s
  Time to train epoch     : 11.396 s


Statistics:
  fps step                    : 16,007
  fps step + policy inference : 15,718
  fps total                   : 14,377
  epoch                       : 2,990 / 3,000
  frames                      : 489,881,600


Policy 0: 
Timing:
  Play time               : 10.467 s
  Update time             : 0.958 s
  Time to train epoch     : 11.425 s


Statistics:
  fps step                    : 15,941
  fps step + policy inference : 15,654
  fps total                   : 14,340
  epoch                       : 2,991 / 3,000
  frames                      : 490,045,440


Policy 0: 
Timing:
  Play time               : 10.457 s
  Update time             : 0.949 s
  Time to train epoch     : 11.407 s


Statistics:
  fps step                    : 15,958
  fps step + policy inference : 15,668
  fps total                   : 14,364
  epoch                       : 2,992 / 3,000
  frames                      : 490,209,280


Policy 0: 
Timing:
  Play time               : 10.377 s
  Update time             : 0.953 s
  Time to train epoch     : 11.330 s


Statistics:
  fps step                    : 16,077
  fps step + policy inference : 15,789
  fps total                   : 14,461
  epoch                       : 2,993 / 3,000
  frames                      : 490,373,120


Policy 0: 
Timing:
  Play time               : 10.370 s
  Update time             : 1.001 s
  Time to train epoch     : 11.371 s


Statistics:
  fps step                    : 16,094
  fps step + policy inference : 15,799
  fps total                   : 14,408
  epoch                       : 2,994 / 3,000
  frames                      : 490,536,960


Policy 0: 
Timing:
  Play time               : 10.380 s
  Update time             : 1.023 s
  Time to train epoch     : 11.403 s


Statistics:
  fps step                    : 16,077
  fps step + policy inference : 15,785
  fps total                   : 14,368
  epoch                       : 2,995 / 3,000
  frames                      : 490,700,800


Policy 0: 
Timing:
  Play time               : 10.419 s
  Update time             : 1.046 s
  Time to train epoch     : 11.465 s


Statistics:
  fps step                    : 16,015
  fps step + policy inference : 15,725
  fps total                   : 14,290
  epoch                       : 2,996 / 3,000
  frames                      : 490,864,640


Policy 0: 
Timing:
  Play time               : 10.381 s
  Update time             : 1.064 s
  Time to train epoch     : 11.445 s


Statistics:
  fps step                    : 16,077
  fps step + policy inference : 15,783
  fps total                   : 14,316
  epoch                       : 2,997 / 3,000
  frames                      : 491,028,480


Policy 0: 
Timing:
  Play time               : 10.377 s
  Update time             : 0.995 s
  Time to train epoch     : 11.373 s


Statistics:
  fps step                    : 16,080
  fps step + policy inference : 15,788
  fps total                   : 14,407
  epoch                       : 2,998 / 3,000
  frames                      : 491,192,320


Policy 0: 
Timing:
  Play time               : 10.439 s
  Update time             : 0.989 s
  Time to train epoch     : 11.427 s


Statistics:
  fps step                    : 15,985
  fps step + policy inference : 15,696
  fps total                   : 14,338
  epoch                       : 2,999 / 3,000
  frames                      : 491,356,160


Policy 0: 
Timing:
  Play time               : 10.401 s
  Update time             : 0.962 s
  Time to train epoch     : 11.364 s


Statistics:
  fps step                    : 16,041
  fps step + policy inference : 15,752
  fps total                   : 14,418
  epoch                       : 3,000 / 3,000
  frames                      : 491,520,000


Policy 0: Saved recovery checkpoint runs/hold_integrate_shared_seed2903/checkpoints/epoch_003000.pth; evaluation_due=True
=> saving checkpoint 'runs/hold_integrate_shared_seed2903/nn/last_hold_integrate_shared_seed2903_ep_3000_rew__212.37_.pth'
MAX EPOCHS NUM!
