Importing module 'gym_38' (/home/wangjiarui/artgym-runtime/opt/isaacgym/python/isaacgym/_bindings/linux-x86_64/gym_38.so)
[Warning] [carb] unknown type for the object '/home/wangjiarui/artgym-runtime/opt/isaacgym/python/isaacgym/_bindings/linux-x86_64//libboost_python36.so' {d_type = 0x00000000}
[Warning] [carb] unknown type for the object '/home/wangjiarui/artgym-runtime/opt/isaacgym/python/isaacgym/_bindings/linux-x86_64//libboost_regex.so' {d_type = 0x00000000}
[Warning] [carb] unknown type for the object '/home/wangjiarui/artgym-runtime/opt/isaacgym/python/isaacgym/_bindings/linux-x86_64//libpython3.6m.so' {d_type = 0x00000000}
[Warning] [carb] unknown type for the object '/home/wangjiarui/artgym-runtime/opt/isaacgym/python/isaacgym/_bindings/linux-x86_64//libGLEW.so' {d_type = 0x00000000}
[Warning] [carb] unknown type for the object '/home/wangjiarui/artgym-runtime/opt/isaacgym/python/isaacgym/_bindings/linux-x86_64//libboost_atomic.so' {d_type = 0x00000000}
[Warning] [carb] unknown type for the object '/home/wangjiarui/artgym-runtime/opt/isaacgym/python/isaacgym/_bindings/linux-x86_64//libembree.so' {d_type = 0x00000000}
[Warning] [carb] unknown type for the object '/home/wangjiarui/artgym-runtime/opt/isaacgym/python/isaacgym/_bindings/linux-x86_64//libembree.so.2' {d_type = 0x00000000}
[Warning] [carb] unknown type for the object '/home/wangjiarui/artgym-runtime/opt/isaacgym/python/isaacgym/_bindings/linux-x86_64//libjemalloc.so' {d_type = 0x00000000}
[Warning] [carb] unknown type for the object '/home/wangjiarui/artgym-runtime/opt/isaacgym/python/isaacgym/_bindings/linux-x86_64//libboost_python27.so' {d_type = 0x00000000}
[Warning] [carb] unknown type for the object '/home/wangjiarui/artgym-runtime/opt/isaacgym/python/isaacgym/_bindings/linux-x86_64//libGLEW.so.2.0' {d_type = 0x00000000}
[Warning] [carb] unknown type for the object '/home/wangjiarui/artgym-runtime/opt/isaacgym/python/isaacgym/_bindings/linux-x86_64//libosdCPU.so' {d_type = 0x00000000}
[Warning] [carb] unknown type for the object '/home/wangjiarui/artgym-runtime/opt/isaacgym/python/isaacgym/_bindings/linux-x86_64//libboost_program_options.so' {d_type = 0x00000000}
[Warning] [carb] unknown type for the object '/home/wangjiarui/artgym-runtime/opt/isaacgym/python/isaacgym/_bindings/linux-x86_64//libosdGPU.so' {d_type = 0x00000000}
[Warning] [carb] unknown type for the object '/home/wangjiarui/artgym-runtime/opt/isaacgym/python/isaacgym/_bindings/linux-x86_64//libboost_thread.so' {d_type = 0x00000000}
[Warning] [carb] unknown type for the object '/home/wangjiarui/artgym-runtime/opt/isaacgym/python/isaacgym/_bindings/linux-x86_64//libboost_filesystem.so' {d_type = 0x00000000}
[Warning] [carb] unknown type for the object '/home/wangjiarui/artgym-runtime/opt/isaacgym/python/isaacgym/_bindings/linux-x86_64//libboost_date_time.so' {d_type = 0x00000000}
[Warning] [carb] unknown type for the object '/home/wangjiarui/artgym-runtime/opt/isaacgym/python/isaacgym/_bindings/linux-x86_64//libboost_system.so' {d_type = 0x00000000}
[Warning] [carb] unknown type for the object '/home/wangjiarui/artgym-runtime/opt/isaacgym/python/isaacgym/_bindings/linux-x86_64//libboost_python36.so' {d_type = 0x00000000}
[Warning] [carb] unknown type for the object '/home/wangjiarui/artgym-runtime/opt/isaacgym/python/isaacgym/_bindings/linux-x86_64//libboost_regex.so' {d_type = 0x00000000}
[Warning] [carb] unknown type for the object '/home/wangjiarui/artgym-runtime/opt/isaacgym/python/isaacgym/_bindings/linux-x86_64//libpython3.6m.so' {d_type = 0x00000000}
[Warning] [carb] unknown type for the object '/home/wangjiarui/artgym-runtime/opt/isaacgym/python/isaacgym/_bindings/linux-x86_64//libGLEW.so' {d_type = 0x00000000}
[Warning] [carb] unknown type for the object '/home/wangjiarui/artgym-runtime/opt/isaacgym/python/isaacgym/_bindings/linux-x86_64//libboost_atomic.so' {d_type = 0x00000000}
[Warning] [carb] unknown type for the object '/home/wangjiarui/artgym-runtime/opt/isaacgym/python/isaacgym/_bindings/linux-x86_64//libembree.so' {d_type = 0x00000000}
[Warning] [carb] unknown type for the object '/home/wangjiarui/artgym-runtime/opt/isaacgym/python/isaacgym/_bindings/linux-x86_64//libembree.so.2' {d_type = 0x00000000}
[Warning] [carb] unknown type for the object '/home/wangjiarui/artgym-runtime/opt/isaacgym/python/isaacgym/_bindings/linux-x86_64//libjemalloc.so' {d_type = 0x00000000}
[Warning] [carb] unknown type for the object '/home/wangjiarui/artgym-runtime/opt/isaacgym/python/isaacgym/_bindings/linux-x86_64//libboost_python27.so' {d_type = 0x00000000}
[Warning] [carb] unknown type for the object '/home/wangjiarui/artgym-runtime/opt/isaacgym/python/isaacgym/_bindings/linux-x86_64//libGLEW.so.2.0' {d_type = 0x00000000}
[Warning] [carb] unknown type for the object '/home/wangjiarui/artgym-runtime/opt/isaacgym/python/isaacgym/_bindings/linux-x86_64//libosdCPU.so' {d_type = 0x00000000}
[Warning] [carb] unknown type for the object '/home/wangjiarui/artgym-runtime/opt/isaacgym/python/isaacgym/_bindings/linux-x86_64//libboost_program_options.so' {d_type = 0x00000000}
[Warning] [carb] unknown type for the object '/home/wangjiarui/artgym-runtime/opt/isaacgym/python/isaacgym/_bindings/linux-x86_64//libosdGPU.so' {d_type = 0x00000000}
[Warning] [carb] unknown type for the object '/home/wangjiarui/artgym-runtime/opt/isaacgym/python/isaacgym/_bindings/linux-x86_64//libboost_thread.so' {d_type = 0x00000000}
[Warning] [carb] unknown type for the object '/home/wangjiarui/artgym-runtime/opt/isaacgym/python/isaacgym/_bindings/linux-x86_64//libboost_filesystem.so' {d_type = 0x00000000}
[Warning] [carb] unknown type for the object '/home/wangjiarui/artgym-runtime/opt/isaacgym/python/isaacgym/_bindings/linux-x86_64//libboost_date_time.so' {d_type = 0x00000000}
[Warning] [carb] unknown type for the object '/home/wangjiarui/artgym-runtime/opt/isaacgym/python/isaacgym/_bindings/linux-x86_64//libboost_system.so' {d_type = 0x00000000}
[Warning] [carb] unknown type for the object '/home/wangjiarui/artgym-runtime/opt/isaacgym/python/isaacgym/_bindings/linux-x86_64//libboost_python36.so' {d_type = 0x00000000}
[Warning] [carb] unknown type for the object '/home/wangjiarui/artgym-runtime/opt/isaacgym/python/isaacgym/_bindings/linux-x86_64//libboost_regex.so' {d_type = 0x00000000}
[Warning] [carb] unknown type for the object '/home/wangjiarui/artgym-runtime/opt/isaacgym/python/isaacgym/_bindings/linux-x86_64//libpython3.6m.so' {d_type = 0x00000000}
[Warning] [carb] unknown type for the object '/home/wangjiarui/artgym-runtime/opt/isaacgym/python/isaacgym/_bindings/linux-x86_64//libGLEW.so' {d_type = 0x00000000}
[Warning] [carb] unknown type for the object '/home/wangjiarui/artgym-runtime/opt/isaacgym/python/isaacgym/_bindings/linux-x86_64//libboost_atomic.so' {d_type = 0x00000000}
[Warning] [carb] unknown type for the object '/home/wangjiarui/artgym-runtime/opt/isaacgym/python/isaacgym/_bindings/linux-x86_64//libembree.so' {d_type = 0x00000000}
[Warning] [carb] unknown type for the object '/home/wangjiarui/artgym-runtime/opt/isaacgym/python/isaacgym/_bindings/linux-x86_64//libembree.so.2' {d_type = 0x00000000}
[Warning] [carb] unknown type for the object '/home/wangjiarui/artgym-runtime/opt/isaacgym/python/isaacgym/_bindings/linux-x86_64//libjemalloc.so' {d_type = 0x00000000}
[Warning] [carb] unknown type for the object '/home/wangjiarui/artgym-runtime/opt/isaacgym/python/isaacgym/_bindings/linux-x86_64//libboost_python27.so' {d_type = 0x00000000}
[Warning] [carb] unknown type for the object '/home/wangjiarui/artgym-runtime/opt/isaacgym/python/isaacgym/_bindings/linux-x86_64//libGLEW.so.2.0' {d_type = 0x00000000}
[Warning] [carb] unknown type for the object '/home/wangjiarui/artgym-runtime/opt/isaacgym/python/isaacgym/_bindings/linux-x86_64//libosdCPU.so' {d_type = 0x00000000}
[Warning] [carb] unknown type for the object '/home/wangjiarui/artgym-runtime/opt/isaacgym/python/isaacgym/_bindings/linux-x86_64//libboost_program_options.so' {d_type = 0x00000000}
[Warning] [carb] unknown type for the object '/home/wangjiarui/artgym-runtime/opt/isaacgym/python/isaacgym/_bindings/linux-x86_64//libosdGPU.so' {d_type = 0x00000000}
[Warning] [carb] unknown type for the object '/home/wangjiarui/artgym-runtime/opt/isaacgym/python/isaacgym/_bindings/linux-x86_64//libboost_thread.so' {d_type = 0x00000000}
[Warning] [carb] unknown type for the object '/home/wangjiarui/artgym-runtime/opt/isaacgym/python/isaacgym/_bindings/linux-x86_64//libboost_filesystem.so' {d_type = 0x00000000}
[Warning] [carb] unknown type for the object '/home/wangjiarui/artgym-runtime/opt/isaacgym/python/isaacgym/_bindings/linux-x86_64//libboost_date_time.so' {d_type = 0x00000000}
[Warning] [carb] unknown type for the object '/home/wangjiarui/artgym-runtime/opt/isaacgym/python/isaacgym/_bindings/linux-x86_64//libboost_system.so' {d_type = 0x00000000}
[Warning] [carb] unknown type for the object '/home/wangjiarui/artgym-runtime/opt/isaacgym/python/isaacgym/_bindings/linux-x86_64//libboost_python36.so' {d_type = 0x00000000}
[Warning] [carb] unknown type for the object '/home/wangjiarui/artgym-runtime/opt/isaacgym/python/isaacgym/_bindings/linux-x86_64//libboost_regex.so' {d_type = 0x00000000}
[Warning] [carb] unknown type for the object '/home/wangjiarui/artgym-runtime/opt/isaacgym/python/isaacgym/_bindings/linux-x86_64//libpython3.6m.so' {d_type = 0x00000000}
[Warning] [carb] unknown type for the object '/home/wangjiarui/artgym-runtime/opt/isaacgym/python/isaacgym/_bindings/linux-x86_64//libGLEW.so' {d_type = 0x00000000}
[Warning] [carb] unknown type for the object '/home/wangjiarui/artgym-runtime/opt/isaacgym/python/isaacgym/_bindings/linux-x86_64//libboost_atomic.so' {d_type = 0x00000000}
[Warning] [carb] unknown type for the object '/home/wangjiarui/artgym-runtime/opt/isaacgym/python/isaacgym/_bindings/linux-x86_64//libembree.so' {d_type = 0x00000000}
[Warning] [carb] unknown type for the object '/home/wangjiarui/artgym-runtime/opt/isaacgym/python/isaacgym/_bindings/linux-x86_64//libembree.so.2' {d_type = 0x00000000}
[Warning] [carb] unknown type for the object '/home/wangjiarui/artgym-runtime/opt/isaacgym/python/isaacgym/_bindings/linux-x86_64//libjemalloc.so' {d_type = 0x00000000}
[Warning] [carb] unknown type for the object '/home/wangjiarui/artgym-runtime/opt/isaacgym/python/isaacgym/_bindings/linux-x86_64//libboost_python27.so' {d_type = 0x00000000}
[Warning] [carb] unknown type for the object '/home/wangjiarui/artgym-runtime/opt/isaacgym/python/isaacgym/_bindings/linux-x86_64//libGLEW.so.2.0' {d_type = 0x00000000}
[Warning] [carb] unknown type for the object '/home/wangjiarui/artgym-runtime/opt/isaacgym/python/isaacgym/_bindings/linux-x86_64//libosdCPU.so' {d_type = 0x00000000}
[Warning] [carb] unknown type for the object '/home/wangjiarui/artgym-runtime/opt/isaacgym/python/isaacgym/_bindings/linux-x86_64//libboost_program_options.so' {d_type = 0x00000000}
[Warning] [carb] unknown type for the object '/home/wangjiarui/artgym-runtime/opt/isaacgym/python/isaacgym/_bindings/linux-x86_64//libosdGPU.so' {d_type = 0x00000000}
[Warning] [carb] unknown type for the object '/home/wangjiarui/artgym-runtime/opt/isaacgym/python/isaacgym/_bindings/linux-x86_64//libboost_thread.so' {d_type = 0x00000000}
[Warning] [carb] unknown type for the object '/home/wangjiarui/artgym-runtime/opt/isaacgym/python/isaacgym/_bindings/linux-x86_64//libboost_filesystem.so' {d_type = 0x00000000}
[Warning] [carb] unknown type for the object '/home/wangjiarui/artgym-runtime/opt/isaacgym/python/isaacgym/_bindings/linux-x86_64//libboost_date_time.so' {d_type = 0x00000000}
[Warning] [carb] unknown type for the object '/home/wangjiarui/artgym-runtime/opt/isaacgym/python/isaacgym/_bindings/linux-x86_64//libboost_system.so' {d_type = 0x00000000}
[Warning] [carb] unknown type for the object '/home/wangjiarui/artgym-runtime/opt/isaacgym/python/isaacgym/_bindings/linux-x86_64//libboost_python36.so' {d_type = 0x00000000}
[Warning] [carb] unknown type for the object '/home/wangjiarui/artgym-runtime/opt/isaacgym/python/isaacgym/_bindings/linux-x86_64//libboost_regex.so' {d_type = 0x00000000}
[Warning] [carb] unknown type for the object '/home/wangjiarui/artgym-runtime/opt/isaacgym/python/isaacgym/_bindings/linux-x86_64//libpython3.6m.so' {d_type = 0x00000000}
[Warning] [carb] unknown type for the object '/home/wangjiarui/artgym-runtime/opt/isaacgym/python/isaacgym/_bindings/linux-x86_64//libGLEW.so' {d_type = 0x00000000}
[Warning] [carb] unknown type for the object '/home/wangjiarui/artgym-runtime/opt/isaacgym/python/isaacgym/_bindings/linux-x86_64//libboost_atomic.so' {d_type = 0x00000000}
[Warning] [carb] unknown type for the object '/home/wangjiarui/artgym-runtime/opt/isaacgym/python/isaacgym/_bindings/linux-x86_64//libembree.so' {d_type = 0x00000000}
[Warning] [carb] unknown type for the object '/home/wangjiarui/artgym-runtime/opt/isaacgym/python/isaacgym/_bindings/linux-x86_64//libembree.so.2' {d_type = 0x00000000}
[Warning] [carb] unknown type for the object '/home/wangjiarui/artgym-runtime/opt/isaacgym/python/isaacgym/_bindings/linux-x86_64//libjemalloc.so' {d_type = 0x00000000}
[Warning] [carb] unknown type for the object '/home/wangjiarui/artgym-runtime/opt/isaacgym/python/isaacgym/_bindings/linux-x86_64//libboost_python27.so' {d_type = 0x00000000}
[Warning] [carb] unknown type for the object '/home/wangjiarui/artgym-runtime/opt/isaacgym/python/isaacgym/_bindings/linux-x86_64//libGLEW.so.2.0' {d_type = 0x00000000}
[Warning] [carb] unknown type for the object '/home/wangjiarui/artgym-runtime/opt/isaacgym/python/isaacgym/_bindings/linux-x86_64//libosdCPU.so' {d_type = 0x00000000}
[Warning] [carb] unknown type for the object '/home/wangjiarui/artgym-runtime/opt/isaacgym/python/isaacgym/_bindings/linux-x86_64//libboost_program_options.so' {d_type = 0x00000000}
[Warning] [carb] unknown type for the object '/home/wangjiarui/artgym-runtime/opt/isaacgym/python/isaacgym/_bindings/linux-x86_64//libosdGPU.so' {d_type = 0x00000000}
[Warning] [carb] unknown type for the object '/home/wangjiarui/artgym-runtime/opt/isaacgym/python/isaacgym/_bindings/linux-x86_64//libboost_thread.so' {d_type = 0x00000000}
[Warning] [carb] unknown type for the object '/home/wangjiarui/artgym-runtime/opt/isaacgym/python/isaacgym/_bindings/linux-x86_64//libboost_filesystem.so' {d_type = 0x00000000}
[Warning] [carb] unknown type for the object '/home/wangjiarui/artgym-runtime/opt/isaacgym/python/isaacgym/_bindings/linux-x86_64//libboost_date_time.so' {d_type = 0x00000000}
[Warning] [carb] unknown type for the object '/home/wangjiarui/artgym-runtime/opt/isaacgym/python/isaacgym/_bindings/linux-x86_64//libboost_system.so' {d_type = 0x00000000}
Setting GYM_USD_PLUG_INFO_PATH to /home/wangjiarui/artgym-runtime/opt/isaacgym/python/isaacgym/_bindings/linux-x86_64/usd/plugInfo.json
Gym has been unmaintained since 2022 and does not support NumPy 2.0 amongst other critical functionality.
Please upgrade to Gymnasium, the maintained drop-in replacement of Gym, or contact the authors of your software and request that they upgrade.
Users of this version of Gym should be able to simply replace 'import gym' with 'import gymnasium as gym' in the vast majority of cases.
See the migration guide at https://gymnasium.farama.org/introduction/migration_guide/ for additional information.
/home/wangjiarui/artgym-hold-20260929/isaacgymenvs/train.py:81: Hydra14MigrationWarning: 
version_base="1.1" selects Hydra 1.1 compatibility behavior.
Hydra 1.4 will remove this compatibility behavior.
Before upgrading to Hydra 1.4, set version_base="1.3" and test your application.
See https://hydra.cc/docs/upgrades/1.3_to_1.4/prepare_for_1_4/ for preparation instructions.
  @hydra.main(version_base="1.1", config_name="config", config_path="./cfg")
/home/wangjiarui/artgym-runtime/lib/python3.8/site-packages/hydra/_internal/hydra.py:119: UserWarning: Future Hydra versions will no longer change working directory at job runtime by default.
See https://hydra.cc/docs/1.2/upgrades/1.1_to_1.2/changes_to_job_working_dir/ for more information.
  ret = run_job(
PyTorch version 2.1.0+cu121
Device count 1
/home/wangjiarui/artgym-runtime/opt/isaacgym/python/isaacgym/_bindings/src/gymtorch
Using /home/wangjiarui/.cache/torch_extensions/py38_cu121 as PyTorch extensions root...
Emitting ninja build file /home/wangjiarui/.cache/torch_extensions/py38_cu121/gymtorch/build.ninja...
Building extension module gymtorch...
Using envvar MAX_JOBS (2) as the number of workers...
ninja: no work to do.
Loading extension module gymtorch...
task: 
    name: wuji_multigrasp
    physics_engine: physx
    env: 
        numEnvs: 5120
        envSpacing: 0.75
        episodeLength: 600
        enableDebugVis: False
        aggregateMode: 0
        successHoldDurationSec: 0.3
        successHoldDurationRangeSec: [0.3, 0.3]
        maxConsecutiveSuccesses: 0
        goalSwitchTimeoutSec: 0.0
        jointNoise: 0.0
        dofSpeedScale: 1.0
        useRelativeControl: False
        graspSplit: train
        rewardWeightCurriculum: 
            ObjPosDeviation: -0.5
            ObjRotDeviation: -0.02
            StableContact: 0.0
        rewardWeightCurriculumSchedule: 
            warmupSteps: 200
            totalSteps: 2000
        binaryTactileThreshold: 0.05
        actionsMovingAverage: 1.0
        controlFrequencyInv: 4
        forceScale: 0.0
        forceProbRange: [0.001, 0.1]
        forceDecay: 0.99
        forceDecayInterval: 0.08
        policyObsDim: 111
        privilegedObsDim: 21
        studentInitObsDim: 55
        proprioHistoryLen: 50
        enableCameraSensors: False
        camera: 
            height: 1080
            width: 1920
            horizontal_fov: 75
            use_collision_geometry: True
            cam_pos: [0.0, 0.2, 1.0]
            cam_target: [0.0, -0.15, 0.5]
        rewardProtocol: corrected
        supportActionSpan: 0.04
        thumbActionStep: 0.025
        aliveReward: 0.1
        initialPoseNoise: 
            position_m: 0.0005
            joint_rad: 0.01
            rotation_vector_rad: 0.008726646259971648
            ramp_epochs: 0
        absolutePoseObjective: 
            coefficient: 1.0
            position_scale_m: 0.01
            rotation_scale_rad: 0.25
            ramp_epochs: 0
        commandPeriodSec: 2.0
        evaluationGoalTimeoutSec: 10.0
        trainingCommandDurationsSec: [2.0, 5.0]
        endpointHoldReward: 0.0
        trainingStates: research/multigrasp-20260928/data/expert-3.npy
    task: 
        randomize: False
        randomization_params: 
    sim: 
        dt: 0.008333333333333333
        substeps: 4
        up_axis: z
        use_gpu_pipeline: True
        gravity: [0.0, 0.0, -9.81]
        physx: 
            num_threads: 4
            solver_type: 1
            use_gpu: True
            num_position_iterations: 16
            num_velocity_iterations: 4
            max_gpu_contact_pairs: 1048576
            num_subscenes: 0
            contact_offset: 0.002
            rest_offset: 0.0
            bounce_threshold_velocity: 0.2
            max_depenetration_velocity: 100.0
            default_buffer_size_multiplier: 2.0
            contact_collection: 2
object: 
    task: 
        success_threshold: 0.002
        rot_devia_threshold: 1.57
        pos_devia_threshold: 0.05
        goals: [0.04, 0.0]
        contact_num: 5
    asset: 
        type: knife
        asset_root: assets/objects/knife_wuji_bridge3_20260922
        instance_id_list: ['000']
        asset_file: mobility.urdf
        initDof: lower
        disgravity_part: []
        disfriction_part: []
        disrbforce_part: []
        dissimulate_part: []
    default_props: 
        mass: [0.029, 0.006]
        friction: 3.0
        dof_stiffness: 0.0
        dof_damping: 0.3
    randomization: 
        randomize: False
        dof_properties: 
            damping: 
                range: [0.7, 1.3]
                operation: scaling
                distribution: uniform
        rigid_body_properties: 
            by_body: 
                link_0: 
                    mass: 
                        range: [1.0, 5.0]
                        operation: scaling
                        distribution: uniform
                link_1: 
                    mass: 
                        range: [1.0, 2.0]
                        operation: scaling
                        distribution: uniform
        rigid_shape_properties: 
            friction: 
                num_buckets: 250
                range: [-1.0, 1.0]
                operation: additive
                distribution: uniform
    reward: 
        ObjPosDeviation: -0.5
        ObjRotDeviation: -0.02
        StableContact: 0.0
        HandQposDeviation: -0.001
        GoalDistance1: 1000.0
        GoalDistance2: 1.0
        Smooth: -1.0
        Drop: -25.0
        Success: 50.0
hand: 
    type: wuji
    asset: assets/hands/wuji_artbot/right.urdf
    self_collisions: True
    force_links: ['hand_r_thumb_pad_link', 'hand_r_index_pad_link', 'hand_r_middle_pad_link', 'hand_r_ring_pad_link', 'hand_r_pinky_pad_link']
    track_links: ['hand_r_thumb_pad_link', 'hand_r_index_pad_link', 'hand_r_middle_pad_link', 'hand_r_ring_pad_link', 'hand_r_pinky_pad_link']
    dof_names: ['hand_r_index_joint1', 'hand_r_index_joint2', 'hand_r_index_joint3', 'hand_r_index_joint4', 'hand_r_middle_joint1', 'hand_r_middle_joint2', 'hand_r_middle_joint3', 'hand_r_middle_joint4', 'hand_r_pinky_joint1', 'hand_r_pinky_joint2', 'hand_r_pinky_joint3', 'hand_r_pinky_joint4', 'hand_r_ring_joint1', 'hand_r_ring_joint2', 'hand_r_ring_joint3', 'hand_r_ring_joint4', 'hand_r_thumb_joint1', 'hand_r_thumb_joint2', 'hand_r_thumb_joint3', 'hand_r_thumb_joint4']
    dof_props: 
        stiffness: [0.37352218155860073, 0.45592448909027794, 0.24368366649522863, 0.18026971340925335, 0.3687093483646485, 0.4164253443634641, 0.22218607502059182, 0.19427606072023446, 0.3655325975433942, 0.41393113081120425, 0.22729367621965954, 0.1964723550341816, 0.35718151495111794, 0.42977315313086895, 0.24930151196247122, 0.2285032688178066, 0.40844710645048043, 0.6858601063643346, 0.2391112196099482, 0.20736128319711747]
        damping: [0.01882274330029718, 0.019798167597016643, 0.010477031953162727, 0.008240212147903584, 0.01848622487024593, 0.018032947229953678, 0.009592200014076666, 0.009152994605972402, 0.018616960278988272, 0.018732177029667153, 0.00951005441616486, 0.009017295241756363, 0.018376606800780005, 0.01867700966212433, 0.01059512121009555, 0.009917602877441107, 0.020882010257063675, 0.030610939996373314, 0.010181475050560962, 0.00909698844675045]
        friction: [0.0, 0.0, 0.0, 0.0, 0.0, 0.0, 0.0, 0.0, 0.0, 0.0, 0.0, 0.0, 0.0, 0.0, 0.0, 0.0, 0.0, 0.0, 0.0, 0.0]
        armature: [0.0005, 0.0002, 0.0002, 0.0002, 0.0005, 0.0002, 0.0002, 0.0002, 0.0005, 0.0002, 0.0002, 0.0002, 0.0005, 0.0002, 0.0002, 0.0002, 0.0005, 0.0005, 0.0002, 0.0002]
    task: 
        numActions: 20
        propDim: 40
        policyObsDim: 111
        studentInitObsDim: 55
    randomization: 
        randomize: False
    self_collision_mode: digit_filtered
train: 
    params: 
        seed: 2026092902
        algo: 
            name: a2c_continuous
        model: 
            name: continuous_a2c_logstd
        network: 
            name: actor_critic_sapg_priv
            separate: True
            space: 
                continuous: 
                    mu_activation: None
                    sigma_activation: None
                    mu_init: 
                        name: const_initializer
                        val: 0.0
                    sigma_init: 
                        name: const_initializer
                        val: -1.0
                    fixed_sigma: coef_cond
            mlp: 
                units: [512, 256, 128]
                activation: elu
                d2rl: False
                initializer: 
                    name: default
                regularizer: 
                    name: None
            rnn: 
                name: lstm
                units: 512
                layers: 1
                before_mlp: True
                layer_norm: True
            sapg_priv: 
                policy_obs_dim: 111
                privileged_obs_dim: 21
                critic_policy_contact_dim: 5
                expl_embedding_dim: 32
                encoder: 
                    units: [256, 128, 16]
                    activation: elu
                    initializer: 
                        name: default
                student_encoder: 
                    type: auto
                    init_dim: 55
                    proprio_encoder: 
                        units: [128, 64]
                        activation: elu
                        initializer: 
                            name: default
                    init_encoder: 
                        units: [128, 64]
                        activation: elu
                        initializer: 
                            name: default
                    temporal: 
                        type: tconv
                        hidden_size: 192
                        num_layers: 5
                        kernel_size: 3
                        dilation_growth: 2
                        activation: elu
                        dropout: 0.05
                    latent_head: 
                        units: [128]
                        activation: elu
                        initializer: 
                            name: default
        load_checkpoint: True
        load_path: /home/wangjiarui/artgym-hold-20260929/runs/hold-20260929/parents/expert3.pth
        config: 
            name: hold_r3_dense1_seed2902
            full_experiment_name: hold_r3_dense1_seed2902
            env_name: rlgpu
            multi_gpu: False
            ppo: True
            mixed_precision: False
            normalize_input: True
            normalize_value: True
            value_bootstrap: False
            num_actors: 5120
            reward_shaper: 
                scale_value: 1.0
            normalize_advantage: True
            gamma: 0.998
            tau: 0.95
            learning_rate: 0.0002
            lr_schedule: adaptive
            schedule_type: standard
            kl_threshold: 0.016
            score_to_win: 100000
            max_epochs: 2000
            save_best_after: 50
            save_frequency: 250
            print_stats: True
            grad_norm: 1.0
            entropy_coef: 0
            truncate_grads: True
            e_clip: 0.2
            horizon_length: 32
            minibatch_size: 32768
            mini_epochs: 4
            critic_coef: 4
            clip_value: True
            seq_length: 32
            bounds_loss_coef: 0.0001
            defer_summaries_sec: 5
            summaries_interval_sec_min: 5
            summaries_interval_sec_max: 100
            expl_type: mixed_expl_learn_param
            player: 
                deterministic: True
                use_vecenv: True
                games_num: 1000000
                print_stats: False
            use_others_experience: lf
            off_policy_ratio: 1.0
            expl_reward_type: entropy
            expl_reward_coef_scale: 0.005
            expl_coef_block_size: 1024
            managed_checkpoints: True
            checkpoint_first_epoch: 10
            checkpoint_keep_recent: 10
            checkpoint_milestone_frequency: 500
            evaluation_frequency: 100000
pbt: 
    enabled: False
task_name: wuji_multigrasp
experiment: hold_r3_dense1_seed2902
num_envs: 5120
seed: 2026092902
torch_deterministic: False
max_iterations: 2000
physics_engine: physx
pipeline: gpu
sim_device: cuda:0
rl_device: cuda:0
graphics_device_id: -1
num_threads: 4
solver_type: 1
num_subscenes: 0
test: False
checkpoint: /home/wangjiarui/artgym-hold-20260929/runs/hold-20260929/parents/expert3.pth
sigma: 
multi_gpu: False
asset_dir: 
capture_video: False
capture_video_freq: 1500
capture_video_len: 100
force_render: False
headless: True
Setting seed: 2026092902
self.seed = 2026092902
Started to train
Exact experiment name requested from command line: hold_r3_dense1_seed2902
/home/wangjiarui/artgym-runtime/lib/python3.8/site-packages/gym/spaces/box.py:127: UserWarning: [33mWARN: Box bound precision lowered by casting to float32[0m
  logger.warn(f"Box bound precision lowered by casting to {self.dtype}")
Not connected to PVD
+++ Using GPU PhysX
Physics Engine: PhysX
Physics Device: cuda:0
GPU Pipeline: enabled
Box(-1.0, 1.0, (20,), float32) Box(-inf, inf, (137,), float32)
seq_length: 32
current training device: cuda:0
num_minibatches: 5
build mlp: 21
build mlp: 21
build mlp: 512
build mlp: 512
RunningMeanStd:  (1,)
RunningMeanStd:  (137,)
=> loading checkpoint '/home/wangjiarui/artgym-hold-20260929/runs/hold-20260929/parents/expert3.pth'

Timing:
  Play time               : 10.268 s
  Update time             : 1.160 s
  Time to train epoch     : 11.428 s


Statistics:
  fps step                    : 16,467
  fps step + policy inference : 15,956
  fps total                   : 14,336
  epoch                       : 1,001 / 2,000
  frames                      : 164,003,840


Policy 0: 
Timing:
  Play time               : 9.537 s
  Update time             : 0.968 s
  Time to train epoch     : 10.506 s


Statistics:
  fps step                    : 17,419
  fps step + policy inference : 17,179
  fps total                   : 15,596
  epoch                       : 1,002 / 2,000
  frames                      : 164,167,680


Policy 0: 
Timing:
  Play time               : 9.593 s
  Update time             : 0.780 s
  Time to train epoch     : 10.373 s


Statistics:
  fps step                    : 17,320
  fps step + policy inference : 17,080
  fps total                   : 15,795
  epoch                       : 1,003 / 2,000
  frames                      : 164,331,520


Policy 0: 
Timing:
  Play time               : 9.613 s
  Update time             : 0.618 s
  Time to train epoch     : 10.232 s


Statistics:
  fps step                    : 17,282
  fps step + policy inference : 17,043
  fps total                   : 16,013
  epoch                       : 1,004 / 2,000
  frames                      : 164,495,360


Policy 0: 
Timing:
  Play time               : 9.814 s
  Update time             : 0.771 s
  Time to train epoch     : 10.585 s


Statistics:
  fps step                    : 16,934
  fps step + policy inference : 16,694
  fps total                   : 15,479
  epoch                       : 1,005 / 2,000
  frames                      : 164,659,200


Policy 0: 
Timing:
  Play time               : 9.659 s
  Update time             : 0.765 s
  Time to train epoch     : 10.424 s


Statistics:
  fps step                    : 17,196
  fps step + policy inference : 16,962
  fps total                   : 15,718
  epoch                       : 1,006 / 2,000
  frames                      : 164,823,040


Policy 0: 
Timing:
  Play time               : 9.651 s
  Update time             : 0.636 s
  Time to train epoch     : 10.286 s


Statistics:
  fps step                    : 17,213
  fps step + policy inference : 16,977
  fps total                   : 15,928
  epoch                       : 1,007 / 2,000
  frames                      : 164,986,880


Policy 0: 
Timing:
  Play time               : 9.780 s
  Update time             : 0.639 s
  Time to train epoch     : 10.420 s


Statistics:
  fps step                    : 16,989
  fps step + policy inference : 16,752
  fps total                   : 15,724
  epoch                       : 1,008 / 2,000
  frames                      : 165,150,720


Policy 0: 
Timing:
  Play time               : 9.845 s
  Update time             : 0.705 s
  Time to train epoch     : 10.550 s


Statistics:
  fps step                    : 16,871
  fps step + policy inference : 16,641
  fps total                   : 15,530
  epoch                       : 1,009 / 2,000
  frames                      : 165,314,560


Policy 0: 
Timing:
  Play time               : 9.728 s
  Update time             : 0.770 s
  Time to train epoch     : 10.498 s


Statistics:
  fps step                    : 17,079
  fps step + policy inference : 16,843
  fps total                   : 15,607
  epoch                       : 1,010 / 2,000
  frames                      : 165,478,400


Policy 0: 
Timing:
  Play time               : 9.772 s
  Update time             : 0.696 s
  Time to train epoch     : 10.468 s


Statistics:
  fps step                    : 16,995
  fps step + policy inference : 16,766
  fps total                   : 15,652
  epoch                       : 1,011 / 2,000
  frames                      : 165,642,240


Policy 0: 
Timing:
  Play time               : 9.840 s
  Update time             : 0.641 s
  Time to train epoch     : 10.480 s


Statistics:
  fps step                    : 16,882
  fps step + policy inference : 16,651
  fps total                   : 15,633
  epoch                       : 1,012 / 2,000
  frames                      : 165,806,080


Policy 0: 
Timing:
  Play time               : 9.820 s
  Update time             : 0.620 s
  Time to train epoch     : 10.441 s


Statistics:
  fps step                    : 16,918
  fps step + policy inference : 16,684
  fps total                   : 15,692
  epoch                       : 1,013 / 2,000
  frames                      : 165,969,920


Policy 0: 
Timing:
  Play time               : 9.722 s
  Update time             : 0.620 s
  Time to train epoch     : 10.342 s


Statistics:
  fps step                    : 17,088
  fps step + policy inference : 16,852
  fps total                   : 15,842
  epoch                       : 1,014 / 2,000
  frames                      : 166,133,760


Policy 0: 
Timing:
  Play time               : 9.785 s
  Update time             : 0.739 s
  Time to train epoch     : 10.524 s


Statistics:
  fps step                    : 16,988
  fps step + policy inference : 16,744
  fps total                   : 15,569
  epoch                       : 1,015 / 2,000
  frames                      : 166,297,600


Policy 0: 
Timing:
  Play time               : 9.745 s
  Update time             : 0.781 s
  Time to train epoch     : 10.526 s


Statistics:
  fps step                    : 17,050
  fps step + policy inference : 16,812
  fps total                   : 15,565
  epoch                       : 1,016 / 2,000
  frames                      : 166,461,440


Policy 0: 
Timing:
  Play time               : 9.734 s
  Update time             : 0.675 s
  Time to train epoch     : 10.409 s


Statistics:
  fps step                    : 17,064
  fps step + policy inference : 16,832
  fps total                   : 15,740
  epoch                       : 1,017 / 2,000
  frames                      : 166,625,280


Policy 0: 
Timing:
  Play time               : 9.809 s
  Update time             : 0.624 s
  Time to train epoch     : 10.433 s


Statistics:
  fps step                    : 16,944
  fps step + policy inference : 16,704
  fps total                   : 15,705
  epoch                       : 1,018 / 2,000
  frames                      : 166,789,120


Policy 0: 
Timing:
  Play time               : 10.150 s
  Update time             : 0.658 s
  Time to train epoch     : 10.808 s


Statistics:
  fps step                    : 16,715
  fps step + policy inference : 16,142
  fps total                   : 15,159
  epoch                       : 1,019 / 2,000
  frames                      : 166,952,960


Policy 0: saving next best rewards:  [585.85]
=> saving checkpoint 'runs/hold_r3_dense1_seed2902/nn/hold_r3_dense1_seed2902.pth'

Timing:
  Play time               : 10.022 s
  Update time             : 0.669 s
  Time to train epoch     : 10.691 s


Statistics:
  fps step                    : 16,577
  fps step + policy inference : 16,348
  fps total                   : 15,326
  epoch                       : 1,020 / 2,000
  frames                      : 167,116,800


Policy 0: 
Timing:
  Play time               : 9.874 s
  Update time             : 0.637 s
  Time to train epoch     : 10.511 s


Statistics:
  fps step                    : 16,826
  fps step + policy inference : 16,593
  fps total                   : 15,588
  epoch                       : 1,021 / 2,000
  frames                      : 167,280,640


Policy 0: 
Timing:
  Play time               : 9.813 s
  Update time             : 0.699 s
  Time to train epoch     : 10.511 s


Statistics:
  fps step                    : 16,929
  fps step + policy inference : 16,697
  fps total                   : 15,587
  epoch                       : 1,022 / 2,000
  frames                      : 167,444,480


Policy 0: 
Timing:
  Play time               : 9.924 s
  Update time             : 0.770 s
  Time to train epoch     : 10.695 s


Statistics:
  fps step                    : 16,738
  fps step + policy inference : 16,509
  fps total                   : 15,320
  epoch                       : 1,023 / 2,000
  frames                      : 167,608,320


Policy 0: 
Timing:
  Play time               : 9.910 s
  Update time             : 0.715 s
  Time to train epoch     : 10.625 s


Statistics:
  fps step                    : 16,763
  fps step + policy inference : 16,533
  fps total                   : 15,420
  epoch                       : 1,024 / 2,000
  frames                      : 167,772,160


Policy 0: 
Timing:
  Play time               : 9.864 s
  Update time             : 0.623 s
  Time to train epoch     : 10.487 s


Statistics:
  fps step                    : 16,838
  fps step + policy inference : 16,610
  fps total                   : 15,623
  epoch                       : 1,025 / 2,000
  frames                      : 167,936,000


Policy 0: 
Timing:
  Play time               : 9.873 s
  Update time             : 0.618 s
  Time to train epoch     : 10.491 s


Statistics:
  fps step                    : 16,828
  fps step + policy inference : 16,595
  fps total                   : 15,618
  epoch                       : 1,026 / 2,000
  frames                      : 168,099,840


Policy 0: 
Timing:
  Play time               : 9.955 s
  Update time             : 0.638 s
  Time to train epoch     : 10.594 s


Statistics:
  fps step                    : 16,691
  fps step + policy inference : 16,458
  fps total                   : 15,466
  epoch                       : 1,027 / 2,000
  frames                      : 168,263,680


Policy 0: 
Timing:
  Play time               : 9.962 s
  Update time             : 0.640 s
  Time to train epoch     : 10.602 s


Statistics:
  fps step                    : 16,671
  fps step + policy inference : 16,446
  fps total                   : 15,453
  epoch                       : 1,028 / 2,000
  frames                      : 168,427,520


Policy 0: 
Timing:
  Play time               : 9.898 s
  Update time             : 0.614 s
  Time to train epoch     : 10.512 s


Statistics:
  fps step                    : 16,781
  fps step + policy inference : 16,553
  fps total                   : 15,586
  epoch                       : 1,029 / 2,000
  frames                      : 168,591,360


Policy 0: 
Timing:
  Play time               : 9.922 s
  Update time             : 0.692 s
  Time to train epoch     : 10.615 s


Statistics:
  fps step                    : 16,741
  fps step + policy inference : 16,512
  fps total                   : 15,435
  epoch                       : 1,030 / 2,000
  frames                      : 168,755,200


Policy 0: 
Timing:
  Play time               : 9.950 s
  Update time             : 0.756 s
  Time to train epoch     : 10.706 s


Statistics:
  fps step                    : 16,696
  fps step + policy inference : 16,466
  fps total                   : 15,304
  epoch                       : 1,031 / 2,000
  frames                      : 168,919,040


Policy 0: 
Timing:
  Play time               : 9.936 s
  Update time             : 0.703 s
  Time to train epoch     : 10.639 s


Statistics:
  fps step                    : 16,719
  fps step + policy inference : 16,489
  fps total                   : 15,400
  epoch                       : 1,032 / 2,000
  frames                      : 169,082,880


Policy 0: 
Timing:
  Play time               : 9.930 s
  Update time             : 0.646 s
  Time to train epoch     : 10.576 s


Statistics:
  fps step                    : 16,729
  fps step + policy inference : 16,500
  fps total                   : 15,491
  epoch                       : 1,033 / 2,000
  frames                      : 169,246,720


Policy 0: 
Timing:
  Play time               : 10.012 s
  Update time             : 0.676 s
  Time to train epoch     : 10.687 s


Statistics:
  fps step                    : 16,595
  fps step + policy inference : 16,365
  fps total                   : 15,330
  epoch                       : 1,034 / 2,000
  frames                      : 169,410,560


Policy 0: 
Timing:
  Play time               : 9.934 s
  Update time             : 0.640 s
  Time to train epoch     : 10.574 s


Statistics:
  fps step                    : 16,724
  fps step + policy inference : 16,493
  fps total                   : 15,495
  epoch                       : 1,035 / 2,000
  frames                      : 169,574,400


Policy 0: 
Timing:
  Play time               : 9.937 s
  Update time             : 0.624 s
  Time to train epoch     : 10.561 s


Statistics:
  fps step                    : 16,710
  fps step + policy inference : 16,489
  fps total                   : 15,514
  epoch                       : 1,036 / 2,000
  frames                      : 169,738,240


Policy 0: 
Timing:
  Play time               : 10.016 s
  Update time             : 0.640 s
  Time to train epoch     : 10.656 s


Statistics:
  fps step                    : 16,590
  fps step + policy inference : 16,357
  fps total                   : 15,375
  epoch                       : 1,037 / 2,000
  frames                      : 169,902,080


Policy 0: 
Timing:
  Play time               : 10.326 s
  Update time             : 0.768 s
  Time to train epoch     : 11.094 s


Statistics:
  fps step                    : 16,417
  fps step + policy inference : 15,866
  fps total                   : 14,769
  epoch                       : 1,038 / 2,000
  frames                      : 170,065,920


Policy 0: saving next best rewards:  [662.19]
=> saving checkpoint 'runs/hold_r3_dense1_seed2902/nn/hold_r3_dense1_seed2902.pth'

Timing:
  Play time               : 10.036 s
  Update time             : 0.693 s
  Time to train epoch     : 10.729 s


Statistics:
  fps step                    : 16,558
  fps step + policy inference : 16,325
  fps total                   : 15,271
  epoch                       : 1,039 / 2,000
  frames                      : 170,229,760


Policy 0: 
Timing:
  Play time               : 9.949 s
  Update time             : 0.695 s
  Time to train epoch     : 10.643 s


Statistics:
  fps step                    : 16,695
  fps step + policy inference : 16,468
  fps total                   : 15,394
  epoch                       : 1,040 / 2,000
  frames                      : 170,393,600


Policy 0: 
Timing:
  Play time               : 9.877 s
  Update time             : 0.725 s
  Time to train epoch     : 10.602 s


Statistics:
  fps step                    : 16,817
  fps step + policy inference : 16,588
  fps total                   : 15,454
  epoch                       : 1,041 / 2,000
  frames                      : 170,557,440


Policy 0: 
Timing:
  Play time               : 9.958 s
  Update time             : 0.746 s
  Time to train epoch     : 10.703 s


Statistics:
  fps step                    : 16,689
  fps step + policy inference : 16,454
  fps total                   : 15,307
  epoch                       : 1,042 / 2,000
  frames                      : 170,721,280


Policy 0: 
Timing:
  Play time               : 10.007 s
  Update time             : 0.698 s
  Time to train epoch     : 10.705 s


Statistics:
  fps step                    : 16,601
  fps step + policy inference : 16,372
  fps total                   : 15,306
  epoch                       : 1,043 / 2,000
  frames                      : 170,885,120


Policy 0: 
Timing:
  Play time               : 9.924 s
  Update time             : 0.646 s
  Time to train epoch     : 10.570 s


Statistics:
  fps step                    : 16,736
  fps step + policy inference : 16,509
  fps total                   : 15,500
  epoch                       : 1,044 / 2,000
  frames                      : 171,048,960


Policy 0: 
Timing:
  Play time               : 9.950 s
  Update time             : 0.634 s
  Time to train epoch     : 10.584 s


Statistics:
  fps step                    : 16,688
  fps step + policy inference : 16,466
  fps total                   : 15,480
  epoch                       : 1,045 / 2,000
  frames                      : 171,212,800


Policy 0: 
Timing:
  Play time               : 9.962 s
  Update time             : 0.651 s
  Time to train epoch     : 10.612 s


Statistics:
  fps step                    : 16,685
  fps step + policy inference : 16,447
  fps total                   : 15,438
  epoch                       : 1,046 / 2,000
  frames                      : 171,376,640


Policy 0: 
Timing:
  Play time               : 9.968 s
  Update time             : 0.692 s
  Time to train epoch     : 10.660 s


Statistics:
  fps step                    : 16,667
  fps step + policy inference : 16,436
  fps total                   : 15,369
  epoch                       : 1,047 / 2,000
  frames                      : 171,540,480


Policy 0: 
Timing:
  Play time               : 9.905 s
  Update time             : 0.691 s
  Time to train epoch     : 10.596 s


Statistics:
  fps step                    : 16,772
  fps step + policy inference : 16,541
  fps total                   : 15,462
  epoch                       : 1,048 / 2,000
  frames                      : 171,704,320


Policy 0: 
Timing:
  Play time               : 9.944 s
  Update time             : 0.780 s
  Time to train epoch     : 10.724 s


Statistics:
  fps step                    : 16,707
  fps step + policy inference : 16,477
  fps total                   : 15,278
  epoch                       : 1,049 / 2,000
  frames                      : 171,868,160


Policy 0: 
Timing:
  Play time               : 9.985 s
  Update time             : 0.741 s
  Time to train epoch     : 10.726 s


Statistics:
  fps step                    : 16,636
  fps step + policy inference : 16,408
  fps total                   : 15,275
  epoch                       : 1,050 / 2,000
  frames                      : 172,032,000


Policy 0: 
Timing:
  Play time               : 9.972 s
  Update time             : 0.646 s
  Time to train epoch     : 10.618 s


Statistics:
  fps step                    : 16,661
  fps step + policy inference : 16,430
  fps total                   : 15,430
  epoch                       : 1,051 / 2,000
  frames                      : 172,195,840


Policy 0: 
Timing:
  Play time               : 9.970 s
  Update time             : 0.649 s
  Time to train epoch     : 10.620 s


Statistics:
  fps step                    : 16,664
  fps step + policy inference : 16,433
  fps total                   : 15,428
  epoch                       : 1,052 / 2,000
  frames                      : 172,359,680


Policy 0: 
Timing:
  Play time               : 10.057 s
  Update time             : 0.665 s
  Time to train epoch     : 10.722 s


Statistics:
  fps step                    : 16,529
  fps step + policy inference : 16,291
  fps total                   : 15,281
  epoch                       : 1,053 / 2,000
  frames                      : 172,523,520


Policy 0: 
Timing:
  Play time               : 9.955 s
  Update time             : 0.651 s
  Time to train epoch     : 10.605 s


Statistics:
  fps step                    : 16,690
  fps step + policy inference : 16,459
  fps total                   : 15,449
  epoch                       : 1,054 / 2,000
  frames                      : 172,687,360


Policy 0: 
Timing:
  Play time               : 9.981 s
  Update time             : 0.715 s
  Time to train epoch     : 10.696 s


Statistics:
  fps step                    : 16,641
  fps step + policy inference : 16,416
  fps total                   : 15,318
  epoch                       : 1,055 / 2,000
  frames                      : 172,851,200


Policy 0: 
Timing:
  Play time               : 10.034 s
  Update time             : 0.794 s
  Time to train epoch     : 10.828 s


Statistics:
  fps step                    : 16,558
  fps step + policy inference : 16,329
  fps total                   : 15,131
  epoch                       : 1,056 / 2,000
  frames                      : 173,015,040


Policy 0: 
Timing:
  Play time               : 10.386 s
  Update time             : 0.838 s
  Time to train epoch     : 11.225 s


Statistics:
  fps step                    : 16,327
  fps step + policy inference : 15,774
  fps total                   : 14,597
  epoch                       : 1,057 / 2,000
  frames                      : 173,178,880


Policy 0: saving next best rewards:  [712.67]
=> saving checkpoint 'runs/hold_r3_dense1_seed2902/nn/hold_r3_dense1_seed2902.pth'

Timing:
  Play time               : 10.091 s
  Update time             : 0.727 s
  Time to train epoch     : 10.818 s


Statistics:
  fps step                    : 16,475
  fps step + policy inference : 16,236
  fps total                   : 15,145
  epoch                       : 1,058 / 2,000
  frames                      : 173,342,720


Policy 0: 
Timing:
  Play time               : 10.057 s
  Update time             : 0.655 s
  Time to train epoch     : 10.712 s


Statistics:
  fps step                    : 16,521
  fps step + policy inference : 16,290
  fps total                   : 15,295
  epoch                       : 1,059 / 2,000
  frames                      : 173,506,560


Policy 0: 
Timing:
  Play time               : 9.963 s
  Update time             : 0.630 s
  Time to train epoch     : 10.593 s


Statistics:
  fps step                    : 16,672
  fps step + policy inference : 16,445
  fps total                   : 15,467
  epoch                       : 1,060 / 2,000
  frames                      : 173,670,400


Policy 0: 
Timing:
  Play time               : 10.069 s
  Update time             : 0.672 s
  Time to train epoch     : 10.741 s


Statistics:
  fps step                    : 16,502
  fps step + policy inference : 16,272
  fps total                   : 15,254
  epoch                       : 1,061 / 2,000
  frames                      : 173,834,240


Policy 0: 
Timing:
  Play time               : 10.018 s
  Update time             : 0.780 s
  Time to train epoch     : 10.798 s


Statistics:
  fps step                    : 16,587
  fps step + policy inference : 16,354
  fps total                   : 15,173
  epoch                       : 1,062 / 2,000
  frames                      : 173,998,080


Policy 0: 
Timing:
  Play time               : 9.951 s
  Update time             : 0.783 s
  Time to train epoch     : 10.734 s


Statistics:
  fps step                    : 16,698
  fps step + policy inference : 16,465
  fps total                   : 15,264
  epoch                       : 1,063 / 2,000
  frames                      : 174,161,920


Policy 0: 
Timing:
  Play time               : 10.053 s
  Update time             : 0.720 s
  Time to train epoch     : 10.773 s


Statistics:
  fps step                    : 16,523
  fps step + policy inference : 16,298
  fps total                   : 15,209
  epoch                       : 1,064 / 2,000
  frames                      : 174,325,760


Policy 0: 
Timing:
  Play time               : 10.082 s
  Update time             : 0.713 s
  Time to train epoch     : 10.795 s


Statistics:
  fps step                    : 16,479
  fps step + policy inference : 16,251
  fps total                   : 15,177
  epoch                       : 1,065 / 2,000
  frames                      : 174,489,600


Policy 0: 
Timing:
  Play time               : 10.041 s
  Update time             : 0.654 s
  Time to train epoch     : 10.695 s


Statistics:
  fps step                    : 16,541
  fps step + policy inference : 16,317
  fps total                   : 15,319
  epoch                       : 1,066 / 2,000
  frames                      : 174,653,440


Policy 0: 
Timing:
  Play time               : 10.003 s
  Update time             : 0.642 s
  Time to train epoch     : 10.646 s


Statistics:
  fps step                    : 16,601
  fps step + policy inference : 16,378
  fps total                   : 15,390
  epoch                       : 1,067 / 2,000
  frames                      : 174,817,280


Policy 0: 
Timing:
  Play time               : 10.093 s
  Update time             : 0.680 s
  Time to train epoch     : 10.773 s


Statistics:
  fps step                    : 16,464
  fps step + policy inference : 16,233
  fps total                   : 15,208
  epoch                       : 1,068 / 2,000
  frames                      : 174,981,120


Policy 0: 
Timing:
  Play time               : 10.042 s
  Update time             : 0.645 s
  Time to train epoch     : 10.687 s


Statistics:
  fps step                    : 16,539
  fps step + policy inference : 16,315
  fps total                   : 15,330
  epoch                       : 1,069 / 2,000
  frames                      : 175,144,960


Policy 0: 
Timing:
  Play time               : 10.016 s
  Update time             : 0.633 s
  Time to train epoch     : 10.649 s


Statistics:
  fps step                    : 16,586
  fps step + policy inference : 16,358
  fps total                   : 15,385
  epoch                       : 1,070 / 2,000
  frames                      : 175,308,800


Policy 0: 
Timing:
  Play time               : 10.094 s
  Update time             : 0.731 s
  Time to train epoch     : 10.825 s


Statistics:
  fps step                    : 16,464
  fps step + policy inference : 16,231
  fps total                   : 15,135
  epoch                       : 1,071 / 2,000
  frames                      : 175,472,640


Policy 0: 
Timing:
  Play time               : 10.100 s
  Update time             : 0.806 s
  Time to train epoch     : 10.906 s


Statistics:
  fps step                    : 16,455
  fps step + policy inference : 16,221
  fps total                   : 15,023
  epoch                       : 1,072 / 2,000
  frames                      : 175,636,480


Policy 0: 
Timing:
  Play time               : 10.030 s
  Update time             : 0.761 s
  Time to train epoch     : 10.791 s


Statistics:
  fps step                    : 16,564
  fps step + policy inference : 16,334
  fps total                   : 15,183
  epoch                       : 1,073 / 2,000
  frames                      : 175,800,320


Policy 0: 
Timing:
  Play time               : 10.110 s
  Update time             : 0.711 s
  Time to train epoch     : 10.821 s


Statistics:
  fps step                    : 16,438
  fps step + policy inference : 16,207
  fps total                   : 15,141
  epoch                       : 1,074 / 2,000
  frames                      : 175,964,160


Policy 0: 
Timing:
  Play time               : 10.307 s
  Update time             : 0.692 s
  Time to train epoch     : 10.999 s


Statistics:
  fps step                    : 16,419
  fps step + policy inference : 15,896
  fps total                   : 14,895
  epoch                       : 1,075 / 2,000
  frames                      : 176,128,000


Policy 0: saving next best rewards:  [757.79]
=> saving checkpoint 'runs/hold_r3_dense1_seed2902/nn/hold_r3_dense1_seed2902.pth'

Timing:
  Play time               : 10.205 s
  Update time             : 0.789 s
  Time to train epoch     : 10.994 s


Statistics:
  fps step                    : 16,298
  fps step + policy inference : 16,055
  fps total                   : 14,903
  epoch                       : 1,076 / 2,000
  frames                      : 176,291,840


Policy 0: 
Timing:
  Play time               : 10.045 s
  Update time             : 0.672 s
  Time to train epoch     : 10.717 s


Statistics:
  fps step                    : 16,540
  fps step + policy inference : 16,311
  fps total                   : 15,287
  epoch                       : 1,077 / 2,000
  frames                      : 176,455,680


Policy 0: 
Timing:
  Play time               : 10.060 s
  Update time             : 0.691 s
  Time to train epoch     : 10.751 s


Statistics:
  fps step                    : 16,515
  fps step + policy inference : 16,286
  fps total                   : 15,239
  epoch                       : 1,078 / 2,000
  frames                      : 176,619,520


Policy 0: 
Timing:
  Play time               : 10.038 s
  Update time             : 0.656 s
  Time to train epoch     : 10.694 s


Statistics:
  fps step                    : 16,550
  fps step + policy inference : 16,322
  fps total                   : 15,321
  epoch                       : 1,079 / 2,000
  frames                      : 176,783,360


Policy 0: 
Timing:
  Play time               : 10.115 s
  Update time             : 0.692 s
  Time to train epoch     : 10.807 s


Statistics:
  fps step                    : 16,429
  fps step + policy inference : 16,198
  fps total                   : 15,161
  epoch                       : 1,080 / 2,000
  frames                      : 176,947,200


Policy 0: 
Timing:
  Play time               : 10.008 s
  Update time             : 0.717 s
  Time to train epoch     : 10.725 s


Statistics:
  fps step                    : 16,600
  fps step + policy inference : 16,370
  fps total                   : 15,276
  epoch                       : 1,081 / 2,000
  frames                      : 177,111,040


Policy 0: 
Timing:
  Play time               : 9.947 s
  Update time             : 0.708 s
  Time to train epoch     : 10.654 s


Statistics:
  fps step                    : 16,696
  fps step + policy inference : 16,472
  fps total                   : 15,378
  epoch                       : 1,082 / 2,000
  frames                      : 177,274,880


Policy 0: 
Timing:
  Play time               : 10.082 s
  Update time             : 0.770 s
  Time to train epoch     : 10.852 s


Statistics:
  fps step                    : 16,480
  fps step + policy inference : 16,251
  fps total                   : 15,098
  epoch                       : 1,083 / 2,000
  frames                      : 177,438,720


Policy 0: 
Timing:
  Play time               : 10.084 s
  Update time             : 0.770 s
  Time to train epoch     : 10.854 s


Statistics:
  fps step                    : 16,480
  fps step + policy inference : 16,248
  fps total                   : 15,095
  epoch                       : 1,084 / 2,000
  frames                      : 177,602,560


Policy 0: 
Timing:
  Play time               : 10.059 s
  Update time             : 0.658 s
  Time to train epoch     : 10.717 s


Statistics:
  fps step                    : 16,516
  fps step + policy inference : 16,288
  fps total                   : 15,288
  epoch                       : 1,085 / 2,000
  frames                      : 177,766,400


Policy 0: 
Timing:
  Play time               : 10.077 s
  Update time             : 0.656 s
  Time to train epoch     : 10.733 s


Statistics:
  fps step                    : 16,486
  fps step + policy inference : 16,259
  fps total                   : 15,266
  epoch                       : 1,086 / 2,000
  frames                      : 177,930,240


Policy 0: 
Timing:
  Play time               : 10.110 s
  Update time             : 0.676 s
  Time to train epoch     : 10.786 s


Statistics:
  fps step                    : 16,437
  fps step + policy inference : 16,206
  fps total                   : 15,189
  epoch                       : 1,087 / 2,000
  frames                      : 178,094,080


Policy 0: 
Timing:
  Play time               : 10.066 s
  Update time             : 0.659 s
  Time to train epoch     : 10.724 s


Statistics:
  fps step                    : 16,505
  fps step + policy inference : 16,277
  fps total                   : 15,277
  epoch                       : 1,088 / 2,000
  frames                      : 178,257,920


Policy 0: 
Timing:
  Play time               : 10.078 s
  Update time             : 0.650 s
  Time to train epoch     : 10.728 s


Statistics:
  fps step                    : 16,488
  fps step + policy inference : 16,256
  fps total                   : 15,272
  epoch                       : 1,089 / 2,000
  frames                      : 178,421,760


Policy 0: 
Timing:
  Play time               : 10.161 s
  Update time             : 0.757 s
  Time to train epoch     : 10.918 s


Statistics:
  fps step                    : 16,361
  fps step + policy inference : 16,125
  fps total                   : 15,006
  epoch                       : 1,090 / 2,000
  frames                      : 178,585,600


Policy 0: 
Timing:
  Play time               : 10.098 s
  Update time             : 0.786 s
  Time to train epoch     : 10.884 s


Statistics:
  fps step                    : 16,457
  fps step + policy inference : 16,226
  fps total                   : 15,054
  epoch                       : 1,091 / 2,000
  frames                      : 178,749,440


Policy 0: 
Timing:
  Play time               : 10.080 s
  Update time             : 0.770 s
  Time to train epoch     : 10.850 s


Statistics:
  fps step                    : 16,492
  fps step + policy inference : 16,253
  fps total                   : 15,100
  epoch                       : 1,092 / 2,000
  frames                      : 178,913,280


Policy 0: 
Timing:
  Play time               : 10.125 s
  Update time             : 0.747 s
  Time to train epoch     : 10.872 s


Statistics:
  fps step                    : 16,408
  fps step + policy inference : 16,182
  fps total                   : 15,070
  epoch                       : 1,093 / 2,000
  frames                      : 179,077,120


Policy 0: 
Timing:
  Play time               : 10.400 s
  Update time             : 0.732 s
  Time to train epoch     : 11.132 s


Statistics:
  fps step                    : 16,279
  fps step + policy inference : 15,754
  fps total                   : 14,718
  epoch                       : 1,094 / 2,000
  frames                      : 179,240,960


Policy 0: saving next best rewards:  [788.01]
=> saving checkpoint 'runs/hold_r3_dense1_seed2902/nn/hold_r3_dense1_seed2902.pth'

Timing:
  Play time               : 10.209 s
  Update time             : 0.761 s
  Time to train epoch     : 10.970 s


Statistics:
  fps step                    : 16,291
  fps step + policy inference : 16,049
  fps total                   : 14,936
  epoch                       : 1,095 / 2,000
  frames                      : 179,404,800


Policy 0: 
Timing:
  Play time               : 10.139 s
  Update time             : 0.676 s
  Time to train epoch     : 10.814 s


Statistics:
  fps step                    : 16,391
  fps step + policy inference : 16,160
  fps total                   : 15,150
  epoch                       : 1,096 / 2,000
  frames                      : 179,568,640


Policy 0: 
Timing:
  Play time               : 10.016 s
  Update time             : 0.686 s
  Time to train epoch     : 10.702 s


Statistics:
  fps step                    : 16,590
  fps step + policy inference : 16,357
  fps total                   : 15,309
  epoch                       : 1,097 / 2,000
  frames                      : 179,732,480


Policy 0: 
Timing:
  Play time               : 10.111 s
  Update time             : 0.757 s
  Time to train epoch     : 10.867 s


Statistics:
  fps step                    : 16,438
  fps step + policy inference : 16,205
  fps total                   : 15,076
  epoch                       : 1,098 / 2,000
  frames                      : 179,896,320


Policy 0: 
Timing:
  Play time               : 10.121 s
  Update time             : 0.772 s
  Time to train epoch     : 10.893 s


Statistics:
  fps step                    : 16,422
  fps step + policy inference : 16,187
  fps total                   : 15,041
  epoch                       : 1,099 / 2,000
  frames                      : 180,060,160


Policy 0: 
Timing:
  Play time               : 10.072 s
  Update time             : 0.725 s
  Time to train epoch     : 10.796 s


Statistics:
  fps step                    : 16,501
  fps step + policy inference : 16,267
  fps total                   : 15,175
  epoch                       : 1,100 / 2,000
  frames                      : 180,224,000


Policy 0: 
Timing:
  Play time               : 10.000 s
  Update time             : 0.652 s
  Time to train epoch     : 10.652 s


Statistics:
  fps step                    : 16,609
  fps step + policy inference : 16,384
  fps total                   : 15,380
  epoch                       : 1,101 / 2,000
  frames                      : 180,387,840


Policy 0: 
Timing:
  Play time               : 10.113 s
  Update time             : 0.702 s
  Time to train epoch     : 10.815 s


Statistics:
  fps step                    : 16,437
  fps step + policy inference : 16,201
  fps total                   : 15,149
  epoch                       : 1,102 / 2,000
  frames                      : 180,551,680


Policy 0: 
Timing:
  Play time               : 10.126 s
  Update time             : 0.725 s
  Time to train epoch     : 10.851 s


Statistics:
  fps step                    : 16,417
  fps step + policy inference : 16,180
  fps total                   : 15,100
  epoch                       : 1,103 / 2,000
  frames                      : 180,715,520


Policy 0: 
Timing:
  Play time               : 10.049 s
  Update time             : 0.653 s
  Time to train epoch     : 10.702 s


Statistics:
  fps step                    : 16,531
  fps step + policy inference : 16,304
  fps total                   : 15,309
  epoch                       : 1,104 / 2,000
  frames                      : 180,879,360


Policy 0: 
Timing:
  Play time               : 10.111 s
  Update time             : 0.680 s
  Time to train epoch     : 10.791 s


Statistics:
  fps step                    : 16,443
  fps step + policy inference : 16,204
  fps total                   : 15,182
  epoch                       : 1,105 / 2,000
  frames                      : 181,043,200


Policy 0: 
Timing:
  Play time               : 10.146 s
  Update time             : 0.736 s
  Time to train epoch     : 10.882 s


Statistics:
  fps step                    : 16,377
  fps step + policy inference : 16,148
  fps total                   : 15,056
  epoch                       : 1,106 / 2,000
  frames                      : 181,207,040


Policy 0: 
Timing:
  Play time               : 10.104 s
  Update time             : 0.759 s
  Time to train epoch     : 10.863 s


Statistics:
  fps step                    : 16,447
  fps step + policy inference : 16,215
  fps total                   : 15,082
  epoch                       : 1,107 / 2,000
  frames                      : 181,370,880


Policy 0: 
Timing:
  Play time               : 10.109 s
  Update time             : 0.802 s
  Time to train epoch     : 10.911 s


Statistics:
  fps step                    : 16,436
  fps step + policy inference : 16,207
  fps total                   : 15,016
  epoch                       : 1,108 / 2,000
  frames                      : 181,534,720


Policy 0: 
Timing:
  Play time               : 10.156 s
  Update time             : 0.776 s
  Time to train epoch     : 10.932 s


Statistics:
  fps step                    : 16,360
  fps step + policy inference : 16,132
  fps total                   : 14,988
  epoch                       : 1,109 / 2,000
  frames                      : 181,698,560


Policy 0: 
Timing:
  Play time               : 10.130 s
  Update time             : 0.674 s
  Time to train epoch     : 10.804 s


Statistics:
  fps step                    : 16,404
  fps step + policy inference : 16,174
  fps total                   : 15,164
  epoch                       : 1,110 / 2,000
  frames                      : 181,862,400


Policy 0: 
Timing:
  Play time               : 10.109 s
  Update time             : 0.672 s
  Time to train epoch     : 10.781 s


Statistics:
  fps step                    : 16,436
  fps step + policy inference : 16,207
  fps total                   : 15,197
  epoch                       : 1,111 / 2,000
  frames                      : 182,026,240


Policy 0: 
Timing:
  Play time               : 10.197 s
  Update time             : 0.705 s
  Time to train epoch     : 10.902 s


Statistics:
  fps step                    : 16,298
  fps step + policy inference : 16,068
  fps total                   : 15,028
  epoch                       : 1,112 / 2,000
  frames                      : 182,190,080


Policy 0: 
Timing:
  Play time               : 10.425 s
  Update time             : 0.825 s
  Time to train epoch     : 11.249 s


Statistics:
  fps step                    : 16,228
  fps step + policy inference : 15,716
  fps total                   : 14,564
  epoch                       : 1,113 / 2,000
  frames                      : 182,353,920


Policy 0: saving next best rewards:  [813.79]
=> saving checkpoint 'runs/hold_r3_dense1_seed2902/nn/hold_r3_dense1_seed2902.pth'

Timing:
  Play time               : 10.199 s
  Update time             : 0.763 s
  Time to train epoch     : 10.962 s


Statistics:
  fps step                    : 16,303
  fps step + policy inference : 16,064
  fps total                   : 14,946
  epoch                       : 1,114 / 2,000
  frames                      : 182,517,760


Policy 0: 
Timing:
  Play time               : 10.177 s
  Update time             : 0.797 s
  Time to train epoch     : 10.975 s


Statistics:
  fps step                    : 16,335
  fps step + policy inference : 16,098
  fps total                   : 14,929
  epoch                       : 1,115 / 2,000
  frames                      : 182,681,600


Policy 0: 
Timing:
  Play time               : 10.114 s
  Update time             : 0.799 s
  Time to train epoch     : 10.913 s


Statistics:
  fps step                    : 16,431
  fps step + policy inference : 16,199
  fps total                   : 15,014
  epoch                       : 1,116 / 2,000
  frames                      : 182,845,440


Policy 0: 
Timing:
  Play time               : 10.110 s
  Update time             : 0.731 s
  Time to train epoch     : 10.841 s


Statistics:
  fps step                    : 16,445
  fps step + policy inference : 16,206
  fps total                   : 15,113
  epoch                       : 1,117 / 2,000
  frames                      : 183,009,280


Policy 0: 
Timing:
  Play time               : 10.157 s
  Update time             : 0.731 s
  Time to train epoch     : 10.887 s


Statistics:
  fps step                    : 16,367
  fps step + policy inference : 16,131
  fps total                   : 15,049
  epoch                       : 1,118 / 2,000
  frames                      : 183,173,120


Policy 0: 
Timing:
  Play time               : 10.012 s
  Update time             : 0.644 s
  Time to train epoch     : 10.656 s


Statistics:
  fps step                    : 16,597
  fps step + policy inference : 16,364
  fps total                   : 15,376
  epoch                       : 1,119 / 2,000
  frames                      : 183,336,960


Policy 0: 
Timing:
  Play time               : 10.094 s
  Update time             : 0.649 s
  Time to train epoch     : 10.743 s


Statistics:
  fps step                    : 16,464
  fps step + policy inference : 16,231
  fps total                   : 15,251
  epoch                       : 1,120 / 2,000
  frames                      : 183,500,800


Policy 0: 
Timing:
  Play time               : 10.179 s
  Update time             : 0.711 s
  Time to train epoch     : 10.889 s


Statistics:
  fps step                    : 16,338
  fps step + policy inference : 16,096
  fps total                   : 15,046
  epoch                       : 1,121 / 2,000
  frames                      : 183,664,640


Policy 0: 
Timing:
  Play time               : 10.195 s
  Update time             : 0.716 s
  Time to train epoch     : 10.910 s


Statistics:
  fps step                    : 16,304
  fps step + policy inference : 16,071
  fps total                   : 15,017
  epoch                       : 1,122 / 2,000
  frames                      : 183,828,480


Policy 0: 
Timing:
  Play time               : 10.154 s
  Update time             : 0.725 s
  Time to train epoch     : 10.879 s


Statistics:
  fps step                    : 16,370
  fps step + policy inference : 16,136
  fps total                   : 15,060
  epoch                       : 1,123 / 2,000
  frames                      : 183,992,320


Policy 0: 
Timing:
  Play time               : 10.199 s
  Update time             : 0.777 s
  Time to train epoch     : 10.977 s


Statistics:
  fps step                    : 16,301
  fps step + policy inference : 16,064
  fps total                   : 14,926
  epoch                       : 1,124 / 2,000
  frames                      : 184,156,160


Policy 0: 
Timing:
  Play time               : 10.195 s
  Update time             : 0.782 s
  Time to train epoch     : 10.977 s


Statistics:
  fps step                    : 16,314
  fps step + policy inference : 16,071
  fps total                   : 14,926
  epoch                       : 1,125 / 2,000
  frames                      : 184,320,000


Policy 0: 
Timing:
  Play time               : 10.115 s
  Update time             : 0.748 s
  Time to train epoch     : 10.863 s


Statistics:
  fps step                    : 16,429
  fps step + policy inference : 16,198
  fps total                   : 15,082
  epoch                       : 1,126 / 2,000
  frames                      : 184,483,840


Policy 0: 
Timing:
  Play time               : 10.170 s
  Update time             : 0.736 s
  Time to train epoch     : 10.907 s


Statistics:
  fps step                    : 16,342
  fps step + policy inference : 16,109
  fps total                   : 15,022
  epoch                       : 1,127 / 2,000
  frames                      : 184,647,680


Policy 0: 
Timing:
  Play time               : 10.228 s
  Update time             : 0.730 s
  Time to train epoch     : 10.958 s


Statistics:
  fps step                    : 16,245
  fps step + policy inference : 16,018
  fps total                   : 14,951
  epoch                       : 1,128 / 2,000
  frames                      : 184,811,520


Policy 0: 
Timing:
  Play time               : 10.146 s
  Update time             : 0.671 s
  Time to train epoch     : 10.818 s


Statistics:
  fps step                    : 16,375
  fps step + policy inference : 16,148
  fps total                   : 15,146
  epoch                       : 1,129 / 2,000
  frames                      : 184,975,360


Policy 0: 
Timing:
  Play time               : 10.187 s
  Update time             : 0.709 s
  Time to train epoch     : 10.896 s


Statistics:
  fps step                    : 16,313
  fps step + policy inference : 16,083
  fps total                   : 15,037
  epoch                       : 1,130 / 2,000
  frames                      : 185,139,200


Policy 0: 
Timing:
  Play time               : 10.234 s
  Update time             : 0.752 s
  Time to train epoch     : 10.985 s


Statistics:
  fps step                    : 16,244
  fps step + policy inference : 16,010
  fps total                   : 14,914
  epoch                       : 1,131 / 2,000
  frames                      : 185,303,040


Policy 0: 
Timing:
  Play time               : 10.416 s
  Update time             : 0.790 s
  Time to train epoch     : 11.205 s


Statistics:
  fps step                    : 16,241
  fps step + policy inference : 15,730
  fps total                   : 14,622
  epoch                       : 1,132 / 2,000
  frames                      : 185,466,880


Policy 0: saving next best rewards:  [828.46]
=> saving checkpoint 'runs/hold_r3_dense1_seed2902/nn/hold_r3_dense1_seed2902.pth'

Timing:
  Play time               : 10.154 s
  Update time             : 0.754 s
  Time to train epoch     : 10.908 s


Statistics:
  fps step                    : 16,372
  fps step + policy inference : 16,136
  fps total                   : 15,020
  epoch                       : 1,133 / 2,000
  frames                      : 185,630,720


Policy 0: 
Timing:
  Play time               : 10.141 s
  Update time             : 0.696 s
  Time to train epoch     : 10.837 s


Statistics:
  fps step                    : 16,390
  fps step + policy inference : 16,156
  fps total                   : 15,118
  epoch                       : 1,134 / 2,000
  frames                      : 185,794,560


Policy 0: saving next best rewards:  [828.5]
=> saving checkpoint 'runs/hold_r3_dense1_seed2902/nn/hold_r3_dense1_seed2902.pth'

Timing:
  Play time               : 10.080 s
  Update time             : 0.729 s
  Time to train epoch     : 10.810 s


Statistics:
  fps step                    : 16,486
  fps step + policy inference : 16,253
  fps total                   : 15,157
  epoch                       : 1,135 / 2,000
  frames                      : 185,958,400


Policy 0: saving next best rewards:  [828.56]
=> saving checkpoint 'runs/hold_r3_dense1_seed2902/nn/hold_r3_dense1_seed2902.pth'

Timing:
  Play time               : 10.151 s
  Update time             : 0.825 s
  Time to train epoch     : 10.976 s


Statistics:
  fps step                    : 16,373
  fps step + policy inference : 16,140
  fps total                   : 14,927
  epoch                       : 1,136 / 2,000
  frames                      : 186,122,240


Policy 0: saving next best rewards:  [828.57]
=> saving checkpoint 'runs/hold_r3_dense1_seed2902/nn/hold_r3_dense1_seed2902.pth'

Timing:
  Play time               : 10.155 s
  Update time             : 0.792 s
  Time to train epoch     : 10.948 s


Statistics:
  fps step                    : 16,367
  fps step + policy inference : 16,133
  fps total                   : 14,966
  epoch                       : 1,137 / 2,000
  frames                      : 186,286,080


Policy 0: saving next best rewards:  [829.16]
=> saving checkpoint 'runs/hold_r3_dense1_seed2902/nn/hold_r3_dense1_seed2902.pth'

Timing:
  Play time               : 10.038 s
  Update time             : 0.656 s
  Time to train epoch     : 10.694 s


Statistics:
  fps step                    : 16,547
  fps step + policy inference : 16,322
  fps total                   : 15,321
  epoch                       : 1,138 / 2,000
  frames                      : 186,449,920


Policy 0: saving next best rewards:  [829.18]
=> saving checkpoint 'runs/hold_r3_dense1_seed2902/nn/hold_r3_dense1_seed2902.pth'

Timing:
  Play time               : 10.109 s
  Update time             : 0.683 s
  Time to train epoch     : 10.792 s


Statistics:
  fps step                    : 16,434
  fps step + policy inference : 16,207
  fps total                   : 15,182
  epoch                       : 1,139 / 2,000
  frames                      : 186,613,760


Policy 0: saving next best rewards:  [829.36]
=> saving checkpoint 'runs/hold_r3_dense1_seed2902/nn/hold_r3_dense1_seed2902.pth'

Timing:
  Play time               : 10.136 s
  Update time             : 0.718 s
  Time to train epoch     : 10.854 s


Statistics:
  fps step                    : 16,397
  fps step + policy inference : 16,163
  fps total                   : 15,095
  epoch                       : 1,140 / 2,000
  frames                      : 186,777,600


Policy 0: 
Timing:
  Play time               : 10.167 s
  Update time             : 0.714 s
  Time to train epoch     : 10.881 s


Statistics:
  fps step                    : 16,348
  fps step + policy inference : 16,115
  fps total                   : 15,058
  epoch                       : 1,141 / 2,000
  frames                      : 186,941,440


Policy 0: 
Timing:
  Play time               : 10.138 s
  Update time             : 0.753 s
  Time to train epoch     : 10.890 s


Statistics:
  fps step                    : 16,393
  fps step + policy inference : 16,162
  fps total                   : 15,045
  epoch                       : 1,142 / 2,000
  frames                      : 187,105,280


Policy 0: 
Timing:
  Play time               : 10.192 s
  Update time             : 0.857 s
  Time to train epoch     : 11.049 s


Statistics:
  fps step                    : 16,308
  fps step + policy inference : 16,075
  fps total                   : 14,828
  epoch                       : 1,143 / 2,000
  frames                      : 187,269,120


Policy 0: 
Timing:
  Play time               : 10.161 s
  Update time             : 0.785 s
  Time to train epoch     : 10.946 s


Statistics:
  fps step                    : 16,355
  fps step + policy inference : 16,125
  fps total                   : 14,968
  epoch                       : 1,144 / 2,000
  frames                      : 187,432,960


Policy 0: 
Timing:
  Play time               : 10.140 s
  Update time             : 0.712 s
  Time to train epoch     : 10.852 s


Statistics:
  fps step                    : 16,393
  fps step + policy inference : 16,158
  fps total                   : 15,098
  epoch                       : 1,145 / 2,000
  frames                      : 187,596,800


Policy 0: 
Timing:
  Play time               : 10.222 s
  Update time             : 0.749 s
  Time to train epoch     : 10.971 s


Statistics:
  fps step                    : 16,266
  fps step + policy inference : 16,028
  fps total                   : 14,934
  epoch                       : 1,146 / 2,000
  frames                      : 187,760,640


Policy 0: 
Timing:
  Play time               : 10.198 s
  Update time             : 0.723 s
  Time to train epoch     : 10.921 s


Statistics:
  fps step                    : 16,304
  fps step + policy inference : 16,067
  fps total                   : 15,002
  epoch                       : 1,147 / 2,000
  frames                      : 187,924,480


Policy 0: 
Timing:
  Play time               : 10.146 s
  Update time             : 0.684 s
  Time to train epoch     : 10.830 s


Statistics:
  fps step                    : 16,374
  fps step + policy inference : 16,149
  fps total                   : 15,129
  epoch                       : 1,148 / 2,000
  frames                      : 188,088,320


Policy 0: 
Timing:
  Play time               : 10.172 s
  Update time             : 0.777 s
  Time to train epoch     : 10.949 s


Statistics:
  fps step                    : 16,341
  fps step + policy inference : 16,107
  fps total                   : 14,964
  epoch                       : 1,149 / 2,000
  frames                      : 188,252,160


Policy 0: 
Timing:
  Play time               : 10.361 s
  Update time             : 0.870 s
  Time to train epoch     : 11.231 s


Statistics:
  fps step                    : 16,305
  fps step + policy inference : 15,813
  fps total                   : 14,588
  epoch                       : 1,150 / 2,000
  frames                      : 188,416,000


Policy 0: saving next best rewards:  [842.99]
=> saving checkpoint 'runs/hold_r3_dense1_seed2902/nn/hold_r3_dense1_seed2902.pth'

Timing:
  Play time               : 10.287 s
  Update time             : 0.925 s
  Time to train epoch     : 11.211 s


Statistics:
  fps step                    : 16,188
  fps step + policy inference : 15,927
  fps total                   : 14,614
  epoch                       : 1,151 / 2,000
  frames                      : 188,579,840


Policy 0: 
Timing:
  Play time               : 10.193 s
  Update time             : 0.757 s
  Time to train epoch     : 10.950 s


Statistics:
  fps step                    : 16,308
  fps step + policy inference : 16,074
  fps total                   : 14,962
  epoch                       : 1,152 / 2,000
  frames                      : 188,743,680


Policy 0: 
Timing:
  Play time               : 10.189 s
  Update time             : 0.685 s
  Time to train epoch     : 10.874 s


Statistics:
  fps step                    : 16,308
  fps step + policy inference : 16,081
  fps total                   : 15,067
  epoch                       : 1,153 / 2,000
  frames                      : 188,907,520


Policy 0: 
Timing:
  Play time               : 10.138 s
  Update time             : 0.670 s
  Time to train epoch     : 10.808 s


Statistics:
  fps step                    : 16,385
  fps step + policy inference : 16,160
  fps total                   : 15,159
  epoch                       : 1,154 / 2,000
  frames                      : 189,071,360


Policy 0: 
Timing:
  Play time               : 10.245 s
  Update time             : 0.701 s
  Time to train epoch     : 10.946 s


Statistics:
  fps step                    : 16,225
  fps step + policy inference : 15,992
  fps total                   : 14,968
  epoch                       : 1,155 / 2,000
  frames                      : 189,235,200


Policy 0: 
Timing:
  Play time               : 10.164 s
  Update time             : 0.726 s
  Time to train epoch     : 10.890 s


Statistics:
  fps step                    : 16,355
  fps step + policy inference : 16,120
  fps total                   : 15,045
  epoch                       : 1,156 / 2,000
  frames                      : 189,399,040


Policy 0: 
Timing:
  Play time               : 10.089 s
  Update time             : 0.656 s
  Time to train epoch     : 10.745 s


Statistics:
  fps step                    : 16,470
  fps step + policy inference : 16,240
  fps total                   : 15,249
  epoch                       : 1,157 / 2,000
  frames                      : 189,562,880


Policy 0: 
Timing:
  Play time               : 10.191 s
  Update time             : 0.783 s
  Time to train epoch     : 10.974 s


Statistics:
  fps step                    : 16,316
  fps step + policy inference : 16,078
  fps total                   : 14,930
  epoch                       : 1,158 / 2,000
  frames                      : 189,726,720


Policy 0: 
Timing:
  Play time               : 10.225 s
  Update time             : 0.810 s
  Time to train epoch     : 11.035 s


Statistics:
  fps step                    : 16,257
  fps step + policy inference : 16,023
  fps total                   : 14,847
  epoch                       : 1,159 / 2,000
  frames                      : 189,890,560


Policy 0: 
Timing:
  Play time               : 10.189 s
  Update time             : 0.777 s
  Time to train epoch     : 10.966 s


Statistics:
  fps step                    : 16,311
  fps step + policy inference : 16,079
  fps total                   : 14,940
  epoch                       : 1,160 / 2,000
  frames                      : 190,054,400


Policy 0: 
Timing:
  Play time               : 10.174 s
  Update time             : 0.729 s
  Time to train epoch     : 10.903 s


Statistics:
  fps step                    : 16,337
  fps step + policy inference : 16,104
  fps total                   : 15,027
  epoch                       : 1,161 / 2,000
  frames                      : 190,218,240


Policy 0: 
Timing:
  Play time               : 10.216 s
  Update time             : 0.726 s
  Time to train epoch     : 10.942 s


Statistics:
  fps step                    : 16,272
  fps step + policy inference : 16,037
  fps total                   : 14,974
  epoch                       : 1,162 / 2,000
  frames                      : 190,382,080


Policy 0: 
Timing:
  Play time               : 10.176 s
  Update time             : 0.710 s
  Time to train epoch     : 10.886 s


Statistics:
  fps step                    : 16,337
  fps step + policy inference : 16,100
  fps total                   : 15,050
  epoch                       : 1,163 / 2,000
  frames                      : 190,545,920


Policy 0: 
Timing:
  Play time               : 10.195 s
  Update time             : 0.692 s
  Time to train epoch     : 10.887 s


Statistics:
  fps step                    : 16,301
  fps step + policy inference : 16,071
  fps total                   : 15,049
  epoch                       : 1,164 / 2,000
  frames                      : 190,709,760


Policy 0: 
Timing:
  Play time               : 10.212 s
  Update time             : 0.741 s
  Time to train epoch     : 10.954 s


Statistics:
  fps step                    : 16,283
  fps step + policy inference : 16,043
  fps total                   : 14,958
  epoch                       : 1,165 / 2,000
  frames                      : 190,873,600


Policy 0: 
Timing:
  Play time               : 10.207 s
  Update time             : 0.714 s
  Time to train epoch     : 10.921 s


Statistics:
  fps step                    : 16,283
  fps step + policy inference : 16,052
  fps total                   : 15,002
  epoch                       : 1,166 / 2,000
  frames                      : 191,037,440


Policy 0: 
Timing:
  Play time               : 10.193 s
  Update time             : 0.736 s
  Time to train epoch     : 10.928 s


Statistics:
  fps step                    : 16,304
  fps step + policy inference : 16,074
  fps total                   : 14,992
  epoch                       : 1,167 / 2,000
  frames                      : 191,201,280


Policy 0: 
Timing:
  Play time               : 10.218 s
  Update time             : 0.867 s
  Time to train epoch     : 11.085 s


Statistics:
  fps step                    : 16,265
  fps step + policy inference : 16,034
  fps total                   : 14,780
  epoch                       : 1,168 / 2,000
  frames                      : 191,365,120


Policy 0: 
Timing:
  Play time               : 10.396 s
  Update time             : 0.957 s
  Time to train epoch     : 11.352 s


Statistics:
  fps step                    : 16,251
  fps step + policy inference : 15,760
  fps total                   : 14,432
  epoch                       : 1,169 / 2,000
  frames                      : 191,528,960


Policy 0: saving next best rewards:  [853.28]
=> saving checkpoint 'runs/hold_r3_dense1_seed2902/nn/hold_r3_dense1_seed2902.pth'

Timing:
  Play time               : 10.257 s
  Update time             : 0.869 s
  Time to train epoch     : 11.126 s


Statistics:
  fps step                    : 16,216
  fps step + policy inference : 15,974
  fps total                   : 14,727
  epoch                       : 1,170 / 2,000
  frames                      : 191,692,800


Policy 0: 
Timing:
  Play time               : 10.141 s
  Update time             : 0.727 s
  Time to train epoch     : 10.868 s


Statistics:
  fps step                    : 16,390
  fps step + policy inference : 16,156
  fps total                   : 15,075
  epoch                       : 1,171 / 2,000
  frames                      : 191,856,640


Policy 0: 
Timing:
  Play time               : 10.124 s
  Update time             : 0.687 s
  Time to train epoch     : 10.811 s


Statistics:
  fps step                    : 16,421
  fps step + policy inference : 16,183
  fps total                   : 15,154
  epoch                       : 1,172 / 2,000
  frames                      : 192,020,480


Policy 0: 
Timing:
  Play time               : 10.158 s
  Update time             : 0.680 s
  Time to train epoch     : 10.838 s


Statistics:
  fps step                    : 16,364
  fps step + policy inference : 16,129
  fps total                   : 15,117
  epoch                       : 1,173 / 2,000
  frames                      : 192,184,320


Policy 0: 
Timing:
  Play time               : 10.191 s
  Update time             : 0.699 s
  Time to train epoch     : 10.891 s


Statistics:
  fps step                    : 16,306
  fps step + policy inference : 16,076
  fps total                   : 15,044
  epoch                       : 1,174 / 2,000
  frames                      : 192,348,160


Policy 0: 
Timing:
  Play time               : 10.128 s
  Update time             : 0.716 s
  Time to train epoch     : 10.844 s


Statistics:
  fps step                    : 16,405
  fps step + policy inference : 16,177
  fps total                   : 15,108
  epoch                       : 1,175 / 2,000
  frames                      : 192,512,000


Policy 0: 
Timing:
  Play time               : 10.101 s
  Update time             : 0.672 s
  Time to train epoch     : 10.773 s


Statistics:
  fps step                    : 16,445
  fps step + policy inference : 16,220
  fps total                   : 15,209
  epoch                       : 1,176 / 2,000
  frames                      : 192,675,840


Policy 0: 
Timing:
  Play time               : 10.234 s
  Update time             : 0.809 s
  Time to train epoch     : 11.044 s


Statistics:
  fps step                    : 16,245
  fps step + policy inference : 16,009
  fps total                   : 14,835
  epoch                       : 1,177 / 2,000
  frames                      : 192,839,680


Policy 0: 
Timing:
  Play time               : 10.217 s
  Update time             : 0.811 s
  Time to train epoch     : 11.028 s


Statistics:
  fps step                    : 16,268
  fps step + policy inference : 16,035
  fps total                   : 14,856
  epoch                       : 1,178 / 2,000
  frames                      : 193,003,520


Policy 0: 
Timing:
  Play time               : 10.214 s
  Update time             : 0.762 s
  Time to train epoch     : 10.976 s


Statistics:
  fps step                    : 16,268
  fps step + policy inference : 16,040
  fps total                   : 14,927
  epoch                       : 1,179 / 2,000
  frames                      : 193,167,360


Policy 0: 
Timing:
  Play time               : 10.187 s
  Update time             : 0.754 s
  Time to train epoch     : 10.941 s


Statistics:
  fps step                    : 16,314
  fps step + policy inference : 16,084
  fps total                   : 14,975
  epoch                       : 1,180 / 2,000
  frames                      : 193,331,200


Policy 0: 
Timing:
  Play time               : 10.243 s
  Update time             : 0.726 s
  Time to train epoch     : 10.968 s


Statistics:
  fps step                    : 16,226
  fps step + policy inference : 15,996
  fps total                   : 14,938
  epoch                       : 1,181 / 2,000
  frames                      : 193,495,040


Policy 0: 
Timing:
  Play time               : 10.182 s
  Update time             : 0.701 s
  Time to train epoch     : 10.883 s


Statistics:
  fps step                    : 16,322
  fps step + policy inference : 16,091
  fps total                   : 15,055
  epoch                       : 1,182 / 2,000
  frames                      : 193,658,880


Policy 0: 
Timing:
  Play time               : 10.238 s
  Update time             : 0.711 s
  Time to train epoch     : 10.949 s


Statistics:
  fps step                    : 16,240
  fps step + policy inference : 16,003
  fps total                   : 14,963
  epoch                       : 1,183 / 2,000
  frames                      : 193,822,720


Policy 0: 
Timing:
  Play time               : 10.222 s
  Update time             : 0.723 s
  Time to train epoch     : 10.946 s


Statistics:
  fps step                    : 16,263
  fps step + policy inference : 16,027
  fps total                   : 14,968
  epoch                       : 1,184 / 2,000
  frames                      : 193,986,560


Policy 0: saving next best rewards:  [853.39]
=> saving checkpoint 'runs/hold_r3_dense1_seed2902/nn/hold_r3_dense1_seed2902.pth'

Timing:
  Play time               : 10.230 s
  Update time             : 0.864 s
  Time to train epoch     : 11.094 s


Statistics:
  fps step                    : 16,249
  fps step + policy inference : 16,016
  fps total                   : 14,769
  epoch                       : 1,185 / 2,000
  frames                      : 194,150,400


Policy 0: saving next best rewards:  [853.43]
=> saving checkpoint 'runs/hold_r3_dense1_seed2902/nn/hold_r3_dense1_seed2902.pth'

Timing:
  Play time               : 10.230 s
  Update time             : 0.874 s
  Time to train epoch     : 11.104 s


Statistics:
  fps step                    : 16,247
  fps step + policy inference : 16,016
  fps total                   : 14,755
  epoch                       : 1,186 / 2,000
  frames                      : 194,314,240


Policy 0: saving next best rewards:  [853.55]
=> saving checkpoint 'runs/hold_r3_dense1_seed2902/nn/hold_r3_dense1_seed2902.pth'

Timing:
  Play time               : 10.245 s
  Update time             : 0.899 s
  Time to train epoch     : 11.144 s


Statistics:
  fps step                    : 16,223
  fps step + policy inference : 15,992
  fps total                   : 14,702
  epoch                       : 1,187 / 2,000
  frames                      : 194,478,080


Policy 0: saving next best rewards:  [853.67]
=> saving checkpoint 'runs/hold_r3_dense1_seed2902/nn/hold_r3_dense1_seed2902.pth'

Timing:
  Play time               : 10.515 s
  Update time             : 0.984 s
  Time to train epoch     : 11.499 s


Statistics:
  fps step                    : 16,073
  fps step + policy inference : 15,581
  fps total                   : 14,248
  epoch                       : 1,188 / 2,000
  frames                      : 194,641,920


Policy 0: saving next best rewards:  [863.96]
=> saving checkpoint 'runs/hold_r3_dense1_seed2902/nn/hold_r3_dense1_seed2902.pth'

Timing:
  Play time               : 10.261 s
  Update time             : 0.912 s
  Time to train epoch     : 11.173 s


Statistics:
  fps step                    : 16,214
  fps step + policy inference : 15,968
  fps total                   : 14,664
  epoch                       : 1,189 / 2,000
  frames                      : 194,805,760


Policy 0: 
Timing:
  Play time               : 10.238 s
  Update time             : 0.869 s
  Time to train epoch     : 11.106 s


Statistics:
  fps step                    : 16,241
  fps step + policy inference : 16,004
  fps total                   : 14,752
  epoch                       : 1,190 / 2,000
  frames                      : 194,969,600


Policy 0: 
Timing:
  Play time               : 10.233 s
  Update time             : 0.848 s
  Time to train epoch     : 11.081 s


Statistics:
  fps step                    : 16,239
  fps step + policy inference : 16,011
  fps total                   : 14,786
  epoch                       : 1,191 / 2,000
  frames                      : 195,133,440


Policy 0: 
Timing:
  Play time               : 10.194 s
  Update time             : 0.862 s
  Time to train epoch     : 11.056 s


Statistics:
  fps step                    : 16,303
  fps step + policy inference : 16,073
  fps total                   : 14,819
  epoch                       : 1,192 / 2,000
  frames                      : 195,297,280


Policy 0: 
Timing:
  Play time               : 10.239 s
  Update time             : 0.763 s
  Time to train epoch     : 11.002 s


Statistics:
  fps step                    : 16,237
  fps step + policy inference : 16,002
  fps total                   : 14,891
  epoch                       : 1,193 / 2,000
  frames                      : 195,461,120


Policy 0: 
Timing:
  Play time               : 10.099 s
  Update time             : 0.791 s
  Time to train epoch     : 10.889 s


Statistics:
  fps step                    : 16,451
  fps step + policy inference : 16,224
  fps total                   : 15,046
  epoch                       : 1,194 / 2,000
  frames                      : 195,624,960


Policy 0: 
Timing:
  Play time               : 10.145 s
  Update time             : 0.815 s
  Time to train epoch     : 10.960 s


Statistics:
  fps step                    : 16,373
  fps step + policy inference : 16,150
  fps total                   : 14,949
  epoch                       : 1,195 / 2,000
  frames                      : 195,788,800


Policy 0: 
Timing:
  Play time               : 10.220 s
  Update time             : 0.806 s
  Time to train epoch     : 11.025 s


Statistics:
  fps step                    : 16,268
  fps step + policy inference : 16,032
  fps total                   : 14,861
  epoch                       : 1,196 / 2,000
  frames                      : 195,952,640


Policy 0: 
Timing:
  Play time               : 10.214 s
  Update time             : 0.825 s
  Time to train epoch     : 11.039 s


Statistics:
  fps step                    : 16,270
  fps step + policy inference : 16,041
  fps total                   : 14,842
  epoch                       : 1,197 / 2,000
  frames                      : 196,116,480


Policy 0: 
Timing:
  Play time               : 10.232 s
  Update time             : 0.865 s
  Time to train epoch     : 11.097 s


Statistics:
  fps step                    : 16,243
  fps step + policy inference : 16,012
  fps total                   : 14,764
  epoch                       : 1,198 / 2,000
  frames                      : 196,280,320


Policy 0: 
Timing:
  Play time               : 10.217 s
  Update time             : 0.786 s
  Time to train epoch     : 11.002 s


Statistics:
  fps step                    : 16,271
  fps step + policy inference : 16,037
  fps total                   : 14,892
  epoch                       : 1,199 / 2,000
  frames                      : 196,444,160


Policy 0: 
Timing:
  Play time               : 10.217 s
  Update time             : 0.773 s
  Time to train epoch     : 10.990 s


Statistics:
  fps step                    : 16,266
  fps step + policy inference : 16,036
  fps total                   : 14,908
  epoch                       : 1,200 / 2,000
  frames                      : 196,608,000


Policy 0: 
Timing:
  Play time               : 10.177 s
  Update time             : 0.836 s
  Time to train epoch     : 11.012 s


Statistics:
  fps step                    : 16,329
  fps step + policy inference : 16,100
  fps total                   : 14,878
  epoch                       : 1,201 / 2,000
  frames                      : 196,771,840


Policy 0: 
Timing:
  Play time               : 10.240 s
  Update time             : 0.838 s
  Time to train epoch     : 11.078 s


Statistics:
  fps step                    : 16,230
  fps step + policy inference : 16,001
  fps total                   : 14,790
  epoch                       : 1,202 / 2,000
  frames                      : 196,935,680


Policy 0: 
Timing:
  Play time               : 10.310 s
  Update time             : 0.756 s
  Time to train epoch     : 11.066 s


Statistics:
  fps step                    : 16,129
  fps step + policy inference : 15,891
  fps total                   : 14,806
  epoch                       : 1,203 / 2,000
  frames                      : 197,099,520


Policy 0: 
Timing:
  Play time               : 10.266 s
  Update time             : 0.701 s
  Time to train epoch     : 10.967 s


Statistics:
  fps step                    : 16,187
  fps step + policy inference : 15,959
  fps total                   : 14,939
  epoch                       : 1,204 / 2,000
  frames                      : 197,263,360


Policy 0: 
Timing:
  Play time               : 10.235 s
  Update time             : 0.877 s
  Time to train epoch     : 11.112 s


Statistics:
  fps step                    : 16,241
  fps step + policy inference : 16,008
  fps total                   : 14,745
  epoch                       : 1,205 / 2,000
  frames                      : 197,427,200


Policy 0: 
Timing:
  Play time               : 10.256 s
  Update time             : 0.913 s
  Time to train epoch     : 11.168 s


Statistics:
  fps step                    : 16,205
  fps step + policy inference : 15,976
  fps total                   : 14,670
  epoch                       : 1,206 / 2,000
  frames                      : 197,591,040


Policy 0: 
Timing:
  Play time               : 10.472 s
  Update time             : 0.875 s
  Time to train epoch     : 11.347 s


Statistics:
  fps step                    : 16,138
  fps step + policy inference : 15,646
  fps total                   : 14,439
  epoch                       : 1,207 / 2,000
  frames                      : 197,754,880


Policy 0: saving next best rewards:  [876.67]
=> saving checkpoint 'runs/hold_r3_dense1_seed2902/nn/hold_r3_dense1_seed2902.pth'

Timing:
  Play time               : 10.204 s
  Update time             : 0.764 s
  Time to train epoch     : 10.968 s


Statistics:
  fps step                    : 16,297
  fps step + policy inference : 16,056
  fps total                   : 14,938
  epoch                       : 1,208 / 2,000
  frames                      : 197,918,720


Policy 0: 
Timing:
  Play time               : 10.214 s
  Update time             : 0.753 s
  Time to train epoch     : 10.967 s


Statistics:
  fps step                    : 16,276
  fps step + policy inference : 16,041
  fps total                   : 14,939
  epoch                       : 1,209 / 2,000
  frames                      : 198,082,560


Policy 0: 
Timing:
  Play time               : 10.170 s
  Update time             : 0.833 s
  Time to train epoch     : 11.003 s


Statistics:
  fps step                    : 16,339
  fps step + policy inference : 16,110
  fps total                   : 14,891
  epoch                       : 1,210 / 2,000
  frames                      : 198,246,400


Policy 0: 
Timing:
  Play time               : 10.242 s
  Update time             : 0.861 s
  Time to train epoch     : 11.103 s


Statistics:
  fps step                    : 16,229
  fps step + policy inference : 15,997
  fps total                   : 14,756
  epoch                       : 1,211 / 2,000
  frames                      : 198,410,240


Policy 0: 
Timing:
  Play time               : 10.179 s
  Update time             : 0.779 s
  Time to train epoch     : 10.958 s


Statistics:
  fps step                    : 16,331
  fps step + policy inference : 16,096
  fps total                   : 14,952
  epoch                       : 1,212 / 2,000
  frames                      : 198,574,080


Policy 0: 
Timing:
  Play time               : 10.098 s
  Update time             : 0.658 s
  Time to train epoch     : 10.757 s


Statistics:
  fps step                    : 16,453
  fps step + policy inference : 16,224
  fps total                   : 15,232
  epoch                       : 1,213 / 2,000
  frames                      : 198,737,920


Policy 0: 
Timing:
  Play time               : 10.191 s
  Update time             : 0.698 s
  Time to train epoch     : 10.889 s


Statistics:
  fps step                    : 16,305
  fps step + policy inference : 16,076
  fps total                   : 15,046
  epoch                       : 1,214 / 2,000
  frames                      : 198,901,760


Policy 0: 
Timing:
  Play time               : 10.219 s
  Update time             : 0.786 s
  Time to train epoch     : 11.005 s


Statistics:
  fps step                    : 16,266
  fps step + policy inference : 16,032
  fps total                   : 14,887
  epoch                       : 1,215 / 2,000
  frames                      : 199,065,600


Policy 0: 
Timing:
  Play time               : 10.231 s
  Update time             : 0.822 s
  Time to train epoch     : 11.052 s


Statistics:
  fps step                    : 16,244
  fps step + policy inference : 16,015
  fps total                   : 14,824
  epoch                       : 1,216 / 2,000
  frames                      : 199,229,440


Policy 0: 
Timing:
  Play time               : 10.182 s
  Update time             : 0.850 s
  Time to train epoch     : 11.032 s


Statistics:
  fps step                    : 16,320
  fps step + policy inference : 16,091
  fps total                   : 14,851
  epoch                       : 1,217 / 2,000
  frames                      : 199,393,280


Policy 0: 
Timing:
  Play time               : 10.220 s
  Update time             : 0.818 s
  Time to train epoch     : 11.038 s


Statistics:
  fps step                    : 16,267
  fps step + policy inference : 16,032
  fps total                   : 14,844
  epoch                       : 1,218 / 2,000
  frames                      : 199,557,120


Policy 0: 
Timing:
  Play time               : 10.247 s
  Update time             : 0.710 s
  Time to train epoch     : 10.957 s


Statistics:
  fps step                    : 16,222
  fps step + policy inference : 15,989
  fps total                   : 14,953
  epoch                       : 1,219 / 2,000
  frames                      : 199,720,960


Policy 0: 
Timing:
  Play time               : 10.269 s
  Update time             : 0.680 s
  Time to train epoch     : 10.949 s


Statistics:
  fps step                    : 16,183
  fps step + policy inference : 15,955
  fps total                   : 14,964
  epoch                       : 1,220 / 2,000
  frames                      : 199,884,800


Policy 0: 
Timing:
  Play time               : 10.284 s
  Update time             : 0.741 s
  Time to train epoch     : 11.025 s


Statistics:
  fps step                    : 16,165
  fps step + policy inference : 15,932
  fps total                   : 14,861
  epoch                       : 1,221 / 2,000
  frames                      : 200,048,640


Policy 0: 
Timing:
  Play time               : 10.329 s
  Update time             : 0.820 s
  Time to train epoch     : 11.148 s


Statistics:
  fps step                    : 16,094
  fps step + policy inference : 15,862
  fps total                   : 14,696
  epoch                       : 1,222 / 2,000
  frames                      : 200,212,480


Policy 0: 
Timing:
  Play time               : 10.294 s
  Update time             : 0.822 s
  Time to train epoch     : 11.116 s


Statistics:
  fps step                    : 16,143
  fps step + policy inference : 15,917
  fps total                   : 14,740
  epoch                       : 1,223 / 2,000
  frames                      : 200,376,320


Policy 0: 
Timing:
  Play time               : 10.338 s
  Update time             : 0.834 s
  Time to train epoch     : 11.172 s


Statistics:
  fps step                    : 16,079
  fps step + policy inference : 15,849
  fps total                   : 14,665
  epoch                       : 1,224 / 2,000
  frames                      : 200,540,160


Policy 0: 
Timing:
  Play time               : 10.799 s
  Update time             : 0.770 s
  Time to train epoch     : 11.569 s


Statistics:
  fps step                    : 15,611
  fps step + policy inference : 15,172
  fps total                   : 14,162
  epoch                       : 1,225 / 2,000
  frames                      : 200,704,000


Policy 0: saving next best rewards:  [885.35]
=> saving checkpoint 'runs/hold_r3_dense1_seed2902/nn/hold_r3_dense1_seed2902.pth'

Timing:
  Play time               : 10.354 s
  Update time             : 0.888 s
  Time to train epoch     : 11.243 s


Statistics:
  fps step                    : 16,077
  fps step + policy inference : 15,823
  fps total                   : 14,573
  epoch                       : 1,226 / 2,000
  frames                      : 200,867,840


Policy 0: 
Timing:
  Play time               : 10.267 s
  Update time             : 0.755 s
  Time to train epoch     : 11.022 s


Statistics:
  fps step                    : 16,193
  fps step + policy inference : 15,959
  fps total                   : 14,865
  epoch                       : 1,227 / 2,000
  frames                      : 201,031,680


Policy 0: 
Timing:
  Play time               : 10.233 s
  Update time             : 0.729 s
  Time to train epoch     : 10.962 s


Statistics:
  fps step                    : 16,241
  fps step + policy inference : 16,010
  fps total                   : 14,946
  epoch                       : 1,228 / 2,000
  frames                      : 201,195,520


Policy 0: 
Timing:
  Play time               : 10.283 s
  Update time             : 0.835 s
  Time to train epoch     : 11.118 s


Statistics:
  fps step                    : 16,163
  fps step + policy inference : 15,934
  fps total                   : 14,737
  epoch                       : 1,229 / 2,000
  frames                      : 201,359,360


Policy 0: 
Timing:
  Play time               : 10.269 s
  Update time             : 0.855 s
  Time to train epoch     : 11.124 s


Statistics:
  fps step                    : 16,195
  fps step + policy inference : 15,955
  fps total                   : 14,728
  epoch                       : 1,230 / 2,000
  frames                      : 201,523,200


Policy 0: 
Timing:
  Play time               : 10.228 s
  Update time             : 0.752 s
  Time to train epoch     : 10.980 s


Statistics:
  fps step                    : 16,247
  fps step + policy inference : 16,019
  fps total                   : 14,921
  epoch                       : 1,231 / 2,000
  frames                      : 201,687,040


Policy 0: 
Timing:
  Play time               : 10.161 s
  Update time             : 0.651 s
  Time to train epoch     : 10.812 s


Statistics:
  fps step                    : 16,346
  fps step + policy inference : 16,124
  fps total                   : 15,153
  epoch                       : 1,232 / 2,000
  frames                      : 201,850,880


Policy 0: 
Timing:
  Play time               : 10.215 s
  Update time             : 0.729 s
  Time to train epoch     : 10.944 s


Statistics:
  fps step                    : 16,273
  fps step + policy inference : 16,040
  fps total                   : 14,971
  epoch                       : 1,233 / 2,000
  frames                      : 202,014,720


Policy 0: 
Timing:
  Play time               : 10.227 s
  Update time             : 0.801 s
  Time to train epoch     : 11.029 s


Statistics:
  fps step                    : 16,259
  fps step + policy inference : 16,020
  fps total                   : 14,856
  epoch                       : 1,234 / 2,000
  frames                      : 202,178,560


Policy 0: 
Timing:
  Play time               : 10.225 s
  Update time             : 0.718 s
  Time to train epoch     : 10.944 s


Statistics:
  fps step                    : 16,252
  fps step + policy inference : 16,023
  fps total                   : 14,971
  epoch                       : 1,235 / 2,000
  frames                      : 202,342,400


Policy 0: 
Timing:
  Play time               : 10.209 s
  Update time             : 0.777 s
  Time to train epoch     : 10.986 s


Statistics:
  fps step                    : 16,280
  fps step + policy inference : 16,048
  fps total                   : 14,913
  epoch                       : 1,236 / 2,000
  frames                      : 202,506,240


Policy 0: 
Timing:
  Play time               : 10.222 s
  Update time             : 0.878 s
  Time to train epoch     : 11.100 s


Statistics:
  fps step                    : 16,261
  fps step + policy inference : 16,028
  fps total                   : 14,761
  epoch                       : 1,237 / 2,000
  frames                      : 202,670,080


Policy 0: 
Timing:
  Play time               : 10.178 s
  Update time             : 0.781 s
  Time to train epoch     : 10.959 s


Statistics:
  fps step                    : 16,336
  fps step + policy inference : 16,098
  fps total                   : 14,951
  epoch                       : 1,238 / 2,000
  frames                      : 202,833,920


Policy 0: 
Timing:
  Play time               : 10.219 s
  Update time             : 0.731 s
  Time to train epoch     : 10.950 s


Statistics:
  fps step                    : 16,270
  fps step + policy inference : 16,033
  fps total                   : 14,963
  epoch                       : 1,239 / 2,000
  frames                      : 202,997,760


Policy 0: 
Timing:
  Play time               : 10.248 s
  Update time             : 0.787 s
  Time to train epoch     : 11.035 s


Statistics:
  fps step                    : 16,233
  fps step + policy inference : 15,988
  fps total                   : 14,848
  epoch                       : 1,240 / 2,000
  frames                      : 203,161,600


Policy 0: 
Timing:
  Play time               : 10.221 s
  Update time             : 0.743 s
  Time to train epoch     : 10.964 s


Statistics:
  fps step                    : 16,266
  fps step + policy inference : 16,030
  fps total                   : 14,943
  epoch                       : 1,241 / 2,000
  frames                      : 203,325,440


Policy 0: 
Timing:
  Play time               : 10.202 s
  Update time             : 0.711 s
  Time to train epoch     : 10.914 s


Statistics:
  fps step                    : 16,290
  fps step + policy inference : 16,059
  fps total                   : 15,012
  epoch                       : 1,242 / 2,000
  frames                      : 203,489,280


Policy 0: 
Timing:
  Play time               : 10.237 s
  Update time             : 0.832 s
  Time to train epoch     : 11.069 s


Statistics:
  fps step                    : 16,240
  fps step + policy inference : 16,005
  fps total                   : 14,802
  epoch                       : 1,243 / 2,000
  frames                      : 203,653,120


Policy 0: 
Timing:
  Play time               : 10.459 s
  Update time             : 0.861 s
  Time to train epoch     : 11.319 s


Statistics:
  fps step                    : 16,153
  fps step + policy inference : 15,666
  fps total                   : 14,474
  epoch                       : 1,244 / 2,000
  frames                      : 203,816,960


Policy 0: saving next best rewards:  [894.82]
=> saving checkpoint 'runs/hold_r3_dense1_seed2902/nn/hold_r3_dense1_seed2902.pth'

Timing:
  Play time               : 10.301 s
  Update time             : 0.952 s
  Time to train epoch     : 11.253 s


Statistics:
  fps step                    : 16,154
  fps step + policy inference : 15,905
  fps total                   : 14,559
  epoch                       : 1,245 / 2,000
  frames                      : 203,980,800


Policy 0: 
Timing:
  Play time               : 10.207 s
  Update time             : 0.800 s
  Time to train epoch     : 11.007 s


Statistics:
  fps step                    : 16,290
  fps step + policy inference : 16,052
  fps total                   : 14,885
  epoch                       : 1,246 / 2,000
  frames                      : 204,144,640


Policy 0: 
Timing:
  Play time               : 10.242 s
  Update time             : 0.739 s
  Time to train epoch     : 10.980 s


Statistics:
  fps step                    : 16,234
  fps step + policy inference : 15,998
  fps total                   : 14,921
  epoch                       : 1,247 / 2,000
  frames                      : 204,308,480


Policy 0: 
Timing:
  Play time               : 10.219 s
  Update time             : 0.728 s
  Time to train epoch     : 10.946 s


Statistics:
  fps step                    : 16,271
  fps step + policy inference : 16,033
  fps total                   : 14,968
  epoch                       : 1,248 / 2,000
  frames                      : 204,472,320


Policy 0: 
Timing:
  Play time               : 10.246 s
  Update time             : 0.708 s
  Time to train epoch     : 10.954 s


Statistics:
  fps step                    : 16,227
  fps step + policy inference : 15,990
  fps total                   : 14,957
  epoch                       : 1,249 / 2,000
  frames                      : 204,636,160


Policy 0: 
Timing:
  Play time               : 10.146 s
  Update time             : 0.695 s
  Time to train epoch     : 10.840 s


Statistics:
  fps step                    : 16,382
  fps step + policy inference : 16,149
  fps total                   : 15,114
  epoch                       : 1,250 / 2,000
  frames                      : 204,800,000


Policy 0: Saved recovery checkpoint runs/hold_r3_dense1_seed2902/checkpoints/epoch_001250.pth; evaluation_due=False

Timing:
  Play time               : 10.172 s
  Update time             : 0.724 s
  Time to train epoch     : 10.896 s


Statistics:
  fps step                    : 16,333
  fps step + policy inference : 16,106
  fps total                   : 15,036
  epoch                       : 1,251 / 2,000
  frames                      : 204,963,840


Policy 0: 
Timing:
  Play time               : 10.255 s
  Update time             : 0.859 s
  Time to train epoch     : 11.114 s


Statistics:
  fps step                    : 16,218
  fps step + policy inference : 15,976
  fps total                   : 14,742
  epoch                       : 1,252 / 2,000
  frames                      : 205,127,680


Policy 0: 
Timing:
  Play time               : 10.267 s
  Update time             : 0.859 s
  Time to train epoch     : 11.127 s


Statistics:
  fps step                    : 16,198
  fps step + policy inference : 15,957
  fps total                   : 14,725
  epoch                       : 1,253 / 2,000
  frames                      : 205,291,520


Policy 0: 
Timing:
  Play time               : 10.296 s
  Update time             : 0.757 s
  Time to train epoch     : 11.053 s


Statistics:
  fps step                    : 16,149
  fps step + policy inference : 15,914
  fps total                   : 14,823
  epoch                       : 1,254 / 2,000
  frames                      : 205,455,360


Policy 0: 
Timing:
  Play time               : 10.314 s
  Update time             : 0.731 s
  Time to train epoch     : 11.045 s


Statistics:
  fps step                    : 16,122
  fps step + policy inference : 15,886
  fps total                   : 14,834
  epoch                       : 1,255 / 2,000
  frames                      : 205,619,200


Policy 0: 
Timing:
  Play time               : 10.250 s
  Update time             : 0.753 s
  Time to train epoch     : 11.003 s


Statistics:
  fps step                    : 16,220
  fps step + policy inference : 15,984
  fps total                   : 14,891
  epoch                       : 1,256 / 2,000
  frames                      : 205,783,040


Policy 0: 
Timing:
  Play time               : 10.230 s
  Update time             : 0.713 s
  Time to train epoch     : 10.943 s


Statistics:
  fps step                    : 16,252
  fps step + policy inference : 16,016
  fps total                   : 14,972
  epoch                       : 1,257 / 2,000
  frames                      : 205,946,880


Policy 0: 
Timing:
  Play time               : 10.265 s
  Update time             : 0.721 s
  Time to train epoch     : 10.986 s


Statistics:
  fps step                    : 16,197
  fps step + policy inference : 15,961
  fps total                   : 14,913
  epoch                       : 1,258 / 2,000
  frames                      : 206,110,720


Policy 0: 
Timing:
  Play time               : 10.258 s
  Update time             : 0.772 s
  Time to train epoch     : 11.030 s


Statistics:
  fps step                    : 16,212
  fps step + policy inference : 15,971
  fps total                   : 14,854
  epoch                       : 1,259 / 2,000
  frames                      : 206,274,560


Policy 0: 
Timing:
  Play time               : 10.261 s
  Update time             : 0.795 s
  Time to train epoch     : 11.056 s


Statistics:
  fps step                    : 16,201
  fps step + policy inference : 15,967
  fps total                   : 14,819
  epoch                       : 1,260 / 2,000
  frames                      : 206,438,400


Policy 0: 
Timing:
  Play time               : 10.253 s
  Update time             : 0.842 s
  Time to train epoch     : 11.095 s


Statistics:
  fps step                    : 16,219
  fps step + policy inference : 15,980
  fps total                   : 14,767
  epoch                       : 1,261 / 2,000
  frames                      : 206,602,240


Policy 0: 
Timing:
  Play time               : 10.273 s
  Update time             : 0.827 s
  Time to train epoch     : 11.100 s


Statistics:
  fps step                    : 16,200
  fps step + policy inference : 15,948
  fps total                   : 14,760
  epoch                       : 1,262 / 2,000
  frames                      : 206,766,080


Policy 0: 
Timing:
  Play time               : 10.485 s
  Update time             : 0.897 s
  Time to train epoch     : 11.382 s


Statistics:
  fps step                    : 16,106
  fps step + policy inference : 15,627
  fps total                   : 14,395
  epoch                       : 1,263 / 2,000
  frames                      : 206,929,920


Policy 0: saving next best rewards:  [905.24]
=> saving checkpoint 'runs/hold_r3_dense1_seed2902/nn/hold_r3_dense1_seed2902.pth'

Timing:
  Play time               : 10.245 s
  Update time             : 0.850 s
  Time to train epoch     : 11.095 s


Statistics:
  fps step                    : 16,238
  fps step + policy inference : 15,992
  fps total                   : 14,767
  epoch                       : 1,264 / 2,000
  frames                      : 207,093,760


Policy 0: 
Timing:
  Play time               : 10.263 s
  Update time             : 0.760 s
  Time to train epoch     : 11.023 s


Statistics:
  fps step                    : 16,193
  fps step + policy inference : 15,963
  fps total                   : 14,863
  epoch                       : 1,265 / 2,000
  frames                      : 207,257,600


Policy 0: 
Timing:
  Play time               : 10.240 s
  Update time             : 0.712 s
  Time to train epoch     : 10.952 s


Statistics:
  fps step                    : 16,231
  fps step + policy inference : 16,000
  fps total                   : 14,960
  epoch                       : 1,266 / 2,000
  frames                      : 207,421,440


Policy 0: 
Timing:
  Play time               : 10.259 s
  Update time             : 0.750 s
  Time to train epoch     : 11.009 s


Statistics:
  fps step                    : 16,204
  fps step + policy inference : 15,971
  fps total                   : 14,882
  epoch                       : 1,267 / 2,000
  frames                      : 207,585,280


Policy 0: 
Timing:
  Play time               : 10.226 s
  Update time             : 0.808 s
  Time to train epoch     : 11.034 s


Statistics:
  fps step                    : 16,262
  fps step + policy inference : 16,023
  fps total                   : 14,849
  epoch                       : 1,268 / 2,000
  frames                      : 207,749,120


Policy 0: 
Timing:
  Play time               : 10.185 s
  Update time             : 0.781 s
  Time to train epoch     : 10.965 s


Statistics:
  fps step                    : 16,320
  fps step + policy inference : 16,087
  fps total                   : 14,941
  epoch                       : 1,269 / 2,000
  frames                      : 207,912,960


Policy 0: 
Timing:
  Play time               : 10.191 s
  Update time             : 0.757 s
  Time to train epoch     : 10.948 s


Statistics:
  fps step                    : 16,308
  fps step + policy inference : 16,077
  fps total                   : 14,966
  epoch                       : 1,270 / 2,000
  frames                      : 208,076,800


Policy 0: 
Timing:
  Play time               : 10.301 s
  Update time             : 0.796 s
  Time to train epoch     : 11.097 s


Statistics:
  fps step                    : 16,149
  fps step + policy inference : 15,906
  fps total                   : 14,764
  epoch                       : 1,271 / 2,000
  frames                      : 208,240,640


Policy 0: 
Timing:
  Play time               : 10.264 s
  Update time             : 0.768 s
  Time to train epoch     : 11.032 s


Statistics:
  fps step                    : 16,199
  fps step + policy inference : 15,963
  fps total                   : 14,851
  epoch                       : 1,272 / 2,000
  frames                      : 208,404,480


Policy 0: 
Timing:
  Play time               : 10.271 s
  Update time             : 0.724 s
  Time to train epoch     : 10.995 s


Statistics:
  fps step                    : 16,187
  fps step + policy inference : 15,951
  fps total                   : 14,901
  epoch                       : 1,273 / 2,000
  frames                      : 208,568,320


Policy 0: 
Timing:
  Play time               : 10.268 s
  Update time             : 0.765 s
  Time to train epoch     : 11.034 s


Statistics:
  fps step                    : 16,194
  fps step + policy inference : 15,956
  fps total                   : 14,849
  epoch                       : 1,274 / 2,000
  frames                      : 208,732,160


Policy 0: 
Timing:
  Play time               : 10.271 s
  Update time             : 0.816 s
  Time to train epoch     : 11.087 s


Statistics:
  fps step                    : 16,186
  fps step + policy inference : 15,951
  fps total                   : 14,778
  epoch                       : 1,275 / 2,000
  frames                      : 208,896,000


Policy 0: 
Timing:
  Play time               : 10.268 s
  Update time             : 0.833 s
  Time to train epoch     : 11.100 s


Statistics:
  fps step                    : 16,193
  fps step + policy inference : 15,957
  fps total                   : 14,760
  epoch                       : 1,276 / 2,000
  frames                      : 209,059,840


Policy 0: 
Timing:
  Play time               : 10.306 s
  Update time             : 0.800 s
  Time to train epoch     : 11.107 s


Statistics:
  fps step                    : 16,133
  fps step + policy inference : 15,897
  fps total                   : 14,752
  epoch                       : 1,277 / 2,000
  frames                      : 209,223,680


Policy 0: 
Timing:
  Play time               : 10.285 s
  Update time             : 0.794 s
  Time to train epoch     : 11.079 s


Statistics:
  fps step                    : 16,169
  fps step + policy inference : 15,931
  fps total                   : 14,789
  epoch                       : 1,278 / 2,000
  frames                      : 209,387,520


Policy 0: 
Timing:
  Play time               : 10.258 s
  Update time             : 0.752 s
  Time to train epoch     : 11.010 s


Statistics:
  fps step                    : 16,213
  fps step + policy inference : 15,971
  fps total                   : 14,881
  epoch                       : 1,279 / 2,000
  frames                      : 209,551,360


Policy 0: 
Timing:
  Play time               : 10.255 s
  Update time             : 0.742 s
  Time to train epoch     : 10.997 s


Statistics:
  fps step                    : 16,215
  fps step + policy inference : 15,977
  fps total                   : 14,899
  epoch                       : 1,280 / 2,000
  frames                      : 209,715,200


Policy 0: 
Timing:
  Play time               : 10.297 s
  Update time             : 0.765 s
  Time to train epoch     : 11.062 s


Statistics:
  fps step                    : 16,148
  fps step + policy inference : 15,911
  fps total                   : 14,811
  epoch                       : 1,281 / 2,000
  frames                      : 209,879,040


Policy 0: 
Timing:
  Play time               : 10.470 s
  Update time             : 0.919 s
  Time to train epoch     : 11.389 s


Statistics:
  fps step                    : 16,136
  fps step + policy inference : 15,649
  fps total                   : 14,385
  epoch                       : 1,282 / 2,000
  frames                      : 210,042,880


Policy 0: saving next best rewards:  [912.48]
=> saving checkpoint 'runs/hold_r3_dense1_seed2902/nn/hold_r3_dense1_seed2902.pth'

Timing:
  Play time               : 10.282 s
  Update time             : 0.889 s
  Time to train epoch     : 11.171 s


Statistics:
  fps step                    : 16,177
  fps step + policy inference : 15,935
  fps total                   : 14,667
  epoch                       : 1,283 / 2,000
  frames                      : 210,206,720


Policy 0: 
Timing:
  Play time               : 10.255 s
  Update time             : 0.850 s
  Time to train epoch     : 11.105 s


Statistics:
  fps step                    : 16,217
  fps step + policy inference : 15,976
  fps total                   : 14,754
  epoch                       : 1,284 / 2,000
  frames                      : 210,370,560


Policy 0: 
Timing:
  Play time               : 10.256 s
  Update time             : 0.759 s
  Time to train epoch     : 11.015 s


Statistics:
  fps step                    : 16,210
  fps step + policy inference : 15,975
  fps total                   : 14,874
  epoch                       : 1,285 / 2,000
  frames                      : 210,534,400


Policy 0: 
Timing:
  Play time               : 10.278 s
  Update time             : 0.744 s
  Time to train epoch     : 11.022 s


Statistics:
  fps step                    : 16,176
  fps step + policy inference : 15,940
  fps total                   : 14,865
  epoch                       : 1,286 / 2,000
  frames                      : 210,698,240


Policy 0: 
Timing:
  Play time               : 10.255 s
  Update time             : 0.745 s
  Time to train epoch     : 11.000 s


Statistics:
  fps step                    : 16,213
  fps step + policy inference : 15,976
  fps total                   : 14,895
  epoch                       : 1,287 / 2,000
  frames                      : 210,862,080


Policy 0: 
Timing:
  Play time               : 10.120 s
  Update time             : 0.639 s
  Time to train epoch     : 10.759 s


Statistics:
  fps step                    : 16,417
  fps step + policy inference : 16,190
  fps total                   : 15,228
  epoch                       : 1,288 / 2,000
  frames                      : 211,025,920


Policy 0: 
Timing:
  Play time               : 10.242 s
  Update time             : 0.756 s
  Time to train epoch     : 10.998 s


Statistics:
  fps step                    : 16,230
  fps step + policy inference : 15,996
  fps total                   : 14,897
  epoch                       : 1,289 / 2,000
  frames                      : 211,189,760


Policy 0: 
Timing:
  Play time               : 10.289 s
  Update time             : 0.837 s
  Time to train epoch     : 11.126 s


Statistics:
  fps step                    : 16,175
  fps step + policy inference : 15,925
  fps total                   : 14,726
  epoch                       : 1,290 / 2,000
  frames                      : 211,353,600


Policy 0: 
Timing:
  Play time               : 10.284 s
  Update time             : 0.838 s
  Time to train epoch     : 11.122 s


Statistics:
  fps step                    : 16,168
  fps step + policy inference : 15,932
  fps total                   : 14,731
  epoch                       : 1,291 / 2,000
  frames                      : 211,517,440


Policy 0: 
Timing:
  Play time               : 10.242 s
  Update time             : 0.798 s
  Time to train epoch     : 11.040 s


Statistics:
  fps step                    : 16,230
  fps step + policy inference : 15,998
  fps total                   : 14,841
  epoch                       : 1,292 / 2,000
  frames                      : 211,681,280


Policy 0: 
Timing:
  Play time               : 10.273 s
  Update time             : 0.809 s
  Time to train epoch     : 11.082 s


Statistics:
  fps step                    : 16,175
  fps step + policy inference : 15,948
  fps total                   : 14,785
  epoch                       : 1,293 / 2,000
  frames                      : 211,845,120


Policy 0: 
Timing:
  Play time               : 10.188 s
  Update time             : 0.699 s
  Time to train epoch     : 10.887 s


Statistics:
  fps step                    : 16,303
  fps step + policy inference : 16,082
  fps total                   : 15,050
  epoch                       : 1,294 / 2,000
  frames                      : 212,008,960


Policy 0: 
Timing:
  Play time               : 10.293 s
  Update time             : 0.710 s
  Time to train epoch     : 11.003 s


Statistics:
  fps step                    : 16,151
  fps step + policy inference : 15,917
  fps total                   : 14,891
  epoch                       : 1,295 / 2,000
  frames                      : 212,172,800


Policy 0: 
Timing:
  Play time               : 10.243 s
  Update time             : 0.753 s
  Time to train epoch     : 10.996 s


Statistics:
  fps step                    : 16,233
  fps step + policy inference : 15,995
  fps total                   : 14,899
  epoch                       : 1,296 / 2,000
  frames                      : 212,336,640


Policy 0: 
Timing:
  Play time               : 10.258 s
  Update time             : 0.765 s
  Time to train epoch     : 11.023 s


Statistics:
  fps step                    : 16,209
  fps step + policy inference : 15,972
  fps total                   : 14,864
  epoch                       : 1,297 / 2,000
  frames                      : 212,500,480


Policy 0: 
Timing:
  Play time               : 10.238 s
  Update time             : 0.721 s
  Time to train epoch     : 10.958 s


Statistics:
  fps step                    : 16,239
  fps step + policy inference : 16,004
  fps total                   : 14,951
  epoch                       : 1,298 / 2,000
  frames                      : 212,664,320


Policy 0: 
Timing:
  Play time               : 10.248 s
  Update time             : 0.768 s
  Time to train epoch     : 11.015 s


Statistics:
  fps step                    : 16,226
  fps step + policy inference : 15,988
  fps total                   : 14,874
  epoch                       : 1,299 / 2,000
  frames                      : 212,828,160


Policy 0: 
Timing:
  Play time               : 10.431 s
  Update time             : 0.832 s
  Time to train epoch     : 11.263 s


Statistics:
  fps step                    : 16,171
  fps step + policy inference : 15,707
  fps total                   : 14,547
  epoch                       : 1,300 / 2,000
  frames                      : 212,992,000


Policy 0: saving next best rewards:  [920.25]
=> saving checkpoint 'runs/hold_r3_dense1_seed2902/nn/hold_r3_dense1_seed2902.pth'

Timing:
  Play time               : 10.380 s
  Update time             : 1.048 s
  Time to train epoch     : 11.429 s


Statistics:
  fps step                    : 16,051
  fps step + policy inference : 15,784
  fps total                   : 14,336
  epoch                       : 1,301 / 2,000
  frames                      : 213,155,840


Policy 0: 
Timing:
  Play time               : 10.303 s
  Update time             : 0.896 s
  Time to train epoch     : 11.199 s


Statistics:
  fps step                    : 16,140
  fps step + policy inference : 15,902
  fps total                   : 14,630
  epoch                       : 1,302 / 2,000
  frames                      : 213,319,680


Policy 0: 
Timing:
  Play time               : 10.241 s
  Update time             : 0.752 s
  Time to train epoch     : 10.992 s


Statistics:
  fps step                    : 16,236
  fps step + policy inference : 15,999
  fps total                   : 14,905
  epoch                       : 1,303 / 2,000
  frames                      : 213,483,520


Policy 0: 
Timing:
  Play time               : 10.225 s
  Update time             : 0.722 s
  Time to train epoch     : 10.947 s


Statistics:
  fps step                    : 16,259
  fps step + policy inference : 16,023
  fps total                   : 14,967
  epoch                       : 1,304 / 2,000
  frames                      : 213,647,360


Policy 0: 
Timing:
  Play time               : 10.282 s
  Update time             : 0.741 s
  Time to train epoch     : 11.024 s


Statistics:
  fps step                    : 16,172
  fps step + policy inference : 15,934
  fps total                   : 14,863
  epoch                       : 1,305 / 2,000
  frames                      : 213,811,200


Policy 0: 
Timing:
  Play time               : 10.217 s
  Update time             : 0.764 s
  Time to train epoch     : 10.981 s


Statistics:
  fps step                    : 16,278
  fps step + policy inference : 16,037
  fps total                   : 14,921
  epoch                       : 1,306 / 2,000
  frames                      : 213,975,040


Policy 0: 
Timing:
  Play time               : 10.113 s
  Update time             : 0.656 s
  Time to train epoch     : 10.769 s


Statistics:
  fps step                    : 16,429
  fps step + policy inference : 16,200
  fps total                   : 15,214
  epoch                       : 1,307 / 2,000
  frames                      : 214,138,880


Policy 0: 
Timing:
  Play time               : 10.280 s
  Update time             : 0.791 s
  Time to train epoch     : 11.071 s


Statistics:
  fps step                    : 16,175
  fps step + policy inference : 15,937
  fps total                   : 14,798
  epoch                       : 1,308 / 2,000
  frames                      : 214,302,720


Policy 0: 
Timing:
  Play time               : 10.263 s
  Update time             : 0.821 s
  Time to train epoch     : 11.084 s


Statistics:
  fps step                    : 16,204
  fps step + policy inference : 15,964
  fps total                   : 14,781
  epoch                       : 1,309 / 2,000
  frames                      : 214,466,560


Policy 0: 
Timing:
  Play time               : 10.256 s
  Update time             : 0.847 s
  Time to train epoch     : 11.104 s


Statistics:
  fps step                    : 16,212
  fps step + policy inference : 15,975
  fps total                   : 14,756
  epoch                       : 1,310 / 2,000
  frames                      : 214,630,400


Policy 0: 
Timing:
  Play time               : 10.219 s
  Update time             : 0.806 s
  Time to train epoch     : 11.025 s


Statistics:
  fps step                    : 16,269
  fps step + policy inference : 16,033
  fps total                   : 14,861
  epoch                       : 1,311 / 2,000
  frames                      : 214,794,240


Policy 0: 
Timing:
  Play time               : 10.277 s
  Update time             : 0.761 s
  Time to train epoch     : 11.037 s


Statistics:
  fps step                    : 16,179
  fps step + policy inference : 15,943
  fps total                   : 14,844
  epoch                       : 1,312 / 2,000
  frames                      : 214,958,080


Policy 0: 
Timing:
  Play time               : 10.210 s
  Update time             : 0.719 s
  Time to train epoch     : 10.929 s


Statistics:
  fps step                    : 16,283
  fps step + policy inference : 16,048
  fps total                   : 14,992
  epoch                       : 1,313 / 2,000
  frames                      : 215,121,920


Policy 0: 
Timing:
  Play time               : 10.317 s
  Update time             : 0.747 s
  Time to train epoch     : 11.064 s


Statistics:
  fps step                    : 16,119
  fps step + policy inference : 15,881
  fps total                   : 14,808
  epoch                       : 1,314 / 2,000
  frames                      : 215,285,760


Policy 0: 
Timing:
  Play time               : 10.272 s
  Update time             : 0.751 s
  Time to train epoch     : 11.023 s


Statistics:
  fps step                    : 16,192
  fps step + policy inference : 15,951
  fps total                   : 14,863
  epoch                       : 1,315 / 2,000
  frames                      : 215,449,600


Policy 0: 
Timing:
  Play time               : 10.248 s
  Update time             : 0.748 s
  Time to train epoch     : 10.996 s


Statistics:
  fps step                    : 16,228
  fps step + policy inference : 15,987
  fps total                   : 14,900
  epoch                       : 1,316 / 2,000
  frames                      : 215,613,440


Policy 0: 
Timing:
  Play time               : 10.235 s
  Update time             : 0.751 s
  Time to train epoch     : 10.986 s


Statistics:
  fps step                    : 16,240
  fps step + policy inference : 16,008
  fps total                   : 14,914
  epoch                       : 1,317 / 2,000
  frames                      : 215,777,280


Policy 0: 
Timing:
  Play time               : 10.271 s
  Update time             : 0.853 s
  Time to train epoch     : 11.124 s


Statistics:
  fps step                    : 16,186
  fps step + policy inference : 15,952
  fps total                   : 14,728
  epoch                       : 1,318 / 2,000
  frames                      : 215,941,120


Policy 0: 
Timing:
  Play time               : 10.479 s
  Update time             : 0.903 s
  Time to train epoch     : 11.382 s


Statistics:
  fps step                    : 16,100
  fps step + policy inference : 15,634
  fps total                   : 14,394
  epoch                       : 1,319 / 2,000
  frames                      : 216,104,960


Policy 0: 
Timing:
  Play time               : 10.336 s
  Update time             : 0.988 s
  Time to train epoch     : 11.324 s


Statistics:
  fps step                    : 16,102
  fps step + policy inference : 15,851
  fps total                   : 14,468
  epoch                       : 1,320 / 2,000
  frames                      : 216,268,800


Policy 0: 
Timing:
  Play time               : 10.314 s
  Update time             : 0.821 s
  Time to train epoch     : 11.135 s


Statistics:
  fps step                    : 16,121
  fps step + policy inference : 15,885
  fps total                   : 14,714
  epoch                       : 1,321 / 2,000
  frames                      : 216,432,640


Policy 0: 
Timing:
  Play time               : 10.325 s
  Update time             : 0.739 s
  Time to train epoch     : 11.063 s


Statistics:
  fps step                    : 16,114
  fps step + policy inference : 15,869
  fps total                   : 14,809
  epoch                       : 1,322 / 2,000
  frames                      : 216,596,480


Policy 0: 
Timing:
  Play time               : 10.314 s
  Update time             : 0.763 s
  Time to train epoch     : 11.078 s


Statistics:
  fps step                    : 16,149
  fps step + policy inference : 15,885
  fps total                   : 14,790
  epoch                       : 1,323 / 2,000
  frames                      : 216,760,320


Policy 0: 
Timing:
  Play time               : 10.305 s
  Update time             : 0.739 s
  Time to train epoch     : 11.043 s


Statistics:
  fps step                    : 16,133
  fps step + policy inference : 15,900
  fps total                   : 14,836
  epoch                       : 1,324 / 2,000
  frames                      : 216,924,160


Policy 0: 
Timing:
  Play time               : 10.183 s
  Update time             : 0.698 s
  Time to train epoch     : 10.880 s


Statistics:
  fps step                    : 16,317
  fps step + policy inference : 16,090
  fps total                   : 15,058
  epoch                       : 1,325 / 2,000
  frames                      : 217,088,000


Policy 0: 
Timing:
  Play time               : 10.226 s
  Update time             : 0.777 s
  Time to train epoch     : 11.004 s


Statistics:
  fps step                    : 16,247
  fps step + policy inference : 16,021
  fps total                   : 14,889
  epoch                       : 1,326 / 2,000
  frames                      : 217,251,840


Policy 0: 
Timing:
  Play time               : 10.287 s
  Update time             : 0.908 s
  Time to train epoch     : 11.195 s


Statistics:
  fps step                    : 16,168
  fps step + policy inference : 15,927
  fps total                   : 14,636
  epoch                       : 1,327 / 2,000
  frames                      : 217,415,680


Policy 0: 
Timing:
  Play time               : 10.290 s
  Update time             : 0.806 s
  Time to train epoch     : 11.096 s


Statistics:
  fps step                    : 16,160
  fps step + policy inference : 15,923
  fps total                   : 14,766
  epoch                       : 1,328 / 2,000
  frames                      : 217,579,520


Policy 0: 
Timing:
  Play time               : 10.245 s
  Update time             : 0.722 s
  Time to train epoch     : 10.967 s


Statistics:
  fps step                    : 16,225
  fps step + policy inference : 15,992
  fps total                   : 14,939
  epoch                       : 1,329 / 2,000
  frames                      : 217,743,360


Policy 0: 
Timing:
  Play time               : 10.318 s
  Update time             : 0.748 s
  Time to train epoch     : 11.066 s


Statistics:
  fps step                    : 16,119
  fps step + policy inference : 15,879
  fps total                   : 14,805
  epoch                       : 1,330 / 2,000
  frames                      : 217,907,200


Policy 0: 
Timing:
  Play time               : 10.296 s
  Update time             : 0.754 s
  Time to train epoch     : 11.050 s


Statistics:
  fps step                    : 16,150
  fps step + policy inference : 15,913
  fps total                   : 14,827
  epoch                       : 1,331 / 2,000
  frames                      : 218,071,040


Policy 0: 
Timing:
  Play time               : 10.255 s
  Update time             : 0.775 s
  Time to train epoch     : 11.030 s


Statistics:
  fps step                    : 16,214
  fps step + policy inference : 15,977
  fps total                   : 14,854
  epoch                       : 1,332 / 2,000
  frames                      : 218,234,880


Policy 0: 
Timing:
  Play time               : 10.304 s
  Update time             : 0.914 s
  Time to train epoch     : 11.219 s


Statistics:
  fps step                    : 16,140
  fps step + policy inference : 15,901
  fps total                   : 14,604
  epoch                       : 1,333 / 2,000
  frames                      : 218,398,720


Policy 0: 
Timing:
  Play time               : 10.281 s
  Update time             : 0.875 s
  Time to train epoch     : 11.155 s


Statistics:
  fps step                    : 16,177
  fps step + policy inference : 15,937
  fps total                   : 14,687
  epoch                       : 1,334 / 2,000
  frames                      : 218,562,560


Policy 0: 
Timing:
  Play time               : 10.309 s
  Update time             : 0.791 s
  Time to train epoch     : 11.100 s


Statistics:
  fps step                    : 16,135
  fps step + policy inference : 15,893
  fps total                   : 14,760
  epoch                       : 1,335 / 2,000
  frames                      : 218,726,400


Policy 0: 
Timing:
  Play time               : 10.308 s
  Update time             : 0.769 s
  Time to train epoch     : 11.078 s


Statistics:
  fps step                    : 16,129
  fps step + policy inference : 15,894
  fps total                   : 14,790
  epoch                       : 1,336 / 2,000
  frames                      : 218,890,240


Policy 0: 
Timing:
  Play time               : 10.302 s
  Update time             : 0.796 s
  Time to train epoch     : 11.098 s


Statistics:
  fps step                    : 16,147
  fps step + policy inference : 15,904
  fps total                   : 14,762
  epoch                       : 1,337 / 2,000
  frames                      : 219,054,080


Policy 0: 
Timing:
  Play time               : 10.514 s
  Update time             : 0.862 s
  Time to train epoch     : 11.376 s


Statistics:
  fps step                    : 16,050
  fps step + policy inference : 15,583
  fps total                   : 14,403
  epoch                       : 1,338 / 2,000
  frames                      : 219,217,920


Policy 0: saving next best rewards:  [924.95]
=> saving checkpoint 'runs/hold_r3_dense1_seed2902/nn/hold_r3_dense1_seed2902.pth'

Timing:
  Play time               : 10.288 s
  Update time             : 0.851 s
  Time to train epoch     : 11.139 s


Statistics:
  fps step                    : 16,175
  fps step + policy inference : 15,926
  fps total                   : 14,708
  epoch                       : 1,339 / 2,000
  frames                      : 219,381,760


Policy 0: 
Timing:
  Play time               : 10.285 s
  Update time             : 0.778 s
  Time to train epoch     : 11.063 s


Statistics:
  fps step                    : 16,169
  fps step + policy inference : 15,929
  fps total                   : 14,809
  epoch                       : 1,340 / 2,000
  frames                      : 219,545,600


Policy 0: 
Timing:
  Play time               : 10.230 s
  Update time             : 0.771 s
  Time to train epoch     : 11.001 s


Statistics:
  fps step                    : 16,254
  fps step + policy inference : 16,015
  fps total                   : 14,893
  epoch                       : 1,341 / 2,000
  frames                      : 219,709,440


Policy 0: saving next best rewards:  [925.22]
=> saving checkpoint 'runs/hold_r3_dense1_seed2902/nn/hold_r3_dense1_seed2902.pth'

Timing:
  Play time               : 10.240 s
  Update time             : 0.837 s
  Time to train epoch     : 11.077 s


Statistics:
  fps step                    : 16,238
  fps step + policy inference : 16,000
  fps total                   : 14,791
  epoch                       : 1,342 / 2,000
  frames                      : 219,873,280


Policy 0: 
Timing:
  Play time               : 10.244 s
  Update time             : 0.869 s
  Time to train epoch     : 11.113 s


Statistics:
  fps step                    : 16,232
  fps step + policy inference : 15,994
  fps total                   : 14,743
  epoch                       : 1,343 / 2,000
  frames                      : 220,037,120


Policy 0: 
Timing:
  Play time               : 10.143 s
  Update time             : 0.746 s
  Time to train epoch     : 10.889 s


Statistics:
  fps step                    : 16,384
  fps step + policy inference : 16,153
  fps total                   : 15,046
  epoch                       : 1,344 / 2,000
  frames                      : 220,200,960


Policy 0: 
Timing:
  Play time               : 10.208 s
  Update time             : 0.717 s
  Time to train epoch     : 10.925 s


Statistics:
  fps step                    : 16,283
  fps step + policy inference : 16,050
  fps total                   : 14,997
  epoch                       : 1,345 / 2,000
  frames                      : 220,364,800


Policy 0: 
Timing:
  Play time               : 10.262 s
  Update time             : 0.781 s
  Time to train epoch     : 11.043 s


Statistics:
  fps step                    : 16,211
  fps step + policy inference : 15,966
  fps total                   : 14,837
  epoch                       : 1,346 / 2,000
  frames                      : 220,528,640


Policy 0: 
Timing:
  Play time               : 10.269 s
  Update time             : 0.764 s
  Time to train epoch     : 11.033 s


Statistics:
  fps step                    : 16,194
  fps step + policy inference : 15,956
  fps total                   : 14,851
  epoch                       : 1,347 / 2,000
  frames                      : 220,692,480


Policy 0: 
Timing:
  Play time               : 10.257 s
  Update time             : 0.735 s
  Time to train epoch     : 10.993 s


Statistics:
  fps step                    : 16,210
  fps step + policy inference : 15,973
  fps total                   : 14,905
  epoch                       : 1,348 / 2,000
  frames                      : 220,856,320


Policy 0: 
Timing:
  Play time               : 10.282 s
  Update time             : 0.748 s
  Time to train epoch     : 11.030 s


Statistics:
  fps step                    : 16,175
  fps step + policy inference : 15,935
  fps total                   : 14,854
  epoch                       : 1,349 / 2,000
  frames                      : 221,020,160


Policy 0: 
Timing:
  Play time               : 10.245 s
  Update time             : 0.794 s
  Time to train epoch     : 11.038 s


Statistics:
  fps step                    : 16,233
  fps step + policy inference : 15,993
  fps total                   : 14,843
  epoch                       : 1,350 / 2,000
  frames                      : 221,184,000


Policy 0: 
Timing:
  Play time               : 10.274 s
  Update time             : 0.878 s
  Time to train epoch     : 11.152 s


Statistics:
  fps step                    : 16,188
  fps step + policy inference : 15,948
  fps total                   : 14,692
  epoch                       : 1,351 / 2,000
  frames                      : 221,347,840


Policy 0: 
Timing:
  Play time               : 10.299 s
  Update time             : 0.868 s
  Time to train epoch     : 11.166 s


Statistics:
  fps step                    : 16,149
  fps step + policy inference : 15,909
  fps total                   : 14,673
  epoch                       : 1,352 / 2,000
  frames                      : 221,511,680


Policy 0: 
Timing:
  Play time               : 10.270 s
  Update time             : 0.794 s
  Time to train epoch     : 11.063 s


Statistics:
  fps step                    : 16,195
  fps step + policy inference : 15,954
  fps total                   : 14,810
  epoch                       : 1,353 / 2,000
  frames                      : 221,675,520


Policy 0: 
Timing:
  Play time               : 10.285 s
  Update time             : 0.753 s
  Time to train epoch     : 11.038 s


Statistics:
  fps step                    : 16,168
  fps step + policy inference : 15,930
  fps total                   : 14,844
  epoch                       : 1,354 / 2,000
  frames                      : 221,839,360


Policy 0: 
Timing:
  Play time               : 10.246 s
  Update time             : 0.763 s
  Time to train epoch     : 11.009 s


Statistics:
  fps step                    : 16,227
  fps step + policy inference : 15,990
  fps total                   : 14,882
  epoch                       : 1,355 / 2,000
  frames                      : 222,003,200


Policy 0: 
Timing:
  Play time               : 10.288 s
  Update time             : 0.791 s
  Time to train epoch     : 11.079 s


Statistics:
  fps step                    : 16,158
  fps step + policy inference : 15,926
  fps total                   : 14,788
  epoch                       : 1,356 / 2,000
  frames                      : 222,167,040


Policy 0: 
Timing:
  Play time               : 10.510 s
  Update time             : 0.932 s
  Time to train epoch     : 11.443 s


Statistics:
  fps step                    : 16,059
  fps step + policy inference : 15,588
  fps total                   : 14,318
  epoch                       : 1,357 / 2,000
  frames                      : 222,330,880


Policy 0: saving next best rewards:  [930.24]
=> saving checkpoint 'runs/hold_r3_dense1_seed2902/nn/hold_r3_dense1_seed2902.pth'

Timing:
  Play time               : 10.341 s
  Update time             : 0.909 s
  Time to train epoch     : 11.249 s


Statistics:
  fps step                    : 16,085
  fps step + policy inference : 15,844
  fps total                   : 14,565
  epoch                       : 1,358 / 2,000
  frames                      : 222,494,720


Policy 0: 
Timing:
  Play time               : 10.286 s
  Update time             : 0.871 s
  Time to train epoch     : 11.157 s


Statistics:
  fps step                    : 16,165
  fps step + policy inference : 15,929
  fps total                   : 14,684
  epoch                       : 1,359 / 2,000
  frames                      : 222,658,560


Policy 0: 
Timing:
  Play time               : 10.258 s
  Update time             : 0.815 s
  Time to train epoch     : 11.073 s


Statistics:
  fps step                    : 16,202
  fps step + policy inference : 15,972
  fps total                   : 14,797
  epoch                       : 1,360 / 2,000
  frames                      : 222,822,400


Policy 0: 
Timing:
  Play time               : 10.320 s
  Update time             : 0.785 s
  Time to train epoch     : 11.105 s


Statistics:
  fps step                    : 16,111
  fps step + policy inference : 15,876
  fps total                   : 14,754
  epoch                       : 1,361 / 2,000
  frames                      : 222,986,240


Policy 0: 
Timing:
  Play time               : 10.286 s
  Update time             : 0.743 s
  Time to train epoch     : 11.029 s


Statistics:
  fps step                    : 16,163
  fps step + policy inference : 15,928
  fps total                   : 14,855
  epoch                       : 1,362 / 2,000
  frames                      : 223,150,080


Policy 0: 
Timing:
  Play time               : 10.190 s
  Update time             : 0.656 s
  Time to train epoch     : 10.846 s


Statistics:
  fps step                    : 16,303
  fps step + policy inference : 16,078
  fps total                   : 15,105
  epoch                       : 1,363 / 2,000
  frames                      : 223,313,920


Policy 0: 
Timing:
  Play time               : 10.282 s
  Update time             : 0.731 s
  Time to train epoch     : 11.013 s


Statistics:
  fps step                    : 16,165
  fps step + policy inference : 15,935
  fps total                   : 14,878
  epoch                       : 1,364 / 2,000
  frames                      : 223,477,760


Policy 0: 
Timing:
  Play time               : 10.320 s
  Update time             : 0.771 s
  Time to train epoch     : 11.091 s


Statistics:
  fps step                    : 16,113
  fps step + policy inference : 15,876
  fps total                   : 14,773
  epoch                       : 1,365 / 2,000
  frames                      : 223,641,600


Policy 0: 
Timing:
  Play time               : 10.298 s
  Update time             : 0.812 s
  Time to train epoch     : 11.110 s


Statistics:
  fps step                    : 16,147
  fps step + policy inference : 15,909
  fps total                   : 14,747
  epoch                       : 1,366 / 2,000
  frames                      : 223,805,440


Policy 0: 
Timing:
  Play time               : 10.295 s
  Update time             : 0.921 s
  Time to train epoch     : 11.216 s


Statistics:
  fps step                    : 16,154
  fps step + policy inference : 15,914
  fps total                   : 14,608
  epoch                       : 1,367 / 2,000
  frames                      : 223,969,280


Policy 0: 
Timing:
  Play time               : 10.287 s
  Update time             : 0.852 s
  Time to train epoch     : 11.139 s


Statistics:
  fps step                    : 16,168
  fps step + policy inference : 15,927
  fps total                   : 14,709
  epoch                       : 1,368 / 2,000
  frames                      : 224,133,120


Policy 0: 
Timing:
  Play time               : 10.295 s
  Update time             : 0.731 s
  Time to train epoch     : 11.026 s


Statistics:
  fps step                    : 16,151
  fps step + policy inference : 15,915
  fps total                   : 14,859
  epoch                       : 1,369 / 2,000
  frames                      : 224,296,960


Policy 0: 
Timing:
  Play time               : 10.279 s
  Update time             : 0.738 s
  Time to train epoch     : 11.017 s


Statistics:
  fps step                    : 16,169
  fps step + policy inference : 15,939
  fps total                   : 14,872
  epoch                       : 1,370 / 2,000
  frames                      : 224,460,800


Policy 0: 
Timing:
  Play time               : 10.288 s
  Update time             : 0.770 s
  Time to train epoch     : 11.058 s


Statistics:
  fps step                    : 16,168
  fps step + policy inference : 15,926
  fps total                   : 14,817
  epoch                       : 1,371 / 2,000
  frames                      : 224,624,640


Policy 0: 
Timing:
  Play time               : 10.267 s
  Update time             : 0.865 s
  Time to train epoch     : 11.132 s


Statistics:
  fps step                    : 16,199
  fps step + policy inference : 15,957
  fps total                   : 14,718
  epoch                       : 1,372 / 2,000
  frames                      : 224,788,480


Policy 0: 
Timing:
  Play time               : 10.263 s
  Update time             : 0.810 s
  Time to train epoch     : 11.073 s


Statistics:
  fps step                    : 16,201
  fps step + policy inference : 15,965
  fps total                   : 14,796
  epoch                       : 1,373 / 2,000
  frames                      : 224,952,320


Policy 0: 
Timing:
  Play time               : 10.281 s
  Update time             : 0.904 s
  Time to train epoch     : 11.185 s


Statistics:
  fps step                    : 16,174
  fps step + policy inference : 15,936
  fps total                   : 14,648
  epoch                       : 1,374 / 2,000
  frames                      : 225,116,160


Policy 0: 
Timing:
  Play time               : 10.407 s
  Update time             : 0.858 s
  Time to train epoch     : 11.266 s


Statistics:
  fps step                    : 16,185
  fps step + policy inference : 15,743
  fps total                   : 14,543
  epoch                       : 1,375 / 2,000
  frames                      : 225,280,000


Policy 0: saving next best rewards:  [937.19]
=> saving checkpoint 'runs/hold_r3_dense1_seed2902/nn/hold_r3_dense1_seed2902.pth'

Timing:
  Play time               : 10.375 s
  Update time             : 0.933 s
  Time to train epoch     : 11.308 s


Statistics:
  fps step                    : 16,064
  fps step + policy inference : 15,792
  fps total                   : 14,489
  epoch                       : 1,376 / 2,000
  frames                      : 225,443,840


Policy 0: 
Timing:
  Play time               : 10.313 s
  Update time             : 0.827 s
  Time to train epoch     : 11.140 s


Statistics:
  fps step                    : 16,129
  fps step + policy inference : 15,886
  fps total                   : 14,707
  epoch                       : 1,377 / 2,000
  frames                      : 225,607,680


Policy 0: 
Timing:
  Play time               : 10.286 s
  Update time             : 0.761 s
  Time to train epoch     : 11.048 s


Statistics:
  fps step                    : 16,161
  fps step + policy inference : 15,928
  fps total                   : 14,830
  epoch                       : 1,378 / 2,000
  frames                      : 225,771,520


Policy 0: 
Timing:
  Play time               : 10.272 s
  Update time             : 0.809 s
  Time to train epoch     : 11.081 s


Statistics:
  fps step                    : 16,184
  fps step + policy inference : 15,951
  fps total                   : 14,786
  epoch                       : 1,379 / 2,000
  frames                      : 225,935,360


Policy 0: saving next best rewards:  [937.23]
=> saving checkpoint 'runs/hold_r3_dense1_seed2902/nn/hold_r3_dense1_seed2902.pth'

Timing:
  Play time               : 10.278 s
  Update time             : 0.892 s
  Time to train epoch     : 11.171 s


Statistics:
  fps step                    : 16,173
  fps step + policy inference : 15,941
  fps total                   : 14,667
  epoch                       : 1,380 / 2,000
  frames                      : 226,099,200


Policy 0: 
Timing:
  Play time               : 10.251 s
  Update time             : 0.838 s
  Time to train epoch     : 11.089 s


Statistics:
  fps step                    : 16,218
  fps step + policy inference : 15,983
  fps total                   : 14,775
  epoch                       : 1,381 / 2,000
  frames                      : 226,263,040


Policy 0: saving next best rewards:  [937.29]
=> saving checkpoint 'runs/hold_r3_dense1_seed2902/nn/hold_r3_dense1_seed2902.pth'

Timing:
  Play time               : 10.188 s
  Update time             : 0.702 s
  Time to train epoch     : 10.890 s


Statistics:
  fps step                    : 16,307
  fps step + policy inference : 16,082
  fps total                   : 15,045
  epoch                       : 1,382 / 2,000
  frames                      : 226,426,880


Policy 0: saving next best rewards:  [937.39]
=> saving checkpoint 'runs/hold_r3_dense1_seed2902/nn/hold_r3_dense1_seed2902.pth'

Timing:
  Play time               : 10.306 s
  Update time             : 0.769 s
  Time to train epoch     : 11.075 s


Statistics:
  fps step                    : 16,137
  fps step + policy inference : 15,897
  fps total                   : 14,793
  epoch                       : 1,383 / 2,000
  frames                      : 226,590,720


Policy 0: saving next best rewards:  [937.55]
=> saving checkpoint 'runs/hold_r3_dense1_seed2902/nn/hold_r3_dense1_seed2902.pth'

Timing:
  Play time               : 10.300 s
  Update time             : 0.768 s
  Time to train epoch     : 11.068 s


Statistics:
  fps step                    : 16,141
  fps step + policy inference : 15,908
  fps total                   : 14,804
  epoch                       : 1,384 / 2,000
  frames                      : 226,754,560


Policy 0: 
Timing:
  Play time               : 10.273 s
  Update time             : 0.729 s
  Time to train epoch     : 11.002 s


Statistics:
  fps step                    : 16,182
  fps step + policy inference : 15,948
  fps total                   : 14,892
  epoch                       : 1,385 / 2,000
  frames                      : 226,918,400


Policy 0: 
Timing:
  Play time               : 10.289 s
  Update time             : 0.775 s
  Time to train epoch     : 11.064 s


Statistics:
  fps step                    : 16,155
  fps step + policy inference : 15,924
  fps total                   : 14,808
  epoch                       : 1,386 / 2,000
  frames                      : 227,082,240


Policy 0: 
Timing:
  Play time               : 10.312 s
  Update time             : 0.874 s
  Time to train epoch     : 11.186 s


Statistics:
  fps step                    : 16,129
  fps step + policy inference : 15,888
  fps total                   : 14,647
  epoch                       : 1,387 / 2,000
  frames                      : 227,246,080


Policy 0: 
Timing:
  Play time               : 10.265 s
  Update time             : 0.836 s
  Time to train epoch     : 11.100 s


Statistics:
  fps step                    : 16,199
  fps step + policy inference : 15,961
  fps total                   : 14,760
  epoch                       : 1,388 / 2,000
  frames                      : 227,409,920


Policy 0: 
Timing:
  Play time               : 10.297 s
  Update time             : 0.802 s
  Time to train epoch     : 11.099 s


Statistics:
  fps step                    : 16,144
  fps step + policy inference : 15,911
  fps total                   : 14,762
  epoch                       : 1,389 / 2,000
  frames                      : 227,573,760


Policy 0: 
Timing:
  Play time               : 10.304 s
  Update time             : 0.774 s
  Time to train epoch     : 11.078 s


Statistics:
  fps step                    : 16,140
  fps step + policy inference : 15,901
  fps total                   : 14,790
  epoch                       : 1,390 / 2,000
  frames                      : 227,737,600


Policy 0: 
Timing:
  Play time               : 10.279 s
  Update time             : 0.768 s
  Time to train epoch     : 11.046 s


Statistics:
  fps step                    : 16,179
  fps step + policy inference : 15,940
  fps total                   : 14,832
  epoch                       : 1,391 / 2,000
  frames                      : 227,901,440


Policy 0: 
Timing:
  Play time               : 10.284 s
  Update time             : 0.732 s
  Time to train epoch     : 11.016 s


Statistics:
  fps step                    : 16,168
  fps step + policy inference : 15,932
  fps total                   : 14,874
  epoch                       : 1,392 / 2,000
  frames                      : 228,065,280


Policy 0: 
Timing:
  Play time               : 10.308 s
  Update time             : 0.788 s
  Time to train epoch     : 11.096 s


Statistics:
  fps step                    : 16,130
  fps step + policy inference : 15,894
  fps total                   : 14,765
  epoch                       : 1,393 / 2,000
  frames                      : 228,229,120


Policy 0: 
Timing:
  Play time               : 10.469 s
  Update time             : 0.885 s
  Time to train epoch     : 11.353 s


Statistics:
  fps step                    : 16,108
  fps step + policy inference : 15,650
  fps total                   : 14,431
  epoch                       : 1,394 / 2,000
  frames                      : 228,392,960


Policy 0: saving next best rewards:  [941.67]
=> saving checkpoint 'runs/hold_r3_dense1_seed2902/nn/hold_r3_dense1_seed2902.pth'

Timing:
  Play time               : 10.323 s
  Update time             : 0.904 s
  Time to train epoch     : 11.227 s


Statistics:
  fps step                    : 16,131
  fps step + policy inference : 15,872
  fps total                   : 14,594
  epoch                       : 1,395 / 2,000
  frames                      : 228,556,800


Policy 0: 
Timing:
  Play time               : 10.307 s
  Update time             : 0.870 s
  Time to train epoch     : 11.178 s


Statistics:
  fps step                    : 16,134
  fps step + policy inference : 15,895
  fps total                   : 14,658
  epoch                       : 1,396 / 2,000
  frames                      : 228,720,640


Policy 0: 
Timing:
  Play time               : 10.273 s
  Update time             : 0.887 s
  Time to train epoch     : 11.159 s


Statistics:
  fps step                    : 16,189
  fps step + policy inference : 15,949
  fps total                   : 14,682
  epoch                       : 1,397 / 2,000
  frames                      : 228,884,480


Policy 0: 
Timing:
  Play time               : 10.284 s
  Update time             : 0.863 s
  Time to train epoch     : 11.147 s


Statistics:
  fps step                    : 16,173
  fps step + policy inference : 15,932
  fps total                   : 14,698
  epoch                       : 1,398 / 2,000
  frames                      : 229,048,320


Policy 0: 
Timing:
  Play time               : 10.273 s
  Update time             : 0.777 s
  Time to train epoch     : 11.050 s


Statistics:
  fps step                    : 16,179
  fps step + policy inference : 15,948
  fps total                   : 14,827
  epoch                       : 1,399 / 2,000
  frames                      : 229,212,160


Policy 0: 
Timing:
  Play time               : 10.263 s
  Update time             : 0.732 s
  Time to train epoch     : 10.995 s


Statistics:
  fps step                    : 16,199
  fps step + policy inference : 15,964
  fps total                   : 14,901
  epoch                       : 1,400 / 2,000
  frames                      : 229,376,000


Policy 0: 
Timing:
  Play time               : 10.314 s
  Update time             : 0.684 s
  Time to train epoch     : 10.998 s


Statistics:
  fps step                    : 16,109
  fps step + policy inference : 15,886
  fps total                   : 14,898
  epoch                       : 1,401 / 2,000
  frames                      : 229,539,840


Policy 0: 
Timing:
  Play time               : 10.389 s
  Update time             : 0.764 s
  Time to train epoch     : 11.153 s


Statistics:
  fps step                    : 16,005
  fps step + policy inference : 15,770
  fps total                   : 14,690
  epoch                       : 1,402 / 2,000
  frames                      : 229,703,680


Policy 0: 
Timing:
  Play time               : 10.416 s
  Update time             : 0.850 s
  Time to train epoch     : 11.266 s


Statistics:
  fps step                    : 15,963
  fps step + policy inference : 15,730
  fps total                   : 14,543
  epoch                       : 1,403 / 2,000
  frames                      : 229,867,520


Policy 0: 
Timing:
  Play time               : 10.433 s
  Update time             : 0.848 s
  Time to train epoch     : 11.281 s


Statistics:
  fps step                    : 15,931
  fps step + policy inference : 15,704
  fps total                   : 14,524
  epoch                       : 1,404 / 2,000
  frames                      : 230,031,360


Policy 0: 
Timing:
  Play time               : 10.582 s
  Update time             : 0.856 s
  Time to train epoch     : 11.438 s


Statistics:
  fps step                    : 15,704
  fps step + policy inference : 15,483
  fps total                   : 14,325
  epoch                       : 1,405 / 2,000
  frames                      : 230,195,200


Policy 0: 
Timing:
  Play time               : 10.516 s
  Update time             : 0.787 s
  Time to train epoch     : 11.304 s


Statistics:
  fps step                    : 15,810
  fps step + policy inference : 15,580
  fps total                   : 14,495
  epoch                       : 1,406 / 2,000
  frames                      : 230,359,040


Policy 0: 
Timing:
  Play time               : 10.473 s
  Update time             : 0.762 s
  Time to train epoch     : 11.236 s


Statistics:
  fps step                    : 15,872
  fps step + policy inference : 15,644
  fps total                   : 14,582
  epoch                       : 1,407 / 2,000
  frames                      : 230,522,880


Policy 0: 
Timing:
  Play time               : 10.425 s
  Update time             : 0.762 s
  Time to train epoch     : 11.187 s


Statistics:
  fps step                    : 15,947
  fps step + policy inference : 15,715
  fps total                   : 14,646
  epoch                       : 1,408 / 2,000
  frames                      : 230,686,720


Policy 0: 
Timing:
  Play time               : 10.398 s
  Update time             : 0.852 s
  Time to train epoch     : 11.250 s


Statistics:
  fps step                    : 15,990
  fps step + policy inference : 15,756
  fps total                   : 14,563
  epoch                       : 1,409 / 2,000
  frames                      : 230,850,560


Policy 0: 
Timing:
  Play time               : 10.392 s
  Update time             : 0.920 s
  Time to train epoch     : 11.313 s


Statistics:
  fps step                    : 16,002
  fps step + policy inference : 15,765
  fps total                   : 14,483
  epoch                       : 1,410 / 2,000
  frames                      : 231,014,400


Policy 0: 
Timing:
  Play time               : 10.436 s
  Update time             : 0.916 s
  Time to train epoch     : 11.352 s


Statistics:
  fps step                    : 15,932
  fps step + policy inference : 15,700
  fps total                   : 14,433
  epoch                       : 1,411 / 2,000
  frames                      : 231,178,240


Policy 0: 
Timing:
  Play time               : 10.480 s
  Update time             : 0.957 s
  Time to train epoch     : 11.437 s


Statistics:
  fps step                    : 15,867
  fps step + policy inference : 15,634
  fps total                   : 14,326
  epoch                       : 1,412 / 2,000
  frames                      : 231,342,080


Policy 0: 
Timing:
  Play time               : 10.595 s
  Update time             : 1.001 s
  Time to train epoch     : 11.595 s


Statistics:
  fps step                    : 15,915
  fps step + policy inference : 15,465
  fps total                   : 14,130
  epoch                       : 1,413 / 2,000
  frames                      : 231,505,920


Policy 0: saving next best rewards:  [947.72]
=> saving checkpoint 'runs/hold_r3_dense1_seed2902/nn/hold_r3_dense1_seed2902.pth'

Timing:
  Play time               : 10.290 s
  Update time             : 0.987 s
  Time to train epoch     : 11.277 s


Statistics:
  fps step                    : 16,178
  fps step + policy inference : 15,922
  fps total                   : 14,529
  epoch                       : 1,414 / 2,000
  frames                      : 231,669,760


Policy 0: 
Timing:
  Play time               : 10.276 s
  Update time             : 0.945 s
  Time to train epoch     : 11.221 s


Statistics:
  fps step                    : 16,186
  fps step + policy inference : 15,943
  fps total                   : 14,601
  epoch                       : 1,415 / 2,000
  frames                      : 231,833,600


Policy 0: 
Timing:
  Play time               : 10.250 s
  Update time             : 0.832 s
  Time to train epoch     : 11.081 s


Statistics:
  fps step                    : 16,221
  fps step + policy inference : 15,985
  fps total                   : 14,786
  epoch                       : 1,416 / 2,000
  frames                      : 231,997,440


Policy 0: 
Timing:
  Play time               : 10.224 s
  Update time             : 0.915 s
  Time to train epoch     : 11.138 s


Statistics:
  fps step                    : 16,261
  fps step + policy inference : 16,026
  fps total                   : 14,710
  epoch                       : 1,417 / 2,000
  frames                      : 232,161,280


Policy 0: 
Timing:
  Play time               : 10.248 s
  Update time             : 0.901 s
  Time to train epoch     : 11.149 s


Statistics:
  fps step                    : 16,226
  fps step + policy inference : 15,988
  fps total                   : 14,695
  epoch                       : 1,418 / 2,000
  frames                      : 232,325,120


Policy 0: 
Timing:
  Play time               : 10.213 s
  Update time             : 0.752 s
  Time to train epoch     : 10.966 s


Statistics:
  fps step                    : 16,272
  fps step + policy inference : 16,042
  fps total                   : 14,941
  epoch                       : 1,419 / 2,000
  frames                      : 232,488,960


Policy 0: 
Timing:
  Play time               : 10.246 s
  Update time             : 0.880 s
  Time to train epoch     : 11.126 s


Statistics:
  fps step                    : 16,228
  fps step + policy inference : 15,990
  fps total                   : 14,726
  epoch                       : 1,420 / 2,000
  frames                      : 232,652,800


Policy 0: 
Timing:
  Play time               : 10.285 s
  Update time             : 0.884 s
  Time to train epoch     : 11.169 s


Statistics:
  fps step                    : 16,170
  fps step + policy inference : 15,930
  fps total                   : 14,669
  epoch                       : 1,421 / 2,000
  frames                      : 232,816,640


Policy 0: 
Timing:
  Play time               : 10.264 s
  Update time             : 0.776 s
  Time to train epoch     : 11.040 s


Statistics:
  fps step                    : 16,197
  fps step + policy inference : 15,962
  fps total                   : 14,840
  epoch                       : 1,422 / 2,000
  frames                      : 232,980,480


Policy 0: 
Timing:
  Play time               : 10.266 s
  Update time             : 0.826 s
  Time to train epoch     : 11.092 s


Statistics:
  fps step                    : 16,197
  fps step + policy inference : 15,960
  fps total                   : 14,771
  epoch                       : 1,423 / 2,000
  frames                      : 233,144,320


Policy 0: 
Timing:
  Play time               : 10.266 s
  Update time             : 0.944 s
  Time to train epoch     : 11.209 s


Statistics:
  fps step                    : 16,197
  fps step + policy inference : 15,960
  fps total                   : 14,616
  epoch                       : 1,424 / 2,000
  frames                      : 233,308,160


Policy 0: 
Timing:
  Play time               : 10.247 s
  Update time             : 0.824 s
  Time to train epoch     : 11.071 s


Statistics:
  fps step                    : 16,229
  fps step + policy inference : 15,989
  fps total                   : 14,799
  epoch                       : 1,425 / 2,000
  frames                      : 233,472,000


Policy 0: 
Timing:
  Play time               : 10.253 s
  Update time             : 0.760 s
  Time to train epoch     : 11.013 s


Statistics:
  fps step                    : 16,218
  fps step + policy inference : 15,980
  fps total                   : 14,877
  epoch                       : 1,426 / 2,000
  frames                      : 233,635,840


Policy 0: 
Timing:
  Play time               : 10.272 s
  Update time             : 0.779 s
  Time to train epoch     : 11.050 s


Statistics:
  fps step                    : 16,190
  fps step + policy inference : 15,951
  fps total                   : 14,827
  epoch                       : 1,427 / 2,000
  frames                      : 233,799,680


Policy 0: 
Timing:
  Play time               : 10.268 s
  Update time             : 0.882 s
  Time to train epoch     : 11.151 s


Statistics:
  fps step                    : 16,196
  fps step + policy inference : 15,956
  fps total                   : 14,693
  epoch                       : 1,428 / 2,000
  frames                      : 233,963,520


Policy 0: 
Timing:
  Play time               : 10.254 s
  Update time             : 0.864 s
  Time to train epoch     : 11.117 s


Statistics:
  fps step                    : 16,213
  fps step + policy inference : 15,979
  fps total                   : 14,737
  epoch                       : 1,429 / 2,000
  frames                      : 234,127,360


Policy 0: 
Timing:
  Play time               : 10.248 s
  Update time             : 0.800 s
  Time to train epoch     : 11.048 s


Statistics:
  fps step                    : 16,225
  fps step + policy inference : 15,987
  fps total                   : 14,829
  epoch                       : 1,430 / 2,000
  frames                      : 234,291,200


Policy 0: 
Timing:
  Play time               : 10.276 s
  Update time             : 0.813 s
  Time to train epoch     : 11.089 s


Statistics:
  fps step                    : 16,182
  fps step + policy inference : 15,944
  fps total                   : 14,776
  epoch                       : 1,431 / 2,000
  frames                      : 234,455,040


Policy 0: 
Timing:
  Play time               : 10.449 s
  Update time             : 0.924 s
  Time to train epoch     : 11.373 s


Statistics:
  fps step                    : 16,143
  fps step + policy inference : 15,679
  fps total                   : 14,406
  epoch                       : 1,432 / 2,000
  frames                      : 234,618,880


Policy 0: saving next best rewards:  [952.62]
=> saving checkpoint 'runs/hold_r3_dense1_seed2902/nn/hold_r3_dense1_seed2902.pth'

Timing:
  Play time               : 10.283 s
  Update time             : 1.010 s
  Time to train epoch     : 11.293 s


Statistics:
  fps step                    : 16,189
  fps step + policy inference : 15,933
  fps total                   : 14,508
  epoch                       : 1,433 / 2,000
  frames                      : 234,782,720


Policy 0: saving next best rewards:  [952.87]
=> saving checkpoint 'runs/hold_r3_dense1_seed2902/nn/hold_r3_dense1_seed2902.pth'

Timing:
  Play time               : 10.265 s
  Update time             : 0.912 s
  Time to train epoch     : 11.178 s


Statistics:
  fps step                    : 16,204
  fps step + policy inference : 15,960
  fps total                   : 14,658
  epoch                       : 1,434 / 2,000
  frames                      : 234,946,560


Policy 0: saving next best rewards:  [953.4]
=> saving checkpoint 'runs/hold_r3_dense1_seed2902/nn/hold_r3_dense1_seed2902.pth'

Timing:
  Play time               : 10.324 s
  Update time             : 0.773 s
  Time to train epoch     : 11.097 s


Statistics:
  fps step                    : 16,110
  fps step + policy inference : 15,870
  fps total                   : 14,764
  epoch                       : 1,435 / 2,000
  frames                      : 235,110,400


Policy 0: 
Timing:
  Play time               : 10.302 s
  Update time             : 0.792 s
  Time to train epoch     : 11.094 s


Statistics:
  fps step                    : 16,145
  fps step + policy inference : 15,904
  fps total                   : 14,769
  epoch                       : 1,436 / 2,000
  frames                      : 235,274,240


Policy 0: 
Timing:
  Play time               : 10.298 s
  Update time             : 0.797 s
  Time to train epoch     : 11.095 s


Statistics:
  fps step                    : 16,152
  fps step + policy inference : 15,911
  fps total                   : 14,768
  epoch                       : 1,437 / 2,000
  frames                      : 235,438,080


Policy 0: 
Timing:
  Play time               : 10.252 s
  Update time             : 0.803 s
  Time to train epoch     : 11.055 s


Statistics:
  fps step                    : 16,216
  fps step + policy inference : 15,981
  fps total                   : 14,820
  epoch                       : 1,438 / 2,000
  frames                      : 235,601,920


Policy 0: 
Timing:
  Play time               : 10.293 s
  Update time             : 0.883 s
  Time to train epoch     : 11.176 s


Statistics:
  fps step                    : 16,160
  fps step + policy inference : 15,918
  fps total                   : 14,660
  epoch                       : 1,439 / 2,000
  frames                      : 235,765,760


Policy 0: 
Timing:
  Play time               : 10.370 s
  Update time             : 0.798 s
  Time to train epoch     : 11.169 s


Statistics:
  fps step                    : 16,040
  fps step + policy inference : 15,799
  fps total                   : 14,669
  epoch                       : 1,440 / 2,000
  frames                      : 235,929,600


Policy 0: 
Timing:
  Play time               : 10.504 s
  Update time             : 0.789 s
  Time to train epoch     : 11.293 s


Statistics:
  fps step                    : 15,832
  fps step + policy inference : 15,598
  fps total                   : 14,509
  epoch                       : 1,441 / 2,000
  frames                      : 236,093,440


Policy 0: 
Timing:
  Play time               : 10.264 s
  Update time             : 0.751 s
  Time to train epoch     : 11.015 s


Statistics:
  fps step                    : 16,206
  fps step + policy inference : 15,962
  fps total                   : 14,874
  epoch                       : 1,442 / 2,000
  frames                      : 236,257,280


Policy 0: 
Timing:
  Play time               : 10.291 s
  Update time             : 0.819 s
  Time to train epoch     : 11.110 s


Statistics:
  fps step                    : 16,167
  fps step + policy inference : 15,921
  fps total                   : 14,747
  epoch                       : 1,443 / 2,000
  frames                      : 236,421,120


Policy 0: 
Timing:
  Play time               : 10.461 s
  Update time             : 0.827 s
  Time to train epoch     : 11.288 s


Statistics:
  fps step                    : 15,897
  fps step + policy inference : 15,662
  fps total                   : 14,515
  epoch                       : 1,444 / 2,000
  frames                      : 236,584,960


Policy 0: 
Timing:
  Play time               : 10.345 s
  Update time             : 0.874 s
  Time to train epoch     : 11.218 s


Statistics:
  fps step                    : 16,078
  fps step + policy inference : 15,838
  fps total                   : 14,605
  epoch                       : 1,445 / 2,000
  frames                      : 236,748,800


Policy 0: 
Timing:
  Play time               : 10.406 s
  Update time             : 0.855 s
  Time to train epoch     : 11.262 s


Statistics:
  fps step                    : 15,980
  fps step + policy inference : 15,744
  fps total                   : 14,548
  epoch                       : 1,446 / 2,000
  frames                      : 236,912,640


Policy 0: 
Timing:
  Play time               : 10.510 s
  Update time             : 0.784 s
  Time to train epoch     : 11.294 s


Statistics:
  fps step                    : 15,827
  fps step + policy inference : 15,588
  fps total                   : 14,507
  epoch                       : 1,447 / 2,000
  frames                      : 237,076,480


Policy 0: 
Timing:
  Play time               : 10.430 s
  Update time             : 0.734 s
  Time to train epoch     : 11.164 s


Statistics:
  fps step                    : 15,942
  fps step + policy inference : 15,708
  fps total                   : 14,675
  epoch                       : 1,448 / 2,000
  frames                      : 237,240,320


Policy 0: 
Timing:
  Play time               : 10.440 s
  Update time             : 0.781 s
  Time to train epoch     : 11.221 s


Statistics:
  fps step                    : 15,929
  fps step + policy inference : 15,693
  fps total                   : 14,601
  epoch                       : 1,449 / 2,000
  frames                      : 237,404,160


Policy 0: 
Timing:
  Play time               : 10.754 s
  Update time             : 0.814 s
  Time to train epoch     : 11.568 s


Statistics:
  fps step                    : 15,641
  fps step + policy inference : 15,235
  fps total                   : 14,163
  epoch                       : 1,450 / 2,000
  frames                      : 237,568,000


Policy 0: saving next best rewards:  [956.14]
=> saving checkpoint 'runs/hold_r3_dense1_seed2902/nn/hold_r3_dense1_seed2902.pth'

Timing:
  Play time               : 10.406 s
  Update time             : 0.988 s
  Time to train epoch     : 11.394 s


Statistics:
  fps step                    : 16,027
  fps step + policy inference : 15,745
  fps total                   : 14,380
  epoch                       : 1,451 / 2,000
  frames                      : 237,731,840


Policy 0: 
Timing:
  Play time               : 10.330 s
  Update time             : 0.964 s
  Time to train epoch     : 11.294 s


Statistics:
  fps step                    : 16,109
  fps step + policy inference : 15,860
  fps total                   : 14,507
  epoch                       : 1,452 / 2,000
  frames                      : 237,895,680


Policy 0: 
Timing:
  Play time               : 10.325 s
  Update time             : 0.879 s
  Time to train epoch     : 11.205 s


Statistics:
  fps step                    : 16,117
  fps step + policy inference : 15,868
  fps total                   : 14,622
  epoch                       : 1,453 / 2,000
  frames                      : 238,059,520


Policy 0: 
Timing:
  Play time               : 10.320 s
  Update time             : 0.806 s
  Time to train epoch     : 11.126 s


Statistics:
  fps step                    : 16,116
  fps step + policy inference : 15,876
  fps total                   : 14,726
  epoch                       : 1,454 / 2,000
  frames                      : 238,223,360


Policy 0: 
Timing:
  Play time               : 10.322 s
  Update time             : 0.779 s
  Time to train epoch     : 11.101 s


Statistics:
  fps step                    : 16,112
  fps step + policy inference : 15,873
  fps total                   : 14,760
  epoch                       : 1,455 / 2,000
  frames                      : 238,387,200


Policy 0: 
Timing:
  Play time               : 10.285 s
  Update time             : 0.766 s
  Time to train epoch     : 11.051 s


Statistics:
  fps step                    : 16,170
  fps step + policy inference : 15,930
  fps total                   : 14,826
  epoch                       : 1,456 / 2,000
  frames                      : 238,551,040


Policy 0: 
Timing:
  Play time               : 10.276 s
  Update time             : 0.694 s
  Time to train epoch     : 10.971 s


Statistics:
  fps step                    : 16,177
  fps step + policy inference : 15,944
  fps total                   : 14,935
  epoch                       : 1,457 / 2,000
  frames                      : 238,714,880


Policy 0: 
Timing:
  Play time               : 10.336 s
  Update time             : 0.807 s
  Time to train epoch     : 11.144 s


Statistics:
  fps step                    : 16,094
  fps step + policy inference : 15,851
  fps total                   : 14,702
  epoch                       : 1,458 / 2,000
  frames                      : 238,878,720


Policy 0: 
Timing:
  Play time               : 10.320 s
  Update time             : 0.894 s
  Time to train epoch     : 11.214 s


Statistics:
  fps step                    : 16,115
  fps step + policy inference : 15,876
  fps total                   : 14,610
  epoch                       : 1,459 / 2,000
  frames                      : 239,042,560


Policy 0: 
Timing:
  Play time               : 10.309 s
  Update time             : 0.863 s
  Time to train epoch     : 11.172 s


Statistics:
  fps step                    : 16,136
  fps step + policy inference : 15,892
  fps total                   : 14,665
  epoch                       : 1,460 / 2,000
  frames                      : 239,206,400


Policy 0: 
Timing:
  Play time               : 10.341 s
  Update time             : 0.826 s
  Time to train epoch     : 11.167 s


Statistics:
  fps step                    : 16,088
  fps step + policy inference : 15,843
  fps total                   : 14,672
  epoch                       : 1,461 / 2,000
  frames                      : 239,370,240


Policy 0: 
Timing:
  Play time               : 10.343 s
  Update time             : 0.790 s
  Time to train epoch     : 11.134 s


Statistics:
  fps step                    : 16,085
  fps step + policy inference : 15,840
  fps total                   : 14,716
  epoch                       : 1,462 / 2,000
  frames                      : 239,534,080


Policy 0: 
Timing:
  Play time               : 10.328 s
  Update time             : 0.772 s
  Time to train epoch     : 11.099 s


Statistics:
  fps step                    : 16,110
  fps step + policy inference : 15,864
  fps total                   : 14,761
  epoch                       : 1,463 / 2,000
  frames                      : 239,697,920


Policy 0: 
Timing:
  Play time               : 10.351 s
  Update time             : 0.776 s
  Time to train epoch     : 11.127 s


Statistics:
  fps step                    : 16,073
  fps step + policy inference : 15,828
  fps total                   : 14,725
  epoch                       : 1,464 / 2,000
  frames                      : 239,861,760


Policy 0: 
Timing:
  Play time               : 10.340 s
  Update time             : 0.772 s
  Time to train epoch     : 11.112 s


Statistics:
  fps step                    : 16,087
  fps step + policy inference : 15,845
  fps total                   : 14,745
  epoch                       : 1,465 / 2,000
  frames                      : 240,025,600


Policy 0: 
Timing:
  Play time               : 10.303 s
  Update time             : 0.783 s
  Time to train epoch     : 11.086 s


Statistics:
  fps step                    : 16,144
  fps step + policy inference : 15,903
  fps total                   : 14,779
  epoch                       : 1,466 / 2,000
  frames                      : 240,189,440


Policy 0: 
Timing:
  Play time               : 10.318 s
  Update time             : 0.824 s
  Time to train epoch     : 11.142 s


Statistics:
  fps step                    : 16,118
  fps step + policy inference : 15,879
  fps total                   : 14,704
  epoch                       : 1,467 / 2,000
  frames                      : 240,353,280


Policy 0: 
Timing:
  Play time               : 10.316 s
  Update time             : 0.864 s
  Time to train epoch     : 11.180 s


Statistics:
  fps step                    : 16,125
  fps step + policy inference : 15,882
  fps total                   : 14,655
  epoch                       : 1,468 / 2,000
  frames                      : 240,517,120


Policy 0: 
Timing:
  Play time               : 10.502 s
  Update time             : 0.918 s
  Time to train epoch     : 11.420 s


Statistics:
  fps step                    : 16,045
  fps step + policy inference : 15,601
  fps total                   : 14,347
  epoch                       : 1,469 / 2,000
  frames                      : 240,680,960


Policy 0: saving next best rewards:  [959.93]
=> saving checkpoint 'runs/hold_r3_dense1_seed2902/nn/hold_r3_dense1_seed2902.pth'

Timing:
  Play time               : 10.349 s
  Update time             : 0.952 s
  Time to train epoch     : 11.301 s


Statistics:
  fps step                    : 16,100
  fps step + policy inference : 15,831
  fps total                   : 14,497
  epoch                       : 1,470 / 2,000
  frames                      : 240,844,800


Policy 0: 
Timing:
  Play time               : 10.296 s
  Update time             : 0.813 s
  Time to train epoch     : 11.109 s


Statistics:
  fps step                    : 16,155
  fps step + policy inference : 15,912
  fps total                   : 14,748
  epoch                       : 1,471 / 2,000
  frames                      : 241,008,640


Policy 0: 
Timing:
  Play time               : 10.303 s
  Update time             : 0.769 s
  Time to train epoch     : 11.072 s


Statistics:
  fps step                    : 16,147
  fps step + policy inference : 15,901
  fps total                   : 14,798
  epoch                       : 1,472 / 2,000
  frames                      : 241,172,480


Policy 0: 
Timing:
  Play time               : 10.308 s
  Update time             : 0.763 s
  Time to train epoch     : 11.071 s


Statistics:
  fps step                    : 16,135
  fps step + policy inference : 15,895
  fps total                   : 14,800
  epoch                       : 1,473 / 2,000
  frames                      : 241,336,320


Policy 0: 
Timing:
  Play time               : 10.293 s
  Update time             : 0.754 s
  Time to train epoch     : 11.047 s


Statistics:
  fps step                    : 16,155
  fps step + policy inference : 15,918
  fps total                   : 14,832
  epoch                       : 1,474 / 2,000
  frames                      : 241,500,160


Policy 0: 
Timing:
  Play time               : 10.270 s
  Update time             : 0.727 s
  Time to train epoch     : 10.997 s


Statistics:
  fps step                    : 16,192
  fps step + policy inference : 15,954
  fps total                   : 14,899
  epoch                       : 1,475 / 2,000
  frames                      : 241,664,000


Policy 0: 
Timing:
  Play time               : 10.244 s
  Update time             : 0.796 s
  Time to train epoch     : 11.040 s


Statistics:
  fps step                    : 16,226
  fps step + policy inference : 15,993
  fps total                   : 14,841
  epoch                       : 1,476 / 2,000
  frames                      : 241,827,840


Policy 0: 
Timing:
  Play time               : 10.301 s
  Update time             : 0.924 s
  Time to train epoch     : 11.226 s


Statistics:
  fps step                    : 16,147
  fps step + policy inference : 15,905
  fps total                   : 14,595
  epoch                       : 1,477 / 2,000
  frames                      : 241,991,680


Policy 0: 
Timing:
  Play time               : 10.315 s
  Update time             : 0.841 s
  Time to train epoch     : 11.155 s


Statistics:
  fps step                    : 16,122
  fps step + policy inference : 15,884
  fps total                   : 14,687
  epoch                       : 1,478 / 2,000
  frames                      : 242,155,520


Policy 0: 
Timing:
  Play time               : 10.293 s
  Update time             : 0.750 s
  Time to train epoch     : 11.043 s


Statistics:
  fps step                    : 16,159
  fps step + policy inference : 15,918
  fps total                   : 14,837
  epoch                       : 1,479 / 2,000
  frames                      : 242,319,360


Policy 0: 
Timing:
  Play time               : 10.296 s
  Update time             : 0.773 s
  Time to train epoch     : 11.069 s


Statistics:
  fps step                    : 16,158
  fps step + policy inference : 15,912
  fps total                   : 14,802
  epoch                       : 1,480 / 2,000
  frames                      : 242,483,200


Policy 0: 
Timing:
  Play time               : 10.311 s
  Update time             : 0.767 s
  Time to train epoch     : 11.077 s


Statistics:
  fps step                    : 16,134
  fps step + policy inference : 15,890
  fps total                   : 14,791
  epoch                       : 1,481 / 2,000
  frames                      : 242,647,040


Policy 0: 
Timing:
  Play time               : 10.279 s
  Update time             : 0.759 s
  Time to train epoch     : 11.038 s


Statistics:
  fps step                    : 16,183
  fps step + policy inference : 15,940
  fps total                   : 14,844
  epoch                       : 1,482 / 2,000
  frames                      : 242,810,880


Policy 0: 
Timing:
  Play time               : 10.328 s
  Update time             : 0.845 s
  Time to train epoch     : 11.173 s


Statistics:
  fps step                    : 16,109
  fps step + policy inference : 15,863
  fps total                   : 14,663
  epoch                       : 1,483 / 2,000
  frames                      : 242,974,720


Policy 0: 
Timing:
  Play time               : 10.314 s
  Update time             : 0.857 s
  Time to train epoch     : 11.172 s


Statistics:
  fps step                    : 16,129
  fps step + policy inference : 15,885
  fps total                   : 14,665
  epoch                       : 1,484 / 2,000
  frames                      : 243,138,560


Policy 0: 
Timing:
  Play time               : 10.306 s
  Update time             : 0.887 s
  Time to train epoch     : 11.193 s


Statistics:
  fps step                    : 16,149
  fps step + policy inference : 15,898
  fps total                   : 14,637
  epoch                       : 1,485 / 2,000
  frames                      : 243,302,400


Policy 0: 
Timing:
  Play time               : 10.291 s
  Update time             : 0.807 s
  Time to train epoch     : 11.098 s


Statistics:
  fps step                    : 16,157
  fps step + policy inference : 15,921
  fps total                   : 14,763
  epoch                       : 1,486 / 2,000
  frames                      : 243,466,240


Policy 0: 
Timing:
  Play time               : 10.312 s
  Update time             : 0.792 s
  Time to train epoch     : 11.104 s


Statistics:
  fps step                    : 16,131
  fps step + policy inference : 15,888
  fps total                   : 14,755
  epoch                       : 1,487 / 2,000
  frames                      : 243,630,080


Policy 0: 
Timing:
  Play time               : 10.496 s
  Update time             : 0.852 s
  Time to train epoch     : 11.348 s


Statistics:
  fps step                    : 16,065
  fps step + policy inference : 15,610
  fps total                   : 14,438
  epoch                       : 1,488 / 2,000
  frames                      : 243,793,920


Policy 0: 
Timing:
  Play time               : 10.341 s
  Update time             : 0.889 s
  Time to train epoch     : 11.231 s


Statistics:
  fps step                    : 16,105
  fps step + policy inference : 15,843
  fps total                   : 14,589
  epoch                       : 1,489 / 2,000
  frames                      : 243,957,760


Policy 0: 
Timing:
  Play time               : 10.329 s
  Update time             : 0.824 s
  Time to train epoch     : 11.153 s


Statistics:
  fps step                    : 16,105
  fps step + policy inference : 15,862
  fps total                   : 14,690
  epoch                       : 1,490 / 2,000
  frames                      : 244,121,600


Policy 0: 
Timing:
  Play time               : 10.322 s
  Update time             : 0.792 s
  Time to train epoch     : 11.114 s


Statistics:
  fps step                    : 16,115
  fps step + policy inference : 15,873
  fps total                   : 14,741
  epoch                       : 1,491 / 2,000
  frames                      : 244,285,440


Policy 0: 
Timing:
  Play time               : 10.307 s
  Update time             : 0.846 s
  Time to train epoch     : 11.153 s


Statistics:
  fps step                    : 16,137
  fps step + policy inference : 15,896
  fps total                   : 14,690
  epoch                       : 1,492 / 2,000
  frames                      : 244,449,280


Policy 0: 
Timing:
  Play time               : 10.332 s
  Update time             : 0.862 s
  Time to train epoch     : 11.194 s


Statistics:
  fps step                    : 16,108
  fps step + policy inference : 15,857
  fps total                   : 14,636
  epoch                       : 1,493 / 2,000
  frames                      : 244,613,120


Policy 0: 
Timing:
  Play time               : 10.282 s
  Update time             : 0.798 s
  Time to train epoch     : 11.080 s


Statistics:
  fps step                    : 16,171
  fps step + policy inference : 15,935
  fps total                   : 14,787
  epoch                       : 1,494 / 2,000
  frames                      : 244,776,960


Policy 0: 
Timing:
  Play time               : 10.294 s
  Update time             : 0.757 s
  Time to train epoch     : 11.051 s


Statistics:
  fps step                    : 16,153
  fps step + policy inference : 15,916
  fps total                   : 14,825
  epoch                       : 1,495 / 2,000
  frames                      : 244,940,800


Policy 0: 
Timing:
  Play time               : 10.399 s
  Update time             : 0.806 s
  Time to train epoch     : 11.205 s


Statistics:
  fps step                    : 16,003
  fps step + policy inference : 15,755
  fps total                   : 14,622
  epoch                       : 1,496 / 2,000
  frames                      : 245,104,640


Policy 0: 
Timing:
  Play time               : 10.398 s
  Update time             : 0.757 s
  Time to train epoch     : 11.155 s


Statistics:
  fps step                    : 15,996
  fps step + policy inference : 15,756
  fps total                   : 14,687
  epoch                       : 1,497 / 2,000
  frames                      : 245,268,480


Policy 0: 
Timing:
  Play time               : 10.390 s
  Update time             : 0.766 s
  Time to train epoch     : 11.156 s


Statistics:
  fps step                    : 16,008
  fps step + policy inference : 15,769
  fps total                   : 14,686
  epoch                       : 1,498 / 2,000
  frames                      : 245,432,320


Policy 0: 
Timing:
  Play time               : 10.430 s
  Update time             : 0.861 s
  Time to train epoch     : 11.291 s


Statistics:
  fps step                    : 15,951
  fps step + policy inference : 15,708
  fps total                   : 14,510
  epoch                       : 1,499 / 2,000
  frames                      : 245,596,160


Policy 0: 
Timing:
  Play time               : 10.449 s
  Update time             : 0.881 s
  Time to train epoch     : 11.330 s


Statistics:
  fps step                    : 15,915
  fps step + policy inference : 15,680
  fps total                   : 14,461
  epoch                       : 1,500 / 2,000
  frames                      : 245,760,000


Policy 0: Saved recovery checkpoint runs/hold_r3_dense1_seed2902/checkpoints/epoch_001500.pth; evaluation_due=False

Timing:
  Play time               : 10.435 s
  Update time             : 0.843 s
  Time to train epoch     : 11.278 s


Statistics:
  fps step                    : 15,955
  fps step + policy inference : 15,701
  fps total                   : 14,528
  epoch                       : 1,501 / 2,000
  frames                      : 245,923,840


Policy 0: 
Timing:
  Play time               : 10.572 s
  Update time             : 0.786 s
  Time to train epoch     : 11.358 s


Statistics:
  fps step                    : 15,728
  fps step + policy inference : 15,497
  fps total                   : 14,425
  epoch                       : 1,502 / 2,000
  frames                      : 246,087,680


Policy 0: 
Timing:
  Play time               : 10.543 s
  Update time             : 0.778 s
  Time to train epoch     : 11.321 s


Statistics:
  fps step                    : 15,780
  fps step + policy inference : 15,540
  fps total                   : 14,472
  epoch                       : 1,503 / 2,000
  frames                      : 246,251,520


Policy 0: 
Timing:
  Play time               : 10.714 s
  Update time             : 0.775 s
  Time to train epoch     : 11.489 s


Statistics:
  fps step                    : 15,581
  fps step + policy inference : 15,292
  fps total                   : 14,261
  epoch                       : 1,504 / 2,000
  frames                      : 246,415,360


Policy 0: 
Timing:
  Play time               : 10.565 s
  Update time             : 0.787 s
  Time to train epoch     : 11.351 s


Statistics:
  fps step                    : 15,741
  fps step + policy inference : 15,509
  fps total                   : 14,434
  epoch                       : 1,505 / 2,000
  frames                      : 246,579,200


Policy 0: 
Timing:
  Play time               : 10.565 s
  Update time             : 0.901 s
  Time to train epoch     : 11.466 s


Statistics:
  fps step                    : 15,742
  fps step + policy inference : 15,507
  fps total                   : 14,289
  epoch                       : 1,506 / 2,000
  frames                      : 246,743,040


Policy 0: 
Timing:
  Play time               : 10.543 s
  Update time             : 0.998 s
  Time to train epoch     : 11.541 s


Statistics:
  fps step                    : 15,993
  fps step + policy inference : 15,540
  fps total                   : 14,196
  epoch                       : 1,507 / 2,000
  frames                      : 246,906,880


Policy 0: 
Timing:
  Play time               : 10.374 s
  Update time             : 0.911 s
  Time to train epoch     : 11.285 s


Statistics:
  fps step                    : 16,050
  fps step + policy inference : 15,794
  fps total                   : 14,519
  epoch                       : 1,508 / 2,000
  frames                      : 247,070,720


Policy 0: 
Timing:
  Play time               : 10.355 s
  Update time             : 0.856 s
  Time to train epoch     : 11.211 s


Statistics:
  fps step                    : 16,070
  fps step + policy inference : 15,822
  fps total                   : 14,614
  epoch                       : 1,509 / 2,000
  frames                      : 247,234,560


Policy 0: 
Timing:
  Play time               : 10.320 s
  Update time             : 0.774 s
  Time to train epoch     : 11.095 s


Statistics:
  fps step                    : 16,121
  fps step + policy inference : 15,876
  fps total                   : 14,768
  epoch                       : 1,510 / 2,000
  frames                      : 247,398,400


Policy 0: 
Timing:
  Play time               : 10.296 s
  Update time             : 0.781 s
  Time to train epoch     : 11.078 s


Statistics:
  fps step                    : 16,156
  fps step + policy inference : 15,912
  fps total                   : 14,790
  epoch                       : 1,511 / 2,000
  frames                      : 247,562,240


Policy 0: 
Timing:
  Play time               : 10.336 s
  Update time             : 0.771 s
  Time to train epoch     : 11.107 s


Statistics:
  fps step                    : 16,097
  fps step + policy inference : 15,852
  fps total                   : 14,751
  epoch                       : 1,512 / 2,000
  frames                      : 247,726,080


Policy 0: 
Timing:
  Play time               : 10.234 s
  Update time             : 0.688 s
  Time to train epoch     : 10.922 s


Statistics:
  fps step                    : 16,241
  fps step + policy inference : 16,009
  fps total                   : 15,000
  epoch                       : 1,513 / 2,000
  frames                      : 247,889,920


Policy 0: 
Timing:
  Play time               : 10.310 s
  Update time             : 0.790 s
  Time to train epoch     : 11.100 s


Statistics:
  fps step                    : 16,132
  fps step + policy inference : 15,892
  fps total                   : 14,761
  epoch                       : 1,514 / 2,000
  frames                      : 248,053,760


Policy 0: 
Timing:
  Play time               : 10.330 s
  Update time             : 0.908 s
  Time to train epoch     : 11.238 s


Statistics:
  fps step                    : 16,101
  fps step + policy inference : 15,860
  fps total                   : 14,578
  epoch                       : 1,515 / 2,000
  frames                      : 248,217,600


Policy 0: 
Timing:
  Play time               : 10.415 s
  Update time             : 0.888 s
  Time to train epoch     : 11.303 s


Statistics:
  fps step                    : 15,967
  fps step + policy inference : 15,731
  fps total                   : 14,495
  epoch                       : 1,516 / 2,000
  frames                      : 248,381,440


Policy 0: 
Timing:
  Play time               : 10.375 s
  Update time             : 0.855 s
  Time to train epoch     : 11.230 s


Statistics:
  fps step                    : 16,036
  fps step + policy inference : 15,792
  fps total                   : 14,589
  epoch                       : 1,517 / 2,000
  frames                      : 248,545,280


Policy 0: 
Timing:
  Play time               : 10.348 s
  Update time             : 0.782 s
  Time to train epoch     : 11.130 s


Statistics:
  fps step                    : 16,074
  fps step + policy inference : 15,833
  fps total                   : 14,720
  epoch                       : 1,518 / 2,000
  frames                      : 248,709,120


Policy 0: 
Timing:
  Play time               : 10.326 s
  Update time             : 0.747 s
  Time to train epoch     : 11.073 s


Statistics:
  fps step                    : 16,108
  fps step + policy inference : 15,867
  fps total                   : 14,796
  epoch                       : 1,519 / 2,000
  frames                      : 248,872,960


Policy 0: 
Timing:
  Play time               : 10.313 s
  Update time             : 0.733 s
  Time to train epoch     : 11.047 s


Statistics:
  fps step                    : 16,124
  fps step + policy inference : 15,886
  fps total                   : 14,832
  epoch                       : 1,520 / 2,000
  frames                      : 249,036,800


Policy 0: 
Timing:
  Play time               : 10.350 s
  Update time             : 0.833 s
  Time to train epoch     : 11.183 s


Statistics:
  fps step                    : 16,075
  fps step + policy inference : 15,830
  fps total                   : 14,651
  epoch                       : 1,521 / 2,000
  frames                      : 249,200,640


Policy 0: 
Timing:
  Play time               : 10.341 s
  Update time             : 0.871 s
  Time to train epoch     : 11.212 s


Statistics:
  fps step                    : 16,087
  fps step + policy inference : 15,844
  fps total                   : 14,613
  epoch                       : 1,522 / 2,000
  frames                      : 249,364,480


Policy 0: 
Timing:
  Play time               : 10.316 s
  Update time             : 0.861 s
  Time to train epoch     : 11.177 s


Statistics:
  fps step                    : 16,129
  fps step + policy inference : 15,882
  fps total                   : 14,658
  epoch                       : 1,523 / 2,000
  frames                      : 249,528,320


Policy 0: 
Timing:
  Play time               : 10.366 s
  Update time             : 0.845 s
  Time to train epoch     : 11.211 s


Statistics:
  fps step                    : 16,047
  fps step + policy inference : 15,805
  fps total                   : 14,614
  epoch                       : 1,524 / 2,000
  frames                      : 249,692,160


Policy 0: 
Timing:
  Play time               : 10.468 s
  Update time             : 0.810 s
  Time to train epoch     : 11.279 s


Statistics:
  fps step                    : 16,069
  fps step + policy inference : 15,651
  fps total                   : 14,527
  epoch                       : 1,525 / 2,000
  frames                      : 249,856,000


Policy 0: saving next best rewards:  [962.55]
=> saving checkpoint 'runs/hold_r3_dense1_seed2902/nn/hold_r3_dense1_seed2902.pth'

Timing:
  Play time               : 10.445 s
  Update time             : 0.984 s
  Time to train epoch     : 11.429 s


Statistics:
  fps step                    : 15,970
  fps step + policy inference : 15,686
  fps total                   : 14,335
  epoch                       : 1,526 / 2,000
  frames                      : 250,019,840


Policy 0: 
Timing:
  Play time               : 10.360 s
  Update time             : 0.829 s
  Time to train epoch     : 11.189 s


Statistics:
  fps step                    : 16,061
  fps step + policy inference : 15,814
  fps total                   : 14,643
  epoch                       : 1,527 / 2,000
  frames                      : 250,183,680


Policy 0: 
Timing:
  Play time               : 10.340 s
  Update time             : 0.812 s
  Time to train epoch     : 11.152 s


Statistics:
  fps step                    : 16,090
  fps step + policy inference : 15,846
  fps total                   : 14,692
  epoch                       : 1,528 / 2,000
  frames                      : 250,347,520


Policy 0: 
Timing:
  Play time               : 10.360 s
  Update time             : 0.877 s
  Time to train epoch     : 11.237 s


Statistics:
  fps step                    : 16,055
  fps step + policy inference : 15,815
  fps total                   : 14,581
  epoch                       : 1,529 / 2,000
  frames                      : 250,511,360


Policy 0: 
Timing:
  Play time               : 10.462 s
  Update time             : 0.865 s
  Time to train epoch     : 11.327 s


Statistics:
  fps step                    : 15,895
  fps step + policy inference : 15,661
  fps total                   : 14,464
  epoch                       : 1,530 / 2,000
  frames                      : 250,675,200


Policy 0: 
Timing:
  Play time               : 10.798 s
  Update time             : 0.837 s
  Time to train epoch     : 11.635 s


Statistics:
  fps step                    : 15,393
  fps step + policy inference : 15,173
  fps total                   : 14,082
  epoch                       : 1,531 / 2,000
  frames                      : 250,839,040


Policy 0: 
Timing:
  Play time               : 10.761 s
  Update time             : 0.776 s
  Time to train epoch     : 11.537 s


Statistics:
  fps step                    : 15,434
  fps step + policy inference : 15,225
  fps total                   : 14,201
  epoch                       : 1,532 / 2,000
  frames                      : 251,002,880


Policy 0: 
Timing:
  Play time               : 10.833 s
  Update time             : 0.779 s
  Time to train epoch     : 11.612 s


Statistics:
  fps step                    : 15,347
  fps step + policy inference : 15,124
  fps total                   : 14,110
  epoch                       : 1,533 / 2,000
  frames                      : 251,166,720


Policy 0: 
Timing:
  Play time               : 10.880 s
  Update time             : 0.790 s
  Time to train epoch     : 11.670 s


Statistics:
  fps step                    : 15,281
  fps step + policy inference : 15,058
  fps total                   : 14,039
  epoch                       : 1,534 / 2,000
  frames                      : 251,330,560


Policy 0: 
Timing:
  Play time               : 10.887 s
  Update time             : 0.750 s
  Time to train epoch     : 11.637 s


Statistics:
  fps step                    : 15,266
  fps step + policy inference : 15,049
  fps total                   : 14,079
  epoch                       : 1,535 / 2,000
  frames                      : 251,494,400


Policy 0: 
Timing:
  Play time               : 10.844 s
  Update time             : 0.781 s
  Time to train epoch     : 11.626 s


Statistics:
  fps step                    : 15,328
  fps step + policy inference : 15,108
  fps total                   : 14,093
  epoch                       : 1,536 / 2,000
  frames                      : 251,658,240


Policy 0: 
Timing:
  Play time               : 10.527 s
  Update time             : 0.866 s
  Time to train epoch     : 11.393 s


Statistics:
  fps step                    : 15,799
  fps step + policy inference : 15,563
  fps total                   : 14,381
  epoch                       : 1,537 / 2,000
  frames                      : 251,822,080


Policy 0: 
Timing:
  Play time               : 10.417 s
  Update time             : 0.883 s
  Time to train epoch     : 11.300 s


Statistics:
  fps step                    : 15,965
  fps step + policy inference : 15,728
  fps total                   : 14,499
  epoch                       : 1,538 / 2,000
  frames                      : 251,985,920


Policy 0: 
Timing:
  Play time               : 10.477 s
  Update time             : 0.871 s
  Time to train epoch     : 11.348 s


Statistics:
  fps step                    : 15,873
  fps step + policy inference : 15,638
  fps total                   : 14,438
  epoch                       : 1,539 / 2,000
  frames                      : 252,149,760


Policy 0: 
Timing:
  Play time               : 10.837 s
  Update time             : 0.833 s
  Time to train epoch     : 11.670 s


Statistics:
  fps step                    : 15,344
  fps step + policy inference : 15,118
  fps total                   : 14,039
  epoch                       : 1,540 / 2,000
  frames                      : 252,313,600


Policy 0: 
Timing:
  Play time               : 10.428 s
  Update time             : 0.781 s
  Time to train epoch     : 11.209 s


Statistics:
  fps step                    : 15,949
  fps step + policy inference : 15,711
  fps total                   : 14,617
  epoch                       : 1,541 / 2,000
  frames                      : 252,477,440


Policy 0: 
Timing:
  Play time               : 10.354 s
  Update time             : 0.776 s
  Time to train epoch     : 11.130 s


Statistics:
  fps step                    : 16,065
  fps step + policy inference : 15,824
  fps total                   : 14,720
  epoch                       : 1,542 / 2,000
  frames                      : 252,641,280


Policy 0: 
Timing:
  Play time               : 10.374 s
  Update time             : 0.831 s
  Time to train epoch     : 11.204 s


Statistics:
  fps step                    : 16,035
  fps step + policy inference : 15,794
  fps total                   : 14,623
  epoch                       : 1,543 / 2,000
  frames                      : 252,805,120


Policy 0: 
Timing:
  Play time               : 10.499 s
  Update time             : 0.826 s
  Time to train epoch     : 11.326 s


Statistics:
  fps step                    : 16,040
  fps step + policy inference : 15,605
  fps total                   : 14,466
  epoch                       : 1,544 / 2,000
  frames                      : 252,968,960


Policy 0: saving next best rewards:  [963.16]
=> saving checkpoint 'runs/hold_r3_dense1_seed2902/nn/hold_r3_dense1_seed2902.pth'

Timing:
  Play time               : 10.353 s
  Update time             : 0.981 s
  Time to train epoch     : 11.333 s


Statistics:
  fps step                    : 16,093
  fps step + policy inference : 15,826
  fps total                   : 14,457
  epoch                       : 1,545 / 2,000
  frames                      : 253,132,800


Policy 0: 
Timing:
  Play time               : 10.355 s
  Update time             : 0.952 s
  Time to train epoch     : 11.307 s


Statistics:
  fps step                    : 16,066
  fps step + policy inference : 15,822
  fps total                   : 14,490
  epoch                       : 1,546 / 2,000
  frames                      : 253,296,640


Policy 0: 
Timing:
  Play time               : 10.295 s
  Update time             : 0.885 s
  Time to train epoch     : 11.180 s


Statistics:
  fps step                    : 16,149
  fps step + policy inference : 15,914
  fps total                   : 14,654
  epoch                       : 1,547 / 2,000
  frames                      : 253,460,480


Policy 0: 
Timing:
  Play time               : 10.321 s
  Update time             : 0.813 s
  Time to train epoch     : 11.134 s


Statistics:
  fps step                    : 16,113
  fps step + policy inference : 15,874
  fps total                   : 14,716
  epoch                       : 1,548 / 2,000
  frames                      : 253,624,320


Policy 0: 
Timing:
  Play time               : 10.323 s
  Update time             : 0.774 s
  Time to train epoch     : 11.097 s


Statistics:
  fps step                    : 16,114
  fps step + policy inference : 15,872
  fps total                   : 14,765
  epoch                       : 1,549 / 2,000
  frames                      : 253,788,160


Policy 0: 
Timing:
  Play time               : 10.295 s
  Update time             : 0.760 s
  Time to train epoch     : 11.055 s


Statistics:
  fps step                    : 16,150
  fps step + policy inference : 15,914
  fps total                   : 14,820
  epoch                       : 1,550 / 2,000
  frames                      : 253,952,000


Policy 0: 
Timing:
  Play time               : 10.271 s
  Update time             : 0.728 s
  Time to train epoch     : 10.999 s


Statistics:
  fps step                    : 16,181
  fps step + policy inference : 15,951
  fps total                   : 14,896
  epoch                       : 1,551 / 2,000
  frames                      : 254,115,840


Policy 0: 
Timing:
  Play time               : 10.331 s
  Update time             : 0.797 s
  Time to train epoch     : 11.128 s


Statistics:
  fps step                    : 16,098
  fps step + policy inference : 15,859
  fps total                   : 14,723
  epoch                       : 1,552 / 2,000
  frames                      : 254,279,680


Policy 0: 
Timing:
  Play time               : 10.326 s
  Update time             : 0.789 s
  Time to train epoch     : 11.114 s


Statistics:
  fps step                    : 16,105
  fps step + policy inference : 15,867
  fps total                   : 14,741
  epoch                       : 1,553 / 2,000
  frames                      : 254,443,520


Policy 0: 
Timing:
  Play time               : 10.321 s
  Update time             : 0.886 s
  Time to train epoch     : 11.207 s


Statistics:
  fps step                    : 16,111
  fps step + policy inference : 15,874
  fps total                   : 14,619
  epoch                       : 1,554 / 2,000
  frames                      : 254,607,360


Policy 0: 
Timing:
  Play time               : 10.294 s
  Update time             : 0.917 s
  Time to train epoch     : 11.210 s


Statistics:
  fps step                    : 16,157
  fps step + policy inference : 15,917
  fps total                   : 14,616
  epoch                       : 1,555 / 2,000
  frames                      : 254,771,200


Policy 0: 
Timing:
  Play time               : 10.322 s
  Update time             : 0.855 s
  Time to train epoch     : 11.177 s


Statistics:
  fps step                    : 16,116
  fps step + policy inference : 15,873
  fps total                   : 14,659
  epoch                       : 1,556 / 2,000
  frames                      : 254,935,040


Policy 0: 
Timing:
  Play time               : 10.272 s
  Update time             : 0.768 s
  Time to train epoch     : 11.041 s


Statistics:
  fps step                    : 16,190
  fps step + policy inference : 15,950
  fps total                   : 14,840
  epoch                       : 1,557 / 2,000
  frames                      : 255,098,880


Policy 0: 
Timing:
  Play time               : 10.322 s
  Update time             : 0.795 s
  Time to train epoch     : 11.117 s


Statistics:
  fps step                    : 16,117
  fps step + policy inference : 15,872
  fps total                   : 14,738
  epoch                       : 1,558 / 2,000
  frames                      : 255,262,720


Policy 0: 
Timing:
  Play time               : 10.339 s
  Update time             : 0.777 s
  Time to train epoch     : 11.116 s


Statistics:
  fps step                    : 16,084
  fps step + policy inference : 15,847
  fps total                   : 14,739
  epoch                       : 1,559 / 2,000
  frames                      : 255,426,560


Policy 0: 
Timing:
  Play time               : 10.330 s
  Update time             : 0.775 s
  Time to train epoch     : 11.105 s


Statistics:
  fps step                    : 16,102
  fps step + policy inference : 15,861
  fps total                   : 14,754
  epoch                       : 1,560 / 2,000
  frames                      : 255,590,400


Policy 0: 
Timing:
  Play time               : 10.352 s
  Update time             : 0.783 s
  Time to train epoch     : 11.136 s


Statistics:
  fps step                    : 16,063
  fps step + policy inference : 15,826
  fps total                   : 14,713
  epoch                       : 1,561 / 2,000
  frames                      : 255,754,240


Policy 0: 
Timing:
  Play time               : 10.336 s
  Update time             : 0.856 s
  Time to train epoch     : 11.192 s


Statistics:
  fps step                    : 16,091
  fps step + policy inference : 15,852
  fps total                   : 14,640
  epoch                       : 1,562 / 2,000
  frames                      : 255,918,080


Policy 0: 
Timing:
  Play time               : 10.502 s
  Update time             : 0.939 s
  Time to train epoch     : 11.440 s


Statistics:
  fps step                    : 16,033
  fps step + policy inference : 15,602
  fps total                   : 14,321
  epoch                       : 1,563 / 2,000
  frames                      : 256,081,920


Policy 0: saving next best rewards:  [963.41]
=> saving checkpoint 'runs/hold_r3_dense1_seed2902/nn/hold_r3_dense1_seed2902.pth'

Timing:
  Play time               : 10.369 s
  Update time             : 0.999 s
  Time to train epoch     : 11.367 s


Statistics:
  fps step                    : 16,057
  fps step + policy inference : 15,802
  fps total                   : 14,414
  epoch                       : 1,564 / 2,000
  frames                      : 256,245,760


Policy 0: 
Timing:
  Play time               : 10.353 s
  Update time             : 0.897 s
  Time to train epoch     : 11.250 s


Statistics:
  fps step                    : 16,063
  fps step + policy inference : 15,825
  fps total                   : 14,564
  epoch                       : 1,565 / 2,000
  frames                      : 256,409,600


Policy 0: 
Timing:
  Play time               : 10.349 s
  Update time             : 0.806 s
  Time to train epoch     : 11.155 s


Statistics:
  fps step                    : 16,066
  fps step + policy inference : 15,832
  fps total                   : 14,688
  epoch                       : 1,566 / 2,000
  frames                      : 256,573,440


Policy 0: 
Timing:
  Play time               : 10.364 s
  Update time             : 0.799 s
  Time to train epoch     : 11.163 s


Statistics:
  fps step                    : 16,045
  fps step + policy inference : 15,808
  fps total                   : 14,677
  epoch                       : 1,567 / 2,000
  frames                      : 256,737,280


Policy 0: saving next best rewards:  [963.81]
=> saving checkpoint 'runs/hold_r3_dense1_seed2902/nn/hold_r3_dense1_seed2902.pth'

Timing:
  Play time               : 10.363 s
  Update time             : 0.781 s
  Time to train epoch     : 11.145 s


Statistics:
  fps step                    : 16,046
  fps step + policy inference : 15,810
  fps total                   : 14,701
  epoch                       : 1,568 / 2,000
  frames                      : 256,901,120


Policy 0: 
Timing:
  Play time               : 10.306 s
  Update time             : 0.711 s
  Time to train epoch     : 11.016 s


Statistics:
  fps step                    : 16,131
  fps step + policy inference : 15,898
  fps total                   : 14,872
  epoch                       : 1,569 / 2,000
  frames                      : 257,064,960


Policy 0: saving next best rewards:  [963.93]
=> saving checkpoint 'runs/hold_r3_dense1_seed2902/nn/hold_r3_dense1_seed2902.pth'

Timing:
  Play time               : 10.281 s
  Update time             : 0.732 s
  Time to train epoch     : 11.013 s


Statistics:
  fps step                    : 16,164
  fps step + policy inference : 15,936
  fps total                   : 14,878
  epoch                       : 1,570 / 2,000
  frames                      : 257,228,800


Policy 0: saving next best rewards:  [964.07]
=> saving checkpoint 'runs/hold_r3_dense1_seed2902/nn/hold_r3_dense1_seed2902.pth'

Timing:
  Play time               : 10.355 s
  Update time             : 0.865 s
  Time to train epoch     : 11.220 s


Statistics:
  fps step                    : 16,064
  fps step + policy inference : 15,823
  fps total                   : 14,603
  epoch                       : 1,571 / 2,000
  frames                      : 257,392,640


Policy 0: 
Timing:
  Play time               : 10.337 s
  Update time             : 0.924 s
  Time to train epoch     : 11.261 s


Statistics:
  fps step                    : 16,093
  fps step + policy inference : 15,850
  fps total                   : 14,549
  epoch                       : 1,572 / 2,000
  frames                      : 257,556,480


Policy 0: 
Timing:
  Play time               : 10.348 s
  Update time             : 0.883 s
  Time to train epoch     : 11.231 s


Statistics:
  fps step                    : 16,070
  fps step + policy inference : 15,833
  fps total                   : 14,589
  epoch                       : 1,573 / 2,000
  frames                      : 257,720,320


Policy 0: 
Timing:
  Play time               : 10.352 s
  Update time             : 0.792 s
  Time to train epoch     : 11.145 s


Statistics:
  fps step                    : 16,067
  fps step + policy inference : 15,826
  fps total                   : 14,701
  epoch                       : 1,574 / 2,000
  frames                      : 257,884,160


Policy 0: 
Timing:
  Play time               : 10.343 s
  Update time             : 0.771 s
  Time to train epoch     : 11.114 s


Statistics:
  fps step                    : 16,077
  fps step + policy inference : 15,840
  fps total                   : 14,741
  epoch                       : 1,575 / 2,000
  frames                      : 258,048,000


Policy 0: 
Timing:
  Play time               : 10.335 s
  Update time             : 0.826 s
  Time to train epoch     : 11.161 s


Statistics:
  fps step                    : 16,095
  fps step + policy inference : 15,854
  fps total                   : 14,680
  epoch                       : 1,576 / 2,000
  frames                      : 258,211,840


Policy 0: 
Timing:
  Play time               : 10.362 s
  Update time             : 0.835 s
  Time to train epoch     : 11.197 s


Statistics:
  fps step                    : 16,051
  fps step + policy inference : 15,812
  fps total                   : 14,633
  epoch                       : 1,577 / 2,000
  frames                      : 258,375,680


Policy 0: saving next best rewards:  [964.18]
=> saving checkpoint 'runs/hold_r3_dense1_seed2902/nn/hold_r3_dense1_seed2902.pth'

Timing:
  Play time               : 10.352 s
  Update time             : 0.833 s
  Time to train epoch     : 11.185 s


Statistics:
  fps step                    : 16,065
  fps step + policy inference : 15,827
  fps total                   : 14,648
  epoch                       : 1,578 / 2,000
  frames                      : 258,539,520


Policy 0: 
Timing:
  Play time               : 10.365 s
  Update time             : 0.875 s
  Time to train epoch     : 11.240 s


Statistics:
  fps step                    : 16,045
  fps step + policy inference : 15,807
  fps total                   : 14,576
  epoch                       : 1,579 / 2,000
  frames                      : 258,703,360


Policy 0: saving next best rewards:  [964.26]
=> saving checkpoint 'runs/hold_r3_dense1_seed2902/nn/hold_r3_dense1_seed2902.pth'

Timing:
  Play time               : 10.365 s
  Update time             : 0.886 s
  Time to train epoch     : 11.250 s


Statistics:
  fps step                    : 16,046
  fps step + policy inference : 15,808
  fps total                   : 14,563
  epoch                       : 1,580 / 2,000
  frames                      : 258,867,200


Policy 0: saving next best rewards:  [964.46]
=> saving checkpoint 'runs/hold_r3_dense1_seed2902/nn/hold_r3_dense1_seed2902.pth'

Timing:
  Play time               : 10.365 s
  Update time             : 0.831 s
  Time to train epoch     : 11.196 s


Statistics:
  fps step                    : 16,045
  fps step + policy inference : 15,807
  fps total                   : 14,634
  epoch                       : 1,581 / 2,000
  frames                      : 259,031,040


Policy 0: saving next best rewards:  [964.47]
=> saving checkpoint 'runs/hold_r3_dense1_seed2902/nn/hold_r3_dense1_seed2902.pth'

Timing:
  Play time               : 10.536 s
  Update time             : 0.919 s
  Time to train epoch     : 11.455 s


Statistics:
  fps step                    : 15,987
  fps step + policy inference : 15,550
  fps total                   : 14,303
  epoch                       : 1,582 / 2,000
  frames                      : 259,194,880


Policy 0: saving next best rewards:  [968.62]
=> saving checkpoint 'runs/hold_r3_dense1_seed2902/nn/hold_r3_dense1_seed2902.pth'

Timing:
  Play time               : 10.383 s
  Update time             : 0.846 s
  Time to train epoch     : 11.229 s


Statistics:
  fps step                    : 16,029
  fps step + policy inference : 15,780
  fps total                   : 14,591
  epoch                       : 1,583 / 2,000
  frames                      : 259,358,720


Policy 0: saving next best rewards:  [968.81]
=> saving checkpoint 'runs/hold_r3_dense1_seed2902/nn/hold_r3_dense1_seed2902.pth'

Timing:
  Play time               : 10.359 s
  Update time             : 0.817 s
  Time to train epoch     : 11.176 s


Statistics:
  fps step                    : 16,056
  fps step + policy inference : 15,816
  fps total                   : 14,660
  epoch                       : 1,584 / 2,000
  frames                      : 259,522,560


Policy 0: 
Timing:
  Play time               : 10.347 s
  Update time             : 0.785 s
  Time to train epoch     : 11.132 s


Statistics:
  fps step                    : 16,067
  fps step + policy inference : 15,835
  fps total                   : 14,718
  epoch                       : 1,585 / 2,000
  frames                      : 259,686,400


Policy 0: saving next best rewards:  [968.82]
=> saving checkpoint 'runs/hold_r3_dense1_seed2902/nn/hold_r3_dense1_seed2902.pth'

Timing:
  Play time               : 10.345 s
  Update time             : 0.831 s
  Time to train epoch     : 11.176 s


Statistics:
  fps step                    : 16,071
  fps step + policy inference : 15,838
  fps total                   : 14,660
  epoch                       : 1,586 / 2,000
  frames                      : 259,850,240


Policy 0: 
Timing:
  Play time               : 10.324 s
  Update time             : 0.877 s
  Time to train epoch     : 11.201 s


Statistics:
  fps step                    : 16,110
  fps step + policy inference : 15,870
  fps total                   : 14,628
  epoch                       : 1,587 / 2,000
  frames                      : 260,014,080


Policy 0: 
Timing:
  Play time               : 10.289 s
  Update time             : 0.803 s
  Time to train epoch     : 11.092 s


Statistics:
  fps step                    : 16,148
  fps step + policy inference : 15,923
  fps total                   : 14,771
  epoch                       : 1,588 / 2,000
  frames                      : 260,177,920


Policy 0: 
Timing:
  Play time               : 10.351 s
  Update time             : 0.768 s
  Time to train epoch     : 11.119 s


Statistics:
  fps step                    : 16,063
  fps step + policy inference : 15,828
  fps total                   : 14,735
  epoch                       : 1,589 / 2,000
  frames                      : 260,341,760


Policy 0: 
Timing:
  Play time               : 10.359 s
  Update time             : 0.821 s
  Time to train epoch     : 11.180 s


Statistics:
  fps step                    : 16,062
  fps step + policy inference : 15,816
  fps total                   : 14,654
  epoch                       : 1,590 / 2,000
  frames                      : 260,505,600


Policy 0: 
Timing:
  Play time               : 10.329 s
  Update time             : 0.786 s
  Time to train epoch     : 11.115 s


Statistics:
  fps step                    : 16,099
  fps step + policy inference : 15,863
  fps total                   : 14,741
  epoch                       : 1,591 / 2,000
  frames                      : 260,669,440


Policy 0: 
Timing:
  Play time               : 10.385 s
  Update time             : 0.790 s
  Time to train epoch     : 11.174 s


Statistics:
  fps step                    : 16,017
  fps step + policy inference : 15,777
  fps total                   : 14,662
  epoch                       : 1,592 / 2,000
  frames                      : 260,833,280


Policy 0: 
Timing:
  Play time               : 10.347 s
  Update time             : 0.799 s
  Time to train epoch     : 11.146 s


Statistics:
  fps step                    : 16,072
  fps step + policy inference : 15,834
  fps total                   : 14,699
  epoch                       : 1,593 / 2,000
  frames                      : 260,997,120


Policy 0: 
Timing:
  Play time               : 10.346 s
  Update time             : 0.802 s
  Time to train epoch     : 11.148 s


Statistics:
  fps step                    : 16,077
  fps step + policy inference : 15,836
  fps total                   : 14,697
  epoch                       : 1,594 / 2,000
  frames                      : 261,160,960


Policy 0: 
Timing:
  Play time               : 10.339 s
  Update time             : 0.904 s
  Time to train epoch     : 11.243 s


Statistics:
  fps step                    : 16,088
  fps step + policy inference : 15,847
  fps total                   : 14,573
  epoch                       : 1,595 / 2,000
  frames                      : 261,324,800


Policy 0: 
Timing:
  Play time               : 10.403 s
  Update time             : 0.883 s
  Time to train epoch     : 11.286 s


Statistics:
  fps step                    : 16,001
  fps step + policy inference : 15,750
  fps total                   : 14,517
  epoch                       : 1,596 / 2,000
  frames                      : 261,488,640


Policy 0: 
Timing:
  Play time               : 10.339 s
  Update time             : 0.847 s
  Time to train epoch     : 11.186 s


Statistics:
  fps step                    : 16,086
  fps step + policy inference : 15,846
  fps total                   : 14,647
  epoch                       : 1,597 / 2,000
  frames                      : 261,652,480


Policy 0: 
Timing:
  Play time               : 10.348 s
  Update time             : 0.746 s
  Time to train epoch     : 11.094 s


Statistics:
  fps step                    : 16,071
  fps step + policy inference : 15,833
  fps total                   : 14,769
  epoch                       : 1,598 / 2,000
  frames                      : 261,816,320


Policy 0: 
Timing:
  Play time               : 10.344 s
  Update time             : 0.789 s
  Time to train epoch     : 11.133 s


Statistics:
  fps step                    : 16,083
  fps step + policy inference : 15,839
  fps total                   : 14,717
  epoch                       : 1,599 / 2,000
  frames                      : 261,980,160


Policy 0: 
Timing:
  Play time               : 10.444 s
  Update time             : 0.814 s
  Time to train epoch     : 11.258 s


Statistics:
  fps step                    : 16,090
  fps step + policy inference : 15,688
  fps total                   : 14,553
  epoch                       : 1,600 / 2,000
  frames                      : 262,144,000


Policy 0: saving next best rewards:  [969.98]
=> saving checkpoint 'runs/hold_r3_dense1_seed2902/nn/hold_r3_dense1_seed2902.pth'

Timing:
  Play time               : 10.395 s
  Update time             : 0.947 s
  Time to train epoch     : 11.342 s


Statistics:
  fps step                    : 16,042
  fps step + policy inference : 15,761
  fps total                   : 14,445
  epoch                       : 1,601 / 2,000
  frames                      : 262,307,840


Policy 0: 
Timing:
  Play time               : 10.347 s
  Update time             : 0.888 s
  Time to train epoch     : 11.234 s


Statistics:
  fps step                    : 16,079
  fps step + policy inference : 15,835
  fps total                   : 14,584
  epoch                       : 1,602 / 2,000
  frames                      : 262,471,680


Policy 0: 
Timing:
  Play time               : 10.336 s
  Update time             : 0.884 s
  Time to train epoch     : 11.220 s


Statistics:
  fps step                    : 16,095
  fps step + policy inference : 15,851
  fps total                   : 14,602
  epoch                       : 1,603 / 2,000
  frames                      : 262,635,520


Policy 0: 
Timing:
  Play time               : 10.337 s
  Update time             : 0.894 s
  Time to train epoch     : 11.231 s


Statistics:
  fps step                    : 16,084
  fps step + policy inference : 15,850
  fps total                   : 14,589
  epoch                       : 1,604 / 2,000
  frames                      : 262,799,360


Policy 0: saving next best rewards:  [970.06]
=> saving checkpoint 'runs/hold_r3_dense1_seed2902/nn/hold_r3_dense1_seed2902.pth'

Timing:
  Play time               : 10.371 s
  Update time             : 0.898 s
  Time to train epoch     : 11.270 s


Statistics:
  fps step                    : 16,039
  fps step + policy inference : 15,797
  fps total                   : 14,538
  epoch                       : 1,605 / 2,000
  frames                      : 262,963,200


Policy 0: 
Timing:
  Play time               : 10.358 s
  Update time             : 0.763 s
  Time to train epoch     : 11.121 s


Statistics:
  fps step                    : 16,059
  fps step + policy inference : 15,818
  fps total                   : 14,733
  epoch                       : 1,606 / 2,000
  frames                      : 263,127,040


Policy 0: 
Timing:
  Play time               : 10.418 s
  Update time             : 0.737 s
  Time to train epoch     : 11.155 s


Statistics:
  fps step                    : 15,973
  fps step + policy inference : 15,727
  fps total                   : 14,688
  epoch                       : 1,607 / 2,000
  frames                      : 263,290,880


Policy 0: 
Timing:
  Play time               : 10.360 s
  Update time             : 0.798 s
  Time to train epoch     : 11.158 s


Statistics:
  fps step                    : 16,055
  fps step + policy inference : 15,815
  fps total                   : 14,683
  epoch                       : 1,608 / 2,000
  frames                      : 263,454,720


Policy 0: 
Timing:
  Play time               : 10.415 s
  Update time             : 0.821 s
  Time to train epoch     : 11.236 s


Statistics:
  fps step                    : 15,966
  fps step + policy inference : 15,732
  fps total                   : 14,582
  epoch                       : 1,609 / 2,000
  frames                      : 263,618,560


Policy 0: 
Timing:
  Play time               : 10.496 s
  Update time             : 0.800 s
  Time to train epoch     : 11.296 s


Statistics:
  fps step                    : 15,844
  fps step + policy inference : 15,610
  fps total                   : 14,505
  epoch                       : 1,610 / 2,000
  frames                      : 263,782,400


Policy 0: 
Timing:
  Play time               : 10.506 s
  Update time             : 0.788 s
  Time to train epoch     : 11.294 s


Statistics:
  fps step                    : 15,823
  fps step + policy inference : 15,595
  fps total                   : 14,507
  epoch                       : 1,611 / 2,000
  frames                      : 263,946,240


Policy 0: 
Timing:
  Play time               : 10.555 s
  Update time             : 0.873 s
  Time to train epoch     : 11.428 s


Statistics:
  fps step                    : 15,752
  fps step + policy inference : 15,522
  fps total                   : 14,336
  epoch                       : 1,612 / 2,000
  frames                      : 264,110,080


Policy 0: 
Timing:
  Play time               : 10.507 s
  Update time             : 0.903 s
  Time to train epoch     : 11.411 s


Statistics:
  fps step                    : 15,824
  fps step + policy inference : 15,593
  fps total                   : 14,359
  epoch                       : 1,613 / 2,000
  frames                      : 264,273,920


Policy 0: 
Timing:
  Play time               : 10.476 s
  Update time             : 0.892 s
  Time to train epoch     : 11.369 s


Statistics:
  fps step                    : 15,869
  fps step + policy inference : 15,639
  fps total                   : 14,412
  epoch                       : 1,614 / 2,000
  frames                      : 264,437,760


Policy 0: 
Timing:
  Play time               : 10.636 s
  Update time             : 0.823 s
  Time to train epoch     : 11.459 s


Statistics:
  fps step                    : 15,643
  fps step + policy inference : 15,404
  fps total                   : 14,297
  epoch                       : 1,615 / 2,000
  frames                      : 264,601,600


Policy 0: 
Timing:
  Play time               : 10.582 s
  Update time             : 0.765 s
  Time to train epoch     : 11.347 s


Statistics:
  fps step                    : 15,714
  fps step + policy inference : 15,483
  fps total                   : 14,439
  epoch                       : 1,616 / 2,000
  frames                      : 264,765,440


Policy 0: 
Timing:
  Play time               : 10.668 s
  Update time             : 0.805 s
  Time to train epoch     : 11.473 s


Statistics:
  fps step                    : 15,583
  fps step + policy inference : 15,359
  fps total                   : 14,280
  epoch                       : 1,617 / 2,000
  frames                      : 264,929,280


Policy 0: 
Timing:
  Play time               : 10.692 s
  Update time             : 0.816 s
  Time to train epoch     : 11.508 s


Statistics:
  fps step                    : 15,549
  fps step + policy inference : 15,324
  fps total                   : 14,237
  epoch                       : 1,618 / 2,000
  frames                      : 265,093,120


Policy 0: 
Timing:
  Play time               : 10.807 s
  Update time             : 0.842 s
  Time to train epoch     : 11.649 s


Statistics:
  fps step                    : 15,593
  fps step + policy inference : 15,161
  fps total                   : 14,065
  epoch                       : 1,619 / 2,000
  frames                      : 265,256,960


Policy 0: saving next best rewards:  [973.64]
=> saving checkpoint 'runs/hold_r3_dense1_seed2902/nn/hold_r3_dense1_seed2902.pth'

Timing:
  Play time               : 10.713 s
  Update time             : 0.970 s
  Time to train epoch     : 11.683 s


Statistics:
  fps step                    : 15,547
  fps step + policy inference : 15,294
  fps total                   : 14,024
  epoch                       : 1,620 / 2,000
  frames                      : 265,420,800


Policy 0: 
Timing:
  Play time               : 10.731 s
  Update time             : 0.939 s
  Time to train epoch     : 11.670 s


Statistics:
  fps step                    : 15,493
  fps step + policy inference : 15,267
  fps total                   : 14,039
  epoch                       : 1,621 / 2,000
  frames                      : 265,584,640


Policy 0: 
Timing:
  Play time               : 10.750 s
  Update time             : 0.930 s
  Time to train epoch     : 11.680 s


Statistics:
  fps step                    : 15,466
  fps step + policy inference : 15,241
  fps total                   : 14,028
  epoch                       : 1,622 / 2,000
  frames                      : 265,748,480


Policy 0: 
Timing:
  Play time               : 10.528 s
  Update time             : 0.867 s
  Time to train epoch     : 11.395 s


Statistics:
  fps step                    : 15,793
  fps step + policy inference : 15,563
  fps total                   : 14,379
  epoch                       : 1,623 / 2,000
  frames                      : 265,912,320


Policy 0: 
Timing:
  Play time               : 10.674 s
  Update time             : 0.800 s
  Time to train epoch     : 11.474 s


Statistics:
  fps step                    : 15,579
  fps step + policy inference : 15,350
  fps total                   : 14,279
  epoch                       : 1,624 / 2,000
  frames                      : 266,076,160


Policy 0: 
Timing:
  Play time               : 10.379 s
  Update time             : 0.760 s
  Time to train epoch     : 11.139 s


Statistics:
  fps step                    : 16,023
  fps step + policy inference : 15,785
  fps total                   : 14,708
  epoch                       : 1,625 / 2,000
  frames                      : 266,240,000


Policy 0: 
Timing:
  Play time               : 10.269 s
  Update time             : 0.708 s
  Time to train epoch     : 10.977 s


Statistics:
  fps step                    : 16,186
  fps step + policy inference : 15,955
  fps total                   : 14,926
  epoch                       : 1,626 / 2,000
  frames                      : 266,403,840


Policy 0: 
Timing:
  Play time               : 10.306 s
  Update time             : 0.813 s
  Time to train epoch     : 11.119 s


Statistics:
  fps step                    : 16,139
  fps step + policy inference : 15,897
  fps total                   : 14,735
  epoch                       : 1,627 / 2,000
  frames                      : 266,567,680


Policy 0: 
Timing:
  Play time               : 10.301 s
  Update time             : 0.840 s
  Time to train epoch     : 11.141 s


Statistics:
  fps step                    : 16,147
  fps step + policy inference : 15,905
  fps total                   : 14,706
  epoch                       : 1,628 / 2,000
  frames                      : 266,731,520


Policy 0: 
Timing:
  Play time               : 10.308 s
  Update time             : 0.885 s
  Time to train epoch     : 11.193 s


Statistics:
  fps step                    : 16,132
  fps step + policy inference : 15,894
  fps total                   : 14,637
  epoch                       : 1,629 / 2,000
  frames                      : 266,895,360


Policy 0: 
Timing:
  Play time               : 10.337 s
  Update time             : 0.873 s
  Time to train epoch     : 11.210 s


Statistics:
  fps step                    : 16,103
  fps step + policy inference : 15,850
  fps total                   : 14,615
  epoch                       : 1,630 / 2,000
  frames                      : 267,059,200


Policy 0: 
Timing:
  Play time               : 10.307 s
  Update time             : 0.828 s
  Time to train epoch     : 11.135 s


Statistics:
  fps step                    : 16,138
  fps step + policy inference : 15,896
  fps total                   : 14,714
  epoch                       : 1,631 / 2,000
  frames                      : 267,223,040


Policy 0: 
Timing:
  Play time               : 10.303 s
  Update time             : 0.786 s
  Time to train epoch     : 11.089 s


Statistics:
  fps step                    : 16,144
  fps step + policy inference : 15,903
  fps total                   : 14,776
  epoch                       : 1,632 / 2,000
  frames                      : 267,386,880


Policy 0: 
Timing:
  Play time               : 10.343 s
  Update time             : 0.814 s
  Time to train epoch     : 11.158 s


Statistics:
  fps step                    : 16,085
  fps step + policy inference : 15,840
  fps total                   : 14,684
  epoch                       : 1,633 / 2,000
  frames                      : 267,550,720


Policy 0: 
Timing:
  Play time               : 10.340 s
  Update time             : 0.774 s
  Time to train epoch     : 11.114 s


Statistics:
  fps step                    : 16,089
  fps step + policy inference : 15,845
  fps total                   : 14,741
  epoch                       : 1,634 / 2,000
  frames                      : 267,714,560


Policy 0: 
Timing:
  Play time               : 10.312 s
  Update time             : 0.841 s
  Time to train epoch     : 11.154 s


Statistics:
  fps step                    : 16,131
  fps step + policy inference : 15,888
  fps total                   : 14,689
  epoch                       : 1,635 / 2,000
  frames                      : 267,878,400


Policy 0: 
Timing:
  Play time               : 10.360 s
  Update time             : 0.861 s
  Time to train epoch     : 11.221 s


Statistics:
  fps step                    : 16,053
  fps step + policy inference : 15,815
  fps total                   : 14,601
  epoch                       : 1,636 / 2,000
  frames                      : 268,042,240


Policy 0: 
Timing:
  Play time               : 10.347 s
  Update time             : 0.890 s
  Time to train epoch     : 11.236 s


Statistics:
  fps step                    : 16,080
  fps step + policy inference : 15,835
  fps total                   : 14,581
  epoch                       : 1,637 / 2,000
  frames                      : 268,206,080


Policy 0: 
Timing:
  Play time               : 10.496 s
  Update time             : 0.992 s
  Time to train epoch     : 11.488 s


Statistics:
  fps step                    : 16,037
  fps step + policy inference : 15,610
  fps total                   : 14,261
  epoch                       : 1,638 / 2,000
  frames                      : 268,369,920


Policy 0: 
Timing:
  Play time               : 10.352 s
  Update time             : 0.918 s
  Time to train epoch     : 11.270 s


Statistics:
  fps step                    : 16,092
  fps step + policy inference : 15,827
  fps total                   : 14,538
  epoch                       : 1,639 / 2,000
  frames                      : 268,533,760


Policy 0: 
Timing:
  Play time               : 10.346 s
  Update time             : 0.841 s
  Time to train epoch     : 11.187 s


Statistics:
  fps step                    : 16,081
  fps step + policy inference : 15,836
  fps total                   : 14,645
  epoch                       : 1,640 / 2,000
  frames                      : 268,697,600


Policy 0: 
Timing:
  Play time               : 10.338 s
  Update time             : 0.792 s
  Time to train epoch     : 11.130 s


Statistics:
  fps step                    : 16,089
  fps step + policy inference : 15,849
  fps total                   : 14,721
  epoch                       : 1,641 / 2,000
  frames                      : 268,861,440


Policy 0: 
Timing:
  Play time               : 10.328 s
  Update time             : 0.797 s
  Time to train epoch     : 11.126 s


Statistics:
  fps step                    : 16,104
  fps step + policy inference : 15,863
  fps total                   : 14,726
  epoch                       : 1,642 / 2,000
  frames                      : 269,025,280


Policy 0: 
Timing:
  Play time               : 10.276 s
  Update time             : 0.796 s
  Time to train epoch     : 11.072 s


Statistics:
  fps step                    : 16,178
  fps step + policy inference : 15,944
  fps total                   : 14,797
  epoch                       : 1,643 / 2,000
  frames                      : 269,189,120


Policy 0: 
Timing:
  Play time               : 10.202 s
  Update time             : 0.767 s
  Time to train epoch     : 10.969 s


Statistics:
  fps step                    : 16,296
  fps step + policy inference : 16,060
  fps total                   : 14,937
  epoch                       : 1,644 / 2,000
  frames                      : 269,352,960


Policy 0: 
Timing:
  Play time               : 10.277 s
  Update time             : 0.861 s
  Time to train epoch     : 11.138 s


Statistics:
  fps step                    : 16,176
  fps step + policy inference : 15,942
  fps total                   : 14,709
  epoch                       : 1,645 / 2,000
  frames                      : 269,516,800


Policy 0: 
Timing:
  Play time               : 10.338 s
  Update time             : 0.918 s
  Time to train epoch     : 11.256 s


Statistics:
  fps step                    : 16,092
  fps step + policy inference : 15,848
  fps total                   : 14,555
  epoch                       : 1,646 / 2,000
  frames                      : 269,680,640


Policy 0: 
Timing:
  Play time               : 10.287 s
  Update time             : 0.805 s
  Time to train epoch     : 11.092 s


Statistics:
  fps step                    : 16,170
  fps step + policy inference : 15,926
  fps total                   : 14,771
  epoch                       : 1,647 / 2,000
  frames                      : 269,844,480


Policy 0: 
Timing:
  Play time               : 10.304 s
  Update time             : 0.799 s
  Time to train epoch     : 11.102 s


Statistics:
  fps step                    : 16,141
  fps step + policy inference : 15,901
  fps total                   : 14,757
  epoch                       : 1,648 / 2,000
  frames                      : 270,008,320


Policy 0: 
Timing:
  Play time               : 10.297 s
  Update time             : 0.794 s
  Time to train epoch     : 11.092 s


Statistics:
  fps step                    : 16,153
  fps step + policy inference : 15,911
  fps total                   : 14,771
  epoch                       : 1,649 / 2,000
  frames                      : 270,172,160


Policy 0: 
Timing:
  Play time               : 10.274 s
  Update time             : 0.828 s
  Time to train epoch     : 11.102 s


Statistics:
  fps step                    : 16,197
  fps step + policy inference : 15,947
  fps total                   : 14,757
  epoch                       : 1,650 / 2,000
  frames                      : 270,336,000


Policy 0: 
Timing:
  Play time               : 10.268 s
  Update time             : 0.766 s
  Time to train epoch     : 11.034 s


Statistics:
  fps step                    : 16,206
  fps step + policy inference : 15,956
  fps total                   : 14,848
  epoch                       : 1,651 / 2,000
  frames                      : 270,499,840


Policy 0: 
Timing:
  Play time               : 10.329 s
  Update time             : 0.846 s
  Time to train epoch     : 11.175 s


Statistics:
  fps step                    : 16,108
  fps step + policy inference : 15,862
  fps total                   : 14,662
  epoch                       : 1,652 / 2,000
  frames                      : 270,663,680


Policy 0: 
Timing:
  Play time               : 10.322 s
  Update time             : 0.952 s
  Time to train epoch     : 11.274 s


Statistics:
  fps step                    : 16,118
  fps step + policy inference : 15,873
  fps total                   : 14,532
  epoch                       : 1,653 / 2,000
  frames                      : 270,827,520


Policy 0: 
Timing:
  Play time               : 10.305 s
  Update time             : 0.895 s
  Time to train epoch     : 11.200 s


Statistics:
  fps step                    : 16,136
  fps step + policy inference : 15,899
  fps total                   : 14,629
  epoch                       : 1,654 / 2,000
  frames                      : 270,991,360


Policy 0: 
Timing:
  Play time               : 10.340 s
  Update time             : 0.835 s
  Time to train epoch     : 11.175 s


Statistics:
  fps step                    : 16,088
  fps step + policy inference : 15,845
  fps total                   : 14,661
  epoch                       : 1,655 / 2,000
  frames                      : 271,155,200


Policy 0: 
Timing:
  Play time               : 10.325 s
  Update time             : 0.838 s
  Time to train epoch     : 11.163 s


Statistics:
  fps step                    : 16,113
  fps step + policy inference : 15,868
  fps total                   : 14,677
  epoch                       : 1,656 / 2,000
  frames                      : 271,319,040


Policy 0: 
Timing:
  Play time               : 10.618 s
  Update time             : 0.914 s
  Time to train epoch     : 11.532 s


Statistics:
  fps step                    : 15,855
  fps step + policy inference : 15,430
  fps total                   : 14,207
  epoch                       : 1,657 / 2,000
  frames                      : 271,482,880


Policy 0: saving next best rewards:  [977.57]
=> saving checkpoint 'runs/hold_r3_dense1_seed2902/nn/hold_r3_dense1_seed2902.pth'

Timing:
  Play time               : 10.380 s
  Update time             : 0.913 s
  Time to train epoch     : 11.293 s


Statistics:
  fps step                    : 16,036
  fps step + policy inference : 15,785
  fps total                   : 14,508
  epoch                       : 1,658 / 2,000
  frames                      : 271,646,720


Policy 0: 
Timing:
  Play time               : 10.378 s
  Update time             : 0.889 s
  Time to train epoch     : 11.266 s


Statistics:
  fps step                    : 16,029
  fps step + policy inference : 15,788
  fps total                   : 14,542
  epoch                       : 1,659 / 2,000
  frames                      : 271,810,560


Policy 0: 
Timing:
  Play time               : 10.369 s
  Update time             : 0.898 s
  Time to train epoch     : 11.267 s


Statistics:
  fps step                    : 16,045
  fps step + policy inference : 15,801
  fps total                   : 14,542
  epoch                       : 1,660 / 2,000
  frames                      : 271,974,400


Policy 0: 
Timing:
  Play time               : 10.372 s
  Update time             : 0.923 s
  Time to train epoch     : 11.296 s


Statistics:
  fps step                    : 16,042
  fps step + policy inference : 15,796
  fps total                   : 14,504
  epoch                       : 1,661 / 2,000
  frames                      : 272,138,240


Policy 0: 
Timing:
  Play time               : 10.377 s
  Update time             : 0.848 s
  Time to train epoch     : 11.225 s


Statistics:
  fps step                    : 16,034
  fps step + policy inference : 15,789
  fps total                   : 14,596
  epoch                       : 1,662 / 2,000
  frames                      : 272,302,080


Policy 0: 
Timing:
  Play time               : 10.286 s
  Update time             : 0.732 s
  Time to train epoch     : 11.018 s


Statistics:
  fps step                    : 16,167
  fps step + policy inference : 15,929
  fps total                   : 14,871
  epoch                       : 1,663 / 2,000
  frames                      : 272,465,920


Policy 0: 
Timing:
  Play time               : 10.374 s
  Update time             : 0.770 s
  Time to train epoch     : 11.144 s


Statistics:
  fps step                    : 16,036
  fps step + policy inference : 15,793
  fps total                   : 14,702
  epoch                       : 1,664 / 2,000
  frames                      : 272,629,760


Policy 0: 
Timing:
  Play time               : 10.381 s
  Update time             : 0.807 s
  Time to train epoch     : 11.188 s


Statistics:
  fps step                    : 16,029
  fps step + policy inference : 15,782
  fps total                   : 14,644
  epoch                       : 1,665 / 2,000
  frames                      : 272,793,600


Policy 0: 
Timing:
  Play time               : 10.381 s
  Update time             : 0.774 s
  Time to train epoch     : 11.155 s


Statistics:
  fps step                    : 16,031
  fps step + policy inference : 15,783
  fps total                   : 14,688
  epoch                       : 1,666 / 2,000
  frames                      : 272,957,440


Policy 0: 
Timing:
  Play time               : 10.375 s
  Update time             : 0.875 s
  Time to train epoch     : 11.250 s


Statistics:
  fps step                    : 16,035
  fps step + policy inference : 15,792
  fps total                   : 14,563
  epoch                       : 1,667 / 2,000
  frames                      : 273,121,280


Policy 0: 
Timing:
  Play time               : 10.350 s
  Update time             : 0.993 s
  Time to train epoch     : 11.343 s


Statistics:
  fps step                    : 16,075
  fps step + policy inference : 15,830
  fps total                   : 14,444
  epoch                       : 1,668 / 2,000
  frames                      : 273,285,120


Policy 0: 
Timing:
  Play time               : 10.358 s
  Update time             : 0.867 s
  Time to train epoch     : 11.226 s


Statistics:
  fps step                    : 16,061
  fps step + policy inference : 15,817
  fps total                   : 14,595
  epoch                       : 1,669 / 2,000
  frames                      : 273,448,960


Policy 0: 
Timing:
  Play time               : 10.349 s
  Update time             : 0.805 s
  Time to train epoch     : 11.154 s


Statistics:
  fps step                    : 16,075
  fps step + policy inference : 15,832
  fps total                   : 14,689
  epoch                       : 1,670 / 2,000
  frames                      : 273,612,800


Policy 0: 
Timing:
  Play time               : 10.362 s
  Update time             : 0.805 s
  Time to train epoch     : 11.167 s


Statistics:
  fps step                    : 16,060
  fps step + policy inference : 15,812
  fps total                   : 14,672
  epoch                       : 1,671 / 2,000
  frames                      : 273,776,640


Policy 0: 
Timing:
  Play time               : 10.370 s
  Update time             : 0.793 s
  Time to train epoch     : 11.162 s


Statistics:
  fps step                    : 16,045
  fps step + policy inference : 15,800
  fps total                   : 14,678
  epoch                       : 1,672 / 2,000
  frames                      : 273,940,480


Policy 0: 
Timing:
  Play time               : 10.359 s
  Update time             : 0.769 s
  Time to train epoch     : 11.128 s


Statistics:
  fps step                    : 16,057
  fps step + policy inference : 15,816
  fps total                   : 14,723
  epoch                       : 1,673 / 2,000
  frames                      : 274,104,320


Policy 0: 
Timing:
  Play time               : 10.422 s
  Update time             : 0.896 s
  Time to train epoch     : 11.317 s


Statistics:
  fps step                    : 15,972
  fps step + policy inference : 15,721
  fps total                   : 14,477
  epoch                       : 1,674 / 2,000
  frames                      : 274,268,160


Policy 0: 
Timing:
  Play time               : 10.512 s
  Update time             : 0.960 s
  Time to train epoch     : 11.473 s


Statistics:
  fps step                    : 15,975
  fps step + policy inference : 15,586
  fps total                   : 14,281
  epoch                       : 1,675 / 2,000
  frames                      : 274,432,000


Policy 0: saving next best rewards:  [979.29]
=> saving checkpoint 'runs/hold_r3_dense1_seed2902/nn/hold_r3_dense1_seed2902.pth'

Timing:
  Play time               : 10.430 s
  Update time             : 1.047 s
  Time to train epoch     : 11.477 s


Statistics:
  fps step                    : 16,002
  fps step + policy inference : 15,709
  fps total                   : 14,275
  epoch                       : 1,676 / 2,000
  frames                      : 274,595,840


Policy 0: 
Timing:
  Play time               : 10.358 s
  Update time             : 0.903 s
  Time to train epoch     : 11.261 s


Statistics:
  fps step                    : 16,066
  fps step + policy inference : 15,818
  fps total                   : 14,550
  epoch                       : 1,677 / 2,000
  frames                      : 274,759,680


Policy 0: 
Timing:
  Play time               : 10.354 s
  Update time             : 0.822 s
  Time to train epoch     : 11.176 s


Statistics:
  fps step                    : 16,067
  fps step + policy inference : 15,824
  fps total                   : 14,659
  epoch                       : 1,678 / 2,000
  frames                      : 274,923,520


Policy 0: 
Timing:
  Play time               : 10.383 s
  Update time             : 0.783 s
  Time to train epoch     : 11.166 s


Statistics:
  fps step                    : 16,024
  fps step + policy inference : 15,780
  fps total                   : 14,673
  epoch                       : 1,679 / 2,000
  frames                      : 275,087,360


Policy 0: 
Timing:
  Play time               : 10.388 s
  Update time             : 0.806 s
  Time to train epoch     : 11.194 s


Statistics:
  fps step                    : 16,019
  fps step + policy inference : 15,772
  fps total                   : 14,637
  epoch                       : 1,680 / 2,000
  frames                      : 275,251,200


Policy 0: 
Timing:
  Play time               : 10.355 s
  Update time             : 0.796 s
  Time to train epoch     : 11.151 s


Statistics:
  fps step                    : 16,067
  fps step + policy inference : 15,822
  fps total                   : 14,693
  epoch                       : 1,681 / 2,000
  frames                      : 275,415,040


Policy 0: 
Timing:
  Play time               : 10.299 s
  Update time             : 0.804 s
  Time to train epoch     : 11.103 s


Statistics:
  fps step                    : 16,141
  fps step + policy inference : 15,909
  fps total                   : 14,756
  epoch                       : 1,682 / 2,000
  frames                      : 275,578,880


Policy 0: 
Timing:
  Play time               : 10.338 s
  Update time             : 0.924 s
  Time to train epoch     : 11.262 s


Statistics:
  fps step                    : 16,095
  fps step + policy inference : 15,849
  fps total                   : 14,548
  epoch                       : 1,683 / 2,000
  frames                      : 275,742,720


Policy 0: 
Timing:
  Play time               : 10.362 s
  Update time             : 0.892 s
  Time to train epoch     : 11.253 s


Statistics:
  fps step                    : 16,055
  fps step + policy inference : 15,812
  fps total                   : 14,559
  epoch                       : 1,684 / 2,000
  frames                      : 275,906,560


Policy 0: 
Timing:
  Play time               : 10.376 s
  Update time             : 0.807 s
  Time to train epoch     : 11.183 s


Statistics:
  fps step                    : 16,037
  fps step + policy inference : 15,791
  fps total                   : 14,651
  epoch                       : 1,685 / 2,000
  frames                      : 276,070,400


Policy 0: 
Timing:
  Play time               : 10.359 s
  Update time             : 0.806 s
  Time to train epoch     : 11.164 s


Statistics:
  fps step                    : 16,062
  fps step + policy inference : 15,817
  fps total                   : 14,675
  epoch                       : 1,686 / 2,000
  frames                      : 276,234,240


Policy 0: 
Timing:
  Play time               : 10.352 s
  Update time             : 0.790 s
  Time to train epoch     : 11.142 s


Statistics:
  fps step                    : 16,070
  fps step + policy inference : 15,826
  fps total                   : 14,705
  epoch                       : 1,687 / 2,000
  frames                      : 276,398,080


Policy 0: 
Timing:
  Play time               : 10.367 s
  Update time             : 0.813 s
  Time to train epoch     : 11.179 s


Statistics:
  fps step                    : 16,050
  fps step + policy inference : 15,804
  fps total                   : 14,656
  epoch                       : 1,688 / 2,000
  frames                      : 276,561,920


Policy 0: 
Timing:
  Play time               : 10.369 s
  Update time             : 0.897 s
  Time to train epoch     : 11.266 s


Statistics:
  fps step                    : 16,042
  fps step + policy inference : 15,801
  fps total                   : 14,542
  epoch                       : 1,689 / 2,000
  frames                      : 276,725,760


Policy 0: 
Timing:
  Play time               : 10.381 s
  Update time             : 0.915 s
  Time to train epoch     : 11.295 s


Statistics:
  fps step                    : 16,029
  fps step + policy inference : 15,783
  fps total                   : 14,505
  epoch                       : 1,690 / 2,000
  frames                      : 276,889,600


Policy 0: 
Timing:
  Play time               : 10.327 s
  Update time             : 0.843 s
  Time to train epoch     : 11.170 s


Statistics:
  fps step                    : 16,114
  fps step + policy inference : 15,866
  fps total                   : 14,668
  epoch                       : 1,691 / 2,000
  frames                      : 277,053,440


Policy 0: 
Timing:
  Play time               : 10.362 s
  Update time             : 0.782 s
  Time to train epoch     : 11.144 s


Statistics:
  fps step                    : 16,057
  fps step + policy inference : 15,812
  fps total                   : 14,702
  epoch                       : 1,692 / 2,000
  frames                      : 277,217,280


Policy 0: 
Timing:
  Play time               : 10.441 s
  Update time             : 0.829 s
  Time to train epoch     : 11.269 s


Statistics:
  fps step                    : 15,943
  fps step + policy inference : 15,693
  fps total                   : 14,539
  epoch                       : 1,693 / 2,000
  frames                      : 277,381,120


Policy 0: 
Timing:
  Play time               : 10.511 s
  Update time             : 0.849 s
  Time to train epoch     : 11.360 s


Statistics:
  fps step                    : 16,003
  fps step + policy inference : 15,588
  fps total                   : 14,423
  epoch                       : 1,694 / 2,000
  frames                      : 277,544,960


Policy 0: saving next best rewards:  [982.27]
=> saving checkpoint 'runs/hold_r3_dense1_seed2902/nn/hold_r3_dense1_seed2902.pth'

Timing:
  Play time               : 10.415 s
  Update time             : 0.950 s
  Time to train epoch     : 11.365 s


Statistics:
  fps step                    : 16,002
  fps step + policy inference : 15,731
  fps total                   : 14,417
  epoch                       : 1,695 / 2,000
  frames                      : 277,708,800


Policy 0: 
Timing:
  Play time               : 10.416 s
  Update time             : 0.850 s
  Time to train epoch     : 11.266 s


Statistics:
  fps step                    : 15,978
  fps step + policy inference : 15,730
  fps total                   : 14,543
  epoch                       : 1,696 / 2,000
  frames                      : 277,872,640


Policy 0: 
Timing:
  Play time               : 10.393 s
  Update time             : 0.822 s
  Time to train epoch     : 11.215 s


Statistics:
  fps step                    : 16,010
  fps step + policy inference : 15,765
  fps total                   : 14,609
  epoch                       : 1,697 / 2,000
  frames                      : 278,036,480


Policy 0: 
Timing:
  Play time               : 10.391 s
  Update time             : 0.873 s
  Time to train epoch     : 11.264 s


Statistics:
  fps step                    : 16,009
  fps step + policy inference : 15,767
  fps total                   : 14,546
  epoch                       : 1,698 / 2,000
  frames                      : 278,200,320


Policy 0: 
Timing:
  Play time               : 10.379 s
  Update time             : 0.951 s
  Time to train epoch     : 11.331 s


Statistics:
  fps step                    : 16,030
  fps step + policy inference : 15,785
  fps total                   : 14,460
  epoch                       : 1,699 / 2,000
  frames                      : 278,364,160


Policy 0: 
Timing:
  Play time               : 10.393 s
  Update time             : 0.826 s
  Time to train epoch     : 11.220 s


Statistics:
  fps step                    : 16,006
  fps step + policy inference : 15,764
  fps total                   : 14,603
  epoch                       : 1,700 / 2,000
  frames                      : 278,528,000


Policy 0: 
Timing:
  Play time               : 10.372 s
  Update time             : 0.737 s
  Time to train epoch     : 11.109 s


Statistics:
  fps step                    : 16,031
  fps step + policy inference : 15,797
  fps total                   : 14,749
  epoch                       : 1,701 / 2,000
  frames                      : 278,691,840


Policy 0: 
Timing:
  Play time               : 10.360 s
  Update time             : 0.810 s
  Time to train epoch     : 11.170 s


Statistics:
  fps step                    : 16,059
  fps step + policy inference : 15,814
  fps total                   : 14,668
  epoch                       : 1,702 / 2,000
  frames                      : 278,855,680


Policy 0: 
Timing:
  Play time               : 10.380 s
  Update time             : 0.829 s
  Time to train epoch     : 11.209 s


Statistics:
  fps step                    : 16,032
  fps step + policy inference : 15,784
  fps total                   : 14,617
  epoch                       : 1,703 / 2,000
  frames                      : 279,019,520


Policy 0: 
Timing:
  Play time               : 10.374 s
  Update time             : 0.777 s
  Time to train epoch     : 11.151 s


Statistics:
  fps step                    : 16,033
  fps step + policy inference : 15,793
  fps total                   : 14,693
  epoch                       : 1,704 / 2,000
  frames                      : 279,183,360


Policy 0: 
Timing:
  Play time               : 10.408 s
  Update time             : 0.841 s
  Time to train epoch     : 11.249 s


Statistics:
  fps step                    : 15,988
  fps step + policy inference : 15,741
  fps total                   : 14,565
  epoch                       : 1,705 / 2,000
  frames                      : 279,347,200


Policy 0: 
Timing:
  Play time               : 10.347 s
  Update time             : 0.857 s
  Time to train epoch     : 11.204 s


Statistics:
  fps step                    : 16,074
  fps step + policy inference : 15,834
  fps total                   : 14,623
  epoch                       : 1,706 / 2,000
  frames                      : 279,511,040


Policy 0: 
Timing:
  Play time               : 10.385 s
  Update time             : 0.886 s
  Time to train epoch     : 11.271 s


Statistics:
  fps step                    : 16,025
  fps step + policy inference : 15,776
  fps total                   : 14,536
  epoch                       : 1,707 / 2,000
  frames                      : 279,674,880


Policy 0: 
Timing:
  Play time               : 10.363 s
  Update time             : 0.918 s
  Time to train epoch     : 11.281 s


Statistics:
  fps step                    : 16,055
  fps step + policy inference : 15,810
  fps total                   : 14,524
  epoch                       : 1,708 / 2,000
  frames                      : 279,838,720


Policy 0: 
Timing:
  Play time               : 10.394 s
  Update time             : 0.816 s
  Time to train epoch     : 11.210 s


Statistics:
  fps step                    : 16,011
  fps step + policy inference : 15,763
  fps total                   : 14,615
  epoch                       : 1,709 / 2,000
  frames                      : 280,002,560


Policy 0: 
Timing:
  Play time               : 10.380 s
  Update time             : 0.783 s
  Time to train epoch     : 11.163 s


Statistics:
  fps step                    : 16,029
  fps step + policy inference : 15,785
  fps total                   : 14,677
  epoch                       : 1,710 / 2,000
  frames                      : 280,166,400


Policy 0: 
Timing:
  Play time               : 10.416 s
  Update time             : 0.811 s
  Time to train epoch     : 11.226 s


Statistics:
  fps step                    : 15,972
  fps step + policy inference : 15,730
  fps total                   : 14,594
  epoch                       : 1,711 / 2,000
  frames                      : 280,330,240


Policy 0: saving next best rewards:  [982.53]
=> saving checkpoint 'runs/hold_r3_dense1_seed2902/nn/hold_r3_dense1_seed2902.pth'

Timing:
  Play time               : 10.404 s
  Update time             : 0.871 s
  Time to train epoch     : 11.275 s


Statistics:
  fps step                    : 15,994
  fps step + policy inference : 15,748
  fps total                   : 14,531
  epoch                       : 1,712 / 2,000
  frames                      : 280,494,080


Policy 0: 
Timing:
  Play time               : 10.530 s
  Update time             : 0.933 s
  Time to train epoch     : 11.464 s


Statistics:
  fps step                    : 15,979
  fps step + policy inference : 15,559
  fps total                   : 14,292
  epoch                       : 1,713 / 2,000
  frames                      : 280,657,920


Policy 0: saving next best rewards:  [983.78]
=> saving checkpoint 'runs/hold_r3_dense1_seed2902/nn/hold_r3_dense1_seed2902.pth'

Timing:
  Play time               : 10.374 s
  Update time             : 0.979 s
  Time to train epoch     : 11.353 s


Statistics:
  fps step                    : 16,061
  fps step + policy inference : 15,793
  fps total                   : 14,431
  epoch                       : 1,714 / 2,000
  frames                      : 280,821,760


Policy 0: saving next best rewards:  [984.4]
=> saving checkpoint 'runs/hold_r3_dense1_seed2902/nn/hold_r3_dense1_seed2902.pth'

Timing:
  Play time               : 10.387 s
  Update time             : 0.951 s
  Time to train epoch     : 11.338 s


Statistics:
  fps step                    : 16,021
  fps step + policy inference : 15,774
  fps total                   : 14,451
  epoch                       : 1,715 / 2,000
  frames                      : 280,985,600


Policy 0: 
Timing:
  Play time               : 10.371 s
  Update time             : 0.865 s
  Time to train epoch     : 11.236 s


Statistics:
  fps step                    : 16,041
  fps step + policy inference : 15,797
  fps total                   : 14,581
  epoch                       : 1,716 / 2,000
  frames                      : 281,149,440


Policy 0: 
Timing:
  Play time               : 10.403 s
  Update time             : 0.840 s
  Time to train epoch     : 11.243 s


Statistics:
  fps step                    : 16,004
  fps step + policy inference : 15,750
  fps total                   : 14,573
  epoch                       : 1,717 / 2,000
  frames                      : 281,313,280


Policy 0: 
Timing:
  Play time               : 10.386 s
  Update time             : 0.808 s
  Time to train epoch     : 11.194 s


Statistics:
  fps step                    : 16,024
  fps step + policy inference : 15,775
  fps total                   : 14,637
  epoch                       : 1,718 / 2,000
  frames                      : 281,477,120


Policy 0: 
Timing:
  Play time               : 10.342 s
  Update time             : 0.731 s
  Time to train epoch     : 11.072 s


Statistics:
  fps step                    : 16,082
  fps step + policy inference : 15,843
  fps total                   : 14,797
  epoch                       : 1,719 / 2,000
  frames                      : 281,640,960


Policy 0: 
Timing:
  Play time               : 10.357 s
  Update time             : 0.746 s
  Time to train epoch     : 11.103 s


Statistics:
  fps step                    : 16,057
  fps step + policy inference : 15,820
  fps total                   : 14,757
  epoch                       : 1,720 / 2,000
  frames                      : 281,804,800


Policy 0: 
Timing:
  Play time               : 10.364 s
  Update time             : 0.855 s
  Time to train epoch     : 11.219 s


Statistics:
  fps step                    : 16,056
  fps step + policy inference : 15,808
  fps total                   : 14,603
  epoch                       : 1,721 / 2,000
  frames                      : 281,968,640


Policy 0: 
Timing:
  Play time               : 10.336 s
  Update time             : 0.892 s
  Time to train epoch     : 11.229 s


Statistics:
  fps step                    : 16,101
  fps step + policy inference : 15,851
  fps total                   : 14,591
  epoch                       : 1,722 / 2,000
  frames                      : 282,132,480


Policy 0: 
Timing:
  Play time               : 10.366 s
  Update time             : 0.935 s
  Time to train epoch     : 11.301 s


Statistics:
  fps step                    : 16,049
  fps step + policy inference : 15,805
  fps total                   : 14,497
  epoch                       : 1,723 / 2,000
  frames                      : 282,296,320


Policy 0: 
Timing:
  Play time               : 10.367 s
  Update time             : 0.860 s
  Time to train epoch     : 11.227 s


Statistics:
  fps step                    : 16,047
  fps step + policy inference : 15,804
  fps total                   : 14,593
  epoch                       : 1,724 / 2,000
  frames                      : 282,460,160


Policy 0: 
Timing:
  Play time               : 10.379 s
  Update time             : 0.805 s
  Time to train epoch     : 11.184 s


Statistics:
  fps step                    : 16,028
  fps step + policy inference : 15,785
  fps total                   : 14,649
  epoch                       : 1,725 / 2,000
  frames                      : 282,624,000


Policy 0: 
Timing:
  Play time               : 10.328 s
  Update time             : 0.763 s
  Time to train epoch     : 11.091 s


Statistics:
  fps step                    : 16,106
  fps step + policy inference : 15,864
  fps total                   : 14,772
  epoch                       : 1,726 / 2,000
  frames                      : 282,787,840


Policy 0: 
Timing:
  Play time               : 10.386 s
  Update time             : 0.804 s
  Time to train epoch     : 11.190 s


Statistics:
  fps step                    : 16,025
  fps step + policy inference : 15,775
  fps total                   : 14,641
  epoch                       : 1,727 / 2,000
  frames                      : 282,951,680


Policy 0: 
Timing:
  Play time               : 10.361 s
  Update time             : 0.874 s
  Time to train epoch     : 11.235 s


Statistics:
  fps step                    : 16,059
  fps step + policy inference : 15,814
  fps total                   : 14,583
  epoch                       : 1,728 / 2,000
  frames                      : 283,115,520


Policy 0: 
Timing:
  Play time               : 10.364 s
  Update time             : 0.849 s
  Time to train epoch     : 11.212 s


Statistics:
  fps step                    : 16,049
  fps step + policy inference : 15,809
  fps total                   : 14,612
  epoch                       : 1,729 / 2,000
  frames                      : 283,279,360


Policy 0: 
Timing:
  Play time               : 10.613 s
  Update time             : 0.919 s
  Time to train epoch     : 11.532 s


Statistics:
  fps step                    : 15,672
  fps step + policy inference : 15,438
  fps total                   : 14,207
  epoch                       : 1,730 / 2,000
  frames                      : 283,443,200


Policy 0: 
Timing:
  Play time               : 10.589 s
  Update time             : 0.899 s
  Time to train epoch     : 11.488 s


Statistics:
  fps step                    : 15,711
  fps step + policy inference : 15,473
  fps total                   : 14,262
  epoch                       : 1,731 / 2,000
  frames                      : 283,607,040


Policy 0: 
Timing:
  Play time               : 10.638 s
  Update time             : 0.951 s
  Time to train epoch     : 11.589 s


Statistics:
  fps step                    : 15,824
  fps step + policy inference : 15,401
  fps total                   : 14,137
  epoch                       : 1,732 / 2,000
  frames                      : 283,770,880


Policy 0: saving next best rewards:  [984.89]
=> saving checkpoint 'runs/hold_r3_dense1_seed2902/nn/hold_r3_dense1_seed2902.pth'

Timing:
  Play time               : 10.388 s
  Update time             : 0.881 s
  Time to train epoch     : 11.269 s


Statistics:
  fps step                    : 16,035
  fps step + policy inference : 15,773
  fps total                   : 14,539
  epoch                       : 1,733 / 2,000
  frames                      : 283,934,720


Policy 0: 
Timing:
  Play time               : 10.369 s
  Update time             : 0.819 s
  Time to train epoch     : 11.188 s


Statistics:
  fps step                    : 16,050
  fps step + policy inference : 15,801
  fps total                   : 14,645
  epoch                       : 1,734 / 2,000
  frames                      : 284,098,560


Policy 0: 
Timing:
  Play time               : 10.375 s
  Update time             : 0.800 s
  Time to train epoch     : 11.175 s


Statistics:
  fps step                    : 16,035
  fps step + policy inference : 15,792
  fps total                   : 14,661
  epoch                       : 1,735 / 2,000
  frames                      : 284,262,400


Policy 0: 
Timing:
  Play time               : 10.345 s
  Update time             : 0.803 s
  Time to train epoch     : 11.148 s


Statistics:
  fps step                    : 16,077
  fps step + policy inference : 15,837
  fps total                   : 14,696
  epoch                       : 1,736 / 2,000
  frames                      : 284,426,240


Policy 0: 
Timing:
  Play time               : 10.348 s
  Update time             : 0.857 s
  Time to train epoch     : 11.205 s


Statistics:
  fps step                    : 16,082
  fps step + policy inference : 15,833
  fps total                   : 14,622
  epoch                       : 1,737 / 2,000
  frames                      : 284,590,080


Policy 0: 
Timing:
  Play time               : 10.264 s
  Update time             : 0.862 s
  Time to train epoch     : 11.126 s


Statistics:
  fps step                    : 16,195
  fps step + policy inference : 15,962
  fps total                   : 14,726
  epoch                       : 1,738 / 2,000
  frames                      : 284,753,920


Policy 0: 
Timing:
  Play time               : 10.350 s
  Update time             : 0.896 s
  Time to train epoch     : 11.246 s


Statistics:
  fps step                    : 16,090
  fps step + policy inference : 15,830
  fps total                   : 14,569
  epoch                       : 1,739 / 2,000
  frames                      : 284,917,760


Policy 0: 
Timing:
  Play time               : 10.441 s
  Update time             : 0.880 s
  Time to train epoch     : 11.321 s


Statistics:
  fps step                    : 15,978
  fps step + policy inference : 15,692
  fps total                   : 14,472
  epoch                       : 1,740 / 2,000
  frames                      : 285,081,600


Policy 0: 
Timing:
  Play time               : 10.352 s
  Update time             : 0.803 s
  Time to train epoch     : 11.155 s


Statistics:
  fps step                    : 16,078
  fps step + policy inference : 15,827
  fps total                   : 14,688
  epoch                       : 1,741 / 2,000
  frames                      : 285,245,440


Policy 0: 
Timing:
  Play time               : 10.347 s
  Update time             : 0.809 s
  Time to train epoch     : 11.156 s


Statistics:
  fps step                    : 16,078
  fps step + policy inference : 15,834
  fps total                   : 14,686
  epoch                       : 1,742 / 2,000
  frames                      : 285,409,280


Policy 0: 
Timing:
  Play time               : 10.340 s
  Update time             : 0.802 s
  Time to train epoch     : 11.142 s


Statistics:
  fps step                    : 16,086
  fps step + policy inference : 15,846
  fps total                   : 14,704
  epoch                       : 1,743 / 2,000
  frames                      : 285,573,120


Policy 0: 
Timing:
  Play time               : 10.331 s
  Update time             : 0.805 s
  Time to train epoch     : 11.136 s


Statistics:
  fps step                    : 16,100
  fps step + policy inference : 15,859
  fps total                   : 14,712
  epoch                       : 1,744 / 2,000
  frames                      : 285,736,960


Policy 0: 
Timing:
  Play time               : 10.296 s
  Update time             : 0.792 s
  Time to train epoch     : 11.087 s


Statistics:
  fps step                    : 16,155
  fps step + policy inference : 15,914
  fps total                   : 14,777
  epoch                       : 1,745 / 2,000
  frames                      : 285,900,800


Policy 0: 
Timing:
  Play time               : 10.382 s
  Update time             : 0.914 s
  Time to train epoch     : 11.297 s


Statistics:
  fps step                    : 16,035
  fps step + policy inference : 15,781
  fps total                   : 14,504
  epoch                       : 1,746 / 2,000
  frames                      : 286,064,640


Policy 0: 
Timing:
  Play time               : 10.341 s
  Update time             : 0.910 s
  Time to train epoch     : 11.251 s


Statistics:
  fps step                    : 16,088
  fps step + policy inference : 15,843
  fps total                   : 14,562
  epoch                       : 1,747 / 2,000
  frames                      : 286,228,480


Policy 0: 
Timing:
  Play time               : 10.310 s
  Update time             : 0.832 s
  Time to train epoch     : 11.143 s


Statistics:
  fps step                    : 16,128
  fps step + policy inference : 15,891
  fps total                   : 14,704
  epoch                       : 1,748 / 2,000
  frames                      : 286,392,320


Policy 0: 
Timing:
  Play time               : 10.347 s
  Update time             : 0.842 s
  Time to train epoch     : 11.189 s


Statistics:
  fps step                    : 16,088
  fps step + policy inference : 15,835
  fps total                   : 14,642
  epoch                       : 1,749 / 2,000
  frames                      : 286,556,160


Policy 0: 
Timing:
  Play time               : 10.451 s
  Update time             : 0.830 s
  Time to train epoch     : 11.281 s


Statistics:
  fps step                    : 16,063
  fps step + policy inference : 15,677
  fps total                   : 14,523
  epoch                       : 1,750 / 2,000
  frames                      : 286,720,000


Policy 0: saving next best rewards:  [985.44]
=> saving checkpoint 'runs/hold_r3_dense1_seed2902/nn/hold_r3_dense1_seed2902.pth'
Saved recovery checkpoint runs/hold_r3_dense1_seed2902/checkpoints/epoch_001750.pth; evaluation_due=False

Timing:
  Play time               : 10.414 s
  Update time             : 0.943 s
  Time to train epoch     : 11.356 s


Statistics:
  fps step                    : 16,030
  fps step + policy inference : 15,733
  fps total                   : 14,427
  epoch                       : 1,751 / 2,000
  frames                      : 286,883,840


Policy 0: 
Timing:
  Play time               : 10.369 s
  Update time             : 0.904 s
  Time to train epoch     : 11.273 s


Statistics:
  fps step                    : 16,051
  fps step + policy inference : 15,801
  fps total                   : 14,534
  epoch                       : 1,752 / 2,000
  frames                      : 287,047,680


Policy 0: saving next best rewards:  [985.88]
=> saving checkpoint 'runs/hold_r3_dense1_seed2902/nn/hold_r3_dense1_seed2902.pth'

Timing:
  Play time               : 10.369 s
  Update time             : 0.809 s
  Time to train epoch     : 11.178 s


Statistics:
  fps step                    : 16,048
  fps step + policy inference : 15,801
  fps total                   : 14,658
  epoch                       : 1,753 / 2,000
  frames                      : 287,211,520


Policy 0: saving next best rewards:  [986.07]
=> saving checkpoint 'runs/hold_r3_dense1_seed2902/nn/hold_r3_dense1_seed2902.pth'

Timing:
  Play time               : 10.340 s
  Update time             : 0.792 s
  Time to train epoch     : 11.132 s


Statistics:
  fps step                    : 16,087
  fps step + policy inference : 15,845
  fps total                   : 14,718
  epoch                       : 1,754 / 2,000
  frames                      : 287,375,360


Policy 0: saving next best rewards:  [986.18]
=> saving checkpoint 'runs/hold_r3_dense1_seed2902/nn/hold_r3_dense1_seed2902.pth'

Timing:
  Play time               : 10.327 s
  Update time             : 0.886 s
  Time to train epoch     : 11.213 s


Statistics:
  fps step                    : 16,110
  fps step + policy inference : 15,866
  fps total                   : 14,612
  epoch                       : 1,755 / 2,000
  frames                      : 287,539,200


Policy 0: saving next best rewards:  [986.2]
=> saving checkpoint 'runs/hold_r3_dense1_seed2902/nn/hold_r3_dense1_seed2902.pth'

Timing:
  Play time               : 10.349 s
  Update time             : 0.915 s
  Time to train epoch     : 11.264 s


Statistics:
  fps step                    : 16,077
  fps step + policy inference : 15,832
  fps total                   : 14,546
  epoch                       : 1,756 / 2,000
  frames                      : 287,703,040


Policy 0: 
Timing:
  Play time               : 10.292 s
  Update time             : 0.821 s
  Time to train epoch     : 11.113 s


Statistics:
  fps step                    : 16,151
  fps step + policy inference : 15,918
  fps total                   : 14,743
  epoch                       : 1,757 / 2,000
  frames                      : 287,866,880


Policy 0: 
Timing:
  Play time               : 10.347 s
  Update time             : 0.799 s
  Time to train epoch     : 11.146 s


Statistics:
  fps step                    : 16,074
  fps step + policy inference : 15,834
  fps total                   : 14,699
  epoch                       : 1,758 / 2,000
  frames                      : 288,030,720


Policy 0: 
Timing:
  Play time               : 10.354 s
  Update time             : 0.835 s
  Time to train epoch     : 11.189 s


Statistics:
  fps step                    : 16,069
  fps step + policy inference : 15,825
  fps total                   : 14,644
  epoch                       : 1,759 / 2,000
  frames                      : 288,194,560


Policy 0: 
Timing:
  Play time               : 10.307 s
  Update time             : 0.808 s
  Time to train epoch     : 11.115 s


Statistics:
  fps step                    : 16,137
  fps step + policy inference : 15,895
  fps total                   : 14,740
  epoch                       : 1,760 / 2,000
  frames                      : 288,358,400


Policy 0: 
Timing:
  Play time               : 10.317 s
  Update time             : 0.797 s
  Time to train epoch     : 11.113 s


Statistics:
  fps step                    : 16,123
  fps step + policy inference : 15,881
  fps total                   : 14,743
  epoch                       : 1,761 / 2,000
  frames                      : 288,522,240


Policy 0: 
Timing:
  Play time               : 10.314 s
  Update time             : 0.867 s
  Time to train epoch     : 11.181 s


Statistics:
  fps step                    : 16,128
  fps step + policy inference : 15,885
  fps total                   : 14,654
  epoch                       : 1,762 / 2,000
  frames                      : 288,686,080


Policy 0: 
Timing:
  Play time               : 10.361 s
  Update time             : 0.924 s
  Time to train epoch     : 11.285 s


Statistics:
  fps step                    : 16,058
  fps step + policy inference : 15,813
  fps total                   : 14,519
  epoch                       : 1,763 / 2,000
  frames                      : 288,849,920


Policy 0: 
Timing:
  Play time               : 10.314 s
  Update time             : 0.882 s
  Time to train epoch     : 11.196 s


Statistics:
  fps step                    : 16,124
  fps step + policy inference : 15,885
  fps total                   : 14,634
  epoch                       : 1,764 / 2,000
  frames                      : 289,013,760


Policy 0: 
Timing:
  Play time               : 10.352 s
  Update time             : 0.812 s
  Time to train epoch     : 11.165 s


Statistics:
  fps step                    : 16,072
  fps step + policy inference : 15,827
  fps total                   : 14,675
  epoch                       : 1,765 / 2,000
  frames                      : 289,177,600


Policy 0: 
Timing:
  Play time               : 10.335 s
  Update time             : 0.789 s
  Time to train epoch     : 11.124 s


Statistics:
  fps step                    : 16,099
  fps step + policy inference : 15,853
  fps total                   : 14,728
  epoch                       : 1,766 / 2,000
  frames                      : 289,341,440


Policy 0: 
Timing:
  Play time               : 10.306 s
  Update time             : 0.812 s
  Time to train epoch     : 11.118 s


Statistics:
  fps step                    : 16,141
  fps step + policy inference : 15,898
  fps total                   : 14,737
  epoch                       : 1,767 / 2,000
  frames                      : 289,505,280


Policy 0: 
Timing:
  Play time               : 10.330 s
  Update time             : 0.836 s
  Time to train epoch     : 11.166 s


Statistics:
  fps step                    : 16,107
  fps step + policy inference : 15,860
  fps total                   : 14,673
  epoch                       : 1,768 / 2,000
  frames                      : 289,669,120


Policy 0: 
Timing:
  Play time               : 10.476 s
  Update time             : 0.897 s
  Time to train epoch     : 11.373 s


Statistics:
  fps step                    : 16,053
  fps step + policy inference : 15,640
  fps total                   : 14,406
  epoch                       : 1,769 / 2,000
  frames                      : 289,832,960


Policy 0: 
Timing:
  Play time               : 10.376 s
  Update time             : 1.048 s
  Time to train epoch     : 11.423 s


Statistics:
  fps step                    : 16,065
  fps step + policy inference : 15,791
  fps total                   : 14,343
  epoch                       : 1,770 / 2,000
  frames                      : 289,996,800


Policy 0: 
Timing:
  Play time               : 10.389 s
  Update time             : 0.994 s
  Time to train epoch     : 11.383 s


Statistics:
  fps step                    : 16,026
  fps step + policy inference : 15,770
  fps total                   : 14,393
  epoch                       : 1,771 / 2,000
  frames                      : 290,160,640


Policy 0: 
Timing:
  Play time               : 10.339 s
  Update time             : 0.849 s
  Time to train epoch     : 11.189 s


Statistics:
  fps step                    : 16,090
  fps step + policy inference : 15,846
  fps total                   : 14,644
  epoch                       : 1,772 / 2,000
  frames                      : 290,324,480


Policy 0: 
Timing:
  Play time               : 10.334 s
  Update time             : 0.808 s
  Time to train epoch     : 11.143 s


Statistics:
  fps step                    : 16,098
  fps step + policy inference : 15,854
  fps total                   : 14,704
  epoch                       : 1,773 / 2,000
  frames                      : 290,488,320


Policy 0: 
Timing:
  Play time               : 10.385 s
  Update time             : 0.822 s
  Time to train epoch     : 11.207 s


Statistics:
  fps step                    : 16,018
  fps step + policy inference : 15,776
  fps total                   : 14,619
  epoch                       : 1,774 / 2,000
  frames                      : 290,652,160


Policy 0: 
Timing:
  Play time               : 10.346 s
  Update time             : 0.786 s
  Time to train epoch     : 11.131 s


Statistics:
  fps step                    : 16,079
  fps step + policy inference : 15,837
  fps total                   : 14,719
  epoch                       : 1,775 / 2,000
  frames                      : 290,816,000


Policy 0: 
Timing:
  Play time               : 10.330 s
  Update time             : 0.856 s
  Time to train epoch     : 11.185 s


Statistics:
  fps step                    : 16,098
  fps step + policy inference : 15,861
  fps total                   : 14,648
  epoch                       : 1,776 / 2,000
  frames                      : 290,979,840


Policy 0: 
Timing:
  Play time               : 10.344 s
  Update time             : 0.972 s
  Time to train epoch     : 11.315 s


Statistics:
  fps step                    : 16,082
  fps step + policy inference : 15,840
  fps total                   : 14,480
  epoch                       : 1,777 / 2,000
  frames                      : 291,143,680


Policy 0: 
Timing:
  Play time               : 10.337 s
  Update time             : 0.893 s
  Time to train epoch     : 11.230 s


Statistics:
  fps step                    : 16,096
  fps step + policy inference : 15,850
  fps total                   : 14,589
  epoch                       : 1,778 / 2,000
  frames                      : 291,307,520


Policy 0: 
Timing:
  Play time               : 10.339 s
  Update time             : 0.791 s
  Time to train epoch     : 11.130 s


Statistics:
  fps step                    : 16,089
  fps step + policy inference : 15,847
  fps total                   : 14,720
  epoch                       : 1,779 / 2,000
  frames                      : 291,471,360


Policy 0: 
Timing:
  Play time               : 10.323 s
  Update time             : 0.794 s
  Time to train epoch     : 11.117 s


Statistics:
  fps step                    : 16,119
  fps step + policy inference : 15,871
  fps total                   : 14,738
  epoch                       : 1,780 / 2,000
  frames                      : 291,635,200


Policy 0: 
Timing:
  Play time               : 10.316 s
  Update time             : 0.790 s
  Time to train epoch     : 11.105 s


Statistics:
  fps step                    : 16,129
  fps step + policy inference : 15,882
  fps total                   : 14,753
  epoch                       : 1,781 / 2,000
  frames                      : 291,799,040


Policy 0: 
Timing:
  Play time               : 10.306 s
  Update time             : 0.819 s
  Time to train epoch     : 11.126 s


Statistics:
  fps step                    : 16,143
  fps step + policy inference : 15,897
  fps total                   : 14,726
  epoch                       : 1,782 / 2,000
  frames                      : 291,962,880


Policy 0: 
Timing:
  Play time               : 10.326 s
  Update time             : 0.792 s
  Time to train epoch     : 11.118 s


Statistics:
  fps step                    : 16,111
  fps step + policy inference : 15,867
  fps total                   : 14,737
  epoch                       : 1,783 / 2,000
  frames                      : 292,126,720


Policy 0: 
Timing:
  Play time               : 10.312 s
  Update time             : 0.853 s
  Time to train epoch     : 11.165 s


Statistics:
  fps step                    : 16,133
  fps step + policy inference : 15,888
  fps total                   : 14,674
  epoch                       : 1,784 / 2,000
  frames                      : 292,290,560


Policy 0: 
Timing:
  Play time               : 10.300 s
  Update time             : 0.898 s
  Time to train epoch     : 11.199 s


Statistics:
  fps step                    : 16,146
  fps step + policy inference : 15,906
  fps total                   : 14,631
  epoch                       : 1,785 / 2,000
  frames                      : 292,454,400


Policy 0: 
Timing:
  Play time               : 10.362 s
  Update time             : 0.930 s
  Time to train epoch     : 11.292 s


Statistics:
  fps step                    : 16,057
  fps step + policy inference : 15,812
  fps total                   : 14,509
  epoch                       : 1,786 / 2,000
  frames                      : 292,618,240


Policy 0: 
Timing:
  Play time               : 10.341 s
  Update time             : 0.865 s
  Time to train epoch     : 11.206 s


Statistics:
  fps step                    : 16,093
  fps step + policy inference : 15,843
  fps total                   : 14,620
  epoch                       : 1,787 / 2,000
  frames                      : 292,782,080


Policy 0: 
Timing:
  Play time               : 10.489 s
  Update time             : 0.913 s
  Time to train epoch     : 11.402 s


Statistics:
  fps step                    : 16,035
  fps step + policy inference : 15,620
  fps total                   : 14,369
  epoch                       : 1,788 / 2,000
  frames                      : 292,945,920


Policy 0: 
Timing:
  Play time               : 10.398 s
  Update time             : 0.927 s
  Time to train epoch     : 11.325 s


Statistics:
  fps step                    : 16,021
  fps step + policy inference : 15,757
  fps total                   : 14,467
  epoch                       : 1,789 / 2,000
  frames                      : 293,109,760


Policy 0: 
Timing:
  Play time               : 10.410 s
  Update time             : 0.846 s
  Time to train epoch     : 11.256 s


Statistics:
  fps step                    : 15,983
  fps step + policy inference : 15,739
  fps total                   : 14,556
  epoch                       : 1,790 / 2,000
  frames                      : 293,273,600


Policy 0: 
Timing:
  Play time               : 10.401 s
  Update time             : 0.874 s
  Time to train epoch     : 11.275 s


Statistics:
  fps step                    : 15,995
  fps step + policy inference : 15,752
  fps total                   : 14,531
  epoch                       : 1,791 / 2,000
  frames                      : 293,437,440


Policy 0: 
Timing:
  Play time               : 10.423 s
  Update time             : 0.924 s
  Time to train epoch     : 11.347 s


Statistics:
  fps step                    : 15,974
  fps step + policy inference : 15,719
  fps total                   : 14,439
  epoch                       : 1,792 / 2,000
  frames                      : 293,601,280


Policy 0: 
Timing:
  Play time               : 10.390 s
  Update time             : 0.906 s
  Time to train epoch     : 11.296 s


Statistics:
  fps step                    : 16,023
  fps step + policy inference : 15,769
  fps total                   : 14,504
  epoch                       : 1,793 / 2,000
  frames                      : 293,765,120


Policy 0: 
Timing:
  Play time               : 10.358 s
  Update time             : 0.804 s
  Time to train epoch     : 11.162 s


Statistics:
  fps step                    : 16,054
  fps step + policy inference : 15,818
  fps total                   : 14,678
  epoch                       : 1,794 / 2,000
  frames                      : 293,928,960


Policy 0: 
Timing:
  Play time               : 10.383 s
  Update time             : 0.762 s
  Time to train epoch     : 11.145 s


Statistics:
  fps step                    : 16,012
  fps step + policy inference : 15,780
  fps total                   : 14,701
  epoch                       : 1,795 / 2,000
  frames                      : 294,092,800


Policy 0: 
Timing:
  Play time               : 10.426 s
  Update time             : 0.811 s
  Time to train epoch     : 11.237 s


Statistics:
  fps step                    : 15,959
  fps step + policy inference : 15,714
  fps total                   : 14,581
  epoch                       : 1,796 / 2,000
  frames                      : 294,256,640


Policy 0: 
Timing:
  Play time               : 10.398 s
  Update time             : 0.802 s
  Time to train epoch     : 11.200 s


Statistics:
  fps step                    : 15,999
  fps step + policy inference : 15,757
  fps total                   : 14,629
  epoch                       : 1,797 / 2,000
  frames                      : 294,420,480


Policy 0: 
Timing:
  Play time               : 10.391 s
  Update time             : 0.816 s
  Time to train epoch     : 11.207 s


Statistics:
  fps step                    : 16,008
  fps step + policy inference : 15,768
  fps total                   : 14,620
  epoch                       : 1,798 / 2,000
  frames                      : 294,584,320


Policy 0: 
Timing:
  Play time               : 10.395 s
  Update time             : 0.870 s
  Time to train epoch     : 11.265 s


Statistics:
  fps step                    : 16,006
  fps step + policy inference : 15,762
  fps total                   : 14,544
  epoch                       : 1,799 / 2,000
  frames                      : 294,748,160


Policy 0: 
Timing:
  Play time               : 10.375 s
  Update time             : 0.899 s
  Time to train epoch     : 11.275 s


Statistics:
  fps step                    : 16,031
  fps step + policy inference : 15,792
  fps total                   : 14,532
  epoch                       : 1,800 / 2,000
  frames                      : 294,912,000


Policy 0: 
Timing:
  Play time               : 10.374 s
  Update time             : 0.893 s
  Time to train epoch     : 11.267 s


Statistics:
  fps step                    : 16,033
  fps step + policy inference : 15,793
  fps total                   : 14,541
  epoch                       : 1,801 / 2,000
  frames                      : 295,075,840


Policy 0: 
Timing:
  Play time               : 10.389 s
  Update time             : 0.854 s
  Time to train epoch     : 11.243 s


Statistics:
  fps step                    : 16,014
  fps step + policy inference : 15,771
  fps total                   : 14,572
  epoch                       : 1,802 / 2,000
  frames                      : 295,239,680


Policy 0: 
Timing:
  Play time               : 10.407 s
  Update time             : 0.821 s
  Time to train epoch     : 11.228 s


Statistics:
  fps step                    : 15,990
  fps step + policy inference : 15,743
  fps total                   : 14,592
  epoch                       : 1,803 / 2,000
  frames                      : 295,403,520


Policy 0: 
Timing:
  Play time               : 10.413 s
  Update time             : 0.810 s
  Time to train epoch     : 11.223 s


Statistics:
  fps step                    : 15,975
  fps step + policy inference : 15,735
  fps total                   : 14,599
  epoch                       : 1,804 / 2,000
  frames                      : 295,567,360


Policy 0: 
Timing:
  Play time               : 10.354 s
  Update time             : 0.808 s
  Time to train epoch     : 11.162 s


Statistics:
  fps step                    : 16,067
  fps step + policy inference : 15,824
  fps total                   : 14,678
  epoch                       : 1,805 / 2,000
  frames                      : 295,731,200


Policy 0: 
Timing:
  Play time               : 10.410 s
  Update time             : 0.857 s
  Time to train epoch     : 11.267 s


Statistics:
  fps step                    : 15,987
  fps step + policy inference : 15,739
  fps total                   : 14,541
  epoch                       : 1,806 / 2,000
  frames                      : 295,895,040


Policy 0: 
Timing:
  Play time               : 10.533 s
  Update time             : 0.944 s
  Time to train epoch     : 11.477 s


Statistics:
  fps step                    : 15,972
  fps step + policy inference : 15,555
  fps total                   : 14,276
  epoch                       : 1,807 / 2,000
  frames                      : 296,058,880


Policy 0: 
Timing:
  Play time               : 10.388 s
  Update time             : 1.046 s
  Time to train epoch     : 11.434 s


Statistics:
  fps step                    : 16,029
  fps step + policy inference : 15,772
  fps total                   : 14,329
  epoch                       : 1,808 / 2,000
  frames                      : 296,222,720


Policy 0: 
Timing:
  Play time               : 10.387 s
  Update time             : 0.970 s
  Time to train epoch     : 11.356 s


Statistics:
  fps step                    : 16,022
  fps step + policy inference : 15,774
  fps total                   : 14,427
  epoch                       : 1,809 / 2,000
  frames                      : 296,386,560


Policy 0: 
Timing:
  Play time               : 10.348 s
  Update time             : 0.968 s
  Time to train epoch     : 11.315 s


Statistics:
  fps step                    : 16,072
  fps step + policy inference : 15,834
  fps total                   : 14,479
  epoch                       : 1,810 / 2,000
  frames                      : 296,550,400


Policy 0: 
Timing:
  Play time               : 10.460 s
  Update time             : 0.974 s
  Time to train epoch     : 11.433 s


Statistics:
  fps step                    : 15,908
  fps step + policy inference : 15,664
  fps total                   : 14,330
  epoch                       : 1,811 / 2,000
  frames                      : 296,714,240


Policy 0: 
Timing:
  Play time               : 10.634 s
  Update time             : 0.972 s
  Time to train epoch     : 11.606 s


Statistics:
  fps step                    : 15,644
  fps step + policy inference : 15,407
  fps total                   : 14,117
  epoch                       : 1,812 / 2,000
  frames                      : 296,878,080


Policy 0: 
Timing:
  Play time               : 10.504 s
  Update time             : 0.861 s
  Time to train epoch     : 11.366 s


Statistics:
  fps step                    : 15,826
  fps step + policy inference : 15,597
  fps total                   : 14,415
  epoch                       : 1,813 / 2,000
  frames                      : 297,041,920


Policy 0: 
Timing:
  Play time               : 10.509 s
  Update time             : 0.953 s
  Time to train epoch     : 11.462 s


Statistics:
  fps step                    : 15,823
  fps step + policy inference : 15,590
  fps total                   : 14,294
  epoch                       : 1,814 / 2,000
  frames                      : 297,205,760


Policy 0: 
Timing:
  Play time               : 10.544 s
  Update time             : 0.931 s
  Time to train epoch     : 11.475 s


Statistics:
  fps step                    : 15,773
  fps step + policy inference : 15,538
  fps total                   : 14,278
  epoch                       : 1,815 / 2,000
  frames                      : 297,369,600


Policy 0: 
Timing:
  Play time               : 10.441 s
  Update time             : 0.937 s
  Time to train epoch     : 11.377 s


Statistics:
  fps step                    : 15,937
  fps step + policy inference : 15,693
  fps total                   : 14,401
  epoch                       : 1,816 / 2,000
  frames                      : 297,533,440


Policy 0: 
Timing:
  Play time               : 10.533 s
  Update time             : 0.990 s
  Time to train epoch     : 11.523 s


Statistics:
  fps step                    : 15,797
  fps step + policy inference : 15,554
  fps total                   : 14,219
  epoch                       : 1,817 / 2,000
  frames                      : 297,697,280


Policy 0: 
Timing:
  Play time               : 10.565 s
  Update time             : 0.872 s
  Time to train epoch     : 11.437 s


Statistics:
  fps step                    : 15,748
  fps step + policy inference : 15,508
  fps total                   : 14,325
  epoch                       : 1,818 / 2,000
  frames                      : 297,861,120


Policy 0: 
Timing:
  Play time               : 10.721 s
  Update time             : 0.885 s
  Time to train epoch     : 11.606 s


Statistics:
  fps step                    : 15,512
  fps step + policy inference : 15,282
  fps total                   : 14,117
  epoch                       : 1,819 / 2,000
  frames                      : 298,024,960


Policy 0: 
Timing:
  Play time               : 10.634 s
  Update time             : 0.933 s
  Time to train epoch     : 11.567 s


Statistics:
  fps step                    : 15,634
  fps step + policy inference : 15,407
  fps total                   : 14,164
  epoch                       : 1,820 / 2,000
  frames                      : 298,188,800


Policy 0: 
Timing:
  Play time               : 10.637 s
  Update time             : 0.873 s
  Time to train epoch     : 11.510 s


Statistics:
  fps step                    : 15,640
  fps step + policy inference : 15,403
  fps total                   : 14,234
  epoch                       : 1,821 / 2,000
  frames                      : 298,352,640


Policy 0: 
Timing:
  Play time               : 10.657 s
  Update time             : 0.968 s
  Time to train epoch     : 11.625 s


Statistics:
  fps step                    : 15,606
  fps step + policy inference : 15,374
  fps total                   : 14,094
  epoch                       : 1,822 / 2,000
  frames                      : 298,516,480


Policy 0: 
Timing:
  Play time               : 10.716 s
  Update time             : 0.925 s
  Time to train epoch     : 11.641 s


Statistics:
  fps step                    : 15,519
  fps step + policy inference : 15,289
  fps total                   : 14,075
  epoch                       : 1,823 / 2,000
  frames                      : 298,680,320


Policy 0: 
Timing:
  Play time               : 10.712 s
  Update time             : 1.001 s
  Time to train epoch     : 11.713 s


Statistics:
  fps step                    : 15,536
  fps step + policy inference : 15,295
  fps total                   : 13,988
  epoch                       : 1,824 / 2,000
  frames                      : 298,844,160


Policy 0: 
Timing:
  Play time               : 10.840 s
  Update time             : 0.992 s
  Time to train epoch     : 11.831 s


Statistics:
  fps step                    : 15,473
  fps step + policy inference : 15,115
  fps total                   : 13,848
  epoch                       : 1,825 / 2,000
  frames                      : 299,008,000


Policy 0: 
Timing:
  Play time               : 10.527 s
  Update time             : 1.120 s
  Time to train epoch     : 11.647 s


Statistics:
  fps step                    : 15,857
  fps step + policy inference : 15,564
  fps total                   : 14,067
  epoch                       : 1,826 / 2,000
  frames                      : 299,171,840


Policy 0: 
Timing:
  Play time               : 10.465 s
  Update time             : 1.037 s
  Time to train epoch     : 11.502 s


Statistics:
  fps step                    : 15,911
  fps step + policy inference : 15,656
  fps total                   : 14,245
  epoch                       : 1,827 / 2,000
  frames                      : 299,335,680


Policy 0: 
Timing:
  Play time               : 10.469 s
  Update time             : 0.992 s
  Time to train epoch     : 11.461 s


Statistics:
  fps step                    : 15,894
  fps step + policy inference : 15,650
  fps total                   : 14,295
  epoch                       : 1,828 / 2,000
  frames                      : 299,499,520


Policy 0: 
Timing:
  Play time               : 10.715 s
  Update time             : 0.961 s
  Time to train epoch     : 11.676 s


Statistics:
  fps step                    : 15,516
  fps step + policy inference : 15,290
  fps total                   : 14,032
  epoch                       : 1,829 / 2,000
  frames                      : 299,663,360


Policy 0: 
Timing:
  Play time               : 10.735 s
  Update time             : 0.971 s
  Time to train epoch     : 11.706 s


Statistics:
  fps step                    : 15,492
  fps step + policy inference : 15,262
  fps total                   : 13,996
  epoch                       : 1,830 / 2,000
  frames                      : 299,827,200


Policy 0: 
Timing:
  Play time               : 10.742 s
  Update time             : 0.946 s
  Time to train epoch     : 11.688 s


Statistics:
  fps step                    : 15,481
  fps step + policy inference : 15,252
  fps total                   : 14,018
  epoch                       : 1,831 / 2,000
  frames                      : 299,991,040


Policy 0: 
Timing:
  Play time               : 10.599 s
  Update time             : 0.902 s
  Time to train epoch     : 11.501 s


Statistics:
  fps step                    : 15,682
  fps step + policy inference : 15,458
  fps total                   : 14,246
  epoch                       : 1,832 / 2,000
  frames                      : 300,154,880


Policy 0: 
Timing:
  Play time               : 10.699 s
  Update time             : 0.852 s
  Time to train epoch     : 11.551 s


Statistics:
  fps step                    : 15,543
  fps step + policy inference : 15,313
  fps total                   : 14,184
  epoch                       : 1,833 / 2,000
  frames                      : 300,318,720


Policy 0: 
Timing:
  Play time               : 10.618 s
  Update time             : 0.979 s
  Time to train epoch     : 11.597 s


Statistics:
  fps step                    : 15,661
  fps step + policy inference : 15,431
  fps total                   : 14,128
  epoch                       : 1,834 / 2,000
  frames                      : 300,482,560


Policy 0: 
Timing:
  Play time               : 10.698 s
  Update time             : 0.904 s
  Time to train epoch     : 11.602 s


Statistics:
  fps step                    : 15,543
  fps step + policy inference : 15,315
  fps total                   : 14,122
  epoch                       : 1,835 / 2,000
  frames                      : 300,646,400


Policy 0: 
Timing:
  Play time               : 10.684 s
  Update time             : 0.838 s
  Time to train epoch     : 11.522 s


Statistics:
  fps step                    : 15,570
  fps step + policy inference : 15,335
  fps total                   : 14,219
  epoch                       : 1,836 / 2,000
  frames                      : 300,810,240


Policy 0: 
Timing:
  Play time               : 10.406 s
  Update time             : 0.884 s
  Time to train epoch     : 11.290 s


Statistics:
  fps step                    : 15,989
  fps step + policy inference : 15,745
  fps total                   : 14,511
  epoch                       : 1,837 / 2,000
  frames                      : 300,974,080


Policy 0: 
Timing:
  Play time               : 10.381 s
  Update time             : 0.952 s
  Time to train epoch     : 11.333 s


Statistics:
  fps step                    : 16,030
  fps step + policy inference : 15,782
  fps total                   : 14,457
  epoch                       : 1,838 / 2,000
  frames                      : 301,137,920


Policy 0: 
Timing:
  Play time               : 10.357 s
  Update time             : 0.889 s
  Time to train epoch     : 11.246 s


Statistics:
  fps step                    : 16,062
  fps step + policy inference : 15,820
  fps total                   : 14,569
  epoch                       : 1,839 / 2,000
  frames                      : 301,301,760


Policy 0: 
Timing:
  Play time               : 10.378 s
  Update time             : 0.819 s
  Time to train epoch     : 11.197 s


Statistics:
  fps step                    : 16,040
  fps step + policy inference : 15,787
  fps total                   : 14,633
  epoch                       : 1,840 / 2,000
  frames                      : 301,465,600


Policy 0: 
Timing:
  Play time               : 10.360 s
  Update time             : 0.826 s
  Time to train epoch     : 11.185 s


Statistics:
  fps step                    : 16,062
  fps step + policy inference : 15,815
  fps total                   : 14,648
  epoch                       : 1,841 / 2,000
  frames                      : 301,629,440


Policy 0: 
Timing:
  Play time               : 10.400 s
  Update time             : 0.945 s
  Time to train epoch     : 11.345 s


Statistics:
  fps step                    : 16,000
  fps step + policy inference : 15,755
  fps total                   : 14,442
  epoch                       : 1,842 / 2,000
  frames                      : 301,793,280


Policy 0: 
Timing:
  Play time               : 10.386 s
  Update time             : 0.982 s
  Time to train epoch     : 11.368 s


Statistics:
  fps step                    : 16,023
  fps step + policy inference : 15,775
  fps total                   : 14,413
  epoch                       : 1,843 / 2,000
  frames                      : 301,957,120


Policy 0: 
Timing:
  Play time               : 10.549 s
  Update time             : 0.893 s
  Time to train epoch     : 11.442 s


Statistics:
  fps step                    : 15,938
  fps step + policy inference : 15,532
  fps total                   : 14,320
  epoch                       : 1,844 / 2,000
  frames                      : 302,120,960


Policy 0: 
Timing:
  Play time               : 10.417 s
  Update time             : 0.990 s
  Time to train epoch     : 11.407 s


Statistics:
  fps step                    : 16,008
  fps step + policy inference : 15,728
  fps total                   : 14,363
  epoch                       : 1,845 / 2,000
  frames                      : 302,284,800


Policy 0: 
Timing:
  Play time               : 10.413 s
  Update time             : 1.038 s
  Time to train epoch     : 11.451 s


Statistics:
  fps step                    : 15,990
  fps step + policy inference : 15,735
  fps total                   : 14,308
  epoch                       : 1,846 / 2,000
  frames                      : 302,448,640


Policy 0: 
Timing:
  Play time               : 10.377 s
  Update time             : 0.937 s
  Time to train epoch     : 11.314 s


Statistics:
  fps step                    : 16,035
  fps step + policy inference : 15,789
  fps total                   : 14,481
  epoch                       : 1,847 / 2,000
  frames                      : 302,612,480


Policy 0: 
Timing:
  Play time               : 10.370 s
  Update time             : 0.800 s
  Time to train epoch     : 11.170 s


Statistics:
  fps step                    : 16,045
  fps step + policy inference : 15,800
  fps total                   : 14,668
  epoch                       : 1,848 / 2,000
  frames                      : 302,776,320


Policy 0: 
Timing:
  Play time               : 10.384 s
  Update time             : 0.801 s
  Time to train epoch     : 11.185 s


Statistics:
  fps step                    : 16,023
  fps step + policy inference : 15,778
  fps total                   : 14,648
  epoch                       : 1,849 / 2,000
  frames                      : 302,940,160


Policy 0: 
Timing:
  Play time               : 10.393 s
  Update time             : 1.035 s
  Time to train epoch     : 11.428 s


Statistics:
  fps step                    : 16,003
  fps step + policy inference : 15,765
  fps total                   : 14,337
  epoch                       : 1,850 / 2,000
  frames                      : 303,104,000


Policy 0: 
Timing:
  Play time               : 10.392 s
  Update time             : 0.910 s
  Time to train epoch     : 11.302 s


Statistics:
  fps step                    : 16,006
  fps step + policy inference : 15,766
  fps total                   : 14,497
  epoch                       : 1,851 / 2,000
  frames                      : 303,267,840


Policy 0: 
Timing:
  Play time               : 10.410 s
  Update time             : 0.988 s
  Time to train epoch     : 11.398 s


Statistics:
  fps step                    : 15,986
  fps step + policy inference : 15,739
  fps total                   : 14,375
  epoch                       : 1,852 / 2,000
  frames                      : 303,431,680


Policy 0: 
Timing:
  Play time               : 10.372 s
  Update time             : 0.970 s
  Time to train epoch     : 11.342 s


Statistics:
  fps step                    : 16,041
  fps step + policy inference : 15,797
  fps total                   : 14,446
  epoch                       : 1,853 / 2,000
  frames                      : 303,595,520


Policy 0: 
Timing:
  Play time               : 10.374 s
  Update time             : 0.936 s
  Time to train epoch     : 11.310 s


Statistics:
  fps step                    : 16,033
  fps step + policy inference : 15,793
  fps total                   : 14,486
  epoch                       : 1,854 / 2,000
  frames                      : 303,759,360


Policy 0: 
Timing:
  Play time               : 10.360 s
  Update time             : 0.945 s
  Time to train epoch     : 11.306 s


Statistics:
  fps step                    : 16,061
  fps step + policy inference : 15,814
  fps total                   : 14,492
  epoch                       : 1,855 / 2,000
  frames                      : 303,923,200


Policy 0: 
Timing:
  Play time               : 10.379 s
  Update time             : 0.939 s
  Time to train epoch     : 11.318 s


Statistics:
  fps step                    : 16,029
  fps step + policy inference : 15,785
  fps total                   : 14,476
  epoch                       : 1,856 / 2,000
  frames                      : 304,087,040


Policy 0: 
Timing:
  Play time               : 10.354 s
  Update time             : 0.938 s
  Time to train epoch     : 11.292 s


Statistics:
  fps step                    : 16,067
  fps step + policy inference : 15,823
  fps total                   : 14,509
  epoch                       : 1,857 / 2,000
  frames                      : 304,250,880


Policy 0: 
Timing:
  Play time               : 10.372 s
  Update time             : 0.881 s
  Time to train epoch     : 11.253 s


Statistics:
  fps step                    : 16,041
  fps step + policy inference : 15,796
  fps total                   : 14,559
  epoch                       : 1,858 / 2,000
  frames                      : 304,414,720


Policy 0: 
Timing:
  Play time               : 10.353 s
  Update time             : 0.941 s
  Time to train epoch     : 11.294 s


Statistics:
  fps step                    : 16,070
  fps step + policy inference : 15,825
  fps total                   : 14,507
  epoch                       : 1,859 / 2,000
  frames                      : 304,578,560


Policy 0: 
Timing:
  Play time               : 10.378 s
  Update time             : 0.928 s
  Time to train epoch     : 11.306 s


Statistics:
  fps step                    : 16,030
  fps step + policy inference : 15,787
  fps total                   : 14,491
  epoch                       : 1,860 / 2,000
  frames                      : 304,742,400


Policy 0: 
Timing:
  Play time               : 10.383 s
  Update time             : 0.823 s
  Time to train epoch     : 11.206 s


Statistics:
  fps step                    : 16,024
  fps step + policy inference : 15,779
  fps total                   : 14,621
  epoch                       : 1,861 / 2,000
  frames                      : 304,906,240


Policy 0: 
Timing:
  Play time               : 10.370 s
  Update time             : 1.015 s
  Time to train epoch     : 11.385 s


Statistics:
  fps step                    : 16,048
  fps step + policy inference : 15,799
  fps total                   : 14,391
  epoch                       : 1,862 / 2,000
  frames                      : 305,070,080


Policy 0: 
Timing:
  Play time               : 10.524 s
  Update time             : 1.048 s
  Time to train epoch     : 11.572 s


Statistics:
  fps step                    : 15,975
  fps step + policy inference : 15,568
  fps total                   : 14,158
  epoch                       : 1,863 / 2,000
  frames                      : 305,233,920


Policy 0: 
Timing:
  Play time               : 10.412 s
  Update time             : 0.937 s
  Time to train epoch     : 11.349 s


Statistics:
  fps step                    : 15,998
  fps step + policy inference : 15,736
  fps total                   : 14,437
  epoch                       : 1,864 / 2,000
  frames                      : 305,397,760


Policy 0: 
Timing:
  Play time               : 10.401 s
  Update time             : 0.915 s
  Time to train epoch     : 11.316 s


Statistics:
  fps step                    : 15,999
  fps step + policy inference : 15,752
  fps total                   : 14,479
  epoch                       : 1,865 / 2,000
  frames                      : 305,561,600


Policy 0: 
Timing:
  Play time               : 10.392 s
  Update time             : 0.973 s
  Time to train epoch     : 11.365 s


Statistics:
  fps step                    : 16,014
  fps step + policy inference : 15,766
  fps total                   : 14,416
  epoch                       : 1,866 / 2,000
  frames                      : 305,725,440


Policy 0: 
Timing:
  Play time               : 10.387 s
  Update time             : 0.866 s
  Time to train epoch     : 11.253 s


Statistics:
  fps step                    : 16,014
  fps step + policy inference : 15,774
  fps total                   : 14,560
  epoch                       : 1,867 / 2,000
  frames                      : 305,889,280


Policy 0: 
Timing:
  Play time               : 10.394 s
  Update time             : 0.864 s
  Time to train epoch     : 11.259 s


Statistics:
  fps step                    : 16,006
  fps step + policy inference : 15,763
  fps total                   : 14,553
  epoch                       : 1,868 / 2,000
  frames                      : 306,053,120


Policy 0: 
Timing:
  Play time               : 10.338 s
  Update time             : 0.870 s
  Time to train epoch     : 11.207 s


Statistics:
  fps step                    : 16,081
  fps step + policy inference : 15,849
  fps total                   : 14,619
  epoch                       : 1,869 / 2,000
  frames                      : 306,216,960


Policy 0: 
Timing:
  Play time               : 10.364 s
  Update time             : 0.896 s
  Time to train epoch     : 11.259 s


Statistics:
  fps step                    : 16,044
  fps step + policy inference : 15,809
  fps total                   : 14,551
  epoch                       : 1,870 / 2,000
  frames                      : 306,380,800


Policy 0: 
Timing:
  Play time               : 10.412 s
  Update time             : 0.860 s
  Time to train epoch     : 11.271 s


Statistics:
  fps step                    : 15,982
  fps step + policy inference : 15,736
  fps total                   : 14,536
  epoch                       : 1,871 / 2,000
  frames                      : 306,544,640


Policy 0: 
Timing:
  Play time               : 10.364 s
  Update time             : 0.811 s
  Time to train epoch     : 11.175 s


Statistics:
  fps step                    : 16,055
  fps step + policy inference : 15,809
  fps total                   : 14,662
  epoch                       : 1,872 / 2,000
  frames                      : 306,708,480


Policy 0: 
Timing:
  Play time               : 10.409 s
  Update time             : 0.937 s
  Time to train epoch     : 11.346 s


Statistics:
  fps step                    : 15,985
  fps step + policy inference : 15,740
  fps total                   : 14,440
  epoch                       : 1,873 / 2,000
  frames                      : 306,872,320


Policy 0: 
Timing:
  Play time               : 10.413 s
  Update time             : 0.980 s
  Time to train epoch     : 11.394 s


Statistics:
  fps step                    : 15,980
  fps step + policy inference : 15,734
  fps total                   : 14,380
  epoch                       : 1,874 / 2,000
  frames                      : 307,036,160


Policy 0: 
Timing:
  Play time               : 10.396 s
  Update time             : 0.845 s
  Time to train epoch     : 11.241 s


Statistics:
  fps step                    : 16,003
  fps step + policy inference : 15,761
  fps total                   : 14,575
  epoch                       : 1,875 / 2,000
  frames                      : 307,200,000


Policy 0: 
Timing:
  Play time               : 10.371 s
  Update time             : 0.804 s
  Time to train epoch     : 11.175 s


Statistics:
  fps step                    : 16,040
  fps step + policy inference : 15,798
  fps total                   : 14,661
  epoch                       : 1,876 / 2,000
  frames                      : 307,363,840


Policy 0: 
Timing:
  Play time               : 10.390 s
  Update time             : 0.938 s
  Time to train epoch     : 11.328 s


Statistics:
  fps step                    : 16,016
  fps step + policy inference : 15,769
  fps total                   : 14,464
  epoch                       : 1,877 / 2,000
  frames                      : 307,527,680


Policy 0: 
Timing:
  Play time               : 10.440 s
  Update time             : 0.982 s
  Time to train epoch     : 11.422 s


Statistics:
  fps step                    : 15,940
  fps step + policy inference : 15,693
  fps total                   : 14,344
  epoch                       : 1,878 / 2,000
  frames                      : 307,691,520


Policy 0: 
Timing:
  Play time               : 10.379 s
  Update time             : 0.936 s
  Time to train epoch     : 11.315 s


Statistics:
  fps step                    : 16,029
  fps step + policy inference : 15,785
  fps total                   : 14,480
  epoch                       : 1,879 / 2,000
  frames                      : 307,855,360


Policy 0: 
Timing:
  Play time               : 10.389 s
  Update time             : 0.981 s
  Time to train epoch     : 11.370 s


Statistics:
  fps step                    : 16,016
  fps step + policy inference : 15,770
  fps total                   : 14,410
  epoch                       : 1,880 / 2,000
  frames                      : 308,019,200


Policy 0: 
Timing:
  Play time               : 10.391 s
  Update time             : 1.020 s
  Time to train epoch     : 11.411 s


Statistics:
  fps step                    : 16,015
  fps step + policy inference : 15,767
  fps total                   : 14,358
  epoch                       : 1,881 / 2,000
  frames                      : 308,183,040


Policy 0: 
Timing:
  Play time               : 10.528 s
  Update time             : 1.063 s
  Time to train epoch     : 11.591 s


Statistics:
  fps step                    : 15,973
  fps step + policy inference : 15,563
  fps total                   : 14,135
  epoch                       : 1,882 / 2,000
  frames                      : 308,346,880


Policy 0: 
Timing:
  Play time               : 10.366 s
  Update time             : 1.056 s
  Time to train epoch     : 11.422 s


Statistics:
  fps step                    : 16,066
  fps step + policy inference : 15,805
  fps total                   : 14,344
  epoch                       : 1,883 / 2,000
  frames                      : 308,510,720


Policy 0: 
Timing:
  Play time               : 10.386 s
  Update time             : 0.994 s
  Time to train epoch     : 11.380 s


Statistics:
  fps step                    : 16,023
  fps step + policy inference : 15,775
  fps total                   : 14,397
  epoch                       : 1,884 / 2,000
  frames                      : 308,674,560


Policy 0: 
Timing:
  Play time               : 10.350 s
  Update time             : 0.964 s
  Time to train epoch     : 11.313 s


Statistics:
  fps step                    : 16,074
  fps step + policy inference : 15,831
  fps total                   : 14,482
  epoch                       : 1,885 / 2,000
  frames                      : 308,838,400


Policy 0: 
Timing:
  Play time               : 10.375 s
  Update time             : 0.866 s
  Time to train epoch     : 11.240 s


Statistics:
  fps step                    : 16,036
  fps step + policy inference : 15,792
  fps total                   : 14,576
  epoch                       : 1,886 / 2,000
  frames                      : 309,002,240


Policy 0: 
Timing:
  Play time               : 10.362 s
  Update time             : 0.984 s
  Time to train epoch     : 11.346 s


Statistics:
  fps step                    : 16,059
  fps step + policy inference : 15,812
  fps total                   : 14,441
  epoch                       : 1,887 / 2,000
  frames                      : 309,166,080


Policy 0: 
Timing:
  Play time               : 10.325 s
  Update time             : 0.894 s
  Time to train epoch     : 11.219 s


Statistics:
  fps step                    : 16,106
  fps step + policy inference : 15,869
  fps total                   : 14,604
  epoch                       : 1,888 / 2,000
  frames                      : 309,329,920


Policy 0: 
Timing:
  Play time               : 10.369 s
  Update time             : 0.809 s
  Time to train epoch     : 11.177 s


Statistics:
  fps step                    : 16,046
  fps step + policy inference : 15,802
  fps total                   : 14,658
  epoch                       : 1,889 / 2,000
  frames                      : 309,493,760


Policy 0: 
Timing:
  Play time               : 10.367 s
  Update time             : 1.005 s
  Time to train epoch     : 11.372 s


Statistics:
  fps step                    : 16,052
  fps step + policy inference : 15,804
  fps total                   : 14,407
  epoch                       : 1,890 / 2,000
  frames                      : 309,657,600


Policy 0: 
Timing:
  Play time               : 10.354 s
  Update time             : 0.962 s
  Time to train epoch     : 11.316 s


Statistics:
  fps step                    : 16,071
  fps step + policy inference : 15,824
  fps total                   : 14,479
  epoch                       : 1,891 / 2,000
  frames                      : 309,821,440


Policy 0: 
Timing:
  Play time               : 10.377 s
  Update time             : 0.871 s
  Time to train epoch     : 11.248 s


Statistics:
  fps step                    : 16,032
  fps step + policy inference : 15,788
  fps total                   : 14,566
  epoch                       : 1,892 / 2,000
  frames                      : 309,985,280


Policy 0: 
Timing:
  Play time               : 10.339 s
  Update time             : 0.983 s
  Time to train epoch     : 11.322 s


Statistics:
  fps step                    : 16,094
  fps step + policy inference : 15,846
  fps total                   : 14,470
  epoch                       : 1,893 / 2,000
  frames                      : 310,149,120


Policy 0: 
Timing:
  Play time               : 10.369 s
  Update time             : 0.901 s
  Time to train epoch     : 11.269 s


Statistics:
  fps step                    : 16,045
  fps step + policy inference : 15,801
  fps total                   : 14,538
  epoch                       : 1,894 / 2,000
  frames                      : 310,312,960


Policy 0: 
Timing:
  Play time               : 10.383 s
  Update time             : 0.796 s
  Time to train epoch     : 11.179 s


Statistics:
  fps step                    : 16,028
  fps step + policy inference : 15,780
  fps total                   : 14,656
  epoch                       : 1,895 / 2,000
  frames                      : 310,476,800


Policy 0: 
Timing:
  Play time               : 10.382 s
  Update time             : 0.903 s
  Time to train epoch     : 11.285 s


Statistics:
  fps step                    : 16,031
  fps step + policy inference : 15,781
  fps total                   : 14,518
  epoch                       : 1,896 / 2,000
  frames                      : 310,640,640


Policy 0: 
Timing:
  Play time               : 10.370 s
  Update time             : 0.974 s
  Time to train epoch     : 11.344 s


Statistics:
  fps step                    : 16,046
  fps step + policy inference : 15,799
  fps total                   : 14,443
  epoch                       : 1,897 / 2,000
  frames                      : 310,804,480


Policy 0: 
Timing:
  Play time               : 10.377 s
  Update time             : 0.867 s
  Time to train epoch     : 11.244 s


Statistics:
  fps step                    : 16,034
  fps step + policy inference : 15,789
  fps total                   : 14,572
  epoch                       : 1,898 / 2,000
  frames                      : 310,968,320


Policy 0: 
Timing:
  Play time               : 10.359 s
  Update time             : 0.842 s
  Time to train epoch     : 11.200 s


Statistics:
  fps step                    : 16,060
  fps step + policy inference : 15,817
  fps total                   : 14,628
  epoch                       : 1,899 / 2,000
  frames                      : 311,132,160


Policy 0: 
Timing:
  Play time               : 10.460 s
  Update time             : 0.933 s
  Time to train epoch     : 11.393 s


Statistics:
  fps step                    : 16,037
  fps step + policy inference : 15,663
  fps total                   : 14,381
  epoch                       : 1,900 / 2,000
  frames                      : 311,296,000


Policy 0: 
Timing:
  Play time               : 10.448 s
  Update time             : 1.117 s
  Time to train epoch     : 11.565 s


Statistics:
  fps step                    : 15,976
  fps step + policy inference : 15,681
  fps total                   : 14,166
  epoch                       : 1,901 / 2,000
  frames                      : 311,459,840


Policy 0: saving next best rewards:  [986.49]
=> saving checkpoint 'runs/hold_r3_dense1_seed2902/nn/hold_r3_dense1_seed2902.pth'

Timing:
  Play time               : 10.390 s
  Update time             : 0.981 s
  Time to train epoch     : 11.370 s


Statistics:
  fps step                    : 16,025
  fps step + policy inference : 15,770
  fps total                   : 14,409
  epoch                       : 1,902 / 2,000
  frames                      : 311,623,680


Policy 0: 
Timing:
  Play time               : 10.356 s
  Update time             : 0.847 s
  Time to train epoch     : 11.203 s


Statistics:
  fps step                    : 16,074
  fps step + policy inference : 15,821
  fps total                   : 14,625
  epoch                       : 1,903 / 2,000
  frames                      : 311,787,520


Policy 0: 
Timing:
  Play time               : 10.382 s
  Update time             : 0.799 s
  Time to train epoch     : 11.181 s


Statistics:
  fps step                    : 16,026
  fps step + policy inference : 15,781
  fps total                   : 14,653
  epoch                       : 1,904 / 2,000
  frames                      : 311,951,360


Policy 0: saving next best rewards:  [986.49]
=> saving checkpoint 'runs/hold_r3_dense1_seed2902/nn/hold_r3_dense1_seed2902.pth'

Timing:
  Play time               : 10.418 s
  Update time             : 0.885 s
  Time to train epoch     : 11.303 s


Statistics:
  fps step                    : 15,975
  fps step + policy inference : 15,727
  fps total                   : 14,495
  epoch                       : 1,905 / 2,000
  frames                      : 312,115,200


Policy 0: 
Timing:
  Play time               : 10.364 s
  Update time             : 0.937 s
  Time to train epoch     : 11.301 s


Statistics:
  fps step                    : 16,065
  fps step + policy inference : 15,809
  fps total                   : 14,498
  epoch                       : 1,906 / 2,000
  frames                      : 312,279,040


Policy 0: 
Timing:
  Play time               : 10.344 s
  Update time             : 0.891 s
  Time to train epoch     : 11.236 s


Statistics:
  fps step                    : 16,075
  fps step + policy inference : 15,839
  fps total                   : 14,582
  epoch                       : 1,907 / 2,000
  frames                      : 312,442,880


Policy 0: 
Timing:
  Play time               : 10.380 s
  Update time             : 0.835 s
  Time to train epoch     : 11.215 s


Statistics:
  fps step                    : 16,030
  fps step + policy inference : 15,784
  fps total                   : 14,609
  epoch                       : 1,908 / 2,000
  frames                      : 312,606,720


Policy 0: 
Timing:
  Play time               : 10.378 s
  Update time             : 0.830 s
  Time to train epoch     : 11.208 s


Statistics:
  fps step                    : 16,034
  fps step + policy inference : 15,787
  fps total                   : 14,618
  epoch                       : 1,909 / 2,000
  frames                      : 312,770,560


Policy 0: 
Timing:
  Play time               : 10.389 s
  Update time             : 0.769 s
  Time to train epoch     : 11.158 s


Statistics:
  fps step                    : 16,013
  fps step + policy inference : 15,771
  fps total                   : 14,683
  epoch                       : 1,910 / 2,000
  frames                      : 312,934,400


Policy 0: 
Timing:
  Play time               : 10.417 s
  Update time             : 0.828 s
  Time to train epoch     : 11.244 s


Statistics:
  fps step                    : 15,975
  fps step + policy inference : 15,729
  fps total                   : 14,571
  epoch                       : 1,911 / 2,000
  frames                      : 313,098,240


Policy 0: 
Timing:
  Play time               : 10.400 s
  Update time             : 0.921 s
  Time to train epoch     : 11.321 s


Statistics:
  fps step                    : 15,998
  fps step + policy inference : 15,754
  fps total                   : 14,473
  epoch                       : 1,912 / 2,000
  frames                      : 313,262,080


Policy 0: 
Timing:
  Play time               : 10.381 s
  Update time             : 0.942 s
  Time to train epoch     : 11.323 s


Statistics:
  fps step                    : 16,030
  fps step + policy inference : 15,783
  fps total                   : 14,470
  epoch                       : 1,913 / 2,000
  frames                      : 313,425,920


Policy 0: 
Timing:
  Play time               : 10.352 s
  Update time             : 0.834 s
  Time to train epoch     : 11.186 s


Statistics:
  fps step                    : 16,066
  fps step + policy inference : 15,826
  fps total                   : 14,646
  epoch                       : 1,914 / 2,000
  frames                      : 313,589,760


Policy 0: 
Timing:
  Play time               : 10.376 s
  Update time             : 0.837 s
  Time to train epoch     : 11.212 s


Statistics:
  fps step                    : 16,039
  fps step + policy inference : 15,791
  fps total                   : 14,612
  epoch                       : 1,915 / 2,000
  frames                      : 313,753,600


Policy 0: 
Timing:
  Play time               : 10.367 s
  Update time             : 0.820 s
  Time to train epoch     : 11.187 s


Statistics:
  fps step                    : 16,049
  fps step + policy inference : 15,804
  fps total                   : 14,646
  epoch                       : 1,916 / 2,000
  frames                      : 313,917,440


Policy 0: 
Timing:
  Play time               : 10.403 s
  Update time             : 0.864 s
  Time to train epoch     : 11.267 s


Statistics:
  fps step                    : 15,990
  fps step + policy inference : 15,749
  fps total                   : 14,541
  epoch                       : 1,917 / 2,000
  frames                      : 314,081,280


Policy 0: 
Timing:
  Play time               : 10.377 s
  Update time             : 0.992 s
  Time to train epoch     : 11.368 s


Statistics:
  fps step                    : 16,032
  fps step + policy inference : 15,789
  fps total                   : 14,412
  epoch                       : 1,918 / 2,000
  frames                      : 314,245,120


Policy 0: 
Timing:
  Play time               : 10.501 s
  Update time             : 0.949 s
  Time to train epoch     : 11.450 s


Statistics:
  fps step                    : 15,994
  fps step + policy inference : 15,602
  fps total                   : 14,309
  epoch                       : 1,919 / 2,000
  frames                      : 314,408,960


Policy 0: saving next best rewards:  [987.45]
=> saving checkpoint 'runs/hold_r3_dense1_seed2902/nn/hold_r3_dense1_seed2902.pth'

Timing:
  Play time               : 10.391 s
  Update time             : 0.931 s
  Time to train epoch     : 11.322 s


Statistics:
  fps step                    : 16,044
  fps step + policy inference : 15,768
  fps total                   : 14,471
  epoch                       : 1,920 / 2,000
  frames                      : 314,572,800


Policy 0: 
Timing:
  Play time               : 10.412 s
  Update time             : 0.891 s
  Time to train epoch     : 11.303 s


Statistics:
  fps step                    : 15,991
  fps step + policy inference : 15,736
  fps total                   : 14,496
  epoch                       : 1,921 / 2,000
  frames                      : 314,736,640


Policy 0: 
Timing:
  Play time               : 10.389 s
  Update time             : 0.877 s
  Time to train epoch     : 11.266 s


Statistics:
  fps step                    : 16,029
  fps step + policy inference : 15,770
  fps total                   : 14,542
  epoch                       : 1,922 / 2,000
  frames                      : 314,900,480


Policy 0: 
Timing:
  Play time               : 10.371 s
  Update time             : 0.806 s
  Time to train epoch     : 11.177 s


Statistics:
  fps step                    : 16,046
  fps step + policy inference : 15,798
  fps total                   : 14,658
  epoch                       : 1,923 / 2,000
  frames                      : 315,064,320


Policy 0: 
Timing:
  Play time               : 10.400 s
  Update time             : 0.884 s
  Time to train epoch     : 11.284 s


Statistics:
  fps step                    : 16,000
  fps step + policy inference : 15,753
  fps total                   : 14,519
  epoch                       : 1,924 / 2,000
  frames                      : 315,228,160


Policy 0: 
Timing:
  Play time               : 10.387 s
  Update time             : 0.924 s
  Time to train epoch     : 11.311 s


Statistics:
  fps step                    : 16,019
  fps step + policy inference : 15,774
  fps total                   : 14,485
  epoch                       : 1,925 / 2,000
  frames                      : 315,392,000


Policy 0: 
Timing:
  Play time               : 10.345 s
  Update time             : 0.852 s
  Time to train epoch     : 11.197 s


Statistics:
  fps step                    : 16,074
  fps step + policy inference : 15,838
  fps total                   : 14,632
  epoch                       : 1,926 / 2,000
  frames                      : 315,555,840


Policy 0: 
Timing:
  Play time               : 10.369 s
  Update time             : 0.869 s
  Time to train epoch     : 11.238 s


Statistics:
  fps step                    : 16,043
  fps step + policy inference : 15,801
  fps total                   : 14,579
  epoch                       : 1,927 / 2,000
  frames                      : 315,719,680


Policy 0: 
Timing:
  Play time               : 10.343 s
  Update time             : 0.829 s
  Time to train epoch     : 11.172 s


Statistics:
  fps step                    : 16,084
  fps step + policy inference : 15,840
  fps total                   : 14,665
  epoch                       : 1,928 / 2,000
  frames                      : 315,883,520


Policy 0: 
Timing:
  Play time               : 10.344 s
  Update time             : 0.786 s
  Time to train epoch     : 11.131 s


Statistics:
  fps step                    : 16,079
  fps step + policy inference : 15,838
  fps total                   : 14,720
  epoch                       : 1,929 / 2,000
  frames                      : 316,047,360


Policy 0: 
Timing:
  Play time               : 10.357 s
  Update time             : 0.920 s
  Time to train epoch     : 11.277 s


Statistics:
  fps step                    : 16,064
  fps step + policy inference : 15,820
  fps total                   : 14,529
  epoch                       : 1,930 / 2,000
  frames                      : 316,211,200


Policy 0: 
Timing:
  Play time               : 10.353 s
  Update time             : 0.956 s
  Time to train epoch     : 11.309 s


Statistics:
  fps step                    : 16,069
  fps step + policy inference : 15,825
  fps total                   : 14,488
  epoch                       : 1,931 / 2,000
  frames                      : 316,375,040


Policy 0: 
Timing:
  Play time               : 10.344 s
  Update time             : 0.852 s
  Time to train epoch     : 11.196 s


Statistics:
  fps step                    : 16,076
  fps step + policy inference : 15,839
  fps total                   : 14,633
  epoch                       : 1,932 / 2,000
  frames                      : 316,538,880


Policy 0: 
Timing:
  Play time               : 10.362 s
  Update time             : 0.820 s
  Time to train epoch     : 11.182 s


Statistics:
  fps step                    : 16,055
  fps step + policy inference : 15,812
  fps total                   : 14,652
  epoch                       : 1,933 / 2,000
  frames                      : 316,702,720


Policy 0: 
Timing:
  Play time               : 10.368 s
  Update time             : 0.813 s
  Time to train epoch     : 11.181 s


Statistics:
  fps step                    : 16,048
  fps step + policy inference : 15,803
  fps total                   : 14,653
  epoch                       : 1,934 / 2,000
  frames                      : 316,866,560


Policy 0: 
Timing:
  Play time               : 10.373 s
  Update time             : 0.846 s
  Time to train epoch     : 11.219 s


Statistics:
  fps step                    : 16,041
  fps step + policy inference : 15,796
  fps total                   : 14,604
  epoch                       : 1,935 / 2,000
  frames                      : 317,030,400


Policy 0: 
Timing:
  Play time               : 10.385 s
  Update time             : 0.883 s
  Time to train epoch     : 11.268 s


Statistics:
  fps step                    : 16,024
  fps step + policy inference : 15,776
  fps total                   : 14,540
  epoch                       : 1,936 / 2,000
  frames                      : 317,194,240


Policy 0: 
Timing:
  Play time               : 10.392 s
  Update time             : 0.987 s
  Time to train epoch     : 11.379 s


Statistics:
  fps step                    : 16,013
  fps step + policy inference : 15,766
  fps total                   : 14,399
  epoch                       : 1,937 / 2,000
  frames                      : 317,358,080


Policy 0: 
Timing:
  Play time               : 10.535 s
  Update time             : 0.994 s
  Time to train epoch     : 11.528 s


Statistics:
  fps step                    : 15,953
  fps step + policy inference : 15,553
  fps total                   : 14,212
  epoch                       : 1,938 / 2,000
  frames                      : 317,521,920


Policy 0: 
Timing:
  Play time               : 10.404 s
  Update time             : 0.931 s
  Time to train epoch     : 11.336 s


Statistics:
  fps step                    : 16,013
  fps step + policy inference : 15,747
  fps total                   : 14,453
  epoch                       : 1,939 / 2,000
  frames                      : 317,685,760


Policy 0: 
Timing:
  Play time               : 10.385 s
  Update time             : 0.873 s
  Time to train epoch     : 11.258 s


Statistics:
  fps step                    : 16,027
  fps step + policy inference : 15,777
  fps total                   : 14,554
  epoch                       : 1,940 / 2,000
  frames                      : 317,849,600


Policy 0: 
Timing:
  Play time               : 10.339 s
  Update time             : 0.828 s
  Time to train epoch     : 11.167 s


Statistics:
  fps step                    : 16,091
  fps step + policy inference : 15,846
  fps total                   : 14,672
  epoch                       : 1,941 / 2,000
  frames                      : 318,013,440


Policy 0: 
Timing:
  Play time               : 10.382 s
  Update time             : 0.884 s
  Time to train epoch     : 11.266 s


Statistics:
  fps step                    : 16,024
  fps step + policy inference : 15,781
  fps total                   : 14,542
  epoch                       : 1,942 / 2,000
  frames                      : 318,177,280


Policy 0: 
Timing:
  Play time               : 10.376 s
  Update time             : 0.983 s
  Time to train epoch     : 11.359 s


Statistics:
  fps step                    : 16,038
  fps step + policy inference : 15,790
  fps total                   : 14,424
  epoch                       : 1,943 / 2,000
  frames                      : 318,341,120


Policy 0: 
Timing:
  Play time               : 10.323 s
  Update time             : 0.875 s
  Time to train epoch     : 11.198 s


Statistics:
  fps step                    : 16,113
  fps step + policy inference : 15,871
  fps total                   : 14,631
  epoch                       : 1,944 / 2,000
  frames                      : 318,504,960


Policy 0: 
Timing:
  Play time               : 10.359 s
  Update time             : 0.782 s
  Time to train epoch     : 11.141 s


Statistics:
  fps step                    : 16,053
  fps step + policy inference : 15,817
  fps total                   : 14,706
  epoch                       : 1,945 / 2,000
  frames                      : 318,668,800


Policy 0: 
Timing:
  Play time               : 10.369 s
  Update time             : 0.833 s
  Time to train epoch     : 11.202 s


Statistics:
  fps step                    : 16,078
  fps step + policy inference : 15,802
  fps total                   : 14,626
  epoch                       : 1,946 / 2,000
  frames                      : 318,832,640


Policy 0: 
Timing:
  Play time               : 10.335 s
  Update time             : 0.786 s
  Time to train epoch     : 11.122 s


Statistics:
  fps step                    : 16,096
  fps step + policy inference : 15,852
  fps total                   : 14,732
  epoch                       : 1,947 / 2,000
  frames                      : 318,996,480


Policy 0: 
Timing:
  Play time               : 10.350 s
  Update time             : 0.807 s
  Time to train epoch     : 11.157 s


Statistics:
  fps step                    : 16,073
  fps step + policy inference : 15,830
  fps total                   : 14,685
  epoch                       : 1,948 / 2,000
  frames                      : 319,160,320


Policy 0: 
Timing:
  Play time               : 10.340 s
  Update time             : 0.875 s
  Time to train epoch     : 11.215 s


Statistics:
  fps step                    : 16,090
  fps step + policy inference : 15,845
  fps total                   : 14,609
  epoch                       : 1,949 / 2,000
  frames                      : 319,324,160


Policy 0: 
Timing:
  Play time               : 10.334 s
  Update time             : 0.920 s
  Time to train epoch     : 11.253 s


Statistics:
  fps step                    : 16,101
  fps step + policy inference : 15,855
  fps total                   : 14,559
  epoch                       : 1,950 / 2,000
  frames                      : 319,488,000


Policy 0: 
Timing:
  Play time               : 10.389 s
  Update time             : 0.893 s
  Time to train epoch     : 11.282 s


Statistics:
  fps step                    : 16,011
  fps step + policy inference : 15,771
  fps total                   : 14,523
  epoch                       : 1,951 / 2,000
  frames                      : 319,651,840


Policy 0: 
Timing:
  Play time               : 10.391 s
  Update time             : 0.858 s
  Time to train epoch     : 11.248 s


Statistics:
  fps step                    : 16,010
  fps step + policy inference : 15,768
  fps total                   : 14,566
  epoch                       : 1,952 / 2,000
  frames                      : 319,815,680


Policy 0: 
Timing:
  Play time               : 10.461 s
  Update time             : 0.820 s
  Time to train epoch     : 11.281 s


Statistics:
  fps step                    : 15,902
  fps step + policy inference : 15,662
  fps total                   : 14,524
  epoch                       : 1,953 / 2,000
  frames                      : 319,979,520


Policy 0: 
Timing:
  Play time               : 10.381 s
  Update time             : 0.791 s
  Time to train epoch     : 11.172 s


Statistics:
  fps step                    : 16,025
  fps step + policy inference : 15,782
  fps total                   : 14,665
  epoch                       : 1,954 / 2,000
  frames                      : 320,143,360


Policy 0: 
Timing:
  Play time               : 10.333 s
  Update time             : 0.836 s
  Time to train epoch     : 11.169 s


Statistics:
  fps step                    : 16,101
  fps step + policy inference : 15,856
  fps total                   : 14,669
  epoch                       : 1,955 / 2,000
  frames                      : 320,307,200


Policy 0: 
Timing:
  Play time               : 10.369 s
  Update time             : 0.901 s
  Time to train epoch     : 11.270 s


Statistics:
  fps step                    : 16,054
  fps step + policy inference : 15,801
  fps total                   : 14,537
  epoch                       : 1,956 / 2,000
  frames                      : 320,471,040


Policy 0: 
Timing:
  Play time               : 10.501 s
  Update time             : 1.057 s
  Time to train epoch     : 11.558 s


Statistics:
  fps step                    : 16,006
  fps step + policy inference : 15,602
  fps total                   : 14,175
  epoch                       : 1,957 / 2,000
  frames                      : 320,634,880


Policy 0: saving next best rewards:  [987.65]
=> saving checkpoint 'runs/hold_r3_dense1_seed2902/nn/hold_r3_dense1_seed2902.pth'

Timing:
  Play time               : 10.279 s
  Update time             : 0.989 s
  Time to train epoch     : 11.268 s


Statistics:
  fps step                    : 16,203
  fps step + policy inference : 15,939
  fps total                   : 14,540
  epoch                       : 1,958 / 2,000
  frames                      : 320,798,720


Policy 0: saving next best rewards:  [987.79]
=> saving checkpoint 'runs/hold_r3_dense1_seed2902/nn/hold_r3_dense1_seed2902.pth'

Timing:
  Play time               : 10.304 s
  Update time             : 0.876 s
  Time to train epoch     : 11.179 s


Statistics:
  fps step                    : 16,155
  fps step + policy inference : 15,901
  fps total                   : 14,656
  epoch                       : 1,959 / 2,000
  frames                      : 320,962,560


Policy 0: 
Timing:
  Play time               : 10.274 s
  Update time             : 0.809 s
  Time to train epoch     : 11.084 s


Statistics:
  fps step                    : 16,193
  fps step + policy inference : 15,947
  fps total                   : 14,782
  epoch                       : 1,960 / 2,000
  frames                      : 321,126,400


Policy 0: 
Timing:
  Play time               : 10.355 s
  Update time             : 0.824 s
  Time to train epoch     : 11.179 s


Statistics:
  fps step                    : 16,069
  fps step + policy inference : 15,822
  fps total                   : 14,656
  epoch                       : 1,961 / 2,000
  frames                      : 321,290,240


Policy 0: 
Timing:
  Play time               : 10.339 s
  Update time             : 0.813 s
  Time to train epoch     : 11.153 s


Statistics:
  fps step                    : 16,093
  fps step + policy inference : 15,846
  fps total                   : 14,690
  epoch                       : 1,962 / 2,000
  frames                      : 321,454,080


Policy 0: 
Timing:
  Play time               : 10.306 s
  Update time             : 0.771 s
  Time to train epoch     : 11.077 s


Statistics:
  fps step                    : 16,133
  fps step + policy inference : 15,898
  fps total                   : 14,791
  epoch                       : 1,963 / 2,000
  frames                      : 321,617,920


Policy 0: saving next best rewards:  [987.84]
=> saving checkpoint 'runs/hold_r3_dense1_seed2902/nn/hold_r3_dense1_seed2902.pth'

Timing:
  Play time               : 10.363 s
  Update time             : 0.816 s
  Time to train epoch     : 11.179 s


Statistics:
  fps step                    : 16,054
  fps step + policy inference : 15,810
  fps total                   : 14,657
  epoch                       : 1,964 / 2,000
  frames                      : 321,781,760


Policy 0: 
Timing:
  Play time               : 10.361 s
  Update time             : 0.880 s
  Time to train epoch     : 11.240 s


Statistics:
  fps step                    : 16,061
  fps step + policy inference : 15,814
  fps total                   : 14,576
  epoch                       : 1,965 / 2,000
  frames                      : 321,945,600


Policy 0: 
Timing:
  Play time               : 10.310 s
  Update time             : 0.872 s
  Time to train epoch     : 11.182 s


Statistics:
  fps step                    : 16,137
  fps step + policy inference : 15,892
  fps total                   : 14,653
  epoch                       : 1,966 / 2,000
  frames                      : 322,109,440


Policy 0: 
Timing:
  Play time               : 10.333 s
  Update time             : 0.929 s
  Time to train epoch     : 11.262 s


Statistics:
  fps step                    : 16,096
  fps step + policy inference : 15,856
  fps total                   : 14,548
  epoch                       : 1,967 / 2,000
  frames                      : 322,273,280


Policy 0: 
Timing:
  Play time               : 10.342 s
  Update time             : 0.894 s
  Time to train epoch     : 11.236 s


Statistics:
  fps step                    : 16,087
  fps step + policy inference : 15,842
  fps total                   : 14,581
  epoch                       : 1,968 / 2,000
  frames                      : 322,437,120


Policy 0: 
Timing:
  Play time               : 10.323 s
  Update time             : 0.781 s
  Time to train epoch     : 11.104 s


Statistics:
  fps step                    : 16,111
  fps step + policy inference : 15,872
  fps total                   : 14,755
  epoch                       : 1,969 / 2,000
  frames                      : 322,600,960


Policy 0: saving next best rewards:  [987.94]
=> saving checkpoint 'runs/hold_r3_dense1_seed2902/nn/hold_r3_dense1_seed2902.pth'

Timing:
  Play time               : 10.317 s
  Update time             : 0.806 s
  Time to train epoch     : 11.123 s


Statistics:
  fps step                    : 16,117
  fps step + policy inference : 15,880
  fps total                   : 14,729
  epoch                       : 1,970 / 2,000
  frames                      : 322,764,800


Policy 0: 
Timing:
  Play time               : 10.399 s
  Update time             : 0.843 s
  Time to train epoch     : 11.242 s


Statistics:
  fps step                    : 16,026
  fps step + policy inference : 15,755
  fps total                   : 14,574
  epoch                       : 1,971 / 2,000
  frames                      : 322,928,640


Policy 0: 
Timing:
  Play time               : 10.341 s
  Update time             : 0.840 s
  Time to train epoch     : 11.181 s


Statistics:
  fps step                    : 16,091
  fps step + policy inference : 15,844
  fps total                   : 14,653
  epoch                       : 1,972 / 2,000
  frames                      : 323,092,480


Policy 0: 
Timing:
  Play time               : 10.319 s
  Update time             : 0.843 s
  Time to train epoch     : 11.162 s


Statistics:
  fps step                    : 16,121
  fps step + policy inference : 15,878
  fps total                   : 14,679
  epoch                       : 1,973 / 2,000
  frames                      : 323,256,320


Policy 0: 
Timing:
  Play time               : 10.340 s
  Update time             : 0.908 s
  Time to train epoch     : 11.248 s


Statistics:
  fps step                    : 16,086
  fps step + policy inference : 15,845
  fps total                   : 14,566
  epoch                       : 1,974 / 2,000
  frames                      : 323,420,160


Policy 0: 
Timing:
  Play time               : 10.439 s
  Update time             : 0.931 s
  Time to train epoch     : 11.370 s


Statistics:
  fps step                    : 16,059
  fps step + policy inference : 15,695
  fps total                   : 14,410
  epoch                       : 1,975 / 2,000
  frames                      : 323,584,000


Policy 0: saving next best rewards:  [989.53]
=> saving checkpoint 'runs/hold_r3_dense1_seed2902/nn/hold_r3_dense1_seed2902.pth'

Timing:
  Play time               : 10.427 s
  Update time             : 1.015 s
  Time to train epoch     : 11.442 s


Statistics:
  fps step                    : 16,010
  fps step + policy inference : 15,714
  fps total                   : 14,319
  epoch                       : 1,976 / 2,000
  frames                      : 323,747,840


Policy 0: 
Timing:
  Play time               : 10.376 s
  Update time             : 0.914 s
  Time to train epoch     : 11.290 s


Statistics:
  fps step                    : 16,045
  fps step + policy inference : 15,791
  fps total                   : 14,512
  epoch                       : 1,977 / 2,000
  frames                      : 323,911,680


Policy 0: 
Timing:
  Play time               : 10.381 s
  Update time             : 0.865 s
  Time to train epoch     : 11.246 s


Statistics:
  fps step                    : 16,035
  fps step + policy inference : 15,782
  fps total                   : 14,568
  epoch                       : 1,978 / 2,000
  frames                      : 324,075,520


Policy 0: 
Timing:
  Play time               : 10.445 s
  Update time             : 0.807 s
  Time to train epoch     : 11.252 s


Statistics:
  fps step                    : 15,935
  fps step + policy inference : 15,687
  fps total                   : 14,561
  epoch                       : 1,979 / 2,000
  frames                      : 324,239,360


Policy 0: 
Timing:
  Play time               : 10.375 s
  Update time             : 0.873 s
  Time to train epoch     : 11.248 s


Statistics:
  fps step                    : 16,038
  fps step + policy inference : 15,792
  fps total                   : 14,566
  epoch                       : 1,980 / 2,000
  frames                      : 324,403,200


Policy 0: 
Timing:
  Play time               : 10.376 s
  Update time             : 0.832 s
  Time to train epoch     : 11.208 s


Statistics:
  fps step                    : 16,048
  fps step + policy inference : 15,790
  fps total                   : 14,618
  epoch                       : 1,981 / 2,000
  frames                      : 324,567,040


Policy 0: 
Timing:
  Play time               : 10.323 s
  Update time             : 0.771 s
  Time to train epoch     : 11.094 s


Statistics:
  fps step                    : 16,106
  fps step + policy inference : 15,871
  fps total                   : 14,768
  epoch                       : 1,982 / 2,000
  frames                      : 324,730,880


Policy 0: 
Timing:
  Play time               : 10.365 s
  Update time             : 0.895 s
  Time to train epoch     : 11.261 s


Statistics:
  fps step                    : 16,050
  fps step + policy inference : 15,807
  fps total                   : 14,550
  epoch                       : 1,983 / 2,000
  frames                      : 324,894,720


Policy 0: 
Timing:
  Play time               : 10.360 s
  Update time             : 0.921 s
  Time to train epoch     : 11.281 s


Statistics:
  fps step                    : 16,058
  fps step + policy inference : 15,815
  fps total                   : 14,523
  epoch                       : 1,984 / 2,000
  frames                      : 325,058,560


Policy 0: 
Timing:
  Play time               : 10.369 s
  Update time             : 0.868 s
  Time to train epoch     : 11.237 s


Statistics:
  fps step                    : 16,042
  fps step + policy inference : 15,802
  fps total                   : 14,580
  epoch                       : 1,985 / 2,000
  frames                      : 325,222,400


Policy 0: 
Timing:
  Play time               : 10.400 s
  Update time             : 0.861 s
  Time to train epoch     : 11.261 s


Statistics:
  fps step                    : 16,003
  fps step + policy inference : 15,754
  fps total                   : 14,549
  epoch                       : 1,986 / 2,000
  frames                      : 325,386,240


Policy 0: 
Timing:
  Play time               : 10.395 s
  Update time             : 0.837 s
  Time to train epoch     : 11.231 s


Statistics:
  fps step                    : 16,002
  fps step + policy inference : 15,762
  fps total                   : 14,588
  epoch                       : 1,987 / 2,000
  frames                      : 325,550,080


Policy 0: 
Timing:
  Play time               : 10.358 s
  Update time             : 0.795 s
  Time to train epoch     : 11.154 s


Statistics:
  fps step                    : 16,059
  fps step + policy inference : 15,817
  fps total                   : 14,690
  epoch                       : 1,988 / 2,000
  frames                      : 325,713,920


Policy 0: 
Timing:
  Play time               : 10.334 s
  Update time             : 0.789 s
  Time to train epoch     : 11.123 s


Statistics:
  fps step                    : 16,090
  fps step + policy inference : 15,855
  fps total                   : 14,730
  epoch                       : 1,989 / 2,000
  frames                      : 325,877,760


Policy 0: 
Timing:
  Play time               : 10.375 s
  Update time             : 0.830 s
  Time to train epoch     : 11.206 s


Statistics:
  fps step                    : 16,041
  fps step + policy inference : 15,791
  fps total                   : 14,621
  epoch                       : 1,990 / 2,000
  frames                      : 326,041,600


Policy 0: 
Timing:
  Play time               : 10.375 s
  Update time             : 0.804 s
  Time to train epoch     : 11.179 s


Statistics:
  fps step                    : 16,039
  fps step + policy inference : 15,792
  fps total                   : 14,657
  epoch                       : 1,991 / 2,000
  frames                      : 326,205,440


Policy 0: 
Timing:
  Play time               : 10.396 s
  Update time             : 0.857 s
  Time to train epoch     : 11.253 s


Statistics:
  fps step                    : 16,005
  fps step + policy inference : 15,760
  fps total                   : 14,559
  epoch                       : 1,992 / 2,000
  frames                      : 326,369,280


Policy 0: 
Timing:
  Play time               : 10.365 s
  Update time             : 0.959 s
  Time to train epoch     : 11.324 s


Statistics:
  fps step                    : 16,055
  fps step + policy inference : 15,807
  fps total                   : 14,468
  epoch                       : 1,993 / 2,000
  frames                      : 326,533,120


Policy 0: 
Timing:
  Play time               : 10.524 s
  Update time             : 0.955 s
  Time to train epoch     : 11.479 s


Statistics:
  fps step                    : 15,953
  fps step + policy inference : 15,568
  fps total                   : 14,273
  epoch                       : 1,994 / 2,000
  frames                      : 326,696,960


Policy 0: 
Timing:
  Play time               : 10.414 s
  Update time             : 0.979 s
  Time to train epoch     : 11.393 s


Statistics:
  fps step                    : 16,011
  fps step + policy inference : 15,732
  fps total                   : 14,380
  epoch                       : 1,995 / 2,000
  frames                      : 326,860,800


Policy 0: 
Timing:
  Play time               : 10.416 s
  Update time             : 0.888 s
  Time to train epoch     : 11.305 s


Statistics:
  fps step                    : 15,980
  fps step + policy inference : 15,729
  fps total                   : 14,493
  epoch                       : 1,996 / 2,000
  frames                      : 327,024,640


Policy 0: 
Timing:
  Play time               : 10.429 s
  Update time             : 0.843 s
  Time to train epoch     : 11.272 s


Statistics:
  fps step                    : 15,960
  fps step + policy inference : 15,710
  fps total                   : 14,536
  epoch                       : 1,997 / 2,000
  frames                      : 327,188,480


Policy 0: 
Timing:
  Play time               : 10.375 s
  Update time             : 0.813 s
  Time to train epoch     : 11.188 s


Statistics:
  fps step                    : 16,038
  fps step + policy inference : 15,791
  fps total                   : 14,644
  epoch                       : 1,998 / 2,000
  frames                      : 327,352,320


Policy 0: 
Timing:
  Play time               : 10.414 s
  Update time             : 0.823 s
  Time to train epoch     : 11.237 s


Statistics:
  fps step                    : 15,980
  fps step + policy inference : 15,732
  fps total                   : 14,580
  epoch                       : 1,999 / 2,000
  frames                      : 327,516,160


Policy 0: 
Timing:
  Play time               : 10.346 s
  Update time             : 0.796 s
  Time to train epoch     : 11.142 s


Statistics:
  fps step                    : 16,080
  fps step + policy inference : 15,836
  fps total                   : 14,705
  epoch                       : 2,000 / 2,000
  frames                      : 327,680,000


Policy 0: Saved recovery checkpoint runs/hold_r3_dense1_seed2902/checkpoints/epoch_002000.pth; evaluation_due=True
=> saving checkpoint 'runs/hold_r3_dense1_seed2902/nn/last_hold_r3_dense1_seed2902_ep_2000_rew__989.06_.pth'
MAX EPOCHS NUM!
