action_saturation,alive,all_terminated_early,body_first_breach_mean_sec,body_rate,body_stable,close_arrival_rate,close_error_max_m,close_error_mean_m,close_hold_rate,close_overshoot_max_m,close_retreat_max_m,close_retreat_mean_m,cycles_max,cycles_mean,declared_horizon_steps,joint_position_limit_fraction,joint_target_limit_fraction,max_drift_m,max_rotation_rad,model,n,open_arrival_rate,open_error_max_m,open_error_mean_m,open_hold_rate,open_overshoot_max_m,open_retreat_max_m,open_retreat_mean_m,phase_arrival_rate,phase_error_max_m,phase_error_mean_m,phase_hold_rate,protocol,rate,recorded_steps,source,success,trace_sha256,wilson95
0.03156770833333333,32,False,20.0,1.0,32,1.0,0.04040548950433731,0.0052560861222445965,1.0,0.0,9.292736649513245e-05,6.441958248615265e-07,,,600,0.04701822916666667,0.06787239583333333,0.005865828599780798,0.1921207457780838,M1700,32,1.0,0.03999999910593033,0.00865148101001978,1.0,0.0007629729807376862,8.585071191191673e-05,2.1617495804093778e-05,1.0,0.04040548950433731,0.006953782867640257,1.0,S2,1.0,600,0,32,4d195038893ed9126b413ac4ca53b5ab67b8b7d1a34894801c15736a8462d0ea,"[0.8928208017449346, 1.0]"
0.05921614583333333,32,False,20.0,1.0,32,1.0,0.04102849215269089,0.006616679485887289,1.0,0.0,0.0,0.0,,,600,0.048989583333333336,0.09825,0.006069921422749758,0.24063549935817719,M1700,32,1.0,0.03999999910593033,0.010675603523850441,1.0,0.0031497934833168983,0.001981036737561226,0.00020867190032731743,1.0,0.04102849215269089,0.008646141737699509,1.0,S2,1.0,600,1,32,4d195038893ed9126b413ac4ca53b5ab67b8b7d1a34894801c15736a8462d0ea,"[0.8928208017449346, 1.0]"
0.009572916666666667,32,False,20.0,1.0,32,1.0,0.04090847074985504,0.006361785344779491,1.0,0.0,5.587935447692871e-08,8.847564458847045e-10,,,600,0.047200520833333336,0.08655989583333333,0.004924872424453497,0.18319453299045563,M1700,32,1.0,0.03999999910593033,0.01163345854729414,1.0,0.001719609834253788,0.0009001670405268669,0.00013005505898036062,1.0,0.04090847074985504,0.008997621946036816,1.0,S2,1.0,600,2,32,4d195038893ed9126b413ac4ca53b5ab67b8b7d1a34894801c15736a8462d0ea,"[0.8928208017449346, 1.0]"
0.4284429812427378,29,False,18.772916666666667,0.90625,29,0.9375,0.04559836536645889,0.0041117616929113865,0.8875,7.450580596923828e-09,0.029462076723575592,0.0007484384731158314,,,600,0.0994383887567089,0.12445913794057434,0.05710325017571449,2.052567481994629,M1700,32,0.91875,0.040000006556510925,0.01020706444978714,0.78125,0.006234589032828808,0.014364728704094887,0.0018708309500167768,0.928125,0.04559836536645889,0.007184876129031181,0.834375,S2,0.375,600,3,12,4d195038893ed9126b413ac4ca53b5ab67b8b7d1a34894801c15736a8462d0ea,"[0.2293388730945454, 0.5474559264692209]"
0.027941636268890048,31,False,19.98229166666667,0.96875,31,1.0,0.03986131399869919,0.0020469478331506252,0.984375,0.0,0.0,0.0,,,600,0.050661803022407505,0.08579729025534133,0.03821243345737457,2.3009045124053955,M1700,32,1.0,0.03999999910593033,0.0030677826143801212,1.0,0.0005889739841222763,0.00036461930721998215,0.0001088772332877852,1.0,0.03999999910593033,0.0025576313491910696,0.9921875,S5,0.96875,600,0,31,d619e1d8656175aab2844cddda3075adc1002b2cdffe1d5a1a09b28c6fb80e42,"[0.8425573617998795, 0.9944621398359966]"
0.05313020833333333,32,False,20.0,1.0,32,1.0,0.04037134721875191,0.002430582419037819,1.0,0.0,0.0,0.0,,,600,0.04920572916666666,0.10655729166666666,0.0060592154040932655,0.2293260097503662,M1700,32,1.0,0.03999999910593033,0.0038716208655387163,1.0,0.0011057481169700623,0.0009485557675361633,0.00037132931902306154,1.0,0.04037134721875191,0.0031511017587035894,1.0,S5,1.0,600,1,32,d619e1d8656175aab2844cddda3075adc1002b2cdffe1d5a1a09b28c6fb80e42,"[0.8928208017449346, 1.0]"
0.0046328125,32,False,20.0,1.0,32,1.0,0.0401548333466053,0.0025024162605404854,1.0,0.0,0.00025925785303115845,4.053057637065649e-06,,,600,0.050484375,0.0916015625,0.004928597714751959,0.181651771068573,M1700,32,1.0,0.03999999910593033,0.0046814861707389355,1.0,0.0010861251503229141,0.0006515774875879288,0.00028777763509424403,1.0,0.0401548333466053,0.0035919512156397104,1.0,S5,1.0,600,2,32,d619e1d8656175aab2844cddda3075adc1002b2cdffe1d5a1a09b28c6fb80e42,"[0.8928208017449346, 1.0]"
0.43890609416828513,31,False,19.833333333333332,0.96875,31,0.984375,0.04269486665725708,0.001864148653112352,0.96875,7.450580596923828e-09,3.725290298461914e-09,5.9131592039078e-11,,,600,0.10798645740381083,0.12711143771980474,0.05104225128889084,2.1253695487976074,M1700,32,0.984375,0.040000006556510925,0.005474807228893042,0.59375,0.0037985211238265038,0.03736436367034912,0.003661517235741485,0.984375,0.04269486665725708,0.0036835975479334593,0.78125,S5,0.3125,600,3,10,d619e1d8656175aab2844cddda3075adc1002b2cdffe1d5a1a09b28c6fb80e42,"[0.17952541633610017, 0.48566678300954924]"
0.031765625,32,False,40.0,1.0,32,,0.040621813386678696,0.005624680779874325,,0.0,,,10,10.0,1200,0.046778645833333334,0.06780598958333334,0.00573547650128603,0.2094898521900177,M1700,32,,0.03999999910593033,0.009050332009792328,,0.000993523746728897,,,,0.040621813386678696,0.007450445555150509,,F,1.0,1200,0,32,d6521221a5bae8ef76dc1f2ed915b904ec36d38c92ef0c923368d28f29bff137,"[0.8928208017449346, 1.0]"
0.056477864583333336,32,False,39.19583333333333,0.84375,27,,0.041966356337070465,0.007046251092106104,,0.0,,,10,9.09375,1200,0.0498359375,0.09930078125,0.006919014733284712,0.2614765465259552,M1700,32,,0.03999999910593033,0.010177798569202423,,0.006125789135694504,,,,0.041966356337070465,0.00869324803352356,,F,1.0,1200,1,32,d6521221a5bae8ef76dc1f2ed915b904ec36d38c92ef0c923368d28f29bff137,"[0.8928208017449346, 1.0]"
0.008662242403073698,25,False,38.72916666666667,0.78125,25,,0.0432051457464695,0.0069013722240924835,,0.0,,,10,8.78125,1200,0.04717751685966845,0.08737472796152503,0.037903353571891785,2.304248809814453,M1700,32,,0.03999999910593033,0.011002900078892708,,0.0027045346796512604,,,,0.0432051457464695,0.00912289135158062,,F,1.0,1200,2,32,d6521221a5bae8ef76dc1f2ed915b904ec36d38c92ef0c923368d28f29bff137,"[0.8928208017449346, 1.0]"
0.41983764354686404,21,False,33.859375,0.65625,21,,0.04489216208457947,0.004834660794585943,,7.450580596923828e-09,,,10,8.03125,1200,0.09157604556946602,0.11678851015870115,0.05769212171435356,2.515890598297119,M1700,32,,0.040000006556510925,0.011297722347080708,,0.00726765301078558,,,,0.04489216208457947,0.008391321636736393,,F,1.0,1200,3,32,d6521221a5bae8ef76dc1f2ed915b904ec36d38c92ef0c923368d28f29bff137,"[0.8928208017449346, 1.0]"
0.018145833333333333,32,False,20.0,1.0,32,1.0,0.04039955511689186,0.005274771712720394,1.0,0.0,0.0005038119852542877,3.1918752938508987e-06,,,600,0.0469609375,0.06811458333333334,0.005582477897405624,0.1873893141746521,E1700,32,1.0,0.03999999910593033,0.008668025955557823,1.0,0.0007883347570896149,7.910048589110374e-05,2.5432000984437764e-05,1.0,0.04039955511689186,0.006971398834139109,1.0,S2,1.0,600,0,32,d1717a7f75876a925d64bfed031919d14bba51f9177626d264b5acfef78d510f,"[0.8928208017449346, 1.0]"
0.029645833333333333,32,False,20.0,1.0,32,1.0,0.04104514792561531,0.006672712042927742,1.0,0.0,0.0,0.0,,,600,0.049044270833333334,0.09826041666666667,0.00622172188013792,0.23742808401584625,E1700,32,1.0,0.03999999910593033,0.010633045807480812,1.0,0.0034800777211785316,0.002183307893574238,0.00022685181465931237,1.0,0.04104514792561531,0.008652878925204277,1.0,S2,1.0,600,1,32,d1717a7f75876a925d64bfed031919d14bba51f9177626d264b5acfef78d510f,"[0.8928208017449346, 1.0]"
0.004192708333333333,32,False,20.0,1.0,32,1.0,0.040524475276470184,0.0063570779748260975,1.0,0.0,1.862645149230957e-08,1.3969838619232177e-10,,,600,0.04602604166666667,0.08555208333333333,0.0052033234387636185,0.1905093789100647,E1700,32,1.0,0.03999999910593033,0.011587611399590969,1.0,0.0013279709964990616,0.0006941226311028004,0.00015013225201983006,1.0,0.040524475276470184,0.008972343988716602,1.0,S2,1.0,600,2,32,d1717a7f75876a925d64bfed031919d14bba51f9177626d264b5acfef78d510f,"[0.8928208017449346, 1.0]"
0.19300260416666667,32,False,20.0,1.0,32,1.0,0.04162038862705231,0.0038651844952255487,0.99375,7.450580596923828e-09,0.0021780822426080704,1.361301401630044e-05,,,600,0.10115364583333333,0.12708072916666666,0.006464559584856033,0.1654408723115921,E1700,32,0.9875,0.040000006556510925,0.011059493757784367,0.73125,0.003451181575655937,0.010175826027989388,0.001971365798090119,0.99375,0.04162038862705231,0.007462339475750923,0.8625,S2,0.4375,600,3,14,d1717a7f75876a925d64bfed031919d14bba51f9177626d264b5acfef78d510f,"[0.2816533111504073, 0.6067440886314757]"
0.01803125,32,False,20.0,1.0,32,1.0,0.03993833810091019,0.0020436584018170834,1.0,0.0,1.862645149230957e-08,5.238689482212067e-10,,,600,0.05066145833333333,0.08512239583333334,0.0052908845245838165,0.19219666719436646,E1700,32,1.0,0.03999999910593033,0.003051438834518194,1.0,0.0005351360887289047,0.0003197439946234226,0.00012460000289138407,1.0,0.03999999910593033,0.0025475486181676388,1.0,S5,1.0,600,0,32,03ea9badd39a041dc0fb2b1fb6c4af42377229f0296dd1a50bc89ee730657a16,"[0.8928208017449346, 1.0]"
0.03320833333333333,32,False,20.0,1.0,32,1.0,0.040645815432071686,0.0024621128104627132,1.0,0.0,0.0,0.0,,,600,0.0491875,0.10611197916666666,0.006270233076065779,0.23058025538921356,E1700,32,1.0,0.03999999910593033,0.0038575739599764347,1.0,0.0009746327996253967,0.0008682115003466606,0.0003605849342420697,1.0,0.040645815432071686,0.0031598436180502176,1.0,S5,1.0,600,1,32,03ea9badd39a041dc0fb2b1fb6c4af42377229f0296dd1a50bc89ee730657a16,"[0.8928208017449346, 1.0]"
0.0024973958333333332,32,False,20.0,1.0,32,1.0,0.03997471556067467,0.002498169196769595,1.0,0.0,2.2351741790771484e-08,4.0745362639427185e-10,,,600,0.048815104166666665,0.09155989583333334,0.00521412119269371,0.189507395029068,E1700,32,1.0,0.03999999910593033,0.004685159306973219,1.0,0.0007823677733540535,0.000666134525090456,0.0003202492152922787,1.0,0.03999999910593033,0.0035916639026254416,1.0,S5,1.0,600,2,32,03ea9badd39a041dc0fb2b1fb6c4af42377229f0296dd1a50bc89ee730657a16,"[0.8928208017449346, 1.0]"
0.20341131636055682,31,False,19.676041666666666,0.96875,31,0.984375,0.04061892628669739,0.0016069889534264803,0.9375,7.450580596923828e-09,0.022365206852555275,0.00037880016550902396,,,600,0.10618218387762664,0.12784364579473878,0.05161556228995323,0.7524646520614624,E1700,32,0.984375,0.040000006556510925,0.005059372168034315,0.5,0.0029200315475463867,0.00915058609098196,0.003550387420026319,0.984375,0.04061892628669739,0.003333820030093193,0.71875,S5,0.34375,600,3,11,03ea9badd39a041dc0fb2b1fb6c4af42377229f0296dd1a50bc89ee730657a16,"[0.20410437924433478, 0.516889120210373]"
0.017307291666666665,32,False,40.0,1.0,32,,0.04054659605026245,0.005664333235472441,,0.0,,,10,10.0,1200,0.046674479166666664,0.06786458333333334,0.005798992235213518,0.1920679360628128,E1700,32,,0.03999999910593033,0.009070861153304577,,0.0009727170690894127,,,,0.04054659605026245,0.007478930987417698,,F,1.0,1200,0,32,85d3c24c5984f8ad8fcdd0b553957bbf3ca324445f36ac6dd04200898b727724,"[0.8928208017449346, 1.0]"
0.027983072916666667,32,False,38.9125,0.8125,26,,0.041907064616680145,0.007087455131113529,,0.0,,,10,9.125,1200,0.0497890625,0.09956640625,0.006725962273776531,0.26885098218917847,E1700,32,,0.03999999910593033,0.010052529163658619,,0.006337723694741726,,,,0.041907064616680145,0.008640490472316742,,F,1.0,1200,1,32,85d3c24c5984f8ad8fcdd0b553957bbf3ca324445f36ac6dd04200898b727724,"[0.8928208017449346, 1.0]"
0.004142612785973915,28,False,38.953125,0.875,28,,0.04141222685575485,0.006973496172577143,,0.0,,,10,8.78125,1200,0.0461433611289288,0.0869213705366688,0.04812631011009216,2.2931652069091797,E1700,32,,0.03999999910593033,0.010868401266634464,,0.0020066145807504654,,,,0.04141222685575485,0.009075948968529701,,F,1.0,1200,2,32,85d3c24c5984f8ad8fcdd0b553957bbf3ca324445f36ac6dd04200898b727724,"[0.8928208017449346, 1.0]"
0.19349604031677467,25,False,35.08020833333333,0.75,24,,0.040817782282829285,0.004393709823489189,,7.450580596923828e-09,,,10,8.84375,1200,0.09642476601871851,0.12225917926565874,0.058430418372154236,2.244331121444702,E1700,32,,0.040000006556510925,0.011983462609350681,,0.0036553991958498955,,,,0.040817782282829285,0.008654462173581123,,F,1.0,1200,3,32,85d3c24c5984f8ad8fcdd0b553957bbf3ca324445f36ac6dd04200898b727724,"[0.8928208017449346, 1.0]"
0.0316796875,32,False,20.0,1.0,32,1.0,0.04020697996020317,0.005222053732722998,1.0,0.0,3.259629011154175e-06,2.0372681319713593e-08,,,600,0.04685677083333333,0.0678203125,0.0059867724776268005,0.1916404813528061,M300,32,1.0,0.03999999910593033,0.008687466382980347,1.0,0.0006763618439435959,0.0001415349543094635,4.7195918159559366e-05,1.0,0.04020697996020317,0.006954760756343603,1.0,S2,1.0,600,0,32,5e07ad91d03339c6da80c48f1192ba09e56cad7e5ab87dc6dc0d4963b15fda4a,"[0.8928208017449346, 1.0]"
0.059346354166666664,32,False,20.0,1.0,32,1.0,0.041401442140340805,0.006578252650797367,1.0,0.0,0.0,0.0,,,600,0.04907291666666667,0.09858072916666667,0.006287860684096813,0.24076326191425323,M300,32,1.0,0.03999999910593033,0.010681277140974998,1.0,0.0029658302664756775,0.0018182992935180664,0.00022746876638848334,1.0,0.041401442140340805,0.00862976536154747,1.0,S2,1.0,600,1,32,5e07ad91d03339c6da80c48f1192ba09e56cad7e5ab87dc6dc0d4963b15fda4a,"[0.8928208017449346, 1.0]"
0.009513020833333333,32,False,20.0,1.0,32,1.0,0.041172727942466736,0.006418752949684858,1.0,0.0,0.001924430951476097,1.7332460265606643e-05,,,600,0.04587760416666667,0.08777864583333334,0.005027160048484802,0.18633399903774261,M300,32,1.0,0.03999999910593033,0.011421016417443752,1.0,0.0019635772332549095,0.0005583120509982109,0.00011936068185605108,1.0,0.041172727942466736,0.008919885382056236,1.0,S2,1.0,600,2,32,5e07ad91d03339c6da80c48f1192ba09e56cad7e5ab87dc6dc0d4963b15fda4a,"[0.8928208017449346, 1.0]"
0.4210992621317391,30,False,19.32604166666667,0.90625,29,0.9625,0.045493368059396744,0.0039929174818098545,0.85625,7.450580596923828e-09,0.022398650646209717,0.0013420979504461413,,,600,0.09919480799267517,0.12195023428663758,0.029945075511932373,2.0384676456451416,M300,32,0.9125,0.040000006556510925,0.008265865035355091,0.80625,0.00714248139411211,0.020025990903377533,0.002157806231362092,0.9375,0.045493368059396744,0.006139403209090233,0.83125,S2,0.4375,600,3,14,5e07ad91d03339c6da80c48f1192ba09e56cad7e5ab87dc6dc0d4963b15fda4a,"[0.2816533111504073, 0.6067440886314757]"
0.0315546875,32,False,20.0,1.0,32,1.0,0.03992154449224472,0.00204333639703691,1.0,0.0,0.0,0.0,,,600,0.05016145833333333,0.0858203125,0.005499639548361301,0.18180175125598907,M300,32,1.0,0.03999999910593033,0.003082559909671545,1.0,0.0004278002306818962,0.0003563123755156994,0.00011004018597304821,1.0,0.03999999910593033,0.0025629480369389057,1.0,S5,1.0,600,0,32,0d92ed0898e3903a6e09f64073bdb739daca8316748b95dbac102eaae7f9f778,"[0.8928208017449346, 1.0]"
0.0530859375,32,False,20.0,1.0,32,1.0,0.04042137414216995,0.0024325440172106028,1.0,0.0,0.0,0.0,,,600,0.049255208333333335,0.10733333333333334,0.006105039734393358,0.22587978839874268,M300,32,1.0,0.03999999910593033,0.0038787086959928274,1.0,0.001054130494594574,0.0012998799793422222,0.00042957920231856406,1.0,0.04042137414216995,0.003155626356601715,1.0,S5,1.0,600,1,32,0d92ed0898e3903a6e09f64073bdb739daca8316748b95dbac102eaae7f9f778,"[0.8928208017449346, 1.0]"
0.0046015625,32,False,20.0,1.0,32,1.0,0.040128543972969055,0.002501473529264331,1.0,0.0,5.21540641784668e-08,9.89530235528946e-10,,,600,0.04859375,0.0923359375,0.005157806444913149,0.18832415342330933,M300,32,1.0,0.03999999910593033,0.004633491393178701,1.0,0.0009135594591498375,0.0010030027478933334,0.0003504414780763909,1.0,0.040128543972969055,0.003567482577636838,1.0,S5,1.0,600,2,32,0d92ed0898e3903a6e09f64073bdb739daca8316748b95dbac102eaae7f9f778,"[0.8928208017449346, 1.0]"
0.433030572714899,30,False,19.884375,0.9375,30,1.0,0.041630908846855164,0.002672209171578288,0.8125,7.450580596923828e-09,0.029890885576605797,0.002313789400842882,,,600,0.1032692911736991,0.12103706418176108,0.05236909165978432,1.5328161716461182,M300,32,1.0,0.040000006556510925,0.0038783112540841103,0.75,0.006819914095103741,0.01098495814949274,0.002310763993591536,1.0,0.041630908846855164,0.00327835395000875,0.78125,S5,0.40625,600,3,13,0d92ed0898e3903a6e09f64073bdb739daca8316748b95dbac102eaae7f9f778,"[0.25519634842665784, 0.5773997512461668]"
0.031466145833333334,32,False,40.0,1.0,32,,0.04063430055975914,0.005586148239672184,,0.0,,,10,10.0,1200,0.04665234375,0.06759895833333333,0.005955737549811602,0.19353993237018585,M300,32,,0.03999999910593033,0.009138520807027817,,0.0010837577283382416,,,,0.04063430055975914,0.007480932865291834,,F,1.0,1200,0,32,411aaa99e9def101ad5426070ef8a696c996909a37e7af5e29865e8f7c60bfdb,"[0.8928208017449346, 1.0]"
0.056481770833333333,32,False,38.498958333333334,0.78125,25,,0.04194575175642967,0.007037037517875433,,0.0,,,10,9.15625,1200,0.0498203125,0.10005989583333333,0.007163878995925188,0.26474499702453613,M300,32,,0.03999999910593033,0.010118813253939152,,0.005611293949186802,,,,0.04194575175642967,0.00865416880697012,,F,1.0,1200,1,32,411aaa99e9def101ad5426070ef8a696c996909a37e7af5e29865e8f7c60bfdb,"[0.8928208017449346, 1.0]"
0.010041736227045074,24,False,37.270833333333336,0.75,24,,0.04167985916137695,0.006957353092730045,,0.0,,,10,8.46875,1200,0.04558430717863105,0.08802448525319978,0.03319461643695831,2.2396249771118164,M300,32,,0.03999999910593033,0.01077760849148035,,0.0020823804661631584,,,,0.04167985916137695,0.00901895109564066,,F,1.0,1200,2,32,411aaa99e9def101ad5426070ef8a696c996909a37e7af5e29865e8f7c60bfdb,"[0.8928208017449346, 1.0]"
0.4151980633802817,23,False,35.11145833333333,0.6875,22,,0.04999999329447746,0.004910613410174847,,7.450580596923828e-09,,,10,8.1875,1200,0.09041960093896714,0.11398034037558685,0.05817415937781334,2.0909061431884766,M300,32,,0.040000006556510925,0.009930185973644257,,0.009999994188547134,,,,0.04999999329447746,0.007696712389588356,,F,1.0,1200,3,32,411aaa99e9def101ad5426070ef8a696c996909a37e7af5e29865e8f7c60bfdb,"[0.8928208017449346, 1.0]"
0.019505208333333333,32,False,20.0,1.0,32,1.0,0.040315911173820496,0.005266273394227028,1.0,0.0,0.00010368227958679199,6.571877747774124e-07,,,600,0.04679166666666667,0.06779947916666666,0.00584807712584734,0.18532583117485046,E300,32,1.0,0.03999999910593033,0.008808767423033714,1.0,0.00073261559009552,0.0001463489606976509,4.216395027469844e-05,1.0,0.040315911173820496,0.0070375194773077965,1.0,S2,1.0,600,0,32,90b19833d01fcfe0aca9812f581dd86b0f16189e6058447d2510018dc8a729a8,"[0.8928208017449346, 1.0]"
0.03565104166666667,32,False,20.0,1.0,32,1.0,0.04106038808822632,0.006618262734264135,1.0,0.0,0.0,0.0,,,600,0.04909895833333333,0.09804427083333334,0.006277690175920725,0.23350486159324646,E300,32,1.0,0.03999999910593033,0.010822022333741188,1.0,0.0035293418914079666,0.002279168926179409,0.00022272257192526012,1.0,0.04106038808822632,0.008720142766833305,1.0,S2,1.0,600,1,32,90b19833d01fcfe0aca9812f581dd86b0f16189e6058447d2510018dc8a729a8,"[0.8928208017449346, 1.0]"
0.005341145833333333,32,False,20.0,1.0,32,1.0,0.040709011256694794,0.0063189249485731125,1.0,0.0,1.4901161193847656e-08,9.313225746154786e-11,,,600,0.045557291666666666,0.086390625,0.005014604423195124,0.18788769841194153,E300,32,1.0,0.03999999910593033,0.011731559410691261,1.0,0.0015240153297781944,0.0007457532919943333,0.00012912769161630422,1.0,0.040709011256694794,0.009025241248309612,1.0,S2,1.0,600,2,32,90b19833d01fcfe0aca9812f581dd86b0f16189e6058447d2510018dc8a729a8,"[0.8928208017449346, 1.0]"
0.19879894875164258,31,False,19.64270833333333,0.96875,31,0.9875,0.04182859882712364,0.00380555447191,0.9875,7.450580596923828e-09,3.3527612686157227e-08,2.8293344038951247e-10,,,600,0.10538239159001314,0.13161629434954009,0.052526138722896576,1.1765897274017334,E300,32,0.975,0.040000006556510925,0.010646019130945206,0.74375,0.003363310359418392,0.0073533128015697,0.001872737719179512,0.98125,0.04182859882712364,0.007235673721879721,0.865625,S2,0.5625,600,3,18,90b19833d01fcfe0aca9812f581dd86b0f16189e6058447d2510018dc8a729a8,"[0.39325591136852417, 0.7183466888495926]"
0.024877604166666668,32,False,20.0,1.0,32,1.0,0.03984753042459488,0.002051149494946003,1.0,0.0,0.0,0.0,,,600,0.050002604166666666,0.08597916666666666,0.0057405466213822365,0.1838579624891281,E300,32,1.0,0.03999999910593033,0.00311094056814909,1.0,0.0006166873499751091,0.0003293589688837528,0.00012632369180209935,1.0,0.03999999910593033,0.0025810450315475464,1.0,S5,1.0,600,0,32,3c89525866f719372532fc6edb38ad1e56fc4290c39afd11a59150855cdc652c,"[0.8928208017449346, 1.0]"
0.037033854166666665,32,False,20.0,1.0,32,1.0,0.04043740779161453,0.0024302310775965452,1.0,0.0,0.0,0.0,,,600,0.04920572916666666,0.1066796875,0.0061996146105229855,0.22821572422981262,E300,32,1.0,0.03999999910593033,0.0039392500184476376,1.0,0.000998462550342083,0.0010142228566110134,0.00044968348811380565,1.0,0.04043740779161453,0.003184740664437413,1.0,S5,1.0,600,1,32,3c89525866f719372532fc6edb38ad1e56fc4290c39afd11a59150855cdc652c,"[0.8928208017449346, 1.0]"
0.0031145833333333334,32,False,20.0,1.0,32,1.0,0.03961513936519623,0.0024899011477828026,1.0,0.0,0.00047901272773742676,7.484573870897293e-06,,,600,0.0454609375,0.09193489583333334,0.004850702825933695,0.18128938972949982,E300,32,1.0,0.03999999910593033,0.004709609784185886,1.0,0.0006008613854646683,0.0006873616948723793,0.0003665561162051745,1.0,0.03999999910593033,0.003599755698814988,1.0,S5,1.0,600,2,32,3c89525866f719372532fc6edb38ad1e56fc4290c39afd11a59150855cdc652c,"[0.8928208017449346, 1.0]"
0.22455513187162376,30,False,19.661458333333332,0.9375,30,0.984375,0.03989361599087715,0.0014824139652773738,0.953125,7.450580596923828e-09,0.0,0.0,,,600,0.11823429721427815,0.14277883698760724,0.052299730479717255,1.708091378211975,E300,32,0.984375,0.040000006556510925,0.00546020083129406,0.40625,0.002101404592394829,0.010016214102506638,0.0031847553032021674,0.984375,0.040000006556510925,0.003473202930763364,0.6796875,S5,0.1875,600,3,6,3c89525866f719372532fc6edb38ad1e56fc4290c39afd11a59150855cdc652c,"[0.08889544689566137, 0.3530915520137545]"
0.017973958333333335,32,False,40.0,1.0,32,,0.04045015946030617,0.005657433997839689,,0.0,,,10,10.0,1200,0.04650520833333333,0.06767838541666667,0.005932137835770845,0.1880723536014557,E300,32,,0.03999999910593033,0.009144824929535389,,0.0008525531738996506,,,,0.04045015946030617,0.007514833007007837,,F,1.0,1200,0,32,6d6ab829e850cd4330d83c8206cc64d2a11c64a49fb64e6c1652f072597f0415,"[0.8928208017449346, 1.0]"
0.03321744791666666,32,False,39.38645833333334,0.875,28,,0.04186331108212471,0.007071709260344505,,0.0,,,10,9.15625,1200,0.049842447916666664,0.0990859375,0.006462674122303724,0.25313130021095276,E300,32,,0.03999999910593033,0.010157984681427479,,0.005509502254426479,,,,0.04186331108212471,0.008694897405803204,,F,1.0,1200,1,32,6d6ab829e850cd4330d83c8206cc64d2a11c64a49fb64e6c1652f072597f0415,"[0.8928208017449346, 1.0]"
0.004898249570446735,28,False,38.78333333333333,0.875,28,,0.041345756500959396,0.006887498777359724,,0.0,,,9,8.75,1200,0.045179606958762886,0.08738589991408935,0.035331547260284424,2.273813009262085,E300,32,,0.03999999910593033,0.011072389781475067,,0.001962391659617424,,,,0.041345756500959396,0.009164875373244286,,F,1.0,1200,2,32,6d6ab829e850cd4330d83c8206cc64d2a11c64a49fb64e6c1652f072597f0415,"[0.8928208017449346, 1.0]"
0.20270143568707882,25,False,34.45104166666667,0.75,24,,0.04172801226377487,0.00430881604552269,,7.450580596923828e-09,,,10,8.46875,1200,0.10409610313507178,0.12713741576325813,0.05536549910902977,2.5461277961730957,E300,32,,0.040000006556510925,0.013210173696279526,,0.006849195808172226,,,,0.04172801226377487,0.0094065573066473,,F,1.0,1200,3,32,6d6ab829e850cd4330d83c8206cc64d2a11c64a49fb64e6c1652f072597f0415,"[0.8928208017449346, 1.0]"
0.6225963541666667,32,False,2.3875,0.0,0,0.99375,0.042372241616249084,0.009877846576273441,0.99375,0.0,0.00028088875114917755,1.7735757865011692e-06,,,600,0.19036979166666668,0.48909375,0.018515514209866524,0.5596703886985779,rl1000,32,0.26875,0.03999999910593033,0.020709991455078125,0.2375,0.003969873301684856,0.009056096896529198,0.00031328759214375166,0.63125,0.042372241616249084,0.015293917618691921,0.615625,S2,0.0,600,0,0,f997fa5ac59fa55e0b948916a519d8532beca77eaf8d4ec219a810df6bde89e7,"[0.0, 0.10717919825506533]"
0.6038179499442053,27,False,2.40625,0.0,0,0.6875,0.04439903795719147,0.013745778240263462,0.53125,0.0,0.03445659950375557,0.0014801332243270689,,,600,0.22093628779425048,0.47775386577395185,0.039930425584316254,2.0453555583953857,rl1000,32,0.85625,0.03999999910593033,0.01528483908623457,0.54375,0.004422677680850029,0.02856678143143654,0.0005335359801508628,0.771875,0.04439903795719147,0.014521729201078415,0.5375,S2,0.0,600,1,0,f997fa5ac59fa55e0b948916a519d8532beca77eaf8d4ec219a810df6bde89e7,"[0.0, 0.10717919825506533]"
0.5551927083333333,32,False,3.1552083333333334,0.0,0,1.0,0.042292073369026184,0.008316057734191418,0.99375,0.0,0.002375047653913498,9.04309330508113e-05,,,600,0.17278645833333334,0.35552083333333334,0.014188054949045181,0.4489648938179016,rl1000,32,0.3625,0.03999999910593033,0.017749568447470665,0.29375,0.0029423022642731667,0.007293234579265118,0.00048815624322742226,0.68125,0.042292073369026184,0.013032812625169754,0.64375,S2,0.0,600,2,0,f997fa5ac59fa55e0b948916a519d8532beca77eaf8d4ec219a810df6bde89e7,"[0.0, 0.10717919825506533]"
0.45443357147145347,9,False,3.6187500000000004,0.0,0,0.7875,0.04999999329447746,0.011685899458825588,0.78125,7.450580596923828e-09,0.0,0.0,,,600,0.11314462388185148,0.2693432190670589,0.028461884707212448,2.214510679244995,rl1000,32,0.1875,0.040000006556510925,0.03025880828499794,0.1875,0.009999994188547134,0.0008632587268948555,9.859429806504484e-05,0.4875,0.04999999329447746,0.021548261865973473,0.484375,S2,0.0,600,3,0,f997fa5ac59fa55e0b948916a519d8532beca77eaf8d4ec219a810df6bde89e7,"[0.0, 0.10717919825506533]"
0.5609245283018868,30,False,2.6822916666666665,0.0,0,0.953125,0.04476427286863327,0.0027030787896364927,0.90625,0.0,0.008861016482114792,0.0002607254621883233,,,600,0.18588140161725067,0.5518032345013477,0.025489935651421547,1.8842421770095825,rl1000,32,0.953125,0.03999999910593033,0.0105411596596241,0.6875,0.010000001639127731,0.05000000074505806,0.003911425517271122,0.953125,0.04476427286863327,0.006632682867348194,0.796875,S5,0.0,600,0,0,414aebd870c526e856ec3a32db9e847b18d65d735eb624ff5d73381373c1be51,"[0.0, 0.10717919825506533]"
0.5255082924679045,25,False,2.6947916666666667,0.0,0,0.75,0.05000000074505806,0.009871447458863258,0.671875,0.0,0.04507148638367653,0.0026150173262545935,,,600,0.241914155049865,0.5074191415504986,0.05744893476366997,1.8427238464355469,rl1000,32,0.9375,0.03999999910593033,0.008919602259993553,0.046875,0.010000001639127731,0.002353701740503311,0.0005299189418065743,0.84375,0.05000000074505806,0.009372894652187824,0.359375,S5,0.0,600,1,0,414aebd870c526e856ec3a32db9e847b18d65d735eb624ff5d73381373c1be51,"[0.0, 0.10717919825506533]"
0.4810703125,32,False,5.217708333333333,0.0,0,1.0,0.04022885859012604,0.0029358293395489454,1.0,0.0,3.129243850708008e-07,4.889443516731262e-09,,,600,0.194546875,0.4232916666666667,0.02036128379404545,1.0501798391342163,rl1000,32,0.84375,0.03999999910593033,0.01351438369601965,0.265625,0.010000001639127731,0.01322881132364273,0.004257877659256337,0.921875,0.04022885859012604,0.00822510663419962,0.6328125,S5,0.0,600,2,0,414aebd870c526e856ec3a32db9e847b18d65d735eb624ff5d73381373c1be51,"[0.0, 0.10717919825506533]"
0.4041142425767489,0,False,7.925,0.0,0,0.5,0.03867533057928085,0.00476670078933239,0.5,7.450580596923828e-09,0.0013461112976074219,4.2065978050231934e-05,,,600,0.1312573393725885,0.3096292568361013,0.029432078823447227,2.316319465637207,rl1000,32,0.46875,0.040000006556510925,0.01651906780898571,0.015625,0.009999994188547134,0.004853511229157448,0.003319592506159097,0.484375,0.040000006556510925,0.01178736425936222,0.2578125,S5,0.0,600,3,0,414aebd870c526e856ec3a32db9e847b18d65d735eb624ff5d73381373c1be51,"[0.0, 0.10717919825506533]"
0.6144479166666666,32,False,2.482291666666667,0.0,0,,0.04608991742134094,0.008428646251559258,,0.0,,,8,3.75,1200,0.212265625,0.6298932291666667,0.019285468384623528,0.6821414828300476,rl1000,32,,0.03999999910593033,0.03197241947054863,,0.0037039825692772865,,,,0.04608991742134094,0.027496036142110825,,F,1.0,1200,0,32,d4d47b40bb5c960785dd51aad952007cc93c0ddf5af94e4d5cb92c855409fcb3,"[0.8928208017449346, 1.0]"
0.5448019238893763,22,False,2.5197916666666664,0.0,0,,0.05000000074505806,0.02013354003429413,,0.0,,,8,5.03125,1200,0.22006922101979137,0.49940365928959085,0.04156908765435219,2.0267598628997803,rl1000,32,,0.03999999910593033,0.011903855949640274,,0.010000001639127731,,,,0.05000000074505806,0.01626194268465042,,F,1.0,1200,1,32,d4d47b40bb5c960785dd51aad952007cc93c0ddf5af94e4d5cb92c855409fcb3,"[0.8928208017449346, 1.0]"
0.5335087572745245,21,False,4.3875,0.0,0,,0.05000000074505806,0.011272041127085686,,0.0,,,9,6.59375,1200,0.19544454654303456,0.4045081168379138,0.06119014695286751,1.8259309530258179,rl1000,32,,0.03999999910593033,0.016840167343616486,,0.010000001639127731,,,,0.05000000074505806,0.014573412016034126,,F,1.0,1200,2,32,d4d47b40bb5c960785dd51aad952007cc93c0ddf5af94e4d5cb92c855409fcb3,"[0.8928208017449346, 1.0]"
0.4423375022018672,1,False,6.019791666666666,0.0,0,,0.04999999329447746,0.01002806518226862,,7.450580596923828e-09,,,6,2.75,1200,0.1351359286007868,0.2772238858552052,0.04399391636252403,2.025667667388916,rl1000,32,,0.040000006556510925,0.0220646969974041,,0.009999994188547134,,,,0.04999999329447746,0.017757771536707878,,F,1.0,1200,3,32,d4d47b40bb5c960785dd51aad952007cc93c0ddf5af94e4d5cb92c855409fcb3,"[0.8928208017449346, 1.0]"
0.0316796875,32,False,20.0,1.0,32,1.0,0.039987072348594666,0.0052178422920405865,1.0,0.0,4.952773451805115e-05,3.116438165307045e-07,,,600,0.0469765625,0.0679140625,0.005604960490018129,0.18045975267887115,M2500,32,1.0,0.03999999910593033,0.008679661899805069,1.0,0.00039455294609069824,0.0001527983695268631,2.583975438028574e-05,1.0,0.03999999910593033,0.006948751397430897,1.0,S2,1.0,600,0,32,91c2ce961389a8cd16794cce5f4b26380f445fcfc7042324a9317993e349ea0b,"[0.8928208017449346, 1.0]"
0.059059895833333334,32,False,20.0,1.0,32,1.0,0.04094506800174713,0.006589995231479406,1.0,0.0,0.0,0.0,,,600,0.049046875,0.09796875,0.006129215005785227,0.24581989645957947,M2500,32,1.0,0.03999999910593033,0.010643384419381618,1.0,0.002942020073533058,0.001719311811029911,0.00023272406251635404,1.0,0.04094506800174713,0.008616688661277294,1.0,S2,1.0,600,1,32,91c2ce961389a8cd16794cce5f4b26380f445fcfc7042324a9317993e349ea0b,"[0.8928208017449346, 1.0]"
0.00959375,32,False,20.0,1.0,32,1.0,0.040551796555519104,0.006189064588397741,1.0,0.0,5.640462040901184e-05,3.526918590068817e-07,,,600,0.04554166666666667,0.08500260416666666,0.005006191320717335,0.19136101007461548,M2500,32,1.0,0.03999999910593033,0.011717494577169418,1.0,0.0013981116935610771,0.0006900196895003319,0.0001497747580287978,1.0,0.040551796555519104,0.008953279815614223,1.0,S2,1.0,600,2,32,91c2ce961389a8cd16794cce5f4b26380f445fcfc7042324a9317993e349ea0b,"[0.8928208017449346, 1.0]"
0.44236483259935266,30,False,19.575,0.9375,30,0.975,0.04774880036711693,0.00448132399469614,0.9,7.450580596923828e-09,0.03564642742276192,0.0012141217907460837,,,600,0.10215153605348332,0.12278611980686581,0.054512422531843185,2.320943832397461,M2500,32,0.86875,0.040000006556510925,0.010348300449550152,0.725,0.008569082245230675,0.013703013770282269,0.0018733984443720928,0.921875,0.04774880036711693,0.007426174823194742,0.8125,S2,0.25,600,3,8,91c2ce961389a8cd16794cce5f4b26380f445fcfc7042324a9317993e349ea0b,"[0.13252400918509277, 0.4210655899424398]"
0.027661458333333333,32,False,20.0,1.0,32,1.0,0.03970157355070114,0.0020248463843017817,1.0,0.0,0.0,0.0,,,600,0.05063802083333333,0.0853359375,0.0053242570720613,0.1927541345357895,M2500,32,1.0,0.03999999910593033,0.0031018147710710764,1.0,0.00044599734246730804,0.00033832574263215065,0.00012666879047174007,1.0,0.03999999910593033,0.0025633308105170727,1.0,S5,1.0,600,0,32,caab683f16e0306a952fdcd9bc3dde3f9e21eea008efcbfab9f127809c89ba2b,"[0.8928208017449346, 1.0]"
0.0530703125,32,False,20.0,1.0,32,1.0,0.04045731946825981,0.0024378192611038685,1.0,0.0,0.0,0.0,,,600,0.04918489583333333,0.10622135416666667,0.00613385159522295,0.22576259076595306,M2500,32,1.0,0.03999999910593033,0.0038776902947574854,1.0,0.0008980557322502136,0.0008687707595527172,0.000385541032301262,1.0,0.04045731946825981,0.003157754661515355,1.0,S5,1.0,600,1,32,caab683f16e0306a952fdcd9bc3dde3f9e21eea008efcbfab9f127809c89ba2b,"[0.8928208017449346, 1.0]"
0.0045234375,32,False,20.0,1.0,32,1.0,0.039903104305267334,0.0024408665485680103,1.0,0.0,0.0,0.0,,,600,0.0469921875,0.091390625,0.0049784365110099316,0.19495345652103424,M2500,32,1.0,0.03999999910593033,0.004909941926598549,1.0,0.0009281327947974205,0.0009143082424998283,0.0002853852492989972,1.0,0.03999999910593033,0.0036754044704139233,1.0,S5,1.0,600,2,32,caab683f16e0306a952fdcd9bc3dde3f9e21eea008efcbfab9f127809c89ba2b,"[0.8928208017449346, 1.0]"
0.44760119940029985,30,False,19.43541666666667,0.9375,30,0.96875,0.044234439730644226,0.0024412970524281263,0.890625,7.450580596923828e-09,0.017786391079425812,0.0008623032500186275,,,600,0.10383647461983295,0.12196937245662882,0.04929858818650246,2.197859287261963,M2500,32,0.96875,0.040000006556510925,0.005236970726400614,0.546875,0.005340682342648506,0.040544990450143814,0.0034679461105336104,0.96875,0.044234439730644226,0.0038448222912847996,0.71875,S5,0.28125,600,3,9,caab683f16e0306a952fdcd9bc3dde3f9e21eea008efcbfab9f127809c89ba2b,"[0.15564580497743027, 0.45374509425916076]"
0.03204166666666667,32,False,40.0,1.0,32,,0.04040251672267914,0.00557485269382596,,0.0,,,10,10.0,1200,0.0468046875,0.06789322916666667,0.005754412151873112,0.20097534358501434,M2500,32,,0.03999999910593033,0.009088544175028801,,0.0008237985894083977,,,,0.04040251672267914,0.0074497368186712265,,F,1.0,1200,0,32,15e34735d2f57f45534a219628c12eb38983195f6ac7682a2b32a9fb2b13dce9,"[0.8928208017449346, 1.0]"
0.05662369791666667,32,False,39.12291666666667,0.78125,25,,0.04157060757279396,0.007002525497227907,,0.0,,,10,9.125,1200,0.04992057291666667,0.09956770833333334,0.006831016391515732,0.25645753741264343,M2500,32,,0.03999999910593033,0.010070735588669777,,0.005469108931720257,,,,0.04157060757279396,0.008610299788415432,,F,1.0,1200,1,32,15e34735d2f57f45534a219628c12eb38983195f6ac7682a2b32a9fb2b13dce9,"[0.8928208017449346, 1.0]"
0.00871471201838012,29,False,39.43229166666667,0.90625,29,,0.04097065329551697,0.006739011965692043,,0.0,,,10,8.90625,1200,0.045168616473446534,0.0851466976523094,0.03832913935184479,2.3574576377868652,M2500,32,,0.03999999910593033,0.011240102350711823,,0.0017418526113033295,,,,0.04097065329551697,0.009180990979075432,,F,1.0,1200,2,32,15e34735d2f57f45534a219628c12eb38983195f6ac7682a2b32a9fb2b13dce9,"[0.8928208017449346, 1.0]"
0.4391745810055866,27,False,36.90208333333334,0.8125,26,,0.04566231369972229,0.004573850892484188,,7.450580596923828e-09,,,10,8.875,1200,0.09698882681564246,0.11775418994413407,0.06025741249322891,2.236518144607544,M2500,32,,0.040000006556510925,0.011245320551097393,,0.009177073836326599,,,,0.04566231369972229,0.008258999325335026,,F,1.0,1200,3,32,15e34735d2f57f45534a219628c12eb38983195f6ac7682a2b32a9fb2b13dce9,"[0.8928208017449346, 1.0]"
0.0179140625,32,False,20.0,1.0,32,1.0,0.04005859047174454,0.00526416627690196,1.0,0.0,2.980232238769531e-07,2.4214386940002442e-09,,,600,0.04687239583333333,0.06817447916666666,0.005641806870698929,0.18769921362400055,E2500,32,1.0,0.03999999910593033,0.008695932105183601,1.0,0.00045357225462794304,0.00015063583850860596,2.651749236974865e-05,1.0,0.04005859047174454,0.006980048958212137,1.0,S2,1.0,600,0,32,1078b86579ba67860533622f05ea3b3d02b30ed5827074672e943ea8aedb3f60,"[0.8928208017449346, 1.0]"
0.0297421875,32,False,20.0,1.0,32,1.0,0.04101080447435379,0.006626402959227562,1.0,0.0,0.0,0.0,,,600,0.04914583333333333,0.09811458333333334,0.006113467272371054,0.24616825580596924,E2500,32,1.0,0.03999999910593033,0.01068087201565504,1.0,0.002972791902720928,0.0017210710793733597,0.0002268201409606263,1.0,0.04101080447435379,0.008653637021780014,1.0,S2,1.0,600,1,32,1078b86579ba67860533622f05ea3b3d02b30ed5827074672e943ea8aedb3f60,"[0.8928208017449346, 1.0]"
0.004020833333333334,32,False,20.0,1.0,32,1.0,0.04076394438743591,0.006328669376671314,1.0,0.0,5.897507071495056e-05,3.6873389035463334e-07,,,600,0.044598958333333334,0.08577864583333333,0.00491070793941617,0.18213626742362976,E2500,32,1.0,0.03999999910593033,0.011725745163857937,1.0,0.0014854855835437775,0.0005538454279303551,0.00014035878411959856,1.0,0.04076394438743591,0.009027207270264626,1.0,S2,1.0,600,2,32,1078b86579ba67860533622f05ea3b3d02b30ed5827074672e943ea8aedb3f60,"[0.8928208017449346, 1.0]"
0.19519010416666666,32,False,20.0,1.0,32,1.0,0.042615532875061035,0.0038583502173423767,0.9875,7.450580596923828e-09,0.015485623851418495,0.00016789458459243178,,,600,0.10162760416666666,0.12548697916666668,0.006877551320940256,0.16162820160388947,E2500,32,0.975,0.040000006556510925,0.011044520884752274,0.84375,0.0059851594269275665,0.011110996827483177,0.001722633818280883,0.9875,0.042615532875061035,0.007451435085386038,0.915625,S2,0.65625,600,3,21,1078b86579ba67860533622f05ea3b3d02b30ed5827074672e943ea8aedb3f60,"[0.48311087978962686, 0.7958956207556651]"
0.017481770833333334,32,False,20.0,1.0,32,1.0,0.039989884942770004,0.002048966707661748,1.0,0.0,0.0,0.0,,,600,0.050078125,0.08545052083333333,0.0052804164588451385,0.18603260815143585,E2500,32,1.0,0.03999999910593033,0.003064490854740143,1.0,0.0005379533395171165,0.00027271639555692673,0.00011293873831164092,1.0,0.03999999910593033,0.002556729130446911,1.0,S5,1.0,600,0,32,202e65024d48ee181ab7e1815143c786e9db8a66b5ea33dce4ad622a1cf1e05c,"[0.8928208017449346, 1.0]"
0.03372395833333333,32,False,20.0,1.0,32,1.0,0.04044944792985916,0.00246858480386436,1.0,0.0,0.0,0.0,,,600,0.049231770833333334,0.1062578125,0.005976238287985325,0.22829046845436096,E2500,32,1.0,0.03999999910593033,0.0038777769077569246,1.0,0.0010353438556194305,0.0010805740021169186,0.00039802034734748304,1.0,0.04044944792985916,0.0031731808558106422,1.0,S5,1.0,600,1,32,202e65024d48ee181ab7e1815143c786e9db8a66b5ea33dce4ad622a1cf1e05c,"[0.8928208017449346, 1.0]"
0.0025963541666666665,32,False,20.0,1.0,32,1.0,0.040028586983680725,0.0024794363416731358,1.0,0.0,7.450580596923828e-09,1.1641532182693481e-10,,,600,0.04561458333333333,0.09166145833333333,0.0049939267337322235,0.18925198912620544,E2500,32,1.0,0.03999999910593033,0.004789409693330526,1.0,0.0009984113276004791,0.0006684414111077785,0.00029145486041670665,1.0,0.040028586983680725,0.003634423017501831,1.0,S5,1.0,600,2,32,202e65024d48ee181ab7e1815143c786e9db8a66b5ea33dce4ad622a1cf1e05c,"[0.8928208017449346, 1.0]"
0.2112265625,32,False,20.0,1.0,32,1.0,0.04062630236148834,0.0014615044929087162,1.0,7.450580596923828e-09,0.0,0.0,,,600,0.10947135416666667,0.13034895833333332,0.007550617214292288,0.22477832436561584,E2500,32,1.0,0.040000006556510925,0.005465771537274122,0.484375,0.003059149719774723,0.033156655728816986,0.004577835756208515,1.0,0.04062630236148834,0.0034636377822607756,0.7421875,S5,0.34375,600,3,11,202e65024d48ee181ab7e1815143c786e9db8a66b5ea33dce4ad622a1cf1e05c,"[0.20410437924433478, 0.516889120210373]"
0.01765625,32,False,40.0,1.0,32,,0.04052682965993881,0.005631895735859871,,0.0,,,10,10.0,1200,0.04675911458333333,0.06811979166666667,0.0056253462098538876,0.1963692158460617,E2500,32,,0.03999999910593033,0.009122442454099655,,0.0009163552895188332,,,,0.04052682965993881,0.00749197555705905,,F,1.0,1200,0,32,eac52aafd27a4885f128ab54e885d184af6bca7155fe8ac97483821736e58171,"[0.8928208017449346, 1.0]"
0.02723046875,32,False,39.56458333333333,0.9375,30,,0.04179375246167183,0.007051693741232157,,0.0,,,10,9.09375,1200,0.05011979166666667,0.10002734375,0.00673226173967123,0.25653794407844543,E2500,32,,0.03999999910593033,0.010066013783216476,,0.0071381451562047005,,,,0.04179375246167183,0.008630914613604546,,F,1.0,1200,1,32,eac52aafd27a4885f128ab54e885d184af6bca7155fe8ac97483821736e58171,"[0.8928208017449346, 1.0]"
0.004057982504823066,30,False,39.405208333333334,0.9375,30,,0.04100663959980011,0.006913324818015099,,0.0,,,10,8.90625,1200,0.04578345093686408,0.08715082322471523,0.03423994407057762,2.2927358150482178,E2500,32,,0.03999999910593033,0.01106549147516489,,0.0016603050753474236,,,,0.04100663959980011,0.009168107062578201,,F,1.0,1200,2,32,eac52aafd27a4885f128ab54e885d184af6bca7155fe8ac97483821736e58171,"[0.8928208017449346, 1.0]"
0.192114057192944,28,False,37.884375,0.875,28,,0.04192548617720604,0.004675892647355795,,7.450580596923828e-09,,,10,8.875,1200,0.09507642160622329,0.12197052700777912,0.05605410039424896,3.0899672508239746,E2500,32,,0.040000006556510925,0.013724500313401222,,0.0038573145866394043,,,,0.04192548617720604,0.009871629066765308,,F,1.0,1200,3,32,eac52aafd27a4885f128ab54e885d184af6bca7155fe8ac97483821736e58171,"[0.8928208017449346, 1.0]"
0.2451355396640612,26,False,4.638541666666667,0.0,0,0.78125,0.05000000074505806,0.014394087716937065,0.65625,0.0,0.031890418380498886,0.001084409527429918,,,600,0.18646543599977825,0.30581240645268587,0.05886063352227211,1.8344500064849854,rl250,32,0.44375,0.03999999910593033,0.01683286763727665,0.4125,0.010000001639127731,0.0064518041908741,0.000419570019779106,0.6125,0.05000000074505806,0.015625985339283943,0.534375,S2,0.0,600,0,0,239ffa11cff7794e205c3cfbc722965371e59e6fe39bea4a22a2f6e40d6275f7,"[0.0, 0.10717919825506533]"
0.2601136627232661,3,False,2.963541666666667,0.0,0,0.5375,0.04807788133621216,0.011867864057421684,0.4375,0.0,0.004794647917151451,0.0006951435986492369,,,600,0.196849145596536,0.35252454960179386,0.04810209572315216,2.3447861671447754,rl250,32,0.35,0.03999999910593033,0.01549489889293909,0.34375,0.010000001639127731,0.009271443821489811,0.0004713301890873694,0.44375,0.04807788133621216,0.01378893293440342,0.390625,S2,0.0,600,1,0,239ffa11cff7794e205c3cfbc722965371e59e6fe39bea4a22a2f6e40d6275f7,"[0.0, 0.10717919825506533]"
0.27850727117194185,31,False,1.1291666666666669,0.0,0,0.26875,0.044466473162174225,0.01749628223478794,0.2625,0.0,0.002374587580561638,4.1547633947864656e-05,,,600,0.18191563301967495,0.29367247647562017,0.03589542582631111,2.181436061859131,rl250,32,0.7625,0.03999999910593033,0.015296241268515587,0.55625,0.004639027640223503,0.035750143229961395,0.00044657726688549307,0.515625,0.044466473162174225,0.016395321115851402,0.409375,S2,0.0,600,2,0,239ffa11cff7794e205c3cfbc722965371e59e6fe39bea4a22a2f6e40d6275f7,"[0.0, 0.10717919825506533]"
0.3130701013513513,21,False,0.9281250000000001,0.0,0,0.70625,0.04999999329447746,0.01536465622484684,0.5375,7.450580596923828e-09,0.00967075303196907,0.001185353999411253,,,600,0.20694075772200773,0.33065878378378377,0.06697917729616165,2.016916036605835,rl250,32,0.64375,0.040000006556510925,0.015179203823208809,0.59375,0.009999994188547134,0.007724720519036055,0.0002775648372598748,0.675,0.04999999329447746,0.015269478783011436,0.565625,S2,0.0,600,3,0,239ffa11cff7794e205c3cfbc722965371e59e6fe39bea4a22a2f6e40d6275f7,"[0.0, 0.10717919825506533]"
0.164280724380676,27,False,4.028125,0.0,0,0.859375,0.05000000074505806,0.006396877579391003,0.6875,0.0,0.046677056699991226,0.0024302234652183825,,,600,0.18219678650115537,0.33327959589445966,0.021372951567173004,2.354966640472412,rl250,32,0.9375,0.03999999910593033,0.006707267835736275,0.71875,0.010000001639127731,0.015521998517215252,0.0028543311449128294,0.8984375,0.05000000074505806,0.006554366555064917,0.703125,S5,0.0,600,0,0,2904ad4b437df73d7bfafd2f28ca6d3b485b45bd7e014f1ec36beda3ac669255,"[0.0, 0.10717919825506533]"
0.22676106334306223,0,False,2.2427083333333333,0.0,0,0.53125,0.05000000074505806,0.006879975087940693,0.390625,0.0,0.003909582272171974,0.0005841011842412333,,,600,0.19425731639977914,0.3829494359864321,0.03999728336930275,2.8182554244995117,rl250,32,0.6875,0.03999999910593033,0.008933576755225658,0.15625,0.010000001639127731,0.012320631183683872,0.0016056385674429212,0.609375,0.05000000074505806,0.008089100010693073,0.2734375,S5,0.0,600,1,0,2904ad4b437df73d7bfafd2f28ca6d3b485b45bd7e014f1ec36beda3ac669255,"[0.0, 0.10717919825506533]"
0.20862968515742128,18,False,1.1291666666666669,0.0,0,0.53125,0.05000000074505806,0.009783870540559292,0.453125,0.0,0.047616880387067795,0.005136663404603799,,,600,0.2415472263868066,0.4004767616191904,0.061328988522291183,2.2770893573760986,rl250,32,0.859375,0.03999999910593033,0.009113955311477184,0.46875,0.010000001639127731,0.021914269775152206,0.002942329125576898,0.6953125,0.05000000074505806,0.009424105286598206,0.4609375,S5,0.0,600,2,0,2904ad4b437df73d7bfafd2f28ca6d3b485b45bd7e014f1ec36beda3ac669255,"[0.0, 0.10717919825506533]"
0.21144637185438553,0,False,0.9281250000000001,0.0,0,0.015625,0.040128353983163834,0.009881461039185524,0.0,7.450580596923828e-09,0.0010474473237991333,0.0010474473237991333,,,600,0.18872465184461276,0.3165404348888346,0.06908018887042999,1.8909002542495728,rl250,32,0.46875,0.040000006556510925,0.006338110659271479,0.015625,0.009999994188547134,0.0002591097727417946,0.0002591097727417946,0.2421875,0.040128353983163834,0.006467966828495264,0.0078125,S5,0.0,600,3,0,2904ad4b437df73d7bfafd2f28ca6d3b485b45bd7e014f1ec36beda3ac669255,"[0.0, 0.10717919825506533]"
0.22014644351464435,6,False,3.796875,0.0,0,,0.0463874526321888,0.01235311757773161,,0.0,,,8,4.21875,1200,0.2017071129707113,0.32360460251046025,0.06519562751054764,2.3613972663879395,rl250,32,,0.03999999910593033,0.01839337684214115,,0.010000001639127731,,,,0.0463874526321888,0.01580668054521084,,F,0.96875,1200,0,31,c8068fd575f6001b35f7653841d7cc10601498abcf015bf80fb37cf7dfaf9928,"[0.8425573617998795, 0.9944621398359966]"
0.24832886705374424,2,False,2.2666666666666666,0.0,0,,0.041442107409238815,0.01078078430145979,,0.0,,,8,2.5,1200,0.20576894446925711,0.3686616048831324,0.051037538796663284,2.7141330242156982,rl250,32,,0.03999999910593033,0.014710878022015095,,0.010000001639127731,,,,0.041442107409238815,0.013000349514186382,,F,1.0,1200,1,32,c8068fd575f6001b35f7653841d7cc10601498abcf015bf80fb37cf7dfaf9928,"[0.8928208017449346, 1.0]"
0.22592582090398683,27,False,1.1291666666666669,0.0,0,,0.04728405177593231,0.014528564177453518,,0.0,,,8,6.0625,1200,0.21276867237565927,0.3206090852379062,0.04927276819944382,2.3038272857666016,rl250,32,,0.03999999910593033,0.013645262457430363,,0.010000001639127731,,,,0.04728405177593231,0.014064695686101913,,F,0.96875,1200,2,31,c8068fd575f6001b35f7653841d7cc10601498abcf015bf80fb37cf7dfaf9928,"[0.8425573617998795, 0.9944621398359966]"
0.26126319493314565,0,False,0.9281250000000001,0.0,0,,0.04999999329447746,0.010952040553092957,,7.450580596923828e-09,,,5,2.5,1200,0.1913124560168895,0.3387579169598874,0.06774383038282394,2.332157611846924,rl250,32,,0.040000006556510925,0.012174179777503014,,0.009999994188547134,,,,0.04999999329447746,0.011599147692322731,,F,0.9375,1200,3,30,c8068fd575f6001b35f7653841d7cc10601498abcf015bf80fb37cf7dfaf9928,"[0.7985287685584593, 0.9826894329683585]"
0.03153385416666667,32,False,20.0,1.0,32,1.0,0.0401495024561882,0.005248949863016605,1.0,0.0,7.576867938041687e-05,5.118316039443016e-07,,,600,0.046796875,0.067921875,0.005486687179654837,0.18400044739246368,M500,32,1.0,0.03999999910593033,0.008612521924078465,1.0,0.0005892878398299217,0.00012651784345507622,4.246871976647526e-05,1.0,0.0401495024561882,0.006930735893547535,1.0,S2,1.0,600,0,32,666acc47fa22eca7350d13a3c9024353fe6a6eff1fb2822cb1f41108fa6750f5,"[0.8928208017449346, 1.0]"
0.05928645833333333,32,False,20.0,1.0,32,1.0,0.041046589612960815,0.006591348443180323,1.0,0.0,0.0,0.0,,,600,0.049104166666666664,0.0984140625,0.0061854105442762375,0.23890456557273865,M500,32,1.0,0.03999999910593033,0.010641791857779026,1.0,0.0030531007796525955,0.00197695754468441,0.0002498476969776675,1.0,0.041046589612960815,0.008616570383310318,1.0,S2,1.0,600,1,32,666acc47fa22eca7350d13a3c9024353fe6a6eff1fb2822cb1f41108fa6750f5,"[0.8928208017449346, 1.0]"
0.0095546875,32,False,20.0,1.0,32,1.0,0.04073307290673256,0.006294420920312405,1.0,0.0,2.9802322387695312e-08,2.561137080192566e-10,,,600,0.04556510416666667,0.0868984375,0.005012378096580505,0.185817688703537,M500,32,1.0,0.03999999910593033,0.011655637994408607,1.0,0.00128091499209404,0.0005567255429923534,0.00012054845283273607,1.0,0.04073307290673256,0.008975028991699219,1.0,S2,1.0,600,2,32,666acc47fa22eca7350d13a3c9024353fe6a6eff1fb2822cb1f41108fa6750f5,"[0.8928208017449346, 1.0]"
0.4240601305812974,30,False,19.775,0.9375,30,0.9875,0.043186336755752563,0.003716354025527835,0.95,7.450580596923828e-09,0.029746361076831818,0.0004446790612573865,,,600,0.10521535383319293,0.12229096461668071,0.050528522580862045,2.222773790359497,M500,32,0.95625,0.040000006556510925,0.010463780723512173,0.70625,0.006303874775767326,0.023738903924822807,0.0029157487987953273,0.971875,0.043186336755752563,0.007095751352608204,0.828125,S2,0.375,600,3,12,666acc47fa22eca7350d13a3c9024353fe6a6eff1fb2822cb1f41108fa6750f5,"[0.2293388730945454, 0.5474559264692209]"
0.030494791666666667,32,False,20.0,1.0,32,1.0,0.03998035565018654,0.002043716376647353,1.0,0.0,1.1436641216278076e-06,1.7869751900434494e-08,,,600,0.050606770833333335,0.08599479166666667,0.005391423124819994,0.19054584205150604,M500,32,1.0,0.03999999910593033,0.0030321350786834955,1.0,0.0006386442109942436,0.00029272306710481644,0.00011801069922512397,1.0,0.03999999910593033,0.0025379257276654243,1.0,S5,1.0,600,0,32,1e0e157d2d013e90846dbabb2c58ed45f0c864d140c918210d1c66bcca036eab,"[0.8928208017449346, 1.0]"
0.053119791666666666,32,False,20.0,1.0,32,1.0,0.04039774835109711,0.002443204168230295,1.0,0.0,0.0,0.0,,,600,0.04922135416666667,0.1068828125,0.005909476894885302,0.23706266283988953,M500,32,1.0,0.03999999910593033,0.003870159387588501,1.0,0.0010080086067318916,0.0010382113978266716,0.00044324711052468047,1.0,0.04039774835109711,0.003156681777909398,1.0,S5,1.0,600,1,32,1e0e157d2d013e90846dbabb2c58ed45f0c864d140c918210d1c66bcca036eab,"[0.8928208017449346, 1.0]"
0.0046015625,32,False,20.0,1.0,32,1.0,0.03984034061431885,0.0024733722675591707,1.0,0.0,0.0,0.0,,,600,0.04716666666666667,0.0920625,0.005041399039328098,0.1865863800048828,M500,32,1.0,0.03999999910593033,0.004769398830831051,1.0,0.0007535228505730629,0.0007154345512390137,0.0003140638000331819,1.0,0.03999999910593033,0.003621385432779789,1.0,S5,1.0,600,2,32,1e0e157d2d013e90846dbabb2c58ed45f0c864d140c918210d1c66bcca036eab,"[0.8928208017449346, 1.0]"
0.4440930754135128,26,False,18.492708333333333,0.8125,26,0.9375,0.0428316704928875,0.0019172091269865632,0.796875,7.450580596923828e-09,0.01908700540661812,0.0006599430593528918,,,600,0.105923745444351,0.12057471264367817,0.05429324880242348,2.892984390258789,M500,32,0.921875,0.040000006556510925,0.004611642565578222,0.640625,0.009999994188547134,0.009957361035048962,0.003096947407660385,0.9296875,0.0428316704928875,0.0032915440388023853,0.71875,S5,0.34375,600,3,11,1e0e157d2d013e90846dbabb2c58ed45f0c864d140c918210d1c66bcca036eab,"[0.20410437924433478, 0.516889120210373]"
0.031587239583333336,32,False,40.0,1.0,32,,0.04061424732208252,0.00562465051189065,,0.0,,,10,10.0,1200,0.04660416666666667,0.067859375,0.005841390695422888,0.19432485103607178,M500,32,,0.03999999910593033,0.009009789675474167,,0.00105349812656641,,,,0.04061424732208252,0.007429353427141905,,F,1.0,1200,0,32,0a926568ec04f14a0dbfb7227b57544221f425366dae374e0ce5becd4369ebb1,"[0.8928208017449346, 1.0]"
0.05674869791666667,32,False,38.80208333333333,0.8125,26,,0.041970789432525635,0.007024209015071392,,0.0,,,10,9.125,1200,0.0499296875,0.09953255208333334,0.007040714845061302,0.2601276934146881,M500,32,,0.03999999910593033,0.010087988339364529,,0.005875284783542156,,,,0.041970789432525635,0.008629023097455502,,F,1.0,1200,1,32,0a926568ec04f14a0dbfb7227b57544221f425366dae374e0ce5becd4369ebb1,"[0.8928208017449346, 1.0]"
0.008854764255409984,28,False,39.020833333333336,0.875,28,,0.041207849979400635,0.006869887933135033,,0.0,,,10,8.8125,1200,0.045012941270646,0.0870814099314246,0.038610491901636124,2.242276191711426,M500,32,,0.03999999910593033,0.011158786714076996,,0.0018623024225234985,,,,0.041207849979400635,0.009197157807648182,,F,1.0,1200,2,32,0a926568ec04f14a0dbfb7227b57544221f425366dae374e0ce5becd4369ebb1,"[0.8928208017449346, 1.0]"
0.4284665151250219,26,False,35.628125,0.8125,26,,0.04285157844424248,0.004344528075307608,,7.450580596923828e-09,,,10,8.6875,1200,0.09867546773911523,0.11653552485865827,0.05410943925380707,2.6872398853302,M500,32,,0.040000006556510925,0.0110006183385849,,0.004942799918353558,,,,0.04285157844424248,0.008088845759630203,,F,1.0,1200,3,32,0a926568ec04f14a0dbfb7227b57544221f425366dae374e0ce5becd4369ebb1,"[0.8928208017449346, 1.0]"
0.018369791666666666,32,False,20.0,1.0,32,1.0,0.04035239294171333,0.005274337716400623,1.0,0.0,0.0009044148027896881,5.691382102668285e-06,,,600,0.04680989583333333,0.06806510416666667,0.005604726728051901,0.18499775230884552,E500,32,1.0,0.03999999910593033,0.008738403208553791,1.0,0.0007596053183078766,9.559281170368195e-05,3.463079337961972e-05,1.0,0.04035239294171333,0.0070063709281384945,1.0,S2,1.0,600,0,32,a67de19fd8b2ae8d7ad23afe933a549a737324d7ac7b1813ad2896728aa61223,"[0.8928208017449346, 1.0]"
0.03285677083333333,32,False,20.0,1.0,32,1.0,0.04114820808172226,0.006602412089705467,1.0,0.0,0.0,0.0,,,600,0.04913802083333333,0.098171875,0.006284534465521574,0.24746060371398926,E500,32,1.0,0.03999999910593033,0.010664941743016243,1.0,0.003464651294052601,0.0020511839538812637,0.00023657162673771382,1.0,0.04114820808172226,0.008633676916360855,1.0,S2,1.0,600,1,32,a67de19fd8b2ae8d7ad23afe933a549a737324d7ac7b1813ad2896728aa61223,"[0.8928208017449346, 1.0]"
0.004572025052192067,31,False,19.954166666666666,0.96875,31,0.99375,0.04093553498387337,0.00639029685407877,0.99375,0.0,0.00024802982807159424,2.8404284198329136e-06,,,600,0.04598643006263048,0.08680845511482255,0.02207493968307972,1.6346765756607056,E500,32,1.0,0.03999999910593033,0.011577066965401173,1.0,0.001588035374879837,0.0006790468469262123,0.00014051047328393905,0.996875,0.04093553498387337,0.008989095687866211,0.996875,S2,0.96875,600,2,31,a67de19fd8b2ae8d7ad23afe933a549a737324d7ac7b1813ad2896728aa61223,"[0.8425573617998795, 0.9944621398359966]"
0.20640237324703345,29,False,19.086458333333333,0.875,28,0.9625,0.04117247462272644,0.0037754434160888195,0.95,7.450580596923828e-09,0.00635957159101963,4.288820805502873e-05,,,600,0.09906688241639698,0.12224379719525351,0.05616189166903496,2.4272592067718506,E500,32,0.925,0.040000006556510925,0.010179143399000168,0.74375,0.006246442906558514,0.01640964299440384,0.0019943171120699373,0.94375,0.04117247462272644,0.006992490496486425,0.846875,S2,0.53125,600,3,17,a67de19fd8b2ae8d7ad23afe933a549a737324d7ac7b1813ad2896728aa61223,"[0.3644951711897506, 0.6913061289193079]"
0.0204296875,32,False,20.0,1.0,32,1.0,0.04053942486643791,0.0020917837973684072,0.984375,0.0,0.03343033045530319,0.0005223489133641124,,,600,0.049966145833333336,0.0854609375,0.005659646820276976,0.18636895716190338,E500,32,1.0,0.03999999910593033,0.003033859422430396,1.0,0.0011981818825006485,0.00030748313292860985,0.00011777100735343993,1.0,0.04053942486643791,0.002562821377068758,0.9921875,S5,0.96875,600,0,31,3904899399e70e95977558c509dad52fdc52df9c4f29557f4b04b382cf61567f,"[0.8425573617998795, 0.9944621398359966]"
0.032796875,32,False,20.0,1.0,32,1.0,0.04041159525513649,0.0024479678831994534,1.0,0.0,0.0,0.0,,,600,0.04916145833333333,0.106734375,0.006003599613904953,0.2324596643447876,E500,32,1.0,0.03999999910593033,0.0038868249393999577,1.0,0.0010073017328977585,0.0008567469194531441,0.00042174608825007454,1.0,0.04041159525513649,0.003167396178469062,1.0,S5,1.0,600,1,32,3904899399e70e95977558c509dad52fdc52df9c4f29557f4b04b382cf61567f,"[0.8928208017449346, 1.0]"
0.002828125,32,False,20.0,1.0,32,1.0,0.039910681545734406,0.0025302371941506863,0.984375,0.0,0.0019159484654664993,2.9936752980574965e-05,,,600,0.04864583333333333,0.09197135416666667,0.005251383408904076,0.19522641599178314,E500,32,1.0,0.03999999910593033,0.0045748865231871605,1.0,0.000918426550924778,0.0006851512007415295,0.0003284325066488236,1.0,0.03999999910593033,0.0035525623243302107,0.9921875,S5,0.96875,600,2,31,3904899399e70e95977558c509dad52fdc52df9c4f29557f4b04b382cf61567f,"[0.8425573617998795, 0.9944621398359966]"
0.23716327070653612,31,False,19.67395833333333,0.96875,31,0.984375,0.04007668048143387,0.0015428472543135285,0.96875,7.450580596923828e-09,0.0,0.0,,,600,0.11623974596454088,0.13582693834347712,0.0540730245411396,2.1115074157714844,E500,32,0.984375,0.040000006556510925,0.00461234338581562,0.703125,0.0028169527649879456,0.007017685100436211,0.0024552441549502194,0.984375,0.04007668048143387,0.0030780010856688023,0.8359375,S5,0.59375,600,3,19,3904899399e70e95977558c509dad52fdc52df9c4f29557f4b04b382cf61567f,"[0.42260024875383306, 0.7448036515733422]"
0.01786328125,32,False,39.48229166666667,0.96875,31,,0.040595702826976776,0.005638629198074341,,0.0,,,10,10.0,1200,0.04663151041666667,0.06794140625,0.0056506493128836155,0.2795051038265228,E500,32,,0.03999999910593033,0.00919987540692091,,0.0010035904124379158,,,,0.040595702826976776,0.00753573514521122,,F,1.0,1200,0,32,745431e02e4694ab6b4f386e23221d81e42114b97e3b65166fe45835370903be,"[0.8928208017449346, 1.0]"
0.03093619791666667,32,False,39.177083333333336,0.9375,30,,0.04170685261487961,0.007074859458953142,,0.0,,,10,9.15625,1200,0.04976171875,0.09910026041666667,0.0077844541519880295,0.3422756493091583,E500,32,,0.03999999910593033,0.010058186948299408,,0.00564446859061718,,,,0.04170685261487961,0.008638697676360607,,F,1.0,1200,1,32,745431e02e4694ab6b4f386e23221d81e42114b97e3b65166fe45835370903be,"[0.8928208017449346, 1.0]"
0.0038012009435985416,25,False,38.82395833333334,0.78125,25,,0.04107881337404251,0.006926855072379112,,0.0,,,10,8.78125,1200,0.04623096718850525,0.0882465687325756,0.038291629403829575,2.396456718444824,E500,32,,0.03999999910593033,0.010915175080299377,,0.0018633585423231125,,,,0.04107881337404251,0.009090258739888668,,F,1.0,1200,2,32,745431e02e4694ab6b4f386e23221d81e42114b97e3b65166fe45835370903be,"[0.8928208017449346, 1.0]"
0.20552907809713167,25,False,35.29166666666667,0.78125,25,,0.04162190854549408,0.004437503404915333,,7.450580596923828e-09,,,10,8.78125,1200,0.09407912049355283,0.1199029268150054,0.05681036040186882,2.946631908416748,E500,32,,0.040000006556510925,0.011128810234367847,,0.008316239342093468,,,,0.04162190854549408,0.008156939409673214,,F,1.0,1200,3,32,745431e02e4694ab6b4f386e23221d81e42114b97e3b65166fe45835370903be,"[0.8928208017449346, 1.0]"
0.03161979166666667,32,False,20.0,1.0,32,1.0,0.04020626097917557,0.00525358272716403,1.0,0.0,8.896738290786743e-05,5.575595423579216e-07,,,600,0.04694010416666667,0.0683046875,0.005600018426775932,0.18019603192806244,M4100,32,1.0,0.03999999910593033,0.008669550530612469,1.0,0.0006239200010895729,8.016591891646385e-05,2.6575970696285368e-05,1.0,0.04020626097917557,0.006961566396057606,1.0,S2,1.0,600,0,32,83d4a4aad62379a713ceeb9475bdfd42aef2525926fa205dc794e9db0c36d068,"[0.8928208017449346, 1.0]"
0.059203125,32,False,20.0,1.0,32,1.0,0.04109441861510277,0.006613497156649828,1.0,0.0,0.0,0.0,,,600,0.049065104166666665,0.0981953125,0.006169975269585848,0.2447669506072998,M4100,32,1.0,0.03999999910593033,0.010642818175256252,1.0,0.0031220335513353348,0.0018491335213184357,0.00021905987232457847,1.0,0.04109441861510277,0.008628158830106258,1.0,S2,1.0,600,1,32,83d4a4aad62379a713ceeb9475bdfd42aef2525926fa205dc794e9db0c36d068,"[0.8928208017449346, 1.0]"
0.009557785792692489,31,False,19.922916666666666,0.96875,31,0.99375,0.04094536975026131,0.0063690622337162495,0.99375,0.0,8.957460522651672e-05,5.637605985005697e-07,,,600,0.04669384768177304,0.08646960430714547,0.021786071360111237,1.599133849143982,M4100,32,1.0,0.03999999910593033,0.011654430069029331,0.99375,0.0015848958864808083,0.00047941412776708603,0.00012386309674138543,0.996875,0.04094536975026131,0.009018790908157825,0.99375,S2,0.96875,600,2,31,83d4a4aad62379a713ceeb9475bdfd42aef2525926fa205dc794e9db0c36d068,"[0.8425573617998795, 0.9944621398359966]"
0.4416232497557799,29,False,19.134375,0.90625,29,0.95625,0.04377720132470131,0.003778846701607108,0.89375,7.450580596923828e-09,0.02134936861693859,0.0007391468940400763,,,600,0.1046700314772604,0.12053348529252143,0.054948851466178894,2.079742431640625,M4100,32,0.925,0.040000006556510925,0.011173621751368046,0.7,0.00422783475369215,0.04147680848836899,0.0030411253380891565,0.940625,0.04377720132470131,0.007501116022467613,0.796875,S2,0.21875,600,3,7,83d4a4aad62379a713ceeb9475bdfd42aef2525926fa205dc794e9db0c36d068,"[0.11023836252604396, 0.38754993649243025]"
0.02764322916666667,32,False,20.0,1.0,32,1.0,0.03990944102406502,0.0020388218108564615,1.0,0.0,0.0,0.0,,,600,0.050942708333333336,0.08595572916666666,0.00540014635771513,0.23979395627975464,M4100,32,1.0,0.03999999910593033,0.003053860040381551,1.0,0.0004447083920240402,0.0003016451373696327,0.00012854816304752603,1.0,0.03999999910593033,0.002546340925619006,1.0,S5,1.0,600,0,32,63913c749aba88cfeffc1c9d1b60262b24922cabf0a3e15febd60fffbfa06336,"[0.8928208017449346, 1.0]"
0.053138020833333334,32,False,20.0,1.0,32,1.0,0.04045812785625458,0.002447467530146241,1.0,0.0,0.0,0.0,,,600,0.049203125,0.10663802083333333,0.006197717040777206,0.2242564707994461,M4100,32,1.0,0.03999999910593033,0.0038408259861171246,1.0,0.0012011593207716942,0.0007724370807409286,0.0003936282664653845,1.0,0.04045812785625458,0.003144146641716361,1.0,S5,1.0,600,1,32,63913c749aba88cfeffc1c9d1b60262b24922cabf0a3e15febd60fffbfa06336,"[0.8928208017449346, 1.0]"
0.004572916666666667,32,False,20.0,1.0,32,1.0,0.04008128494024277,0.0024732318706810474,1.0,0.0,7.450580596923828e-09,1.1641532182693481e-10,,,600,0.04871875,0.0917109375,0.004821734968572855,0.18477489054203033,M4100,32,1.0,0.03999999910593033,0.004766991827636957,1.0,0.0009429147467017174,0.0008479808457195759,0.0002814530598698184,1.0,0.04008128494024277,0.0036201118491590023,1.0,S5,1.0,600,2,32,63913c749aba88cfeffc1c9d1b60262b24922cabf0a3e15febd60fffbfa06336,"[0.8928208017449346, 1.0]"
0.44404884388368443,30,False,19.227083333333333,0.9375,30,0.953125,0.04325708746910095,0.0021744000259786844,0.921875,7.450580596923828e-09,0.021935343742370605,0.0003784025912402106,,,600,0.10175718849840255,0.11996534358585585,0.05513276159763336,1.8078385591506958,M4100,32,0.96875,0.040000006556510925,0.005804365035146475,0.546875,0.0043050069361925125,0.041098691523075104,0.004219118024787453,0.9609375,0.04325708746910095,0.004005795810371637,0.734375,S5,0.3125,600,3,10,63913c749aba88cfeffc1c9d1b60262b24922cabf0a3e15febd60fffbfa06336,"[0.17952541633610017, 0.48566678300954924]"
0.032049479166666665,32,False,40.0,1.0,32,,0.04056331515312195,0.0056172446347773075,,0.0,,,10,10.0,1200,0.04681640625,0.06821484375,0.0057852608151733875,0.20304825901985168,M4100,32,,0.03999999910593033,0.00908594485372305,,0.0009498167783021927,,,,0.04056331515312195,0.007467037998139858,,F,1.0,1200,0,32,b67aea6f27b92faddc1dae58b1074c348d3c697ac53e66d9417a9320bdd6343c,"[0.8928208017449346, 1.0]"
0.05664973958333333,32,False,38.765625,0.78125,25,,0.041751179844141006,0.007017128169536591,,0.0,,,10,9.125,1200,0.04997395833333333,0.0998515625,0.0069503928534686565,0.28017735481262207,M4100,32,,0.03999999910593033,0.010051509365439415,,0.005579689517617226,,,,0.041751179844141006,0.008606385439634323,,F,1.0,1200,1,32,b67aea6f27b92faddc1dae58b1074c348d3c697ac53e66d9417a9320bdd6343c,"[0.8928208017449346, 1.0]"
0.008679271708683474,22,False,36.975,0.65625,21,,0.05000000074505806,0.007275478448718786,,0.0,,,9,8.34375,1200,0.04664145658263305,0.08766946778711485,0.03320133313536644,2.2298531532287598,M4100,32,,0.03999999910593033,0.010921794921159744,,0.0019028177484869957,,,,0.05000000074505806,0.009245102293789387,,F,1.0,1200,2,32,b67aea6f27b92faddc1dae58b1074c348d3c697ac53e66d9417a9320bdd6343c,"[0.8928208017449346, 1.0]"
0.4405660644503596,27,False,36.73229166666667,0.84375,27,,0.04619704931974411,0.0043161544017493725,,7.450580596923828e-09,,,10,8.71875,1200,0.0987384606671575,0.11833550433255932,0.05660690367221832,2.2678797245025635,M4100,32,,0.040000006556510925,0.01187010109424591,,0.009308625012636185,,,,0.04619704931974411,0.00864372681826353,,F,1.0,1200,3,32,b67aea6f27b92faddc1dae58b1074c348d3c697ac53e66d9417a9320bdd6343c,"[0.8928208017449346, 1.0]"
0.0179375,32,False,20.0,1.0,32,1.0,0.04027799889445305,0.005269168876111507,1.0,0.0,8.568167686462402e-08,6.519258022308349e-10,,,600,0.04691666666666667,0.06815364583333333,0.005539792124181986,0.18455961346626282,E4100,32,1.0,0.03999999910593033,0.008658069185912609,1.0,0.0007020086050033569,8.293287828564644e-05,2.412091998849064e-05,1.0,0.04027799889445305,0.0069636194966733456,1.0,S2,1.0,600,0,32,5216bc35e95cfd13995234ea670b5f7de16c9c4e2ac6d7ae2a040e579bdf8cec,"[0.8928208017449346, 1.0]"
0.0298515625,32,False,20.0,1.0,32,1.0,0.041049759835004807,0.006632494740188122,1.0,0.0,0.0,0.0,,,600,0.0490546875,0.098328125,0.006435733288526535,0.23603272438049316,E4100,32,1.0,0.03999999910593033,0.010698172263801098,1.0,0.003002881072461605,0.0016708830371499062,0.00021055737452115863,1.0,0.041049759835004807,0.008665332570672035,1.0,S2,1.0,600,1,32,5216bc35e95cfd13995234ea670b5f7de16c9c4e2ac6d7ae2a040e579bdf8cec,"[0.8928208017449346, 1.0]"
0.003947916666666666,32,False,20.0,1.0,32,1.0,0.04089539498090744,0.006339746527373791,1.0,0.0,2.2351741790771484e-07,1.7462298274040222e-09,,,600,0.046057291666666667,0.08557552083333334,0.005024645943194628,0.18905001878738403,E4100,32,1.0,0.03999999910593033,0.011678203009068966,1.0,0.0015709716826677322,0.0007486529648303986,0.00014188115019351245,1.0,0.04089539498090744,0.009008973836898804,1.0,S2,1.0,600,2,32,5216bc35e95cfd13995234ea670b5f7de16c9c4e2ac6d7ae2a040e579bdf8cec,"[0.8928208017449346, 1.0]"
0.19532291666666668,32,False,20.0,1.0,32,1.0,0.04225265979766846,0.0039231786504387856,1.0,7.450580596923828e-09,0.00023302435874938965,1.4566583558917046e-06,,,600,0.09891145833333333,0.12208854166666666,0.007047269027680159,0.2379721701145172,E4100,32,0.975,0.040000006556510925,0.010973457247018814,0.90625,0.004483489319682121,0.005867688916623592,0.0012188673659693449,0.9875,0.04225265979766846,0.0074483179487288,0.953125,S2,0.71875,600,3,23,5216bc35e95cfd13995234ea670b5f7de16c9c4e2ac6d7ae2a040e579bdf8cec,"[0.5462549057408392, 0.8443541950225697]"
0.017546875,32,False,20.0,1.0,32,1.0,0.03982030227780342,0.0020578147377818823,0.984375,0.0,0.013216087594628334,0.00020650136866606772,,,600,0.050205729166666664,0.08536979166666667,0.005307510495185852,0.2477819323539734,E4100,32,1.0,0.03999999910593033,0.0030815124046057463,1.0,0.000428076833486557,0.00032753823325037956,0.00012161964696133509,1.0,0.03999999910593033,0.0025696640368551016,0.9921875,S5,0.96875,600,0,31,46a479324cbb79ccc7acf2248ac1c4ff9d9b5ef965544e1e1109ec0565ce03df,"[0.8425573617998795, 0.9944621398359966]"
0.030888020833333335,32,False,20.0,1.0,32,1.0,0.04037921875715256,0.0024472824297845364,1.0,0.0,0.0,0.0,,,600,0.04918229166666667,0.10648958333333333,0.00622987374663353,0.23318324983119965,E4100,32,1.0,0.03999999910593033,0.003867965191602707,1.0,0.000790819525718689,0.0008516279049217701,0.0003736123981070705,1.0,0.04037921875715256,0.0031576238106936216,1.0,S5,1.0,600,1,32,46a479324cbb79ccc7acf2248ac1c4ff9d9b5ef965544e1e1109ec0565ce03df,"[0.8928208017449346, 1.0]"
0.002411458333333333,32,False,20.0,1.0,32,1.0,0.03996950387954712,0.002492817584425211,1.0,0.0,7.450580596923828e-09,1.1641532182693481e-10,,,600,0.045783854166666665,0.09147395833333333,0.005027216859161854,0.18322806060314178,E4100,32,1.0,0.03999999910593033,0.004729267675429583,1.0,0.0010512983426451683,0.0006751096807420254,0.0003172453143633902,1.0,0.03999999910593033,0.0036110428627580404,1.0,S5,1.0,600,2,32,46a479324cbb79ccc7acf2248ac1c4ff9d9b5ef965544e1e1109ec0565ce03df,"[0.8928208017449346, 1.0]"
0.2218527379053695,31,False,19.590625,0.96875,31,0.984375,0.04123133048415184,0.0015513213584199548,0.9375,7.450580596923828e-09,0.020389221608638763,0.00037606760498977475,,,600,0.11062466772993089,0.13649920255183412,0.050271086394786835,1.3493249416351318,E4100,32,0.984375,0.040000006556510925,0.005462630186229944,0.609375,0.0031765950843691826,0.04118022695183754,0.0032451614840990966,0.984375,0.04123133048415184,0.0035163331776857376,0.7734375,S5,0.4375,600,3,14,46a479324cbb79ccc7acf2248ac1c4ff9d9b5ef965544e1e1109ec0565ce03df,"[0.2816533111504073, 0.6067440886314757]"
0.017376302083333333,32,False,40.0,1.0,32,,0.04069429636001587,0.005646558944135904,,0.0,,,10,10.0,1200,0.04678125,0.06809244791666667,0.00573368463665247,0.1960059404373169,E4100,32,,0.03999999910593033,0.009069425985217094,,0.0010622497648000717,,,,0.04069429636001587,0.007470572832971811,,F,1.0,1200,0,32,841006162f332fbd07181c3c7d5e34315d3ea1f7b81a3baf3f370927b676c094,"[0.8928208017449346, 1.0]"
0.027002604166666666,32,False,39.11875,0.875,28,,0.0418362133204937,0.0070680659264326096,,0.0,,,10,9.125,1200,0.04991796875,0.09966796875,0.0067800357937812805,0.26478949189186096,E4100,32,,0.03999999910593033,0.010062851943075657,,0.005338600836694241,,,,0.0418362133204937,0.008638379164040089,,F,1.0,1200,1,32,841006162f332fbd07181c3c7d5e34315d3ea1f7b81a3baf3f370927b676c094,"[0.8928208017449346, 1.0]"
0.0037920789452741597,29,False,39.25,0.90625,29,,0.04085893929004669,0.006986725144088268,,0.0,,,10,8.875,1200,0.04543332360665305,0.08811841791123962,0.03452351689338684,2.2445337772369385,E4100,32,,0.03999999910593033,0.010978544130921364,,0.0015560416504740715,,,,0.04085893929004669,0.009147348813712597,,F,1.0,1200,2,32,841006162f332fbd07181c3c7d5e34315d3ea1f7b81a3baf3f370927b676c094,"[0.8928208017449346, 1.0]"
0.20021193876724533,30,False,38.56979166666667,0.9375,30,,0.04050740972161293,0.004428884945809841,,7.450580596923828e-09,,,10,9.3125,1200,0.09590701692810281,0.12068630362590782,0.05299891158938408,1.5838885307312012,E4100,32,,0.040000006556510925,0.011750039644539356,,0.002143207937479019,,,,0.04050740972161293,0.008520263247191906,,F,1.0,1200,3,32,841006162f332fbd07181c3c7d5e34315d3ea1f7b81a3baf3f370927b676c094,"[0.8928208017449346, 1.0]"
0.018111979166666667,32,False,20.0,1.0,32,1.0,0.04032062366604805,0.005262407008558512,1.0,0.0,4.0978193283081055e-08,2.7939677238464354e-10,,,600,0.046903645833333334,0.06825260416666666,0.00567210977897048,0.1827768236398697,E5700,32,1.0,0.03999999910593033,0.008682044222950935,1.0,0.0007150312885642052,7.60410912334919e-05,2.4605327052995562e-05,1.0,0.04032062366604805,0.00697222538292408,1.0,S2,1.0,600,0,32,25c6ce0d9e27ee281c52e7410c4a903dd6ac0f18155e822c5b3537d9bf2750df,"[0.8928208017449346, 1.0]"
0.029619791666666666,32,False,20.0,1.0,32,1.0,0.0409245491027832,0.0066073802299797535,1.0,0.0,0.0,0.0,,,600,0.04899479166666667,0.09796614583333334,0.0061683570966124535,0.24411512911319733,E5700,32,1.0,0.03999999910593033,0.010729718953371048,1.0,0.0028714044019579887,0.001831953413784504,0.00022893587301950902,1.0,0.0409245491027832,0.008668550290167332,1.0,S2,1.0,600,1,32,25c6ce0d9e27ee281c52e7410c4a903dd6ac0f18155e822c5b3537d9bf2750df,"[0.8928208017449346, 1.0]"
0.0039947916666666665,32,False,20.0,1.0,32,1.0,0.04134741798043251,0.006431998685002327,1.0,0.0,0.0006192587316036224,5.5638141930103305e-06,,,600,0.04626822916666667,0.08589322916666667,0.005068196449428797,0.19652172923088074,E5700,32,1.0,0.03999999910593033,0.011530652642250061,1.0,0.0018831221386790276,0.0009188670665025711,0.00014013117761351167,1.0,0.04134741798043251,0.008981326594948769,1.0,S2,1.0,600,2,32,25c6ce0d9e27ee281c52e7410c4a903dd6ac0f18155e822c5b3537d9bf2750df,"[0.8928208017449346, 1.0]"
0.19594010416666666,32,False,20.0,1.0,32,1.0,0.042277149856090546,0.0038782679475843906,0.99375,7.450580596923828e-09,1.4901161193847656e-08,9.313225746154786e-11,,,600,0.10089322916666667,0.12477083333333333,0.005963789764791727,0.1603519469499588,E5700,32,0.96875,0.040000006556510925,0.010658307932317257,0.89375,0.004446040838956833,0.005074788816273212,0.0012705509296210948,0.984375,0.042277149856090546,0.0072682881727814674,0.94375,S2,0.78125,600,3,25,25c6ce0d9e27ee281c52e7410c4a903dd6ac0f18155e822c5b3537d9bf2750df,"[0.6124500635075697, 0.889761637473956]"
0.017138020833333333,32,False,20.0,1.0,32,1.0,0.039757631719112396,0.0020344178192317486,1.0,0.0,0.0,0.0,,,600,0.050078125,0.0857578125,0.005233774892985821,0.18354016542434692,E5700,32,1.0,0.03999999910593033,0.0030900374986231327,1.0,0.00040449388325214386,0.0003970288671553135,0.0001233104703715071,1.0,0.03999999910593033,0.0025622276589274406,1.0,S5,1.0,600,0,32,237ea8eb6612ed578a2e175f44037ee5bf181c4fec555e79d38669597caf8f27,"[0.8928208017449346, 1.0]"
0.0291640625,32,False,20.0,1.0,32,1.0,0.040482327342033386,0.0024588434025645256,1.0,0.0,0.0,0.0,,,600,0.049213541666666666,0.10654427083333333,0.006387523375451565,0.22881895303726196,E5700,32,1.0,0.03999999910593033,0.0038693964015692472,1.0,0.0010869987308979034,0.0012549892999231815,0.00038445780955953524,1.0,0.040482327342033386,0.0031641197856515646,1.0,S5,1.0,600,1,32,237ea8eb6612ed578a2e175f44037ee5bf181c4fec555e79d38669597caf8f27,"[0.8928208017449346, 1.0]"
0.002455729166666667,32,False,20.0,1.0,32,1.0,0.03992410749197006,0.002492971485480666,1.0,0.0,3.725290298461914e-09,5.820766091346741e-11,,,600,0.045359375,0.09142447916666667,0.00500671099871397,0.19036276638507843,E5700,32,1.0,0.03999999910593033,0.004683732986450195,1.0,0.000987914390861988,0.0008149193599820137,0.0002890238829422742,1.0,0.03999999910593033,0.003588352119550109,1.0,S5,1.0,600,2,32,237ea8eb6612ed578a2e175f44037ee5bf181c4fec555e79d38669597caf8f27,"[0.8928208017449346, 1.0]"
0.2077421875,32,False,20.0,1.0,32,1.0,0.0416778102517128,0.0014342726208269596,1.0,7.450580596923828e-09,7.450580596923828e-09,1.1641532182693481e-10,,,600,0.10845052083333333,0.13218489583333334,0.007885606028139591,0.18422052264213562,E5700,32,1.0,0.040000006556510925,0.005231515970081091,0.4375,0.003261313773691654,0.04079043120145798,0.004350666415120941,1.0,0.0416778102517128,0.0033328940626233816,0.71875,S5,0.3125,600,3,10,237ea8eb6612ed578a2e175f44037ee5bf181c4fec555e79d38669597caf8f27,"[0.17952541633610017, 0.48566678300954924]"
0.017364583333333333,32,False,40.0,1.0,32,,0.04052578657865524,0.0056275068782269955,,0.0,,,10,10.0,1200,0.04669401041666667,0.06804036458333333,0.005701649002730846,0.1906081885099411,E5700,32,,0.03999999910593033,0.009138204157352448,,0.0009117759764194489,,,,0.04052578657865524,0.007498872932046652,,F,1.0,1200,0,32,e70655c0195006dbba2a8546275558a642ec4df22b1ace1d7455e1348360c0b2,"[0.8928208017449346, 1.0]"
0.026796875,32,False,39.2625,0.875,28,,0.041684892028570175,0.007030836306512356,,0.0,,,10,9.15625,1200,0.049829427083333336,0.09955989583333333,0.006526666227728128,0.25655487179756165,E5700,32,,0.03999999910593033,0.010083490051329136,,0.006207749247550964,,,,0.041684892028570175,0.00863196887075901,,F,1.0,1200,1,32,e70655c0195006dbba2a8546275558a642ec4df22b1ace1d7455e1348360c0b2,"[0.8928208017449346, 1.0]"
0.003854205310297313,29,False,39.290625,0.90625,29,,0.04093242436647415,0.006982116494327784,,0.0,,,10,8.84375,1200,0.04636838200222587,0.08727145052731994,0.04138439893722534,2.3553309440612793,E5700,32,,0.03999999910593033,0.010903089307248592,,0.0016437722370028496,,,,0.04093242436647415,0.009096790105104446,,F,1.0,1200,2,32,e70655c0195006dbba2a8546275558a642ec4df22b1ace1d7455e1348360c0b2,"[0.8928208017449346, 1.0]"
0.19070983679798165,31,False,39.63020833333333,0.96875,31,,0.04345876723527908,0.0044459132477641106,,7.450580596923828e-09,,,10,9.84375,1200,0.09347980342172348,0.11918609234974113,0.057295966893434525,2.029574394226074,E5700,32,,0.040000006556510925,0.011071782559156418,,0.004185647703707218,,,,0.04345876723527908,0.008121476508677006,,F,1.0,1200,3,32,e70655c0195006dbba2a8546275558a642ec4df22b1ace1d7455e1348360c0b2,"[0.8928208017449346, 1.0]"
0.48317696728040344,22,False,3.678125,0.0,0,0.5375,0.05000000074505806,0.01786746270954609,0.51875,0.0,0.04577180743217468,0.0024782586774295744,,,600,0.23264629998827255,0.45922950627418785,0.059024132788181305,1.7772773504257202,rl500,32,0.31875,0.03999999910593033,0.018506009131669998,0.125,0.010000001639127731,0.01855575479567051,0.0007782324585229992,0.428125,0.05000000074505806,0.01819201558828354,0.321875,S2,0.0,600,0,0,38707f78cee80ceed97cfcd83a105e7db9ed8e95c3c4a075947f3bb712762f22,"[0.0, 0.10717919825506533]"
0.4488438399162961,31,False,3.136458333333333,0.0,0,0.8875,0.05000000074505806,0.011037382297217846,0.875,0.0,0.04018116742372513,0.0009280389889418704,,,600,0.19343447554276746,0.38340047083442325,0.0362866185605526,2.0968027114868164,rl500,32,0.23125,0.03999999910593033,0.021948201581835747,0.1875,0.010000001639127731,0.0025278283283114433,0.00012080237154450572,0.559375,0.05000000074505806,0.016502780839800835,0.53125,S2,0.0,600,1,0,38707f78cee80ceed97cfcd83a105e7db9ed8e95c3c4a075947f3bb712762f22,"[0.0, 0.10717919825506533]"
0.4013307291666667,32,False,9.208333333333334,0.03125,1,0.98125,0.040442030876874924,0.010417290963232517,0.98125,0.0,2.3469328880310059e-07,2.537854015827179e-09,,,600,0.15541145833333334,0.3230677083333333,0.013972053304314613,0.4764893651008606,rl500,32,0.1125,0.03999999910593033,0.02250482328236103,0.1125,0.000838729552924633,0.008550861850380898,0.00021885956812184304,0.546875,0.040442030876874924,0.01646105758845806,0.546875,S2,0.0,600,2,0,38707f78cee80ceed97cfcd83a105e7db9ed8e95c3c4a075947f3bb712762f22,"[0.0, 0.10717919825506533]"
0.43270800764286954,27,False,0.7072916666666667,0.0,0,0.8875,0.04328739270567894,0.008060398511588573,0.8875,7.450580596923828e-09,0.0,0.0,,,600,0.2715592611892768,0.37884604249898673,0.05381818488240242,2.409146308898926,rl500,32,0.225,0.040000006556510925,0.020286601036787033,0.2125,0.003916122950613499,0.028458595275878906,0.00023426162567432527,0.55625,0.04328739270567894,0.014254555106163025,0.55,S2,0.0,600,3,0,38707f78cee80ceed97cfcd83a105e7db9ed8e95c3c4a075947f3bb712762f22,"[0.0, 0.10717919825506533]"
0.43032049555615404,28,False,5.253125,0.0,0,0.953125,0.05000000074505806,0.00428485544398427,0.90625,0.0,0.003922279924154282,0.00011335968350370726,,,600,0.23064907083221114,0.5225478050094263,0.045386768877506256,2.5074639320373535,rl500,32,0.921875,0.03999999910593033,0.01071868371218443,0.359375,0.010000001639127731,0.017538219690322876,0.0016750498201514854,0.9375,0.05000000074505806,0.007563630118966103,0.6328125,S5,0.0,600,0,0,5f6459f7e29e6ddd4e4ecc8e529975f3e257c7f04536a35be66d90fb92758ffd,"[0.0, 0.10717919825506533]"
0.3560067223246232,25,False,2.455208333333333,0.0,0,0.734375,0.05000000074505806,0.008433286100625992,0.59375,0.0,0.0042863525450229645,0.0007396438730913296,,,600,0.1545673858831183,0.3866204055079692,0.02755567990243435,2.1575233936309814,rl500,32,0.609375,0.03999999910593033,0.009973200969398022,0.484375,0.010000001639127731,0.007092747837305069,0.0010307681914724287,0.671875,0.05000000074505806,0.00922386348247528,0.5390625,S5,0.0,600,1,0,5f6459f7e29e6ddd4e4ecc8e529975f3e257c7f04536a35be66d90fb92758ffd,"[0.0, 0.10717919825506533]"
0.2961153619776339,29,False,7.179166666666666,0.0,0,0.96875,0.03964100778102875,0.00455451337620616,0.953125,0.0,0.0,0.0,,,600,0.1509952378404409,0.3569211835839264,0.020075131207704544,1.9841995239257812,rl500,32,0.296875,0.03999999910593033,0.013606064021587372,0.15625,0.0008202483877539635,0.006562050431966782,0.0019199167934036063,0.6328125,0.03999999910593033,0.009123636409640312,0.5546875,S5,0.0,600,2,0,5f6459f7e29e6ddd4e4ecc8e529975f3e257c7f04536a35be66d90fb92758ffd,"[0.0, 0.10717919825506533]"
0.3188957055214724,0,False,0.7072916666666667,0.0,0,0.40625,0.04444168508052826,0.0027750306762754917,0.40625,7.450580596923828e-09,0.0,0.0,,,600,0.27355316973415134,0.3856748466257669,0.07199976593255997,2.6961634159088135,rl500,32,0.4375,0.040000006556510925,0.013458089902997017,0.03125,0.009999994188547134,0.007448817603290081,0.0038712447442646536,0.421875,0.04444168508052826,0.009189235046505928,0.21875,S5,0.0,600,3,0,5f6459f7e29e6ddd4e4ecc8e529975f3e257c7f04536a35be66d90fb92758ffd,"[0.0, 0.10717919825506533]"
0.44721456268849635,10,False,3.1260416666666666,0.0,0,,0.049790699034929276,0.011016122065484524,,0.0,,,8,3.3125,1200,0.25864713485566565,0.4829017664799655,0.06009133905172348,2.336094856262207,rl500,32,,0.03999999910593033,0.02067280374467373,,0.010000001639127731,,,,0.049790699034929276,0.01735849492251873,,F,1.0,1200,0,32,42a8897ddc837c253a3cff15e3153cea05509a16ee5115b402506351a39b59e3,"[0.8928208017449346, 1.0]"
0.39989394702653974,31,False,2.8239583333333336,0.0,0,,0.04919736087322235,0.010137561708688736,,0.0,,,8,7.46875,1200,0.19984622318848264,0.40338839250205477,0.06390789151191711,1.250396966934204,rl500,32,,0.03999999910593033,0.01465830858796835,,0.010000001639127731,,,,0.04919736087322235,0.012750022113323212,,F,1.0,1200,1,32,42a8897ddc837c253a3cff15e3153cea05509a16ee5115b402506351a39b59e3,"[0.8928208017449346, 1.0]"
0.3470640109472404,19,False,8.54375,0.0,0,,0.05000000074505806,0.010146482847630978,,0.0,,,7,5.25,1200,0.15512999847954995,0.36174395621103844,0.03355216979980469,2.13124942779541,rl500,32,,0.03999999910593033,0.019562475383281708,,0.010000001639127731,,,,0.05000000074505806,0.01605892926454544,,F,1.0,1200,2,32,42a8897ddc837c253a3cff15e3153cea05509a16ee5115b402506351a39b59e3,"[0.8928208017449346, 1.0]"
0.3888557520910462,8,False,0.7072916666666667,0.0,0,,0.04398229718208313,0.007810285780578852,,7.450580596923828e-09,,,8,5.8125,1200,0.3070152886329357,0.4178630193336076,0.05381818488240242,2.409146308898926,rl500,32,,0.040000006556510925,0.017337126657366753,,0.009999994188547134,,,,0.04398229718208313,0.01343618892133236,,F,0.90625,1200,3,29,42a8897ddc837c253a3cff15e3153cea05509a16ee5115b402506351a39b59e3,"[0.7578184527161265, 0.9675984487016329]"
0.031614583333333335,32,False,20.0,1.0,32,1.0,0.04029069095849991,0.005250132642686367,1.0,0.0,0.00010155513882637024,6.677582859992981e-07,,,600,0.046963541666666664,0.0678359375,0.005457018502056599,0.18586894869804382,M900,32,1.0,0.03999999910593033,0.008597379550337791,1.0,0.0007271235808730125,6.897607818245888e-05,2.8345227474346756e-05,1.0,0.04029069095849991,0.006923755630850792,1.0,S2,1.0,600,0,32,38612ec1b092cb0d1659f1ff6fef4b7a884e036fa1f1f203305ab5f8eed593a4,"[0.8928208017449346, 1.0]"
0.0594765625,32,False,20.0,1.0,32,1.0,0.04100043326616287,0.006590237841010094,1.0,0.0,0.0,0.0,,,600,0.0489921875,0.09796614583333334,0.006211261730641127,0.24820086359977722,M900,32,1.0,0.03999999910593033,0.010773411020636559,1.0,0.0028927521780133247,0.0014551132917404175,0.00021126979263499379,1.0,0.04100043326616287,0.008681824430823326,1.0,S2,1.0,600,1,32,38612ec1b092cb0d1659f1ff6fef4b7a884e036fa1f1f203305ab5f8eed593a4,"[0.8928208017449346, 1.0]"
0.009619791666666667,32,False,20.0,1.0,32,1.0,0.040718890726566315,0.006315896287560463,1.0,0.0,0.0011671148240566254,7.49549362808466e-06,,,600,0.0466015625,0.08634114583333333,0.004936268553137779,0.18418405950069427,M900,32,1.0,0.03999999910593033,0.011592943221330643,1.0,0.0014175744727253914,0.0005699642933905125,0.00013632933259941638,1.0,0.040718890726566315,0.008954419754445553,1.0,S2,1.0,600,2,32,38612ec1b092cb0d1659f1ff6fef4b7a884e036fa1f1f203305ab5f8eed593a4,"[0.8928208017449346, 1.0]"
0.42229627555306637,28,False,18.530208333333334,0.875,28,0.925,0.04241255298256874,0.0038957151118665934,0.88125,7.450580596923828e-09,0.02290785312652588,0.0005475590068872283,,,600,0.10131055726687202,0.12226267152058247,0.056751832365989685,2.2077643871307373,M900,32,0.90625,0.040000006556510925,0.011252432130277157,0.66875,0.005768957547843456,0.03816245123744011,0.0027891113816106037,0.915625,0.04241255298256874,0.007609714288264513,0.775,S2,0.28125,600,3,9,38612ec1b092cb0d1659f1ff6fef4b7a884e036fa1f1f203305ab5f8eed593a4,"[0.15564580497743027, 0.45374509425916076]"
0.029481770833333334,32,False,20.0,1.0,32,1.0,0.039883047342300415,0.002036914462223649,1.0,0.0,3.725290298461914e-09,5.820766091346741e-11,,,600,0.05097135416666667,0.08584375,0.005299675278365612,0.1882152408361435,M900,32,1.0,0.03999999910593033,0.0030419703107327223,1.0,0.0005493331700563431,0.00019697006791830063,8.738440374145284e-05,1.0,0.03999999910593033,0.0025394423864781857,1.0,S5,1.0,600,0,32,945383a734fee59e9f6f6aa12c3665eeb128c5df56c2c5333a12cf2dc9e4a781,"[0.8928208017449346, 1.0]"
0.0531953125,32,False,20.0,1.0,32,1.0,0.040461793541908264,0.002437514951452613,1.0,0.0,0.0,0.0,,,600,0.049169270833333334,0.10638020833333334,0.006084873806685209,0.23321792483329773,M900,32,1.0,0.03999999910593033,0.0039068348705768585,1.0,0.0010335640981793404,0.0010310416109859943,0.00040029828960541636,1.0,0.040461793541908264,0.003172174794599414,1.0,S5,1.0,600,1,32,945383a734fee59e9f6f6aa12c3665eeb128c5df56c2c5333a12cf2dc9e4a781,"[0.8928208017449346, 1.0]"
0.004578125,32,False,20.0,1.0,32,1.0,0.04000226408243179,0.0024816440418362617,1.0,0.0,0.0,0.0,,,600,0.049669270833333334,0.091765625,0.004891959019005299,0.18386228382587433,M900,32,1.0,0.03999999910593033,0.004717471543699503,1.0,0.0009629065170884132,0.0008526495657861233,0.00030453107319772243,1.0,0.04000226408243179,0.0035995577927678823,1.0,S5,1.0,600,2,32,945383a734fee59e9f6f6aa12c3665eeb128c5df56c2c5333a12cf2dc9e4a781,"[0.8928208017449346, 1.0]"
0.44290364583333336,32,False,20.0,1.0,32,1.0,0.04625517874956131,0.002010571537539363,0.953125,7.450580596923828e-09,0.036738790571689606,0.0009992219565901905,,,600,0.10609375,0.12294270833333333,0.0070708319544792175,0.22662556171417236,M900,32,0.984375,0.040000006556510925,0.004647559020668268,0.78125,0.009999994188547134,0.01730470359325409,0.0026480557207833044,0.9921875,0.04625517874956131,0.0033290651626884937,0.8671875,S5,0.625,600,3,20,945383a734fee59e9f6f6aa12c3665eeb128c5df56c2c5333a12cf2dc9e4a781,"[0.4525440735307791, 0.7706611269054546]"
0.03186979166666667,32,False,40.0,1.0,32,,0.041044823825359344,0.005639649461954832,,0.0,,,10,10.0,1200,0.0467265625,0.06787109375,0.006261913105845451,0.20573307573795319,M900,32,,0.03999999910593033,0.008990841917693615,,0.0014310162514448166,,,,0.041044823825359344,0.0074264295399188995,,F,1.0,1200,0,32,80413e3cf465ee4734c48fd3d603aaf1efb2027f11455920a9a892a7866fe61d,"[0.8928208017449346, 1.0]"
0.056740885416666664,32,False,39.45,0.84375,27,,0.041634075343608856,0.007041512988507748,,0.0,,,10,9.09375,1200,0.04984375,0.09949348958333333,0.00644990848377347,0.2538074254989624,M900,32,,0.03999999910593033,0.010128852911293507,,0.005293208174407482,,,,0.041634075343608856,0.008662929758429527,,F,1.0,1200,1,32,80413e3cf465ee4734c48fd3d603aaf1efb2027f11455920a9a892a7866fe61d,"[0.8928208017449346, 1.0]"
0.008452026501435048,27,False,38.80416666666666,0.84375,27,,0.04065726324915886,0.006865181960165501,,0.0,,,10,8.78125,1200,0.04542528365655428,0.08726160778949063,0.03305806964635849,2.239602565765381,M900,32,,0.03999999910593033,0.011077487841248512,,0.0012400615960359573,,,,0.04065726324915886,0.009151381440460682,,F,1.0,1200,2,32,80413e3cf465ee4734c48fd3d603aaf1efb2027f11455920a9a892a7866fe61d,"[0.8928208017449346, 1.0]"
0.4230216881594373,23,False,35.4625,0.71875,23,,0.047407738864421844,0.004613710567355156,,7.450580596923828e-09,,,10,8.0625,1200,0.0915753223915592,0.11313745603751466,0.05977163463830948,2.489591360092163,M900,32,,0.040000006556510925,0.012419300153851509,,0.009999994188547134,,,,0.047407738864421844,0.009155455976724625,,F,1.0,1200,3,32,80413e3cf465ee4734c48fd3d603aaf1efb2027f11455920a9a892a7866fe61d,"[0.8928208017449346, 1.0]"
0.018166666666666668,32,False,20.0,1.0,32,1.0,0.0402035228908062,0.005266227759420872,1.0,0.0,1.2293457984924316e-07,7.683411240577697e-10,,,600,0.0468359375,0.06800520833333333,0.005425373557955027,0.18588756024837494,E900,32,1.0,0.03999999910593033,0.008695566095411777,1.0,0.0006356174126267433,0.00011224299669265747,3.037631104234606e-05,1.0,0.0402035228908062,0.006980896927416325,1.0,S2,1.0,600,0,32,c7ec5e2a560771d3675df83daf05f178005066541ac3d441caa00e55e3771dff,"[0.8928208017449346, 1.0]"
0.031203125,32,False,20.0,1.0,32,1.0,0.04096449539065361,0.006631733383983374,1.0,0.0,0.0,0.0,,,600,0.049046875,0.09787760416666667,0.006123987026512623,0.2378278374671936,E900,32,1.0,0.03999999910593033,0.010670502670109272,1.0,0.0033445870503783226,0.002067422494292259,0.00023871987650636584,1.0,0.04096449539065361,0.008651118725538254,1.0,S2,1.0,600,1,32,c7ec5e2a560771d3675df83daf05f178005066541ac3d441caa00e55e3771dff,"[0.8928208017449346, 1.0]"
0.004205729166666667,32,False,20.0,1.0,32,1.0,0.04057563468813896,0.006348602008074522,1.0,0.0,0.0010667480528354645,6.667408160865307e-06,,,600,0.04598177083333333,0.08593489583333333,0.005323290359228849,0.18856623768806458,E900,32,1.0,0.03999999910593033,0.0116032175719738,1.0,0.0014132102951407433,0.0007017506286501884,0.00014992879005149007,1.0,0.04057563468813896,0.00897590909153223,1.0,S2,1.0,600,2,32,c7ec5e2a560771d3675df83daf05f178005066541ac3d441caa00e55e3771dff,"[0.8928208017449346, 1.0]"
0.1976120218579235,29,False,19.023958333333333,0.90625,29,0.94375,0.04024221748113632,0.003663554321974516,0.94375,7.450580596923828e-09,1.4901161193847656e-08,1.9736637342844578e-10,,,600,0.10593715846994535,0.12838524590163936,0.05783573538064957,2.1780014038085938,E900,32,0.93125,0.040000006556510925,0.011334601789712906,0.66875,0.0034846793860197067,0.018741659820079803,0.0023906214978375467,0.9375,0.04024221748113632,0.007529677823185921,0.80625,S2,0.46875,600,3,15,c7ec5e2a560771d3675df83daf05f178005066541ac3d441caa00e55e3771dff,"[0.30869387108069224, 0.6355048288102494]"
0.018104166666666668,32,False,20.0,1.0,32,1.0,0.040300559252500534,0.0020611751824617386,0.984375,0.0,0.015964310616254807,0.0002696216106414795,,,600,0.05005729166666667,0.08494791666666666,0.005271400325000286,0.19047850370407104,E900,32,1.0,0.03999999910593033,0.0030174911953508854,1.0,0.0009421724826097488,0.000395928043872118,0.00012397385580698028,1.0,0.040300559252500534,0.0025393334217369556,0.9921875,S5,0.96875,600,0,31,52cdc3fc2cb28a093600791d76f9b56b36df65457577ae716e3b2307f924088e,"[0.8425573617998795, 0.9944621398359966]"
0.03418229166666667,32,False,20.0,1.0,32,1.0,0.04039520025253296,0.0024656879249960184,1.0,0.0,0.0,0.0,,,600,0.0491796875,0.10632291666666667,0.006105026230216026,0.2283216118812561,E900,32,1.0,0.03999999910593033,0.0038810742553323507,1.0,0.0011266712099313736,0.0010530948638916016,0.00042138274147873744,1.0,0.04039520025253296,0.0031733810901641846,1.0,S5,1.0,600,1,32,52cdc3fc2cb28a093600791d76f9b56b36df65457577ae716e3b2307f924088e,"[0.8928208017449346, 1.0]"
0.0025989583333333333,32,False,20.0,1.0,32,1.0,0.03999202698469162,0.00251376093365252,1.0,0.0,8.568167686462402e-08,1.4551915228366852e-09,,,600,0.0473125,0.09176822916666667,0.005121355876326561,0.1890706866979599,E900,32,1.0,0.03999999910593033,0.004670182708650827,1.0,0.0009618289768695831,0.0008497321978211403,0.0003136403320240788,1.0,0.03999999910593033,0.003591971704736352,1.0,S5,1.0,600,2,32,52cdc3fc2cb28a093600791d76f9b56b36df65457577ae716e3b2307f924088e,"[0.8928208017449346, 1.0]"
0.1967049307083804,24,False,17.47083333333333,0.75,24,0.875,0.04066170006990433,0.0015463931486010551,0.8125,7.450580596923828e-09,0.0,0.0,,,600,0.11078332242907274,0.13091952655683103,0.05952436849474907,1.9672529697418213,E900,32,0.859375,0.040000006556510925,0.005309792701154947,0.5,0.003086235374212265,0.007325651124119759,0.002576493051102651,0.8671875,0.04066170006990433,0.003451036522164941,0.65625,S5,0.3125,600,3,10,52cdc3fc2cb28a093600791d76f9b56b36df65457577ae716e3b2307f924088e,"[0.17952541633610017, 0.48566678300954924]"
0.017579427083333335,32,False,40.0,1.0,32,,0.040570471435785294,0.005644336808472872,,0.0,,,10,10.0,1200,0.0465625,0.06805859375,0.005860356613993645,0.19474051892757416,E900,32,,0.03999999910593033,0.009131772443652153,,0.0009465301409363747,,,,0.040570471435785294,0.0075020319782197475,,F,1.0,1200,0,32,bf29762595d467c194758055692ef88b01cea73fb4455eb326eff2f2d3c3e7b8,"[0.8928208017449346, 1.0]"
0.030204427083333332,32,False,39.025000000000006,0.90625,29,,0.04205693304538727,0.0070738596841692924,,0.0,,,10,9.125,1200,0.05002473958333333,0.09930729166666667,0.006948553491383791,0.25816041231155396,E900,32,,0.03999999910593033,0.010041738860309124,,0.00757019966840744,,,,0.04205693304538727,0.008628826588392258,,F,1.0,1200,1,32,bf29762595d467c194758055692ef88b01cea73fb4455eb326eff2f2d3c3e7b8,"[0.8928208017449346, 1.0]"
0.003766318008594827,24,False,38.50208333333333,0.75,24,,0.041720591485500336,0.006894530728459358,,0.0,,,10,8.71875,1200,0.04667558582664396,0.08725641233546852,0.04761648178100586,2.3049113750457764,E900,32,,0.03999999910593033,0.011005735024809837,,0.0012463601306080818,,,,0.041720591485500336,0.009126863442361355,,F,1.0,1200,2,32,bf29762595d467c194758055692ef88b01cea73fb4455eb326eff2f2d3c3e7b8,"[0.8928208017449346, 1.0]"
0.19323915551813392,17,False,33.209375,0.5,16,,0.04182131588459015,0.004241779912263155,,7.450580596923828e-09,,,10,8.03125,1200,0.09826457105435495,0.12270870365172919,0.05639171600341797,2.7710392475128174,E900,32,,0.040000006556510925,0.012847279198467731,,0.004075272008776665,,,,0.04182131588459015,0.009135860949754715,,F,1.0,1200,3,32,bf29762595d467c194758055692ef88b01cea73fb4455eb326eff2f2d3c3e7b8,"[0.8928208017449346, 1.0]"
0.03195833333333333,32,False,20.0,1.0,32,1.0,0.04002510383725166,0.0052111088298261166,1.0,0.0,0.00014084205031394958,8.803093805909157e-07,,,600,0.04694270833333333,0.06807291666666666,0.005809498950839043,0.18522828817367554,M200,32,1.0,0.03999999910593033,0.008731856010854244,1.0,0.0005080699920654297,0.0005804523825645447,4.631774208974093e-05,1.0,0.04002510383725166,0.006971482653170824,1.0,S2,1.0,600,0,32,abc97d33139fc25216abdde1afa8a9a756337d5b5aebd037dd8c7f1701cf729a,"[0.8928208017449346, 1.0]"
0.059481770833333336,32,False,20.0,1.0,32,1.0,0.04110567271709442,0.006565203424543142,1.0,0.0,0.0,0.0,,,600,0.04915625,0.09801302083333334,0.006309587508440018,0.24695050716400146,M200,32,1.0,0.03999999910593033,0.01082672644406557,1.0,0.0027803657576441765,0.0014487067237496376,0.00020286156504880636,1.0,0.04110567271709442,0.008695965632796288,1.0,S2,1.0,600,1,32,abc97d33139fc25216abdde1afa8a9a756337d5b5aebd037dd8c7f1701cf729a,"[0.8928208017449346, 1.0]"
0.009622395833333333,32,False,20.0,1.0,32,1.0,0.04083075374364853,0.006406809203326702,1.0,0.0,3.3527612686157227e-08,4.423782229423523e-10,,,600,0.04437760416666667,0.08884895833333334,0.004819654393941164,0.17603681981563568,M200,32,1.0,0.03999999910593033,0.01160509791225195,1.0,0.0016006957739591599,0.0005094781517982483,0.00011819384235423058,1.0,0.04083075374364853,0.009005953557789326,1.0,S2,1.0,600,2,32,abc97d33139fc25216abdde1afa8a9a756337d5b5aebd037dd8c7f1701cf729a,"[0.8928208017449346, 1.0]"
0.40949095452816864,30,False,19.164583333333333,0.9375,30,0.95625,0.0431891493499279,0.004148193169385195,0.775,7.450580596923828e-09,0.028772059828042984,0.0025964101131250657,,,600,0.10292280110827402,0.12666920193404682,0.05730576068162918,2.118529796600342,M200,32,0.925,0.040000006556510925,0.007787264417856932,0.68125,0.00544398557394743,0.01523901429027319,0.002527644786241105,0.940625,0.0431891493499279,0.0059723746962845325,0.728125,S2,0.1875,600,3,6,abc97d33139fc25216abdde1afa8a9a756337d5b5aebd037dd8c7f1701cf729a,"[0.08889544689566137, 0.3530915520137545]"
0.03168489583333333,32,False,20.0,1.0,32,1.0,0.039764631539583206,0.0020364951342344284,1.0,0.0,0.0,0.0,,,600,0.050065104166666666,0.08635416666666666,0.005481208208948374,0.18129707872867584,M200,32,1.0,0.03999999910593033,0.0031012496910989285,1.0,0.00027631083503365517,0.0002784417010843754,9.891863737720996e-05,1.0,0.03999999910593033,0.002568872645497322,1.0,S5,1.0,600,0,32,353907369d87ace19143590dd71291a49d44331236154a8048fc7fce72a88379,"[0.8928208017449346, 1.0]"
0.05321875,32,False,20.0,1.0,32,1.0,0.04031326621770859,0.0024439620319753885,1.0,0.0,0.0,0.0,,,600,0.049229166666666664,0.1068125,0.006081621628254652,0.2331315577030182,M200,32,1.0,0.03999999910593033,0.003953700885176659,1.0,0.0008408818393945694,0.0008836695924401283,0.0003922302639693953,1.0,0.04031326621770859,0.0031988315749913454,1.0,S5,1.0,600,1,32,353907369d87ace19143590dd71291a49d44331236154a8048fc7fce72a88379,"[0.8928208017449346, 1.0]"
0.004643229166666667,32,False,20.0,1.0,32,1.0,0.03969801962375641,0.002497280715033412,1.0,0.0,3.725290298461914e-08,5.820766091346741e-10,,,600,0.04621354166666667,0.09325520833333334,0.004970894195139408,0.18780621886253357,M200,32,1.0,0.03999999910593033,0.004718841519206762,1.0,0.0008171545341610909,0.0008674431592226028,0.0003869625579682179,1.0,0.03999999910593033,0.0036080610007047653,1.0,S5,1.0,600,2,32,353907369d87ace19143590dd71291a49d44331236154a8048fc7fce72a88379,"[0.8928208017449346, 1.0]"
0.41489367371955443,30,False,19.504166666666666,0.9375,30,0.96875,0.041133515536785126,0.0036912118084728718,0.703125,7.450580596923828e-09,0.03170730173587799,0.002232648552425446,,,600,0.10172946756915205,0.12179289026275116,0.05828878656029701,1.8591434955596924,M200,32,0.953125,0.040000006556510925,0.0046084849163889885,0.65625,0.00514774676412344,0.007276991382241249,0.0025474843531546575,0.9609375,0.041133515536785126,0.004153832793235779,0.6796875,S5,0.21875,600,3,7,353907369d87ace19143590dd71291a49d44331236154a8048fc7fce72a88379,"[0.11023836252604396, 0.38754993649243025]"
0.03183333333333333,32,False,40.0,1.0,32,,0.04036983475089073,0.005588903557509184,,0.0,,,10,10.0,1200,0.046813802083333335,0.06765494791666667,0.006685944274067879,0.2102254331111908,M200,32,,0.03999999910593033,0.009183568879961967,,0.0009294375777244568,,,,0.04036983475089073,0.007507088128477335,,F,1.0,1200,0,32,1161d68ba46bd46c9c21a56fcc00ed7d13a0ffc8703d0e33b5af34d5b735510f,"[0.8928208017449346, 1.0]"
0.05598828125,32,False,38.682291666666664,0.8125,26,,0.04163895547389984,0.0070371623151004314,,0.0,,,10,9.15625,1200,0.049708333333333334,0.0998203125,0.006883448455482721,0.26619628071784973,M200,32,,0.03999999910593033,0.010210983455181122,,0.006093003787100315,,,,0.04163895547389984,0.008706724271178246,,F,1.0,1200,1,32,1161d68ba46bd46c9c21a56fcc00ed7d13a0ffc8703d0e33b5af34d5b735510f,"[0.8928208017449346, 1.0]"
0.010266436176050928,24,False,37.921875,0.75,24,,0.04089256376028061,0.006937416270375252,,0.0,,,9,8.5625,1200,0.04484002853693338,0.08979804631763802,0.038533542305231094,2.3785202503204346,M200,32,,0.03999999910593033,0.011048496700823307,,0.0016672229394316673,,,,0.04089256376028061,0.009172655642032623,,F,1.0,1200,2,32,1161d68ba46bd46c9c21a56fcc00ed7d13a0ffc8703d0e33b5af34d5b735510f,"[0.8928208017449346, 1.0]"
0.41231414410979794,25,False,35.26354166666667,0.78125,25,,0.04438929632306099,0.0046861739829182625,,7.450580596923828e-09,,,11,8.625,1200,0.09897211061907973,0.12258277368837796,0.05927038937807083,1.9325729608535767,M200,32,,0.040000006556510925,0.00962456502020359,,0.006817474961280823,,,,0.04438929632306099,0.007307074032723904,,F,1.0,1200,3,32,1161d68ba46bd46c9c21a56fcc00ed7d13a0ffc8703d0e33b5af34d5b735510f,"[0.8928208017449346, 1.0]"
0.021401041666666665,32,False,20.0,1.0,32,1.0,0.040314510464668274,0.005275759845972061,1.0,0.0,4.050508141517639e-05,3.3436808735132215e-07,,,600,0.0468984375,0.06762760416666666,0.0057959784753620625,0.17675049602985382,E200,32,1.0,0.03999999910593033,0.008850524201989174,1.0,0.000682358630001545,0.00011327676475048065,3.990345285274088e-05,1.0,0.040314510464668274,0.00706314155831933,1.0,S2,1.0,600,0,32,adb37f353578fa76debf4e63ba1819fb55efafebc01f2bb7755a916ea3b73754,"[0.8928208017449346, 1.0]"
0.03534375,32,False,20.0,1.0,32,1.0,0.0410732664167881,0.006671975366771221,1.0,0.0,0.0,0.0,,,600,0.049109375,0.097875,0.006177338771522045,0.24460090696811676,E200,32,1.0,0.03999999910593033,0.01089914795011282,1.0,0.002981439232826233,0.0016557909548282623,0.00021808425372000785,1.0,0.0410732664167881,0.008785562589764595,1.0,S2,1.0,600,1,32,adb37f353578fa76debf4e63ba1819fb55efafebc01f2bb7755a916ea3b73754,"[0.8928208017449346, 1.0]"
0.005682291666666667,32,False,20.0,1.0,32,1.0,0.041489239782094955,0.006482239812612534,0.99375,0.0,0.0008712895214557648,9.44135244935751e-06,,,600,0.044828125,0.08754166666666667,0.004754670895636082,0.1750609129667282,E200,32,1.0,0.03999999910593033,0.01152002066373825,1.0,0.0020486367866396904,0.0007865456864237785,0.00013576978526543825,1.0,0.041489239782094955,0.009001131169497967,0.996875,S2,0.96875,600,2,31,adb37f353578fa76debf4e63ba1819fb55efafebc01f2bb7755a916ea3b73754,"[0.8425573617998795, 0.9944621398359966]"
0.1960330929147221,30,False,19.628124999999997,0.9375,30,0.975,0.0414295494556427,0.004077128134667873,0.94375,7.450580596923828e-09,0.012730786576867104,0.00011088898500952966,,,600,0.10812473483241408,0.12833050487908357,0.051695600152015686,2.43261456489563,E200,32,0.94375,0.040000006556510925,0.010315009392797947,0.8125,0.0044611552730202675,0.011506511829793453,0.0014161855421512377,0.959375,0.0414295494556427,0.007213271223008633,0.878125,S2,0.625,600,3,20,adb37f353578fa76debf4e63ba1819fb55efafebc01f2bb7755a916ea3b73754,"[0.4525440735307791, 0.7706611269054546]"
0.028942708333333334,32,False,20.0,1.0,32,1.0,0.03982066363096237,0.0020597123075276613,1.0,0.0,0.0,0.0,,,600,0.0496171875,0.08617708333333333,0.005521718878298998,0.17505241930484772,E200,32,1.0,0.03999999910593033,0.003151482669636607,1.0,0.00043308641761541367,0.0004079374484717846,0.00011056954826926813,1.0,0.03999999910593033,0.0026055974885821342,1.0,S5,1.0,600,0,32,e90f8636a2cc9ecdea34cf06478dc972e5011735b7878804f65ac794df49a264,"[0.8928208017449346, 1.0]"
0.042458333333333334,32,False,20.0,1.0,32,1.0,0.04046182334423065,0.0024487765040248632,1.0,0.0,0.0,0.0,,,600,0.049166666666666664,0.10577604166666667,0.006177986040711403,0.23911556601524353,E200,32,1.0,0.03999999910593033,0.004003324080258608,1.0,0.0009910603985190392,0.001029151026159525,0.0004533882747637108,1.0,0.04046182334423065,0.0032260501757264137,1.0,S5,1.0,600,1,32,e90f8636a2cc9ecdea34cf06478dc972e5011735b7878804f65ac794df49a264,"[0.8928208017449346, 1.0]"
0.0032916666666666667,32,False,20.0,1.0,32,1.0,0.03955717757344246,0.0025034549180418253,1.0,0.0,0.000656716525554657,1.026177778840065e-05,,,600,0.04303385416666667,0.09240625,0.004922321066260338,0.19851554930210114,E200,32,1.0,0.03999999910593033,0.004752729553729296,1.0,0.0011441735550761223,0.0012722085230052471,0.000400959252147004,1.0,0.03999999910593033,0.003628092585131526,1.0,S5,1.0,600,2,32,e90f8636a2cc9ecdea34cf06478dc972e5011735b7878804f65ac794df49a264,"[0.8928208017449346, 1.0]"
0.20130843417900363,22,False,16.9125,0.6875,22,0.859375,0.040170811116695404,0.0016285496531054378,0.671875,7.450580596923828e-09,0.017033761367201805,0.0008419575169682503,,,600,0.11870815160636403,0.13588979667055717,0.06260013580322266,1.8147119283676147,E200,32,0.796875,0.040000006556510925,0.004590300843119621,0.34375,0.002690071240067482,0.007374097127467394,0.002891410637477582,0.828125,0.040170811116695404,0.003131348406895995,0.5078125,S5,0.1875,600,3,6,e90f8636a2cc9ecdea34cf06478dc972e5011735b7878804f65ac794df49a264,"[0.08889544689566137, 0.3530915520137545]"
0.01976822916666667,32,False,40.0,1.0,32,,0.04039107263088226,0.005654448643326759,,0.0,,,10,10.0,1200,0.04664583333333333,0.06735807291666666,0.005780598148703575,0.21471557021141052,E200,32,,0.03999999910593033,0.009241627529263496,,0.0008168742060661316,,,,0.04039107263088226,0.007564994506537914,,F,1.0,1200,0,32,769b7ad100eaf473e62e3e519a86d9596f36999545b89875e1a8ee880754374b,"[0.8928208017449346, 1.0]"
0.03120703125,32,False,39.938541666666666,0.9375,30,,0.042091004550457,0.007169215474277735,,0.0,,,10,9.125,1200,0.04969401041666666,0.09951171875,0.006542843766510487,0.25619614124298096,E200,32,,0.03999999910593033,0.010243674740195274,,0.006025001406669617,,,,0.042091004550457,0.00879315473139286,,F,1.0,1200,1,32,769b7ad100eaf473e62e3e519a86d9596f36999545b89875e1a8ee880754374b,"[0.8928208017449346, 1.0]"
0.005411374173548051,22,False,37.916666666666664,0.6875,22,,0.04105633497238159,0.006908271461725235,,0.0,,,10,8.625,1200,0.0448547364955694,0.08920742915146361,0.033279504626989365,2.230996608734131,E200,32,,0.03999999910593033,0.01111002266407013,,0.001786673441529274,,,,0.04105633497238159,0.0091991713270545,,F,1.0,1200,2,32,769b7ad100eaf473e62e3e519a86d9596f36999545b89875e1a8ee880754374b,"[0.8928208017449346, 1.0]"
0.1935166685694714,26,False,36.22708333333333,0.75,24,,0.04158546403050423,0.004620868247002363,,7.450580596923828e-09,,,10,8.78125,1200,0.10322382692088138,0.12453476424249343,0.05455315113067627,2.08884596824646,E200,32,,0.040000006556510925,0.011240994557738304,,0.003079134039580822,,,,0.04158546403050423,0.008387250825762749,,F,1.0,1200,3,32,769b7ad100eaf473e62e3e519a86d9596f36999545b89875e1a8ee880754374b,"[0.8928208017449346, 1.0]"
0.659390625,32,False,15.161458333333332,0.625,20,0.89375,0.046648140996694565,0.0161482784897089,0.89375,0.0,7.73407518863678e-05,7.90436752140522e-07,,,600,0.16053385416666666,0.35747135416666664,0.009500606916844845,0.36649829149246216,rlhold1750,32,0.7,0.03999999910593033,0.01768690161406994,0.65,0.008944334462285042,0.0013474877923727036,0.0001229780988069251,0.796875,0.046648140996694565,0.01691759005188942,0.771875,S2,0.09375,600,0,3,66ca84b590bb470845aed241690101d8c553316ee88bbca42257f46989df1712,"[0.032401551298367096, 0.24218154728387353]"
0.6693307291666667,32,False,18.171875,0.875,28,1.0,0.044268373399972916,0.011755035258829594,0.99375,0.0,0.004734618589282036,2.9591366183012723e-05,,,600,0.15130729166666668,0.404984375,0.0092706847935915,0.5837038159370422,rlhold1750,32,0.2875,0.03999999910593033,0.023469077423214912,0.2875,0.004412670619785786,0.0035512021277099848,0.00027483451267471535,0.64375,0.044268373399972916,0.01761205494403839,0.640625,S2,0.0,600,1,0,66ca84b590bb470845aed241690101d8c553316ee88bbca42257f46989df1712,"[0.0, 0.10717919825506533]"
0.5213541666666667,32,False,13.079166666666666,0.59375,19,1.0,0.04383658245205879,0.0014483649283647537,1.0,0.0,1.8913298845291138e-05,2.435874193906784e-07,,,600,0.12519791666666666,0.45126822916666665,0.008906479924917221,0.46147069334983826,rlhold1750,32,0.19375,0.03999999910593033,0.03511911258101463,0.19375,0.004394206218421459,0.0008069127798080444,3.513028786983341e-05,0.596875,0.04383658245205879,0.01828373782336712,0.596875,S2,0.0,600,2,0,66ca84b590bb470845aed241690101d8c553316ee88bbca42257f46989df1712,"[0.0, 0.10717919825506533]"
0.643578866178172,0,False,6.232291666666667,0.0,0,0.45625,0.04999999329447746,0.013865905813872814,0.425,7.450580596923828e-09,0.0048275478184223175,0.000380732680428518,,,600,0.11669398380254531,0.20628615503278055,0.042564645409584045,2.185023307800293,rlhold1750,32,0.34375,0.040000006556510925,0.016786973923444748,0.28125,0.009999994188547134,0.001781999133527279,0.00016462339676524463,0.4,0.04999999329447746,0.015549492090940475,0.353125,S2,0.0,600,3,0,66ca84b590bb470845aed241690101d8c553316ee88bbca42257f46989df1712,"[0.0, 0.10717919825506533]"
0.5434713541666667,32,False,10.980208333333334,0.0,0,1.0,0.04217345267534256,0.005660897120833397,0.921875,0.0,0.0039145369082689285,0.0002921885752584785,,,600,0.18350260416666667,0.4233203125,0.01181809976696968,0.5076828598976135,rlhold1750,32,1.0,0.03999999910593033,0.005592456087470055,0.890625,0.0025062095373868942,0.0016016094014048576,0.00022081572387833148,1.0,0.04217345267534256,0.0056266761384904385,0.90625,S5,0.0,600,0,0,2e31eaf75c88870e0a94657fda0bf929b1f1f986e9f39e66cf0af834a1213538,"[0.0, 0.10717919825506533]"
0.5988687545825914,31,False,19.22083333333333,0.78125,25,1.0,0.040131207555532455,0.004388608504086733,0.984375,0.0,0.0,0.0,,,600,0.17813187388708496,0.5076594741803708,0.03240451216697693,2.444985866546631,rlhold1750,32,1.0,0.03999999910593033,0.01003673579543829,0.875,0.0017954064533114433,0.003958286251872778,0.0016538113122805953,1.0,0.040131207555532455,0.00722834886983037,0.9296875,S5,0.65625,600,1,21,2e31eaf75c88870e0a94657fda0bf929b1f1f986e9f39e66cf0af834a1213538,"[0.48311087978962686, 0.7958956207556651]"
0.5196848958333333,32,False,10.3625,0.4375,14,1.0,0.0290510393679142,1.2809770851163194e-05,1.0,0.0,9.581446647644043e-06,1.5576370060443878e-07,,,600,0.14003385416666667,0.49356770833333335,0.00866420567035675,0.516591489315033,rlhold1750,32,0.484375,0.03999999910593033,0.031912121921777725,0.0,0.004394206218421459,0.04180824011564255,0.019827134179649875,0.7421875,0.03999999910593033,0.015962466597557068,0.5,S5,0.0,600,2,0,2e31eaf75c88870e0a94657fda0bf929b1f1f986e9f39e66cf0af834a1213538,"[0.0, 0.10717919825506533]"
0.6386234148134534,0,False,8.542708333333334,0.0,0,0.5,0.04065887629985809,0.004565185867249966,0.421875,7.450580596923828e-09,0.0133612509816885,0.0012045148760080338,,,600,0.21047142069472524,0.3284782209152729,0.045935388654470444,2.187990188598633,rlhold1750,32,0.5,0.040000006556510925,0.008285590447485447,0.5,0.009999994188547134,0.00355192506685853,0.0002397772332187742,0.5,0.04065887629985809,0.0066445367410779,0.4609375,S5,0.0,600,3,0,2e31eaf75c88870e0a94657fda0bf929b1f1f986e9f39e66cf0af834a1213538,"[0.0, 0.10717919825506533]"
0.59166796875,32,False,15.675,0.1875,6,,0.045101381838321686,0.011693029664456844,,0.0,,,7,7.0,1200,0.1616015625,0.37032421875,0.010699753649532795,0.38737064599990845,rlhold1750,32,,0.03999999910593033,0.014049399644136429,,0.007428131066262722,,,,0.045101381838321686,0.012995047494769096,,F,1.0,1200,0,32,06f85e29a9d5eadf84718287c4675f5712d567acfeea9374ca8882f1d78dd592,"[0.8928208017449346, 1.0]"
0.6255794270833334,32,False,37.58958333333334,0.875,28,,0.04112408310174942,0.009595148265361786,,0.0,,,7,6.875,1200,0.15835807291666668,0.44640104166666666,0.010213779285550117,0.3287023603916168,rlhold1750,32,,0.03999999910593033,0.01892079785466194,,0.002894621342420578,,,,0.04112408310174942,0.015173536725342274,,F,1.0,1200,1,32,06f85e29a9d5eadf84718287c4675f5712d567acfeea9374ca8882f1d78dd592,"[0.8928208017449346, 1.0]"
0.47691225343053173,29,False,11.942708333333332,0.1875,6,,0.043646037578582764,0.005063495133072138,,0.0,,,4,1.03125,1200,0.19320995926243567,0.5417627036878216,0.025421040132641792,1.8646823167800903,rlhold1750,32,,0.03999999910593033,0.037916529923677444,,0.004394206218421459,,,,0.043646037578582764,0.036365095525979996,,F,0.9375,1200,2,30,06f85e29a9d5eadf84718287c4675f5712d567acfeea9374ca8882f1d78dd592,"[0.7985287685584593, 0.9826894329683585]"
0.6361602497398543,0,False,6.371875000000001,0.0,0,,0.04999999329447746,0.01137128472328186,,7.450580596923828e-09,,,3,1.75,1200,0.13941916564185033,0.2263030933686501,0.041957542300224304,2.5815553665161133,rlhold1750,32,,0.040000006556510925,0.014261349104344845,,0.009999994188547134,,,,0.04999999329447746,0.013022593222558498,,F,1.0,1200,3,32,06f85e29a9d5eadf84718287c4675f5712d567acfeea9374ca8882f1d78dd592,"[0.8928208017449346, 1.0]"
0.7122213541666667,32,False,20.0,1.0,32,1.0,0.04131074249744415,0.013913130387663841,1.0,0.0,0.00042966753244400024,4.2709289118647575e-06,,,600,0.14973697916666667,0.3616640625,0.004301303997635841,0.19366678595542908,rlhold2000,32,0.70625,0.03999999910593033,0.019695082679390907,0.70625,0.0014181435108184814,0.0011212825775146484,0.00017391583533026277,0.853125,0.04131074249744415,0.016804104670882225,0.853125,S2,0.34375,600,0,11,e5d4a5a1cb22dc45783e2142ebb98e9d865a4a1d19c634f5d9acadb0a3416560,"[0.20410437924433478, 0.516889120210373]"
0.6990703125,32,False,17.825,0.78125,25,1.0,0.04041997343301773,0.010282229632139206,1.0,0.0,0.0,0.0,,,600,0.10865104166666667,0.3638046875,0.006421709433197975,0.3540065586566925,rlhold2000,32,0.2,0.03999999910593033,0.027158234268426895,0.2,0.001222347840666771,0.001288662664592266,0.00012949205556651578,0.6,0.04041997343301773,0.01872023195028305,0.6,S2,0.0,600,1,0,e5d4a5a1cb22dc45783e2142ebb98e9d865a4a1d19c634f5d9acadb0a3416560,"[0.0, 0.10717919825506533]"
0.4560526729148123,31,False,10.665625,0.46875,15,0.99375,0.039622701704502106,0.0012568305246531963,0.9875,0.0,0.0010402947664260864,6.5677570846845515e-06,,,600,0.03854128488402534,0.42133881355044767,0.02576812542974949,1.9439234733581543,rlhold2000,32,0.075,0.03999999910593033,0.03599845618009567,0.075,0.00643782876431942,0.0023666489869356155,7.958096340767243e-05,0.534375,0.03999999910593033,0.018644925206899643,0.53125,S2,0.0,600,2,0,e5d4a5a1cb22dc45783e2142ebb98e9d865a4a1d19c634f5d9acadb0a3416560,"[0.0, 0.10717919825506533]"
0.6146109611547941,4,False,6.467708333333333,0.0,0,0.39375,0.04999999329447746,0.010687255300581455,0.30625,7.450580596923828e-09,0.03004247136414051,0.0006210116531561922,,,600,0.1512615890153738,0.27134139185541606,0.053314127027988434,2.7534077167510986,rlhold2000,32,0.23125,0.040000006556510925,0.021209780126810074,0.2125,0.009999994188547134,0.008575689047574997,0.00027604374502386363,0.3125,0.04999999329447746,0.016436919569969177,0.259375,S2,0.0,600,3,0,e5d4a5a1cb22dc45783e2142ebb98e9d865a4a1d19c634f5d9acadb0a3416560,"[0.0, 0.10717919825506533]"
0.6327578125,32,False,20.0,1.0,32,1.0,0.03927000239491463,0.004590894561260939,0.96875,0.0,0.0027436185628175735,0.0002676868170965463,,,600,0.20570572916666666,0.4830963541666667,0.005106417462229729,0.23748478293418884,rlhold2000,32,1.0,0.03999999910593033,0.007003858685493469,0.390625,0.0012176316231489182,0.004870121367275715,0.0024911394575610757,1.0,0.03999999910593033,0.005797376856207848,0.6796875,S5,0.0,600,0,0,19832047e0af6328082852a4a099321ba993bd781ce83826c2f4376466c088a3,"[0.0, 0.10717919825506533]"
0.6032369791666666,32,False,17.486458333333335,0.71875,23,1.0,0.03872497379779816,0.004486898425966501,0.921875,0.0,0.003232719376683235,0.0008030424651224166,,,600,0.13125,0.44783072916666666,0.00501671340316534,0.48266997933387756,rlhold2000,32,0.515625,0.03999999910593033,0.008912542834877968,0.40625,0.001222347840666771,0.002771425060927868,0.001282807599636726,0.7578125,0.03999999910593033,0.006699720397591591,0.6640625,S5,0.0,600,1,0,19832047e0af6328082852a4a099321ba993bd781ce83826c2f4376466c088a3,"[0.0, 0.10717919825506533]"
0.44634375,32,False,8.035416666666666,0.3125,10,1.0,8.921697735786438e-05,1.0598334654332575e-07,1.0,0.0,2.86102294921875e-06,5.2619725465774536e-08,,,600,0.055760416666666666,0.42098697916666666,0.010647768154740334,0.4156065583229065,rlhold2000,32,0.234375,0.03999999910593033,0.03400349244475365,0.0,0.002965823747217655,0.04296582192182541,0.019292659417260438,0.6171875,0.03999999910593033,0.01700180023908615,0.5,S5,0.0,600,2,0,19832047e0af6328082852a4a099321ba993bd781ce83826c2f4376466c088a3,"[0.0, 0.10717919825506533]"
0.6119546815991666,0,False,7.263541666666667,0.0,0,0.5,0.0411682203412056,0.007936152629554272,0.015625,7.450580596923828e-09,0.0,0.0,,,600,0.22425446021617398,0.3371597864305248,0.0591411292552948,3.0985400676727295,rlhold2000,32,0.5,0.040000006556510925,0.005777495447546244,0.484375,0.0025574052706360817,0.00236617773771286,0.00111178528459277,0.5,0.0411682203412056,0.0065651703625917435,0.25,S5,0.0,600,3,0,19832047e0af6328082852a4a099321ba993bd781ce83826c2f4376466c088a3,"[0.0, 0.10717919825506533]"
0.6963138020833334,32,False,38.959375,0.96875,31,,0.04084974527359009,0.011689769104123116,,0.0,,,7,7.0,1200,0.17400390625,0.42863671875,0.0056690070778131485,0.25077304244041443,rlhold2000,32,,0.03999999910593033,0.015159942209720612,,0.00182248093187809,,,,0.04084974527359009,0.013615716248750687,,F,1.0,1200,0,32,882a551d4f9663b6f1a9245527d31749de03b352623474c5fdf60434b78c63d6,"[0.8928208017449346, 1.0]"
0.6638592271501824,31,False,16.710416666666667,0.3125,10,,0.040477268397808075,0.010007662698626518,,0.0,,,8,6.90625,1200,0.11485700692498811,0.3926891156102976,0.017779845744371414,2.1652920246124268,rlhold2000,32,,0.03999999910593033,0.017604663968086243,,0.001222347840666771,,,,0.040477268397808075,0.01443907804787159,,F,1.0,1200,1,32,882a551d4f9663b6f1a9245527d31749de03b352623474c5fdf60434b78c63d6,"[0.8928208017449346, 1.0]"
0.40260546875,32,False,13.994791666666666,0.28125,9,,,,,,,,0,0.0,1200,0.0845390625,0.45319010416666666,0.014736737124621868,0.6557039022445679,rlhold2000,32,,0.03999999910593033,0.038500841706991196,,0.002965823747217655,,,,0.03999999910593033,0.038500841706991196,,F,0.0,1200,2,0,882a551d4f9663b6f1a9245527d31749de03b352623474c5fdf60434b78c63d6,"[0.0, 0.10717919825506533]"
0.6171407552721923,0,False,6.526041666666666,0.0,0,,0.04999999329447746,0.015128910541534424,,7.450580596923828e-09,,,2,1.03125,1200,0.15781633153506622,0.2858692986758215,0.05832887440919876,3.1282026767730713,rlhold2000,32,,0.040000006556510925,0.019635284319519997,,0.009999994188547134,,,,0.04999999329447746,0.01786002889275551,,F,1.0,1200,3,32,882a551d4f9663b6f1a9245527d31749de03b352623474c5fdf60434b78c63d6,"[0.8928208017449346, 1.0]"
0.0,32,False,20.0,1.0,32,1.0,0.0002907365560531616,8.708434506843332e-06,1.0,0.0,1.564621925354004e-06,6.35860487818718e-08,,,600,0.02709375,0.0453125,0.0023394948802888393,0.1582413613796234,static,32,0.0,0.03999999910593033,0.039990972727537155,0.0,0.0,0.00046383216977119446,9.01839230209589e-06,0.5,0.03999999910593033,0.01999984309077263,0.5,S2,0.0,600,0,0,6c172252e30f990a0fe7c9b37e810c17e8ada8373546f216ead18fa51efe89f9,"[0.0, 0.10717919825506533]"
0.0,32,False,20.0,1.0,32,1.0,7.972121238708496e-07,5.7594538027672115e-09,1.0,0.0,8.940696716308594e-08,4.936009645462036e-09,,,600,0.028552083333333332,0.1046875,0.0021244194358587265,0.041677672415971756,static,32,0.0,0.03999999910593033,0.039999425411224365,0.0,0.0,0.002072904258966446,2.6634428650140762e-05,0.5,0.03999999910593033,0.019999714568257332,0.5,S2,0.0,600,1,0,6c172252e30f990a0fe7c9b37e810c17e8ada8373546f216ead18fa51efe89f9,"[0.0, 0.10717919825506533]"
0.0,32,False,20.0,1.0,32,1.0,4.470348358154297e-08,2.8715779754051596e-11,1.0,0.0,2.60770320892334e-08,2.0954757928848267e-10,,,600,0.057765625,0.0515625,0.0030550553929060698,0.0806703194975853,static,32,0.0,0.03999999910593033,0.03999926894903183,0.0,0.0,0.0034947972744703293,4.385042702779174e-05,0.5,0.03999999910593033,0.019999632611870766,0.5,S2,0.0,600,2,0,6c172252e30f990a0fe7c9b37e810c17e8ada8373546f216ead18fa51efe89f9,"[0.0, 0.10717919825506533]"
0.0,32,False,19.37708333333333,0.96875,31,1.0,1.080334186553955e-05,1.4343143561745819e-08,1.0,7.450580596923828e-09,3.725290298461914e-07,6.6356733441352844e-09,,,600,0.05148958333333333,0.06875,0.010797679424285889,0.2246810644865036,static,32,0.0,0.040000006556510925,0.039998915046453476,0.0,0.0,0.002182692289352417,4.4427765533328054e-05,0.5,0.040000006556510925,0.019999466836452484,0.5,S2,0.0,600,3,0,6c172252e30f990a0fe7c9b37e810c17e8ada8373546f216ead18fa51efe89f9,"[0.0, 0.10717919825506533]"
0.0,32,False,20.0,1.0,32,1.0,0.000283803790807724,8.650751624372788e-06,1.0,0.0,7.450580596923828e-07,5.529727786779404e-08,,,600,0.02709375,0.0453125,0.0023394948802888393,0.1582413613796234,static,32,0.0,0.03999999910593033,0.03999091684818268,0.0,0.0,0.00046380236744880676,2.146564656868577e-05,0.5,0.03999999910593033,0.019999783486127853,0.5,S5,0.0,600,0,0,0ac6994aac0e5d1d94f306068da9297339f69ec1c07b966884a0504b51c81948,"[0.0, 0.10717919825506533]"
0.0,32,False,20.0,1.0,32,1.0,1.8998980522155762e-07,5.157974936054188e-09,1.0,0.0,6.332993507385254e-08,3.550667315721512e-09,,,600,0.028552083333333332,0.1046875,0.0021244194358587265,0.041677672415971756,static,32,0.0,0.03999999910593033,0.039999425411224365,0.0,0.0,0.002072904258966446,6.653665332123637e-05,0.5,0.03999999910593033,0.019999714568257332,0.5,S5,0.0,600,1,0,0ac6994aac0e5d1d94f306068da9297339f69ec1c07b966884a0504b51c81948,"[0.0, 0.10717919825506533]"
0.0,32,False,20.0,1.0,32,1.0,4.470348358154297e-08,2.3283064712331658e-11,1.0,0.0,0.0,0.0,,,600,0.057765625,0.0515625,0.0030550553929060698,0.0806703194975853,static,32,0.0,0.03999999910593033,0.03999926894903183,0.0,0.0,0.0034947972744703293,0.000109626300400123,0.5,0.03999999910593033,0.019999634474515915,0.5,S5,0.0,600,2,0,0ac6994aac0e5d1d94f306068da9297339f69ec1c07b966884a0504b51c81948,"[0.0, 0.10717919825506533]"
0.0,32,False,19.37708333333333,0.96875,31,1.0,1.9125640392303467e-05,1.3807633258977603e-08,1.0,7.450580596923828e-09,1.1548399925231934e-07,6.05359673500061e-09,,,600,0.05148958333333333,0.06875,0.010797679424285889,0.2246810644865036,static,32,0.0,0.040000006556510925,0.039998915046453476,0.0,0.0,0.00218268483877182,0.00011084350990131497,0.5,0.040000006556510925,0.019999466836452484,0.5,S5,0.0,600,3,0,0ac6994aac0e5d1d94f306068da9297339f69ec1c07b966884a0504b51c81948,"[0.0, 0.10717919825506533]"
0.0,32,False,40.0,1.0,32,,,,,,,,0,0.0,1200,0.027079427083333333,0.0453125,0.0023394948802888393,0.1582413613796234,static,32,,0.03999999910593033,0.039991579949855804,,0.0,,,,0.03999999910593033,0.039991579949855804,,F,0.0,1200,0,0,82f16dc2cd223cdbdd89c2223441c875824b7c72179e2f16782de38e0b602503,"[0.0, 0.10717919825506533]"
0.0,32,False,40.0,1.0,32,,,,,,,,0,0.0,1200,0.0281796875,0.1046875,0.0021244194358587265,0.041677672415971756,static,32,,0.03999999910593033,0.03999985009431839,,0.0,,,,0.03999999910593033,0.03999985009431839,,F,0.0,1200,1,0,82f16dc2cd223cdbdd89c2223441c875824b7c72179e2f16782de38e0b602503,"[0.0, 0.10717919825506533]"
0.0,32,False,40.0,1.0,32,,,,,,,,0,0.0,1200,0.057755208333333335,0.0515625,0.0033632111735641956,0.09089945256710052,static,32,,0.03999999910593033,0.039999816566705704,,0.0,,,,0.03999999910593033,0.039999816566705704,,F,0.0,1200,2,0,82f16dc2cd223cdbdd89c2223441c875824b7c72179e2f16782de38e0b602503,"[0.0, 0.10717919825506533]"
0.0,32,False,38.75208333333333,0.96875,31,,,,,,,,0,0.0,1200,0.05180598958333334,0.06875,0.010808160528540611,0.2246810644865036,static,32,,0.040000006556510925,0.03999973461031914,,0.0,,,,0.040000006556510925,0.03999973461031914,,F,0.0,1200,3,0,82f16dc2cd223cdbdd89c2223441c875824b7c72179e2f16782de38e0b602503,"[0.0, 0.10717919825506533]"
0.031513020833333336,32,False,20.0,1.0,32,1.0,0.04020192101597786,0.005244712810963392,1.0,0.0,0.0,0.0,,,600,0.04687239583333333,0.0683046875,0.0057630110532045364,0.1799032837152481,historical,32,1.0,0.03999999910593033,0.008646205998957157,1.0,0.0005866987630724907,9.639794006943703e-05,2.6632146909832954e-05,1.0,0.04020192101597786,0.006945459637790918,1.0,S2,1.0,600,0,32,92989b83d29e65a73b0714cce08cafd3c7a23aef2d25c27b14fde8380ae77f56,"[0.8928208017449346, 1.0]"
0.0592265625,32,False,20.0,1.0,32,1.0,0.04105453938245773,0.0065937465988099575,1.0,0.0,0.0,0.0,,,600,0.04904947916666667,0.09819270833333334,0.006212763022631407,0.23993651568889618,historical,32,1.0,0.03999999910593033,0.010705579072237015,1.0,0.00349507387727499,0.002483920194208622,0.0002362654689932242,1.0,0.04105453938245773,0.00864966306835413,1.0,S2,1.0,600,1,32,92989b83d29e65a73b0714cce08cafd3c7a23aef2d25c27b14fde8380ae77f56,"[0.8928208017449346, 1.0]"
0.009716145833333334,32,False,20.0,1.0,32,1.0,0.040493082255125046,0.006332951132208109,1.0,0.0,3.725290298461914e-09,2.3283064365386964e-11,,,600,0.045385416666666664,0.08597916666666666,0.0049520693719387054,0.19165250658988953,historical,32,1.0,0.03999999910593033,0.011685589328408241,1.0,0.0013921232894062996,0.00070151686668396,0.00013256690581329167,1.0,0.040493082255125046,0.009009269997477531,1.0,S2,1.0,600,2,32,92989b83d29e65a73b0714cce08cafd3c7a23aef2d25c27b14fde8380ae77f56,"[0.8928208017449346, 1.0]"
0.0,32,False,20.0,1.0,32,1.0,0.003189435228705406,5.8183677538181655e-06,1.0,7.450580596923828e-09,0.0,0.0,,,600,0.05965625,0.10228125,0.006749082822352648,0.2153334617614746,historical,32,0.0,0.040000006556510925,0.03950813412666321,0.0,0.0,0.005270848050713539,0.0007878384436480701,0.5,0.040000006556510925,0.019756974652409554,0.5,S2,0.0,600,3,0,92989b83d29e65a73b0714cce08cafd3c7a23aef2d25c27b14fde8380ae77f56,"[0.0, 0.10717919825506533]"
0.02759375,32,False,20.0,1.0,32,1.0,0.03992733731865883,0.0020331612322479486,1.0,0.0,7.450580596923828e-09,1.1641532182693481e-10,,,600,0.05030208333333333,0.08601041666666667,0.005276637151837349,0.1799032837152481,historical,32,1.0,0.03999999910593033,0.0030654887668788433,1.0,0.0003652423620223999,0.0003093765117228031,0.00011324877414153889,1.0,0.03999999910593033,0.002549324883148074,1.0,S5,1.0,600,0,32,9b279ad6e63a6afd338357f6f0bda488587a3c6fa9543ec72e5c912f10d042dc,"[0.8928208017449346, 1.0]"
0.05308854166666667,32,False,20.0,1.0,32,1.0,0.04049928858876228,0.0024323416873812675,1.0,0.0,0.0,0.0,,,600,0.04919791666666667,0.10634635416666667,0.00607924722135067,0.22632692754268646,historical,32,1.0,0.03999999910593033,0.0038692716043442488,1.0,0.0009624380618333817,0.0009386185556650162,0.00039865948201622814,1.0,0.04049928858876228,0.0031508069951087236,1.0,S5,1.0,600,1,32,9b279ad6e63a6afd338357f6f0bda488587a3c6fa9543ec72e5c912f10d042dc,"[0.8928208017449346, 1.0]"
0.004643229166666667,32,False,20.0,1.0,32,1.0,0.03985196352005005,0.002509696176275611,1.0,0.0,2.60770320892334e-08,6.984919309616089e-10,,,600,0.0455625,0.09140885416666666,0.00486052967607975,0.18776963651180267,historical,32,1.0,0.03999999910593033,0.00462229223921895,1.0,0.0008655926212668419,0.000804554671049118,0.00031969378323992714,1.0,0.03999999910593033,0.0035659940913319588,1.0,S5,1.0,600,2,32,9b279ad6e63a6afd338357f6f0bda488587a3c6fa9543ec72e5c912f10d042dc,"[0.8928208017449346, 1.0]"
0.0,32,False,20.0,1.0,32,1.0,5.9518963098526e-05,1.3709068547029801e-08,1.0,7.450580596923828e-09,0.0,0.0,,,600,0.06159114583333333,0.1127578125,0.007067559752613306,0.2153334617614746,historical,32,0.0,0.040000006556510925,0.039471790194511414,0.0,0.0,0.006779765710234642,0.002385827508987859,0.5,0.040000006556510925,0.019735904410481453,0.5,S5,0.0,600,3,0,9b279ad6e63a6afd338357f6f0bda488587a3c6fa9543ec72e5c912f10d042dc,"[0.0, 0.10717919825506533]"
0.03208203125,32,False,40.0,1.0,32,,0.040652137249708176,0.005611197557300329,,0.0,,,10,10.0,1200,0.04674348958333333,0.068328125,0.005775109864771366,0.1922120451927185,historical,32,,0.03999999910593033,0.009087903425097466,,0.001045549288392067,,,,0.040652137249708176,0.007465712260454893,,F,1.0,1200,0,32,36e939b7644b6b881ce7ea57c5b309507ddc7c6d4b7eea04dc37574957f3deca,"[0.8928208017449346, 1.0]"
0.055578125,32,False,38.53125,0.8125,26,,0.04145485907793045,0.0070370957255363464,,0.0,,,10,9.125,1200,0.04964973958333333,0.09896354166666667,0.006405769381672144,0.2636326253414154,historical,32,,0.03999999910593033,0.010059432126581669,,0.005677497014403343,,,,0.04145485907793045,0.008620752952992916,,F,1.0,1200,1,32,36e939b7644b6b881ce7ea57c5b309507ddc7c6d4b7eea04dc37574957f3deca,"[0.8928208017449346, 1.0]"
0.008743012167050312,24,False,37.97083333333333,0.75,24,,0.04092125594615936,0.006884272210299969,,0.0,,,10,8.625,1200,0.0436534034856955,0.08736846432094705,0.03676769137382507,2.3300342559814453,historical,32,,0.03999999910593033,0.010988893918693066,,0.0016361493617296219,,,,0.04092125594615936,0.009107440710067749,,F,1.0,1200,2,32,36e939b7644b6b881ce7ea57c5b309507ddc7c6d4b7eea04dc37574957f3deca,"[0.8928208017449346, 1.0]"
0.0,32,False,40.0,1.0,32,,,,,,,,0,0.0,1200,0.04994140625,0.10229036458333333,0.006749082822352648,0.2153334617614746,historical,32,,0.040000006556510925,0.03986795246601105,,0.0,,,,0.040000006556510925,0.03986795246601105,,F,0.0,1200,3,0,36e939b7644b6b881ce7ea57c5b309507ddc7c6d4b7eea04dc37574957f3deca,"[0.0, 0.10717919825506533]"
0.22123287671232877,0,False,0.09687500000000002,0.0,0,0.0,,,0.0,,,,,,600,0.005251141552511416,0.0061643835616438354,0.043306827545166016,2.6717519760131836,source3,32,0.0,0.03999999910593033,0.03971894085407257,0.0,0.0,,,0.0,0.03999999910593033,0.03971894085407257,0.0,S2,0.0,600,0,0,489e839c52edb4c5672e31062c0bbd23b71e78a309a4280313c151f6fe5723b7,"[0.0, 0.10717919825506533]"
0.16436567164179106,0,False,0.3927083333333333,0.0,0,0.0,,,0.0,,,,,,600,0.010261194029850746,0.04776119402985075,0.05077341943979263,2.813629150390625,source3,32,0.0,0.03999999910593033,0.0393361896276474,0.0,0.0,,,0.0,0.03999999910593033,0.0393361896276474,0.0,S2,0.0,600,1,0,489e839c52edb4c5672e31062c0bbd23b71e78a309a4280313c151f6fe5723b7,"[0.0, 0.10717919825506533]"
0.22190082644628098,0,False,0.26145833333333335,0.0,0,0.0,,,0.0,,,,,,600,0.04084022038567493,0.08663911845730028,0.04249747097492218,2.3624649047851562,source3,32,0.0,0.03999999910593033,0.03847159445285797,0.0,0.0,,,0.0,0.03999999910593033,0.03847159445285797,0.0,S2,0.0,600,2,0,489e839c52edb4c5672e31062c0bbd23b71e78a309a4280313c151f6fe5723b7,"[0.0, 0.10717919825506533]"
0.4023185213046048,30,False,19.063541666666666,0.9375,30,0.96875,0.04138725996017456,0.00382656860165298,0.9625,7.450580596923828e-09,0.0,0.0,,,600,0.1013003062704852,0.1224222234162592,0.05013453587889671,2.141984462738037,source3,32,0.9375,0.040000006556510925,0.010262474417686462,0.925,0.003023473545908928,0.014468997716903687,0.001102455074508344,0.953125,0.04138725996017456,0.007051264867186546,0.94375,S2,0.875,600,3,28,489e839c52edb4c5672e31062c0bbd23b71e78a309a4280313c151f6fe5723b7,"[0.7193169451835029, 0.950298656125198]"
0.22123287671232877,0,False,0.09687500000000002,0.0,0,0.0,,,0.0,,,,,,600,0.005251141552511416,0.0061643835616438354,0.043306827545166016,2.6717519760131836,source3,32,0.0,0.03999999910593033,0.03971894085407257,0.0,0.0,,,0.0,0.03999999910593033,0.03971894085407257,0.0,S5,0.0,600,0,0,f82a9a0bcb39d9ee424303a347fd4980c4c8d902f695f5cd464dda4a0b4a7654,"[0.0, 0.10717919825506533]"
0.16436567164179106,0,False,0.3927083333333333,0.0,0,0.0,,,0.0,,,,,,600,0.010261194029850746,0.04776119402985075,0.05077341943979263,2.813629150390625,source3,32,0.0,0.03999999910593033,0.0393361896276474,0.0,0.0,,,0.0,0.03999999910593033,0.0393361896276474,0.0,S5,0.0,600,1,0,f82a9a0bcb39d9ee424303a347fd4980c4c8d902f695f5cd464dda4a0b4a7654,"[0.0, 0.10717919825506533]"
0.22190082644628098,0,False,0.26145833333333335,0.0,0,0.0,,,0.0,,,,,,600,0.04084022038567493,0.08663911845730028,0.04249747097492218,2.3624649047851562,source3,32,0.0,0.03999999910593033,0.03847159445285797,0.0,0.0,,,0.0,0.03999999910593033,0.03847159445285797,0.0,S5,0.0,600,2,0,f82a9a0bcb39d9ee424303a347fd4980c4c8d902f695f5cd464dda4a0b4a7654,"[0.0, 0.10717919825506533]"
0.4053072916666667,32,False,20.0,1.0,32,1.0,0.04178914800286293,0.0016833565896376967,0.984375,7.450580596923828e-09,0.029750142246484756,0.0004648459726013243,,,600,0.10926302083333334,0.128671875,0.006990404799580574,0.2016078382730484,source3,32,1.0,0.040000006556510925,0.0033906237222254276,0.984375,0.0027479929849505424,0.002933898940682411,0.0012051533340127207,1.0,0.04178914800286293,0.0025369899813085794,0.984375,S5,0.9375,600,3,30,f82a9a0bcb39d9ee424303a347fd4980c4c8d902f695f5cd464dda4a0b4a7654,"[0.7985287685584593, 0.9826894329683585]"
0.22123287671232877,0,False,0.09687500000000002,0.0,0,,,,,,,,0,0.0,1200,0.005251141552511416,0.0061643835616438354,0.043306827545166016,2.6717519760131836,source3,32,,0.03999999910593033,0.03971894085407257,,0.0,,,,0.03999999910593033,0.03971894085407257,,F,0.0,1200,0,0,8cb18d47c6e0b9e73ecf7a52e3a736e15f7c95b8f3661716a1501a69619f4667,"[0.0, 0.10717919825506533]"
0.16436567164179106,0,False,0.3927083333333333,0.0,0,,,,,,,,0,0.0,1200,0.010261194029850746,0.04776119402985075,0.05077341943979263,2.813629150390625,source3,32,,0.03999999910593033,0.0393361896276474,,0.0,,,,0.03999999910593033,0.0393361896276474,,F,0.0,1200,1,0,8cb18d47c6e0b9e73ecf7a52e3a736e15f7c95b8f3661716a1501a69619f4667,"[0.0, 0.10717919825506533]"
0.22190082644628098,0,False,0.26145833333333335,0.0,0,,,,,,,,0,0.0,1200,0.04084022038567493,0.08663911845730028,0.04249747097492218,2.3624649047851562,source3,32,,0.03999999910593033,0.03847159445285797,,0.0,,,,0.03999999910593033,0.03847159445285797,,F,0.0,1200,2,0,8cb18d47c6e0b9e73ecf7a52e3a736e15f7c95b8f3661716a1501a69619f4667,"[0.0, 0.10717919825506533]"
0.40258999357188774,31,False,38.884375,0.96875,31,,0.04184447601437569,0.0045199100859463215,,7.450580596923828e-09,,,10,9.4375,1200,0.0982818191557746,0.11957226269552175,0.05628420040011406,1.8084454536437988,source3,32,,0.040000006556510925,0.011392861604690552,,0.005709649063646793,,,,0.04184447601437569,0.008359896950423717,,F,1.0,1200,3,32,8cb18d47c6e0b9e73ecf7a52e3a736e15f7c95b8f3661716a1501a69619f4667,"[0.8928208017449346, 1.0]"
0.018945634266886325,0,False,1.0625,0.0,0,0.0,0.05000000074505806,0.04989105090498924,0.0,0.0,0.0038788309320807457,0.0006269967003214744,,,600,0.06766886326194399,0.1171334431630972,0.04640456661581993,1.730237364768982,rl20,32,0.0,0.03999999910593033,0.013585041277110577,0.0,0.010000001639127731,1.4174729585647583e-06,4.636476168761382e-08,0.0,0.05000000074505806,0.029136210680007935,0.0,S2,0.0,600,0,0,9766f5f061f0632ed06a25f4a21c5616942ca65a9cb1d699f0c929c0150f44e2,"[0.0, 0.10717919825506533]"
0.0027229513278908754,0,False,0.9041666666666668,0.0,0,0.0,0.05000000074505806,0.0499979704618454,0.0,0.0,0.0010031294077634811,9.05757478903979e-05,,,600,0.02673865867520926,0.13605456236436914,0.04175935313105583,1.6277281045913696,rl20,32,0.0,0.03999999910593033,0.011975136585533619,0.0,0.010000001639127731,2.413429319858551e-05,6.028689270795778e-07,0.0,0.05000000074505806,0.02785695157945156,0.0,S2,0.0,600,1,0,9766f5f061f0632ed06a25f4a21c5616942ca65a9cb1d699f0c929c0150f44e2,"[0.0, 0.10717919825506533]"
0.0059670141590166485,0,False,1.4395833333333332,0.0,0,0.0,0.05000000074505806,0.0496881902217865,0.0,0.0,0.00478373933583498,0.003259162389440462,,,600,0.0580052901820445,0.1099735490897775,0.05023075267672539,1.6351168155670166,rl20,32,0.0,0.03999999910593033,0.014985783956944942,0.0,0.010000001639127731,0.000141926109790802,3.1012576073408125e-06,0.0,0.05000000074505806,0.02938617765903473,0.0,S2,0.0,600,2,0,9766f5f061f0632ed06a25f4a21c5616942ca65a9cb1d699f0c929c0150f44e2,"[0.0, 0.10717919825506533]"
0.0018727844291351748,2,False,7.5375,0.0,0,0.0,0.04999999329447746,0.04976307600736618,0.0,0.0,0.006858307868242264,0.0009465473272872192,,,600,0.18439569259581298,0.34047889773259316,0.07724913954734802,2.2617907524108887,rl20,32,0.05,0.040000006556510925,0.011195489205420017,0.0,0.009999994188547134,4.284083843231201e-08,7.68710696508014e-10,0.025,0.04999999329447746,0.029216568917036057,0.0,S2,0.0,600,3,0,9766f5f061f0632ed06a25f4a21c5616942ca65a9cb1d699f0c929c0150f44e2,"[0.0, 0.10717919825506533]"
0.013182404355924918,0,False,1.0625,0.0,0,0.0,0.05000000074505806,0.045579154044389725,0.0,0.0,8.553266525268555e-06,8.553266525268555e-06,,,600,0.09482017481014472,0.16208625877632898,0.04934521019458771,1.6507633924484253,rl20,32,0.015625,0.03999999910593033,0.011897203512489796,0.0,0.010000001639127731,0.02690594643354416,0.006303417729213834,0.0078125,0.05000000074505806,0.02230245992541313,0.0,S5,0.0,600,0,0,32d0a2db338339a667b20634b17744482793551808ccfc85362d0a69e5db9fc2,"[0.0, 0.10717919825506533]"
0.0029170818111369425,0,False,0.9041666666666668,0.0,0,0.0,0.05000000074505806,0.04998691380023956,0.0,0.0,0.0002213306725025177,0.0002213306725025177,,,600,0.02454334108269678,0.13171150226945644,0.04021972045302391,1.6272509098052979,rl20,32,0.0,0.03999999910593033,0.012328262440860271,0.0,0.010000001639127731,0.0,0.0,0.0,0.05000000074505806,0.029967335984110832,0.0,S5,0.0,600,1,0,32d0a2db338339a667b20634b17744482793551808ccfc85362d0a69e5db9fc2,"[0.0, 0.10717919825506533]"
0.005186637814444144,0,False,1.4395833333333332,0.0,0,0.0,0.05000000074505806,0.049983181059360504,0.0,0.0,,,,,600,0.056850148769272385,0.14158101163105222,0.03999807685613632,1.6484930515289307,rl20,32,0.0,0.03999999910593033,0.013750900514423847,0.0,0.010000001639127731,0.0,0.0,0.0,0.05000000074505806,0.026604196056723595,0.0,S5,0.0,600,2,0,32d0a2db338339a667b20634b17744482793551808ccfc85362d0a69e5db9fc2,"[0.0, 0.10717919825506533]"
0.0017965992941931343,6,False,7.991666666666667,0.0,0,0.0,0.04999999329447746,0.049978069961071014,0.0,0.0,1.9371509552001953e-07,4.800302641732352e-08,,,600,0.18746871992300287,0.3475713827398139,0.07493626326322556,1.6534162759780884,rl20,32,0.125,0.040000006556510925,0.010963755659759045,0.0,0.009999994188547134,0.0,0.0,0.0625,0.04999999329447746,0.02837437577545643,0.0,S5,0.0,600,3,0,32d0a2db338339a667b20634b17744482793551808ccfc85362d0a69e5db9fc2,"[0.0, 0.10717919825506533]"
0.012522117871239961,0,True,1.0625,0.0,0,,0.05000000074505806,0.04850561171770096,,0.0,,,0,0.0,1200,0.10699605281067102,0.1751463182251259,0.05039585754275322,1.8739427328109741,rl20,32,,0.03999999910593033,0.011692795902490616,,0.010000001639127731,,,,0.05000000074505806,0.013571766205132008,,F,0.0,517,0,0,e2231f55d7a7c238fdbf3de3bbaff3b593166c23c521a7bafd1433427a3b5b8a,"[0.0, 0.10717919825506533]"
0.0022621909340659343,0,True,0.9041666666666668,0.0,0,,0.05000000074505806,0.04713335260748863,,0.0,,,0,0.0,1200,0.03255494505494506,0.14361692994505496,0.04682113975286484,1.6385550498962402,rl20,32,,0.03999999910593033,0.010924135334789753,,0.010000001639127731,,,,0.05000000074505806,0.011399753391742706,,F,0.0,517,1,0,e2231f55d7a7c238fdbf3de3bbaff3b593166c23c521a7bafd1433427a3b5b8a,"[0.0, 0.10717919825506533]"
0.005355397290881162,0,True,1.4395833333333332,0.0,0,,0.05000000074505806,0.04999746382236481,,0.0,,,0,0.0,1200,0.06569613182516408,0.14386957128892613,0.05003776401281357,1.6613960266113281,rl20,32,,0.03999999910593033,0.012733104638755322,,0.010000001639127731,,,,0.05000000074505806,0.01599068008363247,,F,0.0,517,2,0,e2231f55d7a7c238fdbf3de3bbaff3b593166c23c521a7bafd1433427a3b5b8a,"[0.0, 0.10717919825506533]"
0.0021312224082813214,0,True,7.298958333333333,0.0,0,,0.04999999329447746,0.04994266480207443,,0.0,,,0,0.0,1200,0.15787791140203988,0.30391612117521694,0.07746055722236633,1.7558386325836182,rl20,32,,0.040000006556510925,0.013716249726712704,,0.009999994188547134,,,,0.04999999329447746,0.043512456119060516,,F,0.0,517,3,0,e2231f55d7a7c238fdbf3de3bbaff3b593166c23c521a7bafd1433427a3b5b8a,"[0.0, 0.10717919825506533]"
0.030666666666666665,32,False,20.0,1.0,32,1.0,0.039961833506822586,0.005203485954552889,1.0,0.0,0.0,0.0,,,600,0.047109375,0.06903385416666667,0.005803151521831751,0.18033179640769958,bc100,32,1.0,0.03999999910593033,0.008768088184297085,1.0,0.0003835582174360752,0.00012407777830958366,3.51951370248571e-05,1.0,0.03999999910593033,0.006985786836594343,1.0,S2,1.0,600,0,32,753d8fd18d24aa33dd0abe926f9e4d6c664079417cbfa03703be0f6fe7d9a472,"[0.8928208017449346, 1.0]"
0.059856770833333336,32,False,20.0,1.0,32,1.0,0.040995042771101,0.006556056905537844,1.0,0.0,0.0,0.0,,,600,0.04907291666666667,0.09726302083333334,0.006158745847642422,0.24413380026817322,bc100,32,1.0,0.03999999910593033,0.010812745429575443,1.0,0.0026958659291267395,0.0016863681375980377,0.00019408975495025516,1.0,0.040995042771101,0.008684401400387287,1.0,S2,1.0,600,1,32,753d8fd18d24aa33dd0abe926f9e4d6c664079417cbfa03703be0f6fe7d9a472,"[0.8928208017449346, 1.0]"
0.00995200083476809,31,False,19.961458333333333,0.96875,31,0.99375,0.040660884231328964,0.006346527487039566,0.99375,0.0,6.705522537231445e-08,4.451604759168325e-10,,,600,0.044647049616528406,0.08947670475296082,0.033871643245220184,2.2333755493164062,bc100,32,1.0,0.03999999910593033,0.011637895368039608,1.0,0.0015205852687358856,0.0008521415293216705,0.00015128507220651954,0.996875,0.040660884231328964,0.008996766991913319,0.996875,S2,0.96875,600,2,31,753d8fd18d24aa33dd0abe926f9e4d6c664079417cbfa03703be0f6fe7d9a472,"[0.8425573617998795, 0.9944621398359966]"
0.39855176211453747,28,False,18.880208333333332,0.875,28,0.9375,0.04615248367190361,0.004994589369744062,0.89375,7.450580596923828e-09,0.02587713487446308,0.0008046155671278636,,,600,0.11631883259911895,0.12767070484581497,0.056528426706790924,2.4342446327209473,bc100,32,0.65,0.040000006556510925,0.010533623397350311,0.15625,0.006417100317776203,0.005552524700760841,0.0004642976463461916,0.79375,0.04615248367190361,0.007788507733494043,0.525,S2,0.0,600,3,0,753d8fd18d24aa33dd0abe926f9e4d6c664079417cbfa03703be0f6fe7d9a472,"[0.0, 0.10717919825506533]"
0.0321953125,32,False,20.0,1.0,32,1.0,0.0396738275885582,0.0020358003675937653,1.0,0.0,0.0,0.0,,,600,0.0500546875,0.087125,0.0052828011102974415,0.1803477704524994,bc100,32,1.0,0.03999999910593033,0.0031012236140668392,1.0,0.0003333347849547863,0.00030891643837094307,0.00010168852895731106,1.0,0.03999999910593033,0.0025685119908303022,1.0,S5,1.0,600,0,32,039a015cf00d3adec71ee701b9fd78d0bbf7a8568ad05ea4d2b13652890939ef,"[0.8928208017449346, 1.0]"
0.05327864583333333,32,False,20.0,1.0,32,1.0,0.040402840822935104,0.002440130338072777,1.0,0.0,0.0,0.0,,,600,0.04918229166666667,0.1058359375,0.0060195960104465485,0.2308315932750702,bc100,32,1.0,0.03999999910593033,0.0038858524058014154,1.0,0.0008845832198858261,0.0007181870751082897,0.00032351278787245974,1.0,0.040402840822935104,0.003162991488352418,1.0,S5,1.0,600,1,32,039a015cf00d3adec71ee701b9fd78d0bbf7a8568ad05ea4d2b13652890939ef,"[0.8928208017449346, 1.0]"
0.0046848958333333334,32,False,20.0,1.0,32,1.0,0.03940138220787048,0.0024577637668699026,1.0,0.0,2.9802322387695312e-08,4.656612873077393e-10,,,600,0.045138020833333334,0.09465104166666667,0.00507727637887001,0.1900823712348938,bc100,32,1.0,0.03999999910593033,0.00470234639942646,1.0,0.0005676625296473503,0.000942552462220192,0.00040791393257677555,1.0,0.03999999910593033,0.0035800551995635033,1.0,S5,1.0,600,2,32,039a015cf00d3adec71ee701b9fd78d0bbf7a8568ad05ea4d2b13652890939ef,"[0.8928208017449346, 1.0]"
0.39396477893159193,30,False,19.45,0.9375,30,0.96875,0.043954622000455856,0.004678363911807537,0.59375,7.450580596923828e-09,0.03481774777173996,0.007767309524839924,,,600,0.1072690290118831,0.11979445455518681,0.02851850353181362,1.8884459733963013,bc100,32,0.859375,0.040000006556510925,0.004944406915456057,0.3125,0.005634867586195469,0.011496070772409439,0.0048823538762066635,0.9140625,0.043954622000455856,0.004811969585716724,0.453125,S5,0.0625,600,3,2,039a015cf00d3adec71ee701b9fd78d0bbf7a8568ad05ea4d2b13652890939ef,"[0.01731056703164152, 0.20147123144154067]"
0.030412760416666667,32,False,40.0,1.0,32,,0.04040408506989479,0.005586384329944849,,0.0,,,10,10.0,1200,0.04688151041666667,0.068234375,0.0059316870756447315,0.195901021361351,bc100,32,,0.03999999910593033,0.009256880730390549,,0.0008657816797494888,,,,0.04040408506989479,0.007544555701315403,,F,1.0,1200,0,32,a4ddbcd093c9bf52cf1e1458b88d9ff3fde75d5ea64d1e147ab5ec3bc520c8b3,"[0.8928208017449346, 1.0]"
0.05493359375,32,False,38.30833333333334,0.71875,23,,0.04192480817437172,0.007050042040646076,,0.0,,,10,9.1875,1200,0.04974869791666667,0.09920182291666667,0.006705856882035732,0.2965194582939148,bc100,32,,0.03999999910593033,0.010180502198636532,,0.005535642616450787,,,,0.04192480817437172,0.008697203360497952,,F,1.0,1200,1,32,a4ddbcd093c9bf52cf1e1458b88d9ff3fde75d5ea64d1e147ab5ec3bc520c8b3,"[0.8928208017449346, 1.0]"
0.010330092632424216,21,False,36.26770833333333,0.625,20,,0.04102335497736931,0.006850201170891523,,0.0,,,10,8.25,1200,0.04450944965442083,0.09124150391465198,0.03532824665307999,2.3050436973571777,bc100,32,,0.03999999910593033,0.011126990430057049,,0.001763402484357357,,,,0.04102335497736931,0.009179259650409222,,F,1.0,1200,2,32,a4ddbcd093c9bf52cf1e1458b88d9ff3fde75d5ea64d1e147ab5ec3bc520c8b3,"[0.8928208017449346, 1.0]"
0.3958554554673984,25,False,34.79270833333334,0.78125,25,,0.04632333293557167,0.005586083512753248,,7.450580596923828e-09,,,10,8.4375,1200,0.11062309849072362,0.1242826463043608,0.0522119477391243,2.927812337875366,bc100,32,,0.040000006556510925,0.011359189637005329,,0.006719318218529224,,,,0.04632333293557167,0.008629681542515755,,F,1.0,1200,3,32,a4ddbcd093c9bf52cf1e1458b88d9ff3fde75d5ea64d1e147ab5ec3bc520c8b3,"[0.8928208017449346, 1.0]"
0.6288072916666667,32,False,0.871875,0.0,0,0.9875,0.03722203150391579,0.006563855800777674,0.975,0.0,0.00759303942322731,0.00011721992632374167,,,600,0.1411640625,0.460359375,0.012113278731703758,0.6768411993980408,rlclean1500,32,0.0,0.03999999910593033,0.017657408490777016,0.0,0.0,0.0038072499446570873,0.0004704873004811816,0.49375,0.03999999910593033,0.01211063377559185,0.4875,S2,0.0,600,0,0,aba61680cf1941e4a7c284fc91ad716f7022b69e13931f09b5b66732da114634,"[0.0, 0.10717919825506533]"
0.6643569345001326,29,False,5.160416666666666,0.0625,2,0.76875,0.05000000074505806,0.011860956437885761,0.3375,0.0,0.0066425614058971405,0.0015580270152825576,,,600,0.17349509413948555,0.45544948289578363,0.038395822048187256,1.6907449960708618,rlclean1500,32,0.69375,0.03999999910593033,0.013839525170624256,0.48125,0.010000001639127731,0.016332564875483513,0.0021491209267502187,0.73125,0.05000000074505806,0.012856381013989449,0.409375,S2,0.0,600,1,0,aba61680cf1941e4a7c284fc91ad716f7022b69e13931f09b5b66732da114634,"[0.0, 0.10717919825506533]"
0.6708235478315328,30,False,7.323958333333334,0.0,0,0.98125,0.05000000074505806,0.010259771719574928,0.94375,0.0,0.005395490676164627,0.00016935001115632963,,,600,0.18642294243515475,0.39935024268044467,0.03823625296354294,2.4034297466278076,rlclean1500,32,0.69375,0.03999999910593033,0.01827635057270527,0.38125,0.010000001639127731,0.009679010137915611,0.0002033997792750597,0.8375,0.05000000074505806,0.014276220463216305,0.6625,S2,0.0,600,2,0,aba61680cf1941e4a7c284fc91ad716f7022b69e13931f09b5b66732da114634,"[0.0, 0.10717919825506533]"
0.5333028462720422,7,False,3.9145833333333333,0.0,0,0.61875,0.04999999329447746,0.0068946233950555325,0.6125,7.450580596923828e-09,0.046428099274635315,0.00046435963362455367,,,600,0.04409160752176776,0.2030950464622814,0.03598308190703392,2.1210265159606934,rlclean1500,32,0.075,0.040000006556510925,0.03215426206588745,0.0625,0.009999994188547134,0.012855570763349533,0.0007357250687767978,0.346875,0.04999999329447746,0.02063245140016079,0.3375,S2,0.0,600,3,0,aba61680cf1941e4a7c284fc91ad716f7022b69e13931f09b5b66732da114634,"[0.0, 0.10717919825506533]"
0.5739780742755163,7,False,0.871875,0.0,0,0.421875,0.05000000074505806,0.011809253133833408,0.421875,0.0,0.03304353356361389,0.0022413739112808425,,,600,0.19650293192827398,0.43454576357610264,0.04725955054163933,2.323552131652832,rlclean1500,32,0.0,0.03999999910593033,0.01608552597463131,0.0,0.010000001639127731,0.002411622554063797,0.0004641588460892821,0.2109375,0.05000000074505806,0.014176158234477043,0.2109375,S5,0.0,600,0,0,7cf26bc8cb016ee1204004b00aa7aa7509b224bec86e5ca6ab86fec032df3b97,"[0.0, 0.10717919825506533]"
0.579479788621234,19,False,5.038541666666667,0.0,0,0.578125,0.05000000074505806,0.009053798392415047,0.296875,0.0,0.046130791306495667,0.0058076022783430615,,,600,0.1645528790062453,0.44050511289547734,0.04694867506623268,1.798601746559143,rlclean1500,32,0.578125,0.03999999910593033,0.008295801468193531,0.0625,0.010000001639127731,0.036502622067928314,0.004548545089514496,0.578125,0.05000000074505806,0.008639867417514324,0.1796875,S5,0.0,600,1,0,7cf26bc8cb016ee1204004b00aa7aa7509b224bec86e5ca6ab86fec032df3b97,"[0.0, 0.10717919825506533]"
0.6236985406229579,23,False,5.5770833333333325,0.0,0,0.8125,0.048784635961055756,0.007008543703705072,0.484375,0.0,0.03943324834108353,0.003130520981821147,,,600,0.20942877368764976,0.46390764539316054,0.07301462441682816,1.8241678476333618,rlclean1500,32,0.671875,0.03999999910593033,0.01507639605551958,0.015625,0.010000001639127731,0.028591422364115715,0.0015757537136475246,0.7421875,0.048784635961055756,0.011214248836040497,0.25,S5,0.0,600,2,0,7cf26bc8cb016ee1204004b00aa7aa7509b224bec86e5ca6ab86fec032df3b97,"[0.0, 0.10717919825506533]"
0.47940231083311613,3,False,2.5906249999999997,0.0,0,0.40625,0.04999999329447746,0.00914689339697361,0.40625,7.450580596923828e-09,0.001099962741136551,7.294336783474889e-05,,,600,0.11481626270523847,0.26694031795673706,0.0578262135386467,2.3388774394989014,rlclean1500,32,0.515625,0.040000006556510925,0.015388491563498974,0.25,0.009999994188547134,0.04385741055011749,0.004853945380697648,0.4609375,0.04999999329447746,0.013008106499910355,0.328125,S5,0.0,600,3,0,7cf26bc8cb016ee1204004b00aa7aa7509b224bec86e5ca6ab86fec032df3b97,"[0.0, 0.10717919825506533]"
0.6150465920777886,14,False,0.871875,0.0,0,,0.05000000074505806,0.009285038337111473,,0.0,,,8,6.0625,1200,0.14963848287468445,0.46001028453890985,0.03141632303595543,1.938706398010254,rlclean1500,32,,0.03999999910593033,0.01538822054862976,,0.010000001639127731,,,,0.05000000074505806,0.012828601524233818,,F,1.0,1200,0,32,7089aa275d13b58f09cbc71db79f8f2e4c0acd3ab42dea6161ce9ca5597103f6,"[0.8928208017449346, 1.0]"
0.6368652358915426,16,False,3.6552083333333334,0.0,0,,0.04932156950235367,0.010728026740252972,,0.0,,,8,5.90625,1200,0.1785445848992142,0.45452992514830576,0.051711659878492355,1.8025543689727783,rlclean1500,32,,0.03999999910593033,0.016210483387112617,,0.010000001639127731,,,,0.04932156950235367,0.01386813260614872,,F,1.0,1200,1,32,7089aa275d13b58f09cbc71db79f8f2e4c0acd3ab42dea6161ce9ca5597103f6,"[0.8928208017449346, 1.0]"
0.6427427393022856,18,False,7.9208333333333325,0.0,0,,0.05000000074505806,0.010312041267752647,,0.0,,,8,5.5625,1200,0.19698058085581716,0.4298195566248496,0.054172299802303314,2.28110408782959,rlclean1500,32,,0.03999999910593033,0.014919646084308624,,0.010000001639127731,,,,0.05000000074505806,0.01301040779799223,,F,1.0,1200,2,32,7089aa275d13b58f09cbc71db79f8f2e4c0acd3ab42dea6161ce9ca5597103f6,"[0.8928208017449346, 1.0]"
0.5213599821348817,0,False,4.340624999999999,0.0,0,,0.04999999329447746,0.008940611034631729,,7.450580596923828e-09,,,3,1.9375,1200,0.06662944767009081,0.19337874050915588,0.04324876889586449,2.078338623046875,rlclean1500,32,,0.040000006556510925,0.020779306069016457,,0.009999994188547134,,,,0.04999999329447746,0.017337147146463394,,F,0.96875,1200,3,31,7089aa275d13b58f09cbc71db79f8f2e4c0acd3ab42dea6161ce9ca5597103f6,"[0.8425573617998795, 0.9944621398359966]"
0.6643984375,32,False,8.119791666666666,0.09375,3,1.0,0.03865211457014084,0.011124241165816784,0.99375,0.0,0.002403533086180687,7.076071342453361e-05,,,600,0.18009375,0.48259114583333335,0.012865744531154633,0.42106422781944275,rlclean2000,32,0.00625,0.03999999910593033,0.01788543164730072,0.0,0.0,0.0009425287134945393,0.00012731994938803838,0.503125,0.03999999910593033,0.014504837803542614,0.496875,S2,0.0,600,0,0,e9eebcd4ca9ccdbe604f546ed26ed04f0242f4910c5927bdb656717847b0dc76,"[0.0, 0.10717919825506533]"
0.7018880208333333,32,False,13.099999999999998,0.0,0,1.0,0.043661341071128845,0.013837117701768875,1.0,0.0,0.001144498586654663,0.00010039538610726595,,,600,0.16720572916666668,0.47765885416666665,0.02418936975300312,0.7204673290252686,rlclean2000,32,0.9875,0.03999999910593033,0.014095139689743519,0.5,0.004949364811182022,0.02000804804265499,0.0003722669032867998,0.99375,0.043661341071128845,0.013966129161417484,0.75,S2,0.0,600,1,0,e9eebcd4ca9ccdbe604f546ed26ed04f0242f4910c5927bdb656717847b0dc76,"[0.0, 0.10717919825506533]"
0.6599010416666666,32,False,2.234375,0.0,0,0.93125,0.04432756453752518,0.011023826897144318,0.53125,0.0,0.0059930719435215,0.0015478122746571898,,,600,0.1478671875,0.37890885416666664,0.019929461181163788,0.6201258301734924,rlclean2000,32,0.70625,0.03999999910593033,0.014428239315748215,0.55625,0.006283300928771496,0.01330900751054287,0.0004565620009088889,0.81875,0.04432756453752518,0.012726033106446266,0.54375,S2,0.0,600,2,0,e9eebcd4ca9ccdbe604f546ed26ed04f0242f4910c5927bdb656717847b0dc76,"[0.0, 0.10717919825506533]"
0.6129461104106134,23,False,3.2489583333333334,0.0,0,0.91875,0.04999999329447746,0.0062454757280647755,0.91875,7.450580596923828e-09,0.0,0.0,,,600,0.09907899786195933,0.3363466915191053,0.0327933244407177,1.9224389791488647,rlclean2000,32,0.19375,0.040000006556510925,0.03294164314866066,0.03125,0.009872179478406906,2.0294450223445892e-05,2.570631732414295e-07,0.55625,0.04999999329447746,0.019930901005864143,0.475,S2,0.0,600,3,0,e9eebcd4ca9ccdbe604f546ed26ed04f0242f4910c5927bdb656717847b0dc76,"[0.0, 0.10717919825506533]"
0.6070739214356513,30,False,6.213541666666667,0.0,0,1.0,0.05000000074505806,0.0052388375625014305,0.75,0.0,0.007095795124769211,0.0008516195680825941,,,600,0.21336793781626584,0.49846105691481035,0.029650837182998657,1.6842113733291626,rlclean2000,32,0.359375,0.03999999910593033,0.011644723825156689,0.28125,0.010000001639127731,0.04676838219165802,0.0065519676500116475,0.6796875,0.05000000074505806,0.008446960709989071,0.515625,S5,0.0,600,0,0,7cad8b79ab3d426b2f372d2946f49852cacbc1e3b8fdf3ad323dd773bf845a4e,"[0.0, 0.10717919825506533]"
0.6465703125,32,False,10.254166666666666,0.0,0,1.0,0.04386768490076065,0.005770428106188774,0.46875,0.0,0.006027018651366234,0.002136388939106837,,,600,0.17181770833333335,0.5171692708333333,0.028583316132426262,0.8739157319068909,rlclean2000,32,1.0,0.03999999910593033,0.006169100757688284,0.640625,0.010000001639127731,0.008806837722659111,0.002899904939113185,1.0,0.04386768490076065,0.005969764199107885,0.5546875,S5,0.0,600,1,0,7cad8b79ab3d426b2f372d2946f49852cacbc1e3b8fdf3ad323dd773bf845a4e,"[0.0, 0.10717919825506533]"
0.5534607519270096,31,False,3.5197916666666664,0.0,0,0.859375,0.04695705324411392,0.007544226013123989,0.328125,0.0,0.012810962274670601,0.003839726426771709,,,600,0.15485816160662785,0.405867547585339,0.01531282626092434,1.576479434967041,rlclean2000,32,0.875,0.03999999910593033,0.008095691911876202,0.203125,0.006970558315515518,0.007612088229507208,0.0012803469253412914,0.8671875,0.04695705324411392,0.007821822538971901,0.265625,S5,0.0,600,2,0,7cad8b79ab3d426b2f372d2946f49852cacbc1e3b8fdf3ad323dd773bf845a4e,"[0.0, 0.10717919825506533]"
0.5342537574274729,4,False,5.429166666666666,0.0,0,0.5625,0.04999999329447746,0.004513712599873543,0.5625,7.450580596923828e-09,0.0,0.0,,,600,0.064023068857043,0.33651170919259,0.05174177885055542,2.2391462326049805,rlclean2000,32,0.5,0.040000006556510925,0.021721456199884415,0.46875,0.009999994188547134,0.007896965369582176,0.0038544375801811345,0.53125,0.04999999329447746,0.015222091227769852,0.515625,S5,0.0,600,3,0,7cad8b79ab3d426b2f372d2946f49852cacbc1e3b8fdf3ad323dd773bf845a4e,"[0.0, 0.10717919825506533]"
0.6326393229166667,32,False,6.810416666666667,0.0,0,,0.039398256689310074,0.00949457474052906,,0.0,,,8,7.75,1200,0.19432942708333334,0.49482421875,0.014059004373848438,0.5368260741233826,rlclean2000,32,,0.03999999910593033,0.014644132927060127,,0.0001133461482822895,,,,0.03999999910593033,0.012310605496168137,,F,1.0,1200,0,32,f6aea3f7c53c4ee66c82c8fafc2bf09da0a9dcde3f08617daf3a3f9b5714bf10,"[0.8928208017449346, 1.0]"
0.6784776725304466,11,False,11.052083333333332,0.0,0,,0.05000000074505806,0.011742271482944489,,0.0,,,8,5.3125,1200,0.19017929634641406,0.4995348443843031,0.053637102246284485,2.821542978286743,rlclean2000,32,,0.03999999910593033,0.01644541136920452,,0.010000001639127731,,,,0.05000000074505806,0.014424462802708149,,F,1.0,1200,1,32,f6aea3f7c53c4ee66c82c8fafc2bf09da0a9dcde3f08617daf3a3f9b5714bf10,"[0.8928208017449346, 1.0]"
0.6321082239485668,29,False,2.40625,0.0,0,,0.05000000074505806,0.011495220474898815,,0.0,,,8,7.5625,1200,0.16406777390838467,0.3984409322260916,0.019121430814266205,2.130173683166504,rlclean2000,32,,0.03999999910593033,0.012584075331687927,,0.010000001639127731,,,,0.05000000074505806,0.012085791677236557,,F,1.0,1200,2,32,f6aea3f7c53c4ee66c82c8fafc2bf09da0a9dcde3f08617daf3a3f9b5714bf10,"[0.8928208017449346, 1.0]"
0.5964503107579933,0,False,3.494791666666667,0.0,0,,0.04999999329447746,0.010985192842781544,,7.450580596923828e-09,,,4,2.375,1200,0.08036457999615557,0.3237874030883578,0.05106727406382561,2.1665537357330322,rlclean2000,32,,0.040000006556510925,0.021639011800289154,,0.009999994188547134,,,,0.04999999329447746,0.017901606857776642,,F,1.0,1200,3,32,f6aea3f7c53c4ee66c82c8fafc2bf09da0a9dcde3f08617daf3a3f9b5714bf10,"[0.8928208017449346, 1.0]"
0.5954765625,32,False,3.89375,0.0,0,0.9875,0.05000000074505806,0.007779442239552736,0.975,0.0,0.02659241482615471,0.0002341785584576428,,,600,0.13588541666666668,0.40720833333333334,0.028835656121373177,0.9627931714057922,rl1500,32,0.10625,0.03999999910593033,0.01749073900282383,0.06875,0.010000001639127731,0.00773894228041172,0.0009545178338157712,0.546875,0.05000000074505806,0.01263509038835764,0.521875,S2,0.0,600,0,0,3f7f64e0c7b87704d6bbf31c1cdf56ed99a391a70cd4a373cc3875f7fe67914d,"[0.0, 0.10717919825506533]"
0.5549614517228719,31,False,1.0406250000000001,0.0,0,0.95625,0.05000000074505806,0.008679305203258991,0.93125,0.0,0.04112183302640915,0.0004063219633660739,,,600,0.13632191744899563,0.380015209524309,0.033398378640413284,1.6081652641296387,rl1500,32,0.41875,0.03999999910593033,0.01755191944539547,0.19375,0.010000001639127731,0.010797698050737381,0.0023674101176314384,0.6875,0.05000000074505806,0.013118637725710869,0.5625,S2,0.0,600,1,0,3f7f64e0c7b87704d6bbf31c1cdf56ed99a391a70cd4a373cc3875f7fe67914d,"[0.0, 0.10717919825506533]"
0.5560729166666667,32,False,7.279166666666667,0.0,0,0.8625,0.041817955672740936,0.011542967520654202,0.58125,0.0,0.00845305621623993,0.0011177835054695605,,,600,0.1085078125,0.33415364583333335,0.015467241406440735,0.8638249635696411,rl1500,32,0.5875,0.03999999910593033,0.013402876444160938,0.425,0.001802271232008934,0.0020961295813322067,0.0004329148636315949,0.725,0.041817955672740936,0.01247292198240757,0.503125,S2,0.0,600,2,0,3f7f64e0c7b87704d6bbf31c1cdf56ed99a391a70cd4a373cc3875f7fe67914d,"[0.0, 0.10717919825506533]"
0.684379386991109,17,False,1.3052083333333333,0.0,0,0.83125,0.04999999329447746,0.01554233767092228,0.83125,7.450580596923828e-09,0.0011101067066192627,8.22637920026426e-06,,,600,0.17273923724847917,0.3447151380439869,0.041362177580595016,1.9878604412078857,rl1500,32,0.15625,0.040000006556510925,0.0293735284358263,0.15625,0.009999994188547134,0.0005055423825979233,7.4871284493678055e-06,0.49375,0.04999999329447746,0.022769412025809288,0.49375,S2,0.0,600,3,0,3f7f64e0c7b87704d6bbf31c1cdf56ed99a391a70cd4a373cc3875f7fe67914d,"[0.0, 0.10717919825506533]"
0.5630818384335795,23,False,5.265625,0.0,0,0.828125,0.05000000074505806,0.0033774131443351507,0.53125,0.0,0.0155449528247118,0.0016578943282365799,,,600,0.14769902684957203,0.44097197795755655,0.04149732366204262,1.7022110223770142,rl1500,32,0.203125,0.03999999910593033,0.012288537807762623,0.046875,0.010000001639127731,0.0399414524435997,0.008159228186202,0.515625,0.05000000074505806,0.00800066627562046,0.2890625,S5,0.0,600,0,0,0d9434feea59ab63ee72466819061a2dac92b7b57442d26f959e4fb978221661,"[0.0, 0.10717919825506533]"
0.5019838354151359,30,False,1.0406250000000001,0.0,0,0.984375,0.05000000074505806,0.003773817326873541,0.8125,0.0,0.02602977864444256,0.0010722961066470993,,,600,0.13573265456072217,0.41491025506455337,0.03768544644117355,2.741586208343506,rl1500,32,0.90625,0.03999999910593033,0.008401703089475632,0.859375,0.010000001639127731,0.011692548170685768,0.005323753837728873,0.9453125,0.05000000074505806,0.006105490028858185,0.8359375,S5,0.0,600,1,0,0d9434feea59ab63ee72466819061a2dac92b7b57442d26f959e4fb978221661,"[0.0, 0.10717919825506533]"
0.5308446895381516,29,False,4.321875,0.0,0,0.890625,0.05000000074505806,0.00720623042434454,0.5,0.0,0.034755222499370575,0.0029413172975182532,,,600,0.1369213638050798,0.35290047192321966,0.045452386140823364,2.132357120513916,rl1500,32,0.9375,0.03999999910593033,0.008323214948177338,0.578125,0.010000001639127731,0.010251546278595924,0.0015351744553458596,0.9140625,0.05000000074505806,0.007765936199575663,0.5390625,S5,0.0,600,2,0,0d9434feea59ab63ee72466819061a2dac92b7b57442d26f959e4fb978221661,"[0.0, 0.10717919825506533]"
0.6380897450686354,2,False,1.3052083333333333,0.0,0,0.265625,0.04999999329447746,0.010977059602737427,0.265625,7.450580596923828e-09,0.0003104526549577713,1.73606370624743e-05,,,600,0.16414234629138308,0.41493828584611836,0.07155559957027435,2.0607454776763916,rl1500,32,0.546875,0.040000006556510925,0.013713096268475056,0.203125,0.009999994188547134,0.011880038306117058,0.004971867054700851,0.40625,0.04999999329447746,0.012809185311198235,0.234375,S5,0.0,600,3,0,0d9434feea59ab63ee72466819061a2dac92b7b57442d26f959e4fb978221661,"[0.0, 0.10717919825506533]"
0.5817926583975863,26,False,3.84375,0.0,0,,0.05000000074505806,0.007820501923561096,,0.0,,,9,5.78125,1200,0.14409710582187954,0.44566990725220695,0.032676372677087784,1.7509392499923706,rl1500,32,,0.03999999910593033,0.01929972879588604,,0.010000001639127731,,,,0.05000000074505806,0.0156259648501873,,F,1.0,1200,0,32,44a189adc76ab487059b24789e16de0be3b74476044def2ee8233accf3faa008,"[0.8928208017449346, 1.0]"
0.5306526420407487,25,False,1.0406250000000001,0.0,0,,0.05000000074505806,0.00970310065895319,,0.0,,,8,7.1875,1200,0.14720335707581028,0.4063469714538126,0.0387611985206604,1.7866817712783813,rl1500,32,,0.03999999910593033,0.014959435909986496,,0.010000001639127731,,,,0.05000000074505806,0.012785039842128754,,F,1.0,1200,1,32,44a189adc76ab487059b24789e16de0be3b74476044def2ee8233accf3faa008,"[0.8928208017449346, 1.0]"
0.5351838059264776,28,False,8.907291666666666,0.0,0,,0.05000000074505806,0.011817707680165768,,0.0,,,8,7.65625,1200,0.1367638452944619,0.362468745012502,0.049994297325611115,2.18755841255188,rl1500,32,,0.03999999910593033,0.010960336774587631,,0.009812556207180023,,,,0.05000000074505806,0.011379420757293701,,F,1.0,1200,2,32,44a189adc76ab487059b24789e16de0be3b74476044def2ee8233accf3faa008,"[0.8928208017449346, 1.0]"
0.6462518960708519,2,False,1.3052083333333333,0.0,0,,0.04999999329447746,0.014338595792651176,,7.450580596923828e-09,,,6,3.0625,1200,0.20083916426089934,0.40835983754954247,0.05961360037326813,1.9528390169143677,rl1500,32,,0.040000006556510925,0.019759388640522957,,0.009999994188547134,,,,0.04999999329447746,0.01733214035630226,,F,1.0,1200,3,32,44a189adc76ab487059b24789e16de0be3b74476044def2ee8233accf3faa008,"[0.8928208017449346, 1.0]"
0.6577723086694188,30,False,1.2041666666666668,0.0,0,0.9625,0.04999864101409912,0.008914461359381676,0.93125,0.0,0.005019478499889374,0.00015764376207901413,,,600,0.14928548745633535,0.3952709854980417,0.034424494951963425,1.6015195846557617,rl2000,32,0.38125,0.03999999910593033,0.015566997230052948,0.3375,0.010000001639127731,0.0363461971282959,0.006460529611932386,0.671875,0.04999864101409912,0.012250237166881561,0.634375,S2,0.0,600,0,0,cd7bc4498a1f06b3ea26dd25e5fd75cc1c66589273386bb22c988af312d8c930,"[0.0, 0.10717919825506533]"
0.6330290197167453,13,False,0.8395833333333333,0.0,0,0.6875,0.05000000074505806,0.00949162244796753,0.675,0.0,0.0074622053653001785,8.658665866978401e-05,,,600,0.12671480144404332,0.3687066092752013,0.033531349152326584,2.3132574558258057,rl2000,32,0.39375,0.03999999910593033,0.0221711415797472,0.2625,0.010000001639127731,0.009585906751453876,0.0005993917962520296,0.540625,0.05000000074505806,0.016141239553689957,0.46875,S2,0.0,600,1,0,cd7bc4498a1f06b3ea26dd25e5fd75cc1c66589273386bb22c988af312d8c930,"[0.0, 0.10717919825506533]"
0.6544528262350044,29,False,1.3947916666666667,0.0,0,0.98125,0.041313156485557556,0.008902087807655334,0.875,0.0,0.00703543983399868,0.0005185082198897745,,,600,0.15067054324480067,0.4118969039761119,0.04825426638126373,1.9121952056884766,rl2000,32,0.50625,0.03999999910593033,0.014316437765955925,0.4,0.0025678975507616997,0.002783268690109253,0.000540242381975986,0.74375,0.041313156485557556,0.01162500586360693,0.6375,S2,0.0,600,2,0,cd7bc4498a1f06b3ea26dd25e5fd75cc1c66589273386bb22c988af312d8c930,"[0.0, 0.10717919825506533]"
0.6673143201792177,4,False,2.028125,0.0,0,0.36875,0.04999999329447746,0.014697406440973282,0.36875,7.450580596923828e-09,4.1268765926361084e-05,6.026231948240304e-07,,,600,0.17384542478028606,0.356380320523867,0.0541410855948925,2.2354180812835693,rl2000,32,0.16875,0.040000006556510925,0.029735548421740532,0.15625,0.009999994188547134,0.001497416291385889,0.0001753809834446977,0.26875,0.04999999329447746,0.023140328004956245,0.2625,S2,0.0,600,3,0,cd7bc4498a1f06b3ea26dd25e5fd75cc1c66589273386bb22c988af312d8c930,"[0.0, 0.10717919825506533]"
0.6167001377094331,22,False,1.2041666666666668,0.0,0,0.84375,0.05000000074505806,0.005478329490870237,0.765625,0.0,0.006210625171661377,0.0004777585121768492,,,600,0.1668235024099151,0.43752008262565983,0.03795523941516876,1.889599084854126,rl2000,32,0.9375,0.03999999910593033,0.00727008655667305,0.3125,0.010000001639127731,0.04118397459387779,0.0037987505503255747,0.890625,0.05000000074505806,0.006420162972062826,0.5390625,S5,0.0,600,0,0,8381e09bf8c3777bd5ff1a432e471181e949cecdf554b289a8eec7177b96b08f,"[0.0, 0.10717919825506533]"
0.5828646959865417,2,False,0.8395833333333333,0.0,0,0.53125,0.04287419468164444,0.0036937114782631397,0.53125,0.0,0.0,0.0,,,600,0.16351037410878796,0.43044941119923097,0.03161284700036049,1.8661980628967285,rl2000,32,0.515625,0.03999999910593033,0.016316169872879982,0.03125,0.010000001639127731,0.009311857633292675,0.005041275762350243,0.5234375,0.04287419468164444,0.011159192770719528,0.28125,S5,0.0,600,1,0,8381e09bf8c3777bd5ff1a432e471181e949cecdf554b289a8eec7177b96b08f,"[0.0, 0.10717919825506533]"
0.5882132861141258,17,False,1.3947916666666667,0.0,0,0.734375,0.05000000074505806,0.008255528286099434,0.390625,0.0,0.04999999701976776,0.003075646464617885,,,600,0.16328040212486433,0.4164676986348318,0.046117521822452545,2.5414276123046875,rl2000,32,0.953125,0.03999999910593033,0.0076288324780762196,0.09375,0.010000001639127731,0.05000000074505806,0.0054433476107078604,0.84375,0.05000000074505806,0.00791187770664692,0.2421875,S5,0.0,600,2,0,8381e09bf8c3777bd5ff1a432e471181e949cecdf554b289a8eec7177b96b08f,"[0.0, 0.10717919825506533]"
0.595326021763345,1,False,2.005208333333333,0.0,0,0.5,0.04999999329447746,0.00429345341399312,0.46875,7.450580596923828e-09,0.031819045543670654,0.0010311797020896788,,,600,0.18469711250107104,0.4241196127152772,0.05156173184514046,2.4184250831604004,rl2000,32,0.421875,0.040000006556510925,0.0167927835136652,0.0,0.009999994188547134,0.010192280635237694,0.005570544219208938,0.4609375,0.04999999329447746,0.011664963327348232,0.234375,S5,0.0,600,3,0,8381e09bf8c3777bd5ff1a432e471181e949cecdf554b289a8eec7177b96b08f,"[0.0, 0.10717919825506533]"
0.6464431260569432,26,False,1.2041666666666668,0.0,0,,0.04787682369351387,0.009609642438590527,,0.0,,,9,7.5,1200,0.1492459316348313,0.4076058329405894,0.050015632063150406,2.041128158569336,rl2000,32,,0.03999999910593033,0.013908468186855316,,0.010000001639127731,,,,0.04787682369351387,0.011970535852015018,,F,1.0,1200,0,32,c5e952879fed10989b171133afeabea7ecc913f6868695bfce74cea449af7be1,"[0.8928208017449346, 1.0]"
0.6212896009988035,4,False,0.8395833333333333,0.0,0,,0.05000000074505806,0.009929456748068333,,0.0,,,8,2.90625,1200,0.12796909951620455,0.41225875253602456,0.04595354199409485,2.3107035160064697,rl2000,32,,0.03999999910593033,0.024738313630223274,,0.010000001639127731,,,,0.05000000074505806,0.019993595778942108,,F,1.0,1200,1,32,c5e952879fed10989b171133afeabea7ecc913f6868695bfce74cea449af7be1,"[0.8928208017449346, 1.0]"
0.6278341596512828,18,False,1.3947916666666667,0.0,0,,0.04780065640807152,0.010426895692944527,,0.0,,,8,5.9375,1200,0.1859315209796027,0.44408711276744417,0.05078563839197159,2.5732462406158447,rl2000,32,,0.03999999910593033,0.013530147261917591,,0.010000001639127731,,,,0.04780065640807152,0.012106718495488167,,F,1.0,1200,2,32,c5e952879fed10989b171133afeabea7ecc913f6868695bfce74cea449af7be1,"[0.8928208017449346, 1.0]"
0.6424508700545407,0,False,2.005208333333333,0.0,0,,0.04999999329447746,0.013673397712409496,,7.450580596923828e-09,,,3,1.4375,1200,0.16584711280408623,0.3839883992727902,0.0463390089571476,2.3769664764404297,rl2000,32,,0.040000006556510925,0.023215582594275475,,0.009999994188547134,,,,0.04999999329447746,0.01977408491075039,,F,1.0,1200,3,32,c5e952879fed10989b171133afeabea7ecc913f6868695bfce74cea449af7be1,"[0.8928208017449346, 1.0]"
0.6080182291666667,32,False,4.353125,0.0,0,1.0,0.04120752215385437,0.008223624899983406,1.0,0.0,0.00021899864077568054,3.1710835173726084e-06,,,600,0.15723958333333332,0.39326822916666665,0.009054236114025116,0.32009756565093994,rlhold1250,32,0.99375,0.03999999910593033,0.015005054883658886,0.93125,0.0016464972868561745,0.002054274547845125,0.0004614328354364261,0.996875,0.04120752215385437,0.011614339426159859,0.965625,S2,0.0,600,0,0,dff7f12f32586e04bf2f356cff4d2ff825520722817feb9bb895a00579b45421,"[0.0, 0.10717919825506533]"
0.6616354166666667,32,False,20.0,1.0,32,1.0,0.04354910925030708,0.012166243977844715,1.0,0.0,6.549060344696045e-06,4.0931627154350283e-08,,,600,0.190359375,0.4099583333333333,0.005133496597409248,0.2097078114748001,rlhold1250,32,0.4625,0.03999999910593033,0.02169826254248619,0.44375,0.003588266670703888,0.002059709280729294,0.00029470896697603166,0.73125,0.04354910925030708,0.016932254657149315,0.721875,S2,0.0,600,1,0,dff7f12f32586e04bf2f356cff4d2ff825520722817feb9bb895a00579b45421,"[0.0, 0.10717919825506533]"
0.5820080790900394,31,False,11.368750000000002,0.28125,9,0.925,0.04863012582063675,0.006843640003353357,0.925,0.0,0.00376238115131855,7.716087528910392e-05,,,600,0.15695226958647815,0.36432178165196133,0.024173816666007042,1.601989984512329,rlhold1250,32,0.2875,0.03999999910593033,0.02976044826209545,0.26875,0.008811771869659424,0.012976236641407013,0.000408729428579663,0.60625,0.04863012582063675,0.018317878246307373,0.596875,S2,0.0,600,2,0,dff7f12f32586e04bf2f356cff4d2ff825520722817feb9bb895a00579b45421,"[0.0, 0.10717919825506533]"
0.5661646355484019,2,False,7.805208333333334,0.0,0,0.3375,0.04999999329447746,0.016721250489354134,0.3375,7.450580596923828e-09,0.03368137776851654,0.0010131845896643016,,,600,0.14720050586341688,0.28377787997240744,0.04733457416296005,1.9892758131027222,rlhold1250,32,0.2125,0.040000006556510925,0.021626969799399376,0.04375,0.009999994188547134,0.024971188977360725,0.0005256168925288049,0.275,0.04999999329447746,0.019514769315719604,0.190625,S2,0.0,600,3,0,dff7f12f32586e04bf2f356cff4d2ff825520722817feb9bb895a00579b45421,"[0.0, 0.10717919825506533]"
0.5665150944411559,28,False,5.257291666666667,0.0,0,0.9375,0.05000000074505806,0.0043634455651044846,0.046875,0.0,0.014756998047232628,0.008334692722807327,,,600,0.18769036215896248,0.45834633805090674,0.04400715231895447,1.7458980083465576,rlhold1250,32,1.0,0.03999999910593033,0.005423720460385084,0.484375,0.010000001639127731,0.009813955053687096,0.0018879785927653802,0.96875,0.05000000074505806,0.004909016191959381,0.265625,S5,0.0,600,0,0,c259301b300b0717cce6eb5f2d542ae07affc506a9f0c8d32e0f391e69eef9e9,"[0.0, 0.10717919825506533]"
0.560140625,32,False,8.494791666666668,0.0625,2,1.0,0.04369764029979706,0.00474562868475914,1.0,0.0,0.0,0.0,,,600,0.23432552083333333,0.5280026041666667,0.006072374992072582,0.3707776963710785,rlhold1250,32,1.0,0.03999999910593033,0.008133890107274055,0.9375,0.00363711453974247,0.002375966403633356,0.0008059776882873848,1.0,0.04369764029979706,0.006439759396016598,0.96875,S5,0.0625,600,1,2,c259301b300b0717cce6eb5f2d542ae07affc506a9f0c8d32e0f391e69eef9e9,"[0.01731056703164152, 0.20147123144154067]"
0.57640156853134,15,False,6.011458333333334,0.0,0,0.765625,0.05000000074505806,0.003561582649126649,0.65625,0.0,0.05000000074505806,0.0016961504725065636,,,600,0.18831873046994668,0.4492034801789106,0.039699725806713104,2.314067840576172,rlhold1250,32,0.640625,0.03999999910593033,0.018785007297992706,0.09375,0.010000001639127731,0.041230060160160065,0.016440843506716193,0.703125,0.05000000074505806,0.012030960991978645,0.375,S5,0.0,600,2,0,c259301b300b0717cce6eb5f2d542ae07affc506a9f0c8d32e0f391e69eef9e9,"[0.0, 0.10717919825506533]"
0.5088698723173051,2,False,9.111458333333333,0.0,0,0.515625,0.045183468610048294,0.006928928196430206,0.390625,7.450580596923828e-09,0.04374941810965538,0.003926975638464544,,,600,0.2200036222041112,0.39615140813184824,0.0236680805683136,2.27244234085083,rlhold1250,32,0.546875,0.040000006556510925,0.007009959779679775,0.46875,0.009999994188547134,0.007184178568422794,0.0017058134270722374,0.53125,0.045183468610048294,0.006972544826567173,0.4296875,S5,0.0,600,3,0,c259301b300b0717cce6eb5f2d542ae07affc506a9f0c8d32e0f391e69eef9e9,"[0.0, 0.10717919825506533]"
0.5736927083333333,32,False,2.951041666666667,0.0,0,,0.043643224984407425,0.009749864228069782,,0.0,,,8,8.0,1200,0.15915885416666667,0.41535546875,0.008845314383506775,0.46133044362068176,rlhold1250,32,,0.03999999910593033,0.012582413852214813,,0.0036507565528154373,,,,0.043643224984407425,0.011312783695757389,,F,1.0,1200,0,32,be5be870640541eaed5ac193f755584edaadbf6d1a6f40c9ce8309970fd407c7,"[0.8928208017449346, 1.0]"
0.6277447916666666,32,False,34.60104166666667,0.75,24,,0.04363574832677841,0.009548095986247063,,0.0,,,7,7.0,1200,0.20955338541666665,0.46183203125,0.005972805432975292,0.3283655047416687,rlhold1250,32,,0.03999999910593033,0.016575105488300323,,0.004399205558001995,,,,0.04363574832677841,0.01387135311961174,,F,1.0,1200,1,32,be5be870640541eaed5ac193f755584edaadbf6d1a6f40c9ce8309970fd407c7,"[0.8928208017449346, 1.0]"
0.5942713631739572,6,False,8.119791666666666,0.0,0,,0.04218994081020355,0.010423872619867325,,0.0,,,8,1.71875,1200,0.17386826042726347,0.4260013987792472,0.04749710112810135,2.3933205604553223,rlhold1250,32,,0.03999999910593033,0.028968609869480133,,0.010000001639127731,,,,0.04218994081020355,0.02460833266377449,,F,1.0,1200,2,32,be5be870640541eaed5ac193f755584edaadbf6d1a6f40c9ce8309970fd407c7,"[0.8928208017449346, 1.0]"
0.5329976867601034,1,False,6.21875,0.0,0,,0.04999999329447746,0.022301482036709785,,7.450580596923828e-09,,,2,1.03125,1200,0.15610287113893045,0.32262892910600083,0.04048125073313713,2.1468515396118164,rlhold1250,32,,0.040000006556510925,0.02000132016837597,,0.009999994188547134,,,,0.04999999329447746,0.02107018046081066,,F,1.0,1200,3,32,be5be870640541eaed5ac193f755584edaadbf6d1a6f40c9ce8309970fd407c7,"[0.8928208017449346, 1.0]"
0.6701848958333333,32,False,6.909375,0.0,0,1.0,0.04635142534971237,0.00850113108754158,0.99375,0.0,0.0026653017848730087,1.66582060046494e-05,,,600,0.16130989583333333,0.36761979166666664,0.015535308048129082,0.8410388231277466,rlhold1500,32,0.66875,0.03999999910593033,0.01916138269007206,0.59375,0.010000001639127731,0.026191573590040207,0.0016747135610785334,0.834375,0.04635142534971237,0.013831257820129395,0.79375,S2,0.0,600,0,0,593607a45a955219e4e3bba8c71850d4aff8010ec38654cbb1632a9112311f6b,"[0.0, 0.10717919825506533]"
0.6717005208333333,32,False,11.79375,0.375,12,1.0,0.042539019137620926,0.010828242637217045,1.0,0.0,6.724148988723755e-06,4.202593117952347e-08,,,600,0.1693828125,0.41651041666666666,0.007784021086990833,0.45373857021331787,rlhold1500,32,0.44375,0.03999999910593033,0.022609427571296692,0.4375,0.0027938485145568848,0.0008787610568106174,0.00010043209476862103,0.721875,0.042539019137620926,0.01671883650124073,0.71875,S2,0.0,600,1,0,593607a45a955219e4e3bba8c71850d4aff8010ec38654cbb1632a9112311f6b,"[0.0, 0.10717919825506533]"
0.5213411458333334,32,False,4.101041666666667,0.09375,3,0.99375,0.05000000074505806,0.0021919177379459143,0.98125,0.0,0.0038365423679351807,8.082210551947355e-05,,,600,0.10682291666666667,0.4312473958333333,0.021807923913002014,0.9618761539459229,rlhold1500,32,0.21875,0.03999999910593033,0.034483425319194794,0.2,0.010000001639127731,0.0060722557827830315,0.0002100202502333559,0.60625,0.05000000074505806,0.01833767257630825,0.590625,S2,0.0,600,2,0,593607a45a955219e4e3bba8c71850d4aff8010ec38654cbb1632a9112311f6b,"[0.0, 0.10717919825506533]"
0.628592924702125,9,False,12.660416666666666,0.0625,2,0.78125,0.04999999329447746,0.012503181584179401,0.76875,7.450580596923828e-09,6.774440407752991e-05,5.463258393349186e-07,,,600,0.16228964500675594,0.2750859845227859,0.0463135652244091,2.1014318466186523,rlhold1500,32,0.49375,0.040000006556510925,0.02352275140583515,0.48125,0.009999994188547134,0.0027952007949352264,0.0001954597414192492,0.6375,0.04999999329447746,0.01832970604300499,0.625,S2,0.0,600,3,0,593607a45a955219e4e3bba8c71850d4aff8010ec38654cbb1632a9112311f6b,"[0.0, 0.10717919825506533]"
0.5719375,32,False,5.8604166666666675,0.0,0,1.0,0.04121440649032593,0.004694793839007616,1.0,0.0,0.0,0.0,,,600,0.18322916666666667,0.4310364583333333,0.01570877805352211,1.1779155731201172,rlhold1500,32,0.953125,0.03999999910593033,0.00956425815820694,0.890625,0.010000001639127731,0.019619323313236237,0.0036237034437363036,0.9765625,0.04121440649032593,0.0071295262314379215,0.9453125,S5,0.0,600,0,0,5012ab7760f02a7144cb106b5d76dd783460c54689553c593f87de88605ca6d5,"[0.0, 0.10717919825506533]"
0.57840625,32,False,13.604166666666666,0.34375,11,1.0,0.04320816323161125,0.005511117167770863,1.0,0.0,1.5273690223693848e-07,2.3865140974521637e-09,,,600,0.19331510416666667,0.48714583333333333,0.008859899826347828,0.4476689398288727,rlhold1500,32,0.96875,0.03999999910593033,0.00919030699878931,0.890625,0.007877004332840443,0.005604743026196957,0.0005425395356724039,0.984375,0.04320816323161125,0.007350712548941374,0.9453125,S5,0.28125,600,1,9,5012ab7760f02a7144cb106b5d76dd783460c54689553c593f87de88605ca6d5,"[0.15564580497743027, 0.45374509425916076]"
0.5208697916666667,32,False,5.183333333333334,0.0,0,1.0,0.0383361391723156,0.0012378934770822525,1.0,0.0,7.327646017074585e-05,1.5897676348686218e-06,,,600,0.14509375,0.44464583333333335,0.015003759413957596,0.6695393919944763,rlhold1500,32,0.53125,0.03999999910593033,0.02433868870139122,0.015625,0.010000001639127731,0.05000000074505806,0.0052383499350980856,0.765625,0.03999999910593033,0.012788291089236736,0.5078125,S5,0.0,600,2,0,5012ab7760f02a7144cb106b5d76dd783460c54689553c593f87de88605ca6d5,"[0.0, 0.10717919825506533]"
0.6021018663875807,0,False,7.632291666666666,0.0,0,0.5,0.04144153371453285,0.003761767176911235,0.5,7.450580596923828e-09,0.0,0.0,,,600,0.2290511076225362,0.37521803593232167,0.05446195229887962,2.2845611572265625,rlhold1500,32,0.515625,0.040000006556510925,0.013885672204196453,0.5,0.009999994188547134,0.0015419390983879566,0.0007460227789124474,0.5078125,0.04144153371453285,0.009647511877119541,0.5,S5,0.0,600,3,0,5012ab7760f02a7144cb106b5d76dd783460c54689553c593f87de88605ca6d5,"[0.0, 0.10717919825506533]"
0.6237122395833333,32,False,7.221875000000001,0.0,0,,0.04422854632139206,0.011030352674424648,,0.0,,,8,7.0625,1200,0.15716276041666666,0.37691796875,0.012268602848052979,0.5178412795066833,rlhold1500,32,,0.03999999910593033,0.015524407848715782,,0.010000001639127731,,,,0.04422854632139206,0.013666631653904915,,F,1.0,1200,0,32,2eb77ef296cc79f4b2a8986152542c6a585729cd2223ee6f9bd68722e583e4dc,"[0.8928208017449346, 1.0]"
0.64576171875,32,False,8.653125,0.03125,1,,0.04497050493955612,0.01113849226385355,,0.0,,,7,7.0,1200,0.19385677083333333,0.45252734375,0.012141033075749874,0.6642870306968689,rlhold1500,32,,0.03999999910593033,0.017037028446793556,,0.007060405798256397,,,,0.04497050493955612,0.014529075473546982,,F,1.0,1200,1,32,2eb77ef296cc79f4b2a8986152542c6a585729cd2223ee6f9bd68722e583e4dc,"[0.8928208017449346, 1.0]"
0.48963802083333335,32,False,2.9520833333333334,0.0,0,,0.04556483030319214,0.007108403369784355,,0.0,,,3,1.09375,1200,0.1844296875,0.4918268229166667,0.019706087186932564,0.800774335861206,rlhold1500,32,,0.03999999910593033,0.03769512102007866,,0.010000001639127731,,,,0.04556483030319214,0.03611082211136818,,F,0.96875,1200,2,31,2eb77ef296cc79f4b2a8986152542c6a585729cd2223ee6f9bd68722e583e4dc,"[0.8425573617998795, 0.9944621398359966]"
0.6097420190835199,5,False,9.098958333333332,0.0,0,,0.04999999329447746,0.011024798266589642,,7.450580596923828e-09,,,8,4.65625,1200,0.17429222130600386,0.30889582597086424,0.04966379702091217,2.4102156162261963,rlhold1500,32,,0.040000006556510925,0.017104314640164375,,0.009999994188547134,,,,0.04999999329447746,0.014529227279126644,,F,1.0,1200,3,32,2eb77ef296cc79f4b2a8986152542c6a585729cd2223ee6f9bd68722e583e4dc,"[0.8928208017449346, 1.0]"
0.6752199929602253,20,False,1.2510416666666666,0.0,0,0.85,0.04070408642292023,0.010842354036867619,0.71875,0.0,0.008367514237761497,0.0007660837455404748,,,600,0.1729437991317611,0.4315440572568344,0.03336029127240181,1.8167790174484253,rl2500,32,0.25625,0.03999999910593033,0.014936595223844051,0.2375,0.002469976432621479,0.002245750278234482,0.00039581885300040673,0.553125,0.04070408642292023,0.012933427467942238,0.478125,S2,0.0,600,0,0,e326b6aa3e41f2ede1894b62f3d2830e161c6f9fbd87c8433a84d05e046b574e,"[0.0, 0.10717919825506533]"
0.6783069343645707,31,False,1.853125,0.0,0,0.95,0.05000000074505806,0.01073180977255106,0.94375,0.0,0.005358429625630379,0.00013917001189699599,,,600,0.12135932616411506,0.415065953276474,0.02892914228141308,1.5817677974700928,rl2500,32,0.7625,0.03999999910593033,0.015744922682642937,0.65625,0.010000001639127731,0.007230591960251331,0.0018059386942939014,0.85625,0.05000000074505806,0.013243279419839382,0.8,S2,0.0,600,1,0,e326b6aa3e41f2ede1894b62f3d2830e161c6f9fbd87c8433a84d05e046b574e,"[0.0, 0.10717919825506533]"
0.63175,32,False,1.065625,0.0,0,0.975,0.04447360709309578,0.011986696161329746,0.96875,0.0,0.0010386407375335693,3.0816311482340095e-05,,,600,0.09130989583333333,0.291328125,0.01683214120566845,0.6737697720527649,rl2500,32,0.45625,0.03999999910593033,0.022145645692944527,0.425,0.007247438654303551,0.0014091581106185913,4.7001757775433364e-05,0.715625,0.04447360709309578,0.017066169530153275,0.696875,S2,0.0,600,2,0,e326b6aa3e41f2ede1894b62f3d2830e161c6f9fbd87c8433a84d05e046b574e,"[0.0, 0.10717919825506533]"
0.6986042200534321,26,False,2.223958333333333,0.0,0,0.39375,0.04999999329447746,0.017287950962781906,0.3875,7.450580596923828e-09,0.001793229952454567,9.928057591120402e-05,,,600,0.16372062592006978,0.38107246060738237,0.03889884799718857,2.2077207565307617,rl2500,32,0.21875,0.040000006556510925,0.025767238810658455,0.2125,0.009999994188547134,0.0009647402912378311,9.341032201091185e-05,0.30625,0.04999999329447746,0.02160179615020752,0.3,S2,0.0,600,3,0,e326b6aa3e41f2ede1894b62f3d2830e161c6f9fbd87c8433a84d05e046b574e,"[0.0, 0.10717919825506533]"
0.6141868310842252,22,False,1.2510416666666666,0.0,0,0.3125,0.0498114749789238,0.014578893780708313,0.03125,0.0,0.01973879709839821,0.004448924834529559,,,600,0.15961493718008377,0.43238715681712425,0.0314447395503521,1.8171260356903076,rl2500,32,0.890625,0.03999999910593033,0.006386341527104378,0.375,0.010000001639127731,0.00469397334381938,0.0006306141784245318,0.6015625,0.0498114749789238,0.010315353982150555,0.203125,S5,0.0,600,0,0,9ca73e66e756f54f755907f5dddb56dadd1b44cae85c27b9ca7437821f972ce3,"[0.0, 0.10717919825506533]"
0.589228484984312,27,False,1.853125,0.0,0,0.921875,0.04576214775443077,0.003865480190142989,0.90625,0.0,0.041145771741867065,0.0007304292866739176,,,600,0.13911362617660242,0.4471873599282833,0.03827773779630661,1.857189655303955,rl2500,32,0.921875,0.03999999910593033,0.00869132112711668,0.1875,0.010000001639127731,0.013589843176305294,0.00546678580675211,0.921875,0.04576214775443077,0.006298409309238195,0.546875,S5,0.0,600,1,0,9ca73e66e756f54f755907f5dddb56dadd1b44cae85c27b9ca7437821f972ce3,"[0.0, 0.10717919825506533]"
0.5649916247906198,31,False,1.065625,0.0,0,0.890625,0.05000000074505806,0.005773196462541819,0.6875,0.0,0.01232406310737133,0.0011137079092718306,,,600,0.12388243299832497,0.3459223199329983,0.023130718618631363,1.59519624710083,rl2500,32,0.859375,0.03999999910593033,0.012061262503266335,0.21875,0.010000001639127731,0.012481510639190674,0.00440311784404912,0.875,0.05000000074505806,0.008933030068874359,0.453125,S5,0.0,600,2,0,9ca73e66e756f54f755907f5dddb56dadd1b44cae85c27b9ca7437821f972ce3,"[0.0, 0.10717919825506533]"
0.6034019343229869,26,False,2.2260416666666667,0.0,0,0.890625,0.04102906957268715,0.00836049672216177,0.21875,7.450580596923828e-09,0.0059999264776706696,0.0026880411856007157,,,600,0.1774179037336932,0.4095535312640576,0.042556438595056534,2.210866689682007,rl2500,32,0.9375,0.040000006556510925,0.009677053429186344,0.234375,0.009999994188547134,0.006782964337617159,0.003197439544802082,0.9140625,0.04102906957268715,0.009035211056470871,0.2265625,S5,0.0,600,3,0,9ca73e66e756f54f755907f5dddb56dadd1b44cae85c27b9ca7437821f972ce3,"[0.0, 0.10717919825506533]"
0.650756773453358,7,False,1.2510416666666666,0.0,0,,0.0415201410651207,0.010289737023413181,,0.0,,,8,4.5625,1200,0.16409628452916777,0.44075544965139885,0.05324520170688629,2.618396520614624,rl2500,32,,0.03999999910593033,0.012216978706419468,,0.010000001639127731,,,,0.0415201410651207,0.011311186477541924,,F,1.0,1200,0,32,1e875a9aa9db3c25460a95b7b794173aad844bc922536e534c5412618d47c74e,"[0.8928208017449346, 1.0]"
0.650528001270379,29,False,1.853125,0.0,0,,0.04364791139960289,0.009593255817890167,,0.0,,,8,7.8125,1200,0.14258813254287528,0.4678342684734279,0.03427198901772499,1.6677937507629395,rl2500,32,,0.03999999910593033,0.012915557250380516,,0.010000001639127731,,,,0.04364791139960289,0.011422965675592422,,F,1.0,1200,1,32,1e875a9aa9db3c25460a95b7b794173aad844bc922536e534c5412618d47c74e,"[0.8928208017449346, 1.0]"
0.5920299479166666,32,False,1.065625,0.0,0,,0.04311555251479149,0.01076536439359188,,0.0,,,7,7.0,1200,0.10634765625,0.3351002604166667,0.018587280064821243,0.6827382445335388,rl2500,32,,0.03999999910593033,0.015063734725117683,,0.010000001639127731,,,,0.04311555251479149,0.013208943419158459,,F,1.0,1200,2,32,1e875a9aa9db3c25460a95b7b794173aad844bc922536e534c5412618d47c74e,"[0.8928208017449346, 1.0]"
0.6619660532159121,5,False,2.2260416666666667,0.0,0,,0.04366304352879524,0.011552483774721622,,7.450580596923828e-09,,,7,4.34375,1200,0.15372022129389185,0.4011949117458884,0.04258536547422409,2.7657718658447266,rl2500,32,,0.040000006556510925,0.01650352030992508,,0.009999994188547134,,,,0.04366304352879524,0.01422914769500494,,F,1.0,1200,3,32,1e875a9aa9db3c25460a95b7b794173aad844bc922536e534c5412618d47c74e,"[0.8928208017449346, 1.0]"
0.6892942708333333,32,False,1.55,0.0,0,0.76875,0.04507778584957123,0.015492857433855534,0.59375,0.0,0.003321303054690361,0.0005664935102686286,,,600,0.10302864583333333,0.3914244791666667,0.011171386577188969,0.6942532658576965,rl3000,32,0.79375,0.03999999910593033,0.012318809516727924,0.325,0.005203653126955032,0.00030547846108675003,8.693788549862802e-06,0.78125,0.04507778584957123,0.013905833475291729,0.459375,S2,0.0,600,0,0,091a64a92140f394def600fa952badad3226ce61d252f2d28190997709b6bd84,"[0.0, 0.10717919825506533]"
0.6776197916666666,32,False,2.5302083333333334,0.0,0,0.9375,0.05000000074505806,0.014664092101156712,0.85625,0.0,0.024414272978901863,0.000662257254589349,,,600,0.12402083333333333,0.41497135416666664,0.016439583152532578,1.3551729917526245,rl3000,32,0.80625,0.03999999910593033,0.013551806099712849,0.76875,0.005015302449464798,0.0037422538734972477,0.0006431468806113117,0.871875,0.05000000074505806,0.01410794910043478,0.8125,S2,0.0,600,1,0,091a64a92140f394def600fa952badad3226ce61d252f2d28190997709b6bd84,"[0.0, 0.10717919825506533]"
0.5772124600638978,31,False,3.0520833333333335,0.0,0,0.86875,0.04830567538738251,0.014512021094560623,0.85625,0.0,0.0030052848160266876,0.00022769439965486526,,,600,0.12096112886048989,0.3134052183173589,0.027540896087884903,1.6402838230133057,rl3000,32,0.76875,0.03999999910593033,0.017384450882673264,0.7,0.010000001639127731,0.004429880529642105,0.0003259164484170003,0.81875,0.04830567538738251,0.01595282554626465,0.778125,S2,0.0,600,2,0,091a64a92140f394def600fa952badad3226ce61d252f2d28190997709b6bd84,"[0.0, 0.10717919825506533]"
0.6644688138776863,29,False,2.078125,0.0,0,0.46875,0.04519713670015335,0.019633561372756958,0.3375,7.450580596923828e-09,0.01602950319647789,0.0010618686427672705,,,600,0.14303353405889177,0.3770012706480305,0.044710855931043625,2.096525192260742,rl3000,32,0.53125,0.040000006556510925,0.019236750900745392,0.50625,0.009999994188547134,0.0025961273349821568,6.159079261124134e-05,0.5,0.04519713670015335,0.019434047862887383,0.421875,S2,0.0,600,3,0,091a64a92140f394def600fa952badad3226ce61d252f2d28190997709b6bd84,"[0.0, 0.10717919825506533]"
0.5966640625,32,False,1.55,0.0,0,0.953125,0.04644775390625,0.007000053767114878,0.0625,0.0,0.011731712147593498,0.005150163226062432,,,600,0.11494010416666667,0.42575520833333336,0.01351744681596756,0.9590994715690613,rl3000,32,0.875,0.03999999538064003,0.0064087556675076485,0.484375,0.008508443832397461,0.004714305512607098,0.001043717515130993,0.9140625,0.04644775390625,0.006704404484480619,0.2734375,S5,0.0,600,0,0,db73615945f940a93d542b820b8da4e78dfbdd92a0ef9dad07e9d56cbb7f0228,"[0.0, 0.10717919825506533]"
0.5813235708251197,26,False,4.385416666666667,0.0,0,0.84375,0.05000000074505806,0.007264404557645321,0.390625,0.0,0.02055532857775688,0.003489792771768152,,,600,0.09961137707687975,0.40419600112644327,0.04256131872534752,1.8503923416137695,rl3000,32,0.859375,0.03999999910593033,0.006819724105298519,0.546875,0.010000001639127731,0.017016367986798286,0.0035921234792719286,0.8515625,0.05000000074505806,0.007036391645669937,0.46875,S5,0.0,600,1,0,db73615945f940a93d542b820b8da4e78dfbdd92a0ef9dad07e9d56cbb7f0228,"[0.0, 0.10717919825506533]"
0.5045314646881012,27,False,3.276041666666667,0.0,0,0.875,0.044694386422634125,0.005791287403553724,0.796875,0.0,0.03103998862206936,0.0013266437829045927,,,600,0.1162242374278648,0.3593899422918384,0.030645884573459625,2.224371910095215,rl3000,32,0.984375,0.03999999910593033,0.008319973945617676,0.65625,0.010000001639127731,0.01023621391505003,0.001996194265025147,0.9296875,0.044694386422634125,0.007090027444064617,0.7265625,S5,0.0,600,2,0,db73615945f940a93d542b820b8da4e78dfbdd92a0ef9dad07e9d56cbb7f0228,"[0.0, 0.10717919825506533]"
0.6027060112106178,9,False,2.088541666666667,0.0,0,0.25,0.04999999329447746,0.014604824595153332,0.0,7.450580596923828e-09,0.009454779326915741,0.005002060223643373,,,600,0.15056053089362798,0.3906868114167902,0.06132909655570984,2.373373508453369,rl3000,32,0.96875,0.040000006556510925,0.009607354179024696,0.625,0.009999994188547134,0.006053045392036438,0.002216301914304495,0.609375,0.04999999329447746,0.011614585295319557,0.3125,S5,0.0,600,3,0,db73615945f940a93d542b820b8da4e78dfbdd92a0ef9dad07e9d56cbb7f0228,"[0.0, 0.10717919825506533]"
0.6491419270833333,32,False,1.55,0.0,0,,0.04741194099187851,0.012558100745081902,,0.0,,,8,8.0,1200,0.09345833333333334,0.409859375,0.012655944563448429,0.6947658658027649,rl3000,32,,0.03999999910593033,0.01009528897702694,,0.007533011958003044,,,,0.04741194099187851,0.011318805627524853,,F,1.0,1200,0,32,8c4795cb9367b2152387aa20819f1b2d726d638b1434c1a59dc993b1da5ee63f,"[0.8928208017449346, 1.0]"
0.6613986798856257,29,False,3.0125,0.0,0,,0.04425550997257233,0.012425078079104424,,0.0,,,8,7.1875,1200,0.13366425269233853,0.45112370059592205,0.04278237372636795,1.6884567737579346,rl3000,32,,0.03999999910593033,0.012676226906478405,,0.010000001639127731,,,,0.04425550997257233,0.01255092490464449,,F,1.0,1200,1,32,8c4795cb9367b2152387aa20819f1b2d726d638b1434c1a59dc993b1da5ee63f,"[0.8928208017449346, 1.0]"
0.54504137676576,29,False,3.0635416666666666,0.0,0,,0.05000000074505806,0.013089126907289028,,0.0,,,8,7.21875,1200,0.12117857895846511,0.3516906493780308,0.0500992089509964,1.620293140411377,rl3000,32,,0.03999999910593033,0.01334064919501543,,0.010000001639127731,,,,0.05000000074505806,0.013218937441706657,,F,1.0,1200,2,32,8c4795cb9367b2152387aa20819f1b2d726d638b1434c1a59dc993b1da5ee63f,"[0.8928208017449346, 1.0]"
0.6108512542038197,15,False,2.088541666666667,0.0,0,,0.04999999329447746,0.014003442600369453,,7.450580596923828e-09,,,7,5.59375,1200,0.14319366881614268,0.42082626268859336,0.057034995406866074,2.419498920440674,rl3000,32,,0.040000006556510925,0.011354301124811172,,0.009999994188547134,,,,0.04999999329447746,0.012812714092433453,,F,1.0,1200,3,32,8c4795cb9367b2152387aa20819f1b2d726d638b1434c1a59dc993b1da5ee63f,"[0.8928208017449346, 1.0]"
0.017283854166666668,32,False,20.0,1.0,32,1.0,0.04048570990562439,0.005268268287181854,1.0,0.0,8.69855284690857e-06,6.104819476604461e-08,,,600,0.0468984375,0.0682578125,0.005477834492921829,0.17883408069610596,Ereplay6100,32,1.0,0.03999999910593033,0.008625754155218601,1.0,0.000788392499089241,8.467910811305046e-05,2.5729573098942638e-05,1.0,0.04048570990562439,0.006947011221200228,1.0,S2,1.0,600,0,32,bac8a0f65a81802509237f06034b4badeff69de3bb437fca32e0c97da1a34a29,"[0.8928208017449346, 1.0]"
0.029463541666666666,32,False,20.0,1.0,32,1.0,0.0412428043782711,0.006628277245908976,1.0,0.0,0.0,0.0,,,600,0.0490390625,0.09809375,0.006240530405193567,0.23961883783340454,Ereplay6100,32,1.0,0.03999999910593033,0.010754804126918316,1.0,0.0033320216462016106,0.002091272734105587,0.00024007009342312812,1.0,0.0412428043782711,0.00869154091924429,1.0,S2,1.0,600,1,32,bac8a0f65a81802509237f06034b4badeff69de3bb437fca32e0c97da1a34a29,"[0.8928208017449346, 1.0]"
0.00388220257748429,31,False,19.551041666666666,0.96875,31,0.975,0.0410110242664814,0.00637651514261961,0.975,0.0,0.001253366470336914,1.57048686956748e-05,,,600,0.045124613909894556,0.08600756204068591,0.03177439048886299,2.20699143409729,Ereplay6100,32,0.975,0.03999999910593033,0.011677059344947338,0.975,0.0018582381308078766,0.0008288146927952766,0.00013682652467814012,0.975,0.0410110242664814,0.00903497263789177,0.975,S2,0.96875,600,2,31,bac8a0f65a81802509237f06034b4badeff69de3bb437fca32e0c97da1a34a29,"[0.8425573617998795, 0.9944621398359966]"
0.18484895833333334,32,False,20.0,1.0,32,1.0,0.04196612536907196,0.004179695621132851,1.0,7.450580596923828e-09,0.0,0.0,,,600,0.1007890625,0.12665364583333333,0.006736019626259804,0.18232589960098267,Ereplay6100,32,0.9875,0.040000006556510925,0.011098104529082775,0.8625,0.0036655738949775696,0.006417897529900074,0.0010729632776929066,0.99375,0.04196612536907196,0.007638900075107813,0.93125,S2,0.75,600,3,24,bac8a0f65a81802509237f06034b4badeff69de3bb437fca32e0c97da1a34a29,"[0.5789344100575601, 0.8674759908149071]"
0.016098958333333333,32,False,20.0,1.0,32,1.0,0.039966288954019547,0.002040369203314185,1.0,0.0,0.0,0.0,,,600,0.050317708333333336,0.08592447916666666,0.005115516949445009,0.18108391761779785,Ereplay6100,32,1.0,0.03999999910593033,0.0030709090642631054,1.0,0.0005416534841060638,0.00032100453972816467,0.0001214259973494336,1.0,0.03999999910593033,0.002555639250203967,1.0,S5,1.0,600,0,32,fd3c20723ca87535353dd000c8d3711a7e7b9c55c97be71f5e56ca051e4f365a,"[0.8928208017449346, 1.0]"
0.02884375,32,False,20.0,1.0,32,1.0,0.04048922657966614,0.0024657726753503084,1.0,0.0,0.0,0.0,,,600,0.04920833333333333,0.10626041666666666,0.005909787956625223,0.22676551342010498,Ereplay6100,32,1.0,0.03999999910593033,0.003878246992826462,1.0,0.0010365834459662437,0.0008194195106625557,0.00039776518678991124,1.0,0.04048922657966614,0.0031720097176730633,1.0,S5,1.0,600,1,32,fd3c20723ca87535353dd000c8d3711a7e7b9c55c97be71f5e56ca051e4f365a,"[0.8928208017449346, 1.0]"
0.002447916666666667,32,False,20.0,1.0,32,1.0,0.04027363657951355,0.002505969488993287,1.0,0.0,0.00017319247126579285,2.7063069865107536e-06,,,600,0.044598958333333334,0.091546875,0.004860652144998312,0.17837218940258026,Ereplay6100,32,1.0,0.03999999910593033,0.0047194259241223335,1.0,0.0015708543360233307,0.0009856140241026878,0.00033375588100170717,1.0,0.04027363657951355,0.0036126975901424885,1.0,S5,1.0,600,2,32,fd3c20723ca87535353dd000c8d3711a7e7b9c55c97be71f5e56ca051e4f365a,"[0.8928208017449346, 1.0]"
0.19388020833333333,32,False,20.0,1.0,32,1.0,0.040548428893089294,0.001524964696727693,0.984375,7.450580596923828e-09,0.007003810256719589,0.00010943470988422632,,,600,0.10998958333333334,0.13575260416666668,0.008210471831262112,0.19579485058784485,Ereplay6100,32,1.0,0.040000006556510925,0.005242207087576389,0.34375,0.002823658287525177,0.010818930342793465,0.004711592664534692,1.0,0.040548428893089294,0.0033835857175290585,0.6640625,S5,0.1875,600,3,6,fd3c20723ca87535353dd000c8d3711a7e7b9c55c97be71f5e56ca051e4f365a,"[0.08889544689566137, 0.3530915520137545]"
0.01683203125,32,False,40.0,1.0,32,,0.04053691402077675,0.005637768190354109,,0.0,,,10,10.0,1200,0.046671875,0.06803515625,0.005651287734508514,0.20658063888549805,Ereplay6100,32,,0.03999999910593033,0.009078947827219963,,0.0010267915204167366,,,,0.04053691402077675,0.0074711814522743225,,F,1.0,1200,0,32,0dac459df22bc7cd459ca85ac284d79f5cf198aa66581779c824373b835d557a,"[0.8928208017449346, 1.0]"
0.026903645833333333,32,False,38.925,0.8125,26,,0.041844431310892105,0.007041474338620901,,0.0,,,10,9.125,1200,0.049828125,0.09974609375,0.006966541521251202,0.25934621691703796,Ereplay6100,32,,0.03999999910593033,0.010097174905240536,,0.0068519702181220055,,,,0.041844431310892105,0.008643806912004948,,F,1.0,1200,1,32,0dac459df22bc7cd459ca85ac284d79f5cf198aa66581779c824373b835d557a,"[0.8928208017449346, 1.0]"
0.0035955476069722127,27,False,38.65416666666667,0.8125,26,,0.041324544697999954,0.007055157795548439,,0.0,,,10,8.8125,1200,0.04668873288311134,0.0883805354616555,0.03386925533413887,2.249436378479004,Ereplay6100,32,,0.03999999910593033,0.010836519300937653,,0.0018214872106909752,,,,0.041324544697999954,0.009098402224481106,,F,1.0,1200,2,32,0dac459df22bc7cd459ca85ac284d79f5cf198aa66581779c824373b835d557a,"[0.8928208017449346, 1.0]"
0.18174149157725464,31,False,39.41458333333333,0.9375,30,,0.04260942339897156,0.0047305128537118435,,7.450580596923828e-09,,,10,9.53125,1200,0.09624469459309835,0.1246210423641684,0.05500478297472,1.58296537399292,Ereplay6100,32,,0.040000006556510925,0.011817287653684616,,0.00524518545717001,,,,0.04260942339897156,0.008682014420628548,,F,1.0,1200,3,32,0dac459df22bc7cd459ca85ac284d79f5cf198aa66581779c824373b835d557a,"[0.8928208017449346, 1.0]"
0.017635416666666667,32,False,20.0,1.0,32,1.0,0.04047770798206329,0.005267021711915731,1.0,0.0,8.568167686462402e-08,5.587935447692871e-10,,,600,0.047,0.0681171875,0.005493079777806997,0.17992883920669556,Eagg6100,32,1.0,0.03999999910593033,0.008670097216963768,1.0,0.0008378289639949799,8.443370461463928e-05,2.453311753924936e-05,1.0,0.04047770798206329,0.006968560162931681,1.0,S2,1.0,600,0,32,b6e5a22207b96148da1881b6e1afaf7762693f517d270fddb3362f228e21f6ad,"[0.8928208017449346, 1.0]"
0.031385416666666666,32,False,20.0,1.0,32,1.0,0.04096251726150513,0.006595208775252104,1.0,0.0,0.0,0.0,,,600,0.049044270833333334,0.09823958333333334,0.006150343455374241,0.24649697542190552,Eagg6100,32,1.0,0.03999999910593033,0.01071093138307333,1.0,0.0029871193692088127,0.001850571483373642,0.0002483560907421634,1.0,0.04096251726150513,0.008653069846332073,1.0,S2,1.0,600,1,32,b6e5a22207b96148da1881b6e1afaf7762693f517d270fddb3362f228e21f6ad,"[0.8928208017449346, 1.0]"
0.004375,32,False,20.0,1.0,32,1.0,0.040787383913993835,0.006332410033792257,1.0,0.0,0.0005501993000507355,3.4387456253170965e-06,,,600,0.046390625,0.08605729166666666,0.004958573263138533,0.18686062097549438,Eagg6100,32,1.0,0.03999999910593033,0.011760657653212547,1.0,0.0016580279916524887,0.0005737477913498878,0.00013732030929531903,1.0,0.040787383913993835,0.009046534076333046,1.0,S2,1.0,600,2,32,b6e5a22207b96148da1881b6e1afaf7762693f517d270fddb3362f228e21f6ad,"[0.8928208017449346, 1.0]"
0.1886015625,32,False,20.0,1.0,32,1.0,0.04228365421295166,0.003755215322598815,1.0,7.450580596923828e-09,3.725290298461914e-09,2.3283064365386964e-11,,,600,0.10226822916666667,0.12768489583333334,0.00552165973931551,0.18382525444030762,Eagg6100,32,0.95,0.040000006556510925,0.009596905671060085,0.94375,0.00438414141535759,0.015287380665540695,0.0012539536895928905,0.975,0.04228365421295166,0.006676061078906059,0.971875,S2,0.875,600,3,28,b6e5a22207b96148da1881b6e1afaf7762693f517d270fddb3362f228e21f6ad,"[0.7193169451835029, 0.950298656125198]"
0.017322916666666667,32,False,20.0,1.0,32,1.0,0.040182702243328094,0.002040385501459241,1.0,0.0,7.450580596923828e-09,1.1641532182693481e-10,,,600,0.050744791666666664,0.085859375,0.005116641521453857,0.18636231124401093,Eagg6100,32,1.0,0.03999999910593033,0.003065755357965827,1.0,0.0005652988329529762,0.0003319974057376385,0.0001318625218118541,1.0,0.040182702243328094,0.0025530706625431776,1.0,S5,1.0,600,0,32,4f87f5d8db5c31d1ee310fd978366fe575a4676ae38c4edd78a911929fe7c0c8,"[0.8928208017449346, 1.0]"
0.028708333333333332,32,False,20.0,1.0,32,1.0,0.0404418408870697,0.0024538268335163593,1.0,0.0,0.0,0.0,,,600,0.0492265625,0.1065625,0.00617316784337163,0.2349039912223816,Eagg6100,32,1.0,0.03999999910593033,0.0038693039678037167,1.0,0.0009319493547081947,0.0011291876435279846,0.0003998581232735887,1.0,0.0404418408870697,0.003161565400660038,1.0,S5,1.0,600,1,32,4f87f5d8db5c31d1ee310fd978366fe575a4676ae38c4edd78a911929fe7c0c8,"[0.8928208017449346, 1.0]"
0.0027916666666666667,32,False,20.0,1.0,32,1.0,0.03991391882300377,0.002492601051926613,1.0,0.0,1.4901161193847656e-08,3.4924596548080444e-10,,,600,0.04668489583333333,0.09147916666666667,0.004970052279531956,0.18963515758514404,Eagg6100,32,1.0,0.03999999910593033,0.004731534514576197,1.0,0.0009485231712460518,0.0008161771111190319,0.0003039567527594045,1.0,0.03999999910593033,0.0036120680160820484,1.0,S5,1.0,600,2,32,4f87f5d8db5c31d1ee310fd978366fe575a4676ae38c4edd78a911929fe7c0c8,"[0.8928208017449346, 1.0]"
0.19655729166666666,32,False,20.0,1.0,32,1.0,0.041176360100507736,0.0015426356112584472,1.0,7.450580596923828e-09,0.0011553429067134857,1.8052232917398214e-05,,,600,0.11087239583333333,0.137015625,0.005775449797511101,0.16165921092033386,Eagg6100,32,0.984375,0.040000006556510925,0.0033468150068074465,0.921875,0.0032411478459835052,0.003797657322138548,0.0013463215582305565,0.9921875,0.041176360100507736,0.0024447254836559296,0.9609375,S5,0.875,600,3,28,4f87f5d8db5c31d1ee310fd978366fe575a4676ae38c4edd78a911929fe7c0c8,"[0.7193169451835029, 0.950298656125198]"
0.016881510416666665,32,False,40.0,1.0,32,,0.04067549109458923,0.005627548322081566,,0.0,,,10,10.0,1200,0.04682421875,0.06815234375,0.005599395837634802,0.19436147809028625,Eagg6100,32,,0.03999999910593033,0.009117715992033482,,0.0010476205497980118,,,,0.04067549109458923,0.00748806307092309,,F,1.0,1200,0,32,e2dec2c82504a08c57b26c42b92898e005f4ef0a4d4b5d6b416daa97f395df0b,"[0.8928208017449346, 1.0]"
0.02872265625,32,False,38.590624999999996,0.84375,27,,0.04159240797162056,0.007020848337560892,,0.0,,,10,9.125,1200,0.0499453125,0.09958854166666667,0.0066514466889202595,0.2536989152431488,Eagg6100,32,,0.03999999910593033,0.010067373514175415,,0.005195376463234425,,,,0.04159240797162056,0.008618369698524475,,F,1.0,1200,1,32,e2dec2c82504a08c57b26c42b92898e005f4ef0a4d4b5d6b416daa97f395df0b,"[0.8928208017449346, 1.0]"
0.0038454422919364643,30,False,39.40625,0.9375,30,,0.04119924455881119,0.006954899989068508,,0.0,,,10,8.875,1200,0.04686814493749505,0.08681052937600761,0.03477536514401436,1.7949875593185425,Eagg6100,32,,0.03999999910593033,0.011022401042282581,,0.0019322354346513748,,,,0.04119924455881119,0.009155330248177052,,F,1.0,1200,2,32,e2dec2c82504a08c57b26c42b92898e005f4ef0a4d4b5d6b416daa97f395df0b,"[0.8928208017449346, 1.0]"
0.19276692708333334,32,False,40.0,1.0,32,,0.04333910346031189,0.004561028443276882,,7.450580596923828e-09,,,10,10.0,1200,0.09641927083333333,0.12097526041666666,0.006700352765619755,0.17681251466274261,Eagg6100,32,,0.040000006556510925,0.00965522788465023,,0.0062764352187514305,,,,0.04333910346031189,0.007360450457781553,,F,1.0,1200,3,32,e2dec2c82504a08c57b26c42b92898e005f4ef0a4d4b5d6b416daa97f395df0b,"[0.8928208017449346, 1.0]"
0.018005208333333335,32,False,20.0,1.0,32,1.0,0.04020608961582184,0.005231767892837524,1.0,0.0,4.6975910663604736e-05,2.935994416475296e-07,,,600,0.04694270833333333,0.06805989583333333,0.005530231166630983,0.18149572610855103,Ereplay6500,32,1.0,0.03999999910593033,0.00870408397167921,1.0,0.0006128652021288872,0.0001650964841246605,2.8282677521929146e-05,1.0,0.04020608961582184,0.0069679259322583675,1.0,S2,1.0,600,0,32,66b1107a2e0be36aff22f10a46d225674e4e968616217e61dd94d696eb5dc71b,"[0.8928208017449346, 1.0]"
0.030846354166666666,32,False,19.828125,0.96875,31,1.0,0.04097147285938263,0.0066369930282235146,1.0,0.0,0.0,0.0,,,600,0.04905989583333333,0.09846875,0.006235790438950062,0.25395187735557556,Ereplay6500,32,1.0,0.03999999910593033,0.01062070857733488,1.0,0.0027859481051564217,0.0016322946175932884,0.00023039831721689553,1.0,0.04097147285938263,0.008628851734101772,1.0,S2,0.96875,600,1,31,66b1107a2e0be36aff22f10a46d225674e4e968616217e61dd94d696eb5dc71b,"[0.8425573617998795, 0.9944621398359966]"
0.004216145833333333,32,False,20.0,1.0,32,1.0,0.04075997322797775,0.0063312905840575695,1.0,0.0,0.00018233433365821838,1.1473428457975388e-06,,,600,0.045721354166666665,0.08572135416666667,0.004970027133822441,0.18933169543743134,Ereplay6500,32,1.0,0.03999999910593033,0.011679243296384811,1.0,0.001470167189836502,0.0006071031093597412,0.00014640528243035079,1.0,0.04075997322797775,0.009005267173051834,1.0,S2,1.0,600,2,32,66b1107a2e0be36aff22f10a46d225674e4e968616217e61dd94d696eb5dc71b,"[0.8928208017449346, 1.0]"
0.2063546320719169,30,False,19.338541666666668,0.9375,30,0.9625,0.04182075336575508,0.003967310767620802,0.95,7.450580596923828e-09,0.00265377014875412,1.989029251135789e-05,,,600,0.1052726489745384,0.12494213274479195,0.05583178251981735,2.037781238555908,Ereplay6500,32,0.9375,0.040000006556510925,0.010735046118497849,0.9125,0.0024125128984451294,0.0218433178961277,0.0008325500278583458,0.95,0.04182075336575508,0.0073670255951583385,0.93125,S2,0.75,600,3,24,66b1107a2e0be36aff22f10a46d225674e4e968616217e61dd94d696eb5dc71b,"[0.5789344100575601, 0.8674759908149071]"
0.016661458333333334,32,False,20.0,1.0,32,1.0,0.0397866927087307,0.0020337048918008804,1.0,0.0,0.0,0.0,,,600,0.05036197916666667,0.0854375,0.005343501456081867,0.17917372286319733,Ereplay6500,32,1.0,0.03999999910593033,0.003112223232164979,1.0,0.000382336787879467,0.0003500147722661495,0.00011767572141252458,1.0,0.03999999910593033,0.002572963945567608,1.0,S5,1.0,600,0,32,fc49f0567953af76b2b6a81c06565c80bd4a0fdf26c3bfeb0a6f0758566c2130,"[0.8928208017449346, 1.0]"
0.031046875,32,False,20.0,1.0,32,1.0,0.040440525859594345,0.0024644413497298956,1.0,0.0,0.0,0.0,,,600,0.0492265625,0.10644270833333333,0.006137997377663851,0.23092781007289886,Ereplay6500,32,1.0,0.03999999910593033,0.0038643344305455685,1.0,0.0008639516308903694,0.0008232607506215572,0.0003724883863469586,1.0,0.040440525859594345,0.0031643882393836975,1.0,S5,1.0,600,1,32,fc49f0567953af76b2b6a81c06565c80bd4a0fdf26c3bfeb0a6f0758566c2130,"[0.8928208017449346, 1.0]"
0.0026223958333333333,32,False,20.0,1.0,32,1.0,0.03980712965130806,0.0024890094064176083,1.0,0.0,4.470348358154297e-08,7.566995918750763e-10,,,600,0.0451796875,0.09139583333333333,0.004967433866113424,0.18775685131549835,Ereplay6500,32,1.0,0.03999999910593033,0.004714257083833218,1.0,0.0007697092369198799,0.0006730956956744194,0.00029868258570786566,1.0,0.03999999910593033,0.0036016330122947693,1.0,S5,1.0,600,2,32,fc49f0567953af76b2b6a81c06565c80bd4a0fdf26c3bfeb0a6f0758566c2130,"[0.8928208017449346, 1.0]"
0.2249140625,32,False,20.0,1.0,32,1.0,0.041873157024383545,0.0015928044449537992,1.0,7.450580596923828e-09,0.0007950179278850555,1.2422155123203993e-05,,,600,0.11203645833333334,0.12688802083333334,0.006773407105356455,0.1646924912929535,Ereplay6500,32,1.0,0.040000006556510925,0.004040753468871117,0.859375,0.0027715619653463364,0.009254294447600842,0.0013770586483587977,1.0,0.041873157024383545,0.0028167790733277798,0.9296875,S5,0.75,600,3,24,fc49f0567953af76b2b6a81c06565c80bd4a0fdf26c3bfeb0a6f0758566c2130,"[0.5789344100575601, 0.8674759908149071]"
0.0172734375,32,False,40.0,1.0,32,,0.040787190198898315,0.0055906567722558975,,0.0,,,10,10.0,1200,0.046796875,0.0681640625,0.0057932669296860695,0.19256384670734406,Ereplay6500,32,,0.03999999910593033,0.0091678686439991,,0.0011323438957333565,,,,0.040787190198898315,0.00749822286888957,,F,1.0,1200,0,32,116598580d8ff3fa23a549b2c3693ee5021096600e3a1dd8c1e61c859c36b009,"[0.8928208017449346, 1.0]"
0.027591145833333334,32,False,38.571875,0.84375,27,,0.04193694144487381,0.007024331949651241,,0.0,,,10,9.125,1200,0.04993489583333333,0.0997421875,0.006682067643851042,0.2642460763454437,Ereplay6500,32,,0.03999999910593033,0.010048441588878632,,0.005800954066216946,,,,0.04193694144487381,0.00860836636275053,,F,1.0,1200,1,32,116598580d8ff3fa23a549b2c3693ee5021096600e3a1dd8c1e61c859c36b009,"[0.8928208017449346, 1.0]"
0.0038786461930821955,28,False,39.190625,0.875,28,,0.040968600660562515,0.006965212523937225,,0.0,,,10,8.84375,1200,0.046468041018011795,0.08665851973858987,0.040947940200567245,2.370584487915039,Ereplay6500,32,,0.03999999910593033,0.010941704735159874,,0.0016716178506612778,,,,0.040968600660562515,0.00911339744925499,,F,1.0,1200,2,32,116598580d8ff3fa23a549b2c3693ee5021096600e3a1dd8c1e61c859c36b009,"[0.8928208017449346, 1.0]"
0.21000929190238038,30,False,38.103125,0.9375,30,,0.04363178461790085,0.004661126993596554,,7.450580596923828e-09,,,10,9.34375,1200,0.10314284933453581,0.1231300046459512,0.047557175159454346,1.8075960874557495,Ereplay6500,32,,0.040000006556510925,0.011238242499530315,,0.00414113886654377,,,,0.04363178461790085,0.008316817693412304,,F,1.0,1200,3,32,116598580d8ff3fa23a549b2c3693ee5021096600e3a1dd8c1e61c859c36b009,"[0.8928208017449346, 1.0]"
0.018390625,32,False,20.0,1.0,32,1.0,0.04021850600838661,0.005264881066977978,1.0,0.0,0.00010605528950691223,7.481779903173447e-07,,,600,0.046966145833333334,0.06815104166666666,0.006138850934803486,0.18378140032291412,Eagg6500,32,1.0,0.03999999910593033,0.008650298230350018,1.0,0.0006170710548758507,0.00012179045006632805,2.7508981293067337e-05,1.0,0.04021850600838661,0.006957589648663998,1.0,S2,1.0,600,0,32,0a53fbdf9cc14a8e78b1ab9b0602abd6e7f0c30f1c2b942fa8dc9c62f24c4cf0,"[0.8928208017449346, 1.0]"
0.031174479166666668,32,False,20.0,1.0,32,1.0,0.04100149869918823,0.0066109467297792435,1.0,0.0,7.450580596923828e-09,4.656612873077393e-11,,,600,0.0490078125,0.09813541666666667,0.006129746325314045,0.24848993122577667,Eagg6500,32,1.0,0.03999999910593033,0.010628464631736279,1.0,0.003298107534646988,0.00214256439357996,0.00023363478539977222,1.0,0.04100149869918823,0.008619707077741623,1.0,S2,1.0,600,1,32,0a53fbdf9cc14a8e78b1ab9b0602abd6e7f0c30f1c2b942fa8dc9c62f24c4cf0,"[0.8928208017449346, 1.0]"
0.004606770833333333,32,False,20.0,1.0,32,1.0,0.04049298167228699,0.006324495654553175,1.0,0.0,3.3527612686157227e-08,3.2596290111541746e-10,,,600,0.045809895833333336,0.08549739583333334,0.005027118604630232,0.18823528289794922,Eagg6500,32,1.0,0.03999999910593033,0.011708425357937813,1.0,0.001256127841770649,0.000792178325355053,0.0001548372471006587,1.0,0.04049298167228699,0.009016461670398712,1.0,S2,1.0,600,2,32,0a53fbdf9cc14a8e78b1ab9b0602abd6e7f0c30f1c2b942fa8dc9c62f24c4cf0,"[0.8928208017449346, 1.0]"
0.2258671875,32,False,20.0,1.0,32,1.0,0.040919989347457886,0.0041544558480381966,1.0,7.450580596923828e-09,0.0,0.0,,,600,0.09899479166666666,0.12062239583333334,0.006203672848641872,0.16260085999965668,Eagg6500,32,0.98125,0.040000006556510925,0.009412456303834915,0.96875,0.002575973980128765,0.009170090779662132,0.0006996420706855133,0.990625,0.040919989347457886,0.006783456075936556,0.984375,S2,0.9375,600,3,30,0a53fbdf9cc14a8e78b1ab9b0602abd6e7f0c30f1c2b942fa8dc9c62f24c4cf0,"[0.7985287685584593, 0.9826894329683585]"
0.017643229166666666,32,False,20.0,1.0,32,1.0,0.04004354774951935,0.0020396276377141476,1.0,0.0,0.0,0.0,,,600,0.04999479166666667,0.08614583333333334,0.0052175140008330345,0.18095403909683228,Eagg6500,32,1.0,0.03999999910593033,0.003077492816373706,1.0,0.0004674149677157402,0.0003340332768857479,0.00011470626486698166,1.0,0.04004354774951935,0.0025585603434592485,1.0,S5,1.0,600,0,32,16676f49ca2e7d10956d18f1c6559fad96a23288f32c16beedf1e421481a7d42,"[0.8928208017449346, 1.0]"
0.027299479166666668,32,False,20.0,1.0,32,1.0,0.04041331633925438,0.0024601800832897425,1.0,0.0,0.0,0.0,,,600,0.049231770833333334,0.1066640625,0.006122647784650326,0.22590331733226776,Eagg6500,32,1.0,0.03999999910593033,0.0038413438014686108,1.0,0.0008655386045575142,0.0008647372014820576,0.00038036338810343295,1.0,0.04041331633925438,0.003150762291625142,1.0,S5,1.0,600,1,32,16676f49ca2e7d10956d18f1c6559fad96a23288f32c16beedf1e421481a7d42,"[0.8928208017449346, 1.0]"
0.0028255208333333335,32,False,20.0,1.0,32,1.0,0.03980313241481781,0.0024778605438768864,1.0,0.0,0.0,0.0,,,600,0.04738020833333333,0.0913984375,0.00501676183193922,0.18976663053035736,Eagg6500,32,1.0,0.03999999910593033,0.0047475844621658325,1.0,0.0009831758216023445,0.0007652309723198414,0.0003156148159177974,1.0,0.03999999910593033,0.0036127225030213594,1.0,S5,1.0,600,2,32,16676f49ca2e7d10956d18f1c6559fad96a23288f32c16beedf1e421481a7d42,"[0.8928208017449346, 1.0]"
0.248953125,32,False,20.0,1.0,32,1.0,0.04163357615470886,0.0016285944730043411,1.0,7.450580596923828e-09,0.0,0.0,,,600,0.11049739583333333,0.13155989583333333,0.007086420897394419,0.19082249701023102,Eagg6500,32,0.984375,0.040000006556510925,0.0036475607194006443,0.90625,0.0039017582312226295,0.004996713250875473,0.0011387307167751715,0.9921875,0.04163357615470886,0.002638077363371849,0.953125,S5,0.84375,600,3,27,16676f49ca2e7d10956d18f1c6559fad96a23288f32c16beedf1e421481a7d42,"[0.6824585040247012, 0.9313557971749414]"
0.017881510416666666,32,False,40.0,1.0,32,,0.04055524617433548,0.005629315972328186,,0.0,,,10,10.0,1200,0.04675,0.06824609375,0.006310370750725269,0.1963253915309906,Eagg6500,32,,0.03999999910593033,0.009040248580276966,,0.0009138230234384537,,,,0.04055524617433548,0.007447592448443174,,F,1.0,1200,0,32,157f530a7bfa2ec209da173bb2c996e56466f25d4c893f542f23d6015b3ad813,"[0.8928208017449346, 1.0]"
0.02821875,32,False,38.73854166666666,0.78125,25,,0.04231659695506096,0.007024499122053385,,0.0,,,10,9.21875,1200,0.0498671875,0.09973828125,0.006744318176060915,0.26226526498794556,Eagg6500,32,,0.03999999910593033,0.00996145699173212,,0.007998659275472164,,,,0.04231659695506096,0.008558676578104496,,F,1.0,1200,1,32,157f530a7bfa2ec209da173bb2c996e56466f25d4c893f542f23d6015b3ad813,"[0.8928208017449346, 1.0]"
0.004275375864555238,27,False,38.86770833333333,0.8125,26,,0.04086071997880936,0.006920879706740379,,0.0,,,10,8.75,1200,0.04563917002697145,0.08669452826661682,0.03351004794239998,2.234191417694092,Eagg6500,32,,0.03999999910593033,0.011039942502975464,,0.00160236656665802,,,,0.04086071997880936,0.009144141338765621,,F,1.0,1200,2,32,157f530a7bfa2ec209da173bb2c996e56466f25d4c893f542f23d6015b3ad813,"[0.8928208017449346, 1.0]"
0.220703125,32,False,40.0,1.0,32,,0.04122157767415047,0.0048677255399525166,,7.450580596923828e-09,,,10,9.46875,1200,0.09290494791666666,0.11445963541666666,0.007052459288388491,0.1737338900566101,Eagg6500,32,,0.040000006556510925,0.012301336973905563,,0.0037694601342082024,,,,0.04122157767415047,0.009127919562160969,,F,1.0,1200,3,32,157f530a7bfa2ec209da173bb2c996e56466f25d4c893f542f23d6015b3ad813,"[0.8928208017449346, 1.0]"
0.6349921875,32,False,3.954166666666667,0.0,0,0.11875,0.04259102791547775,0.01840818300843239,0.0625,0.0,0.0015503913164138794,9.127765661105513e-05,,,600,0.19377864583333335,0.4289322916666667,0.017275718972086906,0.8196483850479126,rl3500,32,0.725,0.03999495506286621,0.01430925726890564,0.69375,0.0025341715663671494,0.000821244902908802,7.671956263948232e-05,0.421875,0.04259102791547775,0.016358718276023865,0.378125,S2,0.0,600,0,0,7d52a0ddc9ab6f0e07b0b5c44a02964136c39a17a7823c06261909f1afd04e74,"[0.0, 0.10717919825506533]"
0.6212604166666666,32,False,0.9666666666666667,0.0,0,0.50625,0.0416061095893383,0.013181324116885662,0.50625,0.0,0.0014344733208417892,1.0826613288372754e-05,,,600,0.13534635416666665,0.40307291666666667,0.012714451178908348,0.4359937012195587,rl3500,32,0.925,0.03999999910593033,0.013557087630033493,0.5125,0.003407837823033333,0.00428579468280077,0.0012216543080285191,0.715625,0.0416061095893383,0.01336920540779829,0.509375,S2,0.0,600,1,0,7d52a0ddc9ab6f0e07b0b5c44a02964136c39a17a7823c06261909f1afd04e74,"[0.0, 0.10717919825506533]"
0.5707057291666666,32,False,2.2874999999999996,0.0,0,0.98125,0.0420047864317894,0.010787037201225758,0.575,0.0,0.005491085350513458,0.0014282877673394978,,,600,0.09786979166666666,0.3134401041666667,0.010303223505616188,0.4922785758972168,rl3500,32,0.9,0.03999999910593033,0.014539813622832298,0.7,0.00221366249024868,0.003519211895763874,0.0007868856395361945,0.940625,0.0420047864317894,0.01266342494636774,0.6375,S2,0.0,600,2,0,7d52a0ddc9ab6f0e07b0b5c44a02964136c39a17a7823c06261909f1afd04e74,"[0.0, 0.10717919825506533]"
0.6205793910755517,30,False,2.021875,0.0,0,0.49375,0.04999999329447746,0.017035044729709625,0.24375,7.450580596923828e-09,0.01764838956296444,0.0019683054733005438,,,600,0.19926166568222092,0.44190248617301187,0.03992301598191261,1.8404265642166138,rl3500,32,0.6375,0.040000006556510925,0.015270349569618702,0.29375,0.009999994188547134,0.0005810419097542763,5.137843770846244e-05,0.565625,0.04999999329447746,0.01614990085363388,0.26875,S2,0.0,600,3,0,7d52a0ddc9ab6f0e07b0b5c44a02964136c39a17a7823c06261909f1afd04e74,"[0.0, 0.10717919825506533]"
0.5540996068152031,30,False,2.6760416666666664,0.0,0,0.40625,0.05000000074505806,0.009639305993914604,0.1875,0.0,0.02582351304590702,0.0022964608224649583,,,600,0.1936775884665793,0.4618348623853211,0.035224080085754395,1.628892421722412,rl3500,32,0.875,0.03999999910593033,0.008238134905695915,0.015625,0.010000001639127731,0.014911283738911152,0.005711438443540828,0.640625,0.05000000074505806,0.008934129029512405,0.1015625,S5,0.0,600,0,0,dd337722a7f08eb08fe5566517cf790181d2a23a4aa7d5cd22018cb4f3e104cf,"[0.0, 0.10717919825506533]"
0.5582369791666667,32,False,0.9666666666666667,0.0,0,0.96875,0.05000000074505806,0.0069436184130609035,0.40625,0.0,0.04569808393716812,0.0037236213975120336,,,600,0.1339375,0.424234375,0.020064275711774826,1.28977632522583,rl3500,32,0.953125,0.03999999910593033,0.006672971416264772,0.3125,0.010000001639127731,0.013466981239616871,0.005931948064244352,0.9609375,0.05000000074505806,0.006808294449001551,0.359375,S5,0.0,600,1,0,dd337722a7f08eb08fe5566517cf790181d2a23a4aa7d5cd22018cb4f3e104cf,"[0.0, 0.10717919825506533]"
0.5367315789473684,31,False,3.3125,0.0,0,0.9375,0.05000000074505806,0.007005301304161549,0.640625,0.0,0.04267323762178421,0.0026003854600564827,,,600,0.0895578947368421,0.36274736842105265,0.04075173661112785,1.5963451862335205,rl3500,32,0.828125,0.03999999910593033,0.008536353707313538,0.109375,0.010000001639127731,0.03677172586321831,0.005390228167737997,0.8828125,0.05000000074505806,0.00777485640719533,0.375,S5,0.0,600,2,0,dd337722a7f08eb08fe5566517cf790181d2a23a4aa7d5cd22018cb4f3e104cf,"[0.0, 0.10717919825506533]"
0.6220094901787685,25,False,1.8447916666666666,0.0,0,0.609375,0.04999999329447746,0.014335202984511852,0.265625,7.450580596923828e-09,0.05000000074505806,0.006277647490302722,,,600,0.20166629883028028,0.455354778194659,0.045745979994535446,1.6936554908752441,rl3500,32,0.6875,0.040000006556510925,0.013241097331047058,0.046875,0.009999994188547134,0.007107891142368317,0.002539178593305208,0.6484375,0.04999999329447746,0.013769798912107944,0.15625,S5,0.0,600,3,0,dd337722a7f08eb08fe5566517cf790181d2a23a4aa7d5cd22018cb4f3e104cf,"[0.0, 0.10717919825506533]"
0.6152395833333333,32,False,2.661458333333333,0.0,0,,0.04343336075544357,0.01286647655069828,,0.0,,,8,7.0,1200,0.22162630208333334,0.46188411458333334,0.018364740535616875,0.9297616481781006,rl3500,32,,0.03999999910593033,0.011330988258123398,,0.005099441856145859,,,,0.04343336075544357,0.012096773833036423,,F,1.0,1200,0,32,032be3ee3ae186320552053491b57528c853153fa85a3d04bb79a7fc09b676e3,"[0.8928208017449346, 1.0]"
0.58939453125,32,False,0.9666666666666667,0.0,0,,0.040281251072883606,0.011761859990656376,,0.0,,,8,8.0,1200,0.14109635416666666,0.4177708333333333,0.012714451178908348,0.450553834438324,rl3500,32,,0.03999999910593033,0.01110038347542286,,0.0033564744517207146,,,,0.040281251072883606,0.011424609459936619,,F,1.0,1200,1,32,032be3ee3ae186320552053491b57528c853153fa85a3d04bb79a7fc09b676e3,"[0.8928208017449346, 1.0]"
0.5520705239371486,31,False,2.515625,0.0,0,,0.043644979596138,0.009678668342530727,,0.0,,,9,8.0625,1200,0.08220347890062536,0.3099795049661044,0.02161390520632267,1.5744203329086304,rl3500,32,,0.03999999910593033,0.011493274942040443,,0.010000001639127731,,,,0.043644979596138,0.010651531629264355,,F,1.0,1200,2,32,032be3ee3ae186320552053491b57528c853153fa85a3d04bb79a7fc09b676e3,"[0.8928208017449346, 1.0]"
0.5992075012750598,6,False,1.8447916666666666,0.0,0,,0.04999999329447746,0.015833482146263123,,7.450580596923828e-09,,,7,2.78125,1200,0.2071697595040998,0.4883969555494527,0.048402391374111176,2.0342893600463867,rl3500,32,,0.040000006556510925,0.01445765607059002,,0.009999994188547134,,,,0.04999999329447746,0.01532755233347416,,F,1.0,1200,3,32,032be3ee3ae186320552053491b57528c853153fa85a3d04bb79a7fc09b676e3,"[0.8928208017449346, 1.0]"
0.6098125,32,False,0.7677083333333334,0.0,0,0.3,0.04099218174815178,0.013182342983782291,0.3,0.0,9.262189269065857e-05,1.7761951312422752e-06,,,600,0.19136458333333334,0.42237760416666664,0.01470983773469925,0.2846406102180481,rl4000,32,0.70625,0.03999999910593033,0.013684740290045738,0.70625,0.0010979138314723969,0.0006388234905898571,8.06426745839417e-05,0.503125,0.04099218174815178,0.013433540239930153,0.503125,S2,0.0,600,0,0,72a17bcf1a36d72377cf6122cef6c334babde0b947f048bc702b43b8327fbc3e,"[0.0, 0.10717919825506533]"
0.6803549060542797,31,False,0.984375,0.0,0,0.99375,0.04487005993723869,0.010311235673725605,0.9875,0.0,0.0010694414377212524,3.369628164753224e-05,,,600,0.10926409185803758,0.3593241127348643,0.0163058303296566,1.6914511919021606,rl4000,32,0.725,0.03999999910593033,0.014359984546899796,0.425,0.010000001639127731,0.016191864386200905,0.0018244762817630545,0.859375,0.04487005993723869,0.012339835055172443,0.70625,S2,0.0,600,1,0,72a17bcf1a36d72377cf6122cef6c334babde0b947f048bc702b43b8327fbc3e,"[0.0, 0.10717919825506533]"
0.59575,32,False,0.8729166666666667,0.0,0,0.95625,0.05000000074505806,0.011353867128491402,0.95,0.0,0.0012488886713981628,0.00010518168564885855,,,600,0.11572395833333333,0.395421875,0.022226285189390182,0.8303529024124146,rl4000,32,0.025,0.03999999910593033,0.016421739012002945,0.025,0.010000001639127731,0.003375973552465439,0.00015643900101167674,0.490625,0.05000000074505806,0.013887803070247173,0.4875,S2,0.0,600,2,0,72a17bcf1a36d72377cf6122cef6c334babde0b947f048bc702b43b8327fbc3e,"[0.0, 0.10717919825506533]"
0.719271948608137,31,False,2.685416666666667,0.0,0,0.39375,0.04999999329447746,0.01415792666375637,0.275,7.450580596923828e-09,0.002928607165813446,0.0003457884875036055,,,600,0.27146680942184154,0.5063704496788008,0.04291987791657448,1.8098058700561523,rl4000,32,0.36875,0.040000006556510925,0.01872331276535988,0.30625,0.001549062319099903,0.004741187207400799,0.0009714894710132518,0.38125,0.04999999329447746,0.01644550822675228,0.290625,S2,0.0,600,3,0,72a17bcf1a36d72377cf6122cef6c334babde0b947f048bc702b43b8327fbc3e,"[0.0, 0.10717919825506533]"
0.5166640625,32,False,0.7677083333333334,0.0,0,1.0,0.0400124229490757,0.00546870706602931,0.953125,0.0,0.002629026770591736,0.0002834168844856322,,,600,0.19508072916666666,0.4217473958333333,0.018447330221533775,0.786699652671814,rl4000,32,0.578125,0.03999999910593033,0.008077275939285755,0.53125,0.0011650444939732552,0.0033942963927984238,0.0006803542310080957,0.7890625,0.0400124229490757,0.006772990804165602,0.7421875,S5,0.0,600,0,0,c54735b9574773f04d9061796f4a54763152740d627b128f149aabf93e57dc6b,"[0.0, 0.10717919825506533]"
0.5592057291666667,32,False,0.984375,0.0,0,1.0,0.04409215599298477,0.006220764946192503,0.1875,0.0,0.009454743936657906,0.002669816865818575,,,600,0.16020052083333333,0.41751822916666664,0.014009682461619377,1.1896229982376099,rl4000,32,1.0,0.03999999910593033,0.006898096296936274,0.71875,0.010000001639127731,0.01015608198940754,0.002628885798912961,1.0,0.04409215599298477,0.006559430621564388,0.453125,S5,0.0,600,1,0,c54735b9574773f04d9061796f4a54763152740d627b128f149aabf93e57dc6b,"[0.0, 0.10717919825506533]"
0.5337942708333333,32,False,0.8729166666666667,0.0,0,0.6875,0.042793937027454376,0.005859456956386566,0.28125,0.0,0.003603050485253334,0.0016658584354445338,,,600,0.1268203125,0.42108854166666665,0.017709923908114433,0.46282365918159485,rl4000,32,0.734375,0.03999999910593033,0.007399186957627535,0.203125,0.010000001639127731,0.011329423636198044,0.002358902587729972,0.7109375,0.042793937027454376,0.006629322189837694,0.2421875,S5,0.0,600,2,0,c54735b9574773f04d9061796f4a54763152740d627b128f149aabf93e57dc6b,"[0.0, 0.10717919825506533]"
0.6554361197352235,15,False,2.76875,0.0,0,0.734375,0.04999999329447746,0.008810576051473618,0.703125,7.450580596923828e-09,0.0027474891394376755,0.00023427216903023097,,,600,0.2512799484505887,0.5476275555034854,0.06150702014565468,1.8293018341064453,rl4000,32,0.578125,0.040000006556510925,0.01019212044775486,0.078125,0.009999994188547134,0.006903620436787605,0.003132682312430153,0.65625,0.04999999329447746,0.009573173709213734,0.390625,S5,0.0,600,3,0,c54735b9574773f04d9061796f4a54763152740d627b128f149aabf93e57dc6b,"[0.0, 0.10717919825506533]"
0.5584467343139569,31,False,0.7677083333333334,0.0,0,,0.05000000074505806,0.01238478533923626,,0.0,,,8,7.6875,1200,0.16989171189595953,0.3980741498203938,0.05000077188014984,1.3435355424880981,rl4000,32,,0.03999999910593033,0.012100597843527794,,0.0014499109238386154,,,,0.05000000074505806,0.012238746508955956,,F,0.96875,1200,0,31,b713c4927f4b980452bc08ff2ce726a417df2229ab764513528a6b5d6d7f1cae,"[0.8425573617998795, 0.9944621398359966]"
0.6278971354166667,32,False,0.984375,0.0,0,,0.04488503932952881,0.009220805019140244,,0.0,,,8,7.8125,1200,0.12514322916666668,0.3720690104166667,0.027337754145264626,1.4745266437530518,rl4000,32,,0.03999999910593033,0.01401555072516203,,0.010000001639127731,,,,0.04488503932952881,0.011926963925361633,,F,1.0,1200,1,32,b713c4927f4b980452bc08ff2ce726a417df2229ab764513528a6b5d6d7f1cae,"[0.8928208017449346, 1.0]"
0.5833567708333334,32,False,0.8729166666666667,0.0,0,,0.03989820182323456,0.010535288602113724,,0.0,,,8,7.9375,1200,0.12761979166666668,0.41316536458333336,0.012421120889484882,0.4822379946708679,rl4000,32,,0.03999999910593033,0.013359667733311653,,0.009567994624376297,,,,0.03999999910593033,0.012015880085527897,,F,1.0,1200,2,32,b713c4927f4b980452bc08ff2ce726a417df2229ab764513528a6b5d6d7f1cae,"[0.8928208017449346, 1.0]"
0.7034388412017167,30,False,2.76875,0.0,0,,0.04654258117079735,0.011122227646410465,,7.450580596923828e-09,,,8,6.9375,1200,0.29835300429184547,0.5642797746781116,0.04175477474927902,1.889272689819336,rl4000,32,,0.040000006556510925,0.015397468581795692,,0.009999994188547134,,,,0.04654258117079735,0.013456294313073158,,F,1.0,1200,3,32,b713c4927f4b980452bc08ff2ce726a417df2229ab764513528a6b5d6d7f1cae,"[0.8928208017449346, 1.0]"
