v -0.03571459651 0.0004979633959 -0.04130452871
v -0.03571446612 -0.0005020366516 -0.04127147794
v -0.03571401536 -2.097245897e-06 0.04120647162
v -0.03571331501 0.0004979633959 -0.04133833572
v -0.03571213409 -2.097335255e-06 0.04138604179
v -0.03570678458 0.0004979633959 -0.04137055576
v -0.03570308164 -0.0005020366516 -0.04136746749
v -0.0356872268 -0.0005020366516 -0.04150109738
v -0.03567495197 -0.0005020366516 -0.04154296592
v -0.03566748276 -2.097297283e-06 0.04157080874
v -0.03566717729 0.0004979633959 -0.04156595096
v -0.03564751148 0.0004979633959 -0.04161622375
v -0.03563557193 0.00228309026 0.04116753489
v -0.03563530371 -0.00229179603 0.04116752744
v -0.03558196127 -2.097106062e-06 0.04174250737
v -0.03557965904 -0.003101898823 -0.04136840627
v -0.03557936475 0.003097871086 -0.04137134925
v -0.03557660431 -0.0005020366516 -0.04173727334
v -0.03557185456 0.0004979633959 -0.04173467308
v -0.03556939587 -0.003212149953 0.0412064679
v -0.03556939587 0.003208022099 0.0412064679
v -0.03556752577 -0.003211981151 0.04138604179
v -0.03556752577 0.003207853297 0.04138604179
v -0.03555096686 -0.0005020366516 -0.04178791866
v -0.03553782776 -0.003098253859 -0.04156076163
v -0.03553715348 0.003094192827 -0.04156268016
v -0.03552305326 -0.003207967151 0.04157080874
v -0.03552305326 0.003203839296 0.04157080874
v -0.03546903282 -2.096736125e-06 0.04189713672
v -0.03546903282 -2.03661034e-06 0.04189713672
v -0.03546551242 -0.0005020365934 -0.04190115631
v -0.03546551242 0.0004979633959 -0.04190115631
v -0.03545157611 -0.003090738552 -0.04174020886
v -0.03545103222 0.003086688695 -0.04174107313
v -0.03543787822 -0.003200279549 0.04174250737
v -0.03543787822 0.003196151694 0.04174250737
v -0.03542134538 0.004519185051 0.04116753489
v -0.0354099758 -0.004611892626 0.04116752744
v -0.03539686278 0.002258633729 0.04189713672
v -0.03539597243 -0.002277298598 0.04189714044
v -0.03538202867 0.002303938847 -0.04190116003
v -0.03536142036 -0.002762241755 -0.04190115631
v -0.03536040336 0.002771688625 -0.04190116003
v -0.03518068418 0.004511137959 0.04189713672
v -0.03517155349 -0.004585895687 0.04189714044
v -0.03515638039 -0.006290828809 -0.04136840627
v -0.03515607119 0.006286856253 -0.04137134925
v -0.03513687477 -0.00639619492 0.0412064679
v -0.03513686359 0.006392151117 0.0412064679
v -0.0351350233 -0.006395858247 0.04138604179
v -0.03513501585 0.006391814444 0.04138604179
v -0.03511504456 -0.006283434108 -0.04156075791
v -0.03511436284 0.006279394496 -0.04156268016
v -0.03511339799 -0.005011973903 -0.04190115631
v -0.03510365263 0.005075680092 -0.04190116376
v -0.03509207442 -0.005071448162 0.04189714417
v -0.03509120271 0.005067269783 0.04189713672
v -0.03509108722 -0.006387862377 0.04157080874
v -0.0350910835 0.00638381904 0.04157080874
v -0.03506233916 0.006761262193 0.04116753861
v -0.0350330621 -0.006915776525 0.04116752371
v -0.0350298211 -0.006268187426 -0.04174020886
v -0.03502926603 0.006264170632 -0.04174107313
v -0.03500695154 -0.006372550037 0.04174250364
v -0.03500694409 0.006368505768 0.04174250364
v -0.03487102687 -2.03661034e-06 0.0426421091
v -0.03484106064 -0.0005020366516 -0.04267843813
v -0.03484105691 0.0004979633959 -0.04267844185
v -0.03482108563 0.00674605323 0.04189712927
v -0.03479769081 -0.006869906094 0.04189714417
v -0.03472230211 -0.007241152693 -0.04190115631
v -0.03469797224 0.007353024092 -0.04190116748
v -0.03458736837 0.007802186068 -0.04190116748
v -0.03458564356 -0.00780589506 -0.04190115631
v -0.0345816873 0.007800163701 0.04189712927
v -0.03456154093 0.008975992911 0.04116754234
v -0.03450538963 -0.00919391308 0.04116752371
v -0.03444784507 -0.009428829886 -0.04136840627
v -0.03444753215 0.009424813092 -0.04137134925
v -0.03441989794 -0.00952857919 0.0412064679
v -0.03441989422 0.009524518624 0.0412064679
v -0.03441808373 -0.009528076276 0.04138603806
v -0.03441808 0.009524016641 0.04138604179
v -0.03440733999 -0.009417744353 -0.04156075791
v -0.03440665826 0.009413626045 -0.04156267643
v -0.03437504917 -0.00951616466 0.04157080501
v -0.03437504545 0.009512104094 0.04157080501
v -0.03432383016 -0.009394889697 -0.04174020514
v -0.03432327881 0.009390805848 -0.04174106941
v -0.03432014957 0.008951736614 0.04189712927
v -0.03429262713 -0.00949334912 0.04174250364
v -0.0342926234 0.009489289485 0.04174250364
v -0.03427708149 -0.009119292721 0.04189714789
v -0.03420415521 0.009358393028 -0.04190117121
v -0.0342037566 -0.0005020366516 -0.04344497994
v -0.0342037566 -0.0002520530543 -0.04344822094
v -0.0342037566 -2.038391813e-06 -0.04344930127
v -0.0342037566 0.0002479718532 -0.04344822094
v -0.0342037566 0.0004979633959 -0.04344497994
v -0.03419019282 -0.009440082125 -0.04190115631
v -0.03417437524 -0.009460388683 0.04189714789
v -0.03417145088 0.009455521591 0.04189712927
v -0.03414619714 0.009593755938 -0.04190117121
v -0.03392098472 0.01115441415 0.04116754234
v -0.03386707604 0.01048671082 0.04189712927
v -0.03382828832 -0.01143685542 0.04116751999
v -0.03367890045 0.01112422626 0.04189712927
v -0.03361294791 -0.01132491138 0.04189715162
v -0.03351813555 -0.01160367206 -0.04190115631
v -0.03345998749 -0.01249046996 -0.04136840254
v -0.03345971182 0.01248633023 -0.04137134552
v -0.03345165402 0.01178879011 -0.04190117493
v -0.03342445567 0.01257979684 0.0412064679
v -0.03342442214 -0.01258394588 0.0412064679
v -0.03342269361 0.01257913373 0.04138603806
v -0.03342266008 -0.01258328184 0.04138603806
v -0.0334206447 -0.01247578394 -0.04156075791
v -0.0334200114 0.01247151289 -0.04156267643
v -0.03338089958 0.01256339997 0.04157080501
v -0.03338086605 -0.01256754808 0.04157080501
v -0.03333953395 -0.01244550571 -0.04174020514
v -0.03333901986 0.0124412803 -0.04174106941
v -0.03330085799 0.01253326796 0.04174250364
v -0.03330082446 -0.01253741607 0.04174250364
v -0.03321562335 0.01239498705 -0.04190117493
v -0.03321416304 -0.01239856333 -0.04190115631
v -0.03314325958 0.01328771375 0.04116754606
v -0.03309622407 -0.002156301402 0.04463902116
v -0.03309622407 0.002152228262 0.04463902116
v -0.03309616074 -0.002157234121 -0.0446430482
v -0.03309616074 0.002153157257 -0.0446430482
v -0.03300359473 -0.01363528799 0.04116751626
v -0.03293818608 0.01310752705 -0.04190117493
v -0.03290032595 0.01324995235 0.04189712927
v -0.03282568231 -0.004742644727 0.04463902116
v -0.03282568231 0.004738571588 0.04463902116
v -0.03282555193 -0.004743539728 -0.0446430482
v -0.03282555193 0.004739463329 -0.0446430482
v -0.03280903399 -0.01347789727 0.04189715162
v -0.03271047771 -0.01371569 -0.04190115631
v -0.03261820599 0.01392932143 -0.04190117493
v -0.03235331923 -0.007299838122 0.04463902116
v -0.03235331923 0.007295764983 0.04463902116
v -0.03235312924 -0.007300691213 -0.0446430482
v -0.03235312924 0.007296614349 -0.0446430482
v -0.03223150969 0.01536726672 0.04116754606
v -0.03220000491 -0.01545036025 -0.04136840254
v -0.03219972178 0.01544621028 -0.04137134552
v -0.03216925263 -2.333790007e-06 -0.04573170841
v -0.03216214478 -0.01543219294 -0.04156075418
v -0.03216151521 0.01542787813 -0.04156267643
v -0.03215774894 0.01553291548 0.0412064679
v -0.03215773031 -0.01553704031 0.0412064679
v -0.03215605393 0.01553209592 0.04138603806
v -0.0321560353 -0.01553622074 0.04138603806
v -0.03211584315 0.01551266946 0.04157080501
v -0.03211582452 -0.01551679336 0.04157080129
v -0.03208408505 -0.01539473794 -0.04174020514
v -0.03208357468 0.01539048087 -0.04174106941
v -0.03203883767 0.01547546498 0.04174250364
v -0.03203881532 -0.01547958795 0.04174249992
v -0.03203357756 -0.01578006335 0.04116751626
v -0.03199014068 0.01531619672 0.04189712927
v -0.03196405247 0.01533333678 -0.04190117866
v -0.03193388879 0.01542464364 0.04189712927
v -0.03186962008 -0.0155696813 0.04189715534
v -0.03182324767 -0.01565731689 0.04189715534
v -0.03181697801 0.01565002091 0.04189712927
v -0.03177051619 -0.01577064395 -0.04190115631
v -0.03170395643 -2.03661034e-06 0.04621738568
v -0.03168204054 -0.009812157601 0.04463902116
v -0.03168204054 0.009808083996 0.04463902116
v -0.03168179095 -0.009812964126 -0.0446430482
v -0.03168179095 0.009808886796 -0.0446430482
v -0.03165025264 0.01600684784 -0.04190117866
v -0.03118942119 0.0173846595 0.04116754606
v -0.030947363 0.01732642576 0.04189712927
v -0.03092089295 -0.01786224917 0.04116751254
v -0.03081597202 -0.01226415392 0.04463902116
v -0.03081597202 0.01226008125 0.04463902116
v -0.03081567399 0.01226083469 -0.0446430482
v -0.03081567213 -0.01226491015 -0.0446430482
v -0.03079948574 -0.01759202406 0.04189715907
v -0.03069911338 -0.01776670478 -0.04190115631
v -0.03068000637 -2.03661034e-06 0.04719481245
v -0.03067936189 -0.01828519069 -0.04136840254
v -0.03067905456 0.01828107424 -0.04137134552
v -0.03064544685 -0.001996006351 0.04722649977
v -0.03064544685 0.001991933212 0.04722649977
v -0.03064538911 -0.00199686992 -0.0472305268
v -0.03064538911 0.001992793754 -0.0472305268
v -0.03064328805 -0.01826369017 -0.04156075418
v -0.03064265288 0.01825937815 -0.0415626727
v -0.03063131496 -0.01836466603 0.04120646417
v -0.03063130938 0.0183606036 0.0412064679
v -0.03062969819 -0.01836369745 0.04138603434
v -0.03062969074 0.01835963503 0.04138603806
v -0.03059139661 -0.0183407329 0.04157080129
v -0.03059139103 0.01833667047 0.04157080501
v -0.03056891263 -0.01821936108 -0.04174020141
v -0.03056839108 0.01821511611 -0.04174106941
v -0.03055266477 0.0180132091 -0.04190118238
v -0.03051804565 -0.01829675585 0.04174249992
v -0.03051804006 0.01829269342 0.04174249992
v -0.03049223498 -0.01809933968 -0.04190115631
v -0.0304641556 0.0181528274 -0.04190118238
v -0.03039499931 -0.004390811548 0.04722649977
v -0.03039499931 0.004386737943 0.04722649977
v -0.03039488196 0.004387564026 -0.0472305268
v -0.0303948801 -0.004391640425 -0.0472305268
v -0.0300215967 -2.03661034e-06 -0.04790202528
v -0.03002121113 0.01933173835 0.04116754979
v -0.02995817736 -0.001952070277 -0.04790203646
v -0.02995817736 0.001947994111 -0.04790203646
v -0.02995768003 -0.006758630276 0.04722649977
v -0.02995768003 0.006754556671 0.04722649977
v -0.02995750122 -0.006759419572 -0.0472305268
v -0.02995750122 0.006755343638 -0.0472305268
v -0.02977754176 0.01926805079 0.04189712927
v -0.02976044081 -0.01464075129 0.04463902116
v -0.02976044081 0.01463667862 0.04463902116
v -0.02976009436 0.01463737898 -0.0446430482
v -0.0297600925 -0.01464145444 -0.0446430482
v -0.02971328981 -0.004293132573 -0.04790203646
v -0.02971328981 0.004289056174 -0.04790203646
v -0.02966847643 -0.01987316087 0.04116751254
v -0.02960389107 -0.01953704469 0.0418971628
v -0.02950204164 -0.01969144307 -0.04190115258
v -0.02933617122 -0.009084902704 0.04722649977
v -0.02933617122 0.009080829099 0.04722649977
v -0.02933594026 -0.009085648693 -0.0472305268
v -0.02933594026 0.009081573226 -0.0472305268
v -0.02933080867 0.0199405998 -0.04190118611
v -0.02928622812 2.067572041e-06 -0.04859544337
v -0.02928572521 -0.006607809104 -0.04790203646
v -0.02928572521 0.006603732705 -0.04790203646
v -0.0292808488 0.0005690524122 -0.04859543592
v -0.02923500352 0.001418354106 -0.04859542474
v -0.02921424992 -0.002062820829 -0.04859540984
v -0.02920111082 -0.002187229227 -0.04859540984
v -0.02917001396 0.002622350585 -0.04859540239
v -0.0291287899 0.00295215426 -0.04859539866
v -0.02899863385 -0.004104075488 -0.04859538004
v -0.02897426113 -0.02042748779 0.0418971628
v -0.02895443328 -0.004352767486 -0.04859538004
v -0.02893854119 0.004474174697 -0.04859538004
v -0.02891588211 0.004655439872 -0.04859537631
v -0.02890996821 -0.02097190917 -0.04136839882
v -0.02890968695 0.0209677536 -0.04137134552
v -0.02889977954 0.004736925475 -0.04859537631
v -0.02887597494 -0.02094724774 -0.04156075045
v -0.02887538262 0.0209428668 -0.0415626727
v -0.02885706164 0.02103977278 0.04120646417
v -0.02885705046 -0.02104384452 0.04120646417
v -0.028855538 0.02103865892 0.04138603806
v -0.02885552682 -0.02104273252 0.04138603434
v -0.02881945483 0.02101234533 0.04157080129
v -0.0288194418 -0.02101641893 0.04157080129
v -0.02880588919 -0.02089640498 -0.04174020141
v -0.02880540676 0.02089210041 -0.04174106568
v -0.02875035442 0.0209619496 0.04174249992
v -0.02875033952 -0.02096602321 0.04174249992
v -0.02873160318 0.02120062336 0.04116754979
v -0.02867811173 0.008877791464 -0.04790203646
v -0.02867810987 -0.008881867863 -0.04790203646
v -0.02864670753 -0.02089072391 0.0418971628
v -0.02864051796 -0.006118969992 -0.04859535396
v -0.02853429876 -0.01135532465 0.04722649977
v -0.02853429876 0.01135125104 0.04722649977
v -0.02853402309 0.0113519486 -0.0472305268
v -0.02853402123 -0.01135602407 -0.0472305268
v -0.02852193452 -0.01692733541 0.04463902116
v -0.02852193452 0.01692326181 0.04463902116
v -0.02852155082 0.01692390628 -0.0446430482
v -0.02852154896 -0.01692798361 -0.0446430482
v -0.02851738222 0.006672004238 -0.04859535024
v -0.02848732099 0.02112892829 0.04189712927
v -0.02835935168 -0.007237971295 -0.04859533906
v -0.02829744481 0.007481330074 -0.04859533906
v -0.02828854509 -0.02139724791 0.0418971628
v -0.0282795392 -0.02180428058 0.04116751254
v -0.02823728137 -2.03661034e-06 0.04952654615
v -0.02818615921 -0.02153291181 -0.04190115258
v -0.02818467654 -0.001835958683 0.04953388125
v -0.02813965641 -0.00811233744 -0.04859532416
v -0.02805764228 -2.03661034e-06 0.04969802126
v -0.0280427672 0.0009113931446 0.04969802126
v -0.02801443078 -0.0004806972574 0.04972648621
v -0.0279984232 0.001819804194 0.04969802126
v -0.02799693123 -0.001823780476 0.04969933257
v -0.0279964935 -2.03661034e-06 0.04974902049
v -0.02799048647 0.02178161778 -0.04190118983
v -0.02797701582 0.008660445921 -0.04859532043
v -0.02795433626 -0.004038441926 0.04953388125
v -0.02793935873 -0.001793178497 0.04974881187
v -0.02792393416 0.002023742069 0.04974902049
v -0.02790532261 0.00291739637 0.04969802126
v -0.02790095098 -0.008842578158 -0.04859531671
v -0.02789418213 0.01109725051 -0.04790203646
v -0.02789418027 -0.01110132691 -0.04790203646
v -0.02782006375 -0.003330634907 0.04972648621
v -0.02776960284 0.004007730633 0.04969802126
v -0.02776638232 -0.004011339508 0.04970087111
v -0.02773967013 -0.003788955044 0.04974857718
v -0.02771912515 0.003939389717 0.04974902049
v -0.0276558809 0.004500002135 0.04972648621
v -0.02760134265 -0.004818836693 0.04972648621
v -0.02755699493 -0.01355593465 0.04722649977
v -0.02755699493 0.01355186105 0.04722649977
v -0.02755667455 -0.01355658565 -0.0472305268
v -0.02755667455 0.01355251018 -0.0472305268
v -0.0275521297 -0.006216104608 0.04953388125
v -0.02749754675 -0.01007666066 -0.04859529808
v -0.02748713829 0.005320011638 0.04974902049
v -0.02740486339 -0.01030457672 -0.04859529436
v -0.02739818953 -0.005762667861 0.04974833876
v -0.02737005241 0.006171000656 0.04969802126
v -0.02736520581 -0.006173981819 0.0497023724
v -0.02732581273 0.02298375964 0.04116754979
v -0.02729906514 0.0106070973 -0.04859529436
v -0.02729192749 0.02263684198 0.04189712927
v -0.02710806951 -0.01910984516 0.04463902116
v -0.02710806951 0.01910577342 0.04463902116
v -0.02710765414 -0.01911043562 -0.0446430482
v -0.02710765414 0.01910636202 -0.0446430482
v -0.02710749395 0.007237294223 0.04969802126
v -0.02708478644 0.02289813571 0.04189712927
v -0.02707489952 0.007122785319 0.04974902049
v -0.02698052675 -0.008355557919 0.04953388125
v -0.02693875879 0.01324846037 -0.04790203646
v -0.02693875693 -0.01325253677 -0.04790203646
v -0.02691163123 -0.007723775227 0.04974810407
v -0.02690512128 -0.02348778769 -0.04136839882
v -0.02690485492 0.02348358184 -0.04137133807
v -0.02687348425 -0.02346016653 -0.04156075045
v -0.02687292919 0.02345571108 -0.0415626727
v -0.02685958892 -0.02316555381 0.04189716652
v -0.02684830874 0.02354787849 0.04120646417
v -0.02684829384 -0.02355197258 0.04120646417
v -0.02684688941 0.02354663424 0.04138603434
v -0.02684687637 -0.02355072647 0.04138603061
v -0.02682503313 -0.01173041761 -0.048595272
v -0.02681331523 0.0235171821 0.04157080129
v -0.02681330219 -0.02352127433 0.04157079756
v -0.02680826001 -0.0234032236 -0.04174020141
v -0.02680780552 0.02339885198 -0.04174106568
v -0.02680222504 0.008296312764 0.04969802126
v -0.02679587901 -0.008298423141 0.04970383644
v -0.02676822059 0.01184365805 -0.04859527573
v -0.0267592445 -0.02328156121 -0.04190115258
v -0.02674902417 0.0234607812 0.04174249992
v -0.02674900927 -0.02346487157 0.04174249619
v -0.0267239958 -0.01197887026 -0.04859526828
v -0.02671885118 -0.02332509123 -0.04190115258
v -0.02667730488 -0.01207392942 -0.04859526828
v -0.02661570348 2.067572041e-06 -0.05088398978
v -0.02656157129 0.001994137419 -0.05090788379
v -0.02656156942 -0.00199000095 -0.05090788379
v -0.02655009739 0.008879873902 0.04974902049
v -0.02653792873 0.02352926321 -0.04190118983
v -0.02648837306 0.01249554008 -0.04859526455
v -0.02647620998 0.009283957072 0.04969802126
v -0.02646463178 -0.009204505943 0.04972648621
v -0.02641026489 -0.01567320153 0.04722649977
v -0.02641026489 0.01566912979 0.04722649977
v -0.02640990727 -0.0156738013 -0.0472305268
v -0.02640990727 0.0156697277 -0.0472305268
v -0.02628724091 -0.009640363976 0.04974786192
v -0.02628558129 0.004309210461 -0.05090788379
v -0.02628557943 -0.004305072594 -0.05090788379
v -0.02624304593 -0.0104436446 0.04953388125
v -0.02606961317 0.01037059911 0.04969802126
v -0.02606191672 -0.01037161145 0.04970527068
v -0.02593230642 -0.01061433367 0.04972648621
v -0.02584380098 0.01076233294 0.04974902049
v -0.02582049184 -0.01381830219 -0.04859523848
v -0.02581771463 -0.0153222708 -0.04790203646
v -0.02581771463 0.01531819627 -0.04790203646
v -0.02581105568 2.067572041e-06 -0.05157354474
v -0.02580952458 0.02467393689 0.04116754979
v -0.02580817603 0.006591274869 -0.05090788379
v -0.02580817416 -0.006587135606 -0.05090788379
v -0.02557070181 0.02457652614 0.04189712927
v -0.02554609813 0.01432312094 -0.04859523475
v -0.02553135529 -0.01149646938 0.04974762723
v -0.02552754059 -0.02117486298 0.04463902116
v -0.02552754059 0.02117078938 0.04463902116
v -0.02552710101 0.02117132023 -0.0446430482
v -0.02552709915 -0.02117539756 -0.0446430482
v -0.02552035265 0.01436547656 -0.04859523475
v -0.02546353079 0.01168608665 0.04972648621
v -0.02543691918 -0.02471208572 0.04189717025
v -0.0254366491 0.02470735274 0.04189712927
v -0.02543368563 -0.02471002378 -0.04190115258
v -0.02542926371 0.02470165119 -0.04190119356
v -0.02534421906 -0.01246752683 0.04953388125
v -0.02532356419 -0.02483530715 0.04189717025
v -0.0252938401 -0.02520660497 0.04116750881
v -0.02522385679 0.001937293913 0.0519689396
v -0.02522057854 -0.02493967302 -0.04190115258
v -0.02517672442 0.01238110289 0.04969802126
v -0.02516784146 -0.01238081045 0.04970668629
v -0.02513301186 -0.008818699978 -0.05090788379
v -0.02513301186 0.00882284157 -0.05090788379
v -0.02512328885 -2.03661034e-06 0.05210402235
v -0.02511395141 -0.001341605559 0.05208373815
v -0.02510115877 -0.01769410819 0.04722649977
v -0.02510115877 0.01769003645 0.04722649977
v -0.0251007732 -0.01769465581 -0.0472305268
v -0.0251007732 0.01769058034 -0.0472305268
v -0.02500516735 0.01258823089 0.04974902049
v -0.02497976087 0.02517699078 -0.04190119356
v -0.02496658452 -0.003030985361 0.05208373815
v -0.02495089546 0.004176079296 0.0519689396
v -0.02478801459 -0.01559346262 -0.04859520867
v -0.02469803765 -0.004746676888 0.05208373815
v -0.02468230575 -0.02581326291 -0.04136839509
v -0.02468202077 0.02580905519 -0.04137133807
v -0.02467175387 0.01335874014 0.04969802126
v -0.02465328015 -0.02578290552 -0.04156075045
v -0.02465273254 0.02577842213 -0.0415626727
v -0.02464165539 -0.01329655573 0.04974738508
v -0.0246225372 -0.02586962841 0.04120646045
v -0.02462252229 0.02586556412 0.04120646417
v -0.02462123334 -0.02586826123 0.04138603061
v -0.02462121658 0.02586419508 0.04138603434
v -0.02459344454 -0.0257203225 -0.04174019769
v -0.02459298819 0.02571593598 -0.04174106568
v -0.02459044382 -0.02583590895 0.04157079756
v -0.02459042892 0.0258318428 0.04157080129
v -0.02453794517 0.01729372889 -0.04790203646
v -0.0245379433 -0.01729780436 -0.04790203646
v -0.02453148179 -0.02577395551 0.04174249619
v -0.02453146502 0.02576989122 0.04174249619
v -0.02448393218 0.01607061364 -0.04859520867
v -0.02447962016 0.006381656509 0.0519689396
v -0.02444293536 0.02567715012 0.04189712927
v -0.02430197038 -0.006476486567 0.05208373815
v -0.02428957447 -0.01441475842 0.04953388125
v -0.02428795025 0.016347358 -0.04859520495
v -0.02426526509 -0.01098266523 -0.05090788379
v -0.02426526509 0.01098680776 -0.05090788379
v -0.02418887243 0.02626431547 0.04116755351
v -0.02412904613 0.01431546453 0.04969802126
v -0.02411916479 -0.01431367546 0.04970808327
v -0.02405639179 0.01431871578 0.04974902049
v -0.02394894511 0.02615924925 0.04189712927
v -0.0238137804 0.008536495268 0.0519689396
v -0.02379006892 -0.02310968935 0.04463902116
v -0.02379006892 0.02310561389 0.04463902116
v -0.02378960699 0.02310608886 -0.0446430482
v -0.02378960513 -0.02311016433 -0.0446430482
v -0.02377360314 -0.008206887171 0.05208373815
v -0.02373524755 -0.02667927742 0.04116750881
v -0.02372291684 0.001782810315 -0.05310661718
v -0.02372291498 -0.001778673963 -0.05310662091
v -0.02368738502 -0.02640032582 0.04189717025
v -0.02363773249 -0.01960622706 0.04722649977
v -0.02363773249 0.01960215345 0.04722649977
v -0.02363732457 0.01960264519 -0.0472305268
v -0.02363732271 -0.01960672066 -0.0472305268
v -0.02362631448 -0.01730214804 -0.0485951826
v -0.02362532169 -0.01502744481 0.04974714667
v -0.02357624657 -0.02649977058 -0.04190115258
v -0.02347628586 -0.003846290056 -0.05310662091
v -0.02347628586 0.003850427456 -0.05310661718
v -0.02342265286 0.02662595175 -0.04190119728
v -0.02341987938 -0.02662536129 0.04189717397
v -0.02341595478 0.02661686577 0.04189712927
v -0.02339651436 0.01760614477 -0.0485951826
v -0.02332296781 0.02671871334 -0.04190119728
v -0.02332215197 -0.01552977692 0.04972648621
v -0.02329387702 0.01775107719 -0.04859517887
v -0.02326113544 0.01561676245 0.04972648621
v -0.02321158908 -0.01306244731 -0.05090788379
v -0.02321158536 0.01306658983 -0.05090788379
v -0.02313181013 -0.01792971976 -0.04859517142
v -0.02311000973 -0.009923257865 0.05208373815
v -0.02310732007 0.01916291378 -0.04790203646
v -0.02310731821 -0.01916698925 -0.04790203646
v -0.02308559604 -0.01627336629 0.04953388125
v -0.02304976992 -0.005884413142 -0.05310662091
v -0.02304976992 0.005888551939 -0.05310661718
v -0.02297967672 0.01598906703 0.04974902049
v -0.02295867167 0.01062346809 0.0519689396
v -0.02293302491 0.01616178825 0.04969802126
v -0.02292234078 -0.01615833305 0.0497094579
v -0.02261857875 -0.01858105697 -0.04859516025
v -0.0226139091 0.01858108491 -0.0485951677
v -0.02248293161 -0.01668895967 0.0497469008
v -0.02247040905 0.0277484674 0.04116755351
v -0.02245414071 0.0017263341 0.05399749428
v -0.02244663611 -0.007877424359 -0.05310662091
v -0.02244663611 0.007881564088 -0.05310661718
v -0.02239023522 0.01684002392 0.04972648621
v -0.02235006727 -0.01892182231 -0.0485951528
v -0.02231037989 -0.01161019411 0.05208373815
v -0.02225976624 -0.02792991139 -0.04136839509
v -0.02225950919 0.02792568319 -0.04137133807
v -0.02223359235 -0.02789706551 -0.04156074673
v -0.02223310247 0.02789253555 -0.04156266898
v -0.0222288128 0.02763612568 0.04189712927
v -0.02221097238 0.00371927605 0.05399749428
v -0.02219797112 -0.02797845937 0.04120646045
v -0.02219795622 0.02797439881 0.04120646417
v -0.02219679579 -0.02797697857 0.04138602689
v -0.0221967902 0.02797291428 0.04138603434
v -0.02217962965 -0.0278293509 -0.04174019769
v -0.02217922546 0.02782492153 -0.04174106196
v -0.02216903865 -0.02794198878 0.04157079384
v -0.02216903865 0.02793792263 0.04157079756
v -0.02216049284 -0.01913046464 -0.04859514907
v -0.02211588621 0.02787091769 0.04174249619
v -0.02211588249 -0.02787498385 0.04174249247
v -0.02210077271 -0.02773073502 -0.04190115258
v -0.02209625579 2.067572041e-06 -0.05429277197
v -0.0220928546 -2.03661034e-06 0.05428912118
v -0.02204316668 -0.02778350376 0.04189717397
v -0.02202897891 -0.02139779739 0.04722649977
v -0.02202897891 0.02139372565 0.04722649977
v -0.02202855423 0.02139416337 -0.0472305268
v -0.02202855237 -0.02139823884 -0.0472305268
v -0.02198275551 0.01935151033 -0.0485951528
v -0.02198005281 -0.01504210476 -0.05090788379
v -0.02198004909 0.01504624821 -0.05090788379
v -0.02195829898 -0.02785489522 0.04189717397
v -0.02192108519 0.01262598764 0.0519689396
v -0.02190633304 -0.02490242571 0.04463902116
v -0.02190633304 0.02489835024 0.04463902116
v -0.02190585993 0.02489876933 -0.0446430482
v -0.02190585807 -0.02490284294 -0.0446430482
v -0.02187922969 -0.003086974844 -0.05429277197
v -0.02187922969 0.003091109917 -0.05429277197
v -0.02187582664 -0.00309107895 0.05428912118
v -0.02187582664 0.003087005811 0.05428912118
v -0.02186625451 0.01747893728 0.04974902049
v -0.02183568478 -0.02795189247 -0.04190115258
v -0.02179127187 0.005682640709 0.05399749428
v -0.02173968777 -0.0180319231 0.04953388125
v -0.02167150564 -0.009810048155 -0.05310662091
v -0.02167150564 0.009814189747 -0.05310661718
v -0.02166890912 2.067572041e-06 -0.05457898229
v -0.02166842856 -2.03661034e-06 0.05457337201
v -0.02166550606 -2.03661034e-06 0.05457532778
v -0.02159936167 -0.001768703572 -0.05457703397
v -0.02159936167 0.001772838645 -0.05457703397
v -0.02159600705 0.01790871844 0.04969802126
v -0.02159596048 -0.001772807678 0.05457338318
v -0.02159596048 0.001768734539 0.05457338318
v -0.02158474177 -0.01790345088 0.04971083254
v -0.02157487348 0.02814882249 -0.04190119728
v -0.02153463289 -0.02091833018 -0.04790203646
v -0.02153463289 0.02091425657 -0.04790203646
v -0.02137622051 -0.01325189508 0.05208373815
v -0.02131975442 -0.003888169071 -0.05457703397
v -0.02131975442 0.003892304143 -0.05457703397
v -0.02131635323 -0.003892273409 0.05457338318
v -0.02131635323 0.003888200037 0.05457338318
v -0.02126084454 0.02837398276 -0.04190120101
v -0.02125684544 0.02836799808 0.04189712927
v -0.02123920247 2.067572041e-06 -0.05486165732
v -0.02123579942 -2.03661034e-06 0.05485800281
v -0.02122601494 -0.01826152578 0.04974666238
v -0.02120272443 -0.006217428017 -0.05429277197
v -0.02120272443 0.00622156309 -0.05429277197
v -0.02119932137 -0.006221532356 0.05428912118
v -0.02119932137 0.006217459217 0.05428912118
v -0.02119837329 0.007600822952 0.05399749428
v -0.02116813324 -0.001733806683 -0.05486165732
v -0.02116813324 0.001737941871 -0.05486165732
v -0.02116473019 -0.001737910789 0.05485800281
v -0.02116473019 0.001733837649 0.05485800281
v -0.0211469382 0.01834213547 0.04974902049
v -0.02104662918 0.01845713519 0.04974902049
v -0.0209714938 -0.02043905109 -0.04859512299
v -0.02091380022 -0.02049423568 -0.04859512299
v -0.0208940655 -0.003810947528 -0.05486165732
v -0.0208940655 0.003815082833 -0.05486165732
v -0.02089066245 -0.003815051634 0.05485800281
v -0.02089066245 0.003810978495 0.05485800281
v -0.02087554894 0.01874333061 0.04969802126
v -0.02083265223 -0.005969765596 -0.05457703397
v -0.02083265223 0.005973900668 -0.05457703397
v -0.02082924917 -0.005973869469 0.05457338318
v -0.02082924917 0.00596979633 0.05457338318
v -0.02073032223 -0.01166747604 -0.05310662091
v -0.02073032036 0.01167161763 -0.05310661718
v -0.02070926875 0.01452813763 0.0519689396
v -0.02066108398 0.02912038751 0.04116755351
v -0.02058009803 -0.0169064682 -0.05090788379
v -0.02058009245 0.01691061258 -0.05090788379
v -0.02056897618 0.02084813453 -0.04859512672
v -0.02052129619 -0.01907853596 0.04972648621
v -0.02045181952 0.01914659142 0.04972648621
v -0.02043699101 0.009458575398 0.05399749428
v -0.02042045817 0.02899777889 0.04189712554
v -0.02041664161 -0.005850971211 -0.05486165732
v -0.02041664161 0.005855106283 -0.05486165732
v -0.02041324042 -0.005855075084 0.05485800281
v -0.02041324042 0.005851001944 0.05485800281
v -0.02037109062 -0.02932831645 0.04116750881
v -0.02031145431 -0.01483259257 0.05208373815
v -0.02028479427 -0.02305780724 0.04722649977
v -0.02028479427 0.02305373549 0.04722649977
v -0.02028435655 0.02305412106 -0.0472305268
v -0.02028435469 -0.02305819467 -0.0472305268
v -0.0202601254 -0.01967961155 0.04953388125
v -0.02014387026 -0.02919380739 0.0418971777
v -0.02014278993 -0.007993229665 -0.05457703397
v -0.02014278993 0.007997364737 -0.05457703397
v -0.02013938874 -0.007997334003 0.05457338318
v -0.02013938874 0.007993260399 0.05457338318
v -0.0201262217 0.01954551786 0.04969802126
v -0.02012293413 -2.036570095e-06 0.0553576313
v -0.02012293413 -2.026906941e-06 -0.05536179245
v -0.02011460438 -0.01953830756 0.04971219972
v -0.02009156905 -0.00919346977 -0.05429277197
v -0.02009156905 0.009197604842 -0.05429277197
v -0.020088166 -0.009197573178 0.05428912118
v -0.020088166 0.009193499573 0.05428912118
v -0.02003608271 -0.02133378945 -0.04859510809
v -0.02000923641 -0.02928693779 -0.04190115258
v -0.01988791861 -0.0265420489 0.04463902116
v -0.01988791861 0.02653797716 0.04463902116
v -0.01988743804 0.02653833665 -0.0446430482
v -0.01988743618 -0.02654241025 -0.0446430482
v -0.01986071095 -0.01973819174 0.04974641651
v -0.01984748617 -0.003319809679 -0.05536179245
v -0.01983751357 0.01975172572 0.04974902049
v -0.01982955635 -0.02254106291 -0.04790203646
v -0.01982955635 0.02253698558 -0.04790203646
v -0.01982272789 -0.003464629408 0.0553576313
v -0.01982272789 0.003460559994 0.0553576313
v -0.01982272416 0.003460602369 -0.05536179245
v -0.01974309795 0.02946221456 -0.04190120101
v -0.01974051446 -0.007834018208 -0.05486165732
v -0.01974051446 0.00783815328 -0.05486165732
v -0.0197371114 -0.007838122547 0.05485800281
v -0.0197371114 0.007834049873 0.05485800281
v -0.01965605654 -0.02981941774 -0.04136839136
v -0.01965589076 0.02981511317 -0.04137133434
v -0.01963294297 -0.02978434972 -0.04156074673
v -0.01963258535 0.02977971546 -0.04156266898
v -0.01963029802 -0.01343547087 -0.05310662091
v -0.01963029429 0.01343961433 -0.05310661718
v -0.01959315687 0.02985611558 0.04120646417
v -0.01959311217 -0.02986021899 0.04120645672
v -0.01959214173 0.02985452488 0.04138603061
v -0.01959207468 -0.0298586376 0.04138602689
v -0.01958529465 -0.02971205302 -0.04174019396
v -0.01958501525 0.02970752493 -0.04174106196
v -0.01956765912 0.02981717326 0.04157079756
v -0.01956757531 -0.02982129529 0.04157079384
v -0.01952074841 0.029745657 0.04174249619
v -0.01952065714 -0.02974978462 0.04174249247
v -0.01951317675 0.01124113426 0.05399749428
v -0.01949298009 -0.02185327373 -0.04859509692
v -0.01947033033 -0.02014994994 0.04972648621
v -0.01938851178 0.02022370882 0.04972648621
v -0.0193328578 0.01631479897 0.0519689396
v -0.01925688982 -0.009938864037 -0.05457703397
v -0.01925688982 0.00994299911 -0.05457703397
v -0.01925348677 -0.009942968376 0.05457338318
v -0.01925348677 0.009938894771 0.05457338318
v -0.01921379752 0.02209481038 -0.04859510064
v -0.01912243851 -0.01633702219 0.05208373815
v -0.01906622574 0.02223056741 -0.04859509692
v -0.01902245171 -0.01864125021 -0.05090788379
v -0.01902244426 0.01864539459 -0.05090788379
v -0.01897335425 -0.006705435459 -0.05536179245
v -0.01896824874 0.02994643897 -0.04190120474
v -0.01893107966 -0.006823889911 0.0553576313
v -0.01893107966 0.006819824222 0.0553576313
v -0.01893105358 0.0068198964 -0.05536179245
v -0.01887225918 -0.009740785696 -0.05486165732
v -0.01887225918 0.009744920768 -0.05486165732
v -0.01886885799 -0.009744890966 0.05485800281
v -0.01886885799 0.009740817361 0.05485800281
v -0.01876821555 0.0303745307 0.04116755351
v -0.01865600608 -0.02120630629 0.04953388125
v -0.01859241165 0.02092912607 0.04974902049
v -0.01857930608 -0.01195730921 -0.05429277197
v -0.01857930608 0.01196144428 -0.05429277197
v -0.01857928559 -0.03049479984 0.04116750881
v -0.01857590303 -0.01196141262 0.05428912118
v -0.01857590303 0.01195733994 0.05428912118
v -0.01853442006 0.03023719229 0.04189712554
v -0.01853270456 0.02106211707 0.04969802126
v -0.01852097362 -0.02105286345 0.04971355945
v -0.01843427122 0.01293432992 0.05399749428
v -0.01841589995 -0.02457604744 0.04722649977
v -0.01841589995 0.02457197383 0.04722649977
v -0.01841545664 0.02457230724 -0.0472305268
v -0.01841545291 -0.02457638271 -0.0472305268
v -0.01840158738 -0.021105472 0.04974617064
v -0.01837986149 -0.01510048471 -0.05310662091
v -0.01837985776 0.01510462817 -0.05310661718
v -0.01827234216 0.02123825625 0.04972648621
v -0.01825193316 -0.03041235544 0.04189718142
v -0.01818357408 -0.01178773027 -0.05457703397
v -0.01818357408 0.01179186534 -0.05457703397
v -0.01818017103 -0.01179183368 0.05457338318
v -0.01818017103 0.01178776007 0.05457338318
v -0.01810606383 -0.03049950115 -0.04190115258
v -0.01800257526 0.02402112819 -0.04790203646
v -0.0180025734 -0.02402520366 -0.04790203646
v -0.01790966094 -0.02316775918 -0.04859506339
v -0.01783553325 0.03065430559 -0.04190120474
v -0.0178203322 -0.01155271288 -0.05486165732
v -0.0178203322 0.01155684795 -0.05486165732
v -0.01781788096 -0.01775087602 0.05208373815
v -0.01781693101 -0.01155681722 0.05485800281
v -0.01781693101 0.01155274455 0.05485800281
v -0.01780278794 0.0179717727 0.0519689396
v -0.01774723642 -0.02801848017 0.04463902116
v -0.01774723642 0.0280144047 0.04463902116
v -0.01774675585 0.02801471204 -0.0446430482
v -0.01774675399 -0.0280187875 -0.0446430482
v -0.01769560575 -0.02332128398 -0.04859505966
v -0.01752623543 -0.009888583794 -0.05536179245
v -0.01747459546 -0.009979569353 0.0553576313
v -0.01747458801 0.009975506924 0.0553576313
v -0.01747453585 0.00997560285 -0.05536179245
v -0.0174604319 0.02351190895 -0.04859506711
v -0.01731905341 -0.02023315243 -0.05090788379
v -0.01731904224 0.02023730054 -0.05090788379
v -0.01720885187 0.01452470571 0.05399749428
v -0.01719140634 -0.02212569304 0.04972648621
v -0.01714193635 0.02213181555 0.04974902049
v -0.01698859408 -0.01664975658 -0.05310662091
v -0.0169885885 0.0166538991 -0.05310661718
v -0.01693719812 -0.02260261402 0.04953388125
v -0.01693328656 -0.01352182869 -0.05457703397
v -0.01693328656 0.01352596376 -0.05457703397
v -0.01692988537 -0.01352593303 0.05457338318
v -0.01692988537 0.01352185942 0.05457338318
v -0.01689272001 -0.03146646917 -0.04136839136
v -0.01689255796 0.03146214783 -0.04137133434
v -0.0168728549 -0.03142946213 -0.041560743
v -0.01687252335 0.0314248018 -0.04156266898
v -0.01683667116 -0.02237331122 0.0497459285
v -0.01683190651 -0.03135317564 -0.04174019396
v -0.01683164015 0.03134862334 -0.04174106196
v -0.01682955213 0.03149566799 0.04120646045
v -0.01682951488 -0.03149976954 0.04120645672
v -0.01682867296 0.03149399161 0.04138603061
v -0.01682862639 -0.03149810061 0.04138602316
v -0.01682525128 0.02244919538 0.04969802126
v -0.01681366377 -0.02243781276 0.04971493036
v -0.01680763625 0.03145459667 0.04157079756
v -0.01680758223 -0.03145870939 0.04157079011
v -0.01678221487 0.02397874929 -0.04859505594
v -0.01676734351 0.03137915581 0.04174249619
v -0.0167672839 -0.03138326854 0.04174249247
v -0.01670832373 -0.03127335384 0.04189718142
v -0.01670553721 -0.01445918623 -0.05429277197
v -0.01670553721 0.01446332131 -0.05429277197
v -0.01670213416 -0.01446328964 0.05428912118
v -0.01670213416 0.01445921697 0.05428912118
v -0.01659497432 -0.01325216144 -0.05486165732
v -0.01659497432 0.01325629652 -0.05486165732
v -0.01659157313 -0.01325626578 0.05485800281
v -0.01659157313 0.01325219218 0.05485800281
v -0.01656940393 0.03135642037 0.04189712554
v -0.01656760834 -0.03135184199 0.04189718142
v -0.01644122973 -0.02422094159 -0.04859504104
v -0.01643379033 -0.02594318055 0.04722649977
v -0.01643379033 0.0259391088 0.04722649977
v -0.01643334515 -0.02594346553 -0.0472305268
v -0.01643334515 0.02593939193 -0.0472305268
v -0.01640862413 -0.01906125993 0.05208373815
v -0.01629056409 -0.03150637075 0.04189718142
v -0.01623810641 -0.02436662465 -0.04859503731
v -0.01613122411 0.01948588714 0.0519689396
v -0.01612420194 -0.03159167618 -0.04190115258
v -0.01606492139 0.02535755746 -0.04790203646
v -0.01606491953 -0.02536163107 -0.04790203646
v -0.01597261243 -0.02302019298 0.04972648621
v -0.01593426056 0.02308994345 0.04969802126
v -0.01586030424 0.03172103688 -0.04190120846
v -0.01584665477 0.01599962078 0.05399749428
v -0.01575826108 0.02468357421 -0.04859503731
v -0.01554984599 -0.01277310494 -0.05536179245
v -0.01551820245 -0.01512428094 -0.05457703397
v -0.01551820245 0.01512841601 -0.05457703397
v -0.01551480126 -0.01512838434 0.05457338318
v -0.01551480126 0.01512431167 0.05457338318
v -0.0155064119 0.02330539189 0.04974902049
v -0.01549745165 -0.02932263725 0.04463902116
v -0.01549745165 0.0293185655 0.04463902116
v -0.01549697388 0.02931881696 -0.0446430482
v -0.01549697202 -0.02932289056 -0.0446430482
v -0.01549673453 -0.01283749565 0.0553576313
v -0.01549671963 0.01283343416 0.0553576313
v -0.01549663767 0.01283354498 -0.05536179245
v -0.01548295468 -0.02166998014 -0.05090788379
v -0.01548294351 0.02167412639 -0.05090788379
v -0.01546716318 -0.01807141118 -0.05310662091
v -0.01546715479 0.01807555743 -0.05310661718
v -0.01520811021 -0.01482258644 -0.05486165732
v -0.01520811021 0.01482672151 -0.05486165732
v -0.01520470902 -0.01482669171 0.05485800281
v -0.01520470902 0.0148226181 0.05485800281
v -0.01518003084 -0.02352841385 0.04974568263
v -0.0151142627 -0.02385995165 0.04953388125
v -0.01501436345 0.02369822003 0.04969802126
v -0.01500318199 -0.0236846488 0.04971630499
v -0.01490735542 -0.02025706694 0.05208373815
v -0.01486735884 -0.02521163598 -0.04859501496
v -0.01486468222 0.0252107624 -0.04859502614
v -0.01481852122 -0.03248865902 0.04116750881
v -0.0147627769 0.03250968829 0.04116755351
v -0.01470719744 -0.02384839207 0.04972648621
v -0.01462193206 0.02389602736 0.04972648621
v -0.01453261357 0.0323507227 0.04189712554
v -0.01451531611 -0.01665600948 -0.05429277197
v -0.01451531611 0.01666014455 -0.05429277197
v -0.01451191306 -0.01666011289 0.05428912118
v -0.01451191306 0.01665603928 0.05428912118
v -0.0144834891 -0.02544827759 -0.04859500751
v -0.01440782938 -0.01674002968 0.05428912118
v -0.01435851119 0.01734735258 0.05399749428
v -0.01435065456 -0.02715080418 0.04722649977
v -0.01435065456 0.02714673243 0.04722649977
v -0.01435021218 0.02714696527 -0.0472305268
v -0.01435021032 -0.02715103887 -0.0472305268
v -0.01433144882 0.02084510773 0.0519689396
v -0.01426804904 -0.03247222304 0.04189718515
v -0.01407320332 -0.03255732358 -0.04190115258
v -0.01406150218 -0.03255529702 0.04189718515
v -0.01402851008 0.02653805166 -0.04790203646
v -0.01402850822 -0.02654212527 -0.04790203646
v -0.01399279479 -0.03285899013 -0.04136838764
v -0.01399260666 0.03285467997 -0.04137133434
v -0.01398248598 0.02573123574 -0.04859501123
v -0.01397634204 -0.03282034397 -0.04156073928
v -0.01397600304 0.03281568736 -0.04156266525
v -0.01395209599 -0.01657948643 -0.05457703397
v -0.01395209599 0.0165836215 -0.05457703397
v -0.01394869387 -0.01658358984 0.05457338318
v -0.01394869387 0.01657951623 0.05457338318
v -0.01394242328 -0.03274067864 -0.04174019024
v -0.01394213643 0.03273614123 -0.04174105823
v -0.01393014658 -0.03288509324 0.04120645672
v -0.01393014565 0.03288101405 0.04120646045
v -0.01392941084 -0.03288335353 0.04138602316
v -0.01392940711 0.03287927434 0.04138603061
v -0.01391199324 -0.03284222633 0.04157079011
v -0.01391198859 0.03283815086 0.04157079384
v -0.01389547717 0.03262674436 -0.04190120846
v -0.01387863886 -0.03276346624 0.04174248874
v -0.0138786342 0.03275939822 0.04174249247
v -0.01382722519 -0.01935455762 -0.05310662091
v -0.01382721588 0.019358702 -0.05310661718
v -0.01382573415 0.03265888989 -0.04190120846
v -0.01380524039 0.02435208298 0.04974902049
v -0.01367324311 -0.016248703 -0.05486165732
v -0.01367324311 0.01625283808 -0.05486165732
v -0.01366984006 -0.01625280827 0.05485800281
v -0.01366984006 0.01624873467 0.05485800281
v -0.01352822967 -0.0229407195 -0.05090788379
v -0.0135282157 0.02294486389 -0.05090788379
v -0.01345288474 -0.02455783822 0.04974543676
v -0.01332823094 -0.02132930234 0.05208373815
v -0.01319841389 -0.02497058734 0.04953388125
v -0.01315239538 -0.03044650145 0.04463902116
v -0.01315239538 0.03044242971 0.04463902116
v -0.01315192692 0.03044263273 -0.0446430482
v -0.01315192506 -0.03044670634 -0.0446430482
v -0.01311117411 0.02480151318 0.04969802126
v -0.01310387999 -0.01527186949 -0.05536179245
v -0.01310066972 -0.02478571981 0.0497176908
v -0.0130565241 -0.01531237829 0.0553576313
v -0.01305650547 0.01530832052 0.0553576313
v -0.01305637881 0.01530843601 -0.05536179245
v -0.01287532132 -0.03330638632 0.04116751254
v -0.012756248 0.01855718717 0.05399749428
v -0.01266640425 0.03338206559 0.04116755351
v -0.01265455782 -0.02640655078 -0.04859497771
v -0.01260536071 0.02641935833 -0.04859499261
v -0.01244371571 -0.02649865299 -0.04859497771
v -0.01243610773 0.0332133472 0.04189712554
v -0.01241776906 0.022038633 0.0519689396
v -0.01234948449 -0.01831894182 -0.05429277197
v -0.01234948449 0.01832307689 -0.05429277197
v -0.01234608144 -0.01832304709 0.05428912118
v -0.01234608144 0.01831897162 0.05428912118
v -0.01225021109 -0.01787327975 -0.05457703397
v -0.01225021109 0.01787741482 -0.05457703397
v -0.0122468099 -0.01787738502 0.05457338318
v -0.0122468099 0.01787331142 0.05457338318
v -0.01219284255 -0.03330682963 0.04189718887
v -0.01217929833 -0.0281914901 0.04722649977
v -0.01217929833 0.02818741649 0.04722649977
v -0.01217886433 0.02818760462 -0.0472305268
v -0.01217886247 -0.02819167823 -0.0472305268
v -0.01215311512 0.02664533816 -0.04859498516
v -0.0121274963 0.02529688552 0.04969802126
v -0.01208134834 -0.02048936114 -0.05310662091
v -0.01208133623 0.02049350366 -0.05310661718
v -0.01207272802 -0.02528576553 0.04972648621
v -0.01200531144 -0.01751662977 -0.05486165732
v -0.01200531144 0.01752076484 -0.05486165732
v -0.01200191025 -0.01752073318 0.05485800281
v -0.01200191025 0.01751665957 0.05485800281
v -0.01199948508 0.02529213391 0.04974902049
v -0.01196518727 -0.03338997811 -0.04190115258
v -0.01190586202 0.0275553558 -0.04790203646
v -0.01190586016 -0.02755943127 -0.04790203646
v -0.01174030919 0.0334649086 -0.04190121219
v -0.01168643776 -0.02227129042 0.05208373815
v -0.01166732423 -0.02545592189 0.04974519089
v -0.01146985684 -0.02403563075 -0.05090788379
v -0.01146984193 0.02403977327 -0.05090788379
v -0.01146391686 0.03354229406 0.04189712554
v -0.01120143104 -0.02592769265 0.04953388125
v -0.0111273881 0.02575228922 0.04969802126
v -0.01111783739 -0.02573426254 0.0497190915
v -0.01105260011 0.01961950958 0.05399749428
v -0.0109793134 -0.03398504108 -0.04136838764
v -0.01097914577 0.03398071975 -0.04137133434
v -0.01096640527 -0.03394506872 -0.04156073928
v -0.01096612774 0.03394038975 -0.04156266525
v -0.01093979366 -0.03386267275 -0.04174019024
v -0.01093956176 0.03385811672 -0.04174105823
v -0.01091796253 -0.03400428593 0.041206453
v -0.0109179467 0.03400021419 0.04120646045
v -0.01091738697 -0.03400249034 0.04138601944
v -0.01091737952 0.03399841487 0.04138603061
v -0.01090373751 0.03395589069 0.04157079384
v -0.01090373658 -0.03395996243 0.04157078639
v -0.01089852769 0.03373068944 -0.04190121591
v -0.0108776018 0.03387445584 0.04174249247
v -0.01087759621 -0.03387852386 0.04174248874
v -0.01077377517 -0.02722813003 -0.04859495163
v -0.01072648726 -0.03138316423 0.04463902116
v -0.01072648726 0.03137909248 0.04463902116
v -0.01072603278 0.03137924895 -0.0446430482
v -0.01072603185 -0.03138332069 -0.0446430482
v -0.01070283633 -0.02589511313 0.04972648621
v -0.0106084384 0.02592992969 0.04972648621
v -0.01051882096 0.03411943093 0.04116754979
v -0.01042911597 -0.01899306849 -0.05457703397
v -0.01042911597 0.01899720356 -0.05457703397
v -0.01042571384 -0.01899717189 0.05457338318
v -0.01042571384 0.01899309829 0.05457338318
v -0.01040539518 0.02305697277 0.0519689396
v -0.01029251702 0.03393864259 0.04189712554
v -0.01026221737 -0.01730940118 -0.05536179245
v -0.01025871839 0.02743015066 -0.04859495535
v -0.01024682261 -0.02741512656 -0.04859494418
v -0.01024291292 -0.02146712132 -0.05310662091
v -0.01024289988 0.02147126757 -0.05310661718
v -0.01022678986 -0.01733036339 0.0553576313
v -0.01022676378 0.01732630655 0.0553576313
v -0.01022659615 0.01732641459 -0.05536179245
v -0.01022055373 -0.0186140202 -0.05486165732
v -0.01022055373 0.01861815527 -0.05486165732
v -0.0102171516 -0.01861812361 0.05485800281
v -0.0102171516 0.01861405 0.05485800281
v -0.01016559452 0.02608280815 0.04974902049
v -0.0101094991 0.02616845258 0.04969802126
v -0.01007353514 -0.03400766104 0.04189718887
v -0.009997731075 -0.02307878435 0.05208373815
v -0.009933074005 -0.02905884013 0.04722649977
v -0.009933074005 0.02905476466 0.04722649977
v -0.009932653978 0.02905490808 -0.0472305268
v -0.009932652116 -0.02905898169 -0.0472305268
v -0.00981287472 -0.03408432379 -0.04190115258
v -0.009808483534 -0.02622751705 0.04974494502
v -0.009710452519 -0.01984373294 -0.05429277197
v -0.009710452519 0.01984786801 -0.05429277197
v -0.009710029699 0.02840321325 -0.04790203646
v -0.009710027836 -0.02840728685 -0.04790203646
v -0.009707049467 -0.01984783821 0.05428912118
v -0.009707049467 0.0198437646 0.05428912118
v -0.009612646885 0.03413668275 -0.04190121591
v -0.009323611856 -0.02494632266 -0.05090788379
v -0.009323595092 0.02495046519 -0.05090788379
v -0.00929751806 0.02775061689 -0.04859494418
v -0.009261107072 0.0205258783 0.05399749428
v -0.009135594591 -0.02672537975 0.04953388125
v -0.00907520391 0.02654470131 0.04969802126
v -0.0090668872 -0.02652445622 0.04972051829
v -0.008845780045 -0.02791230194 -0.0485949181
v -0.008838107809 -0.03459692746 0.04116752371
v -0.008800606243 0.03433918953 0.04189712554
v -0.008800257929 -0.03434158862 0.0418971926
v -0.008799770847 -0.03434105963 -0.04190115258
v -0.008506536484 -0.01992794871 -0.05457703397
v -0.008506536484 0.01993208379 -0.05457703397
v -0.008503135294 -0.01993205398 0.05457338318
v -0.008503135294 0.01992798224 0.05457338318
v -0.00833634194 -0.01953019388 -0.05486165732
v -0.00833634194 0.01953432895 -0.05486165732
v -0.00833294075 -0.01953429915 0.05485800281
v -0.00833294075 0.01953022555 0.05485800281
v -0.008328711614 0.03471880034 0.04116754979
v -0.008326007985 -0.02228035033 -0.05310662091
v -0.008325993083 0.02228449285 -0.05310661718
v -0.008310319856 0.02389203757 0.0519689396
v -0.008299111389 0.02808349207 -0.04859492555
v -0.008277963847 -0.02374997549 0.05208373815
v -0.00827299431 0.02674246579 0.04974902049
v -0.008234646171 -0.03212686628 0.04463902116
v -0.008234646171 0.03212279454 0.04463902116
v -0.008234210312 0.03212290257 -0.0446430482
v -0.00823420845 -0.03212697804 -0.0446430482
v -0.008218454197 -0.02808685042 -0.04859491065
v -0.008113136515 0.03452375904 0.04189712554
v -0.007918817922 -0.03457275406 0.0418971926
v -0.007890556008 -0.0268661771 0.04974469543
v -0.007876452059 -0.03483423963 -0.04136838391
v -0.007876310498 0.03482989222 -0.04137133062
v -0.007867193781 -0.03479327261 -0.04156073555
v -0.007866980508 0.03478855267 -0.04156266525
v -0.007848105393 -0.03470881283 -0.04174019024
v -0.007847928442 0.03470423073 -0.04174105823
v -0.0078198798 0.034581054 -0.04190121964
v -0.007817104459 -0.03484709188 0.041206453
v -0.007817081176 0.03484301642 0.04120646045
v -0.007816691883 -0.03484525532 0.04138601944
v -0.007816683501 0.0348411724 0.04138602689
v -0.007806924172 0.03479759395 0.04157079384
v -0.007806920912 -0.03480167687 0.04157078266
v -0.007788218092 0.03471414 0.04174249247
v -0.007788207848 -0.03471821919 0.04174248502
v -0.007771675009 0.02691529691 0.04972648621
v -0.007625795901 -0.02974751778 0.04722649977
v -0.007625795901 0.02974344417 0.04722649977
v -0.007625391241 0.02974354662 -0.0472305268
v -0.007625389844 -0.02974762022 -0.0472305268
v -0.007625194732 -0.03463871405 -0.04190115258
v -0.0074545159 0.02907641232 -0.04790203646
v -0.007454514503 -0.02908048593 -0.04790203646
v -0.007451455109 0.03467237204 -0.04190121964
v -0.007396009285 0.02126908675 0.05399749428
v -0.007110696286 -0.0188241601 -0.05536179245
v -0.007105943747 -0.02566581592 -0.05090788379
v -0.00710592512 0.02566995844 -0.05090788379
v -0.007091972977 -0.01883122697 0.0553576313
v -0.007091943175 0.01882716641 0.0553576313
v -0.007091727108 0.01882725768 -0.05536179245
v -0.00708569726 -0.03499764204 0.04116753861
v -0.007013605908 -0.02735874616 0.04953388125
v -0.006967239082 0.02717388049 0.04969802126
v -0.006960441824 -0.02715145051 0.0497219637
v -0.006921970285 -0.0209791977 -0.05429277197
v -0.006921970285 0.02098333277 -0.05429277197
v -0.006918568164 -0.0209833011 0.05428912118
v -0.006918568164 0.0209792275 0.05428912118
v -0.006860590074 -0.02846466191 -0.04859489202
v -0.006730734371 -0.0350673981 0.04116757959
v -0.006542651448 -0.02428539284 0.05208373815
v -0.006501189433 -0.02066882513 -0.05457703397
v -0.006501189433 0.02067296021 -0.05457703397
v -0.006497787312 -0.02067292854 0.05457338318
v -0.006497787312 0.02066885494 0.05457338318
v -0.006471951958 0.03511212394 0.04116754979
v -0.006371019874 -0.02025623247 -0.05486165732
v -0.006371019874 0.02026036754 -0.05486165732
v -0.006367616821 -0.02026033774 0.05485800281
v -0.006367616821 0.02025626414 0.05485800281
v -0.00634532515 -0.02292281017 -0.05310662091
v -0.006345308386 0.02292695269 -0.05310661718
v -0.006299991626 0.02859808132 -0.04859489948
v -0.006233412307 0.02729034238 0.04974902049
v -0.006162081845 0.02736757323 0.04969802126
v -0.006149197929 0.02453718893 0.0519689396
v -0.006084396038 0.03493221477 0.04189712554
v -0.006082251202 -0.03492682427 -0.04190115258
v -0.005943656433 -0.02736393921 0.04974444956
v -0.005895419046 0.03497026116 0.04189712554
v -0.005737447646 -0.03500071168 0.04189719632
v -0.00569219375 -0.03267303109 0.04463902116
v -0.00569219375 0.03266895935 0.04463902116
v -0.005691779312 0.03266903013 -0.0446430482
v -0.005691777915 -0.0326731056 -0.0446430482
v -0.005472130608 0.02184322849 0.05399749428
v -0.005400069989 -0.03505420312 -0.04190115258
v -0.005271648988 -0.03025329113 0.04722649977
v -0.005271648988 0.03024921753 0.04722649977
v -0.005271265283 0.03024928458 -0.0472305268
v -0.005271264352 -0.03025335819 -0.0472305268
v -0.005265497137 0.03507069871 -0.04190122336
v -0.005225024652 -0.02879906818 -0.04859486967
v -0.005153188016 0.02957081236 -0.04790203646
v -0.005153186619 -0.02957488596 -0.04790203646
v -0.004848514218 -0.02782389522 0.04953388125
v -0.004835131578 -0.02887878381 -0.04859486222
v -0.004833846353 -0.02618859895 -0.05090788379
v -0.004833825864 0.02619274147 -0.05090788379
v -0.004816456232 0.02763595246 0.04969802126
v -0.004811465275 -0.02761140652 0.04972344264
v -0.004806574434 -0.0246877186 0.05208373815
v -0.004709864035 -0.03540125862 -0.04136838391
v -0.004709732719 0.03539690748 -0.04137133062
v -0.004704329651 -0.03535963222 -0.04156073555
v -0.004704150837 0.03535489738 -0.04156266153
v -0.004692919552 -0.03527380154 -0.04174018651
v -0.004692759831 0.0352692008 -0.04174105823
v -0.004675834905 0.03514039516 -0.04190122336
v -0.004653143231 -0.03540827334 0.041206453
v -0.004653113894 0.03540419415 0.04120645672
v -0.004652898759 -0.03540640697 0.04138601571
v -0.004652871285 0.0354023315 0.04138602689
v -0.004647084046 -0.03536213189 0.04157078266
v -0.004647059366 0.0353580527 0.04157079011
v -0.004635948688 -0.03527732939 0.04174248502
v -0.004635925405 0.03527325764 0.04174248874
v -0.004618982319 -0.03514819592 0.04189719632
v -0.004432594404 -0.02120848 -0.05457703397
v -0.004432594404 0.02121261507 -0.05457703397
v -0.004429192282 -0.02121258527 0.05457338318
v -0.004429192282 0.0212085098 0.05457338318
v -0.004395340569 0.02764679492 0.04974902049
v -0.004343715962 -0.02078506909 -0.05486165732
v -0.004343715962 0.02078920417 -0.05486165732
v -0.004340313841 -0.02078917436 0.05485800281
v -0.004340313841 0.02078510076 0.05485800281
v -0.004316042643 -0.02338958345 -0.05310662091
v -0.004316024482 0.02339372411 -0.05310661718
v -0.004313080572 0.03544189036 0.04116754979
v -0.004286009818 0.02896963805 -0.04859486967
v -0.004133544862 -0.01969279721 0.0553576313
v -0.004133544862 -0.01969278976 -0.05536179245
v -0.004133544862 0.01968872547 0.0553576313
v -0.004133544862 0.01968873478 -0.05536179245
v -0.00403957488 -0.021718584 -0.05429277197
v -0.00403957488 0.02172271907 -0.05429277197
v -0.004036172759 -0.02172268741 0.05428912118
v -0.004036172759 0.0217186138 0.05428912118
v -0.003973256331 -0.02772012725 0.04974419624
v -0.003939204384 0.024987299 0.0519689396
v -0.003649262013 0.03527546674 0.04189712554
v -0.003538203659 -0.03529070318 0.04189720005
v -0.003504762193 0.0222437419 0.05399749428
v -0.003443358 -0.02780767716 0.04972648621
v -0.003332928289 0.0278171394 0.04972648621
v -0.003328701481 -0.03530510142 0.04189720005
v -0.003328495193 0.03529835492 0.04189712554
v -0.003328078659 -0.0353060253 -0.04190115258
v -0.003299629781 0.02908055671 -0.0485948585
v -0.00319783669 0.02781081945 0.04974902049
v -0.003149482422 -0.03532772884 -0.04190115258
v -0.003114762716 -0.0330183059 0.04463902116
v -0.003114762716 0.03301423043 0.04463902116
v -0.003114373889 0.03301426768 -0.0446430482
v -0.003114372492 -0.03301833943 -0.0446430482
v -0.003083457006 -0.02496153861 0.05208373815
v -0.003063555574 0.03533095494 -0.04190122336
v -0.002885110211 -0.03057305142 0.04722649977
v -0.002885110211 0.03056897782 0.04722649977
v -0.002884750254 0.03056901135 -0.0472305268
v -0.002884748857 -0.03057308495 -0.0472305268
v -0.002820197027 0.02988337353 -0.04790203646
v -0.00282019563 -0.02988744527 -0.04790203646
v -0.002798088826 -0.02914733812 -0.04859483615
v -0.002774702618 0.02913958579 -0.04859485105
v -0.00265363208 -0.02811797149 0.04953388125
v -0.002636079444 0.02792808041 0.04969802126
v -0.002633183729 -0.02790150233 0.04972496256
v -0.002524734009 -0.02651066519 -0.05090788379
v -0.002524711424 0.02651480399 -0.05090788379
v -0.002320888219 -0.02154166251 -0.05457703397
v -0.002320888219 0.02154579759 -0.05457703397
v -0.002317485865 -0.02154576778 0.05457338318
v -0.002317485865 0.02154169604 0.05457338318
v -0.00227416656 -0.0211115554 -0.05486165732
v -0.00227416656 0.02111569047 -0.05486165732
v -0.002270764206 -0.02111566067 0.05485800281
v -0.002270764206 0.02111158706 0.05485800281
v -0.002253713086 -0.02367708646 -0.05310662091
v -0.002253693296 0.02368122526 -0.05310661718
v -0.002248876262 0.02919871546 -0.0485948436
v -0.002234529238 -0.03563435376 0.0411680676
v -0.002157984534 0.0356378518 0.04116754979
v -0.00197286997 -0.02793319151 0.04974394292
v -0.001834052266 0.02795602381 0.04972648621
v -0.001697904896 0.02523878589 0.0519689396
v -0.001538933138 0.02800981514 0.04969802126
v -0.001509540831 0.02246743999 0.05399749428
v -0.001505127642 -0.03568180278 -0.04136838019
v -0.001505041844 0.03567743674 -0.04137133062
v -0.001503362204 -0.03563984483 -0.04156073183
v -0.001503255218 0.03563510254 -0.04156266153
v -0.001499722595 -0.03555333614 -0.04174018651
v -0.001499618753 0.03554872796 -0.04174105451
v -0.001493909396 0.03541766107 -0.04190122709
v -0.001451573567 -0.03568353876 0.04120644927
v -0.001451569027 0.03567945957 0.04120645672
v -0.001451497083 -0.03568166122 0.04138601571
v -0.001451486023 0.0356775783 0.04138602689
v -0.001449686708 -0.03563703969 0.04157077894
v -0.001449670759 0.03563296422 0.04157079011
v -0.001446219743 -0.03555158153 0.04174247757
v -0.001446201466 0.03554750979 0.04174248874
v -0.001441371511 -0.03543479741 0.04189720377
v -0.001388213597 0.03543680161 0.04189712554
v -0.001385711483 -0.02511304431 0.05208373815
v -0.001329860766 -0.03544246033 0.04189720377
v -0.001225646236 0.02796725929 0.04974902049
v -0.001118555316 -0.02206218056 -0.05429277197
v -0.001118555316 0.02206631564 -0.05429277197
v -0.001115152962 -0.02206628583 0.05428912118
v -0.001115152962 0.02206221037 0.05428912118
v -0.0008869830053 -0.03545697033 -0.04190115258
v -0.0008543981239 0.035452988 -0.04190122709
v -0.000760286639 -0.02927130274 -0.04859480634
v -0.000651884533 -0.02927028015 -0.04859480634
v -0.0005519148544 -0.03545460477 -0.04190115258
v -0.0005182020832 -0.03316055983 0.04463902116
v -0.0005182020832 0.03315648437 0.04463902116
v -0.0005178416613 0.03315649182 -0.0446430482
v -0.0005178403226 -0.03316056728 -0.0446430482
v -0.0004808539525 -0.03070482984 0.04722649977
v -0.0004808539525 0.03070075624 0.04722649977
v -0.0004805202188 0.03070076182 -0.0472305268
v -0.0004805189965 -0.03070483543 -0.0472305268
v -0.0004698881239 0.03001217172 -0.04790203646
v -0.0004698869307 -0.03001624718 -0.04790203646
v -0.0004424556391 -0.02823916078 0.04953388125
v -0.0004395168799 0.02804846503 0.04969802126
v -0.0004390036047 -0.02801997215 0.04972652346
v -0.0002160204313 0.02928199805 -0.04859481752
v -0.0001963020768 -0.02662954479 -0.05090788379
v -0.0001962781971 0.02663368173 -0.05090788379
v -0.0001887151302 0.02928311564 -0.04859481379
v -0.0001866273524 -0.02166513167 -0.05457703397
v -0.0001866273524 0.02166926675 -0.05457703397
v -0.0001832250564 -0.02166923694 0.05457338318
v -0.0001832250564 0.02166516334 0.05457338318
v -0.0001825171348 -0.02123251371 -0.05486165732
v -0.0001825171348 0.02123664878 -0.05486165732
v -0.0001791148243 -0.02123661712 0.05485800281
v -0.0001791148243 0.02123254538 0.05485800281
v -0.0001741412561 -0.02378312126 -0.05310662091
v -0.0001741199085 0.02378725819 -0.05310661718
v -5.229508588e-06 0.03570290655 0.04116754606
v 3.141591515e-05 -0.0357032232 0.04116822407
v 4.475026071e-05 -0.02800218202 0.04974369332
v 0.0002759865893 -0.02514970303 0.05208373815
v 0.0004976747441 0.02251254953 0.05399749428
v 0.0005202758475 0.02798926271 0.04974902049
v 0.0005568859633 0.02528965846 0.0519689396
v 0.0006589659606 0.02804402076 0.04969802126
v 0.0008739643381 0.03545292467 0.04189712554
v 0.0008805651451 -0.02925582416 -0.04859478399
v 0.0008840983501 -0.03545614332 0.04189720377
v 0.001076760003 -0.02799785882 0.04972648621
v 0.00116944022 0.02799168788 0.04972648621
v 0.001302200253 -0.02925184742 -0.04859477282
v 0.001312916749 0.02923941612 -0.04859479517
v 0.001368694473 0.03543661907 -0.04190123081
v 0.001373640378 -0.03544099629 -0.04190115258
v 0.001699449494 0.03541301936 -0.04190123081
v 0.001705729053 0.03553888574 -0.04174105451
v 0.001705755712 -0.03554350138 -0.04174018279
v 0.001709884033 0.03562523425 -0.04156266153
v 0.001709916163 -0.03562998399 -0.04156073183
v 0.001711921417 0.03566755727 -0.04137132689
v 0.001711933524 -0.03567193076 -0.04136838019
v 0.0017552668 0.03553302214 0.04174248874
v 0.001755326753 -0.0355370976 0.04174247757
v 0.001757571823 -0.02796612866 0.04972810671
v 0.001759496634 0.03561843932 0.04157079011
v 0.001759556122 -0.03562251851 0.04157077894
v 0.001759725274 0.02799636871 0.04969802126
v 0.00176170608 0.03566303849 0.04138602316
v 0.001761763939 -0.03566711769 0.04138601199
v 0.001771418145 -0.02818671986 0.04953388125
v 0.00187375478 0.0292230919 -0.04859478772
v 0.001883286866 0.02995642088 -0.04790203646
v 0.001883288031 -0.02996049263 -0.04790203646
v 0.001906735473 -0.02370687015 -0.05310662091
v 0.001906758174 0.02371100523 -0.05310661718
v 0.001910871244 -0.02114676498 -0.05486165732
v 0.001910871244 0.02115090005 -0.05486165732
v 0.001914273598 -0.02115086839 0.05485800281
v 0.001914273598 0.02114679664 0.05485800281
v 0.001916678273 -0.02200668305 -0.05429277197
v 0.001916678273 0.02201081812 -0.05429277197
v 0.001920080627 -0.02201078646 0.05428912118
v 0.001920080627 0.02200671285 0.05428912118
v 0.001926335972 -0.030647818 0.04722649977
v 0.001926335972 0.03064374253 0.04722649977
v 0.001926641446 0.03064372391 -0.0472305268
v 0.001926642493 -0.03064779751 -0.0472305268
v 0.001942796167 -0.02507603355 0.05208373815
v 0.001949412515 -0.02157768421 -0.05457703397
v 0.001949412515 0.02158181928 -0.05457703397
v 0.00195281487 -0.02158178762 0.05457338318
v 0.00195281487 0.02157771401 0.05457338318
v 0.002051292919 -0.0279279165 0.04974344
v 0.002081521787 -0.03309892491 0.04463902116
v 0.002081521787 0.03309484944 0.04463902116
v 0.002081851475 0.03309482709 -0.0446430482
v 0.002081852872 -0.03309890255 -0.0446430482
v 0.002133604372 -0.02654432692 -0.05090788379
v 0.002133629983 0.02654846013 -0.05090788379
v 0.00222709938 0.03537536785 -0.04190123081
v 0.002227174118 -0.03538038954 -0.04190115258
v 0.002344218548 -0.02916823886 -0.04859476164
v 0.002344323788 0.02917648479 -0.04859478027
v 0.002419114811 0.02788929082 0.04974902049
v 0.002500931034 0.0223787073 0.05399749428
v 0.002578568878 -0.02790047973 0.04972648621
v 0.002676379401 0.02788789757 0.04972648621
v 0.002807246987 0.02513950691 0.0519689396
v 0.002855400555 0.02920940332 -0.04851613566
v 0.003126929514 0.03532483429 0.04189712554
v 0.003173024626 -0.03532469273 0.0418972075
v 0.003362823976 -0.02908650972 -0.04859474674
v 0.003625249956 -0.03528111428 -0.04190115258
v 0.00364294881 -0.02488590963 0.05208373815
v 0.003669769503 0.03527241573 -0.04190123454
v 0.003917414695 0.02902067266 -0.04859475791
v 0.003943040501 -0.02774040028 0.04972964153
v 0.00394812366 0.02777210996 0.04969802126
v 0.003972969949 -0.02344892174 -0.05310662091
v 0.003972993698 0.02345305495 -0.05310661718
v 0.003974376712 -0.027960971 0.04953388125
v 0.003985621035 -0.02085514553 -0.05486165732
v 0.003985621035 0.0208592806 -0.05486165732
v 0.003989023156 -0.0208592508 0.05485800281
v 0.003989023156 0.02085517533 0.05485800281
v 0.004050174728 -0.02770993672 0.04974319041
v 0.004066438414 -0.02128016762 -0.05457703397
v 0.004066438414 0.0212843027 -0.05457703397
v 0.004069840536 -0.02128427289 0.05457338318
v 0.004069840536 0.02128019743 0.05457338318
v 0.004125908017 -0.01969282888 0.0553576313
v 0.004125908017 -0.01969281957 -0.05536179245
v 0.004125911742 0.01968874969 0.0553576313
v 0.004125911742 0.019688759 -0.05536179245
v 0.004224859178 0.02971645631 -0.04790203646
v 0.004224860109 -0.02972052991 -0.04790203646
v 0.004321658053 -0.03040236421 0.04722649977
v 0.004321658053 0.0303982906 0.04722649977
v 0.004321933258 0.03039825149 -0.0472305268
v 0.004321934655 -0.03040232509 -0.0472305268
v 0.004447130021 -0.02625566162 -0.05090788379
v 0.004447156563 0.02625979483 -0.05090788379
v 0.004478511401 0.02763342485 0.04974902049
v 0.004484305624 0.0220669806 0.05399749428
v 0.00466842344 -0.03283377737 0.04463902116
v 0.00466842344 0.0328297019 0.04463902116
v 0.004668720998 0.03282966092 -0.0446430482
v 0.004668721929 -0.03283372894 -0.0446430482
v 0.004887473304 -0.02885589749 -0.04859472439
v 0.004897040781 0.03524032235 -0.04174104705
v 0.004897171631 -0.03524492681 -0.04174018279
v 0.004908951931 0.03532594442 -0.0415626578
v 0.004909097217 -0.03533068672 -0.0415607281
v 0.004914796911 0.03536790982 -0.04137132689
v 0.004914881196 -0.03537227213 -0.04136837646
v 0.004942330532 0.03523052856 0.04174248502
v 0.004942441825 -0.03523459285 0.04174247384
v 0.004954224452 0.03531521931 0.04157078639
v 0.00495433202 -0.03531928733 0.04157077521
v 0.004960440099 0.03535943478 0.04138602316
v 0.004960539751 -0.0353635028 0.04138601199
v 0.00499298377 -0.03510085866 0.04189721122
v 0.004993282724 0.03509905189 0.04189712182
v 0.005012684036 -0.02151812054 0.05428912118
v 0.005035291892 0.02478952706 0.0519689396
v 0.005036265124 0.02759540454 0.04969802126
v 0.005365194753 -0.02457216568 0.05208373815
v 0.005373493303 0.03505305201 0.04189712182
v 0.005393519066 -0.02877935395 -0.04859471694
v 0.00547318114 -0.03504179791 0.04189721122
v 0.005546452478 -0.02746531926 0.04972648621
v 0.005868992768 -0.034977559 -0.04190115258
v 0.005894509144 0.02868301421 -0.04859473184
v 0.005950071849 0.02867352404 -0.04859472811
v 0.005964705255 0.03495735675 -0.04190123826
v 0.006152873393 -0.02756330371 0.04953388125
v 0.006540429313 0.02929376066 -0.04790203646
v 0.006540430244 -0.0292978324 -0.04790203646
v 0.006690382957 -0.02996997908 0.04722649977
v 0.006690382957 0.02996590734 0.04722649977
v 0.006690626964 0.02996585146 -0.0472305268
v 0.006690627895 -0.02996992506 -0.0472305268
v 0.007084097713 0.01882730238 -0.05536179245
v 0.007084513083 -0.01883121021 0.0553576313
v 0.007084513083 0.01882713847 0.0553576313
v 0.007103275508 -0.01882412843 -0.05536179245
v 0.007226595655 -0.03236674145 0.04463902116
v 0.007226595655 0.03236267343 0.04463902116
v 0.007226859685 0.0323626101 -0.0446430482
v 0.007226861082 -0.03236668557 -0.0446430482
v 0.007602152415 0.03463819996 0.04189712182
v 0.007728673052 -0.03460415453 -0.04190115258
v 0.007744806819 -0.03461043537 0.04189721495
v 0.008048724383 0.03465670347 -0.04174104705
v 0.008048928343 -0.03466128185 -0.04174018279
v 0.008068297058 0.03474090248 -0.0415626578
v 0.00806852337 -0.0347456187 -0.0415607281
v 0.008089491166 0.03464369103 0.04174248502
v 0.008089621551 -0.0346477367 0.04174247384
v 0.008091812022 -0.03453123569 -0.04190115258
v 0.008108953014 0.03472696617 0.04157078639
v 0.008109077811 -0.03473101929 0.04157077521
v 0.00822888501 0.03449441865 -0.04190124199
v 0.01021899097 0.0173264686 -0.05536179245
v 0.01021931693 -0.01733034104 0.0553576313
v 0.01021931879 0.01732626744 0.0553576313
v 0.01025477983 -0.01730936207 -0.05536179245
v 0.01304880157 0.01530849375 -0.05536179245
v 0.01304904185 -0.01531235501 0.0553576313
v 0.01304904558 0.01530827768 0.0553576313
v 0.01309642009 -0.01527182665 -0.05536179245
v 0.01548908092 0.01283359993 -0.05536179245
v 0.01548924111 -0.01283747237 0.0553576313
v 0.01548924297 0.01283339504 0.0553576313
v 0.01554236747 -0.01277306397 -0.05536179245
v 0.01746699959 0.009975647554 -0.05536179245
v 0.01746709272 -0.009979551658 0.0553576313
v 0.01746709272 0.009975472465 0.0553576313
v 0.01751874387 -0.009888551198 -0.05536179245
v 0.01892353222 0.006819927599 -0.05536179245
v 0.0189235732 -0.00682387827 0.0553576313
v 0.01892357692 0.006819798611 0.0553576313
v 0.01896585152 -0.006705413107 -0.05536179245
v 0.01981521025 0.00346061727 -0.05536179245
v 0.01981522143 -0.003464624984 0.0553576313
v 0.01981522143 0.003460545093 0.0553576313
v 0.01983997785 -0.003319799667 -0.05536179245
v 0.02011542208 -2.04012008e-06 0.0553576313
v 0.02011542208 -2.030458063e-06 -0.05536179245
v 0.05183161423 -0.01554591861 -0.05232159793
v 0.05183161423 0.01555005368 -0.05232159793
v 0.05183501542 -0.01555002201 0.05231794342
v 0.05183501542 0.01554594841 0.05231794342
v 0.05184115842 -0.01530473679 -0.05242103711
v 0.05184115842 0.01530887187 -0.05242103711
v 0.05184441805 -0.01504591852 -0.0524549596
v 0.05184441805 0.0150500536 -0.0524549596
v 0.05184455961 -0.01530884113 0.05241738632
v 0.05184455961 0.01530476846 0.05241738632
v 0.05184781924 -0.01505002193 0.05245130509
v 0.05184781924 0.01504594833 0.05245130509
v 0.051996205 -0.008022584952 -0.05243995413
v 0.05199657753 -0.005064360332 -0.05243991688
v 0.05199657753 0.006768499501 -0.05243991688
v 0.0519971326 0.009726696648 -0.052439861
v 0.05199960992 0.008022616617 0.05243629962
v 0.05199997872 -0.006768468767 0.05243626609
v 0.05199997872 0.005064391531 0.05243626609
v 0.05200053751 -0.009726664983 0.05243621022
v 0.05200184509 -0.002106165746 -0.05243938044
v 0.05200184509 0.003810263937 -0.05243938044
v 0.05200524628 -0.003810233204 0.05243572965
v 0.05200524628 0.002106196713 0.05243572965
v 0.05241120979 0.002110300818 -0.05239450559
v 0.05241121724 -0.003806129098 -0.05239450559
v 0.05241279677 -0.009722560644 -0.05239431933
v 0.05241298676 -0.006764357444 -0.0523943007
v 0.05241298676 0.005068502389 -0.0523943007
v 0.05241310596 0.008026724681 -0.0523942858
v 0.05241461471 -0.002110269852 0.05239085481
v 0.05241461471 0.003806160064 0.05239085481
v 0.05241619796 0.009722592309 0.05239066854
v 0.05241638795 -0.00506847119 0.05239064619
v 0.05241638795 0.006764388178 0.05239064619
v 0.05241651088 -0.008026693016 0.05239063129
v 0.05265882984 -0.01505002193 0.05233408511
v 0.05269974098 0.01504594833 0.05232817307
v 0.05312154815 -0.0008479380631 -0.0523015894
v 0.05312154815 0.0008520731935 -0.0523015894
v 0.05312494934 -0.0008520422271 0.05229793489
v 0.05312494934 0.0008479690296 0.05229793489
v 0.05384866893 -0.008022578433 -0.05218650401
v 0.05384903029 0.006768496707 -0.05218643695
v 0.05384958908 0.009726711549 -0.05218634382
v 0.05385207385 0.008022609167 0.0521828495
v 0.0538524352 -0.006768465973 0.05218278617
v 0.05385299027 -0.009726679884 0.05218269303
v 0.05385425687 -0.00210614875 -0.05218553916
v 0.05385425687 0.003810281167 -0.05218553916
v 0.05385766178 -0.0038102502 0.05218188837
v 0.05385766178 0.002106179483 0.05218188837
v 0.05425937474 0.002110282425 -0.05211247131
v 0.05425937846 -0.003806147492 -0.05211247131
v 0.05426094308 -0.009722577408 -0.05211217701
v 0.05426112562 -0.006764362566 -0.05211214349
v 0.05426124856 0.008026712574 -0.05211212113
v 0.05426277965 -0.002110251458 0.05210882053
v 0.05426277965 0.003806178458 0.05210882053
v 0.05426434427 0.009722608142 0.05210852623
v 0.05426453054 -0.005068466533 0.0521084927
v 0.05426453054 0.0067643933 0.0521084927
v 0.05426464975 -0.008026680909 0.05210847035
v 0.05434489623 -0.01575302519 -0.0517979525
v 0.05434489623 0.01575716026 -0.0517979525
v 0.05434830114 -0.0157571286 0.05179429799
v 0.05434830114 0.01575305499 0.05179429799
v 0.05437512696 -0.01554591861 -0.05195396766
v 0.05437512696 0.01555005368 -0.05195396766
v 0.05437852815 -0.01555002201 0.05195031688
v 0.05437852815 0.01554594841 0.05195031688
v 0.05439412966 -0.01530473679 -0.0520520471
v 0.05439412966 0.01530887187 -0.0520520471
v 0.05439753085 -0.01530884113 0.05204839259
v 0.05439753085 0.01530476846 0.05204839259
v 0.05440061167 -0.01504591852 -0.05208549649
v 0.05440061167 0.0150500536 -0.05208549649
v 0.05440401286 -0.01505002193 0.05208184198
v 0.05440401286 0.01504594833 0.05208184198
v 0.05453080684 -0.0008479324169 -0.05205993727
v 0.05453080684 0.0008520675474 -0.05205993727
v 0.05453420803 -0.0008520366391 0.05205628276
v 0.05453420803 0.0008479634416 0.05205628276
v 0.05562999845 -0.003806133987 -0.05181742832
v 0.05562999845 0.002110295929 -0.05181742832
v 0.05563339964 -0.002110265195 0.05181377381
v 0.05563340336 0.003806164954 0.05181377381
v 0.0556377843 -0.009722564369 -0.05181553587
v 0.0556393154 0.008026726544 -0.05181516334
v 0.05564118549 0.009722595103 0.05181188509
v 0.05564211309 -0.005068480037 0.05181165785
v 0.05564271659 -0.00802669581 0.05181150883
v 0.05568665266 -0.008022593334 -0.05180361867
v 0.05568701401 0.006768482737 -0.05180352926
v 0.05568756163 0.009726697579 -0.05180339143
v 0.05569005385 0.008022623137 0.05179996416
v 0.05569096282 -0.009726665914 0.05179974064
v 0.05569217727 -0.002106162952 -0.05180226266
v 0.05569217727 0.003810267197 -0.05180226266
v 0.05569557846 -0.00381023623 0.05179861188
v 0.05569557846 0.002106193919 0.05179861188
v 0.05605347455 0.0150500536 -0.05168235302
v 0.05605687574 -0.01505002193 0.05167870224
v 0.05606291071 -0.00972664915 0.05170356482
v 0.05608292297 0.008022642694 0.05169839039
v 0.05635073036 -0.0008478859672 -0.05163202807
v 0.05635073036 0.0008520211559 -0.05163202807
v 0.05635413155 -0.0008519901312 0.05162837356
v 0.05635413155 0.0008479169337 0.05162837356
v 0.05635873973 -0.008022624068 -0.05162984878
v 0.05635904148 0.009726665914 -0.05162976682
v 0.05636056885 -0.002106194617 -0.05162934959
v 0.05636056885 0.003810235532 -0.05162934959
v 0.05636214465 0.008022654802 0.05162619799
v 0.0563624464 -0.009726634249 0.05162611231
v 0.05636397004 -0.003810204333 0.05162569508
v 0.05636397004 0.002106225351 0.05162569508
v 0.05676823482 -0.01591194235 -0.05099394917
v 0.05676823482 0.01591607928 -0.05099394917
v 0.05677163601 -0.01591604762 0.05099029839
v 0.05677163601 0.01591197401 0.05099029839
v 0.05682687834 -0.01575302519 -0.05119258165
v 0.05682687834 0.01575716026 -0.05119258165
v 0.05683027953 -0.0157571286 0.05118893087
v 0.05683027953 0.01575305499 0.05118893087
v 0.05687187612 -0.01554591861 -0.05134499446
v 0.05687187612 0.01555005368 -0.05134499446
v 0.05687527731 -0.01555002201 0.05134133995
v 0.05687527731 0.01554594841 0.05134133995
v 0.05690016598 -0.01530473679 -0.0514408052
v 0.05690016598 0.01530887187 -0.0514408052
v 0.05690356717 -0.01530884113 0.05143715441
v 0.05690356717 0.01530476846 0.05143715441
v 0.05690981075 -0.01504591852 -0.05147348717
v 0.05690981075 0.0150500536 -0.05147348717
v 0.05691321567 -0.01505002193 0.05146983638
v 0.05691321567 0.01504594833 0.05146983638
v 0.05743277073 -0.003806021763 -0.05131331086
v 0.05743277073 0.002110408153 -0.05131331086
v 0.05743617564 -0.002110377187 0.05130966008
v 0.05743617564 0.003806052729 0.05130966008
v 0.0574403964 -0.009722451679 -0.05131088942
v 0.05744130537 -0.006764236372 -0.05131060258
v 0.05744130537 0.005068623926 -0.05131060258
v 0.05744190142 0.008026838303 -0.05131041259
v 0.05744380131 0.009722482413 0.05130723864
v 0.05744470656 -0.005068592727 0.05130695179
v 0.05744471028 0.006764267106 0.05130695179
v 0.05744530261 -0.0080268085 0.0513067618
v 0.05814098567 -0.0008477707743 -0.05107770488
v 0.05814098567 0.0008519059047 -0.05107770488
v 0.05814439058 -0.0008518749964 0.05107405037
v 0.05814439058 0.000847801799 0.05107405037
v 0.05814567208 -0.008022738621 -0.05107606947
v 0.05814578384 -0.005064523779 -0.05107603222
v 0.05814596638 0.00972655043 -0.05107597262
v 0.0581474565 -0.002106308937 -0.05107545108
v 0.0581474565 0.003810120746 -0.05107545108
v 0.05814906955 0.008022770286 0.05107242242
v 0.05814936385 -0.009726519696 0.05107231811
v 0.05815085769 -0.00381008978 0.05107180029
v 0.05815085769 0.002106340136 0.05107180029
v 0.05916230753 -0.01591194235 -0.05016071349
v 0.05916230753 0.01591607928 -0.05016071349
v 0.0591632314 -0.01591004804 -0.05016300455
v 0.05916570872 -0.01591604762 0.05015705898
v 0.05916570872 0.01591197401 0.05015705898
v 0.05923965946 -0.01575302519 -0.05035283044
v 0.05923965946 0.01575716026 -0.05035283044
v 0.05924306065 -0.0157571286 0.05034917593
v 0.05924306065 0.01575305499 0.05034917593
v 0.05924412608 -0.01575342193 0.05035181716
v 0.05924412608 0.01574934833 0.05035181716
v 0.05929901451 -0.01554591861 -0.05050024763
v 0.05929901451 0.01555005368 -0.05050024763
v 0.05929990485 -0.01554016024 -0.05050246045
v 0.05929990485 0.01554429531 -0.05050246045
v 0.0593024157 -0.01555002201 0.05049659684
v 0.0593024157 0.01554594841 0.05049659684
v 0.05930330977 -0.01554426458 0.05049880967
v 0.05930330977 0.01554019097 0.05049880967
v 0.05933633074 -0.01530473679 -0.05059291795
v 0.05933633074 0.01530887187 -0.05059291795
v 0.059336707 -0.01529701333 -0.05059386417
v 0.059336707 0.01530114841 -0.05059386417
v 0.05933972821 -0.01530884113 0.05058926716
v 0.05933972821 0.01530476846 0.05058926716
v 0.05934515223 -0.009722577408 -0.05062609538
v 0.05934515223 0.00972671248 -0.05062609538
v 0.05934855714 -0.009726680815 0.05062244833
v 0.05934855714 0.009722608142 0.05062244833
v 0.05934905633 -0.01504591852 -0.05062452704
v 0.05934905633 0.0150500536 -0.05062452704
v 0.05935245752 -0.01505002193 0.05062087625
v 0.05935245752 0.01504594833 0.05062087625
v 0.06829299778 -0.009726680815 0.04702109098
v 0.06829299778 0.009722608142 0.04702109098
v 0.07704436034 -0.01591194235 -0.04296074808
v 0.07704436034 0.01591607928 -0.04296074808
v 0.07704528421 -0.01591004804 -0.04296304286
v 0.07704528421 0.01591418311 -0.04296304286
v 0.07704776525 -0.01591604762 0.04295709357
v 0.07704776525 0.01591197401 0.04295709357
v 0.07704868913 -0.01591415145 0.04295938835
v 0.07704868913 0.01591007784 0.04295938835
v 0.07712169737 -0.01575306803 -0.04315281659
v 0.07712169737 0.0157572031 -0.04315281659
v 0.07712171227 -0.01575302519 -0.04315286502
v 0.07712171227 0.01575716026 -0.04315286502
v 0.07712278515 -0.01574931666 -0.04315550253
v 0.07712278515 0.01575345173 -0.04315550253
v 0.07712509483 -0.0157571733 0.04314916208
v 0.07712509483 0.01575309969 0.04314916208
v 0.07712511718 -0.0157571286 0.04314921424
v 0.07712511718 0.01575305499 0.04314921424
v 0.07712618262 -0.01575342193 0.04315185547
v 0.07712618262 0.01574934833 0.04315185547
v 0.07718107104 -0.01554591861 -0.04330028221
v 0.07718107104 0.01555005368 -0.04330028221
v 0.07718196511 -0.01554016024 -0.04330249503
v 0.07718196511 0.01554429531 -0.04330249503
v 0.07718447596 -0.01555002201 0.04329663143
v 0.07718447596 0.01554594841 0.04329663143
v 0.07718537003 -0.01554426458 0.04329884425
v 0.07718537003 0.01554019097 0.04329884425
v 0.07718867809 0.01551879663 0.04330706596
v 0.077218391 -0.01530473679 -0.04339295253
v 0.077218391 0.01530887187 -0.04339295253
v 0.07722178847 -0.01530884113 0.04338930175
v 0.07722178847 0.01530476753 0.04338930175
v 0.07723111659 -0.01504591852 -0.04342456162
v 0.07723111659 0.0150500536 -0.04342456162
v 0.07723451406 -0.01505002193 0.04342091084
v 0.07723451406 0.01504594833 0.04342091084
v 0.07799812406 0.03499898314 -2.014772235e-06
v 0.07817862183 -0.01592642628 -0.0423842445
v 0.07817862183 0.01593056135 -0.0423842445
v 0.07818202674 -0.01593052968 0.04238059372
v 0.07818202674 0.01592645794 0.04238059372
v 0.0782937929 -0.01575307548 -0.04258681834
v 0.0782937929 0.01575721055 -0.04258681834
v 0.07829719782 -0.01575718075 0.04258316755
v 0.07829719782 0.01575310715 0.04258316755
v 0.07837948948 -0.0155200772 -0.04273754358
v 0.07837948948 0.01552421227 -0.04273754358
v 0.0783828944 -0.01552418154 0.0427338928
v 0.0783828944 0.01552010793 0.0427338928
v 0.07842847705 -0.01524708234 -0.04282370955
v 0.07842847705 0.01525121741 -0.04282370955
v 0.07843188196 -0.01525118668 0.04282005876
v 0.07843188196 0.01524711307 0.04282005876
v 0.07843858004 -0.01504591852 -0.04284148291
v 0.07843858004 0.0150500536 -0.04284148291
v 0.07844198495 -0.01505002193 0.0428378284
v 0.07844198495 0.01504594833 0.0428378284
v 0.07867243886 -0.01504591852 -0.04268185049
v 0.07868327945 2.067572041e-06 -0.04269772768
v 0.07868621498 -2.03661034e-06 0.04269435629
v 0.07960721105 -0.01575307548 -0.04169024527
v 0.07960721105 0.01575721055 -0.04169024527
v 0.07961061597 -0.01575718075 0.04168659449
v 0.07961061597 0.01575310715 0.04168659449
v 0.07971636951 -0.0155200772 -0.04182495549
v 0.07971636951 0.01552421227 -0.04182495549
v 0.07971976697 -0.01552418154 0.04182130471
v 0.07971976697 0.01552010793 0.04182130471
v 0.07977876812 -0.01524708234 -0.04190196842
v 0.07977876812 0.01525121741 -0.04190196842
v 0.07978217304 -0.01525118668 0.04189831764
v 0.07978217304 0.01524711307 0.04189831764
v 0.07979163527 -0.01504591852 -0.04191785306
v 0.07979163527 0.0150500536 -0.04191785306
v 0.07979504019 -0.01505002193 0.04191419855
v 0.07979504019 0.01504594833 0.04191419855
v 0.08033120632 0.0150500536 -0.04140194878
v 0.08033129573 -0.01504591852 -0.04140186682
v 0.08035433292 2.067572041e-06 -0.04142596573
v 0.08035683632 -2.03661034e-06 0.04142316431
v 0.08075661957 -0.01575307548 -0.04059125856
v 0.08075661957 0.01575721055 -0.04059125856
v 0.08076002449 -0.01575718075 0.04058760405
v 0.08076002449 0.01575310715 0.04058760405
v 0.08088630438 -0.0155200772 -0.04070634022
v 0.08088630438 0.01552421227 -0.04070634022
v 0.08088970929 -0.01552418154 0.04070268944
v 0.08088970929 0.01552010793 0.04070268944
v 0.08096043766 -0.01524708234 -0.04077212885
v 0.08096043766 0.01525121741 -0.04077212885
v 0.08096384257 -0.01525118668 0.04076847807
v 0.08096384257 0.01524711307 0.04076847807
v 0.08097572625 -0.01504591852 -0.04078569636
v 0.08097572625 0.0150500536 -0.04078569636
v 0.08097913116 -0.01505002193 0.04078204557
v 0.08097913116 0.01504594833 0.04078204557
v 0.08163236082 0.01561322436 -0.03965720534
v 0.08163575828 -0.01561319456 0.03965355083
v 0.08163701743 -0.01560153347 -0.03966034949
v 0.08164042234 0.0156015642 0.0396566987
v 0.08167054504 -0.01551604457 -0.03968305141
v 0.08167312294 -0.0155195985 0.03967884555
v 0.08167394996 0.01551607624 0.0396793969
v 0.08171532303 0.01541055553 0.03970741481
v 0.08172074705 -0.01505002193 0.03982720897
v 0.08173913509 0.01534572244 -0.03972949833
v 0.08174071461 -0.01533709094 -0.03973056749
v 0.08174253255 -0.0153456917 0.03972584754
v 0.08174411207 0.0153371226 0.03972691298
v 0.08175533265 0.01524572913 0.03973450512
v 0.08177644759 -0.01504591852 -0.03975476325
v 0.08177644759 0.0150500536 -0.03975476325
v 0.08177985251 -0.01505002193 0.03975110874
v 0.08177985251 0.01504594833 0.03975110874
v 0.08218634874 -0.01541458629 -0.0389527753
v 0.08218681812 0.01541872323 -0.03895194456
v 0.08218844235 -0.01541868225 0.03895150498
v 0.08218863606 0.01541460957 0.03895115852
v 0.08221900463 -0.0349704735 0.00143747055
v 0.08221900463 -0.03494904935 -0.00188787072
v 0.08221900463 -0.03487923369 -0.002573454985
v 0.08221900463 -0.03467620537 0.004749835469
v 0.08221900463 -0.0346121341 -0.005196169484
v 0.08221900463 -0.03431503102 0.006694285665
v 0.08221900463 -0.03421710059 -0.007180207875
v 0.08221900463 -0.03406890854 0.008019321598
v 0.08221900463 -0.0339627713 -0.008457561955
v 0.08221900463 0.03309003264 -0.01140393782
v 0.08221900463 0.03309005499 0.01140386891
v 0.08221900463 0.0331055671 0.0113508366
v 0.08221900463 0.03402112797 -0.008219666779
v 0.08221900463 0.0340211466 0.008219595999
v 0.08221900463 0.03464654833 -0.004961542785
v 0.08221900463 0.03464655951 0.004961471539
v 0.08221900463 0.03496066853 -0.001658839872
v 0.08221900463 0.03496067226 0.001658767695
v 0.08223341405 -0.0152286794 -0.03897798061
v 0.08223388344 0.0152328182 -0.0389771387
v 0.08223550022 -0.01523277536 0.03897672519
v 0.08223569393 0.01522870362 0.03897637501
v 0.08242692053 -0.03494863585 0.001436572988
v 0.08242692053 -0.03492723033 -0.001886692015
v 0.08242692053 -0.03465455398 0.004746869672
v 0.08242692053 -0.03459052369 -0.005192925222
v 0.08242692053 -0.03404764086 0.008014314808
v 0.08242692053 -0.03394156322 -0.008452281356
v 0.08242692053 -0.03313336894 0.01120941434
v 0.08242692053 -0.0329862088 -0.01163533609
v 0.08242692053 -0.03191999346 0.01430332288
v 0.08242692053 -0.03173307702 -0.01471335627
v 0.08242692053 -0.03041846864 0.01726811193
v 0.08242692053 -0.03019348159 -0.01765855402
v 0.08242692053 -0.02864235081 0.02007701807
v 0.08242692053 -0.02838132344 -0.02044434659
v 0.08252802491 0.02851966396 -0.02020408772
v 0.08252802491 0.0285197068 0.02020402998
v 0.08252802491 0.03030451015 -0.01741301641
v 0.08252802491 0.03030454554 0.01741295308
v 0.08252802491 0.03181707114 -0.01446548942
v 0.08252802491 0.03181710094 0.0144654233
v 0.08252802491 0.03304376081 -0.01138799079
v 0.08252802491 0.03304378316 0.0113879228
v 0.08252802491 0.03397355601 -0.008208172396
v 0.08252802491 0.03397357091 0.008208102547
v 0.08252802491 0.03459809721 -0.004954604898
v 0.08252802491 0.03459810838 0.004954533186
v 0.08252802491 0.03491177782 -0.00165652018
v 0.08252802491 0.03491178155 0.001656448119
v 0.08269616216 -0.03484939039 0.001432493445
v 0.08269616216 -0.03482804447 -0.001881334116
v 0.08269616216 -0.03455614299 0.004733389709
v 0.08269616216 -0.03449229524 -0.005178178661
v 0.08269616216 -0.03395094723 0.00799155701
v 0.08269616216 -0.03384517878 -0.008428278379
v 0.08269616216 -0.03303927556 0.01117758173
v 0.08269616216 -0.03289253265 -0.01160229463
v 0.08269616216 -0.03182934597 0.01426270418
v 0.08269616216 -0.03164296225 -0.01467157342
v 0.08269616216 -0.03033208661 0.01721907593
v 0.08269616216 -0.03010773845 -0.01760840788
v 0.08269616216 -0.02856101282 0.0200200025
v 0.08269616216 -0.02830072679 -0.02038628981
v 0.08280678838 0.02840376273 -0.02012198046
v 0.08280678838 0.02840380371 0.02012192085
v 0.08280678838 0.03018135391 -0.01734224893
v 0.08280678838 0.03018139116 0.01734218746
v 0.08280678838 0.03168777004 -0.01440670155
v 0.08280678838 0.03168779984 0.01440663636
v 0.08280678838 0.03290947154 -0.01134171057
v 0.08280678838 0.03290949389 0.01134164259
v 0.08280678838 0.03383548558 -0.008174814284
v 0.08280678838 0.0338355042 0.008174745366
v 0.08280678838 0.03445748985 -0.004934469238
v 0.08280678838 0.03445750102 0.004934398457
v 0.08280678838 0.03476990014 -0.001649788115
v 0.08280678838 0.03476990387 0.001649716287
v 0.08900000155 -0.03150000051 1.387778781e-17
v 0.08900000155 -0.03125763312 -0.003900056006
v 0.08900000155 -0.03125763312 0.003900056006
v 0.08900000155 -0.03053425997 -0.007740096655
v 0.08900000155 -0.03053425997 0.007740096655
v 0.08900000155 -0.02934101038 -0.01146102883
v 0.08900000155 -0.02934101038 0.01146102883
v 0.08900000155 -0.02898663655 -0.01211488619
v 0.08900000155 -0.02898663655 0.01211488619
v 0.08900000155 -0.02498511598 -0.01904571988
v 0.08900000155 -0.02498511598 0.01904571988
v 0.08900000155 -0.02459604852 -0.01967954822
v 0.08900000155 -0.02459604852 0.01967954822
v 0.08900000155 -0.0222738646 -0.0222738646
v 0.08900000155 -0.0222738646 0.0222738646
v 0.08900000155 0.0222738646 -0.0222738646
v 0.08900000155 0.0222738646 0.0222738646
v 0.08900000155 0.02459604852 -0.01967954822
v 0.08900000155 0.02459604852 0.01967954822
v 0.08900000155 0.02498511598 -0.01904571988
v 0.08900000155 0.02498511598 0.01904571988
v 0.08900000155 0.02898663655 -0.01211488619
v 0.08900000155 0.02898663655 0.01211488619
v 0.08900000155 0.02934101038 -0.01146102883
v 0.08900000155 0.02934101038 0.01146102883
v 0.08900000155 0.03053425997 -0.007740096655
v 0.08900000155 0.03053425997 0.007740096655
v 0.08900000155 0.03125763312 -0.003900056006
v 0.08900000155 0.03125763312 0.003900056006
v 0.08900000155 0.03150000051 1.387778781e-17
v 0.09000000358 -0.03050000221 1.387778781e-17
v 0.09000000358 -0.03026532754 -0.003776244819
v 0.09000000358 -0.03026532754 0.003776244819
v 0.09000000358 -0.02956491709 -0.007494378835
v 0.09000000358 -0.02956491709 0.007494378835
v 0.09000000358 -0.02840955183 -0.01109718625
v 0.09000000358 -0.02840955183 0.01109718625
v 0.09000000358 -0.02817330137 -0.01153309084
v 0.09000000358 -0.02817330137 0.01153309084
v 0.09000000358 -0.02407459915 -0.01863224804
v 0.09000000358 -0.02407459915 0.01863224804
v 0.09000000358 -0.02381522022 -0.01905479841
v 0.09000000358 -0.02381522022 0.01905479841
v 0.09000000358 -0.02156675793 -0.02156675793
v 0.09000000358 -0.02156675793 0.02156675793
v 0.09000000358 -0.01905479841 -0.02381522022
v 0.09000000358 -0.01905479841 0.02381522022
v 0.09000000358 -0.01863224804 -0.02407459915
v 0.09000000358 -0.01863224804 0.02407459915
v 0.09000000358 -0.01153309084 -0.02817330137
v 0.09000000358 -0.01153309084 0.02817330137
v 0.09000000358 -0.01109718625 -0.02840955183
v 0.09000000358 -0.01109718625 0.02840955183
v 0.09000000358 -0.008838835172 -0.02913377061
v 0.09000000358 -0.008838835172 0.02913377061
v 0.09000000358 -0.007494378835 -0.02956491709
v 0.09000000358 -0.007494378835 0.02956491709
v 0.09000000358 -0.003776244819 -0.03026532754
v 0.09000000358 -0.003776244819 0.03026532754
v 0.09000000358 -1.500043776e-30 0.03050000221
v 0.09000000358 1.775159028e-30 -0.03050000221
v 0.09000000358 0.003776244819 -0.03026532754
v 0.09000000358 0.003776244819 0.03026532754
v 0.09000000358 0.007494378835 -0.02956491709
v 0.09000000358 0.007494378835 0.02956491709
v 0.09000000358 0.008838835172 -0.02913377061
v 0.09000000358 0.008838835172 0.02913377061
v 0.09000000358 0.01109718625 -0.02840955183
v 0.09000000358 0.01109718625 0.02840955183
v 0.09000000358 0.01153309084 -0.02817330137
v 0.09000000358 0.01153309084 0.02817330137
v 0.09000000358 0.01863224804 -0.02407459915
v 0.09000000358 0.01863224804 0.02407459915
v 0.09000000358 0.01905479841 -0.02381522022
v 0.09000000358 0.01905479841 0.02381522022
v 0.09000000358 0.02156675793 -0.02156675793
v 0.09000000358 0.02156675793 0.02156675793
v 0.09000000358 0.02381522022 -0.01905479841
v 0.09000000358 0.02381522022 0.01905479841
v 0.09000000358 0.02407459915 -0.01863224804
v 0.09000000358 0.02407459915 0.01863224804
v 0.09000000358 0.02817330137 -0.01153309084
v 0.09000000358 0.02817330137 0.01153309084
v 0.09000000358 0.02840955183 -0.01109718625
v 0.09000000358 0.02840955183 0.01109718625
v 0.09000000358 0.02956491709 -0.007494378835
v 0.09000000358 0.02956491709 0.007494378835
v 0.09000000358 0.03026532754 -0.003776244819
v 0.09000000358 0.03026532754 0.003776244819
v 0.09000000358 0.03050000221 1.387778781e-17
f 1183 1262 1240
f 1240 1262 1747
f 1747 1262 1748
f 1098 1183 1096
f 1098 1096 1013
f 1016 1014 1097
f 1770 1747 1748
f 1798 1797 1770
f 1396 1628 1780
f 1396 1780 1778
f 1356 1751 1262
f 1884 1723 1883
f 1703 1723 1708
f 1708 1704 1703
f 1703 1704 1688
f 1805 1803 1831
f 1788 1399 1786
f 1643 1597 1601
f 1764 1665 1239
f 1763 1665 1764
f 1402 1399 1788
f 1747 1770 1769
f 1769 1770 1797
f 1782 1780 1670
f 1806 1780 1808
f 1806 1778 1780
f 1748 1262 1749
f 1262 1751 1749
f 1749 1770 1748
f 1776 1806 1804
f 1778 1806 1776
f 1755 1356 1774
f 1593 1628 1396
f 223 275 184
f 1098 1013 1015
f 1773 1803 1775
f 1805 1777 1775
f 1775 1803 1805
f 1754 1752 1773
f 1873 1745 1871
f 1875 1745 1873
f 1399 1597 1633
f 1633 1786 1399
f 1006 1082 1076
f 1147 1135 1076
f 1601 1597 1555
f 1497 1555 1389
f 998 929 1023
f 948 937 1006
f 1763 1764 1796
f 1790 1818 1820
f 1760 1762 1361
f 1059 1097 1014
f 1684 1703 1688
f 1366 1497 1367
f 713 722 794
f 418 380 424
f 443 418 424
f 499 418 443
f 744 738 679
f 641 679 738
f 646 679 641
f 146 148 127
f 146 152 148
f 195 187 176
f 148 152 176
f 176 187 148
f 212 187 195
f 1857 1827 1855
f 1855 1827 1825
f 1825 1797 1798
f 1825 1827 1797
f 1797 1827 1799
f 1859 1861 1829
f 1829 1861 1831
f 1829 1857 1859
f 1827 1857 1829
f 1829 1831 1803
f 1666 1780 1628
f 1628 1670 1666
f 1666 1670 1780
f 1830 1806 1808
f 1860 1828 1830
f 1804 1806 1830
f 1830 1828 1804
f 1798 1770 1800
f 1396 1778 1398
f 1778 1776 1398
f 1751 1356 1753
f 1356 1755 1753
f 1810 1836 1808
f 1808 1780 1810
f 1810 1780 1782
f 1709 1836 1810
f 1810 1689 1709
f 1782 1670 1810
f 1670 1689 1810
f 1886 1885 1722
f 1185 1183 1098
f 1098 1187 1185
f 1262 1183 1185
f 1262 1185 1260
f 1 13 17
f 17 13 21
f 21 37 17
f 223 310 366
f 366 275 223
f 366 310 377
f 140 223 169
f 223 184 169
f 205 275 228
f 205 184 275
f 1333 1431 1323
f 1435 1431 1333
f 1126 1333 1233
f 452 350 389
f 1871 1745 1736
f 1711 1715 1691
f 1691 1715 1695
f 1715 1711 1837
f 1597 1643 1635
f 1635 1633 1597
f 1643 1673 1635
f 1673 1633 1635
f 1786 1633 1669
f 1669 1633 1673
f 1669 1784 1786
f 1673 1784 1669
f 1153 1217 1147
f 1147 1076 1153
f 1153 1076 1082
f 1147 1217 1213
f 1551 1597 1399
f 1399 1555 1551
f 1551 1555 1597
f 1367 1497 1381
f 1497 1389 1381
f 942 998 1014
f 929 998 942
f 812 738 744
f 1023 929 1024
f 1792 1762 1760
f 1792 1790 1820
f 1849 1818 1816
f 1788 1786 1816
f 1816 1790 1788
f 1818 1790 1816
f 1757 1790 1758
f 1758 1792 1760
f 1790 1792 1758
f 1269 1361 1762
f 1762 1764 1269
f 1269 1764 1239
f 1269 1195 1266
f 1821 1852 1850
f 1823 1852 1821
f 1763 1796 1795
f 1824 1822 1853
f 1824 1795 1796
f 1823 1795 1824
f 1756 1759 1791
f 1791 1759 1761
f 1908 1848 1850
f 1785 1815 1813
f 1815 1848 1813
f 1104 1123 1097
f 1097 1059 1104
f 1021 1059 1014
f 1023 1059 1021
f 1014 998 1021
f 1021 998 1023
f 1097 1123 1177
f 1683 1662 1679
f 1812 1843 1814
f 1786 1784 1814
f 1814 1784 1812
f 1814 1847 1849
f 1814 1816 1786
f 1849 1816 1814
f 1589 1576 1583
f 1625 1589 1621
f 1673 1653 1677
f 1685 1684 1688
f 1688 1704 1685
f 1672 1691 1676
f 1691 1695 1676
f 142 215 135
f 142 93 171
f 414 503 436
f 397 433 449
f 986 1013 1020
f 965 866 936
f 936 866 892
f 965 936 1029
f 1029 936 1005
f 1005 936 963
f 1426 1441 1429
f 1426 1422 1441
f 1414 1441 1418
f 1441 1422 1418
f 1410 1441 1414
f 1410 1406 1441
f 1325 1433 1332
f 1330 1433 1325
f 793 802 873
f 793 721 712
f 666 593 711
f 455 357 369
f 455 516 456
f 23 37 21
f 21 13 23
f 23 13 5
f 23 5 10
f 10 28 23
f 81 83 104
f 1309 1268 1245
f 632 614 571
f 562 614 572
f 571 614 562
f 874 955 905
f 1127 1172 1120
f 1042 997 955
f 905 955 960
f 955 997 960
f 794 874 803
f 505 499 491
f 499 443 491
f 648 679 646
f 499 641 643
f 646 641 589
f 589 648 646
f 589 499 505
f 589 641 499
f 367 222 274
f 340 380 338
f 338 319 340
f 1771 1769 1797
f 1797 1799 1771
f 1747 1769 1771
f 1771 1799 1773
f 1801 1799 1827
f 1827 1829 1801
f 1773 1799 1801
f 1801 1803 1773
f 1801 1829 1803
f 1832 1830 1808
f 1860 1830 1832
f 1751 1753 1772
f 1772 1800 1770
f 1772 1755 1774
f 1772 1753 1755
f 1770 1749 1772
f 1772 1749 1751
f 1828 1800 1802
f 1804 1828 1802
f 1802 1772 1774
f 1800 1772 1802
f 1802 1776 1804
f 1774 1776 1802
f 1868 1866 1836
f 1878 1735 1880
f 1876 1735 1878
f 1713 1836 1709
f 1687 1683 1702
f 1396 1398 1354
f 1354 1352 1396
f 1354 1398 1776
f 1774 1356 1354
f 1354 1776 1774
f 1354 1356 1262
f 1262 1260 1354
f 1298 1349 1314
f 1314 1349 1352
f 1342 1275 1320
f 1320 1431 1342
f 1209 1163 1226
f 1277 1290 1233
f 1233 1333 1277
f 1277 1333 1323
f 1320 1275 1281
f 1328 1431 1320
f 1323 1431 1328
f 1320 1281 1328
f 1328 1281 1290
f 1328 1277 1323
f 1290 1277 1328
f 1548 1593 1396
f 1595 1593 1548
f 1502 1431 1435
f 1506 1564 1502
f 1502 1437 1506
f 1435 1437 1502
f 144 137 217
f 377 376 415
f 730 725 668
f 798 725 730
f 720 636 670
f 615 628 569
f 628 577 569
f 182 173 271
f 271 310 182
f 182 310 223
f 182 223 140
f 47 37 49
f 47 17 37
f 181 174 112
f 333 248 251
f 281 333 339
f 281 248 333
f 339 341 281
f 377 310 331
f 331 376 377
f 331 310 271
f 271 300 331
f 475 376 441
f 475 586 524
f 524 415 475
f 475 415 376
f 475 441 540
f 540 586 475
f 192 248 186
f 192 251 248
f 140 169 158
f 928 876 926
f 926 986 928
f 1149 1145 1142
f 1142 1080 1149
f 1149 1219 1215
f 1155 1219 1149
f 1288 1298 1215
f 1215 1219 1288
f 1100 1080 1142
f 1142 1145 1100
f 1017 1080 1100
f 1100 1187 1098
f 1100 1145 1187
f 1098 1015 1100
f 1100 1015 1017
f 1038 1126 1060
f 990 999 952
f 283 389 350
f 354 350 452
f 1879 1736 1877
f 1881 1736 1879
f 1877 1736 1767
f 1767 1736 1745
f 1767 1875 1877
f 1767 1745 1875
f 1715 1736 1719
f 1741 1881 1883
f 1741 1736 1881
f 1741 1719 1736
f 1839 1837 1869
f 1831 1861 1833
f 1807 1777 1805
f 1805 1831 1807
f 1831 1833 1807
f 1809 1711 1691
f 1809 1837 1711
f 1809 1807 1837
f 1809 1691 1672
f 1647 1653 1673
f 1692 1784 1673
f 1812 1784 1692
f 1692 1677 1696
f 1673 1677 1692
f 1266 1195 1263
f 1197 1263 1195
f 1653 1647 1609
f 1655 1611 1656
f 1656 1677 1655
f 1655 1677 1653
f 1311 1263 1296
f 1392 1369 1389
f 1392 1555 1399
f 1392 1389 1555
f 1357 1263 1311
f 1357 1392 1399
f 1369 1392 1357
f 1386 1407 1440
f 1440 1334 1386
f 929 942 927
f 927 878 929
f 930 1024 929
f 1006 1076 1010
f 791 825 717
f 1854 1824 1853
f 1854 1852 1823
f 1823 1824 1854
f 1851 1913 1853
f 1851 1818 1849
f 1820 1818 1851
f 1851 1822 1820
f 1853 1822 1851
f 1794 1792 1820
f 1820 1822 1794
f 1762 1792 1794
f 1794 1764 1762
f 1794 1796 1764
f 1794 1824 1796
f 1822 1824 1794
f 1757 1758 1359
f 1359 1790 1757
f 1760 1361 1359
f 1359 1758 1760
f 1359 1402 1788
f 1788 1790 1359
f 1399 1402 1359
f 1359 1357 1399
f 1359 1269 1266
f 1361 1269 1359
f 1266 1263 1359
f 1263 1357 1359
f 1756 1791 1789
f 1793 1791 1761
f 1821 1791 1793
f 1793 1761 1763
f 1763 1795 1793
f 1823 1821 1793
f 1793 1795 1823
f 1850 1852 1912
f 1785 1813 1811
f 1846 1813 1848
f 1846 1906 1904
f 1908 1906 1846
f 1848 1908 1846
f 825 791 895
f 895 791 868
f 697 731 757
f 757 731 785
f 1123 1104 1106
f 1106 1177 1123
f 1106 1104 1059
f 1106 1108 1195
f 1106 1059 1023
f 1023 1024 1106
f 1106 1024 1108
f 1896 1894 1744
f 1744 1898 1896
f 1675 1679 1658
f 1658 1679 1662
f 1901 1728 1899
f 1845 1814 1843
f 1847 1814 1845
f 1559 1609 1555
f 1611 1609 1559
f 1559 1563 1611
f 1611 1563 1617
f 1656 1611 1617
f 1567 1589 1625
f 1576 1589 1567
f 1625 1617 1567
f 1567 1617 1563
f 1520 1544 1567
f 1567 1509 1520
f 1660 1677 1656
f 1681 1677 1660
f 1656 1617 1660
f 1660 1617 1625
f 1664 1685 1681
f 1664 1660 1625
f 1681 1660 1664
f 1664 1621 1627
f 1625 1621 1664
f 128 45 135
f 185 189 170
f 282 189 185
f 268 171 179
f 120 157 124
f 139 179 124
f 110 106 78
f 78 106 80
f 140 158 121
f 2 14 3
f 3 14 5
f 1 2 3
f 3 13 1
f 5 13 3
f 229 171 268
f 229 142 171
f 215 142 229
f 70 142 135
f 93 142 70
f 188 185 170
f 170 128 188
f 282 185 188
f 406 405 288
f 49 37 51
f 37 23 51
f 28 59 51
f 51 23 28
f 36 59 28
f 36 28 10
f 170 189 129
f 44 36 129
f 129 36 39
f 678 722 713
f 678 673 722
f 639 673 678
f 600 673 639
f 600 639 568
f 568 485 448
f 347 436 448
f 526 608 623
f 514 608 526
f 745 737 811
f 811 747 745
f 623 691 528
f 528 526 623
f 715 789 823
f 623 608 715
f 866 789 772
f 1053 1013 1096
f 934 936 892
f 934 963 936
f 963 934 1027
f 1583 1576 1578
f 1578 1579 1583
f 1566 1579 1570
f 1632 1668 1672
f 1368 1500 1433
f 677 721 672
f 672 638 677
f 712 721 677
f 611 584 566
f 611 638 599
f 599 584 611
f 672 632 599
f 599 638 672
f 272 203 227
f 183 203 272
f 712 735 762
f 762 793 712
f 802 793 762
f 666 711 758
f 602 666 758
f 758 735 602
f 802 762 758
f 758 762 735
f 818 711 771
f 818 771 808
f 616 711 593
f 627 711 616
f 616 593 607
f 607 627 616
f 1212 1249 1295
f 904 945 959
f 873 904 954
f 954 904 959
f 893 866 965
f 823 789 893
f 893 789 866
f 1041 954 996
f 996 954 959
f 964 992 975
f 959 945 975
f 975 996 959
f 992 996 975
f 570 634 615
f 662 701 676
f 369 381 466
f 466 455 369
f 533 455 466
f 404 381 293
f 311 222 367
f 181 222 311
f 442 361 476
f 476 541 442
f 379 455 456
f 357 455 379
f 369 357 241
f 625 635 717
f 831 835 776
f 1306 1345 1366
f 1366 1309 1306
f 1306 1284 1293
f 1030 1082 1006
f 1006 937 1030
f 937 966 1030
f 1172 1168 1132
f 1132 1120 1172
f 1063 1042 1127
f 1127 1120 1063
f 997 1042 1063
f 860 874 905
f 860 803 874
f 588 527 656
f 656 678 713
f 708 791 717
f 743 791 708
f 529 447 450
f 740 641 738
f 740 643 641
f 195 176 197
f 197 212 195
f 388 460 325
f 249 212 253
f 187 212 249
f 249 193 187
f 252 193 249
f 325 274 233
f 1701 1702 1707
f 1687 1702 1701
f 1670 1640 1648
f 1648 1674 1670
f 1638 1640 1670
f 1670 1636 1638
f 1595 1636 1630
f 1628 1593 1630
f 1630 1593 1595
f 1630 1670 1628
f 1630 1636 1670
f 1858 1828 1860
f 1858 1856 1828
f 1826 1856 1855
f 1855 1825 1826
f 1828 1856 1826
f 1826 1800 1828
f 1826 1825 1798
f 1798 1800 1826
f 1860 1832 1862
f 1808 1836 1834
f 1834 1832 1808
f 1870 1868 1727
f 1836 1713 1727
f 1709 1689 1693
f 1693 1713 1709
f 1693 1689 1670
f 1670 1674 1693
f 1706 1701 1707
f 1739 1882 1880
f 1880 1735 1739
f 1705 1722 1707
f 1707 1702 1705
f 1705 1718 1722
f 1683 1679 1698
f 1698 1702 1683
f 1698 1679 1675
f 1714 1718 1698
f 1698 1705 1702
f 1718 1705 1698
f 1396 1352 1373
f 1352 1349 1373
f 1258 1314 1352
f 1258 1354 1260
f 1352 1354 1258
f 1258 1185 1187
f 1258 1260 1185
f 1370 1342 1494
f 1275 1342 1299
f 1299 1342 1313
f 1237 1281 1275
f 1275 1299 1237
f 1237 1299 1226
f 1060 1126 1117
f 1431 1502 1498
f 1498 1342 1431
f 1494 1342 1498
f 1502 1556 1498
f 210 217 137
f 210 190 224
f 231 173 144
f 144 217 231
f 271 173 231
f 231 300 271
f 224 239 240
f 240 243 224
f 267 370 382
f 756 730 696
f 668 590 696
f 696 730 668
f 861 853 899
f 657 621 668
f 668 725 657
f 798 853 796
f 796 725 798
f 796 853 861
f 902 949 957
f 949 902 871
f 871 902 857
f 798 730 816
f 628 670 597
f 597 577 628
f 597 670 636
f 532 569 577
f 137 42 130
f 149 190 130
f 130 210 137
f 190 210 130
f 8 7 4
f 4 6 8
f 4 7 2
f 4 2 1
f 1 17 4
f 17 6 4
f 76 83 81
f 76 51 83
f 181 112 125
f 125 112 122
f 99 131 149
f 68 43 99
f 99 43 131
f 138 145 218
f 138 43 55
f 131 43 138
f 333 251 335
f 353 331 300
f 147 132 110
f 192 158 200
f 184 205 200
f 200 169 184
f 200 158 169
f 200 205 228
f 1207 1258 1187
f 1211 1258 1207
f 1187 1145 1207
f 1215 1211 1207
f 1145 1149 1207
f 1207 1149 1215
f 1155 1149 1078
f 1078 1149 1080
f 1221 1219 1155
f 1209 1226 1210
f 1226 1248 1210
f 1210 1221 1209
f 1248 1221 1210
f 1341 1383 1349
f 1341 1349 1298
f 1298 1288 1341
f 1274 1288 1219
f 1219 1221 1274
f 1158 1163 1209
f 1158 1090 1163
f 1163 1090 1091
f 1091 1121 1163
f 949 1038 994
f 957 949 994
f 994 1038 1060
f 1039 999 1064
f 1064 1091 1039
f 1121 1091 1064
f 978 999 1039
f 1039 985 978
f 952 999 978
f 971 990 952
f 952 899 971
f 957 994 971
f 971 994 990
f 606 531 452
f 462 415 524
f 462 477 480
f 524 590 462
f 590 477 462
f 324 461 389
f 228 275 324
f 324 283 228
f 389 283 324
f 228 283 259
f 259 200 228
f 251 192 259
f 192 200 259
f 417 498 454
f 333 335 417
f 1699 1695 1715
f 1715 1719 1699
f 1699 1676 1695
f 1723 1703 1699
f 1699 1719 1723
f 1703 1684 1699
f 1733 1883 1723
f 1733 1741 1883
f 1723 1719 1733
f 1719 1741 1733
f 1839 1869 1726
f 1726 1869 1871
f 1726 1837 1839
f 1715 1837 1726
f 1867 1869 1837
f 1672 1668 1781
f 1781 1809 1672
f 1807 1809 1781
f 1645 1673 1643
f 1645 1647 1673
f 1645 1643 1601
f 1139 1153 1082
f 1139 1144 1153
f 1141 1135 1147
f 1141 1197 1135
f 1263 1197 1247
f 1213 1296 1247
f 1247 1296 1263
f 1601 1555 1603
f 1555 1609 1603
f 1603 1609 1647
f 1364 1357 1311
f 1369 1357 1364
f 1423 1427 1442
f 1442 1419 1423
f 1442 1427 1429
f 1415 1419 1442
f 1442 1411 1415
f 1429 1441 1442
f 1442 1447 1463
f 1407 1411 1442
f 1442 1440 1407
f 1509 1567 1505
f 1505 1567 1563
f 1366 1345 1434
f 1334 1440 1434
f 921 942 1014
f 921 927 942
f 878 927 921
f 921 1014 1016
f 652 753 750
f 750 648 652
f 750 753 852
f 933 930 882
f 868 791 780
f 780 791 743
f 1913 1851 1911
f 1817 1848 1815
f 1815 1789 1817
f 1850 1848 1817
f 1817 1789 1791
f 1787 1395 1397
f 1787 1789 1815
f 1785 1395 1787
f 1787 1815 1785
f 1910 1908 1850
f 1850 1912 1910
f 1852 1854 1914
f 1914 1912 1852
f 1853 1913 1914
f 1914 1854 1853
f 1844 1846 1904
f 1813 1846 1844
f 1785 1811 1783
f 1783 1811 1690
f 1690 1671 1783
f 1783 1667 1785
f 1783 1671 1667
f 1404 1390 1376
f 1376 1395 1404
f 1629 1395 1785
f 1785 1667 1629
f 1667 1671 1629
f 1397 1395 1353
f 1353 1759 1756
f 1756 1789 1353
f 1353 1787 1397
f 1789 1787 1353
f 1259 1186 1184
f 1184 1191 1239
f 1177 1191 1184
f 1097 1177 1184
f 1184 1186 1097
f 868 938 967
f 967 895 868
f 938 1031 967
f 862 835 914
f 697 757 734
f 734 757 761
f 1239 1191 1193
f 1193 1269 1239
f 1195 1269 1193
f 1193 1191 1177
f 1193 1106 1195
f 1177 1106 1193
f 1894 1892 1766
f 1744 1894 1766
f 1725 1900 1898
f 1649 1671 1675
f 1615 1662 1623
f 1613 1658 1615
f 1615 1658 1662
f 1843 1728 1841
f 1841 1901 1843
f 1728 1901 1841
f 1843 1901 1903
f 1737 1746 1899
f 1696 1677 1700
f 1700 1677 1681
f 1700 1685 1704
f 1681 1685 1700
f 1716 1692 1696
f 1696 1700 1716
f 1716 1700 1720
f 1720 1737 1716
f 1716 1728 1843
f 1724 1704 1708
f 1708 1723 1724
f 1724 1700 1704
f 1720 1700 1724
f 1724 1723 1884
f 1463 1447 1454
f 1454 1462 1463
f 1624 1659 1663
f 1680 1684 1663
f 1663 1659 1680
f 1680 1659 1676
f 1680 1699 1684
f 1676 1699 1680
f 35 128 40
f 45 128 35
f 10 27 35
f 64 45 35
f 35 27 64
f 80 106 82
f 414 436 317
f 139 124 161
f 161 124 157
f 166 139 161
f 161 203 183
f 157 203 161
f 108 179 171
f 108 124 179
f 116 82 106
f 120 86 116
f 86 82 116
f 71 137 144
f 88 62 71
f 33 24 42
f 109 121 88
f 173 182 109
f 88 121 84
f 84 62 88
f 58 86 64
f 64 27 58
f 38 46 48
f 207 128 135
f 207 188 128
f 135 215 207
f 303 294 307
f 307 207 215
f 294 207 307
f 303 307 416
f 416 318 438
f 438 566 416
f 405 406 517
f 572 614 633
f 673 600 633
f 639 678 620
f 572 633 580
f 580 633 600
f 538 436 503
f 568 448 538
f 538 448 436
f 492 503 414
f 414 399 492
f 492 399 405
f 405 517 492
f 684 640 737
f 737 745 684
f 684 745 747
f 655 608 514
f 655 715 608
f 601 498 640
f 767 778 691
f 767 715 823
f 767 691 623
f 623 715 767
f 691 778 732
f 518 528 468
f 526 528 518
f 518 468 514
f 514 526 518
f 468 528 457
f 457 433 514
f 514 468 457
f 457 449 433
f 457 528 449
f 658 627 607
f 607 519 658
f 658 711 627
f 771 711 658
f 658 689 771
f 771 689 695
f 789 715 699
f 715 655 699
f 1190 1183 1240
f 1103 1053 1096
f 1105 1053 1103
f 1020 1013 1044
f 1013 1053 1044
f 1224 1200 1178
f 1050 996 992
f 1050 992 964
f 964 1003 1050
f 1094 1072 1089
f 1029 1072 1045
f 1072 1047 1045
f 1054 1047 1072
f 1054 1050 1003
f 1109 1196 1136
f 1005 963 988
f 963 1027 988
f 931 928 1025
f 1025 934 931
f 1025 1027 934
f 1576 1567 1571
f 1571 1578 1576
f 1571 1570 1578
f 1579 1578 1577
f 1577 1570 1579
f 1578 1570 1577
f 1546 1545 1566
f 1544 1545 1546
f 1520 1509 1513
f 1467 1478 1441
f 1508 1478 1467
f 1433 1500 1439
f 1406 1385 1439
f 1441 1406 1439
f 1439 1385 1332
f 1332 1433 1439
f 1365 1433 1330
f 1365 1368 1433
f 1500 1368 1496
f 619 638 611
f 619 677 638
f 611 478 619
f 453 478 611
f 611 566 453
f 453 566 438
f 453 373 478
f 579 632 571
f 579 599 632
f 584 599 579
f 402 478 385
f 407 272 322
f 322 458 407
f 322 272 227
f 227 244 322
f 183 272 220
f 220 139 166
f 220 179 139
f 308 385 268
f 268 179 308
f 179 220 308
f 407 458 490
f 603 528 691
f 603 658 519
f 449 528 603
f 603 519 449
f 1346 1295 1312
f 1773 1775 1360
f 1360 1775 1777
f 1777 1403 1360
f 1360 1400 1358
f 1403 1400 1360
f 1371 1388 1346
f 1358 1400 1371
f 886 904 890
f 945 904 886
f 890 840 886
f 1041 996 1062
f 1062 1050 1057
f 996 1050 1062
f 615 569 561
f 561 570 615
f 546 455 533
f 533 570 546
f 516 455 546
f 610 541 618
f 618 637 610
f 662 676 618
f 676 637 618
f 587 541 476
f 662 618 587
f 587 618 541
f 404 442 494
f 494 442 541
f 494 541 610
f 610 565 494
f 533 466 556
f 276 381 369
f 361 442 349
f 270 174 181
f 181 311 270
f 330 270 311
f 770 625 717
f 717 825 770
f 825 831 770
f 770 831 776
f 521 388 451
f 460 388 521
f 726 797 799
f 799 731 726
f 776 835 810
f 810 835 862
f 693 770 776
f 625 770 693
f 530 625 693
f 797 726 724
f 724 726 667
f 979 914 897
f 83 51 87
f 87 51 59
f 1268 1309 1305
f 1347 1381 1389
f 1389 1369 1347
f 1369 1364 1347
f 1311 1296 1347
f 1347 1364 1311
f 1344 1309 1366
f 1344 1319 1309
f 1344 1366 1367
f 1326 1280 1334
f 1334 1434 1326
f 1236 1172 1127
f 1127 1334 1236
f 1334 1280 1236
f 1245 1182 1243
f 1284 1306 1243
f 1243 1309 1245
f 1243 1306 1309
f 1293 1284 1243
f 1243 1280 1293
f 1243 1236 1280
f 1168 1182 1137
f 1137 1132 1168
f 1069 1037 1079
f 1132 1137 1079
f 1134 1069 1079
f 1079 1137 1134
f 1079 1063 1120
f 997 1063 1051
f 1051 1079 1037
f 1004 1030 966
f 966 983 1004
f 351 261 327
f 450 383 327
f 327 383 351
f 199 261 257
f 505 491 507
f 507 589 505
f 507 491 443
f 648 589 507
f 652 648 507
f 507 511 652
f 351 383 434
f 714 774 681
f 877 883 827
f 803 860 819
f 714 660 727
f 588 484 474
f 595 527 485
f 595 656 527
f 595 485 568
f 717 635 671
f 671 708 717
f 743 708 651
f 651 740 743
f 643 740 651
f 708 671 651
f 651 671 635
f 768 824 716
f 450 520 604
f 604 529 450
f 447 529 469
f 624 768 716
f 824 768 856
f 937 882 867
f 867 966 937
f 867 894 966
f 451 388 360
f 141 222 181
f 122 159 141
f 193 159 151
f 148 187 151
f 187 193 151
f 175 274 222
f 202 274 175
f 263 249 253
f 319 249 263
f 206 274 202
f 206 233 274
f 292 388 325
f 292 360 388
f 233 206 201
f 201 206 202
f 202 175 201
f 201 159 193
f 201 175 159
f 1678 1674 1657
f 1657 1661 1678
f 1657 1674 1650
f 1674 1648 1650
f 1836 1866 1864
f 1864 1834 1836
f 1864 1862 1832
f 1832 1834 1864
f 1743 1872 1870
f 1870 1735 1743
f 1874 1872 1743
f 1729 1735 1870
f 1870 1727 1729
f 1729 1713 1735
f 1729 1727 1713
f 1838 1868 1836
f 1836 1727 1838
f 1838 1727 1868
f 1735 1713 1717
f 1717 1739 1735
f 1714 1698 1694
f 1694 1698 1675
f 1675 1671 1694
f 1694 1671 1690
f 1391 1383 1494
f 1349 1383 1391
f 1391 1373 1349
f 1215 1298 1255
f 1255 1211 1215
f 1255 1258 1211
f 1313 1342 1350
f 1342 1370 1350
f 1494 1383 1379
f 1379 1370 1494
f 1383 1341 1379
f 1173 1226 1163
f 1173 1237 1226
f 1163 1121 1173
f 1640 1638 1598
f 1598 1638 1636
f 1598 1636 1595
f 1552 1391 1494
f 1494 1498 1552
f 1552 1498 1556
f 1401 1391 1552
f 1595 1548 1552
f 1552 1598 1595
f 1552 1548 1396
f 1396 1401 1552
f 1560 1502 1564
f 1560 1556 1502
f 382 403 285
f 358 379 456
f 456 370 358
f 358 356 379
f 358 240 239
f 243 240 358
f 358 370 243
f 224 267 235
f 235 210 224
f 217 210 235
f 224 243 245
f 245 267 224
f 243 370 245
f 370 267 245
f 609 597 636
f 482 403 382
f 496 590 668
f 668 512 496
f 522 606 452
f 452 389 522
f 389 461 522
f 737 640 642
f 881 909 879
f 935 909 881
f 811 737 833
f 833 844 811
f 876 844 833
f 1017 1015 924
f 524 586 644
f 644 590 524
f 644 696 590
f 675 636 720
f 707 657 725
f 725 796 707
f 838 853 798
f 798 816 838
f 838 816 857
f 857 816 800
f 756 760 800
f 800 871 857
f 545 532 456
f 569 532 545
f 456 516 545
f 63 138 55
f 17 47 53
f 53 26 17
f 11 26 12
f 8 6 11
f 11 6 17
f 17 26 11
f 9 8 11
f 11 12 9
f 9 12 18
f 12 24 18
f 18 33 9
f 24 33 18
f 42 24 31
f 49 51 60
f 51 76 60
f 60 47 49
f 111 104 113
f 127 148 111
f 111 113 127
f 47 60 79
f 79 60 76
f 79 53 47
f 85 53 79
f 79 76 81
f 81 104 79
f 104 111 79
f 122 112 89
f 89 53 85
f 63 53 89
f 55 43 34
f 34 63 55
f 12 26 34
f 26 53 34
f 34 53 63
f 149 130 95
f 95 130 42
f 131 138 209
f 209 138 218
f 350 354 345
f 345 283 350
f 345 259 283
f 345 335 251
f 251 259 345
f 256 281 341
f 441 353 342
f 342 353 300
f 441 376 355
f 355 353 441
f 376 331 355
f 331 353 355
f 117 147 110
f 117 84 121
f 110 78 117
f 78 84 117
f 150 158 192
f 150 192 186
f 186 147 150
f 147 117 150
f 150 121 158
f 150 117 121
f 846 844 876
f 876 928 846
f 846 747 811
f 811 844 846
f 1155 1078 1084
f 1071 1080 1017
f 1071 1078 1080
f 1252 1221 1248
f 1252 1274 1221
f 1252 1248 1226
f 1226 1299 1252
f 1337 1341 1288
f 1288 1274 1337
f 1337 1274 1313
f 1313 1350 1337
f 1337 1350 1370
f 1370 1379 1337
f 1337 1379 1341
f 1090 1158 1157
f 1155 1084 1157
f 1157 1221 1155
f 1209 1221 1157
f 1157 1158 1209
f 1009 985 1039
f 398 341 339
f 398 425 341
f 339 333 398
f 333 417 398
f 1048 1064 999
f 999 990 1048
f 1048 994 1060
f 990 994 1048
f 1060 1117 1112
f 957 971 943
f 943 971 899
f 275 366 409
f 409 324 275
f 461 324 409
f 480 461 409
f 498 417 500
f 508 642 500
f 640 498 500
f 500 642 640
f 1871 1736 1730
f 1730 1726 1871
f 1730 1736 1715
f 1715 1726 1730
f 1863 1833 1861
f 1837 1807 1835
f 1835 1807 1833
f 1668 1632 1779
f 1779 1781 1668
f 1632 1400 1779
f 1807 1781 1779
f 1777 1807 1779
f 1779 1403 1777
f 1779 1400 1403
f 1180 1182 1245
f 1180 1144 1134
f 1134 1137 1180
f 1180 1137 1182
f 1223 1180 1245
f 1213 1247 1199
f 1199 1247 1197
f 1147 1213 1199
f 1199 1141 1147
f 1197 1141 1199
f 1441 1450 1448
f 1463 1509 1468
f 1468 1442 1463
f 1509 1505 1468
f 1440 1442 1468
f 1468 1505 1440
f 1497 1366 1501
f 1366 1434 1501
f 1440 1505 1501
f 1501 1434 1440
f 1501 1555 1497
f 1501 1559 1555
f 1563 1559 1501
f 1501 1505 1563
f 845 878 834
f 878 921 834
f 738 812 834
f 834 812 845
f 923 921 1016
f 923 834 921
f 746 812 744
f 744 679 746
f 679 648 746
f 648 750 746
f 849 750 852
f 852 882 849
f 882 930 849
f 753 687 764
f 987 948 1006
f 1006 1010 987
f 1024 930 1026
f 930 933 1026
f 1026 987 1010
f 1026 933 948
f 948 987 1026
f 948 933 915
f 915 933 882
f 937 948 915
f 915 882 937
f 1110 1076 1135
f 1135 1197 1110
f 1108 1024 1110
f 1024 1026 1110
f 1195 1108 1110
f 1110 1197 1195
f 1849 1847 1909
f 1909 1847 1907
f 1909 1851 1849
f 1909 1911 1851
f 1850 1817 1819
f 1819 1817 1791
f 1819 1821 1850
f 1819 1791 1821
f 1710 1694 1690
f 1714 1694 1710
f 1690 1811 1710
f 1842 1844 1904
f 1842 1710 1811
f 1842 1725 1714
f 1714 1710 1842
f 1842 1811 1813
f 1813 1844 1842
f 1007 1031 938
f 1007 938 977
f 1007 1036 1077
f 1018 923 1016
f 1077 1036 1085
f 1085 1018 1101
f 1036 1018 1085
f 1382 1378 1340
f 1148 1214 1218
f 1077 1085 1148
f 1208 1214 1148
f 1164 1175 1227
f 1395 1629 1594
f 1637 1671 1639
f 1637 1639 1599
f 1599 1594 1637
f 1761 1759 1355
f 1759 1353 1355
f 1101 1186 1188
f 1097 1186 1099
f 1099 1186 1101
f 1016 1097 1099
f 1099 1018 1016
f 1101 1018 1099
f 1261 1665 1763
f 1259 1184 1261
f 1239 1665 1261
f 1261 1184 1239
f 1763 1761 1261
f 1761 1355 1261
f 1261 1353 1259
f 1261 1355 1353
f 1002 1031 1034
f 1002 967 1031
f 1034 1066 1002
f 801 757 785
f 761 757 801
f 1092 1124 1164
f 1066 1124 1092
f 1734 1766 1892
f 1734 1718 1714
f 1714 1725 1734
f 1744 1766 1734
f 1734 1898 1744
f 1734 1725 1898
f 1675 1658 1651
f 1651 1649 1675
f 1639 1671 1641
f 1671 1649 1641
f 1599 1639 1641
f 1905 1845 1843
f 1843 1903 1905
f 1907 1847 1905
f 1847 1845 1905
f 1899 1746 1897
f 1746 1895 1897
f 1893 1895 1768
f 1768 1737 1893
f 1768 1895 1746
f 1746 1737 1768
f 1728 1716 1731
f 1899 1728 1731
f 1712 1716 1843
f 1692 1716 1712
f 1712 1843 1812
f 1812 1692 1712
f 1449 1454 1447
f 1450 1454 1449
f 1449 1448 1450
f 1447 1442 1449
f 1453 1454 1450
f 1620 1663 1626
f 1620 1624 1663
f 1592 1621 1589
f 1592 1589 1583
f 10 5 22
f 22 27 10
f 5 14 22
f 40 29 15
f 10 35 15
f 15 35 40
f 15 36 10
f 39 36 15
f 66 128 170
f 170 129 66
f 40 128 66
f 66 29 40
f 66 129 39
f 61 46 78
f 48 46 61
f 328 317 436
f 314 306 414
f 414 317 314
f 189 289 297
f 287 289 189
f 405 399 287
f 399 289 287
f 171 93 101
f 101 108 171
f 114 106 110
f 114 116 106
f 110 132 114
f 132 116 114
f 132 147 153
f 147 162 153
f 144 173 100
f 173 109 100
f 100 109 88
f 54 33 42
f 54 42 137
f 62 33 54
f 137 71 54
f 54 71 62
f 25 33 62
f 25 8 9
f 9 33 25
f 140 121 126
f 121 109 126
f 126 182 140
f 126 109 182
f 64 70 56
f 56 45 64
f 56 70 135
f 135 45 56
f 312 307 215
f 215 229 312
f 329 229 363
f 329 312 229
f 284 290 288
f 284 301 290
f 294 301 284
f 188 207 284
f 284 207 294
f 318 416 316
f 316 416 307
f 316 312 318
f 307 312 316
f 548 517 406
f 568 639 612
f 639 620 612
f 612 595 568
f 620 595 612
f 572 580 535
f 503 492 535
f 585 580 600
f 585 600 568
f 352 337 280
f 352 433 397
f 449 519 386
f 519 458 386
f 458 322 386
f 386 337 449
f 280 337 386
f 386 322 280
f 649 684 747
f 454 498 504
f 498 601 504
f 864 886 808
f 945 886 864
f 808 778 864
f 789 699 755
f 1192 1190 1240
f 1192 1267 1194
f 1140 1146 1136
f 1136 1196 1140
f 1201 1249 1212
f 1201 1196 1249
f 1212 1146 1201
f 1289 1283 1242
f 1242 1283 1231
f 1242 1200 1224
f 1216 1146 1212
f 965 982 970
f 970 893 965
f 916 893 970
f 970 1003 964
f 1095 1054 1072
f 1095 1072 1094
f 1150 1131 1095
f 1095 1131 1054
f 1047 1054 1012
f 1012 1045 1047
f 1012 1054 1003
f 1029 1045 1012
f 965 1029 1012
f 1012 982 965
f 1027 1109 1074
f 1074 1146 1075
f 1020 1044 1022
f 1022 986 1020
f 1022 1044 1053
f 1022 928 986
f 1022 1025 928
f 1022 1053 1105
f 1107 1109 1027
f 1027 1025 1107
f 1107 1022 1105
f 1025 1022 1107
f 1105 1192 1107
f 1107 1192 1194
f 1194 1196 1107
f 1196 1109 1107
f 1526 1527 1530
f 1538 1545 1544
f 1530 1527 1538
f 1547 1567 1544
f 1544 1546 1547
f 1566 1527 1533
f 1533 1527 1508
f 1566 1545 1534
f 1534 1527 1566
f 1545 1538 1534
f 1534 1538 1527
f 1522 1512 1508
f 1508 1527 1522
f 1478 1471 1466
f 1466 1450 1441
f 1441 1478 1466
f 1461 1453 1466
f 1466 1453 1450
f 1472 1466 1471
f 1493 1508 1509
f 1493 1478 1508
f 1504 1467 1441
f 1441 1439 1504
f 1508 1467 1504
f 1504 1439 1500
f 1504 1533 1508
f 1566 1533 1504
f 1380 1496 1377
f 1388 1496 1380
f 1346 1388 1380
f 1041 1062 1125
f 1332 1125 1235
f 1235 1125 1171
f 1167 1131 1150
f 1167 1171 1131
f 1292 1283 1330
f 1231 1283 1292
f 1292 1235 1231
f 677 619 663
f 368 453 363
f 373 453 368
f 368 229 268
f 363 229 368
f 534 579 571
f 571 548 534
f 268 385 371
f 371 385 373
f 371 368 268
f 373 368 371
f 478 373 374
f 374 385 478
f 373 385 374
f 280 322 266
f 266 322 244
f 167 220 166
f 183 220 167
f 166 161 167
f 167 161 183
f 364 272 407
f 407 463 364
f 364 220 272
f 364 308 220
f 487 490 602
f 550 666 602
f 602 490 550
f 691 732 680
f 680 603 691
f 680 695 689
f 689 658 680
f 658 603 680
f 711 818 786
f 786 758 711
f 786 818 802
f 802 758 786
f 1249 1196 1264
f 1264 1295 1249
f 1264 1312 1295
f 1358 1312 1264
f 1194 1267 1264
f 1264 1196 1194
f 1264 1360 1358
f 1267 1360 1264
f 1752 1754 1362
f 1362 1754 1773
f 1773 1360 1362
f 1752 1362 1750
f 1747 1771 1750
f 1773 1752 1750
f 1750 1771 1773
f 1388 1371 1394
f 1394 1371 1400
f 1363 1312 1358
f 1358 1371 1363
f 1346 1312 1363
f 1363 1371 1346
f 890 904 859
f 859 840 890
f 873 802 859
f 859 904 873
f 802 818 859
f 818 840 859
f 821 840 818
f 821 886 840
f 821 818 808
f 808 886 821
f 1114 1062 1057
f 1057 1050 1114
f 1054 1131 1114
f 1050 1054 1114
f 570 561 542
f 542 546 570
f 516 546 542
f 542 561 569
f 569 545 542
f 542 545 516
f 325 460 410
f 367 274 410
f 410 274 325
f 410 435 367
f 410 431 435
f 476 361 384
f 361 330 384
f 431 410 473
f 460 479 473
f 473 410 460
f 683 734 701
f 683 701 662
f 662 587 683
f 525 587 476
f 476 435 525
f 525 473 591
f 565 556 483
f 483 556 466
f 483 494 565
f 483 466 381
f 483 381 404
f 404 494 483
f 610 637 598
f 279 293 381
f 381 276 279
f 174 270 232
f 218 145 232
f 145 174 232
f 234 358 239
f 356 358 234
f 225 247 246
f 246 247 369
f 250 276 369
f 369 247 250
f 149 131 191
f 131 209 191
f 191 209 225
f 551 625 530
f 509 651 551
f 428 509 471
f 471 551 530
f 509 551 471
f 499 643 501
f 643 651 501
f 501 651 509
f 421 418 501
f 501 418 499
f 501 428 421
f 501 509 428
f 669 726 731
f 669 731 697
f 697 591 669
f 669 592 726
f 669 591 523
f 523 592 669
f 530 693 605
f 451 530 605
f 605 521 451
f 862 797 782
f 782 810 862
f 776 810 782
f 705 724 667
f 705 605 693
f 705 693 776
f 776 724 705
f 908 897 831
f 825 895 908
f 908 831 825
f 880 914 835
f 880 897 914
f 835 831 880
f 831 897 880
f 154 146 127
f 152 146 154
f 154 176 152
f 154 197 176
f 199 197 154
f 154 156 199
f 156 154 119
f 230 269 172
f 375 448 485
f 581 613 520
f 520 459 581
f 581 660 714
f 387 520 450
f 387 459 520
f 450 327 387
f 92 87 59
f 92 119 87
f 172 90 143
f 143 230 172
f 1381 1347 1339
f 1339 1347 1296
f 1319 1344 1339
f 1367 1381 1339
f 1339 1344 1367
f 1331 1434 1345
f 1331 1326 1434
f 1345 1306 1331
f 1331 1306 1293
f 1293 1280 1331
f 1280 1326 1331
f 1206 1243 1182
f 1172 1236 1206
f 1206 1168 1172
f 1206 1182 1168
f 1120 1132 1115
f 1115 1079 1120
f 1132 1079 1115
f 883 877 919
f 1063 1079 1058
f 1058 1051 1063
f 1079 1051 1058
f 1046 1030 1028
f 1030 1004 1028
f 1069 1046 1028
f 1028 1004 1069
f 1001 1037 1069
f 983 961 1001
f 1069 1004 1001
f 1001 1004 983
f 255 197 199
f 199 257 255
f 212 197 255
f 253 212 255
f 255 257 340
f 340 319 255
f 255 263 253
f 319 263 255
f 343 261 351
f 343 257 261
f 340 257 343
f 426 443 424
f 426 507 443
f 511 507 426
f 426 380 340
f 424 380 426
f 447 434 437
f 450 447 437
f 714 681 659
f 659 604 520
f 822 827 774
f 822 877 827
f 714 727 781
f 819 822 781
f 781 774 714
f 781 822 774
f 486 588 495
f 486 484 588
f 486 474 484
f 703 656 713
f 703 686 656
f 664 620 678
f 664 595 620
f 678 656 664
f 656 595 664
f 748 827 779
f 596 624 716
f 768 624 692
f 529 604 692
f 692 624 529
f 779 768 692
f 692 748 779
f 824 856 870
f 870 856 883
f 806 768 779
f 827 883 806
f 412 530 451
f 421 428 336
f 336 418 421
f 252 249 336
f 164 141 159
f 159 175 164
f 222 141 164
f 164 175 222
f 133 125 122
f 122 141 133
f 181 125 133
f 133 141 181
f 325 233 260
f 260 292 325
f 233 201 260
f 252 336 260
f 260 193 252
f 260 201 193
f 1622 1564 1584
f 1697 1693 1674
f 1674 1678 1697
f 1701 1706 1697
f 1706 1717 1697
f 1713 1693 1697
f 1697 1717 1713
f 1682 1683 1687
f 1682 1678 1661
f 1765 1743 1735
f 1874 1743 1765
f 1876 1874 1765
f 1765 1735 1876
f 1885 1882 1721
f 1721 1722 1885
f 1882 1739 1721
f 1739 1717 1721
f 1707 1722 1721
f 1721 1706 1707
f 1721 1717 1706
f 1373 1391 1393
f 1393 1391 1401
f 1396 1373 1393
f 1393 1401 1396
f 1314 1258 1302
f 1258 1255 1302
f 1298 1314 1302
f 1302 1255 1298
f 1237 1173 1203
f 1395 1594 1549
f 1420 1424 1437
f 1408 1437 1435
f 1408 1412 1437
f 1417 1438 1421
f 1438 1425 1421
f 1430 1438 1437
f 1430 1425 1438
f 298 285 403
f 278 235 267
f 285 235 278
f 278 267 382
f 382 285 278
f 265 235 285
f 285 298 265
f 265 231 217
f 217 235 265
f 300 231 265
f 617 609 636
f 636 675 617
f 617 675 661
f 540 609 617
f 617 586 540
f 617 661 586
f 582 609 564
f 597 609 582
f 577 597 582
f 403 482 493
f 540 441 493
f 441 403 493
f 493 482 564
f 493 609 540
f 564 609 493
f 564 482 555
f 577 582 555
f 555 582 564
f 555 532 577
f 456 532 465
f 465 370 456
f 532 555 465
f 465 555 482
f 382 370 465
f 465 482 382
f 480 477 488
f 488 496 480
f 488 477 590
f 590 496 488
f 575 512 668
f 606 522 630
f 657 707 630
f 706 606 630
f 630 707 706
f 879 909 832
f 909 826 832
f 832 826 769
f 769 626 694
f 694 606 706
f 531 606 694
f 694 626 531
f 531 626 537
f 718 626 769
f 718 826 792
f 769 826 718
f 792 704 718
f 773 796 861
f 861 809 773
f 913 978 935
f 935 881 913
f 913 881 879
f 952 978 913
f 861 899 913
f 913 899 952
f 935 978 951
f 951 978 985
f 737 642 739
f 642 742 739
f 739 833 737
f 775 704 792
f 775 742 704
f 842 742 775
f 792 869 775
f 842 924 922
f 922 924 1015
f 1017 924 969
f 792 826 896
f 896 869 792
f 896 826 909
f 907 924 842
f 871 800 783
f 783 800 760
f 709 675 720
f 720 783 709
f 709 783 760
f 756 696 733
f 733 760 756
f 696 644 733
f 733 709 760
f 853 838 884
f 884 899 853
f 884 943 899
f 884 902 957
f 957 943 884
f 784 730 756
f 756 800 784
f 784 816 730
f 784 800 816
f 32 31 24
f 122 89 118
f 118 89 85
f 85 79 118
f 118 79 111
f 118 159 122
f 118 151 159
f 148 151 118
f 118 111 148
f 63 89 72
f 145 138 72
f 138 63 72
f 42 31 67
f 67 95 42
f 67 32 68
f 31 32 67
f 68 97 67
f 452 531 400
f 531 464 400
f 186 194 178
f 178 147 186
f 178 162 147
f 258 256 341
f 186 248 226
f 226 194 186
f 313 403 441
f 313 298 403
f 300 265 313
f 313 265 298
f 851 934 892
f 1313 1274 1303
f 1274 1252 1303
f 1303 1299 1313
f 1303 1252 1299
f 985 1009 1035
f 1086 1091 1090
f 425 398 423
f 423 398 417
f 454 425 423
f 423 417 454
f 1121 1064 1129
f 1064 1112 1129
f 1129 1173 1121
f 1129 1112 1117
f 1055 1048 1060
f 1060 1112 1055
f 1064 1048 1055
f 1055 1112 1064
f 415 462 432
f 377 415 432
f 432 462 480
f 480 409 432
f 432 366 377
f 432 409 366
f 508 500 420
f 420 500 417
f 420 417 335
f 335 345 420
f 1865 1867 1837
f 1837 1835 1865
f 1833 1863 1865
f 1865 1835 1833
f 1067 1069 1134
f 1067 1046 1069
f 1144 1139 1116
f 1134 1144 1116
f 1116 1139 1082
f 1144 1180 1161
f 1161 1180 1179
f 1153 1144 1161
f 1244 1223 1245
f 1180 1223 1202
f 1202 1223 1217
f 837 740 738
f 738 834 837
f 834 923 837
f 845 812 847
f 847 878 845
f 812 746 847
f 929 878 847
f 847 746 750
f 750 849 847
f 847 930 929
f 847 849 930
f 716 824 790
f 790 687 716
f 790 764 687
f 824 894 790
f 894 867 790
f 852 753 815
f 753 764 815
f 815 790 867
f 764 790 815
f 815 882 852
f 815 867 882
f 1070 1026 1010
f 1070 1010 1076
f 1902 1842 1904
f 1900 1842 1902
f 1900 1725 1840
f 1840 1842 1900
f 1725 1842 1840
f 1019 1007 977
f 1036 1007 1019
f 977 1018 1019
f 1019 1018 1036
f 1390 1382 1348
f 1382 1340 1348
f 1376 1390 1348
f 1164 1124 1143
f 1083 1007 1077
f 1031 1007 1083
f 1101 1188 1151
f 1218 1273 1220
f 1220 1273 1228
f 1272 1227 1253
f 1227 1228 1253
f 1253 1273 1272
f 1228 1273 1253
f 1254 1214 1208
f 1631 1629 1671
f 1671 1637 1631
f 1631 1594 1629
f 1631 1637 1594
f 979 897 950
f 897 908 950
f 710 723 676
f 710 676 701
f 710 734 761
f 701 734 710
f 761 801 795
f 795 801 875
f 795 710 761
f 723 710 795
f 634 598 674
f 674 598 637
f 674 637 676
f 676 723 674
f 875 801 858
f 1164 1227 1174
f 1040 1092 1065
f 979 1002 1040
f 1040 1002 1066
f 1066 1092 1040
f 1888 1734 1890
f 1890 1734 1892
f 1740 1888 1886
f 1740 1734 1888
f 1886 1722 1740
f 1722 1718 1740
f 1718 1734 1740
f 1565 1615 1623
f 1518 1564 1506
f 1893 1737 1891
f 1737 1889 1891
f 1887 1724 1884
f 1732 1716 1737
f 1732 1731 1716
f 1732 1737 1899
f 1899 1731 1732
f 1616 1624 1566
f 1659 1624 1616
f 1652 1608 1646
f 1672 1676 1652
f 1652 1646 1672
f 1583 1579 1582
f 1590 1620 1591
f 1591 1582 1590
f 1624 1620 1590
f 1590 1582 1579
f 1590 1579 1566
f 1566 1624 1590
f 1672 1646 1644
f 1644 1642 1672
f 1550 1400 1596
f 1596 1400 1632
f 20 22 14
f 38 22 20
f 50 22 38
f 50 38 48
f 50 58 27
f 27 22 50
f 48 61 50
f 50 61 82
f 50 82 86
f 86 58 50
f 39 15 30
f 30 15 29
f 30 66 39
f 29 66 30
f 80 82 77
f 82 61 77
f 77 78 80
f 77 61 78
f 296 289 399
f 399 297 296
f 296 297 289
f 414 306 305
f 305 399 414
f 305 297 399
f 282 188 286
f 286 189 282
f 286 287 189
f 286 284 288
f 188 284 286
f 108 101 91
f 124 108 91
f 91 101 93
f 91 86 120
f 120 124 91
f 64 86 91
f 91 70 64
f 93 70 91
f 88 71 74
f 74 100 88
f 74 71 144
f 144 100 74
f 52 25 62
f 46 25 52
f 62 84 52
f 78 46 52
f 52 84 78
f 438 318 332
f 312 329 332
f 318 312 332
f 290 301 295
f 295 406 288
f 288 290 295
f 304 294 303
f 304 301 294
f 544 562 572
f 571 562 544
f 544 548 571
f 572 535 549
f 549 535 492
f 549 544 572
f 549 492 517
f 580 585 558
f 558 585 538
f 558 538 503
f 503 535 558
f 558 535 580
f 568 538 567
f 567 585 568
f 538 585 567
f 392 352 397
f 337 352 392
f 397 449 392
f 449 337 392
f 344 429 433
f 433 352 344
f 341 425 344
f 344 425 429
f 344 258 341
f 640 684 647
f 684 649 647
f 647 601 640
f 647 649 601
f 506 425 454
f 454 504 506
f 429 425 506
f 506 649 653
f 601 649 506
f 506 504 601
f 749 732 778
f 749 778 808
f 808 741 749
f 823 893 901
f 901 865 823
f 901 893 916
f 778 767 805
f 805 865 863
f 805 767 823
f 823 865 805
f 765 772 789
f 789 755 765
f 754 755 699
f 754 765 755
f 754 699 655
f 772 765 754
f 754 851 772
f 1190 1192 1176
f 1183 1190 1176
f 1105 1103 1176
f 1176 1192 1105
f 1176 1096 1183
f 1176 1103 1096
f 1146 1140 1198
f 1198 1201 1146
f 1198 1140 1196
f 1196 1201 1198
f 1150 1138 1162
f 1162 1200 1150
f 1162 1178 1200
f 1094 1089 1133
f 1133 1138 1150
f 1133 1095 1094
f 1150 1095 1133
f 1081 1133 1089
f 1081 1005 1075
f 1081 1029 1005
f 1081 1072 1029
f 1081 1089 1072
f 1224 1178 1222
f 1178 1216 1222
f 1216 1250 1222
f 1212 1295 1285
f 1285 1216 1212
f 1285 1250 1216
f 1315 1283 1289
f 1289 1307 1315
f 1330 1283 1315
f 1315 1365 1330
f 1368 1365 1315
f 1377 1496 1372
f 1372 1380 1377
f 1372 1496 1368
f 1368 1315 1372
f 1372 1315 1327
f 1003 970 984
f 984 970 982
f 984 1012 1003
f 982 1012 984
f 1011 1074 1075
f 1027 1074 1011
f 1075 1005 1011
f 1005 988 1011
f 1011 988 1027
f 1136 1146 1111
f 1146 1074 1111
f 1111 1109 1136
f 1111 1074 1109
f 1539 1538 1544
f 1512 1522 1516
f 1461 1466 1464
f 1465 1472 1463
f 1466 1472 1465
f 1465 1464 1466
f 1476 1472 1471
f 1478 1482 1476
f 1476 1509 1463
f 1463 1472 1476
f 1509 1476 1490
f 1490 1476 1482
f 1478 1493 1481
f 1481 1482 1478
f 1481 1493 1488
f 1171 1125 1119
f 1119 1125 1062
f 1062 1114 1119
f 1131 1171 1119
f 1119 1114 1131
f 1279 1325 1332
f 1332 1235 1279
f 1235 1292 1279
f 1330 1325 1279
f 1279 1292 1330
f 1150 1200 1205
f 1205 1167 1150
f 1205 1242 1231
f 1200 1242 1205
f 1171 1167 1205
f 1231 1235 1205
f 1205 1235 1171
f 557 534 416
f 557 416 566
f 579 534 557
f 557 566 584
f 584 579 557
f 439 364 463
f 481 463 407
f 407 490 481
f 490 487 481
f 563 593 666
f 666 550 563
f 607 593 563
f 1270 1750 1362
f 1270 1360 1267
f 1270 1362 1360
f 1747 1750 1270
f 1270 1192 1240
f 1267 1192 1270
f 1240 1747 1270
f 390 435 476
f 476 384 390
f 378 384 330
f 378 311 367
f 378 330 311
f 378 390 384
f 367 435 378
f 435 390 378
f 523 591 489
f 591 473 489
f 489 479 523
f 489 473 479
f 431 473 470
f 473 525 470
f 645 591 697
f 645 525 591
f 587 525 645
f 645 683 587
f 697 734 645
f 734 683 645
f 583 556 565
f 583 565 610
f 610 598 583
f 634 570 578
f 578 598 634
f 578 570 533
f 533 556 578
f 556 583 578
f 578 583 598
f 320 442 404
f 320 349 442
f 404 293 320
f 213 234 239
f 213 239 224
f 224 190 213
f 369 241 242
f 242 246 369
f 242 241 225
f 225 246 242
f 236 250 247
f 236 247 225
f 276 250 236
f 236 209 218
f 225 209 236
f 225 241 214
f 214 191 225
f 635 625 559
f 625 551 559
f 559 651 635
f 559 551 651
f 553 592 523
f 523 479 553
f 460 521 553
f 553 479 460
f 667 726 665
f 726 592 665
f 797 724 752
f 752 782 797
f 752 724 776
f 776 782 752
f 631 705 667
f 605 705 631
f 667 665 631
f 631 665 592
f 592 553 631
f 521 605 631
f 631 553 521
f 123 92 107
f 119 92 123
f 113 104 115
f 127 113 115
f 115 104 83
f 115 154 127
f 115 119 154
f 83 87 115
f 87 119 115
f 219 261 204
f 204 261 199
f 347 230 326
f 326 436 347
f 326 328 436
f 317 328 326
f 362 230 347
f 269 230 362
f 365 221 309
f 273 221 365
f 219 204 273
f 180 107 172
f 172 269 180
f 134 123 180
f 180 123 107
f 269 309 180
f 180 309 221
f 495 588 536
f 588 660 536
f 536 459 495
f 547 581 459
f 459 536 547
f 547 536 660
f 714 613 594
f 594 581 714
f 613 581 594
f 277 261 219
f 90 92 65
f 65 92 59
f 65 36 44
f 59 36 65
f 102 92 90
f 102 90 172
f 57 65 44
f 69 65 57
f 306 314 208
f 208 129 189
f 189 297 208
f 1319 1339 1308
f 1309 1319 1308
f 1308 1305 1309
f 1286 1339 1296
f 1286 1213 1217
f 1286 1296 1213
f 1268 1305 1286
f 1305 1308 1286
f 1286 1308 1339
f 1236 1243 1232
f 1232 1206 1236
f 1243 1206 1232
f 905 960 946
f 887 919 877
f 905 946 887
f 887 946 919
f 883 919 947
f 906 870 947
f 947 870 883
f 947 1001 961
f 511 426 430
f 351 434 430
f 430 343 351
f 340 343 430
f 430 426 340
f 393 434 383
f 393 437 434
f 393 383 450
f 450 437 393
f 520 613 629
f 629 659 520
f 629 613 714
f 714 659 629
f 841 819 860
f 841 822 819
f 803 819 787
f 819 781 787
f 686 703 690
f 690 703 713
f 690 660 588
f 690 727 660
f 588 656 690
f 656 686 690
f 654 753 652
f 654 687 753
f 716 687 654
f 654 596 716
f 624 596 560
f 898 870 906
f 824 870 898
f 898 894 824
f 814 856 768
f 768 806 814
f 883 856 814
f 814 806 883
f 779 827 788
f 788 806 779
f 827 806 788
f 966 894 962
f 962 983 966
f 962 961 983
f 451 360 395
f 395 412 451
f 467 471 530
f 530 412 467
f 428 471 467
f 467 412 428
f 428 412 346
f 346 336 428
f 412 395 346
f 346 395 360
f 360 292 346
f 292 260 346
f 346 260 336
f 418 336 334
f 380 418 334
f 334 336 249
f 334 338 380
f 334 249 319
f 319 338 334
f 1618 1584 1587
f 1622 1584 1618
f 1572 1584 1564
f 1580 1584 1572
f 1580 1587 1585
f 1585 1584 1580
f 1587 1584 1585
f 1687 1701 1686
f 1686 1682 1687
f 1701 1697 1686
f 1686 1697 1678
f 1678 1682 1686
f 1229 1203 1233
f 1237 1203 1229
f 1281 1237 1229
f 1233 1290 1229
f 1290 1281 1229
f 1413 1438 1417
f 1413 1409 1438
f 1438 1409 1405
f 1506 1437 1457
f 1457 1473 1506
f 1469 1473 1457
f 1437 1412 1416
f 1416 1420 1437
f 1435 1333 1387
f 1387 1408 1435
f 1437 1424 1428
f 1428 1430 1437
f 1614 1564 1622
f 1614 1560 1564
f 1622 1661 1614
f 1614 1661 1657
f 1556 1560 1612
f 1612 1606 1556
f 1560 1614 1612
f 1612 1614 1657
f 1604 1606 1650
f 1604 1650 1648
f 1556 1606 1604
f 1604 1648 1640
f 1640 1598 1604
f 1604 1552 1556
f 1598 1552 1604
f 668 621 576
f 576 575 668
f 552 630 522
f 575 576 552
f 552 461 480
f 552 522 461
f 512 575 552
f 552 576 621
f 480 496 552
f 552 496 512
f 621 657 552
f 657 630 552
f 777 832 769
f 777 773 809
f 706 773 777
f 777 694 706
f 769 694 777
f 508 537 622
f 622 718 704
f 622 537 626
f 626 718 622
f 508 464 515
f 515 537 508
f 515 464 531
f 531 537 515
f 796 773 766
f 766 773 706
f 836 742 842
f 836 739 742
f 833 739 836
f 842 922 836
f 842 775 829
f 829 775 869
f 829 907 842
f 869 907 829
f 876 833 920
f 833 836 920
f 920 836 922
f 926 876 920
f 1013 986 920
f 920 1015 1013
f 920 922 1015
f 920 986 926
f 1033 1071 1017
f 1078 1071 1033
f 1032 1084 1008
f 1008 1084 1078
f 1078 1033 1008
f 985 1035 974
f 974 951 985
f 935 951 974
f 974 909 935
f 974 896 909
f 939 969 924
f 924 907 939
f 939 1008 969
f 939 907 869
f 1032 1008 939
f 661 675 700
f 675 709 700
f 709 733 700
f 902 884 888
f 888 884 838
f 857 902 888
f 888 838 857
f 19 24 12
f 19 32 24
f 12 34 19
f 34 32 19
f 41 43 68
f 68 32 41
f 41 34 43
f 41 32 34
f 103 174 145
f 103 112 174
f 103 89 112
f 149 95 96
f 96 97 149
f 95 67 96
f 96 67 97
f 68 99 98
f 98 97 68
f 98 99 149
f 149 97 98
f 394 345 354
f 394 400 345
f 394 354 452
f 452 400 394
f 162 178 155
f 155 153 162
f 132 153 155
f 155 116 132
f 155 157 120
f 120 116 155
f 227 203 262
f 203 258 262
f 262 244 227
f 262 266 244
f 280 266 262
f 262 352 280
f 262 344 352
f 258 344 262
f 194 226 196
f 196 226 256
f 196 178 194
f 196 155 178
f 254 226 248
f 256 226 254
f 248 281 254
f 281 256 254
f 441 342 315
f 315 313 441
f 315 342 300
f 300 313 315
f 866 772 828
f 772 851 828
f 848 928 931
f 848 846 928
f 931 934 848
f 934 851 848
f 851 754 848
f 1052 1035 1009
f 1052 1009 1039
f 1039 1091 1052
f 1091 1086 1052
f 1165 1203 1173
f 1173 1129 1165
f 427 400 464
f 427 464 508
f 508 420 427
f 345 400 427
f 427 420 345
f 1082 1030 1068
f 1068 1030 1046
f 1046 1067 1068
f 1134 1116 1093
f 1093 1067 1134
f 1093 1116 1082
f 1093 1068 1067
f 1082 1068 1093
f 1217 1153 1181
f 1181 1202 1217
f 1153 1161 1181
f 1181 1161 1179
f 1179 1180 1181
f 1180 1202 1181
f 743 740 843
f 740 837 843
f 843 780 743
f 1073 1110 1026
f 1026 1070 1073
f 1076 1110 1073
f 1073 1070 1076
f 1272 1273 1310
f 1310 1273 1317
f 1317 1273 1336
f 1336 1378 1375
f 1336 1340 1378
f 1340 1336 1287
f 1287 1336 1273
f 1218 1214 1287
f 1287 1273 1218
f 1154 1148 1218
f 1077 1148 1154
f 1154 1083 1077
f 1218 1220 1154
f 1087 1124 1066
f 1087 1066 1034
f 1034 1031 1087
f 1031 1083 1087
f 1102 1148 1085
f 1102 1151 1148
f 1102 1085 1101
f 1101 1151 1102
f 1208 1148 1189
f 1148 1151 1189
f 1189 1188 1208
f 1189 1151 1188
f 1175 1220 1225
f 1225 1220 1228
f 1225 1227 1175
f 1225 1228 1227
f 1257 1316 1301
f 1259 1353 1257
f 1257 1186 1259
f 1257 1188 1186
f 1208 1188 1257
f 1257 1254 1208
f 1351 1395 1376
f 1351 1353 1395
f 1376 1348 1351
f 1348 1316 1351
f 1351 1257 1353
f 1316 1257 1351
f 1301 1316 1297
f 1297 1316 1348
f 1214 1254 1297
f 1297 1287 1214
f 1297 1348 1340
f 1340 1287 1297
f 980 1002 979
f 979 950 980
f 785 731 817
f 817 731 799
f 817 801 785
f 817 858 801
f 862 914 900
f 1122 1130 1065
f 1122 1174 1130
f 1065 1092 1122
f 1122 1092 1164
f 1164 1174 1122
f 1043 956 995
f 1043 1061 1128
f 995 1061 1043
f 995 956 958
f 979 1040 1000
f 1000 1040 1065
f 1613 1615 1561
f 1615 1565 1561
f 1564 1518 1540
f 1436 1405 1384
f 1438 1405 1436
f 1384 1335 1436
f 1436 1335 1432
f 1564 1540 1542
f 1742 1887 1889
f 1724 1887 1742
f 1720 1724 1742
f 1562 1616 1566
f 1566 1504 1562
f 1562 1504 1500
f 1500 1558 1562
f 1608 1558 1554
f 1550 1596 1554
f 1554 1496 1388
f 1500 1496 1554
f 1554 1558 1500
f 1388 1394 1554
f 1554 1400 1550
f 1554 1394 1400
f 1676 1659 1654
f 1654 1652 1676
f 1634 1596 1632
f 1642 1596 1634
f 1634 1632 1672
f 1672 1642 1634
f 16 20 14
f 16 14 2
f 38 20 16
f 46 38 16
f 2 7 16
f 16 25 46
f 16 7 8
f 8 25 16
f 291 286 288
f 288 405 291
f 287 286 291
f 405 287 291
f 348 453 438
f 438 332 348
f 363 453 348
f 348 329 363
f 348 332 329
f 301 304 413
f 406 295 413
f 413 295 301
f 416 534 413
f 303 416 413
f 413 304 303
f 413 548 406
f 413 534 548
f 517 548 543
f 548 544 543
f 543 549 517
f 544 549 543
f 429 506 510
f 514 433 510
f 433 429 510
f 510 506 653
f 510 655 514
f 653 655 510
f 808 771 728
f 728 741 808
f 771 695 728
f 728 749 741
f 732 749 728
f 695 680 728
f 728 680 732
f 911 864 863
f 964 975 911
f 911 975 945
f 945 864 911
f 863 864 813
f 813 805 863
f 751 649 747
f 653 649 751
f 751 848 754
f 751 655 653
f 751 754 655
f 747 846 751
f 846 848 751
f 1241 1242 1224
f 1241 1250 1242
f 1224 1222 1241
f 1241 1222 1250
f 1146 1216 1152
f 1075 1146 1152
f 1152 1081 1075
f 1152 1216 1178
f 1133 1081 1152
f 1338 1295 1346
f 1338 1285 1295
f 1346 1380 1338
f 1380 1372 1338
f 1307 1285 1338
f 1271 1285 1307
f 1250 1285 1271
f 1318 1315 1307
f 1327 1315 1318
f 916 970 940
f 940 918 916
f 940 970 964
f 964 918 940
f 912 901 916
f 916 918 912
f 912 918 964
f 964 911 912
f 912 911 901
f 1535 1539 1544
f 1526 1539 1535
f 1535 1544 1520
f 1520 1526 1535
f 1531 1526 1530
f 1531 1539 1526
f 1521 1516 1522
f 1521 1522 1527
f 1521 1526 1520
f 1527 1526 1521
f 1517 1513 1512
f 1512 1516 1517
f 1520 1513 1517
f 1517 1521 1520
f 1516 1521 1517
f 1477 1471 1478
f 1478 1476 1477
f 1477 1476 1471
f 1492 1493 1509
f 1509 1490 1492
f 685 554 602
f 602 735 685
f 497 619 478
f 497 478 402
f 497 663 619
f 497 685 663
f 554 685 497
f 308 364 422
f 364 439 422
f 422 497 402
f 463 481 472
f 472 481 487
f 472 554 463
f 472 487 602
f 602 554 472
f 539 563 550
f 539 490 458
f 539 550 490
f 607 563 539
f 539 519 607
f 539 458 519
f 435 431 440
f 431 470 440
f 440 525 435
f 440 470 525
f 349 320 299
f 361 349 299
f 299 232 270
f 299 330 361
f 270 330 299
f 238 214 241
f 238 241 357
f 191 214 211
f 149 191 211
f 211 190 149
f 234 213 211
f 211 213 190
f 199 156 160
f 160 204 199
f 160 123 134
f 156 119 160
f 119 123 160
f 372 375 269
f 269 362 372
f 448 375 372
f 372 362 448
f 347 448 359
f 359 362 347
f 448 362 359
f 444 474 365
f 401 309 391
f 391 375 485
f 485 401 391
f 269 375 391
f 391 309 269
f 408 273 365
f 365 474 408
f 474 486 408
f 495 459 408
f 408 486 495
f 221 273 177
f 177 273 204
f 204 160 177
f 573 547 660
f 581 547 573
f 321 387 327
f 321 277 387
f 321 327 261
f 261 277 321
f 387 277 323
f 273 408 323
f 219 273 323
f 323 277 219
f 459 387 323
f 323 408 459
f 90 65 75
f 75 65 69
f 75 143 90
f 69 143 75
f 107 92 105
f 92 102 105
f 172 107 105
f 105 102 172
f 230 143 216
f 317 326 216
f 216 326 230
f 216 314 317
f 216 208 314
f 302 305 306
f 306 208 302
f 297 305 302
f 302 208 297
f 129 208 136
f 44 129 136
f 136 216 143
f 208 216 136
f 136 57 44
f 136 143 69
f 69 57 136
f 1246 1286 1217
f 1217 1223 1246
f 1223 1244 1246
f 905 887 891
f 891 887 877
f 891 860 905
f 891 841 860
f 877 822 891
f 822 841 891
f 1037 1001 981
f 1001 947 981
f 981 947 919
f 906 947 917
f 917 898 906
f 894 898 917
f 917 962 894
f 759 781 727
f 759 787 781
f 803 787 759
f 624 560 502
f 502 469 529
f 529 624 502
f 1437 1438 1443
f 1443 1457 1437
f 1451 1457 1443
f 1456 1457 1451
f 1438 1507 1475
f 1475 1460 1438
f 1475 1480 1473
f 1438 1460 1446
f 820 777 809
f 832 777 820
f 820 809 861
f 879 832 820
f 861 913 820
f 820 913 879
f 650 622 704
f 704 742 650
f 650 742 642
f 650 642 508
f 508 622 650
f 719 707 796
f 796 766 719
f 706 707 719
f 719 766 706
f 969 1008 989
f 989 1008 1033
f 1017 969 989
f 989 1033 1017
f 869 896 968
f 968 939 869
f 896 974 968
f 1032 939 968
f 968 1035 1032
f 968 974 1035
f 586 661 682
f 661 700 682
f 682 644 586
f 682 733 644
f 682 700 733
f 89 103 94
f 94 103 145
f 256 258 198
f 198 196 256
f 198 258 203
f 198 203 157
f 157 155 198
f 155 196 198
f 830 851 892
f 830 828 851
f 892 866 830
f 866 828 830
f 1088 1052 1086
f 1088 1086 1090
f 1035 1052 1088
f 1090 1157 1088
f 1088 1157 1084
f 1088 1084 1032
f 1032 1035 1088
f 1169 1129 1117
f 1169 1165 1129
f 1169 1126 1233
f 1169 1117 1126
f 1233 1203 1169
f 1203 1165 1169
f 925 837 923
f 925 843 837
f 925 1018 977
f 923 1018 925
f 1375 1343 1374
f 1374 1343 1317
f 1374 1336 1375
f 1317 1336 1374
f 1272 1310 1304
f 1304 1310 1317
f 1083 1154 1156
f 1156 1087 1083
f 1124 1087 1156
f 1156 1143 1124
f 1156 1220 1175
f 1156 1154 1220
f 1256 1257 1301
f 1254 1257 1256
f 1301 1297 1256
f 1256 1297 1254
f 973 980 950
f 973 950 908
f 967 1002 973
f 1002 980 973
f 895 967 973
f 973 908 895
f 854 797 862
f 862 900 854
f 799 797 854
f 953 900 914
f 953 914 979
f 979 1000 953
f 1234 1170 1204
f 1128 1170 1234
f 1234 1335 1128
f 1278 1335 1234
f 1166 1174 1204
f 1204 1170 1166
f 1130 1174 1166
f 1166 1170 1130
f 1065 1130 1113
f 1324 1335 1278
f 1432 1335 1324
f 1343 1276 1300
f 1300 1227 1272
f 1272 1304 1300
f 1317 1343 1300
f 1300 1304 1317
f 1599 1641 1605
f 1605 1641 1649
f 1649 1651 1605
f 1503 1561 1565
f 1503 1436 1432
f 1503 1507 1438
f 1438 1436 1503
f 1510 1518 1506
f 1519 1511 1507
f 1507 1525 1519
f 1541 1525 1565
f 1541 1542 1540
f 1523 1540 1518
f 1518 1519 1523
f 1473 1480 1479
f 1479 1480 1484
f 1738 1889 1737
f 1738 1742 1889
f 1738 1737 1720
f 1720 1742 1738
f 1616 1562 1610
f 1610 1558 1608
f 1610 1562 1558
f 1600 1554 1596
f 1642 1644 1600
f 1600 1596 1642
f 872 911 863
f 901 911 872
f 863 865 872
f 865 901 872
f 804 864 778
f 778 805 804
f 1178 1162 1160
f 1160 1152 1178
f 1160 1162 1138
f 1138 1133 1160
f 1133 1152 1160
f 1250 1271 1265
f 1289 1242 1265
f 1242 1250 1265
f 1327 1318 1322
f 1322 1372 1327
f 1322 1338 1372
f 1307 1338 1322
f 1322 1318 1307
f 1488 1493 1491
f 1493 1492 1491
f 1489 1492 1490
f 1489 1490 1482
f 702 735 712
f 702 685 735
f 663 685 702
f 712 677 702
f 677 663 702
f 396 422 402
f 308 422 396
f 402 385 396
f 385 308 396
f 554 497 445
f 497 422 445
f 463 554 445
f 445 422 439
f 445 439 463
f 264 320 293
f 264 299 320
f 232 299 264
f 293 279 264
f 264 279 276
f 276 236 264
f 218 232 264
f 264 236 218
f 234 211 237
f 237 211 214
f 214 238 237
f 237 238 357
f 356 234 237
f 357 379 237
f 379 356 237
f 419 444 365
f 365 309 419
f 419 309 401
f 474 444 446
f 446 527 588
f 588 474 446
f 446 419 527
f 444 419 446
f 163 160 134
f 134 180 163
f 163 180 221
f 660 581 574
f 574 573 660
f 581 573 574
f 1268 1286 1251
f 1286 1246 1251
f 1251 1246 1244
f 1245 1268 1251
f 1251 1244 1245
f 1037 981 993
f 997 1051 993
f 993 1051 1037
f 941 947 961
f 941 917 947
f 961 962 941
f 962 917 941
f 688 698 604
f 688 659 681
f 604 659 688
f 688 681 774
f 774 698 688
f 748 692 729
f 729 698 774
f 774 827 729
f 827 748 729
f 729 692 604
f 604 698 729
f 763 690 713
f 803 759 763
f 713 794 763
f 794 803 763
f 513 502 560
f 513 560 596
f 469 502 513
f 596 654 513
f 447 469 513
f 652 511 513
f 513 654 652
f 513 434 447
f 511 430 513
f 513 430 434
f 1568 1572 1564
f 1623 1619 1586
f 1586 1619 1588
f 1586 1565 1623
f 1586 1588 1587
f 1586 1587 1580
f 1458 1456 1459
f 1457 1456 1458
f 1469 1457 1458
f 1458 1460 1469
f 1459 1460 1458
f 1455 1460 1459
f 1459 1456 1455
f 1480 1475 1487
f 1487 1475 1507
f 1487 1486 1484
f 1487 1507 1506
f 1506 1486 1487
f 1469 1460 1470
f 1460 1475 1470
f 1470 1473 1469
f 1445 1443 1438
f 1438 1446 1445
f 1451 1443 1444
f 1444 1446 1451
f 1443 1445 1444
f 1444 1445 1446
f 145 72 73
f 73 94 145
f 73 72 89
f 89 94 73
f 780 843 850
f 843 855 850
f 868 780 850
f 850 855 868
f 910 938 868
f 868 855 910
f 910 855 843
f 843 925 910
f 1159 1156 1175
f 1143 1156 1159
f 1159 1175 1164
f 1164 1143 1159
f 858 817 839
f 839 817 799
f 799 854 839
f 885 854 900
f 885 839 854
f 991 953 1000
f 900 953 972
f 953 991 972
f 995 958 972
f 972 991 995
f 1204 1174 1238
f 1238 1174 1227
f 1227 1300 1238
f 1238 1300 1276
f 1282 1238 1276
f 1065 1113 1056
f 1056 1113 1061
f 1130 1170 1118
f 1118 1113 1130
f 1061 1113 1118
f 1118 1170 1128
f 1128 1061 1118
f 1607 1605 1651
f 1507 1503 1532
f 1532 1503 1565
f 1532 1525 1507
f 1565 1525 1532
f 1375 1378 1495
f 1495 1343 1375
f 1495 1378 1382
f 1495 1382 1390
f 1515 1519 1518
f 1511 1519 1515
f 1543 1541 1565
f 1542 1541 1543
f 1525 1541 1537
f 1524 1519 1525
f 1524 1523 1519
f 1506 1473 1485
f 1485 1486 1506
f 1473 1479 1485
f 1484 1486 1485
f 1485 1479 1484
f 1646 1608 1602
f 1608 1554 1602
f 1554 1600 1602
f 807 813 864
f 864 804 807
f 805 813 807
f 807 804 805
f 1294 1307 1289
f 1289 1265 1294
f 1294 1271 1307
f 1294 1265 1271
f 485 527 411
f 527 419 411
f 411 401 485
f 411 419 401
f 168 177 160
f 221 177 168
f 976 993 981
f 919 946 976
f 976 981 919
f 976 946 960
f 976 960 997
f 997 993 976
f 727 690 736
f 690 763 736
f 736 759 727
f 736 763 759
f 1575 1569 1565
f 1565 1586 1575
f 1452 1456 1451
f 1452 1455 1456
f 1460 1455 1452
f 1451 1446 1452
f 1452 1446 1460
f 1484 1480 1483
f 1483 1487 1484
f 1480 1487 1483
f 1474 1475 1473
f 1473 1470 1474
f 1474 1470 1475
f 944 885 900
f 958 885 944
f 900 972 944
f 944 972 958
f 903 885 958
f 903 958 956
f 903 956 875
f 875 858 903
f 1278 1234 1291
f 1238 1282 1230
f 1230 1234 1204
f 1204 1238 1230
f 1230 1291 1234
f 1282 1291 1230
f 1049 1000 1065
f 1065 1056 1049
f 1049 991 1000
f 995 991 1049
f 1049 1061 995
f 1049 1056 1061
f 1321 1276 1343
f 1321 1282 1276
f 1321 1343 1432
f 1499 1503 1432
f 1432 1343 1499
f 1343 1495 1499
f 1518 1510 1514
f 1514 1515 1518
f 1540 1523 1536
f 1536 1541 1540
f 1536 1537 1541
f 160 163 165
f 165 168 160
f 165 163 221
f 221 168 165
f 1581 1586 1580
f 1580 1575 1581
f 1581 1575 1586
f 1572 1568 1573
f 1580 1572 1573
f 1573 1575 1580
f 932 910 925
f 932 925 977
f 938 910 932
f 977 938 932
f 858 839 889
f 889 903 858
f 839 885 889
f 885 903 889
f 1329 1321 1432
f 1432 1324 1329
f 1282 1321 1329
f 1329 1291 1282
f 1329 1324 1278
f 1278 1291 1329
f 1561 1503 1557
f 1503 1499 1557
f 1605 1607 1557
f 1557 1607 1613
f 1613 1561 1557
f 1525 1537 1529
f 1529 1524 1525
f 1523 1524 1529
f 1569 1575 1574
f 1575 1573 1574
f 1553 1499 1495
f 1553 1557 1499
f 1553 1495 1390
f 1390 1404 1553
f 1553 1594 1599
f 1553 1549 1594
f 1599 1605 1553
f 1605 1557 1553
f 1553 1404 1395
f 1395 1549 1553
f 1528 1536 1523
f 1523 1529 1528
f 1655 1609 1611
f 1653 1609 1655
f 1663 1684 1664
f 1684 1685 1664
f 1626 1663 1664
f 1664 1627 1626
f 1623 1662 1661
f 1661 1622 1623
f 1647 1645 1603
f 1603 1645 1601
f 1566 1570 1571
f 1571 1567 1566
f 1508 1512 1513
f 1509 1508 1513
f 1441 1448 1449
f 1449 1442 1441
f 1462 1454 1453
f 1461 1462 1453
f 1626 1627 1620
f 1627 1621 1620
f 1592 1620 1621
f 1591 1620 1592
f 1566 1567 1547
f 1547 1546 1566
f 1429 1427 1125
f 1125 1419 1415
f 1414 1418 1125
f 873 954 1125
f 1125 793 873
f 672 721 1125
f 1125 794 722
f 1125 633 614
f 1125 1334 1127
f 1125 1427 1423
f 1125 1426 1429
f 1332 1385 1125
f 1125 1410 1414
f 1127 1042 1125
f 955 874 1125
f 1125 632 672
f 1423 1419 1125
f 1125 1407 1386
f 1422 1426 1125
f 1125 1418 1422
f 1125 1385 1406
f 1406 1410 1125
f 721 793 1125
f 722 673 1125
f 1386 1334 1125
f 614 632 1125
f 1125 874 794
f 1125 1042 955
f 1415 1411 1125
f 1125 954 1041
f 1125 1411 1407
f 673 633 1125
f 1682 1661 1662
f 1682 1662 1683
f 1887 1861 1859
f 1899 1897 1887
f 1855 1856 1887
f 1880 1882 1887
f 1884 1883 1887
f 1867 1865 1887
f 1887 1873 1871
f 1887 1879 1877
f 1871 1869 1887
f 1887 1857 1855
f 1877 1875 1887
f 1887 1885 1886
f 1860 1862 1887
f 1887 1868 1870
f 1887 1878 1880
f 1883 1881 1887
f 1875 1873 1887
f 1886 1888 1887
f 1887 1909 1907
f 1859 1857 1887
f 1887 1858 1860
f 1894 1896 1887
f 1904 1906 1887
f 1908 1910 1887
f 1887 1892 1894
f 1887 1864 1866
f 1887 1901 1899
f 1887 1874 1876
f 1866 1868 1887
f 1876 1878 1887
f 1887 1882 1885
f 1881 1879 1887
f 1870 1872 1887
f 1887 1906 1908
f 1913 1911 1887
f 1887 1902 1904
f 1887 1896 1898
f 1898 1900 1887
f 1887 1914 1913
f 1856 1858 1887
f 1907 1905 1887
f 1887 1872 1874
f 1869 1867 1887
f 1887 1863 1861
f 1887 1910 1912
f 1912 1914 1887
f 1887 1903 1901
f 1887 1895 1893
f 1862 1864 1887
f 1893 1891 1887
f 1911 1909 1887
f 1887 1905 1903
f 1887 1897 1895
f 1888 1890 1887
f 1887 1865 1863
f 1900 1902 1887
f 1887 1890 1892
f 1887 1891 1889
f 1591 1592 1582
f 1582 1592 1583
f 1465 1462 1461
f 1463 1462 1465
f 1461 1464 1465
f 1588 1619 1618
f 1587 1588 1618
f 1623 1622 1618
f 1618 1619 1623
f 1650 1606 1612
f 1657 1650 1612
f 1333 1126 1043
f 1043 1387 1333
f 1043 628 615
f 1043 1038 949
f 1424 1420 1043
f 720 670 1043
f 1043 1416 1412
f 615 634 1043
f 1043 670 628
f 1126 1038 1043
f 1043 795 875
f 949 871 1043
f 634 674 1043
f 1043 1428 1424
f 1128 1335 1043
f 1417 1421 1043
f 1043 783 720
f 1043 1413 1417
f 1384 1405 1043
f 1412 1408 1043
f 1043 1421 1425
f 1425 1430 1043
f 871 783 1043
f 723 795 1043
f 1043 674 723
f 875 956 1043
f 1409 1413 1043
f 1043 1405 1409
f 1420 1416 1043
f 1408 1387 1043
f 1430 1428 1043
f 1043 1335 1384
f 1538 1539 1531
f 1530 1538 1531
f 1507 1511 1510
f 1506 1507 1510
f 1652 1654 1610
f 1608 1652 1610
f 1659 1616 1610
f 1610 1654 1659
f 1489 1491 1492
f 1488 1491 1489
f 1489 1481 1488
f 1482 1481 1489
f 1565 1569 1568
f 1564 1565 1568
f 1607 1651 1658
f 1607 1658 1613
f 1543 1565 1564
f 1564 1542 1543
f 1602 1600 1644
f 1602 1644 1646
f 1514 1510 1511
f 1511 1515 1514
f 1574 1568 1569
f 1574 1573 1568
f 1528 1529 1537
f 1537 1536 1528
