phase,geometry,source,model,protocol,metric,k,n,rate,wilson95_low,wilson95_high
confirmation,W110,0,C,F,success,63,64,0.984375,0.9166589839990601,0.9972364580766623
confirmation,W110,0,C,F,body_stable,60,64,0.9375,0.8500251490779165,0.9754287986033814
confirmation,W110,0,C,F,joint_success,60,64,0.9375,0.8500251490779165,0.9754287986033814
confirmation,W110,1,C,F,success,64,64,1.0,0.9433759402071974,0.9999999999999999
confirmation,W110,1,C,F,body_stable,51,64,0.796875,0.6828636426898618,0.8772658218081617
confirmation,W110,1,C,F,joint_success,51,64,0.796875,0.6828636426898618,0.8772658218081617
confirmation,W110,2,C,F,success,64,64,1.0,0.9433759402071974,0.9999999999999999
confirmation,W110,2,C,F,body_stable,64,64,1.0,0.9433759402071974,0.9999999999999999
confirmation,W110,2,C,F,joint_success,64,64,1.0,0.9433759402071974,0.9999999999999999
confirmation,W110,3,C,F,success,46,63,0.7301587301587301,0.6097009078044856,0.8241615558768379
confirmation,W110,3,C,F,body_stable,14,63,0.2222222222222222,0.13725007752613833,0.3391228111343332
confirmation,W110,3,C,F,joint_success,14,63,0.2222222222222222,0.13725007752613833,0.3391228111343332
confirmation,W110,0,C,S2,success,60,64,0.9375,0.8500251490779165,0.9754287986033814
confirmation,W110,0,C,S2,body_stable,63,64,0.984375,0.9166589839990601,0.9972364580766623
confirmation,W110,0,C,S2,joint_success,60,64,0.9375,0.8500251490779165,0.9754287986033814
confirmation,W110,1,C,S2,success,27,64,0.421875,0.3086978247434577,0.5438996845991676
confirmation,W110,1,C,S2,body_stable,63,64,0.984375,0.9166589839990601,0.9972364580766623
confirmation,W110,1,C,S2,joint_success,27,64,0.421875,0.3086978247434577,0.5438996845991676
confirmation,W110,2,C,S2,success,58,64,0.90625,0.8101712040035474,0.9563217474148007
confirmation,W110,2,C,S2,body_stable,64,64,1.0,0.9433759402071974,0.9999999999999999
confirmation,W110,2,C,S2,joint_success,58,64,0.90625,0.8101712040035474,0.9563217474148007
confirmation,W110,3,C,S2,success,2,63,0.031746031746031744,0.008749527561580726,0.10856477046607127
confirmation,W110,3,C,S2,body_stable,15,63,0.23809523809523808,0.14993783678290806,0.3563566010969651
confirmation,W110,3,C,S2,joint_success,2,63,0.031746031746031744,0.008749527561580726,0.10856477046607127
confirmation,W110,0,C,S5,success,53,64,0.828125,0.7178678837734215,0.901222576987552
confirmation,W110,0,C,S5,body_stable,62,64,0.96875,0.8930270822904198,0.9913878616538279
confirmation,W110,0,C,S5,joint_success,53,64,0.828125,0.7178678837734215,0.901222576987552
confirmation,W110,1,C,S5,success,59,64,0.921875,0.8298046264583742,0.9661688230914488
confirmation,W110,1,C,S5,body_stable,64,64,1.0,0.9433759402071974,0.9999999999999999
confirmation,W110,1,C,S5,joint_success,59,64,0.921875,0.8298046264583742,0.9661688230914488
confirmation,W110,2,C,S5,success,18,64,0.28125,0.18593372333728053,0.40133930282207053
confirmation,W110,2,C,S5,body_stable,64,64,1.0,0.9433759402071974,0.9999999999999999
confirmation,W110,2,C,S5,joint_success,18,64,0.28125,0.18593372333728053,0.40133930282207053
confirmation,W110,3,C,S5,success,0,63,0.0,0.0,0.057471199588848734
confirmation,W110,3,C,S5,body_stable,1,63,0.015873015873015872,0.002807494213869395,0.08458525459438096
confirmation,W110,3,C,S5,joint_success,0,63,0.0,0.0,0.057471199588848734
confirmation,W110,0,C_endpoint,F,success,64,64,1.0,0.9433759402071974,0.9999999999999999
confirmation,W110,0,C_endpoint,F,body_stable,64,64,1.0,0.9433759402071974,0.9999999999999999
confirmation,W110,0,C_endpoint,F,joint_success,64,64,1.0,0.9433759402071974,0.9999999999999999
confirmation,W110,1,C_endpoint,F,success,64,64,1.0,0.9433759402071974,0.9999999999999999
confirmation,W110,1,C_endpoint,F,body_stable,59,64,0.921875,0.8298046264583742,0.9661688230914488
confirmation,W110,1,C_endpoint,F,joint_success,59,64,0.921875,0.8298046264583742,0.9661688230914488
confirmation,W110,2,C_endpoint,F,success,64,64,1.0,0.9433759402071974,0.9999999999999999
confirmation,W110,2,C_endpoint,F,body_stable,64,64,1.0,0.9433759402071974,0.9999999999999999
confirmation,W110,2,C_endpoint,F,joint_success,64,64,1.0,0.9433759402071974,0.9999999999999999
confirmation,W110,3,C_endpoint,F,success,63,63,1.0,0.9425288004111512,1.0
confirmation,W110,3,C_endpoint,F,body_stable,54,63,0.8571428571428571,0.7502543407837448,0.9229805166527918
confirmation,W110,3,C_endpoint,F,joint_success,54,63,0.8571428571428571,0.7502543407837448,0.9229805166527918
confirmation,W110,0,C_endpoint,S2,success,60,64,0.9375,0.8500251490779165,0.9754287986033814
confirmation,W110,0,C_endpoint,S2,body_stable,64,64,1.0,0.9433759402071974,0.9999999999999999
confirmation,W110,0,C_endpoint,S2,joint_success,60,64,0.9375,0.8500251490779165,0.9754287986033814
confirmation,W110,1,C_endpoint,S2,success,56,64,0.875,0.772254381788704,0.9352775733666943
confirmation,W110,1,C_endpoint,S2,body_stable,63,64,0.984375,0.9166589839990601,0.9972364580766623
confirmation,W110,1,C_endpoint,S2,joint_success,56,64,0.875,0.772254381788704,0.9352775733666943
confirmation,W110,2,C_endpoint,S2,success,57,64,0.890625,0.7910135867310422,0.945998866555831
confirmation,W110,2,C_endpoint,S2,body_stable,64,64,1.0,0.9433759402071974,0.9999999999999999
confirmation,W110,2,C_endpoint,S2,joint_success,57,64,0.890625,0.7910135867310422,0.945998866555831
confirmation,W110,3,C_endpoint,S2,success,14,63,0.2222222222222222,0.13725007752613833,0.3391228111343332
confirmation,W110,3,C_endpoint,S2,body_stable,60,63,0.9523809523809523,0.8690903216209424,0.983673831132004
confirmation,W110,3,C_endpoint,S2,joint_success,14,63,0.2222222222222222,0.13725007752613833,0.3391228111343332
confirmation,W110,0,C_endpoint,S5,success,59,64,0.921875,0.8298046264583742,0.9661688230914488
confirmation,W110,0,C_endpoint,S5,body_stable,62,64,0.96875,0.8930270822904198,0.9913878616538279
confirmation,W110,0,C_endpoint,S5,joint_success,59,64,0.921875,0.8298046264583742,0.9661688230914488
confirmation,W110,1,C_endpoint,S5,success,64,64,1.0,0.9433759402071974,0.9999999999999999
confirmation,W110,1,C_endpoint,S5,body_stable,64,64,1.0,0.9433759402071974,0.9999999999999999
confirmation,W110,1,C_endpoint,S5,joint_success,64,64,1.0,0.9433759402071974,0.9999999999999999
confirmation,W110,2,C_endpoint,S5,success,58,64,0.90625,0.8101712040035474,0.9563217474148007
confirmation,W110,2,C_endpoint,S5,body_stable,64,64,1.0,0.9433759402071974,0.9999999999999999
confirmation,W110,2,C_endpoint,S5,joint_success,58,64,0.90625,0.8101712040035474,0.9563217474148007
confirmation,W110,3,C_endpoint,S5,success,17,63,0.2698412698412698,0.17583844412316205,0.3902990921955143
confirmation,W110,3,C_endpoint,S5,body_stable,61,63,0.9682539682539683,0.8914352295339287,0.9912504724384192
confirmation,W110,3,C_endpoint,S5,joint_success,17,63,0.2698412698412698,0.17583844412316205,0.3902990921955143
confirmation,W110,0,G,F,success,63,64,0.984375,0.9166589839990601,0.9972364580766623
confirmation,W110,0,G,F,body_stable,60,64,0.9375,0.8500251490779165,0.9754287986033814
confirmation,W110,0,G,F,joint_success,60,64,0.9375,0.8500251490779165,0.9754287986033814
confirmation,W110,1,G,F,success,64,64,1.0,0.9433759402071974,0.9999999999999999
confirmation,W110,1,G,F,body_stable,61,64,0.953125,0.8710034625990662,0.9839309832137065
confirmation,W110,1,G,F,joint_success,61,64,0.953125,0.8710034625990662,0.9839309832137065
confirmation,W110,2,G,F,success,64,64,1.0,0.9433759402071974,0.9999999999999999
confirmation,W110,2,G,F,body_stable,64,64,1.0,0.9433759402071974,0.9999999999999999
confirmation,W110,2,G,F,joint_success,64,64,1.0,0.9433759402071974,0.9999999999999999
confirmation,W110,3,G,F,success,63,63,1.0,0.9425288004111512,1.0
confirmation,W110,3,G,F,body_stable,57,63,0.9047619047619048,0.8073829893716344,0.9556165157231071
confirmation,W110,3,G,F,joint_success,57,63,0.9047619047619048,0.8073829893716344,0.9556165157231071
confirmation,W110,0,G,S2,success,30,64,0.46875,0.3517598742517634,0.5892791294852868
confirmation,W110,0,G,S2,body_stable,62,64,0.96875,0.8930270822904198,0.9913878616538279
confirmation,W110,0,G,S2,joint_success,30,64,0.46875,0.3517598742517634,0.5892791294852868
confirmation,W110,1,G,S2,success,48,64,0.75,0.6318372354133065,0.8398507346902923
confirmation,W110,1,G,S2,body_stable,64,64,1.0,0.9433759402071974,0.9999999999999999
confirmation,W110,1,G,S2,joint_success,48,64,0.75,0.6318372354133065,0.8398507346902923
confirmation,W110,2,G,S2,success,41,64,0.640625,0.5182085060977945,0.7471159770854799
confirmation,W110,2,G,S2,body_stable,64,64,1.0,0.9433759402071974,0.9999999999999999
confirmation,W110,2,G,S2,joint_success,41,64,0.640625,0.5182085060977945,0.7471159770854799
confirmation,W110,3,G,S2,success,5,63,0.07936507936507936,0.03437584717681931,0.17270309850903753
confirmation,W110,3,G,S2,body_stable,58,63,0.9206349206349206,0.8272969014909624,0.9656241528231806
confirmation,W110,3,G,S2,joint_success,5,63,0.07936507936507936,0.03437584717681931,0.17270309850903753
confirmation,W110,0,G,S5,success,53,64,0.828125,0.7178678837734215,0.901222576987552
confirmation,W110,0,G,S5,body_stable,62,64,0.96875,0.8930270822904198,0.9913878616538279
confirmation,W110,0,G,S5,joint_success,53,64,0.828125,0.7178678837734215,0.901222576987552
confirmation,W110,1,G,S5,success,58,64,0.90625,0.8101712040035474,0.9563217474148007
confirmation,W110,1,G,S5,body_stable,64,64,1.0,0.9433759402071974,0.9999999999999999
confirmation,W110,1,G,S5,joint_success,58,64,0.90625,0.8101712040035474,0.9563217474148007
confirmation,W110,2,G,S5,success,22,64,0.34375,0.23923142078443607,0.46596359790081476
confirmation,W110,2,G,S5,body_stable,64,64,1.0,0.9433759402071974,0.9999999999999999
confirmation,W110,2,G,S5,joint_success,22,64,0.34375,0.23923142078443607,0.46596359790081476
confirmation,W110,3,G,S5,success,12,63,0.19047619047619047,0.11246191872292628,0.304067871498742
confirmation,W110,3,G,S5,body_stable,61,63,0.9682539682539683,0.8914352295339287,0.9912504724384192
confirmation,W110,3,G,S5,joint_success,12,63,0.19047619047619047,0.11246191872292628,0.304067871498742
confirmation,W110,0,G_endpoint,F,success,64,64,1.0,0.9433759402071974,0.9999999999999999
confirmation,W110,0,G_endpoint,F,body_stable,63,64,0.984375,0.9166589839990601,0.9972364580766623
confirmation,W110,0,G_endpoint,F,joint_success,63,64,0.984375,0.9166589839990601,0.9972364580766623
confirmation,W110,1,G_endpoint,F,success,64,64,1.0,0.9433759402071974,0.9999999999999999
confirmation,W110,1,G_endpoint,F,body_stable,47,64,0.734375,0.6151712627143521,0.8270362092577718
confirmation,W110,1,G_endpoint,F,joint_success,47,64,0.734375,0.6151712627143521,0.8270362092577718
confirmation,W110,2,G_endpoint,F,success,64,64,1.0,0.9433759402071974,0.9999999999999999
confirmation,W110,2,G_endpoint,F,body_stable,64,64,1.0,0.9433759402071974,0.9999999999999999
confirmation,W110,2,G_endpoint,F,joint_success,64,64,1.0,0.9433759402071974,0.9999999999999999
confirmation,W110,3,G_endpoint,F,success,62,63,0.9841269841269841,0.9154147454056188,0.9971925057861305
confirmation,W110,3,G_endpoint,F,body_stable,58,63,0.9206349206349206,0.8272969014909624,0.9656241528231806
confirmation,W110,3,G_endpoint,F,joint_success,57,63,0.9047619047619048,0.8073829893716344,0.9556165157231071
confirmation,W110,0,G_endpoint,S2,success,61,64,0.953125,0.8710034625990662,0.9839309832137065
confirmation,W110,0,G_endpoint,S2,body_stable,64,64,1.0,0.9433759402071974,0.9999999999999999
confirmation,W110,0,G_endpoint,S2,joint_success,61,64,0.953125,0.8710034625990662,0.9839309832137065
confirmation,W110,1,G_endpoint,S2,success,46,64,0.71875,0.5986606971779295,0.8140662766627195
confirmation,W110,1,G_endpoint,S2,body_stable,53,64,0.828125,0.7178678837734215,0.901222576987552
confirmation,W110,1,G_endpoint,S2,joint_success,46,64,0.71875,0.5986606971779295,0.8140662766627195
confirmation,W110,2,G_endpoint,S2,success,57,64,0.890625,0.7910135867310422,0.945998866555831
confirmation,W110,2,G_endpoint,S2,body_stable,64,64,1.0,0.9433759402071974,0.9999999999999999
confirmation,W110,2,G_endpoint,S2,joint_success,57,64,0.890625,0.7910135867310422,0.945998866555831
confirmation,W110,3,G_endpoint,S2,success,17,63,0.2698412698412698,0.17583844412316205,0.3902990921955143
confirmation,W110,3,G_endpoint,S2,body_stable,60,63,0.9523809523809523,0.8690903216209424,0.983673831132004
confirmation,W110,3,G_endpoint,S2,joint_success,17,63,0.2698412698412698,0.17583844412316205,0.3902990921955143
confirmation,W110,0,G_endpoint,S5,success,63,64,0.984375,0.9166589839990601,0.9972364580766623
confirmation,W110,0,G_endpoint,S5,body_stable,64,64,1.0,0.9433759402071974,0.9999999999999999
confirmation,W110,0,G_endpoint,S5,joint_success,63,64,0.984375,0.9166589839990601,0.9972364580766623
confirmation,W110,1,G_endpoint,S5,success,62,64,0.96875,0.8930270822904198,0.9913878616538279
confirmation,W110,1,G_endpoint,S5,body_stable,63,64,0.984375,0.9166589839990601,0.9972364580766623
confirmation,W110,1,G_endpoint,S5,joint_success,62,64,0.96875,0.8930270822904198,0.9913878616538279
confirmation,W110,2,G_endpoint,S5,success,17,64,0.265625,0.17296379074222828,0.38482873728564787
confirmation,W110,2,G_endpoint,S5,body_stable,64,64,1.0,0.9433759402071974,0.9999999999999999
confirmation,W110,2,G_endpoint,S5,joint_success,17,64,0.265625,0.17296379074222828,0.38482873728564787
confirmation,W110,3,G_endpoint,S5,success,10,63,0.15873015873015872,0.08857092396514298,0.268115767817722
confirmation,W110,3,G_endpoint,S5,body_stable,61,63,0.9682539682539683,0.8914352295339287,0.9912504724384192
confirmation,W110,3,G_endpoint,S5,joint_success,10,63,0.15873015873015872,0.08857092396514298,0.268115767817722
confirmation,W110,0,P,F,success,64,64,1.0,0.9433759402071974,0.9999999999999999
confirmation,W110,0,P,F,body_stable,63,64,0.984375,0.9166589839990601,0.9972364580766623
confirmation,W110,0,P,F,joint_success,63,64,0.984375,0.9166589839990601,0.9972364580766623
confirmation,W110,1,P,F,success,64,64,1.0,0.9433759402071974,0.9999999999999999
confirmation,W110,1,P,F,body_stable,58,64,0.90625,0.8101712040035474,0.9563217474148007
confirmation,W110,1,P,F,joint_success,58,64,0.90625,0.8101712040035474,0.9563217474148007
confirmation,W110,2,P,F,success,64,64,1.0,0.9433759402071974,0.9999999999999999
confirmation,W110,2,P,F,body_stable,64,64,1.0,0.9433759402071974,0.9999999999999999
confirmation,W110,2,P,F,joint_success,64,64,1.0,0.9433759402071974,0.9999999999999999
confirmation,W110,3,P,F,success,61,63,0.9682539682539683,0.8914352295339287,0.9912504724384192
confirmation,W110,3,P,F,body_stable,21,63,0.3333333333333333,0.2294961446460423,0.4563275885502406
confirmation,W110,3,P,F,joint_success,21,63,0.3333333333333333,0.2294961446460423,0.4563275885502406
confirmation,W110,0,P,S2,success,62,64,0.96875,0.8930270822904198,0.9913878616538279
confirmation,W110,0,P,S2,body_stable,63,64,0.984375,0.9166589839990601,0.9972364580766623
confirmation,W110,0,P,S2,joint_success,62,64,0.96875,0.8930270822904198,0.9913878616538279
confirmation,W110,1,P,S2,success,61,64,0.953125,0.8710034625990662,0.9839309832137065
confirmation,W110,1,P,S2,body_stable,64,64,1.0,0.9433759402071974,0.9999999999999999
confirmation,W110,1,P,S2,joint_success,61,64,0.953125,0.8710034625990662,0.9839309832137065
confirmation,W110,2,P,S2,success,61,64,0.953125,0.8710034625990662,0.9839309832137065
confirmation,W110,2,P,S2,body_stable,64,64,1.0,0.9433759402071974,0.9999999999999999
confirmation,W110,2,P,S2,joint_success,61,64,0.953125,0.8710034625990662,0.9839309832137065
confirmation,W110,3,P,S2,success,4,63,0.06349206349206349,0.024965618013394683,0.15219177845306053
confirmation,W110,3,P,S2,body_stable,28,63,0.4444444444444444,0.32847096011892096,0.5668036176131733
confirmation,W110,3,P,S2,joint_success,4,63,0.06349206349206349,0.024965618013394683,0.15219177845306053
confirmation,W110,0,P,S5,success,62,64,0.96875,0.8930270822904198,0.9913878616538279
confirmation,W110,0,P,S5,body_stable,63,64,0.984375,0.9166589839990601,0.9972364580766623
confirmation,W110,0,P,S5,joint_success,62,64,0.96875,0.8930270822904198,0.9913878616538279
confirmation,W110,1,P,S5,success,45,64,0.703125,0.5822979889645742,0.8009484867445998
confirmation,W110,1,P,S5,body_stable,64,64,1.0,0.9433759402071974,0.9999999999999999
confirmation,W110,1,P,S5,joint_success,45,64,0.703125,0.5822979889645742,0.8009484867445998
confirmation,W110,2,P,S5,success,62,64,0.96875,0.8930270822904198,0.9913878616538279
confirmation,W110,2,P,S5,body_stable,64,64,1.0,0.9433759402071974,0.9999999999999999
confirmation,W110,2,P,S5,joint_success,62,64,0.96875,0.8930270822904198,0.9913878616538279
confirmation,W110,3,P,S5,success,2,63,0.031746031746031744,0.008749527561580726,0.10856477046607127
confirmation,W110,3,P,S5,body_stable,14,63,0.2222222222222222,0.13725007752613833,0.3391228111343332
confirmation,W110,3,P,S5,joint_success,2,63,0.031746031746031744,0.008749527561580726,0.10856477046607127
confirmation,W110,0,teacher,F,success,64,64,1.0,0.9433759402071974,0.9999999999999999
confirmation,W110,0,teacher,F,body_stable,64,64,1.0,0.9433759402071974,0.9999999999999999
confirmation,W110,0,teacher,F,joint_success,64,64,1.0,0.9433759402071974,0.9999999999999999
confirmation,W110,1,teacher,F,success,64,64,1.0,0.9433759402071974,0.9999999999999999
confirmation,W110,1,teacher,F,body_stable,56,64,0.875,0.772254381788704,0.9352775733666943
confirmation,W110,1,teacher,F,joint_success,56,64,0.875,0.772254381788704,0.9352775733666943
confirmation,W110,2,teacher,F,success,64,64,1.0,0.9433759402071974,0.9999999999999999
confirmation,W110,2,teacher,F,body_stable,43,64,0.671875,0.5499910584909184,0.7742944209553058
confirmation,W110,2,teacher,F,joint_success,43,64,0.671875,0.5499910584909184,0.7742944209553058
confirmation,W110,3,teacher,F,success,63,63,1.0,0.9425288004111512,1.0
confirmation,W110,3,teacher,F,body_stable,58,63,0.9206349206349206,0.8272969014909624,0.9656241528231806
confirmation,W110,3,teacher,F,joint_success,58,63,0.9206349206349206,0.8272969014909624,0.9656241528231806
confirmation,W110,0,teacher,S2,success,64,64,1.0,0.9433759402071974,0.9999999999999999
confirmation,W110,0,teacher,S2,body_stable,64,64,1.0,0.9433759402071974,0.9999999999999999
confirmation,W110,0,teacher,S2,joint_success,64,64,1.0,0.9433759402071974,0.9999999999999999
confirmation,W110,1,teacher,S2,success,64,64,1.0,0.9433759402071974,0.9999999999999999
confirmation,W110,1,teacher,S2,body_stable,64,64,1.0,0.9433759402071974,0.9999999999999999
confirmation,W110,1,teacher,S2,joint_success,64,64,1.0,0.9433759402071974,0.9999999999999999
confirmation,W110,2,teacher,S2,success,62,64,0.96875,0.8930270822904198,0.9913878616538279
confirmation,W110,2,teacher,S2,body_stable,63,64,0.984375,0.9166589839990601,0.9972364580766623
confirmation,W110,2,teacher,S2,joint_success,62,64,0.96875,0.8930270822904198,0.9913878616538279
confirmation,W110,3,teacher,S2,success,38,63,0.6031746031746031,0.4798091851165779,0.7146808848095326
confirmation,W110,3,teacher,S2,body_stable,56,63,0.8888888888888888,0.7879534424991781,0.9451245133761617
confirmation,W110,3,teacher,S2,joint_success,38,63,0.6031746031746031,0.4798091851165779,0.7146808848095326
confirmation,W110,0,teacher,S5,success,63,64,0.984375,0.9166589839990601,0.9972364580766623
confirmation,W110,0,teacher,S5,body_stable,63,64,0.984375,0.9166589839990601,0.9972364580766623
confirmation,W110,0,teacher,S5,joint_success,63,64,0.984375,0.9166589839990601,0.9972364580766623
confirmation,W110,1,teacher,S5,success,64,64,1.0,0.9433759402071974,0.9999999999999999
confirmation,W110,1,teacher,S5,body_stable,64,64,1.0,0.9433759402071974,0.9999999999999999
confirmation,W110,1,teacher,S5,joint_success,64,64,1.0,0.9433759402071974,0.9999999999999999
confirmation,W110,2,teacher,S5,success,64,64,1.0,0.9433759402071974,0.9999999999999999
confirmation,W110,2,teacher,S5,body_stable,64,64,1.0,0.9433759402071974,0.9999999999999999
confirmation,W110,2,teacher,S5,joint_success,64,64,1.0,0.9433759402071974,0.9999999999999999
confirmation,W110,3,teacher,S5,success,47,63,0.746031746031746,0.626588125633939,0.8371958872667864
confirmation,W110,3,teacher,S5,body_stable,62,63,0.9841269841269841,0.9154147454056188,0.9971925057861305
confirmation,W110,3,teacher,S5,joint_success,47,63,0.746031746031746,0.626588125633939,0.8371958872667864
confirmation,W120,0,C,F,success,64,64,1.0,0.9433759402071974,0.9999999999999999
confirmation,W120,0,C,F,body_stable,63,64,0.984375,0.9166589839990601,0.9972364580766623
confirmation,W120,0,C,F,joint_success,63,64,0.984375,0.9166589839990601,0.9972364580766623
confirmation,W120,1,C,F,success,64,64,1.0,0.9433759402071974,0.9999999999999999
confirmation,W120,1,C,F,body_stable,49,64,0.765625,0.648667424174317,0.8525010440607567
confirmation,W120,1,C,F,joint_success,49,64,0.765625,0.648667424174317,0.8525010440607567
confirmation,W120,2,C,F,success,63,64,0.984375,0.9166589839990601,0.9972364580766623
confirmation,W120,2,C,F,body_stable,63,64,0.984375,0.9166589839990601,0.9972364580766623
confirmation,W120,2,C,F,joint_success,63,64,0.984375,0.9166589839990601,0.9972364580766623
confirmation,W120,3,C,F,success,8,61,0.13114754098360656,0.0679807727490023,0.23801880192993116
confirmation,W120,3,C,F,body_stable,3,61,0.04918032786885246,0.016865982668762866,0.1349112752721558
confirmation,W120,3,C,F,joint_success,3,61,0.04918032786885246,0.016865982668762866,0.1349112752721558
confirmation,W120,0,C,S2,success,62,64,0.96875,0.8930270822904198,0.9913878616538279
confirmation,W120,0,C,S2,body_stable,64,64,1.0,0.9433759402071974,0.9999999999999999
confirmation,W120,0,C,S2,joint_success,62,64,0.96875,0.8930270822904198,0.9913878616538279
confirmation,W120,1,C,S2,success,28,64,0.4375,0.3229400970440336,0.5591379104300667
confirmation,W120,1,C,S2,body_stable,64,64,1.0,0.9433759402071974,0.9999999999999999
confirmation,W120,1,C,S2,joint_success,28,64,0.4375,0.3229400970440336,0.5591379104300667
confirmation,W120,2,C,S2,success,53,64,0.828125,0.7178678837734215,0.901222576987552
confirmation,W120,2,C,S2,body_stable,63,64,0.984375,0.9166589839990601,0.9972364580766623
confirmation,W120,2,C,S2,joint_success,53,64,0.828125,0.7178678837734215,0.901222576987552
confirmation,W120,3,C,S2,success,0,61,0.0,0.0,0.05924386789810976
confirmation,W120,3,C,S2,body_stable,1,61,0.01639344262295082,0.002899730799299942,0.0871886004464128
confirmation,W120,3,C,S2,joint_success,0,61,0.0,0.0,0.05924386789810976
confirmation,W120,0,C,S5,success,57,64,0.890625,0.7910135867310422,0.945998866555831
confirmation,W120,0,C,S5,body_stable,64,64,1.0,0.9433759402071974,0.9999999999999999
confirmation,W120,0,C,S5,joint_success,57,64,0.890625,0.7910135867310422,0.945998866555831
confirmation,W120,1,C,S5,success,59,64,0.921875,0.8298046264583742,0.9661688230914488
confirmation,W120,1,C,S5,body_stable,64,64,1.0,0.9433759402071974,0.9999999999999999
confirmation,W120,1,C,S5,joint_success,59,64,0.921875,0.8298046264583742,0.9661688230914488
confirmation,W120,2,C,S5,success,8,64,0.125,0.06472242663330569,0.22774561821129607
confirmation,W120,2,C,S5,body_stable,63,64,0.984375,0.9166589839990601,0.9972364580766623
confirmation,W120,2,C,S5,joint_success,8,64,0.125,0.06472242663330569,0.22774561821129607
confirmation,W120,3,C,S5,success,0,61,0.0,0.0,0.05924386789810976
confirmation,W120,3,C,S5,body_stable,0,61,0.0,0.0,0.05924386789810976
confirmation,W120,3,C,S5,joint_success,0,61,0.0,0.0,0.05924386789810976
confirmation,W120,0,C_endpoint,F,success,64,64,1.0,0.9433759402071974,0.9999999999999999
confirmation,W120,0,C_endpoint,F,body_stable,64,64,1.0,0.9433759402071974,0.9999999999999999
confirmation,W120,0,C_endpoint,F,joint_success,64,64,1.0,0.9433759402071974,0.9999999999999999
confirmation,W120,1,C_endpoint,F,success,64,64,1.0,0.9433759402071974,0.9999999999999999
confirmation,W120,1,C_endpoint,F,body_stable,59,64,0.921875,0.8298046264583742,0.9661688230914488
confirmation,W120,1,C_endpoint,F,joint_success,59,64,0.921875,0.8298046264583742,0.9661688230914488
confirmation,W120,2,C_endpoint,F,success,64,64,1.0,0.9433759402071974,0.9999999999999999
confirmation,W120,2,C_endpoint,F,body_stable,64,64,1.0,0.9433759402071974,0.9999999999999999
confirmation,W120,2,C_endpoint,F,joint_success,64,64,1.0,0.9433759402071974,0.9999999999999999
confirmation,W120,3,C_endpoint,F,success,61,61,1.0,0.9407561321018902,1.0
confirmation,W120,3,C_endpoint,F,body_stable,53,61,0.8688524590163934,0.7619811980700689,0.9320192272509978
confirmation,W120,3,C_endpoint,F,joint_success,53,61,0.8688524590163934,0.7619811980700689,0.9320192272509978
confirmation,W120,0,C_endpoint,S2,success,62,64,0.96875,0.8930270822904198,0.9913878616538279
confirmation,W120,0,C_endpoint,S2,body_stable,64,64,1.0,0.9433759402071974,0.9999999999999999
confirmation,W120,0,C_endpoint,S2,joint_success,62,64,0.96875,0.8930270822904198,0.9913878616538279
confirmation,W120,1,C_endpoint,S2,success,44,64,0.6875,0.5660766429725219,0.7876893346051772
confirmation,W120,1,C_endpoint,S2,body_stable,64,64,1.0,0.9433759402071974,0.9999999999999999
confirmation,W120,1,C_endpoint,S2,joint_success,44,64,0.6875,0.5660766429725219,0.7876893346051772
confirmation,W120,2,C_endpoint,S2,success,55,64,0.859375,0.7538371825842332,0.9242142744396902
confirmation,W120,2,C_endpoint,S2,body_stable,64,64,1.0,0.9433759402071974,0.9999999999999999
confirmation,W120,2,C_endpoint,S2,joint_success,55,64,0.859375,0.7538371825842332,0.9242142744396902
confirmation,W120,3,C_endpoint,S2,success,6,61,0.09836065573770492,0.045864575815471445,0.1984460721682561
confirmation,W120,3,C_endpoint,S2,body_stable,58,61,0.9508196721311475,0.8650887247278441,0.9831340173312372
confirmation,W120,3,C_endpoint,S2,joint_success,6,61,0.09836065573770492,0.045864575815471445,0.1984460721682561
confirmation,W120,0,C_endpoint,S5,success,63,64,0.984375,0.9166589839990601,0.9972364580766623
confirmation,W120,0,C_endpoint,S5,body_stable,64,64,1.0,0.9433759402071974,0.9999999999999999
confirmation,W120,0,C_endpoint,S5,joint_success,63,64,0.984375,0.9166589839990601,0.9972364580766623
confirmation,W120,1,C_endpoint,S5,success,64,64,1.0,0.9433759402071974,0.9999999999999999
confirmation,W120,1,C_endpoint,S5,body_stable,64,64,1.0,0.9433759402071974,0.9999999999999999
confirmation,W120,1,C_endpoint,S5,joint_success,64,64,1.0,0.9433759402071974,0.9999999999999999
confirmation,W120,2,C_endpoint,S5,success,59,64,0.921875,0.8298046264583742,0.9661688230914488
confirmation,W120,2,C_endpoint,S5,body_stable,64,64,1.0,0.9433759402071974,0.9999999999999999
confirmation,W120,2,C_endpoint,S5,joint_success,59,64,0.921875,0.8298046264583742,0.9661688230914488
confirmation,W120,3,C_endpoint,S5,success,0,61,0.0,0.0,0.05924386789810976
confirmation,W120,3,C_endpoint,S5,body_stable,52,61,0.8524590163934426,0.7427676470527925,0.9203883149206712
confirmation,W120,3,C_endpoint,S5,joint_success,0,61,0.0,0.0,0.05924386789810976
confirmation,W120,0,G,F,success,64,64,1.0,0.9433759402071974,0.9999999999999999
confirmation,W120,0,G,F,body_stable,61,64,0.953125,0.8710034625990662,0.9839309832137065
confirmation,W120,0,G,F,joint_success,61,64,0.953125,0.8710034625990662,0.9839309832137065
confirmation,W120,1,G,F,success,64,64,1.0,0.9433759402071974,0.9999999999999999
confirmation,W120,1,G,F,body_stable,62,64,0.96875,0.8930270822904198,0.9913878616538279
confirmation,W120,1,G,F,joint_success,62,64,0.96875,0.8930270822904198,0.9913878616538279
confirmation,W120,2,G,F,success,62,64,0.96875,0.8930270822904198,0.9913878616538279
confirmation,W120,2,G,F,body_stable,62,64,0.96875,0.8930270822904198,0.9913878616538279
confirmation,W120,2,G,F,joint_success,62,64,0.96875,0.8930270822904198,0.9913878616538279
confirmation,W120,3,G,F,success,61,61,1.0,0.9407561321018902,1.0
confirmation,W120,3,G,F,body_stable,56,61,0.9180327868852459,0.82205338197075,0.9644804333931257
confirmation,W120,3,G,F,joint_success,56,61,0.9180327868852459,0.82205338197075,0.9644804333931257
confirmation,W120,0,G,S2,success,21,64,0.328125,0.22570557904469424,0.45000894150908155
confirmation,W120,0,G,S2,body_stable,64,64,1.0,0.9433759402071974,0.9999999999999999
confirmation,W120,0,G,S2,joint_success,21,64,0.328125,0.22570557904469424,0.45000894150908155
confirmation,W120,1,G,S2,success,42,64,0.65625,0.5340364020991853,0.760768579215564
confirmation,W120,1,G,S2,body_stable,64,64,1.0,0.9433759402071974,0.9999999999999999
confirmation,W120,1,G,S2,joint_success,42,64,0.65625,0.5340364020991853,0.760768579215564
confirmation,W120,2,G,S2,success,20,64,0.3125,0.21231066539482285,0.43392335702747803
confirmation,W120,2,G,S2,body_stable,62,64,0.96875,0.8930270822904198,0.9913878616538279
confirmation,W120,2,G,S2,joint_success,20,64,0.3125,0.21231066539482285,0.43392335702747803
confirmation,W120,3,G,S2,success,1,61,0.01639344262295082,0.002899730799299942,0.0871886004464128
confirmation,W120,3,G,S2,body_stable,55,61,0.9016393442622951,0.8015539278317441,0.9541354241845288
confirmation,W120,3,G,S2,joint_success,1,61,0.01639344262295082,0.002899730799299942,0.0871886004464128
confirmation,W120,0,G,S5,success,56,64,0.875,0.772254381788704,0.9352775733666943
confirmation,W120,0,G,S5,body_stable,64,64,1.0,0.9433759402071974,0.9999999999999999
confirmation,W120,0,G,S5,joint_success,56,64,0.875,0.772254381788704,0.9352775733666943
confirmation,W120,1,G,S5,success,60,64,0.9375,0.8500251490779165,0.9754287986033814
confirmation,W120,1,G,S5,body_stable,64,64,1.0,0.9433759402071974,0.9999999999999999
confirmation,W120,1,G,S5,joint_success,60,64,0.9375,0.8500251490779165,0.9754287986033814
confirmation,W120,2,G,S5,success,11,64,0.171875,0.09877742301244796,0.2821321162265786
confirmation,W120,2,G,S5,body_stable,62,64,0.96875,0.8930270822904198,0.9913878616538279
confirmation,W120,2,G,S5,joint_success,11,64,0.171875,0.09877742301244796,0.2821321162265786
confirmation,W120,3,G,S5,success,2,61,0.03278688524590164,0.009037890398362683,0.11189490419495302
confirmation,W120,3,G,S5,body_stable,56,61,0.9180327868852459,0.82205338197075,0.9644804333931257
confirmation,W120,3,G,S5,joint_success,2,61,0.03278688524590164,0.009037890398362683,0.11189490419495302
confirmation,W120,0,G_endpoint,F,success,64,64,1.0,0.9433759402071974,0.9999999999999999
confirmation,W120,0,G_endpoint,F,body_stable,64,64,1.0,0.9433759402071974,0.9999999999999999
confirmation,W120,0,G_endpoint,F,joint_success,64,64,1.0,0.9433759402071974,0.9999999999999999
confirmation,W120,1,G_endpoint,F,success,64,64,1.0,0.9433759402071974,0.9999999999999999
confirmation,W120,1,G_endpoint,F,body_stable,54,64,0.84375,0.7357193822745156,0.9128515766179328
confirmation,W120,1,G_endpoint,F,joint_success,54,64,0.84375,0.7357193822745156,0.9128515766179328
confirmation,W120,2,G_endpoint,F,success,64,64,1.0,0.9433759402071974,0.9999999999999999
confirmation,W120,2,G_endpoint,F,body_stable,61,64,0.953125,0.8710034625990662,0.9839309832137065
confirmation,W120,2,G_endpoint,F,joint_success,61,64,0.953125,0.8710034625990662,0.9839309832137065
confirmation,W120,3,G_endpoint,F,success,60,61,0.9836065573770492,0.9128113995535873,0.9971002692007002
confirmation,W120,3,G_endpoint,F,body_stable,55,61,0.9016393442622951,0.8015539278317441,0.9541354241845288
confirmation,W120,3,G_endpoint,F,joint_success,55,61,0.9016393442622951,0.8015539278317441,0.9541354241845288
confirmation,W120,0,G_endpoint,S2,success,63,64,0.984375,0.9166589839990601,0.9972364580766623
confirmation,W120,0,G_endpoint,S2,body_stable,64,64,1.0,0.9433759402071974,0.9999999999999999
confirmation,W120,0,G_endpoint,S2,joint_success,63,64,0.984375,0.9166589839990601,0.9972364580766623
confirmation,W120,1,G_endpoint,S2,success,53,64,0.828125,0.7178678837734215,0.901222576987552
confirmation,W120,1,G_endpoint,S2,body_stable,60,64,0.9375,0.8500251490779165,0.9754287986033814
confirmation,W120,1,G_endpoint,S2,joint_success,53,64,0.828125,0.7178678837734215,0.901222576987552
confirmation,W120,2,G_endpoint,S2,success,51,64,0.796875,0.6828636426898618,0.8772658218081617
confirmation,W120,2,G_endpoint,S2,body_stable,64,64,1.0,0.9433759402071974,0.9999999999999999
confirmation,W120,2,G_endpoint,S2,joint_success,51,64,0.796875,0.6828636426898618,0.8772658218081617
confirmation,W120,3,G_endpoint,S2,success,8,61,0.13114754098360656,0.0679807727490023,0.23801880192993116
confirmation,W120,3,G_endpoint,S2,body_stable,56,61,0.9180327868852459,0.82205338197075,0.9644804333931257
confirmation,W120,3,G_endpoint,S2,joint_success,8,61,0.13114754098360656,0.0679807727490023,0.23801880192993116
confirmation,W120,0,G_endpoint,S5,success,61,64,0.953125,0.8710034625990662,0.9839309832137065
confirmation,W120,0,G_endpoint,S5,body_stable,64,64,1.0,0.9433759402071974,0.9999999999999999
confirmation,W120,0,G_endpoint,S5,joint_success,61,64,0.953125,0.8710034625990662,0.9839309832137065
confirmation,W120,1,G_endpoint,S5,success,62,64,0.96875,0.8930270822904198,0.9913878616538279
confirmation,W120,1,G_endpoint,S5,body_stable,63,64,0.984375,0.9166589839990601,0.9972364580766623
confirmation,W120,1,G_endpoint,S5,joint_success,62,64,0.96875,0.8930270822904198,0.9913878616538279
confirmation,W120,2,G_endpoint,S5,success,9,64,0.140625,0.07578572556030985,0.24616281741576682
confirmation,W120,2,G_endpoint,S5,body_stable,63,64,0.984375,0.9166589839990601,0.9972364580766623
confirmation,W120,2,G_endpoint,S5,joint_success,9,64,0.140625,0.07578572556030985,0.24616281741576682
confirmation,W120,3,G_endpoint,S5,success,4,61,0.06557377049180328,0.025793704489567193,0.15682801679895442
confirmation,W120,3,G_endpoint,S5,body_stable,59,61,0.9672131147540983,0.888105095805047,0.9909621096016373
confirmation,W120,3,G_endpoint,S5,joint_success,4,61,0.06557377049180328,0.025793704489567193,0.15682801679895442
confirmation,W120,0,P,F,success,64,64,1.0,0.9433759402071974,0.9999999999999999
confirmation,W120,0,P,F,body_stable,64,64,1.0,0.9433759402071974,0.9999999999999999
confirmation,W120,0,P,F,joint_success,64,64,1.0,0.9433759402071974,0.9999999999999999
confirmation,W120,1,P,F,success,64,64,1.0,0.9433759402071974,0.9999999999999999
confirmation,W120,1,P,F,body_stable,56,64,0.875,0.772254381788704,0.9352775733666943
confirmation,W120,1,P,F,joint_success,56,64,0.875,0.772254381788704,0.9352775733666943
confirmation,W120,2,P,F,success,64,64,1.0,0.9433759402071974,0.9999999999999999
confirmation,W120,2,P,F,body_stable,64,64,1.0,0.9433759402071974,0.9999999999999999
confirmation,W120,2,P,F,joint_success,64,64,1.0,0.9433759402071974,0.9999999999999999
confirmation,W120,3,P,F,success,25,61,0.4098360655737705,0.2953533743182564,0.5350020772699273
confirmation,W120,3,P,F,body_stable,0,61,0.0,0.0,0.05924386789810976
confirmation,W120,3,P,F,joint_success,0,61,0.0,0.0,0.05924386789810976
confirmation,W120,0,P,S2,success,64,64,1.0,0.9433759402071974,0.9999999999999999
confirmation,W120,0,P,S2,body_stable,64,64,1.0,0.9433759402071974,0.9999999999999999
confirmation,W120,0,P,S2,joint_success,64,64,1.0,0.9433759402071974,0.9999999999999999
confirmation,W120,1,P,S2,success,49,64,0.765625,0.648667424174317,0.8525010440607567
confirmation,W120,1,P,S2,body_stable,64,64,1.0,0.9433759402071974,0.9999999999999999
confirmation,W120,1,P,S2,joint_success,49,64,0.765625,0.648667424174317,0.8525010440607567
confirmation,W120,2,P,S2,success,61,64,0.953125,0.8710034625990662,0.9839309832137065
confirmation,W120,2,P,S2,body_stable,64,64,1.0,0.9433759402071974,0.9999999999999999
confirmation,W120,2,P,S2,joint_success,61,64,0.953125,0.8710034625990662,0.9839309832137065
confirmation,W120,3,P,S2,success,0,61,0.0,0.0,0.05924386789810976
confirmation,W120,3,P,S2,body_stable,0,61,0.0,0.0,0.05924386789810976
confirmation,W120,3,P,S2,joint_success,0,61,0.0,0.0,0.05924386789810976
confirmation,W120,0,P,S5,success,64,64,1.0,0.9433759402071974,0.9999999999999999
confirmation,W120,0,P,S5,body_stable,64,64,1.0,0.9433759402071974,0.9999999999999999
confirmation,W120,0,P,S5,joint_success,64,64,1.0,0.9433759402071974,0.9999999999999999
confirmation,W120,1,P,S5,success,23,64,0.359375,0.25288402291452006,0.48179149390220566
confirmation,W120,1,P,S5,body_stable,64,64,1.0,0.9433759402071974,0.9999999999999999
confirmation,W120,1,P,S5,joint_success,23,64,0.359375,0.25288402291452006,0.48179149390220566
confirmation,W120,2,P,S5,success,57,64,0.890625,0.7910135867310422,0.945998866555831
confirmation,W120,2,P,S5,body_stable,64,64,1.0,0.9433759402071974,0.9999999999999999
confirmation,W120,2,P,S5,joint_success,57,64,0.890625,0.7910135867310422,0.945998866555831
confirmation,W120,3,P,S5,success,0,61,0.0,0.0,0.05924386789810976
confirmation,W120,3,P,S5,body_stable,0,61,0.0,0.0,0.05924386789810976
confirmation,W120,3,P,S5,joint_success,0,61,0.0,0.0,0.05924386789810976
confirmation,W120,0,teacher,F,success,64,64,1.0,0.9433759402071974,0.9999999999999999
confirmation,W120,0,teacher,F,body_stable,64,64,1.0,0.9433759402071974,0.9999999999999999
confirmation,W120,0,teacher,F,joint_success,64,64,1.0,0.9433759402071974,0.9999999999999999
confirmation,W120,1,teacher,F,success,64,64,1.0,0.9433759402071974,0.9999999999999999
confirmation,W120,1,teacher,F,body_stable,55,64,0.859375,0.7538371825842332,0.9242142744396902
confirmation,W120,1,teacher,F,joint_success,55,64,0.859375,0.7538371825842332,0.9242142744396902
confirmation,W120,2,teacher,F,success,64,64,1.0,0.9433759402071974,0.9999999999999999
confirmation,W120,2,teacher,F,body_stable,31,64,0.484375,0.3663355166543294,0.6041839852141957
confirmation,W120,2,teacher,F,joint_success,31,64,0.484375,0.3663355166543294,0.6041839852141957
confirmation,W120,3,teacher,F,success,61,61,1.0,0.9407561321018902,1.0
confirmation,W120,3,teacher,F,body_stable,60,61,0.9836065573770492,0.9128113995535873,0.9971002692007002
confirmation,W120,3,teacher,F,joint_success,60,61,0.9836065573770492,0.9128113995535873,0.9971002692007002
confirmation,W120,0,teacher,S2,success,64,64,1.0,0.9433759402071974,0.9999999999999999
confirmation,W120,0,teacher,S2,body_stable,64,64,1.0,0.9433759402071974,0.9999999999999999
confirmation,W120,0,teacher,S2,joint_success,64,64,1.0,0.9433759402071974,0.9999999999999999
confirmation,W120,1,teacher,S2,success,64,64,1.0,0.9433759402071974,0.9999999999999999
confirmation,W120,1,teacher,S2,body_stable,64,64,1.0,0.9433759402071974,0.9999999999999999
confirmation,W120,1,teacher,S2,joint_success,64,64,1.0,0.9433759402071974,0.9999999999999999
confirmation,W120,2,teacher,S2,success,60,64,0.9375,0.8500251490779165,0.9754287986033814
confirmation,W120,2,teacher,S2,body_stable,64,64,1.0,0.9433759402071974,0.9999999999999999
confirmation,W120,2,teacher,S2,joint_success,60,64,0.9375,0.8500251490779165,0.9754287986033814
confirmation,W120,3,teacher,S2,success,40,61,0.6557377049180327,0.5304974914056855,0.7625249103965428
confirmation,W120,3,teacher,S2,body_stable,59,61,0.9672131147540983,0.888105095805047,0.9909621096016373
confirmation,W120,3,teacher,S2,joint_success,40,61,0.6557377049180327,0.5304974914056855,0.7625249103965428
confirmation,W120,0,teacher,S5,success,64,64,1.0,0.9433759402071974,0.9999999999999999
confirmation,W120,0,teacher,S5,body_stable,64,64,1.0,0.9433759402071974,0.9999999999999999
confirmation,W120,0,teacher,S5,joint_success,64,64,1.0,0.9433759402071974,0.9999999999999999
confirmation,W120,1,teacher,S5,success,64,64,1.0,0.9433759402071974,0.9999999999999999
confirmation,W120,1,teacher,S5,body_stable,64,64,1.0,0.9433759402071974,0.9999999999999999
confirmation,W120,1,teacher,S5,joint_success,64,64,1.0,0.9433759402071974,0.9999999999999999
confirmation,W120,2,teacher,S5,success,64,64,1.0,0.9433759402071974,0.9999999999999999
confirmation,W120,2,teacher,S5,body_stable,64,64,1.0,0.9433759402071974,0.9999999999999999
confirmation,W120,2,teacher,S5,joint_success,64,64,1.0,0.9433759402071974,0.9999999999999999
confirmation,W120,3,teacher,S5,success,36,61,0.5901639344262295,0.4649979227300727,0.7046466256817436
confirmation,W120,3,teacher,S5,body_stable,60,61,0.9836065573770492,0.9128113995535873,0.9971002692007002
confirmation,W120,3,teacher,S5,joint_success,36,61,0.5901639344262295,0.4649979227300727,0.7046466256817436
confirmation,baseline,0,C,F,success,64,64,1.0,0.9433759402071974,0.9999999999999999
confirmation,baseline,0,C,F,body_stable,62,64,0.96875,0.8930270822904198,0.9913878616538279
confirmation,baseline,0,C,F,joint_success,62,64,0.96875,0.8930270822904198,0.9913878616538279
confirmation,baseline,1,C,F,success,64,64,1.0,0.9433759402071974,0.9999999999999999
confirmation,baseline,1,C,F,body_stable,47,64,0.734375,0.6151712627143521,0.8270362092577718
confirmation,baseline,1,C,F,joint_success,47,64,0.734375,0.6151712627143521,0.8270362092577718
confirmation,baseline,2,C,F,success,63,64,0.984375,0.9166589839990601,0.9972364580766623
confirmation,baseline,2,C,F,body_stable,63,64,0.984375,0.9166589839990601,0.9972364580766623
confirmation,baseline,2,C,F,joint_success,63,64,0.984375,0.9166589839990601,0.9972364580766623
confirmation,baseline,3,C,F,success,64,64,1.0,0.9433759402071974,0.9999999999999999
confirmation,baseline,3,C,F,body_stable,56,64,0.875,0.772254381788704,0.9352775733666943
confirmation,baseline,3,C,F,joint_success,56,64,0.875,0.772254381788704,0.9352775733666943
confirmation,baseline,0,C,S2,success,62,64,0.96875,0.8930270822904198,0.9913878616538279
confirmation,baseline,0,C,S2,body_stable,64,64,1.0,0.9433759402071974,0.9999999999999999
confirmation,baseline,0,C,S2,joint_success,62,64,0.96875,0.8930270822904198,0.9913878616538279
confirmation,baseline,1,C,S2,success,21,64,0.328125,0.22570557904469424,0.45000894150908155
confirmation,baseline,1,C,S2,body_stable,61,64,0.953125,0.8710034625990662,0.9839309832137065
confirmation,baseline,1,C,S2,joint_success,21,64,0.328125,0.22570557904469424,0.45000894150908155
confirmation,baseline,2,C,S2,success,58,64,0.90625,0.8101712040035474,0.9563217474148007
confirmation,baseline,2,C,S2,body_stable,63,64,0.984375,0.9166589839990601,0.9972364580766623
confirmation,baseline,2,C,S2,joint_success,58,64,0.90625,0.8101712040035474,0.9563217474148007
confirmation,baseline,3,C,S2,success,15,64,0.234375,0.1474989559392433,0.351332575825683
confirmation,baseline,3,C,S2,body_stable,60,64,0.9375,0.8500251490779165,0.9754287986033814
confirmation,baseline,3,C,S2,joint_success,15,64,0.234375,0.1474989559392433,0.351332575825683
confirmation,baseline,0,C,S5,success,52,64,0.8125,0.7002563943589881,0.8893535682705103
confirmation,baseline,0,C,S5,body_stable,63,64,0.984375,0.9166589839990601,0.9972364580766623
confirmation,baseline,0,C,S5,joint_success,52,64,0.8125,0.7002563943589881,0.8893535682705103
confirmation,baseline,1,C,S5,success,55,64,0.859375,0.7538371825842332,0.9242142744396902
confirmation,baseline,1,C,S5,body_stable,63,64,0.984375,0.9166589839990601,0.9972364580766623
confirmation,baseline,1,C,S5,joint_success,55,64,0.859375,0.7538371825842332,0.9242142744396902
confirmation,baseline,2,C,S5,success,40,64,0.625,0.5025037868400484,0.7333401982117511
confirmation,baseline,2,C,S5,body_stable,63,64,0.984375,0.9166589839990601,0.9972364580766623
confirmation,baseline,2,C,S5,joint_success,40,64,0.625,0.5025037868400484,0.7333401982117511
confirmation,baseline,3,C,S5,success,46,64,0.71875,0.5986606971779295,0.8140662766627195
confirmation,baseline,3,C,S5,body_stable,62,64,0.96875,0.8930270822904198,0.9913878616538279
confirmation,baseline,3,C,S5,joint_success,46,64,0.71875,0.5986606971779295,0.8140662766627195
confirmation,baseline,0,C_endpoint,F,success,64,64,1.0,0.9433759402071974,0.9999999999999999
confirmation,baseline,0,C_endpoint,F,body_stable,64,64,1.0,0.9433759402071974,0.9999999999999999
confirmation,baseline,0,C_endpoint,F,joint_success,64,64,1.0,0.9433759402071974,0.9999999999999999
confirmation,baseline,1,C_endpoint,F,success,64,64,1.0,0.9433759402071974,0.9999999999999999
confirmation,baseline,1,C_endpoint,F,body_stable,63,64,0.984375,0.9166589839990601,0.9972364580766623
confirmation,baseline,1,C_endpoint,F,joint_success,63,64,0.984375,0.9166589839990601,0.9972364580766623
confirmation,baseline,2,C_endpoint,F,success,64,64,1.0,0.9433759402071974,0.9999999999999999
confirmation,baseline,2,C_endpoint,F,body_stable,64,64,1.0,0.9433759402071974,0.9999999999999999
confirmation,baseline,2,C_endpoint,F,joint_success,64,64,1.0,0.9433759402071974,0.9999999999999999
confirmation,baseline,3,C_endpoint,F,success,64,64,1.0,0.9433759402071974,0.9999999999999999
confirmation,baseline,3,C_endpoint,F,body_stable,63,64,0.984375,0.9166589839990601,0.9972364580766623
confirmation,baseline,3,C_endpoint,F,joint_success,63,64,0.984375,0.9166589839990601,0.9972364580766623
confirmation,baseline,0,C_endpoint,S2,success,59,64,0.921875,0.8298046264583742,0.9661688230914488
confirmation,baseline,0,C_endpoint,S2,body_stable,64,64,1.0,0.9433759402071974,0.9999999999999999
confirmation,baseline,0,C_endpoint,S2,joint_success,59,64,0.921875,0.8298046264583742,0.9661688230914488
confirmation,baseline,1,C_endpoint,S2,success,54,64,0.84375,0.7357193822745156,0.9128515766179328
confirmation,baseline,1,C_endpoint,S2,body_stable,63,64,0.984375,0.9166589839990601,0.9972364580766623
confirmation,baseline,1,C_endpoint,S2,joint_success,54,64,0.84375,0.7357193822745156,0.9128515766179328
confirmation,baseline,2,C_endpoint,S2,success,57,64,0.890625,0.7910135867310422,0.945998866555831
confirmation,baseline,2,C_endpoint,S2,body_stable,64,64,1.0,0.9433759402071974,0.9999999999999999
confirmation,baseline,2,C_endpoint,S2,joint_success,57,64,0.890625,0.7910135867310422,0.945998866555831
confirmation,baseline,3,C_endpoint,S2,success,50,64,0.78125,0.6656721604337452,0.8649768059328033
confirmation,baseline,3,C_endpoint,S2,body_stable,63,64,0.984375,0.9166589839990601,0.9972364580766623
confirmation,baseline,3,C_endpoint,S2,joint_success,50,64,0.78125,0.6656721604337452,0.8649768059328033
confirmation,baseline,0,C_endpoint,S5,success,55,64,0.859375,0.7538371825842332,0.9242142744396902
confirmation,baseline,0,C_endpoint,S5,body_stable,61,64,0.953125,0.8710034625990662,0.9839309832137065
confirmation,baseline,0,C_endpoint,S5,joint_success,55,64,0.859375,0.7538371825842332,0.9242142744396902
confirmation,baseline,1,C_endpoint,S5,success,61,64,0.953125,0.8710034625990662,0.9839309832137065
confirmation,baseline,1,C_endpoint,S5,body_stable,63,64,0.984375,0.9166589839990601,0.9972364580766623
confirmation,baseline,1,C_endpoint,S5,joint_success,61,64,0.953125,0.8710034625990662,0.9839309832137065
confirmation,baseline,2,C_endpoint,S5,success,61,64,0.953125,0.8710034625990662,0.9839309832137065
confirmation,baseline,2,C_endpoint,S5,body_stable,64,64,1.0,0.9433759402071974,0.9999999999999999
confirmation,baseline,2,C_endpoint,S5,joint_success,61,64,0.953125,0.8710034625990662,0.9839309832137065
confirmation,baseline,3,C_endpoint,S5,success,46,64,0.71875,0.5986606971779295,0.8140662766627195
confirmation,baseline,3,C_endpoint,S5,body_stable,64,64,1.0,0.9433759402071974,0.9999999999999999
confirmation,baseline,3,C_endpoint,S5,joint_success,46,64,0.71875,0.5986606971779295,0.8140662766627195
confirmation,baseline,0,G,F,success,64,64,1.0,0.9433759402071974,0.9999999999999999
confirmation,baseline,0,G,F,body_stable,62,64,0.96875,0.8930270822904198,0.9913878616538279
confirmation,baseline,0,G,F,joint_success,62,64,0.96875,0.8930270822904198,0.9913878616538279
confirmation,baseline,1,G,F,success,64,64,1.0,0.9433759402071974,0.9999999999999999
confirmation,baseline,1,G,F,body_stable,60,64,0.9375,0.8500251490779165,0.9754287986033814
confirmation,baseline,1,G,F,joint_success,60,64,0.9375,0.8500251490779165,0.9754287986033814
confirmation,baseline,2,G,F,success,64,64,1.0,0.9433759402071974,0.9999999999999999
confirmation,baseline,2,G,F,body_stable,64,64,1.0,0.9433759402071974,0.9999999999999999
confirmation,baseline,2,G,F,joint_success,64,64,1.0,0.9433759402071974,0.9999999999999999
confirmation,baseline,3,G,F,success,64,64,1.0,0.9433759402071974,0.9999999999999999
confirmation,baseline,3,G,F,body_stable,58,64,0.90625,0.8101712040035474,0.9563217474148007
confirmation,baseline,3,G,F,joint_success,58,64,0.90625,0.8101712040035474,0.9563217474148007
confirmation,baseline,0,G,S2,success,35,64,0.546875,0.4257359722005444,0.6627055221938803
confirmation,baseline,0,G,S2,body_stable,64,64,1.0,0.9433759402071974,0.9999999999999999
confirmation,baseline,0,G,S2,joint_success,35,64,0.546875,0.4257359722005444,0.6627055221938803
confirmation,baseline,1,G,S2,success,55,64,0.859375,0.7538371825842332,0.9242142744396902
confirmation,baseline,1,G,S2,body_stable,62,64,0.96875,0.8930270822904198,0.9913878616538279
confirmation,baseline,1,G,S2,joint_success,55,64,0.859375,0.7538371825842332,0.9242142744396902
confirmation,baseline,2,G,S2,success,41,64,0.640625,0.5182085060977945,0.7471159770854799
confirmation,baseline,2,G,S2,body_stable,64,64,1.0,0.9433759402071974,0.9999999999999999
confirmation,baseline,2,G,S2,joint_success,41,64,0.640625,0.5182085060977945,0.7471159770854799
confirmation,baseline,3,G,S2,success,32,64,0.5,0.3810209474394732,0.6189790525605268
confirmation,baseline,3,G,S2,body_stable,62,64,0.96875,0.8930270822904198,0.9913878616538279
confirmation,baseline,3,G,S2,joint_success,32,64,0.5,0.3810209474394732,0.6189790525605268
confirmation,baseline,0,G,S5,success,54,64,0.84375,0.7357193822745156,0.9128515766179328
confirmation,baseline,0,G,S5,body_stable,64,64,1.0,0.9433759402071974,0.9999999999999999
confirmation,baseline,0,G,S5,joint_success,54,64,0.84375,0.7357193822745156,0.9128515766179328
confirmation,baseline,1,G,S5,success,60,64,0.9375,0.8500251490779165,0.9754287986033814
confirmation,baseline,1,G,S5,body_stable,62,64,0.96875,0.8930270822904198,0.9913878616538279
confirmation,baseline,1,G,S5,joint_success,60,64,0.9375,0.8500251490779165,0.9754287986033814
confirmation,baseline,2,G,S5,success,30,64,0.46875,0.3517598742517634,0.5892791294852868
confirmation,baseline,2,G,S5,body_stable,64,64,1.0,0.9433759402071974,0.9999999999999999
confirmation,baseline,2,G,S5,joint_success,30,64,0.46875,0.3517598742517634,0.5892791294852868
confirmation,baseline,3,G,S5,success,48,64,0.75,0.6318372354133065,0.8398507346902923
confirmation,baseline,3,G,S5,body_stable,63,64,0.984375,0.9166589839990601,0.9972364580766623
confirmation,baseline,3,G,S5,joint_success,48,64,0.75,0.6318372354133065,0.8398507346902923
confirmation,baseline,0,G_endpoint,F,success,63,64,0.984375,0.9166589839990601,0.9972364580766623
confirmation,baseline,0,G_endpoint,F,body_stable,62,64,0.96875,0.8930270822904198,0.9913878616538279
confirmation,baseline,0,G_endpoint,F,joint_success,62,64,0.96875,0.8930270822904198,0.9913878616538279
confirmation,baseline,1,G_endpoint,F,success,64,64,1.0,0.9433759402071974,0.9999999999999999
confirmation,baseline,1,G_endpoint,F,body_stable,39,64,0.609375,0.486919178802728,0.7194443081175965
confirmation,baseline,1,G_endpoint,F,joint_success,39,64,0.609375,0.486919178802728,0.7194443081175965
confirmation,baseline,2,G_endpoint,F,success,63,64,0.984375,0.9166589839990601,0.9972364580766623
confirmation,baseline,2,G_endpoint,F,body_stable,63,64,0.984375,0.9166589839990601,0.9972364580766623
confirmation,baseline,2,G_endpoint,F,joint_success,63,64,0.984375,0.9166589839990601,0.9972364580766623
confirmation,baseline,3,G_endpoint,F,success,64,64,1.0,0.9433759402071974,0.9999999999999999
confirmation,baseline,3,G_endpoint,F,body_stable,62,64,0.96875,0.8930270822904198,0.9913878616538279
confirmation,baseline,3,G_endpoint,F,joint_success,62,64,0.96875,0.8930270822904198,0.9913878616538279
confirmation,baseline,0,G_endpoint,S2,success,59,64,0.921875,0.8298046264583742,0.9661688230914488
confirmation,baseline,0,G_endpoint,S2,body_stable,63,64,0.984375,0.9166589839990601,0.9972364580766623
confirmation,baseline,0,G_endpoint,S2,joint_success,59,64,0.921875,0.8298046264583742,0.9661688230914488
confirmation,baseline,1,G_endpoint,S2,success,42,64,0.65625,0.5340364020991853,0.760768579215564
confirmation,baseline,1,G_endpoint,S2,body_stable,50,64,0.78125,0.6656721604337452,0.8649768059328033
confirmation,baseline,1,G_endpoint,S2,joint_success,42,64,0.65625,0.5340364020991853,0.760768579215564
confirmation,baseline,2,G_endpoint,S2,success,60,64,0.9375,0.8500251490779165,0.9754287986033814
confirmation,baseline,2,G_endpoint,S2,body_stable,63,64,0.984375,0.9166589839990601,0.9972364580766623
confirmation,baseline,2,G_endpoint,S2,joint_success,60,64,0.9375,0.8500251490779165,0.9754287986033814
confirmation,baseline,3,G_endpoint,S2,success,49,64,0.765625,0.648667424174317,0.8525010440607567
confirmation,baseline,3,G_endpoint,S2,body_stable,62,64,0.96875,0.8930270822904198,0.9913878616538279
confirmation,baseline,3,G_endpoint,S2,joint_success,49,64,0.765625,0.648667424174317,0.8525010440607567
confirmation,baseline,0,G_endpoint,S5,success,59,64,0.921875,0.8298046264583742,0.9661688230914488
confirmation,baseline,0,G_endpoint,S5,body_stable,62,64,0.96875,0.8930270822904198,0.9913878616538279
confirmation,baseline,0,G_endpoint,S5,joint_success,59,64,0.921875,0.8298046264583742,0.9661688230914488
confirmation,baseline,1,G_endpoint,S5,success,56,64,0.875,0.772254381788704,0.9352775733666943
confirmation,baseline,1,G_endpoint,S5,body_stable,58,64,0.90625,0.8101712040035474,0.9563217474148007
confirmation,baseline,1,G_endpoint,S5,joint_success,56,64,0.875,0.772254381788704,0.9352775733666943
confirmation,baseline,2,G_endpoint,S5,success,27,64,0.421875,0.3086978247434577,0.5438996845991676
confirmation,baseline,2,G_endpoint,S5,body_stable,63,64,0.984375,0.9166589839990601,0.9972364580766623
confirmation,baseline,2,G_endpoint,S5,joint_success,27,64,0.421875,0.3086978247434577,0.5438996845991676
confirmation,baseline,3,G_endpoint,S5,success,19,64,0.296875,0.19905151325540021,0.41770201103542576
confirmation,baseline,3,G_endpoint,S5,body_stable,64,64,1.0,0.9433759402071974,0.9999999999999999
confirmation,baseline,3,G_endpoint,S5,joint_success,19,64,0.296875,0.19905151325540021,0.41770201103542576
confirmation,baseline,0,P,F,success,64,64,1.0,0.9433759402071974,0.9999999999999999
confirmation,baseline,0,P,F,body_stable,64,64,1.0,0.9433759402071974,0.9999999999999999
confirmation,baseline,0,P,F,joint_success,64,64,1.0,0.9433759402071974,0.9999999999999999
confirmation,baseline,1,P,F,success,64,64,1.0,0.9433759402071974,0.9999999999999999
confirmation,baseline,1,P,F,body_stable,61,64,0.953125,0.8710034625990662,0.9839309832137065
confirmation,baseline,1,P,F,joint_success,61,64,0.953125,0.8710034625990662,0.9839309832137065
confirmation,baseline,2,P,F,success,64,64,1.0,0.9433759402071974,0.9999999999999999
confirmation,baseline,2,P,F,body_stable,64,64,1.0,0.9433759402071974,0.9999999999999999
confirmation,baseline,2,P,F,joint_success,64,64,1.0,0.9433759402071974,0.9999999999999999
confirmation,baseline,3,P,F,success,64,64,1.0,0.9433759402071974,0.9999999999999999
confirmation,baseline,3,P,F,body_stable,57,64,0.890625,0.7910135867310422,0.945998866555831
confirmation,baseline,3,P,F,joint_success,57,64,0.890625,0.7910135867310422,0.945998866555831
confirmation,baseline,0,P,S2,success,61,64,0.953125,0.8710034625990662,0.9839309832137065
confirmation,baseline,0,P,S2,body_stable,64,64,1.0,0.9433759402071974,0.9999999999999999
confirmation,baseline,0,P,S2,joint_success,61,64,0.953125,0.8710034625990662,0.9839309832137065
confirmation,baseline,1,P,S2,success,62,64,0.96875,0.8930270822904198,0.9913878616538279
confirmation,baseline,1,P,S2,body_stable,64,64,1.0,0.9433759402071974,0.9999999999999999
confirmation,baseline,1,P,S2,joint_success,62,64,0.96875,0.8930270822904198,0.9913878616538279
confirmation,baseline,2,P,S2,success,60,64,0.9375,0.8500251490779165,0.9754287986033814
confirmation,baseline,2,P,S2,body_stable,64,64,1.0,0.9433759402071974,0.9999999999999999
confirmation,baseline,2,P,S2,joint_success,60,64,0.9375,0.8500251490779165,0.9754287986033814
confirmation,baseline,3,P,S2,success,45,64,0.703125,0.5822979889645742,0.8009484867445998
confirmation,baseline,3,P,S2,body_stable,64,64,1.0,0.9433759402071974,0.9999999999999999
confirmation,baseline,3,P,S2,joint_success,45,64,0.703125,0.5822979889645742,0.8009484867445998
confirmation,baseline,0,P,S5,success,60,64,0.9375,0.8500251490779165,0.9754287986033814
confirmation,baseline,0,P,S5,body_stable,64,64,1.0,0.9433759402071974,0.9999999999999999
confirmation,baseline,0,P,S5,joint_success,60,64,0.9375,0.8500251490779165,0.9754287986033814
confirmation,baseline,1,P,S5,success,60,64,0.9375,0.8500251490779165,0.9754287986033814
confirmation,baseline,1,P,S5,body_stable,63,64,0.984375,0.9166589839990601,0.9972364580766623
confirmation,baseline,1,P,S5,joint_success,60,64,0.9375,0.8500251490779165,0.9754287986033814
confirmation,baseline,2,P,S5,success,56,64,0.875,0.772254381788704,0.9352775733666943
confirmation,baseline,2,P,S5,body_stable,64,64,1.0,0.9433759402071974,0.9999999999999999
confirmation,baseline,2,P,S5,joint_success,56,64,0.875,0.772254381788704,0.9352775733666943
confirmation,baseline,3,P,S5,success,49,64,0.765625,0.648667424174317,0.8525010440607567
confirmation,baseline,3,P,S5,body_stable,63,64,0.984375,0.9166589839990601,0.9972364580766623
confirmation,baseline,3,P,S5,joint_success,49,64,0.765625,0.648667424174317,0.8525010440607567
confirmation,baseline,0,teacher,F,success,64,64,1.0,0.9433759402071974,0.9999999999999999
confirmation,baseline,0,teacher,F,body_stable,64,64,1.0,0.9433759402071974,0.9999999999999999
confirmation,baseline,0,teacher,F,joint_success,64,64,1.0,0.9433759402071974,0.9999999999999999
confirmation,baseline,1,teacher,F,success,64,64,1.0,0.9433759402071974,0.9999999999999999
confirmation,baseline,1,teacher,F,body_stable,58,64,0.90625,0.8101712040035474,0.9563217474148007
confirmation,baseline,1,teacher,F,joint_success,58,64,0.90625,0.8101712040035474,0.9563217474148007
confirmation,baseline,2,teacher,F,success,64,64,1.0,0.9433759402071974,0.9999999999999999
confirmation,baseline,2,teacher,F,body_stable,53,64,0.828125,0.7178678837734215,0.901222576987552
confirmation,baseline,2,teacher,F,joint_success,53,64,0.828125,0.7178678837734215,0.901222576987552
confirmation,baseline,3,teacher,F,success,64,64,1.0,0.9433759402071974,0.9999999999999999
confirmation,baseline,3,teacher,F,body_stable,62,64,0.96875,0.8930270822904198,0.9913878616538279
confirmation,baseline,3,teacher,F,joint_success,62,64,0.96875,0.8930270822904198,0.9913878616538279
confirmation,baseline,0,teacher,S2,success,64,64,1.0,0.9433759402071974,0.9999999999999999
confirmation,baseline,0,teacher,S2,body_stable,64,64,1.0,0.9433759402071974,0.9999999999999999
confirmation,baseline,0,teacher,S2,joint_success,64,64,1.0,0.9433759402071974,0.9999999999999999
confirmation,baseline,1,teacher,S2,success,64,64,1.0,0.9433759402071974,0.9999999999999999
confirmation,baseline,1,teacher,S2,body_stable,64,64,1.0,0.9433759402071974,0.9999999999999999
confirmation,baseline,1,teacher,S2,joint_success,64,64,1.0,0.9433759402071974,0.9999999999999999
confirmation,baseline,2,teacher,S2,success,63,64,0.984375,0.9166589839990601,0.9972364580766623
confirmation,baseline,2,teacher,S2,body_stable,63,64,0.984375,0.9166589839990601,0.9972364580766623
confirmation,baseline,2,teacher,S2,joint_success,63,64,0.984375,0.9166589839990601,0.9972364580766623
confirmation,baseline,3,teacher,S2,success,55,64,0.859375,0.7538371825842332,0.9242142744396902
confirmation,baseline,3,teacher,S2,body_stable,64,64,1.0,0.9433759402071974,0.9999999999999999
confirmation,baseline,3,teacher,S2,joint_success,55,64,0.859375,0.7538371825842332,0.9242142744396902
confirmation,baseline,0,teacher,S5,success,63,64,0.984375,0.9166589839990601,0.9972364580766623
confirmation,baseline,0,teacher,S5,body_stable,63,64,0.984375,0.9166589839990601,0.9972364580766623
confirmation,baseline,0,teacher,S5,joint_success,63,64,0.984375,0.9166589839990601,0.9972364580766623
confirmation,baseline,1,teacher,S5,success,64,64,1.0,0.9433759402071974,0.9999999999999999
confirmation,baseline,1,teacher,S5,body_stable,64,64,1.0,0.9433759402071974,0.9999999999999999
confirmation,baseline,1,teacher,S5,joint_success,64,64,1.0,0.9433759402071974,0.9999999999999999
confirmation,baseline,2,teacher,S5,success,64,64,1.0,0.9433759402071974,0.9999999999999999
confirmation,baseline,2,teacher,S5,body_stable,64,64,1.0,0.9433759402071974,0.9999999999999999
confirmation,baseline,2,teacher,S5,joint_success,64,64,1.0,0.9433759402071974,0.9999999999999999
confirmation,baseline,3,teacher,S5,success,57,64,0.890625,0.7910135867310422,0.945998866555831
confirmation,baseline,3,teacher,S5,body_stable,63,64,0.984375,0.9166589839990601,0.9972364580766623
confirmation,baseline,3,teacher,S5,joint_success,57,64,0.890625,0.7910135867310422,0.945998866555831
pair1-dev,W110,0,C52000,F,success,32,32,1.0,0.8928208017449346,1.0
pair1-dev,W110,0,C52000,F,body_stable,31,32,0.96875,0.8425573617998795,0.9944621398359966
pair1-dev,W110,0,C52000,F,joint_success,31,32,0.96875,0.8425573617998795,0.9944621398359966
pair1-dev,W110,1,C52000,F,success,32,32,1.0,0.8928208017449346,1.0
pair1-dev,W110,1,C52000,F,body_stable,21,32,0.65625,0.48311087978962686,0.7958956207556651
pair1-dev,W110,1,C52000,F,joint_success,21,32,0.65625,0.48311087978962686,0.7958956207556651
pair1-dev,W110,2,C52000,F,success,32,32,1.0,0.8928208017449346,1.0
pair1-dev,W110,2,C52000,F,body_stable,32,32,1.0,0.8928208017449346,1.0
pair1-dev,W110,2,C52000,F,joint_success,32,32,1.0,0.8928208017449346,1.0
pair1-dev,W110,3,C52000,F,success,25,32,0.78125,0.6124500635075697,0.889761637473956
pair1-dev,W110,3,C52000,F,body_stable,4,32,0.125,0.049701343874801934,0.280683054816497
pair1-dev,W110,3,C52000,F,joint_success,4,32,0.125,0.049701343874801934,0.280683054816497
pair1-dev,W110,0,C52000,S2,success,30,32,0.9375,0.7985287685584593,0.9826894329683585
pair1-dev,W110,0,C52000,S2,body_stable,31,32,0.96875,0.8425573617998795,0.9944621398359966
pair1-dev,W110,0,C52000,S2,joint_success,30,32,0.9375,0.7985287685584593,0.9826894329683585
pair1-dev,W110,1,C52000,S2,success,13,32,0.40625,0.25519634842665784,0.5773997512461668
pair1-dev,W110,1,C52000,S2,body_stable,30,32,0.9375,0.7985287685584593,0.9826894329683585
pair1-dev,W110,1,C52000,S2,joint_success,13,32,0.40625,0.25519634842665784,0.5773997512461668
pair1-dev,W110,2,C52000,S2,success,29,32,0.90625,0.7578184527161265,0.9675984487016329
pair1-dev,W110,2,C52000,S2,body_stable,32,32,1.0,0.8928208017449346,1.0
pair1-dev,W110,2,C52000,S2,joint_success,29,32,0.90625,0.7578184527161265,0.9675984487016329
pair1-dev,W110,3,C52000,S2,success,0,32,0.0,0.0,0.10717919825506533
pair1-dev,W110,3,C52000,S2,body_stable,8,32,0.25,0.13252400918509277,0.4210655899424398
pair1-dev,W110,3,C52000,S2,joint_success,0,32,0.0,0.0,0.10717919825506533
pair1-dev,W110,0,C52000,S5,success,23,32,0.71875,0.5462549057408392,0.8443541950225697
pair1-dev,W110,0,C52000,S5,body_stable,31,32,0.96875,0.8425573617998795,0.9944621398359966
pair1-dev,W110,0,C52000,S5,joint_success,23,32,0.71875,0.5462549057408392,0.8443541950225697
pair1-dev,W110,1,C52000,S5,success,23,32,0.71875,0.5462549057408392,0.8443541950225697
pair1-dev,W110,1,C52000,S5,body_stable,31,32,0.96875,0.8425573617998795,0.9944621398359966
pair1-dev,W110,1,C52000,S5,joint_success,23,32,0.71875,0.5462549057408392,0.8443541950225697
pair1-dev,W110,2,C52000,S5,success,10,32,0.3125,0.17952541633610017,0.48566678300954924
pair1-dev,W110,2,C52000,S5,body_stable,32,32,1.0,0.8928208017449346,1.0
pair1-dev,W110,2,C52000,S5,joint_success,10,32,0.3125,0.17952541633610017,0.48566678300954924
pair1-dev,W110,3,C52000,S5,success,0,32,0.0,0.0,0.10717919825506533
pair1-dev,W110,3,C52000,S5,body_stable,1,32,0.03125,0.005537860164003344,0.15744263820012042
pair1-dev,W110,3,C52000,S5,joint_success,0,32,0.0,0.0,0.10717919825506533
pair1-dev,W110,0,C52800,F,success,32,32,1.0,0.8928208017449346,1.0
pair1-dev,W110,0,C52800,F,body_stable,32,32,1.0,0.8928208017449346,1.0
pair1-dev,W110,0,C52800,F,joint_success,32,32,1.0,0.8928208017449346,1.0
pair1-dev,W110,1,C52800,F,success,32,32,1.0,0.8928208017449346,1.0
pair1-dev,W110,1,C52800,F,body_stable,16,32,0.5,0.3363088286932788,0.6636911713067212
pair1-dev,W110,1,C52800,F,joint_success,16,32,0.5,0.3363088286932788,0.6636911713067212
pair1-dev,W110,2,C52800,F,success,32,32,1.0,0.8928208017449346,1.0
pair1-dev,W110,2,C52800,F,body_stable,32,32,1.0,0.8928208017449346,1.0
pair1-dev,W110,2,C52800,F,joint_success,32,32,1.0,0.8928208017449346,1.0
pair1-dev,W110,3,C52800,F,success,31,32,0.96875,0.8425573617998795,0.9944621398359966
pair1-dev,W110,3,C52800,F,body_stable,30,32,0.9375,0.7985287685584593,0.9826894329683585
pair1-dev,W110,3,C52800,F,joint_success,30,32,0.9375,0.7985287685584593,0.9826894329683585
pair1-dev,W110,0,C52800,S2,success,22,32,0.6875,0.5143332169904506,0.8204745836638998
pair1-dev,W110,0,C52800,S2,body_stable,32,32,1.0,0.8928208017449346,1.0
pair1-dev,W110,0,C52800,S2,joint_success,22,32,0.6875,0.5143332169904506,0.8204745836638998
pair1-dev,W110,1,C52800,S2,success,32,32,1.0,0.8928208017449346,1.0
pair1-dev,W110,1,C52800,S2,body_stable,32,32,1.0,0.8928208017449346,1.0
pair1-dev,W110,1,C52800,S2,joint_success,32,32,1.0,0.8928208017449346,1.0
pair1-dev,W110,2,C52800,S2,success,18,32,0.5625,0.39325591136852417,0.7183466888495926
pair1-dev,W110,2,C52800,S2,body_stable,32,32,1.0,0.8928208017449346,1.0
pair1-dev,W110,2,C52800,S2,joint_success,18,32,0.5625,0.39325591136852417,0.7183466888495926
pair1-dev,W110,3,C52800,S2,success,8,32,0.25,0.13252400918509277,0.4210655899424398
pair1-dev,W110,3,C52800,S2,body_stable,31,32,0.96875,0.8425573617998795,0.9944621398359966
pair1-dev,W110,3,C52800,S2,joint_success,8,32,0.25,0.13252400918509277,0.4210655899424398
pair1-dev,W110,0,C52800,S5,success,13,32,0.40625,0.25519634842665784,0.5773997512461668
pair1-dev,W110,0,C52800,S5,body_stable,32,32,1.0,0.8928208017449346,1.0
pair1-dev,W110,0,C52800,S5,joint_success,13,32,0.40625,0.25519634842665784,0.5773997512461668
pair1-dev,W110,1,C52800,S5,success,26,32,0.8125,0.6469084479862455,0.9111045531043387
pair1-dev,W110,1,C52800,S5,body_stable,32,32,1.0,0.8928208017449346,1.0
pair1-dev,W110,1,C52800,S5,joint_success,26,32,0.8125,0.6469084479862455,0.9111045531043387
pair1-dev,W110,2,C52800,S5,success,12,32,0.375,0.2293388730945454,0.5474559264692209
pair1-dev,W110,2,C52800,S5,body_stable,32,32,1.0,0.8928208017449346,1.0
pair1-dev,W110,2,C52800,S5,joint_success,12,32,0.375,0.2293388730945454,0.5474559264692209
pair1-dev,W110,3,C52800,S5,success,2,32,0.0625,0.01731056703164152,0.20147123144154067
pair1-dev,W110,3,C52800,S5,body_stable,25,32,0.78125,0.6124500635075697,0.889761637473956
pair1-dev,W110,3,C52800,S5,joint_success,2,32,0.0625,0.01731056703164152,0.20147123144154067
pair1-dev,W110,0,C54400,F,success,32,32,1.0,0.8928208017449346,1.0
pair1-dev,W110,0,C54400,F,body_stable,31,32,0.96875,0.8425573617998795,0.9944621398359966
pair1-dev,W110,0,C54400,F,joint_success,31,32,0.96875,0.8425573617998795,0.9944621398359966
pair1-dev,W110,1,C54400,F,success,32,32,1.0,0.8928208017449346,1.0
pair1-dev,W110,1,C54400,F,body_stable,26,32,0.8125,0.6469084479862455,0.9111045531043387
pair1-dev,W110,1,C54400,F,joint_success,26,32,0.8125,0.6469084479862455,0.9111045531043387
pair1-dev,W110,2,C54400,F,success,32,32,1.0,0.8928208017449346,1.0
pair1-dev,W110,2,C54400,F,body_stable,32,32,1.0,0.8928208017449346,1.0
pair1-dev,W110,2,C54400,F,joint_success,32,32,1.0,0.8928208017449346,1.0
pair1-dev,W110,3,C54400,F,success,32,32,1.0,0.8928208017449346,1.0
pair1-dev,W110,3,C54400,F,body_stable,29,32,0.90625,0.7578184527161265,0.9675984487016329
pair1-dev,W110,3,C54400,F,joint_success,29,32,0.90625,0.7578184527161265,0.9675984487016329
pair1-dev,W110,0,C54400,S2,success,30,32,0.9375,0.7985287685584593,0.9826894329683585
pair1-dev,W110,0,C54400,S2,body_stable,32,32,1.0,0.8928208017449346,1.0
pair1-dev,W110,0,C54400,S2,joint_success,30,32,0.9375,0.7985287685584593,0.9826894329683585
pair1-dev,W110,1,C54400,S2,success,26,32,0.8125,0.6469084479862455,0.9111045531043387
pair1-dev,W110,1,C54400,S2,body_stable,32,32,1.0,0.8928208017449346,1.0
pair1-dev,W110,1,C54400,S2,joint_success,26,32,0.8125,0.6469084479862455,0.9111045531043387
pair1-dev,W110,2,C54400,S2,success,29,32,0.90625,0.7578184527161265,0.9675984487016329
pair1-dev,W110,2,C54400,S2,body_stable,32,32,1.0,0.8928208017449346,1.0
pair1-dev,W110,2,C54400,S2,joint_success,29,32,0.90625,0.7578184527161265,0.9675984487016329
pair1-dev,W110,3,C54400,S2,success,9,32,0.28125,0.15564580497743027,0.45374509425916076
pair1-dev,W110,3,C54400,S2,body_stable,30,32,0.9375,0.7985287685584593,0.9826894329683585
pair1-dev,W110,3,C54400,S2,joint_success,9,32,0.28125,0.15564580497743027,0.45374509425916076
pair1-dev,W110,0,C54400,S5,success,31,32,0.96875,0.8425573617998795,0.9944621398359966
pair1-dev,W110,0,C54400,S5,body_stable,32,32,1.0,0.8928208017449346,1.0
pair1-dev,W110,0,C54400,S5,joint_success,31,32,0.96875,0.8425573617998795,0.9944621398359966
pair1-dev,W110,1,C54400,S5,success,32,32,1.0,0.8928208017449346,1.0
pair1-dev,W110,1,C54400,S5,body_stable,32,32,1.0,0.8928208017449346,1.0
pair1-dev,W110,1,C54400,S5,joint_success,32,32,1.0,0.8928208017449346,1.0
pair1-dev,W110,2,C54400,S5,success,29,32,0.90625,0.7578184527161265,0.9675984487016329
pair1-dev,W110,2,C54400,S5,body_stable,32,32,1.0,0.8928208017449346,1.0
pair1-dev,W110,2,C54400,S5,joint_success,29,32,0.90625,0.7578184527161265,0.9675984487016329
pair1-dev,W110,3,C54400,S5,success,12,32,0.375,0.2293388730945454,0.5474559264692209
pair1-dev,W110,3,C54400,S5,body_stable,32,32,1.0,0.8928208017449346,1.0
pair1-dev,W110,3,C54400,S5,joint_success,12,32,0.375,0.2293388730945454,0.5474559264692209
pair1-dev,W110,0,G52000,F,success,32,32,1.0,0.8928208017449346,1.0
pair1-dev,W110,0,G52000,F,body_stable,31,32,0.96875,0.8425573617998795,0.9944621398359966
pair1-dev,W110,0,G52000,F,joint_success,31,32,0.96875,0.8425573617998795,0.9944621398359966
pair1-dev,W110,1,G52000,F,success,32,32,1.0,0.8928208017449346,1.0
pair1-dev,W110,1,G52000,F,body_stable,31,32,0.96875,0.8425573617998795,0.9944621398359966
pair1-dev,W110,1,G52000,F,joint_success,31,32,0.96875,0.8425573617998795,0.9944621398359966
pair1-dev,W110,2,G52000,F,success,32,32,1.0,0.8928208017449346,1.0
pair1-dev,W110,2,G52000,F,body_stable,32,32,1.0,0.8928208017449346,1.0
pair1-dev,W110,2,G52000,F,joint_success,32,32,1.0,0.8928208017449346,1.0
pair1-dev,W110,3,G52000,F,success,32,32,1.0,0.8928208017449346,1.0
pair1-dev,W110,3,G52000,F,body_stable,30,32,0.9375,0.7985287685584593,0.9826894329683585
pair1-dev,W110,3,G52000,F,joint_success,30,32,0.9375,0.7985287685584593,0.9826894329683585
pair1-dev,W110,0,G52000,S2,success,13,32,0.40625,0.25519634842665784,0.5773997512461668
pair1-dev,W110,0,G52000,S2,body_stable,31,32,0.96875,0.8425573617998795,0.9944621398359966
pair1-dev,W110,0,G52000,S2,joint_success,13,32,0.40625,0.25519634842665784,0.5773997512461668
pair1-dev,W110,1,G52000,S2,success,27,32,0.84375,0.6824585040247012,0.9313557971749414
pair1-dev,W110,1,G52000,S2,body_stable,32,32,1.0,0.8928208017449346,1.0
pair1-dev,W110,1,G52000,S2,joint_success,27,32,0.84375,0.6824585040247012,0.9313557971749414
pair1-dev,W110,2,G52000,S2,success,19,32,0.59375,0.42260024875383306,0.7448036515733422
pair1-dev,W110,2,G52000,S2,body_stable,32,32,1.0,0.8928208017449346,1.0
pair1-dev,W110,2,G52000,S2,joint_success,19,32,0.59375,0.42260024875383306,0.7448036515733422
pair1-dev,W110,3,G52000,S2,success,5,32,0.15625,0.0686442028250586,0.3175414959752988
pair1-dev,W110,3,G52000,S2,body_stable,29,32,0.90625,0.7578184527161265,0.9675984487016329
pair1-dev,W110,3,G52000,S2,joint_success,5,32,0.15625,0.0686442028250586,0.3175414959752988
pair1-dev,W110,0,G52000,S5,success,27,32,0.84375,0.6824585040247012,0.9313557971749414
pair1-dev,W110,0,G52000,S5,body_stable,32,32,1.0,0.8928208017449346,1.0
pair1-dev,W110,0,G52000,S5,joint_success,27,32,0.84375,0.6824585040247012,0.9313557971749414
pair1-dev,W110,1,G52000,S5,success,30,32,0.9375,0.7985287685584593,0.9826894329683585
pair1-dev,W110,1,G52000,S5,body_stable,32,32,1.0,0.8928208017449346,1.0
pair1-dev,W110,1,G52000,S5,joint_success,30,32,0.9375,0.7985287685584593,0.9826894329683585
pair1-dev,W110,2,G52000,S5,success,11,32,0.34375,0.20410437924433478,0.516889120210373
pair1-dev,W110,2,G52000,S5,body_stable,31,32,0.96875,0.8425573617998795,0.9944621398359966
pair1-dev,W110,2,G52000,S5,joint_success,11,32,0.34375,0.20410437924433478,0.516889120210373
pair1-dev,W110,3,G52000,S5,success,12,32,0.375,0.2293388730945454,0.5474559264692209
pair1-dev,W110,3,G52000,S5,body_stable,32,32,1.0,0.8928208017449346,1.0
pair1-dev,W110,3,G52000,S5,joint_success,12,32,0.375,0.2293388730945454,0.5474559264692209
pair1-dev,W110,0,G52800,F,success,32,32,1.0,0.8928208017449346,1.0
pair1-dev,W110,0,G52800,F,body_stable,31,32,0.96875,0.8425573617998795,0.9944621398359966
pair1-dev,W110,0,G52800,F,joint_success,31,32,0.96875,0.8425573617998795,0.9944621398359966
pair1-dev,W110,1,G52800,F,success,32,32,1.0,0.8928208017449346,1.0
pair1-dev,W110,1,G52800,F,body_stable,21,32,0.65625,0.48311087978962686,0.7958956207556651
pair1-dev,W110,1,G52800,F,joint_success,21,32,0.65625,0.48311087978962686,0.7958956207556651
pair1-dev,W110,2,G52800,F,success,32,32,1.0,0.8928208017449346,1.0
pair1-dev,W110,2,G52800,F,body_stable,32,32,1.0,0.8928208017449346,1.0
pair1-dev,W110,2,G52800,F,joint_success,32,32,1.0,0.8928208017449346,1.0
pair1-dev,W110,3,G52800,F,success,31,32,0.96875,0.8425573617998795,0.9944621398359966
pair1-dev,W110,3,G52800,F,body_stable,31,32,0.96875,0.8425573617998795,0.9944621398359966
pair1-dev,W110,3,G52800,F,joint_success,30,32,0.9375,0.7985287685584593,0.9826894329683585
pair1-dev,W110,0,G52800,S2,success,30,32,0.9375,0.7985287685584593,0.9826894329683585
pair1-dev,W110,0,G52800,S2,body_stable,31,32,0.96875,0.8425573617998795,0.9944621398359966
pair1-dev,W110,0,G52800,S2,joint_success,30,32,0.9375,0.7985287685584593,0.9826894329683585
pair1-dev,W110,1,G52800,S2,success,28,32,0.875,0.7193169451835029,0.950298656125198
pair1-dev,W110,1,G52800,S2,body_stable,31,32,0.96875,0.8425573617998795,0.9944621398359966
pair1-dev,W110,1,G52800,S2,joint_success,28,32,0.875,0.7193169451835029,0.950298656125198
pair1-dev,W110,2,G52800,S2,success,29,32,0.90625,0.7578184527161265,0.9675984487016329
pair1-dev,W110,2,G52800,S2,body_stable,32,32,1.0,0.8928208017449346,1.0
pair1-dev,W110,2,G52800,S2,joint_success,29,32,0.90625,0.7578184527161265,0.9675984487016329
pair1-dev,W110,3,G52800,S2,success,20,32,0.625,0.4525440735307791,0.7706611269054546
pair1-dev,W110,3,G52800,S2,body_stable,32,32,1.0,0.8928208017449346,1.0
pair1-dev,W110,3,G52800,S2,joint_success,20,32,0.625,0.4525440735307791,0.7706611269054546
pair1-dev,W110,0,G52800,S5,success,30,32,0.9375,0.7985287685584593,0.9826894329683585
pair1-dev,W110,0,G52800,S5,body_stable,31,32,0.96875,0.8425573617998795,0.9944621398359966
pair1-dev,W110,0,G52800,S5,joint_success,30,32,0.9375,0.7985287685584593,0.9826894329683585
pair1-dev,W110,1,G52800,S5,success,27,32,0.84375,0.6824585040247012,0.9313557971749414
pair1-dev,W110,1,G52800,S5,body_stable,32,32,1.0,0.8928208017449346,1.0
pair1-dev,W110,1,G52800,S5,joint_success,27,32,0.84375,0.6824585040247012,0.9313557971749414
pair1-dev,W110,2,G52800,S5,success,28,32,0.875,0.7193169451835029,0.950298656125198
pair1-dev,W110,2,G52800,S5,body_stable,32,32,1.0,0.8928208017449346,1.0
pair1-dev,W110,2,G52800,S5,joint_success,28,32,0.875,0.7193169451835029,0.950298656125198
pair1-dev,W110,3,G52800,S5,success,20,32,0.625,0.4525440735307791,0.7706611269054546
pair1-dev,W110,3,G52800,S5,body_stable,32,32,1.0,0.8928208017449346,1.0
pair1-dev,W110,3,G52800,S5,joint_success,20,32,0.625,0.4525440735307791,0.7706611269054546
pair1-dev,W110,0,G54400,F,success,32,32,1.0,0.8928208017449346,1.0
pair1-dev,W110,0,G54400,F,body_stable,31,32,0.96875,0.8425573617998795,0.9944621398359966
pair1-dev,W110,0,G54400,F,joint_success,31,32,0.96875,0.8425573617998795,0.9944621398359966
pair1-dev,W110,1,G54400,F,success,32,32,1.0,0.8928208017449346,1.0
pair1-dev,W110,1,G54400,F,body_stable,22,32,0.6875,0.5143332169904506,0.8204745836638998
pair1-dev,W110,1,G54400,F,joint_success,22,32,0.6875,0.5143332169904506,0.8204745836638998
pair1-dev,W110,2,G54400,F,success,32,32,1.0,0.8928208017449346,1.0
pair1-dev,W110,2,G54400,F,body_stable,32,32,1.0,0.8928208017449346,1.0
pair1-dev,W110,2,G54400,F,joint_success,32,32,1.0,0.8928208017449346,1.0
pair1-dev,W110,3,G54400,F,success,32,32,1.0,0.8928208017449346,1.0
pair1-dev,W110,3,G54400,F,body_stable,30,32,0.9375,0.7985287685584593,0.9826894329683585
pair1-dev,W110,3,G54400,F,joint_success,30,32,0.9375,0.7985287685584593,0.9826894329683585
pair1-dev,W110,0,G54400,S2,success,28,32,0.875,0.7193169451835029,0.950298656125198
pair1-dev,W110,0,G54400,S2,body_stable,32,32,1.0,0.8928208017449346,1.0
pair1-dev,W110,0,G54400,S2,joint_success,28,32,0.875,0.7193169451835029,0.950298656125198
pair1-dev,W110,1,G54400,S2,success,17,32,0.53125,0.3644951711897506,0.6913061289193079
pair1-dev,W110,1,G54400,S2,body_stable,24,32,0.75,0.5789344100575601,0.8674759908149071
pair1-dev,W110,1,G54400,S2,joint_success,17,32,0.53125,0.3644951711897506,0.6913061289193079
pair1-dev,W110,2,G54400,S2,success,32,32,1.0,0.8928208017449346,1.0
pair1-dev,W110,2,G54400,S2,body_stable,32,32,1.0,0.8928208017449346,1.0
pair1-dev,W110,2,G54400,S2,joint_success,32,32,1.0,0.8928208017449346,1.0
pair1-dev,W110,3,G54400,S2,success,14,32,0.4375,0.2816533111504073,0.6067440886314757
pair1-dev,W110,3,G54400,S2,body_stable,31,32,0.96875,0.8425573617998795,0.9944621398359966
pair1-dev,W110,3,G54400,S2,joint_success,14,32,0.4375,0.2816533111504073,0.6067440886314757
pair1-dev,W110,0,G54400,S5,success,30,32,0.9375,0.7985287685584593,0.9826894329683585
pair1-dev,W110,0,G54400,S5,body_stable,32,32,1.0,0.8928208017449346,1.0
pair1-dev,W110,0,G54400,S5,joint_success,30,32,0.9375,0.7985287685584593,0.9826894329683585
pair1-dev,W110,1,G54400,S5,success,28,32,0.875,0.7193169451835029,0.950298656125198
pair1-dev,W110,1,G54400,S5,body_stable,29,32,0.90625,0.7578184527161265,0.9675984487016329
pair1-dev,W110,1,G54400,S5,joint_success,28,32,0.875,0.7193169451835029,0.950298656125198
pair1-dev,W110,2,G54400,S5,success,6,32,0.1875,0.08889544689566137,0.3530915520137545
pair1-dev,W110,2,G54400,S5,body_stable,32,32,1.0,0.8928208017449346,1.0
pair1-dev,W110,2,G54400,S5,joint_success,6,32,0.1875,0.08889544689566137,0.3530915520137545
pair1-dev,W110,3,G54400,S5,success,7,32,0.21875,0.11023836252604396,0.38754993649243025
pair1-dev,W110,3,G54400,S5,body_stable,32,32,1.0,0.8928208017449346,1.0
pair1-dev,W110,3,G54400,S5,joint_success,7,32,0.21875,0.11023836252604396,0.38754993649243025
pair1-dev,W110,0,P,F,success,32,32,1.0,0.8928208017449346,1.0
pair1-dev,W110,0,P,F,body_stable,31,32,0.96875,0.8425573617998795,0.9944621398359966
pair1-dev,W110,0,P,F,joint_success,31,32,0.96875,0.8425573617998795,0.9944621398359966
pair1-dev,W110,1,P,F,success,32,32,1.0,0.8928208017449346,1.0
pair1-dev,W110,1,P,F,body_stable,23,32,0.71875,0.5462549057408392,0.8443541950225697
pair1-dev,W110,1,P,F,joint_success,23,32,0.71875,0.5462549057408392,0.8443541950225697
pair1-dev,W110,2,P,F,success,32,32,1.0,0.8928208017449346,1.0
pair1-dev,W110,2,P,F,body_stable,32,32,1.0,0.8928208017449346,1.0
pair1-dev,W110,2,P,F,joint_success,32,32,1.0,0.8928208017449346,1.0
pair1-dev,W110,3,P,F,success,31,32,0.96875,0.8425573617998795,0.9944621398359966
pair1-dev,W110,3,P,F,body_stable,11,32,0.34375,0.20410437924433478,0.516889120210373
pair1-dev,W110,3,P,F,joint_success,11,32,0.34375,0.20410437924433478,0.516889120210373
pair1-dev,W110,0,P,S2,success,32,32,1.0,0.8928208017449346,1.0
pair1-dev,W110,0,P,S2,body_stable,32,32,1.0,0.8928208017449346,1.0
pair1-dev,W110,0,P,S2,joint_success,32,32,1.0,0.8928208017449346,1.0
pair1-dev,W110,1,P,S2,success,25,32,0.78125,0.6124500635075697,0.889761637473956
pair1-dev,W110,1,P,S2,body_stable,32,32,1.0,0.8928208017449346,1.0
pair1-dev,W110,1,P,S2,joint_success,25,32,0.78125,0.6124500635075697,0.889761637473956
pair1-dev,W110,2,P,S2,success,30,32,0.9375,0.7985287685584593,0.9826894329683585
pair1-dev,W110,2,P,S2,body_stable,32,32,1.0,0.8928208017449346,1.0
pair1-dev,W110,2,P,S2,joint_success,30,32,0.9375,0.7985287685584593,0.9826894329683585
pair1-dev,W110,3,P,S2,success,0,32,0.0,0.0,0.10717919825506533
pair1-dev,W110,3,P,S2,body_stable,16,32,0.5,0.3363088286932788,0.6636911713067212
pair1-dev,W110,3,P,S2,joint_success,0,32,0.0,0.0,0.10717919825506533
pair1-dev,W110,0,P,S5,success,32,32,1.0,0.8928208017449346,1.0
pair1-dev,W110,0,P,S5,body_stable,32,32,1.0,0.8928208017449346,1.0
pair1-dev,W110,0,P,S5,joint_success,32,32,1.0,0.8928208017449346,1.0
pair1-dev,W110,1,P,S5,success,22,32,0.6875,0.5143332169904506,0.8204745836638998
pair1-dev,W110,1,P,S5,body_stable,32,32,1.0,0.8928208017449346,1.0
pair1-dev,W110,1,P,S5,joint_success,22,32,0.6875,0.5143332169904506,0.8204745836638998
pair1-dev,W110,2,P,S5,success,31,32,0.96875,0.8425573617998795,0.9944621398359966
pair1-dev,W110,2,P,S5,body_stable,32,32,1.0,0.8928208017449346,1.0
pair1-dev,W110,2,P,S5,joint_success,31,32,0.96875,0.8425573617998795,0.9944621398359966
pair1-dev,W110,3,P,S5,success,4,32,0.125,0.049701343874801934,0.280683054816497
pair1-dev,W110,3,P,S5,body_stable,8,32,0.25,0.13252400918509277,0.4210655899424398
pair1-dev,W110,3,P,S5,joint_success,4,32,0.125,0.049701343874801934,0.280683054816497
pair1-dev,W110,0,teacher,F,success,32,32,1.0,0.8928208017449346,1.0
pair1-dev,W110,0,teacher,F,body_stable,32,32,1.0,0.8928208017449346,1.0
pair1-dev,W110,0,teacher,F,joint_success,32,32,1.0,0.8928208017449346,1.0
pair1-dev,W110,1,teacher,F,success,32,32,1.0,0.8928208017449346,1.0
pair1-dev,W110,1,teacher,F,body_stable,22,32,0.6875,0.5143332169904506,0.8204745836638998
pair1-dev,W110,1,teacher,F,joint_success,22,32,0.6875,0.5143332169904506,0.8204745836638998
pair1-dev,W110,2,teacher,F,success,32,32,1.0,0.8928208017449346,1.0
pair1-dev,W110,2,teacher,F,body_stable,24,32,0.75,0.5789344100575601,0.8674759908149071
pair1-dev,W110,2,teacher,F,joint_success,24,32,0.75,0.5789344100575601,0.8674759908149071
pair1-dev,W110,3,teacher,F,success,32,32,1.0,0.8928208017449346,1.0
pair1-dev,W110,3,teacher,F,body_stable,30,32,0.9375,0.7985287685584593,0.9826894329683585
pair1-dev,W110,3,teacher,F,joint_success,30,32,0.9375,0.7985287685584593,0.9826894329683585
pair1-dev,W110,0,teacher,S2,success,32,32,1.0,0.8928208017449346,1.0
pair1-dev,W110,0,teacher,S2,body_stable,32,32,1.0,0.8928208017449346,1.0
pair1-dev,W110,0,teacher,S2,joint_success,32,32,1.0,0.8928208017449346,1.0
pair1-dev,W110,1,teacher,S2,success,32,32,1.0,0.8928208017449346,1.0
pair1-dev,W110,1,teacher,S2,body_stable,32,32,1.0,0.8928208017449346,1.0
pair1-dev,W110,1,teacher,S2,joint_success,32,32,1.0,0.8928208017449346,1.0
pair1-dev,W110,2,teacher,S2,success,31,32,0.96875,0.8425573617998795,0.9944621398359966
pair1-dev,W110,2,teacher,S2,body_stable,31,32,0.96875,0.8425573617998795,0.9944621398359966
pair1-dev,W110,2,teacher,S2,joint_success,31,32,0.96875,0.8425573617998795,0.9944621398359966
pair1-dev,W110,3,teacher,S2,success,19,32,0.59375,0.42260024875383306,0.7448036515733422
pair1-dev,W110,3,teacher,S2,body_stable,31,32,0.96875,0.8425573617998795,0.9944621398359966
pair1-dev,W110,3,teacher,S2,joint_success,19,32,0.59375,0.42260024875383306,0.7448036515733422
pair1-dev,W110,0,teacher,S5,success,32,32,1.0,0.8928208017449346,1.0
pair1-dev,W110,0,teacher,S5,body_stable,32,32,1.0,0.8928208017449346,1.0
pair1-dev,W110,0,teacher,S5,joint_success,32,32,1.0,0.8928208017449346,1.0
pair1-dev,W110,1,teacher,S5,success,32,32,1.0,0.8928208017449346,1.0
pair1-dev,W110,1,teacher,S5,body_stable,32,32,1.0,0.8928208017449346,1.0
pair1-dev,W110,1,teacher,S5,joint_success,32,32,1.0,0.8928208017449346,1.0
pair1-dev,W110,2,teacher,S5,success,31,32,0.96875,0.8425573617998795,0.9944621398359966
pair1-dev,W110,2,teacher,S5,body_stable,31,32,0.96875,0.8425573617998795,0.9944621398359966
pair1-dev,W110,2,teacher,S5,joint_success,31,32,0.96875,0.8425573617998795,0.9944621398359966
pair1-dev,W110,3,teacher,S5,success,24,32,0.75,0.5789344100575601,0.8674759908149071
pair1-dev,W110,3,teacher,S5,body_stable,32,32,1.0,0.8928208017449346,1.0
pair1-dev,W110,3,teacher,S5,joint_success,24,32,0.75,0.5789344100575601,0.8674759908149071
pair1-dev,W120,0,C52000,F,success,32,32,1.0,0.8928208017449346,1.0
pair1-dev,W120,0,C52000,F,body_stable,31,32,0.96875,0.8425573617998795,0.9944621398359966
pair1-dev,W120,0,C52000,F,joint_success,31,32,0.96875,0.8425573617998795,0.9944621398359966
pair1-dev,W120,1,C52000,F,success,32,32,1.0,0.8928208017449346,1.0
pair1-dev,W120,1,C52000,F,body_stable,23,32,0.71875,0.5462549057408392,0.8443541950225697
pair1-dev,W120,1,C52000,F,joint_success,23,32,0.71875,0.5462549057408392,0.8443541950225697
pair1-dev,W120,2,C52000,F,success,32,32,1.0,0.8928208017449346,1.0
pair1-dev,W120,2,C52000,F,body_stable,32,32,1.0,0.8928208017449346,1.0
pair1-dev,W120,2,C52000,F,joint_success,32,32,1.0,0.8928208017449346,1.0
pair1-dev,W120,3,C52000,F,success,6,32,0.1875,0.08889544689566137,0.3530915520137545
pair1-dev,W120,3,C52000,F,body_stable,1,32,0.03125,0.005537860164003344,0.15744263820012042
pair1-dev,W120,3,C52000,F,joint_success,1,32,0.03125,0.005537860164003344,0.15744263820012042
pair1-dev,W120,0,C52000,S2,success,32,32,1.0,0.8928208017449346,1.0
pair1-dev,W120,0,C52000,S2,body_stable,32,32,1.0,0.8928208017449346,1.0
pair1-dev,W120,0,C52000,S2,joint_success,32,32,1.0,0.8928208017449346,1.0
pair1-dev,W120,1,C52000,S2,success,5,32,0.15625,0.0686442028250586,0.3175414959752988
pair1-dev,W120,1,C52000,S2,body_stable,31,32,0.96875,0.8425573617998795,0.9944621398359966
pair1-dev,W120,1,C52000,S2,joint_success,5,32,0.15625,0.0686442028250586,0.3175414959752988
pair1-dev,W120,2,C52000,S2,success,27,32,0.84375,0.6824585040247012,0.9313557971749414
pair1-dev,W120,2,C52000,S2,body_stable,32,32,1.0,0.8928208017449346,1.0
pair1-dev,W120,2,C52000,S2,joint_success,27,32,0.84375,0.6824585040247012,0.9313557971749414
pair1-dev,W120,3,C52000,S2,success,0,32,0.0,0.0,0.10717919825506533
pair1-dev,W120,3,C52000,S2,body_stable,1,32,0.03125,0.005537860164003344,0.15744263820012042
pair1-dev,W120,3,C52000,S2,joint_success,0,32,0.0,0.0,0.10717919825506533
pair1-dev,W120,0,C52000,S5,success,29,32,0.90625,0.7578184527161265,0.9675984487016329
pair1-dev,W120,0,C52000,S5,body_stable,32,32,1.0,0.8928208017449346,1.0
pair1-dev,W120,0,C52000,S5,joint_success,29,32,0.90625,0.7578184527161265,0.9675984487016329
pair1-dev,W120,1,C52000,S5,success,25,32,0.78125,0.6124500635075697,0.889761637473956
pair1-dev,W120,1,C52000,S5,body_stable,32,32,1.0,0.8928208017449346,1.0
pair1-dev,W120,1,C52000,S5,joint_success,25,32,0.78125,0.6124500635075697,0.889761637473956
pair1-dev,W120,2,C52000,S5,success,5,32,0.15625,0.0686442028250586,0.3175414959752988
pair1-dev,W120,2,C52000,S5,body_stable,32,32,1.0,0.8928208017449346,1.0
pair1-dev,W120,2,C52000,S5,joint_success,5,32,0.15625,0.0686442028250586,0.3175414959752988
pair1-dev,W120,3,C52000,S5,success,0,32,0.0,0.0,0.10717919825506533
pair1-dev,W120,3,C52000,S5,body_stable,0,32,0.0,0.0,0.10717919825506533
pair1-dev,W120,3,C52000,S5,joint_success,0,32,0.0,0.0,0.10717919825506533
pair1-dev,W120,0,C52800,F,success,32,32,1.0,0.8928208017449346,1.0
pair1-dev,W120,0,C52800,F,body_stable,32,32,1.0,0.8928208017449346,1.0
pair1-dev,W120,0,C52800,F,joint_success,32,32,1.0,0.8928208017449346,1.0
pair1-dev,W120,1,C52800,F,success,32,32,1.0,0.8928208017449346,1.0
pair1-dev,W120,1,C52800,F,body_stable,17,32,0.53125,0.3644951711897506,0.6913061289193079
pair1-dev,W120,1,C52800,F,joint_success,17,32,0.53125,0.3644951711897506,0.6913061289193079
pair1-dev,W120,2,C52800,F,success,32,32,1.0,0.8928208017449346,1.0
pair1-dev,W120,2,C52800,F,body_stable,32,32,1.0,0.8928208017449346,1.0
pair1-dev,W120,2,C52800,F,joint_success,32,32,1.0,0.8928208017449346,1.0
pair1-dev,W120,3,C52800,F,success,30,32,0.9375,0.7985287685584593,0.9826894329683585
pair1-dev,W120,3,C52800,F,body_stable,29,32,0.90625,0.7578184527161265,0.9675984487016329
pair1-dev,W120,3,C52800,F,joint_success,27,32,0.84375,0.6824585040247012,0.9313557971749414
pair1-dev,W120,0,C52800,S2,success,11,32,0.34375,0.20410437924433478,0.516889120210373
pair1-dev,W120,0,C52800,S2,body_stable,32,32,1.0,0.8928208017449346,1.0
pair1-dev,W120,0,C52800,S2,joint_success,11,32,0.34375,0.20410437924433478,0.516889120210373
pair1-dev,W120,1,C52800,S2,success,26,32,0.8125,0.6469084479862455,0.9111045531043387
pair1-dev,W120,1,C52800,S2,body_stable,31,32,0.96875,0.8425573617998795,0.9944621398359966
pair1-dev,W120,1,C52800,S2,joint_success,26,32,0.8125,0.6469084479862455,0.9111045531043387
pair1-dev,W120,2,C52800,S2,success,15,32,0.46875,0.30869387108069224,0.6355048288102494
pair1-dev,W120,2,C52800,S2,body_stable,32,32,1.0,0.8928208017449346,1.0
pair1-dev,W120,2,C52800,S2,joint_success,15,32,0.46875,0.30869387108069224,0.6355048288102494
pair1-dev,W120,3,C52800,S2,success,1,32,0.03125,0.005537860164003344,0.15744263820012042
pair1-dev,W120,3,C52800,S2,body_stable,31,32,0.96875,0.8425573617998795,0.9944621398359966
pair1-dev,W120,3,C52800,S2,joint_success,1,32,0.03125,0.005537860164003344,0.15744263820012042
pair1-dev,W120,0,C52800,S5,success,6,32,0.1875,0.08889544689566137,0.3530915520137545
pair1-dev,W120,0,C52800,S5,body_stable,32,32,1.0,0.8928208017449346,1.0
pair1-dev,W120,0,C52800,S5,joint_success,6,32,0.1875,0.08889544689566137,0.3530915520137545
pair1-dev,W120,1,C52800,S5,success,24,32,0.75,0.5789344100575601,0.8674759908149071
pair1-dev,W120,1,C52800,S5,body_stable,32,32,1.0,0.8928208017449346,1.0
pair1-dev,W120,1,C52800,S5,joint_success,24,32,0.75,0.5789344100575601,0.8674759908149071
pair1-dev,W120,2,C52800,S5,success,12,32,0.375,0.2293388730945454,0.5474559264692209
pair1-dev,W120,2,C52800,S5,body_stable,32,32,1.0,0.8928208017449346,1.0
pair1-dev,W120,2,C52800,S5,joint_success,12,32,0.375,0.2293388730945454,0.5474559264692209
pair1-dev,W120,3,C52800,S5,success,0,32,0.0,0.0,0.10717919825506533
pair1-dev,W120,3,C52800,S5,body_stable,4,32,0.125,0.049701343874801934,0.280683054816497
pair1-dev,W120,3,C52800,S5,joint_success,0,32,0.0,0.0,0.10717919825506533
pair1-dev,W120,0,C54400,F,success,32,32,1.0,0.8928208017449346,1.0
pair1-dev,W120,0,C54400,F,body_stable,30,32,0.9375,0.7985287685584593,0.9826894329683585
pair1-dev,W120,0,C54400,F,joint_success,30,32,0.9375,0.7985287685584593,0.9826894329683585
pair1-dev,W120,1,C54400,F,success,32,32,1.0,0.8928208017449346,1.0
pair1-dev,W120,1,C54400,F,body_stable,26,32,0.8125,0.6469084479862455,0.9111045531043387
pair1-dev,W120,1,C54400,F,joint_success,26,32,0.8125,0.6469084479862455,0.9111045531043387
pair1-dev,W120,2,C54400,F,success,32,32,1.0,0.8928208017449346,1.0
pair1-dev,W120,2,C54400,F,body_stable,32,32,1.0,0.8928208017449346,1.0
pair1-dev,W120,2,C54400,F,joint_success,32,32,1.0,0.8928208017449346,1.0
pair1-dev,W120,3,C54400,F,success,32,32,1.0,0.8928208017449346,1.0
pair1-dev,W120,3,C54400,F,body_stable,30,32,0.9375,0.7985287685584593,0.9826894329683585
pair1-dev,W120,3,C54400,F,joint_success,30,32,0.9375,0.7985287685584593,0.9826894329683585
pair1-dev,W120,0,C54400,S2,success,31,32,0.96875,0.8425573617998795,0.9944621398359966
pair1-dev,W120,0,C54400,S2,body_stable,32,32,1.0,0.8928208017449346,1.0
pair1-dev,W120,0,C54400,S2,joint_success,31,32,0.96875,0.8425573617998795,0.9944621398359966
pair1-dev,W120,1,C54400,S2,success,20,32,0.625,0.4525440735307791,0.7706611269054546
pair1-dev,W120,1,C54400,S2,body_stable,32,32,1.0,0.8928208017449346,1.0
pair1-dev,W120,1,C54400,S2,joint_success,20,32,0.625,0.4525440735307791,0.7706611269054546
pair1-dev,W120,2,C54400,S2,success,28,32,0.875,0.7193169451835029,0.950298656125198
pair1-dev,W120,2,C54400,S2,body_stable,32,32,1.0,0.8928208017449346,1.0
pair1-dev,W120,2,C54400,S2,joint_success,28,32,0.875,0.7193169451835029,0.950298656125198
pair1-dev,W120,3,C54400,S2,success,6,32,0.1875,0.08889544689566137,0.3530915520137545
pair1-dev,W120,3,C54400,S2,body_stable,30,32,0.9375,0.7985287685584593,0.9826894329683585
pair1-dev,W120,3,C54400,S2,joint_success,6,32,0.1875,0.08889544689566137,0.3530915520137545
pair1-dev,W120,0,C54400,S5,success,30,32,0.9375,0.7985287685584593,0.9826894329683585
pair1-dev,W120,0,C54400,S5,body_stable,32,32,1.0,0.8928208017449346,1.0
pair1-dev,W120,0,C54400,S5,joint_success,30,32,0.9375,0.7985287685584593,0.9826894329683585
pair1-dev,W120,1,C54400,S5,success,32,32,1.0,0.8928208017449346,1.0
pair1-dev,W120,1,C54400,S5,body_stable,32,32,1.0,0.8928208017449346,1.0
pair1-dev,W120,1,C54400,S5,joint_success,32,32,1.0,0.8928208017449346,1.0
pair1-dev,W120,2,C54400,S5,success,29,32,0.90625,0.7578184527161265,0.9675984487016329
pair1-dev,W120,2,C54400,S5,body_stable,32,32,1.0,0.8928208017449346,1.0
pair1-dev,W120,2,C54400,S5,joint_success,29,32,0.90625,0.7578184527161265,0.9675984487016329
pair1-dev,W120,3,C54400,S5,success,2,32,0.0625,0.01731056703164152,0.20147123144154067
pair1-dev,W120,3,C54400,S5,body_stable,27,32,0.84375,0.6824585040247012,0.9313557971749414
pair1-dev,W120,3,C54400,S5,joint_success,2,32,0.0625,0.01731056703164152,0.20147123144154067
pair1-dev,W120,0,G52000,F,success,32,32,1.0,0.8928208017449346,1.0
pair1-dev,W120,0,G52000,F,body_stable,31,32,0.96875,0.8425573617998795,0.9944621398359966
pair1-dev,W120,0,G52000,F,joint_success,31,32,0.96875,0.8425573617998795,0.9944621398359966
pair1-dev,W120,1,G52000,F,success,32,32,1.0,0.8928208017449346,1.0
pair1-dev,W120,1,G52000,F,body_stable,29,32,0.90625,0.7578184527161265,0.9675984487016329
pair1-dev,W120,1,G52000,F,joint_success,29,32,0.90625,0.7578184527161265,0.9675984487016329
pair1-dev,W120,2,G52000,F,success,31,32,0.96875,0.8425573617998795,0.9944621398359966
pair1-dev,W120,2,G52000,F,body_stable,31,32,0.96875,0.8425573617998795,0.9944621398359966
pair1-dev,W120,2,G52000,F,joint_success,31,32,0.96875,0.8425573617998795,0.9944621398359966
pair1-dev,W120,3,G52000,F,success,31,32,0.96875,0.8425573617998795,0.9944621398359966
pair1-dev,W120,3,G52000,F,body_stable,30,32,0.9375,0.7985287685584593,0.9826894329683585
pair1-dev,W120,3,G52000,F,joint_success,29,32,0.90625,0.7578184527161265,0.9675984487016329
pair1-dev,W120,0,G52000,S2,success,10,32,0.3125,0.17952541633610017,0.48566678300954924
pair1-dev,W120,0,G52000,S2,body_stable,32,32,1.0,0.8928208017449346,1.0
pair1-dev,W120,0,G52000,S2,joint_success,10,32,0.3125,0.17952541633610017,0.48566678300954924
pair1-dev,W120,1,G52000,S2,success,23,32,0.71875,0.5462549057408392,0.8443541950225697
pair1-dev,W120,1,G52000,S2,body_stable,32,32,1.0,0.8928208017449346,1.0
pair1-dev,W120,1,G52000,S2,joint_success,23,32,0.71875,0.5462549057408392,0.8443541950225697
pair1-dev,W120,2,G52000,S2,success,13,32,0.40625,0.25519634842665784,0.5773997512461668
pair1-dev,W120,2,G52000,S2,body_stable,31,32,0.96875,0.8425573617998795,0.9944621398359966
pair1-dev,W120,2,G52000,S2,joint_success,13,32,0.40625,0.25519634842665784,0.5773997512461668
pair1-dev,W120,3,G52000,S2,success,1,32,0.03125,0.005537860164003344,0.15744263820012042
pair1-dev,W120,3,G52000,S2,body_stable,32,32,1.0,0.8928208017449346,1.0
pair1-dev,W120,3,G52000,S2,joint_success,1,32,0.03125,0.005537860164003344,0.15744263820012042
pair1-dev,W120,0,G52000,S5,success,28,32,0.875,0.7193169451835029,0.950298656125198
pair1-dev,W120,0,G52000,S5,body_stable,32,32,1.0,0.8928208017449346,1.0
pair1-dev,W120,0,G52000,S5,joint_success,28,32,0.875,0.7193169451835029,0.950298656125198
pair1-dev,W120,1,G52000,S5,success,27,32,0.84375,0.6824585040247012,0.9313557971749414
pair1-dev,W120,1,G52000,S5,body_stable,32,32,1.0,0.8928208017449346,1.0
pair1-dev,W120,1,G52000,S5,joint_success,27,32,0.84375,0.6824585040247012,0.9313557971749414
pair1-dev,W120,2,G52000,S5,success,6,32,0.1875,0.08889544689566137,0.3530915520137545
pair1-dev,W120,2,G52000,S5,body_stable,31,32,0.96875,0.8425573617998795,0.9944621398359966
pair1-dev,W120,2,G52000,S5,joint_success,6,32,0.1875,0.08889544689566137,0.3530915520137545
pair1-dev,W120,3,G52000,S5,success,3,32,0.09375,0.032401551298367096,0.24218154728387353
pair1-dev,W120,3,G52000,S5,body_stable,31,32,0.96875,0.8425573617998795,0.9944621398359966
pair1-dev,W120,3,G52000,S5,joint_success,3,32,0.09375,0.032401551298367096,0.24218154728387353
pair1-dev,W120,0,G52800,F,success,32,32,1.0,0.8928208017449346,1.0
pair1-dev,W120,0,G52800,F,body_stable,32,32,1.0,0.8928208017449346,1.0
pair1-dev,W120,0,G52800,F,joint_success,32,32,1.0,0.8928208017449346,1.0
pair1-dev,W120,1,G52800,F,success,32,32,1.0,0.8928208017449346,1.0
pair1-dev,W120,1,G52800,F,body_stable,22,32,0.6875,0.5143332169904506,0.8204745836638998
pair1-dev,W120,1,G52800,F,joint_success,22,32,0.6875,0.5143332169904506,0.8204745836638998
pair1-dev,W120,2,G52800,F,success,32,32,1.0,0.8928208017449346,1.0
pair1-dev,W120,2,G52800,F,body_stable,32,32,1.0,0.8928208017449346,1.0
pair1-dev,W120,2,G52800,F,joint_success,32,32,1.0,0.8928208017449346,1.0
pair1-dev,W120,3,G52800,F,success,32,32,1.0,0.8928208017449346,1.0
pair1-dev,W120,3,G52800,F,body_stable,31,32,0.96875,0.8425573617998795,0.9944621398359966
pair1-dev,W120,3,G52800,F,joint_success,31,32,0.96875,0.8425573617998795,0.9944621398359966
pair1-dev,W120,0,G52800,S2,success,31,32,0.96875,0.8425573617998795,0.9944621398359966
pair1-dev,W120,0,G52800,S2,body_stable,32,32,1.0,0.8928208017449346,1.0
pair1-dev,W120,0,G52800,S2,joint_success,31,32,0.96875,0.8425573617998795,0.9944621398359966
pair1-dev,W120,1,G52800,S2,success,29,32,0.90625,0.7578184527161265,0.9675984487016329
pair1-dev,W120,1,G52800,S2,body_stable,31,32,0.96875,0.8425573617998795,0.9944621398359966
pair1-dev,W120,1,G52800,S2,joint_success,29,32,0.90625,0.7578184527161265,0.9675984487016329
pair1-dev,W120,2,G52800,S2,success,28,32,0.875,0.7193169451835029,0.950298656125198
pair1-dev,W120,2,G52800,S2,body_stable,32,32,1.0,0.8928208017449346,1.0
pair1-dev,W120,2,G52800,S2,joint_success,28,32,0.875,0.7193169451835029,0.950298656125198
pair1-dev,W120,3,G52800,S2,success,16,32,0.5,0.3363088286932788,0.6636911713067212
pair1-dev,W120,3,G52800,S2,body_stable,32,32,1.0,0.8928208017449346,1.0
pair1-dev,W120,3,G52800,S2,joint_success,16,32,0.5,0.3363088286932788,0.6636911713067212
pair1-dev,W120,0,G52800,S5,success,31,32,0.96875,0.8425573617998795,0.9944621398359966
pair1-dev,W120,0,G52800,S5,body_stable,32,32,1.0,0.8928208017449346,1.0
pair1-dev,W120,0,G52800,S5,joint_success,31,32,0.96875,0.8425573617998795,0.9944621398359966
pair1-dev,W120,1,G52800,S5,success,32,32,1.0,0.8928208017449346,1.0
pair1-dev,W120,1,G52800,S5,body_stable,32,32,1.0,0.8928208017449346,1.0
pair1-dev,W120,1,G52800,S5,joint_success,32,32,1.0,0.8928208017449346,1.0
pair1-dev,W120,2,G52800,S5,success,25,32,0.78125,0.6124500635075697,0.889761637473956
pair1-dev,W120,2,G52800,S5,body_stable,32,32,1.0,0.8928208017449346,1.0
pair1-dev,W120,2,G52800,S5,joint_success,25,32,0.78125,0.6124500635075697,0.889761637473956
pair1-dev,W120,3,G52800,S5,success,10,32,0.3125,0.17952541633610017,0.48566678300954924
pair1-dev,W120,3,G52800,S5,body_stable,32,32,1.0,0.8928208017449346,1.0
pair1-dev,W120,3,G52800,S5,joint_success,10,32,0.3125,0.17952541633610017,0.48566678300954924
pair1-dev,W120,0,G54400,F,success,32,32,1.0,0.8928208017449346,1.0
pair1-dev,W120,0,G54400,F,body_stable,31,32,0.96875,0.8425573617998795,0.9944621398359966
pair1-dev,W120,0,G54400,F,joint_success,31,32,0.96875,0.8425573617998795,0.9944621398359966
pair1-dev,W120,1,G54400,F,success,32,32,1.0,0.8928208017449346,1.0
pair1-dev,W120,1,G54400,F,body_stable,27,32,0.84375,0.6824585040247012,0.9313557971749414
pair1-dev,W120,1,G54400,F,joint_success,27,32,0.84375,0.6824585040247012,0.9313557971749414
pair1-dev,W120,2,G54400,F,success,32,32,1.0,0.8928208017449346,1.0
pair1-dev,W120,2,G54400,F,body_stable,32,32,1.0,0.8928208017449346,1.0
pair1-dev,W120,2,G54400,F,joint_success,32,32,1.0,0.8928208017449346,1.0
pair1-dev,W120,3,G54400,F,success,32,32,1.0,0.8928208017449346,1.0
pair1-dev,W120,3,G54400,F,body_stable,32,32,1.0,0.8928208017449346,1.0
pair1-dev,W120,3,G54400,F,joint_success,32,32,1.0,0.8928208017449346,1.0
pair1-dev,W120,0,G54400,S2,success,28,32,0.875,0.7193169451835029,0.950298656125198
pair1-dev,W120,0,G54400,S2,body_stable,32,32,1.0,0.8928208017449346,1.0
pair1-dev,W120,0,G54400,S2,joint_success,28,32,0.875,0.7193169451835029,0.950298656125198
pair1-dev,W120,1,G54400,S2,success,22,32,0.6875,0.5143332169904506,0.8204745836638998
pair1-dev,W120,1,G54400,S2,body_stable,30,32,0.9375,0.7985287685584593,0.9826894329683585
pair1-dev,W120,1,G54400,S2,joint_success,22,32,0.6875,0.5143332169904506,0.8204745836638998
pair1-dev,W120,2,G54400,S2,success,30,32,0.9375,0.7985287685584593,0.9826894329683585
pair1-dev,W120,2,G54400,S2,body_stable,32,32,1.0,0.8928208017449346,1.0
pair1-dev,W120,2,G54400,S2,joint_success,30,32,0.9375,0.7985287685584593,0.9826894329683585
pair1-dev,W120,3,G54400,S2,success,4,32,0.125,0.049701343874801934,0.280683054816497
pair1-dev,W120,3,G54400,S2,body_stable,30,32,0.9375,0.7985287685584593,0.9826894329683585
pair1-dev,W120,3,G54400,S2,joint_success,4,32,0.125,0.049701343874801934,0.280683054816497
pair1-dev,W120,0,G54400,S5,success,30,32,0.9375,0.7985287685584593,0.9826894329683585
pair1-dev,W120,0,G54400,S5,body_stable,32,32,1.0,0.8928208017449346,1.0
pair1-dev,W120,0,G54400,S5,joint_success,30,32,0.9375,0.7985287685584593,0.9826894329683585
pair1-dev,W120,1,G54400,S5,success,30,32,0.9375,0.7985287685584593,0.9826894329683585
pair1-dev,W120,1,G54400,S5,body_stable,30,32,0.9375,0.7985287685584593,0.9826894329683585
pair1-dev,W120,1,G54400,S5,joint_success,30,32,0.9375,0.7985287685584593,0.9826894329683585
pair1-dev,W120,2,G54400,S5,success,5,32,0.15625,0.0686442028250586,0.3175414959752988
pair1-dev,W120,2,G54400,S5,body_stable,32,32,1.0,0.8928208017449346,1.0
pair1-dev,W120,2,G54400,S5,joint_success,5,32,0.15625,0.0686442028250586,0.3175414959752988
pair1-dev,W120,3,G54400,S5,success,3,32,0.09375,0.032401551298367096,0.24218154728387353
pair1-dev,W120,3,G54400,S5,body_stable,32,32,1.0,0.8928208017449346,1.0
pair1-dev,W120,3,G54400,S5,joint_success,3,32,0.09375,0.032401551298367096,0.24218154728387353
pair1-dev,W120,0,P,F,success,32,32,1.0,0.8928208017449346,1.0
pair1-dev,W120,0,P,F,body_stable,30,32,0.9375,0.7985287685584593,0.9826894329683585
pair1-dev,W120,0,P,F,joint_success,30,32,0.9375,0.7985287685584593,0.9826894329683585
pair1-dev,W120,1,P,F,success,32,32,1.0,0.8928208017449346,1.0
pair1-dev,W120,1,P,F,body_stable,23,32,0.71875,0.5462549057408392,0.8443541950225697
pair1-dev,W120,1,P,F,joint_success,23,32,0.71875,0.5462549057408392,0.8443541950225697
pair1-dev,W120,2,P,F,success,32,32,1.0,0.8928208017449346,1.0
pair1-dev,W120,2,P,F,body_stable,31,32,0.96875,0.8425573617998795,0.9944621398359966
pair1-dev,W120,2,P,F,joint_success,31,32,0.96875,0.8425573617998795,0.9944621398359966
pair1-dev,W120,3,P,F,success,16,32,0.5,0.3363088286932788,0.6636911713067212
pair1-dev,W120,3,P,F,body_stable,1,32,0.03125,0.005537860164003344,0.15744263820012042
pair1-dev,W120,3,P,F,joint_success,1,32,0.03125,0.005537860164003344,0.15744263820012042
pair1-dev,W120,0,P,S2,success,32,32,1.0,0.8928208017449346,1.0
pair1-dev,W120,0,P,S2,body_stable,32,32,1.0,0.8928208017449346,1.0
pair1-dev,W120,0,P,S2,joint_success,32,32,1.0,0.8928208017449346,1.0
pair1-dev,W120,1,P,S2,success,19,32,0.59375,0.42260024875383306,0.7448036515733422
pair1-dev,W120,1,P,S2,body_stable,32,32,1.0,0.8928208017449346,1.0
pair1-dev,W120,1,P,S2,joint_success,19,32,0.59375,0.42260024875383306,0.7448036515733422
pair1-dev,W120,2,P,S2,success,29,32,0.90625,0.7578184527161265,0.9675984487016329
pair1-dev,W120,2,P,S2,body_stable,31,32,0.96875,0.8425573617998795,0.9944621398359966
pair1-dev,W120,2,P,S2,joint_success,29,32,0.90625,0.7578184527161265,0.9675984487016329
pair1-dev,W120,3,P,S2,success,0,32,0.0,0.0,0.10717919825506533
pair1-dev,W120,3,P,S2,body_stable,1,32,0.03125,0.005537860164003344,0.15744263820012042
pair1-dev,W120,3,P,S2,joint_success,0,32,0.0,0.0,0.10717919825506533
pair1-dev,W120,0,P,S5,success,32,32,1.0,0.8928208017449346,1.0
pair1-dev,W120,0,P,S5,body_stable,32,32,1.0,0.8928208017449346,1.0
pair1-dev,W120,0,P,S5,joint_success,32,32,1.0,0.8928208017449346,1.0
pair1-dev,W120,1,P,S5,success,14,32,0.4375,0.2816533111504073,0.6067440886314757
pair1-dev,W120,1,P,S5,body_stable,32,32,1.0,0.8928208017449346,1.0
pair1-dev,W120,1,P,S5,joint_success,14,32,0.4375,0.2816533111504073,0.6067440886314757
pair1-dev,W120,2,P,S5,success,29,32,0.90625,0.7578184527161265,0.9675984487016329
pair1-dev,W120,2,P,S5,body_stable,31,32,0.96875,0.8425573617998795,0.9944621398359966
pair1-dev,W120,2,P,S5,joint_success,29,32,0.90625,0.7578184527161265,0.9675984487016329
pair1-dev,W120,3,P,S5,success,0,32,0.0,0.0,0.10717919825506533
pair1-dev,W120,3,P,S5,body_stable,0,32,0.0,0.0,0.10717919825506533
pair1-dev,W120,3,P,S5,joint_success,0,32,0.0,0.0,0.10717919825506533
pair1-dev,W120,0,teacher,F,success,32,32,1.0,0.8928208017449346,1.0
pair1-dev,W120,0,teacher,F,body_stable,32,32,1.0,0.8928208017449346,1.0
pair1-dev,W120,0,teacher,F,joint_success,32,32,1.0,0.8928208017449346,1.0
pair1-dev,W120,1,teacher,F,success,32,32,1.0,0.8928208017449346,1.0
pair1-dev,W120,1,teacher,F,body_stable,27,32,0.84375,0.6824585040247012,0.9313557971749414
pair1-dev,W120,1,teacher,F,joint_success,27,32,0.84375,0.6824585040247012,0.9313557971749414
pair1-dev,W120,2,teacher,F,success,32,32,1.0,0.8928208017449346,1.0
pair1-dev,W120,2,teacher,F,body_stable,19,32,0.59375,0.42260024875383306,0.7448036515733422
pair1-dev,W120,2,teacher,F,joint_success,19,32,0.59375,0.42260024875383306,0.7448036515733422
pair1-dev,W120,3,teacher,F,success,30,32,0.9375,0.7985287685584593,0.9826894329683585
pair1-dev,W120,3,teacher,F,body_stable,31,32,0.96875,0.8425573617998795,0.9944621398359966
pair1-dev,W120,3,teacher,F,joint_success,30,32,0.9375,0.7985287685584593,0.9826894329683585
pair1-dev,W120,0,teacher,S2,success,32,32,1.0,0.8928208017449346,1.0
pair1-dev,W120,0,teacher,S2,body_stable,32,32,1.0,0.8928208017449346,1.0
pair1-dev,W120,0,teacher,S2,joint_success,32,32,1.0,0.8928208017449346,1.0
pair1-dev,W120,1,teacher,S2,success,32,32,1.0,0.8928208017449346,1.0
pair1-dev,W120,1,teacher,S2,body_stable,32,32,1.0,0.8928208017449346,1.0
pair1-dev,W120,1,teacher,S2,joint_success,32,32,1.0,0.8928208017449346,1.0
pair1-dev,W120,2,teacher,S2,success,29,32,0.90625,0.7578184527161265,0.9675984487016329
pair1-dev,W120,2,teacher,S2,body_stable,31,32,0.96875,0.8425573617998795,0.9944621398359966
pair1-dev,W120,2,teacher,S2,joint_success,29,32,0.90625,0.7578184527161265,0.9675984487016329
pair1-dev,W120,3,teacher,S2,success,18,32,0.5625,0.39325591136852417,0.7183466888495926
pair1-dev,W120,3,teacher,S2,body_stable,29,32,0.90625,0.7578184527161265,0.9675984487016329
pair1-dev,W120,3,teacher,S2,joint_success,18,32,0.5625,0.39325591136852417,0.7183466888495926
pair1-dev,W120,0,teacher,S5,success,32,32,1.0,0.8928208017449346,1.0
pair1-dev,W120,0,teacher,S5,body_stable,32,32,1.0,0.8928208017449346,1.0
pair1-dev,W120,0,teacher,S5,joint_success,32,32,1.0,0.8928208017449346,1.0
pair1-dev,W120,1,teacher,S5,success,32,32,1.0,0.8928208017449346,1.0
pair1-dev,W120,1,teacher,S5,body_stable,32,32,1.0,0.8928208017449346,1.0
pair1-dev,W120,1,teacher,S5,joint_success,32,32,1.0,0.8928208017449346,1.0
pair1-dev,W120,2,teacher,S5,success,32,32,1.0,0.8928208017449346,1.0
pair1-dev,W120,2,teacher,S5,body_stable,32,32,1.0,0.8928208017449346,1.0
pair1-dev,W120,2,teacher,S5,joint_success,32,32,1.0,0.8928208017449346,1.0
pair1-dev,W120,3,teacher,S5,success,14,32,0.4375,0.2816533111504073,0.6067440886314757
pair1-dev,W120,3,teacher,S5,body_stable,31,32,0.96875,0.8425573617998795,0.9944621398359966
pair1-dev,W120,3,teacher,S5,joint_success,14,32,0.4375,0.2816533111504073,0.6067440886314757
pair1-dev,baseline,0,C52000,F,success,32,32,1.0,0.8928208017449346,1.0
pair1-dev,baseline,0,C52000,F,body_stable,30,32,0.9375,0.7985287685584593,0.9826894329683585
pair1-dev,baseline,0,C52000,F,joint_success,30,32,0.9375,0.7985287685584593,0.9826894329683585
pair1-dev,baseline,1,C52000,F,success,32,32,1.0,0.8928208017449346,1.0
pair1-dev,baseline,1,C52000,F,body_stable,19,32,0.59375,0.42260024875383306,0.7448036515733422
pair1-dev,baseline,1,C52000,F,joint_success,19,32,0.59375,0.42260024875383306,0.7448036515733422
pair1-dev,baseline,2,C52000,F,success,32,32,1.0,0.8928208017449346,1.0
pair1-dev,baseline,2,C52000,F,body_stable,32,32,1.0,0.8928208017449346,1.0
pair1-dev,baseline,2,C52000,F,joint_success,32,32,1.0,0.8928208017449346,1.0
pair1-dev,baseline,3,C52000,F,success,32,32,1.0,0.8928208017449346,1.0
pair1-dev,baseline,3,C52000,F,body_stable,30,32,0.9375,0.7985287685584593,0.9826894329683585
pair1-dev,baseline,3,C52000,F,joint_success,30,32,0.9375,0.7985287685584593,0.9826894329683585
pair1-dev,baseline,0,C52000,S2,success,30,32,0.9375,0.7985287685584593,0.9826894329683585
pair1-dev,baseline,0,C52000,S2,body_stable,32,32,1.0,0.8928208017449346,1.0
pair1-dev,baseline,0,C52000,S2,joint_success,30,32,0.9375,0.7985287685584593,0.9826894329683585
pair1-dev,baseline,1,C52000,S2,success,10,32,0.3125,0.17952541633610017,0.48566678300954924
pair1-dev,baseline,1,C52000,S2,body_stable,28,32,0.875,0.7193169451835029,0.950298656125198
pair1-dev,baseline,1,C52000,S2,joint_success,10,32,0.3125,0.17952541633610017,0.48566678300954924
pair1-dev,baseline,2,C52000,S2,success,28,32,0.875,0.7193169451835029,0.950298656125198
pair1-dev,baseline,2,C52000,S2,body_stable,32,32,1.0,0.8928208017449346,1.0
pair1-dev,baseline,2,C52000,S2,joint_success,28,32,0.875,0.7193169451835029,0.950298656125198
pair1-dev,baseline,3,C52000,S2,success,10,32,0.3125,0.17952541633610017,0.48566678300954924
pair1-dev,baseline,3,C52000,S2,body_stable,32,32,1.0,0.8928208017449346,1.0
pair1-dev,baseline,3,C52000,S2,joint_success,10,32,0.3125,0.17952541633610017,0.48566678300954924
pair1-dev,baseline,0,C52000,S5,success,23,32,0.71875,0.5462549057408392,0.8443541950225697
pair1-dev,baseline,0,C52000,S5,body_stable,31,32,0.96875,0.8425573617998795,0.9944621398359966
pair1-dev,baseline,0,C52000,S5,joint_success,23,32,0.71875,0.5462549057408392,0.8443541950225697
pair1-dev,baseline,1,C52000,S5,success,23,32,0.71875,0.5462549057408392,0.8443541950225697
pair1-dev,baseline,1,C52000,S5,body_stable,31,32,0.96875,0.8425573617998795,0.9944621398359966
pair1-dev,baseline,1,C52000,S5,joint_success,23,32,0.71875,0.5462549057408392,0.8443541950225697
pair1-dev,baseline,2,C52000,S5,success,21,32,0.65625,0.48311087978962686,0.7958956207556651
pair1-dev,baseline,2,C52000,S5,body_stable,32,32,1.0,0.8928208017449346,1.0
pair1-dev,baseline,2,C52000,S5,joint_success,21,32,0.65625,0.48311087978962686,0.7958956207556651
pair1-dev,baseline,3,C52000,S5,success,27,32,0.84375,0.6824585040247012,0.9313557971749414
pair1-dev,baseline,3,C52000,S5,body_stable,32,32,1.0,0.8928208017449346,1.0
pair1-dev,baseline,3,C52000,S5,joint_success,27,32,0.84375,0.6824585040247012,0.9313557971749414
pair1-dev,baseline,0,C52800,F,success,32,32,1.0,0.8928208017449346,1.0
pair1-dev,baseline,0,C52800,F,body_stable,32,32,1.0,0.8928208017449346,1.0
pair1-dev,baseline,0,C52800,F,joint_success,32,32,1.0,0.8928208017449346,1.0
pair1-dev,baseline,1,C52800,F,success,32,32,1.0,0.8928208017449346,1.0
pair1-dev,baseline,1,C52800,F,body_stable,16,32,0.5,0.3363088286932788,0.6636911713067212
pair1-dev,baseline,1,C52800,F,joint_success,16,32,0.5,0.3363088286932788,0.6636911713067212
pair1-dev,baseline,2,C52800,F,success,32,32,1.0,0.8928208017449346,1.0
pair1-dev,baseline,2,C52800,F,body_stable,32,32,1.0,0.8928208017449346,1.0
pair1-dev,baseline,2,C52800,F,joint_success,32,32,1.0,0.8928208017449346,1.0
pair1-dev,baseline,3,C52800,F,success,32,32,1.0,0.8928208017449346,1.0
pair1-dev,baseline,3,C52800,F,body_stable,32,32,1.0,0.8928208017449346,1.0
pair1-dev,baseline,3,C52800,F,joint_success,32,32,1.0,0.8928208017449346,1.0
pair1-dev,baseline,0,C52800,S2,success,28,32,0.875,0.7193169451835029,0.950298656125198
pair1-dev,baseline,0,C52800,S2,body_stable,31,32,0.96875,0.8425573617998795,0.9944621398359966
pair1-dev,baseline,0,C52800,S2,joint_success,28,32,0.875,0.7193169451835029,0.950298656125198
pair1-dev,baseline,1,C52800,S2,success,27,32,0.84375,0.6824585040247012,0.9313557971749414
pair1-dev,baseline,1,C52800,S2,body_stable,28,32,0.875,0.7193169451835029,0.950298656125198
pair1-dev,baseline,1,C52800,S2,joint_success,27,32,0.84375,0.6824585040247012,0.9313557971749414
pair1-dev,baseline,2,C52800,S2,success,24,32,0.75,0.5789344100575601,0.8674759908149071
pair1-dev,baseline,2,C52800,S2,body_stable,32,32,1.0,0.8928208017449346,1.0
pair1-dev,baseline,2,C52800,S2,joint_success,24,32,0.75,0.5789344100575601,0.8674759908149071
pair1-dev,baseline,3,C52800,S2,success,30,32,0.9375,0.7985287685584593,0.9826894329683585
pair1-dev,baseline,3,C52800,S2,body_stable,32,32,1.0,0.8928208017449346,1.0
pair1-dev,baseline,3,C52800,S2,joint_success,30,32,0.9375,0.7985287685584593,0.9826894329683585
pair1-dev,baseline,0,C52800,S5,success,21,32,0.65625,0.48311087978962686,0.7958956207556651
pair1-dev,baseline,0,C52800,S5,body_stable,32,32,1.0,0.8928208017449346,1.0
pair1-dev,baseline,0,C52800,S5,joint_success,21,32,0.65625,0.48311087978962686,0.7958956207556651
pair1-dev,baseline,1,C52800,S5,success,20,32,0.625,0.4525440735307791,0.7706611269054546
pair1-dev,baseline,1,C52800,S5,body_stable,32,32,1.0,0.8928208017449346,1.0
pair1-dev,baseline,1,C52800,S5,joint_success,20,32,0.625,0.4525440735307791,0.7706611269054546
pair1-dev,baseline,2,C52800,S5,success,19,32,0.59375,0.42260024875383306,0.7448036515733422
pair1-dev,baseline,2,C52800,S5,body_stable,32,32,1.0,0.8928208017449346,1.0
pair1-dev,baseline,2,C52800,S5,joint_success,19,32,0.59375,0.42260024875383306,0.7448036515733422
pair1-dev,baseline,3,C52800,S5,success,19,32,0.59375,0.42260024875383306,0.7448036515733422
pair1-dev,baseline,3,C52800,S5,body_stable,32,32,1.0,0.8928208017449346,1.0
pair1-dev,baseline,3,C52800,S5,joint_success,19,32,0.59375,0.42260024875383306,0.7448036515733422
pair1-dev,baseline,0,C54400,F,success,32,32,1.0,0.8928208017449346,1.0
pair1-dev,baseline,0,C54400,F,body_stable,32,32,1.0,0.8928208017449346,1.0
pair1-dev,baseline,0,C54400,F,joint_success,32,32,1.0,0.8928208017449346,1.0
pair1-dev,baseline,1,C54400,F,success,32,32,1.0,0.8928208017449346,1.0
pair1-dev,baseline,1,C54400,F,body_stable,26,32,0.8125,0.6469084479862455,0.9111045531043387
pair1-dev,baseline,1,C54400,F,joint_success,26,32,0.8125,0.6469084479862455,0.9111045531043387
pair1-dev,baseline,2,C54400,F,success,32,32,1.0,0.8928208017449346,1.0
pair1-dev,baseline,2,C54400,F,body_stable,32,32,1.0,0.8928208017449346,1.0
pair1-dev,baseline,2,C54400,F,joint_success,32,32,1.0,0.8928208017449346,1.0
pair1-dev,baseline,3,C54400,F,success,32,32,1.0,0.8928208017449346,1.0
pair1-dev,baseline,3,C54400,F,body_stable,29,32,0.90625,0.7578184527161265,0.9675984487016329
pair1-dev,baseline,3,C54400,F,joint_success,29,32,0.90625,0.7578184527161265,0.9675984487016329
pair1-dev,baseline,0,C54400,S2,success,30,32,0.9375,0.7985287685584593,0.9826894329683585
pair1-dev,baseline,0,C54400,S2,body_stable,32,32,1.0,0.8928208017449346,1.0
pair1-dev,baseline,0,C54400,S2,joint_success,30,32,0.9375,0.7985287685584593,0.9826894329683585
pair1-dev,baseline,1,C54400,S2,success,26,32,0.8125,0.6469084479862455,0.9111045531043387
pair1-dev,baseline,1,C54400,S2,body_stable,31,32,0.96875,0.8425573617998795,0.9944621398359966
pair1-dev,baseline,1,C54400,S2,joint_success,26,32,0.8125,0.6469084479862455,0.9111045531043387
pair1-dev,baseline,2,C54400,S2,success,29,32,0.90625,0.7578184527161265,0.9675984487016329
pair1-dev,baseline,2,C54400,S2,body_stable,32,32,1.0,0.8928208017449346,1.0
pair1-dev,baseline,2,C54400,S2,joint_success,29,32,0.90625,0.7578184527161265,0.9675984487016329
pair1-dev,baseline,3,C54400,S2,success,28,32,0.875,0.7193169451835029,0.950298656125198
pair1-dev,baseline,3,C54400,S2,body_stable,32,32,1.0,0.8928208017449346,1.0
pair1-dev,baseline,3,C54400,S2,joint_success,28,32,0.875,0.7193169451835029,0.950298656125198
pair1-dev,baseline,0,C54400,S5,success,27,32,0.84375,0.6824585040247012,0.9313557971749414
pair1-dev,baseline,0,C54400,S5,body_stable,29,32,0.90625,0.7578184527161265,0.9675984487016329
pair1-dev,baseline,0,C54400,S5,joint_success,27,32,0.84375,0.6824585040247012,0.9313557971749414
pair1-dev,baseline,1,C54400,S5,success,30,32,0.9375,0.7985287685584593,0.9826894329683585
pair1-dev,baseline,1,C54400,S5,body_stable,32,32,1.0,0.8928208017449346,1.0
pair1-dev,baseline,1,C54400,S5,joint_success,30,32,0.9375,0.7985287685584593,0.9826894329683585
pair1-dev,baseline,2,C54400,S5,success,28,32,0.875,0.7193169451835029,0.950298656125198
pair1-dev,baseline,2,C54400,S5,body_stable,32,32,1.0,0.8928208017449346,1.0
pair1-dev,baseline,2,C54400,S5,joint_success,28,32,0.875,0.7193169451835029,0.950298656125198
pair1-dev,baseline,3,C54400,S5,success,26,32,0.8125,0.6469084479862455,0.9111045531043387
pair1-dev,baseline,3,C54400,S5,body_stable,32,32,1.0,0.8928208017449346,1.0
pair1-dev,baseline,3,C54400,S5,joint_success,26,32,0.8125,0.6469084479862455,0.9111045531043387
pair1-dev,baseline,0,G52000,F,success,32,32,1.0,0.8928208017449346,1.0
pair1-dev,baseline,0,G52000,F,body_stable,29,32,0.90625,0.7578184527161265,0.9675984487016329
pair1-dev,baseline,0,G52000,F,joint_success,29,32,0.90625,0.7578184527161265,0.9675984487016329
pair1-dev,baseline,1,G52000,F,success,32,32,1.0,0.8928208017449346,1.0
pair1-dev,baseline,1,G52000,F,body_stable,22,32,0.6875,0.5143332169904506,0.8204745836638998
pair1-dev,baseline,1,G52000,F,joint_success,22,32,0.6875,0.5143332169904506,0.8204745836638998
pair1-dev,baseline,2,G52000,F,success,32,32,1.0,0.8928208017449346,1.0
pair1-dev,baseline,2,G52000,F,body_stable,31,32,0.96875,0.8425573617998795,0.9944621398359966
pair1-dev,baseline,2,G52000,F,joint_success,31,32,0.96875,0.8425573617998795,0.9944621398359966
pair1-dev,baseline,3,G52000,F,success,32,32,1.0,0.8928208017449346,1.0
pair1-dev,baseline,3,G52000,F,body_stable,29,32,0.90625,0.7578184527161265,0.9675984487016329
pair1-dev,baseline,3,G52000,F,joint_success,29,32,0.90625,0.7578184527161265,0.9675984487016329
pair1-dev,baseline,0,G52000,S2,success,19,32,0.59375,0.42260024875383306,0.7448036515733422
pair1-dev,baseline,0,G52000,S2,body_stable,31,32,0.96875,0.8425573617998795,0.9944621398359966
pair1-dev,baseline,0,G52000,S2,joint_success,19,32,0.59375,0.42260024875383306,0.7448036515733422
pair1-dev,baseline,1,G52000,S2,success,24,32,0.75,0.5789344100575601,0.8674759908149071
pair1-dev,baseline,1,G52000,S2,body_stable,29,32,0.90625,0.7578184527161265,0.9675984487016329
pair1-dev,baseline,1,G52000,S2,joint_success,24,32,0.75,0.5789344100575601,0.8674759908149071
pair1-dev,baseline,2,G52000,S2,success,25,32,0.78125,0.6124500635075697,0.889761637473956
pair1-dev,baseline,2,G52000,S2,body_stable,32,32,1.0,0.8928208017449346,1.0
pair1-dev,baseline,2,G52000,S2,joint_success,25,32,0.78125,0.6124500635075697,0.889761637473956
pair1-dev,baseline,3,G52000,S2,success,23,32,0.71875,0.5462549057408392,0.8443541950225697
pair1-dev,baseline,3,G52000,S2,body_stable,32,32,1.0,0.8928208017449346,1.0
pair1-dev,baseline,3,G52000,S2,joint_success,23,32,0.71875,0.5462549057408392,0.8443541950225697
pair1-dev,baseline,0,G52000,S5,success,29,32,0.90625,0.7578184527161265,0.9675984487016329
pair1-dev,baseline,0,G52000,S5,body_stable,32,32,1.0,0.8928208017449346,1.0
pair1-dev,baseline,0,G52000,S5,joint_success,29,32,0.90625,0.7578184527161265,0.9675984487016329
pair1-dev,baseline,1,G52000,S5,success,27,32,0.84375,0.6824585040247012,0.9313557971749414
pair1-dev,baseline,1,G52000,S5,body_stable,29,32,0.90625,0.7578184527161265,0.9675984487016329
pair1-dev,baseline,1,G52000,S5,joint_success,27,32,0.84375,0.6824585040247012,0.9313557971749414
pair1-dev,baseline,2,G52000,S5,success,17,32,0.53125,0.3644951711897506,0.6913061289193079
pair1-dev,baseline,2,G52000,S5,body_stable,32,32,1.0,0.8928208017449346,1.0
pair1-dev,baseline,2,G52000,S5,joint_success,17,32,0.53125,0.3644951711897506,0.6913061289193079
pair1-dev,baseline,3,G52000,S5,success,25,32,0.78125,0.6124500635075697,0.889761637473956
pair1-dev,baseline,3,G52000,S5,body_stable,31,32,0.96875,0.8425573617998795,0.9944621398359966
pair1-dev,baseline,3,G52000,S5,joint_success,25,32,0.78125,0.6124500635075697,0.889761637473956
pair1-dev,baseline,0,G52800,F,success,32,32,1.0,0.8928208017449346,1.0
pair1-dev,baseline,0,G52800,F,body_stable,30,32,0.9375,0.7985287685584593,0.9826894329683585
pair1-dev,baseline,0,G52800,F,joint_success,30,32,0.9375,0.7985287685584593,0.9826894329683585
pair1-dev,baseline,1,G52800,F,success,32,32,1.0,0.8928208017449346,1.0
pair1-dev,baseline,1,G52800,F,body_stable,20,32,0.625,0.4525440735307791,0.7706611269054546
pair1-dev,baseline,1,G52800,F,joint_success,20,32,0.625,0.4525440735307791,0.7706611269054546
pair1-dev,baseline,2,G52800,F,success,32,32,1.0,0.8928208017449346,1.0
pair1-dev,baseline,2,G52800,F,body_stable,32,32,1.0,0.8928208017449346,1.0
pair1-dev,baseline,2,G52800,F,joint_success,32,32,1.0,0.8928208017449346,1.0
pair1-dev,baseline,3,G52800,F,success,32,32,1.0,0.8928208017449346,1.0
pair1-dev,baseline,3,G52800,F,body_stable,31,32,0.96875,0.8425573617998795,0.9944621398359966
pair1-dev,baseline,3,G52800,F,joint_success,31,32,0.96875,0.8425573617998795,0.9944621398359966
pair1-dev,baseline,0,G52800,S2,success,28,32,0.875,0.7193169451835029,0.950298656125198
pair1-dev,baseline,0,G52800,S2,body_stable,31,32,0.96875,0.8425573617998795,0.9944621398359966
pair1-dev,baseline,0,G52800,S2,joint_success,28,32,0.875,0.7193169451835029,0.950298656125198
pair1-dev,baseline,1,G52800,S2,success,28,32,0.875,0.7193169451835029,0.950298656125198
pair1-dev,baseline,1,G52800,S2,body_stable,30,32,0.9375,0.7985287685584593,0.9826894329683585
pair1-dev,baseline,1,G52800,S2,joint_success,28,32,0.875,0.7193169451835029,0.950298656125198
pair1-dev,baseline,2,G52800,S2,success,30,32,0.9375,0.7985287685584593,0.9826894329683585
pair1-dev,baseline,2,G52800,S2,body_stable,32,32,1.0,0.8928208017449346,1.0
pair1-dev,baseline,2,G52800,S2,joint_success,30,32,0.9375,0.7985287685584593,0.9826894329683585
pair1-dev,baseline,3,G52800,S2,success,24,32,0.75,0.5789344100575601,0.8674759908149071
pair1-dev,baseline,3,G52800,S2,body_stable,30,32,0.9375,0.7985287685584593,0.9826894329683585
pair1-dev,baseline,3,G52800,S2,joint_success,24,32,0.75,0.5789344100575601,0.8674759908149071
pair1-dev,baseline,0,G52800,S5,success,32,32,1.0,0.8928208017449346,1.0
pair1-dev,baseline,0,G52800,S5,body_stable,32,32,1.0,0.8928208017449346,1.0
pair1-dev,baseline,0,G52800,S5,joint_success,32,32,1.0,0.8928208017449346,1.0
pair1-dev,baseline,1,G52800,S5,success,28,32,0.875,0.7193169451835029,0.950298656125198
pair1-dev,baseline,1,G52800,S5,body_stable,32,32,1.0,0.8928208017449346,1.0
pair1-dev,baseline,1,G52800,S5,joint_success,28,32,0.875,0.7193169451835029,0.950298656125198
pair1-dev,baseline,2,G52800,S5,success,29,32,0.90625,0.7578184527161265,0.9675984487016329
pair1-dev,baseline,2,G52800,S5,body_stable,32,32,1.0,0.8928208017449346,1.0
pair1-dev,baseline,2,G52800,S5,joint_success,29,32,0.90625,0.7578184527161265,0.9675984487016329
pair1-dev,baseline,3,G52800,S5,success,28,32,0.875,0.7193169451835029,0.950298656125198
pair1-dev,baseline,3,G52800,S5,body_stable,32,32,1.0,0.8928208017449346,1.0
pair1-dev,baseline,3,G52800,S5,joint_success,28,32,0.875,0.7193169451835029,0.950298656125198
pair1-dev,baseline,0,G54400,F,success,32,32,1.0,0.8928208017449346,1.0
pair1-dev,baseline,0,G54400,F,body_stable,30,32,0.9375,0.7985287685584593,0.9826894329683585
pair1-dev,baseline,0,G54400,F,joint_success,30,32,0.9375,0.7985287685584593,0.9826894329683585
pair1-dev,baseline,1,G54400,F,success,32,32,1.0,0.8928208017449346,1.0
pair1-dev,baseline,1,G54400,F,body_stable,13,32,0.40625,0.25519634842665784,0.5773997512461668
pair1-dev,baseline,1,G54400,F,joint_success,13,32,0.40625,0.25519634842665784,0.5773997512461668
pair1-dev,baseline,2,G54400,F,success,32,32,1.0,0.8928208017449346,1.0
pair1-dev,baseline,2,G54400,F,body_stable,32,32,1.0,0.8928208017449346,1.0
pair1-dev,baseline,2,G54400,F,joint_success,32,32,1.0,0.8928208017449346,1.0
pair1-dev,baseline,3,G54400,F,success,32,32,1.0,0.8928208017449346,1.0
pair1-dev,baseline,3,G54400,F,body_stable,30,32,0.9375,0.7985287685584593,0.9826894329683585
pair1-dev,baseline,3,G54400,F,joint_success,30,32,0.9375,0.7985287685584593,0.9826894329683585
pair1-dev,baseline,0,G54400,S2,success,29,32,0.90625,0.7578184527161265,0.9675984487016329
pair1-dev,baseline,0,G54400,S2,body_stable,32,32,1.0,0.8928208017449346,1.0
pair1-dev,baseline,0,G54400,S2,joint_success,29,32,0.90625,0.7578184527161265,0.9675984487016329
pair1-dev,baseline,1,G54400,S2,success,16,32,0.5,0.3363088286932788,0.6636911713067212
pair1-dev,baseline,1,G54400,S2,body_stable,18,32,0.5625,0.39325591136852417,0.7183466888495926
pair1-dev,baseline,1,G54400,S2,joint_success,16,32,0.5,0.3363088286932788,0.6636911713067212
pair1-dev,baseline,2,G54400,S2,success,31,32,0.96875,0.8425573617998795,0.9944621398359966
pair1-dev,baseline,2,G54400,S2,body_stable,32,32,1.0,0.8928208017449346,1.0
pair1-dev,baseline,2,G54400,S2,joint_success,31,32,0.96875,0.8425573617998795,0.9944621398359966
pair1-dev,baseline,3,G54400,S2,success,30,32,0.9375,0.7985287685584593,0.9826894329683585
pair1-dev,baseline,3,G54400,S2,body_stable,32,32,1.0,0.8928208017449346,1.0
pair1-dev,baseline,3,G54400,S2,joint_success,30,32,0.9375,0.7985287685584593,0.9826894329683585
pair1-dev,baseline,0,G54400,S5,success,30,32,0.9375,0.7985287685584593,0.9826894329683585
pair1-dev,baseline,0,G54400,S5,body_stable,32,32,1.0,0.8928208017449346,1.0
pair1-dev,baseline,0,G54400,S5,joint_success,30,32,0.9375,0.7985287685584593,0.9826894329683585
pair1-dev,baseline,1,G54400,S5,success,27,32,0.84375,0.6824585040247012,0.9313557971749414
pair1-dev,baseline,1,G54400,S5,body_stable,27,32,0.84375,0.6824585040247012,0.9313557971749414
pair1-dev,baseline,1,G54400,S5,joint_success,27,32,0.84375,0.6824585040247012,0.9313557971749414
pair1-dev,baseline,2,G54400,S5,success,11,32,0.34375,0.20410437924433478,0.516889120210373
pair1-dev,baseline,2,G54400,S5,body_stable,32,32,1.0,0.8928208017449346,1.0
pair1-dev,baseline,2,G54400,S5,joint_success,11,32,0.34375,0.20410437924433478,0.516889120210373
pair1-dev,baseline,3,G54400,S5,success,14,32,0.4375,0.2816533111504073,0.6067440886314757
pair1-dev,baseline,3,G54400,S5,body_stable,32,32,1.0,0.8928208017449346,1.0
pair1-dev,baseline,3,G54400,S5,joint_success,14,32,0.4375,0.2816533111504073,0.6067440886314757
pair1-dev,baseline,0,P,F,success,32,32,1.0,0.8928208017449346,1.0
pair1-dev,baseline,0,P,F,body_stable,30,32,0.9375,0.7985287685584593,0.9826894329683585
pair1-dev,baseline,0,P,F,joint_success,30,32,0.9375,0.7985287685584593,0.9826894329683585
pair1-dev,baseline,1,P,F,success,32,32,1.0,0.8928208017449346,1.0
pair1-dev,baseline,1,P,F,body_stable,26,32,0.8125,0.6469084479862455,0.9111045531043387
pair1-dev,baseline,1,P,F,joint_success,26,32,0.8125,0.6469084479862455,0.9111045531043387
pair1-dev,baseline,2,P,F,success,32,32,1.0,0.8928208017449346,1.0
pair1-dev,baseline,2,P,F,body_stable,32,32,1.0,0.8928208017449346,1.0
pair1-dev,baseline,2,P,F,joint_success,32,32,1.0,0.8928208017449346,1.0
pair1-dev,baseline,3,P,F,success,32,32,1.0,0.8928208017449346,1.0
pair1-dev,baseline,3,P,F,body_stable,31,32,0.96875,0.8425573617998795,0.9944621398359966
pair1-dev,baseline,3,P,F,joint_success,31,32,0.96875,0.8425573617998795,0.9944621398359966
pair1-dev,baseline,0,P,S2,success,31,32,0.96875,0.8425573617998795,0.9944621398359966
pair1-dev,baseline,0,P,S2,body_stable,31,32,0.96875,0.8425573617998795,0.9944621398359966
pair1-dev,baseline,0,P,S2,joint_success,31,32,0.96875,0.8425573617998795,0.9944621398359966
pair1-dev,baseline,1,P,S2,success,29,32,0.90625,0.7578184527161265,0.9675984487016329
pair1-dev,baseline,1,P,S2,body_stable,31,32,0.96875,0.8425573617998795,0.9944621398359966
pair1-dev,baseline,1,P,S2,joint_success,29,32,0.90625,0.7578184527161265,0.9675984487016329
pair1-dev,baseline,2,P,S2,success,31,32,0.96875,0.8425573617998795,0.9944621398359966
pair1-dev,baseline,2,P,S2,body_stable,32,32,1.0,0.8928208017449346,1.0
pair1-dev,baseline,2,P,S2,joint_success,31,32,0.96875,0.8425573617998795,0.9944621398359966
pair1-dev,baseline,3,P,S2,success,25,32,0.78125,0.6124500635075697,0.889761637473956
pair1-dev,baseline,3,P,S2,body_stable,32,32,1.0,0.8928208017449346,1.0
pair1-dev,baseline,3,P,S2,joint_success,25,32,0.78125,0.6124500635075697,0.889761637473956
pair1-dev,baseline,0,P,S5,success,32,32,1.0,0.8928208017449346,1.0
pair1-dev,baseline,0,P,S5,body_stable,32,32,1.0,0.8928208017449346,1.0
pair1-dev,baseline,0,P,S5,joint_success,32,32,1.0,0.8928208017449346,1.0
pair1-dev,baseline,1,P,S5,success,31,32,0.96875,0.8425573617998795,0.9944621398359966
pair1-dev,baseline,1,P,S5,body_stable,32,32,1.0,0.8928208017449346,1.0
pair1-dev,baseline,1,P,S5,joint_success,31,32,0.96875,0.8425573617998795,0.9944621398359966
pair1-dev,baseline,2,P,S5,success,30,32,0.9375,0.7985287685584593,0.9826894329683585
pair1-dev,baseline,2,P,S5,body_stable,32,32,1.0,0.8928208017449346,1.0
pair1-dev,baseline,2,P,S5,joint_success,30,32,0.9375,0.7985287685584593,0.9826894329683585
pair1-dev,baseline,3,P,S5,success,25,32,0.78125,0.6124500635075697,0.889761637473956
pair1-dev,baseline,3,P,S5,body_stable,31,32,0.96875,0.8425573617998795,0.9944621398359966
pair1-dev,baseline,3,P,S5,joint_success,25,32,0.78125,0.6124500635075697,0.889761637473956
pair1-dev,baseline,0,teacher,F,success,32,32,1.0,0.8928208017449346,1.0
pair1-dev,baseline,0,teacher,F,body_stable,31,32,0.96875,0.8425573617998795,0.9944621398359966
pair1-dev,baseline,0,teacher,F,joint_success,31,32,0.96875,0.8425573617998795,0.9944621398359966
pair1-dev,baseline,1,teacher,F,success,32,32,1.0,0.8928208017449346,1.0
pair1-dev,baseline,1,teacher,F,body_stable,28,32,0.875,0.7193169451835029,0.950298656125198
pair1-dev,baseline,1,teacher,F,joint_success,28,32,0.875,0.7193169451835029,0.950298656125198
pair1-dev,baseline,2,teacher,F,success,32,32,1.0,0.8928208017449346,1.0
pair1-dev,baseline,2,teacher,F,body_stable,26,32,0.8125,0.6469084479862455,0.9111045531043387
pair1-dev,baseline,2,teacher,F,joint_success,26,32,0.8125,0.6469084479862455,0.9111045531043387
pair1-dev,baseline,3,teacher,F,success,32,32,1.0,0.8928208017449346,1.0
pair1-dev,baseline,3,teacher,F,body_stable,32,32,1.0,0.8928208017449346,1.0
pair1-dev,baseline,3,teacher,F,joint_success,32,32,1.0,0.8928208017449346,1.0
pair1-dev,baseline,0,teacher,S2,success,32,32,1.0,0.8928208017449346,1.0
pair1-dev,baseline,0,teacher,S2,body_stable,32,32,1.0,0.8928208017449346,1.0
pair1-dev,baseline,0,teacher,S2,joint_success,32,32,1.0,0.8928208017449346,1.0
pair1-dev,baseline,1,teacher,S2,success,32,32,1.0,0.8928208017449346,1.0
pair1-dev,baseline,1,teacher,S2,body_stable,32,32,1.0,0.8928208017449346,1.0
pair1-dev,baseline,1,teacher,S2,joint_success,32,32,1.0,0.8928208017449346,1.0
pair1-dev,baseline,2,teacher,S2,success,32,32,1.0,0.8928208017449346,1.0
pair1-dev,baseline,2,teacher,S2,body_stable,32,32,1.0,0.8928208017449346,1.0
pair1-dev,baseline,2,teacher,S2,joint_success,32,32,1.0,0.8928208017449346,1.0
pair1-dev,baseline,3,teacher,S2,success,29,32,0.90625,0.7578184527161265,0.9675984487016329
pair1-dev,baseline,3,teacher,S2,body_stable,32,32,1.0,0.8928208017449346,1.0
pair1-dev,baseline,3,teacher,S2,joint_success,29,32,0.90625,0.7578184527161265,0.9675984487016329
pair1-dev,baseline,0,teacher,S5,success,31,32,0.96875,0.8425573617998795,0.9944621398359966
pair1-dev,baseline,0,teacher,S5,body_stable,31,32,0.96875,0.8425573617998795,0.9944621398359966
pair1-dev,baseline,0,teacher,S5,joint_success,31,32,0.96875,0.8425573617998795,0.9944621398359966
pair1-dev,baseline,1,teacher,S5,success,32,32,1.0,0.8928208017449346,1.0
pair1-dev,baseline,1,teacher,S5,body_stable,32,32,1.0,0.8928208017449346,1.0
pair1-dev,baseline,1,teacher,S5,joint_success,32,32,1.0,0.8928208017449346,1.0
pair1-dev,baseline,2,teacher,S5,success,32,32,1.0,0.8928208017449346,1.0
pair1-dev,baseline,2,teacher,S5,body_stable,32,32,1.0,0.8928208017449346,1.0
pair1-dev,baseline,2,teacher,S5,joint_success,32,32,1.0,0.8928208017449346,1.0
pair1-dev,baseline,3,teacher,S5,success,31,32,0.96875,0.8425573617998795,0.9944621398359966
pair1-dev,baseline,3,teacher,S5,body_stable,32,32,1.0,0.8928208017449346,1.0
pair1-dev,baseline,3,teacher,S5,joint_success,31,32,0.96875,0.8425573617998795,0.9944621398359966
pair2-dev-52000,W110,0,C,F,success,32,32,1.0,0.8928208017449346,1.0
pair2-dev-52000,W110,0,C,F,body_stable,32,32,1.0,0.8928208017449346,1.0
pair2-dev-52000,W110,0,C,F,joint_success,32,32,1.0,0.8928208017449346,1.0
pair2-dev-52000,W110,1,C,F,success,32,32,1.0,0.8928208017449346,1.0
pair2-dev-52000,W110,1,C,F,body_stable,32,32,1.0,0.8928208017449346,1.0
pair2-dev-52000,W110,1,C,F,joint_success,32,32,1.0,0.8928208017449346,1.0
pair2-dev-52000,W110,2,C,F,success,32,32,1.0,0.8928208017449346,1.0
pair2-dev-52000,W110,2,C,F,body_stable,32,32,1.0,0.8928208017449346,1.0
pair2-dev-52000,W110,2,C,F,joint_success,32,32,1.0,0.8928208017449346,1.0
pair2-dev-52000,W110,3,C,F,success,32,32,1.0,0.8928208017449346,1.0
pair2-dev-52000,W110,3,C,F,body_stable,27,32,0.84375,0.6824585040247012,0.9313557971749414
pair2-dev-52000,W110,3,C,F,joint_success,27,32,0.84375,0.6824585040247012,0.9313557971749414
pair2-dev-52000,W110,0,C,S2,success,0,32,0.0,0.0,0.10717919825506533
pair2-dev-52000,W110,0,C,S2,body_stable,32,32,1.0,0.8928208017449346,1.0
pair2-dev-52000,W110,0,C,S2,joint_success,0,32,0.0,0.0,0.10717919825506533
pair2-dev-52000,W110,1,C,S2,success,0,32,0.0,0.0,0.10717919825506533
pair2-dev-52000,W110,1,C,S2,body_stable,32,32,1.0,0.8928208017449346,1.0
pair2-dev-52000,W110,1,C,S2,joint_success,0,32,0.0,0.0,0.10717919825506533
pair2-dev-52000,W110,2,C,S2,success,0,32,0.0,0.0,0.10717919825506533
pair2-dev-52000,W110,2,C,S2,body_stable,32,32,1.0,0.8928208017449346,1.0
pair2-dev-52000,W110,2,C,S2,joint_success,0,32,0.0,0.0,0.10717919825506533
pair2-dev-52000,W110,3,C,S2,success,2,32,0.0625,0.01731056703164152,0.20147123144154067
pair2-dev-52000,W110,3,C,S2,body_stable,24,32,0.75,0.5789344100575601,0.8674759908149071
pair2-dev-52000,W110,3,C,S2,joint_success,2,32,0.0625,0.01731056703164152,0.20147123144154067
pair2-dev-52000,W110,0,C,S5,success,0,32,0.0,0.0,0.10717919825506533
pair2-dev-52000,W110,0,C,S5,body_stable,32,32,1.0,0.8928208017449346,1.0
pair2-dev-52000,W110,0,C,S5,joint_success,0,32,0.0,0.0,0.10717919825506533
pair2-dev-52000,W110,1,C,S5,success,4,32,0.125,0.049701343874801934,0.280683054816497
pair2-dev-52000,W110,1,C,S5,body_stable,32,32,1.0,0.8928208017449346,1.0
pair2-dev-52000,W110,1,C,S5,joint_success,4,32,0.125,0.049701343874801934,0.280683054816497
pair2-dev-52000,W110,2,C,S5,success,0,32,0.0,0.0,0.10717919825506533
pair2-dev-52000,W110,2,C,S5,body_stable,31,32,0.96875,0.8425573617998795,0.9944621398359966
pair2-dev-52000,W110,2,C,S5,joint_success,0,32,0.0,0.0,0.10717919825506533
pair2-dev-52000,W110,3,C,S5,success,6,32,0.1875,0.08889544689566137,0.3530915520137545
pair2-dev-52000,W110,3,C,S5,body_stable,30,32,0.9375,0.7985287685584593,0.9826894329683585
pair2-dev-52000,W110,3,C,S5,joint_success,6,32,0.1875,0.08889544689566137,0.3530915520137545
pair2-dev-52000,W110,0,G,F,success,32,32,1.0,0.8928208017449346,1.0
pair2-dev-52000,W110,0,G,F,body_stable,31,32,0.96875,0.8425573617998795,0.9944621398359966
pair2-dev-52000,W110,0,G,F,joint_success,31,32,0.96875,0.8425573617998795,0.9944621398359966
pair2-dev-52000,W110,1,G,F,success,32,32,1.0,0.8928208017449346,1.0
pair2-dev-52000,W110,1,G,F,body_stable,28,32,0.875,0.7193169451835029,0.950298656125198
pair2-dev-52000,W110,1,G,F,joint_success,28,32,0.875,0.7193169451835029,0.950298656125198
pair2-dev-52000,W110,2,G,F,success,32,32,1.0,0.8928208017449346,1.0
pair2-dev-52000,W110,2,G,F,body_stable,32,32,1.0,0.8928208017449346,1.0
pair2-dev-52000,W110,2,G,F,joint_success,32,32,1.0,0.8928208017449346,1.0
pair2-dev-52000,W110,3,G,F,success,31,32,0.96875,0.8425573617998795,0.9944621398359966
pair2-dev-52000,W110,3,G,F,body_stable,32,32,1.0,0.8928208017449346,1.0
pair2-dev-52000,W110,3,G,F,joint_success,31,32,0.96875,0.8425573617998795,0.9944621398359966
pair2-dev-52000,W110,0,G,S2,success,0,32,0.0,0.0,0.10717919825506533
pair2-dev-52000,W110,0,G,S2,body_stable,32,32,1.0,0.8928208017449346,1.0
pair2-dev-52000,W110,0,G,S2,joint_success,0,32,0.0,0.0,0.10717919825506533
pair2-dev-52000,W110,1,G,S2,success,6,32,0.1875,0.08889544689566137,0.3530915520137545
pair2-dev-52000,W110,1,G,S2,body_stable,32,32,1.0,0.8928208017449346,1.0
pair2-dev-52000,W110,1,G,S2,joint_success,6,32,0.1875,0.08889544689566137,0.3530915520137545
pair2-dev-52000,W110,2,G,S2,success,0,32,0.0,0.0,0.10717919825506533
pair2-dev-52000,W110,2,G,S2,body_stable,32,32,1.0,0.8928208017449346,1.0
pair2-dev-52000,W110,2,G,S2,joint_success,0,32,0.0,0.0,0.10717919825506533
pair2-dev-52000,W110,3,G,S2,success,22,32,0.6875,0.5143332169904506,0.8204745836638998
pair2-dev-52000,W110,3,G,S2,body_stable,32,32,1.0,0.8928208017449346,1.0
pair2-dev-52000,W110,3,G,S2,joint_success,22,32,0.6875,0.5143332169904506,0.8204745836638998
pair2-dev-52000,W110,0,G,S5,success,0,32,0.0,0.0,0.10717919825506533
pair2-dev-52000,W110,0,G,S5,body_stable,28,32,0.875,0.7193169451835029,0.950298656125198
pair2-dev-52000,W110,0,G,S5,joint_success,0,32,0.0,0.0,0.10717919825506533
pair2-dev-52000,W110,1,G,S5,success,1,32,0.03125,0.005537860164003344,0.15744263820012042
pair2-dev-52000,W110,1,G,S5,body_stable,32,32,1.0,0.8928208017449346,1.0
pair2-dev-52000,W110,1,G,S5,joint_success,1,32,0.03125,0.005537860164003344,0.15744263820012042
pair2-dev-52000,W110,2,G,S5,success,3,32,0.09375,0.032401551298367096,0.24218154728387353
pair2-dev-52000,W110,2,G,S5,body_stable,32,32,1.0,0.8928208017449346,1.0
pair2-dev-52000,W110,2,G,S5,joint_success,3,32,0.09375,0.032401551298367096,0.24218154728387353
pair2-dev-52000,W110,3,G,S5,success,25,32,0.78125,0.6124500635075697,0.889761637473956
pair2-dev-52000,W110,3,G,S5,body_stable,32,32,1.0,0.8928208017449346,1.0
pair2-dev-52000,W110,3,G,S5,joint_success,25,32,0.78125,0.6124500635075697,0.889761637473956
pair2-dev-52000,W120,0,C,F,success,32,32,1.0,0.8928208017449346,1.0
pair2-dev-52000,W120,0,C,F,body_stable,32,32,1.0,0.8928208017449346,1.0
pair2-dev-52000,W120,0,C,F,joint_success,32,32,1.0,0.8928208017449346,1.0
pair2-dev-52000,W120,1,C,F,success,32,32,1.0,0.8928208017449346,1.0
pair2-dev-52000,W120,1,C,F,body_stable,32,32,1.0,0.8928208017449346,1.0
pair2-dev-52000,W120,1,C,F,joint_success,32,32,1.0,0.8928208017449346,1.0
pair2-dev-52000,W120,2,C,F,success,32,32,1.0,0.8928208017449346,1.0
pair2-dev-52000,W120,2,C,F,body_stable,30,32,0.9375,0.7985287685584593,0.9826894329683585
pair2-dev-52000,W120,2,C,F,joint_success,30,32,0.9375,0.7985287685584593,0.9826894329683585
pair2-dev-52000,W120,3,C,F,success,31,32,0.96875,0.8425573617998795,0.9944621398359966
pair2-dev-52000,W120,3,C,F,body_stable,18,32,0.5625,0.39325591136852417,0.7183466888495926
pair2-dev-52000,W120,3,C,F,joint_success,18,32,0.5625,0.39325591136852417,0.7183466888495926
pair2-dev-52000,W120,0,C,S2,success,0,32,0.0,0.0,0.10717919825506533
pair2-dev-52000,W120,0,C,S2,body_stable,32,32,1.0,0.8928208017449346,1.0
pair2-dev-52000,W120,0,C,S2,joint_success,0,32,0.0,0.0,0.10717919825506533
pair2-dev-52000,W120,1,C,S2,success,0,32,0.0,0.0,0.10717919825506533
pair2-dev-52000,W120,1,C,S2,body_stable,32,32,1.0,0.8928208017449346,1.0
pair2-dev-52000,W120,1,C,S2,joint_success,0,32,0.0,0.0,0.10717919825506533
pair2-dev-52000,W120,2,C,S2,success,0,32,0.0,0.0,0.10717919825506533
pair2-dev-52000,W120,2,C,S2,body_stable,32,32,1.0,0.8928208017449346,1.0
pair2-dev-52000,W120,2,C,S2,joint_success,0,32,0.0,0.0,0.10717919825506533
pair2-dev-52000,W120,3,C,S2,success,2,32,0.0625,0.01731056703164152,0.20147123144154067
pair2-dev-52000,W120,3,C,S2,body_stable,24,32,0.75,0.5789344100575601,0.8674759908149071
pair2-dev-52000,W120,3,C,S2,joint_success,2,32,0.0625,0.01731056703164152,0.20147123144154067
pair2-dev-52000,W120,0,C,S5,success,0,32,0.0,0.0,0.10717919825506533
pair2-dev-52000,W120,0,C,S5,body_stable,32,32,1.0,0.8928208017449346,1.0
pair2-dev-52000,W120,0,C,S5,joint_success,0,32,0.0,0.0,0.10717919825506533
pair2-dev-52000,W120,1,C,S5,success,2,32,0.0625,0.01731056703164152,0.20147123144154067
pair2-dev-52000,W120,1,C,S5,body_stable,32,32,1.0,0.8928208017449346,1.0
pair2-dev-52000,W120,1,C,S5,joint_success,2,32,0.0625,0.01731056703164152,0.20147123144154067
pair2-dev-52000,W120,2,C,S5,success,0,32,0.0,0.0,0.10717919825506533
pair2-dev-52000,W120,2,C,S5,body_stable,28,32,0.875,0.7193169451835029,0.950298656125198
pair2-dev-52000,W120,2,C,S5,joint_success,0,32,0.0,0.0,0.10717919825506533
pair2-dev-52000,W120,3,C,S5,success,0,32,0.0,0.0,0.10717919825506533
pair2-dev-52000,W120,3,C,S5,body_stable,14,32,0.4375,0.2816533111504073,0.6067440886314757
pair2-dev-52000,W120,3,C,S5,joint_success,0,32,0.0,0.0,0.10717919825506533
pair2-dev-52000,W120,0,G,F,success,32,32,1.0,0.8928208017449346,1.0
pair2-dev-52000,W120,0,G,F,body_stable,31,32,0.96875,0.8425573617998795,0.9944621398359966
pair2-dev-52000,W120,0,G,F,joint_success,31,32,0.96875,0.8425573617998795,0.9944621398359966
pair2-dev-52000,W120,1,G,F,success,32,32,1.0,0.8928208017449346,1.0
pair2-dev-52000,W120,1,G,F,body_stable,29,32,0.90625,0.7578184527161265,0.9675984487016329
pair2-dev-52000,W120,1,G,F,joint_success,29,32,0.90625,0.7578184527161265,0.9675984487016329
pair2-dev-52000,W120,2,G,F,success,32,32,1.0,0.8928208017449346,1.0
pair2-dev-52000,W120,2,G,F,body_stable,32,32,1.0,0.8928208017449346,1.0
pair2-dev-52000,W120,2,G,F,joint_success,32,32,1.0,0.8928208017449346,1.0
pair2-dev-52000,W120,3,G,F,success,32,32,1.0,0.8928208017449346,1.0
pair2-dev-52000,W120,3,G,F,body_stable,31,32,0.96875,0.8425573617998795,0.9944621398359966
pair2-dev-52000,W120,3,G,F,joint_success,31,32,0.96875,0.8425573617998795,0.9944621398359966
pair2-dev-52000,W120,0,G,S2,success,0,32,0.0,0.0,0.10717919825506533
pair2-dev-52000,W120,0,G,S2,body_stable,32,32,1.0,0.8928208017449346,1.0
pair2-dev-52000,W120,0,G,S2,joint_success,0,32,0.0,0.0,0.10717919825506533
pair2-dev-52000,W120,1,G,S2,success,5,32,0.15625,0.0686442028250586,0.3175414959752988
pair2-dev-52000,W120,1,G,S2,body_stable,32,32,1.0,0.8928208017449346,1.0
pair2-dev-52000,W120,1,G,S2,joint_success,5,32,0.15625,0.0686442028250586,0.3175414959752988
pair2-dev-52000,W120,2,G,S2,success,0,32,0.0,0.0,0.10717919825506533
pair2-dev-52000,W120,2,G,S2,body_stable,32,32,1.0,0.8928208017449346,1.0
pair2-dev-52000,W120,2,G,S2,joint_success,0,32,0.0,0.0,0.10717919825506533
pair2-dev-52000,W120,3,G,S2,success,16,32,0.5,0.3363088286932788,0.6636911713067212
pair2-dev-52000,W120,3,G,S2,body_stable,32,32,1.0,0.8928208017449346,1.0
pair2-dev-52000,W120,3,G,S2,joint_success,16,32,0.5,0.3363088286932788,0.6636911713067212
pair2-dev-52000,W120,0,G,S5,success,1,32,0.03125,0.005537860164003344,0.15744263820012042
pair2-dev-52000,W120,0,G,S5,body_stable,31,32,0.96875,0.8425573617998795,0.9944621398359966
pair2-dev-52000,W120,0,G,S5,joint_success,1,32,0.03125,0.005537860164003344,0.15744263820012042
pair2-dev-52000,W120,1,G,S5,success,3,32,0.09375,0.032401551298367096,0.24218154728387353
pair2-dev-52000,W120,1,G,S5,body_stable,32,32,1.0,0.8928208017449346,1.0
pair2-dev-52000,W120,1,G,S5,joint_success,3,32,0.09375,0.032401551298367096,0.24218154728387353
pair2-dev-52000,W120,2,G,S5,success,8,32,0.25,0.13252400918509277,0.4210655899424398
pair2-dev-52000,W120,2,G,S5,body_stable,32,32,1.0,0.8928208017449346,1.0
pair2-dev-52000,W120,2,G,S5,joint_success,8,32,0.25,0.13252400918509277,0.4210655899424398
pair2-dev-52000,W120,3,G,S5,success,8,32,0.25,0.13252400918509277,0.4210655899424398
pair2-dev-52000,W120,3,G,S5,body_stable,32,32,1.0,0.8928208017449346,1.0
pair2-dev-52000,W120,3,G,S5,joint_success,8,32,0.25,0.13252400918509277,0.4210655899424398
pair2-dev-52000,baseline,0,C,F,success,32,32,1.0,0.8928208017449346,1.0
pair2-dev-52000,baseline,0,C,F,body_stable,31,32,0.96875,0.8425573617998795,0.9944621398359966
pair2-dev-52000,baseline,0,C,F,joint_success,31,32,0.96875,0.8425573617998795,0.9944621398359966
pair2-dev-52000,baseline,1,C,F,success,32,32,1.0,0.8928208017449346,1.0
pair2-dev-52000,baseline,1,C,F,body_stable,30,32,0.9375,0.7985287685584593,0.9826894329683585
pair2-dev-52000,baseline,1,C,F,joint_success,30,32,0.9375,0.7985287685584593,0.9826894329683585
pair2-dev-52000,baseline,2,C,F,success,32,32,1.0,0.8928208017449346,1.0
pair2-dev-52000,baseline,2,C,F,body_stable,32,32,1.0,0.8928208017449346,1.0
pair2-dev-52000,baseline,2,C,F,joint_success,32,32,1.0,0.8928208017449346,1.0
pair2-dev-52000,baseline,3,C,F,success,32,32,1.0,0.8928208017449346,1.0
pair2-dev-52000,baseline,3,C,F,body_stable,31,32,0.96875,0.8425573617998795,0.9944621398359966
pair2-dev-52000,baseline,3,C,F,joint_success,31,32,0.96875,0.8425573617998795,0.9944621398359966
pair2-dev-52000,baseline,0,C,S2,success,0,32,0.0,0.0,0.10717919825506533
pair2-dev-52000,baseline,0,C,S2,body_stable,31,32,0.96875,0.8425573617998795,0.9944621398359966
pair2-dev-52000,baseline,0,C,S2,joint_success,0,32,0.0,0.0,0.10717919825506533
pair2-dev-52000,baseline,1,C,S2,success,1,32,0.03125,0.005537860164003344,0.15744263820012042
pair2-dev-52000,baseline,1,C,S2,body_stable,32,32,1.0,0.8928208017449346,1.0
pair2-dev-52000,baseline,1,C,S2,joint_success,1,32,0.03125,0.005537860164003344,0.15744263820012042
pair2-dev-52000,baseline,2,C,S2,success,0,32,0.0,0.0,0.10717919825506533
pair2-dev-52000,baseline,2,C,S2,body_stable,32,32,1.0,0.8928208017449346,1.0
pair2-dev-52000,baseline,2,C,S2,joint_success,0,32,0.0,0.0,0.10717919825506533
pair2-dev-52000,baseline,3,C,S2,success,28,32,0.875,0.7193169451835029,0.950298656125198
pair2-dev-52000,baseline,3,C,S2,body_stable,31,32,0.96875,0.8425573617998795,0.9944621398359966
pair2-dev-52000,baseline,3,C,S2,joint_success,28,32,0.875,0.7193169451835029,0.950298656125198
pair2-dev-52000,baseline,0,C,S5,success,0,32,0.0,0.0,0.10717919825506533
pair2-dev-52000,baseline,0,C,S5,body_stable,32,32,1.0,0.8928208017449346,1.0
pair2-dev-52000,baseline,0,C,S5,joint_success,0,32,0.0,0.0,0.10717919825506533
pair2-dev-52000,baseline,1,C,S5,success,2,32,0.0625,0.01731056703164152,0.20147123144154067
pair2-dev-52000,baseline,1,C,S5,body_stable,32,32,1.0,0.8928208017449346,1.0
pair2-dev-52000,baseline,1,C,S5,joint_success,2,32,0.0625,0.01731056703164152,0.20147123144154067
pair2-dev-52000,baseline,2,C,S5,success,0,32,0.0,0.0,0.10717919825506533
pair2-dev-52000,baseline,2,C,S5,body_stable,32,32,1.0,0.8928208017449346,1.0
pair2-dev-52000,baseline,2,C,S5,joint_success,0,32,0.0,0.0,0.10717919825506533
pair2-dev-52000,baseline,3,C,S5,success,27,32,0.84375,0.6824585040247012,0.9313557971749414
pair2-dev-52000,baseline,3,C,S5,body_stable,32,32,1.0,0.8928208017449346,1.0
pair2-dev-52000,baseline,3,C,S5,joint_success,27,32,0.84375,0.6824585040247012,0.9313557971749414
pair2-dev-52000,baseline,0,G,F,success,32,32,1.0,0.8928208017449346,1.0
pair2-dev-52000,baseline,0,G,F,body_stable,32,32,1.0,0.8928208017449346,1.0
pair2-dev-52000,baseline,0,G,F,joint_success,32,32,1.0,0.8928208017449346,1.0
pair2-dev-52000,baseline,1,G,F,success,32,32,1.0,0.8928208017449346,1.0
pair2-dev-52000,baseline,1,G,F,body_stable,24,32,0.75,0.5789344100575601,0.8674759908149071
pair2-dev-52000,baseline,1,G,F,joint_success,24,32,0.75,0.5789344100575601,0.8674759908149071
pair2-dev-52000,baseline,2,G,F,success,32,32,1.0,0.8928208017449346,1.0
pair2-dev-52000,baseline,2,G,F,body_stable,32,32,1.0,0.8928208017449346,1.0
pair2-dev-52000,baseline,2,G,F,joint_success,32,32,1.0,0.8928208017449346,1.0
pair2-dev-52000,baseline,3,G,F,success,32,32,1.0,0.8928208017449346,1.0
pair2-dev-52000,baseline,3,G,F,body_stable,31,32,0.96875,0.8425573617998795,0.9944621398359966
pair2-dev-52000,baseline,3,G,F,joint_success,31,32,0.96875,0.8425573617998795,0.9944621398359966
pair2-dev-52000,baseline,0,G,S2,success,0,32,0.0,0.0,0.10717919825506533
pair2-dev-52000,baseline,0,G,S2,body_stable,32,32,1.0,0.8928208017449346,1.0
pair2-dev-52000,baseline,0,G,S2,joint_success,0,32,0.0,0.0,0.10717919825506533
pair2-dev-52000,baseline,1,G,S2,success,5,32,0.15625,0.0686442028250586,0.3175414959752988
pair2-dev-52000,baseline,1,G,S2,body_stable,30,32,0.9375,0.7985287685584593,0.9826894329683585
pair2-dev-52000,baseline,1,G,S2,joint_success,5,32,0.15625,0.0686442028250586,0.3175414959752988
pair2-dev-52000,baseline,2,G,S2,success,0,32,0.0,0.0,0.10717919825506533
pair2-dev-52000,baseline,2,G,S2,body_stable,32,32,1.0,0.8928208017449346,1.0
pair2-dev-52000,baseline,2,G,S2,joint_success,0,32,0.0,0.0,0.10717919825506533
pair2-dev-52000,baseline,3,G,S2,success,29,32,0.90625,0.7578184527161265,0.9675984487016329
pair2-dev-52000,baseline,3,G,S2,body_stable,32,32,1.0,0.8928208017449346,1.0
pair2-dev-52000,baseline,3,G,S2,joint_success,29,32,0.90625,0.7578184527161265,0.9675984487016329
pair2-dev-52000,baseline,0,G,S5,success,0,32,0.0,0.0,0.10717919825506533
pair2-dev-52000,baseline,0,G,S5,body_stable,29,32,0.90625,0.7578184527161265,0.9675984487016329
pair2-dev-52000,baseline,0,G,S5,joint_success,0,32,0.0,0.0,0.10717919825506533
pair2-dev-52000,baseline,1,G,S5,success,1,32,0.03125,0.005537860164003344,0.15744263820012042
pair2-dev-52000,baseline,1,G,S5,body_stable,32,32,1.0,0.8928208017449346,1.0
pair2-dev-52000,baseline,1,G,S5,joint_success,1,32,0.03125,0.005537860164003344,0.15744263820012042
pair2-dev-52000,baseline,2,G,S5,success,0,32,0.0,0.0,0.10717919825506533
pair2-dev-52000,baseline,2,G,S5,body_stable,32,32,1.0,0.8928208017449346,1.0
pair2-dev-52000,baseline,2,G,S5,joint_success,0,32,0.0,0.0,0.10717919825506533
pair2-dev-52000,baseline,3,G,S5,success,25,32,0.78125,0.6124500635075697,0.889761637473956
pair2-dev-52000,baseline,3,G,S5,body_stable,32,32,1.0,0.8928208017449346,1.0
pair2-dev-52000,baseline,3,G,S5,joint_success,25,32,0.78125,0.6124500635075697,0.889761637473956
pair2-dev-52800,W110,0,C,F,success,32,32,1.0,0.8928208017449346,1.0
pair2-dev-52800,W110,0,C,F,body_stable,32,32,1.0,0.8928208017449346,1.0
pair2-dev-52800,W110,0,C,F,joint_success,32,32,1.0,0.8928208017449346,1.0
pair2-dev-52800,W110,1,C,F,success,32,32,1.0,0.8928208017449346,1.0
pair2-dev-52800,W110,1,C,F,body_stable,22,32,0.6875,0.5143332169904506,0.8204745836638998
pair2-dev-52800,W110,1,C,F,joint_success,22,32,0.6875,0.5143332169904506,0.8204745836638998
pair2-dev-52800,W110,2,C,F,success,32,32,1.0,0.8928208017449346,1.0
pair2-dev-52800,W110,2,C,F,body_stable,32,32,1.0,0.8928208017449346,1.0
pair2-dev-52800,W110,2,C,F,joint_success,32,32,1.0,0.8928208017449346,1.0
pair2-dev-52800,W110,3,C,F,success,32,32,1.0,0.8928208017449346,1.0
pair2-dev-52800,W110,3,C,F,body_stable,28,32,0.875,0.7193169451835029,0.950298656125198
pair2-dev-52800,W110,3,C,F,joint_success,28,32,0.875,0.7193169451835029,0.950298656125198
pair2-dev-52800,W110,0,C,S2,success,6,32,0.1875,0.08889544689566137,0.3530915520137545
pair2-dev-52800,W110,0,C,S2,body_stable,32,32,1.0,0.8928208017449346,1.0
pair2-dev-52800,W110,0,C,S2,joint_success,6,32,0.1875,0.08889544689566137,0.3530915520137545
pair2-dev-52800,W110,1,C,S2,success,29,32,0.90625,0.7578184527161265,0.9675984487016329
pair2-dev-52800,W110,1,C,S2,body_stable,31,32,0.96875,0.8425573617998795,0.9944621398359966
pair2-dev-52800,W110,1,C,S2,joint_success,29,32,0.90625,0.7578184527161265,0.9675984487016329
pair2-dev-52800,W110,2,C,S2,success,28,32,0.875,0.7193169451835029,0.950298656125198
pair2-dev-52800,W110,2,C,S2,body_stable,32,32,1.0,0.8928208017449346,1.0
pair2-dev-52800,W110,2,C,S2,joint_success,28,32,0.875,0.7193169451835029,0.950298656125198
pair2-dev-52800,W110,3,C,S2,success,16,32,0.5,0.3363088286932788,0.6636911713067212
pair2-dev-52800,W110,3,C,S2,body_stable,30,32,0.9375,0.7985287685584593,0.9826894329683585
pair2-dev-52800,W110,3,C,S2,joint_success,16,32,0.5,0.3363088286932788,0.6636911713067212
pair2-dev-52800,W110,0,C,S5,success,19,32,0.59375,0.42260024875383306,0.7448036515733422
pair2-dev-52800,W110,0,C,S5,body_stable,32,32,1.0,0.8928208017449346,1.0
pair2-dev-52800,W110,0,C,S5,joint_success,19,32,0.59375,0.42260024875383306,0.7448036515733422
pair2-dev-52800,W110,1,C,S5,success,25,32,0.78125,0.6124500635075697,0.889761637473956
pair2-dev-52800,W110,1,C,S5,body_stable,31,32,0.96875,0.8425573617998795,0.9944621398359966
pair2-dev-52800,W110,1,C,S5,joint_success,25,32,0.78125,0.6124500635075697,0.889761637473956
pair2-dev-52800,W110,2,C,S5,success,28,32,0.875,0.7193169451835029,0.950298656125198
pair2-dev-52800,W110,2,C,S5,body_stable,32,32,1.0,0.8928208017449346,1.0
pair2-dev-52800,W110,2,C,S5,joint_success,28,32,0.875,0.7193169451835029,0.950298656125198
pair2-dev-52800,W110,3,C,S5,success,16,32,0.5,0.3363088286932788,0.6636911713067212
pair2-dev-52800,W110,3,C,S5,body_stable,32,32,1.0,0.8928208017449346,1.0
pair2-dev-52800,W110,3,C,S5,joint_success,16,32,0.5,0.3363088286932788,0.6636911713067212
pair2-dev-52800,W110,0,G,F,success,32,32,1.0,0.8928208017449346,1.0
pair2-dev-52800,W110,0,G,F,body_stable,30,32,0.9375,0.7985287685584593,0.9826894329683585
pair2-dev-52800,W110,0,G,F,joint_success,30,32,0.9375,0.7985287685584593,0.9826894329683585
pair2-dev-52800,W110,1,G,F,success,32,32,1.0,0.8928208017449346,1.0
pair2-dev-52800,W110,1,G,F,body_stable,21,32,0.65625,0.48311087978962686,0.7958956207556651
pair2-dev-52800,W110,1,G,F,joint_success,21,32,0.65625,0.48311087978962686,0.7958956207556651
pair2-dev-52800,W110,2,G,F,success,31,32,0.96875,0.8425573617998795,0.9944621398359966
pair2-dev-52800,W110,2,G,F,body_stable,31,32,0.96875,0.8425573617998795,0.9944621398359966
pair2-dev-52800,W110,2,G,F,joint_success,31,32,0.96875,0.8425573617998795,0.9944621398359966
pair2-dev-52800,W110,3,G,F,success,31,32,0.96875,0.8425573617998795,0.9944621398359966
pair2-dev-52800,W110,3,G,F,body_stable,26,32,0.8125,0.6469084479862455,0.9111045531043387
pair2-dev-52800,W110,3,G,F,joint_success,25,32,0.78125,0.6124500635075697,0.889761637473956
pair2-dev-52800,W110,0,G,S2,success,30,32,0.9375,0.7985287685584593,0.9826894329683585
pair2-dev-52800,W110,0,G,S2,body_stable,31,32,0.96875,0.8425573617998795,0.9944621398359966
pair2-dev-52800,W110,0,G,S2,joint_success,30,32,0.9375,0.7985287685584593,0.9826894329683585
pair2-dev-52800,W110,1,G,S2,success,29,32,0.90625,0.7578184527161265,0.9675984487016329
pair2-dev-52800,W110,1,G,S2,body_stable,29,32,0.90625,0.7578184527161265,0.9675984487016329
pair2-dev-52800,W110,1,G,S2,joint_success,29,32,0.90625,0.7578184527161265,0.9675984487016329
pair2-dev-52800,W110,2,G,S2,success,30,32,0.9375,0.7985287685584593,0.9826894329683585
pair2-dev-52800,W110,2,G,S2,body_stable,32,32,1.0,0.8928208017449346,1.0
pair2-dev-52800,W110,2,G,S2,joint_success,30,32,0.9375,0.7985287685584593,0.9826894329683585
pair2-dev-52800,W110,3,G,S2,success,18,32,0.5625,0.39325591136852417,0.7183466888495926
pair2-dev-52800,W110,3,G,S2,body_stable,31,32,0.96875,0.8425573617998795,0.9944621398359966
pair2-dev-52800,W110,3,G,S2,joint_success,18,32,0.5625,0.39325591136852417,0.7183466888495926
pair2-dev-52800,W110,0,G,S5,success,28,32,0.875,0.7193169451835029,0.950298656125198
pair2-dev-52800,W110,0,G,S5,body_stable,31,32,0.96875,0.8425573617998795,0.9944621398359966
pair2-dev-52800,W110,0,G,S5,joint_success,28,32,0.875,0.7193169451835029,0.950298656125198
pair2-dev-52800,W110,1,G,S5,success,22,32,0.6875,0.5143332169904506,0.8204745836638998
pair2-dev-52800,W110,1,G,S5,body_stable,32,32,1.0,0.8928208017449346,1.0
pair2-dev-52800,W110,1,G,S5,joint_success,22,32,0.6875,0.5143332169904506,0.8204745836638998
pair2-dev-52800,W110,2,G,S5,success,29,32,0.90625,0.7578184527161265,0.9675984487016329
pair2-dev-52800,W110,2,G,S5,body_stable,32,32,1.0,0.8928208017449346,1.0
pair2-dev-52800,W110,2,G,S5,joint_success,29,32,0.90625,0.7578184527161265,0.9675984487016329
pair2-dev-52800,W110,3,G,S5,success,18,32,0.5625,0.39325591136852417,0.7183466888495926
pair2-dev-52800,W110,3,G,S5,body_stable,32,32,1.0,0.8928208017449346,1.0
pair2-dev-52800,W110,3,G,S5,joint_success,18,32,0.5625,0.39325591136852417,0.7183466888495926
pair2-dev-52800,W120,0,C,F,success,32,32,1.0,0.8928208017449346,1.0
pair2-dev-52800,W120,0,C,F,body_stable,32,32,1.0,0.8928208017449346,1.0
pair2-dev-52800,W120,0,C,F,joint_success,32,32,1.0,0.8928208017449346,1.0
pair2-dev-52800,W120,1,C,F,success,32,32,1.0,0.8928208017449346,1.0
pair2-dev-52800,W120,1,C,F,body_stable,24,32,0.75,0.5789344100575601,0.8674759908149071
pair2-dev-52800,W120,1,C,F,joint_success,24,32,0.75,0.5789344100575601,0.8674759908149071
pair2-dev-52800,W120,2,C,F,success,32,32,1.0,0.8928208017449346,1.0
pair2-dev-52800,W120,2,C,F,body_stable,32,32,1.0,0.8928208017449346,1.0
pair2-dev-52800,W120,2,C,F,joint_success,32,32,1.0,0.8928208017449346,1.0
pair2-dev-52800,W120,3,C,F,success,31,32,0.96875,0.8425573617998795,0.9944621398359966
pair2-dev-52800,W120,3,C,F,body_stable,30,32,0.9375,0.7985287685584593,0.9826894329683585
pair2-dev-52800,W120,3,C,F,joint_success,30,32,0.9375,0.7985287685584593,0.9826894329683585
pair2-dev-52800,W120,0,C,S2,success,5,32,0.15625,0.0686442028250586,0.3175414959752988
pair2-dev-52800,W120,0,C,S2,body_stable,32,32,1.0,0.8928208017449346,1.0
pair2-dev-52800,W120,0,C,S2,joint_success,5,32,0.15625,0.0686442028250586,0.3175414959752988
pair2-dev-52800,W120,1,C,S2,success,28,32,0.875,0.7193169451835029,0.950298656125198
pair2-dev-52800,W120,1,C,S2,body_stable,32,32,1.0,0.8928208017449346,1.0
pair2-dev-52800,W120,1,C,S2,joint_success,28,32,0.875,0.7193169451835029,0.950298656125198
pair2-dev-52800,W120,2,C,S2,success,28,32,0.875,0.7193169451835029,0.950298656125198
pair2-dev-52800,W120,2,C,S2,body_stable,32,32,1.0,0.8928208017449346,1.0
pair2-dev-52800,W120,2,C,S2,joint_success,28,32,0.875,0.7193169451835029,0.950298656125198
pair2-dev-52800,W120,3,C,S2,success,13,32,0.40625,0.25519634842665784,0.5773997512461668
pair2-dev-52800,W120,3,C,S2,body_stable,30,32,0.9375,0.7985287685584593,0.9826894329683585
pair2-dev-52800,W120,3,C,S2,joint_success,13,32,0.40625,0.25519634842665784,0.5773997512461668
pair2-dev-52800,W120,0,C,S5,success,15,32,0.46875,0.30869387108069224,0.6355048288102494
pair2-dev-52800,W120,0,C,S5,body_stable,32,32,1.0,0.8928208017449346,1.0
pair2-dev-52800,W120,0,C,S5,joint_success,15,32,0.46875,0.30869387108069224,0.6355048288102494
pair2-dev-52800,W120,1,C,S5,success,22,32,0.6875,0.5143332169904506,0.8204745836638998
pair2-dev-52800,W120,1,C,S5,body_stable,32,32,1.0,0.8928208017449346,1.0
pair2-dev-52800,W120,1,C,S5,joint_success,22,32,0.6875,0.5143332169904506,0.8204745836638998
pair2-dev-52800,W120,2,C,S5,success,25,32,0.78125,0.6124500635075697,0.889761637473956
pair2-dev-52800,W120,2,C,S5,body_stable,32,32,1.0,0.8928208017449346,1.0
pair2-dev-52800,W120,2,C,S5,joint_success,25,32,0.78125,0.6124500635075697,0.889761637473956
pair2-dev-52800,W120,3,C,S5,success,12,32,0.375,0.2293388730945454,0.5474559264692209
pair2-dev-52800,W120,3,C,S5,body_stable,31,32,0.96875,0.8425573617998795,0.9944621398359966
pair2-dev-52800,W120,3,C,S5,joint_success,12,32,0.375,0.2293388730945454,0.5474559264692209
pair2-dev-52800,W120,0,G,F,success,32,32,1.0,0.8928208017449346,1.0
pair2-dev-52800,W120,0,G,F,body_stable,29,32,0.90625,0.7578184527161265,0.9675984487016329
pair2-dev-52800,W120,0,G,F,joint_success,29,32,0.90625,0.7578184527161265,0.9675984487016329
pair2-dev-52800,W120,1,G,F,success,32,32,1.0,0.8928208017449346,1.0
pair2-dev-52800,W120,1,G,F,body_stable,17,32,0.53125,0.3644951711897506,0.6913061289193079
pair2-dev-52800,W120,1,G,F,joint_success,17,32,0.53125,0.3644951711897506,0.6913061289193079
pair2-dev-52800,W120,2,G,F,success,32,32,1.0,0.8928208017449346,1.0
pair2-dev-52800,W120,2,G,F,body_stable,32,32,1.0,0.8928208017449346,1.0
pair2-dev-52800,W120,2,G,F,joint_success,32,32,1.0,0.8928208017449346,1.0
pair2-dev-52800,W120,3,G,F,success,31,32,0.96875,0.8425573617998795,0.9944621398359966
pair2-dev-52800,W120,3,G,F,body_stable,30,32,0.9375,0.7985287685584593,0.9826894329683585
pair2-dev-52800,W120,3,G,F,joint_success,30,32,0.9375,0.7985287685584593,0.9826894329683585
pair2-dev-52800,W120,0,G,S2,success,31,32,0.96875,0.8425573617998795,0.9944621398359966
pair2-dev-52800,W120,0,G,S2,body_stable,31,32,0.96875,0.8425573617998795,0.9944621398359966
pair2-dev-52800,W120,0,G,S2,joint_success,31,32,0.96875,0.8425573617998795,0.9944621398359966
pair2-dev-52800,W120,1,G,S2,success,30,32,0.9375,0.7985287685584593,0.9826894329683585
pair2-dev-52800,W120,1,G,S2,body_stable,30,32,0.9375,0.7985287685584593,0.9826894329683585
pair2-dev-52800,W120,1,G,S2,joint_success,30,32,0.9375,0.7985287685584593,0.9826894329683585
pair2-dev-52800,W120,2,G,S2,success,29,32,0.90625,0.7578184527161265,0.9675984487016329
pair2-dev-52800,W120,2,G,S2,body_stable,32,32,1.0,0.8928208017449346,1.0
pair2-dev-52800,W120,2,G,S2,joint_success,29,32,0.90625,0.7578184527161265,0.9675984487016329
pair2-dev-52800,W120,3,G,S2,success,16,32,0.5,0.3363088286932788,0.6636911713067212
pair2-dev-52800,W120,3,G,S2,body_stable,30,32,0.9375,0.7985287685584593,0.9826894329683585
pair2-dev-52800,W120,3,G,S2,joint_success,16,32,0.5,0.3363088286932788,0.6636911713067212
pair2-dev-52800,W120,0,G,S5,success,27,32,0.84375,0.6824585040247012,0.9313557971749414
pair2-dev-52800,W120,0,G,S5,body_stable,32,32,1.0,0.8928208017449346,1.0
pair2-dev-52800,W120,0,G,S5,joint_success,27,32,0.84375,0.6824585040247012,0.9313557971749414
pair2-dev-52800,W120,1,G,S5,success,19,32,0.59375,0.42260024875383306,0.7448036515733422
pair2-dev-52800,W120,1,G,S5,body_stable,32,32,1.0,0.8928208017449346,1.0
pair2-dev-52800,W120,1,G,S5,joint_success,19,32,0.59375,0.42260024875383306,0.7448036515733422
pair2-dev-52800,W120,2,G,S5,success,30,32,0.9375,0.7985287685584593,0.9826894329683585
pair2-dev-52800,W120,2,G,S5,body_stable,32,32,1.0,0.8928208017449346,1.0
pair2-dev-52800,W120,2,G,S5,joint_success,30,32,0.9375,0.7985287685584593,0.9826894329683585
pair2-dev-52800,W120,3,G,S5,success,8,32,0.25,0.13252400918509277,0.4210655899424398
pair2-dev-52800,W120,3,G,S5,body_stable,30,32,0.9375,0.7985287685584593,0.9826894329683585
pair2-dev-52800,W120,3,G,S5,joint_success,8,32,0.25,0.13252400918509277,0.4210655899424398
pair2-dev-52800,baseline,0,C,F,success,32,32,1.0,0.8928208017449346,1.0
pair2-dev-52800,baseline,0,C,F,body_stable,31,32,0.96875,0.8425573617998795,0.9944621398359966
pair2-dev-52800,baseline,0,C,F,joint_success,31,32,0.96875,0.8425573617998795,0.9944621398359966
pair2-dev-52800,baseline,1,C,F,success,32,32,1.0,0.8928208017449346,1.0
pair2-dev-52800,baseline,1,C,F,body_stable,21,32,0.65625,0.48311087978962686,0.7958956207556651
pair2-dev-52800,baseline,1,C,F,joint_success,21,32,0.65625,0.48311087978962686,0.7958956207556651
pair2-dev-52800,baseline,2,C,F,success,32,32,1.0,0.8928208017449346,1.0
pair2-dev-52800,baseline,2,C,F,body_stable,32,32,1.0,0.8928208017449346,1.0
pair2-dev-52800,baseline,2,C,F,joint_success,32,32,1.0,0.8928208017449346,1.0
pair2-dev-52800,baseline,3,C,F,success,32,32,1.0,0.8928208017449346,1.0
pair2-dev-52800,baseline,3,C,F,body_stable,32,32,1.0,0.8928208017449346,1.0
pair2-dev-52800,baseline,3,C,F,joint_success,32,32,1.0,0.8928208017449346,1.0
pair2-dev-52800,baseline,0,C,S2,success,7,32,0.21875,0.11023836252604396,0.38754993649243025
pair2-dev-52800,baseline,0,C,S2,body_stable,31,32,0.96875,0.8425573617998795,0.9944621398359966
pair2-dev-52800,baseline,0,C,S2,joint_success,7,32,0.21875,0.11023836252604396,0.38754993649243025
pair2-dev-52800,baseline,1,C,S2,success,29,32,0.90625,0.7578184527161265,0.9675984487016329
pair2-dev-52800,baseline,1,C,S2,body_stable,31,32,0.96875,0.8425573617998795,0.9944621398359966
pair2-dev-52800,baseline,1,C,S2,joint_success,29,32,0.90625,0.7578184527161265,0.9675984487016329
pair2-dev-52800,baseline,2,C,S2,success,29,32,0.90625,0.7578184527161265,0.9675984487016329
pair2-dev-52800,baseline,2,C,S2,body_stable,32,32,1.0,0.8928208017449346,1.0
pair2-dev-52800,baseline,2,C,S2,joint_success,29,32,0.90625,0.7578184527161265,0.9675984487016329
pair2-dev-52800,baseline,3,C,S2,success,29,32,0.90625,0.7578184527161265,0.9675984487016329
pair2-dev-52800,baseline,3,C,S2,body_stable,32,32,1.0,0.8928208017449346,1.0
pair2-dev-52800,baseline,3,C,S2,joint_success,29,32,0.90625,0.7578184527161265,0.9675984487016329
pair2-dev-52800,baseline,0,C,S5,success,17,32,0.53125,0.3644951711897506,0.6913061289193079
pair2-dev-52800,baseline,0,C,S5,body_stable,31,32,0.96875,0.8425573617998795,0.9944621398359966
pair2-dev-52800,baseline,0,C,S5,joint_success,17,32,0.53125,0.3644951711897506,0.6913061289193079
pair2-dev-52800,baseline,1,C,S5,success,28,32,0.875,0.7193169451835029,0.950298656125198
pair2-dev-52800,baseline,1,C,S5,body_stable,31,32,0.96875,0.8425573617998795,0.9944621398359966
pair2-dev-52800,baseline,1,C,S5,joint_success,28,32,0.875,0.7193169451835029,0.950298656125198
pair2-dev-52800,baseline,2,C,S5,success,28,32,0.875,0.7193169451835029,0.950298656125198
pair2-dev-52800,baseline,2,C,S5,body_stable,32,32,1.0,0.8928208017449346,1.0
pair2-dev-52800,baseline,2,C,S5,joint_success,28,32,0.875,0.7193169451835029,0.950298656125198
pair2-dev-52800,baseline,3,C,S5,success,22,32,0.6875,0.5143332169904506,0.8204745836638998
pair2-dev-52800,baseline,3,C,S5,body_stable,32,32,1.0,0.8928208017449346,1.0
pair2-dev-52800,baseline,3,C,S5,joint_success,22,32,0.6875,0.5143332169904506,0.8204745836638998
pair2-dev-52800,baseline,0,G,F,success,32,32,1.0,0.8928208017449346,1.0
pair2-dev-52800,baseline,0,G,F,body_stable,31,32,0.96875,0.8425573617998795,0.9944621398359966
pair2-dev-52800,baseline,0,G,F,joint_success,31,32,0.96875,0.8425573617998795,0.9944621398359966
pair2-dev-52800,baseline,1,G,F,success,32,32,1.0,0.8928208017449346,1.0
pair2-dev-52800,baseline,1,G,F,body_stable,19,32,0.59375,0.42260024875383306,0.7448036515733422
pair2-dev-52800,baseline,1,G,F,joint_success,19,32,0.59375,0.42260024875383306,0.7448036515733422
pair2-dev-52800,baseline,2,G,F,success,32,32,1.0,0.8928208017449346,1.0
pair2-dev-52800,baseline,2,G,F,body_stable,32,32,1.0,0.8928208017449346,1.0
pair2-dev-52800,baseline,2,G,F,joint_success,32,32,1.0,0.8928208017449346,1.0
pair2-dev-52800,baseline,3,G,F,success,32,32,1.0,0.8928208017449346,1.0
pair2-dev-52800,baseline,3,G,F,body_stable,27,32,0.84375,0.6824585040247012,0.9313557971749414
pair2-dev-52800,baseline,3,G,F,joint_success,27,32,0.84375,0.6824585040247012,0.9313557971749414
pair2-dev-52800,baseline,0,G,S2,success,30,32,0.9375,0.7985287685584593,0.9826894329683585
pair2-dev-52800,baseline,0,G,S2,body_stable,31,32,0.96875,0.8425573617998795,0.9944621398359966
pair2-dev-52800,baseline,0,G,S2,joint_success,30,32,0.9375,0.7985287685584593,0.9826894329683585
pair2-dev-52800,baseline,1,G,S2,success,28,32,0.875,0.7193169451835029,0.950298656125198
pair2-dev-52800,baseline,1,G,S2,body_stable,30,32,0.9375,0.7985287685584593,0.9826894329683585
pair2-dev-52800,baseline,1,G,S2,joint_success,28,32,0.875,0.7193169451835029,0.950298656125198
pair2-dev-52800,baseline,2,G,S2,success,30,32,0.9375,0.7985287685584593,0.9826894329683585
pair2-dev-52800,baseline,2,G,S2,body_stable,32,32,1.0,0.8928208017449346,1.0
pair2-dev-52800,baseline,2,G,S2,joint_success,30,32,0.9375,0.7985287685584593,0.9826894329683585
pair2-dev-52800,baseline,3,G,S2,success,25,32,0.78125,0.6124500635075697,0.889761637473956
pair2-dev-52800,baseline,3,G,S2,body_stable,31,32,0.96875,0.8425573617998795,0.9944621398359966
pair2-dev-52800,baseline,3,G,S2,joint_success,25,32,0.78125,0.6124500635075697,0.889761637473956
pair2-dev-52800,baseline,0,G,S5,success,27,32,0.84375,0.6824585040247012,0.9313557971749414
pair2-dev-52800,baseline,0,G,S5,body_stable,31,32,0.96875,0.8425573617998795,0.9944621398359966
pair2-dev-52800,baseline,0,G,S5,joint_success,27,32,0.84375,0.6824585040247012,0.9313557971749414
pair2-dev-52800,baseline,1,G,S5,success,18,32,0.5625,0.39325591136852417,0.7183466888495926
pair2-dev-52800,baseline,1,G,S5,body_stable,32,32,1.0,0.8928208017449346,1.0
pair2-dev-52800,baseline,1,G,S5,joint_success,18,32,0.5625,0.39325591136852417,0.7183466888495926
pair2-dev-52800,baseline,2,G,S5,success,24,32,0.75,0.5789344100575601,0.8674759908149071
pair2-dev-52800,baseline,2,G,S5,body_stable,32,32,1.0,0.8928208017449346,1.0
pair2-dev-52800,baseline,2,G,S5,joint_success,24,32,0.75,0.5789344100575601,0.8674759908149071
pair2-dev-52800,baseline,3,G,S5,success,31,32,0.96875,0.8425573617998795,0.9944621398359966
pair2-dev-52800,baseline,3,G,S5,body_stable,32,32,1.0,0.8928208017449346,1.0
pair2-dev-52800,baseline,3,G,S5,joint_success,31,32,0.96875,0.8425573617998795,0.9944621398359966
pair2-dev-54400,W110,0,C,F,success,32,32,1.0,0.8928208017449346,1.0
pair2-dev-54400,W110,0,C,F,body_stable,32,32,1.0,0.8928208017449346,1.0
pair2-dev-54400,W110,0,C,F,joint_success,32,32,1.0,0.8928208017449346,1.0
pair2-dev-54400,W110,1,C,F,success,32,32,1.0,0.8928208017449346,1.0
pair2-dev-54400,W110,1,C,F,body_stable,23,32,0.71875,0.5462549057408392,0.8443541950225697
pair2-dev-54400,W110,1,C,F,joint_success,23,32,0.71875,0.5462549057408392,0.8443541950225697
pair2-dev-54400,W110,2,C,F,success,32,32,1.0,0.8928208017449346,1.0
pair2-dev-54400,W110,2,C,F,body_stable,32,32,1.0,0.8928208017449346,1.0
pair2-dev-54400,W110,2,C,F,joint_success,32,32,1.0,0.8928208017449346,1.0
pair2-dev-54400,W110,3,C,F,success,31,32,0.96875,0.8425573617998795,0.9944621398359966
pair2-dev-54400,W110,3,C,F,body_stable,29,32,0.90625,0.7578184527161265,0.9675984487016329
pair2-dev-54400,W110,3,C,F,joint_success,28,32,0.875,0.7193169451835029,0.950298656125198
pair2-dev-54400,W110,0,C,S2,success,31,32,0.96875,0.8425573617998795,0.9944621398359966
pair2-dev-54400,W110,0,C,S2,body_stable,31,32,0.96875,0.8425573617998795,0.9944621398359966
pair2-dev-54400,W110,0,C,S2,joint_success,31,32,0.96875,0.8425573617998795,0.9944621398359966
pair2-dev-54400,W110,1,C,S2,success,23,32,0.71875,0.5462549057408392,0.8443541950225697
pair2-dev-54400,W110,1,C,S2,body_stable,32,32,1.0,0.8928208017449346,1.0
pair2-dev-54400,W110,1,C,S2,joint_success,23,32,0.71875,0.5462549057408392,0.8443541950225697
pair2-dev-54400,W110,2,C,S2,success,30,32,0.9375,0.7985287685584593,0.9826894329683585
pair2-dev-54400,W110,2,C,S2,body_stable,32,32,1.0,0.8928208017449346,1.0
pair2-dev-54400,W110,2,C,S2,joint_success,30,32,0.9375,0.7985287685584593,0.9826894329683585
pair2-dev-54400,W110,3,C,S2,success,12,32,0.375,0.2293388730945454,0.5474559264692209
pair2-dev-54400,W110,3,C,S2,body_stable,28,32,0.875,0.7193169451835029,0.950298656125198
pair2-dev-54400,W110,3,C,S2,joint_success,12,32,0.375,0.2293388730945454,0.5474559264692209
pair2-dev-54400,W110,0,C,S5,success,31,32,0.96875,0.8425573617998795,0.9944621398359966
pair2-dev-54400,W110,0,C,S5,body_stable,31,32,0.96875,0.8425573617998795,0.9944621398359966
pair2-dev-54400,W110,0,C,S5,joint_success,31,32,0.96875,0.8425573617998795,0.9944621398359966
pair2-dev-54400,W110,1,C,S5,success,18,32,0.5625,0.39325591136852417,0.7183466888495926
pair2-dev-54400,W110,1,C,S5,body_stable,23,32,0.71875,0.5462549057408392,0.8443541950225697
pair2-dev-54400,W110,1,C,S5,joint_success,18,32,0.5625,0.39325591136852417,0.7183466888495926
pair2-dev-54400,W110,2,C,S5,success,28,32,0.875,0.7193169451835029,0.950298656125198
pair2-dev-54400,W110,2,C,S5,body_stable,32,32,1.0,0.8928208017449346,1.0
pair2-dev-54400,W110,2,C,S5,joint_success,28,32,0.875,0.7193169451835029,0.950298656125198
pair2-dev-54400,W110,3,C,S5,success,11,32,0.34375,0.20410437924433478,0.516889120210373
pair2-dev-54400,W110,3,C,S5,body_stable,32,32,1.0,0.8928208017449346,1.0
pair2-dev-54400,W110,3,C,S5,joint_success,11,32,0.34375,0.20410437924433478,0.516889120210373
pair2-dev-54400,W110,0,G,F,success,32,32,1.0,0.8928208017449346,1.0
pair2-dev-54400,W110,0,G,F,body_stable,32,32,1.0,0.8928208017449346,1.0
pair2-dev-54400,W110,0,G,F,joint_success,32,32,1.0,0.8928208017449346,1.0
pair2-dev-54400,W110,1,G,F,success,32,32,1.0,0.8928208017449346,1.0
pair2-dev-54400,W110,1,G,F,body_stable,12,32,0.375,0.2293388730945454,0.5474559264692209
pair2-dev-54400,W110,1,G,F,joint_success,12,32,0.375,0.2293388730945454,0.5474559264692209
pair2-dev-54400,W110,2,G,F,success,32,32,1.0,0.8928208017449346,1.0
pair2-dev-54400,W110,2,G,F,body_stable,32,32,1.0,0.8928208017449346,1.0
pair2-dev-54400,W110,2,G,F,joint_success,32,32,1.0,0.8928208017449346,1.0
pair2-dev-54400,W110,3,G,F,success,32,32,1.0,0.8928208017449346,1.0
pair2-dev-54400,W110,3,G,F,body_stable,27,32,0.84375,0.6824585040247012,0.9313557971749414
pair2-dev-54400,W110,3,G,F,joint_success,27,32,0.84375,0.6824585040247012,0.9313557971749414
pair2-dev-54400,W110,0,G,S2,success,29,32,0.90625,0.7578184527161265,0.9675984487016329
pair2-dev-54400,W110,0,G,S2,body_stable,32,32,1.0,0.8928208017449346,1.0
pair2-dev-54400,W110,0,G,S2,joint_success,29,32,0.90625,0.7578184527161265,0.9675984487016329
pair2-dev-54400,W110,1,G,S2,success,24,32,0.75,0.5789344100575601,0.8674759908149071
pair2-dev-54400,W110,1,G,S2,body_stable,32,32,1.0,0.8928208017449346,1.0
pair2-dev-54400,W110,1,G,S2,joint_success,24,32,0.75,0.5789344100575601,0.8674759908149071
pair2-dev-54400,W110,2,G,S2,success,19,32,0.59375,0.42260024875383306,0.7448036515733422
pair2-dev-54400,W110,2,G,S2,body_stable,32,32,1.0,0.8928208017449346,1.0
pair2-dev-54400,W110,2,G,S2,joint_success,19,32,0.59375,0.42260024875383306,0.7448036515733422
pair2-dev-54400,W110,3,G,S2,success,20,32,0.625,0.4525440735307791,0.7706611269054546
pair2-dev-54400,W110,3,G,S2,body_stable,27,32,0.84375,0.6824585040247012,0.9313557971749414
pair2-dev-54400,W110,3,G,S2,joint_success,20,32,0.625,0.4525440735307791,0.7706611269054546
pair2-dev-54400,W110,0,G,S5,success,31,32,0.96875,0.8425573617998795,0.9944621398359966
pair2-dev-54400,W110,0,G,S5,body_stable,31,32,0.96875,0.8425573617998795,0.9944621398359966
pair2-dev-54400,W110,0,G,S5,joint_success,31,32,0.96875,0.8425573617998795,0.9944621398359966
pair2-dev-54400,W110,1,G,S5,success,29,32,0.90625,0.7578184527161265,0.9675984487016329
pair2-dev-54400,W110,1,G,S5,body_stable,32,32,1.0,0.8928208017449346,1.0
pair2-dev-54400,W110,1,G,S5,joint_success,29,32,0.90625,0.7578184527161265,0.9675984487016329
pair2-dev-54400,W110,2,G,S5,success,18,32,0.5625,0.39325591136852417,0.7183466888495926
pair2-dev-54400,W110,2,G,S5,body_stable,32,32,1.0,0.8928208017449346,1.0
pair2-dev-54400,W110,2,G,S5,joint_success,18,32,0.5625,0.39325591136852417,0.7183466888495926
pair2-dev-54400,W110,3,G,S5,success,14,32,0.4375,0.2816533111504073,0.6067440886314757
pair2-dev-54400,W110,3,G,S5,body_stable,31,32,0.96875,0.8425573617998795,0.9944621398359966
pair2-dev-54400,W110,3,G,S5,joint_success,14,32,0.4375,0.2816533111504073,0.6067440886314757
pair2-dev-54400,W120,0,C,F,success,32,32,1.0,0.8928208017449346,1.0
pair2-dev-54400,W120,0,C,F,body_stable,32,32,1.0,0.8928208017449346,1.0
pair2-dev-54400,W120,0,C,F,joint_success,32,32,1.0,0.8928208017449346,1.0
pair2-dev-54400,W120,1,C,F,success,32,32,1.0,0.8928208017449346,1.0
pair2-dev-54400,W120,1,C,F,body_stable,21,32,0.65625,0.48311087978962686,0.7958956207556651
pair2-dev-54400,W120,1,C,F,joint_success,21,32,0.65625,0.48311087978962686,0.7958956207556651
pair2-dev-54400,W120,2,C,F,success,32,32,1.0,0.8928208017449346,1.0
pair2-dev-54400,W120,2,C,F,body_stable,31,32,0.96875,0.8425573617998795,0.9944621398359966
pair2-dev-54400,W120,2,C,F,joint_success,31,32,0.96875,0.8425573617998795,0.9944621398359966
pair2-dev-54400,W120,3,C,F,success,32,32,1.0,0.8928208017449346,1.0
pair2-dev-54400,W120,3,C,F,body_stable,29,32,0.90625,0.7578184527161265,0.9675984487016329
pair2-dev-54400,W120,3,C,F,joint_success,29,32,0.90625,0.7578184527161265,0.9675984487016329
pair2-dev-54400,W120,0,C,S2,success,30,32,0.9375,0.7985287685584593,0.9826894329683585
pair2-dev-54400,W120,0,C,S2,body_stable,31,32,0.96875,0.8425573617998795,0.9944621398359966
pair2-dev-54400,W120,0,C,S2,joint_success,30,32,0.9375,0.7985287685584593,0.9826894329683585
pair2-dev-54400,W120,1,C,S2,success,21,32,0.65625,0.48311087978962686,0.7958956207556651
pair2-dev-54400,W120,1,C,S2,body_stable,32,32,1.0,0.8928208017449346,1.0
pair2-dev-54400,W120,1,C,S2,joint_success,21,32,0.65625,0.48311087978962686,0.7958956207556651
pair2-dev-54400,W120,2,C,S2,success,29,32,0.90625,0.7578184527161265,0.9675984487016329
pair2-dev-54400,W120,2,C,S2,body_stable,32,32,1.0,0.8928208017449346,1.0
pair2-dev-54400,W120,2,C,S2,joint_success,29,32,0.90625,0.7578184527161265,0.9675984487016329
pair2-dev-54400,W120,3,C,S2,success,4,32,0.125,0.049701343874801934,0.280683054816497
pair2-dev-54400,W120,3,C,S2,body_stable,31,32,0.96875,0.8425573617998795,0.9944621398359966
pair2-dev-54400,W120,3,C,S2,joint_success,4,32,0.125,0.049701343874801934,0.280683054816497
pair2-dev-54400,W120,0,C,S5,success,32,32,1.0,0.8928208017449346,1.0
pair2-dev-54400,W120,0,C,S5,body_stable,32,32,1.0,0.8928208017449346,1.0
pair2-dev-54400,W120,0,C,S5,joint_success,32,32,1.0,0.8928208017449346,1.0
pair2-dev-54400,W120,1,C,S5,success,19,32,0.59375,0.42260024875383306,0.7448036515733422
pair2-dev-54400,W120,1,C,S5,body_stable,27,32,0.84375,0.6824585040247012,0.9313557971749414
pair2-dev-54400,W120,1,C,S5,joint_success,19,32,0.59375,0.42260024875383306,0.7448036515733422
pair2-dev-54400,W120,2,C,S5,success,28,32,0.875,0.7193169451835029,0.950298656125198
pair2-dev-54400,W120,2,C,S5,body_stable,32,32,1.0,0.8928208017449346,1.0
pair2-dev-54400,W120,2,C,S5,joint_success,28,32,0.875,0.7193169451835029,0.950298656125198
pair2-dev-54400,W120,3,C,S5,success,0,32,0.0,0.0,0.10717919825506533
pair2-dev-54400,W120,3,C,S5,body_stable,32,32,1.0,0.8928208017449346,1.0
pair2-dev-54400,W120,3,C,S5,joint_success,0,32,0.0,0.0,0.10717919825506533
pair2-dev-54400,W120,0,G,F,success,32,32,1.0,0.8928208017449346,1.0
pair2-dev-54400,W120,0,G,F,body_stable,31,32,0.96875,0.8425573617998795,0.9944621398359966
pair2-dev-54400,W120,0,G,F,joint_success,31,32,0.96875,0.8425573617998795,0.9944621398359966
pair2-dev-54400,W120,1,G,F,success,32,32,1.0,0.8928208017449346,1.0
pair2-dev-54400,W120,1,G,F,body_stable,14,32,0.4375,0.2816533111504073,0.6067440886314757
pair2-dev-54400,W120,1,G,F,joint_success,14,32,0.4375,0.2816533111504073,0.6067440886314757
pair2-dev-54400,W120,2,G,F,success,32,32,1.0,0.8928208017449346,1.0
pair2-dev-54400,W120,2,G,F,body_stable,32,32,1.0,0.8928208017449346,1.0
pair2-dev-54400,W120,2,G,F,joint_success,32,32,1.0,0.8928208017449346,1.0
pair2-dev-54400,W120,3,G,F,success,31,32,0.96875,0.8425573617998795,0.9944621398359966
pair2-dev-54400,W120,3,G,F,body_stable,21,32,0.65625,0.48311087978962686,0.7958956207556651
pair2-dev-54400,W120,3,G,F,joint_success,21,32,0.65625,0.48311087978962686,0.7958956207556651
pair2-dev-54400,W120,0,G,S2,success,26,32,0.8125,0.6469084479862455,0.9111045531043387
pair2-dev-54400,W120,0,G,S2,body_stable,32,32,1.0,0.8928208017449346,1.0
pair2-dev-54400,W120,0,G,S2,joint_success,26,32,0.8125,0.6469084479862455,0.9111045531043387
pair2-dev-54400,W120,1,G,S2,success,27,32,0.84375,0.6824585040247012,0.9313557971749414
pair2-dev-54400,W120,1,G,S2,body_stable,32,32,1.0,0.8928208017449346,1.0
pair2-dev-54400,W120,1,G,S2,joint_success,27,32,0.84375,0.6824585040247012,0.9313557971749414
pair2-dev-54400,W120,2,G,S2,success,21,32,0.65625,0.48311087978962686,0.7958956207556651
pair2-dev-54400,W120,2,G,S2,body_stable,32,32,1.0,0.8928208017449346,1.0
pair2-dev-54400,W120,2,G,S2,joint_success,21,32,0.65625,0.48311087978962686,0.7958956207556651
pair2-dev-54400,W120,3,G,S2,success,13,32,0.40625,0.25519634842665784,0.5773997512461668
pair2-dev-54400,W120,3,G,S2,body_stable,29,32,0.90625,0.7578184527161265,0.9675984487016329
pair2-dev-54400,W120,3,G,S2,joint_success,13,32,0.40625,0.25519634842665784,0.5773997512461668
pair2-dev-54400,W120,0,G,S5,success,30,32,0.9375,0.7985287685584593,0.9826894329683585
pair2-dev-54400,W120,0,G,S5,body_stable,32,32,1.0,0.8928208017449346,1.0
pair2-dev-54400,W120,0,G,S5,joint_success,30,32,0.9375,0.7985287685584593,0.9826894329683585
pair2-dev-54400,W120,1,G,S5,success,29,32,0.90625,0.7578184527161265,0.9675984487016329
pair2-dev-54400,W120,1,G,S5,body_stable,32,32,1.0,0.8928208017449346,1.0
pair2-dev-54400,W120,1,G,S5,joint_success,29,32,0.90625,0.7578184527161265,0.9675984487016329
pair2-dev-54400,W120,2,G,S5,success,20,32,0.625,0.4525440735307791,0.7706611269054546
pair2-dev-54400,W120,2,G,S5,body_stable,32,32,1.0,0.8928208017449346,1.0
pair2-dev-54400,W120,2,G,S5,joint_success,20,32,0.625,0.4525440735307791,0.7706611269054546
pair2-dev-54400,W120,3,G,S5,success,9,32,0.28125,0.15564580497743027,0.45374509425916076
pair2-dev-54400,W120,3,G,S5,body_stable,31,32,0.96875,0.8425573617998795,0.9944621398359966
pair2-dev-54400,W120,3,G,S5,joint_success,9,32,0.28125,0.15564580497743027,0.45374509425916076
pair2-dev-54400,baseline,0,C,F,success,32,32,1.0,0.8928208017449346,1.0
pair2-dev-54400,baseline,0,C,F,body_stable,31,32,0.96875,0.8425573617998795,0.9944621398359966
pair2-dev-54400,baseline,0,C,F,joint_success,31,32,0.96875,0.8425573617998795,0.9944621398359966
pair2-dev-54400,baseline,1,C,F,success,32,32,1.0,0.8928208017449346,1.0
pair2-dev-54400,baseline,1,C,F,body_stable,29,32,0.90625,0.7578184527161265,0.9675984487016329
pair2-dev-54400,baseline,1,C,F,joint_success,29,32,0.90625,0.7578184527161265,0.9675984487016329
pair2-dev-54400,baseline,2,C,F,success,32,32,1.0,0.8928208017449346,1.0
pair2-dev-54400,baseline,2,C,F,body_stable,32,32,1.0,0.8928208017449346,1.0
pair2-dev-54400,baseline,2,C,F,joint_success,32,32,1.0,0.8928208017449346,1.0
pair2-dev-54400,baseline,3,C,F,success,32,32,1.0,0.8928208017449346,1.0
pair2-dev-54400,baseline,3,C,F,body_stable,32,32,1.0,0.8928208017449346,1.0
pair2-dev-54400,baseline,3,C,F,joint_success,32,32,1.0,0.8928208017449346,1.0
pair2-dev-54400,baseline,0,C,S2,success,32,32,1.0,0.8928208017449346,1.0
pair2-dev-54400,baseline,0,C,S2,body_stable,32,32,1.0,0.8928208017449346,1.0
pair2-dev-54400,baseline,0,C,S2,joint_success,32,32,1.0,0.8928208017449346,1.0
pair2-dev-54400,baseline,1,C,S2,success,26,32,0.8125,0.6469084479862455,0.9111045531043387
pair2-dev-54400,baseline,1,C,S2,body_stable,31,32,0.96875,0.8425573617998795,0.9944621398359966
pair2-dev-54400,baseline,1,C,S2,joint_success,26,32,0.8125,0.6469084479862455,0.9111045531043387
pair2-dev-54400,baseline,2,C,S2,success,30,32,0.9375,0.7985287685584593,0.9826894329683585
pair2-dev-54400,baseline,2,C,S2,body_stable,32,32,1.0,0.8928208017449346,1.0
pair2-dev-54400,baseline,2,C,S2,joint_success,30,32,0.9375,0.7985287685584593,0.9826894329683585
pair2-dev-54400,baseline,3,C,S2,success,23,32,0.71875,0.5462549057408392,0.8443541950225697
pair2-dev-54400,baseline,3,C,S2,body_stable,31,32,0.96875,0.8425573617998795,0.9944621398359966
pair2-dev-54400,baseline,3,C,S2,joint_success,23,32,0.71875,0.5462549057408392,0.8443541950225697
pair2-dev-54400,baseline,0,C,S5,success,30,32,0.9375,0.7985287685584593,0.9826894329683585
pair2-dev-54400,baseline,0,C,S5,body_stable,30,32,0.9375,0.7985287685584593,0.9826894329683585
pair2-dev-54400,baseline,0,C,S5,joint_success,30,32,0.9375,0.7985287685584593,0.9826894329683585
pair2-dev-54400,baseline,1,C,S5,success,16,32,0.5,0.3363088286932788,0.6636911713067212
pair2-dev-54400,baseline,1,C,S5,body_stable,19,32,0.59375,0.42260024875383306,0.7448036515733422
pair2-dev-54400,baseline,1,C,S5,joint_success,16,32,0.5,0.3363088286932788,0.6636911713067212
pair2-dev-54400,baseline,2,C,S5,success,29,32,0.90625,0.7578184527161265,0.9675984487016329
pair2-dev-54400,baseline,2,C,S5,body_stable,32,32,1.0,0.8928208017449346,1.0
pair2-dev-54400,baseline,2,C,S5,joint_success,29,32,0.90625,0.7578184527161265,0.9675984487016329
pair2-dev-54400,baseline,3,C,S5,success,25,32,0.78125,0.6124500635075697,0.889761637473956
pair2-dev-54400,baseline,3,C,S5,body_stable,32,32,1.0,0.8928208017449346,1.0
pair2-dev-54400,baseline,3,C,S5,joint_success,25,32,0.78125,0.6124500635075697,0.889761637473956
pair2-dev-54400,baseline,0,G,F,success,32,32,1.0,0.8928208017449346,1.0
pair2-dev-54400,baseline,0,G,F,body_stable,30,32,0.9375,0.7985287685584593,0.9826894329683585
pair2-dev-54400,baseline,0,G,F,joint_success,30,32,0.9375,0.7985287685584593,0.9826894329683585
pair2-dev-54400,baseline,1,G,F,success,32,32,1.0,0.8928208017449346,1.0
pair2-dev-54400,baseline,1,G,F,body_stable,15,32,0.46875,0.30869387108069224,0.6355048288102494
pair2-dev-54400,baseline,1,G,F,joint_success,15,32,0.46875,0.30869387108069224,0.6355048288102494
pair2-dev-54400,baseline,2,G,F,success,32,32,1.0,0.8928208017449346,1.0
pair2-dev-54400,baseline,2,G,F,body_stable,32,32,1.0,0.8928208017449346,1.0
pair2-dev-54400,baseline,2,G,F,joint_success,32,32,1.0,0.8928208017449346,1.0
pair2-dev-54400,baseline,3,G,F,success,32,32,1.0,0.8928208017449346,1.0
pair2-dev-54400,baseline,3,G,F,body_stable,31,32,0.96875,0.8425573617998795,0.9944621398359966
pair2-dev-54400,baseline,3,G,F,joint_success,31,32,0.96875,0.8425573617998795,0.9944621398359966
pair2-dev-54400,baseline,0,G,S2,success,25,32,0.78125,0.6124500635075697,0.889761637473956
pair2-dev-54400,baseline,0,G,S2,body_stable,31,32,0.96875,0.8425573617998795,0.9944621398359966
pair2-dev-54400,baseline,0,G,S2,joint_success,25,32,0.78125,0.6124500635075697,0.889761637473956
pair2-dev-54400,baseline,1,G,S2,success,22,32,0.6875,0.5143332169904506,0.8204745836638998
pair2-dev-54400,baseline,1,G,S2,body_stable,29,32,0.90625,0.7578184527161265,0.9675984487016329
pair2-dev-54400,baseline,1,G,S2,joint_success,22,32,0.6875,0.5143332169904506,0.8204745836638998
pair2-dev-54400,baseline,2,G,S2,success,22,32,0.6875,0.5143332169904506,0.8204745836638998
pair2-dev-54400,baseline,2,G,S2,body_stable,32,32,1.0,0.8928208017449346,1.0
pair2-dev-54400,baseline,2,G,S2,joint_success,22,32,0.6875,0.5143332169904506,0.8204745836638998
pair2-dev-54400,baseline,3,G,S2,success,27,32,0.84375,0.6824585040247012,0.9313557971749414
pair2-dev-54400,baseline,3,G,S2,body_stable,32,32,1.0,0.8928208017449346,1.0
pair2-dev-54400,baseline,3,G,S2,joint_success,27,32,0.84375,0.6824585040247012,0.9313557971749414
pair2-dev-54400,baseline,0,G,S5,success,32,32,1.0,0.8928208017449346,1.0
pair2-dev-54400,baseline,0,G,S5,body_stable,32,32,1.0,0.8928208017449346,1.0
pair2-dev-54400,baseline,0,G,S5,joint_success,32,32,1.0,0.8928208017449346,1.0
pair2-dev-54400,baseline,1,G,S5,success,32,32,1.0,0.8928208017449346,1.0
pair2-dev-54400,baseline,1,G,S5,body_stable,32,32,1.0,0.8928208017449346,1.0
pair2-dev-54400,baseline,1,G,S5,joint_success,32,32,1.0,0.8928208017449346,1.0
pair2-dev-54400,baseline,2,G,S5,success,22,32,0.6875,0.5143332169904506,0.8204745836638998
pair2-dev-54400,baseline,2,G,S5,body_stable,32,32,1.0,0.8928208017449346,1.0
pair2-dev-54400,baseline,2,G,S5,joint_success,22,32,0.6875,0.5143332169904506,0.8204745836638998
pair2-dev-54400,baseline,3,G,S5,success,28,32,0.875,0.7193169451835029,0.950298656125198
pair2-dev-54400,baseline,3,G,S5,body_stable,32,32,1.0,0.8928208017449346,1.0
pair2-dev-54400,baseline,3,G,S5,joint_success,28,32,0.875,0.7193169451835029,0.950298656125198
