run,metric,interactions,value
mg_A_seed2801,rewards/step,163840,-53.673828125
mg_A_seed2801,rewards/step,327680,-57.22100830078125
mg_A_seed2801,rewards/step,491520,-58.71638488769531
mg_A_seed2801,rewards/step,655360,-61.6580696105957
mg_A_seed2801,rewards/step,819200,-66.11933898925781
mg_A_seed2801,rewards/step,983040,-67.51312255859375
mg_A_seed2801,rewards/step,1146880,-69.75433349609375
mg_A_seed2801,rewards/step,1310720,-72.41950225830078
mg_A_seed2801,rewards/step,1474560,-74.65253448486328
mg_A_seed2801,rewards/step,1638400,-76.63056945800781
mg_A_seed2801,rewards/step,1802240,-81.86357879638672
mg_A_seed2801,rewards/step,1966080,-85.56478118896484
mg_A_seed2801,rewards/step,2129920,-91.2718276977539
mg_A_seed2801,rewards/step,2293760,-106.07495880126953
mg_A_seed2801,rewards/step,2457600,-118.75917053222656
mg_A_seed2801,rewards/step,2621440,-122.67303466796875
mg_A_seed2801,rewards/step,2785280,-131.92678833007812
mg_A_seed2801,rewards/step,2949120,-135.98374938964844
mg_A_seed2801,rewards/step,3112960,-77.37454223632812
mg_A_seed2801,rewards/step,3276800,-67.5610580444336
mg_A_seed2801,rewards/step,3440640,-64.42123413085938
mg_A_seed2801,rewards/step,3604480,-60.970672607421875
mg_A_seed2801,rewards/step,3768320,-59.371028900146484
mg_A_seed2801,rewards/step,3932160,-59.13235092163086
mg_A_seed2801,rewards/step,4096000,-57.93399429321289
mg_A_seed2801,rewards/step,4259840,-57.38705825805664
mg_A_seed2801,rewards/step,4423680,-56.443809509277344
mg_A_seed2801,rewards/step,4587520,-54.31711959838867
mg_A_seed2801,rewards/step,4751360,-52.57891082763672
mg_A_seed2801,rewards/step,4915200,-50.16437530517578
mg_A_seed2801,rewards/step,5079040,-48.244422912597656
mg_A_seed2801,rewards/step,5242880,-46.514007568359375
mg_A_seed2801,rewards/step,5406720,-44.192657470703125
mg_A_seed2801,rewards/step,5570560,-42.680259704589844
mg_A_seed2801,rewards/step,5734400,-40.21109390258789
mg_A_seed2801,rewards/step,5898240,-37.56156539916992
mg_A_seed2801,rewards/step,6062080,-35.144840240478516
mg_A_seed2801,rewards/step,6225920,15.954151153564453
mg_A_seed2801,rewards/step,6389760,21.113178253173828
mg_A_seed2801,rewards/step,6553600,24.355985641479492
mg_A_seed2801,rewards/step,6717440,25.833358764648438
mg_A_seed2801,rewards/step,6881280,26.99101448059082
mg_A_seed2801,rewards/step,7045120,27.368711471557617
mg_A_seed2801,rewards/step,7208960,28.046937942504883
mg_A_seed2801,rewards/step,7372800,28.442232131958008
mg_A_seed2801,rewards/step,7536640,28.924747467041016
mg_A_seed2801,rewards/step,7700480,30.86058235168457
mg_A_seed2801,rewards/step,7864320,32.171913146972656
mg_A_seed2801,rewards/step,8028160,33.96843719482422
mg_A_seed2801,rewards/step,8192000,35.92202377319336
mg_A_seed2801,rewards/step,8355840,37.51438903808594
mg_A_seed2801,rewards/step,8519680,39.32575988769531
mg_A_seed2801,rewards/step,8683520,40.28550720214844
mg_A_seed2801,rewards/step,8847360,41.99272537231445
mg_A_seed2801,rewards/step,9011200,44.28491973876953
mg_A_seed2801,rewards/step,9175040,45.59091567993164
mg_A_seed2801,rewards/step,9338880,75.03449249267578
mg_A_seed2801,rewards/step,9502720,78.339599609375
mg_A_seed2801,rewards/step,9666560,79.86572265625
mg_A_seed2801,rewards/step,9830400,80.62103271484375
mg_A_seed2801,rewards/step,9994240,81.09418487548828
mg_A_seed2801,rewards/step,10158080,81.258056640625
mg_A_seed2801,rewards/step,10321920,81.8465805053711
mg_A_seed2801,rewards/step,10485760,82.1806411743164
mg_A_seed2801,rewards/step,10649600,82.87739562988281
mg_A_seed2801,rewards/step,10813440,84.51679229736328
mg_A_seed2801,rewards/step,10977280,85.591552734375
mg_A_seed2801,rewards/step,11141120,86.86768341064453
mg_A_seed2801,rewards/step,11304960,88.3858871459961
mg_A_seed2801,rewards/step,11468800,90.0156021118164
mg_A_seed2801,rewards/step,11632640,91.42398834228516
mg_A_seed2801,rewards/step,11796480,92.6947250366211
mg_A_seed2801,rewards/step,11960320,94.22588348388672
mg_A_seed2801,rewards/step,12124160,96.27637481689453
mg_A_seed2801,rewards/step,12288000,116.53910064697266
mg_A_seed2801,rewards/step,12451840,120.92333221435547
mg_A_seed2801,rewards/step,12615680,123.6849594116211
mg_A_seed2801,rewards/step,12779520,125.0991439819336
mg_A_seed2801,rewards/step,12943360,125.53269958496094
mg_A_seed2801,rewards/step,13107200,126.03455352783203
mg_A_seed2801,rewards/step,13271040,126.46146392822266
mg_A_seed2801,rewards/step,13434880,127.15776062011719
mg_A_seed2801,rewards/step,13598720,127.6706771850586
mg_A_seed2801,rewards/step,13762560,128.5277557373047
mg_A_seed2801,rewards/step,13926400,129.769287109375
mg_A_seed2801,rewards/step,14090240,130.69288635253906
mg_A_seed2801,rewards/step,14254080,132.08558654785156
mg_A_seed2801,rewards/step,14417920,133.20896911621094
mg_A_seed2801,rewards/step,14581760,134.97711181640625
mg_A_seed2801,rewards/step,14745600,136.44113159179688
mg_A_seed2801,rewards/step,14909440,137.77615356445312
mg_A_seed2801,rewards/step,15073280,139.42970275878906
mg_A_seed2801,rewards/step,15237120,141.17269897460938
mg_A_seed2801,rewards/step,15400960,156.93138122558594
mg_A_seed2801,rewards/step,15564800,161.21893310546875
mg_A_seed2801,rewards/step,15728640,162.73672485351562
mg_A_seed2801,rewards/step,15892480,163.68295288085938
mg_A_seed2801,rewards/step,16056320,163.942626953125
mg_A_seed2801,rewards/step,16220160,164.4627227783203
mg_A_seed2801,rewards/step,16384000,165.03671264648438
mg_A_seed2801,rewards/step,16547840,165.49249267578125
mg_A_seed2801,rewards/step,16711680,165.8250732421875
mg_A_seed2801,rewards/step,16875520,166.99472045898438
mg_A_seed2801,rewards/step,17039360,167.66177368164062
mg_A_seed2801,rewards/step,17203200,168.5488739013672
mg_A_seed2801,rewards/step,17367040,169.7183074951172
mg_A_seed2801,rewards/step,17530880,170.95294189453125
mg_A_seed2801,rewards/step,17694720,172.37925720214844
mg_A_seed2801,rewards/step,17858560,173.37875366210938
mg_A_seed2801,rewards/step,18022400,174.7834930419922
mg_A_seed2801,rewards/step,18186240,176.31739807128906
mg_A_seed2801,rewards/step,18350080,178.05703735351562
mg_A_seed2801,rewards/step,18513920,191.8020782470703
mg_A_seed2801,rewards/step,18677760,194.6697235107422
mg_A_seed2801,rewards/step,18841600,195.92308044433594
mg_A_seed2801,rewards/step,19005440,196.5634307861328
mg_A_seed2801,rewards/step,19169280,196.8123321533203
mg_A_seed2801,rewards/step,19333120,197.3103485107422
mg_A_seed2801,rewards/step,19496960,197.7308349609375
mg_A_seed2801,rewards/step,19660800,198.1203155517578
mg_A_seed2801,rewards/step,19824640,198.6267547607422
mg_A_seed2801,rewards/step,19988480,199.46566772460938
mg_A_seed2801,rewards/step,20152320,200.22874450683594
mg_A_seed2801,rewards/step,20316160,200.94259643554688
mg_A_seed2801,rewards/step,20480000,202.106201171875
mg_A_seed2801,rewards/step,20643840,202.96629333496094
mg_A_seed2801,rewards/step,20807680,204.00306701660156
mg_A_seed2801,rewards/step,20971520,204.79222106933594
mg_A_seed2801,rewards/step,21135360,205.90573120117188
mg_A_seed2801,rewards/step,21299200,207.37057495117188
mg_A_seed2801,rewards/step,21463040,208.54344177246094
mg_A_seed2801,rewards/step,21626880,219.9849395751953
mg_A_seed2801,rewards/step,21790720,221.75352478027344
mg_A_seed2801,rewards/step,21954560,222.8979949951172
mg_A_seed2801,rewards/step,22118400,223.51458740234375
mg_A_seed2801,rewards/step,22282240,223.92015075683594
mg_A_seed2801,rewards/step,22446080,224.2103271484375
mg_A_seed2801,rewards/step,22609920,224.75526428222656
mg_A_seed2801,rewards/step,22773760,225.03671264648438
mg_A_seed2801,rewards/step,22937600,225.61204528808594
mg_A_seed2801,rewards/step,23101440,226.52981567382812
mg_A_seed2801,rewards/step,23265280,227.3120574951172
mg_A_seed2801,rewards/step,23429120,228.00535583496094
mg_A_seed2801,rewards/step,23592960,228.96543884277344
mg_A_seed2801,rewards/step,23756800,229.83920288085938
mg_A_seed2801,rewards/step,23920640,230.42416381835938
mg_A_seed2801,rewards/step,24084480,231.24807739257812
mg_A_seed2801,rewards/step,24248320,232.56312561035156
mg_A_seed2801,rewards/step,24412160,234.05245971679688
mg_A_seed2801,rewards/step,24576000,240.7514190673828
mg_A_seed2801,rewards/step,24739840,243.76797485351562
mg_A_seed2801,rewards/step,24903680,245.04661560058594
mg_A_seed2801,rewards/step,25067520,245.82603454589844
mg_A_seed2801,rewards/step,25231360,246.1117706298828
mg_A_seed2801,rewards/step,25395200,246.4672088623047
mg_A_seed2801,rewards/step,25559040,246.9744415283203
mg_A_seed2801,rewards/step,25722880,247.4893035888672
mg_A_seed2801,rewards/step,25886720,247.43145751953125
mg_A_seed2801,rewards/step,26050560,248.3501434326172
mg_A_seed2801,rewards/step,26214400,249.15728759765625
mg_A_seed2801,rewards/step,26378240,249.80105590820312
mg_A_seed2801,rewards/step,26542080,250.4073944091797
mg_A_seed2801,rewards/step,26705920,251.05279541015625
mg_A_seed2801,rewards/step,26869760,252.16551208496094
mg_A_seed2801,rewards/step,27033600,253.01370239257812
mg_A_seed2801,rewards/step,27197440,253.63511657714844
mg_A_seed2801,rewards/step,27361280,254.77645874023438
mg_A_seed2801,rewards/step,27525120,256.1357421875
mg_A_seed2801,rewards/step,27688960,263.00299072265625
mg_A_seed2801,rewards/step,27852800,264.5203857421875
mg_A_seed2801,rewards/step,28016640,265.4715576171875
mg_A_seed2801,rewards/step,28180480,266.350830078125
mg_A_seed2801,rewards/step,28344320,266.43963623046875
mg_A_seed2801,rewards/step,28508160,266.687744140625
mg_A_seed2801,rewards/step,28672000,266.8505859375
mg_A_seed2801,rewards/step,28835840,266.047607421875
mg_A_seed2801,rewards/step,28999680,266.53143310546875
mg_A_seed2801,rewards/step,29163520,266.9039611816406
mg_A_seed2801,rewards/step,29327360,267.5884704589844
mg_A_seed2801,rewards/step,29491200,268.6157531738281
mg_A_seed2801,rewards/step,29655040,269.6229248046875
mg_A_seed2801,rewards/step,29818880,270.3548583984375
mg_A_seed2801,rewards/step,29982720,271.10552978515625
mg_A_seed2801,rewards/step,30146560,272.012451171875
mg_A_seed2801,rewards/step,30310400,272.9809875488281
mg_A_seed2801,rewards/step,30474240,274.3293151855469
mg_A_seed2801,rewards/step,30638080,275.9153137207031
mg_A_seed2801,rewards/step,30801920,284.0887145996094
mg_A_seed2801,rewards/step,30965760,286.0843811035156
mg_A_seed2801,rewards/step,31129600,286.5264587402344
mg_A_seed2801,rewards/step,31293440,287.2637634277344
mg_A_seed2801,rewards/step,31457280,287.36151123046875
mg_A_seed2801,rewards/step,31621120,287.9245300292969
mg_A_seed2801,rewards/step,31784960,287.7975158691406
mg_A_seed2801,rewards/step,31948800,288.3423156738281
mg_A_seed2801,rewards/step,32112640,288.8525390625
mg_A_seed2801,rewards/step,32276480,289.68975830078125
mg_A_seed2801,rewards/step,32440320,290.698486328125
mg_A_seed2801,rewards/step,32604160,291.3106689453125
mg_A_seed2801,rewards/step,32768000,291.4091491699219
mg_A_seed2801,rewards/step,32931840,291.960693359375
mg_A_seed2801,rewards/step,33095680,292.95050048828125
mg_A_seed2801,rewards/step,33259520,293.5465087890625
mg_A_seed2801,rewards/step,33423360,294.20880126953125
mg_A_seed2801,rewards/step,33587200,295.6099548339844
mg_A_seed2801,rewards/step,33751040,296.47320556640625
mg_A_seed2801,rewards/step,33914880,306.0848083496094
mg_A_seed2801,rewards/step,34078720,307.70782470703125
mg_A_seed2801,rewards/step,34242560,308.4524841308594
mg_A_seed2801,rewards/step,34406400,308.9117736816406
mg_A_seed2801,rewards/step,34570240,309.3633728027344
mg_A_seed2801,rewards/step,34734080,309.3196716308594
mg_A_seed2801,rewards/step,34897920,309.565673828125
mg_A_seed2801,rewards/step,35061760,309.5984191894531
mg_A_seed2801,rewards/step,35225600,309.9539489746094
mg_A_seed2801,rewards/step,35389440,310.38348388671875
mg_A_seed2801,rewards/step,35553280,311.28570556640625
mg_A_seed2801,rewards/step,35717120,312.0160827636719
mg_A_seed2801,rewards/step,35880960,312.5491943359375
mg_A_seed2801,rewards/step,36044800,313.453857421875
mg_A_seed2801,rewards/step,36208640,314.6345520019531
mg_A_seed2801,rewards/step,36372480,315.40777587890625
mg_A_seed2801,rewards/step,36536320,316.4411315917969
mg_A_seed2801,rewards/step,36700160,317.1506652832031
mg_A_seed2801,rewards/step,36864000,325.0633239746094
mg_A_seed2801,rewards/step,37027840,328.19818115234375
mg_A_seed2801,rewards/step,37191680,329.175048828125
mg_A_seed2801,rewards/step,37355520,330.4991149902344
mg_A_seed2801,rewards/step,37519360,330.4874267578125
mg_A_seed2801,rewards/step,37683200,330.7757263183594
mg_A_seed2801,rewards/step,37847040,330.6895446777344
mg_A_seed2801,rewards/step,38010880,330.7824401855469
mg_A_seed2801,rewards/step,38174720,330.89068603515625
mg_A_seed2801,rewards/step,38338560,331.0000915527344
mg_A_seed2801,rewards/step,38502400,331.68646240234375
mg_A_seed2801,rewards/step,38666240,332.2452392578125
mg_A_seed2801,rewards/step,38830080,332.81201171875
mg_A_seed2801,rewards/step,38993920,333.5705261230469
mg_A_seed2801,rewards/step,39157760,334.3879089355469
mg_A_seed2801,rewards/step,39321600,334.83673095703125
mg_A_seed2801,rewards/step,39485440,335.243896484375
mg_A_seed2801,rewards/step,39649280,336.67926025390625
mg_A_seed2801,rewards/step,39813120,337.58843994140625
mg_A_seed2801,rewards/step,39976960,344.0586242675781
mg_A_seed2801,rewards/step,40140800,346.9061279296875
mg_A_seed2801,rewards/step,40304640,347.09014892578125
mg_A_seed2801,rewards/step,40468480,347.2892150878906
mg_A_seed2801,rewards/step,40632320,347.4971923828125
mg_A_seed2801,rewards/step,40796160,347.59228515625
mg_A_seed2801,rewards/step,40960000,348.18658447265625
mg_A_seed2801,rewards/step,41123840,348.52606201171875
mg_A_seed2801,rewards/step,41287680,348.7101745605469
mg_A_seed2801,rewards/step,41451520,349.2224426269531
mg_A_seed2801,rewards/step,41615360,349.07598876953125
mg_A_seed2801,rewards/step,41779200,349.6857604980469
mg_A_seed2801,rewards/step,41943040,350.3199462890625
mg_A_seed2801,rewards/step,42106880,350.8741149902344
mg_A_seed2801,rewards/step,42270720,351.5520935058594
mg_A_seed2801,rewards/step,42434560,352.0726623535156
mg_A_seed2801,rewards/step,42598400,352.5400695800781
mg_A_seed2801,rewards/step,42762240,353.3349914550781
mg_A_seed2801,rewards/step,42926080,354.0094909667969
mg_A_seed2801,rewards/step,43089920,358.9125061035156
mg_A_seed2801,rewards/step,43253760,360.54473876953125
mg_A_seed2801,rewards/step,43417600,361.3289489746094
mg_A_seed2801,rewards/step,43581440,361.548828125
mg_A_seed2801,rewards/step,43745280,361.7877502441406
mg_A_seed2801,rewards/step,43909120,362.1561279296875
mg_A_seed2801,rewards/step,44072960,362.3274841308594
mg_A_seed2801,rewards/step,44236800,362.54498291015625
mg_A_seed2801,rewards/step,44400640,362.9307861328125
mg_A_seed2801,rewards/step,44564480,362.6298828125
mg_A_seed2801,rewards/step,44728320,362.7142028808594
mg_A_seed2801,rewards/step,44892160,363.0872497558594
mg_A_seed2801,rewards/step,45056000,363.4993591308594
mg_A_seed2801,rewards/step,45219840,364.041748046875
mg_A_seed2801,rewards/step,45383680,364.7389221191406
mg_A_seed2801,rewards/step,45547520,364.7294006347656
mg_A_seed2801,rewards/step,45711360,365.63470458984375
mg_A_seed2801,rewards/step,45875200,367.05010986328125
mg_A_seed2801,rewards/step,46039040,367.8439636230469
mg_A_seed2801,rewards/step,46202880,372.5480651855469
mg_A_seed2801,rewards/step,46366720,373.5058288574219
mg_A_seed2801,rewards/step,46530560,373.99261474609375
mg_A_seed2801,rewards/step,46694400,373.9825439453125
mg_A_seed2801,rewards/step,46858240,374.1568298339844
mg_A_seed2801,rewards/step,47022080,374.3084411621094
mg_A_seed2801,rewards/step,47185920,374.43853759765625
mg_A_seed2801,rewards/step,47349760,374.76983642578125
mg_A_seed2801,rewards/step,47513600,374.83270263671875
mg_A_seed2801,rewards/step,47677440,375.03466796875
mg_A_seed2801,rewards/step,47841280,375.24853515625
mg_A_seed2801,rewards/step,48005120,375.626708984375
mg_A_seed2801,rewards/step,48168960,375.9893798828125
mg_A_seed2801,rewards/step,48332800,376.3505859375
mg_A_seed2801,rewards/step,48496640,376.8347473144531
mg_A_seed2801,rewards/step,48660480,377.16107177734375
mg_A_seed2801,rewards/step,48824320,377.4224853515625
mg_A_seed2801,rewards/step,48988160,378.14990234375
mg_A_seed2801,rewards/step,49152000,381.2989807128906
mg_A_seed2801,rewards/step,49315840,382.14202880859375
mg_A_seed2801,rewards/step,49479680,382.545654296875
mg_A_seed2801,rewards/step,49643520,382.6466979980469
mg_A_seed2801,rewards/step,49807360,382.60723876953125
mg_A_seed2801,rewards/step,49971200,382.9220886230469
mg_A_seed2801,rewards/step,50135040,382.95635986328125
mg_A_seed2801,rewards/step,50298880,383.1397399902344
mg_A_seed2801,rewards/step,50462720,383.38140869140625
mg_A_seed2801,rewards/step,50626560,383.4696350097656
mg_A_seed2801,rewards/step,50790400,384.050048828125
mg_A_seed2801,rewards/step,50954240,384.644775390625
mg_A_seed2801,rewards/step,51118080,384.8940734863281
mg_A_seed2801,rewards/step,51281920,385.05474853515625
mg_A_seed2801,rewards/step,51445760,385.5835266113281
mg_A_seed2801,rewards/step,51609600,385.43682861328125
mg_A_seed2801,rewards/step,51773440,385.6382751464844
mg_A_seed2801,rewards/step,51937280,386.44366455078125
mg_A_seed2801,rewards/step,52101120,387.2414245605469
mg_A_seed2801,rewards/step,52264960,390.0343322753906
mg_A_seed2801,rewards/step,52428800,390.7498779296875
mg_A_seed2801,rewards/step,52592640,391.1036071777344
mg_A_seed2801,rewards/step,52756480,392.0097351074219
mg_A_seed2801,rewards/step,52920320,392.02825927734375
mg_A_seed2801,rewards/step,53084160,391.99627685546875
mg_A_seed2801,rewards/step,53248000,391.75152587890625
mg_A_seed2801,rewards/step,53411840,391.74005126953125
mg_A_seed2801,rewards/step,53575680,391.5538635253906
mg_A_seed2801,rewards/step,53739520,391.97607421875
mg_A_seed2801,rewards/step,53903360,392.4323425292969
mg_A_seed2801,rewards/step,54067200,392.8846740722656
mg_A_seed2801,rewards/step,54231040,393.16253662109375
mg_A_seed2801,rewards/step,54394880,393.3313293457031
mg_A_seed2801,rewards/step,54558720,393.7358703613281
mg_A_seed2801,rewards/step,54722560,394.1382751464844
mg_A_seed2801,rewards/step,54886400,394.08905029296875
mg_A_seed2801,rewards/step,55050240,394.4299621582031
mg_A_seed2801,rewards/step,55214080,394.6089172363281
mg_A_seed2801,rewards/step,55377920,399.4581604003906
mg_A_seed2801,rewards/step,55541760,399.82769775390625
mg_A_seed2801,rewards/step,55705600,399.9791259765625
mg_A_seed2801,rewards/step,55869440,400.11370849609375
mg_A_seed2801,rewards/step,56033280,400.2683410644531
mg_A_seed2801,rewards/step,56197120,400.3731689453125
mg_A_seed2801,rewards/step,56360960,400.35498046875
mg_A_seed2801,rewards/step,56524800,400.508544921875
mg_A_seed2801,rewards/step,56688640,400.80523681640625
mg_A_seed2801,rewards/step,56852480,401.3717956542969
mg_A_seed2801,rewards/step,57016320,401.6598205566406
mg_A_seed2801,rewards/step,57180160,402.107421875
mg_A_seed2801,rewards/step,57344000,402.6910400390625
mg_A_seed2801,rewards/step,57507840,402.696044921875
mg_A_seed2801,rewards/step,57671680,403.0268249511719
mg_A_seed2801,rewards/step,57835520,403.4745788574219
mg_A_seed2801,rewards/step,57999360,403.9568786621094
mg_A_seed2801,rewards/step,58163200,404.326171875
mg_A_seed2801,rewards/step,58327040,404.98394775390625
mg_A_seed2801,rewards/step,58490880,407.22723388671875
mg_A_seed2801,rewards/step,58654720,408.11883544921875
mg_A_seed2801,rewards/step,58818560,408.0982971191406
mg_A_seed2801,rewards/step,58982400,408.1469421386719
mg_A_seed2801,rewards/step,59146240,408.2450256347656
mg_A_seed2801,rewards/step,59310080,408.379150390625
mg_A_seed2801,rewards/step,59473920,408.17144775390625
mg_A_seed2801,rewards/step,59637760,408.18792724609375
mg_A_seed2801,rewards/step,59801600,408.5191345214844
mg_A_seed2801,rewards/step,59965440,408.466064453125
mg_A_seed2801,rewards/step,60129280,408.2939453125
mg_A_seed2801,rewards/step,60293120,408.4556579589844
mg_A_seed2801,rewards/step,60456960,408.7416687011719
mg_A_seed2801,rewards/step,60620800,409.2308654785156
mg_A_seed2801,rewards/step,60784640,409.89031982421875
mg_A_seed2801,rewards/step,60948480,410.1921691894531
mg_A_seed2801,rewards/step,61112320,410.9537048339844
mg_A_seed2801,rewards/step,61276160,411.2545471191406
mg_A_seed2801,rewards/step,61440000,414.9875793457031
mg_A_seed2801,rewards/step,61603840,415.35540771484375
mg_A_seed2801,rewards/step,61767680,415.66546630859375
mg_A_seed2801,rewards/step,61931520,416.0284118652344
mg_A_seed2801,rewards/step,62095360,416.0540771484375
mg_A_seed2801,rewards/step,62259200,416.10205078125
mg_A_seed2801,rewards/step,62423040,416.2869567871094
mg_A_seed2801,rewards/step,62586880,415.2571716308594
mg_A_seed2801,rewards/step,62750720,415.6900939941406
mg_A_seed2801,rewards/step,62914560,416.0452880859375
mg_A_seed2801,rewards/step,63078400,416.16748046875
mg_A_seed2801,rewards/step,63242240,416.4815368652344
mg_A_seed2801,rewards/step,63406080,416.7121276855469
mg_A_seed2801,rewards/step,63569920,416.57733154296875
mg_A_seed2801,rewards/step,63733760,417.2352600097656
mg_A_seed2801,rewards/step,63897600,417.4494934082031
mg_A_seed2801,rewards/step,64061440,418.17645263671875
mg_A_seed2801,rewards/step,64225280,418.1357727050781
mg_A_seed2801,rewards/step,64389120,418.54217529296875
mg_A_seed2801,rewards/step,64552960,421.3420104980469
mg_A_seed2801,rewards/step,64716800,421.6134033203125
mg_A_seed2801,rewards/step,64880640,421.86529541015625
mg_A_seed2801,rewards/step,65044480,422.3005676269531
mg_A_seed2801,rewards/step,65208320,422.19085693359375
mg_A_seed2801,rewards/step,65372160,422.2632751464844
mg_A_seed2801,rewards/step,65536000,422.0974426269531
mg_A_seed2801,rewards/step,65699840,422.2994689941406
mg_A_seed2801,rewards/step,65863680,422.40924072265625
mg_A_seed2801,rewards/step,66027520,422.6334533691406
mg_A_seed2801,rewards/step,66191360,422.75469970703125
mg_A_seed2801,rewards/step,66355200,423.2174987792969
mg_A_seed2801,rewards/step,66519040,423.8367004394531
mg_A_seed2801,rewards/step,66682880,423.9063415527344
mg_A_seed2801,rewards/step,66846720,424.33941650390625
mg_A_seed2801,rewards/step,67010560,424.6340637207031
mg_A_seed2801,rewards/step,67174400,425.1065673828125
mg_A_seed2801,rewards/step,67338240,425.76507568359375
mg_A_seed2801,rewards/step,67502080,426.5061950683594
mg_A_seed2801,rewards/step,67665920,430.6767578125
mg_A_seed2801,rewards/step,67829760,431.0625305175781
mg_A_seed2801,rewards/step,67993600,431.1942443847656
mg_A_seed2801,rewards/step,68157440,431.78271484375
mg_A_seed2801,rewards/step,68321280,431.71661376953125
mg_A_seed2801,rewards/step,68485120,431.9197998046875
mg_A_seed2801,rewards/step,68648960,432.047607421875
mg_A_seed2801,rewards/step,68812800,432.0735778808594
mg_A_seed2801,rewards/step,68976640,432.2298583984375
mg_A_seed2801,rewards/step,69140480,432.4222106933594
mg_A_seed2801,rewards/step,69304320,432.7414245605469
mg_A_seed2801,rewards/step,69468160,432.9801940917969
mg_A_seed2801,rewards/step,69632000,433.2542419433594
mg_A_seed2801,rewards/step,69795840,433.7077941894531
mg_A_seed2801,rewards/step,69959680,434.3132019042969
mg_A_seed2801,rewards/step,70123520,434.2735900878906
mg_A_seed2801,rewards/step,70287360,434.7283020019531
mg_A_seed2801,rewards/step,70451200,435.5596923828125
mg_A_seed2801,rewards/step,70615040,436.3490905761719
mg_A_seed2801,rewards/step,70778880,440.2121276855469
mg_A_seed2801,rewards/step,70942720,440.5013427734375
mg_A_seed2801,rewards/step,71106560,440.88006591796875
mg_A_seed2801,rewards/step,71270400,441.1017150878906
mg_A_seed2801,rewards/step,71434240,440.96832275390625
mg_A_seed2801,rewards/step,71598080,441.2145690917969
mg_A_seed2801,rewards/step,71761920,441.4171142578125
mg_A_seed2801,rewards/step,71925760,441.1152038574219
mg_A_seed2801,rewards/step,72089600,441.7785339355469
mg_A_seed2801,rewards/step,72253440,442.1520080566406
mg_A_seed2801,rewards/step,72417280,442.6819152832031
mg_A_seed2801,rewards/step,72581120,443.0389099121094
mg_A_seed2801,rewards/step,72744960,443.2344665527344
mg_A_seed2801,rewards/step,72908800,443.7303161621094
mg_A_seed2801,rewards/step,73072640,444.3200378417969
mg_A_seed2801,rewards/step,73236480,444.77679443359375
mg_A_seed2801,rewards/step,73400320,445.321044921875
mg_A_seed2801,rewards/step,73564160,445.9914855957031
mg_A_seed2801,rewards/step,73728000,449.51995849609375
mg_A_seed2801,rewards/step,73891840,450.5010070800781
mg_A_seed2801,rewards/step,74055680,450.9190673828125
mg_A_seed2801,rewards/step,74219520,451.5347900390625
mg_A_seed2801,rewards/step,74383360,451.77142333984375
mg_A_seed2801,rewards/step,74547200,451.9220275878906
mg_A_seed2801,rewards/step,74711040,452.0964050292969
mg_A_seed2801,rewards/step,74874880,452.41912841796875
mg_A_seed2801,rewards/step,75038720,452.3923645019531
mg_A_seed2801,rewards/step,75202560,452.9911193847656
mg_A_seed2801,rewards/step,75366400,453.363037109375
mg_A_seed2801,rewards/step,75530240,453.68377685546875
mg_A_seed2801,rewards/step,75694080,454.2745361328125
mg_A_seed2801,rewards/step,75857920,454.5290222167969
mg_A_seed2801,rewards/step,76021760,455.2304382324219
mg_A_seed2801,rewards/step,76185600,455.3228759765625
mg_A_seed2801,rewards/step,76349440,455.6253662109375
mg_A_seed2801,rewards/step,76513280,456.0089416503906
mg_A_seed2801,rewards/step,76677120,456.4288330078125
mg_A_seed2801,rewards/step,76840960,459.780029296875
mg_A_seed2801,rewards/step,77004800,460.4344482421875
mg_A_seed2801,rewards/step,77168640,460.5145263671875
mg_A_seed2801,rewards/step,77332480,460.86163330078125
mg_A_seed2801,rewards/step,77496320,461.1468811035156
mg_A_seed2801,rewards/step,77660160,461.0713195800781
mg_A_seed2801,rewards/step,77824000,461.3216247558594
mg_A_seed2801,rewards/step,77987840,461.7906494140625
mg_A_seed2801,rewards/step,78151680,462.229248046875
mg_A_seed2801,rewards/step,78315520,462.7406311035156
mg_A_seed2801,rewards/step,78479360,462.91375732421875
mg_A_seed2801,rewards/step,78643200,463.0089111328125
mg_A_seed2801,rewards/step,78807040,463.0955505371094
mg_A_seed2801,rewards/step,78970880,463.46466064453125
mg_A_seed2801,rewards/step,79134720,463.7113342285156
mg_A_seed2801,rewards/step,79298560,463.9722595214844
mg_A_seed2801,rewards/step,79462400,464.1797790527344
mg_A_seed2801,rewards/step,79626240,464.4810485839844
mg_A_seed2801,rewards/step,79790080,465.0408630371094
mg_A_seed2801,rewards/step,79953920,467.1311950683594
mg_A_seed2801,rewards/step,80117760,467.6756286621094
mg_A_seed2801,rewards/step,80281600,467.2767028808594
mg_A_seed2801,rewards/step,80445440,467.51873779296875
mg_A_seed2801,rewards/step,80609280,467.48858642578125
mg_A_seed2801,rewards/step,80773120,467.4150390625
mg_A_seed2801,rewards/step,80936960,467.1286926269531
mg_A_seed2801,rewards/step,81100800,467.3607482910156
mg_A_seed2801,rewards/step,81264640,467.7333984375
mg_A_seed2801,rewards/step,81428480,467.6292724609375
mg_A_seed2801,rewards/step,81592320,467.5128173828125
mg_A_seed2801,rewards/step,81756160,467.6900329589844
mg_A_seed2801,rewards/step,81920000,467.48858642578125
mg_A_seed2801,rewards/step,82083840,467.57452392578125
mg_A_seed2801,rewards/step,82247680,468.0624084472656
mg_A_seed2801,rewards/step,82411520,467.6095275878906
mg_A_seed2801,rewards/step,82575360,468.002197265625
mg_A_seed2801,rewards/step,82739200,468.4356994628906
mg_A_seed2801,rewards/step,82903040,468.5151062011719
mg_A_seed2801,rewards/step,83066880,470.5819396972656
mg_A_seed2801,rewards/step,83230720,470.69140625
mg_A_seed2801,rewards/step,83394560,470.7828674316406
mg_A_seed2801,rewards/step,83558400,471.0035400390625
mg_A_seed2801,rewards/step,83722240,470.9048156738281
mg_A_seed2801,rewards/step,83886080,470.8722839355469
mg_A_seed2801,rewards/step,84049920,471.0395812988281
mg_A_seed2801,rewards/step,84213760,471.1391906738281
mg_A_seed2801,rewards/step,84377600,471.2730407714844
mg_A_seed2801,rewards/step,84541440,471.145751953125
mg_A_seed2801,rewards/step,84705280,471.3960266113281
mg_A_seed2801,rewards/step,84869120,471.5469665527344
mg_A_seed2801,rewards/step,85032960,472.144775390625
mg_A_seed2801,rewards/step,85196800,472.6808166503906
mg_A_seed2801,rewards/step,85360640,472.8597717285156
mg_A_seed2801,rewards/step,85524480,473.187255859375
mg_A_seed2801,rewards/step,85688320,473.62298583984375
mg_A_seed2801,rewards/step,85852160,473.9207763671875
mg_A_seed2801,rewards/step,86016000,475.4958190917969
mg_A_seed2801,rewards/step,86179840,475.72198486328125
mg_A_seed2801,rewards/step,86343680,475.843994140625
mg_A_seed2801,rewards/step,86507520,476.04852294921875
mg_A_seed2801,rewards/step,86671360,476.083984375
mg_A_seed2801,rewards/step,86835200,476.10992431640625
mg_A_seed2801,rewards/step,86999040,475.81732177734375
mg_A_seed2801,rewards/step,87162880,475.8125
mg_A_seed2801,rewards/step,87326720,475.8686218261719
mg_A_seed2801,rewards/step,87490560,476.2784423828125
mg_A_seed2801,rewards/step,87654400,476.54510498046875
mg_A_seed2801,rewards/step,87818240,476.5076599121094
mg_A_seed2801,rewards/step,87982080,476.3934631347656
mg_A_seed2801,rewards/step,88145920,476.5711669921875
mg_A_seed2801,rewards/step,88309760,476.6980895996094
mg_A_seed2801,rewards/step,88473600,476.97906494140625
mg_A_seed2801,rewards/step,88637440,477.2230224609375
mg_A_seed2801,rewards/step,88801280,477.2297058105469
mg_A_seed2801,rewards/step,88965120,477.6442565917969
mg_A_seed2801,rewards/step,89128960,480.1241149902344
mg_A_seed2801,rewards/step,89292800,479.9174499511719
mg_A_seed2801,rewards/step,89456640,480.0067443847656
mg_A_seed2801,rewards/step,89620480,480.4048767089844
mg_A_seed2801,rewards/step,89784320,480.513916015625
mg_A_seed2801,rewards/step,89948160,480.6335754394531
mg_A_seed2801,rewards/step,90112000,480.5143737792969
mg_A_seed2801,rewards/step,90275840,480.8368835449219
mg_A_seed2801,rewards/step,90439680,480.6090393066406
mg_A_seed2801,rewards/step,90603520,480.6204833984375
mg_A_seed2801,rewards/step,90767360,479.608154296875
mg_A_seed2801,rewards/step,90931200,479.7784423828125
mg_A_seed2801,rewards/step,91095040,480.3758850097656
mg_A_seed2801,rewards/step,91258880,480.1226501464844
mg_A_seed2801,rewards/step,91422720,480.1899108886719
mg_A_seed2801,rewards/step,91586560,480.1385498046875
mg_A_seed2801,rewards/step,91750400,479.7867736816406
mg_A_seed2801,rewards/step,91914240,480.2340087890625
mg_A_seed2801,rewards/step,92078080,480.6515808105469
mg_A_seed2801,rewards/step,92241920,482.9893798828125
mg_A_seed2801,rewards/step,92405760,483.6180419921875
mg_A_seed2801,rewards/step,92569600,483.54498291015625
mg_A_seed2801,rewards/step,92733440,483.6513366699219
mg_A_seed2801,rewards/step,92897280,483.72027587890625
mg_A_seed2801,rewards/step,93061120,483.88531494140625
mg_A_seed2801,rewards/step,93224960,484.120361328125
mg_A_seed2801,rewards/step,93388800,484.3176574707031
mg_A_seed2801,rewards/step,93552640,484.1913757324219
mg_A_seed2801,rewards/step,93716480,484.2921142578125
mg_A_seed2801,rewards/step,93880320,484.4245300292969
mg_A_seed2801,rewards/step,94044160,484.6523132324219
mg_A_seed2801,rewards/step,94208000,485.1153564453125
mg_A_seed2801,rewards/step,94371840,485.2274475097656
mg_A_seed2801,rewards/step,94535680,485.6205749511719
mg_A_seed2801,rewards/step,94699520,485.4446105957031
mg_A_seed2801,rewards/step,94863360,485.39990234375
mg_A_seed2801,rewards/step,95027200,485.4305419921875
mg_A_seed2801,rewards/step,95191040,485.6161193847656
mg_A_seed2801,rewards/step,95354880,488.525634765625
mg_A_seed2801,rewards/step,95518720,488.3699645996094
mg_A_seed2801,rewards/step,95682560,488.7452087402344
mg_A_seed2801,rewards/step,95846400,488.5562438964844
mg_A_seed2801,rewards/step,96010240,488.71661376953125
mg_A_seed2801,rewards/step,96174080,488.8875427246094
mg_A_seed2801,rewards/step,96337920,489.05267333984375
mg_A_seed2801,rewards/step,96501760,488.9339599609375
mg_A_seed2801,rewards/step,96665600,489.3851318359375
mg_A_seed2801,rewards/step,96829440,489.603759765625
mg_A_seed2801,rewards/step,96993280,490.0816345214844
mg_A_seed2801,rewards/step,97157120,490.1463623046875
mg_A_seed2801,rewards/step,97320960,490.2191162109375
mg_A_seed2801,rewards/step,97484800,489.871337890625
mg_A_seed2801,rewards/step,97648640,489.4678649902344
mg_A_seed2801,rewards/step,97812480,489.558837890625
mg_A_seed2801,rewards/step,97976320,489.6006164550781
mg_A_seed2801,rewards/step,98140160,489.5505065917969
mg_A_seed2801,rewards/step,98304000,489.61956787109375
mg_A_seed2801,rewards/step,98467840,489.3248291015625
mg_A_seed2801,rewards/step,98631680,490.28253173828125
mg_A_seed2801,rewards/step,98795520,490.3918762207031
mg_A_seed2801,rewards/step,98959360,490.4688415527344
mg_A_seed2801,rewards/step,99123200,490.6528015136719
mg_A_seed2801,rewards/step,99287040,490.7598571777344
mg_A_seed2801,rewards/step,99450880,490.86798095703125
mg_A_seed2801,rewards/step,99614720,490.74908447265625
mg_A_seed2801,rewards/step,99778560,490.89654541015625
mg_A_seed2801,rewards/step,99942400,490.77764892578125
mg_A_seed2801,rewards/step,100106240,490.7859802246094
mg_A_seed2801,rewards/step,100270080,490.8564147949219
mg_A_seed2801,rewards/step,100433920,490.4477844238281
mg_A_seed2801,rewards/step,100597760,490.107666015625
mg_A_seed2801,rewards/step,100761600,490.0307922363281
mg_A_seed2801,rewards/step,100925440,489.807373046875
mg_A_seed2801,rewards/step,101089280,490.19757080078125
mg_A_seed2801,rewards/step,101253120,490.36669921875
mg_A_seed2801,rewards/step,101416960,491.1996154785156
mg_A_seed2801,rewards/step,101580800,491.6791687011719
mg_A_seed2801,rewards/step,101744640,491.734130859375
mg_A_seed2801,rewards/step,101908480,491.8362121582031
mg_A_seed2801,rewards/step,102072320,491.82208251953125
mg_A_seed2801,rewards/step,102236160,491.70562744140625
mg_A_seed2801,rewards/step,102400000,491.4954833984375
mg_A_seed2801,rewards/step,102563840,491.53857421875
mg_A_seed2801,rewards/step,102727680,491.7088623046875
mg_A_seed2801,rewards/step,102891520,491.8570861816406
mg_A_seed2801,rewards/step,103055360,491.7750244140625
mg_A_seed2801,rewards/step,103219200,491.3287353515625
mg_A_seed2801,rewards/step,103383040,491.1374816894531
mg_A_seed2801,rewards/step,103546880,490.9966735839844
mg_A_seed2801,rewards/step,103710720,491.0239562988281
mg_A_seed2801,rewards/step,103874560,491.0878601074219
mg_A_seed2801,rewards/step,104038400,491.2267150878906
mg_A_seed2801,rewards/step,104202240,490.9735412597656
mg_A_seed2801,rewards/step,104366080,490.9551696777344
mg_A_seed2801,rewards/step,104529920,491.3115234375
mg_A_seed2801,rewards/step,104693760,491.6064453125
mg_A_seed2801,rewards/step,104857600,491.4730224609375
mg_A_seed2801,rewards/step,105021440,491.8953552246094
mg_A_seed2801,rewards/step,105185280,491.9664611816406
mg_A_seed2801,rewards/step,105349120,492.19580078125
mg_A_seed2801,rewards/step,105512960,492.24102783203125
mg_A_seed2801,rewards/step,105676800,492.3728332519531
mg_A_seed2801,rewards/step,105840640,492.2430419921875
mg_A_seed2801,rewards/step,106004480,492.1728210449219
mg_A_seed2801,rewards/step,106168320,492.2504577636719
mg_A_seed2801,rewards/step,106332160,491.77069091796875
mg_A_seed2801,rewards/step,106496000,491.59149169921875
mg_A_seed2801,rewards/step,106659840,491.53973388671875
mg_A_seed2801,rewards/step,106823680,491.6842346191406
mg_A_seed2801,rewards/step,106987520,491.4859924316406
mg_A_seed2801,rewards/step,107151360,491.3653259277344
mg_A_seed2801,rewards/step,107315200,491.76483154296875
mg_A_seed2801,rewards/step,107479040,491.4821472167969
mg_A_seed2801,rewards/step,107642880,491.1216125488281
mg_A_seed2801,rewards/step,107806720,491.25677490234375
mg_A_seed2801,rewards/step,107970560,491.3814392089844
mg_A_seed2801,rewards/step,108134400,491.4046936035156
mg_A_seed2801,rewards/step,108298240,491.2058410644531
mg_A_seed2801,rewards/step,108462080,490.84527587890625
mg_A_seed2801,rewards/step,108625920,490.85650634765625
mg_A_seed2801,rewards/step,108789760,490.69696044921875
mg_A_seed2801,rewards/step,108953600,490.50592041015625
mg_A_seed2801,rewards/step,109117440,490.5295715332031
mg_A_seed2801,rewards/step,109281280,490.5653991699219
mg_A_seed2801,rewards/step,109445120,490.78082275390625
mg_A_seed2801,rewards/step,109608960,490.644775390625
mg_A_seed2801,rewards/step,109772800,490.3143615722656
mg_A_seed2801,rewards/step,109936640,490.14178466796875
mg_A_seed2801,rewards/step,110100480,490.03955078125
mg_A_seed2801,rewards/step,110264320,490.0374450683594
mg_A_seed2801,rewards/step,110428160,490.145751953125
mg_A_seed2801,rewards/step,110592000,490.0196228027344
mg_A_seed2801,rewards/step,110755840,489.5920715332031
mg_A_seed2801,rewards/step,110919680,488.88623046875
mg_A_seed2801,rewards/step,111083520,488.59344482421875
mg_A_seed2801,rewards/step,111247360,488.75592041015625
mg_A_seed2801,rewards/step,111411200,488.32958984375
mg_A_seed2801,rewards/step,111575040,488.1096496582031
mg_A_seed2801,rewards/step,111738880,488.2048645019531
mg_A_seed2801,rewards/step,111902720,488.1116638183594
mg_A_seed2801,rewards/step,112066560,488.13262939453125
mg_A_seed2801,rewards/step,112230400,488.1651916503906
mg_A_seed2801,rewards/step,112394240,488.4375915527344
mg_A_seed2801,rewards/step,112558080,488.2397155761719
mg_A_seed2801,rewards/step,112721920,488.20135498046875
mg_A_seed2801,rewards/step,112885760,488.552490234375
mg_A_seed2801,rewards/step,113049600,488.57427978515625
mg_A_seed2801,rewards/step,113213440,488.43975830078125
mg_A_seed2801,rewards/step,113377280,488.46295166015625
mg_A_seed2801,rewards/step,113541120,488.5443420410156
mg_A_seed2801,rewards/step,113704960,488.8768310546875
mg_A_seed2801,rewards/step,113868800,489.0474853515625
mg_A_seed2801,rewards/step,114032640,489.04608154296875
mg_A_seed2801,rewards/step,114196480,489.0411071777344
mg_A_seed2801,rewards/step,114360320,489.1806640625
mg_A_seed2801,rewards/step,114524160,489.3494873046875
mg_A_seed2801,rewards/step,114688000,489.3022766113281
mg_A_seed2801,rewards/step,114851840,488.9153137207031
mg_A_seed2801,rewards/step,115015680,489.033203125
mg_A_seed2801,rewards/step,115179520,488.5232849121094
mg_A_seed2801,rewards/step,115343360,488.4740905761719
mg_A_seed2801,rewards/step,115507200,488.4634094238281
mg_A_seed2801,rewards/step,115671040,488.5637512207031
mg_A_seed2801,rewards/step,115834880,488.4648132324219
mg_A_seed2801,rewards/step,115998720,488.1856689453125
mg_A_seed2801,rewards/step,116162560,487.300048828125
mg_A_seed2801,rewards/step,116326400,487.16815185546875
mg_A_seed2801,rewards/step,116490240,487.505859375
mg_A_seed2801,rewards/step,116654080,487.771240234375
mg_A_seed2801,rewards/step,116817920,487.70391845703125
mg_A_seed2801,rewards/step,116981760,487.7297058105469
mg_A_seed2801,rewards/step,117145600,487.91937255859375
mg_A_seed2801,rewards/step,117309440,487.7172546386719
mg_A_seed2801,rewards/step,117473280,487.7266540527344
mg_A_seed2801,rewards/step,117637120,487.6320495605469
mg_A_seed2801,rewards/step,117800960,487.5430908203125
mg_A_seed2801,rewards/step,117964800,487.6099853515625
mg_A_seed2801,rewards/step,118128640,487.7275085449219
mg_A_seed2801,rewards/step,118292480,487.90228271484375
mg_A_seed2801,rewards/step,118456320,487.9691162109375
mg_A_seed2801,rewards/step,118620160,487.8915100097656
mg_A_seed2801,rewards/step,118784000,487.9824523925781
mg_A_seed2801,rewards/step,118947840,487.872314453125
mg_A_seed2801,rewards/step,119111680,487.5003967285156
mg_A_seed2801,rewards/step,119275520,487.63519287109375
mg_A_seed2801,rewards/step,119439360,487.697021484375
mg_A_seed2801,rewards/step,119603200,487.9239807128906
mg_A_seed2801,rewards/step,119767040,487.97271728515625
mg_A_seed2801,rewards/step,119930880,489.09619140625
mg_A_seed2801,rewards/step,120094720,489.2364196777344
mg_A_seed2801,rewards/step,120258560,488.80987548828125
mg_A_seed2801,rewards/step,120422400,488.8992919921875
mg_A_seed2801,rewards/step,120586240,488.67816162109375
mg_A_seed2801,rewards/step,120750080,489.09515380859375
mg_A_seed2801,rewards/step,120913920,489.2078552246094
mg_A_seed2801,rewards/step,121077760,489.1553649902344
mg_A_seed2801,rewards/step,121241600,489.4245910644531
mg_A_seed2801,rewards/step,121405440,489.3881530761719
mg_A_seed2801,rewards/step,121569280,489.47845458984375
mg_A_seed2801,rewards/step,121733120,489.47412109375
mg_A_seed2801,rewards/step,121896960,489.76416015625
mg_A_seed2801,rewards/step,122060800,489.60504150390625
mg_A_seed2801,rewards/step,122224640,489.8599548339844
mg_A_seed2801,rewards/step,122388480,490.0181884765625
mg_A_seed2801,rewards/step,122552320,490.20440673828125
mg_A_seed2801,rewards/step,122716160,490.3172302246094
mg_A_seed2801,rewards/step,122880000,490.6602783203125
mg_A_seed2801,rewards/step,123043840,492.03558349609375
mg_A_seed2801,rewards/step,123207680,492.2152099609375
mg_A_seed2801,rewards/step,123371520,492.12139892578125
mg_A_seed2801,rewards/step,123535360,492.2139587402344
mg_A_seed2801,rewards/step,123699200,492.26312255859375
mg_A_seed2801,rewards/step,123863040,492.2047119140625
mg_A_seed2801,rewards/step,124026880,492.2281494140625
mg_A_seed2801,rewards/step,124190720,492.0301208496094
mg_A_seed2801,rewards/step,124354560,492.05706787109375
mg_A_seed2801,rewards/step,124518400,491.5887451171875
mg_A_seed2801,rewards/step,124682240,491.9259948730469
mg_A_seed2801,rewards/step,124846080,491.9951477050781
mg_A_seed2801,rewards/step,125009920,491.8717956542969
mg_A_seed2801,rewards/step,125173760,491.95184326171875
mg_A_seed2801,rewards/step,125337600,492.1098327636719
mg_A_seed2801,rewards/step,125501440,492.3787841796875
mg_A_seed2801,rewards/step,125665280,492.62060546875
mg_A_seed2801,rewards/step,125829120,491.8937072753906
mg_A_seed2801,rewards/step,125992960,493.40911865234375
mg_A_seed2801,rewards/step,126156800,493.8141174316406
mg_A_seed2801,rewards/step,126320640,494.1253356933594
mg_A_seed2801,rewards/step,126484480,494.3195495605469
mg_A_seed2801,rewards/step,126648320,494.41595458984375
mg_A_seed2801,rewards/step,126812160,494.2640686035156
mg_A_seed2801,rewards/step,126976000,494.1436462402344
mg_A_seed2801,rewards/step,127139840,494.020751953125
mg_A_seed2801,rewards/step,127303680,493.9996643066406
mg_A_seed2801,rewards/step,127467520,493.833251953125
mg_A_seed2801,rewards/step,127631360,493.86431884765625
mg_A_seed2801,rewards/step,127795200,493.93707275390625
mg_A_seed2801,rewards/step,127959040,493.5335388183594
mg_A_seed2801,rewards/step,128122880,493.4677429199219
mg_A_seed2801,rewards/step,128286720,493.1952819824219
mg_A_seed2801,rewards/step,128450560,493.3096923828125
mg_A_seed2801,rewards/step,128614400,493.5845031738281
mg_A_seed2801,rewards/step,128778240,493.7508239746094
mg_A_seed2801,rewards/step,128942080,493.483154296875
mg_A_seed2801,rewards/step,129105920,493.47552490234375
mg_A_seed2801,rewards/step,129269760,493.367919921875
mg_A_seed2801,rewards/step,129433600,493.5189514160156
mg_A_seed2801,rewards/step,129597440,493.267822265625
mg_A_seed2801,rewards/step,129761280,493.3168640136719
mg_A_seed2801,rewards/step,129925120,493.62237548828125
mg_A_seed2801,rewards/step,130088960,493.7586669921875
mg_A_seed2801,rewards/step,130252800,493.72991943359375
mg_A_seed2801,rewards/step,130416640,493.6780090332031
mg_A_seed2801,rewards/step,130580480,493.7787170410156
mg_A_seed2801,rewards/step,130744320,494.0335693359375
mg_A_seed2801,rewards/step,130908160,493.97442626953125
mg_A_seed2801,rewards/step,131072000,493.66290283203125
mg_A_seed2801,rewards/step,131235840,493.8893737792969
mg_A_seed2801,rewards/step,131399680,494.27081298828125
mg_A_seed2801,rewards/step,131563520,494.174072265625
mg_A_seed2801,rewards/step,131727360,494.03436279296875
mg_A_seed2801,rewards/step,131891200,493.5621643066406
mg_A_seed2801,rewards/step,132055040,493.3306579589844
mg_A_seed2801,rewards/step,132218880,493.7024841308594
mg_A_seed2801,rewards/step,132382720,493.3310241699219
mg_A_seed2801,rewards/step,132546560,492.9629211425781
mg_A_seed2801,rewards/step,132710400,492.90093994140625
mg_A_seed2801,rewards/step,132874240,492.9255065917969
mg_A_seed2801,rewards/step,133038080,492.93328857421875
mg_A_seed2801,rewards/step,133201920,493.04632568359375
mg_A_seed2801,rewards/step,133365760,493.0322570800781
mg_A_seed2801,rewards/step,133529600,493.0507507324219
mg_A_seed2801,rewards/step,133693440,492.4369812011719
mg_A_seed2801,rewards/step,133857280,492.60638427734375
mg_A_seed2801,rewards/step,134021120,492.77081298828125
mg_A_seed2801,rewards/step,134184960,492.45928955078125
mg_A_seed2801,rewards/step,134348800,492.5980224609375
mg_A_seed2801,rewards/step,134512640,492.2093811035156
mg_A_seed2801,rewards/step,134676480,491.9442138671875
mg_A_seed2801,rewards/step,134840320,491.66644287109375
mg_A_seed2801,rewards/step,135004160,491.6434631347656
mg_A_seed2801,rewards/step,135168000,492.3052978515625
mg_A_seed2801,rewards/step,135331840,492.5461730957031
mg_A_seed2801,rewards/step,135495680,492.5779113769531
mg_A_seed2801,rewards/step,135659520,492.0785827636719
mg_A_seed2801,rewards/step,135823360,492.01641845703125
mg_A_seed2801,rewards/step,135987200,492.06842041015625
mg_A_seed2801,rewards/step,136151040,492.0997009277344
mg_A_seed2801,rewards/step,136314880,492.05157470703125
mg_A_seed2801,rewards/step,136478720,491.3654479980469
mg_A_seed2801,rewards/step,136642560,491.4057922363281
mg_A_seed2801,rewards/step,136806400,491.1169128417969
mg_A_seed2801,rewards/step,136970240,491.6822509765625
mg_A_seed2801,rewards/step,137134080,491.90606689453125
mg_A_seed2801,rewards/step,137297920,492.01971435546875
mg_A_seed2801,rewards/step,137461760,492.1991882324219
mg_A_seed2801,rewards/step,137625600,492.3024597167969
mg_A_seed2801,rewards/step,137789440,492.4506530761719
mg_A_seed2801,rewards/step,137953280,492.4226989746094
mg_A_seed2801,rewards/step,138117120,492.3674621582031
mg_A_seed2801,rewards/step,138280960,493.5022888183594
mg_A_seed2801,rewards/step,138444800,493.8152160644531
mg_A_seed2801,rewards/step,138608640,493.4775390625
mg_A_seed2801,rewards/step,138772480,493.52752685546875
mg_A_seed2801,rewards/step,138936320,493.5133361816406
mg_A_seed2801,rewards/step,139100160,493.57952880859375
mg_A_seed2801,rewards/step,139264000,493.5224609375
mg_A_seed2801,rewards/step,139427840,493.58233642578125
mg_A_seed2801,rewards/step,139591680,493.3213806152344
mg_A_seed2801,rewards/step,139755520,493.2762145996094
mg_A_seed2801,rewards/step,139919360,493.20794677734375
mg_A_seed2801,rewards/step,140083200,493.4774169921875
mg_A_seed2801,rewards/step,140247040,493.0894470214844
mg_A_seed2801,rewards/step,140410880,493.05712890625
mg_A_seed2801,rewards/step,140574720,492.7896728515625
mg_A_seed2801,rewards/step,140738560,493.0577392578125
mg_A_seed2801,rewards/step,140902400,493.1073303222656
mg_A_seed2801,rewards/step,141066240,493.359619140625
mg_A_seed2801,rewards/step,141230080,493.31170654296875
mg_A_seed2801,rewards/step,141393920,494.5862121582031
mg_A_seed2801,rewards/step,141557760,494.53033447265625
mg_A_seed2801,rewards/step,141721600,494.3539123535156
mg_A_seed2801,rewards/step,141885440,494.3315734863281
mg_A_seed2801,rewards/step,142049280,494.4248352050781
mg_A_seed2801,rewards/step,142213120,494.5523681640625
mg_A_seed2801,rewards/step,142376960,494.3780212402344
mg_A_seed2801,rewards/step,142540800,494.42779541015625
mg_A_seed2801,rewards/step,142704640,494.50482177734375
mg_A_seed2801,rewards/step,142868480,494.76507568359375
mg_A_seed2801,rewards/step,143032320,494.9909973144531
mg_A_seed2801,rewards/step,143196160,495.06768798828125
mg_A_seed2801,rewards/step,143360000,494.8603210449219
mg_A_seed2801,rewards/step,143523840,494.8739013671875
mg_A_seed2801,rewards/step,143687680,495.1520690917969
mg_A_seed2801,rewards/step,143851520,495.2613830566406
mg_A_seed2801,rewards/step,144015360,495.47332763671875
mg_A_seed2801,rewards/step,144179200,495.24822998046875
mg_A_seed2801,rewards/step,144343040,494.748779296875
mg_A_seed2801,rewards/step,144506880,494.23358154296875
mg_A_seed2801,rewards/step,144670720,494.3842468261719
mg_A_seed2801,rewards/step,144834560,494.3494873046875
mg_A_seed2801,rewards/step,144998400,494.6010437011719
mg_A_seed2801,rewards/step,145162240,494.5092468261719
mg_A_seed2801,rewards/step,145326080,494.095458984375
mg_A_seed2801,rewards/step,145489920,493.980712890625
mg_A_seed2801,rewards/step,145653760,493.995361328125
mg_A_seed2801,rewards/step,145817600,493.8003234863281
mg_A_seed2801,rewards/step,145981440,493.66314697265625
mg_A_seed2801,rewards/step,146145280,493.5584411621094
mg_A_seed2801,rewards/step,146309120,493.7051086425781
mg_A_seed2801,rewards/step,146472960,493.83734130859375
mg_A_seed2801,rewards/step,146636800,494.0099182128906
mg_A_seed2801,rewards/step,146800640,493.822998046875
mg_A_seed2801,rewards/step,146964480,494.1054992675781
mg_A_seed2801,rewards/step,147128320,494.2106628417969
mg_A_seed2801,rewards/step,147292160,494.3302307128906
mg_A_seed2801,rewards/step,147456000,494.8244934082031
mg_A_seed2801,rewards/step,147619840,495.36895751953125
mg_A_seed2801,rewards/step,147783680,495.5643615722656
mg_A_seed2801,rewards/step,147947520,495.72625732421875
mg_A_seed2801,rewards/step,148111360,495.8935241699219
mg_A_seed2801,rewards/step,148275200,495.57171630859375
mg_A_seed2801,rewards/step,148439040,495.63507080078125
mg_A_seed2801,rewards/step,148602880,495.5193786621094
mg_A_seed2801,rewards/step,148766720,495.4589538574219
mg_A_seed2801,rewards/step,148930560,495.3565368652344
mg_A_seed2801,rewards/step,149094400,495.34979248046875
mg_A_seed2801,rewards/step,149258240,495.8221740722656
mg_A_seed2801,rewards/step,149422080,495.6806640625
mg_A_seed2801,rewards/step,149585920,495.9010314941406
mg_A_seed2801,rewards/step,149749760,495.51116943359375
mg_A_seed2801,rewards/step,149913600,495.3660888671875
mg_A_seed2801,rewards/step,150077440,495.2630920410156
mg_A_seed2801,rewards/step,150241280,495.2337341308594
mg_A_seed2801,rewards/step,150405120,495.0115661621094
mg_A_seed2801,rewards/step,150568960,495.400146484375
mg_A_seed2801,rewards/step,150732800,495.0757141113281
mg_A_seed2801,rewards/step,150896640,495.38128662109375
mg_A_seed2801,rewards/step,151060480,495.37432861328125
mg_A_seed2801,rewards/step,151224320,495.2127380371094
mg_A_seed2801,rewards/step,151388160,495.29852294921875
mg_A_seed2801,rewards/step,151552000,495.01812744140625
mg_A_seed2801,rewards/step,151715840,494.9795837402344
mg_A_seed2801,rewards/step,151879680,495.1486511230469
mg_A_seed2801,rewards/step,152043520,494.8804931640625
mg_A_seed2801,rewards/step,152207360,494.5532531738281
mg_A_seed2801,rewards/step,152371200,494.6617736816406
mg_A_seed2801,rewards/step,152535040,494.27099609375
mg_A_seed2801,rewards/step,152698880,494.4486083984375
mg_A_seed2801,rewards/step,152862720,494.6031494140625
mg_A_seed2801,rewards/step,153026560,494.82891845703125
mg_A_seed2801,rewards/step,153190400,494.5457763671875
mg_A_seed2801,rewards/step,153354240,494.57757568359375
mg_A_seed2801,rewards/step,153518080,494.3002014160156
mg_A_seed2801,rewards/step,153681920,495.0990295410156
mg_A_seed2801,rewards/step,153845760,494.9670715332031
mg_A_seed2801,rewards/step,154009600,495.1483154296875
mg_A_seed2801,rewards/step,154173440,495.17315673828125
mg_A_seed2801,rewards/step,154337280,495.52313232421875
mg_A_seed2801,rewards/step,154501120,495.4158630371094
mg_A_seed2801,rewards/step,154664960,495.3929443359375
mg_A_seed2801,rewards/step,154828800,495.1270446777344
mg_A_seed2801,rewards/step,154992640,495.2651672363281
mg_A_seed2801,rewards/step,155156480,495.5018005371094
mg_A_seed2801,rewards/step,155320320,495.8544616699219
mg_A_seed2801,rewards/step,155484160,495.833984375
mg_A_seed2801,rewards/step,155648000,496.2507019042969
mg_A_seed2801,rewards/step,155811840,496.22015380859375
mg_A_seed2801,rewards/step,155975680,496.4299621582031
mg_A_seed2801,rewards/step,156139520,496.5768737792969
mg_A_seed2801,rewards/step,156303360,497.0354919433594
mg_A_seed2801,rewards/step,156467200,496.8347473144531
mg_A_seed2801,rewards/step,156631040,496.9157409667969
mg_A_seed2801,rewards/step,156794880,496.9449462890625
mg_A_seed2801,rewards/step,156958720,497.48675537109375
mg_A_seed2801,rewards/step,157122560,497.4602966308594
mg_A_seed2801,rewards/step,157286400,497.3338623046875
mg_A_seed2801,rewards/step,157450240,497.39495849609375
mg_A_seed2801,rewards/step,157614080,497.38812255859375
mg_A_seed2801,rewards/step,157777920,497.3427734375
mg_A_seed2801,rewards/step,157941760,497.2882080078125
mg_A_seed2801,rewards/step,158105600,497.4274597167969
mg_A_seed2801,rewards/step,158269440,497.4128723144531
mg_A_seed2801,rewards/step,158433280,497.32171630859375
mg_A_seed2801,rewards/step,158597120,497.5520324707031
mg_A_seed2801,rewards/step,158760960,497.6339111328125
mg_A_seed2801,rewards/step,158924800,497.7962341308594
mg_A_seed2801,rewards/step,159088640,497.7532043457031
mg_A_seed2801,rewards/step,159252480,497.5673828125
mg_A_seed2801,rewards/step,159416320,497.6424560546875
mg_A_seed2801,rewards/step,159580160,497.2307434082031
mg_A_seed2801,rewards/step,159744000,496.3753662109375
mg_A_seed2801,rewards/step,159907840,496.0641174316406
mg_A_seed2801,rewards/step,160071680,496.3902587890625
mg_A_seed2801,rewards/step,160235520,496.2722473144531
mg_A_seed2801,rewards/step,160399360,496.24212646484375
mg_A_seed2801,rewards/step,160563200,495.5534973144531
mg_A_seed2801,rewards/step,160727040,495.43353271484375
mg_A_seed2801,rewards/step,160890880,495.5498352050781
mg_A_seed2801,rewards/step,161054720,495.3444519042969
mg_A_seed2801,rewards/step,161218560,495.3055419921875
mg_A_seed2801,rewards/step,161382400,495.4635314941406
mg_A_seed2801,rewards/step,161546240,495.6296081542969
mg_A_seed2801,rewards/step,161710080,495.6583557128906
mg_A_seed2801,rewards/step,161873920,495.5070495605469
mg_A_seed2801,rewards/step,162037760,495.29949951171875
mg_A_seed2801,rewards/step,162201600,495.335693359375
mg_A_seed2801,rewards/step,162365440,495.64141845703125
mg_A_seed2801,rewards/step,162529280,495.4775390625
mg_A_seed2801,rewards/step,162693120,495.632080078125
mg_A_seed2801,rewards/step,162856960,494.20953369140625
mg_A_seed2801,rewards/step,163020800,493.8690490722656
mg_A_seed2801,rewards/step,163184640,493.9417724609375
mg_A_seed2801,rewards/step,163348480,493.7680358886719
mg_A_seed2801,rewards/step,163512320,493.8964538574219
mg_A_seed2801,rewards/step,163676160,493.85235595703125
mg_A_seed2801,rewards/step,163840000,494.0775451660156
mg_A_seed2801,episode_lengths/step,163840,17.059478759765625
mg_A_seed2801,episode_lengths/step,327680,23.358976364135742
mg_A_seed2801,episode_lengths/step,491520,28.306123733520508
mg_A_seed2801,episode_lengths/step,655360,31.6976261138916
mg_A_seed2801,episode_lengths/step,819200,33.61945343017578
mg_A_seed2801,episode_lengths/step,983040,35.49481201171875
mg_A_seed2801,episode_lengths/step,1146880,37.069679260253906
mg_A_seed2801,episode_lengths/step,1310720,38.638954162597656
mg_A_seed2801,episode_lengths/step,1474560,43.676536560058594
mg_A_seed2801,episode_lengths/step,1638400,50.739967346191406
mg_A_seed2801,episode_lengths/step,1802240,59.7633056640625
mg_A_seed2801,episode_lengths/step,1966080,64.29159545898438
mg_A_seed2801,episode_lengths/step,2129920,69.38136291503906
mg_A_seed2801,episode_lengths/step,2293760,80.22278594970703
mg_A_seed2801,episode_lengths/step,2457600,89.58042907714844
mg_A_seed2801,episode_lengths/step,2621440,99.23138427734375
mg_A_seed2801,episode_lengths/step,2785280,112.3302001953125
mg_A_seed2801,episode_lengths/step,2949120,123.1832046508789
mg_A_seed2801,episode_lengths/step,3112960,346.0812683105469
mg_A_seed2801,episode_lengths/step,3276800,375.0419006347656
mg_A_seed2801,episode_lengths/step,3440640,382.3645935058594
mg_A_seed2801,episode_lengths/step,3604480,387.18902587890625
mg_A_seed2801,episode_lengths/step,3768320,389.52044677734375
mg_A_seed2801,episode_lengths/step,3932160,389.9384765625
mg_A_seed2801,episode_lengths/step,4096000,391.4418640136719
mg_A_seed2801,episode_lengths/step,4259840,391.36602783203125
mg_A_seed2801,episode_lengths/step,4423680,391.8774719238281
mg_A_seed2801,episode_lengths/step,4587520,392.5196228027344
mg_A_seed2801,episode_lengths/step,4751360,393.9676513671875
mg_A_seed2801,episode_lengths/step,4915200,395.727783203125
mg_A_seed2801,episode_lengths/step,5079040,396.9994812011719
mg_A_seed2801,episode_lengths/step,5242880,398.0149841308594
mg_A_seed2801,episode_lengths/step,5406720,399.8536071777344
mg_A_seed2801,episode_lengths/step,5570560,401.3851013183594
mg_A_seed2801,episode_lengths/step,5734400,403.9960632324219
mg_A_seed2801,episode_lengths/step,5898240,406.6695556640625
mg_A_seed2801,episode_lengths/step,6062080,409.3155517578125
mg_A_seed2801,episode_lengths/step,6225920,452.46258544921875
mg_A_seed2801,episode_lengths/step,6389760,458.1935729980469
mg_A_seed2801,episode_lengths/step,6553600,460.65374755859375
mg_A_seed2801,episode_lengths/step,6717440,461.72021484375
mg_A_seed2801,episode_lengths/step,6881280,462.5411682128906
mg_A_seed2801,episode_lengths/step,7045120,462.6708679199219
mg_A_seed2801,episode_lengths/step,7208960,463.06500244140625
mg_A_seed2801,episode_lengths/step,7372800,463.33184814453125
mg_A_seed2801,episode_lengths/step,7536640,463.77435302734375
mg_A_seed2801,episode_lengths/step,7700480,464.6868591308594
mg_A_seed2801,episode_lengths/step,7864320,465.0955505371094
mg_A_seed2801,episode_lengths/step,8028160,466.2121276855469
mg_A_seed2801,episode_lengths/step,8192000,466.90899658203125
mg_A_seed2801,episode_lengths/step,8355840,467.6341247558594
mg_A_seed2801,episode_lengths/step,8519680,468.7521057128906
mg_A_seed2801,episode_lengths/step,8683520,469.0971984863281
mg_A_seed2801,episode_lengths/step,8847360,470.0284118652344
mg_A_seed2801,episode_lengths/step,9011200,471.87908935546875
mg_A_seed2801,episode_lengths/step,9175040,472.77197265625
mg_A_seed2801,episode_lengths/step,9338880,493.30419921875
mg_A_seed2801,episode_lengths/step,9502720,496.32781982421875
mg_A_seed2801,episode_lengths/step,9666560,496.8751220703125
mg_A_seed2801,episode_lengths/step,9830400,497.3592834472656
mg_A_seed2801,episode_lengths/step,9994240,497.6963195800781
mg_A_seed2801,episode_lengths/step,10158080,497.75286865234375
mg_A_seed2801,episode_lengths/step,10321920,498.0039978027344
mg_A_seed2801,episode_lengths/step,10485760,498.1748352050781
mg_A_seed2801,episode_lengths/step,10649600,498.70367431640625
mg_A_seed2801,episode_lengths/step,10813440,499.48040771484375
mg_A_seed2801,episode_lengths/step,10977280,499.9588623046875
mg_A_seed2801,episode_lengths/step,11141120,500.7136535644531
mg_A_seed2801,episode_lengths/step,11304960,501.6241149902344
mg_A_seed2801,episode_lengths/step,11468800,502.3796691894531
mg_A_seed2801,episode_lengths/step,11632640,503.22705078125
mg_A_seed2801,episode_lengths/step,11796480,504.07415771484375
mg_A_seed2801,episode_lengths/step,11960320,505.0473327636719
mg_A_seed2801,episode_lengths/step,12124160,506.18994140625
mg_A_seed2801,episode_lengths/step,12288000,518.8229370117188
mg_A_seed2801,episode_lengths/step,12451840,520.8939208984375
mg_A_seed2801,episode_lengths/step,12615680,522.4610595703125
mg_A_seed2801,episode_lengths/step,12779520,523.2103881835938
mg_A_seed2801,episode_lengths/step,12943360,523.4660034179688
mg_A_seed2801,episode_lengths/step,13107200,523.6983642578125
mg_A_seed2801,episode_lengths/step,13271040,523.6333618164062
mg_A_seed2801,episode_lengths/step,13434880,523.8094482421875
mg_A_seed2801,episode_lengths/step,13598720,524.048095703125
mg_A_seed2801,episode_lengths/step,13762560,524.37744140625
mg_A_seed2801,episode_lengths/step,13926400,524.9047241210938
mg_A_seed2801,episode_lengths/step,14090240,525.2326049804688
mg_A_seed2801,episode_lengths/step,14254080,525.7855224609375
mg_A_seed2801,episode_lengths/step,14417920,526.1636962890625
mg_A_seed2801,episode_lengths/step,14581760,527.0073852539062
mg_A_seed2801,episode_lengths/step,14745600,527.7044677734375
mg_A_seed2801,episode_lengths/step,14909440,528.4378662109375
mg_A_seed2801,episode_lengths/step,15073280,529.2986450195312
mg_A_seed2801,episode_lengths/step,15237120,530.1702270507812
mg_A_seed2801,episode_lengths/step,15400960,539.211181640625
mg_A_seed2801,episode_lengths/step,15564800,541.52197265625
mg_A_seed2801,episode_lengths/step,15728640,542.1633911132812
mg_A_seed2801,episode_lengths/step,15892480,542.7592163085938
mg_A_seed2801,episode_lengths/step,16056320,542.92333984375
mg_A_seed2801,episode_lengths/step,16220160,543.07763671875
mg_A_seed2801,episode_lengths/step,16384000,543.2033081054688
mg_A_seed2801,episode_lengths/step,16547840,543.458251953125
mg_A_seed2801,episode_lengths/step,16711680,543.636474609375
mg_A_seed2801,episode_lengths/step,16875520,544.2068481445312
mg_A_seed2801,episode_lengths/step,17039360,544.6697998046875
mg_A_seed2801,episode_lengths/step,17203200,545.2020874023438
mg_A_seed2801,episode_lengths/step,17367040,545.8914794921875
mg_A_seed2801,episode_lengths/step,17530880,546.4397583007812
mg_A_seed2801,episode_lengths/step,17694720,546.9069213867188
mg_A_seed2801,episode_lengths/step,17858560,547.419189453125
mg_A_seed2801,episode_lengths/step,18022400,548.07958984375
mg_A_seed2801,episode_lengths/step,18186240,548.5407104492188
mg_A_seed2801,episode_lengths/step,18350080,549.315185546875
mg_A_seed2801,episode_lengths/step,18513920,555.5515747070312
mg_A_seed2801,episode_lengths/step,18677760,556.5420532226562
mg_A_seed2801,episode_lengths/step,18841600,557.1035766601562
mg_A_seed2801,episode_lengths/step,19005440,557.3485107421875
mg_A_seed2801,episode_lengths/step,19169280,557.5441284179688
mg_A_seed2801,episode_lengths/step,19333120,557.7235717773438
mg_A_seed2801,episode_lengths/step,19496960,557.7372436523438
mg_A_seed2801,episode_lengths/step,19660800,557.9058837890625
mg_A_seed2801,episode_lengths/step,19824640,558.1995239257812
mg_A_seed2801,episode_lengths/step,19988480,558.5286254882812
mg_A_seed2801,episode_lengths/step,20152320,558.8572998046875
mg_A_seed2801,episode_lengths/step,20316160,559.1964111328125
mg_A_seed2801,episode_lengths/step,20480000,559.7301635742188
mg_A_seed2801,episode_lengths/step,20643840,559.9230346679688
mg_A_seed2801,episode_lengths/step,20807680,560.4326171875
mg_A_seed2801,episode_lengths/step,20971520,560.7820434570312
mg_A_seed2801,episode_lengths/step,21135360,561.29541015625
mg_A_seed2801,episode_lengths/step,21299200,561.9988403320312
mg_A_seed2801,episode_lengths/step,21463040,562.4746704101562
mg_A_seed2801,episode_lengths/step,21626880,567.3656005859375
mg_A_seed2801,episode_lengths/step,21790720,568.0276489257812
mg_A_seed2801,episode_lengths/step,21954560,568.3877563476562
mg_A_seed2801,episode_lengths/step,22118400,568.5977783203125
mg_A_seed2801,episode_lengths/step,22282240,568.62060546875
mg_A_seed2801,episode_lengths/step,22446080,568.7562255859375
mg_A_seed2801,episode_lengths/step,22609920,568.9430541992188
mg_A_seed2801,episode_lengths/step,22773760,569.0464477539062
mg_A_seed2801,episode_lengths/step,22937600,569.3135375976562
mg_A_seed2801,episode_lengths/step,23101440,569.5818481445312
mg_A_seed2801,episode_lengths/step,23265280,569.814453125
mg_A_seed2801,episode_lengths/step,23429120,570.1094970703125
mg_A_seed2801,episode_lengths/step,23592960,570.4658813476562
mg_A_seed2801,episode_lengths/step,23756800,570.8356323242188
mg_A_seed2801,episode_lengths/step,23920640,571.0851440429688
mg_A_seed2801,episode_lengths/step,24084480,571.3630981445312
mg_A_seed2801,episode_lengths/step,24248320,571.7294921875
mg_A_seed2801,episode_lengths/step,24412160,572.1942138671875
mg_A_seed2801,episode_lengths/step,24576000,575.4908447265625
mg_A_seed2801,episode_lengths/step,24739840,576.0860595703125
mg_A_seed2801,episode_lengths/step,24903680,576.4103393554688
mg_A_seed2801,episode_lengths/step,25067520,576.73046875
mg_A_seed2801,episode_lengths/step,25231360,576.8079223632812
mg_A_seed2801,episode_lengths/step,25395200,576.9237670898438
mg_A_seed2801,episode_lengths/step,25559040,577.0311889648438
mg_A_seed2801,episode_lengths/step,25722880,577.1761474609375
mg_A_seed2801,episode_lengths/step,25886720,576.8872680664062
mg_A_seed2801,episode_lengths/step,26050560,577.1400756835938
mg_A_seed2801,episode_lengths/step,26214400,577.1103515625
mg_A_seed2801,episode_lengths/step,26378240,577.237060546875
mg_A_seed2801,episode_lengths/step,26542080,577.346923828125
mg_A_seed2801,episode_lengths/step,26705920,577.5550537109375
mg_A_seed2801,episode_lengths/step,26869760,577.8744506835938
mg_A_seed2801,episode_lengths/step,27033600,578.1674194335938
mg_A_seed2801,episode_lengths/step,27197440,578.2683715820312
mg_A_seed2801,episode_lengths/step,27361280,578.60205078125
mg_A_seed2801,episode_lengths/step,27525120,578.7225952148438
mg_A_seed2801,episode_lengths/step,27688960,580.9600830078125
mg_A_seed2801,episode_lengths/step,27852800,581.6696166992188
mg_A_seed2801,episode_lengths/step,28016640,581.7412719726562
mg_A_seed2801,episode_lengths/step,28180480,581.9710083007812
mg_A_seed2801,episode_lengths/step,28344320,582.0248413085938
mg_A_seed2801,episode_lengths/step,28508160,582.1204833984375
mg_A_seed2801,episode_lengths/step,28672000,582.1976318359375
mg_A_seed2801,episode_lengths/step,28835840,582.097412109375
mg_A_seed2801,episode_lengths/step,28999680,582.2044677734375
mg_A_seed2801,episode_lengths/step,29163520,582.0459594726562
mg_A_seed2801,episode_lengths/step,29327360,582.23046875
mg_A_seed2801,episode_lengths/step,29491200,582.4188842773438
mg_A_seed2801,episode_lengths/step,29655040,582.657470703125
mg_A_seed2801,episode_lengths/step,29818880,582.84130859375
mg_A_seed2801,episode_lengths/step,29982720,583.0953979492188
mg_A_seed2801,episode_lengths/step,30146560,583.096435546875
mg_A_seed2801,episode_lengths/step,30310400,583.1549682617188
mg_A_seed2801,episode_lengths/step,30474240,583.4240112304688
mg_A_seed2801,episode_lengths/step,30638080,583.7088012695312
mg_A_seed2801,episode_lengths/step,30801920,585.3787841796875
mg_A_seed2801,episode_lengths/step,30965760,585.6258544921875
mg_A_seed2801,episode_lengths/step,31129600,585.6268920898438
mg_A_seed2801,episode_lengths/step,31293440,585.6026000976562
mg_A_seed2801,episode_lengths/step,31457280,585.5
mg_A_seed2801,episode_lengths/step,31621120,585.5818481445312
mg_A_seed2801,episode_lengths/step,31784960,585.4510498046875
mg_A_seed2801,episode_lengths/step,31948800,585.523681640625
mg_A_seed2801,episode_lengths/step,32112640,585.62939453125
mg_A_seed2801,episode_lengths/step,32276480,585.7049560546875
mg_A_seed2801,episode_lengths/step,32440320,585.8754272460938
mg_A_seed2801,episode_lengths/step,32604160,586.01123046875
mg_A_seed2801,episode_lengths/step,32768000,585.940185546875
mg_A_seed2801,episode_lengths/step,32931840,585.756591796875
mg_A_seed2801,episode_lengths/step,33095680,585.8994140625
mg_A_seed2801,episode_lengths/step,33259520,586.0308837890625
mg_A_seed2801,episode_lengths/step,33423360,586.219482421875
mg_A_seed2801,episode_lengths/step,33587200,586.2885131835938
mg_A_seed2801,episode_lengths/step,33751040,586.5011596679688
mg_A_seed2801,episode_lengths/step,33914880,587.3120727539062
mg_A_seed2801,episode_lengths/step,34078720,587.253662109375
mg_A_seed2801,episode_lengths/step,34242560,587.3746337890625
mg_A_seed2801,episode_lengths/step,34406400,587.462890625
mg_A_seed2801,episode_lengths/step,34570240,587.5005493164062
mg_A_seed2801,episode_lengths/step,34734080,587.3777465820312
mg_A_seed2801,episode_lengths/step,34897920,587.397216796875
mg_A_seed2801,episode_lengths/step,35061760,587.4434204101562
mg_A_seed2801,episode_lengths/step,35225600,587.4833984375
mg_A_seed2801,episode_lengths/step,35389440,587.2990112304688
mg_A_seed2801,episode_lengths/step,35553280,587.4379272460938
mg_A_seed2801,episode_lengths/step,35717120,587.5753784179688
mg_A_seed2801,episode_lengths/step,35880960,587.6550903320312
mg_A_seed2801,episode_lengths/step,36044800,587.8226318359375
mg_A_seed2801,episode_lengths/step,36208640,587.9720458984375
mg_A_seed2801,episode_lengths/step,36372480,588.127197265625
mg_A_seed2801,episode_lengths/step,36536320,588.2161865234375
mg_A_seed2801,episode_lengths/step,36700160,588.4105224609375
mg_A_seed2801,episode_lengths/step,36864000,589.4006958007812
mg_A_seed2801,episode_lengths/step,37027840,589.8268432617188
mg_A_seed2801,episode_lengths/step,37191680,589.6175537109375
mg_A_seed2801,episode_lengths/step,37355520,589.7616577148438
mg_A_seed2801,episode_lengths/step,37519360,589.7958374023438
mg_A_seed2801,episode_lengths/step,37683200,589.846923828125
mg_A_seed2801,episode_lengths/step,37847040,589.8018798828125
mg_A_seed2801,episode_lengths/step,38010880,589.8663940429688
mg_A_seed2801,episode_lengths/step,38174720,589.6796875
mg_A_seed2801,episode_lengths/step,38338560,589.67822265625
mg_A_seed2801,episode_lengths/step,38502400,589.8028564453125
mg_A_seed2801,episode_lengths/step,38666240,589.8370971679688
mg_A_seed2801,episode_lengths/step,38830080,589.94482421875
mg_A_seed2801,episode_lengths/step,38993920,590.0645141601562
mg_A_seed2801,episode_lengths/step,39157760,590.1652221679688
mg_A_seed2801,episode_lengths/step,39321600,589.82666015625
mg_A_seed2801,episode_lengths/step,39485440,589.76123046875
mg_A_seed2801,episode_lengths/step,39649280,589.947265625
mg_A_seed2801,episode_lengths/step,39813120,590.0274047851562
mg_A_seed2801,episode_lengths/step,39976960,590.9854736328125
mg_A_seed2801,episode_lengths/step,40140800,590.9481811523438
mg_A_seed2801,episode_lengths/step,40304640,590.587646484375
mg_A_seed2801,episode_lengths/step,40468480,590.3402709960938
mg_A_seed2801,episode_lengths/step,40632320,590.2904052734375
mg_A_seed2801,episode_lengths/step,40796160,590.1565551757812
mg_A_seed2801,episode_lengths/step,40960000,590.19921875
mg_A_seed2801,episode_lengths/step,41123840,590.2545166015625
mg_A_seed2801,episode_lengths/step,41287680,590.3192138671875
mg_A_seed2801,episode_lengths/step,41451520,590.447265625
mg_A_seed2801,episode_lengths/step,41615360,590.4569091796875
mg_A_seed2801,episode_lengths/step,41779200,590.5374755859375
mg_A_seed2801,episode_lengths/step,41943040,590.5758056640625
mg_A_seed2801,episode_lengths/step,42106880,590.604248046875
mg_A_seed2801,episode_lengths/step,42270720,590.694091796875
mg_A_seed2801,episode_lengths/step,42434560,590.792724609375
mg_A_seed2801,episode_lengths/step,42598400,590.6337280273438
mg_A_seed2801,episode_lengths/step,42762240,590.3801879882812
mg_A_seed2801,episode_lengths/step,42926080,590.5431518554688
mg_A_seed2801,episode_lengths/step,43089920,591.4918212890625
mg_A_seed2801,episode_lengths/step,43253760,591.7265625
mg_A_seed2801,episode_lengths/step,43417600,591.8469848632812
mg_A_seed2801,episode_lengths/step,43581440,591.7486572265625
mg_A_seed2801,episode_lengths/step,43745280,591.7843627929688
mg_A_seed2801,episode_lengths/step,43909120,591.8334350585938
mg_A_seed2801,episode_lengths/step,44072960,591.8716430664062
mg_A_seed2801,episode_lengths/step,44236800,591.9066772460938
mg_A_seed2801,episode_lengths/step,44400640,591.9710083007812
mg_A_seed2801,episode_lengths/step,44564480,591.7774047851562
mg_A_seed2801,episode_lengths/step,44728320,591.8807983398438
mg_A_seed2801,episode_lengths/step,44892160,591.96142578125
mg_A_seed2801,episode_lengths/step,45056000,592.062255859375
mg_A_seed2801,episode_lengths/step,45219840,592.0779418945312
mg_A_seed2801,episode_lengths/step,45383680,592.19580078125
mg_A_seed2801,episode_lengths/step,45547520,592.2861938476562
mg_A_seed2801,episode_lengths/step,45711360,592.4160766601562
mg_A_seed2801,episode_lengths/step,45875200,592.5712890625
mg_A_seed2801,episode_lengths/step,46039040,592.6939697265625
mg_A_seed2801,episode_lengths/step,46202880,593.4113159179688
mg_A_seed2801,episode_lengths/step,46366720,593.3915405273438
mg_A_seed2801,episode_lengths/step,46530560,593.468017578125
mg_A_seed2801,episode_lengths/step,46694400,593.328857421875
mg_A_seed2801,episode_lengths/step,46858240,593.3597412109375
mg_A_seed2801,episode_lengths/step,47022080,593.3114013671875
mg_A_seed2801,episode_lengths/step,47185920,593.2920532226562
mg_A_seed2801,episode_lengths/step,47349760,593.31884765625
mg_A_seed2801,episode_lengths/step,47513600,593.3787231445312
mg_A_seed2801,episode_lengths/step,47677440,593.2742309570312
mg_A_seed2801,episode_lengths/step,47841280,593.3521728515625
mg_A_seed2801,episode_lengths/step,48005120,593.427001953125
mg_A_seed2801,episode_lengths/step,48168960,593.4944458007812
mg_A_seed2801,episode_lengths/step,48332800,593.5848388671875
mg_A_seed2801,episode_lengths/step,48496640,593.677978515625
mg_A_seed2801,episode_lengths/step,48660480,593.5718994140625
mg_A_seed2801,episode_lengths/step,48824320,593.4821166992188
mg_A_seed2801,episode_lengths/step,48988160,593.6004028320312
mg_A_seed2801,episode_lengths/step,49152000,594.281982421875
mg_A_seed2801,episode_lengths/step,49315840,594.325927734375
mg_A_seed2801,episode_lengths/step,49479680,594.0465087890625
mg_A_seed2801,episode_lengths/step,49643520,594.1309814453125
mg_A_seed2801,episode_lengths/step,49807360,594.1544189453125
mg_A_seed2801,episode_lengths/step,49971200,594.181640625
mg_A_seed2801,episode_lengths/step,50135040,594.214599609375
mg_A_seed2801,episode_lengths/step,50298880,594.2494506835938
mg_A_seed2801,episode_lengths/step,50462720,594.2760620117188
mg_A_seed2801,episode_lengths/step,50626560,594.339111328125
mg_A_seed2801,episode_lengths/step,50790400,594.415771484375
mg_A_seed2801,episode_lengths/step,50954240,594.4820556640625
mg_A_seed2801,episode_lengths/step,51118080,594.4254150390625
mg_A_seed2801,episode_lengths/step,51281920,594.484375
mg_A_seed2801,episode_lengths/step,51445760,594.5718383789062
mg_A_seed2801,episode_lengths/step,51609600,594.5545654296875
mg_A_seed2801,episode_lengths/step,51773440,594.6376342773438
mg_A_seed2801,episode_lengths/step,51937280,594.7092895507812
mg_A_seed2801,episode_lengths/step,52101120,594.7877807617188
mg_A_seed2801,episode_lengths/step,52264960,595.171142578125
mg_A_seed2801,episode_lengths/step,52428800,595.1494750976562
mg_A_seed2801,episode_lengths/step,52592640,594.9180908203125
mg_A_seed2801,episode_lengths/step,52756480,594.9837036132812
mg_A_seed2801,episode_lengths/step,52920320,595.0023803710938
mg_A_seed2801,episode_lengths/step,53084160,595.0271606445312
mg_A_seed2801,episode_lengths/step,53248000,595.0518798828125
mg_A_seed2801,episode_lengths/step,53411840,595.0782470703125
mg_A_seed2801,episode_lengths/step,53575680,595.1106567382812
mg_A_seed2801,episode_lengths/step,53739520,595.178466796875
mg_A_seed2801,episode_lengths/step,53903360,595.2325439453125
mg_A_seed2801,episode_lengths/step,54067200,595.1160888671875
mg_A_seed2801,episode_lengths/step,54231040,595.1771850585938
mg_A_seed2801,episode_lengths/step,54394880,595.2284545898438
mg_A_seed2801,episode_lengths/step,54558720,595.3040771484375
mg_A_seed2801,episode_lengths/step,54722560,595.182373046875
mg_A_seed2801,episode_lengths/step,54886400,595.2604370117188
mg_A_seed2801,episode_lengths/step,55050240,595.3508911132812
mg_A_seed2801,episode_lengths/step,55214080,595.3818969726562
mg_A_seed2801,episode_lengths/step,55377920,595.9274291992188
mg_A_seed2801,episode_lengths/step,55541760,596.041015625
mg_A_seed2801,episode_lengths/step,55705600,596.0972290039062
mg_A_seed2801,episode_lengths/step,55869440,595.9714965820312
mg_A_seed2801,episode_lengths/step,56033280,595.9849243164062
mg_A_seed2801,episode_lengths/step,56197120,596.0088500976562
mg_A_seed2801,episode_lengths/step,56360960,596.0298461914062
mg_A_seed2801,episode_lengths/step,56524800,596.0469360351562
mg_A_seed2801,episode_lengths/step,56688640,596.0771484375
mg_A_seed2801,episode_lengths/step,56852480,596.13037109375
mg_A_seed2801,episode_lengths/step,57016320,596.1790161132812
mg_A_seed2801,episode_lengths/step,57180160,596.2181396484375
mg_A_seed2801,episode_lengths/step,57344000,596.2657470703125
mg_A_seed2801,episode_lengths/step,57507840,596.3115234375
mg_A_seed2801,episode_lengths/step,57671680,596.3662719726562
mg_A_seed2801,episode_lengths/step,57835520,596.41064453125
mg_A_seed2801,episode_lengths/step,57999360,596.4722290039062
mg_A_seed2801,episode_lengths/step,58163200,596.54443359375
mg_A_seed2801,episode_lengths/step,58327040,596.6023559570312
mg_A_seed2801,episode_lengths/step,58490880,596.4883422851562
mg_A_seed2801,episode_lengths/step,58654720,596.5759887695312
mg_A_seed2801,episode_lengths/step,58818560,596.6096801757812
mg_A_seed2801,episode_lengths/step,58982400,596.6354370117188
mg_A_seed2801,episode_lengths/step,59146240,596.6475830078125
mg_A_seed2801,episode_lengths/step,59310080,596.6663818359375
mg_A_seed2801,episode_lengths/step,59473920,596.6883544921875
mg_A_seed2801,episode_lengths/step,59637760,596.7015380859375
mg_A_seed2801,episode_lengths/step,59801600,596.7297973632812
mg_A_seed2801,episode_lengths/step,59965440,596.5803833007812
mg_A_seed2801,episode_lengths/step,60129280,596.6201782226562
mg_A_seed2801,episode_lengths/step,60293120,596.4658203125
mg_A_seed2801,episode_lengths/step,60456960,596.435546875
mg_A_seed2801,episode_lengths/step,60620800,596.48388671875
mg_A_seed2801,episode_lengths/step,60784640,596.5374145507812
mg_A_seed2801,episode_lengths/step,60948480,596.5565185546875
mg_A_seed2801,episode_lengths/step,61112320,596.6133422851562
mg_A_seed2801,episode_lengths/step,61276160,596.6723022460938
mg_A_seed2801,episode_lengths/step,61440000,597.0197143554688
mg_A_seed2801,episode_lengths/step,61603840,597.1431884765625
mg_A_seed2801,episode_lengths/step,61767680,597.196533203125
mg_A_seed2801,episode_lengths/step,61931520,597.0484008789062
mg_A_seed2801,episode_lengths/step,62095360,596.8981323242188
mg_A_seed2801,episode_lengths/step,62259200,596.9104614257812
mg_A_seed2801,episode_lengths/step,62423040,596.9279174804688
mg_A_seed2801,episode_lengths/step,62586880,596.8679809570312
mg_A_seed2801,episode_lengths/step,62750720,596.8825073242188
mg_A_seed2801,episode_lengths/step,62914560,596.9155883789062
mg_A_seed2801,episode_lengths/step,63078400,596.9573974609375
mg_A_seed2801,episode_lengths/step,63242240,596.9927978515625
mg_A_seed2801,episode_lengths/step,63406080,596.7555541992188
mg_A_seed2801,episode_lengths/step,63569920,596.7232666015625
mg_A_seed2801,episode_lengths/step,63733760,596.6575317382812
mg_A_seed2801,episode_lengths/step,63897600,596.7015991210938
mg_A_seed2801,episode_lengths/step,64061440,596.75830078125
mg_A_seed2801,episode_lengths/step,64225280,596.8159790039062
mg_A_seed2801,episode_lengths/step,64389120,596.845458984375
mg_A_seed2801,episode_lengths/step,64552960,596.77783203125
mg_A_seed2801,episode_lengths/step,64716800,596.8998413085938
mg_A_seed2801,episode_lengths/step,64880640,596.9459228515625
mg_A_seed2801,episode_lengths/step,65044480,596.6177368164062
mg_A_seed2801,episode_lengths/step,65208320,596.4667358398438
mg_A_seed2801,episode_lengths/step,65372160,596.4841918945312
mg_A_seed2801,episode_lengths/step,65536000,596.3617553710938
mg_A_seed2801,episode_lengths/step,65699840,596.3809814453125
mg_A_seed2801,episode_lengths/step,65863680,596.3773803710938
mg_A_seed2801,episode_lengths/step,66027520,596.4252319335938
mg_A_seed2801,episode_lengths/step,66191360,596.4640502929688
mg_A_seed2801,episode_lengths/step,66355200,596.5026245117188
mg_A_seed2801,episode_lengths/step,66519040,596.5480346679688
mg_A_seed2801,episode_lengths/step,66682880,596.589111328125
mg_A_seed2801,episode_lengths/step,66846720,596.642333984375
mg_A_seed2801,episode_lengths/step,67010560,596.6810913085938
mg_A_seed2801,episode_lengths/step,67174400,596.7381591796875
mg_A_seed2801,episode_lengths/step,67338240,596.6048583984375
mg_A_seed2801,episode_lengths/step,67502080,596.6652221679688
mg_A_seed2801,episode_lengths/step,67665920,596.8480224609375
mg_A_seed2801,episode_lengths/step,67829760,596.749267578125
mg_A_seed2801,episode_lengths/step,67993600,596.61767578125
mg_A_seed2801,episode_lengths/step,68157440,596.6554565429688
mg_A_seed2801,episode_lengths/step,68321280,596.6676025390625
mg_A_seed2801,episode_lengths/step,68485120,596.6884765625
mg_A_seed2801,episode_lengths/step,68648960,596.6815795898438
mg_A_seed2801,episode_lengths/step,68812800,596.6969604492188
mg_A_seed2801,episode_lengths/step,68976640,596.7222290039062
mg_A_seed2801,episode_lengths/step,69140480,596.5578002929688
mg_A_seed2801,episode_lengths/step,69304320,596.6011352539062
mg_A_seed2801,episode_lengths/step,69468160,596.6370239257812
mg_A_seed2801,episode_lengths/step,69632000,596.6813354492188
mg_A_seed2801,episode_lengths/step,69795840,596.6822509765625
mg_A_seed2801,episode_lengths/step,69959680,596.7305297851562
mg_A_seed2801,episode_lengths/step,70123520,596.58935546875
mg_A_seed2801,episode_lengths/step,70287360,596.6217041015625
mg_A_seed2801,episode_lengths/step,70451200,596.6884155273438
mg_A_seed2801,episode_lengths/step,70615040,596.7425537109375
mg_A_seed2801,episode_lengths/step,70778880,597.123779296875
mg_A_seed2801,episode_lengths/step,70942720,597.0104370117188
mg_A_seed2801,episode_lengths/step,71106560,596.6195068359375
mg_A_seed2801,episode_lengths/step,71270400,596.4816284179688
mg_A_seed2801,episode_lengths/step,71434240,596.4100952148438
mg_A_seed2801,episode_lengths/step,71598080,596.43017578125
mg_A_seed2801,episode_lengths/step,71761920,596.3526611328125
mg_A_seed2801,episode_lengths/step,71925760,596.2692260742188
mg_A_seed2801,episode_lengths/step,72089600,596.3013916015625
mg_A_seed2801,episode_lengths/step,72253440,596.3180541992188
mg_A_seed2801,episode_lengths/step,72417280,596.3009033203125
mg_A_seed2801,episode_lengths/step,72581120,596.3438110351562
mg_A_seed2801,episode_lengths/step,72744960,596.3848876953125
mg_A_seed2801,episode_lengths/step,72908800,596.4336547851562
mg_A_seed2801,episode_lengths/step,73072640,596.4888916015625
mg_A_seed2801,episode_lengths/step,73236480,596.5411376953125
mg_A_seed2801,episode_lengths/step,73400320,596.5947265625
mg_A_seed2801,episode_lengths/step,73564160,596.6492309570312
mg_A_seed2801,episode_lengths/step,73728000,596.9749755859375
mg_A_seed2801,episode_lengths/step,73891840,597.0991821289062
mg_A_seed2801,episode_lengths/step,74055680,597.153564453125
mg_A_seed2801,episode_lengths/step,74219520,597.1996459960938
mg_A_seed2801,episode_lengths/step,74383360,597.0433959960938
mg_A_seed2801,episode_lengths/step,74547200,597.0570678710938
mg_A_seed2801,episode_lengths/step,74711040,597.0736694335938
mg_A_seed2801,episode_lengths/step,74874880,597.0941772460938
mg_A_seed2801,episode_lengths/step,75038720,597.1098022460938
mg_A_seed2801,episode_lengths/step,75202560,597.1410522460938
mg_A_seed2801,episode_lengths/step,75366400,597.0855102539062
mg_A_seed2801,episode_lengths/step,75530240,597.0302734375
mg_A_seed2801,episode_lengths/step,75694080,597.0635375976562
mg_A_seed2801,episode_lengths/step,75857920,597.09765625
mg_A_seed2801,episode_lengths/step,76021760,597.0884399414062
mg_A_seed2801,episode_lengths/step,76185600,597.1279907226562
mg_A_seed2801,episode_lengths/step,76349440,597.1768798828125
mg_A_seed2801,episode_lengths/step,76513280,597.221435546875
mg_A_seed2801,episode_lengths/step,76677120,597.2546997070312
mg_A_seed2801,episode_lengths/step,76840960,597.1860961914062
mg_A_seed2801,episode_lengths/step,77004800,597.291748046875
mg_A_seed2801,episode_lengths/step,77168640,597.3330078125
mg_A_seed2801,episode_lengths/step,77332480,597.3707885742188
mg_A_seed2801,episode_lengths/step,77496320,597.3837280273438
mg_A_seed2801,episode_lengths/step,77660160,597.1993408203125
mg_A_seed2801,episode_lengths/step,77824000,597.2039794921875
mg_A_seed2801,episode_lengths/step,77987840,597.195556640625
mg_A_seed2801,episode_lengths/step,78151680,597.21484375
mg_A_seed2801,episode_lengths/step,78315520,597.25244140625
mg_A_seed2801,episode_lengths/step,78479360,597.1049194335938
mg_A_seed2801,episode_lengths/step,78643200,597.1362915039062
mg_A_seed2801,episode_lengths/step,78807040,596.9786376953125
mg_A_seed2801,episode_lengths/step,78970880,596.97705078125
mg_A_seed2801,episode_lengths/step,79134720,596.8243408203125
mg_A_seed2801,episode_lengths/step,79298560,596.862060546875
mg_A_seed2801,episode_lengths/step,79462400,596.91455078125
mg_A_seed2801,episode_lengths/step,79626240,596.9685668945312
mg_A_seed2801,episode_lengths/step,79790080,596.8316040039062
mg_A_seed2801,episode_lengths/step,79953920,596.785888671875
mg_A_seed2801,episode_lengths/step,80117760,596.3240356445312
mg_A_seed2801,episode_lengths/step,80281600,596.1903076171875
mg_A_seed2801,episode_lengths/step,80445440,596.2330932617188
mg_A_seed2801,episode_lengths/step,80609280,596.0548095703125
mg_A_seed2801,episode_lengths/step,80773120,596.0784301757812
mg_A_seed2801,episode_lengths/step,80936960,595.9049072265625
mg_A_seed2801,episode_lengths/step,81100800,595.9266357421875
mg_A_seed2801,episode_lengths/step,81264640,595.9562377929688
mg_A_seed2801,episode_lengths/step,81428480,595.9132690429688
mg_A_seed2801,episode_lengths/step,81592320,595.7722778320312
mg_A_seed2801,episode_lengths/step,81756160,595.8143310546875
mg_A_seed2801,episode_lengths/step,81920000,595.4901123046875
mg_A_seed2801,episode_lengths/step,82083840,595.5494384765625
mg_A_seed2801,episode_lengths/step,82247680,595.6156616210938
mg_A_seed2801,episode_lengths/step,82411520,595.5786743164062
mg_A_seed2801,episode_lengths/step,82575360,595.6531372070312
mg_A_seed2801,episode_lengths/step,82739200,595.7222900390625
mg_A_seed2801,episode_lengths/step,82903040,595.6181640625
mg_A_seed2801,episode_lengths/step,83066880,595.9226684570312
mg_A_seed2801,episode_lengths/step,83230720,596.0243530273438
mg_A_seed2801,episode_lengths/step,83394560,595.796630859375
mg_A_seed2801,episode_lengths/step,83558400,595.8342895507812
mg_A_seed2801,episode_lengths/step,83722240,595.669677734375
mg_A_seed2801,episode_lengths/step,83886080,595.695556640625
mg_A_seed2801,episode_lengths/step,84049920,595.7268676757812
mg_A_seed2801,episode_lengths/step,84213760,595.7451171875
mg_A_seed2801,episode_lengths/step,84377600,595.7816772460938
mg_A_seed2801,episode_lengths/step,84541440,595.8484497070312
mg_A_seed2801,episode_lengths/step,84705280,595.89501953125
mg_A_seed2801,episode_lengths/step,84869120,595.9425659179688
mg_A_seed2801,episode_lengths/step,85032960,595.98828125
mg_A_seed2801,episode_lengths/step,85196800,596.04638671875
mg_A_seed2801,episode_lengths/step,85360640,596.1063232421875
mg_A_seed2801,episode_lengths/step,85524480,596.1666870117188
mg_A_seed2801,episode_lengths/step,85688320,596.2237548828125
mg_A_seed2801,episode_lengths/step,85852160,596.2921752929688
mg_A_seed2801,episode_lengths/step,86016000,596.6538696289062
mg_A_seed2801,episode_lengths/step,86179840,596.7901000976562
mg_A_seed2801,episode_lengths/step,86343680,596.6723022460938
mg_A_seed2801,episode_lengths/step,86507520,596.723876953125
mg_A_seed2801,episode_lengths/step,86671360,596.4002685546875
mg_A_seed2801,episode_lengths/step,86835200,596.419189453125
mg_A_seed2801,episode_lengths/step,86999040,596.3005981445312
mg_A_seed2801,episode_lengths/step,87162880,596.3274536132812
mg_A_seed2801,episode_lengths/step,87326720,596.3457641601562
mg_A_seed2801,episode_lengths/step,87490560,596.3843383789062
mg_A_seed2801,episode_lengths/step,87654400,596.4378662109375
mg_A_seed2801,episode_lengths/step,87818240,596.47900390625
mg_A_seed2801,episode_lengths/step,87982080,596.4461059570312
mg_A_seed2801,episode_lengths/step,88145920,596.3229370117188
mg_A_seed2801,episode_lengths/step,88309760,596.281982421875
mg_A_seed2801,episode_lengths/step,88473600,596.2708129882812
mg_A_seed2801,episode_lengths/step,88637440,596.2587280273438
mg_A_seed2801,episode_lengths/step,88801280,596.314208984375
mg_A_seed2801,episode_lengths/step,88965120,596.3726196289062
mg_A_seed2801,episode_lengths/step,89128960,596.7432861328125
mg_A_seed2801,episode_lengths/step,89292800,596.596923828125
mg_A_seed2801,episode_lengths/step,89456640,596.6507568359375
mg_A_seed2801,episode_lengths/step,89620480,596.6970825195312
mg_A_seed2801,episode_lengths/step,89784320,596.7146606445312
mg_A_seed2801,episode_lengths/step,89948160,596.73193359375
mg_A_seed2801,episode_lengths/step,90112000,596.6140747070312
mg_A_seed2801,episode_lengths/step,90275840,596.6332397460938
mg_A_seed2801,episode_lengths/step,90439680,596.6553955078125
mg_A_seed2801,episode_lengths/step,90603520,596.7006225585938
mg_A_seed2801,episode_lengths/step,90767360,596.6818237304688
mg_A_seed2801,episode_lengths/step,90931200,596.7169799804688
mg_A_seed2801,episode_lengths/step,91095040,596.7604370117188
mg_A_seed2801,episode_lengths/step,91258880,596.801025390625
mg_A_seed2801,episode_lengths/step,91422720,596.6573486328125
mg_A_seed2801,episode_lengths/step,91586560,596.5159912109375
mg_A_seed2801,episode_lengths/step,91750400,596.3385009765625
mg_A_seed2801,episode_lengths/step,91914240,596.400146484375
mg_A_seed2801,episode_lengths/step,92078080,596.466552734375
mg_A_seed2801,episode_lengths/step,92241920,596.6539306640625
mg_A_seed2801,episode_lengths/step,92405760,596.7451782226562
mg_A_seed2801,episode_lengths/step,92569600,596.7965087890625
mg_A_seed2801,episode_lengths/step,92733440,596.83251953125
mg_A_seed2801,episode_lengths/step,92897280,596.84912109375
mg_A_seed2801,episode_lengths/step,93061120,596.867919921875
mg_A_seed2801,episode_lengths/step,93224960,596.888671875
mg_A_seed2801,episode_lengths/step,93388800,596.9042358398438
mg_A_seed2801,episode_lengths/step,93552640,596.9268798828125
mg_A_seed2801,episode_lengths/step,93716480,596.9696044921875
mg_A_seed2801,episode_lengths/step,93880320,596.9138793945312
mg_A_seed2801,episode_lengths/step,94044160,596.8115234375
mg_A_seed2801,episode_lengths/step,94208000,596.8546752929688
mg_A_seed2801,episode_lengths/step,94371840,596.8746948242188
mg_A_seed2801,episode_lengths/step,94535680,596.9212036132812
mg_A_seed2801,episode_lengths/step,94699520,596.8978881835938
mg_A_seed2801,episode_lengths/step,94863360,596.9480590820312
mg_A_seed2801,episode_lengths/step,95027200,597.003173828125
mg_A_seed2801,episode_lengths/step,95191040,596.8576049804688
mg_A_seed2801,episode_lengths/step,95354880,597.20849609375
mg_A_seed2801,episode_lengths/step,95518720,597.2754516601562
mg_A_seed2801,episode_lengths/step,95682560,597.3115234375
mg_A_seed2801,episode_lengths/step,95846400,597.293212890625
mg_A_seed2801,episode_lengths/step,96010240,597.281494140625
mg_A_seed2801,episode_lengths/step,96174080,597.2987670898438
mg_A_seed2801,episode_lengths/step,96337920,597.3167724609375
mg_A_seed2801,episode_lengths/step,96501760,597.1334228515625
mg_A_seed2801,episode_lengths/step,96665600,597.157958984375
mg_A_seed2801,episode_lengths/step,96829440,597.1734619140625
mg_A_seed2801,episode_lengths/step,96993280,597.2068481445312
mg_A_seed2801,episode_lengths/step,97157120,597.2408447265625
mg_A_seed2801,episode_lengths/step,97320960,597.27197265625
mg_A_seed2801,episode_lengths/step,97484800,597.3146362304688
mg_A_seed2801,episode_lengths/step,97648640,597.1615600585938
mg_A_seed2801,episode_lengths/step,97812480,597.2073974609375
mg_A_seed2801,episode_lengths/step,97976320,597.2478637695312
mg_A_seed2801,episode_lengths/step,98140160,597.2962646484375
mg_A_seed2801,episode_lengths/step,98304000,597.554443359375
mg_A_seed2801,episode_lengths/step,98467840,597.2717895507812
mg_A_seed2801,episode_lengths/step,98631680,597.3240966796875
mg_A_seed2801,episode_lengths/step,98795520,597.1763305664062
mg_A_seed2801,episode_lengths/step,98959360,597.1931762695312
mg_A_seed2801,episode_lengths/step,99123200,597.2078857421875
mg_A_seed2801,episode_lengths/step,99287040,597.2244262695312
mg_A_seed2801,episode_lengths/step,99450880,597.2418823242188
mg_A_seed2801,episode_lengths/step,99614720,597.255615234375
mg_A_seed2801,episode_lengths/step,99778560,597.2848510742188
mg_A_seed2801,episode_lengths/step,99942400,597.326171875
mg_A_seed2801,episode_lengths/step,100106240,597.3580322265625
mg_A_seed2801,episode_lengths/step,100270080,597.39013671875
mg_A_seed2801,episode_lengths/step,100433920,597.03515625
mg_A_seed2801,episode_lengths/step,100597760,596.8919067382812
mg_A_seed2801,episode_lengths/step,100761600,596.9360961914062
mg_A_seed2801,episode_lengths/step,100925440,596.7429809570312
mg_A_seed2801,episode_lengths/step,101089280,596.791015625
mg_A_seed2801,episode_lengths/step,101253120,596.6446533203125
mg_A_seed2801,episode_lengths/step,101416960,596.9852294921875
mg_A_seed2801,episode_lengths/step,101580800,596.9066772460938
mg_A_seed2801,episode_lengths/step,101744640,596.9547119140625
mg_A_seed2801,episode_lengths/step,101908480,596.9970092773438
mg_A_seed2801,episode_lengths/step,102072320,596.9888916015625
mg_A_seed2801,episode_lengths/step,102236160,597.0037231445312
mg_A_seed2801,episode_lengths/step,102400000,597.0216064453125
mg_A_seed2801,episode_lengths/step,102563840,597.036376953125
mg_A_seed2801,episode_lengths/step,102727680,597.0559692382812
mg_A_seed2801,episode_lengths/step,102891520,597.0960083007812
mg_A_seed2801,episode_lengths/step,103055360,597.1334838867188
mg_A_seed2801,episode_lengths/step,103219200,597.1636962890625
mg_A_seed2801,episode_lengths/step,103383040,597.12646484375
mg_A_seed2801,episode_lengths/step,103546880,597.1633911132812
mg_A_seed2801,episode_lengths/step,103710720,597.0856323242188
mg_A_seed2801,episode_lengths/step,103874560,596.9323120117188
mg_A_seed2801,episode_lengths/step,104038400,596.98681640625
mg_A_seed2801,episode_lengths/step,104202240,597.0374755859375
mg_A_seed2801,episode_lengths/step,104366080,597.0931396484375
mg_A_seed2801,episode_lengths/step,104529920,597.4046630859375
mg_A_seed2801,episode_lengths/step,104693760,597.4756469726562
mg_A_seed2801,episode_lengths/step,104857600,597.3443603515625
mg_A_seed2801,episode_lengths/step,105021440,597.3739013671875
mg_A_seed2801,episode_lengths/step,105185280,597.3885498046875
mg_A_seed2801,episode_lengths/step,105349120,597.403076171875
mg_A_seed2801,episode_lengths/step,105512960,597.41845703125
mg_A_seed2801,episode_lengths/step,105676800,597.4295654296875
mg_A_seed2801,episode_lengths/step,105840640,597.4483642578125
mg_A_seed2801,episode_lengths/step,106004480,597.4846801757812
mg_A_seed2801,episode_lengths/step,106168320,597.2111206054688
mg_A_seed2801,episode_lengths/step,106332160,597.2387084960938
mg_A_seed2801,episode_lengths/step,106496000,597.2752685546875
mg_A_seed2801,episode_lengths/step,106659840,597.3150634765625
mg_A_seed2801,episode_lengths/step,106823680,597.3555908203125
mg_A_seed2801,episode_lengths/step,106987520,597.3963012695312
mg_A_seed2801,episode_lengths/step,107151360,597.439208984375
mg_A_seed2801,episode_lengths/step,107315200,597.48486328125
mg_A_seed2801,episode_lengths/step,107479040,597.4165649414062
mg_A_seed2801,episode_lengths/step,107642880,597.5120849609375
mg_A_seed2801,episode_lengths/step,107806720,597.5718383789062
mg_A_seed2801,episode_lengths/step,107970560,597.6029052734375
mg_A_seed2801,episode_lengths/step,108134400,597.4288940429688
mg_A_seed2801,episode_lengths/step,108298240,597.4425659179688
mg_A_seed2801,episode_lengths/step,108462080,597.3025512695312
mg_A_seed2801,episode_lengths/step,108625920,597.3197631835938
mg_A_seed2801,episode_lengths/step,108789760,597.3297729492188
mg_A_seed2801,episode_lengths/step,108953600,597.3529052734375
mg_A_seed2801,episode_lengths/step,109117440,597.3944702148438
mg_A_seed2801,episode_lengths/step,109281280,597.4254150390625
mg_A_seed2801,episode_lengths/step,109445120,597.4569091796875
mg_A_seed2801,episode_lengths/step,109608960,597.42138671875
mg_A_seed2801,episode_lengths/step,109772800,597.46044921875
mg_A_seed2801,episode_lengths/step,109936640,597.501708984375
mg_A_seed2801,episode_lengths/step,110100480,597.5419921875
mg_A_seed2801,episode_lengths/step,110264320,597.3941650390625
mg_A_seed2801,episode_lengths/step,110428160,597.2445678710938
mg_A_seed2801,episode_lengths/step,110592000,597.3223266601562
mg_A_seed2801,episode_lengths/step,110755840,597.2369384765625
mg_A_seed2801,episode_lengths/step,110919680,597.0950317382812
mg_A_seed2801,episode_lengths/step,111083520,597.1370239257812
mg_A_seed2801,episode_lengths/step,111247360,597.1558837890625
mg_A_seed2801,episode_lengths/step,111411200,597.0208129882812
mg_A_seed2801,episode_lengths/step,111575040,597.0383911132812
mg_A_seed2801,episode_lengths/step,111738880,597.0549926757812
mg_A_seed2801,episode_lengths/step,111902720,596.8970947265625
mg_A_seed2801,episode_lengths/step,112066560,596.929931640625
mg_A_seed2801,episode_lengths/step,112230400,596.9766845703125
mg_A_seed2801,episode_lengths/step,112394240,597.0126342773438
mg_A_seed2801,episode_lengths/step,112558080,596.9779663085938
mg_A_seed2801,episode_lengths/step,112721920,597.013916015625
mg_A_seed2801,episode_lengths/step,112885760,597.03662109375
mg_A_seed2801,episode_lengths/step,113049600,597.0767211914062
mg_A_seed2801,episode_lengths/step,113213440,597.133544921875
mg_A_seed2801,episode_lengths/step,113377280,597.1748657226562
mg_A_seed2801,episode_lengths/step,113541120,597.2039794921875
mg_A_seed2801,episode_lengths/step,113704960,597.107421875
mg_A_seed2801,episode_lengths/step,113868800,597.0336303710938
mg_A_seed2801,episode_lengths/step,114032640,596.8846435546875
mg_A_seed2801,episode_lengths/step,114196480,596.7566528320312
mg_A_seed2801,episode_lengths/step,114360320,596.7757568359375
mg_A_seed2801,episode_lengths/step,114524160,596.792724609375
mg_A_seed2801,episode_lengths/step,114688000,596.6703491210938
mg_A_seed2801,episode_lengths/step,114851840,596.41796875
mg_A_seed2801,episode_lengths/step,115015680,596.4415893554688
mg_A_seed2801,episode_lengths/step,115179520,596.1888427734375
mg_A_seed2801,episode_lengths/step,115343360,596.2379760742188
mg_A_seed2801,episode_lengths/step,115507200,596.2777099609375
mg_A_seed2801,episode_lengths/step,115671040,596.3267822265625
mg_A_seed2801,episode_lengths/step,115834880,596.3754272460938
mg_A_seed2801,episode_lengths/step,115998720,596.4374389648438
mg_A_seed2801,episode_lengths/step,116162560,596.447509765625
mg_A_seed2801,episode_lengths/step,116326400,596.5120239257812
mg_A_seed2801,episode_lengths/step,116490240,596.5697631835938
mg_A_seed2801,episode_lengths/step,116654080,596.633056640625
mg_A_seed2801,episode_lengths/step,116817920,596.44580078125
mg_A_seed2801,episode_lengths/step,116981760,596.5403442382812
mg_A_seed2801,episode_lengths/step,117145600,596.59521484375
mg_A_seed2801,episode_lengths/step,117309440,596.2041625976562
mg_A_seed2801,episode_lengths/step,117473280,596.2269287109375
mg_A_seed2801,episode_lengths/step,117637120,596.2482299804688
mg_A_seed2801,episode_lengths/step,117800960,596.2730712890625
mg_A_seed2801,episode_lengths/step,117964800,596.290283203125
mg_A_seed2801,episode_lengths/step,118128640,596.317138671875
mg_A_seed2801,episode_lengths/step,118292480,596.373046875
mg_A_seed2801,episode_lengths/step,118456320,596.3372802734375
mg_A_seed2801,episode_lengths/step,118620160,596.37255859375
mg_A_seed2801,episode_lengths/step,118784000,596.4203491210938
mg_A_seed2801,episode_lengths/step,118947840,596.474609375
mg_A_seed2801,episode_lengths/step,119111680,596.5280151367188
mg_A_seed2801,episode_lengths/step,119275520,596.5819091796875
mg_A_seed2801,episode_lengths/step,119439360,596.6070556640625
mg_A_seed2801,episode_lengths/step,119603200,596.6673583984375
mg_A_seed2801,episode_lengths/step,119767040,596.3546752929688
mg_A_seed2801,episode_lengths/step,119930880,596.74658203125
mg_A_seed2801,episode_lengths/step,120094720,596.8223876953125
mg_A_seed2801,episode_lengths/step,120258560,596.6895751953125
mg_A_seed2801,episode_lengths/step,120422400,596.7236328125
mg_A_seed2801,episode_lengths/step,120586240,596.5563354492188
mg_A_seed2801,episode_lengths/step,120750080,596.5791015625
mg_A_seed2801,episode_lengths/step,120913920,596.601806640625
mg_A_seed2801,episode_lengths/step,121077760,596.6166381835938
mg_A_seed2801,episode_lengths/step,121241600,596.4498901367188
mg_A_seed2801,episode_lengths/step,121405440,596.5095825195312
mg_A_seed2801,episode_lengths/step,121569280,596.55224609375
mg_A_seed2801,episode_lengths/step,121733120,596.5933837890625
mg_A_seed2801,episode_lengths/step,121896960,596.4619140625
mg_A_seed2801,episode_lengths/step,122060800,596.322998046875
mg_A_seed2801,episode_lengths/step,122224640,596.3823852539062
mg_A_seed2801,episode_lengths/step,122388480,596.4395141601562
mg_A_seed2801,episode_lengths/step,122552320,596.4924926757812
mg_A_seed2801,episode_lengths/step,122716160,596.5527954101562
mg_A_seed2801,episode_lengths/step,122880000,596.8617553710938
mg_A_seed2801,episode_lengths/step,123043840,596.9917602539062
mg_A_seed2801,episode_lengths/step,123207680,597.0489501953125
mg_A_seed2801,episode_lengths/step,123371520,597.0947875976562
mg_A_seed2801,episode_lengths/step,123535360,597.114013671875
mg_A_seed2801,episode_lengths/step,123699200,597.131103515625
mg_A_seed2801,episode_lengths/step,123863040,597.1478881835938
mg_A_seed2801,episode_lengths/step,124026880,597.165771484375
mg_A_seed2801,episode_lengths/step,124190720,596.98193359375
mg_A_seed2801,episode_lengths/step,124354560,597.0167236328125
mg_A_seed2801,episode_lengths/step,124518400,597.06298828125
mg_A_seed2801,episode_lengths/step,124682240,597.0980834960938
mg_A_seed2801,episode_lengths/step,124846080,597.04736328125
mg_A_seed2801,episode_lengths/step,125009920,597.08251953125
mg_A_seed2801,episode_lengths/step,125173760,597.1343383789062
mg_A_seed2801,episode_lengths/step,125337600,597.174072265625
mg_A_seed2801,episode_lengths/step,125501440,597.2288818359375
mg_A_seed2801,episode_lengths/step,125665280,597.268310546875
mg_A_seed2801,episode_lengths/step,125829120,597.3099365234375
mg_A_seed2801,episode_lengths/step,125992960,597.571533203125
mg_A_seed2801,episode_lengths/step,126156800,597.6595458984375
mg_A_seed2801,episode_lengths/step,126320640,597.4948120117188
mg_A_seed2801,episode_lengths/step,126484480,597.529541015625
mg_A_seed2801,episode_lengths/step,126648320,597.544921875
mg_A_seed2801,episode_lengths/step,126812160,597.4215698242188
mg_A_seed2801,episode_lengths/step,126976000,597.299560546875
mg_A_seed2801,episode_lengths/step,127139840,597.3131713867188
mg_A_seed2801,episode_lengths/step,127303680,597.3311157226562
mg_A_seed2801,episode_lengths/step,127467520,597.1735229492188
mg_A_seed2801,episode_lengths/step,127631360,597.2086791992188
mg_A_seed2801,episode_lengths/step,127795200,597.2398681640625
mg_A_seed2801,episode_lengths/step,127959040,597.110595703125
mg_A_seed2801,episode_lengths/step,128122880,596.9558715820312
mg_A_seed2801,episode_lengths/step,128286720,597.0079345703125
mg_A_seed2801,episode_lengths/step,128450560,597.0502319335938
mg_A_seed2801,episode_lengths/step,128614400,597.1035766601562
mg_A_seed2801,episode_lengths/step,128778240,597.1502685546875
mg_A_seed2801,episode_lengths/step,128942080,597.20263671875
mg_A_seed2801,episode_lengths/step,129105920,597.4901733398438
mg_A_seed2801,episode_lengths/step,129269760,597.1840209960938
mg_A_seed2801,episode_lengths/step,129433600,597.2291870117188
mg_A_seed2801,episode_lengths/step,129597440,596.9273071289062
mg_A_seed2801,episode_lengths/step,129761280,596.9466552734375
mg_A_seed2801,episode_lengths/step,129925120,596.9649047851562
mg_A_seed2801,episode_lengths/step,130088960,596.9859008789062
mg_A_seed2801,episode_lengths/step,130252800,596.969482421875
mg_A_seed2801,episode_lengths/step,130416640,596.99169921875
mg_A_seed2801,episode_lengths/step,130580480,597.037353515625
mg_A_seed2801,episode_lengths/step,130744320,596.8822631835938
mg_A_seed2801,episode_lengths/step,130908160,596.914306640625
mg_A_seed2801,episode_lengths/step,131072000,596.9552612304688
mg_A_seed2801,episode_lengths/step,131235840,597.0035400390625
mg_A_seed2801,episode_lengths/step,131399680,597.0120239257812
mg_A_seed2801,episode_lengths/step,131563520,597.0582275390625
mg_A_seed2801,episode_lengths/step,131727360,597.1047973632812
mg_A_seed2801,episode_lengths/step,131891200,597.1561279296875
mg_A_seed2801,episode_lengths/step,132055040,597.139892578125
mg_A_seed2801,episode_lengths/step,132218880,596.8822021484375
mg_A_seed2801,episode_lengths/step,132382720,596.5901489257812
mg_A_seed2801,episode_lengths/step,132546560,596.6409912109375
mg_A_seed2801,episode_lengths/step,132710400,596.6039428710938
mg_A_seed2801,episode_lengths/step,132874240,596.6229858398438
mg_A_seed2801,episode_lengths/step,133038080,596.6475219726562
mg_A_seed2801,episode_lengths/step,133201920,596.65234375
mg_A_seed2801,episode_lengths/step,133365760,596.663330078125
mg_A_seed2801,episode_lengths/step,133529600,596.6920166015625
mg_A_seed2801,episode_lengths/step,133693440,596.4700927734375
mg_A_seed2801,episode_lengths/step,133857280,596.510986328125
mg_A_seed2801,episode_lengths/step,134021120,596.554931640625
mg_A_seed2801,episode_lengths/step,134184960,596.5982666015625
mg_A_seed2801,episode_lengths/step,134348800,596.6520385742188
mg_A_seed2801,episode_lengths/step,134512640,596.3361206054688
mg_A_seed2801,episode_lengths/step,134676480,596.3349609375
mg_A_seed2801,episode_lengths/step,134840320,596.1751708984375
mg_A_seed2801,episode_lengths/step,135004160,596.1427612304688
mg_A_seed2801,episode_lengths/step,135168000,596.4739990234375
mg_A_seed2801,episode_lengths/step,135331840,596.423828125
mg_A_seed2801,episode_lengths/step,135495680,596.4892578125
mg_A_seed2801,episode_lengths/step,135659520,596.3682250976562
mg_A_seed2801,episode_lengths/step,135823360,596.3392944335938
mg_A_seed2801,episode_lengths/step,135987200,596.3612060546875
mg_A_seed2801,episode_lengths/step,136151040,596.3853149414062
mg_A_seed2801,episode_lengths/step,136314880,596.4091796875
mg_A_seed2801,episode_lengths/step,136478720,596.1365966796875
mg_A_seed2801,episode_lengths/step,136642560,596.1571044921875
mg_A_seed2801,episode_lengths/step,136806400,596.0999145507812
mg_A_seed2801,episode_lengths/step,136970240,595.9493408203125
mg_A_seed2801,episode_lengths/step,137134080,596.0015258789062
mg_A_seed2801,episode_lengths/step,137297920,596.0490112304688
mg_A_seed2801,episode_lengths/step,137461760,596.1192626953125
mg_A_seed2801,episode_lengths/step,137625600,596.1756591796875
mg_A_seed2801,episode_lengths/step,137789440,596.24755859375
mg_A_seed2801,episode_lengths/step,137953280,596.3043212890625
mg_A_seed2801,episode_lengths/step,138117120,596.3640747070312
mg_A_seed2801,episode_lengths/step,138280960,596.7080688476562
mg_A_seed2801,episode_lengths/step,138444800,596.447265625
mg_A_seed2801,episode_lengths/step,138608640,596.3248901367188
mg_A_seed2801,episode_lengths/step,138772480,596.3795166015625
mg_A_seed2801,episode_lengths/step,138936320,596.4032592773438
mg_A_seed2801,episode_lengths/step,139100160,596.3961791992188
mg_A_seed2801,episode_lengths/step,139264000,596.4221801757812
mg_A_seed2801,episode_lengths/step,139427840,596.2425537109375
mg_A_seed2801,episode_lengths/step,139591680,596.088134765625
mg_A_seed2801,episode_lengths/step,139755520,596.1473999023438
mg_A_seed2801,episode_lengths/step,139919360,596.0503540039062
mg_A_seed2801,episode_lengths/step,140083200,596.050048828125
mg_A_seed2801,episode_lengths/step,140247040,595.9059448242188
mg_A_seed2801,episode_lengths/step,140410880,595.9600830078125
mg_A_seed2801,episode_lengths/step,140574720,596.031982421875
mg_A_seed2801,episode_lengths/step,140738560,596.0225219726562
mg_A_seed2801,episode_lengths/step,140902400,595.8956909179688
mg_A_seed2801,episode_lengths/step,141066240,595.9660034179688
mg_A_seed2801,episode_lengths/step,141230080,596.0132446289062
mg_A_seed2801,episode_lengths/step,141393920,596.21826171875
mg_A_seed2801,episode_lengths/step,141557760,596.1239624023438
mg_A_seed2801,episode_lengths/step,141721600,596.0269775390625
mg_A_seed2801,episode_lengths/step,141885440,595.9107666015625
mg_A_seed2801,episode_lengths/step,142049280,595.9378662109375
mg_A_seed2801,episode_lengths/step,142213120,595.9620361328125
mg_A_seed2801,episode_lengths/step,142376960,595.7931518554688
mg_A_seed2801,episode_lengths/step,142540800,595.8141479492188
mg_A_seed2801,episode_lengths/step,142704640,595.8445434570312
mg_A_seed2801,episode_lengths/step,142868480,595.8005981445312
mg_A_seed2801,episode_lengths/step,143032320,595.8604125976562
mg_A_seed2801,episode_lengths/step,143196160,595.9014892578125
mg_A_seed2801,episode_lengths/step,143360000,595.9140625
mg_A_seed2801,episode_lengths/step,143523840,595.9735717773438
mg_A_seed2801,episode_lengths/step,143687680,596.0372314453125
mg_A_seed2801,episode_lengths/step,143851520,596.0999755859375
mg_A_seed2801,episode_lengths/step,144015360,596.1605834960938
mg_A_seed2801,episode_lengths/step,144179200,596.230224609375
mg_A_seed2801,episode_lengths/step,144343040,595.9126586914062
mg_A_seed2801,episode_lengths/step,144506880,596.1387329101562
mg_A_seed2801,episode_lengths/step,144670720,596.230224609375
mg_A_seed2801,episode_lengths/step,144834560,596.2850341796875
mg_A_seed2801,episode_lengths/step,144998400,596.3255615234375
mg_A_seed2801,episode_lengths/step,145162240,596.3450927734375
mg_A_seed2801,episode_lengths/step,145326080,596.3717651367188
mg_A_seed2801,episode_lengths/step,145489920,596.3955688476562
mg_A_seed2801,episode_lengths/step,145653760,596.2139282226562
mg_A_seed2801,episode_lengths/step,145817600,596.2503662109375
mg_A_seed2801,episode_lengths/step,145981440,596.3158569335938
mg_A_seed2801,episode_lengths/step,146145280,596.3596801757812
mg_A_seed2801,episode_lengths/step,146309120,596.404052734375
mg_A_seed2801,episode_lengths/step,146472960,596.372802734375
mg_A_seed2801,episode_lengths/step,146636800,596.2357177734375
mg_A_seed2801,episode_lengths/step,146800640,596.299072265625
mg_A_seed2801,episode_lengths/step,146964480,596.3566284179688
mg_A_seed2801,episode_lengths/step,147128320,596.1863403320312
mg_A_seed2801,episode_lengths/step,147292160,596.249267578125
mg_A_seed2801,episode_lengths/step,147456000,596.3869018554688
mg_A_seed2801,episode_lengths/step,147619840,596.5388793945312
mg_A_seed2801,episode_lengths/step,147783680,596.6051025390625
mg_A_seed2801,episode_lengths/step,147947520,596.4651489257812
mg_A_seed2801,episode_lengths/step,148111360,596.4921264648438
mg_A_seed2801,episode_lengths/step,148275200,596.5118408203125
mg_A_seed2801,episode_lengths/step,148439040,596.5350341796875
mg_A_seed2801,episode_lengths/step,148602880,596.424560546875
mg_A_seed2801,episode_lengths/step,148766720,596.2125854492188
mg_A_seed2801,episode_lengths/step,148930560,596.2589111328125
mg_A_seed2801,episode_lengths/step,149094400,596.3155517578125
mg_A_seed2801,episode_lengths/step,149258240,596.3606567382812
mg_A_seed2801,episode_lengths/step,149422080,596.2200927734375
mg_A_seed2801,episode_lengths/step,149585920,596.266357421875
mg_A_seed2801,episode_lengths/step,149749760,596.3328247070312
mg_A_seed2801,episode_lengths/step,149913600,596.3858032226562
mg_A_seed2801,episode_lengths/step,150077440,596.4228515625
mg_A_seed2801,episode_lengths/step,150241280,596.4635009765625
mg_A_seed2801,episode_lengths/step,150405120,596.322509765625
mg_A_seed2801,episode_lengths/step,150568960,596.66064453125
mg_A_seed2801,episode_lengths/step,150732800,596.7798461914062
mg_A_seed2801,episode_lengths/step,150896640,596.8319091796875
mg_A_seed2801,episode_lengths/step,151060480,596.6729125976562
mg_A_seed2801,episode_lengths/step,151224320,596.5145263671875
mg_A_seed2801,episode_lengths/step,151388160,596.5353393554688
mg_A_seed2801,episode_lengths/step,151552000,596.4246826171875
mg_A_seed2801,episode_lengths/step,151715840,596.419921875
mg_A_seed2801,episode_lengths/step,151879680,596.4459228515625
mg_A_seed2801,episode_lengths/step,152043520,596.4998779296875
mg_A_seed2801,episode_lengths/step,152207360,596.5438842773438
mg_A_seed2801,episode_lengths/step,152371200,596.5817260742188
mg_A_seed2801,episode_lengths/step,152535040,596.5552368164062
mg_A_seed2801,episode_lengths/step,152698880,596.6019287109375
mg_A_seed2801,episode_lengths/step,152862720,596.66259765625
mg_A_seed2801,episode_lengths/step,153026560,596.7109375
mg_A_seed2801,episode_lengths/step,153190400,596.7694702148438
mg_A_seed2801,episode_lengths/step,153354240,596.6295166015625
mg_A_seed2801,episode_lengths/step,153518080,596.550537109375
mg_A_seed2801,episode_lengths/step,153681920,596.5030517578125
mg_A_seed2801,episode_lengths/step,153845760,596.5963134765625
mg_A_seed2801,episode_lengths/step,154009600,596.6083984375
mg_A_seed2801,episode_lengths/step,154173440,596.6543579101562
mg_A_seed2801,episode_lengths/step,154337280,596.6763305664062
mg_A_seed2801,episode_lengths/step,154501120,596.6961059570312
mg_A_seed2801,episode_lengths/step,154664960,596.7191772460938
mg_A_seed2801,episode_lengths/step,154828800,596.615234375
mg_A_seed2801,episode_lengths/step,154992640,596.6423950195312
mg_A_seed2801,episode_lengths/step,155156480,596.6964721679688
mg_A_seed2801,episode_lengths/step,155320320,596.743408203125
mg_A_seed2801,episode_lengths/step,155484160,596.7736206054688
mg_A_seed2801,episode_lengths/step,155648000,596.8171997070312
mg_A_seed2801,episode_lengths/step,155811840,596.8666381835938
mg_A_seed2801,episode_lengths/step,155975680,596.7247924804688
mg_A_seed2801,episode_lengths/step,156139520,596.776611328125
mg_A_seed2801,episode_lengths/step,156303360,596.8275146484375
mg_A_seed2801,episode_lengths/step,156467200,596.8848876953125
mg_A_seed2801,episode_lengths/step,156631040,596.9454345703125
mg_A_seed2801,episode_lengths/step,156794880,597.2528686523438
mg_A_seed2801,episode_lengths/step,156958720,597.3171997070312
mg_A_seed2801,episode_lengths/step,157122560,597.356201171875
mg_A_seed2801,episode_lengths/step,157286400,597.3856811523438
mg_A_seed2801,episode_lengths/step,157450240,597.20263671875
mg_A_seed2801,episode_lengths/step,157614080,597.1235961914062
mg_A_seed2801,episode_lengths/step,157777920,597.1442260742188
mg_A_seed2801,episode_lengths/step,157941760,597.1592407226562
mg_A_seed2801,episode_lengths/step,158105600,597.0908813476562
mg_A_seed2801,episode_lengths/step,158269440,597.1265869140625
mg_A_seed2801,episode_lengths/step,158433280,597.0725708007812
mg_A_seed2801,episode_lengths/step,158597120,597.041015625
mg_A_seed2801,episode_lengths/step,158760960,597.0791625976562
mg_A_seed2801,episode_lengths/step,158924800,597.1246337890625
mg_A_seed2801,episode_lengths/step,159088640,597.14892578125
mg_A_seed2801,episode_lengths/step,159252480,597.18310546875
mg_A_seed2801,episode_lengths/step,159416320,597.2265014648438
mg_A_seed2801,episode_lengths/step,159580160,597.2418823242188
mg_A_seed2801,episode_lengths/step,159744000,597.2706298828125
mg_A_seed2801,episode_lengths/step,159907840,597.3863525390625
mg_A_seed2801,episode_lengths/step,160071680,597.43359375
mg_A_seed2801,episode_lengths/step,160235520,597.4762573242188
mg_A_seed2801,episode_lengths/step,160399360,597.4956665039062
mg_A_seed2801,episode_lengths/step,160563200,597.4195556640625
mg_A_seed2801,episode_lengths/step,160727040,597.4383544921875
mg_A_seed2801,episode_lengths/step,160890880,597.456298828125
mg_A_seed2801,episode_lengths/step,161054720,597.4390869140625
mg_A_seed2801,episode_lengths/step,161218560,597.258056640625
mg_A_seed2801,episode_lengths/step,161382400,597.30078125
mg_A_seed2801,episode_lengths/step,161546240,597.3319702148438
mg_A_seed2801,episode_lengths/step,161710080,597.3688354492188
mg_A_seed2801,episode_lengths/step,161873920,597.3993530273438
mg_A_seed2801,episode_lengths/step,162037760,597.4457397460938
mg_A_seed2801,episode_lengths/step,162201600,597.4837646484375
mg_A_seed2801,episode_lengths/step,162365440,597.4933471679688
mg_A_seed2801,episode_lengths/step,162529280,597.5296020507812
mg_A_seed2801,episode_lengths/step,162693120,597.5054321289062
mg_A_seed2801,episode_lengths/step,162856960,597.732177734375
mg_A_seed2801,episode_lengths/step,163020800,597.812255859375
mg_A_seed2801,episode_lengths/step,163184640,597.8462524414062
mg_A_seed2801,episode_lengths/step,163348480,597.880126953125
mg_A_seed2801,episode_lengths/step,163512320,597.8941040039062
mg_A_seed2801,episode_lengths/step,163676160,597.9065551757812
mg_A_seed2801,episode_lengths/step,163840000,597.9224243164062
mg_A_seed2801,reset_noise/scale/frame,163840,1.0
mg_A_seed2801,reset_noise/scale/frame,327680,1.0
mg_A_seed2801,reset_noise/scale/frame,491520,1.0
mg_A_seed2801,reset_noise/scale/frame,655360,1.0
mg_A_seed2801,reset_noise/scale/frame,819200,1.0
mg_A_seed2801,reset_noise/scale/frame,983040,1.0
mg_A_seed2801,reset_noise/scale/frame,1146880,1.0
mg_A_seed2801,reset_noise/scale/frame,1310720,1.0
mg_A_seed2801,reset_noise/scale/frame,1474560,1.0
mg_A_seed2801,reset_noise/scale/frame,1638400,1.0
mg_A_seed2801,reset_noise/scale/frame,1802240,1.0
mg_A_seed2801,reset_noise/scale/frame,1966080,1.0
mg_A_seed2801,reset_noise/scale/frame,2129920,1.0
mg_A_seed2801,reset_noise/scale/frame,2293760,1.0
mg_A_seed2801,reset_noise/scale/frame,2457600,1.0
mg_A_seed2801,reset_noise/scale/frame,2621440,1.0
mg_A_seed2801,reset_noise/scale/frame,2785280,1.0
mg_A_seed2801,reset_noise/scale/frame,2949120,1.0
mg_A_seed2801,reset_noise/scale/frame,3112960,1.0
mg_A_seed2801,reset_noise/scale/frame,3276800,1.0
mg_A_seed2801,reset_noise/scale/frame,3440640,1.0
mg_A_seed2801,reset_noise/scale/frame,3604480,1.0
mg_A_seed2801,reset_noise/scale/frame,3768320,1.0
mg_A_seed2801,reset_noise/scale/frame,3932160,1.0
mg_A_seed2801,reset_noise/scale/frame,4096000,1.0
mg_A_seed2801,reset_noise/scale/frame,4259840,1.0
mg_A_seed2801,reset_noise/scale/frame,4423680,1.0
mg_A_seed2801,reset_noise/scale/frame,4587520,1.0
mg_A_seed2801,reset_noise/scale/frame,4751360,1.0
mg_A_seed2801,reset_noise/scale/frame,4915200,1.0
mg_A_seed2801,reset_noise/scale/frame,5079040,1.0
mg_A_seed2801,reset_noise/scale/frame,5242880,1.0
mg_A_seed2801,reset_noise/scale/frame,5406720,1.0
mg_A_seed2801,reset_noise/scale/frame,5570560,1.0
mg_A_seed2801,reset_noise/scale/frame,5734400,1.0
mg_A_seed2801,reset_noise/scale/frame,5898240,1.0
mg_A_seed2801,reset_noise/scale/frame,6062080,1.0
mg_A_seed2801,reset_noise/scale/frame,6225920,1.0
mg_A_seed2801,reset_noise/scale/frame,6389760,1.0
mg_A_seed2801,reset_noise/scale/frame,6553600,1.0
mg_A_seed2801,reset_noise/scale/frame,6717440,1.0
mg_A_seed2801,reset_noise/scale/frame,6881280,1.0
mg_A_seed2801,reset_noise/scale/frame,7045120,1.0
mg_A_seed2801,reset_noise/scale/frame,7208960,1.0
mg_A_seed2801,reset_noise/scale/frame,7372800,1.0
mg_A_seed2801,reset_noise/scale/frame,7536640,1.0
mg_A_seed2801,reset_noise/scale/frame,7700480,1.0
mg_A_seed2801,reset_noise/scale/frame,7864320,1.0
mg_A_seed2801,reset_noise/scale/frame,8028160,1.0
mg_A_seed2801,reset_noise/scale/frame,8192000,1.0
mg_A_seed2801,reset_noise/scale/frame,8355840,1.0
mg_A_seed2801,reset_noise/scale/frame,8519680,1.0
mg_A_seed2801,reset_noise/scale/frame,8683520,1.0
mg_A_seed2801,reset_noise/scale/frame,8847360,1.0
mg_A_seed2801,reset_noise/scale/frame,9011200,1.0
mg_A_seed2801,reset_noise/scale/frame,9175040,1.0
mg_A_seed2801,reset_noise/scale/frame,9338880,1.0
mg_A_seed2801,reset_noise/scale/frame,9502720,1.0
mg_A_seed2801,reset_noise/scale/frame,9666560,1.0
mg_A_seed2801,reset_noise/scale/frame,9830400,1.0
mg_A_seed2801,reset_noise/scale/frame,9994240,1.0
mg_A_seed2801,reset_noise/scale/frame,10158080,1.0
mg_A_seed2801,reset_noise/scale/frame,10321920,1.0
mg_A_seed2801,reset_noise/scale/frame,10485760,1.0
mg_A_seed2801,reset_noise/scale/frame,10649600,1.0
mg_A_seed2801,reset_noise/scale/frame,10813440,1.0
mg_A_seed2801,reset_noise/scale/frame,10977280,1.0
mg_A_seed2801,reset_noise/scale/frame,11141120,1.0
mg_A_seed2801,reset_noise/scale/frame,11304960,1.0
mg_A_seed2801,reset_noise/scale/frame,11468800,1.0
mg_A_seed2801,reset_noise/scale/frame,11632640,1.0
mg_A_seed2801,reset_noise/scale/frame,11796480,1.0
mg_A_seed2801,reset_noise/scale/frame,11960320,1.0
mg_A_seed2801,reset_noise/scale/frame,12124160,1.0
mg_A_seed2801,reset_noise/scale/frame,12288000,1.0
mg_A_seed2801,reset_noise/scale/frame,12451840,1.0
mg_A_seed2801,reset_noise/scale/frame,12615680,1.0
mg_A_seed2801,reset_noise/scale/frame,12779520,1.0
mg_A_seed2801,reset_noise/scale/frame,12943360,1.0
mg_A_seed2801,reset_noise/scale/frame,13107200,1.0
mg_A_seed2801,reset_noise/scale/frame,13271040,1.0
mg_A_seed2801,reset_noise/scale/frame,13434880,1.0
mg_A_seed2801,reset_noise/scale/frame,13598720,1.0
mg_A_seed2801,reset_noise/scale/frame,13762560,1.0
mg_A_seed2801,reset_noise/scale/frame,13926400,1.0
mg_A_seed2801,reset_noise/scale/frame,14090240,1.0
mg_A_seed2801,reset_noise/scale/frame,14254080,1.0
mg_A_seed2801,reset_noise/scale/frame,14417920,1.0
mg_A_seed2801,reset_noise/scale/frame,14581760,1.0
mg_A_seed2801,reset_noise/scale/frame,14745600,1.0
mg_A_seed2801,reset_noise/scale/frame,14909440,1.0
mg_A_seed2801,reset_noise/scale/frame,15073280,1.0
mg_A_seed2801,reset_noise/scale/frame,15237120,1.0
mg_A_seed2801,reset_noise/scale/frame,15400960,1.0
mg_A_seed2801,reset_noise/scale/frame,15564800,1.0
mg_A_seed2801,reset_noise/scale/frame,15728640,1.0
mg_A_seed2801,reset_noise/scale/frame,15892480,1.0
mg_A_seed2801,reset_noise/scale/frame,16056320,1.0
mg_A_seed2801,reset_noise/scale/frame,16220160,1.0
mg_A_seed2801,reset_noise/scale/frame,16384000,1.0
mg_A_seed2801,reset_noise/scale/frame,16547840,1.0
mg_A_seed2801,reset_noise/scale/frame,16711680,1.0
mg_A_seed2801,reset_noise/scale/frame,16875520,1.0
mg_A_seed2801,reset_noise/scale/frame,17039360,1.0
mg_A_seed2801,reset_noise/scale/frame,17203200,1.0
mg_A_seed2801,reset_noise/scale/frame,17367040,1.0
mg_A_seed2801,reset_noise/scale/frame,17530880,1.0
mg_A_seed2801,reset_noise/scale/frame,17694720,1.0
mg_A_seed2801,reset_noise/scale/frame,17858560,1.0
mg_A_seed2801,reset_noise/scale/frame,18022400,1.0
mg_A_seed2801,reset_noise/scale/frame,18186240,1.0
mg_A_seed2801,reset_noise/scale/frame,18350080,1.0
mg_A_seed2801,reset_noise/scale/frame,18513920,1.0
mg_A_seed2801,reset_noise/scale/frame,18677760,1.0
mg_A_seed2801,reset_noise/scale/frame,18841600,1.0
mg_A_seed2801,reset_noise/scale/frame,19005440,1.0
mg_A_seed2801,reset_noise/scale/frame,19169280,1.0
mg_A_seed2801,reset_noise/scale/frame,19333120,1.0
mg_A_seed2801,reset_noise/scale/frame,19496960,1.0
mg_A_seed2801,reset_noise/scale/frame,19660800,1.0
mg_A_seed2801,reset_noise/scale/frame,19824640,1.0
mg_A_seed2801,reset_noise/scale/frame,19988480,1.0
mg_A_seed2801,reset_noise/scale/frame,20152320,1.0
mg_A_seed2801,reset_noise/scale/frame,20316160,1.0
mg_A_seed2801,reset_noise/scale/frame,20480000,1.0
mg_A_seed2801,reset_noise/scale/frame,20643840,1.0
mg_A_seed2801,reset_noise/scale/frame,20807680,1.0
mg_A_seed2801,reset_noise/scale/frame,20971520,1.0
mg_A_seed2801,reset_noise/scale/frame,21135360,1.0
mg_A_seed2801,reset_noise/scale/frame,21299200,1.0
mg_A_seed2801,reset_noise/scale/frame,21463040,1.0
mg_A_seed2801,reset_noise/scale/frame,21626880,1.0
mg_A_seed2801,reset_noise/scale/frame,21790720,1.0
mg_A_seed2801,reset_noise/scale/frame,21954560,1.0
mg_A_seed2801,reset_noise/scale/frame,22118400,1.0
mg_A_seed2801,reset_noise/scale/frame,22282240,1.0
mg_A_seed2801,reset_noise/scale/frame,22446080,1.0
mg_A_seed2801,reset_noise/scale/frame,22609920,1.0
mg_A_seed2801,reset_noise/scale/frame,22773760,1.0
mg_A_seed2801,reset_noise/scale/frame,22937600,1.0
mg_A_seed2801,reset_noise/scale/frame,23101440,1.0
mg_A_seed2801,reset_noise/scale/frame,23265280,1.0
mg_A_seed2801,reset_noise/scale/frame,23429120,1.0
mg_A_seed2801,reset_noise/scale/frame,23592960,1.0
mg_A_seed2801,reset_noise/scale/frame,23756800,1.0
mg_A_seed2801,reset_noise/scale/frame,23920640,1.0
mg_A_seed2801,reset_noise/scale/frame,24084480,1.0
mg_A_seed2801,reset_noise/scale/frame,24248320,1.0
mg_A_seed2801,reset_noise/scale/frame,24412160,1.0
mg_A_seed2801,reset_noise/scale/frame,24576000,1.0
mg_A_seed2801,reset_noise/scale/frame,24739840,1.0
mg_A_seed2801,reset_noise/scale/frame,24903680,1.0
mg_A_seed2801,reset_noise/scale/frame,25067520,1.0
mg_A_seed2801,reset_noise/scale/frame,25231360,1.0
mg_A_seed2801,reset_noise/scale/frame,25395200,1.0
mg_A_seed2801,reset_noise/scale/frame,25559040,1.0
mg_A_seed2801,reset_noise/scale/frame,25722880,1.0
mg_A_seed2801,reset_noise/scale/frame,25886720,1.0
mg_A_seed2801,reset_noise/scale/frame,26050560,1.0
mg_A_seed2801,reset_noise/scale/frame,26214400,1.0
mg_A_seed2801,reset_noise/scale/frame,26378240,1.0
mg_A_seed2801,reset_noise/scale/frame,26542080,1.0
mg_A_seed2801,reset_noise/scale/frame,26705920,1.0
mg_A_seed2801,reset_noise/scale/frame,26869760,1.0
mg_A_seed2801,reset_noise/scale/frame,27033600,1.0
mg_A_seed2801,reset_noise/scale/frame,27197440,1.0
mg_A_seed2801,reset_noise/scale/frame,27361280,1.0
mg_A_seed2801,reset_noise/scale/frame,27525120,1.0
mg_A_seed2801,reset_noise/scale/frame,27688960,1.0
mg_A_seed2801,reset_noise/scale/frame,27852800,1.0
mg_A_seed2801,reset_noise/scale/frame,28016640,1.0
mg_A_seed2801,reset_noise/scale/frame,28180480,1.0
mg_A_seed2801,reset_noise/scale/frame,28344320,1.0
mg_A_seed2801,reset_noise/scale/frame,28508160,1.0
mg_A_seed2801,reset_noise/scale/frame,28672000,1.0
mg_A_seed2801,reset_noise/scale/frame,28835840,1.0
mg_A_seed2801,reset_noise/scale/frame,28999680,1.0
mg_A_seed2801,reset_noise/scale/frame,29163520,1.0
mg_A_seed2801,reset_noise/scale/frame,29327360,1.0
mg_A_seed2801,reset_noise/scale/frame,29491200,1.0
mg_A_seed2801,reset_noise/scale/frame,29655040,1.0
mg_A_seed2801,reset_noise/scale/frame,29818880,1.0
mg_A_seed2801,reset_noise/scale/frame,29982720,1.0
mg_A_seed2801,reset_noise/scale/frame,30146560,1.0
mg_A_seed2801,reset_noise/scale/frame,30310400,1.0
mg_A_seed2801,reset_noise/scale/frame,30474240,1.0
mg_A_seed2801,reset_noise/scale/frame,30638080,1.0
mg_A_seed2801,reset_noise/scale/frame,30801920,1.0
mg_A_seed2801,reset_noise/scale/frame,30965760,1.0
mg_A_seed2801,reset_noise/scale/frame,31129600,1.0
mg_A_seed2801,reset_noise/scale/frame,31293440,1.0
mg_A_seed2801,reset_noise/scale/frame,31457280,1.0
mg_A_seed2801,reset_noise/scale/frame,31621120,1.0
mg_A_seed2801,reset_noise/scale/frame,31784960,1.0
mg_A_seed2801,reset_noise/scale/frame,31948800,1.0
mg_A_seed2801,reset_noise/scale/frame,32112640,1.0
mg_A_seed2801,reset_noise/scale/frame,32276480,1.0
mg_A_seed2801,reset_noise/scale/frame,32440320,1.0
mg_A_seed2801,reset_noise/scale/frame,32604160,1.0
mg_A_seed2801,reset_noise/scale/frame,32768000,1.0
mg_A_seed2801,reset_noise/scale/frame,32931840,1.0
mg_A_seed2801,reset_noise/scale/frame,33095680,1.0
mg_A_seed2801,reset_noise/scale/frame,33259520,1.0
mg_A_seed2801,reset_noise/scale/frame,33423360,1.0
mg_A_seed2801,reset_noise/scale/frame,33587200,1.0
mg_A_seed2801,reset_noise/scale/frame,33751040,1.0
mg_A_seed2801,reset_noise/scale/frame,33914880,1.0
mg_A_seed2801,reset_noise/scale/frame,34078720,1.0
mg_A_seed2801,reset_noise/scale/frame,34242560,1.0
mg_A_seed2801,reset_noise/scale/frame,34406400,1.0
mg_A_seed2801,reset_noise/scale/frame,34570240,1.0
mg_A_seed2801,reset_noise/scale/frame,34734080,1.0
mg_A_seed2801,reset_noise/scale/frame,34897920,1.0
mg_A_seed2801,reset_noise/scale/frame,35061760,1.0
mg_A_seed2801,reset_noise/scale/frame,35225600,1.0
mg_A_seed2801,reset_noise/scale/frame,35389440,1.0
mg_A_seed2801,reset_noise/scale/frame,35553280,1.0
mg_A_seed2801,reset_noise/scale/frame,35717120,1.0
mg_A_seed2801,reset_noise/scale/frame,35880960,1.0
mg_A_seed2801,reset_noise/scale/frame,36044800,1.0
mg_A_seed2801,reset_noise/scale/frame,36208640,1.0
mg_A_seed2801,reset_noise/scale/frame,36372480,1.0
mg_A_seed2801,reset_noise/scale/frame,36536320,1.0
mg_A_seed2801,reset_noise/scale/frame,36700160,1.0
mg_A_seed2801,reset_noise/scale/frame,36864000,1.0
mg_A_seed2801,reset_noise/scale/frame,37027840,1.0
mg_A_seed2801,reset_noise/scale/frame,37191680,1.0
mg_A_seed2801,reset_noise/scale/frame,37355520,1.0
mg_A_seed2801,reset_noise/scale/frame,37519360,1.0
mg_A_seed2801,reset_noise/scale/frame,37683200,1.0
mg_A_seed2801,reset_noise/scale/frame,37847040,1.0
mg_A_seed2801,reset_noise/scale/frame,38010880,1.0
mg_A_seed2801,reset_noise/scale/frame,38174720,1.0
mg_A_seed2801,reset_noise/scale/frame,38338560,1.0
mg_A_seed2801,reset_noise/scale/frame,38502400,1.0
mg_A_seed2801,reset_noise/scale/frame,38666240,1.0
mg_A_seed2801,reset_noise/scale/frame,38830080,1.0
mg_A_seed2801,reset_noise/scale/frame,38993920,1.0
mg_A_seed2801,reset_noise/scale/frame,39157760,1.0
mg_A_seed2801,reset_noise/scale/frame,39321600,1.0
mg_A_seed2801,reset_noise/scale/frame,39485440,1.0
mg_A_seed2801,reset_noise/scale/frame,39649280,1.0
mg_A_seed2801,reset_noise/scale/frame,39813120,1.0
mg_A_seed2801,reset_noise/scale/frame,39976960,1.0
mg_A_seed2801,reset_noise/scale/frame,40140800,1.0
mg_A_seed2801,reset_noise/scale/frame,40304640,1.0
mg_A_seed2801,reset_noise/scale/frame,40468480,1.0
mg_A_seed2801,reset_noise/scale/frame,40632320,1.0
mg_A_seed2801,reset_noise/scale/frame,40796160,1.0
mg_A_seed2801,reset_noise/scale/frame,40960000,1.0
mg_A_seed2801,reset_noise/scale/frame,41123840,1.0
mg_A_seed2801,reset_noise/scale/frame,41287680,1.0
mg_A_seed2801,reset_noise/scale/frame,41451520,1.0
mg_A_seed2801,reset_noise/scale/frame,41615360,1.0
mg_A_seed2801,reset_noise/scale/frame,41779200,1.0
mg_A_seed2801,reset_noise/scale/frame,41943040,1.0
mg_A_seed2801,reset_noise/scale/frame,42106880,1.0
mg_A_seed2801,reset_noise/scale/frame,42270720,1.0
mg_A_seed2801,reset_noise/scale/frame,42434560,1.0
mg_A_seed2801,reset_noise/scale/frame,42598400,1.0
mg_A_seed2801,reset_noise/scale/frame,42762240,1.0
mg_A_seed2801,reset_noise/scale/frame,42926080,1.0
mg_A_seed2801,reset_noise/scale/frame,43089920,1.0
mg_A_seed2801,reset_noise/scale/frame,43253760,1.0
mg_A_seed2801,reset_noise/scale/frame,43417600,1.0
mg_A_seed2801,reset_noise/scale/frame,43581440,1.0
mg_A_seed2801,reset_noise/scale/frame,43745280,1.0
mg_A_seed2801,reset_noise/scale/frame,43909120,1.0
mg_A_seed2801,reset_noise/scale/frame,44072960,1.0
mg_A_seed2801,reset_noise/scale/frame,44236800,1.0
mg_A_seed2801,reset_noise/scale/frame,44400640,1.0
mg_A_seed2801,reset_noise/scale/frame,44564480,1.0
mg_A_seed2801,reset_noise/scale/frame,44728320,1.0
mg_A_seed2801,reset_noise/scale/frame,44892160,1.0
mg_A_seed2801,reset_noise/scale/frame,45056000,1.0
mg_A_seed2801,reset_noise/scale/frame,45219840,1.0
mg_A_seed2801,reset_noise/scale/frame,45383680,1.0
mg_A_seed2801,reset_noise/scale/frame,45547520,1.0
mg_A_seed2801,reset_noise/scale/frame,45711360,1.0
mg_A_seed2801,reset_noise/scale/frame,45875200,1.0
mg_A_seed2801,reset_noise/scale/frame,46039040,1.0
mg_A_seed2801,reset_noise/scale/frame,46202880,1.0
mg_A_seed2801,reset_noise/scale/frame,46366720,1.0
mg_A_seed2801,reset_noise/scale/frame,46530560,1.0
mg_A_seed2801,reset_noise/scale/frame,46694400,1.0
mg_A_seed2801,reset_noise/scale/frame,46858240,1.0
mg_A_seed2801,reset_noise/scale/frame,47022080,1.0
mg_A_seed2801,reset_noise/scale/frame,47185920,1.0
mg_A_seed2801,reset_noise/scale/frame,47349760,1.0
mg_A_seed2801,reset_noise/scale/frame,47513600,1.0
mg_A_seed2801,reset_noise/scale/frame,47677440,1.0
mg_A_seed2801,reset_noise/scale/frame,47841280,1.0
mg_A_seed2801,reset_noise/scale/frame,48005120,1.0
mg_A_seed2801,reset_noise/scale/frame,48168960,1.0
mg_A_seed2801,reset_noise/scale/frame,48332800,1.0
mg_A_seed2801,reset_noise/scale/frame,48496640,1.0
mg_A_seed2801,reset_noise/scale/frame,48660480,1.0
mg_A_seed2801,reset_noise/scale/frame,48824320,1.0
mg_A_seed2801,reset_noise/scale/frame,48988160,1.0
mg_A_seed2801,reset_noise/scale/frame,49152000,1.0
mg_A_seed2801,reset_noise/scale/frame,49315840,1.0
mg_A_seed2801,reset_noise/scale/frame,49479680,1.0
mg_A_seed2801,reset_noise/scale/frame,49643520,1.0
mg_A_seed2801,reset_noise/scale/frame,49807360,1.0
mg_A_seed2801,reset_noise/scale/frame,49971200,1.0
mg_A_seed2801,reset_noise/scale/frame,50135040,1.0
mg_A_seed2801,reset_noise/scale/frame,50298880,1.0
mg_A_seed2801,reset_noise/scale/frame,50462720,1.0
mg_A_seed2801,reset_noise/scale/frame,50626560,1.0
mg_A_seed2801,reset_noise/scale/frame,50790400,1.0
mg_A_seed2801,reset_noise/scale/frame,50954240,1.0
mg_A_seed2801,reset_noise/scale/frame,51118080,1.0
mg_A_seed2801,reset_noise/scale/frame,51281920,1.0
mg_A_seed2801,reset_noise/scale/frame,51445760,1.0
mg_A_seed2801,reset_noise/scale/frame,51609600,1.0
mg_A_seed2801,reset_noise/scale/frame,51773440,1.0
mg_A_seed2801,reset_noise/scale/frame,51937280,1.0
mg_A_seed2801,reset_noise/scale/frame,52101120,1.0
mg_A_seed2801,reset_noise/scale/frame,52264960,1.0
mg_A_seed2801,reset_noise/scale/frame,52428800,1.0
mg_A_seed2801,reset_noise/scale/frame,52592640,1.0
mg_A_seed2801,reset_noise/scale/frame,52756480,1.0
mg_A_seed2801,reset_noise/scale/frame,52920320,1.0
mg_A_seed2801,reset_noise/scale/frame,53084160,1.0
mg_A_seed2801,reset_noise/scale/frame,53248000,1.0
mg_A_seed2801,reset_noise/scale/frame,53411840,1.0
mg_A_seed2801,reset_noise/scale/frame,53575680,1.0
mg_A_seed2801,reset_noise/scale/frame,53739520,1.0
mg_A_seed2801,reset_noise/scale/frame,53903360,1.0
mg_A_seed2801,reset_noise/scale/frame,54067200,1.0
mg_A_seed2801,reset_noise/scale/frame,54231040,1.0
mg_A_seed2801,reset_noise/scale/frame,54394880,1.0
mg_A_seed2801,reset_noise/scale/frame,54558720,1.0
mg_A_seed2801,reset_noise/scale/frame,54722560,1.0
mg_A_seed2801,reset_noise/scale/frame,54886400,1.0
mg_A_seed2801,reset_noise/scale/frame,55050240,1.0
mg_A_seed2801,reset_noise/scale/frame,55214080,1.0
mg_A_seed2801,reset_noise/scale/frame,55377920,1.0
mg_A_seed2801,reset_noise/scale/frame,55541760,1.0
mg_A_seed2801,reset_noise/scale/frame,55705600,1.0
mg_A_seed2801,reset_noise/scale/frame,55869440,1.0
mg_A_seed2801,reset_noise/scale/frame,56033280,1.0
mg_A_seed2801,reset_noise/scale/frame,56197120,1.0
mg_A_seed2801,reset_noise/scale/frame,56360960,1.0
mg_A_seed2801,reset_noise/scale/frame,56524800,1.0
mg_A_seed2801,reset_noise/scale/frame,56688640,1.0
mg_A_seed2801,reset_noise/scale/frame,56852480,1.0
mg_A_seed2801,reset_noise/scale/frame,57016320,1.0
mg_A_seed2801,reset_noise/scale/frame,57180160,1.0
mg_A_seed2801,reset_noise/scale/frame,57344000,1.0
mg_A_seed2801,reset_noise/scale/frame,57507840,1.0
mg_A_seed2801,reset_noise/scale/frame,57671680,1.0
mg_A_seed2801,reset_noise/scale/frame,57835520,1.0
mg_A_seed2801,reset_noise/scale/frame,57999360,1.0
mg_A_seed2801,reset_noise/scale/frame,58163200,1.0
mg_A_seed2801,reset_noise/scale/frame,58327040,1.0
mg_A_seed2801,reset_noise/scale/frame,58490880,1.0
mg_A_seed2801,reset_noise/scale/frame,58654720,1.0
mg_A_seed2801,reset_noise/scale/frame,58818560,1.0
mg_A_seed2801,reset_noise/scale/frame,58982400,1.0
mg_A_seed2801,reset_noise/scale/frame,59146240,1.0
mg_A_seed2801,reset_noise/scale/frame,59310080,1.0
mg_A_seed2801,reset_noise/scale/frame,59473920,1.0
mg_A_seed2801,reset_noise/scale/frame,59637760,1.0
mg_A_seed2801,reset_noise/scale/frame,59801600,1.0
mg_A_seed2801,reset_noise/scale/frame,59965440,1.0
mg_A_seed2801,reset_noise/scale/frame,60129280,1.0
mg_A_seed2801,reset_noise/scale/frame,60293120,1.0
mg_A_seed2801,reset_noise/scale/frame,60456960,1.0
mg_A_seed2801,reset_noise/scale/frame,60620800,1.0
mg_A_seed2801,reset_noise/scale/frame,60784640,1.0
mg_A_seed2801,reset_noise/scale/frame,60948480,1.0
mg_A_seed2801,reset_noise/scale/frame,61112320,1.0
mg_A_seed2801,reset_noise/scale/frame,61276160,1.0
mg_A_seed2801,reset_noise/scale/frame,61440000,1.0
mg_A_seed2801,reset_noise/scale/frame,61603840,1.0
mg_A_seed2801,reset_noise/scale/frame,61767680,1.0
mg_A_seed2801,reset_noise/scale/frame,61931520,1.0
mg_A_seed2801,reset_noise/scale/frame,62095360,1.0
mg_A_seed2801,reset_noise/scale/frame,62259200,1.0
mg_A_seed2801,reset_noise/scale/frame,62423040,1.0
mg_A_seed2801,reset_noise/scale/frame,62586880,1.0
mg_A_seed2801,reset_noise/scale/frame,62750720,1.0
mg_A_seed2801,reset_noise/scale/frame,62914560,1.0
mg_A_seed2801,reset_noise/scale/frame,63078400,1.0
mg_A_seed2801,reset_noise/scale/frame,63242240,1.0
mg_A_seed2801,reset_noise/scale/frame,63406080,1.0
mg_A_seed2801,reset_noise/scale/frame,63569920,1.0
mg_A_seed2801,reset_noise/scale/frame,63733760,1.0
mg_A_seed2801,reset_noise/scale/frame,63897600,1.0
mg_A_seed2801,reset_noise/scale/frame,64061440,1.0
mg_A_seed2801,reset_noise/scale/frame,64225280,1.0
mg_A_seed2801,reset_noise/scale/frame,64389120,1.0
mg_A_seed2801,reset_noise/scale/frame,64552960,1.0
mg_A_seed2801,reset_noise/scale/frame,64716800,1.0
mg_A_seed2801,reset_noise/scale/frame,64880640,1.0
mg_A_seed2801,reset_noise/scale/frame,65044480,1.0
mg_A_seed2801,reset_noise/scale/frame,65208320,1.0
mg_A_seed2801,reset_noise/scale/frame,65372160,1.0
mg_A_seed2801,reset_noise/scale/frame,65536000,1.0
mg_A_seed2801,reset_noise/scale/frame,65699840,1.0
mg_A_seed2801,reset_noise/scale/frame,65863680,1.0
mg_A_seed2801,reset_noise/scale/frame,66027520,1.0
mg_A_seed2801,reset_noise/scale/frame,66191360,1.0
mg_A_seed2801,reset_noise/scale/frame,66355200,1.0
mg_A_seed2801,reset_noise/scale/frame,66519040,1.0
mg_A_seed2801,reset_noise/scale/frame,66682880,1.0
mg_A_seed2801,reset_noise/scale/frame,66846720,1.0
mg_A_seed2801,reset_noise/scale/frame,67010560,1.0
mg_A_seed2801,reset_noise/scale/frame,67174400,1.0
mg_A_seed2801,reset_noise/scale/frame,67338240,1.0
mg_A_seed2801,reset_noise/scale/frame,67502080,1.0
mg_A_seed2801,reset_noise/scale/frame,67665920,1.0
mg_A_seed2801,reset_noise/scale/frame,67829760,1.0
mg_A_seed2801,reset_noise/scale/frame,67993600,1.0
mg_A_seed2801,reset_noise/scale/frame,68157440,1.0
mg_A_seed2801,reset_noise/scale/frame,68321280,1.0
mg_A_seed2801,reset_noise/scale/frame,68485120,1.0
mg_A_seed2801,reset_noise/scale/frame,68648960,1.0
mg_A_seed2801,reset_noise/scale/frame,68812800,1.0
mg_A_seed2801,reset_noise/scale/frame,68976640,1.0
mg_A_seed2801,reset_noise/scale/frame,69140480,1.0
mg_A_seed2801,reset_noise/scale/frame,69304320,1.0
mg_A_seed2801,reset_noise/scale/frame,69468160,1.0
mg_A_seed2801,reset_noise/scale/frame,69632000,1.0
mg_A_seed2801,reset_noise/scale/frame,69795840,1.0
mg_A_seed2801,reset_noise/scale/frame,69959680,1.0
mg_A_seed2801,reset_noise/scale/frame,70123520,1.0
mg_A_seed2801,reset_noise/scale/frame,70287360,1.0
mg_A_seed2801,reset_noise/scale/frame,70451200,1.0
mg_A_seed2801,reset_noise/scale/frame,70615040,1.0
mg_A_seed2801,reset_noise/scale/frame,70778880,1.0
mg_A_seed2801,reset_noise/scale/frame,70942720,1.0
mg_A_seed2801,reset_noise/scale/frame,71106560,1.0
mg_A_seed2801,reset_noise/scale/frame,71270400,1.0
mg_A_seed2801,reset_noise/scale/frame,71434240,1.0
mg_A_seed2801,reset_noise/scale/frame,71598080,1.0
mg_A_seed2801,reset_noise/scale/frame,71761920,1.0
mg_A_seed2801,reset_noise/scale/frame,71925760,1.0
mg_A_seed2801,reset_noise/scale/frame,72089600,1.0
mg_A_seed2801,reset_noise/scale/frame,72253440,1.0
mg_A_seed2801,reset_noise/scale/frame,72417280,1.0
mg_A_seed2801,reset_noise/scale/frame,72581120,1.0
mg_A_seed2801,reset_noise/scale/frame,72744960,1.0
mg_A_seed2801,reset_noise/scale/frame,72908800,1.0
mg_A_seed2801,reset_noise/scale/frame,73072640,1.0
mg_A_seed2801,reset_noise/scale/frame,73236480,1.0
mg_A_seed2801,reset_noise/scale/frame,73400320,1.0
mg_A_seed2801,reset_noise/scale/frame,73564160,1.0
mg_A_seed2801,reset_noise/scale/frame,73728000,1.0
mg_A_seed2801,reset_noise/scale/frame,73891840,1.0
mg_A_seed2801,reset_noise/scale/frame,74055680,1.0
mg_A_seed2801,reset_noise/scale/frame,74219520,1.0
mg_A_seed2801,reset_noise/scale/frame,74383360,1.0
mg_A_seed2801,reset_noise/scale/frame,74547200,1.0
mg_A_seed2801,reset_noise/scale/frame,74711040,1.0
mg_A_seed2801,reset_noise/scale/frame,74874880,1.0
mg_A_seed2801,reset_noise/scale/frame,75038720,1.0
mg_A_seed2801,reset_noise/scale/frame,75202560,1.0
mg_A_seed2801,reset_noise/scale/frame,75366400,1.0
mg_A_seed2801,reset_noise/scale/frame,75530240,1.0
mg_A_seed2801,reset_noise/scale/frame,75694080,1.0
mg_A_seed2801,reset_noise/scale/frame,75857920,1.0
mg_A_seed2801,reset_noise/scale/frame,76021760,1.0
mg_A_seed2801,reset_noise/scale/frame,76185600,1.0
mg_A_seed2801,reset_noise/scale/frame,76349440,1.0
mg_A_seed2801,reset_noise/scale/frame,76513280,1.0
mg_A_seed2801,reset_noise/scale/frame,76677120,1.0
mg_A_seed2801,reset_noise/scale/frame,76840960,1.0
mg_A_seed2801,reset_noise/scale/frame,77004800,1.0
mg_A_seed2801,reset_noise/scale/frame,77168640,1.0
mg_A_seed2801,reset_noise/scale/frame,77332480,1.0
mg_A_seed2801,reset_noise/scale/frame,77496320,1.0
mg_A_seed2801,reset_noise/scale/frame,77660160,1.0
mg_A_seed2801,reset_noise/scale/frame,77824000,1.0
mg_A_seed2801,reset_noise/scale/frame,77987840,1.0
mg_A_seed2801,reset_noise/scale/frame,78151680,1.0
mg_A_seed2801,reset_noise/scale/frame,78315520,1.0
mg_A_seed2801,reset_noise/scale/frame,78479360,1.0
mg_A_seed2801,reset_noise/scale/frame,78643200,1.0
mg_A_seed2801,reset_noise/scale/frame,78807040,1.0
mg_A_seed2801,reset_noise/scale/frame,78970880,1.0
mg_A_seed2801,reset_noise/scale/frame,79134720,1.0
mg_A_seed2801,reset_noise/scale/frame,79298560,1.0
mg_A_seed2801,reset_noise/scale/frame,79462400,1.0
mg_A_seed2801,reset_noise/scale/frame,79626240,1.0
mg_A_seed2801,reset_noise/scale/frame,79790080,1.0
mg_A_seed2801,reset_noise/scale/frame,79953920,1.0
mg_A_seed2801,reset_noise/scale/frame,80117760,1.0
mg_A_seed2801,reset_noise/scale/frame,80281600,1.0
mg_A_seed2801,reset_noise/scale/frame,80445440,1.0
mg_A_seed2801,reset_noise/scale/frame,80609280,1.0
mg_A_seed2801,reset_noise/scale/frame,80773120,1.0
mg_A_seed2801,reset_noise/scale/frame,80936960,1.0
mg_A_seed2801,reset_noise/scale/frame,81100800,1.0
mg_A_seed2801,reset_noise/scale/frame,81264640,1.0
mg_A_seed2801,reset_noise/scale/frame,81428480,1.0
mg_A_seed2801,reset_noise/scale/frame,81592320,1.0
mg_A_seed2801,reset_noise/scale/frame,81756160,1.0
mg_A_seed2801,reset_noise/scale/frame,81920000,1.0
mg_A_seed2801,reset_noise/scale/frame,82083840,1.0
mg_A_seed2801,reset_noise/scale/frame,82247680,1.0
mg_A_seed2801,reset_noise/scale/frame,82411520,1.0
mg_A_seed2801,reset_noise/scale/frame,82575360,1.0
mg_A_seed2801,reset_noise/scale/frame,82739200,1.0
mg_A_seed2801,reset_noise/scale/frame,82903040,1.0
mg_A_seed2801,reset_noise/scale/frame,83066880,1.0
mg_A_seed2801,reset_noise/scale/frame,83230720,1.0
mg_A_seed2801,reset_noise/scale/frame,83394560,1.0
mg_A_seed2801,reset_noise/scale/frame,83558400,1.0
mg_A_seed2801,reset_noise/scale/frame,83722240,1.0
mg_A_seed2801,reset_noise/scale/frame,83886080,1.0
mg_A_seed2801,reset_noise/scale/frame,84049920,1.0
mg_A_seed2801,reset_noise/scale/frame,84213760,1.0
mg_A_seed2801,reset_noise/scale/frame,84377600,1.0
mg_A_seed2801,reset_noise/scale/frame,84541440,1.0
mg_A_seed2801,reset_noise/scale/frame,84705280,1.0
mg_A_seed2801,reset_noise/scale/frame,84869120,1.0
mg_A_seed2801,reset_noise/scale/frame,85032960,1.0
mg_A_seed2801,reset_noise/scale/frame,85196800,1.0
mg_A_seed2801,reset_noise/scale/frame,85360640,1.0
mg_A_seed2801,reset_noise/scale/frame,85524480,1.0
mg_A_seed2801,reset_noise/scale/frame,85688320,1.0
mg_A_seed2801,reset_noise/scale/frame,85852160,1.0
mg_A_seed2801,reset_noise/scale/frame,86016000,1.0
mg_A_seed2801,reset_noise/scale/frame,86179840,1.0
mg_A_seed2801,reset_noise/scale/frame,86343680,1.0
mg_A_seed2801,reset_noise/scale/frame,86507520,1.0
mg_A_seed2801,reset_noise/scale/frame,86671360,1.0
mg_A_seed2801,reset_noise/scale/frame,86835200,1.0
mg_A_seed2801,reset_noise/scale/frame,86999040,1.0
mg_A_seed2801,reset_noise/scale/frame,87162880,1.0
mg_A_seed2801,reset_noise/scale/frame,87326720,1.0
mg_A_seed2801,reset_noise/scale/frame,87490560,1.0
mg_A_seed2801,reset_noise/scale/frame,87654400,1.0
mg_A_seed2801,reset_noise/scale/frame,87818240,1.0
mg_A_seed2801,reset_noise/scale/frame,87982080,1.0
mg_A_seed2801,reset_noise/scale/frame,88145920,1.0
mg_A_seed2801,reset_noise/scale/frame,88309760,1.0
mg_A_seed2801,reset_noise/scale/frame,88473600,1.0
mg_A_seed2801,reset_noise/scale/frame,88637440,1.0
mg_A_seed2801,reset_noise/scale/frame,88801280,1.0
mg_A_seed2801,reset_noise/scale/frame,88965120,1.0
mg_A_seed2801,reset_noise/scale/frame,89128960,1.0
mg_A_seed2801,reset_noise/scale/frame,89292800,1.0
mg_A_seed2801,reset_noise/scale/frame,89456640,1.0
mg_A_seed2801,reset_noise/scale/frame,89620480,1.0
mg_A_seed2801,reset_noise/scale/frame,89784320,1.0
mg_A_seed2801,reset_noise/scale/frame,89948160,1.0
mg_A_seed2801,reset_noise/scale/frame,90112000,1.0
mg_A_seed2801,reset_noise/scale/frame,90275840,1.0
mg_A_seed2801,reset_noise/scale/frame,90439680,1.0
mg_A_seed2801,reset_noise/scale/frame,90603520,1.0
mg_A_seed2801,reset_noise/scale/frame,90767360,1.0
mg_A_seed2801,reset_noise/scale/frame,90931200,1.0
mg_A_seed2801,reset_noise/scale/frame,91095040,1.0
mg_A_seed2801,reset_noise/scale/frame,91258880,1.0
mg_A_seed2801,reset_noise/scale/frame,91422720,1.0
mg_A_seed2801,reset_noise/scale/frame,91586560,1.0
mg_A_seed2801,reset_noise/scale/frame,91750400,1.0
mg_A_seed2801,reset_noise/scale/frame,91914240,1.0
mg_A_seed2801,reset_noise/scale/frame,92078080,1.0
mg_A_seed2801,reset_noise/scale/frame,92241920,1.0
mg_A_seed2801,reset_noise/scale/frame,92405760,1.0
mg_A_seed2801,reset_noise/scale/frame,92569600,1.0
mg_A_seed2801,reset_noise/scale/frame,92733440,1.0
mg_A_seed2801,reset_noise/scale/frame,92897280,1.0
mg_A_seed2801,reset_noise/scale/frame,93061120,1.0
mg_A_seed2801,reset_noise/scale/frame,93224960,1.0
mg_A_seed2801,reset_noise/scale/frame,93388800,1.0
mg_A_seed2801,reset_noise/scale/frame,93552640,1.0
mg_A_seed2801,reset_noise/scale/frame,93716480,1.0
mg_A_seed2801,reset_noise/scale/frame,93880320,1.0
mg_A_seed2801,reset_noise/scale/frame,94044160,1.0
mg_A_seed2801,reset_noise/scale/frame,94208000,1.0
mg_A_seed2801,reset_noise/scale/frame,94371840,1.0
mg_A_seed2801,reset_noise/scale/frame,94535680,1.0
mg_A_seed2801,reset_noise/scale/frame,94699520,1.0
mg_A_seed2801,reset_noise/scale/frame,94863360,1.0
mg_A_seed2801,reset_noise/scale/frame,95027200,1.0
mg_A_seed2801,reset_noise/scale/frame,95191040,1.0
mg_A_seed2801,reset_noise/scale/frame,95354880,1.0
mg_A_seed2801,reset_noise/scale/frame,95518720,1.0
mg_A_seed2801,reset_noise/scale/frame,95682560,1.0
mg_A_seed2801,reset_noise/scale/frame,95846400,1.0
mg_A_seed2801,reset_noise/scale/frame,96010240,1.0
mg_A_seed2801,reset_noise/scale/frame,96174080,1.0
mg_A_seed2801,reset_noise/scale/frame,96337920,1.0
mg_A_seed2801,reset_noise/scale/frame,96501760,1.0
mg_A_seed2801,reset_noise/scale/frame,96665600,1.0
mg_A_seed2801,reset_noise/scale/frame,96829440,1.0
mg_A_seed2801,reset_noise/scale/frame,96993280,1.0
mg_A_seed2801,reset_noise/scale/frame,97157120,1.0
mg_A_seed2801,reset_noise/scale/frame,97320960,1.0
mg_A_seed2801,reset_noise/scale/frame,97484800,1.0
mg_A_seed2801,reset_noise/scale/frame,97648640,1.0
mg_A_seed2801,reset_noise/scale/frame,97812480,1.0
mg_A_seed2801,reset_noise/scale/frame,97976320,1.0
mg_A_seed2801,reset_noise/scale/frame,98140160,1.0
mg_A_seed2801,reset_noise/scale/frame,98304000,1.0
mg_A_seed2801,reset_noise/scale/frame,98467840,1.0
mg_A_seed2801,reset_noise/scale/frame,98631680,1.0
mg_A_seed2801,reset_noise/scale/frame,98795520,1.0
mg_A_seed2801,reset_noise/scale/frame,98959360,1.0
mg_A_seed2801,reset_noise/scale/frame,99123200,1.0
mg_A_seed2801,reset_noise/scale/frame,99287040,1.0
mg_A_seed2801,reset_noise/scale/frame,99450880,1.0
mg_A_seed2801,reset_noise/scale/frame,99614720,1.0
mg_A_seed2801,reset_noise/scale/frame,99778560,1.0
mg_A_seed2801,reset_noise/scale/frame,99942400,1.0
mg_A_seed2801,reset_noise/scale/frame,100106240,1.0
mg_A_seed2801,reset_noise/scale/frame,100270080,1.0
mg_A_seed2801,reset_noise/scale/frame,100433920,1.0
mg_A_seed2801,reset_noise/scale/frame,100597760,1.0
mg_A_seed2801,reset_noise/scale/frame,100761600,1.0
mg_A_seed2801,reset_noise/scale/frame,100925440,1.0
mg_A_seed2801,reset_noise/scale/frame,101089280,1.0
mg_A_seed2801,reset_noise/scale/frame,101253120,1.0
mg_A_seed2801,reset_noise/scale/frame,101416960,1.0
mg_A_seed2801,reset_noise/scale/frame,101580800,1.0
mg_A_seed2801,reset_noise/scale/frame,101744640,1.0
mg_A_seed2801,reset_noise/scale/frame,101908480,1.0
mg_A_seed2801,reset_noise/scale/frame,102072320,1.0
mg_A_seed2801,reset_noise/scale/frame,102236160,1.0
mg_A_seed2801,reset_noise/scale/frame,102400000,1.0
mg_A_seed2801,reset_noise/scale/frame,102563840,1.0
mg_A_seed2801,reset_noise/scale/frame,102727680,1.0
mg_A_seed2801,reset_noise/scale/frame,102891520,1.0
mg_A_seed2801,reset_noise/scale/frame,103055360,1.0
mg_A_seed2801,reset_noise/scale/frame,103219200,1.0
mg_A_seed2801,reset_noise/scale/frame,103383040,1.0
mg_A_seed2801,reset_noise/scale/frame,103546880,1.0
mg_A_seed2801,reset_noise/scale/frame,103710720,1.0
mg_A_seed2801,reset_noise/scale/frame,103874560,1.0
mg_A_seed2801,reset_noise/scale/frame,104038400,1.0
mg_A_seed2801,reset_noise/scale/frame,104202240,1.0
mg_A_seed2801,reset_noise/scale/frame,104366080,1.0
mg_A_seed2801,reset_noise/scale/frame,104529920,1.0
mg_A_seed2801,reset_noise/scale/frame,104693760,1.0
mg_A_seed2801,reset_noise/scale/frame,104857600,1.0
mg_A_seed2801,reset_noise/scale/frame,105021440,1.0
mg_A_seed2801,reset_noise/scale/frame,105185280,1.0
mg_A_seed2801,reset_noise/scale/frame,105349120,1.0
mg_A_seed2801,reset_noise/scale/frame,105512960,1.0
mg_A_seed2801,reset_noise/scale/frame,105676800,1.0
mg_A_seed2801,reset_noise/scale/frame,105840640,1.0
mg_A_seed2801,reset_noise/scale/frame,106004480,1.0
mg_A_seed2801,reset_noise/scale/frame,106168320,1.0
mg_A_seed2801,reset_noise/scale/frame,106332160,1.0
mg_A_seed2801,reset_noise/scale/frame,106496000,1.0
mg_A_seed2801,reset_noise/scale/frame,106659840,1.0
mg_A_seed2801,reset_noise/scale/frame,106823680,1.0
mg_A_seed2801,reset_noise/scale/frame,106987520,1.0
mg_A_seed2801,reset_noise/scale/frame,107151360,1.0
mg_A_seed2801,reset_noise/scale/frame,107315200,1.0
mg_A_seed2801,reset_noise/scale/frame,107479040,1.0
mg_A_seed2801,reset_noise/scale/frame,107642880,1.0
mg_A_seed2801,reset_noise/scale/frame,107806720,1.0
mg_A_seed2801,reset_noise/scale/frame,107970560,1.0
mg_A_seed2801,reset_noise/scale/frame,108134400,1.0
mg_A_seed2801,reset_noise/scale/frame,108298240,1.0
mg_A_seed2801,reset_noise/scale/frame,108462080,1.0
mg_A_seed2801,reset_noise/scale/frame,108625920,1.0
mg_A_seed2801,reset_noise/scale/frame,108789760,1.0
mg_A_seed2801,reset_noise/scale/frame,108953600,1.0
mg_A_seed2801,reset_noise/scale/frame,109117440,1.0
mg_A_seed2801,reset_noise/scale/frame,109281280,1.0
mg_A_seed2801,reset_noise/scale/frame,109445120,1.0
mg_A_seed2801,reset_noise/scale/frame,109608960,1.0
mg_A_seed2801,reset_noise/scale/frame,109772800,1.0
mg_A_seed2801,reset_noise/scale/frame,109936640,1.0
mg_A_seed2801,reset_noise/scale/frame,110100480,1.0
mg_A_seed2801,reset_noise/scale/frame,110264320,1.0
mg_A_seed2801,reset_noise/scale/frame,110428160,1.0
mg_A_seed2801,reset_noise/scale/frame,110592000,1.0
mg_A_seed2801,reset_noise/scale/frame,110755840,1.0
mg_A_seed2801,reset_noise/scale/frame,110919680,1.0
mg_A_seed2801,reset_noise/scale/frame,111083520,1.0
mg_A_seed2801,reset_noise/scale/frame,111247360,1.0
mg_A_seed2801,reset_noise/scale/frame,111411200,1.0
mg_A_seed2801,reset_noise/scale/frame,111575040,1.0
mg_A_seed2801,reset_noise/scale/frame,111738880,1.0
mg_A_seed2801,reset_noise/scale/frame,111902720,1.0
mg_A_seed2801,reset_noise/scale/frame,112066560,1.0
mg_A_seed2801,reset_noise/scale/frame,112230400,1.0
mg_A_seed2801,reset_noise/scale/frame,112394240,1.0
mg_A_seed2801,reset_noise/scale/frame,112558080,1.0
mg_A_seed2801,reset_noise/scale/frame,112721920,1.0
mg_A_seed2801,reset_noise/scale/frame,112885760,1.0
mg_A_seed2801,reset_noise/scale/frame,113049600,1.0
mg_A_seed2801,reset_noise/scale/frame,113213440,1.0
mg_A_seed2801,reset_noise/scale/frame,113377280,1.0
mg_A_seed2801,reset_noise/scale/frame,113541120,1.0
mg_A_seed2801,reset_noise/scale/frame,113704960,1.0
mg_A_seed2801,reset_noise/scale/frame,113868800,1.0
mg_A_seed2801,reset_noise/scale/frame,114032640,1.0
mg_A_seed2801,reset_noise/scale/frame,114196480,1.0
mg_A_seed2801,reset_noise/scale/frame,114360320,1.0
mg_A_seed2801,reset_noise/scale/frame,114524160,1.0
mg_A_seed2801,reset_noise/scale/frame,114688000,1.0
mg_A_seed2801,reset_noise/scale/frame,114851840,1.0
mg_A_seed2801,reset_noise/scale/frame,115015680,1.0
mg_A_seed2801,reset_noise/scale/frame,115179520,1.0
mg_A_seed2801,reset_noise/scale/frame,115343360,1.0
mg_A_seed2801,reset_noise/scale/frame,115507200,1.0
mg_A_seed2801,reset_noise/scale/frame,115671040,1.0
mg_A_seed2801,reset_noise/scale/frame,115834880,1.0
mg_A_seed2801,reset_noise/scale/frame,115998720,1.0
mg_A_seed2801,reset_noise/scale/frame,116162560,1.0
mg_A_seed2801,reset_noise/scale/frame,116326400,1.0
mg_A_seed2801,reset_noise/scale/frame,116490240,1.0
mg_A_seed2801,reset_noise/scale/frame,116654080,1.0
mg_A_seed2801,reset_noise/scale/frame,116817920,1.0
mg_A_seed2801,reset_noise/scale/frame,116981760,1.0
mg_A_seed2801,reset_noise/scale/frame,117145600,1.0
mg_A_seed2801,reset_noise/scale/frame,117309440,1.0
mg_A_seed2801,reset_noise/scale/frame,117473280,1.0
mg_A_seed2801,reset_noise/scale/frame,117637120,1.0
mg_A_seed2801,reset_noise/scale/frame,117800960,1.0
mg_A_seed2801,reset_noise/scale/frame,117964800,1.0
mg_A_seed2801,reset_noise/scale/frame,118128640,1.0
mg_A_seed2801,reset_noise/scale/frame,118292480,1.0
mg_A_seed2801,reset_noise/scale/frame,118456320,1.0
mg_A_seed2801,reset_noise/scale/frame,118620160,1.0
mg_A_seed2801,reset_noise/scale/frame,118784000,1.0
mg_A_seed2801,reset_noise/scale/frame,118947840,1.0
mg_A_seed2801,reset_noise/scale/frame,119111680,1.0
mg_A_seed2801,reset_noise/scale/frame,119275520,1.0
mg_A_seed2801,reset_noise/scale/frame,119439360,1.0
mg_A_seed2801,reset_noise/scale/frame,119603200,1.0
mg_A_seed2801,reset_noise/scale/frame,119767040,1.0
mg_A_seed2801,reset_noise/scale/frame,119930880,1.0
mg_A_seed2801,reset_noise/scale/frame,120094720,1.0
mg_A_seed2801,reset_noise/scale/frame,120258560,1.0
mg_A_seed2801,reset_noise/scale/frame,120422400,1.0
mg_A_seed2801,reset_noise/scale/frame,120586240,1.0
mg_A_seed2801,reset_noise/scale/frame,120750080,1.0
mg_A_seed2801,reset_noise/scale/frame,120913920,1.0
mg_A_seed2801,reset_noise/scale/frame,121077760,1.0
mg_A_seed2801,reset_noise/scale/frame,121241600,1.0
mg_A_seed2801,reset_noise/scale/frame,121405440,1.0
mg_A_seed2801,reset_noise/scale/frame,121569280,1.0
mg_A_seed2801,reset_noise/scale/frame,121733120,1.0
mg_A_seed2801,reset_noise/scale/frame,121896960,1.0
mg_A_seed2801,reset_noise/scale/frame,122060800,1.0
mg_A_seed2801,reset_noise/scale/frame,122224640,1.0
mg_A_seed2801,reset_noise/scale/frame,122388480,1.0
mg_A_seed2801,reset_noise/scale/frame,122552320,1.0
mg_A_seed2801,reset_noise/scale/frame,122716160,1.0
mg_A_seed2801,reset_noise/scale/frame,122880000,1.0
mg_A_seed2801,reset_noise/scale/frame,123043840,1.0
mg_A_seed2801,reset_noise/scale/frame,123207680,1.0
mg_A_seed2801,reset_noise/scale/frame,123371520,1.0
mg_A_seed2801,reset_noise/scale/frame,123535360,1.0
mg_A_seed2801,reset_noise/scale/frame,123699200,1.0
mg_A_seed2801,reset_noise/scale/frame,123863040,1.0
mg_A_seed2801,reset_noise/scale/frame,124026880,1.0
mg_A_seed2801,reset_noise/scale/frame,124190720,1.0
mg_A_seed2801,reset_noise/scale/frame,124354560,1.0
mg_A_seed2801,reset_noise/scale/frame,124518400,1.0
mg_A_seed2801,reset_noise/scale/frame,124682240,1.0
mg_A_seed2801,reset_noise/scale/frame,124846080,1.0
mg_A_seed2801,reset_noise/scale/frame,125009920,1.0
mg_A_seed2801,reset_noise/scale/frame,125173760,1.0
mg_A_seed2801,reset_noise/scale/frame,125337600,1.0
mg_A_seed2801,reset_noise/scale/frame,125501440,1.0
mg_A_seed2801,reset_noise/scale/frame,125665280,1.0
mg_A_seed2801,reset_noise/scale/frame,125829120,1.0
mg_A_seed2801,reset_noise/scale/frame,125992960,1.0
mg_A_seed2801,reset_noise/scale/frame,126156800,1.0
mg_A_seed2801,reset_noise/scale/frame,126320640,1.0
mg_A_seed2801,reset_noise/scale/frame,126484480,1.0
mg_A_seed2801,reset_noise/scale/frame,126648320,1.0
mg_A_seed2801,reset_noise/scale/frame,126812160,1.0
mg_A_seed2801,reset_noise/scale/frame,126976000,1.0
mg_A_seed2801,reset_noise/scale/frame,127139840,1.0
mg_A_seed2801,reset_noise/scale/frame,127303680,1.0
mg_A_seed2801,reset_noise/scale/frame,127467520,1.0
mg_A_seed2801,reset_noise/scale/frame,127631360,1.0
mg_A_seed2801,reset_noise/scale/frame,127795200,1.0
mg_A_seed2801,reset_noise/scale/frame,127959040,1.0
mg_A_seed2801,reset_noise/scale/frame,128122880,1.0
mg_A_seed2801,reset_noise/scale/frame,128286720,1.0
mg_A_seed2801,reset_noise/scale/frame,128450560,1.0
mg_A_seed2801,reset_noise/scale/frame,128614400,1.0
mg_A_seed2801,reset_noise/scale/frame,128778240,1.0
mg_A_seed2801,reset_noise/scale/frame,128942080,1.0
mg_A_seed2801,reset_noise/scale/frame,129105920,1.0
mg_A_seed2801,reset_noise/scale/frame,129269760,1.0
mg_A_seed2801,reset_noise/scale/frame,129433600,1.0
mg_A_seed2801,reset_noise/scale/frame,129597440,1.0
mg_A_seed2801,reset_noise/scale/frame,129761280,1.0
mg_A_seed2801,reset_noise/scale/frame,129925120,1.0
mg_A_seed2801,reset_noise/scale/frame,130088960,1.0
mg_A_seed2801,reset_noise/scale/frame,130252800,1.0
mg_A_seed2801,reset_noise/scale/frame,130416640,1.0
mg_A_seed2801,reset_noise/scale/frame,130580480,1.0
mg_A_seed2801,reset_noise/scale/frame,130744320,1.0
mg_A_seed2801,reset_noise/scale/frame,130908160,1.0
mg_A_seed2801,reset_noise/scale/frame,131072000,1.0
mg_A_seed2801,reset_noise/scale/frame,131235840,1.0
mg_A_seed2801,reset_noise/scale/frame,131399680,1.0
mg_A_seed2801,reset_noise/scale/frame,131563520,1.0
mg_A_seed2801,reset_noise/scale/frame,131727360,1.0
mg_A_seed2801,reset_noise/scale/frame,131891200,1.0
mg_A_seed2801,reset_noise/scale/frame,132055040,1.0
mg_A_seed2801,reset_noise/scale/frame,132218880,1.0
mg_A_seed2801,reset_noise/scale/frame,132382720,1.0
mg_A_seed2801,reset_noise/scale/frame,132546560,1.0
mg_A_seed2801,reset_noise/scale/frame,132710400,1.0
mg_A_seed2801,reset_noise/scale/frame,132874240,1.0
mg_A_seed2801,reset_noise/scale/frame,133038080,1.0
mg_A_seed2801,reset_noise/scale/frame,133201920,1.0
mg_A_seed2801,reset_noise/scale/frame,133365760,1.0
mg_A_seed2801,reset_noise/scale/frame,133529600,1.0
mg_A_seed2801,reset_noise/scale/frame,133693440,1.0
mg_A_seed2801,reset_noise/scale/frame,133857280,1.0
mg_A_seed2801,reset_noise/scale/frame,134021120,1.0
mg_A_seed2801,reset_noise/scale/frame,134184960,1.0
mg_A_seed2801,reset_noise/scale/frame,134348800,1.0
mg_A_seed2801,reset_noise/scale/frame,134512640,1.0
mg_A_seed2801,reset_noise/scale/frame,134676480,1.0
mg_A_seed2801,reset_noise/scale/frame,134840320,1.0
mg_A_seed2801,reset_noise/scale/frame,135004160,1.0
mg_A_seed2801,reset_noise/scale/frame,135168000,1.0
mg_A_seed2801,reset_noise/scale/frame,135331840,1.0
mg_A_seed2801,reset_noise/scale/frame,135495680,1.0
mg_A_seed2801,reset_noise/scale/frame,135659520,1.0
mg_A_seed2801,reset_noise/scale/frame,135823360,1.0
mg_A_seed2801,reset_noise/scale/frame,135987200,1.0
mg_A_seed2801,reset_noise/scale/frame,136151040,1.0
mg_A_seed2801,reset_noise/scale/frame,136314880,1.0
mg_A_seed2801,reset_noise/scale/frame,136478720,1.0
mg_A_seed2801,reset_noise/scale/frame,136642560,1.0
mg_A_seed2801,reset_noise/scale/frame,136806400,1.0
mg_A_seed2801,reset_noise/scale/frame,136970240,1.0
mg_A_seed2801,reset_noise/scale/frame,137134080,1.0
mg_A_seed2801,reset_noise/scale/frame,137297920,1.0
mg_A_seed2801,reset_noise/scale/frame,137461760,1.0
mg_A_seed2801,reset_noise/scale/frame,137625600,1.0
mg_A_seed2801,reset_noise/scale/frame,137789440,1.0
mg_A_seed2801,reset_noise/scale/frame,137953280,1.0
mg_A_seed2801,reset_noise/scale/frame,138117120,1.0
mg_A_seed2801,reset_noise/scale/frame,138280960,1.0
mg_A_seed2801,reset_noise/scale/frame,138444800,1.0
mg_A_seed2801,reset_noise/scale/frame,138608640,1.0
mg_A_seed2801,reset_noise/scale/frame,138772480,1.0
mg_A_seed2801,reset_noise/scale/frame,138936320,1.0
mg_A_seed2801,reset_noise/scale/frame,139100160,1.0
mg_A_seed2801,reset_noise/scale/frame,139264000,1.0
mg_A_seed2801,reset_noise/scale/frame,139427840,1.0
mg_A_seed2801,reset_noise/scale/frame,139591680,1.0
mg_A_seed2801,reset_noise/scale/frame,139755520,1.0
mg_A_seed2801,reset_noise/scale/frame,139919360,1.0
mg_A_seed2801,reset_noise/scale/frame,140083200,1.0
mg_A_seed2801,reset_noise/scale/frame,140247040,1.0
mg_A_seed2801,reset_noise/scale/frame,140410880,1.0
mg_A_seed2801,reset_noise/scale/frame,140574720,1.0
mg_A_seed2801,reset_noise/scale/frame,140738560,1.0
mg_A_seed2801,reset_noise/scale/frame,140902400,1.0
mg_A_seed2801,reset_noise/scale/frame,141066240,1.0
mg_A_seed2801,reset_noise/scale/frame,141230080,1.0
mg_A_seed2801,reset_noise/scale/frame,141393920,1.0
mg_A_seed2801,reset_noise/scale/frame,141557760,1.0
mg_A_seed2801,reset_noise/scale/frame,141721600,1.0
mg_A_seed2801,reset_noise/scale/frame,141885440,1.0
mg_A_seed2801,reset_noise/scale/frame,142049280,1.0
mg_A_seed2801,reset_noise/scale/frame,142213120,1.0
mg_A_seed2801,reset_noise/scale/frame,142376960,1.0
mg_A_seed2801,reset_noise/scale/frame,142540800,1.0
mg_A_seed2801,reset_noise/scale/frame,142704640,1.0
mg_A_seed2801,reset_noise/scale/frame,142868480,1.0
mg_A_seed2801,reset_noise/scale/frame,143032320,1.0
mg_A_seed2801,reset_noise/scale/frame,143196160,1.0
mg_A_seed2801,reset_noise/scale/frame,143360000,1.0
mg_A_seed2801,reset_noise/scale/frame,143523840,1.0
mg_A_seed2801,reset_noise/scale/frame,143687680,1.0
mg_A_seed2801,reset_noise/scale/frame,143851520,1.0
mg_A_seed2801,reset_noise/scale/frame,144015360,1.0
mg_A_seed2801,reset_noise/scale/frame,144179200,1.0
mg_A_seed2801,reset_noise/scale/frame,144343040,1.0
mg_A_seed2801,reset_noise/scale/frame,144506880,1.0
mg_A_seed2801,reset_noise/scale/frame,144670720,1.0
mg_A_seed2801,reset_noise/scale/frame,144834560,1.0
mg_A_seed2801,reset_noise/scale/frame,144998400,1.0
mg_A_seed2801,reset_noise/scale/frame,145162240,1.0
mg_A_seed2801,reset_noise/scale/frame,145326080,1.0
mg_A_seed2801,reset_noise/scale/frame,145489920,1.0
mg_A_seed2801,reset_noise/scale/frame,145653760,1.0
mg_A_seed2801,reset_noise/scale/frame,145817600,1.0
mg_A_seed2801,reset_noise/scale/frame,145981440,1.0
mg_A_seed2801,reset_noise/scale/frame,146145280,1.0
mg_A_seed2801,reset_noise/scale/frame,146309120,1.0
mg_A_seed2801,reset_noise/scale/frame,146472960,1.0
mg_A_seed2801,reset_noise/scale/frame,146636800,1.0
mg_A_seed2801,reset_noise/scale/frame,146800640,1.0
mg_A_seed2801,reset_noise/scale/frame,146964480,1.0
mg_A_seed2801,reset_noise/scale/frame,147128320,1.0
mg_A_seed2801,reset_noise/scale/frame,147292160,1.0
mg_A_seed2801,reset_noise/scale/frame,147456000,1.0
mg_A_seed2801,reset_noise/scale/frame,147619840,1.0
mg_A_seed2801,reset_noise/scale/frame,147783680,1.0
mg_A_seed2801,reset_noise/scale/frame,147947520,1.0
mg_A_seed2801,reset_noise/scale/frame,148111360,1.0
mg_A_seed2801,reset_noise/scale/frame,148275200,1.0
mg_A_seed2801,reset_noise/scale/frame,148439040,1.0
mg_A_seed2801,reset_noise/scale/frame,148602880,1.0
mg_A_seed2801,reset_noise/scale/frame,148766720,1.0
mg_A_seed2801,reset_noise/scale/frame,148930560,1.0
mg_A_seed2801,reset_noise/scale/frame,149094400,1.0
mg_A_seed2801,reset_noise/scale/frame,149258240,1.0
mg_A_seed2801,reset_noise/scale/frame,149422080,1.0
mg_A_seed2801,reset_noise/scale/frame,149585920,1.0
mg_A_seed2801,reset_noise/scale/frame,149749760,1.0
mg_A_seed2801,reset_noise/scale/frame,149913600,1.0
mg_A_seed2801,reset_noise/scale/frame,150077440,1.0
mg_A_seed2801,reset_noise/scale/frame,150241280,1.0
mg_A_seed2801,reset_noise/scale/frame,150405120,1.0
mg_A_seed2801,reset_noise/scale/frame,150568960,1.0
mg_A_seed2801,reset_noise/scale/frame,150732800,1.0
mg_A_seed2801,reset_noise/scale/frame,150896640,1.0
mg_A_seed2801,reset_noise/scale/frame,151060480,1.0
mg_A_seed2801,reset_noise/scale/frame,151224320,1.0
mg_A_seed2801,reset_noise/scale/frame,151388160,1.0
mg_A_seed2801,reset_noise/scale/frame,151552000,1.0
mg_A_seed2801,reset_noise/scale/frame,151715840,1.0
mg_A_seed2801,reset_noise/scale/frame,151879680,1.0
mg_A_seed2801,reset_noise/scale/frame,152043520,1.0
mg_A_seed2801,reset_noise/scale/frame,152207360,1.0
mg_A_seed2801,reset_noise/scale/frame,152371200,1.0
mg_A_seed2801,reset_noise/scale/frame,152535040,1.0
mg_A_seed2801,reset_noise/scale/frame,152698880,1.0
mg_A_seed2801,reset_noise/scale/frame,152862720,1.0
mg_A_seed2801,reset_noise/scale/frame,153026560,1.0
mg_A_seed2801,reset_noise/scale/frame,153190400,1.0
mg_A_seed2801,reset_noise/scale/frame,153354240,1.0
mg_A_seed2801,reset_noise/scale/frame,153518080,1.0
mg_A_seed2801,reset_noise/scale/frame,153681920,1.0
mg_A_seed2801,reset_noise/scale/frame,153845760,1.0
mg_A_seed2801,reset_noise/scale/frame,154009600,1.0
mg_A_seed2801,reset_noise/scale/frame,154173440,1.0
mg_A_seed2801,reset_noise/scale/frame,154337280,1.0
mg_A_seed2801,reset_noise/scale/frame,154501120,1.0
mg_A_seed2801,reset_noise/scale/frame,154664960,1.0
mg_A_seed2801,reset_noise/scale/frame,154828800,1.0
mg_A_seed2801,reset_noise/scale/frame,154992640,1.0
mg_A_seed2801,reset_noise/scale/frame,155156480,1.0
mg_A_seed2801,reset_noise/scale/frame,155320320,1.0
mg_A_seed2801,reset_noise/scale/frame,155484160,1.0
mg_A_seed2801,reset_noise/scale/frame,155648000,1.0
mg_A_seed2801,reset_noise/scale/frame,155811840,1.0
mg_A_seed2801,reset_noise/scale/frame,155975680,1.0
mg_A_seed2801,reset_noise/scale/frame,156139520,1.0
mg_A_seed2801,reset_noise/scale/frame,156303360,1.0
mg_A_seed2801,reset_noise/scale/frame,156467200,1.0
mg_A_seed2801,reset_noise/scale/frame,156631040,1.0
mg_A_seed2801,reset_noise/scale/frame,156794880,1.0
mg_A_seed2801,reset_noise/scale/frame,156958720,1.0
mg_A_seed2801,reset_noise/scale/frame,157122560,1.0
mg_A_seed2801,reset_noise/scale/frame,157286400,1.0
mg_A_seed2801,reset_noise/scale/frame,157450240,1.0
mg_A_seed2801,reset_noise/scale/frame,157614080,1.0
mg_A_seed2801,reset_noise/scale/frame,157777920,1.0
mg_A_seed2801,reset_noise/scale/frame,157941760,1.0
mg_A_seed2801,reset_noise/scale/frame,158105600,1.0
mg_A_seed2801,reset_noise/scale/frame,158269440,1.0
mg_A_seed2801,reset_noise/scale/frame,158433280,1.0
mg_A_seed2801,reset_noise/scale/frame,158597120,1.0
mg_A_seed2801,reset_noise/scale/frame,158760960,1.0
mg_A_seed2801,reset_noise/scale/frame,158924800,1.0
mg_A_seed2801,reset_noise/scale/frame,159088640,1.0
mg_A_seed2801,reset_noise/scale/frame,159252480,1.0
mg_A_seed2801,reset_noise/scale/frame,159416320,1.0
mg_A_seed2801,reset_noise/scale/frame,159580160,1.0
mg_A_seed2801,reset_noise/scale/frame,159744000,1.0
mg_A_seed2801,reset_noise/scale/frame,159907840,1.0
mg_A_seed2801,reset_noise/scale/frame,160071680,1.0
mg_A_seed2801,reset_noise/scale/frame,160235520,1.0
mg_A_seed2801,reset_noise/scale/frame,160399360,1.0
mg_A_seed2801,reset_noise/scale/frame,160563200,1.0
mg_A_seed2801,reset_noise/scale/frame,160727040,1.0
mg_A_seed2801,reset_noise/scale/frame,160890880,1.0
mg_A_seed2801,reset_noise/scale/frame,161054720,1.0
mg_A_seed2801,reset_noise/scale/frame,161218560,1.0
mg_A_seed2801,reset_noise/scale/frame,161382400,1.0
mg_A_seed2801,reset_noise/scale/frame,161546240,1.0
mg_A_seed2801,reset_noise/scale/frame,161710080,1.0
mg_A_seed2801,reset_noise/scale/frame,161873920,1.0
mg_A_seed2801,reset_noise/scale/frame,162037760,1.0
mg_A_seed2801,reset_noise/scale/frame,162201600,1.0
mg_A_seed2801,reset_noise/scale/frame,162365440,1.0
mg_A_seed2801,reset_noise/scale/frame,162529280,1.0
mg_A_seed2801,reset_noise/scale/frame,162693120,1.0
mg_A_seed2801,reset_noise/scale/frame,162856960,1.0
mg_A_seed2801,reset_noise/scale/frame,163020800,1.0
mg_A_seed2801,reset_noise/scale/frame,163184640,1.0
mg_A_seed2801,reset_noise/scale/frame,163348480,1.0
mg_A_seed2801,reset_noise/scale/frame,163512320,1.0
mg_A_seed2801,reset_noise/scale/frame,163676160,1.0
mg_A_seed2801,reset_noise/scale/frame,163840000,1.0
mg_A_seed2801,reward_curriculum/progress/frame,163840,0.0
mg_A_seed2801,reward_curriculum/progress/frame,327680,0.0
mg_A_seed2801,reward_curriculum/progress/frame,491520,0.0
mg_A_seed2801,reward_curriculum/progress/frame,655360,0.0
mg_A_seed2801,reward_curriculum/progress/frame,819200,0.0
mg_A_seed2801,reward_curriculum/progress/frame,983040,0.0
mg_A_seed2801,reward_curriculum/progress/frame,1146880,0.0
mg_A_seed2801,reward_curriculum/progress/frame,1310720,0.0
mg_A_seed2801,reward_curriculum/progress/frame,1474560,0.0
mg_A_seed2801,reward_curriculum/progress/frame,1638400,0.0
mg_A_seed2801,reward_curriculum/progress/frame,1802240,0.0
mg_A_seed2801,reward_curriculum/progress/frame,1966080,0.0
mg_A_seed2801,reward_curriculum/progress/frame,2129920,0.0
mg_A_seed2801,reward_curriculum/progress/frame,2293760,0.0
mg_A_seed2801,reward_curriculum/progress/frame,2457600,0.0
mg_A_seed2801,reward_curriculum/progress/frame,2621440,0.0
mg_A_seed2801,reward_curriculum/progress/frame,2785280,0.0
mg_A_seed2801,reward_curriculum/progress/frame,2949120,0.0
mg_A_seed2801,reward_curriculum/progress/frame,3112960,0.0
mg_A_seed2801,reward_curriculum/progress/frame,3276800,0.0
mg_A_seed2801,reward_curriculum/progress/frame,3440640,0.0
mg_A_seed2801,reward_curriculum/progress/frame,3604480,0.0
mg_A_seed2801,reward_curriculum/progress/frame,3768320,0.0
mg_A_seed2801,reward_curriculum/progress/frame,3932160,0.0
mg_A_seed2801,reward_curriculum/progress/frame,4096000,0.0
mg_A_seed2801,reward_curriculum/progress/frame,4259840,0.0
mg_A_seed2801,reward_curriculum/progress/frame,4423680,0.0
mg_A_seed2801,reward_curriculum/progress/frame,4587520,0.0
mg_A_seed2801,reward_curriculum/progress/frame,4751360,0.0
mg_A_seed2801,reward_curriculum/progress/frame,4915200,0.0
mg_A_seed2801,reward_curriculum/progress/frame,5079040,0.0
mg_A_seed2801,reward_curriculum/progress/frame,5242880,0.0
mg_A_seed2801,reward_curriculum/progress/frame,5406720,0.0
mg_A_seed2801,reward_curriculum/progress/frame,5570560,0.0
mg_A_seed2801,reward_curriculum/progress/frame,5734400,0.0
mg_A_seed2801,reward_curriculum/progress/frame,5898240,0.0
mg_A_seed2801,reward_curriculum/progress/frame,6062080,0.0
mg_A_seed2801,reward_curriculum/progress/frame,6225920,0.0
mg_A_seed2801,reward_curriculum/progress/frame,6389760,0.0
mg_A_seed2801,reward_curriculum/progress/frame,6553600,0.0
mg_A_seed2801,reward_curriculum/progress/frame,6717440,0.0
mg_A_seed2801,reward_curriculum/progress/frame,6881280,0.0
mg_A_seed2801,reward_curriculum/progress/frame,7045120,0.0
mg_A_seed2801,reward_curriculum/progress/frame,7208960,0.0
mg_A_seed2801,reward_curriculum/progress/frame,7372800,0.0
mg_A_seed2801,reward_curriculum/progress/frame,7536640,0.0
mg_A_seed2801,reward_curriculum/progress/frame,7700480,0.0
mg_A_seed2801,reward_curriculum/progress/frame,7864320,0.0
mg_A_seed2801,reward_curriculum/progress/frame,8028160,0.0
mg_A_seed2801,reward_curriculum/progress/frame,8192000,0.0
mg_A_seed2801,reward_curriculum/progress/frame,8355840,0.0
mg_A_seed2801,reward_curriculum/progress/frame,8519680,0.0
mg_A_seed2801,reward_curriculum/progress/frame,8683520,0.0
mg_A_seed2801,reward_curriculum/progress/frame,8847360,0.0
mg_A_seed2801,reward_curriculum/progress/frame,9011200,0.0
mg_A_seed2801,reward_curriculum/progress/frame,9175040,0.0
mg_A_seed2801,reward_curriculum/progress/frame,9338880,0.0
mg_A_seed2801,reward_curriculum/progress/frame,9502720,0.0
mg_A_seed2801,reward_curriculum/progress/frame,9666560,0.0
mg_A_seed2801,reward_curriculum/progress/frame,9830400,0.0
mg_A_seed2801,reward_curriculum/progress/frame,9994240,0.0
mg_A_seed2801,reward_curriculum/progress/frame,10158080,0.0
mg_A_seed2801,reward_curriculum/progress/frame,10321920,0.0
mg_A_seed2801,reward_curriculum/progress/frame,10485760,0.0
mg_A_seed2801,reward_curriculum/progress/frame,10649600,0.0
mg_A_seed2801,reward_curriculum/progress/frame,10813440,0.0
mg_A_seed2801,reward_curriculum/progress/frame,10977280,0.0
mg_A_seed2801,reward_curriculum/progress/frame,11141120,0.0
mg_A_seed2801,reward_curriculum/progress/frame,11304960,0.0
mg_A_seed2801,reward_curriculum/progress/frame,11468800,0.0
mg_A_seed2801,reward_curriculum/progress/frame,11632640,0.0
mg_A_seed2801,reward_curriculum/progress/frame,11796480,0.0
mg_A_seed2801,reward_curriculum/progress/frame,11960320,0.0
mg_A_seed2801,reward_curriculum/progress/frame,12124160,0.0
mg_A_seed2801,reward_curriculum/progress/frame,12288000,0.0
mg_A_seed2801,reward_curriculum/progress/frame,12451840,0.0
mg_A_seed2801,reward_curriculum/progress/frame,12615680,0.0
mg_A_seed2801,reward_curriculum/progress/frame,12779520,0.0
mg_A_seed2801,reward_curriculum/progress/frame,12943360,0.0
mg_A_seed2801,reward_curriculum/progress/frame,13107200,0.0
mg_A_seed2801,reward_curriculum/progress/frame,13271040,0.0
mg_A_seed2801,reward_curriculum/progress/frame,13434880,0.0
mg_A_seed2801,reward_curriculum/progress/frame,13598720,0.0
mg_A_seed2801,reward_curriculum/progress/frame,13762560,0.0
mg_A_seed2801,reward_curriculum/progress/frame,13926400,0.0
mg_A_seed2801,reward_curriculum/progress/frame,14090240,0.0
mg_A_seed2801,reward_curriculum/progress/frame,14254080,0.0
mg_A_seed2801,reward_curriculum/progress/frame,14417920,0.0
mg_A_seed2801,reward_curriculum/progress/frame,14581760,0.0
mg_A_seed2801,reward_curriculum/progress/frame,14745600,0.0
mg_A_seed2801,reward_curriculum/progress/frame,14909440,0.0
mg_A_seed2801,reward_curriculum/progress/frame,15073280,0.0
mg_A_seed2801,reward_curriculum/progress/frame,15237120,0.0
mg_A_seed2801,reward_curriculum/progress/frame,15400960,0.0
mg_A_seed2801,reward_curriculum/progress/frame,15564800,0.0
mg_A_seed2801,reward_curriculum/progress/frame,15728640,0.0
mg_A_seed2801,reward_curriculum/progress/frame,15892480,0.0
mg_A_seed2801,reward_curriculum/progress/frame,16056320,0.0
mg_A_seed2801,reward_curriculum/progress/frame,16220160,0.0
mg_A_seed2801,reward_curriculum/progress/frame,16384000,0.0
mg_A_seed2801,reward_curriculum/progress/frame,16547840,0.0
mg_A_seed2801,reward_curriculum/progress/frame,16711680,0.0
mg_A_seed2801,reward_curriculum/progress/frame,16875520,0.0
mg_A_seed2801,reward_curriculum/progress/frame,17039360,0.0
mg_A_seed2801,reward_curriculum/progress/frame,17203200,0.0
mg_A_seed2801,reward_curriculum/progress/frame,17367040,0.0
mg_A_seed2801,reward_curriculum/progress/frame,17530880,0.0
mg_A_seed2801,reward_curriculum/progress/frame,17694720,0.0
mg_A_seed2801,reward_curriculum/progress/frame,17858560,0.0
mg_A_seed2801,reward_curriculum/progress/frame,18022400,0.0
mg_A_seed2801,reward_curriculum/progress/frame,18186240,0.0
mg_A_seed2801,reward_curriculum/progress/frame,18350080,0.0
mg_A_seed2801,reward_curriculum/progress/frame,18513920,0.0
mg_A_seed2801,reward_curriculum/progress/frame,18677760,0.0
mg_A_seed2801,reward_curriculum/progress/frame,18841600,0.0
mg_A_seed2801,reward_curriculum/progress/frame,19005440,0.0
mg_A_seed2801,reward_curriculum/progress/frame,19169280,0.0
mg_A_seed2801,reward_curriculum/progress/frame,19333120,0.0
mg_A_seed2801,reward_curriculum/progress/frame,19496960,0.0
mg_A_seed2801,reward_curriculum/progress/frame,19660800,0.0
mg_A_seed2801,reward_curriculum/progress/frame,19824640,0.0
mg_A_seed2801,reward_curriculum/progress/frame,19988480,0.0
mg_A_seed2801,reward_curriculum/progress/frame,20152320,0.0
mg_A_seed2801,reward_curriculum/progress/frame,20316160,0.0
mg_A_seed2801,reward_curriculum/progress/frame,20480000,0.0
mg_A_seed2801,reward_curriculum/progress/frame,20643840,0.0
mg_A_seed2801,reward_curriculum/progress/frame,20807680,0.0
mg_A_seed2801,reward_curriculum/progress/frame,20971520,0.0
mg_A_seed2801,reward_curriculum/progress/frame,21135360,0.0
mg_A_seed2801,reward_curriculum/progress/frame,21299200,0.0
mg_A_seed2801,reward_curriculum/progress/frame,21463040,0.0
mg_A_seed2801,reward_curriculum/progress/frame,21626880,0.0
mg_A_seed2801,reward_curriculum/progress/frame,21790720,0.0
mg_A_seed2801,reward_curriculum/progress/frame,21954560,0.0
mg_A_seed2801,reward_curriculum/progress/frame,22118400,0.0
mg_A_seed2801,reward_curriculum/progress/frame,22282240,0.0
mg_A_seed2801,reward_curriculum/progress/frame,22446080,0.0
mg_A_seed2801,reward_curriculum/progress/frame,22609920,0.0
mg_A_seed2801,reward_curriculum/progress/frame,22773760,0.0
mg_A_seed2801,reward_curriculum/progress/frame,22937600,0.0
mg_A_seed2801,reward_curriculum/progress/frame,23101440,0.0
mg_A_seed2801,reward_curriculum/progress/frame,23265280,0.0
mg_A_seed2801,reward_curriculum/progress/frame,23429120,0.0
mg_A_seed2801,reward_curriculum/progress/frame,23592960,0.0
mg_A_seed2801,reward_curriculum/progress/frame,23756800,0.0
mg_A_seed2801,reward_curriculum/progress/frame,23920640,0.0
mg_A_seed2801,reward_curriculum/progress/frame,24084480,0.0
mg_A_seed2801,reward_curriculum/progress/frame,24248320,0.0
mg_A_seed2801,reward_curriculum/progress/frame,24412160,0.0
mg_A_seed2801,reward_curriculum/progress/frame,24576000,0.0
mg_A_seed2801,reward_curriculum/progress/frame,24739840,0.0
mg_A_seed2801,reward_curriculum/progress/frame,24903680,0.0
mg_A_seed2801,reward_curriculum/progress/frame,25067520,0.0
mg_A_seed2801,reward_curriculum/progress/frame,25231360,0.0
mg_A_seed2801,reward_curriculum/progress/frame,25395200,0.0
mg_A_seed2801,reward_curriculum/progress/frame,25559040,0.0
mg_A_seed2801,reward_curriculum/progress/frame,25722880,0.0
mg_A_seed2801,reward_curriculum/progress/frame,25886720,0.0
mg_A_seed2801,reward_curriculum/progress/frame,26050560,0.0
mg_A_seed2801,reward_curriculum/progress/frame,26214400,0.0
mg_A_seed2801,reward_curriculum/progress/frame,26378240,0.0
mg_A_seed2801,reward_curriculum/progress/frame,26542080,0.0
mg_A_seed2801,reward_curriculum/progress/frame,26705920,0.0
mg_A_seed2801,reward_curriculum/progress/frame,26869760,0.0
mg_A_seed2801,reward_curriculum/progress/frame,27033600,0.0
mg_A_seed2801,reward_curriculum/progress/frame,27197440,0.0
mg_A_seed2801,reward_curriculum/progress/frame,27361280,0.0
mg_A_seed2801,reward_curriculum/progress/frame,27525120,0.0
mg_A_seed2801,reward_curriculum/progress/frame,27688960,0.0
mg_A_seed2801,reward_curriculum/progress/frame,27852800,0.0
mg_A_seed2801,reward_curriculum/progress/frame,28016640,0.0
mg_A_seed2801,reward_curriculum/progress/frame,28180480,0.0
mg_A_seed2801,reward_curriculum/progress/frame,28344320,0.0
mg_A_seed2801,reward_curriculum/progress/frame,28508160,0.0
mg_A_seed2801,reward_curriculum/progress/frame,28672000,0.0
mg_A_seed2801,reward_curriculum/progress/frame,28835840,0.0
mg_A_seed2801,reward_curriculum/progress/frame,28999680,0.0
mg_A_seed2801,reward_curriculum/progress/frame,29163520,0.0
mg_A_seed2801,reward_curriculum/progress/frame,29327360,0.0
mg_A_seed2801,reward_curriculum/progress/frame,29491200,0.0
mg_A_seed2801,reward_curriculum/progress/frame,29655040,0.0
mg_A_seed2801,reward_curriculum/progress/frame,29818880,0.0
mg_A_seed2801,reward_curriculum/progress/frame,29982720,0.0
mg_A_seed2801,reward_curriculum/progress/frame,30146560,0.0
mg_A_seed2801,reward_curriculum/progress/frame,30310400,0.0
mg_A_seed2801,reward_curriculum/progress/frame,30474240,0.0
mg_A_seed2801,reward_curriculum/progress/frame,30638080,0.0
mg_A_seed2801,reward_curriculum/progress/frame,30801920,0.0
mg_A_seed2801,reward_curriculum/progress/frame,30965760,0.0
mg_A_seed2801,reward_curriculum/progress/frame,31129600,0.0
mg_A_seed2801,reward_curriculum/progress/frame,31293440,0.0
mg_A_seed2801,reward_curriculum/progress/frame,31457280,0.0
mg_A_seed2801,reward_curriculum/progress/frame,31621120,0.0
mg_A_seed2801,reward_curriculum/progress/frame,31784960,0.0
mg_A_seed2801,reward_curriculum/progress/frame,31948800,0.0
mg_A_seed2801,reward_curriculum/progress/frame,32112640,0.0
mg_A_seed2801,reward_curriculum/progress/frame,32276480,0.0
mg_A_seed2801,reward_curriculum/progress/frame,32440320,0.0
mg_A_seed2801,reward_curriculum/progress/frame,32604160,0.0
mg_A_seed2801,reward_curriculum/progress/frame,32768000,0.0
mg_A_seed2801,reward_curriculum/progress/frame,32931840,0.0005555555690079927
mg_A_seed2801,reward_curriculum/progress/frame,33095680,0.0011111111380159855
mg_A_seed2801,reward_curriculum/progress/frame,33259520,0.0016666667070239782
mg_A_seed2801,reward_curriculum/progress/frame,33423360,0.002222222276031971
mg_A_seed2801,reward_curriculum/progress/frame,33587200,0.0027777778450399637
mg_A_seed2801,reward_curriculum/progress/frame,33751040,0.0033333334140479565
mg_A_seed2801,reward_curriculum/progress/frame,33914880,0.003888888983055949
mg_A_seed2801,reward_curriculum/progress/frame,34078720,0.004444444552063942
mg_A_seed2801,reward_curriculum/progress/frame,34242560,0.004999999888241291
mg_A_seed2801,reward_curriculum/progress/frame,34406400,0.0055555556900799274
mg_A_seed2801,reward_curriculum/progress/frame,34570240,0.0061111110262572765
mg_A_seed2801,reward_curriculum/progress/frame,34734080,0.006666666828095913
mg_A_seed2801,reward_curriculum/progress/frame,34897920,0.007222222164273262
mg_A_seed2801,reward_curriculum/progress/frame,35061760,0.007777777966111898
mg_A_seed2801,reward_curriculum/progress/frame,35225600,0.008333333767950535
mg_A_seed2801,reward_curriculum/progress/frame,35389440,0.008888889104127884
mg_A_seed2801,reward_curriculum/progress/frame,35553280,0.009444444440305233
mg_A_seed2801,reward_curriculum/progress/frame,35717120,0.009999999776482582
mg_A_seed2801,reward_curriculum/progress/frame,35880960,0.010555555112659931
mg_A_seed2801,reward_curriculum/progress/frame,36044800,0.011111111380159855
mg_A_seed2801,reward_curriculum/progress/frame,36208640,0.011666666716337204
mg_A_seed2801,reward_curriculum/progress/frame,36372480,0.012222222052514553
mg_A_seed2801,reward_curriculum/progress/frame,36536320,0.012777777388691902
mg_A_seed2801,reward_curriculum/progress/frame,36700160,0.013333333656191826
mg_A_seed2801,reward_curriculum/progress/frame,36864000,0.013888888992369175
mg_A_seed2801,reward_curriculum/progress/frame,37027840,0.014444444328546524
mg_A_seed2801,reward_curriculum/progress/frame,37191680,0.014999999664723873
mg_A_seed2801,reward_curriculum/progress/frame,37355520,0.015555555932223797
mg_A_seed2801,reward_curriculum/progress/frame,37519360,0.016111111268401146
mg_A_seed2801,reward_curriculum/progress/frame,37683200,0.01666666753590107
mg_A_seed2801,reward_curriculum/progress/frame,37847040,0.017222221940755844
mg_A_seed2801,reward_curriculum/progress/frame,38010880,0.017777778208255768
mg_A_seed2801,reward_curriculum/progress/frame,38174720,0.018333332613110542
mg_A_seed2801,reward_curriculum/progress/frame,38338560,0.018888888880610466
mg_A_seed2801,reward_curriculum/progress/frame,38502400,0.01944444514811039
mg_A_seed2801,reward_curriculum/progress/frame,38666240,0.019999999552965164
mg_A_seed2801,reward_curriculum/progress/frame,38830080,0.020555555820465088
mg_A_seed2801,reward_curriculum/progress/frame,38993920,0.021111110225319862
mg_A_seed2801,reward_curriculum/progress/frame,39157760,0.021666666492819786
mg_A_seed2801,reward_curriculum/progress/frame,39321600,0.02222222276031971
mg_A_seed2801,reward_curriculum/progress/frame,39485440,0.022777777165174484
mg_A_seed2801,reward_curriculum/progress/frame,39649280,0.023333333432674408
mg_A_seed2801,reward_curriculum/progress/frame,39813120,0.02388888970017433
mg_A_seed2801,reward_curriculum/progress/frame,39976960,0.024444444105029106
mg_A_seed2801,reward_curriculum/progress/frame,40140800,0.02500000037252903
mg_A_seed2801,reward_curriculum/progress/frame,40304640,0.025555554777383804
mg_A_seed2801,reward_curriculum/progress/frame,40468480,0.026111111044883728
mg_A_seed2801,reward_curriculum/progress/frame,40632320,0.02666666731238365
mg_A_seed2801,reward_curriculum/progress/frame,40796160,0.027222221717238426
mg_A_seed2801,reward_curriculum/progress/frame,40960000,0.02777777798473835
mg_A_seed2801,reward_curriculum/progress/frame,41123840,0.028333334252238274
mg_A_seed2801,reward_curriculum/progress/frame,41287680,0.028888888657093048
mg_A_seed2801,reward_curriculum/progress/frame,41451520,0.029444444924592972
mg_A_seed2801,reward_curriculum/progress/frame,41615360,0.029999999329447746
mg_A_seed2801,reward_curriculum/progress/frame,41779200,0.03055555559694767
mg_A_seed2801,reward_curriculum/progress/frame,41943040,0.031111111864447594
mg_A_seed2801,reward_curriculum/progress/frame,42106880,0.03166666626930237
mg_A_seed2801,reward_curriculum/progress/frame,42270720,0.03222222253680229
mg_A_seed2801,reward_curriculum/progress/frame,42434560,0.032777778804302216
mg_A_seed2801,reward_curriculum/progress/frame,42598400,0.03333333507180214
mg_A_seed2801,reward_curriculum/progress/frame,42762240,0.033888887614011765
mg_A_seed2801,reward_curriculum/progress/frame,42926080,0.03444444388151169
mg_A_seed2801,reward_curriculum/progress/frame,43089920,0.03500000014901161
mg_A_seed2801,reward_curriculum/progress/frame,43253760,0.035555556416511536
mg_A_seed2801,reward_curriculum/progress/frame,43417600,0.03611111268401146
mg_A_seed2801,reward_curriculum/progress/frame,43581440,0.036666665226221085
mg_A_seed2801,reward_curriculum/progress/frame,43745280,0.03722222149372101
mg_A_seed2801,reward_curriculum/progress/frame,43909120,0.03777777776122093
mg_A_seed2801,reward_curriculum/progress/frame,44072960,0.038333334028720856
mg_A_seed2801,reward_curriculum/progress/frame,44236800,0.03888889029622078
mg_A_seed2801,reward_curriculum/progress/frame,44400640,0.039444442838430405
mg_A_seed2801,reward_curriculum/progress/frame,44564480,0.03999999910593033
mg_A_seed2801,reward_curriculum/progress/frame,44728320,0.04055555537343025
mg_A_seed2801,reward_curriculum/progress/frame,44892160,0.041111111640930176
mg_A_seed2801,reward_curriculum/progress/frame,45056000,0.0416666679084301
mg_A_seed2801,reward_curriculum/progress/frame,45219840,0.042222220450639725
mg_A_seed2801,reward_curriculum/progress/frame,45383680,0.04277777671813965
mg_A_seed2801,reward_curriculum/progress/frame,45547520,0.04333333298563957
mg_A_seed2801,reward_curriculum/progress/frame,45711360,0.043888889253139496
mg_A_seed2801,reward_curriculum/progress/frame,45875200,0.04444444552063942
mg_A_seed2801,reward_curriculum/progress/frame,46039040,0.04500000178813934
mg_A_seed2801,reward_curriculum/progress/frame,46202880,0.04555555433034897
mg_A_seed2801,reward_curriculum/progress/frame,46366720,0.04611111059784889
mg_A_seed2801,reward_curriculum/progress/frame,46530560,0.046666666865348816
mg_A_seed2801,reward_curriculum/progress/frame,46694400,0.04722222313284874
mg_A_seed2801,reward_curriculum/progress/frame,46858240,0.04777777940034866
mg_A_seed2801,reward_curriculum/progress/frame,47022080,0.04833333194255829
mg_A_seed2801,reward_curriculum/progress/frame,47185920,0.04888888821005821
mg_A_seed2801,reward_curriculum/progress/frame,47349760,0.049444444477558136
mg_A_seed2801,reward_curriculum/progress/frame,47513600,0.05000000074505806
mg_A_seed2801,reward_curriculum/progress/frame,47677440,0.05055555701255798
mg_A_seed2801,reward_curriculum/progress/frame,47841280,0.05111110955476761
mg_A_seed2801,reward_curriculum/progress/frame,48005120,0.05166666582226753
mg_A_seed2801,reward_curriculum/progress/frame,48168960,0.052222222089767456
mg_A_seed2801,reward_curriculum/progress/frame,48332800,0.05277777835726738
mg_A_seed2801,reward_curriculum/progress/frame,48496640,0.0533333346247673
mg_A_seed2801,reward_curriculum/progress/frame,48660480,0.05388888716697693
mg_A_seed2801,reward_curriculum/progress/frame,48824320,0.05444444343447685
mg_A_seed2801,reward_curriculum/progress/frame,48988160,0.054999999701976776
mg_A_seed2801,reward_curriculum/progress/frame,49152000,0.0555555559694767
mg_A_seed2801,reward_curriculum/progress/frame,49315840,0.056111112236976624
mg_A_seed2801,reward_curriculum/progress/frame,49479680,0.05666666850447655
mg_A_seed2801,reward_curriculum/progress/frame,49643520,0.05722222104668617
mg_A_seed2801,reward_curriculum/progress/frame,49807360,0.057777777314186096
mg_A_seed2801,reward_curriculum/progress/frame,49971200,0.05833333358168602
mg_A_seed2801,reward_curriculum/progress/frame,50135040,0.058888889849185944
mg_A_seed2801,reward_curriculum/progress/frame,50298880,0.05944444611668587
mg_A_seed2801,reward_curriculum/progress/frame,50462720,0.05999999865889549
mg_A_seed2801,reward_curriculum/progress/frame,50626560,0.060555554926395416
mg_A_seed2801,reward_curriculum/progress/frame,50790400,0.06111111119389534
mg_A_seed2801,reward_curriculum/progress/frame,50954240,0.061666667461395264
mg_A_seed2801,reward_curriculum/progress/frame,51118080,0.06222222372889519
mg_A_seed2801,reward_curriculum/progress/frame,51281920,0.06277777999639511
mg_A_seed2801,reward_curriculum/progress/frame,51445760,0.06333333253860474
mg_A_seed2801,reward_curriculum/progress/frame,51609600,0.06388889253139496
mg_A_seed2801,reward_curriculum/progress/frame,51773440,0.06444444507360458
mg_A_seed2801,reward_curriculum/progress/frame,51937280,0.06499999761581421
mg_A_seed2801,reward_curriculum/progress/frame,52101120,0.06555555760860443
mg_A_seed2801,reward_curriculum/progress/frame,52264960,0.06611111015081406
mg_A_seed2801,reward_curriculum/progress/frame,52428800,0.06666667014360428
mg_A_seed2801,reward_curriculum/progress/frame,52592640,0.0672222226858139
mg_A_seed2801,reward_curriculum/progress/frame,52756480,0.06777777522802353
mg_A_seed2801,reward_curriculum/progress/frame,52920320,0.06833333522081375
mg_A_seed2801,reward_curriculum/progress/frame,53084160,0.06888888776302338
mg_A_seed2801,reward_curriculum/progress/frame,53248000,0.0694444477558136
mg_A_seed2801,reward_curriculum/progress/frame,53411840,0.07000000029802322
mg_A_seed2801,reward_curriculum/progress/frame,53575680,0.07055555284023285
mg_A_seed2801,reward_curriculum/progress/frame,53739520,0.07111111283302307
mg_A_seed2801,reward_curriculum/progress/frame,53903360,0.0716666653752327
mg_A_seed2801,reward_curriculum/progress/frame,54067200,0.07222222536802292
mg_A_seed2801,reward_curriculum/progress/frame,54231040,0.07277777791023254
mg_A_seed2801,reward_curriculum/progress/frame,54394880,0.07333333045244217
mg_A_seed2801,reward_curriculum/progress/frame,54558720,0.07388889044523239
mg_A_seed2801,reward_curriculum/progress/frame,54722560,0.07444444298744202
mg_A_seed2801,reward_curriculum/progress/frame,54886400,0.07500000298023224
mg_A_seed2801,reward_curriculum/progress/frame,55050240,0.07555555552244186
mg_A_seed2801,reward_curriculum/progress/frame,55214080,0.07611110806465149
mg_A_seed2801,reward_curriculum/progress/frame,55377920,0.07666666805744171
mg_A_seed2801,reward_curriculum/progress/frame,55541760,0.07722222059965134
mg_A_seed2801,reward_curriculum/progress/frame,55705600,0.07777778059244156
mg_A_seed2801,reward_curriculum/progress/frame,55869440,0.07833333313465118
mg_A_seed2801,reward_curriculum/progress/frame,56033280,0.07888888567686081
mg_A_seed2801,reward_curriculum/progress/frame,56197120,0.07944444566965103
mg_A_seed2801,reward_curriculum/progress/frame,56360960,0.07999999821186066
mg_A_seed2801,reward_curriculum/progress/frame,56524800,0.08055555820465088
mg_A_seed2801,reward_curriculum/progress/frame,56688640,0.0811111107468605
mg_A_seed2801,reward_curriculum/progress/frame,56852480,0.08166666328907013
mg_A_seed2801,reward_curriculum/progress/frame,57016320,0.08222222328186035
mg_A_seed2801,reward_curriculum/progress/frame,57180160,0.08277777582406998
mg_A_seed2801,reward_curriculum/progress/frame,57344000,0.0833333358168602
mg_A_seed2801,reward_curriculum/progress/frame,57507840,0.08388888835906982
mg_A_seed2801,reward_curriculum/progress/frame,57671680,0.08444444090127945
mg_A_seed2801,reward_curriculum/progress/frame,57835520,0.08500000089406967
mg_A_seed2801,reward_curriculum/progress/frame,57999360,0.0855555534362793
mg_A_seed2801,reward_curriculum/progress/frame,58163200,0.08611111342906952
mg_A_seed2801,reward_curriculum/progress/frame,58327040,0.08666666597127914
mg_A_seed2801,reward_curriculum/progress/frame,58490880,0.08722221851348877
mg_A_seed2801,reward_curriculum/progress/frame,58654720,0.08777777850627899
mg_A_seed2801,reward_curriculum/progress/frame,58818560,0.08833333104848862
mg_A_seed2801,reward_curriculum/progress/frame,58982400,0.08888889104127884
mg_A_seed2801,reward_curriculum/progress/frame,59146240,0.08944444358348846
mg_A_seed2801,reward_curriculum/progress/frame,59310080,0.09000000357627869
mg_A_seed2801,reward_curriculum/progress/frame,59473920,0.09055555611848831
mg_A_seed2801,reward_curriculum/progress/frame,59637760,0.09111110866069794
mg_A_seed2801,reward_curriculum/progress/frame,59801600,0.09166666865348816
mg_A_seed2801,reward_curriculum/progress/frame,59965440,0.09222222119569778
mg_A_seed2801,reward_curriculum/progress/frame,60129280,0.092777781188488
mg_A_seed2801,reward_curriculum/progress/frame,60293120,0.09333333373069763
mg_A_seed2801,reward_curriculum/progress/frame,60456960,0.09388888627290726
mg_A_seed2801,reward_curriculum/progress/frame,60620800,0.09444444626569748
mg_A_seed2801,reward_curriculum/progress/frame,60784640,0.0949999988079071
mg_A_seed2801,reward_curriculum/progress/frame,60948480,0.09555555880069733
mg_A_seed2801,reward_curriculum/progress/frame,61112320,0.09611111134290695
mg_A_seed2801,reward_curriculum/progress/frame,61276160,0.09666666388511658
mg_A_seed2801,reward_curriculum/progress/frame,61440000,0.0972222238779068
mg_A_seed2801,reward_curriculum/progress/frame,61603840,0.09777777642011642
mg_A_seed2801,reward_curriculum/progress/frame,61767680,0.09833333641290665
mg_A_seed2801,reward_curriculum/progress/frame,61931520,0.09888888895511627
mg_A_seed2801,reward_curriculum/progress/frame,62095360,0.0994444414973259
mg_A_seed2801,reward_curriculum/progress/frame,62259200,0.10000000149011612
mg_A_seed2801,reward_curriculum/progress/frame,62423040,0.10055555403232574
mg_A_seed2801,reward_curriculum/progress/frame,62586880,0.10111111402511597
mg_A_seed2801,reward_curriculum/progress/frame,62750720,0.10166666656732559
mg_A_seed2801,reward_curriculum/progress/frame,62914560,0.10222221910953522
mg_A_seed2801,reward_curriculum/progress/frame,63078400,0.10277777910232544
mg_A_seed2801,reward_curriculum/progress/frame,63242240,0.10333333164453506
mg_A_seed2801,reward_curriculum/progress/frame,63406080,0.10388889163732529
mg_A_seed2801,reward_curriculum/progress/frame,63569920,0.10444444417953491
mg_A_seed2801,reward_curriculum/progress/frame,63733760,0.10499999672174454
mg_A_seed2801,reward_curriculum/progress/frame,63897600,0.10555555671453476
mg_A_seed2801,reward_curriculum/progress/frame,64061440,0.10611110925674438
mg_A_seed2801,reward_curriculum/progress/frame,64225280,0.1066666692495346
mg_A_seed2801,reward_curriculum/progress/frame,64389120,0.10722222179174423
mg_A_seed2801,reward_curriculum/progress/frame,64552960,0.10777777433395386
mg_A_seed2801,reward_curriculum/progress/frame,64716800,0.10833333432674408
mg_A_seed2801,reward_curriculum/progress/frame,64880640,0.1088888868689537
mg_A_seed2801,reward_curriculum/progress/frame,65044480,0.10944444686174393
mg_A_seed2801,reward_curriculum/progress/frame,65208320,0.10999999940395355
mg_A_seed2801,reward_curriculum/progress/frame,65372160,0.11055555194616318
mg_A_seed2801,reward_curriculum/progress/frame,65536000,0.1111111119389534
mg_A_seed2801,reward_curriculum/progress/frame,65699840,0.11166666448116302
mg_A_seed2801,reward_curriculum/progress/frame,65863680,0.11222222447395325
mg_A_seed2801,reward_curriculum/progress/frame,66027520,0.11277777701616287
mg_A_seed2801,reward_curriculum/progress/frame,66191360,0.1133333370089531
mg_A_seed2801,reward_curriculum/progress/frame,66355200,0.11388888955116272
mg_A_seed2801,reward_curriculum/progress/frame,66519040,0.11444444209337234
mg_A_seed2801,reward_curriculum/progress/frame,66682880,0.11500000208616257
mg_A_seed2801,reward_curriculum/progress/frame,66846720,0.11555555462837219
mg_A_seed2801,reward_curriculum/progress/frame,67010560,0.11611111462116241
mg_A_seed2801,reward_curriculum/progress/frame,67174400,0.11666666716337204
mg_A_seed2801,reward_curriculum/progress/frame,67338240,0.11722221970558167
mg_A_seed2801,reward_curriculum/progress/frame,67502080,0.11777777969837189
mg_A_seed2801,reward_curriculum/progress/frame,67665920,0.11833333224058151
mg_A_seed2801,reward_curriculum/progress/frame,67829760,0.11888889223337173
mg_A_seed2801,reward_curriculum/progress/frame,67993600,0.11944444477558136
mg_A_seed2801,reward_curriculum/progress/frame,68157440,0.11999999731779099
mg_A_seed2801,reward_curriculum/progress/frame,68321280,0.12055555731058121
mg_A_seed2801,reward_curriculum/progress/frame,68485120,0.12111110985279083
mg_A_seed2801,reward_curriculum/progress/frame,68648960,0.12166666984558105
mg_A_seed2801,reward_curriculum/progress/frame,68812800,0.12222222238779068
mg_A_seed2801,reward_curriculum/progress/frame,68976640,0.1227777749300003
mg_A_seed2801,reward_curriculum/progress/frame,69140480,0.12333333492279053
mg_A_seed2801,reward_curriculum/progress/frame,69304320,0.12388888746500015
mg_A_seed2801,reward_curriculum/progress/frame,69468160,0.12444444745779037
mg_A_seed2801,reward_curriculum/progress/frame,69632000,0.125
mg_A_seed2801,reward_curriculum/progress/frame,69795840,0.12555555999279022
mg_A_seed2801,reward_curriculum/progress/frame,69959680,0.12611110508441925
mg_A_seed2801,reward_curriculum/progress/frame,70123520,0.12666666507720947
mg_A_seed2801,reward_curriculum/progress/frame,70287360,0.1272222250699997
mg_A_seed2801,reward_curriculum/progress/frame,70451200,0.12777778506278992
mg_A_seed2801,reward_curriculum/progress/frame,70615040,0.12833333015441895
mg_A_seed2801,reward_curriculum/progress/frame,70778880,0.12888889014720917
mg_A_seed2801,reward_curriculum/progress/frame,70942720,0.1294444501399994
mg_A_seed2801,reward_curriculum/progress/frame,71106560,0.12999999523162842
mg_A_seed2801,reward_curriculum/progress/frame,71270400,0.13055555522441864
mg_A_seed2801,reward_curriculum/progress/frame,71434240,0.13111111521720886
mg_A_seed2801,reward_curriculum/progress/frame,71598080,0.1316666603088379
mg_A_seed2801,reward_curriculum/progress/frame,71761920,0.1322222203016281
mg_A_seed2801,reward_curriculum/progress/frame,71925760,0.13277778029441833
mg_A_seed2801,reward_curriculum/progress/frame,72089600,0.13333334028720856
mg_A_seed2801,reward_curriculum/progress/frame,72253440,0.13388888537883759
mg_A_seed2801,reward_curriculum/progress/frame,72417280,0.1344444453716278
mg_A_seed2801,reward_curriculum/progress/frame,72581120,0.13500000536441803
mg_A_seed2801,reward_curriculum/progress/frame,72744960,0.13555555045604706
mg_A_seed2801,reward_curriculum/progress/frame,72908800,0.13611111044883728
mg_A_seed2801,reward_curriculum/progress/frame,73072640,0.1366666704416275
mg_A_seed2801,reward_curriculum/progress/frame,73236480,0.13722221553325653
mg_A_seed2801,reward_curriculum/progress/frame,73400320,0.13777777552604675
mg_A_seed2801,reward_curriculum/progress/frame,73564160,0.13833333551883698
mg_A_seed2801,reward_curriculum/progress/frame,73728000,0.1388888955116272
mg_A_seed2801,reward_curriculum/progress/frame,73891840,0.13944444060325623
mg_A_seed2801,reward_curriculum/progress/frame,74055680,0.14000000059604645
mg_A_seed2801,reward_curriculum/progress/frame,74219520,0.14055556058883667
mg_A_seed2801,reward_curriculum/progress/frame,74383360,0.1411111056804657
mg_A_seed2801,reward_curriculum/progress/frame,74547200,0.14166666567325592
mg_A_seed2801,reward_curriculum/progress/frame,74711040,0.14222222566604614
mg_A_seed2801,reward_curriculum/progress/frame,74874880,0.14277777075767517
mg_A_seed2801,reward_curriculum/progress/frame,75038720,0.1433333307504654
mg_A_seed2801,reward_curriculum/progress/frame,75202560,0.14388889074325562
mg_A_seed2801,reward_curriculum/progress/frame,75366400,0.14444445073604584
mg_A_seed2801,reward_curriculum/progress/frame,75530240,0.14499999582767487
mg_A_seed2801,reward_curriculum/progress/frame,75694080,0.1455555558204651
mg_A_seed2801,reward_curriculum/progress/frame,75857920,0.1461111158132553
mg_A_seed2801,reward_curriculum/progress/frame,76021760,0.14666666090488434
mg_A_seed2801,reward_curriculum/progress/frame,76185600,0.14722222089767456
mg_A_seed2801,reward_curriculum/progress/frame,76349440,0.14777778089046478
mg_A_seed2801,reward_curriculum/progress/frame,76513280,0.1483333259820938
mg_A_seed2801,reward_curriculum/progress/frame,76677120,0.14888888597488403
mg_A_seed2801,reward_curriculum/progress/frame,76840960,0.14944444596767426
mg_A_seed2801,reward_curriculum/progress/frame,77004800,0.15000000596046448
mg_A_seed2801,reward_curriculum/progress/frame,77168640,0.1505555510520935
mg_A_seed2801,reward_curriculum/progress/frame,77332480,0.15111111104488373
mg_A_seed2801,reward_curriculum/progress/frame,77496320,0.15166667103767395
mg_A_seed2801,reward_curriculum/progress/frame,77660160,0.15222221612930298
mg_A_seed2801,reward_curriculum/progress/frame,77824000,0.1527777761220932
mg_A_seed2801,reward_curriculum/progress/frame,77987840,0.15333333611488342
mg_A_seed2801,reward_curriculum/progress/frame,78151680,0.15388889610767365
mg_A_seed2801,reward_curriculum/progress/frame,78315520,0.15444444119930267
mg_A_seed2801,reward_curriculum/progress/frame,78479360,0.1550000011920929
mg_A_seed2801,reward_curriculum/progress/frame,78643200,0.15555556118488312
mg_A_seed2801,reward_curriculum/progress/frame,78807040,0.15611110627651215
mg_A_seed2801,reward_curriculum/progress/frame,78970880,0.15666666626930237
mg_A_seed2801,reward_curriculum/progress/frame,79134720,0.1572222262620926
mg_A_seed2801,reward_curriculum/progress/frame,79298560,0.15777777135372162
mg_A_seed2801,reward_curriculum/progress/frame,79462400,0.15833333134651184
mg_A_seed2801,reward_curriculum/progress/frame,79626240,0.15888889133930206
mg_A_seed2801,reward_curriculum/progress/frame,79790080,0.15944445133209229
mg_A_seed2801,reward_curriculum/progress/frame,79953920,0.1599999964237213
mg_A_seed2801,reward_curriculum/progress/frame,80117760,0.16055555641651154
mg_A_seed2801,reward_curriculum/progress/frame,80281600,0.16111111640930176
mg_A_seed2801,reward_curriculum/progress/frame,80445440,0.1616666615009308
mg_A_seed2801,reward_curriculum/progress/frame,80609280,0.162222221493721
mg_A_seed2801,reward_curriculum/progress/frame,80773120,0.16277778148651123
mg_A_seed2801,reward_curriculum/progress/frame,80936960,0.16333332657814026
mg_A_seed2801,reward_curriculum/progress/frame,81100800,0.16388888657093048
mg_A_seed2801,reward_curriculum/progress/frame,81264640,0.1644444465637207
mg_A_seed2801,reward_curriculum/progress/frame,81428480,0.16500000655651093
mg_A_seed2801,reward_curriculum/progress/frame,81592320,0.16555555164813995
mg_A_seed2801,reward_curriculum/progress/frame,81756160,0.16611111164093018
mg_A_seed2801,reward_curriculum/progress/frame,81920000,0.1666666716337204
mg_A_seed2801,reward_curriculum/progress/frame,82083840,0.16722221672534943
mg_A_seed2801,reward_curriculum/progress/frame,82247680,0.16777777671813965
mg_A_seed2801,reward_curriculum/progress/frame,82411520,0.16833333671092987
mg_A_seed2801,reward_curriculum/progress/frame,82575360,0.1688888818025589
mg_A_seed2801,reward_curriculum/progress/frame,82739200,0.16944444179534912
mg_A_seed2801,reward_curriculum/progress/frame,82903040,0.17000000178813934
mg_A_seed2801,reward_curriculum/progress/frame,83066880,0.17055556178092957
mg_A_seed2801,reward_curriculum/progress/frame,83230720,0.1711111068725586
mg_A_seed2801,reward_curriculum/progress/frame,83394560,0.17166666686534882
mg_A_seed2801,reward_curriculum/progress/frame,83558400,0.17222222685813904
mg_A_seed2801,reward_curriculum/progress/frame,83722240,0.17277777194976807
mg_A_seed2801,reward_curriculum/progress/frame,83886080,0.1733333319425583
mg_A_seed2801,reward_curriculum/progress/frame,84049920,0.1738888919353485
mg_A_seed2801,reward_curriculum/progress/frame,84213760,0.17444443702697754
mg_A_seed2801,reward_curriculum/progress/frame,84377600,0.17499999701976776
mg_A_seed2801,reward_curriculum/progress/frame,84541440,0.17555555701255798
mg_A_seed2801,reward_curriculum/progress/frame,84705280,0.1761111170053482
mg_A_seed2801,reward_curriculum/progress/frame,84869120,0.17666666209697723
mg_A_seed2801,reward_curriculum/progress/frame,85032960,0.17722222208976746
mg_A_seed2801,reward_curriculum/progress/frame,85196800,0.17777778208255768
mg_A_seed2801,reward_curriculum/progress/frame,85360640,0.1783333271741867
mg_A_seed2801,reward_curriculum/progress/frame,85524480,0.17888888716697693
mg_A_seed2801,reward_curriculum/progress/frame,85688320,0.17944444715976715
mg_A_seed2801,reward_curriculum/progress/frame,85852160,0.18000000715255737
mg_A_seed2801,reward_curriculum/progress/frame,86016000,0.1805555522441864
mg_A_seed2801,reward_curriculum/progress/frame,86179840,0.18111111223697662
mg_A_seed2801,reward_curriculum/progress/frame,86343680,0.18166667222976685
mg_A_seed2801,reward_curriculum/progress/frame,86507520,0.18222221732139587
mg_A_seed2801,reward_curriculum/progress/frame,86671360,0.1827777773141861
mg_A_seed2801,reward_curriculum/progress/frame,86835200,0.18333333730697632
mg_A_seed2801,reward_curriculum/progress/frame,86999040,0.18388888239860535
mg_A_seed2801,reward_curriculum/progress/frame,87162880,0.18444444239139557
mg_A_seed2801,reward_curriculum/progress/frame,87326720,0.1850000023841858
mg_A_seed2801,reward_curriculum/progress/frame,87490560,0.185555562376976
mg_A_seed2801,reward_curriculum/progress/frame,87654400,0.18611110746860504
mg_A_seed2801,reward_curriculum/progress/frame,87818240,0.18666666746139526
mg_A_seed2801,reward_curriculum/progress/frame,87982080,0.18722222745418549
mg_A_seed2801,reward_curriculum/progress/frame,88145920,0.18777777254581451
mg_A_seed2801,reward_curriculum/progress/frame,88309760,0.18833333253860474
mg_A_seed2801,reward_curriculum/progress/frame,88473600,0.18888889253139496
mg_A_seed2801,reward_curriculum/progress/frame,88637440,0.189444437623024
mg_A_seed2801,reward_curriculum/progress/frame,88801280,0.1899999976158142
mg_A_seed2801,reward_curriculum/progress/frame,88965120,0.19055555760860443
mg_A_seed2801,reward_curriculum/progress/frame,89128960,0.19111111760139465
mg_A_seed2801,reward_curriculum/progress/frame,89292800,0.19166666269302368
mg_A_seed2801,reward_curriculum/progress/frame,89456640,0.1922222226858139
mg_A_seed2801,reward_curriculum/progress/frame,89620480,0.19277778267860413
mg_A_seed2801,reward_curriculum/progress/frame,89784320,0.19333332777023315
mg_A_seed2801,reward_curriculum/progress/frame,89948160,0.19388888776302338
mg_A_seed2801,reward_curriculum/progress/frame,90112000,0.1944444477558136
mg_A_seed2801,reward_curriculum/progress/frame,90275840,0.19499999284744263
mg_A_seed2801,reward_curriculum/progress/frame,90439680,0.19555555284023285
mg_A_seed2801,reward_curriculum/progress/frame,90603520,0.19611111283302307
mg_A_seed2801,reward_curriculum/progress/frame,90767360,0.1966666728258133
mg_A_seed2801,reward_curriculum/progress/frame,90931200,0.19722221791744232
mg_A_seed2801,reward_curriculum/progress/frame,91095040,0.19777777791023254
mg_A_seed2801,reward_curriculum/progress/frame,91258880,0.19833333790302277
mg_A_seed2801,reward_curriculum/progress/frame,91422720,0.1988888829946518
mg_A_seed2801,reward_curriculum/progress/frame,91586560,0.19944444298744202
mg_A_seed2801,reward_curriculum/progress/frame,91750400,0.20000000298023224
mg_A_seed2801,reward_curriculum/progress/frame,91914240,0.20055556297302246
mg_A_seed2801,reward_curriculum/progress/frame,92078080,0.2011111080646515
mg_A_seed2801,reward_curriculum/progress/frame,92241920,0.2016666680574417
mg_A_seed2801,reward_curriculum/progress/frame,92405760,0.20222222805023193
mg_A_seed2801,reward_curriculum/progress/frame,92569600,0.20277777314186096
mg_A_seed2801,reward_curriculum/progress/frame,92733440,0.20333333313465118
mg_A_seed2801,reward_curriculum/progress/frame,92897280,0.2038888931274414
mg_A_seed2801,reward_curriculum/progress/frame,93061120,0.20444443821907043
mg_A_seed2801,reward_curriculum/progress/frame,93224960,0.20499999821186066
mg_A_seed2801,reward_curriculum/progress/frame,93388800,0.20555555820465088
mg_A_seed2801,reward_curriculum/progress/frame,93552640,0.2061111181974411
mg_A_seed2801,reward_curriculum/progress/frame,93716480,0.20666666328907013
mg_A_seed2801,reward_curriculum/progress/frame,93880320,0.20722222328186035
mg_A_seed2801,reward_curriculum/progress/frame,94044160,0.20777778327465057
mg_A_seed2801,reward_curriculum/progress/frame,94208000,0.2083333283662796
mg_A_seed2801,reward_curriculum/progress/frame,94371840,0.20888888835906982
mg_A_seed2801,reward_curriculum/progress/frame,94535680,0.20944444835186005
mg_A_seed2801,reward_curriculum/progress/frame,94699520,0.20999999344348907
mg_A_seed2801,reward_curriculum/progress/frame,94863360,0.2105555534362793
mg_A_seed2801,reward_curriculum/progress/frame,95027200,0.21111111342906952
mg_A_seed2801,reward_curriculum/progress/frame,95191040,0.21166667342185974
mg_A_seed2801,reward_curriculum/progress/frame,95354880,0.21222221851348877
mg_A_seed2801,reward_curriculum/progress/frame,95518720,0.212777778506279
mg_A_seed2801,reward_curriculum/progress/frame,95682560,0.2133333384990692
mg_A_seed2801,reward_curriculum/progress/frame,95846400,0.21388888359069824
mg_A_seed2801,reward_curriculum/progress/frame,96010240,0.21444444358348846
mg_A_seed2801,reward_curriculum/progress/frame,96174080,0.2150000035762787
mg_A_seed2801,reward_curriculum/progress/frame,96337920,0.21555554866790771
mg_A_seed2801,reward_curriculum/progress/frame,96501760,0.21611110866069794
mg_A_seed2801,reward_curriculum/progress/frame,96665600,0.21666666865348816
mg_A_seed2801,reward_curriculum/progress/frame,96829440,0.21722222864627838
mg_A_seed2801,reward_curriculum/progress/frame,96993280,0.2177777737379074
mg_A_seed2801,reward_curriculum/progress/frame,97157120,0.21833333373069763
mg_A_seed2801,reward_curriculum/progress/frame,97320960,0.21888889372348785
mg_A_seed2801,reward_curriculum/progress/frame,97484800,0.21944443881511688
mg_A_seed2801,reward_curriculum/progress/frame,97648640,0.2199999988079071
mg_A_seed2801,reward_curriculum/progress/frame,97812480,0.22055555880069733
mg_A_seed2801,reward_curriculum/progress/frame,97976320,0.22111110389232635
mg_A_seed2801,reward_curriculum/progress/frame,98140160,0.22166666388511658
mg_A_seed2801,reward_curriculum/progress/frame,98304000,0.2222222238779068
mg_A_seed2801,reward_curriculum/progress/frame,98467840,0.22277778387069702
mg_A_seed2801,reward_curriculum/progress/frame,98631680,0.22333332896232605
mg_A_seed2801,reward_curriculum/progress/frame,98795520,0.22388888895511627
mg_A_seed2801,reward_curriculum/progress/frame,98959360,0.2244444489479065
mg_A_seed2801,reward_curriculum/progress/frame,99123200,0.22499999403953552
mg_A_seed2801,reward_curriculum/progress/frame,99287040,0.22555555403232574
mg_A_seed2801,reward_curriculum/progress/frame,99450880,0.22611111402511597
mg_A_seed2801,reward_curriculum/progress/frame,99614720,0.2266666740179062
mg_A_seed2801,reward_curriculum/progress/frame,99778560,0.22722221910953522
mg_A_seed2801,reward_curriculum/progress/frame,99942400,0.22777777910232544
mg_A_seed2801,reward_curriculum/progress/frame,100106240,0.22833333909511566
mg_A_seed2801,reward_curriculum/progress/frame,100270080,0.2288888841867447
mg_A_seed2801,reward_curriculum/progress/frame,100433920,0.2294444441795349
mg_A_seed2801,reward_curriculum/progress/frame,100597760,0.23000000417232513
mg_A_seed2801,reward_curriculum/progress/frame,100761600,0.23055554926395416
mg_A_seed2801,reward_curriculum/progress/frame,100925440,0.23111110925674438
mg_A_seed2801,reward_curriculum/progress/frame,101089280,0.2316666692495346
mg_A_seed2801,reward_curriculum/progress/frame,101253120,0.23222222924232483
mg_A_seed2801,reward_curriculum/progress/frame,101416960,0.23277777433395386
mg_A_seed2801,reward_curriculum/progress/frame,101580800,0.23333333432674408
mg_A_seed2801,reward_curriculum/progress/frame,101744640,0.2338888943195343
mg_A_seed2801,reward_curriculum/progress/frame,101908480,0.23444443941116333
mg_A_seed2801,reward_curriculum/progress/frame,102072320,0.23499999940395355
mg_A_seed2801,reward_curriculum/progress/frame,102236160,0.23555555939674377
mg_A_seed2801,reward_curriculum/progress/frame,102400000,0.2361111044883728
mg_A_seed2801,reward_curriculum/progress/frame,102563840,0.23666666448116302
mg_A_seed2801,reward_curriculum/progress/frame,102727680,0.23722222447395325
mg_A_seed2801,reward_curriculum/progress/frame,102891520,0.23777778446674347
mg_A_seed2801,reward_curriculum/progress/frame,103055360,0.2383333295583725
mg_A_seed2801,reward_curriculum/progress/frame,103219200,0.23888888955116272
mg_A_seed2801,reward_curriculum/progress/frame,103383040,0.23944444954395294
mg_A_seed2801,reward_curriculum/progress/frame,103546880,0.23999999463558197
mg_A_seed2801,reward_curriculum/progress/frame,103710720,0.2405555546283722
mg_A_seed2801,reward_curriculum/progress/frame,103874560,0.24111111462116241
mg_A_seed2801,reward_curriculum/progress/frame,104038400,0.24166665971279144
mg_A_seed2801,reward_curriculum/progress/frame,104202240,0.24222221970558167
mg_A_seed2801,reward_curriculum/progress/frame,104366080,0.2427777796983719
mg_A_seed2801,reward_curriculum/progress/frame,104529920,0.2433333396911621
mg_A_seed2801,reward_curriculum/progress/frame,104693760,0.24388888478279114
mg_A_seed2801,reward_curriculum/progress/frame,104857600,0.24444444477558136
mg_A_seed2801,reward_curriculum/progress/frame,105021440,0.24500000476837158
mg_A_seed2801,reward_curriculum/progress/frame,105185280,0.2455555498600006
mg_A_seed2801,reward_curriculum/progress/frame,105349120,0.24611110985279083
mg_A_seed2801,reward_curriculum/progress/frame,105512960,0.24666666984558105
mg_A_seed2801,reward_curriculum/progress/frame,105676800,0.24722221493721008
mg_A_seed2801,reward_curriculum/progress/frame,105840640,0.2477777749300003
mg_A_seed2801,reward_curriculum/progress/frame,106004480,0.24833333492279053
mg_A_seed2801,reward_curriculum/progress/frame,106168320,0.24888889491558075
mg_A_seed2801,reward_curriculum/progress/frame,106332160,0.24944444000720978
mg_A_seed2801,reward_curriculum/progress/frame,106496000,0.25
mg_A_seed2801,reward_curriculum/progress/frame,106659840,0.25055554509162903
mg_A_seed2801,reward_curriculum/progress/frame,106823680,0.25111111998558044
mg_A_seed2801,reward_curriculum/progress/frame,106987520,0.2516666650772095
mg_A_seed2801,reward_curriculum/progress/frame,107151360,0.2522222101688385
mg_A_seed2801,reward_curriculum/progress/frame,107315200,0.2527777850627899
mg_A_seed2801,reward_curriculum/progress/frame,107479040,0.25333333015441895
mg_A_seed2801,reward_curriculum/progress/frame,107642880,0.253888875246048
mg_A_seed2801,reward_curriculum/progress/frame,107806720,0.2544444501399994
mg_A_seed2801,reward_curriculum/progress/frame,107970560,0.2549999952316284
mg_A_seed2801,reward_curriculum/progress/frame,108134400,0.25555557012557983
mg_A_seed2801,reward_curriculum/progress/frame,108298240,0.25611111521720886
mg_A_seed2801,reward_curriculum/progress/frame,108462080,0.2566666603088379
mg_A_seed2801,reward_curriculum/progress/frame,108625920,0.2572222352027893
mg_A_seed2801,reward_curriculum/progress/frame,108789760,0.25777778029441833
mg_A_seed2801,reward_curriculum/progress/frame,108953600,0.25833332538604736
mg_A_seed2801,reward_curriculum/progress/frame,109117440,0.2588889002799988
mg_A_seed2801,reward_curriculum/progress/frame,109281280,0.2594444453716278
mg_A_seed2801,reward_curriculum/progress/frame,109445120,0.25999999046325684
mg_A_seed2801,reward_curriculum/progress/frame,109608960,0.26055556535720825
mg_A_seed2801,reward_curriculum/progress/frame,109772800,0.2611111104488373
mg_A_seed2801,reward_curriculum/progress/frame,109936640,0.2616666555404663
mg_A_seed2801,reward_curriculum/progress/frame,110100480,0.2622222304344177
mg_A_seed2801,reward_curriculum/progress/frame,110264320,0.26277777552604675
mg_A_seed2801,reward_curriculum/progress/frame,110428160,0.2633333206176758
mg_A_seed2801,reward_curriculum/progress/frame,110592000,0.2638888955116272
mg_A_seed2801,reward_curriculum/progress/frame,110755840,0.2644444406032562
mg_A_seed2801,reward_curriculum/progress/frame,110919680,0.26499998569488525
mg_A_seed2801,reward_curriculum/progress/frame,111083520,0.26555556058883667
mg_A_seed2801,reward_curriculum/progress/frame,111247360,0.2661111056804657
mg_A_seed2801,reward_curriculum/progress/frame,111411200,0.2666666805744171
mg_A_seed2801,reward_curriculum/progress/frame,111575040,0.26722222566604614
mg_A_seed2801,reward_curriculum/progress/frame,111738880,0.26777777075767517
mg_A_seed2801,reward_curriculum/progress/frame,111902720,0.2683333456516266
mg_A_seed2801,reward_curriculum/progress/frame,112066560,0.2688888907432556
mg_A_seed2801,reward_curriculum/progress/frame,112230400,0.26944443583488464
mg_A_seed2801,reward_curriculum/progress/frame,112394240,0.27000001072883606
mg_A_seed2801,reward_curriculum/progress/frame,112558080,0.2705555558204651
mg_A_seed2801,reward_curriculum/progress/frame,112721920,0.2711111009120941
mg_A_seed2801,reward_curriculum/progress/frame,112885760,0.27166667580604553
mg_A_seed2801,reward_curriculum/progress/frame,113049600,0.27222222089767456
mg_A_seed2801,reward_curriculum/progress/frame,113213440,0.2727777659893036
mg_A_seed2801,reward_curriculum/progress/frame,113377280,0.273333340883255
mg_A_seed2801,reward_curriculum/progress/frame,113541120,0.27388888597488403
mg_A_seed2801,reward_curriculum/progress/frame,113704960,0.27444443106651306
mg_A_seed2801,reward_curriculum/progress/frame,113868800,0.2750000059604645
mg_A_seed2801,reward_curriculum/progress/frame,114032640,0.2755555510520935
mg_A_seed2801,reward_curriculum/progress/frame,114196480,0.2761111259460449
mg_A_seed2801,reward_curriculum/progress/frame,114360320,0.27666667103767395
mg_A_seed2801,reward_curriculum/progress/frame,114524160,0.277222216129303
mg_A_seed2801,reward_curriculum/progress/frame,114688000,0.2777777910232544
mg_A_seed2801,reward_curriculum/progress/frame,114851840,0.2783333361148834
mg_A_seed2801,reward_curriculum/progress/frame,115015680,0.27888888120651245
mg_A_seed2801,reward_curriculum/progress/frame,115179520,0.27944445610046387
mg_A_seed2801,reward_curriculum/progress/frame,115343360,0.2800000011920929
mg_A_seed2801,reward_curriculum/progress/frame,115507200,0.2805555462837219
mg_A_seed2801,reward_curriculum/progress/frame,115671040,0.28111112117767334
mg_A_seed2801,reward_curriculum/progress/frame,115834880,0.28166666626930237
mg_A_seed2801,reward_curriculum/progress/frame,115998720,0.2822222113609314
mg_A_seed2801,reward_curriculum/progress/frame,116162560,0.2827777862548828
mg_A_seed2801,reward_curriculum/progress/frame,116326400,0.28333333134651184
mg_A_seed2801,reward_curriculum/progress/frame,116490240,0.28388887643814087
mg_A_seed2801,reward_curriculum/progress/frame,116654080,0.2844444513320923
mg_A_seed2801,reward_curriculum/progress/frame,116817920,0.2849999964237213
mg_A_seed2801,reward_curriculum/progress/frame,116981760,0.28555554151535034
mg_A_seed2801,reward_curriculum/progress/frame,117145600,0.28611111640930176
mg_A_seed2801,reward_curriculum/progress/frame,117309440,0.2866666615009308
mg_A_seed2801,reward_curriculum/progress/frame,117473280,0.2872222363948822
mg_A_seed2801,reward_curriculum/progress/frame,117637120,0.28777778148651123
mg_A_seed2801,reward_curriculum/progress/frame,117800960,0.28833332657814026
mg_A_seed2801,reward_curriculum/progress/frame,117964800,0.2888889014720917
mg_A_seed2801,reward_curriculum/progress/frame,118128640,0.2894444465637207
mg_A_seed2801,reward_curriculum/progress/frame,118292480,0.28999999165534973
mg_A_seed2801,reward_curriculum/progress/frame,118456320,0.29055556654930115
mg_A_seed2801,reward_curriculum/progress/frame,118620160,0.2911111116409302
mg_A_seed2801,reward_curriculum/progress/frame,118784000,0.2916666567325592
mg_A_seed2801,reward_curriculum/progress/frame,118947840,0.2922222316265106
mg_A_seed2801,reward_curriculum/progress/frame,119111680,0.29277777671813965
mg_A_seed2801,reward_curriculum/progress/frame,119275520,0.2933333218097687
mg_A_seed2801,reward_curriculum/progress/frame,119439360,0.2938888967037201
mg_A_seed2801,reward_curriculum/progress/frame,119603200,0.2944444417953491
mg_A_seed2801,reward_curriculum/progress/frame,119767040,0.29499998688697815
mg_A_seed2801,reward_curriculum/progress/frame,119930880,0.29555556178092957
mg_A_seed2801,reward_curriculum/progress/frame,120094720,0.2961111068725586
mg_A_seed2801,reward_curriculum/progress/frame,120258560,0.2966666519641876
mg_A_seed2801,reward_curriculum/progress/frame,120422400,0.29722222685813904
mg_A_seed2801,reward_curriculum/progress/frame,120586240,0.29777777194976807
mg_A_seed2801,reward_curriculum/progress/frame,120750080,0.2983333468437195
mg_A_seed2801,reward_curriculum/progress/frame,120913920,0.2988888919353485
mg_A_seed2801,reward_curriculum/progress/frame,121077760,0.29944443702697754
mg_A_seed2801,reward_curriculum/progress/frame,121241600,0.30000001192092896
mg_A_seed2801,reward_curriculum/progress/frame,121405440,0.300555557012558
mg_A_seed2801,reward_curriculum/progress/frame,121569280,0.301111102104187
mg_A_seed2801,reward_curriculum/progress/frame,121733120,0.3016666769981384
mg_A_seed2801,reward_curriculum/progress/frame,121896960,0.30222222208976746
mg_A_seed2801,reward_curriculum/progress/frame,122060800,0.3027777671813965
mg_A_seed2801,reward_curriculum/progress/frame,122224640,0.3033333420753479
mg_A_seed2801,reward_curriculum/progress/frame,122388480,0.30388888716697693
mg_A_seed2801,reward_curriculum/progress/frame,122552320,0.30444443225860596
mg_A_seed2801,reward_curriculum/progress/frame,122716160,0.3050000071525574
mg_A_seed2801,reward_curriculum/progress/frame,122880000,0.3055555522441864
mg_A_seed2801,reward_curriculum/progress/frame,123043840,0.30611109733581543
mg_A_seed2801,reward_curriculum/progress/frame,123207680,0.30666667222976685
mg_A_seed2801,reward_curriculum/progress/frame,123371520,0.3072222173213959
mg_A_seed2801,reward_curriculum/progress/frame,123535360,0.3077777922153473
mg_A_seed2801,reward_curriculum/progress/frame,123699200,0.3083333373069763
mg_A_seed2801,reward_curriculum/progress/frame,123863040,0.30888888239860535
mg_A_seed2801,reward_curriculum/progress/frame,124026880,0.30944445729255676
mg_A_seed2801,reward_curriculum/progress/frame,124190720,0.3100000023841858
mg_A_seed2801,reward_curriculum/progress/frame,124354560,0.3105555474758148
mg_A_seed2801,reward_curriculum/progress/frame,124518400,0.31111112236976624
mg_A_seed2801,reward_curriculum/progress/frame,124682240,0.31166666746139526
mg_A_seed2801,reward_curriculum/progress/frame,124846080,0.3122222125530243
mg_A_seed2801,reward_curriculum/progress/frame,125009920,0.3127777874469757
mg_A_seed2801,reward_curriculum/progress/frame,125173760,0.31333333253860474
mg_A_seed2801,reward_curriculum/progress/frame,125337600,0.31388887763023376
mg_A_seed2801,reward_curriculum/progress/frame,125501440,0.3144444525241852
mg_A_seed2801,reward_curriculum/progress/frame,125665280,0.3149999976158142
mg_A_seed2801,reward_curriculum/progress/frame,125829120,0.31555554270744324
mg_A_seed2801,reward_curriculum/progress/frame,125992960,0.31611111760139465
mg_A_seed2801,reward_curriculum/progress/frame,126156800,0.3166666626930237
mg_A_seed2801,reward_curriculum/progress/frame,126320640,0.3172222077846527
mg_A_seed2801,reward_curriculum/progress/frame,126484480,0.3177777826786041
mg_A_seed2801,reward_curriculum/progress/frame,126648320,0.31833332777023315
mg_A_seed2801,reward_curriculum/progress/frame,126812160,0.31888890266418457
mg_A_seed2801,reward_curriculum/progress/frame,126976000,0.3194444477558136
mg_A_seed2801,reward_curriculum/progress/frame,127139840,0.3199999928474426
mg_A_seed2801,reward_curriculum/progress/frame,127303680,0.32055556774139404
mg_A_seed2801,reward_curriculum/progress/frame,127467520,0.32111111283302307
mg_A_seed2801,reward_curriculum/progress/frame,127631360,0.3216666579246521
mg_A_seed2801,reward_curriculum/progress/frame,127795200,0.3222222328186035
mg_A_seed2801,reward_curriculum/progress/frame,127959040,0.32277777791023254
mg_A_seed2801,reward_curriculum/progress/frame,128122880,0.3233333230018616
mg_A_seed2801,reward_curriculum/progress/frame,128286720,0.323888897895813
mg_A_seed2801,reward_curriculum/progress/frame,128450560,0.324444442987442
mg_A_seed2801,reward_curriculum/progress/frame,128614400,0.32499998807907104
mg_A_seed2801,reward_curriculum/progress/frame,128778240,0.32555556297302246
mg_A_seed2801,reward_curriculum/progress/frame,128942080,0.3261111080646515
mg_A_seed2801,reward_curriculum/progress/frame,129105920,0.3266666531562805
mg_A_seed2801,reward_curriculum/progress/frame,129269760,0.32722222805023193
mg_A_seed2801,reward_curriculum/progress/frame,129433600,0.32777777314186096
mg_A_seed2801,reward_curriculum/progress/frame,129597440,0.3283333480358124
mg_A_seed2801,reward_curriculum/progress/frame,129761280,0.3288888931274414
mg_A_seed2801,reward_curriculum/progress/frame,129925120,0.32944443821907043
mg_A_seed2801,reward_curriculum/progress/frame,130088960,0.33000001311302185
mg_A_seed2801,reward_curriculum/progress/frame,130252800,0.3305555582046509
mg_A_seed2801,reward_curriculum/progress/frame,130416640,0.3311111032962799
mg_A_seed2801,reward_curriculum/progress/frame,130580480,0.3316666781902313
mg_A_seed2801,reward_curriculum/progress/frame,130744320,0.33222222328186035
mg_A_seed2801,reward_curriculum/progress/frame,130908160,0.3327777683734894
mg_A_seed2801,reward_curriculum/progress/frame,131072000,0.3333333432674408
mg_A_seed2801,reward_curriculum/progress/frame,131235840,0.3338888883590698
mg_A_seed2801,reward_curriculum/progress/frame,131399680,0.33444443345069885
mg_A_seed2801,reward_curriculum/progress/frame,131563520,0.33500000834465027
mg_A_seed2801,reward_curriculum/progress/frame,131727360,0.3355555534362793
mg_A_seed2801,reward_curriculum/progress/frame,131891200,0.3361110985279083
mg_A_seed2801,reward_curriculum/progress/frame,132055040,0.33666667342185974
mg_A_seed2801,reward_curriculum/progress/frame,132218880,0.33722221851348877
mg_A_seed2801,reward_curriculum/progress/frame,132382720,0.3377777636051178
mg_A_seed2801,reward_curriculum/progress/frame,132546560,0.3383333384990692
mg_A_seed2801,reward_curriculum/progress/frame,132710400,0.33888888359069824
mg_A_seed2801,reward_curriculum/progress/frame,132874240,0.33944445848464966
mg_A_seed2801,reward_curriculum/progress/frame,133038080,0.3400000035762787
mg_A_seed2801,reward_curriculum/progress/frame,133201920,0.3405555486679077
mg_A_seed2801,reward_curriculum/progress/frame,133365760,0.34111112356185913
mg_A_seed2801,reward_curriculum/progress/frame,133529600,0.34166666865348816
mg_A_seed2801,reward_curriculum/progress/frame,133693440,0.3422222137451172
mg_A_seed2801,reward_curriculum/progress/frame,133857280,0.3427777886390686
mg_A_seed2801,reward_curriculum/progress/frame,134021120,0.34333333373069763
mg_A_seed2801,reward_curriculum/progress/frame,134184960,0.34388887882232666
mg_A_seed2801,reward_curriculum/progress/frame,134348800,0.3444444537162781
mg_A_seed2801,reward_curriculum/progress/frame,134512640,0.3449999988079071
mg_A_seed2801,reward_curriculum/progress/frame,134676480,0.34555554389953613
mg_A_seed2801,reward_curriculum/progress/frame,134840320,0.34611111879348755
mg_A_seed2801,reward_curriculum/progress/frame,135004160,0.3466666638851166
mg_A_seed2801,reward_curriculum/progress/frame,135168000,0.3472222089767456
mg_A_seed2801,reward_curriculum/progress/frame,135331840,0.347777783870697
mg_A_seed2801,reward_curriculum/progress/frame,135495680,0.34833332896232605
mg_A_seed2801,reward_curriculum/progress/frame,135659520,0.3488888740539551
mg_A_seed2801,reward_curriculum/progress/frame,135823360,0.3494444489479065
mg_A_seed2801,reward_curriculum/progress/frame,135987200,0.3499999940395355
mg_A_seed2801,reward_curriculum/progress/frame,136151040,0.35055556893348694
mg_A_seed2801,reward_curriculum/progress/frame,136314880,0.35111111402511597
mg_A_seed2801,reward_curriculum/progress/frame,136478720,0.351666659116745
mg_A_seed2801,reward_curriculum/progress/frame,136642560,0.3522222340106964
mg_A_seed2801,reward_curriculum/progress/frame,136806400,0.35277777910232544
mg_A_seed2801,reward_curriculum/progress/frame,136970240,0.35333332419395447
mg_A_seed2801,reward_curriculum/progress/frame,137134080,0.3538888990879059
mg_A_seed2801,reward_curriculum/progress/frame,137297920,0.3544444441795349
mg_A_seed2801,reward_curriculum/progress/frame,137461760,0.35499998927116394
mg_A_seed2801,reward_curriculum/progress/frame,137625600,0.35555556416511536
mg_A_seed2801,reward_curriculum/progress/frame,137789440,0.3561111092567444
mg_A_seed2801,reward_curriculum/progress/frame,137953280,0.3566666543483734
mg_A_seed2801,reward_curriculum/progress/frame,138117120,0.35722222924232483
mg_A_seed2801,reward_curriculum/progress/frame,138280960,0.35777777433395386
mg_A_seed2801,reward_curriculum/progress/frame,138444800,0.3583333194255829
mg_A_seed2801,reward_curriculum/progress/frame,138608640,0.3588888943195343
mg_A_seed2801,reward_curriculum/progress/frame,138772480,0.35944443941116333
mg_A_seed2801,reward_curriculum/progress/frame,138936320,0.36000001430511475
mg_A_seed2801,reward_curriculum/progress/frame,139100160,0.3605555593967438
mg_A_seed2801,reward_curriculum/progress/frame,139264000,0.3611111044883728
mg_A_seed2801,reward_curriculum/progress/frame,139427840,0.3616666793823242
mg_A_seed2801,reward_curriculum/progress/frame,139591680,0.36222222447395325
mg_A_seed2801,reward_curriculum/progress/frame,139755520,0.3627777695655823
mg_A_seed2801,reward_curriculum/progress/frame,139919360,0.3633333444595337
mg_A_seed2801,reward_curriculum/progress/frame,140083200,0.3638888895511627
mg_A_seed2801,reward_curriculum/progress/frame,140247040,0.36444443464279175
mg_A_seed2801,reward_curriculum/progress/frame,140410880,0.36500000953674316
mg_A_seed2801,reward_curriculum/progress/frame,140574720,0.3655555546283722
mg_A_seed2801,reward_curriculum/progress/frame,140738560,0.3661110997200012
mg_A_seed2801,reward_curriculum/progress/frame,140902400,0.36666667461395264
mg_A_seed2801,reward_curriculum/progress/frame,141066240,0.36722221970558167
mg_A_seed2801,reward_curriculum/progress/frame,141230080,0.3677777647972107
mg_A_seed2801,reward_curriculum/progress/frame,141393920,0.3683333396911621
mg_A_seed2801,reward_curriculum/progress/frame,141557760,0.36888888478279114
mg_A_seed2801,reward_curriculum/progress/frame,141721600,0.36944442987442017
mg_A_seed2801,reward_curriculum/progress/frame,141885440,0.3700000047683716
mg_A_seed2801,reward_curriculum/progress/frame,142049280,0.3705555498600006
mg_A_seed2801,reward_curriculum/progress/frame,142213120,0.371111124753952
mg_A_seed2801,reward_curriculum/progress/frame,142376960,0.37166666984558105
mg_A_seed2801,reward_curriculum/progress/frame,142540800,0.3722222149372101
mg_A_seed2801,reward_curriculum/progress/frame,142704640,0.3727777898311615
mg_A_seed2801,reward_curriculum/progress/frame,142868480,0.3733333349227905
mg_A_seed2801,reward_curriculum/progress/frame,143032320,0.37388888001441956
mg_A_seed2801,reward_curriculum/progress/frame,143196160,0.37444445490837097
mg_A_seed2801,reward_curriculum/progress/frame,143360000,0.375
mg_A_seed2801,reward_curriculum/progress/frame,143523840,0.37555554509162903
mg_A_seed2801,reward_curriculum/progress/frame,143687680,0.37611111998558044
mg_A_seed2801,reward_curriculum/progress/frame,143851520,0.3766666650772095
mg_A_seed2801,reward_curriculum/progress/frame,144015360,0.3772222101688385
mg_A_seed2801,reward_curriculum/progress/frame,144179200,0.3777777850627899
mg_A_seed2801,reward_curriculum/progress/frame,144343040,0.37833333015441895
mg_A_seed2801,reward_curriculum/progress/frame,144506880,0.378888875246048
mg_A_seed2801,reward_curriculum/progress/frame,144670720,0.3794444501399994
mg_A_seed2801,reward_curriculum/progress/frame,144834560,0.3799999952316284
mg_A_seed2801,reward_curriculum/progress/frame,144998400,0.38055557012557983
mg_A_seed2801,reward_curriculum/progress/frame,145162240,0.38111111521720886
mg_A_seed2801,reward_curriculum/progress/frame,145326080,0.3816666603088379
mg_A_seed2801,reward_curriculum/progress/frame,145489920,0.3822222352027893
mg_A_seed2801,reward_curriculum/progress/frame,145653760,0.38277778029441833
mg_A_seed2801,reward_curriculum/progress/frame,145817600,0.38333332538604736
mg_A_seed2801,reward_curriculum/progress/frame,145981440,0.3838889002799988
mg_A_seed2801,reward_curriculum/progress/frame,146145280,0.3844444453716278
mg_A_seed2801,reward_curriculum/progress/frame,146309120,0.38499999046325684
mg_A_seed2801,reward_curriculum/progress/frame,146472960,0.38555556535720825
mg_A_seed2801,reward_curriculum/progress/frame,146636800,0.3861111104488373
mg_A_seed2801,reward_curriculum/progress/frame,146800640,0.3866666555404663
mg_A_seed2801,reward_curriculum/progress/frame,146964480,0.3872222304344177
mg_A_seed2801,reward_curriculum/progress/frame,147128320,0.38777777552604675
mg_A_seed2801,reward_curriculum/progress/frame,147292160,0.3883333206176758
mg_A_seed2801,reward_curriculum/progress/frame,147456000,0.3888888955116272
mg_A_seed2801,reward_curriculum/progress/frame,147619840,0.3894444406032562
mg_A_seed2801,reward_curriculum/progress/frame,147783680,0.38999998569488525
mg_A_seed2801,reward_curriculum/progress/frame,147947520,0.39055556058883667
mg_A_seed2801,reward_curriculum/progress/frame,148111360,0.3911111056804657
mg_A_seed2801,reward_curriculum/progress/frame,148275200,0.3916666805744171
mg_A_seed2801,reward_curriculum/progress/frame,148439040,0.39222222566604614
mg_A_seed2801,reward_curriculum/progress/frame,148602880,0.39277777075767517
mg_A_seed2801,reward_curriculum/progress/frame,148766720,0.3933333456516266
mg_A_seed2801,reward_curriculum/progress/frame,148930560,0.3938888907432556
mg_A_seed2801,reward_curriculum/progress/frame,149094400,0.39444443583488464
mg_A_seed2801,reward_curriculum/progress/frame,149258240,0.39500001072883606
mg_A_seed2801,reward_curriculum/progress/frame,149422080,0.3955555558204651
mg_A_seed2801,reward_curriculum/progress/frame,149585920,0.3961111009120941
mg_A_seed2801,reward_curriculum/progress/frame,149749760,0.39666667580604553
mg_A_seed2801,reward_curriculum/progress/frame,149913600,0.39722222089767456
mg_A_seed2801,reward_curriculum/progress/frame,150077440,0.3977777659893036
mg_A_seed2801,reward_curriculum/progress/frame,150241280,0.398333340883255
mg_A_seed2801,reward_curriculum/progress/frame,150405120,0.39888888597488403
mg_A_seed2801,reward_curriculum/progress/frame,150568960,0.39944443106651306
mg_A_seed2801,reward_curriculum/progress/frame,150732800,0.4000000059604645
mg_A_seed2801,reward_curriculum/progress/frame,150896640,0.4005555510520935
mg_A_seed2801,reward_curriculum/progress/frame,151060480,0.4011111259460449
mg_A_seed2801,reward_curriculum/progress/frame,151224320,0.40166667103767395
mg_A_seed2801,reward_curriculum/progress/frame,151388160,0.402222216129303
mg_A_seed2801,reward_curriculum/progress/frame,151552000,0.4027777910232544
mg_A_seed2801,reward_curriculum/progress/frame,151715840,0.4033333361148834
mg_A_seed2801,reward_curriculum/progress/frame,151879680,0.40388888120651245
mg_A_seed2801,reward_curriculum/progress/frame,152043520,0.40444445610046387
mg_A_seed2801,reward_curriculum/progress/frame,152207360,0.4050000011920929
mg_A_seed2801,reward_curriculum/progress/frame,152371200,0.4055555462837219
mg_A_seed2801,reward_curriculum/progress/frame,152535040,0.40611112117767334
mg_A_seed2801,reward_curriculum/progress/frame,152698880,0.40666666626930237
mg_A_seed2801,reward_curriculum/progress/frame,152862720,0.4072222113609314
mg_A_seed2801,reward_curriculum/progress/frame,153026560,0.4077777862548828
mg_A_seed2801,reward_curriculum/progress/frame,153190400,0.40833333134651184
mg_A_seed2801,reward_curriculum/progress/frame,153354240,0.40888887643814087
mg_A_seed2801,reward_curriculum/progress/frame,153518080,0.4094444513320923
mg_A_seed2801,reward_curriculum/progress/frame,153681920,0.4099999964237213
mg_A_seed2801,reward_curriculum/progress/frame,153845760,0.41055554151535034
mg_A_seed2801,reward_curriculum/progress/frame,154009600,0.41111111640930176
mg_A_seed2801,reward_curriculum/progress/frame,154173440,0.4116666615009308
mg_A_seed2801,reward_curriculum/progress/frame,154337280,0.4122222363948822
mg_A_seed2801,reward_curriculum/progress/frame,154501120,0.41277778148651123
mg_A_seed2801,reward_curriculum/progress/frame,154664960,0.41333332657814026
mg_A_seed2801,reward_curriculum/progress/frame,154828800,0.4138889014720917
mg_A_seed2801,reward_curriculum/progress/frame,154992640,0.4144444465637207
mg_A_seed2801,reward_curriculum/progress/frame,155156480,0.41499999165534973
mg_A_seed2801,reward_curriculum/progress/frame,155320320,0.41555556654930115
mg_A_seed2801,reward_curriculum/progress/frame,155484160,0.4161111116409302
mg_A_seed2801,reward_curriculum/progress/frame,155648000,0.4166666567325592
mg_A_seed2801,reward_curriculum/progress/frame,155811840,0.4172222316265106
mg_A_seed2801,reward_curriculum/progress/frame,155975680,0.41777777671813965
mg_A_seed2801,reward_curriculum/progress/frame,156139520,0.4183333218097687
mg_A_seed2801,reward_curriculum/progress/frame,156303360,0.4188888967037201
mg_A_seed2801,reward_curriculum/progress/frame,156467200,0.4194444417953491
mg_A_seed2801,reward_curriculum/progress/frame,156631040,0.41999998688697815
mg_A_seed2801,reward_curriculum/progress/frame,156794880,0.42055556178092957
mg_A_seed2801,reward_curriculum/progress/frame,156958720,0.4211111068725586
mg_A_seed2801,reward_curriculum/progress/frame,157122560,0.4216666519641876
mg_A_seed2801,reward_curriculum/progress/frame,157286400,0.42222222685813904
mg_A_seed2801,reward_curriculum/progress/frame,157450240,0.42277777194976807
mg_A_seed2801,reward_curriculum/progress/frame,157614080,0.4233333468437195
mg_A_seed2801,reward_curriculum/progress/frame,157777920,0.4238888919353485
mg_A_seed2801,reward_curriculum/progress/frame,157941760,0.42444443702697754
mg_A_seed2801,reward_curriculum/progress/frame,158105600,0.42500001192092896
mg_A_seed2801,reward_curriculum/progress/frame,158269440,0.425555557012558
mg_A_seed2801,reward_curriculum/progress/frame,158433280,0.426111102104187
mg_A_seed2801,reward_curriculum/progress/frame,158597120,0.4266666769981384
mg_A_seed2801,reward_curriculum/progress/frame,158760960,0.42722222208976746
mg_A_seed2801,reward_curriculum/progress/frame,158924800,0.4277777671813965
mg_A_seed2801,reward_curriculum/progress/frame,159088640,0.4283333420753479
mg_A_seed2801,reward_curriculum/progress/frame,159252480,0.42888888716697693
mg_A_seed2801,reward_curriculum/progress/frame,159416320,0.42944443225860596
mg_A_seed2801,reward_curriculum/progress/frame,159580160,0.4300000071525574
mg_A_seed2801,reward_curriculum/progress/frame,159744000,0.4305555522441864
mg_A_seed2801,reward_curriculum/progress/frame,159907840,0.43111109733581543
mg_A_seed2801,reward_curriculum/progress/frame,160071680,0.43166667222976685
mg_A_seed2801,reward_curriculum/progress/frame,160235520,0.4322222173213959
mg_A_seed2801,reward_curriculum/progress/frame,160399360,0.4327777922153473
mg_A_seed2801,reward_curriculum/progress/frame,160563200,0.4333333373069763
mg_A_seed2801,reward_curriculum/progress/frame,160727040,0.43388888239860535
mg_A_seed2801,reward_curriculum/progress/frame,160890880,0.43444445729255676
mg_A_seed2801,reward_curriculum/progress/frame,161054720,0.4350000023841858
mg_A_seed2801,reward_curriculum/progress/frame,161218560,0.4355555474758148
mg_A_seed2801,reward_curriculum/progress/frame,161382400,0.43611112236976624
mg_A_seed2801,reward_curriculum/progress/frame,161546240,0.43666666746139526
mg_A_seed2801,reward_curriculum/progress/frame,161710080,0.4372222125530243
mg_A_seed2801,reward_curriculum/progress/frame,161873920,0.4377777874469757
mg_A_seed2801,reward_curriculum/progress/frame,162037760,0.43833333253860474
mg_A_seed2801,reward_curriculum/progress/frame,162201600,0.43888887763023376
mg_A_seed2801,reward_curriculum/progress/frame,162365440,0.4394444525241852
mg_A_seed2801,reward_curriculum/progress/frame,162529280,0.4399999976158142
mg_A_seed2801,reward_curriculum/progress/frame,162693120,0.44055554270744324
mg_A_seed2801,reward_curriculum/progress/frame,162856960,0.44111111760139465
mg_A_seed2801,reward_curriculum/progress/frame,163020800,0.4416666626930237
mg_A_seed2801,reward_curriculum/progress/frame,163184640,0.4422222077846527
mg_A_seed2801,reward_curriculum/progress/frame,163348480,0.4427777826786041
mg_A_seed2801,reward_curriculum/progress/frame,163512320,0.44333332777023315
mg_A_seed2801,reward_curriculum/progress/frame,163676160,0.44388890266418457
mg_A_seed2801,reward_curriculum/progress/frame,163840000,0.4444444477558136
mg_B_seed2801,rewards/step,163840,-54.19261932373047
mg_B_seed2801,rewards/step,327680,-61.39599609375
mg_B_seed2801,rewards/step,491520,-64.48395538330078
mg_B_seed2801,rewards/step,655360,-69.5220718383789
mg_B_seed2801,rewards/step,819200,-82.91592407226562
mg_B_seed2801,rewards/step,983040,-94.1512222290039
mg_B_seed2801,rewards/step,1146880,-109.83609771728516
mg_B_seed2801,rewards/step,1310720,-123.17449188232422
mg_B_seed2801,rewards/step,1474560,-140.90234375
mg_B_seed2801,rewards/step,1638400,-160.05491638183594
mg_B_seed2801,rewards/step,1802240,-172.06256103515625
mg_B_seed2801,rewards/step,1966080,-199.84568786621094
mg_B_seed2801,rewards/step,2129920,-226.78245544433594
mg_B_seed2801,rewards/step,2293760,-268.0566101074219
mg_B_seed2801,rewards/step,2457600,-291.56866455078125
mg_B_seed2801,rewards/step,2621440,-317.6872253417969
mg_B_seed2801,rewards/step,2785280,-355.22418212890625
mg_B_seed2801,rewards/step,2949120,-375.4211730957031
mg_B_seed2801,rewards/step,3112960,-480.7843322753906
mg_B_seed2801,rewards/step,3276800,-479.0924987792969
mg_B_seed2801,rewards/step,3440640,-475.636474609375
mg_B_seed2801,rewards/step,3604480,-469.10601806640625
mg_B_seed2801,rewards/step,3768320,-462.862060546875
mg_B_seed2801,rewards/step,3932160,-460.14825439453125
mg_B_seed2801,rewards/step,4096000,-451.7655029296875
mg_B_seed2801,rewards/step,4259840,-447.0758056640625
mg_B_seed2801,rewards/step,4423680,-442.0328369140625
mg_B_seed2801,rewards/step,4587520,-437.2132568359375
mg_B_seed2801,rewards/step,4751360,-434.31964111328125
mg_B_seed2801,rewards/step,4915200,-432.4186096191406
mg_B_seed2801,rewards/step,5079040,-427.4063415527344
mg_B_seed2801,rewards/step,5242880,-421.70263671875
mg_B_seed2801,rewards/step,5406720,-411.9498291015625
mg_B_seed2801,rewards/step,5570560,-404.9537658691406
mg_B_seed2801,rewards/step,5734400,-397.8009948730469
mg_B_seed2801,rewards/step,5898240,-389.63604736328125
mg_B_seed2801,rewards/step,6062080,-385.1637878417969
mg_B_seed2801,rewards/step,6225920,-299.865966796875
mg_B_seed2801,rewards/step,6389760,-289.22509765625
mg_B_seed2801,rewards/step,6553600,-281.5141906738281
mg_B_seed2801,rewards/step,6717440,-276.4104309082031
mg_B_seed2801,rewards/step,6881280,-272.4854736328125
mg_B_seed2801,rewards/step,7045120,-268.96136474609375
mg_B_seed2801,rewards/step,7208960,-265.62762451171875
mg_B_seed2801,rewards/step,7372800,-262.3602600097656
mg_B_seed2801,rewards/step,7536640,-259.2753601074219
mg_B_seed2801,rewards/step,7700480,-256.7958984375
mg_B_seed2801,rewards/step,7864320,-252.51641845703125
mg_B_seed2801,rewards/step,8028160,-248.77589416503906
mg_B_seed2801,rewards/step,8192000,-246.91091918945312
mg_B_seed2801,rewards/step,8355840,-241.9145050048828
mg_B_seed2801,rewards/step,8519680,-238.02125549316406
mg_B_seed2801,rewards/step,8683520,-233.9884796142578
mg_B_seed2801,rewards/step,8847360,-230.33631896972656
mg_B_seed2801,rewards/step,9011200,-225.51060485839844
mg_B_seed2801,rewards/step,9175040,-221.4930419921875
mg_B_seed2801,rewards/step,9338880,-177.93739318847656
mg_B_seed2801,rewards/step,9502720,-171.6853790283203
mg_B_seed2801,rewards/step,9666560,-167.10646057128906
mg_B_seed2801,rewards/step,9830400,-163.64024353027344
mg_B_seed2801,rewards/step,9994240,-160.15518188476562
mg_B_seed2801,rewards/step,10158080,-156.95994567871094
mg_B_seed2801,rewards/step,10321920,-154.1116485595703
mg_B_seed2801,rewards/step,10485760,-150.94618225097656
mg_B_seed2801,rewards/step,10649600,-148.38131713867188
mg_B_seed2801,rewards/step,10813440,-146.03363037109375
mg_B_seed2801,rewards/step,10977280,-142.3883514404297
mg_B_seed2801,rewards/step,11141120,-139.2288055419922
mg_B_seed2801,rewards/step,11304960,-135.65904235839844
mg_B_seed2801,rewards/step,11468800,-132.1940155029297
mg_B_seed2801,rewards/step,11632640,-129.07679748535156
mg_B_seed2801,rewards/step,11796480,-125.70660400390625
mg_B_seed2801,rewards/step,11960320,-123.8392105102539
mg_B_seed2801,rewards/step,12124160,-121.1783447265625
mg_B_seed2801,rewards/step,12288000,-95.06632232666016
mg_B_seed2801,rewards/step,12451840,-92.01878356933594
mg_B_seed2801,rewards/step,12615680,-88.6550064086914
mg_B_seed2801,rewards/step,12779520,-86.24816131591797
mg_B_seed2801,rewards/step,12943360,-83.68765258789062
mg_B_seed2801,rewards/step,13107200,-79.92733001708984
mg_B_seed2801,rewards/step,13271040,-77.03479766845703
mg_B_seed2801,rewards/step,13434880,-74.40035247802734
mg_B_seed2801,rewards/step,13598720,-71.57302856445312
mg_B_seed2801,rewards/step,13762560,-69.25643920898438
mg_B_seed2801,rewards/step,13926400,-67.60777282714844
mg_B_seed2801,rewards/step,14090240,-65.07133483886719
mg_B_seed2801,rewards/step,14254080,-63.449806213378906
mg_B_seed2801,rewards/step,14417920,-61.15488815307617
mg_B_seed2801,rewards/step,14581760,-58.49055099487305
mg_B_seed2801,rewards/step,14745600,-56.0286865234375
mg_B_seed2801,rewards/step,14909440,-53.11409378051758
mg_B_seed2801,rewards/step,15073280,-51.493629455566406
mg_B_seed2801,rewards/step,15237120,-49.53044128417969
mg_B_seed2801,rewards/step,15400960,-35.224327087402344
mg_B_seed2801,rewards/step,15564800,-32.9022216796875
mg_B_seed2801,rewards/step,15728640,-30.467248916625977
mg_B_seed2801,rewards/step,15892480,-28.589017868041992
mg_B_seed2801,rewards/step,16056320,-26.477441787719727
mg_B_seed2801,rewards/step,16220160,-23.34670066833496
mg_B_seed2801,rewards/step,16384000,-21.068742752075195
mg_B_seed2801,rewards/step,16547840,-19.07921028137207
mg_B_seed2801,rewards/step,16711680,-16.973247528076172
mg_B_seed2801,rewards/step,16875520,-14.802776336669922
mg_B_seed2801,rewards/step,17039360,-13.178305625915527
mg_B_seed2801,rewards/step,17203200,-11.541849136352539
mg_B_seed2801,rewards/step,17367040,-9.449844360351562
mg_B_seed2801,rewards/step,17530880,-7.7723846435546875
mg_B_seed2801,rewards/step,17694720,-5.733675956726074
mg_B_seed2801,rewards/step,17858560,-3.8382909297943115
mg_B_seed2801,rewards/step,18022400,-1.757920503616333
mg_B_seed2801,rewards/step,18186240,-0.5866444706916809
mg_B_seed2801,rewards/step,18350080,0.8843925595283508
mg_B_seed2801,rewards/step,18513920,10.428962707519531
mg_B_seed2801,rewards/step,18677760,12.174042701721191
mg_B_seed2801,rewards/step,18841600,14.183982849121094
mg_B_seed2801,rewards/step,19005440,15.837105751037598
mg_B_seed2801,rewards/step,19169280,17.95737075805664
mg_B_seed2801,rewards/step,19333120,19.861324310302734
mg_B_seed2801,rewards/step,19496960,21.39697265625
mg_B_seed2801,rewards/step,19660800,23.452489852905273
mg_B_seed2801,rewards/step,19824640,24.97414207458496
mg_B_seed2801,rewards/step,19988480,26.24622917175293
mg_B_seed2801,rewards/step,20152320,28.11184310913086
mg_B_seed2801,rewards/step,20316160,29.30916976928711
mg_B_seed2801,rewards/step,20480000,30.55674171447754
mg_B_seed2801,rewards/step,20643840,31.829082489013672
mg_B_seed2801,rewards/step,20807680,33.61846160888672
mg_B_seed2801,rewards/step,20971520,35.269718170166016
mg_B_seed2801,rewards/step,21135360,36.36775207519531
mg_B_seed2801,rewards/step,21299200,37.553958892822266
mg_B_seed2801,rewards/step,21463040,38.881629943847656
mg_B_seed2801,rewards/step,21626880,44.846656799316406
mg_B_seed2801,rewards/step,21790720,46.60636901855469
mg_B_seed2801,rewards/step,21954560,47.93531036376953
mg_B_seed2801,rewards/step,22118400,49.474464416503906
mg_B_seed2801,rewards/step,22282240,51.08902359008789
mg_B_seed2801,rewards/step,22446080,52.897037506103516
mg_B_seed2801,rewards/step,22609920,54.394691467285156
mg_B_seed2801,rewards/step,22773760,56.12846374511719
mg_B_seed2801,rewards/step,22937600,56.96189498901367
mg_B_seed2801,rewards/step,23101440,57.78995132446289
mg_B_seed2801,rewards/step,23265280,58.610416412353516
mg_B_seed2801,rewards/step,23429120,59.26731872558594
mg_B_seed2801,rewards/step,23592960,60.4409065246582
mg_B_seed2801,rewards/step,23756800,61.309383392333984
mg_B_seed2801,rewards/step,23920640,62.0546875
mg_B_seed2801,rewards/step,24084480,63.61961364746094
mg_B_seed2801,rewards/step,24248320,64.61898803710938
mg_B_seed2801,rewards/step,24412160,65.6358642578125
mg_B_seed2801,rewards/step,24576000,69.48809814453125
mg_B_seed2801,rewards/step,24739840,70.87750244140625
mg_B_seed2801,rewards/step,24903680,71.92533874511719
mg_B_seed2801,rewards/step,25067520,72.74932861328125
mg_B_seed2801,rewards/step,25231360,73.88380432128906
mg_B_seed2801,rewards/step,25395200,74.30513763427734
mg_B_seed2801,rewards/step,25559040,75.29545593261719
mg_B_seed2801,rewards/step,25722880,76.00586700439453
mg_B_seed2801,rewards/step,25886720,77.25123596191406
mg_B_seed2801,rewards/step,26050560,78.54055786132812
mg_B_seed2801,rewards/step,26214400,79.34954833984375
mg_B_seed2801,rewards/step,26378240,80.21342468261719
mg_B_seed2801,rewards/step,26542080,80.8932113647461
mg_B_seed2801,rewards/step,26705920,81.18179321289062
mg_B_seed2801,rewards/step,26869760,81.78834533691406
mg_B_seed2801,rewards/step,27033600,82.34858703613281
mg_B_seed2801,rewards/step,27197440,83.20929718017578
mg_B_seed2801,rewards/step,27361280,84.00283813476562
mg_B_seed2801,rewards/step,27525120,84.75086212158203
mg_B_seed2801,rewards/step,27688960,87.3568115234375
mg_B_seed2801,rewards/step,27852800,88.1830825805664
mg_B_seed2801,rewards/step,28016640,88.91869354248047
mg_B_seed2801,rewards/step,28180480,89.87967681884766
mg_B_seed2801,rewards/step,28344320,90.79163360595703
mg_B_seed2801,rewards/step,28508160,91.63894653320312
mg_B_seed2801,rewards/step,28672000,92.60841369628906
mg_B_seed2801,rewards/step,28835840,92.8858871459961
mg_B_seed2801,rewards/step,28999680,94.03023529052734
mg_B_seed2801,rewards/step,29163520,95.04264831542969
mg_B_seed2801,rewards/step,29327360,95.94603729248047
mg_B_seed2801,rewards/step,29491200,96.11536407470703
mg_B_seed2801,rewards/step,29655040,96.94794464111328
mg_B_seed2801,rewards/step,29818880,97.3151626586914
mg_B_seed2801,rewards/step,29982720,98.1256332397461
mg_B_seed2801,rewards/step,30146560,98.6066665649414
mg_B_seed2801,rewards/step,30310400,99.56865692138672
mg_B_seed2801,rewards/step,30474240,100.4729995727539
mg_B_seed2801,rewards/step,30638080,100.79118347167969
mg_B_seed2801,rewards/step,30801920,102.09725189208984
mg_B_seed2801,rewards/step,30965760,102.59230041503906
mg_B_seed2801,rewards/step,31129600,103.4321517944336
mg_B_seed2801,rewards/step,31293440,104.22648620605469
mg_B_seed2801,rewards/step,31457280,104.81743621826172
mg_B_seed2801,rewards/step,31621120,105.17900085449219
mg_B_seed2801,rewards/step,31784960,106.00896453857422
mg_B_seed2801,rewards/step,31948800,106.49717712402344
mg_B_seed2801,rewards/step,32112640,107.36747741699219
mg_B_seed2801,rewards/step,32276480,107.96174621582031
mg_B_seed2801,rewards/step,32440320,108.48416900634766
mg_B_seed2801,rewards/step,32604160,108.77434539794922
mg_B_seed2801,rewards/step,32768000,109.19483184814453
mg_B_seed2801,rewards/step,32931840,109.7626724243164
mg_B_seed2801,rewards/step,33095680,110.24565887451172
mg_B_seed2801,rewards/step,33259520,110.35393524169922
mg_B_seed2801,rewards/step,33423360,111.1241226196289
mg_B_seed2801,rewards/step,33587200,111.68445587158203
mg_B_seed2801,rewards/step,33751040,112.07123565673828
mg_B_seed2801,rewards/step,33914880,113.73390197753906
mg_B_seed2801,rewards/step,34078720,114.18119812011719
mg_B_seed2801,rewards/step,34242560,114.56806182861328
mg_B_seed2801,rewards/step,34406400,114.59194946289062
mg_B_seed2801,rewards/step,34570240,114.84349822998047
mg_B_seed2801,rewards/step,34734080,115.5530014038086
mg_B_seed2801,rewards/step,34897920,115.54896545410156
mg_B_seed2801,rewards/step,35061760,116.20245361328125
mg_B_seed2801,rewards/step,35225600,115.71119689941406
mg_B_seed2801,rewards/step,35389440,116.40129089355469
mg_B_seed2801,rewards/step,35553280,116.67020416259766
mg_B_seed2801,rewards/step,35717120,117.11082458496094
mg_B_seed2801,rewards/step,35880960,118.02392578125
mg_B_seed2801,rewards/step,36044800,118.46479797363281
mg_B_seed2801,rewards/step,36208640,118.78128814697266
mg_B_seed2801,rewards/step,36372480,119.53424835205078
mg_B_seed2801,rewards/step,36536320,119.89817810058594
mg_B_seed2801,rewards/step,36700160,120.55123901367188
mg_B_seed2801,rewards/step,36864000,121.7059555053711
mg_B_seed2801,rewards/step,37027840,122.22614288330078
mg_B_seed2801,rewards/step,37191680,122.80274200439453
mg_B_seed2801,rewards/step,37355520,123.01448059082031
mg_B_seed2801,rewards/step,37519360,123.78318786621094
mg_B_seed2801,rewards/step,37683200,123.65512084960938
mg_B_seed2801,rewards/step,37847040,124.37189483642578
mg_B_seed2801,rewards/step,38010880,124.42618560791016
mg_B_seed2801,rewards/step,38174720,124.64051818847656
mg_B_seed2801,rewards/step,38338560,124.91495513916016
mg_B_seed2801,rewards/step,38502400,125.36941528320312
mg_B_seed2801,rewards/step,38666240,125.2757797241211
mg_B_seed2801,rewards/step,38830080,125.70974731445312
mg_B_seed2801,rewards/step,38993920,125.9896240234375
mg_B_seed2801,rewards/step,39157760,126.4527359008789
mg_B_seed2801,rewards/step,39321600,126.60368347167969
mg_B_seed2801,rewards/step,39485440,126.71382141113281
mg_B_seed2801,rewards/step,39649280,127.45741271972656
mg_B_seed2801,rewards/step,39813120,127.4330825805664
mg_B_seed2801,rewards/step,39976960,128.17205810546875
mg_B_seed2801,rewards/step,40140800,128.2971954345703
mg_B_seed2801,rewards/step,40304640,128.67840576171875
mg_B_seed2801,rewards/step,40468480,128.17076110839844
mg_B_seed2801,rewards/step,40632320,128.7794189453125
mg_B_seed2801,rewards/step,40796160,129.2654266357422
mg_B_seed2801,rewards/step,40960000,129.66893005371094
mg_B_seed2801,rewards/step,41123840,130.00018310546875
mg_B_seed2801,rewards/step,41287680,130.2396697998047
mg_B_seed2801,rewards/step,41451520,130.80259704589844
mg_B_seed2801,rewards/step,41615360,129.9855194091797
mg_B_seed2801,rewards/step,41779200,129.0069122314453
mg_B_seed2801,rewards/step,41943040,129.50843811035156
mg_B_seed2801,rewards/step,42106880,129.7738494873047
mg_B_seed2801,rewards/step,42270720,130.1363067626953
mg_B_seed2801,rewards/step,42434560,130.6704559326172
mg_B_seed2801,rewards/step,42598400,130.7171173095703
mg_B_seed2801,rewards/step,42762240,131.18614196777344
mg_B_seed2801,rewards/step,42926080,131.5532989501953
mg_B_seed2801,rewards/step,43089920,131.97299194335938
mg_B_seed2801,rewards/step,43253760,132.27919006347656
mg_B_seed2801,rewards/step,43417600,132.70603942871094
mg_B_seed2801,rewards/step,43581440,132.32846069335938
mg_B_seed2801,rewards/step,43745280,132.70864868164062
mg_B_seed2801,rewards/step,43909120,132.3188934326172
mg_B_seed2801,rewards/step,44072960,133.03465270996094
mg_B_seed2801,rewards/step,44236800,133.18504333496094
mg_B_seed2801,rewards/step,44400640,133.4788055419922
mg_B_seed2801,rewards/step,44564480,133.952392578125
mg_B_seed2801,rewards/step,44728320,134.35047912597656
mg_B_seed2801,rewards/step,44892160,134.59764099121094
mg_B_seed2801,rewards/step,45056000,134.90260314941406
mg_B_seed2801,rewards/step,45219840,135.57020568847656
mg_B_seed2801,rewards/step,45383680,135.74607849121094
mg_B_seed2801,rewards/step,45547520,135.4574737548828
mg_B_seed2801,rewards/step,45711360,135.6575469970703
mg_B_seed2801,rewards/step,45875200,135.90695190429688
mg_B_seed2801,rewards/step,46039040,136.57315063476562
mg_B_seed2801,rewards/step,46202880,135.17208862304688
mg_B_seed2801,rewards/step,46366720,135.79624938964844
mg_B_seed2801,rewards/step,46530560,136.1442413330078
mg_B_seed2801,rewards/step,46694400,136.34568786621094
mg_B_seed2801,rewards/step,46858240,136.4962921142578
mg_B_seed2801,rewards/step,47022080,136.94888305664062
mg_B_seed2801,rewards/step,47185920,137.29702758789062
mg_B_seed2801,rewards/step,47349760,137.74163818359375
mg_B_seed2801,rewards/step,47513600,138.1103973388672
mg_B_seed2801,rewards/step,47677440,138.70339965820312
mg_B_seed2801,rewards/step,47841280,138.85086059570312
mg_B_seed2801,rewards/step,48005120,139.05255126953125
mg_B_seed2801,rewards/step,48168960,139.19390869140625
mg_B_seed2801,rewards/step,48332800,139.33506774902344
mg_B_seed2801,rewards/step,48496640,139.68275451660156
mg_B_seed2801,rewards/step,48660480,140.08404541015625
mg_B_seed2801,rewards/step,48824320,140.47134399414062
mg_B_seed2801,rewards/step,48988160,140.89862060546875
mg_B_seed2801,rewards/step,49152000,141.65261840820312
mg_B_seed2801,rewards/step,49315840,141.87173461914062
mg_B_seed2801,rewards/step,49479680,141.82012939453125
mg_B_seed2801,rewards/step,49643520,142.2020263671875
mg_B_seed2801,rewards/step,49807360,142.50946044921875
mg_B_seed2801,rewards/step,49971200,142.77322387695312
mg_B_seed2801,rewards/step,50135040,143.1126708984375
mg_B_seed2801,rewards/step,50298880,143.23976135253906
mg_B_seed2801,rewards/step,50462720,143.44447326660156
mg_B_seed2801,rewards/step,50626560,144.08755493164062
mg_B_seed2801,rewards/step,50790400,144.4859619140625
mg_B_seed2801,rewards/step,50954240,144.2571258544922
mg_B_seed2801,rewards/step,51118080,144.9188995361328
mg_B_seed2801,rewards/step,51281920,145.11900329589844
mg_B_seed2801,rewards/step,51445760,145.17454528808594
mg_B_seed2801,rewards/step,51609600,145.9418487548828
mg_B_seed2801,rewards/step,51773440,145.96157836914062
mg_B_seed2801,rewards/step,51937280,146.20599365234375
mg_B_seed2801,rewards/step,52101120,146.2103271484375
mg_B_seed2801,rewards/step,52264960,146.65481567382812
mg_B_seed2801,rewards/step,52428800,146.7803497314453
mg_B_seed2801,rewards/step,52592640,145.53977966308594
mg_B_seed2801,rewards/step,52756480,145.88009643554688
mg_B_seed2801,rewards/step,52920320,145.8771514892578
mg_B_seed2801,rewards/step,53084160,145.74993896484375
mg_B_seed2801,rewards/step,53248000,146.19256591796875
mg_B_seed2801,rewards/step,53411840,146.1238250732422
mg_B_seed2801,rewards/step,53575680,145.5037078857422
mg_B_seed2801,rewards/step,53739520,145.62770080566406
mg_B_seed2801,rewards/step,53903360,146.2675018310547
mg_B_seed2801,rewards/step,54067200,146.5467529296875
mg_B_seed2801,rewards/step,54231040,146.51136779785156
mg_B_seed2801,rewards/step,54394880,146.50575256347656
mg_B_seed2801,rewards/step,54558720,146.95059204101562
mg_B_seed2801,rewards/step,54722560,146.43206787109375
mg_B_seed2801,rewards/step,54886400,146.62115478515625
mg_B_seed2801,rewards/step,55050240,147.11231994628906
mg_B_seed2801,rewards/step,55214080,146.97483825683594
mg_B_seed2801,rewards/step,55377920,147.52969360351562
mg_B_seed2801,rewards/step,55541760,147.67886352539062
mg_B_seed2801,rewards/step,55705600,147.2386932373047
mg_B_seed2801,rewards/step,55869440,147.542724609375
mg_B_seed2801,rewards/step,56033280,147.48031616210938
mg_B_seed2801,rewards/step,56197120,147.25428771972656
mg_B_seed2801,rewards/step,56360960,148.05006408691406
mg_B_seed2801,rewards/step,56524800,148.43338012695312
mg_B_seed2801,rewards/step,56688640,148.91856384277344
mg_B_seed2801,rewards/step,56852480,148.74667358398438
mg_B_seed2801,rewards/step,57016320,148.92970275878906
mg_B_seed2801,rewards/step,57180160,148.99928283691406
mg_B_seed2801,rewards/step,57344000,149.06845092773438
mg_B_seed2801,rewards/step,57507840,149.61907958984375
mg_B_seed2801,rewards/step,57671680,149.92276000976562
mg_B_seed2801,rewards/step,57835520,150.00425720214844
mg_B_seed2801,rewards/step,57999360,150.4209747314453
mg_B_seed2801,rewards/step,58163200,150.635986328125
mg_B_seed2801,rewards/step,58327040,151.13201904296875
mg_B_seed2801,rewards/step,58490880,151.2762451171875
mg_B_seed2801,rewards/step,58654720,151.66827392578125
mg_B_seed2801,rewards/step,58818560,151.37490844726562
mg_B_seed2801,rewards/step,58982400,151.23504638671875
mg_B_seed2801,rewards/step,59146240,151.71334838867188
mg_B_seed2801,rewards/step,59310080,151.54832458496094
mg_B_seed2801,rewards/step,59473920,151.66551208496094
mg_B_seed2801,rewards/step,59637760,151.84815979003906
mg_B_seed2801,rewards/step,59801600,152.04013061523438
mg_B_seed2801,rewards/step,59965440,152.28839111328125
mg_B_seed2801,rewards/step,60129280,152.6202392578125
mg_B_seed2801,rewards/step,60293120,153.0601043701172
mg_B_seed2801,rewards/step,60456960,153.05841064453125
mg_B_seed2801,rewards/step,60620800,153.43862915039062
mg_B_seed2801,rewards/step,60784640,153.70297241210938
mg_B_seed2801,rewards/step,60948480,153.83343505859375
mg_B_seed2801,rewards/step,61112320,154.16368103027344
mg_B_seed2801,rewards/step,61276160,153.92083740234375
mg_B_seed2801,rewards/step,61440000,154.41305541992188
mg_B_seed2801,rewards/step,61603840,154.3687286376953
mg_B_seed2801,rewards/step,61767680,154.60780334472656
mg_B_seed2801,rewards/step,61931520,154.906982421875
mg_B_seed2801,rewards/step,62095360,155.02627563476562
mg_B_seed2801,rewards/step,62259200,155.4409942626953
mg_B_seed2801,rewards/step,62423040,155.7342987060547
mg_B_seed2801,rewards/step,62586880,156.0224609375
mg_B_seed2801,rewards/step,62750720,156.2349090576172
mg_B_seed2801,rewards/step,62914560,156.28610229492188
mg_B_seed2801,rewards/step,63078400,156.2260284423828
mg_B_seed2801,rewards/step,63242240,156.09182739257812
mg_B_seed2801,rewards/step,63406080,156.30947875976562
mg_B_seed2801,rewards/step,63569920,156.85853576660156
mg_B_seed2801,rewards/step,63733760,157.2703399658203
mg_B_seed2801,rewards/step,63897600,157.83445739746094
mg_B_seed2801,rewards/step,64061440,158.14300537109375
mg_B_seed2801,rewards/step,64225280,158.34947204589844
mg_B_seed2801,rewards/step,64389120,158.5625457763672
mg_B_seed2801,rewards/step,64552960,159.2444610595703
mg_B_seed2801,rewards/step,64716800,158.77590942382812
mg_B_seed2801,rewards/step,64880640,159.5396270751953
mg_B_seed2801,rewards/step,65044480,159.79852294921875
mg_B_seed2801,rewards/step,65208320,160.0358428955078
mg_B_seed2801,rewards/step,65372160,160.01258850097656
mg_B_seed2801,rewards/step,65536000,160.48228454589844
mg_B_seed2801,rewards/step,65699840,160.31654357910156
mg_B_seed2801,rewards/step,65863680,160.1554412841797
mg_B_seed2801,rewards/step,66027520,160.24716186523438
mg_B_seed2801,rewards/step,66191360,160.4269256591797
mg_B_seed2801,rewards/step,66355200,160.72959899902344
mg_B_seed2801,rewards/step,66519040,160.6437225341797
mg_B_seed2801,rewards/step,66682880,160.732421875
mg_B_seed2801,rewards/step,66846720,160.74847412109375
mg_B_seed2801,rewards/step,67010560,161.00828552246094
mg_B_seed2801,rewards/step,67174400,161.06121826171875
mg_B_seed2801,rewards/step,67338240,161.19956970214844
mg_B_seed2801,rewards/step,67502080,161.42779541015625
mg_B_seed2801,rewards/step,67665920,161.528076171875
mg_B_seed2801,rewards/step,67829760,161.77899169921875
mg_B_seed2801,rewards/step,67993600,161.8381805419922
mg_B_seed2801,rewards/step,68157440,162.0586395263672
mg_B_seed2801,rewards/step,68321280,162.65476989746094
mg_B_seed2801,rewards/step,68485120,163.04208374023438
mg_B_seed2801,rewards/step,68648960,163.22412109375
mg_B_seed2801,rewards/step,68812800,163.35084533691406
mg_B_seed2801,rewards/step,68976640,163.5277862548828
mg_B_seed2801,rewards/step,69140480,163.69480895996094
mg_B_seed2801,rewards/step,69304320,163.6439208984375
mg_B_seed2801,rewards/step,69468160,163.52554321289062
mg_B_seed2801,rewards/step,69632000,164.005859375
mg_B_seed2801,rewards/step,69795840,164.1108856201172
mg_B_seed2801,rewards/step,69959680,164.32730102539062
mg_B_seed2801,rewards/step,70123520,164.34970092773438
mg_B_seed2801,rewards/step,70287360,164.02236938476562
mg_B_seed2801,rewards/step,70451200,164.36195373535156
mg_B_seed2801,rewards/step,70615040,164.51614379882812
mg_B_seed2801,rewards/step,70778880,164.83621215820312
mg_B_seed2801,rewards/step,70942720,164.84994506835938
mg_B_seed2801,rewards/step,71106560,165.00283813476562
mg_B_seed2801,rewards/step,71270400,165.4110565185547
mg_B_seed2801,rewards/step,71434240,165.10252380371094
mg_B_seed2801,rewards/step,71598080,165.0465545654297
mg_B_seed2801,rewards/step,71761920,165.5118408203125
mg_B_seed2801,rewards/step,71925760,165.98779296875
mg_B_seed2801,rewards/step,72089600,166.1868438720703
mg_B_seed2801,rewards/step,72253440,166.30735778808594
mg_B_seed2801,rewards/step,72417280,166.43576049804688
mg_B_seed2801,rewards/step,72581120,166.3381805419922
mg_B_seed2801,rewards/step,72744960,165.9174041748047
mg_B_seed2801,rewards/step,72908800,166.0327911376953
mg_B_seed2801,rewards/step,73072640,166.1177520751953
mg_B_seed2801,rewards/step,73236480,166.06947326660156
mg_B_seed2801,rewards/step,73400320,166.15724182128906
mg_B_seed2801,rewards/step,73564160,166.2651824951172
mg_B_seed2801,rewards/step,73728000,166.72840881347656
mg_B_seed2801,rewards/step,73891840,166.71652221679688
mg_B_seed2801,rewards/step,74055680,166.7642822265625
mg_B_seed2801,rewards/step,74219520,166.6102294921875
mg_B_seed2801,rewards/step,74383360,166.56002807617188
mg_B_seed2801,rewards/step,74547200,166.9392547607422
mg_B_seed2801,rewards/step,74711040,166.92001342773438
mg_B_seed2801,rewards/step,74874880,166.7292938232422
mg_B_seed2801,rewards/step,75038720,166.85450744628906
mg_B_seed2801,rewards/step,75202560,166.81625366210938
mg_B_seed2801,rewards/step,75366400,166.38385009765625
mg_B_seed2801,rewards/step,75530240,165.14515686035156
mg_B_seed2801,rewards/step,75694080,165.52352905273438
mg_B_seed2801,rewards/step,75857920,165.510498046875
mg_B_seed2801,rewards/step,76021760,165.4219207763672
mg_B_seed2801,rewards/step,76185600,165.74169921875
mg_B_seed2801,rewards/step,76349440,165.72804260253906
mg_B_seed2801,rewards/step,76513280,165.9830322265625
mg_B_seed2801,rewards/step,76677120,165.8751983642578
mg_B_seed2801,rewards/step,76840960,165.99305725097656
mg_B_seed2801,rewards/step,77004800,166.00135803222656
mg_B_seed2801,rewards/step,77168640,166.15699768066406
mg_B_seed2801,rewards/step,77332480,165.74716186523438
mg_B_seed2801,rewards/step,77496320,165.62107849121094
mg_B_seed2801,rewards/step,77660160,165.7123260498047
mg_B_seed2801,rewards/step,77824000,166.1001739501953
mg_B_seed2801,rewards/step,77987840,165.97291564941406
mg_B_seed2801,rewards/step,78151680,166.20408630371094
mg_B_seed2801,rewards/step,78315520,166.5110626220703
mg_B_seed2801,rewards/step,78479360,166.74807739257812
mg_B_seed2801,rewards/step,78643200,166.86444091796875
mg_B_seed2801,rewards/step,78807040,166.9767608642578
mg_B_seed2801,rewards/step,78970880,167.0636444091797
mg_B_seed2801,rewards/step,79134720,167.34725952148438
mg_B_seed2801,rewards/step,79298560,167.3455047607422
mg_B_seed2801,rewards/step,79462400,167.55575561523438
mg_B_seed2801,rewards/step,79626240,167.54193115234375
mg_B_seed2801,rewards/step,79790080,167.6761474609375
mg_B_seed2801,rewards/step,79953920,167.80490112304688
mg_B_seed2801,rewards/step,80117760,166.60276794433594
mg_B_seed2801,rewards/step,80281600,166.7742462158203
mg_B_seed2801,rewards/step,80445440,166.93154907226562
mg_B_seed2801,rewards/step,80609280,167.03697204589844
mg_B_seed2801,rewards/step,80773120,167.26065063476562
mg_B_seed2801,rewards/step,80936960,167.774658203125
mg_B_seed2801,rewards/step,81100800,168.16488647460938
mg_B_seed2801,rewards/step,81264640,168.2866668701172
mg_B_seed2801,rewards/step,81428480,168.2069091796875
mg_B_seed2801,rewards/step,81592320,168.18760681152344
mg_B_seed2801,rewards/step,81756160,167.8033905029297
mg_B_seed2801,rewards/step,81920000,167.65501403808594
mg_B_seed2801,rewards/step,82083840,167.5460968017578
mg_B_seed2801,rewards/step,82247680,167.52957153320312
mg_B_seed2801,rewards/step,82411520,167.771484375
mg_B_seed2801,rewards/step,82575360,167.39947509765625
mg_B_seed2801,rewards/step,82739200,167.3102569580078
mg_B_seed2801,rewards/step,82903040,167.5251007080078
mg_B_seed2801,rewards/step,83066880,167.80821228027344
mg_B_seed2801,rewards/step,83230720,167.9803009033203
mg_B_seed2801,rewards/step,83394560,168.3356475830078
mg_B_seed2801,rewards/step,83558400,168.14703369140625
mg_B_seed2801,rewards/step,83722240,168.2366180419922
mg_B_seed2801,rewards/step,83886080,167.74314880371094
mg_B_seed2801,rewards/step,84049920,167.73831176757812
mg_B_seed2801,rewards/step,84213760,167.4883270263672
mg_B_seed2801,rewards/step,84377600,167.94171142578125
mg_B_seed2801,rewards/step,84541440,168.0714874267578
mg_B_seed2801,rewards/step,84705280,168.52294921875
mg_B_seed2801,rewards/step,84869120,168.76820373535156
mg_B_seed2801,rewards/step,85032960,168.35614013671875
mg_B_seed2801,rewards/step,85196800,168.61448669433594
mg_B_seed2801,rewards/step,85360640,168.63198852539062
mg_B_seed2801,rewards/step,85524480,168.14097595214844
mg_B_seed2801,rewards/step,85688320,168.46568298339844
mg_B_seed2801,rewards/step,85852160,168.63275146484375
mg_B_seed2801,rewards/step,86016000,168.65151977539062
mg_B_seed2801,rewards/step,86179840,168.4778594970703
mg_B_seed2801,rewards/step,86343680,168.71951293945312
mg_B_seed2801,rewards/step,86507520,168.8161163330078
mg_B_seed2801,rewards/step,86671360,169.02676391601562
mg_B_seed2801,rewards/step,86835200,169.2959747314453
mg_B_seed2801,rewards/step,86999040,169.1784210205078
mg_B_seed2801,rewards/step,87162880,169.1221160888672
mg_B_seed2801,rewards/step,87326720,169.20079040527344
mg_B_seed2801,rewards/step,87490560,169.29685974121094
mg_B_seed2801,rewards/step,87654400,169.4236297607422
mg_B_seed2801,rewards/step,87818240,169.17311096191406
mg_B_seed2801,rewards/step,87982080,169.2026824951172
mg_B_seed2801,rewards/step,88145920,169.22657775878906
mg_B_seed2801,rewards/step,88309760,169.34605407714844
mg_B_seed2801,rewards/step,88473600,169.38412475585938
mg_B_seed2801,rewards/step,88637440,169.49072265625
mg_B_seed2801,rewards/step,88801280,169.3109893798828
mg_B_seed2801,rewards/step,88965120,169.7897186279297
mg_B_seed2801,rewards/step,89128960,169.9910888671875
mg_B_seed2801,rewards/step,89292800,170.3550567626953
mg_B_seed2801,rewards/step,89456640,170.1809844970703
mg_B_seed2801,rewards/step,89620480,170.1744384765625
mg_B_seed2801,rewards/step,89784320,170.4586639404297
mg_B_seed2801,rewards/step,89948160,170.4379119873047
mg_B_seed2801,rewards/step,90112000,170.42642211914062
mg_B_seed2801,rewards/step,90275840,170.45358276367188
mg_B_seed2801,rewards/step,90439680,170.52252197265625
mg_B_seed2801,rewards/step,90603520,170.6856689453125
mg_B_seed2801,rewards/step,90767360,170.65159606933594
mg_B_seed2801,rewards/step,90931200,170.94313049316406
mg_B_seed2801,rewards/step,91095040,170.69598388671875
mg_B_seed2801,rewards/step,91258880,171.03195190429688
mg_B_seed2801,rewards/step,91422720,171.219970703125
mg_B_seed2801,rewards/step,91586560,171.4822235107422
mg_B_seed2801,rewards/step,91750400,171.65589904785156
mg_B_seed2801,rewards/step,91914240,171.71682739257812
mg_B_seed2801,rewards/step,92078080,171.64488220214844
mg_B_seed2801,rewards/step,92241920,171.72315979003906
mg_B_seed2801,rewards/step,92405760,171.94784545898438
mg_B_seed2801,rewards/step,92569600,171.8061065673828
mg_B_seed2801,rewards/step,92733440,172.17343139648438
mg_B_seed2801,rewards/step,92897280,172.0605010986328
mg_B_seed2801,rewards/step,93061120,172.04153442382812
mg_B_seed2801,rewards/step,93224960,172.4454345703125
mg_B_seed2801,rewards/step,93388800,172.4711151123047
mg_B_seed2801,rewards/step,93552640,172.72828674316406
mg_B_seed2801,rewards/step,93716480,172.45582580566406
mg_B_seed2801,rewards/step,93880320,171.5984649658203
mg_B_seed2801,rewards/step,94044160,171.37741088867188
mg_B_seed2801,rewards/step,94208000,171.27877807617188
mg_B_seed2801,rewards/step,94371840,171.69036865234375
mg_B_seed2801,rewards/step,94535680,171.96566772460938
mg_B_seed2801,rewards/step,94699520,171.99166870117188
mg_B_seed2801,rewards/step,94863360,171.905029296875
mg_B_seed2801,rewards/step,95027200,172.1844482421875
mg_B_seed2801,rewards/step,95191040,170.54949951171875
mg_B_seed2801,rewards/step,95354880,170.7906494140625
mg_B_seed2801,rewards/step,95518720,170.8060760498047
mg_B_seed2801,rewards/step,95682560,170.87026977539062
mg_B_seed2801,rewards/step,95846400,170.716552734375
mg_B_seed2801,rewards/step,96010240,170.67710876464844
mg_B_seed2801,rewards/step,96174080,170.82411193847656
mg_B_seed2801,rewards/step,96337920,171.2366943359375
mg_B_seed2801,rewards/step,96501760,171.10520935058594
mg_B_seed2801,rewards/step,96665600,171.19625854492188
mg_B_seed2801,rewards/step,96829440,171.3863067626953
mg_B_seed2801,rewards/step,96993280,171.65350341796875
mg_B_seed2801,rewards/step,97157120,171.8434295654297
mg_B_seed2801,rewards/step,97320960,172.29898071289062
mg_B_seed2801,rewards/step,97484800,172.548095703125
mg_B_seed2801,rewards/step,97648640,172.6784210205078
mg_B_seed2801,rewards/step,97812480,172.8942108154297
mg_B_seed2801,rewards/step,97976320,173.21852111816406
mg_B_seed2801,rewards/step,98140160,173.0102081298828
mg_B_seed2801,rewards/step,98304000,173.09378051757812
mg_B_seed2801,rewards/step,98467840,173.23101806640625
mg_B_seed2801,rewards/step,98631680,173.3694610595703
mg_B_seed2801,rewards/step,98795520,173.40589904785156
mg_B_seed2801,rewards/step,98959360,173.98670959472656
mg_B_seed2801,rewards/step,99123200,174.23687744140625
mg_B_seed2801,rewards/step,99287040,174.2990264892578
mg_B_seed2801,rewards/step,99450880,174.42333984375
mg_B_seed2801,rewards/step,99614720,174.38229370117188
mg_B_seed2801,rewards/step,99778560,174.32373046875
mg_B_seed2801,rewards/step,99942400,174.1884307861328
mg_B_seed2801,rewards/step,100106240,173.9966583251953
mg_B_seed2801,rewards/step,100270080,173.76400756835938
mg_B_seed2801,rewards/step,100433920,173.92666625976562
mg_B_seed2801,rewards/step,100597760,174.20089721679688
mg_B_seed2801,rewards/step,100761600,174.20135498046875
mg_B_seed2801,rewards/step,100925440,174.4425811767578
mg_B_seed2801,rewards/step,101089280,174.60885620117188
mg_B_seed2801,rewards/step,101253120,174.66372680664062
mg_B_seed2801,rewards/step,101416960,174.71241760253906
mg_B_seed2801,rewards/step,101580800,174.85568237304688
mg_B_seed2801,rewards/step,101744640,174.8333740234375
mg_B_seed2801,rewards/step,101908480,175.25485229492188
mg_B_seed2801,rewards/step,102072320,175.40591430664062
mg_B_seed2801,rewards/step,102236160,175.68846130371094
mg_B_seed2801,rewards/step,102400000,175.5775604248047
mg_B_seed2801,rewards/step,102563840,175.73060607910156
mg_B_seed2801,rewards/step,102727680,175.85189819335938
mg_B_seed2801,rewards/step,102891520,176.0296630859375
mg_B_seed2801,rewards/step,103055360,176.14324951171875
mg_B_seed2801,rewards/step,103219200,176.2875213623047
mg_B_seed2801,rewards/step,103383040,176.58782958984375
mg_B_seed2801,rewards/step,103546880,176.94349670410156
mg_B_seed2801,rewards/step,103710720,177.3811492919922
mg_B_seed2801,rewards/step,103874560,177.1539306640625
mg_B_seed2801,rewards/step,104038400,177.33775329589844
mg_B_seed2801,rewards/step,104202240,177.60728454589844
mg_B_seed2801,rewards/step,104366080,177.7549591064453
mg_B_seed2801,rewards/step,104529920,178.28297424316406
mg_B_seed2801,rewards/step,104693760,178.4956817626953
mg_B_seed2801,rewards/step,104857600,178.81825256347656
mg_B_seed2801,rewards/step,105021440,179.2755126953125
mg_B_seed2801,rewards/step,105185280,179.10150146484375
mg_B_seed2801,rewards/step,105349120,179.242431640625
mg_B_seed2801,rewards/step,105512960,179.32179260253906
mg_B_seed2801,rewards/step,105676800,179.28857421875
mg_B_seed2801,rewards/step,105840640,179.54933166503906
mg_B_seed2801,rewards/step,106004480,179.5731201171875
mg_B_seed2801,rewards/step,106168320,179.58070373535156
mg_B_seed2801,rewards/step,106332160,179.68931579589844
mg_B_seed2801,rewards/step,106496000,179.57081604003906
mg_B_seed2801,rewards/step,106659840,179.63121032714844
mg_B_seed2801,rewards/step,106823680,179.73231506347656
mg_B_seed2801,rewards/step,106987520,179.51524353027344
mg_B_seed2801,rewards/step,107151360,179.8223114013672
mg_B_seed2801,rewards/step,107315200,180.06759643554688
mg_B_seed2801,rewards/step,107479040,180.03369140625
mg_B_seed2801,rewards/step,107642880,179.80282592773438
mg_B_seed2801,rewards/step,107806720,179.9830780029297
mg_B_seed2801,rewards/step,107970560,180.1544189453125
mg_B_seed2801,rewards/step,108134400,180.13377380371094
mg_B_seed2801,rewards/step,108298240,180.56356811523438
mg_B_seed2801,rewards/step,108462080,181.01181030273438
mg_B_seed2801,rewards/step,108625920,181.41371154785156
mg_B_seed2801,rewards/step,108789760,181.28781127929688
mg_B_seed2801,rewards/step,108953600,181.3354949951172
mg_B_seed2801,rewards/step,109117440,181.4754638671875
mg_B_seed2801,rewards/step,109281280,181.47450256347656
mg_B_seed2801,rewards/step,109445120,181.7701416015625
mg_B_seed2801,rewards/step,109608960,181.73590087890625
mg_B_seed2801,rewards/step,109772800,181.7855224609375
mg_B_seed2801,rewards/step,109936640,181.9227752685547
mg_B_seed2801,rewards/step,110100480,182.27479553222656
mg_B_seed2801,rewards/step,110264320,180.6362762451172
mg_B_seed2801,rewards/step,110428160,180.67819213867188
mg_B_seed2801,rewards/step,110592000,180.72291564941406
mg_B_seed2801,rewards/step,110755840,180.76174926757812
mg_B_seed2801,rewards/step,110919680,181.0765380859375
mg_B_seed2801,rewards/step,111083520,181.19313049316406
mg_B_seed2801,rewards/step,111247360,181.4832305908203
mg_B_seed2801,rewards/step,111411200,181.63766479492188
mg_B_seed2801,rewards/step,111575040,181.63157653808594
mg_B_seed2801,rewards/step,111738880,181.57083129882812
mg_B_seed2801,rewards/step,111902720,181.60800170898438
mg_B_seed2801,rewards/step,112066560,181.90162658691406
mg_B_seed2801,rewards/step,112230400,182.0472869873047
mg_B_seed2801,rewards/step,112394240,182.08863830566406
mg_B_seed2801,rewards/step,112558080,181.9501495361328
mg_B_seed2801,rewards/step,112721920,182.142333984375
mg_B_seed2801,rewards/step,112885760,182.3972625732422
mg_B_seed2801,rewards/step,113049600,182.8343048095703
mg_B_seed2801,rewards/step,113213440,183.15521240234375
mg_B_seed2801,rewards/step,113377280,182.81033325195312
mg_B_seed2801,rewards/step,113541120,183.4295196533203
mg_B_seed2801,rewards/step,113704960,183.96339416503906
mg_B_seed2801,rewards/step,113868800,184.11697387695312
mg_B_seed2801,rewards/step,114032640,184.3694305419922
mg_B_seed2801,rewards/step,114196480,184.34799194335938
mg_B_seed2801,rewards/step,114360320,184.4856719970703
mg_B_seed2801,rewards/step,114524160,184.9227294921875
mg_B_seed2801,rewards/step,114688000,185.09898376464844
mg_B_seed2801,rewards/step,114851840,185.40396118164062
mg_B_seed2801,rewards/step,115015680,185.60012817382812
mg_B_seed2801,rewards/step,115179520,185.72891235351562
mg_B_seed2801,rewards/step,115343360,185.87477111816406
mg_B_seed2801,rewards/step,115507200,185.98854064941406
mg_B_seed2801,rewards/step,115671040,186.16676330566406
mg_B_seed2801,rewards/step,115834880,185.6880340576172
mg_B_seed2801,rewards/step,115998720,185.988525390625
mg_B_seed2801,rewards/step,116162560,186.23483276367188
mg_B_seed2801,rewards/step,116326400,186.3314971923828
mg_B_seed2801,rewards/step,116490240,186.42291259765625
mg_B_seed2801,rewards/step,116654080,186.35391235351562
mg_B_seed2801,rewards/step,116817920,186.68258666992188
mg_B_seed2801,rewards/step,116981760,186.08724975585938
mg_B_seed2801,rewards/step,117145600,186.21099853515625
mg_B_seed2801,rewards/step,117309440,186.1520233154297
mg_B_seed2801,rewards/step,117473280,186.1556854248047
mg_B_seed2801,rewards/step,117637120,186.43048095703125
mg_B_seed2801,rewards/step,117800960,186.66265869140625
mg_B_seed2801,rewards/step,117964800,186.62937927246094
mg_B_seed2801,rewards/step,118128640,186.57870483398438
mg_B_seed2801,rewards/step,118292480,186.6173095703125
mg_B_seed2801,rewards/step,118456320,186.6832733154297
mg_B_seed2801,rewards/step,118620160,186.59849548339844
mg_B_seed2801,rewards/step,118784000,186.8429718017578
mg_B_seed2801,rewards/step,118947840,186.80726623535156
mg_B_seed2801,rewards/step,119111680,186.62393188476562
mg_B_seed2801,rewards/step,119275520,186.62547302246094
mg_B_seed2801,rewards/step,119439360,186.45362854003906
mg_B_seed2801,rewards/step,119603200,184.98867797851562
mg_B_seed2801,rewards/step,119767040,185.29632568359375
mg_B_seed2801,rewards/step,119930880,185.6083984375
mg_B_seed2801,rewards/step,120094720,185.360595703125
mg_B_seed2801,rewards/step,120258560,185.71771240234375
mg_B_seed2801,rewards/step,120422400,185.7018280029297
mg_B_seed2801,rewards/step,120586240,185.40081787109375
mg_B_seed2801,rewards/step,120750080,185.6940460205078
mg_B_seed2801,rewards/step,120913920,185.50576782226562
mg_B_seed2801,rewards/step,121077760,185.63827514648438
mg_B_seed2801,rewards/step,121241600,185.5605010986328
mg_B_seed2801,rewards/step,121405440,185.7207489013672
mg_B_seed2801,rewards/step,121569280,184.8940887451172
mg_B_seed2801,rewards/step,121733120,184.7647705078125
mg_B_seed2801,rewards/step,121896960,185.05526733398438
mg_B_seed2801,rewards/step,122060800,184.74984741210938
mg_B_seed2801,rewards/step,122224640,185.17193603515625
mg_B_seed2801,rewards/step,122388480,185.76806640625
mg_B_seed2801,rewards/step,122552320,185.56210327148438
mg_B_seed2801,rewards/step,122716160,185.27938842773438
mg_B_seed2801,rewards/step,122880000,184.83663940429688
mg_B_seed2801,rewards/step,123043840,185.16497802734375
mg_B_seed2801,rewards/step,123207680,184.99685668945312
mg_B_seed2801,rewards/step,123371520,185.20770263671875
mg_B_seed2801,rewards/step,123535360,185.42066955566406
mg_B_seed2801,rewards/step,123699200,185.37789916992188
mg_B_seed2801,rewards/step,123863040,185.54638671875
mg_B_seed2801,rewards/step,124026880,185.64950561523438
mg_B_seed2801,rewards/step,124190720,185.5941162109375
mg_B_seed2801,rewards/step,124354560,185.74868774414062
mg_B_seed2801,rewards/step,124518400,185.7874755859375
mg_B_seed2801,rewards/step,124682240,185.9195556640625
mg_B_seed2801,rewards/step,124846080,186.2890167236328
mg_B_seed2801,rewards/step,125009920,186.57720947265625
mg_B_seed2801,rewards/step,125173760,186.7872314453125
mg_B_seed2801,rewards/step,125337600,186.83285522460938
mg_B_seed2801,rewards/step,125501440,186.94598388671875
mg_B_seed2801,rewards/step,125665280,187.15684509277344
mg_B_seed2801,rewards/step,125829120,187.2214813232422
mg_B_seed2801,rewards/step,125992960,187.49960327148438
mg_B_seed2801,rewards/step,126156800,187.4258270263672
mg_B_seed2801,rewards/step,126320640,187.9521026611328
mg_B_seed2801,rewards/step,126484480,188.08433532714844
mg_B_seed2801,rewards/step,126648320,188.08251953125
mg_B_seed2801,rewards/step,126812160,187.6819610595703
mg_B_seed2801,rewards/step,126976000,187.28746032714844
mg_B_seed2801,rewards/step,127139840,187.5607452392578
mg_B_seed2801,rewards/step,127303680,187.3568115234375
mg_B_seed2801,rewards/step,127467520,187.1962432861328
mg_B_seed2801,rewards/step,127631360,187.0599822998047
mg_B_seed2801,rewards/step,127795200,186.87071228027344
mg_B_seed2801,rewards/step,127959040,186.97940063476562
mg_B_seed2801,rewards/step,128122880,187.31239318847656
mg_B_seed2801,rewards/step,128286720,187.1518096923828
mg_B_seed2801,rewards/step,128450560,187.45558166503906
mg_B_seed2801,rewards/step,128614400,187.67486572265625
mg_B_seed2801,rewards/step,128778240,187.4375762939453
mg_B_seed2801,rewards/step,128942080,187.4931182861328
mg_B_seed2801,rewards/step,129105920,187.46058654785156
mg_B_seed2801,rewards/step,129269760,187.29222106933594
mg_B_seed2801,rewards/step,129433600,187.24984741210938
mg_B_seed2801,rewards/step,129597440,187.2412872314453
mg_B_seed2801,rewards/step,129761280,187.56051635742188
mg_B_seed2801,rewards/step,129925120,187.73472595214844
mg_B_seed2801,rewards/step,130088960,187.8640594482422
mg_B_seed2801,rewards/step,130252800,187.6262664794922
mg_B_seed2801,rewards/step,130416640,187.72962951660156
mg_B_seed2801,rewards/step,130580480,187.7347869873047
mg_B_seed2801,rewards/step,130744320,187.5105743408203
mg_B_seed2801,rewards/step,130908160,187.86801147460938
mg_B_seed2801,rewards/step,131072000,188.2231903076172
mg_B_seed2801,rewards/step,131235840,188.4388885498047
mg_B_seed2801,rewards/step,131399680,188.74595642089844
mg_B_seed2801,rewards/step,131563520,188.44818115234375
mg_B_seed2801,rewards/step,131727360,188.64027404785156
mg_B_seed2801,rewards/step,131891200,188.6068878173828
mg_B_seed2801,rewards/step,132055040,188.77310180664062
mg_B_seed2801,rewards/step,132218880,189.1302032470703
mg_B_seed2801,rewards/step,132382720,189.08758544921875
mg_B_seed2801,rewards/step,132546560,189.30458068847656
mg_B_seed2801,rewards/step,132710400,188.80760192871094
mg_B_seed2801,rewards/step,132874240,188.73651123046875
mg_B_seed2801,rewards/step,133038080,188.75172424316406
mg_B_seed2801,rewards/step,133201920,188.9412078857422
mg_B_seed2801,rewards/step,133365760,188.68849182128906
mg_B_seed2801,rewards/step,133529600,188.98085021972656
mg_B_seed2801,rewards/step,133693440,189.2104949951172
mg_B_seed2801,rewards/step,133857280,189.51011657714844
mg_B_seed2801,rewards/step,134021120,189.6793975830078
mg_B_seed2801,rewards/step,134184960,189.7309112548828
mg_B_seed2801,rewards/step,134348800,189.7230224609375
mg_B_seed2801,rewards/step,134512640,190.0086212158203
mg_B_seed2801,rewards/step,134676480,189.8734130859375
mg_B_seed2801,rewards/step,134840320,189.75283813476562
mg_B_seed2801,rewards/step,135004160,189.66749572753906
mg_B_seed2801,rewards/step,135168000,189.7870330810547
mg_B_seed2801,rewards/step,135331840,189.57740783691406
mg_B_seed2801,rewards/step,135495680,189.8970184326172
mg_B_seed2801,rewards/step,135659520,189.81854248046875
mg_B_seed2801,rewards/step,135823360,189.6749725341797
mg_B_seed2801,rewards/step,135987200,189.70455932617188
mg_B_seed2801,rewards/step,136151040,189.65911865234375
mg_B_seed2801,rewards/step,136314880,189.66653442382812
mg_B_seed2801,rewards/step,136478720,189.9203338623047
mg_B_seed2801,rewards/step,136642560,190.12893676757812
mg_B_seed2801,rewards/step,136806400,190.4438934326172
mg_B_seed2801,rewards/step,136970240,190.40089416503906
mg_B_seed2801,rewards/step,137134080,190.1194610595703
mg_B_seed2801,rewards/step,137297920,189.89295959472656
mg_B_seed2801,rewards/step,137461760,189.96412658691406
mg_B_seed2801,rewards/step,137625600,189.76510620117188
mg_B_seed2801,rewards/step,137789440,189.91995239257812
mg_B_seed2801,rewards/step,137953280,189.844970703125
mg_B_seed2801,rewards/step,138117120,189.8887481689453
mg_B_seed2801,rewards/step,138280960,189.8564910888672
mg_B_seed2801,rewards/step,138444800,189.9607696533203
mg_B_seed2801,rewards/step,138608640,190.30397033691406
mg_B_seed2801,rewards/step,138772480,190.5035858154297
mg_B_seed2801,rewards/step,138936320,190.3208465576172
mg_B_seed2801,rewards/step,139100160,190.38890075683594
mg_B_seed2801,rewards/step,139264000,190.57229614257812
mg_B_seed2801,rewards/step,139427840,190.7745361328125
mg_B_seed2801,rewards/step,139591680,190.7604522705078
mg_B_seed2801,rewards/step,139755520,190.47988891601562
mg_B_seed2801,rewards/step,139919360,190.38189697265625
mg_B_seed2801,rewards/step,140083200,190.59117126464844
mg_B_seed2801,rewards/step,140247040,190.7906494140625
mg_B_seed2801,rewards/step,140410880,191.16744995117188
mg_B_seed2801,rewards/step,140574720,190.8028564453125
mg_B_seed2801,rewards/step,140738560,190.37350463867188
mg_B_seed2801,rewards/step,140902400,190.44998168945312
mg_B_seed2801,rewards/step,141066240,190.60386657714844
mg_B_seed2801,rewards/step,141230080,190.41775512695312
mg_B_seed2801,rewards/step,141393920,190.37802124023438
mg_B_seed2801,rewards/step,141557760,190.56838989257812
mg_B_seed2801,rewards/step,141721600,190.5452117919922
mg_B_seed2801,rewards/step,141885440,190.44949340820312
mg_B_seed2801,rewards/step,142049280,190.4470672607422
mg_B_seed2801,rewards/step,142213120,190.38595581054688
mg_B_seed2801,rewards/step,142376960,190.25364685058594
mg_B_seed2801,rewards/step,142540800,189.7254180908203
mg_B_seed2801,rewards/step,142704640,189.71446228027344
mg_B_seed2801,rewards/step,142868480,189.68899536132812
mg_B_seed2801,rewards/step,143032320,189.48048400878906
mg_B_seed2801,rewards/step,143196160,189.67437744140625
mg_B_seed2801,rewards/step,143360000,189.3661651611328
mg_B_seed2801,rewards/step,143523840,189.169189453125
mg_B_seed2801,rewards/step,143687680,189.4612274169922
mg_B_seed2801,rewards/step,143851520,189.77584838867188
mg_B_seed2801,rewards/step,144015360,189.89735412597656
mg_B_seed2801,rewards/step,144179200,190.0077667236328
mg_B_seed2801,rewards/step,144343040,189.71173095703125
mg_B_seed2801,rewards/step,144506880,190.0155029296875
mg_B_seed2801,rewards/step,144670720,190.2476043701172
mg_B_seed2801,rewards/step,144834560,190.3108367919922
mg_B_seed2801,rewards/step,144998400,189.96571350097656
mg_B_seed2801,rewards/step,145162240,190.2281494140625
mg_B_seed2801,rewards/step,145326080,190.35107421875
mg_B_seed2801,rewards/step,145489920,190.4925994873047
mg_B_seed2801,rewards/step,145653760,190.4104766845703
mg_B_seed2801,rewards/step,145817600,190.59628295898438
mg_B_seed2801,rewards/step,145981440,190.9482421875
mg_B_seed2801,rewards/step,146145280,190.9843292236328
mg_B_seed2801,rewards/step,146309120,190.97421264648438
mg_B_seed2801,rewards/step,146472960,190.7828369140625
mg_B_seed2801,rewards/step,146636800,190.8572235107422
mg_B_seed2801,rewards/step,146800640,190.90087890625
mg_B_seed2801,rewards/step,146964480,190.5244903564453
mg_B_seed2801,rewards/step,147128320,190.98707580566406
mg_B_seed2801,rewards/step,147292160,190.8013153076172
mg_B_seed2801,rewards/step,147456000,190.87750244140625
mg_B_seed2801,rewards/step,147619840,190.83497619628906
mg_B_seed2801,rewards/step,147783680,190.91104125976562
mg_B_seed2801,rewards/step,147947520,190.97450256347656
mg_B_seed2801,rewards/step,148111360,190.66761779785156
mg_B_seed2801,rewards/step,148275200,190.9999542236328
mg_B_seed2801,rewards/step,148439040,190.7548065185547
mg_B_seed2801,rewards/step,148602880,190.6846466064453
mg_B_seed2801,rewards/step,148766720,190.61383056640625
mg_B_seed2801,rewards/step,148930560,190.81553649902344
mg_B_seed2801,rewards/step,149094400,191.0549774169922
mg_B_seed2801,rewards/step,149258240,191.40585327148438
mg_B_seed2801,rewards/step,149422080,191.07037353515625
mg_B_seed2801,rewards/step,149585920,191.00601196289062
mg_B_seed2801,rewards/step,149749760,190.98983764648438
mg_B_seed2801,rewards/step,149913600,191.0867919921875
mg_B_seed2801,rewards/step,150077440,191.0591278076172
mg_B_seed2801,rewards/step,150241280,189.42015075683594
mg_B_seed2801,rewards/step,150405120,189.39300537109375
mg_B_seed2801,rewards/step,150568960,189.56912231445312
mg_B_seed2801,rewards/step,150732800,189.37103271484375
mg_B_seed2801,rewards/step,150896640,189.0986785888672
mg_B_seed2801,rewards/step,151060480,189.58035278320312
mg_B_seed2801,rewards/step,151224320,189.68727111816406
mg_B_seed2801,rewards/step,151388160,189.64874267578125
mg_B_seed2801,rewards/step,151552000,189.69532775878906
mg_B_seed2801,rewards/step,151715840,189.633056640625
mg_B_seed2801,rewards/step,151879680,189.27532958984375
mg_B_seed2801,rewards/step,152043520,189.28929138183594
mg_B_seed2801,rewards/step,152207360,189.3472900390625
mg_B_seed2801,rewards/step,152371200,189.66505432128906
mg_B_seed2801,rewards/step,152535040,189.24600219726562
mg_B_seed2801,rewards/step,152698880,189.6119842529297
mg_B_seed2801,rewards/step,152862720,189.72621154785156
mg_B_seed2801,rewards/step,153026560,190.0785369873047
mg_B_seed2801,rewards/step,153190400,190.29176330566406
mg_B_seed2801,rewards/step,153354240,190.427978515625
mg_B_seed2801,rewards/step,153518080,190.64393615722656
mg_B_seed2801,rewards/step,153681920,190.37435913085938
mg_B_seed2801,rewards/step,153845760,190.557373046875
mg_B_seed2801,rewards/step,154009600,190.69285583496094
mg_B_seed2801,rewards/step,154173440,189.24649047851562
mg_B_seed2801,rewards/step,154337280,189.52137756347656
mg_B_seed2801,rewards/step,154501120,189.62107849121094
mg_B_seed2801,rewards/step,154664960,189.17918395996094
mg_B_seed2801,rewards/step,154828800,189.36227416992188
mg_B_seed2801,rewards/step,154992640,189.39678955078125
mg_B_seed2801,rewards/step,155156480,189.64617919921875
mg_B_seed2801,rewards/step,155320320,189.98516845703125
mg_B_seed2801,rewards/step,155484160,190.12881469726562
mg_B_seed2801,rewards/step,155648000,190.09747314453125
mg_B_seed2801,rewards/step,155811840,190.54530334472656
mg_B_seed2801,rewards/step,155975680,190.905517578125
mg_B_seed2801,rewards/step,156139520,191.30982971191406
mg_B_seed2801,rewards/step,156303360,191.2145538330078
mg_B_seed2801,rewards/step,156467200,191.4958038330078
mg_B_seed2801,rewards/step,156631040,191.6656494140625
mg_B_seed2801,rewards/step,156794880,191.56385803222656
mg_B_seed2801,rewards/step,156958720,191.19961547851562
mg_B_seed2801,rewards/step,157122560,191.19467163085938
mg_B_seed2801,rewards/step,157286400,191.2923126220703
mg_B_seed2801,rewards/step,157450240,191.27516174316406
mg_B_seed2801,rewards/step,157614080,191.43026733398438
mg_B_seed2801,rewards/step,157777920,191.34176635742188
mg_B_seed2801,rewards/step,157941760,191.54351806640625
mg_B_seed2801,rewards/step,158105600,191.75958251953125
mg_B_seed2801,rewards/step,158269440,191.75918579101562
mg_B_seed2801,rewards/step,158433280,191.7046661376953
mg_B_seed2801,rewards/step,158597120,191.56402587890625
mg_B_seed2801,rewards/step,158760960,191.4931182861328
mg_B_seed2801,rewards/step,158924800,191.6735382080078
mg_B_seed2801,rewards/step,159088640,191.82711791992188
mg_B_seed2801,rewards/step,159252480,192.05955505371094
mg_B_seed2801,rewards/step,159416320,192.13720703125
mg_B_seed2801,rewards/step,159580160,192.13206481933594
mg_B_seed2801,rewards/step,159744000,192.0540771484375
mg_B_seed2801,rewards/step,159907840,192.23182678222656
mg_B_seed2801,rewards/step,160071680,192.13095092773438
mg_B_seed2801,rewards/step,160235520,192.1633758544922
mg_B_seed2801,rewards/step,160399360,191.89695739746094
mg_B_seed2801,rewards/step,160563200,191.3924560546875
mg_B_seed2801,rewards/step,160727040,191.76922607421875
mg_B_seed2801,rewards/step,160890880,191.6325225830078
mg_B_seed2801,rewards/step,161054720,191.5805206298828
mg_B_seed2801,rewards/step,161218560,191.406494140625
mg_B_seed2801,rewards/step,161382400,191.2981414794922
mg_B_seed2801,rewards/step,161546240,191.5686798095703
mg_B_seed2801,rewards/step,161710080,191.63229370117188
mg_B_seed2801,rewards/step,161873920,191.9672088623047
mg_B_seed2801,rewards/step,162037760,191.47195434570312
mg_B_seed2801,rewards/step,162201600,191.32113647460938
mg_B_seed2801,rewards/step,162365440,191.07803344726562
mg_B_seed2801,rewards/step,162529280,191.16017150878906
mg_B_seed2801,rewards/step,162693120,191.17579650878906
mg_B_seed2801,rewards/step,162856960,191.27676391601562
mg_B_seed2801,rewards/step,163020800,191.14083862304688
mg_B_seed2801,rewards/step,163184640,191.39735412597656
mg_B_seed2801,rewards/step,163348480,191.25970458984375
mg_B_seed2801,rewards/step,163512320,191.17990112304688
mg_B_seed2801,rewards/step,163676160,190.6792755126953
mg_B_seed2801,rewards/step,163840000,190.77699279785156
mg_B_seed2801,episode_lengths/step,163840,19.209522247314453
mg_B_seed2801,episode_lengths/step,327680,31.34183692932129
mg_B_seed2801,episode_lengths/step,491520,39.96400451660156
mg_B_seed2801,episode_lengths/step,655360,45.97122573852539
mg_B_seed2801,episode_lengths/step,819200,53.711483001708984
mg_B_seed2801,episode_lengths/step,983040,59.61846923828125
mg_B_seed2801,episode_lengths/step,1146880,65.43275451660156
mg_B_seed2801,episode_lengths/step,1310720,70.82535552978516
mg_B_seed2801,episode_lengths/step,1474560,77.06468963623047
mg_B_seed2801,episode_lengths/step,1638400,83.50390625
mg_B_seed2801,episode_lengths/step,1802240,90.34588623046875
mg_B_seed2801,episode_lengths/step,1966080,100.16230773925781
mg_B_seed2801,episode_lengths/step,2129920,112.25910949707031
mg_B_seed2801,episode_lengths/step,2293760,127.94625091552734
mg_B_seed2801,episode_lengths/step,2457600,138.8902587890625
mg_B_seed2801,episode_lengths/step,2621440,157.30467224121094
mg_B_seed2801,episode_lengths/step,2785280,172.0992431640625
mg_B_seed2801,episode_lengths/step,2949120,183.81980895996094
mg_B_seed2801,episode_lengths/step,3112960,397.26507568359375
mg_B_seed2801,episode_lengths/step,3276800,406.8517150878906
mg_B_seed2801,episode_lengths/step,3440640,413.65716552734375
mg_B_seed2801,episode_lengths/step,3604480,416.7707214355469
mg_B_seed2801,episode_lengths/step,3768320,416.6230163574219
mg_B_seed2801,episode_lengths/step,3932160,417.1376953125
mg_B_seed2801,episode_lengths/step,4096000,417.18463134765625
mg_B_seed2801,episode_lengths/step,4259840,417.59405517578125
mg_B_seed2801,episode_lengths/step,4423680,417.7214050292969
mg_B_seed2801,episode_lengths/step,4587520,416.99200439453125
mg_B_seed2801,episode_lengths/step,4751360,416.7340393066406
mg_B_seed2801,episode_lengths/step,4915200,417.1141357421875
mg_B_seed2801,episode_lengths/step,5079040,418.36474609375
mg_B_seed2801,episode_lengths/step,5242880,419.5126953125
mg_B_seed2801,episode_lengths/step,5406720,420.57525634765625
mg_B_seed2801,episode_lengths/step,5570560,422.30865478515625
mg_B_seed2801,episode_lengths/step,5734400,423.23529052734375
mg_B_seed2801,episode_lengths/step,5898240,424.9532775878906
mg_B_seed2801,episode_lengths/step,6062080,425.9534912109375
mg_B_seed2801,episode_lengths/step,6225920,459.932861328125
mg_B_seed2801,episode_lengths/step,6389760,463.0527038574219
mg_B_seed2801,episode_lengths/step,6553600,464.2263488769531
mg_B_seed2801,episode_lengths/step,6717440,464.4472961425781
mg_B_seed2801,episode_lengths/step,6881280,463.66845703125
mg_B_seed2801,episode_lengths/step,7045120,463.8190612792969
mg_B_seed2801,episode_lengths/step,7208960,463.44500732421875
mg_B_seed2801,episode_lengths/step,7372800,463.6211242675781
mg_B_seed2801,episode_lengths/step,7536640,463.5198059082031
mg_B_seed2801,episode_lengths/step,7700480,463.70770263671875
mg_B_seed2801,episode_lengths/step,7864320,463.9091796875
mg_B_seed2801,episode_lengths/step,8028160,463.9879455566406
mg_B_seed2801,episode_lengths/step,8192000,464.29180908203125
mg_B_seed2801,episode_lengths/step,8355840,464.8794250488281
mg_B_seed2801,episode_lengths/step,8519680,465.58514404296875
mg_B_seed2801,episode_lengths/step,8683520,465.9522705078125
mg_B_seed2801,episode_lengths/step,8847360,466.9454040527344
mg_B_seed2801,episode_lengths/step,9011200,467.78753662109375
mg_B_seed2801,episode_lengths/step,9175040,468.5608825683594
mg_B_seed2801,episode_lengths/step,9338880,483.73712158203125
mg_B_seed2801,episode_lengths/step,9502720,484.48736572265625
mg_B_seed2801,episode_lengths/step,9666560,484.9307556152344
mg_B_seed2801,episode_lengths/step,9830400,483.781982421875
mg_B_seed2801,episode_lengths/step,9994240,482.62811279296875
mg_B_seed2801,episode_lengths/step,10158080,480.8907775878906
mg_B_seed2801,episode_lengths/step,10321920,480.2327575683594
mg_B_seed2801,episode_lengths/step,10485760,479.7035827636719
mg_B_seed2801,episode_lengths/step,10649600,478.3504638671875
mg_B_seed2801,episode_lengths/step,10813440,478.2414855957031
mg_B_seed2801,episode_lengths/step,10977280,479.2298278808594
mg_B_seed2801,episode_lengths/step,11141120,479.1446228027344
mg_B_seed2801,episode_lengths/step,11304960,480.1837158203125
mg_B_seed2801,episode_lengths/step,11468800,480.8398132324219
mg_B_seed2801,episode_lengths/step,11632640,481.05096435546875
mg_B_seed2801,episode_lengths/step,11796480,481.386962890625
mg_B_seed2801,episode_lengths/step,11960320,481.42852783203125
mg_B_seed2801,episode_lengths/step,12124160,481.23138427734375
mg_B_seed2801,episode_lengths/step,12288000,493.56842041015625
mg_B_seed2801,episode_lengths/step,12451840,493.92877197265625
mg_B_seed2801,episode_lengths/step,12615680,494.78399658203125
mg_B_seed2801,episode_lengths/step,12779520,495.195068359375
mg_B_seed2801,episode_lengths/step,12943360,494.5349426269531
mg_B_seed2801,episode_lengths/step,13107200,494.501953125
mg_B_seed2801,episode_lengths/step,13271040,494.47540283203125
mg_B_seed2801,episode_lengths/step,13434880,494.13604736328125
mg_B_seed2801,episode_lengths/step,13598720,492.8868713378906
mg_B_seed2801,episode_lengths/step,13762560,492.9212951660156
mg_B_seed2801,episode_lengths/step,13926400,492.8631591796875
mg_B_seed2801,episode_lengths/step,14090240,493.2596740722656
mg_B_seed2801,episode_lengths/step,14254080,493.8896179199219
mg_B_seed2801,episode_lengths/step,14417920,494.359375
mg_B_seed2801,episode_lengths/step,14581760,494.90411376953125
mg_B_seed2801,episode_lengths/step,14745600,495.3223571777344
mg_B_seed2801,episode_lengths/step,14909440,495.53070068359375
mg_B_seed2801,episode_lengths/step,15073280,495.3521728515625
mg_B_seed2801,episode_lengths/step,15237120,496.210205078125
mg_B_seed2801,episode_lengths/step,15400960,504.2767333984375
mg_B_seed2801,episode_lengths/step,15564800,504.637451171875
mg_B_seed2801,episode_lengths/step,15728640,505.12774658203125
mg_B_seed2801,episode_lengths/step,15892480,504.8670349121094
mg_B_seed2801,episode_lengths/step,16056320,504.5579833984375
mg_B_seed2801,episode_lengths/step,16220160,505.0541076660156
mg_B_seed2801,episode_lengths/step,16384000,504.2815246582031
mg_B_seed2801,episode_lengths/step,16547840,504.0718688964844
mg_B_seed2801,episode_lengths/step,16711680,503.6695861816406
mg_B_seed2801,episode_lengths/step,16875520,503.7823181152344
mg_B_seed2801,episode_lengths/step,17039360,503.686279296875
mg_B_seed2801,episode_lengths/step,17203200,504.1175842285156
mg_B_seed2801,episode_lengths/step,17367040,504.67279052734375
mg_B_seed2801,episode_lengths/step,17530880,505.0601501464844
mg_B_seed2801,episode_lengths/step,17694720,505.1392517089844
mg_B_seed2801,episode_lengths/step,17858560,505.432373046875
mg_B_seed2801,episode_lengths/step,18022400,505.4112548828125
mg_B_seed2801,episode_lengths/step,18186240,505.24224853515625
mg_B_seed2801,episode_lengths/step,18350080,505.48760986328125
mg_B_seed2801,episode_lengths/step,18513920,510.6142578125
mg_B_seed2801,episode_lengths/step,18677760,510.8000793457031
mg_B_seed2801,episode_lengths/step,18841600,510.7856140136719
mg_B_seed2801,episode_lengths/step,19005440,510.8538818359375
mg_B_seed2801,episode_lengths/step,19169280,510.7166748046875
mg_B_seed2801,episode_lengths/step,19333120,511.2186584472656
mg_B_seed2801,episode_lengths/step,19496960,511.194091796875
mg_B_seed2801,episode_lengths/step,19660800,511.5351257324219
mg_B_seed2801,episode_lengths/step,19824640,511.66375732421875
mg_B_seed2801,episode_lengths/step,19988480,511.6341247558594
mg_B_seed2801,episode_lengths/step,20152320,512.24365234375
mg_B_seed2801,episode_lengths/step,20316160,512.67919921875
mg_B_seed2801,episode_lengths/step,20480000,512.5988159179688
mg_B_seed2801,episode_lengths/step,20643840,513.0211181640625
mg_B_seed2801,episode_lengths/step,20807680,513.7047729492188
mg_B_seed2801,episode_lengths/step,20971520,514.09814453125
mg_B_seed2801,episode_lengths/step,21135360,514.1653442382812
mg_B_seed2801,episode_lengths/step,21299200,514.1613159179688
mg_B_seed2801,episode_lengths/step,21463040,514.5977172851562
mg_B_seed2801,episode_lengths/step,21626880,518.2291870117188
mg_B_seed2801,episode_lengths/step,21790720,518.7708129882812
mg_B_seed2801,episode_lengths/step,21954560,519.301513671875
mg_B_seed2801,episode_lengths/step,22118400,520.1443481445312
mg_B_seed2801,episode_lengths/step,22282240,520.6763305664062
mg_B_seed2801,episode_lengths/step,22446080,521.02392578125
mg_B_seed2801,episode_lengths/step,22609920,521.66943359375
mg_B_seed2801,episode_lengths/step,22773760,522.3453369140625
mg_B_seed2801,episode_lengths/step,22937600,521.5347290039062
mg_B_seed2801,episode_lengths/step,23101440,521.46044921875
mg_B_seed2801,episode_lengths/step,23265280,521.1599731445312
mg_B_seed2801,episode_lengths/step,23429120,521.2313842773438
mg_B_seed2801,episode_lengths/step,23592960,521.6961669921875
mg_B_seed2801,episode_lengths/step,23756800,521.6221313476562
mg_B_seed2801,episode_lengths/step,23920640,522.084228515625
mg_B_seed2801,episode_lengths/step,24084480,522.8510131835938
mg_B_seed2801,episode_lengths/step,24248320,523.3856811523438
mg_B_seed2801,episode_lengths/step,24412160,523.5942993164062
mg_B_seed2801,episode_lengths/step,24576000,526.7291870117188
mg_B_seed2801,episode_lengths/step,24739840,527.3115234375
mg_B_seed2801,episode_lengths/step,24903680,527.3960571289062
mg_B_seed2801,episode_lengths/step,25067520,526.937255859375
mg_B_seed2801,episode_lengths/step,25231360,527.408447265625
mg_B_seed2801,episode_lengths/step,25395200,528.0741577148438
mg_B_seed2801,episode_lengths/step,25559040,528.4058837890625
mg_B_seed2801,episode_lengths/step,25722880,528.1622314453125
mg_B_seed2801,episode_lengths/step,25886720,528.60107421875
mg_B_seed2801,episode_lengths/step,26050560,529.1982421875
mg_B_seed2801,episode_lengths/step,26214400,529.2114868164062
mg_B_seed2801,episode_lengths/step,26378240,529.0760498046875
mg_B_seed2801,episode_lengths/step,26542080,528.9522705078125
mg_B_seed2801,episode_lengths/step,26705920,528.8908081054688
mg_B_seed2801,episode_lengths/step,26869760,528.6126708984375
mg_B_seed2801,episode_lengths/step,27033600,528.31689453125
mg_B_seed2801,episode_lengths/step,27197440,528.971923828125
mg_B_seed2801,episode_lengths/step,27361280,529.5613403320312
mg_B_seed2801,episode_lengths/step,27525120,529.8646850585938
mg_B_seed2801,episode_lengths/step,27688960,532.0055541992188
mg_B_seed2801,episode_lengths/step,27852800,531.6605834960938
mg_B_seed2801,episode_lengths/step,28016640,531.9227294921875
mg_B_seed2801,episode_lengths/step,28180480,532.4946899414062
mg_B_seed2801,episode_lengths/step,28344320,532.9338989257812
mg_B_seed2801,episode_lengths/step,28508160,533.4849243164062
mg_B_seed2801,episode_lengths/step,28672000,534.1580200195312
mg_B_seed2801,episode_lengths/step,28835840,534.2607421875
mg_B_seed2801,episode_lengths/step,28999680,534.720947265625
mg_B_seed2801,episode_lengths/step,29163520,534.8170166015625
mg_B_seed2801,episode_lengths/step,29327360,534.7033081054688
mg_B_seed2801,episode_lengths/step,29491200,534.369384765625
mg_B_seed2801,episode_lengths/step,29655040,534.402099609375
mg_B_seed2801,episode_lengths/step,29818880,534.2174682617188
mg_B_seed2801,episode_lengths/step,29982720,534.5931396484375
mg_B_seed2801,episode_lengths/step,30146560,534.9428100585938
mg_B_seed2801,episode_lengths/step,30310400,535.3988037109375
mg_B_seed2801,episode_lengths/step,30474240,535.6513061523438
mg_B_seed2801,episode_lengths/step,30638080,535.3211669921875
mg_B_seed2801,episode_lengths/step,30801920,536.1107177734375
mg_B_seed2801,episode_lengths/step,30965760,536.3311767578125
mg_B_seed2801,episode_lengths/step,31129600,537.0065307617188
mg_B_seed2801,episode_lengths/step,31293440,537.4197998046875
mg_B_seed2801,episode_lengths/step,31457280,537.8309326171875
mg_B_seed2801,episode_lengths/step,31621120,537.084228515625
mg_B_seed2801,episode_lengths/step,31784960,537.4450073242188
mg_B_seed2801,episode_lengths/step,31948800,537.1223754882812
mg_B_seed2801,episode_lengths/step,32112640,537.4800415039062
mg_B_seed2801,episode_lengths/step,32276480,537.29345703125
mg_B_seed2801,episode_lengths/step,32440320,537.4786376953125
mg_B_seed2801,episode_lengths/step,32604160,537.4005126953125
mg_B_seed2801,episode_lengths/step,32768000,537.536865234375
mg_B_seed2801,episode_lengths/step,32931840,537.4761352539062
mg_B_seed2801,episode_lengths/step,33095680,537.2423095703125
mg_B_seed2801,episode_lengths/step,33259520,537.3488159179688
mg_B_seed2801,episode_lengths/step,33423360,537.7448120117188
mg_B_seed2801,episode_lengths/step,33587200,537.9388427734375
mg_B_seed2801,episode_lengths/step,33751040,537.9188232421875
mg_B_seed2801,episode_lengths/step,33914880,539.5464477539062
mg_B_seed2801,episode_lengths/step,34078720,539.3168334960938
mg_B_seed2801,episode_lengths/step,34242560,539.338623046875
mg_B_seed2801,episode_lengths/step,34406400,539.1800537109375
mg_B_seed2801,episode_lengths/step,34570240,538.7442626953125
mg_B_seed2801,episode_lengths/step,34734080,539.0942993164062
mg_B_seed2801,episode_lengths/step,34897920,539.0330200195312
mg_B_seed2801,episode_lengths/step,35061760,539.1640625
mg_B_seed2801,episode_lengths/step,35225600,539.3468017578125
mg_B_seed2801,episode_lengths/step,35389440,540.1821899414062
mg_B_seed2801,episode_lengths/step,35553280,540.5198364257812
mg_B_seed2801,episode_lengths/step,35717120,540.697265625
mg_B_seed2801,episode_lengths/step,35880960,541.1524047851562
mg_B_seed2801,episode_lengths/step,36044800,541.67626953125
mg_B_seed2801,episode_lengths/step,36208640,541.8526611328125
mg_B_seed2801,episode_lengths/step,36372480,542.1240844726562
mg_B_seed2801,episode_lengths/step,36536320,542.1492309570312
mg_B_seed2801,episode_lengths/step,36700160,542.4711303710938
mg_B_seed2801,episode_lengths/step,36864000,543.3978271484375
mg_B_seed2801,episode_lengths/step,37027840,543.2536010742188
mg_B_seed2801,episode_lengths/step,37191680,543.5360717773438
mg_B_seed2801,episode_lengths/step,37355520,543.2427978515625
mg_B_seed2801,episode_lengths/step,37519360,543.6328125
mg_B_seed2801,episode_lengths/step,37683200,543.7505493164062
mg_B_seed2801,episode_lengths/step,37847040,543.999755859375
mg_B_seed2801,episode_lengths/step,38010880,543.9877319335938
mg_B_seed2801,episode_lengths/step,38174720,543.9517211914062
mg_B_seed2801,episode_lengths/step,38338560,544.0897216796875
mg_B_seed2801,episode_lengths/step,38502400,544.0433959960938
mg_B_seed2801,episode_lengths/step,38666240,543.8300170898438
mg_B_seed2801,episode_lengths/step,38830080,543.5364990234375
mg_B_seed2801,episode_lengths/step,38993920,543.6857299804688
mg_B_seed2801,episode_lengths/step,39157760,544.0855712890625
mg_B_seed2801,episode_lengths/step,39321600,543.9130249023438
mg_B_seed2801,episode_lengths/step,39485440,543.7706298828125
mg_B_seed2801,episode_lengths/step,39649280,544.3948364257812
mg_B_seed2801,episode_lengths/step,39813120,544.3809204101562
mg_B_seed2801,episode_lengths/step,39976960,545.221923828125
mg_B_seed2801,episode_lengths/step,40140800,545.3616333007812
mg_B_seed2801,episode_lengths/step,40304640,545.3892822265625
mg_B_seed2801,episode_lengths/step,40468480,545.6510620117188
mg_B_seed2801,episode_lengths/step,40632320,546.1474609375
mg_B_seed2801,episode_lengths/step,40796160,546.527587890625
mg_B_seed2801,episode_lengths/step,40960000,546.583740234375
mg_B_seed2801,episode_lengths/step,41123840,546.857177734375
mg_B_seed2801,episode_lengths/step,41287680,547.3080444335938
mg_B_seed2801,episode_lengths/step,41451520,547.9043579101562
mg_B_seed2801,episode_lengths/step,41615360,548.35791015625
mg_B_seed2801,episode_lengths/step,41779200,547.9149169921875
mg_B_seed2801,episode_lengths/step,41943040,548.180419921875
mg_B_seed2801,episode_lengths/step,42106880,548.3784790039062
mg_B_seed2801,episode_lengths/step,42270720,548.6115112304688
mg_B_seed2801,episode_lengths/step,42434560,548.6874389648438
mg_B_seed2801,episode_lengths/step,42598400,548.036865234375
mg_B_seed2801,episode_lengths/step,42762240,547.8290405273438
mg_B_seed2801,episode_lengths/step,42926080,547.9933471679688
mg_B_seed2801,episode_lengths/step,43089920,548.1312866210938
mg_B_seed2801,episode_lengths/step,43253760,548.1727294921875
mg_B_seed2801,episode_lengths/step,43417600,548.2012329101562
mg_B_seed2801,episode_lengths/step,43581440,547.3671875
mg_B_seed2801,episode_lengths/step,43745280,547.8564453125
mg_B_seed2801,episode_lengths/step,43909120,547.8869018554688
mg_B_seed2801,episode_lengths/step,44072960,548.6447143554688
mg_B_seed2801,episode_lengths/step,44236800,548.6182250976562
mg_B_seed2801,episode_lengths/step,44400640,548.6770629882812
mg_B_seed2801,episode_lengths/step,44564480,548.56640625
mg_B_seed2801,episode_lengths/step,44728320,549.0568237304688
mg_B_seed2801,episode_lengths/step,44892160,549.390625
mg_B_seed2801,episode_lengths/step,45056000,549.7240600585938
mg_B_seed2801,episode_lengths/step,45219840,549.7108154296875
mg_B_seed2801,episode_lengths/step,45383680,549.9168090820312
mg_B_seed2801,episode_lengths/step,45547520,549.8796997070312
mg_B_seed2801,episode_lengths/step,45711360,549.984375
mg_B_seed2801,episode_lengths/step,45875200,550.0995483398438
mg_B_seed2801,episode_lengths/step,46039040,550.7186279296875
mg_B_seed2801,episode_lengths/step,46202880,551.2738037109375
mg_B_seed2801,episode_lengths/step,46366720,551.505859375
mg_B_seed2801,episode_lengths/step,46530560,551.5628051757812
mg_B_seed2801,episode_lengths/step,46694400,551.611572265625
mg_B_seed2801,episode_lengths/step,46858240,551.8887329101562
mg_B_seed2801,episode_lengths/step,47022080,552.6014404296875
mg_B_seed2801,episode_lengths/step,47185920,552.982421875
mg_B_seed2801,episode_lengths/step,47349760,553.280029296875
mg_B_seed2801,episode_lengths/step,47513600,553.6270751953125
mg_B_seed2801,episode_lengths/step,47677440,553.9017333984375
mg_B_seed2801,episode_lengths/step,47841280,554.0286254882812
mg_B_seed2801,episode_lengths/step,48005120,554.0185546875
mg_B_seed2801,episode_lengths/step,48168960,554.1412963867188
mg_B_seed2801,episode_lengths/step,48332800,554.621337890625
mg_B_seed2801,episode_lengths/step,48496640,554.8283081054688
mg_B_seed2801,episode_lengths/step,48660480,555.0845947265625
mg_B_seed2801,episode_lengths/step,48824320,555.1312255859375
mg_B_seed2801,episode_lengths/step,48988160,555.397216796875
mg_B_seed2801,episode_lengths/step,49152000,555.9517211914062
mg_B_seed2801,episode_lengths/step,49315840,556.4139404296875
mg_B_seed2801,episode_lengths/step,49479680,556.38671875
mg_B_seed2801,episode_lengths/step,49643520,556.5882568359375
mg_B_seed2801,episode_lengths/step,49807360,556.7175903320312
mg_B_seed2801,episode_lengths/step,49971200,557.0346069335938
mg_B_seed2801,episode_lengths/step,50135040,557.356689453125
mg_B_seed2801,episode_lengths/step,50298880,557.7056884765625
mg_B_seed2801,episode_lengths/step,50462720,557.6526489257812
mg_B_seed2801,episode_lengths/step,50626560,558.1839599609375
mg_B_seed2801,episode_lengths/step,50790400,558.4790649414062
mg_B_seed2801,episode_lengths/step,50954240,558.31396484375
mg_B_seed2801,episode_lengths/step,51118080,558.42822265625
mg_B_seed2801,episode_lengths/step,51281920,558.3574829101562
mg_B_seed2801,episode_lengths/step,51445760,558.2125854492188
mg_B_seed2801,episode_lengths/step,51609600,558.48681640625
mg_B_seed2801,episode_lengths/step,51773440,558.5361328125
mg_B_seed2801,episode_lengths/step,51937280,558.9300537109375
mg_B_seed2801,episode_lengths/step,52101120,559.034423828125
mg_B_seed2801,episode_lengths/step,52264960,559.2462158203125
mg_B_seed2801,episode_lengths/step,52428800,559.3604125976562
mg_B_seed2801,episode_lengths/step,52592640,559.6043090820312
mg_B_seed2801,episode_lengths/step,52756480,559.7324829101562
mg_B_seed2801,episode_lengths/step,52920320,559.89794921875
mg_B_seed2801,episode_lengths/step,53084160,560.0353393554688
mg_B_seed2801,episode_lengths/step,53248000,560.0867919921875
mg_B_seed2801,episode_lengths/step,53411840,560.1519775390625
mg_B_seed2801,episode_lengths/step,53575680,560.2908935546875
mg_B_seed2801,episode_lengths/step,53739520,560.2108154296875
mg_B_seed2801,episode_lengths/step,53903360,560.3359375
mg_B_seed2801,episode_lengths/step,54067200,560.800537109375
mg_B_seed2801,episode_lengths/step,54231040,561.0882568359375
mg_B_seed2801,episode_lengths/step,54394880,561.38671875
mg_B_seed2801,episode_lengths/step,54558720,561.5113525390625
mg_B_seed2801,episode_lengths/step,54722560,562.0841064453125
mg_B_seed2801,episode_lengths/step,54886400,562.109619140625
mg_B_seed2801,episode_lengths/step,55050240,562.5595092773438
mg_B_seed2801,episode_lengths/step,55214080,562.0180053710938
mg_B_seed2801,episode_lengths/step,55377920,562.7666015625
mg_B_seed2801,episode_lengths/step,55541760,562.5414428710938
mg_B_seed2801,episode_lengths/step,55705600,562.5034790039062
mg_B_seed2801,episode_lengths/step,55869440,562.6799926757812
mg_B_seed2801,episode_lengths/step,56033280,562.9182739257812
mg_B_seed2801,episode_lengths/step,56197120,562.6251831054688
mg_B_seed2801,episode_lengths/step,56360960,563.1107177734375
mg_B_seed2801,episode_lengths/step,56524800,563.39501953125
mg_B_seed2801,episode_lengths/step,56688640,563.6563720703125
mg_B_seed2801,episode_lengths/step,56852480,563.8482666015625
mg_B_seed2801,episode_lengths/step,57016320,563.6856079101562
mg_B_seed2801,episode_lengths/step,57180160,563.4901733398438
mg_B_seed2801,episode_lengths/step,57344000,563.5826416015625
mg_B_seed2801,episode_lengths/step,57507840,563.8907470703125
mg_B_seed2801,episode_lengths/step,57671680,564.2984008789062
mg_B_seed2801,episode_lengths/step,57835520,564.3836059570312
mg_B_seed2801,episode_lengths/step,57999360,564.5817260742188
mg_B_seed2801,episode_lengths/step,58163200,564.4926147460938
mg_B_seed2801,episode_lengths/step,58327040,564.7714233398438
mg_B_seed2801,episode_lengths/step,58490880,565.2478637695312
mg_B_seed2801,episode_lengths/step,58654720,565.6613159179688
mg_B_seed2801,episode_lengths/step,58818560,565.4458618164062
mg_B_seed2801,episode_lengths/step,58982400,565.7351684570312
mg_B_seed2801,episode_lengths/step,59146240,566.2518310546875
mg_B_seed2801,episode_lengths/step,59310080,566.125244140625
mg_B_seed2801,episode_lengths/step,59473920,566.146728515625
mg_B_seed2801,episode_lengths/step,59637760,566.3712158203125
mg_B_seed2801,episode_lengths/step,59801600,566.7215576171875
mg_B_seed2801,episode_lengths/step,59965440,567.008544921875
mg_B_seed2801,episode_lengths/step,60129280,567.44775390625
mg_B_seed2801,episode_lengths/step,60293120,567.7105712890625
mg_B_seed2801,episode_lengths/step,60456960,567.8844604492188
mg_B_seed2801,episode_lengths/step,60620800,567.92333984375
mg_B_seed2801,episode_lengths/step,60784640,568.2384643554688
mg_B_seed2801,episode_lengths/step,60948480,568.3755493164062
mg_B_seed2801,episode_lengths/step,61112320,568.8373413085938
mg_B_seed2801,episode_lengths/step,61276160,569.2265014648438
mg_B_seed2801,episode_lengths/step,61440000,569.5631713867188
mg_B_seed2801,episode_lengths/step,61603840,569.3424682617188
mg_B_seed2801,episode_lengths/step,61767680,569.6550903320312
mg_B_seed2801,episode_lengths/step,61931520,569.933837890625
mg_B_seed2801,episode_lengths/step,62095360,570.1500244140625
mg_B_seed2801,episode_lengths/step,62259200,570.4056396484375
mg_B_seed2801,episode_lengths/step,62423040,570.2836303710938
mg_B_seed2801,episode_lengths/step,62586880,570.4932250976562
mg_B_seed2801,episode_lengths/step,62750720,570.5415649414062
mg_B_seed2801,episode_lengths/step,62914560,570.5922241210938
mg_B_seed2801,episode_lengths/step,63078400,570.6683959960938
mg_B_seed2801,episode_lengths/step,63242240,570.6002807617188
mg_B_seed2801,episode_lengths/step,63406080,570.541259765625
mg_B_seed2801,episode_lengths/step,63569920,570.8475341796875
mg_B_seed2801,episode_lengths/step,63733760,570.8610229492188
mg_B_seed2801,episode_lengths/step,63897600,571.2299194335938
mg_B_seed2801,episode_lengths/step,64061440,571.6170654296875
mg_B_seed2801,episode_lengths/step,64225280,571.7273559570312
mg_B_seed2801,episode_lengths/step,64389120,572.2369995117188
mg_B_seed2801,episode_lengths/step,64552960,572.72216796875
mg_B_seed2801,episode_lengths/step,64716800,572.6030883789062
mg_B_seed2801,episode_lengths/step,64880640,572.8934936523438
mg_B_seed2801,episode_lengths/step,65044480,572.8911743164062
mg_B_seed2801,episode_lengths/step,65208320,572.9334716796875
mg_B_seed2801,episode_lengths/step,65372160,572.8113403320312
mg_B_seed2801,episode_lengths/step,65536000,572.9982299804688
mg_B_seed2801,episode_lengths/step,65699840,572.728759765625
mg_B_seed2801,episode_lengths/step,65863680,572.62255859375
mg_B_seed2801,episode_lengths/step,66027520,572.512939453125
mg_B_seed2801,episode_lengths/step,66191360,572.3002319335938
mg_B_seed2801,episode_lengths/step,66355200,572.2974853515625
mg_B_seed2801,episode_lengths/step,66519040,572.6342163085938
mg_B_seed2801,episode_lengths/step,66682880,572.72021484375
mg_B_seed2801,episode_lengths/step,66846720,572.8308715820312
mg_B_seed2801,episode_lengths/step,67010560,572.8995971679688
mg_B_seed2801,episode_lengths/step,67174400,573.2056884765625
mg_B_seed2801,episode_lengths/step,67338240,573.2562255859375
mg_B_seed2801,episode_lengths/step,67502080,573.5604858398438
mg_B_seed2801,episode_lengths/step,67665920,573.9031372070312
mg_B_seed2801,episode_lengths/step,67829760,574.2078247070312
mg_B_seed2801,episode_lengths/step,67993600,574.2008666992188
mg_B_seed2801,episode_lengths/step,68157440,574.3803100585938
mg_B_seed2801,episode_lengths/step,68321280,574.7473754882812
mg_B_seed2801,episode_lengths/step,68485120,574.747314453125
mg_B_seed2801,episode_lengths/step,68648960,575.1019287109375
mg_B_seed2801,episode_lengths/step,68812800,575.1755981445312
mg_B_seed2801,episode_lengths/step,68976640,575.3519287109375
mg_B_seed2801,episode_lengths/step,69140480,575.4505615234375
mg_B_seed2801,episode_lengths/step,69304320,575.4631958007812
mg_B_seed2801,episode_lengths/step,69468160,575.4768676757812
mg_B_seed2801,episode_lengths/step,69632000,575.6491088867188
mg_B_seed2801,episode_lengths/step,69795840,575.7484741210938
mg_B_seed2801,episode_lengths/step,69959680,575.7468872070312
mg_B_seed2801,episode_lengths/step,70123520,575.8760986328125
mg_B_seed2801,episode_lengths/step,70287360,575.545654296875
mg_B_seed2801,episode_lengths/step,70451200,575.522216796875
mg_B_seed2801,episode_lengths/step,70615040,575.7803955078125
mg_B_seed2801,episode_lengths/step,70778880,576.2034912109375
mg_B_seed2801,episode_lengths/step,70942720,576.2796020507812
mg_B_seed2801,episode_lengths/step,71106560,576.3563842773438
mg_B_seed2801,episode_lengths/step,71270400,576.7830810546875
mg_B_seed2801,episode_lengths/step,71434240,576.7047119140625
mg_B_seed2801,episode_lengths/step,71598080,576.6736450195312
mg_B_seed2801,episode_lengths/step,71761920,577.0452270507812
mg_B_seed2801,episode_lengths/step,71925760,577.2408447265625
mg_B_seed2801,episode_lengths/step,72089600,577.424560546875
mg_B_seed2801,episode_lengths/step,72253440,577.5145263671875
mg_B_seed2801,episode_lengths/step,72417280,577.7499389648438
mg_B_seed2801,episode_lengths/step,72581120,577.9246215820312
mg_B_seed2801,episode_lengths/step,72744960,577.4863891601562
mg_B_seed2801,episode_lengths/step,72908800,577.3995971679688
mg_B_seed2801,episode_lengths/step,73072640,577.5806884765625
mg_B_seed2801,episode_lengths/step,73236480,577.6486206054688
mg_B_seed2801,episode_lengths/step,73400320,577.8287353515625
mg_B_seed2801,episode_lengths/step,73564160,577.9393310546875
mg_B_seed2801,episode_lengths/step,73728000,578.1112670898438
mg_B_seed2801,episode_lengths/step,73891840,577.921142578125
mg_B_seed2801,episode_lengths/step,74055680,577.7250366210938
mg_B_seed2801,episode_lengths/step,74219520,577.753173828125
mg_B_seed2801,episode_lengths/step,74383360,577.8704223632812
mg_B_seed2801,episode_lengths/step,74547200,578.2262573242188
mg_B_seed2801,episode_lengths/step,74711040,578.3670043945312
mg_B_seed2801,episode_lengths/step,74874880,578.22119140625
mg_B_seed2801,episode_lengths/step,75038720,578.4085693359375
mg_B_seed2801,episode_lengths/step,75202560,578.5593872070312
mg_B_seed2801,episode_lengths/step,75366400,578.2681884765625
mg_B_seed2801,episode_lengths/step,75530240,578.287841796875
mg_B_seed2801,episode_lengths/step,75694080,578.5425415039062
mg_B_seed2801,episode_lengths/step,75857920,578.510498046875
mg_B_seed2801,episode_lengths/step,76021760,578.367431640625
mg_B_seed2801,episode_lengths/step,76185600,578.4864501953125
mg_B_seed2801,episode_lengths/step,76349440,578.5105590820312
mg_B_seed2801,episode_lengths/step,76513280,578.5348510742188
mg_B_seed2801,episode_lengths/step,76677120,578.7819213867188
mg_B_seed2801,episode_lengths/step,76840960,578.91259765625
mg_B_seed2801,episode_lengths/step,77004800,579.0814819335938
mg_B_seed2801,episode_lengths/step,77168640,579.0029296875
mg_B_seed2801,episode_lengths/step,77332480,578.5787353515625
mg_B_seed2801,episode_lengths/step,77496320,578.5389404296875
mg_B_seed2801,episode_lengths/step,77660160,578.5751953125
mg_B_seed2801,episode_lengths/step,77824000,578.9871826171875
mg_B_seed2801,episode_lengths/step,77987840,578.942626953125
mg_B_seed2801,episode_lengths/step,78151680,578.82763671875
mg_B_seed2801,episode_lengths/step,78315520,579.0048217773438
mg_B_seed2801,episode_lengths/step,78479360,579.176513671875
mg_B_seed2801,episode_lengths/step,78643200,579.2258911132812
mg_B_seed2801,episode_lengths/step,78807040,579.1195068359375
mg_B_seed2801,episode_lengths/step,78970880,579.3359985351562
mg_B_seed2801,episode_lengths/step,79134720,579.2808837890625
mg_B_seed2801,episode_lengths/step,79298560,579.44677734375
mg_B_seed2801,episode_lengths/step,79462400,579.5526733398438
mg_B_seed2801,episode_lengths/step,79626240,579.7943115234375
mg_B_seed2801,episode_lengths/step,79790080,579.8779907226562
mg_B_seed2801,episode_lengths/step,79953920,580.2407836914062
mg_B_seed2801,episode_lengths/step,80117760,580.5012817382812
mg_B_seed2801,episode_lengths/step,80281600,580.4000244140625
mg_B_seed2801,episode_lengths/step,80445440,580.643310546875
mg_B_seed2801,episode_lengths/step,80609280,580.87109375
mg_B_seed2801,episode_lengths/step,80773120,581.029052734375
mg_B_seed2801,episode_lengths/step,80936960,581.3004760742188
mg_B_seed2801,episode_lengths/step,81100800,581.5050048828125
mg_B_seed2801,episode_lengths/step,81264640,581.7313842773438
mg_B_seed2801,episode_lengths/step,81428480,581.830810546875
mg_B_seed2801,episode_lengths/step,81592320,581.7188110351562
mg_B_seed2801,episode_lengths/step,81756160,581.4491577148438
mg_B_seed2801,episode_lengths/step,81920000,581.1871337890625
mg_B_seed2801,episode_lengths/step,82083840,581.2715454101562
mg_B_seed2801,episode_lengths/step,82247680,581.4530639648438
mg_B_seed2801,episode_lengths/step,82411520,581.6779174804688
mg_B_seed2801,episode_lengths/step,82575360,581.2280883789062
mg_B_seed2801,episode_lengths/step,82739200,581.3378295898438
mg_B_seed2801,episode_lengths/step,82903040,581.4725952148438
mg_B_seed2801,episode_lengths/step,83066880,581.82568359375
mg_B_seed2801,episode_lengths/step,83230720,581.8756103515625
mg_B_seed2801,episode_lengths/step,83394560,582.2568359375
mg_B_seed2801,episode_lengths/step,83558400,582.2985229492188
mg_B_seed2801,episode_lengths/step,83722240,582.4048461914062
mg_B_seed2801,episode_lengths/step,83886080,582.3324584960938
mg_B_seed2801,episode_lengths/step,84049920,582.2994995117188
mg_B_seed2801,episode_lengths/step,84213760,582.032470703125
mg_B_seed2801,episode_lengths/step,84377600,582.2601928710938
mg_B_seed2801,episode_lengths/step,84541440,582.3426513671875
mg_B_seed2801,episode_lengths/step,84705280,582.3598022460938
mg_B_seed2801,episode_lengths/step,84869120,582.5961303710938
mg_B_seed2801,episode_lengths/step,85032960,582.6985473632812
mg_B_seed2801,episode_lengths/step,85196800,582.8544311523438
mg_B_seed2801,episode_lengths/step,85360640,582.9822387695312
mg_B_seed2801,episode_lengths/step,85524480,582.8641357421875
mg_B_seed2801,episode_lengths/step,85688320,583.0386962890625
mg_B_seed2801,episode_lengths/step,85852160,582.5731201171875
mg_B_seed2801,episode_lengths/step,86016000,582.569091796875
mg_B_seed2801,episode_lengths/step,86179840,582.5241088867188
mg_B_seed2801,episode_lengths/step,86343680,582.5874633789062
mg_B_seed2801,episode_lengths/step,86507520,582.6530151367188
mg_B_seed2801,episode_lengths/step,86671360,582.7477416992188
mg_B_seed2801,episode_lengths/step,86835200,582.833251953125
mg_B_seed2801,episode_lengths/step,86999040,582.9930419921875
mg_B_seed2801,episode_lengths/step,87162880,582.9530639648438
mg_B_seed2801,episode_lengths/step,87326720,583.0381469726562
mg_B_seed2801,episode_lengths/step,87490560,583.2504272460938
mg_B_seed2801,episode_lengths/step,87654400,583.3305053710938
mg_B_seed2801,episode_lengths/step,87818240,582.9779052734375
mg_B_seed2801,episode_lengths/step,87982080,582.80078125
mg_B_seed2801,episode_lengths/step,88145920,582.8446044921875
mg_B_seed2801,episode_lengths/step,88309760,582.7662353515625
mg_B_seed2801,episode_lengths/step,88473600,582.5753173828125
mg_B_seed2801,episode_lengths/step,88637440,582.7994995117188
mg_B_seed2801,episode_lengths/step,88801280,582.7390747070312
mg_B_seed2801,episode_lengths/step,88965120,582.8892822265625
mg_B_seed2801,episode_lengths/step,89128960,583.036865234375
mg_B_seed2801,episode_lengths/step,89292800,583.2536010742188
mg_B_seed2801,episode_lengths/step,89456640,583.1240234375
mg_B_seed2801,episode_lengths/step,89620480,583.0471801757812
mg_B_seed2801,episode_lengths/step,89784320,583.2952270507812
mg_B_seed2801,episode_lengths/step,89948160,583.1680908203125
mg_B_seed2801,episode_lengths/step,90112000,583.1402587890625
mg_B_seed2801,episode_lengths/step,90275840,583.0025024414062
mg_B_seed2801,episode_lengths/step,90439680,583.05126953125
mg_B_seed2801,episode_lengths/step,90603520,583.1162719726562
mg_B_seed2801,episode_lengths/step,90767360,583.1343994140625
mg_B_seed2801,episode_lengths/step,90931200,583.2354125976562
mg_B_seed2801,episode_lengths/step,91095040,583.40283203125
mg_B_seed2801,episode_lengths/step,91258880,583.3917236328125
mg_B_seed2801,episode_lengths/step,91422720,583.6044311523438
mg_B_seed2801,episode_lengths/step,91586560,583.8109741210938
mg_B_seed2801,episode_lengths/step,91750400,583.9258422851562
mg_B_seed2801,episode_lengths/step,91914240,584.0214233398438
mg_B_seed2801,episode_lengths/step,92078080,583.9136352539062
mg_B_seed2801,episode_lengths/step,92241920,584.0765991210938
mg_B_seed2801,episode_lengths/step,92405760,584.1113891601562
mg_B_seed2801,episode_lengths/step,92569600,583.8569946289062
mg_B_seed2801,episode_lengths/step,92733440,584.1321411132812
mg_B_seed2801,episode_lengths/step,92897280,583.9430541992188
mg_B_seed2801,episode_lengths/step,93061120,584.04443359375
mg_B_seed2801,episode_lengths/step,93224960,584.02783203125
mg_B_seed2801,episode_lengths/step,93388800,584.1132202148438
mg_B_seed2801,episode_lengths/step,93552640,584.0599365234375
mg_B_seed2801,episode_lengths/step,93716480,583.9315185546875
mg_B_seed2801,episode_lengths/step,93880320,584.1067504882812
mg_B_seed2801,episode_lengths/step,94044160,584.16796875
mg_B_seed2801,episode_lengths/step,94208000,584.2750854492188
mg_B_seed2801,episode_lengths/step,94371840,584.455078125
mg_B_seed2801,episode_lengths/step,94535680,584.7556762695312
mg_B_seed2801,episode_lengths/step,94699520,584.8549194335938
mg_B_seed2801,episode_lengths/step,94863360,584.8682250976562
mg_B_seed2801,episode_lengths/step,95027200,585.07080078125
mg_B_seed2801,episode_lengths/step,95191040,584.8944091796875
mg_B_seed2801,episode_lengths/step,95354880,584.9732666015625
mg_B_seed2801,episode_lengths/step,95518720,584.806396484375
mg_B_seed2801,episode_lengths/step,95682560,584.8603515625
mg_B_seed2801,episode_lengths/step,95846400,584.6800537109375
mg_B_seed2801,episode_lengths/step,96010240,584.621337890625
mg_B_seed2801,episode_lengths/step,96174080,584.7134399414062
mg_B_seed2801,episode_lengths/step,96337920,584.9620361328125
mg_B_seed2801,episode_lengths/step,96501760,584.7787475585938
mg_B_seed2801,episode_lengths/step,96665600,584.7982788085938
mg_B_seed2801,episode_lengths/step,96829440,584.754150390625
mg_B_seed2801,episode_lengths/step,96993280,584.9873657226562
mg_B_seed2801,episode_lengths/step,97157120,585.0836791992188
mg_B_seed2801,episode_lengths/step,97320960,585.2898559570312
mg_B_seed2801,episode_lengths/step,97484800,585.32763671875
mg_B_seed2801,episode_lengths/step,97648640,585.4418334960938
mg_B_seed2801,episode_lengths/step,97812480,585.38525390625
mg_B_seed2801,episode_lengths/step,97976320,585.4428100585938
mg_B_seed2801,episode_lengths/step,98140160,585.4855346679688
mg_B_seed2801,episode_lengths/step,98304000,585.6481323242188
mg_B_seed2801,episode_lengths/step,98467840,585.6713256835938
mg_B_seed2801,episode_lengths/step,98631680,585.7603149414062
mg_B_seed2801,episode_lengths/step,98795520,585.815185546875
mg_B_seed2801,episode_lengths/step,98959360,585.9468383789062
mg_B_seed2801,episode_lengths/step,99123200,586.1367797851562
mg_B_seed2801,episode_lengths/step,99287040,586.2025146484375
mg_B_seed2801,episode_lengths/step,99450880,586.3038940429688
mg_B_seed2801,episode_lengths/step,99614720,586.30859375
mg_B_seed2801,episode_lengths/step,99778560,586.4385986328125
mg_B_seed2801,episode_lengths/step,99942400,586.507080078125
mg_B_seed2801,episode_lengths/step,100106240,586.296142578125
mg_B_seed2801,episode_lengths/step,100270080,586.2504272460938
mg_B_seed2801,episode_lengths/step,100433920,586.1500244140625
mg_B_seed2801,episode_lengths/step,100597760,586.279541015625
mg_B_seed2801,episode_lengths/step,100761600,586.4224853515625
mg_B_seed2801,episode_lengths/step,100925440,586.4579467773438
mg_B_seed2801,episode_lengths/step,101089280,586.398193359375
mg_B_seed2801,episode_lengths/step,101253120,586.3052978515625
mg_B_seed2801,episode_lengths/step,101416960,586.1840209960938
mg_B_seed2801,episode_lengths/step,101580800,586.1258544921875
mg_B_seed2801,episode_lengths/step,101744640,586.0764770507812
mg_B_seed2801,episode_lengths/step,101908480,586.3338012695312
mg_B_seed2801,episode_lengths/step,102072320,586.1793823242188
mg_B_seed2801,episode_lengths/step,102236160,586.326171875
mg_B_seed2801,episode_lengths/step,102400000,586.2392578125
mg_B_seed2801,episode_lengths/step,102563840,586.085205078125
mg_B_seed2801,episode_lengths/step,102727680,586.0255126953125
mg_B_seed2801,episode_lengths/step,102891520,585.9866943359375
mg_B_seed2801,episode_lengths/step,103055360,586.1475830078125
mg_B_seed2801,episode_lengths/step,103219200,586.2706298828125
mg_B_seed2801,episode_lengths/step,103383040,586.3033447265625
mg_B_seed2801,episode_lengths/step,103546880,586.3092651367188
mg_B_seed2801,episode_lengths/step,103710720,586.4016723632812
mg_B_seed2801,episode_lengths/step,103874560,586.6121826171875
mg_B_seed2801,episode_lengths/step,104038400,586.7911376953125
mg_B_seed2801,episode_lengths/step,104202240,586.8490600585938
mg_B_seed2801,episode_lengths/step,104366080,587.0191040039062
mg_B_seed2801,episode_lengths/step,104529920,587.2485961914062
mg_B_seed2801,episode_lengths/step,104693760,587.4302368164062
mg_B_seed2801,episode_lengths/step,104857600,587.6495971679688
mg_B_seed2801,episode_lengths/step,105021440,587.7161865234375
mg_B_seed2801,episode_lengths/step,105185280,587.4783935546875
mg_B_seed2801,episode_lengths/step,105349120,587.6111450195312
mg_B_seed2801,episode_lengths/step,105512960,587.4906616210938
mg_B_seed2801,episode_lengths/step,105676800,587.6058959960938
mg_B_seed2801,episode_lengths/step,105840640,587.6957397460938
mg_B_seed2801,episode_lengths/step,106004480,587.7183227539062
mg_B_seed2801,episode_lengths/step,106168320,587.780517578125
mg_B_seed2801,episode_lengths/step,106332160,587.7305908203125
mg_B_seed2801,episode_lengths/step,106496000,587.7566528320312
mg_B_seed2801,episode_lengths/step,106659840,587.7658081054688
mg_B_seed2801,episode_lengths/step,106823680,587.9584350585938
mg_B_seed2801,episode_lengths/step,106987520,587.8331298828125
mg_B_seed2801,episode_lengths/step,107151360,587.7686767578125
mg_B_seed2801,episode_lengths/step,107315200,587.8887939453125
mg_B_seed2801,episode_lengths/step,107479040,587.9013061523438
mg_B_seed2801,episode_lengths/step,107642880,587.939208984375
mg_B_seed2801,episode_lengths/step,107806720,587.7716064453125
mg_B_seed2801,episode_lengths/step,107970560,587.7836303710938
mg_B_seed2801,episode_lengths/step,108134400,587.5513916015625
mg_B_seed2801,episode_lengths/step,108298240,587.696533203125
mg_B_seed2801,episode_lengths/step,108462080,587.8181762695312
mg_B_seed2801,episode_lengths/step,108625920,587.8953857421875
mg_B_seed2801,episode_lengths/step,108789760,588.0276489257812
mg_B_seed2801,episode_lengths/step,108953600,588.0681762695312
mg_B_seed2801,episode_lengths/step,109117440,588.1343383789062
mg_B_seed2801,episode_lengths/step,109281280,587.910400390625
mg_B_seed2801,episode_lengths/step,109445120,588.0362548828125
mg_B_seed2801,episode_lengths/step,109608960,587.91552734375
mg_B_seed2801,episode_lengths/step,109772800,587.8440551757812
mg_B_seed2801,episode_lengths/step,109936640,587.4293823242188
mg_B_seed2801,episode_lengths/step,110100480,587.549072265625
mg_B_seed2801,episode_lengths/step,110264320,587.3911743164062
mg_B_seed2801,episode_lengths/step,110428160,587.4833374023438
mg_B_seed2801,episode_lengths/step,110592000,587.1365966796875
mg_B_seed2801,episode_lengths/step,110755840,587.0972290039062
mg_B_seed2801,episode_lengths/step,110919680,587.2020874023438
mg_B_seed2801,episode_lengths/step,111083520,587.2567138671875
mg_B_seed2801,episode_lengths/step,111247360,587.3837280273438
mg_B_seed2801,episode_lengths/step,111411200,587.4899291992188
mg_B_seed2801,episode_lengths/step,111575040,587.514892578125
mg_B_seed2801,episode_lengths/step,111738880,587.4326171875
mg_B_seed2801,episode_lengths/step,111902720,587.4481811523438
mg_B_seed2801,episode_lengths/step,112066560,587.4151000976562
mg_B_seed2801,episode_lengths/step,112230400,587.42822265625
mg_B_seed2801,episode_lengths/step,112394240,587.5001831054688
mg_B_seed2801,episode_lengths/step,112558080,587.53271484375
mg_B_seed2801,episode_lengths/step,112721920,587.6422729492188
mg_B_seed2801,episode_lengths/step,112885760,587.7945556640625
mg_B_seed2801,episode_lengths/step,113049600,587.9210205078125
mg_B_seed2801,episode_lengths/step,113213440,588.1007080078125
mg_B_seed2801,episode_lengths/step,113377280,587.8877563476562
mg_B_seed2801,episode_lengths/step,113541120,588.01904296875
mg_B_seed2801,episode_lengths/step,113704960,588.1356811523438
mg_B_seed2801,episode_lengths/step,113868800,588.2528076171875
mg_B_seed2801,episode_lengths/step,114032640,588.4696044921875
mg_B_seed2801,episode_lengths/step,114196480,588.5731811523438
mg_B_seed2801,episode_lengths/step,114360320,588.6233520507812
mg_B_seed2801,episode_lengths/step,114524160,588.8088989257812
mg_B_seed2801,episode_lengths/step,114688000,588.810791015625
mg_B_seed2801,episode_lengths/step,114851840,588.9078369140625
mg_B_seed2801,episode_lengths/step,115015680,588.8554077148438
mg_B_seed2801,episode_lengths/step,115179520,588.9892578125
mg_B_seed2801,episode_lengths/step,115343360,589.0040893554688
mg_B_seed2801,episode_lengths/step,115507200,588.955078125
mg_B_seed2801,episode_lengths/step,115671040,589.1436767578125
mg_B_seed2801,episode_lengths/step,115834880,589.2708740234375
mg_B_seed2801,episode_lengths/step,115998720,589.38916015625
mg_B_seed2801,episode_lengths/step,116162560,589.4248657226562
mg_B_seed2801,episode_lengths/step,116326400,589.4492797851562
mg_B_seed2801,episode_lengths/step,116490240,589.445556640625
mg_B_seed2801,episode_lengths/step,116654080,589.39111328125
mg_B_seed2801,episode_lengths/step,116817920,589.49658203125
mg_B_seed2801,episode_lengths/step,116981760,589.3809204101562
mg_B_seed2801,episode_lengths/step,117145600,589.3695678710938
mg_B_seed2801,episode_lengths/step,117309440,589.2379760742188
mg_B_seed2801,episode_lengths/step,117473280,589.2496337890625
mg_B_seed2801,episode_lengths/step,117637120,589.3984985351562
mg_B_seed2801,episode_lengths/step,117800960,589.5016479492188
mg_B_seed2801,episode_lengths/step,117964800,589.473388671875
mg_B_seed2801,episode_lengths/step,118128640,589.2705078125
mg_B_seed2801,episode_lengths/step,118292480,589.091064453125
mg_B_seed2801,episode_lengths/step,118456320,589.2254638671875
mg_B_seed2801,episode_lengths/step,118620160,589.0948486328125
mg_B_seed2801,episode_lengths/step,118784000,588.9218139648438
mg_B_seed2801,episode_lengths/step,118947840,588.804443359375
mg_B_seed2801,episode_lengths/step,119111680,588.5916748046875
mg_B_seed2801,episode_lengths/step,119275520,588.5452270507812
mg_B_seed2801,episode_lengths/step,119439360,588.62255859375
mg_B_seed2801,episode_lengths/step,119603200,588.70947265625
mg_B_seed2801,episode_lengths/step,119767040,588.9327392578125
mg_B_seed2801,episode_lengths/step,119930880,589.14453125
mg_B_seed2801,episode_lengths/step,120094720,589.1639404296875
mg_B_seed2801,episode_lengths/step,120258560,589.0888061523438
mg_B_seed2801,episode_lengths/step,120422400,589.113525390625
mg_B_seed2801,episode_lengths/step,120586240,589.0359497070312
mg_B_seed2801,episode_lengths/step,120750080,589.2128295898438
mg_B_seed2801,episode_lengths/step,120913920,588.9696655273438
mg_B_seed2801,episode_lengths/step,121077760,588.935546875
mg_B_seed2801,episode_lengths/step,121241600,589.0401000976562
mg_B_seed2801,episode_lengths/step,121405440,589.1062622070312
mg_B_seed2801,episode_lengths/step,121569280,588.9310302734375
mg_B_seed2801,episode_lengths/step,121733120,588.8990478515625
mg_B_seed2801,episode_lengths/step,121896960,588.9915161132812
mg_B_seed2801,episode_lengths/step,122060800,588.7952270507812
mg_B_seed2801,episode_lengths/step,122224640,589.006103515625
mg_B_seed2801,episode_lengths/step,122388480,589.1847534179688
mg_B_seed2801,episode_lengths/step,122552320,589.0222778320312
mg_B_seed2801,episode_lengths/step,122716160,589.00244140625
mg_B_seed2801,episode_lengths/step,122880000,589.1777954101562
mg_B_seed2801,episode_lengths/step,123043840,589.2378540039062
mg_B_seed2801,episode_lengths/step,123207680,589.0336303710938
mg_B_seed2801,episode_lengths/step,123371520,589.1190185546875
mg_B_seed2801,episode_lengths/step,123535360,589.158203125
mg_B_seed2801,episode_lengths/step,123699200,589.0846557617188
mg_B_seed2801,episode_lengths/step,123863040,588.9884643554688
mg_B_seed2801,episode_lengths/step,124026880,588.8959350585938
mg_B_seed2801,episode_lengths/step,124190720,588.7600708007812
mg_B_seed2801,episode_lengths/step,124354560,588.67138671875
mg_B_seed2801,episode_lengths/step,124518400,588.6207885742188
mg_B_seed2801,episode_lengths/step,124682240,588.6190185546875
mg_B_seed2801,episode_lengths/step,124846080,588.7636108398438
mg_B_seed2801,episode_lengths/step,125009920,588.9310913085938
mg_B_seed2801,episode_lengths/step,125173760,589.0746459960938
mg_B_seed2801,episode_lengths/step,125337600,589.0717163085938
mg_B_seed2801,episode_lengths/step,125501440,589.2050170898438
mg_B_seed2801,episode_lengths/step,125665280,589.1392211914062
mg_B_seed2801,episode_lengths/step,125829120,588.8558959960938
mg_B_seed2801,episode_lengths/step,125992960,588.9859619140625
mg_B_seed2801,episode_lengths/step,126156800,589.152099609375
mg_B_seed2801,episode_lengths/step,126320640,589.3779296875
mg_B_seed2801,episode_lengths/step,126484480,589.4046630859375
mg_B_seed2801,episode_lengths/step,126648320,589.3973388671875
mg_B_seed2801,episode_lengths/step,126812160,589.3939208984375
mg_B_seed2801,episode_lengths/step,126976000,589.60888671875
mg_B_seed2801,episode_lengths/step,127139840,589.6365966796875
mg_B_seed2801,episode_lengths/step,127303680,589.451416015625
mg_B_seed2801,episode_lengths/step,127467520,589.5748901367188
mg_B_seed2801,episode_lengths/step,127631360,589.5897827148438
mg_B_seed2801,episode_lengths/step,127795200,589.591552734375
mg_B_seed2801,episode_lengths/step,127959040,589.6200561523438
mg_B_seed2801,episode_lengths/step,128122880,589.7710571289062
mg_B_seed2801,episode_lengths/step,128286720,589.6127319335938
mg_B_seed2801,episode_lengths/step,128450560,589.626953125
mg_B_seed2801,episode_lengths/step,128614400,589.675048828125
mg_B_seed2801,episode_lengths/step,128778240,589.7899780273438
mg_B_seed2801,episode_lengths/step,128942080,589.8057250976562
mg_B_seed2801,episode_lengths/step,129105920,589.565673828125
mg_B_seed2801,episode_lengths/step,129269760,589.6302490234375
mg_B_seed2801,episode_lengths/step,129433600,589.763671875
mg_B_seed2801,episode_lengths/step,129597440,589.8638916015625
mg_B_seed2801,episode_lengths/step,129761280,589.9947509765625
mg_B_seed2801,episode_lengths/step,129925120,590.0618896484375
mg_B_seed2801,episode_lengths/step,130088960,589.888671875
mg_B_seed2801,episode_lengths/step,130252800,589.7343139648438
mg_B_seed2801,episode_lengths/step,130416640,589.5115966796875
mg_B_seed2801,episode_lengths/step,130580480,589.5057983398438
mg_B_seed2801,episode_lengths/step,130744320,589.52294921875
mg_B_seed2801,episode_lengths/step,130908160,589.6976318359375
mg_B_seed2801,episode_lengths/step,131072000,589.8435668945312
mg_B_seed2801,episode_lengths/step,131235840,589.946533203125
mg_B_seed2801,episode_lengths/step,131399680,590.00390625
mg_B_seed2801,episode_lengths/step,131563520,589.9603881835938
mg_B_seed2801,episode_lengths/step,131727360,590.0252685546875
mg_B_seed2801,episode_lengths/step,131891200,590.1189575195312
mg_B_seed2801,episode_lengths/step,132055040,590.1539306640625
mg_B_seed2801,episode_lengths/step,132218880,590.3231201171875
mg_B_seed2801,episode_lengths/step,132382720,590.0910034179688
mg_B_seed2801,episode_lengths/step,132546560,590.277587890625
mg_B_seed2801,episode_lengths/step,132710400,590.2217407226562
mg_B_seed2801,episode_lengths/step,132874240,590.1531982421875
mg_B_seed2801,episode_lengths/step,133038080,590.1251220703125
mg_B_seed2801,episode_lengths/step,133201920,590.2777709960938
mg_B_seed2801,episode_lengths/step,133365760,590.1281127929688
mg_B_seed2801,episode_lengths/step,133529600,590.2366333007812
mg_B_seed2801,episode_lengths/step,133693440,590.2365112304688
mg_B_seed2801,episode_lengths/step,133857280,590.4295654296875
mg_B_seed2801,episode_lengths/step,134021120,590.4583129882812
mg_B_seed2801,episode_lengths/step,134184960,590.4773559570312
mg_B_seed2801,episode_lengths/step,134348800,590.4557495117188
mg_B_seed2801,episode_lengths/step,134512640,590.5692138671875
mg_B_seed2801,episode_lengths/step,134676480,590.3325805664062
mg_B_seed2801,episode_lengths/step,134840320,590.1838989257812
mg_B_seed2801,episode_lengths/step,135004160,590.202880859375
mg_B_seed2801,episode_lengths/step,135168000,590.3839721679688
mg_B_seed2801,episode_lengths/step,135331840,590.2218627929688
mg_B_seed2801,episode_lengths/step,135495680,590.3551635742188
mg_B_seed2801,episode_lengths/step,135659520,590.2306518554688
mg_B_seed2801,episode_lengths/step,135823360,590.2058715820312
mg_B_seed2801,episode_lengths/step,135987200,590.1883544921875
mg_B_seed2801,episode_lengths/step,136151040,590.1510620117188
mg_B_seed2801,episode_lengths/step,136314880,590.2115478515625
mg_B_seed2801,episode_lengths/step,136478720,590.3113403320312
mg_B_seed2801,episode_lengths/step,136642560,590.3648681640625
mg_B_seed2801,episode_lengths/step,136806400,590.5272216796875
mg_B_seed2801,episode_lengths/step,136970240,590.623046875
mg_B_seed2801,episode_lengths/step,137134080,590.6455688476562
mg_B_seed2801,episode_lengths/step,137297920,590.4951171875
mg_B_seed2801,episode_lengths/step,137461760,590.5596313476562
mg_B_seed2801,episode_lengths/step,137625600,590.5350952148438
mg_B_seed2801,episode_lengths/step,137789440,590.5075073242188
mg_B_seed2801,episode_lengths/step,137953280,590.5340576171875
mg_B_seed2801,episode_lengths/step,138117120,590.6357421875
mg_B_seed2801,episode_lengths/step,138280960,590.7328491210938
mg_B_seed2801,episode_lengths/step,138444800,590.8444213867188
mg_B_seed2801,episode_lengths/step,138608640,590.96142578125
mg_B_seed2801,episode_lengths/step,138772480,590.9097290039062
mg_B_seed2801,episode_lengths/step,138936320,590.9907836914062
mg_B_seed2801,episode_lengths/step,139100160,591.172607421875
mg_B_seed2801,episode_lengths/step,139264000,591.0384521484375
mg_B_seed2801,episode_lengths/step,139427840,591.0985107421875
mg_B_seed2801,episode_lengths/step,139591680,590.8860473632812
mg_B_seed2801,episode_lengths/step,139755520,590.8812255859375
mg_B_seed2801,episode_lengths/step,139919360,590.9334716796875
mg_B_seed2801,episode_lengths/step,140083200,591.0508422851562
mg_B_seed2801,episode_lengths/step,140247040,591.1793212890625
mg_B_seed2801,episode_lengths/step,140410880,591.1900024414062
mg_B_seed2801,episode_lengths/step,140574720,591.1639404296875
mg_B_seed2801,episode_lengths/step,140738560,591.3218994140625
mg_B_seed2801,episode_lengths/step,140902400,591.3942260742188
mg_B_seed2801,episode_lengths/step,141066240,591.3198852539062
mg_B_seed2801,episode_lengths/step,141230080,591.1809692382812
mg_B_seed2801,episode_lengths/step,141393920,591.1119384765625
mg_B_seed2801,episode_lengths/step,141557760,591.0888061523438
mg_B_seed2801,episode_lengths/step,141721600,591.138671875
mg_B_seed2801,episode_lengths/step,141885440,591.099609375
mg_B_seed2801,episode_lengths/step,142049280,590.823974609375
mg_B_seed2801,episode_lengths/step,142213120,590.9195556640625
mg_B_seed2801,episode_lengths/step,142376960,590.8958129882812
mg_B_seed2801,episode_lengths/step,142540800,590.5088500976562
mg_B_seed2801,episode_lengths/step,142704640,590.6968383789062
mg_B_seed2801,episode_lengths/step,142868480,590.7166748046875
mg_B_seed2801,episode_lengths/step,143032320,590.6669921875
mg_B_seed2801,episode_lengths/step,143196160,590.4844970703125
mg_B_seed2801,episode_lengths/step,143360000,590.3798217773438
mg_B_seed2801,episode_lengths/step,143523840,590.26513671875
mg_B_seed2801,episode_lengths/step,143687680,590.4500732421875
mg_B_seed2801,episode_lengths/step,143851520,590.5679321289062
mg_B_seed2801,episode_lengths/step,144015360,590.5865478515625
mg_B_seed2801,episode_lengths/step,144179200,590.6353149414062
mg_B_seed2801,episode_lengths/step,144343040,590.7262573242188
mg_B_seed2801,episode_lengths/step,144506880,590.8406372070312
mg_B_seed2801,episode_lengths/step,144670720,590.8400268554688
mg_B_seed2801,episode_lengths/step,144834560,590.808837890625
mg_B_seed2801,episode_lengths/step,144998400,590.8363647460938
mg_B_seed2801,episode_lengths/step,145162240,591.0087280273438
mg_B_seed2801,episode_lengths/step,145326080,591.1463623046875
mg_B_seed2801,episode_lengths/step,145489920,591.1505126953125
mg_B_seed2801,episode_lengths/step,145653760,590.9884033203125
mg_B_seed2801,episode_lengths/step,145817600,591.0416259765625
mg_B_seed2801,episode_lengths/step,145981440,591.11865234375
mg_B_seed2801,episode_lengths/step,146145280,591.0465087890625
mg_B_seed2801,episode_lengths/step,146309120,591.0306396484375
mg_B_seed2801,episode_lengths/step,146472960,591.017333984375
mg_B_seed2801,episode_lengths/step,146636800,590.897705078125
mg_B_seed2801,episode_lengths/step,146800640,590.9638061523438
mg_B_seed2801,episode_lengths/step,146964480,590.9484252929688
mg_B_seed2801,episode_lengths/step,147128320,591.1099243164062
mg_B_seed2801,episode_lengths/step,147292160,590.9368896484375
mg_B_seed2801,episode_lengths/step,147456000,590.8059692382812
mg_B_seed2801,episode_lengths/step,147619840,590.8150634765625
mg_B_seed2801,episode_lengths/step,147783680,590.7115478515625
mg_B_seed2801,episode_lengths/step,147947520,590.83203125
mg_B_seed2801,episode_lengths/step,148111360,590.9009399414062
mg_B_seed2801,episode_lengths/step,148275200,591.0366821289062
mg_B_seed2801,episode_lengths/step,148439040,590.836181640625
mg_B_seed2801,episode_lengths/step,148602880,590.8003540039062
mg_B_seed2801,episode_lengths/step,148766720,590.6173095703125
mg_B_seed2801,episode_lengths/step,148930560,590.586181640625
mg_B_seed2801,episode_lengths/step,149094400,590.6153564453125
mg_B_seed2801,episode_lengths/step,149258240,590.70556640625
mg_B_seed2801,episode_lengths/step,149422080,590.6542358398438
mg_B_seed2801,episode_lengths/step,149585920,590.1931762695312
mg_B_seed2801,episode_lengths/step,149749760,590.2340087890625
mg_B_seed2801,episode_lengths/step,149913600,590.3038330078125
mg_B_seed2801,episode_lengths/step,150077440,590.4170532226562
mg_B_seed2801,episode_lengths/step,150241280,590.3054809570312
mg_B_seed2801,episode_lengths/step,150405120,589.9675903320312
mg_B_seed2801,episode_lengths/step,150568960,589.955078125
mg_B_seed2801,episode_lengths/step,150732800,589.7182006835938
mg_B_seed2801,episode_lengths/step,150896640,589.5186767578125
mg_B_seed2801,episode_lengths/step,151060480,589.5775756835938
mg_B_seed2801,episode_lengths/step,151224320,589.5541381835938
mg_B_seed2801,episode_lengths/step,151388160,589.540771484375
mg_B_seed2801,episode_lengths/step,151552000,589.6231689453125
mg_B_seed2801,episode_lengths/step,151715840,589.74072265625
mg_B_seed2801,episode_lengths/step,151879680,589.6735229492188
mg_B_seed2801,episode_lengths/step,152043520,589.6271362304688
mg_B_seed2801,episode_lengths/step,152207360,589.7610473632812
mg_B_seed2801,episode_lengths/step,152371200,589.9000244140625
mg_B_seed2801,episode_lengths/step,152535040,589.9207153320312
mg_B_seed2801,episode_lengths/step,152698880,590.0900268554688
mg_B_seed2801,episode_lengths/step,152862720,590.138671875
mg_B_seed2801,episode_lengths/step,153026560,590.2652587890625
mg_B_seed2801,episode_lengths/step,153190400,590.4420166015625
mg_B_seed2801,episode_lengths/step,153354240,590.3475952148438
mg_B_seed2801,episode_lengths/step,153518080,590.4910278320312
mg_B_seed2801,episode_lengths/step,153681920,590.3482666015625
mg_B_seed2801,episode_lengths/step,153845760,590.4520874023438
mg_B_seed2801,episode_lengths/step,154009600,590.2959594726562
mg_B_seed2801,episode_lengths/step,154173440,590.4342651367188
mg_B_seed2801,episode_lengths/step,154337280,590.36376953125
mg_B_seed2801,episode_lengths/step,154501120,590.504638671875
mg_B_seed2801,episode_lengths/step,154664960,590.2735595703125
mg_B_seed2801,episode_lengths/step,154828800,590.3197631835938
mg_B_seed2801,episode_lengths/step,154992640,590.3433227539062
mg_B_seed2801,episode_lengths/step,155156480,590.4201049804688
mg_B_seed2801,episode_lengths/step,155320320,590.4918212890625
mg_B_seed2801,episode_lengths/step,155484160,590.6177978515625
mg_B_seed2801,episode_lengths/step,155648000,590.666259765625
mg_B_seed2801,episode_lengths/step,155811840,590.8448486328125
mg_B_seed2801,episode_lengths/step,155975680,590.96630859375
mg_B_seed2801,episode_lengths/step,156139520,590.9188232421875
mg_B_seed2801,episode_lengths/step,156303360,591.0357055664062
mg_B_seed2801,episode_lengths/step,156467200,590.9348754882812
mg_B_seed2801,episode_lengths/step,156631040,590.9359741210938
mg_B_seed2801,episode_lengths/step,156794880,590.5592651367188
mg_B_seed2801,episode_lengths/step,156958720,590.5336303710938
mg_B_seed2801,episode_lengths/step,157122560,590.55517578125
mg_B_seed2801,episode_lengths/step,157286400,590.6936645507812
mg_B_seed2801,episode_lengths/step,157450240,590.7756958007812
mg_B_seed2801,episode_lengths/step,157614080,590.9171752929688
mg_B_seed2801,episode_lengths/step,157777920,590.9790649414062
mg_B_seed2801,episode_lengths/step,157941760,591.0820922851562
mg_B_seed2801,episode_lengths/step,158105600,591.1018676757812
mg_B_seed2801,episode_lengths/step,158269440,591.1814575195312
mg_B_seed2801,episode_lengths/step,158433280,591.2608032226562
mg_B_seed2801,episode_lengths/step,158597120,591.2570190429688
mg_B_seed2801,episode_lengths/step,158760960,591.1057739257812
mg_B_seed2801,episode_lengths/step,158924800,591.1951293945312
mg_B_seed2801,episode_lengths/step,159088640,591.2557983398438
mg_B_seed2801,episode_lengths/step,159252480,591.3651733398438
mg_B_seed2801,episode_lengths/step,159416320,591.4531860351562
mg_B_seed2801,episode_lengths/step,159580160,591.5384521484375
mg_B_seed2801,episode_lengths/step,159744000,591.5317993164062
mg_B_seed2801,episode_lengths/step,159907840,591.5877685546875
mg_B_seed2801,episode_lengths/step,160071680,591.6732177734375
mg_B_seed2801,episode_lengths/step,160235520,591.6183471679688
mg_B_seed2801,episode_lengths/step,160399360,591.5975341796875
mg_B_seed2801,episode_lengths/step,160563200,591.2807006835938
mg_B_seed2801,episode_lengths/step,160727040,591.461669921875
mg_B_seed2801,episode_lengths/step,160890880,591.3941650390625
mg_B_seed2801,episode_lengths/step,161054720,591.1635131835938
mg_B_seed2801,episode_lengths/step,161218560,590.9681396484375
mg_B_seed2801,episode_lengths/step,161382400,591.0579223632812
mg_B_seed2801,episode_lengths/step,161546240,591.1515502929688
mg_B_seed2801,episode_lengths/step,161710080,591.2559814453125
mg_B_seed2801,episode_lengths/step,161873920,591.3946533203125
mg_B_seed2801,episode_lengths/step,162037760,591.2954711914062
mg_B_seed2801,episode_lengths/step,162201600,591.2245483398438
mg_B_seed2801,episode_lengths/step,162365440,591.1375732421875
mg_B_seed2801,episode_lengths/step,162529280,591.2732543945312
mg_B_seed2801,episode_lengths/step,162693120,591.4403076171875
mg_B_seed2801,episode_lengths/step,162856960,591.38427734375
mg_B_seed2801,episode_lengths/step,163020800,591.5064086914062
mg_B_seed2801,episode_lengths/step,163184640,591.549560546875
mg_B_seed2801,episode_lengths/step,163348480,591.6173095703125
mg_B_seed2801,episode_lengths/step,163512320,591.4049682617188
mg_B_seed2801,episode_lengths/step,163676160,591.2996826171875
mg_B_seed2801,episode_lengths/step,163840000,591.4013671875
mg_B_seed2801,reset_noise/scale/frame,163840,1.0
mg_B_seed2801,reset_noise/scale/frame,327680,1.0
mg_B_seed2801,reset_noise/scale/frame,491520,1.0
mg_B_seed2801,reset_noise/scale/frame,655360,1.0
mg_B_seed2801,reset_noise/scale/frame,819200,1.0
mg_B_seed2801,reset_noise/scale/frame,983040,1.0
mg_B_seed2801,reset_noise/scale/frame,1146880,1.0
mg_B_seed2801,reset_noise/scale/frame,1310720,1.0
mg_B_seed2801,reset_noise/scale/frame,1474560,1.0
mg_B_seed2801,reset_noise/scale/frame,1638400,1.0
mg_B_seed2801,reset_noise/scale/frame,1802240,1.0
mg_B_seed2801,reset_noise/scale/frame,1966080,1.0
mg_B_seed2801,reset_noise/scale/frame,2129920,1.0
mg_B_seed2801,reset_noise/scale/frame,2293760,1.0
mg_B_seed2801,reset_noise/scale/frame,2457600,1.0
mg_B_seed2801,reset_noise/scale/frame,2621440,1.0
mg_B_seed2801,reset_noise/scale/frame,2785280,1.0
mg_B_seed2801,reset_noise/scale/frame,2949120,1.0
mg_B_seed2801,reset_noise/scale/frame,3112960,1.0
mg_B_seed2801,reset_noise/scale/frame,3276800,1.0
mg_B_seed2801,reset_noise/scale/frame,3440640,1.0
mg_B_seed2801,reset_noise/scale/frame,3604480,1.0
mg_B_seed2801,reset_noise/scale/frame,3768320,1.0
mg_B_seed2801,reset_noise/scale/frame,3932160,1.0
mg_B_seed2801,reset_noise/scale/frame,4096000,1.0
mg_B_seed2801,reset_noise/scale/frame,4259840,1.0
mg_B_seed2801,reset_noise/scale/frame,4423680,1.0
mg_B_seed2801,reset_noise/scale/frame,4587520,1.0
mg_B_seed2801,reset_noise/scale/frame,4751360,1.0
mg_B_seed2801,reset_noise/scale/frame,4915200,1.0
mg_B_seed2801,reset_noise/scale/frame,5079040,1.0
mg_B_seed2801,reset_noise/scale/frame,5242880,1.0
mg_B_seed2801,reset_noise/scale/frame,5406720,1.0
mg_B_seed2801,reset_noise/scale/frame,5570560,1.0
mg_B_seed2801,reset_noise/scale/frame,5734400,1.0
mg_B_seed2801,reset_noise/scale/frame,5898240,1.0
mg_B_seed2801,reset_noise/scale/frame,6062080,1.0
mg_B_seed2801,reset_noise/scale/frame,6225920,1.0
mg_B_seed2801,reset_noise/scale/frame,6389760,1.0
mg_B_seed2801,reset_noise/scale/frame,6553600,1.0
mg_B_seed2801,reset_noise/scale/frame,6717440,1.0
mg_B_seed2801,reset_noise/scale/frame,6881280,1.0
mg_B_seed2801,reset_noise/scale/frame,7045120,1.0
mg_B_seed2801,reset_noise/scale/frame,7208960,1.0
mg_B_seed2801,reset_noise/scale/frame,7372800,1.0
mg_B_seed2801,reset_noise/scale/frame,7536640,1.0
mg_B_seed2801,reset_noise/scale/frame,7700480,1.0
mg_B_seed2801,reset_noise/scale/frame,7864320,1.0
mg_B_seed2801,reset_noise/scale/frame,8028160,1.0
mg_B_seed2801,reset_noise/scale/frame,8192000,1.0
mg_B_seed2801,reset_noise/scale/frame,8355840,1.0
mg_B_seed2801,reset_noise/scale/frame,8519680,1.0
mg_B_seed2801,reset_noise/scale/frame,8683520,1.0
mg_B_seed2801,reset_noise/scale/frame,8847360,1.0
mg_B_seed2801,reset_noise/scale/frame,9011200,1.0
mg_B_seed2801,reset_noise/scale/frame,9175040,1.0
mg_B_seed2801,reset_noise/scale/frame,9338880,1.0
mg_B_seed2801,reset_noise/scale/frame,9502720,1.0
mg_B_seed2801,reset_noise/scale/frame,9666560,1.0
mg_B_seed2801,reset_noise/scale/frame,9830400,1.0
mg_B_seed2801,reset_noise/scale/frame,9994240,1.0
mg_B_seed2801,reset_noise/scale/frame,10158080,1.0
mg_B_seed2801,reset_noise/scale/frame,10321920,1.0
mg_B_seed2801,reset_noise/scale/frame,10485760,1.0
mg_B_seed2801,reset_noise/scale/frame,10649600,1.0
mg_B_seed2801,reset_noise/scale/frame,10813440,1.0
mg_B_seed2801,reset_noise/scale/frame,10977280,1.0
mg_B_seed2801,reset_noise/scale/frame,11141120,1.0
mg_B_seed2801,reset_noise/scale/frame,11304960,1.0
mg_B_seed2801,reset_noise/scale/frame,11468800,1.0
mg_B_seed2801,reset_noise/scale/frame,11632640,1.0
mg_B_seed2801,reset_noise/scale/frame,11796480,1.0
mg_B_seed2801,reset_noise/scale/frame,11960320,1.0
mg_B_seed2801,reset_noise/scale/frame,12124160,1.0
mg_B_seed2801,reset_noise/scale/frame,12288000,1.0
mg_B_seed2801,reset_noise/scale/frame,12451840,1.0
mg_B_seed2801,reset_noise/scale/frame,12615680,1.0
mg_B_seed2801,reset_noise/scale/frame,12779520,1.0
mg_B_seed2801,reset_noise/scale/frame,12943360,1.0
mg_B_seed2801,reset_noise/scale/frame,13107200,1.0
mg_B_seed2801,reset_noise/scale/frame,13271040,1.0
mg_B_seed2801,reset_noise/scale/frame,13434880,1.0
mg_B_seed2801,reset_noise/scale/frame,13598720,1.0
mg_B_seed2801,reset_noise/scale/frame,13762560,1.0
mg_B_seed2801,reset_noise/scale/frame,13926400,1.0
mg_B_seed2801,reset_noise/scale/frame,14090240,1.0
mg_B_seed2801,reset_noise/scale/frame,14254080,1.0
mg_B_seed2801,reset_noise/scale/frame,14417920,1.0
mg_B_seed2801,reset_noise/scale/frame,14581760,1.0
mg_B_seed2801,reset_noise/scale/frame,14745600,1.0
mg_B_seed2801,reset_noise/scale/frame,14909440,1.0
mg_B_seed2801,reset_noise/scale/frame,15073280,1.0
mg_B_seed2801,reset_noise/scale/frame,15237120,1.0
mg_B_seed2801,reset_noise/scale/frame,15400960,1.0
mg_B_seed2801,reset_noise/scale/frame,15564800,1.0
mg_B_seed2801,reset_noise/scale/frame,15728640,1.0
mg_B_seed2801,reset_noise/scale/frame,15892480,1.0
mg_B_seed2801,reset_noise/scale/frame,16056320,1.0
mg_B_seed2801,reset_noise/scale/frame,16220160,1.0
mg_B_seed2801,reset_noise/scale/frame,16384000,1.0
mg_B_seed2801,reset_noise/scale/frame,16547840,1.0
mg_B_seed2801,reset_noise/scale/frame,16711680,1.0
mg_B_seed2801,reset_noise/scale/frame,16875520,1.0
mg_B_seed2801,reset_noise/scale/frame,17039360,1.0
mg_B_seed2801,reset_noise/scale/frame,17203200,1.0
mg_B_seed2801,reset_noise/scale/frame,17367040,1.0
mg_B_seed2801,reset_noise/scale/frame,17530880,1.0
mg_B_seed2801,reset_noise/scale/frame,17694720,1.0
mg_B_seed2801,reset_noise/scale/frame,17858560,1.0
mg_B_seed2801,reset_noise/scale/frame,18022400,1.0
mg_B_seed2801,reset_noise/scale/frame,18186240,1.0
mg_B_seed2801,reset_noise/scale/frame,18350080,1.0
mg_B_seed2801,reset_noise/scale/frame,18513920,1.0
mg_B_seed2801,reset_noise/scale/frame,18677760,1.0
mg_B_seed2801,reset_noise/scale/frame,18841600,1.0
mg_B_seed2801,reset_noise/scale/frame,19005440,1.0
mg_B_seed2801,reset_noise/scale/frame,19169280,1.0
mg_B_seed2801,reset_noise/scale/frame,19333120,1.0
mg_B_seed2801,reset_noise/scale/frame,19496960,1.0
mg_B_seed2801,reset_noise/scale/frame,19660800,1.0
mg_B_seed2801,reset_noise/scale/frame,19824640,1.0
mg_B_seed2801,reset_noise/scale/frame,19988480,1.0
mg_B_seed2801,reset_noise/scale/frame,20152320,1.0
mg_B_seed2801,reset_noise/scale/frame,20316160,1.0
mg_B_seed2801,reset_noise/scale/frame,20480000,1.0
mg_B_seed2801,reset_noise/scale/frame,20643840,1.0
mg_B_seed2801,reset_noise/scale/frame,20807680,1.0
mg_B_seed2801,reset_noise/scale/frame,20971520,1.0
mg_B_seed2801,reset_noise/scale/frame,21135360,1.0
mg_B_seed2801,reset_noise/scale/frame,21299200,1.0
mg_B_seed2801,reset_noise/scale/frame,21463040,1.0
mg_B_seed2801,reset_noise/scale/frame,21626880,1.0
mg_B_seed2801,reset_noise/scale/frame,21790720,1.0
mg_B_seed2801,reset_noise/scale/frame,21954560,1.0
mg_B_seed2801,reset_noise/scale/frame,22118400,1.0
mg_B_seed2801,reset_noise/scale/frame,22282240,1.0
mg_B_seed2801,reset_noise/scale/frame,22446080,1.0
mg_B_seed2801,reset_noise/scale/frame,22609920,1.0
mg_B_seed2801,reset_noise/scale/frame,22773760,1.0
mg_B_seed2801,reset_noise/scale/frame,22937600,1.0
mg_B_seed2801,reset_noise/scale/frame,23101440,1.0
mg_B_seed2801,reset_noise/scale/frame,23265280,1.0
mg_B_seed2801,reset_noise/scale/frame,23429120,1.0
mg_B_seed2801,reset_noise/scale/frame,23592960,1.0
mg_B_seed2801,reset_noise/scale/frame,23756800,1.0
mg_B_seed2801,reset_noise/scale/frame,23920640,1.0
mg_B_seed2801,reset_noise/scale/frame,24084480,1.0
mg_B_seed2801,reset_noise/scale/frame,24248320,1.0
mg_B_seed2801,reset_noise/scale/frame,24412160,1.0
mg_B_seed2801,reset_noise/scale/frame,24576000,1.0
mg_B_seed2801,reset_noise/scale/frame,24739840,1.0
mg_B_seed2801,reset_noise/scale/frame,24903680,1.0
mg_B_seed2801,reset_noise/scale/frame,25067520,1.0
mg_B_seed2801,reset_noise/scale/frame,25231360,1.0
mg_B_seed2801,reset_noise/scale/frame,25395200,1.0
mg_B_seed2801,reset_noise/scale/frame,25559040,1.0
mg_B_seed2801,reset_noise/scale/frame,25722880,1.0
mg_B_seed2801,reset_noise/scale/frame,25886720,1.0
mg_B_seed2801,reset_noise/scale/frame,26050560,1.0
mg_B_seed2801,reset_noise/scale/frame,26214400,1.0
mg_B_seed2801,reset_noise/scale/frame,26378240,1.0
mg_B_seed2801,reset_noise/scale/frame,26542080,1.0
mg_B_seed2801,reset_noise/scale/frame,26705920,1.0
mg_B_seed2801,reset_noise/scale/frame,26869760,1.0
mg_B_seed2801,reset_noise/scale/frame,27033600,1.0
mg_B_seed2801,reset_noise/scale/frame,27197440,1.0
mg_B_seed2801,reset_noise/scale/frame,27361280,1.0
mg_B_seed2801,reset_noise/scale/frame,27525120,1.0
mg_B_seed2801,reset_noise/scale/frame,27688960,1.0
mg_B_seed2801,reset_noise/scale/frame,27852800,1.0
mg_B_seed2801,reset_noise/scale/frame,28016640,1.0
mg_B_seed2801,reset_noise/scale/frame,28180480,1.0
mg_B_seed2801,reset_noise/scale/frame,28344320,1.0
mg_B_seed2801,reset_noise/scale/frame,28508160,1.0
mg_B_seed2801,reset_noise/scale/frame,28672000,1.0
mg_B_seed2801,reset_noise/scale/frame,28835840,1.0
mg_B_seed2801,reset_noise/scale/frame,28999680,1.0
mg_B_seed2801,reset_noise/scale/frame,29163520,1.0
mg_B_seed2801,reset_noise/scale/frame,29327360,1.0
mg_B_seed2801,reset_noise/scale/frame,29491200,1.0
mg_B_seed2801,reset_noise/scale/frame,29655040,1.0
mg_B_seed2801,reset_noise/scale/frame,29818880,1.0
mg_B_seed2801,reset_noise/scale/frame,29982720,1.0
mg_B_seed2801,reset_noise/scale/frame,30146560,1.0
mg_B_seed2801,reset_noise/scale/frame,30310400,1.0
mg_B_seed2801,reset_noise/scale/frame,30474240,1.0
mg_B_seed2801,reset_noise/scale/frame,30638080,1.0
mg_B_seed2801,reset_noise/scale/frame,30801920,1.0
mg_B_seed2801,reset_noise/scale/frame,30965760,1.0
mg_B_seed2801,reset_noise/scale/frame,31129600,1.0
mg_B_seed2801,reset_noise/scale/frame,31293440,1.0
mg_B_seed2801,reset_noise/scale/frame,31457280,1.0
mg_B_seed2801,reset_noise/scale/frame,31621120,1.0
mg_B_seed2801,reset_noise/scale/frame,31784960,1.0
mg_B_seed2801,reset_noise/scale/frame,31948800,1.0
mg_B_seed2801,reset_noise/scale/frame,32112640,1.0
mg_B_seed2801,reset_noise/scale/frame,32276480,1.0
mg_B_seed2801,reset_noise/scale/frame,32440320,1.0
mg_B_seed2801,reset_noise/scale/frame,32604160,1.0
mg_B_seed2801,reset_noise/scale/frame,32768000,1.0
mg_B_seed2801,reset_noise/scale/frame,32931840,1.0
mg_B_seed2801,reset_noise/scale/frame,33095680,1.0
mg_B_seed2801,reset_noise/scale/frame,33259520,1.0
mg_B_seed2801,reset_noise/scale/frame,33423360,1.0
mg_B_seed2801,reset_noise/scale/frame,33587200,1.0
mg_B_seed2801,reset_noise/scale/frame,33751040,1.0
mg_B_seed2801,reset_noise/scale/frame,33914880,1.0
mg_B_seed2801,reset_noise/scale/frame,34078720,1.0
mg_B_seed2801,reset_noise/scale/frame,34242560,1.0
mg_B_seed2801,reset_noise/scale/frame,34406400,1.0
mg_B_seed2801,reset_noise/scale/frame,34570240,1.0
mg_B_seed2801,reset_noise/scale/frame,34734080,1.0
mg_B_seed2801,reset_noise/scale/frame,34897920,1.0
mg_B_seed2801,reset_noise/scale/frame,35061760,1.0
mg_B_seed2801,reset_noise/scale/frame,35225600,1.0
mg_B_seed2801,reset_noise/scale/frame,35389440,1.0
mg_B_seed2801,reset_noise/scale/frame,35553280,1.0
mg_B_seed2801,reset_noise/scale/frame,35717120,1.0
mg_B_seed2801,reset_noise/scale/frame,35880960,1.0
mg_B_seed2801,reset_noise/scale/frame,36044800,1.0
mg_B_seed2801,reset_noise/scale/frame,36208640,1.0
mg_B_seed2801,reset_noise/scale/frame,36372480,1.0
mg_B_seed2801,reset_noise/scale/frame,36536320,1.0
mg_B_seed2801,reset_noise/scale/frame,36700160,1.0
mg_B_seed2801,reset_noise/scale/frame,36864000,1.0
mg_B_seed2801,reset_noise/scale/frame,37027840,1.0
mg_B_seed2801,reset_noise/scale/frame,37191680,1.0
mg_B_seed2801,reset_noise/scale/frame,37355520,1.0
mg_B_seed2801,reset_noise/scale/frame,37519360,1.0
mg_B_seed2801,reset_noise/scale/frame,37683200,1.0
mg_B_seed2801,reset_noise/scale/frame,37847040,1.0
mg_B_seed2801,reset_noise/scale/frame,38010880,1.0
mg_B_seed2801,reset_noise/scale/frame,38174720,1.0
mg_B_seed2801,reset_noise/scale/frame,38338560,1.0
mg_B_seed2801,reset_noise/scale/frame,38502400,1.0
mg_B_seed2801,reset_noise/scale/frame,38666240,1.0
mg_B_seed2801,reset_noise/scale/frame,38830080,1.0
mg_B_seed2801,reset_noise/scale/frame,38993920,1.0
mg_B_seed2801,reset_noise/scale/frame,39157760,1.0
mg_B_seed2801,reset_noise/scale/frame,39321600,1.0
mg_B_seed2801,reset_noise/scale/frame,39485440,1.0
mg_B_seed2801,reset_noise/scale/frame,39649280,1.0
mg_B_seed2801,reset_noise/scale/frame,39813120,1.0
mg_B_seed2801,reset_noise/scale/frame,39976960,1.0
mg_B_seed2801,reset_noise/scale/frame,40140800,1.0
mg_B_seed2801,reset_noise/scale/frame,40304640,1.0
mg_B_seed2801,reset_noise/scale/frame,40468480,1.0
mg_B_seed2801,reset_noise/scale/frame,40632320,1.0
mg_B_seed2801,reset_noise/scale/frame,40796160,1.0
mg_B_seed2801,reset_noise/scale/frame,40960000,1.0
mg_B_seed2801,reset_noise/scale/frame,41123840,1.0
mg_B_seed2801,reset_noise/scale/frame,41287680,1.0
mg_B_seed2801,reset_noise/scale/frame,41451520,1.0
mg_B_seed2801,reset_noise/scale/frame,41615360,1.0
mg_B_seed2801,reset_noise/scale/frame,41779200,1.0
mg_B_seed2801,reset_noise/scale/frame,41943040,1.0
mg_B_seed2801,reset_noise/scale/frame,42106880,1.0
mg_B_seed2801,reset_noise/scale/frame,42270720,1.0
mg_B_seed2801,reset_noise/scale/frame,42434560,1.0
mg_B_seed2801,reset_noise/scale/frame,42598400,1.0
mg_B_seed2801,reset_noise/scale/frame,42762240,1.0
mg_B_seed2801,reset_noise/scale/frame,42926080,1.0
mg_B_seed2801,reset_noise/scale/frame,43089920,1.0
mg_B_seed2801,reset_noise/scale/frame,43253760,1.0
mg_B_seed2801,reset_noise/scale/frame,43417600,1.0
mg_B_seed2801,reset_noise/scale/frame,43581440,1.0
mg_B_seed2801,reset_noise/scale/frame,43745280,1.0
mg_B_seed2801,reset_noise/scale/frame,43909120,1.0
mg_B_seed2801,reset_noise/scale/frame,44072960,1.0
mg_B_seed2801,reset_noise/scale/frame,44236800,1.0
mg_B_seed2801,reset_noise/scale/frame,44400640,1.0
mg_B_seed2801,reset_noise/scale/frame,44564480,1.0
mg_B_seed2801,reset_noise/scale/frame,44728320,1.0
mg_B_seed2801,reset_noise/scale/frame,44892160,1.0
mg_B_seed2801,reset_noise/scale/frame,45056000,1.0
mg_B_seed2801,reset_noise/scale/frame,45219840,1.0
mg_B_seed2801,reset_noise/scale/frame,45383680,1.0
mg_B_seed2801,reset_noise/scale/frame,45547520,1.0
mg_B_seed2801,reset_noise/scale/frame,45711360,1.0
mg_B_seed2801,reset_noise/scale/frame,45875200,1.0
mg_B_seed2801,reset_noise/scale/frame,46039040,1.0
mg_B_seed2801,reset_noise/scale/frame,46202880,1.0
mg_B_seed2801,reset_noise/scale/frame,46366720,1.0
mg_B_seed2801,reset_noise/scale/frame,46530560,1.0
mg_B_seed2801,reset_noise/scale/frame,46694400,1.0
mg_B_seed2801,reset_noise/scale/frame,46858240,1.0
mg_B_seed2801,reset_noise/scale/frame,47022080,1.0
mg_B_seed2801,reset_noise/scale/frame,47185920,1.0
mg_B_seed2801,reset_noise/scale/frame,47349760,1.0
mg_B_seed2801,reset_noise/scale/frame,47513600,1.0
mg_B_seed2801,reset_noise/scale/frame,47677440,1.0
mg_B_seed2801,reset_noise/scale/frame,47841280,1.0
mg_B_seed2801,reset_noise/scale/frame,48005120,1.0
mg_B_seed2801,reset_noise/scale/frame,48168960,1.0
mg_B_seed2801,reset_noise/scale/frame,48332800,1.0
mg_B_seed2801,reset_noise/scale/frame,48496640,1.0
mg_B_seed2801,reset_noise/scale/frame,48660480,1.0
mg_B_seed2801,reset_noise/scale/frame,48824320,1.0
mg_B_seed2801,reset_noise/scale/frame,48988160,1.0
mg_B_seed2801,reset_noise/scale/frame,49152000,1.0
mg_B_seed2801,reset_noise/scale/frame,49315840,1.0
mg_B_seed2801,reset_noise/scale/frame,49479680,1.0
mg_B_seed2801,reset_noise/scale/frame,49643520,1.0
mg_B_seed2801,reset_noise/scale/frame,49807360,1.0
mg_B_seed2801,reset_noise/scale/frame,49971200,1.0
mg_B_seed2801,reset_noise/scale/frame,50135040,1.0
mg_B_seed2801,reset_noise/scale/frame,50298880,1.0
mg_B_seed2801,reset_noise/scale/frame,50462720,1.0
mg_B_seed2801,reset_noise/scale/frame,50626560,1.0
mg_B_seed2801,reset_noise/scale/frame,50790400,1.0
mg_B_seed2801,reset_noise/scale/frame,50954240,1.0
mg_B_seed2801,reset_noise/scale/frame,51118080,1.0
mg_B_seed2801,reset_noise/scale/frame,51281920,1.0
mg_B_seed2801,reset_noise/scale/frame,51445760,1.0
mg_B_seed2801,reset_noise/scale/frame,51609600,1.0
mg_B_seed2801,reset_noise/scale/frame,51773440,1.0
mg_B_seed2801,reset_noise/scale/frame,51937280,1.0
mg_B_seed2801,reset_noise/scale/frame,52101120,1.0
mg_B_seed2801,reset_noise/scale/frame,52264960,1.0
mg_B_seed2801,reset_noise/scale/frame,52428800,1.0
mg_B_seed2801,reset_noise/scale/frame,52592640,1.0
mg_B_seed2801,reset_noise/scale/frame,52756480,1.0
mg_B_seed2801,reset_noise/scale/frame,52920320,1.0
mg_B_seed2801,reset_noise/scale/frame,53084160,1.0
mg_B_seed2801,reset_noise/scale/frame,53248000,1.0
mg_B_seed2801,reset_noise/scale/frame,53411840,1.0
mg_B_seed2801,reset_noise/scale/frame,53575680,1.0
mg_B_seed2801,reset_noise/scale/frame,53739520,1.0
mg_B_seed2801,reset_noise/scale/frame,53903360,1.0
mg_B_seed2801,reset_noise/scale/frame,54067200,1.0
mg_B_seed2801,reset_noise/scale/frame,54231040,1.0
mg_B_seed2801,reset_noise/scale/frame,54394880,1.0
mg_B_seed2801,reset_noise/scale/frame,54558720,1.0
mg_B_seed2801,reset_noise/scale/frame,54722560,1.0
mg_B_seed2801,reset_noise/scale/frame,54886400,1.0
mg_B_seed2801,reset_noise/scale/frame,55050240,1.0
mg_B_seed2801,reset_noise/scale/frame,55214080,1.0
mg_B_seed2801,reset_noise/scale/frame,55377920,1.0
mg_B_seed2801,reset_noise/scale/frame,55541760,1.0
mg_B_seed2801,reset_noise/scale/frame,55705600,1.0
mg_B_seed2801,reset_noise/scale/frame,55869440,1.0
mg_B_seed2801,reset_noise/scale/frame,56033280,1.0
mg_B_seed2801,reset_noise/scale/frame,56197120,1.0
mg_B_seed2801,reset_noise/scale/frame,56360960,1.0
mg_B_seed2801,reset_noise/scale/frame,56524800,1.0
mg_B_seed2801,reset_noise/scale/frame,56688640,1.0
mg_B_seed2801,reset_noise/scale/frame,56852480,1.0
mg_B_seed2801,reset_noise/scale/frame,57016320,1.0
mg_B_seed2801,reset_noise/scale/frame,57180160,1.0
mg_B_seed2801,reset_noise/scale/frame,57344000,1.0
mg_B_seed2801,reset_noise/scale/frame,57507840,1.0
mg_B_seed2801,reset_noise/scale/frame,57671680,1.0
mg_B_seed2801,reset_noise/scale/frame,57835520,1.0
mg_B_seed2801,reset_noise/scale/frame,57999360,1.0
mg_B_seed2801,reset_noise/scale/frame,58163200,1.0
mg_B_seed2801,reset_noise/scale/frame,58327040,1.0
mg_B_seed2801,reset_noise/scale/frame,58490880,1.0
mg_B_seed2801,reset_noise/scale/frame,58654720,1.0
mg_B_seed2801,reset_noise/scale/frame,58818560,1.0
mg_B_seed2801,reset_noise/scale/frame,58982400,1.0
mg_B_seed2801,reset_noise/scale/frame,59146240,1.0
mg_B_seed2801,reset_noise/scale/frame,59310080,1.0
mg_B_seed2801,reset_noise/scale/frame,59473920,1.0
mg_B_seed2801,reset_noise/scale/frame,59637760,1.0
mg_B_seed2801,reset_noise/scale/frame,59801600,1.0
mg_B_seed2801,reset_noise/scale/frame,59965440,1.0
mg_B_seed2801,reset_noise/scale/frame,60129280,1.0
mg_B_seed2801,reset_noise/scale/frame,60293120,1.0
mg_B_seed2801,reset_noise/scale/frame,60456960,1.0
mg_B_seed2801,reset_noise/scale/frame,60620800,1.0
mg_B_seed2801,reset_noise/scale/frame,60784640,1.0
mg_B_seed2801,reset_noise/scale/frame,60948480,1.0
mg_B_seed2801,reset_noise/scale/frame,61112320,1.0
mg_B_seed2801,reset_noise/scale/frame,61276160,1.0
mg_B_seed2801,reset_noise/scale/frame,61440000,1.0
mg_B_seed2801,reset_noise/scale/frame,61603840,1.0
mg_B_seed2801,reset_noise/scale/frame,61767680,1.0
mg_B_seed2801,reset_noise/scale/frame,61931520,1.0
mg_B_seed2801,reset_noise/scale/frame,62095360,1.0
mg_B_seed2801,reset_noise/scale/frame,62259200,1.0
mg_B_seed2801,reset_noise/scale/frame,62423040,1.0
mg_B_seed2801,reset_noise/scale/frame,62586880,1.0
mg_B_seed2801,reset_noise/scale/frame,62750720,1.0
mg_B_seed2801,reset_noise/scale/frame,62914560,1.0
mg_B_seed2801,reset_noise/scale/frame,63078400,1.0
mg_B_seed2801,reset_noise/scale/frame,63242240,1.0
mg_B_seed2801,reset_noise/scale/frame,63406080,1.0
mg_B_seed2801,reset_noise/scale/frame,63569920,1.0
mg_B_seed2801,reset_noise/scale/frame,63733760,1.0
mg_B_seed2801,reset_noise/scale/frame,63897600,1.0
mg_B_seed2801,reset_noise/scale/frame,64061440,1.0
mg_B_seed2801,reset_noise/scale/frame,64225280,1.0
mg_B_seed2801,reset_noise/scale/frame,64389120,1.0
mg_B_seed2801,reset_noise/scale/frame,64552960,1.0
mg_B_seed2801,reset_noise/scale/frame,64716800,1.0
mg_B_seed2801,reset_noise/scale/frame,64880640,1.0
mg_B_seed2801,reset_noise/scale/frame,65044480,1.0
mg_B_seed2801,reset_noise/scale/frame,65208320,1.0
mg_B_seed2801,reset_noise/scale/frame,65372160,1.0
mg_B_seed2801,reset_noise/scale/frame,65536000,1.0
mg_B_seed2801,reset_noise/scale/frame,65699840,1.0
mg_B_seed2801,reset_noise/scale/frame,65863680,1.0
mg_B_seed2801,reset_noise/scale/frame,66027520,1.0
mg_B_seed2801,reset_noise/scale/frame,66191360,1.0
mg_B_seed2801,reset_noise/scale/frame,66355200,1.0
mg_B_seed2801,reset_noise/scale/frame,66519040,1.0
mg_B_seed2801,reset_noise/scale/frame,66682880,1.0
mg_B_seed2801,reset_noise/scale/frame,66846720,1.0
mg_B_seed2801,reset_noise/scale/frame,67010560,1.0
mg_B_seed2801,reset_noise/scale/frame,67174400,1.0
mg_B_seed2801,reset_noise/scale/frame,67338240,1.0
mg_B_seed2801,reset_noise/scale/frame,67502080,1.0
mg_B_seed2801,reset_noise/scale/frame,67665920,1.0
mg_B_seed2801,reset_noise/scale/frame,67829760,1.0
mg_B_seed2801,reset_noise/scale/frame,67993600,1.0
mg_B_seed2801,reset_noise/scale/frame,68157440,1.0
mg_B_seed2801,reset_noise/scale/frame,68321280,1.0
mg_B_seed2801,reset_noise/scale/frame,68485120,1.0
mg_B_seed2801,reset_noise/scale/frame,68648960,1.0
mg_B_seed2801,reset_noise/scale/frame,68812800,1.0
mg_B_seed2801,reset_noise/scale/frame,68976640,1.0
mg_B_seed2801,reset_noise/scale/frame,69140480,1.0
mg_B_seed2801,reset_noise/scale/frame,69304320,1.0
mg_B_seed2801,reset_noise/scale/frame,69468160,1.0
mg_B_seed2801,reset_noise/scale/frame,69632000,1.0
mg_B_seed2801,reset_noise/scale/frame,69795840,1.0
mg_B_seed2801,reset_noise/scale/frame,69959680,1.0
mg_B_seed2801,reset_noise/scale/frame,70123520,1.0
mg_B_seed2801,reset_noise/scale/frame,70287360,1.0
mg_B_seed2801,reset_noise/scale/frame,70451200,1.0
mg_B_seed2801,reset_noise/scale/frame,70615040,1.0
mg_B_seed2801,reset_noise/scale/frame,70778880,1.0
mg_B_seed2801,reset_noise/scale/frame,70942720,1.0
mg_B_seed2801,reset_noise/scale/frame,71106560,1.0
mg_B_seed2801,reset_noise/scale/frame,71270400,1.0
mg_B_seed2801,reset_noise/scale/frame,71434240,1.0
mg_B_seed2801,reset_noise/scale/frame,71598080,1.0
mg_B_seed2801,reset_noise/scale/frame,71761920,1.0
mg_B_seed2801,reset_noise/scale/frame,71925760,1.0
mg_B_seed2801,reset_noise/scale/frame,72089600,1.0
mg_B_seed2801,reset_noise/scale/frame,72253440,1.0
mg_B_seed2801,reset_noise/scale/frame,72417280,1.0
mg_B_seed2801,reset_noise/scale/frame,72581120,1.0
mg_B_seed2801,reset_noise/scale/frame,72744960,1.0
mg_B_seed2801,reset_noise/scale/frame,72908800,1.0
mg_B_seed2801,reset_noise/scale/frame,73072640,1.0
mg_B_seed2801,reset_noise/scale/frame,73236480,1.0
mg_B_seed2801,reset_noise/scale/frame,73400320,1.0
mg_B_seed2801,reset_noise/scale/frame,73564160,1.0
mg_B_seed2801,reset_noise/scale/frame,73728000,1.0
mg_B_seed2801,reset_noise/scale/frame,73891840,1.0
mg_B_seed2801,reset_noise/scale/frame,74055680,1.0
mg_B_seed2801,reset_noise/scale/frame,74219520,1.0
mg_B_seed2801,reset_noise/scale/frame,74383360,1.0
mg_B_seed2801,reset_noise/scale/frame,74547200,1.0
mg_B_seed2801,reset_noise/scale/frame,74711040,1.0
mg_B_seed2801,reset_noise/scale/frame,74874880,1.0
mg_B_seed2801,reset_noise/scale/frame,75038720,1.0
mg_B_seed2801,reset_noise/scale/frame,75202560,1.0
mg_B_seed2801,reset_noise/scale/frame,75366400,1.0
mg_B_seed2801,reset_noise/scale/frame,75530240,1.0
mg_B_seed2801,reset_noise/scale/frame,75694080,1.0
mg_B_seed2801,reset_noise/scale/frame,75857920,1.0
mg_B_seed2801,reset_noise/scale/frame,76021760,1.0
mg_B_seed2801,reset_noise/scale/frame,76185600,1.0
mg_B_seed2801,reset_noise/scale/frame,76349440,1.0
mg_B_seed2801,reset_noise/scale/frame,76513280,1.0
mg_B_seed2801,reset_noise/scale/frame,76677120,1.0
mg_B_seed2801,reset_noise/scale/frame,76840960,1.0
mg_B_seed2801,reset_noise/scale/frame,77004800,1.0
mg_B_seed2801,reset_noise/scale/frame,77168640,1.0
mg_B_seed2801,reset_noise/scale/frame,77332480,1.0
mg_B_seed2801,reset_noise/scale/frame,77496320,1.0
mg_B_seed2801,reset_noise/scale/frame,77660160,1.0
mg_B_seed2801,reset_noise/scale/frame,77824000,1.0
mg_B_seed2801,reset_noise/scale/frame,77987840,1.0
mg_B_seed2801,reset_noise/scale/frame,78151680,1.0
mg_B_seed2801,reset_noise/scale/frame,78315520,1.0
mg_B_seed2801,reset_noise/scale/frame,78479360,1.0
mg_B_seed2801,reset_noise/scale/frame,78643200,1.0
mg_B_seed2801,reset_noise/scale/frame,78807040,1.0
mg_B_seed2801,reset_noise/scale/frame,78970880,1.0
mg_B_seed2801,reset_noise/scale/frame,79134720,1.0
mg_B_seed2801,reset_noise/scale/frame,79298560,1.0
mg_B_seed2801,reset_noise/scale/frame,79462400,1.0
mg_B_seed2801,reset_noise/scale/frame,79626240,1.0
mg_B_seed2801,reset_noise/scale/frame,79790080,1.0
mg_B_seed2801,reset_noise/scale/frame,79953920,1.0
mg_B_seed2801,reset_noise/scale/frame,80117760,1.0
mg_B_seed2801,reset_noise/scale/frame,80281600,1.0
mg_B_seed2801,reset_noise/scale/frame,80445440,1.0
mg_B_seed2801,reset_noise/scale/frame,80609280,1.0
mg_B_seed2801,reset_noise/scale/frame,80773120,1.0
mg_B_seed2801,reset_noise/scale/frame,80936960,1.0
mg_B_seed2801,reset_noise/scale/frame,81100800,1.0
mg_B_seed2801,reset_noise/scale/frame,81264640,1.0
mg_B_seed2801,reset_noise/scale/frame,81428480,1.0
mg_B_seed2801,reset_noise/scale/frame,81592320,1.0
mg_B_seed2801,reset_noise/scale/frame,81756160,1.0
mg_B_seed2801,reset_noise/scale/frame,81920000,1.0
mg_B_seed2801,reset_noise/scale/frame,82083840,1.0
mg_B_seed2801,reset_noise/scale/frame,82247680,1.0
mg_B_seed2801,reset_noise/scale/frame,82411520,1.0
mg_B_seed2801,reset_noise/scale/frame,82575360,1.0
mg_B_seed2801,reset_noise/scale/frame,82739200,1.0
mg_B_seed2801,reset_noise/scale/frame,82903040,1.0
mg_B_seed2801,reset_noise/scale/frame,83066880,1.0
mg_B_seed2801,reset_noise/scale/frame,83230720,1.0
mg_B_seed2801,reset_noise/scale/frame,83394560,1.0
mg_B_seed2801,reset_noise/scale/frame,83558400,1.0
mg_B_seed2801,reset_noise/scale/frame,83722240,1.0
mg_B_seed2801,reset_noise/scale/frame,83886080,1.0
mg_B_seed2801,reset_noise/scale/frame,84049920,1.0
mg_B_seed2801,reset_noise/scale/frame,84213760,1.0
mg_B_seed2801,reset_noise/scale/frame,84377600,1.0
mg_B_seed2801,reset_noise/scale/frame,84541440,1.0
mg_B_seed2801,reset_noise/scale/frame,84705280,1.0
mg_B_seed2801,reset_noise/scale/frame,84869120,1.0
mg_B_seed2801,reset_noise/scale/frame,85032960,1.0
mg_B_seed2801,reset_noise/scale/frame,85196800,1.0
mg_B_seed2801,reset_noise/scale/frame,85360640,1.0
mg_B_seed2801,reset_noise/scale/frame,85524480,1.0
mg_B_seed2801,reset_noise/scale/frame,85688320,1.0
mg_B_seed2801,reset_noise/scale/frame,85852160,1.0
mg_B_seed2801,reset_noise/scale/frame,86016000,1.0
mg_B_seed2801,reset_noise/scale/frame,86179840,1.0
mg_B_seed2801,reset_noise/scale/frame,86343680,1.0
mg_B_seed2801,reset_noise/scale/frame,86507520,1.0
mg_B_seed2801,reset_noise/scale/frame,86671360,1.0
mg_B_seed2801,reset_noise/scale/frame,86835200,1.0
mg_B_seed2801,reset_noise/scale/frame,86999040,1.0
mg_B_seed2801,reset_noise/scale/frame,87162880,1.0
mg_B_seed2801,reset_noise/scale/frame,87326720,1.0
mg_B_seed2801,reset_noise/scale/frame,87490560,1.0
mg_B_seed2801,reset_noise/scale/frame,87654400,1.0
mg_B_seed2801,reset_noise/scale/frame,87818240,1.0
mg_B_seed2801,reset_noise/scale/frame,87982080,1.0
mg_B_seed2801,reset_noise/scale/frame,88145920,1.0
mg_B_seed2801,reset_noise/scale/frame,88309760,1.0
mg_B_seed2801,reset_noise/scale/frame,88473600,1.0
mg_B_seed2801,reset_noise/scale/frame,88637440,1.0
mg_B_seed2801,reset_noise/scale/frame,88801280,1.0
mg_B_seed2801,reset_noise/scale/frame,88965120,1.0
mg_B_seed2801,reset_noise/scale/frame,89128960,1.0
mg_B_seed2801,reset_noise/scale/frame,89292800,1.0
mg_B_seed2801,reset_noise/scale/frame,89456640,1.0
mg_B_seed2801,reset_noise/scale/frame,89620480,1.0
mg_B_seed2801,reset_noise/scale/frame,89784320,1.0
mg_B_seed2801,reset_noise/scale/frame,89948160,1.0
mg_B_seed2801,reset_noise/scale/frame,90112000,1.0
mg_B_seed2801,reset_noise/scale/frame,90275840,1.0
mg_B_seed2801,reset_noise/scale/frame,90439680,1.0
mg_B_seed2801,reset_noise/scale/frame,90603520,1.0
mg_B_seed2801,reset_noise/scale/frame,90767360,1.0
mg_B_seed2801,reset_noise/scale/frame,90931200,1.0
mg_B_seed2801,reset_noise/scale/frame,91095040,1.0
mg_B_seed2801,reset_noise/scale/frame,91258880,1.0
mg_B_seed2801,reset_noise/scale/frame,91422720,1.0
mg_B_seed2801,reset_noise/scale/frame,91586560,1.0
mg_B_seed2801,reset_noise/scale/frame,91750400,1.0
mg_B_seed2801,reset_noise/scale/frame,91914240,1.0
mg_B_seed2801,reset_noise/scale/frame,92078080,1.0
mg_B_seed2801,reset_noise/scale/frame,92241920,1.0
mg_B_seed2801,reset_noise/scale/frame,92405760,1.0
mg_B_seed2801,reset_noise/scale/frame,92569600,1.0
mg_B_seed2801,reset_noise/scale/frame,92733440,1.0
mg_B_seed2801,reset_noise/scale/frame,92897280,1.0
mg_B_seed2801,reset_noise/scale/frame,93061120,1.0
mg_B_seed2801,reset_noise/scale/frame,93224960,1.0
mg_B_seed2801,reset_noise/scale/frame,93388800,1.0
mg_B_seed2801,reset_noise/scale/frame,93552640,1.0
mg_B_seed2801,reset_noise/scale/frame,93716480,1.0
mg_B_seed2801,reset_noise/scale/frame,93880320,1.0
mg_B_seed2801,reset_noise/scale/frame,94044160,1.0
mg_B_seed2801,reset_noise/scale/frame,94208000,1.0
mg_B_seed2801,reset_noise/scale/frame,94371840,1.0
mg_B_seed2801,reset_noise/scale/frame,94535680,1.0
mg_B_seed2801,reset_noise/scale/frame,94699520,1.0
mg_B_seed2801,reset_noise/scale/frame,94863360,1.0
mg_B_seed2801,reset_noise/scale/frame,95027200,1.0
mg_B_seed2801,reset_noise/scale/frame,95191040,1.0
mg_B_seed2801,reset_noise/scale/frame,95354880,1.0
mg_B_seed2801,reset_noise/scale/frame,95518720,1.0
mg_B_seed2801,reset_noise/scale/frame,95682560,1.0
mg_B_seed2801,reset_noise/scale/frame,95846400,1.0
mg_B_seed2801,reset_noise/scale/frame,96010240,1.0
mg_B_seed2801,reset_noise/scale/frame,96174080,1.0
mg_B_seed2801,reset_noise/scale/frame,96337920,1.0
mg_B_seed2801,reset_noise/scale/frame,96501760,1.0
mg_B_seed2801,reset_noise/scale/frame,96665600,1.0
mg_B_seed2801,reset_noise/scale/frame,96829440,1.0
mg_B_seed2801,reset_noise/scale/frame,96993280,1.0
mg_B_seed2801,reset_noise/scale/frame,97157120,1.0
mg_B_seed2801,reset_noise/scale/frame,97320960,1.0
mg_B_seed2801,reset_noise/scale/frame,97484800,1.0
mg_B_seed2801,reset_noise/scale/frame,97648640,1.0
mg_B_seed2801,reset_noise/scale/frame,97812480,1.0
mg_B_seed2801,reset_noise/scale/frame,97976320,1.0
mg_B_seed2801,reset_noise/scale/frame,98140160,1.0
mg_B_seed2801,reset_noise/scale/frame,98304000,1.0
mg_B_seed2801,reset_noise/scale/frame,98467840,1.0
mg_B_seed2801,reset_noise/scale/frame,98631680,1.0
mg_B_seed2801,reset_noise/scale/frame,98795520,1.0
mg_B_seed2801,reset_noise/scale/frame,98959360,1.0
mg_B_seed2801,reset_noise/scale/frame,99123200,1.0
mg_B_seed2801,reset_noise/scale/frame,99287040,1.0
mg_B_seed2801,reset_noise/scale/frame,99450880,1.0
mg_B_seed2801,reset_noise/scale/frame,99614720,1.0
mg_B_seed2801,reset_noise/scale/frame,99778560,1.0
mg_B_seed2801,reset_noise/scale/frame,99942400,1.0
mg_B_seed2801,reset_noise/scale/frame,100106240,1.0
mg_B_seed2801,reset_noise/scale/frame,100270080,1.0
mg_B_seed2801,reset_noise/scale/frame,100433920,1.0
mg_B_seed2801,reset_noise/scale/frame,100597760,1.0
mg_B_seed2801,reset_noise/scale/frame,100761600,1.0
mg_B_seed2801,reset_noise/scale/frame,100925440,1.0
mg_B_seed2801,reset_noise/scale/frame,101089280,1.0
mg_B_seed2801,reset_noise/scale/frame,101253120,1.0
mg_B_seed2801,reset_noise/scale/frame,101416960,1.0
mg_B_seed2801,reset_noise/scale/frame,101580800,1.0
mg_B_seed2801,reset_noise/scale/frame,101744640,1.0
mg_B_seed2801,reset_noise/scale/frame,101908480,1.0
mg_B_seed2801,reset_noise/scale/frame,102072320,1.0
mg_B_seed2801,reset_noise/scale/frame,102236160,1.0
mg_B_seed2801,reset_noise/scale/frame,102400000,1.0
mg_B_seed2801,reset_noise/scale/frame,102563840,1.0
mg_B_seed2801,reset_noise/scale/frame,102727680,1.0
mg_B_seed2801,reset_noise/scale/frame,102891520,1.0
mg_B_seed2801,reset_noise/scale/frame,103055360,1.0
mg_B_seed2801,reset_noise/scale/frame,103219200,1.0
mg_B_seed2801,reset_noise/scale/frame,103383040,1.0
mg_B_seed2801,reset_noise/scale/frame,103546880,1.0
mg_B_seed2801,reset_noise/scale/frame,103710720,1.0
mg_B_seed2801,reset_noise/scale/frame,103874560,1.0
mg_B_seed2801,reset_noise/scale/frame,104038400,1.0
mg_B_seed2801,reset_noise/scale/frame,104202240,1.0
mg_B_seed2801,reset_noise/scale/frame,104366080,1.0
mg_B_seed2801,reset_noise/scale/frame,104529920,1.0
mg_B_seed2801,reset_noise/scale/frame,104693760,1.0
mg_B_seed2801,reset_noise/scale/frame,104857600,1.0
mg_B_seed2801,reset_noise/scale/frame,105021440,1.0
mg_B_seed2801,reset_noise/scale/frame,105185280,1.0
mg_B_seed2801,reset_noise/scale/frame,105349120,1.0
mg_B_seed2801,reset_noise/scale/frame,105512960,1.0
mg_B_seed2801,reset_noise/scale/frame,105676800,1.0
mg_B_seed2801,reset_noise/scale/frame,105840640,1.0
mg_B_seed2801,reset_noise/scale/frame,106004480,1.0
mg_B_seed2801,reset_noise/scale/frame,106168320,1.0
mg_B_seed2801,reset_noise/scale/frame,106332160,1.0
mg_B_seed2801,reset_noise/scale/frame,106496000,1.0
mg_B_seed2801,reset_noise/scale/frame,106659840,1.0
mg_B_seed2801,reset_noise/scale/frame,106823680,1.0
mg_B_seed2801,reset_noise/scale/frame,106987520,1.0
mg_B_seed2801,reset_noise/scale/frame,107151360,1.0
mg_B_seed2801,reset_noise/scale/frame,107315200,1.0
mg_B_seed2801,reset_noise/scale/frame,107479040,1.0
mg_B_seed2801,reset_noise/scale/frame,107642880,1.0
mg_B_seed2801,reset_noise/scale/frame,107806720,1.0
mg_B_seed2801,reset_noise/scale/frame,107970560,1.0
mg_B_seed2801,reset_noise/scale/frame,108134400,1.0
mg_B_seed2801,reset_noise/scale/frame,108298240,1.0
mg_B_seed2801,reset_noise/scale/frame,108462080,1.0
mg_B_seed2801,reset_noise/scale/frame,108625920,1.0
mg_B_seed2801,reset_noise/scale/frame,108789760,1.0
mg_B_seed2801,reset_noise/scale/frame,108953600,1.0
mg_B_seed2801,reset_noise/scale/frame,109117440,1.0
mg_B_seed2801,reset_noise/scale/frame,109281280,1.0
mg_B_seed2801,reset_noise/scale/frame,109445120,1.0
mg_B_seed2801,reset_noise/scale/frame,109608960,1.0
mg_B_seed2801,reset_noise/scale/frame,109772800,1.0
mg_B_seed2801,reset_noise/scale/frame,109936640,1.0
mg_B_seed2801,reset_noise/scale/frame,110100480,1.0
mg_B_seed2801,reset_noise/scale/frame,110264320,1.0
mg_B_seed2801,reset_noise/scale/frame,110428160,1.0
mg_B_seed2801,reset_noise/scale/frame,110592000,1.0
mg_B_seed2801,reset_noise/scale/frame,110755840,1.0
mg_B_seed2801,reset_noise/scale/frame,110919680,1.0
mg_B_seed2801,reset_noise/scale/frame,111083520,1.0
mg_B_seed2801,reset_noise/scale/frame,111247360,1.0
mg_B_seed2801,reset_noise/scale/frame,111411200,1.0
mg_B_seed2801,reset_noise/scale/frame,111575040,1.0
mg_B_seed2801,reset_noise/scale/frame,111738880,1.0
mg_B_seed2801,reset_noise/scale/frame,111902720,1.0
mg_B_seed2801,reset_noise/scale/frame,112066560,1.0
mg_B_seed2801,reset_noise/scale/frame,112230400,1.0
mg_B_seed2801,reset_noise/scale/frame,112394240,1.0
mg_B_seed2801,reset_noise/scale/frame,112558080,1.0
mg_B_seed2801,reset_noise/scale/frame,112721920,1.0
mg_B_seed2801,reset_noise/scale/frame,112885760,1.0
mg_B_seed2801,reset_noise/scale/frame,113049600,1.0
mg_B_seed2801,reset_noise/scale/frame,113213440,1.0
mg_B_seed2801,reset_noise/scale/frame,113377280,1.0
mg_B_seed2801,reset_noise/scale/frame,113541120,1.0
mg_B_seed2801,reset_noise/scale/frame,113704960,1.0
mg_B_seed2801,reset_noise/scale/frame,113868800,1.0
mg_B_seed2801,reset_noise/scale/frame,114032640,1.0
mg_B_seed2801,reset_noise/scale/frame,114196480,1.0
mg_B_seed2801,reset_noise/scale/frame,114360320,1.0
mg_B_seed2801,reset_noise/scale/frame,114524160,1.0
mg_B_seed2801,reset_noise/scale/frame,114688000,1.0
mg_B_seed2801,reset_noise/scale/frame,114851840,1.0
mg_B_seed2801,reset_noise/scale/frame,115015680,1.0
mg_B_seed2801,reset_noise/scale/frame,115179520,1.0
mg_B_seed2801,reset_noise/scale/frame,115343360,1.0
mg_B_seed2801,reset_noise/scale/frame,115507200,1.0
mg_B_seed2801,reset_noise/scale/frame,115671040,1.0
mg_B_seed2801,reset_noise/scale/frame,115834880,1.0
mg_B_seed2801,reset_noise/scale/frame,115998720,1.0
mg_B_seed2801,reset_noise/scale/frame,116162560,1.0
mg_B_seed2801,reset_noise/scale/frame,116326400,1.0
mg_B_seed2801,reset_noise/scale/frame,116490240,1.0
mg_B_seed2801,reset_noise/scale/frame,116654080,1.0
mg_B_seed2801,reset_noise/scale/frame,116817920,1.0
mg_B_seed2801,reset_noise/scale/frame,116981760,1.0
mg_B_seed2801,reset_noise/scale/frame,117145600,1.0
mg_B_seed2801,reset_noise/scale/frame,117309440,1.0
mg_B_seed2801,reset_noise/scale/frame,117473280,1.0
mg_B_seed2801,reset_noise/scale/frame,117637120,1.0
mg_B_seed2801,reset_noise/scale/frame,117800960,1.0
mg_B_seed2801,reset_noise/scale/frame,117964800,1.0
mg_B_seed2801,reset_noise/scale/frame,118128640,1.0
mg_B_seed2801,reset_noise/scale/frame,118292480,1.0
mg_B_seed2801,reset_noise/scale/frame,118456320,1.0
mg_B_seed2801,reset_noise/scale/frame,118620160,1.0
mg_B_seed2801,reset_noise/scale/frame,118784000,1.0
mg_B_seed2801,reset_noise/scale/frame,118947840,1.0
mg_B_seed2801,reset_noise/scale/frame,119111680,1.0
mg_B_seed2801,reset_noise/scale/frame,119275520,1.0
mg_B_seed2801,reset_noise/scale/frame,119439360,1.0
mg_B_seed2801,reset_noise/scale/frame,119603200,1.0
mg_B_seed2801,reset_noise/scale/frame,119767040,1.0
mg_B_seed2801,reset_noise/scale/frame,119930880,1.0
mg_B_seed2801,reset_noise/scale/frame,120094720,1.0
mg_B_seed2801,reset_noise/scale/frame,120258560,1.0
mg_B_seed2801,reset_noise/scale/frame,120422400,1.0
mg_B_seed2801,reset_noise/scale/frame,120586240,1.0
mg_B_seed2801,reset_noise/scale/frame,120750080,1.0
mg_B_seed2801,reset_noise/scale/frame,120913920,1.0
mg_B_seed2801,reset_noise/scale/frame,121077760,1.0
mg_B_seed2801,reset_noise/scale/frame,121241600,1.0
mg_B_seed2801,reset_noise/scale/frame,121405440,1.0
mg_B_seed2801,reset_noise/scale/frame,121569280,1.0
mg_B_seed2801,reset_noise/scale/frame,121733120,1.0
mg_B_seed2801,reset_noise/scale/frame,121896960,1.0
mg_B_seed2801,reset_noise/scale/frame,122060800,1.0
mg_B_seed2801,reset_noise/scale/frame,122224640,1.0
mg_B_seed2801,reset_noise/scale/frame,122388480,1.0
mg_B_seed2801,reset_noise/scale/frame,122552320,1.0
mg_B_seed2801,reset_noise/scale/frame,122716160,1.0
mg_B_seed2801,reset_noise/scale/frame,122880000,1.0
mg_B_seed2801,reset_noise/scale/frame,123043840,1.0
mg_B_seed2801,reset_noise/scale/frame,123207680,1.0
mg_B_seed2801,reset_noise/scale/frame,123371520,1.0
mg_B_seed2801,reset_noise/scale/frame,123535360,1.0
mg_B_seed2801,reset_noise/scale/frame,123699200,1.0
mg_B_seed2801,reset_noise/scale/frame,123863040,1.0
mg_B_seed2801,reset_noise/scale/frame,124026880,1.0
mg_B_seed2801,reset_noise/scale/frame,124190720,1.0
mg_B_seed2801,reset_noise/scale/frame,124354560,1.0
mg_B_seed2801,reset_noise/scale/frame,124518400,1.0
mg_B_seed2801,reset_noise/scale/frame,124682240,1.0
mg_B_seed2801,reset_noise/scale/frame,124846080,1.0
mg_B_seed2801,reset_noise/scale/frame,125009920,1.0
mg_B_seed2801,reset_noise/scale/frame,125173760,1.0
mg_B_seed2801,reset_noise/scale/frame,125337600,1.0
mg_B_seed2801,reset_noise/scale/frame,125501440,1.0
mg_B_seed2801,reset_noise/scale/frame,125665280,1.0
mg_B_seed2801,reset_noise/scale/frame,125829120,1.0
mg_B_seed2801,reset_noise/scale/frame,125992960,1.0
mg_B_seed2801,reset_noise/scale/frame,126156800,1.0
mg_B_seed2801,reset_noise/scale/frame,126320640,1.0
mg_B_seed2801,reset_noise/scale/frame,126484480,1.0
mg_B_seed2801,reset_noise/scale/frame,126648320,1.0
mg_B_seed2801,reset_noise/scale/frame,126812160,1.0
mg_B_seed2801,reset_noise/scale/frame,126976000,1.0
mg_B_seed2801,reset_noise/scale/frame,127139840,1.0
mg_B_seed2801,reset_noise/scale/frame,127303680,1.0
mg_B_seed2801,reset_noise/scale/frame,127467520,1.0
mg_B_seed2801,reset_noise/scale/frame,127631360,1.0
mg_B_seed2801,reset_noise/scale/frame,127795200,1.0
mg_B_seed2801,reset_noise/scale/frame,127959040,1.0
mg_B_seed2801,reset_noise/scale/frame,128122880,1.0
mg_B_seed2801,reset_noise/scale/frame,128286720,1.0
mg_B_seed2801,reset_noise/scale/frame,128450560,1.0
mg_B_seed2801,reset_noise/scale/frame,128614400,1.0
mg_B_seed2801,reset_noise/scale/frame,128778240,1.0
mg_B_seed2801,reset_noise/scale/frame,128942080,1.0
mg_B_seed2801,reset_noise/scale/frame,129105920,1.0
mg_B_seed2801,reset_noise/scale/frame,129269760,1.0
mg_B_seed2801,reset_noise/scale/frame,129433600,1.0
mg_B_seed2801,reset_noise/scale/frame,129597440,1.0
mg_B_seed2801,reset_noise/scale/frame,129761280,1.0
mg_B_seed2801,reset_noise/scale/frame,129925120,1.0
mg_B_seed2801,reset_noise/scale/frame,130088960,1.0
mg_B_seed2801,reset_noise/scale/frame,130252800,1.0
mg_B_seed2801,reset_noise/scale/frame,130416640,1.0
mg_B_seed2801,reset_noise/scale/frame,130580480,1.0
mg_B_seed2801,reset_noise/scale/frame,130744320,1.0
mg_B_seed2801,reset_noise/scale/frame,130908160,1.0
mg_B_seed2801,reset_noise/scale/frame,131072000,1.0
mg_B_seed2801,reset_noise/scale/frame,131235840,1.0
mg_B_seed2801,reset_noise/scale/frame,131399680,1.0
mg_B_seed2801,reset_noise/scale/frame,131563520,1.0
mg_B_seed2801,reset_noise/scale/frame,131727360,1.0
mg_B_seed2801,reset_noise/scale/frame,131891200,1.0
mg_B_seed2801,reset_noise/scale/frame,132055040,1.0
mg_B_seed2801,reset_noise/scale/frame,132218880,1.0
mg_B_seed2801,reset_noise/scale/frame,132382720,1.0
mg_B_seed2801,reset_noise/scale/frame,132546560,1.0
mg_B_seed2801,reset_noise/scale/frame,132710400,1.0
mg_B_seed2801,reset_noise/scale/frame,132874240,1.0
mg_B_seed2801,reset_noise/scale/frame,133038080,1.0
mg_B_seed2801,reset_noise/scale/frame,133201920,1.0
mg_B_seed2801,reset_noise/scale/frame,133365760,1.0
mg_B_seed2801,reset_noise/scale/frame,133529600,1.0
mg_B_seed2801,reset_noise/scale/frame,133693440,1.0
mg_B_seed2801,reset_noise/scale/frame,133857280,1.0
mg_B_seed2801,reset_noise/scale/frame,134021120,1.0
mg_B_seed2801,reset_noise/scale/frame,134184960,1.0
mg_B_seed2801,reset_noise/scale/frame,134348800,1.0
mg_B_seed2801,reset_noise/scale/frame,134512640,1.0
mg_B_seed2801,reset_noise/scale/frame,134676480,1.0
mg_B_seed2801,reset_noise/scale/frame,134840320,1.0
mg_B_seed2801,reset_noise/scale/frame,135004160,1.0
mg_B_seed2801,reset_noise/scale/frame,135168000,1.0
mg_B_seed2801,reset_noise/scale/frame,135331840,1.0
mg_B_seed2801,reset_noise/scale/frame,135495680,1.0
mg_B_seed2801,reset_noise/scale/frame,135659520,1.0
mg_B_seed2801,reset_noise/scale/frame,135823360,1.0
mg_B_seed2801,reset_noise/scale/frame,135987200,1.0
mg_B_seed2801,reset_noise/scale/frame,136151040,1.0
mg_B_seed2801,reset_noise/scale/frame,136314880,1.0
mg_B_seed2801,reset_noise/scale/frame,136478720,1.0
mg_B_seed2801,reset_noise/scale/frame,136642560,1.0
mg_B_seed2801,reset_noise/scale/frame,136806400,1.0
mg_B_seed2801,reset_noise/scale/frame,136970240,1.0
mg_B_seed2801,reset_noise/scale/frame,137134080,1.0
mg_B_seed2801,reset_noise/scale/frame,137297920,1.0
mg_B_seed2801,reset_noise/scale/frame,137461760,1.0
mg_B_seed2801,reset_noise/scale/frame,137625600,1.0
mg_B_seed2801,reset_noise/scale/frame,137789440,1.0
mg_B_seed2801,reset_noise/scale/frame,137953280,1.0
mg_B_seed2801,reset_noise/scale/frame,138117120,1.0
mg_B_seed2801,reset_noise/scale/frame,138280960,1.0
mg_B_seed2801,reset_noise/scale/frame,138444800,1.0
mg_B_seed2801,reset_noise/scale/frame,138608640,1.0
mg_B_seed2801,reset_noise/scale/frame,138772480,1.0
mg_B_seed2801,reset_noise/scale/frame,138936320,1.0
mg_B_seed2801,reset_noise/scale/frame,139100160,1.0
mg_B_seed2801,reset_noise/scale/frame,139264000,1.0
mg_B_seed2801,reset_noise/scale/frame,139427840,1.0
mg_B_seed2801,reset_noise/scale/frame,139591680,1.0
mg_B_seed2801,reset_noise/scale/frame,139755520,1.0
mg_B_seed2801,reset_noise/scale/frame,139919360,1.0
mg_B_seed2801,reset_noise/scale/frame,140083200,1.0
mg_B_seed2801,reset_noise/scale/frame,140247040,1.0
mg_B_seed2801,reset_noise/scale/frame,140410880,1.0
mg_B_seed2801,reset_noise/scale/frame,140574720,1.0
mg_B_seed2801,reset_noise/scale/frame,140738560,1.0
mg_B_seed2801,reset_noise/scale/frame,140902400,1.0
mg_B_seed2801,reset_noise/scale/frame,141066240,1.0
mg_B_seed2801,reset_noise/scale/frame,141230080,1.0
mg_B_seed2801,reset_noise/scale/frame,141393920,1.0
mg_B_seed2801,reset_noise/scale/frame,141557760,1.0
mg_B_seed2801,reset_noise/scale/frame,141721600,1.0
mg_B_seed2801,reset_noise/scale/frame,141885440,1.0
mg_B_seed2801,reset_noise/scale/frame,142049280,1.0
mg_B_seed2801,reset_noise/scale/frame,142213120,1.0
mg_B_seed2801,reset_noise/scale/frame,142376960,1.0
mg_B_seed2801,reset_noise/scale/frame,142540800,1.0
mg_B_seed2801,reset_noise/scale/frame,142704640,1.0
mg_B_seed2801,reset_noise/scale/frame,142868480,1.0
mg_B_seed2801,reset_noise/scale/frame,143032320,1.0
mg_B_seed2801,reset_noise/scale/frame,143196160,1.0
mg_B_seed2801,reset_noise/scale/frame,143360000,1.0
mg_B_seed2801,reset_noise/scale/frame,143523840,1.0
mg_B_seed2801,reset_noise/scale/frame,143687680,1.0
mg_B_seed2801,reset_noise/scale/frame,143851520,1.0
mg_B_seed2801,reset_noise/scale/frame,144015360,1.0
mg_B_seed2801,reset_noise/scale/frame,144179200,1.0
mg_B_seed2801,reset_noise/scale/frame,144343040,1.0
mg_B_seed2801,reset_noise/scale/frame,144506880,1.0
mg_B_seed2801,reset_noise/scale/frame,144670720,1.0
mg_B_seed2801,reset_noise/scale/frame,144834560,1.0
mg_B_seed2801,reset_noise/scale/frame,144998400,1.0
mg_B_seed2801,reset_noise/scale/frame,145162240,1.0
mg_B_seed2801,reset_noise/scale/frame,145326080,1.0
mg_B_seed2801,reset_noise/scale/frame,145489920,1.0
mg_B_seed2801,reset_noise/scale/frame,145653760,1.0
mg_B_seed2801,reset_noise/scale/frame,145817600,1.0
mg_B_seed2801,reset_noise/scale/frame,145981440,1.0
mg_B_seed2801,reset_noise/scale/frame,146145280,1.0
mg_B_seed2801,reset_noise/scale/frame,146309120,1.0
mg_B_seed2801,reset_noise/scale/frame,146472960,1.0
mg_B_seed2801,reset_noise/scale/frame,146636800,1.0
mg_B_seed2801,reset_noise/scale/frame,146800640,1.0
mg_B_seed2801,reset_noise/scale/frame,146964480,1.0
mg_B_seed2801,reset_noise/scale/frame,147128320,1.0
mg_B_seed2801,reset_noise/scale/frame,147292160,1.0
mg_B_seed2801,reset_noise/scale/frame,147456000,1.0
mg_B_seed2801,reset_noise/scale/frame,147619840,1.0
mg_B_seed2801,reset_noise/scale/frame,147783680,1.0
mg_B_seed2801,reset_noise/scale/frame,147947520,1.0
mg_B_seed2801,reset_noise/scale/frame,148111360,1.0
mg_B_seed2801,reset_noise/scale/frame,148275200,1.0
mg_B_seed2801,reset_noise/scale/frame,148439040,1.0
mg_B_seed2801,reset_noise/scale/frame,148602880,1.0
mg_B_seed2801,reset_noise/scale/frame,148766720,1.0
mg_B_seed2801,reset_noise/scale/frame,148930560,1.0
mg_B_seed2801,reset_noise/scale/frame,149094400,1.0
mg_B_seed2801,reset_noise/scale/frame,149258240,1.0
mg_B_seed2801,reset_noise/scale/frame,149422080,1.0
mg_B_seed2801,reset_noise/scale/frame,149585920,1.0
mg_B_seed2801,reset_noise/scale/frame,149749760,1.0
mg_B_seed2801,reset_noise/scale/frame,149913600,1.0
mg_B_seed2801,reset_noise/scale/frame,150077440,1.0
mg_B_seed2801,reset_noise/scale/frame,150241280,1.0
mg_B_seed2801,reset_noise/scale/frame,150405120,1.0
mg_B_seed2801,reset_noise/scale/frame,150568960,1.0
mg_B_seed2801,reset_noise/scale/frame,150732800,1.0
mg_B_seed2801,reset_noise/scale/frame,150896640,1.0
mg_B_seed2801,reset_noise/scale/frame,151060480,1.0
mg_B_seed2801,reset_noise/scale/frame,151224320,1.0
mg_B_seed2801,reset_noise/scale/frame,151388160,1.0
mg_B_seed2801,reset_noise/scale/frame,151552000,1.0
mg_B_seed2801,reset_noise/scale/frame,151715840,1.0
mg_B_seed2801,reset_noise/scale/frame,151879680,1.0
mg_B_seed2801,reset_noise/scale/frame,152043520,1.0
mg_B_seed2801,reset_noise/scale/frame,152207360,1.0
mg_B_seed2801,reset_noise/scale/frame,152371200,1.0
mg_B_seed2801,reset_noise/scale/frame,152535040,1.0
mg_B_seed2801,reset_noise/scale/frame,152698880,1.0
mg_B_seed2801,reset_noise/scale/frame,152862720,1.0
mg_B_seed2801,reset_noise/scale/frame,153026560,1.0
mg_B_seed2801,reset_noise/scale/frame,153190400,1.0
mg_B_seed2801,reset_noise/scale/frame,153354240,1.0
mg_B_seed2801,reset_noise/scale/frame,153518080,1.0
mg_B_seed2801,reset_noise/scale/frame,153681920,1.0
mg_B_seed2801,reset_noise/scale/frame,153845760,1.0
mg_B_seed2801,reset_noise/scale/frame,154009600,1.0
mg_B_seed2801,reset_noise/scale/frame,154173440,1.0
mg_B_seed2801,reset_noise/scale/frame,154337280,1.0
mg_B_seed2801,reset_noise/scale/frame,154501120,1.0
mg_B_seed2801,reset_noise/scale/frame,154664960,1.0
mg_B_seed2801,reset_noise/scale/frame,154828800,1.0
mg_B_seed2801,reset_noise/scale/frame,154992640,1.0
mg_B_seed2801,reset_noise/scale/frame,155156480,1.0
mg_B_seed2801,reset_noise/scale/frame,155320320,1.0
mg_B_seed2801,reset_noise/scale/frame,155484160,1.0
mg_B_seed2801,reset_noise/scale/frame,155648000,1.0
mg_B_seed2801,reset_noise/scale/frame,155811840,1.0
mg_B_seed2801,reset_noise/scale/frame,155975680,1.0
mg_B_seed2801,reset_noise/scale/frame,156139520,1.0
mg_B_seed2801,reset_noise/scale/frame,156303360,1.0
mg_B_seed2801,reset_noise/scale/frame,156467200,1.0
mg_B_seed2801,reset_noise/scale/frame,156631040,1.0
mg_B_seed2801,reset_noise/scale/frame,156794880,1.0
mg_B_seed2801,reset_noise/scale/frame,156958720,1.0
mg_B_seed2801,reset_noise/scale/frame,157122560,1.0
mg_B_seed2801,reset_noise/scale/frame,157286400,1.0
mg_B_seed2801,reset_noise/scale/frame,157450240,1.0
mg_B_seed2801,reset_noise/scale/frame,157614080,1.0
mg_B_seed2801,reset_noise/scale/frame,157777920,1.0
mg_B_seed2801,reset_noise/scale/frame,157941760,1.0
mg_B_seed2801,reset_noise/scale/frame,158105600,1.0
mg_B_seed2801,reset_noise/scale/frame,158269440,1.0
mg_B_seed2801,reset_noise/scale/frame,158433280,1.0
mg_B_seed2801,reset_noise/scale/frame,158597120,1.0
mg_B_seed2801,reset_noise/scale/frame,158760960,1.0
mg_B_seed2801,reset_noise/scale/frame,158924800,1.0
mg_B_seed2801,reset_noise/scale/frame,159088640,1.0
mg_B_seed2801,reset_noise/scale/frame,159252480,1.0
mg_B_seed2801,reset_noise/scale/frame,159416320,1.0
mg_B_seed2801,reset_noise/scale/frame,159580160,1.0
mg_B_seed2801,reset_noise/scale/frame,159744000,1.0
mg_B_seed2801,reset_noise/scale/frame,159907840,1.0
mg_B_seed2801,reset_noise/scale/frame,160071680,1.0
mg_B_seed2801,reset_noise/scale/frame,160235520,1.0
mg_B_seed2801,reset_noise/scale/frame,160399360,1.0
mg_B_seed2801,reset_noise/scale/frame,160563200,1.0
mg_B_seed2801,reset_noise/scale/frame,160727040,1.0
mg_B_seed2801,reset_noise/scale/frame,160890880,1.0
mg_B_seed2801,reset_noise/scale/frame,161054720,1.0
mg_B_seed2801,reset_noise/scale/frame,161218560,1.0
mg_B_seed2801,reset_noise/scale/frame,161382400,1.0
mg_B_seed2801,reset_noise/scale/frame,161546240,1.0
mg_B_seed2801,reset_noise/scale/frame,161710080,1.0
mg_B_seed2801,reset_noise/scale/frame,161873920,1.0
mg_B_seed2801,reset_noise/scale/frame,162037760,1.0
mg_B_seed2801,reset_noise/scale/frame,162201600,1.0
mg_B_seed2801,reset_noise/scale/frame,162365440,1.0
mg_B_seed2801,reset_noise/scale/frame,162529280,1.0
mg_B_seed2801,reset_noise/scale/frame,162693120,1.0
mg_B_seed2801,reset_noise/scale/frame,162856960,1.0
mg_B_seed2801,reset_noise/scale/frame,163020800,1.0
mg_B_seed2801,reset_noise/scale/frame,163184640,1.0
mg_B_seed2801,reset_noise/scale/frame,163348480,1.0
mg_B_seed2801,reset_noise/scale/frame,163512320,1.0
mg_B_seed2801,reset_noise/scale/frame,163676160,1.0
mg_B_seed2801,reset_noise/scale/frame,163840000,1.0
mg_B_seed2801,reward_curriculum/progress/frame,163840,0.0
mg_B_seed2801,reward_curriculum/progress/frame,327680,0.0
mg_B_seed2801,reward_curriculum/progress/frame,491520,0.0
mg_B_seed2801,reward_curriculum/progress/frame,655360,0.0
mg_B_seed2801,reward_curriculum/progress/frame,819200,0.0
mg_B_seed2801,reward_curriculum/progress/frame,983040,0.0
mg_B_seed2801,reward_curriculum/progress/frame,1146880,0.0
mg_B_seed2801,reward_curriculum/progress/frame,1310720,0.0
mg_B_seed2801,reward_curriculum/progress/frame,1474560,0.0
mg_B_seed2801,reward_curriculum/progress/frame,1638400,0.0
mg_B_seed2801,reward_curriculum/progress/frame,1802240,0.0
mg_B_seed2801,reward_curriculum/progress/frame,1966080,0.0
mg_B_seed2801,reward_curriculum/progress/frame,2129920,0.0
mg_B_seed2801,reward_curriculum/progress/frame,2293760,0.0
mg_B_seed2801,reward_curriculum/progress/frame,2457600,0.0
mg_B_seed2801,reward_curriculum/progress/frame,2621440,0.0
mg_B_seed2801,reward_curriculum/progress/frame,2785280,0.0
mg_B_seed2801,reward_curriculum/progress/frame,2949120,0.0
mg_B_seed2801,reward_curriculum/progress/frame,3112960,0.0
mg_B_seed2801,reward_curriculum/progress/frame,3276800,0.0
mg_B_seed2801,reward_curriculum/progress/frame,3440640,0.0
mg_B_seed2801,reward_curriculum/progress/frame,3604480,0.0
mg_B_seed2801,reward_curriculum/progress/frame,3768320,0.0
mg_B_seed2801,reward_curriculum/progress/frame,3932160,0.0
mg_B_seed2801,reward_curriculum/progress/frame,4096000,0.0
mg_B_seed2801,reward_curriculum/progress/frame,4259840,0.0
mg_B_seed2801,reward_curriculum/progress/frame,4423680,0.0
mg_B_seed2801,reward_curriculum/progress/frame,4587520,0.0
mg_B_seed2801,reward_curriculum/progress/frame,4751360,0.0
mg_B_seed2801,reward_curriculum/progress/frame,4915200,0.0
mg_B_seed2801,reward_curriculum/progress/frame,5079040,0.0
mg_B_seed2801,reward_curriculum/progress/frame,5242880,0.0
mg_B_seed2801,reward_curriculum/progress/frame,5406720,0.0
mg_B_seed2801,reward_curriculum/progress/frame,5570560,0.0
mg_B_seed2801,reward_curriculum/progress/frame,5734400,0.0
mg_B_seed2801,reward_curriculum/progress/frame,5898240,0.0
mg_B_seed2801,reward_curriculum/progress/frame,6062080,0.0
mg_B_seed2801,reward_curriculum/progress/frame,6225920,0.0
mg_B_seed2801,reward_curriculum/progress/frame,6389760,0.0
mg_B_seed2801,reward_curriculum/progress/frame,6553600,0.0
mg_B_seed2801,reward_curriculum/progress/frame,6717440,0.0
mg_B_seed2801,reward_curriculum/progress/frame,6881280,0.0
mg_B_seed2801,reward_curriculum/progress/frame,7045120,0.0
mg_B_seed2801,reward_curriculum/progress/frame,7208960,0.0
mg_B_seed2801,reward_curriculum/progress/frame,7372800,0.0
mg_B_seed2801,reward_curriculum/progress/frame,7536640,0.0
mg_B_seed2801,reward_curriculum/progress/frame,7700480,0.0
mg_B_seed2801,reward_curriculum/progress/frame,7864320,0.0
mg_B_seed2801,reward_curriculum/progress/frame,8028160,0.0
mg_B_seed2801,reward_curriculum/progress/frame,8192000,0.0
mg_B_seed2801,reward_curriculum/progress/frame,8355840,0.0
mg_B_seed2801,reward_curriculum/progress/frame,8519680,0.0
mg_B_seed2801,reward_curriculum/progress/frame,8683520,0.0
mg_B_seed2801,reward_curriculum/progress/frame,8847360,0.0
mg_B_seed2801,reward_curriculum/progress/frame,9011200,0.0
mg_B_seed2801,reward_curriculum/progress/frame,9175040,0.0
mg_B_seed2801,reward_curriculum/progress/frame,9338880,0.0
mg_B_seed2801,reward_curriculum/progress/frame,9502720,0.0
mg_B_seed2801,reward_curriculum/progress/frame,9666560,0.0
mg_B_seed2801,reward_curriculum/progress/frame,9830400,0.0
mg_B_seed2801,reward_curriculum/progress/frame,9994240,0.0
mg_B_seed2801,reward_curriculum/progress/frame,10158080,0.0
mg_B_seed2801,reward_curriculum/progress/frame,10321920,0.0
mg_B_seed2801,reward_curriculum/progress/frame,10485760,0.0
mg_B_seed2801,reward_curriculum/progress/frame,10649600,0.0
mg_B_seed2801,reward_curriculum/progress/frame,10813440,0.0
mg_B_seed2801,reward_curriculum/progress/frame,10977280,0.0
mg_B_seed2801,reward_curriculum/progress/frame,11141120,0.0
mg_B_seed2801,reward_curriculum/progress/frame,11304960,0.0
mg_B_seed2801,reward_curriculum/progress/frame,11468800,0.0
mg_B_seed2801,reward_curriculum/progress/frame,11632640,0.0
mg_B_seed2801,reward_curriculum/progress/frame,11796480,0.0
mg_B_seed2801,reward_curriculum/progress/frame,11960320,0.0
mg_B_seed2801,reward_curriculum/progress/frame,12124160,0.0
mg_B_seed2801,reward_curriculum/progress/frame,12288000,0.0
mg_B_seed2801,reward_curriculum/progress/frame,12451840,0.0
mg_B_seed2801,reward_curriculum/progress/frame,12615680,0.0
mg_B_seed2801,reward_curriculum/progress/frame,12779520,0.0
mg_B_seed2801,reward_curriculum/progress/frame,12943360,0.0
mg_B_seed2801,reward_curriculum/progress/frame,13107200,0.0
mg_B_seed2801,reward_curriculum/progress/frame,13271040,0.0
mg_B_seed2801,reward_curriculum/progress/frame,13434880,0.0
mg_B_seed2801,reward_curriculum/progress/frame,13598720,0.0
mg_B_seed2801,reward_curriculum/progress/frame,13762560,0.0
mg_B_seed2801,reward_curriculum/progress/frame,13926400,0.0
mg_B_seed2801,reward_curriculum/progress/frame,14090240,0.0
mg_B_seed2801,reward_curriculum/progress/frame,14254080,0.0
mg_B_seed2801,reward_curriculum/progress/frame,14417920,0.0
mg_B_seed2801,reward_curriculum/progress/frame,14581760,0.0
mg_B_seed2801,reward_curriculum/progress/frame,14745600,0.0
mg_B_seed2801,reward_curriculum/progress/frame,14909440,0.0
mg_B_seed2801,reward_curriculum/progress/frame,15073280,0.0
mg_B_seed2801,reward_curriculum/progress/frame,15237120,0.0
mg_B_seed2801,reward_curriculum/progress/frame,15400960,0.0
mg_B_seed2801,reward_curriculum/progress/frame,15564800,0.0
mg_B_seed2801,reward_curriculum/progress/frame,15728640,0.0
mg_B_seed2801,reward_curriculum/progress/frame,15892480,0.0
mg_B_seed2801,reward_curriculum/progress/frame,16056320,0.0
mg_B_seed2801,reward_curriculum/progress/frame,16220160,0.0
mg_B_seed2801,reward_curriculum/progress/frame,16384000,0.0
mg_B_seed2801,reward_curriculum/progress/frame,16547840,0.0
mg_B_seed2801,reward_curriculum/progress/frame,16711680,0.0
mg_B_seed2801,reward_curriculum/progress/frame,16875520,0.0
mg_B_seed2801,reward_curriculum/progress/frame,17039360,0.0
mg_B_seed2801,reward_curriculum/progress/frame,17203200,0.0
mg_B_seed2801,reward_curriculum/progress/frame,17367040,0.0
mg_B_seed2801,reward_curriculum/progress/frame,17530880,0.0
mg_B_seed2801,reward_curriculum/progress/frame,17694720,0.0
mg_B_seed2801,reward_curriculum/progress/frame,17858560,0.0
mg_B_seed2801,reward_curriculum/progress/frame,18022400,0.0
mg_B_seed2801,reward_curriculum/progress/frame,18186240,0.0
mg_B_seed2801,reward_curriculum/progress/frame,18350080,0.0
mg_B_seed2801,reward_curriculum/progress/frame,18513920,0.0
mg_B_seed2801,reward_curriculum/progress/frame,18677760,0.0
mg_B_seed2801,reward_curriculum/progress/frame,18841600,0.0
mg_B_seed2801,reward_curriculum/progress/frame,19005440,0.0
mg_B_seed2801,reward_curriculum/progress/frame,19169280,0.0
mg_B_seed2801,reward_curriculum/progress/frame,19333120,0.0
mg_B_seed2801,reward_curriculum/progress/frame,19496960,0.0
mg_B_seed2801,reward_curriculum/progress/frame,19660800,0.0
mg_B_seed2801,reward_curriculum/progress/frame,19824640,0.0
mg_B_seed2801,reward_curriculum/progress/frame,19988480,0.0
mg_B_seed2801,reward_curriculum/progress/frame,20152320,0.0
mg_B_seed2801,reward_curriculum/progress/frame,20316160,0.0
mg_B_seed2801,reward_curriculum/progress/frame,20480000,0.0
mg_B_seed2801,reward_curriculum/progress/frame,20643840,0.0
mg_B_seed2801,reward_curriculum/progress/frame,20807680,0.0
mg_B_seed2801,reward_curriculum/progress/frame,20971520,0.0
mg_B_seed2801,reward_curriculum/progress/frame,21135360,0.0
mg_B_seed2801,reward_curriculum/progress/frame,21299200,0.0
mg_B_seed2801,reward_curriculum/progress/frame,21463040,0.0
mg_B_seed2801,reward_curriculum/progress/frame,21626880,0.0
mg_B_seed2801,reward_curriculum/progress/frame,21790720,0.0
mg_B_seed2801,reward_curriculum/progress/frame,21954560,0.0
mg_B_seed2801,reward_curriculum/progress/frame,22118400,0.0
mg_B_seed2801,reward_curriculum/progress/frame,22282240,0.0
mg_B_seed2801,reward_curriculum/progress/frame,22446080,0.0
mg_B_seed2801,reward_curriculum/progress/frame,22609920,0.0
mg_B_seed2801,reward_curriculum/progress/frame,22773760,0.0
mg_B_seed2801,reward_curriculum/progress/frame,22937600,0.0
mg_B_seed2801,reward_curriculum/progress/frame,23101440,0.0
mg_B_seed2801,reward_curriculum/progress/frame,23265280,0.0
mg_B_seed2801,reward_curriculum/progress/frame,23429120,0.0
mg_B_seed2801,reward_curriculum/progress/frame,23592960,0.0
mg_B_seed2801,reward_curriculum/progress/frame,23756800,0.0
mg_B_seed2801,reward_curriculum/progress/frame,23920640,0.0
mg_B_seed2801,reward_curriculum/progress/frame,24084480,0.0
mg_B_seed2801,reward_curriculum/progress/frame,24248320,0.0
mg_B_seed2801,reward_curriculum/progress/frame,24412160,0.0
mg_B_seed2801,reward_curriculum/progress/frame,24576000,0.0
mg_B_seed2801,reward_curriculum/progress/frame,24739840,0.0
mg_B_seed2801,reward_curriculum/progress/frame,24903680,0.0
mg_B_seed2801,reward_curriculum/progress/frame,25067520,0.0
mg_B_seed2801,reward_curriculum/progress/frame,25231360,0.0
mg_B_seed2801,reward_curriculum/progress/frame,25395200,0.0
mg_B_seed2801,reward_curriculum/progress/frame,25559040,0.0
mg_B_seed2801,reward_curriculum/progress/frame,25722880,0.0
mg_B_seed2801,reward_curriculum/progress/frame,25886720,0.0
mg_B_seed2801,reward_curriculum/progress/frame,26050560,0.0
mg_B_seed2801,reward_curriculum/progress/frame,26214400,0.0
mg_B_seed2801,reward_curriculum/progress/frame,26378240,0.0
mg_B_seed2801,reward_curriculum/progress/frame,26542080,0.0
mg_B_seed2801,reward_curriculum/progress/frame,26705920,0.0
mg_B_seed2801,reward_curriculum/progress/frame,26869760,0.0
mg_B_seed2801,reward_curriculum/progress/frame,27033600,0.0
mg_B_seed2801,reward_curriculum/progress/frame,27197440,0.0
mg_B_seed2801,reward_curriculum/progress/frame,27361280,0.0
mg_B_seed2801,reward_curriculum/progress/frame,27525120,0.0
mg_B_seed2801,reward_curriculum/progress/frame,27688960,0.0
mg_B_seed2801,reward_curriculum/progress/frame,27852800,0.0
mg_B_seed2801,reward_curriculum/progress/frame,28016640,0.0
mg_B_seed2801,reward_curriculum/progress/frame,28180480,0.0
mg_B_seed2801,reward_curriculum/progress/frame,28344320,0.0
mg_B_seed2801,reward_curriculum/progress/frame,28508160,0.0
mg_B_seed2801,reward_curriculum/progress/frame,28672000,0.0
mg_B_seed2801,reward_curriculum/progress/frame,28835840,0.0
mg_B_seed2801,reward_curriculum/progress/frame,28999680,0.0
mg_B_seed2801,reward_curriculum/progress/frame,29163520,0.0
mg_B_seed2801,reward_curriculum/progress/frame,29327360,0.0
mg_B_seed2801,reward_curriculum/progress/frame,29491200,0.0
mg_B_seed2801,reward_curriculum/progress/frame,29655040,0.0
mg_B_seed2801,reward_curriculum/progress/frame,29818880,0.0
mg_B_seed2801,reward_curriculum/progress/frame,29982720,0.0
mg_B_seed2801,reward_curriculum/progress/frame,30146560,0.0
mg_B_seed2801,reward_curriculum/progress/frame,30310400,0.0
mg_B_seed2801,reward_curriculum/progress/frame,30474240,0.0
mg_B_seed2801,reward_curriculum/progress/frame,30638080,0.0
mg_B_seed2801,reward_curriculum/progress/frame,30801920,0.0
mg_B_seed2801,reward_curriculum/progress/frame,30965760,0.0
mg_B_seed2801,reward_curriculum/progress/frame,31129600,0.0
mg_B_seed2801,reward_curriculum/progress/frame,31293440,0.0
mg_B_seed2801,reward_curriculum/progress/frame,31457280,0.0
mg_B_seed2801,reward_curriculum/progress/frame,31621120,0.0
mg_B_seed2801,reward_curriculum/progress/frame,31784960,0.0
mg_B_seed2801,reward_curriculum/progress/frame,31948800,0.0
mg_B_seed2801,reward_curriculum/progress/frame,32112640,0.0
mg_B_seed2801,reward_curriculum/progress/frame,32276480,0.0
mg_B_seed2801,reward_curriculum/progress/frame,32440320,0.0
mg_B_seed2801,reward_curriculum/progress/frame,32604160,0.0
mg_B_seed2801,reward_curriculum/progress/frame,32768000,0.0
mg_B_seed2801,reward_curriculum/progress/frame,32931840,0.0005555555690079927
mg_B_seed2801,reward_curriculum/progress/frame,33095680,0.0011111111380159855
mg_B_seed2801,reward_curriculum/progress/frame,33259520,0.0016666667070239782
mg_B_seed2801,reward_curriculum/progress/frame,33423360,0.002222222276031971
mg_B_seed2801,reward_curriculum/progress/frame,33587200,0.0027777778450399637
mg_B_seed2801,reward_curriculum/progress/frame,33751040,0.0033333334140479565
mg_B_seed2801,reward_curriculum/progress/frame,33914880,0.003888888983055949
mg_B_seed2801,reward_curriculum/progress/frame,34078720,0.004444444552063942
mg_B_seed2801,reward_curriculum/progress/frame,34242560,0.004999999888241291
mg_B_seed2801,reward_curriculum/progress/frame,34406400,0.0055555556900799274
mg_B_seed2801,reward_curriculum/progress/frame,34570240,0.0061111110262572765
mg_B_seed2801,reward_curriculum/progress/frame,34734080,0.006666666828095913
mg_B_seed2801,reward_curriculum/progress/frame,34897920,0.007222222164273262
mg_B_seed2801,reward_curriculum/progress/frame,35061760,0.007777777966111898
mg_B_seed2801,reward_curriculum/progress/frame,35225600,0.008333333767950535
mg_B_seed2801,reward_curriculum/progress/frame,35389440,0.008888889104127884
mg_B_seed2801,reward_curriculum/progress/frame,35553280,0.009444444440305233
mg_B_seed2801,reward_curriculum/progress/frame,35717120,0.009999999776482582
mg_B_seed2801,reward_curriculum/progress/frame,35880960,0.010555555112659931
mg_B_seed2801,reward_curriculum/progress/frame,36044800,0.011111111380159855
mg_B_seed2801,reward_curriculum/progress/frame,36208640,0.011666666716337204
mg_B_seed2801,reward_curriculum/progress/frame,36372480,0.012222222052514553
mg_B_seed2801,reward_curriculum/progress/frame,36536320,0.012777777388691902
mg_B_seed2801,reward_curriculum/progress/frame,36700160,0.013333333656191826
mg_B_seed2801,reward_curriculum/progress/frame,36864000,0.013888888992369175
mg_B_seed2801,reward_curriculum/progress/frame,37027840,0.014444444328546524
mg_B_seed2801,reward_curriculum/progress/frame,37191680,0.014999999664723873
mg_B_seed2801,reward_curriculum/progress/frame,37355520,0.015555555932223797
mg_B_seed2801,reward_curriculum/progress/frame,37519360,0.016111111268401146
mg_B_seed2801,reward_curriculum/progress/frame,37683200,0.01666666753590107
mg_B_seed2801,reward_curriculum/progress/frame,37847040,0.017222221940755844
mg_B_seed2801,reward_curriculum/progress/frame,38010880,0.017777778208255768
mg_B_seed2801,reward_curriculum/progress/frame,38174720,0.018333332613110542
mg_B_seed2801,reward_curriculum/progress/frame,38338560,0.018888888880610466
mg_B_seed2801,reward_curriculum/progress/frame,38502400,0.01944444514811039
mg_B_seed2801,reward_curriculum/progress/frame,38666240,0.019999999552965164
mg_B_seed2801,reward_curriculum/progress/frame,38830080,0.020555555820465088
mg_B_seed2801,reward_curriculum/progress/frame,38993920,0.021111110225319862
mg_B_seed2801,reward_curriculum/progress/frame,39157760,0.021666666492819786
mg_B_seed2801,reward_curriculum/progress/frame,39321600,0.02222222276031971
mg_B_seed2801,reward_curriculum/progress/frame,39485440,0.022777777165174484
mg_B_seed2801,reward_curriculum/progress/frame,39649280,0.023333333432674408
mg_B_seed2801,reward_curriculum/progress/frame,39813120,0.02388888970017433
mg_B_seed2801,reward_curriculum/progress/frame,39976960,0.024444444105029106
mg_B_seed2801,reward_curriculum/progress/frame,40140800,0.02500000037252903
mg_B_seed2801,reward_curriculum/progress/frame,40304640,0.025555554777383804
mg_B_seed2801,reward_curriculum/progress/frame,40468480,0.026111111044883728
mg_B_seed2801,reward_curriculum/progress/frame,40632320,0.02666666731238365
mg_B_seed2801,reward_curriculum/progress/frame,40796160,0.027222221717238426
mg_B_seed2801,reward_curriculum/progress/frame,40960000,0.02777777798473835
mg_B_seed2801,reward_curriculum/progress/frame,41123840,0.028333334252238274
mg_B_seed2801,reward_curriculum/progress/frame,41287680,0.028888888657093048
mg_B_seed2801,reward_curriculum/progress/frame,41451520,0.029444444924592972
mg_B_seed2801,reward_curriculum/progress/frame,41615360,0.029999999329447746
mg_B_seed2801,reward_curriculum/progress/frame,41779200,0.03055555559694767
mg_B_seed2801,reward_curriculum/progress/frame,41943040,0.031111111864447594
mg_B_seed2801,reward_curriculum/progress/frame,42106880,0.03166666626930237
mg_B_seed2801,reward_curriculum/progress/frame,42270720,0.03222222253680229
mg_B_seed2801,reward_curriculum/progress/frame,42434560,0.032777778804302216
mg_B_seed2801,reward_curriculum/progress/frame,42598400,0.03333333507180214
mg_B_seed2801,reward_curriculum/progress/frame,42762240,0.033888887614011765
mg_B_seed2801,reward_curriculum/progress/frame,42926080,0.03444444388151169
mg_B_seed2801,reward_curriculum/progress/frame,43089920,0.03500000014901161
mg_B_seed2801,reward_curriculum/progress/frame,43253760,0.035555556416511536
mg_B_seed2801,reward_curriculum/progress/frame,43417600,0.03611111268401146
mg_B_seed2801,reward_curriculum/progress/frame,43581440,0.036666665226221085
mg_B_seed2801,reward_curriculum/progress/frame,43745280,0.03722222149372101
mg_B_seed2801,reward_curriculum/progress/frame,43909120,0.03777777776122093
mg_B_seed2801,reward_curriculum/progress/frame,44072960,0.038333334028720856
mg_B_seed2801,reward_curriculum/progress/frame,44236800,0.03888889029622078
mg_B_seed2801,reward_curriculum/progress/frame,44400640,0.039444442838430405
mg_B_seed2801,reward_curriculum/progress/frame,44564480,0.03999999910593033
mg_B_seed2801,reward_curriculum/progress/frame,44728320,0.04055555537343025
mg_B_seed2801,reward_curriculum/progress/frame,44892160,0.041111111640930176
mg_B_seed2801,reward_curriculum/progress/frame,45056000,0.0416666679084301
mg_B_seed2801,reward_curriculum/progress/frame,45219840,0.042222220450639725
mg_B_seed2801,reward_curriculum/progress/frame,45383680,0.04277777671813965
mg_B_seed2801,reward_curriculum/progress/frame,45547520,0.04333333298563957
mg_B_seed2801,reward_curriculum/progress/frame,45711360,0.043888889253139496
mg_B_seed2801,reward_curriculum/progress/frame,45875200,0.04444444552063942
mg_B_seed2801,reward_curriculum/progress/frame,46039040,0.04500000178813934
mg_B_seed2801,reward_curriculum/progress/frame,46202880,0.04555555433034897
mg_B_seed2801,reward_curriculum/progress/frame,46366720,0.04611111059784889
mg_B_seed2801,reward_curriculum/progress/frame,46530560,0.046666666865348816
mg_B_seed2801,reward_curriculum/progress/frame,46694400,0.04722222313284874
mg_B_seed2801,reward_curriculum/progress/frame,46858240,0.04777777940034866
mg_B_seed2801,reward_curriculum/progress/frame,47022080,0.04833333194255829
mg_B_seed2801,reward_curriculum/progress/frame,47185920,0.04888888821005821
mg_B_seed2801,reward_curriculum/progress/frame,47349760,0.049444444477558136
mg_B_seed2801,reward_curriculum/progress/frame,47513600,0.05000000074505806
mg_B_seed2801,reward_curriculum/progress/frame,47677440,0.05055555701255798
mg_B_seed2801,reward_curriculum/progress/frame,47841280,0.05111110955476761
mg_B_seed2801,reward_curriculum/progress/frame,48005120,0.05166666582226753
mg_B_seed2801,reward_curriculum/progress/frame,48168960,0.052222222089767456
mg_B_seed2801,reward_curriculum/progress/frame,48332800,0.05277777835726738
mg_B_seed2801,reward_curriculum/progress/frame,48496640,0.0533333346247673
mg_B_seed2801,reward_curriculum/progress/frame,48660480,0.05388888716697693
mg_B_seed2801,reward_curriculum/progress/frame,48824320,0.05444444343447685
mg_B_seed2801,reward_curriculum/progress/frame,48988160,0.054999999701976776
mg_B_seed2801,reward_curriculum/progress/frame,49152000,0.0555555559694767
mg_B_seed2801,reward_curriculum/progress/frame,49315840,0.056111112236976624
mg_B_seed2801,reward_curriculum/progress/frame,49479680,0.05666666850447655
mg_B_seed2801,reward_curriculum/progress/frame,49643520,0.05722222104668617
mg_B_seed2801,reward_curriculum/progress/frame,49807360,0.057777777314186096
mg_B_seed2801,reward_curriculum/progress/frame,49971200,0.05833333358168602
mg_B_seed2801,reward_curriculum/progress/frame,50135040,0.058888889849185944
mg_B_seed2801,reward_curriculum/progress/frame,50298880,0.05944444611668587
mg_B_seed2801,reward_curriculum/progress/frame,50462720,0.05999999865889549
mg_B_seed2801,reward_curriculum/progress/frame,50626560,0.060555554926395416
mg_B_seed2801,reward_curriculum/progress/frame,50790400,0.06111111119389534
mg_B_seed2801,reward_curriculum/progress/frame,50954240,0.061666667461395264
mg_B_seed2801,reward_curriculum/progress/frame,51118080,0.06222222372889519
mg_B_seed2801,reward_curriculum/progress/frame,51281920,0.06277777999639511
mg_B_seed2801,reward_curriculum/progress/frame,51445760,0.06333333253860474
mg_B_seed2801,reward_curriculum/progress/frame,51609600,0.06388889253139496
mg_B_seed2801,reward_curriculum/progress/frame,51773440,0.06444444507360458
mg_B_seed2801,reward_curriculum/progress/frame,51937280,0.06499999761581421
mg_B_seed2801,reward_curriculum/progress/frame,52101120,0.06555555760860443
mg_B_seed2801,reward_curriculum/progress/frame,52264960,0.06611111015081406
mg_B_seed2801,reward_curriculum/progress/frame,52428800,0.06666667014360428
mg_B_seed2801,reward_curriculum/progress/frame,52592640,0.0672222226858139
mg_B_seed2801,reward_curriculum/progress/frame,52756480,0.06777777522802353
mg_B_seed2801,reward_curriculum/progress/frame,52920320,0.06833333522081375
mg_B_seed2801,reward_curriculum/progress/frame,53084160,0.06888888776302338
mg_B_seed2801,reward_curriculum/progress/frame,53248000,0.0694444477558136
mg_B_seed2801,reward_curriculum/progress/frame,53411840,0.07000000029802322
mg_B_seed2801,reward_curriculum/progress/frame,53575680,0.07055555284023285
mg_B_seed2801,reward_curriculum/progress/frame,53739520,0.07111111283302307
mg_B_seed2801,reward_curriculum/progress/frame,53903360,0.0716666653752327
mg_B_seed2801,reward_curriculum/progress/frame,54067200,0.07222222536802292
mg_B_seed2801,reward_curriculum/progress/frame,54231040,0.07277777791023254
mg_B_seed2801,reward_curriculum/progress/frame,54394880,0.07333333045244217
mg_B_seed2801,reward_curriculum/progress/frame,54558720,0.07388889044523239
mg_B_seed2801,reward_curriculum/progress/frame,54722560,0.07444444298744202
mg_B_seed2801,reward_curriculum/progress/frame,54886400,0.07500000298023224
mg_B_seed2801,reward_curriculum/progress/frame,55050240,0.07555555552244186
mg_B_seed2801,reward_curriculum/progress/frame,55214080,0.07611110806465149
mg_B_seed2801,reward_curriculum/progress/frame,55377920,0.07666666805744171
mg_B_seed2801,reward_curriculum/progress/frame,55541760,0.07722222059965134
mg_B_seed2801,reward_curriculum/progress/frame,55705600,0.07777778059244156
mg_B_seed2801,reward_curriculum/progress/frame,55869440,0.07833333313465118
mg_B_seed2801,reward_curriculum/progress/frame,56033280,0.07888888567686081
mg_B_seed2801,reward_curriculum/progress/frame,56197120,0.07944444566965103
mg_B_seed2801,reward_curriculum/progress/frame,56360960,0.07999999821186066
mg_B_seed2801,reward_curriculum/progress/frame,56524800,0.08055555820465088
mg_B_seed2801,reward_curriculum/progress/frame,56688640,0.0811111107468605
mg_B_seed2801,reward_curriculum/progress/frame,56852480,0.08166666328907013
mg_B_seed2801,reward_curriculum/progress/frame,57016320,0.08222222328186035
mg_B_seed2801,reward_curriculum/progress/frame,57180160,0.08277777582406998
mg_B_seed2801,reward_curriculum/progress/frame,57344000,0.0833333358168602
mg_B_seed2801,reward_curriculum/progress/frame,57507840,0.08388888835906982
mg_B_seed2801,reward_curriculum/progress/frame,57671680,0.08444444090127945
mg_B_seed2801,reward_curriculum/progress/frame,57835520,0.08500000089406967
mg_B_seed2801,reward_curriculum/progress/frame,57999360,0.0855555534362793
mg_B_seed2801,reward_curriculum/progress/frame,58163200,0.08611111342906952
mg_B_seed2801,reward_curriculum/progress/frame,58327040,0.08666666597127914
mg_B_seed2801,reward_curriculum/progress/frame,58490880,0.08722221851348877
mg_B_seed2801,reward_curriculum/progress/frame,58654720,0.08777777850627899
mg_B_seed2801,reward_curriculum/progress/frame,58818560,0.08833333104848862
mg_B_seed2801,reward_curriculum/progress/frame,58982400,0.08888889104127884
mg_B_seed2801,reward_curriculum/progress/frame,59146240,0.08944444358348846
mg_B_seed2801,reward_curriculum/progress/frame,59310080,0.09000000357627869
mg_B_seed2801,reward_curriculum/progress/frame,59473920,0.09055555611848831
mg_B_seed2801,reward_curriculum/progress/frame,59637760,0.09111110866069794
mg_B_seed2801,reward_curriculum/progress/frame,59801600,0.09166666865348816
mg_B_seed2801,reward_curriculum/progress/frame,59965440,0.09222222119569778
mg_B_seed2801,reward_curriculum/progress/frame,60129280,0.092777781188488
mg_B_seed2801,reward_curriculum/progress/frame,60293120,0.09333333373069763
mg_B_seed2801,reward_curriculum/progress/frame,60456960,0.09388888627290726
mg_B_seed2801,reward_curriculum/progress/frame,60620800,0.09444444626569748
mg_B_seed2801,reward_curriculum/progress/frame,60784640,0.0949999988079071
mg_B_seed2801,reward_curriculum/progress/frame,60948480,0.09555555880069733
mg_B_seed2801,reward_curriculum/progress/frame,61112320,0.09611111134290695
mg_B_seed2801,reward_curriculum/progress/frame,61276160,0.09666666388511658
mg_B_seed2801,reward_curriculum/progress/frame,61440000,0.0972222238779068
mg_B_seed2801,reward_curriculum/progress/frame,61603840,0.09777777642011642
mg_B_seed2801,reward_curriculum/progress/frame,61767680,0.09833333641290665
mg_B_seed2801,reward_curriculum/progress/frame,61931520,0.09888888895511627
mg_B_seed2801,reward_curriculum/progress/frame,62095360,0.0994444414973259
mg_B_seed2801,reward_curriculum/progress/frame,62259200,0.10000000149011612
mg_B_seed2801,reward_curriculum/progress/frame,62423040,0.10055555403232574
mg_B_seed2801,reward_curriculum/progress/frame,62586880,0.10111111402511597
mg_B_seed2801,reward_curriculum/progress/frame,62750720,0.10166666656732559
mg_B_seed2801,reward_curriculum/progress/frame,62914560,0.10222221910953522
mg_B_seed2801,reward_curriculum/progress/frame,63078400,0.10277777910232544
mg_B_seed2801,reward_curriculum/progress/frame,63242240,0.10333333164453506
mg_B_seed2801,reward_curriculum/progress/frame,63406080,0.10388889163732529
mg_B_seed2801,reward_curriculum/progress/frame,63569920,0.10444444417953491
mg_B_seed2801,reward_curriculum/progress/frame,63733760,0.10499999672174454
mg_B_seed2801,reward_curriculum/progress/frame,63897600,0.10555555671453476
mg_B_seed2801,reward_curriculum/progress/frame,64061440,0.10611110925674438
mg_B_seed2801,reward_curriculum/progress/frame,64225280,0.1066666692495346
mg_B_seed2801,reward_curriculum/progress/frame,64389120,0.10722222179174423
mg_B_seed2801,reward_curriculum/progress/frame,64552960,0.10777777433395386
mg_B_seed2801,reward_curriculum/progress/frame,64716800,0.10833333432674408
mg_B_seed2801,reward_curriculum/progress/frame,64880640,0.1088888868689537
mg_B_seed2801,reward_curriculum/progress/frame,65044480,0.10944444686174393
mg_B_seed2801,reward_curriculum/progress/frame,65208320,0.10999999940395355
mg_B_seed2801,reward_curriculum/progress/frame,65372160,0.11055555194616318
mg_B_seed2801,reward_curriculum/progress/frame,65536000,0.1111111119389534
mg_B_seed2801,reward_curriculum/progress/frame,65699840,0.11166666448116302
mg_B_seed2801,reward_curriculum/progress/frame,65863680,0.11222222447395325
mg_B_seed2801,reward_curriculum/progress/frame,66027520,0.11277777701616287
mg_B_seed2801,reward_curriculum/progress/frame,66191360,0.1133333370089531
mg_B_seed2801,reward_curriculum/progress/frame,66355200,0.11388888955116272
mg_B_seed2801,reward_curriculum/progress/frame,66519040,0.11444444209337234
mg_B_seed2801,reward_curriculum/progress/frame,66682880,0.11500000208616257
mg_B_seed2801,reward_curriculum/progress/frame,66846720,0.11555555462837219
mg_B_seed2801,reward_curriculum/progress/frame,67010560,0.11611111462116241
mg_B_seed2801,reward_curriculum/progress/frame,67174400,0.11666666716337204
mg_B_seed2801,reward_curriculum/progress/frame,67338240,0.11722221970558167
mg_B_seed2801,reward_curriculum/progress/frame,67502080,0.11777777969837189
mg_B_seed2801,reward_curriculum/progress/frame,67665920,0.11833333224058151
mg_B_seed2801,reward_curriculum/progress/frame,67829760,0.11888889223337173
mg_B_seed2801,reward_curriculum/progress/frame,67993600,0.11944444477558136
mg_B_seed2801,reward_curriculum/progress/frame,68157440,0.11999999731779099
mg_B_seed2801,reward_curriculum/progress/frame,68321280,0.12055555731058121
mg_B_seed2801,reward_curriculum/progress/frame,68485120,0.12111110985279083
mg_B_seed2801,reward_curriculum/progress/frame,68648960,0.12166666984558105
mg_B_seed2801,reward_curriculum/progress/frame,68812800,0.12222222238779068
mg_B_seed2801,reward_curriculum/progress/frame,68976640,0.1227777749300003
mg_B_seed2801,reward_curriculum/progress/frame,69140480,0.12333333492279053
mg_B_seed2801,reward_curriculum/progress/frame,69304320,0.12388888746500015
mg_B_seed2801,reward_curriculum/progress/frame,69468160,0.12444444745779037
mg_B_seed2801,reward_curriculum/progress/frame,69632000,0.125
mg_B_seed2801,reward_curriculum/progress/frame,69795840,0.12555555999279022
mg_B_seed2801,reward_curriculum/progress/frame,69959680,0.12611110508441925
mg_B_seed2801,reward_curriculum/progress/frame,70123520,0.12666666507720947
mg_B_seed2801,reward_curriculum/progress/frame,70287360,0.1272222250699997
mg_B_seed2801,reward_curriculum/progress/frame,70451200,0.12777778506278992
mg_B_seed2801,reward_curriculum/progress/frame,70615040,0.12833333015441895
mg_B_seed2801,reward_curriculum/progress/frame,70778880,0.12888889014720917
mg_B_seed2801,reward_curriculum/progress/frame,70942720,0.1294444501399994
mg_B_seed2801,reward_curriculum/progress/frame,71106560,0.12999999523162842
mg_B_seed2801,reward_curriculum/progress/frame,71270400,0.13055555522441864
mg_B_seed2801,reward_curriculum/progress/frame,71434240,0.13111111521720886
mg_B_seed2801,reward_curriculum/progress/frame,71598080,0.1316666603088379
mg_B_seed2801,reward_curriculum/progress/frame,71761920,0.1322222203016281
mg_B_seed2801,reward_curriculum/progress/frame,71925760,0.13277778029441833
mg_B_seed2801,reward_curriculum/progress/frame,72089600,0.13333334028720856
mg_B_seed2801,reward_curriculum/progress/frame,72253440,0.13388888537883759
mg_B_seed2801,reward_curriculum/progress/frame,72417280,0.1344444453716278
mg_B_seed2801,reward_curriculum/progress/frame,72581120,0.13500000536441803
mg_B_seed2801,reward_curriculum/progress/frame,72744960,0.13555555045604706
mg_B_seed2801,reward_curriculum/progress/frame,72908800,0.13611111044883728
mg_B_seed2801,reward_curriculum/progress/frame,73072640,0.1366666704416275
mg_B_seed2801,reward_curriculum/progress/frame,73236480,0.13722221553325653
mg_B_seed2801,reward_curriculum/progress/frame,73400320,0.13777777552604675
mg_B_seed2801,reward_curriculum/progress/frame,73564160,0.13833333551883698
mg_B_seed2801,reward_curriculum/progress/frame,73728000,0.1388888955116272
mg_B_seed2801,reward_curriculum/progress/frame,73891840,0.13944444060325623
mg_B_seed2801,reward_curriculum/progress/frame,74055680,0.14000000059604645
mg_B_seed2801,reward_curriculum/progress/frame,74219520,0.14055556058883667
mg_B_seed2801,reward_curriculum/progress/frame,74383360,0.1411111056804657
mg_B_seed2801,reward_curriculum/progress/frame,74547200,0.14166666567325592
mg_B_seed2801,reward_curriculum/progress/frame,74711040,0.14222222566604614
mg_B_seed2801,reward_curriculum/progress/frame,74874880,0.14277777075767517
mg_B_seed2801,reward_curriculum/progress/frame,75038720,0.1433333307504654
mg_B_seed2801,reward_curriculum/progress/frame,75202560,0.14388889074325562
mg_B_seed2801,reward_curriculum/progress/frame,75366400,0.14444445073604584
mg_B_seed2801,reward_curriculum/progress/frame,75530240,0.14499999582767487
mg_B_seed2801,reward_curriculum/progress/frame,75694080,0.1455555558204651
mg_B_seed2801,reward_curriculum/progress/frame,75857920,0.1461111158132553
mg_B_seed2801,reward_curriculum/progress/frame,76021760,0.14666666090488434
mg_B_seed2801,reward_curriculum/progress/frame,76185600,0.14722222089767456
mg_B_seed2801,reward_curriculum/progress/frame,76349440,0.14777778089046478
mg_B_seed2801,reward_curriculum/progress/frame,76513280,0.1483333259820938
mg_B_seed2801,reward_curriculum/progress/frame,76677120,0.14888888597488403
mg_B_seed2801,reward_curriculum/progress/frame,76840960,0.14944444596767426
mg_B_seed2801,reward_curriculum/progress/frame,77004800,0.15000000596046448
mg_B_seed2801,reward_curriculum/progress/frame,77168640,0.1505555510520935
mg_B_seed2801,reward_curriculum/progress/frame,77332480,0.15111111104488373
mg_B_seed2801,reward_curriculum/progress/frame,77496320,0.15166667103767395
mg_B_seed2801,reward_curriculum/progress/frame,77660160,0.15222221612930298
mg_B_seed2801,reward_curriculum/progress/frame,77824000,0.1527777761220932
mg_B_seed2801,reward_curriculum/progress/frame,77987840,0.15333333611488342
mg_B_seed2801,reward_curriculum/progress/frame,78151680,0.15388889610767365
mg_B_seed2801,reward_curriculum/progress/frame,78315520,0.15444444119930267
mg_B_seed2801,reward_curriculum/progress/frame,78479360,0.1550000011920929
mg_B_seed2801,reward_curriculum/progress/frame,78643200,0.15555556118488312
mg_B_seed2801,reward_curriculum/progress/frame,78807040,0.15611110627651215
mg_B_seed2801,reward_curriculum/progress/frame,78970880,0.15666666626930237
mg_B_seed2801,reward_curriculum/progress/frame,79134720,0.1572222262620926
mg_B_seed2801,reward_curriculum/progress/frame,79298560,0.15777777135372162
mg_B_seed2801,reward_curriculum/progress/frame,79462400,0.15833333134651184
mg_B_seed2801,reward_curriculum/progress/frame,79626240,0.15888889133930206
mg_B_seed2801,reward_curriculum/progress/frame,79790080,0.15944445133209229
mg_B_seed2801,reward_curriculum/progress/frame,79953920,0.1599999964237213
mg_B_seed2801,reward_curriculum/progress/frame,80117760,0.16055555641651154
mg_B_seed2801,reward_curriculum/progress/frame,80281600,0.16111111640930176
mg_B_seed2801,reward_curriculum/progress/frame,80445440,0.1616666615009308
mg_B_seed2801,reward_curriculum/progress/frame,80609280,0.162222221493721
mg_B_seed2801,reward_curriculum/progress/frame,80773120,0.16277778148651123
mg_B_seed2801,reward_curriculum/progress/frame,80936960,0.16333332657814026
mg_B_seed2801,reward_curriculum/progress/frame,81100800,0.16388888657093048
mg_B_seed2801,reward_curriculum/progress/frame,81264640,0.1644444465637207
mg_B_seed2801,reward_curriculum/progress/frame,81428480,0.16500000655651093
mg_B_seed2801,reward_curriculum/progress/frame,81592320,0.16555555164813995
mg_B_seed2801,reward_curriculum/progress/frame,81756160,0.16611111164093018
mg_B_seed2801,reward_curriculum/progress/frame,81920000,0.1666666716337204
mg_B_seed2801,reward_curriculum/progress/frame,82083840,0.16722221672534943
mg_B_seed2801,reward_curriculum/progress/frame,82247680,0.16777777671813965
mg_B_seed2801,reward_curriculum/progress/frame,82411520,0.16833333671092987
mg_B_seed2801,reward_curriculum/progress/frame,82575360,0.1688888818025589
mg_B_seed2801,reward_curriculum/progress/frame,82739200,0.16944444179534912
mg_B_seed2801,reward_curriculum/progress/frame,82903040,0.17000000178813934
mg_B_seed2801,reward_curriculum/progress/frame,83066880,0.17055556178092957
mg_B_seed2801,reward_curriculum/progress/frame,83230720,0.1711111068725586
mg_B_seed2801,reward_curriculum/progress/frame,83394560,0.17166666686534882
mg_B_seed2801,reward_curriculum/progress/frame,83558400,0.17222222685813904
mg_B_seed2801,reward_curriculum/progress/frame,83722240,0.17277777194976807
mg_B_seed2801,reward_curriculum/progress/frame,83886080,0.1733333319425583
mg_B_seed2801,reward_curriculum/progress/frame,84049920,0.1738888919353485
mg_B_seed2801,reward_curriculum/progress/frame,84213760,0.17444443702697754
mg_B_seed2801,reward_curriculum/progress/frame,84377600,0.17499999701976776
mg_B_seed2801,reward_curriculum/progress/frame,84541440,0.17555555701255798
mg_B_seed2801,reward_curriculum/progress/frame,84705280,0.1761111170053482
mg_B_seed2801,reward_curriculum/progress/frame,84869120,0.17666666209697723
mg_B_seed2801,reward_curriculum/progress/frame,85032960,0.17722222208976746
mg_B_seed2801,reward_curriculum/progress/frame,85196800,0.17777778208255768
mg_B_seed2801,reward_curriculum/progress/frame,85360640,0.1783333271741867
mg_B_seed2801,reward_curriculum/progress/frame,85524480,0.17888888716697693
mg_B_seed2801,reward_curriculum/progress/frame,85688320,0.17944444715976715
mg_B_seed2801,reward_curriculum/progress/frame,85852160,0.18000000715255737
mg_B_seed2801,reward_curriculum/progress/frame,86016000,0.1805555522441864
mg_B_seed2801,reward_curriculum/progress/frame,86179840,0.18111111223697662
mg_B_seed2801,reward_curriculum/progress/frame,86343680,0.18166667222976685
mg_B_seed2801,reward_curriculum/progress/frame,86507520,0.18222221732139587
mg_B_seed2801,reward_curriculum/progress/frame,86671360,0.1827777773141861
mg_B_seed2801,reward_curriculum/progress/frame,86835200,0.18333333730697632
mg_B_seed2801,reward_curriculum/progress/frame,86999040,0.18388888239860535
mg_B_seed2801,reward_curriculum/progress/frame,87162880,0.18444444239139557
mg_B_seed2801,reward_curriculum/progress/frame,87326720,0.1850000023841858
mg_B_seed2801,reward_curriculum/progress/frame,87490560,0.185555562376976
mg_B_seed2801,reward_curriculum/progress/frame,87654400,0.18611110746860504
mg_B_seed2801,reward_curriculum/progress/frame,87818240,0.18666666746139526
mg_B_seed2801,reward_curriculum/progress/frame,87982080,0.18722222745418549
mg_B_seed2801,reward_curriculum/progress/frame,88145920,0.18777777254581451
mg_B_seed2801,reward_curriculum/progress/frame,88309760,0.18833333253860474
mg_B_seed2801,reward_curriculum/progress/frame,88473600,0.18888889253139496
mg_B_seed2801,reward_curriculum/progress/frame,88637440,0.189444437623024
mg_B_seed2801,reward_curriculum/progress/frame,88801280,0.1899999976158142
mg_B_seed2801,reward_curriculum/progress/frame,88965120,0.19055555760860443
mg_B_seed2801,reward_curriculum/progress/frame,89128960,0.19111111760139465
mg_B_seed2801,reward_curriculum/progress/frame,89292800,0.19166666269302368
mg_B_seed2801,reward_curriculum/progress/frame,89456640,0.1922222226858139
mg_B_seed2801,reward_curriculum/progress/frame,89620480,0.19277778267860413
mg_B_seed2801,reward_curriculum/progress/frame,89784320,0.19333332777023315
mg_B_seed2801,reward_curriculum/progress/frame,89948160,0.19388888776302338
mg_B_seed2801,reward_curriculum/progress/frame,90112000,0.1944444477558136
mg_B_seed2801,reward_curriculum/progress/frame,90275840,0.19499999284744263
mg_B_seed2801,reward_curriculum/progress/frame,90439680,0.19555555284023285
mg_B_seed2801,reward_curriculum/progress/frame,90603520,0.19611111283302307
mg_B_seed2801,reward_curriculum/progress/frame,90767360,0.1966666728258133
mg_B_seed2801,reward_curriculum/progress/frame,90931200,0.19722221791744232
mg_B_seed2801,reward_curriculum/progress/frame,91095040,0.19777777791023254
mg_B_seed2801,reward_curriculum/progress/frame,91258880,0.19833333790302277
mg_B_seed2801,reward_curriculum/progress/frame,91422720,0.1988888829946518
mg_B_seed2801,reward_curriculum/progress/frame,91586560,0.19944444298744202
mg_B_seed2801,reward_curriculum/progress/frame,91750400,0.20000000298023224
mg_B_seed2801,reward_curriculum/progress/frame,91914240,0.20055556297302246
mg_B_seed2801,reward_curriculum/progress/frame,92078080,0.2011111080646515
mg_B_seed2801,reward_curriculum/progress/frame,92241920,0.2016666680574417
mg_B_seed2801,reward_curriculum/progress/frame,92405760,0.20222222805023193
mg_B_seed2801,reward_curriculum/progress/frame,92569600,0.20277777314186096
mg_B_seed2801,reward_curriculum/progress/frame,92733440,0.20333333313465118
mg_B_seed2801,reward_curriculum/progress/frame,92897280,0.2038888931274414
mg_B_seed2801,reward_curriculum/progress/frame,93061120,0.20444443821907043
mg_B_seed2801,reward_curriculum/progress/frame,93224960,0.20499999821186066
mg_B_seed2801,reward_curriculum/progress/frame,93388800,0.20555555820465088
mg_B_seed2801,reward_curriculum/progress/frame,93552640,0.2061111181974411
mg_B_seed2801,reward_curriculum/progress/frame,93716480,0.20666666328907013
mg_B_seed2801,reward_curriculum/progress/frame,93880320,0.20722222328186035
mg_B_seed2801,reward_curriculum/progress/frame,94044160,0.20777778327465057
mg_B_seed2801,reward_curriculum/progress/frame,94208000,0.2083333283662796
mg_B_seed2801,reward_curriculum/progress/frame,94371840,0.20888888835906982
mg_B_seed2801,reward_curriculum/progress/frame,94535680,0.20944444835186005
mg_B_seed2801,reward_curriculum/progress/frame,94699520,0.20999999344348907
mg_B_seed2801,reward_curriculum/progress/frame,94863360,0.2105555534362793
mg_B_seed2801,reward_curriculum/progress/frame,95027200,0.21111111342906952
mg_B_seed2801,reward_curriculum/progress/frame,95191040,0.21166667342185974
mg_B_seed2801,reward_curriculum/progress/frame,95354880,0.21222221851348877
mg_B_seed2801,reward_curriculum/progress/frame,95518720,0.212777778506279
mg_B_seed2801,reward_curriculum/progress/frame,95682560,0.2133333384990692
mg_B_seed2801,reward_curriculum/progress/frame,95846400,0.21388888359069824
mg_B_seed2801,reward_curriculum/progress/frame,96010240,0.21444444358348846
mg_B_seed2801,reward_curriculum/progress/frame,96174080,0.2150000035762787
mg_B_seed2801,reward_curriculum/progress/frame,96337920,0.21555554866790771
mg_B_seed2801,reward_curriculum/progress/frame,96501760,0.21611110866069794
mg_B_seed2801,reward_curriculum/progress/frame,96665600,0.21666666865348816
mg_B_seed2801,reward_curriculum/progress/frame,96829440,0.21722222864627838
mg_B_seed2801,reward_curriculum/progress/frame,96993280,0.2177777737379074
mg_B_seed2801,reward_curriculum/progress/frame,97157120,0.21833333373069763
mg_B_seed2801,reward_curriculum/progress/frame,97320960,0.21888889372348785
mg_B_seed2801,reward_curriculum/progress/frame,97484800,0.21944443881511688
mg_B_seed2801,reward_curriculum/progress/frame,97648640,0.2199999988079071
mg_B_seed2801,reward_curriculum/progress/frame,97812480,0.22055555880069733
mg_B_seed2801,reward_curriculum/progress/frame,97976320,0.22111110389232635
mg_B_seed2801,reward_curriculum/progress/frame,98140160,0.22166666388511658
mg_B_seed2801,reward_curriculum/progress/frame,98304000,0.2222222238779068
mg_B_seed2801,reward_curriculum/progress/frame,98467840,0.22277778387069702
mg_B_seed2801,reward_curriculum/progress/frame,98631680,0.22333332896232605
mg_B_seed2801,reward_curriculum/progress/frame,98795520,0.22388888895511627
mg_B_seed2801,reward_curriculum/progress/frame,98959360,0.2244444489479065
mg_B_seed2801,reward_curriculum/progress/frame,99123200,0.22499999403953552
mg_B_seed2801,reward_curriculum/progress/frame,99287040,0.22555555403232574
mg_B_seed2801,reward_curriculum/progress/frame,99450880,0.22611111402511597
mg_B_seed2801,reward_curriculum/progress/frame,99614720,0.2266666740179062
mg_B_seed2801,reward_curriculum/progress/frame,99778560,0.22722221910953522
mg_B_seed2801,reward_curriculum/progress/frame,99942400,0.22777777910232544
mg_B_seed2801,reward_curriculum/progress/frame,100106240,0.22833333909511566
mg_B_seed2801,reward_curriculum/progress/frame,100270080,0.2288888841867447
mg_B_seed2801,reward_curriculum/progress/frame,100433920,0.2294444441795349
mg_B_seed2801,reward_curriculum/progress/frame,100597760,0.23000000417232513
mg_B_seed2801,reward_curriculum/progress/frame,100761600,0.23055554926395416
mg_B_seed2801,reward_curriculum/progress/frame,100925440,0.23111110925674438
mg_B_seed2801,reward_curriculum/progress/frame,101089280,0.2316666692495346
mg_B_seed2801,reward_curriculum/progress/frame,101253120,0.23222222924232483
mg_B_seed2801,reward_curriculum/progress/frame,101416960,0.23277777433395386
mg_B_seed2801,reward_curriculum/progress/frame,101580800,0.23333333432674408
mg_B_seed2801,reward_curriculum/progress/frame,101744640,0.2338888943195343
mg_B_seed2801,reward_curriculum/progress/frame,101908480,0.23444443941116333
mg_B_seed2801,reward_curriculum/progress/frame,102072320,0.23499999940395355
mg_B_seed2801,reward_curriculum/progress/frame,102236160,0.23555555939674377
mg_B_seed2801,reward_curriculum/progress/frame,102400000,0.2361111044883728
mg_B_seed2801,reward_curriculum/progress/frame,102563840,0.23666666448116302
mg_B_seed2801,reward_curriculum/progress/frame,102727680,0.23722222447395325
mg_B_seed2801,reward_curriculum/progress/frame,102891520,0.23777778446674347
mg_B_seed2801,reward_curriculum/progress/frame,103055360,0.2383333295583725
mg_B_seed2801,reward_curriculum/progress/frame,103219200,0.23888888955116272
mg_B_seed2801,reward_curriculum/progress/frame,103383040,0.23944444954395294
mg_B_seed2801,reward_curriculum/progress/frame,103546880,0.23999999463558197
mg_B_seed2801,reward_curriculum/progress/frame,103710720,0.2405555546283722
mg_B_seed2801,reward_curriculum/progress/frame,103874560,0.24111111462116241
mg_B_seed2801,reward_curriculum/progress/frame,104038400,0.24166665971279144
mg_B_seed2801,reward_curriculum/progress/frame,104202240,0.24222221970558167
mg_B_seed2801,reward_curriculum/progress/frame,104366080,0.2427777796983719
mg_B_seed2801,reward_curriculum/progress/frame,104529920,0.2433333396911621
mg_B_seed2801,reward_curriculum/progress/frame,104693760,0.24388888478279114
mg_B_seed2801,reward_curriculum/progress/frame,104857600,0.24444444477558136
mg_B_seed2801,reward_curriculum/progress/frame,105021440,0.24500000476837158
mg_B_seed2801,reward_curriculum/progress/frame,105185280,0.2455555498600006
mg_B_seed2801,reward_curriculum/progress/frame,105349120,0.24611110985279083
mg_B_seed2801,reward_curriculum/progress/frame,105512960,0.24666666984558105
mg_B_seed2801,reward_curriculum/progress/frame,105676800,0.24722221493721008
mg_B_seed2801,reward_curriculum/progress/frame,105840640,0.2477777749300003
mg_B_seed2801,reward_curriculum/progress/frame,106004480,0.24833333492279053
mg_B_seed2801,reward_curriculum/progress/frame,106168320,0.24888889491558075
mg_B_seed2801,reward_curriculum/progress/frame,106332160,0.24944444000720978
mg_B_seed2801,reward_curriculum/progress/frame,106496000,0.25
mg_B_seed2801,reward_curriculum/progress/frame,106659840,0.25055554509162903
mg_B_seed2801,reward_curriculum/progress/frame,106823680,0.25111111998558044
mg_B_seed2801,reward_curriculum/progress/frame,106987520,0.2516666650772095
mg_B_seed2801,reward_curriculum/progress/frame,107151360,0.2522222101688385
mg_B_seed2801,reward_curriculum/progress/frame,107315200,0.2527777850627899
mg_B_seed2801,reward_curriculum/progress/frame,107479040,0.25333333015441895
mg_B_seed2801,reward_curriculum/progress/frame,107642880,0.253888875246048
mg_B_seed2801,reward_curriculum/progress/frame,107806720,0.2544444501399994
mg_B_seed2801,reward_curriculum/progress/frame,107970560,0.2549999952316284
mg_B_seed2801,reward_curriculum/progress/frame,108134400,0.25555557012557983
mg_B_seed2801,reward_curriculum/progress/frame,108298240,0.25611111521720886
mg_B_seed2801,reward_curriculum/progress/frame,108462080,0.2566666603088379
mg_B_seed2801,reward_curriculum/progress/frame,108625920,0.2572222352027893
mg_B_seed2801,reward_curriculum/progress/frame,108789760,0.25777778029441833
mg_B_seed2801,reward_curriculum/progress/frame,108953600,0.25833332538604736
mg_B_seed2801,reward_curriculum/progress/frame,109117440,0.2588889002799988
mg_B_seed2801,reward_curriculum/progress/frame,109281280,0.2594444453716278
mg_B_seed2801,reward_curriculum/progress/frame,109445120,0.25999999046325684
mg_B_seed2801,reward_curriculum/progress/frame,109608960,0.26055556535720825
mg_B_seed2801,reward_curriculum/progress/frame,109772800,0.2611111104488373
mg_B_seed2801,reward_curriculum/progress/frame,109936640,0.2616666555404663
mg_B_seed2801,reward_curriculum/progress/frame,110100480,0.2622222304344177
mg_B_seed2801,reward_curriculum/progress/frame,110264320,0.26277777552604675
mg_B_seed2801,reward_curriculum/progress/frame,110428160,0.2633333206176758
mg_B_seed2801,reward_curriculum/progress/frame,110592000,0.2638888955116272
mg_B_seed2801,reward_curriculum/progress/frame,110755840,0.2644444406032562
mg_B_seed2801,reward_curriculum/progress/frame,110919680,0.26499998569488525
mg_B_seed2801,reward_curriculum/progress/frame,111083520,0.26555556058883667
mg_B_seed2801,reward_curriculum/progress/frame,111247360,0.2661111056804657
mg_B_seed2801,reward_curriculum/progress/frame,111411200,0.2666666805744171
mg_B_seed2801,reward_curriculum/progress/frame,111575040,0.26722222566604614
mg_B_seed2801,reward_curriculum/progress/frame,111738880,0.26777777075767517
mg_B_seed2801,reward_curriculum/progress/frame,111902720,0.2683333456516266
mg_B_seed2801,reward_curriculum/progress/frame,112066560,0.2688888907432556
mg_B_seed2801,reward_curriculum/progress/frame,112230400,0.26944443583488464
mg_B_seed2801,reward_curriculum/progress/frame,112394240,0.27000001072883606
mg_B_seed2801,reward_curriculum/progress/frame,112558080,0.2705555558204651
mg_B_seed2801,reward_curriculum/progress/frame,112721920,0.2711111009120941
mg_B_seed2801,reward_curriculum/progress/frame,112885760,0.27166667580604553
mg_B_seed2801,reward_curriculum/progress/frame,113049600,0.27222222089767456
mg_B_seed2801,reward_curriculum/progress/frame,113213440,0.2727777659893036
mg_B_seed2801,reward_curriculum/progress/frame,113377280,0.273333340883255
mg_B_seed2801,reward_curriculum/progress/frame,113541120,0.27388888597488403
mg_B_seed2801,reward_curriculum/progress/frame,113704960,0.27444443106651306
mg_B_seed2801,reward_curriculum/progress/frame,113868800,0.2750000059604645
mg_B_seed2801,reward_curriculum/progress/frame,114032640,0.2755555510520935
mg_B_seed2801,reward_curriculum/progress/frame,114196480,0.2761111259460449
mg_B_seed2801,reward_curriculum/progress/frame,114360320,0.27666667103767395
mg_B_seed2801,reward_curriculum/progress/frame,114524160,0.277222216129303
mg_B_seed2801,reward_curriculum/progress/frame,114688000,0.2777777910232544
mg_B_seed2801,reward_curriculum/progress/frame,114851840,0.2783333361148834
mg_B_seed2801,reward_curriculum/progress/frame,115015680,0.27888888120651245
mg_B_seed2801,reward_curriculum/progress/frame,115179520,0.27944445610046387
mg_B_seed2801,reward_curriculum/progress/frame,115343360,0.2800000011920929
mg_B_seed2801,reward_curriculum/progress/frame,115507200,0.2805555462837219
mg_B_seed2801,reward_curriculum/progress/frame,115671040,0.28111112117767334
mg_B_seed2801,reward_curriculum/progress/frame,115834880,0.28166666626930237
mg_B_seed2801,reward_curriculum/progress/frame,115998720,0.2822222113609314
mg_B_seed2801,reward_curriculum/progress/frame,116162560,0.2827777862548828
mg_B_seed2801,reward_curriculum/progress/frame,116326400,0.28333333134651184
mg_B_seed2801,reward_curriculum/progress/frame,116490240,0.28388887643814087
mg_B_seed2801,reward_curriculum/progress/frame,116654080,0.2844444513320923
mg_B_seed2801,reward_curriculum/progress/frame,116817920,0.2849999964237213
mg_B_seed2801,reward_curriculum/progress/frame,116981760,0.28555554151535034
mg_B_seed2801,reward_curriculum/progress/frame,117145600,0.28611111640930176
mg_B_seed2801,reward_curriculum/progress/frame,117309440,0.2866666615009308
mg_B_seed2801,reward_curriculum/progress/frame,117473280,0.2872222363948822
mg_B_seed2801,reward_curriculum/progress/frame,117637120,0.28777778148651123
mg_B_seed2801,reward_curriculum/progress/frame,117800960,0.28833332657814026
mg_B_seed2801,reward_curriculum/progress/frame,117964800,0.2888889014720917
mg_B_seed2801,reward_curriculum/progress/frame,118128640,0.2894444465637207
mg_B_seed2801,reward_curriculum/progress/frame,118292480,0.28999999165534973
mg_B_seed2801,reward_curriculum/progress/frame,118456320,0.29055556654930115
mg_B_seed2801,reward_curriculum/progress/frame,118620160,0.2911111116409302
mg_B_seed2801,reward_curriculum/progress/frame,118784000,0.2916666567325592
mg_B_seed2801,reward_curriculum/progress/frame,118947840,0.2922222316265106
mg_B_seed2801,reward_curriculum/progress/frame,119111680,0.29277777671813965
mg_B_seed2801,reward_curriculum/progress/frame,119275520,0.2933333218097687
mg_B_seed2801,reward_curriculum/progress/frame,119439360,0.2938888967037201
mg_B_seed2801,reward_curriculum/progress/frame,119603200,0.2944444417953491
mg_B_seed2801,reward_curriculum/progress/frame,119767040,0.29499998688697815
mg_B_seed2801,reward_curriculum/progress/frame,119930880,0.29555556178092957
mg_B_seed2801,reward_curriculum/progress/frame,120094720,0.2961111068725586
mg_B_seed2801,reward_curriculum/progress/frame,120258560,0.2966666519641876
mg_B_seed2801,reward_curriculum/progress/frame,120422400,0.29722222685813904
mg_B_seed2801,reward_curriculum/progress/frame,120586240,0.29777777194976807
mg_B_seed2801,reward_curriculum/progress/frame,120750080,0.2983333468437195
mg_B_seed2801,reward_curriculum/progress/frame,120913920,0.2988888919353485
mg_B_seed2801,reward_curriculum/progress/frame,121077760,0.29944443702697754
mg_B_seed2801,reward_curriculum/progress/frame,121241600,0.30000001192092896
mg_B_seed2801,reward_curriculum/progress/frame,121405440,0.300555557012558
mg_B_seed2801,reward_curriculum/progress/frame,121569280,0.301111102104187
mg_B_seed2801,reward_curriculum/progress/frame,121733120,0.3016666769981384
mg_B_seed2801,reward_curriculum/progress/frame,121896960,0.30222222208976746
mg_B_seed2801,reward_curriculum/progress/frame,122060800,0.3027777671813965
mg_B_seed2801,reward_curriculum/progress/frame,122224640,0.3033333420753479
mg_B_seed2801,reward_curriculum/progress/frame,122388480,0.30388888716697693
mg_B_seed2801,reward_curriculum/progress/frame,122552320,0.30444443225860596
mg_B_seed2801,reward_curriculum/progress/frame,122716160,0.3050000071525574
mg_B_seed2801,reward_curriculum/progress/frame,122880000,0.3055555522441864
mg_B_seed2801,reward_curriculum/progress/frame,123043840,0.30611109733581543
mg_B_seed2801,reward_curriculum/progress/frame,123207680,0.30666667222976685
mg_B_seed2801,reward_curriculum/progress/frame,123371520,0.3072222173213959
mg_B_seed2801,reward_curriculum/progress/frame,123535360,0.3077777922153473
mg_B_seed2801,reward_curriculum/progress/frame,123699200,0.3083333373069763
mg_B_seed2801,reward_curriculum/progress/frame,123863040,0.30888888239860535
mg_B_seed2801,reward_curriculum/progress/frame,124026880,0.30944445729255676
mg_B_seed2801,reward_curriculum/progress/frame,124190720,0.3100000023841858
mg_B_seed2801,reward_curriculum/progress/frame,124354560,0.3105555474758148
mg_B_seed2801,reward_curriculum/progress/frame,124518400,0.31111112236976624
mg_B_seed2801,reward_curriculum/progress/frame,124682240,0.31166666746139526
mg_B_seed2801,reward_curriculum/progress/frame,124846080,0.3122222125530243
mg_B_seed2801,reward_curriculum/progress/frame,125009920,0.3127777874469757
mg_B_seed2801,reward_curriculum/progress/frame,125173760,0.31333333253860474
mg_B_seed2801,reward_curriculum/progress/frame,125337600,0.31388887763023376
mg_B_seed2801,reward_curriculum/progress/frame,125501440,0.3144444525241852
mg_B_seed2801,reward_curriculum/progress/frame,125665280,0.3149999976158142
mg_B_seed2801,reward_curriculum/progress/frame,125829120,0.31555554270744324
mg_B_seed2801,reward_curriculum/progress/frame,125992960,0.31611111760139465
mg_B_seed2801,reward_curriculum/progress/frame,126156800,0.3166666626930237
mg_B_seed2801,reward_curriculum/progress/frame,126320640,0.3172222077846527
mg_B_seed2801,reward_curriculum/progress/frame,126484480,0.3177777826786041
mg_B_seed2801,reward_curriculum/progress/frame,126648320,0.31833332777023315
mg_B_seed2801,reward_curriculum/progress/frame,126812160,0.31888890266418457
mg_B_seed2801,reward_curriculum/progress/frame,126976000,0.3194444477558136
mg_B_seed2801,reward_curriculum/progress/frame,127139840,0.3199999928474426
mg_B_seed2801,reward_curriculum/progress/frame,127303680,0.32055556774139404
mg_B_seed2801,reward_curriculum/progress/frame,127467520,0.32111111283302307
mg_B_seed2801,reward_curriculum/progress/frame,127631360,0.3216666579246521
mg_B_seed2801,reward_curriculum/progress/frame,127795200,0.3222222328186035
mg_B_seed2801,reward_curriculum/progress/frame,127959040,0.32277777791023254
mg_B_seed2801,reward_curriculum/progress/frame,128122880,0.3233333230018616
mg_B_seed2801,reward_curriculum/progress/frame,128286720,0.323888897895813
mg_B_seed2801,reward_curriculum/progress/frame,128450560,0.324444442987442
mg_B_seed2801,reward_curriculum/progress/frame,128614400,0.32499998807907104
mg_B_seed2801,reward_curriculum/progress/frame,128778240,0.32555556297302246
mg_B_seed2801,reward_curriculum/progress/frame,128942080,0.3261111080646515
mg_B_seed2801,reward_curriculum/progress/frame,129105920,0.3266666531562805
mg_B_seed2801,reward_curriculum/progress/frame,129269760,0.32722222805023193
mg_B_seed2801,reward_curriculum/progress/frame,129433600,0.32777777314186096
mg_B_seed2801,reward_curriculum/progress/frame,129597440,0.3283333480358124
mg_B_seed2801,reward_curriculum/progress/frame,129761280,0.3288888931274414
mg_B_seed2801,reward_curriculum/progress/frame,129925120,0.32944443821907043
mg_B_seed2801,reward_curriculum/progress/frame,130088960,0.33000001311302185
mg_B_seed2801,reward_curriculum/progress/frame,130252800,0.3305555582046509
mg_B_seed2801,reward_curriculum/progress/frame,130416640,0.3311111032962799
mg_B_seed2801,reward_curriculum/progress/frame,130580480,0.3316666781902313
mg_B_seed2801,reward_curriculum/progress/frame,130744320,0.33222222328186035
mg_B_seed2801,reward_curriculum/progress/frame,130908160,0.3327777683734894
mg_B_seed2801,reward_curriculum/progress/frame,131072000,0.3333333432674408
mg_B_seed2801,reward_curriculum/progress/frame,131235840,0.3338888883590698
mg_B_seed2801,reward_curriculum/progress/frame,131399680,0.33444443345069885
mg_B_seed2801,reward_curriculum/progress/frame,131563520,0.33500000834465027
mg_B_seed2801,reward_curriculum/progress/frame,131727360,0.3355555534362793
mg_B_seed2801,reward_curriculum/progress/frame,131891200,0.3361110985279083
mg_B_seed2801,reward_curriculum/progress/frame,132055040,0.33666667342185974
mg_B_seed2801,reward_curriculum/progress/frame,132218880,0.33722221851348877
mg_B_seed2801,reward_curriculum/progress/frame,132382720,0.3377777636051178
mg_B_seed2801,reward_curriculum/progress/frame,132546560,0.3383333384990692
mg_B_seed2801,reward_curriculum/progress/frame,132710400,0.33888888359069824
mg_B_seed2801,reward_curriculum/progress/frame,132874240,0.33944445848464966
mg_B_seed2801,reward_curriculum/progress/frame,133038080,0.3400000035762787
mg_B_seed2801,reward_curriculum/progress/frame,133201920,0.3405555486679077
mg_B_seed2801,reward_curriculum/progress/frame,133365760,0.34111112356185913
mg_B_seed2801,reward_curriculum/progress/frame,133529600,0.34166666865348816
mg_B_seed2801,reward_curriculum/progress/frame,133693440,0.3422222137451172
mg_B_seed2801,reward_curriculum/progress/frame,133857280,0.3427777886390686
mg_B_seed2801,reward_curriculum/progress/frame,134021120,0.34333333373069763
mg_B_seed2801,reward_curriculum/progress/frame,134184960,0.34388887882232666
mg_B_seed2801,reward_curriculum/progress/frame,134348800,0.3444444537162781
mg_B_seed2801,reward_curriculum/progress/frame,134512640,0.3449999988079071
mg_B_seed2801,reward_curriculum/progress/frame,134676480,0.34555554389953613
mg_B_seed2801,reward_curriculum/progress/frame,134840320,0.34611111879348755
mg_B_seed2801,reward_curriculum/progress/frame,135004160,0.3466666638851166
mg_B_seed2801,reward_curriculum/progress/frame,135168000,0.3472222089767456
mg_B_seed2801,reward_curriculum/progress/frame,135331840,0.347777783870697
mg_B_seed2801,reward_curriculum/progress/frame,135495680,0.34833332896232605
mg_B_seed2801,reward_curriculum/progress/frame,135659520,0.3488888740539551
mg_B_seed2801,reward_curriculum/progress/frame,135823360,0.3494444489479065
mg_B_seed2801,reward_curriculum/progress/frame,135987200,0.3499999940395355
mg_B_seed2801,reward_curriculum/progress/frame,136151040,0.35055556893348694
mg_B_seed2801,reward_curriculum/progress/frame,136314880,0.35111111402511597
mg_B_seed2801,reward_curriculum/progress/frame,136478720,0.351666659116745
mg_B_seed2801,reward_curriculum/progress/frame,136642560,0.3522222340106964
mg_B_seed2801,reward_curriculum/progress/frame,136806400,0.35277777910232544
mg_B_seed2801,reward_curriculum/progress/frame,136970240,0.35333332419395447
mg_B_seed2801,reward_curriculum/progress/frame,137134080,0.3538888990879059
mg_B_seed2801,reward_curriculum/progress/frame,137297920,0.3544444441795349
mg_B_seed2801,reward_curriculum/progress/frame,137461760,0.35499998927116394
mg_B_seed2801,reward_curriculum/progress/frame,137625600,0.35555556416511536
mg_B_seed2801,reward_curriculum/progress/frame,137789440,0.3561111092567444
mg_B_seed2801,reward_curriculum/progress/frame,137953280,0.3566666543483734
mg_B_seed2801,reward_curriculum/progress/frame,138117120,0.35722222924232483
mg_B_seed2801,reward_curriculum/progress/frame,138280960,0.35777777433395386
mg_B_seed2801,reward_curriculum/progress/frame,138444800,0.3583333194255829
mg_B_seed2801,reward_curriculum/progress/frame,138608640,0.3588888943195343
mg_B_seed2801,reward_curriculum/progress/frame,138772480,0.35944443941116333
mg_B_seed2801,reward_curriculum/progress/frame,138936320,0.36000001430511475
mg_B_seed2801,reward_curriculum/progress/frame,139100160,0.3605555593967438
mg_B_seed2801,reward_curriculum/progress/frame,139264000,0.3611111044883728
mg_B_seed2801,reward_curriculum/progress/frame,139427840,0.3616666793823242
mg_B_seed2801,reward_curriculum/progress/frame,139591680,0.36222222447395325
mg_B_seed2801,reward_curriculum/progress/frame,139755520,0.3627777695655823
mg_B_seed2801,reward_curriculum/progress/frame,139919360,0.3633333444595337
mg_B_seed2801,reward_curriculum/progress/frame,140083200,0.3638888895511627
mg_B_seed2801,reward_curriculum/progress/frame,140247040,0.36444443464279175
mg_B_seed2801,reward_curriculum/progress/frame,140410880,0.36500000953674316
mg_B_seed2801,reward_curriculum/progress/frame,140574720,0.3655555546283722
mg_B_seed2801,reward_curriculum/progress/frame,140738560,0.3661110997200012
mg_B_seed2801,reward_curriculum/progress/frame,140902400,0.36666667461395264
mg_B_seed2801,reward_curriculum/progress/frame,141066240,0.36722221970558167
mg_B_seed2801,reward_curriculum/progress/frame,141230080,0.3677777647972107
mg_B_seed2801,reward_curriculum/progress/frame,141393920,0.3683333396911621
mg_B_seed2801,reward_curriculum/progress/frame,141557760,0.36888888478279114
mg_B_seed2801,reward_curriculum/progress/frame,141721600,0.36944442987442017
mg_B_seed2801,reward_curriculum/progress/frame,141885440,0.3700000047683716
mg_B_seed2801,reward_curriculum/progress/frame,142049280,0.3705555498600006
mg_B_seed2801,reward_curriculum/progress/frame,142213120,0.371111124753952
mg_B_seed2801,reward_curriculum/progress/frame,142376960,0.37166666984558105
mg_B_seed2801,reward_curriculum/progress/frame,142540800,0.3722222149372101
mg_B_seed2801,reward_curriculum/progress/frame,142704640,0.3727777898311615
mg_B_seed2801,reward_curriculum/progress/frame,142868480,0.3733333349227905
mg_B_seed2801,reward_curriculum/progress/frame,143032320,0.37388888001441956
mg_B_seed2801,reward_curriculum/progress/frame,143196160,0.37444445490837097
mg_B_seed2801,reward_curriculum/progress/frame,143360000,0.375
mg_B_seed2801,reward_curriculum/progress/frame,143523840,0.37555554509162903
mg_B_seed2801,reward_curriculum/progress/frame,143687680,0.37611111998558044
mg_B_seed2801,reward_curriculum/progress/frame,143851520,0.3766666650772095
mg_B_seed2801,reward_curriculum/progress/frame,144015360,0.3772222101688385
mg_B_seed2801,reward_curriculum/progress/frame,144179200,0.3777777850627899
mg_B_seed2801,reward_curriculum/progress/frame,144343040,0.37833333015441895
mg_B_seed2801,reward_curriculum/progress/frame,144506880,0.378888875246048
mg_B_seed2801,reward_curriculum/progress/frame,144670720,0.3794444501399994
mg_B_seed2801,reward_curriculum/progress/frame,144834560,0.3799999952316284
mg_B_seed2801,reward_curriculum/progress/frame,144998400,0.38055557012557983
mg_B_seed2801,reward_curriculum/progress/frame,145162240,0.38111111521720886
mg_B_seed2801,reward_curriculum/progress/frame,145326080,0.3816666603088379
mg_B_seed2801,reward_curriculum/progress/frame,145489920,0.3822222352027893
mg_B_seed2801,reward_curriculum/progress/frame,145653760,0.38277778029441833
mg_B_seed2801,reward_curriculum/progress/frame,145817600,0.38333332538604736
mg_B_seed2801,reward_curriculum/progress/frame,145981440,0.3838889002799988
mg_B_seed2801,reward_curriculum/progress/frame,146145280,0.3844444453716278
mg_B_seed2801,reward_curriculum/progress/frame,146309120,0.38499999046325684
mg_B_seed2801,reward_curriculum/progress/frame,146472960,0.38555556535720825
mg_B_seed2801,reward_curriculum/progress/frame,146636800,0.3861111104488373
mg_B_seed2801,reward_curriculum/progress/frame,146800640,0.3866666555404663
mg_B_seed2801,reward_curriculum/progress/frame,146964480,0.3872222304344177
mg_B_seed2801,reward_curriculum/progress/frame,147128320,0.38777777552604675
mg_B_seed2801,reward_curriculum/progress/frame,147292160,0.3883333206176758
mg_B_seed2801,reward_curriculum/progress/frame,147456000,0.3888888955116272
mg_B_seed2801,reward_curriculum/progress/frame,147619840,0.3894444406032562
mg_B_seed2801,reward_curriculum/progress/frame,147783680,0.38999998569488525
mg_B_seed2801,reward_curriculum/progress/frame,147947520,0.39055556058883667
mg_B_seed2801,reward_curriculum/progress/frame,148111360,0.3911111056804657
mg_B_seed2801,reward_curriculum/progress/frame,148275200,0.3916666805744171
mg_B_seed2801,reward_curriculum/progress/frame,148439040,0.39222222566604614
mg_B_seed2801,reward_curriculum/progress/frame,148602880,0.39277777075767517
mg_B_seed2801,reward_curriculum/progress/frame,148766720,0.3933333456516266
mg_B_seed2801,reward_curriculum/progress/frame,148930560,0.3938888907432556
mg_B_seed2801,reward_curriculum/progress/frame,149094400,0.39444443583488464
mg_B_seed2801,reward_curriculum/progress/frame,149258240,0.39500001072883606
mg_B_seed2801,reward_curriculum/progress/frame,149422080,0.3955555558204651
mg_B_seed2801,reward_curriculum/progress/frame,149585920,0.3961111009120941
mg_B_seed2801,reward_curriculum/progress/frame,149749760,0.39666667580604553
mg_B_seed2801,reward_curriculum/progress/frame,149913600,0.39722222089767456
mg_B_seed2801,reward_curriculum/progress/frame,150077440,0.3977777659893036
mg_B_seed2801,reward_curriculum/progress/frame,150241280,0.398333340883255
mg_B_seed2801,reward_curriculum/progress/frame,150405120,0.39888888597488403
mg_B_seed2801,reward_curriculum/progress/frame,150568960,0.39944443106651306
mg_B_seed2801,reward_curriculum/progress/frame,150732800,0.4000000059604645
mg_B_seed2801,reward_curriculum/progress/frame,150896640,0.4005555510520935
mg_B_seed2801,reward_curriculum/progress/frame,151060480,0.4011111259460449
mg_B_seed2801,reward_curriculum/progress/frame,151224320,0.40166667103767395
mg_B_seed2801,reward_curriculum/progress/frame,151388160,0.402222216129303
mg_B_seed2801,reward_curriculum/progress/frame,151552000,0.4027777910232544
mg_B_seed2801,reward_curriculum/progress/frame,151715840,0.4033333361148834
mg_B_seed2801,reward_curriculum/progress/frame,151879680,0.40388888120651245
mg_B_seed2801,reward_curriculum/progress/frame,152043520,0.40444445610046387
mg_B_seed2801,reward_curriculum/progress/frame,152207360,0.4050000011920929
mg_B_seed2801,reward_curriculum/progress/frame,152371200,0.4055555462837219
mg_B_seed2801,reward_curriculum/progress/frame,152535040,0.40611112117767334
mg_B_seed2801,reward_curriculum/progress/frame,152698880,0.40666666626930237
mg_B_seed2801,reward_curriculum/progress/frame,152862720,0.4072222113609314
mg_B_seed2801,reward_curriculum/progress/frame,153026560,0.4077777862548828
mg_B_seed2801,reward_curriculum/progress/frame,153190400,0.40833333134651184
mg_B_seed2801,reward_curriculum/progress/frame,153354240,0.40888887643814087
mg_B_seed2801,reward_curriculum/progress/frame,153518080,0.4094444513320923
mg_B_seed2801,reward_curriculum/progress/frame,153681920,0.4099999964237213
mg_B_seed2801,reward_curriculum/progress/frame,153845760,0.41055554151535034
mg_B_seed2801,reward_curriculum/progress/frame,154009600,0.41111111640930176
mg_B_seed2801,reward_curriculum/progress/frame,154173440,0.4116666615009308
mg_B_seed2801,reward_curriculum/progress/frame,154337280,0.4122222363948822
mg_B_seed2801,reward_curriculum/progress/frame,154501120,0.41277778148651123
mg_B_seed2801,reward_curriculum/progress/frame,154664960,0.41333332657814026
mg_B_seed2801,reward_curriculum/progress/frame,154828800,0.4138889014720917
mg_B_seed2801,reward_curriculum/progress/frame,154992640,0.4144444465637207
mg_B_seed2801,reward_curriculum/progress/frame,155156480,0.41499999165534973
mg_B_seed2801,reward_curriculum/progress/frame,155320320,0.41555556654930115
mg_B_seed2801,reward_curriculum/progress/frame,155484160,0.4161111116409302
mg_B_seed2801,reward_curriculum/progress/frame,155648000,0.4166666567325592
mg_B_seed2801,reward_curriculum/progress/frame,155811840,0.4172222316265106
mg_B_seed2801,reward_curriculum/progress/frame,155975680,0.41777777671813965
mg_B_seed2801,reward_curriculum/progress/frame,156139520,0.4183333218097687
mg_B_seed2801,reward_curriculum/progress/frame,156303360,0.4188888967037201
mg_B_seed2801,reward_curriculum/progress/frame,156467200,0.4194444417953491
mg_B_seed2801,reward_curriculum/progress/frame,156631040,0.41999998688697815
mg_B_seed2801,reward_curriculum/progress/frame,156794880,0.42055556178092957
mg_B_seed2801,reward_curriculum/progress/frame,156958720,0.4211111068725586
mg_B_seed2801,reward_curriculum/progress/frame,157122560,0.4216666519641876
mg_B_seed2801,reward_curriculum/progress/frame,157286400,0.42222222685813904
mg_B_seed2801,reward_curriculum/progress/frame,157450240,0.42277777194976807
mg_B_seed2801,reward_curriculum/progress/frame,157614080,0.4233333468437195
mg_B_seed2801,reward_curriculum/progress/frame,157777920,0.4238888919353485
mg_B_seed2801,reward_curriculum/progress/frame,157941760,0.42444443702697754
mg_B_seed2801,reward_curriculum/progress/frame,158105600,0.42500001192092896
mg_B_seed2801,reward_curriculum/progress/frame,158269440,0.425555557012558
mg_B_seed2801,reward_curriculum/progress/frame,158433280,0.426111102104187
mg_B_seed2801,reward_curriculum/progress/frame,158597120,0.4266666769981384
mg_B_seed2801,reward_curriculum/progress/frame,158760960,0.42722222208976746
mg_B_seed2801,reward_curriculum/progress/frame,158924800,0.4277777671813965
mg_B_seed2801,reward_curriculum/progress/frame,159088640,0.4283333420753479
mg_B_seed2801,reward_curriculum/progress/frame,159252480,0.42888888716697693
mg_B_seed2801,reward_curriculum/progress/frame,159416320,0.42944443225860596
mg_B_seed2801,reward_curriculum/progress/frame,159580160,0.4300000071525574
mg_B_seed2801,reward_curriculum/progress/frame,159744000,0.4305555522441864
mg_B_seed2801,reward_curriculum/progress/frame,159907840,0.43111109733581543
mg_B_seed2801,reward_curriculum/progress/frame,160071680,0.43166667222976685
mg_B_seed2801,reward_curriculum/progress/frame,160235520,0.4322222173213959
mg_B_seed2801,reward_curriculum/progress/frame,160399360,0.4327777922153473
mg_B_seed2801,reward_curriculum/progress/frame,160563200,0.4333333373069763
mg_B_seed2801,reward_curriculum/progress/frame,160727040,0.43388888239860535
mg_B_seed2801,reward_curriculum/progress/frame,160890880,0.43444445729255676
mg_B_seed2801,reward_curriculum/progress/frame,161054720,0.4350000023841858
mg_B_seed2801,reward_curriculum/progress/frame,161218560,0.4355555474758148
mg_B_seed2801,reward_curriculum/progress/frame,161382400,0.43611112236976624
mg_B_seed2801,reward_curriculum/progress/frame,161546240,0.43666666746139526
mg_B_seed2801,reward_curriculum/progress/frame,161710080,0.4372222125530243
mg_B_seed2801,reward_curriculum/progress/frame,161873920,0.4377777874469757
mg_B_seed2801,reward_curriculum/progress/frame,162037760,0.43833333253860474
mg_B_seed2801,reward_curriculum/progress/frame,162201600,0.43888887763023376
mg_B_seed2801,reward_curriculum/progress/frame,162365440,0.4394444525241852
mg_B_seed2801,reward_curriculum/progress/frame,162529280,0.4399999976158142
mg_B_seed2801,reward_curriculum/progress/frame,162693120,0.44055554270744324
mg_B_seed2801,reward_curriculum/progress/frame,162856960,0.44111111760139465
mg_B_seed2801,reward_curriculum/progress/frame,163020800,0.4416666626930237
mg_B_seed2801,reward_curriculum/progress/frame,163184640,0.4422222077846527
mg_B_seed2801,reward_curriculum/progress/frame,163348480,0.4427777826786041
mg_B_seed2801,reward_curriculum/progress/frame,163512320,0.44333332777023315
mg_B_seed2801,reward_curriculum/progress/frame,163676160,0.44388890266418457
mg_B_seed2801,reward_curriculum/progress/frame,163840000,0.4444444477558136
mg_C_seed2801,rewards/step,163840,-56.353546142578125
mg_C_seed2801,rewards/step,327680,-63.11714172363281
mg_C_seed2801,rewards/step,491520,-66.80016326904297
mg_C_seed2801,rewards/step,655360,-70.71991729736328
mg_C_seed2801,rewards/step,819200,-76.87736511230469
mg_C_seed2801,rewards/step,983040,-81.24633026123047
mg_C_seed2801,rewards/step,1146880,-89.10848999023438
mg_C_seed2801,rewards/step,1310720,-93.7979736328125
mg_C_seed2801,rewards/step,1474560,-100.41976165771484
mg_C_seed2801,rewards/step,1638400,-109.8072509765625
mg_C_seed2801,rewards/step,1802240,-122.19873809814453
mg_C_seed2801,rewards/step,1966080,-128.60617065429688
mg_C_seed2801,rewards/step,2129920,-137.3390655517578
mg_C_seed2801,rewards/step,2293760,-150.89427185058594
mg_C_seed2801,rewards/step,2457600,-163.83541870117188
mg_C_seed2801,rewards/step,2621440,-172.79457092285156
mg_C_seed2801,rewards/step,2785280,-185.18922424316406
mg_C_seed2801,rewards/step,2949120,-199.10194396972656
mg_C_seed2801,rewards/step,3112960,-307.62225341796875
mg_C_seed2801,rewards/step,3276800,-348.5792541503906
mg_C_seed2801,rewards/step,3440640,-375.7443542480469
mg_C_seed2801,rewards/step,3604480,-390.6576232910156
mg_C_seed2801,rewards/step,3768320,-393.41357421875
mg_C_seed2801,rewards/step,3932160,-398.1523742675781
mg_C_seed2801,rewards/step,4096000,-400.79217529296875
mg_C_seed2801,rewards/step,4259840,-403.45355224609375
mg_C_seed2801,rewards/step,4423680,-406.7193298339844
mg_C_seed2801,rewards/step,4587520,-408.2318420410156
mg_C_seed2801,rewards/step,4751360,-409.65399169921875
mg_C_seed2801,rewards/step,4915200,-411.2457580566406
mg_C_seed2801,rewards/step,5079040,-409.7433166503906
mg_C_seed2801,rewards/step,5242880,-412.7248229980469
mg_C_seed2801,rewards/step,5406720,-410.6741638183594
mg_C_seed2801,rewards/step,5570560,-406.9368591308594
mg_C_seed2801,rewards/step,5734400,-396.4497375488281
mg_C_seed2801,rewards/step,5898240,-379.582275390625
mg_C_seed2801,rewards/step,6062080,-357.651123046875
mg_C_seed2801,rewards/step,6225920,-324.0473327636719
mg_C_seed2801,rewards/step,6389760,-290.1888122558594
mg_C_seed2801,rewards/step,6553600,-269.86346435546875
mg_C_seed2801,rewards/step,6717440,-256.6672058105469
mg_C_seed2801,rewards/step,6881280,-248.15701293945312
mg_C_seed2801,rewards/step,7045120,-242.74395751953125
mg_C_seed2801,rewards/step,7208960,-237.2906494140625
mg_C_seed2801,rewards/step,7372800,-233.8030548095703
mg_C_seed2801,rewards/step,7536640,-231.26512145996094
mg_C_seed2801,rewards/step,7700480,-227.86972045898438
mg_C_seed2801,rewards/step,7864320,-226.22174072265625
mg_C_seed2801,rewards/step,8028160,-224.02310180664062
mg_C_seed2801,rewards/step,8192000,-220.6098175048828
mg_C_seed2801,rewards/step,8355840,-216.52157592773438
mg_C_seed2801,rewards/step,8519680,-210.57835388183594
mg_C_seed2801,rewards/step,8683520,-203.86256408691406
mg_C_seed2801,rewards/step,8847360,-193.9838104248047
mg_C_seed2801,rewards/step,9011200,-180.36097717285156
mg_C_seed2801,rewards/step,9175040,-165.31358337402344
mg_C_seed2801,rewards/step,9338880,-147.48934936523438
mg_C_seed2801,rewards/step,9502720,-130.05838012695312
mg_C_seed2801,rewards/step,9666560,-116.72422790527344
mg_C_seed2801,rewards/step,9830400,-109.17534637451172
mg_C_seed2801,rewards/step,9994240,-103.1918716430664
mg_C_seed2801,rewards/step,10158080,-99.12294006347656
mg_C_seed2801,rewards/step,10321920,-95.51937103271484
mg_C_seed2801,rewards/step,10485760,-93.07145690917969
mg_C_seed2801,rewards/step,10649600,-91.58092498779297
mg_C_seed2801,rewards/step,10813440,-89.73749542236328
mg_C_seed2801,rewards/step,10977280,-88.45925903320312
mg_C_seed2801,rewards/step,11141120,-86.92975616455078
mg_C_seed2801,rewards/step,11304960,-84.8781509399414
mg_C_seed2801,rewards/step,11468800,-83.30181121826172
mg_C_seed2801,rewards/step,11632640,-82.74696350097656
mg_C_seed2801,rewards/step,11796480,-79.54612731933594
mg_C_seed2801,rewards/step,11960320,-75.13182830810547
mg_C_seed2801,rewards/step,12124160,-73.03553771972656
mg_C_seed2801,rewards/step,12288000,-67.0799789428711
mg_C_seed2801,rewards/step,12451840,-60.411624908447266
mg_C_seed2801,rewards/step,12615680,-53.51902389526367
mg_C_seed2801,rewards/step,12779520,-47.37601852416992
mg_C_seed2801,rewards/step,12943360,-43.476165771484375
mg_C_seed2801,rewards/step,13107200,-38.95289611816406
mg_C_seed2801,rewards/step,13271040,-35.50962829589844
mg_C_seed2801,rewards/step,13434880,-32.66743087768555
mg_C_seed2801,rewards/step,13598720,-30.893909454345703
mg_C_seed2801,rewards/step,13762560,-29.46177101135254
mg_C_seed2801,rewards/step,13926400,-28.369369506835938
mg_C_seed2801,rewards/step,14090240,-27.143978118896484
mg_C_seed2801,rewards/step,14254080,-26.034059524536133
mg_C_seed2801,rewards/step,14417920,-25.050260543823242
mg_C_seed2801,rewards/step,14581760,-23.66486930847168
mg_C_seed2801,rewards/step,14745600,-22.133995056152344
mg_C_seed2801,rewards/step,14909440,-20.62873077392578
mg_C_seed2801,rewards/step,15073280,-18.101600646972656
mg_C_seed2801,rewards/step,15237120,-16.444705963134766
mg_C_seed2801,rewards/step,15400960,-13.09592056274414
mg_C_seed2801,rewards/step,15564800,-8.644275665283203
mg_C_seed2801,rewards/step,15728640,-8.379596710205078
mg_C_seed2801,rewards/step,15892480,-4.940217971801758
mg_C_seed2801,rewards/step,16056320,-0.9707390666007996
mg_C_seed2801,rewards/step,16220160,1.701646089553833
mg_C_seed2801,rewards/step,16384000,2.5193889141082764
mg_C_seed2801,rewards/step,16547840,5.1446123123168945
mg_C_seed2801,rewards/step,16711680,6.544486999511719
mg_C_seed2801,rewards/step,16875520,7.464376926422119
mg_C_seed2801,rewards/step,17039360,8.515692710876465
mg_C_seed2801,rewards/step,17203200,9.401028633117676
mg_C_seed2801,rewards/step,17367040,9.747784614562988
mg_C_seed2801,rewards/step,17530880,10.336520195007324
mg_C_seed2801,rewards/step,17694720,10.849940299987793
mg_C_seed2801,rewards/step,17858560,11.80150032043457
mg_C_seed2801,rewards/step,18022400,12.419451713562012
mg_C_seed2801,rewards/step,18186240,14.084291458129883
mg_C_seed2801,rewards/step,18350080,15.530736923217773
mg_C_seed2801,rewards/step,18513920,18.11189079284668
mg_C_seed2801,rewards/step,18677760,21.284948348999023
mg_C_seed2801,rewards/step,18841600,23.24847412109375
mg_C_seed2801,rewards/step,19005440,27.780452728271484
mg_C_seed2801,rewards/step,19169280,31.045785903930664
mg_C_seed2801,rewards/step,19333120,33.21822738647461
mg_C_seed2801,rewards/step,19496960,35.53347396850586
mg_C_seed2801,rewards/step,19660800,34.61448669433594
mg_C_seed2801,rewards/step,19824640,34.987850189208984
mg_C_seed2801,rewards/step,19988480,34.88087463378906
mg_C_seed2801,rewards/step,20152320,35.90880584716797
mg_C_seed2801,rewards/step,20316160,37.135765075683594
mg_C_seed2801,rewards/step,20480000,37.73115158081055
mg_C_seed2801,rewards/step,20643840,38.25783157348633
mg_C_seed2801,rewards/step,20807680,38.68941879272461
mg_C_seed2801,rewards/step,20971520,39.08233642578125
mg_C_seed2801,rewards/step,21135360,39.76704406738281
mg_C_seed2801,rewards/step,21299200,40.604759216308594
mg_C_seed2801,rewards/step,21463040,41.71376037597656
mg_C_seed2801,rewards/step,21626880,43.26315689086914
mg_C_seed2801,rewards/step,21790720,45.134971618652344
mg_C_seed2801,rewards/step,21954560,46.67156219482422
mg_C_seed2801,rewards/step,22118400,49.26559829711914
mg_C_seed2801,rewards/step,22282240,50.29292297363281
mg_C_seed2801,rewards/step,22446080,51.177555084228516
mg_C_seed2801,rewards/step,22609920,52.8088493347168
mg_C_seed2801,rewards/step,22773760,53.07471466064453
mg_C_seed2801,rewards/step,22937600,54.43962860107422
mg_C_seed2801,rewards/step,23101440,55.220279693603516
mg_C_seed2801,rewards/step,23265280,56.446868896484375
mg_C_seed2801,rewards/step,23429120,57.16716766357422
mg_C_seed2801,rewards/step,23592960,57.459625244140625
mg_C_seed2801,rewards/step,23756800,58.27480697631836
mg_C_seed2801,rewards/step,23920640,58.50233459472656
mg_C_seed2801,rewards/step,24084480,58.53006362915039
mg_C_seed2801,rewards/step,24248320,58.856109619140625
mg_C_seed2801,rewards/step,24412160,57.987003326416016
mg_C_seed2801,rewards/step,24576000,58.72789001464844
mg_C_seed2801,rewards/step,24739840,59.15090560913086
mg_C_seed2801,rewards/step,24903680,58.77022171020508
mg_C_seed2801,rewards/step,25067520,59.93639373779297
mg_C_seed2801,rewards/step,25231360,61.582759857177734
mg_C_seed2801,rewards/step,25395200,64.48509216308594
mg_C_seed2801,rewards/step,25559040,66.66156005859375
mg_C_seed2801,rewards/step,25722880,68.94733428955078
mg_C_seed2801,rewards/step,25886720,70.43612670898438
mg_C_seed2801,rewards/step,26050560,71.22525787353516
mg_C_seed2801,rewards/step,26214400,73.27474212646484
mg_C_seed2801,rewards/step,26378240,72.4376220703125
mg_C_seed2801,rewards/step,26542080,73.55864715576172
mg_C_seed2801,rewards/step,26705920,73.5434341430664
mg_C_seed2801,rewards/step,26869760,73.7276840209961
mg_C_seed2801,rewards/step,27033600,74.89371490478516
mg_C_seed2801,rewards/step,27197440,75.30531311035156
mg_C_seed2801,rewards/step,27361280,75.48873901367188
mg_C_seed2801,rewards/step,27525120,75.59675598144531
mg_C_seed2801,rewards/step,27688960,75.53157043457031
mg_C_seed2801,rewards/step,27852800,75.78959655761719
mg_C_seed2801,rewards/step,28016640,76.1798095703125
mg_C_seed2801,rewards/step,28180480,77.67520904541016
mg_C_seed2801,rewards/step,28344320,78.39534759521484
mg_C_seed2801,rewards/step,28508160,79.83045959472656
mg_C_seed2801,rewards/step,28672000,80.22535705566406
mg_C_seed2801,rewards/step,28835840,81.2757568359375
mg_C_seed2801,rewards/step,28999680,81.69925689697266
mg_C_seed2801,rewards/step,29163520,82.68787384033203
mg_C_seed2801,rewards/step,29327360,83.98857116699219
mg_C_seed2801,rewards/step,29491200,85.25362396240234
mg_C_seed2801,rewards/step,29655040,86.31826782226562
mg_C_seed2801,rewards/step,29818880,86.79564666748047
mg_C_seed2801,rewards/step,29982720,85.8506851196289
mg_C_seed2801,rewards/step,30146560,86.95215606689453
mg_C_seed2801,rewards/step,30310400,87.31294250488281
mg_C_seed2801,rewards/step,30474240,87.64759063720703
mg_C_seed2801,rewards/step,30638080,88.29328155517578
mg_C_seed2801,rewards/step,30801920,88.99066925048828
mg_C_seed2801,rewards/step,30965760,89.26590728759766
mg_C_seed2801,rewards/step,31129600,90.05057525634766
mg_C_seed2801,rewards/step,31293440,90.64154815673828
mg_C_seed2801,rewards/step,31457280,90.04876708984375
mg_C_seed2801,rewards/step,31621120,90.42162322998047
mg_C_seed2801,rewards/step,31784960,90.90186309814453
mg_C_seed2801,rewards/step,31948800,91.92951202392578
mg_C_seed2801,rewards/step,32112640,92.78926849365234
mg_C_seed2801,rewards/step,32276480,93.77887725830078
mg_C_seed2801,rewards/step,32440320,93.71807098388672
mg_C_seed2801,rewards/step,32604160,94.24922943115234
mg_C_seed2801,rewards/step,32768000,95.0914535522461
mg_C_seed2801,rewards/step,32931840,95.1174545288086
mg_C_seed2801,rewards/step,33095680,96.1126480102539
mg_C_seed2801,rewards/step,33259520,96.80127716064453
mg_C_seed2801,rewards/step,33423360,98.44308471679688
mg_C_seed2801,rewards/step,33587200,99.2986831665039
mg_C_seed2801,rewards/step,33751040,100.55398559570312
mg_C_seed2801,rewards/step,33914880,101.89684295654297
mg_C_seed2801,rewards/step,34078720,103.33936309814453
mg_C_seed2801,rewards/step,34242560,104.11571502685547
mg_C_seed2801,rewards/step,34406400,104.98482513427734
mg_C_seed2801,rewards/step,34570240,105.46975708007812
mg_C_seed2801,rewards/step,34734080,106.1083755493164
mg_C_seed2801,rewards/step,34897920,106.58135223388672
mg_C_seed2801,rewards/step,35061760,107.93972778320312
mg_C_seed2801,rewards/step,35225600,108.88202667236328
mg_C_seed2801,rewards/step,35389440,109.6523208618164
mg_C_seed2801,rewards/step,35553280,110.82636260986328
mg_C_seed2801,rewards/step,35717120,110.13221740722656
mg_C_seed2801,rewards/step,35880960,111.80509185791016
mg_C_seed2801,rewards/step,36044800,112.38221740722656
mg_C_seed2801,rewards/step,36208640,113.74938201904297
mg_C_seed2801,rewards/step,36372480,114.4035415649414
mg_C_seed2801,rewards/step,36536320,115.62226867675781
mg_C_seed2801,rewards/step,36700160,115.92364501953125
mg_C_seed2801,rewards/step,36864000,117.03147888183594
mg_C_seed2801,rewards/step,37027840,118.48716735839844
mg_C_seed2801,rewards/step,37191680,118.83576202392578
mg_C_seed2801,rewards/step,37355520,120.31529235839844
mg_C_seed2801,rewards/step,37519360,121.35202026367188
mg_C_seed2801,rewards/step,37683200,123.0501937866211
mg_C_seed2801,rewards/step,37847040,124.38590240478516
mg_C_seed2801,rewards/step,38010880,125.87059020996094
mg_C_seed2801,rewards/step,38174720,127.97762298583984
mg_C_seed2801,rewards/step,38338560,130.03155517578125
mg_C_seed2801,rewards/step,38502400,131.8602294921875
mg_C_seed2801,rewards/step,38666240,133.94276428222656
mg_C_seed2801,rewards/step,38830080,135.5948028564453
mg_C_seed2801,rewards/step,38993920,137.85398864746094
mg_C_seed2801,rewards/step,39157760,140.11801147460938
mg_C_seed2801,rewards/step,39321600,142.21609497070312
mg_C_seed2801,rewards/step,39485440,144.166748046875
mg_C_seed2801,rewards/step,39649280,146.33865356445312
mg_C_seed2801,rewards/step,39813120,148.06024169921875
mg_C_seed2801,rewards/step,39976960,150.16970825195312
mg_C_seed2801,rewards/step,40140800,151.62887573242188
mg_C_seed2801,rewards/step,40304640,153.3113250732422
mg_C_seed2801,rewards/step,40468480,155.27037048339844
mg_C_seed2801,rewards/step,40632320,157.89100646972656
mg_C_seed2801,rewards/step,40796160,160.29132080078125
mg_C_seed2801,rewards/step,40960000,163.8309326171875
mg_C_seed2801,rewards/step,41123840,165.86978149414062
mg_C_seed2801,rewards/step,41287680,167.84852600097656
mg_C_seed2801,rewards/step,41451520,169.60501098632812
mg_C_seed2801,rewards/step,41615360,171.93295288085938
mg_C_seed2801,rewards/step,41779200,174.3525848388672
mg_C_seed2801,rewards/step,41943040,176.08966064453125
mg_C_seed2801,rewards/step,42106880,177.82550048828125
mg_C_seed2801,rewards/step,42270720,180.0104217529297
mg_C_seed2801,rewards/step,42434560,182.00856018066406
mg_C_seed2801,rewards/step,42598400,184.15940856933594
mg_C_seed2801,rewards/step,42762240,186.766845703125
mg_C_seed2801,rewards/step,42926080,188.92987060546875
mg_C_seed2801,rewards/step,43089920,190.52532958984375
mg_C_seed2801,rewards/step,43253760,192.7282257080078
mg_C_seed2801,rewards/step,43417600,194.37632751464844
mg_C_seed2801,rewards/step,43581440,195.95516967773438
mg_C_seed2801,rewards/step,43745280,198.30079650878906
mg_C_seed2801,rewards/step,43909120,200.91424560546875
mg_C_seed2801,rewards/step,44072960,203.87025451660156
mg_C_seed2801,rewards/step,44236800,206.424560546875
mg_C_seed2801,rewards/step,44400640,208.58407592773438
mg_C_seed2801,rewards/step,44564480,210.8565216064453
mg_C_seed2801,rewards/step,44728320,213.44268798828125
mg_C_seed2801,rewards/step,44892160,215.23193359375
mg_C_seed2801,rewards/step,45056000,217.06985473632812
mg_C_seed2801,rewards/step,45219840,219.90216064453125
mg_C_seed2801,rewards/step,45383680,221.92332458496094
mg_C_seed2801,rewards/step,45547520,223.09535217285156
mg_C_seed2801,rewards/step,45711360,224.9015350341797
mg_C_seed2801,rewards/step,45875200,226.81332397460938
mg_C_seed2801,rewards/step,46039040,228.8147430419922
mg_C_seed2801,rewards/step,46202880,230.8184356689453
mg_C_seed2801,rewards/step,46366720,231.87698364257812
mg_C_seed2801,rewards/step,46530560,233.5542449951172
mg_C_seed2801,rewards/step,46694400,234.7736053466797
mg_C_seed2801,rewards/step,46858240,236.62815856933594
mg_C_seed2801,rewards/step,47022080,238.85003662109375
mg_C_seed2801,rewards/step,47185920,241.0478515625
mg_C_seed2801,rewards/step,47349760,243.29522705078125
mg_C_seed2801,rewards/step,47513600,244.5673065185547
mg_C_seed2801,rewards/step,47677440,246.80616760253906
mg_C_seed2801,rewards/step,47841280,247.98861694335938
mg_C_seed2801,rewards/step,48005120,249.7602081298828
mg_C_seed2801,rewards/step,48168960,251.5962677001953
mg_C_seed2801,rewards/step,48332800,252.89315795898438
mg_C_seed2801,rewards/step,48496640,254.39016723632812
mg_C_seed2801,rewards/step,48660480,255.68746948242188
mg_C_seed2801,rewards/step,48824320,257.17822265625
mg_C_seed2801,rewards/step,48988160,258.2204895019531
mg_C_seed2801,rewards/step,49152000,259.52154541015625
mg_C_seed2801,rewards/step,49315840,260.8412170410156
mg_C_seed2801,rewards/step,49479680,262.4150085449219
mg_C_seed2801,rewards/step,49643520,263.777587890625
mg_C_seed2801,rewards/step,49807360,265.177490234375
mg_C_seed2801,rewards/step,49971200,266.5699462890625
mg_C_seed2801,rewards/step,50135040,268.4290771484375
mg_C_seed2801,rewards/step,50298880,269.98846435546875
mg_C_seed2801,rewards/step,50462720,271.794677734375
mg_C_seed2801,rewards/step,50626560,273.3877258300781
mg_C_seed2801,rewards/step,50790400,274.8953552246094
mg_C_seed2801,rewards/step,50954240,275.818359375
mg_C_seed2801,rewards/step,51118080,277.2305908203125
mg_C_seed2801,rewards/step,51281920,278.5624694824219
mg_C_seed2801,rewards/step,51445760,280.40814208984375
mg_C_seed2801,rewards/step,51609600,281.27972412109375
mg_C_seed2801,rewards/step,51773440,282.472900390625
mg_C_seed2801,rewards/step,51937280,283.71044921875
mg_C_seed2801,rewards/step,52101120,284.8898620605469
mg_C_seed2801,rewards/step,52264960,286.45556640625
mg_C_seed2801,rewards/step,52428800,287.20904541015625
mg_C_seed2801,rewards/step,52592640,288.1500244140625
mg_C_seed2801,rewards/step,52756480,289.0230712890625
mg_C_seed2801,rewards/step,52920320,290.0484313964844
mg_C_seed2801,rewards/step,53084160,291.0345458984375
mg_C_seed2801,rewards/step,53248000,293.21270751953125
mg_C_seed2801,rewards/step,53411840,294.2168884277344
mg_C_seed2801,rewards/step,53575680,295.47015380859375
mg_C_seed2801,rewards/step,53739520,297.428466796875
mg_C_seed2801,rewards/step,53903360,298.7298583984375
mg_C_seed2801,rewards/step,54067200,300.34332275390625
mg_C_seed2801,rewards/step,54231040,301.2257995605469
mg_C_seed2801,rewards/step,54394880,302.18853759765625
mg_C_seed2801,rewards/step,54558720,303.5804443359375
mg_C_seed2801,rewards/step,54722560,304.1726379394531
mg_C_seed2801,rewards/step,54886400,304.6444396972656
mg_C_seed2801,rewards/step,55050240,305.446044921875
mg_C_seed2801,rewards/step,55214080,306.43316650390625
mg_C_seed2801,rewards/step,55377920,306.9796447753906
mg_C_seed2801,rewards/step,55541760,308.16412353515625
mg_C_seed2801,rewards/step,55705600,308.4365234375
mg_C_seed2801,rewards/step,55869440,309.4212951660156
mg_C_seed2801,rewards/step,56033280,310.367919921875
mg_C_seed2801,rewards/step,56197120,311.3309326171875
mg_C_seed2801,rewards/step,56360960,312.6475524902344
mg_C_seed2801,rewards/step,56524800,313.49127197265625
mg_C_seed2801,rewards/step,56688640,314.4212341308594
mg_C_seed2801,rewards/step,56852480,315.9677734375
mg_C_seed2801,rewards/step,57016320,317.6215515136719
mg_C_seed2801,rewards/step,57180160,318.2214660644531
mg_C_seed2801,rewards/step,57344000,318.97601318359375
mg_C_seed2801,rewards/step,57507840,320.63250732421875
mg_C_seed2801,rewards/step,57671680,321.6399230957031
mg_C_seed2801,rewards/step,57835520,322.2664794921875
mg_C_seed2801,rewards/step,57999360,323.1294250488281
mg_C_seed2801,rewards/step,58163200,324.0611877441406
mg_C_seed2801,rewards/step,58327040,325.4997253417969
mg_C_seed2801,rewards/step,58490880,326.15631103515625
mg_C_seed2801,rewards/step,58654720,326.8209228515625
mg_C_seed2801,rewards/step,58818560,327.8789367675781
mg_C_seed2801,rewards/step,58982400,328.14996337890625
mg_C_seed2801,rewards/step,59146240,329.31982421875
mg_C_seed2801,rewards/step,59310080,330.38287353515625
mg_C_seed2801,rewards/step,59473920,330.8785095214844
mg_C_seed2801,rewards/step,59637760,331.7052917480469
mg_C_seed2801,rewards/step,59801600,332.4175720214844
mg_C_seed2801,rewards/step,59965440,333.6898498535156
mg_C_seed2801,rewards/step,60129280,335.15704345703125
mg_C_seed2801,rewards/step,60293120,335.61273193359375
mg_C_seed2801,rewards/step,60456960,336.0791015625
mg_C_seed2801,rewards/step,60620800,336.3544006347656
mg_C_seed2801,rewards/step,60784640,336.7556457519531
mg_C_seed2801,rewards/step,60948480,337.308837890625
mg_C_seed2801,rewards/step,61112320,337.5243835449219
mg_C_seed2801,rewards/step,61276160,338.0755920410156
mg_C_seed2801,rewards/step,61440000,338.4732666015625
mg_C_seed2801,rewards/step,61603840,338.7098388671875
mg_C_seed2801,rewards/step,61767680,339.4665832519531
mg_C_seed2801,rewards/step,61931520,339.481689453125
mg_C_seed2801,rewards/step,62095360,339.5807189941406
mg_C_seed2801,rewards/step,62259200,340.3503112792969
mg_C_seed2801,rewards/step,62423040,341.3196716308594
mg_C_seed2801,rewards/step,62586880,342.23046875
mg_C_seed2801,rewards/step,62750720,342.7180480957031
mg_C_seed2801,rewards/step,62914560,343.4554748535156
mg_C_seed2801,rewards/step,63078400,343.40692138671875
mg_C_seed2801,rewards/step,63242240,343.90838623046875
mg_C_seed2801,rewards/step,63406080,344.19866943359375
mg_C_seed2801,rewards/step,63569920,344.3006286621094
mg_C_seed2801,rewards/step,63733760,345.4698181152344
mg_C_seed2801,rewards/step,63897600,346.19671630859375
mg_C_seed2801,rewards/step,64061440,346.8423156738281
mg_C_seed2801,rewards/step,64225280,347.2803955078125
mg_C_seed2801,rewards/step,64389120,347.3386535644531
mg_C_seed2801,rewards/step,64552960,347.8992919921875
mg_C_seed2801,rewards/step,64716800,348.06939697265625
mg_C_seed2801,rewards/step,64880640,348.3517150878906
mg_C_seed2801,rewards/step,65044480,348.5167236328125
mg_C_seed2801,rewards/step,65208320,348.971923828125
mg_C_seed2801,rewards/step,65372160,349.4024963378906
mg_C_seed2801,rewards/step,65536000,350.5989074707031
mg_C_seed2801,rewards/step,65699840,350.73211669921875
mg_C_seed2801,rewards/step,65863680,351.1024475097656
mg_C_seed2801,rewards/step,66027520,351.3106689453125
mg_C_seed2801,rewards/step,66191360,352.1250305175781
mg_C_seed2801,rewards/step,66355200,352.7024841308594
mg_C_seed2801,rewards/step,66519040,353.0203857421875
mg_C_seed2801,rewards/step,66682880,353.3876953125
mg_C_seed2801,rewards/step,66846720,353.8168029785156
mg_C_seed2801,rewards/step,67010560,354.02532958984375
mg_C_seed2801,rewards/step,67174400,354.5691223144531
mg_C_seed2801,rewards/step,67338240,354.2679138183594
mg_C_seed2801,rewards/step,67502080,355.279541015625
mg_C_seed2801,rewards/step,67665920,355.93963623046875
mg_C_seed2801,rewards/step,67829760,356.22039794921875
mg_C_seed2801,rewards/step,67993600,356.7382507324219
mg_C_seed2801,rewards/step,68157440,357.0904846191406
mg_C_seed2801,rewards/step,68321280,358.0918273925781
mg_C_seed2801,rewards/step,68485120,357.7909851074219
mg_C_seed2801,rewards/step,68648960,357.62835693359375
mg_C_seed2801,rewards/step,68812800,358.1778564453125
mg_C_seed2801,rewards/step,68976640,358.39794921875
mg_C_seed2801,rewards/step,69140480,358.6796569824219
mg_C_seed2801,rewards/step,69304320,358.8929443359375
mg_C_seed2801,rewards/step,69468160,359.3475036621094
mg_C_seed2801,rewards/step,69632000,360.1372375488281
mg_C_seed2801,rewards/step,69795840,361.0914001464844
mg_C_seed2801,rewards/step,69959680,361.7881164550781
mg_C_seed2801,rewards/step,70123520,362.1249084472656
mg_C_seed2801,rewards/step,70287360,362.663818359375
mg_C_seed2801,rewards/step,70451200,363.1355285644531
mg_C_seed2801,rewards/step,70615040,363.41278076171875
mg_C_seed2801,rewards/step,70778880,363.8355712890625
mg_C_seed2801,rewards/step,70942720,364.2537841796875
mg_C_seed2801,rewards/step,71106560,364.6664123535156
mg_C_seed2801,rewards/step,71270400,364.8172607421875
mg_C_seed2801,rewards/step,71434240,366.00079345703125
mg_C_seed2801,rewards/step,71598080,366.9166259765625
mg_C_seed2801,rewards/step,71761920,368.1094665527344
mg_C_seed2801,rewards/step,71925760,368.6520080566406
mg_C_seed2801,rewards/step,72089600,369.4532470703125
mg_C_seed2801,rewards/step,72253440,369.1347961425781
mg_C_seed2801,rewards/step,72417280,369.84686279296875
mg_C_seed2801,rewards/step,72581120,370.404541015625
mg_C_seed2801,rewards/step,72744960,371.17486572265625
mg_C_seed2801,rewards/step,72908800,371.791748046875
mg_C_seed2801,rewards/step,73072640,371.4219665527344
mg_C_seed2801,rewards/step,73236480,371.3338317871094
mg_C_seed2801,rewards/step,73400320,371.1737976074219
mg_C_seed2801,rewards/step,73564160,372.0242004394531
mg_C_seed2801,rewards/step,73728000,371.803955078125
mg_C_seed2801,rewards/step,73891840,371.91656494140625
mg_C_seed2801,rewards/step,74055680,372.0946350097656
mg_C_seed2801,rewards/step,74219520,372.82879638671875
mg_C_seed2801,rewards/step,74383360,372.798583984375
mg_C_seed2801,rewards/step,74547200,372.803466796875
mg_C_seed2801,rewards/step,74711040,374.0452880859375
mg_C_seed2801,rewards/step,74874880,374.112548828125
mg_C_seed2801,rewards/step,75038720,373.9095764160156
mg_C_seed2801,rewards/step,75202560,374.5926208496094
mg_C_seed2801,rewards/step,75366400,375.046875
mg_C_seed2801,rewards/step,75530240,375.0019836425781
mg_C_seed2801,rewards/step,75694080,375.4872741699219
mg_C_seed2801,rewards/step,75857920,375.7534484863281
mg_C_seed2801,rewards/step,76021760,376.1842956542969
mg_C_seed2801,rewards/step,76185600,376.7674255371094
mg_C_seed2801,rewards/step,76349440,377.4102478027344
mg_C_seed2801,rewards/step,76513280,377.2117919921875
mg_C_seed2801,rewards/step,76677120,377.6874694824219
mg_C_seed2801,rewards/step,76840960,378.2438659667969
mg_C_seed2801,rewards/step,77004800,378.2338562011719
mg_C_seed2801,rewards/step,77168640,377.4948425292969
mg_C_seed2801,rewards/step,77332480,378.0657958984375
mg_C_seed2801,rewards/step,77496320,377.8365783691406
mg_C_seed2801,rewards/step,77660160,377.6372375488281
mg_C_seed2801,rewards/step,77824000,378.3345642089844
mg_C_seed2801,rewards/step,77987840,378.0226135253906
mg_C_seed2801,rewards/step,78151680,378.76361083984375
mg_C_seed2801,rewards/step,78315520,379.7908020019531
mg_C_seed2801,rewards/step,78479360,380.4701232910156
mg_C_seed2801,rewards/step,78643200,380.6182861328125
mg_C_seed2801,rewards/step,78807040,380.77386474609375
mg_C_seed2801,rewards/step,78970880,380.9720458984375
mg_C_seed2801,rewards/step,79134720,381.2264099121094
mg_C_seed2801,rewards/step,79298560,381.2781677246094
mg_C_seed2801,rewards/step,79462400,381.17279052734375
mg_C_seed2801,rewards/step,79626240,381.7010498046875
mg_C_seed2801,rewards/step,79790080,382.3674621582031
mg_C_seed2801,rewards/step,79953920,383.0369873046875
mg_C_seed2801,rewards/step,80117760,383.5222473144531
mg_C_seed2801,rewards/step,80281600,383.754150390625
mg_C_seed2801,rewards/step,80445440,383.9234619140625
mg_C_seed2801,rewards/step,80609280,384.2100830078125
mg_C_seed2801,rewards/step,80773120,384.4981994628906
mg_C_seed2801,rewards/step,80936960,385.05517578125
mg_C_seed2801,rewards/step,81100800,384.716552734375
mg_C_seed2801,rewards/step,81264640,385.1961669921875
mg_C_seed2801,rewards/step,81428480,384.406494140625
mg_C_seed2801,rewards/step,81592320,385.1609191894531
mg_C_seed2801,rewards/step,81756160,385.30487060546875
mg_C_seed2801,rewards/step,81920000,385.3214416503906
mg_C_seed2801,rewards/step,82083840,385.80657958984375
mg_C_seed2801,rewards/step,82247680,386.1011657714844
mg_C_seed2801,rewards/step,82411520,386.1513366699219
mg_C_seed2801,rewards/step,82575360,386.5093688964844
mg_C_seed2801,rewards/step,82739200,386.8788146972656
mg_C_seed2801,rewards/step,82903040,387.7677307128906
mg_C_seed2801,rewards/step,83066880,388.180419921875
mg_C_seed2801,rewards/step,83230720,388.36004638671875
mg_C_seed2801,rewards/step,83394560,388.2574157714844
mg_C_seed2801,rewards/step,83558400,388.38983154296875
mg_C_seed2801,rewards/step,83722240,388.680419921875
mg_C_seed2801,rewards/step,83886080,389.1721496582031
mg_C_seed2801,rewards/step,84049920,389.5744934082031
mg_C_seed2801,rewards/step,84213760,389.6923828125
mg_C_seed2801,rewards/step,84377600,390.2155456542969
mg_C_seed2801,rewards/step,84541440,390.486083984375
mg_C_seed2801,rewards/step,84705280,390.8197021484375
mg_C_seed2801,rewards/step,84869120,390.5076599121094
mg_C_seed2801,rewards/step,85032960,390.357666015625
mg_C_seed2801,rewards/step,85196800,390.3999938964844
mg_C_seed2801,rewards/step,85360640,390.5357971191406
mg_C_seed2801,rewards/step,85524480,390.3930358886719
mg_C_seed2801,rewards/step,85688320,390.35052490234375
mg_C_seed2801,rewards/step,85852160,390.12896728515625
mg_C_seed2801,rewards/step,86016000,389.9745788574219
mg_C_seed2801,rewards/step,86179840,389.84686279296875
mg_C_seed2801,rewards/step,86343680,389.7399597167969
mg_C_seed2801,rewards/step,86507520,389.8460693359375
mg_C_seed2801,rewards/step,86671360,390.00921630859375
mg_C_seed2801,rewards/step,86835200,390.1418151855469
mg_C_seed2801,rewards/step,86999040,390.0782775878906
mg_C_seed2801,rewards/step,87162880,390.797119140625
mg_C_seed2801,rewards/step,87326720,391.5478210449219
mg_C_seed2801,rewards/step,87490560,392.0817565917969
mg_C_seed2801,rewards/step,87654400,391.84429931640625
mg_C_seed2801,rewards/step,87818240,391.3138427734375
mg_C_seed2801,rewards/step,87982080,391.1986083984375
mg_C_seed2801,rewards/step,88145920,391.5354919433594
mg_C_seed2801,rewards/step,88309760,391.4743347167969
mg_C_seed2801,rewards/step,88473600,391.50396728515625
mg_C_seed2801,rewards/step,88637440,391.59136962890625
mg_C_seed2801,rewards/step,88801280,391.9256286621094
mg_C_seed2801,rewards/step,88965120,392.1759948730469
mg_C_seed2801,rewards/step,89128960,392.28192138671875
mg_C_seed2801,rewards/step,89292800,393.08392333984375
mg_C_seed2801,rewards/step,89456640,393.10809326171875
mg_C_seed2801,rewards/step,89620480,393.0470886230469
mg_C_seed2801,rewards/step,89784320,393.7179870605469
mg_C_seed2801,rewards/step,89948160,394.5035400390625
mg_C_seed2801,rewards/step,90112000,395.028564453125
mg_C_seed2801,rewards/step,90275840,394.31414794921875
mg_C_seed2801,rewards/step,90439680,394.7790832519531
mg_C_seed2801,rewards/step,90603520,395.1231994628906
mg_C_seed2801,rewards/step,90767360,394.7520751953125
mg_C_seed2801,rewards/step,90931200,394.84881591796875
mg_C_seed2801,rewards/step,91095040,394.872314453125
mg_C_seed2801,rewards/step,91258880,395.0177917480469
mg_C_seed2801,rewards/step,91422720,394.8025817871094
mg_C_seed2801,rewards/step,91586560,395.0643310546875
mg_C_seed2801,rewards/step,91750400,395.3855285644531
mg_C_seed2801,rewards/step,91914240,395.1210021972656
mg_C_seed2801,rewards/step,92078080,394.817626953125
mg_C_seed2801,rewards/step,92241920,394.8177795410156
mg_C_seed2801,rewards/step,92405760,394.5868835449219
mg_C_seed2801,rewards/step,92569600,394.57177734375
mg_C_seed2801,rewards/step,92733440,394.87823486328125
mg_C_seed2801,rewards/step,92897280,394.8681335449219
mg_C_seed2801,rewards/step,93061120,395.3549499511719
mg_C_seed2801,rewards/step,93224960,395.00469970703125
mg_C_seed2801,rewards/step,93388800,396.0575866699219
mg_C_seed2801,rewards/step,93552640,396.1967468261719
mg_C_seed2801,rewards/step,93716480,396.5861511230469
mg_C_seed2801,rewards/step,93880320,396.8864440917969
mg_C_seed2801,rewards/step,94044160,397.0019226074219
mg_C_seed2801,rewards/step,94208000,397.22607421875
mg_C_seed2801,rewards/step,94371840,396.9825744628906
mg_C_seed2801,rewards/step,94535680,396.7391357421875
mg_C_seed2801,rewards/step,94699520,396.9531555175781
mg_C_seed2801,rewards/step,94863360,396.8376770019531
mg_C_seed2801,rewards/step,95027200,396.6634216308594
mg_C_seed2801,rewards/step,95191040,396.40716552734375
mg_C_seed2801,rewards/step,95354880,396.00341796875
mg_C_seed2801,rewards/step,95518720,395.84307861328125
mg_C_seed2801,rewards/step,95682560,395.84979248046875
mg_C_seed2801,rewards/step,95846400,396.4479064941406
mg_C_seed2801,rewards/step,96010240,396.594482421875
mg_C_seed2801,rewards/step,96174080,396.9809875488281
mg_C_seed2801,rewards/step,96337920,396.92132568359375
mg_C_seed2801,rewards/step,96501760,396.4622802734375
mg_C_seed2801,rewards/step,96665600,396.4654541015625
mg_C_seed2801,rewards/step,96829440,396.3232727050781
mg_C_seed2801,rewards/step,96993280,396.5247802734375
mg_C_seed2801,rewards/step,97157120,396.48345947265625
mg_C_seed2801,rewards/step,97320960,396.4608154296875
mg_C_seed2801,rewards/step,97484800,397.0257873535156
mg_C_seed2801,rewards/step,97648640,397.3171081542969
mg_C_seed2801,rewards/step,97812480,397.31390380859375
mg_C_seed2801,rewards/step,97976320,397.0201721191406
mg_C_seed2801,rewards/step,98140160,396.8549499511719
mg_C_seed2801,rewards/step,98304000,397.2719421386719
mg_C_seed2801,rewards/step,98467840,397.6278381347656
mg_C_seed2801,rewards/step,98631680,397.8316955566406
mg_C_seed2801,rewards/step,98795520,397.7751159667969
mg_C_seed2801,rewards/step,98959360,397.5401306152344
mg_C_seed2801,rewards/step,99123200,397.5511474609375
mg_C_seed2801,rewards/step,99287040,397.80462646484375
mg_C_seed2801,rewards/step,99450880,398.1728820800781
mg_C_seed2801,rewards/step,99614720,398.30157470703125
mg_C_seed2801,rewards/step,99778560,398.2471618652344
mg_C_seed2801,rewards/step,99942400,398.2978820800781
mg_C_seed2801,rewards/step,100106240,397.21978759765625
mg_C_seed2801,rewards/step,100270080,397.35321044921875
mg_C_seed2801,rewards/step,100433920,397.42755126953125
mg_C_seed2801,rewards/step,100597760,397.71649169921875
mg_C_seed2801,rewards/step,100761600,397.8024597167969
mg_C_seed2801,rewards/step,100925440,398.1311950683594
mg_C_seed2801,rewards/step,101089280,397.70281982421875
mg_C_seed2801,rewards/step,101253120,397.34356689453125
mg_C_seed2801,rewards/step,101416960,397.63116455078125
mg_C_seed2801,rewards/step,101580800,397.89630126953125
mg_C_seed2801,rewards/step,101744640,397.6701354980469
mg_C_seed2801,rewards/step,101908480,398.2163391113281
mg_C_seed2801,rewards/step,102072320,398.2883605957031
mg_C_seed2801,rewards/step,102236160,398.06158447265625
mg_C_seed2801,rewards/step,102400000,397.6608581542969
mg_C_seed2801,rewards/step,102563840,396.9297180175781
mg_C_seed2801,rewards/step,102727680,396.6065673828125
mg_C_seed2801,rewards/step,102891520,396.6600036621094
mg_C_seed2801,rewards/step,103055360,396.57757568359375
mg_C_seed2801,rewards/step,103219200,396.9694519042969
mg_C_seed2801,rewards/step,103383040,396.9836730957031
mg_C_seed2801,rewards/step,103546880,396.95794677734375
mg_C_seed2801,rewards/step,103710720,396.76531982421875
mg_C_seed2801,rewards/step,103874560,396.4599914550781
mg_C_seed2801,rewards/step,104038400,396.51690673828125
mg_C_seed2801,rewards/step,104202240,396.5313415527344
mg_C_seed2801,rewards/step,104366080,396.1640930175781
mg_C_seed2801,rewards/step,104529920,395.7404479980469
mg_C_seed2801,rewards/step,104693760,395.5208740234375
mg_C_seed2801,rewards/step,104857600,395.78106689453125
mg_C_seed2801,rewards/step,105021440,395.60833740234375
mg_C_seed2801,rewards/step,105185280,395.17498779296875
mg_C_seed2801,rewards/step,105349120,394.7418212890625
mg_C_seed2801,rewards/step,105512960,394.4038391113281
mg_C_seed2801,rewards/step,105676800,393.8003845214844
mg_C_seed2801,rewards/step,105840640,393.92449951171875
mg_C_seed2801,rewards/step,106004480,394.05670166015625
mg_C_seed2801,rewards/step,106168320,394.142333984375
mg_C_seed2801,rewards/step,106332160,393.9931335449219
mg_C_seed2801,rewards/step,106496000,394.2262878417969
mg_C_seed2801,rewards/step,106659840,394.73760986328125
mg_C_seed2801,rewards/step,106823680,394.64056396484375
mg_C_seed2801,rewards/step,106987520,394.7640075683594
mg_C_seed2801,rewards/step,107151360,394.8929443359375
mg_C_seed2801,rewards/step,107315200,394.8960266113281
mg_C_seed2801,rewards/step,107479040,395.1991271972656
mg_C_seed2801,rewards/step,107642880,395.2251281738281
mg_C_seed2801,rewards/step,107806720,395.61505126953125
mg_C_seed2801,rewards/step,107970560,395.6983642578125
mg_C_seed2801,rewards/step,108134400,395.68524169921875
mg_C_seed2801,rewards/step,108298240,395.4976501464844
mg_C_seed2801,rewards/step,108462080,395.320068359375
mg_C_seed2801,rewards/step,108625920,394.60284423828125
mg_C_seed2801,rewards/step,108789760,394.4203186035156
mg_C_seed2801,rewards/step,108953600,394.47125244140625
mg_C_seed2801,rewards/step,109117440,394.0677185058594
mg_C_seed2801,rewards/step,109281280,393.6967468261719
mg_C_seed2801,rewards/step,109445120,393.76019287109375
mg_C_seed2801,rewards/step,109608960,393.42071533203125
mg_C_seed2801,rewards/step,109772800,393.3158264160156
mg_C_seed2801,rewards/step,109936640,392.8349609375
mg_C_seed2801,rewards/step,110100480,392.6651306152344
mg_C_seed2801,rewards/step,110264320,392.40087890625
mg_C_seed2801,rewards/step,110428160,392.1991271972656
mg_C_seed2801,rewards/step,110592000,392.1331481933594
mg_C_seed2801,rewards/step,110755840,391.3775939941406
mg_C_seed2801,rewards/step,110919680,390.8023376464844
mg_C_seed2801,rewards/step,111083520,391.0159606933594
mg_C_seed2801,rewards/step,111247360,391.1374206542969
mg_C_seed2801,rewards/step,111411200,390.7242431640625
mg_C_seed2801,rewards/step,111575040,390.0104675292969
mg_C_seed2801,rewards/step,111738880,389.94708251953125
mg_C_seed2801,rewards/step,111902720,389.60687255859375
mg_C_seed2801,rewards/step,112066560,389.5356140136719
mg_C_seed2801,rewards/step,112230400,388.92498779296875
mg_C_seed2801,rewards/step,112394240,388.37213134765625
mg_C_seed2801,rewards/step,112558080,388.9320373535156
mg_C_seed2801,rewards/step,112721920,388.8914489746094
mg_C_seed2801,rewards/step,112885760,388.7104187011719
mg_C_seed2801,rewards/step,113049600,388.6131896972656
mg_C_seed2801,rewards/step,113213440,388.7237854003906
mg_C_seed2801,rewards/step,113377280,389.01629638671875
mg_C_seed2801,rewards/step,113541120,389.1317443847656
mg_C_seed2801,rewards/step,113704960,388.6005859375
mg_C_seed2801,rewards/step,113868800,388.832275390625
mg_C_seed2801,rewards/step,114032640,388.8273620605469
mg_C_seed2801,rewards/step,114196480,389.3072814941406
mg_C_seed2801,rewards/step,114360320,389.0227355957031
mg_C_seed2801,rewards/step,114524160,389.0608215332031
mg_C_seed2801,rewards/step,114688000,388.5859069824219
mg_C_seed2801,rewards/step,114851840,388.53375244140625
mg_C_seed2801,rewards/step,115015680,388.6119079589844
mg_C_seed2801,rewards/step,115179520,388.5478210449219
mg_C_seed2801,rewards/step,115343360,388.45404052734375
mg_C_seed2801,rewards/step,115507200,388.8777770996094
mg_C_seed2801,rewards/step,115671040,388.1027526855469
mg_C_seed2801,rewards/step,115834880,388.1468811035156
mg_C_seed2801,rewards/step,115998720,388.41387939453125
mg_C_seed2801,rewards/step,116162560,387.8819885253906
mg_C_seed2801,rewards/step,116326400,387.6031494140625
mg_C_seed2801,rewards/step,116490240,387.8987121582031
mg_C_seed2801,rewards/step,116654080,387.6825256347656
mg_C_seed2801,rewards/step,116817920,387.72900390625
mg_C_seed2801,rewards/step,116981760,386.902587890625
mg_C_seed2801,rewards/step,117145600,387.0251770019531
mg_C_seed2801,rewards/step,117309440,386.9554138183594
mg_C_seed2801,rewards/step,117473280,386.5228576660156
mg_C_seed2801,rewards/step,117637120,386.7040710449219
mg_C_seed2801,rewards/step,117800960,386.6263427734375
mg_C_seed2801,rewards/step,117964800,386.927734375
mg_C_seed2801,rewards/step,118128640,387.0511474609375
mg_C_seed2801,rewards/step,118292480,387.02923583984375
mg_C_seed2801,rewards/step,118456320,387.1128845214844
mg_C_seed2801,rewards/step,118620160,387.0511474609375
mg_C_seed2801,rewards/step,118784000,387.04766845703125
mg_C_seed2801,rewards/step,118947840,386.6598815917969
mg_C_seed2801,rewards/step,119111680,386.83221435546875
mg_C_seed2801,rewards/step,119275520,386.2119140625
mg_C_seed2801,rewards/step,119439360,386.10833740234375
mg_C_seed2801,rewards/step,119603200,385.9191589355469
mg_C_seed2801,rewards/step,119767040,385.7071533203125
mg_C_seed2801,rewards/step,119930880,386.0301513671875
mg_C_seed2801,rewards/step,120094720,386.2043151855469
mg_C_seed2801,rewards/step,120258560,386.784912109375
mg_C_seed2801,rewards/step,120422400,386.74462890625
mg_C_seed2801,rewards/step,120586240,386.5516357421875
mg_C_seed2801,rewards/step,120750080,386.4291076660156
mg_C_seed2801,rewards/step,120913920,386.56982421875
mg_C_seed2801,rewards/step,121077760,386.3990478515625
mg_C_seed2801,rewards/step,121241600,385.9879455566406
mg_C_seed2801,rewards/step,121405440,386.1148986816406
mg_C_seed2801,rewards/step,121569280,386.01470947265625
mg_C_seed2801,rewards/step,121733120,385.6510925292969
mg_C_seed2801,rewards/step,121896960,385.4447937011719
mg_C_seed2801,rewards/step,122060800,385.4810791015625
mg_C_seed2801,rewards/step,122224640,385.491455078125
mg_C_seed2801,rewards/step,122388480,385.19549560546875
mg_C_seed2801,rewards/step,122552320,384.9463195800781
mg_C_seed2801,rewards/step,122716160,384.8993835449219
mg_C_seed2801,rewards/step,122880000,384.7411193847656
mg_C_seed2801,rewards/step,123043840,384.3664855957031
mg_C_seed2801,rewards/step,123207680,384.5623779296875
mg_C_seed2801,rewards/step,123371520,384.86224365234375
mg_C_seed2801,rewards/step,123535360,384.94000244140625
mg_C_seed2801,rewards/step,123699200,385.380859375
mg_C_seed2801,rewards/step,123863040,385.60003662109375
mg_C_seed2801,rewards/step,124026880,385.8146057128906
mg_C_seed2801,rewards/step,124190720,385.6498718261719
mg_C_seed2801,rewards/step,124354560,385.8829040527344
mg_C_seed2801,rewards/step,124518400,386.5692443847656
mg_C_seed2801,rewards/step,124682240,386.29998779296875
mg_C_seed2801,rewards/step,124846080,386.4967041015625
mg_C_seed2801,rewards/step,125009920,386.7414855957031
mg_C_seed2801,rewards/step,125173760,386.5555419921875
mg_C_seed2801,rewards/step,125337600,386.35284423828125
mg_C_seed2801,rewards/step,125501440,385.899658203125
mg_C_seed2801,rewards/step,125665280,386.248779296875
mg_C_seed2801,rewards/step,125829120,385.9141540527344
mg_C_seed2801,rewards/step,125992960,386.1523742675781
mg_C_seed2801,rewards/step,126156800,385.822998046875
mg_C_seed2801,rewards/step,126320640,385.3416748046875
mg_C_seed2801,rewards/step,126484480,385.86956787109375
mg_C_seed2801,rewards/step,126648320,385.6630859375
mg_C_seed2801,rewards/step,126812160,385.47039794921875
mg_C_seed2801,rewards/step,126976000,386.5431213378906
mg_C_seed2801,rewards/step,127139840,386.8551330566406
mg_C_seed2801,rewards/step,127303680,387.73309326171875
mg_C_seed2801,rewards/step,127467520,387.2965087890625
mg_C_seed2801,rewards/step,127631360,387.6729431152344
mg_C_seed2801,rewards/step,127795200,388.12200927734375
mg_C_seed2801,rewards/step,127959040,388.5057373046875
mg_C_seed2801,rewards/step,128122880,388.57684326171875
mg_C_seed2801,rewards/step,128286720,388.2718811035156
mg_C_seed2801,rewards/step,128450560,388.1219177246094
mg_C_seed2801,rewards/step,128614400,388.0638427734375
mg_C_seed2801,rewards/step,128778240,387.978759765625
mg_C_seed2801,rewards/step,128942080,387.8624267578125
mg_C_seed2801,rewards/step,129105920,387.8105773925781
mg_C_seed2801,rewards/step,129269760,388.11077880859375
mg_C_seed2801,rewards/step,129433600,388.2444152832031
mg_C_seed2801,rewards/step,129597440,388.0679016113281
mg_C_seed2801,rewards/step,129761280,387.7694091796875
mg_C_seed2801,rewards/step,129925120,387.6761474609375
mg_C_seed2801,rewards/step,130088960,387.8865051269531
mg_C_seed2801,rewards/step,130252800,388.34161376953125
mg_C_seed2801,rewards/step,130416640,388.07073974609375
mg_C_seed2801,rewards/step,130580480,387.35125732421875
mg_C_seed2801,rewards/step,130744320,386.70477294921875
mg_C_seed2801,rewards/step,130908160,386.7073669433594
mg_C_seed2801,rewards/step,131072000,386.1079406738281
mg_C_seed2801,rewards/step,131235840,385.9981689453125
mg_C_seed2801,rewards/step,131399680,385.4186096191406
mg_C_seed2801,rewards/step,131563520,385.4974060058594
mg_C_seed2801,rewards/step,131727360,385.70440673828125
mg_C_seed2801,rewards/step,131891200,385.7694396972656
mg_C_seed2801,rewards/step,132055040,385.5370788574219
mg_C_seed2801,rewards/step,132218880,385.70587158203125
mg_C_seed2801,rewards/step,132382720,385.6846618652344
mg_C_seed2801,rewards/step,132546560,385.7657165527344
mg_C_seed2801,rewards/step,132710400,385.7518005371094
mg_C_seed2801,rewards/step,132874240,386.39910888671875
mg_C_seed2801,rewards/step,133038080,386.49249267578125
mg_C_seed2801,rewards/step,133201920,386.23760986328125
mg_C_seed2801,rewards/step,133365760,386.22344970703125
mg_C_seed2801,rewards/step,133529600,386.11224365234375
mg_C_seed2801,rewards/step,133693440,385.68634033203125
mg_C_seed2801,rewards/step,133857280,385.785400390625
mg_C_seed2801,rewards/step,134021120,385.4919128417969
mg_C_seed2801,rewards/step,134184960,385.630126953125
mg_C_seed2801,rewards/step,134348800,385.99017333984375
mg_C_seed2801,rewards/step,134512640,385.6700439453125
mg_C_seed2801,rewards/step,134676480,385.5574035644531
mg_C_seed2801,rewards/step,134840320,385.2494201660156
mg_C_seed2801,rewards/step,135004160,385.1006774902344
mg_C_seed2801,rewards/step,135168000,384.8192138671875
mg_C_seed2801,rewards/step,135331840,384.8193359375
mg_C_seed2801,rewards/step,135495680,384.73236083984375
mg_C_seed2801,rewards/step,135659520,384.99615478515625
mg_C_seed2801,rewards/step,135823360,385.19561767578125
mg_C_seed2801,rewards/step,135987200,385.4311218261719
mg_C_seed2801,rewards/step,136151040,385.5284423828125
mg_C_seed2801,rewards/step,136314880,386.0865478515625
mg_C_seed2801,rewards/step,136478720,386.08746337890625
mg_C_seed2801,rewards/step,136642560,386.8373718261719
mg_C_seed2801,rewards/step,136806400,387.01348876953125
mg_C_seed2801,rewards/step,136970240,387.16973876953125
mg_C_seed2801,rewards/step,137134080,387.03863525390625
mg_C_seed2801,rewards/step,137297920,387.13525390625
mg_C_seed2801,rewards/step,137461760,387.21966552734375
mg_C_seed2801,rewards/step,137625600,386.89794921875
mg_C_seed2801,rewards/step,137789440,386.8502502441406
mg_C_seed2801,rewards/step,137953280,387.23577880859375
mg_C_seed2801,rewards/step,138117120,387.57098388671875
mg_C_seed2801,rewards/step,138280960,387.86798095703125
mg_C_seed2801,rewards/step,138444800,387.8500061035156
mg_C_seed2801,rewards/step,138608640,388.1282958984375
mg_C_seed2801,rewards/step,138772480,388.17437744140625
mg_C_seed2801,rewards/step,138936320,387.983154296875
mg_C_seed2801,rewards/step,139100160,387.5948791503906
mg_C_seed2801,rewards/step,139264000,387.8359069824219
mg_C_seed2801,rewards/step,139427840,387.8334045410156
mg_C_seed2801,rewards/step,139591680,387.74993896484375
mg_C_seed2801,rewards/step,139755520,388.11529541015625
mg_C_seed2801,rewards/step,139919360,388.3037414550781
mg_C_seed2801,rewards/step,140083200,388.8171081542969
mg_C_seed2801,rewards/step,140247040,389.04766845703125
mg_C_seed2801,rewards/step,140410880,389.7675476074219
mg_C_seed2801,rewards/step,140574720,389.9892578125
mg_C_seed2801,rewards/step,140738560,389.930419921875
mg_C_seed2801,rewards/step,140902400,389.7135925292969
mg_C_seed2801,rewards/step,141066240,389.88983154296875
mg_C_seed2801,rewards/step,141230080,389.9515686035156
mg_C_seed2801,rewards/step,141393920,390.288330078125
mg_C_seed2801,rewards/step,141557760,390.64990234375
mg_C_seed2801,rewards/step,141721600,390.7075500488281
mg_C_seed2801,rewards/step,141885440,390.2452392578125
mg_C_seed2801,rewards/step,142049280,390.6991271972656
mg_C_seed2801,rewards/step,142213120,390.4061279296875
mg_C_seed2801,rewards/step,142376960,391.31573486328125
mg_C_seed2801,rewards/step,142540800,392.2978820800781
mg_C_seed2801,rewards/step,142704640,392.2819519042969
mg_C_seed2801,rewards/step,142868480,392.53936767578125
mg_C_seed2801,rewards/step,143032320,392.75579833984375
mg_C_seed2801,rewards/step,143196160,392.7735290527344
mg_C_seed2801,rewards/step,143360000,392.7007141113281
mg_C_seed2801,rewards/step,143523840,393.44207763671875
mg_C_seed2801,rewards/step,143687680,393.465087890625
mg_C_seed2801,rewards/step,143851520,393.2510681152344
mg_C_seed2801,rewards/step,144015360,392.9954833984375
mg_C_seed2801,rewards/step,144179200,393.11932373046875
mg_C_seed2801,rewards/step,144343040,393.1490478515625
mg_C_seed2801,rewards/step,144506880,393.804443359375
mg_C_seed2801,rewards/step,144670720,393.8002014160156
mg_C_seed2801,rewards/step,144834560,393.8354187011719
mg_C_seed2801,rewards/step,144998400,394.026611328125
mg_C_seed2801,rewards/step,145162240,394.21453857421875
mg_C_seed2801,rewards/step,145326080,394.8256530761719
mg_C_seed2801,rewards/step,145489920,394.4322814941406
mg_C_seed2801,rewards/step,145653760,394.8900451660156
mg_C_seed2801,rewards/step,145817600,394.3206481933594
mg_C_seed2801,rewards/step,145981440,394.6847839355469
mg_C_seed2801,rewards/step,146145280,394.4434509277344
mg_C_seed2801,rewards/step,146309120,394.13458251953125
mg_C_seed2801,rewards/step,146472960,394.1339416503906
mg_C_seed2801,rewards/step,146636800,394.60821533203125
mg_C_seed2801,rewards/step,146800640,394.5159606933594
mg_C_seed2801,rewards/step,146964480,394.3927001953125
mg_C_seed2801,rewards/step,147128320,394.8533020019531
mg_C_seed2801,rewards/step,147292160,394.3299255371094
mg_C_seed2801,rewards/step,147456000,393.8461608886719
mg_C_seed2801,rewards/step,147619840,394.10400390625
mg_C_seed2801,rewards/step,147783680,393.8854675292969
mg_C_seed2801,rewards/step,147947520,393.9482727050781
mg_C_seed2801,rewards/step,148111360,394.07861328125
mg_C_seed2801,rewards/step,148275200,393.87957763671875
mg_C_seed2801,rewards/step,148439040,393.9090270996094
mg_C_seed2801,rewards/step,148602880,393.85931396484375
mg_C_seed2801,rewards/step,148766720,394.0011901855469
mg_C_seed2801,rewards/step,148930560,394.1381530761719
mg_C_seed2801,rewards/step,149094400,394.3905334472656
mg_C_seed2801,rewards/step,149258240,394.85931396484375
mg_C_seed2801,rewards/step,149422080,394.6759948730469
mg_C_seed2801,rewards/step,149585920,394.35296630859375
mg_C_seed2801,rewards/step,149749760,394.1927490234375
mg_C_seed2801,rewards/step,149913600,394.0006103515625
mg_C_seed2801,rewards/step,150077440,394.0452575683594
mg_C_seed2801,rewards/step,150241280,394.0199890136719
mg_C_seed2801,rewards/step,150405120,394.1670227050781
mg_C_seed2801,rewards/step,150568960,393.6730651855469
mg_C_seed2801,rewards/step,150732800,393.71502685546875
mg_C_seed2801,rewards/step,150896640,393.81640625
mg_C_seed2801,rewards/step,151060480,394.0943298339844
mg_C_seed2801,rewards/step,151224320,394.5400085449219
mg_C_seed2801,rewards/step,151388160,395.05328369140625
mg_C_seed2801,rewards/step,151552000,394.922119140625
mg_C_seed2801,rewards/step,151715840,395.1012878417969
mg_C_seed2801,rewards/step,151879680,395.3318176269531
mg_C_seed2801,rewards/step,152043520,395.32757568359375
mg_C_seed2801,rewards/step,152207360,394.9496154785156
mg_C_seed2801,rewards/step,152371200,394.9465026855469
mg_C_seed2801,rewards/step,152535040,394.9595642089844
mg_C_seed2801,rewards/step,152698880,394.78765869140625
mg_C_seed2801,rewards/step,152862720,395.20806884765625
mg_C_seed2801,rewards/step,153026560,395.27691650390625
mg_C_seed2801,rewards/step,153190400,394.9220886230469
mg_C_seed2801,rewards/step,153354240,395.16888427734375
mg_C_seed2801,rewards/step,153518080,395.27398681640625
mg_C_seed2801,rewards/step,153681920,395.347900390625
mg_C_seed2801,rewards/step,153845760,395.2967529296875
mg_C_seed2801,rewards/step,154009600,395.1574401855469
mg_C_seed2801,rewards/step,154173440,395.09228515625
mg_C_seed2801,rewards/step,154337280,394.7981262207031
mg_C_seed2801,rewards/step,154501120,395.0512390136719
mg_C_seed2801,rewards/step,154664960,395.359375
mg_C_seed2801,rewards/step,154828800,395.7281188964844
mg_C_seed2801,rewards/step,154992640,395.4726257324219
mg_C_seed2801,rewards/step,155156480,395.01263427734375
mg_C_seed2801,rewards/step,155320320,395.0814514160156
mg_C_seed2801,rewards/step,155484160,395.4137878417969
mg_C_seed2801,rewards/step,155648000,395.8368835449219
mg_C_seed2801,rewards/step,155811840,395.8404846191406
mg_C_seed2801,rewards/step,155975680,396.0257873535156
mg_C_seed2801,rewards/step,156139520,396.3609924316406
mg_C_seed2801,rewards/step,156303360,396.2023010253906
mg_C_seed2801,rewards/step,156467200,396.27056884765625
mg_C_seed2801,rewards/step,156631040,396.0879211425781
mg_C_seed2801,rewards/step,156794880,395.9150695800781
mg_C_seed2801,rewards/step,156958720,396.4187316894531
mg_C_seed2801,rewards/step,157122560,396.2584228515625
mg_C_seed2801,rewards/step,157286400,395.7916259765625
mg_C_seed2801,rewards/step,157450240,396.2677001953125
mg_C_seed2801,rewards/step,157614080,396.07733154296875
mg_C_seed2801,rewards/step,157777920,396.4889221191406
mg_C_seed2801,rewards/step,157941760,396.8916320800781
mg_C_seed2801,rewards/step,158105600,397.0974426269531
mg_C_seed2801,rewards/step,158269440,397.1452331542969
mg_C_seed2801,rewards/step,158433280,397.2467041015625
mg_C_seed2801,rewards/step,158597120,397.3287048339844
mg_C_seed2801,rewards/step,158760960,397.4870910644531
mg_C_seed2801,rewards/step,158924800,397.7084655761719
mg_C_seed2801,rewards/step,159088640,397.21588134765625
mg_C_seed2801,rewards/step,159252480,397.08734130859375
mg_C_seed2801,rewards/step,159416320,397.00653076171875
mg_C_seed2801,rewards/step,159580160,397.4100036621094
mg_C_seed2801,rewards/step,159744000,397.7051696777344
mg_C_seed2801,rewards/step,159907840,397.5911560058594
mg_C_seed2801,rewards/step,160071680,397.7364501953125
mg_C_seed2801,rewards/step,160235520,398.4005432128906
mg_C_seed2801,rewards/step,160399360,398.3007507324219
mg_C_seed2801,rewards/step,160563200,398.36279296875
mg_C_seed2801,rewards/step,160727040,398.5991516113281
mg_C_seed2801,rewards/step,160890880,398.88153076171875
mg_C_seed2801,rewards/step,161054720,399.02386474609375
mg_C_seed2801,rewards/step,161218560,398.83270263671875
mg_C_seed2801,rewards/step,161382400,399.02056884765625
mg_C_seed2801,rewards/step,161546240,399.27020263671875
mg_C_seed2801,rewards/step,161710080,399.29400634765625
mg_C_seed2801,rewards/step,161873920,398.8960876464844
mg_C_seed2801,rewards/step,162037760,398.6033020019531
mg_C_seed2801,rewards/step,162201600,398.19677734375
mg_C_seed2801,rewards/step,162365440,398.24456787109375
mg_C_seed2801,rewards/step,162529280,397.8355407714844
mg_C_seed2801,rewards/step,162693120,397.6510314941406
mg_C_seed2801,rewards/step,162856960,397.19390869140625
mg_C_seed2801,rewards/step,163020800,397.3424987792969
mg_C_seed2801,rewards/step,163184640,396.99761962890625
mg_C_seed2801,rewards/step,163348480,396.4137878417969
mg_C_seed2801,rewards/step,163512320,396.0888366699219
mg_C_seed2801,rewards/step,163676160,396.2405700683594
mg_C_seed2801,rewards/step,163840000,396.1561279296875
mg_C_seed2801,episode_lengths/step,163840,12.093832015991211
mg_C_seed2801,episode_lengths/step,327680,16.038267135620117
mg_C_seed2801,episode_lengths/step,491520,17.664167404174805
mg_C_seed2801,episode_lengths/step,655360,19.409343719482422
mg_C_seed2801,episode_lengths/step,819200,21.710155487060547
mg_C_seed2801,episode_lengths/step,983040,23.884639739990234
mg_C_seed2801,episode_lengths/step,1146880,27.120126724243164
mg_C_seed2801,episode_lengths/step,1310720,29.194852828979492
mg_C_seed2801,episode_lengths/step,1474560,31.66128158569336
mg_C_seed2801,episode_lengths/step,1638400,35.042755126953125
mg_C_seed2801,episode_lengths/step,1802240,39.69346618652344
mg_C_seed2801,episode_lengths/step,1966080,43.2373161315918
mg_C_seed2801,episode_lengths/step,2129920,50.122718811035156
mg_C_seed2801,episode_lengths/step,2293760,56.76734924316406
mg_C_seed2801,episode_lengths/step,2457600,62.31344223022461
mg_C_seed2801,episode_lengths/step,2621440,67.73968505859375
mg_C_seed2801,episode_lengths/step,2785280,72.84809875488281
mg_C_seed2801,episode_lengths/step,2949120,80.57940673828125
mg_C_seed2801,episode_lengths/step,3112960,137.65211486816406
mg_C_seed2801,episode_lengths/step,3276800,159.33868408203125
mg_C_seed2801,episode_lengths/step,3440640,170.6476287841797
mg_C_seed2801,episode_lengths/step,3604480,176.07107543945312
mg_C_seed2801,episode_lengths/step,3768320,179.1743927001953
mg_C_seed2801,episode_lengths/step,3932160,181.42848205566406
mg_C_seed2801,episode_lengths/step,4096000,183.64923095703125
mg_C_seed2801,episode_lengths/step,4259840,185.68267822265625
mg_C_seed2801,episode_lengths/step,4423680,187.45018005371094
mg_C_seed2801,episode_lengths/step,4587520,189.26185607910156
mg_C_seed2801,episode_lengths/step,4751360,190.909912109375
mg_C_seed2801,episode_lengths/step,4915200,192.6759796142578
mg_C_seed2801,episode_lengths/step,5079040,194.68275451660156
mg_C_seed2801,episode_lengths/step,5242880,198.2621612548828
mg_C_seed2801,episode_lengths/step,5406720,202.27163696289062
mg_C_seed2801,episode_lengths/step,5570560,205.61572265625
mg_C_seed2801,episode_lengths/step,5734400,209.16726684570312
mg_C_seed2801,episode_lengths/step,5898240,210.13853454589844
mg_C_seed2801,episode_lengths/step,6062080,206.11697387695312
mg_C_seed2801,episode_lengths/step,6225920,211.25706481933594
mg_C_seed2801,episode_lengths/step,6389760,203.05242919921875
mg_C_seed2801,episode_lengths/step,6553600,195.59619140625
mg_C_seed2801,episode_lengths/step,6717440,190.25445556640625
mg_C_seed2801,episode_lengths/step,6881280,186.0034637451172
mg_C_seed2801,episode_lengths/step,7045120,185.3140869140625
mg_C_seed2801,episode_lengths/step,7208960,184.04830932617188
mg_C_seed2801,episode_lengths/step,7372800,184.7084197998047
mg_C_seed2801,episode_lengths/step,7536640,185.06341552734375
mg_C_seed2801,episode_lengths/step,7700480,185.15310668945312
mg_C_seed2801,episode_lengths/step,7864320,185.15504455566406
mg_C_seed2801,episode_lengths/step,8028160,185.55213928222656
mg_C_seed2801,episode_lengths/step,8192000,186.218994140625
mg_C_seed2801,episode_lengths/step,8355840,187.08924865722656
mg_C_seed2801,episode_lengths/step,8519680,190.3368682861328
mg_C_seed2801,episode_lengths/step,8683520,192.5352325439453
mg_C_seed2801,episode_lengths/step,8847360,197.2127227783203
mg_C_seed2801,episode_lengths/step,9011200,202.83543395996094
mg_C_seed2801,episode_lengths/step,9175040,207.11940002441406
mg_C_seed2801,episode_lengths/step,9338880,216.83206176757812
mg_C_seed2801,episode_lengths/step,9502720,218.5434112548828
mg_C_seed2801,episode_lengths/step,9666560,216.47433471679688
mg_C_seed2801,episode_lengths/step,9830400,208.79127502441406
mg_C_seed2801,episode_lengths/step,9994240,205.46847534179688
mg_C_seed2801,episode_lengths/step,10158080,202.25706481933594
mg_C_seed2801,episode_lengths/step,10321920,199.3186798095703
mg_C_seed2801,episode_lengths/step,10485760,197.8575439453125
mg_C_seed2801,episode_lengths/step,10649600,196.39759826660156
mg_C_seed2801,episode_lengths/step,10813440,195.98622131347656
mg_C_seed2801,episode_lengths/step,10977280,195.26324462890625
mg_C_seed2801,episode_lengths/step,11141120,195.1044158935547
mg_C_seed2801,episode_lengths/step,11304960,196.86595153808594
mg_C_seed2801,episode_lengths/step,11468800,198.08724975585938
mg_C_seed2801,episode_lengths/step,11632640,199.1348114013672
mg_C_seed2801,episode_lengths/step,11796480,202.43446350097656
mg_C_seed2801,episode_lengths/step,11960320,206.73011779785156
mg_C_seed2801,episode_lengths/step,12124160,209.6999969482422
mg_C_seed2801,episode_lengths/step,12288000,216.93980407714844
mg_C_seed2801,episode_lengths/step,12451840,222.05816650390625
mg_C_seed2801,episode_lengths/step,12615680,225.23924255371094
mg_C_seed2801,episode_lengths/step,12779520,225.89292907714844
mg_C_seed2801,episode_lengths/step,12943360,221.68238830566406
mg_C_seed2801,episode_lengths/step,13107200,218.51510620117188
mg_C_seed2801,episode_lengths/step,13271040,213.62530517578125
mg_C_seed2801,episode_lengths/step,13434880,210.16085815429688
mg_C_seed2801,episode_lengths/step,13598720,206.0812225341797
mg_C_seed2801,episode_lengths/step,13762560,203.9854278564453
mg_C_seed2801,episode_lengths/step,13926400,202.34986877441406
mg_C_seed2801,episode_lengths/step,14090240,201.13841247558594
mg_C_seed2801,episode_lengths/step,14254080,200.4948272705078
mg_C_seed2801,episode_lengths/step,14417920,199.45921325683594
mg_C_seed2801,episode_lengths/step,14581760,199.3577880859375
mg_C_seed2801,episode_lengths/step,14745600,200.558349609375
mg_C_seed2801,episode_lengths/step,14909440,200.94247436523438
mg_C_seed2801,episode_lengths/step,15073280,203.6150360107422
mg_C_seed2801,episode_lengths/step,15237120,206.87808227539062
mg_C_seed2801,episode_lengths/step,15400960,210.26710510253906
mg_C_seed2801,episode_lengths/step,15564800,215.25059509277344
mg_C_seed2801,episode_lengths/step,15728640,220.7622528076172
mg_C_seed2801,episode_lengths/step,15892480,222.2919158935547
mg_C_seed2801,episode_lengths/step,16056320,222.1884765625
mg_C_seed2801,episode_lengths/step,16220160,219.60409545898438
mg_C_seed2801,episode_lengths/step,16384000,216.8571014404297
mg_C_seed2801,episode_lengths/step,16547840,215.79962158203125
mg_C_seed2801,episode_lengths/step,16711680,213.00076293945312
mg_C_seed2801,episode_lengths/step,16875520,209.54441833496094
mg_C_seed2801,episode_lengths/step,17039360,207.4410400390625
mg_C_seed2801,episode_lengths/step,17203200,205.31956481933594
mg_C_seed2801,episode_lengths/step,17367040,202.8206024169922
mg_C_seed2801,episode_lengths/step,17530880,201.9339141845703
mg_C_seed2801,episode_lengths/step,17694720,201.3453369140625
mg_C_seed2801,episode_lengths/step,17858560,202.16993713378906
mg_C_seed2801,episode_lengths/step,18022400,201.64332580566406
mg_C_seed2801,episode_lengths/step,18186240,204.30274963378906
mg_C_seed2801,episode_lengths/step,18350080,206.25216674804688
mg_C_seed2801,episode_lengths/step,18513920,210.70225524902344
mg_C_seed2801,episode_lengths/step,18677760,215.62339782714844
mg_C_seed2801,episode_lengths/step,18841600,216.86090087890625
mg_C_seed2801,episode_lengths/step,19005440,224.08828735351562
mg_C_seed2801,episode_lengths/step,19169280,227.78001403808594
mg_C_seed2801,episode_lengths/step,19333120,227.88046264648438
mg_C_seed2801,episode_lengths/step,19496960,228.9775390625
mg_C_seed2801,episode_lengths/step,19660800,229.33108520507812
mg_C_seed2801,episode_lengths/step,19824640,228.48867797851562
mg_C_seed2801,episode_lengths/step,19988480,226.7959747314453
mg_C_seed2801,episode_lengths/step,20152320,224.9328155517578
mg_C_seed2801,episode_lengths/step,20316160,223.4966583251953
mg_C_seed2801,episode_lengths/step,20480000,221.2493133544922
mg_C_seed2801,episode_lengths/step,20643840,219.6384735107422
mg_C_seed2801,episode_lengths/step,20807680,217.4591064453125
mg_C_seed2801,episode_lengths/step,20971520,216.04025268554688
mg_C_seed2801,episode_lengths/step,21135360,215.01637268066406
mg_C_seed2801,episode_lengths/step,21299200,215.6518096923828
mg_C_seed2801,episode_lengths/step,21463040,216.82406616210938
mg_C_seed2801,episode_lengths/step,21626880,218.43145751953125
mg_C_seed2801,episode_lengths/step,21790720,221.5133056640625
mg_C_seed2801,episode_lengths/step,21954560,223.30758666992188
mg_C_seed2801,episode_lengths/step,22118400,227.33018493652344
mg_C_seed2801,episode_lengths/step,22282240,230.85350036621094
mg_C_seed2801,episode_lengths/step,22446080,233.43637084960938
mg_C_seed2801,episode_lengths/step,22609920,234.6950225830078
mg_C_seed2801,episode_lengths/step,22773760,236.17874145507812
mg_C_seed2801,episode_lengths/step,22937600,235.82093811035156
mg_C_seed2801,episode_lengths/step,23101440,233.65296936035156
mg_C_seed2801,episode_lengths/step,23265280,233.20130920410156
mg_C_seed2801,episode_lengths/step,23429120,231.9891357421875
mg_C_seed2801,episode_lengths/step,23592960,229.17941284179688
mg_C_seed2801,episode_lengths/step,23756800,228.70750427246094
mg_C_seed2801,episode_lengths/step,23920640,227.52366638183594
mg_C_seed2801,episode_lengths/step,24084480,224.74337768554688
mg_C_seed2801,episode_lengths/step,24248320,223.5135040283203
mg_C_seed2801,episode_lengths/step,24412160,223.2493896484375
mg_C_seed2801,episode_lengths/step,24576000,223.4888153076172
mg_C_seed2801,episode_lengths/step,24739840,223.1001434326172
mg_C_seed2801,episode_lengths/step,24903680,224.57003784179688
mg_C_seed2801,episode_lengths/step,25067520,225.38429260253906
mg_C_seed2801,episode_lengths/step,25231360,227.38497924804688
mg_C_seed2801,episode_lengths/step,25395200,232.06393432617188
mg_C_seed2801,episode_lengths/step,25559040,235.37063598632812
mg_C_seed2801,episode_lengths/step,25722880,238.65960693359375
mg_C_seed2801,episode_lengths/step,25886720,240.1675567626953
mg_C_seed2801,episode_lengths/step,26050560,239.5104522705078
mg_C_seed2801,episode_lengths/step,26214400,242.29318237304688
mg_C_seed2801,episode_lengths/step,26378240,240.9167022705078
mg_C_seed2801,episode_lengths/step,26542080,241.26544189453125
mg_C_seed2801,episode_lengths/step,26705920,238.85414123535156
mg_C_seed2801,episode_lengths/step,26869760,237.208740234375
mg_C_seed2801,episode_lengths/step,27033600,237.62684631347656
mg_C_seed2801,episode_lengths/step,27197440,236.822998046875
mg_C_seed2801,episode_lengths/step,27361280,235.67874145507812
mg_C_seed2801,episode_lengths/step,27525120,234.09457397460938
mg_C_seed2801,episode_lengths/step,27688960,232.20980834960938
mg_C_seed2801,episode_lengths/step,27852800,231.80909729003906
mg_C_seed2801,episode_lengths/step,28016640,232.01304626464844
mg_C_seed2801,episode_lengths/step,28180480,234.06106567382812
mg_C_seed2801,episode_lengths/step,28344320,235.3402862548828
mg_C_seed2801,episode_lengths/step,28508160,238.4897003173828
mg_C_seed2801,episode_lengths/step,28672000,238.96543884277344
mg_C_seed2801,episode_lengths/step,28835840,240.5052032470703
mg_C_seed2801,episode_lengths/step,28999680,240.9037628173828
mg_C_seed2801,episode_lengths/step,29163520,242.41641235351562
mg_C_seed2801,episode_lengths/step,29327360,244.97943115234375
mg_C_seed2801,episode_lengths/step,29491200,247.28460693359375
mg_C_seed2801,episode_lengths/step,29655040,249.4473114013672
mg_C_seed2801,episode_lengths/step,29818880,249.70425415039062
mg_C_seed2801,episode_lengths/step,29982720,250.2562255859375
mg_C_seed2801,episode_lengths/step,30146560,252.0355987548828
mg_C_seed2801,episode_lengths/step,30310400,252.052490234375
mg_C_seed2801,episode_lengths/step,30474240,251.32156372070312
mg_C_seed2801,episode_lengths/step,30638080,252.6658935546875
mg_C_seed2801,episode_lengths/step,30801920,253.49127197265625
mg_C_seed2801,episode_lengths/step,30965760,253.0782470703125
mg_C_seed2801,episode_lengths/step,31129600,255.07395935058594
mg_C_seed2801,episode_lengths/step,31293440,256.33660888671875
mg_C_seed2801,episode_lengths/step,31457280,257.9448547363281
mg_C_seed2801,episode_lengths/step,31621120,258.476318359375
mg_C_seed2801,episode_lengths/step,31784960,259.3960876464844
mg_C_seed2801,episode_lengths/step,31948800,261.9302978515625
mg_C_seed2801,episode_lengths/step,32112640,263.897705078125
mg_C_seed2801,episode_lengths/step,32276480,265.92962646484375
mg_C_seed2801,episode_lengths/step,32440320,269.0563049316406
mg_C_seed2801,episode_lengths/step,32604160,270.1309509277344
mg_C_seed2801,episode_lengths/step,32768000,272.31060791015625
mg_C_seed2801,episode_lengths/step,32931840,276.010986328125
mg_C_seed2801,episode_lengths/step,33095680,278.3272399902344
mg_C_seed2801,episode_lengths/step,33259520,280.11767578125
mg_C_seed2801,episode_lengths/step,33423360,283.80999755859375
mg_C_seed2801,episode_lengths/step,33587200,286.3105163574219
mg_C_seed2801,episode_lengths/step,33751040,289.60113525390625
mg_C_seed2801,episode_lengths/step,33914880,292.3695068359375
mg_C_seed2801,episode_lengths/step,34078720,296.40576171875
mg_C_seed2801,episode_lengths/step,34242560,299.54736328125
mg_C_seed2801,episode_lengths/step,34406400,302.0438232421875
mg_C_seed2801,episode_lengths/step,34570240,305.2109069824219
mg_C_seed2801,episode_lengths/step,34734080,307.7204284667969
mg_C_seed2801,episode_lengths/step,34897920,309.8436279296875
mg_C_seed2801,episode_lengths/step,35061760,313.5897216796875
mg_C_seed2801,episode_lengths/step,35225600,316.42071533203125
mg_C_seed2801,episode_lengths/step,35389440,318.7882385253906
mg_C_seed2801,episode_lengths/step,35553280,321.7696838378906
mg_C_seed2801,episode_lengths/step,35717120,323.1618957519531
mg_C_seed2801,episode_lengths/step,35880960,325.8706359863281
mg_C_seed2801,episode_lengths/step,36044800,327.16021728515625
mg_C_seed2801,episode_lengths/step,36208640,329.3124084472656
mg_C_seed2801,episode_lengths/step,36372480,330.076904296875
mg_C_seed2801,episode_lengths/step,36536320,332.6008605957031
mg_C_seed2801,episode_lengths/step,36700160,333.7978515625
mg_C_seed2801,episode_lengths/step,36864000,336.3069763183594
mg_C_seed2801,episode_lengths/step,37027840,338.8514404296875
mg_C_seed2801,episode_lengths/step,37191680,341.2918701171875
mg_C_seed2801,episode_lengths/step,37355520,343.55517578125
mg_C_seed2801,episode_lengths/step,37519360,344.51092529296875
mg_C_seed2801,episode_lengths/step,37683200,346.428466796875
mg_C_seed2801,episode_lengths/step,37847040,347.8227233886719
mg_C_seed2801,episode_lengths/step,38010880,350.21160888671875
mg_C_seed2801,episode_lengths/step,38174720,353.7415466308594
mg_C_seed2801,episode_lengths/step,38338560,357.1377868652344
mg_C_seed2801,episode_lengths/step,38502400,360.53082275390625
mg_C_seed2801,episode_lengths/step,38666240,364.3056640625
mg_C_seed2801,episode_lengths/step,38830080,366.86871337890625
mg_C_seed2801,episode_lengths/step,38993920,371.05487060546875
mg_C_seed2801,episode_lengths/step,39157760,375.333984375
mg_C_seed2801,episode_lengths/step,39321600,378.1721496582031
mg_C_seed2801,episode_lengths/step,39485440,381.0304870605469
mg_C_seed2801,episode_lengths/step,39649280,384.0790710449219
mg_C_seed2801,episode_lengths/step,39813120,387.54669189453125
mg_C_seed2801,episode_lengths/step,39976960,391.09979248046875
mg_C_seed2801,episode_lengths/step,40140800,394.052001953125
mg_C_seed2801,episode_lengths/step,40304640,396.9609680175781
mg_C_seed2801,episode_lengths/step,40468480,399.7861633300781
mg_C_seed2801,episode_lengths/step,40632320,403.43646240234375
mg_C_seed2801,episode_lengths/step,40796160,406.4449462890625
mg_C_seed2801,episode_lengths/step,40960000,412.0911560058594
mg_C_seed2801,episode_lengths/step,41123840,415.5683288574219
mg_C_seed2801,episode_lengths/step,41287680,418.9606628417969
mg_C_seed2801,episode_lengths/step,41451520,421.88653564453125
mg_C_seed2801,episode_lengths/step,41615360,425.14630126953125
mg_C_seed2801,episode_lengths/step,41779200,428.49560546875
mg_C_seed2801,episode_lengths/step,41943040,431.28936767578125
mg_C_seed2801,episode_lengths/step,42106880,434.68365478515625
mg_C_seed2801,episode_lengths/step,42270720,437.79278564453125
mg_C_seed2801,episode_lengths/step,42434560,440.00750732421875
mg_C_seed2801,episode_lengths/step,42598400,442.2458801269531
mg_C_seed2801,episode_lengths/step,42762240,444.9575500488281
mg_C_seed2801,episode_lengths/step,42926080,447.9459228515625
mg_C_seed2801,episode_lengths/step,43089920,450.3446350097656
mg_C_seed2801,episode_lengths/step,43253760,452.72100830078125
mg_C_seed2801,episode_lengths/step,43417600,454.92919921875
mg_C_seed2801,episode_lengths/step,43581440,457.00982666015625
mg_C_seed2801,episode_lengths/step,43745280,459.6067810058594
mg_C_seed2801,episode_lengths/step,43909120,462.2030029296875
mg_C_seed2801,episode_lengths/step,44072960,465.5679931640625
mg_C_seed2801,episode_lengths/step,44236800,468.3076171875
mg_C_seed2801,episode_lengths/step,44400640,470.3986511230469
mg_C_seed2801,episode_lengths/step,44564480,472.83441162109375
mg_C_seed2801,episode_lengths/step,44728320,475.4605712890625
mg_C_seed2801,episode_lengths/step,44892160,477.51873779296875
mg_C_seed2801,episode_lengths/step,45056000,479.5893249511719
mg_C_seed2801,episode_lengths/step,45219840,482.3992919921875
mg_C_seed2801,episode_lengths/step,45383680,484.5633239746094
mg_C_seed2801,episode_lengths/step,45547520,485.8735046386719
mg_C_seed2801,episode_lengths/step,45711360,487.4012145996094
mg_C_seed2801,episode_lengths/step,45875200,489.4575500488281
mg_C_seed2801,episode_lengths/step,46039040,491.5729064941406
mg_C_seed2801,episode_lengths/step,46202880,493.3656311035156
mg_C_seed2801,episode_lengths/step,46366720,494.6149597167969
mg_C_seed2801,episode_lengths/step,46530560,496.1962890625
mg_C_seed2801,episode_lengths/step,46694400,497.2076110839844
mg_C_seed2801,episode_lengths/step,46858240,498.9490661621094
mg_C_seed2801,episode_lengths/step,47022080,501.2411193847656
mg_C_seed2801,episode_lengths/step,47185920,503.1636657714844
mg_C_seed2801,episode_lengths/step,47349760,505.1767883300781
mg_C_seed2801,episode_lengths/step,47513600,506.4371337890625
mg_C_seed2801,episode_lengths/step,47677440,508.2657165527344
mg_C_seed2801,episode_lengths/step,47841280,510.0521545410156
mg_C_seed2801,episode_lengths/step,48005120,511.510009765625
mg_C_seed2801,episode_lengths/step,48168960,512.9501342773438
mg_C_seed2801,episode_lengths/step,48332800,514.7598876953125
mg_C_seed2801,episode_lengths/step,48496640,516.2249755859375
mg_C_seed2801,episode_lengths/step,48660480,517.1737670898438
mg_C_seed2801,episode_lengths/step,48824320,518.4296875
mg_C_seed2801,episode_lengths/step,48988160,519.7603149414062
mg_C_seed2801,episode_lengths/step,49152000,521.2604370117188
mg_C_seed2801,episode_lengths/step,49315840,522.4871826171875
mg_C_seed2801,episode_lengths/step,49479680,523.6161499023438
mg_C_seed2801,episode_lengths/step,49643520,525.0540161132812
mg_C_seed2801,episode_lengths/step,49807360,526.0216674804688
mg_C_seed2801,episode_lengths/step,49971200,527.2206420898438
mg_C_seed2801,episode_lengths/step,50135040,529.0233764648438
mg_C_seed2801,episode_lengths/step,50298880,530.218505859375
mg_C_seed2801,episode_lengths/step,50462720,531.4917602539062
mg_C_seed2801,episode_lengths/step,50626560,532.8040771484375
mg_C_seed2801,episode_lengths/step,50790400,533.9755859375
mg_C_seed2801,episode_lengths/step,50954240,535.0503540039062
mg_C_seed2801,episode_lengths/step,51118080,536.08154296875
mg_C_seed2801,episode_lengths/step,51281920,537.303466796875
mg_C_seed2801,episode_lengths/step,51445760,538.4686889648438
mg_C_seed2801,episode_lengths/step,51609600,539.344482421875
mg_C_seed2801,episode_lengths/step,51773440,540.2278442382812
mg_C_seed2801,episode_lengths/step,51937280,541.1309814453125
mg_C_seed2801,episode_lengths/step,52101120,542.1621704101562
mg_C_seed2801,episode_lengths/step,52264960,543.2698974609375
mg_C_seed2801,episode_lengths/step,52428800,544.08447265625
mg_C_seed2801,episode_lengths/step,52592640,544.8805541992188
mg_C_seed2801,episode_lengths/step,52756480,545.755615234375
mg_C_seed2801,episode_lengths/step,52920320,546.7415161132812
mg_C_seed2801,episode_lengths/step,53084160,547.5695190429688
mg_C_seed2801,episode_lengths/step,53248000,548.908935546875
mg_C_seed2801,episode_lengths/step,53411840,549.937744140625
mg_C_seed2801,episode_lengths/step,53575680,550.8474731445312
mg_C_seed2801,episode_lengths/step,53739520,551.80517578125
mg_C_seed2801,episode_lengths/step,53903360,552.6874389648438
mg_C_seed2801,episode_lengths/step,54067200,553.6244506835938
mg_C_seed2801,episode_lengths/step,54231040,554.39111328125
mg_C_seed2801,episode_lengths/step,54394880,555.2796020507812
mg_C_seed2801,episode_lengths/step,54558720,556.1070556640625
mg_C_seed2801,episode_lengths/step,54722560,556.6884765625
mg_C_seed2801,episode_lengths/step,54886400,557.3477172851562
mg_C_seed2801,episode_lengths/step,55050240,558.0668334960938
mg_C_seed2801,episode_lengths/step,55214080,558.910888671875
mg_C_seed2801,episode_lengths/step,55377920,559.6036376953125
mg_C_seed2801,episode_lengths/step,55541760,560.3112182617188
mg_C_seed2801,episode_lengths/step,55705600,560.8499145507812
mg_C_seed2801,episode_lengths/step,55869440,561.4971923828125
mg_C_seed2801,episode_lengths/step,56033280,562.1336669921875
mg_C_seed2801,episode_lengths/step,56197120,562.87109375
mg_C_seed2801,episode_lengths/step,56360960,563.6629028320312
mg_C_seed2801,episode_lengths/step,56524800,564.0758056640625
mg_C_seed2801,episode_lengths/step,56688640,564.6578979492188
mg_C_seed2801,episode_lengths/step,56852480,565.3347778320312
mg_C_seed2801,episode_lengths/step,57016320,566.0777587890625
mg_C_seed2801,episode_lengths/step,57180160,566.6497802734375
mg_C_seed2801,episode_lengths/step,57344000,567.2119140625
mg_C_seed2801,episode_lengths/step,57507840,567.9147338867188
mg_C_seed2801,episode_lengths/step,57671680,568.476806640625
mg_C_seed2801,episode_lengths/step,57835520,568.7421264648438
mg_C_seed2801,episode_lengths/step,57999360,569.1971435546875
mg_C_seed2801,episode_lengths/step,58163200,569.5696411132812
mg_C_seed2801,episode_lengths/step,58327040,570.1621704101562
mg_C_seed2801,episode_lengths/step,58490880,570.6749877929688
mg_C_seed2801,episode_lengths/step,58654720,571.1306762695312
mg_C_seed2801,episode_lengths/step,58818560,571.5698852539062
mg_C_seed2801,episode_lengths/step,58982400,571.9649658203125
mg_C_seed2801,episode_lengths/step,59146240,572.4559326171875
mg_C_seed2801,episode_lengths/step,59310080,573.08251953125
mg_C_seed2801,episode_lengths/step,59473920,573.6946411132812
mg_C_seed2801,episode_lengths/step,59637760,574.2670288085938
mg_C_seed2801,episode_lengths/step,59801600,574.6754760742188
mg_C_seed2801,episode_lengths/step,59965440,575.1768188476562
mg_C_seed2801,episode_lengths/step,60129280,575.6497802734375
mg_C_seed2801,episode_lengths/step,60293120,576.060302734375
mg_C_seed2801,episode_lengths/step,60456960,576.455078125
mg_C_seed2801,episode_lengths/step,60620800,576.9135131835938
mg_C_seed2801,episode_lengths/step,60784640,577.3027954101562
mg_C_seed2801,episode_lengths/step,60948480,577.5958251953125
mg_C_seed2801,episode_lengths/step,61112320,577.973388671875
mg_C_seed2801,episode_lengths/step,61276160,578.3445434570312
mg_C_seed2801,episode_lengths/step,61440000,578.7944946289062
mg_C_seed2801,episode_lengths/step,61603840,579.15185546875
mg_C_seed2801,episode_lengths/step,61767680,579.4485473632812
mg_C_seed2801,episode_lengths/step,61931520,579.7216186523438
mg_C_seed2801,episode_lengths/step,62095360,580.0234375
mg_C_seed2801,episode_lengths/step,62259200,580.327392578125
mg_C_seed2801,episode_lengths/step,62423040,580.8450927734375
mg_C_seed2801,episode_lengths/step,62586880,581.2429809570312
mg_C_seed2801,episode_lengths/step,62750720,581.6204223632812
mg_C_seed2801,episode_lengths/step,62914560,581.96630859375
mg_C_seed2801,episode_lengths/step,63078400,582.1222534179688
mg_C_seed2801,episode_lengths/step,63242240,582.4879760742188
mg_C_seed2801,episode_lengths/step,63406080,582.7659301757812
mg_C_seed2801,episode_lengths/step,63569920,583.1016235351562
mg_C_seed2801,episode_lengths/step,63733760,583.4307250976562
mg_C_seed2801,episode_lengths/step,63897600,583.6665649414062
mg_C_seed2801,episode_lengths/step,64061440,583.9042358398438
mg_C_seed2801,episode_lengths/step,64225280,584.17041015625
mg_C_seed2801,episode_lengths/step,64389120,584.4528198242188
mg_C_seed2801,episode_lengths/step,64552960,584.7280883789062
mg_C_seed2801,episode_lengths/step,64716800,584.791015625
mg_C_seed2801,episode_lengths/step,64880640,585.0172729492188
mg_C_seed2801,episode_lengths/step,65044480,585.2069091796875
mg_C_seed2801,episode_lengths/step,65208320,585.4707641601562
mg_C_seed2801,episode_lengths/step,65372160,585.6741943359375
mg_C_seed2801,episode_lengths/step,65536000,586.0791015625
mg_C_seed2801,episode_lengths/step,65699840,586.3593139648438
mg_C_seed2801,episode_lengths/step,65863680,586.425537109375
mg_C_seed2801,episode_lengths/step,66027520,586.6897583007812
mg_C_seed2801,episode_lengths/step,66191360,586.9317016601562
mg_C_seed2801,episode_lengths/step,66355200,587.1071166992188
mg_C_seed2801,episode_lengths/step,66519040,587.3201293945312
mg_C_seed2801,episode_lengths/step,66682880,587.5711669921875
mg_C_seed2801,episode_lengths/step,66846720,587.7968139648438
mg_C_seed2801,episode_lengths/step,67010560,587.9581298828125
mg_C_seed2801,episode_lengths/step,67174400,588.1371459960938
mg_C_seed2801,episode_lengths/step,67338240,588.3329467773438
mg_C_seed2801,episode_lengths/step,67502080,588.5676879882812
mg_C_seed2801,episode_lengths/step,67665920,588.7678833007812
mg_C_seed2801,episode_lengths/step,67829760,588.964599609375
mg_C_seed2801,episode_lengths/step,67993600,589.1216430664062
mg_C_seed2801,episode_lengths/step,68157440,589.3011474609375
mg_C_seed2801,episode_lengths/step,68321280,589.4814453125
mg_C_seed2801,episode_lengths/step,68485120,589.676025390625
mg_C_seed2801,episode_lengths/step,68648960,589.9351806640625
mg_C_seed2801,episode_lengths/step,68812800,590.1475219726562
mg_C_seed2801,episode_lengths/step,68976640,589.9909057617188
mg_C_seed2801,episode_lengths/step,69140480,590.185791015625
mg_C_seed2801,episode_lengths/step,69304320,590.3961181640625
mg_C_seed2801,episode_lengths/step,69468160,590.5641479492188
mg_C_seed2801,episode_lengths/step,69632000,590.7262573242188
mg_C_seed2801,episode_lengths/step,69795840,590.7319946289062
mg_C_seed2801,episode_lengths/step,69959680,590.831787109375
mg_C_seed2801,episode_lengths/step,70123520,590.7565307617188
mg_C_seed2801,episode_lengths/step,70287360,590.8846435546875
mg_C_seed2801,episode_lengths/step,70451200,591.0440063476562
mg_C_seed2801,episode_lengths/step,70615040,591.0729370117188
mg_C_seed2801,episode_lengths/step,70778880,591.1671142578125
mg_C_seed2801,episode_lengths/step,70942720,591.301513671875
mg_C_seed2801,episode_lengths/step,71106560,591.4393920898438
mg_C_seed2801,episode_lengths/step,71270400,591.5556640625
mg_C_seed2801,episode_lengths/step,71434240,591.706298828125
mg_C_seed2801,episode_lengths/step,71598080,591.8919677734375
mg_C_seed2801,episode_lengths/step,71761920,592.068359375
mg_C_seed2801,episode_lengths/step,71925760,592.235595703125
mg_C_seed2801,episode_lengths/step,72089600,592.36376953125
mg_C_seed2801,episode_lengths/step,72253440,592.5175170898438
mg_C_seed2801,episode_lengths/step,72417280,592.6730346679688
mg_C_seed2801,episode_lengths/step,72581120,592.7989501953125
mg_C_seed2801,episode_lengths/step,72744960,592.9273071289062
mg_C_seed2801,episode_lengths/step,72908800,593.0650634765625
mg_C_seed2801,episode_lengths/step,73072640,593.0781860351562
mg_C_seed2801,episode_lengths/step,73236480,593.0005493164062
mg_C_seed2801,episode_lengths/step,73400320,593.1184692382812
mg_C_seed2801,episode_lengths/step,73564160,593.2320556640625
mg_C_seed2801,episode_lengths/step,73728000,593.3770751953125
mg_C_seed2801,episode_lengths/step,73891840,593.49072265625
mg_C_seed2801,episode_lengths/step,74055680,593.578857421875
mg_C_seed2801,episode_lengths/step,74219520,593.6995239257812
mg_C_seed2801,episode_lengths/step,74383360,593.793212890625
mg_C_seed2801,episode_lengths/step,74547200,593.8896484375
mg_C_seed2801,episode_lengths/step,74711040,594.04638671875
mg_C_seed2801,episode_lengths/step,74874880,594.166015625
mg_C_seed2801,episode_lengths/step,75038720,594.0853881835938
mg_C_seed2801,episode_lengths/step,75202560,594.20068359375
mg_C_seed2801,episode_lengths/step,75366400,594.307861328125
mg_C_seed2801,episode_lengths/step,75530240,594.4258422851562
mg_C_seed2801,episode_lengths/step,75694080,594.5159912109375
mg_C_seed2801,episode_lengths/step,75857920,594.6209106445312
mg_C_seed2801,episode_lengths/step,76021760,594.5317993164062
mg_C_seed2801,episode_lengths/step,76185600,594.6096801757812
mg_C_seed2801,episode_lengths/step,76349440,594.6897583007812
mg_C_seed2801,episode_lengths/step,76513280,594.7774047851562
mg_C_seed2801,episode_lengths/step,76677120,594.8702392578125
mg_C_seed2801,episode_lengths/step,76840960,594.9718017578125
mg_C_seed2801,episode_lengths/step,77004800,595.0579833984375
mg_C_seed2801,episode_lengths/step,77168640,594.9340209960938
mg_C_seed2801,episode_lengths/step,77332480,594.8176879882812
mg_C_seed2801,episode_lengths/step,77496320,594.9099731445312
mg_C_seed2801,episode_lengths/step,77660160,594.9116821289062
mg_C_seed2801,episode_lengths/step,77824000,595.0537109375
mg_C_seed2801,episode_lengths/step,77987840,595.0449829101562
mg_C_seed2801,episode_lengths/step,78151680,595.136474609375
mg_C_seed2801,episode_lengths/step,78315520,595.2325439453125
mg_C_seed2801,episode_lengths/step,78479360,595.3192138671875
mg_C_seed2801,episode_lengths/step,78643200,595.4161987304688
mg_C_seed2801,episode_lengths/step,78807040,595.4904174804688
mg_C_seed2801,episode_lengths/step,78970880,595.5780639648438
mg_C_seed2801,episode_lengths/step,79134720,595.6597290039062
mg_C_seed2801,episode_lengths/step,79298560,595.7172241210938
mg_C_seed2801,episode_lengths/step,79462400,595.589111328125
mg_C_seed2801,episode_lengths/step,79626240,595.6590576171875
mg_C_seed2801,episode_lengths/step,79790080,595.747802734375
mg_C_seed2801,episode_lengths/step,79953920,595.8221435546875
mg_C_seed2801,episode_lengths/step,80117760,595.896484375
mg_C_seed2801,episode_lengths/step,80281600,595.9520263671875
mg_C_seed2801,episode_lengths/step,80445440,596.0186767578125
mg_C_seed2801,episode_lengths/step,80609280,595.9676513671875
mg_C_seed2801,episode_lengths/step,80773120,596.0420532226562
mg_C_seed2801,episode_lengths/step,80936960,596.1422729492188
mg_C_seed2801,episode_lengths/step,81100800,596.2223510742188
mg_C_seed2801,episode_lengths/step,81264640,596.2846069335938
mg_C_seed2801,episode_lengths/step,81428480,596.35693359375
mg_C_seed2801,episode_lengths/step,81592320,596.4349975585938
mg_C_seed2801,episode_lengths/step,81756160,596.497314453125
mg_C_seed2801,episode_lengths/step,81920000,596.5563354492188
mg_C_seed2801,episode_lengths/step,82083840,596.6290283203125
mg_C_seed2801,episode_lengths/step,82247680,596.6878662109375
mg_C_seed2801,episode_lengths/step,82411520,596.7273559570312
mg_C_seed2801,episode_lengths/step,82575360,596.7760009765625
mg_C_seed2801,episode_lengths/step,82739200,596.8311767578125
mg_C_seed2801,episode_lengths/step,82903040,596.9010009765625
mg_C_seed2801,episode_lengths/step,83066880,596.9561767578125
mg_C_seed2801,episode_lengths/step,83230720,597.00244140625
mg_C_seed2801,episode_lengths/step,83394560,597.0144653320312
mg_C_seed2801,episode_lengths/step,83558400,597.0548095703125
mg_C_seed2801,episode_lengths/step,83722240,597.1083374023438
mg_C_seed2801,episode_lengths/step,83886080,597.1720581054688
mg_C_seed2801,episode_lengths/step,84049920,597.2333984375
mg_C_seed2801,episode_lengths/step,84213760,597.2926025390625
mg_C_seed2801,episode_lengths/step,84377600,597.33740234375
mg_C_seed2801,episode_lengths/step,84541440,597.3907470703125
mg_C_seed2801,episode_lengths/step,84705280,597.4450073242188
mg_C_seed2801,episode_lengths/step,84869120,597.4886474609375
mg_C_seed2801,episode_lengths/step,85032960,597.4566040039062
mg_C_seed2801,episode_lengths/step,85196800,597.5050048828125
mg_C_seed2801,episode_lengths/step,85360640,597.5475463867188
mg_C_seed2801,episode_lengths/step,85524480,597.5789794921875
mg_C_seed2801,episode_lengths/step,85688320,597.6195678710938
mg_C_seed2801,episode_lengths/step,85852160,597.658203125
mg_C_seed2801,episode_lengths/step,86016000,597.7083740234375
mg_C_seed2801,episode_lengths/step,86179840,597.7478637695312
mg_C_seed2801,episode_lengths/step,86343680,597.7098388671875
mg_C_seed2801,episode_lengths/step,86507520,597.5581665039062
mg_C_seed2801,episode_lengths/step,86671360,597.5951538085938
mg_C_seed2801,episode_lengths/step,86835200,597.564208984375
mg_C_seed2801,episode_lengths/step,86999040,597.5845336914062
mg_C_seed2801,episode_lengths/step,87162880,597.4385986328125
mg_C_seed2801,episode_lengths/step,87326720,597.4885864257812
mg_C_seed2801,episode_lengths/step,87490560,597.537109375
mg_C_seed2801,episode_lengths/step,87654400,597.58154296875
mg_C_seed2801,episode_lengths/step,87818240,597.5928955078125
mg_C_seed2801,episode_lengths/step,87982080,597.6310424804688
mg_C_seed2801,episode_lengths/step,88145920,597.676513671875
mg_C_seed2801,episode_lengths/step,88309760,597.7218017578125
mg_C_seed2801,episode_lengths/step,88473600,597.6481323242188
mg_C_seed2801,episode_lengths/step,88637440,597.5673828125
mg_C_seed2801,episode_lengths/step,88801280,597.6065063476562
mg_C_seed2801,episode_lengths/step,88965120,597.6484375
mg_C_seed2801,episode_lengths/step,89128960,597.6883544921875
mg_C_seed2801,episode_lengths/step,89292800,597.6796875
mg_C_seed2801,episode_lengths/step,89456640,597.7149047851562
mg_C_seed2801,episode_lengths/step,89620480,597.688232421875
mg_C_seed2801,episode_lengths/step,89784320,597.7300415039062
mg_C_seed2801,episode_lengths/step,89948160,597.7650756835938
mg_C_seed2801,episode_lengths/step,90112000,597.630615234375
mg_C_seed2801,episode_lengths/step,90275840,597.6768798828125
mg_C_seed2801,episode_lengths/step,90439680,597.7190551757812
mg_C_seed2801,episode_lengths/step,90603520,597.7635498046875
mg_C_seed2801,episode_lengths/step,90767360,597.8032836914062
mg_C_seed2801,episode_lengths/step,90931200,597.7748413085938
mg_C_seed2801,episode_lengths/step,91095040,597.8107299804688
mg_C_seed2801,episode_lengths/step,91258880,597.8538208007812
mg_C_seed2801,episode_lengths/step,91422720,597.8923950195312
mg_C_seed2801,episode_lengths/step,91586560,597.9202270507812
mg_C_seed2801,episode_lengths/step,91750400,597.9536743164062
mg_C_seed2801,episode_lengths/step,91914240,597.9852905273438
mg_C_seed2801,episode_lengths/step,92078080,598.025634765625
mg_C_seed2801,episode_lengths/step,92241920,598.0608520507812
mg_C_seed2801,episode_lengths/step,92405760,598.0953979492188
mg_C_seed2801,episode_lengths/step,92569600,598.1217651367188
mg_C_seed2801,episode_lengths/step,92733440,598.153076171875
mg_C_seed2801,episode_lengths/step,92897280,598.1847534179688
mg_C_seed2801,episode_lengths/step,93061120,598.2181396484375
mg_C_seed2801,episode_lengths/step,93224960,598.2625732421875
mg_C_seed2801,episode_lengths/step,93388800,598.2979736328125
mg_C_seed2801,episode_lengths/step,93552640,598.325439453125
mg_C_seed2801,episode_lengths/step,93716480,598.357421875
mg_C_seed2801,episode_lengths/step,93880320,598.3921508789062
mg_C_seed2801,episode_lengths/step,94044160,598.419921875
mg_C_seed2801,episode_lengths/step,94208000,598.4465942382812
mg_C_seed2801,episode_lengths/step,94371840,598.4799194335938
mg_C_seed2801,episode_lengths/step,94535680,598.5057373046875
mg_C_seed2801,episode_lengths/step,94699520,598.5238037109375
mg_C_seed2801,episode_lengths/step,94863360,598.3486938476562
mg_C_seed2801,episode_lengths/step,95027200,598.3764038085938
mg_C_seed2801,episode_lengths/step,95191040,598.4113159179688
mg_C_seed2801,episode_lengths/step,95354880,598.4393920898438
mg_C_seed2801,episode_lengths/step,95518720,598.4637451171875
mg_C_seed2801,episode_lengths/step,95682560,598.4886474609375
mg_C_seed2801,episode_lengths/step,95846400,598.435546875
mg_C_seed2801,episode_lengths/step,96010240,598.46435546875
mg_C_seed2801,episode_lengths/step,96174080,598.4974975585938
mg_C_seed2801,episode_lengths/step,96337920,598.33544921875
mg_C_seed2801,episode_lengths/step,96501760,598.3709716796875
mg_C_seed2801,episode_lengths/step,96665600,598.3970947265625
mg_C_seed2801,episode_lengths/step,96829440,598.42822265625
mg_C_seed2801,episode_lengths/step,96993280,598.4609375
mg_C_seed2801,episode_lengths/step,97157120,598.4873046875
mg_C_seed2801,episode_lengths/step,97320960,598.5140991210938
mg_C_seed2801,episode_lengths/step,97484800,598.54248046875
mg_C_seed2801,episode_lengths/step,97648640,598.5675048828125
mg_C_seed2801,episode_lengths/step,97812480,598.5869140625
mg_C_seed2801,episode_lengths/step,97976320,598.6100463867188
mg_C_seed2801,episode_lengths/step,98140160,598.63232421875
mg_C_seed2801,episode_lengths/step,98304000,598.6614379882812
mg_C_seed2801,episode_lengths/step,98467840,598.6839599609375
mg_C_seed2801,episode_lengths/step,98631680,598.7020874023438
mg_C_seed2801,episode_lengths/step,98795520,598.727294921875
mg_C_seed2801,episode_lengths/step,98959360,598.7470703125
mg_C_seed2801,episode_lengths/step,99123200,598.7672729492188
mg_C_seed2801,episode_lengths/step,99287040,598.7976684570312
mg_C_seed2801,episode_lengths/step,99450880,598.8213500976562
mg_C_seed2801,episode_lengths/step,99614720,598.8442993164062
mg_C_seed2801,episode_lengths/step,99778560,598.8662719726562
mg_C_seed2801,episode_lengths/step,99942400,598.88671875
mg_C_seed2801,episode_lengths/step,100106240,598.9097900390625
mg_C_seed2801,episode_lengths/step,100270080,598.9273681640625
mg_C_seed2801,episode_lengths/step,100433920,598.9478759765625
mg_C_seed2801,episode_lengths/step,100597760,598.9681396484375
mg_C_seed2801,episode_lengths/step,100761600,598.9828491210938
mg_C_seed2801,episode_lengths/step,100925440,598.9983520507812
mg_C_seed2801,episode_lengths/step,101089280,599.01416015625
mg_C_seed2801,episode_lengths/step,101253120,599.0313110351562
mg_C_seed2801,episode_lengths/step,101416960,599.0502319335938
mg_C_seed2801,episode_lengths/step,101580800,599.065673828125
mg_C_seed2801,episode_lengths/step,101744640,599.0797729492188
mg_C_seed2801,episode_lengths/step,101908480,599.0947265625
mg_C_seed2801,episode_lengths/step,102072320,599.1115112304688
mg_C_seed2801,episode_lengths/step,102236160,599.1253051757812
mg_C_seed2801,episode_lengths/step,102400000,599.1415405273438
mg_C_seed2801,episode_lengths/step,102563840,599.1578979492188
mg_C_seed2801,episode_lengths/step,102727680,599.1729736328125
mg_C_seed2801,episode_lengths/step,102891520,599.1888427734375
mg_C_seed2801,episode_lengths/step,103055360,599.2030639648438
mg_C_seed2801,episode_lengths/step,103219200,599.2196044921875
mg_C_seed2801,episode_lengths/step,103383040,599.232177734375
mg_C_seed2801,episode_lengths/step,103546880,599.2471313476562
mg_C_seed2801,episode_lengths/step,103710720,599.2606201171875
mg_C_seed2801,episode_lengths/step,103874560,599.2703857421875
mg_C_seed2801,episode_lengths/step,104038400,599.2823486328125
mg_C_seed2801,episode_lengths/step,104202240,599.2937622070312
mg_C_seed2801,episode_lengths/step,104366080,599.3078002929688
mg_C_seed2801,episode_lengths/step,104529920,599.320068359375
mg_C_seed2801,episode_lengths/step,104693760,599.3323364257812
mg_C_seed2801,episode_lengths/step,104857600,599.341552734375
mg_C_seed2801,episode_lengths/step,105021440,599.3528442382812
mg_C_seed2801,episode_lengths/step,105185280,599.3638916015625
mg_C_seed2801,episode_lengths/step,105349120,599.3756103515625
mg_C_seed2801,episode_lengths/step,105512960,599.3907470703125
mg_C_seed2801,episode_lengths/step,105676800,599.4030151367188
mg_C_seed2801,episode_lengths/step,105840640,599.4124755859375
mg_C_seed2801,episode_lengths/step,106004480,599.4235229492188
mg_C_seed2801,episode_lengths/step,106168320,599.4353637695312
mg_C_seed2801,episode_lengths/step,106332160,599.3004150390625
mg_C_seed2801,episode_lengths/step,106496000,599.3121337890625
mg_C_seed2801,episode_lengths/step,106659840,599.3265380859375
mg_C_seed2801,episode_lengths/step,106823680,599.338134765625
mg_C_seed2801,episode_lengths/step,106987520,599.3461303710938
mg_C_seed2801,episode_lengths/step,107151360,599.3563232421875
mg_C_seed2801,episode_lengths/step,107315200,599.3670654296875
mg_C_seed2801,episode_lengths/step,107479040,599.3805541992188
mg_C_seed2801,episode_lengths/step,107642880,599.391357421875
mg_C_seed2801,episode_lengths/step,107806720,599.4006958007812
mg_C_seed2801,episode_lengths/step,107970560,599.4103393554688
mg_C_seed2801,episode_lengths/step,108134400,599.41845703125
mg_C_seed2801,episode_lengths/step,108298240,599.4288940429688
mg_C_seed2801,episode_lengths/step,108462080,599.4411010742188
mg_C_seed2801,episode_lengths/step,108625920,599.4528198242188
mg_C_seed2801,episode_lengths/step,108789760,599.4645385742188
mg_C_seed2801,episode_lengths/step,108953600,599.4730834960938
mg_C_seed2801,episode_lengths/step,109117440,599.4833984375
mg_C_seed2801,episode_lengths/step,109281280,599.4939575195312
mg_C_seed2801,episode_lengths/step,109445120,599.5025024414062
mg_C_seed2801,episode_lengths/step,109608960,599.5110473632812
mg_C_seed2801,episode_lengths/step,109772800,599.5201416015625
mg_C_seed2801,episode_lengths/step,109936640,599.5281372070312
mg_C_seed2801,episode_lengths/step,110100480,599.5343017578125
mg_C_seed2801,episode_lengths/step,110264320,599.5418090820312
mg_C_seed2801,episode_lengths/step,110428160,599.5490112304688
mg_C_seed2801,episode_lengths/step,110592000,599.5584106445312
mg_C_seed2801,episode_lengths/step,110755840,599.5654907226562
mg_C_seed2801,episode_lengths/step,110919680,599.5714721679688
mg_C_seed2801,episode_lengths/step,111083520,599.579345703125
mg_C_seed2801,episode_lengths/step,111247360,599.5565185546875
mg_C_seed2801,episode_lengths/step,111411200,599.5508422851562
mg_C_seed2801,episode_lengths/step,111575040,599.561767578125
mg_C_seed2801,episode_lengths/step,111738880,599.5696411132812
mg_C_seed2801,episode_lengths/step,111902720,599.5778198242188
mg_C_seed2801,episode_lengths/step,112066560,599.5855102539062
mg_C_seed2801,episode_lengths/step,112230400,599.586181640625
mg_C_seed2801,episode_lengths/step,112394240,599.5942993164062
mg_C_seed2801,episode_lengths/step,112558080,599.6008911132812
mg_C_seed2801,episode_lengths/step,112721920,599.6085205078125
mg_C_seed2801,episode_lengths/step,112885760,599.6159057617188
mg_C_seed2801,episode_lengths/step,113049600,599.6212158203125
mg_C_seed2801,episode_lengths/step,113213440,599.6268310546875
mg_C_seed2801,episode_lengths/step,113377280,599.6328125
mg_C_seed2801,episode_lengths/step,113541120,599.6392822265625
mg_C_seed2801,episode_lengths/step,113704960,599.6464233398438
mg_C_seed2801,episode_lengths/step,113868800,599.6522216796875
mg_C_seed2801,episode_lengths/step,114032640,599.4964599609375
mg_C_seed2801,episode_lengths/step,114196480,599.5042724609375
mg_C_seed2801,episode_lengths/step,114360320,599.5134887695312
mg_C_seed2801,episode_lengths/step,114524160,599.5144653320312
mg_C_seed2801,episode_lengths/step,114688000,599.5272216796875
mg_C_seed2801,episode_lengths/step,114851840,599.5360107421875
mg_C_seed2801,episode_lengths/step,115015680,599.5443115234375
mg_C_seed2801,episode_lengths/step,115179520,599.5530395507812
mg_C_seed2801,episode_lengths/step,115343360,599.5606079101562
mg_C_seed2801,episode_lengths/step,115507200,599.5696411132812
mg_C_seed2801,episode_lengths/step,115671040,599.576171875
mg_C_seed2801,episode_lengths/step,115834880,599.5843505859375
mg_C_seed2801,episode_lengths/step,115998720,599.591552734375
mg_C_seed2801,episode_lengths/step,116162560,599.5967407226562
mg_C_seed2801,episode_lengths/step,116326400,599.60302734375
mg_C_seed2801,episode_lengths/step,116490240,599.6087036132812
mg_C_seed2801,episode_lengths/step,116654080,599.6163330078125
mg_C_seed2801,episode_lengths/step,116817920,599.6229858398438
mg_C_seed2801,episode_lengths/step,116981760,599.44677734375
mg_C_seed2801,episode_lengths/step,117145600,599.4546508789062
mg_C_seed2801,episode_lengths/step,117309440,599.464111328125
mg_C_seed2801,episode_lengths/step,117473280,599.3378295898438
mg_C_seed2801,episode_lengths/step,117637120,599.2200927734375
mg_C_seed2801,episode_lengths/step,117800960,599.1530151367188
mg_C_seed2801,episode_lengths/step,117964800,599.1697387695312
mg_C_seed2801,episode_lengths/step,118128640,599.182861328125
mg_C_seed2801,episode_lengths/step,118292480,599.1984252929688
mg_C_seed2801,episode_lengths/step,118456320,599.2149658203125
mg_C_seed2801,episode_lengths/step,118620160,599.2290649414062
mg_C_seed2801,episode_lengths/step,118784000,599.24169921875
mg_C_seed2801,episode_lengths/step,118947840,599.2576293945312
mg_C_seed2801,episode_lengths/step,119111680,599.2700805664062
mg_C_seed2801,episode_lengths/step,119275520,599.2791137695312
mg_C_seed2801,episode_lengths/step,119439360,599.2903442382812
mg_C_seed2801,episode_lengths/step,119603200,599.3017578125
mg_C_seed2801,episode_lengths/step,119767040,599.3162231445312
mg_C_seed2801,episode_lengths/step,119930880,599.3283081054688
mg_C_seed2801,episode_lengths/step,120094720,599.1419677734375
mg_C_seed2801,episode_lengths/step,120258560,599.1555786132812
mg_C_seed2801,episode_lengths/step,120422400,599.1670532226562
mg_C_seed2801,episode_lengths/step,120586240,599.1829223632812
mg_C_seed2801,episode_lengths/step,120750080,599.200439453125
mg_C_seed2801,episode_lengths/step,120913920,599.2171020507812
mg_C_seed2801,episode_lengths/step,121077760,599.2338256835938
mg_C_seed2801,episode_lengths/step,121241600,599.2459106445312
mg_C_seed2801,episode_lengths/step,121405440,599.2606811523438
mg_C_seed2801,episode_lengths/step,121569280,599.2757568359375
mg_C_seed2801,episode_lengths/step,121733120,599.2883911132812
mg_C_seed2801,episode_lengths/step,121896960,599.1909790039062
mg_C_seed2801,episode_lengths/step,122060800,599.2061767578125
mg_C_seed2801,episode_lengths/step,122224640,599.2192993164062
mg_C_seed2801,episode_lengths/step,122388480,599.2296752929688
mg_C_seed2801,episode_lengths/step,122552320,599.1521606445312
mg_C_seed2801,episode_lengths/step,122716160,599.1648559570312
mg_C_seed2801,episode_lengths/step,122880000,599.182373046875
mg_C_seed2801,episode_lengths/step,123043840,599.1959228515625
mg_C_seed2801,episode_lengths/step,123207680,599.2074584960938
mg_C_seed2801,episode_lengths/step,123371520,599.222900390625
mg_C_seed2801,episode_lengths/step,123535360,599.2349243164062
mg_C_seed2801,episode_lengths/step,123699200,599.2476196289062
mg_C_seed2801,episode_lengths/step,123863040,599.2437133789062
mg_C_seed2801,episode_lengths/step,124026880,599.2576293945312
mg_C_seed2801,episode_lengths/step,124190720,599.2717895507812
mg_C_seed2801,episode_lengths/step,124354560,599.2857666015625
mg_C_seed2801,episode_lengths/step,124518400,599.2990112304688
mg_C_seed2801,episode_lengths/step,124682240,599.313232421875
mg_C_seed2801,episode_lengths/step,124846080,599.3245239257812
mg_C_seed2801,episode_lengths/step,125009920,599.337646484375
mg_C_seed2801,episode_lengths/step,125173760,599.3504028320312
mg_C_seed2801,episode_lengths/step,125337600,599.3593139648438
mg_C_seed2801,episode_lengths/step,125501440,599.369140625
mg_C_seed2801,episode_lengths/step,125665280,599.3788452148438
mg_C_seed2801,episode_lengths/step,125829120,599.3890991210938
mg_C_seed2801,episode_lengths/step,125992960,599.4008178710938
mg_C_seed2801,episode_lengths/step,126156800,599.41064453125
mg_C_seed2801,episode_lengths/step,126320640,599.4201049804688
mg_C_seed2801,episode_lengths/step,126484480,599.4292602539062
mg_C_seed2801,episode_lengths/step,126648320,599.4398803710938
mg_C_seed2801,episode_lengths/step,126812160,599.4488525390625
mg_C_seed2801,episode_lengths/step,126976000,599.4635009765625
mg_C_seed2801,episode_lengths/step,127139840,599.4736938476562
mg_C_seed2801,episode_lengths/step,127303680,599.4830322265625
mg_C_seed2801,episode_lengths/step,127467520,599.4931030273438
mg_C_seed2801,episode_lengths/step,127631360,599.5017700195312
mg_C_seed2801,episode_lengths/step,127795200,599.5121459960938
mg_C_seed2801,episode_lengths/step,127959040,599.5195922851562
mg_C_seed2801,episode_lengths/step,128122880,599.5289916992188
mg_C_seed2801,episode_lengths/step,128286720,599.537353515625
mg_C_seed2801,episode_lengths/step,128450560,599.5430908203125
mg_C_seed2801,episode_lengths/step,128614400,599.5504760742188
mg_C_seed2801,episode_lengths/step,128778240,599.5570068359375
mg_C_seed2801,episode_lengths/step,128942080,599.5653076171875
mg_C_seed2801,episode_lengths/step,129105920,599.572509765625
mg_C_seed2801,episode_lengths/step,129269760,599.5800170898438
mg_C_seed2801,episode_lengths/step,129433600,599.5856323242188
mg_C_seed2801,episode_lengths/step,129597440,599.5924682617188
mg_C_seed2801,episode_lengths/step,129761280,599.4054565429688
mg_C_seed2801,episode_lengths/step,129925120,599.4165649414062
mg_C_seed2801,episode_lengths/step,130088960,599.4306030273438
mg_C_seed2801,episode_lengths/step,130252800,599.4415893554688
mg_C_seed2801,episode_lengths/step,130416640,599.4144287109375
mg_C_seed2801,episode_lengths/step,130580480,599.4255981445312
mg_C_seed2801,episode_lengths/step,130744320,599.4371337890625
mg_C_seed2801,episode_lengths/step,130908160,599.447021484375
mg_C_seed2801,episode_lengths/step,131072000,599.4310302734375
mg_C_seed2801,episode_lengths/step,131235840,599.4429321289062
mg_C_seed2801,episode_lengths/step,131399680,599.2508544921875
mg_C_seed2801,episode_lengths/step,131563520,599.2041015625
mg_C_seed2801,episode_lengths/step,131727360,599.216552734375
mg_C_seed2801,episode_lengths/step,131891200,599.2291259765625
mg_C_seed2801,episode_lengths/step,132055040,599.2451171875
mg_C_seed2801,episode_lengths/step,132218880,599.25830078125
mg_C_seed2801,episode_lengths/step,132382720,599.27001953125
mg_C_seed2801,episode_lengths/step,132546560,599.28173828125
mg_C_seed2801,episode_lengths/step,132710400,599.2919311523438
mg_C_seed2801,episode_lengths/step,132874240,599.3052978515625
mg_C_seed2801,episode_lengths/step,133038080,599.1998901367188
mg_C_seed2801,episode_lengths/step,133201920,599.21630859375
mg_C_seed2801,episode_lengths/step,133365760,599.23291015625
mg_C_seed2801,episode_lengths/step,133529600,598.990234375
mg_C_seed2801,episode_lengths/step,133693440,598.7813110351562
mg_C_seed2801,episode_lengths/step,133857280,598.7865600585938
mg_C_seed2801,episode_lengths/step,134021120,598.8075561523438
mg_C_seed2801,episode_lengths/step,134184960,598.8286743164062
mg_C_seed2801,episode_lengths/step,134348800,598.8511352539062
mg_C_seed2801,episode_lengths/step,134512640,598.6903686523438
mg_C_seed2801,episode_lengths/step,134676480,598.7070922851562
mg_C_seed2801,episode_lengths/step,134840320,598.7284545898438
mg_C_seed2801,episode_lengths/step,135004160,598.7357177734375
mg_C_seed2801,episode_lengths/step,135168000,598.761474609375
mg_C_seed2801,episode_lengths/step,135331840,598.7697143554688
mg_C_seed2801,episode_lengths/step,135495680,598.7747192382812
mg_C_seed2801,episode_lengths/step,135659520,598.797607421875
mg_C_seed2801,episode_lengths/step,135823360,598.8164672851562
mg_C_seed2801,episode_lengths/step,135987200,598.8363647460938
mg_C_seed2801,episode_lengths/step,136151040,598.8656005859375
mg_C_seed2801,episode_lengths/step,136314880,598.88623046875
mg_C_seed2801,episode_lengths/step,136478720,598.9082641601562
mg_C_seed2801,episode_lengths/step,136642560,598.9293823242188
mg_C_seed2801,episode_lengths/step,136806400,598.9501342773438
mg_C_seed2801,episode_lengths/step,136970240,598.9713134765625
mg_C_seed2801,episode_lengths/step,137134080,598.9883422851562
mg_C_seed2801,episode_lengths/step,137297920,599.0072631835938
mg_C_seed2801,episode_lengths/step,137461760,598.8317260742188
mg_C_seed2801,episode_lengths/step,137625600,598.8478393554688
mg_C_seed2801,episode_lengths/step,137789440,598.86474609375
mg_C_seed2801,episode_lengths/step,137953280,598.8820190429688
mg_C_seed2801,episode_lengths/step,138117120,598.9014282226562
mg_C_seed2801,episode_lengths/step,138280960,598.9223022460938
mg_C_seed2801,episode_lengths/step,138444800,598.940185546875
mg_C_seed2801,episode_lengths/step,138608640,598.9567260742188
mg_C_seed2801,episode_lengths/step,138772480,598.9732666015625
mg_C_seed2801,episode_lengths/step,138936320,598.940185546875
mg_C_seed2801,episode_lengths/step,139100160,598.77978515625
mg_C_seed2801,episode_lengths/step,139264000,598.8112182617188
mg_C_seed2801,episode_lengths/step,139427840,598.833984375
mg_C_seed2801,episode_lengths/step,139591680,598.8552856445312
mg_C_seed2801,episode_lengths/step,139755520,598.878173828125
mg_C_seed2801,episode_lengths/step,139919360,598.8983154296875
mg_C_seed2801,episode_lengths/step,140083200,598.921630859375
mg_C_seed2801,episode_lengths/step,140247040,598.938720703125
mg_C_seed2801,episode_lengths/step,140410880,598.9528198242188
mg_C_seed2801,episode_lengths/step,140574720,598.9715576171875
mg_C_seed2801,episode_lengths/step,140738560,598.985107421875
mg_C_seed2801,episode_lengths/step,140902400,599.0016479492188
mg_C_seed2801,episode_lengths/step,141066240,599.0159301757812
mg_C_seed2801,episode_lengths/step,141230080,599.0355834960938
mg_C_seed2801,episode_lengths/step,141393920,599.0308837890625
mg_C_seed2801,episode_lengths/step,141557760,599.0486450195312
mg_C_seed2801,episode_lengths/step,141721600,599.0613403320312
mg_C_seed2801,episode_lengths/step,141885440,598.992431640625
mg_C_seed2801,episode_lengths/step,142049280,599.0112915039062
mg_C_seed2801,episode_lengths/step,142213120,599.0302124023438
mg_C_seed2801,episode_lengths/step,142376960,599.0530395507812
mg_C_seed2801,episode_lengths/step,142540800,599.0713500976562
mg_C_seed2801,episode_lengths/step,142704640,599.0872192382812
mg_C_seed2801,episode_lengths/step,142868480,599.1053466796875
mg_C_seed2801,episode_lengths/step,143032320,598.9263916015625
mg_C_seed2801,episode_lengths/step,143196160,598.945556640625
mg_C_seed2801,episode_lengths/step,143360000,598.9605102539062
mg_C_seed2801,episode_lengths/step,143523840,598.9822998046875
mg_C_seed2801,episode_lengths/step,143687680,598.9996337890625
mg_C_seed2801,episode_lengths/step,143851520,599.010986328125
mg_C_seed2801,episode_lengths/step,144015360,599.0265502929688
mg_C_seed2801,episode_lengths/step,144179200,599.0418090820312
mg_C_seed2801,episode_lengths/step,144343040,599.0621337890625
mg_C_seed2801,episode_lengths/step,144506880,599.0786743164062
mg_C_seed2801,episode_lengths/step,144670720,599.0939331054688
mg_C_seed2801,episode_lengths/step,144834560,599.1076049804688
mg_C_seed2801,episode_lengths/step,144998400,599.1204223632812
mg_C_seed2801,episode_lengths/step,145162240,599.1375732421875
mg_C_seed2801,episode_lengths/step,145326080,599.1561889648438
mg_C_seed2801,episode_lengths/step,145489920,598.9774780273438
mg_C_seed2801,episode_lengths/step,145653760,598.9990234375
mg_C_seed2801,episode_lengths/step,145817600,599.0160522460938
mg_C_seed2801,episode_lengths/step,145981440,599.0360107421875
mg_C_seed2801,episode_lengths/step,146145280,599.0552978515625
mg_C_seed2801,episode_lengths/step,146309120,599.0712280273438
mg_C_seed2801,episode_lengths/step,146472960,599.08740234375
mg_C_seed2801,episode_lengths/step,146636800,599.10498046875
mg_C_seed2801,episode_lengths/step,146800640,599.1201782226562
mg_C_seed2801,episode_lengths/step,146964480,599.1312866210938
mg_C_seed2801,episode_lengths/step,147128320,599.1453857421875
mg_C_seed2801,episode_lengths/step,147292160,599.1582641601562
mg_C_seed2801,episode_lengths/step,147456000,599.1755981445312
mg_C_seed2801,episode_lengths/step,147619840,599.064697265625
mg_C_seed2801,episode_lengths/step,147783680,599.003173828125
mg_C_seed2801,episode_lengths/step,147947520,599.0210571289062
mg_C_seed2801,episode_lengths/step,148111360,599.0370483398438
mg_C_seed2801,episode_lengths/step,148275200,599.05322265625
mg_C_seed2801,episode_lengths/step,148439040,599.0769653320312
mg_C_seed2801,episode_lengths/step,148602880,599.0940551757812
mg_C_seed2801,episode_lengths/step,148766720,599.112060546875
mg_C_seed2801,episode_lengths/step,148930560,599.128662109375
mg_C_seed2801,episode_lengths/step,149094400,599.1453857421875
mg_C_seed2801,episode_lengths/step,149258240,599.1624145507812
mg_C_seed2801,episode_lengths/step,149422080,599.1757202148438
mg_C_seed2801,episode_lengths/step,149585920,599.1909790039062
mg_C_seed2801,episode_lengths/step,149749760,599.2061767578125
mg_C_seed2801,episode_lengths/step,149913600,599.217041015625
mg_C_seed2801,episode_lengths/step,150077440,599.228515625
mg_C_seed2801,episode_lengths/step,150241280,599.2401123046875
mg_C_seed2801,episode_lengths/step,150405120,599.2531127929688
mg_C_seed2801,episode_lengths/step,150568960,599.154296875
mg_C_seed2801,episode_lengths/step,150732800,599.1686401367188
mg_C_seed2801,episode_lengths/step,150896640,599.1812744140625
mg_C_seed2801,episode_lengths/step,151060480,599.194091796875
mg_C_seed2801,episode_lengths/step,151224320,599.105224609375
mg_C_seed2801,episode_lengths/step,151388160,599.1201171875
mg_C_seed2801,episode_lengths/step,151552000,599.1426391601562
mg_C_seed2801,episode_lengths/step,151715840,599.1586303710938
mg_C_seed2801,episode_lengths/step,151879680,599.06640625
mg_C_seed2801,episode_lengths/step,152043520,599.084716796875
mg_C_seed2801,episode_lengths/step,152207360,599.1010131835938
mg_C_seed2801,episode_lengths/step,152371200,599.1195068359375
mg_C_seed2801,episode_lengths/step,152535040,599.1334838867188
mg_C_seed2801,episode_lengths/step,152698880,599.1497192382812
mg_C_seed2801,episode_lengths/step,152862720,599.1641845703125
mg_C_seed2801,episode_lengths/step,153026560,599.175048828125
mg_C_seed2801,episode_lengths/step,153190400,599.1880493164062
mg_C_seed2801,episode_lengths/step,153354240,599.070556640625
mg_C_seed2801,episode_lengths/step,153518080,599.0891723632812
mg_C_seed2801,episode_lengths/step,153681920,599.1051025390625
mg_C_seed2801,episode_lengths/step,153845760,599.1060791015625
mg_C_seed2801,episode_lengths/step,154009600,599.1184692382812
mg_C_seed2801,episode_lengths/step,154173440,599.1323852539062
mg_C_seed2801,episode_lengths/step,154337280,599.14892578125
mg_C_seed2801,episode_lengths/step,154501120,599.1651611328125
mg_C_seed2801,episode_lengths/step,154664960,599.1846313476562
mg_C_seed2801,episode_lengths/step,154828800,599.20068359375
mg_C_seed2801,episode_lengths/step,154992640,599.2144775390625
mg_C_seed2801,episode_lengths/step,155156480,599.0670166015625
mg_C_seed2801,episode_lengths/step,155320320,599.0856323242188
mg_C_seed2801,episode_lengths/step,155484160,599.1019897460938
mg_C_seed2801,episode_lengths/step,155648000,599.1168823242188
mg_C_seed2801,episode_lengths/step,155811840,599.13525390625
mg_C_seed2801,episode_lengths/step,155975680,598.9933471679688
mg_C_seed2801,episode_lengths/step,156139520,599.0049438476562
mg_C_seed2801,episode_lengths/step,156303360,599.0206298828125
mg_C_seed2801,episode_lengths/step,156467200,599.0364379882812
mg_C_seed2801,episode_lengths/step,156631040,599.0567016601562
mg_C_seed2801,episode_lengths/step,156794880,599.0735473632812
mg_C_seed2801,episode_lengths/step,156958720,599.089111328125
mg_C_seed2801,episode_lengths/step,157122560,599.1029663085938
mg_C_seed2801,episode_lengths/step,157286400,598.9967651367188
mg_C_seed2801,episode_lengths/step,157450240,599.0167236328125
mg_C_seed2801,episode_lengths/step,157614080,599.0380859375
mg_C_seed2801,episode_lengths/step,157777920,599.0575561523438
mg_C_seed2801,episode_lengths/step,157941760,599.0771484375
mg_C_seed2801,episode_lengths/step,158105600,599.0933227539062
mg_C_seed2801,episode_lengths/step,158269440,599.1117553710938
mg_C_seed2801,episode_lengths/step,158433280,599.1289672851562
mg_C_seed2801,episode_lengths/step,158597120,599.1435546875
mg_C_seed2801,episode_lengths/step,158760960,599.1578979492188
mg_C_seed2801,episode_lengths/step,158924800,599.1737060546875
mg_C_seed2801,episode_lengths/step,159088640,599.1876220703125
mg_C_seed2801,episode_lengths/step,159252480,599.1976928710938
mg_C_seed2801,episode_lengths/step,159416320,599.2107543945312
mg_C_seed2801,episode_lengths/step,159580160,599.2230834960938
mg_C_seed2801,episode_lengths/step,159744000,599.2391967773438
mg_C_seed2801,episode_lengths/step,159907840,599.2525634765625
mg_C_seed2801,episode_lengths/step,160071680,599.2637939453125
mg_C_seed2801,episode_lengths/step,160235520,599.2769165039062
mg_C_seed2801,episode_lengths/step,160399360,599.2890625
mg_C_seed2801,episode_lengths/step,160563200,599.3013305664062
mg_C_seed2801,episode_lengths/step,160727040,599.3184814453125
mg_C_seed2801,episode_lengths/step,160890880,599.3309326171875
mg_C_seed2801,episode_lengths/step,161054720,599.343994140625
mg_C_seed2801,episode_lengths/step,161218560,599.356689453125
mg_C_seed2801,episode_lengths/step,161382400,599.3690185546875
mg_C_seed2801,episode_lengths/step,161546240,599.3812255859375
mg_C_seed2801,episode_lengths/step,161710080,599.390869140625
mg_C_seed2801,episode_lengths/step,161873920,599.40185546875
mg_C_seed2801,episode_lengths/step,162037760,599.4135131835938
mg_C_seed2801,episode_lengths/step,162201600,599.2233276367188
mg_C_seed2801,episode_lengths/step,162365440,599.2348022460938
mg_C_seed2801,episode_lengths/step,162529280,599.050048828125
mg_C_seed2801,episode_lengths/step,162693120,599.0647583007812
mg_C_seed2801,episode_lengths/step,162856960,599.0828247070312
mg_C_seed2801,episode_lengths/step,163020800,599.0986328125
mg_C_seed2801,episode_lengths/step,163184640,599.1126098632812
mg_C_seed2801,episode_lengths/step,163348480,599.1261596679688
mg_C_seed2801,episode_lengths/step,163512320,599.1434936523438
mg_C_seed2801,episode_lengths/step,163676160,599.1575927734375
mg_C_seed2801,episode_lengths/step,163840000,599.1788940429688
mg_C_seed2801,reset_noise/scale/frame,163840,1.0
mg_C_seed2801,reset_noise/scale/frame,327680,1.0
mg_C_seed2801,reset_noise/scale/frame,491520,1.0
mg_C_seed2801,reset_noise/scale/frame,655360,1.0
mg_C_seed2801,reset_noise/scale/frame,819200,1.0
mg_C_seed2801,reset_noise/scale/frame,983040,1.0
mg_C_seed2801,reset_noise/scale/frame,1146880,1.0
mg_C_seed2801,reset_noise/scale/frame,1310720,1.0
mg_C_seed2801,reset_noise/scale/frame,1474560,1.0
mg_C_seed2801,reset_noise/scale/frame,1638400,1.0
mg_C_seed2801,reset_noise/scale/frame,1802240,1.0
mg_C_seed2801,reset_noise/scale/frame,1966080,1.0
mg_C_seed2801,reset_noise/scale/frame,2129920,1.0
mg_C_seed2801,reset_noise/scale/frame,2293760,1.0
mg_C_seed2801,reset_noise/scale/frame,2457600,1.0
mg_C_seed2801,reset_noise/scale/frame,2621440,1.0
mg_C_seed2801,reset_noise/scale/frame,2785280,1.0
mg_C_seed2801,reset_noise/scale/frame,2949120,1.0
mg_C_seed2801,reset_noise/scale/frame,3112960,1.0
mg_C_seed2801,reset_noise/scale/frame,3276800,1.0
mg_C_seed2801,reset_noise/scale/frame,3440640,1.0
mg_C_seed2801,reset_noise/scale/frame,3604480,1.0
mg_C_seed2801,reset_noise/scale/frame,3768320,1.0
mg_C_seed2801,reset_noise/scale/frame,3932160,1.0
mg_C_seed2801,reset_noise/scale/frame,4096000,1.0
mg_C_seed2801,reset_noise/scale/frame,4259840,1.0
mg_C_seed2801,reset_noise/scale/frame,4423680,1.0
mg_C_seed2801,reset_noise/scale/frame,4587520,1.0
mg_C_seed2801,reset_noise/scale/frame,4751360,1.0
mg_C_seed2801,reset_noise/scale/frame,4915200,1.0
mg_C_seed2801,reset_noise/scale/frame,5079040,1.0
mg_C_seed2801,reset_noise/scale/frame,5242880,1.0
mg_C_seed2801,reset_noise/scale/frame,5406720,1.0
mg_C_seed2801,reset_noise/scale/frame,5570560,1.0
mg_C_seed2801,reset_noise/scale/frame,5734400,1.0
mg_C_seed2801,reset_noise/scale/frame,5898240,1.0
mg_C_seed2801,reset_noise/scale/frame,6062080,1.0
mg_C_seed2801,reset_noise/scale/frame,6225920,1.0
mg_C_seed2801,reset_noise/scale/frame,6389760,1.0
mg_C_seed2801,reset_noise/scale/frame,6553600,1.0
mg_C_seed2801,reset_noise/scale/frame,6717440,1.0
mg_C_seed2801,reset_noise/scale/frame,6881280,1.0
mg_C_seed2801,reset_noise/scale/frame,7045120,1.0
mg_C_seed2801,reset_noise/scale/frame,7208960,1.0
mg_C_seed2801,reset_noise/scale/frame,7372800,1.0
mg_C_seed2801,reset_noise/scale/frame,7536640,1.0
mg_C_seed2801,reset_noise/scale/frame,7700480,1.0
mg_C_seed2801,reset_noise/scale/frame,7864320,1.0
mg_C_seed2801,reset_noise/scale/frame,8028160,1.0
mg_C_seed2801,reset_noise/scale/frame,8192000,1.0
mg_C_seed2801,reset_noise/scale/frame,8355840,1.0
mg_C_seed2801,reset_noise/scale/frame,8519680,1.0
mg_C_seed2801,reset_noise/scale/frame,8683520,1.0
mg_C_seed2801,reset_noise/scale/frame,8847360,1.0
mg_C_seed2801,reset_noise/scale/frame,9011200,1.0
mg_C_seed2801,reset_noise/scale/frame,9175040,1.0
mg_C_seed2801,reset_noise/scale/frame,9338880,1.0
mg_C_seed2801,reset_noise/scale/frame,9502720,1.0
mg_C_seed2801,reset_noise/scale/frame,9666560,1.0
mg_C_seed2801,reset_noise/scale/frame,9830400,1.0
mg_C_seed2801,reset_noise/scale/frame,9994240,1.0
mg_C_seed2801,reset_noise/scale/frame,10158080,1.0
mg_C_seed2801,reset_noise/scale/frame,10321920,1.0
mg_C_seed2801,reset_noise/scale/frame,10485760,1.0
mg_C_seed2801,reset_noise/scale/frame,10649600,1.0
mg_C_seed2801,reset_noise/scale/frame,10813440,1.0
mg_C_seed2801,reset_noise/scale/frame,10977280,1.0
mg_C_seed2801,reset_noise/scale/frame,11141120,1.0
mg_C_seed2801,reset_noise/scale/frame,11304960,1.0
mg_C_seed2801,reset_noise/scale/frame,11468800,1.0
mg_C_seed2801,reset_noise/scale/frame,11632640,1.0
mg_C_seed2801,reset_noise/scale/frame,11796480,1.0
mg_C_seed2801,reset_noise/scale/frame,11960320,1.0
mg_C_seed2801,reset_noise/scale/frame,12124160,1.0
mg_C_seed2801,reset_noise/scale/frame,12288000,1.0
mg_C_seed2801,reset_noise/scale/frame,12451840,1.0
mg_C_seed2801,reset_noise/scale/frame,12615680,1.0
mg_C_seed2801,reset_noise/scale/frame,12779520,1.0
mg_C_seed2801,reset_noise/scale/frame,12943360,1.0
mg_C_seed2801,reset_noise/scale/frame,13107200,1.0
mg_C_seed2801,reset_noise/scale/frame,13271040,1.0
mg_C_seed2801,reset_noise/scale/frame,13434880,1.0
mg_C_seed2801,reset_noise/scale/frame,13598720,1.0
mg_C_seed2801,reset_noise/scale/frame,13762560,1.0
mg_C_seed2801,reset_noise/scale/frame,13926400,1.0
mg_C_seed2801,reset_noise/scale/frame,14090240,1.0
mg_C_seed2801,reset_noise/scale/frame,14254080,1.0
mg_C_seed2801,reset_noise/scale/frame,14417920,1.0
mg_C_seed2801,reset_noise/scale/frame,14581760,1.0
mg_C_seed2801,reset_noise/scale/frame,14745600,1.0
mg_C_seed2801,reset_noise/scale/frame,14909440,1.0
mg_C_seed2801,reset_noise/scale/frame,15073280,1.0
mg_C_seed2801,reset_noise/scale/frame,15237120,1.0
mg_C_seed2801,reset_noise/scale/frame,15400960,1.0
mg_C_seed2801,reset_noise/scale/frame,15564800,1.0
mg_C_seed2801,reset_noise/scale/frame,15728640,1.0
mg_C_seed2801,reset_noise/scale/frame,15892480,1.0
mg_C_seed2801,reset_noise/scale/frame,16056320,1.0
mg_C_seed2801,reset_noise/scale/frame,16220160,1.0
mg_C_seed2801,reset_noise/scale/frame,16384000,1.0
mg_C_seed2801,reset_noise/scale/frame,16547840,1.0
mg_C_seed2801,reset_noise/scale/frame,16711680,1.0
mg_C_seed2801,reset_noise/scale/frame,16875520,1.0
mg_C_seed2801,reset_noise/scale/frame,17039360,1.0
mg_C_seed2801,reset_noise/scale/frame,17203200,1.0
mg_C_seed2801,reset_noise/scale/frame,17367040,1.0
mg_C_seed2801,reset_noise/scale/frame,17530880,1.0
mg_C_seed2801,reset_noise/scale/frame,17694720,1.0
mg_C_seed2801,reset_noise/scale/frame,17858560,1.0
mg_C_seed2801,reset_noise/scale/frame,18022400,1.0
mg_C_seed2801,reset_noise/scale/frame,18186240,1.0
mg_C_seed2801,reset_noise/scale/frame,18350080,1.0
mg_C_seed2801,reset_noise/scale/frame,18513920,1.0
mg_C_seed2801,reset_noise/scale/frame,18677760,1.0
mg_C_seed2801,reset_noise/scale/frame,18841600,1.0
mg_C_seed2801,reset_noise/scale/frame,19005440,1.0
mg_C_seed2801,reset_noise/scale/frame,19169280,1.0
mg_C_seed2801,reset_noise/scale/frame,19333120,1.0
mg_C_seed2801,reset_noise/scale/frame,19496960,1.0
mg_C_seed2801,reset_noise/scale/frame,19660800,1.0
mg_C_seed2801,reset_noise/scale/frame,19824640,1.0
mg_C_seed2801,reset_noise/scale/frame,19988480,1.0
mg_C_seed2801,reset_noise/scale/frame,20152320,1.0
mg_C_seed2801,reset_noise/scale/frame,20316160,1.0
mg_C_seed2801,reset_noise/scale/frame,20480000,1.0
mg_C_seed2801,reset_noise/scale/frame,20643840,1.0
mg_C_seed2801,reset_noise/scale/frame,20807680,1.0
mg_C_seed2801,reset_noise/scale/frame,20971520,1.0
mg_C_seed2801,reset_noise/scale/frame,21135360,1.0
mg_C_seed2801,reset_noise/scale/frame,21299200,1.0
mg_C_seed2801,reset_noise/scale/frame,21463040,1.0
mg_C_seed2801,reset_noise/scale/frame,21626880,1.0
mg_C_seed2801,reset_noise/scale/frame,21790720,1.0
mg_C_seed2801,reset_noise/scale/frame,21954560,1.0
mg_C_seed2801,reset_noise/scale/frame,22118400,1.0
mg_C_seed2801,reset_noise/scale/frame,22282240,1.0
mg_C_seed2801,reset_noise/scale/frame,22446080,1.0
mg_C_seed2801,reset_noise/scale/frame,22609920,1.0
mg_C_seed2801,reset_noise/scale/frame,22773760,1.0
mg_C_seed2801,reset_noise/scale/frame,22937600,1.0
mg_C_seed2801,reset_noise/scale/frame,23101440,1.0
mg_C_seed2801,reset_noise/scale/frame,23265280,1.0
mg_C_seed2801,reset_noise/scale/frame,23429120,1.0
mg_C_seed2801,reset_noise/scale/frame,23592960,1.0
mg_C_seed2801,reset_noise/scale/frame,23756800,1.0
mg_C_seed2801,reset_noise/scale/frame,23920640,1.0
mg_C_seed2801,reset_noise/scale/frame,24084480,1.0
mg_C_seed2801,reset_noise/scale/frame,24248320,1.0
mg_C_seed2801,reset_noise/scale/frame,24412160,1.0
mg_C_seed2801,reset_noise/scale/frame,24576000,1.0
mg_C_seed2801,reset_noise/scale/frame,24739840,1.0
mg_C_seed2801,reset_noise/scale/frame,24903680,1.0
mg_C_seed2801,reset_noise/scale/frame,25067520,1.0
mg_C_seed2801,reset_noise/scale/frame,25231360,1.0
mg_C_seed2801,reset_noise/scale/frame,25395200,1.0
mg_C_seed2801,reset_noise/scale/frame,25559040,1.0
mg_C_seed2801,reset_noise/scale/frame,25722880,1.0
mg_C_seed2801,reset_noise/scale/frame,25886720,1.0
mg_C_seed2801,reset_noise/scale/frame,26050560,1.0
mg_C_seed2801,reset_noise/scale/frame,26214400,1.0
mg_C_seed2801,reset_noise/scale/frame,26378240,1.0
mg_C_seed2801,reset_noise/scale/frame,26542080,1.0
mg_C_seed2801,reset_noise/scale/frame,26705920,1.0
mg_C_seed2801,reset_noise/scale/frame,26869760,1.0
mg_C_seed2801,reset_noise/scale/frame,27033600,1.0
mg_C_seed2801,reset_noise/scale/frame,27197440,1.0
mg_C_seed2801,reset_noise/scale/frame,27361280,1.0
mg_C_seed2801,reset_noise/scale/frame,27525120,1.0
mg_C_seed2801,reset_noise/scale/frame,27688960,1.0
mg_C_seed2801,reset_noise/scale/frame,27852800,1.0
mg_C_seed2801,reset_noise/scale/frame,28016640,1.0
mg_C_seed2801,reset_noise/scale/frame,28180480,1.0
mg_C_seed2801,reset_noise/scale/frame,28344320,1.0
mg_C_seed2801,reset_noise/scale/frame,28508160,1.0
mg_C_seed2801,reset_noise/scale/frame,28672000,1.0
mg_C_seed2801,reset_noise/scale/frame,28835840,1.0
mg_C_seed2801,reset_noise/scale/frame,28999680,1.0
mg_C_seed2801,reset_noise/scale/frame,29163520,1.0
mg_C_seed2801,reset_noise/scale/frame,29327360,1.0
mg_C_seed2801,reset_noise/scale/frame,29491200,1.0
mg_C_seed2801,reset_noise/scale/frame,29655040,1.0
mg_C_seed2801,reset_noise/scale/frame,29818880,1.0
mg_C_seed2801,reset_noise/scale/frame,29982720,1.0
mg_C_seed2801,reset_noise/scale/frame,30146560,1.0
mg_C_seed2801,reset_noise/scale/frame,30310400,1.0
mg_C_seed2801,reset_noise/scale/frame,30474240,1.0
mg_C_seed2801,reset_noise/scale/frame,30638080,1.0
mg_C_seed2801,reset_noise/scale/frame,30801920,1.0
mg_C_seed2801,reset_noise/scale/frame,30965760,1.0
mg_C_seed2801,reset_noise/scale/frame,31129600,1.0
mg_C_seed2801,reset_noise/scale/frame,31293440,1.0
mg_C_seed2801,reset_noise/scale/frame,31457280,1.0
mg_C_seed2801,reset_noise/scale/frame,31621120,1.0
mg_C_seed2801,reset_noise/scale/frame,31784960,1.0
mg_C_seed2801,reset_noise/scale/frame,31948800,1.0
mg_C_seed2801,reset_noise/scale/frame,32112640,1.0
mg_C_seed2801,reset_noise/scale/frame,32276480,1.0
mg_C_seed2801,reset_noise/scale/frame,32440320,1.0
mg_C_seed2801,reset_noise/scale/frame,32604160,1.0
mg_C_seed2801,reset_noise/scale/frame,32768000,1.0
mg_C_seed2801,reset_noise/scale/frame,32931840,1.0
mg_C_seed2801,reset_noise/scale/frame,33095680,1.0
mg_C_seed2801,reset_noise/scale/frame,33259520,1.0
mg_C_seed2801,reset_noise/scale/frame,33423360,1.0
mg_C_seed2801,reset_noise/scale/frame,33587200,1.0
mg_C_seed2801,reset_noise/scale/frame,33751040,1.0
mg_C_seed2801,reset_noise/scale/frame,33914880,1.0
mg_C_seed2801,reset_noise/scale/frame,34078720,1.0
mg_C_seed2801,reset_noise/scale/frame,34242560,1.0
mg_C_seed2801,reset_noise/scale/frame,34406400,1.0
mg_C_seed2801,reset_noise/scale/frame,34570240,1.0
mg_C_seed2801,reset_noise/scale/frame,34734080,1.0
mg_C_seed2801,reset_noise/scale/frame,34897920,1.0
mg_C_seed2801,reset_noise/scale/frame,35061760,1.0
mg_C_seed2801,reset_noise/scale/frame,35225600,1.0
mg_C_seed2801,reset_noise/scale/frame,35389440,1.0
mg_C_seed2801,reset_noise/scale/frame,35553280,1.0
mg_C_seed2801,reset_noise/scale/frame,35717120,1.0
mg_C_seed2801,reset_noise/scale/frame,35880960,1.0
mg_C_seed2801,reset_noise/scale/frame,36044800,1.0
mg_C_seed2801,reset_noise/scale/frame,36208640,1.0
mg_C_seed2801,reset_noise/scale/frame,36372480,1.0
mg_C_seed2801,reset_noise/scale/frame,36536320,1.0
mg_C_seed2801,reset_noise/scale/frame,36700160,1.0
mg_C_seed2801,reset_noise/scale/frame,36864000,1.0
mg_C_seed2801,reset_noise/scale/frame,37027840,1.0
mg_C_seed2801,reset_noise/scale/frame,37191680,1.0
mg_C_seed2801,reset_noise/scale/frame,37355520,1.0
mg_C_seed2801,reset_noise/scale/frame,37519360,1.0
mg_C_seed2801,reset_noise/scale/frame,37683200,1.0
mg_C_seed2801,reset_noise/scale/frame,37847040,1.0
mg_C_seed2801,reset_noise/scale/frame,38010880,1.0
mg_C_seed2801,reset_noise/scale/frame,38174720,1.0
mg_C_seed2801,reset_noise/scale/frame,38338560,1.0
mg_C_seed2801,reset_noise/scale/frame,38502400,1.0
mg_C_seed2801,reset_noise/scale/frame,38666240,1.0
mg_C_seed2801,reset_noise/scale/frame,38830080,1.0
mg_C_seed2801,reset_noise/scale/frame,38993920,1.0
mg_C_seed2801,reset_noise/scale/frame,39157760,1.0
mg_C_seed2801,reset_noise/scale/frame,39321600,1.0
mg_C_seed2801,reset_noise/scale/frame,39485440,1.0
mg_C_seed2801,reset_noise/scale/frame,39649280,1.0
mg_C_seed2801,reset_noise/scale/frame,39813120,1.0
mg_C_seed2801,reset_noise/scale/frame,39976960,1.0
mg_C_seed2801,reset_noise/scale/frame,40140800,1.0
mg_C_seed2801,reset_noise/scale/frame,40304640,1.0
mg_C_seed2801,reset_noise/scale/frame,40468480,1.0
mg_C_seed2801,reset_noise/scale/frame,40632320,1.0
mg_C_seed2801,reset_noise/scale/frame,40796160,1.0
mg_C_seed2801,reset_noise/scale/frame,40960000,1.0
mg_C_seed2801,reset_noise/scale/frame,41123840,1.0
mg_C_seed2801,reset_noise/scale/frame,41287680,1.0
mg_C_seed2801,reset_noise/scale/frame,41451520,1.0
mg_C_seed2801,reset_noise/scale/frame,41615360,1.0
mg_C_seed2801,reset_noise/scale/frame,41779200,1.0
mg_C_seed2801,reset_noise/scale/frame,41943040,1.0
mg_C_seed2801,reset_noise/scale/frame,42106880,1.0
mg_C_seed2801,reset_noise/scale/frame,42270720,1.0
mg_C_seed2801,reset_noise/scale/frame,42434560,1.0
mg_C_seed2801,reset_noise/scale/frame,42598400,1.0
mg_C_seed2801,reset_noise/scale/frame,42762240,1.0
mg_C_seed2801,reset_noise/scale/frame,42926080,1.0
mg_C_seed2801,reset_noise/scale/frame,43089920,1.0
mg_C_seed2801,reset_noise/scale/frame,43253760,1.0
mg_C_seed2801,reset_noise/scale/frame,43417600,1.0
mg_C_seed2801,reset_noise/scale/frame,43581440,1.0
mg_C_seed2801,reset_noise/scale/frame,43745280,1.0
mg_C_seed2801,reset_noise/scale/frame,43909120,1.0
mg_C_seed2801,reset_noise/scale/frame,44072960,1.0
mg_C_seed2801,reset_noise/scale/frame,44236800,1.0
mg_C_seed2801,reset_noise/scale/frame,44400640,1.0
mg_C_seed2801,reset_noise/scale/frame,44564480,1.0
mg_C_seed2801,reset_noise/scale/frame,44728320,1.0
mg_C_seed2801,reset_noise/scale/frame,44892160,1.0
mg_C_seed2801,reset_noise/scale/frame,45056000,1.0
mg_C_seed2801,reset_noise/scale/frame,45219840,1.0
mg_C_seed2801,reset_noise/scale/frame,45383680,1.0
mg_C_seed2801,reset_noise/scale/frame,45547520,1.0
mg_C_seed2801,reset_noise/scale/frame,45711360,1.0
mg_C_seed2801,reset_noise/scale/frame,45875200,1.0
mg_C_seed2801,reset_noise/scale/frame,46039040,1.0
mg_C_seed2801,reset_noise/scale/frame,46202880,1.0
mg_C_seed2801,reset_noise/scale/frame,46366720,1.0
mg_C_seed2801,reset_noise/scale/frame,46530560,1.0
mg_C_seed2801,reset_noise/scale/frame,46694400,1.0
mg_C_seed2801,reset_noise/scale/frame,46858240,1.0
mg_C_seed2801,reset_noise/scale/frame,47022080,1.0
mg_C_seed2801,reset_noise/scale/frame,47185920,1.0
mg_C_seed2801,reset_noise/scale/frame,47349760,1.0
mg_C_seed2801,reset_noise/scale/frame,47513600,1.0
mg_C_seed2801,reset_noise/scale/frame,47677440,1.0
mg_C_seed2801,reset_noise/scale/frame,47841280,1.0
mg_C_seed2801,reset_noise/scale/frame,48005120,1.0
mg_C_seed2801,reset_noise/scale/frame,48168960,1.0
mg_C_seed2801,reset_noise/scale/frame,48332800,1.0
mg_C_seed2801,reset_noise/scale/frame,48496640,1.0
mg_C_seed2801,reset_noise/scale/frame,48660480,1.0
mg_C_seed2801,reset_noise/scale/frame,48824320,1.0
mg_C_seed2801,reset_noise/scale/frame,48988160,1.0
mg_C_seed2801,reset_noise/scale/frame,49152000,1.0
mg_C_seed2801,reset_noise/scale/frame,49315840,1.0
mg_C_seed2801,reset_noise/scale/frame,49479680,1.0
mg_C_seed2801,reset_noise/scale/frame,49643520,1.0
mg_C_seed2801,reset_noise/scale/frame,49807360,1.0
mg_C_seed2801,reset_noise/scale/frame,49971200,1.0
mg_C_seed2801,reset_noise/scale/frame,50135040,1.0
mg_C_seed2801,reset_noise/scale/frame,50298880,1.0
mg_C_seed2801,reset_noise/scale/frame,50462720,1.0
mg_C_seed2801,reset_noise/scale/frame,50626560,1.0
mg_C_seed2801,reset_noise/scale/frame,50790400,1.0
mg_C_seed2801,reset_noise/scale/frame,50954240,1.0
mg_C_seed2801,reset_noise/scale/frame,51118080,1.0
mg_C_seed2801,reset_noise/scale/frame,51281920,1.0
mg_C_seed2801,reset_noise/scale/frame,51445760,1.0
mg_C_seed2801,reset_noise/scale/frame,51609600,1.0
mg_C_seed2801,reset_noise/scale/frame,51773440,1.0
mg_C_seed2801,reset_noise/scale/frame,51937280,1.0
mg_C_seed2801,reset_noise/scale/frame,52101120,1.0
mg_C_seed2801,reset_noise/scale/frame,52264960,1.0
mg_C_seed2801,reset_noise/scale/frame,52428800,1.0
mg_C_seed2801,reset_noise/scale/frame,52592640,1.0
mg_C_seed2801,reset_noise/scale/frame,52756480,1.0
mg_C_seed2801,reset_noise/scale/frame,52920320,1.0
mg_C_seed2801,reset_noise/scale/frame,53084160,1.0
mg_C_seed2801,reset_noise/scale/frame,53248000,1.0
mg_C_seed2801,reset_noise/scale/frame,53411840,1.0
mg_C_seed2801,reset_noise/scale/frame,53575680,1.0
mg_C_seed2801,reset_noise/scale/frame,53739520,1.0
mg_C_seed2801,reset_noise/scale/frame,53903360,1.0
mg_C_seed2801,reset_noise/scale/frame,54067200,1.0
mg_C_seed2801,reset_noise/scale/frame,54231040,1.0
mg_C_seed2801,reset_noise/scale/frame,54394880,1.0
mg_C_seed2801,reset_noise/scale/frame,54558720,1.0
mg_C_seed2801,reset_noise/scale/frame,54722560,1.0
mg_C_seed2801,reset_noise/scale/frame,54886400,1.0
mg_C_seed2801,reset_noise/scale/frame,55050240,1.0
mg_C_seed2801,reset_noise/scale/frame,55214080,1.0
mg_C_seed2801,reset_noise/scale/frame,55377920,1.0
mg_C_seed2801,reset_noise/scale/frame,55541760,1.0
mg_C_seed2801,reset_noise/scale/frame,55705600,1.0
mg_C_seed2801,reset_noise/scale/frame,55869440,1.0
mg_C_seed2801,reset_noise/scale/frame,56033280,1.0
mg_C_seed2801,reset_noise/scale/frame,56197120,1.0
mg_C_seed2801,reset_noise/scale/frame,56360960,1.0
mg_C_seed2801,reset_noise/scale/frame,56524800,1.0
mg_C_seed2801,reset_noise/scale/frame,56688640,1.0
mg_C_seed2801,reset_noise/scale/frame,56852480,1.0
mg_C_seed2801,reset_noise/scale/frame,57016320,1.0
mg_C_seed2801,reset_noise/scale/frame,57180160,1.0
mg_C_seed2801,reset_noise/scale/frame,57344000,1.0
mg_C_seed2801,reset_noise/scale/frame,57507840,1.0
mg_C_seed2801,reset_noise/scale/frame,57671680,1.0
mg_C_seed2801,reset_noise/scale/frame,57835520,1.0
mg_C_seed2801,reset_noise/scale/frame,57999360,1.0
mg_C_seed2801,reset_noise/scale/frame,58163200,1.0
mg_C_seed2801,reset_noise/scale/frame,58327040,1.0
mg_C_seed2801,reset_noise/scale/frame,58490880,1.0
mg_C_seed2801,reset_noise/scale/frame,58654720,1.0
mg_C_seed2801,reset_noise/scale/frame,58818560,1.0
mg_C_seed2801,reset_noise/scale/frame,58982400,1.0
mg_C_seed2801,reset_noise/scale/frame,59146240,1.0
mg_C_seed2801,reset_noise/scale/frame,59310080,1.0
mg_C_seed2801,reset_noise/scale/frame,59473920,1.0
mg_C_seed2801,reset_noise/scale/frame,59637760,1.0
mg_C_seed2801,reset_noise/scale/frame,59801600,1.0
mg_C_seed2801,reset_noise/scale/frame,59965440,1.0
mg_C_seed2801,reset_noise/scale/frame,60129280,1.0
mg_C_seed2801,reset_noise/scale/frame,60293120,1.0
mg_C_seed2801,reset_noise/scale/frame,60456960,1.0
mg_C_seed2801,reset_noise/scale/frame,60620800,1.0
mg_C_seed2801,reset_noise/scale/frame,60784640,1.0
mg_C_seed2801,reset_noise/scale/frame,60948480,1.0
mg_C_seed2801,reset_noise/scale/frame,61112320,1.0
mg_C_seed2801,reset_noise/scale/frame,61276160,1.0
mg_C_seed2801,reset_noise/scale/frame,61440000,1.0
mg_C_seed2801,reset_noise/scale/frame,61603840,1.0
mg_C_seed2801,reset_noise/scale/frame,61767680,1.0
mg_C_seed2801,reset_noise/scale/frame,61931520,1.0
mg_C_seed2801,reset_noise/scale/frame,62095360,1.0
mg_C_seed2801,reset_noise/scale/frame,62259200,1.0
mg_C_seed2801,reset_noise/scale/frame,62423040,1.0
mg_C_seed2801,reset_noise/scale/frame,62586880,1.0
mg_C_seed2801,reset_noise/scale/frame,62750720,1.0
mg_C_seed2801,reset_noise/scale/frame,62914560,1.0
mg_C_seed2801,reset_noise/scale/frame,63078400,1.0
mg_C_seed2801,reset_noise/scale/frame,63242240,1.0
mg_C_seed2801,reset_noise/scale/frame,63406080,1.0
mg_C_seed2801,reset_noise/scale/frame,63569920,1.0
mg_C_seed2801,reset_noise/scale/frame,63733760,1.0
mg_C_seed2801,reset_noise/scale/frame,63897600,1.0
mg_C_seed2801,reset_noise/scale/frame,64061440,1.0
mg_C_seed2801,reset_noise/scale/frame,64225280,1.0
mg_C_seed2801,reset_noise/scale/frame,64389120,1.0
mg_C_seed2801,reset_noise/scale/frame,64552960,1.0
mg_C_seed2801,reset_noise/scale/frame,64716800,1.0
mg_C_seed2801,reset_noise/scale/frame,64880640,1.0
mg_C_seed2801,reset_noise/scale/frame,65044480,1.0
mg_C_seed2801,reset_noise/scale/frame,65208320,1.0
mg_C_seed2801,reset_noise/scale/frame,65372160,1.0
mg_C_seed2801,reset_noise/scale/frame,65536000,1.0
mg_C_seed2801,reset_noise/scale/frame,65699840,1.0
mg_C_seed2801,reset_noise/scale/frame,65863680,1.0
mg_C_seed2801,reset_noise/scale/frame,66027520,1.0
mg_C_seed2801,reset_noise/scale/frame,66191360,1.0
mg_C_seed2801,reset_noise/scale/frame,66355200,1.0
mg_C_seed2801,reset_noise/scale/frame,66519040,1.0
mg_C_seed2801,reset_noise/scale/frame,66682880,1.0
mg_C_seed2801,reset_noise/scale/frame,66846720,1.0
mg_C_seed2801,reset_noise/scale/frame,67010560,1.0
mg_C_seed2801,reset_noise/scale/frame,67174400,1.0
mg_C_seed2801,reset_noise/scale/frame,67338240,1.0
mg_C_seed2801,reset_noise/scale/frame,67502080,1.0
mg_C_seed2801,reset_noise/scale/frame,67665920,1.0
mg_C_seed2801,reset_noise/scale/frame,67829760,1.0
mg_C_seed2801,reset_noise/scale/frame,67993600,1.0
mg_C_seed2801,reset_noise/scale/frame,68157440,1.0
mg_C_seed2801,reset_noise/scale/frame,68321280,1.0
mg_C_seed2801,reset_noise/scale/frame,68485120,1.0
mg_C_seed2801,reset_noise/scale/frame,68648960,1.0
mg_C_seed2801,reset_noise/scale/frame,68812800,1.0
mg_C_seed2801,reset_noise/scale/frame,68976640,1.0
mg_C_seed2801,reset_noise/scale/frame,69140480,1.0
mg_C_seed2801,reset_noise/scale/frame,69304320,1.0
mg_C_seed2801,reset_noise/scale/frame,69468160,1.0
mg_C_seed2801,reset_noise/scale/frame,69632000,1.0
mg_C_seed2801,reset_noise/scale/frame,69795840,1.0
mg_C_seed2801,reset_noise/scale/frame,69959680,1.0
mg_C_seed2801,reset_noise/scale/frame,70123520,1.0
mg_C_seed2801,reset_noise/scale/frame,70287360,1.0
mg_C_seed2801,reset_noise/scale/frame,70451200,1.0
mg_C_seed2801,reset_noise/scale/frame,70615040,1.0
mg_C_seed2801,reset_noise/scale/frame,70778880,1.0
mg_C_seed2801,reset_noise/scale/frame,70942720,1.0
mg_C_seed2801,reset_noise/scale/frame,71106560,1.0
mg_C_seed2801,reset_noise/scale/frame,71270400,1.0
mg_C_seed2801,reset_noise/scale/frame,71434240,1.0
mg_C_seed2801,reset_noise/scale/frame,71598080,1.0
mg_C_seed2801,reset_noise/scale/frame,71761920,1.0
mg_C_seed2801,reset_noise/scale/frame,71925760,1.0
mg_C_seed2801,reset_noise/scale/frame,72089600,1.0
mg_C_seed2801,reset_noise/scale/frame,72253440,1.0
mg_C_seed2801,reset_noise/scale/frame,72417280,1.0
mg_C_seed2801,reset_noise/scale/frame,72581120,1.0
mg_C_seed2801,reset_noise/scale/frame,72744960,1.0
mg_C_seed2801,reset_noise/scale/frame,72908800,1.0
mg_C_seed2801,reset_noise/scale/frame,73072640,1.0
mg_C_seed2801,reset_noise/scale/frame,73236480,1.0
mg_C_seed2801,reset_noise/scale/frame,73400320,1.0
mg_C_seed2801,reset_noise/scale/frame,73564160,1.0
mg_C_seed2801,reset_noise/scale/frame,73728000,1.0
mg_C_seed2801,reset_noise/scale/frame,73891840,1.0
mg_C_seed2801,reset_noise/scale/frame,74055680,1.0
mg_C_seed2801,reset_noise/scale/frame,74219520,1.0
mg_C_seed2801,reset_noise/scale/frame,74383360,1.0
mg_C_seed2801,reset_noise/scale/frame,74547200,1.0
mg_C_seed2801,reset_noise/scale/frame,74711040,1.0
mg_C_seed2801,reset_noise/scale/frame,74874880,1.0
mg_C_seed2801,reset_noise/scale/frame,75038720,1.0
mg_C_seed2801,reset_noise/scale/frame,75202560,1.0
mg_C_seed2801,reset_noise/scale/frame,75366400,1.0
mg_C_seed2801,reset_noise/scale/frame,75530240,1.0
mg_C_seed2801,reset_noise/scale/frame,75694080,1.0
mg_C_seed2801,reset_noise/scale/frame,75857920,1.0
mg_C_seed2801,reset_noise/scale/frame,76021760,1.0
mg_C_seed2801,reset_noise/scale/frame,76185600,1.0
mg_C_seed2801,reset_noise/scale/frame,76349440,1.0
mg_C_seed2801,reset_noise/scale/frame,76513280,1.0
mg_C_seed2801,reset_noise/scale/frame,76677120,1.0
mg_C_seed2801,reset_noise/scale/frame,76840960,1.0
mg_C_seed2801,reset_noise/scale/frame,77004800,1.0
mg_C_seed2801,reset_noise/scale/frame,77168640,1.0
mg_C_seed2801,reset_noise/scale/frame,77332480,1.0
mg_C_seed2801,reset_noise/scale/frame,77496320,1.0
mg_C_seed2801,reset_noise/scale/frame,77660160,1.0
mg_C_seed2801,reset_noise/scale/frame,77824000,1.0
mg_C_seed2801,reset_noise/scale/frame,77987840,1.0
mg_C_seed2801,reset_noise/scale/frame,78151680,1.0
mg_C_seed2801,reset_noise/scale/frame,78315520,1.0
mg_C_seed2801,reset_noise/scale/frame,78479360,1.0
mg_C_seed2801,reset_noise/scale/frame,78643200,1.0
mg_C_seed2801,reset_noise/scale/frame,78807040,1.0
mg_C_seed2801,reset_noise/scale/frame,78970880,1.0
mg_C_seed2801,reset_noise/scale/frame,79134720,1.0
mg_C_seed2801,reset_noise/scale/frame,79298560,1.0
mg_C_seed2801,reset_noise/scale/frame,79462400,1.0
mg_C_seed2801,reset_noise/scale/frame,79626240,1.0
mg_C_seed2801,reset_noise/scale/frame,79790080,1.0
mg_C_seed2801,reset_noise/scale/frame,79953920,1.0
mg_C_seed2801,reset_noise/scale/frame,80117760,1.0
mg_C_seed2801,reset_noise/scale/frame,80281600,1.0
mg_C_seed2801,reset_noise/scale/frame,80445440,1.0
mg_C_seed2801,reset_noise/scale/frame,80609280,1.0
mg_C_seed2801,reset_noise/scale/frame,80773120,1.0
mg_C_seed2801,reset_noise/scale/frame,80936960,1.0
mg_C_seed2801,reset_noise/scale/frame,81100800,1.0
mg_C_seed2801,reset_noise/scale/frame,81264640,1.0
mg_C_seed2801,reset_noise/scale/frame,81428480,1.0
mg_C_seed2801,reset_noise/scale/frame,81592320,1.0
mg_C_seed2801,reset_noise/scale/frame,81756160,1.0
mg_C_seed2801,reset_noise/scale/frame,81920000,1.0
mg_C_seed2801,reset_noise/scale/frame,82083840,1.0
mg_C_seed2801,reset_noise/scale/frame,82247680,1.0
mg_C_seed2801,reset_noise/scale/frame,82411520,1.0
mg_C_seed2801,reset_noise/scale/frame,82575360,1.0
mg_C_seed2801,reset_noise/scale/frame,82739200,1.0
mg_C_seed2801,reset_noise/scale/frame,82903040,1.0
mg_C_seed2801,reset_noise/scale/frame,83066880,1.0
mg_C_seed2801,reset_noise/scale/frame,83230720,1.0
mg_C_seed2801,reset_noise/scale/frame,83394560,1.0
mg_C_seed2801,reset_noise/scale/frame,83558400,1.0
mg_C_seed2801,reset_noise/scale/frame,83722240,1.0
mg_C_seed2801,reset_noise/scale/frame,83886080,1.0
mg_C_seed2801,reset_noise/scale/frame,84049920,1.0
mg_C_seed2801,reset_noise/scale/frame,84213760,1.0
mg_C_seed2801,reset_noise/scale/frame,84377600,1.0
mg_C_seed2801,reset_noise/scale/frame,84541440,1.0
mg_C_seed2801,reset_noise/scale/frame,84705280,1.0
mg_C_seed2801,reset_noise/scale/frame,84869120,1.0
mg_C_seed2801,reset_noise/scale/frame,85032960,1.0
mg_C_seed2801,reset_noise/scale/frame,85196800,1.0
mg_C_seed2801,reset_noise/scale/frame,85360640,1.0
mg_C_seed2801,reset_noise/scale/frame,85524480,1.0
mg_C_seed2801,reset_noise/scale/frame,85688320,1.0
mg_C_seed2801,reset_noise/scale/frame,85852160,1.0
mg_C_seed2801,reset_noise/scale/frame,86016000,1.0
mg_C_seed2801,reset_noise/scale/frame,86179840,1.0
mg_C_seed2801,reset_noise/scale/frame,86343680,1.0
mg_C_seed2801,reset_noise/scale/frame,86507520,1.0
mg_C_seed2801,reset_noise/scale/frame,86671360,1.0
mg_C_seed2801,reset_noise/scale/frame,86835200,1.0
mg_C_seed2801,reset_noise/scale/frame,86999040,1.0
mg_C_seed2801,reset_noise/scale/frame,87162880,1.0
mg_C_seed2801,reset_noise/scale/frame,87326720,1.0
mg_C_seed2801,reset_noise/scale/frame,87490560,1.0
mg_C_seed2801,reset_noise/scale/frame,87654400,1.0
mg_C_seed2801,reset_noise/scale/frame,87818240,1.0
mg_C_seed2801,reset_noise/scale/frame,87982080,1.0
mg_C_seed2801,reset_noise/scale/frame,88145920,1.0
mg_C_seed2801,reset_noise/scale/frame,88309760,1.0
mg_C_seed2801,reset_noise/scale/frame,88473600,1.0
mg_C_seed2801,reset_noise/scale/frame,88637440,1.0
mg_C_seed2801,reset_noise/scale/frame,88801280,1.0
mg_C_seed2801,reset_noise/scale/frame,88965120,1.0
mg_C_seed2801,reset_noise/scale/frame,89128960,1.0
mg_C_seed2801,reset_noise/scale/frame,89292800,1.0
mg_C_seed2801,reset_noise/scale/frame,89456640,1.0
mg_C_seed2801,reset_noise/scale/frame,89620480,1.0
mg_C_seed2801,reset_noise/scale/frame,89784320,1.0
mg_C_seed2801,reset_noise/scale/frame,89948160,1.0
mg_C_seed2801,reset_noise/scale/frame,90112000,1.0
mg_C_seed2801,reset_noise/scale/frame,90275840,1.0
mg_C_seed2801,reset_noise/scale/frame,90439680,1.0
mg_C_seed2801,reset_noise/scale/frame,90603520,1.0
mg_C_seed2801,reset_noise/scale/frame,90767360,1.0
mg_C_seed2801,reset_noise/scale/frame,90931200,1.0
mg_C_seed2801,reset_noise/scale/frame,91095040,1.0
mg_C_seed2801,reset_noise/scale/frame,91258880,1.0
mg_C_seed2801,reset_noise/scale/frame,91422720,1.0
mg_C_seed2801,reset_noise/scale/frame,91586560,1.0
mg_C_seed2801,reset_noise/scale/frame,91750400,1.0
mg_C_seed2801,reset_noise/scale/frame,91914240,1.0
mg_C_seed2801,reset_noise/scale/frame,92078080,1.0
mg_C_seed2801,reset_noise/scale/frame,92241920,1.0
mg_C_seed2801,reset_noise/scale/frame,92405760,1.0
mg_C_seed2801,reset_noise/scale/frame,92569600,1.0
mg_C_seed2801,reset_noise/scale/frame,92733440,1.0
mg_C_seed2801,reset_noise/scale/frame,92897280,1.0
mg_C_seed2801,reset_noise/scale/frame,93061120,1.0
mg_C_seed2801,reset_noise/scale/frame,93224960,1.0
mg_C_seed2801,reset_noise/scale/frame,93388800,1.0
mg_C_seed2801,reset_noise/scale/frame,93552640,1.0
mg_C_seed2801,reset_noise/scale/frame,93716480,1.0
mg_C_seed2801,reset_noise/scale/frame,93880320,1.0
mg_C_seed2801,reset_noise/scale/frame,94044160,1.0
mg_C_seed2801,reset_noise/scale/frame,94208000,1.0
mg_C_seed2801,reset_noise/scale/frame,94371840,1.0
mg_C_seed2801,reset_noise/scale/frame,94535680,1.0
mg_C_seed2801,reset_noise/scale/frame,94699520,1.0
mg_C_seed2801,reset_noise/scale/frame,94863360,1.0
mg_C_seed2801,reset_noise/scale/frame,95027200,1.0
mg_C_seed2801,reset_noise/scale/frame,95191040,1.0
mg_C_seed2801,reset_noise/scale/frame,95354880,1.0
mg_C_seed2801,reset_noise/scale/frame,95518720,1.0
mg_C_seed2801,reset_noise/scale/frame,95682560,1.0
mg_C_seed2801,reset_noise/scale/frame,95846400,1.0
mg_C_seed2801,reset_noise/scale/frame,96010240,1.0
mg_C_seed2801,reset_noise/scale/frame,96174080,1.0
mg_C_seed2801,reset_noise/scale/frame,96337920,1.0
mg_C_seed2801,reset_noise/scale/frame,96501760,1.0
mg_C_seed2801,reset_noise/scale/frame,96665600,1.0
mg_C_seed2801,reset_noise/scale/frame,96829440,1.0
mg_C_seed2801,reset_noise/scale/frame,96993280,1.0
mg_C_seed2801,reset_noise/scale/frame,97157120,1.0
mg_C_seed2801,reset_noise/scale/frame,97320960,1.0
mg_C_seed2801,reset_noise/scale/frame,97484800,1.0
mg_C_seed2801,reset_noise/scale/frame,97648640,1.0
mg_C_seed2801,reset_noise/scale/frame,97812480,1.0
mg_C_seed2801,reset_noise/scale/frame,97976320,1.0
mg_C_seed2801,reset_noise/scale/frame,98140160,1.0
mg_C_seed2801,reset_noise/scale/frame,98304000,1.0
mg_C_seed2801,reset_noise/scale/frame,98467840,1.0
mg_C_seed2801,reset_noise/scale/frame,98631680,1.0
mg_C_seed2801,reset_noise/scale/frame,98795520,1.0
mg_C_seed2801,reset_noise/scale/frame,98959360,1.0
mg_C_seed2801,reset_noise/scale/frame,99123200,1.0
mg_C_seed2801,reset_noise/scale/frame,99287040,1.0
mg_C_seed2801,reset_noise/scale/frame,99450880,1.0
mg_C_seed2801,reset_noise/scale/frame,99614720,1.0
mg_C_seed2801,reset_noise/scale/frame,99778560,1.0
mg_C_seed2801,reset_noise/scale/frame,99942400,1.0
mg_C_seed2801,reset_noise/scale/frame,100106240,1.0
mg_C_seed2801,reset_noise/scale/frame,100270080,1.0
mg_C_seed2801,reset_noise/scale/frame,100433920,1.0
mg_C_seed2801,reset_noise/scale/frame,100597760,1.0
mg_C_seed2801,reset_noise/scale/frame,100761600,1.0
mg_C_seed2801,reset_noise/scale/frame,100925440,1.0
mg_C_seed2801,reset_noise/scale/frame,101089280,1.0
mg_C_seed2801,reset_noise/scale/frame,101253120,1.0
mg_C_seed2801,reset_noise/scale/frame,101416960,1.0
mg_C_seed2801,reset_noise/scale/frame,101580800,1.0
mg_C_seed2801,reset_noise/scale/frame,101744640,1.0
mg_C_seed2801,reset_noise/scale/frame,101908480,1.0
mg_C_seed2801,reset_noise/scale/frame,102072320,1.0
mg_C_seed2801,reset_noise/scale/frame,102236160,1.0
mg_C_seed2801,reset_noise/scale/frame,102400000,1.0
mg_C_seed2801,reset_noise/scale/frame,102563840,1.0
mg_C_seed2801,reset_noise/scale/frame,102727680,1.0
mg_C_seed2801,reset_noise/scale/frame,102891520,1.0
mg_C_seed2801,reset_noise/scale/frame,103055360,1.0
mg_C_seed2801,reset_noise/scale/frame,103219200,1.0
mg_C_seed2801,reset_noise/scale/frame,103383040,1.0
mg_C_seed2801,reset_noise/scale/frame,103546880,1.0
mg_C_seed2801,reset_noise/scale/frame,103710720,1.0
mg_C_seed2801,reset_noise/scale/frame,103874560,1.0
mg_C_seed2801,reset_noise/scale/frame,104038400,1.0
mg_C_seed2801,reset_noise/scale/frame,104202240,1.0
mg_C_seed2801,reset_noise/scale/frame,104366080,1.0
mg_C_seed2801,reset_noise/scale/frame,104529920,1.0
mg_C_seed2801,reset_noise/scale/frame,104693760,1.0
mg_C_seed2801,reset_noise/scale/frame,104857600,1.0
mg_C_seed2801,reset_noise/scale/frame,105021440,1.0
mg_C_seed2801,reset_noise/scale/frame,105185280,1.0
mg_C_seed2801,reset_noise/scale/frame,105349120,1.0
mg_C_seed2801,reset_noise/scale/frame,105512960,1.0
mg_C_seed2801,reset_noise/scale/frame,105676800,1.0
mg_C_seed2801,reset_noise/scale/frame,105840640,1.0
mg_C_seed2801,reset_noise/scale/frame,106004480,1.0
mg_C_seed2801,reset_noise/scale/frame,106168320,1.0
mg_C_seed2801,reset_noise/scale/frame,106332160,1.0
mg_C_seed2801,reset_noise/scale/frame,106496000,1.0
mg_C_seed2801,reset_noise/scale/frame,106659840,1.0
mg_C_seed2801,reset_noise/scale/frame,106823680,1.0
mg_C_seed2801,reset_noise/scale/frame,106987520,1.0
mg_C_seed2801,reset_noise/scale/frame,107151360,1.0
mg_C_seed2801,reset_noise/scale/frame,107315200,1.0
mg_C_seed2801,reset_noise/scale/frame,107479040,1.0
mg_C_seed2801,reset_noise/scale/frame,107642880,1.0
mg_C_seed2801,reset_noise/scale/frame,107806720,1.0
mg_C_seed2801,reset_noise/scale/frame,107970560,1.0
mg_C_seed2801,reset_noise/scale/frame,108134400,1.0
mg_C_seed2801,reset_noise/scale/frame,108298240,1.0
mg_C_seed2801,reset_noise/scale/frame,108462080,1.0
mg_C_seed2801,reset_noise/scale/frame,108625920,1.0
mg_C_seed2801,reset_noise/scale/frame,108789760,1.0
mg_C_seed2801,reset_noise/scale/frame,108953600,1.0
mg_C_seed2801,reset_noise/scale/frame,109117440,1.0
mg_C_seed2801,reset_noise/scale/frame,109281280,1.0
mg_C_seed2801,reset_noise/scale/frame,109445120,1.0
mg_C_seed2801,reset_noise/scale/frame,109608960,1.0
mg_C_seed2801,reset_noise/scale/frame,109772800,1.0
mg_C_seed2801,reset_noise/scale/frame,109936640,1.0
mg_C_seed2801,reset_noise/scale/frame,110100480,1.0
mg_C_seed2801,reset_noise/scale/frame,110264320,1.0
mg_C_seed2801,reset_noise/scale/frame,110428160,1.0
mg_C_seed2801,reset_noise/scale/frame,110592000,1.0
mg_C_seed2801,reset_noise/scale/frame,110755840,1.0
mg_C_seed2801,reset_noise/scale/frame,110919680,1.0
mg_C_seed2801,reset_noise/scale/frame,111083520,1.0
mg_C_seed2801,reset_noise/scale/frame,111247360,1.0
mg_C_seed2801,reset_noise/scale/frame,111411200,1.0
mg_C_seed2801,reset_noise/scale/frame,111575040,1.0
mg_C_seed2801,reset_noise/scale/frame,111738880,1.0
mg_C_seed2801,reset_noise/scale/frame,111902720,1.0
mg_C_seed2801,reset_noise/scale/frame,112066560,1.0
mg_C_seed2801,reset_noise/scale/frame,112230400,1.0
mg_C_seed2801,reset_noise/scale/frame,112394240,1.0
mg_C_seed2801,reset_noise/scale/frame,112558080,1.0
mg_C_seed2801,reset_noise/scale/frame,112721920,1.0
mg_C_seed2801,reset_noise/scale/frame,112885760,1.0
mg_C_seed2801,reset_noise/scale/frame,113049600,1.0
mg_C_seed2801,reset_noise/scale/frame,113213440,1.0
mg_C_seed2801,reset_noise/scale/frame,113377280,1.0
mg_C_seed2801,reset_noise/scale/frame,113541120,1.0
mg_C_seed2801,reset_noise/scale/frame,113704960,1.0
mg_C_seed2801,reset_noise/scale/frame,113868800,1.0
mg_C_seed2801,reset_noise/scale/frame,114032640,1.0
mg_C_seed2801,reset_noise/scale/frame,114196480,1.0
mg_C_seed2801,reset_noise/scale/frame,114360320,1.0
mg_C_seed2801,reset_noise/scale/frame,114524160,1.0
mg_C_seed2801,reset_noise/scale/frame,114688000,1.0
mg_C_seed2801,reset_noise/scale/frame,114851840,1.0
mg_C_seed2801,reset_noise/scale/frame,115015680,1.0
mg_C_seed2801,reset_noise/scale/frame,115179520,1.0
mg_C_seed2801,reset_noise/scale/frame,115343360,1.0
mg_C_seed2801,reset_noise/scale/frame,115507200,1.0
mg_C_seed2801,reset_noise/scale/frame,115671040,1.0
mg_C_seed2801,reset_noise/scale/frame,115834880,1.0
mg_C_seed2801,reset_noise/scale/frame,115998720,1.0
mg_C_seed2801,reset_noise/scale/frame,116162560,1.0
mg_C_seed2801,reset_noise/scale/frame,116326400,1.0
mg_C_seed2801,reset_noise/scale/frame,116490240,1.0
mg_C_seed2801,reset_noise/scale/frame,116654080,1.0
mg_C_seed2801,reset_noise/scale/frame,116817920,1.0
mg_C_seed2801,reset_noise/scale/frame,116981760,1.0
mg_C_seed2801,reset_noise/scale/frame,117145600,1.0
mg_C_seed2801,reset_noise/scale/frame,117309440,1.0
mg_C_seed2801,reset_noise/scale/frame,117473280,1.0
mg_C_seed2801,reset_noise/scale/frame,117637120,1.0
mg_C_seed2801,reset_noise/scale/frame,117800960,1.0
mg_C_seed2801,reset_noise/scale/frame,117964800,1.0
mg_C_seed2801,reset_noise/scale/frame,118128640,1.0
mg_C_seed2801,reset_noise/scale/frame,118292480,1.0
mg_C_seed2801,reset_noise/scale/frame,118456320,1.0
mg_C_seed2801,reset_noise/scale/frame,118620160,1.0
mg_C_seed2801,reset_noise/scale/frame,118784000,1.0
mg_C_seed2801,reset_noise/scale/frame,118947840,1.0
mg_C_seed2801,reset_noise/scale/frame,119111680,1.0
mg_C_seed2801,reset_noise/scale/frame,119275520,1.0
mg_C_seed2801,reset_noise/scale/frame,119439360,1.0
mg_C_seed2801,reset_noise/scale/frame,119603200,1.0
mg_C_seed2801,reset_noise/scale/frame,119767040,1.0
mg_C_seed2801,reset_noise/scale/frame,119930880,1.0
mg_C_seed2801,reset_noise/scale/frame,120094720,1.0
mg_C_seed2801,reset_noise/scale/frame,120258560,1.0
mg_C_seed2801,reset_noise/scale/frame,120422400,1.0
mg_C_seed2801,reset_noise/scale/frame,120586240,1.0
mg_C_seed2801,reset_noise/scale/frame,120750080,1.0
mg_C_seed2801,reset_noise/scale/frame,120913920,1.0
mg_C_seed2801,reset_noise/scale/frame,121077760,1.0
mg_C_seed2801,reset_noise/scale/frame,121241600,1.0
mg_C_seed2801,reset_noise/scale/frame,121405440,1.0
mg_C_seed2801,reset_noise/scale/frame,121569280,1.0
mg_C_seed2801,reset_noise/scale/frame,121733120,1.0
mg_C_seed2801,reset_noise/scale/frame,121896960,1.0
mg_C_seed2801,reset_noise/scale/frame,122060800,1.0
mg_C_seed2801,reset_noise/scale/frame,122224640,1.0
mg_C_seed2801,reset_noise/scale/frame,122388480,1.0
mg_C_seed2801,reset_noise/scale/frame,122552320,1.0
mg_C_seed2801,reset_noise/scale/frame,122716160,1.0
mg_C_seed2801,reset_noise/scale/frame,122880000,1.0
mg_C_seed2801,reset_noise/scale/frame,123043840,1.0
mg_C_seed2801,reset_noise/scale/frame,123207680,1.0
mg_C_seed2801,reset_noise/scale/frame,123371520,1.0
mg_C_seed2801,reset_noise/scale/frame,123535360,1.0
mg_C_seed2801,reset_noise/scale/frame,123699200,1.0
mg_C_seed2801,reset_noise/scale/frame,123863040,1.0
mg_C_seed2801,reset_noise/scale/frame,124026880,1.0
mg_C_seed2801,reset_noise/scale/frame,124190720,1.0
mg_C_seed2801,reset_noise/scale/frame,124354560,1.0
mg_C_seed2801,reset_noise/scale/frame,124518400,1.0
mg_C_seed2801,reset_noise/scale/frame,124682240,1.0
mg_C_seed2801,reset_noise/scale/frame,124846080,1.0
mg_C_seed2801,reset_noise/scale/frame,125009920,1.0
mg_C_seed2801,reset_noise/scale/frame,125173760,1.0
mg_C_seed2801,reset_noise/scale/frame,125337600,1.0
mg_C_seed2801,reset_noise/scale/frame,125501440,1.0
mg_C_seed2801,reset_noise/scale/frame,125665280,1.0
mg_C_seed2801,reset_noise/scale/frame,125829120,1.0
mg_C_seed2801,reset_noise/scale/frame,125992960,1.0
mg_C_seed2801,reset_noise/scale/frame,126156800,1.0
mg_C_seed2801,reset_noise/scale/frame,126320640,1.0
mg_C_seed2801,reset_noise/scale/frame,126484480,1.0
mg_C_seed2801,reset_noise/scale/frame,126648320,1.0
mg_C_seed2801,reset_noise/scale/frame,126812160,1.0
mg_C_seed2801,reset_noise/scale/frame,126976000,1.0
mg_C_seed2801,reset_noise/scale/frame,127139840,1.0
mg_C_seed2801,reset_noise/scale/frame,127303680,1.0
mg_C_seed2801,reset_noise/scale/frame,127467520,1.0
mg_C_seed2801,reset_noise/scale/frame,127631360,1.0
mg_C_seed2801,reset_noise/scale/frame,127795200,1.0
mg_C_seed2801,reset_noise/scale/frame,127959040,1.0
mg_C_seed2801,reset_noise/scale/frame,128122880,1.0
mg_C_seed2801,reset_noise/scale/frame,128286720,1.0
mg_C_seed2801,reset_noise/scale/frame,128450560,1.0
mg_C_seed2801,reset_noise/scale/frame,128614400,1.0
mg_C_seed2801,reset_noise/scale/frame,128778240,1.0
mg_C_seed2801,reset_noise/scale/frame,128942080,1.0
mg_C_seed2801,reset_noise/scale/frame,129105920,1.0
mg_C_seed2801,reset_noise/scale/frame,129269760,1.0
mg_C_seed2801,reset_noise/scale/frame,129433600,1.0
mg_C_seed2801,reset_noise/scale/frame,129597440,1.0
mg_C_seed2801,reset_noise/scale/frame,129761280,1.0
mg_C_seed2801,reset_noise/scale/frame,129925120,1.0
mg_C_seed2801,reset_noise/scale/frame,130088960,1.0
mg_C_seed2801,reset_noise/scale/frame,130252800,1.0
mg_C_seed2801,reset_noise/scale/frame,130416640,1.0
mg_C_seed2801,reset_noise/scale/frame,130580480,1.0
mg_C_seed2801,reset_noise/scale/frame,130744320,1.0
mg_C_seed2801,reset_noise/scale/frame,130908160,1.0
mg_C_seed2801,reset_noise/scale/frame,131072000,1.0
mg_C_seed2801,reset_noise/scale/frame,131235840,1.0
mg_C_seed2801,reset_noise/scale/frame,131399680,1.0
mg_C_seed2801,reset_noise/scale/frame,131563520,1.0
mg_C_seed2801,reset_noise/scale/frame,131727360,1.0
mg_C_seed2801,reset_noise/scale/frame,131891200,1.0
mg_C_seed2801,reset_noise/scale/frame,132055040,1.0
mg_C_seed2801,reset_noise/scale/frame,132218880,1.0
mg_C_seed2801,reset_noise/scale/frame,132382720,1.0
mg_C_seed2801,reset_noise/scale/frame,132546560,1.0
mg_C_seed2801,reset_noise/scale/frame,132710400,1.0
mg_C_seed2801,reset_noise/scale/frame,132874240,1.0
mg_C_seed2801,reset_noise/scale/frame,133038080,1.0
mg_C_seed2801,reset_noise/scale/frame,133201920,1.0
mg_C_seed2801,reset_noise/scale/frame,133365760,1.0
mg_C_seed2801,reset_noise/scale/frame,133529600,1.0
mg_C_seed2801,reset_noise/scale/frame,133693440,1.0
mg_C_seed2801,reset_noise/scale/frame,133857280,1.0
mg_C_seed2801,reset_noise/scale/frame,134021120,1.0
mg_C_seed2801,reset_noise/scale/frame,134184960,1.0
mg_C_seed2801,reset_noise/scale/frame,134348800,1.0
mg_C_seed2801,reset_noise/scale/frame,134512640,1.0
mg_C_seed2801,reset_noise/scale/frame,134676480,1.0
mg_C_seed2801,reset_noise/scale/frame,134840320,1.0
mg_C_seed2801,reset_noise/scale/frame,135004160,1.0
mg_C_seed2801,reset_noise/scale/frame,135168000,1.0
mg_C_seed2801,reset_noise/scale/frame,135331840,1.0
mg_C_seed2801,reset_noise/scale/frame,135495680,1.0
mg_C_seed2801,reset_noise/scale/frame,135659520,1.0
mg_C_seed2801,reset_noise/scale/frame,135823360,1.0
mg_C_seed2801,reset_noise/scale/frame,135987200,1.0
mg_C_seed2801,reset_noise/scale/frame,136151040,1.0
mg_C_seed2801,reset_noise/scale/frame,136314880,1.0
mg_C_seed2801,reset_noise/scale/frame,136478720,1.0
mg_C_seed2801,reset_noise/scale/frame,136642560,1.0
mg_C_seed2801,reset_noise/scale/frame,136806400,1.0
mg_C_seed2801,reset_noise/scale/frame,136970240,1.0
mg_C_seed2801,reset_noise/scale/frame,137134080,1.0
mg_C_seed2801,reset_noise/scale/frame,137297920,1.0
mg_C_seed2801,reset_noise/scale/frame,137461760,1.0
mg_C_seed2801,reset_noise/scale/frame,137625600,1.0
mg_C_seed2801,reset_noise/scale/frame,137789440,1.0
mg_C_seed2801,reset_noise/scale/frame,137953280,1.0
mg_C_seed2801,reset_noise/scale/frame,138117120,1.0
mg_C_seed2801,reset_noise/scale/frame,138280960,1.0
mg_C_seed2801,reset_noise/scale/frame,138444800,1.0
mg_C_seed2801,reset_noise/scale/frame,138608640,1.0
mg_C_seed2801,reset_noise/scale/frame,138772480,1.0
mg_C_seed2801,reset_noise/scale/frame,138936320,1.0
mg_C_seed2801,reset_noise/scale/frame,139100160,1.0
mg_C_seed2801,reset_noise/scale/frame,139264000,1.0
mg_C_seed2801,reset_noise/scale/frame,139427840,1.0
mg_C_seed2801,reset_noise/scale/frame,139591680,1.0
mg_C_seed2801,reset_noise/scale/frame,139755520,1.0
mg_C_seed2801,reset_noise/scale/frame,139919360,1.0
mg_C_seed2801,reset_noise/scale/frame,140083200,1.0
mg_C_seed2801,reset_noise/scale/frame,140247040,1.0
mg_C_seed2801,reset_noise/scale/frame,140410880,1.0
mg_C_seed2801,reset_noise/scale/frame,140574720,1.0
mg_C_seed2801,reset_noise/scale/frame,140738560,1.0
mg_C_seed2801,reset_noise/scale/frame,140902400,1.0
mg_C_seed2801,reset_noise/scale/frame,141066240,1.0
mg_C_seed2801,reset_noise/scale/frame,141230080,1.0
mg_C_seed2801,reset_noise/scale/frame,141393920,1.0
mg_C_seed2801,reset_noise/scale/frame,141557760,1.0
mg_C_seed2801,reset_noise/scale/frame,141721600,1.0
mg_C_seed2801,reset_noise/scale/frame,141885440,1.0
mg_C_seed2801,reset_noise/scale/frame,142049280,1.0
mg_C_seed2801,reset_noise/scale/frame,142213120,1.0
mg_C_seed2801,reset_noise/scale/frame,142376960,1.0
mg_C_seed2801,reset_noise/scale/frame,142540800,1.0
mg_C_seed2801,reset_noise/scale/frame,142704640,1.0
mg_C_seed2801,reset_noise/scale/frame,142868480,1.0
mg_C_seed2801,reset_noise/scale/frame,143032320,1.0
mg_C_seed2801,reset_noise/scale/frame,143196160,1.0
mg_C_seed2801,reset_noise/scale/frame,143360000,1.0
mg_C_seed2801,reset_noise/scale/frame,143523840,1.0
mg_C_seed2801,reset_noise/scale/frame,143687680,1.0
mg_C_seed2801,reset_noise/scale/frame,143851520,1.0
mg_C_seed2801,reset_noise/scale/frame,144015360,1.0
mg_C_seed2801,reset_noise/scale/frame,144179200,1.0
mg_C_seed2801,reset_noise/scale/frame,144343040,1.0
mg_C_seed2801,reset_noise/scale/frame,144506880,1.0
mg_C_seed2801,reset_noise/scale/frame,144670720,1.0
mg_C_seed2801,reset_noise/scale/frame,144834560,1.0
mg_C_seed2801,reset_noise/scale/frame,144998400,1.0
mg_C_seed2801,reset_noise/scale/frame,145162240,1.0
mg_C_seed2801,reset_noise/scale/frame,145326080,1.0
mg_C_seed2801,reset_noise/scale/frame,145489920,1.0
mg_C_seed2801,reset_noise/scale/frame,145653760,1.0
mg_C_seed2801,reset_noise/scale/frame,145817600,1.0
mg_C_seed2801,reset_noise/scale/frame,145981440,1.0
mg_C_seed2801,reset_noise/scale/frame,146145280,1.0
mg_C_seed2801,reset_noise/scale/frame,146309120,1.0
mg_C_seed2801,reset_noise/scale/frame,146472960,1.0
mg_C_seed2801,reset_noise/scale/frame,146636800,1.0
mg_C_seed2801,reset_noise/scale/frame,146800640,1.0
mg_C_seed2801,reset_noise/scale/frame,146964480,1.0
mg_C_seed2801,reset_noise/scale/frame,147128320,1.0
mg_C_seed2801,reset_noise/scale/frame,147292160,1.0
mg_C_seed2801,reset_noise/scale/frame,147456000,1.0
mg_C_seed2801,reset_noise/scale/frame,147619840,1.0
mg_C_seed2801,reset_noise/scale/frame,147783680,1.0
mg_C_seed2801,reset_noise/scale/frame,147947520,1.0
mg_C_seed2801,reset_noise/scale/frame,148111360,1.0
mg_C_seed2801,reset_noise/scale/frame,148275200,1.0
mg_C_seed2801,reset_noise/scale/frame,148439040,1.0
mg_C_seed2801,reset_noise/scale/frame,148602880,1.0
mg_C_seed2801,reset_noise/scale/frame,148766720,1.0
mg_C_seed2801,reset_noise/scale/frame,148930560,1.0
mg_C_seed2801,reset_noise/scale/frame,149094400,1.0
mg_C_seed2801,reset_noise/scale/frame,149258240,1.0
mg_C_seed2801,reset_noise/scale/frame,149422080,1.0
mg_C_seed2801,reset_noise/scale/frame,149585920,1.0
mg_C_seed2801,reset_noise/scale/frame,149749760,1.0
mg_C_seed2801,reset_noise/scale/frame,149913600,1.0
mg_C_seed2801,reset_noise/scale/frame,150077440,1.0
mg_C_seed2801,reset_noise/scale/frame,150241280,1.0
mg_C_seed2801,reset_noise/scale/frame,150405120,1.0
mg_C_seed2801,reset_noise/scale/frame,150568960,1.0
mg_C_seed2801,reset_noise/scale/frame,150732800,1.0
mg_C_seed2801,reset_noise/scale/frame,150896640,1.0
mg_C_seed2801,reset_noise/scale/frame,151060480,1.0
mg_C_seed2801,reset_noise/scale/frame,151224320,1.0
mg_C_seed2801,reset_noise/scale/frame,151388160,1.0
mg_C_seed2801,reset_noise/scale/frame,151552000,1.0
mg_C_seed2801,reset_noise/scale/frame,151715840,1.0
mg_C_seed2801,reset_noise/scale/frame,151879680,1.0
mg_C_seed2801,reset_noise/scale/frame,152043520,1.0
mg_C_seed2801,reset_noise/scale/frame,152207360,1.0
mg_C_seed2801,reset_noise/scale/frame,152371200,1.0
mg_C_seed2801,reset_noise/scale/frame,152535040,1.0
mg_C_seed2801,reset_noise/scale/frame,152698880,1.0
mg_C_seed2801,reset_noise/scale/frame,152862720,1.0
mg_C_seed2801,reset_noise/scale/frame,153026560,1.0
mg_C_seed2801,reset_noise/scale/frame,153190400,1.0
mg_C_seed2801,reset_noise/scale/frame,153354240,1.0
mg_C_seed2801,reset_noise/scale/frame,153518080,1.0
mg_C_seed2801,reset_noise/scale/frame,153681920,1.0
mg_C_seed2801,reset_noise/scale/frame,153845760,1.0
mg_C_seed2801,reset_noise/scale/frame,154009600,1.0
mg_C_seed2801,reset_noise/scale/frame,154173440,1.0
mg_C_seed2801,reset_noise/scale/frame,154337280,1.0
mg_C_seed2801,reset_noise/scale/frame,154501120,1.0
mg_C_seed2801,reset_noise/scale/frame,154664960,1.0
mg_C_seed2801,reset_noise/scale/frame,154828800,1.0
mg_C_seed2801,reset_noise/scale/frame,154992640,1.0
mg_C_seed2801,reset_noise/scale/frame,155156480,1.0
mg_C_seed2801,reset_noise/scale/frame,155320320,1.0
mg_C_seed2801,reset_noise/scale/frame,155484160,1.0
mg_C_seed2801,reset_noise/scale/frame,155648000,1.0
mg_C_seed2801,reset_noise/scale/frame,155811840,1.0
mg_C_seed2801,reset_noise/scale/frame,155975680,1.0
mg_C_seed2801,reset_noise/scale/frame,156139520,1.0
mg_C_seed2801,reset_noise/scale/frame,156303360,1.0
mg_C_seed2801,reset_noise/scale/frame,156467200,1.0
mg_C_seed2801,reset_noise/scale/frame,156631040,1.0
mg_C_seed2801,reset_noise/scale/frame,156794880,1.0
mg_C_seed2801,reset_noise/scale/frame,156958720,1.0
mg_C_seed2801,reset_noise/scale/frame,157122560,1.0
mg_C_seed2801,reset_noise/scale/frame,157286400,1.0
mg_C_seed2801,reset_noise/scale/frame,157450240,1.0
mg_C_seed2801,reset_noise/scale/frame,157614080,1.0
mg_C_seed2801,reset_noise/scale/frame,157777920,1.0
mg_C_seed2801,reset_noise/scale/frame,157941760,1.0
mg_C_seed2801,reset_noise/scale/frame,158105600,1.0
mg_C_seed2801,reset_noise/scale/frame,158269440,1.0
mg_C_seed2801,reset_noise/scale/frame,158433280,1.0
mg_C_seed2801,reset_noise/scale/frame,158597120,1.0
mg_C_seed2801,reset_noise/scale/frame,158760960,1.0
mg_C_seed2801,reset_noise/scale/frame,158924800,1.0
mg_C_seed2801,reset_noise/scale/frame,159088640,1.0
mg_C_seed2801,reset_noise/scale/frame,159252480,1.0
mg_C_seed2801,reset_noise/scale/frame,159416320,1.0
mg_C_seed2801,reset_noise/scale/frame,159580160,1.0
mg_C_seed2801,reset_noise/scale/frame,159744000,1.0
mg_C_seed2801,reset_noise/scale/frame,159907840,1.0
mg_C_seed2801,reset_noise/scale/frame,160071680,1.0
mg_C_seed2801,reset_noise/scale/frame,160235520,1.0
mg_C_seed2801,reset_noise/scale/frame,160399360,1.0
mg_C_seed2801,reset_noise/scale/frame,160563200,1.0
mg_C_seed2801,reset_noise/scale/frame,160727040,1.0
mg_C_seed2801,reset_noise/scale/frame,160890880,1.0
mg_C_seed2801,reset_noise/scale/frame,161054720,1.0
mg_C_seed2801,reset_noise/scale/frame,161218560,1.0
mg_C_seed2801,reset_noise/scale/frame,161382400,1.0
mg_C_seed2801,reset_noise/scale/frame,161546240,1.0
mg_C_seed2801,reset_noise/scale/frame,161710080,1.0
mg_C_seed2801,reset_noise/scale/frame,161873920,1.0
mg_C_seed2801,reset_noise/scale/frame,162037760,1.0
mg_C_seed2801,reset_noise/scale/frame,162201600,1.0
mg_C_seed2801,reset_noise/scale/frame,162365440,1.0
mg_C_seed2801,reset_noise/scale/frame,162529280,1.0
mg_C_seed2801,reset_noise/scale/frame,162693120,1.0
mg_C_seed2801,reset_noise/scale/frame,162856960,1.0
mg_C_seed2801,reset_noise/scale/frame,163020800,1.0
mg_C_seed2801,reset_noise/scale/frame,163184640,1.0
mg_C_seed2801,reset_noise/scale/frame,163348480,1.0
mg_C_seed2801,reset_noise/scale/frame,163512320,1.0
mg_C_seed2801,reset_noise/scale/frame,163676160,1.0
mg_C_seed2801,reset_noise/scale/frame,163840000,1.0
mg_C_seed2801,reward_curriculum/progress/frame,163840,0.0
mg_C_seed2801,reward_curriculum/progress/frame,327680,0.0
mg_C_seed2801,reward_curriculum/progress/frame,491520,0.0
mg_C_seed2801,reward_curriculum/progress/frame,655360,0.0
mg_C_seed2801,reward_curriculum/progress/frame,819200,0.0
mg_C_seed2801,reward_curriculum/progress/frame,983040,0.0
mg_C_seed2801,reward_curriculum/progress/frame,1146880,0.0
mg_C_seed2801,reward_curriculum/progress/frame,1310720,0.0
mg_C_seed2801,reward_curriculum/progress/frame,1474560,0.0
mg_C_seed2801,reward_curriculum/progress/frame,1638400,0.0
mg_C_seed2801,reward_curriculum/progress/frame,1802240,0.0
mg_C_seed2801,reward_curriculum/progress/frame,1966080,0.0
mg_C_seed2801,reward_curriculum/progress/frame,2129920,0.0
mg_C_seed2801,reward_curriculum/progress/frame,2293760,0.0
mg_C_seed2801,reward_curriculum/progress/frame,2457600,0.0
mg_C_seed2801,reward_curriculum/progress/frame,2621440,0.0
mg_C_seed2801,reward_curriculum/progress/frame,2785280,0.0
mg_C_seed2801,reward_curriculum/progress/frame,2949120,0.0
mg_C_seed2801,reward_curriculum/progress/frame,3112960,0.0
mg_C_seed2801,reward_curriculum/progress/frame,3276800,0.0
mg_C_seed2801,reward_curriculum/progress/frame,3440640,0.0
mg_C_seed2801,reward_curriculum/progress/frame,3604480,0.0
mg_C_seed2801,reward_curriculum/progress/frame,3768320,0.0
mg_C_seed2801,reward_curriculum/progress/frame,3932160,0.0
mg_C_seed2801,reward_curriculum/progress/frame,4096000,0.0
mg_C_seed2801,reward_curriculum/progress/frame,4259840,0.0
mg_C_seed2801,reward_curriculum/progress/frame,4423680,0.0
mg_C_seed2801,reward_curriculum/progress/frame,4587520,0.0
mg_C_seed2801,reward_curriculum/progress/frame,4751360,0.0
mg_C_seed2801,reward_curriculum/progress/frame,4915200,0.0
mg_C_seed2801,reward_curriculum/progress/frame,5079040,0.0
mg_C_seed2801,reward_curriculum/progress/frame,5242880,0.0
mg_C_seed2801,reward_curriculum/progress/frame,5406720,0.0
mg_C_seed2801,reward_curriculum/progress/frame,5570560,0.0
mg_C_seed2801,reward_curriculum/progress/frame,5734400,0.0
mg_C_seed2801,reward_curriculum/progress/frame,5898240,0.0
mg_C_seed2801,reward_curriculum/progress/frame,6062080,0.0
mg_C_seed2801,reward_curriculum/progress/frame,6225920,0.0
mg_C_seed2801,reward_curriculum/progress/frame,6389760,0.0
mg_C_seed2801,reward_curriculum/progress/frame,6553600,0.0
mg_C_seed2801,reward_curriculum/progress/frame,6717440,0.0
mg_C_seed2801,reward_curriculum/progress/frame,6881280,0.0
mg_C_seed2801,reward_curriculum/progress/frame,7045120,0.0
mg_C_seed2801,reward_curriculum/progress/frame,7208960,0.0
mg_C_seed2801,reward_curriculum/progress/frame,7372800,0.0
mg_C_seed2801,reward_curriculum/progress/frame,7536640,0.0
mg_C_seed2801,reward_curriculum/progress/frame,7700480,0.0
mg_C_seed2801,reward_curriculum/progress/frame,7864320,0.0
mg_C_seed2801,reward_curriculum/progress/frame,8028160,0.0
mg_C_seed2801,reward_curriculum/progress/frame,8192000,0.0
mg_C_seed2801,reward_curriculum/progress/frame,8355840,0.0
mg_C_seed2801,reward_curriculum/progress/frame,8519680,0.0
mg_C_seed2801,reward_curriculum/progress/frame,8683520,0.0
mg_C_seed2801,reward_curriculum/progress/frame,8847360,0.0
mg_C_seed2801,reward_curriculum/progress/frame,9011200,0.0
mg_C_seed2801,reward_curriculum/progress/frame,9175040,0.0
mg_C_seed2801,reward_curriculum/progress/frame,9338880,0.0
mg_C_seed2801,reward_curriculum/progress/frame,9502720,0.0
mg_C_seed2801,reward_curriculum/progress/frame,9666560,0.0
mg_C_seed2801,reward_curriculum/progress/frame,9830400,0.0
mg_C_seed2801,reward_curriculum/progress/frame,9994240,0.0
mg_C_seed2801,reward_curriculum/progress/frame,10158080,0.0
mg_C_seed2801,reward_curriculum/progress/frame,10321920,0.0
mg_C_seed2801,reward_curriculum/progress/frame,10485760,0.0
mg_C_seed2801,reward_curriculum/progress/frame,10649600,0.0
mg_C_seed2801,reward_curriculum/progress/frame,10813440,0.0
mg_C_seed2801,reward_curriculum/progress/frame,10977280,0.0
mg_C_seed2801,reward_curriculum/progress/frame,11141120,0.0
mg_C_seed2801,reward_curriculum/progress/frame,11304960,0.0
mg_C_seed2801,reward_curriculum/progress/frame,11468800,0.0
mg_C_seed2801,reward_curriculum/progress/frame,11632640,0.0
mg_C_seed2801,reward_curriculum/progress/frame,11796480,0.0
mg_C_seed2801,reward_curriculum/progress/frame,11960320,0.0
mg_C_seed2801,reward_curriculum/progress/frame,12124160,0.0
mg_C_seed2801,reward_curriculum/progress/frame,12288000,0.0
mg_C_seed2801,reward_curriculum/progress/frame,12451840,0.0
mg_C_seed2801,reward_curriculum/progress/frame,12615680,0.0
mg_C_seed2801,reward_curriculum/progress/frame,12779520,0.0
mg_C_seed2801,reward_curriculum/progress/frame,12943360,0.0
mg_C_seed2801,reward_curriculum/progress/frame,13107200,0.0
mg_C_seed2801,reward_curriculum/progress/frame,13271040,0.0
mg_C_seed2801,reward_curriculum/progress/frame,13434880,0.0
mg_C_seed2801,reward_curriculum/progress/frame,13598720,0.0
mg_C_seed2801,reward_curriculum/progress/frame,13762560,0.0
mg_C_seed2801,reward_curriculum/progress/frame,13926400,0.0
mg_C_seed2801,reward_curriculum/progress/frame,14090240,0.0
mg_C_seed2801,reward_curriculum/progress/frame,14254080,0.0
mg_C_seed2801,reward_curriculum/progress/frame,14417920,0.0
mg_C_seed2801,reward_curriculum/progress/frame,14581760,0.0
mg_C_seed2801,reward_curriculum/progress/frame,14745600,0.0
mg_C_seed2801,reward_curriculum/progress/frame,14909440,0.0
mg_C_seed2801,reward_curriculum/progress/frame,15073280,0.0
mg_C_seed2801,reward_curriculum/progress/frame,15237120,0.0
mg_C_seed2801,reward_curriculum/progress/frame,15400960,0.0
mg_C_seed2801,reward_curriculum/progress/frame,15564800,0.0
mg_C_seed2801,reward_curriculum/progress/frame,15728640,0.0
mg_C_seed2801,reward_curriculum/progress/frame,15892480,0.0
mg_C_seed2801,reward_curriculum/progress/frame,16056320,0.0
mg_C_seed2801,reward_curriculum/progress/frame,16220160,0.0
mg_C_seed2801,reward_curriculum/progress/frame,16384000,0.0
mg_C_seed2801,reward_curriculum/progress/frame,16547840,0.0
mg_C_seed2801,reward_curriculum/progress/frame,16711680,0.0
mg_C_seed2801,reward_curriculum/progress/frame,16875520,0.0
mg_C_seed2801,reward_curriculum/progress/frame,17039360,0.0
mg_C_seed2801,reward_curriculum/progress/frame,17203200,0.0
mg_C_seed2801,reward_curriculum/progress/frame,17367040,0.0
mg_C_seed2801,reward_curriculum/progress/frame,17530880,0.0
mg_C_seed2801,reward_curriculum/progress/frame,17694720,0.0
mg_C_seed2801,reward_curriculum/progress/frame,17858560,0.0
mg_C_seed2801,reward_curriculum/progress/frame,18022400,0.0
mg_C_seed2801,reward_curriculum/progress/frame,18186240,0.0
mg_C_seed2801,reward_curriculum/progress/frame,18350080,0.0
mg_C_seed2801,reward_curriculum/progress/frame,18513920,0.0
mg_C_seed2801,reward_curriculum/progress/frame,18677760,0.0
mg_C_seed2801,reward_curriculum/progress/frame,18841600,0.0
mg_C_seed2801,reward_curriculum/progress/frame,19005440,0.0
mg_C_seed2801,reward_curriculum/progress/frame,19169280,0.0
mg_C_seed2801,reward_curriculum/progress/frame,19333120,0.0
mg_C_seed2801,reward_curriculum/progress/frame,19496960,0.0
mg_C_seed2801,reward_curriculum/progress/frame,19660800,0.0
mg_C_seed2801,reward_curriculum/progress/frame,19824640,0.0
mg_C_seed2801,reward_curriculum/progress/frame,19988480,0.0
mg_C_seed2801,reward_curriculum/progress/frame,20152320,0.0
mg_C_seed2801,reward_curriculum/progress/frame,20316160,0.0
mg_C_seed2801,reward_curriculum/progress/frame,20480000,0.0
mg_C_seed2801,reward_curriculum/progress/frame,20643840,0.0
mg_C_seed2801,reward_curriculum/progress/frame,20807680,0.0
mg_C_seed2801,reward_curriculum/progress/frame,20971520,0.0
mg_C_seed2801,reward_curriculum/progress/frame,21135360,0.0
mg_C_seed2801,reward_curriculum/progress/frame,21299200,0.0
mg_C_seed2801,reward_curriculum/progress/frame,21463040,0.0
mg_C_seed2801,reward_curriculum/progress/frame,21626880,0.0
mg_C_seed2801,reward_curriculum/progress/frame,21790720,0.0
mg_C_seed2801,reward_curriculum/progress/frame,21954560,0.0
mg_C_seed2801,reward_curriculum/progress/frame,22118400,0.0
mg_C_seed2801,reward_curriculum/progress/frame,22282240,0.0
mg_C_seed2801,reward_curriculum/progress/frame,22446080,0.0
mg_C_seed2801,reward_curriculum/progress/frame,22609920,0.0
mg_C_seed2801,reward_curriculum/progress/frame,22773760,0.0
mg_C_seed2801,reward_curriculum/progress/frame,22937600,0.0
mg_C_seed2801,reward_curriculum/progress/frame,23101440,0.0
mg_C_seed2801,reward_curriculum/progress/frame,23265280,0.0
mg_C_seed2801,reward_curriculum/progress/frame,23429120,0.0
mg_C_seed2801,reward_curriculum/progress/frame,23592960,0.0
mg_C_seed2801,reward_curriculum/progress/frame,23756800,0.0
mg_C_seed2801,reward_curriculum/progress/frame,23920640,0.0
mg_C_seed2801,reward_curriculum/progress/frame,24084480,0.0
mg_C_seed2801,reward_curriculum/progress/frame,24248320,0.0
mg_C_seed2801,reward_curriculum/progress/frame,24412160,0.0
mg_C_seed2801,reward_curriculum/progress/frame,24576000,0.0
mg_C_seed2801,reward_curriculum/progress/frame,24739840,0.0
mg_C_seed2801,reward_curriculum/progress/frame,24903680,0.0
mg_C_seed2801,reward_curriculum/progress/frame,25067520,0.0
mg_C_seed2801,reward_curriculum/progress/frame,25231360,0.0
mg_C_seed2801,reward_curriculum/progress/frame,25395200,0.0
mg_C_seed2801,reward_curriculum/progress/frame,25559040,0.0
mg_C_seed2801,reward_curriculum/progress/frame,25722880,0.0
mg_C_seed2801,reward_curriculum/progress/frame,25886720,0.0
mg_C_seed2801,reward_curriculum/progress/frame,26050560,0.0
mg_C_seed2801,reward_curriculum/progress/frame,26214400,0.0
mg_C_seed2801,reward_curriculum/progress/frame,26378240,0.0
mg_C_seed2801,reward_curriculum/progress/frame,26542080,0.0
mg_C_seed2801,reward_curriculum/progress/frame,26705920,0.0
mg_C_seed2801,reward_curriculum/progress/frame,26869760,0.0
mg_C_seed2801,reward_curriculum/progress/frame,27033600,0.0
mg_C_seed2801,reward_curriculum/progress/frame,27197440,0.0
mg_C_seed2801,reward_curriculum/progress/frame,27361280,0.0
mg_C_seed2801,reward_curriculum/progress/frame,27525120,0.0
mg_C_seed2801,reward_curriculum/progress/frame,27688960,0.0
mg_C_seed2801,reward_curriculum/progress/frame,27852800,0.0
mg_C_seed2801,reward_curriculum/progress/frame,28016640,0.0
mg_C_seed2801,reward_curriculum/progress/frame,28180480,0.0
mg_C_seed2801,reward_curriculum/progress/frame,28344320,0.0
mg_C_seed2801,reward_curriculum/progress/frame,28508160,0.0
mg_C_seed2801,reward_curriculum/progress/frame,28672000,0.0
mg_C_seed2801,reward_curriculum/progress/frame,28835840,0.0
mg_C_seed2801,reward_curriculum/progress/frame,28999680,0.0
mg_C_seed2801,reward_curriculum/progress/frame,29163520,0.0
mg_C_seed2801,reward_curriculum/progress/frame,29327360,0.0
mg_C_seed2801,reward_curriculum/progress/frame,29491200,0.0
mg_C_seed2801,reward_curriculum/progress/frame,29655040,0.0
mg_C_seed2801,reward_curriculum/progress/frame,29818880,0.0
mg_C_seed2801,reward_curriculum/progress/frame,29982720,0.0
mg_C_seed2801,reward_curriculum/progress/frame,30146560,0.0
mg_C_seed2801,reward_curriculum/progress/frame,30310400,0.0
mg_C_seed2801,reward_curriculum/progress/frame,30474240,0.0
mg_C_seed2801,reward_curriculum/progress/frame,30638080,0.0
mg_C_seed2801,reward_curriculum/progress/frame,30801920,0.0
mg_C_seed2801,reward_curriculum/progress/frame,30965760,0.0
mg_C_seed2801,reward_curriculum/progress/frame,31129600,0.0
mg_C_seed2801,reward_curriculum/progress/frame,31293440,0.0
mg_C_seed2801,reward_curriculum/progress/frame,31457280,0.0
mg_C_seed2801,reward_curriculum/progress/frame,31621120,0.0
mg_C_seed2801,reward_curriculum/progress/frame,31784960,0.0
mg_C_seed2801,reward_curriculum/progress/frame,31948800,0.0
mg_C_seed2801,reward_curriculum/progress/frame,32112640,0.0
mg_C_seed2801,reward_curriculum/progress/frame,32276480,0.0
mg_C_seed2801,reward_curriculum/progress/frame,32440320,0.0
mg_C_seed2801,reward_curriculum/progress/frame,32604160,0.0
mg_C_seed2801,reward_curriculum/progress/frame,32768000,0.0
mg_C_seed2801,reward_curriculum/progress/frame,32931840,0.0005555555690079927
mg_C_seed2801,reward_curriculum/progress/frame,33095680,0.0011111111380159855
mg_C_seed2801,reward_curriculum/progress/frame,33259520,0.0016666667070239782
mg_C_seed2801,reward_curriculum/progress/frame,33423360,0.002222222276031971
mg_C_seed2801,reward_curriculum/progress/frame,33587200,0.0027777778450399637
mg_C_seed2801,reward_curriculum/progress/frame,33751040,0.0033333334140479565
mg_C_seed2801,reward_curriculum/progress/frame,33914880,0.003888888983055949
mg_C_seed2801,reward_curriculum/progress/frame,34078720,0.004444444552063942
mg_C_seed2801,reward_curriculum/progress/frame,34242560,0.004999999888241291
mg_C_seed2801,reward_curriculum/progress/frame,34406400,0.0055555556900799274
mg_C_seed2801,reward_curriculum/progress/frame,34570240,0.0061111110262572765
mg_C_seed2801,reward_curriculum/progress/frame,34734080,0.006666666828095913
mg_C_seed2801,reward_curriculum/progress/frame,34897920,0.007222222164273262
mg_C_seed2801,reward_curriculum/progress/frame,35061760,0.007777777966111898
mg_C_seed2801,reward_curriculum/progress/frame,35225600,0.008333333767950535
mg_C_seed2801,reward_curriculum/progress/frame,35389440,0.008888889104127884
mg_C_seed2801,reward_curriculum/progress/frame,35553280,0.009444444440305233
mg_C_seed2801,reward_curriculum/progress/frame,35717120,0.009999999776482582
mg_C_seed2801,reward_curriculum/progress/frame,35880960,0.010555555112659931
mg_C_seed2801,reward_curriculum/progress/frame,36044800,0.011111111380159855
mg_C_seed2801,reward_curriculum/progress/frame,36208640,0.011666666716337204
mg_C_seed2801,reward_curriculum/progress/frame,36372480,0.012222222052514553
mg_C_seed2801,reward_curriculum/progress/frame,36536320,0.012777777388691902
mg_C_seed2801,reward_curriculum/progress/frame,36700160,0.013333333656191826
mg_C_seed2801,reward_curriculum/progress/frame,36864000,0.013888888992369175
mg_C_seed2801,reward_curriculum/progress/frame,37027840,0.014444444328546524
mg_C_seed2801,reward_curriculum/progress/frame,37191680,0.014999999664723873
mg_C_seed2801,reward_curriculum/progress/frame,37355520,0.015555555932223797
mg_C_seed2801,reward_curriculum/progress/frame,37519360,0.016111111268401146
mg_C_seed2801,reward_curriculum/progress/frame,37683200,0.01666666753590107
mg_C_seed2801,reward_curriculum/progress/frame,37847040,0.017222221940755844
mg_C_seed2801,reward_curriculum/progress/frame,38010880,0.017777778208255768
mg_C_seed2801,reward_curriculum/progress/frame,38174720,0.018333332613110542
mg_C_seed2801,reward_curriculum/progress/frame,38338560,0.018888888880610466
mg_C_seed2801,reward_curriculum/progress/frame,38502400,0.01944444514811039
mg_C_seed2801,reward_curriculum/progress/frame,38666240,0.019999999552965164
mg_C_seed2801,reward_curriculum/progress/frame,38830080,0.020555555820465088
mg_C_seed2801,reward_curriculum/progress/frame,38993920,0.021111110225319862
mg_C_seed2801,reward_curriculum/progress/frame,39157760,0.021666666492819786
mg_C_seed2801,reward_curriculum/progress/frame,39321600,0.02222222276031971
mg_C_seed2801,reward_curriculum/progress/frame,39485440,0.022777777165174484
mg_C_seed2801,reward_curriculum/progress/frame,39649280,0.023333333432674408
mg_C_seed2801,reward_curriculum/progress/frame,39813120,0.02388888970017433
mg_C_seed2801,reward_curriculum/progress/frame,39976960,0.024444444105029106
mg_C_seed2801,reward_curriculum/progress/frame,40140800,0.02500000037252903
mg_C_seed2801,reward_curriculum/progress/frame,40304640,0.025555554777383804
mg_C_seed2801,reward_curriculum/progress/frame,40468480,0.026111111044883728
mg_C_seed2801,reward_curriculum/progress/frame,40632320,0.02666666731238365
mg_C_seed2801,reward_curriculum/progress/frame,40796160,0.027222221717238426
mg_C_seed2801,reward_curriculum/progress/frame,40960000,0.02777777798473835
mg_C_seed2801,reward_curriculum/progress/frame,41123840,0.028333334252238274
mg_C_seed2801,reward_curriculum/progress/frame,41287680,0.028888888657093048
mg_C_seed2801,reward_curriculum/progress/frame,41451520,0.029444444924592972
mg_C_seed2801,reward_curriculum/progress/frame,41615360,0.029999999329447746
mg_C_seed2801,reward_curriculum/progress/frame,41779200,0.03055555559694767
mg_C_seed2801,reward_curriculum/progress/frame,41943040,0.031111111864447594
mg_C_seed2801,reward_curriculum/progress/frame,42106880,0.03166666626930237
mg_C_seed2801,reward_curriculum/progress/frame,42270720,0.03222222253680229
mg_C_seed2801,reward_curriculum/progress/frame,42434560,0.032777778804302216
mg_C_seed2801,reward_curriculum/progress/frame,42598400,0.03333333507180214
mg_C_seed2801,reward_curriculum/progress/frame,42762240,0.033888887614011765
mg_C_seed2801,reward_curriculum/progress/frame,42926080,0.03444444388151169
mg_C_seed2801,reward_curriculum/progress/frame,43089920,0.03500000014901161
mg_C_seed2801,reward_curriculum/progress/frame,43253760,0.035555556416511536
mg_C_seed2801,reward_curriculum/progress/frame,43417600,0.03611111268401146
mg_C_seed2801,reward_curriculum/progress/frame,43581440,0.036666665226221085
mg_C_seed2801,reward_curriculum/progress/frame,43745280,0.03722222149372101
mg_C_seed2801,reward_curriculum/progress/frame,43909120,0.03777777776122093
mg_C_seed2801,reward_curriculum/progress/frame,44072960,0.038333334028720856
mg_C_seed2801,reward_curriculum/progress/frame,44236800,0.03888889029622078
mg_C_seed2801,reward_curriculum/progress/frame,44400640,0.039444442838430405
mg_C_seed2801,reward_curriculum/progress/frame,44564480,0.03999999910593033
mg_C_seed2801,reward_curriculum/progress/frame,44728320,0.04055555537343025
mg_C_seed2801,reward_curriculum/progress/frame,44892160,0.041111111640930176
mg_C_seed2801,reward_curriculum/progress/frame,45056000,0.0416666679084301
mg_C_seed2801,reward_curriculum/progress/frame,45219840,0.042222220450639725
mg_C_seed2801,reward_curriculum/progress/frame,45383680,0.04277777671813965
mg_C_seed2801,reward_curriculum/progress/frame,45547520,0.04333333298563957
mg_C_seed2801,reward_curriculum/progress/frame,45711360,0.043888889253139496
mg_C_seed2801,reward_curriculum/progress/frame,45875200,0.04444444552063942
mg_C_seed2801,reward_curriculum/progress/frame,46039040,0.04500000178813934
mg_C_seed2801,reward_curriculum/progress/frame,46202880,0.04555555433034897
mg_C_seed2801,reward_curriculum/progress/frame,46366720,0.04611111059784889
mg_C_seed2801,reward_curriculum/progress/frame,46530560,0.046666666865348816
mg_C_seed2801,reward_curriculum/progress/frame,46694400,0.04722222313284874
mg_C_seed2801,reward_curriculum/progress/frame,46858240,0.04777777940034866
mg_C_seed2801,reward_curriculum/progress/frame,47022080,0.04833333194255829
mg_C_seed2801,reward_curriculum/progress/frame,47185920,0.04888888821005821
mg_C_seed2801,reward_curriculum/progress/frame,47349760,0.049444444477558136
mg_C_seed2801,reward_curriculum/progress/frame,47513600,0.05000000074505806
mg_C_seed2801,reward_curriculum/progress/frame,47677440,0.05055555701255798
mg_C_seed2801,reward_curriculum/progress/frame,47841280,0.05111110955476761
mg_C_seed2801,reward_curriculum/progress/frame,48005120,0.05166666582226753
mg_C_seed2801,reward_curriculum/progress/frame,48168960,0.052222222089767456
mg_C_seed2801,reward_curriculum/progress/frame,48332800,0.05277777835726738
mg_C_seed2801,reward_curriculum/progress/frame,48496640,0.0533333346247673
mg_C_seed2801,reward_curriculum/progress/frame,48660480,0.05388888716697693
mg_C_seed2801,reward_curriculum/progress/frame,48824320,0.05444444343447685
mg_C_seed2801,reward_curriculum/progress/frame,48988160,0.054999999701976776
mg_C_seed2801,reward_curriculum/progress/frame,49152000,0.0555555559694767
mg_C_seed2801,reward_curriculum/progress/frame,49315840,0.056111112236976624
mg_C_seed2801,reward_curriculum/progress/frame,49479680,0.05666666850447655
mg_C_seed2801,reward_curriculum/progress/frame,49643520,0.05722222104668617
mg_C_seed2801,reward_curriculum/progress/frame,49807360,0.057777777314186096
mg_C_seed2801,reward_curriculum/progress/frame,49971200,0.05833333358168602
mg_C_seed2801,reward_curriculum/progress/frame,50135040,0.058888889849185944
mg_C_seed2801,reward_curriculum/progress/frame,50298880,0.05944444611668587
mg_C_seed2801,reward_curriculum/progress/frame,50462720,0.05999999865889549
mg_C_seed2801,reward_curriculum/progress/frame,50626560,0.060555554926395416
mg_C_seed2801,reward_curriculum/progress/frame,50790400,0.06111111119389534
mg_C_seed2801,reward_curriculum/progress/frame,50954240,0.061666667461395264
mg_C_seed2801,reward_curriculum/progress/frame,51118080,0.06222222372889519
mg_C_seed2801,reward_curriculum/progress/frame,51281920,0.06277777999639511
mg_C_seed2801,reward_curriculum/progress/frame,51445760,0.06333333253860474
mg_C_seed2801,reward_curriculum/progress/frame,51609600,0.06388889253139496
mg_C_seed2801,reward_curriculum/progress/frame,51773440,0.06444444507360458
mg_C_seed2801,reward_curriculum/progress/frame,51937280,0.06499999761581421
mg_C_seed2801,reward_curriculum/progress/frame,52101120,0.06555555760860443
mg_C_seed2801,reward_curriculum/progress/frame,52264960,0.06611111015081406
mg_C_seed2801,reward_curriculum/progress/frame,52428800,0.06666667014360428
mg_C_seed2801,reward_curriculum/progress/frame,52592640,0.0672222226858139
mg_C_seed2801,reward_curriculum/progress/frame,52756480,0.06777777522802353
mg_C_seed2801,reward_curriculum/progress/frame,52920320,0.06833333522081375
mg_C_seed2801,reward_curriculum/progress/frame,53084160,0.06888888776302338
mg_C_seed2801,reward_curriculum/progress/frame,53248000,0.0694444477558136
mg_C_seed2801,reward_curriculum/progress/frame,53411840,0.07000000029802322
mg_C_seed2801,reward_curriculum/progress/frame,53575680,0.07055555284023285
mg_C_seed2801,reward_curriculum/progress/frame,53739520,0.07111111283302307
mg_C_seed2801,reward_curriculum/progress/frame,53903360,0.0716666653752327
mg_C_seed2801,reward_curriculum/progress/frame,54067200,0.07222222536802292
mg_C_seed2801,reward_curriculum/progress/frame,54231040,0.07277777791023254
mg_C_seed2801,reward_curriculum/progress/frame,54394880,0.07333333045244217
mg_C_seed2801,reward_curriculum/progress/frame,54558720,0.07388889044523239
mg_C_seed2801,reward_curriculum/progress/frame,54722560,0.07444444298744202
mg_C_seed2801,reward_curriculum/progress/frame,54886400,0.07500000298023224
mg_C_seed2801,reward_curriculum/progress/frame,55050240,0.07555555552244186
mg_C_seed2801,reward_curriculum/progress/frame,55214080,0.07611110806465149
mg_C_seed2801,reward_curriculum/progress/frame,55377920,0.07666666805744171
mg_C_seed2801,reward_curriculum/progress/frame,55541760,0.07722222059965134
mg_C_seed2801,reward_curriculum/progress/frame,55705600,0.07777778059244156
mg_C_seed2801,reward_curriculum/progress/frame,55869440,0.07833333313465118
mg_C_seed2801,reward_curriculum/progress/frame,56033280,0.07888888567686081
mg_C_seed2801,reward_curriculum/progress/frame,56197120,0.07944444566965103
mg_C_seed2801,reward_curriculum/progress/frame,56360960,0.07999999821186066
mg_C_seed2801,reward_curriculum/progress/frame,56524800,0.08055555820465088
mg_C_seed2801,reward_curriculum/progress/frame,56688640,0.0811111107468605
mg_C_seed2801,reward_curriculum/progress/frame,56852480,0.08166666328907013
mg_C_seed2801,reward_curriculum/progress/frame,57016320,0.08222222328186035
mg_C_seed2801,reward_curriculum/progress/frame,57180160,0.08277777582406998
mg_C_seed2801,reward_curriculum/progress/frame,57344000,0.0833333358168602
mg_C_seed2801,reward_curriculum/progress/frame,57507840,0.08388888835906982
mg_C_seed2801,reward_curriculum/progress/frame,57671680,0.08444444090127945
mg_C_seed2801,reward_curriculum/progress/frame,57835520,0.08500000089406967
mg_C_seed2801,reward_curriculum/progress/frame,57999360,0.0855555534362793
mg_C_seed2801,reward_curriculum/progress/frame,58163200,0.08611111342906952
mg_C_seed2801,reward_curriculum/progress/frame,58327040,0.08666666597127914
mg_C_seed2801,reward_curriculum/progress/frame,58490880,0.08722221851348877
mg_C_seed2801,reward_curriculum/progress/frame,58654720,0.08777777850627899
mg_C_seed2801,reward_curriculum/progress/frame,58818560,0.08833333104848862
mg_C_seed2801,reward_curriculum/progress/frame,58982400,0.08888889104127884
mg_C_seed2801,reward_curriculum/progress/frame,59146240,0.08944444358348846
mg_C_seed2801,reward_curriculum/progress/frame,59310080,0.09000000357627869
mg_C_seed2801,reward_curriculum/progress/frame,59473920,0.09055555611848831
mg_C_seed2801,reward_curriculum/progress/frame,59637760,0.09111110866069794
mg_C_seed2801,reward_curriculum/progress/frame,59801600,0.09166666865348816
mg_C_seed2801,reward_curriculum/progress/frame,59965440,0.09222222119569778
mg_C_seed2801,reward_curriculum/progress/frame,60129280,0.092777781188488
mg_C_seed2801,reward_curriculum/progress/frame,60293120,0.09333333373069763
mg_C_seed2801,reward_curriculum/progress/frame,60456960,0.09388888627290726
mg_C_seed2801,reward_curriculum/progress/frame,60620800,0.09444444626569748
mg_C_seed2801,reward_curriculum/progress/frame,60784640,0.0949999988079071
mg_C_seed2801,reward_curriculum/progress/frame,60948480,0.09555555880069733
mg_C_seed2801,reward_curriculum/progress/frame,61112320,0.09611111134290695
mg_C_seed2801,reward_curriculum/progress/frame,61276160,0.09666666388511658
mg_C_seed2801,reward_curriculum/progress/frame,61440000,0.0972222238779068
mg_C_seed2801,reward_curriculum/progress/frame,61603840,0.09777777642011642
mg_C_seed2801,reward_curriculum/progress/frame,61767680,0.09833333641290665
mg_C_seed2801,reward_curriculum/progress/frame,61931520,0.09888888895511627
mg_C_seed2801,reward_curriculum/progress/frame,62095360,0.0994444414973259
mg_C_seed2801,reward_curriculum/progress/frame,62259200,0.10000000149011612
mg_C_seed2801,reward_curriculum/progress/frame,62423040,0.10055555403232574
mg_C_seed2801,reward_curriculum/progress/frame,62586880,0.10111111402511597
mg_C_seed2801,reward_curriculum/progress/frame,62750720,0.10166666656732559
mg_C_seed2801,reward_curriculum/progress/frame,62914560,0.10222221910953522
mg_C_seed2801,reward_curriculum/progress/frame,63078400,0.10277777910232544
mg_C_seed2801,reward_curriculum/progress/frame,63242240,0.10333333164453506
mg_C_seed2801,reward_curriculum/progress/frame,63406080,0.10388889163732529
mg_C_seed2801,reward_curriculum/progress/frame,63569920,0.10444444417953491
mg_C_seed2801,reward_curriculum/progress/frame,63733760,0.10499999672174454
mg_C_seed2801,reward_curriculum/progress/frame,63897600,0.10555555671453476
mg_C_seed2801,reward_curriculum/progress/frame,64061440,0.10611110925674438
mg_C_seed2801,reward_curriculum/progress/frame,64225280,0.1066666692495346
mg_C_seed2801,reward_curriculum/progress/frame,64389120,0.10722222179174423
mg_C_seed2801,reward_curriculum/progress/frame,64552960,0.10777777433395386
mg_C_seed2801,reward_curriculum/progress/frame,64716800,0.10833333432674408
mg_C_seed2801,reward_curriculum/progress/frame,64880640,0.1088888868689537
mg_C_seed2801,reward_curriculum/progress/frame,65044480,0.10944444686174393
mg_C_seed2801,reward_curriculum/progress/frame,65208320,0.10999999940395355
mg_C_seed2801,reward_curriculum/progress/frame,65372160,0.11055555194616318
mg_C_seed2801,reward_curriculum/progress/frame,65536000,0.1111111119389534
mg_C_seed2801,reward_curriculum/progress/frame,65699840,0.11166666448116302
mg_C_seed2801,reward_curriculum/progress/frame,65863680,0.11222222447395325
mg_C_seed2801,reward_curriculum/progress/frame,66027520,0.11277777701616287
mg_C_seed2801,reward_curriculum/progress/frame,66191360,0.1133333370089531
mg_C_seed2801,reward_curriculum/progress/frame,66355200,0.11388888955116272
mg_C_seed2801,reward_curriculum/progress/frame,66519040,0.11444444209337234
mg_C_seed2801,reward_curriculum/progress/frame,66682880,0.11500000208616257
mg_C_seed2801,reward_curriculum/progress/frame,66846720,0.11555555462837219
mg_C_seed2801,reward_curriculum/progress/frame,67010560,0.11611111462116241
mg_C_seed2801,reward_curriculum/progress/frame,67174400,0.11666666716337204
mg_C_seed2801,reward_curriculum/progress/frame,67338240,0.11722221970558167
mg_C_seed2801,reward_curriculum/progress/frame,67502080,0.11777777969837189
mg_C_seed2801,reward_curriculum/progress/frame,67665920,0.11833333224058151
mg_C_seed2801,reward_curriculum/progress/frame,67829760,0.11888889223337173
mg_C_seed2801,reward_curriculum/progress/frame,67993600,0.11944444477558136
mg_C_seed2801,reward_curriculum/progress/frame,68157440,0.11999999731779099
mg_C_seed2801,reward_curriculum/progress/frame,68321280,0.12055555731058121
mg_C_seed2801,reward_curriculum/progress/frame,68485120,0.12111110985279083
mg_C_seed2801,reward_curriculum/progress/frame,68648960,0.12166666984558105
mg_C_seed2801,reward_curriculum/progress/frame,68812800,0.12222222238779068
mg_C_seed2801,reward_curriculum/progress/frame,68976640,0.1227777749300003
mg_C_seed2801,reward_curriculum/progress/frame,69140480,0.12333333492279053
mg_C_seed2801,reward_curriculum/progress/frame,69304320,0.12388888746500015
mg_C_seed2801,reward_curriculum/progress/frame,69468160,0.12444444745779037
mg_C_seed2801,reward_curriculum/progress/frame,69632000,0.125
mg_C_seed2801,reward_curriculum/progress/frame,69795840,0.12555555999279022
mg_C_seed2801,reward_curriculum/progress/frame,69959680,0.12611110508441925
mg_C_seed2801,reward_curriculum/progress/frame,70123520,0.12666666507720947
mg_C_seed2801,reward_curriculum/progress/frame,70287360,0.1272222250699997
mg_C_seed2801,reward_curriculum/progress/frame,70451200,0.12777778506278992
mg_C_seed2801,reward_curriculum/progress/frame,70615040,0.12833333015441895
mg_C_seed2801,reward_curriculum/progress/frame,70778880,0.12888889014720917
mg_C_seed2801,reward_curriculum/progress/frame,70942720,0.1294444501399994
mg_C_seed2801,reward_curriculum/progress/frame,71106560,0.12999999523162842
mg_C_seed2801,reward_curriculum/progress/frame,71270400,0.13055555522441864
mg_C_seed2801,reward_curriculum/progress/frame,71434240,0.13111111521720886
mg_C_seed2801,reward_curriculum/progress/frame,71598080,0.1316666603088379
mg_C_seed2801,reward_curriculum/progress/frame,71761920,0.1322222203016281
mg_C_seed2801,reward_curriculum/progress/frame,71925760,0.13277778029441833
mg_C_seed2801,reward_curriculum/progress/frame,72089600,0.13333334028720856
mg_C_seed2801,reward_curriculum/progress/frame,72253440,0.13388888537883759
mg_C_seed2801,reward_curriculum/progress/frame,72417280,0.1344444453716278
mg_C_seed2801,reward_curriculum/progress/frame,72581120,0.13500000536441803
mg_C_seed2801,reward_curriculum/progress/frame,72744960,0.13555555045604706
mg_C_seed2801,reward_curriculum/progress/frame,72908800,0.13611111044883728
mg_C_seed2801,reward_curriculum/progress/frame,73072640,0.1366666704416275
mg_C_seed2801,reward_curriculum/progress/frame,73236480,0.13722221553325653
mg_C_seed2801,reward_curriculum/progress/frame,73400320,0.13777777552604675
mg_C_seed2801,reward_curriculum/progress/frame,73564160,0.13833333551883698
mg_C_seed2801,reward_curriculum/progress/frame,73728000,0.1388888955116272
mg_C_seed2801,reward_curriculum/progress/frame,73891840,0.13944444060325623
mg_C_seed2801,reward_curriculum/progress/frame,74055680,0.14000000059604645
mg_C_seed2801,reward_curriculum/progress/frame,74219520,0.14055556058883667
mg_C_seed2801,reward_curriculum/progress/frame,74383360,0.1411111056804657
mg_C_seed2801,reward_curriculum/progress/frame,74547200,0.14166666567325592
mg_C_seed2801,reward_curriculum/progress/frame,74711040,0.14222222566604614
mg_C_seed2801,reward_curriculum/progress/frame,74874880,0.14277777075767517
mg_C_seed2801,reward_curriculum/progress/frame,75038720,0.1433333307504654
mg_C_seed2801,reward_curriculum/progress/frame,75202560,0.14388889074325562
mg_C_seed2801,reward_curriculum/progress/frame,75366400,0.14444445073604584
mg_C_seed2801,reward_curriculum/progress/frame,75530240,0.14499999582767487
mg_C_seed2801,reward_curriculum/progress/frame,75694080,0.1455555558204651
mg_C_seed2801,reward_curriculum/progress/frame,75857920,0.1461111158132553
mg_C_seed2801,reward_curriculum/progress/frame,76021760,0.14666666090488434
mg_C_seed2801,reward_curriculum/progress/frame,76185600,0.14722222089767456
mg_C_seed2801,reward_curriculum/progress/frame,76349440,0.14777778089046478
mg_C_seed2801,reward_curriculum/progress/frame,76513280,0.1483333259820938
mg_C_seed2801,reward_curriculum/progress/frame,76677120,0.14888888597488403
mg_C_seed2801,reward_curriculum/progress/frame,76840960,0.14944444596767426
mg_C_seed2801,reward_curriculum/progress/frame,77004800,0.15000000596046448
mg_C_seed2801,reward_curriculum/progress/frame,77168640,0.1505555510520935
mg_C_seed2801,reward_curriculum/progress/frame,77332480,0.15111111104488373
mg_C_seed2801,reward_curriculum/progress/frame,77496320,0.15166667103767395
mg_C_seed2801,reward_curriculum/progress/frame,77660160,0.15222221612930298
mg_C_seed2801,reward_curriculum/progress/frame,77824000,0.1527777761220932
mg_C_seed2801,reward_curriculum/progress/frame,77987840,0.15333333611488342
mg_C_seed2801,reward_curriculum/progress/frame,78151680,0.15388889610767365
mg_C_seed2801,reward_curriculum/progress/frame,78315520,0.15444444119930267
mg_C_seed2801,reward_curriculum/progress/frame,78479360,0.1550000011920929
mg_C_seed2801,reward_curriculum/progress/frame,78643200,0.15555556118488312
mg_C_seed2801,reward_curriculum/progress/frame,78807040,0.15611110627651215
mg_C_seed2801,reward_curriculum/progress/frame,78970880,0.15666666626930237
mg_C_seed2801,reward_curriculum/progress/frame,79134720,0.1572222262620926
mg_C_seed2801,reward_curriculum/progress/frame,79298560,0.15777777135372162
mg_C_seed2801,reward_curriculum/progress/frame,79462400,0.15833333134651184
mg_C_seed2801,reward_curriculum/progress/frame,79626240,0.15888889133930206
mg_C_seed2801,reward_curriculum/progress/frame,79790080,0.15944445133209229
mg_C_seed2801,reward_curriculum/progress/frame,79953920,0.1599999964237213
mg_C_seed2801,reward_curriculum/progress/frame,80117760,0.16055555641651154
mg_C_seed2801,reward_curriculum/progress/frame,80281600,0.16111111640930176
mg_C_seed2801,reward_curriculum/progress/frame,80445440,0.1616666615009308
mg_C_seed2801,reward_curriculum/progress/frame,80609280,0.162222221493721
mg_C_seed2801,reward_curriculum/progress/frame,80773120,0.16277778148651123
mg_C_seed2801,reward_curriculum/progress/frame,80936960,0.16333332657814026
mg_C_seed2801,reward_curriculum/progress/frame,81100800,0.16388888657093048
mg_C_seed2801,reward_curriculum/progress/frame,81264640,0.1644444465637207
mg_C_seed2801,reward_curriculum/progress/frame,81428480,0.16500000655651093
mg_C_seed2801,reward_curriculum/progress/frame,81592320,0.16555555164813995
mg_C_seed2801,reward_curriculum/progress/frame,81756160,0.16611111164093018
mg_C_seed2801,reward_curriculum/progress/frame,81920000,0.1666666716337204
mg_C_seed2801,reward_curriculum/progress/frame,82083840,0.16722221672534943
mg_C_seed2801,reward_curriculum/progress/frame,82247680,0.16777777671813965
mg_C_seed2801,reward_curriculum/progress/frame,82411520,0.16833333671092987
mg_C_seed2801,reward_curriculum/progress/frame,82575360,0.1688888818025589
mg_C_seed2801,reward_curriculum/progress/frame,82739200,0.16944444179534912
mg_C_seed2801,reward_curriculum/progress/frame,82903040,0.17000000178813934
mg_C_seed2801,reward_curriculum/progress/frame,83066880,0.17055556178092957
mg_C_seed2801,reward_curriculum/progress/frame,83230720,0.1711111068725586
mg_C_seed2801,reward_curriculum/progress/frame,83394560,0.17166666686534882
mg_C_seed2801,reward_curriculum/progress/frame,83558400,0.17222222685813904
mg_C_seed2801,reward_curriculum/progress/frame,83722240,0.17277777194976807
mg_C_seed2801,reward_curriculum/progress/frame,83886080,0.1733333319425583
mg_C_seed2801,reward_curriculum/progress/frame,84049920,0.1738888919353485
mg_C_seed2801,reward_curriculum/progress/frame,84213760,0.17444443702697754
mg_C_seed2801,reward_curriculum/progress/frame,84377600,0.17499999701976776
mg_C_seed2801,reward_curriculum/progress/frame,84541440,0.17555555701255798
mg_C_seed2801,reward_curriculum/progress/frame,84705280,0.1761111170053482
mg_C_seed2801,reward_curriculum/progress/frame,84869120,0.17666666209697723
mg_C_seed2801,reward_curriculum/progress/frame,85032960,0.17722222208976746
mg_C_seed2801,reward_curriculum/progress/frame,85196800,0.17777778208255768
mg_C_seed2801,reward_curriculum/progress/frame,85360640,0.1783333271741867
mg_C_seed2801,reward_curriculum/progress/frame,85524480,0.17888888716697693
mg_C_seed2801,reward_curriculum/progress/frame,85688320,0.17944444715976715
mg_C_seed2801,reward_curriculum/progress/frame,85852160,0.18000000715255737
mg_C_seed2801,reward_curriculum/progress/frame,86016000,0.1805555522441864
mg_C_seed2801,reward_curriculum/progress/frame,86179840,0.18111111223697662
mg_C_seed2801,reward_curriculum/progress/frame,86343680,0.18166667222976685
mg_C_seed2801,reward_curriculum/progress/frame,86507520,0.18222221732139587
mg_C_seed2801,reward_curriculum/progress/frame,86671360,0.1827777773141861
mg_C_seed2801,reward_curriculum/progress/frame,86835200,0.18333333730697632
mg_C_seed2801,reward_curriculum/progress/frame,86999040,0.18388888239860535
mg_C_seed2801,reward_curriculum/progress/frame,87162880,0.18444444239139557
mg_C_seed2801,reward_curriculum/progress/frame,87326720,0.1850000023841858
mg_C_seed2801,reward_curriculum/progress/frame,87490560,0.185555562376976
mg_C_seed2801,reward_curriculum/progress/frame,87654400,0.18611110746860504
mg_C_seed2801,reward_curriculum/progress/frame,87818240,0.18666666746139526
mg_C_seed2801,reward_curriculum/progress/frame,87982080,0.18722222745418549
mg_C_seed2801,reward_curriculum/progress/frame,88145920,0.18777777254581451
mg_C_seed2801,reward_curriculum/progress/frame,88309760,0.18833333253860474
mg_C_seed2801,reward_curriculum/progress/frame,88473600,0.18888889253139496
mg_C_seed2801,reward_curriculum/progress/frame,88637440,0.189444437623024
mg_C_seed2801,reward_curriculum/progress/frame,88801280,0.1899999976158142
mg_C_seed2801,reward_curriculum/progress/frame,88965120,0.19055555760860443
mg_C_seed2801,reward_curriculum/progress/frame,89128960,0.19111111760139465
mg_C_seed2801,reward_curriculum/progress/frame,89292800,0.19166666269302368
mg_C_seed2801,reward_curriculum/progress/frame,89456640,0.1922222226858139
mg_C_seed2801,reward_curriculum/progress/frame,89620480,0.19277778267860413
mg_C_seed2801,reward_curriculum/progress/frame,89784320,0.19333332777023315
mg_C_seed2801,reward_curriculum/progress/frame,89948160,0.19388888776302338
mg_C_seed2801,reward_curriculum/progress/frame,90112000,0.1944444477558136
mg_C_seed2801,reward_curriculum/progress/frame,90275840,0.19499999284744263
mg_C_seed2801,reward_curriculum/progress/frame,90439680,0.19555555284023285
mg_C_seed2801,reward_curriculum/progress/frame,90603520,0.19611111283302307
mg_C_seed2801,reward_curriculum/progress/frame,90767360,0.1966666728258133
mg_C_seed2801,reward_curriculum/progress/frame,90931200,0.19722221791744232
mg_C_seed2801,reward_curriculum/progress/frame,91095040,0.19777777791023254
mg_C_seed2801,reward_curriculum/progress/frame,91258880,0.19833333790302277
mg_C_seed2801,reward_curriculum/progress/frame,91422720,0.1988888829946518
mg_C_seed2801,reward_curriculum/progress/frame,91586560,0.19944444298744202
mg_C_seed2801,reward_curriculum/progress/frame,91750400,0.20000000298023224
mg_C_seed2801,reward_curriculum/progress/frame,91914240,0.20055556297302246
mg_C_seed2801,reward_curriculum/progress/frame,92078080,0.2011111080646515
mg_C_seed2801,reward_curriculum/progress/frame,92241920,0.2016666680574417
mg_C_seed2801,reward_curriculum/progress/frame,92405760,0.20222222805023193
mg_C_seed2801,reward_curriculum/progress/frame,92569600,0.20277777314186096
mg_C_seed2801,reward_curriculum/progress/frame,92733440,0.20333333313465118
mg_C_seed2801,reward_curriculum/progress/frame,92897280,0.2038888931274414
mg_C_seed2801,reward_curriculum/progress/frame,93061120,0.20444443821907043
mg_C_seed2801,reward_curriculum/progress/frame,93224960,0.20499999821186066
mg_C_seed2801,reward_curriculum/progress/frame,93388800,0.20555555820465088
mg_C_seed2801,reward_curriculum/progress/frame,93552640,0.2061111181974411
mg_C_seed2801,reward_curriculum/progress/frame,93716480,0.20666666328907013
mg_C_seed2801,reward_curriculum/progress/frame,93880320,0.20722222328186035
mg_C_seed2801,reward_curriculum/progress/frame,94044160,0.20777778327465057
mg_C_seed2801,reward_curriculum/progress/frame,94208000,0.2083333283662796
mg_C_seed2801,reward_curriculum/progress/frame,94371840,0.20888888835906982
mg_C_seed2801,reward_curriculum/progress/frame,94535680,0.20944444835186005
mg_C_seed2801,reward_curriculum/progress/frame,94699520,0.20999999344348907
mg_C_seed2801,reward_curriculum/progress/frame,94863360,0.2105555534362793
mg_C_seed2801,reward_curriculum/progress/frame,95027200,0.21111111342906952
mg_C_seed2801,reward_curriculum/progress/frame,95191040,0.21166667342185974
mg_C_seed2801,reward_curriculum/progress/frame,95354880,0.21222221851348877
mg_C_seed2801,reward_curriculum/progress/frame,95518720,0.212777778506279
mg_C_seed2801,reward_curriculum/progress/frame,95682560,0.2133333384990692
mg_C_seed2801,reward_curriculum/progress/frame,95846400,0.21388888359069824
mg_C_seed2801,reward_curriculum/progress/frame,96010240,0.21444444358348846
mg_C_seed2801,reward_curriculum/progress/frame,96174080,0.2150000035762787
mg_C_seed2801,reward_curriculum/progress/frame,96337920,0.21555554866790771
mg_C_seed2801,reward_curriculum/progress/frame,96501760,0.21611110866069794
mg_C_seed2801,reward_curriculum/progress/frame,96665600,0.21666666865348816
mg_C_seed2801,reward_curriculum/progress/frame,96829440,0.21722222864627838
mg_C_seed2801,reward_curriculum/progress/frame,96993280,0.2177777737379074
mg_C_seed2801,reward_curriculum/progress/frame,97157120,0.21833333373069763
mg_C_seed2801,reward_curriculum/progress/frame,97320960,0.21888889372348785
mg_C_seed2801,reward_curriculum/progress/frame,97484800,0.21944443881511688
mg_C_seed2801,reward_curriculum/progress/frame,97648640,0.2199999988079071
mg_C_seed2801,reward_curriculum/progress/frame,97812480,0.22055555880069733
mg_C_seed2801,reward_curriculum/progress/frame,97976320,0.22111110389232635
mg_C_seed2801,reward_curriculum/progress/frame,98140160,0.22166666388511658
mg_C_seed2801,reward_curriculum/progress/frame,98304000,0.2222222238779068
mg_C_seed2801,reward_curriculum/progress/frame,98467840,0.22277778387069702
mg_C_seed2801,reward_curriculum/progress/frame,98631680,0.22333332896232605
mg_C_seed2801,reward_curriculum/progress/frame,98795520,0.22388888895511627
mg_C_seed2801,reward_curriculum/progress/frame,98959360,0.2244444489479065
mg_C_seed2801,reward_curriculum/progress/frame,99123200,0.22499999403953552
mg_C_seed2801,reward_curriculum/progress/frame,99287040,0.22555555403232574
mg_C_seed2801,reward_curriculum/progress/frame,99450880,0.22611111402511597
mg_C_seed2801,reward_curriculum/progress/frame,99614720,0.2266666740179062
mg_C_seed2801,reward_curriculum/progress/frame,99778560,0.22722221910953522
mg_C_seed2801,reward_curriculum/progress/frame,99942400,0.22777777910232544
mg_C_seed2801,reward_curriculum/progress/frame,100106240,0.22833333909511566
mg_C_seed2801,reward_curriculum/progress/frame,100270080,0.2288888841867447
mg_C_seed2801,reward_curriculum/progress/frame,100433920,0.2294444441795349
mg_C_seed2801,reward_curriculum/progress/frame,100597760,0.23000000417232513
mg_C_seed2801,reward_curriculum/progress/frame,100761600,0.23055554926395416
mg_C_seed2801,reward_curriculum/progress/frame,100925440,0.23111110925674438
mg_C_seed2801,reward_curriculum/progress/frame,101089280,0.2316666692495346
mg_C_seed2801,reward_curriculum/progress/frame,101253120,0.23222222924232483
mg_C_seed2801,reward_curriculum/progress/frame,101416960,0.23277777433395386
mg_C_seed2801,reward_curriculum/progress/frame,101580800,0.23333333432674408
mg_C_seed2801,reward_curriculum/progress/frame,101744640,0.2338888943195343
mg_C_seed2801,reward_curriculum/progress/frame,101908480,0.23444443941116333
mg_C_seed2801,reward_curriculum/progress/frame,102072320,0.23499999940395355
mg_C_seed2801,reward_curriculum/progress/frame,102236160,0.23555555939674377
mg_C_seed2801,reward_curriculum/progress/frame,102400000,0.2361111044883728
mg_C_seed2801,reward_curriculum/progress/frame,102563840,0.23666666448116302
mg_C_seed2801,reward_curriculum/progress/frame,102727680,0.23722222447395325
mg_C_seed2801,reward_curriculum/progress/frame,102891520,0.23777778446674347
mg_C_seed2801,reward_curriculum/progress/frame,103055360,0.2383333295583725
mg_C_seed2801,reward_curriculum/progress/frame,103219200,0.23888888955116272
mg_C_seed2801,reward_curriculum/progress/frame,103383040,0.23944444954395294
mg_C_seed2801,reward_curriculum/progress/frame,103546880,0.23999999463558197
mg_C_seed2801,reward_curriculum/progress/frame,103710720,0.2405555546283722
mg_C_seed2801,reward_curriculum/progress/frame,103874560,0.24111111462116241
mg_C_seed2801,reward_curriculum/progress/frame,104038400,0.24166665971279144
mg_C_seed2801,reward_curriculum/progress/frame,104202240,0.24222221970558167
mg_C_seed2801,reward_curriculum/progress/frame,104366080,0.2427777796983719
mg_C_seed2801,reward_curriculum/progress/frame,104529920,0.2433333396911621
mg_C_seed2801,reward_curriculum/progress/frame,104693760,0.24388888478279114
mg_C_seed2801,reward_curriculum/progress/frame,104857600,0.24444444477558136
mg_C_seed2801,reward_curriculum/progress/frame,105021440,0.24500000476837158
mg_C_seed2801,reward_curriculum/progress/frame,105185280,0.2455555498600006
mg_C_seed2801,reward_curriculum/progress/frame,105349120,0.24611110985279083
mg_C_seed2801,reward_curriculum/progress/frame,105512960,0.24666666984558105
mg_C_seed2801,reward_curriculum/progress/frame,105676800,0.24722221493721008
mg_C_seed2801,reward_curriculum/progress/frame,105840640,0.2477777749300003
mg_C_seed2801,reward_curriculum/progress/frame,106004480,0.24833333492279053
mg_C_seed2801,reward_curriculum/progress/frame,106168320,0.24888889491558075
mg_C_seed2801,reward_curriculum/progress/frame,106332160,0.24944444000720978
mg_C_seed2801,reward_curriculum/progress/frame,106496000,0.25
mg_C_seed2801,reward_curriculum/progress/frame,106659840,0.25055554509162903
mg_C_seed2801,reward_curriculum/progress/frame,106823680,0.25111111998558044
mg_C_seed2801,reward_curriculum/progress/frame,106987520,0.2516666650772095
mg_C_seed2801,reward_curriculum/progress/frame,107151360,0.2522222101688385
mg_C_seed2801,reward_curriculum/progress/frame,107315200,0.2527777850627899
mg_C_seed2801,reward_curriculum/progress/frame,107479040,0.25333333015441895
mg_C_seed2801,reward_curriculum/progress/frame,107642880,0.253888875246048
mg_C_seed2801,reward_curriculum/progress/frame,107806720,0.2544444501399994
mg_C_seed2801,reward_curriculum/progress/frame,107970560,0.2549999952316284
mg_C_seed2801,reward_curriculum/progress/frame,108134400,0.25555557012557983
mg_C_seed2801,reward_curriculum/progress/frame,108298240,0.25611111521720886
mg_C_seed2801,reward_curriculum/progress/frame,108462080,0.2566666603088379
mg_C_seed2801,reward_curriculum/progress/frame,108625920,0.2572222352027893
mg_C_seed2801,reward_curriculum/progress/frame,108789760,0.25777778029441833
mg_C_seed2801,reward_curriculum/progress/frame,108953600,0.25833332538604736
mg_C_seed2801,reward_curriculum/progress/frame,109117440,0.2588889002799988
mg_C_seed2801,reward_curriculum/progress/frame,109281280,0.2594444453716278
mg_C_seed2801,reward_curriculum/progress/frame,109445120,0.25999999046325684
mg_C_seed2801,reward_curriculum/progress/frame,109608960,0.26055556535720825
mg_C_seed2801,reward_curriculum/progress/frame,109772800,0.2611111104488373
mg_C_seed2801,reward_curriculum/progress/frame,109936640,0.2616666555404663
mg_C_seed2801,reward_curriculum/progress/frame,110100480,0.2622222304344177
mg_C_seed2801,reward_curriculum/progress/frame,110264320,0.26277777552604675
mg_C_seed2801,reward_curriculum/progress/frame,110428160,0.2633333206176758
mg_C_seed2801,reward_curriculum/progress/frame,110592000,0.2638888955116272
mg_C_seed2801,reward_curriculum/progress/frame,110755840,0.2644444406032562
mg_C_seed2801,reward_curriculum/progress/frame,110919680,0.26499998569488525
mg_C_seed2801,reward_curriculum/progress/frame,111083520,0.26555556058883667
mg_C_seed2801,reward_curriculum/progress/frame,111247360,0.2661111056804657
mg_C_seed2801,reward_curriculum/progress/frame,111411200,0.2666666805744171
mg_C_seed2801,reward_curriculum/progress/frame,111575040,0.26722222566604614
mg_C_seed2801,reward_curriculum/progress/frame,111738880,0.26777777075767517
mg_C_seed2801,reward_curriculum/progress/frame,111902720,0.2683333456516266
mg_C_seed2801,reward_curriculum/progress/frame,112066560,0.2688888907432556
mg_C_seed2801,reward_curriculum/progress/frame,112230400,0.26944443583488464
mg_C_seed2801,reward_curriculum/progress/frame,112394240,0.27000001072883606
mg_C_seed2801,reward_curriculum/progress/frame,112558080,0.2705555558204651
mg_C_seed2801,reward_curriculum/progress/frame,112721920,0.2711111009120941
mg_C_seed2801,reward_curriculum/progress/frame,112885760,0.27166667580604553
mg_C_seed2801,reward_curriculum/progress/frame,113049600,0.27222222089767456
mg_C_seed2801,reward_curriculum/progress/frame,113213440,0.2727777659893036
mg_C_seed2801,reward_curriculum/progress/frame,113377280,0.273333340883255
mg_C_seed2801,reward_curriculum/progress/frame,113541120,0.27388888597488403
mg_C_seed2801,reward_curriculum/progress/frame,113704960,0.27444443106651306
mg_C_seed2801,reward_curriculum/progress/frame,113868800,0.2750000059604645
mg_C_seed2801,reward_curriculum/progress/frame,114032640,0.2755555510520935
mg_C_seed2801,reward_curriculum/progress/frame,114196480,0.2761111259460449
mg_C_seed2801,reward_curriculum/progress/frame,114360320,0.27666667103767395
mg_C_seed2801,reward_curriculum/progress/frame,114524160,0.277222216129303
mg_C_seed2801,reward_curriculum/progress/frame,114688000,0.2777777910232544
mg_C_seed2801,reward_curriculum/progress/frame,114851840,0.2783333361148834
mg_C_seed2801,reward_curriculum/progress/frame,115015680,0.27888888120651245
mg_C_seed2801,reward_curriculum/progress/frame,115179520,0.27944445610046387
mg_C_seed2801,reward_curriculum/progress/frame,115343360,0.2800000011920929
mg_C_seed2801,reward_curriculum/progress/frame,115507200,0.2805555462837219
mg_C_seed2801,reward_curriculum/progress/frame,115671040,0.28111112117767334
mg_C_seed2801,reward_curriculum/progress/frame,115834880,0.28166666626930237
mg_C_seed2801,reward_curriculum/progress/frame,115998720,0.2822222113609314
mg_C_seed2801,reward_curriculum/progress/frame,116162560,0.2827777862548828
mg_C_seed2801,reward_curriculum/progress/frame,116326400,0.28333333134651184
mg_C_seed2801,reward_curriculum/progress/frame,116490240,0.28388887643814087
mg_C_seed2801,reward_curriculum/progress/frame,116654080,0.2844444513320923
mg_C_seed2801,reward_curriculum/progress/frame,116817920,0.2849999964237213
mg_C_seed2801,reward_curriculum/progress/frame,116981760,0.28555554151535034
mg_C_seed2801,reward_curriculum/progress/frame,117145600,0.28611111640930176
mg_C_seed2801,reward_curriculum/progress/frame,117309440,0.2866666615009308
mg_C_seed2801,reward_curriculum/progress/frame,117473280,0.2872222363948822
mg_C_seed2801,reward_curriculum/progress/frame,117637120,0.28777778148651123
mg_C_seed2801,reward_curriculum/progress/frame,117800960,0.28833332657814026
mg_C_seed2801,reward_curriculum/progress/frame,117964800,0.2888889014720917
mg_C_seed2801,reward_curriculum/progress/frame,118128640,0.2894444465637207
mg_C_seed2801,reward_curriculum/progress/frame,118292480,0.28999999165534973
mg_C_seed2801,reward_curriculum/progress/frame,118456320,0.29055556654930115
mg_C_seed2801,reward_curriculum/progress/frame,118620160,0.2911111116409302
mg_C_seed2801,reward_curriculum/progress/frame,118784000,0.2916666567325592
mg_C_seed2801,reward_curriculum/progress/frame,118947840,0.2922222316265106
mg_C_seed2801,reward_curriculum/progress/frame,119111680,0.29277777671813965
mg_C_seed2801,reward_curriculum/progress/frame,119275520,0.2933333218097687
mg_C_seed2801,reward_curriculum/progress/frame,119439360,0.2938888967037201
mg_C_seed2801,reward_curriculum/progress/frame,119603200,0.2944444417953491
mg_C_seed2801,reward_curriculum/progress/frame,119767040,0.29499998688697815
mg_C_seed2801,reward_curriculum/progress/frame,119930880,0.29555556178092957
mg_C_seed2801,reward_curriculum/progress/frame,120094720,0.2961111068725586
mg_C_seed2801,reward_curriculum/progress/frame,120258560,0.2966666519641876
mg_C_seed2801,reward_curriculum/progress/frame,120422400,0.29722222685813904
mg_C_seed2801,reward_curriculum/progress/frame,120586240,0.29777777194976807
mg_C_seed2801,reward_curriculum/progress/frame,120750080,0.2983333468437195
mg_C_seed2801,reward_curriculum/progress/frame,120913920,0.2988888919353485
mg_C_seed2801,reward_curriculum/progress/frame,121077760,0.29944443702697754
mg_C_seed2801,reward_curriculum/progress/frame,121241600,0.30000001192092896
mg_C_seed2801,reward_curriculum/progress/frame,121405440,0.300555557012558
mg_C_seed2801,reward_curriculum/progress/frame,121569280,0.301111102104187
mg_C_seed2801,reward_curriculum/progress/frame,121733120,0.3016666769981384
mg_C_seed2801,reward_curriculum/progress/frame,121896960,0.30222222208976746
mg_C_seed2801,reward_curriculum/progress/frame,122060800,0.3027777671813965
mg_C_seed2801,reward_curriculum/progress/frame,122224640,0.3033333420753479
mg_C_seed2801,reward_curriculum/progress/frame,122388480,0.30388888716697693
mg_C_seed2801,reward_curriculum/progress/frame,122552320,0.30444443225860596
mg_C_seed2801,reward_curriculum/progress/frame,122716160,0.3050000071525574
mg_C_seed2801,reward_curriculum/progress/frame,122880000,0.3055555522441864
mg_C_seed2801,reward_curriculum/progress/frame,123043840,0.30611109733581543
mg_C_seed2801,reward_curriculum/progress/frame,123207680,0.30666667222976685
mg_C_seed2801,reward_curriculum/progress/frame,123371520,0.3072222173213959
mg_C_seed2801,reward_curriculum/progress/frame,123535360,0.3077777922153473
mg_C_seed2801,reward_curriculum/progress/frame,123699200,0.3083333373069763
mg_C_seed2801,reward_curriculum/progress/frame,123863040,0.30888888239860535
mg_C_seed2801,reward_curriculum/progress/frame,124026880,0.30944445729255676
mg_C_seed2801,reward_curriculum/progress/frame,124190720,0.3100000023841858
mg_C_seed2801,reward_curriculum/progress/frame,124354560,0.3105555474758148
mg_C_seed2801,reward_curriculum/progress/frame,124518400,0.31111112236976624
mg_C_seed2801,reward_curriculum/progress/frame,124682240,0.31166666746139526
mg_C_seed2801,reward_curriculum/progress/frame,124846080,0.3122222125530243
mg_C_seed2801,reward_curriculum/progress/frame,125009920,0.3127777874469757
mg_C_seed2801,reward_curriculum/progress/frame,125173760,0.31333333253860474
mg_C_seed2801,reward_curriculum/progress/frame,125337600,0.31388887763023376
mg_C_seed2801,reward_curriculum/progress/frame,125501440,0.3144444525241852
mg_C_seed2801,reward_curriculum/progress/frame,125665280,0.3149999976158142
mg_C_seed2801,reward_curriculum/progress/frame,125829120,0.31555554270744324
mg_C_seed2801,reward_curriculum/progress/frame,125992960,0.31611111760139465
mg_C_seed2801,reward_curriculum/progress/frame,126156800,0.3166666626930237
mg_C_seed2801,reward_curriculum/progress/frame,126320640,0.3172222077846527
mg_C_seed2801,reward_curriculum/progress/frame,126484480,0.3177777826786041
mg_C_seed2801,reward_curriculum/progress/frame,126648320,0.31833332777023315
mg_C_seed2801,reward_curriculum/progress/frame,126812160,0.31888890266418457
mg_C_seed2801,reward_curriculum/progress/frame,126976000,0.3194444477558136
mg_C_seed2801,reward_curriculum/progress/frame,127139840,0.3199999928474426
mg_C_seed2801,reward_curriculum/progress/frame,127303680,0.32055556774139404
mg_C_seed2801,reward_curriculum/progress/frame,127467520,0.32111111283302307
mg_C_seed2801,reward_curriculum/progress/frame,127631360,0.3216666579246521
mg_C_seed2801,reward_curriculum/progress/frame,127795200,0.3222222328186035
mg_C_seed2801,reward_curriculum/progress/frame,127959040,0.32277777791023254
mg_C_seed2801,reward_curriculum/progress/frame,128122880,0.3233333230018616
mg_C_seed2801,reward_curriculum/progress/frame,128286720,0.323888897895813
mg_C_seed2801,reward_curriculum/progress/frame,128450560,0.324444442987442
mg_C_seed2801,reward_curriculum/progress/frame,128614400,0.32499998807907104
mg_C_seed2801,reward_curriculum/progress/frame,128778240,0.32555556297302246
mg_C_seed2801,reward_curriculum/progress/frame,128942080,0.3261111080646515
mg_C_seed2801,reward_curriculum/progress/frame,129105920,0.3266666531562805
mg_C_seed2801,reward_curriculum/progress/frame,129269760,0.32722222805023193
mg_C_seed2801,reward_curriculum/progress/frame,129433600,0.32777777314186096
mg_C_seed2801,reward_curriculum/progress/frame,129597440,0.3283333480358124
mg_C_seed2801,reward_curriculum/progress/frame,129761280,0.3288888931274414
mg_C_seed2801,reward_curriculum/progress/frame,129925120,0.32944443821907043
mg_C_seed2801,reward_curriculum/progress/frame,130088960,0.33000001311302185
mg_C_seed2801,reward_curriculum/progress/frame,130252800,0.3305555582046509
mg_C_seed2801,reward_curriculum/progress/frame,130416640,0.3311111032962799
mg_C_seed2801,reward_curriculum/progress/frame,130580480,0.3316666781902313
mg_C_seed2801,reward_curriculum/progress/frame,130744320,0.33222222328186035
mg_C_seed2801,reward_curriculum/progress/frame,130908160,0.3327777683734894
mg_C_seed2801,reward_curriculum/progress/frame,131072000,0.3333333432674408
mg_C_seed2801,reward_curriculum/progress/frame,131235840,0.3338888883590698
mg_C_seed2801,reward_curriculum/progress/frame,131399680,0.33444443345069885
mg_C_seed2801,reward_curriculum/progress/frame,131563520,0.33500000834465027
mg_C_seed2801,reward_curriculum/progress/frame,131727360,0.3355555534362793
mg_C_seed2801,reward_curriculum/progress/frame,131891200,0.3361110985279083
mg_C_seed2801,reward_curriculum/progress/frame,132055040,0.33666667342185974
mg_C_seed2801,reward_curriculum/progress/frame,132218880,0.33722221851348877
mg_C_seed2801,reward_curriculum/progress/frame,132382720,0.3377777636051178
mg_C_seed2801,reward_curriculum/progress/frame,132546560,0.3383333384990692
mg_C_seed2801,reward_curriculum/progress/frame,132710400,0.33888888359069824
mg_C_seed2801,reward_curriculum/progress/frame,132874240,0.33944445848464966
mg_C_seed2801,reward_curriculum/progress/frame,133038080,0.3400000035762787
mg_C_seed2801,reward_curriculum/progress/frame,133201920,0.3405555486679077
mg_C_seed2801,reward_curriculum/progress/frame,133365760,0.34111112356185913
mg_C_seed2801,reward_curriculum/progress/frame,133529600,0.34166666865348816
mg_C_seed2801,reward_curriculum/progress/frame,133693440,0.3422222137451172
mg_C_seed2801,reward_curriculum/progress/frame,133857280,0.3427777886390686
mg_C_seed2801,reward_curriculum/progress/frame,134021120,0.34333333373069763
mg_C_seed2801,reward_curriculum/progress/frame,134184960,0.34388887882232666
mg_C_seed2801,reward_curriculum/progress/frame,134348800,0.3444444537162781
mg_C_seed2801,reward_curriculum/progress/frame,134512640,0.3449999988079071
mg_C_seed2801,reward_curriculum/progress/frame,134676480,0.34555554389953613
mg_C_seed2801,reward_curriculum/progress/frame,134840320,0.34611111879348755
mg_C_seed2801,reward_curriculum/progress/frame,135004160,0.3466666638851166
mg_C_seed2801,reward_curriculum/progress/frame,135168000,0.3472222089767456
mg_C_seed2801,reward_curriculum/progress/frame,135331840,0.347777783870697
mg_C_seed2801,reward_curriculum/progress/frame,135495680,0.34833332896232605
mg_C_seed2801,reward_curriculum/progress/frame,135659520,0.3488888740539551
mg_C_seed2801,reward_curriculum/progress/frame,135823360,0.3494444489479065
mg_C_seed2801,reward_curriculum/progress/frame,135987200,0.3499999940395355
mg_C_seed2801,reward_curriculum/progress/frame,136151040,0.35055556893348694
mg_C_seed2801,reward_curriculum/progress/frame,136314880,0.35111111402511597
mg_C_seed2801,reward_curriculum/progress/frame,136478720,0.351666659116745
mg_C_seed2801,reward_curriculum/progress/frame,136642560,0.3522222340106964
mg_C_seed2801,reward_curriculum/progress/frame,136806400,0.35277777910232544
mg_C_seed2801,reward_curriculum/progress/frame,136970240,0.35333332419395447
mg_C_seed2801,reward_curriculum/progress/frame,137134080,0.3538888990879059
mg_C_seed2801,reward_curriculum/progress/frame,137297920,0.3544444441795349
mg_C_seed2801,reward_curriculum/progress/frame,137461760,0.35499998927116394
mg_C_seed2801,reward_curriculum/progress/frame,137625600,0.35555556416511536
mg_C_seed2801,reward_curriculum/progress/frame,137789440,0.3561111092567444
mg_C_seed2801,reward_curriculum/progress/frame,137953280,0.3566666543483734
mg_C_seed2801,reward_curriculum/progress/frame,138117120,0.35722222924232483
mg_C_seed2801,reward_curriculum/progress/frame,138280960,0.35777777433395386
mg_C_seed2801,reward_curriculum/progress/frame,138444800,0.3583333194255829
mg_C_seed2801,reward_curriculum/progress/frame,138608640,0.3588888943195343
mg_C_seed2801,reward_curriculum/progress/frame,138772480,0.35944443941116333
mg_C_seed2801,reward_curriculum/progress/frame,138936320,0.36000001430511475
mg_C_seed2801,reward_curriculum/progress/frame,139100160,0.3605555593967438
mg_C_seed2801,reward_curriculum/progress/frame,139264000,0.3611111044883728
mg_C_seed2801,reward_curriculum/progress/frame,139427840,0.3616666793823242
mg_C_seed2801,reward_curriculum/progress/frame,139591680,0.36222222447395325
mg_C_seed2801,reward_curriculum/progress/frame,139755520,0.3627777695655823
mg_C_seed2801,reward_curriculum/progress/frame,139919360,0.3633333444595337
mg_C_seed2801,reward_curriculum/progress/frame,140083200,0.3638888895511627
mg_C_seed2801,reward_curriculum/progress/frame,140247040,0.36444443464279175
mg_C_seed2801,reward_curriculum/progress/frame,140410880,0.36500000953674316
mg_C_seed2801,reward_curriculum/progress/frame,140574720,0.3655555546283722
mg_C_seed2801,reward_curriculum/progress/frame,140738560,0.3661110997200012
mg_C_seed2801,reward_curriculum/progress/frame,140902400,0.36666667461395264
mg_C_seed2801,reward_curriculum/progress/frame,141066240,0.36722221970558167
mg_C_seed2801,reward_curriculum/progress/frame,141230080,0.3677777647972107
mg_C_seed2801,reward_curriculum/progress/frame,141393920,0.3683333396911621
mg_C_seed2801,reward_curriculum/progress/frame,141557760,0.36888888478279114
mg_C_seed2801,reward_curriculum/progress/frame,141721600,0.36944442987442017
mg_C_seed2801,reward_curriculum/progress/frame,141885440,0.3700000047683716
mg_C_seed2801,reward_curriculum/progress/frame,142049280,0.3705555498600006
mg_C_seed2801,reward_curriculum/progress/frame,142213120,0.371111124753952
mg_C_seed2801,reward_curriculum/progress/frame,142376960,0.37166666984558105
mg_C_seed2801,reward_curriculum/progress/frame,142540800,0.3722222149372101
mg_C_seed2801,reward_curriculum/progress/frame,142704640,0.3727777898311615
mg_C_seed2801,reward_curriculum/progress/frame,142868480,0.3733333349227905
mg_C_seed2801,reward_curriculum/progress/frame,143032320,0.37388888001441956
mg_C_seed2801,reward_curriculum/progress/frame,143196160,0.37444445490837097
mg_C_seed2801,reward_curriculum/progress/frame,143360000,0.375
mg_C_seed2801,reward_curriculum/progress/frame,143523840,0.37555554509162903
mg_C_seed2801,reward_curriculum/progress/frame,143687680,0.37611111998558044
mg_C_seed2801,reward_curriculum/progress/frame,143851520,0.3766666650772095
mg_C_seed2801,reward_curriculum/progress/frame,144015360,0.3772222101688385
mg_C_seed2801,reward_curriculum/progress/frame,144179200,0.3777777850627899
mg_C_seed2801,reward_curriculum/progress/frame,144343040,0.37833333015441895
mg_C_seed2801,reward_curriculum/progress/frame,144506880,0.378888875246048
mg_C_seed2801,reward_curriculum/progress/frame,144670720,0.3794444501399994
mg_C_seed2801,reward_curriculum/progress/frame,144834560,0.3799999952316284
mg_C_seed2801,reward_curriculum/progress/frame,144998400,0.38055557012557983
mg_C_seed2801,reward_curriculum/progress/frame,145162240,0.38111111521720886
mg_C_seed2801,reward_curriculum/progress/frame,145326080,0.3816666603088379
mg_C_seed2801,reward_curriculum/progress/frame,145489920,0.3822222352027893
mg_C_seed2801,reward_curriculum/progress/frame,145653760,0.38277778029441833
mg_C_seed2801,reward_curriculum/progress/frame,145817600,0.38333332538604736
mg_C_seed2801,reward_curriculum/progress/frame,145981440,0.3838889002799988
mg_C_seed2801,reward_curriculum/progress/frame,146145280,0.3844444453716278
mg_C_seed2801,reward_curriculum/progress/frame,146309120,0.38499999046325684
mg_C_seed2801,reward_curriculum/progress/frame,146472960,0.38555556535720825
mg_C_seed2801,reward_curriculum/progress/frame,146636800,0.3861111104488373
mg_C_seed2801,reward_curriculum/progress/frame,146800640,0.3866666555404663
mg_C_seed2801,reward_curriculum/progress/frame,146964480,0.3872222304344177
mg_C_seed2801,reward_curriculum/progress/frame,147128320,0.38777777552604675
mg_C_seed2801,reward_curriculum/progress/frame,147292160,0.3883333206176758
mg_C_seed2801,reward_curriculum/progress/frame,147456000,0.3888888955116272
mg_C_seed2801,reward_curriculum/progress/frame,147619840,0.3894444406032562
mg_C_seed2801,reward_curriculum/progress/frame,147783680,0.38999998569488525
mg_C_seed2801,reward_curriculum/progress/frame,147947520,0.39055556058883667
mg_C_seed2801,reward_curriculum/progress/frame,148111360,0.3911111056804657
mg_C_seed2801,reward_curriculum/progress/frame,148275200,0.3916666805744171
mg_C_seed2801,reward_curriculum/progress/frame,148439040,0.39222222566604614
mg_C_seed2801,reward_curriculum/progress/frame,148602880,0.39277777075767517
mg_C_seed2801,reward_curriculum/progress/frame,148766720,0.3933333456516266
mg_C_seed2801,reward_curriculum/progress/frame,148930560,0.3938888907432556
mg_C_seed2801,reward_curriculum/progress/frame,149094400,0.39444443583488464
mg_C_seed2801,reward_curriculum/progress/frame,149258240,0.39500001072883606
mg_C_seed2801,reward_curriculum/progress/frame,149422080,0.3955555558204651
mg_C_seed2801,reward_curriculum/progress/frame,149585920,0.3961111009120941
mg_C_seed2801,reward_curriculum/progress/frame,149749760,0.39666667580604553
mg_C_seed2801,reward_curriculum/progress/frame,149913600,0.39722222089767456
mg_C_seed2801,reward_curriculum/progress/frame,150077440,0.3977777659893036
mg_C_seed2801,reward_curriculum/progress/frame,150241280,0.398333340883255
mg_C_seed2801,reward_curriculum/progress/frame,150405120,0.39888888597488403
mg_C_seed2801,reward_curriculum/progress/frame,150568960,0.39944443106651306
mg_C_seed2801,reward_curriculum/progress/frame,150732800,0.4000000059604645
mg_C_seed2801,reward_curriculum/progress/frame,150896640,0.4005555510520935
mg_C_seed2801,reward_curriculum/progress/frame,151060480,0.4011111259460449
mg_C_seed2801,reward_curriculum/progress/frame,151224320,0.40166667103767395
mg_C_seed2801,reward_curriculum/progress/frame,151388160,0.402222216129303
mg_C_seed2801,reward_curriculum/progress/frame,151552000,0.4027777910232544
mg_C_seed2801,reward_curriculum/progress/frame,151715840,0.4033333361148834
mg_C_seed2801,reward_curriculum/progress/frame,151879680,0.40388888120651245
mg_C_seed2801,reward_curriculum/progress/frame,152043520,0.40444445610046387
mg_C_seed2801,reward_curriculum/progress/frame,152207360,0.4050000011920929
mg_C_seed2801,reward_curriculum/progress/frame,152371200,0.4055555462837219
mg_C_seed2801,reward_curriculum/progress/frame,152535040,0.40611112117767334
mg_C_seed2801,reward_curriculum/progress/frame,152698880,0.40666666626930237
mg_C_seed2801,reward_curriculum/progress/frame,152862720,0.4072222113609314
mg_C_seed2801,reward_curriculum/progress/frame,153026560,0.4077777862548828
mg_C_seed2801,reward_curriculum/progress/frame,153190400,0.40833333134651184
mg_C_seed2801,reward_curriculum/progress/frame,153354240,0.40888887643814087
mg_C_seed2801,reward_curriculum/progress/frame,153518080,0.4094444513320923
mg_C_seed2801,reward_curriculum/progress/frame,153681920,0.4099999964237213
mg_C_seed2801,reward_curriculum/progress/frame,153845760,0.41055554151535034
mg_C_seed2801,reward_curriculum/progress/frame,154009600,0.41111111640930176
mg_C_seed2801,reward_curriculum/progress/frame,154173440,0.4116666615009308
mg_C_seed2801,reward_curriculum/progress/frame,154337280,0.4122222363948822
mg_C_seed2801,reward_curriculum/progress/frame,154501120,0.41277778148651123
mg_C_seed2801,reward_curriculum/progress/frame,154664960,0.41333332657814026
mg_C_seed2801,reward_curriculum/progress/frame,154828800,0.4138889014720917
mg_C_seed2801,reward_curriculum/progress/frame,154992640,0.4144444465637207
mg_C_seed2801,reward_curriculum/progress/frame,155156480,0.41499999165534973
mg_C_seed2801,reward_curriculum/progress/frame,155320320,0.41555556654930115
mg_C_seed2801,reward_curriculum/progress/frame,155484160,0.4161111116409302
mg_C_seed2801,reward_curriculum/progress/frame,155648000,0.4166666567325592
mg_C_seed2801,reward_curriculum/progress/frame,155811840,0.4172222316265106
mg_C_seed2801,reward_curriculum/progress/frame,155975680,0.41777777671813965
mg_C_seed2801,reward_curriculum/progress/frame,156139520,0.4183333218097687
mg_C_seed2801,reward_curriculum/progress/frame,156303360,0.4188888967037201
mg_C_seed2801,reward_curriculum/progress/frame,156467200,0.4194444417953491
mg_C_seed2801,reward_curriculum/progress/frame,156631040,0.41999998688697815
mg_C_seed2801,reward_curriculum/progress/frame,156794880,0.42055556178092957
mg_C_seed2801,reward_curriculum/progress/frame,156958720,0.4211111068725586
mg_C_seed2801,reward_curriculum/progress/frame,157122560,0.4216666519641876
mg_C_seed2801,reward_curriculum/progress/frame,157286400,0.42222222685813904
mg_C_seed2801,reward_curriculum/progress/frame,157450240,0.42277777194976807
mg_C_seed2801,reward_curriculum/progress/frame,157614080,0.4233333468437195
mg_C_seed2801,reward_curriculum/progress/frame,157777920,0.4238888919353485
mg_C_seed2801,reward_curriculum/progress/frame,157941760,0.42444443702697754
mg_C_seed2801,reward_curriculum/progress/frame,158105600,0.42500001192092896
mg_C_seed2801,reward_curriculum/progress/frame,158269440,0.425555557012558
mg_C_seed2801,reward_curriculum/progress/frame,158433280,0.426111102104187
mg_C_seed2801,reward_curriculum/progress/frame,158597120,0.4266666769981384
mg_C_seed2801,reward_curriculum/progress/frame,158760960,0.42722222208976746
mg_C_seed2801,reward_curriculum/progress/frame,158924800,0.4277777671813965
mg_C_seed2801,reward_curriculum/progress/frame,159088640,0.4283333420753479
mg_C_seed2801,reward_curriculum/progress/frame,159252480,0.42888888716697693
mg_C_seed2801,reward_curriculum/progress/frame,159416320,0.42944443225860596
mg_C_seed2801,reward_curriculum/progress/frame,159580160,0.4300000071525574
mg_C_seed2801,reward_curriculum/progress/frame,159744000,0.4305555522441864
mg_C_seed2801,reward_curriculum/progress/frame,159907840,0.43111109733581543
mg_C_seed2801,reward_curriculum/progress/frame,160071680,0.43166667222976685
mg_C_seed2801,reward_curriculum/progress/frame,160235520,0.4322222173213959
mg_C_seed2801,reward_curriculum/progress/frame,160399360,0.4327777922153473
mg_C_seed2801,reward_curriculum/progress/frame,160563200,0.4333333373069763
mg_C_seed2801,reward_curriculum/progress/frame,160727040,0.43388888239860535
mg_C_seed2801,reward_curriculum/progress/frame,160890880,0.43444445729255676
mg_C_seed2801,reward_curriculum/progress/frame,161054720,0.4350000023841858
mg_C_seed2801,reward_curriculum/progress/frame,161218560,0.4355555474758148
mg_C_seed2801,reward_curriculum/progress/frame,161382400,0.43611112236976624
mg_C_seed2801,reward_curriculum/progress/frame,161546240,0.43666666746139526
mg_C_seed2801,reward_curriculum/progress/frame,161710080,0.4372222125530243
mg_C_seed2801,reward_curriculum/progress/frame,161873920,0.4377777874469757
mg_C_seed2801,reward_curriculum/progress/frame,162037760,0.43833333253860474
mg_C_seed2801,reward_curriculum/progress/frame,162201600,0.43888887763023376
mg_C_seed2801,reward_curriculum/progress/frame,162365440,0.4394444525241852
mg_C_seed2801,reward_curriculum/progress/frame,162529280,0.4399999976158142
mg_C_seed2801,reward_curriculum/progress/frame,162693120,0.44055554270744324
mg_C_seed2801,reward_curriculum/progress/frame,162856960,0.44111111760139465
mg_C_seed2801,reward_curriculum/progress/frame,163020800,0.4416666626930237
mg_C_seed2801,reward_curriculum/progress/frame,163184640,0.4422222077846527
mg_C_seed2801,reward_curriculum/progress/frame,163348480,0.4427777826786041
mg_C_seed2801,reward_curriculum/progress/frame,163512320,0.44333332777023315
mg_C_seed2801,reward_curriculum/progress/frame,163676160,0.44388890266418457
mg_C_seed2801,reward_curriculum/progress/frame,163840000,0.4444444477558136
mg_D_seed2801,rewards/step,163840,-61.860069274902344
mg_D_seed2801,rewards/step,327680,-85.97567749023438
mg_D_seed2801,rewards/step,491520,-111.18705749511719
mg_D_seed2801,rewards/step,655360,-131.94293212890625
mg_D_seed2801,rewards/step,819200,-157.7637481689453
mg_D_seed2801,rewards/step,983040,-190.30946350097656
mg_D_seed2801,rewards/step,1146880,-215.39938354492188
mg_D_seed2801,rewards/step,1310720,-239.30685424804688
mg_D_seed2801,rewards/step,1474560,-252.3590850830078
mg_D_seed2801,rewards/step,1638400,-275.01776123046875
mg_D_seed2801,rewards/step,1802240,-294.362060546875
mg_D_seed2801,rewards/step,1966080,-311.24554443359375
mg_D_seed2801,rewards/step,2129920,-326.94500732421875
mg_D_seed2801,rewards/step,2293760,-343.76605224609375
mg_D_seed2801,rewards/step,2457600,-370.3101806640625
mg_D_seed2801,rewards/step,2621440,-381.66644287109375
mg_D_seed2801,rewards/step,2785280,-403.3302917480469
mg_D_seed2801,rewards/step,2949120,-415.568359375
mg_D_seed2801,rewards/step,3112960,-565.95263671875
mg_D_seed2801,rewards/step,3276800,-598.9067993164062
mg_D_seed2801,rewards/step,3440640,-598.7620239257812
mg_D_seed2801,rewards/step,3604480,-583.4127197265625
mg_D_seed2801,rewards/step,3768320,-563.624267578125
mg_D_seed2801,rewards/step,3932160,-550.665283203125
mg_D_seed2801,rewards/step,4096000,-532.4285888671875
mg_D_seed2801,rewards/step,4259840,-519.6213989257812
mg_D_seed2801,rewards/step,4423680,-508.0426940917969
mg_D_seed2801,rewards/step,4587520,-503.3208312988281
mg_D_seed2801,rewards/step,4751360,-490.25408935546875
mg_D_seed2801,rewards/step,4915200,-478.4822082519531
mg_D_seed2801,rewards/step,5079040,-464.7606506347656
mg_D_seed2801,rewards/step,5242880,-448.5903625488281
mg_D_seed2801,rewards/step,5406720,-438.16302490234375
mg_D_seed2801,rewards/step,5570560,-426.32086181640625
mg_D_seed2801,rewards/step,5734400,-411.2576904296875
mg_D_seed2801,rewards/step,5898240,-388.7310485839844
mg_D_seed2801,rewards/step,6062080,-362.39349365234375
mg_D_seed2801,rewards/step,6225920,-345.8155212402344
mg_D_seed2801,rewards/step,6389760,-319.1885070800781
mg_D_seed2801,rewards/step,6553600,-304.9931945800781
mg_D_seed2801,rewards/step,6717440,-276.9220886230469
mg_D_seed2801,rewards/step,6881280,-247.66954040527344
mg_D_seed2801,rewards/step,7045120,-217.71517944335938
mg_D_seed2801,rewards/step,7208960,-189.74847412109375
mg_D_seed2801,rewards/step,7372800,-166.21908569335938
mg_D_seed2801,rewards/step,7536640,-141.59188842773438
mg_D_seed2801,rewards/step,7700480,-123.03482055664062
mg_D_seed2801,rewards/step,7864320,-108.5477294921875
mg_D_seed2801,rewards/step,8028160,-93.80767822265625
mg_D_seed2801,rewards/step,8192000,-83.78903198242188
mg_D_seed2801,rewards/step,8355840,-77.96383666992188
mg_D_seed2801,rewards/step,8519680,-71.15486907958984
mg_D_seed2801,rewards/step,8683520,-67.09693908691406
mg_D_seed2801,rewards/step,8847360,-66.80171966552734
mg_D_seed2801,rewards/step,9011200,-62.22197723388672
mg_D_seed2801,rewards/step,9175040,-60.93320846557617
mg_D_seed2801,rewards/step,9338880,-59.916534423828125
mg_D_seed2801,rewards/step,9502720,-60.01832580566406
mg_D_seed2801,rewards/step,9666560,-63.015968322753906
mg_D_seed2801,rewards/step,9830400,-60.6888427734375
mg_D_seed2801,rewards/step,9994240,-61.37876892089844
mg_D_seed2801,rewards/step,10158080,-61.763614654541016
mg_D_seed2801,rewards/step,10321920,-63.646339416503906
mg_D_seed2801,rewards/step,10485760,-65.3554916381836
mg_D_seed2801,rewards/step,10649600,-65.8399429321289
mg_D_seed2801,rewards/step,10813440,-64.076904296875
mg_D_seed2801,rewards/step,10977280,-71.71682739257812
mg_D_seed2801,rewards/step,11141120,-77.55233001708984
mg_D_seed2801,rewards/step,11304960,-79.65553283691406
mg_D_seed2801,rewards/step,11468800,-79.97856903076172
mg_D_seed2801,rewards/step,11632640,-77.59923553466797
mg_D_seed2801,rewards/step,11796480,-77.72523498535156
mg_D_seed2801,rewards/step,11960320,-74.15452575683594
mg_D_seed2801,rewards/step,12124160,-78.54015350341797
mg_D_seed2801,rewards/step,12288000,-75.27560424804688
mg_D_seed2801,rewards/step,12451840,-74.91625213623047
mg_D_seed2801,rewards/step,12615680,-71.34957122802734
mg_D_seed2801,rewards/step,12779520,-69.17255401611328
mg_D_seed2801,rewards/step,12943360,-71.9135513305664
mg_D_seed2801,rewards/step,13107200,-73.13028717041016
mg_D_seed2801,rewards/step,13271040,-76.0906982421875
mg_D_seed2801,rewards/step,13434880,-73.95159912109375
mg_D_seed2801,rewards/step,13598720,-74.2420425415039
mg_D_seed2801,rewards/step,13762560,-71.05524444580078
mg_D_seed2801,rewards/step,13926400,-74.29973602294922
mg_D_seed2801,rewards/step,14090240,-73.93639373779297
mg_D_seed2801,rewards/step,14254080,-71.95767974853516
mg_D_seed2801,rewards/step,14417920,-73.76367950439453
mg_D_seed2801,rewards/step,14581760,-71.61164855957031
mg_D_seed2801,rewards/step,14745600,-74.93408966064453
mg_D_seed2801,rewards/step,14909440,-71.35763549804688
mg_D_seed2801,rewards/step,15073280,-72.96502685546875
mg_D_seed2801,rewards/step,15237120,-76.74580383300781
mg_D_seed2801,rewards/step,15400960,-73.38116455078125
mg_D_seed2801,rewards/step,15564800,-75.279296875
mg_D_seed2801,rewards/step,15728640,-73.1443862915039
mg_D_seed2801,rewards/step,15892480,-72.98942565917969
mg_D_seed2801,rewards/step,16056320,-70.6678237915039
mg_D_seed2801,rewards/step,16220160,-75.45095825195312
mg_D_seed2801,rewards/step,16384000,-71.87861633300781
mg_D_seed2801,rewards/step,16547840,-77.01769256591797
mg_D_seed2801,rewards/step,16711680,-79.03131103515625
mg_D_seed2801,rewards/step,16875520,-77.9334487915039
mg_D_seed2801,rewards/step,17039360,-76.483154296875
mg_D_seed2801,rewards/step,17203200,-76.40689849853516
mg_D_seed2801,rewards/step,17367040,-68.27534484863281
mg_D_seed2801,rewards/step,17530880,-73.73499298095703
mg_D_seed2801,rewards/step,17694720,-68.87218475341797
mg_D_seed2801,rewards/step,17858560,-70.06422424316406
mg_D_seed2801,rewards/step,18022400,-71.29358673095703
mg_D_seed2801,rewards/step,18186240,-75.03862762451172
mg_D_seed2801,rewards/step,18350080,-77.33049774169922
mg_D_seed2801,rewards/step,18513920,-72.45475769042969
mg_D_seed2801,rewards/step,18677760,-74.97589874267578
mg_D_seed2801,rewards/step,18841600,-70.83231353759766
mg_D_seed2801,rewards/step,19005440,-71.91925811767578
mg_D_seed2801,rewards/step,19169280,-70.8746566772461
mg_D_seed2801,rewards/step,19333120,-69.47920989990234
mg_D_seed2801,rewards/step,19496960,-64.6137466430664
mg_D_seed2801,rewards/step,19660800,-68.97664642333984
mg_D_seed2801,rewards/step,19824640,-71.19804382324219
mg_D_seed2801,rewards/step,19988480,-70.97219848632812
mg_D_seed2801,rewards/step,20152320,-70.12847137451172
mg_D_seed2801,rewards/step,20316160,-70.56924438476562
mg_D_seed2801,rewards/step,20480000,-71.02880859375
mg_D_seed2801,rewards/step,20643840,-64.94855499267578
mg_D_seed2801,rewards/step,20807680,-67.4594497680664
mg_D_seed2801,rewards/step,20971520,-69.45313262939453
mg_D_seed2801,rewards/step,21135360,-66.25428009033203
mg_D_seed2801,rewards/step,21299200,-65.87590026855469
mg_D_seed2801,rewards/step,21463040,-65.4833984375
mg_D_seed2801,rewards/step,21626880,-63.32714080810547
mg_D_seed2801,rewards/step,21790720,-70.15006256103516
mg_D_seed2801,rewards/step,21954560,-67.86485290527344
mg_D_seed2801,rewards/step,22118400,-65.01872253417969
mg_D_seed2801,rewards/step,22282240,-66.20328521728516
mg_D_seed2801,rewards/step,22446080,-62.241844177246094
mg_D_seed2801,rewards/step,22609920,-62.13654708862305
mg_D_seed2801,rewards/step,22773760,-61.90114974975586
mg_D_seed2801,rewards/step,22937600,-65.32516479492188
mg_D_seed2801,rewards/step,23101440,-62.13081359863281
mg_D_seed2801,rewards/step,23265280,-60.538150787353516
mg_D_seed2801,rewards/step,23429120,-64.01956939697266
mg_D_seed2801,rewards/step,23592960,-61.14249801635742
mg_D_seed2801,rewards/step,23756800,-64.80998992919922
mg_D_seed2801,rewards/step,23920640,-63.24168014526367
mg_D_seed2801,rewards/step,24084480,-65.09017944335938
mg_D_seed2801,rewards/step,24248320,-64.02225494384766
mg_D_seed2801,rewards/step,24412160,-61.03812789916992
mg_D_seed2801,rewards/step,24576000,-63.33019256591797
mg_D_seed2801,rewards/step,24739840,-64.1510238647461
mg_D_seed2801,rewards/step,24903680,-62.037620544433594
mg_D_seed2801,rewards/step,25067520,-61.931922912597656
mg_D_seed2801,rewards/step,25231360,-60.29844284057617
mg_D_seed2801,rewards/step,25395200,-54.332061767578125
mg_D_seed2801,rewards/step,25559040,-60.48367691040039
mg_D_seed2801,rewards/step,25722880,-62.68675994873047
mg_D_seed2801,rewards/step,25886720,-58.030582427978516
mg_D_seed2801,rewards/step,26050560,-62.699623107910156
mg_D_seed2801,rewards/step,26214400,-61.64519119262695
mg_D_seed2801,rewards/step,26378240,-64.3128890991211
mg_D_seed2801,rewards/step,26542080,-63.511348724365234
mg_D_seed2801,rewards/step,26705920,-62.548526763916016
mg_D_seed2801,rewards/step,26869760,-62.191532135009766
mg_D_seed2801,rewards/step,27033600,-65.30479431152344
mg_D_seed2801,rewards/step,27197440,-61.74836730957031
mg_D_seed2801,rewards/step,27361280,-63.48216247558594
mg_D_seed2801,rewards/step,27525120,-57.40646743774414
mg_D_seed2801,rewards/step,27688960,-57.27290725708008
mg_D_seed2801,rewards/step,27852800,-57.5479621887207
mg_D_seed2801,rewards/step,28016640,-56.65772247314453
mg_D_seed2801,rewards/step,28180480,-55.76260757446289
mg_D_seed2801,rewards/step,28344320,-60.5677490234375
mg_D_seed2801,rewards/step,28508160,-56.70572280883789
mg_D_seed2801,rewards/step,28672000,-58.43862533569336
mg_D_seed2801,rewards/step,28835840,-54.76060485839844
mg_D_seed2801,rewards/step,28999680,-55.89921951293945
mg_D_seed2801,rewards/step,29163520,-57.255950927734375
mg_D_seed2801,rewards/step,29327360,-52.168636322021484
mg_D_seed2801,rewards/step,29491200,-55.27875900268555
mg_D_seed2801,rewards/step,29655040,-52.77801513671875
mg_D_seed2801,rewards/step,29818880,-54.34996795654297
mg_D_seed2801,rewards/step,29982720,-56.88148498535156
mg_D_seed2801,rewards/step,30146560,-54.049217224121094
mg_D_seed2801,rewards/step,30310400,-59.42081832885742
mg_D_seed2801,rewards/step,30474240,-53.286685943603516
mg_D_seed2801,rewards/step,30638080,-51.536529541015625
mg_D_seed2801,rewards/step,30801920,-52.31869888305664
mg_D_seed2801,rewards/step,30965760,-57.66952896118164
mg_D_seed2801,rewards/step,31129600,-52.52197265625
mg_D_seed2801,rewards/step,31293440,-50.0584716796875
mg_D_seed2801,rewards/step,31457280,-50.24336242675781
mg_D_seed2801,rewards/step,31621120,-48.737266540527344
mg_D_seed2801,rewards/step,31784960,-52.358619689941406
mg_D_seed2801,rewards/step,31948800,-51.588016510009766
mg_D_seed2801,rewards/step,32112640,-49.66304016113281
mg_D_seed2801,rewards/step,32276480,-51.97163009643555
mg_D_seed2801,rewards/step,32440320,-49.948062896728516
mg_D_seed2801,rewards/step,32604160,-48.01713943481445
mg_D_seed2801,rewards/step,32768000,-50.235713958740234
mg_D_seed2801,rewards/step,32931840,-52.61083984375
mg_D_seed2801,rewards/step,33095680,-53.373077392578125
mg_D_seed2801,rewards/step,33259520,-57.42473220825195
mg_D_seed2801,rewards/step,33423360,-53.652156829833984
mg_D_seed2801,rewards/step,33587200,-53.74934768676758
mg_D_seed2801,rewards/step,33751040,-51.40069580078125
mg_D_seed2801,rewards/step,33914880,-53.02223205566406
mg_D_seed2801,rewards/step,34078720,-52.856781005859375
mg_D_seed2801,rewards/step,34242560,-52.69337844848633
mg_D_seed2801,rewards/step,34406400,-56.039459228515625
mg_D_seed2801,rewards/step,34570240,-54.22080612182617
mg_D_seed2801,rewards/step,34734080,-54.57455825805664
mg_D_seed2801,rewards/step,34897920,-49.14870834350586
mg_D_seed2801,rewards/step,35061760,-49.653873443603516
mg_D_seed2801,rewards/step,35225600,-49.34553527832031
mg_D_seed2801,rewards/step,35389440,-47.712860107421875
mg_D_seed2801,rewards/step,35553280,-44.8540153503418
mg_D_seed2801,rewards/step,35717120,-50.66169738769531
mg_D_seed2801,rewards/step,35880960,-49.384857177734375
mg_D_seed2801,rewards/step,36044800,-45.287227630615234
mg_D_seed2801,rewards/step,36208640,-43.30596923828125
mg_D_seed2801,rewards/step,36372480,-42.71859359741211
mg_D_seed2801,rewards/step,36536320,-47.1739616394043
mg_D_seed2801,rewards/step,36700160,-48.888057708740234
mg_D_seed2801,rewards/step,36864000,-47.299659729003906
mg_D_seed2801,rewards/step,37027840,-45.5555419921875
mg_D_seed2801,rewards/step,37191680,-43.426727294921875
mg_D_seed2801,rewards/step,37355520,-44.8405876159668
mg_D_seed2801,rewards/step,37519360,-46.74644088745117
mg_D_seed2801,rewards/step,37683200,-43.42460632324219
mg_D_seed2801,rewards/step,37847040,-41.737056732177734
mg_D_seed2801,rewards/step,38010880,-44.70860290527344
mg_D_seed2801,rewards/step,38174720,-42.44224166870117
mg_D_seed2801,rewards/step,38338560,-45.61119079589844
mg_D_seed2801,rewards/step,38502400,-46.241756439208984
mg_D_seed2801,rewards/step,38666240,-41.44142532348633
mg_D_seed2801,rewards/step,38830080,-42.87449645996094
mg_D_seed2801,rewards/step,38993920,-44.452369689941406
mg_D_seed2801,rewards/step,39157760,-43.74773025512695
mg_D_seed2801,rewards/step,39321600,-43.41783905029297
mg_D_seed2801,rewards/step,39485440,-42.71834945678711
mg_D_seed2801,rewards/step,39649280,-41.177490234375
mg_D_seed2801,rewards/step,39813120,-43.69706344604492
mg_D_seed2801,rewards/step,39976960,-42.76457595825195
mg_D_seed2801,rewards/step,40140800,-39.897499084472656
mg_D_seed2801,rewards/step,40304640,-41.44354248046875
mg_D_seed2801,rewards/step,40468480,-42.26633834838867
mg_D_seed2801,rewards/step,40632320,-42.29138946533203
mg_D_seed2801,rewards/step,40796160,-42.5216064453125
mg_D_seed2801,rewards/step,40960000,-48.260868072509766
mg_D_seed2801,rewards/step,41123840,-44.680782318115234
mg_D_seed2801,rewards/step,41287680,-43.51267623901367
mg_D_seed2801,rewards/step,41451520,-41.73493576049805
mg_D_seed2801,rewards/step,41615360,-42.72575378417969
mg_D_seed2801,rewards/step,41779200,-40.59254837036133
mg_D_seed2801,rewards/step,41943040,-42.64854431152344
mg_D_seed2801,rewards/step,42106880,-41.91915512084961
mg_D_seed2801,rewards/step,42270720,-44.221336364746094
mg_D_seed2801,rewards/step,42434560,-41.23541259765625
mg_D_seed2801,rewards/step,42598400,-40.117156982421875
mg_D_seed2801,rewards/step,42762240,-39.730499267578125
mg_D_seed2801,rewards/step,42926080,-43.80789566040039
mg_D_seed2801,rewards/step,43089920,-40.59288024902344
mg_D_seed2801,rewards/step,43253760,-39.14308166503906
mg_D_seed2801,rewards/step,43417600,-38.872032165527344
mg_D_seed2801,rewards/step,43581440,-39.983760833740234
mg_D_seed2801,rewards/step,43745280,-38.34682846069336
mg_D_seed2801,rewards/step,43909120,-37.715843200683594
mg_D_seed2801,rewards/step,44072960,-40.41904830932617
mg_D_seed2801,rewards/step,44236800,-38.38575744628906
mg_D_seed2801,rewards/step,44400640,-37.27522277832031
mg_D_seed2801,rewards/step,44564480,-40.96998977661133
mg_D_seed2801,rewards/step,44728320,-39.654266357421875
mg_D_seed2801,rewards/step,44892160,-38.15873718261719
mg_D_seed2801,rewards/step,45056000,-38.79993438720703
mg_D_seed2801,rewards/step,45219840,-37.71046829223633
mg_D_seed2801,rewards/step,45383680,-38.70859909057617
mg_D_seed2801,rewards/step,45547520,-39.07958984375
mg_D_seed2801,rewards/step,45711360,-36.645362854003906
mg_D_seed2801,rewards/step,45875200,-35.70093536376953
mg_D_seed2801,rewards/step,46039040,-35.99412536621094
mg_D_seed2801,rewards/step,46202880,-36.31911849975586
mg_D_seed2801,rewards/step,46366720,-35.32609939575195
mg_D_seed2801,rewards/step,46530560,-34.495750427246094
mg_D_seed2801,rewards/step,46694400,-36.16926193237305
mg_D_seed2801,rewards/step,46858240,-36.20369338989258
mg_D_seed2801,rewards/step,47022080,-35.06193542480469
mg_D_seed2801,rewards/step,47185920,-34.539031982421875
mg_D_seed2801,rewards/step,47349760,-33.715938568115234
mg_D_seed2801,rewards/step,47513600,-32.855194091796875
mg_D_seed2801,rewards/step,47677440,-33.66313552856445
mg_D_seed2801,rewards/step,47841280,-33.6234130859375
mg_D_seed2801,rewards/step,48005120,-34.27956008911133
mg_D_seed2801,rewards/step,48168960,-33.560455322265625
mg_D_seed2801,rewards/step,48332800,-34.47469711303711
mg_D_seed2801,rewards/step,48496640,-35.70500183105469
mg_D_seed2801,rewards/step,48660480,-35.840118408203125
mg_D_seed2801,rewards/step,48824320,-33.5008659362793
mg_D_seed2801,rewards/step,48988160,-33.47574996948242
mg_D_seed2801,rewards/step,49152000,-32.655879974365234
mg_D_seed2801,rewards/step,49315840,-32.17049789428711
mg_D_seed2801,rewards/step,49479680,-33.061798095703125
mg_D_seed2801,rewards/step,49643520,-34.1109619140625
mg_D_seed2801,rewards/step,49807360,-35.19453430175781
mg_D_seed2801,rewards/step,49971200,-34.95025634765625
mg_D_seed2801,rewards/step,50135040,-33.20125198364258
mg_D_seed2801,rewards/step,50298880,-33.62790298461914
mg_D_seed2801,rewards/step,50462720,-34.339534759521484
mg_D_seed2801,rewards/step,50626560,-32.88360595703125
mg_D_seed2801,rewards/step,50790400,-33.27315902709961
mg_D_seed2801,rewards/step,50954240,-32.91350555419922
mg_D_seed2801,rewards/step,51118080,-32.90861511230469
mg_D_seed2801,rewards/step,51281920,-33.169124603271484
mg_D_seed2801,rewards/step,51445760,-32.741485595703125
mg_D_seed2801,rewards/step,51609600,-33.06521987915039
mg_D_seed2801,rewards/step,51773440,-33.57400894165039
mg_D_seed2801,rewards/step,51937280,-31.87091636657715
mg_D_seed2801,rewards/step,52101120,-32.11257553100586
mg_D_seed2801,rewards/step,52264960,-32.85884094238281
mg_D_seed2801,rewards/step,52428800,-31.226621627807617
mg_D_seed2801,rewards/step,52592640,-33.02505111694336
mg_D_seed2801,rewards/step,52756480,-31.22980499267578
mg_D_seed2801,rewards/step,52920320,-31.00330924987793
mg_D_seed2801,rewards/step,53084160,-30.96146583557129
mg_D_seed2801,rewards/step,53248000,-30.050867080688477
mg_D_seed2801,rewards/step,53411840,-32.075828552246094
mg_D_seed2801,rewards/step,53575680,-31.257644653320312
mg_D_seed2801,rewards/step,53739520,-32.06572723388672
mg_D_seed2801,rewards/step,53903360,-33.611793518066406
mg_D_seed2801,rewards/step,54067200,-32.443878173828125
mg_D_seed2801,rewards/step,54231040,-33.60284423828125
mg_D_seed2801,rewards/step,54394880,-32.953826904296875
mg_D_seed2801,rewards/step,54558720,-36.203285217285156
mg_D_seed2801,rewards/step,54722560,-35.96794128417969
mg_D_seed2801,rewards/step,54886400,-33.2104377746582
mg_D_seed2801,rewards/step,55050240,-32.269954681396484
mg_D_seed2801,rewards/step,55214080,-30.95197868347168
mg_D_seed2801,rewards/step,55377920,-30.756620407104492
mg_D_seed2801,rewards/step,55541760,-31.238637924194336
mg_D_seed2801,rewards/step,55705600,-32.77814483642578
mg_D_seed2801,rewards/step,55869440,-31.25554084777832
mg_D_seed2801,rewards/step,56033280,-31.25376319885254
mg_D_seed2801,rewards/step,56197120,-29.340099334716797
mg_D_seed2801,rewards/step,56360960,-29.029455184936523
mg_D_seed2801,rewards/step,56524800,-28.837106704711914
mg_D_seed2801,rewards/step,56688640,-29.01179313659668
mg_D_seed2801,rewards/step,56852480,-29.552932739257812
mg_D_seed2801,rewards/step,57016320,-30.331350326538086
mg_D_seed2801,rewards/step,57180160,-30.0782527923584
mg_D_seed2801,rewards/step,57344000,-30.225976943969727
mg_D_seed2801,rewards/step,57507840,-30.127836227416992
mg_D_seed2801,rewards/step,57671680,-31.485986709594727
mg_D_seed2801,rewards/step,57835520,-30.907278060913086
mg_D_seed2801,rewards/step,57999360,-31.736406326293945
mg_D_seed2801,rewards/step,58163200,-31.882394790649414
mg_D_seed2801,rewards/step,58327040,-29.716821670532227
mg_D_seed2801,rewards/step,58490880,-31.60304069519043
mg_D_seed2801,rewards/step,58654720,-30.04157066345215
mg_D_seed2801,rewards/step,58818560,-29.788808822631836
mg_D_seed2801,rewards/step,58982400,-29.703569412231445
mg_D_seed2801,rewards/step,59146240,-30.37019157409668
mg_D_seed2801,rewards/step,59310080,-30.335254669189453
mg_D_seed2801,rewards/step,59473920,-30.02805519104004
mg_D_seed2801,rewards/step,59637760,-28.791902542114258
mg_D_seed2801,rewards/step,59801600,-29.824121475219727
mg_D_seed2801,rewards/step,59965440,-29.53323745727539
mg_D_seed2801,rewards/step,60129280,-28.541301727294922
mg_D_seed2801,rewards/step,60293120,-27.776159286499023
mg_D_seed2801,rewards/step,60456960,-27.814680099487305
mg_D_seed2801,rewards/step,60620800,-28.005353927612305
mg_D_seed2801,rewards/step,60784640,-28.353981018066406
mg_D_seed2801,rewards/step,60948480,-28.327219009399414
mg_D_seed2801,rewards/step,61112320,-28.20380210876465
mg_D_seed2801,rewards/step,61276160,-28.903749465942383
mg_D_seed2801,rewards/step,61440000,-29.511093139648438
mg_D_seed2801,rewards/step,61603840,-30.126543045043945
mg_D_seed2801,rewards/step,61767680,-30.126571655273438
mg_D_seed2801,rewards/step,61931520,-30.296524047851562
mg_D_seed2801,rewards/step,62095360,-29.933624267578125
mg_D_seed2801,rewards/step,62259200,-28.851028442382812
mg_D_seed2801,rewards/step,62423040,-28.302928924560547
mg_D_seed2801,rewards/step,62586880,-28.513471603393555
mg_D_seed2801,rewards/step,62750720,-29.92886734008789
mg_D_seed2801,rewards/step,62914560,-28.782625198364258
mg_D_seed2801,rewards/step,63078400,-28.101707458496094
mg_D_seed2801,rewards/step,63242240,-27.233213424682617
mg_D_seed2801,rewards/step,63406080,-26.695707321166992
mg_D_seed2801,rewards/step,63569920,-26.935861587524414
mg_D_seed2801,rewards/step,63733760,-27.66374397277832
mg_D_seed2801,rewards/step,63897600,-28.029088973999023
mg_D_seed2801,rewards/step,64061440,-28.417743682861328
mg_D_seed2801,rewards/step,64225280,-28.098617553710938
mg_D_seed2801,rewards/step,64389120,-29.739940643310547
mg_D_seed2801,rewards/step,64552960,-28.254335403442383
mg_D_seed2801,rewards/step,64716800,-28.60247039794922
mg_D_seed2801,rewards/step,64880640,-27.018335342407227
mg_D_seed2801,rewards/step,65044480,-26.69513511657715
mg_D_seed2801,rewards/step,65208320,-26.48609161376953
mg_D_seed2801,rewards/step,65372160,-26.027217864990234
mg_D_seed2801,rewards/step,65536000,-28.58339500427246
mg_D_seed2801,rewards/step,65699840,-28.893129348754883
mg_D_seed2801,rewards/step,65863680,-27.11757469177246
mg_D_seed2801,rewards/step,66027520,-26.81546401977539
mg_D_seed2801,rewards/step,66191360,-29.528690338134766
mg_D_seed2801,rewards/step,66355200,-29.378217697143555
mg_D_seed2801,rewards/step,66519040,-29.057125091552734
mg_D_seed2801,rewards/step,66682880,-29.0539493560791
mg_D_seed2801,rewards/step,66846720,-27.810129165649414
mg_D_seed2801,rewards/step,67010560,-27.52539825439453
mg_D_seed2801,rewards/step,67174400,-26.853425979614258
mg_D_seed2801,rewards/step,67338240,-29.93143653869629
mg_D_seed2801,rewards/step,67502080,-27.89839744567871
mg_D_seed2801,rewards/step,67665920,-26.575889587402344
mg_D_seed2801,rewards/step,67829760,-25.973697662353516
mg_D_seed2801,rewards/step,67993600,-26.660329818725586
mg_D_seed2801,rewards/step,68157440,-27.018463134765625
mg_D_seed2801,rewards/step,68321280,-26.097320556640625
mg_D_seed2801,rewards/step,68485120,-25.74334144592285
mg_D_seed2801,rewards/step,68648960,-30.660768508911133
mg_D_seed2801,rewards/step,68812800,-27.85038948059082
mg_D_seed2801,rewards/step,68976640,-28.579774856567383
mg_D_seed2801,rewards/step,69140480,-26.63084602355957
mg_D_seed2801,rewards/step,69304320,-25.560382843017578
mg_D_seed2801,rewards/step,69468160,-26.6070613861084
mg_D_seed2801,rewards/step,69632000,-25.437000274658203
mg_D_seed2801,rewards/step,69795840,-25.554704666137695
mg_D_seed2801,rewards/step,69959680,-25.643369674682617
mg_D_seed2801,rewards/step,70123520,-25.186344146728516
mg_D_seed2801,rewards/step,70287360,-25.419004440307617
mg_D_seed2801,rewards/step,70451200,-27.127124786376953
mg_D_seed2801,rewards/step,70615040,-28.741392135620117
mg_D_seed2801,rewards/step,70778880,-27.057348251342773
mg_D_seed2801,rewards/step,70942720,-25.941726684570312
mg_D_seed2801,rewards/step,71106560,-27.5277156829834
mg_D_seed2801,rewards/step,71270400,-26.216699600219727
mg_D_seed2801,rewards/step,71434240,-25.14903450012207
mg_D_seed2801,rewards/step,71598080,-25.71895980834961
mg_D_seed2801,rewards/step,71761920,-29.18457794189453
mg_D_seed2801,rewards/step,71925760,-26.402973175048828
mg_D_seed2801,rewards/step,72089600,-25.38011360168457
mg_D_seed2801,rewards/step,72253440,-25.71539878845215
mg_D_seed2801,rewards/step,72417280,-26.225263595581055
mg_D_seed2801,rewards/step,72581120,-28.35171890258789
mg_D_seed2801,rewards/step,72744960,-26.852088928222656
mg_D_seed2801,rewards/step,72908800,-26.562694549560547
mg_D_seed2801,rewards/step,73072640,-27.883041381835938
mg_D_seed2801,rewards/step,73236480,-28.12620735168457
mg_D_seed2801,rewards/step,73400320,-25.950824737548828
mg_D_seed2801,rewards/step,73564160,-27.111087799072266
mg_D_seed2801,rewards/step,73728000,-25.746450424194336
mg_D_seed2801,rewards/step,73891840,-25.525243759155273
mg_D_seed2801,rewards/step,74055680,-26.58755874633789
mg_D_seed2801,rewards/step,74219520,-25.023229598999023
mg_D_seed2801,rewards/step,74383360,-25.361600875854492
mg_D_seed2801,rewards/step,74547200,-25.06780433654785
mg_D_seed2801,rewards/step,74711040,-24.6171932220459
mg_D_seed2801,rewards/step,74874880,-25.52219581604004
mg_D_seed2801,rewards/step,75038720,-24.551496505737305
mg_D_seed2801,rewards/step,75202560,-26.688920974731445
mg_D_seed2801,rewards/step,75366400,-25.20155906677246
mg_D_seed2801,rewards/step,75530240,-24.395214080810547
mg_D_seed2801,rewards/step,75694080,-23.94609832763672
mg_D_seed2801,rewards/step,75857920,-24.03973388671875
mg_D_seed2801,rewards/step,76021760,-23.57809066772461
mg_D_seed2801,rewards/step,76185600,-24.895709991455078
mg_D_seed2801,rewards/step,76349440,-24.666593551635742
mg_D_seed2801,rewards/step,76513280,-24.598407745361328
mg_D_seed2801,rewards/step,76677120,-24.167015075683594
mg_D_seed2801,rewards/step,76840960,-24.5949649810791
mg_D_seed2801,rewards/step,77004800,-26.50680923461914
mg_D_seed2801,rewards/step,77168640,-25.103679656982422
mg_D_seed2801,rewards/step,77332480,-24.020286560058594
mg_D_seed2801,rewards/step,77496320,-23.691452026367188
mg_D_seed2801,rewards/step,77660160,-23.690645217895508
mg_D_seed2801,rewards/step,77824000,-23.312978744506836
mg_D_seed2801,rewards/step,77987840,-23.039113998413086
mg_D_seed2801,rewards/step,78151680,-23.647247314453125
mg_D_seed2801,rewards/step,78315520,-24.817218780517578
mg_D_seed2801,rewards/step,78479360,-24.004962921142578
mg_D_seed2801,rewards/step,78643200,-23.353010177612305
mg_D_seed2801,rewards/step,78807040,-23.244909286499023
mg_D_seed2801,rewards/step,78970880,-24.436260223388672
mg_D_seed2801,rewards/step,79134720,-24.02858543395996
mg_D_seed2801,rewards/step,79298560,-24.031198501586914
mg_D_seed2801,rewards/step,79462400,-24.027721405029297
mg_D_seed2801,rewards/step,79626240,-23.802356719970703
mg_D_seed2801,rewards/step,79790080,-23.605552673339844
mg_D_seed2801,rewards/step,79953920,-23.94709587097168
mg_D_seed2801,rewards/step,80117760,-25.978713989257812
mg_D_seed2801,rewards/step,80281600,-24.49859046936035
mg_D_seed2801,rewards/step,80445440,-23.976192474365234
mg_D_seed2801,rewards/step,80609280,-22.936553955078125
mg_D_seed2801,rewards/step,80773120,-23.26563262939453
mg_D_seed2801,rewards/step,80936960,-24.11716651916504
mg_D_seed2801,rewards/step,81100800,-23.359291076660156
mg_D_seed2801,rewards/step,81264640,-23.79532814025879
mg_D_seed2801,rewards/step,81428480,-24.1750545501709
mg_D_seed2801,rewards/step,81592320,-25.43425941467285
mg_D_seed2801,rewards/step,81756160,-24.200483322143555
mg_D_seed2801,rewards/step,81920000,-23.808374404907227
mg_D_seed2801,rewards/step,82083840,-25.509353637695312
mg_D_seed2801,rewards/step,82247680,-25.11940574645996
mg_D_seed2801,rewards/step,82411520,-23.85654640197754
mg_D_seed2801,rewards/step,82575360,-23.396244049072266
mg_D_seed2801,rewards/step,82739200,-23.493526458740234
mg_D_seed2801,rewards/step,82903040,-25.310100555419922
mg_D_seed2801,rewards/step,83066880,-25.538612365722656
mg_D_seed2801,rewards/step,83230720,-24.266687393188477
mg_D_seed2801,rewards/step,83394560,-23.18683624267578
mg_D_seed2801,rewards/step,83558400,-23.22331428527832
mg_D_seed2801,rewards/step,83722240,-24.01969337463379
mg_D_seed2801,rewards/step,83886080,-25.06937026977539
mg_D_seed2801,rewards/step,84049920,-23.651226043701172
mg_D_seed2801,rewards/step,84213760,-24.326000213623047
mg_D_seed2801,rewards/step,84377600,-24.24187469482422
mg_D_seed2801,rewards/step,84541440,-23.281885147094727
mg_D_seed2801,rewards/step,84705280,-22.9670352935791
mg_D_seed2801,rewards/step,84869120,-23.885299682617188
mg_D_seed2801,rewards/step,85032960,-23.23672866821289
mg_D_seed2801,rewards/step,85196800,-22.94178009033203
mg_D_seed2801,rewards/step,85360640,-22.9110107421875
mg_D_seed2801,rewards/step,85524480,-24.227453231811523
mg_D_seed2801,rewards/step,85688320,-23.386137008666992
mg_D_seed2801,rewards/step,85852160,-22.819772720336914
mg_D_seed2801,rewards/step,86016000,-22.717390060424805
mg_D_seed2801,rewards/step,86179840,-22.837587356567383
mg_D_seed2801,rewards/step,86343680,-23.22490882873535
mg_D_seed2801,rewards/step,86507520,-24.26054573059082
mg_D_seed2801,rewards/step,86671360,-23.90627670288086
mg_D_seed2801,rewards/step,86835200,-23.12528419494629
mg_D_seed2801,rewards/step,86999040,-22.60249900817871
mg_D_seed2801,rewards/step,87162880,-22.437509536743164
mg_D_seed2801,rewards/step,87326720,-22.466991424560547
mg_D_seed2801,rewards/step,87490560,-23.812255859375
mg_D_seed2801,rewards/step,87654400,-23.52765655517578
mg_D_seed2801,rewards/step,87818240,-24.61899185180664
mg_D_seed2801,rewards/step,87982080,-23.488208770751953
mg_D_seed2801,rewards/step,88145920,-22.9014949798584
mg_D_seed2801,rewards/step,88309760,-22.44635581970215
mg_D_seed2801,rewards/step,88473600,-23.72382354736328
mg_D_seed2801,rewards/step,88637440,-23.37343406677246
mg_D_seed2801,rewards/step,88801280,-22.681842803955078
mg_D_seed2801,rewards/step,88965120,-21.902570724487305
mg_D_seed2801,rewards/step,89128960,-23.189844131469727
mg_D_seed2801,rewards/step,89292800,-23.004186630249023
mg_D_seed2801,rewards/step,89456640,-24.192476272583008
mg_D_seed2801,rewards/step,89620480,-23.85365104675293
mg_D_seed2801,rewards/step,89784320,-23.17367172241211
mg_D_seed2801,rewards/step,89948160,-23.82575035095215
mg_D_seed2801,rewards/step,90112000,-23.18528938293457
mg_D_seed2801,rewards/step,90275840,-23.894344329833984
mg_D_seed2801,rewards/step,90439680,-24.288352966308594
mg_D_seed2801,rewards/step,90603520,-24.38318634033203
mg_D_seed2801,rewards/step,90767360,-24.52861213684082
mg_D_seed2801,rewards/step,90931200,-24.814538955688477
mg_D_seed2801,rewards/step,91095040,-23.552284240722656
mg_D_seed2801,rewards/step,91258880,-22.74765396118164
mg_D_seed2801,rewards/step,91422720,-22.444087982177734
mg_D_seed2801,rewards/step,91586560,-22.04709815979004
mg_D_seed2801,rewards/step,91750400,-22.77206802368164
mg_D_seed2801,rewards/step,91914240,-22.741744995117188
mg_D_seed2801,rewards/step,92078080,-23.336885452270508
mg_D_seed2801,rewards/step,92241920,-23.75554656982422
mg_D_seed2801,rewards/step,92405760,-22.909372329711914
mg_D_seed2801,rewards/step,92569600,-22.511280059814453
mg_D_seed2801,rewards/step,92733440,-22.273296356201172
mg_D_seed2801,rewards/step,92897280,-23.123119354248047
mg_D_seed2801,rewards/step,93061120,-23.546220779418945
mg_D_seed2801,rewards/step,93224960,-24.621129989624023
mg_D_seed2801,rewards/step,93388800,-23.139299392700195
mg_D_seed2801,rewards/step,93552640,-23.013500213623047
mg_D_seed2801,rewards/step,93716480,-22.34286880493164
mg_D_seed2801,rewards/step,93880320,-21.883411407470703
mg_D_seed2801,rewards/step,94044160,-21.125192642211914
mg_D_seed2801,rewards/step,94208000,-21.19896125793457
mg_D_seed2801,rewards/step,94371840,-22.50225830078125
mg_D_seed2801,rewards/step,94535680,-22.280439376831055
mg_D_seed2801,rewards/step,94699520,-22.923295974731445
mg_D_seed2801,rewards/step,94863360,-22.162696838378906
mg_D_seed2801,rewards/step,95027200,-23.77077293395996
mg_D_seed2801,rewards/step,95191040,-23.061012268066406
mg_D_seed2801,rewards/step,95354880,-22.85549545288086
mg_D_seed2801,rewards/step,95518720,-22.109638214111328
mg_D_seed2801,rewards/step,95682560,-22.461164474487305
mg_D_seed2801,rewards/step,95846400,-22.836578369140625
mg_D_seed2801,rewards/step,96010240,-22.14769744873047
mg_D_seed2801,rewards/step,96174080,-23.208314895629883
mg_D_seed2801,rewards/step,96337920,-23.069236755371094
mg_D_seed2801,rewards/step,96501760,-22.329980850219727
mg_D_seed2801,rewards/step,96665600,-21.89535140991211
mg_D_seed2801,rewards/step,96829440,-22.219846725463867
mg_D_seed2801,rewards/step,96993280,-23.97208023071289
mg_D_seed2801,rewards/step,97157120,-22.894752502441406
mg_D_seed2801,rewards/step,97320960,-24.162338256835938
mg_D_seed2801,rewards/step,97484800,-23.801870346069336
mg_D_seed2801,rewards/step,97648640,-22.076013565063477
mg_D_seed2801,rewards/step,97812480,-21.610450744628906
mg_D_seed2801,rewards/step,97976320,-21.80550193786621
mg_D_seed2801,rewards/step,98140160,-21.53629493713379
mg_D_seed2801,rewards/step,98304000,-23.189754486083984
mg_D_seed2801,rewards/step,98467840,-21.987613677978516
mg_D_seed2801,rewards/step,98631680,-22.738615036010742
mg_D_seed2801,rewards/step,98795520,-21.619260787963867
mg_D_seed2801,rewards/step,98959360,-20.939611434936523
mg_D_seed2801,rewards/step,99123200,-22.425325393676758
mg_D_seed2801,rewards/step,99287040,-21.40349006652832
mg_D_seed2801,rewards/step,99450880,-21.584562301635742
mg_D_seed2801,rewards/step,99614720,-21.40940284729004
mg_D_seed2801,rewards/step,99778560,-20.723186492919922
mg_D_seed2801,rewards/step,99942400,-20.46623992919922
mg_D_seed2801,rewards/step,100106240,-20.516307830810547
mg_D_seed2801,rewards/step,100270080,-21.552400588989258
mg_D_seed2801,rewards/step,100433920,-21.94548225402832
mg_D_seed2801,rewards/step,100597760,-22.007051467895508
mg_D_seed2801,rewards/step,100761600,-21.939537048339844
mg_D_seed2801,rewards/step,100925440,-21.68063735961914
mg_D_seed2801,rewards/step,101089280,-21.045528411865234
mg_D_seed2801,rewards/step,101253120,-21.17847442626953
mg_D_seed2801,rewards/step,101416960,-21.373939514160156
mg_D_seed2801,rewards/step,101580800,-20.94387435913086
mg_D_seed2801,rewards/step,101744640,-21.940364837646484
mg_D_seed2801,rewards/step,101908480,-20.96664047241211
mg_D_seed2801,rewards/step,102072320,-23.702741622924805
mg_D_seed2801,rewards/step,102236160,-24.398603439331055
mg_D_seed2801,rewards/step,102400000,-23.93157196044922
mg_D_seed2801,rewards/step,102563840,-23.926523208618164
mg_D_seed2801,rewards/step,102727680,-23.364320755004883
mg_D_seed2801,rewards/step,102891520,-22.310527801513672
mg_D_seed2801,rewards/step,103055360,-21.871915817260742
mg_D_seed2801,rewards/step,103219200,-21.009931564331055
mg_D_seed2801,rewards/step,103383040,-20.578981399536133
mg_D_seed2801,rewards/step,103546880,-20.141515731811523
mg_D_seed2801,rewards/step,103710720,-20.3997859954834
mg_D_seed2801,rewards/step,103874560,-20.529924392700195
mg_D_seed2801,rewards/step,104038400,-21.83747100830078
mg_D_seed2801,rewards/step,104202240,-21.717144012451172
mg_D_seed2801,rewards/step,104366080,-21.28010368347168
mg_D_seed2801,rewards/step,104529920,-21.703388214111328
mg_D_seed2801,rewards/step,104693760,-21.291732788085938
mg_D_seed2801,rewards/step,104857600,-21.31586265563965
mg_D_seed2801,rewards/step,105021440,-20.48259162902832
mg_D_seed2801,rewards/step,105185280,-20.069128036499023
mg_D_seed2801,rewards/step,105349120,-20.511667251586914
mg_D_seed2801,rewards/step,105512960,-21.187358856201172
mg_D_seed2801,rewards/step,105676800,-20.690610885620117
mg_D_seed2801,rewards/step,105840640,-20.128150939941406
mg_D_seed2801,rewards/step,106004480,-19.515621185302734
mg_D_seed2801,rewards/step,106168320,-20.868120193481445
mg_D_seed2801,rewards/step,106332160,-21.145320892333984
mg_D_seed2801,rewards/step,106496000,-20.202104568481445
mg_D_seed2801,rewards/step,106659840,-19.768102645874023
mg_D_seed2801,rewards/step,106823680,-20.98883628845215
mg_D_seed2801,rewards/step,106987520,-21.4576358795166
mg_D_seed2801,rewards/step,107151360,-20.96514320373535
mg_D_seed2801,rewards/step,107315200,-20.528013229370117
mg_D_seed2801,rewards/step,107479040,-20.137794494628906
mg_D_seed2801,rewards/step,107642880,-19.728614807128906
mg_D_seed2801,rewards/step,107806720,-20.261058807373047
mg_D_seed2801,rewards/step,107970560,-21.344440460205078
mg_D_seed2801,rewards/step,108134400,-20.814321517944336
mg_D_seed2801,rewards/step,108298240,-19.925167083740234
mg_D_seed2801,rewards/step,108462080,-19.58498764038086
mg_D_seed2801,rewards/step,108625920,-19.375957489013672
mg_D_seed2801,rewards/step,108789760,-19.784687042236328
mg_D_seed2801,rewards/step,108953600,-21.72441291809082
mg_D_seed2801,rewards/step,109117440,-20.448999404907227
mg_D_seed2801,rewards/step,109281280,-19.671607971191406
mg_D_seed2801,rewards/step,109445120,-19.818147659301758
mg_D_seed2801,rewards/step,109608960,-20.072603225708008
mg_D_seed2801,rewards/step,109772800,-20.094158172607422
mg_D_seed2801,rewards/step,109936640,-19.61429214477539
mg_D_seed2801,rewards/step,110100480,-22.21212387084961
mg_D_seed2801,rewards/step,110264320,-20.91167640686035
mg_D_seed2801,rewards/step,110428160,-19.682662963867188
mg_D_seed2801,rewards/step,110592000,-19.63705825805664
mg_D_seed2801,rewards/step,110755840,-19.6523494720459
mg_D_seed2801,rewards/step,110919680,-19.147615432739258
mg_D_seed2801,rewards/step,111083520,-20.252370834350586
mg_D_seed2801,rewards/step,111247360,-20.379064559936523
mg_D_seed2801,rewards/step,111411200,-20.183467864990234
mg_D_seed2801,rewards/step,111575040,-19.77191925048828
mg_D_seed2801,rewards/step,111738880,-19.57953453063965
mg_D_seed2801,rewards/step,111902720,-19.42037010192871
mg_D_seed2801,rewards/step,112066560,-19.419837951660156
mg_D_seed2801,rewards/step,112230400,-19.721784591674805
mg_D_seed2801,rewards/step,112394240,-18.97679901123047
mg_D_seed2801,rewards/step,112558080,-20.019615173339844
mg_D_seed2801,rewards/step,112721920,-19.552616119384766
mg_D_seed2801,rewards/step,112885760,-21.509370803833008
mg_D_seed2801,rewards/step,113049600,-20.17097282409668
mg_D_seed2801,rewards/step,113213440,-19.49882698059082
mg_D_seed2801,rewards/step,113377280,-20.440425872802734
mg_D_seed2801,rewards/step,113541120,-19.668611526489258
mg_D_seed2801,rewards/step,113704960,-19.579673767089844
mg_D_seed2801,rewards/step,113868800,-19.31043815612793
mg_D_seed2801,rewards/step,114032640,-19.606613159179688
mg_D_seed2801,rewards/step,114196480,-19.20054054260254
mg_D_seed2801,rewards/step,114360320,-19.152143478393555
mg_D_seed2801,rewards/step,114524160,-20.015331268310547
mg_D_seed2801,rewards/step,114688000,-19.06646728515625
mg_D_seed2801,rewards/step,114851840,-18.625925064086914
mg_D_seed2801,rewards/step,115015680,-19.427452087402344
mg_D_seed2801,rewards/step,115179520,-18.77702522277832
mg_D_seed2801,rewards/step,115343360,-18.561946868896484
mg_D_seed2801,rewards/step,115507200,-18.87218475341797
mg_D_seed2801,rewards/step,115671040,-19.61770248413086
mg_D_seed2801,rewards/step,115834880,-19.088966369628906
mg_D_seed2801,rewards/step,115998720,-19.25461769104004
mg_D_seed2801,rewards/step,116162560,-19.703208923339844
mg_D_seed2801,rewards/step,116326400,-18.9047794342041
mg_D_seed2801,rewards/step,116490240,-20.046030044555664
mg_D_seed2801,rewards/step,116654080,-20.230558395385742
mg_D_seed2801,rewards/step,116817920,-19.103260040283203
mg_D_seed2801,rewards/step,116981760,-19.784563064575195
mg_D_seed2801,rewards/step,117145600,-19.198646545410156
mg_D_seed2801,rewards/step,117309440,-18.861248016357422
mg_D_seed2801,rewards/step,117473280,-18.897769927978516
mg_D_seed2801,rewards/step,117637120,-18.537124633789062
mg_D_seed2801,rewards/step,117800960,-18.395626068115234
mg_D_seed2801,rewards/step,117964800,-18.81392478942871
mg_D_seed2801,rewards/step,118128640,-19.348735809326172
mg_D_seed2801,rewards/step,118292480,-18.953683853149414
mg_D_seed2801,rewards/step,118456320,-19.871469497680664
mg_D_seed2801,rewards/step,118620160,-18.95425033569336
mg_D_seed2801,rewards/step,118784000,-18.43067741394043
mg_D_seed2801,rewards/step,118947840,-18.044921875
mg_D_seed2801,rewards/step,119111680,-17.847360610961914
mg_D_seed2801,rewards/step,119275520,-18.60007667541504
mg_D_seed2801,rewards/step,119439360,-19.432573318481445
mg_D_seed2801,rewards/step,119603200,-20.67593002319336
mg_D_seed2801,rewards/step,119767040,-19.481903076171875
mg_D_seed2801,rewards/step,119930880,-19.525766372680664
mg_D_seed2801,rewards/step,120094720,-18.586334228515625
mg_D_seed2801,rewards/step,120258560,-18.135915756225586
mg_D_seed2801,rewards/step,120422400,-18.024944305419922
mg_D_seed2801,rewards/step,120586240,-17.775196075439453
mg_D_seed2801,rewards/step,120750080,-18.281349182128906
mg_D_seed2801,rewards/step,120913920,-19.131790161132812
mg_D_seed2801,rewards/step,121077760,-18.46919822692871
mg_D_seed2801,rewards/step,121241600,-19.18579864501953
mg_D_seed2801,rewards/step,121405440,-18.928491592407227
mg_D_seed2801,rewards/step,121569280,-18.274673461914062
mg_D_seed2801,rewards/step,121733120,-17.982507705688477
mg_D_seed2801,rewards/step,121896960,-17.669553756713867
mg_D_seed2801,rewards/step,122060800,-18.456371307373047
mg_D_seed2801,rewards/step,122224640,-17.978605270385742
mg_D_seed2801,rewards/step,122388480,-19.48931312561035
mg_D_seed2801,rewards/step,122552320,-18.15749168395996
mg_D_seed2801,rewards/step,122716160,-18.21030044555664
mg_D_seed2801,rewards/step,122880000,-18.1800537109375
mg_D_seed2801,rewards/step,123043840,-19.01300048828125
mg_D_seed2801,rewards/step,123207680,-18.358537673950195
mg_D_seed2801,rewards/step,123371520,-17.651851654052734
mg_D_seed2801,rewards/step,123535360,-17.24813461303711
mg_D_seed2801,rewards/step,123699200,-17.401636123657227
mg_D_seed2801,rewards/step,123863040,-19.5560302734375
mg_D_seed2801,rewards/step,124026880,-18.437742233276367
mg_D_seed2801,rewards/step,124190720,-17.704864501953125
mg_D_seed2801,rewards/step,124354560,-18.56610107421875
mg_D_seed2801,rewards/step,124518400,-19.42820930480957
mg_D_seed2801,rewards/step,124682240,-20.14234161376953
mg_D_seed2801,rewards/step,124846080,-19.932958602905273
mg_D_seed2801,rewards/step,125009920,-18.123727798461914
mg_D_seed2801,rewards/step,125173760,-17.806711196899414
mg_D_seed2801,rewards/step,125337600,-17.764432907104492
mg_D_seed2801,rewards/step,125501440,-17.42601203918457
mg_D_seed2801,rewards/step,125665280,-16.874828338623047
mg_D_seed2801,rewards/step,125829120,-16.98850440979004
mg_D_seed2801,rewards/step,125992960,-17.138200759887695
mg_D_seed2801,rewards/step,126156800,-17.012985229492188
mg_D_seed2801,rewards/step,126320640,-18.610658645629883
mg_D_seed2801,rewards/step,126484480,-17.778610229492188
mg_D_seed2801,rewards/step,126648320,-17.926029205322266
mg_D_seed2801,rewards/step,126812160,-18.009201049804688
mg_D_seed2801,rewards/step,126976000,-18.51032066345215
mg_D_seed2801,rewards/step,127139840,-17.46750831604004
mg_D_seed2801,rewards/step,127303680,-18.63727569580078
mg_D_seed2801,rewards/step,127467520,-19.559131622314453
mg_D_seed2801,rewards/step,127631360,-21.021366119384766
mg_D_seed2801,rewards/step,127795200,-18.944568634033203
mg_D_seed2801,rewards/step,127959040,-17.526405334472656
mg_D_seed2801,rewards/step,128122880,-17.909597396850586
mg_D_seed2801,rewards/step,128286720,-17.5096435546875
mg_D_seed2801,rewards/step,128450560,-16.70587921142578
mg_D_seed2801,rewards/step,128614400,-16.939640045166016
mg_D_seed2801,rewards/step,128778240,-16.350921630859375
mg_D_seed2801,rewards/step,128942080,-16.347366333007812
mg_D_seed2801,rewards/step,129105920,-16.37120819091797
mg_D_seed2801,rewards/step,129269760,-16.43810272216797
mg_D_seed2801,rewards/step,129433600,-16.225074768066406
mg_D_seed2801,rewards/step,129597440,-17.399417877197266
mg_D_seed2801,rewards/step,129761280,-18.17083740234375
mg_D_seed2801,rewards/step,129925120,-17.388734817504883
mg_D_seed2801,rewards/step,130088960,-16.9127254486084
mg_D_seed2801,rewards/step,130252800,-16.423192977905273
mg_D_seed2801,rewards/step,130416640,-17.33783721923828
mg_D_seed2801,rewards/step,130580480,-18.142398834228516
mg_D_seed2801,rewards/step,130744320,-17.566919326782227
mg_D_seed2801,rewards/step,130908160,-17.072534561157227
mg_D_seed2801,rewards/step,131072000,-16.690357208251953
mg_D_seed2801,rewards/step,131235840,-16.367752075195312
mg_D_seed2801,rewards/step,131399680,-16.133596420288086
mg_D_seed2801,rewards/step,131563520,-17.247568130493164
mg_D_seed2801,rewards/step,131727360,-16.69943618774414
mg_D_seed2801,rewards/step,131891200,-16.34832191467285
mg_D_seed2801,rewards/step,132055040,-16.052505493164062
mg_D_seed2801,rewards/step,132218880,-17.575464248657227
mg_D_seed2801,rewards/step,132382720,-16.96499252319336
mg_D_seed2801,rewards/step,132546560,-16.27745819091797
mg_D_seed2801,rewards/step,132710400,-16.16905403137207
mg_D_seed2801,rewards/step,132874240,-16.05919647216797
mg_D_seed2801,rewards/step,133038080,-16.494691848754883
mg_D_seed2801,rewards/step,133201920,-17.007381439208984
mg_D_seed2801,rewards/step,133365760,-16.49291229248047
mg_D_seed2801,rewards/step,133529600,-16.18890380859375
mg_D_seed2801,rewards/step,133693440,-16.00701141357422
mg_D_seed2801,rewards/step,133857280,-15.735321044921875
mg_D_seed2801,rewards/step,134021120,-15.500823974609375
mg_D_seed2801,rewards/step,134184960,-15.985067367553711
mg_D_seed2801,rewards/step,134348800,-16.348012924194336
mg_D_seed2801,rewards/step,134512640,-15.926675796508789
mg_D_seed2801,rewards/step,134676480,-15.88435173034668
mg_D_seed2801,rewards/step,134840320,-15.717296600341797
mg_D_seed2801,rewards/step,135004160,-16.75555992126465
mg_D_seed2801,rewards/step,135168000,-17.74042320251465
mg_D_seed2801,rewards/step,135331840,-18.10171127319336
mg_D_seed2801,rewards/step,135495680,-16.771041870117188
mg_D_seed2801,rewards/step,135659520,-16.396854400634766
mg_D_seed2801,rewards/step,135823360,-16.591907501220703
mg_D_seed2801,rewards/step,135987200,-17.863332748413086
mg_D_seed2801,rewards/step,136151040,-16.715171813964844
mg_D_seed2801,rewards/step,136314880,-16.56670379638672
mg_D_seed2801,rewards/step,136478720,-16.04884910583496
mg_D_seed2801,rewards/step,136642560,-15.877189636230469
mg_D_seed2801,rewards/step,136806400,-15.595050811767578
mg_D_seed2801,rewards/step,136970240,-16.40288734436035
mg_D_seed2801,rewards/step,137134080,-16.04282569885254
mg_D_seed2801,rewards/step,137297920,-15.668367385864258
mg_D_seed2801,rewards/step,137461760,-18.59244728088379
mg_D_seed2801,rewards/step,137625600,-17.345415115356445
mg_D_seed2801,rewards/step,137789440,-16.360824584960938
mg_D_seed2801,rewards/step,137953280,-15.969114303588867
mg_D_seed2801,rewards/step,138117120,-15.55933952331543
mg_D_seed2801,rewards/step,138280960,-16.442298889160156
mg_D_seed2801,rewards/step,138444800,-16.82918930053711
mg_D_seed2801,rewards/step,138608640,-16.376319885253906
mg_D_seed2801,rewards/step,138772480,-15.543496131896973
mg_D_seed2801,rewards/step,138936320,-15.251611709594727
mg_D_seed2801,rewards/step,139100160,-17.474178314208984
mg_D_seed2801,rewards/step,139264000,-16.3380126953125
mg_D_seed2801,rewards/step,139427840,-15.734200477600098
mg_D_seed2801,rewards/step,139591680,-15.300851821899414
mg_D_seed2801,rewards/step,139755520,-15.414917945861816
mg_D_seed2801,rewards/step,139919360,-15.490593910217285
mg_D_seed2801,rewards/step,140083200,-15.31403636932373
mg_D_seed2801,rewards/step,140247040,-15.558516502380371
mg_D_seed2801,rewards/step,140410880,-15.205894470214844
mg_D_seed2801,rewards/step,140574720,-16.44664764404297
mg_D_seed2801,rewards/step,140738560,-15.71504020690918
mg_D_seed2801,rewards/step,140902400,-16.01963996887207
mg_D_seed2801,rewards/step,141066240,-16.807971954345703
mg_D_seed2801,rewards/step,141230080,-16.11051368713379
mg_D_seed2801,rewards/step,141393920,-15.565337181091309
mg_D_seed2801,rewards/step,141557760,-16.182445526123047
mg_D_seed2801,rewards/step,141721600,-15.710664749145508
mg_D_seed2801,rewards/step,141885440,-17.989213943481445
mg_D_seed2801,rewards/step,142049280,-16.75111198425293
mg_D_seed2801,rewards/step,142213120,-17.05446434020996
mg_D_seed2801,rewards/step,142376960,-16.234243392944336
mg_D_seed2801,rewards/step,142540800,-15.826004028320312
mg_D_seed2801,rewards/step,142704640,-15.40951156616211
mg_D_seed2801,rewards/step,142868480,-15.548542976379395
mg_D_seed2801,rewards/step,143032320,-15.086769104003906
mg_D_seed2801,rewards/step,143196160,-15.605903625488281
mg_D_seed2801,rewards/step,143360000,-15.31981372833252
mg_D_seed2801,rewards/step,143523840,-17.130800247192383
mg_D_seed2801,rewards/step,143687680,-16.204999923706055
mg_D_seed2801,rewards/step,143851520,-15.650028228759766
mg_D_seed2801,rewards/step,144015360,-15.703858375549316
mg_D_seed2801,rewards/step,144179200,-15.676470756530762
mg_D_seed2801,rewards/step,144343040,-14.961753845214844
mg_D_seed2801,rewards/step,144506880,-14.981827735900879
mg_D_seed2801,rewards/step,144670720,-14.778630256652832
mg_D_seed2801,rewards/step,144834560,-15.153395652770996
mg_D_seed2801,rewards/step,144998400,-15.882627487182617
mg_D_seed2801,rewards/step,145162240,-15.422398567199707
mg_D_seed2801,rewards/step,145326080,-15.230205535888672
mg_D_seed2801,rewards/step,145489920,-15.03014087677002
mg_D_seed2801,rewards/step,145653760,-15.251073837280273
mg_D_seed2801,rewards/step,145817600,-14.773619651794434
mg_D_seed2801,rewards/step,145981440,-15.036707878112793
mg_D_seed2801,rewards/step,146145280,-14.568973541259766
mg_D_seed2801,rewards/step,146309120,-14.547605514526367
mg_D_seed2801,rewards/step,146472960,-14.912009239196777
mg_D_seed2801,rewards/step,146636800,-15.85926628112793
mg_D_seed2801,rewards/step,146800640,-15.387297630310059
mg_D_seed2801,rewards/step,146964480,-16.224878311157227
mg_D_seed2801,rewards/step,147128320,-15.670232772827148
mg_D_seed2801,rewards/step,147292160,-15.433959007263184
mg_D_seed2801,rewards/step,147456000,-15.69796085357666
mg_D_seed2801,rewards/step,147619840,-15.331300735473633
mg_D_seed2801,rewards/step,147783680,-15.610239028930664
mg_D_seed2801,rewards/step,147947520,-15.555485725402832
mg_D_seed2801,rewards/step,148111360,-15.559399604797363
mg_D_seed2801,rewards/step,148275200,-15.212474822998047
mg_D_seed2801,rewards/step,148439040,-14.856515884399414
mg_D_seed2801,rewards/step,148602880,-14.771862030029297
mg_D_seed2801,rewards/step,148766720,-14.620128631591797
mg_D_seed2801,rewards/step,148930560,-14.700623512268066
mg_D_seed2801,rewards/step,149094400,-14.300375938415527
mg_D_seed2801,rewards/step,149258240,-14.380702018737793
mg_D_seed2801,rewards/step,149422080,-14.461313247680664
mg_D_seed2801,rewards/step,149585920,-14.842493057250977
mg_D_seed2801,rewards/step,149749760,-14.88726806640625
mg_D_seed2801,rewards/step,149913600,-14.786121368408203
mg_D_seed2801,rewards/step,150077440,-14.68476676940918
mg_D_seed2801,rewards/step,150241280,-14.436485290527344
mg_D_seed2801,rewards/step,150405120,-14.513544082641602
mg_D_seed2801,rewards/step,150568960,-14.34486198425293
mg_D_seed2801,rewards/step,150732800,-14.6865234375
mg_D_seed2801,rewards/step,150896640,-15.249030113220215
mg_D_seed2801,rewards/step,151060480,-14.78121566772461
mg_D_seed2801,rewards/step,151224320,-14.582222938537598
mg_D_seed2801,rewards/step,151388160,-14.94977855682373
mg_D_seed2801,rewards/step,151552000,-15.05335807800293
mg_D_seed2801,rewards/step,151715840,-15.037610054016113
mg_D_seed2801,rewards/step,151879680,-14.708880424499512
mg_D_seed2801,rewards/step,152043520,-14.706278800964355
mg_D_seed2801,rewards/step,152207360,-14.762016296386719
mg_D_seed2801,rewards/step,152371200,-14.6665678024292
mg_D_seed2801,rewards/step,152535040,-14.720218658447266
mg_D_seed2801,rewards/step,152698880,-14.505820274353027
mg_D_seed2801,rewards/step,152862720,-14.337584495544434
mg_D_seed2801,rewards/step,153026560,-14.056540489196777
mg_D_seed2801,rewards/step,153190400,-14.128279685974121
mg_D_seed2801,rewards/step,153354240,-14.310422897338867
mg_D_seed2801,rewards/step,153518080,-14.158324241638184
mg_D_seed2801,rewards/step,153681920,-14.411821365356445
mg_D_seed2801,rewards/step,153845760,-14.55819034576416
mg_D_seed2801,rewards/step,154009600,-14.633455276489258
mg_D_seed2801,rewards/step,154173440,-14.601694107055664
mg_D_seed2801,rewards/step,154337280,-15.287887573242188
mg_D_seed2801,rewards/step,154501120,-15.761637687683105
mg_D_seed2801,rewards/step,154664960,-15.05037784576416
mg_D_seed2801,rewards/step,154828800,-14.608220100402832
mg_D_seed2801,rewards/step,154992640,-15.831188201904297
mg_D_seed2801,rewards/step,155156480,-16.95892333984375
mg_D_seed2801,rewards/step,155320320,-15.742470741271973
mg_D_seed2801,rewards/step,155484160,-15.069839477539062
mg_D_seed2801,rewards/step,155648000,-15.328492164611816
mg_D_seed2801,rewards/step,155811840,-14.871009826660156
mg_D_seed2801,rewards/step,155975680,-16.114444732666016
mg_D_seed2801,rewards/step,156139520,-16.521787643432617
mg_D_seed2801,rewards/step,156303360,-15.312479972839355
mg_D_seed2801,rewards/step,156467200,-14.926155090332031
mg_D_seed2801,rewards/step,156631040,-14.466705322265625
mg_D_seed2801,rewards/step,156794880,-14.246675491333008
mg_D_seed2801,rewards/step,156958720,-14.42980670928955
mg_D_seed2801,rewards/step,157122560,-14.249618530273438
mg_D_seed2801,rewards/step,157286400,-14.054023742675781
mg_D_seed2801,rewards/step,157450240,-14.135795593261719
mg_D_seed2801,rewards/step,157614080,-14.195798873901367
mg_D_seed2801,rewards/step,157777920,-14.772357940673828
mg_D_seed2801,rewards/step,157941760,-14.641897201538086
mg_D_seed2801,rewards/step,158105600,-14.519083023071289
mg_D_seed2801,rewards/step,158269440,-14.178694725036621
mg_D_seed2801,rewards/step,158433280,-14.611560821533203
mg_D_seed2801,rewards/step,158597120,-14.544038772583008
mg_D_seed2801,rewards/step,158760960,-15.357664108276367
mg_D_seed2801,rewards/step,158924800,-14.667497634887695
mg_D_seed2801,rewards/step,159088640,-14.19299602508545
mg_D_seed2801,rewards/step,159252480,-13.894449234008789
mg_D_seed2801,rewards/step,159416320,-14.427090644836426
mg_D_seed2801,rewards/step,159580160,-14.110433578491211
mg_D_seed2801,rewards/step,159744000,-15.76799201965332
mg_D_seed2801,rewards/step,159907840,-15.308106422424316
mg_D_seed2801,rewards/step,160071680,-15.585410118103027
mg_D_seed2801,rewards/step,160235520,-15.229263305664062
mg_D_seed2801,rewards/step,160399360,-14.583824157714844
mg_D_seed2801,rewards/step,160563200,-14.191204071044922
mg_D_seed2801,rewards/step,160727040,-14.75981330871582
mg_D_seed2801,rewards/step,160890880,-14.353327751159668
mg_D_seed2801,rewards/step,161054720,-14.054484367370605
mg_D_seed2801,rewards/step,161218560,-14.008481979370117
mg_D_seed2801,rewards/step,161382400,-14.164044380187988
mg_D_seed2801,rewards/step,161546240,-14.227601051330566
mg_D_seed2801,rewards/step,161710080,-14.17400074005127
mg_D_seed2801,rewards/step,161873920,-14.226640701293945
mg_D_seed2801,rewards/step,162037760,-14.072247505187988
mg_D_seed2801,rewards/step,162201600,-14.07949447631836
mg_D_seed2801,rewards/step,162365440,-13.970207214355469
mg_D_seed2801,rewards/step,162529280,-13.88029956817627
mg_D_seed2801,rewards/step,162693120,-13.864996910095215
mg_D_seed2801,rewards/step,162856960,-14.406682014465332
mg_D_seed2801,rewards/step,163020800,-14.07021713256836
mg_D_seed2801,rewards/step,163184640,-14.040688514709473
mg_D_seed2801,rewards/step,163348480,-14.029560089111328
mg_D_seed2801,rewards/step,163512320,-13.687050819396973
mg_D_seed2801,rewards/step,163676160,-13.542109489440918
mg_D_seed2801,rewards/step,163840000,-14.013218879699707
mg_D_seed2801,episode_lengths/step,163840,14.756982803344727
mg_D_seed2801,episode_lengths/step,327680,23.232080459594727
mg_D_seed2801,episode_lengths/step,491520,30.491228103637695
mg_D_seed2801,episode_lengths/step,655360,36.49336242675781
mg_D_seed2801,episode_lengths/step,819200,43.64738845825195
mg_D_seed2801,episode_lengths/step,983040,50.4874267578125
mg_D_seed2801,episode_lengths/step,1146880,56.830814361572266
mg_D_seed2801,episode_lengths/step,1310720,62.16515350341797
mg_D_seed2801,episode_lengths/step,1474560,65.84302520751953
mg_D_seed2801,episode_lengths/step,1638400,71.02149200439453
mg_D_seed2801,episode_lengths/step,1802240,75.56539916992188
mg_D_seed2801,episode_lengths/step,1966080,79.57389831542969
mg_D_seed2801,episode_lengths/step,2129920,83.70648193359375
mg_D_seed2801,episode_lengths/step,2293760,87.57991790771484
mg_D_seed2801,episode_lengths/step,2457600,93.38259887695312
mg_D_seed2801,episode_lengths/step,2621440,96.27996826171875
mg_D_seed2801,episode_lengths/step,2785280,101.78984832763672
mg_D_seed2801,episode_lengths/step,2949120,105.37327575683594
mg_D_seed2801,episode_lengths/step,3112960,139.9022979736328
mg_D_seed2801,episode_lengths/step,3276800,145.3787841796875
mg_D_seed2801,episode_lengths/step,3440640,144.96383666992188
mg_D_seed2801,episode_lengths/step,3604480,143.5848388671875
mg_D_seed2801,episode_lengths/step,3768320,140.64520263671875
mg_D_seed2801,episode_lengths/step,3932160,138.35414123535156
mg_D_seed2801,episode_lengths/step,4096000,135.2773895263672
mg_D_seed2801,episode_lengths/step,4259840,132.91404724121094
mg_D_seed2801,episode_lengths/step,4423680,130.83953857421875
mg_D_seed2801,episode_lengths/step,4587520,129.91232299804688
mg_D_seed2801,episode_lengths/step,4751360,128.26449584960938
mg_D_seed2801,episode_lengths/step,4915200,126.35195922851562
mg_D_seed2801,episode_lengths/step,5079040,124.62842559814453
mg_D_seed2801,episode_lengths/step,5242880,122.34817504882812
mg_D_seed2801,episode_lengths/step,5406720,121.46743774414062
mg_D_seed2801,episode_lengths/step,5570560,122.32669830322266
mg_D_seed2801,episode_lengths/step,5734400,123.36380767822266
mg_D_seed2801,episode_lengths/step,5898240,121.9018325805664
mg_D_seed2801,episode_lengths/step,6062080,119.82539367675781
mg_D_seed2801,episode_lengths/step,6225920,119.52713775634766
mg_D_seed2801,episode_lengths/step,6389760,118.09346008300781
mg_D_seed2801,episode_lengths/step,6553600,113.84107971191406
mg_D_seed2801,episode_lengths/step,6717440,109.43321990966797
mg_D_seed2801,episode_lengths/step,6881280,102.14812469482422
mg_D_seed2801,episode_lengths/step,7045120,94.58064270019531
mg_D_seed2801,episode_lengths/step,7208960,84.69961547851562
mg_D_seed2801,episode_lengths/step,7372800,75.36559295654297
mg_D_seed2801,episode_lengths/step,7536640,66.7512435913086
mg_D_seed2801,episode_lengths/step,7700480,58.646827697753906
mg_D_seed2801,episode_lengths/step,7864320,51.70363998413086
mg_D_seed2801,episode_lengths/step,8028160,45.25464630126953
mg_D_seed2801,episode_lengths/step,8192000,40.01182556152344
mg_D_seed2801,episode_lengths/step,8355840,36.65567398071289
mg_D_seed2801,episode_lengths/step,8519680,33.04075622558594
mg_D_seed2801,episode_lengths/step,8683520,29.661895751953125
mg_D_seed2801,episode_lengths/step,8847360,27.61695098876953
mg_D_seed2801,episode_lengths/step,9011200,22.765905380249023
mg_D_seed2801,episode_lengths/step,9175040,20.95044708251953
mg_D_seed2801,episode_lengths/step,9338880,18.75113296508789
mg_D_seed2801,episode_lengths/step,9502720,18.28435707092285
mg_D_seed2801,episode_lengths/step,9666560,17.516368865966797
mg_D_seed2801,episode_lengths/step,9830400,16.311487197875977
mg_D_seed2801,episode_lengths/step,9994240,15.899168968200684
mg_D_seed2801,episode_lengths/step,10158080,15.482144355773926
mg_D_seed2801,episode_lengths/step,10321920,15.541695594787598
mg_D_seed2801,episode_lengths/step,10485760,15.562743186950684
mg_D_seed2801,episode_lengths/step,10649600,15.483080863952637
mg_D_seed2801,episode_lengths/step,10813440,15.331433296203613
mg_D_seed2801,episode_lengths/step,10977280,16.3643741607666
mg_D_seed2801,episode_lengths/step,11141120,17.136993408203125
mg_D_seed2801,episode_lengths/step,11304960,17.463468551635742
mg_D_seed2801,episode_lengths/step,11468800,17.277856826782227
mg_D_seed2801,episode_lengths/step,11632640,16.949403762817383
mg_D_seed2801,episode_lengths/step,11796480,16.885318756103516
mg_D_seed2801,episode_lengths/step,11960320,16.335525512695312
mg_D_seed2801,episode_lengths/step,12124160,17.089553833007812
mg_D_seed2801,episode_lengths/step,12288000,16.536865234375
mg_D_seed2801,episode_lengths/step,12451840,16.522001266479492
mg_D_seed2801,episode_lengths/step,12615680,15.641410827636719
mg_D_seed2801,episode_lengths/step,12779520,15.334514617919922
mg_D_seed2801,episode_lengths/step,12943360,15.589706420898438
mg_D_seed2801,episode_lengths/step,13107200,15.808267593383789
mg_D_seed2801,episode_lengths/step,13271040,16.279312133789062
mg_D_seed2801,episode_lengths/step,13434880,16.04464340209961
mg_D_seed2801,episode_lengths/step,13598720,15.963791847229004
mg_D_seed2801,episode_lengths/step,13762560,15.530644416809082
mg_D_seed2801,episode_lengths/step,13926400,15.877859115600586
mg_D_seed2801,episode_lengths/step,14090240,16.08885383605957
mg_D_seed2801,episode_lengths/step,14254080,15.68241024017334
mg_D_seed2801,episode_lengths/step,14417920,15.852898597717285
mg_D_seed2801,episode_lengths/step,14581760,15.54024887084961
mg_D_seed2801,episode_lengths/step,14745600,16.119674682617188
mg_D_seed2801,episode_lengths/step,14909440,15.481302261352539
mg_D_seed2801,episode_lengths/step,15073280,15.604106903076172
mg_D_seed2801,episode_lengths/step,15237120,15.91969108581543
mg_D_seed2801,episode_lengths/step,15400960,15.47502326965332
mg_D_seed2801,episode_lengths/step,15564800,15.798501014709473
mg_D_seed2801,episode_lengths/step,15728640,15.40288257598877
mg_D_seed2801,episode_lengths/step,15892480,15.588428497314453
mg_D_seed2801,episode_lengths/step,16056320,15.288281440734863
mg_D_seed2801,episode_lengths/step,16220160,16.04098892211914
mg_D_seed2801,episode_lengths/step,16384000,15.333343505859375
mg_D_seed2801,episode_lengths/step,16547840,16.084461212158203
mg_D_seed2801,episode_lengths/step,16711680,16.325054168701172
mg_D_seed2801,episode_lengths/step,16875520,16.401880264282227
mg_D_seed2801,episode_lengths/step,17039360,16.286338806152344
mg_D_seed2801,episode_lengths/step,17203200,16.504615783691406
mg_D_seed2801,episode_lengths/step,17367040,15.557886123657227
mg_D_seed2801,episode_lengths/step,17530880,16.15420150756836
mg_D_seed2801,episode_lengths/step,17694720,15.427525520324707
mg_D_seed2801,episode_lengths/step,17858560,15.916683197021484
mg_D_seed2801,episode_lengths/step,18022400,15.84885025024414
mg_D_seed2801,episode_lengths/step,18186240,16.37187957763672
mg_D_seed2801,episode_lengths/step,18350080,16.622426986694336
mg_D_seed2801,episode_lengths/step,18513920,16.167713165283203
mg_D_seed2801,episode_lengths/step,18677760,16.687795639038086
mg_D_seed2801,episode_lengths/step,18841600,15.899885177612305
mg_D_seed2801,episode_lengths/step,19005440,16.097122192382812
mg_D_seed2801,episode_lengths/step,19169280,15.7440767288208
mg_D_seed2801,episode_lengths/step,19333120,15.482885360717773
mg_D_seed2801,episode_lengths/step,19496960,14.704922676086426
mg_D_seed2801,episode_lengths/step,19660800,15.219362258911133
mg_D_seed2801,episode_lengths/step,19824640,15.504622459411621
mg_D_seed2801,episode_lengths/step,19988480,15.426398277282715
mg_D_seed2801,episode_lengths/step,20152320,15.826067924499512
mg_D_seed2801,episode_lengths/step,20316160,15.859500885009766
mg_D_seed2801,episode_lengths/step,20480000,15.877099990844727
mg_D_seed2801,episode_lengths/step,20643840,15.003057479858398
mg_D_seed2801,episode_lengths/step,20807680,15.328638076782227
mg_D_seed2801,episode_lengths/step,20971520,15.523037910461426
mg_D_seed2801,episode_lengths/step,21135360,14.881179809570312
mg_D_seed2801,episode_lengths/step,21299200,14.844854354858398
mg_D_seed2801,episode_lengths/step,21463040,14.793261528015137
mg_D_seed2801,episode_lengths/step,21626880,14.495050430297852
mg_D_seed2801,episode_lengths/step,21790720,15.584976196289062
mg_D_seed2801,episode_lengths/step,21954560,15.24014949798584
mg_D_seed2801,episode_lengths/step,22118400,14.883686065673828
mg_D_seed2801,episode_lengths/step,22282240,15.046149253845215
mg_D_seed2801,episode_lengths/step,22446080,14.606627464294434
mg_D_seed2801,episode_lengths/step,22609920,14.599471092224121
mg_D_seed2801,episode_lengths/step,22773760,14.516265869140625
mg_D_seed2801,episode_lengths/step,22937600,15.04930591583252
mg_D_seed2801,episode_lengths/step,23101440,14.677139282226562
mg_D_seed2801,episode_lengths/step,23265280,14.428309440612793
mg_D_seed2801,episode_lengths/step,23429120,15.011030197143555
mg_D_seed2801,episode_lengths/step,23592960,14.512727737426758
mg_D_seed2801,episode_lengths/step,23756800,15.01667594909668
mg_D_seed2801,episode_lengths/step,23920640,15.064289093017578
mg_D_seed2801,episode_lengths/step,24084480,15.242265701293945
mg_D_seed2801,episode_lengths/step,24248320,15.23938274383545
mg_D_seed2801,episode_lengths/step,24412160,14.916817665100098
mg_D_seed2801,episode_lengths/step,24576000,15.166234016418457
mg_D_seed2801,episode_lengths/step,24739840,15.248504638671875
mg_D_seed2801,episode_lengths/step,24903680,14.899267196655273
mg_D_seed2801,episode_lengths/step,25067520,14.887046813964844
mg_D_seed2801,episode_lengths/step,25231360,14.629866600036621
mg_D_seed2801,episode_lengths/step,25395200,14.0711669921875
mg_D_seed2801,episode_lengths/step,25559040,14.815587043762207
mg_D_seed2801,episode_lengths/step,25722880,15.09040355682373
mg_D_seed2801,episode_lengths/step,25886720,14.409977912902832
mg_D_seed2801,episode_lengths/step,26050560,15.237639427185059
mg_D_seed2801,episode_lengths/step,26214400,14.987143516540527
mg_D_seed2801,episode_lengths/step,26378240,15.391758918762207
mg_D_seed2801,episode_lengths/step,26542080,15.487686157226562
mg_D_seed2801,episode_lengths/step,26705920,15.43295669555664
mg_D_seed2801,episode_lengths/step,26869760,15.371485710144043
mg_D_seed2801,episode_lengths/step,27033600,15.848313331604004
mg_D_seed2801,episode_lengths/step,27197440,15.449262619018555
mg_D_seed2801,episode_lengths/step,27361280,15.647322654724121
mg_D_seed2801,episode_lengths/step,27525120,15.064225196838379
mg_D_seed2801,episode_lengths/step,27688960,15.134919166564941
mg_D_seed2801,episode_lengths/step,27852800,15.082140922546387
mg_D_seed2801,episode_lengths/step,28016640,15.071441650390625
mg_D_seed2801,episode_lengths/step,28180480,14.976845741271973
mg_D_seed2801,episode_lengths/step,28344320,15.677306175231934
mg_D_seed2801,episode_lengths/step,28508160,14.860583305358887
mg_D_seed2801,episode_lengths/step,28672000,14.996993064880371
mg_D_seed2801,episode_lengths/step,28835840,14.598974227905273
mg_D_seed2801,episode_lengths/step,28999680,14.786714553833008
mg_D_seed2801,episode_lengths/step,29163520,14.958873748779297
mg_D_seed2801,episode_lengths/step,29327360,14.260494232177734
mg_D_seed2801,episode_lengths/step,29491200,14.479096412658691
mg_D_seed2801,episode_lengths/step,29655040,14.207006454467773
mg_D_seed2801,episode_lengths/step,29818880,14.40563678741455
mg_D_seed2801,episode_lengths/step,29982720,14.900161743164062
mg_D_seed2801,episode_lengths/step,30146560,14.485678672790527
mg_D_seed2801,episode_lengths/step,30310400,15.231289863586426
mg_D_seed2801,episode_lengths/step,30474240,14.400458335876465
mg_D_seed2801,episode_lengths/step,30638080,14.183939933776855
mg_D_seed2801,episode_lengths/step,30801920,14.152286529541016
mg_D_seed2801,episode_lengths/step,30965760,14.822799682617188
mg_D_seed2801,episode_lengths/step,31129600,14.443007469177246
mg_D_seed2801,episode_lengths/step,31293440,13.904943466186523
mg_D_seed2801,episode_lengths/step,31457280,13.9144868850708
mg_D_seed2801,episode_lengths/step,31621120,13.805839538574219
mg_D_seed2801,episode_lengths/step,31784960,14.355184555053711
mg_D_seed2801,episode_lengths/step,31948800,14.205400466918945
mg_D_seed2801,episode_lengths/step,32112640,14.222823143005371
mg_D_seed2801,episode_lengths/step,32276480,14.450718879699707
mg_D_seed2801,episode_lengths/step,32440320,14.046090126037598
mg_D_seed2801,episode_lengths/step,32604160,13.973597526550293
mg_D_seed2801,episode_lengths/step,32768000,14.234639167785645
mg_D_seed2801,episode_lengths/step,32931840,14.741067886352539
mg_D_seed2801,episode_lengths/step,33095680,14.913691520690918
mg_D_seed2801,episode_lengths/step,33259520,15.460935592651367
mg_D_seed2801,episode_lengths/step,33423360,15.048065185546875
mg_D_seed2801,episode_lengths/step,33587200,14.976444244384766
mg_D_seed2801,episode_lengths/step,33751040,14.80431842803955
mg_D_seed2801,episode_lengths/step,33914880,15.045878410339355
mg_D_seed2801,episode_lengths/step,34078720,15.024174690246582
mg_D_seed2801,episode_lengths/step,34242560,14.978050231933594
mg_D_seed2801,episode_lengths/step,34406400,15.315054893493652
mg_D_seed2801,episode_lengths/step,34570240,15.406657218933105
mg_D_seed2801,episode_lengths/step,34734080,15.450968742370605
mg_D_seed2801,episode_lengths/step,34897920,14.840472221374512
mg_D_seed2801,episode_lengths/step,35061760,14.763067245483398
mg_D_seed2801,episode_lengths/step,35225600,14.782824516296387
mg_D_seed2801,episode_lengths/step,35389440,14.650626182556152
mg_D_seed2801,episode_lengths/step,35553280,14.386907577514648
mg_D_seed2801,episode_lengths/step,35717120,15.078468322753906
mg_D_seed2801,episode_lengths/step,35880960,14.85331916809082
mg_D_seed2801,episode_lengths/step,36044800,14.341394424438477
mg_D_seed2801,episode_lengths/step,36208640,14.115659713745117
mg_D_seed2801,episode_lengths/step,36372480,14.227330207824707
mg_D_seed2801,episode_lengths/step,36536320,15.015250205993652
mg_D_seed2801,episode_lengths/step,36700160,15.20515251159668
mg_D_seed2801,episode_lengths/step,36864000,14.986115455627441
mg_D_seed2801,episode_lengths/step,37027840,14.785754203796387
mg_D_seed2801,episode_lengths/step,37191680,14.519359588623047
mg_D_seed2801,episode_lengths/step,37355520,14.635917663574219
mg_D_seed2801,episode_lengths/step,37519360,15.01620864868164
mg_D_seed2801,episode_lengths/step,37683200,14.641087532043457
mg_D_seed2801,episode_lengths/step,37847040,14.353519439697266
mg_D_seed2801,episode_lengths/step,38010880,14.691313743591309
mg_D_seed2801,episode_lengths/step,38174720,14.386688232421875
mg_D_seed2801,episode_lengths/step,38338560,14.946053504943848
mg_D_seed2801,episode_lengths/step,38502400,15.081681251525879
mg_D_seed2801,episode_lengths/step,38666240,14.638666152954102
mg_D_seed2801,episode_lengths/step,38830080,14.930420875549316
mg_D_seed2801,episode_lengths/step,38993920,15.10195255279541
mg_D_seed2801,episode_lengths/step,39157760,15.031845092773438
mg_D_seed2801,episode_lengths/step,39321600,14.783534049987793
mg_D_seed2801,episode_lengths/step,39485440,14.701269149780273
mg_D_seed2801,episode_lengths/step,39649280,14.419576644897461
mg_D_seed2801,episode_lengths/step,39813120,14.929452896118164
mg_D_seed2801,episode_lengths/step,39976960,14.927993774414062
mg_D_seed2801,episode_lengths/step,40140800,14.488444328308105
mg_D_seed2801,episode_lengths/step,40304640,14.495969772338867
mg_D_seed2801,episode_lengths/step,40468480,14.530797004699707
mg_D_seed2801,episode_lengths/step,40632320,14.745755195617676
mg_D_seed2801,episode_lengths/step,40796160,14.644322395324707
mg_D_seed2801,episode_lengths/step,40960000,15.552532196044922
mg_D_seed2801,episode_lengths/step,41123840,15.064699172973633
mg_D_seed2801,episode_lengths/step,41287680,14.896634101867676
mg_D_seed2801,episode_lengths/step,41451520,14.720118522644043
mg_D_seed2801,episode_lengths/step,41615360,14.817791938781738
mg_D_seed2801,episode_lengths/step,41779200,14.397977828979492
mg_D_seed2801,episode_lengths/step,41943040,14.775633811950684
mg_D_seed2801,episode_lengths/step,42106880,14.742341041564941
mg_D_seed2801,episode_lengths/step,42270720,15.175582885742188
mg_D_seed2801,episode_lengths/step,42434560,14.797346115112305
mg_D_seed2801,episode_lengths/step,42598400,14.766858100891113
mg_D_seed2801,episode_lengths/step,42762240,14.733588218688965
mg_D_seed2801,episode_lengths/step,42926080,15.227632522583008
mg_D_seed2801,episode_lengths/step,43089920,14.868446350097656
mg_D_seed2801,episode_lengths/step,43253760,14.694308280944824
mg_D_seed2801,episode_lengths/step,43417600,14.655110359191895
mg_D_seed2801,episode_lengths/step,43581440,14.905655860900879
mg_D_seed2801,episode_lengths/step,43745280,14.682920455932617
mg_D_seed2801,episode_lengths/step,43909120,14.54301929473877
mg_D_seed2801,episode_lengths/step,44072960,14.983388900756836
mg_D_seed2801,episode_lengths/step,44236800,14.627074241638184
mg_D_seed2801,episode_lengths/step,44400640,14.478358268737793
mg_D_seed2801,episode_lengths/step,44564480,14.921313285827637
mg_D_seed2801,episode_lengths/step,44728320,14.797102928161621
mg_D_seed2801,episode_lengths/step,44892160,14.665562629699707
mg_D_seed2801,episode_lengths/step,45056000,14.855744361877441
mg_D_seed2801,episode_lengths/step,45219840,14.961472511291504
mg_D_seed2801,episode_lengths/step,45383680,15.072568893432617
mg_D_seed2801,episode_lengths/step,45547520,15.152366638183594
mg_D_seed2801,episode_lengths/step,45711360,14.70506477355957
mg_D_seed2801,episode_lengths/step,45875200,14.598493576049805
mg_D_seed2801,episode_lengths/step,46039040,14.600239753723145
mg_D_seed2801,episode_lengths/step,46202880,14.796651840209961
mg_D_seed2801,episode_lengths/step,46366720,14.80664348602295
mg_D_seed2801,episode_lengths/step,46530560,14.821577072143555
mg_D_seed2801,episode_lengths/step,46694400,15.050782203674316
mg_D_seed2801,episode_lengths/step,46858240,15.126419067382812
mg_D_seed2801,episode_lengths/step,47022080,15.010913848876953
mg_D_seed2801,episode_lengths/step,47185920,15.08733081817627
mg_D_seed2801,episode_lengths/step,47349760,14.973960876464844
mg_D_seed2801,episode_lengths/step,47513600,14.90184211730957
mg_D_seed2801,episode_lengths/step,47677440,14.840209007263184
mg_D_seed2801,episode_lengths/step,47841280,14.856865882873535
mg_D_seed2801,episode_lengths/step,48005120,14.90714168548584
mg_D_seed2801,episode_lengths/step,48168960,14.867109298706055
mg_D_seed2801,episode_lengths/step,48332800,14.859703063964844
mg_D_seed2801,episode_lengths/step,48496640,15.021235466003418
mg_D_seed2801,episode_lengths/step,48660480,14.977643966674805
mg_D_seed2801,episode_lengths/step,48824320,14.848097801208496
mg_D_seed2801,episode_lengths/step,48988160,14.801770210266113
mg_D_seed2801,episode_lengths/step,49152000,14.877559661865234
mg_D_seed2801,episode_lengths/step,49315840,14.726052284240723
mg_D_seed2801,episode_lengths/step,49479680,14.990462303161621
mg_D_seed2801,episode_lengths/step,49643520,15.147045135498047
mg_D_seed2801,episode_lengths/step,49807360,15.360692977905273
mg_D_seed2801,episode_lengths/step,49971200,15.392745018005371
mg_D_seed2801,episode_lengths/step,50135040,15.211889266967773
mg_D_seed2801,episode_lengths/step,50298880,15.341572761535645
mg_D_seed2801,episode_lengths/step,50462720,15.370299339294434
mg_D_seed2801,episode_lengths/step,50626560,15.292802810668945
mg_D_seed2801,episode_lengths/step,50790400,15.265701293945312
mg_D_seed2801,episode_lengths/step,50954240,15.290776252746582
mg_D_seed2801,episode_lengths/step,51118080,15.488143920898438
mg_D_seed2801,episode_lengths/step,51281920,15.42181396484375
mg_D_seed2801,episode_lengths/step,51445760,15.380114555358887
mg_D_seed2801,episode_lengths/step,51609600,15.3075532913208
mg_D_seed2801,episode_lengths/step,51773440,15.466470718383789
mg_D_seed2801,episode_lengths/step,51937280,15.507826805114746
mg_D_seed2801,episode_lengths/step,52101120,15.696037292480469
mg_D_seed2801,episode_lengths/step,52264960,15.646363258361816
mg_D_seed2801,episode_lengths/step,52428800,15.250852584838867
mg_D_seed2801,episode_lengths/step,52592640,15.396334648132324
mg_D_seed2801,episode_lengths/step,52756480,15.138190269470215
mg_D_seed2801,episode_lengths/step,52920320,15.200345993041992
mg_D_seed2801,episode_lengths/step,53084160,15.205677032470703
mg_D_seed2801,episode_lengths/step,53248000,15.087640762329102
mg_D_seed2801,episode_lengths/step,53411840,15.295299530029297
mg_D_seed2801,episode_lengths/step,53575680,15.212203025817871
mg_D_seed2801,episode_lengths/step,53739520,15.329412460327148
mg_D_seed2801,episode_lengths/step,53903360,15.616692543029785
mg_D_seed2801,episode_lengths/step,54067200,15.467950820922852
mg_D_seed2801,episode_lengths/step,54231040,15.600571632385254
mg_D_seed2801,episode_lengths/step,54394880,15.68936824798584
mg_D_seed2801,episode_lengths/step,54558720,16.220481872558594
mg_D_seed2801,episode_lengths/step,54722560,16.12787437438965
mg_D_seed2801,episode_lengths/step,54886400,15.69642448425293
mg_D_seed2801,episode_lengths/step,55050240,15.544572830200195
mg_D_seed2801,episode_lengths/step,55214080,15.367196083068848
mg_D_seed2801,episode_lengths/step,55377920,15.53576374053955
mg_D_seed2801,episode_lengths/step,55541760,15.545937538146973
mg_D_seed2801,episode_lengths/step,55705600,15.685769081115723
mg_D_seed2801,episode_lengths/step,55869440,15.621864318847656
mg_D_seed2801,episode_lengths/step,56033280,15.665884017944336
mg_D_seed2801,episode_lengths/step,56197120,15.622919082641602
mg_D_seed2801,episode_lengths/step,56360960,15.496193885803223
mg_D_seed2801,episode_lengths/step,56524800,15.346524238586426
mg_D_seed2801,episode_lengths/step,56688640,15.532123565673828
mg_D_seed2801,episode_lengths/step,56852480,15.37796688079834
mg_D_seed2801,episode_lengths/step,57016320,15.61279296875
mg_D_seed2801,episode_lengths/step,57180160,15.535648345947266
mg_D_seed2801,episode_lengths/step,57344000,15.593194961547852
mg_D_seed2801,episode_lengths/step,57507840,15.431037902832031
mg_D_seed2801,episode_lengths/step,57671680,15.518741607666016
mg_D_seed2801,episode_lengths/step,57835520,15.593828201293945
mg_D_seed2801,episode_lengths/step,57999360,15.723227500915527
mg_D_seed2801,episode_lengths/step,58163200,15.708329200744629
mg_D_seed2801,episode_lengths/step,58327040,15.4846830368042
mg_D_seed2801,episode_lengths/step,58490880,15.67434310913086
mg_D_seed2801,episode_lengths/step,58654720,15.293885231018066
mg_D_seed2801,episode_lengths/step,58818560,15.292769432067871
mg_D_seed2801,episode_lengths/step,58982400,15.499223709106445
mg_D_seed2801,episode_lengths/step,59146240,15.592363357543945
mg_D_seed2801,episode_lengths/step,59310080,15.456329345703125
mg_D_seed2801,episode_lengths/step,59473920,15.426127433776855
mg_D_seed2801,episode_lengths/step,59637760,15.256288528442383
mg_D_seed2801,episode_lengths/step,59801600,15.507550239562988
mg_D_seed2801,episode_lengths/step,59965440,15.311617851257324
mg_D_seed2801,episode_lengths/step,60129280,15.255331993103027
mg_D_seed2801,episode_lengths/step,60293120,15.236557006835938
mg_D_seed2801,episode_lengths/step,60456960,15.149250030517578
mg_D_seed2801,episode_lengths/step,60620800,15.225430488586426
mg_D_seed2801,episode_lengths/step,60784640,15.327645301818848
mg_D_seed2801,episode_lengths/step,60948480,15.4370698928833
mg_D_seed2801,episode_lengths/step,61112320,15.277618408203125
mg_D_seed2801,episode_lengths/step,61276160,15.202554702758789
mg_D_seed2801,episode_lengths/step,61440000,15.332783699035645
mg_D_seed2801,episode_lengths/step,61603840,15.448620796203613
mg_D_seed2801,episode_lengths/step,61767680,15.437703132629395
mg_D_seed2801,episode_lengths/step,61931520,15.379271507263184
mg_D_seed2801,episode_lengths/step,62095360,15.34623908996582
mg_D_seed2801,episode_lengths/step,62259200,15.289304733276367
mg_D_seed2801,episode_lengths/step,62423040,15.286849021911621
mg_D_seed2801,episode_lengths/step,62586880,15.091333389282227
mg_D_seed2801,episode_lengths/step,62750720,15.466512680053711
mg_D_seed2801,episode_lengths/step,62914560,15.277918815612793
mg_D_seed2801,episode_lengths/step,63078400,15.08290958404541
mg_D_seed2801,episode_lengths/step,63242240,15.017248153686523
mg_D_seed2801,episode_lengths/step,63406080,15.220568656921387
mg_D_seed2801,episode_lengths/step,63569920,15.228595733642578
mg_D_seed2801,episode_lengths/step,63733760,15.373342514038086
mg_D_seed2801,episode_lengths/step,63897600,15.351932525634766
mg_D_seed2801,episode_lengths/step,64061440,15.239214897155762
mg_D_seed2801,episode_lengths/step,64225280,15.135208129882812
mg_D_seed2801,episode_lengths/step,64389120,15.619832038879395
mg_D_seed2801,episode_lengths/step,64552960,15.291143417358398
mg_D_seed2801,episode_lengths/step,64716800,15.292013168334961
mg_D_seed2801,episode_lengths/step,64880640,15.055059432983398
mg_D_seed2801,episode_lengths/step,65044480,15.142308235168457
mg_D_seed2801,episode_lengths/step,65208320,15.003849029541016
mg_D_seed2801,episode_lengths/step,65372160,15.198368072509766
mg_D_seed2801,episode_lengths/step,65536000,15.409675598144531
mg_D_seed2801,episode_lengths/step,65699840,15.569478988647461
mg_D_seed2801,episode_lengths/step,65863680,15.314789772033691
mg_D_seed2801,episode_lengths/step,66027520,15.072713851928711
mg_D_seed2801,episode_lengths/step,66191360,15.438192367553711
mg_D_seed2801,episode_lengths/step,66355200,15.368988990783691
mg_D_seed2801,episode_lengths/step,66519040,15.406928062438965
mg_D_seed2801,episode_lengths/step,66682880,15.188080787658691
mg_D_seed2801,episode_lengths/step,66846720,15.295613288879395
mg_D_seed2801,episode_lengths/step,67010560,15.098512649536133
mg_D_seed2801,episode_lengths/step,67174400,15.080036163330078
mg_D_seed2801,episode_lengths/step,67338240,15.576773643493652
mg_D_seed2801,episode_lengths/step,67502080,15.333700180053711
mg_D_seed2801,episode_lengths/step,67665920,15.166521072387695
mg_D_seed2801,episode_lengths/step,67829760,15.299768447875977
mg_D_seed2801,episode_lengths/step,67993600,15.094766616821289
mg_D_seed2801,episode_lengths/step,68157440,15.301679611206055
mg_D_seed2801,episode_lengths/step,68321280,15.168989181518555
mg_D_seed2801,episode_lengths/step,68485120,15.166475296020508
mg_D_seed2801,episode_lengths/step,68648960,15.897834777832031
mg_D_seed2801,episode_lengths/step,68812800,15.289485931396484
mg_D_seed2801,episode_lengths/step,68976640,15.644308090209961
mg_D_seed2801,episode_lengths/step,69140480,15.34500789642334
mg_D_seed2801,episode_lengths/step,69304320,15.065657615661621
mg_D_seed2801,episode_lengths/step,69468160,15.328108787536621
mg_D_seed2801,episode_lengths/step,69632000,15.178546905517578
mg_D_seed2801,episode_lengths/step,69795840,15.262113571166992
mg_D_seed2801,episode_lengths/step,69959680,15.092684745788574
mg_D_seed2801,episode_lengths/step,70123520,15.188687324523926
mg_D_seed2801,episode_lengths/step,70287360,15.17508602142334
mg_D_seed2801,episode_lengths/step,70451200,15.498900413513184
mg_D_seed2801,episode_lengths/step,70615040,15.724468231201172
mg_D_seed2801,episode_lengths/step,70778880,15.503643989562988
mg_D_seed2801,episode_lengths/step,70942720,15.144946098327637
mg_D_seed2801,episode_lengths/step,71106560,15.345956802368164
mg_D_seed2801,episode_lengths/step,71270400,15.14321231842041
mg_D_seed2801,episode_lengths/step,71434240,15.043196678161621
mg_D_seed2801,episode_lengths/step,71598080,15.140424728393555
mg_D_seed2801,episode_lengths/step,71761920,15.183719635009766
mg_D_seed2801,episode_lengths/step,71925760,15.117348670959473
mg_D_seed2801,episode_lengths/step,72089600,14.958624839782715
mg_D_seed2801,episode_lengths/step,72253440,15.229094505310059
mg_D_seed2801,episode_lengths/step,72417280,15.132156372070312
mg_D_seed2801,episode_lengths/step,72581120,15.362715721130371
mg_D_seed2801,episode_lengths/step,72744960,15.20334529876709
mg_D_seed2801,episode_lengths/step,72908800,15.13936996459961
mg_D_seed2801,episode_lengths/step,73072640,15.3873929977417
mg_D_seed2801,episode_lengths/step,73236480,15.467866897583008
mg_D_seed2801,episode_lengths/step,73400320,15.190413475036621
mg_D_seed2801,episode_lengths/step,73564160,15.312920570373535
mg_D_seed2801,episode_lengths/step,73728000,15.399664878845215
mg_D_seed2801,episode_lengths/step,73891840,15.409170150756836
mg_D_seed2801,episode_lengths/step,74055680,15.57635498046875
mg_D_seed2801,episode_lengths/step,74219520,15.337587356567383
mg_D_seed2801,episode_lengths/step,74383360,15.235196113586426
mg_D_seed2801,episode_lengths/step,74547200,15.144434928894043
mg_D_seed2801,episode_lengths/step,74711040,14.933683395385742
mg_D_seed2801,episode_lengths/step,74874880,15.224737167358398
mg_D_seed2801,episode_lengths/step,75038720,15.081916809082031
mg_D_seed2801,episode_lengths/step,75202560,15.372294425964355
mg_D_seed2801,episode_lengths/step,75366400,15.08050537109375
mg_D_seed2801,episode_lengths/step,75530240,15.215639114379883
mg_D_seed2801,episode_lengths/step,75694080,15.268494606018066
mg_D_seed2801,episode_lengths/step,75857920,15.116429328918457
mg_D_seed2801,episode_lengths/step,76021760,14.97131061553955
mg_D_seed2801,episode_lengths/step,76185600,15.362399101257324
mg_D_seed2801,episode_lengths/step,76349440,15.248481750488281
mg_D_seed2801,episode_lengths/step,76513280,15.282960891723633
mg_D_seed2801,episode_lengths/step,76677120,15.292826652526855
mg_D_seed2801,episode_lengths/step,76840960,15.099222183227539
mg_D_seed2801,episode_lengths/step,77004800,15.120763778686523
mg_D_seed2801,episode_lengths/step,77168640,15.183124542236328
mg_D_seed2801,episode_lengths/step,77332480,15.185687065124512
mg_D_seed2801,episode_lengths/step,77496320,15.101883888244629
mg_D_seed2801,episode_lengths/step,77660160,15.071410179138184
mg_D_seed2801,episode_lengths/step,77824000,15.240262031555176
mg_D_seed2801,episode_lengths/step,77987840,15.34915828704834
mg_D_seed2801,episode_lengths/step,78151680,15.289978981018066
mg_D_seed2801,episode_lengths/step,78315520,15.43872356414795
mg_D_seed2801,episode_lengths/step,78479360,15.247834205627441
mg_D_seed2801,episode_lengths/step,78643200,15.105628967285156
mg_D_seed2801,episode_lengths/step,78807040,15.153700828552246
mg_D_seed2801,episode_lengths/step,78970880,15.323956489562988
mg_D_seed2801,episode_lengths/step,79134720,15.110031127929688
mg_D_seed2801,episode_lengths/step,79298560,15.01249885559082
mg_D_seed2801,episode_lengths/step,79462400,15.125913619995117
mg_D_seed2801,episode_lengths/step,79626240,15.261113166809082
mg_D_seed2801,episode_lengths/step,79790080,15.094462394714355
mg_D_seed2801,episode_lengths/step,79953920,15.215286254882812
mg_D_seed2801,episode_lengths/step,80117760,15.459885597229004
mg_D_seed2801,episode_lengths/step,80281600,15.211393356323242
mg_D_seed2801,episode_lengths/step,80445440,15.334757804870605
mg_D_seed2801,episode_lengths/step,80609280,15.32101821899414
mg_D_seed2801,episode_lengths/step,80773120,15.01987075805664
mg_D_seed2801,episode_lengths/step,80936960,15.362236976623535
mg_D_seed2801,episode_lengths/step,81100800,15.320518493652344
mg_D_seed2801,episode_lengths/step,81264640,15.305742263793945
mg_D_seed2801,episode_lengths/step,81428480,15.442824363708496
mg_D_seed2801,episode_lengths/step,81592320,15.47688102722168
mg_D_seed2801,episode_lengths/step,81756160,15.3914155960083
mg_D_seed2801,episode_lengths/step,81920000,15.355935096740723
mg_D_seed2801,episode_lengths/step,82083840,15.463394165039062
mg_D_seed2801,episode_lengths/step,82247680,15.231006622314453
mg_D_seed2801,episode_lengths/step,82411520,15.225410461425781
mg_D_seed2801,episode_lengths/step,82575360,15.094425201416016
mg_D_seed2801,episode_lengths/step,82739200,15.044468879699707
mg_D_seed2801,episode_lengths/step,82903040,15.377786636352539
mg_D_seed2801,episode_lengths/step,83066880,15.49992561340332
mg_D_seed2801,episode_lengths/step,83230720,15.277825355529785
mg_D_seed2801,episode_lengths/step,83394560,15.274468421936035
mg_D_seed2801,episode_lengths/step,83558400,15.340980529785156
mg_D_seed2801,episode_lengths/step,83722240,15.317231178283691
mg_D_seed2801,episode_lengths/step,83886080,15.333761215209961
mg_D_seed2801,episode_lengths/step,84049920,15.349448204040527
mg_D_seed2801,episode_lengths/step,84213760,15.37779426574707
mg_D_seed2801,episode_lengths/step,84377600,15.416681289672852
mg_D_seed2801,episode_lengths/step,84541440,15.270675659179688
mg_D_seed2801,episode_lengths/step,84705280,15.323139190673828
mg_D_seed2801,episode_lengths/step,84869120,15.493494987487793
mg_D_seed2801,episode_lengths/step,85032960,15.360076904296875
mg_D_seed2801,episode_lengths/step,85196800,15.216964721679688
mg_D_seed2801,episode_lengths/step,85360640,15.138697624206543
mg_D_seed2801,episode_lengths/step,85524480,15.281264305114746
mg_D_seed2801,episode_lengths/step,85688320,15.279086112976074
mg_D_seed2801,episode_lengths/step,85852160,15.452136993408203
mg_D_seed2801,episode_lengths/step,86016000,15.450289726257324
mg_D_seed2801,episode_lengths/step,86179840,15.306153297424316
mg_D_seed2801,episode_lengths/step,86343680,15.324966430664062
mg_D_seed2801,episode_lengths/step,86507520,15.58552360534668
mg_D_seed2801,episode_lengths/step,86671360,15.526851654052734
mg_D_seed2801,episode_lengths/step,86835200,15.316954612731934
mg_D_seed2801,episode_lengths/step,86999040,15.157992362976074
mg_D_seed2801,episode_lengths/step,87162880,15.202045440673828
mg_D_seed2801,episode_lengths/step,87326720,15.146907806396484
mg_D_seed2801,episode_lengths/step,87490560,15.56333065032959
mg_D_seed2801,episode_lengths/step,87654400,15.56053352355957
mg_D_seed2801,episode_lengths/step,87818240,15.755160331726074
mg_D_seed2801,episode_lengths/step,87982080,15.526135444641113
mg_D_seed2801,episode_lengths/step,88145920,15.27341365814209
mg_D_seed2801,episode_lengths/step,88309760,15.20359992980957
mg_D_seed2801,episode_lengths/step,88473600,15.37102222442627
mg_D_seed2801,episode_lengths/step,88637440,15.370312690734863
mg_D_seed2801,episode_lengths/step,88801280,15.373208045959473
mg_D_seed2801,episode_lengths/step,88965120,15.37710952758789
mg_D_seed2801,episode_lengths/step,89128960,15.44360637664795
mg_D_seed2801,episode_lengths/step,89292800,15.2647705078125
mg_D_seed2801,episode_lengths/step,89456640,15.48871898651123
mg_D_seed2801,episode_lengths/step,89620480,15.330968856811523
mg_D_seed2801,episode_lengths/step,89784320,15.40601921081543
mg_D_seed2801,episode_lengths/step,89948160,15.464408874511719
mg_D_seed2801,episode_lengths/step,90112000,15.430742263793945
mg_D_seed2801,episode_lengths/step,90275840,15.474089622497559
mg_D_seed2801,episode_lengths/step,90439680,15.466252326965332
mg_D_seed2801,episode_lengths/step,90603520,15.513134002685547
mg_D_seed2801,episode_lengths/step,90767360,15.582537651062012
mg_D_seed2801,episode_lengths/step,90931200,15.642219543457031
mg_D_seed2801,episode_lengths/step,91095040,15.46753978729248
mg_D_seed2801,episode_lengths/step,91258880,15.347183227539062
mg_D_seed2801,episode_lengths/step,91422720,15.295613288879395
mg_D_seed2801,episode_lengths/step,91586560,15.362040519714355
mg_D_seed2801,episode_lengths/step,91750400,15.3440523147583
mg_D_seed2801,episode_lengths/step,91914240,15.307004928588867
mg_D_seed2801,episode_lengths/step,92078080,15.609065055847168
mg_D_seed2801,episode_lengths/step,92241920,15.61591911315918
mg_D_seed2801,episode_lengths/step,92405760,15.54140567779541
mg_D_seed2801,episode_lengths/step,92569600,15.365592002868652
mg_D_seed2801,episode_lengths/step,92733440,15.389510154724121
mg_D_seed2801,episode_lengths/step,92897280,15.52246379852295
mg_D_seed2801,episode_lengths/step,93061120,15.547450065612793
mg_D_seed2801,episode_lengths/step,93224960,15.7412748336792
mg_D_seed2801,episode_lengths/step,93388800,15.585375785827637
mg_D_seed2801,episode_lengths/step,93552640,15.455595016479492
mg_D_seed2801,episode_lengths/step,93716480,15.535481452941895
mg_D_seed2801,episode_lengths/step,93880320,15.441514015197754
mg_D_seed2801,episode_lengths/step,94044160,15.511470794677734
mg_D_seed2801,episode_lengths/step,94208000,15.513348579406738
mg_D_seed2801,episode_lengths/step,94371840,15.56462574005127
mg_D_seed2801,episode_lengths/step,94535680,15.373806953430176
mg_D_seed2801,episode_lengths/step,94699520,15.257699012756348
mg_D_seed2801,episode_lengths/step,94863360,15.358749389648438
mg_D_seed2801,episode_lengths/step,95027200,15.384381294250488
mg_D_seed2801,episode_lengths/step,95191040,15.339929580688477
mg_D_seed2801,episode_lengths/step,95354880,15.398821830749512
mg_D_seed2801,episode_lengths/step,95518720,15.477778434753418
mg_D_seed2801,episode_lengths/step,95682560,15.619782447814941
mg_D_seed2801,episode_lengths/step,95846400,15.594221115112305
mg_D_seed2801,episode_lengths/step,96010240,15.470931053161621
mg_D_seed2801,episode_lengths/step,96174080,15.556028366088867
mg_D_seed2801,episode_lengths/step,96337920,15.649600982666016
mg_D_seed2801,episode_lengths/step,96501760,15.547057151794434
mg_D_seed2801,episode_lengths/step,96665600,15.303298950195312
mg_D_seed2801,episode_lengths/step,96829440,15.441064834594727
mg_D_seed2801,episode_lengths/step,96993280,15.66360092163086
mg_D_seed2801,episode_lengths/step,97157120,15.549692153930664
mg_D_seed2801,episode_lengths/step,97320960,15.738152503967285
mg_D_seed2801,episode_lengths/step,97484800,15.691154479980469
mg_D_seed2801,episode_lengths/step,97648640,15.695343971252441
mg_D_seed2801,episode_lengths/step,97812480,15.601633071899414
mg_D_seed2801,episode_lengths/step,97976320,15.467589378356934
mg_D_seed2801,episode_lengths/step,98140160,15.481513977050781
mg_D_seed2801,episode_lengths/step,98304000,15.706396102905273
mg_D_seed2801,episode_lengths/step,98467840,15.56718635559082
mg_D_seed2801,episode_lengths/step,98631680,15.691341400146484
mg_D_seed2801,episode_lengths/step,98795520,15.651726722717285
mg_D_seed2801,episode_lengths/step,98959360,15.63198184967041
mg_D_seed2801,episode_lengths/step,99123200,15.824881553649902
mg_D_seed2801,episode_lengths/step,99287040,15.657914161682129
mg_D_seed2801,episode_lengths/step,99450880,15.549729347229004
mg_D_seed2801,episode_lengths/step,99614720,15.510160446166992
mg_D_seed2801,episode_lengths/step,99778560,15.643299102783203
mg_D_seed2801,episode_lengths/step,99942400,15.723069190979004
mg_D_seed2801,episode_lengths/step,100106240,15.638961791992188
mg_D_seed2801,episode_lengths/step,100270080,15.879829406738281
mg_D_seed2801,episode_lengths/step,100433920,15.952106475830078
mg_D_seed2801,episode_lengths/step,100597760,15.927170753479004
mg_D_seed2801,episode_lengths/step,100761600,15.925271034240723
mg_D_seed2801,episode_lengths/step,100925440,15.657903671264648
mg_D_seed2801,episode_lengths/step,101089280,15.64363956451416
mg_D_seed2801,episode_lengths/step,101253120,15.695448875427246
mg_D_seed2801,episode_lengths/step,101416960,15.715200424194336
mg_D_seed2801,episode_lengths/step,101580800,15.602896690368652
mg_D_seed2801,episode_lengths/step,101744640,15.918169021606445
mg_D_seed2801,episode_lengths/step,101908480,15.774568557739258
mg_D_seed2801,episode_lengths/step,102072320,16.038259506225586
mg_D_seed2801,episode_lengths/step,102236160,16.187227249145508
mg_D_seed2801,episode_lengths/step,102400000,16.065935134887695
mg_D_seed2801,episode_lengths/step,102563840,15.932304382324219
mg_D_seed2801,episode_lengths/step,102727680,15.976187705993652
mg_D_seed2801,episode_lengths/step,102891520,15.891889572143555
mg_D_seed2801,episode_lengths/step,103055360,15.7862548828125
mg_D_seed2801,episode_lengths/step,103219200,15.607672691345215
mg_D_seed2801,episode_lengths/step,103383040,15.767759323120117
mg_D_seed2801,episode_lengths/step,103546880,15.662344932556152
mg_D_seed2801,episode_lengths/step,103710720,15.88973331451416
mg_D_seed2801,episode_lengths/step,103874560,15.74202823638916
mg_D_seed2801,episode_lengths/step,104038400,15.89374828338623
mg_D_seed2801,episode_lengths/step,104202240,15.95937442779541
mg_D_seed2801,episode_lengths/step,104366080,15.93649959564209
mg_D_seed2801,episode_lengths/step,104529920,16.077735900878906
mg_D_seed2801,episode_lengths/step,104693760,15.841657638549805
mg_D_seed2801,episode_lengths/step,104857600,15.694307327270508
mg_D_seed2801,episode_lengths/step,105021440,15.718067169189453
mg_D_seed2801,episode_lengths/step,105185280,15.802199363708496
mg_D_seed2801,episode_lengths/step,105349120,15.623164176940918
mg_D_seed2801,episode_lengths/step,105512960,15.761165618896484
mg_D_seed2801,episode_lengths/step,105676800,15.726720809936523
mg_D_seed2801,episode_lengths/step,105840640,15.72104263305664
mg_D_seed2801,episode_lengths/step,106004480,15.784854888916016
mg_D_seed2801,episode_lengths/step,106168320,15.91105842590332
mg_D_seed2801,episode_lengths/step,106332160,15.92516803741455
mg_D_seed2801,episode_lengths/step,106496000,15.881248474121094
mg_D_seed2801,episode_lengths/step,106659840,15.85200023651123
mg_D_seed2801,episode_lengths/step,106823680,15.927244186401367
mg_D_seed2801,episode_lengths/step,106987520,16.0249080657959
mg_D_seed2801,episode_lengths/step,107151360,15.887484550476074
mg_D_seed2801,episode_lengths/step,107315200,15.702009201049805
mg_D_seed2801,episode_lengths/step,107479040,15.65786075592041
mg_D_seed2801,episode_lengths/step,107642880,15.731630325317383
mg_D_seed2801,episode_lengths/step,107806720,15.70716381072998
mg_D_seed2801,episode_lengths/step,107970560,15.894538879394531
mg_D_seed2801,episode_lengths/step,108134400,15.7315034866333
mg_D_seed2801,episode_lengths/step,108298240,15.961935997009277
mg_D_seed2801,episode_lengths/step,108462080,16.074411392211914
mg_D_seed2801,episode_lengths/step,108625920,15.957257270812988
mg_D_seed2801,episode_lengths/step,108789760,15.957467079162598
mg_D_seed2801,episode_lengths/step,108953600,16.102697372436523
mg_D_seed2801,episode_lengths/step,109117440,16.03034210205078
mg_D_seed2801,episode_lengths/step,109281280,15.871110916137695
mg_D_seed2801,episode_lengths/step,109445120,15.93922233581543
mg_D_seed2801,episode_lengths/step,109608960,15.969961166381836
mg_D_seed2801,episode_lengths/step,109772800,15.850883483886719
mg_D_seed2801,episode_lengths/step,109936640,15.861349105834961
mg_D_seed2801,episode_lengths/step,110100480,16.02971649169922
mg_D_seed2801,episode_lengths/step,110264320,15.875617027282715
mg_D_seed2801,episode_lengths/step,110428160,15.977603912353516
mg_D_seed2801,episode_lengths/step,110592000,15.91222095489502
mg_D_seed2801,episode_lengths/step,110755840,15.855622291564941
mg_D_seed2801,episode_lengths/step,110919680,15.746460914611816
mg_D_seed2801,episode_lengths/step,111083520,15.739211082458496
mg_D_seed2801,episode_lengths/step,111247360,15.787982940673828
mg_D_seed2801,episode_lengths/step,111411200,15.671019554138184
mg_D_seed2801,episode_lengths/step,111575040,15.631218910217285
mg_D_seed2801,episode_lengths/step,111738880,15.946803092956543
mg_D_seed2801,episode_lengths/step,111902720,15.879247665405273
mg_D_seed2801,episode_lengths/step,112066560,15.654757499694824
mg_D_seed2801,episode_lengths/step,112230400,15.881036758422852
mg_D_seed2801,episode_lengths/step,112394240,15.894498825073242
mg_D_seed2801,episode_lengths/step,112558080,15.996158599853516
mg_D_seed2801,episode_lengths/step,112721920,15.893198013305664
mg_D_seed2801,episode_lengths/step,112885760,15.873720169067383
mg_D_seed2801,episode_lengths/step,113049600,15.762628555297852
mg_D_seed2801,episode_lengths/step,113213440,15.968091011047363
mg_D_seed2801,episode_lengths/step,113377280,16.213964462280273
mg_D_seed2801,episode_lengths/step,113541120,16.10506820678711
mg_D_seed2801,episode_lengths/step,113704960,16.087018966674805
mg_D_seed2801,episode_lengths/step,113868800,15.856040000915527
mg_D_seed2801,episode_lengths/step,114032640,15.889227867126465
mg_D_seed2801,episode_lengths/step,114196480,15.828527450561523
mg_D_seed2801,episode_lengths/step,114360320,15.797794342041016
mg_D_seed2801,episode_lengths/step,114524160,15.809778213500977
mg_D_seed2801,episode_lengths/step,114688000,15.909093856811523
mg_D_seed2801,episode_lengths/step,114851840,16.04691505432129
mg_D_seed2801,episode_lengths/step,115015680,15.941717147827148
mg_D_seed2801,episode_lengths/step,115179520,15.933016777038574
mg_D_seed2801,episode_lengths/step,115343360,15.993024826049805
mg_D_seed2801,episode_lengths/step,115507200,15.978053092956543
mg_D_seed2801,episode_lengths/step,115671040,16.157855987548828
mg_D_seed2801,episode_lengths/step,115834880,16.000215530395508
mg_D_seed2801,episode_lengths/step,115998720,15.787871360778809
mg_D_seed2801,episode_lengths/step,116162560,15.877577781677246
mg_D_seed2801,episode_lengths/step,116326400,15.850701332092285
mg_D_seed2801,episode_lengths/step,116490240,16.080873489379883
mg_D_seed2801,episode_lengths/step,116654080,16.029085159301758
mg_D_seed2801,episode_lengths/step,116817920,16.0112247467041
mg_D_seed2801,episode_lengths/step,116981760,16.11722183227539
mg_D_seed2801,episode_lengths/step,117145600,15.89844036102295
mg_D_seed2801,episode_lengths/step,117309440,15.894001007080078
mg_D_seed2801,episode_lengths/step,117473280,15.789636611938477
mg_D_seed2801,episode_lengths/step,117637120,15.89828109741211
mg_D_seed2801,episode_lengths/step,117800960,15.90958023071289
mg_D_seed2801,episode_lengths/step,117964800,15.879983901977539
mg_D_seed2801,episode_lengths/step,118128640,16.174617767333984
mg_D_seed2801,episode_lengths/step,118292480,16.01076889038086
mg_D_seed2801,episode_lengths/step,118456320,16.124067306518555
mg_D_seed2801,episode_lengths/step,118620160,16.036697387695312
mg_D_seed2801,episode_lengths/step,118784000,16.19775390625
mg_D_seed2801,episode_lengths/step,118947840,16.441011428833008
mg_D_seed2801,episode_lengths/step,119111680,16.164030075073242
mg_D_seed2801,episode_lengths/step,119275520,16.074308395385742
mg_D_seed2801,episode_lengths/step,119439360,16.282875061035156
mg_D_seed2801,episode_lengths/step,119603200,16.529422760009766
mg_D_seed2801,episode_lengths/step,119767040,16.189804077148438
mg_D_seed2801,episode_lengths/step,119930880,16.204011917114258
mg_D_seed2801,episode_lengths/step,120094720,16.13726806640625
mg_D_seed2801,episode_lengths/step,120258560,16.145221710205078
mg_D_seed2801,episode_lengths/step,120422400,15.983855247497559
mg_D_seed2801,episode_lengths/step,120586240,16.10034942626953
mg_D_seed2801,episode_lengths/step,120750080,16.153364181518555
mg_D_seed2801,episode_lengths/step,120913920,16.40492057800293
mg_D_seed2801,episode_lengths/step,121077760,16.323219299316406
mg_D_seed2801,episode_lengths/step,121241600,16.197925567626953
mg_D_seed2801,episode_lengths/step,121405440,16.292749404907227
mg_D_seed2801,episode_lengths/step,121569280,16.26162338256836
mg_D_seed2801,episode_lengths/step,121733120,16.140810012817383
mg_D_seed2801,episode_lengths/step,121896960,16.247468948364258
mg_D_seed2801,episode_lengths/step,122060800,16.32724952697754
mg_D_seed2801,episode_lengths/step,122224640,16.19626235961914
mg_D_seed2801,episode_lengths/step,122388480,16.492816925048828
mg_D_seed2801,episode_lengths/step,122552320,16.31720733642578
mg_D_seed2801,episode_lengths/step,122716160,16.337997436523438
mg_D_seed2801,episode_lengths/step,122880000,16.072696685791016
mg_D_seed2801,episode_lengths/step,123043840,16.296384811401367
mg_D_seed2801,episode_lengths/step,123207680,15.932073593139648
mg_D_seed2801,episode_lengths/step,123371520,15.963996887207031
mg_D_seed2801,episode_lengths/step,123535360,16.241363525390625
mg_D_seed2801,episode_lengths/step,123699200,16.198200225830078
mg_D_seed2801,episode_lengths/step,123863040,16.41442108154297
mg_D_seed2801,episode_lengths/step,124026880,16.310314178466797
mg_D_seed2801,episode_lengths/step,124190720,16.35004997253418
mg_D_seed2801,episode_lengths/step,124354560,16.60319709777832
mg_D_seed2801,episode_lengths/step,124518400,16.56791877746582
mg_D_seed2801,episode_lengths/step,124682240,16.470775604248047
mg_D_seed2801,episode_lengths/step,124846080,16.496829986572266
mg_D_seed2801,episode_lengths/step,125009920,16.473400115966797
mg_D_seed2801,episode_lengths/step,125173760,16.46030616760254
mg_D_seed2801,episode_lengths/step,125337600,16.329607009887695
mg_D_seed2801,episode_lengths/step,125501440,16.243160247802734
mg_D_seed2801,episode_lengths/step,125665280,16.27655601501465
mg_D_seed2801,episode_lengths/step,125829120,16.261735916137695
mg_D_seed2801,episode_lengths/step,125992960,16.177152633666992
mg_D_seed2801,episode_lengths/step,126156800,16.25012969970703
mg_D_seed2801,episode_lengths/step,126320640,16.329896926879883
mg_D_seed2801,episode_lengths/step,126484480,16.27814292907715
mg_D_seed2801,episode_lengths/step,126648320,16.41187858581543
mg_D_seed2801,episode_lengths/step,126812160,16.4471435546875
mg_D_seed2801,episode_lengths/step,126976000,16.57522964477539
mg_D_seed2801,episode_lengths/step,127139840,16.520721435546875
mg_D_seed2801,episode_lengths/step,127303680,16.795211791992188
mg_D_seed2801,episode_lengths/step,127467520,16.755197525024414
mg_D_seed2801,episode_lengths/step,127631360,16.930858612060547
mg_D_seed2801,episode_lengths/step,127795200,16.499414443969727
mg_D_seed2801,episode_lengths/step,127959040,16.418569564819336
mg_D_seed2801,episode_lengths/step,128122880,16.482284545898438
mg_D_seed2801,episode_lengths/step,128286720,16.31008529663086
mg_D_seed2801,episode_lengths/step,128450560,16.366872787475586
mg_D_seed2801,episode_lengths/step,128614400,16.36157989501953
mg_D_seed2801,episode_lengths/step,128778240,16.374813079833984
mg_D_seed2801,episode_lengths/step,128942080,16.205520629882812
mg_D_seed2801,episode_lengths/step,129105920,16.25465202331543
mg_D_seed2801,episode_lengths/step,129269760,16.52006721496582
mg_D_seed2801,episode_lengths/step,129433600,16.448572158813477
mg_D_seed2801,episode_lengths/step,129597440,16.5845890045166
mg_D_seed2801,episode_lengths/step,129761280,16.71272850036621
mg_D_seed2801,episode_lengths/step,129925120,16.582290649414062
mg_D_seed2801,episode_lengths/step,130088960,16.389007568359375
mg_D_seed2801,episode_lengths/step,130252800,16.47501564025879
mg_D_seed2801,episode_lengths/step,130416640,16.65162467956543
mg_D_seed2801,episode_lengths/step,130580480,16.67400360107422
mg_D_seed2801,episode_lengths/step,130744320,16.731203079223633
mg_D_seed2801,episode_lengths/step,130908160,16.655208587646484
mg_D_seed2801,episode_lengths/step,131072000,16.497411727905273
mg_D_seed2801,episode_lengths/step,131235840,16.489145278930664
mg_D_seed2801,episode_lengths/step,131399680,16.399166107177734
mg_D_seed2801,episode_lengths/step,131563520,16.687711715698242
mg_D_seed2801,episode_lengths/step,131727360,16.540348052978516
mg_D_seed2801,episode_lengths/step,131891200,16.504539489746094
mg_D_seed2801,episode_lengths/step,132055040,16.50774383544922
mg_D_seed2801,episode_lengths/step,132218880,16.55185890197754
mg_D_seed2801,episode_lengths/step,132382720,16.65508270263672
mg_D_seed2801,episode_lengths/step,132546560,16.626272201538086
mg_D_seed2801,episode_lengths/step,132710400,16.39694595336914
mg_D_seed2801,episode_lengths/step,132874240,16.4654598236084
mg_D_seed2801,episode_lengths/step,133038080,16.49017906188965
mg_D_seed2801,episode_lengths/step,133201920,16.460372924804688
mg_D_seed2801,episode_lengths/step,133365760,16.3568058013916
mg_D_seed2801,episode_lengths/step,133529600,16.396379470825195
mg_D_seed2801,episode_lengths/step,133693440,16.346113204956055
mg_D_seed2801,episode_lengths/step,133857280,16.533830642700195
mg_D_seed2801,episode_lengths/step,134021120,16.447500228881836
mg_D_seed2801,episode_lengths/step,134184960,16.40398597717285
mg_D_seed2801,episode_lengths/step,134348800,16.399084091186523
mg_D_seed2801,episode_lengths/step,134512640,16.413043975830078
mg_D_seed2801,episode_lengths/step,134676480,16.582500457763672
mg_D_seed2801,episode_lengths/step,134840320,16.527355194091797
mg_D_seed2801,episode_lengths/step,135004160,16.770687103271484
mg_D_seed2801,episode_lengths/step,135168000,16.924482345581055
mg_D_seed2801,episode_lengths/step,135331840,16.82012939453125
mg_D_seed2801,episode_lengths/step,135495680,16.802490234375
mg_D_seed2801,episode_lengths/step,135659520,16.827045440673828
mg_D_seed2801,episode_lengths/step,135823360,16.801734924316406
mg_D_seed2801,episode_lengths/step,135987200,16.908279418945312
mg_D_seed2801,episode_lengths/step,136151040,16.825550079345703
mg_D_seed2801,episode_lengths/step,136314880,16.683883666992188
mg_D_seed2801,episode_lengths/step,136478720,16.77567481994629
mg_D_seed2801,episode_lengths/step,136642560,16.69701385498047
mg_D_seed2801,episode_lengths/step,136806400,16.724475860595703
mg_D_seed2801,episode_lengths/step,136970240,16.862184524536133
mg_D_seed2801,episode_lengths/step,137134080,16.804227828979492
mg_D_seed2801,episode_lengths/step,137297920,16.681299209594727
mg_D_seed2801,episode_lengths/step,137461760,17.08534812927246
mg_D_seed2801,episode_lengths/step,137625600,16.949010848999023
mg_D_seed2801,episode_lengths/step,137789440,16.910850524902344
mg_D_seed2801,episode_lengths/step,137953280,16.68260383605957
mg_D_seed2801,episode_lengths/step,138117120,16.76070213317871
mg_D_seed2801,episode_lengths/step,138280960,16.884973526000977
mg_D_seed2801,episode_lengths/step,138444800,17.016555786132812
mg_D_seed2801,episode_lengths/step,138608640,16.956483840942383
mg_D_seed2801,episode_lengths/step,138772480,16.974687576293945
mg_D_seed2801,episode_lengths/step,138936320,16.862667083740234
mg_D_seed2801,episode_lengths/step,139100160,17.137357711791992
mg_D_seed2801,episode_lengths/step,139264000,17.033935546875
mg_D_seed2801,episode_lengths/step,139427840,16.92827796936035
mg_D_seed2801,episode_lengths/step,139591680,16.932836532592773
mg_D_seed2801,episode_lengths/step,139755520,16.847782135009766
mg_D_seed2801,episode_lengths/step,139919360,16.814083099365234
mg_D_seed2801,episode_lengths/step,140083200,16.921720504760742
mg_D_seed2801,episode_lengths/step,140247040,16.916038513183594
mg_D_seed2801,episode_lengths/step,140410880,16.955408096313477
mg_D_seed2801,episode_lengths/step,140574720,17.15995216369629
mg_D_seed2801,episode_lengths/step,140738560,17.009849548339844
mg_D_seed2801,episode_lengths/step,140902400,16.818105697631836
mg_D_seed2801,episode_lengths/step,141066240,16.891069412231445
mg_D_seed2801,episode_lengths/step,141230080,16.913564682006836
mg_D_seed2801,episode_lengths/step,141393920,16.761837005615234
mg_D_seed2801,episode_lengths/step,141557760,16.792465209960938
mg_D_seed2801,episode_lengths/step,141721600,16.851192474365234
mg_D_seed2801,episode_lengths/step,141885440,17.047849655151367
mg_D_seed2801,episode_lengths/step,142049280,16.919389724731445
mg_D_seed2801,episode_lengths/step,142213120,16.965576171875
mg_D_seed2801,episode_lengths/step,142376960,16.84035301208496
mg_D_seed2801,episode_lengths/step,142540800,16.89356803894043
mg_D_seed2801,episode_lengths/step,142704640,16.762948989868164
mg_D_seed2801,episode_lengths/step,142868480,16.61497688293457
mg_D_seed2801,episode_lengths/step,143032320,16.628841400146484
mg_D_seed2801,episode_lengths/step,143196160,16.700971603393555
mg_D_seed2801,episode_lengths/step,143360000,16.669578552246094
mg_D_seed2801,episode_lengths/step,143523840,16.964080810546875
mg_D_seed2801,episode_lengths/step,143687680,16.77731704711914
mg_D_seed2801,episode_lengths/step,143851520,16.75594139099121
mg_D_seed2801,episode_lengths/step,144015360,16.903310775756836
mg_D_seed2801,episode_lengths/step,144179200,16.901390075683594
mg_D_seed2801,episode_lengths/step,144343040,16.88266944885254
mg_D_seed2801,episode_lengths/step,144506880,16.885896682739258
mg_D_seed2801,episode_lengths/step,144670720,17.00612449645996
mg_D_seed2801,episode_lengths/step,144834560,16.8375244140625
mg_D_seed2801,episode_lengths/step,144998400,16.857980728149414
mg_D_seed2801,episode_lengths/step,145162240,16.924068450927734
mg_D_seed2801,episode_lengths/step,145326080,16.896209716796875
mg_D_seed2801,episode_lengths/step,145489920,16.96148681640625
mg_D_seed2801,episode_lengths/step,145653760,16.9981689453125
mg_D_seed2801,episode_lengths/step,145817600,17.243385314941406
mg_D_seed2801,episode_lengths/step,145981440,17.181459426879883
mg_D_seed2801,episode_lengths/step,146145280,17.15181541442871
mg_D_seed2801,episode_lengths/step,146309120,17.132448196411133
mg_D_seed2801,episode_lengths/step,146472960,16.996139526367188
mg_D_seed2801,episode_lengths/step,146636800,16.985450744628906
mg_D_seed2801,episode_lengths/step,146800640,16.965465545654297
mg_D_seed2801,episode_lengths/step,146964480,16.879554748535156
mg_D_seed2801,episode_lengths/step,147128320,16.795406341552734
mg_D_seed2801,episode_lengths/step,147292160,16.709182739257812
mg_D_seed2801,episode_lengths/step,147456000,16.780290603637695
mg_D_seed2801,episode_lengths/step,147619840,16.834577560424805
mg_D_seed2801,episode_lengths/step,147783680,17.029634475708008
mg_D_seed2801,episode_lengths/step,147947520,16.878202438354492
mg_D_seed2801,episode_lengths/step,148111360,16.749404907226562
mg_D_seed2801,episode_lengths/step,148275200,16.703468322753906
mg_D_seed2801,episode_lengths/step,148439040,16.964597702026367
mg_D_seed2801,episode_lengths/step,148602880,16.971593856811523
mg_D_seed2801,episode_lengths/step,148766720,16.985036849975586
mg_D_seed2801,episode_lengths/step,148930560,16.946012496948242
mg_D_seed2801,episode_lengths/step,149094400,16.940670013427734
mg_D_seed2801,episode_lengths/step,149258240,16.8536434173584
mg_D_seed2801,episode_lengths/step,149422080,16.830263137817383
mg_D_seed2801,episode_lengths/step,149585920,16.845149993896484
mg_D_seed2801,episode_lengths/step,149749760,16.881053924560547
mg_D_seed2801,episode_lengths/step,149913600,16.84284019470215
mg_D_seed2801,episode_lengths/step,150077440,16.910030364990234
mg_D_seed2801,episode_lengths/step,150241280,16.93815803527832
mg_D_seed2801,episode_lengths/step,150405120,16.971708297729492
mg_D_seed2801,episode_lengths/step,150568960,16.987735748291016
mg_D_seed2801,episode_lengths/step,150732800,16.90338897705078
mg_D_seed2801,episode_lengths/step,150896640,16.948102951049805
mg_D_seed2801,episode_lengths/step,151060480,17.145856857299805
mg_D_seed2801,episode_lengths/step,151224320,17.106454849243164
mg_D_seed2801,episode_lengths/step,151388160,17.119741439819336
mg_D_seed2801,episode_lengths/step,151552000,17.166296005249023
mg_D_seed2801,episode_lengths/step,151715840,17.127939224243164
mg_D_seed2801,episode_lengths/step,151879680,17.00272560119629
mg_D_seed2801,episode_lengths/step,152043520,16.97588348388672
mg_D_seed2801,episode_lengths/step,152207360,16.849308013916016
mg_D_seed2801,episode_lengths/step,152371200,16.95844841003418
mg_D_seed2801,episode_lengths/step,152535040,17.093006134033203
mg_D_seed2801,episode_lengths/step,152698880,17.161746978759766
mg_D_seed2801,episode_lengths/step,152862720,17.156301498413086
mg_D_seed2801,episode_lengths/step,153026560,17.20331573486328
mg_D_seed2801,episode_lengths/step,153190400,17.186796188354492
mg_D_seed2801,episode_lengths/step,153354240,17.08853530883789
mg_D_seed2801,episode_lengths/step,153518080,17.044300079345703
mg_D_seed2801,episode_lengths/step,153681920,17.13842010498047
mg_D_seed2801,episode_lengths/step,153845760,17.113113403320312
mg_D_seed2801,episode_lengths/step,154009600,17.086462020874023
mg_D_seed2801,episode_lengths/step,154173440,16.94761848449707
mg_D_seed2801,episode_lengths/step,154337280,17.209535598754883
mg_D_seed2801,episode_lengths/step,154501120,17.29823112487793
mg_D_seed2801,episode_lengths/step,154664960,17.238731384277344
mg_D_seed2801,episode_lengths/step,154828800,17.080076217651367
mg_D_seed2801,episode_lengths/step,154992640,17.27094268798828
mg_D_seed2801,episode_lengths/step,155156480,17.322988510131836
mg_D_seed2801,episode_lengths/step,155320320,17.176586151123047
mg_D_seed2801,episode_lengths/step,155484160,16.91887855529785
mg_D_seed2801,episode_lengths/step,155648000,16.944067001342773
mg_D_seed2801,episode_lengths/step,155811840,16.830738067626953
mg_D_seed2801,episode_lengths/step,155975680,17.027341842651367
mg_D_seed2801,episode_lengths/step,156139520,17.279216766357422
mg_D_seed2801,episode_lengths/step,156303360,17.251277923583984
mg_D_seed2801,episode_lengths/step,156467200,17.082429885864258
mg_D_seed2801,episode_lengths/step,156631040,17.210277557373047
mg_D_seed2801,episode_lengths/step,156794880,17.152936935424805
mg_D_seed2801,episode_lengths/step,156958720,17.127037048339844
mg_D_seed2801,episode_lengths/step,157122560,17.17752456665039
mg_D_seed2801,episode_lengths/step,157286400,17.20421028137207
mg_D_seed2801,episode_lengths/step,157450240,17.245582580566406
mg_D_seed2801,episode_lengths/step,157614080,17.177297592163086
mg_D_seed2801,episode_lengths/step,157777920,17.059953689575195
mg_D_seed2801,episode_lengths/step,157941760,16.848421096801758
mg_D_seed2801,episode_lengths/step,158105600,16.925384521484375
mg_D_seed2801,episode_lengths/step,158269440,17.044509887695312
mg_D_seed2801,episode_lengths/step,158433280,17.099346160888672
mg_D_seed2801,episode_lengths/step,158597120,16.98719024658203
mg_D_seed2801,episode_lengths/step,158760960,17.25191307067871
mg_D_seed2801,episode_lengths/step,158924800,17.299650192260742
mg_D_seed2801,episode_lengths/step,159088640,17.174772262573242
mg_D_seed2801,episode_lengths/step,159252480,17.193744659423828
mg_D_seed2801,episode_lengths/step,159416320,17.01276969909668
mg_D_seed2801,episode_lengths/step,159580160,17.08624839782715
mg_D_seed2801,episode_lengths/step,159744000,17.468711853027344
mg_D_seed2801,episode_lengths/step,159907840,17.38459014892578
mg_D_seed2801,episode_lengths/step,160071680,17.247514724731445
mg_D_seed2801,episode_lengths/step,160235520,17.250713348388672
mg_D_seed2801,episode_lengths/step,160399360,17.28106689453125
mg_D_seed2801,episode_lengths/step,160563200,17.210412979125977
mg_D_seed2801,episode_lengths/step,160727040,17.300430297851562
mg_D_seed2801,episode_lengths/step,160890880,17.27638053894043
mg_D_seed2801,episode_lengths/step,161054720,17.281362533569336
mg_D_seed2801,episode_lengths/step,161218560,17.315065383911133
mg_D_seed2801,episode_lengths/step,161382400,17.40520477294922
mg_D_seed2801,episode_lengths/step,161546240,17.258136749267578
mg_D_seed2801,episode_lengths/step,161710080,17.271238327026367
mg_D_seed2801,episode_lengths/step,161873920,17.26089096069336
mg_D_seed2801,episode_lengths/step,162037760,17.38262176513672
mg_D_seed2801,episode_lengths/step,162201600,17.162626266479492
mg_D_seed2801,episode_lengths/step,162365440,17.295089721679688
mg_D_seed2801,episode_lengths/step,162529280,17.358354568481445
mg_D_seed2801,episode_lengths/step,162693120,17.328041076660156
mg_D_seed2801,episode_lengths/step,162856960,17.318058013916016
mg_D_seed2801,episode_lengths/step,163020800,17.404876708984375
mg_D_seed2801,episode_lengths/step,163184640,17.28531265258789
mg_D_seed2801,episode_lengths/step,163348480,17.43194580078125
mg_D_seed2801,episode_lengths/step,163512320,17.445192337036133
mg_D_seed2801,episode_lengths/step,163676160,17.47755241394043
mg_D_seed2801,episode_lengths/step,163840000,17.372167587280273
mg_D_seed2801,reset_noise/scale/frame,163840,1.0
mg_D_seed2801,reset_noise/scale/frame,327680,1.0
mg_D_seed2801,reset_noise/scale/frame,491520,1.0
mg_D_seed2801,reset_noise/scale/frame,655360,1.0
mg_D_seed2801,reset_noise/scale/frame,819200,1.0
mg_D_seed2801,reset_noise/scale/frame,983040,1.0
mg_D_seed2801,reset_noise/scale/frame,1146880,1.0
mg_D_seed2801,reset_noise/scale/frame,1310720,1.0
mg_D_seed2801,reset_noise/scale/frame,1474560,1.0
mg_D_seed2801,reset_noise/scale/frame,1638400,1.0
mg_D_seed2801,reset_noise/scale/frame,1802240,1.0
mg_D_seed2801,reset_noise/scale/frame,1966080,1.0
mg_D_seed2801,reset_noise/scale/frame,2129920,1.0
mg_D_seed2801,reset_noise/scale/frame,2293760,1.0
mg_D_seed2801,reset_noise/scale/frame,2457600,1.0
mg_D_seed2801,reset_noise/scale/frame,2621440,1.0
mg_D_seed2801,reset_noise/scale/frame,2785280,1.0
mg_D_seed2801,reset_noise/scale/frame,2949120,1.0
mg_D_seed2801,reset_noise/scale/frame,3112960,1.0
mg_D_seed2801,reset_noise/scale/frame,3276800,1.0
mg_D_seed2801,reset_noise/scale/frame,3440640,1.0
mg_D_seed2801,reset_noise/scale/frame,3604480,1.0
mg_D_seed2801,reset_noise/scale/frame,3768320,1.0
mg_D_seed2801,reset_noise/scale/frame,3932160,1.0
mg_D_seed2801,reset_noise/scale/frame,4096000,1.0
mg_D_seed2801,reset_noise/scale/frame,4259840,1.0
mg_D_seed2801,reset_noise/scale/frame,4423680,1.0
mg_D_seed2801,reset_noise/scale/frame,4587520,1.0
mg_D_seed2801,reset_noise/scale/frame,4751360,1.0
mg_D_seed2801,reset_noise/scale/frame,4915200,1.0
mg_D_seed2801,reset_noise/scale/frame,5079040,1.0
mg_D_seed2801,reset_noise/scale/frame,5242880,1.0
mg_D_seed2801,reset_noise/scale/frame,5406720,1.0
mg_D_seed2801,reset_noise/scale/frame,5570560,1.0
mg_D_seed2801,reset_noise/scale/frame,5734400,1.0
mg_D_seed2801,reset_noise/scale/frame,5898240,1.0
mg_D_seed2801,reset_noise/scale/frame,6062080,1.0
mg_D_seed2801,reset_noise/scale/frame,6225920,1.0
mg_D_seed2801,reset_noise/scale/frame,6389760,1.0
mg_D_seed2801,reset_noise/scale/frame,6553600,1.0
mg_D_seed2801,reset_noise/scale/frame,6717440,1.0
mg_D_seed2801,reset_noise/scale/frame,6881280,1.0
mg_D_seed2801,reset_noise/scale/frame,7045120,1.0
mg_D_seed2801,reset_noise/scale/frame,7208960,1.0
mg_D_seed2801,reset_noise/scale/frame,7372800,1.0
mg_D_seed2801,reset_noise/scale/frame,7536640,1.0
mg_D_seed2801,reset_noise/scale/frame,7700480,1.0
mg_D_seed2801,reset_noise/scale/frame,7864320,1.0
mg_D_seed2801,reset_noise/scale/frame,8028160,1.0
mg_D_seed2801,reset_noise/scale/frame,8192000,1.0
mg_D_seed2801,reset_noise/scale/frame,8355840,1.0
mg_D_seed2801,reset_noise/scale/frame,8519680,1.0
mg_D_seed2801,reset_noise/scale/frame,8683520,1.0
mg_D_seed2801,reset_noise/scale/frame,8847360,1.0
mg_D_seed2801,reset_noise/scale/frame,9011200,1.0
mg_D_seed2801,reset_noise/scale/frame,9175040,1.0
mg_D_seed2801,reset_noise/scale/frame,9338880,1.0
mg_D_seed2801,reset_noise/scale/frame,9502720,1.0
mg_D_seed2801,reset_noise/scale/frame,9666560,1.0
mg_D_seed2801,reset_noise/scale/frame,9830400,1.0
mg_D_seed2801,reset_noise/scale/frame,9994240,1.0
mg_D_seed2801,reset_noise/scale/frame,10158080,1.0
mg_D_seed2801,reset_noise/scale/frame,10321920,1.0
mg_D_seed2801,reset_noise/scale/frame,10485760,1.0
mg_D_seed2801,reset_noise/scale/frame,10649600,1.0
mg_D_seed2801,reset_noise/scale/frame,10813440,1.0
mg_D_seed2801,reset_noise/scale/frame,10977280,1.0
mg_D_seed2801,reset_noise/scale/frame,11141120,1.0
mg_D_seed2801,reset_noise/scale/frame,11304960,1.0
mg_D_seed2801,reset_noise/scale/frame,11468800,1.0
mg_D_seed2801,reset_noise/scale/frame,11632640,1.0
mg_D_seed2801,reset_noise/scale/frame,11796480,1.0
mg_D_seed2801,reset_noise/scale/frame,11960320,1.0
mg_D_seed2801,reset_noise/scale/frame,12124160,1.0
mg_D_seed2801,reset_noise/scale/frame,12288000,1.0
mg_D_seed2801,reset_noise/scale/frame,12451840,1.0
mg_D_seed2801,reset_noise/scale/frame,12615680,1.0
mg_D_seed2801,reset_noise/scale/frame,12779520,1.0
mg_D_seed2801,reset_noise/scale/frame,12943360,1.0
mg_D_seed2801,reset_noise/scale/frame,13107200,1.0
mg_D_seed2801,reset_noise/scale/frame,13271040,1.0
mg_D_seed2801,reset_noise/scale/frame,13434880,1.0
mg_D_seed2801,reset_noise/scale/frame,13598720,1.0
mg_D_seed2801,reset_noise/scale/frame,13762560,1.0
mg_D_seed2801,reset_noise/scale/frame,13926400,1.0
mg_D_seed2801,reset_noise/scale/frame,14090240,1.0
mg_D_seed2801,reset_noise/scale/frame,14254080,1.0
mg_D_seed2801,reset_noise/scale/frame,14417920,1.0
mg_D_seed2801,reset_noise/scale/frame,14581760,1.0
mg_D_seed2801,reset_noise/scale/frame,14745600,1.0
mg_D_seed2801,reset_noise/scale/frame,14909440,1.0
mg_D_seed2801,reset_noise/scale/frame,15073280,1.0
mg_D_seed2801,reset_noise/scale/frame,15237120,1.0
mg_D_seed2801,reset_noise/scale/frame,15400960,1.0
mg_D_seed2801,reset_noise/scale/frame,15564800,1.0
mg_D_seed2801,reset_noise/scale/frame,15728640,1.0
mg_D_seed2801,reset_noise/scale/frame,15892480,1.0
mg_D_seed2801,reset_noise/scale/frame,16056320,1.0
mg_D_seed2801,reset_noise/scale/frame,16220160,1.0
mg_D_seed2801,reset_noise/scale/frame,16384000,1.0
mg_D_seed2801,reset_noise/scale/frame,16547840,1.0
mg_D_seed2801,reset_noise/scale/frame,16711680,1.0
mg_D_seed2801,reset_noise/scale/frame,16875520,1.0
mg_D_seed2801,reset_noise/scale/frame,17039360,1.0
mg_D_seed2801,reset_noise/scale/frame,17203200,1.0
mg_D_seed2801,reset_noise/scale/frame,17367040,1.0
mg_D_seed2801,reset_noise/scale/frame,17530880,1.0
mg_D_seed2801,reset_noise/scale/frame,17694720,1.0
mg_D_seed2801,reset_noise/scale/frame,17858560,1.0
mg_D_seed2801,reset_noise/scale/frame,18022400,1.0
mg_D_seed2801,reset_noise/scale/frame,18186240,1.0
mg_D_seed2801,reset_noise/scale/frame,18350080,1.0
mg_D_seed2801,reset_noise/scale/frame,18513920,1.0
mg_D_seed2801,reset_noise/scale/frame,18677760,1.0
mg_D_seed2801,reset_noise/scale/frame,18841600,1.0
mg_D_seed2801,reset_noise/scale/frame,19005440,1.0
mg_D_seed2801,reset_noise/scale/frame,19169280,1.0
mg_D_seed2801,reset_noise/scale/frame,19333120,1.0
mg_D_seed2801,reset_noise/scale/frame,19496960,1.0
mg_D_seed2801,reset_noise/scale/frame,19660800,1.0
mg_D_seed2801,reset_noise/scale/frame,19824640,1.0
mg_D_seed2801,reset_noise/scale/frame,19988480,1.0
mg_D_seed2801,reset_noise/scale/frame,20152320,1.0
mg_D_seed2801,reset_noise/scale/frame,20316160,1.0
mg_D_seed2801,reset_noise/scale/frame,20480000,1.0
mg_D_seed2801,reset_noise/scale/frame,20643840,1.0
mg_D_seed2801,reset_noise/scale/frame,20807680,1.0
mg_D_seed2801,reset_noise/scale/frame,20971520,1.0
mg_D_seed2801,reset_noise/scale/frame,21135360,1.0
mg_D_seed2801,reset_noise/scale/frame,21299200,1.0
mg_D_seed2801,reset_noise/scale/frame,21463040,1.0
mg_D_seed2801,reset_noise/scale/frame,21626880,1.0
mg_D_seed2801,reset_noise/scale/frame,21790720,1.0
mg_D_seed2801,reset_noise/scale/frame,21954560,1.0
mg_D_seed2801,reset_noise/scale/frame,22118400,1.0
mg_D_seed2801,reset_noise/scale/frame,22282240,1.0
mg_D_seed2801,reset_noise/scale/frame,22446080,1.0
mg_D_seed2801,reset_noise/scale/frame,22609920,1.0
mg_D_seed2801,reset_noise/scale/frame,22773760,1.0
mg_D_seed2801,reset_noise/scale/frame,22937600,1.0
mg_D_seed2801,reset_noise/scale/frame,23101440,1.0
mg_D_seed2801,reset_noise/scale/frame,23265280,1.0
mg_D_seed2801,reset_noise/scale/frame,23429120,1.0
mg_D_seed2801,reset_noise/scale/frame,23592960,1.0
mg_D_seed2801,reset_noise/scale/frame,23756800,1.0
mg_D_seed2801,reset_noise/scale/frame,23920640,1.0
mg_D_seed2801,reset_noise/scale/frame,24084480,1.0
mg_D_seed2801,reset_noise/scale/frame,24248320,1.0
mg_D_seed2801,reset_noise/scale/frame,24412160,1.0
mg_D_seed2801,reset_noise/scale/frame,24576000,1.0
mg_D_seed2801,reset_noise/scale/frame,24739840,1.0
mg_D_seed2801,reset_noise/scale/frame,24903680,1.0
mg_D_seed2801,reset_noise/scale/frame,25067520,1.0
mg_D_seed2801,reset_noise/scale/frame,25231360,1.0
mg_D_seed2801,reset_noise/scale/frame,25395200,1.0
mg_D_seed2801,reset_noise/scale/frame,25559040,1.0
mg_D_seed2801,reset_noise/scale/frame,25722880,1.0
mg_D_seed2801,reset_noise/scale/frame,25886720,1.0
mg_D_seed2801,reset_noise/scale/frame,26050560,1.0
mg_D_seed2801,reset_noise/scale/frame,26214400,1.0
mg_D_seed2801,reset_noise/scale/frame,26378240,1.0
mg_D_seed2801,reset_noise/scale/frame,26542080,1.0
mg_D_seed2801,reset_noise/scale/frame,26705920,1.0
mg_D_seed2801,reset_noise/scale/frame,26869760,1.0
mg_D_seed2801,reset_noise/scale/frame,27033600,1.0
mg_D_seed2801,reset_noise/scale/frame,27197440,1.0
mg_D_seed2801,reset_noise/scale/frame,27361280,1.0
mg_D_seed2801,reset_noise/scale/frame,27525120,1.0
mg_D_seed2801,reset_noise/scale/frame,27688960,1.0
mg_D_seed2801,reset_noise/scale/frame,27852800,1.0
mg_D_seed2801,reset_noise/scale/frame,28016640,1.0
mg_D_seed2801,reset_noise/scale/frame,28180480,1.0
mg_D_seed2801,reset_noise/scale/frame,28344320,1.0
mg_D_seed2801,reset_noise/scale/frame,28508160,1.0
mg_D_seed2801,reset_noise/scale/frame,28672000,1.0
mg_D_seed2801,reset_noise/scale/frame,28835840,1.0
mg_D_seed2801,reset_noise/scale/frame,28999680,1.0
mg_D_seed2801,reset_noise/scale/frame,29163520,1.0
mg_D_seed2801,reset_noise/scale/frame,29327360,1.0
mg_D_seed2801,reset_noise/scale/frame,29491200,1.0
mg_D_seed2801,reset_noise/scale/frame,29655040,1.0
mg_D_seed2801,reset_noise/scale/frame,29818880,1.0
mg_D_seed2801,reset_noise/scale/frame,29982720,1.0
mg_D_seed2801,reset_noise/scale/frame,30146560,1.0
mg_D_seed2801,reset_noise/scale/frame,30310400,1.0
mg_D_seed2801,reset_noise/scale/frame,30474240,1.0
mg_D_seed2801,reset_noise/scale/frame,30638080,1.0
mg_D_seed2801,reset_noise/scale/frame,30801920,1.0
mg_D_seed2801,reset_noise/scale/frame,30965760,1.0
mg_D_seed2801,reset_noise/scale/frame,31129600,1.0
mg_D_seed2801,reset_noise/scale/frame,31293440,1.0
mg_D_seed2801,reset_noise/scale/frame,31457280,1.0
mg_D_seed2801,reset_noise/scale/frame,31621120,1.0
mg_D_seed2801,reset_noise/scale/frame,31784960,1.0
mg_D_seed2801,reset_noise/scale/frame,31948800,1.0
mg_D_seed2801,reset_noise/scale/frame,32112640,1.0
mg_D_seed2801,reset_noise/scale/frame,32276480,1.0
mg_D_seed2801,reset_noise/scale/frame,32440320,1.0
mg_D_seed2801,reset_noise/scale/frame,32604160,1.0
mg_D_seed2801,reset_noise/scale/frame,32768000,1.0
mg_D_seed2801,reset_noise/scale/frame,32931840,1.0
mg_D_seed2801,reset_noise/scale/frame,33095680,1.0
mg_D_seed2801,reset_noise/scale/frame,33259520,1.0
mg_D_seed2801,reset_noise/scale/frame,33423360,1.0
mg_D_seed2801,reset_noise/scale/frame,33587200,1.0
mg_D_seed2801,reset_noise/scale/frame,33751040,1.0
mg_D_seed2801,reset_noise/scale/frame,33914880,1.0
mg_D_seed2801,reset_noise/scale/frame,34078720,1.0
mg_D_seed2801,reset_noise/scale/frame,34242560,1.0
mg_D_seed2801,reset_noise/scale/frame,34406400,1.0
mg_D_seed2801,reset_noise/scale/frame,34570240,1.0
mg_D_seed2801,reset_noise/scale/frame,34734080,1.0
mg_D_seed2801,reset_noise/scale/frame,34897920,1.0
mg_D_seed2801,reset_noise/scale/frame,35061760,1.0
mg_D_seed2801,reset_noise/scale/frame,35225600,1.0
mg_D_seed2801,reset_noise/scale/frame,35389440,1.0
mg_D_seed2801,reset_noise/scale/frame,35553280,1.0
mg_D_seed2801,reset_noise/scale/frame,35717120,1.0
mg_D_seed2801,reset_noise/scale/frame,35880960,1.0
mg_D_seed2801,reset_noise/scale/frame,36044800,1.0
mg_D_seed2801,reset_noise/scale/frame,36208640,1.0
mg_D_seed2801,reset_noise/scale/frame,36372480,1.0
mg_D_seed2801,reset_noise/scale/frame,36536320,1.0
mg_D_seed2801,reset_noise/scale/frame,36700160,1.0
mg_D_seed2801,reset_noise/scale/frame,36864000,1.0
mg_D_seed2801,reset_noise/scale/frame,37027840,1.0
mg_D_seed2801,reset_noise/scale/frame,37191680,1.0
mg_D_seed2801,reset_noise/scale/frame,37355520,1.0
mg_D_seed2801,reset_noise/scale/frame,37519360,1.0
mg_D_seed2801,reset_noise/scale/frame,37683200,1.0
mg_D_seed2801,reset_noise/scale/frame,37847040,1.0
mg_D_seed2801,reset_noise/scale/frame,38010880,1.0
mg_D_seed2801,reset_noise/scale/frame,38174720,1.0
mg_D_seed2801,reset_noise/scale/frame,38338560,1.0
mg_D_seed2801,reset_noise/scale/frame,38502400,1.0
mg_D_seed2801,reset_noise/scale/frame,38666240,1.0
mg_D_seed2801,reset_noise/scale/frame,38830080,1.0
mg_D_seed2801,reset_noise/scale/frame,38993920,1.0
mg_D_seed2801,reset_noise/scale/frame,39157760,1.0
mg_D_seed2801,reset_noise/scale/frame,39321600,1.0
mg_D_seed2801,reset_noise/scale/frame,39485440,1.0
mg_D_seed2801,reset_noise/scale/frame,39649280,1.0
mg_D_seed2801,reset_noise/scale/frame,39813120,1.0
mg_D_seed2801,reset_noise/scale/frame,39976960,1.0
mg_D_seed2801,reset_noise/scale/frame,40140800,1.0
mg_D_seed2801,reset_noise/scale/frame,40304640,1.0
mg_D_seed2801,reset_noise/scale/frame,40468480,1.0
mg_D_seed2801,reset_noise/scale/frame,40632320,1.0
mg_D_seed2801,reset_noise/scale/frame,40796160,1.0
mg_D_seed2801,reset_noise/scale/frame,40960000,1.0
mg_D_seed2801,reset_noise/scale/frame,41123840,1.0
mg_D_seed2801,reset_noise/scale/frame,41287680,1.0
mg_D_seed2801,reset_noise/scale/frame,41451520,1.0
mg_D_seed2801,reset_noise/scale/frame,41615360,1.0
mg_D_seed2801,reset_noise/scale/frame,41779200,1.0
mg_D_seed2801,reset_noise/scale/frame,41943040,1.0
mg_D_seed2801,reset_noise/scale/frame,42106880,1.0
mg_D_seed2801,reset_noise/scale/frame,42270720,1.0
mg_D_seed2801,reset_noise/scale/frame,42434560,1.0
mg_D_seed2801,reset_noise/scale/frame,42598400,1.0
mg_D_seed2801,reset_noise/scale/frame,42762240,1.0
mg_D_seed2801,reset_noise/scale/frame,42926080,1.0
mg_D_seed2801,reset_noise/scale/frame,43089920,1.0
mg_D_seed2801,reset_noise/scale/frame,43253760,1.0
mg_D_seed2801,reset_noise/scale/frame,43417600,1.0
mg_D_seed2801,reset_noise/scale/frame,43581440,1.0
mg_D_seed2801,reset_noise/scale/frame,43745280,1.0
mg_D_seed2801,reset_noise/scale/frame,43909120,1.0
mg_D_seed2801,reset_noise/scale/frame,44072960,1.0
mg_D_seed2801,reset_noise/scale/frame,44236800,1.0
mg_D_seed2801,reset_noise/scale/frame,44400640,1.0
mg_D_seed2801,reset_noise/scale/frame,44564480,1.0
mg_D_seed2801,reset_noise/scale/frame,44728320,1.0
mg_D_seed2801,reset_noise/scale/frame,44892160,1.0
mg_D_seed2801,reset_noise/scale/frame,45056000,1.0
mg_D_seed2801,reset_noise/scale/frame,45219840,1.0
mg_D_seed2801,reset_noise/scale/frame,45383680,1.0
mg_D_seed2801,reset_noise/scale/frame,45547520,1.0
mg_D_seed2801,reset_noise/scale/frame,45711360,1.0
mg_D_seed2801,reset_noise/scale/frame,45875200,1.0
mg_D_seed2801,reset_noise/scale/frame,46039040,1.0
mg_D_seed2801,reset_noise/scale/frame,46202880,1.0
mg_D_seed2801,reset_noise/scale/frame,46366720,1.0
mg_D_seed2801,reset_noise/scale/frame,46530560,1.0
mg_D_seed2801,reset_noise/scale/frame,46694400,1.0
mg_D_seed2801,reset_noise/scale/frame,46858240,1.0
mg_D_seed2801,reset_noise/scale/frame,47022080,1.0
mg_D_seed2801,reset_noise/scale/frame,47185920,1.0
mg_D_seed2801,reset_noise/scale/frame,47349760,1.0
mg_D_seed2801,reset_noise/scale/frame,47513600,1.0
mg_D_seed2801,reset_noise/scale/frame,47677440,1.0
mg_D_seed2801,reset_noise/scale/frame,47841280,1.0
mg_D_seed2801,reset_noise/scale/frame,48005120,1.0
mg_D_seed2801,reset_noise/scale/frame,48168960,1.0
mg_D_seed2801,reset_noise/scale/frame,48332800,1.0
mg_D_seed2801,reset_noise/scale/frame,48496640,1.0
mg_D_seed2801,reset_noise/scale/frame,48660480,1.0
mg_D_seed2801,reset_noise/scale/frame,48824320,1.0
mg_D_seed2801,reset_noise/scale/frame,48988160,1.0
mg_D_seed2801,reset_noise/scale/frame,49152000,1.0
mg_D_seed2801,reset_noise/scale/frame,49315840,1.0
mg_D_seed2801,reset_noise/scale/frame,49479680,1.0
mg_D_seed2801,reset_noise/scale/frame,49643520,1.0
mg_D_seed2801,reset_noise/scale/frame,49807360,1.0
mg_D_seed2801,reset_noise/scale/frame,49971200,1.0
mg_D_seed2801,reset_noise/scale/frame,50135040,1.0
mg_D_seed2801,reset_noise/scale/frame,50298880,1.0
mg_D_seed2801,reset_noise/scale/frame,50462720,1.0
mg_D_seed2801,reset_noise/scale/frame,50626560,1.0
mg_D_seed2801,reset_noise/scale/frame,50790400,1.0
mg_D_seed2801,reset_noise/scale/frame,50954240,1.0
mg_D_seed2801,reset_noise/scale/frame,51118080,1.0
mg_D_seed2801,reset_noise/scale/frame,51281920,1.0
mg_D_seed2801,reset_noise/scale/frame,51445760,1.0
mg_D_seed2801,reset_noise/scale/frame,51609600,1.0
mg_D_seed2801,reset_noise/scale/frame,51773440,1.0
mg_D_seed2801,reset_noise/scale/frame,51937280,1.0
mg_D_seed2801,reset_noise/scale/frame,52101120,1.0
mg_D_seed2801,reset_noise/scale/frame,52264960,1.0
mg_D_seed2801,reset_noise/scale/frame,52428800,1.0
mg_D_seed2801,reset_noise/scale/frame,52592640,1.0
mg_D_seed2801,reset_noise/scale/frame,52756480,1.0
mg_D_seed2801,reset_noise/scale/frame,52920320,1.0
mg_D_seed2801,reset_noise/scale/frame,53084160,1.0
mg_D_seed2801,reset_noise/scale/frame,53248000,1.0
mg_D_seed2801,reset_noise/scale/frame,53411840,1.0
mg_D_seed2801,reset_noise/scale/frame,53575680,1.0
mg_D_seed2801,reset_noise/scale/frame,53739520,1.0
mg_D_seed2801,reset_noise/scale/frame,53903360,1.0
mg_D_seed2801,reset_noise/scale/frame,54067200,1.0
mg_D_seed2801,reset_noise/scale/frame,54231040,1.0
mg_D_seed2801,reset_noise/scale/frame,54394880,1.0
mg_D_seed2801,reset_noise/scale/frame,54558720,1.0
mg_D_seed2801,reset_noise/scale/frame,54722560,1.0
mg_D_seed2801,reset_noise/scale/frame,54886400,1.0
mg_D_seed2801,reset_noise/scale/frame,55050240,1.0
mg_D_seed2801,reset_noise/scale/frame,55214080,1.0
mg_D_seed2801,reset_noise/scale/frame,55377920,1.0
mg_D_seed2801,reset_noise/scale/frame,55541760,1.0
mg_D_seed2801,reset_noise/scale/frame,55705600,1.0
mg_D_seed2801,reset_noise/scale/frame,55869440,1.0
mg_D_seed2801,reset_noise/scale/frame,56033280,1.0
mg_D_seed2801,reset_noise/scale/frame,56197120,1.0
mg_D_seed2801,reset_noise/scale/frame,56360960,1.0
mg_D_seed2801,reset_noise/scale/frame,56524800,1.0
mg_D_seed2801,reset_noise/scale/frame,56688640,1.0
mg_D_seed2801,reset_noise/scale/frame,56852480,1.0
mg_D_seed2801,reset_noise/scale/frame,57016320,1.0
mg_D_seed2801,reset_noise/scale/frame,57180160,1.0
mg_D_seed2801,reset_noise/scale/frame,57344000,1.0
mg_D_seed2801,reset_noise/scale/frame,57507840,1.0
mg_D_seed2801,reset_noise/scale/frame,57671680,1.0
mg_D_seed2801,reset_noise/scale/frame,57835520,1.0
mg_D_seed2801,reset_noise/scale/frame,57999360,1.0
mg_D_seed2801,reset_noise/scale/frame,58163200,1.0
mg_D_seed2801,reset_noise/scale/frame,58327040,1.0
mg_D_seed2801,reset_noise/scale/frame,58490880,1.0
mg_D_seed2801,reset_noise/scale/frame,58654720,1.0
mg_D_seed2801,reset_noise/scale/frame,58818560,1.0
mg_D_seed2801,reset_noise/scale/frame,58982400,1.0
mg_D_seed2801,reset_noise/scale/frame,59146240,1.0
mg_D_seed2801,reset_noise/scale/frame,59310080,1.0
mg_D_seed2801,reset_noise/scale/frame,59473920,1.0
mg_D_seed2801,reset_noise/scale/frame,59637760,1.0
mg_D_seed2801,reset_noise/scale/frame,59801600,1.0
mg_D_seed2801,reset_noise/scale/frame,59965440,1.0
mg_D_seed2801,reset_noise/scale/frame,60129280,1.0
mg_D_seed2801,reset_noise/scale/frame,60293120,1.0
mg_D_seed2801,reset_noise/scale/frame,60456960,1.0
mg_D_seed2801,reset_noise/scale/frame,60620800,1.0
mg_D_seed2801,reset_noise/scale/frame,60784640,1.0
mg_D_seed2801,reset_noise/scale/frame,60948480,1.0
mg_D_seed2801,reset_noise/scale/frame,61112320,1.0
mg_D_seed2801,reset_noise/scale/frame,61276160,1.0
mg_D_seed2801,reset_noise/scale/frame,61440000,1.0
mg_D_seed2801,reset_noise/scale/frame,61603840,1.0
mg_D_seed2801,reset_noise/scale/frame,61767680,1.0
mg_D_seed2801,reset_noise/scale/frame,61931520,1.0
mg_D_seed2801,reset_noise/scale/frame,62095360,1.0
mg_D_seed2801,reset_noise/scale/frame,62259200,1.0
mg_D_seed2801,reset_noise/scale/frame,62423040,1.0
mg_D_seed2801,reset_noise/scale/frame,62586880,1.0
mg_D_seed2801,reset_noise/scale/frame,62750720,1.0
mg_D_seed2801,reset_noise/scale/frame,62914560,1.0
mg_D_seed2801,reset_noise/scale/frame,63078400,1.0
mg_D_seed2801,reset_noise/scale/frame,63242240,1.0
mg_D_seed2801,reset_noise/scale/frame,63406080,1.0
mg_D_seed2801,reset_noise/scale/frame,63569920,1.0
mg_D_seed2801,reset_noise/scale/frame,63733760,1.0
mg_D_seed2801,reset_noise/scale/frame,63897600,1.0
mg_D_seed2801,reset_noise/scale/frame,64061440,1.0
mg_D_seed2801,reset_noise/scale/frame,64225280,1.0
mg_D_seed2801,reset_noise/scale/frame,64389120,1.0
mg_D_seed2801,reset_noise/scale/frame,64552960,1.0
mg_D_seed2801,reset_noise/scale/frame,64716800,1.0
mg_D_seed2801,reset_noise/scale/frame,64880640,1.0
mg_D_seed2801,reset_noise/scale/frame,65044480,1.0
mg_D_seed2801,reset_noise/scale/frame,65208320,1.0
mg_D_seed2801,reset_noise/scale/frame,65372160,1.0
mg_D_seed2801,reset_noise/scale/frame,65536000,1.0
mg_D_seed2801,reset_noise/scale/frame,65699840,1.0
mg_D_seed2801,reset_noise/scale/frame,65863680,1.0
mg_D_seed2801,reset_noise/scale/frame,66027520,1.0
mg_D_seed2801,reset_noise/scale/frame,66191360,1.0
mg_D_seed2801,reset_noise/scale/frame,66355200,1.0
mg_D_seed2801,reset_noise/scale/frame,66519040,1.0
mg_D_seed2801,reset_noise/scale/frame,66682880,1.0
mg_D_seed2801,reset_noise/scale/frame,66846720,1.0
mg_D_seed2801,reset_noise/scale/frame,67010560,1.0
mg_D_seed2801,reset_noise/scale/frame,67174400,1.0
mg_D_seed2801,reset_noise/scale/frame,67338240,1.0
mg_D_seed2801,reset_noise/scale/frame,67502080,1.0
mg_D_seed2801,reset_noise/scale/frame,67665920,1.0
mg_D_seed2801,reset_noise/scale/frame,67829760,1.0
mg_D_seed2801,reset_noise/scale/frame,67993600,1.0
mg_D_seed2801,reset_noise/scale/frame,68157440,1.0
mg_D_seed2801,reset_noise/scale/frame,68321280,1.0
mg_D_seed2801,reset_noise/scale/frame,68485120,1.0
mg_D_seed2801,reset_noise/scale/frame,68648960,1.0
mg_D_seed2801,reset_noise/scale/frame,68812800,1.0
mg_D_seed2801,reset_noise/scale/frame,68976640,1.0
mg_D_seed2801,reset_noise/scale/frame,69140480,1.0
mg_D_seed2801,reset_noise/scale/frame,69304320,1.0
mg_D_seed2801,reset_noise/scale/frame,69468160,1.0
mg_D_seed2801,reset_noise/scale/frame,69632000,1.0
mg_D_seed2801,reset_noise/scale/frame,69795840,1.0
mg_D_seed2801,reset_noise/scale/frame,69959680,1.0
mg_D_seed2801,reset_noise/scale/frame,70123520,1.0
mg_D_seed2801,reset_noise/scale/frame,70287360,1.0
mg_D_seed2801,reset_noise/scale/frame,70451200,1.0
mg_D_seed2801,reset_noise/scale/frame,70615040,1.0
mg_D_seed2801,reset_noise/scale/frame,70778880,1.0
mg_D_seed2801,reset_noise/scale/frame,70942720,1.0
mg_D_seed2801,reset_noise/scale/frame,71106560,1.0
mg_D_seed2801,reset_noise/scale/frame,71270400,1.0
mg_D_seed2801,reset_noise/scale/frame,71434240,1.0
mg_D_seed2801,reset_noise/scale/frame,71598080,1.0
mg_D_seed2801,reset_noise/scale/frame,71761920,1.0
mg_D_seed2801,reset_noise/scale/frame,71925760,1.0
mg_D_seed2801,reset_noise/scale/frame,72089600,1.0
mg_D_seed2801,reset_noise/scale/frame,72253440,1.0
mg_D_seed2801,reset_noise/scale/frame,72417280,1.0
mg_D_seed2801,reset_noise/scale/frame,72581120,1.0
mg_D_seed2801,reset_noise/scale/frame,72744960,1.0
mg_D_seed2801,reset_noise/scale/frame,72908800,1.0
mg_D_seed2801,reset_noise/scale/frame,73072640,1.0
mg_D_seed2801,reset_noise/scale/frame,73236480,1.0
mg_D_seed2801,reset_noise/scale/frame,73400320,1.0
mg_D_seed2801,reset_noise/scale/frame,73564160,1.0
mg_D_seed2801,reset_noise/scale/frame,73728000,1.0
mg_D_seed2801,reset_noise/scale/frame,73891840,1.0
mg_D_seed2801,reset_noise/scale/frame,74055680,1.0
mg_D_seed2801,reset_noise/scale/frame,74219520,1.0
mg_D_seed2801,reset_noise/scale/frame,74383360,1.0
mg_D_seed2801,reset_noise/scale/frame,74547200,1.0
mg_D_seed2801,reset_noise/scale/frame,74711040,1.0
mg_D_seed2801,reset_noise/scale/frame,74874880,1.0
mg_D_seed2801,reset_noise/scale/frame,75038720,1.0
mg_D_seed2801,reset_noise/scale/frame,75202560,1.0
mg_D_seed2801,reset_noise/scale/frame,75366400,1.0
mg_D_seed2801,reset_noise/scale/frame,75530240,1.0
mg_D_seed2801,reset_noise/scale/frame,75694080,1.0
mg_D_seed2801,reset_noise/scale/frame,75857920,1.0
mg_D_seed2801,reset_noise/scale/frame,76021760,1.0
mg_D_seed2801,reset_noise/scale/frame,76185600,1.0
mg_D_seed2801,reset_noise/scale/frame,76349440,1.0
mg_D_seed2801,reset_noise/scale/frame,76513280,1.0
mg_D_seed2801,reset_noise/scale/frame,76677120,1.0
mg_D_seed2801,reset_noise/scale/frame,76840960,1.0
mg_D_seed2801,reset_noise/scale/frame,77004800,1.0
mg_D_seed2801,reset_noise/scale/frame,77168640,1.0
mg_D_seed2801,reset_noise/scale/frame,77332480,1.0
mg_D_seed2801,reset_noise/scale/frame,77496320,1.0
mg_D_seed2801,reset_noise/scale/frame,77660160,1.0
mg_D_seed2801,reset_noise/scale/frame,77824000,1.0
mg_D_seed2801,reset_noise/scale/frame,77987840,1.0
mg_D_seed2801,reset_noise/scale/frame,78151680,1.0
mg_D_seed2801,reset_noise/scale/frame,78315520,1.0
mg_D_seed2801,reset_noise/scale/frame,78479360,1.0
mg_D_seed2801,reset_noise/scale/frame,78643200,1.0
mg_D_seed2801,reset_noise/scale/frame,78807040,1.0
mg_D_seed2801,reset_noise/scale/frame,78970880,1.0
mg_D_seed2801,reset_noise/scale/frame,79134720,1.0
mg_D_seed2801,reset_noise/scale/frame,79298560,1.0
mg_D_seed2801,reset_noise/scale/frame,79462400,1.0
mg_D_seed2801,reset_noise/scale/frame,79626240,1.0
mg_D_seed2801,reset_noise/scale/frame,79790080,1.0
mg_D_seed2801,reset_noise/scale/frame,79953920,1.0
mg_D_seed2801,reset_noise/scale/frame,80117760,1.0
mg_D_seed2801,reset_noise/scale/frame,80281600,1.0
mg_D_seed2801,reset_noise/scale/frame,80445440,1.0
mg_D_seed2801,reset_noise/scale/frame,80609280,1.0
mg_D_seed2801,reset_noise/scale/frame,80773120,1.0
mg_D_seed2801,reset_noise/scale/frame,80936960,1.0
mg_D_seed2801,reset_noise/scale/frame,81100800,1.0
mg_D_seed2801,reset_noise/scale/frame,81264640,1.0
mg_D_seed2801,reset_noise/scale/frame,81428480,1.0
mg_D_seed2801,reset_noise/scale/frame,81592320,1.0
mg_D_seed2801,reset_noise/scale/frame,81756160,1.0
mg_D_seed2801,reset_noise/scale/frame,81920000,1.0
mg_D_seed2801,reset_noise/scale/frame,82083840,1.0
mg_D_seed2801,reset_noise/scale/frame,82247680,1.0
mg_D_seed2801,reset_noise/scale/frame,82411520,1.0
mg_D_seed2801,reset_noise/scale/frame,82575360,1.0
mg_D_seed2801,reset_noise/scale/frame,82739200,1.0
mg_D_seed2801,reset_noise/scale/frame,82903040,1.0
mg_D_seed2801,reset_noise/scale/frame,83066880,1.0
mg_D_seed2801,reset_noise/scale/frame,83230720,1.0
mg_D_seed2801,reset_noise/scale/frame,83394560,1.0
mg_D_seed2801,reset_noise/scale/frame,83558400,1.0
mg_D_seed2801,reset_noise/scale/frame,83722240,1.0
mg_D_seed2801,reset_noise/scale/frame,83886080,1.0
mg_D_seed2801,reset_noise/scale/frame,84049920,1.0
mg_D_seed2801,reset_noise/scale/frame,84213760,1.0
mg_D_seed2801,reset_noise/scale/frame,84377600,1.0
mg_D_seed2801,reset_noise/scale/frame,84541440,1.0
mg_D_seed2801,reset_noise/scale/frame,84705280,1.0
mg_D_seed2801,reset_noise/scale/frame,84869120,1.0
mg_D_seed2801,reset_noise/scale/frame,85032960,1.0
mg_D_seed2801,reset_noise/scale/frame,85196800,1.0
mg_D_seed2801,reset_noise/scale/frame,85360640,1.0
mg_D_seed2801,reset_noise/scale/frame,85524480,1.0
mg_D_seed2801,reset_noise/scale/frame,85688320,1.0
mg_D_seed2801,reset_noise/scale/frame,85852160,1.0
mg_D_seed2801,reset_noise/scale/frame,86016000,1.0
mg_D_seed2801,reset_noise/scale/frame,86179840,1.0
mg_D_seed2801,reset_noise/scale/frame,86343680,1.0
mg_D_seed2801,reset_noise/scale/frame,86507520,1.0
mg_D_seed2801,reset_noise/scale/frame,86671360,1.0
mg_D_seed2801,reset_noise/scale/frame,86835200,1.0
mg_D_seed2801,reset_noise/scale/frame,86999040,1.0
mg_D_seed2801,reset_noise/scale/frame,87162880,1.0
mg_D_seed2801,reset_noise/scale/frame,87326720,1.0
mg_D_seed2801,reset_noise/scale/frame,87490560,1.0
mg_D_seed2801,reset_noise/scale/frame,87654400,1.0
mg_D_seed2801,reset_noise/scale/frame,87818240,1.0
mg_D_seed2801,reset_noise/scale/frame,87982080,1.0
mg_D_seed2801,reset_noise/scale/frame,88145920,1.0
mg_D_seed2801,reset_noise/scale/frame,88309760,1.0
mg_D_seed2801,reset_noise/scale/frame,88473600,1.0
mg_D_seed2801,reset_noise/scale/frame,88637440,1.0
mg_D_seed2801,reset_noise/scale/frame,88801280,1.0
mg_D_seed2801,reset_noise/scale/frame,88965120,1.0
mg_D_seed2801,reset_noise/scale/frame,89128960,1.0
mg_D_seed2801,reset_noise/scale/frame,89292800,1.0
mg_D_seed2801,reset_noise/scale/frame,89456640,1.0
mg_D_seed2801,reset_noise/scale/frame,89620480,1.0
mg_D_seed2801,reset_noise/scale/frame,89784320,1.0
mg_D_seed2801,reset_noise/scale/frame,89948160,1.0
mg_D_seed2801,reset_noise/scale/frame,90112000,1.0
mg_D_seed2801,reset_noise/scale/frame,90275840,1.0
mg_D_seed2801,reset_noise/scale/frame,90439680,1.0
mg_D_seed2801,reset_noise/scale/frame,90603520,1.0
mg_D_seed2801,reset_noise/scale/frame,90767360,1.0
mg_D_seed2801,reset_noise/scale/frame,90931200,1.0
mg_D_seed2801,reset_noise/scale/frame,91095040,1.0
mg_D_seed2801,reset_noise/scale/frame,91258880,1.0
mg_D_seed2801,reset_noise/scale/frame,91422720,1.0
mg_D_seed2801,reset_noise/scale/frame,91586560,1.0
mg_D_seed2801,reset_noise/scale/frame,91750400,1.0
mg_D_seed2801,reset_noise/scale/frame,91914240,1.0
mg_D_seed2801,reset_noise/scale/frame,92078080,1.0
mg_D_seed2801,reset_noise/scale/frame,92241920,1.0
mg_D_seed2801,reset_noise/scale/frame,92405760,1.0
mg_D_seed2801,reset_noise/scale/frame,92569600,1.0
mg_D_seed2801,reset_noise/scale/frame,92733440,1.0
mg_D_seed2801,reset_noise/scale/frame,92897280,1.0
mg_D_seed2801,reset_noise/scale/frame,93061120,1.0
mg_D_seed2801,reset_noise/scale/frame,93224960,1.0
mg_D_seed2801,reset_noise/scale/frame,93388800,1.0
mg_D_seed2801,reset_noise/scale/frame,93552640,1.0
mg_D_seed2801,reset_noise/scale/frame,93716480,1.0
mg_D_seed2801,reset_noise/scale/frame,93880320,1.0
mg_D_seed2801,reset_noise/scale/frame,94044160,1.0
mg_D_seed2801,reset_noise/scale/frame,94208000,1.0
mg_D_seed2801,reset_noise/scale/frame,94371840,1.0
mg_D_seed2801,reset_noise/scale/frame,94535680,1.0
mg_D_seed2801,reset_noise/scale/frame,94699520,1.0
mg_D_seed2801,reset_noise/scale/frame,94863360,1.0
mg_D_seed2801,reset_noise/scale/frame,95027200,1.0
mg_D_seed2801,reset_noise/scale/frame,95191040,1.0
mg_D_seed2801,reset_noise/scale/frame,95354880,1.0
mg_D_seed2801,reset_noise/scale/frame,95518720,1.0
mg_D_seed2801,reset_noise/scale/frame,95682560,1.0
mg_D_seed2801,reset_noise/scale/frame,95846400,1.0
mg_D_seed2801,reset_noise/scale/frame,96010240,1.0
mg_D_seed2801,reset_noise/scale/frame,96174080,1.0
mg_D_seed2801,reset_noise/scale/frame,96337920,1.0
mg_D_seed2801,reset_noise/scale/frame,96501760,1.0
mg_D_seed2801,reset_noise/scale/frame,96665600,1.0
mg_D_seed2801,reset_noise/scale/frame,96829440,1.0
mg_D_seed2801,reset_noise/scale/frame,96993280,1.0
mg_D_seed2801,reset_noise/scale/frame,97157120,1.0
mg_D_seed2801,reset_noise/scale/frame,97320960,1.0
mg_D_seed2801,reset_noise/scale/frame,97484800,1.0
mg_D_seed2801,reset_noise/scale/frame,97648640,1.0
mg_D_seed2801,reset_noise/scale/frame,97812480,1.0
mg_D_seed2801,reset_noise/scale/frame,97976320,1.0
mg_D_seed2801,reset_noise/scale/frame,98140160,1.0
mg_D_seed2801,reset_noise/scale/frame,98304000,1.0
mg_D_seed2801,reset_noise/scale/frame,98467840,1.0
mg_D_seed2801,reset_noise/scale/frame,98631680,1.0
mg_D_seed2801,reset_noise/scale/frame,98795520,1.0
mg_D_seed2801,reset_noise/scale/frame,98959360,1.0
mg_D_seed2801,reset_noise/scale/frame,99123200,1.0
mg_D_seed2801,reset_noise/scale/frame,99287040,1.0
mg_D_seed2801,reset_noise/scale/frame,99450880,1.0
mg_D_seed2801,reset_noise/scale/frame,99614720,1.0
mg_D_seed2801,reset_noise/scale/frame,99778560,1.0
mg_D_seed2801,reset_noise/scale/frame,99942400,1.0
mg_D_seed2801,reset_noise/scale/frame,100106240,1.0
mg_D_seed2801,reset_noise/scale/frame,100270080,1.0
mg_D_seed2801,reset_noise/scale/frame,100433920,1.0
mg_D_seed2801,reset_noise/scale/frame,100597760,1.0
mg_D_seed2801,reset_noise/scale/frame,100761600,1.0
mg_D_seed2801,reset_noise/scale/frame,100925440,1.0
mg_D_seed2801,reset_noise/scale/frame,101089280,1.0
mg_D_seed2801,reset_noise/scale/frame,101253120,1.0
mg_D_seed2801,reset_noise/scale/frame,101416960,1.0
mg_D_seed2801,reset_noise/scale/frame,101580800,1.0
mg_D_seed2801,reset_noise/scale/frame,101744640,1.0
mg_D_seed2801,reset_noise/scale/frame,101908480,1.0
mg_D_seed2801,reset_noise/scale/frame,102072320,1.0
mg_D_seed2801,reset_noise/scale/frame,102236160,1.0
mg_D_seed2801,reset_noise/scale/frame,102400000,1.0
mg_D_seed2801,reset_noise/scale/frame,102563840,1.0
mg_D_seed2801,reset_noise/scale/frame,102727680,1.0
mg_D_seed2801,reset_noise/scale/frame,102891520,1.0
mg_D_seed2801,reset_noise/scale/frame,103055360,1.0
mg_D_seed2801,reset_noise/scale/frame,103219200,1.0
mg_D_seed2801,reset_noise/scale/frame,103383040,1.0
mg_D_seed2801,reset_noise/scale/frame,103546880,1.0
mg_D_seed2801,reset_noise/scale/frame,103710720,1.0
mg_D_seed2801,reset_noise/scale/frame,103874560,1.0
mg_D_seed2801,reset_noise/scale/frame,104038400,1.0
mg_D_seed2801,reset_noise/scale/frame,104202240,1.0
mg_D_seed2801,reset_noise/scale/frame,104366080,1.0
mg_D_seed2801,reset_noise/scale/frame,104529920,1.0
mg_D_seed2801,reset_noise/scale/frame,104693760,1.0
mg_D_seed2801,reset_noise/scale/frame,104857600,1.0
mg_D_seed2801,reset_noise/scale/frame,105021440,1.0
mg_D_seed2801,reset_noise/scale/frame,105185280,1.0
mg_D_seed2801,reset_noise/scale/frame,105349120,1.0
mg_D_seed2801,reset_noise/scale/frame,105512960,1.0
mg_D_seed2801,reset_noise/scale/frame,105676800,1.0
mg_D_seed2801,reset_noise/scale/frame,105840640,1.0
mg_D_seed2801,reset_noise/scale/frame,106004480,1.0
mg_D_seed2801,reset_noise/scale/frame,106168320,1.0
mg_D_seed2801,reset_noise/scale/frame,106332160,1.0
mg_D_seed2801,reset_noise/scale/frame,106496000,1.0
mg_D_seed2801,reset_noise/scale/frame,106659840,1.0
mg_D_seed2801,reset_noise/scale/frame,106823680,1.0
mg_D_seed2801,reset_noise/scale/frame,106987520,1.0
mg_D_seed2801,reset_noise/scale/frame,107151360,1.0
mg_D_seed2801,reset_noise/scale/frame,107315200,1.0
mg_D_seed2801,reset_noise/scale/frame,107479040,1.0
mg_D_seed2801,reset_noise/scale/frame,107642880,1.0
mg_D_seed2801,reset_noise/scale/frame,107806720,1.0
mg_D_seed2801,reset_noise/scale/frame,107970560,1.0
mg_D_seed2801,reset_noise/scale/frame,108134400,1.0
mg_D_seed2801,reset_noise/scale/frame,108298240,1.0
mg_D_seed2801,reset_noise/scale/frame,108462080,1.0
mg_D_seed2801,reset_noise/scale/frame,108625920,1.0
mg_D_seed2801,reset_noise/scale/frame,108789760,1.0
mg_D_seed2801,reset_noise/scale/frame,108953600,1.0
mg_D_seed2801,reset_noise/scale/frame,109117440,1.0
mg_D_seed2801,reset_noise/scale/frame,109281280,1.0
mg_D_seed2801,reset_noise/scale/frame,109445120,1.0
mg_D_seed2801,reset_noise/scale/frame,109608960,1.0
mg_D_seed2801,reset_noise/scale/frame,109772800,1.0
mg_D_seed2801,reset_noise/scale/frame,109936640,1.0
mg_D_seed2801,reset_noise/scale/frame,110100480,1.0
mg_D_seed2801,reset_noise/scale/frame,110264320,1.0
mg_D_seed2801,reset_noise/scale/frame,110428160,1.0
mg_D_seed2801,reset_noise/scale/frame,110592000,1.0
mg_D_seed2801,reset_noise/scale/frame,110755840,1.0
mg_D_seed2801,reset_noise/scale/frame,110919680,1.0
mg_D_seed2801,reset_noise/scale/frame,111083520,1.0
mg_D_seed2801,reset_noise/scale/frame,111247360,1.0
mg_D_seed2801,reset_noise/scale/frame,111411200,1.0
mg_D_seed2801,reset_noise/scale/frame,111575040,1.0
mg_D_seed2801,reset_noise/scale/frame,111738880,1.0
mg_D_seed2801,reset_noise/scale/frame,111902720,1.0
mg_D_seed2801,reset_noise/scale/frame,112066560,1.0
mg_D_seed2801,reset_noise/scale/frame,112230400,1.0
mg_D_seed2801,reset_noise/scale/frame,112394240,1.0
mg_D_seed2801,reset_noise/scale/frame,112558080,1.0
mg_D_seed2801,reset_noise/scale/frame,112721920,1.0
mg_D_seed2801,reset_noise/scale/frame,112885760,1.0
mg_D_seed2801,reset_noise/scale/frame,113049600,1.0
mg_D_seed2801,reset_noise/scale/frame,113213440,1.0
mg_D_seed2801,reset_noise/scale/frame,113377280,1.0
mg_D_seed2801,reset_noise/scale/frame,113541120,1.0
mg_D_seed2801,reset_noise/scale/frame,113704960,1.0
mg_D_seed2801,reset_noise/scale/frame,113868800,1.0
mg_D_seed2801,reset_noise/scale/frame,114032640,1.0
mg_D_seed2801,reset_noise/scale/frame,114196480,1.0
mg_D_seed2801,reset_noise/scale/frame,114360320,1.0
mg_D_seed2801,reset_noise/scale/frame,114524160,1.0
mg_D_seed2801,reset_noise/scale/frame,114688000,1.0
mg_D_seed2801,reset_noise/scale/frame,114851840,1.0
mg_D_seed2801,reset_noise/scale/frame,115015680,1.0
mg_D_seed2801,reset_noise/scale/frame,115179520,1.0
mg_D_seed2801,reset_noise/scale/frame,115343360,1.0
mg_D_seed2801,reset_noise/scale/frame,115507200,1.0
mg_D_seed2801,reset_noise/scale/frame,115671040,1.0
mg_D_seed2801,reset_noise/scale/frame,115834880,1.0
mg_D_seed2801,reset_noise/scale/frame,115998720,1.0
mg_D_seed2801,reset_noise/scale/frame,116162560,1.0
mg_D_seed2801,reset_noise/scale/frame,116326400,1.0
mg_D_seed2801,reset_noise/scale/frame,116490240,1.0
mg_D_seed2801,reset_noise/scale/frame,116654080,1.0
mg_D_seed2801,reset_noise/scale/frame,116817920,1.0
mg_D_seed2801,reset_noise/scale/frame,116981760,1.0
mg_D_seed2801,reset_noise/scale/frame,117145600,1.0
mg_D_seed2801,reset_noise/scale/frame,117309440,1.0
mg_D_seed2801,reset_noise/scale/frame,117473280,1.0
mg_D_seed2801,reset_noise/scale/frame,117637120,1.0
mg_D_seed2801,reset_noise/scale/frame,117800960,1.0
mg_D_seed2801,reset_noise/scale/frame,117964800,1.0
mg_D_seed2801,reset_noise/scale/frame,118128640,1.0
mg_D_seed2801,reset_noise/scale/frame,118292480,1.0
mg_D_seed2801,reset_noise/scale/frame,118456320,1.0
mg_D_seed2801,reset_noise/scale/frame,118620160,1.0
mg_D_seed2801,reset_noise/scale/frame,118784000,1.0
mg_D_seed2801,reset_noise/scale/frame,118947840,1.0
mg_D_seed2801,reset_noise/scale/frame,119111680,1.0
mg_D_seed2801,reset_noise/scale/frame,119275520,1.0
mg_D_seed2801,reset_noise/scale/frame,119439360,1.0
mg_D_seed2801,reset_noise/scale/frame,119603200,1.0
mg_D_seed2801,reset_noise/scale/frame,119767040,1.0
mg_D_seed2801,reset_noise/scale/frame,119930880,1.0
mg_D_seed2801,reset_noise/scale/frame,120094720,1.0
mg_D_seed2801,reset_noise/scale/frame,120258560,1.0
mg_D_seed2801,reset_noise/scale/frame,120422400,1.0
mg_D_seed2801,reset_noise/scale/frame,120586240,1.0
mg_D_seed2801,reset_noise/scale/frame,120750080,1.0
mg_D_seed2801,reset_noise/scale/frame,120913920,1.0
mg_D_seed2801,reset_noise/scale/frame,121077760,1.0
mg_D_seed2801,reset_noise/scale/frame,121241600,1.0
mg_D_seed2801,reset_noise/scale/frame,121405440,1.0
mg_D_seed2801,reset_noise/scale/frame,121569280,1.0
mg_D_seed2801,reset_noise/scale/frame,121733120,1.0
mg_D_seed2801,reset_noise/scale/frame,121896960,1.0
mg_D_seed2801,reset_noise/scale/frame,122060800,1.0
mg_D_seed2801,reset_noise/scale/frame,122224640,1.0
mg_D_seed2801,reset_noise/scale/frame,122388480,1.0
mg_D_seed2801,reset_noise/scale/frame,122552320,1.0
mg_D_seed2801,reset_noise/scale/frame,122716160,1.0
mg_D_seed2801,reset_noise/scale/frame,122880000,1.0
mg_D_seed2801,reset_noise/scale/frame,123043840,1.0
mg_D_seed2801,reset_noise/scale/frame,123207680,1.0
mg_D_seed2801,reset_noise/scale/frame,123371520,1.0
mg_D_seed2801,reset_noise/scale/frame,123535360,1.0
mg_D_seed2801,reset_noise/scale/frame,123699200,1.0
mg_D_seed2801,reset_noise/scale/frame,123863040,1.0
mg_D_seed2801,reset_noise/scale/frame,124026880,1.0
mg_D_seed2801,reset_noise/scale/frame,124190720,1.0
mg_D_seed2801,reset_noise/scale/frame,124354560,1.0
mg_D_seed2801,reset_noise/scale/frame,124518400,1.0
mg_D_seed2801,reset_noise/scale/frame,124682240,1.0
mg_D_seed2801,reset_noise/scale/frame,124846080,1.0
mg_D_seed2801,reset_noise/scale/frame,125009920,1.0
mg_D_seed2801,reset_noise/scale/frame,125173760,1.0
mg_D_seed2801,reset_noise/scale/frame,125337600,1.0
mg_D_seed2801,reset_noise/scale/frame,125501440,1.0
mg_D_seed2801,reset_noise/scale/frame,125665280,1.0
mg_D_seed2801,reset_noise/scale/frame,125829120,1.0
mg_D_seed2801,reset_noise/scale/frame,125992960,1.0
mg_D_seed2801,reset_noise/scale/frame,126156800,1.0
mg_D_seed2801,reset_noise/scale/frame,126320640,1.0
mg_D_seed2801,reset_noise/scale/frame,126484480,1.0
mg_D_seed2801,reset_noise/scale/frame,126648320,1.0
mg_D_seed2801,reset_noise/scale/frame,126812160,1.0
mg_D_seed2801,reset_noise/scale/frame,126976000,1.0
mg_D_seed2801,reset_noise/scale/frame,127139840,1.0
mg_D_seed2801,reset_noise/scale/frame,127303680,1.0
mg_D_seed2801,reset_noise/scale/frame,127467520,1.0
mg_D_seed2801,reset_noise/scale/frame,127631360,1.0
mg_D_seed2801,reset_noise/scale/frame,127795200,1.0
mg_D_seed2801,reset_noise/scale/frame,127959040,1.0
mg_D_seed2801,reset_noise/scale/frame,128122880,1.0
mg_D_seed2801,reset_noise/scale/frame,128286720,1.0
mg_D_seed2801,reset_noise/scale/frame,128450560,1.0
mg_D_seed2801,reset_noise/scale/frame,128614400,1.0
mg_D_seed2801,reset_noise/scale/frame,128778240,1.0
mg_D_seed2801,reset_noise/scale/frame,128942080,1.0
mg_D_seed2801,reset_noise/scale/frame,129105920,1.0
mg_D_seed2801,reset_noise/scale/frame,129269760,1.0
mg_D_seed2801,reset_noise/scale/frame,129433600,1.0
mg_D_seed2801,reset_noise/scale/frame,129597440,1.0
mg_D_seed2801,reset_noise/scale/frame,129761280,1.0
mg_D_seed2801,reset_noise/scale/frame,129925120,1.0
mg_D_seed2801,reset_noise/scale/frame,130088960,1.0
mg_D_seed2801,reset_noise/scale/frame,130252800,1.0
mg_D_seed2801,reset_noise/scale/frame,130416640,1.0
mg_D_seed2801,reset_noise/scale/frame,130580480,1.0
mg_D_seed2801,reset_noise/scale/frame,130744320,1.0
mg_D_seed2801,reset_noise/scale/frame,130908160,1.0
mg_D_seed2801,reset_noise/scale/frame,131072000,1.0
mg_D_seed2801,reset_noise/scale/frame,131235840,1.0
mg_D_seed2801,reset_noise/scale/frame,131399680,1.0
mg_D_seed2801,reset_noise/scale/frame,131563520,1.0
mg_D_seed2801,reset_noise/scale/frame,131727360,1.0
mg_D_seed2801,reset_noise/scale/frame,131891200,1.0
mg_D_seed2801,reset_noise/scale/frame,132055040,1.0
mg_D_seed2801,reset_noise/scale/frame,132218880,1.0
mg_D_seed2801,reset_noise/scale/frame,132382720,1.0
mg_D_seed2801,reset_noise/scale/frame,132546560,1.0
mg_D_seed2801,reset_noise/scale/frame,132710400,1.0
mg_D_seed2801,reset_noise/scale/frame,132874240,1.0
mg_D_seed2801,reset_noise/scale/frame,133038080,1.0
mg_D_seed2801,reset_noise/scale/frame,133201920,1.0
mg_D_seed2801,reset_noise/scale/frame,133365760,1.0
mg_D_seed2801,reset_noise/scale/frame,133529600,1.0
mg_D_seed2801,reset_noise/scale/frame,133693440,1.0
mg_D_seed2801,reset_noise/scale/frame,133857280,1.0
mg_D_seed2801,reset_noise/scale/frame,134021120,1.0
mg_D_seed2801,reset_noise/scale/frame,134184960,1.0
mg_D_seed2801,reset_noise/scale/frame,134348800,1.0
mg_D_seed2801,reset_noise/scale/frame,134512640,1.0
mg_D_seed2801,reset_noise/scale/frame,134676480,1.0
mg_D_seed2801,reset_noise/scale/frame,134840320,1.0
mg_D_seed2801,reset_noise/scale/frame,135004160,1.0
mg_D_seed2801,reset_noise/scale/frame,135168000,1.0
mg_D_seed2801,reset_noise/scale/frame,135331840,1.0
mg_D_seed2801,reset_noise/scale/frame,135495680,1.0
mg_D_seed2801,reset_noise/scale/frame,135659520,1.0
mg_D_seed2801,reset_noise/scale/frame,135823360,1.0
mg_D_seed2801,reset_noise/scale/frame,135987200,1.0
mg_D_seed2801,reset_noise/scale/frame,136151040,1.0
mg_D_seed2801,reset_noise/scale/frame,136314880,1.0
mg_D_seed2801,reset_noise/scale/frame,136478720,1.0
mg_D_seed2801,reset_noise/scale/frame,136642560,1.0
mg_D_seed2801,reset_noise/scale/frame,136806400,1.0
mg_D_seed2801,reset_noise/scale/frame,136970240,1.0
mg_D_seed2801,reset_noise/scale/frame,137134080,1.0
mg_D_seed2801,reset_noise/scale/frame,137297920,1.0
mg_D_seed2801,reset_noise/scale/frame,137461760,1.0
mg_D_seed2801,reset_noise/scale/frame,137625600,1.0
mg_D_seed2801,reset_noise/scale/frame,137789440,1.0
mg_D_seed2801,reset_noise/scale/frame,137953280,1.0
mg_D_seed2801,reset_noise/scale/frame,138117120,1.0
mg_D_seed2801,reset_noise/scale/frame,138280960,1.0
mg_D_seed2801,reset_noise/scale/frame,138444800,1.0
mg_D_seed2801,reset_noise/scale/frame,138608640,1.0
mg_D_seed2801,reset_noise/scale/frame,138772480,1.0
mg_D_seed2801,reset_noise/scale/frame,138936320,1.0
mg_D_seed2801,reset_noise/scale/frame,139100160,1.0
mg_D_seed2801,reset_noise/scale/frame,139264000,1.0
mg_D_seed2801,reset_noise/scale/frame,139427840,1.0
mg_D_seed2801,reset_noise/scale/frame,139591680,1.0
mg_D_seed2801,reset_noise/scale/frame,139755520,1.0
mg_D_seed2801,reset_noise/scale/frame,139919360,1.0
mg_D_seed2801,reset_noise/scale/frame,140083200,1.0
mg_D_seed2801,reset_noise/scale/frame,140247040,1.0
mg_D_seed2801,reset_noise/scale/frame,140410880,1.0
mg_D_seed2801,reset_noise/scale/frame,140574720,1.0
mg_D_seed2801,reset_noise/scale/frame,140738560,1.0
mg_D_seed2801,reset_noise/scale/frame,140902400,1.0
mg_D_seed2801,reset_noise/scale/frame,141066240,1.0
mg_D_seed2801,reset_noise/scale/frame,141230080,1.0
mg_D_seed2801,reset_noise/scale/frame,141393920,1.0
mg_D_seed2801,reset_noise/scale/frame,141557760,1.0
mg_D_seed2801,reset_noise/scale/frame,141721600,1.0
mg_D_seed2801,reset_noise/scale/frame,141885440,1.0
mg_D_seed2801,reset_noise/scale/frame,142049280,1.0
mg_D_seed2801,reset_noise/scale/frame,142213120,1.0
mg_D_seed2801,reset_noise/scale/frame,142376960,1.0
mg_D_seed2801,reset_noise/scale/frame,142540800,1.0
mg_D_seed2801,reset_noise/scale/frame,142704640,1.0
mg_D_seed2801,reset_noise/scale/frame,142868480,1.0
mg_D_seed2801,reset_noise/scale/frame,143032320,1.0
mg_D_seed2801,reset_noise/scale/frame,143196160,1.0
mg_D_seed2801,reset_noise/scale/frame,143360000,1.0
mg_D_seed2801,reset_noise/scale/frame,143523840,1.0
mg_D_seed2801,reset_noise/scale/frame,143687680,1.0
mg_D_seed2801,reset_noise/scale/frame,143851520,1.0
mg_D_seed2801,reset_noise/scale/frame,144015360,1.0
mg_D_seed2801,reset_noise/scale/frame,144179200,1.0
mg_D_seed2801,reset_noise/scale/frame,144343040,1.0
mg_D_seed2801,reset_noise/scale/frame,144506880,1.0
mg_D_seed2801,reset_noise/scale/frame,144670720,1.0
mg_D_seed2801,reset_noise/scale/frame,144834560,1.0
mg_D_seed2801,reset_noise/scale/frame,144998400,1.0
mg_D_seed2801,reset_noise/scale/frame,145162240,1.0
mg_D_seed2801,reset_noise/scale/frame,145326080,1.0
mg_D_seed2801,reset_noise/scale/frame,145489920,1.0
mg_D_seed2801,reset_noise/scale/frame,145653760,1.0
mg_D_seed2801,reset_noise/scale/frame,145817600,1.0
mg_D_seed2801,reset_noise/scale/frame,145981440,1.0
mg_D_seed2801,reset_noise/scale/frame,146145280,1.0
mg_D_seed2801,reset_noise/scale/frame,146309120,1.0
mg_D_seed2801,reset_noise/scale/frame,146472960,1.0
mg_D_seed2801,reset_noise/scale/frame,146636800,1.0
mg_D_seed2801,reset_noise/scale/frame,146800640,1.0
mg_D_seed2801,reset_noise/scale/frame,146964480,1.0
mg_D_seed2801,reset_noise/scale/frame,147128320,1.0
mg_D_seed2801,reset_noise/scale/frame,147292160,1.0
mg_D_seed2801,reset_noise/scale/frame,147456000,1.0
mg_D_seed2801,reset_noise/scale/frame,147619840,1.0
mg_D_seed2801,reset_noise/scale/frame,147783680,1.0
mg_D_seed2801,reset_noise/scale/frame,147947520,1.0
mg_D_seed2801,reset_noise/scale/frame,148111360,1.0
mg_D_seed2801,reset_noise/scale/frame,148275200,1.0
mg_D_seed2801,reset_noise/scale/frame,148439040,1.0
mg_D_seed2801,reset_noise/scale/frame,148602880,1.0
mg_D_seed2801,reset_noise/scale/frame,148766720,1.0
mg_D_seed2801,reset_noise/scale/frame,148930560,1.0
mg_D_seed2801,reset_noise/scale/frame,149094400,1.0
mg_D_seed2801,reset_noise/scale/frame,149258240,1.0
mg_D_seed2801,reset_noise/scale/frame,149422080,1.0
mg_D_seed2801,reset_noise/scale/frame,149585920,1.0
mg_D_seed2801,reset_noise/scale/frame,149749760,1.0
mg_D_seed2801,reset_noise/scale/frame,149913600,1.0
mg_D_seed2801,reset_noise/scale/frame,150077440,1.0
mg_D_seed2801,reset_noise/scale/frame,150241280,1.0
mg_D_seed2801,reset_noise/scale/frame,150405120,1.0
mg_D_seed2801,reset_noise/scale/frame,150568960,1.0
mg_D_seed2801,reset_noise/scale/frame,150732800,1.0
mg_D_seed2801,reset_noise/scale/frame,150896640,1.0
mg_D_seed2801,reset_noise/scale/frame,151060480,1.0
mg_D_seed2801,reset_noise/scale/frame,151224320,1.0
mg_D_seed2801,reset_noise/scale/frame,151388160,1.0
mg_D_seed2801,reset_noise/scale/frame,151552000,1.0
mg_D_seed2801,reset_noise/scale/frame,151715840,1.0
mg_D_seed2801,reset_noise/scale/frame,151879680,1.0
mg_D_seed2801,reset_noise/scale/frame,152043520,1.0
mg_D_seed2801,reset_noise/scale/frame,152207360,1.0
mg_D_seed2801,reset_noise/scale/frame,152371200,1.0
mg_D_seed2801,reset_noise/scale/frame,152535040,1.0
mg_D_seed2801,reset_noise/scale/frame,152698880,1.0
mg_D_seed2801,reset_noise/scale/frame,152862720,1.0
mg_D_seed2801,reset_noise/scale/frame,153026560,1.0
mg_D_seed2801,reset_noise/scale/frame,153190400,1.0
mg_D_seed2801,reset_noise/scale/frame,153354240,1.0
mg_D_seed2801,reset_noise/scale/frame,153518080,1.0
mg_D_seed2801,reset_noise/scale/frame,153681920,1.0
mg_D_seed2801,reset_noise/scale/frame,153845760,1.0
mg_D_seed2801,reset_noise/scale/frame,154009600,1.0
mg_D_seed2801,reset_noise/scale/frame,154173440,1.0
mg_D_seed2801,reset_noise/scale/frame,154337280,1.0
mg_D_seed2801,reset_noise/scale/frame,154501120,1.0
mg_D_seed2801,reset_noise/scale/frame,154664960,1.0
mg_D_seed2801,reset_noise/scale/frame,154828800,1.0
mg_D_seed2801,reset_noise/scale/frame,154992640,1.0
mg_D_seed2801,reset_noise/scale/frame,155156480,1.0
mg_D_seed2801,reset_noise/scale/frame,155320320,1.0
mg_D_seed2801,reset_noise/scale/frame,155484160,1.0
mg_D_seed2801,reset_noise/scale/frame,155648000,1.0
mg_D_seed2801,reset_noise/scale/frame,155811840,1.0
mg_D_seed2801,reset_noise/scale/frame,155975680,1.0
mg_D_seed2801,reset_noise/scale/frame,156139520,1.0
mg_D_seed2801,reset_noise/scale/frame,156303360,1.0
mg_D_seed2801,reset_noise/scale/frame,156467200,1.0
mg_D_seed2801,reset_noise/scale/frame,156631040,1.0
mg_D_seed2801,reset_noise/scale/frame,156794880,1.0
mg_D_seed2801,reset_noise/scale/frame,156958720,1.0
mg_D_seed2801,reset_noise/scale/frame,157122560,1.0
mg_D_seed2801,reset_noise/scale/frame,157286400,1.0
mg_D_seed2801,reset_noise/scale/frame,157450240,1.0
mg_D_seed2801,reset_noise/scale/frame,157614080,1.0
mg_D_seed2801,reset_noise/scale/frame,157777920,1.0
mg_D_seed2801,reset_noise/scale/frame,157941760,1.0
mg_D_seed2801,reset_noise/scale/frame,158105600,1.0
mg_D_seed2801,reset_noise/scale/frame,158269440,1.0
mg_D_seed2801,reset_noise/scale/frame,158433280,1.0
mg_D_seed2801,reset_noise/scale/frame,158597120,1.0
mg_D_seed2801,reset_noise/scale/frame,158760960,1.0
mg_D_seed2801,reset_noise/scale/frame,158924800,1.0
mg_D_seed2801,reset_noise/scale/frame,159088640,1.0
mg_D_seed2801,reset_noise/scale/frame,159252480,1.0
mg_D_seed2801,reset_noise/scale/frame,159416320,1.0
mg_D_seed2801,reset_noise/scale/frame,159580160,1.0
mg_D_seed2801,reset_noise/scale/frame,159744000,1.0
mg_D_seed2801,reset_noise/scale/frame,159907840,1.0
mg_D_seed2801,reset_noise/scale/frame,160071680,1.0
mg_D_seed2801,reset_noise/scale/frame,160235520,1.0
mg_D_seed2801,reset_noise/scale/frame,160399360,1.0
mg_D_seed2801,reset_noise/scale/frame,160563200,1.0
mg_D_seed2801,reset_noise/scale/frame,160727040,1.0
mg_D_seed2801,reset_noise/scale/frame,160890880,1.0
mg_D_seed2801,reset_noise/scale/frame,161054720,1.0
mg_D_seed2801,reset_noise/scale/frame,161218560,1.0
mg_D_seed2801,reset_noise/scale/frame,161382400,1.0
mg_D_seed2801,reset_noise/scale/frame,161546240,1.0
mg_D_seed2801,reset_noise/scale/frame,161710080,1.0
mg_D_seed2801,reset_noise/scale/frame,161873920,1.0
mg_D_seed2801,reset_noise/scale/frame,162037760,1.0
mg_D_seed2801,reset_noise/scale/frame,162201600,1.0
mg_D_seed2801,reset_noise/scale/frame,162365440,1.0
mg_D_seed2801,reset_noise/scale/frame,162529280,1.0
mg_D_seed2801,reset_noise/scale/frame,162693120,1.0
mg_D_seed2801,reset_noise/scale/frame,162856960,1.0
mg_D_seed2801,reset_noise/scale/frame,163020800,1.0
mg_D_seed2801,reset_noise/scale/frame,163184640,1.0
mg_D_seed2801,reset_noise/scale/frame,163348480,1.0
mg_D_seed2801,reset_noise/scale/frame,163512320,1.0
mg_D_seed2801,reset_noise/scale/frame,163676160,1.0
mg_D_seed2801,reset_noise/scale/frame,163840000,1.0
mg_D_seed2801,reward_curriculum/progress/frame,163840,0.0
mg_D_seed2801,reward_curriculum/progress/frame,327680,0.0
mg_D_seed2801,reward_curriculum/progress/frame,491520,0.0
mg_D_seed2801,reward_curriculum/progress/frame,655360,0.0
mg_D_seed2801,reward_curriculum/progress/frame,819200,0.0
mg_D_seed2801,reward_curriculum/progress/frame,983040,0.0
mg_D_seed2801,reward_curriculum/progress/frame,1146880,0.0
mg_D_seed2801,reward_curriculum/progress/frame,1310720,0.0
mg_D_seed2801,reward_curriculum/progress/frame,1474560,0.0
mg_D_seed2801,reward_curriculum/progress/frame,1638400,0.0
mg_D_seed2801,reward_curriculum/progress/frame,1802240,0.0
mg_D_seed2801,reward_curriculum/progress/frame,1966080,0.0
mg_D_seed2801,reward_curriculum/progress/frame,2129920,0.0
mg_D_seed2801,reward_curriculum/progress/frame,2293760,0.0
mg_D_seed2801,reward_curriculum/progress/frame,2457600,0.0
mg_D_seed2801,reward_curriculum/progress/frame,2621440,0.0
mg_D_seed2801,reward_curriculum/progress/frame,2785280,0.0
mg_D_seed2801,reward_curriculum/progress/frame,2949120,0.0
mg_D_seed2801,reward_curriculum/progress/frame,3112960,0.0
mg_D_seed2801,reward_curriculum/progress/frame,3276800,0.0
mg_D_seed2801,reward_curriculum/progress/frame,3440640,0.0
mg_D_seed2801,reward_curriculum/progress/frame,3604480,0.0
mg_D_seed2801,reward_curriculum/progress/frame,3768320,0.0
mg_D_seed2801,reward_curriculum/progress/frame,3932160,0.0
mg_D_seed2801,reward_curriculum/progress/frame,4096000,0.0
mg_D_seed2801,reward_curriculum/progress/frame,4259840,0.0
mg_D_seed2801,reward_curriculum/progress/frame,4423680,0.0
mg_D_seed2801,reward_curriculum/progress/frame,4587520,0.0
mg_D_seed2801,reward_curriculum/progress/frame,4751360,0.0
mg_D_seed2801,reward_curriculum/progress/frame,4915200,0.0
mg_D_seed2801,reward_curriculum/progress/frame,5079040,0.0
mg_D_seed2801,reward_curriculum/progress/frame,5242880,0.0
mg_D_seed2801,reward_curriculum/progress/frame,5406720,0.0
mg_D_seed2801,reward_curriculum/progress/frame,5570560,0.0
mg_D_seed2801,reward_curriculum/progress/frame,5734400,0.0
mg_D_seed2801,reward_curriculum/progress/frame,5898240,0.0
mg_D_seed2801,reward_curriculum/progress/frame,6062080,0.0
mg_D_seed2801,reward_curriculum/progress/frame,6225920,0.0
mg_D_seed2801,reward_curriculum/progress/frame,6389760,0.0
mg_D_seed2801,reward_curriculum/progress/frame,6553600,0.0
mg_D_seed2801,reward_curriculum/progress/frame,6717440,0.0
mg_D_seed2801,reward_curriculum/progress/frame,6881280,0.0
mg_D_seed2801,reward_curriculum/progress/frame,7045120,0.0
mg_D_seed2801,reward_curriculum/progress/frame,7208960,0.0
mg_D_seed2801,reward_curriculum/progress/frame,7372800,0.0
mg_D_seed2801,reward_curriculum/progress/frame,7536640,0.0
mg_D_seed2801,reward_curriculum/progress/frame,7700480,0.0
mg_D_seed2801,reward_curriculum/progress/frame,7864320,0.0
mg_D_seed2801,reward_curriculum/progress/frame,8028160,0.0
mg_D_seed2801,reward_curriculum/progress/frame,8192000,0.0
mg_D_seed2801,reward_curriculum/progress/frame,8355840,0.0
mg_D_seed2801,reward_curriculum/progress/frame,8519680,0.0
mg_D_seed2801,reward_curriculum/progress/frame,8683520,0.0
mg_D_seed2801,reward_curriculum/progress/frame,8847360,0.0
mg_D_seed2801,reward_curriculum/progress/frame,9011200,0.0
mg_D_seed2801,reward_curriculum/progress/frame,9175040,0.0
mg_D_seed2801,reward_curriculum/progress/frame,9338880,0.0
mg_D_seed2801,reward_curriculum/progress/frame,9502720,0.0
mg_D_seed2801,reward_curriculum/progress/frame,9666560,0.0
mg_D_seed2801,reward_curriculum/progress/frame,9830400,0.0
mg_D_seed2801,reward_curriculum/progress/frame,9994240,0.0
mg_D_seed2801,reward_curriculum/progress/frame,10158080,0.0
mg_D_seed2801,reward_curriculum/progress/frame,10321920,0.0
mg_D_seed2801,reward_curriculum/progress/frame,10485760,0.0
mg_D_seed2801,reward_curriculum/progress/frame,10649600,0.0
mg_D_seed2801,reward_curriculum/progress/frame,10813440,0.0
mg_D_seed2801,reward_curriculum/progress/frame,10977280,0.0
mg_D_seed2801,reward_curriculum/progress/frame,11141120,0.0
mg_D_seed2801,reward_curriculum/progress/frame,11304960,0.0
mg_D_seed2801,reward_curriculum/progress/frame,11468800,0.0
mg_D_seed2801,reward_curriculum/progress/frame,11632640,0.0
mg_D_seed2801,reward_curriculum/progress/frame,11796480,0.0
mg_D_seed2801,reward_curriculum/progress/frame,11960320,0.0
mg_D_seed2801,reward_curriculum/progress/frame,12124160,0.0
mg_D_seed2801,reward_curriculum/progress/frame,12288000,0.0
mg_D_seed2801,reward_curriculum/progress/frame,12451840,0.0
mg_D_seed2801,reward_curriculum/progress/frame,12615680,0.0
mg_D_seed2801,reward_curriculum/progress/frame,12779520,0.0
mg_D_seed2801,reward_curriculum/progress/frame,12943360,0.0
mg_D_seed2801,reward_curriculum/progress/frame,13107200,0.0
mg_D_seed2801,reward_curriculum/progress/frame,13271040,0.0
mg_D_seed2801,reward_curriculum/progress/frame,13434880,0.0
mg_D_seed2801,reward_curriculum/progress/frame,13598720,0.0
mg_D_seed2801,reward_curriculum/progress/frame,13762560,0.0
mg_D_seed2801,reward_curriculum/progress/frame,13926400,0.0
mg_D_seed2801,reward_curriculum/progress/frame,14090240,0.0
mg_D_seed2801,reward_curriculum/progress/frame,14254080,0.0
mg_D_seed2801,reward_curriculum/progress/frame,14417920,0.0
mg_D_seed2801,reward_curriculum/progress/frame,14581760,0.0
mg_D_seed2801,reward_curriculum/progress/frame,14745600,0.0
mg_D_seed2801,reward_curriculum/progress/frame,14909440,0.0
mg_D_seed2801,reward_curriculum/progress/frame,15073280,0.0
mg_D_seed2801,reward_curriculum/progress/frame,15237120,0.0
mg_D_seed2801,reward_curriculum/progress/frame,15400960,0.0
mg_D_seed2801,reward_curriculum/progress/frame,15564800,0.0
mg_D_seed2801,reward_curriculum/progress/frame,15728640,0.0
mg_D_seed2801,reward_curriculum/progress/frame,15892480,0.0
mg_D_seed2801,reward_curriculum/progress/frame,16056320,0.0
mg_D_seed2801,reward_curriculum/progress/frame,16220160,0.0
mg_D_seed2801,reward_curriculum/progress/frame,16384000,0.0
mg_D_seed2801,reward_curriculum/progress/frame,16547840,0.0
mg_D_seed2801,reward_curriculum/progress/frame,16711680,0.0
mg_D_seed2801,reward_curriculum/progress/frame,16875520,0.0
mg_D_seed2801,reward_curriculum/progress/frame,17039360,0.0
mg_D_seed2801,reward_curriculum/progress/frame,17203200,0.0
mg_D_seed2801,reward_curriculum/progress/frame,17367040,0.0
mg_D_seed2801,reward_curriculum/progress/frame,17530880,0.0
mg_D_seed2801,reward_curriculum/progress/frame,17694720,0.0
mg_D_seed2801,reward_curriculum/progress/frame,17858560,0.0
mg_D_seed2801,reward_curriculum/progress/frame,18022400,0.0
mg_D_seed2801,reward_curriculum/progress/frame,18186240,0.0
mg_D_seed2801,reward_curriculum/progress/frame,18350080,0.0
mg_D_seed2801,reward_curriculum/progress/frame,18513920,0.0
mg_D_seed2801,reward_curriculum/progress/frame,18677760,0.0
mg_D_seed2801,reward_curriculum/progress/frame,18841600,0.0
mg_D_seed2801,reward_curriculum/progress/frame,19005440,0.0
mg_D_seed2801,reward_curriculum/progress/frame,19169280,0.0
mg_D_seed2801,reward_curriculum/progress/frame,19333120,0.0
mg_D_seed2801,reward_curriculum/progress/frame,19496960,0.0
mg_D_seed2801,reward_curriculum/progress/frame,19660800,0.0
mg_D_seed2801,reward_curriculum/progress/frame,19824640,0.0
mg_D_seed2801,reward_curriculum/progress/frame,19988480,0.0
mg_D_seed2801,reward_curriculum/progress/frame,20152320,0.0
mg_D_seed2801,reward_curriculum/progress/frame,20316160,0.0
mg_D_seed2801,reward_curriculum/progress/frame,20480000,0.0
mg_D_seed2801,reward_curriculum/progress/frame,20643840,0.0
mg_D_seed2801,reward_curriculum/progress/frame,20807680,0.0
mg_D_seed2801,reward_curriculum/progress/frame,20971520,0.0
mg_D_seed2801,reward_curriculum/progress/frame,21135360,0.0
mg_D_seed2801,reward_curriculum/progress/frame,21299200,0.0
mg_D_seed2801,reward_curriculum/progress/frame,21463040,0.0
mg_D_seed2801,reward_curriculum/progress/frame,21626880,0.0
mg_D_seed2801,reward_curriculum/progress/frame,21790720,0.0
mg_D_seed2801,reward_curriculum/progress/frame,21954560,0.0
mg_D_seed2801,reward_curriculum/progress/frame,22118400,0.0
mg_D_seed2801,reward_curriculum/progress/frame,22282240,0.0
mg_D_seed2801,reward_curriculum/progress/frame,22446080,0.0
mg_D_seed2801,reward_curriculum/progress/frame,22609920,0.0
mg_D_seed2801,reward_curriculum/progress/frame,22773760,0.0
mg_D_seed2801,reward_curriculum/progress/frame,22937600,0.0
mg_D_seed2801,reward_curriculum/progress/frame,23101440,0.0
mg_D_seed2801,reward_curriculum/progress/frame,23265280,0.0
mg_D_seed2801,reward_curriculum/progress/frame,23429120,0.0
mg_D_seed2801,reward_curriculum/progress/frame,23592960,0.0
mg_D_seed2801,reward_curriculum/progress/frame,23756800,0.0
mg_D_seed2801,reward_curriculum/progress/frame,23920640,0.0
mg_D_seed2801,reward_curriculum/progress/frame,24084480,0.0
mg_D_seed2801,reward_curriculum/progress/frame,24248320,0.0
mg_D_seed2801,reward_curriculum/progress/frame,24412160,0.0
mg_D_seed2801,reward_curriculum/progress/frame,24576000,0.0
mg_D_seed2801,reward_curriculum/progress/frame,24739840,0.0
mg_D_seed2801,reward_curriculum/progress/frame,24903680,0.0
mg_D_seed2801,reward_curriculum/progress/frame,25067520,0.0
mg_D_seed2801,reward_curriculum/progress/frame,25231360,0.0
mg_D_seed2801,reward_curriculum/progress/frame,25395200,0.0
mg_D_seed2801,reward_curriculum/progress/frame,25559040,0.0
mg_D_seed2801,reward_curriculum/progress/frame,25722880,0.0
mg_D_seed2801,reward_curriculum/progress/frame,25886720,0.0
mg_D_seed2801,reward_curriculum/progress/frame,26050560,0.0
mg_D_seed2801,reward_curriculum/progress/frame,26214400,0.0
mg_D_seed2801,reward_curriculum/progress/frame,26378240,0.0
mg_D_seed2801,reward_curriculum/progress/frame,26542080,0.0
mg_D_seed2801,reward_curriculum/progress/frame,26705920,0.0
mg_D_seed2801,reward_curriculum/progress/frame,26869760,0.0
mg_D_seed2801,reward_curriculum/progress/frame,27033600,0.0
mg_D_seed2801,reward_curriculum/progress/frame,27197440,0.0
mg_D_seed2801,reward_curriculum/progress/frame,27361280,0.0
mg_D_seed2801,reward_curriculum/progress/frame,27525120,0.0
mg_D_seed2801,reward_curriculum/progress/frame,27688960,0.0
mg_D_seed2801,reward_curriculum/progress/frame,27852800,0.0
mg_D_seed2801,reward_curriculum/progress/frame,28016640,0.0
mg_D_seed2801,reward_curriculum/progress/frame,28180480,0.0
mg_D_seed2801,reward_curriculum/progress/frame,28344320,0.0
mg_D_seed2801,reward_curriculum/progress/frame,28508160,0.0
mg_D_seed2801,reward_curriculum/progress/frame,28672000,0.0
mg_D_seed2801,reward_curriculum/progress/frame,28835840,0.0
mg_D_seed2801,reward_curriculum/progress/frame,28999680,0.0
mg_D_seed2801,reward_curriculum/progress/frame,29163520,0.0
mg_D_seed2801,reward_curriculum/progress/frame,29327360,0.0
mg_D_seed2801,reward_curriculum/progress/frame,29491200,0.0
mg_D_seed2801,reward_curriculum/progress/frame,29655040,0.0
mg_D_seed2801,reward_curriculum/progress/frame,29818880,0.0
mg_D_seed2801,reward_curriculum/progress/frame,29982720,0.0
mg_D_seed2801,reward_curriculum/progress/frame,30146560,0.0
mg_D_seed2801,reward_curriculum/progress/frame,30310400,0.0
mg_D_seed2801,reward_curriculum/progress/frame,30474240,0.0
mg_D_seed2801,reward_curriculum/progress/frame,30638080,0.0
mg_D_seed2801,reward_curriculum/progress/frame,30801920,0.0
mg_D_seed2801,reward_curriculum/progress/frame,30965760,0.0
mg_D_seed2801,reward_curriculum/progress/frame,31129600,0.0
mg_D_seed2801,reward_curriculum/progress/frame,31293440,0.0
mg_D_seed2801,reward_curriculum/progress/frame,31457280,0.0
mg_D_seed2801,reward_curriculum/progress/frame,31621120,0.0
mg_D_seed2801,reward_curriculum/progress/frame,31784960,0.0
mg_D_seed2801,reward_curriculum/progress/frame,31948800,0.0
mg_D_seed2801,reward_curriculum/progress/frame,32112640,0.0
mg_D_seed2801,reward_curriculum/progress/frame,32276480,0.0
mg_D_seed2801,reward_curriculum/progress/frame,32440320,0.0
mg_D_seed2801,reward_curriculum/progress/frame,32604160,0.0
mg_D_seed2801,reward_curriculum/progress/frame,32768000,0.0
mg_D_seed2801,reward_curriculum/progress/frame,32931840,0.0005555555690079927
mg_D_seed2801,reward_curriculum/progress/frame,33095680,0.0011111111380159855
mg_D_seed2801,reward_curriculum/progress/frame,33259520,0.0016666667070239782
mg_D_seed2801,reward_curriculum/progress/frame,33423360,0.002222222276031971
mg_D_seed2801,reward_curriculum/progress/frame,33587200,0.0027777778450399637
mg_D_seed2801,reward_curriculum/progress/frame,33751040,0.0033333334140479565
mg_D_seed2801,reward_curriculum/progress/frame,33914880,0.003888888983055949
mg_D_seed2801,reward_curriculum/progress/frame,34078720,0.004444444552063942
mg_D_seed2801,reward_curriculum/progress/frame,34242560,0.004999999888241291
mg_D_seed2801,reward_curriculum/progress/frame,34406400,0.0055555556900799274
mg_D_seed2801,reward_curriculum/progress/frame,34570240,0.0061111110262572765
mg_D_seed2801,reward_curriculum/progress/frame,34734080,0.006666666828095913
mg_D_seed2801,reward_curriculum/progress/frame,34897920,0.007222222164273262
mg_D_seed2801,reward_curriculum/progress/frame,35061760,0.007777777966111898
mg_D_seed2801,reward_curriculum/progress/frame,35225600,0.008333333767950535
mg_D_seed2801,reward_curriculum/progress/frame,35389440,0.008888889104127884
mg_D_seed2801,reward_curriculum/progress/frame,35553280,0.009444444440305233
mg_D_seed2801,reward_curriculum/progress/frame,35717120,0.009999999776482582
mg_D_seed2801,reward_curriculum/progress/frame,35880960,0.010555555112659931
mg_D_seed2801,reward_curriculum/progress/frame,36044800,0.011111111380159855
mg_D_seed2801,reward_curriculum/progress/frame,36208640,0.011666666716337204
mg_D_seed2801,reward_curriculum/progress/frame,36372480,0.012222222052514553
mg_D_seed2801,reward_curriculum/progress/frame,36536320,0.012777777388691902
mg_D_seed2801,reward_curriculum/progress/frame,36700160,0.013333333656191826
mg_D_seed2801,reward_curriculum/progress/frame,36864000,0.013888888992369175
mg_D_seed2801,reward_curriculum/progress/frame,37027840,0.014444444328546524
mg_D_seed2801,reward_curriculum/progress/frame,37191680,0.014999999664723873
mg_D_seed2801,reward_curriculum/progress/frame,37355520,0.015555555932223797
mg_D_seed2801,reward_curriculum/progress/frame,37519360,0.016111111268401146
mg_D_seed2801,reward_curriculum/progress/frame,37683200,0.01666666753590107
mg_D_seed2801,reward_curriculum/progress/frame,37847040,0.017222221940755844
mg_D_seed2801,reward_curriculum/progress/frame,38010880,0.017777778208255768
mg_D_seed2801,reward_curriculum/progress/frame,38174720,0.018333332613110542
mg_D_seed2801,reward_curriculum/progress/frame,38338560,0.018888888880610466
mg_D_seed2801,reward_curriculum/progress/frame,38502400,0.01944444514811039
mg_D_seed2801,reward_curriculum/progress/frame,38666240,0.019999999552965164
mg_D_seed2801,reward_curriculum/progress/frame,38830080,0.020555555820465088
mg_D_seed2801,reward_curriculum/progress/frame,38993920,0.021111110225319862
mg_D_seed2801,reward_curriculum/progress/frame,39157760,0.021666666492819786
mg_D_seed2801,reward_curriculum/progress/frame,39321600,0.02222222276031971
mg_D_seed2801,reward_curriculum/progress/frame,39485440,0.022777777165174484
mg_D_seed2801,reward_curriculum/progress/frame,39649280,0.023333333432674408
mg_D_seed2801,reward_curriculum/progress/frame,39813120,0.02388888970017433
mg_D_seed2801,reward_curriculum/progress/frame,39976960,0.024444444105029106
mg_D_seed2801,reward_curriculum/progress/frame,40140800,0.02500000037252903
mg_D_seed2801,reward_curriculum/progress/frame,40304640,0.025555554777383804
mg_D_seed2801,reward_curriculum/progress/frame,40468480,0.026111111044883728
mg_D_seed2801,reward_curriculum/progress/frame,40632320,0.02666666731238365
mg_D_seed2801,reward_curriculum/progress/frame,40796160,0.027222221717238426
mg_D_seed2801,reward_curriculum/progress/frame,40960000,0.02777777798473835
mg_D_seed2801,reward_curriculum/progress/frame,41123840,0.028333334252238274
mg_D_seed2801,reward_curriculum/progress/frame,41287680,0.028888888657093048
mg_D_seed2801,reward_curriculum/progress/frame,41451520,0.029444444924592972
mg_D_seed2801,reward_curriculum/progress/frame,41615360,0.029999999329447746
mg_D_seed2801,reward_curriculum/progress/frame,41779200,0.03055555559694767
mg_D_seed2801,reward_curriculum/progress/frame,41943040,0.031111111864447594
mg_D_seed2801,reward_curriculum/progress/frame,42106880,0.03166666626930237
mg_D_seed2801,reward_curriculum/progress/frame,42270720,0.03222222253680229
mg_D_seed2801,reward_curriculum/progress/frame,42434560,0.032777778804302216
mg_D_seed2801,reward_curriculum/progress/frame,42598400,0.03333333507180214
mg_D_seed2801,reward_curriculum/progress/frame,42762240,0.033888887614011765
mg_D_seed2801,reward_curriculum/progress/frame,42926080,0.03444444388151169
mg_D_seed2801,reward_curriculum/progress/frame,43089920,0.03500000014901161
mg_D_seed2801,reward_curriculum/progress/frame,43253760,0.035555556416511536
mg_D_seed2801,reward_curriculum/progress/frame,43417600,0.03611111268401146
mg_D_seed2801,reward_curriculum/progress/frame,43581440,0.036666665226221085
mg_D_seed2801,reward_curriculum/progress/frame,43745280,0.03722222149372101
mg_D_seed2801,reward_curriculum/progress/frame,43909120,0.03777777776122093
mg_D_seed2801,reward_curriculum/progress/frame,44072960,0.038333334028720856
mg_D_seed2801,reward_curriculum/progress/frame,44236800,0.03888889029622078
mg_D_seed2801,reward_curriculum/progress/frame,44400640,0.039444442838430405
mg_D_seed2801,reward_curriculum/progress/frame,44564480,0.03999999910593033
mg_D_seed2801,reward_curriculum/progress/frame,44728320,0.04055555537343025
mg_D_seed2801,reward_curriculum/progress/frame,44892160,0.041111111640930176
mg_D_seed2801,reward_curriculum/progress/frame,45056000,0.0416666679084301
mg_D_seed2801,reward_curriculum/progress/frame,45219840,0.042222220450639725
mg_D_seed2801,reward_curriculum/progress/frame,45383680,0.04277777671813965
mg_D_seed2801,reward_curriculum/progress/frame,45547520,0.04333333298563957
mg_D_seed2801,reward_curriculum/progress/frame,45711360,0.043888889253139496
mg_D_seed2801,reward_curriculum/progress/frame,45875200,0.04444444552063942
mg_D_seed2801,reward_curriculum/progress/frame,46039040,0.04500000178813934
mg_D_seed2801,reward_curriculum/progress/frame,46202880,0.04555555433034897
mg_D_seed2801,reward_curriculum/progress/frame,46366720,0.04611111059784889
mg_D_seed2801,reward_curriculum/progress/frame,46530560,0.046666666865348816
mg_D_seed2801,reward_curriculum/progress/frame,46694400,0.04722222313284874
mg_D_seed2801,reward_curriculum/progress/frame,46858240,0.04777777940034866
mg_D_seed2801,reward_curriculum/progress/frame,47022080,0.04833333194255829
mg_D_seed2801,reward_curriculum/progress/frame,47185920,0.04888888821005821
mg_D_seed2801,reward_curriculum/progress/frame,47349760,0.049444444477558136
mg_D_seed2801,reward_curriculum/progress/frame,47513600,0.05000000074505806
mg_D_seed2801,reward_curriculum/progress/frame,47677440,0.05055555701255798
mg_D_seed2801,reward_curriculum/progress/frame,47841280,0.05111110955476761
mg_D_seed2801,reward_curriculum/progress/frame,48005120,0.05166666582226753
mg_D_seed2801,reward_curriculum/progress/frame,48168960,0.052222222089767456
mg_D_seed2801,reward_curriculum/progress/frame,48332800,0.05277777835726738
mg_D_seed2801,reward_curriculum/progress/frame,48496640,0.0533333346247673
mg_D_seed2801,reward_curriculum/progress/frame,48660480,0.05388888716697693
mg_D_seed2801,reward_curriculum/progress/frame,48824320,0.05444444343447685
mg_D_seed2801,reward_curriculum/progress/frame,48988160,0.054999999701976776
mg_D_seed2801,reward_curriculum/progress/frame,49152000,0.0555555559694767
mg_D_seed2801,reward_curriculum/progress/frame,49315840,0.056111112236976624
mg_D_seed2801,reward_curriculum/progress/frame,49479680,0.05666666850447655
mg_D_seed2801,reward_curriculum/progress/frame,49643520,0.05722222104668617
mg_D_seed2801,reward_curriculum/progress/frame,49807360,0.057777777314186096
mg_D_seed2801,reward_curriculum/progress/frame,49971200,0.05833333358168602
mg_D_seed2801,reward_curriculum/progress/frame,50135040,0.058888889849185944
mg_D_seed2801,reward_curriculum/progress/frame,50298880,0.05944444611668587
mg_D_seed2801,reward_curriculum/progress/frame,50462720,0.05999999865889549
mg_D_seed2801,reward_curriculum/progress/frame,50626560,0.060555554926395416
mg_D_seed2801,reward_curriculum/progress/frame,50790400,0.06111111119389534
mg_D_seed2801,reward_curriculum/progress/frame,50954240,0.061666667461395264
mg_D_seed2801,reward_curriculum/progress/frame,51118080,0.06222222372889519
mg_D_seed2801,reward_curriculum/progress/frame,51281920,0.06277777999639511
mg_D_seed2801,reward_curriculum/progress/frame,51445760,0.06333333253860474
mg_D_seed2801,reward_curriculum/progress/frame,51609600,0.06388889253139496
mg_D_seed2801,reward_curriculum/progress/frame,51773440,0.06444444507360458
mg_D_seed2801,reward_curriculum/progress/frame,51937280,0.06499999761581421
mg_D_seed2801,reward_curriculum/progress/frame,52101120,0.06555555760860443
mg_D_seed2801,reward_curriculum/progress/frame,52264960,0.06611111015081406
mg_D_seed2801,reward_curriculum/progress/frame,52428800,0.06666667014360428
mg_D_seed2801,reward_curriculum/progress/frame,52592640,0.0672222226858139
mg_D_seed2801,reward_curriculum/progress/frame,52756480,0.06777777522802353
mg_D_seed2801,reward_curriculum/progress/frame,52920320,0.06833333522081375
mg_D_seed2801,reward_curriculum/progress/frame,53084160,0.06888888776302338
mg_D_seed2801,reward_curriculum/progress/frame,53248000,0.0694444477558136
mg_D_seed2801,reward_curriculum/progress/frame,53411840,0.07000000029802322
mg_D_seed2801,reward_curriculum/progress/frame,53575680,0.07055555284023285
mg_D_seed2801,reward_curriculum/progress/frame,53739520,0.07111111283302307
mg_D_seed2801,reward_curriculum/progress/frame,53903360,0.0716666653752327
mg_D_seed2801,reward_curriculum/progress/frame,54067200,0.07222222536802292
mg_D_seed2801,reward_curriculum/progress/frame,54231040,0.07277777791023254
mg_D_seed2801,reward_curriculum/progress/frame,54394880,0.07333333045244217
mg_D_seed2801,reward_curriculum/progress/frame,54558720,0.07388889044523239
mg_D_seed2801,reward_curriculum/progress/frame,54722560,0.07444444298744202
mg_D_seed2801,reward_curriculum/progress/frame,54886400,0.07500000298023224
mg_D_seed2801,reward_curriculum/progress/frame,55050240,0.07555555552244186
mg_D_seed2801,reward_curriculum/progress/frame,55214080,0.07611110806465149
mg_D_seed2801,reward_curriculum/progress/frame,55377920,0.07666666805744171
mg_D_seed2801,reward_curriculum/progress/frame,55541760,0.07722222059965134
mg_D_seed2801,reward_curriculum/progress/frame,55705600,0.07777778059244156
mg_D_seed2801,reward_curriculum/progress/frame,55869440,0.07833333313465118
mg_D_seed2801,reward_curriculum/progress/frame,56033280,0.07888888567686081
mg_D_seed2801,reward_curriculum/progress/frame,56197120,0.07944444566965103
mg_D_seed2801,reward_curriculum/progress/frame,56360960,0.07999999821186066
mg_D_seed2801,reward_curriculum/progress/frame,56524800,0.08055555820465088
mg_D_seed2801,reward_curriculum/progress/frame,56688640,0.0811111107468605
mg_D_seed2801,reward_curriculum/progress/frame,56852480,0.08166666328907013
mg_D_seed2801,reward_curriculum/progress/frame,57016320,0.08222222328186035
mg_D_seed2801,reward_curriculum/progress/frame,57180160,0.08277777582406998
mg_D_seed2801,reward_curriculum/progress/frame,57344000,0.0833333358168602
mg_D_seed2801,reward_curriculum/progress/frame,57507840,0.08388888835906982
mg_D_seed2801,reward_curriculum/progress/frame,57671680,0.08444444090127945
mg_D_seed2801,reward_curriculum/progress/frame,57835520,0.08500000089406967
mg_D_seed2801,reward_curriculum/progress/frame,57999360,0.0855555534362793
mg_D_seed2801,reward_curriculum/progress/frame,58163200,0.08611111342906952
mg_D_seed2801,reward_curriculum/progress/frame,58327040,0.08666666597127914
mg_D_seed2801,reward_curriculum/progress/frame,58490880,0.08722221851348877
mg_D_seed2801,reward_curriculum/progress/frame,58654720,0.08777777850627899
mg_D_seed2801,reward_curriculum/progress/frame,58818560,0.08833333104848862
mg_D_seed2801,reward_curriculum/progress/frame,58982400,0.08888889104127884
mg_D_seed2801,reward_curriculum/progress/frame,59146240,0.08944444358348846
mg_D_seed2801,reward_curriculum/progress/frame,59310080,0.09000000357627869
mg_D_seed2801,reward_curriculum/progress/frame,59473920,0.09055555611848831
mg_D_seed2801,reward_curriculum/progress/frame,59637760,0.09111110866069794
mg_D_seed2801,reward_curriculum/progress/frame,59801600,0.09166666865348816
mg_D_seed2801,reward_curriculum/progress/frame,59965440,0.09222222119569778
mg_D_seed2801,reward_curriculum/progress/frame,60129280,0.092777781188488
mg_D_seed2801,reward_curriculum/progress/frame,60293120,0.09333333373069763
mg_D_seed2801,reward_curriculum/progress/frame,60456960,0.09388888627290726
mg_D_seed2801,reward_curriculum/progress/frame,60620800,0.09444444626569748
mg_D_seed2801,reward_curriculum/progress/frame,60784640,0.0949999988079071
mg_D_seed2801,reward_curriculum/progress/frame,60948480,0.09555555880069733
mg_D_seed2801,reward_curriculum/progress/frame,61112320,0.09611111134290695
mg_D_seed2801,reward_curriculum/progress/frame,61276160,0.09666666388511658
mg_D_seed2801,reward_curriculum/progress/frame,61440000,0.0972222238779068
mg_D_seed2801,reward_curriculum/progress/frame,61603840,0.09777777642011642
mg_D_seed2801,reward_curriculum/progress/frame,61767680,0.09833333641290665
mg_D_seed2801,reward_curriculum/progress/frame,61931520,0.09888888895511627
mg_D_seed2801,reward_curriculum/progress/frame,62095360,0.0994444414973259
mg_D_seed2801,reward_curriculum/progress/frame,62259200,0.10000000149011612
mg_D_seed2801,reward_curriculum/progress/frame,62423040,0.10055555403232574
mg_D_seed2801,reward_curriculum/progress/frame,62586880,0.10111111402511597
mg_D_seed2801,reward_curriculum/progress/frame,62750720,0.10166666656732559
mg_D_seed2801,reward_curriculum/progress/frame,62914560,0.10222221910953522
mg_D_seed2801,reward_curriculum/progress/frame,63078400,0.10277777910232544
mg_D_seed2801,reward_curriculum/progress/frame,63242240,0.10333333164453506
mg_D_seed2801,reward_curriculum/progress/frame,63406080,0.10388889163732529
mg_D_seed2801,reward_curriculum/progress/frame,63569920,0.10444444417953491
mg_D_seed2801,reward_curriculum/progress/frame,63733760,0.10499999672174454
mg_D_seed2801,reward_curriculum/progress/frame,63897600,0.10555555671453476
mg_D_seed2801,reward_curriculum/progress/frame,64061440,0.10611110925674438
mg_D_seed2801,reward_curriculum/progress/frame,64225280,0.1066666692495346
mg_D_seed2801,reward_curriculum/progress/frame,64389120,0.10722222179174423
mg_D_seed2801,reward_curriculum/progress/frame,64552960,0.10777777433395386
mg_D_seed2801,reward_curriculum/progress/frame,64716800,0.10833333432674408
mg_D_seed2801,reward_curriculum/progress/frame,64880640,0.1088888868689537
mg_D_seed2801,reward_curriculum/progress/frame,65044480,0.10944444686174393
mg_D_seed2801,reward_curriculum/progress/frame,65208320,0.10999999940395355
mg_D_seed2801,reward_curriculum/progress/frame,65372160,0.11055555194616318
mg_D_seed2801,reward_curriculum/progress/frame,65536000,0.1111111119389534
mg_D_seed2801,reward_curriculum/progress/frame,65699840,0.11166666448116302
mg_D_seed2801,reward_curriculum/progress/frame,65863680,0.11222222447395325
mg_D_seed2801,reward_curriculum/progress/frame,66027520,0.11277777701616287
mg_D_seed2801,reward_curriculum/progress/frame,66191360,0.1133333370089531
mg_D_seed2801,reward_curriculum/progress/frame,66355200,0.11388888955116272
mg_D_seed2801,reward_curriculum/progress/frame,66519040,0.11444444209337234
mg_D_seed2801,reward_curriculum/progress/frame,66682880,0.11500000208616257
mg_D_seed2801,reward_curriculum/progress/frame,66846720,0.11555555462837219
mg_D_seed2801,reward_curriculum/progress/frame,67010560,0.11611111462116241
mg_D_seed2801,reward_curriculum/progress/frame,67174400,0.11666666716337204
mg_D_seed2801,reward_curriculum/progress/frame,67338240,0.11722221970558167
mg_D_seed2801,reward_curriculum/progress/frame,67502080,0.11777777969837189
mg_D_seed2801,reward_curriculum/progress/frame,67665920,0.11833333224058151
mg_D_seed2801,reward_curriculum/progress/frame,67829760,0.11888889223337173
mg_D_seed2801,reward_curriculum/progress/frame,67993600,0.11944444477558136
mg_D_seed2801,reward_curriculum/progress/frame,68157440,0.11999999731779099
mg_D_seed2801,reward_curriculum/progress/frame,68321280,0.12055555731058121
mg_D_seed2801,reward_curriculum/progress/frame,68485120,0.12111110985279083
mg_D_seed2801,reward_curriculum/progress/frame,68648960,0.12166666984558105
mg_D_seed2801,reward_curriculum/progress/frame,68812800,0.12222222238779068
mg_D_seed2801,reward_curriculum/progress/frame,68976640,0.1227777749300003
mg_D_seed2801,reward_curriculum/progress/frame,69140480,0.12333333492279053
mg_D_seed2801,reward_curriculum/progress/frame,69304320,0.12388888746500015
mg_D_seed2801,reward_curriculum/progress/frame,69468160,0.12444444745779037
mg_D_seed2801,reward_curriculum/progress/frame,69632000,0.125
mg_D_seed2801,reward_curriculum/progress/frame,69795840,0.12555555999279022
mg_D_seed2801,reward_curriculum/progress/frame,69959680,0.12611110508441925
mg_D_seed2801,reward_curriculum/progress/frame,70123520,0.12666666507720947
mg_D_seed2801,reward_curriculum/progress/frame,70287360,0.1272222250699997
mg_D_seed2801,reward_curriculum/progress/frame,70451200,0.12777778506278992
mg_D_seed2801,reward_curriculum/progress/frame,70615040,0.12833333015441895
mg_D_seed2801,reward_curriculum/progress/frame,70778880,0.12888889014720917
mg_D_seed2801,reward_curriculum/progress/frame,70942720,0.1294444501399994
mg_D_seed2801,reward_curriculum/progress/frame,71106560,0.12999999523162842
mg_D_seed2801,reward_curriculum/progress/frame,71270400,0.13055555522441864
mg_D_seed2801,reward_curriculum/progress/frame,71434240,0.13111111521720886
mg_D_seed2801,reward_curriculum/progress/frame,71598080,0.1316666603088379
mg_D_seed2801,reward_curriculum/progress/frame,71761920,0.1322222203016281
mg_D_seed2801,reward_curriculum/progress/frame,71925760,0.13277778029441833
mg_D_seed2801,reward_curriculum/progress/frame,72089600,0.13333334028720856
mg_D_seed2801,reward_curriculum/progress/frame,72253440,0.13388888537883759
mg_D_seed2801,reward_curriculum/progress/frame,72417280,0.1344444453716278
mg_D_seed2801,reward_curriculum/progress/frame,72581120,0.13500000536441803
mg_D_seed2801,reward_curriculum/progress/frame,72744960,0.13555555045604706
mg_D_seed2801,reward_curriculum/progress/frame,72908800,0.13611111044883728
mg_D_seed2801,reward_curriculum/progress/frame,73072640,0.1366666704416275
mg_D_seed2801,reward_curriculum/progress/frame,73236480,0.13722221553325653
mg_D_seed2801,reward_curriculum/progress/frame,73400320,0.13777777552604675
mg_D_seed2801,reward_curriculum/progress/frame,73564160,0.13833333551883698
mg_D_seed2801,reward_curriculum/progress/frame,73728000,0.1388888955116272
mg_D_seed2801,reward_curriculum/progress/frame,73891840,0.13944444060325623
mg_D_seed2801,reward_curriculum/progress/frame,74055680,0.14000000059604645
mg_D_seed2801,reward_curriculum/progress/frame,74219520,0.14055556058883667
mg_D_seed2801,reward_curriculum/progress/frame,74383360,0.1411111056804657
mg_D_seed2801,reward_curriculum/progress/frame,74547200,0.14166666567325592
mg_D_seed2801,reward_curriculum/progress/frame,74711040,0.14222222566604614
mg_D_seed2801,reward_curriculum/progress/frame,74874880,0.14277777075767517
mg_D_seed2801,reward_curriculum/progress/frame,75038720,0.1433333307504654
mg_D_seed2801,reward_curriculum/progress/frame,75202560,0.14388889074325562
mg_D_seed2801,reward_curriculum/progress/frame,75366400,0.14444445073604584
mg_D_seed2801,reward_curriculum/progress/frame,75530240,0.14499999582767487
mg_D_seed2801,reward_curriculum/progress/frame,75694080,0.1455555558204651
mg_D_seed2801,reward_curriculum/progress/frame,75857920,0.1461111158132553
mg_D_seed2801,reward_curriculum/progress/frame,76021760,0.14666666090488434
mg_D_seed2801,reward_curriculum/progress/frame,76185600,0.14722222089767456
mg_D_seed2801,reward_curriculum/progress/frame,76349440,0.14777778089046478
mg_D_seed2801,reward_curriculum/progress/frame,76513280,0.1483333259820938
mg_D_seed2801,reward_curriculum/progress/frame,76677120,0.14888888597488403
mg_D_seed2801,reward_curriculum/progress/frame,76840960,0.14944444596767426
mg_D_seed2801,reward_curriculum/progress/frame,77004800,0.15000000596046448
mg_D_seed2801,reward_curriculum/progress/frame,77168640,0.1505555510520935
mg_D_seed2801,reward_curriculum/progress/frame,77332480,0.15111111104488373
mg_D_seed2801,reward_curriculum/progress/frame,77496320,0.15166667103767395
mg_D_seed2801,reward_curriculum/progress/frame,77660160,0.15222221612930298
mg_D_seed2801,reward_curriculum/progress/frame,77824000,0.1527777761220932
mg_D_seed2801,reward_curriculum/progress/frame,77987840,0.15333333611488342
mg_D_seed2801,reward_curriculum/progress/frame,78151680,0.15388889610767365
mg_D_seed2801,reward_curriculum/progress/frame,78315520,0.15444444119930267
mg_D_seed2801,reward_curriculum/progress/frame,78479360,0.1550000011920929
mg_D_seed2801,reward_curriculum/progress/frame,78643200,0.15555556118488312
mg_D_seed2801,reward_curriculum/progress/frame,78807040,0.15611110627651215
mg_D_seed2801,reward_curriculum/progress/frame,78970880,0.15666666626930237
mg_D_seed2801,reward_curriculum/progress/frame,79134720,0.1572222262620926
mg_D_seed2801,reward_curriculum/progress/frame,79298560,0.15777777135372162
mg_D_seed2801,reward_curriculum/progress/frame,79462400,0.15833333134651184
mg_D_seed2801,reward_curriculum/progress/frame,79626240,0.15888889133930206
mg_D_seed2801,reward_curriculum/progress/frame,79790080,0.15944445133209229
mg_D_seed2801,reward_curriculum/progress/frame,79953920,0.1599999964237213
mg_D_seed2801,reward_curriculum/progress/frame,80117760,0.16055555641651154
mg_D_seed2801,reward_curriculum/progress/frame,80281600,0.16111111640930176
mg_D_seed2801,reward_curriculum/progress/frame,80445440,0.1616666615009308
mg_D_seed2801,reward_curriculum/progress/frame,80609280,0.162222221493721
mg_D_seed2801,reward_curriculum/progress/frame,80773120,0.16277778148651123
mg_D_seed2801,reward_curriculum/progress/frame,80936960,0.16333332657814026
mg_D_seed2801,reward_curriculum/progress/frame,81100800,0.16388888657093048
mg_D_seed2801,reward_curriculum/progress/frame,81264640,0.1644444465637207
mg_D_seed2801,reward_curriculum/progress/frame,81428480,0.16500000655651093
mg_D_seed2801,reward_curriculum/progress/frame,81592320,0.16555555164813995
mg_D_seed2801,reward_curriculum/progress/frame,81756160,0.16611111164093018
mg_D_seed2801,reward_curriculum/progress/frame,81920000,0.1666666716337204
mg_D_seed2801,reward_curriculum/progress/frame,82083840,0.16722221672534943
mg_D_seed2801,reward_curriculum/progress/frame,82247680,0.16777777671813965
mg_D_seed2801,reward_curriculum/progress/frame,82411520,0.16833333671092987
mg_D_seed2801,reward_curriculum/progress/frame,82575360,0.1688888818025589
mg_D_seed2801,reward_curriculum/progress/frame,82739200,0.16944444179534912
mg_D_seed2801,reward_curriculum/progress/frame,82903040,0.17000000178813934
mg_D_seed2801,reward_curriculum/progress/frame,83066880,0.17055556178092957
mg_D_seed2801,reward_curriculum/progress/frame,83230720,0.1711111068725586
mg_D_seed2801,reward_curriculum/progress/frame,83394560,0.17166666686534882
mg_D_seed2801,reward_curriculum/progress/frame,83558400,0.17222222685813904
mg_D_seed2801,reward_curriculum/progress/frame,83722240,0.17277777194976807
mg_D_seed2801,reward_curriculum/progress/frame,83886080,0.1733333319425583
mg_D_seed2801,reward_curriculum/progress/frame,84049920,0.1738888919353485
mg_D_seed2801,reward_curriculum/progress/frame,84213760,0.17444443702697754
mg_D_seed2801,reward_curriculum/progress/frame,84377600,0.17499999701976776
mg_D_seed2801,reward_curriculum/progress/frame,84541440,0.17555555701255798
mg_D_seed2801,reward_curriculum/progress/frame,84705280,0.1761111170053482
mg_D_seed2801,reward_curriculum/progress/frame,84869120,0.17666666209697723
mg_D_seed2801,reward_curriculum/progress/frame,85032960,0.17722222208976746
mg_D_seed2801,reward_curriculum/progress/frame,85196800,0.17777778208255768
mg_D_seed2801,reward_curriculum/progress/frame,85360640,0.1783333271741867
mg_D_seed2801,reward_curriculum/progress/frame,85524480,0.17888888716697693
mg_D_seed2801,reward_curriculum/progress/frame,85688320,0.17944444715976715
mg_D_seed2801,reward_curriculum/progress/frame,85852160,0.18000000715255737
mg_D_seed2801,reward_curriculum/progress/frame,86016000,0.1805555522441864
mg_D_seed2801,reward_curriculum/progress/frame,86179840,0.18111111223697662
mg_D_seed2801,reward_curriculum/progress/frame,86343680,0.18166667222976685
mg_D_seed2801,reward_curriculum/progress/frame,86507520,0.18222221732139587
mg_D_seed2801,reward_curriculum/progress/frame,86671360,0.1827777773141861
mg_D_seed2801,reward_curriculum/progress/frame,86835200,0.18333333730697632
mg_D_seed2801,reward_curriculum/progress/frame,86999040,0.18388888239860535
mg_D_seed2801,reward_curriculum/progress/frame,87162880,0.18444444239139557
mg_D_seed2801,reward_curriculum/progress/frame,87326720,0.1850000023841858
mg_D_seed2801,reward_curriculum/progress/frame,87490560,0.185555562376976
mg_D_seed2801,reward_curriculum/progress/frame,87654400,0.18611110746860504
mg_D_seed2801,reward_curriculum/progress/frame,87818240,0.18666666746139526
mg_D_seed2801,reward_curriculum/progress/frame,87982080,0.18722222745418549
mg_D_seed2801,reward_curriculum/progress/frame,88145920,0.18777777254581451
mg_D_seed2801,reward_curriculum/progress/frame,88309760,0.18833333253860474
mg_D_seed2801,reward_curriculum/progress/frame,88473600,0.18888889253139496
mg_D_seed2801,reward_curriculum/progress/frame,88637440,0.189444437623024
mg_D_seed2801,reward_curriculum/progress/frame,88801280,0.1899999976158142
mg_D_seed2801,reward_curriculum/progress/frame,88965120,0.19055555760860443
mg_D_seed2801,reward_curriculum/progress/frame,89128960,0.19111111760139465
mg_D_seed2801,reward_curriculum/progress/frame,89292800,0.19166666269302368
mg_D_seed2801,reward_curriculum/progress/frame,89456640,0.1922222226858139
mg_D_seed2801,reward_curriculum/progress/frame,89620480,0.19277778267860413
mg_D_seed2801,reward_curriculum/progress/frame,89784320,0.19333332777023315
mg_D_seed2801,reward_curriculum/progress/frame,89948160,0.19388888776302338
mg_D_seed2801,reward_curriculum/progress/frame,90112000,0.1944444477558136
mg_D_seed2801,reward_curriculum/progress/frame,90275840,0.19499999284744263
mg_D_seed2801,reward_curriculum/progress/frame,90439680,0.19555555284023285
mg_D_seed2801,reward_curriculum/progress/frame,90603520,0.19611111283302307
mg_D_seed2801,reward_curriculum/progress/frame,90767360,0.1966666728258133
mg_D_seed2801,reward_curriculum/progress/frame,90931200,0.19722221791744232
mg_D_seed2801,reward_curriculum/progress/frame,91095040,0.19777777791023254
mg_D_seed2801,reward_curriculum/progress/frame,91258880,0.19833333790302277
mg_D_seed2801,reward_curriculum/progress/frame,91422720,0.1988888829946518
mg_D_seed2801,reward_curriculum/progress/frame,91586560,0.19944444298744202
mg_D_seed2801,reward_curriculum/progress/frame,91750400,0.20000000298023224
mg_D_seed2801,reward_curriculum/progress/frame,91914240,0.20055556297302246
mg_D_seed2801,reward_curriculum/progress/frame,92078080,0.2011111080646515
mg_D_seed2801,reward_curriculum/progress/frame,92241920,0.2016666680574417
mg_D_seed2801,reward_curriculum/progress/frame,92405760,0.20222222805023193
mg_D_seed2801,reward_curriculum/progress/frame,92569600,0.20277777314186096
mg_D_seed2801,reward_curriculum/progress/frame,92733440,0.20333333313465118
mg_D_seed2801,reward_curriculum/progress/frame,92897280,0.2038888931274414
mg_D_seed2801,reward_curriculum/progress/frame,93061120,0.20444443821907043
mg_D_seed2801,reward_curriculum/progress/frame,93224960,0.20499999821186066
mg_D_seed2801,reward_curriculum/progress/frame,93388800,0.20555555820465088
mg_D_seed2801,reward_curriculum/progress/frame,93552640,0.2061111181974411
mg_D_seed2801,reward_curriculum/progress/frame,93716480,0.20666666328907013
mg_D_seed2801,reward_curriculum/progress/frame,93880320,0.20722222328186035
mg_D_seed2801,reward_curriculum/progress/frame,94044160,0.20777778327465057
mg_D_seed2801,reward_curriculum/progress/frame,94208000,0.2083333283662796
mg_D_seed2801,reward_curriculum/progress/frame,94371840,0.20888888835906982
mg_D_seed2801,reward_curriculum/progress/frame,94535680,0.20944444835186005
mg_D_seed2801,reward_curriculum/progress/frame,94699520,0.20999999344348907
mg_D_seed2801,reward_curriculum/progress/frame,94863360,0.2105555534362793
mg_D_seed2801,reward_curriculum/progress/frame,95027200,0.21111111342906952
mg_D_seed2801,reward_curriculum/progress/frame,95191040,0.21166667342185974
mg_D_seed2801,reward_curriculum/progress/frame,95354880,0.21222221851348877
mg_D_seed2801,reward_curriculum/progress/frame,95518720,0.212777778506279
mg_D_seed2801,reward_curriculum/progress/frame,95682560,0.2133333384990692
mg_D_seed2801,reward_curriculum/progress/frame,95846400,0.21388888359069824
mg_D_seed2801,reward_curriculum/progress/frame,96010240,0.21444444358348846
mg_D_seed2801,reward_curriculum/progress/frame,96174080,0.2150000035762787
mg_D_seed2801,reward_curriculum/progress/frame,96337920,0.21555554866790771
mg_D_seed2801,reward_curriculum/progress/frame,96501760,0.21611110866069794
mg_D_seed2801,reward_curriculum/progress/frame,96665600,0.21666666865348816
mg_D_seed2801,reward_curriculum/progress/frame,96829440,0.21722222864627838
mg_D_seed2801,reward_curriculum/progress/frame,96993280,0.2177777737379074
mg_D_seed2801,reward_curriculum/progress/frame,97157120,0.21833333373069763
mg_D_seed2801,reward_curriculum/progress/frame,97320960,0.21888889372348785
mg_D_seed2801,reward_curriculum/progress/frame,97484800,0.21944443881511688
mg_D_seed2801,reward_curriculum/progress/frame,97648640,0.2199999988079071
mg_D_seed2801,reward_curriculum/progress/frame,97812480,0.22055555880069733
mg_D_seed2801,reward_curriculum/progress/frame,97976320,0.22111110389232635
mg_D_seed2801,reward_curriculum/progress/frame,98140160,0.22166666388511658
mg_D_seed2801,reward_curriculum/progress/frame,98304000,0.2222222238779068
mg_D_seed2801,reward_curriculum/progress/frame,98467840,0.22277778387069702
mg_D_seed2801,reward_curriculum/progress/frame,98631680,0.22333332896232605
mg_D_seed2801,reward_curriculum/progress/frame,98795520,0.22388888895511627
mg_D_seed2801,reward_curriculum/progress/frame,98959360,0.2244444489479065
mg_D_seed2801,reward_curriculum/progress/frame,99123200,0.22499999403953552
mg_D_seed2801,reward_curriculum/progress/frame,99287040,0.22555555403232574
mg_D_seed2801,reward_curriculum/progress/frame,99450880,0.22611111402511597
mg_D_seed2801,reward_curriculum/progress/frame,99614720,0.2266666740179062
mg_D_seed2801,reward_curriculum/progress/frame,99778560,0.22722221910953522
mg_D_seed2801,reward_curriculum/progress/frame,99942400,0.22777777910232544
mg_D_seed2801,reward_curriculum/progress/frame,100106240,0.22833333909511566
mg_D_seed2801,reward_curriculum/progress/frame,100270080,0.2288888841867447
mg_D_seed2801,reward_curriculum/progress/frame,100433920,0.2294444441795349
mg_D_seed2801,reward_curriculum/progress/frame,100597760,0.23000000417232513
mg_D_seed2801,reward_curriculum/progress/frame,100761600,0.23055554926395416
mg_D_seed2801,reward_curriculum/progress/frame,100925440,0.23111110925674438
mg_D_seed2801,reward_curriculum/progress/frame,101089280,0.2316666692495346
mg_D_seed2801,reward_curriculum/progress/frame,101253120,0.23222222924232483
mg_D_seed2801,reward_curriculum/progress/frame,101416960,0.23277777433395386
mg_D_seed2801,reward_curriculum/progress/frame,101580800,0.23333333432674408
mg_D_seed2801,reward_curriculum/progress/frame,101744640,0.2338888943195343
mg_D_seed2801,reward_curriculum/progress/frame,101908480,0.23444443941116333
mg_D_seed2801,reward_curriculum/progress/frame,102072320,0.23499999940395355
mg_D_seed2801,reward_curriculum/progress/frame,102236160,0.23555555939674377
mg_D_seed2801,reward_curriculum/progress/frame,102400000,0.2361111044883728
mg_D_seed2801,reward_curriculum/progress/frame,102563840,0.23666666448116302
mg_D_seed2801,reward_curriculum/progress/frame,102727680,0.23722222447395325
mg_D_seed2801,reward_curriculum/progress/frame,102891520,0.23777778446674347
mg_D_seed2801,reward_curriculum/progress/frame,103055360,0.2383333295583725
mg_D_seed2801,reward_curriculum/progress/frame,103219200,0.23888888955116272
mg_D_seed2801,reward_curriculum/progress/frame,103383040,0.23944444954395294
mg_D_seed2801,reward_curriculum/progress/frame,103546880,0.23999999463558197
mg_D_seed2801,reward_curriculum/progress/frame,103710720,0.2405555546283722
mg_D_seed2801,reward_curriculum/progress/frame,103874560,0.24111111462116241
mg_D_seed2801,reward_curriculum/progress/frame,104038400,0.24166665971279144
mg_D_seed2801,reward_curriculum/progress/frame,104202240,0.24222221970558167
mg_D_seed2801,reward_curriculum/progress/frame,104366080,0.2427777796983719
mg_D_seed2801,reward_curriculum/progress/frame,104529920,0.2433333396911621
mg_D_seed2801,reward_curriculum/progress/frame,104693760,0.24388888478279114
mg_D_seed2801,reward_curriculum/progress/frame,104857600,0.24444444477558136
mg_D_seed2801,reward_curriculum/progress/frame,105021440,0.24500000476837158
mg_D_seed2801,reward_curriculum/progress/frame,105185280,0.2455555498600006
mg_D_seed2801,reward_curriculum/progress/frame,105349120,0.24611110985279083
mg_D_seed2801,reward_curriculum/progress/frame,105512960,0.24666666984558105
mg_D_seed2801,reward_curriculum/progress/frame,105676800,0.24722221493721008
mg_D_seed2801,reward_curriculum/progress/frame,105840640,0.2477777749300003
mg_D_seed2801,reward_curriculum/progress/frame,106004480,0.24833333492279053
mg_D_seed2801,reward_curriculum/progress/frame,106168320,0.24888889491558075
mg_D_seed2801,reward_curriculum/progress/frame,106332160,0.24944444000720978
mg_D_seed2801,reward_curriculum/progress/frame,106496000,0.25
mg_D_seed2801,reward_curriculum/progress/frame,106659840,0.25055554509162903
mg_D_seed2801,reward_curriculum/progress/frame,106823680,0.25111111998558044
mg_D_seed2801,reward_curriculum/progress/frame,106987520,0.2516666650772095
mg_D_seed2801,reward_curriculum/progress/frame,107151360,0.2522222101688385
mg_D_seed2801,reward_curriculum/progress/frame,107315200,0.2527777850627899
mg_D_seed2801,reward_curriculum/progress/frame,107479040,0.25333333015441895
mg_D_seed2801,reward_curriculum/progress/frame,107642880,0.253888875246048
mg_D_seed2801,reward_curriculum/progress/frame,107806720,0.2544444501399994
mg_D_seed2801,reward_curriculum/progress/frame,107970560,0.2549999952316284
mg_D_seed2801,reward_curriculum/progress/frame,108134400,0.25555557012557983
mg_D_seed2801,reward_curriculum/progress/frame,108298240,0.25611111521720886
mg_D_seed2801,reward_curriculum/progress/frame,108462080,0.2566666603088379
mg_D_seed2801,reward_curriculum/progress/frame,108625920,0.2572222352027893
mg_D_seed2801,reward_curriculum/progress/frame,108789760,0.25777778029441833
mg_D_seed2801,reward_curriculum/progress/frame,108953600,0.25833332538604736
mg_D_seed2801,reward_curriculum/progress/frame,109117440,0.2588889002799988
mg_D_seed2801,reward_curriculum/progress/frame,109281280,0.2594444453716278
mg_D_seed2801,reward_curriculum/progress/frame,109445120,0.25999999046325684
mg_D_seed2801,reward_curriculum/progress/frame,109608960,0.26055556535720825
mg_D_seed2801,reward_curriculum/progress/frame,109772800,0.2611111104488373
mg_D_seed2801,reward_curriculum/progress/frame,109936640,0.2616666555404663
mg_D_seed2801,reward_curriculum/progress/frame,110100480,0.2622222304344177
mg_D_seed2801,reward_curriculum/progress/frame,110264320,0.26277777552604675
mg_D_seed2801,reward_curriculum/progress/frame,110428160,0.2633333206176758
mg_D_seed2801,reward_curriculum/progress/frame,110592000,0.2638888955116272
mg_D_seed2801,reward_curriculum/progress/frame,110755840,0.2644444406032562
mg_D_seed2801,reward_curriculum/progress/frame,110919680,0.26499998569488525
mg_D_seed2801,reward_curriculum/progress/frame,111083520,0.26555556058883667
mg_D_seed2801,reward_curriculum/progress/frame,111247360,0.2661111056804657
mg_D_seed2801,reward_curriculum/progress/frame,111411200,0.2666666805744171
mg_D_seed2801,reward_curriculum/progress/frame,111575040,0.26722222566604614
mg_D_seed2801,reward_curriculum/progress/frame,111738880,0.26777777075767517
mg_D_seed2801,reward_curriculum/progress/frame,111902720,0.2683333456516266
mg_D_seed2801,reward_curriculum/progress/frame,112066560,0.2688888907432556
mg_D_seed2801,reward_curriculum/progress/frame,112230400,0.26944443583488464
mg_D_seed2801,reward_curriculum/progress/frame,112394240,0.27000001072883606
mg_D_seed2801,reward_curriculum/progress/frame,112558080,0.2705555558204651
mg_D_seed2801,reward_curriculum/progress/frame,112721920,0.2711111009120941
mg_D_seed2801,reward_curriculum/progress/frame,112885760,0.27166667580604553
mg_D_seed2801,reward_curriculum/progress/frame,113049600,0.27222222089767456
mg_D_seed2801,reward_curriculum/progress/frame,113213440,0.2727777659893036
mg_D_seed2801,reward_curriculum/progress/frame,113377280,0.273333340883255
mg_D_seed2801,reward_curriculum/progress/frame,113541120,0.27388888597488403
mg_D_seed2801,reward_curriculum/progress/frame,113704960,0.27444443106651306
mg_D_seed2801,reward_curriculum/progress/frame,113868800,0.2750000059604645
mg_D_seed2801,reward_curriculum/progress/frame,114032640,0.2755555510520935
mg_D_seed2801,reward_curriculum/progress/frame,114196480,0.2761111259460449
mg_D_seed2801,reward_curriculum/progress/frame,114360320,0.27666667103767395
mg_D_seed2801,reward_curriculum/progress/frame,114524160,0.277222216129303
mg_D_seed2801,reward_curriculum/progress/frame,114688000,0.2777777910232544
mg_D_seed2801,reward_curriculum/progress/frame,114851840,0.2783333361148834
mg_D_seed2801,reward_curriculum/progress/frame,115015680,0.27888888120651245
mg_D_seed2801,reward_curriculum/progress/frame,115179520,0.27944445610046387
mg_D_seed2801,reward_curriculum/progress/frame,115343360,0.2800000011920929
mg_D_seed2801,reward_curriculum/progress/frame,115507200,0.2805555462837219
mg_D_seed2801,reward_curriculum/progress/frame,115671040,0.28111112117767334
mg_D_seed2801,reward_curriculum/progress/frame,115834880,0.28166666626930237
mg_D_seed2801,reward_curriculum/progress/frame,115998720,0.2822222113609314
mg_D_seed2801,reward_curriculum/progress/frame,116162560,0.2827777862548828
mg_D_seed2801,reward_curriculum/progress/frame,116326400,0.28333333134651184
mg_D_seed2801,reward_curriculum/progress/frame,116490240,0.28388887643814087
mg_D_seed2801,reward_curriculum/progress/frame,116654080,0.2844444513320923
mg_D_seed2801,reward_curriculum/progress/frame,116817920,0.2849999964237213
mg_D_seed2801,reward_curriculum/progress/frame,116981760,0.28555554151535034
mg_D_seed2801,reward_curriculum/progress/frame,117145600,0.28611111640930176
mg_D_seed2801,reward_curriculum/progress/frame,117309440,0.2866666615009308
mg_D_seed2801,reward_curriculum/progress/frame,117473280,0.2872222363948822
mg_D_seed2801,reward_curriculum/progress/frame,117637120,0.28777778148651123
mg_D_seed2801,reward_curriculum/progress/frame,117800960,0.28833332657814026
mg_D_seed2801,reward_curriculum/progress/frame,117964800,0.2888889014720917
mg_D_seed2801,reward_curriculum/progress/frame,118128640,0.2894444465637207
mg_D_seed2801,reward_curriculum/progress/frame,118292480,0.28999999165534973
mg_D_seed2801,reward_curriculum/progress/frame,118456320,0.29055556654930115
mg_D_seed2801,reward_curriculum/progress/frame,118620160,0.2911111116409302
mg_D_seed2801,reward_curriculum/progress/frame,118784000,0.2916666567325592
mg_D_seed2801,reward_curriculum/progress/frame,118947840,0.2922222316265106
mg_D_seed2801,reward_curriculum/progress/frame,119111680,0.29277777671813965
mg_D_seed2801,reward_curriculum/progress/frame,119275520,0.2933333218097687
mg_D_seed2801,reward_curriculum/progress/frame,119439360,0.2938888967037201
mg_D_seed2801,reward_curriculum/progress/frame,119603200,0.2944444417953491
mg_D_seed2801,reward_curriculum/progress/frame,119767040,0.29499998688697815
mg_D_seed2801,reward_curriculum/progress/frame,119930880,0.29555556178092957
mg_D_seed2801,reward_curriculum/progress/frame,120094720,0.2961111068725586
mg_D_seed2801,reward_curriculum/progress/frame,120258560,0.2966666519641876
mg_D_seed2801,reward_curriculum/progress/frame,120422400,0.29722222685813904
mg_D_seed2801,reward_curriculum/progress/frame,120586240,0.29777777194976807
mg_D_seed2801,reward_curriculum/progress/frame,120750080,0.2983333468437195
mg_D_seed2801,reward_curriculum/progress/frame,120913920,0.2988888919353485
mg_D_seed2801,reward_curriculum/progress/frame,121077760,0.29944443702697754
mg_D_seed2801,reward_curriculum/progress/frame,121241600,0.30000001192092896
mg_D_seed2801,reward_curriculum/progress/frame,121405440,0.300555557012558
mg_D_seed2801,reward_curriculum/progress/frame,121569280,0.301111102104187
mg_D_seed2801,reward_curriculum/progress/frame,121733120,0.3016666769981384
mg_D_seed2801,reward_curriculum/progress/frame,121896960,0.30222222208976746
mg_D_seed2801,reward_curriculum/progress/frame,122060800,0.3027777671813965
mg_D_seed2801,reward_curriculum/progress/frame,122224640,0.3033333420753479
mg_D_seed2801,reward_curriculum/progress/frame,122388480,0.30388888716697693
mg_D_seed2801,reward_curriculum/progress/frame,122552320,0.30444443225860596
mg_D_seed2801,reward_curriculum/progress/frame,122716160,0.3050000071525574
mg_D_seed2801,reward_curriculum/progress/frame,122880000,0.3055555522441864
mg_D_seed2801,reward_curriculum/progress/frame,123043840,0.30611109733581543
mg_D_seed2801,reward_curriculum/progress/frame,123207680,0.30666667222976685
mg_D_seed2801,reward_curriculum/progress/frame,123371520,0.3072222173213959
mg_D_seed2801,reward_curriculum/progress/frame,123535360,0.3077777922153473
mg_D_seed2801,reward_curriculum/progress/frame,123699200,0.3083333373069763
mg_D_seed2801,reward_curriculum/progress/frame,123863040,0.30888888239860535
mg_D_seed2801,reward_curriculum/progress/frame,124026880,0.30944445729255676
mg_D_seed2801,reward_curriculum/progress/frame,124190720,0.3100000023841858
mg_D_seed2801,reward_curriculum/progress/frame,124354560,0.3105555474758148
mg_D_seed2801,reward_curriculum/progress/frame,124518400,0.31111112236976624
mg_D_seed2801,reward_curriculum/progress/frame,124682240,0.31166666746139526
mg_D_seed2801,reward_curriculum/progress/frame,124846080,0.3122222125530243
mg_D_seed2801,reward_curriculum/progress/frame,125009920,0.3127777874469757
mg_D_seed2801,reward_curriculum/progress/frame,125173760,0.31333333253860474
mg_D_seed2801,reward_curriculum/progress/frame,125337600,0.31388887763023376
mg_D_seed2801,reward_curriculum/progress/frame,125501440,0.3144444525241852
mg_D_seed2801,reward_curriculum/progress/frame,125665280,0.3149999976158142
mg_D_seed2801,reward_curriculum/progress/frame,125829120,0.31555554270744324
mg_D_seed2801,reward_curriculum/progress/frame,125992960,0.31611111760139465
mg_D_seed2801,reward_curriculum/progress/frame,126156800,0.3166666626930237
mg_D_seed2801,reward_curriculum/progress/frame,126320640,0.3172222077846527
mg_D_seed2801,reward_curriculum/progress/frame,126484480,0.3177777826786041
mg_D_seed2801,reward_curriculum/progress/frame,126648320,0.31833332777023315
mg_D_seed2801,reward_curriculum/progress/frame,126812160,0.31888890266418457
mg_D_seed2801,reward_curriculum/progress/frame,126976000,0.3194444477558136
mg_D_seed2801,reward_curriculum/progress/frame,127139840,0.3199999928474426
mg_D_seed2801,reward_curriculum/progress/frame,127303680,0.32055556774139404
mg_D_seed2801,reward_curriculum/progress/frame,127467520,0.32111111283302307
mg_D_seed2801,reward_curriculum/progress/frame,127631360,0.3216666579246521
mg_D_seed2801,reward_curriculum/progress/frame,127795200,0.3222222328186035
mg_D_seed2801,reward_curriculum/progress/frame,127959040,0.32277777791023254
mg_D_seed2801,reward_curriculum/progress/frame,128122880,0.3233333230018616
mg_D_seed2801,reward_curriculum/progress/frame,128286720,0.323888897895813
mg_D_seed2801,reward_curriculum/progress/frame,128450560,0.324444442987442
mg_D_seed2801,reward_curriculum/progress/frame,128614400,0.32499998807907104
mg_D_seed2801,reward_curriculum/progress/frame,128778240,0.32555556297302246
mg_D_seed2801,reward_curriculum/progress/frame,128942080,0.3261111080646515
mg_D_seed2801,reward_curriculum/progress/frame,129105920,0.3266666531562805
mg_D_seed2801,reward_curriculum/progress/frame,129269760,0.32722222805023193
mg_D_seed2801,reward_curriculum/progress/frame,129433600,0.32777777314186096
mg_D_seed2801,reward_curriculum/progress/frame,129597440,0.3283333480358124
mg_D_seed2801,reward_curriculum/progress/frame,129761280,0.3288888931274414
mg_D_seed2801,reward_curriculum/progress/frame,129925120,0.32944443821907043
mg_D_seed2801,reward_curriculum/progress/frame,130088960,0.33000001311302185
mg_D_seed2801,reward_curriculum/progress/frame,130252800,0.3305555582046509
mg_D_seed2801,reward_curriculum/progress/frame,130416640,0.3311111032962799
mg_D_seed2801,reward_curriculum/progress/frame,130580480,0.3316666781902313
mg_D_seed2801,reward_curriculum/progress/frame,130744320,0.33222222328186035
mg_D_seed2801,reward_curriculum/progress/frame,130908160,0.3327777683734894
mg_D_seed2801,reward_curriculum/progress/frame,131072000,0.3333333432674408
mg_D_seed2801,reward_curriculum/progress/frame,131235840,0.3338888883590698
mg_D_seed2801,reward_curriculum/progress/frame,131399680,0.33444443345069885
mg_D_seed2801,reward_curriculum/progress/frame,131563520,0.33500000834465027
mg_D_seed2801,reward_curriculum/progress/frame,131727360,0.3355555534362793
mg_D_seed2801,reward_curriculum/progress/frame,131891200,0.3361110985279083
mg_D_seed2801,reward_curriculum/progress/frame,132055040,0.33666667342185974
mg_D_seed2801,reward_curriculum/progress/frame,132218880,0.33722221851348877
mg_D_seed2801,reward_curriculum/progress/frame,132382720,0.3377777636051178
mg_D_seed2801,reward_curriculum/progress/frame,132546560,0.3383333384990692
mg_D_seed2801,reward_curriculum/progress/frame,132710400,0.33888888359069824
mg_D_seed2801,reward_curriculum/progress/frame,132874240,0.33944445848464966
mg_D_seed2801,reward_curriculum/progress/frame,133038080,0.3400000035762787
mg_D_seed2801,reward_curriculum/progress/frame,133201920,0.3405555486679077
mg_D_seed2801,reward_curriculum/progress/frame,133365760,0.34111112356185913
mg_D_seed2801,reward_curriculum/progress/frame,133529600,0.34166666865348816
mg_D_seed2801,reward_curriculum/progress/frame,133693440,0.3422222137451172
mg_D_seed2801,reward_curriculum/progress/frame,133857280,0.3427777886390686
mg_D_seed2801,reward_curriculum/progress/frame,134021120,0.34333333373069763
mg_D_seed2801,reward_curriculum/progress/frame,134184960,0.34388887882232666
mg_D_seed2801,reward_curriculum/progress/frame,134348800,0.3444444537162781
mg_D_seed2801,reward_curriculum/progress/frame,134512640,0.3449999988079071
mg_D_seed2801,reward_curriculum/progress/frame,134676480,0.34555554389953613
mg_D_seed2801,reward_curriculum/progress/frame,134840320,0.34611111879348755
mg_D_seed2801,reward_curriculum/progress/frame,135004160,0.3466666638851166
mg_D_seed2801,reward_curriculum/progress/frame,135168000,0.3472222089767456
mg_D_seed2801,reward_curriculum/progress/frame,135331840,0.347777783870697
mg_D_seed2801,reward_curriculum/progress/frame,135495680,0.34833332896232605
mg_D_seed2801,reward_curriculum/progress/frame,135659520,0.3488888740539551
mg_D_seed2801,reward_curriculum/progress/frame,135823360,0.3494444489479065
mg_D_seed2801,reward_curriculum/progress/frame,135987200,0.3499999940395355
mg_D_seed2801,reward_curriculum/progress/frame,136151040,0.35055556893348694
mg_D_seed2801,reward_curriculum/progress/frame,136314880,0.35111111402511597
mg_D_seed2801,reward_curriculum/progress/frame,136478720,0.351666659116745
mg_D_seed2801,reward_curriculum/progress/frame,136642560,0.3522222340106964
mg_D_seed2801,reward_curriculum/progress/frame,136806400,0.35277777910232544
mg_D_seed2801,reward_curriculum/progress/frame,136970240,0.35333332419395447
mg_D_seed2801,reward_curriculum/progress/frame,137134080,0.3538888990879059
mg_D_seed2801,reward_curriculum/progress/frame,137297920,0.3544444441795349
mg_D_seed2801,reward_curriculum/progress/frame,137461760,0.35499998927116394
mg_D_seed2801,reward_curriculum/progress/frame,137625600,0.35555556416511536
mg_D_seed2801,reward_curriculum/progress/frame,137789440,0.3561111092567444
mg_D_seed2801,reward_curriculum/progress/frame,137953280,0.3566666543483734
mg_D_seed2801,reward_curriculum/progress/frame,138117120,0.35722222924232483
mg_D_seed2801,reward_curriculum/progress/frame,138280960,0.35777777433395386
mg_D_seed2801,reward_curriculum/progress/frame,138444800,0.3583333194255829
mg_D_seed2801,reward_curriculum/progress/frame,138608640,0.3588888943195343
mg_D_seed2801,reward_curriculum/progress/frame,138772480,0.35944443941116333
mg_D_seed2801,reward_curriculum/progress/frame,138936320,0.36000001430511475
mg_D_seed2801,reward_curriculum/progress/frame,139100160,0.3605555593967438
mg_D_seed2801,reward_curriculum/progress/frame,139264000,0.3611111044883728
mg_D_seed2801,reward_curriculum/progress/frame,139427840,0.3616666793823242
mg_D_seed2801,reward_curriculum/progress/frame,139591680,0.36222222447395325
mg_D_seed2801,reward_curriculum/progress/frame,139755520,0.3627777695655823
mg_D_seed2801,reward_curriculum/progress/frame,139919360,0.3633333444595337
mg_D_seed2801,reward_curriculum/progress/frame,140083200,0.3638888895511627
mg_D_seed2801,reward_curriculum/progress/frame,140247040,0.36444443464279175
mg_D_seed2801,reward_curriculum/progress/frame,140410880,0.36500000953674316
mg_D_seed2801,reward_curriculum/progress/frame,140574720,0.3655555546283722
mg_D_seed2801,reward_curriculum/progress/frame,140738560,0.3661110997200012
mg_D_seed2801,reward_curriculum/progress/frame,140902400,0.36666667461395264
mg_D_seed2801,reward_curriculum/progress/frame,141066240,0.36722221970558167
mg_D_seed2801,reward_curriculum/progress/frame,141230080,0.3677777647972107
mg_D_seed2801,reward_curriculum/progress/frame,141393920,0.3683333396911621
mg_D_seed2801,reward_curriculum/progress/frame,141557760,0.36888888478279114
mg_D_seed2801,reward_curriculum/progress/frame,141721600,0.36944442987442017
mg_D_seed2801,reward_curriculum/progress/frame,141885440,0.3700000047683716
mg_D_seed2801,reward_curriculum/progress/frame,142049280,0.3705555498600006
mg_D_seed2801,reward_curriculum/progress/frame,142213120,0.371111124753952
mg_D_seed2801,reward_curriculum/progress/frame,142376960,0.37166666984558105
mg_D_seed2801,reward_curriculum/progress/frame,142540800,0.3722222149372101
mg_D_seed2801,reward_curriculum/progress/frame,142704640,0.3727777898311615
mg_D_seed2801,reward_curriculum/progress/frame,142868480,0.3733333349227905
mg_D_seed2801,reward_curriculum/progress/frame,143032320,0.37388888001441956
mg_D_seed2801,reward_curriculum/progress/frame,143196160,0.37444445490837097
mg_D_seed2801,reward_curriculum/progress/frame,143360000,0.375
mg_D_seed2801,reward_curriculum/progress/frame,143523840,0.37555554509162903
mg_D_seed2801,reward_curriculum/progress/frame,143687680,0.37611111998558044
mg_D_seed2801,reward_curriculum/progress/frame,143851520,0.3766666650772095
mg_D_seed2801,reward_curriculum/progress/frame,144015360,0.3772222101688385
mg_D_seed2801,reward_curriculum/progress/frame,144179200,0.3777777850627899
mg_D_seed2801,reward_curriculum/progress/frame,144343040,0.37833333015441895
mg_D_seed2801,reward_curriculum/progress/frame,144506880,0.378888875246048
mg_D_seed2801,reward_curriculum/progress/frame,144670720,0.3794444501399994
mg_D_seed2801,reward_curriculum/progress/frame,144834560,0.3799999952316284
mg_D_seed2801,reward_curriculum/progress/frame,144998400,0.38055557012557983
mg_D_seed2801,reward_curriculum/progress/frame,145162240,0.38111111521720886
mg_D_seed2801,reward_curriculum/progress/frame,145326080,0.3816666603088379
mg_D_seed2801,reward_curriculum/progress/frame,145489920,0.3822222352027893
mg_D_seed2801,reward_curriculum/progress/frame,145653760,0.38277778029441833
mg_D_seed2801,reward_curriculum/progress/frame,145817600,0.38333332538604736
mg_D_seed2801,reward_curriculum/progress/frame,145981440,0.3838889002799988
mg_D_seed2801,reward_curriculum/progress/frame,146145280,0.3844444453716278
mg_D_seed2801,reward_curriculum/progress/frame,146309120,0.38499999046325684
mg_D_seed2801,reward_curriculum/progress/frame,146472960,0.38555556535720825
mg_D_seed2801,reward_curriculum/progress/frame,146636800,0.3861111104488373
mg_D_seed2801,reward_curriculum/progress/frame,146800640,0.3866666555404663
mg_D_seed2801,reward_curriculum/progress/frame,146964480,0.3872222304344177
mg_D_seed2801,reward_curriculum/progress/frame,147128320,0.38777777552604675
mg_D_seed2801,reward_curriculum/progress/frame,147292160,0.3883333206176758
mg_D_seed2801,reward_curriculum/progress/frame,147456000,0.3888888955116272
mg_D_seed2801,reward_curriculum/progress/frame,147619840,0.3894444406032562
mg_D_seed2801,reward_curriculum/progress/frame,147783680,0.38999998569488525
mg_D_seed2801,reward_curriculum/progress/frame,147947520,0.39055556058883667
mg_D_seed2801,reward_curriculum/progress/frame,148111360,0.3911111056804657
mg_D_seed2801,reward_curriculum/progress/frame,148275200,0.3916666805744171
mg_D_seed2801,reward_curriculum/progress/frame,148439040,0.39222222566604614
mg_D_seed2801,reward_curriculum/progress/frame,148602880,0.39277777075767517
mg_D_seed2801,reward_curriculum/progress/frame,148766720,0.3933333456516266
mg_D_seed2801,reward_curriculum/progress/frame,148930560,0.3938888907432556
mg_D_seed2801,reward_curriculum/progress/frame,149094400,0.39444443583488464
mg_D_seed2801,reward_curriculum/progress/frame,149258240,0.39500001072883606
mg_D_seed2801,reward_curriculum/progress/frame,149422080,0.3955555558204651
mg_D_seed2801,reward_curriculum/progress/frame,149585920,0.3961111009120941
mg_D_seed2801,reward_curriculum/progress/frame,149749760,0.39666667580604553
mg_D_seed2801,reward_curriculum/progress/frame,149913600,0.39722222089767456
mg_D_seed2801,reward_curriculum/progress/frame,150077440,0.3977777659893036
mg_D_seed2801,reward_curriculum/progress/frame,150241280,0.398333340883255
mg_D_seed2801,reward_curriculum/progress/frame,150405120,0.39888888597488403
mg_D_seed2801,reward_curriculum/progress/frame,150568960,0.39944443106651306
mg_D_seed2801,reward_curriculum/progress/frame,150732800,0.4000000059604645
mg_D_seed2801,reward_curriculum/progress/frame,150896640,0.4005555510520935
mg_D_seed2801,reward_curriculum/progress/frame,151060480,0.4011111259460449
mg_D_seed2801,reward_curriculum/progress/frame,151224320,0.40166667103767395
mg_D_seed2801,reward_curriculum/progress/frame,151388160,0.402222216129303
mg_D_seed2801,reward_curriculum/progress/frame,151552000,0.4027777910232544
mg_D_seed2801,reward_curriculum/progress/frame,151715840,0.4033333361148834
mg_D_seed2801,reward_curriculum/progress/frame,151879680,0.40388888120651245
mg_D_seed2801,reward_curriculum/progress/frame,152043520,0.40444445610046387
mg_D_seed2801,reward_curriculum/progress/frame,152207360,0.4050000011920929
mg_D_seed2801,reward_curriculum/progress/frame,152371200,0.4055555462837219
mg_D_seed2801,reward_curriculum/progress/frame,152535040,0.40611112117767334
mg_D_seed2801,reward_curriculum/progress/frame,152698880,0.40666666626930237
mg_D_seed2801,reward_curriculum/progress/frame,152862720,0.4072222113609314
mg_D_seed2801,reward_curriculum/progress/frame,153026560,0.4077777862548828
mg_D_seed2801,reward_curriculum/progress/frame,153190400,0.40833333134651184
mg_D_seed2801,reward_curriculum/progress/frame,153354240,0.40888887643814087
mg_D_seed2801,reward_curriculum/progress/frame,153518080,0.4094444513320923
mg_D_seed2801,reward_curriculum/progress/frame,153681920,0.4099999964237213
mg_D_seed2801,reward_curriculum/progress/frame,153845760,0.41055554151535034
mg_D_seed2801,reward_curriculum/progress/frame,154009600,0.41111111640930176
mg_D_seed2801,reward_curriculum/progress/frame,154173440,0.4116666615009308
mg_D_seed2801,reward_curriculum/progress/frame,154337280,0.4122222363948822
mg_D_seed2801,reward_curriculum/progress/frame,154501120,0.41277778148651123
mg_D_seed2801,reward_curriculum/progress/frame,154664960,0.41333332657814026
mg_D_seed2801,reward_curriculum/progress/frame,154828800,0.4138889014720917
mg_D_seed2801,reward_curriculum/progress/frame,154992640,0.4144444465637207
mg_D_seed2801,reward_curriculum/progress/frame,155156480,0.41499999165534973
mg_D_seed2801,reward_curriculum/progress/frame,155320320,0.41555556654930115
mg_D_seed2801,reward_curriculum/progress/frame,155484160,0.4161111116409302
mg_D_seed2801,reward_curriculum/progress/frame,155648000,0.4166666567325592
mg_D_seed2801,reward_curriculum/progress/frame,155811840,0.4172222316265106
mg_D_seed2801,reward_curriculum/progress/frame,155975680,0.41777777671813965
mg_D_seed2801,reward_curriculum/progress/frame,156139520,0.4183333218097687
mg_D_seed2801,reward_curriculum/progress/frame,156303360,0.4188888967037201
mg_D_seed2801,reward_curriculum/progress/frame,156467200,0.4194444417953491
mg_D_seed2801,reward_curriculum/progress/frame,156631040,0.41999998688697815
mg_D_seed2801,reward_curriculum/progress/frame,156794880,0.42055556178092957
mg_D_seed2801,reward_curriculum/progress/frame,156958720,0.4211111068725586
mg_D_seed2801,reward_curriculum/progress/frame,157122560,0.4216666519641876
mg_D_seed2801,reward_curriculum/progress/frame,157286400,0.42222222685813904
mg_D_seed2801,reward_curriculum/progress/frame,157450240,0.42277777194976807
mg_D_seed2801,reward_curriculum/progress/frame,157614080,0.4233333468437195
mg_D_seed2801,reward_curriculum/progress/frame,157777920,0.4238888919353485
mg_D_seed2801,reward_curriculum/progress/frame,157941760,0.42444443702697754
mg_D_seed2801,reward_curriculum/progress/frame,158105600,0.42500001192092896
mg_D_seed2801,reward_curriculum/progress/frame,158269440,0.425555557012558
mg_D_seed2801,reward_curriculum/progress/frame,158433280,0.426111102104187
mg_D_seed2801,reward_curriculum/progress/frame,158597120,0.4266666769981384
mg_D_seed2801,reward_curriculum/progress/frame,158760960,0.42722222208976746
mg_D_seed2801,reward_curriculum/progress/frame,158924800,0.4277777671813965
mg_D_seed2801,reward_curriculum/progress/frame,159088640,0.4283333420753479
mg_D_seed2801,reward_curriculum/progress/frame,159252480,0.42888888716697693
mg_D_seed2801,reward_curriculum/progress/frame,159416320,0.42944443225860596
mg_D_seed2801,reward_curriculum/progress/frame,159580160,0.4300000071525574
mg_D_seed2801,reward_curriculum/progress/frame,159744000,0.4305555522441864
mg_D_seed2801,reward_curriculum/progress/frame,159907840,0.43111109733581543
mg_D_seed2801,reward_curriculum/progress/frame,160071680,0.43166667222976685
mg_D_seed2801,reward_curriculum/progress/frame,160235520,0.4322222173213959
mg_D_seed2801,reward_curriculum/progress/frame,160399360,0.4327777922153473
mg_D_seed2801,reward_curriculum/progress/frame,160563200,0.4333333373069763
mg_D_seed2801,reward_curriculum/progress/frame,160727040,0.43388888239860535
mg_D_seed2801,reward_curriculum/progress/frame,160890880,0.43444445729255676
mg_D_seed2801,reward_curriculum/progress/frame,161054720,0.4350000023841858
mg_D_seed2801,reward_curriculum/progress/frame,161218560,0.4355555474758148
mg_D_seed2801,reward_curriculum/progress/frame,161382400,0.43611112236976624
mg_D_seed2801,reward_curriculum/progress/frame,161546240,0.43666666746139526
mg_D_seed2801,reward_curriculum/progress/frame,161710080,0.4372222125530243
mg_D_seed2801,reward_curriculum/progress/frame,161873920,0.4377777874469757
mg_D_seed2801,reward_curriculum/progress/frame,162037760,0.43833333253860474
mg_D_seed2801,reward_curriculum/progress/frame,162201600,0.43888887763023376
mg_D_seed2801,reward_curriculum/progress/frame,162365440,0.4394444525241852
mg_D_seed2801,reward_curriculum/progress/frame,162529280,0.4399999976158142
mg_D_seed2801,reward_curriculum/progress/frame,162693120,0.44055554270744324
mg_D_seed2801,reward_curriculum/progress/frame,162856960,0.44111111760139465
mg_D_seed2801,reward_curriculum/progress/frame,163020800,0.4416666626930237
mg_D_seed2801,reward_curriculum/progress/frame,163184640,0.4422222077846527
mg_D_seed2801,reward_curriculum/progress/frame,163348480,0.4427777826786041
mg_D_seed2801,reward_curriculum/progress/frame,163512320,0.44333332777023315
mg_D_seed2801,reward_curriculum/progress/frame,163676160,0.44388890266418457
mg_D_seed2801,reward_curriculum/progress/frame,163840000,0.4444444477558136
