Importing module 'gym_38' (/home/wangjiarui/artgym-runtime/opt/IsaacGym_Preview_TacSL_Package/isaacgym/python/isaacgym/_bindings/linux-x86_64/gym_38.so)
[Warning] [carb] unknown type for the object '/home/wangjiarui/artgym-runtime/opt/IsaacGym_Preview_TacSL_Package/isaacgym/python/isaacgym/_bindings/linux-x86_64//libGLEW.so' {d_type = 0x00000000}
[Warning] [carb] unknown type for the object '/home/wangjiarui/artgym-runtime/opt/IsaacGym_Preview_TacSL_Package/isaacgym/python/isaacgym/_bindings/linux-x86_64//libGLEW.so.2.0' {d_type = 0x00000000}
[Warning] [carb] unknown type for the object '/home/wangjiarui/artgym-runtime/opt/IsaacGym_Preview_TacSL_Package/isaacgym/python/isaacgym/_bindings/linux-x86_64//libboost_atomic.so' {d_type = 0x00000000}
[Warning] [carb] unknown type for the object '/home/wangjiarui/artgym-runtime/opt/IsaacGym_Preview_TacSL_Package/isaacgym/python/isaacgym/_bindings/linux-x86_64//libboost_date_time.so' {d_type = 0x00000000}
[Warning] [carb] unknown type for the object '/home/wangjiarui/artgym-runtime/opt/IsaacGym_Preview_TacSL_Package/isaacgym/python/isaacgym/_bindings/linux-x86_64//libosdCPU.so' {d_type = 0x00000000}
[Warning] [carb] unknown type for the object '/home/wangjiarui/artgym-runtime/opt/IsaacGym_Preview_TacSL_Package/isaacgym/python/isaacgym/_bindings/linux-x86_64//libboost_python27.so' {d_type = 0x00000000}
[Warning] [carb] unknown type for the object '/home/wangjiarui/artgym-runtime/opt/IsaacGym_Preview_TacSL_Package/isaacgym/python/isaacgym/_bindings/linux-x86_64//libboost_system.so' {d_type = 0x00000000}
[Warning] [carb] unknown type for the object '/home/wangjiarui/artgym-runtime/opt/IsaacGym_Preview_TacSL_Package/isaacgym/python/isaacgym/_bindings/linux-x86_64//libboost_thread.so' {d_type = 0x00000000}
[Warning] [carb] unknown type for the object '/home/wangjiarui/artgym-runtime/opt/IsaacGym_Preview_TacSL_Package/isaacgym/python/isaacgym/_bindings/linux-x86_64//libembree.so' {d_type = 0x00000000}
[Warning] [carb] unknown type for the object '/home/wangjiarui/artgym-runtime/opt/IsaacGym_Preview_TacSL_Package/isaacgym/python/isaacgym/_bindings/linux-x86_64//libembree.so.2' {d_type = 0x00000000}
[Warning] [carb] unknown type for the object '/home/wangjiarui/artgym-runtime/opt/IsaacGym_Preview_TacSL_Package/isaacgym/python/isaacgym/_bindings/linux-x86_64//libosdGPU.so' {d_type = 0x00000000}
[Warning] [carb] unknown type for the object '/home/wangjiarui/artgym-runtime/opt/IsaacGym_Preview_TacSL_Package/isaacgym/python/isaacgym/_bindings/linux-x86_64//libboost_program_options.so' {d_type = 0x00000000}
[Warning] [carb] unknown type for the object '/home/wangjiarui/artgym-runtime/opt/IsaacGym_Preview_TacSL_Package/isaacgym/python/isaacgym/_bindings/linux-x86_64//libboost_python36.so' {d_type = 0x00000000}
[Warning] [carb] unknown type for the object '/home/wangjiarui/artgym-runtime/opt/IsaacGym_Preview_TacSL_Package/isaacgym/python/isaacgym/_bindings/linux-x86_64//libboost_regex.so' {d_type = 0x00000000}
[Warning] [carb] unknown type for the object '/home/wangjiarui/artgym-runtime/opt/IsaacGym_Preview_TacSL_Package/isaacgym/python/isaacgym/_bindings/linux-x86_64//libpython3.6m.so' {d_type = 0x00000000}
[Warning] [carb] unknown type for the object '/home/wangjiarui/artgym-runtime/opt/IsaacGym_Preview_TacSL_Package/isaacgym/python/isaacgym/_bindings/linux-x86_64//libboost_filesystem.so' {d_type = 0x00000000}
[Warning] [carb] unknown type for the object '/home/wangjiarui/artgym-runtime/opt/IsaacGym_Preview_TacSL_Package/isaacgym/python/isaacgym/_bindings/linux-x86_64//libjemalloc.so' {d_type = 0x00000000}
[Warning] [carb] unknown type for the object '/home/wangjiarui/artgym-runtime/opt/IsaacGym_Preview_TacSL_Package/isaacgym/python/isaacgym/_bindings/linux-x86_64//libGLEW.so' {d_type = 0x00000000}
[Warning] [carb] unknown type for the object '/home/wangjiarui/artgym-runtime/opt/IsaacGym_Preview_TacSL_Package/isaacgym/python/isaacgym/_bindings/linux-x86_64//libGLEW.so.2.0' {d_type = 0x00000000}
[Warning] [carb] unknown type for the object '/home/wangjiarui/artgym-runtime/opt/IsaacGym_Preview_TacSL_Package/isaacgym/python/isaacgym/_bindings/linux-x86_64//libboost_atomic.so' {d_type = 0x00000000}
[Warning] [carb] unknown type for the object '/home/wangjiarui/artgym-runtime/opt/IsaacGym_Preview_TacSL_Package/isaacgym/python/isaacgym/_bindings/linux-x86_64//libboost_date_time.so' {d_type = 0x00000000}
[Warning] [carb] unknown type for the object '/home/wangjiarui/artgym-runtime/opt/IsaacGym_Preview_TacSL_Package/isaacgym/python/isaacgym/_bindings/linux-x86_64//libosdCPU.so' {d_type = 0x00000000}
[Warning] [carb] unknown type for the object '/home/wangjiarui/artgym-runtime/opt/IsaacGym_Preview_TacSL_Package/isaacgym/python/isaacgym/_bindings/linux-x86_64//libboost_python27.so' {d_type = 0x00000000}
[Warning] [carb] unknown type for the object '/home/wangjiarui/artgym-runtime/opt/IsaacGym_Preview_TacSL_Package/isaacgym/python/isaacgym/_bindings/linux-x86_64//libboost_system.so' {d_type = 0x00000000}
[Warning] [carb] unknown type for the object '/home/wangjiarui/artgym-runtime/opt/IsaacGym_Preview_TacSL_Package/isaacgym/python/isaacgym/_bindings/linux-x86_64//libboost_thread.so' {d_type = 0x00000000}
[Warning] [carb] unknown type for the object '/home/wangjiarui/artgym-runtime/opt/IsaacGym_Preview_TacSL_Package/isaacgym/python/isaacgym/_bindings/linux-x86_64//libembree.so' {d_type = 0x00000000}
[Warning] [carb] unknown type for the object '/home/wangjiarui/artgym-runtime/opt/IsaacGym_Preview_TacSL_Package/isaacgym/python/isaacgym/_bindings/linux-x86_64//libembree.so.2' {d_type = 0x00000000}
[Warning] [carb] unknown type for the object '/home/wangjiarui/artgym-runtime/opt/IsaacGym_Preview_TacSL_Package/isaacgym/python/isaacgym/_bindings/linux-x86_64//libosdGPU.so' {d_type = 0x00000000}
[Warning] [carb] unknown type for the object '/home/wangjiarui/artgym-runtime/opt/IsaacGym_Preview_TacSL_Package/isaacgym/python/isaacgym/_bindings/linux-x86_64//libboost_program_options.so' {d_type = 0x00000000}
[Warning] [carb] unknown type for the object '/home/wangjiarui/artgym-runtime/opt/IsaacGym_Preview_TacSL_Package/isaacgym/python/isaacgym/_bindings/linux-x86_64//libboost_python36.so' {d_type = 0x00000000}
[Warning] [carb] unknown type for the object '/home/wangjiarui/artgym-runtime/opt/IsaacGym_Preview_TacSL_Package/isaacgym/python/isaacgym/_bindings/linux-x86_64//libboost_regex.so' {d_type = 0x00000000}
[Warning] [carb] unknown type for the object '/home/wangjiarui/artgym-runtime/opt/IsaacGym_Preview_TacSL_Package/isaacgym/python/isaacgym/_bindings/linux-x86_64//libpython3.6m.so' {d_type = 0x00000000}
[Warning] [carb] unknown type for the object '/home/wangjiarui/artgym-runtime/opt/IsaacGym_Preview_TacSL_Package/isaacgym/python/isaacgym/_bindings/linux-x86_64//libboost_filesystem.so' {d_type = 0x00000000}
[Warning] [carb] unknown type for the object '/home/wangjiarui/artgym-runtime/opt/IsaacGym_Preview_TacSL_Package/isaacgym/python/isaacgym/_bindings/linux-x86_64//libjemalloc.so' {d_type = 0x00000000}
[Warning] [carb] unknown type for the object '/home/wangjiarui/artgym-runtime/opt/IsaacGym_Preview_TacSL_Package/isaacgym/python/isaacgym/_bindings/linux-x86_64//libGLEW.so' {d_type = 0x00000000}
[Warning] [carb] unknown type for the object '/home/wangjiarui/artgym-runtime/opt/IsaacGym_Preview_TacSL_Package/isaacgym/python/isaacgym/_bindings/linux-x86_64//libGLEW.so.2.0' {d_type = 0x00000000}
[Warning] [carb] unknown type for the object '/home/wangjiarui/artgym-runtime/opt/IsaacGym_Preview_TacSL_Package/isaacgym/python/isaacgym/_bindings/linux-x86_64//libboost_atomic.so' {d_type = 0x00000000}
[Warning] [carb] unknown type for the object '/home/wangjiarui/artgym-runtime/opt/IsaacGym_Preview_TacSL_Package/isaacgym/python/isaacgym/_bindings/linux-x86_64//libboost_date_time.so' {d_type = 0x00000000}
[Warning] [carb] unknown type for the object '/home/wangjiarui/artgym-runtime/opt/IsaacGym_Preview_TacSL_Package/isaacgym/python/isaacgym/_bindings/linux-x86_64//libosdCPU.so' {d_type = 0x00000000}
[Warning] [carb] unknown type for the object '/home/wangjiarui/artgym-runtime/opt/IsaacGym_Preview_TacSL_Package/isaacgym/python/isaacgym/_bindings/linux-x86_64//libboost_python27.so' {d_type = 0x00000000}
[Warning] [carb] unknown type for the object '/home/wangjiarui/artgym-runtime/opt/IsaacGym_Preview_TacSL_Package/isaacgym/python/isaacgym/_bindings/linux-x86_64//libboost_system.so' {d_type = 0x00000000}
[Warning] [carb] unknown type for the object '/home/wangjiarui/artgym-runtime/opt/IsaacGym_Preview_TacSL_Package/isaacgym/python/isaacgym/_bindings/linux-x86_64//libboost_thread.so' {d_type = 0x00000000}
[Warning] [carb] unknown type for the object '/home/wangjiarui/artgym-runtime/opt/IsaacGym_Preview_TacSL_Package/isaacgym/python/isaacgym/_bindings/linux-x86_64//libembree.so' {d_type = 0x00000000}
[Warning] [carb] unknown type for the object '/home/wangjiarui/artgym-runtime/opt/IsaacGym_Preview_TacSL_Package/isaacgym/python/isaacgym/_bindings/linux-x86_64//libembree.so.2' {d_type = 0x00000000}
[Warning] [carb] unknown type for the object '/home/wangjiarui/artgym-runtime/opt/IsaacGym_Preview_TacSL_Package/isaacgym/python/isaacgym/_bindings/linux-x86_64//libosdGPU.so' {d_type = 0x00000000}
[Warning] [carb] unknown type for the object '/home/wangjiarui/artgym-runtime/opt/IsaacGym_Preview_TacSL_Package/isaacgym/python/isaacgym/_bindings/linux-x86_64//libboost_program_options.so' {d_type = 0x00000000}
[Warning] [carb] unknown type for the object '/home/wangjiarui/artgym-runtime/opt/IsaacGym_Preview_TacSL_Package/isaacgym/python/isaacgym/_bindings/linux-x86_64//libboost_python36.so' {d_type = 0x00000000}
[Warning] [carb] unknown type for the object '/home/wangjiarui/artgym-runtime/opt/IsaacGym_Preview_TacSL_Package/isaacgym/python/isaacgym/_bindings/linux-x86_64//libboost_regex.so' {d_type = 0x00000000}
[Warning] [carb] unknown type for the object '/home/wangjiarui/artgym-runtime/opt/IsaacGym_Preview_TacSL_Package/isaacgym/python/isaacgym/_bindings/linux-x86_64//libpython3.6m.so' {d_type = 0x00000000}
[Warning] [carb] unknown type for the object '/home/wangjiarui/artgym-runtime/opt/IsaacGym_Preview_TacSL_Package/isaacgym/python/isaacgym/_bindings/linux-x86_64//libboost_filesystem.so' {d_type = 0x00000000}
[Warning] [carb] unknown type for the object '/home/wangjiarui/artgym-runtime/opt/IsaacGym_Preview_TacSL_Package/isaacgym/python/isaacgym/_bindings/linux-x86_64//libjemalloc.so' {d_type = 0x00000000}
[Warning] [carb] unknown type for the object '/home/wangjiarui/artgym-runtime/opt/IsaacGym_Preview_TacSL_Package/isaacgym/python/isaacgym/_bindings/linux-x86_64//libGLEW.so' {d_type = 0x00000000}
[Warning] [carb] unknown type for the object '/home/wangjiarui/artgym-runtime/opt/IsaacGym_Preview_TacSL_Package/isaacgym/python/isaacgym/_bindings/linux-x86_64//libGLEW.so.2.0' {d_type = 0x00000000}
[Warning] [carb] unknown type for the object '/home/wangjiarui/artgym-runtime/opt/IsaacGym_Preview_TacSL_Package/isaacgym/python/isaacgym/_bindings/linux-x86_64//libboost_atomic.so' {d_type = 0x00000000}
[Warning] [carb] unknown type for the object '/home/wangjiarui/artgym-runtime/opt/IsaacGym_Preview_TacSL_Package/isaacgym/python/isaacgym/_bindings/linux-x86_64//libboost_date_time.so' {d_type = 0x00000000}
[Warning] [carb] unknown type for the object '/home/wangjiarui/artgym-runtime/opt/IsaacGym_Preview_TacSL_Package/isaacgym/python/isaacgym/_bindings/linux-x86_64//libosdCPU.so' {d_type = 0x00000000}
[Warning] [carb] unknown type for the object '/home/wangjiarui/artgym-runtime/opt/IsaacGym_Preview_TacSL_Package/isaacgym/python/isaacgym/_bindings/linux-x86_64//libboost_python27.so' {d_type = 0x00000000}
[Warning] [carb] unknown type for the object '/home/wangjiarui/artgym-runtime/opt/IsaacGym_Preview_TacSL_Package/isaacgym/python/isaacgym/_bindings/linux-x86_64//libboost_system.so' {d_type = 0x00000000}
[Warning] [carb] unknown type for the object '/home/wangjiarui/artgym-runtime/opt/IsaacGym_Preview_TacSL_Package/isaacgym/python/isaacgym/_bindings/linux-x86_64//libboost_thread.so' {d_type = 0x00000000}
[Warning] [carb] unknown type for the object '/home/wangjiarui/artgym-runtime/opt/IsaacGym_Preview_TacSL_Package/isaacgym/python/isaacgym/_bindings/linux-x86_64//libembree.so' {d_type = 0x00000000}
[Warning] [carb] unknown type for the object '/home/wangjiarui/artgym-runtime/opt/IsaacGym_Preview_TacSL_Package/isaacgym/python/isaacgym/_bindings/linux-x86_64//libembree.so.2' {d_type = 0x00000000}
[Warning] [carb] unknown type for the object '/home/wangjiarui/artgym-runtime/opt/IsaacGym_Preview_TacSL_Package/isaacgym/python/isaacgym/_bindings/linux-x86_64//libosdGPU.so' {d_type = 0x00000000}
[Warning] [carb] unknown type for the object '/home/wangjiarui/artgym-runtime/opt/IsaacGym_Preview_TacSL_Package/isaacgym/python/isaacgym/_bindings/linux-x86_64//libboost_program_options.so' {d_type = 0x00000000}
[Warning] [carb] unknown type for the object '/home/wangjiarui/artgym-runtime/opt/IsaacGym_Preview_TacSL_Package/isaacgym/python/isaacgym/_bindings/linux-x86_64//libboost_python36.so' {d_type = 0x00000000}
[Warning] [carb] unknown type for the object '/home/wangjiarui/artgym-runtime/opt/IsaacGym_Preview_TacSL_Package/isaacgym/python/isaacgym/_bindings/linux-x86_64//libboost_regex.so' {d_type = 0x00000000}
[Warning] [carb] unknown type for the object '/home/wangjiarui/artgym-runtime/opt/IsaacGym_Preview_TacSL_Package/isaacgym/python/isaacgym/_bindings/linux-x86_64//libpython3.6m.so' {d_type = 0x00000000}
[Warning] [carb] unknown type for the object '/home/wangjiarui/artgym-runtime/opt/IsaacGym_Preview_TacSL_Package/isaacgym/python/isaacgym/_bindings/linux-x86_64//libboost_filesystem.so' {d_type = 0x00000000}
[Warning] [carb] unknown type for the object '/home/wangjiarui/artgym-runtime/opt/IsaacGym_Preview_TacSL_Package/isaacgym/python/isaacgym/_bindings/linux-x86_64//libjemalloc.so' {d_type = 0x00000000}
[Warning] [carb] unknown type for the object '/home/wangjiarui/artgym-runtime/opt/IsaacGym_Preview_TacSL_Package/isaacgym/python/isaacgym/_bindings/linux-x86_64//libGLEW.so' {d_type = 0x00000000}
[Warning] [carb] unknown type for the object '/home/wangjiarui/artgym-runtime/opt/IsaacGym_Preview_TacSL_Package/isaacgym/python/isaacgym/_bindings/linux-x86_64//libGLEW.so.2.0' {d_type = 0x00000000}
[Warning] [carb] unknown type for the object '/home/wangjiarui/artgym-runtime/opt/IsaacGym_Preview_TacSL_Package/isaacgym/python/isaacgym/_bindings/linux-x86_64//libboost_atomic.so' {d_type = 0x00000000}
[Warning] [carb] unknown type for the object '/home/wangjiarui/artgym-runtime/opt/IsaacGym_Preview_TacSL_Package/isaacgym/python/isaacgym/_bindings/linux-x86_64//libboost_date_time.so' {d_type = 0x00000000}
[Warning] [carb] unknown type for the object '/home/wangjiarui/artgym-runtime/opt/IsaacGym_Preview_TacSL_Package/isaacgym/python/isaacgym/_bindings/linux-x86_64//libosdCPU.so' {d_type = 0x00000000}
[Warning] [carb] unknown type for the object '/home/wangjiarui/artgym-runtime/opt/IsaacGym_Preview_TacSL_Package/isaacgym/python/isaacgym/_bindings/linux-x86_64//libboost_python27.so' {d_type = 0x00000000}
[Warning] [carb] unknown type for the object '/home/wangjiarui/artgym-runtime/opt/IsaacGym_Preview_TacSL_Package/isaacgym/python/isaacgym/_bindings/linux-x86_64//libboost_system.so' {d_type = 0x00000000}
[Warning] [carb] unknown type for the object '/home/wangjiarui/artgym-runtime/opt/IsaacGym_Preview_TacSL_Package/isaacgym/python/isaacgym/_bindings/linux-x86_64//libboost_thread.so' {d_type = 0x00000000}
[Warning] [carb] unknown type for the object '/home/wangjiarui/artgym-runtime/opt/IsaacGym_Preview_TacSL_Package/isaacgym/python/isaacgym/_bindings/linux-x86_64//libembree.so' {d_type = 0x00000000}
[Warning] [carb] unknown type for the object '/home/wangjiarui/artgym-runtime/opt/IsaacGym_Preview_TacSL_Package/isaacgym/python/isaacgym/_bindings/linux-x86_64//libembree.so.2' {d_type = 0x00000000}
[Warning] [carb] unknown type for the object '/home/wangjiarui/artgym-runtime/opt/IsaacGym_Preview_TacSL_Package/isaacgym/python/isaacgym/_bindings/linux-x86_64//libosdGPU.so' {d_type = 0x00000000}
[Warning] [carb] unknown type for the object '/home/wangjiarui/artgym-runtime/opt/IsaacGym_Preview_TacSL_Package/isaacgym/python/isaacgym/_bindings/linux-x86_64//libboost_program_options.so' {d_type = 0x00000000}
[Warning] [carb] unknown type for the object '/home/wangjiarui/artgym-runtime/opt/IsaacGym_Preview_TacSL_Package/isaacgym/python/isaacgym/_bindings/linux-x86_64//libboost_python36.so' {d_type = 0x00000000}
[Warning] [carb] unknown type for the object '/home/wangjiarui/artgym-runtime/opt/IsaacGym_Preview_TacSL_Package/isaacgym/python/isaacgym/_bindings/linux-x86_64//libboost_regex.so' {d_type = 0x00000000}
[Warning] [carb] unknown type for the object '/home/wangjiarui/artgym-runtime/opt/IsaacGym_Preview_TacSL_Package/isaacgym/python/isaacgym/_bindings/linux-x86_64//libpython3.6m.so' {d_type = 0x00000000}
[Warning] [carb] unknown type for the object '/home/wangjiarui/artgym-runtime/opt/IsaacGym_Preview_TacSL_Package/isaacgym/python/isaacgym/_bindings/linux-x86_64//libboost_filesystem.so' {d_type = 0x00000000}
[Warning] [carb] unknown type for the object '/home/wangjiarui/artgym-runtime/opt/IsaacGym_Preview_TacSL_Package/isaacgym/python/isaacgym/_bindings/linux-x86_64//libjemalloc.so' {d_type = 0x00000000}
Setting GYM_USD_PLUG_INFO_PATH to /home/wangjiarui/artgym-runtime/opt/IsaacGym_Preview_TacSL_Package/isaacgym/python/isaacgym/_bindings/linux-x86_64/usd/plugInfo.json
PyTorch version 2.1.0+cu118
Device count 1
/home/wangjiarui/artgym-runtime/opt/IsaacGym_Preview_TacSL_Package/isaacgym/python/isaacgym/_bindings/src/gymtorch
Using /home/wangjiarui/.cache/torch_extensions/py38_cu118 as PyTorch extensions root...
Emitting ninja build file /home/wangjiarui/.cache/torch_extensions/py38_cu118/gymtorch/build.ninja...
Building extension module gymtorch...
Allowing ninja to set a default number of workers... (overridable by setting the environment variable MAX_JOBS=N)
ninja: no work to do.
Loading extension module gymtorch...
Gym has been unmaintained since 2022 and does not support NumPy 2.0 amongst other critical functionality.
Please upgrade to Gymnasium, the maintained drop-in replacement of Gym, or contact the authors of your software and request that they upgrade.
Users of this version of Gym should be able to simply replace 'import gym' with 'import gymnasium as gym' in the vast majority of cases.
See the migration guide at https://gymnasium.farama.org/introduction/migration_guide/ for additional information.
/home/wangjiarui/artgym-newknife-20261005/scripts/wuji_goal_common.py:14: Hydra14MigrationWarning: 
version_base="1.1" selects Hydra 1.1 compatibility behavior.
Hydra 1.4 will remove this compatibility behavior.
Before upgrading to Hydra 1.4, set version_base="1.3" and test your application.
See https://hydra.cc/docs/upgrades/1.3_to_1.4/prepare_for_1_4/ for preparation instructions.
  with initialize_config_dir(version_base='1.1',config_dir=str(ROOT/'isaacgymenvs/cfg')):
build mlp: 21
build mlp: 21
build mlp: 512
build mlp: 512
RunningMeanStd:  (1,)
RunningMeanStd:  (137,)
=> loading checkpoint '/home/wangjiarui/artgym-newknife-20261005/runs/artmanip-recovery-20260930/aggregation1-pair6400/aggregate/E/epoch_006100.pth'
Using teacher exploration block 0 with id 50.0000
build mlp: 40
build mlp: 76
build mlp: 192
/home/wangjiarui/artgym-newknife-20261005/scripts/g2_continuous_scene.py:347: UserWarning: Creating a tensor from a list of numpy.ndarrays is extremely slow. Please consider converting the list to a single numpy.ndarray with numpy.array() before converting to a tensor. (Triggered internally at ../torch/csrc/utils/tensor_new.cpp:261.)
  def tensor(self,value):return torch.tensor(value,device=self.device,dtype=torch.float32)
{"physx_max_gpu_contact_pairs": 1048576, "physx_buffer_multiplier": 2.0}
Not connected to PVD
+++ Using GPU PhysX
Physics Engine: PhysX
Physics Device: cuda:0
GPU Pipeline: enabled
{"scene_layout": [{"env": 0, "origin": [0.0, 0.0, 0.0], "robot_actor": 0, "knife_actor": 2, "robot_dof_start": 0, "knife_dof": 27, "robot_rb_start": 0, "knife_rb_start": 89}, {"env": 1, "origin": [0.0, 0.0, 0.0], "robot_actor": 3, "knife_actor": 5, "robot_dof_start": 28, "knife_dof": 55, "robot_rb_start": 91, "knife_rb_start": 180}, {"env": 2, "origin": [0.0, 0.0, 0.0], "robot_actor": 6, "knife_actor": 8, "robot_dof_start": 56, "knife_dof": 83, "robot_rb_start": 182, "knife_rb_start": 271}, {"env": 3, "origin": [0.0, 0.0, 0.0], "robot_actor": 9, "knife_actor": 11, "robot_dof_start": 84, "knife_dof": 111, "robot_rb_start": 273, "knife_rb_start": 362}, {"env": 4, "origin": [0.0, 0.0, 0.0], "robot_actor": 12, "knife_actor": 14, "robot_dof_start": 112, "knife_dof": 139, "robot_rb_start": 364, "knife_rb_start": 453}, {"env": 5, "origin": [0.0, 0.0, 0.0], "robot_actor": 15, "knife_actor": 17, "robot_dof_start": 140, "knife_dof": 167, "robot_rb_start": 455, "knife_rb_start": 544}, {"env": 6, "origin": [0.0, 0.0, 0.0], "robot_actor": 18, "knife_actor": 20, "robot_dof_start": 168, "knife_dof": 195, "robot_rb_start": 546, "knife_rb_start": 635}, {"env": 7, "origin": [0.0, 0.0, 0.0], "robot_actor": 21, "knife_actor": 23, "robot_dof_start": 196, "knife_dof": 223, "robot_rb_start": 637, "knife_rb_start": 726}], "robot_body_count": 88}
/builds/omniverse/physics/physx/source/gpubroadphase/src/PxgAABBManager.cpp (1299) : invalid parameter : The application needs to increase PxGpuDynamicsMemoryConfig::foundLostAggregatePairsCapacity to 2820288, otherwise, the simulation will miss interactions

{"initial_actor_roots": [[[2.3283064365386963e-10, 4.656612873077393e-10, 7.450580596923828e-09, -1.0374722999098585e-12, -1.7024502640961003e-10, -5.216884866807159e-13, 1.0], [0.6000000238418579, -0.23000000417232513, 0.7250000238418579, 0.0, 0.0, 0.0, 1.0], [0.3100001811981201, -0.6295000314712524, 0.7540005445480347, 0.6532943844795227, 0.27059710025787354, 0.27060431241989136, 0.653266191482544]], [[2.3283064365386963e-10, 4.656612873077393e-10, 7.450580596923828e-09, -1.0374722999098585e-12, -1.7024502640961003e-10, -5.216884866807159e-13, 1.0], [0.6000000238418579, -0.23000000417232513, 0.7250000238418579, 0.0, 0.0, 0.0, 1.0], [0.3100000023841858, -0.6294999718666077, 0.7539297938346863, 0.6532814502716064, 0.27059802412986755, 0.27059808373451233, 0.6532814502716064]]], "origins": [[0.0, 0.0, 0.0], [0.0, 0.0, 0.0]]}
{"support_command_period": 1, "support_decision_fraction": 0.0, "support_logit_std_mean": 0.03019738383591175, "utc": "2026-10-05T18:31:25.946865+00:00", "update": 1, "transitions": 8192, "episodes": 0, "reward": 0.0, "loss": 72.39476895332336, "kl": 2.735760062932968e-09, "active_sample_kl": 0.0, "epoch_stop_kl_scope": "active residual-control samples", "policy_active_fraction": 0.0, "actual_hold_history_frames": 50, "wall_seconds": 7.940600465983152, "peak_extension_mean_m": null, "contact_mean": null, "fall_fraction": null, "scope": "Training fitting/behavior only", "analytic_active_rollout_kl": 0.0, "actor_step_fraction_mean": 0.0, "rejected_actor_updates": 16, "actor_bound_scope": "All active samples in current rollout; not a bound on future episodes", "recent_episode_count": 0, "recent_complete_fraction": null, "recent_pickup_valid_fraction": null, "all_complete_count": 0, "all_pickup_valid_count": 0, "failure_counts": {"pickup/hold": 0, "body unstable/drop": 0, "extension": 0, "retraction": 0, "thumb-contact": 0}, "behavior_scope": "Training samples, last128 episodes may mix early failures and complete36s trajectories; never independent validation"}
{"support_command_period": 1, "support_decision_fraction": 0.0, "support_logit_std_mean": 0.03019738383591175, "utc": "2026-10-05T18:31:32.916716+00:00", "update": 2, "transitions": 16384, "episodes": 0, "reward": 0.0, "loss": 0.12285317433997989, "kl": 3.259629011154175e-09, "active_sample_kl": 0.0, "epoch_stop_kl_scope": "active residual-control samples", "policy_active_fraction": 0.0, "actual_hold_history_frames": 50, "wall_seconds": 14.910438947030343, "peak_extension_mean_m": null, "contact_mean": null, "fall_fraction": null, "scope": "Training fitting/behavior only", "analytic_active_rollout_kl": 0.0, "actor_step_fraction_mean": 0.0, "rejected_actor_updates": 16, "actor_bound_scope": "All active samples in current rollout; not a bound on future episodes", "recent_episode_count": 0, "recent_complete_fraction": null, "recent_pickup_valid_fraction": null, "all_complete_count": 0, "all_pickup_valid_count": 0, "failure_counts": {"pickup/hold": 0, "body unstable/drop": 0, "extension": 0, "retraction": 0, "thumb-contact": 0}, "behavior_scope": "Training samples, last128 episodes may mix early failures and complete36s trajectories; never independent validation"}
{"support_command_period": 1, "support_decision_fraction": 0.0, "support_logit_std_mean": 0.03019738383591175, "utc": "2026-10-05T18:31:40.219868+00:00", "update": 3, "transitions": 24576, "episodes": 0, "reward": 0.0, "loss": 1.3564507439732552, "kl": 2.9467628337442875e-09, "active_sample_kl": 0.0, "epoch_stop_kl_scope": "active residual-control samples", "policy_active_fraction": 0.0, "actual_hold_history_frames": 50, "wall_seconds": 22.213584006996825, "peak_extension_mean_m": null, "contact_mean": null, "fall_fraction": null, "scope": "Training fitting/behavior only", "analytic_active_rollout_kl": 0.0, "actor_step_fraction_mean": 0.0, "rejected_actor_updates": 16, "actor_bound_scope": "All active samples in current rollout; not a bound on future episodes", "recent_episode_count": 0, "recent_complete_fraction": null, "recent_pickup_valid_fraction": null, "all_complete_count": 0, "all_pickup_valid_count": 0, "failure_counts": {"pickup/hold": 0, "body unstable/drop": 0, "extension": 0, "retraction": 0, "thumb-contact": 0}, "behavior_scope": "Training samples, last128 episodes may mix early failures and complete36s trajectories; never independent validation"}
{"support_command_period": 1, "support_decision_fraction": 0.0, "support_logit_std_mean": 0.03019738383591175, "utc": "2026-10-05T18:31:48.663045+00:00", "update": 4, "transitions": 32768, "episodes": 0, "reward": 0.0, "loss": 4.538483500480652, "kl": 3.2741809263825417e-09, "active_sample_kl": 0.0, "epoch_stop_kl_scope": "active residual-control samples", "policy_active_fraction": 0.0, "actual_hold_history_frames": 50, "wall_seconds": 30.656766101019457, "peak_extension_mean_m": null, "contact_mean": null, "fall_fraction": null, "scope": "Training fitting/behavior only", "analytic_active_rollout_kl": 0.0, "actor_step_fraction_mean": 0.0, "rejected_actor_updates": 16, "actor_bound_scope": "All active samples in current rollout; not a bound on future episodes", "recent_episode_count": 0, "recent_complete_fraction": null, "recent_pickup_valid_fraction": null, "all_complete_count": 0, "all_pickup_valid_count": 0, "failure_counts": {"pickup/hold": 0, "body unstable/drop": 0, "extension": 0, "retraction": 0, "thumb-contact": 0}, "behavior_scope": "Training samples, last128 episodes may mix early failures and complete36s trajectories; never independent validation"}
{"support_command_period": 1, "support_decision_fraction": 0.0, "support_logit_std_mean": 0.03019738383591175, "utc": "2026-10-05T18:31:57.412418+00:00", "update": 5, "transitions": 40960, "episodes": 0, "reward": 0.0, "loss": 2.402040347456932, "kl": 3.470631781965494e-09, "active_sample_kl": 0.0, "epoch_stop_kl_scope": "active residual-control samples", "policy_active_fraction": 0.0, "actual_hold_history_frames": 50, "wall_seconds": 39.40613824897446, "peak_extension_mean_m": null, "contact_mean": null, "fall_fraction": null, "scope": "Training fitting/behavior only", "analytic_active_rollout_kl": 0.0, "actor_step_fraction_mean": 0.0, "rejected_actor_updates": 16, "actor_bound_scope": "All active samples in current rollout; not a bound on future episodes", "recent_episode_count": 0, "recent_complete_fraction": null, "recent_pickup_valid_fraction": null, "all_complete_count": 0, "all_pickup_valid_count": 0, "failure_counts": {"pickup/hold": 0, "body unstable/drop": 0, "extension": 0, "retraction": 0, "thumb-contact": 0}, "behavior_scope": "Training samples, last128 episodes may mix early failures and complete36s trajectories; never independent validation"}
{"support_command_period": 1, "support_decision_fraction": 0.0, "support_logit_std_mean": 0.03019738383591175, "utc": "2026-10-05T18:32:06.075072+00:00", "update": 6, "transitions": 49152, "episodes": 0, "reward": 0.0, "loss": 2.1166085302829742, "kl": 3.106833901256323e-09, "active_sample_kl": 0.0, "epoch_stop_kl_scope": "active residual-control samples", "policy_active_fraction": 0.0, "actual_hold_history_frames": 50, "wall_seconds": 48.06879259401467, "peak_extension_mean_m": null, "contact_mean": null, "fall_fraction": null, "scope": "Training fitting/behavior only", "analytic_active_rollout_kl": 0.0, "actor_step_fraction_mean": 0.0, "rejected_actor_updates": 16, "actor_bound_scope": "All active samples in current rollout; not a bound on future episodes", "recent_episode_count": 0, "recent_complete_fraction": null, "recent_pickup_valid_fraction": null, "all_complete_count": 0, "all_pickup_valid_count": 0, "failure_counts": {"pickup/hold": 0, "body unstable/drop": 0, "extension": 0, "retraction": 0, "thumb-contact": 0}, "behavior_scope": "Training samples, last128 episodes may mix early failures and complete36s trajectories; never independent validation"}
{"support_command_period": 1, "support_decision_fraction": 0.0, "support_logit_std_mean": 0.03019738383591175, "utc": "2026-10-05T18:32:15.089279+00:00", "update": 7, "transitions": 57344, "episodes": 0, "reward": 0.0, "loss": 22.48230916261673, "kl": 2.801243681460619e-09, "active_sample_kl": 0.0, "epoch_stop_kl_scope": "active residual-control samples", "policy_active_fraction": 0.0, "actual_hold_history_frames": 50, "wall_seconds": 57.08299767994322, "peak_extension_mean_m": null, "contact_mean": null, "fall_fraction": null, "scope": "Training fitting/behavior only", "analytic_active_rollout_kl": 0.0, "actor_step_fraction_mean": 0.0, "rejected_actor_updates": 16, "actor_bound_scope": "All active samples in current rollout; not a bound on future episodes", "recent_episode_count": 0, "recent_complete_fraction": null, "recent_pickup_valid_fraction": null, "all_complete_count": 0, "all_pickup_valid_count": 0, "failure_counts": {"pickup/hold": 0, "body unstable/drop": 0, "extension": 0, "retraction": 0, "thumb-contact": 0}, "behavior_scope": "Training samples, last128 episodes may mix early failures and complete36s trajectories; never independent validation"}
{"support_command_period": 1, "support_decision_fraction": 0.9999999403953552, "support_logit_std_mean": 0.030198005959391594, "utc": "2026-10-05T18:32:24.971046+00:00", "update": 8, "transitions": 65536, "episodes": 10, "reward": -0.10281039029359818, "loss": 441.2920255661011, "kl": 0.0036779469810426235, "active_sample_kl": 0.007281268703248411, "epoch_stop_kl_scope": "active residual-control samples", "policy_active_fraction": 0.47607421875, "actual_hold_history_frames": 50, "wall_seconds": 66.96475668100175, "peak_extension_mean_m": 0.000733746841433458, "contact_mean": 0.27191500663757323, "fall_fraction": 1.0, "scope": "Training fitting/behavior only", "analytic_active_rollout_kl": 0.005198255181312561, "actor_step_fraction_mean": 1.0, "rejected_actor_updates": 0, "actor_bound_scope": "All active samples in current rollout; not a bound on future episodes", "recent_episode_count": 10, "recent_complete_fraction": 0.0, "recent_pickup_valid_fraction": 0.4, "all_complete_count": 0, "all_pickup_valid_count": 4, "failure_counts": {"pickup/hold": 6, "body unstable/drop": 4, "extension": 0, "retraction": 0, "thumb-contact": 0}, "behavior_scope": "Training samples, last128 episodes may mix early failures and complete36s trajectories; never independent validation"}
{"support_command_period": 1, "support_decision_fraction": 1.0, "support_logit_std_mean": 0.030197929590940475, "utc": "2026-10-05T18:32:34.664548+00:00", "update": 9, "transitions": 73728, "episodes": 27, "reward": -0.34510180354118347, "loss": 1058.5452995300293, "kl": 0.004098518842511112, "active_sample_kl": 0.0046943093979728845, "epoch_stop_kl_scope": "active residual-control samples", "policy_active_fraction": 0.8701171875, "actual_hold_history_frames": 50, "wall_seconds": 76.6582711780211, "peak_extension_mean_m": 0.0018722086707485788, "contact_mean": 0.5822001022321207, "fall_fraction": 1.0, "scope": "Training fitting/behavior only", "analytic_active_rollout_kl": 0.006518410984426737, "actor_step_fraction_mean": 1.0, "rejected_actor_updates": 0, "actor_bound_scope": "All active samples in current rollout; not a bound on future episodes", "recent_episode_count": 27, "recent_complete_fraction": 0.0, "recent_pickup_valid_fraction": 0.7777777777777778, "all_complete_count": 0, "all_pickup_valid_count": 21, "failure_counts": {"pickup/hold": 6, "body unstable/drop": 21, "extension": 0, "retraction": 0, "thumb-contact": 0}, "behavior_scope": "Training samples, last128 episodes may mix early failures and complete36s trajectories; never independent validation"}
{"support_command_period": 1, "support_decision_fraction": 1.0, "support_logit_std_mean": 0.030197743326425552, "utc": "2026-10-05T18:32:44.308423+00:00", "update": 10, "transitions": 81920, "episodes": 35, "reward": -0.6995079517364502, "loss": 282.8128023147583, "kl": 0.003939118832931854, "active_sample_kl": 0.005212512846057005, "epoch_stop_kl_scope": "active residual-control samples", "policy_active_fraction": 0.75048828125, "actual_hold_history_frames": 50, "wall_seconds": 86.30214480194263, "peak_extension_mean_m": 0.0017112058330634942, "contact_mean": 0.6245574925627028, "fall_fraction": 1.0, "scope": "Training fitting/behavior only", "analytic_active_rollout_kl": 0.005334245041012764, "actor_step_fraction_mean": 1.0, "rejected_actor_updates": 0, "actor_bound_scope": "All active samples in current rollout; not a bound on future episodes", "recent_episode_count": 35, "recent_complete_fraction": 0.0, "recent_pickup_valid_fraction": 0.8285714285714286, "all_complete_count": 0, "all_pickup_valid_count": 29, "failure_counts": {"pickup/hold": 6, "body unstable/drop": 29, "extension": 0, "retraction": 0, "thumb-contact": 0}, "behavior_scope": "Training samples, last128 episodes may mix early failures and complete36s trajectories; never independent validation"}
{"support_command_period": 1, "support_decision_fraction": 0.9999999403953552, "support_logit_std_mean": 0.03019808791577816, "utc": "2026-10-05T18:32:53.935960+00:00", "update": 11, "transitions": 90112, "episodes": 49, "reward": 0.2203688621520996, "loss": 674.8506736755371, "kl": 0.005348194474208867, "active_sample_kl": 0.007911688324130361, "epoch_stop_kl_scope": "active residual-control samples", "policy_active_fraction": 0.6748046875, "actual_hold_history_frames": 50, "wall_seconds": 95.92967509501614, "peak_extension_mean_m": 0.0027783206319234484, "contact_mean": 0.6593013728151516, "fall_fraction": 1.0, "scope": "Training fitting/behavior only", "analytic_active_rollout_kl": 0.005531327798962593, "actor_step_fraction_mean": 1.0, "rejected_actor_updates": 0, "actor_bound_scope": "All active samples in current rollout; not a bound on future episodes", "recent_episode_count": 49, "recent_complete_fraction": 0.0, "recent_pickup_valid_fraction": 0.8775510204081632, "all_complete_count": 0, "all_pickup_valid_count": 43, "failure_counts": {"pickup/hold": 6, "body unstable/drop": 43, "extension": 0, "retraction": 0, "thumb-contact": 0}, "behavior_scope": "Training samples, last128 episodes may mix early failures and complete36s trajectories; never independent validation"}
{"support_command_period": 1, "support_decision_fraction": 1.0, "support_logit_std_mean": 0.0301985926926136, "utc": "2026-10-05T18:33:03.598522+00:00", "update": 12, "transitions": 98304, "episodes": 62, "reward": -0.31863483786582947, "loss": 490.10696601867676, "kl": 0.004565422806990682, "active_sample_kl": 0.008123466752868347, "epoch_stop_kl_scope": "active residual-control samples", "policy_active_fraction": 0.548828125, "actual_hold_history_frames": 50, "wall_seconds": 105.59223742596805, "peak_extension_mean_m": 0.004365065528315514, "contact_mean": 0.6741413060695894, "fall_fraction": 1.0, "scope": "Training fitting/behavior only", "analytic_active_rollout_kl": 0.008523212745785713, "actor_step_fraction_mean": 1.0, "rejected_actor_updates": 0, "actor_bound_scope": "All active samples in current rollout; not a bound on future episodes", "recent_episode_count": 62, "recent_complete_fraction": 0.0, "recent_pickup_valid_fraction": 0.9032258064516129, "all_complete_count": 0, "all_pickup_valid_count": 56, "failure_counts": {"pickup/hold": 6, "body unstable/drop": 56, "extension": 0, "retraction": 0, "thumb-contact": 0}, "behavior_scope": "Training samples, last128 episodes may mix early failures and complete36s trajectories; never independent validation"}
{"support_command_period": 1, "support_decision_fraction": 1.0, "support_logit_std_mean": 0.030198924243450165, "utc": "2026-10-05T18:33:13.093512+00:00", "update": 13, "transitions": 106496, "episodes": 67, "reward": -0.7744078636169434, "loss": 409.612829208374, "kl": 0.004756907545015565, "active_sample_kl": 0.009259943512579943, "epoch_stop_kl_scope": "active residual-control samples", "policy_active_fraction": 0.50146484375, "actual_hold_history_frames": 50, "wall_seconds": 115.08723396598361, "peak_extension_mean_m": 0.005398094694806895, "contact_mean": 0.6916896087020191, "fall_fraction": 1.0, "scope": "Training fitting/behavior only", "analytic_active_rollout_kl": 0.009641086682677269, "actor_step_fraction_mean": 1.0, "rejected_actor_updates": 0, "actor_bound_scope": "All active samples in current rollout; not a bound on future episodes", "recent_episode_count": 67, "recent_complete_fraction": 0.0, "recent_pickup_valid_fraction": 0.9104477611940298, "all_complete_count": 0, "all_pickup_valid_count": 61, "failure_counts": {"pickup/hold": 6, "body unstable/drop": 61, "extension": 0, "retraction": 0, "thumb-contact": 0}, "behavior_scope": "Training samples, last128 episodes may mix early failures and complete36s trajectories; never independent validation"}
{"support_command_period": 1, "support_decision_fraction": 1.0, "support_logit_std_mean": 0.030199483036994934, "utc": "2026-10-05T18:33:22.826275+00:00", "update": 14, "transitions": 114688, "episodes": 74, "reward": -0.8780492544174194, "loss": 257.6378798484802, "kl": 0.0028252624524611747, "active_sample_kl": 0.006184997545419513, "epoch_stop_kl_scope": "active residual-control samples", "policy_active_fraction": 0.4420166015625, "actual_hold_history_frames": 50, "wall_seconds": 124.81999718397856, "peak_extension_mean_m": 0.005591310218438298, "contact_mean": 0.6849147900938988, "fall_fraction": 1.0, "scope": "Training fitting/behavior only", "analytic_active_rollout_kl": 0.009737749584019184, "actor_step_fraction_mean": 1.0, "rejected_actor_updates": 0, "actor_bound_scope": "All active samples in current rollout; not a bound on future episodes", "recent_episode_count": 74, "recent_complete_fraction": 0.0, "recent_pickup_valid_fraction": 0.918918918918919, "all_complete_count": 0, "all_pickup_valid_count": 68, "failure_counts": {"pickup/hold": 6, "body unstable/drop": 68, "extension": 0, "retraction": 0, "thumb-contact": 0}, "behavior_scope": "Training samples, last128 episodes may mix early failures and complete36s trajectories; never independent validation"}
{"support_command_period": 1, "support_decision_fraction": 1.0, "support_logit_std_mean": 0.030200209468603134, "utc": "2026-10-05T18:33:32.544721+00:00", "update": 15, "transitions": 122880, "episodes": 77, "reward": -0.8854123950004578, "loss": 92.1786298751831, "kl": 0.002724764852246153, "active_sample_kl": 0.006430959652843904, "epoch_stop_kl_scope": "active residual-control samples", "policy_active_fraction": 0.4019775390625, "actual_hold_history_frames": 50, "wall_seconds": 134.53844065405428, "peak_extension_mean_m": 0.0056963040229415386, "contact_mean": 0.6848218930619103, "fall_fraction": 1.0, "scope": "Training fitting/behavior only", "analytic_active_rollout_kl": 0.005088488105684519, "actor_step_fraction_mean": 1.0, "rejected_actor_updates": 0, "actor_bound_scope": "All active samples in current rollout; not a bound on future episodes", "recent_episode_count": 77, "recent_complete_fraction": 0.0, "recent_pickup_valid_fraction": 0.922077922077922, "all_complete_count": 0, "all_pickup_valid_count": 71, "failure_counts": {"pickup/hold": 6, "body unstable/drop": 71, "extension": 0, "retraction": 0, "thumb-contact": 0}, "behavior_scope": "Training samples, last128 episodes may mix early failures and complete36s trajectories; never independent validation"}
{"support_command_period": 1, "support_decision_fraction": 1.0, "support_logit_std_mean": 0.03020104020833969, "utc": "2026-10-05T18:33:42.253354+00:00", "update": 16, "transitions": 131072, "episodes": 83, "reward": -0.5030034780502319, "loss": 104.53048849105835, "kl": 0.0021660578458977398, "active_sample_kl": 0.0046335907978313495, "epoch_stop_kl_scope": "active residual-control samples", "policy_active_fraction": 0.44482421875, "actual_hold_history_frames": 50, "wall_seconds": 144.24707119795494, "peak_extension_mean_m": 0.005458456769241798, "contact_mean": 0.6736512947154333, "fall_fraction": 1.0, "scope": "Training fitting/behavior only", "analytic_active_rollout_kl": 0.004400068894028664, "actor_step_fraction_mean": 1.0, "rejected_actor_updates": 0, "actor_bound_scope": "All active samples in current rollout; not a bound on future episodes", "recent_episode_count": 83, "recent_complete_fraction": 0.0, "recent_pickup_valid_fraction": 0.9036144578313253, "all_complete_count": 0, "all_pickup_valid_count": 75, "failure_counts": {"pickup/hold": 8, "body unstable/drop": 75, "extension": 0, "retraction": 0, "thumb-contact": 0}, "behavior_scope": "Training samples, last128 episodes may mix early failures and complete36s trajectories; never independent validation"}
{"support_command_period": 1, "support_decision_fraction": 1.0, "support_logit_std_mean": 0.030200816690921783, "utc": "2026-10-05T18:33:52.092185+00:00", "update": 17, "transitions": 139264, "episodes": 142, "reward": -0.935932457447052, "loss": 2770.184860229492, "kl": 0.003442644172537257, "active_sample_kl": 0.007533400795725342, "epoch_stop_kl_scope": "active residual-control samples", "policy_active_fraction": 0.435546875, "actual_hold_history_frames": 50, "wall_seconds": 154.08590856101364, "peak_extension_mean_m": 0.00763742495222175, "contact_mean": 0.6645202546205837, "fall_fraction": 0.65625, "scope": "Training fitting/behavior only", "analytic_active_rollout_kl": 0.009273022413253784, "actor_step_fraction_mean": 1.0, "rejected_actor_updates": 0, "actor_bound_scope": "All active samples in current rollout; not a bound on future episodes", "recent_episode_count": 128, "recent_complete_fraction": 0.0, "recent_pickup_valid_fraction": 0.9609375, "all_complete_count": 0, "all_pickup_valid_count": 131, "failure_counts": {"pickup/hold": 5, "body unstable/drop": 123, "extension": 0, "retraction": 0, "thumb-contact": 0}, "behavior_scope": "Training samples, last128 episodes may mix early failures and complete36s trajectories; never independent validation"}
{"support_command_period": 1, "support_decision_fraction": 1.0, "support_logit_std_mean": 0.03020024299621582, "utc": "2026-10-05T18:34:01.289465+00:00", "update": 18, "transitions": 147456, "episodes": 148, "reward": -0.27860715985298157, "loss": 51.67185711860657, "kl": 0.0014465122931142105, "active_sample_kl": 0.008358462861859206, "epoch_stop_kl_scope": "active residual-control samples", "policy_active_fraction": 0.1484375, "actual_hold_history_frames": 50, "wall_seconds": 163.28318440995645, "peak_extension_mean_m": 0.007659630398848094, "contact_mean": 0.6495340199035127, "fall_fraction": 0.65625, "scope": "Training fitting/behavior only", "analytic_active_rollout_kl": 0.013337279669940472, "actor_step_fraction_mean": 1.0, "rejected_actor_updates": 0, "actor_bound_scope": "All active samples in current rollout; not a bound on future episodes", "recent_episode_count": 128, "recent_complete_fraction": 0.0, "recent_pickup_valid_fraction": 0.9453125, "all_complete_count": 0, "all_pickup_valid_count": 135, "failure_counts": {"pickup/hold": 7, "body unstable/drop": 121, "extension": 0, "retraction": 0, "thumb-contact": 0}, "behavior_scope": "Training samples, last128 episodes may mix early failures and complete36s trajectories; never independent validation"}
{"support_command_period": 1, "support_decision_fraction": 1.0, "support_logit_std_mean": 0.030200516805052757, "utc": "2026-10-05T18:34:10.613385+00:00", "update": 19, "transitions": 155648, "episodes": 156, "reward": -0.2779240012168884, "loss": 187.04525995254517, "kl": 0.0020793565581698203, "active_sample_kl": 0.009058057189117785, "epoch_stop_kl_scope": "active residual-control samples", "policy_active_fraction": 0.2078857421875, "actual_hold_history_frames": 50, "wall_seconds": 172.60710061702412, "peak_extension_mean_m": 0.007463186267727906, "contact_mean": 0.6215176035475451, "fall_fraction": 0.65625, "scope": "Training fitting/behavior only", "analytic_active_rollout_kl": 0.01932726427912712, "actor_step_fraction_mean": 1.0, "rejected_actor_updates": 0, "actor_bound_scope": "All active samples in current rollout; not a bound on future episodes", "recent_episode_count": 128, "recent_complete_fraction": 0.0, "recent_pickup_valid_fraction": 0.921875, "all_complete_count": 0, "all_pickup_valid_count": 140, "failure_counts": {"pickup/hold": 10, "body unstable/drop": 118, "extension": 0, "retraction": 0, "thumb-contact": 0}, "behavior_scope": "Training samples, last128 episodes may mix early failures and complete36s trajectories; never independent validation"}
{"support_command_period": 1, "support_decision_fraction": 1.0, "support_logit_std_mean": 0.030201174318790436, "utc": "2026-10-05T18:34:19.822603+00:00", "update": 20, "transitions": 163840, "episodes": 170, "reward": -0.4221310019493103, "loss": 274.9774332046509, "kl": 0.0023891730343166273, "active_sample_kl": 0.010712590406355804, "epoch_stop_kl_scope": "active residual-control samples", "policy_active_fraction": 0.205078125, "actual_hold_history_frames": 50, "wall_seconds": 181.81632607302163, "peak_extension_mean_m": 0.007502426641025295, "contact_mean": 0.6214689715125132, "fall_fraction": 0.65625, "scope": "Training fitting/behavior only", "analytic_active_rollout_kl": 0.02717539481818676, "actor_step_fraction_mean": 1.0, "rejected_actor_updates": 0, "actor_bound_scope": "All active samples in current rollout; not a bound on future episodes", "recent_episode_count": 128, "recent_complete_fraction": 0.0, "recent_pickup_valid_fraction": 0.921875, "all_complete_count": 0, "all_pickup_valid_count": 154, "failure_counts": {"pickup/hold": 10, "body unstable/drop": 118, "extension": 0, "retraction": 0, "thumb-contact": 0}, "behavior_scope": "Training samples, last128 episodes may mix early failures and complete36s trajectories; never independent validation"}
{"support_command_period": 1, "support_decision_fraction": 0.9999999403953552, "support_logit_std_mean": 0.030201923102140427, "utc": "2026-10-05T18:34:29.189299+00:00", "update": 21, "transitions": 172032, "episodes": 175, "reward": -0.2925392687320709, "loss": 81.79817628860474, "kl": 0.0015356925723608583, "active_sample_kl": 0.007216442228798747, "epoch_stop_kl_scope": "active residual-control samples", "policy_active_fraction": 0.183349609375, "actual_hold_history_frames": 50, "wall_seconds": 191.18301462603267, "peak_extension_mean_m": 0.0075698962262720215, "contact_mean": 0.6030085515521932, "fall_fraction": 0.65625, "scope": "Training fitting/behavior only", "analytic_active_rollout_kl": 0.010939803905785084, "actor_step_fraction_mean": 1.0, "rejected_actor_updates": 0, "actor_bound_scope": "All active samples in current rollout; not a bound on future episodes", "recent_episode_count": 128, "recent_complete_fraction": 0.0, "recent_pickup_valid_fraction": 0.8984375, "all_complete_count": 0, "all_pickup_valid_count": 156, "failure_counts": {"pickup/hold": 13, "body unstable/drop": 115, "extension": 0, "retraction": 0, "thumb-contact": 0}, "behavior_scope": "Training samples, last128 episodes may mix early failures and complete36s trajectories; never independent validation"}
{"support_command_period": 1, "support_decision_fraction": 0.9999999403953552, "support_logit_std_mean": 0.030202189460396767, "utc": "2026-10-05T18:34:38.520069+00:00", "update": 22, "transitions": 180224, "episodes": 178, "reward": -0.26015323400497437, "loss": 136.17771434783936, "kl": 0.0020807008932024473, "active_sample_kl": 0.008322712744602723, "epoch_stop_kl_scope": "active residual-control samples", "policy_active_fraction": 0.2064208984375, "actual_hold_history_frames": 50, "wall_seconds": 200.5137829129817, "peak_extension_mean_m": 0.007231780556907097, "contact_mean": 0.6074647824571002, "fall_fraction": 0.65625, "scope": "Training fitting/behavior only", "analytic_active_rollout_kl": 0.014270600862801075, "actor_step_fraction_mean": 1.0, "rejected_actor_updates": 0, "actor_bound_scope": "All active samples in current rollout; not a bound on future episodes", "recent_episode_count": 128, "recent_complete_fraction": 0.0, "recent_pickup_valid_fraction": 0.8984375, "all_complete_count": 0, "all_pickup_valid_count": 159, "failure_counts": {"pickup/hold": 13, "body unstable/drop": 115, "extension": 0, "retraction": 0, "thumb-contact": 0}, "behavior_scope": "Training samples, last128 episodes may mix early failures and complete36s trajectories; never independent validation"}
{"support_command_period": 1, "support_decision_fraction": 1.0, "support_logit_std_mean": 0.030201423913240433, "utc": "2026-10-05T18:34:47.906656+00:00", "update": 23, "transitions": 188416, "episodes": 178, "reward": -0.25896504521369934, "loss": 181.62686395645142, "kl": 0.002298894987688982, "active_sample_kl": 0.009247730955633554, "epoch_stop_kl_scope": "active residual-control samples", "policy_active_fraction": 0.2193603515625, "actual_hold_history_frames": 50, "wall_seconds": 209.90037659194786, "peak_extension_mean_m": 0.007231780556907097, "contact_mean": 0.6074647824571002, "fall_fraction": 0.65625, "scope": "Training fitting/behavior only", "analytic_active_rollout_kl": 0.01705576665699482, "actor_step_fraction_mean": 1.0, "rejected_actor_updates": 0, "actor_bound_scope": "All active samples in current rollout; not a bound on future episodes", "recent_episode_count": 128, "recent_complete_fraction": 0.0, "recent_pickup_valid_fraction": 0.8984375, "all_complete_count": 0, "all_pickup_valid_count": 159, "failure_counts": {"pickup/hold": 13, "body unstable/drop": 115, "extension": 0, "retraction": 0, "thumb-contact": 0}, "behavior_scope": "Training samples, last128 episodes may mix early failures and complete36s trajectories; never independent validation"}
{"support_command_period": 1, "support_decision_fraction": 1.0, "support_logit_std_mean": 0.030200906097888947, "utc": "2026-10-05T18:34:57.615191+00:00", "update": 24, "transitions": 196608, "episodes": 181, "reward": -0.2543747127056122, "loss": 64.47086811065674, "kl": 0.0018484710162738338, "active_sample_kl": 0.005745615625344869, "epoch_stop_kl_scope": "active residual-control samples", "policy_active_fraction": 0.2646484375, "actual_hold_history_frames": 50, "wall_seconds": 219.60891075897962, "peak_extension_mean_m": 0.007287274896242479, "contact_mean": 0.6004855165083427, "fall_fraction": 0.65625, "scope": "Training fitting/behavior only", "analytic_active_rollout_kl": 0.006776556372642517, "actor_step_fraction_mean": 1.0, "rejected_actor_updates": 0, "actor_bound_scope": "All active samples in current rollout; not a bound on future episodes", "recent_episode_count": 128, "recent_complete_fraction": 0.0, "recent_pickup_valid_fraction": 0.8828125, "all_complete_count": 0, "all_pickup_valid_count": 160, "failure_counts": {"pickup/hold": 15, "body unstable/drop": 113, "extension": 0, "retraction": 0, "thumb-contact": 0}, "behavior_scope": "Training samples, last128 episodes may mix early failures and complete36s trajectories; never independent validation"}
{"support_command_period": 1, "support_decision_fraction": 0.9999999403953552, "support_logit_std_mean": 0.030200988054275513, "utc": "2026-10-05T18:35:07.206764+00:00", "update": 25, "transitions": 204800, "episodes": 192, "reward": -0.247683584690094, "loss": 809.1621551513672, "kl": 0.004436757140865666, "active_sample_kl": 0.007926795244021123, "epoch_stop_kl_scope": "active residual-control samples", "policy_active_fraction": 0.5374755859375, "actual_hold_history_frames": 50, "wall_seconds": 229.20048246404622, "peak_extension_mean_m": 0.006594728663941396, "contact_mean": 0.5633766733517405, "fall_fraction": 0.625, "scope": "Training fitting/behavior only", "analytic_active_rollout_kl": 0.011336025781929493, "actor_step_fraction_mean": 1.0, "rejected_actor_updates": 0, "actor_bound_scope": "All active samples in current rollout; not a bound on future episodes", "recent_episode_count": 128, "recent_complete_fraction": 0.0, "recent_pickup_valid_fraction": 0.8671875, "all_complete_count": 0, "all_pickup_valid_count": 169, "failure_counts": {"pickup/hold": 17, "body unstable/drop": 111, "extension": 0, "retraction": 0, "thumb-contact": 0}, "behavior_scope": "Training samples, last128 episodes may mix early failures and complete36s trajectories; never independent validation"}
{"support_command_period": 1, "support_decision_fraction": 0.9999999403953552, "support_logit_std_mean": 0.030201580375432968, "utc": "2026-10-05T18:35:16.827047+00:00", "update": 26, "transitions": 212992, "episodes": 209, "reward": -0.2948468327522278, "loss": 351.0042018890381, "kl": 0.002731306243731524, "active_sample_kl": 0.0043827501238465905, "epoch_stop_kl_scope": "active residual-control samples", "policy_active_fraction": 0.602783203125, "actual_hold_history_frames": 50, "wall_seconds": 238.82076044299174, "peak_extension_mean_m": 0.005677300791191442, "contact_mean": 0.5591210717102513, "fall_fraction": 0.5859375, "scope": "Training fitting/behavior only", "analytic_active_rollout_kl": 0.004465598147362471, "actor_step_fraction_mean": 1.0, "rejected_actor_updates": 0, "actor_bound_scope": "All active samples in current rollout; not a bound on future episodes", "recent_episode_count": 128, "recent_complete_fraction": 0.0, "recent_pickup_valid_fraction": 0.8828125, "all_complete_count": 0, "all_pickup_valid_count": 186, "failure_counts": {"pickup/hold": 15, "body unstable/drop": 113, "extension": 0, "retraction": 0, "thumb-contact": 0}, "behavior_scope": "Training samples, last128 episodes may mix early failures and complete36s trajectories; never independent validation"}
{"support_command_period": 1, "support_decision_fraction": 1.0, "support_logit_std_mean": 0.03020140528678894, "utc": "2026-10-05T18:35:26.423090+00:00", "update": 27, "transitions": 221184, "episodes": 221, "reward": -0.36130738258361816, "loss": 177.66780281066895, "kl": 0.004858306254391209, "active_sample_kl": 0.008441927384618214, "epoch_stop_kl_scope": "active residual-control samples", "policy_active_fraction": 0.563232421875, "actual_hold_history_frames": 50, "wall_seconds": 248.4168061730452, "peak_extension_mean_m": 0.005741325651840157, "contact_mean": 0.5748774356907234, "fall_fraction": 0.578125, "scope": "Training fitting/behavior only", "analytic_active_rollout_kl": 0.006979699712246656, "actor_step_fraction_mean": 1.0, "rejected_actor_updates": 0, "actor_bound_scope": "All active samples in current rollout; not a bound on future episodes", "recent_episode_count": 128, "recent_complete_fraction": 0.0, "recent_pickup_valid_fraction": 0.8984375, "all_complete_count": 0, "all_pickup_valid_count": 197, "failure_counts": {"pickup/hold": 13, "body unstable/drop": 115, "extension": 0, "retraction": 0, "thumb-contact": 0}, "behavior_scope": "Training samples, last128 episodes may mix early failures and complete36s trajectories; never independent validation"}
{"support_command_period": 1, "support_decision_fraction": 1.0, "support_logit_std_mean": 0.03020079806447029, "utc": "2026-10-05T18:35:35.907886+00:00", "update": 28, "transitions": 229376, "episodes": 237, "reward": -0.10994778573513031, "loss": 576.5288181304932, "kl": 0.0029743813320237678, "active_sample_kl": 0.005573038569462285, "epoch_stop_kl_scope": "active residual-control samples", "policy_active_fraction": 0.5272216796875, "actual_hold_history_frames": 50, "wall_seconds": 257.90160750597715, "peak_extension_mean_m": 0.0046985632517788645, "contact_mean": 0.5748119717463851, "fall_fraction": 0.6484375, "scope": "Training fitting/behavior only", "analytic_active_rollout_kl": 0.005342506803572178, "actor_step_fraction_mean": 1.0, "rejected_actor_updates": 0, "actor_bound_scope": "All active samples in current rollout; not a bound on future episodes", "recent_episode_count": 128, "recent_complete_fraction": 0.0, "recent_pickup_valid_fraction": 0.890625, "all_complete_count": 0, "all_pickup_valid_count": 212, "failure_counts": {"pickup/hold": 14, "body unstable/drop": 114, "extension": 0, "retraction": 0, "thumb-contact": 0}, "behavior_scope": "Training samples, last128 episodes may mix early failures and complete36s trajectories; never independent validation"}
{"support_command_period": 1, "support_decision_fraction": 0.9999999403953552, "support_logit_std_mean": 0.030200686305761337, "utc": "2026-10-05T18:35:45.342200+00:00", "update": 29, "transitions": 237568, "episodes": 249, "reward": -0.17684033513069153, "loss": 115.6895341873169, "kl": 0.0024817644443828613, "active_sample_kl": 0.00509591737656806, "epoch_stop_kl_scope": "active residual-control samples", "policy_active_fraction": 0.472412109375, "actual_hold_history_frames": 50, "wall_seconds": 267.33591829403304, "peak_extension_mean_m": 0.003993939302219474, "contact_mean": 0.5979516273364425, "fall_fraction": 0.7265625, "scope": "Training fitting/behavior only", "analytic_active_rollout_kl": 0.005912128370255232, "actor_step_fraction_mean": 1.0, "rejected_actor_updates": 0, "actor_bound_scope": "All active samples in current rollout; not a bound on future episodes", "recent_episode_count": 128, "recent_complete_fraction": 0.0, "recent_pickup_valid_fraction": 0.8828125, "all_complete_count": 0, "all_pickup_valid_count": 223, "failure_counts": {"pickup/hold": 15, "body unstable/drop": 113, "extension": 0, "retraction": 0, "thumb-contact": 0}, "behavior_scope": "Training samples, last128 episodes may mix early failures and complete36s trajectories; never independent validation"}
{"support_command_period": 1, "support_decision_fraction": 0.9999999403953552, "support_logit_std_mean": 0.030201643705368042, "utc": "2026-10-05T18:35:54.649067+00:00", "update": 30, "transitions": 245760, "episodes": 255, "reward": -0.13517946004867554, "loss": 159.8644037246704, "kl": 0.003110616064077476, "active_sample_kl": 0.007059285274230331, "epoch_stop_kl_scope": "active residual-control samples", "policy_active_fraction": 0.4154052734375, "actual_hold_history_frames": 50, "wall_seconds": 276.6427834179485, "peak_extension_mean_m": 0.004416759340003296, "contact_mean": 0.6232785990287084, "fall_fraction": 0.765625, "scope": "Training fitting/behavior only", "analytic_active_rollout_kl": 0.010443011298775673, "actor_step_fraction_mean": 1.0, "rejected_actor_updates": 0, "actor_bound_scope": "All active samples in current rollout; not a bound on future episodes", "recent_episode_count": 128, "recent_complete_fraction": 0.0, "recent_pickup_valid_fraction": 0.8828125, "all_complete_count": 0, "all_pickup_valid_count": 229, "failure_counts": {"pickup/hold": 15, "body unstable/drop": 113, "extension": 0, "retraction": 0, "thumb-contact": 0}, "behavior_scope": "Training samples, last128 episodes may mix early failures and complete36s trajectories; never independent validation"}
{"support_command_period": 1, "support_decision_fraction": 1.0, "support_logit_std_mean": 0.03020228073000908, "utc": "2026-10-05T18:36:04.096984+00:00", "update": 31, "transitions": 253952, "episodes": 264, "reward": -0.11002244800329208, "loss": 306.08348655700684, "kl": 0.003239638850573101, "active_sample_kl": 0.008397188882343143, "epoch_stop_kl_scope": "active residual-control samples", "policy_active_fraction": 0.3651123046875, "actual_hold_history_frames": 50, "wall_seconds": 286.0907079220051, "peak_extension_mean_m": 0.004349049460628862, "contact_mean": 0.6115469889191445, "fall_fraction": 0.796875, "scope": "Training fitting/behavior only", "analytic_active_rollout_kl": 0.00705716060474515, "actor_step_fraction_mean": 1.0, "rejected_actor_updates": 0, "actor_bound_scope": "All active samples in current rollout; not a bound on future episodes", "recent_episode_count": 128, "recent_complete_fraction": 0.0, "recent_pickup_valid_fraction": 0.8828125, "all_complete_count": 0, "all_pickup_valid_count": 238, "failure_counts": {"pickup/hold": 15, "body unstable/drop": 112, "extension": 1, "retraction": 0, "thumb-contact": 0}, "behavior_scope": "Training samples, last128 episodes may mix early failures and complete36s trajectories; never independent validation"}
{"support_command_period": 1, "support_decision_fraction": 1.0, "support_logit_std_mean": 0.030202610418200493, "utc": "2026-10-05T18:36:13.507870+00:00", "update": 32, "transitions": 262144, "episodes": 267, "reward": -0.13783133029937744, "loss": 99.83348798751831, "kl": 0.002559379830927355, "active_sample_kl": 0.007226789902860742, "epoch_stop_kl_scope": "active residual-control samples", "policy_active_fraction": 0.33154296875, "actual_hold_history_frames": 50, "wall_seconds": 295.5015889509814, "peak_extension_mean_m": 0.004293540568014009, "contact_mean": 0.6093183679913636, "fall_fraction": 0.8125, "scope": "Training fitting/behavior only", "analytic_active_rollout_kl": 0.005554919596761465, "actor_step_fraction_mean": 1.0, "rejected_actor_updates": 0, "actor_bound_scope": "All active samples in current rollout; not a bound on future episodes", "recent_episode_count": 128, "recent_complete_fraction": 0.0, "recent_pickup_valid_fraction": 0.8828125, "all_complete_count": 0, "all_pickup_valid_count": 241, "failure_counts": {"pickup/hold": 15, "body unstable/drop": 112, "extension": 1, "retraction": 0, "thumb-contact": 0}, "behavior_scope": "Training samples, last128 episodes may mix early failures and complete36s trajectories; never independent validation"}
{"support_command_period": 1, "support_decision_fraction": 0.9999999403953552, "support_logit_std_mean": 0.030202340334653854, "utc": "2026-10-05T18:36:23.086169+00:00", "update": 33, "transitions": 270336, "episodes": 279, "reward": -0.11889158934354782, "loss": 89.02970743179321, "kl": 0.002259278609926696, "active_sample_kl": 0.005690877638332731, "epoch_stop_kl_scope": "active residual-control samples", "policy_active_fraction": 0.3671875, "actual_hold_history_frames": 50, "wall_seconds": 305.07988707895856, "peak_extension_mean_m": 0.005358803800561418, "contact_mean": 0.6155224921240006, "fall_fraction": 0.8125, "scope": "Training fitting/behavior only", "analytic_active_rollout_kl": 0.007679259404540062, "actor_step_fraction_mean": 1.0, "rejected_actor_updates": 0, "actor_bound_scope": "All active samples in current rollout; not a bound on future episodes", "recent_episode_count": 128, "recent_complete_fraction": 0.0, "recent_pickup_valid_fraction": 0.890625, "all_complete_count": 0, "all_pickup_valid_count": 251, "failure_counts": {"pickup/hold": 14, "body unstable/drop": 113, "extension": 1, "retraction": 0, "thumb-contact": 0}, "behavior_scope": "Training samples, last128 episodes may mix early failures and complete36s trajectories; never independent validation"}
{"support_command_period": 1, "support_decision_fraction": 1.0, "support_logit_std_mean": 0.03020198829472065, "utc": "2026-10-05T18:36:32.780890+00:00", "update": 34, "transitions": 278528, "episodes": 317, "reward": -0.42534011602401733, "loss": 415.8689708709717, "kl": 0.0016369964268960757, "active_sample_kl": 0.004920868453596627, "epoch_stop_kl_scope": "active residual-control samples", "policy_active_fraction": 0.3076171875, "actual_hold_history_frames": 50, "wall_seconds": 314.7746061179787, "peak_extension_mean_m": 0.007875152437861743, "contact_mean": 0.6597737269767094, "fall_fraction": 0.6640625, "scope": "Training fitting/behavior only", "analytic_active_rollout_kl": 0.009397353045642376, "actor_step_fraction_mean": 1.0, "rejected_actor_updates": 0, "actor_bound_scope": "All active samples in current rollout; not a bound on future episodes", "recent_episode_count": 128, "recent_complete_fraction": 0.0, "recent_pickup_valid_fraction": 0.9140625, "all_complete_count": 0, "all_pickup_valid_count": 283, "failure_counts": {"pickup/hold": 11, "body unstable/drop": 116, "extension": 1, "retraction": 0, "thumb-contact": 0}, "behavior_scope": "Training samples, last128 episodes may mix early failures and complete36s trajectories; never independent validation"}
{"support_command_period": 1, "support_decision_fraction": 1.0, "support_logit_std_mean": 0.03020237758755684, "utc": "2026-10-05T18:36:42.207045+00:00", "update": 35, "transitions": 286720, "episodes": 330, "reward": -0.34160977602005005, "loss": 130.70033407211304, "kl": 0.0014517304862238234, "active_sample_kl": 0.006544121970425143, "epoch_stop_kl_scope": "active residual-control samples", "policy_active_fraction": 0.194580078125, "actual_hold_history_frames": 50, "wall_seconds": 324.20076465199236, "peak_extension_mean_m": 0.008242644847435088, "contact_mean": 0.6413883584027644, "fall_fraction": 0.6796875, "scope": "Training fitting/behavior only", "analytic_active_rollout_kl": 0.016866350546479225, "actor_step_fraction_mean": 1.0, "rejected_actor_updates": 0, "actor_bound_scope": "All active samples in current rollout; not a bound on future episodes", "recent_episode_count": 128, "recent_complete_fraction": 0.0, "recent_pickup_valid_fraction": 0.875, "all_complete_count": 0, "all_pickup_valid_count": 291, "failure_counts": {"pickup/hold": 16, "body unstable/drop": 111, "extension": 1, "retraction": 0, "thumb-contact": 0}, "behavior_scope": "Training samples, last128 episodes may mix early failures and complete36s trajectories; never independent validation"}
{"support_command_period": 1, "support_decision_fraction": 1.0, "support_logit_std_mean": 0.030203156173229218, "utc": "2026-10-05T18:36:51.536840+00:00", "update": 36, "transitions": 294912, "episodes": 342, "reward": -0.25953203439712524, "loss": 129.68238258361816, "kl": 0.0023453804042219417, "active_sample_kl": 0.009929815201758174, "epoch_stop_kl_scope": "active residual-control samples", "policy_active_fraction": 0.2159423828125, "actual_hold_history_frames": 50, "wall_seconds": 333.5305586489849, "peak_extension_mean_m": 0.007996194966299441, "contact_mean": 0.6100549337570556, "fall_fraction": 0.6953125, "scope": "Training fitting/behavior only", "analytic_active_rollout_kl": 0.015121830627322197, "actor_step_fraction_mean": 1.0, "rejected_actor_updates": 0, "actor_bound_scope": "All active samples in current rollout; not a bound on future episodes", "recent_episode_count": 128, "recent_complete_fraction": 0.0, "recent_pickup_valid_fraction": 0.8515625, "all_complete_count": 0, "all_pickup_valid_count": 299, "failure_counts": {"pickup/hold": 19, "body unstable/drop": 108, "extension": 1, "retraction": 0, "thumb-contact": 0}, "behavior_scope": "Training samples, last128 episodes may mix early failures and complete36s trajectories; never independent validation"}
{"support_command_period": 1, "support_decision_fraction": 1.0, "support_logit_std_mean": 0.030203547328710556, "utc": "2026-10-05T18:37:00.692993+00:00", "update": 37, "transitions": 303104, "episodes": 347, "reward": -0.09495982527732849, "loss": 95.565269947052, "kl": 0.0017243397396669025, "active_sample_kl": 0.006658610820724886, "epoch_stop_kl_scope": "active residual-control samples", "policy_active_fraction": 0.23486328125, "actual_hold_history_frames": 50, "wall_seconds": 342.68672146403696, "peak_extension_mean_m": 0.007916760483031027, "contact_mean": 0.5930106177111156, "fall_fraction": 0.6875, "scope": "Training fitting/behavior only", "analytic_active_rollout_kl": 0.01395113579928875, "actor_step_fraction_mean": 1.0, "rejected_actor_updates": 0, "actor_bound_scope": "All active samples in current rollout; not a bound on future episodes", "recent_episode_count": 128, "recent_complete_fraction": 0.0, "recent_pickup_valid_fraction": 0.8359375, "all_complete_count": 0, "all_pickup_valid_count": 302, "failure_counts": {"pickup/hold": 21, "body unstable/drop": 106, "extension": 1, "retraction": 0, "thumb-contact": 0}, "behavior_scope": "Training samples, last128 episodes may mix early failures and complete36s trajectories; never independent validation"}
{"support_command_period": 1, "support_decision_fraction": 1.0, "support_logit_std_mean": 0.03020375594496727, "utc": "2026-10-05T18:37:09.988008+00:00", "update": 38, "transitions": 311296, "episodes": 355, "reward": -0.03785499930381775, "loss": 100.03776264190674, "kl": 0.0023943888136273017, "active_sample_kl": 0.008177316158052977, "epoch_stop_kl_scope": "active residual-control samples", "policy_active_fraction": 0.260498046875, "actual_hold_history_frames": 50, "wall_seconds": 351.981720032054, "peak_extension_mean_m": 0.008373275654353307, "contact_mean": 0.5936118835234083, "fall_fraction": 0.6875, "scope": "Training fitting/behavior only", "analytic_active_rollout_kl": 0.012973125092685223, "actor_step_fraction_mean": 1.0, "rejected_actor_updates": 0, "actor_bound_scope": "All active samples in current rollout; not a bound on future episodes", "recent_episode_count": 128, "recent_complete_fraction": 0.0, "recent_pickup_valid_fraction": 0.8359375, "all_complete_count": 0, "all_pickup_valid_count": 310, "failure_counts": {"pickup/hold": 21, "body unstable/drop": 106, "extension": 1, "retraction": 0, "thumb-contact": 0}, "behavior_scope": "Training samples, last128 episodes may mix early failures and complete36s trajectories; never independent validation"}
{"support_command_period": 1, "support_decision_fraction": 1.0, "support_logit_std_mean": 0.030203774571418762, "utc": "2026-10-05T18:37:19.377032+00:00", "update": 39, "transitions": 319488, "episodes": 360, "reward": 0.032463282346725464, "loss": 101.72439360618591, "kl": 0.0021899521143495804, "active_sample_kl": 0.007427496621711882, "epoch_stop_kl_scope": "active residual-control samples", "policy_active_fraction": 0.2628173828125, "actual_hold_history_frames": 50, "wall_seconds": 361.3707690089941, "peak_extension_mean_m": 0.008461932553789353, "contact_mean": 0.5938487386447378, "fall_fraction": 0.6875, "scope": "Training fitting/behavior only", "analytic_active_rollout_kl": 0.009050678461790085, "actor_step_fraction_mean": 1.0, "rejected_actor_updates": 0, "actor_bound_scope": "All active samples in current rollout; not a bound on future episodes", "recent_episode_count": 128, "recent_complete_fraction": 0.0, "recent_pickup_valid_fraction": 0.8359375, "all_complete_count": 0, "all_pickup_valid_count": 314, "failure_counts": {"pickup/hold": 21, "body unstable/drop": 106, "extension": 1, "retraction": 0, "thumb-contact": 0}, "behavior_scope": "Training samples, last128 episodes may mix early failures and complete36s trajectories; never independent validation"}
{"support_command_period": 1, "support_decision_fraction": 1.0, "support_logit_std_mean": 0.030204210430383682, "utc": "2026-10-05T18:37:28.726699+00:00", "update": 40, "transitions": 327680, "episodes": 363, "reward": 0.07067244499921799, "loss": 48.13602876663208, "kl": 0.002549521059336257, "active_sample_kl": 0.007974294210782662, "epoch_stop_kl_scope": "active residual-control samples", "policy_active_fraction": 0.267333984375, "actual_hold_history_frames": 50, "wall_seconds": 370.7204141259426, "peak_extension_mean_m": 0.008157217209859624, "contact_mean": 0.5841894808108918, "fall_fraction": 0.6875, "scope": "Training fitting/behavior only", "analytic_active_rollout_kl": 0.009061292745172977, "actor_step_fraction_mean": 1.0, "rejected_actor_updates": 0, "actor_bound_scope": "All active samples in current rollout; not a bound on future episodes", "recent_episode_count": 128, "recent_complete_fraction": 0.0, "recent_pickup_valid_fraction": 0.828125, "all_complete_count": 0, "all_pickup_valid_count": 316, "failure_counts": {"pickup/hold": 22, "body unstable/drop": 105, "extension": 1, "retraction": 0, "thumb-contact": 0}, "behavior_scope": "Training samples, last128 episodes may mix early failures and complete36s trajectories; never independent validation"}
{"support_command_period": 1, "support_decision_fraction": 1.0, "support_logit_std_mean": 0.03020399436354637, "utc": "2026-10-05T18:37:38.161464+00:00", "update": 41, "transitions": 335872, "episodes": 368, "reward": 0.01764962449669838, "loss": 155.38407039642334, "kl": 0.0022003782614774536, "active_sample_kl": 0.005939226715824281, "epoch_stop_kl_scope": "active residual-control samples", "policy_active_fraction": 0.3409423828125, "actual_hold_history_frames": 50, "wall_seconds": 380.15517782303505, "peak_extension_mean_m": 0.008094159050305194, "contact_mean": 0.5767721688607708, "fall_fraction": 0.6875, "scope": "Training fitting/behavior only", "analytic_active_rollout_kl": 0.011640898883342743, "actor_step_fraction_mean": 1.0, "rejected_actor_updates": 0, "actor_bound_scope": "All active samples in current rollout; not a bound on future episodes", "recent_episode_count": 128, "recent_complete_fraction": 0.0, "recent_pickup_valid_fraction": 0.8203125, "all_complete_count": 0, "all_pickup_valid_count": 320, "failure_counts": {"pickup/hold": 23, "body unstable/drop": 104, "extension": 1, "retraction": 0, "thumb-contact": 0}, "behavior_scope": "Training samples, last128 episodes may mix early failures and complete36s trajectories; never independent validation"}
{"support_command_period": 1, "support_decision_fraction": 1.0, "support_logit_std_mean": 0.0302035603672266, "utc": "2026-10-05T18:37:47.726126+00:00", "update": 42, "transitions": 344064, "episodes": 381, "reward": -0.23894214630126953, "loss": 255.06879997253418, "kl": 0.003532464817908476, "active_sample_kl": 0.006563560750247388, "epoch_stop_kl_scope": "active residual-control samples", "policy_active_fraction": 0.514892578125, "actual_hold_history_frames": 50, "wall_seconds": 389.71984953503124, "peak_extension_mean_m": 0.00797631978111113, "contact_mean": 0.5737549031618983, "fall_fraction": 0.6953125, "scope": "Training fitting/behavior only", "analytic_active_rollout_kl": 0.012233075685799122, "actor_step_fraction_mean": 1.0, "rejected_actor_updates": 0, "actor_bound_scope": "All active samples in current rollout; not a bound on future episodes", "recent_episode_count": 128, "recent_complete_fraction": 0.0, "recent_pickup_valid_fraction": 0.828125, "all_complete_count": 0, "all_pickup_valid_count": 333, "failure_counts": {"pickup/hold": 22, "body unstable/drop": 105, "extension": 1, "retraction": 0, "thumb-contact": 0}, "behavior_scope": "Training samples, last128 episodes may mix early failures and complete36s trajectories; never independent validation"}
{"support_command_period": 1, "support_decision_fraction": 1.0, "support_logit_std_mean": 0.03020346164703369, "utc": "2026-10-05T18:37:57.311543+00:00", "update": 43, "transitions": 352256, "episodes": 395, "reward": -0.3467405438423157, "loss": 743.6570091247559, "kl": 0.005446746283269022, "active_sample_kl": 0.009471314980386947, "epoch_stop_kl_scope": "active residual-control samples", "policy_active_fraction": 0.5574951171875, "actual_hold_history_frames": 50, "wall_seconds": 399.3052554860478, "peak_extension_mean_m": 0.00850742220427847, "contact_mean": 0.5787646782118827, "fall_fraction": 0.734375, "scope": "Training fitting/behavior only", "analytic_active_rollout_kl": 0.00963109266012907, "actor_step_fraction_mean": 1.0, "rejected_actor_updates": 0, "actor_bound_scope": "All active samples in current rollout; not a bound on future episodes", "recent_episode_count": 128, "recent_complete_fraction": 0.0, "recent_pickup_valid_fraction": 0.828125, "all_complete_count": 0, "all_pickup_valid_count": 347, "failure_counts": {"pickup/hold": 22, "body unstable/drop": 106, "extension": 0, "retraction": 0, "thumb-contact": 0}, "behavior_scope": "Training samples, last128 episodes may mix early failures and complete36s trajectories; never independent validation"}
{"support_command_period": 1, "support_decision_fraction": 1.0, "support_logit_std_mean": 0.030204053968191147, "utc": "2026-10-05T18:38:06.886990+00:00", "update": 44, "transitions": 360448, "episodes": 405, "reward": -0.4063226878643036, "loss": 453.69017219543457, "kl": 0.005996910804242361, "active_sample_kl": 0.01065379496391447, "epoch_stop_kl_scope": "active residual-control samples", "policy_active_fraction": 0.5517578125, "actual_hold_history_frames": 50, "wall_seconds": 408.8807102669962, "peak_extension_mean_m": 0.008100701670631594, "contact_mean": 0.5766122198547237, "fall_fraction": 0.7421875, "scope": "Training fitting/behavior only", "analytic_active_rollout_kl": 0.01021894533187151, "actor_step_fraction_mean": 1.0, "rejected_actor_updates": 0, "actor_bound_scope": "All active samples in current rollout; not a bound on future episodes", "recent_episode_count": 128, "recent_complete_fraction": 0.0, "recent_pickup_valid_fraction": 0.8203125, "all_complete_count": 0, "all_pickup_valid_count": 354, "failure_counts": {"pickup/hold": 23, "body unstable/drop": 105, "extension": 0, "retraction": 0, "thumb-contact": 0}, "behavior_scope": "Training samples, last128 episodes may mix early failures and complete36s trajectories; never independent validation"}
{"support_command_period": 1, "support_decision_fraction": 0.9999999403953552, "support_logit_std_mean": 0.03020436316728592, "utc": "2026-10-05T18:38:16.467433+00:00", "update": 45, "transitions": 368640, "episodes": 418, "reward": -0.3965488374233246, "loss": 551.5154857635498, "kl": 0.003718065107022994, "active_sample_kl": 0.007412027297469703, "epoch_stop_kl_scope": "active residual-control samples", "policy_active_fraction": 0.4906005859375, "actual_hold_history_frames": 50, "wall_seconds": 418.4611541630002, "peak_extension_mean_m": 0.006981937827621465, "contact_mean": 0.5710161961033009, "fall_fraction": 0.75, "scope": "Training fitting/behavior only", "analytic_active_rollout_kl": 0.013957359828054905, "actor_step_fraction_mean": 1.0, "rejected_actor_updates": 0, "actor_bound_scope": "All active samples in current rollout; not a bound on future episodes", "recent_episode_count": 128, "recent_complete_fraction": 0.0, "recent_pickup_valid_fraction": 0.84375, "all_complete_count": 0, "all_pickup_valid_count": 366, "failure_counts": {"pickup/hold": 20, "body unstable/drop": 106, "extension": 2, "retraction": 0, "thumb-contact": 0}, "behavior_scope": "Training samples, last128 episodes may mix early failures and complete36s trajectories; never independent validation"}
{"support_command_period": 1, "support_decision_fraction": 1.0, "support_logit_std_mean": 0.030204590409994125, "utc": "2026-10-05T18:38:25.951111+00:00", "update": 46, "transitions": 376832, "episodes": 429, "reward": -0.4778517782688141, "loss": 321.74667263031006, "kl": 0.003598568197048735, "active_sample_kl": 0.007679795915625565, "epoch_stop_kl_scope": "active residual-control samples", "policy_active_fraction": 0.45849609375, "actual_hold_history_frames": 50, "wall_seconds": 427.94482720294036, "peak_extension_mean_m": 0.006270185653423965, "contact_mean": 0.5549668000894599, "fall_fraction": 0.7734375, "scope": "Training fitting/behavior only", "analytic_active_rollout_kl": 0.008507299236953259, "actor_step_fraction_mean": 1.0, "rejected_actor_updates": 0, "actor_bound_scope": "All active samples in current rollout; not a bound on future episodes", "recent_episode_count": 128, "recent_complete_fraction": 0.0, "recent_pickup_valid_fraction": 0.84375, "all_complete_count": 0, "all_pickup_valid_count": 375, "failure_counts": {"pickup/hold": 20, "body unstable/drop": 106, "extension": 2, "retraction": 0, "thumb-contact": 0}, "behavior_scope": "Training samples, last128 episodes may mix early failures and complete36s trajectories; never independent validation"}
{"support_command_period": 1, "support_decision_fraction": 1.0, "support_logit_std_mean": 0.030204515904188156, "utc": "2026-10-05T18:38:35.469377+00:00", "update": 47, "transitions": 385024, "episodes": 443, "reward": -0.5363856554031372, "loss": 488.4262447357178, "kl": 0.0028545705408760114, "active_sample_kl": 0.006538764325135116, "epoch_stop_kl_scope": "active residual-control samples", "policy_active_fraction": 0.419677734375, "actual_hold_history_frames": 50, "wall_seconds": 437.46309400803875, "peak_extension_mean_m": 0.00550267778612934, "contact_mean": 0.5346509651863016, "fall_fraction": 0.8359375, "scope": "Training fitting/behavior only", "analytic_active_rollout_kl": 0.00934511423110962, "actor_step_fraction_mean": 1.0, "rejected_actor_updates": 0, "actor_bound_scope": "All active samples in current rollout; not a bound on future episodes", "recent_episode_count": 128, "recent_complete_fraction": 0.0, "recent_pickup_valid_fraction": 0.8359375, "all_complete_count": 0, "all_pickup_valid_count": 388, "failure_counts": {"pickup/hold": 21, "body unstable/drop": 105, "extension": 2, "retraction": 0, "thumb-contact": 0}, "behavior_scope": "Training samples, last128 episodes may mix early failures and complete36s trajectories; never independent validation"}
{"support_command_period": 1, "support_decision_fraction": 1.0, "support_logit_std_mean": 0.03020419180393219, "utc": "2026-10-05T18:38:44.869838+00:00", "update": 48, "transitions": 393216, "episodes": 452, "reward": -0.4937601089477539, "loss": 120.73135137557983, "kl": 0.002090599306029617, "active_sample_kl": 0.005934278898737211, "epoch_stop_kl_scope": "active residual-control samples", "policy_active_fraction": 0.3350830078125, "actual_hold_history_frames": 50, "wall_seconds": 446.8635620659916, "peak_extension_mean_m": 0.006453116849225893, "contact_mean": 0.5674765683361329, "fall_fraction": 0.828125, "scope": "Training fitting/behavior only", "analytic_active_rollout_kl": 0.009439240209758282, "actor_step_fraction_mean": 1.0, "rejected_actor_updates": 0, "actor_bound_scope": "All active samples in current rollout; not a bound on future episodes", "recent_episode_count": 128, "recent_complete_fraction": 0.0, "recent_pickup_valid_fraction": 0.8671875, "all_complete_count": 0, "all_pickup_valid_count": 397, "failure_counts": {"pickup/hold": 17, "body unstable/drop": 109, "extension": 2, "retraction": 0, "thumb-contact": 0}, "behavior_scope": "Training samples, last128 episodes may mix early failures and complete36s trajectories; never independent validation"}
{"support_command_period": 1, "support_decision_fraction": 1.0, "support_logit_std_mean": 0.030203910544514656, "utc": "2026-10-05T18:38:54.238186+00:00", "update": 49, "transitions": 401408, "episodes": 459, "reward": -0.4227975606918335, "loss": 164.5709466934204, "kl": 0.003239564372051973, "active_sample_kl": 0.009439241551384259, "epoch_stop_kl_scope": "active residual-control samples", "policy_active_fraction": 0.3204345703125, "actual_hold_history_frames": 50, "wall_seconds": 456.23190215905197, "peak_extension_mean_m": 0.006486882160032792, "contact_mean": 0.5769063532934524, "fall_fraction": 0.8359375, "scope": "Training fitting/behavior only", "analytic_active_rollout_kl": 0.011018206365406513, "actor_step_fraction_mean": 1.0, "rejected_actor_updates": 0, "actor_bound_scope": "All active samples in current rollout; not a bound on future episodes", "recent_episode_count": 128, "recent_complete_fraction": 0.0, "recent_pickup_valid_fraction": 0.8671875, "all_complete_count": 0, "all_pickup_valid_count": 403, "failure_counts": {"pickup/hold": 17, "body unstable/drop": 109, "extension": 2, "retraction": 0, "thumb-contact": 0}, "behavior_scope": "Training samples, last128 episodes may mix early failures and complete36s trajectories; never independent validation"}
{"support_command_period": 1, "support_decision_fraction": 1.0, "support_logit_std_mean": 0.030204078182578087, "utc": "2026-10-05T18:39:03.863730+00:00", "update": 50, "transitions": 409600, "episodes": 472, "reward": -0.34974706172943115, "loss": 204.01554012298584, "kl": 0.0029448436234815745, "active_sample_kl": 0.008012215417290858, "epoch_stop_kl_scope": "active residual-control samples", "policy_active_fraction": 0.3388671875, "actual_hold_history_frames": 50, "wall_seconds": 465.857437758008, "peak_extension_mean_m": 0.006841042023637556, "contact_mean": 0.5954569884343073, "fall_fraction": 0.828125, "scope": "Training fitting/behavior only", "analytic_active_rollout_kl": 0.008711653761565685, "actor_step_fraction_mean": 1.0, "rejected_actor_updates": 0, "actor_bound_scope": "All active samples in current rollout; not a bound on future episodes", "recent_episode_count": 128, "recent_complete_fraction": 0.0, "recent_pickup_valid_fraction": 0.890625, "all_complete_count": 0, "all_pickup_valid_count": 415, "failure_counts": {"pickup/hold": 14, "body unstable/drop": 112, "extension": 2, "retraction": 0, "thumb-contact": 0}, "behavior_scope": "Training samples, last128 episodes may mix early failures and complete36s trajectories; never independent validation"}
{"support_command_period": 1, "support_decision_fraction": 1.0, "support_logit_std_mean": 0.030203986912965775, "utc": "2026-10-05T18:39:15.139604+00:00", "update": 51, "transitions": 417792, "episodes": 486, "reward": -0.2608477473258972, "loss": 607.4825401306152, "kl": 0.003385233017979772, "active_sample_kl": 0.009180186303384241, "epoch_stop_kl_scope": "active residual-control samples", "policy_active_fraction": 0.341552734375, "actual_hold_history_frames": 50, "wall_seconds": 477.13331975601614, "peak_extension_mean_m": 0.007110012104561747, "contact_mean": 0.5928463804884814, "fall_fraction": 0.75, "scope": "Training fitting/behavior only", "analytic_active_rollout_kl": 0.010841968469321728, "actor_step_fraction_mean": 1.0, "rejected_actor_updates": 0, "actor_bound_scope": "All active samples in current rollout; not a bound on future episodes", "recent_episode_count": 128, "recent_complete_fraction": 0.0, "recent_pickup_valid_fraction": 0.9140625, "all_complete_count": 0, "all_pickup_valid_count": 429, "failure_counts": {"pickup/hold": 11, "body unstable/drop": 115, "extension": 2, "retraction": 0, "thumb-contact": 0}, "behavior_scope": "Training samples, last128 episodes may mix early failures and complete36s trajectories; never independent validation"}
{"support_command_period": 1, "support_decision_fraction": 1.0, "support_logit_std_mean": 0.03020385652780533, "utc": "2026-10-05T18:39:24.691819+00:00", "update": 52, "transitions": 425984, "episodes": 501, "reward": -0.43329712748527527, "loss": 175.271315574646, "kl": 0.0025638027636887273, "active_sample_kl": 0.007917069605365173, "epoch_stop_kl_scope": "active residual-control samples", "policy_active_fraction": 0.3031005859375, "actual_hold_history_frames": 50, "wall_seconds": 486.68553999601863, "peak_extension_mean_m": 0.007341086336055014, "contact_mean": 0.5969016143353656, "fall_fraction": 0.75, "scope": "Training fitting/behavior only", "analytic_active_rollout_kl": 0.012991960160434246, "actor_step_fraction_mean": 1.0, "rejected_actor_updates": 0, "actor_bound_scope": "All active samples in current rollout; not a bound on future episodes", "recent_episode_count": 128, "recent_complete_fraction": 0.0, "recent_pickup_valid_fraction": 0.9140625, "all_complete_count": 0, "all_pickup_valid_count": 442, "failure_counts": {"pickup/hold": 11, "body unstable/drop": 115, "extension": 2, "retraction": 0, "thumb-contact": 0}, "behavior_scope": "Training samples, last128 episodes may mix early failures and complete36s trajectories; never independent validation"}
{"support_command_period": 1, "support_decision_fraction": 1.0, "support_logit_std_mean": 0.030203839763998985, "utc": "2026-10-05T18:39:34.165423+00:00", "update": 53, "transitions": 434176, "episodes": 510, "reward": -0.1587177813053131, "loss": 188.83497095108032, "kl": 0.002239800060124253, "active_sample_kl": 0.0065945885286970984, "epoch_stop_kl_scope": "active residual-control samples", "policy_active_fraction": 0.3143310546875, "actual_hold_history_frames": 50, "wall_seconds": 496.1591408549575, "peak_extension_mean_m": 0.0075483353463710046, "contact_mean": 0.5921685419452842, "fall_fraction": 0.734375, "scope": "Training fitting/behavior only", "analytic_active_rollout_kl": 0.012276857160031796, "actor_step_fraction_mean": 1.0, "rejected_actor_updates": 0, "actor_bound_scope": "All active samples in current rollout; not a bound on future episodes", "recent_episode_count": 128, "recent_complete_fraction": 0.0, "recent_pickup_valid_fraction": 0.9140625, "all_complete_count": 0, "all_pickup_valid_count": 451, "failure_counts": {"pickup/hold": 11, "body unstable/drop": 115, "extension": 2, "retraction": 0, "thumb-contact": 0}, "behavior_scope": "Training samples, last128 episodes may mix early failures and complete36s trajectories; never independent validation"}
{"support_command_period": 1, "support_decision_fraction": 1.0, "support_logit_std_mean": 0.03020353429019451, "utc": "2026-10-05T18:39:43.615100+00:00", "update": 54, "transitions": 442368, "episodes": 523, "reward": -0.19148452579975128, "loss": 261.7222900390625, "kl": 0.0030568421043426497, "active_sample_kl": 0.00926157815263104, "epoch_stop_kl_scope": "active residual-control samples", "policy_active_fraction": 0.31201171875, "actual_hold_history_frames": 50, "wall_seconds": 505.6088137150509, "peak_extension_mean_m": 0.007031368473633393, "contact_mean": 0.5903820196981542, "fall_fraction": 0.734375, "scope": "Training fitting/behavior only", "analytic_active_rollout_kl": 0.010962480679154396, "actor_step_fraction_mean": 1.0, "rejected_actor_updates": 0, "actor_bound_scope": "All active samples in current rollout; not a bound on future episodes", "recent_episode_count": 128, "recent_complete_fraction": 0.0, "recent_pickup_valid_fraction": 0.90625, "all_complete_count": 0, "all_pickup_valid_count": 463, "failure_counts": {"pickup/hold": 12, "body unstable/drop": 114, "extension": 2, "retraction": 0, "thumb-contact": 0}, "behavior_scope": "Training samples, last128 episodes may mix early failures and complete36s trajectories; never independent validation"}
{"support_command_period": 1, "support_decision_fraction": 1.0, "support_logit_std_mean": 0.030204344540834427, "utc": "2026-10-05T18:39:52.832398+00:00", "update": 55, "transitions": 450560, "episodes": 535, "reward": -0.11339227110147476, "loss": 145.0426573753357, "kl": 0.0026046721959573915, "active_sample_kl": 0.007261947690579029, "epoch_stop_kl_scope": "active residual-control samples", "policy_active_fraction": 0.326171875, "actual_hold_history_frames": 50, "wall_seconds": 514.8261142550036, "peak_extension_mean_m": 0.00713457293667652, "contact_mean": 0.5865878189797513, "fall_fraction": 0.71875, "scope": "Training fitting/behavior only", "analytic_active_rollout_kl": 0.007205597590655088, "actor_step_fraction_mean": 1.0, "rejected_actor_updates": 0, "actor_bound_scope": "All active samples in current rollout; not a bound on future episodes", "recent_episode_count": 128, "recent_complete_fraction": 0.0, "recent_pickup_valid_fraction": 0.8984375, "all_complete_count": 0, "all_pickup_valid_count": 471, "failure_counts": {"pickup/hold": 13, "body unstable/drop": 113, "extension": 2, "retraction": 0, "thumb-contact": 0}, "behavior_scope": "Training samples, last128 episodes may mix early failures and complete36s trajectories; never independent validation"}
{"support_command_period": 1, "support_decision_fraction": 1.0, "support_logit_std_mean": 0.03020460158586502, "utc": "2026-10-05T18:40:02.094539+00:00", "update": 56, "transitions": 458752, "episodes": 540, "reward": 0.054176270961761475, "loss": 80.3820743560791, "kl": 0.0028086501188226976, "active_sample_kl": 0.007696779866198822, "epoch_stop_kl_scope": "active residual-control samples", "policy_active_fraction": 0.3367919921875, "actual_hold_history_frames": 50, "wall_seconds": 524.0882607100066, "peak_extension_mean_m": 0.007133987639091899, "contact_mean": 0.5891086800838821, "fall_fraction": 0.7265625, "scope": "Training fitting/behavior only", "analytic_active_rollout_kl": 0.007837110199034214, "actor_step_fraction_mean": 1.0, "rejected_actor_updates": 0, "actor_bound_scope": "All active samples in current rollout; not a bound on future episodes", "recent_episode_count": 128, "recent_complete_fraction": 0.0, "recent_pickup_valid_fraction": 0.890625, "all_complete_count": 0, "all_pickup_valid_count": 475, "failure_counts": {"pickup/hold": 14, "body unstable/drop": 113, "extension": 1, "retraction": 0, "thumb-contact": 0}, "behavior_scope": "Training samples, last128 episodes may mix early failures and complete36s trajectories; never independent validation"}
{"support_command_period": 1, "support_decision_fraction": 1.0, "support_logit_std_mean": 0.030204441398382187, "utc": "2026-10-05T18:40:11.487002+00:00", "update": 57, "transitions": 466944, "episodes": 546, "reward": -0.006455814465880394, "loss": 53.446579933166504, "kl": 0.002332839789232821, "active_sample_kl": 0.006164750581965167, "epoch_stop_kl_scope": "active residual-control samples", "policy_active_fraction": 0.3543701171875, "actual_hold_history_frames": 50, "wall_seconds": 533.4807199379429, "peak_extension_mean_m": 0.007326626450860019, "contact_mean": 0.5926872342242859, "fall_fraction": 0.7265625, "scope": "Training fitting/behavior only", "analytic_active_rollout_kl": 0.006905022542923689, "actor_step_fraction_mean": 1.0, "rejected_actor_updates": 0, "actor_bound_scope": "All active samples in current rollout; not a bound on future episodes", "recent_episode_count": 128, "recent_complete_fraction": 0.0, "recent_pickup_valid_fraction": 0.8828125, "all_complete_count": 0, "all_pickup_valid_count": 479, "failure_counts": {"pickup/hold": 15, "body unstable/drop": 113, "extension": 0, "retraction": 0, "thumb-contact": 0}, "behavior_scope": "Training samples, last128 episodes may mix early failures and complete36s trajectories; never independent validation"}
{"support_command_period": 1, "support_decision_fraction": 1.0, "support_logit_std_mean": 0.030204158276319504, "utc": "2026-10-05T18:40:20.830575+00:00", "update": 58, "transitions": 475136, "episodes": 552, "reward": 0.0594654381275177, "loss": 83.781005859375, "kl": 0.0028940238007635344, "active_sample_kl": 0.006901247343885197, "epoch_stop_kl_scope": "active residual-control samples", "policy_active_fraction": 0.3966064453125, "actual_hold_history_frames": 50, "wall_seconds": 542.824290266959, "peak_extension_mean_m": 0.007352297690571774, "contact_mean": 0.5986304738908075, "fall_fraction": 0.7421875, "scope": "Training fitting/behavior only", "analytic_active_rollout_kl": 0.008441300131380558, "actor_step_fraction_mean": 1.0, "rejected_actor_updates": 0, "actor_bound_scope": "All active samples in current rollout; not a bound on future episodes", "recent_episode_count": 128, "recent_complete_fraction": 0.0, "recent_pickup_valid_fraction": 0.8828125, "all_complete_count": 0, "all_pickup_valid_count": 485, "failure_counts": {"pickup/hold": 15, "body unstable/drop": 113, "extension": 0, "retraction": 0, "thumb-contact": 0}, "behavior_scope": "Training samples, last128 episodes may mix early failures and complete36s trajectories; never independent validation"}
{"support_command_period": 1, "support_decision_fraction": 1.0, "support_logit_std_mean": 0.03020372800529003, "utc": "2026-10-05T18:40:30.257710+00:00", "update": 59, "transitions": 483328, "episodes": 565, "reward": -0.0870194062590599, "loss": 192.6335802078247, "kl": 0.003940984437576844, "active_sample_kl": 0.008357136454963943, "epoch_stop_kl_scope": "active residual-control samples", "policy_active_fraction": 0.4410400390625, "actual_hold_history_frames": 50, "wall_seconds": 552.2514324450167, "peak_extension_mean_m": 0.007654432107328191, "contact_mean": 0.6033799005090259, "fall_fraction": 0.75, "scope": "Training fitting/behavior only", "analytic_active_rollout_kl": 0.011909738183021545, "actor_step_fraction_mean": 1.0, "rejected_actor_updates": 0, "actor_bound_scope": "All active samples in current rollout; not a bound on future episodes", "recent_episode_count": 128, "recent_complete_fraction": 0.0, "recent_pickup_valid_fraction": 0.8828125, "all_complete_count": 0, "all_pickup_valid_count": 496, "failure_counts": {"pickup/hold": 15, "body unstable/drop": 113, "extension": 0, "retraction": 0, "thumb-contact": 0}, "behavior_scope": "Training samples, last128 episodes may mix early failures and complete36s trajectories; never independent validation"}
{"support_command_period": 1, "support_decision_fraction": 1.0, "support_logit_std_mean": 0.03020390123128891, "utc": "2026-10-05T18:40:39.654126+00:00", "update": 60, "transitions": 491520, "episodes": 582, "reward": -0.22613590955734253, "loss": 185.48837852478027, "kl": 0.003198417802195763, "active_sample_kl": 0.007068510251688864, "epoch_stop_kl_scope": "active residual-control samples", "policy_active_fraction": 0.4298095703125, "actual_hold_history_frames": 50, "wall_seconds": 561.6478421150241, "peak_extension_mean_m": 0.0065527279511723435, "contact_mean": 0.5969969308353029, "fall_fraction": 0.7265625, "scope": "Training fitting/behavior only", "analytic_active_rollout_kl": 0.011030100286006927, "actor_step_fraction_mean": 1.0, "rejected_actor_updates": 0, "actor_bound_scope": "All active samples in current rollout; not a bound on future episodes", "recent_episode_count": 128, "recent_complete_fraction": 0.0, "recent_pickup_valid_fraction": 0.8828125, "all_complete_count": 0, "all_pickup_valid_count": 511, "failure_counts": {"pickup/hold": 15, "body unstable/drop": 113, "extension": 0, "retraction": 0, "thumb-contact": 0}, "behavior_scope": "Training samples, last128 episodes may mix early failures and complete36s trajectories; never independent validation"}
{"support_command_period": 1, "support_decision_fraction": 1.0, "support_logit_std_mean": 0.030203914269804955, "utc": "2026-10-05T18:40:49.096353+00:00", "update": 61, "transitions": 499712, "episodes": 589, "reward": -0.13095997273921967, "loss": 281.8969259262085, "kl": 0.005794668362796074, "active_sample_kl": 0.0129554954006591, "epoch_stop_kl_scope": "active residual-control samples", "policy_active_fraction": 0.4248046875, "actual_hold_history_frames": 50, "wall_seconds": 571.090074643027, "peak_extension_mean_m": 0.006321676055305758, "contact_mean": 0.5913001277367584, "fall_fraction": 0.71875, "scope": "Training fitting/behavior only", "analytic_active_rollout_kl": 0.01883135549724102, "actor_step_fraction_mean": 1.0, "rejected_actor_updates": 0, "actor_bound_scope": "All active samples in current rollout; not a bound on future episodes", "recent_episode_count": 128, "recent_complete_fraction": 0.0, "recent_pickup_valid_fraction": 0.8828125, "all_complete_count": 0, "all_pickup_valid_count": 518, "failure_counts": {"pickup/hold": 15, "body unstable/drop": 113, "extension": 0, "retraction": 0, "thumb-contact": 0}, "behavior_scope": "Training samples, last128 episodes may mix early failures and complete36s trajectories; never independent validation"}
{"support_command_period": 1, "support_decision_fraction": 1.0, "support_logit_std_mean": 0.030202988535165787, "utc": "2026-10-05T18:40:58.603362+00:00", "update": 62, "transitions": 507904, "episodes": 600, "reward": -0.27405959367752075, "loss": 131.75421285629272, "kl": 0.003424689690291416, "active_sample_kl": 0.0076646125995210035, "epoch_stop_kl_scope": "active residual-control samples", "policy_active_fraction": 0.4287109375, "actual_hold_history_frames": 50, "wall_seconds": 580.5970793419983, "peak_extension_mean_m": 0.005892836934860313, "contact_mean": 0.6057006458286196, "fall_fraction": 0.734375, "scope": "Training fitting/behavior only", "analytic_active_rollout_kl": 0.009922283701598644, "actor_step_fraction_mean": 1.0, "rejected_actor_updates": 0, "actor_bound_scope": "All active samples in current rollout; not a bound on future episodes", "recent_episode_count": 128, "recent_complete_fraction": 0.0, "recent_pickup_valid_fraction": 0.8828125, "all_complete_count": 0, "all_pickup_valid_count": 528, "failure_counts": {"pickup/hold": 15, "body unstable/drop": 113, "extension": 0, "retraction": 0, "thumb-contact": 0}, "behavior_scope": "Training samples, last128 episodes may mix early failures and complete36s trajectories; never independent validation"}
{"support_command_period": 1, "support_decision_fraction": 0.9999999403953552, "support_logit_std_mean": 0.0302024744451046, "utc": "2026-10-05T18:41:07.921950+00:00", "update": 63, "transitions": 516096, "episodes": 606, "reward": -0.02160826325416565, "loss": 229.37180423736572, "kl": 0.003300092614153982, "active_sample_kl": 0.006873001545587287, "epoch_stop_kl_scope": "active residual-control samples", "policy_active_fraction": 0.4559326171875, "actual_hold_history_frames": 50, "wall_seconds": 589.9156704279594, "peak_extension_mean_m": 0.005118158956490149, "contact_mean": 0.5862463289522566, "fall_fraction": 0.75, "scope": "Training fitting/behavior only", "analytic_active_rollout_kl": 0.008820213377475739, "actor_step_fraction_mean": 1.0, "rejected_actor_updates": 0, "actor_bound_scope": "All active samples in current rollout; not a bound on future episodes", "recent_episode_count": 128, "recent_complete_fraction": 0.0, "recent_pickup_valid_fraction": 0.875, "all_complete_count": 0, "all_pickup_valid_count": 533, "failure_counts": {"pickup/hold": 16, "body unstable/drop": 112, "extension": 0, "retraction": 0, "thumb-contact": 0}, "behavior_scope": "Training samples, last128 episodes may mix early failures and complete36s trajectories; never independent validation"}
{"support_command_period": 1, "support_decision_fraction": 0.9999999403953552, "support_logit_std_mean": 0.03020244464278221, "utc": "2026-10-05T18:41:17.254204+00:00", "update": 64, "transitions": 524288, "episodes": 621, "reward": -0.11333241313695908, "loss": 371.07965755462646, "kl": 0.0034441679363226285, "active_sample_kl": 0.007795897488307751, "epoch_stop_kl_scope": "active residual-control samples", "policy_active_fraction": 0.4141845703125, "actual_hold_history_frames": 50, "wall_seconds": 599.2479196529603, "peak_extension_mean_m": 0.004906726506161974, "contact_mean": 0.571376500884071, "fall_fraction": 0.75, "scope": "Training fitting/behavior only", "analytic_active_rollout_kl": 0.009960669092833996, "actor_step_fraction_mean": 1.0, "rejected_actor_updates": 0, "actor_bound_scope": "All active samples in current rollout; not a bound on future episodes", "recent_episode_count": 128, "recent_complete_fraction": 0.0, "recent_pickup_valid_fraction": 0.84375, "all_complete_count": 0, "all_pickup_valid_count": 544, "failure_counts": {"pickup/hold": 20, "body unstable/drop": 107, "extension": 1, "retraction": 0, "thumb-contact": 0}, "behavior_scope": "Training samples, last128 episodes may mix early failures and complete36s trajectories; never independent validation"}
{"support_command_period": 1, "support_decision_fraction": 1.0, "support_logit_std_mean": 0.030202392488718033, "utc": "2026-10-05T18:41:26.606804+00:00", "update": 65, "transitions": 532480, "episodes": 628, "reward": -0.12363246083259583, "loss": 295.6925106048584, "kl": 0.0019981711957370862, "active_sample_kl": 0.004932379241856022, "epoch_stop_kl_scope": "active residual-control samples", "policy_active_fraction": 0.3916015625, "actual_hold_history_frames": 50, "wall_seconds": 608.600520864944, "peak_extension_mean_m": 0.0052105268684368156, "contact_mean": 0.5790202599819168, "fall_fraction": 0.7421875, "scope": "Training fitting/behavior only", "analytic_active_rollout_kl": 0.008361457847058773, "actor_step_fraction_mean": 1.0, "rejected_actor_updates": 0, "actor_bound_scope": "All active samples in current rollout; not a bound on future episodes", "recent_episode_count": 128, "recent_complete_fraction": 0.0, "recent_pickup_valid_fraction": 0.8515625, "all_complete_count": 0, "all_pickup_valid_count": 550, "failure_counts": {"pickup/hold": 19, "body unstable/drop": 108, "extension": 1, "retraction": 0, "thumb-contact": 0}, "behavior_scope": "Training samples, last128 episodes may mix early failures and complete36s trajectories; never independent validation"}
{"support_command_period": 1, "support_decision_fraction": 1.0, "support_logit_std_mean": 0.030202355235815048, "utc": "2026-10-05T18:41:36.193508+00:00", "update": 66, "transitions": 540672, "episodes": 636, "reward": -0.1532907485961914, "loss": 226.16693305969238, "kl": 0.0025457754181843484, "active_sample_kl": 0.006330887493663173, "epoch_stop_kl_scope": "active residual-control samples", "policy_active_fraction": 0.3792724609375, "actual_hold_history_frames": 50, "wall_seconds": 618.1872199890204, "peak_extension_mean_m": 0.0051040981161332155, "contact_mean": 0.5673364412723458, "fall_fraction": 0.7421875, "scope": "Training fitting/behavior only", "analytic_active_rollout_kl": 0.008046924136579037, "actor_step_fraction_mean": 1.0, "rejected_actor_updates": 0, "actor_bound_scope": "All active samples in current rollout; not a bound on future episodes", "recent_episode_count": 128, "recent_complete_fraction": 0.0, "recent_pickup_valid_fraction": 0.84375, "all_complete_count": 0, "all_pickup_valid_count": 557, "failure_counts": {"pickup/hold": 20, "body unstable/drop": 107, "extension": 1, "retraction": 0, "thumb-contact": 0}, "behavior_scope": "Training samples, last128 episodes may mix early failures and complete36s trajectories; never independent validation"}
{"support_command_period": 1, "support_decision_fraction": 1.0, "support_logit_std_mean": 0.030202709138393402, "utc": "2026-10-05T18:41:45.645770+00:00", "update": 67, "transitions": 548864, "episodes": 651, "reward": -0.11124547570943832, "loss": 137.90593910217285, "kl": 0.0033586608751647873, "active_sample_kl": 0.007863236402176899, "epoch_stop_kl_scope": "active residual-control samples", "policy_active_fraction": 0.3929443359375, "actual_hold_history_frames": 50, "wall_seconds": 627.6394931729883, "peak_extension_mean_m": 0.005707000270488649, "contact_mean": 0.5650534333180985, "fall_fraction": 0.6953125, "scope": "Training fitting/behavior only", "analytic_active_rollout_kl": 0.013319790363311768, "actor_step_fraction_mean": 1.0, "rejected_actor_updates": 0, "actor_bound_scope": "All active samples in current rollout; not a bound on future episodes", "recent_episode_count": 128, "recent_complete_fraction": 0.0, "recent_pickup_valid_fraction": 0.84375, "all_complete_count": 0, "all_pickup_valid_count": 571, "failure_counts": {"pickup/hold": 20, "body unstable/drop": 107, "extension": 1, "retraction": 0, "thumb-contact": 0}, "behavior_scope": "Training samples, last128 episodes may mix early failures and complete36s trajectories; never independent validation"}
