model,source,seconds,trial,strict,body_stable,alive
historical,0,2.0,0,True,True,True
historical,0,2.0,1,True,True,True
historical,0,2.0,2,True,True,True
historical,0,2.0,3,True,True,True
historical,0,2.0,4,True,True,True
historical,0,2.0,5,True,True,True
historical,0,2.0,6,True,True,True
historical,0,2.0,7,True,True,True
historical,0,2.0,8,True,True,True
historical,0,2.0,9,True,True,True
historical,0,2.0,10,True,True,True
historical,0,2.0,11,True,True,True
historical,0,2.0,12,True,True,True
historical,0,2.0,13,True,True,True
historical,0,2.0,14,True,True,True
historical,0,2.0,15,True,True,True
historical,0,2.0,16,True,True,True
historical,0,2.0,17,True,True,True
historical,0,2.0,18,True,True,True
historical,0,2.0,19,True,True,True
historical,0,2.0,20,True,True,True
historical,0,2.0,21,True,True,True
historical,0,2.0,22,True,True,True
historical,0,2.0,23,True,True,True
historical,0,2.0,24,True,True,True
historical,0,2.0,25,True,True,True
historical,0,2.0,26,True,True,True
historical,0,2.0,27,True,True,True
historical,0,2.0,28,True,True,True
historical,0,2.0,29,True,True,True
historical,0,2.0,30,True,True,True
historical,0,2.0,31,True,True,True
historical,0,2.0,32,True,True,True
historical,0,2.0,33,True,True,True
historical,0,2.0,34,True,True,True
historical,0,2.0,35,True,True,True
historical,0,2.0,36,True,True,True
historical,0,2.0,37,True,True,True
historical,0,2.0,38,True,True,True
historical,0,2.0,39,True,True,True
historical,0,2.0,40,True,True,True
historical,0,2.0,41,True,True,True
historical,0,2.0,42,True,True,True
historical,0,2.0,43,True,True,True
historical,0,2.0,44,True,True,True
historical,0,2.0,45,True,True,True
historical,0,2.0,46,True,True,True
historical,0,2.0,47,True,True,True
historical,0,2.0,48,True,True,True
historical,0,2.0,49,True,True,True
historical,0,2.0,50,True,True,True
historical,0,2.0,51,True,True,True
historical,0,2.0,52,True,True,True
historical,0,2.0,53,True,True,True
historical,0,2.0,54,True,True,True
historical,0,2.0,55,True,True,True
historical,0,2.0,56,True,True,True
historical,0,2.0,57,True,True,True
historical,0,2.0,58,True,True,True
historical,0,2.0,59,True,True,True
historical,0,2.0,60,True,True,True
historical,0,2.0,61,True,True,True
historical,0,2.0,62,True,True,True
historical,0,2.0,63,True,True,True
historical,0,2.0,64,True,True,True
historical,0,2.0,65,True,True,True
historical,0,2.0,66,True,True,True
historical,0,2.0,67,True,True,True
historical,0,2.0,68,True,True,True
historical,0,2.0,69,True,True,True
historical,0,2.0,70,True,True,True
historical,0,2.0,71,True,True,True
historical,0,2.0,72,True,True,True
historical,0,2.0,73,True,True,True
historical,0,2.0,74,True,True,True
historical,0,2.0,75,True,True,True
historical,0,2.0,76,True,True,True
historical,0,2.0,77,True,True,True
historical,0,2.0,78,True,True,True
historical,0,2.0,79,True,True,True
historical,0,2.0,80,True,True,True
historical,0,2.0,81,True,True,True
historical,0,2.0,82,True,True,True
historical,0,2.0,83,True,True,True
historical,0,2.0,84,True,True,True
historical,0,2.0,85,True,True,True
historical,0,2.0,86,True,True,True
historical,0,2.0,87,True,True,True
historical,0,2.0,88,True,True,True
historical,0,2.0,89,True,True,True
historical,0,2.0,90,True,True,True
historical,0,2.0,91,True,True,True
historical,0,2.0,92,True,True,True
historical,0,2.0,93,True,True,True
historical,0,2.0,94,True,True,True
historical,0,2.0,95,True,True,True
historical,0,2.0,96,True,True,True
historical,0,2.0,97,True,True,True
historical,0,2.0,98,True,True,True
historical,0,2.0,99,True,True,True
historical,0,2.0,100,True,True,True
historical,0,2.0,101,True,True,True
historical,0,2.0,102,True,True,True
historical,0,2.0,103,True,True,True
historical,0,2.0,104,True,True,True
historical,0,2.0,105,True,True,True
historical,0,2.0,106,True,True,True
historical,0,2.0,107,True,True,True
historical,0,2.0,108,True,True,True
historical,0,2.0,109,True,True,True
historical,0,2.0,110,True,True,True
historical,0,2.0,111,True,True,True
historical,0,2.0,112,True,True,True
historical,0,2.0,113,True,True,True
historical,0,2.0,114,True,True,True
historical,0,2.0,115,True,True,True
historical,0,2.0,116,True,True,True
historical,0,2.0,117,True,True,True
historical,0,2.0,118,True,True,True
historical,0,2.0,119,True,True,True
historical,0,2.0,120,True,True,True
historical,0,2.0,121,True,True,True
historical,0,2.0,122,True,True,True
historical,0,2.0,123,True,True,True
historical,0,2.0,124,True,True,True
historical,0,2.0,125,True,True,True
historical,0,2.0,126,True,True,True
historical,0,2.0,127,True,True,True
historical,1,2.0,0,True,True,True
historical,1,2.0,1,True,True,True
historical,1,2.0,2,True,True,True
historical,1,2.0,3,True,True,True
historical,1,2.0,4,True,True,True
historical,1,2.0,5,True,True,True
historical,1,2.0,6,True,True,True
historical,1,2.0,7,True,True,True
historical,1,2.0,8,True,True,True
historical,1,2.0,9,True,True,True
historical,1,2.0,10,True,True,True
historical,1,2.0,11,True,True,True
historical,1,2.0,12,True,True,True
historical,1,2.0,13,True,True,True
historical,1,2.0,14,True,True,True
historical,1,2.0,15,True,True,True
historical,1,2.0,16,True,True,True
historical,1,2.0,17,True,True,True
historical,1,2.0,18,True,True,True
historical,1,2.0,19,True,True,True
historical,1,2.0,20,True,True,True
historical,1,2.0,21,True,True,True
historical,1,2.0,22,True,True,True
historical,1,2.0,23,True,True,True
historical,1,2.0,24,True,True,True
historical,1,2.0,25,True,True,True
historical,1,2.0,26,True,True,True
historical,1,2.0,27,True,True,True
historical,1,2.0,28,True,True,True
historical,1,2.0,29,True,True,True
historical,1,2.0,30,True,True,True
historical,1,2.0,31,True,True,True
historical,1,2.0,32,True,True,True
historical,1,2.0,33,True,True,True
historical,1,2.0,34,True,True,True
historical,1,2.0,35,True,True,True
historical,1,2.0,36,True,True,True
historical,1,2.0,37,True,True,True
historical,1,2.0,38,True,True,True
historical,1,2.0,39,True,True,True
historical,1,2.0,40,True,True,True
historical,1,2.0,41,True,True,True
historical,1,2.0,42,True,True,True
historical,1,2.0,43,True,True,True
historical,1,2.0,44,True,True,True
historical,1,2.0,45,True,True,True
historical,1,2.0,46,True,True,True
historical,1,2.0,47,True,True,True
historical,1,2.0,48,True,True,True
historical,1,2.0,49,True,True,True
historical,1,2.0,50,True,True,True
historical,1,2.0,51,True,True,True
historical,1,2.0,52,True,True,True
historical,1,2.0,53,True,True,True
historical,1,2.0,54,True,True,True
historical,1,2.0,55,True,True,True
historical,1,2.0,56,True,True,True
historical,1,2.0,57,True,True,True
historical,1,2.0,58,True,True,True
historical,1,2.0,59,True,True,True
historical,1,2.0,60,True,True,True
historical,1,2.0,61,True,True,True
historical,1,2.0,62,True,True,True
historical,1,2.0,63,True,True,True
historical,1,2.0,64,True,True,True
historical,1,2.0,65,True,True,True
historical,1,2.0,66,True,True,True
historical,1,2.0,67,True,True,True
historical,1,2.0,68,True,True,True
historical,1,2.0,69,True,True,True
historical,1,2.0,70,True,True,True
historical,1,2.0,71,True,True,True
historical,1,2.0,72,True,True,True
historical,1,2.0,73,True,True,True
historical,1,2.0,74,True,True,True
historical,1,2.0,75,True,True,True
historical,1,2.0,76,True,True,True
historical,1,2.0,77,True,True,True
historical,1,2.0,78,True,True,True
historical,1,2.0,79,True,True,True
historical,1,2.0,80,True,True,True
historical,1,2.0,81,True,True,True
historical,1,2.0,82,True,True,True
historical,1,2.0,83,True,True,True
historical,1,2.0,84,True,True,True
historical,1,2.0,85,True,True,True
historical,1,2.0,86,True,True,True
historical,1,2.0,87,True,True,True
historical,1,2.0,88,True,True,True
historical,1,2.0,89,True,True,True
historical,1,2.0,90,True,True,True
historical,1,2.0,91,True,True,True
historical,1,2.0,92,True,True,True
historical,1,2.0,93,True,True,True
historical,1,2.0,94,True,True,True
historical,1,2.0,95,True,True,True
historical,1,2.0,96,True,True,True
historical,1,2.0,97,True,True,True
historical,1,2.0,98,True,True,True
historical,1,2.0,99,True,True,True
historical,1,2.0,100,True,True,True
historical,1,2.0,101,True,True,True
historical,1,2.0,102,True,True,True
historical,1,2.0,103,True,True,True
historical,1,2.0,104,True,True,True
historical,1,2.0,105,True,True,True
historical,1,2.0,106,True,True,True
historical,1,2.0,107,True,True,True
historical,1,2.0,108,True,True,True
historical,1,2.0,109,True,True,True
historical,1,2.0,110,True,True,True
historical,1,2.0,111,True,True,True
historical,1,2.0,112,True,True,True
historical,1,2.0,113,True,True,True
historical,1,2.0,114,True,True,True
historical,1,2.0,115,True,True,True
historical,1,2.0,116,True,True,True
historical,1,2.0,117,True,True,True
historical,1,2.0,118,True,True,True
historical,1,2.0,119,True,True,True
historical,1,2.0,120,True,True,True
historical,1,2.0,121,True,True,True
historical,1,2.0,122,True,True,True
historical,1,2.0,123,True,True,True
historical,1,2.0,124,True,True,True
historical,1,2.0,125,True,True,True
historical,1,2.0,126,True,True,True
historical,1,2.0,127,True,True,True
historical,2,2.0,0,True,True,True
historical,2,2.0,1,True,True,True
historical,2,2.0,2,True,True,True
historical,2,2.0,3,True,True,True
historical,2,2.0,4,True,True,True
historical,2,2.0,5,True,True,True
historical,2,2.0,6,True,True,True
historical,2,2.0,7,True,True,True
historical,2,2.0,8,True,True,True
historical,2,2.0,9,True,True,True
historical,2,2.0,10,True,True,True
historical,2,2.0,11,True,True,True
historical,2,2.0,12,True,True,True
historical,2,2.0,13,True,True,True
historical,2,2.0,14,True,True,True
historical,2,2.0,15,True,True,True
historical,2,2.0,16,True,True,True
historical,2,2.0,17,True,True,True
historical,2,2.0,18,True,True,True
historical,2,2.0,19,True,True,True
historical,2,2.0,20,True,True,True
historical,2,2.0,21,True,True,True
historical,2,2.0,22,True,True,True
historical,2,2.0,23,True,True,True
historical,2,2.0,24,True,True,True
historical,2,2.0,25,True,True,True
historical,2,2.0,26,True,True,True
historical,2,2.0,27,True,True,True
historical,2,2.0,28,True,True,True
historical,2,2.0,29,True,True,True
historical,2,2.0,30,True,True,True
historical,2,2.0,31,True,True,True
historical,2,2.0,32,True,True,True
historical,2,2.0,33,True,True,True
historical,2,2.0,34,True,True,True
historical,2,2.0,35,True,True,True
historical,2,2.0,36,True,True,True
historical,2,2.0,37,True,True,True
historical,2,2.0,38,True,True,True
historical,2,2.0,39,True,True,True
historical,2,2.0,40,True,True,True
historical,2,2.0,41,True,True,True
historical,2,2.0,42,True,True,True
historical,2,2.0,43,True,True,True
historical,2,2.0,44,True,True,True
historical,2,2.0,45,True,True,True
historical,2,2.0,46,True,True,True
historical,2,2.0,47,True,True,True
historical,2,2.0,48,True,True,True
historical,2,2.0,49,True,True,True
historical,2,2.0,50,True,True,True
historical,2,2.0,51,True,True,True
historical,2,2.0,52,True,True,True
historical,2,2.0,53,True,True,True
historical,2,2.0,54,True,True,True
historical,2,2.0,55,True,True,True
historical,2,2.0,56,True,True,True
historical,2,2.0,57,True,True,True
historical,2,2.0,58,True,True,True
historical,2,2.0,59,True,True,True
historical,2,2.0,60,True,True,True
historical,2,2.0,61,True,True,True
historical,2,2.0,62,True,True,True
historical,2,2.0,63,True,True,True
historical,2,2.0,64,True,True,True
historical,2,2.0,65,True,True,True
historical,2,2.0,66,True,True,True
historical,2,2.0,67,True,True,True
historical,2,2.0,68,True,True,True
historical,2,2.0,69,True,True,True
historical,2,2.0,70,True,True,True
historical,2,2.0,71,True,True,True
historical,2,2.0,72,True,True,True
historical,2,2.0,73,True,True,True
historical,2,2.0,74,True,True,True
historical,2,2.0,75,True,True,True
historical,2,2.0,76,True,True,True
historical,2,2.0,77,True,True,True
historical,2,2.0,78,True,True,True
historical,2,2.0,79,True,True,True
historical,2,2.0,80,True,True,True
historical,2,2.0,81,True,True,True
historical,2,2.0,82,True,True,True
historical,2,2.0,83,True,True,True
historical,2,2.0,84,True,True,True
historical,2,2.0,85,True,True,True
historical,2,2.0,86,True,True,True
historical,2,2.0,87,True,True,True
historical,2,2.0,88,True,True,True
historical,2,2.0,89,True,True,True
historical,2,2.0,90,True,True,True
historical,2,2.0,91,True,True,True
historical,2,2.0,92,True,True,True
historical,2,2.0,93,True,True,True
historical,2,2.0,94,True,True,True
historical,2,2.0,95,True,True,True
historical,2,2.0,96,True,True,True
historical,2,2.0,97,True,True,True
historical,2,2.0,98,True,True,True
historical,2,2.0,99,True,True,True
historical,2,2.0,100,True,True,True
historical,2,2.0,101,True,True,True
historical,2,2.0,102,True,True,True
historical,2,2.0,103,True,True,True
historical,2,2.0,104,True,True,True
historical,2,2.0,105,True,True,True
historical,2,2.0,106,True,True,True
historical,2,2.0,107,True,True,True
historical,2,2.0,108,True,True,True
historical,2,2.0,109,True,True,True
historical,2,2.0,110,True,True,True
historical,2,2.0,111,True,True,True
historical,2,2.0,112,True,True,True
historical,2,2.0,113,True,True,True
historical,2,2.0,114,True,True,True
historical,2,2.0,115,True,True,True
historical,2,2.0,116,True,True,True
historical,2,2.0,117,False,False,False
historical,2,2.0,118,True,True,True
historical,2,2.0,119,True,True,True
historical,2,2.0,120,True,True,True
historical,2,2.0,121,True,True,True
historical,2,2.0,122,True,True,True
historical,2,2.0,123,True,True,True
historical,2,2.0,124,True,True,True
historical,2,2.0,125,True,True,True
historical,2,2.0,126,True,True,True
historical,2,2.0,127,True,True,True
historical,3,2.0,0,False,True,True
historical,3,2.0,1,False,True,True
historical,3,2.0,2,False,True,True
historical,3,2.0,3,False,True,True
historical,3,2.0,4,False,True,True
historical,3,2.0,5,False,True,True
historical,3,2.0,6,False,True,True
historical,3,2.0,7,False,True,True
historical,3,2.0,8,False,True,True
historical,3,2.0,9,False,True,True
historical,3,2.0,10,False,True,True
historical,3,2.0,11,False,True,True
historical,3,2.0,12,False,True,True
historical,3,2.0,13,False,True,True
historical,3,2.0,14,False,True,True
historical,3,2.0,15,False,True,True
historical,3,2.0,16,False,True,True
historical,3,2.0,17,False,True,True
historical,3,2.0,18,False,True,True
historical,3,2.0,19,False,True,True
historical,3,2.0,20,False,True,True
historical,3,2.0,21,False,True,True
historical,3,2.0,22,False,True,True
historical,3,2.0,23,False,True,True
historical,3,2.0,24,False,True,True
historical,3,2.0,25,False,True,True
historical,3,2.0,26,False,True,True
historical,3,2.0,27,False,True,True
historical,3,2.0,28,False,True,True
historical,3,2.0,29,False,True,True
historical,3,2.0,30,False,True,True
historical,3,2.0,31,False,True,True
historical,3,2.0,32,False,True,True
historical,3,2.0,33,False,True,True
historical,3,2.0,34,False,True,True
historical,3,2.0,35,False,True,True
historical,3,2.0,36,False,True,True
historical,3,2.0,37,False,True,True
historical,3,2.0,38,False,True,True
historical,3,2.0,39,False,True,True
historical,3,2.0,40,False,True,True
historical,3,2.0,41,False,True,True
historical,3,2.0,42,False,True,True
historical,3,2.0,43,False,False,False
historical,3,2.0,44,False,True,True
historical,3,2.0,45,False,True,True
historical,3,2.0,46,False,True,True
historical,3,2.0,47,False,True,True
historical,3,2.0,48,False,True,True
historical,3,2.0,49,False,True,True
historical,3,2.0,50,False,True,True
historical,3,2.0,51,False,True,True
historical,3,2.0,52,False,True,True
historical,3,2.0,53,False,True,True
historical,3,2.0,54,False,True,True
historical,3,2.0,55,False,True,True
historical,3,2.0,56,False,True,True
historical,3,2.0,57,False,True,True
historical,3,2.0,58,False,True,True
historical,3,2.0,59,False,True,True
historical,3,2.0,60,False,True,True
historical,3,2.0,61,False,True,True
historical,3,2.0,62,False,True,True
historical,3,2.0,63,False,True,True
historical,3,2.0,64,False,True,True
historical,3,2.0,65,False,True,True
historical,3,2.0,66,False,False,False
historical,3,2.0,67,False,True,True
historical,3,2.0,68,False,True,True
historical,3,2.0,69,False,True,True
historical,3,2.0,70,False,True,True
historical,3,2.0,71,False,True,True
historical,3,2.0,72,False,True,True
historical,3,2.0,73,False,True,True
historical,3,2.0,74,False,True,True
historical,3,2.0,75,False,True,True
historical,3,2.0,76,False,True,True
historical,3,2.0,77,False,True,True
historical,3,2.0,78,False,True,True
historical,3,2.0,79,False,True,True
historical,3,2.0,80,False,True,True
historical,3,2.0,81,False,True,True
historical,3,2.0,82,False,True,True
historical,3,2.0,83,False,True,True
historical,3,2.0,84,False,True,True
historical,3,2.0,85,False,True,True
historical,3,2.0,86,False,True,True
historical,3,2.0,87,False,True,True
historical,3,2.0,88,False,True,True
historical,3,2.0,89,False,True,True
historical,3,2.0,90,False,True,True
historical,3,2.0,91,False,True,True
historical,3,2.0,92,False,True,True
historical,3,2.0,93,False,True,True
historical,3,2.0,94,False,True,True
historical,3,2.0,95,False,True,True
historical,3,2.0,96,False,True,True
historical,3,2.0,97,False,True,True
historical,3,2.0,98,False,True,True
historical,3,2.0,99,False,True,True
historical,3,2.0,100,False,True,True
historical,3,2.0,101,False,True,True
historical,3,2.0,102,False,True,True
historical,3,2.0,103,False,True,True
historical,3,2.0,104,False,True,True
historical,3,2.0,105,False,True,True
historical,3,2.0,106,False,True,True
historical,3,2.0,107,False,True,True
historical,3,2.0,108,False,True,True
historical,3,2.0,109,False,True,True
historical,3,2.0,110,False,True,True
historical,3,2.0,111,False,True,True
historical,3,2.0,112,False,True,True
historical,3,2.0,113,False,True,True
historical,3,2.0,114,False,True,True
historical,3,2.0,115,False,True,True
historical,3,2.0,116,False,True,True
historical,3,2.0,117,False,True,True
historical,3,2.0,118,False,True,True
historical,3,2.0,119,False,True,True
historical,3,2.0,120,False,True,True
historical,3,2.0,121,False,True,True
historical,3,2.0,122,False,True,True
historical,3,2.0,123,False,True,True
historical,3,2.0,124,False,True,True
historical,3,2.0,125,False,True,True
historical,3,2.0,126,False,True,True
historical,3,2.0,127,False,True,True
source3,0,2.0,0,False,False,False
source3,0,2.0,1,False,False,False
source3,0,2.0,2,False,False,False
source3,0,2.0,3,False,False,False
source3,0,2.0,4,False,False,False
source3,0,2.0,5,False,False,False
source3,0,2.0,6,False,False,False
source3,0,2.0,7,False,False,False
source3,0,2.0,8,False,False,False
source3,0,2.0,9,False,False,False
source3,0,2.0,10,False,False,False
source3,0,2.0,11,False,False,False
source3,0,2.0,12,False,False,False
source3,0,2.0,13,False,False,False
source3,0,2.0,14,False,False,False
source3,0,2.0,15,False,False,False
source3,0,2.0,16,False,False,False
source3,0,2.0,17,False,False,False
source3,0,2.0,18,False,False,False
source3,0,2.0,19,False,False,False
source3,0,2.0,20,False,False,False
source3,0,2.0,21,False,False,False
source3,0,2.0,22,False,False,False
source3,0,2.0,23,False,False,False
source3,0,2.0,24,False,False,False
source3,0,2.0,25,False,False,False
source3,0,2.0,26,False,False,False
source3,0,2.0,27,False,False,False
source3,0,2.0,28,False,False,False
source3,0,2.0,29,False,False,False
source3,0,2.0,30,False,False,False
source3,0,2.0,31,False,False,False
source3,0,2.0,32,False,False,False
source3,0,2.0,33,False,False,False
source3,0,2.0,34,False,False,False
source3,0,2.0,35,False,False,False
source3,0,2.0,36,False,False,False
source3,0,2.0,37,False,False,False
source3,0,2.0,38,False,False,False
source3,0,2.0,39,False,False,False
source3,0,2.0,40,False,False,False
source3,0,2.0,41,False,False,False
source3,0,2.0,42,False,False,False
source3,0,2.0,43,False,False,False
source3,0,2.0,44,False,False,False
source3,0,2.0,45,False,False,False
source3,0,2.0,46,False,False,False
source3,0,2.0,47,False,False,False
source3,0,2.0,48,False,False,False
source3,0,2.0,49,False,False,False
source3,0,2.0,50,False,False,False
source3,0,2.0,51,False,False,False
source3,0,2.0,52,False,False,False
source3,0,2.0,53,False,False,False
source3,0,2.0,54,False,False,False
source3,0,2.0,55,False,False,False
source3,0,2.0,56,False,False,False
source3,0,2.0,57,False,False,False
source3,0,2.0,58,False,False,False
source3,0,2.0,59,False,False,False
source3,0,2.0,60,False,False,False
source3,0,2.0,61,False,False,False
source3,0,2.0,62,False,False,False
source3,0,2.0,63,False,False,False
source3,0,2.0,64,False,False,False
source3,0,2.0,65,False,False,False
source3,0,2.0,66,False,False,False
source3,0,2.0,67,False,False,False
source3,0,2.0,68,False,False,False
source3,0,2.0,69,False,False,False
source3,0,2.0,70,False,False,False
source3,0,2.0,71,False,False,False
source3,0,2.0,72,False,False,False
source3,0,2.0,73,False,False,False
source3,0,2.0,74,False,False,False
source3,0,2.0,75,False,False,False
source3,0,2.0,76,False,False,False
source3,0,2.0,77,False,False,False
source3,0,2.0,78,False,False,False
source3,0,2.0,79,False,False,False
source3,0,2.0,80,False,False,False
source3,0,2.0,81,False,False,False
source3,0,2.0,82,False,False,False
source3,0,2.0,83,False,False,False
source3,0,2.0,84,False,False,False
source3,0,2.0,85,False,False,False
source3,0,2.0,86,False,False,False
source3,0,2.0,87,False,False,False
source3,0,2.0,88,False,False,False
source3,0,2.0,89,False,False,False
source3,0,2.0,90,False,False,False
source3,0,2.0,91,False,False,False
source3,0,2.0,92,False,False,False
source3,0,2.0,93,False,False,False
source3,0,2.0,94,False,False,False
source3,0,2.0,95,False,False,False
source3,0,2.0,96,False,False,False
source3,0,2.0,97,False,False,False
source3,0,2.0,98,False,False,False
source3,0,2.0,99,False,False,False
source3,0,2.0,100,False,False,False
source3,0,2.0,101,False,False,False
source3,0,2.0,102,False,False,False
source3,0,2.0,103,False,False,False
source3,0,2.0,104,False,False,False
source3,0,2.0,105,False,False,False
source3,0,2.0,106,False,False,False
source3,0,2.0,107,False,False,False
source3,0,2.0,108,False,False,False
source3,0,2.0,109,False,False,False
source3,0,2.0,110,False,False,False
source3,0,2.0,111,False,False,False
source3,0,2.0,112,False,False,False
source3,0,2.0,113,False,False,False
source3,0,2.0,114,False,False,False
source3,0,2.0,115,False,False,True
source3,0,2.0,116,False,False,False
source3,0,2.0,117,False,False,False
source3,0,2.0,118,False,False,False
source3,0,2.0,119,False,False,False
source3,0,2.0,120,False,False,False
source3,0,2.0,121,False,False,False
source3,0,2.0,122,False,False,False
source3,0,2.0,123,False,False,False
source3,0,2.0,124,False,False,False
source3,0,2.0,125,False,False,False
source3,0,2.0,126,False,False,False
source3,0,2.0,127,False,False,False
source3,1,2.0,0,False,False,False
source3,1,2.0,1,False,False,False
source3,1,2.0,2,False,False,False
source3,1,2.0,3,False,False,False
source3,1,2.0,4,False,False,False
source3,1,2.0,5,False,False,False
source3,1,2.0,6,False,False,False
source3,1,2.0,7,False,False,False
source3,1,2.0,8,False,False,False
source3,1,2.0,9,False,False,False
source3,1,2.0,10,False,False,False
source3,1,2.0,11,False,False,False
source3,1,2.0,12,False,False,False
source3,1,2.0,13,False,False,False
source3,1,2.0,14,False,False,False
source3,1,2.0,15,False,False,False
source3,1,2.0,16,False,False,False
source3,1,2.0,17,False,False,False
source3,1,2.0,18,False,False,False
source3,1,2.0,19,False,False,False
source3,1,2.0,20,False,False,False
source3,1,2.0,21,False,False,False
source3,1,2.0,22,False,False,False
source3,1,2.0,23,False,False,False
source3,1,2.0,24,False,False,False
source3,1,2.0,25,False,False,False
source3,1,2.0,26,False,False,False
source3,1,2.0,27,False,False,False
source3,1,2.0,28,False,False,False
source3,1,2.0,29,False,False,False
source3,1,2.0,30,False,False,False
source3,1,2.0,31,False,False,False
source3,1,2.0,32,False,False,False
source3,1,2.0,33,False,False,False
source3,1,2.0,34,False,False,False
source3,1,2.0,35,False,False,False
source3,1,2.0,36,False,False,False
source3,1,2.0,37,False,False,False
source3,1,2.0,38,False,False,False
source3,1,2.0,39,False,False,False
source3,1,2.0,40,False,False,False
source3,1,2.0,41,False,False,False
source3,1,2.0,42,False,False,False
source3,1,2.0,43,False,False,False
source3,1,2.0,44,False,False,False
source3,1,2.0,45,False,False,False
source3,1,2.0,46,False,False,False
source3,1,2.0,47,False,False,False
source3,1,2.0,48,False,False,False
source3,1,2.0,49,False,False,False
source3,1,2.0,50,False,False,False
source3,1,2.0,51,False,False,False
source3,1,2.0,52,False,False,False
source3,1,2.0,53,False,False,False
source3,1,2.0,54,False,False,False
source3,1,2.0,55,False,False,False
source3,1,2.0,56,False,False,False
source3,1,2.0,57,False,False,False
source3,1,2.0,58,False,False,False
source3,1,2.0,59,False,False,False
source3,1,2.0,60,False,False,False
source3,1,2.0,61,False,False,False
source3,1,2.0,62,False,False,False
source3,1,2.0,63,False,False,False
source3,1,2.0,64,False,False,False
source3,1,2.0,65,False,False,False
source3,1,2.0,66,False,False,False
source3,1,2.0,67,False,False,False
source3,1,2.0,68,False,False,False
source3,1,2.0,69,False,False,False
source3,1,2.0,70,False,False,False
source3,1,2.0,71,False,False,False
source3,1,2.0,72,False,False,False
source3,1,2.0,73,False,False,False
source3,1,2.0,74,False,False,False
source3,1,2.0,75,False,False,False
source3,1,2.0,76,False,False,False
source3,1,2.0,77,False,False,False
source3,1,2.0,78,False,False,False
source3,1,2.0,79,False,False,False
source3,1,2.0,80,False,False,False
source3,1,2.0,81,False,False,False
source3,1,2.0,82,False,False,False
source3,1,2.0,83,False,False,False
source3,1,2.0,84,False,False,False
source3,1,2.0,85,False,False,False
source3,1,2.0,86,False,False,False
source3,1,2.0,87,False,False,False
source3,1,2.0,88,False,False,False
source3,1,2.0,89,False,False,False
source3,1,2.0,90,False,False,False
source3,1,2.0,91,False,False,False
source3,1,2.0,92,False,False,False
source3,1,2.0,93,False,False,False
source3,1,2.0,94,False,False,False
source3,1,2.0,95,False,False,False
source3,1,2.0,96,False,False,False
source3,1,2.0,97,False,False,False
source3,1,2.0,98,False,False,False
source3,1,2.0,99,False,False,False
source3,1,2.0,100,False,False,False
source3,1,2.0,101,False,False,False
source3,1,2.0,102,False,False,False
source3,1,2.0,103,False,False,False
source3,1,2.0,104,False,False,False
source3,1,2.0,105,False,False,False
source3,1,2.0,106,False,False,False
source3,1,2.0,107,False,False,False
source3,1,2.0,108,False,False,False
source3,1,2.0,109,False,False,False
source3,1,2.0,110,False,False,False
source3,1,2.0,111,False,False,False
source3,1,2.0,112,False,False,False
source3,1,2.0,113,False,False,False
source3,1,2.0,114,False,False,False
source3,1,2.0,115,False,False,False
source3,1,2.0,116,False,False,False
source3,1,2.0,117,False,False,False
source3,1,2.0,118,False,False,False
source3,1,2.0,119,False,False,False
source3,1,2.0,120,False,False,False
source3,1,2.0,121,False,False,False
source3,1,2.0,122,False,False,False
source3,1,2.0,123,False,False,False
source3,1,2.0,124,False,False,False
source3,1,2.0,125,False,False,False
source3,1,2.0,126,False,False,False
source3,1,2.0,127,False,False,False
source3,2,2.0,0,False,False,False
source3,2,2.0,1,False,False,False
source3,2,2.0,2,False,False,False
source3,2,2.0,3,False,False,False
source3,2,2.0,4,False,False,False
source3,2,2.0,5,False,False,False
source3,2,2.0,6,False,False,False
source3,2,2.0,7,False,False,False
source3,2,2.0,8,False,False,False
source3,2,2.0,9,False,False,False
source3,2,2.0,10,False,False,False
source3,2,2.0,11,False,False,False
source3,2,2.0,12,False,False,False
source3,2,2.0,13,False,False,False
source3,2,2.0,14,False,False,False
source3,2,2.0,15,False,False,False
source3,2,2.0,16,False,False,False
source3,2,2.0,17,False,False,False
source3,2,2.0,18,False,False,False
source3,2,2.0,19,False,False,False
source3,2,2.0,20,False,False,False
source3,2,2.0,21,False,False,False
source3,2,2.0,22,False,False,False
source3,2,2.0,23,False,False,False
source3,2,2.0,24,False,False,False
source3,2,2.0,25,False,False,False
source3,2,2.0,26,False,False,False
source3,2,2.0,27,False,False,False
source3,2,2.0,28,False,False,False
source3,2,2.0,29,False,False,False
source3,2,2.0,30,False,False,False
source3,2,2.0,31,False,False,False
source3,2,2.0,32,False,False,False
source3,2,2.0,33,False,False,False
source3,2,2.0,34,False,False,False
source3,2,2.0,35,False,False,False
source3,2,2.0,36,False,False,False
source3,2,2.0,37,False,False,False
source3,2,2.0,38,False,False,False
source3,2,2.0,39,False,False,False
source3,2,2.0,40,False,False,False
source3,2,2.0,41,False,False,False
source3,2,2.0,42,False,False,False
source3,2,2.0,43,False,False,False
source3,2,2.0,44,False,False,False
source3,2,2.0,45,False,False,False
source3,2,2.0,46,False,False,False
source3,2,2.0,47,False,False,False
source3,2,2.0,48,False,False,False
source3,2,2.0,49,False,False,False
source3,2,2.0,50,False,False,False
source3,2,2.0,51,False,False,False
source3,2,2.0,52,False,False,False
source3,2,2.0,53,False,False,False
source3,2,2.0,54,False,False,False
source3,2,2.0,55,False,False,False
source3,2,2.0,56,False,False,False
source3,2,2.0,57,False,False,False
source3,2,2.0,58,False,False,False
source3,2,2.0,59,False,False,False
source3,2,2.0,60,False,False,False
source3,2,2.0,61,False,False,False
source3,2,2.0,62,False,False,False
source3,2,2.0,63,False,False,False
source3,2,2.0,64,False,False,False
source3,2,2.0,65,False,False,False
source3,2,2.0,66,False,False,False
source3,2,2.0,67,False,False,False
source3,2,2.0,68,False,False,False
source3,2,2.0,69,False,False,False
source3,2,2.0,70,False,False,False
source3,2,2.0,71,False,False,False
source3,2,2.0,72,False,False,False
source3,2,2.0,73,False,False,False
source3,2,2.0,74,False,False,False
source3,2,2.0,75,False,False,False
source3,2,2.0,76,False,False,False
source3,2,2.0,77,False,False,False
source3,2,2.0,78,False,False,False
source3,2,2.0,79,False,False,False
source3,2,2.0,80,False,False,False
source3,2,2.0,81,False,False,False
source3,2,2.0,82,False,False,False
source3,2,2.0,83,False,False,False
source3,2,2.0,84,False,False,False
source3,2,2.0,85,False,False,False
source3,2,2.0,86,False,False,False
source3,2,2.0,87,False,False,False
source3,2,2.0,88,False,False,False
source3,2,2.0,89,False,False,False
source3,2,2.0,90,False,False,False
source3,2,2.0,91,False,False,False
source3,2,2.0,92,False,False,False
source3,2,2.0,93,False,False,False
source3,2,2.0,94,False,False,False
source3,2,2.0,95,False,False,False
source3,2,2.0,96,False,False,False
source3,2,2.0,97,False,False,False
source3,2,2.0,98,False,False,False
source3,2,2.0,99,False,False,False
source3,2,2.0,100,False,False,False
source3,2,2.0,101,False,False,False
source3,2,2.0,102,False,False,False
source3,2,2.0,103,False,False,False
source3,2,2.0,104,False,False,False
source3,2,2.0,105,False,False,False
source3,2,2.0,106,False,False,False
source3,2,2.0,107,False,False,False
source3,2,2.0,108,False,False,False
source3,2,2.0,109,False,False,False
source3,2,2.0,110,False,False,False
source3,2,2.0,111,False,False,False
source3,2,2.0,112,False,False,False
source3,2,2.0,113,False,False,False
source3,2,2.0,114,False,False,False
source3,2,2.0,115,False,False,False
source3,2,2.0,116,False,False,False
source3,2,2.0,117,False,False,False
source3,2,2.0,118,False,False,False
source3,2,2.0,119,False,False,False
source3,2,2.0,120,False,False,False
source3,2,2.0,121,False,False,False
source3,2,2.0,122,False,False,False
source3,2,2.0,123,False,False,False
source3,2,2.0,124,False,False,False
source3,2,2.0,125,False,False,False
source3,2,2.0,126,False,False,False
source3,2,2.0,127,False,False,False
source3,3,2.0,0,True,True,True
source3,3,2.0,1,True,True,True
source3,3,2.0,2,True,True,True
source3,3,2.0,3,True,True,True
source3,3,2.0,4,True,True,True
source3,3,2.0,5,True,True,True
source3,3,2.0,6,True,True,True
source3,3,2.0,7,False,True,True
source3,3,2.0,8,True,True,True
source3,3,2.0,9,False,True,True
source3,3,2.0,10,True,True,True
source3,3,2.0,11,True,True,True
source3,3,2.0,12,False,True,True
source3,3,2.0,13,True,True,True
source3,3,2.0,14,True,True,True
source3,3,2.0,15,True,True,True
source3,3,2.0,16,True,True,True
source3,3,2.0,17,False,True,True
source3,3,2.0,18,True,True,True
source3,3,2.0,19,False,True,True
source3,3,2.0,20,True,True,True
source3,3,2.0,21,True,True,True
source3,3,2.0,22,True,True,True
source3,3,2.0,23,True,True,True
source3,3,2.0,24,True,True,True
source3,3,2.0,25,True,True,True
source3,3,2.0,26,True,True,True
source3,3,2.0,27,True,True,True
source3,3,2.0,28,True,True,True
source3,3,2.0,29,True,True,True
source3,3,2.0,30,True,True,True
source3,3,2.0,31,True,True,True
source3,3,2.0,32,True,True,True
source3,3,2.0,33,False,True,True
source3,3,2.0,34,True,True,True
source3,3,2.0,35,True,True,True
source3,3,2.0,36,True,True,True
source3,3,2.0,37,False,True,True
source3,3,2.0,38,True,True,True
source3,3,2.0,39,True,True,True
source3,3,2.0,40,True,True,True
source3,3,2.0,41,False,True,True
source3,3,2.0,42,True,True,True
source3,3,2.0,43,False,True,True
source3,3,2.0,44,False,True,True
source3,3,2.0,45,True,True,True
source3,3,2.0,46,True,True,True
source3,3,2.0,47,True,True,True
source3,3,2.0,48,True,True,True
source3,3,2.0,49,True,True,True
source3,3,2.0,50,True,True,True
source3,3,2.0,51,True,True,True
source3,3,2.0,52,True,True,True
source3,3,2.0,53,True,True,True
source3,3,2.0,54,False,True,True
source3,3,2.0,55,True,True,True
source3,3,2.0,56,True,True,True
source3,3,2.0,57,True,True,True
source3,3,2.0,58,True,True,True
source3,3,2.0,59,True,True,True
source3,3,2.0,60,True,True,True
source3,3,2.0,61,True,True,True
source3,3,2.0,62,False,True,True
source3,3,2.0,63,False,True,True
source3,3,2.0,64,True,True,True
source3,3,2.0,65,True,True,True
source3,3,2.0,66,False,True,True
source3,3,2.0,67,True,True,True
source3,3,2.0,68,False,True,True
source3,3,2.0,69,True,True,True
source3,3,2.0,70,True,True,True
source3,3,2.0,71,True,True,True
source3,3,2.0,72,True,True,True
source3,3,2.0,73,False,False,True
source3,3,2.0,74,True,True,True
source3,3,2.0,75,True,True,True
source3,3,2.0,76,True,True,True
source3,3,2.0,77,True,True,True
source3,3,2.0,78,True,True,True
source3,3,2.0,79,True,True,True
source3,3,2.0,80,True,True,True
source3,3,2.0,81,False,True,True
source3,3,2.0,82,True,True,True
source3,3,2.0,83,True,True,True
source3,3,2.0,84,True,True,True
source3,3,2.0,85,True,True,True
source3,3,2.0,86,True,True,True
source3,3,2.0,87,False,True,True
source3,3,2.0,88,False,True,True
source3,3,2.0,89,True,True,True
source3,3,2.0,90,True,True,True
source3,3,2.0,91,True,True,True
source3,3,2.0,92,True,True,True
source3,3,2.0,93,True,True,True
source3,3,2.0,94,True,True,True
source3,3,2.0,95,True,True,True
source3,3,2.0,96,False,True,True
source3,3,2.0,97,True,True,True
source3,3,2.0,98,False,True,True
source3,3,2.0,99,False,True,True
source3,3,2.0,100,True,True,True
source3,3,2.0,101,False,True,True
source3,3,2.0,102,True,True,True
source3,3,2.0,103,True,True,True
source3,3,2.0,104,True,True,True
source3,3,2.0,105,True,True,True
source3,3,2.0,106,False,True,True
source3,3,2.0,107,True,True,True
source3,3,2.0,108,False,True,True
source3,3,2.0,109,True,True,True
source3,3,2.0,110,True,True,True
source3,3,2.0,111,True,True,True
source3,3,2.0,112,True,True,True
source3,3,2.0,113,True,True,True
source3,3,2.0,114,True,True,True
source3,3,2.0,115,True,True,True
source3,3,2.0,116,True,True,True
source3,3,2.0,117,True,True,True
source3,3,2.0,118,False,True,True
source3,3,2.0,119,True,True,True
source3,3,2.0,120,True,True,True
source3,3,2.0,121,True,True,True
source3,3,2.0,122,True,True,True
source3,3,2.0,123,True,True,True
source3,3,2.0,124,False,False,False
source3,3,2.0,125,False,True,True
source3,3,2.0,126,True,True,True
source3,3,2.0,127,True,True,True
single_historical,0,2.0,0,True,True,True
single_historical,0,2.0,1,True,True,True
single_historical,0,2.0,2,True,True,True
single_historical,0,2.0,3,True,True,True
single_historical,0,2.0,4,True,True,True
single_historical,0,2.0,5,True,True,True
single_historical,0,2.0,6,True,True,True
single_historical,0,2.0,7,True,True,True
single_historical,0,2.0,8,True,True,True
single_historical,0,2.0,9,True,True,True
single_historical,0,2.0,10,False,False,False
single_historical,0,2.0,11,True,True,True
single_historical,0,2.0,12,True,True,True
single_historical,0,2.0,13,True,True,True
single_historical,0,2.0,14,True,True,True
single_historical,0,2.0,15,True,True,True
single_historical,0,2.0,16,True,True,True
single_historical,0,2.0,17,True,True,True
single_historical,0,2.0,18,True,True,True
single_historical,0,2.0,19,True,True,True
single_historical,0,2.0,20,True,True,True
single_historical,0,2.0,21,True,True,True
single_historical,0,2.0,22,True,True,True
single_historical,0,2.0,23,True,True,True
single_historical,0,2.0,24,True,True,True
single_historical,0,2.0,25,True,True,True
single_historical,0,2.0,26,True,True,True
single_historical,0,2.0,27,True,True,True
single_historical,0,2.0,28,True,True,True
single_historical,0,2.0,29,True,True,True
single_historical,0,2.0,30,True,True,True
single_historical,0,2.0,31,True,True,True
single_historical,0,2.0,32,True,True,True
single_historical,0,2.0,33,True,True,True
single_historical,0,2.0,34,True,True,True
single_historical,0,2.0,35,True,True,True
single_historical,0,2.0,36,True,True,True
single_historical,0,2.0,37,True,True,True
single_historical,0,2.0,38,True,True,True
single_historical,0,2.0,39,True,True,True
single_historical,0,2.0,40,True,True,True
single_historical,0,2.0,41,True,True,True
single_historical,0,2.0,42,True,True,True
single_historical,0,2.0,43,True,True,True
single_historical,0,2.0,44,True,True,True
single_historical,0,2.0,45,True,True,True
single_historical,0,2.0,46,True,True,True
single_historical,0,2.0,47,True,True,True
single_historical,0,2.0,48,True,True,True
single_historical,0,2.0,49,True,True,True
single_historical,0,2.0,50,True,True,True
single_historical,0,2.0,51,True,True,True
single_historical,0,2.0,52,True,True,True
single_historical,0,2.0,53,True,True,True
single_historical,0,2.0,54,True,True,True
single_historical,0,2.0,55,True,True,True
single_historical,0,2.0,56,True,True,True
single_historical,0,2.0,57,True,True,True
single_historical,0,2.0,58,True,True,True
single_historical,0,2.0,59,True,True,True
single_historical,0,2.0,60,True,True,True
single_historical,0,2.0,61,True,True,True
single_historical,0,2.0,62,True,True,True
single_historical,0,2.0,63,True,True,True
single_historical,0,2.0,64,True,True,True
single_historical,0,2.0,65,True,True,True
single_historical,0,2.0,66,True,True,True
single_historical,0,2.0,67,True,True,True
single_historical,0,2.0,68,True,True,True
single_historical,0,2.0,69,True,True,True
single_historical,0,2.0,70,True,True,True
single_historical,0,2.0,71,True,True,True
single_historical,0,2.0,72,True,True,True
single_historical,0,2.0,73,True,True,True
single_historical,0,2.0,74,True,True,True
single_historical,0,2.0,75,True,True,True
single_historical,0,2.0,76,True,True,True
single_historical,0,2.0,77,True,True,True
single_historical,0,2.0,78,True,True,True
single_historical,0,2.0,79,True,True,True
single_historical,0,2.0,80,True,True,True
single_historical,0,2.0,81,True,True,True
single_historical,0,2.0,82,True,True,True
single_historical,0,2.0,83,True,True,True
single_historical,0,2.0,84,True,True,True
single_historical,0,2.0,85,True,True,True
single_historical,0,2.0,86,True,True,True
single_historical,0,2.0,87,True,True,True
single_historical,0,2.0,88,True,True,True
single_historical,0,2.0,89,True,True,True
single_historical,0,2.0,90,True,True,True
single_historical,0,2.0,91,True,True,True
single_historical,0,2.0,92,True,True,True
single_historical,0,2.0,93,True,True,True
single_historical,0,2.0,94,True,True,True
single_historical,0,2.0,95,True,True,True
single_historical,0,2.0,96,True,True,True
single_historical,0,2.0,97,True,True,True
single_historical,0,2.0,98,True,True,True
single_historical,0,2.0,99,True,True,True
single_historical,0,2.0,100,True,True,True
single_historical,0,2.0,101,True,True,True
single_historical,0,2.0,102,True,True,True
single_historical,0,2.0,103,True,True,True
single_historical,0,2.0,104,True,True,True
single_historical,0,2.0,105,True,True,True
single_historical,0,2.0,106,True,True,True
single_historical,0,2.0,107,True,True,True
single_historical,0,2.0,108,True,True,True
single_historical,0,2.0,109,True,True,True
single_historical,0,2.0,110,True,True,True
single_historical,0,2.0,111,True,True,True
single_historical,0,2.0,112,True,True,True
single_historical,0,2.0,113,True,True,True
single_historical,0,2.0,114,True,True,True
single_historical,0,2.0,115,True,True,True
single_historical,0,2.0,116,True,True,True
single_historical,0,2.0,117,True,True,True
single_historical,0,2.0,118,True,True,True
single_historical,0,2.0,119,True,True,True
single_historical,0,2.0,120,True,True,True
single_historical,0,2.0,121,True,True,True
single_historical,0,2.0,122,True,True,True
single_historical,0,2.0,123,True,True,True
single_historical,0,2.0,124,True,True,True
single_historical,0,2.0,125,True,True,True
single_historical,0,2.0,126,True,True,True
single_historical,0,2.0,127,True,True,True
single_historical,1,2.0,0,True,True,True
single_historical,1,2.0,1,True,True,True
single_historical,1,2.0,2,True,True,True
single_historical,1,2.0,3,True,True,True
single_historical,1,2.0,4,True,True,True
single_historical,1,2.0,5,True,True,True
single_historical,1,2.0,6,True,True,True
single_historical,1,2.0,7,True,True,True
single_historical,1,2.0,8,True,True,True
single_historical,1,2.0,9,True,True,True
single_historical,1,2.0,10,True,True,True
single_historical,1,2.0,11,True,True,True
single_historical,1,2.0,12,False,False,True
single_historical,1,2.0,13,True,True,True
single_historical,1,2.0,14,True,True,True
single_historical,1,2.0,15,True,True,True
single_historical,1,2.0,16,True,True,True
single_historical,1,2.0,17,True,True,True
single_historical,1,2.0,18,True,True,True
single_historical,1,2.0,19,True,True,True
single_historical,1,2.0,20,True,True,True
single_historical,1,2.0,21,True,True,True
single_historical,1,2.0,22,True,True,True
single_historical,1,2.0,23,True,True,True
single_historical,1,2.0,24,True,True,True
single_historical,1,2.0,25,True,True,True
single_historical,1,2.0,26,True,True,True
single_historical,1,2.0,27,True,True,True
single_historical,1,2.0,28,True,True,True
single_historical,1,2.0,29,True,True,True
single_historical,1,2.0,30,True,True,True
single_historical,1,2.0,31,True,True,True
single_historical,1,2.0,32,True,True,True
single_historical,1,2.0,33,True,True,True
single_historical,1,2.0,34,True,True,True
single_historical,1,2.0,35,True,True,True
single_historical,1,2.0,36,True,True,True
single_historical,1,2.0,37,True,True,True
single_historical,1,2.0,38,True,True,True
single_historical,1,2.0,39,True,True,True
single_historical,1,2.0,40,True,True,True
single_historical,1,2.0,41,True,True,True
single_historical,1,2.0,42,True,True,True
single_historical,1,2.0,43,True,True,True
single_historical,1,2.0,44,True,True,True
single_historical,1,2.0,45,True,True,True
single_historical,1,2.0,46,True,True,True
single_historical,1,2.0,47,True,True,True
single_historical,1,2.0,48,True,True,True
single_historical,1,2.0,49,True,True,True
single_historical,1,2.0,50,True,True,True
single_historical,1,2.0,51,True,True,True
single_historical,1,2.0,52,True,True,True
single_historical,1,2.0,53,True,True,True
single_historical,1,2.0,54,True,True,True
single_historical,1,2.0,55,True,True,True
single_historical,1,2.0,56,True,True,True
single_historical,1,2.0,57,True,True,True
single_historical,1,2.0,58,True,True,True
single_historical,1,2.0,59,True,True,True
single_historical,1,2.0,60,True,True,True
single_historical,1,2.0,61,True,True,True
single_historical,1,2.0,62,True,True,True
single_historical,1,2.0,63,True,True,True
single_historical,1,2.0,64,True,True,True
single_historical,1,2.0,65,True,True,True
single_historical,1,2.0,66,True,True,True
single_historical,1,2.0,67,True,True,True
single_historical,1,2.0,68,True,True,True
single_historical,1,2.0,69,True,True,True
single_historical,1,2.0,70,True,True,True
single_historical,1,2.0,71,True,True,True
single_historical,1,2.0,72,True,True,True
single_historical,1,2.0,73,True,True,True
single_historical,1,2.0,74,True,True,True
single_historical,1,2.0,75,True,True,True
single_historical,1,2.0,76,True,True,True
single_historical,1,2.0,77,True,True,True
single_historical,1,2.0,78,True,True,True
single_historical,1,2.0,79,True,True,True
single_historical,1,2.0,80,True,True,True
single_historical,1,2.0,81,True,True,True
single_historical,1,2.0,82,True,True,True
single_historical,1,2.0,83,True,True,True
single_historical,1,2.0,84,True,True,True
single_historical,1,2.0,85,True,True,True
single_historical,1,2.0,86,True,True,True
single_historical,1,2.0,87,True,True,True
single_historical,1,2.0,88,True,True,True
single_historical,1,2.0,89,True,True,True
single_historical,1,2.0,90,True,True,True
single_historical,1,2.0,91,True,True,True
single_historical,1,2.0,92,True,True,True
single_historical,1,2.0,93,True,True,True
single_historical,1,2.0,94,True,True,True
single_historical,1,2.0,95,True,True,True
single_historical,1,2.0,96,True,True,True
single_historical,1,2.0,97,True,True,True
single_historical,1,2.0,98,True,True,True
single_historical,1,2.0,99,True,True,True
single_historical,1,2.0,100,True,True,True
single_historical,1,2.0,101,True,True,True
single_historical,1,2.0,102,True,True,True
single_historical,1,2.0,103,True,True,True
single_historical,1,2.0,104,True,True,True
single_historical,1,2.0,105,True,True,True
single_historical,1,2.0,106,True,True,True
single_historical,1,2.0,107,True,True,True
single_historical,1,2.0,108,True,True,True
single_historical,1,2.0,109,True,True,True
single_historical,1,2.0,110,True,True,True
single_historical,1,2.0,111,True,True,True
single_historical,1,2.0,112,True,True,True
single_historical,1,2.0,113,True,True,True
single_historical,1,2.0,114,True,True,True
single_historical,1,2.0,115,True,True,True
single_historical,1,2.0,116,True,True,True
single_historical,1,2.0,117,True,True,True
single_historical,1,2.0,118,True,True,True
single_historical,1,2.0,119,True,True,True
single_historical,1,2.0,120,True,True,True
single_historical,1,2.0,121,True,True,True
single_historical,1,2.0,122,True,True,True
single_historical,1,2.0,123,True,True,True
single_historical,1,2.0,124,True,True,True
single_historical,1,2.0,125,True,True,True
single_historical,1,2.0,126,True,True,True
single_historical,1,2.0,127,True,True,True
single_historical,2,2.0,0,True,True,True
single_historical,2,2.0,1,True,True,True
single_historical,2,2.0,2,True,True,True
single_historical,2,2.0,3,True,True,True
single_historical,2,2.0,4,True,True,True
single_historical,2,2.0,5,True,True,True
single_historical,2,2.0,6,True,True,True
single_historical,2,2.0,7,True,True,True
single_historical,2,2.0,8,True,True,True
single_historical,2,2.0,9,True,True,True
single_historical,2,2.0,10,True,True,True
single_historical,2,2.0,11,True,True,True
single_historical,2,2.0,12,True,True,True
single_historical,2,2.0,13,True,True,True
single_historical,2,2.0,14,True,True,True
single_historical,2,2.0,15,True,True,True
single_historical,2,2.0,16,True,True,True
single_historical,2,2.0,17,True,True,True
single_historical,2,2.0,18,True,True,True
single_historical,2,2.0,19,True,True,True
single_historical,2,2.0,20,True,True,True
single_historical,2,2.0,21,True,True,True
single_historical,2,2.0,22,True,True,True
single_historical,2,2.0,23,True,True,True
single_historical,2,2.0,24,True,True,True
single_historical,2,2.0,25,True,True,True
single_historical,2,2.0,26,True,True,True
single_historical,2,2.0,27,True,True,True
single_historical,2,2.0,28,True,True,True
single_historical,2,2.0,29,True,True,True
single_historical,2,2.0,30,True,True,True
single_historical,2,2.0,31,True,True,True
single_historical,2,2.0,32,True,True,True
single_historical,2,2.0,33,True,True,True
single_historical,2,2.0,34,True,True,True
single_historical,2,2.0,35,True,True,True
single_historical,2,2.0,36,True,True,True
single_historical,2,2.0,37,True,True,True
single_historical,2,2.0,38,True,True,True
single_historical,2,2.0,39,True,True,True
single_historical,2,2.0,40,True,True,True
single_historical,2,2.0,41,True,True,True
single_historical,2,2.0,42,True,True,True
single_historical,2,2.0,43,True,True,True
single_historical,2,2.0,44,True,True,True
single_historical,2,2.0,45,True,True,True
single_historical,2,2.0,46,True,True,True
single_historical,2,2.0,47,True,True,True
single_historical,2,2.0,48,True,True,True
single_historical,2,2.0,49,True,True,True
single_historical,2,2.0,50,True,True,True
single_historical,2,2.0,51,True,True,True
single_historical,2,2.0,52,True,True,True
single_historical,2,2.0,53,True,True,True
single_historical,2,2.0,54,True,True,True
single_historical,2,2.0,55,True,True,True
single_historical,2,2.0,56,True,True,True
single_historical,2,2.0,57,True,True,True
single_historical,2,2.0,58,True,True,True
single_historical,2,2.0,59,True,True,True
single_historical,2,2.0,60,True,True,True
single_historical,2,2.0,61,True,True,True
single_historical,2,2.0,62,True,True,True
single_historical,2,2.0,63,True,True,True
single_historical,2,2.0,64,True,True,True
single_historical,2,2.0,65,True,True,True
single_historical,2,2.0,66,True,True,True
single_historical,2,2.0,67,True,True,True
single_historical,2,2.0,68,True,True,True
single_historical,2,2.0,69,True,True,True
single_historical,2,2.0,70,True,True,True
single_historical,2,2.0,71,False,False,False
single_historical,2,2.0,72,True,True,True
single_historical,2,2.0,73,True,True,True
single_historical,2,2.0,74,True,True,True
single_historical,2,2.0,75,True,True,True
single_historical,2,2.0,76,True,True,True
single_historical,2,2.0,77,True,True,True
single_historical,2,2.0,78,True,True,True
single_historical,2,2.0,79,True,True,True
single_historical,2,2.0,80,True,True,True
single_historical,2,2.0,81,True,True,True
single_historical,2,2.0,82,True,True,True
single_historical,2,2.0,83,True,True,True
single_historical,2,2.0,84,True,True,True
single_historical,2,2.0,85,True,True,True
single_historical,2,2.0,86,True,True,True
single_historical,2,2.0,87,True,True,True
single_historical,2,2.0,88,True,True,True
single_historical,2,2.0,89,True,True,True
single_historical,2,2.0,90,True,True,True
single_historical,2,2.0,91,True,True,True
single_historical,2,2.0,92,True,True,True
single_historical,2,2.0,93,True,True,True
single_historical,2,2.0,94,True,True,True
single_historical,2,2.0,95,True,True,True
single_historical,2,2.0,96,True,True,True
single_historical,2,2.0,97,True,True,True
single_historical,2,2.0,98,True,True,True
single_historical,2,2.0,99,True,True,True
single_historical,2,2.0,100,True,True,True
single_historical,2,2.0,101,True,True,True
single_historical,2,2.0,102,True,True,True
single_historical,2,2.0,103,True,True,True
single_historical,2,2.0,104,True,True,True
single_historical,2,2.0,105,True,True,True
single_historical,2,2.0,106,True,True,True
single_historical,2,2.0,107,True,True,True
single_historical,2,2.0,108,True,True,True
single_historical,2,2.0,109,True,True,True
single_historical,2,2.0,110,True,True,True
single_historical,2,2.0,111,True,True,True
single_historical,2,2.0,112,True,True,True
single_historical,2,2.0,113,True,True,True
single_historical,2,2.0,114,True,True,True
single_historical,2,2.0,115,True,True,True
single_historical,2,2.0,116,True,True,True
single_historical,2,2.0,117,True,True,True
single_historical,2,2.0,118,True,True,True
single_historical,2,2.0,119,True,True,True
single_historical,2,2.0,120,True,True,True
single_historical,2,2.0,121,True,True,True
single_historical,2,2.0,122,True,True,True
single_historical,2,2.0,123,True,True,True
single_historical,2,2.0,124,True,True,True
single_historical,2,2.0,125,True,True,True
single_historical,2,2.0,126,True,True,True
single_historical,2,2.0,127,True,True,True
single_historical,3,2.0,0,False,True,True
single_historical,3,2.0,1,False,True,True
single_historical,3,2.0,2,False,True,True
single_historical,3,2.0,3,False,True,True
single_historical,3,2.0,4,False,True,True
single_historical,3,2.0,5,False,True,True
single_historical,3,2.0,6,False,True,True
single_historical,3,2.0,7,False,True,True
single_historical,3,2.0,8,False,True,True
single_historical,3,2.0,9,False,True,True
single_historical,3,2.0,10,False,True,True
single_historical,3,2.0,11,False,True,True
single_historical,3,2.0,12,False,True,True
single_historical,3,2.0,13,False,True,True
single_historical,3,2.0,14,False,True,True
single_historical,3,2.0,15,False,True,True
single_historical,3,2.0,16,False,True,True
single_historical,3,2.0,17,False,True,True
single_historical,3,2.0,18,False,True,True
single_historical,3,2.0,19,False,True,True
single_historical,3,2.0,20,False,True,True
single_historical,3,2.0,21,False,True,True
single_historical,3,2.0,22,False,True,True
single_historical,3,2.0,23,False,True,True
single_historical,3,2.0,24,False,True,True
single_historical,3,2.0,25,False,True,True
single_historical,3,2.0,26,False,True,True
single_historical,3,2.0,27,False,True,True
single_historical,3,2.0,28,False,True,True
single_historical,3,2.0,29,False,True,True
single_historical,3,2.0,30,False,True,True
single_historical,3,2.0,31,False,True,True
single_historical,3,2.0,32,False,True,True
single_historical,3,2.0,33,False,True,True
single_historical,3,2.0,34,False,True,True
single_historical,3,2.0,35,False,True,True
single_historical,3,2.0,36,False,True,True
single_historical,3,2.0,37,False,True,True
single_historical,3,2.0,38,False,True,True
single_historical,3,2.0,39,False,True,True
single_historical,3,2.0,40,False,True,True
single_historical,3,2.0,41,False,True,True
single_historical,3,2.0,42,False,True,True
single_historical,3,2.0,43,False,False,False
single_historical,3,2.0,44,False,True,True
single_historical,3,2.0,45,False,True,True
single_historical,3,2.0,46,False,True,True
single_historical,3,2.0,47,False,True,True
single_historical,3,2.0,48,False,True,True
single_historical,3,2.0,49,False,True,True
single_historical,3,2.0,50,False,True,True
single_historical,3,2.0,51,False,True,True
single_historical,3,2.0,52,False,True,True
single_historical,3,2.0,53,False,True,True
single_historical,3,2.0,54,False,True,True
single_historical,3,2.0,55,False,True,True
single_historical,3,2.0,56,False,True,True
single_historical,3,2.0,57,False,True,True
single_historical,3,2.0,58,False,True,True
single_historical,3,2.0,59,False,True,True
single_historical,3,2.0,60,False,True,True
single_historical,3,2.0,61,False,True,True
single_historical,3,2.0,62,False,True,True
single_historical,3,2.0,63,False,True,True
single_historical,3,2.0,64,False,True,True
single_historical,3,2.0,65,False,True,True
single_historical,3,2.0,66,False,False,False
single_historical,3,2.0,67,False,True,True
single_historical,3,2.0,68,False,True,True
single_historical,3,2.0,69,False,True,True
single_historical,3,2.0,70,False,True,True
single_historical,3,2.0,71,False,True,True
single_historical,3,2.0,72,False,True,True
single_historical,3,2.0,73,False,True,True
single_historical,3,2.0,74,False,True,True
single_historical,3,2.0,75,False,True,True
single_historical,3,2.0,76,False,True,True
single_historical,3,2.0,77,False,True,True
single_historical,3,2.0,78,False,True,True
single_historical,3,2.0,79,False,True,True
single_historical,3,2.0,80,False,True,True
single_historical,3,2.0,81,False,True,True
single_historical,3,2.0,82,False,True,True
single_historical,3,2.0,83,False,True,True
single_historical,3,2.0,84,False,True,True
single_historical,3,2.0,85,False,True,True
single_historical,3,2.0,86,False,True,True
single_historical,3,2.0,87,False,True,True
single_historical,3,2.0,88,False,True,True
single_historical,3,2.0,89,False,True,True
single_historical,3,2.0,90,False,True,True
single_historical,3,2.0,91,False,True,True
single_historical,3,2.0,92,False,True,True
single_historical,3,2.0,93,False,True,True
single_historical,3,2.0,94,False,True,True
single_historical,3,2.0,95,False,True,True
single_historical,3,2.0,96,False,True,True
single_historical,3,2.0,97,False,True,True
single_historical,3,2.0,98,False,True,True
single_historical,3,2.0,99,False,True,True
single_historical,3,2.0,100,False,True,True
single_historical,3,2.0,101,False,True,True
single_historical,3,2.0,102,False,True,True
single_historical,3,2.0,103,False,True,True
single_historical,3,2.0,104,False,True,True
single_historical,3,2.0,105,False,True,True
single_historical,3,2.0,106,False,True,True
single_historical,3,2.0,107,False,True,True
single_historical,3,2.0,108,False,True,True
single_historical,3,2.0,109,False,True,True
single_historical,3,2.0,110,False,True,True
single_historical,3,2.0,111,False,True,True
single_historical,3,2.0,112,False,True,True
single_historical,3,2.0,113,False,True,True
single_historical,3,2.0,114,False,True,True
single_historical,3,2.0,115,False,True,True
single_historical,3,2.0,116,False,True,True
single_historical,3,2.0,117,False,True,True
single_historical,3,2.0,118,False,True,True
single_historical,3,2.0,119,False,True,True
single_historical,3,2.0,120,False,True,True
single_historical,3,2.0,121,False,True,True
single_historical,3,2.0,122,False,True,True
single_historical,3,2.0,123,False,True,True
single_historical,3,2.0,124,False,True,True
single_historical,3,2.0,125,False,True,True
single_historical,3,2.0,126,False,True,True
single_historical,3,2.0,127,False,True,True
single_source3,0,2.0,0,False,False,False
single_source3,0,2.0,1,False,False,False
single_source3,0,2.0,2,False,False,False
single_source3,0,2.0,3,False,False,False
single_source3,0,2.0,4,False,False,False
single_source3,0,2.0,5,False,False,False
single_source3,0,2.0,6,False,False,False
single_source3,0,2.0,7,False,False,False
single_source3,0,2.0,8,False,False,False
single_source3,0,2.0,9,False,False,False
single_source3,0,2.0,10,False,False,False
single_source3,0,2.0,11,False,False,False
single_source3,0,2.0,12,False,False,False
single_source3,0,2.0,13,False,False,False
single_source3,0,2.0,14,False,False,False
single_source3,0,2.0,15,False,False,False
single_source3,0,2.0,16,False,False,False
single_source3,0,2.0,17,False,False,False
single_source3,0,2.0,18,False,False,False
single_source3,0,2.0,19,False,False,False
single_source3,0,2.0,20,False,False,False
single_source3,0,2.0,21,False,False,False
single_source3,0,2.0,22,False,False,False
single_source3,0,2.0,23,False,False,False
single_source3,0,2.0,24,False,False,False
single_source3,0,2.0,25,False,False,False
single_source3,0,2.0,26,False,False,False
single_source3,0,2.0,27,False,False,False
single_source3,0,2.0,28,False,False,False
single_source3,0,2.0,29,False,False,False
single_source3,0,2.0,30,False,False,False
single_source3,0,2.0,31,False,False,False
single_source3,0,2.0,32,False,False,False
single_source3,0,2.0,33,False,False,False
single_source3,0,2.0,34,False,False,False
single_source3,0,2.0,35,False,False,False
single_source3,0,2.0,36,False,False,False
single_source3,0,2.0,37,False,False,False
single_source3,0,2.0,38,False,False,False
single_source3,0,2.0,39,False,False,False
single_source3,0,2.0,40,False,False,False
single_source3,0,2.0,41,False,False,False
single_source3,0,2.0,42,False,False,False
single_source3,0,2.0,43,False,False,False
single_source3,0,2.0,44,False,False,False
single_source3,0,2.0,45,False,False,False
single_source3,0,2.0,46,False,False,False
single_source3,0,2.0,47,False,False,False
single_source3,0,2.0,48,False,False,False
single_source3,0,2.0,49,False,False,False
single_source3,0,2.0,50,False,False,False
single_source3,0,2.0,51,False,False,False
single_source3,0,2.0,52,False,False,False
single_source3,0,2.0,53,False,False,False
single_source3,0,2.0,54,False,False,False
single_source3,0,2.0,55,False,False,False
single_source3,0,2.0,56,False,False,False
single_source3,0,2.0,57,False,False,False
single_source3,0,2.0,58,False,False,False
single_source3,0,2.0,59,False,False,False
single_source3,0,2.0,60,False,False,False
single_source3,0,2.0,61,False,False,False
single_source3,0,2.0,62,False,False,False
single_source3,0,2.0,63,False,False,False
single_source3,0,2.0,64,False,False,False
single_source3,0,2.0,65,False,False,False
single_source3,0,2.0,66,False,False,False
single_source3,0,2.0,67,False,False,False
single_source3,0,2.0,68,False,False,False
single_source3,0,2.0,69,False,False,False
single_source3,0,2.0,70,False,False,False
single_source3,0,2.0,71,False,False,False
single_source3,0,2.0,72,False,False,False
single_source3,0,2.0,73,False,False,False
single_source3,0,2.0,74,False,False,False
single_source3,0,2.0,75,False,False,False
single_source3,0,2.0,76,False,False,False
single_source3,0,2.0,77,False,False,False
single_source3,0,2.0,78,False,False,False
single_source3,0,2.0,79,False,False,False
single_source3,0,2.0,80,False,False,False
single_source3,0,2.0,81,False,False,False
single_source3,0,2.0,82,False,False,False
single_source3,0,2.0,83,False,False,False
single_source3,0,2.0,84,False,False,False
single_source3,0,2.0,85,False,False,False
single_source3,0,2.0,86,False,False,False
single_source3,0,2.0,87,False,False,False
single_source3,0,2.0,88,False,False,False
single_source3,0,2.0,89,False,False,False
single_source3,0,2.0,90,False,False,False
single_source3,0,2.0,91,False,False,False
single_source3,0,2.0,92,False,False,False
single_source3,0,2.0,93,False,False,False
single_source3,0,2.0,94,False,False,False
single_source3,0,2.0,95,False,False,False
single_source3,0,2.0,96,False,False,False
single_source3,0,2.0,97,False,False,False
single_source3,0,2.0,98,False,False,False
single_source3,0,2.0,99,False,False,False
single_source3,0,2.0,100,False,False,False
single_source3,0,2.0,101,False,False,False
single_source3,0,2.0,102,False,False,False
single_source3,0,2.0,103,False,False,False
single_source3,0,2.0,104,False,False,False
single_source3,0,2.0,105,False,False,False
single_source3,0,2.0,106,False,False,False
single_source3,0,2.0,107,False,False,False
single_source3,0,2.0,108,False,False,False
single_source3,0,2.0,109,False,False,False
single_source3,0,2.0,110,False,False,False
single_source3,0,2.0,111,False,False,False
single_source3,0,2.0,112,False,False,False
single_source3,0,2.0,113,False,False,False
single_source3,0,2.0,114,False,False,False
single_source3,0,2.0,115,False,False,False
single_source3,0,2.0,116,False,False,False
single_source3,0,2.0,117,False,False,False
single_source3,0,2.0,118,False,False,False
single_source3,0,2.0,119,False,False,False
single_source3,0,2.0,120,False,False,False
single_source3,0,2.0,121,False,False,False
single_source3,0,2.0,122,False,False,False
single_source3,0,2.0,123,False,False,False
single_source3,0,2.0,124,False,False,False
single_source3,0,2.0,125,False,False,False
single_source3,0,2.0,126,False,False,False
single_source3,0,2.0,127,False,False,False
single_source3,1,2.0,0,False,False,False
single_source3,1,2.0,1,False,False,False
single_source3,1,2.0,2,False,False,False
single_source3,1,2.0,3,False,False,False
single_source3,1,2.0,4,False,False,False
single_source3,1,2.0,5,False,False,False
single_source3,1,2.0,6,False,False,False
single_source3,1,2.0,7,False,False,False
single_source3,1,2.0,8,False,False,False
single_source3,1,2.0,9,False,False,False
single_source3,1,2.0,10,False,False,False
single_source3,1,2.0,11,False,False,False
single_source3,1,2.0,12,False,False,False
single_source3,1,2.0,13,False,False,False
single_source3,1,2.0,14,False,False,False
single_source3,1,2.0,15,False,False,False
single_source3,1,2.0,16,False,False,False
single_source3,1,2.0,17,False,False,False
single_source3,1,2.0,18,False,False,False
single_source3,1,2.0,19,False,False,False
single_source3,1,2.0,20,False,False,False
single_source3,1,2.0,21,False,False,False
single_source3,1,2.0,22,False,False,False
single_source3,1,2.0,23,False,False,False
single_source3,1,2.0,24,False,False,False
single_source3,1,2.0,25,False,False,False
single_source3,1,2.0,26,False,False,False
single_source3,1,2.0,27,False,False,False
single_source3,1,2.0,28,False,False,False
single_source3,1,2.0,29,False,False,False
single_source3,1,2.0,30,False,False,False
single_source3,1,2.0,31,False,False,False
single_source3,1,2.0,32,False,False,False
single_source3,1,2.0,33,False,False,False
single_source3,1,2.0,34,False,False,False
single_source3,1,2.0,35,False,False,False
single_source3,1,2.0,36,False,False,False
single_source3,1,2.0,37,False,False,False
single_source3,1,2.0,38,False,False,False
single_source3,1,2.0,39,False,False,False
single_source3,1,2.0,40,False,False,False
single_source3,1,2.0,41,False,False,False
single_source3,1,2.0,42,False,False,False
single_source3,1,2.0,43,False,False,False
single_source3,1,2.0,44,False,False,False
single_source3,1,2.0,45,False,False,False
single_source3,1,2.0,46,False,False,False
single_source3,1,2.0,47,False,False,False
single_source3,1,2.0,48,False,False,False
single_source3,1,2.0,49,False,False,False
single_source3,1,2.0,50,False,False,False
single_source3,1,2.0,51,False,False,False
single_source3,1,2.0,52,False,False,False
single_source3,1,2.0,53,False,False,False
single_source3,1,2.0,54,False,False,False
single_source3,1,2.0,55,False,False,False
single_source3,1,2.0,56,False,False,False
single_source3,1,2.0,57,False,False,False
single_source3,1,2.0,58,False,False,False
single_source3,1,2.0,59,False,False,False
single_source3,1,2.0,60,False,False,False
single_source3,1,2.0,61,False,False,False
single_source3,1,2.0,62,False,False,False
single_source3,1,2.0,63,False,False,False
single_source3,1,2.0,64,False,False,False
single_source3,1,2.0,65,False,False,False
single_source3,1,2.0,66,False,False,False
single_source3,1,2.0,67,False,False,False
single_source3,1,2.0,68,False,False,False
single_source3,1,2.0,69,False,False,False
single_source3,1,2.0,70,False,False,False
single_source3,1,2.0,71,False,False,False
single_source3,1,2.0,72,False,False,False
single_source3,1,2.0,73,False,False,False
single_source3,1,2.0,74,False,False,False
single_source3,1,2.0,75,False,False,False
single_source3,1,2.0,76,False,False,False
single_source3,1,2.0,77,False,False,False
single_source3,1,2.0,78,False,False,False
single_source3,1,2.0,79,False,False,False
single_source3,1,2.0,80,False,False,False
single_source3,1,2.0,81,False,False,False
single_source3,1,2.0,82,False,False,False
single_source3,1,2.0,83,False,False,False
single_source3,1,2.0,84,False,False,False
single_source3,1,2.0,85,False,False,False
single_source3,1,2.0,86,False,False,False
single_source3,1,2.0,87,False,False,False
single_source3,1,2.0,88,False,False,False
single_source3,1,2.0,89,False,False,False
single_source3,1,2.0,90,False,False,False
single_source3,1,2.0,91,False,False,False
single_source3,1,2.0,92,False,False,False
single_source3,1,2.0,93,False,False,False
single_source3,1,2.0,94,False,False,False
single_source3,1,2.0,95,False,False,False
single_source3,1,2.0,96,False,False,False
single_source3,1,2.0,97,False,False,False
single_source3,1,2.0,98,False,False,False
single_source3,1,2.0,99,False,False,False
single_source3,1,2.0,100,False,False,False
single_source3,1,2.0,101,False,False,False
single_source3,1,2.0,102,False,False,False
single_source3,1,2.0,103,False,False,False
single_source3,1,2.0,104,False,False,False
single_source3,1,2.0,105,False,False,False
single_source3,1,2.0,106,False,False,False
single_source3,1,2.0,107,False,False,False
single_source3,1,2.0,108,False,False,False
single_source3,1,2.0,109,False,False,False
single_source3,1,2.0,110,False,False,False
single_source3,1,2.0,111,False,False,False
single_source3,1,2.0,112,False,False,False
single_source3,1,2.0,113,False,False,False
single_source3,1,2.0,114,False,False,False
single_source3,1,2.0,115,False,False,False
single_source3,1,2.0,116,False,False,False
single_source3,1,2.0,117,False,False,False
single_source3,1,2.0,118,False,False,False
single_source3,1,2.0,119,False,False,False
single_source3,1,2.0,120,False,False,False
single_source3,1,2.0,121,False,False,False
single_source3,1,2.0,122,False,False,False
single_source3,1,2.0,123,False,False,False
single_source3,1,2.0,124,False,False,False
single_source3,1,2.0,125,False,False,False
single_source3,1,2.0,126,False,False,False
single_source3,1,2.0,127,False,False,False
single_source3,2,2.0,0,False,False,False
single_source3,2,2.0,1,False,False,False
single_source3,2,2.0,2,False,False,False
single_source3,2,2.0,3,False,False,False
single_source3,2,2.0,4,False,False,False
single_source3,2,2.0,5,False,False,False
single_source3,2,2.0,6,False,False,False
single_source3,2,2.0,7,False,False,False
single_source3,2,2.0,8,False,False,False
single_source3,2,2.0,9,False,False,False
single_source3,2,2.0,10,False,False,False
single_source3,2,2.0,11,False,False,False
single_source3,2,2.0,12,False,False,False
single_source3,2,2.0,13,False,False,False
single_source3,2,2.0,14,False,False,False
single_source3,2,2.0,15,False,False,False
single_source3,2,2.0,16,False,False,False
single_source3,2,2.0,17,False,False,False
single_source3,2,2.0,18,False,False,False
single_source3,2,2.0,19,False,False,False
single_source3,2,2.0,20,False,False,False
single_source3,2,2.0,21,False,False,False
single_source3,2,2.0,22,False,False,False
single_source3,2,2.0,23,False,False,False
single_source3,2,2.0,24,False,False,False
single_source3,2,2.0,25,False,False,False
single_source3,2,2.0,26,False,False,False
single_source3,2,2.0,27,False,False,False
single_source3,2,2.0,28,False,False,False
single_source3,2,2.0,29,False,False,False
single_source3,2,2.0,30,False,False,False
single_source3,2,2.0,31,False,False,False
single_source3,2,2.0,32,False,False,False
single_source3,2,2.0,33,False,False,False
single_source3,2,2.0,34,False,False,False
single_source3,2,2.0,35,False,False,False
single_source3,2,2.0,36,False,False,False
single_source3,2,2.0,37,False,False,False
single_source3,2,2.0,38,False,False,False
single_source3,2,2.0,39,False,False,False
single_source3,2,2.0,40,False,False,False
single_source3,2,2.0,41,False,False,False
single_source3,2,2.0,42,False,False,False
single_source3,2,2.0,43,False,False,False
single_source3,2,2.0,44,False,False,False
single_source3,2,2.0,45,False,False,False
single_source3,2,2.0,46,False,False,False
single_source3,2,2.0,47,False,False,False
single_source3,2,2.0,48,False,False,False
single_source3,2,2.0,49,False,False,False
single_source3,2,2.0,50,False,False,False
single_source3,2,2.0,51,False,False,False
single_source3,2,2.0,52,False,False,False
single_source3,2,2.0,53,False,False,False
single_source3,2,2.0,54,False,False,False
single_source3,2,2.0,55,False,False,False
single_source3,2,2.0,56,False,False,False
single_source3,2,2.0,57,False,False,False
single_source3,2,2.0,58,False,False,False
single_source3,2,2.0,59,False,False,False
single_source3,2,2.0,60,False,False,False
single_source3,2,2.0,61,False,False,False
single_source3,2,2.0,62,False,False,False
single_source3,2,2.0,63,False,False,False
single_source3,2,2.0,64,False,False,False
single_source3,2,2.0,65,False,False,False
single_source3,2,2.0,66,False,False,False
single_source3,2,2.0,67,False,False,False
single_source3,2,2.0,68,False,False,False
single_source3,2,2.0,69,False,False,False
single_source3,2,2.0,70,False,False,False
single_source3,2,2.0,71,False,False,False
single_source3,2,2.0,72,False,False,False
single_source3,2,2.0,73,False,False,False
single_source3,2,2.0,74,False,False,False
single_source3,2,2.0,75,False,False,False
single_source3,2,2.0,76,False,False,False
single_source3,2,2.0,77,False,False,False
single_source3,2,2.0,78,False,False,False
single_source3,2,2.0,79,False,False,False
single_source3,2,2.0,80,False,False,False
single_source3,2,2.0,81,False,False,False
single_source3,2,2.0,82,False,False,False
single_source3,2,2.0,83,False,False,False
single_source3,2,2.0,84,False,False,False
single_source3,2,2.0,85,False,False,False
single_source3,2,2.0,86,False,False,False
single_source3,2,2.0,87,False,False,False
single_source3,2,2.0,88,False,False,False
single_source3,2,2.0,89,False,False,False
single_source3,2,2.0,90,False,False,False
single_source3,2,2.0,91,False,False,False
single_source3,2,2.0,92,False,False,False
single_source3,2,2.0,93,False,False,False
single_source3,2,2.0,94,False,False,False
single_source3,2,2.0,95,False,False,False
single_source3,2,2.0,96,False,False,False
single_source3,2,2.0,97,False,False,False
single_source3,2,2.0,98,False,False,False
single_source3,2,2.0,99,False,False,False
single_source3,2,2.0,100,False,False,False
single_source3,2,2.0,101,False,False,False
single_source3,2,2.0,102,False,False,False
single_source3,2,2.0,103,False,False,False
single_source3,2,2.0,104,False,False,False
single_source3,2,2.0,105,False,False,False
single_source3,2,2.0,106,False,False,False
single_source3,2,2.0,107,False,False,False
single_source3,2,2.0,108,False,False,False
single_source3,2,2.0,109,False,False,False
single_source3,2,2.0,110,False,False,False
single_source3,2,2.0,111,False,False,False
single_source3,2,2.0,112,False,False,False
single_source3,2,2.0,113,False,False,False
single_source3,2,2.0,114,False,False,False
single_source3,2,2.0,115,False,False,False
single_source3,2,2.0,116,False,False,False
single_source3,2,2.0,117,False,False,False
single_source3,2,2.0,118,False,False,False
single_source3,2,2.0,119,False,False,False
single_source3,2,2.0,120,False,False,False
single_source3,2,2.0,121,False,False,False
single_source3,2,2.0,122,False,False,False
single_source3,2,2.0,123,False,False,False
single_source3,2,2.0,124,False,False,False
single_source3,2,2.0,125,False,False,False
single_source3,2,2.0,126,False,False,False
single_source3,2,2.0,127,False,False,False
single_source3,3,2.0,0,True,True,True
single_source3,3,2.0,1,True,True,True
single_source3,3,2.0,2,True,True,True
single_source3,3,2.0,3,True,True,True
single_source3,3,2.0,4,True,True,True
single_source3,3,2.0,5,True,True,True
single_source3,3,2.0,6,True,True,True
single_source3,3,2.0,7,True,True,True
single_source3,3,2.0,8,True,True,True
single_source3,3,2.0,9,False,True,True
single_source3,3,2.0,10,True,True,True
single_source3,3,2.0,11,True,True,True
single_source3,3,2.0,12,True,True,True
single_source3,3,2.0,13,False,True,True
single_source3,3,2.0,14,True,True,True
single_source3,3,2.0,15,True,True,True
single_source3,3,2.0,16,True,True,True
single_source3,3,2.0,17,False,False,True
single_source3,3,2.0,18,True,True,True
single_source3,3,2.0,19,False,True,True
single_source3,3,2.0,20,True,True,True
single_source3,3,2.0,21,False,True,True
single_source3,3,2.0,22,True,True,True
single_source3,3,2.0,23,True,True,True
single_source3,3,2.0,24,True,True,True
single_source3,3,2.0,25,True,True,True
single_source3,3,2.0,26,True,True,True
single_source3,3,2.0,27,False,True,True
single_source3,3,2.0,28,True,True,True
single_source3,3,2.0,29,True,True,True
single_source3,3,2.0,30,True,True,True
single_source3,3,2.0,31,True,True,True
single_source3,3,2.0,32,True,True,True
single_source3,3,2.0,33,True,True,True
single_source3,3,2.0,34,True,True,True
single_source3,3,2.0,35,True,True,True
single_source3,3,2.0,36,True,True,True
single_source3,3,2.0,37,False,True,True
single_source3,3,2.0,38,True,True,True
single_source3,3,2.0,39,True,True,True
single_source3,3,2.0,40,True,True,True
single_source3,3,2.0,41,False,True,True
single_source3,3,2.0,42,True,True,True
single_source3,3,2.0,43,False,True,True
single_source3,3,2.0,44,False,True,True
single_source3,3,2.0,45,True,True,True
single_source3,3,2.0,46,True,True,True
single_source3,3,2.0,47,True,True,True
single_source3,3,2.0,48,True,True,True
single_source3,3,2.0,49,True,True,True
single_source3,3,2.0,50,True,True,True
single_source3,3,2.0,51,True,True,True
single_source3,3,2.0,52,True,True,True
single_source3,3,2.0,53,True,True,True
single_source3,3,2.0,54,False,True,True
single_source3,3,2.0,55,True,True,True
single_source3,3,2.0,56,True,True,True
single_source3,3,2.0,57,True,True,True
single_source3,3,2.0,58,True,True,True
single_source3,3,2.0,59,True,True,True
single_source3,3,2.0,60,True,True,True
single_source3,3,2.0,61,False,True,True
single_source3,3,2.0,62,False,True,True
single_source3,3,2.0,63,True,True,True
single_source3,3,2.0,64,True,True,True
single_source3,3,2.0,65,True,True,True
single_source3,3,2.0,66,False,True,True
single_source3,3,2.0,67,True,True,True
single_source3,3,2.0,68,True,True,True
single_source3,3,2.0,69,True,True,True
single_source3,3,2.0,70,True,True,True
single_source3,3,2.0,71,True,True,True
single_source3,3,2.0,72,True,True,True
single_source3,3,2.0,73,True,True,True
single_source3,3,2.0,74,True,True,True
single_source3,3,2.0,75,True,True,True
single_source3,3,2.0,76,True,True,True
single_source3,3,2.0,77,True,True,True
single_source3,3,2.0,78,True,True,True
single_source3,3,2.0,79,True,True,True
single_source3,3,2.0,80,True,True,True
single_source3,3,2.0,81,True,True,True
single_source3,3,2.0,82,True,True,True
single_source3,3,2.0,83,True,True,True
single_source3,3,2.0,84,True,True,True
single_source3,3,2.0,85,True,True,True
single_source3,3,2.0,86,True,True,True
single_source3,3,2.0,87,False,True,True
single_source3,3,2.0,88,False,True,True
single_source3,3,2.0,89,True,True,True
single_source3,3,2.0,90,True,True,True
single_source3,3,2.0,91,True,True,True
single_source3,3,2.0,92,True,True,True
single_source3,3,2.0,93,True,True,True
single_source3,3,2.0,94,True,True,True
single_source3,3,2.0,95,True,True,True
single_source3,3,2.0,96,False,True,True
single_source3,3,2.0,97,False,True,True
single_source3,3,2.0,98,False,True,True
single_source3,3,2.0,99,False,False,True
single_source3,3,2.0,100,True,True,True
single_source3,3,2.0,101,True,True,True
single_source3,3,2.0,102,False,False,False
single_source3,3,2.0,103,True,True,True
single_source3,3,2.0,104,True,True,True
single_source3,3,2.0,105,True,True,True
single_source3,3,2.0,106,False,True,True
single_source3,3,2.0,107,True,True,True
single_source3,3,2.0,108,True,True,True
single_source3,3,2.0,109,True,True,True
single_source3,3,2.0,110,True,True,True
single_source3,3,2.0,111,False,True,True
single_source3,3,2.0,112,True,True,True
single_source3,3,2.0,113,True,True,True
single_source3,3,2.0,114,True,True,True
single_source3,3,2.0,115,True,True,True
single_source3,3,2.0,116,True,True,True
single_source3,3,2.0,117,True,True,True
single_source3,3,2.0,118,True,True,True
single_source3,3,2.0,119,True,True,True
single_source3,3,2.0,120,True,True,True
single_source3,3,2.0,121,True,True,True
single_source3,3,2.0,122,True,True,True
single_source3,3,2.0,123,True,True,True
single_source3,3,2.0,124,True,True,True
single_source3,3,2.0,125,True,True,True
single_source3,3,2.0,126,True,True,True
single_source3,3,2.0,127,True,True,True
unified,0,2.0,0,True,True,True
unified,0,2.0,1,True,True,True
unified,0,2.0,2,True,True,True
unified,0,2.0,3,True,True,True
unified,0,2.0,4,True,True,True
unified,0,2.0,5,True,True,True
unified,0,2.0,6,True,True,True
unified,0,2.0,7,True,True,True
unified,0,2.0,8,True,True,True
unified,0,2.0,9,True,True,True
unified,0,2.0,10,False,False,False
unified,0,2.0,11,True,True,True
unified,0,2.0,12,True,True,True
unified,0,2.0,13,True,True,True
unified,0,2.0,14,True,True,True
unified,0,2.0,15,True,True,True
unified,0,2.0,16,True,True,True
unified,0,2.0,17,True,True,True
unified,0,2.0,18,True,True,True
unified,0,2.0,19,True,True,True
unified,0,2.0,20,True,True,True
unified,0,2.0,21,True,True,True
unified,0,2.0,22,True,True,True
unified,0,2.0,23,True,True,True
unified,0,2.0,24,True,True,True
unified,0,2.0,25,True,True,True
unified,0,2.0,26,True,True,True
unified,0,2.0,27,True,True,True
unified,0,2.0,28,True,True,True
unified,0,2.0,29,True,True,True
unified,0,2.0,30,True,True,True
unified,0,2.0,31,True,True,True
unified,0,2.0,32,True,True,True
unified,0,2.0,33,True,True,True
unified,0,2.0,34,True,True,True
unified,0,2.0,35,True,True,True
unified,0,2.0,36,True,True,True
unified,0,2.0,37,True,True,True
unified,0,2.0,38,True,True,True
unified,0,2.0,39,True,True,True
unified,0,2.0,40,True,True,True
unified,0,2.0,41,True,True,True
unified,0,2.0,42,True,True,True
unified,0,2.0,43,True,True,True
unified,0,2.0,44,True,True,True
unified,0,2.0,45,True,True,True
unified,0,2.0,46,True,True,True
unified,0,2.0,47,True,True,True
unified,0,2.0,48,True,True,True
unified,0,2.0,49,True,True,True
unified,0,2.0,50,True,True,True
unified,0,2.0,51,True,True,True
unified,0,2.0,52,True,True,True
unified,0,2.0,53,True,True,True
unified,0,2.0,54,True,True,True
unified,0,2.0,55,True,True,True
unified,0,2.0,56,True,True,True
unified,0,2.0,57,True,True,True
unified,0,2.0,58,True,True,True
unified,0,2.0,59,True,True,True
unified,0,2.0,60,True,True,True
unified,0,2.0,61,True,True,True
unified,0,2.0,62,True,True,True
unified,0,2.0,63,True,True,True
unified,0,2.0,64,True,True,True
unified,0,2.0,65,True,True,True
unified,0,2.0,66,True,True,True
unified,0,2.0,67,True,True,True
unified,0,2.0,68,True,True,True
unified,0,2.0,69,True,True,True
unified,0,2.0,70,True,True,True
unified,0,2.0,71,True,True,True
unified,0,2.0,72,True,True,True
unified,0,2.0,73,True,True,True
unified,0,2.0,74,True,True,True
unified,0,2.0,75,True,True,True
unified,0,2.0,76,True,True,True
unified,0,2.0,77,True,True,True
unified,0,2.0,78,True,True,True
unified,0,2.0,79,True,True,True
unified,0,2.0,80,True,True,True
unified,0,2.0,81,True,True,True
unified,0,2.0,82,True,True,True
unified,0,2.0,83,True,True,True
unified,0,2.0,84,True,True,True
unified,0,2.0,85,True,True,True
unified,0,2.0,86,True,True,True
unified,0,2.0,87,True,True,True
unified,0,2.0,88,True,True,True
unified,0,2.0,89,True,True,True
unified,0,2.0,90,True,True,True
unified,0,2.0,91,True,True,True
unified,0,2.0,92,True,True,True
unified,0,2.0,93,True,True,True
unified,0,2.0,94,True,True,True
unified,0,2.0,95,True,True,True
unified,0,2.0,96,True,True,True
unified,0,2.0,97,True,True,True
unified,0,2.0,98,True,True,True
unified,0,2.0,99,True,True,True
unified,0,2.0,100,True,True,True
unified,0,2.0,101,True,True,True
unified,0,2.0,102,True,True,True
unified,0,2.0,103,True,True,True
unified,0,2.0,104,True,True,True
unified,0,2.0,105,True,True,True
unified,0,2.0,106,True,True,True
unified,0,2.0,107,True,True,True
unified,0,2.0,108,True,True,True
unified,0,2.0,109,True,True,True
unified,0,2.0,110,True,True,True
unified,0,2.0,111,True,True,True
unified,0,2.0,112,True,True,True
unified,0,2.0,113,True,True,True
unified,0,2.0,114,True,True,True
unified,0,2.0,115,True,True,True
unified,0,2.0,116,True,True,True
unified,0,2.0,117,True,True,True
unified,0,2.0,118,True,True,True
unified,0,2.0,119,True,True,True
unified,0,2.0,120,True,True,True
unified,0,2.0,121,True,True,True
unified,0,2.0,122,True,True,True
unified,0,2.0,123,True,True,True
unified,0,2.0,124,True,True,True
unified,0,2.0,125,True,True,True
unified,0,2.0,126,True,True,True
unified,0,2.0,127,True,True,True
unified,1,2.0,0,True,True,True
unified,1,2.0,1,True,True,True
unified,1,2.0,2,True,True,True
unified,1,2.0,3,True,True,True
unified,1,2.0,4,True,True,True
unified,1,2.0,5,True,True,True
unified,1,2.0,6,True,True,True
unified,1,2.0,7,True,True,True
unified,1,2.0,8,True,True,True
unified,1,2.0,9,True,True,True
unified,1,2.0,10,True,True,True
unified,1,2.0,11,True,True,True
unified,1,2.0,12,True,True,True
unified,1,2.0,13,True,True,True
unified,1,2.0,14,True,True,True
unified,1,2.0,15,True,True,True
unified,1,2.0,16,True,True,True
unified,1,2.0,17,True,True,True
unified,1,2.0,18,True,True,True
unified,1,2.0,19,True,True,True
unified,1,2.0,20,True,True,True
unified,1,2.0,21,True,True,True
unified,1,2.0,22,True,True,True
unified,1,2.0,23,True,True,True
unified,1,2.0,24,True,True,True
unified,1,2.0,25,True,True,True
unified,1,2.0,26,True,True,True
unified,1,2.0,27,True,True,True
unified,1,2.0,28,True,True,True
unified,1,2.0,29,True,True,True
unified,1,2.0,30,True,True,True
unified,1,2.0,31,True,True,True
unified,1,2.0,32,True,True,True
unified,1,2.0,33,True,True,True
unified,1,2.0,34,True,True,True
unified,1,2.0,35,True,True,True
unified,1,2.0,36,True,True,True
unified,1,2.0,37,True,True,True
unified,1,2.0,38,True,True,True
unified,1,2.0,39,True,True,True
unified,1,2.0,40,True,True,True
unified,1,2.0,41,True,True,True
unified,1,2.0,42,True,True,True
unified,1,2.0,43,True,True,True
unified,1,2.0,44,True,True,True
unified,1,2.0,45,True,True,True
unified,1,2.0,46,True,True,True
unified,1,2.0,47,True,True,True
unified,1,2.0,48,True,True,True
unified,1,2.0,49,True,True,True
unified,1,2.0,50,True,True,True
unified,1,2.0,51,True,True,True
unified,1,2.0,52,True,True,True
unified,1,2.0,53,True,True,True
unified,1,2.0,54,True,True,True
unified,1,2.0,55,True,True,True
unified,1,2.0,56,True,True,True
unified,1,2.0,57,True,True,True
unified,1,2.0,58,True,True,True
unified,1,2.0,59,True,True,True
unified,1,2.0,60,True,True,True
unified,1,2.0,61,True,True,True
unified,1,2.0,62,True,True,True
unified,1,2.0,63,True,True,True
unified,1,2.0,64,True,True,True
unified,1,2.0,65,True,True,True
unified,1,2.0,66,True,True,True
unified,1,2.0,67,True,True,True
unified,1,2.0,68,True,True,True
unified,1,2.0,69,True,True,True
unified,1,2.0,70,True,True,True
unified,1,2.0,71,True,True,True
unified,1,2.0,72,True,True,True
unified,1,2.0,73,True,True,True
unified,1,2.0,74,True,True,True
unified,1,2.0,75,True,True,True
unified,1,2.0,76,True,True,True
unified,1,2.0,77,True,True,True
unified,1,2.0,78,True,True,True
unified,1,2.0,79,True,True,True
unified,1,2.0,80,True,True,True
unified,1,2.0,81,True,True,True
unified,1,2.0,82,True,True,True
unified,1,2.0,83,True,True,True
unified,1,2.0,84,True,True,True
unified,1,2.0,85,True,True,True
unified,1,2.0,86,True,True,True
unified,1,2.0,87,True,True,True
unified,1,2.0,88,True,True,True
unified,1,2.0,89,True,True,True
unified,1,2.0,90,True,True,True
unified,1,2.0,91,True,True,True
unified,1,2.0,92,True,True,True
unified,1,2.0,93,True,True,True
unified,1,2.0,94,True,True,True
unified,1,2.0,95,True,True,True
unified,1,2.0,96,True,True,True
unified,1,2.0,97,True,True,True
unified,1,2.0,98,True,True,True
unified,1,2.0,99,True,True,True
unified,1,2.0,100,True,True,True
unified,1,2.0,101,True,True,True
unified,1,2.0,102,True,True,True
unified,1,2.0,103,True,True,True
unified,1,2.0,104,True,True,True
unified,1,2.0,105,True,True,True
unified,1,2.0,106,True,True,True
unified,1,2.0,107,True,True,True
unified,1,2.0,108,True,True,True
unified,1,2.0,109,True,True,True
unified,1,2.0,110,True,True,True
unified,1,2.0,111,True,True,True
unified,1,2.0,112,True,True,True
unified,1,2.0,113,True,True,True
unified,1,2.0,114,True,True,True
unified,1,2.0,115,True,True,True
unified,1,2.0,116,True,True,True
unified,1,2.0,117,True,True,True
unified,1,2.0,118,True,True,True
unified,1,2.0,119,True,True,True
unified,1,2.0,120,True,True,True
unified,1,2.0,121,True,True,True
unified,1,2.0,122,True,True,True
unified,1,2.0,123,True,True,True
unified,1,2.0,124,True,True,True
unified,1,2.0,125,True,True,True
unified,1,2.0,126,True,True,True
unified,1,2.0,127,True,True,True
unified,2,2.0,0,True,True,True
unified,2,2.0,1,True,True,True
unified,2,2.0,2,True,True,True
unified,2,2.0,3,True,True,True
unified,2,2.0,4,True,True,True
unified,2,2.0,5,True,True,True
unified,2,2.0,6,True,True,True
unified,2,2.0,7,True,True,True
unified,2,2.0,8,True,True,True
unified,2,2.0,9,True,True,True
unified,2,2.0,10,True,True,True
unified,2,2.0,11,True,True,True
unified,2,2.0,12,True,True,True
unified,2,2.0,13,True,True,True
unified,2,2.0,14,True,True,True
unified,2,2.0,15,True,True,True
unified,2,2.0,16,True,True,True
unified,2,2.0,17,True,True,True
unified,2,2.0,18,True,True,True
unified,2,2.0,19,True,True,True
unified,2,2.0,20,True,True,True
unified,2,2.0,21,True,True,True
unified,2,2.0,22,False,False,False
unified,2,2.0,23,True,True,True
unified,2,2.0,24,True,True,True
unified,2,2.0,25,True,True,True
unified,2,2.0,26,True,True,True
unified,2,2.0,27,True,True,True
unified,2,2.0,28,True,True,True
unified,2,2.0,29,True,True,True
unified,2,2.0,30,True,True,True
unified,2,2.0,31,True,True,True
unified,2,2.0,32,True,True,True
unified,2,2.0,33,True,True,True
unified,2,2.0,34,True,True,True
unified,2,2.0,35,True,True,True
unified,2,2.0,36,True,True,True
unified,2,2.0,37,True,True,True
unified,2,2.0,38,False,False,False
unified,2,2.0,39,True,True,True
unified,2,2.0,40,True,True,True
unified,2,2.0,41,True,True,True
unified,2,2.0,42,True,True,True
unified,2,2.0,43,True,True,True
unified,2,2.0,44,True,True,True
unified,2,2.0,45,True,True,True
unified,2,2.0,46,True,True,True
unified,2,2.0,47,True,True,True
unified,2,2.0,48,True,True,True
unified,2,2.0,49,True,True,True
unified,2,2.0,50,True,True,True
unified,2,2.0,51,True,True,True
unified,2,2.0,52,True,True,True
unified,2,2.0,53,True,True,True
unified,2,2.0,54,True,True,True
unified,2,2.0,55,False,True,True
unified,2,2.0,56,True,True,True
unified,2,2.0,57,True,True,True
unified,2,2.0,58,True,True,True
unified,2,2.0,59,False,False,False
unified,2,2.0,60,True,True,True
unified,2,2.0,61,True,True,True
unified,2,2.0,62,True,True,True
unified,2,2.0,63,True,True,True
unified,2,2.0,64,True,True,True
unified,2,2.0,65,True,True,True
unified,2,2.0,66,True,True,True
unified,2,2.0,67,False,False,False
unified,2,2.0,68,True,True,True
unified,2,2.0,69,True,True,True
unified,2,2.0,70,True,True,True
unified,2,2.0,71,True,True,True
unified,2,2.0,72,True,True,True
unified,2,2.0,73,True,True,True
unified,2,2.0,74,True,True,True
unified,2,2.0,75,True,True,True
unified,2,2.0,76,True,True,True
unified,2,2.0,77,True,True,True
unified,2,2.0,78,True,True,True
unified,2,2.0,79,True,True,True
unified,2,2.0,80,True,True,True
unified,2,2.0,81,True,True,True
unified,2,2.0,82,True,True,True
unified,2,2.0,83,True,True,True
unified,2,2.0,84,True,True,True
unified,2,2.0,85,True,True,True
unified,2,2.0,86,True,True,True
unified,2,2.0,87,True,True,True
unified,2,2.0,88,False,False,False
unified,2,2.0,89,True,True,True
unified,2,2.0,90,True,True,True
unified,2,2.0,91,True,True,True
unified,2,2.0,92,True,True,True
unified,2,2.0,93,True,True,True
unified,2,2.0,94,True,True,True
unified,2,2.0,95,True,True,True
unified,2,2.0,96,True,True,True
unified,2,2.0,97,True,True,True
unified,2,2.0,98,True,True,True
unified,2,2.0,99,True,True,True
unified,2,2.0,100,True,True,True
unified,2,2.0,101,True,True,True
unified,2,2.0,102,True,True,True
unified,2,2.0,103,True,True,True
unified,2,2.0,104,True,True,True
unified,2,2.0,105,True,True,True
unified,2,2.0,106,True,True,True
unified,2,2.0,107,True,True,True
unified,2,2.0,108,True,True,True
unified,2,2.0,109,True,True,True
unified,2,2.0,110,True,True,True
unified,2,2.0,111,True,True,True
unified,2,2.0,112,True,True,True
unified,2,2.0,113,True,True,True
unified,2,2.0,114,True,True,True
unified,2,2.0,115,True,True,True
unified,2,2.0,116,True,True,True
unified,2,2.0,117,False,False,False
unified,2,2.0,118,False,False,False
unified,2,2.0,119,True,True,True
unified,2,2.0,120,True,True,True
unified,2,2.0,121,True,True,True
unified,2,2.0,122,True,True,True
unified,2,2.0,123,True,True,True
unified,2,2.0,124,True,True,True
unified,2,2.0,125,True,True,True
unified,2,2.0,126,True,True,True
unified,2,2.0,127,True,True,True
unified,3,2.0,0,False,True,True
unified,3,2.0,1,False,True,True
unified,3,2.0,2,False,True,True
unified,3,2.0,3,False,True,True
unified,3,2.0,4,False,False,False
unified,3,2.0,5,False,True,True
unified,3,2.0,6,False,True,True
unified,3,2.0,7,False,True,True
unified,3,2.0,8,False,True,True
unified,3,2.0,9,False,True,True
unified,3,2.0,10,False,True,True
unified,3,2.0,11,False,True,True
unified,3,2.0,12,False,True,True
unified,3,2.0,13,False,True,True
unified,3,2.0,14,False,True,True
unified,3,2.0,15,False,True,True
unified,3,2.0,16,False,True,True
unified,3,2.0,17,False,True,True
unified,3,2.0,18,False,True,True
unified,3,2.0,19,False,True,True
unified,3,2.0,20,False,True,True
unified,3,2.0,21,False,False,False
unified,3,2.0,22,False,True,True
unified,3,2.0,23,False,True,True
unified,3,2.0,24,False,True,True
unified,3,2.0,25,False,True,True
unified,3,2.0,26,False,False,False
unified,3,2.0,27,False,True,True
unified,3,2.0,28,False,False,False
unified,3,2.0,29,False,True,True
unified,3,2.0,30,False,True,True
unified,3,2.0,31,False,True,True
unified,3,2.0,32,False,True,True
unified,3,2.0,33,False,True,True
unified,3,2.0,34,True,True,True
unified,3,2.0,35,False,True,True
unified,3,2.0,36,False,True,True
unified,3,2.0,37,False,True,True
unified,3,2.0,38,False,True,True
unified,3,2.0,39,False,True,True
unified,3,2.0,40,False,True,True
unified,3,2.0,41,False,True,True
unified,3,2.0,42,False,True,True
unified,3,2.0,43,False,False,False
unified,3,2.0,44,False,False,False
unified,3,2.0,45,False,True,True
unified,3,2.0,46,False,True,True
unified,3,2.0,47,False,True,True
unified,3,2.0,48,False,True,True
unified,3,2.0,49,False,True,True
unified,3,2.0,50,False,True,True
unified,3,2.0,51,False,True,True
unified,3,2.0,52,False,True,True
unified,3,2.0,53,False,True,True
unified,3,2.0,54,False,True,True
unified,3,2.0,55,False,True,True
unified,3,2.0,56,False,True,True
unified,3,2.0,57,False,True,True
unified,3,2.0,58,False,True,True
unified,3,2.0,59,False,True,True
unified,3,2.0,60,False,True,True
unified,3,2.0,61,False,True,True
unified,3,2.0,62,False,True,True
unified,3,2.0,63,False,True,True
unified,3,2.0,64,False,True,True
unified,3,2.0,65,False,True,True
unified,3,2.0,66,False,True,True
unified,3,2.0,67,False,True,True
unified,3,2.0,68,False,True,True
unified,3,2.0,69,False,True,True
unified,3,2.0,70,False,False,False
unified,3,2.0,71,False,True,True
unified,3,2.0,72,False,True,True
unified,3,2.0,73,False,True,True
unified,3,2.0,74,False,True,True
unified,3,2.0,75,False,True,True
unified,3,2.0,76,False,True,True
unified,3,2.0,77,False,True,True
unified,3,2.0,78,False,True,True
unified,3,2.0,79,False,True,True
unified,3,2.0,80,False,True,True
unified,3,2.0,81,False,True,True
unified,3,2.0,82,True,True,True
unified,3,2.0,83,False,False,False
unified,3,2.0,84,False,True,True
unified,3,2.0,85,False,True,True
unified,3,2.0,86,False,True,True
unified,3,2.0,87,False,True,True
unified,3,2.0,88,False,True,True
unified,3,2.0,89,False,True,True
unified,3,2.0,90,False,True,True
unified,3,2.0,91,False,True,True
unified,3,2.0,92,False,True,True
unified,3,2.0,93,False,True,True
unified,3,2.0,94,False,True,True
unified,3,2.0,95,False,True,True
unified,3,2.0,96,False,True,True
unified,3,2.0,97,False,True,True
unified,3,2.0,98,False,True,True
unified,3,2.0,99,False,True,True
unified,3,2.0,100,False,True,True
unified,3,2.0,101,False,True,True
unified,3,2.0,102,False,False,False
unified,3,2.0,103,False,True,True
unified,3,2.0,104,False,True,True
unified,3,2.0,105,False,True,True
unified,3,2.0,106,False,True,True
unified,3,2.0,107,False,True,True
unified,3,2.0,108,False,True,True
unified,3,2.0,109,False,True,True
unified,3,2.0,110,False,True,True
unified,3,2.0,111,False,True,True
unified,3,2.0,112,False,True,True
unified,3,2.0,113,False,True,True
unified,3,2.0,114,False,True,True
unified,3,2.0,115,False,True,True
unified,3,2.0,116,False,True,True
unified,3,2.0,117,False,True,True
unified,3,2.0,118,False,False,False
unified,3,2.0,119,False,True,True
unified,3,2.0,120,False,True,True
unified,3,2.0,121,False,True,True
unified,3,2.0,122,False,False,False
unified,3,2.0,123,False,True,True
unified,3,2.0,124,False,False,False
unified,3,2.0,125,False,False,False
unified,3,2.0,126,False,True,True
unified,3,2.0,127,False,True,True
historical,0,5.0,0,True,True,True
historical,0,5.0,1,True,True,True
historical,0,5.0,2,True,True,True
historical,0,5.0,3,True,True,True
historical,0,5.0,4,True,True,True
historical,0,5.0,5,True,True,True
historical,0,5.0,6,True,True,True
historical,0,5.0,7,True,True,True
historical,0,5.0,8,True,True,True
historical,0,5.0,9,True,True,True
historical,0,5.0,10,True,True,True
historical,0,5.0,11,True,True,True
historical,0,5.0,12,True,True,True
historical,0,5.0,13,True,True,True
historical,0,5.0,14,True,True,True
historical,0,5.0,15,True,True,True
historical,0,5.0,16,True,True,True
historical,0,5.0,17,True,True,True
historical,0,5.0,18,True,True,True
historical,0,5.0,19,True,True,True
historical,0,5.0,20,True,True,True
historical,0,5.0,21,True,True,True
historical,0,5.0,22,True,True,True
historical,0,5.0,23,True,True,True
historical,0,5.0,24,True,True,True
historical,0,5.0,25,True,True,True
historical,0,5.0,26,True,True,True
historical,0,5.0,27,True,True,True
historical,0,5.0,28,True,True,True
historical,0,5.0,29,True,True,True
historical,0,5.0,30,True,True,True
historical,0,5.0,31,True,True,True
historical,0,5.0,32,True,True,True
historical,0,5.0,33,True,True,True
historical,0,5.0,34,True,True,True
historical,0,5.0,35,True,True,True
historical,0,5.0,36,True,True,True
historical,0,5.0,37,True,True,True
historical,0,5.0,38,True,True,True
historical,0,5.0,39,True,True,True
historical,0,5.0,40,True,True,True
historical,0,5.0,41,True,True,True
historical,0,5.0,42,True,True,True
historical,0,5.0,43,True,True,True
historical,0,5.0,44,True,True,True
historical,0,5.0,45,True,True,True
historical,0,5.0,46,True,True,True
historical,0,5.0,47,True,True,True
historical,0,5.0,48,True,True,True
historical,0,5.0,49,True,True,True
historical,0,5.0,50,True,True,True
historical,0,5.0,51,True,True,True
historical,0,5.0,52,True,True,True
historical,0,5.0,53,True,True,True
historical,0,5.0,54,True,True,True
historical,0,5.0,55,True,True,True
historical,0,5.0,56,False,False,False
historical,0,5.0,57,True,True,True
historical,0,5.0,58,True,True,True
historical,0,5.0,59,True,True,True
historical,0,5.0,60,True,True,True
historical,0,5.0,61,True,True,True
historical,0,5.0,62,True,True,True
historical,0,5.0,63,True,True,True
historical,0,5.0,64,True,True,True
historical,0,5.0,65,True,True,True
historical,0,5.0,66,True,True,True
historical,0,5.0,67,True,True,True
historical,0,5.0,68,True,True,True
historical,0,5.0,69,True,True,True
historical,0,5.0,70,True,True,True
historical,0,5.0,71,True,True,True
historical,0,5.0,72,True,True,True
historical,0,5.0,73,True,True,True
historical,0,5.0,74,True,True,True
historical,0,5.0,75,True,True,True
historical,0,5.0,76,True,True,True
historical,0,5.0,77,True,True,True
historical,0,5.0,78,True,True,True
historical,0,5.0,79,True,True,True
historical,0,5.0,80,True,True,True
historical,0,5.0,81,True,True,True
historical,0,5.0,82,True,True,True
historical,0,5.0,83,True,True,True
historical,0,5.0,84,True,True,True
historical,0,5.0,85,True,True,True
historical,0,5.0,86,True,True,True
historical,0,5.0,87,True,True,True
historical,0,5.0,88,True,True,True
historical,0,5.0,89,True,True,True
historical,0,5.0,90,True,True,True
historical,0,5.0,91,True,True,True
historical,0,5.0,92,True,True,True
historical,0,5.0,93,True,True,True
historical,0,5.0,94,True,True,True
historical,0,5.0,95,True,True,True
historical,0,5.0,96,True,True,True
historical,0,5.0,97,False,False,False
historical,0,5.0,98,True,True,True
historical,0,5.0,99,True,True,True
historical,0,5.0,100,False,False,False
historical,0,5.0,101,True,True,True
historical,0,5.0,102,True,True,True
historical,0,5.0,103,True,True,True
historical,0,5.0,104,True,True,True
historical,0,5.0,105,False,True,True
historical,0,5.0,106,True,True,True
historical,0,5.0,107,True,True,True
historical,0,5.0,108,False,False,False
historical,0,5.0,109,True,True,True
historical,0,5.0,110,True,True,True
historical,0,5.0,111,True,True,True
historical,0,5.0,112,True,True,True
historical,0,5.0,113,True,True,True
historical,0,5.0,114,True,True,True
historical,0,5.0,115,True,True,True
historical,0,5.0,116,True,True,True
historical,0,5.0,117,True,True,True
historical,0,5.0,118,True,True,True
historical,0,5.0,119,True,True,True
historical,0,5.0,120,True,True,True
historical,0,5.0,121,True,True,True
historical,0,5.0,122,True,True,True
historical,0,5.0,123,True,True,True
historical,0,5.0,124,True,True,True
historical,0,5.0,125,True,True,True
historical,0,5.0,126,True,True,True
historical,0,5.0,127,True,True,True
historical,1,5.0,0,True,True,True
historical,1,5.0,1,True,True,True
historical,1,5.0,2,True,True,True
historical,1,5.0,3,True,True,True
historical,1,5.0,4,True,True,True
historical,1,5.0,5,True,True,True
historical,1,5.0,6,True,True,True
historical,1,5.0,7,True,True,True
historical,1,5.0,8,True,True,True
historical,1,5.0,9,True,True,True
historical,1,5.0,10,True,True,True
historical,1,5.0,11,True,True,True
historical,1,5.0,12,True,True,True
historical,1,5.0,13,True,True,True
historical,1,5.0,14,True,True,True
historical,1,5.0,15,True,True,True
historical,1,5.0,16,True,True,True
historical,1,5.0,17,True,True,True
historical,1,5.0,18,True,True,True
historical,1,5.0,19,True,True,True
historical,1,5.0,20,True,True,True
historical,1,5.0,21,True,True,True
historical,1,5.0,22,True,True,True
historical,1,5.0,23,True,True,True
historical,1,5.0,24,True,True,True
historical,1,5.0,25,True,True,True
historical,1,5.0,26,True,True,True
historical,1,5.0,27,True,True,True
historical,1,5.0,28,True,True,True
historical,1,5.0,29,True,True,True
historical,1,5.0,30,True,True,True
historical,1,5.0,31,True,True,True
historical,1,5.0,32,True,True,True
historical,1,5.0,33,True,True,True
historical,1,5.0,34,True,True,True
historical,1,5.0,35,True,True,True
historical,1,5.0,36,True,True,True
historical,1,5.0,37,True,True,True
historical,1,5.0,38,True,True,True
historical,1,5.0,39,True,True,True
historical,1,5.0,40,True,True,True
historical,1,5.0,41,True,True,True
historical,1,5.0,42,True,True,True
historical,1,5.0,43,True,True,True
historical,1,5.0,44,True,True,True
historical,1,5.0,45,True,True,True
historical,1,5.0,46,True,True,True
historical,1,5.0,47,True,True,True
historical,1,5.0,48,True,True,True
historical,1,5.0,49,True,True,True
historical,1,5.0,50,True,True,True
historical,1,5.0,51,True,True,True
historical,1,5.0,52,True,True,True
historical,1,5.0,53,True,True,True
historical,1,5.0,54,True,True,True
historical,1,5.0,55,True,True,True
historical,1,5.0,56,True,True,True
historical,1,5.0,57,True,True,True
historical,1,5.0,58,True,True,True
historical,1,5.0,59,True,True,True
historical,1,5.0,60,True,True,True
historical,1,5.0,61,True,True,True
historical,1,5.0,62,True,True,True
historical,1,5.0,63,True,True,True
historical,1,5.0,64,True,True,True
historical,1,5.0,65,True,True,True
historical,1,5.0,66,True,True,True
historical,1,5.0,67,True,True,True
historical,1,5.0,68,True,True,True
historical,1,5.0,69,True,True,True
historical,1,5.0,70,True,True,True
historical,1,5.0,71,True,True,True
historical,1,5.0,72,True,True,True
historical,1,5.0,73,True,True,True
historical,1,5.0,74,True,True,True
historical,1,5.0,75,True,True,True
historical,1,5.0,76,True,True,True
historical,1,5.0,77,True,True,True
historical,1,5.0,78,True,True,True
historical,1,5.0,79,True,True,True
historical,1,5.0,80,True,True,True
historical,1,5.0,81,True,True,True
historical,1,5.0,82,True,True,True
historical,1,5.0,83,True,True,True
historical,1,5.0,84,True,True,True
historical,1,5.0,85,True,True,True
historical,1,5.0,86,True,True,True
historical,1,5.0,87,True,True,True
historical,1,5.0,88,True,True,True
historical,1,5.0,89,True,True,True
historical,1,5.0,90,True,True,True
historical,1,5.0,91,True,True,True
historical,1,5.0,92,True,True,True
historical,1,5.0,93,True,True,True
historical,1,5.0,94,True,True,True
historical,1,5.0,95,True,True,True
historical,1,5.0,96,True,True,True
historical,1,5.0,97,True,True,True
historical,1,5.0,98,True,True,True
historical,1,5.0,99,True,True,True
historical,1,5.0,100,True,True,True
historical,1,5.0,101,True,True,True
historical,1,5.0,102,True,True,True
historical,1,5.0,103,True,True,True
historical,1,5.0,104,True,True,True
historical,1,5.0,105,True,True,True
historical,1,5.0,106,True,True,True
historical,1,5.0,107,True,True,True
historical,1,5.0,108,True,True,True
historical,1,5.0,109,True,True,True
historical,1,5.0,110,True,True,True
historical,1,5.0,111,True,True,True
historical,1,5.0,112,True,True,True
historical,1,5.0,113,True,True,True
historical,1,5.0,114,True,True,True
historical,1,5.0,115,True,True,True
historical,1,5.0,116,True,True,True
historical,1,5.0,117,True,True,True
historical,1,5.0,118,True,True,True
historical,1,5.0,119,True,True,True
historical,1,5.0,120,True,True,True
historical,1,5.0,121,True,True,True
historical,1,5.0,122,True,True,True
historical,1,5.0,123,True,True,True
historical,1,5.0,124,True,True,True
historical,1,5.0,125,True,True,True
historical,1,5.0,126,True,True,True
historical,1,5.0,127,True,True,True
historical,2,5.0,0,True,True,True
historical,2,5.0,1,True,True,True
historical,2,5.0,2,True,True,True
historical,2,5.0,3,True,True,True
historical,2,5.0,4,True,True,True
historical,2,5.0,5,True,True,True
historical,2,5.0,6,True,True,True
historical,2,5.0,7,True,True,True
historical,2,5.0,8,True,True,True
historical,2,5.0,9,True,True,True
historical,2,5.0,10,True,True,True
historical,2,5.0,11,True,True,True
historical,2,5.0,12,True,True,True
historical,2,5.0,13,True,True,True
historical,2,5.0,14,True,True,True
historical,2,5.0,15,True,True,True
historical,2,5.0,16,True,True,True
historical,2,5.0,17,True,True,True
historical,2,5.0,18,True,True,True
historical,2,5.0,19,True,True,True
historical,2,5.0,20,True,True,True
historical,2,5.0,21,True,True,True
historical,2,5.0,22,True,True,True
historical,2,5.0,23,True,True,True
historical,2,5.0,24,True,True,True
historical,2,5.0,25,True,True,True
historical,2,5.0,26,True,True,True
historical,2,5.0,27,True,True,True
historical,2,5.0,28,True,True,True
historical,2,5.0,29,True,True,True
historical,2,5.0,30,True,True,True
historical,2,5.0,31,True,True,True
historical,2,5.0,32,True,True,True
historical,2,5.0,33,True,True,True
historical,2,5.0,34,True,True,True
historical,2,5.0,35,True,True,True
historical,2,5.0,36,True,True,True
historical,2,5.0,37,True,True,True
historical,2,5.0,38,True,True,True
historical,2,5.0,39,True,True,True
historical,2,5.0,40,True,True,True
historical,2,5.0,41,True,True,True
historical,2,5.0,42,True,True,True
historical,2,5.0,43,True,True,True
historical,2,5.0,44,True,True,True
historical,2,5.0,45,True,True,True
historical,2,5.0,46,True,True,True
historical,2,5.0,47,True,True,True
historical,2,5.0,48,True,True,True
historical,2,5.0,49,True,True,True
historical,2,5.0,50,True,True,True
historical,2,5.0,51,True,True,True
historical,2,5.0,52,True,True,True
historical,2,5.0,53,True,True,True
historical,2,5.0,54,True,True,True
historical,2,5.0,55,True,True,True
historical,2,5.0,56,True,True,True
historical,2,5.0,57,True,True,True
historical,2,5.0,58,True,True,True
historical,2,5.0,59,True,True,True
historical,2,5.0,60,True,True,True
historical,2,5.0,61,True,True,True
historical,2,5.0,62,True,True,True
historical,2,5.0,63,True,True,True
historical,2,5.0,64,True,True,True
historical,2,5.0,65,True,True,True
historical,2,5.0,66,True,True,True
historical,2,5.0,67,True,True,True
historical,2,5.0,68,True,True,True
historical,2,5.0,69,True,True,True
historical,2,5.0,70,True,True,True
historical,2,5.0,71,True,True,True
historical,2,5.0,72,True,True,True
historical,2,5.0,73,True,True,True
historical,2,5.0,74,True,True,True
historical,2,5.0,75,True,True,True
historical,2,5.0,76,True,True,True
historical,2,5.0,77,True,True,True
historical,2,5.0,78,True,True,True
historical,2,5.0,79,True,True,True
historical,2,5.0,80,True,True,True
historical,2,5.0,81,True,True,True
historical,2,5.0,82,True,True,True
historical,2,5.0,83,True,True,True
historical,2,5.0,84,True,True,True
historical,2,5.0,85,True,True,True
historical,2,5.0,86,True,True,True
historical,2,5.0,87,True,True,True
historical,2,5.0,88,True,True,True
historical,2,5.0,89,True,True,True
historical,2,5.0,90,True,True,True
historical,2,5.0,91,True,True,True
historical,2,5.0,92,True,True,True
historical,2,5.0,93,True,True,True
historical,2,5.0,94,True,True,True
historical,2,5.0,95,True,True,True
historical,2,5.0,96,True,True,True
historical,2,5.0,97,True,True,True
historical,2,5.0,98,True,True,True
historical,2,5.0,99,True,True,True
historical,2,5.0,100,True,True,True
historical,2,5.0,101,True,True,True
historical,2,5.0,102,True,True,True
historical,2,5.0,103,True,True,True
historical,2,5.0,104,True,True,True
historical,2,5.0,105,True,True,True
historical,2,5.0,106,True,True,True
historical,2,5.0,107,True,True,True
historical,2,5.0,108,True,True,True
historical,2,5.0,109,True,True,True
historical,2,5.0,110,True,True,True
historical,2,5.0,111,True,True,True
historical,2,5.0,112,True,True,True
historical,2,5.0,113,True,True,True
historical,2,5.0,114,True,True,True
historical,2,5.0,115,True,True,True
historical,2,5.0,116,True,True,True
historical,2,5.0,117,True,True,True
historical,2,5.0,118,True,True,True
historical,2,5.0,119,True,True,True
historical,2,5.0,120,True,True,True
historical,2,5.0,121,True,True,True
historical,2,5.0,122,True,True,True
historical,2,5.0,123,True,True,True
historical,2,5.0,124,True,True,True
historical,2,5.0,125,True,True,True
historical,2,5.0,126,True,True,True
historical,2,5.0,127,True,True,True
historical,3,5.0,0,False,True,True
historical,3,5.0,1,False,True,True
historical,3,5.0,2,False,True,True
historical,3,5.0,3,False,True,True
historical,3,5.0,4,False,True,True
historical,3,5.0,5,False,True,True
historical,3,5.0,6,False,True,True
historical,3,5.0,7,False,True,True
historical,3,5.0,8,False,True,True
historical,3,5.0,9,False,True,True
historical,3,5.0,10,False,True,True
historical,3,5.0,11,False,True,True
historical,3,5.0,12,False,True,True
historical,3,5.0,13,False,True,True
historical,3,5.0,14,False,True,True
historical,3,5.0,15,False,True,True
historical,3,5.0,16,False,True,True
historical,3,5.0,17,False,True,True
historical,3,5.0,18,False,True,True
historical,3,5.0,19,False,True,True
historical,3,5.0,20,False,True,True
historical,3,5.0,21,False,True,True
historical,3,5.0,22,False,True,True
historical,3,5.0,23,False,True,True
historical,3,5.0,24,False,True,True
historical,3,5.0,25,False,True,True
historical,3,5.0,26,False,True,True
historical,3,5.0,27,False,True,True
historical,3,5.0,28,False,True,True
historical,3,5.0,29,False,True,True
historical,3,5.0,30,False,True,True
historical,3,5.0,31,False,True,True
historical,3,5.0,32,False,True,True
historical,3,5.0,33,False,True,True
historical,3,5.0,34,False,True,True
historical,3,5.0,35,False,True,True
historical,3,5.0,36,False,True,True
historical,3,5.0,37,False,True,True
historical,3,5.0,38,False,True,True
historical,3,5.0,39,False,True,True
historical,3,5.0,40,False,True,True
historical,3,5.0,41,False,True,True
historical,3,5.0,42,False,True,True
historical,3,5.0,43,False,False,False
historical,3,5.0,44,False,True,True
historical,3,5.0,45,False,True,True
historical,3,5.0,46,False,True,True
historical,3,5.0,47,False,True,True
historical,3,5.0,48,False,True,True
historical,3,5.0,49,False,True,True
historical,3,5.0,50,False,True,True
historical,3,5.0,51,False,True,True
historical,3,5.0,52,False,True,True
historical,3,5.0,53,False,True,True
historical,3,5.0,54,False,True,True
historical,3,5.0,55,False,True,True
historical,3,5.0,56,False,True,True
historical,3,5.0,57,False,True,True
historical,3,5.0,58,False,True,True
historical,3,5.0,59,False,True,True
historical,3,5.0,60,False,True,True
historical,3,5.0,61,False,True,True
historical,3,5.0,62,False,True,True
historical,3,5.0,63,False,True,True
historical,3,5.0,64,False,True,True
historical,3,5.0,65,False,True,True
historical,3,5.0,66,False,False,False
historical,3,5.0,67,False,True,True
historical,3,5.0,68,False,True,True
historical,3,5.0,69,False,True,True
historical,3,5.0,70,False,True,True
historical,3,5.0,71,False,True,True
historical,3,5.0,72,False,True,True
historical,3,5.0,73,False,True,True
historical,3,5.0,74,False,True,True
historical,3,5.0,75,False,True,True
historical,3,5.0,76,False,True,True
historical,3,5.0,77,False,True,True
historical,3,5.0,78,False,True,True
historical,3,5.0,79,False,True,True
historical,3,5.0,80,False,True,True
historical,3,5.0,81,False,True,True
historical,3,5.0,82,False,True,True
historical,3,5.0,83,False,True,True
historical,3,5.0,84,False,True,True
historical,3,5.0,85,False,True,True
historical,3,5.0,86,False,True,True
historical,3,5.0,87,False,True,True
historical,3,5.0,88,False,True,True
historical,3,5.0,89,False,True,True
historical,3,5.0,90,False,True,True
historical,3,5.0,91,False,True,True
historical,3,5.0,92,False,True,True
historical,3,5.0,93,False,True,True
historical,3,5.0,94,False,True,True
historical,3,5.0,95,False,True,True
historical,3,5.0,96,False,True,True
historical,3,5.0,97,False,True,True
historical,3,5.0,98,False,True,True
historical,3,5.0,99,False,True,True
historical,3,5.0,100,False,True,True
historical,3,5.0,101,False,True,True
historical,3,5.0,102,False,True,True
historical,3,5.0,103,False,True,True
historical,3,5.0,104,False,True,True
historical,3,5.0,105,False,True,True
historical,3,5.0,106,False,True,True
historical,3,5.0,107,False,True,True
historical,3,5.0,108,False,True,True
historical,3,5.0,109,False,True,True
historical,3,5.0,110,False,True,True
historical,3,5.0,111,False,True,True
historical,3,5.0,112,False,True,True
historical,3,5.0,113,False,True,True
historical,3,5.0,114,False,True,True
historical,3,5.0,115,False,True,True
historical,3,5.0,116,False,True,True
historical,3,5.0,117,False,True,True
historical,3,5.0,118,False,True,True
historical,3,5.0,119,False,True,True
historical,3,5.0,120,False,True,True
historical,3,5.0,121,False,True,True
historical,3,5.0,122,False,True,True
historical,3,5.0,123,False,True,True
historical,3,5.0,124,False,True,True
historical,3,5.0,125,False,True,True
historical,3,5.0,126,False,True,True
historical,3,5.0,127,False,True,True
source3,0,5.0,0,False,False,False
source3,0,5.0,1,False,False,False
source3,0,5.0,2,False,False,False
source3,0,5.0,3,False,False,False
source3,0,5.0,4,False,False,False
source3,0,5.0,5,False,False,False
source3,0,5.0,6,False,False,False
source3,0,5.0,7,False,False,False
source3,0,5.0,8,False,False,False
source3,0,5.0,9,False,False,False
source3,0,5.0,10,False,False,False
source3,0,5.0,11,False,False,False
source3,0,5.0,12,False,False,False
source3,0,5.0,13,False,False,False
source3,0,5.0,14,False,False,False
source3,0,5.0,15,False,False,False
source3,0,5.0,16,False,False,False
source3,0,5.0,17,False,False,False
source3,0,5.0,18,False,False,False
source3,0,5.0,19,False,False,False
source3,0,5.0,20,False,False,False
source3,0,5.0,21,False,False,False
source3,0,5.0,22,False,False,False
source3,0,5.0,23,False,False,False
source3,0,5.0,24,False,False,False
source3,0,5.0,25,False,False,False
source3,0,5.0,26,False,False,False
source3,0,5.0,27,False,False,False
source3,0,5.0,28,False,False,False
source3,0,5.0,29,False,False,False
source3,0,5.0,30,False,False,False
source3,0,5.0,31,False,False,False
source3,0,5.0,32,False,False,False
source3,0,5.0,33,False,False,False
source3,0,5.0,34,False,False,False
source3,0,5.0,35,False,False,False
source3,0,5.0,36,False,False,False
source3,0,5.0,37,False,False,False
source3,0,5.0,38,False,False,False
source3,0,5.0,39,False,False,False
source3,0,5.0,40,False,False,False
source3,0,5.0,41,False,False,False
source3,0,5.0,42,False,False,False
source3,0,5.0,43,False,False,False
source3,0,5.0,44,False,False,False
source3,0,5.0,45,False,False,False
source3,0,5.0,46,False,False,False
source3,0,5.0,47,False,False,False
source3,0,5.0,48,False,False,False
source3,0,5.0,49,False,False,False
source3,0,5.0,50,False,False,False
source3,0,5.0,51,False,False,False
source3,0,5.0,52,False,False,False
source3,0,5.0,53,False,False,False
source3,0,5.0,54,False,False,False
source3,0,5.0,55,False,False,False
source3,0,5.0,56,False,False,False
source3,0,5.0,57,False,False,False
source3,0,5.0,58,False,False,False
source3,0,5.0,59,False,False,False
source3,0,5.0,60,False,False,False
source3,0,5.0,61,False,False,False
source3,0,5.0,62,False,False,False
source3,0,5.0,63,False,False,False
source3,0,5.0,64,False,False,False
source3,0,5.0,65,False,False,False
source3,0,5.0,66,False,False,False
source3,0,5.0,67,False,False,False
source3,0,5.0,68,False,False,False
source3,0,5.0,69,False,False,False
source3,0,5.0,70,False,False,False
source3,0,5.0,71,False,False,False
source3,0,5.0,72,False,False,False
source3,0,5.0,73,False,False,False
source3,0,5.0,74,False,False,False
source3,0,5.0,75,False,False,False
source3,0,5.0,76,False,False,False
source3,0,5.0,77,False,False,False
source3,0,5.0,78,False,False,False
source3,0,5.0,79,False,False,False
source3,0,5.0,80,False,False,False
source3,0,5.0,81,False,False,False
source3,0,5.0,82,False,False,False
source3,0,5.0,83,False,False,False
source3,0,5.0,84,False,False,False
source3,0,5.0,85,False,False,False
source3,0,5.0,86,False,False,False
source3,0,5.0,87,False,False,False
source3,0,5.0,88,False,False,False
source3,0,5.0,89,False,False,False
source3,0,5.0,90,False,False,False
source3,0,5.0,91,False,False,False
source3,0,5.0,92,False,False,False
source3,0,5.0,93,False,False,False
source3,0,5.0,94,False,False,False
source3,0,5.0,95,False,False,False
source3,0,5.0,96,False,False,False
source3,0,5.0,97,False,False,False
source3,0,5.0,98,False,False,False
source3,0,5.0,99,False,False,False
source3,0,5.0,100,False,False,False
source3,0,5.0,101,False,False,False
source3,0,5.0,102,False,False,False
source3,0,5.0,103,False,False,False
source3,0,5.0,104,False,False,False
source3,0,5.0,105,False,False,False
source3,0,5.0,106,False,False,False
source3,0,5.0,107,False,False,False
source3,0,5.0,108,False,False,False
source3,0,5.0,109,False,False,False
source3,0,5.0,110,False,False,False
source3,0,5.0,111,False,False,False
source3,0,5.0,112,False,False,False
source3,0,5.0,113,False,False,False
source3,0,5.0,114,False,False,False
source3,0,5.0,115,False,False,True
source3,0,5.0,116,False,False,False
source3,0,5.0,117,False,False,False
source3,0,5.0,118,False,False,False
source3,0,5.0,119,False,False,False
source3,0,5.0,120,False,False,False
source3,0,5.0,121,False,False,False
source3,0,5.0,122,False,False,False
source3,0,5.0,123,False,False,False
source3,0,5.0,124,False,False,False
source3,0,5.0,125,False,False,False
source3,0,5.0,126,False,False,False
source3,0,5.0,127,False,False,False
source3,1,5.0,0,False,False,False
source3,1,5.0,1,False,False,False
source3,1,5.0,2,False,False,False
source3,1,5.0,3,False,False,False
source3,1,5.0,4,False,False,False
source3,1,5.0,5,False,False,False
source3,1,5.0,6,False,False,False
source3,1,5.0,7,False,False,False
source3,1,5.0,8,False,False,False
source3,1,5.0,9,False,False,False
source3,1,5.0,10,False,False,False
source3,1,5.0,11,False,False,False
source3,1,5.0,12,False,False,False
source3,1,5.0,13,False,False,False
source3,1,5.0,14,False,False,False
source3,1,5.0,15,False,False,False
source3,1,5.0,16,False,False,False
source3,1,5.0,17,False,False,False
source3,1,5.0,18,False,False,False
source3,1,5.0,19,False,False,False
source3,1,5.0,20,False,False,False
source3,1,5.0,21,False,False,False
source3,1,5.0,22,False,False,False
source3,1,5.0,23,False,False,False
source3,1,5.0,24,False,False,False
source3,1,5.0,25,False,False,False
source3,1,5.0,26,False,False,False
source3,1,5.0,27,False,False,False
source3,1,5.0,28,False,False,False
source3,1,5.0,29,False,False,False
source3,1,5.0,30,False,False,False
source3,1,5.0,31,False,False,False
source3,1,5.0,32,False,False,False
source3,1,5.0,33,False,False,False
source3,1,5.0,34,False,False,False
source3,1,5.0,35,False,False,False
source3,1,5.0,36,False,False,False
source3,1,5.0,37,False,False,False
source3,1,5.0,38,False,False,False
source3,1,5.0,39,False,False,False
source3,1,5.0,40,False,False,False
source3,1,5.0,41,False,False,False
source3,1,5.0,42,False,False,False
source3,1,5.0,43,False,False,False
source3,1,5.0,44,False,False,False
source3,1,5.0,45,False,False,False
source3,1,5.0,46,False,False,False
source3,1,5.0,47,False,False,False
source3,1,5.0,48,False,False,False
source3,1,5.0,49,False,False,False
source3,1,5.0,50,False,False,False
source3,1,5.0,51,False,False,False
source3,1,5.0,52,False,False,False
source3,1,5.0,53,False,False,False
source3,1,5.0,54,False,False,False
source3,1,5.0,55,False,False,False
source3,1,5.0,56,False,False,False
source3,1,5.0,57,False,False,False
source3,1,5.0,58,False,False,False
source3,1,5.0,59,False,False,False
source3,1,5.0,60,False,False,False
source3,1,5.0,61,False,False,False
source3,1,5.0,62,False,False,False
source3,1,5.0,63,False,False,False
source3,1,5.0,64,False,False,False
source3,1,5.0,65,False,False,False
source3,1,5.0,66,False,False,False
source3,1,5.0,67,False,False,False
source3,1,5.0,68,False,False,False
source3,1,5.0,69,False,False,False
source3,1,5.0,70,False,False,False
source3,1,5.0,71,False,False,False
source3,1,5.0,72,False,False,False
source3,1,5.0,73,False,False,False
source3,1,5.0,74,False,False,False
source3,1,5.0,75,False,False,False
source3,1,5.0,76,False,False,False
source3,1,5.0,77,False,False,False
source3,1,5.0,78,False,False,False
source3,1,5.0,79,False,False,False
source3,1,5.0,80,False,False,False
source3,1,5.0,81,False,False,False
source3,1,5.0,82,False,False,False
source3,1,5.0,83,False,False,False
source3,1,5.0,84,False,False,False
source3,1,5.0,85,False,False,False
source3,1,5.0,86,False,False,False
source3,1,5.0,87,False,False,False
source3,1,5.0,88,False,False,False
source3,1,5.0,89,False,False,False
source3,1,5.0,90,False,False,False
source3,1,5.0,91,False,False,False
source3,1,5.0,92,False,False,False
source3,1,5.0,93,False,False,False
source3,1,5.0,94,False,False,False
source3,1,5.0,95,False,False,False
source3,1,5.0,96,False,False,False
source3,1,5.0,97,False,False,False
source3,1,5.0,98,False,False,False
source3,1,5.0,99,False,False,False
source3,1,5.0,100,False,False,False
source3,1,5.0,101,False,False,False
source3,1,5.0,102,False,False,False
source3,1,5.0,103,False,False,False
source3,1,5.0,104,False,False,False
source3,1,5.0,105,False,False,False
source3,1,5.0,106,False,False,False
source3,1,5.0,107,False,False,False
source3,1,5.0,108,False,False,False
source3,1,5.0,109,False,False,False
source3,1,5.0,110,False,False,False
source3,1,5.0,111,False,False,False
source3,1,5.0,112,False,False,False
source3,1,5.0,113,False,False,False
source3,1,5.0,114,False,False,False
source3,1,5.0,115,False,False,False
source3,1,5.0,116,False,False,False
source3,1,5.0,117,False,False,False
source3,1,5.0,118,False,False,False
source3,1,5.0,119,False,False,False
source3,1,5.0,120,False,False,False
source3,1,5.0,121,False,False,False
source3,1,5.0,122,False,False,False
source3,1,5.0,123,False,False,False
source3,1,5.0,124,False,False,False
source3,1,5.0,125,False,False,False
source3,1,5.0,126,False,False,False
source3,1,5.0,127,False,False,False
source3,2,5.0,0,False,False,False
source3,2,5.0,1,False,False,False
source3,2,5.0,2,False,False,False
source3,2,5.0,3,False,False,False
source3,2,5.0,4,False,False,False
source3,2,5.0,5,False,False,False
source3,2,5.0,6,False,False,False
source3,2,5.0,7,False,False,False
source3,2,5.0,8,False,False,False
source3,2,5.0,9,False,False,False
source3,2,5.0,10,False,False,False
source3,2,5.0,11,False,False,False
source3,2,5.0,12,False,False,False
source3,2,5.0,13,False,False,False
source3,2,5.0,14,False,False,False
source3,2,5.0,15,False,False,False
source3,2,5.0,16,False,False,False
source3,2,5.0,17,False,False,False
source3,2,5.0,18,False,False,False
source3,2,5.0,19,False,False,False
source3,2,5.0,20,False,False,False
source3,2,5.0,21,False,False,False
source3,2,5.0,22,False,False,False
source3,2,5.0,23,False,False,False
source3,2,5.0,24,False,False,False
source3,2,5.0,25,False,False,False
source3,2,5.0,26,False,False,False
source3,2,5.0,27,False,False,False
source3,2,5.0,28,False,False,False
source3,2,5.0,29,False,False,False
source3,2,5.0,30,False,False,False
source3,2,5.0,31,False,False,False
source3,2,5.0,32,False,False,False
source3,2,5.0,33,False,False,False
source3,2,5.0,34,False,False,False
source3,2,5.0,35,False,False,False
source3,2,5.0,36,False,False,False
source3,2,5.0,37,False,False,False
source3,2,5.0,38,False,False,False
source3,2,5.0,39,False,False,False
source3,2,5.0,40,False,False,False
source3,2,5.0,41,False,False,False
source3,2,5.0,42,False,False,False
source3,2,5.0,43,False,False,False
source3,2,5.0,44,False,False,False
source3,2,5.0,45,False,False,False
source3,2,5.0,46,False,False,False
source3,2,5.0,47,False,False,False
source3,2,5.0,48,False,False,False
source3,2,5.0,49,False,False,False
source3,2,5.0,50,False,False,False
source3,2,5.0,51,False,False,False
source3,2,5.0,52,False,False,False
source3,2,5.0,53,False,False,False
source3,2,5.0,54,False,False,False
source3,2,5.0,55,False,False,False
source3,2,5.0,56,False,False,False
source3,2,5.0,57,False,False,False
source3,2,5.0,58,False,False,False
source3,2,5.0,59,False,False,False
source3,2,5.0,60,False,False,False
source3,2,5.0,61,False,False,False
source3,2,5.0,62,False,False,False
source3,2,5.0,63,False,False,False
source3,2,5.0,64,False,False,False
source3,2,5.0,65,False,False,False
source3,2,5.0,66,False,False,False
source3,2,5.0,67,False,False,False
source3,2,5.0,68,False,False,False
source3,2,5.0,69,False,False,False
source3,2,5.0,70,False,False,False
source3,2,5.0,71,False,False,False
source3,2,5.0,72,False,False,False
source3,2,5.0,73,False,False,False
source3,2,5.0,74,False,False,False
source3,2,5.0,75,False,False,False
source3,2,5.0,76,False,False,False
source3,2,5.0,77,False,False,False
source3,2,5.0,78,False,False,False
source3,2,5.0,79,False,False,False
source3,2,5.0,80,False,False,False
source3,2,5.0,81,False,False,False
source3,2,5.0,82,False,False,False
source3,2,5.0,83,False,False,False
source3,2,5.0,84,False,False,False
source3,2,5.0,85,False,False,False
source3,2,5.0,86,False,False,False
source3,2,5.0,87,False,False,False
source3,2,5.0,88,False,False,False
source3,2,5.0,89,False,False,False
source3,2,5.0,90,False,False,False
source3,2,5.0,91,False,False,False
source3,2,5.0,92,False,False,False
source3,2,5.0,93,False,False,False
source3,2,5.0,94,False,False,False
source3,2,5.0,95,False,False,False
source3,2,5.0,96,False,False,False
source3,2,5.0,97,False,False,False
source3,2,5.0,98,False,False,False
source3,2,5.0,99,False,False,False
source3,2,5.0,100,False,False,False
source3,2,5.0,101,False,False,False
source3,2,5.0,102,False,False,False
source3,2,5.0,103,False,False,False
source3,2,5.0,104,False,False,False
source3,2,5.0,105,False,False,False
source3,2,5.0,106,False,False,False
source3,2,5.0,107,False,False,False
source3,2,5.0,108,False,False,False
source3,2,5.0,109,False,False,False
source3,2,5.0,110,False,False,False
source3,2,5.0,111,False,False,False
source3,2,5.0,112,False,False,False
source3,2,5.0,113,False,False,False
source3,2,5.0,114,False,False,False
source3,2,5.0,115,False,False,False
source3,2,5.0,116,False,False,False
source3,2,5.0,117,False,False,False
source3,2,5.0,118,False,False,False
source3,2,5.0,119,False,False,False
source3,2,5.0,120,False,False,False
source3,2,5.0,121,False,False,False
source3,2,5.0,122,False,False,False
source3,2,5.0,123,False,False,False
source3,2,5.0,124,False,False,False
source3,2,5.0,125,False,False,False
source3,2,5.0,126,False,False,False
source3,2,5.0,127,False,False,False
source3,3,5.0,0,True,True,True
source3,3,5.0,1,True,True,True
source3,3,5.0,2,True,True,True
source3,3,5.0,3,True,True,True
source3,3,5.0,4,False,True,True
source3,3,5.0,5,True,True,True
source3,3,5.0,6,True,True,True
source3,3,5.0,7,True,True,True
source3,3,5.0,8,False,True,True
source3,3,5.0,9,False,True,True
source3,3,5.0,10,True,True,True
source3,3,5.0,11,True,True,True
source3,3,5.0,12,True,True,True
source3,3,5.0,13,True,True,True
source3,3,5.0,14,True,True,True
source3,3,5.0,15,True,True,True
source3,3,5.0,16,True,True,True
source3,3,5.0,17,True,True,True
source3,3,5.0,18,True,True,True
source3,3,5.0,19,True,True,True
source3,3,5.0,20,True,True,True
source3,3,5.0,21,True,True,True
source3,3,5.0,22,True,True,True
source3,3,5.0,23,True,True,True
source3,3,5.0,24,True,True,True
source3,3,5.0,25,True,True,True
source3,3,5.0,26,True,True,True
source3,3,5.0,27,True,True,True
source3,3,5.0,28,True,True,True
source3,3,5.0,29,True,True,True
source3,3,5.0,30,True,True,True
source3,3,5.0,31,True,True,True
source3,3,5.0,32,False,True,True
source3,3,5.0,33,True,True,True
source3,3,5.0,34,True,True,True
source3,3,5.0,35,True,True,True
source3,3,5.0,36,True,True,True
source3,3,5.0,37,True,True,True
source3,3,5.0,38,True,True,True
source3,3,5.0,39,True,True,True
source3,3,5.0,40,True,True,True
source3,3,5.0,41,True,True,True
source3,3,5.0,42,True,True,True
source3,3,5.0,43,False,True,True
source3,3,5.0,44,False,True,True
source3,3,5.0,45,True,True,True
source3,3,5.0,46,True,True,True
source3,3,5.0,47,True,True,True
source3,3,5.0,48,True,True,True
source3,3,5.0,49,True,True,True
source3,3,5.0,50,True,True,True
source3,3,5.0,51,True,True,True
source3,3,5.0,52,True,True,True
source3,3,5.0,53,True,True,True
source3,3,5.0,54,False,True,True
source3,3,5.0,55,True,True,True
source3,3,5.0,56,True,True,True
source3,3,5.0,57,True,True,True
source3,3,5.0,58,True,True,True
source3,3,5.0,59,True,True,True
source3,3,5.0,60,True,True,True
source3,3,5.0,61,True,True,True
source3,3,5.0,62,True,True,True
source3,3,5.0,63,True,True,True
source3,3,5.0,64,True,True,True
source3,3,5.0,65,True,True,True
source3,3,5.0,66,True,True,True
source3,3,5.0,67,True,True,True
source3,3,5.0,68,True,True,True
source3,3,5.0,69,True,True,True
source3,3,5.0,70,True,True,True
source3,3,5.0,71,True,True,True
source3,3,5.0,72,True,True,True
source3,3,5.0,73,True,True,True
source3,3,5.0,74,True,True,True
source3,3,5.0,75,True,True,True
source3,3,5.0,76,True,True,True
source3,3,5.0,77,True,True,True
source3,3,5.0,78,True,True,True
source3,3,5.0,79,True,True,True
source3,3,5.0,80,True,True,True
source3,3,5.0,81,True,True,True
source3,3,5.0,82,True,True,True
source3,3,5.0,83,True,True,True
source3,3,5.0,84,True,True,True
source3,3,5.0,85,True,True,True
source3,3,5.0,86,True,True,True
source3,3,5.0,87,True,True,True
source3,3,5.0,88,True,True,True
source3,3,5.0,89,True,True,True
source3,3,5.0,90,True,True,True
source3,3,5.0,91,True,True,True
source3,3,5.0,92,True,True,True
source3,3,5.0,93,False,False,False
source3,3,5.0,94,True,True,True
source3,3,5.0,95,True,True,True
source3,3,5.0,96,True,True,True
source3,3,5.0,97,True,True,True
source3,3,5.0,98,False,True,True
source3,3,5.0,99,True,True,True
source3,3,5.0,100,True,True,True
source3,3,5.0,101,False,True,True
source3,3,5.0,102,True,True,True
source3,3,5.0,103,True,True,True
source3,3,5.0,104,True,True,True
source3,3,5.0,105,True,True,True
source3,3,5.0,106,True,True,True
source3,3,5.0,107,True,True,True
source3,3,5.0,108,True,True,True
source3,3,5.0,109,True,True,True
source3,3,5.0,110,False,True,True
source3,3,5.0,111,True,True,True
source3,3,5.0,112,True,True,True
source3,3,5.0,113,True,True,True
source3,3,5.0,114,True,True,True
source3,3,5.0,115,True,True,True
source3,3,5.0,116,True,True,True
source3,3,5.0,117,True,True,True
source3,3,5.0,118,True,True,True
source3,3,5.0,119,True,True,True
source3,3,5.0,120,True,True,True
source3,3,5.0,121,True,True,True
source3,3,5.0,122,True,True,True
source3,3,5.0,123,True,True,True
source3,3,5.0,124,True,True,True
source3,3,5.0,125,True,True,True
source3,3,5.0,126,True,True,True
source3,3,5.0,127,True,True,True
single_historical,0,5.0,0,True,True,True
single_historical,0,5.0,1,True,True,True
single_historical,0,5.0,2,True,True,True
single_historical,0,5.0,3,True,True,True
single_historical,0,5.0,4,True,True,True
single_historical,0,5.0,5,True,True,True
single_historical,0,5.0,6,True,True,True
single_historical,0,5.0,7,True,True,True
single_historical,0,5.0,8,True,True,True
single_historical,0,5.0,9,True,True,True
single_historical,0,5.0,10,False,False,False
single_historical,0,5.0,11,True,True,True
single_historical,0,5.0,12,True,True,True
single_historical,0,5.0,13,True,True,True
single_historical,0,5.0,14,True,True,True
single_historical,0,5.0,15,True,True,True
single_historical,0,5.0,16,True,True,True
single_historical,0,5.0,17,True,True,True
single_historical,0,5.0,18,True,True,True
single_historical,0,5.0,19,True,True,True
single_historical,0,5.0,20,True,True,True
single_historical,0,5.0,21,True,True,True
single_historical,0,5.0,22,True,True,True
single_historical,0,5.0,23,True,True,True
single_historical,0,5.0,24,True,True,True
single_historical,0,5.0,25,True,True,True
single_historical,0,5.0,26,True,True,True
single_historical,0,5.0,27,True,True,True
single_historical,0,5.0,28,True,True,True
single_historical,0,5.0,29,True,True,True
single_historical,0,5.0,30,True,True,True
single_historical,0,5.0,31,True,True,True
single_historical,0,5.0,32,True,True,True
single_historical,0,5.0,33,True,True,True
single_historical,0,5.0,34,True,True,True
single_historical,0,5.0,35,True,True,True
single_historical,0,5.0,36,True,True,True
single_historical,0,5.0,37,True,True,True
single_historical,0,5.0,38,True,True,True
single_historical,0,5.0,39,True,True,True
single_historical,0,5.0,40,True,True,True
single_historical,0,5.0,41,True,True,True
single_historical,0,5.0,42,True,True,True
single_historical,0,5.0,43,True,True,True
single_historical,0,5.0,44,True,True,True
single_historical,0,5.0,45,True,True,True
single_historical,0,5.0,46,True,True,True
single_historical,0,5.0,47,True,True,True
single_historical,0,5.0,48,True,True,True
single_historical,0,5.0,49,True,True,True
single_historical,0,5.0,50,True,True,True
single_historical,0,5.0,51,True,True,True
single_historical,0,5.0,52,True,True,True
single_historical,0,5.0,53,True,True,True
single_historical,0,5.0,54,True,True,True
single_historical,0,5.0,55,True,True,True
single_historical,0,5.0,56,False,False,False
single_historical,0,5.0,57,True,True,True
single_historical,0,5.0,58,True,True,True
single_historical,0,5.0,59,True,True,True
single_historical,0,5.0,60,True,True,True
single_historical,0,5.0,61,True,True,True
single_historical,0,5.0,62,True,True,True
single_historical,0,5.0,63,True,True,True
single_historical,0,5.0,64,True,True,True
single_historical,0,5.0,65,True,True,True
single_historical,0,5.0,66,True,True,True
single_historical,0,5.0,67,True,True,True
single_historical,0,5.0,68,True,True,True
single_historical,0,5.0,69,True,True,True
single_historical,0,5.0,70,True,True,True
single_historical,0,5.0,71,True,True,True
single_historical,0,5.0,72,True,True,True
single_historical,0,5.0,73,True,True,True
single_historical,0,5.0,74,True,True,True
single_historical,0,5.0,75,True,True,True
single_historical,0,5.0,76,True,True,True
single_historical,0,5.0,77,True,True,True
single_historical,0,5.0,78,True,True,True
single_historical,0,5.0,79,True,True,True
single_historical,0,5.0,80,True,True,True
single_historical,0,5.0,81,True,True,True
single_historical,0,5.0,82,True,True,True
single_historical,0,5.0,83,True,True,True
single_historical,0,5.0,84,True,True,True
single_historical,0,5.0,85,True,True,True
single_historical,0,5.0,86,True,True,True
single_historical,0,5.0,87,True,True,True
single_historical,0,5.0,88,True,True,True
single_historical,0,5.0,89,True,True,True
single_historical,0,5.0,90,True,True,True
single_historical,0,5.0,91,True,True,True
single_historical,0,5.0,92,True,True,True
single_historical,0,5.0,93,True,True,True
single_historical,0,5.0,94,True,True,True
single_historical,0,5.0,95,True,True,True
single_historical,0,5.0,96,True,True,True
single_historical,0,5.0,97,False,False,False
single_historical,0,5.0,98,True,True,True
single_historical,0,5.0,99,True,True,True
single_historical,0,5.0,100,False,False,False
single_historical,0,5.0,101,True,True,True
single_historical,0,5.0,102,True,True,True
single_historical,0,5.0,103,True,True,True
single_historical,0,5.0,104,True,True,True
single_historical,0,5.0,105,False,True,True
single_historical,0,5.0,106,True,True,True
single_historical,0,5.0,107,True,True,True
single_historical,0,5.0,108,False,False,False
single_historical,0,5.0,109,True,True,True
single_historical,0,5.0,110,True,True,True
single_historical,0,5.0,111,True,True,True
single_historical,0,5.0,112,True,True,True
single_historical,0,5.0,113,True,True,True
single_historical,0,5.0,114,True,True,True
single_historical,0,5.0,115,True,True,True
single_historical,0,5.0,116,True,True,True
single_historical,0,5.0,117,True,True,True
single_historical,0,5.0,118,True,True,True
single_historical,0,5.0,119,True,True,True
single_historical,0,5.0,120,True,True,True
single_historical,0,5.0,121,True,True,True
single_historical,0,5.0,122,True,True,True
single_historical,0,5.0,123,True,True,True
single_historical,0,5.0,124,True,True,True
single_historical,0,5.0,125,True,True,True
single_historical,0,5.0,126,True,True,True
single_historical,0,5.0,127,True,True,True
single_historical,1,5.0,0,True,True,True
single_historical,1,5.0,1,True,True,True
single_historical,1,5.0,2,True,True,True
single_historical,1,5.0,3,True,True,True
single_historical,1,5.0,4,True,True,True
single_historical,1,5.0,5,True,True,True
single_historical,1,5.0,6,True,True,True
single_historical,1,5.0,7,True,True,True
single_historical,1,5.0,8,True,True,True
single_historical,1,5.0,9,True,True,True
single_historical,1,5.0,10,True,True,True
single_historical,1,5.0,11,True,True,True
single_historical,1,5.0,12,True,True,True
single_historical,1,5.0,13,True,True,True
single_historical,1,5.0,14,True,True,True
single_historical,1,5.0,15,True,True,True
single_historical,1,5.0,16,True,True,True
single_historical,1,5.0,17,True,True,True
single_historical,1,5.0,18,True,True,True
single_historical,1,5.0,19,True,True,True
single_historical,1,5.0,20,True,True,True
single_historical,1,5.0,21,True,True,True
single_historical,1,5.0,22,True,True,True
single_historical,1,5.0,23,True,True,True
single_historical,1,5.0,24,True,True,True
single_historical,1,5.0,25,True,True,True
single_historical,1,5.0,26,True,True,True
single_historical,1,5.0,27,True,True,True
single_historical,1,5.0,28,True,True,True
single_historical,1,5.0,29,True,True,True
single_historical,1,5.0,30,True,True,True
single_historical,1,5.0,31,True,True,True
single_historical,1,5.0,32,True,True,True
single_historical,1,5.0,33,True,True,True
single_historical,1,5.0,34,True,True,True
single_historical,1,5.0,35,True,True,True
single_historical,1,5.0,36,True,True,True
single_historical,1,5.0,37,True,True,True
single_historical,1,5.0,38,True,True,True
single_historical,1,5.0,39,True,True,True
single_historical,1,5.0,40,True,True,True
single_historical,1,5.0,41,True,True,True
single_historical,1,5.0,42,True,True,True
single_historical,1,5.0,43,True,True,True
single_historical,1,5.0,44,True,True,True
single_historical,1,5.0,45,True,True,True
single_historical,1,5.0,46,True,True,True
single_historical,1,5.0,47,True,True,True
single_historical,1,5.0,48,True,True,True
single_historical,1,5.0,49,True,True,True
single_historical,1,5.0,50,True,True,True
single_historical,1,5.0,51,True,True,True
single_historical,1,5.0,52,True,True,True
single_historical,1,5.0,53,True,True,True
single_historical,1,5.0,54,True,True,True
single_historical,1,5.0,55,True,True,True
single_historical,1,5.0,56,True,True,True
single_historical,1,5.0,57,True,True,True
single_historical,1,5.0,58,True,True,True
single_historical,1,5.0,59,True,True,True
single_historical,1,5.0,60,True,True,True
single_historical,1,5.0,61,True,True,True
single_historical,1,5.0,62,True,True,True
single_historical,1,5.0,63,True,True,True
single_historical,1,5.0,64,True,True,True
single_historical,1,5.0,65,True,True,True
single_historical,1,5.0,66,True,True,True
single_historical,1,5.0,67,True,True,True
single_historical,1,5.0,68,True,True,True
single_historical,1,5.0,69,True,True,True
single_historical,1,5.0,70,True,True,True
single_historical,1,5.0,71,True,True,True
single_historical,1,5.0,72,True,True,True
single_historical,1,5.0,73,True,True,True
single_historical,1,5.0,74,True,True,True
single_historical,1,5.0,75,True,True,True
single_historical,1,5.0,76,True,True,True
single_historical,1,5.0,77,True,True,True
single_historical,1,5.0,78,True,True,True
single_historical,1,5.0,79,True,True,True
single_historical,1,5.0,80,True,True,True
single_historical,1,5.0,81,True,True,True
single_historical,1,5.0,82,True,True,True
single_historical,1,5.0,83,True,True,True
single_historical,1,5.0,84,True,True,True
single_historical,1,5.0,85,True,True,True
single_historical,1,5.0,86,True,True,True
single_historical,1,5.0,87,True,True,True
single_historical,1,5.0,88,True,True,True
single_historical,1,5.0,89,True,True,True
single_historical,1,5.0,90,True,True,True
single_historical,1,5.0,91,True,True,True
single_historical,1,5.0,92,True,True,True
single_historical,1,5.0,93,True,True,True
single_historical,1,5.0,94,True,True,True
single_historical,1,5.0,95,True,True,True
single_historical,1,5.0,96,True,True,True
single_historical,1,5.0,97,True,True,True
single_historical,1,5.0,98,True,True,True
single_historical,1,5.0,99,True,True,True
single_historical,1,5.0,100,True,True,True
single_historical,1,5.0,101,True,True,True
single_historical,1,5.0,102,True,True,True
single_historical,1,5.0,103,True,True,True
single_historical,1,5.0,104,True,True,True
single_historical,1,5.0,105,True,True,True
single_historical,1,5.0,106,True,True,True
single_historical,1,5.0,107,True,True,True
single_historical,1,5.0,108,True,True,True
single_historical,1,5.0,109,True,True,True
single_historical,1,5.0,110,True,True,True
single_historical,1,5.0,111,True,True,True
single_historical,1,5.0,112,True,True,True
single_historical,1,5.0,113,True,True,True
single_historical,1,5.0,114,True,True,True
single_historical,1,5.0,115,True,True,True
single_historical,1,5.0,116,True,True,True
single_historical,1,5.0,117,True,True,True
single_historical,1,5.0,118,True,True,True
single_historical,1,5.0,119,True,True,True
single_historical,1,5.0,120,True,True,True
single_historical,1,5.0,121,True,True,True
single_historical,1,5.0,122,True,True,True
single_historical,1,5.0,123,True,True,True
single_historical,1,5.0,124,True,True,True
single_historical,1,5.0,125,True,True,True
single_historical,1,5.0,126,True,True,True
single_historical,1,5.0,127,True,True,True
single_historical,2,5.0,0,True,True,True
single_historical,2,5.0,1,True,True,True
single_historical,2,5.0,2,True,True,True
single_historical,2,5.0,3,True,True,True
single_historical,2,5.0,4,True,True,True
single_historical,2,5.0,5,True,True,True
single_historical,2,5.0,6,True,True,True
single_historical,2,5.0,7,True,True,True
single_historical,2,5.0,8,True,True,True
single_historical,2,5.0,9,True,True,True
single_historical,2,5.0,10,True,True,True
single_historical,2,5.0,11,True,True,True
single_historical,2,5.0,12,True,True,True
single_historical,2,5.0,13,True,True,True
single_historical,2,5.0,14,True,True,True
single_historical,2,5.0,15,True,True,True
single_historical,2,5.0,16,True,True,True
single_historical,2,5.0,17,True,True,True
single_historical,2,5.0,18,True,True,True
single_historical,2,5.0,19,True,True,True
single_historical,2,5.0,20,True,True,True
single_historical,2,5.0,21,True,True,True
single_historical,2,5.0,22,True,True,True
single_historical,2,5.0,23,True,True,True
single_historical,2,5.0,24,True,True,True
single_historical,2,5.0,25,True,True,True
single_historical,2,5.0,26,True,True,True
single_historical,2,5.0,27,True,True,True
single_historical,2,5.0,28,True,True,True
single_historical,2,5.0,29,True,True,True
single_historical,2,5.0,30,True,True,True
single_historical,2,5.0,31,True,True,True
single_historical,2,5.0,32,True,True,True
single_historical,2,5.0,33,True,True,True
single_historical,2,5.0,34,True,True,True
single_historical,2,5.0,35,True,True,True
single_historical,2,5.0,36,True,True,True
single_historical,2,5.0,37,True,True,True
single_historical,2,5.0,38,True,True,True
single_historical,2,5.0,39,True,True,True
single_historical,2,5.0,40,True,True,True
single_historical,2,5.0,41,True,True,True
single_historical,2,5.0,42,True,True,True
single_historical,2,5.0,43,True,True,True
single_historical,2,5.0,44,True,True,True
single_historical,2,5.0,45,True,True,True
single_historical,2,5.0,46,True,True,True
single_historical,2,5.0,47,True,True,True
single_historical,2,5.0,48,True,True,True
single_historical,2,5.0,49,True,True,True
single_historical,2,5.0,50,True,True,True
single_historical,2,5.0,51,True,True,True
single_historical,2,5.0,52,True,True,True
single_historical,2,5.0,53,True,True,True
single_historical,2,5.0,54,True,True,True
single_historical,2,5.0,55,True,True,True
single_historical,2,5.0,56,True,True,True
single_historical,2,5.0,57,True,True,True
single_historical,2,5.0,58,True,True,True
single_historical,2,5.0,59,True,True,True
single_historical,2,5.0,60,True,True,True
single_historical,2,5.0,61,True,True,True
single_historical,2,5.0,62,True,True,True
single_historical,2,5.0,63,True,True,True
single_historical,2,5.0,64,True,True,True
single_historical,2,5.0,65,True,True,True
single_historical,2,5.0,66,True,True,True
single_historical,2,5.0,67,True,True,True
single_historical,2,5.0,68,True,True,True
single_historical,2,5.0,69,True,True,True
single_historical,2,5.0,70,True,True,True
single_historical,2,5.0,71,True,True,True
single_historical,2,5.0,72,True,True,True
single_historical,2,5.0,73,True,True,True
single_historical,2,5.0,74,True,True,True
single_historical,2,5.0,75,True,True,True
single_historical,2,5.0,76,True,True,True
single_historical,2,5.0,77,True,True,True
single_historical,2,5.0,78,True,True,True
single_historical,2,5.0,79,True,True,True
single_historical,2,5.0,80,True,True,True
single_historical,2,5.0,81,True,True,True
single_historical,2,5.0,82,True,True,True
single_historical,2,5.0,83,True,True,True
single_historical,2,5.0,84,True,True,True
single_historical,2,5.0,85,True,True,True
single_historical,2,5.0,86,True,True,True
single_historical,2,5.0,87,True,True,True
single_historical,2,5.0,88,True,True,True
single_historical,2,5.0,89,True,True,True
single_historical,2,5.0,90,True,True,True
single_historical,2,5.0,91,True,True,True
single_historical,2,5.0,92,True,True,True
single_historical,2,5.0,93,True,True,True
single_historical,2,5.0,94,True,True,True
single_historical,2,5.0,95,True,True,True
single_historical,2,5.0,96,True,True,True
single_historical,2,5.0,97,True,True,True
single_historical,2,5.0,98,True,True,True
single_historical,2,5.0,99,True,True,True
single_historical,2,5.0,100,True,True,True
single_historical,2,5.0,101,True,True,True
single_historical,2,5.0,102,True,True,True
single_historical,2,5.0,103,True,True,True
single_historical,2,5.0,104,True,True,True
single_historical,2,5.0,105,True,True,True
single_historical,2,5.0,106,True,True,True
single_historical,2,5.0,107,True,True,True
single_historical,2,5.0,108,True,True,True
single_historical,2,5.0,109,True,True,True
single_historical,2,5.0,110,True,True,True
single_historical,2,5.0,111,True,True,True
single_historical,2,5.0,112,True,True,True
single_historical,2,5.0,113,True,True,True
single_historical,2,5.0,114,True,True,True
single_historical,2,5.0,115,True,True,True
single_historical,2,5.0,116,True,True,True
single_historical,2,5.0,117,True,True,True
single_historical,2,5.0,118,True,True,True
single_historical,2,5.0,119,True,True,True
single_historical,2,5.0,120,True,True,True
single_historical,2,5.0,121,True,True,True
single_historical,2,5.0,122,True,True,True
single_historical,2,5.0,123,True,True,True
single_historical,2,5.0,124,True,True,True
single_historical,2,5.0,125,True,True,True
single_historical,2,5.0,126,True,True,True
single_historical,2,5.0,127,True,True,True
single_historical,3,5.0,0,False,True,True
single_historical,3,5.0,1,False,True,True
single_historical,3,5.0,2,False,True,True
single_historical,3,5.0,3,False,True,True
single_historical,3,5.0,4,False,True,True
single_historical,3,5.0,5,False,True,True
single_historical,3,5.0,6,False,True,True
single_historical,3,5.0,7,False,True,True
single_historical,3,5.0,8,False,True,True
single_historical,3,5.0,9,False,True,True
single_historical,3,5.0,10,False,True,True
single_historical,3,5.0,11,False,True,True
single_historical,3,5.0,12,False,True,True
single_historical,3,5.0,13,False,True,True
single_historical,3,5.0,14,False,True,True
single_historical,3,5.0,15,False,True,True
single_historical,3,5.0,16,False,True,True
single_historical,3,5.0,17,False,True,True
single_historical,3,5.0,18,False,True,True
single_historical,3,5.0,19,False,True,True
single_historical,3,5.0,20,False,True,True
single_historical,3,5.0,21,False,True,True
single_historical,3,5.0,22,False,True,True
single_historical,3,5.0,23,False,True,True
single_historical,3,5.0,24,False,True,True
single_historical,3,5.0,25,False,True,True
single_historical,3,5.0,26,False,True,True
single_historical,3,5.0,27,False,True,True
single_historical,3,5.0,28,False,True,True
single_historical,3,5.0,29,False,True,True
single_historical,3,5.0,30,False,True,True
single_historical,3,5.0,31,False,True,True
single_historical,3,5.0,32,False,True,True
single_historical,3,5.0,33,False,True,True
single_historical,3,5.0,34,False,True,True
single_historical,3,5.0,35,False,True,True
single_historical,3,5.0,36,False,True,True
single_historical,3,5.0,37,False,True,True
single_historical,3,5.0,38,False,True,True
single_historical,3,5.0,39,False,True,True
single_historical,3,5.0,40,False,True,True
single_historical,3,5.0,41,False,True,True
single_historical,3,5.0,42,False,True,True
single_historical,3,5.0,43,False,False,False
single_historical,3,5.0,44,False,True,True
single_historical,3,5.0,45,False,True,True
single_historical,3,5.0,46,False,True,True
single_historical,3,5.0,47,False,True,True
single_historical,3,5.0,48,False,True,True
single_historical,3,5.0,49,False,True,True
single_historical,3,5.0,50,False,True,True
single_historical,3,5.0,51,False,True,True
single_historical,3,5.0,52,False,True,True
single_historical,3,5.0,53,False,True,True
single_historical,3,5.0,54,False,True,True
single_historical,3,5.0,55,False,True,True
single_historical,3,5.0,56,False,True,True
single_historical,3,5.0,57,False,True,True
single_historical,3,5.0,58,False,True,True
single_historical,3,5.0,59,False,True,True
single_historical,3,5.0,60,False,True,True
single_historical,3,5.0,61,False,True,True
single_historical,3,5.0,62,False,True,True
single_historical,3,5.0,63,False,True,True
single_historical,3,5.0,64,False,True,True
single_historical,3,5.0,65,False,True,True
single_historical,3,5.0,66,False,False,False
single_historical,3,5.0,67,False,True,True
single_historical,3,5.0,68,False,True,True
single_historical,3,5.0,69,False,True,True
single_historical,3,5.0,70,False,True,True
single_historical,3,5.0,71,False,True,True
single_historical,3,5.0,72,False,True,True
single_historical,3,5.0,73,False,True,True
single_historical,3,5.0,74,False,True,True
single_historical,3,5.0,75,False,True,True
single_historical,3,5.0,76,False,True,True
single_historical,3,5.0,77,False,True,True
single_historical,3,5.0,78,False,True,True
single_historical,3,5.0,79,False,True,True
single_historical,3,5.0,80,False,True,True
single_historical,3,5.0,81,False,True,True
single_historical,3,5.0,82,False,True,True
single_historical,3,5.0,83,False,True,True
single_historical,3,5.0,84,False,True,True
single_historical,3,5.0,85,False,True,True
single_historical,3,5.0,86,False,True,True
single_historical,3,5.0,87,False,True,True
single_historical,3,5.0,88,False,True,True
single_historical,3,5.0,89,False,True,True
single_historical,3,5.0,90,False,True,True
single_historical,3,5.0,91,False,True,True
single_historical,3,5.0,92,False,True,True
single_historical,3,5.0,93,False,True,True
single_historical,3,5.0,94,False,True,True
single_historical,3,5.0,95,False,True,True
single_historical,3,5.0,96,False,True,True
single_historical,3,5.0,97,False,True,True
single_historical,3,5.0,98,False,True,True
single_historical,3,5.0,99,False,True,True
single_historical,3,5.0,100,False,True,True
single_historical,3,5.0,101,False,True,True
single_historical,3,5.0,102,False,True,True
single_historical,3,5.0,103,False,True,True
single_historical,3,5.0,104,False,True,True
single_historical,3,5.0,105,False,True,True
single_historical,3,5.0,106,False,True,True
single_historical,3,5.0,107,False,True,True
single_historical,3,5.0,108,False,True,True
single_historical,3,5.0,109,False,True,True
single_historical,3,5.0,110,False,True,True
single_historical,3,5.0,111,False,True,True
single_historical,3,5.0,112,False,True,True
single_historical,3,5.0,113,False,True,True
single_historical,3,5.0,114,False,True,True
single_historical,3,5.0,115,False,True,True
single_historical,3,5.0,116,False,True,True
single_historical,3,5.0,117,False,True,True
single_historical,3,5.0,118,False,True,True
single_historical,3,5.0,119,False,True,True
single_historical,3,5.0,120,False,True,True
single_historical,3,5.0,121,False,True,True
single_historical,3,5.0,122,False,True,True
single_historical,3,5.0,123,False,True,True
single_historical,3,5.0,124,False,True,True
single_historical,3,5.0,125,False,True,True
single_historical,3,5.0,126,False,True,True
single_historical,3,5.0,127,False,True,True
single_source3,0,5.0,0,False,False,False
single_source3,0,5.0,1,False,False,False
single_source3,0,5.0,2,False,False,False
single_source3,0,5.0,3,False,False,False
single_source3,0,5.0,4,False,False,False
single_source3,0,5.0,5,False,False,False
single_source3,0,5.0,6,False,False,False
single_source3,0,5.0,7,False,False,False
single_source3,0,5.0,8,False,False,False
single_source3,0,5.0,9,False,False,False
single_source3,0,5.0,10,False,False,False
single_source3,0,5.0,11,False,False,False
single_source3,0,5.0,12,False,False,False
single_source3,0,5.0,13,False,False,False
single_source3,0,5.0,14,False,False,False
single_source3,0,5.0,15,False,False,False
single_source3,0,5.0,16,False,False,False
single_source3,0,5.0,17,False,False,False
single_source3,0,5.0,18,False,False,False
single_source3,0,5.0,19,False,False,False
single_source3,0,5.0,20,False,False,False
single_source3,0,5.0,21,False,False,False
single_source3,0,5.0,22,False,False,False
single_source3,0,5.0,23,False,False,False
single_source3,0,5.0,24,False,False,False
single_source3,0,5.0,25,False,False,False
single_source3,0,5.0,26,False,False,False
single_source3,0,5.0,27,False,False,False
single_source3,0,5.0,28,False,False,False
single_source3,0,5.0,29,False,False,False
single_source3,0,5.0,30,False,False,False
single_source3,0,5.0,31,False,False,False
single_source3,0,5.0,32,False,False,False
single_source3,0,5.0,33,False,False,False
single_source3,0,5.0,34,False,False,False
single_source3,0,5.0,35,False,False,False
single_source3,0,5.0,36,False,False,False
single_source3,0,5.0,37,False,False,False
single_source3,0,5.0,38,False,False,False
single_source3,0,5.0,39,False,False,False
single_source3,0,5.0,40,False,False,False
single_source3,0,5.0,41,False,False,False
single_source3,0,5.0,42,False,False,False
single_source3,0,5.0,43,False,False,False
single_source3,0,5.0,44,False,False,False
single_source3,0,5.0,45,False,False,False
single_source3,0,5.0,46,False,False,False
single_source3,0,5.0,47,False,False,False
single_source3,0,5.0,48,False,False,False
single_source3,0,5.0,49,False,False,False
single_source3,0,5.0,50,False,False,False
single_source3,0,5.0,51,False,False,False
single_source3,0,5.0,52,False,False,False
single_source3,0,5.0,53,False,False,False
single_source3,0,5.0,54,False,False,False
single_source3,0,5.0,55,False,False,False
single_source3,0,5.0,56,False,False,False
single_source3,0,5.0,57,False,False,False
single_source3,0,5.0,58,False,False,False
single_source3,0,5.0,59,False,False,False
single_source3,0,5.0,60,False,False,False
single_source3,0,5.0,61,False,False,False
single_source3,0,5.0,62,False,False,False
single_source3,0,5.0,63,False,False,False
single_source3,0,5.0,64,False,False,False
single_source3,0,5.0,65,False,False,False
single_source3,0,5.0,66,False,False,False
single_source3,0,5.0,67,False,False,False
single_source3,0,5.0,68,False,False,False
single_source3,0,5.0,69,False,False,False
single_source3,0,5.0,70,False,False,False
single_source3,0,5.0,71,False,False,False
single_source3,0,5.0,72,False,False,False
single_source3,0,5.0,73,False,False,False
single_source3,0,5.0,74,False,False,False
single_source3,0,5.0,75,False,False,False
single_source3,0,5.0,76,False,False,False
single_source3,0,5.0,77,False,False,False
single_source3,0,5.0,78,False,False,False
single_source3,0,5.0,79,False,False,False
single_source3,0,5.0,80,False,False,False
single_source3,0,5.0,81,False,False,False
single_source3,0,5.0,82,False,False,False
single_source3,0,5.0,83,False,False,False
single_source3,0,5.0,84,False,False,False
single_source3,0,5.0,85,False,False,False
single_source3,0,5.0,86,False,False,False
single_source3,0,5.0,87,False,False,False
single_source3,0,5.0,88,False,False,False
single_source3,0,5.0,89,False,False,False
single_source3,0,5.0,90,False,False,False
single_source3,0,5.0,91,False,False,False
single_source3,0,5.0,92,False,False,False
single_source3,0,5.0,93,False,False,False
single_source3,0,5.0,94,False,False,False
single_source3,0,5.0,95,False,False,False
single_source3,0,5.0,96,False,False,False
single_source3,0,5.0,97,False,False,False
single_source3,0,5.0,98,False,False,False
single_source3,0,5.0,99,False,False,False
single_source3,0,5.0,100,False,False,False
single_source3,0,5.0,101,False,False,False
single_source3,0,5.0,102,False,False,False
single_source3,0,5.0,103,False,False,False
single_source3,0,5.0,104,False,False,False
single_source3,0,5.0,105,False,False,False
single_source3,0,5.0,106,False,False,False
single_source3,0,5.0,107,False,False,False
single_source3,0,5.0,108,False,False,False
single_source3,0,5.0,109,False,False,False
single_source3,0,5.0,110,False,False,False
single_source3,0,5.0,111,False,False,False
single_source3,0,5.0,112,False,False,False
single_source3,0,5.0,113,False,False,False
single_source3,0,5.0,114,False,False,False
single_source3,0,5.0,115,False,False,False
single_source3,0,5.0,116,False,False,False
single_source3,0,5.0,117,False,False,False
single_source3,0,5.0,118,False,False,False
single_source3,0,5.0,119,False,False,False
single_source3,0,5.0,120,False,False,False
single_source3,0,5.0,121,False,False,False
single_source3,0,5.0,122,False,False,False
single_source3,0,5.0,123,False,False,False
single_source3,0,5.0,124,False,False,False
single_source3,0,5.0,125,False,False,False
single_source3,0,5.0,126,False,False,False
single_source3,0,5.0,127,False,False,False
single_source3,1,5.0,0,False,False,False
single_source3,1,5.0,1,False,False,False
single_source3,1,5.0,2,False,False,False
single_source3,1,5.0,3,False,False,False
single_source3,1,5.0,4,False,False,False
single_source3,1,5.0,5,False,False,False
single_source3,1,5.0,6,False,False,False
single_source3,1,5.0,7,False,False,False
single_source3,1,5.0,8,False,False,False
single_source3,1,5.0,9,False,False,False
single_source3,1,5.0,10,False,False,False
single_source3,1,5.0,11,False,False,False
single_source3,1,5.0,12,False,False,False
single_source3,1,5.0,13,False,False,False
single_source3,1,5.0,14,False,False,False
single_source3,1,5.0,15,False,False,False
single_source3,1,5.0,16,False,False,False
single_source3,1,5.0,17,False,False,False
single_source3,1,5.0,18,False,False,False
single_source3,1,5.0,19,False,False,False
single_source3,1,5.0,20,False,False,False
single_source3,1,5.0,21,False,False,False
single_source3,1,5.0,22,False,False,False
single_source3,1,5.0,23,False,False,False
single_source3,1,5.0,24,False,False,False
single_source3,1,5.0,25,False,False,False
single_source3,1,5.0,26,False,False,False
single_source3,1,5.0,27,False,False,False
single_source3,1,5.0,28,False,False,False
single_source3,1,5.0,29,False,False,False
single_source3,1,5.0,30,False,False,False
single_source3,1,5.0,31,False,False,False
single_source3,1,5.0,32,False,False,False
single_source3,1,5.0,33,False,False,False
single_source3,1,5.0,34,False,False,False
single_source3,1,5.0,35,False,False,False
single_source3,1,5.0,36,False,False,False
single_source3,1,5.0,37,False,False,False
single_source3,1,5.0,38,False,False,False
single_source3,1,5.0,39,False,False,False
single_source3,1,5.0,40,False,False,False
single_source3,1,5.0,41,False,False,False
single_source3,1,5.0,42,False,False,False
single_source3,1,5.0,43,False,False,False
single_source3,1,5.0,44,False,False,False
single_source3,1,5.0,45,False,False,False
single_source3,1,5.0,46,False,False,False
single_source3,1,5.0,47,False,False,False
single_source3,1,5.0,48,False,False,False
single_source3,1,5.0,49,False,False,False
single_source3,1,5.0,50,False,False,False
single_source3,1,5.0,51,False,False,False
single_source3,1,5.0,52,False,False,False
single_source3,1,5.0,53,False,False,False
single_source3,1,5.0,54,False,False,False
single_source3,1,5.0,55,False,False,False
single_source3,1,5.0,56,False,False,False
single_source3,1,5.0,57,False,False,False
single_source3,1,5.0,58,False,False,False
single_source3,1,5.0,59,False,False,False
single_source3,1,5.0,60,False,False,False
single_source3,1,5.0,61,False,False,False
single_source3,1,5.0,62,False,False,False
single_source3,1,5.0,63,False,False,False
single_source3,1,5.0,64,False,False,False
single_source3,1,5.0,65,False,False,False
single_source3,1,5.0,66,False,False,False
single_source3,1,5.0,67,False,False,False
single_source3,1,5.0,68,False,False,False
single_source3,1,5.0,69,False,False,False
single_source3,1,5.0,70,False,False,False
single_source3,1,5.0,71,False,False,False
single_source3,1,5.0,72,False,False,False
single_source3,1,5.0,73,False,False,False
single_source3,1,5.0,74,False,False,False
single_source3,1,5.0,75,False,False,False
single_source3,1,5.0,76,False,False,False
single_source3,1,5.0,77,False,False,False
single_source3,1,5.0,78,False,False,False
single_source3,1,5.0,79,False,False,False
single_source3,1,5.0,80,False,False,False
single_source3,1,5.0,81,False,False,False
single_source3,1,5.0,82,False,False,False
single_source3,1,5.0,83,False,False,False
single_source3,1,5.0,84,False,False,False
single_source3,1,5.0,85,False,False,False
single_source3,1,5.0,86,False,False,False
single_source3,1,5.0,87,False,False,False
single_source3,1,5.0,88,False,False,False
single_source3,1,5.0,89,False,False,False
single_source3,1,5.0,90,False,False,False
single_source3,1,5.0,91,False,False,False
single_source3,1,5.0,92,False,False,False
single_source3,1,5.0,93,False,False,False
single_source3,1,5.0,94,False,False,False
single_source3,1,5.0,95,False,False,False
single_source3,1,5.0,96,False,False,False
single_source3,1,5.0,97,False,False,False
single_source3,1,5.0,98,False,False,False
single_source3,1,5.0,99,False,False,False
single_source3,1,5.0,100,False,False,False
single_source3,1,5.0,101,False,False,False
single_source3,1,5.0,102,False,False,False
single_source3,1,5.0,103,False,False,False
single_source3,1,5.0,104,False,False,False
single_source3,1,5.0,105,False,False,False
single_source3,1,5.0,106,False,False,False
single_source3,1,5.0,107,False,False,False
single_source3,1,5.0,108,False,False,False
single_source3,1,5.0,109,False,False,False
single_source3,1,5.0,110,False,False,False
single_source3,1,5.0,111,False,False,False
single_source3,1,5.0,112,False,False,False
single_source3,1,5.0,113,False,False,False
single_source3,1,5.0,114,False,False,False
single_source3,1,5.0,115,False,False,False
single_source3,1,5.0,116,False,False,False
single_source3,1,5.0,117,False,False,False
single_source3,1,5.0,118,False,False,False
single_source3,1,5.0,119,False,False,False
single_source3,1,5.0,120,False,False,False
single_source3,1,5.0,121,False,False,False
single_source3,1,5.0,122,False,False,False
single_source3,1,5.0,123,False,False,False
single_source3,1,5.0,124,False,False,False
single_source3,1,5.0,125,False,False,False
single_source3,1,5.0,126,False,False,False
single_source3,1,5.0,127,False,False,False
single_source3,2,5.0,0,False,False,False
single_source3,2,5.0,1,False,False,False
single_source3,2,5.0,2,False,False,False
single_source3,2,5.0,3,False,False,False
single_source3,2,5.0,4,False,False,False
single_source3,2,5.0,5,False,False,False
single_source3,2,5.0,6,False,False,False
single_source3,2,5.0,7,False,False,False
single_source3,2,5.0,8,False,False,False
single_source3,2,5.0,9,False,False,False
single_source3,2,5.0,10,False,False,False
single_source3,2,5.0,11,False,False,False
single_source3,2,5.0,12,False,False,False
single_source3,2,5.0,13,False,False,False
single_source3,2,5.0,14,False,False,False
single_source3,2,5.0,15,False,False,False
single_source3,2,5.0,16,False,False,False
single_source3,2,5.0,17,False,False,False
single_source3,2,5.0,18,False,False,False
single_source3,2,5.0,19,False,False,False
single_source3,2,5.0,20,False,False,False
single_source3,2,5.0,21,False,False,False
single_source3,2,5.0,22,False,False,False
single_source3,2,5.0,23,False,False,False
single_source3,2,5.0,24,False,False,False
single_source3,2,5.0,25,False,False,False
single_source3,2,5.0,26,False,False,False
single_source3,2,5.0,27,False,False,False
single_source3,2,5.0,28,False,False,False
single_source3,2,5.0,29,False,False,False
single_source3,2,5.0,30,False,False,False
single_source3,2,5.0,31,False,False,False
single_source3,2,5.0,32,False,False,False
single_source3,2,5.0,33,False,False,False
single_source3,2,5.0,34,False,False,False
single_source3,2,5.0,35,False,False,False
single_source3,2,5.0,36,False,False,False
single_source3,2,5.0,37,False,False,False
single_source3,2,5.0,38,False,False,False
single_source3,2,5.0,39,False,False,False
single_source3,2,5.0,40,False,False,False
single_source3,2,5.0,41,False,False,False
single_source3,2,5.0,42,False,False,False
single_source3,2,5.0,43,False,False,False
single_source3,2,5.0,44,False,False,False
single_source3,2,5.0,45,False,False,False
single_source3,2,5.0,46,False,False,False
single_source3,2,5.0,47,False,False,False
single_source3,2,5.0,48,False,False,False
single_source3,2,5.0,49,False,False,False
single_source3,2,5.0,50,False,False,False
single_source3,2,5.0,51,False,False,False
single_source3,2,5.0,52,False,False,False
single_source3,2,5.0,53,False,False,False
single_source3,2,5.0,54,False,False,False
single_source3,2,5.0,55,False,False,False
single_source3,2,5.0,56,False,False,False
single_source3,2,5.0,57,False,False,False
single_source3,2,5.0,58,False,False,False
single_source3,2,5.0,59,False,False,False
single_source3,2,5.0,60,False,False,False
single_source3,2,5.0,61,False,False,False
single_source3,2,5.0,62,False,False,False
single_source3,2,5.0,63,False,False,False
single_source3,2,5.0,64,False,False,False
single_source3,2,5.0,65,False,False,False
single_source3,2,5.0,66,False,False,False
single_source3,2,5.0,67,False,False,False
single_source3,2,5.0,68,False,False,False
single_source3,2,5.0,69,False,False,False
single_source3,2,5.0,70,False,False,False
single_source3,2,5.0,71,False,False,False
single_source3,2,5.0,72,False,False,False
single_source3,2,5.0,73,False,False,False
single_source3,2,5.0,74,False,False,False
single_source3,2,5.0,75,False,False,False
single_source3,2,5.0,76,False,False,False
single_source3,2,5.0,77,False,False,False
single_source3,2,5.0,78,False,False,False
single_source3,2,5.0,79,False,False,False
single_source3,2,5.0,80,False,False,False
single_source3,2,5.0,81,False,False,False
single_source3,2,5.0,82,False,False,False
single_source3,2,5.0,83,False,False,False
single_source3,2,5.0,84,False,False,False
single_source3,2,5.0,85,False,False,False
single_source3,2,5.0,86,False,False,False
single_source3,2,5.0,87,False,False,False
single_source3,2,5.0,88,False,False,False
single_source3,2,5.0,89,False,False,False
single_source3,2,5.0,90,False,False,False
single_source3,2,5.0,91,False,False,False
single_source3,2,5.0,92,False,False,False
single_source3,2,5.0,93,False,False,False
single_source3,2,5.0,94,False,False,False
single_source3,2,5.0,95,False,False,False
single_source3,2,5.0,96,False,False,False
single_source3,2,5.0,97,False,False,False
single_source3,2,5.0,98,False,False,False
single_source3,2,5.0,99,False,False,False
single_source3,2,5.0,100,False,False,False
single_source3,2,5.0,101,False,False,False
single_source3,2,5.0,102,False,False,False
single_source3,2,5.0,103,False,False,False
single_source3,2,5.0,104,False,False,False
single_source3,2,5.0,105,False,False,False
single_source3,2,5.0,106,False,False,False
single_source3,2,5.0,107,False,False,False
single_source3,2,5.0,108,False,False,False
single_source3,2,5.0,109,False,False,False
single_source3,2,5.0,110,False,False,False
single_source3,2,5.0,111,False,False,False
single_source3,2,5.0,112,False,False,False
single_source3,2,5.0,113,False,False,False
single_source3,2,5.0,114,False,False,False
single_source3,2,5.0,115,False,False,False
single_source3,2,5.0,116,False,False,False
single_source3,2,5.0,117,False,False,False
single_source3,2,5.0,118,False,False,False
single_source3,2,5.0,119,False,False,False
single_source3,2,5.0,120,False,False,False
single_source3,2,5.0,121,False,False,False
single_source3,2,5.0,122,False,False,False
single_source3,2,5.0,123,False,False,False
single_source3,2,5.0,124,False,False,False
single_source3,2,5.0,125,False,False,False
single_source3,2,5.0,126,False,False,False
single_source3,2,5.0,127,False,False,False
single_source3,3,5.0,0,True,True,True
single_source3,3,5.0,1,True,True,True
single_source3,3,5.0,2,True,True,True
single_source3,3,5.0,3,True,True,True
single_source3,3,5.0,4,True,True,True
single_source3,3,5.0,5,True,True,True
single_source3,3,5.0,6,True,True,True
single_source3,3,5.0,7,True,True,True
single_source3,3,5.0,8,True,True,True
single_source3,3,5.0,9,False,True,True
single_source3,3,5.0,10,True,True,True
single_source3,3,5.0,11,True,True,True
single_source3,3,5.0,12,True,True,True
single_source3,3,5.0,13,True,True,True
single_source3,3,5.0,14,True,True,True
single_source3,3,5.0,15,True,True,True
single_source3,3,5.0,16,True,True,True
single_source3,3,5.0,17,True,True,True
single_source3,3,5.0,18,True,True,True
single_source3,3,5.0,19,False,True,True
single_source3,3,5.0,20,True,True,True
single_source3,3,5.0,21,True,True,True
single_source3,3,5.0,22,True,True,True
single_source3,3,5.0,23,True,True,True
single_source3,3,5.0,24,True,True,True
single_source3,3,5.0,25,True,True,True
single_source3,3,5.0,26,True,True,True
single_source3,3,5.0,27,True,True,True
single_source3,3,5.0,28,True,True,True
single_source3,3,5.0,29,True,True,True
single_source3,3,5.0,30,True,True,True
single_source3,3,5.0,31,True,True,True
single_source3,3,5.0,32,True,True,True
single_source3,3,5.0,33,True,True,True
single_source3,3,5.0,34,True,True,True
single_source3,3,5.0,35,True,True,True
single_source3,3,5.0,36,True,True,True
single_source3,3,5.0,37,True,True,True
single_source3,3,5.0,38,True,True,True
single_source3,3,5.0,39,True,True,True
single_source3,3,5.0,40,True,True,True
single_source3,3,5.0,41,True,True,True
single_source3,3,5.0,42,True,True,True
single_source3,3,5.0,43,False,True,True
single_source3,3,5.0,44,False,True,True
single_source3,3,5.0,45,True,True,True
single_source3,3,5.0,46,True,True,True
single_source3,3,5.0,47,True,True,True
single_source3,3,5.0,48,True,True,True
single_source3,3,5.0,49,True,True,True
single_source3,3,5.0,50,True,True,True
single_source3,3,5.0,51,True,True,True
single_source3,3,5.0,52,True,True,True
single_source3,3,5.0,53,True,True,True
single_source3,3,5.0,54,True,True,True
single_source3,3,5.0,55,True,True,True
single_source3,3,5.0,56,True,True,True
single_source3,3,5.0,57,True,True,True
single_source3,3,5.0,58,True,True,True
single_source3,3,5.0,59,True,True,True
single_source3,3,5.0,60,True,True,True
single_source3,3,5.0,61,False,True,True
single_source3,3,5.0,62,True,True,True
single_source3,3,5.0,63,True,True,True
single_source3,3,5.0,64,True,True,True
single_source3,3,5.0,65,True,True,True
single_source3,3,5.0,66,True,True,True
single_source3,3,5.0,67,True,True,True
single_source3,3,5.0,68,True,True,True
single_source3,3,5.0,69,True,True,True
single_source3,3,5.0,70,True,True,True
single_source3,3,5.0,71,True,True,True
single_source3,3,5.0,72,True,True,True
single_source3,3,5.0,73,True,True,True
single_source3,3,5.0,74,True,True,True
single_source3,3,5.0,75,True,True,True
single_source3,3,5.0,76,True,True,True
single_source3,3,5.0,77,True,True,True
single_source3,3,5.0,78,True,True,True
single_source3,3,5.0,79,True,True,True
single_source3,3,5.0,80,True,True,True
single_source3,3,5.0,81,True,True,True
single_source3,3,5.0,82,True,True,True
single_source3,3,5.0,83,True,True,True
single_source3,3,5.0,84,True,True,True
single_source3,3,5.0,85,True,True,True
single_source3,3,5.0,86,True,True,True
single_source3,3,5.0,87,True,True,True
single_source3,3,5.0,88,True,True,True
single_source3,3,5.0,89,True,True,True
single_source3,3,5.0,90,True,True,True
single_source3,3,5.0,91,True,True,True
single_source3,3,5.0,92,True,True,True
single_source3,3,5.0,93,True,True,True
single_source3,3,5.0,94,True,True,True
single_source3,3,5.0,95,True,True,True
single_source3,3,5.0,96,True,True,True
single_source3,3,5.0,97,True,True,True
single_source3,3,5.0,98,False,True,True
single_source3,3,5.0,99,True,True,True
single_source3,3,5.0,100,True,True,True
single_source3,3,5.0,101,True,True,True
single_source3,3,5.0,102,True,True,True
single_source3,3,5.0,103,False,True,True
single_source3,3,5.0,104,True,True,True
single_source3,3,5.0,105,True,True,True
single_source3,3,5.0,106,True,True,True
single_source3,3,5.0,107,True,True,True
single_source3,3,5.0,108,True,True,True
single_source3,3,5.0,109,True,True,True
single_source3,3,5.0,110,False,True,True
single_source3,3,5.0,111,False,True,True
single_source3,3,5.0,112,True,True,True
single_source3,3,5.0,113,True,True,True
single_source3,3,5.0,114,True,True,True
single_source3,3,5.0,115,True,True,True
single_source3,3,5.0,116,True,True,True
single_source3,3,5.0,117,True,True,True
single_source3,3,5.0,118,True,True,True
single_source3,3,5.0,119,True,True,True
single_source3,3,5.0,120,True,True,True
single_source3,3,5.0,121,False,True,True
single_source3,3,5.0,122,True,True,True
single_source3,3,5.0,123,True,True,True
single_source3,3,5.0,124,True,True,True
single_source3,3,5.0,125,True,True,True
single_source3,3,5.0,126,True,True,True
single_source3,3,5.0,127,True,True,True
unified,0,5.0,0,True,True,True
unified,0,5.0,1,True,True,True
unified,0,5.0,2,True,True,True
unified,0,5.0,3,True,True,True
unified,0,5.0,4,True,True,True
unified,0,5.0,5,True,True,True
unified,0,5.0,6,True,True,True
unified,0,5.0,7,True,True,True
unified,0,5.0,8,True,True,True
unified,0,5.0,9,True,True,True
unified,0,5.0,10,False,False,False
unified,0,5.0,11,True,True,True
unified,0,5.0,12,True,True,True
unified,0,5.0,13,True,True,True
unified,0,5.0,14,True,True,True
unified,0,5.0,15,True,True,True
unified,0,5.0,16,True,True,True
unified,0,5.0,17,True,True,True
unified,0,5.0,18,True,True,True
unified,0,5.0,19,True,True,True
unified,0,5.0,20,True,True,True
unified,0,5.0,21,True,True,True
unified,0,5.0,22,True,True,True
unified,0,5.0,23,True,True,True
unified,0,5.0,24,True,True,True
unified,0,5.0,25,True,True,True
unified,0,5.0,26,True,True,True
unified,0,5.0,27,True,True,True
unified,0,5.0,28,True,True,True
unified,0,5.0,29,True,True,True
unified,0,5.0,30,True,True,True
unified,0,5.0,31,True,True,True
unified,0,5.0,32,True,True,True
unified,0,5.0,33,True,True,True
unified,0,5.0,34,True,True,True
unified,0,5.0,35,True,True,True
unified,0,5.0,36,True,True,True
unified,0,5.0,37,True,True,True
unified,0,5.0,38,True,True,True
unified,0,5.0,39,True,True,True
unified,0,5.0,40,True,True,True
unified,0,5.0,41,True,True,True
unified,0,5.0,42,True,True,True
unified,0,5.0,43,True,True,True
unified,0,5.0,44,True,True,True
unified,0,5.0,45,True,True,True
unified,0,5.0,46,True,True,True
unified,0,5.0,47,True,True,True
unified,0,5.0,48,True,True,True
unified,0,5.0,49,True,True,True
unified,0,5.0,50,True,True,True
unified,0,5.0,51,True,True,True
unified,0,5.0,52,True,True,True
unified,0,5.0,53,True,True,True
unified,0,5.0,54,True,True,True
unified,0,5.0,55,True,True,True
unified,0,5.0,56,True,True,True
unified,0,5.0,57,True,True,True
unified,0,5.0,58,True,True,True
unified,0,5.0,59,True,True,True
unified,0,5.0,60,True,True,True
unified,0,5.0,61,True,True,True
unified,0,5.0,62,True,True,True
unified,0,5.0,63,True,True,True
unified,0,5.0,64,True,True,True
unified,0,5.0,65,True,True,True
unified,0,5.0,66,True,True,True
unified,0,5.0,67,True,True,True
unified,0,5.0,68,True,True,True
unified,0,5.0,69,True,True,True
unified,0,5.0,70,True,True,True
unified,0,5.0,71,True,True,True
unified,0,5.0,72,True,True,True
unified,0,5.0,73,True,True,True
unified,0,5.0,74,True,True,True
unified,0,5.0,75,True,True,True
unified,0,5.0,76,True,True,True
unified,0,5.0,77,True,True,True
unified,0,5.0,78,True,True,True
unified,0,5.0,79,True,True,True
unified,0,5.0,80,True,True,True
unified,0,5.0,81,True,True,True
unified,0,5.0,82,True,True,True
unified,0,5.0,83,True,True,True
unified,0,5.0,84,True,True,True
unified,0,5.0,85,True,True,True
unified,0,5.0,86,True,True,True
unified,0,5.0,87,True,True,True
unified,0,5.0,88,True,True,True
unified,0,5.0,89,True,True,True
unified,0,5.0,90,True,True,True
unified,0,5.0,91,True,True,True
unified,0,5.0,92,True,True,True
unified,0,5.0,93,True,True,True
unified,0,5.0,94,True,True,True
unified,0,5.0,95,True,True,True
unified,0,5.0,96,True,True,True
unified,0,5.0,97,True,True,True
unified,0,5.0,98,True,True,True
unified,0,5.0,99,True,True,True
unified,0,5.0,100,False,False,False
unified,0,5.0,101,True,True,True
unified,0,5.0,102,True,True,True
unified,0,5.0,103,True,True,True
unified,0,5.0,104,True,True,True
unified,0,5.0,105,True,True,True
unified,0,5.0,106,True,True,True
unified,0,5.0,107,True,True,True
unified,0,5.0,108,True,True,True
unified,0,5.0,109,True,True,True
unified,0,5.0,110,True,True,True
unified,0,5.0,111,True,True,True
unified,0,5.0,112,True,True,True
unified,0,5.0,113,True,True,True
unified,0,5.0,114,True,True,True
unified,0,5.0,115,True,True,True
unified,0,5.0,116,True,True,True
unified,0,5.0,117,True,True,True
unified,0,5.0,118,True,True,True
unified,0,5.0,119,True,True,True
unified,0,5.0,120,True,True,True
unified,0,5.0,121,True,True,True
unified,0,5.0,122,True,True,True
unified,0,5.0,123,True,True,True
unified,0,5.0,124,True,True,True
unified,0,5.0,125,True,True,True
unified,0,5.0,126,True,True,True
unified,0,5.0,127,True,True,True
unified,1,5.0,0,True,True,True
unified,1,5.0,1,True,True,True
unified,1,5.0,2,True,True,True
unified,1,5.0,3,True,True,True
unified,1,5.0,4,True,True,True
unified,1,5.0,5,True,True,True
unified,1,5.0,6,True,True,True
unified,1,5.0,7,True,True,True
unified,1,5.0,8,True,True,True
unified,1,5.0,9,True,True,True
unified,1,5.0,10,True,True,True
unified,1,5.0,11,True,True,True
unified,1,5.0,12,True,True,True
unified,1,5.0,13,True,True,True
unified,1,5.0,14,True,True,True
unified,1,5.0,15,True,True,True
unified,1,5.0,16,True,True,True
unified,1,5.0,17,True,True,True
unified,1,5.0,18,True,True,True
unified,1,5.0,19,True,True,True
unified,1,5.0,20,True,True,True
unified,1,5.0,21,True,True,True
unified,1,5.0,22,True,True,True
unified,1,5.0,23,True,True,True
unified,1,5.0,24,True,True,True
unified,1,5.0,25,True,True,True
unified,1,5.0,26,True,True,True
unified,1,5.0,27,True,True,True
unified,1,5.0,28,True,True,True
unified,1,5.0,29,True,True,True
unified,1,5.0,30,True,True,True
unified,1,5.0,31,True,True,True
unified,1,5.0,32,True,True,True
unified,1,5.0,33,True,True,True
unified,1,5.0,34,True,True,True
unified,1,5.0,35,True,True,True
unified,1,5.0,36,True,True,True
unified,1,5.0,37,True,True,True
unified,1,5.0,38,True,True,True
unified,1,5.0,39,True,True,True
unified,1,5.0,40,True,True,True
unified,1,5.0,41,True,True,True
unified,1,5.0,42,True,True,True
unified,1,5.0,43,True,True,True
unified,1,5.0,44,True,True,True
unified,1,5.0,45,True,True,True
unified,1,5.0,46,True,True,True
unified,1,5.0,47,True,True,True
unified,1,5.0,48,True,True,True
unified,1,5.0,49,True,True,True
unified,1,5.0,50,True,True,True
unified,1,5.0,51,True,True,True
unified,1,5.0,52,True,True,True
unified,1,5.0,53,True,True,True
unified,1,5.0,54,True,True,True
unified,1,5.0,55,True,True,True
unified,1,5.0,56,True,True,True
unified,1,5.0,57,True,True,True
unified,1,5.0,58,True,True,True
unified,1,5.0,59,True,True,True
unified,1,5.0,60,True,True,True
unified,1,5.0,61,True,True,True
unified,1,5.0,62,True,True,True
unified,1,5.0,63,True,True,True
unified,1,5.0,64,True,True,True
unified,1,5.0,65,True,True,True
unified,1,5.0,66,True,True,True
unified,1,5.0,67,True,True,True
unified,1,5.0,68,True,True,True
unified,1,5.0,69,True,True,True
unified,1,5.0,70,True,True,True
unified,1,5.0,71,True,True,True
unified,1,5.0,72,True,True,True
unified,1,5.0,73,True,True,True
unified,1,5.0,74,True,True,True
unified,1,5.0,75,True,True,True
unified,1,5.0,76,True,True,True
unified,1,5.0,77,True,True,True
unified,1,5.0,78,True,True,True
unified,1,5.0,79,True,True,True
unified,1,5.0,80,True,True,True
unified,1,5.0,81,True,True,True
unified,1,5.0,82,True,True,True
unified,1,5.0,83,True,True,True
unified,1,5.0,84,True,True,True
unified,1,5.0,85,True,True,True
unified,1,5.0,86,True,True,True
unified,1,5.0,87,True,True,True
unified,1,5.0,88,True,True,True
unified,1,5.0,89,True,True,True
unified,1,5.0,90,True,True,True
unified,1,5.0,91,True,True,True
unified,1,5.0,92,True,True,True
unified,1,5.0,93,True,True,True
unified,1,5.0,94,True,True,True
unified,1,5.0,95,True,True,True
unified,1,5.0,96,True,True,True
unified,1,5.0,97,True,True,True
unified,1,5.0,98,True,True,True
unified,1,5.0,99,True,True,True
unified,1,5.0,100,True,True,True
unified,1,5.0,101,True,True,True
unified,1,5.0,102,True,True,True
unified,1,5.0,103,True,True,True
unified,1,5.0,104,True,True,True
unified,1,5.0,105,True,True,True
unified,1,5.0,106,True,True,True
unified,1,5.0,107,True,True,True
unified,1,5.0,108,True,True,True
unified,1,5.0,109,True,True,True
unified,1,5.0,110,True,True,True
unified,1,5.0,111,True,True,True
unified,1,5.0,112,True,True,True
unified,1,5.0,113,True,True,True
unified,1,5.0,114,True,True,True
unified,1,5.0,115,True,True,True
unified,1,5.0,116,True,True,True
unified,1,5.0,117,True,True,True
unified,1,5.0,118,True,True,True
unified,1,5.0,119,True,True,True
unified,1,5.0,120,True,True,True
unified,1,5.0,121,True,True,True
unified,1,5.0,122,True,True,True
unified,1,5.0,123,True,True,True
unified,1,5.0,124,True,True,True
unified,1,5.0,125,True,True,True
unified,1,5.0,126,True,True,True
unified,1,5.0,127,True,True,True
unified,2,5.0,0,True,True,True
unified,2,5.0,1,True,True,True
unified,2,5.0,2,True,True,True
unified,2,5.0,3,True,True,True
unified,2,5.0,4,True,True,True
unified,2,5.0,5,True,True,True
unified,2,5.0,6,True,True,True
unified,2,5.0,7,True,True,True
unified,2,5.0,8,True,True,True
unified,2,5.0,9,True,True,True
unified,2,5.0,10,True,True,True
unified,2,5.0,11,True,True,True
unified,2,5.0,12,True,True,True
unified,2,5.0,13,True,True,True
unified,2,5.0,14,True,True,True
unified,2,5.0,15,True,True,True
unified,2,5.0,16,True,True,True
unified,2,5.0,17,True,True,True
unified,2,5.0,18,True,True,True
unified,2,5.0,19,True,True,True
unified,2,5.0,20,True,True,True
unified,2,5.0,21,True,True,True
unified,2,5.0,22,True,True,True
unified,2,5.0,23,True,True,True
unified,2,5.0,24,True,True,True
unified,2,5.0,25,True,True,True
unified,2,5.0,26,True,True,True
unified,2,5.0,27,True,True,True
unified,2,5.0,28,True,True,True
unified,2,5.0,29,True,True,True
unified,2,5.0,30,True,True,True
unified,2,5.0,31,True,True,True
unified,2,5.0,32,True,True,True
unified,2,5.0,33,True,True,True
unified,2,5.0,34,True,True,True
unified,2,5.0,35,True,True,True
unified,2,5.0,36,True,True,True
unified,2,5.0,37,True,True,True
unified,2,5.0,38,True,True,True
unified,2,5.0,39,True,True,True
unified,2,5.0,40,True,True,True
unified,2,5.0,41,True,True,True
unified,2,5.0,42,True,True,True
unified,2,5.0,43,True,True,True
unified,2,5.0,44,True,True,True
unified,2,5.0,45,True,True,True
unified,2,5.0,46,True,True,True
unified,2,5.0,47,True,True,True
unified,2,5.0,48,True,True,True
unified,2,5.0,49,True,True,True
unified,2,5.0,50,True,True,True
unified,2,5.0,51,True,True,True
unified,2,5.0,52,True,True,True
unified,2,5.0,53,True,True,True
unified,2,5.0,54,True,True,True
unified,2,5.0,55,True,True,True
unified,2,5.0,56,True,True,True
unified,2,5.0,57,True,True,True
unified,2,5.0,58,True,True,True
unified,2,5.0,59,True,True,True
unified,2,5.0,60,True,True,True
unified,2,5.0,61,True,True,True
unified,2,5.0,62,True,True,True
unified,2,5.0,63,True,True,True
unified,2,5.0,64,True,True,True
unified,2,5.0,65,True,True,True
unified,2,5.0,66,True,True,True
unified,2,5.0,67,True,True,True
unified,2,5.0,68,True,True,True
unified,2,5.0,69,True,True,True
unified,2,5.0,70,True,True,True
unified,2,5.0,71,True,True,True
unified,2,5.0,72,True,True,True
unified,2,5.0,73,True,True,True
unified,2,5.0,74,True,True,True
unified,2,5.0,75,True,True,True
unified,2,5.0,76,True,True,True
unified,2,5.0,77,True,True,True
unified,2,5.0,78,True,True,True
unified,2,5.0,79,True,True,True
unified,2,5.0,80,True,True,True
unified,2,5.0,81,True,True,True
unified,2,5.0,82,True,True,True
unified,2,5.0,83,True,True,True
unified,2,5.0,84,True,True,True
unified,2,5.0,85,True,True,True
unified,2,5.0,86,True,True,True
unified,2,5.0,87,True,True,True
unified,2,5.0,88,True,True,True
unified,2,5.0,89,True,True,True
unified,2,5.0,90,True,True,True
unified,2,5.0,91,True,True,True
unified,2,5.0,92,True,True,True
unified,2,5.0,93,True,True,True
unified,2,5.0,94,True,True,True
unified,2,5.0,95,True,True,True
unified,2,5.0,96,True,True,True
unified,2,5.0,97,True,True,True
unified,2,5.0,98,True,True,True
unified,2,5.0,99,True,True,True
unified,2,5.0,100,True,True,True
unified,2,5.0,101,True,True,True
unified,2,5.0,102,True,True,True
unified,2,5.0,103,True,True,True
unified,2,5.0,104,True,True,True
unified,2,5.0,105,True,True,True
unified,2,5.0,106,True,True,True
unified,2,5.0,107,True,True,True
unified,2,5.0,108,True,True,True
unified,2,5.0,109,True,True,True
unified,2,5.0,110,True,True,True
unified,2,5.0,111,True,True,True
unified,2,5.0,112,True,True,True
unified,2,5.0,113,True,True,True
unified,2,5.0,114,True,True,True
unified,2,5.0,115,True,True,True
unified,2,5.0,116,True,True,True
unified,2,5.0,117,True,True,True
unified,2,5.0,118,True,True,True
unified,2,5.0,119,True,True,True
unified,2,5.0,120,True,True,True
unified,2,5.0,121,True,True,True
unified,2,5.0,122,True,True,True
unified,2,5.0,123,True,True,True
unified,2,5.0,124,True,True,True
unified,2,5.0,125,True,True,True
unified,2,5.0,126,True,True,True
unified,2,5.0,127,True,True,True
unified,3,5.0,0,False,True,True
unified,3,5.0,1,False,True,True
unified,3,5.0,2,False,True,True
unified,3,5.0,3,True,True,True
unified,3,5.0,4,False,True,True
unified,3,5.0,5,True,True,True
unified,3,5.0,6,False,True,True
unified,3,5.0,7,False,True,True
unified,3,5.0,8,False,False,False
unified,3,5.0,9,True,True,True
unified,3,5.0,10,False,True,True
unified,3,5.0,11,False,True,True
unified,3,5.0,12,False,False,False
unified,3,5.0,13,False,True,True
unified,3,5.0,14,False,True,True
unified,3,5.0,15,False,True,True
unified,3,5.0,16,False,True,True
unified,3,5.0,17,False,True,True
unified,3,5.0,18,False,True,True
unified,3,5.0,19,False,True,True
unified,3,5.0,20,False,True,True
unified,3,5.0,21,False,True,True
unified,3,5.0,22,False,True,True
unified,3,5.0,23,False,True,True
unified,3,5.0,24,False,True,True
unified,3,5.0,25,False,True,True
unified,3,5.0,26,False,True,True
unified,3,5.0,27,False,True,True
unified,3,5.0,28,False,False,False
unified,3,5.0,29,False,True,True
unified,3,5.0,30,False,True,True
unified,3,5.0,31,False,True,True
unified,3,5.0,32,False,True,True
unified,3,5.0,33,False,True,True
unified,3,5.0,34,False,True,True
unified,3,5.0,35,False,True,True
unified,3,5.0,36,False,True,True
unified,3,5.0,37,False,True,True
unified,3,5.0,38,False,True,True
unified,3,5.0,39,False,True,True
unified,3,5.0,40,False,True,True
unified,3,5.0,41,True,True,True
unified,3,5.0,42,False,True,True
unified,3,5.0,43,False,False,False
unified,3,5.0,44,False,False,False
unified,3,5.0,45,False,True,True
unified,3,5.0,46,False,True,True
unified,3,5.0,47,False,True,True
unified,3,5.0,48,False,True,True
unified,3,5.0,49,False,True,True
unified,3,5.0,50,False,True,True
unified,3,5.0,51,False,True,True
unified,3,5.0,52,False,True,True
unified,3,5.0,53,False,True,True
unified,3,5.0,54,False,True,True
unified,3,5.0,55,False,True,True
unified,3,5.0,56,False,True,True
unified,3,5.0,57,False,True,True
unified,3,5.0,58,False,True,True
unified,3,5.0,59,False,True,True
unified,3,5.0,60,False,True,True
unified,3,5.0,61,False,True,True
unified,3,5.0,62,False,True,True
unified,3,5.0,63,False,True,True
unified,3,5.0,64,False,False,False
unified,3,5.0,65,False,True,True
unified,3,5.0,66,False,True,True
unified,3,5.0,67,False,True,True
unified,3,5.0,68,True,True,True
unified,3,5.0,69,False,True,True
unified,3,5.0,70,False,False,True
unified,3,5.0,71,False,True,True
unified,3,5.0,72,False,True,True
unified,3,5.0,73,False,True,True
unified,3,5.0,74,False,True,True
unified,3,5.0,75,False,True,True
unified,3,5.0,76,False,True,True
unified,3,5.0,77,False,True,True
unified,3,5.0,78,False,True,True
unified,3,5.0,79,False,True,True
unified,3,5.0,80,False,True,True
unified,3,5.0,81,False,True,True
unified,3,5.0,82,False,True,True
unified,3,5.0,83,False,True,True
unified,3,5.0,84,False,True,True
unified,3,5.0,85,False,True,True
unified,3,5.0,86,False,True,True
unified,3,5.0,87,False,True,True
unified,3,5.0,88,False,True,True
unified,3,5.0,89,False,True,True
unified,3,5.0,90,False,True,True
unified,3,5.0,91,False,True,True
unified,3,5.0,92,False,True,True
unified,3,5.0,93,False,True,True
unified,3,5.0,94,False,True,True
unified,3,5.0,95,False,True,True
unified,3,5.0,96,False,True,True
unified,3,5.0,97,False,True,True
unified,3,5.0,98,False,True,True
unified,3,5.0,99,False,True,True
unified,3,5.0,100,False,True,True
unified,3,5.0,101,False,True,True
unified,3,5.0,102,False,True,True
unified,3,5.0,103,False,True,True
unified,3,5.0,104,False,True,True
unified,3,5.0,105,False,True,True
unified,3,5.0,106,False,True,True
unified,3,5.0,107,False,False,False
unified,3,5.0,108,False,True,True
unified,3,5.0,109,False,True,True
unified,3,5.0,110,False,True,True
unified,3,5.0,111,False,True,True
unified,3,5.0,112,False,True,True
unified,3,5.0,113,False,True,True
unified,3,5.0,114,False,True,True
unified,3,5.0,115,False,True,True
unified,3,5.0,116,False,True,True
unified,3,5.0,117,False,True,True
unified,3,5.0,118,False,True,True
unified,3,5.0,119,False,True,True
unified,3,5.0,120,False,True,True
unified,3,5.0,121,False,False,False
unified,3,5.0,122,False,True,True
unified,3,5.0,123,False,True,True
unified,3,5.0,124,False,False,False
unified,3,5.0,125,False,True,True
unified,3,5.0,126,False,True,True
unified,3,5.0,127,False,True,True
