v -0.009353899397 -0.0002011897595 -0.00220553414
v -0.009288794361 0.001023764024 -0.002206892939
v -0.009278601967 -0.00151789852 -0.002207106911
v -0.009133732878 -0.0002011881152 0.00148986734
v -0.009085735306 0.002267032629 -0.002211127663
v -0.009061885998 0.001003729762 0.001506235218
v -0.009061884135 -0.001406110241 0.001506234868
v -0.009052101523 -0.002817214932 -0.002211825456
v -0.008989643306 -0.0002011891047 0.006788828876
v -0.00892419368 -0.001305330661 0.006787461229
v -0.008920208551 0.0009361670236 0.006787380204
v -0.008896666579 0.001115517807 0.006786888931
v -0.008846698329 -0.002610432217 0.001551276888
v -0.008846698329 0.002208056161 0.001551277121
v -0.008728687651 0.003536559409 -0.002218565205
v -0.008722955361 -0.002437168034 0.00678326888
v -0.008691846393 -0.004044705071 -0.002219333081
v -0.008658840321 0.00229119556 0.006781933364
v -0.00856181886 0.0003592855646 -0.002222043928
v -0.008550000377 -0.000199943679 0.009499995969
v -0.008550000377 -0.0001999433589 0.006779660471
v -0.008549998514 -0.000200001974 0.0191509407
v -0.008549998514 -0.0001999451633 0.00899999775
v -0.008549986407 -0.0002139882126 0.01916115545
v -0.008549986407 -0.0001860129269 0.01916116104
v -0.008541753516 -0.0005515905796 0.01940764673
v -0.008529075421 -0.0007598274387 0.01955952868
v -0.008529026993 -0.0007604772691 0.009499998763
v -0.008506077342 -0.0002000003005 0.001458303304
v -0.008488690481 -0.003813571297 0.001618865761
v -0.008488689549 0.003411192913 0.001618860057
v -0.008485094644 0.0003592853609 0.001458529849
v -0.008484646678 -0.0007672671927 0.001459943596
v -0.008481823839 0.0008089583134 0.01988630369
v -0.008425896056 -0.001558740507 0.02013959922
v -0.008394787088 -0.001870095846 -0.002225528704
v -0.008362345397 0.001467219903 0.02036173828
v -0.00836195983 0.001468908042 0.009500001557
v -0.008342499845 -0.003699943423 0.006775340065
v -0.008341590874 0.003300056327 0.006775319576
v -0.008318534121 0.001464794041 0.001464511501
v -0.008317778818 -0.001870095846 0.001468704664
v -0.008282927796 0.001783621032 0.02058803663
v -0.008233766071 -0.005161052104 -0.002228886355
v -0.008233766071 0.004758674186 -0.002228883095
v -0.008214749396 -0.002417287556 0.006772676017
v -0.008214715868 0.002017393475 0.00677267462
v -0.008213909343 -0.002420002595 0.00899999775
v -0.008213908412 -0.002420003526 0.009499997832
v -0.008213874884 0.002020110376 0.008999999613
v -0.008213873953 0.002020109678 0.009499998763
v -0.008200310171 -0.0002000003005 5.394050277e-06
v -0.008175231516 -0.002541170223 0.02084141225
v -0.008175230585 0.002141170437 0.02084141597
v -0.008147506975 -0.004199163988 0.006802553311
v -0.008064451627 0.002538867993 -0.002232413273
v -0.008049507625 0.004025774077 0.006835630164
v -0.008044061251 0.001286635059 5.395871085e-06
v -0.008044059388 -0.00168663403 5.392126695e-06
v -0.00803155452 -0.002940056147 0.02114953473
v -0.008031553589 -0.002940057777 0.009499996901
v -0.007988389581 -0.005014927126 0.001702890033
v -0.00798838865 0.004612549208 0.001702887355
v -0.007983512245 -0.002950000577 0.001485285582
v -0.00798271969 0.002549999626 0.001478310558
v -0.00795941148 -0.002949998947 0.002641514875
v -0.007958541624 0.002550001722 0.002638280857
v -0.00789654348 0.002861833666 0.02143905871
v -0.00782996323 0.0044990764 0.006948632188
v -0.007829953916 -0.004901449196 0.006949409842
v -0.007808174472 0.005588875618 -0.00223775371
v -0.007772501092 0.003001781181 0.002181987511
v -0.007771506906 -0.003406340024 0.0021802173
v -0.007683276664 -0.003699948778 0.006761597469
v -0.007683222648 0.003300050739 0.006761593744
v -0.0076634828 -0.005231249612 0.007065961603
v -0.007662087213 0.004831581842 0.007066029124
v -0.007649479434 -0.002950001275 2.896320211e-06
v -0.007649470121 0.002549998462 2.870587423e-06
v -0.007599178702 -0.006352594122 -0.002242113929
v -0.007578195073 -0.003951189108 -0.002242549788
v -0.007568783127 -0.0001999993692 -0.001440029708
v -0.007545190863 -0.003949999809 0.02219254337
v -0.007545189932 0.003549999325 0.009500002488
v -0.007545189466 0.003549998626 0.02219253965
v -0.007536121178 -0.005469785072 0.00717146555
v -0.007516663522 0.002549999161 0.001824245555
v -0.007516663522 0.00350826839 0.001824247185
v -0.007514534052 -0.002949999878 0.001821872662
v -0.007514532655 -0.003914476838 0.001821871148
v -0.007497219369 -0.006519963499 -0.002244237345
v -0.007494515739 -0.003950170241 0.001799949561
v -0.007470881101 0.005185527261 0.00722952513
v -0.007442736533 -0.002950001974 -0.0005276887096
v -0.007440232672 0.002549998695 -0.0005334058078
v -0.00742633082 -0.001555331401 -0.001440029708
v -0.00742633082 0.001155330916 -0.00144003029
v -0.007261929568 0.003150001634 0.02280000225
v -0.007261928171 -0.003150000703 0.02279999852
v -0.007240742911 -0.006199900992 0.003643735079
v -0.007240711711 0.005797496997 0.003644655691
v -0.007238938008 -0.004436395597 0.006820722017
v -0.007238875609 0.00403648708 0.006820725277
v -0.007235724945 -0.004441085737 0.009000000544
v -0.007235724013 -0.004441086669 0.009500000626
v -0.007235661149 0.004041179549 0.009000000544
v -0.007235660218 0.004041178618 0.009500000626
v -0.007203279529 -0.00604654057 0.007512380835
v -0.007143919822 -0.004509621765 0.001499968115
v -0.007139503956 0.005748005584 0.007586979307
v -0.007089506369 0.006736839656 -0.002252734499
v -0.007005203981 -0.0028514273 -0.00144003192
v -0.007005203515 0.002451427514 -0.001440028311
v -0.006946877111 0.004474983551 -0.00225571217
v -0.006913737394 -0.00487617217 0.02354670316
v -0.006913735997 0.004476173315 0.0235467013
v -0.0069137346 -0.004876174964 0.009499996901
v -0.006871790625 0.004474983551 0.001346342731
v -0.006867821328 0.007044011261 -0.002257362008
v -0.006845027208 -0.00660527451 0.007995009422
v -0.006844057236 0.006204400677 0.007993969135
v -0.006798196584 0.006224240642 0.01107979938
v -0.006781050004 -0.006651473697 0.01312702894
v -0.006774941925 -0.006670482922 0.01426860131
v -0.006768207066 -0.006730721332 0.01735527813
v -0.00676656561 -0.006733189337 0.01735524088
v -0.006766563747 0.006330809556 0.01735524088
v -0.006751650944 -0.00592199387 0.01807067916
v -0.006751616485 0.005519612692 0.01807232387
v -0.006745616905 -0.007607765961 -0.002259902889
v -0.006734105293 0.002550001955 0.001288395841
v -0.006734102499 0.004643997643 0.001288394094
v -0.006724976003 -0.002950000111 0.001284975908
v -0.006724976003 -0.005057224073 0.001284973929
v -0.006706482265 0.005317849107 0.01819748059
v -0.006706252694 -0.00571965985 0.01819636859
v -0.006668797228 0.0065107462 0.02204542048
v -0.0066687949 -0.006913125049 0.02204541676
v -0.006667320617 -0.0069056754 0.02211620286
v -0.006666828413 0.00649667019 0.02213992365
v -0.006665278692 -0.006861084141 0.02221413143
v -0.006665068679 0.006451062392 0.02222419344
v -0.006663778797 0.006384278648 0.02228604257
v -0.006663549226 -0.006769814529 0.02229707874
v -0.006662516855 -0.006658208091 0.0223466102
v -0.006662490312 0.006251596846 0.0223479066
v -0.006661835592 -0.006416950841 0.02237940021
v -0.006661835127 0.005519615952 0.02237940021
v -0.006661834195 0.006014573388 0.02237939835
v -0.006661834195 -0.005921993405 0.02237939648
v -0.006657200865 0.00545212999 0.02238221653
v -0.006648910698 -0.0002000008826 -0.002721397905
v -0.006645940244 -0.006386472378 0.007776649203
v -0.006645846181 0.005986558739 0.007776642684
v -0.006620513275 -0.005724190734 0.02240459248
v -0.006618273444 0.005316758063 0.0224059578
v -0.006612567697 -0.005230690353 0.007043821737
v -0.006612489466 0.004830775782 0.007043822668
v -0.006607423071 -0.0077838297 -0.002262788126
v -0.006586151198 0.005256703123 0.02242564783
v -0.006584260147 0.005150397774 0.01828748547
v -0.006583356764 -0.005551938899 0.01828661375
v -0.006578972563 0.005245571025 0.02243005857
v -0.006526562851 -0.00136407814 -0.0027214
v -0.006526560988 0.0009640778881 -0.002721398836
v -0.006494527683 0.005148316268 0.02248229831
v -0.006486589555 -0.005543779582 0.02248724364
v -0.006443377119 -0.007382557727 0.003783365246
v -0.006443345919 0.006980151404 0.003784306115
v -0.006439049263 -0.006386473309 0.01770159043
v -0.006438956596 0.005986560136 0.0177015923
v -0.006409071386 0.005046937615 0.01833593845
v -0.006407333538 -0.00544871157 0.01833499782
v -0.006403362844 -0.006518418435 0.007896807045
v -0.006403268315 0.006118502002 0.007896804251
v -0.006397066172 0.005059172865 0.02044225298
v -0.006395410281 -0.00546085462 0.02044210956
v -0.006383278873 0.005073152017 0.02255208232
v -0.006381698884 -0.005474749953 0.02255308442
v -0.006331525277 -0.00295000081 -0.002291123848
v -0.00632795319 0.002550000325 -0.002295255894
v -0.00628924137 0.00512751285 0.001176652149
v -0.006287504453 -0.007348395418 0.01330871601
v -0.006287496537 0.006946031004 0.01330959145
v -0.006272032857 -0.007396043278 0.02246922441
v -0.006261396687 -0.007472494617 0.02230053395
v -0.006229529623 -0.00729449559 0.02260725945
v -0.006223502103 -0.00754160108 0.02078047208
v -0.006223499775 0.007139227353 0.0207806658
v -0.006215562113 -0.006645688787 0.008025239222
v -0.006215465255 0.006245766766 0.008025229909
v -0.006184602622 -0.005699079018 -0.002271596808
v -0.00616485998 0.002077281941 -0.002721396741
v -0.006164859049 -0.002477283357 -0.00272140163
v -0.006151295733 0.005297889002 0.009500000626
v -0.006151295267 0.005297888536 0.02518175915
v -0.006151295267 -0.005697889719 0.02518175729
v -0.006151294801 0.005297889002 0.01819749549
v -0.006145957392 0.005302838515 0.02270478942
v -0.006136054639 -0.007171733305 0.02270997688
v -0.006113041192 -0.005699080415 0.001161289169
v -0.006063336506 0.008013274521 -0.002274125349
v -0.006019405555 -0.006645688787 0.01743528619
v -0.006019309629 0.006245769095 0.01743528433
v -0.005907323677 0.002549999161 -0.002740569646
v -0.005907247774 -0.002949998714 -0.002740643686
v -0.005881337449 -0.008606574498 -0.002277923748
v -0.005852325354 -0.005960873794 0.01802561991
v -0.005792670883 0.005577193573 0.001173320576
v -0.005792670883 0.002550000558 0.001173318946
v -0.005776486825 -0.005992888007 0.001175302896
v -0.005776485894 -0.002949999878 0.001175296144
v -0.005709809717 -0.006076748017 0.007503347006
v -0.005709720775 0.005676818546 0.007503347006
v -0.005703121424 -0.00608204538 0.009499997832
v -0.005703120027 -0.006082047243 0.008999999613
v -0.005703032948 0.005682115909 0.008999998681
v -0.005703032482 0.005682114977 0.009499998763
v -0.005655982997 0.008427198976 -0.002282622969
v -0.005637082271 0.007771460805 0.02289672382
v -0.005615425762 0.007855720818 0.02273621783
v -0.005608038045 0.00766126439 0.02302784286
v -0.005595910363 0.006665381137 0.008556437679
v -0.005595141556 -0.007065846119 0.008557249792
v -0.005549516529 0.005800362676 0.01784176938
v -0.00554896472 -0.008442668244 0.003904463956
v -0.005548933987 0.008040267974 0.003905426012
v -0.005529902875 0.007528788876 0.02312569879
v -0.005481387954 -0.0001999991655 -0.003782042069
v -0.005439742468 0.005881133489 0.02319419011
v -0.005439741071 -0.00628113281 0.02319418639
v -0.005394984037 -0.007082881872 0.01685054228
v -0.00539417658 0.006683399435 0.01684981771
v -0.005384551827 -0.001121336245 -0.00378203881
v -0.005384551827 0.000721337914 -0.003782039974
v -0.005382116884 -0.008427635767 0.01359699108
v -0.005382107571 0.008025274612 0.01359786279
v -0.005336207803 -0.006327010226 0.001282789279
v -0.00530839758 0.00599560095 -0.002289863769
v -0.005281023216 -0.008668446913 0.02090481296
v -0.005281020422 0.00826607272 0.0209050104
v -0.005274900235 -0.006396790966 0.01766794547
v -0.00527489977 0.005996790249 0.02706119604
v -0.00527489977 -0.006396791432 0.02706119791
v -0.00527489977 -0.006396791432 0.009499997832
v -0.005269148387 -0.006400708109 0.02332139015
v -0.005251793656 -0.00859207008 0.02317822538
v -0.005233065225 0.005995602347 0.001324082608
v -0.005231933203 -0.008476515301 0.02330493554
v -0.005221980624 -0.008680848405 0.02302281931
v -0.005165911745 -0.007229860406 0.0160641782
v -0.00516580604 0.006829929072 0.01606417447
v -0.005163678434 -0.008337829262 0.02339942008
v -0.005105410237 -0.009314287454 -0.002294099424
v -0.005098272115 0.001602405915 -0.003782042302
v -0.005098271649 -0.002002409194 -0.00378204463
v -0.005075098015 -0.006528394762 0.007879055105
v -0.00507499883 0.006128459703 0.007879055105
v -0.005008101463 -0.007395485882 0.009175635874
v -0.005007993896 0.006995550822 0.009175631218
v -0.004975792486 0.007007457316 0.009624764323
v -0.004975445569 -0.007407630328 0.009625178762
v -0.00491627166 -0.006626658142 0.01743287407
v -0.004904735833 0.006233582273 0.01742524281
v -0.004904081579 -0.002949998248 0.001504898537
v -0.004904080648 -0.00660758419 0.001504894928
v -0.004904080182 0.006205206271 0.001504895394
v -0.004904079717 0.002550000325 0.001504895161
v -0.004844045732 0.009112880565 -0.00229954673
v -0.004844044801 -0.00951526314 -0.002299547661
v -0.004811659455 0.007021788508 0.01616957411
v -0.004811287392 -0.00742198294 0.01616891846
v -0.004749029875 -0.002949999645 -0.003647663863
v -0.004745059647 0.002550001489 -0.00365014351
v -0.004635068122 -0.002804703778 -0.003782040905
v -0.004635067191 0.002404703526 -0.003782045096
v -0.004613920581 0.008798434399 0.02368724532
v -0.00461141672 0.008673491888 0.02380670421
v -0.004586210009 0.008914571255 0.003985987976
v -0.004574067425 -0.009309209883 0.00439878786
v -0.004567278549 0.008894090541 0.02354003116
v -0.00456041377 0.008523358963 0.0238950327
v -0.004546328913 -0.007613220252 0.009868346155
v -0.004546271171 0.007213251665 0.009868238121
v -0.004509624559 -0.006854396779 0.02394025587
v -0.004506624304 0.006455956027 0.02394288778
v -0.00448639784 0.009358245879 -0.002307001501
v -0.004486397374 -0.009760626592 -0.002307002665
v -0.004480165895 0.002549999626 -0.003807492089
v -0.004415922333 -0.0093211364 0.01349193789
v -0.004411958158 0.008926654235 0.01382014342
v -0.004411414266 0.00722124381 0.01548528485
v -0.004411318339 -0.007621283643 0.01548480056
v -0.004392913543 0.007277062163 0.01026578993
v -0.004392595496 -0.007677181158 0.01026738063
v -0.004369227216 -0.006925527938 0.02900342084
v -0.004337836057 -0.00695845671 -0.002310094191
v -0.004330064636 -0.00769997295 0.01069256663
v -0.004329950549 0.007300024852 0.01069256105
v -0.004304129165 0.006557267159 0.009500000626
v -0.004304128699 0.006557266228 0.01701512001
v -0.004304126836 0.006557264831 0.02914302237
v -0.004294730723 0.006561784074 0.02413361147
v -0.004287115764 -0.007679215632 0.01509959623
v -0.004286693409 0.007279412821 0.01509816945
v -0.004284029827 0.009197664447 0.02098091319
v -0.004256942309 -0.009621278383 0.0216674041
v -0.004246701486 -0.007699972484 0.01469169743
v -0.004246586934 0.007300025318 0.01469169185
v -0.004242673982 -0.006961473264 0.001954035601
v -0.004192200489 0.009021469392 0.0241819974
v -0.004192200489 -0.009423849173 0.02418200299
v -0.004181121942 0.009153312072 0.0240672268
v -0.004181120079 -0.009555691853 0.0240672268
v -0.004153531976 0.008862369694 0.02426580712
v -0.00415353151 -0.009264748544 0.0242658034
v -0.00412016362 0.009253062308 0.02392513864
v -0.004120163154 -0.009655442089 0.02392513491
v -0.004117852543 -0.0001999995438 -0.004575037863
v -0.004115371034 -0.009981038049 -0.002314732643
v -0.004115370568 0.009578660131 -0.002314737532
v -0.004050812684 0.0004378428566 -0.004575038794
v -0.004050812218 -0.0008378422935 -0.004575042054
v -0.003965661395 0.009642080404 -0.002317855833
v -0.003938704729 -0.009425484575 0.02447589114
v -0.003884314792 -0.010065699 -0.002319547348
v -0.003870464163 -0.007149458863 0.008657436818
v -0.003870359389 0.006749500521 0.008657425642
v -0.003863321384 -0.007152354345 0.009000000544
v -0.003863219172 0.006752396468 0.009000001475
v -0.003860163037 -0.007395494729 0.009151703678
v -0.003860053606 0.006995539181 0.009151699953
v -0.003857455682 0.009441701695 0.02416543849
v -0.003852900118 -0.007156561594 0.009499999695
v -0.003852794878 0.006756602321 0.009499998763
v -0.003852622816 -0.001447806135 -0.004575037863
v -0.003852622118 0.001047807746 -0.004575041588
v -0.003828262445 -0.007699977607 0.01068210602
v -0.00382815022 0.00730002299 0.0106820995
v -0.003744899062 -0.007699977141 0.01468123775
v -0.003744786838 0.007300023455 0.01468123123
v -0.003727284726 0.009676937945 -0.002322823973
v -0.003714361228 -0.007421991322 0.0161460489
v -0.003714240389 0.007021781057 0.01614669152
v -0.003705082927 -0.007214308251 0.01659118198
v -0.003704976756 0.006814350374 0.01659118757
v -0.003655543784 -0.01007428765 -0.002324318746
v -0.003622440156 0.009239615873 0.02480680682
v -0.003618104151 -0.009644804522 0.02481152862
v -0.003607663093 -0.007250415161 0.02482091263
v -0.003607662627 0.006850416306 0.0248209089
v -0.003558950732 0.009651002474 -0.002326334827
v -0.003531944705 -0.002003236907 -0.004575039726
v -0.003531943541 0.00160323747 -0.004575038794
v -0.003513291944 -0.009854842909 0.02489653975
v -0.003513291478 0.009452462196 0.02489653416
v -0.003500598948 -0.009975505993 0.02482167073
v -0.003500597086 0.009573126212 0.02482166886
v -0.003481334541 -0.01002259273 -0.002327953698
v -0.003456732491 0.009673078544 0.02472997457
v -0.00345673156 -0.01007545553 0.02472997457
v -0.003455945989 -0.01025399938 -0.001481633983
v -0.003455024678 0.009851953015 -0.001480401144
v -0.003427382559 0.009589118883 -0.002329076175
v -0.003398654517 0.003150000703 0.03108482063
v -0.003398654284 -0.007322768215 0.0310848169
v -0.003398652887 -0.003150001867 0.0310848169
v -0.003398652654 0.006922766101 0.0310848169
v -0.003382904455 -0.01014511008 0.001403545728
v -0.003381907707 0.009743160568 0.001403512433
v -0.003359400434 -0.009935402311 -0.002330493182
v -0.003328126622 0.009499119595 -0.002331146272
v -0.003294598311 0.006965606473 -0.002331843367
v -0.003274503164 -0.009811340831 -0.002332260367
v -0.003270351328 -0.007343189791 0.002614302561
v -0.003262447193 0.009380219504 -0.00233251485
v -0.003260663943 -0.007366795558 0.03135218099
v -0.003252298338 -0.01006347127 0.006182014942
v -0.003251661081 -0.007369565777 0.02522742189
v -0.003251316492 0.009661536664 0.00618202053
v -0.003240049118 0.009246361442 -0.002332984004
v -0.003240049118 -0.009648742154 -0.002332983306
v -0.003234435571 0.006983893923 -0.002333095763
v -0.003234435106 -0.007386271376 -0.002333095996
v -0.003190360265 0.006965605076 0.002668622183
v -0.003139781533 -0.01011181716 0.01284589432
v -0.003138793167 0.009709902108 0.0128459353
v -0.003102793125 0.00207985728 -0.004575043451
v -0.003102793125 -0.002479858464 -0.004575042054
v -0.003060922725 0.007025382947 0.0316663906
v -0.003051850945 -0.01030926779 0.01838358305
v -0.003050851636 0.009907350875 0.01838359423
v -0.003026030026 0.009589108638 0.02550994605
v -0.002975193551 -0.007448698394 0.02557232417
v -0.002972225193 0.007049487904 0.02557618544
v -0.00296771084 0.009999163449 -0.0007728076307
v -0.002965673339 -0.01040206291 -0.0007696478278
v -0.002873135731 -0.01021778118 0.02567012422
v -0.002873134101 0.009815401398 0.02567012422
v -0.002870311262 0.01001905557 -0.0008342320216
v -0.002868922893 -0.01042219345 -0.0008306811797
v -0.002867312403 0.009670297615 0.02571726777
v -0.002867312403 -0.01007267553 0.02571727335
v -0.002850379096 -0.01046873908 0.02342626452
v -0.002849414712 -0.01044137869 0.02521433122
v -0.002849395154 0.01006681006 0.02342616208
v -0.002841277979 0.009946942329 0.02559986897
v -0.002841277979 -0.01034932025 0.02559987083
v -0.002836459083 -0.002950001042 -0.004476266913
v -0.002832686296 0.002549999161 -0.004477262963
v -0.002774195513 -0.01045484561 0.02551262267
v -0.002774194581 0.01005246863 0.02551261894
v -0.002769732149 0.01001203712 -0.0008934824145
v -0.002769048326 -0.01041573938 -0.0008895713836
v -0.002671459457 0.009978959337 -0.000947402732
v -0.002671318827 -0.01038281433 -0.0009431687067
v -0.002655588323 -0.002950000577 -0.00452159578
v -0.002655306831 0.002550000558 -0.004521662369
v -0.002652751049 0.01013492513 0.02544786036
v -0.00262461463 -0.003149998374 0.03217841685
v -0.002624613466 -0.007532842923 0.03217841685
v -0.002624612767 0.003149999306 0.03217841312
v -0.002624612069 0.007132843137 0.03217841685
v -0.002618617145 -0.0002000013192 -0.005065317731
v -0.00261255377 -0.007539810613 -0.001434876933
v -0.002612553537 0.007137430366 -0.001434882521
v -0.002612042939 0.009463737719 -0.001421931083
v -0.002610714408 -0.009866492823 -0.00141983584
v -0.002584338421 0.0001261326979 -0.005065319594
v -0.002584338188 -0.0005261360784 -0.005065320991
v -0.002583926544 -0.002856836887 -0.004575040191
v -0.002583925845 0.002456837799 -0.004575043917
v -0.002580996603 -0.01032534707 -0.0009886166081
v -0.002580937464 0.009920812212 -0.0009928732179
v -0.002503304277 -0.0102463318 -0.001023236662
v -0.002502983203 0.009840698913 -0.001027486636
v -0.002483004704 -0.0008380132494 -0.0050653168
v -0.002483002143 0.0004380124738 -0.005065320525
v -0.002442314522 -0.01014994178 -0.001045214478
v -0.002441916615 0.009743419476 -0.001049368293
v -0.002405372914 -0.01028321218 0.0263812039
v -0.002405142644 0.009880929254 0.02638155594
v -0.002401015954 0.007177314255 0.02638815343
v -0.002401015488 -0.007577314042 0.02638815902
v -0.00231903838 -0.001122011105 -0.005065320525
v -0.002319038147 0.0007220102707 -0.005065316334
v -0.002312578261 0.002549999626 -0.004593649879
v -0.002312563127 -0.002949999645 -0.004593658261
v -0.002247127937 -0.00294999755 0.003309145337
v -0.002247126307 0.002550000558 0.003309141845
v -0.002247126307 -0.007590985391 0.003309143474
v -0.00224712491 0.00718860561 0.003309141612
v -0.002235376975 0.01022643317 0.02645393647
v -0.002167816041 0.007216229569 0.03255991265
v -0.002155725379 -0.007619109005 -0.0006756112562
v -0.002155249007 0.007218115032 0.02678628638
v -0.002145024482 -0.01073780656 0.02637202665
v -0.002145023784 0.01033542678 0.02637202293
v -0.002099611098 -0.001365708536 -0.005065314937
v -0.002099609701 0.0009657096816 -0.005065318197
v -0.002081705257 -0.007617421448 0.003415626939
v -0.002077816287 -0.007629240397 0.03262172267
v -0.002044657944 0.007231845055 -0.0004602337722
v -0.002044657478 -0.007634223904 -0.000460236537
v -0.002044657245 -0.01000010781 -0.0004602399131
v -0.002044655848 0.009597728029 -0.0004602374102
v -0.002043923829 0.009707652964 -0.0004342558095
v -0.002043819986 -0.01010798104 -0.00043497773
v -0.002041900298 0.009827214293 -0.0003481132153
v -0.002041519154 -0.01023313683 -0.0003440635046
v -0.00204093405 0.009873977862 -0.0002965399763
v -0.002040576423 -0.01027591247 -0.0002964738233
v -0.002036093967 0.01002381742 -3.702732647e-05
v -0.002035466256 -0.01042972133 -2.78174266e-05
v -0.002034012228 0.01005818322 5.354347377e-05
v -0.002032612218 -0.01047588699 0.0001005966114
v -0.002026714152 0.01002624445 0.02700823918
v -0.00202646968 0.01014455874 0.0004084831162
v -0.002026253147 -0.01054760162 0.000412854919
v -0.002023841953 0.01016695239 0.0005911242333
v -0.002022708999 -0.01057623141 0.0006925725611
v -0.002016060054 -0.01057561394 0.0009116356377
v -0.00201605889 0.01017323416 0.0009116363944
v -0.002000001492 -0.007639588788 0.02950000204
v -0.001999998931 -0.005500000902 0.02950000204
v -0.0019529399 0.002549999626 -0.004650165327
v -0.001952751656 -0.002950000344 -0.004650189076
v -0.001934884 -0.01049705595 0.004776182584
v -0.001931823557 -0.007647979073 0.02898225561
v -0.001931781531 -0.007647984196 0.03001789749
v -0.001902863849 0.01008654665 0.006357450504
v -0.001900000614 -0.007299998775 3.546091532e-09
v -0.001900000148 -0.00549999997 -2.442135938e-09
v -0.001873205532 -0.007399999537 3.194114862e-09
v -0.001835260191 -0.007299998309 -0.0004917553742
v -0.001835259842 -0.007299998775 0.0004917577025
v -0.001834308146 -0.00155846437 -0.005065320991
v -0.001834307564 0.001158460858 -0.005065320991
v -0.00182083738 0.01011258643 0.0103590358
v -0.001819371828 -0.01051525865 0.01035899669
v -0.001809377572 -0.007400000002 -0.0004848201934
v -0.001809376641 -0.007400000934 0.0004848218814
v -0.001808984671 -0.002949999878 -0.00466743391
v -0.00180702575 -0.01052384917 0.01096004713
v -0.001805492211 0.002549999394 -0.004667812958
v -0.001800000668 -0.007473204285 2.015483003e-09
v -0.001778488629 -0.01051043533 0.02746476978
v -0.001778487116 0.01010805741 0.02746476978
v -0.00177492341 0.01015099045 0.01259524748
v -0.001768917078 0.007265463006 0.02748317085
v -0.001766716596 -0.01066119596 0.02743519656
v -0.001758827246 0.01028963272 0.02742630057
v -0.001743083005 -0.01073804777 0.0274109412
v -0.00173866679 -0.007473204751 0.0004658742109
v -0.001738666091 -0.007473205216 -0.0004658765392
v -0.001732051489 -0.005499999505 0.03050000221
v -0.001732051373 -0.007668922655 0.03050000221
v -0.001732050674 -0.00549999997 0.02849999815
v -0.001732050558 -0.007668923121 0.02849999815
v -0.001717315638 0.01023012586 0.02753165737
v -0.001717313658 -0.01063250285 0.02753165737
v -0.001713242033 -0.01091399509 0.02675944567
v -0.001699998509 -0.007500001695 -3.049885566e-09
v -0.001694608713 -0.01082928944 0.027371509
v -0.001694607548 0.01042691059 0.02737150528
v -0.00169261964 -0.01067248173 0.01650399156
v -0.001675998443 -0.01082734391 0.0274163112
v -0.00167599658 0.01042496413 0.02741631866
v -0.001649442478 0.01048190147 0.02733943425
v -0.001649342128 -0.01075217314 0.01851608977
v -0.001645447686 -0.005500000902 -0.0009500014712
v -0.001645447686 -0.007300000172 0.0009500032174
v -0.001645447221 -0.005500001367 0.0009499972221
v -0.001645446871 -0.007300002035 -0.0009500024607
v -0.00164207397 -0.007500000298 -0.0004399954923
v -0.001642073155 -0.007500000764 0.0004399941827
v -0.001627560006 0.007268936373 0.00365390582
v -0.001622244134 -0.007399999071 -0.0009366041631
v -0.001622243901 -0.007399999071 0.0009366023587
v -0.001621106872 0.01034092996 0.02757118456
v -0.001621105941 -0.01074330788 0.02757118456
v -0.001615752699 0.01040712744 0.02012047544
v -0.001615395304 -0.01091559976 0.02731683105
v -0.001601146767 -0.01076080371 0.02757493965
v -0.001601145952 0.01035842486 0.02757494524
v -0.001583186677 0.01053716522 0.02729634009
v -0.001558845164 -0.007473206148 -0.0009000007412
v -0.001558845164 -0.007473205682 0.0008999994025
v -0.001548627508 -0.01087360922 0.02333334647
v -0.001547347987 0.01047111116 0.0232581012
v -0.001534731477 0.001291845576 -0.005065316334
v -0.001534728101 -0.001691845362 -0.00506532006
v -0.001534628915 -0.01096738968 0.02726671845
v -0.001519521 -0.01093919482 0.02741304971
v -0.001519520185 0.01053681597 0.0274130553
v -0.001500000828 -0.005199999083 -4.483103888e-10
v -0.001500000595 -0.005499999505 0.02950000018
v -0.001499999897 -0.002949999413 1.763226343e-09
v -0.001499999897 0.003149999771 0.02950000018
v -0.001499999547 0.006680000108 2.016679157e-09
v -0.001499999547 -0.00315000047 0.02950000204
v -0.001499999315 0.007286486682 0.02949999832
v -0.001499998965 0.002549998229 -1.576873965e-09
v -0.00149931293 -0.00768600544 0.0006060271407
v -0.001498920727 0.007283649407 0.0006068730145
v -0.001498302561 0.01043008361 0.0275793504
v -0.001498301164 -0.01083246153 0.02757934667
v -0.001496706624 0.01052130852 0.02558290772
v -0.001472243806 -0.007499999367 0.0008499978576
v -0.001472243457 -0.007499999832 -0.0008500037948
v -0.001468757633 0.01058820635 0.02716688998
v -0.001468757633 -0.01099058427 0.02716688998
v -0.001467487193 -0.01099253353 0.02722783573
v -0.001467484864 0.01059015375 0.02722783759
v -0.001453560777 0.00315000047 0.03295683116
v -0.001453560777 -0.007689133752 0.03295683116
v -0.001453559264 0.007289134432 0.03295683116
v -0.001453558798 -0.003150001634 0.03295682743
v -0.001453204546 -0.007689152379 0.02812588401
v -0.001453203848 -0.00763362553 0.02812588029
v -0.001448852709 0.00728938682 0.02988835983
v -0.001448778203 0.00728939008 0.02911136299
v -0.001441922155 -0.01099845767 0.0272136014
v -0.001441919943 0.01059607789 0.02721360326
v -0.001434841426 -0.007690119557 0.03089327924
v -0.00143291906 0.0102222478 0.00194146717
v -0.001432916732 -0.01062462945 0.001941466238
v -0.001406102674 -0.01097761281 0.02739592083
v -0.001406101976 0.01057523303 0.02739591897
v -0.001360446797 -0.01089210715 0.0275558047
v -0.001360445283 0.0104897283 0.02755579911
v -0.00134350406 -0.007299998309 0.001343505923
v -0.001343503245 -0.007299999706 -0.001343501848
v -0.001335812849 0.01020191796 0.001904051751
v -0.001335811568 -0.01060430054 0.001904054196
v -0.001324557001 -0.007399999071 -0.001324556652
v -0.001324555487 -0.007400000468 0.001324553974
v -0.00130188046 0.01023092959 0.002557331696
v -0.001301879063 -0.01063330937 0.002557335189
v -0.001299853902 -0.007651931606 0.02846427821
v -0.001299039228 -0.003149998607 0.02875000052
v -0.001299038646 0.002550000092 -0.0007500028005
v -0.001299038529 0.007295864634 0.02875000238
v -0.001299038413 0.007295864169 0.03024999984
v -0.00129903818 -0.005199999548 -0.000750000414
v -0.001299037947 -0.00295000081 -0.0007499982021
v -0.001299037947 -0.005200000014 0.0007499971543
v -0.001299037947 -0.005500000436 0.02875000052
v -0.001299037714 0.002549999394 0.0007500030333
v -0.001299037714 -0.00295000081 0.0007499993662
v -0.001299037714 -0.005500000436 0.03024999797
v -0.001299037249 0.003149999073 0.02874999866
v -0.001299037132 0.00314999884 0.03024999611
v -0.0012990369 0.006679999642 -0.0007499979693
v -0.001299036783 0.006679999642 0.0007499996573
v -0.001299036783 -0.003150001401 0.03024999984
v -0.001279997989 0.006899998989 -1.487277745e-09
v -0.00127279188 -0.007473205216 0.001272790832
v -0.001272791182 -0.007473206148 -0.00127279514
v -0.001225455198 0.007297946606 0.02863498032
v -0.001225454616 0.007257368881 0.02863497846
v -0.001222869498 0.009114148095 0.02864099108
v -0.001222868334 -0.009516529739 0.02864098921
v -0.001216501463 0.01063887775 0.0271800831
v -0.001216500765 -0.01104125846 0.02718007937
v -0.001213966054 -0.001760023064 -0.005065318197
v -0.001213963958 0.001360023394 -0.005065317266
v -0.001202082611 -0.007499998901 -0.001202079235
v -0.001202081563 -0.007500000298 0.001202077954
v -0.001187226386 0.007261113264 0.02872439474
v -0.001186452457 0.01061630063 0.0273628924
v -0.001186450827 -0.01101867948 0.02736289054
v -0.001169219264 0.008945351467 0.02876683883
v -0.001169218915 -0.00934773311 0.02876683511
v -0.001168255578 -0.01098261494 0.02744748443
v -0.001163684996 -0.01050185505 0.001839067787
v -0.00116368453 0.01009947434 0.00183906476
v -0.001160135726 0.009241038002 0.02871969156
v -0.001160134096 -0.009643416852 0.02871969342
v -0.001149431453 0.008733176626 0.02881393768
v -0.00114942994 -0.009135554545 0.02881393954
v -0.001149428659 0.007264642976 0.02881393582
v -0.001149428543 -0.007667025086 0.02881393582
v -0.001148749376 0.0105289584 0.02752345987
v -0.001148748677 -0.01093134005 0.027523458
v -0.00114558218 -0.007699390408 0.01872585528
v -0.001139669446 -0.007667908445 0.02883571386
v -0.001136057312 0.007299506571 0.0187360663
v -0.001127956202 0.007267250214 0.02851120383
v -0.001121617621 -0.007669527084 0.02887001634
v -0.00110851333 0.00689999992 0.0006400005077
v -0.001108512515 0.006899998989 -0.0006399973063
v -0.001095936983 -0.007699857932 0.003846937325
v -0.001095930347 0.009013369679 0.0288805943
v -0.001095930231 -0.009415751323 0.0288805943
v -0.001093029859 0.007299875841 0.02073387057
v -0.001091447775 0.007299883291 0.01872154512
v -0.001090047648 0.007269895636 0.0289181564
v -0.001090001431 -0.007672285195 0.02891821414
v -0.001089905389 -0.009135554545 0.02891834639
v -0.001089903875 0.008733174764 0.02891834453
v -0.001061475137 0.007299991325 0.03055984341
v -0.001056208275 0.009354646318 0.02876962163
v -0.001056208159 -0.009757025167 0.02876962163
v -0.001054779277 -0.007699998561 0.03119924851
v -0.001053061569 0.007272981573 0.02896252647
v -0.001051517553 -0.007699999027 0.02312928811
v -0.001050002174 -0.0001999981905 -0.005231187213
v -0.001050000312 -0.007699999958 0.03310000151
v -0.001049999497 0.007300000172 0.01870696992
v -0.001049999031 0.007299999241 0.02277599648
v -0.001045941957 0.009929926135 0.001796609489
v -0.001045941608 -0.01033230685 0.001796604833
v -0.001035937457 -0.007699986454 0.006390160881
v -0.001033039531 -0.007678936236 0.0277874507
v -0.001028507249 -0.007701132912 0.001708372496
v -0.001025882317 0.007275151554 0.02898942865
v -0.001020260621 0.007276559249 0.02840042114
v -0.001007653307 0.007276557386 0.02900532074
v -0.001007652958 -0.007678936236 0.02900532447
v -0.001003400772 -0.01012637001 0.001784163062
v -0.001003399841 0.009723989293 0.001784162596
v -0.0009999988833 -0.005500001367 0.03123204783
v -0.0009999988833 -0.007699835114 0.03123204969
v -0.0009999984177 -0.005500001367 0.02776794694
v -0.000993699301 0.007299789228 0.02551474981
v -0.0009926378261 -0.0076997797 0.009000001475
v -0.0009889345383 -0.007699750829 0.009249619208
v -0.0009873928502 -0.009477478452 0.02896615304
v -0.0009873916861 0.009075100534 0.02896614745
v -0.0009852746734 -0.007699720096 0.009500002488
v -0.0009812288918 0.007340292446 0.01885992475
v -0.0009715965716 0.007298770361 0.001854726928
v -0.0009667494451 -0.005500000436 5.109466184e-10
v -0.0009667485137 -0.005200001411 -1.447288289e-09
v -0.0009648387786 -0.007699515671 0.0186508242
v -0.000957450713 -0.007699429058 0.02774407528
v -0.0009552923148 0.007298808545 0.003884249832
v -0.0009500003071 -0.007299999241 -0.001645449316
v -0.0009499997832 -0.00549999997 0.001645447919
v -0.0009499991429 -0.005500001367 -0.001645446988
v -0.0009499990265 -0.007300001103 0.001645446988
v -0.0009373999783 0.007299153134 0.02832898311
v -0.0009366024169 -0.007400000002 -0.001622245531
v -0.0009366023587 -0.007400000468 0.001622243435
v -0.0009259718354 -0.007698974572 0.01396816317
v -0.0009213835001 -0.009845242836 0.02878511883
v -0.0009213825106 0.009442863055 0.0287851207
v -0.0009156774613 0.007298796438 0.006417417899
v -0.0009092440014 0.007298678625 0.003895291127
v -0.0009089973173 -0.009135555476 0.02906894311
v -0.0009089958039 0.008733174764 0.02906894311
v -0.0009085827041 0.007302743848 0.029069148
v -0.0009085818892 -0.007705120835 0.02906914987
v -0.0009046257474 0.007298589684 0.008999998681
v -0.0009035632829 -0.007698570844 0.01860815845
v -0.0009031261434 0.007298560347 0.009249615483
v -0.000901567284 0.007298531011 0.009499998763
v -0.0009000015561 -0.007473203354 0.001558848075
v -0.0008999999263 -0.007473205216 -0.001558841905
v -0.0008860359667 0.001360025955 -0.005065317731
v -0.0008860357339 -0.00176002318 -0.005065317266
v -0.0008826966514 -0.009699415416 0.02891582064
v -0.0008826954872 0.009297035635 0.02891582623
v -0.0008806049009 0.007298087701 0.01862464845
v -0.0008774957387 -0.007698016241 0.01857450791
v -0.0008713248535 -0.007697871886 0.01854801364
v -0.0008677406004 0.007297785021 0.01396777853
v -0.0008660257445 -0.007499999832 -3.860419206e-09
v -0.0008660249296 -0.006500001065 -3.370184243e-09
v -0.0008566334727 0.002550000558 0.003907198086
v -0.0008566334727 -0.002949999645 0.003907194361
v -0.0008566333563 -0.007697506808 0.003907192498
v -0.0008530839696 0.009124730714 0.02901521884
v -0.0008530838531 -0.009527108632 0.02901521698
v -0.0008500019321 -0.00749999797 -0.001472240663
v -0.00085000135 -0.007499998435 0.001472245785
v -0.0008450272726 -0.00777871022 0.01894015446
v -0.0008436535136 0.007297161967 0.01859031431
v -0.0008372313459 -0.005499999039 0.0004833751009
v -0.0008372308221 -0.005499998573 -0.0004833748972
v -0.0008372305892 -0.005200000014 -0.0004833768471
v -0.0008372304146 -0.005199999548 0.0004833731509
v -0.0008304301882 0.007296785247 0.01856704056
v -0.0008269308601 0.007296681404 0.01854708791
v -0.0008268757374 0.01067689899 0.0272568129
v -0.0008253938868 0.008733176626 0.02910107374
v -0.0008253923152 -0.009135555476 0.0291010756
v -0.0007978704525 0.01063052379 0.02738294192
v -0.0007755354163 0.007294976618 0.03316893429
v -0.0007700435817 0.009496943094 0.02876508422
v -0.0007700424758 -0.009899323806 0.0287650805
v -0.0007695559179 0.007339736447 0.02911392413
v -0.0007695558015 -0.007742114831 0.02911392413
v -0.0007644810248 -0.00294999918 -0.004702985287
v -0.0007613604539 0.002549998462 -0.004702863283
v -0.000750002102 0.007293998729 0.02820096537
v -0.0007500017527 0.003150002565 0.03079904057
v -0.0007500011707 0.003150001634 0.02820096351
v -0.0007500007632 0.002550000791 0.001299039926
v -0.0007500007632 -0.00294999918 0.001299036318
v -0.0007500004722 0.006680000573 0.00129903655
v -0.0007500001811 0.002550000092 -0.001299036667
v -0.0007500001811 -0.002950000111 -0.001299040392
v -0.0007500001811 -0.005499999505 0.02820095792
v -0.0007499997737 -0.003149999771 0.03079903685
v -0.0007499997155 -0.005199999548 -0.001299034338
v -0.0007499993662 -0.005200001411 0.00129903527
v -0.0007499991916 0.006680000108 -0.001299040159
v -0.0007499991916 -0.003150000703 0.02820095979
v -0.0007499987842 -0.005500001833 0.03079903685
v -0.0007499980275 0.007293995935 0.03079903498
v -0.0007346991915 0.01023691986 0.004254346248
v -0.0007346989005 -0.01063929591 0.004254346248
v -0.0007337319548 0.009342899546 0.02891171537
v -0.0007337303832 -0.009745278396 0.02891171537
v -0.0007231801865 -0.007811008487 0.01900155097
v -0.000705529179 0.009157889523 0.02902377583
v -0.0007055287133 -0.009560267441 0.02902377769
v -0.0007014226867 -0.007696232758 0.002600683831
v -0.000701421639 0.007293850649 0.002600684762
v -0.0006793353823 -0.007701125462 0.01854401268
v -0.0006793350913 0.007298747078 0.01854401641
v -0.0006779181422 0.008733177558 0.0291204527
v -0.0006779172691 -0.009135555476 0.02912045456
v -0.0006779171526 -0.0077430089 0.02912045643
v -0.0006779159303 0.007340628188 0.02912045084
v -0.0006735560601 0.007340387441 0.01882952265
v -0.0006735554198 -0.007742765825 0.01882952079
v -0.0006483002799 0.007298809942 0.01854336634
v -0.0006400002749 0.006900001317 0.001108514611
v -0.0006399993435 0.00689999992 -0.00110851007
v -0.0006205723039 0.007380182389 0.02901828289
v -0.0006205696845 -0.00778256217 0.0290182773
v -0.0006110786344 0.007293664385 0.007000789046
v -0.0006110778195 -0.007696044631 0.007000787184
v -0.0005910918117 0.007299675141 0.006883336231
v -0.0005731338169 -0.007707099896 0.00684117293
v -0.0005654444103 -0.01061495021 0.004212503787
v -0.0005652713007 -0.001691843499 -0.00506532006
v -0.000565269962 0.001291843597 -0.005065321457
v -0.0005611238885 0.01021187287 0.004211434629
v -0.0005255290889 -0.007863473147 0.01908827573
v -0.0005255288561 0.007461094297 0.01908827573
v -0.0005254354328 -0.01064480562 0.004351808224
v -0.0005247012014 0.01024254877 0.004353672732
v -0.0005164531176 -0.007680996787 0.03143217042
v -0.0005163703463 0.00732042687 0.006751333829
v -0.0005092796055 -0.01064506453 0.004358742386
v -0.0005041916738 0.01024288684 0.004362490028
v -0.0004953879979 -0.007728572469 0.006725407206
v -0.0004946580739 -0.01111304201 0.02705021389
v -0.0004946567351 0.01071066316 0.02705021203
v -0.0004917572369 -0.007299998775 0.001835260657
v -0.0004917565384 -0.007299999706 -0.001835260191
v -0.0004911154392 -0.007679147646 0.02756123804
v -0.0004848224053 -0.00739999814 0.001809379086
v -0.000484820921 -0.007400000468 -0.001809379435
v -0.0004833760904 -0.005199999083 0.0008372333832
v -0.0004833753628 -0.00549999997 0.0008372283773
v -0.0004833746643 -0.005200000014 -0.0008372276207
v -0.0004833739658 -0.005500001367 -0.0008372326847
v -0.0004742001183 0.01070791855 0.02713778801
v -0.00047396624 -0.01111037564 0.02713759802
v -0.000465875084 -0.007473204285 -0.001738663181
v -0.0004658748221 -0.007473204751 0.001738666557
v -0.0004637497477 -0.01110299863 0.02718086168
v -0.0004537302302 -0.01109153498 0.02722339518
v -0.0004537291534 0.01068915613 0.02722339705
v -0.0004399932805 -0.007499998901 -0.001642070943
v -0.0004399916506 -0.007500000764 0.001642075949
v -0.0004330137162 -0.006499999203 -0.0007499996573
v -0.0004330135416 -0.006499999203 0.000749997911
v -0.000433012232 -0.007500000764 -0.0007499988424
v -0.0004330120573 -0.007500000764 0.000749998726
v -0.0004296849947 -0.007746560499 0.006656405516
v -0.0004096307384 -0.01052899379 0.004173970316
v -0.0004042011569 0.01012273226 0.004172624554
v -0.0003870288783 0.007270640228 0.02805078961
v -0.0003541980404 0.007267653011 0.03095757961
v -0.0003516597208 -0.01055405103 0.004316715058
v -0.000345696666 0.01014773455 0.004315637518
v -0.0003104138887 0.01001440734 0.004149436951
v -0.0003096530272 -0.01064646058 0.004431892652
v -0.0003096518922 0.01024408452 0.004431892652
v -0.0002994003589 -0.01064644009 0.004435565788
v -0.000298996456 -0.01040014252 0.004146614578
v -0.0002961710852 0.01024406496 0.004435473587
v -0.0002678105957 0.00993323233 0.00413890928
v -0.0002670671674 -0.01033594925 0.004138727207
v -0.0002661036269 -0.01062225085 0.004427776672
v -0.0002656912548 -0.001558463322 -0.005065320991
v -0.0002656907018 0.001158462022 -0.005065320525
v -0.0002588313073 0.01021559536 0.004426556174
v -0.0002456335351 0.01003250387 0.004290431272
v -0.000244374125 -0.007717899512 0.006697044708
v -0.0002420694072 -0.007673243526 0.006993095856
v -0.0002399833757 0.009845885448 0.00413204683
v -0.0002364091924 -0.01023218129 0.004131168593
v -0.0002336704638 -0.01041706372 0.004286993295
v -0.0002304749505 -0.01064614952 0.00445117848
v -0.0002278516477 -0.01013976801 0.004129087552
v -0.0002278514439 0.007412366569 0.004129087087
v -0.0002278508327 0.009737390094 0.004129088018
v -0.000227850338 -0.007814743556 0.004129088484
v -0.000223233088 0.01024372038 0.004452140536
v -0.0002125404571 0.009737391025 0.0041736532
v -0.0002125399769 0.007416218519 0.004173650872
v -0.00017178095 -0.01065493841 0.0102869859
v -0.0001717803971 0.01025255769 0.01028698403
v -0.000170360654 0.009852995165 0.004271485377
v -0.0001668068435 -0.01023820601 0.004270168487
v -0.0001573702903 0.009737389162 0.004268238787
v -0.0001423930662 0.01008136105 0.004396674223
v -0.0001352835679 -0.01013976987 0.004294245038
v -0.000135282331 -0.007838619873 0.004294247832
v -0.0001288947387 -0.01046277862 0.004392564762
v -0.0001280438009 0.007566590328 0.01926517487
v -0.0001280433644 -0.007968968712 0.01926517673
v -0.0001042853037 0.007432648912 0.006424571853
v -0.0001042831354 -0.007835028693 0.006424568594
v -0.0001007493702 -0.00763968518 0.003998730797
v -0.0001005525701 0.007445358206 0.004327645991
v -0.0001005524609 0.009737391025 0.004327649251
v -0.0001004942897 -0.01064462494 0.004467215855
v -9.708643483e-05 0.007337514311 0.02910834551
v -9.484194015e-05 0.00723892916 0.003998871893
v -8.575314132e-05 -0.007927246392 0.02876493707
v -8.575272659e-05 0.007524870336 0.02876493521
v -8.185363549e-05 0.01024192572 0.004468243569
v -7.812605327e-05 -0.007636763155 0.03324918821
v -7.812554395e-05 0.003150000004 0.03324918821
v -7.812518015e-05 -0.003150000237 0.03324918821
v -7.710161299e-05 0.01024183724 0.004468373489
v -5.482648339e-05 0.00987216644 0.00437421212
v -5.114928354e-05 -0.01025445666 0.004372627474
v -4.050263669e-05 -0.01013976894 0.004369903356
v -3.972052946e-05 0.009737390094 0.004370344337
v -1.574912494e-05 0.0101540219 0.004451205954
v -3.901245976e-07 -0.001365709468 -0.005065316334
v -3.886410697e-07 0.0009657088085 -0.005065319594
v -1.33115352e-09 -0.005499998108 0.0009667521226
v -9.823334363e-10 -0.005499998573 -0.0009667478735
v -9.709446587e-10 0.006679999642 -0.001500003156
v -7.636542505e-10 -0.005199999548 -0.001499997335
v -7.609202151e-10 -0.007299998775 -0.001899997587
v -7.521263606e-10 -0.005499999039 0.001900000847
v -6.447033456e-10 -0.007399999537 -0.001873204717
v -5.602064361e-10 -0.007399999071 0.001873208326
v -5.433796193e-10 0.002550001023 -0.00149999978
v -5.026038467e-10 -0.007499999832 -0.001699999208
v -4.201415322e-10 -0.005199999548 0.001499997801
v -4.190885411e-10 -0.005199999083 0.0009667502018
v -2.680520798e-10 -0.003150000237 0.02799999714
v -2.11393235e-10 -0.007626135834 0.03149999678
v -1.989405297e-10 -0.005500000436 0.03099999949
v -7.026836703e-11 -0.005199999548 -0.0009667497943
v -2.09823103e-11 0.00689999992 -9.329305107e-10
v 4.831400283e-11 -0.007300000172 0.001899999799
v 5.423795837e-11 -0.00549999997 -0.001900003524
v 7.376965086e-11 -0.007500000298 0.001699997112
v 1.039790338e-10 0.003149999306 0.02800000273
v 1.041641767e-10 0.006679998711 0.001500000246
v 1.519856195e-10 -0.005499999505 0.02800000273
v 2.287278017e-10 -0.007626136299 0.02750000358
v 4.47491766e-10 0.003149999073 0.03099999763
v 4.649745876e-10 -0.005500000902 0.02749999613
v 5.133136697e-10 -0.002950000111 0.001500000013
v 5.317291605e-10 0.002550000092 0.001500003622
v 8.033621539e-10 0.006899999455 -0.001279998687
v 8.070567e-10 -0.003150001168 0.03099999949
v 8.695508765e-10 -0.007473206148 0.001799997292
v 1.103669046e-09 -0.005500000902 0.03149999678
v 1.158156016e-09 -0.007473206148 -0.001800002996
v 1.501867852e-09 0.006899998058 0.001279998105
v 1.657885385e-09 -0.006434385665 -2.913651653e-09
v 1.785399495e-09 -0.002950001741 -0.001500002225
v 2.039384838e-07 0.007226108108 0.03100000322
v 2.2081214e-07 0.007226102985 0.02799999714
v 2.351803515e-07 -0.01053073909 0.004446539562
v 2.284166294e-05 -0.007880395278 0.004398839083
v 2.284206857e-05 -0.01013976987 0.004398838617
v 5.034732385e-05 0.01019579917 0.004456733819
v 6.781589764e-05 0.007216232363 0.02800153196
v 6.781701813e-05 0.007216230035 0.03324938565
v 6.781717093e-05 0.007216230966 0.03099846281
v 6.815784582e-05 0.01049319003 0.01985389553
v 6.816038513e-05 -0.01089556888 0.01985389367
v 6.914347614e-05 0.009737391956 0.004412190523
v 6.914525875e-05 0.007490346674 0.004412190989
v 9.005009633e-05 0.009900602512 0.004423756152
v 9.409789345e-05 -0.01027855929 0.00442219153
v 0.0001069378632 -0.01013976894 0.004418861121
v 0.000111805406 -0.01063955296 0.004447828513
v 0.0001118064829 0.01023717225 0.004447830375
v 0.0001308540959 -0.01060843933 0.00444286922
v 0.0001402783964 0.008718587458 0.02910339646
v 0.0001403460046 -0.009120962583 0.02910339274
v 0.0001556847856 -0.01095413696 0.02330522239
v 0.0001556863281 0.01055175718 0.0233052168
v 0.0001651953789 0.009140348993 0.02900916338
v 0.0001652617648 -0.009542724118 0.0290091671
v 0.0001666167809 0.009916944429 0.004426494241
v 0.0001815343858 0.009483080357 0.02874524333
v 0.0001816043368 -0.00988545455 0.02874524333
v 0.0001866413222 0.009737389162 0.004421283025
v 0.0002081074927 -0.01110093668 0.02687556297
v 0.0002081089915 0.0106985569 0.0268755611
v 0.0002118004631 -0.01110212412 0.02692680992
v 0.0002119483397 0.01069975458 0.02692683786
v 0.0002122126607 -0.007931015454 0.004418713506
v 0.0002122129081 -0.01013976987 0.004418710712
v 0.0002168601495 0.01046592928 0.02757078409
v 0.0002169408544 -0.01086828671 0.02757079341
v 0.000218172223 -0.01103950758 0.02727385238
v 0.000218189205 0.01063714176 0.02727384865
v 0.0002190383384 -0.001122010057 -0.005065318663
v 0.0002190395753 0.0007220087573 -0.005065320991
v 0.000228781515 -0.00761741912 0.006983285304
v 0.0002367121197 0.009932680055 0.004415320698
v 0.000243118775 -0.01030610874 0.004413655028
v 0.0002584568865 0.007541075815 0.004409660585
v 0.0002584582544 0.009737391956 0.004409661982
v 0.0002584583999 -0.01013976987 0.004409662914
v 0.0002584600006 -0.007943456993 0.004409657326
v 0.0002736173919 -0.002949999878 -0.004582137335
v 0.0002762997174 0.002550000092 -0.004581626039
v 0.0002766061807 -0.00807619933 0.01947496273
v 0.0002766078687 0.007673818618 0.01947496459
v 0.0002969340421 0.002550000558 -0.004577597603
v 0.0003736378276 0.0102263093 0.004379684106
v 0.000373637944 -0.01062868722 0.004379683174
v 0.000383003382 -0.0008380148793 -0.005065320991
v 0.0003830042551 0.000438012823 -0.005065317731
v 0.0003908938088 0.007226436865 0.01852170564
v 0.0003908948565 -0.007628813386 0.01852170564
v 0.0004026154929 0.007267675363 0.01880708709
v 0.0004026164243 -0.00767005235 0.01880708523
v 0.0004215430818 0.00715422025 0.02806044929
v 0.0004226352903 0.007154001389 0.03093922697
v 0.0004249015183 -0.007790334988 0.01906845905
v 0.0004249022459 0.00738795381 0.01906845905
v 0.00043301197 -0.007499999367 -0.0007500008214
v 0.000433012814 -0.0065000006 -0.0007500003558
v 0.0004330129887 -0.0065000006 0.0007499972126
v 0.0004330144729 -0.007500001695 0.0007499980275
v 0.0004399915924 -0.007499998901 0.001642075833
v 0.0004399939207 -0.007500001229 -0.001642076764
v 0.0004520307411 -0.01005930267 0.004359275568
v 0.0004520310904 0.009656924754 0.004359278828
v 0.0004520316725 0.007593213115 0.004359278828
v 0.0004520324874 -0.007995593362 0.0043592765
v 0.0004658752296 -0.007473205682 -0.00173866516
v 0.0004658754915 -0.007473206148 0.001738664578
v 0.0004692731018 -0.007617420983 0.01852007397
v 0.0004702373117 -0.01024166029 0.004354535602
v 0.0004833739949 -0.005499999505 -0.0008372310549
v 0.0004833748972 -0.00520000048 -0.000837233034
v 0.0004833756248 -0.005500000436 0.0008372312295
v 0.000483376527 -0.005200000945 0.0008372293087
v 0.0004839249304 0.002456837799 -0.004575036932
v 0.0004839264438 -0.002856838284 -0.004575040657
v 0.0004843386705 -0.0005261325277 -0.005065314937
v 0.0004843393981 0.0001261336874 -0.005065320525
v 0.0004848211829 -0.007400000468 -0.001809375477
v 0.0004848213284 -0.007400000002 0.001809375943
v 0.0004917557817 -0.007299999706 0.001835262403
v 0.0004917565384 -0.007300000172 -0.001835258445
v 0.0005095361266 0.009976332076 0.004344305955
v 0.0005186166381 -0.0001999991073 -0.005065317266
v 0.0005196378333 -0.007533910219 0.03143131733
v 0.0005217022845 -0.007533468772 0.02756923996
v 0.0005239569 -0.008005515672 0.006032999139
v 0.0005301524652 0.007604819722 0.006028798409
v 0.0005399541697 -0.01022637077 0.004328695592
v 0.0005576060503 -0.00752567919 0.0332083106
v 0.0005763275549 0.009949383326 0.004319138825
v 0.0005941386335 0.007757931948 0.01964535005
v 0.0005942292046 -0.01055201329 0.004322265275
v 0.0006008892669 0.002549998462 -0.004510725848
v 0.0006157492753 0.007637564559 0.004271200392
v 0.000615750032 -0.01005930174 0.00427119853
v 0.0006157500902 -0.008039942011 0.004271200858
v 0.0006157509633 0.00965692196 0.00427119527
v 0.0006355504156 -0.01061238721 0.004311510362
v 0.0006355518708 0.01021000743 0.004311508965
v 0.0006399986451 0.006900000852 -0.001108509488
v 0.000640000042 0.006899999455 0.001108516473
v 0.0006404106971 -0.01061192714 0.004310229328
v 0.0006533035776 -0.01019938942 0.004245504271
v 0.0006540811155 -0.01051032636 0.004298850428
v 0.0006565263611 0.007103271782 0.003945754841
v 0.000656527176 0.002549999394 0.003945754841
v 0.000656527176 -0.00295000081 0.003945751116
v 0.0006565279327 -0.007503272966 0.003945751116
v 0.0006684910622 0.01020759251 0.004301919136
v 0.0006841183058 0.009901933372 0.004236918408
v 0.0007031323039 0.007092223968 0.03318349272
v 0.0007139162626 -0.01060655341 0.004285050556
v 0.0007231698837 -0.008069566451 0.004119468387
v 0.0007231700583 0.007667187601 0.004119466059
v 0.0007231707568 0.009656923823 0.004119461402
v 0.0007231715135 -0.0100593036 0.004119466059
v 0.0007256793324 -0.01017931942 0.004138002172
v 0.0007261771243 -0.01060561929 0.004279798828
v 0.0007265309687 -0.01007244643 0.004111038987
v 0.0007280275458 0.01020307932 0.004279287998
v 0.0007310934598 0.01020283811 0.004277931061
v 0.0007311066729 0.007745784242 0.02839119732
v 0.0007311623194 -0.00814817939 0.02839117125
v 0.0007419546018 0.007253495045 0.02909085713
v 0.0007420090842 -0.00765586691 0.02909085155
v 0.000749652565 -0.01043682359 0.004219328053
v 0.000749998726 0.007080797572 0.03079904057
v 0.000749999017 0.003150000935 0.02820096537
v 0.0007499994244 -0.002949999878 0.0012990369
v 0.0007499994244 -0.005499999505 0.03079903498
v 0.0007499994827 0.002550000325 0.001299040508
v 0.0007499997155 0.006679999642 0.001299037132
v 0.0007499997737 -0.005199999548 -0.001299041905
v 0.0007500000065 0.007080797106 0.02820096351
v 0.0007500000065 -0.00295000081 -0.001299039694
v 0.0007500000065 -0.005500000436 0.02820095979
v 0.0007500000647 0.002549999394 -0.001299036085
v 0.0007500000647 0.003150000004 0.03079903498
v 0.000750000414 -0.003150000237 0.03079903685
v 0.000750000996 0.006679999642 -0.001299039461
v 0.000750000996 -0.003150001168 0.02820095979
v 0.0007500015781 -0.005200001411 0.001299035968
v 0.0007520654472 0.009866752662 0.004129978828
v 0.000754393579 -0.01016610116 0.004045194015
v 0.0007571202004 -0.007518278435 0.00697227288
v 0.0007571210153 0.007115900517 0.006972267292
v 0.0007607876905 0.007159630302 0.00667609321
v 0.0007607887965 -0.007562010083 0.006676090416
v 0.0007639480173 0.007439215668 0.02874722332
v 0.0007640056428 -0.007841586135 0.02874722332
v 0.0007808094961 -0.01023680065 0.003988315817
v 0.0007811258547 0.009835192002 0.003987661097
v 0.0007825663779 0.009838666767 0.003984697629
v 0.0007832164993 0.009842058644 0.003991279285
v 0.0007837985759 -0.007689277641 0.006406057626
v 0.0007837995654 0.007286900654 0.00640606042
v 0.0008083012071 -0.01038239896 0.004113934934
v 0.0008138699341 0.01011961885 0.004202205688
v 0.0008267839439 -0.01033391431 0.003899192438
v 0.0008323902148 -0.01034446899 0.003976064734
v 0.0008372292505 -0.005199999548 -0.0004833727435
v 0.0008372293669 -0.005199999083 0.0004833772546
v 0.0008372301236 -0.005500000436 0.0004833721905
v 0.0008372306474 -0.00549999997 -0.0004833778075
v 0.0008499998366 -0.007500000298 0.001472245553
v 0.0008500000113 -0.007499999367 -0.001472240896
v 0.0008630462689 0.009992846288 0.003835851792
v 0.0008632104727 0.01005284581 0.004098868463
v 0.0008660245221 -0.006499998271 9.460905393e-10
v 0.0008660256863 -0.007500000298 1.726902954e-09
v 0.0008672841941 0.009999357164 0.00382878352
v 0.000873060606 0.01000888832 0.003817973658
v 0.0008730608388 -0.01041126531 0.003817975055
v 0.0008806416299 0.01000645384 0.003962153569
v 0.0008935123333 0.01018959098 0.004177831113
v 0.0008944059373 -0.01059203595 0.004176784307
v 0.0008999992278 -0.007473204751 -0.001558847958
v 0.000900000683 -0.007473205216 0.001558843302
v 0.0009002561565 -0.007441996131 0.003910783678
v 0.0009263539105 -0.01058923919 0.00415027421
v 0.0009346484439 -0.0104659358 0.00380061008
v 0.0009366024751 -0.007400000468 0.001622242038
v 0.0009366027662 -0.007400000002 -0.001622246928
v 0.0009499998996 -0.007300000172 -0.001645451644
v 0.0009499999578 -0.007299999241 0.001645451528
v 0.0009500007727 -0.005500000436 0.001645445474
v 0.0009500014712 -0.005500001367 -0.001645449433
v 0.0009528517839 -0.01053740177 0.004074756056
v 0.0009559781174 0.01018417627 0.004123495892
v 0.0009594751755 -0.0104814088 0.003940311726
v 0.0009667503764 -0.005200000014 3.088256206e-09
v 0.0009667510749 -0.005500000902 -1.960804075e-09
v 0.0009800116532 -0.01051864307 0.003661302151
v 0.0009857276455 -0.01058385707 0.004094425123
v 0.0009902146412 -0.007417168003 0.009000003338
v 0.0009902159218 -0.007417168468 0.009500002488
v 0.000996871735 0.01012674067 0.003639085218
v 0.000999268028 0.01010419615 0.003783076303
v 0.0009999988833 -0.007414393593 0.02776794881
v 0.001000000164 -0.005500000902 0.02776794694
v 0.001000000397 -0.00549999997 0.03123204783
v 0.001000540797 -0.007414242718 0.03123173676
v 0.001002354082 -0.01053224411 0.003631989472
v 0.001002793084 -0.002479858464 -0.004575041123
v 0.001002793782 0.002079857979 -0.00457504252
v 0.001023200108 0.01017817948 0.004054266028
v 0.001024677418 -0.01058035158 0.004052910488
v 0.001026741811 0.01012108941 0.003922283649
v 0.001027481863 0.01017779019 0.004049467854
v 0.001046250691 -0.01055268478 0.003577441443
v 0.001059685834 0.006997168995 0.03056163155
v 0.001060168841 0.006997026037 0.02843884565
v 0.001070597908 0.00699396152 0.003892916953
v 0.001074771862 0.006992728915 0.009000003338
v 0.001074773143 0.006992728449 0.009500002488
v 0.001092637889 -0.008171869442 0.003523708787
v 0.001092638355 0.00776949292 0.003523706924
v 0.001097619417 -0.01054426096 0.003757341998
v 0.001108513214 0.006900000386 0.0006400037091
v 0.00110851333 0.006900000386 -0.0006400023703
v 0.001115282415 0.01016789582 0.003498797771
v 0.001122589572 -0.01056350954 0.01026154216
v 0.001127407304 -0.01057093218 0.003925226163
v 0.001128845499 -0.01056262944 0.003895593109
v 0.0011456582 -0.01056571864 0.0035939808
v 0.001145658898 0.01016333885 0.003593980335
v 0.001147312229 0.01015802566 0.01026040595
v 0.001159206731 -0.01056800783 0.003881369252
v 0.001160253887 0.0101654483 0.003879412077
v 0.00116066332 -0.007366795558 0.00950000342
v 0.001160663436 -0.007366795558 0.03306585923
v 0.001160663553 -0.007366795093 0.03112876229
v 0.001172764227 -0.007363051642 0.02787992917
v 0.001172813587 0.0101555977 0.003738255007
v 0.001186793204 0.007783407345 0.005548338406
v 0.001186794136 -0.00818578992 0.005548335612
v 0.001187204034 0.01016921923 0.003423173446
v 0.001187205547 -0.01057159901 0.003423173446
v 0.00119161664 0.0101624364 0.00383398449
v 0.001202080981 -0.007499998901 0.001202084124
v 0.001202081447 -0.007499999367 -0.00120208005
v 0.001230907859 -0.01056407671 0.003569758963
v 0.001230909023 0.01016169693 0.003569761058
v 0.001272792579 -0.007473205216 -0.001272789435
v 0.001272793161 -0.007473206148 0.001272789552
v 0.001272898167 -0.01055676024 0.003713598708
v 0.0012728984 0.01015437953 0.003713599173
v 0.001280000317 0.006899998523 8.862307554e-10
v 0.001282021636 -0.002950000111 -0.004307598807
v 0.001284752274 0.008570975624 0.02907954156
v 0.001284763683 0.007147754077 0.02907954156
v 0.001284870552 -0.007550106384 0.0290795397
v 0.001284881961 -0.008973328397 0.0290795397
v 0.001286416082 0.008587542921 0.02907934785
v 0.00129903655 -0.003149997909 0.0302500017
v 0.001299037016 0.002550001023 -0.0007499991916
v 0.001299037132 0.002550000791 0.0007499983767
v 0.001299037249 0.006680000573 -0.0007500025677
v 0.001299037365 0.006922641303 0.02875000052
v 0.001299037482 -0.005199998617 -0.0007499968051
v 0.001299037598 0.006922641303 0.03024999797
v 0.001299037714 -0.005199999083 0.0007500007632
v 0.001299037831 -0.005499999505 0.0302500017
v 0.001299037947 -0.002949999878 0.0007500030333
v 0.001299037947 -0.003149999538 0.0287499968
v 0.00129903818 0.006679999642 0.0007500032661
v 0.001299038297 0.003150000004 0.02875000238
v 0.001299038529 0.003149999771 0.03024999984
v 0.001299039344 -0.002950001741 -0.0007500015781
v 0.001299039344 -0.005500001367 0.0287499968
v 0.00130829378 0.00315000047 0.03301437572
v 0.00130829413 -0.003149999771 0.03301437944
v 0.001308294246 0.00691958284 0.03301437944
v 0.001321392949 0.006965606473 0.006960507482
v 0.001324556186 -0.007399999537 -0.001324557466
v 0.00132455735 -0.007400001399 0.001324553275
v 0.001327482867 -0.00835480541 0.0199965965
v 0.001334145083 -0.007881145924 0.01945291832
v 0.001334145782 0.007478766609 0.01945291832
v 0.001343502197 -0.007299999706 0.00134350406
v 0.001343503711 -0.007300000172 -0.001343503711
v 0.001365774777 -0.009331278503 0.02900792845
v 0.001369707636 0.008939084597 0.02900371887
v 0.001388359582 0.008977931924 0.02898507752
v 0.001388360048 -0.00937992055 0.02898525074
v 0.001418294036 -0.01075554639 0.01974456385
v 0.001431943616 0.001603238401 -0.004575037863
v 0.001431944896 -0.002003238536 -0.004575037397
v 0.001434913604 -0.009452867322 0.0289424248
v 0.001439858461 0.007002120838 0.01849983446
v 0.00143986044 -0.007404502016 0.01849983446
v 0.001444157911 0.01034911163 0.01974300295
v 0.0014483782 0.006871640217 0.02910987101
v 0.001448531752 0.006871586666 0.02988955565
v 0.001454223995 -0.007518587168 0.02904621325
v 0.001455151127 0.008570976555 0.02904581092
v 0.001455161604 0.007116103079 0.0290458072
v 0.001455282094 -0.008973330259 0.02904580347
v 0.001457402715 -0.007444493007 0.01878510043
v 0.001457404811 0.007042113692 0.01878509857
v 0.001470999792 -0.01079204399 0.02308670245
v 0.001472243341 -0.007499999832 0.0008500016411
v 0.001472244039 -0.007500000298 -0.0008499999531
v 0.001474902499 -0.002949999413 -0.004235988017
v 0.001479272265 -0.007260649465 0.02815398946
v 0.001479440136 -0.007260590326 0.03084582835
v 0.001485722954 0.009102132171 0.02890330739
v 0.00148786779 -0.01094603911 0.02684871107
v 0.001496277866 0.0103851771 0.02308331244
v 0.001496676356 0.007158763707 0.01904612035
v 0.001496676472 -0.007561143488 0.01904611662
v 0.001499238773 -0.008270575665 0.005353649147
v 0.00149924017 0.007868198678 0.00535364449
v 0.001499999198 0.006680002436 2.024640344e-09
v 0.001499999198 -0.003149998607 0.02950000204
v 0.001499999664 -0.005200000014 8.369314686e-10
v 0.00149999978 0.002550000092 -1.568912889e-09
v 0.001500000479 0.006853191648 0.02950000204
v 0.001500000479 -0.00549999997 0.02950000204
v 0.001500000595 -0.002950000577 3.048468256e-09
v 0.001500001177 0.003149999073 0.02950000018
v 0.001503616455 -0.00928199105 0.02899134159
v 0.00151113281 0.008721178398 0.02901265398
v 0.001512365299 0.01042282302 0.02457381412
v 0.00151238346 0.007976399735 0.02457381412
v 0.001512504183 -0.008378811181 0.02457381785
v 0.001512504765 0.01053910423 0.02684826031
v 0.001512521529 -0.01082517207 0.02457381599
v 0.001533699455 0.008850112557 0.02898541838
v 0.001558845164 -0.007473205216 -0.0008999980637
v 0.001558845164 -0.007473204751 0.00090000208
v 0.00155975786 0.01053031255 0.02684735693
v 0.001559914323 -0.01093266066 0.02684735879
v 0.001561882556 0.006965607405 0.01849729568
v 0.001564048463 0.01051877905 0.02705322951
v 0.001564146136 -0.01092160493 0.02705030888
v 0.001568199834 -0.01086995192 0.02724484354
v 0.001570307999 -0.01079508103 0.02405307069
v 0.001570723252 0.01040872 0.02737333439
v 0.00157079997 -0.01081311703 0.02736956626
v 0.001573474845 0.002549999394 -0.004196858499
v 0.001574214199 0.0102934707 0.02754072659
v 0.001574365771 -0.01069581788 0.027540721
v 0.001576878713 0.0103906244 0.02402660251
v 0.001578522963 -0.007814489305 0.01944782399
v 0.001578525174 0.007412107196 0.01944782399
v 0.001581807039 0.007976399735 0.02790419571
v 0.001581925782 -0.008378810249 0.02790412866
v 0.001584138023 0.009147418663 0.02885317057
v 0.001586769242 0.009778239764 0.02814283594
v 0.001586913713 -0.01018058788 0.02814283408
v 0.001590606524 0.007610996719 0.02832611464
v 0.001590719097 -0.008013377897 0.02832608111
v 0.001594463363 0.008684515022 0.02896303684
v 0.00159541273 0.008736100048 0.02896165289
v 0.001596714486 0.008780588396 0.02896002121
v 0.001598355127 0.00881570857 0.02895836905
v 0.001598712755 0.009287044406 0.02871570922
v 0.001598855015 -0.009689393453 0.02871569991
v 0.001599023701 0.007260359358 0.0287298169
v 0.001599133946 -0.007662709802 0.02872981131
v 0.001600148622 0.009222103283 0.02878453396
v 0.001600263524 0.008839538321 0.02895698138
v 0.001600286108 -0.009624449536 0.02878452837
v 0.001601286116 0.008847053163 0.02895644307
v 0.001601604978 -0.009552254342 0.02884785272
v 0.001602327451 0.008851842955 0.02895602398
v 0.001603057259 0.009015164338 0.02892400324
v 0.001603275537 -0.009406364523 0.02892803214
v 0.001603309065 0.008846810088 0.02895587496
v 0.001603364479 0.008854081854 0.02895572037
v 0.001603421057 0.008959137835 0.02894137241
v 0.001603532815 0.008843576536 0.02895585261
v 0.001603721757 0.008841521107 0.02895581722
v 0.001603722339 0.008570978418 0.02895581909
v 0.001603722805 0.00880558975 0.02895581536
v 0.001603723038 0.00877209194 0.02895581536
v 0.001603723271 0.008680031635 0.02895581909
v 0.001603723387 0.008729510009 0.02895581722
v 0.001603734912 0.007112054154 0.02895581536
v 0.001603843062 -0.00751440227 0.0289558135
v 0.00160385319 -0.00917426683 0.02895581163
v 0.001603854704 -0.008973327465 0.02895581163
v 0.001603858313 -0.009243872948 0.0289558135
v 0.00161011843 -0.01078327652 0.02391365357
v 0.00162224425 -0.007400001865 0.0009366007289
v 0.001622244716 -0.007400001399 -0.000936605793
v 0.001642073621 -0.007499999832 0.0004399933678
v 0.001642075717 -0.007500001229 -0.0004399950558
v 0.001643498079 -0.008321862668 0.003090132028
v 0.00164349901 0.0101136528 0.003090128303
v 0.001643499359 0.007919484749 0.003090132028
v 0.001643499709 -0.01051603258 0.003090128768
v 0.001645446988 -0.007299998775 -0.0009500009473
v 0.001645447803 -0.007299999241 0.0009499977459
v 0.001645448618 -0.005500000436 -0.0009499986772
v 0.001645449316 -0.005500000902 0.000950000016
v 0.001648638863 0.008017194457 0.02380544692
v 0.001648762613 -0.008419604972 0.02380543947
v 0.001684927382 -0.007183565293 0.003872602945
v 0.001700000721 -0.007500000764 2.181183123e-09
v 0.001726384507 0.006827884354 0.00695206644
v 0.001726384624 -0.007230265066 0.006952064577
v 0.001732050208 -0.007164924871 0.02850000188
v 0.001732051023 -0.007164926268 0.03049999848
v 0.001732051489 -0.005500000436 0.02850000001
v 0.001732052304 -0.005500001833 0.03049999848
v 0.001735843252 -0.007272272836 0.00665577082
v 0.001735843834 0.00686989259 0.006655766163
v 0.001738666906 -0.007473205216 0.000465877878
v 0.001738667255 -0.007473206148 -0.0004658728431
v 0.001745267888 0.008063381538 0.0201696828
v 0.001750629977 0.01009806804 0.003030723194
v 0.001752621843 0.001047807629 -0.004575039726
v 0.001752622658 -0.00144780823 -0.004575042985
v 0.00175489462 0.007611499168 0.005536494777
v 0.001754894736 -0.008013878949 0.005536492448
v 0.001768510207 0.006750252098 0.003875147784
v 0.001774387551 0.01033958513 0.02354171313
v 0.00177571259 -0.007394532207 0.006385380402
v 0.001775713987 0.006992154755 0.006385380402
v 0.001800001482 -0.007473206148 -6.590707979e-10
v 0.001809375361 -0.007399997674 -0.0004848183307
v 0.001809376408 -0.007399998605 0.0004848237731
v 0.001816499862 0.007804873399 0.005316363648
v 0.001816499862 -0.00820725318 0.005316362716
v 0.001835259493 -0.007300000638 0.0004917576443
v 0.001835259493 -0.007299999706 -0.0004917554324
v 0.001835943433 -0.01072760671 0.02344101667
v 0.001859771204 0.01031972654 0.02340503037
v 0.001873204368 -0.007399999071 3.762520851e-10
v 0.001899999101 -0.005499999039 -2.663020915e-10
v 0.001899999916 -0.007300000172 -1.279136574e-09
v 0.001917633112 -0.01070884429 0.02332477644
v 0.001930868253 -0.00708218338 0.03002129495
v 0.001931150327 -0.00708205672 0.02897975966
v 0.001950122998 -0.007073814049 0.03270304948
v 0.001950811013 -0.0008378420025 -0.004575038329
v 0.001950812293 0.0004378412268 -0.00457504252
v 0.001961049158 -0.007940242998 0.005532202777
v 0.001961050788 0.00753786182 0.005532196723
v 0.001999998465 -0.005499999039 0.02950000204
v 0.001999998465 -0.007051822264 0.02950000204
v 0.002017850988 -0.000199999602 -0.004575039726
v 0.002018672414 -0.008410788141 0.005163631402
v 0.002018673113 0.008008412085 0.005163634196
v 0.002068568487 0.008133361116 0.02314770594
v 0.002068691188 -0.008535772562 0.02314770222
v 0.00220412761 0.006557266228 0.03253386542
v 0.002204128308 0.006557267625 0.009499996901
v 0.002207777929 0.01023982279 0.02301583439
v 0.002223524265 -0.01042264793 0.00270294724
v 0.002239828696 0.002550000558 -0.003884604434
v 0.002284629969 -0.01062415354 0.0229531005
v 0.002315043705 0.01000355557 0.00262498809
v 0.002328064758 0.007153423503 0.01943220384
v 0.002328067552 -0.007555802353 0.01943220198
v 0.002344931709 0.01020743046 0.02290791459
v 0.002350232564 -0.002950001042 -0.00382429664
v 0.00236462988 -0.006958455313 0.006938763428
v 0.002380112885 -0.008634582162 0.02039304934
v 0.002399657154 -0.01059664134 0.02287006006
v 0.00240776944 0.002550001489 -0.00379182538
v 0.002439368749 0.006438849494 0.003942043055
v 0.002439368982 -0.006838847417 0.003942037467
v 0.002439370146 0.002550000558 0.003942038864
v 0.002439370146 -0.002950001042 0.003942043521
v 0.002446089638 0.006630397867 0.0184788648
v 0.002446090104 -0.007032776717 0.01847886294
v 0.002469219966 0.006668328773 0.0187640097
v 0.002469222527 -0.007070707623 0.01876400411
v 0.002496975707 0.006410965696 -0.002452571876
v 0.002496977104 -0.009433639236 -0.002452571411
v 0.002496977104 -0.006813343614 -0.002452573041
v 0.002496977337 0.009031257592 -0.002452572109
v 0.002510757186 0.00315000047 0.03228542209
v 0.002510757418 -0.003149999771 0.03228542581
v 0.002510757651 0.006400833838 0.03228542209
v 0.002510758117 -0.006800833158 0.03228542209
v 0.002516755601 -0.01031703129 0.01020005066
v 0.00252478756 0.006778956391 0.01902468689
v 0.002524788491 -0.007181335706 0.01902468689
v 0.002533706604 0.009910779074 0.01019932609
v 0.002535066567 0.002404704457 -0.00378203881
v 0.002535067499 -0.002804704709 -0.003782041604
v 0.002555469284 -0.008087855764 0.02007620037
v 0.002555471612 0.007685475983 0.02007619664
v 0.002578961896 -0.01035486069 0.00236620754
v 0.002588483272 0.006344480906 -0.002355785109
v 0.002588581759 -0.00674679596 -0.002355684061
v 0.002599364612 0.006354448386 -0.00245470833
v 0.002605120419 -0.006958457176 0.01847554371
v 0.002638369566 0.009940421209 0.002299784217
v 0.002648092341 0.006412054878 0.006932852324
v 0.002648092806 -0.006814435124 0.006932855584
v 0.002653566655 -0.008596963249 0.002282233443
v 0.002653566888 0.008194581605 0.002282232977
v 0.002663061256 0.006451579276 0.00663643796
v 0.002663061721 -0.006853959989 0.006636437029
v 0.002675430616 -0.006692621857 -0.002256560838
v 0.002675432479 0.006290242542 -0.002256563865
v 0.002701237565 -0.007622811012 0.005516771693
v 0.002701239195 0.007220433094 0.005516770296
v 0.002708236221 0.008307218552 0.02270073257
v 0.002708362881 -0.008709630929 0.02270072699
v 0.00270900433 -0.01051905565 0.02270045318
v 0.002718963195 0.006566607859 0.006365715992
v 0.002718964126 -0.006968986709 0.006365719251
v 0.00278626522 0.007404129487 0.005296151619
v 0.00278626522 -0.007806506008 0.005296149757
v 0.002801858354 -0.00862174388 0.004958443809
v 0.00280185882 0.008219365962 0.004958441481
v 0.002802755218 0.01009200513 0.022662092
v 0.002837058157 -0.002950000344 -0.003525865963
v 0.002858168678 0.008359517902 0.02052781917
v 0.002858169843 -0.008761896752 0.02052782103
v 0.002866670256 -0.01047723275 0.02263914049
v 0.002867195755 0.002549999859 -0.003505533794
v 0.002872319426 -0.01045521256 0.019662017
v 0.002876675222 -0.006589933299 0.004031275865
v 0.002889901865 0.010048314 0.01966108568
v 0.002897134284 0.007637803443 0.005145320203
v 0.002897135681 -0.008040184155 0.005145319737
v 0.002919950057 0.006163134705 0.03047284298
v 0.002946851775 -0.006546271499 0.009000003338
v 0.002946852474 -0.006546272431 0.009500002488
v 0.002956798999 0.01005019061 0.02261072211
v 0.002963693812 -0.006522332784 -0.001861854922
v 0.002963694511 0.0061199544 -0.001861858065
v 0.002984882332 0.006122163497 0.031770017
v 0.002993861446 -0.01026686747 0.001812955015
v 0.002998272656 0.001602408709 -0.003782042069
v 0.002998275217 -0.002002408961 -0.003782043234
v 0.003001652891 -0.01044008508 0.02259836718
v 0.003021051642 0.00609893119 0.009000000544
v 0.003021053039 0.006098930724 0.009500000626
v 0.003027723636 0.006094613113 0.0040708296
v 0.003041042015 0.009854026139 0.001732645207
v 0.003099818248 0.006069232244 -0.001625154167
v 0.003100021742 -0.006471595261 -0.001624766039
v 0.003120432375 -0.00295000081 -0.003325383412
v 0.003147637472 0.0084366519 0.02060164697
v 0.003147637704 -0.008839029819 0.02060164325
v 0.003159681335 0.008265173063 -0.001505457563
v 0.003159681801 -0.008667550981 -0.001505457563
v 0.003174899379 -0.006396789104 0.03149562329
v 0.003174900776 -0.006396791432 0.009500000626
v 0.003179007908 0.008289244026 -0.00146421371
v 0.00317900884 -0.008691623807 -0.001464210451
v 0.003197153565 -0.00871894788 -0.001424153685
v 0.003197154729 0.008316567168 -0.001424154034
v 0.00321721076 0.008350476623 -0.001378237619
v 0.003217211924 -0.006514913868 -0.0013782389
v 0.003217212856 0.006112533621 -0.00137824181
v 0.003221103456 -0.01021626499 0.001369121834
v 0.003231448354 -0.003150000935 0.02677939087
v 0.00324781402 0.009807979688 0.001304494916
v 0.00327050616 -0.007102391217 0.01941255666
v 0.003270506859 0.006700010039 0.0194125548
v 0.003278439399 0.006201683078 -0.001225493033
v 0.003278440097 -0.006604061928 -0.001225488144
v 0.003284550272 -0.00112133706 -0.003782039741
v 0.003284550272 0.0007213370409 -0.003782040905
v 0.003286184045 -0.008492888883 -0.002469021827
v 0.00328618451 0.008090511896 -0.002469020896
v 0.003331430722 0.0031500021 0.02677761205
v 0.003331431188 0.005887122359 0.02677761205
v 0.003331431886 -0.003250000067 0.02677760832
v 0.003331432119 -0.006287122611 0.02677761205
v 0.003335193498 0.005995599553 0.006918526255
v 0.003343322547 0.008040755987 -0.001731269876
v 0.003344160505 -0.008788942359 0.001032755477
v 0.003344161902 0.008386567235 0.001032752451
v 0.003360189497 -0.006266318727 0.03116481565
v 0.003360189963 0.003150001401 0.03116482124
v 0.003360190894 0.005866316613 0.03116481565
v 0.003360191127 -0.003150001401 0.03116481565
v 0.003368170699 -0.00839835871 -0.002342183376
v 0.003374351887 0.005855998956 0.02594649978
v 0.003374647815 -0.00625577895 0.02594406344
v 0.003375787986 -0.008402955718 -0.001791578252
v 0.003381388262 -0.0002000019449 -0.00378204463
v 0.003384367563 -0.006248668302 0.02995372191
v 0.003388996236 -0.006521247793 0.01845921017
v 0.003388996702 0.006118868478 0.01845920831
v 0.003403646871 -0.006234484725 0.02760491706
v 0.003404285992 0.005834016018 0.02760895342
v 0.003406835487 0.007961727679 -0.001866288949
v 0.003411762184 0.007946598344 -0.002239065478
v 0.003417362925 0.006153959781 0.01874424331
v 0.00341736339 -0.006556337234 0.01874424517
v 0.003420652822 -0.009259279817 -0.0007410291
v 0.00342065352 0.008856900968 -0.0007410314865
v 0.003424095456 -0.006197189912 -0.002272166545
v 0.00342409662 0.0057948092 -0.002272167476
v 0.003426566254 -0.008332670666 -0.002185478806
v 0.003427790478 -0.008337291889 -0.001940716407
v 0.003432030557 -0.006213292014 -0.002472065622
v 0.003432031255 0.005810910836 -0.002472064225
v 0.003433614504 -0.003150001401 0.02510967292
v 0.003436888801 -0.007077857386 -0.0006616548053
v 0.003437028034 0.006676129997 -0.0006609281991
v 0.003437165637 0.007919213735 -0.002123026643
v 0.003437482985 0.007921868935 -0.002000894397
v 0.003440004308 0.009769093245 0.0006452644011
v 0.003440004541 -0.01017147023 0.0006452663802
v 0.003440680681 -0.008318900131 -0.002062916523
v 0.003442716086 0.00851526577 0.02067948505
v 0.003442716086 -0.00891764462 0.02067948692
v 0.003468222916 -0.008184121922 0.000470560306
v 0.003468487179 0.00777970627 0.0004686164903
v 0.003470253665 0.009898378514 0.02253257111
v 0.003470264841 0.008512297645 0.02253257111
v 0.003470392898 -0.008914711885 0.02253256738
v 0.003470403142 -0.01030071266 0.02253256924
v 0.003470917232 -0.01014628354 0.0004502632946
v 0.003470975207 0.009743801318 0.0004498102062
v 0.003488180926 -0.01009478793 0.0002873919439
v 0.003488196759 -0.006658682134 0.01900460571
v 0.003488198156 0.006256305613 0.01900460571
v 0.003491741139 -0.008827824146 0.001150026452
v 0.00349207432 0.00842553284 0.001150287455
v 0.003492948832 -0.003150000004 0.0284408424
v 0.003497428959 -0.01001721155 0.0001340900781
v 0.003497431288 0.00961479824 0.0001340305025
v 0.003498086473 -0.007589570712 -0.0001156858052
v 0.003498087637 0.007187193725 -0.0001156859944
v 0.003498088568 -0.009812197648 -0.000115687908
v 0.003499913495 -0.009896798991 -2.44864641e-05
v 0.003499914426 0.009494420141 -2.448798841e-05
v 0.003505486529 0.005875975359 0.006914980244
v 0.003505488159 -0.006278352346 0.006914977916
v 0.003525580047 0.005912294611 0.006618459709
v 0.003525581211 -0.00631467253 0.006618461106
v 0.00353028276 -0.00613893941 0.02513526939
v 0.003530282993 -0.003250000067 0.02513526566
v 0.003530283459 0.003149999073 0.02513526939
v 0.003530283459 0.005738939624 0.02513526753
v 0.003535387339 -0.006134997122 0.004238441121
v 0.003566087456 0.00719926646 0.02005513385
v 0.003566087456 -0.007601644844 0.02005513385
v 0.003575683106 0.005995600484 0.01845531352
v 0.003588645719 -0.00609346712 0.02841182612
v 0.003588645719 -0.003249999601 0.02841182612
v 0.003588646185 0.003149999306 0.02841183171
v 0.003588647349 0.005693465937 0.02841182612
v 0.003591903485 0.006715204101 0.005498201586
v 0.003591905581 -0.007117583882 0.005498202983
v 0.003596396651 -0.006420375779 0.006347431801
v 0.003596397815 0.006017995533 0.006347426213
v 0.003603190649 0.005681991111 0.004265058786
v 0.003610333893 -0.00607633125 0.03051389381
v 0.003610471962 0.005676222965 0.03051340953
v 0.003638597438 -0.006880963687 0.01940488257
v 0.003638598835 0.006478584837 0.01940488257
v 0.003641820978 -0.008867354132 0.001270794892
v 0.003641821677 0.008464977145 0.001270798268
v 0.003659083508 0.008450372145 0.004714461043
v 0.003659085371 -0.008852750063 0.004714461975
v 0.003687168239 0.007774655242 -0.002118925564
v 0.003687168239 -0.008177035488 -0.002118926495
v 0.00369897671 -0.007288771681 0.005277124234
v 0.003698977875 0.006886392832 0.005277122371
v 0.00372168608 -0.008222123608 -0.001755558653
v 0.003721686313 0.00781974569 -0.001755559933
v 0.003722062334 -0.008247957565 -0.002478108043
v 0.0037220628 0.007845577784 -0.002478109673
v 0.003726401133 -0.003149999073 0.02907996997
v 0.003726957599 -0.00882113073 0.001269019209
v 0.003728449345 -0.005980690941 0.0290985629
v 0.003728586249 0.005580579862 0.02909981459
v 0.003737152321 0.003150001168 0.02981012873
v 0.00373715302 0.005573487841 0.02981012687
v 0.003737153253 -0.00597348623 0.02981012687
v 0.003737155115 -0.00315000047 0.02981012315
v 0.00375634036 0.005557525903 0.02445062995
v 0.003781168954 0.005516103003 -0.001878901036
v 0.003781170351 -0.005918484181 -0.00187890185
v 0.003805588232 -0.005916052964 0.02433075756
v 0.003808351234 -0.00294999918 -0.002739572898
v 0.003813672345 -0.008912411518 0.001446451992
v 0.003813672811 0.008510031737 0.001446448034
v 0.003816859331 -0.009017033502 0.02083015069
v 0.003820647951 0.002550001955 -0.002727616346
v 0.003820952028 0.007974751294 -0.001437157742
v 0.003820953891 -0.008377132006 -0.001437156578
v 0.00382732111 0.005562076345 -0.001537767355
v 0.003827321809 -0.00596445566 -0.001537766191
v 0.003837889759 0.007104160264 0.005125709809
v 0.003837889759 -0.007506541442 0.005125705618
v 0.003875301452 0.00863011647 0.02086502127
v 0.003910019994 0.002549997531 -0.00263891276
v 0.003919853829 0.006489803549 0.005491362885
v 0.00391985476 -0.006892184261 0.00549136335
v 0.003920129966 -0.009924116544 0.01014370378
v 0.003928476945 0.009518947452 0.01014338247
v 0.003937049769 0.007838982157 0.02050533146
v 0.003937051632 -0.008241360076 0.02050533146
v 0.003945952281 0.005694448948 -0.001239405363
v 0.003945953678 -0.00609682966 -0.001239407691
v 0.003951090854 -0.008947728202 0.001714350656
v 0.003951091785 0.008545350283 0.001714346232
v 0.004037702456 0.005310470238 0.02384470962
v 0.004051296972 0.00529788807 0.009499997832
v 0.004059107509 -0.008960924111 0.00453330623
v 0.004061278887 0.008559133857 0.004531883169
v 0.004064859822 0.002077283571 -0.002721396275
v 0.004064860288 -0.002477282658 -0.002721400931
v 0.004084076267 -0.003149998607 0.02355864272
v 0.004102902021 -0.008972822689 0.004503443837
v 0.004113286268 -0.009095141664 0.02106328122
v 0.004124638159 0.00816496741 0.02066527493
v 0.004124639556 -0.008567348123 0.02066526935
v 0.004129499663 0.008697004989 0.02108134143
v 0.004129732028 -0.002949998481 0.004508802667
v 0.004129732959 0.002549999161 0.004508799408
v 0.00412973389 0.005224054679 0.00450880127
v 0.004141318146 0.008692145348 0.02251857892
v 0.004141318612 -0.009094524197 0.0225185845
v 0.00414234167 -0.005611985922 0.004515489098
v 0.004145049956 0.006126430351 0.01939432323
v 0.004145049956 -0.00652880827 0.01939432509
v 0.004170082975 0.005185232032 0.0236096587
v 0.004170083441 0.003149999771 0.0236096587
v 0.004170084838 -0.005585233681 0.0236096587
v 0.004170085303 -0.00325000193 0.02360965498
v 0.004175752867 0.005147864576 -0.002287836047
v 0.004175753333 -0.00555024296 -0.002287833486
v 0.004176982213 -0.009938936681 0.01585394889
v 0.004177116789 0.008590646088 0.004446120001
v 0.00417830376 -0.008993349038 0.004445124418
v 0.004184102174 0.005147865042 -0.001887296676
v 0.004184104502 -0.005550244357 -0.001887301099
v 0.004185457714 0.009533572011 0.01585361734
v 0.004185705911 0.005162229761 -0.002487774938
v 0.004185707308 -0.00556460768 -0.00248777424
v 0.004186668899 0.009514884092 0.0007481579087
v 0.00419247942 0.00951275602 0.0007064002566
v 0.004192699213 0.009249217808 7.442594506e-05
v 0.004203755874 -0.01004898734 0.02251728065
v 0.004211396445 -0.005699078552 0.006900266279
v 0.004215027206 -0.009013368748 0.002621498657
v 0.004215269815 0.009430145845 0.0003648851998
v 0.004216440022 0.008611341938 0.002626392758
v 0.00424928125 0.005478005391 0.01844127476
v 0.004249282181 -0.005880384706 0.01844127104
v 0.004251829814 -0.009131109342 0.02126860246
v 0.004273314029 0.008734219708 0.02131617814
v 0.004282424692 0.005509536713 0.01872620545
v 0.004282425158 -0.005911915563 0.01872621104
v 0.004282980692 0.00522938557 0.006898768712
v 0.004282981623 -0.005631766748 0.006898769177
v 0.004307719413 -0.005664222408 0.006602153182
v 0.004307719879 0.005261842627 0.006602152251
v 0.004313027486 0.008742472157 0.0217434708
v 0.004313027486 -0.009144851007 0.0217434708
v 0.004313086625 -0.01001165342 0.01959278993
v 0.004321449902 -0.009148463607 0.02150039375
v 0.004321543034 0.009606205858 0.01959242858
v 0.004328234121 0.008747404441 0.02158978023
v 0.004333527293 0.008633445948 0.004285261501
v 0.004346451256 -0.009039379656 0.004268322606
v 0.00436719181 0.005601503886 0.01898628101
v 0.004367192741 -0.006003884133 0.01898628101
v 0.004392057192 -0.005758678075 0.006330843549
v 0.004392059054 0.00535629876 0.006330844015
v 0.004413192626 0.006103584077 0.00548108574
v 0.004413193092 -0.006505962461 0.005481084809
v 0.004415854812 -0.008406115696 0.004698683508
v 0.004415856209 0.008003737777 0.004698680248
v 0.004426559899 0.0009640796343 -0.002721399069
v 0.00442656083 -0.001364078722 -0.002721399069
v 0.00445006229 0.004872728605 -0.001892843517
v 0.00445006229 -0.005275107455 -0.001892845496
v 0.004451885354 -0.005699078087 0.01843705401
v 0.004459850024 0.008668502793 0.004067318514
v 0.004477358889 -0.009075841866 0.004019116517
v 0.004484621808 -0.005261416081 0.02313272469
v 0.004486933816 0.008678527549 0.003571250709
v 0.004486935679 -0.009080908261 0.00357124838
v 0.004501590971 0.004913529381 -0.001551820082
v 0.004501592834 -0.0053159073 -0.001551821129
v 0.004503899254 0.006584189832 0.02003558353
v 0.004503900651 -0.006986568682 0.02003558353
v 0.004514868371 -0.009087466635 0.003736414248
v 0.004514886532 0.008684617467 0.003821810475
v 0.004529728089 -0.005211653654 0.004742312711
v 0.004540592898 0.006259633694 0.005259579513
v 0.004540594295 -0.006662013941 0.005259580445
v 0.004548911005 -0.0001999998931 -0.002721399767
v 0.004568453413 0.007176910061 -0.002137293573
v 0.004568453878 -0.007579289377 -0.002137293341
v 0.004577567801 -0.005157872569 0.00899999775
v 0.004577568267 -0.005157873966 0.009499997832
v 0.004586704075 -0.002950000111 -0.001843983424
v 0.00460795546 0.00721862074 -0.001774032949
v 0.00460795546 -0.007621000521 -0.001774032833
v 0.004611186218 -0.007644897792 -0.002496644855
v 0.004611186683 0.007242517546 -0.002496645786
v 0.004615899641 -0.003149998607 0.02280000225
v 0.00463536242 0.004691487644 0.009499997832
v 0.00463536242 0.004691489507 0.008999998681
v 0.004635710269 0.005031003617 -0.001253783703
v 0.004635710269 -0.005433382932 -0.001253782655
v 0.004647486843 0.00467735948 0.004820034839
v 0.004675569478 0.004644364119 0.02288501896
v 0.004680892918 -0.003200091189 0.02279999852
v 0.004705363885 0.006458146498 0.005107625853
v 0.004705365282 -0.006860524416 0.005107625388
v 0.004714434035 0.007797295228 0.001248437329
v 0.004714434966 -0.008199676871 0.001248435816
v 0.004724347498 0.007362010889 -0.00145598501
v 0.004724349827 -0.007764392067 -0.001455990598
v 0.00474601984 0.00315000047 0.02280000038
v 0.004746021703 -0.003250001231 0.02279999666
v 0.004763832316 0.009425196797 0.02250560559
v 0.004776905756 -0.00816348847 0.0206516739
v 0.004813736305 -0.004876174033 0.009500002488
v 0.00481373677 -0.004876174033 0.02272119187
v 0.00483548874 0.004407366738 -0.002301591681
v 0.00483548874 -0.004809745587 -0.002301590983
v 0.004847214092 -0.00482212333 -0.002501565032
v 0.004847215023 0.004419740755 -0.002501565963
v 0.004848979414 0.007972299121 0.001695631072
v 0.004848979414 -0.008374680765 0.001695630257
v 0.004904374015 0.008941412903 0.0001800324098
v 0.004904374015 -0.009343791753 0.0001800319587
v 0.004905203357 -0.002851427766 -0.001440024469
v 0.004905203823 0.002451428445 -0.001440029126
v 0.004919886589 0.009206581861 0.0008512409986
v 0.004919887986 -0.009608962573 0.0008512388449
v 0.004925353918 0.009203956462 0.0008096137317
v 0.004933383316 -0.00838976074 0.02082910575
v 0.004936473444 -0.005845042877 0.01937783137
v 0.004936474375 0.005442661699 0.01937782578
v 0.004940830637 0.009119690396 0.0004693211231
v 0.004941523075 -0.009531764314 0.0004930748255
v 0.004943744745 -0.008036410436 0.004687679932
v 0.004943746142 0.007634032052 0.004687680397
v 0.004955930635 0.007170735393 0.02048408799
v 0.004955930635 -0.007573114708 0.02048409171
v 0.004956247285 -0.009591971524 0.0008563058218
v 0.004966430366 -0.004886430688 0.006884522736
v 0.004966431297 0.004484050907 0.00688452227
v 0.004974761512 0.007623745129 0.02064755186
v 0.004995252471 -0.004914431367 0.006587822922
v 0.004995253868 0.004512053449 0.006587820593
v 0.005009342451 -0.005123300012 0.01842543297
v 0.005009342916 0.004720918834 0.01842542924
v 0.005034377798 0.004151638132 -0.001905026147
v 0.005034378264 -0.004554016516 -0.001905023702
v 0.005046704784 -0.005150626879 0.01871027984
v 0.005046705715 0.004748246167 0.01871027797
v 0.005052255467 -0.008557735011 0.0210863892
v 0.005084329285 -0.004515090957 0.005149341188
v 0.005090606399 0.004186639562 -0.00156410248
v 0.005090607796 -0.004589019809 -0.001564100268
v 0.005091480445 -0.004995925818 0.006316259969
v 0.005091480911 0.004593545571 0.006316259969
v 0.005118350964 -0.008645895869 0.02139689773
v 0.005125343334 -0.008646168746 0.02172653563
v 0.005135104526 0.0040419898 0.005192262586
v 0.005137942266 0.002549998928 -0.0009556146688
v 0.005138011649 0.00784751866 0.02082483843
v 0.005143778864 0.004827955272 0.01897009648
v 0.005143779796 -0.005230335984 0.01897009462
v 0.005152469501 0.005394980777 0.005465675611
v 0.005152470432 -0.005797357764 0.005465670023
v 0.005166528281 0.00793823041 0.004422036
v 0.005166530609 -0.008340610191 0.004422032274
v 0.005202190485 0.003942475189 0.02231676318
v 0.005202192347 -0.004342473578 0.02231676318
v 0.00521416124 0.004474983551 0.01842116006
v 0.005238253158 -0.004689797759 -0.001266343519
v 0.005238253623 0.004287421238 -0.001266344916
v 0.005261078477 0.008012621664 0.02108203061
v 0.005272804759 -0.00939234253 0.01011618413
v 0.005291780457 -0.008518774994 0.004015462939
v 0.005291780923 0.008116397075 0.004015457816
v 0.005292857531 0.008130636066 0.003554453375
v 0.005292859394 -0.008533015847 0.003554450814
v 0.005298167933 -0.005935868714 0.005243790336
v 0.005298168864 0.005533490796 0.005243784282
v 0.005312392022 0.008960402571 0.006361380219
v 0.005326332059 -0.001555332914 -0.001440029475
v 0.00532633299 0.001155329635 -0.001440030057
v 0.005329384468 0.008099275641 0.02139250189
v 0.00533637451 0.008099548519 0.02172213793
v 0.005342093762 -0.009348489344 0.006290606689
v 0.005351167172 0.005001069512 0.01936918311
v 0.005351168569 -0.005403449759 0.01936918497
v 0.005351183936 -0.009372220375 0.01168642286
v 0.005351184867 0.008969841525 0.011686421
v 0.005352576729 0.005850958638 0.0200178884
v 0.005352578592 -0.006253337953 0.02001789026
v 0.005357330665 0.007295700256 0.001235036529
v 0.005357331596 -0.007698079105 0.0012350342
v 0.005375556182 0.006482213736 -0.002154123969
v 0.005375557113 -0.006884593051 -0.002154123737
v 0.005391760729 0.003586268052 -0.002313186647
v 0.005391762126 -0.003988648765 -0.002313186647
v 0.005404979922 0.003596436465 -0.002513193293
v 0.005404980388 -0.003998819739 -0.002513192594
v 0.005419620313 -0.006922375876 -0.001790951588
v 0.00541962171 0.006519996561 -0.001790952869
v 0.005425464362 -0.006944022141 -0.002513618907
v 0.005425465759 0.00654164236 -0.002513620304
v 0.00544519024 0.003550000023 0.009499997832
v 0.005447351374 0.003546254011 0.02206284925
v 0.005468782037 -0.0002000000677 -0.001440031338
v 0.00546982605 0.009104558267 0.02249088883
v 0.005469833501 0.0078498777 0.02249089256
v 0.00546995271 -0.008252168074 0.02249088697
v 0.005469959229 -0.009506867267 0.02249088697
v 0.00548621593 -0.006112070289 0.005091345403
v 0.005486217327 0.005709690042 0.0050913468
v 0.005525168031 -0.003766256617 -0.001915251603
v 0.005525168497 0.003363881027 -0.001915253815
v 0.005528358743 0.004957290366 0.0054578376
v 0.00552836014 -0.005359669682 0.005457837135
v 0.005543410778 0.003653522581 0.006872497965
v 0.005543411709 -0.004055901896 0.006872495171
v 0.005549998488 0.003362303134 0.005586476997
v 0.005549998954 -0.003762301058 0.00664967671
v 0.005549998954 0.0004250931088 -0.001238220022
v 0.00554999942 -0.0008250920218 -0.00123821781
v 0.005549999885 -0.003762301989 0.005586477928
v 0.005549999885 -0.002950000577 4.410217116e-06
v 0.005549999885 -0.002950000344 0.005586471874
v 0.005549999885 -0.001998289721 -0.0008062745328
v 0.005549999885 -0.001625262201 -0.0009959437884
v 0.005549999885 0.002549999859 0.0055864756
v 0.005549999885 0.003362301504 0.006649677176
v 0.005550000817 0.002550000325 4.413859187e-06
v 0.005550001282 0.001598288072 -0.0008062778506
v 0.005551698618 0.006649885327 -0.001473233453
v 0.005551699083 -0.007052263711 -0.001473231241
v 0.005561857484 -0.009461149573 0.02249108069
v 0.005562815815 0.009058288299 0.02249111049
v 0.005575682037 -0.004078937694 0.006575725041
v 0.005575683434 0.003676557913 0.006575723179
v 0.005576994736 -0.003711828496 0.02190847322
v 0.005580949597 0.008868657053 0.0009416019893
v 0.005585344043 -0.003794924123 -0.001574412105
v 0.005585344043 0.003392545041 -0.0015744142
v 0.005604987033 -0.003951188177 0.006871215999
v 0.005617932416 0.007734053303 0.0224932842
v 0.005619599484 -0.008135112002 0.02249336988
v 0.005621362012 0.00706322398 0.001229529618
v 0.005621363409 -0.007465602364 0.001229535672
v 0.005630992819 0.004660621751 0.0193633493
v 0.00563099375 -0.005063001532 0.01936335117
v 0.005634896457 -0.009240657091 0.0009488214855
v 0.005653297529 0.009012117982 0.0224954877
v 0.005653299391 -0.009414496832 0.02249547094
v 0.005653594621 0.009012309834 0.02248705737
v 0.005653596949 -0.009414689615 0.0224870611
v 0.005653621163 -0.004265486263 0.01841200143
v 0.005653621629 0.003863108112 0.01841199957
v 0.005662178155 0.009040946141 0.01983946376
v 0.005662179552 -0.009443326853 0.01983946748
v 0.005681944545 -0.004145985935 0.006303954404
v 0.005681945477 0.003743604757 0.006303950679
v 0.005683276802 0.007840869017 0.02171490341
v 0.005683754571 -0.008238577284 0.02171489969
v 0.00568983797 0.003090075683 0.02176004462
v 0.005694561172 -0.004288051743 0.01869677566
v 0.005694561638 0.003885672661 0.01869677007
v 0.005698223133 -0.008071663789 0.02249917388
v 0.005723284092 -0.003420657013 0.006649675313
v 0.005744353402 0.003475088859 -0.00127689424
v 0.005744354799 -0.003877467941 -0.001276896452
v 0.005749383941 -0.003365182783 0.009000001475
v 0.005749384407 -0.003365183948 0.009500000626
v 0.005764257628 0.008942677639 0.01798391715
v 0.005775751546 -0.007624546532 0.001676307525
v 0.005775753874 0.007222166285 0.001676307991
v 0.005786058959 0.002885172376 0.009500001557
v 0.00578605989 0.002885170281 0.009000003338
v 0.005789102055 -0.009334629402 0.01804831997
v 0.005798058584 0.002858448774 0.006649671588
v 0.005798361264 0.004600293003 0.005452211015
v 0.005798364058 -0.005002670921 0.005452209152
v 0.005802068859 0.003951490391 0.01895637065
v 0.005802069791 -0.004353868775 0.01895636693
v 0.005832931027 0.008722972125 0.0009751102771
v 0.005834840238 0.002698928816 -0.002322417451
v 0.005834842101 -0.003101309994 -0.002322423039
v 0.005845478736 -0.003951189574 0.01840800419
v 0.005849249195 0.002706715837 -0.002522453899
v 0.005849249661 -0.003109097015 -0.002522453433
v 0.005877490155 -0.009098567069 0.0009809808107
v 0.005877968855 0.006374122575 0.02046486922
v 0.005877970718 -0.006776501425 0.02046486549
v 0.005914915819 0.002521517919 -0.001923378208
v 0.00591491675 -0.002923895605 -0.001923378441
v 0.005915191025 0.008740996011 0.01407257747
v 0.0059315525 -0.002940056613 0.009500002488
v 0.00593193993 -0.002939073835 0.02138287947
v 0.005958388094 0.008638035506 0.008946170099
v 0.005960049108 -0.005121512339 0.005229994655
v 0.005960049573 0.004719133954 0.005229994655
v 0.005962340627 -0.00286027859 0.02132811584
v 0.005967460573 -0.009120224975 0.01422080211
v 0.005972609855 0.00743220374 0.02254433185
v 0.005978224333 -0.002945787972 -0.001582600293
v 0.005978226196 0.002543409588 -0.001582601806
v 0.006000995636 0.008863018826 0.0214500688
v 0.006003429182 -0.003155278275 0.006862906273
v 0.00600343151 0.002752898494 0.006862906739
v 0.006030530669 -0.009246974252 0.02153877541
v 0.006030820776 0.00857874006 0.004263070878
v 0.006038389169 -0.008998560719 0.009176674299
v 0.006038451102 0.002770554274 0.006566075142
v 0.006038452033 -0.003172934055 0.006566082127
v 0.006062104832 -0.007895744406 0.003538416
v 0.006062105764 0.007493366022 0.003538415069
v 0.006062318571 0.002180110663 0.02113199048
v 0.006091244984 0.002538868692 0.006861080881
v 0.006097340025 -0.005414718762 0.02000236884
v 0.006097340956 0.005012338981 0.02000236511
v 0.006097868085 -0.006102069747 -0.002169175306
v 0.006097869482 0.005699689966 -0.002169180196
v 0.006123145577 0.008752318099 0.02258627489
v 0.006123823114 -0.009154304862 0.02258644253
v 0.006125220098 0.001983162249 0.02099294402
v 0.006125827786 -0.002381173195 0.02099153213
v 0.006127956323 -0.008922454901 0.004486671649
v 0.006131353788 -0.008645668626 0.0003586414387
v 0.006131355185 0.008243288845 0.0003586393141
v 0.006144251209 -0.007043094374 0.0206231717
v 0.006144253071 0.006640713662 0.02062316984
v 0.006146016065 0.005733052269 -0.00180609629
v 0.006146017462 -0.006135430653 -0.001806093031
v 0.006146259606 0.002606449416 -0.001285276376
v 0.006146261469 -0.003008829197 -0.001285275328
v 0.006152714137 0.002821938135 0.006294142921
v 0.006152715068 -0.003224316286 0.006294143386
v 0.006154200062 -0.006154542323 -0.002528807381
v 0.006154202856 0.005752163939 -0.002528810175
v 0.006156980991 0.001760868239 -0.002329136245
v 0.006156982388 -0.002163249534 -0.00232913834
v 0.006168433465 0.004870313685 0.005077131558
v 0.006168433465 -0.005272692535 0.005077124573
v 0.006168936845 -0.003324501216 0.01840125769
v 0.006168936845 0.002922120737 0.01840125583
v 0.006172253285 -0.002168517094 -0.002529187128
v 0.006172255147 0.001766138477 -0.002529184567
v 0.006174554117 0.006536664441 0.00466202246
v 0.006174555514 -0.006939045619 0.004662020598
v 0.006177655421 -0.007640358992 0.02260460518
v 0.006177987438 0.008507291786 0.001020116848
v 0.006194189191 -0.008899064735 0.001022210112
v 0.006194189657 0.008496687748 0.001022207434
v 0.006197650451 0.0016374517 -0.001929270686
v 0.006197651383 -0.002039831132 -0.001929269754
v 0.006198493764 0.00841949787 0.00066806213
v 0.006198495161 -0.00882187672 0.0006680625374
v 0.006212738808 0.002939462196 0.01868596859
v 0.006212739274 -0.003341843374 0.01868596859
v 0.00621651439 -0.004196296912 0.01935114339
v 0.006216514856 0.00379392039 0.01935114712
v 0.006227041595 0.00718882028 0.02262282558
v 0.006238893606 -0.001966924407 0.02069639415
v 0.006238893606 0.001566923689 0.02069639415
v 0.006259369198 0.00845357962 0.001030585263
v 0.006261957344 0.001468907809 0.009500001557
v 0.006262107752 0.001468257629 0.02062564157
v 0.006263232324 -0.002054614248 -0.001588542713
v 0.00626323279 0.001652236562 -0.001588544692
v 0.006277888082 0.008658721112 0.02264311351
v 0.0062783584 -0.009060814977 0.02264325134
v 0.006292133126 0.005847732071 -0.001488672802
v 0.006292133126 -0.006250111386 -0.00148866931
v 0.00630067056 -0.008828273043 0.001035879133
v 0.006303455215 0.008686762303 0.01940814406
v 0.006319916807 0.006462861784 0.02061950974
v 0.006328589749 0.002990041161 0.01894539408
v 0.006328591146 -0.003392421408 0.01894539222
v 0.006331736222 0.00253886776 0.01839786209
v 0.006338124163 -0.002200940857 0.006855928805
v 0.006338124163 0.001798561541 0.00685593253
v 0.006340939086 -0.004134124145 0.005440901499
v 0.006340939552 0.003731744597 0.005440896843
v 0.006352545228 0.0007884961087 -0.002333210781
v 0.006352546159 -0.001190872397 -0.002333213575
v 0.006355192047 -0.007218447048 0.02079946548
v 0.006359054241 -0.001364436466 0.006649671122
v 0.006362565327 -0.009057330899 0.01959485747
v 0.006366746034 -0.001314388588 0.009500002488
v 0.006366748363 -0.001314392663 0.00899999775
v 0.006368344184 -0.001193530741 -0.002533272607
v 0.006368346047 0.0007911517168 -0.002533273771
v 0.00636904221 0.0007252258365 -0.001932840678
v 0.006369042676 -0.00112760521 -0.001932842424
v 0.006369661074 -0.008781370707 0.001044681296
v 0.006375145167 0.001810512505 0.006559057627
v 0.006375147495 -0.002212893683 0.006559057161
v 0.00637931237 0.0008272751584 0.009000001475
v 0.006379313767 0.0008272746345 0.009500001557
v 0.006380518898 -0.001218509511 0.02015639842
v 0.006384683773 0.0007876731106 0.006649672985
v 0.006410611328 0.0005676385481 0.01997405477
v 0.006413596217 -0.007396647707 0.02270538732
v 0.006418118253 -0.0002011910983 -0.002334578661
v 0.006421579979 -0.001870095381 0.006854190957
v 0.00642646756 -0.0002011906035 -0.001934039057
v 0.00642903056 -0.0007604775019 0.009499997832
v 0.006429079454 -0.0007597915828 0.01982266642
v 0.006432112306 -0.0007162480615 0.01979195699
v 0.006434092298 -0.0002011895558 -0.002534639556
v 0.006434977055 0.006226873025 0.00121257361
v 0.006434978452 -0.006629251875 0.001212569769
v 0.006436003838 -0.001135053928 -0.001592141925
v 0.006436005235 0.0007326737978 -0.001592147979
v 0.006437814329 -0.002097185468 -0.001291354303
v 0.006437814794 0.001694806502 -0.001291351509
v 0.006445121951 0.00679825712 0.004395385738
v 0.006445122417 -0.007200636435 0.004395379685
v 0.006449986249 -0.0002139873541 0.01942431182
v 0.006449988112 -0.0001860137127 0.01942430995
v 0.006449998822 -0.0001999978704 0.0194141008
v 0.006493889727 -0.0002011902689 -0.001593355439
v 0.006495228969 0.001845296822 0.006287000608
v 0.006495229434 -0.002247672994 0.006287002936
v 0.006503227632 -0.007362391334 0.02105613984
v 0.006516051944 -0.004231468309 0.005218401551
v 0.006516053807 0.003829089459 0.005218399689
v 0.006520757917 0.008541155607 0.02188750915
v 0.006522239652 0.006654004566 0.02079598792
v 0.006525174249 0.008447637782 0.01564900577
v 0.006541406736 -0.001210239367 0.006851697341
v 0.006541407201 0.0008078589453 0.006851693615
v 0.006544742268 -0.002319599502 0.01839342527
v 0.006544742733 0.001917218789 0.01839342527
v 0.006576762069 -0.003502268111 0.01934363879
v 0.006576763932 0.003099888563 0.01934363693
v 0.006579642184 -0.001216269913 0.00655479636
v 0.006579642184 0.0008138904232 0.00655479636
v 0.006584000774 -0.008897257969 0.02202819288
v 0.006584644318 -0.007437953725 0.02136633359
v 0.006588614546 0.0003592848079 0.006850709673
v 0.0065906276 0.001928981976 0.01867809519
v 0.006590628065 -0.002331359312 0.01867809333
v 0.006591666024 -0.007438168861 0.02169597149
v 0.006598361302 -0.007353849243 0.003988227807
v 0.006598361768 0.006951473653 0.003988225944
v 0.006601676811 -0.007366096135 0.00352716865
v 0.006601677742 0.006963717286 0.003527167719
v 0.006604519673 0.008273151703 0.01000823267
v 0.006607167888 -0.006769894622 0.001658981317
v 0.00660716882 0.006367515307 0.001658976311
v 0.00660958048 -0.0002011907491 0.006850274745
v 0.006614552811 -0.001156503684 -0.001295033842
v 0.006614552811 0.000754123088 -0.001295034075
v 0.006618810352 -0.008804414421 0.01601075381
v 0.006648225244 -0.0002011903125 0.00655336678
v 0.006655110046 0.00817747321 0.004408764187
v 0.006662070286 -0.001870098175 0.01839097962
v 0.006670103408 -0.003453660291 0.005434034858
v 0.006670103408 0.00305128051 0.005434034858
v 0.006673698314 0.006794623099 0.02105258591
v 0.006673768163 -0.0002011907636 -0.001296266448
v 0.006682845298 0.002857648768 0.01934142411
v 0.006682846695 -0.003260030411 0.01934142224
v 0.006686635781 0.00668130815 0.02287209034
v 0.006687110756 0.005463012494 0.02044800483
v 0.006687111221 -0.005865389016 0.0204480011
v 0.00670326408 -0.001233821502 0.006282663904
v 0.00670326408 0.0008314411971 0.006282660645
v 0.00671256613 0.001963285962 0.0189373903
v 0.006712567061 -0.002365664113 0.01893738844
v 0.00671981601 -0.008221079595 0.0004412341805
v 0.006719816942 0.007818701677 0.0004412275448
v 0.006725221407 -0.004485316109 0.01998927817
v 0.006725222338 0.004082938191 0.01998927817
v 0.006725901272 0.004839629401 -0.002182268538
v 0.006725901738 -0.005242010113 -0.002182272263
v 0.006732489914 0.008357768878 0.02290640213
v 0.006732867099 -0.008759886026 0.02290659212
v 0.006740343291 -0.008598250337 0.01053156145
v 0.006741520949 -0.004355300684 0.005065183155
v 0.00674152188 0.003952922765 0.00506518269
v 0.006756920367 0.00686843181 0.02136274055
v 0.006763932761 0.00686865719 0.02169238031
v 0.006771849468 -0.003205080517 0.005431914702
v 0.0067718504 0.002802699339 0.005431913305
v 0.006773029454 -0.0002011878969 0.006281211507
v 0.006773344241 0.0008689670358 0.01838866062
v 0.006773345638 -0.001271344721 0.0183886569
v 0.006777599454 -0.005270506255 -0.001819257508
v 0.006777600851 0.00486812694 -0.001819261932
v 0.006787816994 -0.005286832806 -0.002542015864
v 0.006787818857 0.00488445349 -0.002542016096
v 0.006789335981 0.008075363934 0.00109731697
v 0.006805407815 -0.008476787247 0.004856051877
v 0.006820502691 -0.001277286676 0.01867329888
v 0.006820503622 0.0008749056142 0.01867330261
v 0.006829103921 0.0003592857684 0.01838749647
v 0.006841965485 -0.006888497621 0.02299706824
v 0.00685007032 -0.0002011897741 0.01838706248
v 0.006861689035 0.008338114247 0.01986522414
v 0.006878666114 0.008252255619 0.02303069644
v 0.006878794637 -0.008654526435 0.02303069644
v 0.006880746223 0.006435174029 0.02303262986
v 0.006892662961 -0.006821734365 0.02304382622
v 0.006897652987 -0.0002011889883 0.01867169514
v 0.006935920566 0.004966093227 -0.001502092229
v 0.006935922895 -0.005368473474 -0.001502091414
v 0.006942972075 0.006479303353 0.02252734452
v 0.006946142297 0.0008922363631 0.01893252321
v 0.006946143229 -0.001294615795 0.01893252134
v 0.006956141442 -0.008676002733 0.02014452405
v 0.006957627367 0.002877052408 0.005209198687
v 0.006957628764 -0.003279429628 0.005209193099
v 0.006960627623 -0.008344268426 0.001118334476
v 0.007000620011 -0.005908900406 0.001200783532
v 0.007000620477 0.005506522488 0.001200783765
v 0.007021861151 -0.002270494821 0.01933435723
v 0.007021862548 0.001868117484 0.01933435909
v 0.00702308258 -0.006642325316 0.02318068966
v 0.007024534978 -0.0002011896431 0.01893088967
v 0.007032504305 -0.006973506417 0.02168677747
v 0.007034726907 0.006576443557 0.02168673277
v 0.007039107848 0.007878774777 0.001127870288
v 0.007084465586 -0.002229829086 0.005425397307
v 0.007084467448 0.001827447442 0.005425397307
v 0.007088105194 0.008145570755 0.02196628042
v 0.007128272206 -0.008207899518 0.001138631138
v 0.007131224032 0.008061149158 0.01581955329
v 0.007143820636 -0.005702394061 0.001197797479
v 0.00714382343 0.00530001428 0.001197793288
v 0.00718469359 0.006000138819 0.02339476906
v 0.007188393734 -0.008462950587 0.02216840535
v 0.007196663413 0.002971631708 0.005055696703
v 0.007196663879 -0.00337400916 0.005055695772
v 0.007201398257 -0.008406224661 0.02342054062
v 0.007201408967 0.00800384488 0.02342075668
v 0.007203870919 -0.005650709383 0.004640563857
v 0.007203872316 0.005248330999 0.00464056991
v 0.007215570193 0.0009298757068 0.01933032088
v 0.007215570658 -0.001332252752 0.01933031902
v 0.00722159259 0.007843418047 0.009387667291
v 0.007225286216 -0.003481313819 0.01997885667
v 0.007225286681 0.003078937763 0.01997885667
v 0.007227663416 0.0008425514097 0.01933006756
v 0.007227663882 -0.0012449309 0.0193300657
v 0.007230212912 0.007980690338 0.02346768044
v 0.007230326999 -0.008382991888 0.02346766181
v 0.007248872425 -0.007779527921 0.0005136273685
v 0.007248874288 0.007377147209 0.0005136268446
v 0.007251399569 -0.004315708764 -0.002193222288
v 0.007251399569 0.003913328983 -0.002193220658
v 0.007265498396 -0.008382613771 0.01637509279
v 0.007273979951 -0.001223369036 0.005421450827
v 0.007273981348 0.000820990128 0.005421447102
v 0.007277983241 0.001877660863 0.005202515051
v 0.007277984172 -0.002280039247 0.005202515516
v 0.007278873585 0.007696657907 0.003272112692
v 0.007288715336 0.007935666479 0.02340615541
v 0.007295236457 0.005822477862 0.02358580008
v 0.007296580821 -0.006222648546 0.02358827554
v 0.007296665106 -0.0002011915494 0.01932862587
v 0.00730133988 -0.005665016361 0.02059905045
v 0.007306067739 0.003936590161 -0.001830275869
v 0.007306069136 -0.004338969011 -0.001830273774
v 0.007317988202 -0.004352295306 -0.002553070197
v 0.007317989133 0.00394991599 -0.002553070197
v 0.007328965236 -0.006168013439 0.02365544066
v 0.007331520785 -0.005822759587 0.001643880038
v 0.007331521716 0.005420380738 0.00164388062
v 0.007337477524 -0.000201189323 0.005420122296
v 0.007344258949 0.007535364479 0.0008178117569
v 0.007344260812 -0.00793774426 0.0008178073913
v 0.007345782593 0.00761964405 0.001164547284
v 0.007358418312 -0.008010902442 0.001166036353
v 0.007358418778 0.007608522661 0.001166038564
v 0.007369267754 0.004453269765 0.02043378167
v 0.007369270548 -0.00485564908 0.02043377794
v 0.007404908538 -0.008240855299 0.02369376458
v 0.007414672058 -0.008119617589 0.01017289236
v 0.007422317751 0.007823737338 0.02389982715
v 0.007422391791 -0.008225978352 0.02389969118
v 0.007432338782 0.005068029277 0.02059632167
v 0.007447433192 0.005551914684 0.02398817055
v 0.007448488381 0.007897634991 0.01961306855
v 0.007449585013 0.007801422849 0.02399660088
v 0.007449665107 -0.008203689009 0.02399644256
v 0.007462843787 -0.00592402555 0.02405146137
v 0.007472188212 0.0008462927071 0.005198470782
v 0.007472188678 -0.001248671091 0.005198473111
v 0.007474604063 0.004016553052 -0.00151331618
v 0.007474604994 -0.004418933764 -0.001513320487
v 0.007478979882 -0.007936658338 0.003873839974
v 0.007508051116 0.005420131609 0.02437247336
v 0.007511082571 0.007755018771 0.02444876917
v 0.007511097938 0.00540717179 0.02444877476
v 0.007511184085 -0.005809432827 0.02444877289
v 0.007511198521 -0.008157374337 0.02444877289
v 0.00751440227 0.005459903274 0.00437309593
v 0.007514402736 -0.005862284452 0.004373091273
v 0.007521824911 0.005360631272 0.02496322617
v 0.007526860107 -0.002343911212 0.005048813764
v 0.007526861969 0.001941533526 0.005048811901
v 0.007530095056 -0.005820401944 0.02077497542
v 0.007536739577 -0.005737124942 0.02567471191
v 0.007537258323 -0.0002011899342 0.005197116174
v 0.007547417656 0.005339371506 0.02619110048
v 0.007547501475 -0.005741630681 0.02619109675
v 0.007548992056 0.007783744484 0.02626738325
v 0.007549108937 -0.008186020888 0.02626736648
v 0.007553013973 0.00776355993 0.02646035887
v 0.007554586045 -0.008145771921 0.02652998827
v 0.0075580962 0.007659787312 0.02670406364
v 0.007558805868 -0.005272245035 0.02059368603
v 0.00755975116 -0.008009457029 0.02677788958
v 0.007562534884 0.007469974924 0.0269170031
v 0.007562650833 -0.007872254588 0.02691698261
v 0.007563446648 0.0041030352 0.02695943415
v 0.007567914668 -0.00782106258 0.001190512674
v 0.007574701216 -0.003442917252 0.02749669366
v 0.007575661875 0.002930384129 0.02754513547
v 0.00757952733 -0.008191326633 0.02001949772
v 0.007579748519 0.00775731029 0.02626302093
v 0.007581472863 0.006317742635 0.02782499045
v 0.00758156972 -0.006720015313 0.02782498673
v 0.007582223974 0.002106197877 0.0278596282
v 0.007587828208 -0.001473987242 0.02812716737
v 0.007588756736 0.0007998566143 0.02817255259
v 0.007588800509 -0.001192742493 0.02817392536
v 0.007588830311 -0.002420196077 0.01997127384
v 0.007588830777 0.002017816529 0.01997127198
v 0.007589915302 0.0002999871795 0.0282279551
v 0.007597440388 0.005240477622 0.0285906624
v 0.007597523276 -0.005642741453 0.02859065682
v 0.007598536089 -0.005564430263 0.02863939106
v 0.007601893507 0.004781797528 0.02880413644
v 0.007602388971 -0.005116568878 0.02882450446
v 0.007603916805 -0.004785381723 0.02889770456
v 0.007604501676 0.004136055242 0.02892906964
v 0.007604897488 0.003714310471 0.02894779295
v 0.007604953367 -0.004116571508 0.02894779108
v 0.007616353221 -0.008081447333 0.02281976305
v 0.007664896548 -0.008085244335 0.02625107579
v 0.007665812038 0.005218553357 0.02077214792
v 0.007667459082 -0.003335339949 -0.002201894531
v 0.007667459548 0.002932959702 -0.002201897092
v 0.007677037269 -0.004866833799 0.00463070441
v 0.0076770382 0.004464457743 0.004630703945
v 0.007687502075 0.00766351074 0.02168717235
v 0.007691048551 -0.005986202508 0.003965445794
v 0.007691050414 0.00558382133 0.003965444863
v 0.007696013898 0.004641983658 0.02059082314
v 0.00769601576 -0.005044362508 0.02059082687
v 0.007696233224 0.00559372548 0.003504350781
v 0.007696235087 -0.005996107589 0.003504348686
v 0.007702230942 -0.005935658235 0.02103114314
v 0.007724478841 0.002950680675 -0.001838999917
v 0.007724481169 -0.003353059758 -0.001839002129
v 0.007727033924 -0.001280855737 0.005044638179
v 0.007727034856 0.0008784767124 0.005044635851
v 0.007736020721 0.007619226351 0.02624124661
v 0.007737747859 -0.003363210708 -0.00256181648
v 0.007737748325 0.002960830927 -0.002561820205
v 0.0077379141 0.004295705352 0.001185409143
v 0.007737915497 -0.004698085599 0.001185409841
v 0.007750465535 0.007566477172 0.01464146096
v 0.007794102654 -0.0002011899633 0.005043242592
v 0.007795894518 -0.005417098291 0.02076943405
v 0.007796289399 -0.005996195134 0.0213410724
v 0.007800073363 0.007323832251 0.007143290248
v 0.007802064996 0.007558898535 0.02623225003
v 0.007803361863 -0.005996325519 0.02167071402
v 0.007805720903 0.007428240031 0.01099902205
v 0.007809520233 0.00091805798 0.01996667497
v 0.007809520699 -0.001320439274 0.01996667311
v 0.007818638347 0.007543569431 0.026230013
v 0.007824470289 -0.007928407751 0.02197576873
v 0.007840729319 0.005329723936 0.02102825977
v 0.007841545157 -0.005262478255 0.02544110827
v 0.007856160402 0.007508579176 0.02622497827
v 0.007856589742 0.00486207474 0.02618442662
v 0.007857589051 -0.005262813997 0.02618440241
v 0.007857733406 0.004146714229 0.02884881198
v 0.007857795805 -0.00454897387 0.02884881385
v 0.007861933671 -0.007845334709 0.02449985221
v 0.00786969997 0.004896305501 0.02410641126
v 0.007876293734 0.007459312677 0.02548762225
v 0.007883512415 -0.000201190298 0.0199651327
v 0.007885054685 0.007454470731 0.02557585575
v 0.007886588573 0.007108832244 0.001226811437
v 0.00790055003 -0.005320550408 0.02367789112
v 0.007901100442 0.003011589171 -0.00152221194
v 0.007901101373 -0.003413969185 -0.001522213337
v 0.007908826694 0.00740215648 0.02302971296
v 0.007912561297 0.00336247962 0.02042246051
v 0.007912562229 -0.003764857538 0.02042246051
v 0.007913919166 0.007430569269 0.02566191368
v 0.007919467054 0.00480792392 0.02076685615
v 0.007923567668 0.00297806412 0.02894115448
v 0.007923608646 -0.00338032702 0.02894115075
v 0.007932006381 -0.007834958844 0.01545230392
v 0.007936262526 0.005388093647 0.02133815736
v 0.007938612252 -0.004796474241 0.001631227904
v 0.007938612252 0.004394095857 0.00163122674
v 0.007943318225 0.005388245918 0.02166779526
v 0.007953568362 -0.007818209007 0.02621213719
v 0.007968611084 0.001911409316 -0.002208176069
v 0.007968612015 -0.002313789446 -0.002208175836
v 0.007973483764 -0.005524079781 0.02102549188
v 0.007978270762 0.007014571689 0.001237030141
v 0.008002525195 0.003805543063 0.004623916
v 0.008002526127 -0.004207923543 0.004623915534
v 0.008005190641 -0.007750996388 0.02580578625
v 0.008026313037 0.00727526471 0.02373469621
v 0.008026905358 0.005011942238 0.02250475436
v 0.008027335629 -0.002325730631 -0.001845310093
v 0.00802733656 0.001923350152 -0.001845313702
v 0.008027797565 -0.007745623123 0.02620258182
v 0.008033630438 -0.007665108424 0.01199282333
v 0.008041580208 -0.002332575852 -0.002568153199
v 0.008041580208 0.001930192695 -0.002568153897
v 0.008043505251 -0.00773063628 0.02619756572
v 0.008044298738 -0.007729248144 0.02620048448
v 0.008048092015 -0.007531958167 0.008117035963
v 0.008057071827 0.007244739681 0.02393390797
v 0.008062130772 -0.007644956931 0.02334955893
v 0.008064853959 0.00723720761 0.02398560569
v 0.008065051399 -0.007708546706 0.02619786374
v 0.008068764582 0.007346232422 0.01848624647
v 0.008070400916 -0.005580280907 0.0213353578
v 0.00807748735 -0.005580389407 0.0216649957
v 0.008084661327 -0.00768885063 0.02619540133
v 0.008090474643 0.007211588323 0.02403736115
v 0.008090651594 -0.007298050914 0.001249422319
v 0.008099588566 0.004910667893 0.02102285996
v 0.008131337352 -0.007269984111 0.001712859259
v 0.008132540621 0.005086653866 0.0216638539
v 0.00813454017 -0.005487894639 0.02166380733
v 0.008143861778 -0.0072404081 0.00125523482
v 0.008150899783 -0.001264473191 -0.002211972605
v 0.008150899783 0.0008620974841 -0.002211972605
v 0.008156307042 0.004306231625 0.02857900597
v 0.008156372234 -0.004708491731 0.02857900597
v 0.008191575296 -0.007510281634 0.0241545029
v 0.008197847754 0.004964623135 0.02133270353
v 0.008204919286 0.004964752588 0.02166234516
v 0.008208889514 -0.003630457679 0.001175592653
v 0.008208891377 0.003228076966 0.00117559277
v 0.00820980873 0.001964408671 -0.001528642839
v 0.008209809661 -0.002366787521 -0.001528645516
v 0.008210655302 -0.001270485809 -0.001849131426
v 0.008210655302 0.0008681073086 -0.00184913259
v 0.008211930282 -0.0002011888282 -0.002213245723
v 0.008225489408 -0.001273928792 -0.00257198466
v 0.008225489408 0.0008715511649 -0.002571984427
v 0.008225704543 -0.007478268351 0.02439098991
v 0.008234995417 0.006361307576 0.0006431997754
v 0.008234996349 -0.00676368596 0.0006431977963
v 0.008235314861 -0.007583170664 0.01911863498
v 0.008243046701 -0.007462583017 0.02451602183
v 0.008246649988 0.001944615273 0.02893441543
v 0.008246676996 -0.002346878173 0.02893441916
v 0.008252669126 -0.007453875151 0.02458028682
v 0.008253725246 0.007146939635 0.01560764294
v 0.008272031322 -0.0002011913311 -0.001850412344
v 0.008281084709 -0.007484465372 0.02617166378
v 0.008287061937 -0.0002011884644 -0.00257326779
v 0.008307529613 -0.002612011274 0.02041422576
v 0.008307529613 0.002209635684 0.02041422576
v 0.008308091201 0.007073709276 0.02085744776
v 0.008316508494 0.003128390294 0.0288392473
v 0.008316552266 -0.003530652728 0.0288392473
v 0.008339336142 0.007018858567 0.02616496943
v 0.008344061673 -0.004363479558 0.004355796613
v 0.008344062604 0.003961101174 0.004355801735
v 0.008344163187 0.006820025854 0.007460929919
v 0.008352012374 0.006680079736 0.003726804396
v 0.008352377452 0.006965101697 0.01175369602
v 0.008355003782 -0.006899330765 0.0009406917379
v 0.008355005644 0.006496950518 0.0009406929021
v 0.008355522528 -0.003675553482 0.02057707496
v 0.008384214714 0.006566140335 0.001281016273
v 0.00838703569 -0.00696520973 0.001281312667
v 0.00838703569 0.006562829018 0.001281312434
v 0.008396672085 -0.001291151275 -0.001532536931
v 0.008396672085 0.0008887707954 -0.001532538794
v 0.008418915793 0.006920115091 0.0216630213
v 0.008419893682 -0.003705488984 0.001621196046
v 0.008419893682 0.003303110134 0.001621196279
v 0.008420115337 -0.007269593887 0.02463370375
v 0.008434000425 -0.007241031155 0.02331607789
v 0.008434616029 0.003061836818 0.02057543024
v 0.008442414925 0.0008796751499 0.02893033251
v 0.008442429826 -0.001281934557 0.0289303381
v 0.008442658 -0.00723029254 0.02335848473
v 0.008446300402 0.006880629342 0.02183888294
v 0.008447681554 -0.007368903607 0.01651348732
v 0.00845923461 -0.000201189876 -0.001533842413
v 0.008474196307 0.006844188087 0.0219218675
v 0.008477397263 -0.007269739639 0.02130472288
v 0.008493139409 0.006770258769 0.02412860282
v 0.008507997729 -0.000201130184 0.02892896906
v 0.008519744501 0.006880629342 0.01890247315
v 0.008524861187 -0.006860148627 0.02679387853
v 0.008525300771 0.006457228214 0.02679383196
v 0.008538868278 -0.004454589449 0.003947775811
v 0.008538870141 0.004052213859 0.003947773017
v 0.008543764241 -0.006377837621 0.0006820536219
v 0.008543764241 0.005975461565 0.0006820555427
v 0.008545504883 0.004059494007 0.00348665053
v 0.008545505814 -0.004461872857 0.003486648668
v 0.008547294885 0.00101480959 0.02040922455
v 0.008547296748 -0.001417188323 0.02040922455
v 0.008547878824 -0.002651575254 0.004612547345
v 0.008547878824 0.002249192912 0.004612548277
v 0.008550120518 -0.002514550695 0.001168483403
v 0.008550121449 0.002112171147 0.001168476767
v 0.008592763916 -0.007097601425 0.02205695957
v 0.008606267162 -0.007152472157 0.01292035077
v 0.008616203442 -0.003775233403 0.02075233683
v 0.008618747815 -0.003670947161 0.02542490326
v 0.008621674962 -0.007053654175 0.02222467028
v 0.008627684787 -0.0002011904871 0.0204075519
v 0.008631459437 0.006727627944 0.02007463388
v 0.008631910197 0.003250550944 0.0285690967
v 0.008631956764 -0.003652805462 0.0285690967
v 0.008633646183 -0.006969534792 0.008651865646
v 0.008634386584 0.003269989276 0.02616820857
v 0.008634688333 -0.006797314622 0.004691692069
v 0.008634837344 -0.003671171144 0.02616820112
v 0.008636162616 -0.007031598594 0.02230639569
v 0.008644112386 -0.007019680459 0.02234674804
v 0.008646416478 -0.006983458064 0.02648011781
v 0.008646870032 0.006580515299 0.02648007311
v 0.008652752265 0.00329345814 0.0240900889
v 0.008654865436 0.002046078211 0.02883219346
v 0.00865489617 -0.002448335057 0.02883219533
v 0.008658672683 0.006687330082 0.02032632008
v 0.008671987802 -0.007018169388 0.02630541474
v 0.00867231749 -0.002709758468 0.02057047561
v 0.008672319353 0.00230737892 0.02057047002
v 0.008672449738 0.006615219638 0.02630537003
v 0.00867275428 -0.007032969501 0.02613042668
v 0.008672951721 -0.006614136975 0.001310891472
v 0.008673215285 0.006630012766 0.02613038383
v 0.008685296401 0.006651094183 0.02044216357
v 0.008686669171 -0.003710757708 0.02366150729
v 0.008692729287 0.003153410275 0.02075074054
v 0.008702498861 -0.007059034426 0.01959076338
v 0.008735725656 0.006182849873 0.02677569911
v 0.008735816926 -0.006585109048 0.02677568793
v 0.008743140846 0.006653780583 0.01586978883
v 0.008756798692 -0.001366069191 0.00116417266
v 0.008756799623 0.0009636904579 0.001164171146
v 0.008768589236 0.002162788063 0.001613926259
v 0.008768590167 -0.002565164585 0.001613920205
v 0.008777224459 -0.006846621167 0.02237615362
v 0.008800202981 0.006435446907 0.02196220867
v 0.00880284328 0.003431136254 0.003481286345
v 0.008802846074 -0.003833514405 0.003481280524
v 0.00881062448 -0.003848531749 0.02100804076
v 0.00881511718 -0.00688238116 0.02065936662
v 0.008824474178 0.0006233956083 0.004606784321
v 0.008824476041 -0.001025774633 0.004606785253
v 0.008826018311 -0.000201189876 0.001162726549
v 0.008827720769 0.003372732783 0.02248805575
v 0.008841974661 -0.001966364915 0.02056693844
v 0.00884273462 -0.006836388726 0.0208887849
v 0.008849898353 0.006246675737 0.006983696949
v 0.008850519545 0.005976465996 0.001328590559
v 0.008856478147 -0.006813173182 0.02099863812
v 0.008859232999 -0.0002011881879 0.004606060218
v 0.008859887719 0.0009307826404 0.02882792428
v 0.008859903552 -0.00133303483 0.02882791869
v 0.008863971569 -0.006800677162 0.02105223946
v 0.00886973273 0.006500974763 0.01751035638
v 0.008870542049 0.006434022449 0.0116846757
v 0.008883218281 0.001326817204 0.0205660779
v 0.008888715878 0.003222214291 0.02100641467
v 0.008897524327 0.006461429875 0.01787681878
v 0.008904295973 0.006451442838 0.01796570793
v 0.008910587057 -0.00274670613 0.004343990237
v 0.008910589851 0.002344328212 0.004343988374
v 0.008916357532 -0.003887068015 0.021317726
v 0.008923457935 0.006426401436 0.01804576628
v 0.008923493326 -0.003887100611 0.0216473639
v 0.008928571828 -0.0002011259785 0.02882648632
v 0.008941693231 0.003422414185 0.02164698578
v 0.008947028778 -0.003825663356 0.0216468703
v 0.008951059543 -0.006814866327 0.01689954288
v 0.008979792707 0.0009891776135 0.00160951796
v 0.008979793638 -0.001391559141 0.001609518658
v 0.008982682601 0.002128528897 0.02856178582
v 0.008982714266 -0.002530781087 0.02856178582
v 0.008986710571 -0.006633675192 0.02107326873
v 0.00898872409 0.00625992706 0.0204567574
v 0.008995282464 0.003258373821 0.02131608129
v 0.009002409875 0.003258418525 0.02164571919
v 0.009005452506 -0.0002011904871 0.0205635298
v 0.009050523862 -0.0002011903998 0.001608049148
v 0.009067791514 -0.00561645627 0.000745551195
v 0.009067792445 0.005214076024 0.0007455525338
v 0.009067794308 -0.006637602579 0.01842377707
v 0.009068164974 0.005666951183 0.001349502476
v 0.009081016295 0.006252954714 0.01369053498
v 0.009094758891 -0.006591226906 0.01875871979
v 0.009095550515 -0.001965118572 0.02541496605
v 0.00910799019 -0.006567744538 0.01891964115
v 0.009108423255 0.006032086443 0.008848146535
v 0.009111557156 0.001563485828 0.02615826391
v 0.009111673571 -0.001965234987 0.02615825832
v 0.009115154855 -0.006555131171 0.01899816841
v 0.009115793742 -0.002016928513 0.02074192092
v 0.009117796086 0.00240004994 0.003935709596
v 0.009117797948 -0.002802429954 0.003935704473
v 0.009120849892 0.005588100757 0.00135442079
v 0.00912500266 0.006208723877 0.01416051202
v 0.00912542548 -0.002806882374 0.003474557074
v 0.00912542548 0.002404500032 0.003474557772
v 0.009129867889 0.00576835731 0.004662027117
v 0.009133150801 0.001575414208 0.02408007346
v 0.009133905172 0.005568304099 0.001355633256
v 0.009135434404 0.006197717041 0.01427574456
v 0.00914452225 0.005753427744 0.004750195891
v 0.009152685292 -0.006556732114 0.01303865574
v 0.009153950959 0.005537707359 0.001357484492
v 0.009156434797 0.001370328013 0.02074107341
v 0.009157256223 0.006172716618 0.0143797975
v 0.00916894339 -0.001985359006 0.02365145274
v 0.009172022343 0.005978945643 0.009328355081
v 0.00917481631 0.006089695729 0.01183314994
v 0.009175150655 -0.006324040703 0.008345288225
v 0.0091831889 -0.006252069958 0.02483812347
v 0.009187765419 0.005965702701 0.009448792785
v 0.009188662283 0.006077524275 0.01195636205
v 0.009195226245 0.0009723158437 0.02855735458
v 0.00919524394 -0.001374561805 0.02855735272
v 0.009197922423 0.0006554101128 0.004338000435
v 0.009197923355 -0.001057787449 0.004338001367
v 0.009199621156 0.0009884644533 0.0261564292
v 0.009199641645 -0.001390700112 0.02615642548
v 0.009200400673 0.005799958482 0.02431449294
v 0.009206910618 -0.005726606119 0.001035100315
v 0.009206911549 0.005324226804 0.001035101595
v 0.009213224053 0.006055784412 0.01804465055
v 0.009213474579 0.005939373747 0.009558445774
v 0.009231460281 -0.006395386532 0.01901680231
v 0.009254509583 -0.005782727152 0.001366630429
v 0.009254511446 0.005380350165 0.001366624027
v 0.009256248362 -0.0002011900797 0.02541162074
v 0.009266431443 -0.0002011252509 0.02855586633
v 0.009272198193 -0.0002011916076 0.02615514025
v 0.009284975007 -0.0002011893521 0.02073839121
v 0.009295064025 -0.0002011907636 0.02407669649
v 0.009319018573 0.001615716959 0.02247781679
v 0.009320464917 -0.002054161625 0.02099741064
v 0.009331484325 -0.0002011878096 0.02364806458
v 0.009332301095 -0.006360558327 0.01498592179
v 0.009361940436 0.001402555965 0.0209965501
v 0.009368483908 -0.006311582401 0.0154340677
v 0.009369366802 -0.00556528382 0.02675739303
v 0.009369367734 0.005162904039 0.02675738931
v 0.009383196011 0.001032666652 0.003469183808
v 0.009383196943 -0.00143504492 0.003469182877
v 0.00938551221 -0.006287023891 0.01565235853
v 0.009394346736 -0.00627396768 0.01575959474
v 0.009395164438 0.005545891356 0.02203912288
v 0.009400781244 -0.005903149955 0.0224762056
v 0.009411421604 -0.001076537068 0.003929587081
v 0.009411421604 0.0006741614197 0.003929588944
v 0.009419549257 0.0006756601506 0.003468430368
v 0.009419551119 -0.001078038011 0.003468431532
v 0.009431566112 -0.002073757118 0.02130698785
v 0.009435047396 0.005824372638 0.01437445451
v 0.009438737296 -0.002073748503 0.02163662203
v 0.009440471418 -0.006091241259 0.01035871357
v 0.009441845119 0.001641343115 0.02163655683
v 0.009444318712 -0.002043662593 0.02163650282
v 0.00946264714 -0.005733501632 0.005279912613
v 0.009467222728 0.005608549807 0.009552303702
v 0.009473482147 0.001419512555 0.02130611427
v 0.009480648674 0.001419507316 0.02163575031
v 0.009491293691 -0.006142990198 0.013528293
v 0.009493118152 -0.0002011883334 0.02099381573
v 0.009502891451 -0.006033557002 0.01086265221
v 0.00950327795 -0.006129053421 0.01364693511
v 0.009506259114 -0.006122664548 0.01578159258
v 0.009506565519 -0.005659962539 0.02409298904
v 0.009506573901 0.005257576704 0.02409341931
v 0.009516018443 0.005290003493 0.02259914577
v 0.009516024031 -0.005692388397 0.02259896323
v 0.00951933302 -0.005695034284 0.02249457687
v 0.009522873908 0.005237922538 0.02644344978
v 0.009523485787 -0.005640584975 0.02644139901
v 0.009533269331 -0.006004798692 0.01111338381
v 0.009535677731 0.005303070415 0.0220560059
v 0.009548723698 -0.005989736412 0.0112377964
v 0.009554102086 0.005413138773 0.02048366331
v 0.009561035782 -0.005657408386 0.02626561746
v 0.009561036713 0.005255030002 0.02626561932
v 0.009568865411 -0.005719427485 0.02130255289
v 0.009569576941 -0.00566054415 0.02608911321
v 0.009570154361 0.005257058889 0.02608968318
v 0.009573053569 -0.005718976725 0.00736759929
v 0.009606035426 -0.0002011886245 0.02130335197
v 0.009606651962 0.005326506682 0.02048580348
v 0.00961322058 -0.0002011899196 0.02163298428
v 0.009630857036 -0.005713955499 0.008501770906
v 0.009653852321 -0.005845655687 0.01126331929
v 0.009659051895 -0.005712042563 0.009083813056
v 0.009671653621 -0.005734735169 0.01902107522
v 0.009682061151 -0.005710743368 0.009581182152
v 0.009688530117 -0.005710423924 0.009725694545
v 0.009688531049 0.005308044609 0.009725690819
v 0.009711978026 0.005330796354 0.01804241538
v 0.009735076688 -0.004356258549 0.0008253159467
v 0.009735614993 0.003953907639 0.0008262063493
v 0.009742371738 0.005306296516 0.01105494145
v 0.009742372669 -0.00570867816 0.01105494052
v 0.009771634825 -0.005724844057 0.0163381435
v 0.009771634825 0.00532246381 0.01633821428
v 0.009785453789 -0.005721718073 0.01577647403
v 0.009803168476 0.005312363617 0.01436673105
v 0.009847919457 -0.004093869124 0.0008394996403
v 0.009848463349 0.003691701218 0.0008405106491
v 0.009886492044 -0.004441301338 0.001106002834
v 0.009887172841 0.004038941581 0.001106874086
v 0.009945834056 -0.004487411585 0.001427387586
v 0.009946658276 0.004085000139 0.001428235089
v 0.00995482225 0.00376785011 0.02680768445
v 0.009954854846 -0.004170120694 0.02680769376
v 0.009972463362 -0.004116255324 0.02681043558
v 0.01000873186 0.003599630436 0.02681636252
v 0.01005323697 -0.004421031103 0.02445997298
v 0.01005323883 0.004018651322 0.02445996739
v 0.01008043531 -0.004442187026 0.02310121804
v 0.01008043718 0.004039807711 0.02310121618
v 0.01010485645 0.004016650375 0.02612723224
v 0.01014116779 -0.004152550362 0.02649518661
v 0.01017791312 0.003633757355 0.02650108375
v 0.01019502245 -0.004149931483 0.02614004351
v 0.01019966602 -0.004471018445 0.005517064594
v 0.01019966602 0.004068638198 0.005517065059
v 0.01022888813 -0.003017191542 0.0008921207045
v 0.01022890676 0.002614919562 0.0008921641274
v 0.01023180224 0.003630220424 0.02614590898
v 0.01032571029 -0.004486107733 0.01953138039
v 0.01032571029 0.004083727952 0.01953137666
v 0.01038784441 -0.003077641129 0.001164315268
v 0.01038787235 0.002675399417 0.00116436102
v 0.010391647 -0.002342780586 0.02690109052
v 0.0103944717 0.001922540716 0.02690184675
v 0.0104460977 -0.003075159388 0.02456639521
v 0.01044609863 0.002672782866 0.02456639521
v 0.01045602094 -0.003112924518 0.001475931727
v 0.01045604795 0.002710682806 0.00147598004
v 0.01048391685 0.004062349908 0.01103337947
v 0.01048391778 -0.004464730155 0.01103337482
v 0.01049434394 0.001135365688 0.02692977339
v 0.01049435791 -0.00153760775 0.02692977525
v 0.01049932465 -0.004480569623 0.01606982015
v 0.01049932558 0.004078191239 0.01606982201
v 0.01051739138 -0.003090566257 0.02317067236
v 0.01051739138 0.00268818764 0.02317066677
v 0.01053876895 0.001221542596 0.00094365736
v 0.0105392877 -0.001623837161 0.0009444990428
v 0.01055246033 -0.001533479546 0.0009469849756
v 0.01055835746 -0.0002011869947 0.02694937028
v 0.01056248043 -0.002355136443 0.02658605762
v 0.0105653014 0.001934741857 0.02658682689
v 0.01061406825 -0.002347001107 0.02623128146
v 0.01061685663 0.001926628291 0.02623205632
v 0.01064720005 -0.000201189192 0.0009659600328
v 0.01068504527 0.001254018513 0.02462956123
v 0.0106850462 -0.001656398526 0.02462955937
v 0.01070242468 0.001254661474 0.001209351816
v 0.01070307754 -0.001656918786 0.001210179646
v 0.01072835643 -0.000201190036 0.02663493901
v 0.01075478457 0.002703633392 0.005483665038
v 0.0107547855 -0.003106014105 0.005483662244
v 0.01077710371 0.001275337068 0.001513438416
v 0.01077790558 -0.001677541295 0.001514229574
v 0.01077821385 -0.0002011882461 0.02628099732
v 0.01079542842 0.001262112521 0.02320919745
v 0.01079542935 -0.001664492534 0.02320919745
v 0.01081273612 -0.000201187373 0.001229036367
v 0.01082886197 -0.0002011882461 0.02374957502
v 0.01087338943 0.002719848184 0.01953350753
v 0.01087339036 -0.003122228896 0.01953350939
v 0.01089024078 -0.0002011903562 0.001530035632
v 0.01106519252 -0.00310684694 0.01101250667
v 0.01106519438 0.00270446646 0.01101250667
v 0.01107760333 -0.003119681729 0.0160556566
v 0.01107760519 0.002717303578 0.01605565287
v 0.0111110732 -0.001671081176 0.005460549612
v 0.01111107506 0.001268703258 0.00546055194
v 0.01124050468 0.001278655138 0.01953266934
v 0.01124050561 -0.001681037713 0.01953266747
v 0.01125322375 -0.000201189192 0.02068052255
v 0.01137454435 -0.0002011902252 0.01953174919
v 0.01141663361 -0.0002011905453 0.01905811392
v 0.01144452021 0.001270628418 0.01099675335
v 0.01144452114 -0.001673007733 0.01099675428
v 0.0114620449 -0.001680106274 0.0160451103
v 0.0114620449 0.001277728705 0.01604510657
v 0.01147164404 -0.0002011892357 0.008828649297
v 0.01158022322 -0.0002011876059 0.0109905228
v 0.01163516007 -0.0002011873585 0.01479995344
f 1052 1053 887
f 887 1053 731
f 887 731 710
f 710 731 698
f 698 731 537
f 537 731 450
f 537 450 452
f 452 450 385
f 385 450 268
f 385 268 267
f 1264 1204 1879
f 760 731 929
f 929 731 1053
f 929 1053 1078
f 1078 1053 1413
f 1078 1413 1204
f 1204 1413 1663
f 1204 1663 1879
f 1639 1203 1810
f 1810 1203 1264
f 1810 1264 1881
f 1881 1264 1879
f 79 131 210
f 95 563 181
f 181 563 602
f 289 274 602
f 602 274 205
f 602 205 181
f 131 79 87
f 87 79 65
f 87 65 67
f 95 79 563
f 563 79 210
f 563 210 609
f 609 210 268
f 609 268 760
f 760 268 450
f 760 450 731
f 1410 1084 1465
f 1465 1084 1203
f 1465 1203 1631
f 1631 1203 1639
f 486 447 763
f 763 447 418
f 763 418 602
f 602 418 410
f 602 410 289
f 990 987 910
f 910 987 756
f 910 756 763
f 763 756 505
f 763 505 486
f 1410 1400 1084
f 1084 1400 1288
f 1084 1288 910
f 910 1288 1040
f 910 1040 990
f 994 1024 668
f 994 668 978
f 901 978 668
f 853 901 668
f 721 801 668
f 721 668 627
f 551 627 668
f 498 551 668
f 460 498 668
f 446 460 668
f 438 446 668
f 429 438 668
f 424 429 668
f 430 424 668
f 437 430 668
f 445 437 668
f 459 445 668
f 497 459 668
f 552 497 668
f 626 552 668
f 722 626 668
f 800 722 668
f 852 800 668
f 900 852 668
f 977 900 668
f 993 977 668
f 1023 993 668
f 1030 1023 668
f 1024 1030 668
f 194 112 96
f 1742 1775 1875
f 1742 1627 1655
f 1406 1432 1461
f 32 41 58
f 418 432 388
f 432 418 447
f 1465 1431 1410
f 1875 1775 1877
f 1833 1776 1810
f 1877 1775 1878
f 1878 1775 1832
f 1878 1832 1873
f 1873 1832 1857
f 1873 1857 1872
f 1872 1857 1833
f 1872 1833 1882
f 1882 1833 1810
f 1882 1810 1881
f 1654 1631 1639
f 1431 1465 1479
f 1288 1400 1234
f 1234 1152 1288
f 1288 1152 1021
f 1288 1021 1040
f 987 990 853
f 551 505 627
f 627 505 756
f 627 756 721
f 721 756 987
f 721 987 801
f 801 987 853
f 801 853 668
f 193 205 274
f 205 193 181
f 181 193 113
f 181 113 95
f 52 29 32
f 59 42 33
f 64 42 78
f 78 42 59
f 78 59 94
f 273 206 194
f 194 206 180
f 194 180 112
f 112 180 94
f 112 94 96
f 96 94 59
f 96 59 52
f 52 59 33
f 52 33 29
f 448 417 431
f 431 417 409
f 986 1022 1196
f 1196 1022 1151
f 1196 1151 1251
f 1461 1432 1488
f 1488 1432 1480
f 1488 1480 1627
f 82 152 164
f 165 152 97
f 97 152 82
f 97 82 58
f 193 165 113
f 113 165 97
f 113 97 95
f 95 97 58
f 95 58 79
f 79 58 41
f 79 41 65
f 1742 1655 1775
f 1775 1655 1719
f 1775 1719 1832
f 1832 1719 1737
f 1832 1737 1857
f 1857 1737 1718
f 1857 1718 1833
f 1833 1718 1654
f 1833 1654 1776
f 1776 1654 1639
f 1776 1639 1810
f 256 164 234
f 234 164 152
f 234 152 229
f 229 152 165
f 229 165 235
f 235 165 193
f 235 193 255
f 255 193 274
f 255 274 276
f 276 274 289
f 276 289 388
f 388 289 410
f 388 410 418
f 1627 1480 1655
f 1655 1480 1509
f 1655 1509 1719
f 1719 1509 1529
f 1719 1529 1737
f 1737 1529 1510
f 1737 1510 1718
f 1718 1510 1479
f 1718 1479 1654
f 1654 1479 1465
f 1654 1465 1631
f 388 354 276
f 276 354 337
f 276 337 255
f 255 337 322
f 255 322 235
f 235 322 319
f 235 319 229
f 229 319 323
f 229 323 234
f 234 323 336
f 234 336 256
f 256 336 353
f 256 353 275
f 275 353 389
f 1251 1151 1406
f 1406 1151 1235
f 1406 1235 1432
f 1432 1235 1362
f 1432 1362 1480
f 1480 1362 1385
f 1480 1385 1509
f 1509 1385 1391
f 1509 1391 1529
f 1529 1391 1386
f 1529 1386 1510
f 1510 1386 1361
f 1510 1361 1479
f 1479 1361 1234
f 1479 1234 1431
f 1431 1234 1400
f 1431 1400 1410
f 497 389 459
f 459 389 353
f 459 353 445
f 445 353 336
f 445 336 437
f 437 336 323
f 437 323 430
f 430 323 319
f 430 319 424
f 424 319 322
f 424 322 429
f 429 322 337
f 429 337 438
f 438 337 354
f 438 354 446
f 446 354 388
f 446 388 460
f 460 388 432
f 460 432 498
f 498 432 447
f 498 447 551
f 551 447 486
f 551 486 505
f 32 58 52
f 52 58 82
f 52 82 96
f 96 82 164
f 96 164 194
f 194 164 256
f 194 256 273
f 273 256 275
f 273 275 409
f 409 275 389
f 409 389 431
f 431 389 497
f 431 497 448
f 448 497 552
f 448 552 487
f 487 552 626
f 487 626 503
f 503 626 722
f 503 722 755
f 755 722 800
f 755 800 986
f 986 800 852
f 986 852 1022
f 1022 852 900
f 1022 900 1151
f 1151 900 977
f 1151 977 1235
f 1235 977 993
f 1235 993 1362
f 1362 993 1023
f 1362 1023 1385
f 1385 1023 1030
f 1385 1030 1391
f 1391 1030 1024
f 1391 1024 1386
f 1386 1024 994
f 1386 994 1361
f 1361 994 978
f 1361 978 1234
f 1234 978 901
f 1234 901 1152
f 1152 901 853
f 1152 853 1021
f 1021 853 990
f 1021 990 1040
f 78 558 610
f 928 732 761
f 761 732 449
f 761 449 610
f 1216 1742 1267
f 1267 1742 1875
f 1267 1875 1211
f 449 265 610
f 610 265 212
f 610 212 78
f 78 212 133
f 78 133 64
f 64 133 89
f 64 89 66
f 1461 1488 1216
f 1216 1488 1627
f 1216 1627 1742
f 1461 1216 1406
f 1406 1216 1082
f 1406 1082 1251
f 1251 1082 937
f 1251 937 1196
f 487 764 448
f 448 764 417
f 417 764 409
f 409 764 606
f 409 606 273
f 78 94 558
f 558 94 180
f 558 180 606
f 606 180 206
f 606 206 273
f 1875 1876 1211
f 1211 1876 1662
f 1211 1662 1076
f 1076 1662 1414
f 1076 1414 928
f 928 1414 1054
f 928 1054 732
f 487 503 764
f 764 503 755
f 764 755 937
f 937 755 986
f 937 986 1196
f 266 265 310
f 310 265 449
f 310 449 375
f 375 449 451
f 461 451 449
f 461 449 653
f 653 449 732
f 653 732 733
f 733 732 882
f 882 732 1054
f 882 1054 1055
f 1870 1880 1879
f 1879 1880 1871
f 1871 1874 1876
f 1877 1878 1879
f 1879 1878 1873
f 1871 1876 1879
f 1879 1876 1875
f 1879 1875 1877
f 1873 1872 1879
f 1879 1872 1882
f 1879 1882 1881
f 1917 1871 1880
f 1880 1928 1917
f 1917 1928 2049
f 1917 2049 2035
f 917 905 1018
f 1018 905 1080
f 1018 1080 1108
f 1108 1080 1207
f 1108 1207 1138
f 1138 1207 1263
f 1138 1263 1109
f 1109 1263 1209
f 1109 1209 1020
f 1020 1209 1089
f 1020 1089 913
f 913 1089 912
f 913 912 819
f 819 912 768
f 819 768 743
f 743 768 607
f 743 607 695
f 695 607 556
f 695 556 742
f 742 556 605
f 742 605 821
f 821 605 767
f 821 767 917
f 917 767 905
f 1167 1047 918
f 918 1047 930
f 918 930 792
f 1048 1166 918
f 918 1166 1195
f 918 1195 1167
f 651 791 918
f 918 791 935
f 918 935 1048
f 792 652 918
f 918 652 617
f 918 617 651
f 1017 1134 903
f 903 1134 920
f 903 920 822
f 822 920 701
f 822 701 741
f 741 701 531
f 741 531 694
f 694 531 493
f 694 493 740
f 740 493 533
f 740 533 820
f 820 533 700
f 820 700 902
f 902 700 907
f 902 907 1019
f 1019 907 1133
f 1019 1133 1110
f 1110 1133 1344
f 1110 1344 1139
f 1139 1344 1379
f 1139 1379 1111
f 1111 1379 1343
f 1111 1343 1017
f 1017 1343 1134
f 536 523 729
f 1003 1113 1188
f 523 535 729
f 729 535 570
f 729 570 834
f 834 570 628
f 834 628 736
f 831 737 835
f 835 737 629
f 835 629 729
f 729 629 569
f 729 569 536
f 1188 1250 1003
f 1003 1250 1336
f 1003 1336 1117
f 1117 1336 1348
f 1117 1348 1335
f 1335 1249 1117
f 1117 1249 1187
f 1117 1187 1006
f 736 830 834
f 834 830 911
f 834 911 1003
f 1003 911 1008
f 1003 1008 1113
f 1187 1112 1006
f 1006 1112 1007
f 1006 1007 835
f 835 1007 921
f 835 921 831
f 833 835 730
f 730 835 729
f 1005 1006 833
f 833 1006 835
f 1116 1117 1005
f 1005 1117 1006
f 1004 1003 1116
f 1116 1003 1117
f 832 834 1004
f 1004 834 1003
f 730 729 832
f 832 729 834
f 730 936 833
f 833 936 1005
f 1005 936 1116
f 1116 936 1004
f 1004 936 832
f 832 936 730
f 26 34 24
f 24 34 25
f 24 25 22
f 26 27 34
f 34 27 35
f 34 35 37
f 37 35 53
f 37 53 43
f 43 53 54
f 60 83 99
f 197 244 367
f 367 244 296
f 367 296 366
f 68 54 53
f 368 302 365
f 365 302 243
f 99 83 367
f 367 83 115
f 367 115 197
f 53 60 68
f 68 60 99
f 68 99 85
f 85 99 98
f 85 98 116
f 116 98 365
f 116 365 196
f 196 365 243
f 1590 1591 1617
f 1617 1591 1615
f 1617 1615 1621
f 1621 1615 1622
f 1621 1622 1599
f 1599 1622 1524
f 1599 1524 1521
f 1521 1524 1493
f 1493 1524 1424
f 1493 1424 1426
f 1426 1424 1384
f 1384 1424 1219
f 1384 1219 1178
f 1178 1219 1036
f 1036 1219 893
f 1036 893 891
f 891 893 669
f 669 893 578
f 669 578 576
f 576 578 462
f 462 578 420
f 462 420 421
f 367 366 420
f 420 366 377
f 420 377 421
f 1672 1725 1673
f 1673 1725 1766
f 1673 1766 1762
f 1762 1766 1819
f 1762 1819 1761
f 1761 1819 1818
f 1761 1818 1671
f 1818 1753 1671
f 1671 1753 1670
f 1671 1670 1584
f 1584 1670 1650
f 1584 1650 1623
f 1623 1585 1584
f 1584 1585 1526
f 1584 1526 1513
f 1593 1592 1534
f 1534 1592 1513
f 1534 1513 1514
f 1514 1513 1526
f 1672 1673 1626
f 1626 1673 1583
f 1626 1583 1582
f 1582 1583 1527
f 1527 1583 1515
f 1527 1515 1516
f 1516 1515 1533
f 1533 1515 1591
f 1533 1591 1590
f 1819 1889 1818
f 1818 1889 1946
f 1818 1946 1950
f 1965 1913 1950
f 1950 1913 1856
f 1950 1856 1818
f 1965 1950 1973
f 1973 1950 1974
f 1973 1974 2012
f 2012 1974 2011
f 2012 2011 2015
f 2069 2068 2067
f 2067 2068 2057
f 2067 2057 2056
f 2056 2057 2048
f 2011 2048 2015
f 2015 2048 2057
f 2015 2057 2050
f 2050 2057 2068
f 1600 1523 1522
f 368 365 390
f 390 365 422
f 390 422 423
f 423 422 454
f 454 422 575
f 454 575 577
f 577 575 750
f 750 575 892
f 750 892 945
f 945 892 1058
f 1058 892 1218
f 1058 1218 1220
f 1220 1218 1396
f 1396 1218 1423
f 1396 1423 1425
f 1522 1523 1423
f 1423 1523 1477
f 1423 1477 1425
f 1600 1522 1620
f 1620 1522 1619
f 1620 1619 1618
f 1618 1619 1592
f 1618 1592 1593
f 1217 1353 1266
f 1266 1353 1389
f 1266 1389 1210
f 1210 1389 1354
f 1210 1354 1077
f 1077 1354 1148
f 1077 1148 916
f 916 1148 933
f 916 933 771
f 771 933 683
f 771 683 611
f 611 683 516
f 611 516 557
f 557 516 485
f 557 485 608
f 608 485 518
f 608 518 765
f 765 518 685
f 765 685 924
f 924 685 927
f 924 927 1083
f 1083 927 1147
f 1083 1147 1217
f 1217 1147 1353
f 1761 98 99
f 99 1747 1761
f 1761 1747 1754
f 1761 1754 1762
f 1088 1212 1503
f 1503 1547 1088
f 1088 1547 1656
f 1088 1656 1747
f 99 367 561
f 1262 1615 1212
f 1212 1615 1570
f 1212 1570 1503
f 561 367 616
f 616 367 420
f 616 420 766
f 766 420 578
f 766 578 931
f 931 578 893
f 931 893 1086
f 561 601 99
f 99 601 770
f 99 770 1747
f 1747 770 914
f 1747 914 1088
f 893 1219 1086
f 1086 1219 1424
f 1086 1424 1202
f 1202 1424 1524
f 1202 1524 1262
f 1262 1524 1622
f 1262 1622 1615
f 1761 1075 922
f 1761 922 98
f 365 613 422
f 422 613 758
f 922 759 98
f 98 759 612
f 98 612 365
f 365 612 559
f 365 559 613
f 1215 1423 1085
f 1085 1423 1218
f 1085 1218 926
f 926 1218 892
f 926 892 758
f 758 892 575
f 758 575 422
f 1214 1592 1268
f 1268 1592 1619
f 1268 1619 1215
f 1215 1619 1522
f 1215 1522 1423
f 1761 1671 1075
f 1075 1671 1584
f 1075 1584 1214
f 1214 1584 1513
f 1214 1513 1592
f 1754 1747 1656
f 1762 1754 1673
f 1673 1754 1656
f 1673 1656 1583
f 1583 1656 1547
f 1583 1547 1515
f 1515 1547 1503
f 1515 1503 1591
f 1591 1503 1570
f 1591 1570 1615
f 914 924 1088
f 1088 924 1083
f 1088 1083 1212
f 1212 1083 1217
f 1212 1217 1262
f 1262 1217 1266
f 1262 1266 1202
f 1202 1266 1210
f 1202 1210 1086
f 1086 1210 1077
f 1086 1077 931
f 931 1077 916
f 931 916 766
f 766 916 771
f 766 771 616
f 616 771 611
f 616 611 561
f 561 611 557
f 561 557 601
f 601 557 608
f 601 608 770
f 770 608 765
f 770 765 914
f 914 765 924
f 1382 1352 1354
f 519 579 580
f 675 685 580
f 580 685 518
f 580 518 519
f 519 518 489
f 489 518 484
f 484 518 485
f 484 485 490
f 490 485 516
f 490 516 517
f 517 516 585
f 585 516 683
f 585 683 665
f 933 807 683
f 683 807 684
f 683 684 665
f 1179 1149 1148
f 1148 1149 1031
f 1148 1031 933
f 933 1031 915
f 933 915 807
f 1354 1352 1148
f 1148 1352 1253
f 1148 1253 1179
f 1382 1354 1390
f 1390 1354 1389
f 1390 1389 1383
f 1383 1389 1353
f 1383 1353 1351
f 1351 1353 1252
f 1252 1353 1147
f 1252 1147 1180
f 927 1032 1147
f 1147 1032 1146
f 1147 1146 1180
f 675 697 685
f 685 697 816
f 685 816 927
f 927 816 925
f 927 925 1032
f 717 718 1162
f 688 687 1142
f 688 1142 691
f 715 717 1161
f 1161 717 1162
f 1161 1162 1482
f 1162 1397 1482
f 1482 1397 1483
f 1482 1483 1749
f 1483 1651 1749
f 1749 1651 1748
f 1749 1748 1926
f 1748 1855 1926
f 1926 1855 1925
f 1926 1925 2046
f 1925 2014 2046
f 2046 2014 2047
f 2046 2047 2038
f 2047 2055 2038
f 2038 2055 2037
f 2038 2037 1920
f 2037 1945 1920
f 1920 1945 1921
f 1920 1921 1740
f 1740 1921 1765
f 1765 1741 1740
f 1740 1741 1494
f 1740 1494 1472
f 1494 1473 1472
f 1472 1473 1177
f 1472 1177 1142
f 1142 1177 1143
f 1142 1143 691
f 907 700 814
f 533 592 700
f 700 592 702
f 700 702 814
f 493 496 533
f 533 496 532
f 533 532 592
f 531 495 493
f 493 495 492
f 493 492 496
f 701 593 531
f 531 593 534
f 531 534 495
f 920 815 701
f 701 815 699
f 701 699 593
f 1134 1028 920
f 920 1028 906
f 920 906 815
f 1343 1228 1134
f 1134 1228 1131
f 1134 1131 1028
f 1379 1375 1343
f 1343 1375 1341
f 1343 1341 1228
f 1344 1374 1379
f 1379 1374 1380
f 1379 1380 1375
f 1133 1227 1344
f 1344 1227 1342
f 1344 1342 1374
f 814 919 907
f 907 919 1027
f 907 1027 1133
f 1133 1027 1132
f 1133 1132 1227
f 913 1019 1020
f 1020 1019 1110
f 1020 1110 1109
f 1109 1110 1139
f 1109 1139 1138
f 1138 1139 1111
f 1138 1111 1108
f 1108 1111 1017
f 1108 1017 1018
f 1018 1017 903
f 1018 903 917
f 917 903 822
f 917 822 821
f 821 822 741
f 821 741 742
f 742 741 694
f 742 694 695
f 695 694 740
f 695 740 743
f 743 740 820
f 743 820 819
f 819 820 902
f 819 902 913
f 913 902 1019
f 904 1047 1087
f 1087 1047 1167
f 1087 1167 1205
f 1205 1167 1195
f 1205 1195 1261
f 1261 1195 1166
f 1261 1166 1213
f 1213 1166 1048
f 1213 1048 1079
f 1079 1048 935
f 1079 935 923
f 923 935 791
f 923 791 762
f 762 791 651
f 762 651 615
f 615 651 617
f 615 617 560
f 560 617 652
f 560 652 614
f 614 652 792
f 614 792 769
f 769 792 930
f 769 930 904
f 904 930 1047
f 905 1082 1080
f 1080 1082 1216
f 1080 1216 1207
f 1207 1216 1267
f 1207 1267 1263
f 1263 1267 1211
f 1263 1211 1209
f 1209 1211 1076
f 1209 1076 1089
f 1089 1076 928
f 1089 928 912
f 912 928 761
f 912 761 768
f 768 761 610
f 768 610 607
f 607 610 558
f 607 558 556
f 556 558 606
f 556 606 605
f 605 606 764
f 605 764 767
f 767 764 937
f 767 937 905
f 905 937 1082
f 910 1087 1084
f 1084 1087 1205
f 1084 1205 1203
f 1203 1205 1261
f 1203 1261 1264
f 1264 1261 1213
f 1264 1213 1204
f 1204 1213 1079
f 1204 1079 1078
f 1078 1079 923
f 1078 923 929
f 929 923 762
f 929 762 760
f 760 762 615
f 760 615 609
f 609 615 560
f 609 560 563
f 563 560 614
f 563 614 602
f 602 614 769
f 602 769 763
f 763 769 904
f 763 904 910
f 910 904 1087
f 1734 1667 1662
f 1467 1412 1414
f 1414 1412 1347
f 1414 1347 1054
f 1054 1347 1126
f 1054 1126 1055
f 1662 1667 1414
f 1414 1667 1586
f 1414 1586 1467
f 1876 1874 1662
f 1662 1874 1802
f 1662 1802 1734
f 265 266 238
f 265 238 212
f 66 89 73
f 73 89 90
f 90 89 92
f 92 89 133
f 92 133 109
f 238 211 212
f 212 211 201
f 212 201 133
f 133 201 134
f 133 134 109
f 210 131 132
f 132 182 210
f 210 182 209
f 210 209 268
f 268 209 248
f 268 248 267
f 67 72 87
f 87 72 88
f 87 88 131
f 131 88 118
f 131 118 132
f 1870 1879 1809
f 1809 1879 1663
f 1809 1663 1752
f 1752 1663 1664
f 1664 1663 1598
f 1598 1663 1413
f 1598 1413 1484
f 1052 1160 1053
f 1053 1160 1365
f 1053 1365 1413
f 1413 1365 1411
f 1413 1411 1484
f 1598 1484 1482
f 1365 1160 1161
f 1161 1160 1052
f 1161 1052 715
f 715 1052 887
f 715 887 709
f 709 887 710
f 1482 1484 1161
f 1161 1484 1411
f 1161 1411 1365
f 1928 1880 1749
f 1749 1880 1870
f 1870 1809 1749
f 1749 1809 1752
f 1749 1752 1482
f 1482 1752 1664
f 1482 1664 1598
f 1920 2035 2038
f 2038 2035 2049
f 2038 2049 2046
f 2046 2049 1928
f 2046 1928 1926
f 1926 1928 1749
f 1802 1874 1871
f 1734 1802 1740
f 1740 1802 1871
f 1740 1871 1920
f 1920 1871 1917
f 1920 1917 2035
f 1734 1740 1667
f 1667 1740 1472
f 1667 1472 1586
f 1126 1347 1142
f 1142 1347 1412
f 1142 1412 1472
f 1472 1412 1467
f 1472 1467 1586
f 653 733 674
f 674 733 882
f 674 882 687
f 687 882 1142
f 1142 882 1055
f 1142 1055 1126
f 919 1026 1027
f 1027 1026 1129
f 1027 1129 1132
f 1132 1129 1223
f 1132 1223 1227
f 1227 1223 1333
f 1227 1333 1342
f 1342 1333 1371
f 1342 1371 1374
f 1374 1371 1378
f 1374 1378 1380
f 1380 1378 1370
f 1380 1370 1375
f 1375 1370 1334
f 1375 1334 1341
f 1341 1334 1222
f 1341 1222 1228
f 1228 1222 1130
f 1228 1130 1131
f 1131 1130 1025
f 1131 1025 1028
f 1028 1025 908
f 1028 908 906
f 906 908 818
f 906 818 815
f 815 818 704
f 815 704 699
f 699 704 596
f 699 596 593
f 593 596 538
f 593 538 534
f 534 538 501
f 534 501 495
f 495 501 494
f 495 494 492
f 492 494 502
f 492 502 496
f 496 502 539
f 496 539 532
f 532 539 597
f 532 597 592
f 592 597 705
f 592 705 702
f 702 705 817
f 702 817 814
f 814 817 909
f 814 909 919
f 919 909 1026
f 909 1014 1026
f 1026 1014 1125
f 1026 1125 1129
f 1129 1125 1192
f 1129 1192 1223
f 1223 1192 1278
f 1223 1278 1333
f 1333 1278 1357
f 1333 1357 1371
f 1371 1357 1369
f 1371 1369 1378
f 1378 1369 1358
f 1378 1358 1370
f 1370 1358 1277
f 1370 1277 1334
f 1334 1277 1191
f 1334 1191 1222
f 1222 1191 1124
f 1222 1124 1130
f 1130 1124 1013
f 1130 1013 1025
f 1025 1013 934
f 1025 934 908
f 908 934 825
f 908 825 818
f 818 825 720
f 818 720 704
f 704 720 619
f 704 619 596
f 596 619 547
f 596 547 538
f 538 547 515
f 538 515 501
f 501 515 506
f 501 506 494
f 494 506 514
f 494 514 502
f 502 514 548
f 502 548 539
f 539 548 618
f 539 618 597
f 597 618 719
f 597 719 705
f 705 719 826
f 705 826 817
f 817 826 932
f 817 932 909
f 909 932 1014
f 932 1007 1014
f 1014 1007 1112
f 1014 1112 1125
f 1125 1112 1187
f 1125 1187 1192
f 1192 1187 1249
f 1192 1249 1278
f 1278 1249 1335
f 1278 1335 1357
f 1357 1335 1348
f 1357 1348 1369
f 1369 1348 1336
f 1369 1336 1358
f 1358 1336 1250
f 1358 1250 1277
f 1277 1250 1188
f 1277 1188 1191
f 1191 1188 1113
f 1191 1113 1124
f 1124 1113 1008
f 1124 1008 1013
f 1013 1008 911
f 1013 911 934
f 934 911 830
f 934 830 825
f 825 830 736
f 825 736 720
f 720 736 628
f 720 628 619
f 619 628 570
f 619 570 547
f 547 570 535
f 547 535 515
f 515 535 523
f 515 523 506
f 506 523 536
f 506 536 514
f 514 536 569
f 514 569 548
f 548 569 629
f 548 629 618
f 618 629 737
f 618 737 719
f 719 737 831
f 719 831 826
f 826 831 921
f 826 921 932
f 932 921 1007
f 216 329 334
f 217 218 330
f 330 218 300
f 330 300 335
f 334 245 216
f 216 245 215
f 216 215 104
f 215 117 104
f 104 117 105
f 104 105 48
f 105 61 48
f 48 61 49
f 48 49 23
f 49 28 23
f 23 28 20
f 23 20 50
f 20 38 50
f 50 38 51
f 50 51 106
f 51 84 106
f 106 84 107
f 106 107 217
f 217 107 195
f 217 195 218
f 327 329 257
f 257 329 216
f 257 216 213
f 213 216 157
f 157 216 104
f 157 104 102
f 102 104 74
f 74 104 48
f 74 48 46
f 46 48 23
f 46 23 21
f 21 23 50
f 21 50 47
f 47 50 75
f 75 50 106
f 75 106 103
f 103 106 158
f 158 106 217
f 158 217 214
f 330 328 217
f 217 328 258
f 217 258 214
f 1240 1206 1214
f 621 612 649
f 649 612 759
f 649 759 678
f 678 759 703
f 944 939 922
f 922 939 839
f 922 839 759
f 759 839 757
f 759 757 703
f 944 922 999
f 999 922 1075
f 999 1075 1081
f 1214 1206 1075
f 1075 1206 1159
f 1075 1159 1081
f 1240 1214 1265
f 1265 1214 1268
f 1265 1268 1241
f 1241 1268 1215
f 1241 1215 1208
f 1208 1215 1158
f 1158 1215 1085
f 1158 1085 1074
f 1074 1085 1000
f 1000 1085 926
f 1000 926 946
f 758 840 926
f 926 840 938
f 926 938 946
f 581 604 613
f 613 604 662
f 613 662 758
f 758 662 772
f 758 772 840
f 581 613 562
f 562 613 559
f 562 559 582
f 582 559 612
f 582 612 603
f 603 612 621
f 603 621 620
f 1330 1328 1245
f 1245 1328 1242
f 1245 1242 1200
f 1200 1242 1199
f 1329 1269 1331
f 1331 1269 1316
f 1313 1316 1236
f 1236 1316 1269
f 1236 1269 1232
f 1232 1269 1229
f 1200 1229 1245
f 1245 1229 1269
f 1245 1269 1330
f 1330 1269 1329
f 776 752 965
f 965 1306 1311
f 776 965 779
f 965 962 779
f 779 962 958
f 779 958 785
f 1200 958 1229
f 1229 958 962
f 1229 962 1232
f 1232 962 965
f 1232 965 1236
f 1236 965 1311
f 1236 1311 1313
f 1200 1199 1072
f 1200 1072 958
f 958 1072 786
f 958 786 785
f 1308 1242 1328
f 794 754 786
f 794 786 888
f 888 786 1072
f 888 1072 1097
f 1097 1072 1308
f 1308 1072 1199
f 1308 1199 1242
f 1327 1322 1243
f 1327 1243 1244
f 1244 1243 1197
f 1244 1197 1198
f 1323 1303 1324
f 1324 1303 1302
f 1324 1302 1326
f 1326 1302 1301
f 1326 1301 1325
f 1325 1301 1322
f 1296 1254 1315
f 1315 1254 1231
f 1315 1231 1319
f 1321 1320 1312
f 1312 1320 1314
f 1312 1314 1276
f 1321 1312 1310
f 1310 1312 1276
f 1310 1276 1304
f 1320 1317 1314
f 1314 1317 1318
f 1314 1318 1276
f 1318 1319 1276
f 1276 1319 1231
f 1276 1231 1270
f 1270 1231 1230
f 1270 1230 1243
f 1243 1230 1201
f 1243 1201 1197
f 1321 1310 1323
f 1323 1310 1304
f 1323 1304 1303
f 1303 1304 1276
f 1303 1276 1302
f 1302 1276 1270
f 1302 1270 1301
f 1301 1270 1243
f 1301 1243 1322
f 1327 1244 1307
f 1307 1244 1198
f 1307 1198 1096
f 1096 1198 1071
f 1096 1071 889
f 889 1071 886
f 889 886 793
f 793 886 787
f 793 787 753
f 784 787 957
f 957 787 886
f 957 886 1197
f 1197 886 1071
f 1197 1071 1198
f 541 639 521
f 521 639 623
f 521 623 507
f 544 707 541
f 541 707 664
f 541 664 639
f 544 567 707
f 707 567 590
f 707 590 752
f 723 735 689
f 779 735 776
f 776 735 723
f 776 723 752
f 634 623 655
f 655 623 639
f 655 639 689
f 689 639 664
f 689 664 723
f 723 664 707
f 723 707 752
f 779 785 735
f 735 785 748
f 735 748 689
f 689 748 711
f 689 711 655
f 655 711 660
f 655 660 634
f 634 660 641
f 680 660 711
f 785 786 748
f 748 786 754
f 748 754 711
f 711 754 714
f 711 714 680
f 680 659 660
f 660 659 650
f 660 650 641
f 641 650 647
f 641 647 643
f 967 828 827
f 824 967 827
f 625 812 824
f 824 812 967
f 828 645 827
f 827 645 635
f 827 635 824
f 824 635 632
f 824 632 625
f 645 590 635
f 635 590 588
f 635 588 632
f 632 588 583
f 632 583 625
f 583 588 573
f 573 588 554
f 573 554 553
f 553 554 527
f 513 524 527
f 527 524 543
f 527 543 553
f 507 511 521
f 521 511 513
f 521 513 541
f 541 513 527
f 541 527 544
f 544 527 554
f 544 554 567
f 567 554 588
f 567 588 590
f 974 1290 965
f 965 1290 1298
f 965 1298 1306
f 974 965 645
f 645 965 752
f 645 752 590
f 1280 1283 975
f 975 1283 1284
f 975 1284 974
f 974 1284 1287
f 974 1287 1290
f 828 967 969
f 969 967 1255
f 1255 1280 969
f 969 1280 975
f 969 975 828
f 828 975 974
f 828 974 645
f 624 631 746
f 631 644 746
f 746 644 749
f 746 749 823
f 823 749 829
f 624 746 813
f 813 746 823
f 813 823 968
f 829 968 823
f 712 753 747
f 747 753 787
f 747 787 784
f 666 677 661
f 661 677 679
f 661 679 712
f 712 679 713
f 712 713 753
f 666 661 658
f 658 661 640
f 658 640 642
f 747 784 778
f 724 708 663
f 724 663 734
f 712 690 661
f 661 690 654
f 661 654 640
f 640 654 633
f 751 708 775
f 775 708 724
f 775 724 778
f 778 724 734
f 778 734 747
f 622 633 638
f 638 633 654
f 638 654 663
f 663 654 690
f 663 690 734
f 734 690 712
f 734 712 747
f 508 622 638
f 508 638 520
f 520 638 663
f 520 663 540
f 540 663 545
f 545 663 708
f 545 708 566
f 566 708 751
f 566 751 591
f 589 584 574
f 589 574 555
f 591 589 566
f 566 589 555
f 566 555 528
f 508 520 512
f 512 520 540
f 512 540 528
f 528 540 545
f 528 545 566
f 574 546 555
f 555 546 529
f 555 529 528
f 528 529 525
f 528 525 512
f 591 644 631
f 591 631 589
f 589 631 624
f 589 624 584
f 964 1305 1297
f 591 751 644
f 644 751 964
f 644 964 973
f 973 964 1297
f 973 1297 1289
f 957 1197 1201
f 784 957 778
f 778 957 961
f 778 961 775
f 775 961 964
f 775 964 751
f 957 1201 961
f 961 1201 1230
f 961 1230 964
f 964 1230 1231
f 964 1231 1254
f 1254 1296 964
f 964 1296 1309
f 964 1309 1305
f 679 678 713
f 713 678 703
f 713 703 753
f 753 703 793
f 1272 686 1345
f 1345 686 671
f 1345 671 1394
f 1702 1665 1560
f 1272 1294 686
f 686 1294 1069
f 686 1069 703
f 703 1069 889
f 703 889 793
f 648 692 656
f 656 692 804
f 656 1038 1359
f 671 656 1394
f 1394 656 1359
f 1394 1359 1451
f 1451 1359 1462
f 1451 1462 1560
f 1560 1462 1489
f 1560 1489 1702
f 1638 1661 1695
f 804 878 656
f 656 878 989
f 656 989 1038
f 1489 1555 1702
f 1702 1555 1638
f 1702 1638 1707
f 1707 1638 1695
f 1157 1150 1163
f 1163 1150 1140
f 1140 1120 1163
f 1163 1120 1106
f 1163 1106 1098
f 1063 1060 1066
f 1066 1060 1163
f 1066 1163 1091
f 1091 1163 1098
f 1157 1163 1185
f 1185 1163 1337
f 1185 1337 1340
f 1172 1189 1165
f 1165 1189 1193
f 1185 1189 1157
f 1157 1189 1172
f 1157 1172 1150
f 1150 1172 1165
f 1150 1165 1140
f 1140 1165 1128
f 1140 1128 1120
f 1339 1164 1338
f 1338 1164 1184
f 1061 1062 1164
f 1164 1062 1099
f 1164 1099 1100
f 1100 1114 1164
f 1164 1114 1118
f 1164 1118 1119
f 1119 1144 1164
f 1164 1144 1168
f 1164 1168 1184
f 1011 1010 1044
f 1011 1044 1041
f 1041 1044 1062
f 1041 1062 1061
f 781 863 795
f 795 863 868
f 795 868 797
f 797 868 883
f 797 883 808
f 808 883 950
f 1733 1444 1726
f 1726 1444 1691
f 1393 1339 1459
f 1459 1339 1444
f 1164 1339 1061
f 1061 1339 1393
f 1061 1393 1041
f 1041 1393 1260
f 1041 1260 1011
f 1011 1260 1182
f 1011 1182 982
f 982 1182 1034
f 982 1034 950
f 950 1034 880
f 950 880 808
f 1520 1569 1444
f 1444 1569 1604
f 1677 1653 1444
f 1444 1653 1605
f 1444 1605 1459
f 1604 1629 1444
f 1444 1629 1649
f 1444 1649 1691
f 1733 1723 1444
f 1444 1723 1708
f 1444 1708 1677
f 1539 1497 1633
f 1774 1576 1575
f 1575 1539 1774
f 1774 1539 1633
f 1774 1633 1976
f 1976 1633 1760
f 1976 1760 2120
f 2120 1760 1884
f 2120 1884 2197
f 2197 1884 2021
f 2197 2021 2406
f 2406 2021 2156
f 2341 2664 2240
f 2240 2664 2549
f 2240 2549 2156
f 2156 2549 2456
f 2156 2456 2406
f 2433 2714 2398
f 2398 2714 2692
f 2398 2692 2341
f 2341 2692 2672
f 2341 2672 2664
f 2239 2665 2340
f 2340 2665 2673
f 2340 2673 2397
f 2397 2673 2693
f 2397 2693 2434
f 2434 2693 2713
f 2434 2713 2446
f 2446 2713 2721
f 2446 2721 2433
f 2433 2721 2715
f 2433 2715 2714
f 2020 2405 2155
f 2155 2405 2457
f 2155 2457 2239
f 2239 2457 2550
f 2239 2550 2665
f 1632 1773 1759
f 1759 1773 1977
f 1759 1977 1883
f 1883 1977 2121
f 1883 2121 2020
f 2020 2121 2198
f 2020 2198 2405
f 1577 1686 1540
f 1540 1686 1773
f 1540 1773 1499
f 1499 1773 1632
f 1499 1632 1498
f 1554 1543 1613
f 1613 1543 1525
f 1613 1525 1511
f 1497 1496 1633
f 1633 1496 1492
f 1498 1632 1495
f 1495 1632 1518
f 1495 1518 1491
f 1550 1551 1612
f 1612 1551 1535
f 1492 1528 1633
f 1633 1528 1611
f 1633 1611 1760
f 1760 1611 1744
f 1760 1744 1884
f 1884 1744 1851
f 1884 1851 2021
f 2021 1851 1981
f 2021 1981 2156
f 2156 1981 2138
f 2156 2138 2240
f 2240 2138 2213
f 2240 2213 2341
f 2341 2213 2306
f 2341 2306 2398
f 2398 2306 2364
f 2398 2364 2433
f 2433 2364 2399
f 2433 2399 2446
f 2446 2399 2413
f 2446 2413 2434
f 2434 2413 2400
f 2434 2400 2397
f 2397 2400 2365
f 2397 2365 2340
f 2340 2365 2305
f 2340 2305 2239
f 2239 2305 2212
f 2239 2212 2155
f 2155 2212 2139
f 2155 2139 2020
f 2020 2139 1980
f 2020 1980 1883
f 1883 1980 1852
f 1883 1852 1759
f 1759 1852 1743
f 1759 1743 1632
f 1632 1743 1612
f 1632 1612 1518
f 1518 1612 1535
f 1528 1544 1611
f 1611 1544 1608
f 1611 1608 1744
f 1744 1608 1739
f 1744 1739 1851
f 1851 1739 1846
f 1851 1846 1981
f 1981 1846 1969
f 1981 1969 2138
f 2138 1969 2125
f 2138 2125 2213
f 2213 2125 2199
f 2213 2199 2306
f 2306 2199 2293
f 2306 2293 2364
f 2364 2293 2356
f 2364 2356 2399
f 2399 2356 2388
f 2399 2388 2413
f 2413 2388 2401
f 2413 2401 2400
f 2400 2401 2389
f 2400 2389 2365
f 2365 2389 2355
f 2365 2355 2305
f 2305 2355 2294
f 2305 2294 2212
f 2212 2294 2200
f 2212 2200 2139
f 2139 2200 2124
f 2139 2124 1980
f 1980 2124 1970
f 1980 1970 1852
f 1852 1970 1845
f 1852 1845 1743
f 1743 1845 1738
f 1743 1738 1612
f 1612 1738 1607
f 1612 1607 1550
f 1550 1607 1536
f 1544 1554 1608
f 1608 1554 1613
f 1608 1613 1739
f 1739 1613 1745
f 1739 1745 1846
f 1846 1745 1853
f 1846 1853 1969
f 1969 1853 1986
f 1969 1986 2125
f 2125 1986 2140
f 2125 2140 2199
f 2199 2140 2214
f 2199 2214 2293
f 2293 2214 2310
f 2293 2310 2356
f 2356 2310 2368
f 2356 2368 2388
f 2388 2368 2402
f 2388 2402 2401
f 2401 2402 2415
f 2401 2415 2389
f 2389 2415 2403
f 2389 2403 2355
f 2355 2403 2369
f 2355 2369 2294
f 2294 2369 2311
f 2294 2311 2200
f 2200 2311 2215
f 2200 2215 2124
f 2124 2215 2141
f 2124 2141 1970
f 1970 2141 1987
f 1970 1987 1845
f 1845 1987 1854
f 1845 1854 1738
f 1738 1854 1746
f 1738 1746 1607
f 1607 1746 1614
f 1607 1614 1536
f 1536 1614 1512
f 161 172 176
f 160 135 163
f 163 135 161
f 163 161 166
f 166 161 176
f 166 176 178
f 148 129 151
f 151 129 135
f 151 135 156
f 156 135 160
f 305 309 341
f 305 341 292
f 292 341 344
f 292 344 271
f 344 346 271
f 271 346 301
f 271 301 233
f 233 301 264
f 233 264 204
f 204 264 225
f 204 225 171
f 171 225 198
f 198 172 161
f 127 171 129
f 129 171 198
f 129 198 135
f 135 198 161
f 148 149 129
f 129 149 137
f 129 137 127
f 142 140 143
f 143 140 137
f 143 137 146
f 146 137 149
f 177 173 162
f 167 179 177
f 177 162 167
f 167 162 136
f 167 136 155
f 155 136 128
f 155 128 150
f 145 147 138
f 125 126 138
f 125 138 128
f 128 138 147
f 128 147 150
f 139 141 138
f 138 141 144
f 138 144 145
f 143 146 222
f 140 142 220
f 146 149 222
f 222 149 228
f 222 228 278
f 278 228 282
f 313 278 311
f 311 278 282
f 311 282 315
f 313 277 278
f 278 277 220
f 278 220 222
f 222 220 142
f 222 142 143
f 137 140 221
f 221 140 220
f 221 220 281
f 281 220 277
f 281 277 317
f 317 277 313
f 120 123 153
f 153 123 124
f 124 125 153
f 153 125 170
f 162 173 136
f 136 173 208
f 136 208 128
f 125 128 170
f 170 128 208
f 170 208 203
f 340 308 304
f 340 304 343
f 208 242 203
f 203 242 263
f 203 263 232
f 232 263 345
f 232 345 272
f 272 345 343
f 272 343 293
f 293 343 304
f 2423 2531 2463
f 1708 1723 1826
f 1733 1726 1827
f 1652 1606 1716
f 1652 1716 1657
f 1724 1709 1817
f 1817 1709 1678
f 1817 1678 1657
f 1605 1653 1717
f 1717 1653 1677
f 1717 1677 1816
f 1723 1733 1826
f 1826 1733 1827
f 1826 1827 2094
f 1827 1964 2094
f 2094 1964 2096
f 2094 2096 2299
f 2299 2096 2302
f 2299 2302 2455
f 2567 2562 2507
f 2507 2562 2455
f 2507 2455 2458
f 2458 2455 2302
f 2567 2611 2618
f 2618 2611 2619
f 2618 2619 2617
f 2619 2620 2617
f 2617 2620 2612
f 2617 2612 2563
f 2563 2612 2566
f 2563 2566 2454
f 2566 2508 2454
f 2454 2508 2459
f 2454 2459 2298
f 2298 2459 2303
f 2298 2303 2093
f 1727 1732 1828
f 1828 1732 1825
f 1828 1825 1963
f 1963 1825 2093
f 1963 2093 2095
f 2095 2093 2303
f 2562 2531 2455
f 2455 2531 2423
f 2455 2423 2299
f 2299 2423 2247
f 2299 2247 2094
f 2094 2247 2065
f 2094 2065 1826
f 1826 2065 1816
f 1826 1816 1708
f 1708 1816 1677
f 1732 1724 1825
f 1825 1724 1817
f 1825 1817 2093
f 2093 1817 2066
f 2093 2066 2298
f 2298 2066 2248
f 2298 2248 2454
f 2454 2248 2422
f 2454 2422 2563
f 2563 2422 2530
f 2563 2530 2617
f 2617 2530 2587
f 2617 2587 2618
f 2618 2587 2586
f 2463 2359 2423
f 2423 2359 2296
f 2423 2296 2247
f 2247 2296 2187
f 2247 2187 2065
f 2065 2187 1996
f 2065 1996 1816
f 1816 1996 1786
f 1816 1786 1717
f 2567 2618 2562
f 2562 2618 2586
f 2562 2586 2531
f 2531 2586 2511
f 2531 2511 2463
f 2422 2360 2530
f 2530 2360 2462
f 2530 2462 2587
f 2587 2462 2512
f 2587 2512 2586
f 2586 2512 2520
f 2586 2520 2511
f 1657 1716 1817
f 1817 1716 1785
f 1817 1785 2066
f 2066 1785 1997
f 2066 1997 2248
f 2248 1997 2186
f 2248 2186 2422
f 2422 2186 2295
f 2422 2295 2360
f 1689 1727 1828
f 1691 1649 1771
f 1691 1771 1726
f 2540 2620 2548
f 2548 2620 2619
f 2548 2619 2539
f 2539 2619 2611
f 2539 2611 2503
f 2503 2611 2567
f 2503 2567 2437
f 2437 2567 2507
f 2437 2507 2352
f 2352 2507 2458
f 2352 2458 2218
f 2218 2458 2302
f 2218 2302 2099
f 2099 2302 2096
f 2099 2096 1924
f 1924 2096 1964
f 1924 1964 1771
f 1771 1964 1827
f 1771 1827 1726
f 1648 1689 1772
f 1772 1689 1828
f 1772 1828 1923
f 1923 1828 1963
f 1923 1963 2098
f 2098 1963 2095
f 2098 2095 2217
f 2217 2095 2303
f 2217 2303 2351
f 2351 2303 2459
f 2351 2459 2436
f 2436 2459 2508
f 2436 2508 2504
f 2504 2508 2566
f 2504 2566 2540
f 2540 2566 2612
f 2540 2612 2620
f 1561 1562 1666
f 1666 1562 1687
f 1666 1687 1860
f 1860 1687 1861
f 1860 1861 1885
f 1885 1902 1860
f 1860 1902 1972
f 1860 1972 1895
f 1895 1972 2019
f 1895 2019 1916
f 1916 2019 1998
f 1998 2019 2127
f 1998 2127 2051
f 2051 2127 2151
f 2051 2151 2147
f 2151 2184 2147
f 2147 2184 2196
f 2147 2196 2153
f 2153 2196 2230
f 2153 2230 2168
f 2168 2230 2209
f 2209 2230 2216
f 2216 2230 2235
f 2216 2235 2236
f 2236 2235 2246
f 2236 2246 2245
f 1886 1858 1859
f 1886 1859 1901
f 1901 1859 1971
f 1971 1859 1894
f 1971 1894 2018
f 2152 2150 2113
f 2113 2150 2126
f 2113 2126 2010
f 2010 2126 2018
f 2010 2018 1952
f 1952 2018 1894
f 2242 2244 2243
f 2242 2243 2232
f 2232 2243 2234
f 2232 2234 2208
f 2208 2234 2229
f 2208 2229 2180
f 2180 2229 2195
f 2180 2195 2152
f 2152 2195 2185
f 2152 2185 2150
f 2275 2268 2289
f 2245 2246 2253
f 2253 2246 2258
f 2258 2260 2253
f 2253 2260 2263
f 2253 2263 2256
f 2269 2274 2288
f 2261 2259 2255
f 2255 2259 2257
f 2255 2257 2249
f 2249 2257 2243
f 2249 2243 2244
f 2274 2276 2288
f 2288 2276 2280
f 2288 2280 2289
f 2289 2280 2277
f 2289 2277 2275
f 2263 2265 2256
f 2256 2265 2273
f 2256 2273 2268
f 2268 2273 2282
f 2268 2282 2283
f 2284 2281 2266
f 2266 2281 2272
f 2266 2272 2255
f 2255 2272 2264
f 2255 2264 2261
f 2283 2285 2268
f 2268 2285 2286
f 2268 2286 2289
f 2269 2288 2266
f 2266 2288 2287
f 2266 2287 2284
f 1271 1272 1291
f 1291 1272 1345
f 1291 1345 1366
f 1366 1345 1377
f 1377 1345 1394
f 1377 1394 1398
f 1398 1394 1405
f 1405 1394 1451
f 1405 1451 1460
f 1460 1451 1474
f 1474 1451 1560
f 1474 1560 1559
f 1859 1858 1665
f 1665 1858 1763
f 1665 1763 1560
f 1560 1763 1559
f 1321 1294 1320
f 1294 1321 1323
f 1294 1323 1324
f 1327 1307 1322
f 1322 1307 1299
f 1322 1299 1325
f 1325 1299 1294
f 1325 1294 1326
f 1326 1294 1324
f 1271 1279 1272
f 1272 1279 1282
f 1272 1282 1286
f 1286 1289 1272
f 1272 1289 1297
f 1272 1297 1294
f 1294 1297 1305
f 1294 1305 1309
f 1319 1318 1294
f 1294 1318 1317
f 1294 1317 1320
f 1309 1296 1294
f 1294 1296 1315
f 1294 1315 1319
f 1298 1273 1306
f 1306 1273 1295
f 1306 1295 1311
f 1328 1330 1308
f 1308 1330 1300
f 1300 1330 1295
f 1295 1330 1329
f 1295 1329 1331
f 1298 1290 1273
f 1273 1290 1287
f 1273 1287 1284
f 1284 1283 1273
f 1273 1283 1280
f 1273 1280 1275
f 1331 1316 1295
f 1295 1316 1313
f 1295 1313 1311
f 2602 2605 2577
f 2245 2253 2327
f 1703 1666 1808
f 1808 1666 1860
f 1808 1860 1912
f 1860 1895 1912
f 1912 1895 1916
f 1912 1916 2092
f 1916 1998 2092
f 2092 1998 2051
f 2092 2051 2170
f 2051 2147 2170
f 2170 2147 2153
f 2170 2153 2320
f 2320 2153 2168
f 2320 2168 2379
f 2379 2168 2209
f 2379 2209 2386
f 2386 2209 2339
f 2386 2339 2534
f 2534 2339 2495
f 2534 2495 2537
f 2537 2495 2623
f 2623 2495 2577
f 2623 2577 2626
f 2626 2577 2605
f 2626 2605 2655
f 2600 2598 2589
f 2589 2598 2555
f 2589 2555 2559
f 2559 2555 2469
f 2559 2469 2478
f 2478 2469 2327
f 2478 2327 2330
f 2330 2327 2253
f 2330 2253 2256
f 2209 2216 2339
f 2339 2216 2236
f 2339 2236 2245
f 2245 2327 2339
f 2339 2327 2469
f 2339 2469 2495
f 2495 2469 2555
f 2495 2555 2577
f 2577 2555 2598
f 2577 2598 2602
f 2603 2605 2602
f 2242 2232 2334
f 2255 2249 2334
f 2334 2249 2244
f 2334 2244 2242
f 2255 2334 2329
f 2329 2334 2483
f 2329 2483 2476
f 2476 2483 2569
f 2476 2569 2558
f 2655 2605 2630
f 2630 2605 2603
f 2630 2603 2625
f 2625 2603 2546
f 2546 2603 2514
f 2546 2514 2536
f 2536 2514 2394
f 2394 2514 2363
f 2394 2363 2385
f 2385 2363 2353
f 2353 2363 2157
f 2353 2157 2171
f 2171 2157 2132
f 2132 2157 1952
f 2132 1952 1911
f 1952 1894 1911
f 1911 1894 1859
f 1911 1859 1835
f 1835 1859 1665
f 1835 1665 1702
f 2152 2113 2157
f 2157 2113 2010
f 2157 2010 1952
f 2152 2157 2180
f 2180 2157 2363
f 2180 2363 2208
f 2600 2588 2598
f 2598 2588 2558
f 2598 2558 2602
f 2602 2558 2569
f 2602 2569 2603
f 2603 2569 2483
f 2603 2483 2514
f 2514 2483 2334
f 2514 2334 2363
f 2363 2334 2232
f 2363 2232 2208
f 2256 2268 2330
f 2330 2268 2478
f 2478 2268 2559
f 2559 2268 2275
f 2559 2275 2589
f 2589 2275 2277
f 2589 2277 2600
f 2600 2277 2280
f 2600 2280 2588
f 2588 2280 2276
f 2588 2276 2558
f 2558 2276 2274
f 2558 2274 2476
f 2274 2269 2476
f 2476 2269 2266
f 2476 2266 2329
f 2329 2266 2255
f 1096 889 1069
f 1307 1096 1299
f 1299 1096 1069
f 1299 1069 1294
f 1070 888 1097
f 1097 1308 1070
f 1070 1308 1300
f 1070 1300 1295
f 2453 2264 2272
f 2453 2272 2498
f 2498 2272 2281
f 2498 2281 2610
f 2610 2281 2390
f 2610 2390 2678
f 2678 2390 2473
f 2678 2473 2681
f 2681 2473 2541
f 2681 2541 2700
f 2700 2541 2707
f 2707 2541 2584
f 2707 2584 2716
f 2716 2584 2599
f 2716 2599 2708
f 2708 2599 2585
f 2708 2585 2699
f 2699 2585 2542
f 2699 2542 2680
f 2680 2542 2474
f 2680 2474 2679
f 2679 2474 2609
f 2609 2474 2391
f 2609 2391 2499
f 2391 2282 2499
f 2499 2282 2273
f 2499 2273 2452
f 2452 2273 2265
f 2283 2282 2391
f 2284 2287 2331
f 2331 2287 2288
f 2331 2288 2419
f 2390 2281 2284
f 2284 2331 2390
f 2390 2331 2419
f 2390 2419 2473
f 2473 2419 2484
f 2473 2484 2541
f 2541 2484 2521
f 2541 2521 2584
f 2584 2521 2535
f 2584 2535 2599
f 2599 2535 2522
f 2599 2522 2585
f 2585 2522 2485
f 2585 2485 2542
f 2542 2485 2420
f 2542 2420 2474
f 2474 2420 2332
f 2474 2332 2391
f 2391 2332 2285
f 2391 2285 2283
f 2288 2347 2419
f 2419 2347 2409
f 2419 2409 2484
f 2484 2409 2441
f 2484 2441 2521
f 2521 2441 2450
f 2521 2450 2535
f 2535 2450 2442
f 2535 2442 2522
f 2522 2442 2410
f 2522 2410 2485
f 2485 2410 2348
f 2485 2348 2420
f 2420 2348 2289
f 2420 2289 2332
f 2332 2289 2286
f 2332 2286 2285
f 2410 2347 2348
f 2348 2347 2288
f 2348 2288 2289
f 2441 2409 2450
f 2450 2409 2347
f 2450 2347 2442
f 2442 2347 2410
f 2171 2132 2131
f 1979 2024 2077
f 1911 1835 1834
f 1834 1835 1702
f 1834 1702 1707
f 1638 1555 1659
f 1707 1695 1834
f 1834 1695 1661
f 1834 1661 1823
f 1823 1661 1638
f 1823 1638 1811
f 1811 1638 1659
f 1811 1659 1792
f 2526 2547 2601
f 2496 2440 2489
f 2440 2496 2300
f 2231 2300 2346
f 2024 2231 2292
f 1979 2077 1792
f 2526 2601 2575
f 2575 2601 2632
f 2575 2632 2607
f 2607 2632 2653
f 2607 2653 2629
f 2300 2496 2346
f 2346 2496 2527
f 2346 2527 2383
f 2383 2527 2545
f 2383 2545 2393
f 2653 2655 2629
f 2629 2655 2630
f 2629 2630 2625
f 2625 2545 2629
f 2629 2545 2527
f 2629 2527 2607
f 2607 2527 2496
f 2607 2496 2575
f 2575 2496 2489
f 2575 2489 2526
f 2625 2546 2545
f 2545 2546 2536
f 2545 2536 2393
f 2393 2536 2394
f 2393 2394 2385
f 2231 2346 2292
f 2292 2346 2383
f 2292 2383 2326
f 2326 2383 2393
f 2326 2393 2350
f 2350 2393 2385
f 2350 2385 2353
f 2024 2292 2077
f 2077 2292 2326
f 2077 2326 2109
f 2109 2326 2350
f 2109 2350 2131
f 2131 2350 2353
f 2131 2353 2171
f 1792 2077 1811
f 1811 2077 2109
f 1811 2109 1823
f 1823 2109 2131
f 1823 2131 1834
f 1834 2131 2132
f 1834 2132 1911
f 2488 2429 2468
f 1660 1556 1630
f 1807 1705 1808
f 1808 1705 1703
f 1801 1658 1694
f 1630 1658 1780
f 1780 1658 1801
f 1780 1801 2034
f 1660 1630 1764
f 1764 1630 1780
f 1764 1780 1978
f 1978 1780 2034
f 1978 2034 2211
f 2561 2515 2488
f 2515 2561 2547
f 2262 2211 2252
f 2252 2211 2034
f 2252 2034 2073
f 2073 2034 1801
f 2073 1801 1807
f 1807 1801 1694
f 1807 1694 1705
f 2304 2357 2316
f 2378 2357 2317
f 2317 2357 2304
f 2317 2304 2088
f 2488 2468 2561
f 2561 2468 2509
f 2561 2509 2604
f 2604 2509 2532
f 2604 2532 2621
f 1808 1912 1807
f 1807 1912 2088
f 1807 2088 2073
f 2073 2088 2304
f 2073 2304 2252
f 2252 2304 2316
f 2252 2316 2262
f 2262 2316 2301
f 1912 2092 2088
f 2088 2092 2170
f 2088 2170 2317
f 2317 2170 2320
f 2317 2320 2378
f 2378 2320 2379
f 2378 2379 2386
f 2386 2532 2378
f 2378 2532 2509
f 2378 2509 2357
f 2357 2509 2468
f 2357 2468 2316
f 2316 2468 2429
f 2316 2429 2301
f 2386 2534 2532
f 2532 2534 2537
f 2532 2537 2621
f 2621 2537 2623
f 2621 2623 2626
f 2547 2561 2601
f 2601 2561 2604
f 2601 2604 2632
f 2632 2604 2621
f 2632 2621 2653
f 2653 2621 2626
f 2653 2626 2655
f 1489 1462 1644
f 1490 1556 1660
f 1489 1644 1555
f 1940 1979 1787
f 1787 1979 1792
f 1787 1792 1644
f 1644 1792 1659
f 1644 1659 1555
f 2226 2301 2344
f 2344 2301 2429
f 2344 2429 2416
f 2416 2429 2488
f 2416 2488 2461
f 2461 2488 2515
f 2461 2515 2471
f 2471 2515 2547
f 2471 2547 2460
f 2460 2547 2526
f 2460 2526 2417
f 2417 2526 2489
f 2417 2489 2343
f 2343 2489 2440
f 2343 2440 2225
f 2225 2440 2300
f 2225 2300 2114
f 2114 2300 2231
f 2114 2231 1940
f 1940 2231 2024
f 1940 2024 1979
f 1463 1490 1645
f 1645 1490 1660
f 1645 1660 1788
f 1788 1660 1764
f 1788 1764 1941
f 1941 1764 1978
f 1941 1978 2115
f 2115 1978 2211
f 2115 2211 2226
f 2226 2211 2262
f 2226 2262 2301
f 959 967 812
f 583 572 625
f 625 572 549
f 625 549 812
f 482 599 488
f 488 599 774
f 488 774 500
f 844 869 809
f 809 869 500
f 809 500 805
f 805 500 774
f 812 549 959
f 959 549 530
f 959 530 948
f 948 530 526
f 948 526 869
f 869 526 504
f 869 504 500
f 572 583 573
f 574 584 571
f 571 584 568
f 568 584 624
f 624 813 568
f 568 813 968
f 568 968 550
f 968 960 550
f 550 960 947
f 550 947 542
f 542 947 509
f 509 947 870
f 509 870 499
f 870 845 499
f 499 845 810
f 499 810 491
f 491 810 806
f 806 773 491
f 491 773 598
f 491 598 483
f 1559 1763 1706
f 1194 1186 1430
f 1186 1176 1430
f 1430 1176 1156
f 1430 1156 1174
f 1174 1156 1153
f 1504 1485 1643
f 1643 1485 1440
f 1643 1440 1430
f 1430 1440 1402
f 1430 1402 1194
f 1194 1402 1360
f 1194 1360 1190
f 1190 1360 1338
f 1190 1338 1184
f 1777 1684 1643
f 1643 1684 1552
f 1643 1552 1504
f 1706 1763 1907
f 1763 1858 1907
f 1907 1858 1886
f 1907 1886 1903
f 1903 1886 1901
f 1474 1468 1460
f 1460 1468 1239
f 1271 1291 1256
f 1256 1291 1366
f 1366 1377 1256
f 1256 1377 1398
f 1256 1398 1239
f 1239 1398 1405
f 1239 1405 1460
f 960 968 1274
f 1153 1136 1174
f 1174 1136 1122
f 1174 1122 1068
f 1068 1067 1174
f 1174 1067 1056
f 1174 1056 1046
f 1046 991 1174
f 1174 991 955
f 1174 955 870
f 870 955 894
f 870 894 890
f 890 866 870
f 870 866 848
f 870 848 845
f 1279 1271 1274
f 1274 1271 1256
f 1274 1256 960
f 960 1256 1239
f 960 1239 947
f 947 1239 870
f 1474 1559 1468
f 1468 1559 1706
f 1468 1706 1681
f 1681 1706 1907
f 1681 1907 1840
f 870 1239 1174
f 1174 1239 1468
f 1174 1468 1430
f 1430 1468 1681
f 1430 1681 1643
f 1643 1681 1840
f 1643 1840 1777
f 1476 1448 1624
f 1624 1448 1542
f 1624 1542 1679
f 1679 1542 1674
f 1447 1475 1541
f 1541 1475 1625
f 1541 1625 1675
f 1625 1680 1675
f 1675 1680 1721
f 1675 1721 1768
f 1768 1721 1798
f 1768 1798 1848
f 1848 1798 1864
f 1848 1864 1935
f 1935 1864 1943
f 1935 1943 1989
f 1989 1943 2003
f 1989 2003 2033
f 2033 2003 2042
f 2033 2042 2052
f 2052 2042 2054
f 2052 2054 2032
f 2032 2054 2041
f 2032 2041 1988
f 1988 2041 2002
f 1988 2002 1934
f 1934 2002 1942
f 1934 1942 1847
f 1847 1942 1865
f 1847 1865 1767
f 1767 1865 1797
f 1767 1797 1674
f 1674 1797 1720
f 1674 1720 1679
f 803 1001 998
f 744 745 783
f 725 739 788
f 725 788 670
f 692 648 657
f 738 777 789
f 789 777 803
f 803 998 789
f 789 998 782
f 789 782 727
f 727 726 789
f 789 726 716
f 789 716 738
f 738 716 696
f 738 696 646
f 1711 1538 1566
f 1566 1538 1418
f 1566 1418 1429
f 1429 1418 1246
f 1429 1246 1258
f 2119 2007 2026
f 2026 2007 1914
f 2026 1914 1932
f 1932 1914 1799
f 1932 1799 1813
f 657 670 692
f 692 670 788
f 692 788 804
f 804 788 997
f 804 997 1002
f 1002 997 1247
f 1002 1247 1257
f 1257 1247 1417
f 1257 1417 1428
f 1428 1417 1537
f 1428 1537 1567
f 1567 1537 1696
f 1567 1696 1710
f 1710 1696 1800
f 1710 1800 1812
f 1812 1800 1915
f 1812 1915 1931
f 1931 1915 2006
f 1931 2006 2025
f 2025 2006 2090
f 2025 2090 2118
f 2118 2090 2145
f 2118 2145 2158
f 2158 2145 2154
f 2158 2154 2169
f 2169 2154 2144
f 2169 2144 2159
f 1238 1015 998
f 998 1015 996
f 998 996 782
f 1001 1258 998
f 998 1258 1246
f 998 1246 1238
f 1238 1246 1418
f 1238 1418 1416
f 1711 1697 1538
f 1538 1697 1531
f 1538 1531 1418
f 1418 1531 1439
f 1418 1439 1416
f 1795 1722 1697
f 1697 1722 1693
f 1697 1693 1531
f 1711 1813 1697
f 1697 1813 1799
f 1697 1799 1795
f 1795 1799 1914
f 1795 1914 1905
f 2119 2091 2007
f 2007 2091 1992
f 2007 1992 1914
f 1914 1992 1936
f 1914 1936 1905
f 2137 2106 2091
f 2091 2106 2081
f 2091 2081 1992
f 2119 2159 2091
f 2091 2159 2144
f 2091 2144 2137
f 2137 2144 2154
f 2137 2154 2148
f 2148 2154 2146
f 2146 2154 2145
f 2146 2145 2136
f 2136 2145 2090
f 2136 2090 2082
f 2082 2090 2027
f 2027 2090 2006
f 2027 2006 1993
f 1993 2006 1915
f 1993 1915 1906
f 1906 1915 1820
f 1820 1915 1800
f 1820 1800 1796
f 1796 1800 1696
f 1796 1696 1692
f 1692 1696 1589
f 1589 1696 1537
f 1589 1537 1532
f 1532 1537 1417
f 1532 1417 1415
f 1415 1417 1281
f 1281 1417 1247
f 1281 1247 1237
f 1237 1247 997
f 1237 997 995
f 995 997 790
f 790 997 788
f 790 788 783
f 783 788 739
f 783 739 744
f 1500 1508 1647
f 1501 1486 1634
f 1635 1487 1500
f 1486 1476 1634
f 1634 1476 1624
f 1634 1624 1728
f 1728 1624 1679
f 1475 1487 1625
f 1625 1487 1635
f 1625 1635 1680
f 1680 1635 1729
f 1680 1729 1721
f 1721 1729 1804
f 1721 1804 1798
f 1798 1804 1891
f 1798 1891 1864
f 1864 1891 1953
f 1864 1953 1943
f 1943 1953 2016
f 1943 2016 2003
f 2003 2016 2061
f 2003 2061 2042
f 2042 2061 2070
f 2042 2070 2054
f 2054 2070 2062
f 2054 2062 2041
f 2041 2062 2017
f 2041 2017 2002
f 2002 2017 1954
f 2002 1954 1942
f 1942 1954 1892
f 1942 1892 1865
f 1865 1892 1803
f 1865 1803 1797
f 1797 1803 1728
f 1797 1728 1720
f 1720 1728 1679
f 1500 1647 1635
f 1635 1647 1751
f 1635 1751 1729
f 1729 1751 1821
f 1729 1821 1804
f 1804 1821 1919
f 1804 1919 1891
f 1891 1919 1983
f 1891 1983 1953
f 1953 1983 2063
f 1953 2063 2016
f 2016 2063 2101
f 2016 2101 2061
f 2061 2101 2110
f 2061 2110 2070
f 2070 2110 2102
f 2070 2102 2062
f 2062 2102 2064
f 2062 2064 2017
f 2017 2064 1982
f 2017 1982 1954
f 1954 1982 1918
f 1954 1918 1892
f 1892 1918 1822
f 1892 1822 1803
f 1803 1822 1750
f 1803 1750 1728
f 1728 1750 1646
f 1728 1646 1634
f 1634 1646 1507
f 1634 1507 1501
f 1711 1566 1601
f 1001 803 879
f 878 804 1002
f 1257 1226 1002
f 1002 1226 989
f 1002 989 878
f 1567 1506 1428
f 1428 1506 1403
f 1428 1403 1257
f 1257 1403 1293
f 1257 1293 1226
f 1710 1812 1837
f 1837 1782 1710
f 1710 1782 1668
f 1710 1668 1567
f 1567 1668 1602
f 1567 1602 1506
f 2118 2111 2025
f 2025 2111 2084
f 2025 2084 1931
f 1931 2084 2009
f 1931 2009 1812
f 1812 2009 1898
f 1812 1898 1837
f 2169 2193 2158
f 2158 2193 2188
f 2158 2188 2118
f 2118 2188 2167
f 2118 2167 2111
f 2159 2194 2169
f 2169 2194 2210
f 2169 2210 2193
f 2026 2112 2119
f 2119 2112 2166
f 2119 2166 2159
f 2159 2166 2189
f 2159 2189 2194
f 1813 1899 1932
f 1932 1899 2008
f 1932 2008 2026
f 2026 2008 2083
f 2026 2083 2112
f 1601 1669 1711
f 1711 1669 1781
f 1711 1781 1813
f 1813 1781 1838
f 1813 1838 1899
f 879 988 1001
f 1001 988 1225
f 1001 1225 1258
f 1258 1225 1292
f 1258 1292 1429
f 1429 1292 1404
f 1429 1404 1566
f 1566 1404 1505
f 1566 1505 1601
f 1549 1507 1646
f 1569 1520 1558
f 1757 1604 1569
f 1757 1569 1843
f 1843 1569 1558
f 1843 1558 1574
f 1548 1573 1844
f 1844 1573 1557
f 1568 1603 1616
f 1557 1519 1844
f 1844 1519 1568
f 1844 1568 1758
f 1758 1568 1616
f 1574 1549 1843
f 1843 1549 1646
f 1843 1646 1896
f 1896 1646 1750
f 1896 1750 2059
f 2059 1750 2165
f 2165 1750 1822
f 2165 1822 2179
f 2179 1822 1918
f 2179 1918 2312
f 2312 1918 2396
f 2396 1918 1982
f 2396 1982 2465
f 2465 1982 2064
f 2465 2064 2502
f 2502 2064 2102
f 2502 2102 2513
f 2513 2102 2110
f 2513 2110 2501
f 2501 2110 2101
f 2501 2101 2464
f 2464 2101 2063
f 2464 2063 2395
f 2395 2063 1983
f 2395 1983 2313
f 2313 1983 1919
f 2313 1919 2178
f 2178 1919 1821
f 2178 1821 2164
f 2164 1821 2060
f 2060 1821 1751
f 2060 1751 1897
f 1897 1751 1647
f 1897 1647 1844
f 1844 1647 1508
f 1844 1508 1548
f 1629 1604 1757
f 1628 1648 1772
f 1924 1771 1757
f 1757 1771 1649
f 1757 1649 1629
f 1757 1843 1924
f 1924 1843 1896
f 1924 1896 2099
f 2099 1896 2059
f 2099 2059 2218
f 2059 2165 2218
f 2218 2165 2179
f 2218 2179 2352
f 2352 2179 2312
f 2352 2312 2437
f 2437 2312 2396
f 2437 2396 2503
f 2503 2396 2465
f 2503 2465 2539
f 2539 2465 2502
f 2539 2502 2548
f 2548 2502 2513
f 2548 2513 2540
f 2540 2513 2501
f 2540 2501 2504
f 2504 2501 2464
f 2504 2464 2436
f 2436 2464 2395
f 2436 2395 2351
f 2351 2395 2313
f 2351 2313 2217
f 2313 2178 2217
f 2217 2178 2164
f 2217 2164 2098
f 2098 2164 2060
f 2098 2060 1923
f 2060 1897 1923
f 1923 1897 1844
f 1923 1844 1772
f 1772 1844 1758
f 1772 1758 1628
f 1628 1758 1616
f 1628 1616 1603
f 829 970 968
f 968 970 1274
f 1282 976 1286
f 1286 976 973
f 1286 973 1289
f 1279 1274 1282
f 1282 1274 970
f 1282 970 976
f 976 970 829
f 976 829 973
f 973 829 749
f 973 749 644
f 2638 2644 2615
f 2666 2662 2628
f 2432 2430 2425
f 2425 2430 2358
f 2425 2358 2338
f 2224 2222 2206
f 2234 2342 2229
f 2229 2342 2207
f 2229 2207 2195
f 2195 2207 2185
f 2076 2126 2150
f 2185 2207 2150
f 2150 2207 2175
f 2150 2175 2076
f 2126 2076 2018
f 2018 2076 1955
f 2018 1955 1971
f 1907 1903 1955
f 1955 1903 1901
f 1955 1901 1971
f 1777 1831 1890
f 1890 1831 1959
f 1890 1959 1933
f 2105 2001 1959
f 1959 2001 1999
f 1959 1999 1933
f 2222 2172 2206
f 2206 2172 2142
f 2206 2142 2105
f 2105 2142 2013
f 2105 2013 2001
f 2432 2425 2518
f 2518 2425 2517
f 2518 2517 2552
f 2622 2671 2666
f 2593 2663 2669
f 2638 2615 2637
f 2375 2345 2381
f 2381 2345 2421
f 2381 2421 2449
f 2449 2421 2493
f 2449 2493 2590
f 2335 2319 2337
f 2337 2319 2324
f 2337 2324 2328
f 2257 2271 2243
f 2243 2271 2309
f 2243 2309 2362
f 2373 2335 2375
f 2375 2335 2337
f 2375 2337 2345
f 2345 2337 2328
f 2345 2328 2421
f 1831 1947 1959
f 1959 1947 2097
f 1959 2097 2105
f 2105 2097 2190
f 2105 2190 2206
f 2206 2190 2318
f 2557 2578 2568
f 2568 2578 2572
f 2568 2572 2570
f 2570 2572 2574
f 2628 2594 2576
f 2224 2206 2338
f 2338 2206 2318
f 2338 2318 2425
f 2425 2318 2424
f 2425 2424 2517
f 2666 2628 2622
f 2622 2628 2576
f 2622 2576 2533
f 2533 2576 2529
f 2533 2529 2486
f 2644 2654 2615
f 2615 2654 2646
f 2615 2646 2506
f 2506 2646 2544
f 2506 2544 2447
f 2233 2297 2377
f 2377 2297 2418
f 2377 2418 2451
f 2451 2418 2472
f 2451 2472 2524
f 2524 2472 2528
f 2524 2528 2565
f 2565 2528 2571
f 2565 2571 2583
f 2373 2375 2447
f 2447 2375 2381
f 2447 2381 2506
f 2506 2381 2449
f 2506 2449 2615
f 2615 2449 2590
f 2615 2590 2637
f 2637 2590 2493
f 2637 2493 2651
f 2654 2663 2646
f 2646 2663 2593
f 2646 2593 2544
f 2544 2593 2494
f 2544 2494 2447
f 2447 2494 2444
f 2447 2444 2373
f 2373 2444 2362
f 2373 2362 2335
f 2335 2362 2309
f 2335 2309 2319
f 2234 2243 2342
f 2342 2243 2362
f 2342 2362 2435
f 2435 2362 2444
f 2435 2444 2486
f 2486 2444 2494
f 2486 2494 2533
f 2533 2494 2593
f 2533 2593 2622
f 2622 2593 2669
f 2622 2669 2671
f 1840 1922 1944
f 1944 1922 2023
f 1944 2023 2078
f 2078 2023 2149
f 2078 2149 2177
f 2177 2149 2233
f 2177 2233 2314
f 2314 2233 2377
f 2314 2377 2412
f 2412 2377 2451
f 2412 2451 2500
f 2500 2451 2524
f 2500 2524 2553
f 2553 2524 2565
f 2553 2565 2579
f 2579 2565 2583
f 2579 2583 2582
f 2570 2564 2568
f 2568 2564 2552
f 2568 2552 2557
f 2557 2552 2517
f 2557 2517 2525
f 2525 2517 2424
f 2525 2424 2426
f 2426 2424 2318
f 2426 2318 2321
f 2321 2318 2190
f 1840 1907 1922
f 1922 1907 1955
f 1922 1955 2023
f 2023 1955 2076
f 2023 2076 2149
f 2149 2076 2175
f 2149 2175 2233
f 2233 2175 2207
f 2233 2207 2297
f 2297 2207 2342
f 2297 2342 2418
f 2418 2342 2435
f 2418 2435 2472
f 2472 2435 2486
f 2472 2486 2528
f 2528 2486 2529
f 2528 2529 2571
f 2571 2529 2576
f 2571 2576 2583
f 2583 2576 2594
f 2583 2594 2582
f 1777 1840 1831
f 1831 1840 1944
f 1831 1944 1947
f 1947 1944 2078
f 1947 2078 2097
f 2097 2078 2177
f 2097 2177 2190
f 2190 2177 2314
f 2190 2314 2321
f 2321 2314 2412
f 2321 2412 2426
f 2426 2412 2500
f 2426 2500 2525
f 2525 2500 2553
f 2525 2553 2557
f 2557 2553 2579
f 2557 2579 2578
f 2578 2579 2582
f 2578 2582 2572
f 2572 2582 2594
f 2572 2594 2574
f 2574 2594 2628
f 2574 2628 2597
f 2597 2628 2662
f 1552 1684 1685
f 1552 1685 1564
f 1564 1685 1690
f 1564 1690 1572
f 1577 1572 1686
f 1686 1572 1690
f 1686 1690 1773
f 1773 1690 1783
f 1783 1690 1685
f 1783 1685 1779
f 1779 1685 1684
f 1779 1684 1777
f 1576 1774 1571
f 1571 1774 1784
f 1571 1784 1565
f 1565 1784 1563
f 1563 1784 1778
f 1563 1778 1553
f 2560 2595 2543
f 1824 1836 1951
f 2163 2143 2043
f 2640 2616 2649
f 2639 2636 2581
f 2581 2636 2650
f 2366 2370 2371
f 1958 1904 1927
f 1927 1904 1908
f 1927 1908 1839
f 2019 1972 1958
f 1958 1972 1902
f 1958 1902 1904
f 2235 2230 2227
f 2227 2230 2196
f 2151 2181 2184
f 2184 2181 2196
f 2196 2181 2227
f 2227 2181 2290
f 2227 2290 2235
f 2235 2290 2333
f 2235 2333 2246
f 2258 2246 2291
f 2291 2246 2333
f 2291 2333 2354
f 2370 2366 2361
f 2376 2411 2380
f 2380 2411 2438
f 2380 2438 2414
f 2414 2438 2581
f 2414 2581 2491
f 2491 2581 2650
f 2616 2505 2649
f 2649 2505 2543
f 2649 2543 2659
f 2659 2543 2595
f 2659 2595 2668
f 2667 2670 2635
f 2661 2657 2660
f 2660 2657 2645
f 2660 2645 2658
f 2658 2645 2643
f 2658 2643 2656
f 2431 2492 2477
f 2477 2492 2596
f 2477 2596 2580
f 2580 2596 2627
f 2580 2627 2624
f 2624 2627 2652
f 2624 2652 2633
f 2384 2372 2241
f 2176 2223 2241
f 2241 2223 2267
f 2241 2267 2384
f 2384 2267 2382
f 2384 2382 2387
f 2043 2143 2022
f 1975 1939 2000
f 1824 1778 1836
f 1836 1778 1789
f 1836 1789 1900
f 2127 2019 2087
f 2087 2019 1958
f 2087 1958 2036
f 2036 1958 1927
f 2036 1927 1951
f 1951 1927 1839
f 1951 1839 1824
f 2151 2127 2181
f 2181 2127 2087
f 2181 2087 2160
f 2160 2087 2036
f 2160 2036 2103
f 2103 2036 1951
f 2103 1951 1960
f 1960 1951 1836
f 2366 2354 2361
f 2361 2354 2333
f 2361 2333 2374
f 2374 2333 2290
f 2374 2290 2325
f 2325 2290 2181
f 2325 2181 2270
f 2270 2181 2160
f 2270 2160 2201
f 2201 2160 2103
f 2201 2103 2128
f 2128 2103 1960
f 2128 1960 1975
f 1975 1960 1836
f 1975 1836 1939
f 1939 1836 1900
f 2657 2634 2645
f 2645 2634 2631
f 2645 2631 2643
f 2643 2631 2633
f 2643 2633 2656
f 2656 2633 2652
f 2634 2613 2631
f 2631 2613 2608
f 2631 2608 2633
f 2633 2608 2606
f 2633 2606 2624
f 2624 2606 2573
f 2624 2573 2580
f 2580 2573 2475
f 2580 2475 2477
f 2613 2554 2608
f 2608 2554 2551
f 2608 2551 2606
f 2606 2551 2538
f 2606 2538 2573
f 2573 2538 2467
f 2573 2467 2475
f 2475 2467 2372
f 2475 2372 2477
f 2477 2372 2384
f 2477 2384 2431
f 2431 2384 2387
f 2661 2667 2657
f 2657 2667 2635
f 2657 2635 2634
f 2634 2635 2614
f 2634 2614 2613
f 2613 2614 2556
f 2613 2556 2554
f 2554 2556 2519
f 2228 2367 2349
f 2349 2367 2445
f 2349 2445 2407
f 2407 2445 2497
f 2407 2497 2448
f 2448 2497 2510
f 2448 2510 2466
f 2466 2510 2516
f 2466 2516 2470
f 2470 2516 2479
f 2163 2176 2143
f 2143 2176 2241
f 2143 2241 2228
f 2228 2241 2372
f 2228 2372 2367
f 2367 2372 2467
f 2367 2467 2445
f 2445 2467 2538
f 2445 2538 2497
f 2497 2538 2551
f 2497 2551 2510
f 2510 2551 2554
f 2510 2554 2516
f 2516 2554 2519
f 2516 2519 2479
f 2560 2543 2523
f 2523 2543 2505
f 2523 2505 2480
f 2480 2505 2443
f 2480 2443 2439
f 2439 2443 2408
f 2439 2408 2404
f 2376 2408 2411
f 2411 2408 2443
f 2411 2443 2438
f 2438 2443 2505
f 2438 2505 2581
f 2581 2505 2616
f 2581 2616 2639
f 2639 2616 2640
f 2670 2668 2635
f 2635 2668 2595
f 2635 2595 2614
f 2614 2595 2560
f 2614 2560 2556
f 2556 2560 2523
f 2556 2523 2519
f 2519 2523 2480
f 2519 2480 2479
f 2479 2480 2439
f 2479 2439 2470
f 2470 2439 2404
f 2470 2404 2466
f 2466 2404 2392
f 2466 2392 2448
f 2376 2371 2408
f 2408 2371 2370
f 2408 2370 2404
f 2404 2370 2361
f 2404 2361 2392
f 2392 2361 2374
f 2392 2374 2448
f 2448 2374 2325
f 2448 2325 2407
f 2407 2325 2270
f 2407 2270 2349
f 2349 2270 2201
f 2349 2201 2228
f 2228 2201 2128
f 2228 2128 2143
f 2143 2128 1975
f 2143 1975 2022
f 2022 1975 2000
f 2498 2610 2641
f 2421 2328 2259
f 2259 2328 2324
f 2259 2324 2319
f 2319 2309 2259
f 2259 2309 2271
f 2259 2271 2257
f 2648 2651 2493
f 2261 2264 2453
f 2421 2259 2490
f 2490 2259 2261
f 2490 2261 2482
f 2482 2261 2453
f 2482 2453 2498
f 2498 2641 2482
f 2482 2641 2648
f 2482 2648 2490
f 2490 2648 2493
f 2490 2493 2421
f 1999 2001 2004
f 1977 1773 1783
f 2004 2220 2121
f 2428 2592 2550
f 2550 2457 2428
f 2428 2457 2405
f 2428 2405 2220
f 2220 2405 2198
f 2220 2198 2121
f 1999 2004 1933
f 2121 1977 2004
f 2004 1977 1783
f 2004 1783 1933
f 1933 1783 1779
f 1933 1779 1890
f 1890 1779 1777
f 2001 2013 2004
f 2004 2013 2142
f 2004 2142 2220
f 2220 2142 2172
f 2220 2172 2222
f 2358 2428 2338
f 2338 2428 2220
f 2338 2220 2224
f 2224 2220 2222
f 2552 2564 2592
f 2358 2430 2428
f 2428 2430 2432
f 2428 2432 2592
f 2592 2432 2518
f 2592 2518 2552
f 2564 2570 2592
f 2592 2570 2574
f 2592 2574 2597
f 2735 2722 2731
f 2731 2722 2720
f 2651 2686 2637
f 2637 2686 2683
f 2637 2683 2638
f 2638 2683 2685
f 2638 2685 2644
f 2691 2677 2597
f 2691 2597 2705
f 2747 2745 2735
f 2735 2745 2732
f 2735 2732 2722
f 2686 2694 2683
f 2683 2694 2702
f 2683 2702 2685
f 2685 2702 2712
f 2685 2712 2736
f 2597 2662 2705
f 2705 2662 2666
f 2705 2666 2710
f 2704 2677 2727
f 2727 2677 2691
f 2727 2691 2740
f 2740 2691 2705
f 2740 2705 2742
f 2742 2705 2710
f 2742 2710 2736
f 2736 2710 2696
f 2736 2696 2685
f 2685 2696 2654
f 2685 2654 2644
f 2738 2729 2754
f 2754 2729 2744
f 2754 2744 2755
f 2755 2744 2750
f 2755 2750 2756
f 2756 2750 2753
f 2756 2753 2749
f 2749 2753 2745
f 2749 2745 2748
f 2748 2745 2747
f 2666 2671 2710
f 2710 2671 2669
f 2710 2669 2696
f 2696 2669 2663
f 2696 2663 2654
f 2694 2720 2702
f 2702 2720 2722
f 2702 2722 2712
f 2712 2722 2732
f 2712 2732 2736
f 2736 2732 2745
f 2736 2745 2742
f 2742 2745 2753
f 2742 2753 2740
f 2740 2753 2750
f 2740 2750 2727
f 2727 2750 2744
f 2727 2744 2704
f 2704 2744 2729
f 2022 2000 2005
f 2492 2431 2427
f 2456 2549 2591
f 2221 2197 2427
f 2427 2197 2406
f 2427 2406 2456
f 1784 1774 2005
f 2005 1774 1976
f 2005 1976 2221
f 2221 1976 2120
f 2221 2120 2197
f 2456 2591 2427
f 2427 2591 2596
f 2427 2596 2492
f 2431 2387 2427
f 2427 2387 2382
f 2427 2382 2221
f 2221 2382 2267
f 2221 2267 2223
f 2223 2176 2221
f 2221 2176 2163
f 2221 2163 2005
f 2005 2163 2043
f 2005 2043 2022
f 2000 1939 2005
f 2005 1939 1900
f 2005 1900 1784
f 1784 1900 1789
f 1784 1789 1778
f 2723 2733 2735
f 2733 2711 2737
f 2689 2650 2682
f 2682 2650 2636
f 2682 2636 2684
f 2706 2661 2660
f 2660 2658 2706
f 2706 2658 2656
f 2706 2656 2690
f 2596 2676 2627
f 2627 2676 2690
f 2627 2690 2652
f 2652 2690 2656
f 2636 2639 2684
f 2684 2639 2640
f 2684 2640 2695
f 2711 2733 2701
f 2701 2733 2723
f 2701 2723 2719
f 2719 2723 2735
f 2719 2735 2731
f 2746 2748 2747
f 2703 2730 2728
f 2728 2730 2743
f 2728 2743 2739
f 2739 2743 2751
f 2739 2751 2741
f 2741 2751 2752
f 2741 2752 2737
f 2737 2752 2746
f 2737 2746 2733
f 2733 2746 2747
f 2733 2747 2735
f 2709 2670 2706
f 2706 2670 2667
f 2706 2667 2661
f 2640 2649 2695
f 2695 2649 2659
f 2695 2659 2709
f 2709 2659 2668
f 2709 2668 2670
f 2730 2738 2743
f 2743 2738 2754
f 2743 2754 2751
f 2751 2754 2755
f 2751 2755 2752
f 2752 2755 2756
f 2752 2756 2746
f 2746 2756 2749
f 2746 2749 2748
f 2719 2689 2701
f 2701 2689 2682
f 2701 2682 2711
f 2711 2682 2684
f 2711 2684 2737
f 2737 2684 2695
f 2737 2695 2741
f 2741 2695 2709
f 2741 2709 2739
f 2739 2709 2706
f 2739 2706 2728
f 2728 2706 2690
f 2728 2690 2703
f 2703 2690 2676
f 2260 2487 2481
f 2260 2481 2263
f 2258 2291 2260
f 2260 2291 2354
f 2354 2366 2260
f 2260 2366 2371
f 2260 2371 2376
f 2376 2380 2260
f 2260 2380 2414
f 2260 2414 2487
f 2487 2414 2491
f 2265 2263 2452
f 2452 2263 2481
f 2452 2481 2499
f 2499 2481 2609
f 2609 2481 2642
f 2642 2481 2487
f 2642 2487 2647
f 2647 2487 2491
f 2647 2491 2650
f 2647 2650 2689
f 2609 2642 2679
f 2679 2642 2687
f 2717 2726 2716
f 2716 2708 2717
f 2717 2708 2699
f 2717 2699 2687
f 2687 2699 2680
f 2687 2680 2679
f 2731 2726 2719
f 2719 2726 2717
f 2719 2717 2689
f 2689 2717 2687
f 2689 2687 2647
f 2647 2687 2642
f 2716 2726 2707
f 2707 2726 2718
f 2648 2641 2688
f 2688 2641 2610
f 2610 2678 2688
f 2688 2678 2681
f 2688 2681 2718
f 2718 2681 2700
f 2718 2700 2707
f 2726 2731 2718
f 2718 2731 2720
f 2718 2720 2688
f 2688 2720 2694
f 2688 2694 2648
f 2648 2694 2686
f 2648 2686 2651
f 2675 2665 2592
f 2592 2665 2550
f 2734 2721 2724
f 2724 2721 2713
f 2724 2713 2698
f 2698 2713 2693
f 2698 2693 2675
f 2675 2693 2673
f 2675 2673 2665
f 2738 2734 2729
f 2729 2734 2724
f 2729 2724 2704
f 2704 2724 2698
f 2704 2698 2677
f 2677 2698 2675
f 2677 2675 2597
f 2597 2675 2592
f 2674 2591 2549
f 2721 2734 2715
f 2715 2734 2725
f 2549 2664 2674
f 2674 2664 2672
f 2674 2672 2697
f 2697 2672 2692
f 2697 2692 2725
f 2725 2692 2714
f 2725 2714 2715
f 2596 2591 2676
f 2676 2591 2674
f 2676 2674 2703
f 2703 2674 2697
f 2703 2697 2730
f 2730 2697 2725
f 2730 2725 2738
f 2738 2725 2734
f 1144 1173 1168
f 1168 1173 1184
f 1181 1194 1190
f 1119 1145 1144
f 1144 1145 1181
f 1144 1181 1173
f 1173 1181 1190
f 1173 1190 1184
f 865 862 780
f 780 862 681
f 780 681 676
f 676 681 564
f 564 681 465
f 564 465 464
f 799 774 599
f 850 673 859
f 859 673 681
f 859 681 862
f 850 847 673
f 673 847 636
f 673 636 474
f 474 472 673
f 673 472 470
f 673 470 681
f 681 470 468
f 681 468 465
f 595 587 481
f 481 479 595
f 595 479 636
f 636 479 476
f 636 476 474
f 847 837 636
f 636 837 799
f 636 799 595
f 595 799 599
f 595 599 587
f 587 599 482
f 587 482 481
f 1106 1107 1098
f 1170 1154 1135
f 1127 1123 1073
f 1049 1045 1039
f 1051 1065 1059
f 1107 1106 1137
f 1063 1066 1064
f 1064 1066 1091
f 1064 1091 1104
f 1059 1049 1051
f 1051 1049 1039
f 1051 1039 1035
f 1035 1039 1016
f 1123 1065 1073
f 1073 1065 1051
f 1073 1051 1050
f 1050 1051 1035
f 1050 1035 1042
f 1042 1035 1016
f 1042 1016 1009
f 1042 1063 1050
f 1050 1063 1064
f 1050 1064 1073
f 1073 1064 1104
f 1073 1104 1127
f 1127 1104 1135
f 1127 1135 1141
f 1141 1135 1154
f 1091 1098 1104
f 1104 1098 1107
f 1104 1107 1135
f 1135 1107 1137
f 1135 1137 1170
f 1170 1137 1171
f 1170 1171 1175
f 1193 1175 1165
f 1165 1175 1171
f 1165 1171 1128
f 1128 1171 1137
f 1128 1137 1120
f 1120 1137 1106
f 1060 1063 1042
f 1060 1042 1043
f 1043 1042 1009
f 1043 1009 1012
f 1046 1029 991
f 991 1029 955
f 1011 982 1010
f 1010 982 983
f 1010 983 1029
f 1029 983 980
f 1029 980 955
f 1194 1181 1186
f 1176 1155 1156
f 1156 1155 1153
f 1136 1115 1122
f 1122 1115 1105
f 1122 1105 1068
f 1056 1067 1037
f 1121 1114 1100
f 1186 1181 1176
f 1176 1181 1145
f 1176 1145 1155
f 1155 1145 1119
f 1155 1119 1118
f 1044 1010 1037
f 1037 1010 1029
f 1037 1029 1056
f 1056 1029 1046
f 1037 1057 1044
f 1044 1057 1090
f 1044 1090 1062
f 1062 1090 1101
f 1062 1101 1099
f 1136 1153 1115
f 1115 1153 1155
f 1115 1155 1121
f 1121 1155 1118
f 1121 1118 1114
f 1067 1068 1037
f 1037 1068 1105
f 1037 1105 1057
f 1057 1105 1115
f 1057 1115 1090
f 1090 1115 1121
f 1090 1121 1101
f 1101 1121 1100
f 1101 1100 1099
f 864 863 781
f 864 781 682
f 682 781 693
f 682 693 466
f 466 693 565
f 466 565 463
f 858 864 682
f 586 480 483
f 478 594 475
f 475 594 637
f 467 469 672
f 672 469 471
f 672 471 637
f 637 471 473
f 637 473 475
f 849 858 672
f 672 858 682
f 672 682 467
f 467 682 466
f 483 598 586
f 586 598 594
f 586 594 480
f 480 594 478
f 849 672 843
f 843 672 637
f 843 637 838
f 838 637 594
f 838 594 802
f 802 594 598
f 802 598 773
f 866 854 848
f 848 854 845
f 845 854 842
f 845 842 810
f 943 955 980
f 955 943 894
f 894 943 899
f 894 899 890
f 890 899 866
f 866 899 874
f 866 874 854
f 854 874 855
f 854 855 842
f 983 966 963
f 963 966 949
f 963 949 951
f 951 949 898
f 951 898 895
f 895 898 884
f 895 884 871
f 871 884 873
f 871 873 858
f 858 873 867
f 858 867 864
f 858 855 871
f 871 855 874
f 871 874 895
f 895 874 899
f 895 899 951
f 951 899 943
f 951 943 963
f 963 943 980
f 963 980 983
f 773 806 802
f 802 806 810
f 802 810 838
f 838 810 842
f 838 842 843
f 843 842 855
f 843 855 849
f 849 855 858
f 863 864 867
f 863 867 868
f 868 867 873
f 868 873 883
f 873 884 883
f 883 884 898
f 883 898 950
f 983 982 966
f 966 982 950
f 966 950 949
f 949 950 898
f 981 992 956
f 956 992 954
f 985 1012 984
f 984 1012 1009
f 984 1009 981
f 981 1009 1016
f 981 1016 992
f 992 1016 1039
f 992 1039 1045
f 861 851 877
f 844 809 841
f 844 841 846
f 861 877 885
f 940 952 956
f 956 952 981
f 774 799 805
f 805 799 809
f 859 862 875
f 859 872 850
f 850 872 860
f 809 799 841
f 841 799 837
f 841 837 860
f 860 837 847
f 860 847 850
f 872 896 860
f 860 896 877
f 860 877 841
f 841 877 851
f 841 851 846
f 846 851 861
f 897 942 952
f 952 942 953
f 952 953 981
f 981 953 972
f 981 972 984
f 859 875 872
f 872 875 897
f 872 897 896
f 896 897 952
f 896 952 877
f 877 952 940
f 877 940 885
f 885 940 956
f 885 956 954
f 985 984 972
f 985 972 971
f 971 972 953
f 971 953 941
f 953 942 941
f 941 942 897
f 941 897 876
f 897 875 876
f 876 875 862
f 876 862 865
f 139 138 186
f 139 186 141
f 187 200 145
f 145 200 147
f 312 316 249
f 249 316 253
f 145 144 187
f 187 144 185
f 187 185 247
f 314 312 247
f 247 312 249
f 247 249 187
f 187 249 253
f 187 253 200
f 318 314 250
f 250 314 247
f 250 247 186
f 186 247 185
f 186 185 141
f 141 185 144
f 441 403 398
f 457 543 524
f 349 325 355
f 543 457 553
f 522 572 573
f 357 398 355
f 355 398 403
f 355 403 349
f 361 411 357
f 357 411 408
f 357 408 398
f 361 357 314
f 314 357 355
f 314 355 312
f 312 355 325
f 312 325 316
f 573 553 522
f 522 553 457
f 522 457 405
f 314 318 361
f 361 318 405
f 361 405 411
f 411 405 457
f 411 457 408
f 408 457 524
f 408 524 398
f 398 524 513
f 398 513 441
f 441 513 511
f 441 511 507
f 362 320 326
f 482 397 401
f 482 401 481
f 481 401 414
f 481 414 479
f 439 428 465
f 465 468 439
f 439 468 470
f 439 470 435
f 435 470 472
f 435 472 433
f 433 472 474
f 433 474 416
f 416 474 476
f 416 476 414
f 414 476 479
f 397 362 401
f 401 362 326
f 401 326 414
f 414 326 347
f 414 347 416
f 416 347 359
f 416 359 433
f 433 359 371
f 433 371 435
f 435 371 374
f 435 374 439
f 439 374 382
f 439 382 428
f 191 204 175
f 175 204 171
f 175 171 154
f 338 334 331
f 331 334 329
f 331 329 327
f 338 340 334
f 334 340 343
f 334 343 345
f 338 298 340
f 340 298 308
f 121 154 122
f 122 154 171
f 122 171 127
f 341 335 344
f 344 335 346
f 328 330 332
f 332 330 335
f 332 335 339
f 339 335 341
f 299 339 309
f 309 339 341
f 292 271 252
f 261 284 294
f 252 223 261
f 261 223 260
f 261 260 284
f 191 223 204
f 204 223 252
f 204 252 233
f 233 252 271
f 294 299 261
f 261 299 309
f 261 309 252
f 252 309 305
f 252 305 292
f 224 190 203
f 232 272 251
f 251 272 293
f 251 293 304
f 283 259 262
f 262 259 224
f 262 224 251
f 251 224 203
f 251 203 232
f 304 308 251
f 251 308 298
f 251 298 262
f 262 298 295
f 262 295 283
f 203 190 170
f 170 190 174
f 170 174 153
f 110 154 121
f 93 77 158
f 40 75 57
f 57 75 103
f 158 77 103
f 103 77 69
f 103 69 57
f 258 175 214
f 214 175 154
f 214 154 158
f 158 154 110
f 158 110 93
f 339 299 332
f 332 299 294
f 294 284 332
f 332 284 260
f 332 260 328
f 328 260 223
f 328 223 258
f 258 223 191
f 258 191 175
f 39 74 16
f 16 74 46
f 75 40 47
f 47 40 18
f 18 12 47
f 47 12 11
f 47 11 21
f 21 11 9
f 21 9 46
f 46 9 10
f 46 10 16
f 153 108 120
f 298 338 295
f 295 338 331
f 257 224 327
f 327 224 259
f 327 259 331
f 331 259 283
f 331 283 295
f 213 174 257
f 257 174 190
f 257 190 224
f 76 86 157
f 157 86 108
f 157 108 213
f 213 108 153
f 213 153 174
f 76 157 70
f 70 157 102
f 70 102 55
f 55 102 74
f 55 74 39
f 383 381 427
f 383 427 426
f 426 427 466
f 426 466 463
f 522 405 404
f 404 405 318
f 404 318 307
f 391 530 549
f 386 504 391
f 391 504 526
f 391 526 530
f 362 397 369
f 369 397 482
f 369 482 378
f 378 482 488
f 378 488 386
f 386 488 500
f 386 500 504
f 280 270 288
f 572 522 549
f 549 522 404
f 549 404 391
f 391 404 307
f 391 307 386
f 386 307 290
f 386 290 378
f 378 290 280
f 378 280 369
f 369 280 288
f 369 288 362
f 362 288 320
f 1420 1511 1492
f 1492 1511 1525
f 1528 1492 1544
f 1544 1492 1525
f 1544 1525 1554
f 1554 1525 1543
f 1421 1420 1437
f 1437 1420 1492
f 1437 1492 1447
f 1500 1487 1492
f 1492 1487 1475
f 1492 1475 1447
f 1573 1548 1497
f 1492 1496 1500
f 1500 1496 1497
f 1500 1497 1508
f 1508 1497 1548
f 1571 1565 1557
f 1497 1539 1573
f 1573 1539 1575
f 1573 1575 1557
f 1557 1575 1576
f 1557 1576 1571
f 1565 1563 1557
f 1557 1563 1553
f 1557 1553 1519
f 1519 1553 1502
f 1519 1502 1443
f 1443 1502 1478
f 1340 1337 1399
f 1399 1337 1443
f 1399 1443 1435
f 1435 1443 1478
f 440 427 381
f 466 427 467
f 467 427 440
f 467 440 469
f 469 440 471
f 440 436 471
f 471 436 434
f 471 434 473
f 473 434 475
f 434 415 475
f 475 415 413
f 475 413 478
f 478 413 400
f 478 400 480
f 480 400 396
f 480 396 483
f 324 321 363
f 381 376 440
f 440 376 372
f 440 372 436
f 436 372 364
f 436 364 434
f 434 364 352
f 434 352 415
f 415 352 342
f 415 342 413
f 413 342 324
f 413 324 400
f 400 324 363
f 400 363 396
f 630 642 640
f 640 633 622
f 621 630 620
f 620 630 640
f 620 640 510
f 510 640 622
f 622 508 510
f 510 508 477
f 510 477 456
f 456 477 442
f 456 442 443
f 443 442 402
f 443 402 395
f 395 402 393
f 395 393 351
f 282 303 315
f 315 303 351
f 315 351 348
f 348 351 393
f 199 149 148
f 148 151 199
f 199 151 156
f 199 156 160
f 160 163 199
f 199 163 166
f 199 166 178
f 149 199 228
f 228 199 230
f 228 230 282
f 282 230 286
f 282 286 303
f 458 571 419
f 477 508 512
f 574 571 546
f 546 571 458
f 546 458 529
f 393 402 399
f 399 402 442
f 477 512 442
f 315 348 356
f 412 360 358
f 358 360 313
f 358 313 356
f 356 313 311
f 356 311 315
f 512 525 453
f 442 512 399
f 399 512 453
f 399 453 407
f 317 313 333
f 333 313 360
f 333 360 419
f 419 360 412
f 419 412 458
f 348 393 356
f 356 393 399
f 356 399 358
f 358 399 407
f 358 407 412
f 412 407 453
f 412 453 458
f 458 453 525
f 458 525 529
f 1839 1908 1704
f 948 1233 1248
f 1170 1175 1427
f 1427 1175 1193
f 1427 1193 1399
f 1399 1193 1189
f 1399 1189 1340
f 1340 1189 1185
f 869 844 846
f 1045 1049 1169
f 1045 1169 992
f 846 861 869
f 869 861 885
f 869 885 1169
f 1169 885 954
f 1169 954 992
f 1049 1059 1169
f 1169 1059 1065
f 1169 1065 1123
f 1123 1127 1169
f 1169 1127 1141
f 1169 1141 1427
f 1427 1141 1154
f 1427 1154 1170
f 948 1248 959
f 959 1248 1255
f 959 1255 967
f 1376 1332 1248
f 1376 1248 1381
f 1280 1255 1275
f 1275 1255 1248
f 1275 1248 1285
f 1285 1248 1332
f 1233 1409 1248
f 1248 1409 1401
f 1248 1401 1381
f 1562 1481 1466
f 1466 1481 1464
f 1466 1464 1233
f 1233 1464 1453
f 1233 1453 1409
f 1687 1704 1861
f 1861 1704 1908
f 1861 1908 1885
f 1885 1908 1904
f 1885 1904 1902
f 1642 1553 1778
f 1435 1478 1642
f 1642 1478 1502
f 1642 1502 1553
f 1642 1676 1466
f 1778 1824 1642
f 1642 1824 1839
f 1642 1839 1676
f 1676 1839 1704
f 1676 1704 1466
f 1466 1704 1687
f 1466 1687 1562
f 948 869 1233
f 1233 869 1169
f 1233 1169 1466
f 1466 1169 1427
f 1466 1427 1642
f 1642 1427 1399
f 1642 1399 1435
f 1273 1275 1285
f 1273 1285 1346
f 1381 1395 1376
f 1376 1395 1346
f 1376 1346 1332
f 1332 1346 1285
f 1453 1452 1409
f 1409 1452 1395
f 1409 1395 1401
f 1401 1395 1381
f 1562 1561 1481
f 1481 1561 1452
f 1481 1452 1464
f 1464 1452 1453
f 2192 2111 2167
f 1408 1463 1433
f 989 1226 1038
f 1038 1226 1359
f 1433 1463 1588
f 1404 1292 1224
f 1224 1292 1225
f 1224 1225 988
f 1293 1403 1434
f 1434 1403 1506
f 1434 1506 1587
f 1587 1506 1602
f 1587 1602 1730
f 1730 1602 1668
f 1730 1668 1782
f 1837 1968 1782
f 1782 1968 1841
f 1782 1841 1730
f 1837 1898 1968
f 1968 1898 2009
f 1968 2009 2123
f 2123 2009 2192
f 2192 2009 2084
f 2192 2084 2111
f 2188 2322 2167
f 2167 2322 2279
f 2167 2279 2192
f 2188 2193 2322
f 2322 2193 2210
f 2322 2210 2336
f 2336 2210 2194
f 2336 2194 2323
f 2323 2194 2189
f 2323 2189 2278
f 2189 2166 2278
f 2278 2166 2112
f 2278 2112 2191
f 2191 2112 2083
f 2191 2083 2122
f 2083 2008 2122
f 2122 2008 1899
f 2122 1899 1967
f 1967 1899 1838
f 1967 1838 1842
f 1842 1838 1781
f 1842 1781 1669
f 1601 1588 1669
f 1669 1588 1731
f 1669 1731 1842
f 1601 1505 1588
f 1588 1505 1404
f 1588 1404 1433
f 1433 1404 1224
f 1433 1224 1408
f 1463 1645 1588
f 1588 1645 1788
f 1588 1788 1731
f 1731 1788 1941
f 1731 1941 1842
f 1842 1941 2115
f 1842 2115 1967
f 1967 2115 2226
f 1967 2226 2122
f 2122 2226 2344
f 2122 2344 2191
f 2191 2344 2416
f 2191 2416 2278
f 2278 2416 2461
f 2278 2461 2323
f 2323 2461 2471
f 2323 2471 2336
f 2336 2471 2460
f 2336 2460 2322
f 2322 2460 2417
f 2322 2417 2279
f 2279 2417 2343
f 2279 2343 2192
f 2192 2343 2225
f 2192 2225 2123
f 2123 2225 2114
f 2123 2114 1968
f 1968 2114 1940
f 1968 1940 1841
f 1841 1940 1787
f 1841 1787 1730
f 1730 1787 1644
f 1730 1644 1587
f 1587 1644 1462
f 1587 1462 1434
f 1434 1462 1359
f 1434 1359 1293
f 1293 1359 1226
f 836 811 856
f 798 796 857
f 797 808 1094
f 1094 808 880
f 2117 2044 2071
f 2071 2044 1961
f 2071 1961 1984
f 1984 1961 1888
f 1984 1888 1910
f 1910 1888 1794
f 1910 1794 1806
f 1806 1794 1701
f 1806 1701 1713
f 1713 1701 1580
f 1713 1580 1597
f 1597 1580 1445
f 1597 1445 1454
f 1454 1445 1356
f 1454 1356 1368
f 1368 1356 1094
f 1368 1094 1103
f 1103 1094 880
f 1455 1581 1596
f 1596 1581 1700
f 1596 1700 1712
f 1712 1700 1793
f 1712 1793 1805
f 1805 1793 1887
f 1805 1887 1909
f 1909 1887 1962
f 1909 1962 1985
f 1985 1962 2045
f 1985 2045 2072
f 2072 2045 2085
f 2072 2085 2116
f 2116 2085 2104
f 2116 2104 2135
f 836 856 881
f 881 856 1095
f 881 1095 1102
f 1102 1095 1355
f 1102 1355 1367
f 795 797 1093
f 1093 797 1094
f 1093 1094 1221
f 1221 1094 1356
f 1221 1356 1349
f 1349 1356 1445
f 1349 1445 1441
f 1441 1445 1517
f 1517 1445 1580
f 1517 1580 1578
f 1578 1580 1701
f 1578 1701 1698
f 1698 1701 1794
f 1698 1794 1791
f 1791 1794 1888
f 1791 1888 1868
f 1868 1888 1961
f 1868 1961 1957
f 2117 2086 2044
f 2044 2086 2029
f 2044 2029 1961
f 1961 2029 1966
f 1961 1966 1957
f 2100 2089 2086
f 2086 2089 2080
f 2086 2080 2029
f 2117 2135 2086
f 2086 2135 2104
f 2086 2104 2100
f 2100 2104 2085
f 2100 2085 2079
f 2079 2085 2053
f 2053 2085 2045
f 2053 2045 2028
f 2028 2045 1962
f 2028 1962 1956
f 1956 1962 1893
f 1893 1962 1887
f 1893 1887 1869
f 1869 1887 1793
f 1869 1793 1790
f 1790 1793 1700
f 1790 1700 1699
f 1455 1446 1581
f 1581 1446 1579
f 1581 1579 1700
f 1700 1579 1688
f 1700 1688 1699
f 1350 1407 1446
f 1446 1407 1442
f 1446 1442 1579
f 1455 1367 1446
f 1446 1367 1355
f 1446 1355 1350
f 1350 1355 1095
f 1350 1095 1092
f 1092 1095 979
f 979 1095 856
f 979 856 857
f 857 856 811
f 857 811 798
f 1033 881 1102
f 1367 1364 1102
f 1102 1364 1183
f 1102 1183 1033
f 1103 880 1034
f 1596 1595 1455
f 1455 1595 1449
f 1455 1449 1367
f 1367 1449 1387
f 1367 1387 1364
f 1805 1815 1712
f 1712 1815 1715
f 1712 1715 1596
f 1596 1715 1641
f 1596 1641 1595
f 1909 1930 1805
f 1805 1930 1867
f 1805 1867 1815
f 2072 2133 1985
f 1985 2133 2107
f 1985 2107 1909
f 1909 2107 2030
f 1909 2030 1930
f 1984 2134 2071
f 2071 2134 2174
f 2071 2174 2117
f 2117 2174 2203
f 2117 2203 2135
f 2135 2203 2219
f 2135 2219 2116
f 2116 2219 2202
f 2116 2202 2072
f 2072 2202 2173
f 2072 2173 2133
f 1806 1929 1910
f 1910 1929 2031
f 1910 2031 1984
f 1984 2031 2108
f 1984 2108 2134
f 1713 1814 1806
f 1806 1814 1866
f 1806 1866 1929
f 1454 1594 1597
f 1597 1594 1640
f 1597 1640 1713
f 1713 1640 1714
f 1713 1714 1814
f 1034 1182 1103
f 1103 1182 1363
f 1103 1363 1368
f 1368 1363 1388
f 1368 1388 1454
f 1454 1388 1450
f 1454 1450 1594
f 1948 1930 2030
f 1456 1372 1393
f 1393 1372 1260
f 1260 1372 1363
f 1260 1363 1182
f 1183 1364 1373
f 1373 1364 1387
f 1373 1387 1457
f 1387 1449 1457
f 1457 1449 1595
f 1457 1595 1609
f 1609 1595 1641
f 1609 1641 1736
f 1641 1715 1736
f 1736 1715 1815
f 1736 1815 1829
f 1829 1815 1948
f 1948 1815 1867
f 1948 1867 1930
f 2107 2162 2030
f 2030 2162 2074
f 2030 2074 1948
f 2107 2133 2162
f 2162 2133 2173
f 2162 2173 2205
f 2205 2173 2202
f 2205 2202 2238
f 2238 2202 2219
f 2238 2219 2254
f 2254 2219 2203
f 2254 2203 2237
f 2237 2203 2174
f 2237 2174 2204
f 2204 2174 2134
f 2204 2134 2161
f 2161 2134 2108
f 2161 2108 2075
f 2108 2031 2075
f 2075 2031 1929
f 2075 1929 1949
f 1949 1929 1866
f 1949 1866 1830
f 1830 1866 1814
f 1830 1814 1714
f 1640 1610 1714
f 1714 1610 1735
f 1714 1735 1830
f 1640 1594 1610
f 1610 1594 1450
f 1610 1450 1456
f 1456 1450 1372
f 1372 1450 1388
f 1372 1388 1363
f 1393 1469 1456
f 1456 1469 1636
f 1456 1636 1610
f 1610 1636 1755
f 1610 1755 1735
f 1735 1755 1863
f 1735 1863 1830
f 1830 1863 1990
f 1830 1990 1949
f 1949 1990 2130
f 1949 2130 2075
f 2075 2130 2182
f 2075 2182 2161
f 2161 2182 2251
f 2161 2251 2204
f 2204 2251 2308
f 2204 2308 2237
f 2237 2308 2315
f 2237 2315 2254
f 2254 2315 2307
f 2254 2307 2238
f 2238 2307 2250
f 2238 2250 2205
f 2205 2250 2183
f 2205 2183 2162
f 2162 2183 2129
f 2162 2129 2074
f 2074 2129 1991
f 2074 1991 1948
f 1948 1991 1862
f 1948 1862 1829
f 1829 1862 1756
f 1829 1756 1736
f 1736 1756 1637
f 1736 1637 1609
f 1609 1637 1470
f 1609 1470 1457
f 1457 1470 1392
f 1457 1392 1373
f 1373 1392 1259
f 1373 1259 1183
f 1458 1392 1470
f 1393 1459 1469
f 1469 1459 1605
f 1469 1605 1636
f 1636 1605 1717
f 1636 1717 1755
f 1755 1717 1786
f 1755 1786 1863
f 1863 1786 1996
f 1863 1996 1990
f 1990 1996 2187
f 1990 2187 2130
f 2130 2187 2296
f 2130 2296 2182
f 2182 2296 2359
f 2182 2359 2251
f 2251 2359 2463
f 2251 2463 2308
f 2308 2463 2511
f 2308 2511 2315
f 2315 2511 2520
f 2315 2520 2307
f 2307 2520 2512
f 2307 2512 2250
f 2250 2512 2462
f 2250 2462 2183
f 2183 2462 2360
f 2183 2360 2129
f 2129 2360 2295
f 2129 2295 1991
f 1991 2295 2186
f 1991 2186 1862
f 1862 2186 1997
f 1862 1997 1756
f 1756 1997 1785
f 1756 1785 1637
f 1637 1785 1716
f 1637 1716 1470
f 1470 1716 1606
f 1470 1606 1458
f 1568 1519 1443
f 811 941 798
f 798 941 876
f 798 876 796
f 796 876 865
f 796 865 780
f 1337 1163 1392
f 1392 1163 1060
f 1392 1060 1259
f 1259 1060 1043
f 1259 1043 1183
f 1183 1043 1012
f 1183 1012 1033
f 1012 985 1033
f 1033 985 971
f 1033 971 881
f 881 971 941
f 881 941 836
f 836 941 811
f 1732 1727 1443
f 1443 1727 1689
f 1443 1689 1648
f 1337 1392 1443
f 1443 1392 1458
f 1443 1458 1606
f 1648 1628 1443
f 1443 1628 1603
f 1443 1603 1568
f 1606 1652 1443
f 1443 1652 1657
f 1443 1657 1678
f 1678 1709 1443
f 1443 1709 1724
f 1443 1724 1732
f 70 62 76
f 76 62 100
f 76 100 86
f 86 100 108
f 183 123 120
f 126 125 183
f 183 125 124
f 183 124 123
f 138 188 186
f 186 188 240
f 186 240 250
f 250 240 307
f 250 307 318
f 270 280 254
f 254 280 226
f 254 226 207
f 207 226 159
f 159 226 168
f 159 168 130
f 130 168 91
f 91 168 100
f 91 100 80
f 80 100 62
f 80 62 44
f 290 307 236
f 236 307 240
f 236 240 183
f 183 240 188
f 183 188 126
f 126 188 138
f 108 100 120
f 120 100 168
f 120 168 183
f 183 168 226
f 183 226 236
f 236 226 280
f 236 280 290
f 44 62 30
f 9 4 7
f 9 7 10
f 10 7 13
f 10 13 16
f 16 13 30
f 16 30 39
f 39 30 55
f 55 30 62
f 55 62 70
f 44 30 17
f 17 30 13
f 17 13 8
f 8 13 7
f 8 7 3
f 3 7 4
f 3 4 1
f 384 425 382
f 382 425 428
f 428 425 465
f 465 425 455
f 465 455 464
f 1 4 6
f 57 69 63
f 57 63 40
f 63 31 40
f 40 31 14
f 40 14 18
f 18 14 12
f 12 14 6
f 12 6 11
f 11 6 4
f 11 4 9
f 1 6 2
f 2 6 14
f 2 14 5
f 5 14 31
f 5 31 15
f 15 31 63
f 15 63 45
f 45 63 101
f 281 317 306
f 281 306 221
f 189 184 127
f 127 184 122
f 122 184 121
f 121 184 169
f 121 169 110
f 110 169 101
f 110 101 93
f 63 69 101
f 101 69 77
f 101 77 93
f 202 119 169
f 169 119 111
f 169 111 101
f 101 111 71
f 101 71 45
f 189 241 184
f 184 241 237
f 184 237 169
f 169 237 227
f 169 227 202
f 202 227 219
f 269 219 279
f 279 219 227
f 279 227 291
f 291 227 237
f 291 237 306
f 306 237 241
f 306 241 221
f 221 241 189
f 221 189 137
f 137 189 127
f 269 279 287
f 287 279 370
f 287 370 321
f 483 396 370
f 370 396 363
f 370 363 321
f 568 550 406
f 406 550 542
f 406 542 392
f 392 542 509
f 392 509 387
f 387 509 499
f 387 499 380
f 380 499 491
f 571 568 419
f 419 568 406
f 419 406 333
f 333 406 317
f 317 406 306
f 306 406 392
f 306 392 291
f 291 392 387
f 291 387 279
f 279 387 380
f 279 380 370
f 370 380 491
f 370 491 483
f 1419 1438 1436
f 1545 1421 1437
f 1436 1438 1448
f 1448 1438 1546
f 1448 1546 1542
f 1542 1546 1682
f 1542 1682 1674
f 1674 1682 1770
f 1674 1770 1767
f 1767 1770 1849
f 1767 1849 1847
f 1847 1849 1937
f 1847 1937 1934
f 1934 1937 1995
f 1934 1995 1988
f 1988 1995 2040
f 1988 2040 2032
f 2032 2040 2058
f 2032 2058 2052
f 2052 2058 2039
f 2052 2039 2033
f 2033 2039 1994
f 2033 1994 1989
f 1989 1994 1938
f 1989 1938 1935
f 1935 1938 1850
f 1935 1850 1848
f 1848 1850 1769
f 1848 1769 1768
f 1768 1769 1683
f 1768 1683 1675
f 1675 1683 1545
f 1675 1545 1541
f 1541 1545 1437
f 1541 1437 1447
f 1448 1491 1436
f 1436 1491 1422
f 1436 1422 1419
f 1499 1498 1501
f 1501 1498 1495
f 1501 1495 1486
f 1486 1495 1491
f 1486 1491 1476
f 1476 1491 1448
f 1501 1507 1499
f 1499 1507 1549
f 1499 1549 1540
f 1540 1549 1574
f 1540 1574 1577
f 1577 1574 1558
f 1577 1558 1572
f 1572 1558 1564
f 1444 1485 1520
f 1520 1485 1504
f 1520 1504 1558
f 1558 1504 1552
f 1558 1552 1564
f 1338 1360 1339
f 1339 1360 1402
f 1339 1402 1444
f 1444 1402 1440
f 1444 1440 1485
f 1491 1518 1422
f 1422 1518 1535
f 1536 1512 1550
f 1550 1512 1422
f 1550 1422 1551
f 1551 1422 1535
f 381 383 373
f 114 56 15
f 19 36 3
f 111 239 71
f 71 239 114
f 71 114 45
f 45 114 15
f 3 1 19
f 19 1 2
f 19 2 56
f 56 2 5
f 56 5 15
f 81 192 80
f 80 44 81
f 81 44 17
f 81 17 36
f 36 17 8
f 36 8 3
f 384 270 297
f 297 270 254
f 297 254 207
f 111 119 239
f 239 119 202
f 239 202 373
f 373 202 219
f 373 219 269
f 207 159 297
f 297 159 130
f 297 130 192
f 192 130 91
f 192 91 80
f 269 287 373
f 373 287 321
f 373 321 381
f 381 321 324
f 381 324 342
f 372 376 364
f 364 376 381
f 364 381 352
f 352 381 342
f 347 326 382
f 382 326 320
f 382 320 384
f 384 320 288
f 384 288 270
f 374 371 382
f 382 371 359
f 382 359 347
f 1419 1422 1512
f 1545 1613 1421
f 1421 1613 1511
f 1421 1511 1420
f 1419 1512 1438
f 1438 1512 1614
f 1438 1614 1546
f 1546 1614 1746
f 1546 1746 1682
f 1682 1746 1854
f 1682 1854 1770
f 1770 1854 1987
f 1770 1987 1849
f 1987 2141 1849
f 1849 2141 2215
f 1849 2215 1937
f 1937 2215 2311
f 1937 2311 1995
f 1995 2311 2369
f 1995 2369 2040
f 2040 2369 2403
f 2040 2403 2058
f 2058 2403 2415
f 2058 2415 2039
f 2039 2415 2402
f 2039 2402 1994
f 1994 2402 2368
f 1994 2368 1938
f 2368 2310 1938
f 1938 2310 2214
f 1938 2214 1850
f 1850 2214 2140
f 1850 2140 1769
f 1769 2140 1986
f 1769 1986 1683
f 1683 1986 1853
f 1683 1853 1545
f 1545 1853 1745
f 1545 1745 1613
f 600 580 579
f 444 441 507
f 643 600 641
f 641 600 579
f 641 579 634
f 634 579 444
f 634 444 623
f 623 444 507
f 441 444 403
f 403 444 394
f 403 394 349
f 394 379 349
f 349 379 350
f 349 350 325
f 325 350 316
f 316 350 285
f 316 285 253
f 155 150 167
f 167 150 231
f 167 231 179
f 285 246 253
f 253 246 231
f 253 231 200
f 200 231 150
f 200 150 147
f 691 979 688
f 688 979 857
f 688 857 687
f 687 857 796
f 727 782 706
f 706 782 996
f 706 996 1015
f 461 676 564
f 676 461 780
f 780 461 653
f 780 653 796
f 796 653 674
f 796 674 687
f 425 384 297
f 310 375 455
f 564 464 461
f 461 464 455
f 461 455 451
f 451 455 375
f 238 297 211
f 211 297 192
f 455 425 310
f 310 425 297
f 310 297 266
f 266 297 238
f 92 109 81
f 81 109 134
f 81 134 192
f 192 134 201
f 192 201 211
f 64 81 42
f 42 81 36
f 42 36 33
f 64 66 73
f 64 73 81
f 81 73 90
f 81 90 92
f 33 36 29
f 29 36 19
f 29 19 32
f 32 19 41
f 41 19 56
f 41 56 65
f 182 114 209
f 209 114 239
f 209 239 248
f 182 132 114
f 114 132 118
f 114 118 56
f 56 118 88
f 56 88 65
f 65 88 72
f 65 72 67
f 248 239 267
f 267 239 373
f 267 373 385
f 385 373 383
f 385 383 426
f 426 463 385
f 385 463 565
f 385 565 452
f 452 565 693
f 452 693 537
f 537 693 698
f 795 709 710
f 698 693 710
f 710 693 781
f 710 781 795
f 783 745 728
f 783 728 790
f 728 718 790
f 790 718 717
f 790 717 715
f 691 706 979
f 979 706 1015
f 979 1015 1092
f 1092 1015 1238
f 1092 1238 1350
f 1350 1238 1416
f 1350 1416 1407
f 1407 1416 1439
f 1407 1439 1442
f 1442 1439 1531
f 1442 1531 1579
f 1579 1531 1688
f 1531 1693 1688
f 1688 1693 1722
f 1688 1722 1699
f 1699 1722 1795
f 1699 1795 1790
f 1790 1795 1869
f 1869 1795 1905
f 1869 1905 1893
f 1893 1905 1936
f 1893 1936 1956
f 1956 1936 1992
f 1956 1992 2028
f 2028 1992 2081
f 2028 2081 2053
f 2053 2081 2106
f 2053 2106 2079
f 2079 2106 2137
f 2079 2137 2100
f 2100 2137 2148
f 2100 2148 2089
f 2089 2148 2146
f 2089 2146 2080
f 2080 2146 2136
f 2080 2136 2029
f 2029 2136 2082
f 2029 2082 1966
f 1966 2082 2027
f 1966 2027 1957
f 1957 2027 1993
f 1957 1993 1868
f 1868 1993 1906
f 1868 1906 1791
f 1906 1820 1791
f 1791 1820 1796
f 1791 1796 1698
f 1698 1796 1692
f 1698 1692 1578
f 1578 1692 1589
f 1578 1589 1517
f 1517 1589 1532
f 1517 1532 1441
f 1441 1532 1415
f 1441 1415 1349
f 1349 1415 1281
f 1349 1281 1221
f 1221 1281 1237
f 1221 1237 1093
f 1093 1237 995
f 1093 995 795
f 795 995 790
f 795 790 709
f 709 790 715
f 679 677 678
f 678 677 666
f 678 666 658
f 658 642 678
f 678 642 630
f 678 630 649
f 649 630 621
f 580 600 675
f 675 600 643
f 675 643 647
f 647 650 675
f 675 650 659
f 675 659 680
f 714 754 794
f 667 697 1070
f 738 646 1395
f 680 714 675
f 675 714 794
f 675 794 697
f 697 794 888
f 697 888 1070
f 1395 646 1346
f 1346 646 667
f 1346 667 1273
f 1273 667 1070
f 1273 1070 1295
f 879 803 1395
f 1395 803 777
f 1395 777 738
f 1463 1452 1490
f 1490 1452 1561
f 1490 1561 1556
f 1694 1658 1630
f 1463 1408 1452
f 1452 1408 1224
f 1452 1224 1395
f 1395 1224 988
f 1395 988 879
f 1561 1666 1556
f 1556 1666 1703
f 1556 1703 1630
f 1630 1703 1705
f 1630 1705 1694
f 34 37 38
f 1617 1621 1530
f 1765 1766 1741
f 1741 1766 1725
f 1741 1725 1494
f 1494 1725 1672
f 1516 1533 1493
f 1672 1626 1494
f 1494 1626 1582
f 1494 1582 1527
f 1621 1599 1530
f 1530 1599 1521
f 1530 1521 1493
f 1493 1533 1530
f 1530 1533 1590
f 1530 1590 1617
f 1974 1950 1945
f 1945 1950 1946
f 1945 1946 1921
f 1921 1946 1889
f 1921 1889 1765
f 1765 1889 1819
f 1765 1819 1766
f 2069 2055 2068
f 2068 2055 2047
f 2068 2047 2050
f 2069 2067 2055
f 2055 2067 2056
f 2055 2056 2037
f 2037 2056 2048
f 2037 2048 1945
f 1945 2048 2011
f 1945 2011 1974
f 2050 2047 2015
f 2015 2047 2014
f 2015 2014 2012
f 2012 2014 1925
f 2012 1925 1973
f 1856 1913 1925
f 1925 1913 1965
f 1925 1965 1973
f 1651 1650 1670
f 1670 1753 1651
f 1651 1753 1818
f 1651 1818 1748
f 1748 1818 1856
f 1748 1856 1855
f 1855 1856 1925
f 1618 1593 1471
f 1618 1471 1620
f 1471 1425 1477
f 1477 1523 1471
f 1471 1523 1600
f 1471 1600 1620
f 1593 1534 1471
f 1471 1534 1396
f 1471 1396 1425
f 1534 1514 1396
f 1396 1514 1526
f 1396 1526 1397
f 1397 1526 1585
f 1397 1585 1623
f 1650 1651 1623
f 1623 1651 1483
f 1623 1483 1397
f 1159 1206 1397
f 1159 1397 1081
f 1162 944 1397
f 1397 944 999
f 1397 999 1081
f 1206 1240 1397
f 1397 1240 1265
f 1397 1265 1396
f 1396 1265 1241
f 1396 1241 1208
f 1208 1158 1396
f 1396 1158 1074
f 1396 1074 1220
f 1220 1074 1000
f 1220 1000 1058
f 1058 1000 946
f 1058 946 945
f 945 946 938
f 945 938 750
f 750 938 840
f 750 840 577
f 577 840 772
f 577 772 454
f 454 772 662
f 454 662 604
f 604 581 454
f 454 581 562
f 454 562 456
f 562 582 456
f 456 582 603
f 456 603 510
f 510 603 620
f 368 390 456
f 456 390 423
f 456 423 454
f 368 456 302
f 302 456 443
f 302 443 395
f 395 351 302
f 302 351 303
f 302 303 243
f 243 303 286
f 243 286 196
f 286 230 196
f 196 230 199
f 196 199 116
f 116 199 178
f 116 178 85
f 85 178 176
f 85 176 172
f 218 195 198
f 198 195 107
f 198 107 172
f 172 107 84
f 172 84 85
f 38 37 51
f 37 43 51
f 51 43 54
f 51 54 84
f 84 54 68
f 84 68 85
f 27 26 28
f 28 26 24
f 28 24 20
f 20 24 22
f 20 22 38
f 38 22 25
f 38 25 34
f 27 28 35
f 35 28 49
f 35 49 53
f 53 49 61
f 53 61 60
f 117 115 83
f 60 61 83
f 83 61 105
f 83 105 117
f 246 244 197
f 246 197 231
f 231 197 115
f 231 115 179
f 377 366 379
f 379 366 296
f 379 296 350
f 350 296 244
f 350 244 285
f 285 244 246
f 444 579 519
f 484 377 489
f 489 377 379
f 489 379 519
f 519 379 394
f 519 394 444
f 484 490 377
f 377 490 517
f 377 517 421
f 421 517 585
f 421 585 462
f 462 585 665
f 462 665 576
f 576 665 669
f 665 684 669
f 669 684 807
f 669 807 891
f 891 807 915
f 891 915 1036
f 1036 915 1031
f 1036 1031 1178
f 1253 1352 1493
f 1493 1352 1382
f 1493 1382 1390
f 1031 1149 1178
f 1178 1149 1179
f 1178 1179 1384
f 1384 1179 1253
f 1384 1253 1426
f 1426 1253 1493
f 1527 1516 1494
f 1494 1516 1493
f 1494 1493 1383
f 1383 1493 1390
f 1383 1351 1494
f 1494 1351 1252
f 1494 1252 1473
f 1473 1252 1177
f 718 728 1162
f 1162 728 745
f 1162 745 944
f 944 745 744
f 944 744 939
f 686 703 757
f 656 671 939
f 939 671 686
f 939 686 839
f 839 686 757
f 939 744 656
f 656 744 739
f 656 739 725
f 725 670 656
f 656 670 657
f 656 657 648
f 1146 1032 716
f 716 1032 925
f 716 925 696
f 696 925 816
f 1146 716 1180
f 1180 716 726
f 1180 726 727
f 1252 1180 1177
f 1177 1180 727
f 1177 727 1143
f 1143 727 706
f 1143 706 691
f 816 697 696
f 696 697 667
f 696 667 646
f 245 334 345
f 345 263 245
f 245 263 242
f 245 242 215
f 215 242 208
f 215 208 117
f 117 208 173
f 117 173 115
f 115 173 177
f 115 177 179
f 346 335 301
f 301 335 300
f 301 300 264
f 264 300 218
f 264 218 225
f 225 218 198
