v -0.008769146167 -5.101939678e-06 -0.0259000361
v -0.008730171248 -1.417163185e-05 -0.03121069446
v -0.008700254373 0.0009763136622 -0.02594995126
v -0.00869911164 -0.000986436964 -0.02594994567
v -0.008693164214 0.0007674068329 -0.03119442612
v -0.008684882894 -0.0008504359866 -0.0311914701
v -0.00864456594 0.001010137494 -0.02315718308
v -0.008643385954 -0.001020195545 -0.02315718122
v -0.008628991432 -5.020441222e-06 -0.02034820616
v -0.008605890907 0.0005277793971 -0.02037338354
v -0.008605271578 -0.000537792861 -0.02037337795
v -0.008574470878 0.0015859165 -0.0311433319
v -0.008548573591 -0.001714608283 -0.03113346733
v -0.008538721129 0.001058038208 -0.02044444717
v -0.008537484333 -0.001067973324 -0.0204444509
v -0.008521338925 -0.001923396834 -0.02883905172
v -0.008504409343 0.001943260315 -0.0260793902
v -0.008502140641 -0.001953155035 -0.02607937902
v -0.008424153551 0.002008324256 -0.02334381826
v -0.008421810344 -0.002018125495 -0.02334381454
v -0.008362581953 0.002446997678 -0.03105149418
v -0.00834887661 -4.85745295e-06 -0.01547555719
v -0.008324442431 -0.002571736695 -0.03103610501
v -0.008320078254 0.0005783437518 -0.0155100422
v -0.00831939932 -0.0005880250828 -0.0155100422
v -0.008299875073 -0.0004026793467 -0.009974986315
v -0.008299874142 -0.0004026844399 0.0015099179
v -0.008299744688 -0.0004614783684 -0.005399515387
v -0.008299726062 -0.0004474438028 0.001508513815
v -0.008299705572 -0.000402849284 0.0001997846412
v -0.008298904635 -0.0005233191187 0.001505719614
v -0.008296719752 -0.0004026081006 -0.01000972558
v -0.008296479471 -0.000176448506 -0.005390975624
v -0.008295124397 -0.0006749002496 0.001498448313
v -0.008291496895 -3.094610656e-05 0.0001764947228
v -0.00828958489 -0.0004601144465 -0.005336682778
v -0.008289562538 -0.0007988383295 0.000172855187
v -0.008288709447 0.002100660233 -0.02069755644
v -0.008286431432 -0.0001816830045 -0.005328252912
v -0.008286260068 -0.002110304078 -0.02069756202
v -0.008284580894 -0.000450000749 0.001585359802
v -0.008284406736 -0.0004025261442 -0.01005142927
v -0.008283734322 -0.0005263203057 0.001582518453
v -0.008281621151 -3.956549699e-05 0.0001139585365
v -0.008279887028 -0.0006787703605 0.001575136557
v -0.008279735222 -0.0007896620082 0.000110338231
v -0.008279042318 -0.0009771325858 0.001477042329
v -0.008277066052 -0.0004017666215 0.001602128381
v -0.00826358702 -0.0009827424074 0.001553352573
v -0.008263535798 -0.0004024609516 -0.01008961815
v -0.008259631693 -0.0004587090807 -0.005279366393
v -0.008256530389 -0.0001870413689 -0.005271036644
v -0.008255146444 -0.001246011932 -0.005276527721
v -0.008251804858 -4.838512177e-05 5.697729284e-05
v -0.008249947801 -0.0007802444743 5.338943811e-05
v -0.008246612735 -0.001226293971 -0.005215303041
v -0.008241407573 0.002840157365 -0.02896187641
v -0.008241244592 -0.0004024283553 -0.01011632476
v -0.008241244592 -0.0004014644073 0.001651287894
v -0.008239744231 0.0005809151335 -0.005230936687
v -0.008239703253 -0.0005283519858 0.001646934892
v -0.008238097653 -0.002849744866 -0.02896186709
v -0.008237262256 0.00283550634 -0.0309960898
v -0.008237084374 0.001158111612 -0.01560759079
v -0.008235860616 -0.0006809394108 0.001639478607
v -0.008235732093 -0.00116769562 -0.01560758892
v -0.008231790736 0.0005578574492 -0.005170349497
v -0.008219886571 -0.0004575994099 -0.005239734426
v -0.00821959693 -0.0009852118092 0.001617443515
v -0.008218466304 -0.001540501718 -2.886702532e-05
v -0.008218429051 0.00073731679 -3.051566637e-05
v -0.008217481896 -0.001206098241 -0.005159694701
v -0.008216789924 -0.0001912788866 -0.005231523886
v -0.008214713074 0.0007666543825 0.001408111653
v -0.008214483969 -0.0004014574224 0.001673627412
v -0.008213008754 -0.001575857517 0.001405135496
v -0.008212070912 -5.535188029e-05 1.76315225e-05
v -0.008211291395 -0.001513689873 -8.863897529e-05
v -0.008211251348 0.0007104565157 -9.027293709e-05
v -0.008210890926 0.0007923030062 0.001403977862
v -0.008210220374 -0.000772793428 1.407416676e-05
v -0.00820983015 0.0008009289159 -0.00995801948
v -0.008202944882 0.0005342484219 -0.005115389358
v -0.008199567907 0.002881183056 -0.02625791542
v -0.008196717128 -0.001585514401 0.001479981351
v -0.008196209557 -0.002890722128 -0.02625790983
v -0.008196111768 -0.001586937462 -0.01003447361
v -0.008194396272 0.0008018946974 0.001478686347
v -0.008194330148 0.000801662798 -0.01003425568
v -0.008193066344 -0.001702956972 -0.009952619672
v -0.008192213252 -0.001708067604 0.001383212395
v -0.00819205679 -0.0004024306836 -0.01015218906
v -0.008182849735 -0.001486248453 -0.0001427177485
v -0.008182795718 0.0006829899503 -0.0001443229994
v -0.008177799173 -0.001190195908 -0.005121657625
v -0.008176356554 -0.0004016474122 0.001694478909
v -0.008175078779 -0.0005291934358 0.001690702396
v -0.00817129761 -0.0006812188076 0.001683221664
v -0.008165759966 0.001060346956 -0.009943236597
v -0.008163270541 0.0005157113774 -0.005077949725
v -0.008162439801 -0.0004565572599 -0.005209803116
v -0.0081593059 -0.0001952439925 -0.005201730877
v -0.00815526396 -0.0009844113374 0.001661131857
v -0.008154533803 -6.18636841e-05 -1.196345238e-05
v -0.00815289747 -0.00158919266 0.00154311501
v -0.008152676746 -0.000765815028 -1.544658517e-05
v -0.008152497001 -0.001583069679 -0.01009874977
v -0.008151582442 0.0007977577625 -0.01009903941
v -0.008151407354 0.0008056386141 0.001542431186
v -0.008144014515 -0.001973272534 -0.004944324028
v -0.008143212646 -0.001464727917 -0.0001793924748
v -0.008143148385 0.0006614493905 -0.0001809836831
v -0.008139748126 -0.001935581327 -0.00488794595
v -0.008137632161 -0.0005290989066 0.001702249749
v -0.008134640753 -0.0004020795459 0.001706819516
v -0.008128094487 -0.0002841117675 -0.03094851598
v -0.008127123117 0.001253256458 -0.009927291423
v -0.008126159199 0.001257638331 0.001310690423
v -0.008126134984 -0.002058979822 -0.00992706418
v -0.008125551976 0.001261692378 -0.000318103208
v -0.008125246502 -0.0020625412 0.001310775173
v -0.00812434312 0.001266389969 -0.00487858383
v -0.008120877668 0.001226152177 -0.004823273048
v -0.00811982993 -0.001175454003 -0.005093656946
v -0.008112782612 -0.001897092094 -0.004837338813
v -0.008105099201 0.0004986141576 -0.005050684791
v -0.008099886589 -0.0004026066745 -0.005199988838
v -0.008099875413 -0.0004026169481 -0.01017498784
v -0.00809987355 -0.000402616919 0.001710000332
v -0.008099749684 -0.0004558508517 -0.005199537147
v -0.0080997115 -0.0004022308858 -2.011657474e-07
v -0.008098926395 -0.0005286369706 0.001705564675
v -0.008096560836 -0.0001977967477 -0.005191619042
v -0.00809524022 -0.0006794469664 0.001698152046
v -0.008094395511 -0.002202538075 -0.0004176676448
v -0.008094308898 0.001185049186 -0.004773677792
v -0.008092102595 -0.002158836694 -0.0004714331299
v -0.008091700263 -6.606488023e-05 -2.182847857e-05
v -0.008089830168 -0.0007612818154 -2.520802627e-05
v -0.008089482784 -0.001586793573 0.001586599508
v -0.008088956587 0.001425198163 -0.0004402964551
v -0.008088707924 -0.001575330854 -0.01014257874
v -0.008087767288 0.0008028828306 0.001585507067
v -0.008087520488 0.0007897539763 -0.01014224812
v -0.00808693096 0.001380693982 -0.0004936346668
v -0.008086633869 0.002972365124 -0.02360461466
v -0.008086066693 -0.002175140427 0.001358788228
v -0.008084798232 -0.001444958732 -0.0002057884558
v -0.008084722795 0.0006416634424 -0.000207365636
v -0.008083256893 -0.002185515827 -0.00998951029
v -0.008083167486 -0.002981772879 -0.02360460348
v -0.008079558611 -0.0009802706772 0.001676272484
v -0.008078884333 0.001401058282 -0.009986736812
v -0.008073237725 -0.001867174287 -0.004803672433
v -0.008066141047 -0.002114258008 -0.0005194313708
v -0.008061095141 0.001335341367 -0.000541232992
v -0.008056282997 -0.001166132861 -0.00508535048
v -0.008054766804 0.001153236139 -0.004740908742
v -0.008054394275 0.003319282783 -0.03091421723
v -0.008051436394 0.0004771471431 -0.01016800757
v -0.0080484543 -0.001319748932 0.001639611321
v -0.008042505942 -0.002181326738 0.001419999986
v -0.008041225374 0.0004878881155 -0.005043005571
v -0.008040043525 -0.00218309206 -0.01005300414
v -0.008036436513 0.00139914907 -0.01005046256
v -0.008036219515 0.001587190549 -0.004520703107
v -0.008036009036 0.001637524809 -0.004570636898
v -0.008035193197 -4.674908723e-06 -0.01196762919
v -0.008026653901 -0.002079813974 -0.0005509324255
v -0.008026419207 0.0005929953186 -0.005002148915
v -0.008026048541 0.0005924290745 -0.0001983785332
v -0.008025864139 -0.001397817978 -0.0001977215579
v -0.008025566116 -0.001398322755 -0.005001625046
v -0.008021591231 0.001300356234 -0.0005724213552
v -0.00802052673 -0.00143275049 -0.0002125183673
v -0.008020441979 0.0006294882623 -0.0002140514989
v -0.008019295521 -0.003403729992 -0.03090011701
v -0.008013833314 -0.001840243698 -0.004780628718
v -0.00801364053 -0.001564714243 -0.01015774719
v -0.008011523634 0.001535921241 -0.004476359114
v -0.008005068637 -0.002503750613 -0.004403494764
v -0.008004625328 0.0006008845521 -0.01199680939
v -0.008003920317 -0.000610198942 -0.01199681126
v -0.008003449999 -0.002557438565 -0.004451218061
v -0.007997594774 0.0008956351085 0.001584259328
v -0.007995061576 0.001124828006 -0.004718893673
v -0.007984628901 -0.001773302094 0.001568540931
v -0.007982076146 0.000964755076 -0.01014768891
v -0.007981115952 -0.002449163003 -0.004361314233
v -0.007980655879 -0.002178613795 0.001463007997
v -0.007977587171 -0.002173960907 -0.0100967912
v -0.007973860018 0.001390084508 -0.01009370666
v -0.007972841151 0.001861765864 0.00112840021
v -0.007972077467 0.001496690209 -0.004447785206
v -0.007966566831 -0.002049236326 -0.0005716859014
v -0.007965654135 -0.002687947592 -0.009830309078
v -0.007962407544 -0.001873264206 -0.01014027093
v -0.007961374708 0.001269402797 -0.0005928870523
v -0.007952000014 -0.002733509289 0.001102913171
v -0.007951903157 0.001931713778 0.001101992209
v -0.007951484062 -0.002690074733 -0.001029526233
v -0.007947945967 -0.001824560692 -0.004776880145
v -0.007947310805 -0.002749545733 -0.0009868269553
v -0.007946094498 0.001906402293 -0.001059779199
v -0.007943890989 9.630188288e-05 -0.01110077836
v -0.007941724733 -0.002407538937 -0.004334351048
v -0.007941678166 0.001966504147 -0.001017639763
v -0.00794144161 0.0002004223497 -0.01110503171
v -0.007941362448 0.0001956139313 -0.01110464986
v -0.007940453477 0.0002273813443 -0.01110582054
v -0.007938364521 -0.0002458455565 -0.0110920025
v -0.007936307229 -0.002739883261 0.001175582642
v -0.007932989858 0.002293470083 -0.01595648192
v -0.007931577973 0.001952493447 0.001168407849
v -0.007930316031 -0.00230269949 -0.01595647633
v -0.007928846404 -0.002629745984 -0.001067047124
v -0.00792869553 0.001108490746 -0.004715830088
v -0.007925947197 -0.002770800842 -0.009885478765
v -0.007924439386 0.002020718297 -0.009799152613
v -0.007923561148 0.001845460269 -0.001096737687
v -0.007920997217 0.001984894043 -0.009882156737
v -0.007916818373 0.001202512416 -0.01207940094
v -0.00791541487 -0.001211723895 -0.01207940467
v -0.007912010886 0.003102297662 -0.0210540425
v -0.007911057211 0.001462574932 -0.004429908469
v -0.007908397354 -0.003111502388 -0.02105404437
v -0.007901438512 -0.0006829589838 -0.01108622923
v -0.00790027529 0.00205188035 -0.003907064907
v -0.007899572141 -0.002032126999 -0.0005735533778
v -0.007894188166 0.001252269256 -0.0005945619196
v -0.007893544622 0.002116773045 -0.003943687771
v -0.007893066853 -0.002749699401 0.001233367133
v -0.00788950827 -0.002584145637 -0.001090667211
v -0.007889083587 -0.0007783110486 -0.01108508091
v -0.007888974622 0.001962948358 0.001226143329
v -0.007884203456 0.00179942965 -0.001119940542
v -0.007883117534 -0.002772803186 -0.009946499951
v -0.007880210876 -0.002371689072 -0.004317909013
v -0.007878936827 0.0019861951 -0.003875066526
v -0.007878837176 0.001987641444 -0.009943314828
v -0.00787717104 0.0008882804541 -0.01112927683
v -0.007876926102 0.0001954509498 -0.01114857942
v -0.007876897231 -0.002923684893 -0.00377881038
v -0.00786939729 0.00372763793 -0.0290938057
v -0.007869036868 -0.002990806708 -0.003812345909
v -0.007865054533 -0.003736792598 -0.02909379639
v -0.00785616599 -0.002855815692 -0.003749645781
v -0.007848977111 -0.002423081314 0.001405910356
v -0.007844938897 0.001435980084 -0.0007615696522
v -0.007844008505 -0.00224108831 -0.0007614266942
v -0.007843791507 -0.002241187962 -0.004438590724
v -0.00784256123 0.001444502617 -0.004429873079
v -0.007839621976 0.001937002758 -0.00385530619
v -0.00783555489 0.002242765157 -0.001719588181
v -0.00783466734 -0.003045338904 -0.001710765879
v -0.007833416574 -0.002748214407 0.001275146613
v -0.007830606773 0.001665940392 -0.01006787177
v -0.007829312235 0.00196157652 0.001267368323
v -0.007827031426 -0.002545657801 -0.001104375115
v -0.007825432345 0.00231433264 -0.001693908242
v -0.007824960165 -0.0007716381224 -0.01113436837
v -0.007824565284 -0.003116780659 -0.001684799907
v -0.007824514061 -0.002490547718 -0.01006324403
v -0.007822860964 -0.002765008947 -0.009989780374
v -0.007821607403 0.001760646584 -0.001133255078
v -0.00781854149 0.001979982248 -0.009986119345
v -0.007816898637 -0.002805125201 -0.003731736215
v -0.007815971039 0.00217059697 -0.001741794171
v -0.007815102115 -0.002973261988 -0.001733254292
v -0.007812018506 0.001171013224 -0.01114126015
v -0.007810906973 -0.002353437012 -0.00431899121
v -0.007804933004 0.002326744376 -0.003188054543
v -0.007803694345 0.003775527468 -0.02645509876
v -0.007800115738 0.00019546166 -0.01116367616
v -0.007799294312 -0.003784605535 -0.02645509504
v -0.007795186248 -0.003154142527 -0.003077693982
v -0.007793119177 0.002401429927 -0.003205527086
v -0.007786232047 0.002251543803 -0.003172967583
v -0.007782872766 -0.003229669528 -0.00309202401
v -0.00778200943 0.002387998393 -0.002447017469
v -0.007780572865 -0.003193245502 -0.002456581686
v -0.007778050844 -0.0004025158705 0.001710010576
v -0.007776772138 -0.003078128444 -0.003065378871
v -0.007776707411 0.002117143711 -0.0017552512
v -0.007776257582 -0.0004531691084 0.001708387746
v -0.007776126266 0.001896351459 -0.003844527295
v -0.007775869686 -0.002919844585 -0.001746828319
v -0.007774235215 -0.0005025147693 0.001706565497
v -0.007768882439 0.002465067199 -0.002442302415
v -0.00776740443 -0.003270309186 -0.002452288987
v -0.00776674645 -0.000502512441 0.001706568408
v -0.007766311057 -0.001423961134 -0.01106604096
v -0.007764878683 -0.002735059476 0.001294250018
v -0.007763995323 0.002310522599 -0.002451046603
v -0.00776260253 -0.003115760395 -0.002460277872
v -0.007761355955 0.001946189324 0.001288033323
v -0.007756178267 -0.002527361037 -0.001102062757
v -0.007753172889 -0.0006533350097 -0.01115574222
v -0.007753003389 -0.002763540251 -0.003722203663
v -0.007750628982 -0.002365911147 -0.01400347427
v -0.007750581484 0.00174234889 -0.001130673685
v -0.007747600321 -0.0008154815296 0.001689321944
v -0.007746989839 0.002196183195 -0.00316395564
v -0.007741736714 0.001162621076 -0.0111544542
v -0.007740607951 0.001551220077 -0.01112934854
v -0.00773789268 0.001999290427 -0.009995822795
v -0.00773756858 -0.003022226272 -0.003058023984
v -0.007732899394 -0.003324421356 -0.009701182134
v -0.007729257923 0.002533432795 -0.00969529245
v -0.00772874942 -0.002856351668 0.001244195504
v -0.007728506345 -0.00283030537 -0.009986757301
v -0.007724767551 0.002253741724 -0.002453416586
v -0.007723409217 -0.003058951115 -0.002462465316
v -0.007717583328 0.0003721396206 0.001656749751
v -0.007716953289 0.004052883014 -0.03075932153
v -0.00771187013 0.002074149204 -0.001762030646
v -0.0077110813 -0.002876829589 -0.001753633376
v -0.007708925754 0.002491989871 0.0009762672125
v -0.00770364888 0.001878396492 -0.003847711952
v -0.007690477185 -0.003332219319 -0.009757635184
v -0.007687425241 0.002541674068 -0.009751814418
v -0.007682930212 0.001561443205 -0.01113647316
v -0.007681463379 0.002152300207 -0.003159651533
v -0.007679863367 -0.002745786915 -0.003725745482
v -0.007671878673 -0.002978046658 -0.003054542001
v -0.007663962431 -0.00150672032 0.001613855595
v -0.00765959546 0.001998963533 -0.001604608027
v -0.007659129333 0.001999269938 -0.003595868591
v -0.007658699527 0.00220923475 -0.002454485046
v -0.00765819801 -0.002803982468 -0.003595351707
v -0.00765779661 -0.002804397373 -0.001604331657
v -0.007657368202 -0.003014392452 -0.002463501412
v -0.00765674049 0.003885137616 -0.02389841154
v -0.007655013818 -0.003547114553 -0.009521528147
v -0.007652212866 -0.003894044319 -0.02389840409
v -0.007651824038 0.002492041094 0.001015921356
v -0.007642192766 -0.001378566609 -0.0111204721
v -0.007641940378 -0.001761428197 -0.01105629466
v -0.007637234405 0.00205725967 -0.001758628292
v -0.007636507507 -0.002859837143 -0.001750165713
v -0.007635744289 0.002792406594 0.0006611747085
v -0.00763308024 -0.003327791346 -0.009799274616
v -0.007630593609 -0.004217260052 -0.03072137572
v -0.007629997563 0.002537184162 -0.009792977944
v -0.007615094073 -0.001955234213 -0.01100910176
v -0.007614484057 -0.001771361218 0.00156875106
v -0.007612738293 -0.00364412996 -0.009469119832
v -0.007608914748 0.002852650126 -0.009461301379
v -0.007606174797 0.001027257997 0.001556865405
v -0.007605727296 0.002136114752 -0.003162283916
v -0.007600069046 0.002025361871 -0.01109252125
v -0.007597124204 0.002378094709 -0.01237485092
v -0.007595857605 -0.002962041413 -0.003056870075
v -0.007594353519 -0.002386933425 -0.01237485465
v -0.007590018213 -0.003694683546 0.0005953225191
v -0.007586731575 0.002901601372 -0.004353068303
v -0.007582093123 0.00219372916 -0.002453558613
v -0.007580779493 -0.002998834243 -0.002462842735
v -0.007580462378 0.002197784139 -0.002600230509
v -0.00757921394 -0.003002506914 -0.002600130392
v -0.007567670196 -0.00331114349 -0.009819790721
v -0.007565721869 0.002126539825 -0.01107880287
v -0.007565029897 -0.003749430645 -0.004389625043
v -0.007555502001 0.002544531366 -0.009803189896
v -0.007549878675 -0.003756331978 0.0006275456399
v -0.007548173424 -0.003382471157 0.0009787019808
v -0.007547124289 0.002962860046 0.0006211568834
v -0.007542288397 0.002192254877 -0.01106803399
v -0.007539672311 -0.003804009175 -0.009374559857
v -0.00753658684 0.003010352841 -0.009367201477
v -0.007532472257 -0.002113525756 0.001493591466
v -0.007531130686 -0.0005024384009 0.001491783885
v -0.007529783063 -0.003412420629 -0.009773668833
v -0.007515583187 -0.003829238238 -0.009431608021
v -0.007512438577 0.003035313217 -0.009423940443
v -0.007507746108 -0.003771179123 0.0006765867583
v -0.007506142836 -0.002247041324 -0.01095394045
v -0.00750548346 0.002977760276 0.0006705402047
v -0.007500103209 -0.001982197398 -0.01103465911
v -0.007499515079 8.540770796e-05 -0.03065882996
v -0.00748555176 0.003373466199 -0.01645136997
v -0.007481621578 -0.003382174065 -0.01645136997
v -0.00748040108 -0.0005024225684 0.001438327949
v -0.007476901636 0.0005881654215 -0.02118676342
v -0.00747689046 0.0005883060512 -0.03064788692
v -0.007473710924 -0.00384185859 -0.009482015856
v -0.007472134195 -0.002364051295 -0.01095935423
v -0.007471061777 0.003048148705 -0.009474409744
v -0.00746972952 -0.002090656431 -0.01101090014
v -0.007465831935 -0.0007150910678 -0.03064336441
v -0.007453313097 -0.003772638738 0.0007144849515
v -0.007452401798 0.00159286696 0.001413875027
v -0.007451035082 0.002978784731 0.0007083173259
v -0.007449001074 0.0008731398848 -0.03063448519
v -0.007442468777 -0.00243052165 -0.0109006064
v -0.007441682741 0.00404240191 -0.02146042138
v -0.007436973508 -0.004051058087 -0.0214604307
v -0.007429074962 -0.002228461439 -0.01097625401
v -0.007428176701 0.002866034163 -0.009637150913
v -0.00742267631 -0.003679268062 -0.009632815607
v -0.007420951035 0.004562833346 -0.02921176329
v -0.007419406436 -0.003841197817 -0.009520811029
v -0.007416766603 0.003047296545 -0.009512845427
v -0.007415635046 -0.004571464844 -0.02921176516
v -0.007408833131 -0.001165843685 -0.02118676528
v -0.007408780046 -0.001166191068 -0.03061662987
v -0.007403938565 0.002934100805 0.0007528406568
v -0.007392505184 -0.003760004183 0.0007362989127
v -0.007385651115 0.002595390892 -0.01098180376
v -0.007358643692 -0.00382679631 -0.009542895481
v -0.007352991961 -0.003847743617 0.0006739519886
v -0.007347013336 -0.001507122652 -0.03058736026
v -0.00734617468 -0.002661883133 0.001323089702
v -0.007339746226 -0.002506887307 -0.01088923495
v -0.007334746886 0.004611739889 -0.02664051764
v -0.007329374552 -0.004620271735 -0.02664050832
v -0.007321000565 0.00274616736 -0.01093854662
v -0.007314482238 0.001657821122 -0.03056984767
v -0.007287999149 0.003461923217 -0.01449426264
v -0.007283963729 -0.003470401512 -0.01449425612
v -0.007283542305 0.004811358638 -0.03055397794
v -0.007270616014 0.00205535139 0.001243094797
v -0.007263236213 -0.00433861278 -0.008985647
v -0.007262284867 -0.002855616855 0.001245013555
v -0.00724206958 -0.002891573356 -0.01071948092
v -0.007235910743 0.002128367079 0.001210875344
v -0.007225144655 0.003605060978 -0.008925153874
v -0.007214264944 0.003331418848 -0.009325980209
v -0.007205796428 -0.0005023368867 0.001182752079
v -0.007200688124 0.00219766493 -0.00259999535
v -0.007200628053 0.001999751432 -0.003594982205
v -0.007200625725 0.001999751432 -0.00160501909
v -0.007200451568 0.001436143066 -0.004438483622
v -0.007200450636 0.001436143066 -0.0007615182549
v -0.007200266235 0.0008476654766 -0.002600002335
v -0.007200214081 0.0006801969139 -0.001974998275
v -0.007200212684 0.0006801969139 -0.003225000342
v -0.00720018521 0.0005926423473 -0.005002082791
v -0.007200184744 0.0005926423473 -0.0001979060762
v -0.007200071588 0.0002226651413 -0.001517473022
v -0.007200070191 0.0002226651413 -0.00368253584
v -0.007199875079 -0.0004023347283 -0.005200005136
v -0.007199875079 -0.0004023347283 -0.003849993693
v -0.007199875079 -0.0004023347283 -0.001350004575
v -0.007199873216 -0.0004023347283 6.95512381e-09
v -0.00719967857 -0.001027335064 -0.00368252513
v -0.007199678104 -0.001027335064 -0.001517462661
v -0.007199563552 -0.001397311804 -0.005002092104
v -0.007199563086 -0.001397311804 -0.0001979156077
v -0.007199536078 -0.001484866836 -0.003224999877
v -0.007199535612 -0.001484866836 -0.001974997809
v -0.007199482061 -0.001652334933 -0.002599996049
v -0.007199299987 -0.002240812639 -0.0007615291979
v -0.007199299522 -0.002240812639 -0.004438479897
v -0.00719912257 -0.002804421587 -0.003594979178
v -0.007199122105 -0.002804421587 -0.001605015947
v -0.007199060172 -0.003002335085 -0.002600003034
v -0.007190855686 -0.00417783251 -0.009294267744
v -0.007165119518 -0.004993087146 -0.03050066158
v -0.007159208413 0.004729519598 -0.0241840817
v -0.007158858236 -0.00299520581 -0.01067090686
v -0.007153699175 -0.004737846553 -0.02418407053
v -0.007144900504 -0.002280440414 -0.03048985079
v -0.007135411259 0.002309956355 -0.02118676901
v -0.007135309279 0.002310273005 -0.03048285097
v -0.007131375838 0.003490316449 -0.01279417332
v -0.007127308752 -0.00349861267 -0.0127941696
v -0.007109391969 0.003797897836 -0.000138223957
v -0.007102694828 -0.003174711717 0.001093197498
v -0.007099171169 0.002419044031 -0.03046511672
v -0.00709689362 -0.004358605482 0.0002667945228
v -0.007086483296 -0.004619517829 -8.290883852e-05
v -0.00708343368 0.003823211184 -9.141753253e-05
v -0.007070685737 0.003270944348 -0.01073040627
v -0.0070552174 -0.004685634281 -0.0002224658238
v -0.007052751258 -0.004434896167 -0.009082023986
v -0.007046191953 -0.00463553844 -4.226265082e-05
v -0.007043472957 0.003839651821 -5.104161028e-05
v -0.007036470342 -0.004698622506 -0.008738574572
v -0.007034204435 0.003901798045 -0.008730351925
v -0.007021390367 0.003456811188 -0.01126429439
v -0.007017363794 -0.003464979818 -0.01126430277
v -0.006997071207 -0.004638744052 -8.985449313e-06
v -0.006996504497 -0.004712969065 -0.008780423552
v -0.006994601805 0.00391624216 -0.008772228844
v -0.006994479336 0.003842984093 -1.808238449e-05
v -0.006993934046 -0.0004022704961 -0.01017498132
v -0.006988808978 -0.003392959246 -0.0104210712
v -0.006988589186 -0.0008035452338 -0.01017492544
v -0.006976841018 -0.0005022651749 0.0009707639692
v -0.006968865637 0.00346363592 -0.01062657498
v -0.006958792917 -0.001213326701 -0.0101720877
v -0.006951265968 0.002634718781 0.0009444589377
v -0.006947686896 -0.004714521579 -0.008814641275
v -0.006945849862 0.003917584196 -0.0088062305
v -0.006943731103 0.004370348528 -0.01702145487
v -0.006938639097 -0.004378425423 -0.01702145115
v -0.006935594603 -0.003490187461 -0.01035087649
v -0.006934932899 -0.002855992178 -0.02118676342
v -0.006934682839 -0.002856600331 -0.03038610891
v -0.006929596886 -0.003500920022 -0.01034229156
v -0.006920404267 -0.0004018239269 -0.01016096678
v -0.006910777185 0.00490042381 -0.02186323144
v -0.006909477059 0.005332650617 -0.02929266542
v -0.006905071437 -0.004908462055 -0.02186323702
v -0.006903267931 -0.005340686999 -0.02929267101
v -0.006903206464 -0.003548058914 -0.01030599419
v -0.006894589867 0.0009088468505 -0.01015125867
v -0.006892281584 -0.001137516112 -0.01015808713
v -0.006891689729 -0.0004016916791 -0.01014687587
v -0.006889743265 0.0005419765366 -0.01898869313
v -0.006885505281 -0.004725368228 -8.670076932e-05
v -0.006881006062 0.003932646476 -9.874676471e-05
v -0.0068778079 0.00393789541 -0.0001043815428
v -0.006862228271 -0.003026521532 -0.03034984879
v -0.006857663393 -0.0004015701415 -0.01012137253
v -0.006845761556 0.0007375719724 -0.01014568843
v -0.006844702177 -0.004987845663 -0.000498192443
v -0.006843809504 0.004188892432 -0.0005060936091
v -0.006829737686 -0.001132703968 -0.01011756249
v -0.006827020086 -0.001074290485 -0.01898869127
v -0.006823563948 -0.000401500758 -0.01007973589
v -0.006810687482 0.005375267006 -0.02678371407
v -0.006807795726 0.00314704678 -0.03032001294
v -0.006805418991 -0.005005388521 -0.0004639199178
v -0.006805157289 0.004256233573 -0.008305791765
v -0.006804814562 0.004206560552 -0.0004718856362
v -0.006804427132 -0.005383187905 -0.02678370848
v -0.006800422911 0.001347790356 -0.00259999698
v -0.006800368428 0.001169392723 -0.003369789571
v -0.006800366566 0.001169392723 -0.001830214285
v -0.006800265983 0.0008477902738 -0.002599995816
v -0.006800215226 0.0006803217111 -0.00197500689
v -0.006800212897 0.0006803217111 -0.003224994056
v -0.0068002115 0.0006705735577 -0.003982620779
v -0.006800210569 0.0006705735577 -0.001217380399
v -0.006800069939 0.0002227904042 -0.003682529321
v -0.006800069474 0.0002227904042 -0.001517466735
v -0.006799985655 -4.696858014e-05 -0.0008864375413
v -0.006799985189 -4.696858377e-05 -0.00431355834
v -0.006799874827 -0.0004022094654 -0.001349998172
v -0.006799874362 -0.0004022094654 -0.003850002075
v -0.006799738854 -0.000836937339 -0.00429513678
v -0.006799738854 -0.000836937339 -0.0009048575885
v -0.006799679715 -0.001027209801 -0.003682533512
v -0.00679967925 -0.001027209801 -0.001517471042
v -0.006799536292 -0.001484741573 -0.001975006424
v -0.006799535826 -0.001484741573 -0.003224993357
v -0.006799519062 -0.001538273063 -0.003931106068
v -0.006799518596 -0.001538273063 -0.001268881722
v -0.006799483206 -0.00165220967 -0.002600004431
v -0.006799441297 -0.001787626301 -0.003669166937
v -0.006799440365 -0.001787626301 -0.001530834474
v -0.006799414288 -0.001872776193 -0.001689347555
v -0.006799413823 -0.001872776193 -0.003510658629
v -0.006799405441 -0.001902209711 -0.003333136905
v -0.006799404509 -0.001902209711 -0.001866856008
v -0.00679798238 -0.003673995845 0.0007949746796
v -0.006797629409 -0.0004016027378 -0.009986482561
v -0.006787400227 -3.303134872e-05 -0.009986674413
v -0.006785457022 -0.001129284617 -0.01005832851
v -0.006784121506 0.00552328676 -0.03030824661
v -0.006783637684 -0.003755416721 -0.01013876777
v -0.006782559212 0.0007273134543 -0.01010552049
v -0.006781470962 -0.001896798727 -0.01012522634
v -0.006780518685 -0.002260986017 -0.01010000054
v -0.006777787115 -0.0009969222592 -0.009988442063
v -0.0067770686 -0.005082530901 -0.008350505494
v -0.006775113754 0.004284752533 -0.008343227208
v -0.006769161671 0.003816094948 -0.01039864495
v -0.006759016775 -0.005011078436 -0.0004349371884
v -0.00675850641 0.00421212893 -0.0004430592235
v -0.006749238353 -0.005133548286 -0.00822175853
v -0.006740740035 0.001327917795 -0.01010182034
v -0.006740234792 -0.0006842912408 -0.009171366692
v -0.006739970762 -5.56694722e-05 -0.009169460274
v -0.006738728378 0.000718911062 -0.01004452724
v -0.00673859939 0.004348031245 -0.0008080428815
v -0.006738263182 -0.005097358488 -0.008387795649
v -0.006736608688 0.004299779423 -0.008380446583
v -0.006733532995 -0.0007664874429 -0.009168841876
v -0.006729502697 0.004475883208 -0.01506050956
v -0.006727276836 -0.0009173402796 -0.009162299335
v -0.006724361796 -0.002489743987 -0.01006295625
v -0.006724289153 -0.004483710043 -0.0150605021
v -0.006720504258 0.0007135773776 -0.009971421212
v -0.006719241384 -0.001882476383 -0.01008465886
v -0.006713679526 0.0002101881983 -0.009157251567
v -0.006713456474 0.002998606069 0.0007059982163
v -0.006695215125 0.00421209354 -0.008525078185
v -0.006694175769 0.0001961052039 -0.01116368454
v -0.006692175753 -0.005100188311 -0.008419170976
v -0.006690629758 0.004302581772 -0.008411632851
v -0.006688723341 -0.0002051681658 -0.01116362307
v -0.006682277191 -0.005223555956 -0.0009232863085
v -0.006680739578 -0.003844380612 0.0006764207501
v -0.006680442952 0.001887977938 -0.01002286654
v -0.006679794285 -0.001750326832 -0.009961101227
v -0.006677685771 0.001309461775 -0.01006183401
v -0.006676001009 -0.0004578401567 -0.008175991476
v -0.006675738841 -0.001870018081 -0.01002448983
v -0.006675179582 0.0001961121889 -0.01116307266
v -0.006675019395 -0.002673248062 -0.01002528518
v -0.006672676653 -0.005045790691 -0.008491524495
v -0.006670493167 -0.005666497163 -0.03025279194
v -0.006667713635 0.0007308208151 -0.009116413072
v -0.006658814847 -0.0006149417022 -0.01116077974
v -0.006656253245 -0.0009449651698 -0.008162836544
v -0.006649592891 0.0008019487141 -0.009107558057
v -0.006648776587 0.0003142681671 -0.00815129932
v -0.006648642942 -0.001902162214 -0.009944336489
v -0.006646438502 -0.001006540959 -0.009144720621
v -0.006642563734 0.0002042002598 -0.009144117124
v -0.006637042854 -0.001176152495 -0.008148916066
v -0.006635281257 -0.005285111722 -0.002364151645
v -0.006634465419 -0.001695304294 -0.00909555424
v -0.006633593701 -0.0003763494315 -0.004349849652
v -0.006632632576 0.001213719021 -0.009933800437
v -0.006630314048 1.707660158e-05 -0.007613227237
v -0.006627228577 -0.0007852694253 -0.007605868392
v -0.006624891888 -4.671340139e-05 -0.004313156009
v -0.006620947737 -0.005122460891 -0.008405074477
v -0.006620614789 0.0001961922826 -0.0111497622
v -0.00662061153 0.004493625835 -0.0009774296777
v -0.006620479282 -0.005294197239 -0.0009694836335
v -0.006618769839 0.005488389172 -0.02442047931
v -0.006614222657 -0.0008369811112 -0.004294853657
v -0.00661237957 -0.005496087018 -0.0244204849
v -0.006610603072 -0.0009427481564 -0.008174398914
v -0.006609990727 0.0001582488039 -0.004257574212
v -0.006607559975 -0.0009131144034 -0.004273433238
v -0.006603111047 0.00111869711 -0.009069263004
v -0.006602704525 0.001094784471 -0.009071243927
v -0.006602418609 -0.001041730517 -0.01114643272
v -0.006600635592 -0.002649090951 -0.0100150397
v -0.006599630229 0.0002584493486 -0.008167161606
v -0.00659518363 0.001507249544 -0.01113994606
v -0.006593391765 0.001910158317 -0.01000206172
v -0.006589071825 0.0001962779643 -0.01113347989
v -0.006583223119 -0.001000108314 -0.009106244892
v -0.006582528353 0.004513097927 -0.0009515035781
v -0.006582160015 -0.005313571543 -0.0009434284875
v -0.006579305511 0.00019736994 -0.009105555713
v -0.006575243548 -0.0009991406696 -0.009098581038
v -0.006575070787 0.002128556138 -0.01898870058
v -0.0065748333 0.004507423379 -0.01327754557
v -0.006571325008 0.0001963510731 -0.009097876959
v -0.006569582969 -0.004515070468 -0.01327754185
v -0.006567377597 0.003207852831 0.0005515051307
v -0.00656732684 0.00440048147 -0.008302875794
v -0.006563518662 0.0008294665022 -0.007665500976
v -0.00656349631 0.001313210349 -0.009040390141
v -0.006562796887 -0.005377717782 -0.007868739776
v -0.006557851564 0.0001963943796 -0.01110931672
v -0.006556838285 -0.001591489767 -0.007645518053
v -0.006556811277 0.001047149184 -0.008077704348
v -0.006554065272 -0.0003760514082 -0.0043664556
v -0.006548413541 -0.0009408082115 -0.008211954497
v -0.006546308752 0.001335987705 -0.01113437954
v -0.006546106655 0.001384914736 -0.009027536958
v -0.00654240977 0.000638027559 -0.004007224925
v -0.006539806724 -0.001398666878 -0.004038490821
v -0.006538721733 0.004521868192 -0.0009289800073
v -0.006538415793 -0.002621781314 -0.009975505061
v -0.006538242567 -0.005322411656 -0.0009207052062
v -0.006537633482 0.0002558137057 -0.008204611018
v -0.006536402274 -0.0005745451199 -0.00898690708
v -0.006536053028 -0.0009932989487 -0.00904134009
v -0.00653359713 -0.0002541813592 -0.0175985489
v -0.006532886997 -0.00540545024 -0.007897173986
v -0.00653286837 -0.001007259474 -0.01113302726
v -0.006532175932 0.0001902537042 -0.009040497243
v -0.006532125641 0.004605913535 -0.007888535038
v -0.006531700026 0.00015751725 -0.004274909385
v -0.006530182436 0.001881482895 -0.009963181801
v -0.006529252976 -0.0009119074093 -0.004290814511
v -0.006524101831 0.0005132135702 -0.01761988737
v -0.006523458287 0.004475579597 -0.000831457437
v -0.006522323005 -0.002249546116 -0.009014240466
v -0.006522051524 -0.004176847637 -0.00975757651
v -0.006521212868 9.854498785e-05 0.0005000490928
v -0.006520210765 0.00019659182 -0.01106218621
v -0.006519122049 0.001507400419 -0.009006757289
v -0.006518300623 -0.0009881999576 -0.008971273899
v -0.006517169066 -0.002002943074 -0.008059288375
v -0.006515688263 0.004636062309 -0.005773015786
v -0.006514895242 -0.005287780426 -0.0008439188241
v -0.006514551118 0.0001850303815 -0.008970285766
v -0.006508538499 -0.003208762268 -0.009863255545
v -0.006505002733 -0.0009408971528 -0.008267194033
v -0.006502628792 -0.003737087129 -0.03016627207
v -0.006500095595 -0.0005021156976 0.0004774846311
v -0.00649642013 -0.002595458878 -0.009914455004
v -0.006496381946 -0.0005741609493 -0.008386923932
v -0.006496179383 0.000196818597 -0.01097611152
v -0.006495064124 -0.005423631985 -0.00792378746
v -0.006494542584 0.004624305293 -0.007914723828
v -0.006494345609 0.0002984230814 -0.01097643655
v -0.006494252477 0.0002557056723 -0.008259638213
v -0.006491754204 0.00162002712 -0.008986968547
v -0.006491521839 -0.0007625870639 -0.008394589648
v -0.006491139065 0.004666274413 -0.00768732978
v -0.006489791442 -0.0005827491404 0.0004737411218
v -0.006489522289 -0.002550989157 -0.009845145047
v -0.006488634739 0.001853646594 -0.009901210666
v -0.006487611681 -0.0003751508193 -0.004413165152
v -0.006485889666 -0.001020610915 -0.0176999066
v -0.006483235862 -0.001649724436 -0.01109047607
v -0.006483102683 0.00132574595 -0.01109421253
v -0.006482781842 -0.0009429753991 -0.008336404338
v -0.006481514778 -0.000944770989 -0.00837413501
v -0.006478820462 0.004463929683 -0.01161346771
v -0.006478711963 0.0007028662367 0.0004538797366
v -0.006477866322 -0.0003984883951 -0.01097713038
v -0.006476919167 0.001457203995 -0.008015333675
v -0.00647611171 0.0005717593012 -0.008939738385
v -0.006475306582 0.001831020112 -0.009825956076
v -0.00647488609 -0.0002519014815 -0.01737927087
v -0.006474483758 0.001367533463 -0.00901601743
v -0.00647386536 -4.561630703e-05 -0.005229388364
v -0.006473813672 -0.002237646608 -0.00900556054
v -0.00647362275 -0.00447146548 -0.01161347423
v -0.006471871864 0.0002580931177 -0.008328563534
v -0.006470536813 -0.0009970968822 -0.01109242532
v -0.00647044275 0.0002602477325 -0.008366173133
v -0.006469149143 -0.0007502079243 -0.005222666077
v -0.00646734843 0.0006383274449 -0.004025608767
v -0.006465948187 0.0001673138322 -0.004319747444
v -0.006465399172 0.0005085960729 -0.01740012877
v -0.006464580074 -0.001398696681 -0.004056948703
v -0.006463491358 -0.0009200811619 -0.004335967358
v -0.006462111603 -0.0008144002641 0.0004436918825
v -0.006461649202 -0.002490196144 -0.008970127441
v -0.006459461525 -0.005505146924 -0.007600921206
v -0.006457710173 -0.002113111084 -0.008052568883
v -0.006456781644 0.001283915597 -0.01776520163
v -0.006451837718 -0.005431457423 -0.007947045378
v -0.006451448891 0.004632237367 -0.007937535644
v -0.006448165048 0.0005415844498 -0.008432621136
v -0.006446666084 0.0002031548502 -0.01016367227
v -0.006446551997 0.001016767579 -0.00362460711
v -0.006445663515 0.00472120475 -0.001605702913
v -0.006445595995 -0.001787515474 -0.003669161117
v -0.00644544838 -0.0003740127431 -0.004482579418
v -0.006444134749 0.004333118908 -0.00998092629
v -0.006443523336 0.0005379429786 -0.008344431408
v -0.006443192251 0.003838653443 -0.03013288043
v -0.006441444159 0.001926361467 -0.01109051239
v -0.006440484896 0.0005358838243 -0.01015843917
v -0.006439269986 0.001317355665 -0.01103321929
v -0.006438401062 0.004721696489 -0.001503247186
v -0.006436835974 -0.00552402297 -0.00149623421
v -0.006436144933 0.00434831623 -0.009999261238
v -0.006436098367 -0.003411753802 -0.00977571588
v -0.006434033625 -0.0003727405565 -0.004563065711
v -0.006433676928 -0.0001680419227 -0.01015753858
v -0.006432350725 -0.0005088738399 -0.004560116213
v -0.006431079004 -0.004355802666 -0.00999925565
v -0.006428320426 0.0006687919376 -0.005276751705
v -0.006427680608 -0.001011450891 -0.01747999899
v -0.006426660344 -0.0009887624765 -0.01103270706
v -0.006423544604 0.0001859356271 -0.004385174252
v -0.006423382089 -0.0007437953027 -0.004531463608
v -0.006423011422 0.001637189533 -0.007754483726
v -0.006422495935 -3.736583494e-06 0.0006603042129
v -0.006421099417 -0.0009366251761 -0.004401976708
v -0.006417629775 0.001446279581 -0.008029510267
v -0.006417205092 -0.002394670853 -0.0077247913
v -0.006416825578 -0.001459888765 -0.005258610938
v -0.00641408423 0.0008086393354 -0.01014593989
v -0.006413555238 -0.0004133769835 -0.01014649495
v -0.006411648355 -0.001622360782 -0.01107908878
v -0.006411620881 0.002464470221 -0.009818753228
v -0.00641132798 0.001347587327 -0.008977775462
v -0.006410822272 0.0002104037994 -0.004460524302
v -0.006410717499 -0.002217660891 -0.008967568167
v -0.00640839804 -0.0009587212699 -0.004478057846
v -0.006407544017 -0.001872270019 -0.003511002753
v -0.006403461099 0.0006564286305 -0.004065153189
v -0.00640345132 0.001344610821 -0.008970043622
v -0.006403308827 -0.003377984511 -0.009787051007
v -0.006403069478 0.00390521693 -0.02118677646
v -0.006402839441 -0.002214662032 -0.008959865198
v -0.006402784493 0.003905682592 -0.03011176363
v -0.006401129998 0.00474227313 -0.0014856864
v -0.006401056424 -0.001180539024 0.000376438722
v -0.0064005889 -0.001415576437 -0.004097100347
v -0.006399975158 0.001781561296 -0.007955516689
v -0.006399361882 -0.005544530228 -0.001478556427
v -0.006398612633 0.001272343914 -0.01754387096
v -0.006397492252 -0.002107061213 -0.00808981806
v -0.006392378826 0.002749172738 -0.009700951166
v -0.00639033597 -0.002631712006 -0.01898869313
v -0.006390236784 0.001169670257 -0.003370071296
v -0.006385059562 -0.005593532231 -0.001834598486
v -0.006384744775 0.004793584347 -0.007339214906
v -0.006381298881 0.002486438258 -0.01101156045
v -0.006380014122 -0.001902078395 -0.003333136672
v -0.00637967186 -0.001151866396 -0.01094979141
v -0.006379356142 -0.001793426578 -0.01792740449
v -0.006379278377 0.0005847093416 0.0006466658087
v -0.00637839688 0.004666438326 -0.00788587518
v -0.006378384773 0.001907922211 -0.01105052698
v -0.006376714446 0.001306868973 0.0003408030025
v -0.006376552396 -0.002050811658 -0.008852986619
v -0.006375669036 0.00102053571 -0.003642296419
v -0.006374216639 -0.001790965558 -0.003686968703
v -0.006373819429 -0.0003648638958 -0.000849814387
v -0.006373553537 2.882312401e-06 -0.009163045324
v -0.006373502314 0.002146470128 -0.009729123674
v -0.006373382639 0.001608395833 -0.01094174106
v -0.006369870156 -0.00209182105 -0.01101007778
v -0.006368627772 0.001326806727 -0.01010543201
v -0.006365919951 -0.0033602037 -0.009780345485
v -0.006365592591 0.001326839323 -0.008911833167
v -0.006364920177 -0.002196656307 -0.008901944384
v -0.006364878267 -4.658627222e-05 -0.000886122114
v -0.006360501982 0.0006895594997 -0.004120187834
v -0.006359240506 0.004753412679 -0.001470070216
v -0.006359029561 -0.002021215623 -0.008459461853
v -0.006358971819 -0.0008368730778 -0.0009048876818
v -0.00635806052 0.001439196873 -0.00806653779
v -0.006357865408 -0.00603236258 -0.03008882888
v -0.006357647479 -0.001447138027 -0.004153255839
v -0.006357366685 -0.00555572845 -0.001462800079
v -0.006357031409 0.0008091776399 -0.009146346711
v -0.006356484257 0.005256365985 -0.01759585552
v -0.006356343627 -0.0003464987094 -0.009151523001
v -0.00635538809 -0.005496800877 -0.007828325033
v -0.006354684941 -0.002107067732 -0.00814355351
v -0.006354322657 -0.0009041820886 -0.0009236629703
v -0.006354298443 -0.004291192163 0.0003250056179
v -0.006353913341 0.004821885377 -0.007355150301
v -0.006352459081 -0.005623911973 -0.00736224791
v -0.006352353841 0.005655815825 -0.02220899053
v -0.00635105744 0.0001700421562 -0.0009457126143
v -0.006350500509 0.001311778906 -0.008840352297
v -0.006350362208 -0.005263759289 -0.01759585366
v -0.006350156851 0.001400416601 -0.01009624824
v -0.006349653471 -0.002181205666 -0.008830733597
v -0.006349489093 -0.001602761098 -0.01103876997
v -0.006348534487 -0.0009586691158 -0.01010153536
v -0.006348481867 -0.001303693862 -0.0109330304
v -0.006348386873 0.006024001166 -0.0293134246
v -0.006347721908 0.002424853621 -0.009782550856
v -0.006347702816 0.002115550218 -0.008882360533
v -0.006346540991 0.001260899822 -0.003146232106
v -0.006346515846 -0.0004080717044 -0.01013340801
v -0.006345767993 -0.005663203541 -0.02220898308
v -0.006345521659 0.002865517279 -0.009636333212
v -0.006344429217 0.0007327374769 -0.004182353616
v -0.006343003828 -0.0008017459186 0.0006349062314
v -0.006342967041 0.0008026704891 -0.01013280638
v -0.00634172 -0.001488440786 -0.00421682978
v -0.006341373548 -0.006031384226 -0.0293134246
v -0.006338784937 -0.001880964381 -0.003523929045
v -0.006336321123 -0.005650155246 -0.002071999246
v -0.006331764162 0.002049790462 -0.0180342719
v -0.006331446581 -0.002113027265 -0.008210459724
v -0.006328957155 -0.002118287375 -0.008246950805
v -0.006328755524 0.0001939766662 -0.008465415798
v -0.006327762734 0.001382225077 -0.005356959067
v -0.006327334791 -0.003049029736 -0.009692117572
v -0.006322244648 -0.001776971971 -0.01770559326
v -0.006319268141 -0.001902059303 -0.002599910833
v -0.006318786647 -0.005545246415 -0.007718339097
v -0.006317629013 0.002069846494 -0.007893644273
v -0.006317227148 -0.0007615491049 -0.009122979827
v -0.006317077205 0.004842317663 -0.007370279636
v -0.006315457169 0.001438689302 -0.008119746111
v -0.006315420847 -0.005644259509 -0.007377484813
v -0.006314666476 -0.002834667219 -0.00790519733
v -0.006314250641 0.001045569661 -0.003673218191
v -0.00631399639 -0.00217063562 -0.005330102053
v -0.006313062739 -0.001913912245 -0.003338575363
v -0.006312649697 -0.001815315452 -0.003718815977
v -0.006310700439 -0.0003442695888 -0.009163099341
v -0.006308223121 0.002383885672 -0.009721537121
v -0.006307919044 0.00487517193 -0.002066032728
v -0.006306534633 -0.001584841986 -0.01097808871
v -0.006305253599 -0.005678639282 -0.002060402418
v -0.006304733455 -0.001393400249 -0.001157877268
v -0.006303858478 0.001716792467 -0.0100580873
v -0.00630334625 0.001693265396 -0.01005992666
v -0.006303016562 -0.003318862757 -0.009744025767
v -0.006301243324 0.0006488383515 -0.001199990395
v -0.006300425157 -0.0003648280399 -0.0008357878542
v -0.00630042376 0.001347946818 -0.002600003965
v -0.006300416775 0.00132829498 -0.002861531684
v -0.006300367415 0.001169549185 -0.003369781654
v -0.006300366949 0.001169549185 -0.001830221154
v -0.006300296169 0.0009419441922 -0.0027285947
v -0.006300281733 0.0008970041526 -0.002232227009
v -0.006300255191 0.0008121178253 -0.003190429183
v -0.006300213281 0.0006773638306 -0.001789114904
v -0.006300211418 0.0006707300199 -0.001217387267
v -0.006300210953 0.0006707300199 -0.003982612863
v -0.006300207693 0.0006576328306 -0.001207320718
v -0.00630016299 0.0005161705194 -0.003589683212
v -0.006300097331 0.0003088869853 -0.001452343771
v -0.006300047971 0.0008569312049 -0.009155849926
v -0.006300028879 8.974724187e-05 -0.00385722029
v -0.006300026085 7.860908954e-05 -0.001338474103
v -0.006299986038 -4.681165592e-05 -0.004313565325
v -0.006299985107 -4.681165228e-05 -0.0008864295669
v -0.006299874745 -0.0004006448435 -0.001251027454
v -0.00629987428 -0.0004043729277 -0.003948717378
v -0.006299739238 -0.0008367808769 -0.004295143299
v -0.006299738307 -0.0008367808769 -0.000904849614
v -0.006299725734 -0.000882275519 -0.003861704376
v -0.00629971968 -0.000893265591 -0.001342345146
v -0.006299657747 0.004771029577 -0.007650532294
v -0.006299653091 -0.001110404846 -0.003749270923
v -0.006299586967 -0.001318795723 -0.001608745195
v -0.006299551576 -0.001434306731 -0.001186870621
v -0.006299537607 -0.001479447004 -0.003413681407
v -0.006299519446 -0.001538116601 -0.003931113053
v -0.00629951898 -0.001538116601 -0.001268888591
v -0.0062994943 -0.001615564455 -0.002009360585
v -0.006299467757 -0.001699783956 -0.002972633578
v -0.006299453788 -0.001745931455 -0.002470671432
v -0.00629944168 -0.001787469839 -0.00366917369
v -0.006299439818 -0.001787469839 -0.001530826557
v -0.006299413275 -0.00187261973 -0.001689339639
v -0.006299412809 -0.00187261973 -0.00351065048
v -0.006299405824 -0.001902052783 -0.003333143657
v -0.006299405359 -0.001902052783 -0.001866862876
v -0.006299404427 -0.001902052783 -0.002365939319
v -0.006299401633 0.004891842604 -0.006925506983
v -0.006294689141 0.006101889536 -0.03005432896
v -0.006294253282 0.002508641919 -0.01099075563
v -0.006293065846 0.001081604394 -0.008500937372
v -0.006292434875 -0.001032583532 0.0006174834562
v -0.00629188912 0.001444673981 -0.008185933344
v -0.006289002486 0.001450176234 -0.008222055621
v -0.006283648778 0.003011939814 -0.009547675028
v -0.006283472292 -0.005710289348 -0.006852109917
v -0.006283304188 -0.0004016222956 -0.01009493228
v -0.006283135153 -0.0006874456303 -0.008487895131
v -0.006282159593 -0.0009038612479 -0.0009093043627
v -0.006279706489 0.0007958569331 -0.01009424496
v -0.006279543042 0.001268929685 -0.003159797052
v -0.006279298104 0.0001699709101 -0.0009313935298
v -0.006278690416 -0.001911999309 -0.00354326237
v -0.00627566874 0.004918750376 -0.006771720015
v -0.006275324617 -0.0004006523232 -0.01008728333
v -0.006274648942 0.002031300915 -0.01781021431
v -0.006274197716 -0.00565572083 -0.007391158026
v -0.006271724124 0.0007948408602 -0.01008656621
v -0.006271284539 0.004895968363 -0.002055042656
v -0.006270686164 0.001088477555 -0.00371336285
v -0.006269840058 0.004925210029 -0.002525181742
v -0.006269478705 0.00134849071 -0.002614468336
v -0.006269163452 -0.00185743731 -0.003760539228
v -0.00626843283 -0.005699419416 -0.002049353672
v -0.006265365519 0.001597400638 -0.009072516114
v -0.006264239084 0.001911560888 -0.010029139
v -0.006263406482 -0.003275922267 -0.00968417339
v -0.006260816939 -0.003138855333 -0.008822605014
v -0.006260782946 0.004822625779 -0.001675113686
v -0.006256347988 -0.001902039279 -0.001866860432
v -0.006253789645 -0.001947315992 -0.003343387041
v -0.006253057625 0.001027093153 -0.001588927931
v -0.006252997555 -0.001913647284 -0.002605499467
v -0.006252814084 -0.001787454938 -0.001530837151
v -0.006252095569 -0.005633759312 -0.001696650521
v -0.00625039544 0.00114347029 -0.003757319879
v -0.006249473896 0.006051553413 -0.02685426362
v -0.006249124184 -0.001911323168 -0.003806373803
v -0.006249115337 -0.002223323798 -0.01096134819
v -0.006248562131 -0.004574410152 -0.009332312271
v -0.006248509511 -0.0003423124144 -0.009200640954
v -0.006246827543 0.001983410446 -0.01001622807
v -0.006245526951 -0.004433512688 0.0001993398619
v -0.006244966295 -0.001872314722 -0.001689511002
v -0.006244679447 0.004946631379 -0.006780204829
v -0.006242428906 -0.006058820989 -0.02685426734
v -0.006241667084 -0.005750436801 -0.006786870304
v -0.006239398848 -0.001840096549 0.0001911003201
v -0.006239325739 0.00116987701 -0.001829862595
v -0.006238049362 0.0008543113945 -0.009193299338
v -0.006237241905 -0.0003641085932 -0.0007959029754
v -0.006236786954 0.001268594409 -0.002076967852
v -0.006236728746 -0.005762409884 -0.002788588637
v -0.006236596499 2.395348383e-05 -0.009975599125
v -0.006236135494 -0.0003948003578 -0.01003004238
v -0.006235689856 -0.00139526336 -0.001143933856
v -0.006234662607 -0.001961687347 -0.003566679312
v -0.0062327208 0.0006512970431 -0.001186465146
v -0.006232685409 0.004855752923 -0.007395238616
v -0.006232575513 0.0007887537358 -0.01002918649
v -0.00623246748 0.002335597528 -0.007828877307
v -0.006231191568 -0.005657522473 -0.007402444258
v -0.006231036503 0.002479983261 -0.01095187571
v -0.006230763625 -0.0001676232932 -0.009970500134
v -0.006230652798 0.004908162169 -0.002045150148
v -0.006227707956 -0.005711705424 -0.002039379673
v -0.006220469717 0.001298596966 -0.003179115709
v -0.006219874602 0.002105903579 -0.009995445609
v -0.006219727919 -0.0009111968102 -0.0008710888214
v -0.006218383554 -0.00038969671 -0.009959961288
v -0.006217115559 0.000178718823 -0.0008937843959
v -0.006214950234 0.0007835346041 -0.009958975017
v -0.006214661524 -0.002559364541 -0.01827964187
v -0.006214076653 0.001930592465 0.0001517589262
v -0.006212752778 -0.002596474485 -0.01085729524
v -0.006212013308 0.001829714398 -0.008561713621
v -0.006211712491 -0.00202356861 -0.003591184271
v -0.006209281739 -0.001998821506 -0.003346996848
v -0.006208380219 0.004967279732 -0.006788286846
v -0.006205182057 -0.005771119613 -0.00679502869
v -0.0062051001 -0.0003423901799 -0.00925589446
v -0.00620509591 -0.0002881610999 -0.00434620399
v -0.006205022801 0.001359240967 -0.002620690735
v -0.006204378791 0.002976213349 -0.009547939524
v -0.006204108242 0.004997972399 -0.003240244929
v -0.006200266071 0.000847978401 -0.002600001171
v -0.006200265605 0.0008422982646 -0.0027190377
v -0.006200251635 0.0008007072611 -0.002259496599
v -0.006200214382 0.0006805098383 -0.003224999178
v -0.006200213917 0.0006805098383 -0.001974997343
v -0.006200186908 0.0005973939551 -0.001849217108
v -0.006200140808 0.0004481606884 -0.003516344121
v -0.006200071424 0.0002229780657 -0.001517471974
v -0.006200070027 0.0002229780657 -0.003682534676
v -0.006200017408 5.335162132e-05 -0.003764105728
v -0.006200014614 4.303583046e-05 -0.001431916608
v -0.006199876312 -0.0004020218039 -0.00385000743
v -0.006199874915 -0.0004020218039 -0.001350003527
v -0.006199736148 -0.0008466719883 -0.003768243827
v -0.006199731492 -0.0008568061749 -0.001435665996
v -0.006199679803 -0.001027021674 -0.003682538867
v -0.00619967794 -0.001027021674 -0.001517461496
v -0.006199608091 -0.00125073886 -0.001682290691
v -0.006199562922 -0.001399520435 -0.003353321692
v -0.006199535914 -0.001484553446 -0.003224998713
v -0.006199534982 -0.001484553446 -0.001974996878
v -0.006199498195 -0.001603470766 -0.002944986802
v -0.006199485622 -0.001646274352 -0.002480270108
v -0.006199481897 -0.001652021543 -0.002599994885
v -0.006198559888 -0.0006165729137 -0.004336978309
v -0.006197572686 0.0007799452869 0.0008239073213
v -0.006196662318 -0.0007871562848 0.0008239024901
v -0.006196578033 2.434836642e-05 -0.009375616908
v -0.006195514929 -0.001736410079 -0.009989051148
v -0.006194669753 0.0008542154683 -0.009248340502
v -0.006194175687 -0.001946398173 -0.00261046621
v -0.006194067653 0.003708215198 0.0001263147424
v -0.006193780806 -0.001935433247 -0.01083603967
v -0.006193617359 -4.663284199e-05 -0.004313268233
v -0.006193264853 -0.0003629570128 -0.000735505484
v -0.006193217356 0.002218608512 -0.00997525081
v -0.006190768443 -0.00191320444 -0.001872568042
v -0.006190559827 -0.005813138559 -0.005871688947
v -0.006189479958 0.002452157205 -0.0108898906
v -0.006188855972 0.005014576949 -0.005748628639
v -0.006187989376 0.004911256954 -0.002036781516
v -0.006187601946 0.001033877837 -0.001579232863
v -0.006187205669 0.002589927753 -0.00905293785
v -0.006186839659 -0.001793589559 -0.001520319842
v -0.00618681917 -0.002192691667 -0.01092232857
v -0.006186817773 -0.00401472114 -0.009413401596
v -0.006185347214 -0.005714724772 -0.002031029435
v -0.006184691563 -0.00156330748 -0.009023586288
v -0.00618455885 -0.002062448068 -0.003348995233
v -0.006184286904 0.005019681528 -0.003620762378
v -0.006183882244 6.254330947e-05 -0.004287031014
v -0.00618287595 -0.0003444623726 -0.009325090796
v -0.006181610283 -0.0003462574969 -0.009362835437
v -0.006179977208 0.004919779487 -0.007140536793
v -0.006179856136 -0.001882706885 -0.001686397125
v -0.00617941143 -0.0008380172076 -0.004294362385
v -0.006178633776 0.001969596138 -0.008705942892
v -0.006178354844 0.001972976839 -0.008715899661
v -0.006177595817 0.002055704361 -0.009003923275
v -0.006177465897 0.001979858382 -0.008724204265
v -0.006176749244 -0.004036616534 -0.009397589602
v -0.00617646426 0.001346342149 -0.00320197735
v -0.00617614761 0.002429534448 -0.01081465092
v -0.006176064722 0.001174729201 -0.009928002954
v -0.006175640505 -0.0009254129836 -0.000813961844
v -0.006175199058 0.001966048731 -0.01000470947
v -0.006175192073 0.00259707286 -0.008757520467
v -0.006175185554 -0.001410796423 -0.001111398218
v -0.006174276117 0.001998642227 -0.008733906783
v -0.006174265873 -0.0003614645684 -0.0006631999859
v -0.006173561793 -0.001639131107 -0.009994261898
v -0.006173206028 -0.0005066144513 -0.000666389009
v -0.006173163652 0.005025350489 -0.003236505203
v -0.006172994617 0.000195018365 -0.000837722444
v -0.006172868423 0.001278861309 -0.002074497519
v -0.006172548048 0.0006681688828 -0.001155112172
v -0.006172289606 0.0008566089673 -0.009317250922
v -0.00617099693 0.001972696511 -0.008585615084
v -0.006170860957 0.0008587640477 -0.009354861453
v -0.00616966188 -0.005829590373 -0.003233775031
v -0.006167671643 0.002033497905 -0.008741933852
v -0.006167471409 0.002081646351 -0.005462077446
v -0.006165029481 -0.005783645902 -0.006802430842
v -0.006163853221 -0.0005548746558 -0.0005429206067
v -0.006163388025 -0.003401194466 -0.008749802597
v -0.006163018756 -0.005842916202 -0.004394310527
v -0.006162296049 -0.00584369665 -0.004505856428
v -0.006161331199 -0.0009776625084 -0.004251773003
v -0.006160788238 0.0001822052145 -0.005955770612
v -0.006160716526 0.002247991739 -0.0180546809
v -0.006159219891 -0.002535693115 -0.01805469207
v -0.006158946082 -0.005745715927 -0.007046480197
v -0.00615814561 0.002080541803 -0.008746237494
v -0.006158041302 0.00259688939 -0.008257879876
v -0.006157491356 -0.001514590927 -0.009041267447
v -0.006157037802 -0.002870240947 -0.005429289769
v -0.006156552583 -0.003224514658 -0.007818481885
v -0.00615585316 -0.001572412555 -0.008562588133
v -0.006155778188 0.0001832957932 -0.005881089251
v -0.006155513693 -0.0009444701718 -0.0007457787287
v -0.006155500188 0.0001360437454 -0.005884449463
v -0.006153960712 3.640527211e-05 -0.005888353568
v -0.006152480375 0.0002167111961 -0.0007708595949
v -0.006152363028 0.001406465541 -0.003225655528
v -0.006151772104 0.00504839886 -0.005601753481
v -0.006151375826 0.002015613718 -0.008390513249
v -0.006150059868 0.0004991319729 -0.005833080504
v -0.006149685942 -0.00199698261 -0.002614223864
v -0.006148118991 9.642296936e-05 -0.000560661254
v -0.006147660781 -0.005853369832 -0.005605493672
v -0.006147503387 0.001390468213 -0.00262639625
v -0.00614725519 0.001143524307 -0.009404612705
v -0.006145545281 -0.003400871763 -0.008255547844
v -0.006145309191 -0.002162609017 -0.01086129621
v -0.006144105922 0.002534102416 -0.01078644674
v -0.006143745035 0.002828521421 -0.01843844913
v -0.006143524311 0.001140805776 -0.009332736023
v -0.006140816957 0.002459870419 -0.01809751056
v -0.006139419507 0.002926281421 -0.009515688755
v -0.006138299126 0.002596816747 -0.007758331951
v -0.006137970835 0.0009564765496 -0.005986755248
v -0.006137441378 0.0003830286441 -0.004164129496
v -0.006137232762 0.005045771599 -0.003232917516
v -0.006136430893 -0.006267987657 -0.02997230738
v -0.006135378964 0.00506615825 -0.004419046454
v -0.006134927738 0.002187198726 -0.008745307103
v -0.00613430189 -0.004020797089 -0.009403681383
v -0.006133839022 0.0004498668713 -0.0008727844106
v -0.006133566611 -0.005849985406 -0.003230186878
v -0.006132584065 -0.001945331809 -0.001877643517
v -0.006131861359 -0.005870272871 -0.004419443663
v -0.006131723989 0.005368362181 -0.01563248225
v -0.006131243426 -0.002824766329 -0.01075891219
v -0.006131226197 -0.003539680736 -0.009442767128
v -0.006131147034 -0.0004099617945 -0.005852505565
v -0.006130865309 -0.001438321662 -0.001064089243
v -0.006130678579 0.002593748039 -0.007759192958
v -0.006129370537 0.00105805404 -0.001557866577
v -0.006128379144 -0.001816785545 -0.001497298246
v -0.006128215697 0.0006973276613 -0.001109629055
v -0.006126334425 0.004983367398 -0.006801807322
v -0.006125804503 -0.003400765592 -0.007761504035
v -0.006125766784 -0.0005872790935 -0.005975318141
v -0.006125663407 0.002059025457 -0.008096024394
v -0.00612556655 -0.001584822894 0.0005551381619
v -0.006125474349 -0.005375493318 -0.0156324897
v -0.006124447566 -0.002059644787 -0.002616357058
v -0.006123969331 -3.562891379e-06 0.0009772500489
v -0.006123907864 0.00206409744 -0.008083523251
v -0.006123366766 -0.005787268281 -0.006808708422
v -0.006121931132 -0.001912536682 -0.001676611486
v -0.006120321341 0.0009246905101 -0.005693057086
v -0.006118365563 0.002044810681 -0.00901820045
v -0.006116933655 -0.001205403008 -0.0005937246606
v -0.006115960889 0.005068690516 -0.005603914149
v -0.006115651224 0.001308164443 -0.002066026209
v -0.006115437951 0.001610889914 0.0005503928405
v -0.006114762276 0.002099388046 -0.008050368167
v -0.006112628616 0.003063002368 -0.0108074341
v -0.006112038158 0.001946119475 -0.009966467507
v -0.006111760624 -0.004174150992 -0.009294604883
v -0.00611168379 -0.005873661023 -0.005607579369
v -0.006110469345 -0.001619128627 -0.009956253693
v -0.006108412985 -0.001267458894 -0.004120164551
v -0.00610810658 0.00255398429 -0.008746487089
v -0.006107911002 -0.00147427537 -0.001008000225
v -0.006107422058 0.005005360581 -0.006650051568
v -0.006106057204 0.005006695166 -0.00262659695
v -0.006105734035 0.001055992092 -0.005630103406
v -0.00610478688 0.0007352082757 -0.001055660774
v -0.006104161032 0.001943144831 -0.009958735667
v -0.006103239488 0.001438749838 -0.002631001873
v -0.006102592684 -0.00161612744 -0.009948566556
v -0.006102486979 0.002872185549 -0.009456903674
v -0.006102130283 0.002380033722 -0.008944381028
v -0.006101872306 -0.003340820083 -0.008723547682
v -0.00610004086 -0.003214940662 -0.007855197415
v -0.00609965343 0.005086360499 -0.004418641794
v -0.006097935606 0.002560380613 -0.008260102011
v -0.006097791716 0.005058276467 -0.003229666967
v -0.00609763898 -0.005816518795 -0.002672581701
v -0.006097273901 -0.001508524758 -0.009078501724
v -0.006095973309 -0.005890430417 -0.004419038538
v -0.006094992626 -0.00399941951 -0.009400225244
v -0.006094029639 -0.005862558261 -0.003226884874
v -0.006093464326 0.003347710473 -0.01068964042
v -0.006093259435 -0.00335363741 -0.008257534355
v -0.00609123148 -0.0007873043651 -0.005751036573
v -0.006091222633 0.002304894617 1.653003918e-07
v -0.0060898019 0.003841687692 -4.177172287e-06
v -0.006089586765 0.002248014091 -0.01810000464
v -0.006088489201 -0.0008077766979 -0.005743498448
v -0.006088255439 0.002802969655 -0.01821045205
v -0.006088229362 -0.001994986786 -0.001881509088
v -0.006088027731 -0.002731950255 -0.01810000651
v -0.00608802354 0.0006375823868 -0.0006348458119
v -0.006086875685 0.002324429108 -0.01810588129
v -0.006085610017 0.002638626611 -0.01821600832
v -0.006084932946 0.001096882741 -0.001527126413
v -0.006083954591 -0.001854549279 -0.001464268425
v -0.006081163883 -0.004389699083 -0.02118677273
v -0.006081103347 -0.004389782902 -0.02994367294
v -0.006080613937 0.002562174341 -0.007777977735
v -0.006078424864 -0.003358927788 -0.007795655169
v -0.006077449303 -0.001958676847 -0.001661177375
v -0.006076694466 0.005081155337 -0.005605883896
v -0.006076653022 0.001498855534 -0.002634030767
v -0.006076121237 0.004848803394 -0.009458611719
v -0.006075606216 -0.003285802202 -0.008690768853
v -0.006075144745 -0.003168708878 -0.00860650558
v -0.006073573604 0.0006578181637 -0.003992912825
v -0.006073519588 0.001284954022 -0.005493901204
v -0.006073038559 0.005043957382 -0.002988135675
v -0.006073027849 -0.004400947131 -0.02993933856
v -0.006072335411 -0.005886224099 -0.005609466229
v -0.006071252748 0.001353368978 -0.002052424476
v -0.006069704425 -0.002985218307 -0.01067629736
v -0.006069225725 0.005048720166 -0.006241313182
v -0.006068379153 -0.003252153052 -0.008667916991
v -0.006067072973 0.002290989971 -0.007949206047
v -0.006066297181 0.001925383578 -0.009900525212
v -0.006065565161 -0.005852772389 -0.00303767249
v -0.006064679008 -0.00159811147 -0.009890645742
v -0.006062298547 -0.00205639028 -0.001883762772
v -0.006060749758 -0.00316872145 -0.008259391412
v -0.006060523912 0.005098806694 -0.00441826554
v -0.006060495507 0.002485963283 -0.008711057715
v -0.006060160231 0.006144625135 -0.02456648834
v -0.006059882231 0.002488175174 -0.01816144772
v -0.006059060805 -0.003287450178 -0.0082591502
v -0.00605886383 0.001146050054 -0.001490486204
v -0.006058796309 0.002037742874 -0.009055227973
v -0.006058600731 -0.003214391181 -0.007906329818
v -0.006058317609 -0.001420000219 -0.009431046434
v -0.006058216561 -0.001902419725 -0.001425086288
v -0.006056748796 -0.005902911071 -0.004418670665
v -0.006056564394 0.005062403157 -0.003226856934
v -0.00605632551 0.002919777064 -0.009318556637
v -0.00605569873 -0.004824447446 -0.008964044973
v -0.00605446985 -0.001508520101 -0.009132251143
v -0.006053823046 -0.00279205176 -0.01075484045
v -0.006053006276 -0.006151672453 -0.02456648648
v -0.006052358542 0.002502978547 -0.008261920884
v -0.006051695906 -0.003213173477 -0.008259644732
v -0.006051584147 0.001735960017 -0.006060203537
v -0.006051201373 0.001910326886 -0.009829045273
v -0.006050909404 -0.002015863778 -0.001641854877
v -0.006050338037 -0.003168762894 -0.00801959727
v -0.006049416028 -0.001582656638 -0.009819434024
v -0.006048737094 -0.003173092613 -0.008013544604
v -0.00604872033 0.003023403464 -0.01077123266
v -0.006048600189 0.002714161528 -0.009871035814
v -0.006046649069 0.003464043839 -0.01062503364
v -0.006043997593 0.001409706543 -0.002035139129
v -0.006043326575 -0.005877563264 -0.005884480663
v -0.006041311193 0.002475240966 -0.008291382343
v -0.00603918964 0.002474052599 -0.008246484213
v -0.006038725842 -0.003267307067 -0.007894964889
v -0.00603807345 0.0007752998499 -0.003895216156
v -0.006036845036 0.00352914515 -0.009167702869
v -0.006035676226 0.005085336976 -0.005607602652
v -0.006034603342 -0.002425898565 -0.01068933029
v -0.006032657344 -0.002459622687 -6.50750153e-05
v -0.006031882949 -0.001363027957 -0.006040103268
v -0.00603179913 0.00249617151 -0.00783958286
v -0.006031227764 -0.001514473581 -0.009199158289
v -0.006030827761 -0.003945655189 -0.009369101375
v -0.006030808669 0.001767700422 -0.002932805568
v -0.006028738339 -0.001519732759 -0.00923564937
v -0.006027618889 -0.001178913866 -0.005565661937
v -0.006026466843 -0.001572482404 -0.003901018295
v -0.006024162285 -0.005898409989 -0.003914173692
v -0.0060227504 -0.005899796262 -0.005295406561
v -0.006021867041 0.005100710317 -0.004204621073
v -0.006021786947 0.00510051474 -0.005056999158
v -0.006021042354 0.002463883488 -0.007874927483
v -0.006018532906 0.002668403788 -0.008882334456
v -0.006018029992 0.003932290711 -9.845479508e-05
v -0.006016191095 0.002037246479 -0.009108436294
v -0.006009632256 0.004487128928 -0.02990232781
v -0.006009210832 0.00298244576 -0.01071021985
v -0.006009059958 0.00252952124 -0.0001063745731
v -0.006007813849 -0.001861199387 -0.0007168182055
v -0.00600549439 0.001631221618 -0.005206629168
v -0.006004318595 0.002629606752 -0.01827687956
v -0.006003243383 0.002756283386 -0.01839273423
v -0.006000964902 0.00294729392 -0.01063502952
v -0.005994335748 -0.00388665474 -0.009312940761
v -0.005992626306 0.002043238608 -0.009174638428
v -0.0059917178 9.651423898e-05 -0.0007446723175
v -0.005990876816 -0.002750078449 -0.01071873493
v -0.005989740137 0.002048740862 -0.009210745804
v -0.005989618134 -0.003858731827 -0.009278186597
v -0.005989166442 -0.002319090767 -0.008874642663
v -0.005986548029 -0.0002884586575 -0.004392054398
v -0.00598484138 0.001549290377 0.0007415144937
v -0.005984807853 0.003610506421 -0.01053637359
v -0.005983035546 -0.001556253643 0.0007415061118
v -0.005982807837 0.005397610366 -0.01376526523
v -0.005980134942 0.0007673985092 0.0009917104617
v -0.005979514681 -0.0006341958651 -0.004380583763
v -0.005979239475 -0.000774356653 0.0009917068528
v -0.00597652141 -0.005404568277 -0.01376526151
v -0.005971444771 -0.002503675176 -0.009820392355
v -0.005968505982 5.347921251e-05 -0.004335969221
v -0.005965557881 -0.004786483478 -0.0001531102025
v -0.005963931791 0.001269146684 -0.0007776326966
v -0.005963831674 0.001793365809 -0.005024450365
v -0.005961785093 0.004994929768 -0.009284600616
v -0.005957258865 0.002844332485 -0.008708153851
v -0.005951407831 -0.002706350526 -0.01065901946
v -0.005951254163 0.003012945643 -0.009953460656
v -0.005949867889 -0.003738501808 -0.006774510723
v -0.005947795231 -0.0009716484929 -0.004300820176
v -0.005946653895 -0.001534045325 -0.005305459723
v -0.005946556572 -0.001787359011 -0.00366917369
v -0.005946529098 -0.001872508903 -0.00351065048
v -0.00594652025 -0.001901942422 -0.003333143657
v -0.005945363082 -0.002596103819 -0.009924358688
v -0.005943222437 -0.002440004842 -0.008678403683
v -0.005942726973 0.002754021203 -0.005584203172
v -0.005942321382 -0.003546498483 -0.005548279267
v -0.005940122064 -0.002044281224 0.0004783486074
v -0.005936685484 0.002714447444 -0.0184197668
v -0.00593344355 0.002934177173 -0.008817575872
v -0.005927600898 0.001913158107 -0.004860164132
v -0.00592721533 0.0003778355895 -0.004214697052
v -0.005924883764 -0.001613051747 -0.005231616553
v -0.005919745192 -0.003927993588 -0.007969484664
v -0.005916408729 -0.003349244362 -0.01044933312
v -0.005911121145 0.002431964269 -0.009534211829
v -0.005906605162 0.002798070898 -0.01859999634
v -0.005905748345 0.003169814823 -0.008009196259
v -0.00590552669 0.003574800445 -0.01053663809
v -0.005900894757 0.005344880745 -0.01196257863
v -0.005900237244 0.00359854172 -0.01898868568
v -0.005896751303 0.002798073692 -0.01862112619
v -0.005896080751 0.003596005728 -0.01897051744
v -0.005895617418 -0.00128838711 -0.004157135263
v -0.005895414855 0.002503612777 -0.006165873725
v -0.005894799717 -0.0003337651724 -0.0008513513021
v -0.005894673057 -0.005351743195 -0.01196258422
v -0.00589259062 -0.004595943727 -0.008940007538
v -0.005891652778 -0.003403965617 -0.01041079778
v -0.005891389214 0.001122256625 -0.003460249398
v -0.005891117733 -0.0001656893874 -0.0008663024637
v -0.005887619685 0.003619148163 -0.01898869872
v -0.005887252744 -0.0002117335098 -0.0008605526527
v -0.005886519328 0.001563599217 -0.0008705041255
v -0.005884118378 -0.005018110387 -0.00852165278
v -0.005883404519 -0.00362599548 -0.01898869313
v -0.005882732105 -4.612247358e-05 -0.0008869303856
v -0.00588192232 -0.004061270505 -0.00906073954
v -0.005881474819 -0.0007582876133 -0.0008871749742
v -0.005878815427 -0.000668226392 -0.0008704601205
v -0.005876238924 0.003195668338 -0.009746212512
v -0.005874827504 -0.0008246927755 -0.000902624859
v -0.005874359515 -0.002129411092 -0.006139819045
v -0.005874319468 -0.003333549248 -0.01045489963
v -0.005870959722 0.005215618759 -0.01018994208
v -0.005868959241 0.00411588978 -0.0003075673594
v -0.00586626213 -0.001796266646 -0.003666341305
v -0.005865884479 0.0006739104865 -0.004031426273
v -0.005864889361 -0.005222447217 -0.01018994953
v -0.005862822291 -0.002802595729 -0.00973848626
v -0.005862543359 9.658921044e-05 -0.0008908506134
v -0.005861273035 0.002747636987 -0.01857886277
v -0.005859087687 0.003195489524 -0.009246572852
v -0.005858363584 -0.001825112966 -0.00499275187
v -0.005858133547 0.001179465908 -0.00334992609
v -0.005856036209 -0.002625914058 -0.008807176724
v -0.00585368881 -0.002464343561 -0.0008990445058
v -0.00585142104 0.002748088678 -0.01859999262
v -0.005848648492 -0.004578675609 -0.008948802948
v -0.00584760122 0.002122834092 -0.004465688486
v -0.005844980478 -0.002802267903 -0.009244246408
v -0.005843496416 9.660038631e-05 -0.0009222087683
v -0.005842817016 0.003339160001 -0.008988637477
v -0.005842758808 0.003563485807 -0.0187374372
v -0.005841024686 0.003336134134 -0.01042707451
v -0.005840553436 0.003524887143 -0.01050437335
v -0.005839345511 0.003195422469 -0.008747024462
v -0.005835272372 -0.003312614514 -0.01045100205
v -0.005833204836 -0.002932173433 -0.01043638866
v -0.005832135677 -0.0009165356169 -0.0009276153287
v -0.005831724964 0.003192355623 -0.008747885935
v -0.005830878858 0.005154075101 -0.009077486582
v -0.005830420181 0.0003669344587 -0.001027939725
v -0.005829035304 0.002358696191 -0.002980763558
v -0.005827540997 -0.001571741537 -0.00395448599
v -0.005826959852 0.0001636309316 -0.0009428019403
v -0.005826897919 -0.003251904389 -0.01809999533
v -0.00582681736 0.0006885769544 -0.001231295872
v -0.005826163571 -0.003167348215 -0.00296249683
v -0.005825238302 -0.002802156145 -0.008750188164
v -0.005818725098 0.000958899851 -0.001499678707
v -0.005816305988 0.003159044078 -0.009737754241
v -0.005811429117 0.000655229087 -0.0009625889943
v -0.005808342248 -0.004554504994 -0.008947542869
v -0.005804950371 -0.001791029354 -0.003695099847
v -0.005804114975 -0.0005852967734 -0.00136352214
v -0.005803680513 -0.0002825484844 -0.004520463292
v -0.005803605542 0.003470800584 -0.01044559013
v -0.005803071428 0.002331382362 0.0004155904753
v -0.005801840685 0.003423101036 -0.01037168689
v -0.005801346153 -0.002742223674 -0.009712497704
v -0.005800208542 -0.002783561824 -0.008763805963
v -0.00579957664 0.003159525571 -0.009248772636
v -0.005799524952 -0.002616324695 -0.008843876421
v -0.005799465347 0.006288028322 -0.0224442184
v -0.005797140766 -0.0006426005857 -0.004508350976
v -0.005797137972 -0.005122321658 -0.008404377848
v -0.005796196871 0.002221458359 -0.004171906505
v -0.00579270767 -0.002755019581 -0.009246231988
v -0.005792144686 -0.006294772495 -0.02244421467
v -0.005791853182 -0.00305664097 -0.0004019376647
v -0.005790364463 0.000928197871 -0.003794007236
v -0.005789623596 0.003876003204 -0.008850382641
v -0.005788209848 -0.001366180019 -0.001141694258
v -0.005787174217 7.357668801e-05 -0.004461282399
v -0.005786845461 -0.0007301961305 -0.001406556694
v -0.005785387009 0.001891869935 -0.0009963990888
v -0.005781917833 0.00316089089 -0.008766259067
v -0.005780322943 0.002245530253 -0.004070862662
v -0.005780196283 -0.00187444 -0.003532906063
v -0.005775155965 0.001367703895 -0.001742027118
v -0.005775081925 -0.002687198808 -0.009679479524
v -0.005774642341 -0.002570105949 -0.009595318697
v -0.005773515441 -0.002574003069 -0.009598080069
v -0.005772772245 0.006003768183 -0.01810375974
v -0.005772415549 -0.002753049834 -0.008791068569
v -0.005771272816 -0.003260418074 -0.01041916106
v -0.005770500749 0.00152538612 0.0009065071936
v -0.00576872332 -0.001532100257 0.0009065012564
v -0.005768600851 0.003099265276 -0.009708496742
v -0.005767911673 -0.002653850941 -0.009656892158
v -0.005767812952 -0.0009945944184 -0.004424055107
v -0.005766839255 -0.0008692141855 -0.00144064636
v -0.005765780807 -0.006010481156 -0.01810375787
v -0.005764521658 0.003091139486 -0.009703737684
v -0.005763337947 -0.002063067397 -0.004612200428
v -0.005761535373 0.003132327227 -0.0004605632566
v -0.005760247819 -0.002570095239 -0.00924808532
v -0.00575986132 0.006628575735 -0.02976453304
v -0.005758541636 -0.003502188949 -0.01835000142
v -0.005758526269 -0.002688823035 -0.009247832
v -0.005758086219 -0.002615764504 -0.008895023726
v -0.005754444748 0.002942524618 -0.009598776698
v -0.005753794219 0.003102377756 -0.009250594303
v -0.005752413068 0.002949164016 -0.009603486396
v -0.005752144847 -0.006635273341 -0.02976453491
v -0.005751728546 -0.00380188087 -0.01892769523
v -0.005751181394 -0.002614544472 -0.009248339571
v -0.005749834701 -0.002570133423 -0.009008290246
v -0.005749178119 0.0004116724012 -0.004333154764
v -0.005748721771 -0.003751879791 -0.01881587878
v -0.005748383235 0.003851071699 -0.008850714192
v -0.005748213734 -0.002708429703 -0.008837596513
v -0.005746292882 -0.002580247121 -0.00899563171
v -0.00574508775 0.002994630253 -0.009638410993
v -0.005744014401 -0.004492574837 -0.008919410408
v -0.005743381567 -0.00102685357 -0.001517459168
v -0.005741273519 0.002943081548 -0.00925122574
v -0.005740192253 -0.002603605622 -0.008965052664
v -0.005739966407 0.003070151201 -0.009251160547
v -0.005738599692 0.00127431273 -0.001056211302
v -0.005738312379 -0.002669374691 -0.008882723749
v -0.005738142878 0.004127778113 -0.01015640423
v -0.005737393163 -0.002622776898 -0.008940197527
v -0.0057356162 0.003100778675 -0.008821750991
v -0.005734338891 -0.003203434637 -0.01036250032
v -0.005733829923 -0.003152276156 -0.01028983295
v -0.005731597543 0.00294342055 -0.009012653492
v -0.005731412675 -0.003435722785 -0.01813502051
v -0.005730529316 0.003000109224 -0.009251582436
v -0.005729668774 0.002948450623 -0.00900606066
v -0.005729123019 -0.003176516155 -0.01032756548
v -0.005728844553 -0.001240611658 -0.001058814814
v -0.005727803335 0.001725865412 -0.002072166419
v -0.005727796815 -0.001127289259 -0.001582020544
v -0.005725512747 0.001335837762 -0.002807212295
v -0.00572503591 0.002296026563 -0.003643051954
v -0.005724026822 -0.002141068922 -0.004437264521
v -0.005722390022 -0.003753157565 -0.01014131308
v -0.005721922964 -0.001759637264 -0.003795537632
v -0.005720846821 0.003159858054 -0.0004261893628
v -0.005719751585 0.001383097726 -0.001080970513
v -0.005719455425 -0.001325498451 -0.004272019025
v -0.005718197674 -0.000325775356 -0.005865972489
v -0.005717199296 0.00302377413 -0.008909206837
v -0.005717166699 -0.003166512819 -0.0004261822614
v -0.005716695916 -0.0005018702941 -0.005834018346
v -0.005716002081 -0.0004518699134 -0.00584453484
v -0.005714057479 -0.003751869081 -0.01870762371
v -0.005711974576 0.00382069475 -0.008842112496
v -0.005710366182 -0.004424388055 -0.008864720352
v -0.005708408542 -0.004392396659 -0.00883024931
v -0.005708005745 0.0001220091872 -0.00588523224
v -0.005707401317 0.001132754493 -0.003509403439
v -0.005705948919 0.0009589166148 -0.001499658101
v -0.005705003161 0.006619944237 -0.02762953378
v -0.005704055075 -5.331881766e-05 -0.01115278248
v -0.005704027135 0.001346095349 -0.002684924984
v -0.00570377754 -0.001361246337 -0.001130353543
v -0.005701348651 -0.0002277085005 -0.01114328112
v -0.005698783323 -0.000807628152 -0.005743488669
v -0.005696678068 0.001973043894 -0.002412253991
v -0.005695185624 -0.001787280315 -0.00153083005
v -0.005695157684 -0.001872430206 -0.001689343248
v -0.005695148371 -0.001901863725 -0.0018668517
v -0.005692587234 -0.001826135092 -0.003702536924
v -0.005692522507 0.0007205688162 -0.004139273893
v -0.005692455918 -0.0004018625768 -0.0111348005
v -0.005691684317 0.002266726224 -0.003218647325
v -0.005691310391 0.001348134945 -0.002600477543
v -0.005689825397 0.002260198584 -0.00318062189
v -0.005687772762 -0.0009356337832 -0.005691261031
v -0.005687438417 -0.0002716697054 -0.004710847978
v -0.005686753429 -0.0004518610658 -0.005405800417
v -0.005685245618 -0.0005018605152 -0.00536360126
v -0.005683723371 0.0006312903715 -0.01122230571
v -0.005683042575 0.002142099431 -0.002759696683
v -0.005682596471 0.003786598099 -0.008824968711
v -0.005680767819 -0.0006625560345 -0.004697116558
v -0.005679536145 -0.003751858138 -0.01859999821
v -0.005678861402 -0.005124269985 -0.0005803409149
v -0.005678720772 -0.002216412919 -0.004214912653
v -0.00567729352 0.003459161846 -0.007594202645
v -0.005670464132 0.000114496208 -0.004644588102
v -0.005670102313 -0.0003870847868 -0.005146852229
v -0.005669646431 -0.0004531700397 -0.005137363914
v -0.005669401493 0.0005686524091 -0.005816422403
v -0.005666221492 -0.004187201615 -0.005679160822
v -0.005665694829 -0.003070703475 -0.007562399376
v -0.005665511359 0.002290040953 0.0006007329212
v -0.005663814954 0.0011691869 -0.001829774585
v -0.005663246382 0.003242390929 -0.006293480285
v -0.005662842654 -0.002296631923 0.0006007388001
v -0.005662124604 -0.00360401161 -0.01824505627
v -0.005661332514 -0.003034753492 -0.001144806854
v -0.005656995345 -0.0003953889245 -0.004936835729
v -0.005656986497 0.00534364488 -0.008716743439
v -0.005656647496 -0.0002954030642 -0.004934098572
v -0.005656376015 -0.0002119267738 -0.004951533861
v -0.005656150635 -0.001621897449 -0.004057254642
v -0.00565566076 -0.001901851152 -0.003399396315
v -0.005655431189 -0.0004954525502 -0.004934384488
v -0.005654999055 0.001243615407 -0.002004912123
v -0.005654757842 -0.001789765549 -0.001531554968
v -0.005654082634 0.001279872726 -0.002116385149
v -0.005652207416 -8.967298345e-05 -0.004831156693
v -0.005651073996 0.00371524482 -0.008769613691
v -0.005650755018 -0.001043616445 -0.004602619912
v -0.005650266539 -4.024257214e-05 -0.004820751026
v -0.005648838356 0.003386306344 -0.005715429317
v -0.005648403894 -0.002870467259 -0.006264174823
v -0.005646561738 0.003673593281 -0.008857229725
v -0.005645818077 4.125979467e-05 -0.004805957898
v -0.005644996651 1.652972628e-06 -0.004864336457
v -0.00564330956 -0.005017280579 -0.008520643227
v -0.005643306766 -0.003713642014 -0.01840830967
v -0.005642284174 0.000759680639 0.001133317593
v -0.005641542841 -0.003268920118 -0.008824252523
v -0.005641398486 -0.0007662457647 0.001133314916
v -0.005639254581 -0.001867744257 -0.003632741747
v -0.005638289731 -0.004411023576 -0.006920612417
v -0.005637558643 -0.001334135537 -0.005464596674
v -0.005636036862 -0.001872814842 -0.001687709708
v -0.005635850132 -0.004086048342 -0.01917601191
v -0.005631584674 0.0004793758271 -0.0045016394
v -0.005628805142 -0.0009718808578 -0.004854235332
v -0.005623535719 0.006638566963 -0.02603536844
v -0.005622882862 0.001835408504 -0.001212296193
v -0.00562250847 0.0009859761922 -0.003887611674
v -0.005615638103 -0.001787936897 -0.00152193394
v -0.005615634378 -0.005326049402 -0.008135396056
v -0.005615165923 -0.001647806843 -0.004091070499
v -0.005615150556 -0.001901838579 -0.001861914061
v -0.005613679998 0.003628665349 -0.006958589889
v -0.005613043439 -0.004543414339 -0.0086177513
v -0.005611785222 0.002689141547 0.0003226735862
v -0.005611142144 -0.006646585185 -0.0259648338
v -0.00560849905 0.003033587476 -0.004938072059
v -0.005608408712 0.0004405089421 -0.004740229342
v -0.005607827101 -0.002295064973 -0.003782723565
v -0.005607538391 0.0004478440387 -0.004683689214
v -0.005605608225 0.0009860777063 -0.005665063392
v -0.005604127422 0.003744337475 -0.008607910946
v -0.005604093429 0.003746378934 -0.008630366065
v -0.005604051985 -0.001166696777 -0.01112727728
v -0.005601726938 0.003751814133 -0.00863516517
v -0.005601405632 -0.001400111825 -0.004433258902
v -0.005596187897 0.003763709916 -0.00863760896
v -0.005594723858 0.000541714835 -0.004642837681
v -0.005593993235 0.0005535053788 -0.004692233633
v -0.005593521055 0.004430709407 -0.0007524358807
v -0.00559278857 -0.0015442773 -0.001243110048
v -0.005591944791 0.001056373003 -0.005630104803
v -0.005590595305 0.00427082926 -0.008458407596
v -0.005588926375 -0.001715379418 -0.004033010453
v -0.005588738248 -0.00344824628 -0.01006147731
v -0.005586943123 0.001383864204 -0.0113547463
v -0.005586748477 0.002425684361 -0.001262246398
v -0.005586451851 -0.001612912049 -0.005231638439
v -0.005582602695 -0.001901828335 -0.002290468663
v -0.005580030382 -0.003520309692 -0.0007489492418
v -0.005579382181 -0.003729769727 -0.003010952147
v -0.005578489043 0.003873999929 -0.01003233809
v -0.005578171927 -0.001872297958 -0.001675660256
v -0.005577513017 -0.001562095829 -0.004301968031
v -0.005577162374 -0.005023981445 -0.008503948338
v -0.005575898569 0.0009887282504 -0.001513369498
v -0.005574578419 -0.002301403554 -0.003496702295
v -0.00557388505 0.0008101266576 -0.004286594223
v -0.005573148374 0.003810500493 -0.00862439815
v -0.005573010072 -0.001418584143 -0.004666770808
v -0.005571858026 -0.001679924433 -0.005163225811
v -0.005571573041 -0.006660148036 -0.02541683614
v -0.005570947193 -0.005021408666 -0.02966287732
v -0.00556978723 0.002919031074 -0.00303252344
v -0.005563869141 0.001126457821 -0.01022717543
v -0.005561539438 -0.002289782977 -0.003340289462
v -0.00556090381 -0.002035674406 -0.002512041479
v -0.005559527781 -0.00190182135 -0.002066022018
v -0.005556688644 -0.004626175389 -0.008118534461
v -0.005556306802 0.001360321301 -0.002834461164
v -0.005548867397 0.0008306176169 -0.004541934002
v -0.005548498593 0.006108953618 -0.01614047773
v -0.005548106041 -0.001762572327 -0.00400961237
v -0.005545842927 -0.002204912482 -0.002923419932
v -0.005545836873 -3.226683702e-06 0.001204351895
v -0.005545309745 0.001199432532 -0.003585227067
v -0.005544386338 0.003824838204 -0.008149916306
v -0.00554295443 -0.001772989635 -0.001475550816
v -0.005542226601 -0.005273089278 -0.000818610657
v -0.005541908089 0.0008472221671 -0.004471581429
v -0.00554138748 -0.00611540582 -0.01614047028
v -0.005540002137 0.00448690448 -0.0008495591464
v -0.005538973026 0.004263903946 -0.008457254618
v -0.005537976045 -0.001572864712 -0.004462412093
v -0.0055371942 -0.001612177701 -0.004361064639
v -0.005537039135 -0.001901814365 -0.001848001033
v -0.005536773242 -0.00190180738 -0.001845002756
v -0.005533421412 0.003838627366 -0.008071028627
v -0.005533213727 -5.310460983e-05 -0.008569854312
v -0.005529065616 0.00363624352 -0.0008559457492
v -0.005527830217 -0.001878940617 -0.001682921546
v -0.005526101217 0.002843376948 -0.003538697492
v -0.005523006897 0.004345486872 -0.01942367293
v -0.005515809637 0.001382328453 -0.005424570758
v -0.005515010096 0.005082781427 -0.02962792292
v -0.005511981901 0.0008992495714 -0.01115649845
v -0.00551122427 -0.002479807707 -0.003526671557
v -0.00551088294 0.004529885948 -0.009794436395
v -0.005508469883 0.001369448262 -0.002470856998
v -0.005508114118 0.006681105122 -0.02458096668
v -0.005505313631 -0.001694940147 -0.004269004799
v -0.005504918285 -0.005039782729 -0.008454789408
v -0.005502962973 0.001091330196 -0.004009403288
v -0.005502349231 -0.001705096685 -0.004250790924
v -0.005500784609 -0.0007107305573 -0.008585181087
v -0.005498965271 0.001169025782 -0.001770334085
v -0.00549888378 0.00440211501 -0.008300860412
v -0.005498031154 -0.001960642869 -0.004796480294
v -0.005497043952 0.005488678813 -0.008253932931
v -0.005496733822 0.004236841574 -0.008460336365
v -0.005492284428 0.003963444382 -0.008529099636
v -0.005491014104 0.004474703223 -0.009839074686
v -0.005488893017 0.001304967212 -0.002110315021
v -0.0054874341 -5.319261982e-05 -0.007903064601
v -0.005484253634 -0.000252831378 -0.007908129133
v -0.005475546233 -0.0004517949419 -0.007915951312
v -0.005472971126 -0.0005017939257 -0.007918509655
v -0.005470448174 -0.003503212938 -0.00141984818
v -0.005470392294 0.002694583265 -0.001434511971
v -0.005469807889 0.002374702832 -0.001437046099
v -0.005469675642 0.003912408836 -0.007637870498
v -0.00546935387 0.001352327759 -0.003240925726
v -0.005468605552 0.001179697807 -0.004270002712
v -0.005465921015 0.001030463609 -0.008402302861
v -0.005459882785 0.004203215241 -0.008454182185
v -0.005458566826 -0.001834122115 -0.003961951472
v -0.00545702083 -0.001837867894 -0.003950673621
v -0.005456584971 0.001198799233 -0.004181440454
v -0.005454733502 0.004572317936 -0.001012687921
v -0.005454620346 0.002257412067 0.0007616447401
v -0.005454600789 0.0008288536919 -0.007892609574
v -0.005451988894 -0.002263757633 0.0007616538787
v -0.005451233126 0.006888876669 -0.02958982438
v -0.005450934172 0.001739752362 -0.01027947664
v -0.005449766293 0.004449782893 -0.009839407168
v -0.005448726937 0.003801123938 -0.00101043121
v -0.005448587239 -0.001857042895 -0.003887316212
v -0.005446132272 0.004045193084 -0.008464479819
v -0.005445085 -0.0008512024069 -0.007936625741
v -0.005439884029 0.001278832438 -0.00417027669
v -0.005439762492 0.002009206219 -0.01152098738
v -0.005438974127 0.001510465401 0.001047725324
v -0.005438670516 0.001258910517 -0.004118089564
v -0.005437212996 -0.00151679304 0.001047720783
v -0.00543592684 -0.004988655448 -0.008415562101
v -0.005434464198 -0.0021400142 -0.004439502954
v -0.005434286315 -0.001927593839 -0.0111683663
v -0.005430849735 0.00416510459 -0.008439101279
v -0.005428549834 0.004141960293 -0.009791527875
v -0.005425169598 0.001314636203 -0.003678635461
v -0.005424761213 -0.005391730461 -0.001045405865
v -0.005422950257 -0.004287488759 -0.009647448547
v -0.005422893446 -0.004839398898 -0.008296723478
v -0.00541963568 -0.002117655473 -0.001502449624
v -0.005419073626 -0.0004019445332 -0.01100119483
v -0.005418911576 -0.001900963602 -0.003618004499
v -0.005415951833 -0.001901763608 -0.00358302216
v -0.005415549502 -0.001901776181 -0.003578016534
v -0.005414252635 -0.0005849330919 -0.001363496296
v -0.005413350184 0.004419414327 -0.009830806404
v -0.00541309407 -0.001403573086 -0.008635887876
v -0.005410784855 0.006128875539 -0.01419789344
v -0.005409811158 0.001719098422 -0.005113472231
v -0.005409403704 -0.005069639068 -0.008353487588
v -0.005409389269 -0.001901774318 -0.003501386847
v -0.005407989025 -0.004871887621 -0.008332789876
v -0.005407018121 0.001109665143 -0.001575621543
v -0.005406860262 -0.0004517735215 -0.006887339987
v -0.005406431388 -0.004222912714 -0.009705090895
v -0.00540612638 -0.004909166135 -0.008365397342
v -0.005403666291 -0.0005017725052 -0.006883954629
v -0.005403653719 0.001436238061 -0.002865571762
v -0.005403650925 -0.006135167554 -0.01419790369
v -0.005400861148 0.002748229308 -0.01859999821
v -0.005400848109 0.002710168948 -0.01840865426
v -0.005400815047 0.002601782558 -0.01824645139
v -0.005400794093 -0.00553644076 -0.007743622176
v -0.00540076429 0.002439571312 -0.01813805476
v -0.005400705617 0.002248229226 -0.01810000651
v -0.00539898267 -0.003251770278 -0.01809999347
v -0.005398904905 -0.003501770319 -0.01816698164
v -0.005398871377 -0.003605323844 -0.01824644208
v -0.005398846231 -0.003684783122 -0.01834999956
v -0.005398825277 -0.00375177036 -0.01859999634
v -0.005397535395 -0.003046844387 0.0002108749468
v -0.00538837444 -0.001127517899 -0.00158226362
v -0.005383960903 0.004385326058 -0.009813662618
v -0.005381264724 0.001793835196 -0.005024575628
v -0.0053802412 -0.001361898263 -0.007973441854
v -0.005371643696 0.001478040474 -0.00392528018
v -0.005369508173 0.001460417989 -0.003862852696
v -0.005368433893 -0.002267527161 -0.003991900478
v -0.005366876256 -0.005085292738 -0.008295745589
v -0.005365635734 -0.00419760868 -0.009704950266
v -0.005365229212 0.002918358659 -0.001603494748
v -0.005362363532 0.004252133891 -0.009686015546
v -0.005361095071 -0.001901759417 -0.002913541161
v -0.005358803552 -0.004931721836 -0.008181679063
v -0.00535814045 0.001444834168 -0.00247687404
v -0.005354358349 -0.003982746042 -0.001188416732
v -0.005352420267 0.004313982092 -0.009758295491
v -0.005349224433 -0.003570233472 -0.006402864121
v -0.005348916631 0.001472222502 -0.00330401049
v -0.005348886363 0.003935243934 -0.006432765163
v -0.005348057486 -0.000451754895 -0.008014953695
v -0.005346922204 0.001232635113 -0.001727019786
v -0.005346508697 0.001534649986 -0.01122835465
v -0.005345281214 0.001625366393 -0.007904656231
v -0.005342557561 0.006066503003 -0.01226948295
v -0.00533876894 0.001376182656 -0.002091004979
v -0.00533850817 -0.004424610175 -0.009502697736
v -0.005336878356 -0.0004517511697 -0.005844512023
v -0.005335495807 -0.006072715856 -0.0122694876
v -0.005335058086 -0.0004767795326 -0.005839391146
v -0.005333153531 -0.0005017501535 -0.0058339932
v -0.005332072265 -0.00163874554 -0.007998596877
v -0.005330086686 0.005603229627 -0.007624833845
v -0.005328810308 -0.003808843903 -0.007722143084
v -0.005327682011 -0.004519258626 -0.004476068541
v -0.005326970946 0.0046897633 -0.001278377487
v -0.005325918086 -0.004779808689 -0.005814208649
v -0.005319986492 0.005286563188 -0.02118677273
v -0.005319688935 -0.002302475041 -0.003534932621
v -0.005319033284 0.00592990499 -0.01035223994
v -0.005318553187 0.005288004875 -0.02951525897
v -0.005316856783 0.003683530493 -0.00503598433
v -0.005316549446 -0.002301247558 -0.003496420803
v -0.005315423943 0.005727146752 -0.008443142287
v -0.005312588066 0.006764465943 -0.02274524607
v -0.005312128924 -0.005936089903 -0.01035223063
v -0.005308980122 0.001572349924 -0.003532085102
v -0.005308670923 0.001807692344 -0.004261976574
v -0.005308085587 -0.001901742653 -0.00229058275
v -0.005304712802 -0.006770642474 -0.02274524607
v -0.005301314406 -0.004132069647 -0.009678537957
v -0.005294938106 0.00198830734 -0.004739697557
v -0.005294926465 0.004109809175 -0.00133663055
v -0.005294372793 0.004059362225 -0.00658674119
v -0.005293189548 -0.002246019198 -0.003079219488
v -0.005292089656 0.004869582132 -0.009447090328
v -0.005291413981 0.002877391642 -0.001732504345
v -0.005291213747 -0.002102394355 -0.002648629481
v -0.005286841653 0.004602887668 -0.007989884354
v -0.005286249798 0.002335516503 -0.01034810767
v -0.005283440929 0.003964751028 -0.005848274566
v -0.005283146165 0.001556510921 -0.00289735524
v -0.005279546604 -0.004255689681 -0.003060249612
v -0.005274077412 0.00167172018 -0.00347367581
v -0.005273092538 -0.00485763466 -0.01995342411
v -0.005270066205 -0.002084476175 -0.008716235869
v -0.005269231275 -0.004059771542 -0.009624937549
v -0.005268853158 0.00170514721 -0.003522552317
v -0.005268729758 -0.004026018549 -0.009590802714
v -0.005268646404 0.002987849293 0.000398780423
v -0.00526530249 -0.004021256696 -0.009528786875
v -0.005265165586 -0.002993977861 0.0003987750388
v -0.005261435173 0.002154036192 -0.008539767936
v -0.005259530153 0.004339468665 -0.008163484745
v -0.005255858414 -0.00502708368 -0.007072134875
v -0.005252194591 0.003439393593 -0.003085109638
v -0.005250758957 -0.005135140847 -0.008084495552
v -0.005250608549 -0.003972915001 -0.001786767272
v -0.005248126574 0.0017171324 -0.00335693988
v -0.005247111898 -0.004037857056 -0.008988985792
v -0.005246134009 0.001327474485 -0.001712562866
v -0.00524557475 0.002573913662 -0.01173081622
v -0.005245033186 0.003452860517 -0.003576884745
v -0.005243659019 0.002085604472 -0.007918602787
v -0.00524326507 0.00472454913 -0.007761084009
v -0.005243174266 0.001750308904 -0.003411700716
v -0.005241555627 0.006584802642 -0.01847433113
v -0.005241481122 0.004575244151 -0.007996934466
v -0.005240468774 0.004862669855 -0.009445952252
v -0.005239808466 -0.00308714225 -0.003561276942
v -0.005239699967 -0.005140611902 -0.008058149368
v -0.005237567239 0.001562082092 -0.002477131784
v -0.005237074569 0.003823916195 -0.000649222522
v -0.005233889446 -0.006590897217 -0.01847432926
v -0.005233644508 0.004437555559 -0.009021501057
v -0.005232620984 -0.003830008209 -0.0006492232787
v -0.005223194137 -0.005679156631 -0.007324792445
v -0.005217993632 0.00148752972 -0.002059928142
v -0.005216778722 -0.0005017264048 -0.008087408729
v -0.005210799631 -0.002678116551 -0.001863170764
v -0.00520672882 0.002005591756 -0.007984164171
v -0.005206365138 -0.0004517106572 -0.008092103526
v -0.00520610204 -0.0005016924115 -0.008092216216
v -0.005202728324 0.004538244568 -0.007995523512
v -0.005201692693 -0.007078625727 -0.02945139632
v -0.005200754385 0.005000417121 -0.009290168993
v -0.005199314095 0.00477094762 -0.007647254039
v -0.00519821886 0.00483561866 -0.009449020959
v -0.005195443053 0.0007571008755 0.001220515231
v -0.005194559228 -0.0007631453918 0.00122051267
v -0.00518910028 -0.005156965461 -0.007827360183
v -0.005188070703 -0.005169828422 -0.007904110476
v -0.005187389906 0.004089044407 -0.005865697749
v -0.005187332164 0.002173109679 -0.004333561752
v -0.005185420625 -0.0004018905165 -0.01095772069
v -0.005184065551 0.001719447668 -0.002748096362
v -0.005183771253 -0.002663427731 -0.01125657745
v -0.00518314261 0.001807786408 -0.003025036305
v -0.005182432942 -0.001069898834 -0.01097702328
v -0.005180700682 0.0003225285327 -0.008103533648
v -0.005176546052 -0.006826804485 -0.02169932611
v -0.005174556747 0.001847857493 -0.003079023212
v -0.005173500162 0.004494486377 -0.007985650562
v -0.005171464756 -0.005609837361 -0.001616109163
v -0.005165534094 0.002367275534 -0.007928430103
v -0.005161360372 0.004802002572 -0.00944286678
v -0.005157192703 -0.005194205325 -0.00774834631
v -0.005155839957 0.006833299063 -0.02147220448
v -0.00515456032 -0.004618952516 -0.009264398366
v -0.005151822232 0.001552244532 -0.001893654582
v -0.005150508601 0.002221732168 -0.004172289278
v -0.005146228243 -0.002409292152 -0.00808859989
v -0.005145790987 0.005678935908 -0.006780030206
v -0.0051374943 0.0007174833445 -0.00812266022
v -0.005136829801 0.00160745054 -0.001946601667
v -0.005134705454 0.00223671156 0.0009006328764
v -0.005132317543 0.004763900302 -0.009427801706
v -0.005132099148 -0.002242685063 0.0009006292676
v -0.005130652804 0.003369482933 -0.002035708865
v -0.00512957992 0.005128827877 -0.02026789449
v -0.005126541015 -0.00564236287 -0.001730415155
v -0.005118421279 -0.0004018593172 -0.01095572952
v -0.005118118133 0.001848085667 -0.002567712683
v -0.005113699008 0.001896263915 -0.002694390249
v -0.005112896673 0.002817907138 -0.0118002519
v -0.005111917853 0.001710558194 -0.002054475015
v -0.005111759994 -0.004592224956 -0.009267350659
v -0.005109670572 0.002145814477 -0.01133007277
v -0.005109108519 0.001844966668 -0.002477211645
v -0.005104192998 0.004683936946 -0.009375276975
v -0.005101763178 -0.00166522956 -0.008138111793
v -0.005101440009 0.003334688721 -0.002096451586
v -0.005097132642 0.002687693341 -0.008632358164
v -0.00509505393 0.002277350752 -0.003888674313
v -0.005095028318 0.004866513424 -0.001836592332
v -0.005094579887 0.001897177543 -0.002530312631
v -0.005092329811 -0.004504496232 -0.001814810093
v -0.005088776816 0.001806683722 -0.002169118961
v -0.005087597761 -0.004800904077 -0.009006605484
v -0.005085500889 0.004564031959 -0.007808811497
v -0.005084788427 0.004032758996 -0.004891180433
v -0.005075226538 -0.004557865672 -0.009261362255
v -0.005072785541 0.001872694003 -0.002257544082
v -0.005072311033 -0.001732539502 -0.01102529466
v -0.005071293097 -0.002739612712 -0.008820308372
v -0.005069262348 0.004833074287 -0.007442038972
v -0.005068875849 0.002903802088 -0.01043030899
v -0.005065779667 0.0008217067225 -0.01101071388
v -0.00506150024 0.001921370509 -0.002328909235
v -0.005060153082 0.002950446447 0.0005548162153
v -0.005059934687 0.00712988805 -0.02746367827
v -0.005059826188 0.004573788494 -0.001925067743
v -0.005056716502 -0.002956332872 0.0005548147601
v -0.005056414753 -0.005273170304 -0.006957518868
v -0.005051635671 -0.007135770749 -0.02746368572
v -0.005046451464 -0.004518392961 -0.009247500449
v -0.005046150181 -0.004857272841 -0.008905061521
v -0.005041982513 0.002295739716 -0.003510824405
v -0.005033664405 0.006667250767 -0.01651476137
v -0.005031321198 0.003043740755 -0.01196857728
v -0.005030874629 -0.003012217814 -0.01131687779
v -0.005027362611 -0.003251653863 -0.01806516387
v -0.005025917199 0.002095871372 -0.002647966845
v -0.005025902297 -0.006673103664 -0.01651475206
v -0.005021560937 -0.004394469783 -0.009169233963
v -0.005020375829 0.004806047305 -0.007451551501
v -0.005019460339 -0.0005845652195 -0.001363453106
v -0.005019331351 0.002266928321 -0.00321887969
v -0.00501895044 -0.004417029209 -0.002250287682
v -0.005018127151 -0.004434177186 -0.009200362489
v -0.005017235875 -0.005799598992 -0.006716621574
v -0.005014838185 -0.003501650179 -0.01813099906
v -0.005014347378 0.002237392357 -0.003069286235
v -0.005012498237 -0.003142045578 -0.002266857075
v -0.005009504966 -0.004400005098 -0.009078685194
v -0.005009173881 -0.0055819517 -0.02933717705
v -0.005008033011 0.001505432534 0.001136164414
v -0.005007675383 -0.0004016483726 -0.01521343831
v -0.005006277934 -0.001511258655 0.001136160339
v -0.004996053409 0.001446603681 -0.008185204118
v -0.004990219604 0.004787296057 -0.0090825269
v -0.004988426343 0.005201722495 -0.008978575468
v -0.004988286179 -0.0008632770041 -0.001455674646
v -0.004987163004 -0.005813506898 -0.006621202454
v -0.004986183718 -0.0008695066208 -0.001440855674
v -0.004982101731 0.007117962465 -0.02526608482
v -0.00498175947 -0.002904031659 -0.008163942955
v -0.004980774131 -0.003684652271 -0.01831081323
v -0.004980034661 -0.004942089319 -0.00872243382
v -0.004979481921 0.004766902886 -0.0074545159
v -0.004974586889 -0.005737606436 -0.002149267821
v -0.004974507261 0.00259764283 -0.008084341884
v -0.00497440109 0.004955949262 -0.006964335218
v -0.004973815288 -0.007123754825 -0.02526609227
v -0.004973320756 -0.004738061689 -0.002148002386
v -0.004973198753 -0.004212258384 -0.006545838434
v -0.004971385468 0.005703375675 -0.005910533015
v -0.004968786146 0.005617932416 -0.02930914797
v -0.004965126514 -0.00393115636 -0.005107532721
v -0.004964192864 -0.001026634709 -0.001517465338
v -0.00495495135 -0.005027657375 -0.004574165214
v -0.004950040951 0.004718712531 -0.007450629957
v -0.004949875642 -0.0004016302119 -0.01500000246
v -0.004949072842 -0.001127812662 -0.001582569443
v -0.004944883287 0.005323395133 -0.008749771863
v -0.004943414126 -0.00575430505 -0.002241594018
v -0.00494305836 0.005174091086 -0.00898562558
v -0.004939256702 0.00384103856 -0.003126294585
v -0.004934302531 -0.003751624841 -0.01855646819
v -0.00492805196 -0.004928981885 -0.008736286312
v -0.004927281756 -0.004736200906 -0.003107627388
v -0.004924374167 0.003030715277 -0.007947404869
v -0.004921322688 0.00472823903 -0.007380206604
v -0.004914302379 0.006669167429 -0.0145161394
v -0.004911055788 0.001417599502 -0.01107872743
v -0.004909600131 0.003752324497 -7.759009168e-05
v -0.004908247385 0.004546264187 -0.001523915562
v -0.004907458089 0.002248383826 -0.01803823002
v -0.004906773102 -0.004478898365 -0.007887765765
v -0.004906539805 -0.006674881093 -0.01451614592
v -0.00490551861 -0.000401616242 -0.01437209919
v -0.004905496724 -0.003651171923 -0.003596044844
v -0.004905449692 -0.003097522771 -0.008198426105
v -0.004904296249 0.005137100816 -0.008984215558
v -0.004903266672 0.005520872772 -0.02075350285
v -0.004902954213 -0.004551971797 -0.00152391498
v -0.004900929518 0.005369821563 -0.008635912091
v -0.004898130894 0.002439728705 -0.01807511039
v -0.004896644969 -0.005308557302 -0.005759129766
v -0.004896618892 0.003771455726 -0.002559314249
v -0.00489428686 -0.005682953168 -0.02118677273
v -0.004893007688 -0.005684055388 -0.02926750854
v -0.004891948774 -0.0004016120511 -0.01456000842
v -0.004891948309 -0.0004016120511 -0.01543999184
v -0.004890773911 0.003191922558 -0.008736301214
v -0.004889793228 -0.00237772637 -0.01110525336
v -0.004886899143 0.004965181462 -0.006866850425
v -0.004885690287 0.001227076049 -0.001047604368
v -0.00488276314 0.005006083287 -0.006648001727
v -0.004882114474 -0.004902192391 -0.008741980419
v -0.004875057377 0.005093351007 -0.008974343538
v -0.004874863662 0.004849120975 -0.007914116606
v -0.00487315096 0.001199956867 -0.0009492451791
v -0.004872186109 0.001014123554 -0.0008512344793
v -0.004871451296 0.002601948334 -0.01818014681
v -0.004868812859 0.001294822316 -0.001046867226
v -0.004863595124 0.006953388453 -0.01910489798
v -0.004862744827 -0.004953007679 -0.002487292979
v -0.004861352034 0.005702495575 -0.005378766917
v -0.004860758781 0.004953943193 -0.008903900161
v -0.004859057721 0.006595304236 -0.0124925971
v -0.004857356194 0.005045926198 -0.008956730366
v -0.004856635351 0.005011703819 -0.00266116159
v -0.004854729399 -0.003355564782 -0.01138897985
v -0.004854172934 -0.004597190768 -0.008718367666
v -0.004852425307 0.004998330958 -0.008932705969
v -0.0048513785 -0.006600953639 -0.01249259617
v -0.004851053935 0.003485786496 -0.01498906873
v -0.004851014819 0.0009653473971 -0.0008163796156
v -0.004848003853 0.005007391796 -0.002625314286
v -0.004847850651 0.00147599529 -0.001360188238
v -0.004843841307 -0.004864925519 -0.008740303107
v -0.004842085298 0.005036189221 -0.002698483644
v -0.004840684123 -0.005620714277 -0.02088021301
v -0.004840579815 -0.005095742177 -0.008253089152
v -0.004839748144 0.003489457769 -0.01481280383
v -0.004839466419 0.005002970807 -0.002589772921
v -0.004839325789 0.001998404739 -0.01481317077
v -0.004837323446 0.003387366189 -0.0122165177
v -0.004835747182 0.004938273691 -0.006877757609
v -0.004834843334 0.006455454975 -0.01046699844
v -0.004831479397 0.002710347762 -0.0183373522
v -0.004828511737 0.001622069511 -0.001616496593
v -0.00482827099 0.00350030954 -0.01473496389
v -0.004827328492 -0.006461076904 -0.01046699751
v -0.004826957826 0.001559164259 -0.001397736021
v -0.004826039076 0.003627872793 0.0001349232189
v -0.004824720789 0.003543147584 -0.01528478973
v -0.00482465839 0.001806743327 -0.00216899626
v -0.004823399708 0.001676266897 -0.001736862818
v -0.004821815062 -0.003633486805 0.0001349276135
v -0.004820095841 0.0009892712114 -0.0007681972929
v -0.004818012938 0.001840212266 -0.002212716965
v -0.00481636636 -0.003355156397 -0.008942187764
v -0.004816014785 -0.0004016483726 -0.01100329217
v -0.00481485622 -0.004820386879 -0.008732008748
v -0.00481163431 0.001872756402 -0.002257416258
v -0.00480893068 0.001697067986 -0.001658910653
v -0.004808857106 0.0008682104526 -0.0007469827542
v -0.004808585625 0.00625941623 -0.008462265134
v -0.004807792604 0.001858821022 -0.00217507896
v -0.004806243349 -0.002825299045 -0.00826838892
v -0.004805125762 0.001740787062 -0.00176320225
v -0.004803675227 -0.006977312732 -0.01863671839
v -0.004803562071 0.0009534702403 -0.0007424500072
v -0.004803169053 0.007347030565 -0.02920907363
v -0.004802612588 0.002722563921 -0.01146053709
v -0.004801298957 -0.006265007891 -0.008462259546
v -0.004799834918 0.003435791237 -0.01052328199
v -0.004799830727 -0.00467519369 -0.008675136603
v -0.004797243513 0.0009552062256 -0.0007446481613
v -0.004793630913 0.00489761401 -0.006883746013
v -0.004793519154 -0.004815078806 -0.002796564717
v -0.004792486317 0.0008304890944 -0.0007200395339
v -0.004791228566 -0.004722315818 -0.008698655292
v -0.004788873252 0.003320635064 -0.007947262377
v -0.004788860679 0.0005191311939 -0.01518682577
v -0.004788642284 -0.0001808690431 -0.01518682949
v -0.004788065329 -0.003618859686 -0.002813046798
v -0.004784506746 0.005018534139 -0.008653860539
v -0.004784301389 0.002748422092 -0.01852277108
v -0.004776451271 0.0007935398025 -0.0006936502759
v -0.004775291309 0.0009224823443 -0.0007220225525
v -0.004770911764 0.005431966856 -0.008430738933
v -0.004765931983 0.005037109368 -0.00290108216
v -0.004764403217 0.004846636206 -0.006884238683
v -0.004758012481 0.002926105401 0.0006884338218
v -0.004757483024 -0.005875466857 -0.005795402452
v -0.004755194299 0.003516409313 -0.01237842999
v -0.004754736554 0.003584006568 -0.0144619355
v -0.00475460384 -0.002931640716 0.0006884347531
v -0.004751469009 -0.005116607994 -0.00813810993
v -0.004750157241 0.0004984325496 -0.01500000525
v -0.004749937914 -0.0002015676873 -0.01499999408
v -0.004749901127 0.001998432679 -0.01554963179
v -0.004749859683 -0.0004515676992 -0.007000000216
v -0.004749016371 0.004847773351 -0.006840291899
v -0.004748611245 0.006016604602 -0.006503636017
v -0.004745659884 -0.003533842741 -0.01029804163
v -0.004741607234 -0.006022125948 -0.006503635086
v -0.004740593489 0.003539114026 -0.01244837977
v -0.004735767376 0.003684089286 -0.01558869798
v -0.00473117223 0.002230013488 0.0009874610696
v -0.004729242064 0.003369754879 -0.01195508335
v -0.00472857384 -0.002235517604 0.0009874580428
v -0.004726357758 0.003565024352 -0.01289817318
v -0.004724422004 -0.007001493592 -0.01784394681
v -0.004724019673 0.003710509976 -0.0156147955
v -0.00472392235 0.004399932921 -0.0008903077687
v -0.004722118378 -0.0004015589657 -0.01414999645
v -0.004722117446 -0.0004015589657 -0.01584999822
v -0.004722014535 0.005404952914 -0.008440237492
v -0.004718799144 -0.004405426793 -0.0008903072448
v -0.004717604723 -0.0004015575687 -0.01104057673
v -0.004714509938 -0.005897872616 -0.005363268312
v -0.004707142711 -0.0004015543091 -0.01600588486
v -0.004706931766 0.0008205770282 -0.0006515674759
v -0.004703718238 -0.00585141452 -0.003027715487
v -0.004702814855 -0.005090352148 -0.008145193569
v -0.004701317754 -0.004758929368 -0.008238468319
v -0.004700347316 0.00716201961 -0.0213698335
v -0.004699843004 -0.0005015517818 -0.006999993231
v -0.004699439276 0.0005191591335 -0.01445036475
v -0.004699219018 -0.0001808410889 -0.0144503694
v -0.004698826931 -0.0002015513892 -0.01461177133
v -0.004698826 -0.0002015513892 -0.01538822986
v -0.004697668366 -0.005846529733 -0.02118677273
v -0.004694870673 -0.004022907 -0.0002101476712
v -0.00469200965 -0.007167484611 -0.02136982977
v -0.004691403359 0.003503648331 -0.007940877229
v -0.004690629896 0.001989737852 -0.01117528602
v -0.004684194922 0.005110272206 -0.008388200775
v -0.00468334835 -0.001011335873 -0.0110556148
v -0.004681954626 -0.005279641133 -0.004411118105
v -0.004681110382 0.00536581967 -0.008443217725
v -0.004679597914 -0.005134108011 -0.003113904968
v -0.004679497797 -0.005006273277 -0.003114407416
v -0.00467705261 0.004194685258 -0.003152794437
v -0.004676362034 0.005058289506 -0.00315631018
v -0.004676080775 0.005554867908 -0.007953017019
v -0.00467310613 0.003616636386 -0.01247483678
v -0.004670409486 0.002248458331 -0.01796190627
v -0.004668711219 0.003641796997 -0.01229515579
v -0.004668686073 -0.003251541639 -0.01796189137
v -0.004668670706 0.003160524881 -0.008214370348
v -0.00466310652 -0.005051358603 -0.008147156797
v -0.004660556093 0.0006484602345 -0.01517124567
v -0.004659314174 0.003698061919 -0.01425306313
v -0.004658865277 0.0007599963574 0.00122703088
v -0.004657977261 -0.0007654164219 0.001227027969
v -0.004654838238 -0.005889734253 -0.005376431625
v -0.00465165684 0.005317636766 -0.008439332247
v -0.00465018861 0.0005984640447 -0.0150000006
v -0.004649412818 0.005159113556 -0.008392335847
v -0.004647830967 0.000658289413 -0.0006152443821
v -0.004647811875 0.005729850382 -0.004657413345
v -0.004646365996 0.0007203303976 -0.0006496415008
v -0.004645394161 0.003583604237 -0.007935748436
v -0.00464436505 0.003660087241 -0.008848131634
v -0.004644148052 -0.003501534229 -0.01802426018
v -0.004642085172 -0.003910909873 -0.003227263456
v -0.004641052336 0.007012845017 -0.01668560319
v -0.004640900064 -0.005155077204 -0.003228653688
v -0.004639863037 0.003698467044 -0.01005737763
v -0.004639154766 -2.699089237e-06 0.001245170715
v -0.004635908175 0.005264199339 -0.008428907953
v -0.004635833204 0.003698467975 -0.00952169206
v -0.004635074642 0.005209926516 -0.008412841707
v -0.004635009449 -0.002994335024 -0.01121673919
v -0.004634055309 -0.005003401544 -0.008144373074
v -0.004632890224 -0.007018240634 -0.01668559946
v -0.004631491844 0.003698489396 -0.01038098056
v -0.004627925809 -0.004843488801 -0.008111284114
v -0.00462742243 -0.005402049515 -0.003306657309
v -0.004625488538 -0.005103146192 -0.00331427576
v -0.004624881316 -0.005169776734 -0.003316482762
v -0.004621070344 0.003698472632 -0.008860834874
v -0.004619190469 0.003736312268 -0.01418428123
v -0.004616861232 0.003589562839 0.0002881617984
v -0.004616680555 0.002488665981 -0.008352793753
v -0.004615886603 -0.0004515257897 -0.006500005256
v -0.00461588474 -0.0004515257897 -0.00749999797
v -0.00461475458 -0.004895692691 -0.008126063272
v -0.004612990655 -0.003704182105 -0.008329168893
v -0.00461268099 -0.003594932612 0.0002881550754
v -0.004607552662 0.0007214470534 -0.01108930539
v -0.004607359879 -0.005217133556 -0.007527817972
v -0.004606346134 0.005084749311 -0.005630474072
v -0.004600359127 0.003697813256 -0.01249729563
v -0.004600131419 -0.007469270844 -0.0290878918
v -0.004595080391 0.007010201924 -0.01586739533
v -0.004592719954 0.0007923337398 -0.01109586842
v -0.004588582087 0.005564123392 -0.007855547592
v -0.004584450275 0.005605028942 -0.007636668161
v -0.00458319718 -0.001616631285 -0.01109973807
v -0.004581851419 0.004919567145 -0.006247140002
v -0.004580798559 0.0007338969735 -0.0005997936823
v -0.004578591324 0.0006484863115 -0.0144962091
v -0.004578046035 0.005480230786 -0.003458927618
v -0.004577262793 -0.003684525844 -0.01819463633
v -0.004576867912 -0.004037390463 -0.003428471508
v -0.004576650448 -0.003373105777 -0.008369653486
v -0.004576250911 0.001998486696 -0.01411950029
v -0.004575842526 0.003777364036 -0.01411799528
v -0.004575134255 0.003698487533 -0.007924917154
v -0.004572569393 -0.0005015122006 -0.00652500568
v -0.004572567996 -0.0005015122006 -0.007474993821
v -0.004570242018 -0.00520036323 -0.003525545588
v -0.004568693228 -0.005265067331 -0.007063671481
v -0.004566730466 0.005072202533 -0.005711333361
v -0.004557414446 -0.005190614145 -0.00753601687
v -0.004555027001 0.005646895617 -0.004013747443
v -0.004550289363 0.0009192059515 -0.007000004407
v -0.004549922887 -0.000251504709 -0.00700000627
v -0.004549194127 0.0004984949483 -0.01424999814
v -0.004549193662 0.0004984949483 -0.01574999467
v -0.004548975732 -0.0002015048085 -0.01425000187
v -0.004548975267 -0.0002015048231 -0.01574999839
v -0.004548874684 0.004443747923 -0.003641365794
v -0.004548444878 -0.004874320235 -0.007617739961
v -0.004547856282 0.003698495915 -0.01224175282
v -0.004547175486 -0.004471826367 -0.005201118533
v -0.004543108866 0.004056869075 -0.01592754014
v -0.004541651346 0.000611774507 -0.0005910726613
v -0.004541059956 -0.00699200714 -0.01467058249
v -0.004537424073 0.005537228659 -0.007866455242
v -0.004525789525 0.0005192131503 -0.01588050276
v -0.004525569268 -0.0001807866211 -0.01588050649
v -0.004521959461 -0.006967092399 -0.01393483579
v -0.004520855378 0.004225314595 -0.0003270870075
v -0.004519657232 -0.004778845236 -0.006683688145
v -0.004519258626 0.005397059955 -0.003024871694
v -0.004517216235 -0.005150327459 -0.007540461142
v -0.004514273256 0.00369850616 -0.008058118634
v -0.004514052067 -0.005280228332 -0.006809422746
v -0.004513880704 0.003875712631 -0.009094613604
v -0.004513338208 0.005044225603 -0.005724635441
v -0.004512977321 -0.005402314942 -0.00302488287
v -0.004507772159 -0.001515477081 0.001148490002
v -0.004505237564 0.006896303035 -0.0125638945
v -0.004505156074 -0.003917469643 -0.009075975977
v -0.004500281531 0.0008985110326 -0.006999996491
v -0.004499906208 -0.0003014892573 -0.00699999975
v -0.004499327857 0.003968088888 -0.01558548026
v -0.004496353678 0.004943985492 -0.005928459112
v -0.00449529523 0.005496581085 -0.007872444578
v -0.004493925255 0.0006070452509 -0.0005886965082
v -0.004493597895 0.005620604381 -0.003737117164
v -0.004488601349 -0.004934079479 -0.007522292901
v -0.004488499835 -0.005100402515 -0.007541223429
v -0.004485954996 -0.003751484677 -0.01842737012
v -0.004482849501 -0.00393608259 -0.01154270582
v -0.004482814576 0.003924196586 -0.01062425226
v -0.004482486285 0.004567634314 -0.003908670973
v -0.00447897939 0.0007141510723 -0.0005886877771
v -0.004478177987 0.004548123106 -0.003787573427
v -0.004474914167 0.006764953025 -0.01062138379
v -0.00447347993 0.00527686812 -0.007843434811
v -0.004473002162 -0.005044967402 -0.007538391277
v -0.004472456872 -0.004988150205 -0.007532051764
v -0.004470379092 0.005000945181 -0.005734406877
v -0.004467038903 -0.006770154927 -0.01062138472
v -0.004466207698 0.005109864287 -0.006708453409
v -0.004466053098 0.005445610732 -0.007872923277
v -0.004462623037 0.0005985227181 -0.01569999382
v -0.004462623037 0.0005985227181 -0.0142999934
v -0.004454568494 0.005330746993 -0.007857788354
v -0.004452098627 0.005388638936 -0.00786787644
v -0.0044519566 -0.0004014742153 -0.01620208286
v -0.004451956134 -0.0004014742153 -0.01379791554
v -0.004445971455 0.004634345882 -0.004059741274
v -0.004445259459 -0.005880557466 -0.004645816516
v -0.004444682039 0.002248528181 -0.01785670966
v -0.004443109035 0.0009192394791 -0.007399996743
v -0.00444310857 0.0009192394791 -0.006599993911
v -0.004442743026 -0.0002514711814 -0.007399999071
v -0.00444274256 -0.0002514711814 -0.006599995773
v -0.00444199238 -0.00667858636 -0.009534762241
v -0.004431083798 0.003254703013 -0.01161659509
v -0.004428604618 -0.005244081374 -0.00392195629
v -0.004426547792 0.002439875854 -0.01789014228
v -0.00442581065 -0.005902471486 -0.004110103939
v -0.004424072336 -0.0004014653678 -0.01367460284
v -0.004419425502 0.0006485356716 -0.01580705866
v -0.004417641554 -0.002205211436 -0.01117272303
v -0.004415584728 0.007187558338 -0.01772856712
v -0.004415216856 0.003990858793 -0.008561628871
v -0.00441081496 0.003698538756 -0.01202202681
v -0.004410795867 0.003929559141 -0.01391766686
v -0.004407217726 -0.007192691322 -0.01772856526
v -0.004405811895 0.002528819954 -0.01129963063
v -0.004405050538 0.005276880227 -0.007460137364
v -0.004401160404 -0.006072872784 -0.02896307781
v -0.004399803001 0.0008985417662 -0.007375006098
v -0.004399801139 0.0008985417662 -0.006624993403
v -0.004399426281 -0.0003014575923 -0.007374994457
v -0.00439942535 -0.0003014575923 -0.006624996196
v -0.004397818819 0.003919545561 -0.01153538097
v -0.004394273739 -0.005897202995 -0.0042423103
v -0.004394139629 0.002918927697 0.0007677525282
v -0.004393314943 0.005102314986 -0.004283110145
v -0.004392973147 0.005281114019 -0.007415167987
v -0.004391299561 0.006527048536 -0.008035790175
v -0.004390738439 -0.002924038796 0.000767754158
v -0.004383701831 -0.00653215358 -0.008035781793
v -0.004376522265 0.004030563869 -0.008379907347
v -0.004375485238 -0.004198376089 -0.0001829996763
v -0.004375290126 0.006091537885 -0.02894211188
v -0.004374788608 0.002602103865 -0.0179853458
v -0.004369449802 -0.004112600815 -0.01042200532
v -0.004366340116 -0.005870214198 -0.00436233962
v -0.004360070918 0.00408563856 -0.008964427747
v -0.004355716519 -0.004942195956 -0.006716923323
v -0.004354652949 -0.004451066721 -0.004190476611
v -0.004344696645 0.007501758635 -0.02503031865
v -0.004340959247 -0.005292112008 -0.006311339792
v -0.00433596503 -0.007506808732 -0.02503031865
v -0.004335443955 -0.003251437331 -0.01779378019
v -0.00433543697 0.005046699196 -0.00168554252
v -0.004334530793 0.007151673548 -0.01584531553
v -0.004333684221 0.00369856297 -0.008308057673
v -0.004330655094 0.004073893651 -0.008180490695
v -0.004329561256 -0.005051740445 -0.001685532974
v -0.004329279996 0.004371437244 -0.01616013423
v -0.004328466021 0.001998564927 -0.01616019011
v -0.004326207563 -0.007156712469 -0.01584532484
v -0.004325680435 0.005104467273 -0.004578316584
v -0.004321070854 0.001148566487 -0.00699999975
v -0.004319748376 0.004980341531 -0.00526420027
v -0.004314504098 -0.005274942145 -0.004338887986
v -0.004310599063 -0.0002014298516 -0.01606066711
v -0.004310597666 -0.000201429837 -0.01393934153
v -0.004309232812 -0.003570748726 -0.01135889255
v -0.004308213014 0.006384460256 -0.006763934158
v -0.004308060277 0.005683765747 -0.006619168445
v -0.004300345201 0.001098573091 -0.00700000301
v -0.004299744032 -0.003501426196 -0.01785051264
v -0.004297283478 0.002710514469 -0.01812781207
v -0.004297202919 0.00509550143 -0.004703928251
v -0.004295169841 0.007073442452 -0.01389475539
v -0.004289864097 -0.005264405161 -0.006322151981
v -0.004286935553 -0.007078435272 -0.01389475726
v -0.0042849686 -0.003885351354 -0.008498338051
v -0.004284254741 0.004430036992 -0.01619852148
v -0.004281291738 -0.004220080096 -0.008474158123
v -0.004278003238 0.0005192913814 -0.0138398055
v -0.004277784843 -0.0001807088411 -0.01383980922
v -0.004274279345 0.005072365515 -0.004807873163
v -0.004273271654 0.00368070486 -0.008378919214
v -0.00426982902 0.004141342826 -0.012379908
v -0.004268440884 0.005671230145 -0.006700027734
v -0.004267530516 0.001788768801 -0.01123954076
v -0.004260116257 -0.006328566 -0.006272296421
v -0.004249860533 -0.0004514107713 -0.006133979186
v -0.004249860067 -0.0004514107713 -0.007866020314
v -0.004249628633 -0.00522192847 -0.006330144592
v -0.004248159472 0.004926015623 -0.004638708662
v -0.004244611599 0.001148590702 -0.007285357919
v -0.004244611133 0.001148590702 -0.00671464717
v -0.004240822047 0.004991187714 -0.00496062031
v -0.004235984758 0.00598395057 -0.02055801451
v -0.004231726751 -0.004997235723 -0.00632845005
v -0.00422665989 0.001098596375 -0.006724998355
v -0.004226659425 0.001098596375 -0.007275007199
v -0.004224844743 -0.0005014032358 -0.006177272648
v -0.004224844277 -0.0005014032358 -0.007822721265
v -0.004221974406 -0.005169327371 -0.006335032173
v -0.004215043038 0.005643268116 -0.00671333028
v -0.004213985056 0.005690252408 -0.004776994232
v -0.004213914275 0.004873628728 -0.001135021914
v -0.004213158507 -0.004272071645 -0.01165334135
v -0.00421130145 -0.00505233556 -0.006334455218
v -0.004211266991 0.001909470069 -0.01126438752
v -0.004208624829 -0.005111247767 -0.006336559076
v -0.004208239727 -0.004878528882 -0.001135024824
v -0.00420684414 0.007433854975 -0.02118434571
v -0.004205831792 0.0027486037 -0.01829587854
v -0.004202367272 -0.003684408497 -0.01800550148
v -0.00420114724 0.006814400665 -0.009973313659
v -0.004198191687 -0.00743874535 -0.02118435502
v -0.004196206108 0.003698605811 -0.01185176242
v -0.004193215165 -0.006819284521 -0.009973304346
v -0.004192309454 0.0006486073835 -0.01393658668
v -0.004190601874 0.007687638514 -0.02882321365
v -0.004187303595 -0.002766639227 -0.01127432194
v -0.004177781288 0.003176267026 -0.008546621539
v -0.004177748226 0.004163719714 -4.840008842e-05
v -0.004172899295 -0.004168577958 -4.839053508e-05
v -0.004172070883 0.005599998869 -0.006723103113
v -0.004165607039 0.00536813587 -0.006714424118
v -0.00415281672 0.004217782058 -0.01001839247
v -0.004150289577 0.0009193307487 -0.007692826446
v -0.004150289577 0.0009193307487 -0.006307184231
v -0.004150139168 0.004153239541 -0.01370302681
v -0.004149923101 -0.0002513794461 -0.006307186559
v -0.00414992217 -0.0002513794461 -0.007692813408
v -0.004143882543 0.005545435473 -0.006728336215
v -0.004141093697 -0.0044153817 -0.0092157498
v -0.004140383098 0.00542364642 -0.006723796017
v -0.004133414477 0.004214147106 -0.007400780451
v -0.004133006558 0.005484655499 -0.006728555076
v -0.004130392801 0.004638586193 -0.000610060757
v -0.004125282634 0.0008986283792 -0.006350477226
v -0.004125282168 0.0008986283792 -0.007649511565
v -0.004124907311 -0.0003013719106 -0.00635048002
v -0.00412490638 -0.0003013719106 -0.007649514824
v -0.004124573432 -0.005303405691 -0.005098787136
v -0.004121683538 0.004361839965 -0.01073042862
v -0.004119924735 -0.004853914026 -0.005118145607
v -0.004113472067 0.006094483659 -0.004695157055
v -0.004106378648 -0.006099265534 -0.004695164505
v -0.004100627266 0.001998635707 -0.01500000525
v -0.00410020398 0.0006486362545 -0.0149999978
v -0.004099875689 -0.0004013638536 -0.0164722465
v -0.004099874757 -0.0004013638536 -0.01352776214
v -0.004089019727 -0.006287282798 -0.02249172889
v -0.004087742884 -0.005294864066 -0.005253624171
v -0.004081398714 -0.004688493442 -0.0006470904336
v -0.004074859433 0.006646365859 -0.008095844649
v -0.004073950462 -0.005122449249 -0.005313257221
v -0.004072763957 -0.0004013554717 -0.01656788215
v -0.004069404677 -0.003751354292 -0.01821722835
v -0.004067122471 -0.006651102565 -0.008095848374
v -0.004066698253 -0.005273396149 -0.005344166886
v -0.004065574612 0.007343723439 -0.01759729721
v -0.004061819986 0.00302599906 -0.01144928578
v -0.004061037209 -0.004950034898 -0.005373516586
v -0.004057027865 -0.007348448969 -0.01759729721
v -0.004053176846 -0.004446296953 -0.01171825547
v -0.004051367287 -0.004719754681 -0.0006737255608
v -0.004048324656 0.006402924657 -0.006241135299
v -0.004044974688 0.003698653309 -0.00855656527
v -0.00404096581 0.002248654841 -0.01756666228
v -0.004040871281 -0.006407631095 -0.006241129246
v -0.004040051717 0.004462024197 -0.009081770666
v -0.004039830528 -0.005216204096 -0.005461186171
v -0.004039243795 -0.003251344664 -0.01756666228
v -0.004038411193 0.006101622246 -0.02260856703
v -0.004035716876 0.001148655894 -0.006505754776
v -0.004035716411 0.001148655894 -0.007494244725
v -0.004034243524 -0.005008909386 -0.005486206152
v -0.00403259648 0.00595830474 -0.003942871001
v -0.004030560609 0.003698657965 -0.01177931856
v -0.004029264208 0.003560792422 0.0004692471703
v -0.004027896095 0.005703559145 -0.005566996988
v -0.00402609678 -0.005150723271 -0.005521681625
v -0.004025345668 0.001098659704 -0.007476320025
v -0.004025345203 0.001098659704 -0.006523684599
v -0.004025116097 -0.00356547907 0.0004692582297
v -0.004024899565 -0.005060543772 -0.005527171306
v -0.004023142159 0.0007721203147 0.001155855833
v -0.004023031797 -0.005104837939 -0.005535292439
v -0.004022619221 0.007162967697 -0.01379414927
v -0.004022239707 -0.0007768013747 0.001155866659
v -0.004021895584 0.004255346023 -0.01362763904
v -0.004020948429 0.001998660853 -0.01362754218
v -0.004019490909 0.0003866980551 0.001164974994
v -0.00401903782 -0.0003913749242 0.001164980233
v -0.004015150014 0.002440004377 -0.01759457402
v -0.004015141632 -2.335873432e-06 0.001166942879
v -0.004014282022 -0.007167643867 -0.01379414555
v -0.004000741523 0.004253747873 -0.006792584434
v -0.004000503104 0.004379817285 -0.008500578813
v -0.004000157584 0.0004986672429 -0.01370096579
v -0.004000156187 0.0004986672429 -0.0162990354
v -0.003999937791 -0.0002013325284 -0.01629903913
v -0.003999935929 -0.0002013325138 -0.01370095555
v -0.003999132197 0.005694803782 -0.005692408886
v -0.00399362389 -0.00350133027 -0.017615797
v -0.00398984924 -0.00589480903 -0.003611026332
v -0.003986748401 0.001998672029 -0.01457500271
v -0.00398674747 0.001998672029 -0.01542499568
v -0.003986325115 0.0006486716447 -0.01542500313
v -0.003986325115 0.0006486716447 -0.01457499526
v -0.003986225463 0.00551644899 -0.005749989767
v -0.003978475928 0.00477555953 -0.01639434509
v -0.003974715713 0.001529723289 0.00109673792
v -0.003974021412 0.005338093266 -0.005808092654
v -0.00397317484 0.005667372607 -0.005809423514
v -0.003972932231 -0.001534347073 0.001096731517
v -0.003970484249 0.0005193873076 -0.01637245715
v -0.003970265854 -0.0001806124637 -0.01637246087
v -0.00396656571 0.004497251473 -0.01557680592
v -0.003965532873 -0.007794206496 -0.02868119255
v -0.003952415194 0.005380037241 -0.005903291516
v -0.003950188402 0.0005986829055 -0.01621243171
v -0.003950188402 0.0005986829055 -0.01378756203
v -0.003946756478 0.006881569512 -0.009894976392
v -0.003945493139 0.006378328428 -0.02118676342
v -0.003943258896 0.00637971051 -0.02866015024
v -0.003942294046 0.005776098929 -0.003107778728
v -0.003941881936 0.005587455817 -0.005952198524
v -0.003941511735 0.002602239838 -0.01767405681
v -0.003938746173 -0.006886157673 -0.00989497453
v -0.003937263507 0.005442047492 -0.005973080173
v -0.003934259992 0.005533594638 -0.005987179466
v -0.003933716565 -0.004617818631 -0.01055289712
v -0.00393329747 0.005487187766 -0.005991496611
v -0.003928728867 0.00574614387 -0.002984140301
v -0.003924892284 0.004412690178 -0.00735558616
v -0.003922040574 -0.005750711542 -0.002984142164
v -0.00392077351 -0.004339294974 -0.008659034967
v -0.003918950912 0.002097720047 -0.01139345672
v -0.003918950446 0.002097720047 -0.009517249651
v -0.003916390706 -0.002302278997 -0.009517249651
v -0.00391639024 -0.002302278997 -0.01139398012
v -0.003915776964 -0.004095608369 -0.01152998768
v -0.003910440486 0.0006486958591 -0.01625797153
v -0.003910296597 0.003698695218 -0.0117463721
v -0.00389402709 -0.003290935187 -0.01140371431
v -0.00389278424 0.004215546884 -0.006005377043
v -0.003885687795 0.0005987033946 -0.01499999315
v -0.003884747857 -0.002401296748 -0.0150000006
v -0.003881130135 0.002485991223 -0.01141019817
v -0.003879612312 0.006190386601 -0.02046137676
v -0.003869141918 -0.003684304189 -0.01775000244
v -0.003866723273 -0.004701291211 -0.01006609853
v -0.003863488091 -0.00470129028 -0.008650599048
v -0.003855844261 0.00645886641 -0.006334784906
v -0.003848327789 -0.006463348866 -0.006334784441
v -0.00384689495 0.004377114587 -0.006924287882
v -0.003841441125 0.006210947409 -0.02045122348
v -0.003833562834 0.002677036216 -0.009555085562
v -0.003831263632 0.002710660687 -0.01779301651
v -0.003830457805 0.004608743824 -0.008297531866
v -0.0038303209 0.002260534791 0.0009655024041
v -0.003827685723 -0.00226499117 0.0009655111935
v -0.003820333863 0.006708806381 -0.00803668052
v -0.003820210695 0.004582084715 -0.01246984862
v -0.003820194863 0.006170116365 -0.004576485138
v -0.003816602519 0.005469025113 -0.002000000561
v -0.003815249773 0.004420519806 -0.01164526958
v -0.003813013202 -0.006174557377 -0.004576485138
v -0.003812524723 -0.006713246927 -0.008036690764
v -0.003811243922 0.004411823116 -0.01353614125
v -0.003809440415 0.004664337263 -0.0004760995798
v -0.003804938169 0.004112857394 -0.005032814573
v -0.003804010339 -0.004668767098 -0.000476095971
v -0.003800547216 0.0005987294717 -0.01468225289
v -0.00380054675 0.0005987294717 -0.01531774737
v -0.003799608676 -0.002401270205 -0.01531775482
v -0.003799607977 -0.002401270205 -0.01468224544
v -0.003792371135 -0.002994441194 -0.01144862734
v -0.003792370437 -0.002994441194 -0.00957182236
v -0.003788124071 -0.004701266531 -0.01182462648
v -0.003787148045 0.007871183567 -0.02855426446
v -0.003781265579 -0.005387397483 -0.001751063508
v -0.003766614245 0.002865031129 -0.01147101447
v -0.003764167195 0.005055190064 -0.001034077839
v -0.003758282168 -0.005059566349 -0.001034069224
v -0.003753000172 0.005132392049 -0.001172684133
v -0.003750361735 0.001148745301 -0.006429289468
v -0.003750361037 0.001148745301 -0.007570710965
v -0.003750360571 0.001148745301 -0.007000000216
v -0.00375034567 0.001098745386 -0.007549995091
v -0.00375034567 0.001098745386 -0.007000001613
v -0.003750344506 0.001098745386 -0.006449992768
v -0.003750289558 0.0009194564773 -0.006200003438
v -0.003750289092 0.0009194564773 -0.007799994666
v -0.003750283504 0.0008987457259 -0.007750004996
v -0.00375028234 0.0008987457259 -0.00624999404
v -0.003749923315 -0.0002512541832 -0.0062000053
v -0.003749922849 -0.0002512541832 -0.007799996529
v -0.003749906784 -0.000301254564 -0.006249996834
v -0.003749906551 -0.000301254564 -0.007749993354
v -0.003749861149 -0.0004512543092 -0.006000006571
v -0.003749860683 -0.0004512543092 -0.008000006899
v -0.003749844618 -0.0005012542242 -0.006049997639
v -0.003749844385 -0.0005012542242 -0.007950003259
v -0.0037467035 -0.006497092545 -0.02853255346
v -0.003741726046 0.005059760064 -0.001027365564
v -0.003735678503 0.006503438577 -0.0285198912
v -0.003730227472 0.006488901563 -0.006340719294
v -0.003726244671 0.002248753561 -0.01736904681
v -0.003724522656 -0.003251246409 -0.01736904867
v -0.003722675843 -0.006493237801 -0.006340721622
v -0.003720590146 0.003990265541 -0.003974999301
v -0.00372032146 0.00474154111 -0.01083904691
v -0.003712406615 0.002440099372 -0.01740448177
v -0.003701187437 0.002748761093 -0.01793333516
v -0.003699984401 -0.003501238534 -0.01743141748
v -0.003699153196 -0.003751238342 -0.01793333329
v -0.003689868841 -0.0004012353311 -0.01664208062
v -0.003689866979 -0.0004012353311 -0.01335792989
v -0.003686719108 0.004782989621 -0.009196702391
v -0.003681068541 0.004146378487 7.968532009e-05
v -0.003676241031 -0.004150658846 7.968181308e-05
v -0.003675626824 0.001998768887 -0.0142638851
v -0.003675626591 0.001998768887 -0.01573611982
v -0.003675204469 0.0006487694336 -0.01573612727
v -0.003675203538 0.0006487694336 -0.01426387765
v -0.003673634492 -0.0004012306745 -0.0132807456
v -0.003672881285 0.002602323657 -0.01750539243
v -0.003671565792 0.001998769818 -0.016504962
v -0.003664113116 0.003472451819 -0.01162169501
v -0.003656282322 0.005064471625 -0.01650887169
v -0.00364459143 0.007821178995 -0.02472934499
v -0.003638166701 -0.0002012193727 -0.01644888893
v -0.003638166003 -0.0002012193581 -0.01355110481
v -0.003635486588 -0.00782541465 -0.02472933382
v -0.003634056076 0.00294882874 0.0007562098326
v -0.003633101471 -0.003684230382 -0.01760179177
v -0.003630621359 -0.002953056013 0.0007562084938
v -0.003621101845 0.0005194962723 -0.01349503919
v -0.00362088345 -0.0001805034844 -0.01349504292
v -0.003620358882 0.007679172792 -0.02093686908
v -0.003618326038 0.004626134411 -0.01014951803
v -0.003613684094 0.002710728673 -0.01765639707
v -0.003611421678 -0.007683380041 -0.02093687281
v -0.003604736179 -0.007945477031 -0.02843627334
v -0.00360092381 0.006515836343 -0.006305108313
v -0.003599123331 0.003698793007 -0.008802128956
v -0.003593603382 0.005888641812 -0.003126273863
v -0.003593340516 -0.006520022172 -0.006305113435
v -0.003590230597 0.003884501522 -0.002813975094
v -0.003590202425 0.0006487955106 -0.01362057775
v -0.003589873202 0.004244829528 -0.005077208858
v -0.003586749081 -0.005892819259 -0.00312627526
v -0.003579730168 0.00623737555 -0.004724157974
v -0.003574055154 0.005083337426 -0.00100881292
v -0.003572469344 -0.006241537165 -0.004724150058
v -0.003568860237 0.003229292808 -0.01157594007
v -0.003568136832 -0.005087492522 -0.001008807216
v -0.003567937994 0.0005988030462 -0.01444964763
v -0.003567937296 0.0005988030462 -0.01555035356
v -0.003566999221 -0.002401197096 -0.01555036008
v -0.003566998756 -0.002401197096 -0.01444964018
v -0.003543827916 0.002748810453 -0.01783452742
v -0.003541793441 -0.003751188982 -0.01783452556
v -0.003541163402 -0.003768920666 -0.01155939698
v -0.003540318226 0.003698811634 -0.01171795093
v -0.003530870425 0.003282824298 -0.009688861668
v -0.003519555321 0.004703138955 -0.008634080179
v -0.003519324586 0.007977457717 -0.02836808749
v -0.003515767399 0.003776219441 -0.001814154792
v -0.003484945279 0.004621452652 -0.01318384148
v -0.003482328728 0.004873096012 -0.008405217901
v -0.00348162232 -0.004701170605 -0.0088528255
v -0.003475346137 0.001098831999 -0.007476318628
v -0.003475345904 0.001098831999 -0.006523683202
v -0.003465006361 0.001148834708 -0.006505755708
v -0.003465005895 0.001148834708 -0.00749424519
v -0.003461604705 -0.004558942746 -0.01172675285
v -0.003458579537 0.004643894732 -0.01345786173
v -0.003447033698 0.005540777929 -0.001936362591
v -0.003442832502 0.006266742945 -0.004752544221
v -0.003440973116 0.005331116728 -0.001438699081
v -0.003440584522 -0.005544784945 -0.0019363584
v -0.00343931932 -0.00666491501 -0.02388476022
v -0.003435869468 -0.006666693836 -0.02831670828
v -0.003435537452 -0.006270745303 -0.004752553999
v -0.00343476655 -0.005335117225 -0.001438688603
v -0.003430509707 -0.004701093771 -0.01179047208
v -0.00342908618 0.003713942831 -0.001024383004
v -0.003414785722 0.00371985673 -0.0009922327008
v -0.003410796169 -0.005104291718 -0.001004697755
v -0.003410491161 0.003586232429 0.0004579664383
v -0.003406568896 0.004623361863 -0.007036345545
v -0.003406316508 -0.003590198699 0.00045796021
v -0.003397130175 0.004666990601 -0.000414376118
v -0.00339169614 -0.004670939874 -0.0004143728584
v -0.003383196192 0.00448098965 -0.005373914726
v -0.003375283675 0.0008988630725 -0.006350487471
v -0.003375282977 0.0008988630725 -0.007649521809
v -0.003374907421 -0.0003011367517 -0.007649525069
v -0.003374906722 -0.0003011367517 -0.006350475363
v -0.003370577935 0.003742274595 -0.0009415931418
v -0.003365420271 0.004963872954 -0.01557972375
v -0.003361254232 0.002748868195 -0.01780000143
v -0.003361240728 0.002710807836 -0.01760865934
v -0.003361206502 0.002602421446 -0.01744644158
v -0.003361157142 0.002440209268 -0.01733805984
v -0.003361097304 0.002248868113 -0.01729999669
v -0.003360339208 0.006446983665 -0.02406294085
v -0.003359375289 -0.003251131857 -0.01729999855
v -0.003359295893 -0.003501131898 -0.01736698672
v -0.003359239083 -0.0036841447 -0.01755000465
v -0.003359217895 -0.003751131939 -0.01780000143
v -0.003350290237 0.0009195812745 -0.006307186559
v -0.003350289306 0.0009195812745 -0.007692813408
v -0.00334992283 -0.0002511289204 -0.007692815736
v -0.00334992283 -0.0002511289204 -0.00630717352
v -0.003349155653 0.004684836604 -0.006511179265
v -0.003336212365 0.004118676297 -0.002966693137
v -0.003329781815 -0.003716151463 -0.01165270992
v -0.003329780884 -0.003716151463 -0.009775815532
v -0.003325744066 0.004956522956 -0.01256284397
v -0.00331932772 0.006287789904 -0.004729424603
v -0.003316394053 0.006466456689 -0.02046137862
v -0.003316167276 0.006458729506 -0.0202922374
v -0.003313031513 0.005958319642 -0.003292398993
v -0.003312007291 -0.006291647907 -0.004729421809
v -0.003308775602 0.003537135897 -0.01170118712
v -0.003306095954 -0.005962171126 -0.003292392474
v -0.003303935751 0.005044036545 -0.009305819869
v -0.00330307032 0.004735033959 -0.01344994269
v -0.003301665653 0.00531566795 -0.01654999331
v -0.003300626762 0.001998886233 -0.01345000602
v -0.003291847417 0.005321743898 -0.01654996909
v -0.003282903461 0.005056510679 -0.01094730478
v -0.003274844494 -0.0005011056783 -0.006177279633
v -0.003274844261 -0.0005011056783 -0.007822728716
v -0.003274031915 0.001098894398 -0.006724996027
v -0.003274031216 0.001098894398 -0.007275004871
v -0.003263254184 -0.001582268276 0.0009752291953
v -0.003259571502 0.004889300093 -0.007546068635
v -0.003256111871 0.001148900832 -0.007285352796
v -0.003256111406 0.001148900832 -0.006714642048
v -0.003253402654 0.001922767493 0.0009318414377
v -0.003252946772 0.0009052966489 0.001019440941
v -0.003250627313 0.001998902066 -0.0141500067
v -0.003250626149 0.001998902066 -0.01585000753
v -0.003250204027 0.0006489026127 -0.01414999831
v -0.003250203561 0.0006489026127 -0.01642071083
v -0.003250203095 0.0006489026127 -0.01585000008
v -0.003250189358 0.0005989017664 -0.01360000577
v -0.00325018866 0.0005989017664 -0.01563550159
v -0.00325018866 0.0005989017664 -0.01436449867
v -0.003250188194 0.0005989017664 -0.01639999449
v -0.003250163281 0.0005196126876 -0.01654999703
v -0.003250157693 0.0004989019362 -0.01650000736
v -0.003250156762 0.0004989019362 -0.01349999942
v -0.003249944886 -0.0001803870837 -0.01655000076
v -0.003249938367 -0.0002010978205 -0.01350000314
v -0.003249937901 -0.0002010978351 -0.01649999619
v -0.003249876201 -0.000401097961 -0.01330000442
v -0.003249875735 -0.000401097961 -0.01670000702
v -0.003249874804 -0.000401097961 -0.01677071303
v -0.003249860601 -0.000451097847 -0.006133977789
v -0.003249859903 -0.000451097847 -0.007866019383
v -0.003249248955 -0.00240109791 -0.01436450612
v -0.003249247558 -0.00240109791 -0.01563549414
v -0.003249128116 -0.002782944823 -0.01499999594
v -0.00324136531 -0.008076530881 -0.0281774886
v -0.003225019434 0.005113934167 -0.001026336104
v -0.003214532975 -0.0006001341389 0.001022661803
v -0.003200346138 0.001098917681 -0.007000000216
v -0.003199931234 0.00409932714 -0.002821241971
v -0.003197126091 0.004168187268 6.06206122e-05
v -0.003192273201 -0.004171904642 6.062983812e-05
v -0.003179649822 0.001148924115 -0.007000000682
v -0.003179626772 0.00384917832 -0.0008442438557
v -0.003171202727 -0.002836629516 0.0007280408754
v -0.003170763608 0.004815661348 -0.01175795682
v -0.003168935422 0.004431786947 -0.005134199746
v -0.003157554893 0.005985445343 -0.00333599234
v -0.003155196318 0.005100709386 -0.01558152679
v -0.003150587901 -0.005989115685 -0.003335988615
v -0.003147247247 -1.831096711e-06 0.001015892485
v -0.003145407652 0.003031873843 0.0006615092279
v -0.003134194296 -0.004192831926 -0.01173897367
v -0.003130429424 0.004828750156 -0.01345936209
v -0.003129488556 0.005595900118 -0.002061491366
v -0.00312297442 -0.005599537864 -0.002061492996
v -0.003121130634 0.0002340528881 0.001009823172
v -0.003118871246 0.00369894295 -0.01178547274
v -0.003118871013 0.00369894295 -0.009870822541
v -0.003112288425 0.005121401511 -0.001044784673
v -0.003108869307 0.00507887546 -0.008502106182
v -0.003100764705 0.0008989487542 -0.007375005633
v -0.003100762609 0.0008989487542 -0.006624992937
v -0.003100387985 -0.00030105107 -0.007374993991
v -0.003100387054 -0.00030105107 -0.006624995731
v -0.003094853833 0.005374467932 -0.00152556703
v -0.003088598372 -0.005378065631 -0.001525575761
v -0.003075118875 0.006840587594 -0.02804961614
v -0.003062718082 0.005450841971 -0.0165314693
v -0.003057469847 0.0009196734754 -0.007400004193
v -0.003057469381 0.0009196734754 -0.006600001361
v -0.003057103604 -0.0002510371851 -0.007400006521
v -0.003057103138 -0.0002510371851 -0.006600003224
v -0.003056687303 0.007423428819 -0.01343212835
v -0.003050395055 -0.006851648912 -0.02803713642
v -0.003048047889 -0.007426980883 -0.01343213581
v -0.003041684628 -0.004700988997 -0.01184040494
v -0.00303696841 0.004930915311 -0.01027720515
v -0.003032724606 0.006002416834 -0.003329308005
v -0.003031549742 0.004686907865 -0.0004464201047
v -0.003029920394 -0.003621540964 0.0004000049375
v -0.003026093589 -0.00469043199 -0.0004464187659
v -0.003025738988 -0.00600594189 -0.00332930591
v -0.003022298915 0.007100421004 -0.009572466835
v -0.003014035057 -0.007103933021 -0.009572471492
v -0.00301018497 -1.751468631e-06 0.0009879558347
v -0.003005248494 0.004058363847 -0.001031278633
v -0.003001700388 0.00492905546 -0.008754611015
v -0.003000283847 0.0008989804192 -0.007000002079
v -0.002999908291 -0.000301019405 -0.007000005338
v -0.002999858931 0.007678451017 -0.01716981456
v -0.002990923589 -0.007681936026 -0.01716981828
v -0.002979411744 0.003867758205 0.0002521230199
v -0.002977178665 0.00657894183 -0.02014630288
v -0.002974910429 0.004015163518 -0.0008596113184
v -0.00295028952 0.000919707003 -0.006999993697
v -0.002949921414 -0.0002510036575 -0.006999996025
v -0.002947127679 0.007893480361 -0.02064006589
v -0.002945379121 -0.005138040055 -0.001073791995
v -0.002937940648 -0.007896903902 -0.02064007707
v -0.002934249584 0.004782548174 -0.007124531548
v -0.002933081705 0.005513641983 -0.01650551893
v -0.002932438394 0.0005990014179 -0.01444964763
v -0.002932437463 0.0005990014179 -0.01555035263
v -0.002931499388 -0.002400998259 -0.01555036008
v -0.002931499155 -0.002400998259 -0.01444964018
v -0.002929688198 0.001999002649 -0.01650496386
v -0.002927120775 -0.0005009967135 -0.006525007077
v -0.002927119378 -0.0005009967135 -0.007474995218
v -0.002924624132 0.006901868619 -0.007745162118
v -0.002920917002 -0.004030544311 -0.01183314063
v -0.002920796396 -0.004375353921 -0.0118331518
v -0.002916591708 -0.006905267015 -0.007745161653
v -0.002910205396 0.0006490087835 -0.01362056658
v -0.002902825596 0.004213619046 1.381508582e-06
v -0.002896093298 0.005241424777 -0.009405656718
v -0.002884522546 0.00807792414 -0.02437891625
v -0.002883833833 -0.0004509832943 -0.007499992847
v -0.002883833833 -0.0004509832943 -0.006500000134
v -0.002882926492 -0.00428689504 -5.688601232e-05
v -0.002879224252 0.000519729103 -0.01349504106
v -0.002879005857 -0.0001802711195 -0.01349504571
v -0.00287512131 -0.00808127597 -0.02437891625
v -0.002865953138 -0.005147332791 -0.001089431462
v -0.002861710032 -0.0002009762975 -0.01644889452
v -0.002861709567 -0.0002009762829 -0.01355111133
v -0.002851515077 -0.004068859387 -0.01186703518
v -0.002844411414 -0.00453848578 -0.01187081262
v -0.00283213472 0.004570182413 -0.0003279874218
v -0.002830250887 0.008201052435 -0.02786122262
v -0.002826117212 -0.0004009652475 -0.01328074653
v -0.002825626871 0.001999035245 -0.01573612913
v -0.002825625706 0.001999035245 -0.01426387951
v -0.002825203585 0.0006490357919 -0.01573611982
v -0.00282520242 0.0006490348605 -0.01426387113
v -0.002815405838 0.005302238278 -0.0110524362
v -0.002812174382 0.006613162346 -0.02001580968
v -0.002809883095 -0.0004009601253 -0.01664208062
v -0.002809883095 -0.0004009601253 -0.01335792895
v -0.002799842972 -0.0005009566667 -0.006999992765
v -0.002797828522 0.005637691356 -0.002123640152
v -0.00279760384 -0.003750956152 -0.02390682884
v -0.002792662941 0.005257616751 -0.01265677996
v -0.002791268053 -0.005640943069 -0.00212364574
v -0.002785505727 -0.00486776093 -0.000672782131
v -0.002784050303 0.004255455919 -0.002812932245
v -0.002783190226 0.00660640467 -0.01995046623
v -0.002782337135 0.006604810245 -0.01994374953
v -0.00278183911 0.005157169886 -0.001108053955
v -0.002775837202 -0.005160403438 -0.001108055585
v -0.002775292611 -0.005018276628 -0.0008828793652
v -0.002772296313 0.005000657402 -0.01354316808
v -0.002768938197 -0.004700634629 -0.01191665046
v -0.002759345574 -0.00375855621 -0.02390784211
v -0.002753025852 0.006671888754 -0.00606270181
v -0.002749859123 -0.0004509409191 -0.006999997888
v -0.002745260019 -0.006675087381 -0.006062693428
v -0.002732941415 0.005006900989 -0.01325567625
v -0.002731763059 0.005597026087 -0.01644138619
v -0.002726908308 -0.003780223196 -0.02390869148
v -0.002724254504 0.00493259076 -0.008010950871
v -0.002723579295 0.004069905728 -0.0007307626656
v -0.002721645636 0.005345910788 -0.0155844111
v -0.002721348777 -0.00375093217 -0.024737617
v -0.002720189979 0.004544419236 -0.005162525456
v -0.00271352171 0.005223779939 -0.008584515192
v -0.00270685507 0.004786994308 -0.005437963642
v -0.002705227584 -0.003812658833 -0.02390925772
v -0.002704103012 0.004478362389 -0.002950735157
v -0.00269982894 0.0005990749924 -0.01468225382
v -0.002699828241 0.0005990749924 -0.01531774737
v -0.002698890166 -0.00240092515 -0.01531775482
v -0.002698889701 -0.00240092515 -0.01468224637
v -0.00269760727 -0.003850924782 -0.02390946075
v -0.002689882414 -0.003850922454 -0.02424784377
v -0.002689318033 -0.00565092219 -0.02424784936
v -0.00268391287 -0.003758532461 -0.02472967282
v -0.002677862998 -0.003750918666 -0.02308119275
v -0.002655931748 0.004198946059 -0.0008238418377
v -0.002653102158 -0.004160183948 -0.01200706512
v -0.002652260009 -0.004700910766 -0.012007677
v -0.002652173396 -0.003780199913 -0.02472293563
v -0.002650759881 0.006721858867 -0.02558482438
v -0.002649530303 0.002799090696 -0.02558481321
v -0.002647464396 -0.003800909035 -0.02558481321
v -0.002646458335 -0.007017568219 -0.02558481321
v -0.002645434812 0.004101661965 -0.0007174958009
v -0.002640896942 -0.003758518957 -0.02309109829
v -0.00263858214 0.004965739325 -0.006612895522
v -0.002633159747 -0.004700904712 -0.01202547271
v -0.002630956704 -0.00381263555 -0.02471842058
v -0.00262956298 -0.00376430084 -0.02309413999
v -0.002626441186 -0.004170681816 -0.01203213353
v -0.002623500535 -0.003850901499 -0.02471684478
v -0.002614688361 0.0005991010694 -0.01499999315
v -0.002613748424 -0.002400898607 -0.0150000006
v -0.00260962965 0.004702315666 -0.00621806737
v -0.002609552117 -0.003780186409 -0.0230994951
v -0.002607533243 -0.004177900497 -0.01009450294
v -0.002604201436 0.002749104751 -0.02556369454
v -0.002602165099 -0.003750894917 -0.02556369267
v -0.002598485909 0.00613032002 -0.01804549992
v -0.002598182298 0.006738998927 -0.02399976924
v -0.002594863996 0.006740066223 -0.02385113761
v -0.00259419647 -0.003800892271 -0.02310360596
v -0.002589965938 0.0006491093663 -0.01625797711
v -0.002589249052 0.006741868332 -0.02375787124
v -0.002588603646 -0.003812622279 -0.02310509793
v -0.002583931433 0.004316831008 -0.0009903720347
v -0.002582411282 0.005081477575 -0.01362688281
v -0.002581239445 -0.003850888228 -0.02310707234
v -0.002580675064 -0.005650888197 -0.02310707793
v -0.002580305794 0.001999111613 -0.01362754591
v -0.002578149084 0.006745416671 -0.02435733005
v -0.002568884287 0.006748364307 -0.02574972063
v -0.002564193215 0.001826193999 0.0007890047273
v -0.00256206491 -0.001829176792 0.0007890129928
v -0.002559281886 0.006751405075 -0.02046138421
v -0.00255018915 0.0005991215585 -0.01621243916
v -0.00255018915 0.0005991215585 -0.01378756948
v -0.002546565142 0.00518536102 -0.001153872116
v -0.002541573951 0.004349067807 -0.001045683166
v -0.002538751811 0.006686422974 -0.01994374581
v -0.00252984371 0.0005198380677 -0.01637246087
v -0.002529622056 -0.0001801617036 -0.0163724497
v -0.002529565245 0.006400803104 -0.004557425622
v -0.00252211676 -0.006403742358 -0.004557434004
v -0.00251450506 0.001999133034 -0.01457500365
v -0.002514503896 0.001999133034 -0.01542499661
v -0.002514081774 0.0006491326494 -0.01542500313
v -0.002514081774 0.0006491326494 -0.01457499526
v -0.002508551581 0.006767234765 -0.02324198186
v -0.002504856559 0.005144683644 -0.007674667519
v -0.002502089599 0.006668537855 -0.02400002442
v -0.002501922427 0.006668563001 -0.02396719158
v -0.002501533832 0.004899137653 -0.02399999835
v -0.002500156639 0.0004991375608 -0.01629904099
v -0.002500156639 0.0004991375608 -0.01370095648
v -0.002499938244 -0.0002008626761 -0.01629904471
v -0.002499938244 -0.0002008626616 -0.0137009602
v -0.00249992311 0.006669189781 -0.02388135716
v -0.00249543786 -0.008287380449 -0.02760734409
v -0.002493616892 0.001053353655 0.000840044755
v -0.002492390573 -0.001056254492 0.0008400421939
v -0.00248379563 0.006774816662 -0.02486240305
v -0.002478447277 0.005095408298 -0.01186968293
v -0.002468786435 -0.004680311307 -0.0122305844
v -0.00246748561 0.005373015068 -0.009492800571
v -0.002466566162 0.006680853665 -0.02447921783
v -0.002463064156 0.004399077035 -0.001142704277
v -0.002462328877 0.006781316362 -0.0249402374
v -0.002455350244 0.005054171197 -0.008856140077
v -0.002454794012 -0.004226522986 -0.01225472428
v -0.002454670845 -0.004673057701 -0.01225470472
v -0.002453310415 -0.003750848351 -0.02552766725
v -0.002443049103 0.005137372762 -0.01370946784
v -0.00244204863 0.006688974798 -0.02337814495
v -0.002435489092 0.004852180369 -0.007182063535
v -0.002427447587 0.005688951351 -0.01627985388
v -0.002426984487 -0.0004008399846 -0.01656788215
v -0.002421235433 0.005125816911 -0.01039656065
v -0.002418881981 -0.003850837471 -0.02536126412
v -0.002418763703 -0.003758449573 -0.02551119961
v -0.002418319695 -0.00565083744 -0.02536126971
v -0.002417637734 -0.004647589289 -0.01232533157
v -0.00241253851 0.007101383992 -0.02753395773
v -0.002410730347 0.0006884540198 0.0008401524974
v -0.00240992778 -0.0006912584649 0.0008401570958
v -0.002400625264 0.001999168424 -0.01499999315
v -0.002400203142 0.0006491680397 -0.0150000006
v -0.002399875084 -0.0004008316027 -0.01647224836
v -0.002399874851 -0.0004008316027 -0.01352775004
v -0.002389472444 -0.003780117724 -0.0254972484
v -0.00238802121 -0.007109830622 -0.02604971826
v -0.002379490295 -0.004612888675 -0.01239114907
v -0.002369893948 -0.003812553827 -0.02548790723
v -0.002363011241 -0.003850820009 -0.02548463643
v -0.002354881261 0.007120711729 -0.02118676901
v -0.002353429794 0.00712119136 -0.02748544514
v -0.002347506583 0.001896095346 -0.002479670802
v -0.00234748004 0.001898191753 -0.002529932186
v -0.002347316127 0.001845822553 -0.002477024915
v -0.002347232541 0.0008491853951 -0.002600002568
v -0.002347144997 0.001848923857 -0.002634264296
v -0.002347101923 0.0008483602433 -0.00264539686
v -0.002346720546 0.001817951794 -0.002226409502
v -0.002346498193 -0.001650815015 -0.002600006992
v -0.002346458379 -0.001621300471 -0.00232997234
v -0.002345882356 0.00073016237 -0.002067657886
v -0.002345692599 0.001825366053 -0.002021633554
v -0.002345435787 0.004289304838 -0.00196928787
v -0.002345432993 0.0008084865985 -0.002916374011
v -0.002345308429 0.001873301226 -0.002944102045
v -0.002345220419 -0.001532304683 -0.002068747999
v -0.002345157322 0.0006817168323 -0.001974996179
v -0.002344695386 -0.001609291532 -0.002919504885
v -0.00234451564 -0.001483345055 -0.001974992454
v -0.002344222041 0.001805540989 -0.003041020827
v -0.00234359107 0.001703550923 -0.001803668798
v -0.002341952408 0.00169790152 -0.001659017871
v -0.0023414772 0.0006817149697 -0.003225006163
v -0.002341391519 0.001622908632 -0.001616615918
v -0.002341094194 0.0003622908844 -0.001609970699
v -0.00234101247 -0.007125283591 -0.02748189308
v -0.00234100665 0.001664288226 -0.001587406616
v -0.002340839244 -0.001483340864 -0.003225001972
v -0.002340657171 -0.001166151022 -0.001611684216
v -0.002340591513 0.006717405282 -0.02501179837
v -0.002340380335 -0.004735861905 -0.003144806949
v -0.002339775208 0.0002241887851 -0.001517465571
v -0.002339395927 -0.001025813748 -0.001517468831
v -0.002338925144 0.001718148473 -0.003356636036
v -0.002338854363 0.001529205474 -0.001443488756
v -0.002338483231 0.001758336904 -0.003392918268
v -0.002337702084 0.006817669608 -0.02271119878
v -0.002337576589 -0.0007170099998 -0.001390648889
v -0.002337441314 0.0005314833252 -0.003432663158
v -0.002337420359 -0.000174637069 -0.001370633719
v -0.002337018959 -0.0004008120159 -0.001349996775
v -0.002336819423 -0.001330013503 -0.003436113009
v -0.002336792648 0.001681049238 -0.003453437006
v -0.002335915109 -0.004500274081 -0.001393456827
v -0.00233477843 0.001420959714 -0.001195795485
v -0.002334165387 -0.004462518729 -0.001285193721
v -0.002333026379 0.001278510201 -0.001102550537
v -0.002331386087 -0.004393560812 -0.001126073417
v -0.002330951393 0.0002241925104 -0.003682537237
v -0.002330583753 -0.001025815145 -0.003682524664
v -0.002329661744 0.001180906664 -0.0009300939855
v -0.002329341136 0.0001228962792 -0.003735001665
v -0.002328567673 0.004222126678 -0.0008526170859
v -0.002328105271 0.001097653876 -0.0008548563928
v -0.002328011906 -0.0008454594063 -0.003768234979
v -0.002327947645 0.004438166507 -0.003786713816
v -0.002327282215 0.0009698484791 -0.0008156783879
v -0.002327107359 0.00155386969 -0.003812350798
v -0.002326064277 -0.000627142028 -0.003829344641
v -0.002325714566 -0.004209493287 -0.0008332566358
v -0.002325611887 0.004096011631 -0.0007118060021
v -0.002325420035 -0.0004008082906 -0.003849998349
v -0.002324665664 0.001452854718 -0.00387531356
v -0.002324451925 0.005475196056 -0.01115164626
v -0.002324292436 0.00402908586 -0.0006512664258
v -0.002323881723 -0.004131445661 -0.0007446258096
v -0.002322958084 0.003951733932 -0.0005907730083
v -0.002322919667 0.003926358186 -0.0005892207846
v -0.002322903834 0.003900955198 -0.0005886986037
v -0.002322606277 0.002319880528 -0.0005886947038
v -0.002322277054 0.0007148262812 -0.0005886935978
v -0.002322254702 0.0006077251164 -0.0005886955769
v -0.002321330365 -0.002207233803 -0.0005886866711
v -0.002320605563 -0.003953739535 -0.0005902757985
v -0.002320590429 -0.003909430001 -0.0005886916188
v -0.002320588799 -0.003926859237 -0.0005889310269
v -0.002318393206 0.00682309363 -0.02615884133
v -0.002315239981 0.001259816694 -0.00411817478
v -0.00231257733 0.001272542286 -0.004177970812
v -0.002312130062 0.001193844597 -0.004187328741
v -0.002308867872 -0.003800803097 -0.02616761811
v -0.002308099065 0.0006491969107 -0.01393658109
v -0.002307799412 0.005456638522 -0.01424327772
v -0.002306064358 0.006726531312 -0.0251116883
v -0.002305536065 0.004899198189 -0.02511156909
v -0.002305535367 0.004899198189 -0.02288843878
v -0.00230507832 0.006729950197 -0.02288560756
v -0.002299692249 0.005306545645 -0.008648767136
v -0.002298514359 0.0009653716115 -0.00445049582
v -0.002297035186 0.0008373287274 -0.004478701856
v -0.0022937865 0.004497952759 -0.001391907223
v -0.00229366729 0.006076838821 -0.003249861067
v -0.002286596457 -0.006079504266 -0.003249866189
v -0.002284860238 0.0004796338035 -0.004670587368
v -0.002284276765 -0.004962767474 -0.00464040786
v -0.002283861395 0.0005691692932 -0.004685497843
v -0.002281521447 -0.003952051979 -0.00058907317
v -0.002279905137 0.006833738647 -0.02542953193
v -0.002277188236 0.003949534148 -0.0005891681067
v -0.002275537699 5.813908501e-05 -0.004802704789
v -0.002274283208 0.005706679076 -0.01616035029
v -0.002274179598 -3.918505536e-05 -0.004820758477
v -0.002272967249 0.0001313047105 -0.004837632645
v -0.002272787038 0.001999208471 -0.01616019756
v -0.00227092416 2.716543349e-06 -0.0048643318
v -0.002270624274 -0.004269486759 -0.01257768739
v -0.002268083626 -0.003750790376 -0.02613871172
v -0.002267772797 -0.0002536490792 -0.004904500674
v -0.002267253119 -0.0002634647535 -0.004911127966
v -0.002262304304 -0.0002404005645 -0.004973173141
v -0.002253442071 0.004573563114 -0.005083561409
v -0.002251822501 -0.0004315964179 -0.005096551962
v -0.002244347706 -0.000402101432 -0.005179564934
v -0.002241613343 -0.003951505292 -0.0005886905128
v -0.002241208917 0.006746725179 -0.02272414416
v -0.002232071711 0.003948902711 -0.0005886876606
v -0.002229297999 0.005481052212 -0.01274956577
v -0.002226379002 -0.0005007773871 -0.005363611039
v -0.002222324023 0.0005199349253 -0.01383981295
v -0.002222104231 -0.0001800652972 -0.01383980177
v -0.002222007606 -0.0004507756094 -0.005405800883
v -0.002221797826 -0.004576844163 -0.001647496829
v -0.002199225128 0.005213310942 -0.001219202532
v -0.002198187634 0.008070587181 -0.02030842192
v -0.00219367235 0.00497948844 -0.00807901565
v -0.00219315663 -0.005215866026 -0.001219209866
v -0.002189277206 -0.0002007653384 -0.01393933315
v -0.00218927674 -0.0002007653529 -0.0160606578
v -0.002167186467 -0.005149747711 -0.005845114589
v -0.002166891238 0.008357790299 -0.02732804231
v -0.002161421115 0.004565212876 -0.001615309156
v -0.002161019482 0.005710906349 -0.0160488002
v -0.002160818549 0.005245970562 -0.01395064779
v -0.002151484834 0.007184782997 -0.0273162704
v -0.002143053804 -0.00718730269 -0.027315991
v -0.002142479876 -0.008363174275 -0.02731541358
v -0.002139659366 0.006768764928 -0.02549152263
v -0.002139045624 0.005605276674 -0.01558657363
v -0.002129274886 0.004804068245 -0.0006650973228
v -0.002123683924 -0.004806542769 -0.0006650928408
v -0.00211599702 0.00470868405 -0.006214614958
v -0.002114929259 0.004586008377 -0.001689036377
v -0.002100843471 0.006880383007 -0.02224101126
v -0.002096423879 0.004346204922 -0.0002281439956
v -0.002091363771 -0.004348641727 -0.000228137942
v -0.002080980921 0.0006492686225 -0.01580704935
v -0.002080738544 0.003845371073 0.0001039890849
v -0.002079203958 -0.004294477403 -0.01289921999
v -0.002079188591 0.005690488033 -0.00215529534
v -0.002076262375 -0.003847789718 0.0001039864146
v -0.002075675409 -0.0004007300886 -0.01367459632
v -0.00207256549 -0.005692902952 -0.002155291382
v -0.002069199458 0.008272995241 -0.02399552055
v -0.002063795924 0.003303176491 0.0003444687172
v -0.002063344931 0.006789434701 -0.02236919291
v -0.002059950959 -0.003305576043 0.0003444763715
v -0.002059571212 -0.008275396191 -0.02399551123
v -0.002049775794 0.004755220376 -0.006589918397
v -0.002048079856 0.004748809151 -0.003760102438
v -0.00204779394 -0.000400721241 -0.01379791275
v -0.002047792543 -0.000400721241 -0.01620207913
v -0.002047488233 0.0047559347 -0.003848017892
v -0.00204743119 0.002298857784 -0.003652969608
v -0.002047206042 0.002264169743 -0.003189991694
v -0.002046686597 0.004763172939 -0.003936116118
v -0.002045430476 -0.0005007168511 -0.006609474774
v -0.002045061672 -0.00228890474 -0.003346326761
v -0.002044784836 0.004776871763 -0.004099176265
v -0.00204448658 -0.005261311308 -0.006599969231
v -0.002043907065 -0.002291683806 -0.003806463443
v -0.002043531043 0.00213822606 -0.002742034616
v -0.002043306595 0.002239045454 -0.00411040429
v -0.002042514971 -0.002192294458 -0.002888398478
v -0.002042457461 0.0005078146933 0.0007576736389
v -0.002042198787 0.004790972918 -0.004262430593
v -0.002040820662 0.002197919181 -0.004262431525
v -0.002039542422 -1.186628651e-06 -0.00426243851
v -0.00203857664 -0.002200291259 -0.004262448289
v -0.002037785714 0.001929177786 -0.002335662488
v -0.002037752653 0.000599281746 -0.01430000644
v -0.002037751488 0.000599281746 -0.01569999382
v -0.002037494443 -0.002009709598 -0.002464835998
v -0.002036662772 -0.004951185547 -0.004262436181
v -0.002035429701 -0.002136873314 -0.0044424152
v -0.002034259727 -0.004719864111 -0.0023702248
v -0.002032653661 -0.007218970452 -0.02651133202
v -0.00203215261 -0.0004507164995 -0.009493223391
v -0.002032126533 -0.0005007163854 -0.009493225254
v -0.002032066695 0.003699283814 -0.009493843652
v -0.002031738637 0.00249928399 -0.009493812919
v -0.002031350043 -0.001991919475 -0.009493367746
v -0.002031331416 -0.001744782669 -0.00208826689
v -0.002031076699 0.001634873333 -0.001972109778
v -0.00203100522 0.002013026504 -0.004699078854
v -0.002030753996 0.006897363812 -0.0265183188
v -0.002030662959 -0.002066224115 -0.004601731896
v -0.002030511387 0.004623015411 -0.001867572428
v -0.002030495089 0.002018200001 -0.004689894617
v -0.002029811963 -0.003500716062 -0.009493846446
v -0.002029665746 0.002716906136 0.0005071434425
v -0.002029470634 0.002799284412 -0.02651831135
v -0.002029435011 -0.004700715654 -0.00949383527
v -0.002029277384 0.004620149732 -0.00180935883
v -0.002029173542 -0.0016372354 -0.001972111873
v -0.002028047573 -0.004681422375 -0.002007840434
v -0.002026504604 -0.002719266573 0.0005071361666
v -0.002026265254 0.005299003795 -0.01411916595
v -0.002025430556 0.001319732401 -0.001705826377
v -0.002025002614 0.001999285771 -0.01411950029
v -0.00202443148 -0.001952123945 -0.004806903657
v -0.002024140675 -0.001929706545 -0.00484200567
v -0.002023143694 0.00485370867 -0.00494603673
v -0.002022822388 -0.001244790968 -0.00165389583
v -0.002022329252 0.005437855609 -0.009563816711
v -0.002021931577 -0.005026029423 -0.004828422796
v -0.002020685934 0.006899745204 -0.0258839149
v -0.002020301763 0.0009225028334 -0.001482322696
v -0.002019796288 -0.004562687129 -0.001597828348
v -0.002018258441 -0.001835270436 -0.004976559896
v -0.002018243773 -0.0008099396946 -0.001435549348
v -0.0020171043 -0.0004507118429 -0.009499565698
v -0.002017094754 0.001024477999 -0.009499776177
v -0.002016738523 0.002499288647 -0.0095001515
v -0.002016726881 0.0004625933943 -0.001335866749
v -0.002016621409 0.001746040653 -0.005084431265
v -0.002016314771 0.001755067962 -0.005074002314
v -0.002015821636 -0.0003618906485 -0.001317098853
v -0.00201555714 -1.17265472e-06 -0.001288686646
v -0.002015525475 -5.117257024e-05 -0.001289242879
v -0.002013745718 0.00438363757 -0.001110559795
v -0.002013551304 -0.004462501965 -0.001285122591
v -0.002011757111 -0.001687497948 -0.005152766127
v -0.002010825789 -0.004404276144 -0.001148180454
v -0.002009087009 -0.0004507090198 -0.006789668463
v -0.002008289797 -0.003750708885 -0.02623334341
v -0.002008142415 -0.0002617012942 -0.0052264072
v -0.002007461851 0.00420685485 -0.0008330986602
v -0.002005007118 -5.116651664e-05 -0.0008294691797
v -0.002004111419 -0.004207028076 -0.0008304300718
v -0.002004028996 0.004055775702 -0.0006742450059
v -0.002002914902 -0.001520697144 -0.005315401126
v -0.002002670197 0.001450390439 -0.005372786894
v -0.002002296969 0.00394903589 -0.0005886867293
v -0.002000309294 0.001421928289 -0.005395594984
v -0.00199997169 -5.116372267e-05 -0.0005886956933
v -0.001999512315 -0.000538151362 0.0007458390901
v -0.001997702289 -0.003951363266 -0.0005886997678
v -0.001997018466 -0.001356206485 -0.005447144154
v -0.001995587721 0.001311868313 -0.005477081053
v -0.001995327184 -0.001314174966 -0.005477074068
v -0.001992408652 0.002749296604 -0.02648474276
v -0.001987560187 0.001067064586 -0.005625584163
v -0.001987525728 -0.001142702647 -0.005585589446
v -0.001985907089 0.001057929243 -0.005630560219
v -0.001983636059 -0.0009848946938 -0.005667690653
v -0.001982006012 0.004933658056 -0.005730312783
v -0.001978541724 -0.003758311737 -0.02620927617
v -0.001975467894 0.000641460414 -0.005797104444
v -0.001975080464 -0.0007211040938 -0.005773100536
v -0.001974539133 0.000520012225 -0.01588050276
v -0.001974320738 -0.0001799875463 -0.01588050649
v -0.001973796869 0.0006261829985 -0.005801513791
v -0.001973302104 -0.0005680314498 -0.005817741621
v -0.001972089754 0.0004614888458 -0.005841690581
v -0.00197157939 -0.0004637801321 -0.005841690581
v -0.001971179852 -0.00531003112 -0.006950642914
v -0.00197092304 0.002070581308 0.0006072940887
v -0.001969086705 0.000208562109 -0.00587910926
v -0.001968511846 -0.002072874224 0.0006073075347
v -0.001968321623 -0.0001011450149 -0.005886520725
v -0.00196810253 -0.0002924167784 -0.005870340392
v -0.001967445482 0.0001704859169 -0.005882364232
v -0.00195331662 -0.003779981053 -0.02618886717
v -0.001951119164 0.0004993089242 -0.01424999721
v -0.001951119048 0.0004993089242 -0.0157499928
v -0.001950898906 -0.0002006908326 -0.01425000094
v -0.00195089879 -0.0002006908471 -0.01574999839
v -0.001947432524 0.005690010265 -0.01575359143
v -0.001944966963 -0.005198586266 -0.006116121542
v -0.00194386323 0.004986246116 -0.006203737576
v -0.001943806419 0.00533401221 -0.01425243169
v -0.001936457353 -0.003812418086 -0.02617523447
v -0.001931930077 0.005265761167 -0.01332786493
v -0.001930527971 -0.003850684734 -0.02617044188
v -0.001924146432 0.006820626557 -0.02585010603
v -0.001921815914 0.0006493179826 -0.01449621283
v -0.00191522704 -0.004301114939 -0.01297446061
v -0.001915226458 -0.004301114939 -0.01040006988
v -0.001904097269 -0.005236386321 -0.001279306714
v -0.001903914032 0.00483520329 -0.007246131077
v -0.001888777828 0.005077035166 -0.008932633325
v -0.001884394558 -0.005273849703 -0.006686656736
v -0.001883762656 0.005696143955 -0.01558679994
v -0.001868228661 0.001393717597 0.0006543723866
v -0.001866606297 -0.001395890606 0.0006543650525
v -0.001866263454 -0.0001010896012 -0.006860170979
v -0.001862283447 0.005070553161 -0.006908714306
v -0.00185688457 0.006835455075 -0.02594365925
v -0.001856816933 -0.001991764409 -0.009534888901
v -0.001852537272 0.005658317357 -0.0155490106
v -0.001852007001 -0.0004506601254 -0.007441971451
v -0.001851352514 0.001999340719 -0.01554963831
v -0.001850188943 0.0005993404193 -0.0150000006
v -0.001841712045 0.001024447265 -0.009535582736
v -0.001839852659 0.0006493440596 -0.01517124753
v -0.001837885822 0.00369934435 -0.009536365978
v -0.001837508986 0.002499344526 -0.009536353871
v -0.001832136069 -0.0004506536352 -0.00953550823
v -0.001830648747 -0.003250653157 -0.01730000414
v -0.001830571215 -0.003500653198 -0.01736699231
v -0.001830513123 -0.003683666 -0.01754999533
v -0.001830493216 -0.003750653239 -0.01780000702
v -0.001830492052 -0.003750653239 -0.01991875842
v -0.00183002546 -0.003500653198 -0.009536410682
v -0.001829649904 -0.004700653255 -0.009536413476
v -0.001820876496 -0.0005006670253 -0.009535445832
v -0.001816461212 0.005573866889 -0.01124216057
v -0.001809571171 0.005633044057 -0.01541820727
v -0.001806406421 -0.00534336362 -0.007231581956
v -0.001804196043 0.005408183672 -0.01460000593
v -0.001801049337 -0.0002006438153 -0.01538822893
v -0.001801048173 -0.0002006438008 -0.01461176947
v -0.001800887869 0.0005200671731 -0.01445035636
v -0.001800669474 -0.0001799330494 -0.01445036009
v -0.001798140118 -0.00385064329 -0.02632451616
v -0.001797576435 -0.005650643259 -0.02632450499
v -0.001795695978 0.00694914721 -0.02181823365
v -0.001792657888 -0.00375807425 -0.01991876401
v -0.001792608993 -0.0004006411473 -0.01600588299
v -0.001785855275 -0.003761152271 -0.01779999211
v -0.001783560961 -1.037610105e-06 0.0007031774148
v -0.001783283195 0.005208673887 -0.01050263364
v -0.001782370731 0.005439516157 -0.0146930404
v -0.001782192034 -0.003764035646 -0.01993170567
v -0.001777632162 -0.0004006364907 -0.01584999822
v -0.001777631463 -0.0004006364907 -0.01414999831
v -0.001775884186 0.006953151897 -0.02046138421
v -0.00176628714 0.006852303632 -0.02194048651
v -0.001763028791 0.005477400497 -0.01481255703
v -0.001762471627 0.006886336021 -0.01994373649
v -0.001761927968 0.001999368658 -0.01481316239
v -0.001761088381 -0.003781070467 -0.01993735135
v -0.001759771607 -0.003779920517 -0.01991875283
v -0.001755976933 -0.003701197915 -0.01754999533
v -0.001754971338 0.005254105665 -0.01197668631
v -0.001753164572 0.005549813621 -0.01506613754
v -0.001752162585 0.006957873702 -0.02176816389
v -0.001750599477 -0.003790469375 -0.01991876401
v -0.001750597497 -0.003790469375 -0.01779999584
v -0.001750156865 0.0004993722541 -0.01500000153
v -0.00174993847 -0.0002006279828 -0.01500000525
v -0.001748243929 0.007293397561 -0.02696117386
v -0.001746823546 -0.003800627077 -0.01994117163
v -0.001741857268 0.006858957931 -0.02608898841
v -0.001741798595 0.006857047789 -0.02191094682
v -0.001741179381 0.004899375141 -0.02608906291
v -0.001741179265 0.004899375141 -0.02191094123
v -0.001740652835 -0.003813841147 -0.01994283311
v -0.001737906015 -0.00381279178 -0.01991876774
v -0.001733868383 -0.003850623034 -0.01994463801
v -0.001732133678 -0.00383244059 -0.01991876401
v -0.001732131699 -0.003832440823 -0.01779999584
v -0.00172387925 -0.005422440823 -0.00786469318
v -0.001711464254 0.0005200951127 -0.01518683229
v -0.001711413846 -0.0004506158875 -0.007914576679
v -0.001711245859 -0.0001799051242 -0.01518683694
v -0.00170674012 -0.003963461611 -0.01984353177
v -0.001705144532 -0.00394908525 -0.01983095706
v -0.001701745437 -0.003826812143 -0.0176269412
v -0.001701671747 -0.008438727818 -0.02692561038
v -0.001699596993 0.007334522903 -0.00914850086
v -0.001697102445 -0.003750153817 -0.01754999906
v -0.001691061421 -0.007336495444 -0.009148498997
v -0.001688178396 -0.0001009801781 -0.007876387797
v -0.001685372903 -0.005419515073 -0.007867358625
v -0.001678267028 0.0007598482771 0.0006494949921
v -0.001675788895 0.005199320614 -0.007941820659
v -0.001674486441 -0.001991617726 -0.009511306882
v -0.001674344996 -0.003537399461 -0.01736698858
v -0.001673100865 0.007688606158 -0.01293578185
v -0.001672909479 -0.003500604304 -0.009511789307
v -0.001666891621 -0.004052793141 -0.01968523115
v -0.00166626682 -0.003820240498 -0.01755000465
v -0.001665523509 -0.00407842407 -0.01968985423
v -0.001664499636 0.006974634714 -0.02632448077
v -0.001664151321 -0.007690547965 -0.01293577161
v -0.001660969225 0.001024427707 -0.009506446309
v -0.001660804264 -0.004058574792 -0.01962623186
v -0.001657739165 0.007104785182 -0.007377027534
v -0.001650755643 -0.007316078525 -0.02687886357
v -0.001650546212 -0.007777550723 -0.02687892504
v -0.001649810933 0.005660949275 -0.01430280413
v -0.001649470301 -0.00710670976 -0.007377017755
v -0.001644713106 0.005623679608 -0.01283906307
v -0.001637316891 -0.004109270871 -0.01780000515
v -0.001625344274 0.006981772371 -0.02690355293
v -0.001612630673 -0.0005006116116 -0.009485784918
v -0.001612430206 0.004938554019 -0.008207275532
v -0.001609860337 -0.004095087294 -0.01762694865
v -0.001608780236 0.002357413759 -0.008219262585
v -0.001607800601 -0.0004005834053 -0.01456000376
v -0.001607800019 -0.0004005834053 -0.01543998811
v -0.001605018624 -0.000100933612 -0.008229418658
v -0.001604820136 -0.0002650852548 -0.00822988525
v -0.001604538993 -0.0004505823599 -0.008230582811
v -0.001604461577 -0.000500582275 -0.008230724372
v -0.001600765623 -0.002987082349 -0.008237120695
v -0.001597005874 -0.005460777786 -0.00824139826
v -0.001596130664 0.003699420718 -0.009478269145
v -0.001595755108 0.002499419963 -0.009478271939
v -0.00159499282 -0.0004505795659 -0.009476782754
v -0.001594230533 -0.0004005792143 -0.01437209081
v -0.001590620843 0.006987922825 -0.02639937773
v -0.001588794752 -0.003500577761 -0.009475545026
v -0.001588419196 -0.004700577818 -0.00947554782
v -0.001588136074 -0.003805768909 -0.01744645089
v -0.001571380533 0.006828888319 -0.005773911718
v -0.001570923487 -0.004217437003 -0.01925745048
v -0.001566317864 -0.005267750937 -0.001363320975
v -0.001564839738 0.005435021594 -0.00961525552
v -0.001563434722 -0.006830711849 -0.005773918703
v -0.001562832971 -0.003313646885 -0.01729999483
v -0.001558419783 -0.004245424177 -0.01927167736
v -0.001556754811 -0.004276302643 -0.01928414777
v -0.001555783907 0.006924791262 -0.01994374953
v -0.001551026013 0.007962799631 -0.01659711637
v -0.001550944173 -0.003640009556 -0.01736698672
v -0.001549874898 -0.0004005652445 -0.01499999315
v -0.00154517137 -0.004255200271 -0.01780000329
v -0.001541758422 -0.007964598946 -0.01659710519
v -0.001531124115 -0.004271291196 -0.01909413375
v -0.001513788709 -0.000500580878 -0.009422709234
v -0.001512977527 -0.001991503639 -0.009422839619
v -0.001507204492 -0.004042058252 -0.01744643971
v -0.001502614934 0.001024424913 -0.009413559921
v -0.001501468825 0.006901203655 -0.02634586394
v -0.001492075156 -0.0004005470837 -0.01521343086
v -0.001486314111 -0.003786909161 -0.01736698672
v -0.001485300134 -0.003709962359 -0.01385340653
v -0.00148487254 -0.004369147122 -0.01901598647
v -0.001480668783 -0.00045054371 -0.008679826744
v -0.00148065004 -0.0005005436251 -0.008679782972
v -0.001474692603 0.004887029529 -0.0008837934583
v -0.001469003852 -0.004888741765 -0.0008837825735
v -0.001458880957 0.008471480571 -0.02668771707
v -0.001455865335 0.005820172839 -0.01558681112
v -0.001455687801 0.006507961079 -0.004372035153
v -0.001448113704 -0.006509650033 -0.00437203981
v -0.0014422104 -0.0005005552666 -0.009351368994
v -0.001441464061 -0.003800531616 -0.02704216167
v -0.001440672902 -0.007812905125 -0.02704220079
v -0.00144007057 -0.007812997326 -0.02667990886
v -0.001433370751 -0.004379315302 -0.01780000329
v -0.00143036549 -0.003628075123 -0.01393793896
v -0.001429857686 0.005302863196 -0.008849319071
v -0.001426931703 -0.004384402186 -0.01866653375
v -0.001424080227 -0.0004505260149 -0.009327720851
v -0.001422788715 0.006912550889 -0.02158113383
v -0.001422323054 0.001024431433 -0.00932548102
v -0.001421367633 -0.004392930772 -0.01870588213
v -0.001418749569 -0.003648594022 -0.01395570859
v -0.001412246842 0.003699477529 -0.009310925379
v -0.001412244397 -0.003750522388 -0.02700161003
v -0.001412217389 -0.004356786143 -0.01762694865
v -0.001412065467 -0.004411530215 -0.01871308312
v -0.001411869889 0.002499477705 -0.009310914204
v -0.001410868485 -0.003750521922 -0.02681568079
v -0.001406764612 -0.00350052095 -0.009305945598
v -0.001406389056 -0.004700520542 -0.009305948392
v -0.001397972228 -0.001991438447 -0.009288839996
v -0.001387560274 -0.003758126637 -0.02678533643
v -0.001385409269 0.004478903487 -0.0005100240815
v -0.001384576317 0.008204302751 -0.01995640993
v -0.001380197005 -0.004480512347 -0.0005100313574
v -0.001375029096 -0.008205909282 -0.01995640807
v -0.001367796678 -0.003779797815 -0.02675960213
v -0.001354583655 -0.003812236013 -0.02674240433
v -0.00135141029 0.005023210309 -0.009088511579
v -0.00135135348 -0.003587910905 -0.01405766606
v -0.001351290499 -0.00348954997 -0.01730000041
v -0.001350780949 0.007025834173 -0.02138723619
v -0.00134993426 -0.003850502893 -0.02673636377
v -0.001347072772 -0.0004505018005 -0.009163935669
v -0.001347048674 0.001024452853 -0.009164087474
v -0.001346842386 -0.003959218971 -0.01733090356
v -0.001345991623 -0.0005005063722 -0.009159826674
v -0.001345499302 0.005294723436 -0.00143233093
v -0.001338323695 0.003699500812 -0.009126422927
v -0.001338220434 0.001216750476 -0.009124771692
v -0.001338165952 0.003099524183 -0.00912658684
v -0.001338097034 -0.0001007785468 -0.009123511612
v -0.001338017755 -0.0004504990065 -0.009123204276
v -0.001337984228 -0.0005004989216 -0.009123162366
v -0.001337932888 0.002499500988 -0.009126338176
v -0.001337029156 -0.00199807738 -0.009122333489
v -0.001335547888 0.006147581153 -0.003188951174
v -0.001335331122 -0.003500498598 -0.009122287855
v -0.00133462972 -0.00470049819 -0.00912040472
v -0.001333126333 -0.004272555932 -0.01744644344
v -0.00133033318 0.000366303022 0.0005733428407
v -0.00132922316 -0.003569306806 -0.01409177668
v -0.001328393933 -0.006149131339 -0.003188948845
v -0.001313814893 0.005513533019 -0.01459999476
v -0.001297708834 0.005598226562 -0.01132118609
v -0.00129711628 0.004046158865 -0.0002281004563
v -0.001292405766 -0.004047665745 -0.0002280937333
v -0.001292354893 -0.003545606742 -0.01414729562
v -0.001274139388 0.007036278024 -0.02667169087
v -0.001268258435 -0.004504845478 -0.01801530458
v -0.001248962129 -0.00452055363 -0.01802303642
v -0.001241059857 -0.003427963937 -0.01422406081
v -0.001240496058 -0.003741377732 -0.01730000041
v -0.001235026168 -0.003520402825 -0.01423299499
v -0.001234507537 -0.004540980794 -0.01803022437
v -0.00122809154 0.00575259421 -0.002235620283
v -0.001225884887 -0.004564765841 -0.01803640835
v -0.00122360664 -0.004590268247 -0.01804118417
v -0.001223273808 -0.005650463048 -0.01804118417
v -0.001221396145 -0.005754019134 -0.002235622844
v -0.001210461487 -0.000100704041 -0.009475647472
v -0.00120957382 -0.004140974954 -0.0173309017
v -0.001203329419 0.008407386951 -0.02359560877
v -0.001202612068 0.003593479982 -2.504072836e-05
v -0.001198428799 -0.003594877431 -2.503276119e-05
v -0.001193547156 -0.008408782072 -0.02359561063
v -0.00119308685 -0.003879792755 -0.01730000414
v -0.001193042612 -0.004546249751 -0.0177999977
v -0.001179313404 -0.004518561997 -0.01762693748
v -0.00117884425 -0.004553397652 -0.01778363436
v -0.001172229182 -0.007849267684 -0.02721936628
v -0.001162592438 0.007050042041 -0.02722691
v -0.00116126088 0.002799556358 -0.02722690813
v -0.001138431835 -0.001160272979 0.0004619587271
v -0.001135774422 0.002749564825 -0.02718388848
v -0.001135030063 0.005179716274 -0.01059053559
v -0.001130175311 -0.00532797398 -0.001508279238
v -0.001129972516 -0.004578663968 -0.01772744954
v -0.00112799101 -0.00441504363 -0.01744643971
v -0.001110821613 -0.003500428284 -0.01441610418
v -0.001104689436 0.006955884397 -0.02667033114
v -0.001102340175 0.005392566323 -0.0133982012
v -0.001102181152 0.005381252617 -0.00974748563
v -0.001096795197 -0.004532586783 -0.01755953021
v -0.001094768988 0.003119998379 0.000112816444
v -0.001091138227 -0.0031212701 0.0001128129225
v -0.001091113081 -0.004014815204 -0.01729999669
v -0.001076828688 0.007059473544 -0.02119052596
v -0.001068014419 -0.0001006216189 -0.009834075347
v -0.001066081808 -0.004300620873 -0.009834319353
v -0.001063929987 -0.004300619941 -0.00983329583
v -0.001060686656 0.003699588357 -0.009852367453
v -0.001057280693 0.007425103337 -0.02628681064
v -0.001047819154 -0.004253331572 -0.01733090356
v -0.001047696453 0.005684748292 -0.01292315591
v -0.001047406462 -0.004619132727 -0.01763870195
v -0.001043269178 -0.00462099351 -0.01763456129
v -0.001041434123 -0.004629295319 -0.01764598489
v -0.001037231181 -0.005650404841 -0.01767406985
v -0.001033548266 -0.004688869696 -0.01766924746
v -0.001033398905 -0.004657430574 -0.01766046509
v -0.001031764201 -0.004442567006 -0.01742169634
v -0.001016544295 0.005290957168 -0.01207520068
v -0.001015874324 -0.004632866941 -0.01760798506
v -0.001009215368 0.006965813227 -0.02126589231
v -0.001003668294 0.00507960096 -0.009986773133
v -0.0009990254184 -0.008519702591 -0.02623368986
v -0.0009939118754 -0.004567613825 -0.017499201
v -0.0009934933623 -0.003268390195 -0.01458591223
v -0.0009934759 0.005352124572 -0.001568553504
v -0.0009872482624 -0.005353277083 -0.00156855979
v -0.0009806946618 0.007068861276 -0.02732789144
v -0.000975312083 0.00706935022 -0.02046137676
v -0.0009724326665 0.005776610225 -0.01436110958
v -0.0009709490114 -0.004098282196 -0.01729999296
v -0.0009691765881 0.007001478225 -0.01994374953
v -0.0009665744146 0.002621898195 0.0001970633457
v -0.0009635227616 -0.002623021835 0.0001970656158
v -0.000951627444 -5.537883112e-07 0.000469144521
v -0.0009347022278 -0.004700372927 -0.01013214141
v -0.0009341710247 -0.004300549161 -0.01014241856
v -0.0009198274929 -0.004300535657 -0.01016884856
v -0.0009191772551 -0.004486979917 -0.01739214733
v -0.0009177229949 0.007074333727 -0.02109426633
v -0.0009136555018 -0.004669727292 -0.01752067171
v -0.000900862331 0.002749638399 -0.02400000207
v -0.0008961401763 -0.003850360867 -0.027031295
v -0.0008955759113 -0.005650360603 -0.02703130059
v -0.0008886678843 -0.00467683468 -0.01750214025
v -0.000883906614 -0.004697015509 -0.01751202531
v -0.0008835498593 -0.004732301459 -0.01752034388
v -0.0008773727459 0.006978400983 -0.02681447566
v -0.0008773304289 0.006977968849 -0.02118549868
v -0.0008765347884 0.004899646156 -0.0268145781
v -0.000876534381 0.004899646156 -0.02118541859
v -0.0008599841385 0.005044352263 -0.001203932101
v -0.0008588051423 0.007450668141 -0.02607328072
v -0.0008559122216 -0.004614278674 -0.01742863096
v -0.0008541122079 -0.00504534971 -0.001203922206
v -0.0008498738171 -0.008531115018 -0.02607258223
v -0.0008467227453 0.007079863921 -0.02694435976
v -0.0008446395514 0.002749656094 -0.02357294597
v -0.0008446392021 0.002749656094 -0.02442705259
v -0.0008258722955 -0.007881706581 -0.02604561858
v -0.0008257858572 -0.004386125598 -0.01732383855
v -0.0008093271172 0.00210132706 0.0002366913832
v -0.00080922083 0.003779615974 -0.0002582957968
v -0.0008085280424 0.008533629589 -0.0260149464
v -0.0008068818715 -0.00210226723 0.0002366868721
v -0.0008048227755 -0.003780555446 -0.000258291635
v -0.0007982508396 -0.004300474189 -0.01044183504
v -0.0007962019299 -0.004300463945 -0.0104407277
v -0.0007838944439 -0.004545223899 -0.01735861599
v -0.0007744698087 0.005548282526 -0.0113859456
v -0.0007534330362 -0.005050315987 -0.02045000531
v -0.0007534319302 -0.005050315987 -0.0207500048
v -0.0007532450836 -0.005650315899 -0.0207500048
v -0.0007532443269 -0.005650315899 -0.02045000531
v -0.0007509707357 0.003099685302 -0.02399999648
v -0.0007509076386 0.00289968471 -0.02400000207
v -0.0007482315414 -0.005650314502 -0.02399999835
v -0.0007476636092 -0.007462901995 -0.02400000207
v -0.0007474499871 -0.004700314254 -0.01054151729
v -0.0007433930878 0.001470534015 0.0003000441939
v -0.0007383639459 -0.007463684306 -0.02383322641
v -0.0007330822991 -0.007464393973 -0.02420864254
v -0.0007254037191 0.004716956057 -0.0009173973231
v -0.0007226990419 -0.004274802748 -0.01729999296
v -0.0007199142128 -0.004717796575 -0.0009173988947
v -0.0007180405664 -0.005409747828 -0.001705554547
v -0.0007154318155 -0.004858962726 -0.02074999362
v -0.000715431117 -0.004858962726 -0.02044999413
v -0.0007082690136 -0.004707156681 -0.01739634387
v -0.000703886617 -0.004750300664 -0.01740508899
v -0.0006997966557 0.002899700543 -0.02438822389
v -0.0006997955497 0.002899700543 -0.02361176535
v -0.0006940392777 -0.003750297474 -0.02724250592
v -0.0006798038958 0.002749707317 -0.02482499927
v -0.0006798027898 0.002749707317 -0.02317500301
v -0.0006784574362 -0.003757904749 -0.02720754966
v -0.0006666637491 0.006992660463 -0.02692605369
v -0.0006658523926 0.005429536104 -0.01071662083
v -0.000665245112 -0.00377957779 -0.02717792243
v -0.0006637576153 -0.004300387111 -0.01071909256
v -0.0006624702946 -0.004658044316 -0.01735508814
v -0.0006603766815 -0.00475028716 -0.01738469489
v -0.0006600939087 -0.005650287028 -0.0173846893
v -0.0006592924474 -0.004300388973 -0.01073325891
v -0.0006564101204 -0.003812017385 -0.0271581281
v -0.0006551878178 -0.007891752757 -0.02747618407
v -0.0006547313533 -0.007471173536 -0.02348023281
v -0.0006533000851 -0.003850284731 -0.02715117484
v -0.0006390790804 -0.007472723257 -0.02456031926
v -0.0006352756172 0.007473046891 -0.02118676715
v -0.0006293864571 0.007473545149 -0.02581255883
v -0.0006173875299 -0.003142613685 -0.01510797627
v -0.0006150265108 -0.003500272753 -0.01511099469
v -0.0006128395326 -0.004604820628 -0.0173248928
v -0.0006070968811 -0.00469671702 -0.02075000294
v -0.0006070961826 -0.00469671702 -0.02045000345
v -0.0006033690297 0.001584677841 0.0002373999014
v -0.000601523323 -0.001585379359 0.0002374029573
v -0.000600661675 0.006995775737 -0.0269570481
v -0.0005940545816 0.004899734631 -0.02399999462
v -0.0005834840122 0.004367678426 -0.0006984121865
v -0.0005783998058 -0.004368354101 -0.0006984082283
v -0.0005611075903 0.007095275447 -0.02751416713
v -0.0005606171326 -0.004548818804 -0.01730632037
v -0.0005522658466 0.006997163408 -0.02102135308
v -0.0005500086118 0.003099747701 -0.02325000428
v -0.0005500084371 0.003099747701 -0.02475000173
v -0.0005499472027 0.00289974804 -0.02475000732
v -0.0005499460967 0.00289974804 -0.02324999496
v -0.0005472694174 -0.005650251638 -0.02325000614
v -0.000547269301 -0.005650251638 -0.02475000173
v -0.0005466964212 -0.007480284199 -0.02324999496
v -0.0005466919974 -0.007479839958 -0.02475000732
v -0.0005262574414 0.005595553666 -0.01459999941
v -0.0005224919296 -0.004300304689 -0.01100391336
v -0.0005192827666 -0.0018440407 -0.0110168783
v -0.0005190070369 0.003699757857 -0.01101842802
v -0.000518288929 -0.00430030236 -0.01101669576
v -0.0005170423537 0.002911252668 -5.498449536e-05
v -0.0005136540858 -0.00291185244 -5.49817596e-05
v -0.0005103016156 0.005458851345 -0.001839968609
v -0.0005082203425 0.005978437141 -0.01558869146
v -0.0005070432671 -0.004491366912 -0.01729999855
v -0.0005039502284 -0.005459441338 -0.001839970821
v -0.0004964808468 -0.007483751513 -0.02316906862
v -0.000495004293 -0.004728240892 -0.01732652634
v -0.0004633234348 -0.007485505193 -0.024878731
v -0.0004602980334 0.005106396042 -0.011131607
v -0.0004587689473 0.007485955954 -0.02560754307
v -0.000446831109 0.005665280856 -0.01299971808
v -0.0004449189291 -0.004588279873 -0.02074999548
v -0.0004449182015 -0.004588279873 -0.02044999599
v -0.0004385321809 -0.004674308933 -0.01730684564
v -0.0004318808496 0.003999729641 -0.0005372794694
v -0.00042722543 -0.004000229295 -0.0005372828455
v -0.0004243137082 0.005779753439 -0.002386505948
v -0.0004220713163 -0.005759992171 -0.002347646747
v -0.0004175882204 0.002749789273 -0.02283328027
v -0.000417586707 0.002749789273 -0.02516672574
v -0.000414191396 0.004899790511 -0.02467125282
v -0.0004141909012 0.004899790511 -0.02332873456
v -0.0004071003059 -0.0085536642 -0.02555386163
v -0.0003985218063 0.007099177688 -0.02085391618
v -0.0003938728478 0.005935141817 -0.002709735883
v -0.0003898663854 -0.004700202029 -0.01125904825
v -0.0003869670036 -0.005935596302 -0.002709726803
v -0.0003797766694 -0.004618233535 -0.01730000414
v -0.0003724042617 -0.00430021761 -0.01129520405
v -0.0003707592259 0.006079497747 -0.003046639729
v -0.000368015084 0.00709951669 -0.02715650946
v -0.000364312873 0.006125457585 -0.00316040637
v -0.000363686413 -0.006079924759 -0.003046645084
v -0.0003571849375 -0.006125877146 -0.003160401713
v -0.0003374894732 -0.003800185863 -0.02758849226
v -0.0003360913252 -0.007900086232 -0.02758794092
v -0.0003300915705 0.006435247138 -0.004005315714
v -0.0003229905269 -0.003750181291 -0.02754065394
v -0.0003226029221 -0.006435627583 -0.00400531292
v -0.000319873885 0.006553609855 -0.004373595119
v -0.000316215679 -0.00650721509 -0.004224603996
v -0.0003122466442 -0.006553977262 -0.004373589531
v -0.0003115680302 0.002899822546 -0.02293933555
v -0.0003115675645 0.002899822546 -0.02506066114
v -0.0003025422047 0.005439111963 -0.01142992638
v -0.0003019305586 0.006782319397 -0.005176529288
v -0.000298948813 0.007099825889 -0.02718026191
v -0.0002949902264 0.006870163605 -0.005523475818
v -0.0002940372215 -0.006782666314 -0.005176516715
v -0.0002908683964 -0.00749427313 -0.02292217873
v -0.0002869961027 -0.00687050214 -0.00552348746
v -0.0002866115537 0.005803295411 -0.01441696752
v -0.0002790395229 0.00520797912 -0.01216147281
v -0.0002737693721 0.007098729722 -0.006562780123
v -0.0002655091812 -0.007099043112 -0.00656278478
v -0.000264049042 0.005387277342 -0.01346452627
v -0.0002576300758 -0.004750160966 -0.01729999669
v -0.0002573485835 -0.005650160834 -0.017300006
v -0.0002545822063 -0.007187824696 -0.007037807256
v -0.0002535894746 -0.004550159443 -0.02044999786
v -0.0002535883395 -0.004550159443 -0.02074999735
v -0.0002382661187 0.007343036123 -0.007997763343
v -0.0002297212777 -0.007343308069 -0.007997763343
v -0.0002295317972 -0.007899844088 -0.02532573044
v -0.0002285800583 0.008557942696 -0.02531100437
v -0.0002274567814 -0.007355207112 -0.008078780025
v -0.0002168259671 0.007445594296 -0.008735830896
v -0.0002094803931 -0.007497130428 -0.02515103854
v -0.0002081623825 -0.007445842028 -0.00873584114
v -0.000177832917 -0.005112411454 -0.001538811368
v -0.0001753101387 -0.007567715831 -0.009743285365
v -0.0001680939604 0.007030509412 -0.01994374208
v -0.0001668844488 0.007098646834 -0.02046138234
v -0.0001655165252 -0.003100096947 -0.01568923146
v -0.0001408999524 0.005060534924 -0.001505155931
v -0.0001401914924 -0.007498689461 -0.02520556375
v -0.0001400703186 -0.007748461328 -0.02520558983
v -0.00013393884 -0.005059382878 -0.001504343934
v -0.0001275628601 0.006999198347 -0.0271298904
v -0.0001237852557 0.007097758353 -0.02764730714
v -0.0001224388689 0.002799881389 -0.02764730528
v -0.0001120390225 -0.007897821255 -0.02764805034
v -0.0001108026627 0.0027498852 -0.0275986772
v -0.0001090987571 -0.007741784211 -0.01147480682
v -0.0001014161026 0.007776222192 -0.01186409034
v -9.23682237e-05 -0.007776334882 -0.01186408848
v -8.811994485e-05 0.003210291034 -0.0003515843127
v -8.575413813e-05 0.0007886643289 0.0001461632346
v -8.483656711e-05 -0.0007887642132 0.0001461577485
v -8.438582154e-05 -0.003210391151 -0.0003515819262
v -7.586226275e-05 0.002749896375 -0.02257106081
v -7.58604001e-05 0.002749896375 -0.02542893775
v -7.574960182e-05 0.00699698925 -0.02085608244
v -7.299320714e-05 0.004248649813 -0.0008691110997
v -6.804945588e-05 -0.00424873177 -0.0008691098192
v -3.24222583e-06 0.005434802733 -0.01197645813
v -1.203047873e-06 0.00206725928 -7.838050078e-05
v -9.709588085e-07 0.003099919995 -0.02270095795
v -9.709008282e-07 0.003099919995 -0.02529904246
v -9.083687473e-07 0.002899919404 -0.02529903315
v -9.078698326e-07 0.002899919404 -0.02270096354
v 1.201381338e-06 -0.002067260211 -7.838143938e-05
v 1.76821311e-06 -0.005650079809 -0.02270095795
v 1.76827109e-06 -0.005650079809 -0.02529904246
v 2.345476787e-06 -0.007499563973 -0.02270096354
v 2.576548923e-06 -0.007743974682 -0.02529884316
v 2.967106184e-06 0.00699379947 -0.0208365079
v 7.694026863e-06 -0.004879990593 -0.001404684153
v 1.484070617e-05 -0.007499556523 -0.02269382961
v 4.677190736e-05 -0.003099973546 -0.01594441198
v 4.908415212e-05 0.008002785034 -0.01475875173
v 5.499157123e-05 0.005589323118 -0.01459999476
v 5.839495861e-05 -0.008002722636 -0.01475875918
v 6.505905185e-05 -0.007741138339 -0.02533317916
v 7.613855269e-05 0.007499613799 -0.02488584071
v 7.720489521e-05 0.004899944179 -0.02516265772
v 7.720568101e-05 0.004899944179 -0.02283735014
v 8.709165559e-05 0.002249947516 -0.01730000041
v 8.864286065e-05 0.007089756429 -0.0207150802
v 8.889284072e-05 -0.003500052495 -0.01729999296
v 9.428715566e-05 0.005480716936 -0.002157591516
v 9.616780153e-05 0.002328934846 -0.01730634272
v 0.0001006658131 -0.005480603781 -0.002157581039
v 0.0001026070677 -0.003750048112 -0.0274902489
v 0.000109600609 -0.003757657949 -0.0274526272
v 0.0001122197864 0.002381266793 -0.01731760427
v 0.0001155341306 -0.003779333318 -0.02742073312
v 0.0001179820028 -0.007888594642 -0.02552364953
v 0.0001195040386 -0.003811774543 -0.02739942074
v 0.0001209073089 -0.003850042354 -0.02739192918
v 0.0001221614511 -0.008558705449 -0.02482924238
v 0.0001263155718 0.005110408179 -0.01220339909
v 0.000139677737 0.007018667646 -0.01994374394
v 0.000148116349 0.008558350615 -0.02477482148
v 0.0001493046584 0.005566341802 -0.0130666513
v 0.0001580912649 -0.007498333696 -0.02477522939
v 0.0001818851597 0.004637123086 -0.001300364034
v 0.0001820224425 0.002499978757 -0.01736698486
v 0.000184108605 0.004899977706 -0.02079937421
v 0.0001841096382 0.004899977706 -0.02720062621
v 0.0001859776385 0.006983752362 -0.02720107324
v 0.0001865115482 0.006983054802 -0.02079883777
v 0.0001876057504 -0.003850021632 -0.02740365826
v 0.0001881694625 -0.005650021601 -0.02740364894
v 0.0001946603879 0.007083504461 -0.02730428055
v 0.0002333230077 0.002386070555 -0.01730413176
v 0.0002512519713 0.005111545324 -0.01241774391
v 0.0002641032916 -0.003099846886 -0.01619354077
v 0.0002642289037 -0.003499997547 -0.01619353704
v 0.0002648154041 0.004520114511 -0.00125936477
v 0.0002700740588 -0.00451980345 -0.001259376062
v 0.0002798270143 0.002250008052 -0.0172600504
v 0.0002816281922 -0.003499991959 -0.01726004481
v 0.0002818489447 -0.004699992016 -0.01246539969
v 0.0002914482029 0.008555202745 -0.02454843558
v 0.0003026335617 0.002500015078 -0.01735176519
v 0.0003186905524 0.002312785713 -0.01724856719
v 0.0003209930728 -0.007493047975 -0.02256336063
v 0.0003220868239 0.002750021173 -0.02240621671
v 0.0003220873768 0.002750021173 -0.02559378371
v 0.0003228478017 0.005869433284 -0.002935349243
v 0.0003235569457 0.003521143226 -0.0007005094667
v 0.0003265375271 0.007332306355 -0.007951071486
v 0.0003276554926 -0.003520764178 -0.0007005090592
v 0.0003290759923 0.007523389533 -0.02448869497
v 0.0003290926688 0.007492776029 -0.02448869497
v 0.0003296762588 -0.00586905377 -0.002935348311
v 0.0003332371416 0.007670564577 -0.02447921596
v 0.0003378113906 -0.007492388599 -0.02448869497
v 0.0003378299298 -0.007523001637 -0.02448869683
v 0.0003384454758 0.002376249759 -0.01725958474
v 0.0003420469584 -0.007660043892 -0.02447872981
v 0.0003451720986 0.002338492079 -0.0003022868477
v 0.0003478927247 -0.002338089747 -0.0003022855381
v 0.0003590647248 -0.004299791995 -0.01259713061
v 0.0003608621482 0.002900033025 -0.02255111374
v 0.0003608627885 0.002900033025 -0.02544888295
v 0.0003620692005 0.006969260983 -0.02722702548
v 0.0003667547426 0.005562677979 -0.01460000221
v 0.0003707164142 0.002440243727 -0.01727898233
v 0.0003784378059 0.007938759401 -0.02440265194
v 0.0003804083099 -0.003099779366 -0.01635057479
v 0.000380616344 -0.007718656212 -0.02545393072
v 0.0003813737712 -0.00349996076 -0.01635172032
v 0.0003902310855 -0.007937726565 -0.02439618856
v 0.0003925212659 0.008316806518 -0.01924913377
v 0.000392676011 0.002500043018 -0.01731651835
v 0.0003969463287 0.005742681213 -0.01446920261
v 0.0004037411127 0.004318524152 -0.001200543018
v 0.0004094344331 0.002250048099 -0.01718098298
v 0.0004325316113 0.002375818556 -0.01719414815
v 0.0004349356459 0.006962087005 -0.02723491006
v 0.0004372648255 -0.007863860577 -0.0277362708
v 0.0004697061377 0.008181179874 -0.02424288169
v 0.0004741747689 0.002250068588 -0.01711601578
v 0.0004759746662 -0.003499930957 -0.01711602323
v 0.000477233174 -0.00785991177 -0.02562741563
v 0.0004814528511 -0.008183090016 -0.02423810586
v 0.0004879389016 0.002250073245 -0.0170988664
v 0.0004901154316 -0.00309971557 -0.01709786057
v 0.0004951778683 -0.003099712776 -0.01650874503
v 0.0004953034804 -0.003499924904 -0.0165087413
v 0.0004961366649 0.006954896264 -0.02075976692
v 0.0004999004886 0.005417120643 -0.01283332985
v 0.0005025341525 0.002374499803 -0.01711557992
v 0.0005048608873 0.002383848419 -0.01711822115
v 0.0005075045046 0.006263599731 -0.003890662687
v 0.0005087744212 0.008399524726 -0.02068599127
v 0.0005097183748 0.007728774101 -0.01129437331
v 0.0005147914635 -0.006263005547 -0.003890657099
v 0.0005185474292 -0.008398926817 -0.020685995
v 0.0005272945855 -0.003099693684 -0.01713997312
v 0.0005345717072 0.002500088653 -0.01718869992
v 0.0005483662244 0.002500091447 -0.01716733538
v 0.0005616770359 0.002500096103 -0.01718223281
v 0.0005634519621 0.005252997391 -0.01352467295
v 0.0005649359082 -0.003099671798 -0.01718223281
v 0.0005712384591 -0.003499901155 -0.01693024673
v 0.0005738983746 -0.003099666676 -0.01668008231
v 0.0005783031229 -0.003099664347 -0.01689997688
v 0.0005799611681 -0.003499898361 -0.01670729741
v 0.0005840116064 0.007047560066 -0.0206517987
v 0.0005880601821 -0.004048428498 -0.001141728833
v 0.0005921968259 -0.008542011492 -0.02403736301
v 0.000594173267 0.004032577388 -0.001138748601
v 0.0005951017956 -0.008363781497 -0.02402942069
v 0.0005959623377 0.008379689418 -0.02400845103
v 0.000596060825 3.4680005e-07 -8.768967382e-05
v 0.0006119045429 0.005051152781 -0.001978685381
v 0.0006177839241 -0.005050437991 -0.001978676068
v 0.0006230375147 0.002556756837 -0.0005080683623
v 0.0006260118098 -0.002556030406 -0.0005080742994
v 0.0006314541097 0.006973091513 -0.01994374953
v 0.000639994978 0.007040702738 -0.02774845809
v 0.0006399950944 0.007040702738 -0.02046138793
v 0.0006560821203 -0.007471215911 -0.02250309289
v 0.0006612108555 0.008498138748 -0.02281223238
v 0.0006631614524 0.006640855223 -0.005028036889
v 0.0006650276482 0.005963031203 -0.01558869518
v 0.0006708870642 -0.006640078966 -0.005028039683
v 0.000671098358 -0.008497364819 -0.02281222865
v 0.0006776367663 0.007035851479 -0.02064845711
v 0.0006967224181 0.00703331735 -0.02735130303
v 0.0007195065846 0.003838864854 -0.001108235097
v 0.0007195850485 0.008533583023 -0.02376430482
v 0.00072067976 0.00848899316 -0.02375871688
v 0.0007270976785 -0.00848260615 -0.02376569621
v 0.0007295152755 -0.008532739244 -0.02376430668
v 0.0007484651287 0.004900154658 -0.02265748009
v 0.0007484659436 0.004900154658 -0.0253425166
v 0.0007490287535 0.003100154689 -0.02250000648
v 0.0007490290445 0.003100154689 -0.02549999952
v 0.0007490912685 0.002900154097 -0.02249999717
v 0.0007490921416 0.002900154097 -0.02550000511
v 0.0007491385331 0.002750154352 -0.02564999275
v 0.0007491389406 0.002750154352 -0.02235000208
v 0.0007517678896 -0.005649845116 -0.02250000648
v 0.0007517681806 -0.005649845116 -0.02549999952
v 0.0007524024113 -0.007674660999 -0.0254999958
v 0.0007525370456 -0.007462150417 -0.02249999903
v 0.0007718690322 -0.007460175548 -0.0244886931
v 0.0007910553832 0.008527786471 -0.02360830829
v 0.0008009781595 -0.008526860736 -0.02360830829
v 0.0008018492954 0.006978463382 -0.006343767047
v 0.0008099703118 -0.00697752554 -0.006343759596
v 0.0008102777065 0.001550045679 -0.0003433522652
v 0.0008120794664 -0.001549102017 -0.000343360327
v 0.0008512549102 0.005134108476 -0.01339255273
v 0.0008617772255 0.008521570824 -0.02345242351
v 0.0008689893875 -0.007808749564 -0.02564718202
v 0.0008716925513 -0.00852056127 -0.02345242351
v 0.000872054894 -0.007655791007 -0.02549592406
v 0.000882158638 -0.003749804106 -0.02769768052
v 0.000883946137 -0.003799803555 -0.02774764784
v 0.0008858671645 -0.007805848494 -0.02774723247
v 0.0008953018696 0.005932826549 -0.01558869332
v 0.0009134312277 0.007001034915 -0.02734743617
v 0.0009187321994 0.006107661873 -0.003831761423
v 0.0009258378414 -0.006106588524 -0.003831754904
v 0.0009299232042 -0.003849789267 -0.02744537219
v 0.0009303051629 -0.003811520757 -0.02745297551
v 0.0009314205963 -0.003779077902 -0.027474612
v 0.0009330930188 -0.003757400205 -0.02750702389
v 0.000934376556 0.007257866673 -0.007827132009
v 0.000935073127 -0.003749787575 -0.02754523419
v 0.0009395330562 0.00689385552 -0.02724433877
v 0.000942821207 -0.007256774232 -0.007827123627
v 0.0009873696836 0.005482375622 -0.002803190844
v 0.0009909664514 0.00275023072 -0.02769209258
v 0.0009929083753 0.00698756706 -0.02774198353
v 0.0009937470313 -0.00548122311 -0.002803195268
v 0.0009942194447 0.002800231567 -0.02774197794
v 0.0009946780046 -0.007787604816 -0.02774167433
v 0.000996165094 0.006883732975 -0.02075950615
v 0.001026625861 -0.00742927799 -0.02252529562
v 0.001048524282 -0.003317966359 -0.001058251131
v 0.001067543635 0.005596489646 -0.01451657899
v 0.001070626546 0.006870391779 -0.02076606639
v 0.001074721338 -0.007481274661 -0.009433852509
v 0.001078137895 -0.004699742422 -0.01373151876
v 0.001119126333 0.007416034117 -0.0244886931
v 0.001119127264 0.007416033186 -0.02118677273
v 0.001124559669 0.004491459578 -0.001850322238
v 0.001129784971 -0.00449014781 -0.001850330736
v 0.00113731937 0.0029002761 -0.02544888854
v 0.001137320069 0.0029002761 -0.02255110443
v 0.001141030923 0.006497541443 -0.004963388201
v 0.001148591982 -0.006496209186 -0.00496339146
v 0.001149067888 -0.004299332388 -0.01384268515
v 0.001176190679 0.002750288462 -0.02559377812
v 0.001176190679 0.002750288462 -0.02240622602
v 0.001181214931 0.006952130236 -0.02067712322
v 0.001200221595 0.007663128898 -0.01110860519
v 0.001209136331 -0.007661727257 -0.01110860705
v 0.001223162399 0.003025618149 -0.001043838216
v 0.001226680586 -0.00302419276 -0.001043846831
v 0.001227577915 -0.00759034371 -0.02542245574
v 0.001242911909 -0.007739806082 -0.02557491884
v 0.001246342086 0.00539164152 -0.0139845917
v 0.001249240362 -0.00469968887 -0.01398414187
v 0.001312736189 0.006822066382 -0.02720054053
v 0.001312822453 0.004900331609 -0.02720062248
v 0.001312823268 0.004900331609 -0.02079937048
v 0.001313025015 0.006821784191 -0.02079952322
v 0.001313712564 0.005907766521 -0.003777915379
v 0.001320585492 -0.00590623403 -0.003777918406
v 0.001333531458 -0.00384966284 -0.02740049362
v 0.001334095723 -0.005649662577 -0.02740049921
v 0.001340060611 0.006843682379 -0.006261541974
v 0.001348022604 -0.006842118222 -0.006261535455
v 0.001356769935 0.0007517811609 -0.0004917273181
v 0.001357644796 -0.0007502018707 -0.0004917290644
v 0.001379677793 -0.004679057747 -0.01417228393
v 0.001383076189 -0.007371687796 -0.02263906412
v 0.001405271585 0.005352431908 -0.014600005
v 0.00140588358 0.006903276779 -0.02728436142
v 0.001419725944 0.004900365137 -0.02516266331
v 0.001419726177 0.004900365137 -0.02283733897
v 0.001420170534 0.006829893216 -0.01994373649
v 0.00142578152 0.006796500646 -0.02717850916
v 0.001435941551 0.006896191277 -0.02046138048
v 0.001476412057 0.005216782913 -0.01431698445
v 0.001490147901 0.007935048081 -0.0144407833
v 0.001498937025 0.007502180524 -0.02448868565
v 0.001499028644 0.003100389382 -0.02270096354
v 0.001499030041 0.003100389382 -0.02529903315
v 0.001499091275 0.002900389722 -0.02529903874
v 0.001499091741 0.002900389722 -0.02270096913
v 0.0014993808 -0.007933309302 -0.0144407833
v 0.00150176778 -0.005649609957 -0.02270096354
v 0.001501769177 -0.005649609957 -0.02529903315
v 0.001502289088 -0.007527361158 -0.02529853955
v 0.001502368483 -0.007348041516 -0.02270100079
v 0.001506845816 -0.004611740354 -0.0143517172
v 0.001517850207 0.007852260955 -0.02442313358
v 0.001526494976 0.00712895859 -0.007718705107
v 0.00153472065 0.008164583705 -0.02423553914
v 0.001534789801 -0.007127177902 -0.007718697656
v 0.001545378822 0.008361873217 -0.02399756201
v 0.001547657303 -0.007669054437 -0.02766382135
v 0.001549694687 -0.002481054747 -0.00103523524
v 0.001552054775 0.008485439233 -0.02366182767
v 0.00155285513 0.008500267752 -0.02345191687
v 0.001555026858 0.00686682947 -0.027662104
v 0.001561251236 -0.007512377575 -0.02526292391
v 0.001563612255 0.006762715988 -0.02085404098
v 0.00157413783 0.002750413259 -0.02257105708
v 0.001574138412 0.002750413259 -0.02542894892
v 0.001581129734 0.00539167691 -0.01445861533
v 0.001601246302 0.006305245683 -0.004906903021
v 0.001604748424 -0.007654155605 -0.02541016228
v 0.001607446349 0.002379971324 -0.001036533387
v 0.001608581515 -0.006303378846 -0.004906901624
v 0.001615362475 0.004944353364 -0.002700669225
v 0.001621113042 -0.004942470696 -0.002700678771
v 0.001648824429 0.003792846343 -0.001771409181
v 0.001653237385 -0.003790925723 -0.001771406387
v 0.001680979505 -0.007308886386 -0.02282206714
v 0.001681132708 0.006833470426 -0.02078438736
v 0.001682675444 0.005262819119 -0.01459999848
v 0.001695446204 -0.002232569037 -0.001040193718
v 0.001701468718 -0.005662394222 -0.00373060233
v 0.001712545636 -0.004453161731 -0.01463305112
v 0.001729071839 -0.003849538974 -0.02730850875
v 0.001731216675 -0.003811269999 -0.02731581591
v 0.001737349783 -0.003778825747 -0.02733660676
v 0.001746538561 -0.003757145489 -0.02736771479
v 0.001757382764 -0.003749530064 -0.02740441449
v 0.001798472018 -0.007447397336 -0.02507559583
v 0.001809750916 0.002900486579 -0.02293934114
v 0.001809751382 0.002900486579 -0.02506066673
v 0.001812192029 0.006725245155 -0.01994373649
v 0.00182186719 0.008148657158 -0.01750257052
v 0.001831346191 -0.00814653188 -0.01750257798
v 0.00185145915 0.005707196891 -0.01558870077
v 0.001861002529 0.006655301899 -0.006190475542
v 0.001868744846 -0.006653132383 -0.006190479733
v 0.001883199438 0.007539996877 -0.01093620807
v 0.001886369078 0.006774108857 -0.02714805491
v 0.001897118869 0.00540352799 -0.01488025673
v 0.001903046039 0.006667024456 -0.02703779191
v 0.00191053981 -0.007567421999 -0.02517221682
v 0.001911122003 0.004900518805 -0.02467126213
v 0.001911122468 0.004900518805 -0.02332874388
v 0.001915864414 0.00275051943 -0.02516672947
v 0.001915866043 0.00275051943 -0.02283326909
v 0.001927191857 -0.004298879299 -0.01491408981
v 0.001942218863 -0.007244425826 -0.02308675088
v 0.001957016764 1.138423386e-06 -0.0007864434156
v 0.001962532056 -0.00746949669 -0.0244886931
v 0.001975611784 0.006746305153 -0.02711408399
v 0.001991144381 -0.007818989456 -0.0244230926
v 0.00201667822 -0.008130759932 -0.02423540317
v 0.002021649852 -0.007379542105 -0.02479796298
v 0.00203282712 -0.008327966556 -0.02399681509
v 0.002035660204 0.006624820642 -0.02101600729
v 0.002042903332 -0.008451036178 -0.02366070449
v 0.002044101013 -0.008465609513 -0.02345118672
v 0.002045671223 0.006062718108 -0.00485747261
v 0.002048066119 0.003100560745 -0.02325000428
v 0.002048066352 0.003100560745 -0.02474999987
v 0.002048129449 0.002900561085 -0.02475000545
v 0.002048130613 0.002900561085 -0.02324999496
v 0.002050734591 -0.007370274514 -0.02474993467
v 0.002050805371 -0.005649438128 -0.02325000428
v 0.002050805604 -0.005649438128 -0.02475000173
v 0.002051157178 -0.007214758079 -0.02324976586
v 0.002052723663 -0.006060333457 -0.004857476335
v 0.002065028762 0.005374869332 -0.003688606666
v 0.002071139868 0.00275056879 -0.02745576762
v 0.002071280498 -0.005372462794 -0.003688615048
v 0.002073176205 -0.003749431344 -0.02745576575
v 0.002079727128 0.001568931038 -0.001087889425
v 0.002081897343 -0.007511936128 -0.02750632353
v 0.002087765373 0.006709620357 -0.02750246972
v 0.002088991227 0.002800574293 -0.02750245854
v 0.002090985654 0.004900574684 -0.02400000207
v 0.002091002185 0.006708532572 -0.02093441971
v 0.002091057133 -0.003799425671 -0.02750245854
v 0.002091706032 0.006606035866 -0.02104081959
v 0.002092302311 -0.007508442737 -0.02750237286
v 0.002103010425 0.006942924112 -0.007622883655
v 0.002111088717 -0.006940472405 -0.007622872014
v 0.002131930087 -0.007191290613 -0.02341136523
v 0.00214932044 -0.001448595081 -0.001102414448
v 0.00215293956 -0.007487748284 -0.02486038208
v 0.002160649048 0.008322742768 -0.02061587758
v 0.00217033294 -0.008320222609 -0.02061587386
v 0.00217040861 -0.007179089822 -0.02448869124
v 0.002170423046 -0.007331027649 -0.02448878251
v 0.002171749715 0.006680862047 -0.02097122185
v 0.002177251736 0.001399611006 -0.001109435339
v 0.002178080846 0.002750602318 -0.02482500672
v 0.002178081311 0.002750602318 -0.02317499556
v 0.00218887371 0.006602579728 -0.01994373836
v 0.00219573034 0.002935845172 -0.001722179353
v 0.002197979949 0.002900608582 -0.02361177839
v 0.002197980182 0.002900608582 -0.02438822202
v 0.002199144568 -0.002933288692 -0.001722178888
v 0.002211693441 0.006666793488 -0.02046138421
v 0.002215418499 0.006665468216 -0.02700815909
v 0.002229082165 0.004237391055 -0.002622911241
v 0.002229308244 0.005244594999 -0.01529223099
v 0.002233957639 -0.007159820758 -0.02376651019
v 0.002234010957 -0.004234794062 -0.00262290868
v 0.002243413357 -0.007378642913 -0.02448869124
v 0.002246466 -0.007156098727 -0.02413147502
v 0.002246473916 -0.004749376792 -0.01730000041
v 0.002246756572 -0.005649377126 -0.01729999483
v 0.002249029698 0.003100624075 -0.02399999462
v 0.002249090932 0.002900624415 -0.02399999835
v 0.002249781974 0.005562236533 -0.01558869705
v 0.00224989187 -0.004747919738 -0.01730000041
v 0.00225176895 -0.005649375264 -0.02399999462
v 0.002252238104 -0.007154315244 -0.02399997599
v 0.002282468602 -0.00744158728 -0.02742359228
v 0.002313578036 -0.007430174388 -0.02450685576
v 0.002319287742 -0.00742797507 -0.02448871732
v 0.00234150188 -0.007170004304 -0.009167079814
v 0.002342916559 0.002750653541 -0.02357294224
v 0.002342917025 0.002750653541 -0.02442704886
v 0.002364836633 0.001072535175 -0.001163062523
v 0.002365836641 0.006411232054 -0.006127976347
v 0.002368692774 0.006504979916 -0.02681704797
v 0.002373295603 -0.006408474874 -0.006127970759
v 0.00237346557 0.00490066316 -0.0268145781
v 0.002373465803 0.00490066316 -0.02118541859
v 0.00237354869 0.006503519602 -0.02118575573
v 0.002377063502 -0.004740502685 -0.01730861329
v 0.002397831297 0.008434112184 -0.023449976
v 0.002399139805 0.002750671236 -0.02399999276
v 0.002407904249 -0.008430950344 -0.02345013805
v 0.002415211406 -0.003849324305 -0.0270221848
v 0.002415773692 -0.005649324041 -0.02702218853
v 0.002444103826 0.006579838693 -0.02688548155
v 0.002474211389 -0.003849305678 -0.02698893286
v 0.002476356924 0.005767485127 -0.004812449683
v 0.002477999777 -0.003811036237 -0.02699553221
v 0.002483066637 -0.005764599424 -0.004812438041
v 0.002488815458 -0.003778590588 -0.02701430954
v 0.002489459235 0.005459175445 -0.01558869425
v 0.002489603357 0.005209462717 -0.01558869239
v 0.00249068276 -0.004324965179 -0.017300006
v 0.00249406253 -0.004602950532 -0.0173152294
v 0.002505009994 -0.003756908234 -0.02704242617
v 0.002512651263 -0.004691207316 -0.01733419299
v 0.002524121199 -0.003749290016 -0.02707557008
v 0.002539546462 0.006436746567 -0.02128839679
v 0.002545966301 -0.004630554002 -0.01733402535
v 0.002555960789 0.007355775684 -0.01077578217
v 0.00256451685 -0.007352796383 -0.01077578217
v 0.002569907811 0.000712622772 -0.001243573613
v 0.00258466485 -0.004109998699 -0.01730000228
v 0.002592873061 -0.005649268627 -0.01736180857
v 0.002594725229 -0.007319081575 -0.02726573125
v 0.002594932914 -0.004370857961 -0.0173132997
v 0.002595545026 -0.004656918347 -0.01735994779
v 0.002598073799 0.006517332979 -0.02121105231
v 0.00260943966 0.0006428909255 -0.001262364211
v 0.002610185416 -0.0006398545811 -0.001262369682
v 0.002625218825 -0.004642586224 -0.01737101004
v 0.0026269597 -0.004649646115 -0.01737346686
v 0.002653486328 0.006493856199 -0.02675206587
v 0.002657926176 0.006491952576 -0.02722716331
v 0.002664049389 0.006697082892 -0.007536686957
v 0.002671839902 -0.006693978794 -0.007536695339
v 0.002693733666 -0.004414331634 -0.01735184528
v 0.002694297815 -0.003880920121 -0.01730000414
v 0.002707366832 -0.004627881572 -0.01741266064
v 0.002714338014 -0.007386458572 -0.02448869683
v 0.002730898093 -0.004164603539 -0.01732527092
v 0.002732647583 0.001963735325 -0.001718430663
v 0.002734930255 -0.001960554859 -0.001718435902
v 0.00274283695 -0.003740130691 -0.01730000414
v 0.002746411134 -0.004549220204 -0.02044999413
v 0.002746756887 -0.005649220664 -0.02044999413
v 0.002759221243 0.006340496242 -0.02655295096
v 0.002768529113 -0.004549213219 -0.02074999921
v 0.002768873237 -0.005649213679 -0.02074999921
v 0.002777893329 -0.0003412222723 -0.001356768771
v 0.002781750634 -0.00445305882 -0.0174140837
v 0.002781945281 0.004644332454 -0.003607716179
v 0.002787347417 -0.004641092382 -0.003607710125
v 0.002793873427 -0.003098375397 -0.01718223095
v 0.002812228166 0.006952796131 -0.02448869124
v 0.002812229097 0.006952796131 -0.02118676901
v 0.002813617 -0.003710110905 -0.01602053456
v 0.002820376307 -0.004470063373 -0.01745301671
v 0.002831240883 -0.003952471074 -0.01732447557
v 0.002841614187 0.003339776536 -0.002549387049
v 0.002845421433 -0.003499189159 -0.01730000414
v 0.002845498035 -0.003336468479 -0.002549382858
v 0.002855051542 -0.004484945443 -0.01749673672
v 0.00285581802 0.006108784117 -0.00607053563
v 0.002859037369 -0.004221861251 -0.01739704609
v 0.002862924244 -0.006105456501 -0.006070544012
v 0.002872531069 0.006395841949 -0.02658709511
v 0.002889996395 -0.003648882266 -0.01612762921
v 0.002901704749 -0.005412970204 -0.004767976701
v 0.002913021483 -0.003771542571 -0.01733089797
v 0.002916970057 -0.00442460319 -0.01754572801
v 0.002918932354 -0.004436939023 -0.01755465008
v 0.002922498388 -0.004448008724 -0.01756178215
v 0.002928620903 0.006293796003 -0.01994374953
v 0.002937752055 -0.004549160134 -0.02041194402
v 0.002938097809 -0.005649160594 -0.02041194402
v 0.002942534396 0.006362724118 -0.02652798779
v 0.002943020314 -0.004396529403 -0.01756854355
v 0.002953863004 -0.005649155471 -0.01759288646
v 0.002953924006 -0.006921883672 -0.009050212801
v 0.002954778029 -0.004017018713 -0.01739549078
v 0.002958225785 0.006355177611 -0.02046137676
v 0.002959949197 -0.004267002456 -0.01750927977
v 0.002965467749 -0.003587019397 -0.01623497531
v 0.002966686385 1.726087135e-06 -0.001492202748
v 0.002967237029 0.006242937408 -0.02162561938
v 0.002985898638 -0.003600259544 -0.0173309017
v 0.002986963373 -0.00439383788 -0.0176279135
v 0.00299729337 -0.004283745307 -0.01757703163
v 0.002997620031 0.007625945844 -0.01399742719
v 0.002999075223 -0.004549141042 -0.02080632374
v 0.002999419346 -0.005649141502 -0.02080632374
v 0.003006490413 -0.007622452918 -0.01399742533
v 0.003007656662 -0.004044646863 -0.01744644158
v 0.00301697175 0.007343155332 -0.02448869869
v 0.003024555277 -0.004296010826 -0.0176503472
v 0.003033249173 0.002750869608 -0.02691081911
v 0.00303926412 0.006315490231 -0.02156024054
v 0.003040503478 -0.007115222048 -0.02697034366
v 0.003050541971 -0.004259037785 -0.01768047363
v 0.003052818589 -0.004068243783 -0.01750611141
v 0.003063004464 0.006303634495 -0.02695014514
v 0.003064099466 0.002800878836 -0.02695015073
v 0.003072957275 0.007690435275 -0.02442271076
v 0.003080764785 -0.003521944163 -0.0164021831
v 0.003090515966 -0.003804304404 -0.01744645089
v 0.003099964233 -0.004549109377 -0.02030355297
v 0.003100308357 -0.005649109837 -0.02030355297
v 0.003103660885 -0.004094808828 -0.01760850474
v 0.003115764353 -0.004101132043 -0.01764549315
v 0.003116231877 -0.004163511563 -0.0177940689
v 0.003116733162 -0.003499158891 -0.01733699255
v 0.003117555287 -0.004176404327 -0.0178059116
v 0.003117778338 -0.004151440691 -0.01778141409
v 0.003120304085 -0.004144489765 -0.01777387224
v 0.003121557645 -0.003749103053 -0.02684100159
v 0.003121701069 -0.00418968359 -0.01781665534
v 0.003122902941 0.00799997896 -0.02423401549
v 0.003124189097 -0.003849102184 -0.0265042875
v 0.003128940705 -0.004108016845 -0.0177024696
v 0.003129413817 -0.003810832277 -0.02650981396
v 0.003132585669 -0.003705433337 -0.01744645275
v 0.0031368481 0.006157524884 -0.0262036901
v 0.003137455089 -0.004112464841 -0.01779999398
v 0.003143050009 -0.003505287459 -0.01649425365
v 0.003144314513 -0.003778385231 -0.02652553841
v 0.003153606551 -0.003799092956 -0.0268793907
v 0.003154377686 0.008195060305 -0.02399479225
v 0.003154813312 -0.007057134528 -0.02687906288
v 0.003166622715 -0.003756701015 -0.0265490897
v 0.003167017363 -0.003361547599 -0.01653017104
v 0.003173951292 0.008316381834 -0.02365753986
v 0.003176189959 0.008330115117 -0.02344691753
v 0.003177681472 -0.004549085163 -0.02096259966
v 0.003178025596 -0.005649085622 -0.02096259966
v 0.003180953907 -0.003499462502 -0.01735043526
v 0.003184947884 -0.005649083294 -0.01795388013
v 0.003185039852 -0.003499999875 -0.01655710116
v 0.003185858484 -0.00403901469 -0.01795763895
v 0.003188322298 0.0009664733661 -0.001789350063
v 0.00318944524 -0.0009627627442 -0.001789358561
v 0.003190066665 -0.00399345858 -0.01793497056
v 0.003192941891 -0.003749080701 -0.02657686546
v 0.003204140346 -0.003825276392 -0.01762694493
v 0.00320835039 -0.004549075384 -0.02014134638
v 0.003208694281 -0.005649075843 -0.02014134824
v 0.003209786257 0.006388445385 -0.007456750609
v 0.003211183473 -0.003499074606 -0.01659654453
v 0.003215816803 0.007106860168 -0.01062589325
v 0.00321721728 -0.006384706125 -0.007456742693
v 0.003224084387 -0.007103112992 -0.01062589884
v 0.003224291606 -0.00388478837 -0.01808608137
v 0.003224468324 -0.003890492255 -0.01809119619
v 0.003225210821 -0.003896150272 -0.01809615269
v 0.003225658787 -0.003873688402 -0.01807577349
v 0.003226275323 -0.003891279222 -0.01810136251
v 0.003226486268 -0.003772759344 -0.01762693934
v 0.003226653906 0.005111183971 -0.01662667841
v 0.003227936337 -0.003626046469 -0.01744644716
v 0.003228431568 -0.003861284116 -0.01808654703
v 0.003228761721 -0.003882447025 -0.01811403967
v 0.003228766378 -0.003859734628 -0.01808111742
v 0.003230634145 -0.003850855865 -0.01808774285
v 0.003231673967 -0.003845737549 -0.01808645763
v 0.003233601805 -0.003835854121 -0.01807978936
v 0.003234107979 -0.003868171014 -0.01814497635
v 0.003234375501 -0.003831726033 -0.01807128638
v 0.003234530101 -0.00383088598 -0.01780000515
v 0.003234530799 -0.00383088598 -0.01806021668
v 0.003236353165 -0.003830392845 -0.01810424775
v 0.003237366676 0.006105271168 -0.02608949877
v 0.003237450961 0.006105641834 -0.02191060781
v 0.003238110337 0.004900934175 -0.02608905546
v 0.00323811057 0.004900934175 -0.02191093378
v 0.003238303587 -0.003841967322 -0.01816363819
v 0.003241275903 -0.003826504573 -0.01815721206
v 0.003243542509 -0.003852038644 -0.01822721958
v 0.003245527158 -0.00384982489 -0.01826356165
v 0.003245657776 -0.00381036941 -0.01813469455
v 0.003246191423 -0.003848889843 -0.01833455078
v 0.003246191889 -0.003849064 -0.02091818489
v 0.003246191889 -0.003849064 -0.01836910285
v 0.003246200504 -0.003848735942 -0.01829999872
v 0.003246410284 -0.004549063276 -0.02091818862
v 0.003246412147 -0.004549063276 -0.01994999684
v 0.003246755339 -0.005649063736 -0.01830000244
v 0.003246756038 -0.005649063736 -0.01994999871
v 0.003247026121 -0.003824536921 -0.01822285727
v 0.003251601243 -0.003790767165 -0.01780000329
v 0.003252096241 -0.003808468347 -0.01821499877
v 0.00325297052 -0.003788903123 -0.01806021482
v 0.003253793111 -0.003810793394 -0.02091817744
v 0.003254259704 0.005382728763 -0.01667003334
v 0.003259573365 -0.003799059894 -0.02091818862
v 0.003259573365 -0.003799059894 -0.01836910844
v 0.003261021338 -0.003789374838 -0.01819105446
v 0.003264105646 -0.004549057689 -0.02118364349
v 0.00326444977 -0.005649058614 -0.02118364349
v 0.003268885892 -0.003772186348 -0.01806021482
v 0.003268989967 -0.003773844801 -0.01811850071
v 0.003272522939 -0.00378069561 -0.0182617642
v 0.003273745999 -0.003775706049 -0.01820076816
v 0.003275458934 -0.003778344253 -0.02091818862
v 0.003275458934 -0.003778344253 -0.01836910658
v 0.003277132288 -0.003730591852 -0.01762694307
v 0.003288209671 -0.003759563901 -0.01806021668
v 0.003290291177 -0.003758554813 -0.01779999211
v 0.003291170113 -0.003763291752 -0.01820878498
v 0.003296164563 -0.003762445878 -0.02091818862
v 0.003296164563 -0.003762445878 -0.01836910844
v 0.003299029777 -0.003754936624 -0.01806022041
v 0.003301801393 0.006178422831 -0.02616099641
v 0.003304913407 0.005006082356 -0.004720205441
v 0.003307894105 -0.003756656777 -0.02091818303
v 0.0033081125 -0.003756566672 -0.01836910658
v 0.003310735803 -0.0050022332 -0.004720206372
v 0.003313307418 -0.003849043045 -0.0263104327
v 0.003313871566 -0.005649042781 -0.02631043643
v 0.003318542382 0.006062369794 -0.02201120555
v 0.003329330124 -0.003749786178 -0.01821457595
v 0.003332284046 0.005744793452 -0.006014021114
v 0.003332760418 -0.003499036422 -0.01736699231
v 0.003332792083 -0.003602590412 -0.01744645275
v 0.00333282887 -0.003718132619 -0.01762693934
v 0.003332838183 -0.003749036929 -0.01780000515
v 0.003332838882 -0.003749036929 -0.01806021668
v 0.003334462876 -0.003749036463 -0.0181150455
v 0.003335816087 -0.00384903606 -0.02151018381
v 0.003336378373 -0.005649035797 -0.0215101894
v 0.003336690832 -0.003749035764 -0.01816352457
v 0.003338408424 -0.003749035299 -0.01819561049
v 0.003338967916 -0.005740912165 -0.006014007609
v 0.003339499934 -0.003749034833 -0.0182146579
v 0.003343075048 -0.003810765455 -0.02150793187
v 0.003344535828 -0.003749033203 -0.0183142852
v 0.003345855745 -0.003749032971 -0.01835085452
v 0.003346137004 -0.003749032738 -0.01836411655
v 0.003346159589 -0.003749032738 -0.01836911403
v 0.003346160753 -0.003749032738 -0.02091818117
v 0.003355325898 0.0004804561613 -0.00184726459
v 0.003355883993 -0.0004765513586 -0.00184725353
v 0.003363769967 -0.003778316546 -0.02150151692
v 0.003374447115 0.006059840322 -0.01994374394
v 0.003385025309 0.006132169627 -0.02194405533
v 0.003386702389 0.002750980435 -0.01780000702
v 0.003386711935 0.002720467513 -0.01762800477
v 0.003386741038 0.002632653108 -0.01747700386
v 0.003386748256 0.002604533685 -0.0174464453
v 0.003386781551 0.00250098086 -0.01736699231
v 0.003388658632 -0.003499019193 -0.01736699045
v 0.003388699843 -0.003630691906 -0.01747701131
v 0.003388728015 -0.003718506545 -0.01762800105
v 0.00338873663 -0.003749019466 -0.01780000515
v 0.003394752275 -0.003756629536 -0.02149191685
v 0.003398182103 -0.003499015933 -0.0168869812
v 0.003412014572 0.002288724994 -0.002494419459
v 0.003414675826 -0.002284753835 -0.00249441294
v 0.003431302495 -0.003749006195 -0.02148059011
v 0.003452745965 0.007831769064 -0.01701550372
v 0.003453231649 0.005987975746 -0.02580135502
v 0.003459746251 -0.007261231076 -0.02448869497
v 0.003461854998 -0.007827746682 -0.01701550744
v 0.003464589361 -0.006886991672 -0.02658999711
v 0.003469344694 0.005354157649 -0.01701029949
v 0.003469572635 0.005073228851 -0.01701021567
v 0.003473550547 2.020850161e-06 -0.001921553747
v 0.003478812287 0.003694311483 -0.003511863528
v 0.003483108943 -0.003690261627 -0.003511865623
v 0.00350482366 0.005958771333 -0.02572138608
v 0.003521109931 0.006053513847 -0.0258639697
v 0.003527587047 -0.00760667026 -0.02442254685
v 0.003530818503 0.002751025138 -0.01781756617
v 0.003532852978 -0.003748974297 -0.01781756431
v 0.003541302634 0.005937990732 -0.02233845554
v 0.003550788388 -0.006607734598 -0.008940943517
v 0.003572139423 0.002720525255 -0.01765059866
v 0.003574154107 -0.00371844857 -0.01765060984
v 0.003577378811 -0.003150982084 -0.01718224026
v 0.003577511758 -0.003377709305 -0.0171822384
v 0.003577580443 -0.003498959588 -0.01718224399
v 0.003586731385 -0.006814555731 -0.02448869124
v 0.003588082734 -0.007914462127 -0.02423341572
v 0.003596654627 -0.003848954337 -0.02204913273
v 0.003597218543 -0.005648954306 -0.02204912342
v 0.003600772936 0.006005678326 -0.02573601715
v 0.003601863747 -0.003498952137 -0.01722373813
v 0.003601872129 -0.003438295098 -0.01722381264
v 0.00360292173 -0.003810683964 -0.02204482071
v 0.003608435625 0.002632722026 -0.01750402898
v 0.003610397689 -0.003630622523 -0.01750402153
v 0.003620790318 -0.00377823622 -0.02203256264
v 0.003626000369 -0.003498944687 -0.01726541296
v 0.003626227379 -0.008108564653 -0.02399316058
v 0.003630809253 0.005907134153 -0.01994374953
v 0.003634902881 0.002501058159 -0.0173972249
v 0.003636782058 -0.003498941427 -0.0173972249
v 0.00364311249 -0.003848939901 -0.02588131465
v 0.00364754186 -0.003756550374 -0.02201421559
v 0.003649481339 -0.003810669528 -0.02588547766
v 0.003649804508 -0.008228574879 -0.02365509048
v 0.00365240965 -0.008241716772 -0.02344461903
v 0.003666034434 0.005965480581 -0.0223795101
v 0.003666497301 0.002751067979 -0.01786922477
v 0.003666852601 0.005964971147 -0.0263544824
v 0.003666852834 0.005964970216 -0.02046138607
v 0.003667640267 -0.003778221551 -0.02589729615
v 0.003668530378 -0.003748931922 -0.01786923781
v 0.003679100424 -0.00374892843 -0.0219925791
v 0.003694829764 -0.003756535705 -0.02591497824
v 0.00371182547 0.005936723202 -0.02246684767
v 0.003726904048 -0.003748913528 -0.0259358529
v 0.003731444245 0.005035057664 -0.0174627509
v 0.003735581879 0.005322473124 -0.01746978424
v 0.003737895284 0.00581818819 -0.02527439594
v 0.003738228697 0.007373610511 -0.01379315555
v 0.003739664098 0.005817196332 -0.0227297619
v 0.00374043663 0.006013767794 -0.007379264105
v 0.003744497662 -0.003498907434 -0.01732556149
v 0.003746805014 -0.007369255181 -0.01379315834
v 0.003747431561 -0.006009411067 -0.007379262708
v 0.003748725168 -0.003718393855 -0.01771708578
v 0.00376431481 0.005801151507 -0.02521056309
v 0.0037665735 0.005799832754 -0.02279507555
v 0.003779597348 0.003149944125 -0.0171822384
v 0.003779800842 0.002501103794 -0.01718224026
v 0.003783096327 0.002684117062 -0.01764808409
v 0.003791367169 0.002751107095 -0.0261059124
v 0.003796046833 0.005317004398 -0.01758234017
v 0.00379657466 0.005316082388 -0.005954212509
v 0.00380195654 0.005776636302 -0.02511221543
v 0.003801975865 0.005776770413 -0.02288784645
v 0.003802465275 0.004901111126 -0.02511157282
v 0.003802467138 0.004901111126 -0.0228884276
v 0.003802758874 -0.0053116614 -0.005954200402
v 0.003819113132 -0.003630557097 -0.01758350432
v 0.003830394009 0.005860088393 -0.02613596618
v 0.00383051415 0.005860009231 -0.02272569947
v 0.00383167644 -0.006659589242 -0.0261389222
v 0.003832463641 0.002801120048 -0.02613436803
v 0.003849693807 0.00584731251 -0.02522693202
v 0.003858482698 0.001159047591 -0.002488935133
v 0.003859828925 -0.001154557453 -0.002488933271
v 0.003860087134 0.006789599545 -0.01048508286
v 0.003865029663 -0.003498869715 -0.01738766767
v 0.003867984749 -0.006785103586 -0.01048508566
v 0.003868496744 0.002501130803 -0.01748618484
v 0.00387037592 -0.003498868318 -0.01748618484
v 0.003885830287 0.007997192442 -0.02011905238
v 0.003895131871 -0.007992665283 -0.02011905797
v 0.003905982943 0.005708619021 -0.02323124371
v 0.003907474224 0.002501143841 -0.01750603504
v 0.00390794687 0.005707211792 -0.02476064116
v 0.003909353167 -0.003498856211 -0.01750603504
v 0.003914195113 -0.003748854855 -0.02591970563
v 0.003921688534 0.002546506701 -0.01754567586
v 0.003928738181 -0.003848850494 -0.02534379065
v 0.003929300234 -0.005648850463 -0.02534379438
v 0.003938308917 0.003852060763 -0.01759429276
v 0.00394665217 0.002610007999 -0.01761747338
v 0.003956846427 -0.006575149484 -0.02594629303
v 0.003956953995 -0.003798841499 -0.02594565973
v 0.003957300913 2.302108896e-06 -0.002407024382
v 0.00397337554 -0.003848836524 -0.02276706696
v 0.003974998835 0.005662330426 -0.02438787185
v 0.003980286885 0.005758577026 -0.02318435907
v 0.00398047315 -0.003810565919 -0.02276435308
v 0.003983302973 0.005656639114 -0.02368887514
v 0.003986847587 0.002684426261 -0.0177398324
v 0.003988839686 -0.003682087176 -0.01773982681
v 0.003989869263 0.005751906894 -0.02477617003
v 0.003998233471 0.005646089092 -0.02399999276
v 0.003998250235 0.00058184925 -0.002500998788
v 0.003998464905 0.004901171662 -0.02399999835
v 0.003998923115 -0.0005771965953 -0.002500997856
v 0.004000708461 -0.003778117243 -0.02275661007
v 0.004002317321 -0.003848827444 -0.0251544565
v 0.004009478725 -0.003810556838 -0.02515699714
v 0.004029693548 -0.003730064956 -0.0178745985
v 0.004029894713 -0.00377810793 -0.02516425774
v 0.004031002056 -0.003756430466 -0.02274500579
v 0.004036124796 0.002751183463 -0.02145130932
v 0.004054607823 -0.003748811083 -0.02064423263
v 0.004056103062 -0.003745963564 -0.01796885766
v 0.004060461652 -0.003756421153 -0.02517511509
v 0.004062285647 0.005700772628 -0.0236584805
v 0.004062476102 0.005006856285 -0.0181356743
v 0.004065952729 0.005698148161 -0.02430361323
v 0.004066740163 -0.003748807125 -0.02273133397
v 0.004069915041 0.002751193708 -0.01802871563
v 0.004070922732 0.005306114443 -0.01815551333
v 0.004071949515 -0.003748805495 -0.01802871376
v 0.004073437769 -0.003748805029 -0.02188058011
v 0.004078683443 -0.003848803462 -0.02308874018
v 0.004079245497 -0.005648803432 -0.02308874391
v 0.004079767037 0.005688236095 -0.0240000058
v 0.004082471598 -0.006291536149 -0.02118676342
v 0.004085151944 0.005684358068 -0.02144900337
v 0.004086055793 0.002801199211 -0.02144899219
v 0.00408822298 -0.004687014967 -0.01809200458
v 0.004096521996 -0.003748797812 -0.02518791705
v 0.004098580685 0.003999571316 -0.004602397326
v 0.004103232175 -0.003994799219 -0.00460240012
v 0.00410421472 -0.006107974797 -0.02065949328
v 0.004104434513 -0.003798795398 -0.02064857818
v 0.004107343033 0.002558301901 -0.00341466954
v 0.004110318609 -0.002553520957 -0.003414660459
v 0.004111740738 -0.006465455517 -0.02566611208
v 0.004113796633 0.005663612857 -0.02565392107
v 0.004120787606 0.005658517592 -0.02046138607
v 0.004122438375 0.005007554777 -0.01827878878
v 0.00412307959 -0.006265307311 -0.02186788619
v 0.004123108927 -0.003798789578 -0.02187470905
v 0.004127698485 0.005003255792 -0.01827879995
v 0.004130937159 -0.006224132609 -0.008836464956
v 0.004133552313 -0.005022600293 -0.01829186268
v 0.004133562092 -0.005303646438 -0.01829147339
v 0.004139768425 -0.006254321896 -0.02199819498
v 0.004147676285 0.002751218854 -0.01837536693
v 0.004152184352 0.002751219785 -0.01995911822
v 0.004154791124 0.005615127273 -0.02021834627
v 0.004162216559 0.005161027424 -0.01837969013
v 0.004166113213 0.005625185557 -0.0221910961
v 0.004170722794 -0.005306712817 -0.0183859691
v 0.004170803353 -0.005166401155 -0.01838639565
v 0.00417213887 -0.003848774126 -0.0235531088
v 0.004173472058 0.002605693182 -0.01718223281
v 0.004176501185 -0.002600835403 -0.01718222909
v 0.004179037642 -0.003748771967 -0.01854426414
v 0.004179674201 -0.00381050352 -0.02355212159
v 0.004179732408 -0.005354001187 -0.01854549162
v 0.004181966651 -0.003848771099 -0.02436382882
v 0.004189524334 -0.003810500493 -0.02436463907
v 0.004193603992 -0.003848767374 -0.02422889322
v 0.004194166046 -0.00564876711 -0.02422889695
v 0.004196770955 0.005530730821 -0.01998653449
v 0.004196804482 0.0054203365 -0.01998653635
v 0.004197622184 0.002801234601 -0.01998654939
v 0.004199690185 -0.003798765363 -0.01998654939
v 0.004199766088 0.00552166719 -0.01996492781
v 0.004200180992 0.005315933377 -0.01848104782
v 0.004200323019 -0.005821232684 -0.01998656057
v 0.00420115795 -0.003778054379 -0.02354932018
v 0.004202592187 0.005512542091 -0.01994374022
v 0.004206364043 -0.005311042536 -0.01848104969
v 0.004211070947 -0.003778051352 -0.02436691336
v 0.004216115922 0.008119232021 -0.02344118059
v 0.004219328985 0.005140732974 -0.01889246888
v 0.004224244505 -0.005443474278 -0.01891089417
v 0.004233320709 -0.003756367136 -0.02354511805
v 0.00423393352 0.002751245862 -0.0196117498
v 0.004235968459 -0.003748754272 -0.01961176284
v 0.004237080459 -0.003748753807 -0.01959044114
v 0.004237132147 0.005343695171 -0.01952479407
v 0.004237160087 -0.006188586354 -0.02252462506
v 0.004239746369 -0.005645109341 -0.01954430342
v 0.004240214359 0.002751247725 -0.01943598874
v 0.004243325908 -0.003756363876 -0.02437033318
v 0.004256194457 0.00757495407 -0.01679454744
v 0.004256220534 0.005569799803 -0.007300476544
v 0.00426269928 -0.00556484377 -0.007300474681
v 0.0042650057 -0.007569997106 -0.01679453999
v 0.004271264654 -0.003748743096 -0.02354015037
v 0.004277793691 0.0027512589 -0.02511292137
v 0.004281376489 -0.00374874007 -0.02437438071
v 0.004289934877 0.002751262626 -0.02292633429
v 0.004291971214 -0.003748736577 -0.02292633243
v 0.004310876597 -0.006315490697 -0.02518430911
v 0.004324615933 0.00550440792 -0.02512796782
v 0.004325461108 0.002801273717 -0.02512796596
v 0.004336925689 0.00549474638 -0.02291182242
v 0.004337769002 0.002801278373 -0.02291182056
v 0.004339835141 -0.003798721591 -0.02291182242
v 0.004340560175 -0.006116332952 -0.02291182615
v 0.004351284821 0.006108707748 -0.02118676715
v 0.004351285752 0.006108707748 -0.02448868752
v 0.004365568049 -0.003748713527 -0.02479129843
v 0.004414426163 -0.003798698308 -0.02480199002
v 0.00441526901 -0.006232619751 -0.02480317093
v 0.004426974338 -0.003748694435 -0.02357751131
v 0.004430277739 0.005258942954 -0.0188599173
v 0.004436250776 -0.005253488664 -0.0188580025
v 0.004439860582 0.00521000009 -0.01874334924
v 0.004443854559 -0.006209393032 -0.0246581547
v 0.004446837585 -0.005203104578 -0.01874026656
v 0.004449082073 0.002751312917 -0.02402054518
v 0.004452688619 0.005401820876 -0.0245831497
v 0.004458622076 0.005396955647 -0.02345586009
v 0.004459539894 -0.00603052834 -0.02343801968
v 0.004462431185 0.007050320506 -0.01360113639
v 0.00446990598 -0.006022452842 -0.02448870055
v 0.004469957668 -0.006187979598 -0.02448868938
v 0.004470631946 -0.007045122795 -0.01360113546
v 0.004476662725 -0.003798678983 -0.02357180789
v 0.004478904884 0.005273256451 -0.01901746169
v 0.004479166586 -0.005268673878 -0.01900477149
v 0.004486091901 0.006400310434 -0.01035181247
v 0.004490550607 0.00701105874 -0.02448869683
v 0.004493167158 -0.005070712417 -0.01848104224
v 0.004493534565 -0.00639508618 -0.01035182085
v 0.004498261958 0.005364188924 -0.02402082458
v 0.004498704802 -0.007005828898 -0.02448869124
v 0.004499064758 0.002801328665 -0.02402081899
v 0.004501721822 -0.005998837762 -0.02396572195
v 0.004516613204 0.005101596005 -0.0186255835
v 0.004536299035 -0.00507984357 -0.01861350052
v 0.004573335405 0.001307284343 -0.00335197337
v 0.004574853927 -0.001301962067 -0.00335197174
v 0.004580872133 0.005246291868 -0.01918924786
v 0.004586974159 -0.005240957253 -0.01918925717
v 0.0045903828 0.007350173779 -0.02442195266
v 0.004598913714 -0.00734476978 -0.0244219806
v 0.004646425601 0.001618093695 -0.0171822384
v 0.004648306407 -0.001612686203 -0.0171822384
v 0.004667927977 0.006948028691 -0.02448868938
v 0.004676008597 -0.006942592096 -0.0244886931
v 0.004679217935 0.007651935332 -0.02423115633
v 0.004688091576 -0.007646389306 -0.02423124388
v 0.004688769579 0.004256166518 -0.005811368581
v 0.004693210591 -0.005767650902 -0.008733998053
v 0.004693719093 -0.00425070757 -0.005811368115
v 0.004695181735 0.00770616252 -0.02417693846
v 0.00470414618 -0.007700696588 -0.02417692915
v 0.004704657011 -0.00489147706 -0.01852498949
v 0.004708368331 0.004887141287 -0.01852242649
v 0.004709845874 0.0006582353963 -0.003338472918
v 0.004710608162 -0.0006527547957 -0.00333847967
v 0.004734837916 0.007736478932 -0.01990027167
v 0.004734959919 0.007841284387 -0.02398952283
v 0.004743836354 -0.007730964571 -0.01990028098
v 0.004744140431 -0.007835969329 -0.02398915961
v 0.004755233414 0.007910148241 -0.02383597195
v 0.004757310264 0.005053335801 -0.007216618862
v 0.004763187841 -0.005047796294 -0.007216609549
v 0.004764434882 -0.007904611528 -0.02383597009
v 0.004769161344 0.007957457565 -0.02364942245
v 0.004772587214 0.007969093509 -0.02343745157
v 0.004778440576 -0.007951981388 -0.02364893258
v 0.00478185527 -0.007963534445 -0.0234374553
v 0.004801397212 0.002782112686 -0.004472885747
v 0.004804630298 -0.002776524285 -0.00447288435
v 0.004837894347 0.0068669701 -0.02448869124
v 0.004845881369 -0.006861336529 -0.02448868565
v 0.004889234435 0.0005503472639 -0.01718224026
v 0.004889872391 -0.0005446585128 -0.01718223654
v 0.004969409667 0.007898647338 -0.02324790508
v 0.004973982461 -0.005613331683 -0.02118676901
v 0.004973982926 -0.005613331683 -0.02448868938
v 0.004978597164 -0.0078928601 -0.02324790135
v 0.005001230631 0.004570377991 -0.01848105155
v 0.005004289094 0.007176221348 -0.02442355081
v 0.005006547552 -0.004564555362 -0.01848103851
v 0.005012636073 -0.007170394994 -0.02442354895
v 0.005018628202 0.007789641619 -0.02389859594
v 0.00502768904 -0.00778379757 -0.02389859594
v 0.005040679593 0.007245930843 -0.01658907533
v 0.005049107131 -0.007240060717 -0.01658906415
v 0.005052269436 0.007870401256 -0.02352782525
v 0.00506142294 -0.00786451716 -0.02352783456
v 0.005067788996 0.006719929166 -0.02448870055
v 0.005075605121 -0.006714028306 -0.02448869497
v 0.00508630788 0.002117169788 -0.004417128395
v 0.005088767968 -0.002111250767 -0.004417134449
v 0.005091157276 0.00593530573 -0.0102245491
v 0.005098059773 -0.005929377861 -0.01022455469
v 0.00514975749 0.007446581498 -0.02424101532
v 0.005150395911 0.005039377138 -0.02008836344
v 0.005156255327 -0.005033380818 -0.02008836716
v 0.005158419721 -0.007440586109 -0.02424100973
v 0.005164490081 0.006651751697 -0.01342188288
v 0.005172226578 -0.006645738147 -0.0134218866
v 0.005185105838 3.016431492e-06 -0.003887864528
v 0.00523902569 0.004465591162 -0.007126967888
v 0.005242574029 0.006951695308 -0.02444563992
v 0.005244218744 -0.004459491465 -0.007126958575
v 0.005250659771 -0.006945590954 -0.02444562875
v 0.005255161785 0.007642478682 -0.02396189049
v 0.005264050793 -0.007636359893 -0.02396189049
v 0.005307507701 0.007739768364 -0.0236216858
v 0.005308463238 0.001426669653 -0.004373381846
v 0.005310120061 -0.001420491957 -0.004373377189
v 0.005316510331 -0.007733587176 -0.02362168022
v 0.005415400025 0.006443088874 -0.02448868752
v 0.005422892049 -0.006436783355 -0.02448869869
v 0.005434333812 0.007205970585 -0.02428205311
v 0.005442714784 -0.007199642248 -0.02428205311
v 0.00545296818 0.0007191820769 -0.004344994202
v 0.00545379892 -0.0007128362777 -0.004345007241
v 0.005469013471 0.002965891501 -0.005656441674
v 0.005472459365 -0.002959526377 -0.005656444002
v 0.005561558064 0.007402944379 -0.01970024407
v 0.005570169073 -0.007396467496 -0.01970023476
v 0.00557910651 0.007397940382 -0.02401676774
v 0.00558771193 -0.007391443942 -0.02401675656
v 0.005602173507 0.006665307097 -0.02444562875
v 0.005609924439 -0.006658784114 -0.02444563434
v 0.005649389233 0.007491134107 -0.02374750748
v 0.005651993677 0.004930005409 -0.02448869869
v 0.005651995074 0.004930005409 -0.02118676342
v 0.00565810129 -0.007484555244 -0.02374750748
v 0.005672567524 0.005390944891 -0.01010178216
v 0.005678837188 -0.005384340882 -0.0101017775
v 0.005687622819 0.003816056764 -0.007036453579
v 0.00569205964 -0.003809436923 -0.007036453113
v 0.005742527079 0.004824249074 -0.02427594364
v 0.005742527079 0.004824249074 -0.02118677087
v 0.005748136435 -0.004817563575 -0.02427593991
v 0.0057481369 -0.004817563575 -0.02118676715
v 0.005748919677 0.004816629924 -0.02448869869
v 0.00575451972 -0.004809936509 -0.02448869497
v 0.005782139488 0.002258622786 -0.005588703323
v 0.00578476442 -0.002251893515 -0.005588708445
v 0.00579797104 0.006839727052 -0.01639939658
v 0.005805925466 -0.006832975894 -0.01639940403
v 0.00580708636 0.006909105927 -0.02428204007
v 0.005815121811 -0.006902344991 -0.02428204007
v 0.005838663783 0.006173582748 -0.01325586531
v 0.005845843814 -0.006166784558 -0.01325586531
v 0.005855423864 0.004783231765 -0.01966265216
v 0.005860911682 -0.004776442889 -0.01966260746
v 0.005890662316 0.007504580542 -0.02243268117
v 0.005899501964 -0.007497428916 -0.02243258618
v 0.005936815869 0.00471468363 -0.01941473782
v 0.005942222662 -0.00470780069 -0.01941470243
v 0.005961789284 0.007093167864 -0.02401675656
v 0.005970038474 -0.007086226251 -0.02401676029
v 0.005984532181 0.004171974026 -0.01884348877
v 0.005985276774 -0.004667586647 -0.02448864467
v 0.00598761579 0.004583199508 -0.01918484829
v 0.005989304278 -0.004165038932 -0.01884345897
v 0.00599286845 -0.004576258827 -0.01918481477
v 0.005999139044 0.004659173079 -0.02448864654
v 0.006003778894 0.004397640936 -0.01898987778
v 0.006008814555 -0.004390682094 -0.01898985542
v 0.006024534348 0.001522831502 -0.005534536205
v 0.006026302464 -0.001515820739 -0.005534526426
v 0.006036890671 0.007182521746 -0.02374751493
v 0.006045243703 -0.007175492588 -0.02374751307
v 0.006088357419 0.00311513315 -0.006950667128
v 0.006091978867 -0.003108047182 -0.006950669922
v 0.006169619504 0.007350911386 -0.02276483364
v 0.006178243551 -0.00734348502 -0.02276474983
v 0.006181173027 0.0007680057315 -0.005498594604
v 0.006182062905 -0.0007608128944 -0.005498597398
v 0.006207304075 0.004438742064 -0.02448869869
v 0.006212466862 -0.004431516398 -0.02448868752
v 0.006223700475 0.004768449813 -0.009983696043
v 0.006229246035 -0.004761204589 -0.009983687662
v 0.006290724501 0.005591666326 -0.02448869683
v 0.006290879566 3.659973117e-06 -0.005578674842
v 0.006297225598 -0.005584342871 -0.02448869869
v 0.00635606749 0.00699094031 -0.01951817423
v 0.006364198867 -0.006983539555 -0.01951816864
v 0.006392223295 0.007108760998 -0.02308667079
v 0.006400533952 -0.007101126947 -0.02308659069
v 0.00642647082 0.002373209922 -0.006875107996
v 0.006429227535 -0.002365730936 -0.006875109859
v 0.006440139841 0.003986428492 -0.01903910935
v 0.006444780156 -0.003978929482 -0.01903911121
v 0.006479190663 0.005611537956 -0.01310358383
v 0.006485715043 -0.005603995174 -0.01310358569
v 0.006507687736 0.005784519017 -0.02444563434
v 0.006514412817 -0.005776943173 -0.02444563806
v 0.006519841496 0.006351371296 -0.0162258856
v 0.006520109717 0.004541744478 -0.0224174615
v 0.006525388453 -0.004534154665 -0.02241747454
v 0.006527227815 -0.006343780085 -0.01622587256
v 0.006656930782 0.003235173179 -0.008332323283
v 0.006660690531 -0.003227425041 -0.008332323283
v 0.006686938461 0.001600574586 -0.00681501301
v 0.006688796449 -0.001592792221 -0.006815011147
v 0.006719705649 0.003616437083 -0.02448869869
v 0.006723909173 -0.003608616302 -0.0244886931
v 0.006730622146 0.004078130238 -0.009873649105
v 0.006735363044 -0.004070295487 -0.00987364538
v 0.006745722611 0.005996101536 -0.02428204007
v 0.006752693094 -0.005988248624 -0.02428205125
v 0.006808222272 0.004365401343 -0.02255600691
v 0.006813297048 -0.004357476719 -0.02255601622
v 0.006822683848 0.006964224391 -0.02164123766
v 0.006831024308 -0.006955596618 -0.02164107002
v 0.006854559295 0.0008074407233 -0.006775320508
v 0.006855494808 -0.0007994641783 -0.006775312591
v 0.006925430615 0.006155840121 -0.02401676029
v 0.006927468814 0.006771586835 -0.02261017635
v 0.006932589225 -0.006147778127 -0.02401675843
v 0.006935344078 -0.006763521116 -0.02261017635
v 0.007012671325 0.006233386695 -0.02374751866
v 0.007013367023 0.004088346846 -0.02267628163
v 0.007015367039 0.002465402475 -0.008251990192
v 0.007018118165 -0.004080183338 -0.02267629467
v 0.007018230855 -0.002457238501 -0.008251986466
v 0.007019920275 -0.006225222722 -0.02374750935
v 0.007033636328 0.004622544162 -0.02448868565
v 0.007039009593 -0.00461435644 -0.0244886931
v 0.007067343686 0.006793685257 -0.02199107781
v 0.007075421046 -0.006784893572 -0.02199091762
v 0.007077782415 0.004966631532 -0.01296595577
v 0.007083555218 -0.004958392587 -0.01296596695
v 0.007108440157 0.006494821049 -0.01935331523
v 0.007115992717 -0.006486545783 -0.01935331896
v 0.007178593893 0.003331292188 -0.009775376879
v 0.007182464469 -0.003322937759 -0.009775386192
v 0.007198052481 0.005775945261 -0.01606882177
v 0.007204768248 -0.005767565686 -0.0160688255
v 0.007245960645 0.006541760638 -0.02233159356
v 0.00725366734 -0.006532880943 -0.02233144641
v 0.007276220713 0.004781972617 -0.02444563434
v 0.007281781174 -0.004773502704 -0.02444562688
v 0.007290258072 0.001663144561 -0.008189014159
v 0.007292188238 -0.00165465998 -0.008189018816
v 0.007293008734 0.004260940477 -0.0203523878
v 0.007297961973 -0.004252451938 -0.0203523878
v 0.007298148703 0.002229371807 -0.02448868752
v 0.00730073778 -0.00222087861 -0.02448868938
v 0.007339209784 4.269986675e-06 -0.0076865023
v 0.007396223489 0.004179467447 -0.02009802125
v 0.00740108313 -0.004170858301 -0.0200980138
v 0.007436412387 0.004107961431 -0.01997129805
v 0.007439733949 0.00571690686 -0.0237475168
v 0.007446382195 -0.005708245095 -0.02374751493
v 0.00746319769 0.004028153606 -0.01986446232
v 0.00746647967 0.0008392016171 -0.008147919551
v 0.007467450108 -0.0008305135416 -0.008147929795
v 0.007467879914 -0.004019466694 -0.0198644679
v 0.007469082717 0.003568303538 -0.01953323744
v 0.007473230828 -0.003559610806 -0.01953322627
v 0.007487976458 0.003818528494 -0.01967115887
v 0.007492415607 -0.003809813177 -0.019671157
v 0.007533282507 0.004104472697 -0.02013370581
v 0.007538053207 -0.004095703829 -0.02013370581
v 0.007542366162 0.00495688431 -0.02428204753
v 0.007548129186 -0.004948105197 -0.0242820438
v 0.007552874275 0.002539244248 -0.009692600928
v 0.007555824704 -0.002530454425 -0.009692589752
v 0.007572994567 0.004104495049 -0.0203532055
v 0.007577765733 -0.004095680546 -0.02035320364
v 0.007583541796 0.003862442216 -0.01979788207
v 0.007588029839 -0.003853615839 -0.01979788579
v 0.007593533956 0.0007558407378 -0.02448869869
v 0.007594408933 -0.0007470046985 -0.02448870055
v 0.007610810455 0.004058170132 -0.02049305104
v 0.007615527604 -0.004049311392 -0.02049304545
v 0.00762144383 0.00424975995 -0.01284465846
v 0.007626383565 -0.004240888637 -0.01284465659
v 0.007628495805 0.003556120908 -0.02448869124
v 0.007632628549 -0.003547243075 -0.0244886931
v 0.007719512098 0.003687944962 -0.0198274143
v 0.007723798975 -0.003678960027 -0.0198273994
v 0.00773852272 0.003862532554 -0.02005666494
v 0.007743011694 -0.003853525734 -0.02005666867
v 0.007743299007 0.005088937469 -0.0240167547
v 0.007749213837 -0.005079924595 -0.02401676401
v 0.007760799024 0.006225191988 -0.02091396041
v 0.007768381853 -0.006215165835 -0.02091372758
v 0.007792226039 0.003862564219 -0.02035349421
v 0.007796716411 -0.003853494534 -0.02035348304
v 0.007808753755 0.005908997729 -0.0192049183
v 0.007815624587 -0.00589990709 -0.01920490526
v 0.007817227393 0.002722308738 -0.01953322627
v 0.007820388302 -0.002713211114 -0.01953323372
v 0.007823105901 0.003737436375 -0.02061120048
v 0.007823276334 0.005114192143 -0.01592887193
v 0.00782744959 -0.003728330834 -0.02061120607
v 0.007829222828 -0.005105085671 -0.01592887007
v 0.007838688791 0.001713275793 -0.009628964588
v 0.007840678096 -0.001704154187 -0.009628959
v 0.007840841077 0.005153044127 -0.0237475168
v 0.007843777537 0.006036384031 -0.02182618529
v 0.007844325155 0.00374757289 -0.02020745352
v 0.007846832275 -0.005143917631 -0.02374751866
v 0.007848680951 -0.003738443134 -0.02020744607
v 0.007850494236 -0.006027086172 -0.02182630822
v 0.007891597226 0.003678769572 -0.02444563992
v 0.007895871997 -0.003669584868 -0.02444563992
v 0.00791450683 0.002424993319 -0.01953322627
v 0.007917321287 -0.002415783005 -0.01953323185
v 0.007950190455 0.006055800244 -0.02128382586
v 0.00795748271 -0.006045730319 -0.02128359675
v 0.008021234535 0.0008646695642 -0.009588124231
v 0.008022234775 -0.0008553351508 -0.009588122368
v 0.008062782697 0.002414845629 -0.0244886931
v 0.00806558691 -0.002405462554 -0.02448869869
v 0.008066869341 0.005817796104 -0.02164587751
v 0.008073782548 -0.005807766225 -0.02164567448
v 0.008096658625 0.003472904442 -0.01274145488
v 0.008100693114 -0.003463480854 -0.01274146419
v 0.008179868571 0.002506300574 -0.01982740685
v 0.008180251345 0.00381332892 -0.02428204753
v 0.008182779886 -0.00249678106 -0.01982740872
v 0.008184683509 -0.003803808708 -0.02428204566
v 0.008186027408 0.00122840039 -0.01953322813
v 0.008187450469 -0.00121887459 -0.01953323185
v 0.008225733414 0.000925914268 -0.01953322999
v 0.008226804435 -0.0009163423674 -0.01953323558
v 0.00824798923 4.798509053e-06 -0.01003183052
v 0.008277679794 4.815725333e-06 -0.01953322813
v 0.008289641701 0.002539934358 -0.02061119676
v 0.008292592131 -0.002530287718 -0.02061120048
v 0.008312124759 0.002546824282 -0.02020745538
v 0.008315083571 -0.002537150634 -0.02020744607
v 0.008327354677 0.001222739811 -0.02448869869
v 0.008328773081 -0.001213049632 -0.02448868938
v 0.00834086258 0.002498131944 -0.02444563434
v 0.008343763649 -0.0024884257 -0.02444563434
v 0.008373007178 0.004233841784 -0.02374751121
v 0.008377929218 -0.004224095028 -0.02374750748
v 0.008384161629 0.004377438687 -0.01580713689
v 0.008389250375 -0.004367679823 -0.01580713317
v 0.008398177102 0.003914917819 -0.02401676029
v 0.008402726613 -0.003905143822 -0.0240167547
v 0.008416645229 4.896743576e-06 -0.02448868752
v 0.00844716467 0.005233897828 -0.01907280833
v 0.008453248069 -0.005224064924 -0.01907281764
v 0.008460493758 0.001269587199 -0.01982741244
v 0.008461965248 -0.001259741955 -0.01982740685
v 0.008489911444 0.002648045076 -0.01265812479
v 0.008492986672 -0.002638165141 -0.01265812479
v 0.00850397069 0.003964235075 -0.02374751121
v 0.008508577012 -0.003954337444 -0.02374751121
v 0.008555219509 4.977309345e-06 -0.0198274143
v 0.008574031293 0.001286624814 -0.02061120234
v 0.008575523272 -0.001276647323 -0.02061119862
v 0.008597286418 0.00129011448 -0.02020745352
v 0.008598783053 -0.00128010998 -0.02020744979
v 0.008614560589 0.001264911029 -0.02444563247
v 0.008616027422 -0.001254886971 -0.02444562688
v 0.008627396077 0.0008587491466 -0.02061120421
v 0.008628389798 -0.000848709722 -0.02061120234
v 0.008634719998 0.005273450166 -0.02030052245
v 0.008642393164 -0.005261462647 -0.0202987548
v 0.008645949885 0.002589506796 -0.02428204566
v 0.008648956195 -0.002579445718 -0.02428205311
v 0.008670028299 5.044363661e-06 -0.02061120979
v 0.008693544194 5.057868293e-06 -0.02020745352
v 0.008706929162 5.065312962e-06 -0.0244456362
v 0.008769265376 0.005119194277 -0.02068802528
v 0.008776285686 -0.005107311066 -0.02068630606
v 0.008787688799 0.001787165063 -0.01259640325
v 0.008789762855 -0.001776938443 -0.01259640511
v 0.008825794794 0.004910036922 -0.02106898837
v 0.00883205235 -0.004898337647 -0.0210673213
v 0.008869130164 0.003578171832 -0.01570483297
v 0.008873286657 -0.003567849519 -0.0157048367
v 0.008876280859 0.002658492653 -0.02401676588
v 0.008879368193 -0.002648163354 -0.02401676774
v 0.008929658681 0.001311178203 -0.02428205125
v 0.0089311786 -0.00130078767 -0.02428204939
v 0.008976476267 0.0009022428421 -0.01255808398
v 0.00897752028 -0.000891797361 -0.01255807001
v 0.008988098241 0.002691982081 -0.02374750562
v 0.008991224691 -0.002681522863 -0.02374750935
v 0.009013984352 0.004481207579 -0.01895799488
v 0.009019191377 -0.004470716231 -0.01895800047
v 0.009025406092 5.250646609e-06 -0.02428205125
v 0.009042756632 5.260907528e-06 -0.01254491601
v 0.009050093591 0.004580780864 -0.02090526931
v 0.009055073373 -0.004570155405 -0.02090355195
v 0.0091675492 0.001346109319 -0.02401676029
v 0.009169108234 -0.001335441251 -0.02401676215
v 0.009265848435 5.390811111e-06 -0.02401675843
v 0.009266600944 0.002728878288 -0.01562317275
v 0.009269769304 -0.002718094504 -0.01562318113
v 0.009283034131 0.001363065909 -0.02374750748
v 0.009284613654 -0.001352263731 -0.02374751121
v 0.009316451848 5.420162324e-06 -0.01351890806
v 0.009341064841 0.0008815748733 -0.02374751307
v 0.009342084639 -0.0008707038942 -0.02374751307
v 0.009369167499 0.004163384438 -0.01979907788
v 0.009376323782 -0.004150143359 -0.01979606971
v 0.009382572025 5.458332453e-06 -0.02374750935
v 0.00946499221 0.004025042057 -0.02019910887
v 0.009471142665 -0.004011936951 -0.02019616216
v 0.009477377869 0.003844137071 -0.02059335075
v 0.009482521564 -0.003831268754 -0.02059048042
v 0.009499536827 0.003663846059 -0.01886157319
v 0.009503792971 -0.003652790328 -0.01886157133
v 0.009564996697 0.00184204604 -0.01556335948
v 0.00956713222 -0.001830915106 -0.01556336693
v 0.009752740152 0.0009301620303 -0.01552659459
v 0.009753816761 -0.0009188127005 -0.01552658342
v 0.00981825497 5.712129223e-06 -0.01551406179
v 0.009894149378 0.002794733038 -0.01878466085
v 0.009897395037 -0.002783218166 -0.01878466085
v 0.009910595603 0.002864266513 -0.02026217803
v 0.009913750924 -0.002851747675 -0.0202618707
v 0.009945940226 0.002916907659 -0.01939123869
v 0.00994942151 -0.002903839806 -0.01939097606
v 0.009985086508 0.002655272139 -0.02020272985
v 0.009987923317 -0.002642705804 -0.02020248398
v 0.01000886224 0.002800813643 -0.0197996106
v 0.0100120753 -0.002787946025 -0.01979935355
v 0.01015818957 5.910032996e-06 -0.01711869426
v 0.01018815208 0.001886786777 -0.01872833632
v 0.01019033976 -0.001874930342 -0.01872834936
v 0.01031694002 0.001366618904 -0.01992274448
v 0.01031940617 -0.00135164347 -0.01991857775
v 0.01033315156 0.001531134243 -0.01910103299
v 0.01033826638 -0.001515233074 -0.01909665018
v 0.01036859863 0.001456483151 -0.01951429993
v 0.01037186664 0.000952926348 -0.018693747
v 0.01037235651 -0.001440995955 -0.01951002143
v 0.01037296839 -0.0009408571059 -0.01869373769
v 0.01037549227 0.0009799049003 -0.01986834779
v 0.01037705969 -0.0009679818759 -0.01986532845
v 0.01040692814 0.0006919474108 -0.01983790658
v 0.01040819287 -0.0006784541765 -0.01983584836
v 0.0104386881 6.073010809e-06 -0.01980602741
v 0.01044299453 0.0007839928148 -0.01901337132
v 0.01044556405 -0.0007700637216 -0.0190111883
v 0.01046813745 0.0007418420864 -0.01942798123
v 0.01047012489 -0.0007280773716 -0.01942586526
v 0.01048298739 6.09908875e-06 -0.0189804472
v 0.01050380711 6.111195489e-06 -0.01939554513
f 2719 2717 2839
f 2839 2717 2837
f 2839 2837 2935
f 2935 2837 2932
f 2935 2932 2974
f 2974 2932 2973
f 2974 2973 2934
f 2934 2973 2933
f 2934 2933 2838
f 2838 2933 2836
f 2838 2836 2721
f 2721 2836 2718
f 2721 2718 2596
f 2596 2718 2595
f 2596 2595 2479
f 2479 2595 2478
f 2479 2478 2419
f 2419 2478 2418
f 2419 2418 2480
f 2480 2418 2477
f 2480 2477 2597
f 2597 2477 2594
f 2597 2594 2719
f 2719 2594 2717
f 3087 1575 1560
f 3087 1560 3092
f 3092 1560 1546
f 3092 1546 3095
f 3095 1546 1535
f 3095 1535 3103
f 2851 2852 2927
f 2521 2528 2695
f 2695 2528 2696
f 2695 2696 2922
f 2922 2696 2798
f 2922 2798 2841
f 2851 2927 2841
f 2841 2927 2922
f 2922 2927 3322
f 2922 3322 3319
f 3319 3322 3407
f 3319 3407 3554
f 3407 3557 3554
f 3554 3557 3736
f 3554 3736 3737
f 3737 3736 3797
f 3737 3797 3899
f 3899 3797 3897
f 3899 3897 4003
f 4056 4124 4003
f 4003 4124 4005
f 4003 4005 3899
f 4056 4119 4124
f 4124 4119 4228
f 4124 4228 4236
f 4236 4228 4459
f 4459 4228 4397
f 4459 4397 4448
f 4448 4597 4593
f 4563 4459 4574
f 4574 4459 4448
f 4574 4448 4589
f 4589 4448 4593
f 1209 1134 947
f 947 1134 1106
f 947 1106 790
f 1353 1348 1395
f 1395 1348 1302
f 1395 1302 1209
f 1209 1302 1214
f 1209 1214 1134
f 2680 2887 2888
f 718 729 760
f 760 729 790
f 760 790 864
f 864 790 1106
f 864 1106 1107
f 2680 2888 2444
f 2444 2888 1896
f 2444 1896 2001
f 1353 1395 2888
f 2888 1395 1665
f 2888 1665 1896
f 1106 1207 1107
f 1107 1207 1211
f 1207 1751 1211
f 1211 1751 1752
f 1211 1752 1408
f 1752 1751 1938
f 1938 1751 1994
f 1938 1994 2150
f 2150 1994 2148
f 2150 2148 2324
f 2324 2148 2279
f 2324 2279 2443
f 2443 2279 2439
f 2443 2439 2581
f 2581 2439 2580
f 2581 2580 2681
f 2681 2580 2679
f 3668 3609 3784
f 3784 3609 3556
f 3784 3556 3528
f 2681 2679 3291
f 3291 2679 3782
f 3291 3782 3404
f 4215 4198 3784
f 3784 4198 4192
f 4133 3722 4132
f 4132 3722 3721
f 4132 3721 3784
f 3784 3721 3692
f 3784 3692 3668
f 3404 3782 3462
f 3462 3782 3784
f 3462 3784 3494
f 3494 3784 3528
f 3494 3528 3508
f 4137 4132 4167
f 4167 4132 3784
f 4167 3784 4177
f 4177 3784 4192
f 3619 2904 3684
f 3684 2904 3233
f 3684 3233 3756
f 3756 3233 3516
f 3756 3516 3824
f 3824 3516 3747
f 3824 3747 3919
f 3919 3747 3953
f 3919 3953 3974
f 3974 3953 4094
f 3974 4094 4032
f 4032 4094 4251
f 4032 4251 4069
f 3619 3584 2904
f 2904 3584 3567
f 2904 3567 1389
f 1389 3567 3583
f 1389 3583 3620
f 2586 2383 3683
f 3683 2383 2087
f 3683 2087 3620
f 3620 2087 1746
f 3620 1746 1389
f 4543 4031 4572
f 4572 4031 4610
f 2586 3683 2634
f 2634 3683 3755
f 2634 3755 2675
f 2675 3755 3823
f 2675 3823 4399
f 3823 3920 4399
f 4399 3920 3975
f 4399 3975 4426
f 4426 3975 4031
f 4426 4031 4457
f 4457 4031 4543
f 4069 4251 4117
f 4117 4251 4481
f 4117 4481 4145
f 4145 4481 4617
f 4145 4617 4155
f 4155 4617 4639
f 4155 4639 4144
f 4144 4639 4619
f 4144 4619 4118
f 4118 4619 4535
f 4118 4535 4070
f 4070 4535 4573
f 4070 4573 4031
f 4031 4573 4604
f 4031 4604 4610
f 4591 4573 4535
f 4573 4591 4604
f 4619 4625 4535
f 4535 4625 4552
f 4535 4552 4591
f 4590 4591 4552
f 4589 4590 4574
f 4574 4590 4563
f 4563 4590 4551
f 4551 4590 4552
f 4551 4552 4576
f 4576 4552 4625
f 4576 4625 4624
f 2911 2908 2680
f 2922 2911 2695
f 2695 2911 2680
f 2695 2680 2521
f 2521 2680 2444
f 2521 2444 2367
f 2367 2444 2001
f 2908 2907 2680
f 2680 2907 2918
f 2680 2918 2887
f 2887 2918 2949
f 2887 2949 2919
f 2949 2955 2919
f 2919 2955 3080
f 2919 3080 3059
f 3059 3080 3198
f 3059 3198 3177
f 3198 3367 3177
f 3177 3367 3395
f 3177 3395 3378
f 3378 3395 3490
f 3378 3490 3513
f 3513 3490 3582
f 3513 3582 3553
f 3553 3582 3648
f 3582 3695 3648
f 3648 3695 3711
f 3648 3711 3744
f 3744 3711 3809
f 3744 3809 3898
f 3898 3809 3907
f 3898 3907 3954
f 3954 3907 3941
f 3954 3941 4028
f 4028 3941 4000
f 4028 4000 4099
f 4099 4000 4063
f 4063 4075 4099
f 4099 4075 4125
f 4099 4125 4188
f 4125 4159 4188
f 4188 4159 4187
f 4188 4187 4256
f 4366 4458 4231
f 4231 4458 4256
f 4231 4256 4221
f 4221 4256 4187
f 4456 4459 4563
f 4366 4424 4458
f 4458 4424 4439
f 4458 4439 4490
f 4490 4439 4494
f 4490 4494 4562
f 4563 4551 4456
f 4456 4551 4576
f 4456 4576 4464
f 4562 4494 4622
f 4622 4494 4524
f 4622 4524 4640
f 4640 4524 4541
f 4640 4541 4654
f 4654 4541 4549
f 4654 4549 4641
f 4641 4549 4539
f 4641 4539 4624
f 4624 4539 4519
f 4624 4519 4576
f 4576 4519 4491
f 4576 4491 4464
f 3463 2922 3529
f 3529 2922 3319
f 3529 3319 3565
f 3565 3319 3554
f 3565 3554 3688
f 3463 3329 2922
f 2922 3329 3309
f 2922 3309 3125
f 3125 3019 2922
f 2922 3019 2936
f 2922 2936 2911
f 3688 3554 3783
f 3783 3554 3737
f 3783 3737 3886
f 3886 3737 3899
f 3886 3899 3906
f 3906 3899 3976
f 3976 3899 4005
f 3976 4005 4043
f 4043 4005 4124
f 4043 4124 4102
f 4456 4398 4459
f 4459 4398 4252
f 4459 4252 4236
f 4236 4252 4182
f 4236 4182 4124
f 4124 4182 4115
f 4124 4115 4102
f 4641 4624 4625
f 4641 4625 4654
f 4654 4625 4656
f 4654 4656 4640
f 4640 4656 4623
f 4640 4623 4622
f 4622 4623 4562
f 4562 4623 4493
f 4562 4493 4490
f 4490 4493 4458
f 4458 4493 4257
f 4458 4257 4256
f 4256 4257 4188
f 4188 4257 4100
f 4188 4100 4099
f 4099 4100 4028
f 4028 4100 3956
f 4028 3956 3954
f 3954 3956 3898
f 3898 3956 3745
f 3898 3745 3744
f 3744 3745 3648
f 3648 3745 3514
f 3648 3514 3553
f 3183 3378 3514
f 3514 3378 3513
f 3514 3513 3553
f 2888 2887 3183
f 3183 2887 2919
f 2919 3059 3183
f 3183 3059 3177
f 3183 3177 3378
f 2888 2904 1353
f 1353 2904 1389
f 1383 1348 1389
f 1389 1348 1353
f 1213 1207 1106
f 1213 1106 1245
f 1106 1134 1245
f 1245 1134 1214
f 1245 1214 1301
f 1301 1214 1302
f 1301 1302 1340
f 1340 1302 1348
f 1340 1348 1383
f 1389 1746 1383
f 1383 1746 1747
f 1383 1747 1340
f 1340 1747 1748
f 1340 1748 1301
f 1301 1748 1750
f 1301 1750 1245
f 1245 1750 1213
f 1213 1750 1751
f 1213 1751 1207
f 2383 2586 2530
f 2087 2383 2344
f 1746 2087 2048
f 1746 2048 1747
f 1747 2048 2021
f 1747 2021 1748
f 1748 2021 2004
f 1748 2004 1750
f 1750 2004 1994
f 1750 1994 1751
f 2287 2279 2148
f 2087 2344 2048
f 2048 2344 2315
f 2048 2315 2021
f 2021 2315 2287
f 2021 2287 2004
f 2004 2287 2148
f 2004 2148 1994
f 2383 2530 2344
f 2344 2530 2499
f 2344 2499 2315
f 2315 2499 2465
f 2315 2465 2287
f 2287 2465 2439
f 2287 2439 2279
f 2634 2675 2676
f 2586 2634 2614
f 2586 2614 2530
f 2530 2614 2599
f 2530 2599 2499
f 2499 2599 2585
f 2499 2585 2465
f 2465 2585 2580
f 2465 2580 2439
f 2634 2676 2614
f 2614 2676 2677
f 2614 2677 2599
f 2599 2677 2678
f 2599 2678 2585
f 2585 2678 2679
f 2585 2679 2580
f 2678 2677 3802
f 2676 2675 4399
f 3782 2679 3786
f 3786 2679 2678
f 3786 2678 3790
f 3790 2678 3802
f 4403 3802 4402
f 4402 3802 2677
f 4402 2677 4401
f 4401 2677 2676
f 4401 2676 4400
f 4400 2676 4399
f 4480 4500 4449
f 4399 4430 4400
f 4400 4430 4443
f 4400 4443 4401
f 4401 4443 4402
f 4426 4457 4480
f 4403 4402 4449
f 4449 4402 4443
f 4449 4443 4480
f 4480 4443 4430
f 4480 4430 4426
f 4426 4430 4399
f 2904 2888 3183
f 2904 3183 3233
f 3233 3183 3514
f 3233 3514 3516
f 3516 3514 3745
f 3516 3745 3747
f 3747 3745 3956
f 3747 3956 3953
f 3953 3956 4100
f 3953 4100 4094
f 4094 4100 4257
f 4094 4257 4251
f 4251 4257 4493
f 4251 4493 4481
f 4481 4493 4623
f 4481 4623 4617
f 4617 4623 4656
f 4617 4656 4639
f 4639 4656 4625
f 4639 4625 4619
f 3840 3823 3765
f 3765 3823 3755
f 3765 3755 3707
f 3707 3755 3683
f 3707 3683 3654
f 3654 3683 3620
f 3654 3620 3617
f 3617 3620 3583
f 3617 3583 3601
f 3601 3583 3567
f 3601 3567 3616
f 3616 3567 3584
f 3616 3584 3653
f 3653 3584 3619
f 3653 3619 3708
f 3708 3619 3684
f 3708 3684 3764
f 3764 3684 3756
f 3764 3756 3841
f 3841 3756 3824
f 3841 3824 3918
f 3918 3824 3919
f 3918 3919 3969
f 3969 3919 3974
f 3969 3974 4011
f 4011 3974 4032
f 4011 4032 4055
f 4055 4032 4069
f 4055 4069 4086
f 4086 4069 4117
f 4086 4117 4122
f 4122 4117 4145
f 4122 4145 4135
f 4135 4145 4155
f 4135 4155 4121
f 4121 4155 4144
f 4121 4144 4087
f 4087 4144 4118
f 4087 4118 4054
f 4054 4118 4070
f 4054 4070 4012
f 4012 4070 4031
f 4012 4031 3970
f 3970 4031 3975
f 3970 3975 3917
f 3917 3975 3920
f 3917 3920 3840
f 3840 3920 3823
f 4148 4201 4187
f 4398 4456 4428
f 4428 4456 4464
f 4428 4464 4470
f 4470 4464 4491
f 4470 4491 4477
f 4428 4373 4398
f 4398 4373 4326
f 4398 4326 4252
f 4326 4240 4252
f 4252 4240 4172
f 4252 4172 4182
f 4182 4172 4152
f 4182 4152 4115
f 4115 4152 4104
f 4115 4104 4102
f 4102 4104 4080
f 4102 4080 4043
f 4043 4080 4030
f 4043 4030 3976
f 3806 3783 3867
f 3867 3783 3886
f 3867 3886 3958
f 3958 3886 3906
f 3958 3906 3962
f 3962 3906 3976
f 3962 3976 3988
f 3988 3976 4030
f 3806 3771 3783
f 3783 3771 3757
f 3783 3757 3688
f 3688 3757 3650
f 3688 3650 3565
f 3565 3650 3574
f 3565 3574 3529
f 3529 3574 3546
f 3529 3546 3463
f 3463 3546 3440
f 3463 3440 3329
f 3329 3440 3309
f 3440 3337 3309
f 3309 3337 3320
f 3309 3320 3125
f 3125 3320 3137
f 3125 3137 3019
f 3137 3097 3019
f 3019 3097 3069
f 3019 3069 2936
f 2936 3069 2961
f 2936 2961 2911
f 2911 2961 2945
f 2911 2945 2908
f 2908 2945 2907
f 2945 2939 2907
f 2907 2939 2938
f 2907 2938 2918
f 2918 2938 2953
f 2918 2953 2949
f 2949 2953 2955
f 2955 2953 3012
f 2955 3012 3080
f 3012 3066 3080
f 3080 3066 3119
f 3080 3119 3198
f 3119 3267 3198
f 3198 3267 3280
f 3198 3280 3367
f 3367 3280 3336
f 3367 3336 3395
f 3395 3336 3418
f 3395 3418 3490
f 3490 3418 3522
f 3490 3522 3582
f 3522 3573 3582
f 3582 3573 3622
f 3582 3622 3695
f 3695 3622 3644
f 3695 3644 3711
f 3711 3644 3743
f 3711 3743 3809
f 3743 3805 3809
f 3809 3805 3842
f 3809 3842 3907
f 3907 3842 3856
f 3907 3856 3941
f 3941 3856 3950
f 3941 3950 4000
f 3950 3985 4000
f 4000 3985 4004
f 4000 4004 4063
f 4063 4004 4065
f 4187 4159 4148
f 4148 4159 4125
f 4148 4125 4065
f 4065 4125 4075
f 4065 4075 4063
f 4366 4231 4201
f 4201 4231 4221
f 4201 4221 4187
f 4468 4494 4423
f 4423 4494 4439
f 4423 4439 4414
f 4414 4439 4424
f 4414 4424 4325
f 4325 4424 4366
f 4325 4366 4277
f 4277 4366 4201
f 4468 4476 4494
f 4494 4476 4484
f 4494 4484 4524
f 4524 4484 4506
f 4524 4506 4541
f 4541 4506 4518
f 4541 4518 4549
f 4549 4518 4525
f 4549 4525 4539
f 4539 4525 4521
f 4539 4521 4519
f 4519 4521 4504
f 4519 4504 4491
f 4491 4504 4485
f 4491 4485 4477
f 4009 4012 3970
f 4009 3970 3915
f 4012 4009 4054
f 4054 4009 4084
f 4054 4084 4087
f 4087 4084 4121
f 4121 4084 4134
f 4121 4134 4135
f 4135 4134 4122
f 4122 4134 4085
f 4122 4085 4086
f 4086 4085 4055
f 4055 4085 4010
f 4055 4010 4011
f 3916 3918 4010
f 4010 3918 3969
f 4010 3969 4011
f 3763 3652 3653
f 3653 3708 3763
f 3763 3708 3764
f 3763 3764 3916
f 3916 3764 3841
f 3916 3841 3918
f 3600 3651 3654
f 3654 3617 3600
f 3600 3617 3601
f 3600 3601 3652
f 3652 3601 3616
f 3652 3616 3653
f 3970 3917 3915
f 3915 3917 3840
f 3915 3840 3762
f 3762 3840 3765
f 3762 3765 3651
f 3651 3765 3707
f 3651 3707 3654
f 3622 3573 3575
f 4477 4485 4487
f 4487 4485 4504
f 4487 4504 4527
f 4527 4504 4521
f 4326 4373 4328
f 4328 4373 4428
f 4328 4428 4487
f 4487 4428 4470
f 4487 4470 4477
f 4326 4328 4240
f 4240 4328 4151
f 4240 4151 4172
f 4030 4080 3987
f 3987 4080 4104
f 3987 4104 4151
f 4151 4104 4152
f 4151 4152 4172
f 3771 3806 3803
f 3803 3806 3867
f 3867 3958 3803
f 3803 3958 3962
f 3803 3962 3987
f 3987 3962 3988
f 3987 3988 4030
f 3546 3574 3576
f 3576 3574 3650
f 3576 3650 3803
f 3803 3650 3757
f 3803 3757 3771
f 3137 3339 3097
f 3097 3339 3068
f 3097 3068 3069
f 3137 3320 3339
f 3339 3320 3337
f 3339 3337 3576
f 3576 3337 3440
f 3576 3440 3546
f 2938 2939 2940
f 2940 2939 2945
f 2940 2945 3068
f 3068 2945 2961
f 3068 2961 3069
f 2938 2940 2953
f 2953 2940 3067
f 2953 3067 3012
f 3280 3267 3338
f 3338 3267 3119
f 3338 3119 3067
f 3067 3119 3066
f 3067 3066 3012
f 3573 3522 3575
f 3575 3522 3418
f 3575 3418 3338
f 3338 3418 3336
f 3338 3336 3280
f 3804 3743 3575
f 3575 3743 3644
f 3575 3644 3622
f 3856 3842 3804
f 3804 3842 3805
f 3804 3805 3743
f 3856 3804 3950
f 3950 3804 3986
f 3950 3986 3985
f 4201 4148 4150
f 4150 4148 4065
f 4150 4065 3986
f 3986 4065 4004
f 3986 4004 3985
f 4484 4476 4486
f 4486 4476 4468
f 4486 4468 4327
f 4327 4468 4423
f 4423 4414 4327
f 4327 4414 4325
f 4327 4325 4150
f 4150 4325 4277
f 4150 4277 4201
f 4521 4525 4527
f 4527 4525 4518
f 4527 4518 4486
f 4486 4518 4506
f 4486 4506 4484
f 4001 4010 4067
f 4067 4010 4085
f 4067 4085 4101
f 4101 4085 4134
f 4101 4134 4068
f 4068 4134 4084
f 4068 4084 4002
f 4002 4084 4009
f 4002 4009 3913
f 3913 4009 3915
f 3913 3915 3781
f 3781 3915 3762
f 3781 3762 3686
f 3686 3762 3651
f 3686 3651 3645
f 3645 3651 3600
f 3645 3600 3685
f 3685 3600 3652
f 3685 3652 3780
f 3780 3652 3763
f 3780 3763 3914
f 3914 3763 3916
f 3914 3916 4001
f 4001 3916 4010
f 4002 4328 4068
f 4068 4328 4487
f 4068 4487 4101
f 4487 4527 4101
f 4101 4527 4486
f 4101 4486 4067
f 4067 4486 4327
f 4067 4327 4001
f 3781 3803 3913
f 3913 3803 3987
f 3913 3987 4002
f 4002 3987 4151
f 4002 4151 4328
f 4327 4150 4001
f 4001 4150 3986
f 4001 3986 3914
f 3914 3986 3804
f 3914 3804 3780
f 3645 3068 3686
f 3686 3068 3339
f 3686 3339 3781
f 3781 3339 3576
f 3781 3576 3803
f 3804 3575 3780
f 3780 3575 3338
f 3780 3338 3685
f 3685 3338 3067
f 3685 3067 3645
f 3645 3067 2940
f 3645 2940 3068
f 2364 2446 2560
f 2560 2446 2559
f 2560 2559 2648
f 2445 2365 2560
f 2560 2365 2334
f 2560 2334 2364
f 2714 2647 2560
f 2560 2647 2558
f 2560 2558 2445
f 2648 2713 2560
f 2560 2713 2747
f 2560 2747 2714
f 2648 2686 2713
f 2713 2686 2774
f 2713 2774 2747
f 2747 2774 2800
f 2747 2800 2714
f 2714 2800 2775
f 2714 2775 2647
f 2647 2775 2685
f 2647 2685 2558
f 2558 2685 2564
f 2558 2564 2445
f 2445 2564 2399
f 2445 2399 2365
f 2365 2399 2281
f 2365 2281 2334
f 2334 2281 2219
f 2334 2219 2364
f 2364 2219 2280
f 2364 2280 2446
f 2446 2280 2398
f 2446 2398 2559
f 2559 2398 2565
f 2559 2565 2648
f 2648 2565 2686
f 2929 2964 3243
f 3243 2964 3311
f 3243 3311 3348
f 3348 3311 3419
f 3348 3419 3306
f 3306 3419 3394
f 3306 3394 3102
f 3102 3394 3133
f 3102 3133 2826
f 2826 3133 2835
f 2826 2835 2611
f 2611 2835 2598
f 2611 2598 2353
f 2353 2598 2289
f 2353 2289 2130
f 2130 2289 1997
f 2130 1997 2084
f 2084 1997 1954
f 2084 1954 2234
f 2234 1954 2122
f 2234 2122 2488
f 2488 2122 2427
f 2488 2427 2729
f 2729 2427 2734
f 2729 2734 2929
f 2929 2734 2964
f 3064 2818 2719
f 2719 2818 2622
f 2719 2622 2597
f 2597 2622 2389
f 2597 2389 2480
f 2480 2389 2204
f 2480 2204 2419
f 2419 2204 2153
f 2419 2153 2479
f 2479 2153 2290
f 2479 2290 2596
f 2596 2290 2514
f 2596 2514 2721
f 2721 2514 2720
f 2721 2720 2838
f 2838 2720 2910
f 2838 2910 2934
f 2934 2910 3128
f 2934 3128 2974
f 2974 3128 3287
f 2974 3287 2935
f 2935 3287 3268
f 2935 3268 2839
f 2839 3268 3064
f 2839 3064 2719
f 2729 2726 2488
f 2488 2726 2487
f 2488 2487 2234
f 2234 2487 2233
f 2234 2233 2084
f 2084 2233 2083
f 2084 2083 2130
f 2130 2083 2129
f 2130 2129 2353
f 2353 2129 2352
f 2353 2352 2611
f 2611 2352 2610
f 2611 2610 2826
f 2826 2610 2825
f 2826 2825 3102
f 3102 2825 3101
f 3102 3101 3306
f 3306 3101 3305
f 3306 3305 3348
f 3348 3305 3346
f 3348 3346 3243
f 3243 3346 3242
f 3243 3242 2929
f 2929 3242 2928
f 2929 2928 2729
f 2729 2928 2726
f 2910 2928 3128
f 3128 2928 3242
f 3128 3242 3287
f 3287 3242 3346
f 3287 3346 3268
f 3268 3346 3305
f 3268 3305 3064
f 3064 3305 3101
f 3064 3101 2818
f 2818 3101 2825
f 2818 2825 2622
f 2622 2825 2610
f 2622 2610 2389
f 2389 2610 2352
f 2389 2352 2204
f 2204 2352 2129
f 2204 2129 2153
f 2153 2129 2083
f 2153 2083 2290
f 2290 2083 2233
f 2290 2233 2514
f 2514 2233 2487
f 2514 2487 2720
f 2720 2487 2726
f 2720 2726 2910
f 2910 2726 2928
f 2595 2331 2478
f 2478 2331 2101
f 2478 2101 2418
f 2418 2101 2044
f 2418 2044 2477
f 2477 2044 2209
f 2477 2209 2594
f 2594 2209 2462
f 2594 2462 2717
f 2717 2462 2704
f 2717 2704 2837
f 2837 2704 2917
f 2837 2917 2932
f 2932 2917 3191
f 2932 3191 2973
f 2973 3191 3323
f 2973 3323 2933
f 2933 3323 3284
f 2933 3284 2836
f 2836 3284 3086
f 2836 3086 2718
f 2718 3086 2811
f 2718 2811 2595
f 2595 2811 2600
f 2595 2600 2331
f 3114 3083 3086
f 2330 2229 2331
f 2331 2229 2114
f 2331 2114 2101
f 2330 2331 2350
f 2350 2331 2600
f 2350 2600 2482
f 2773 2705 2811
f 2811 2705 2703
f 2811 2703 2600
f 2600 2703 2602
f 2600 2602 2482
f 3083 2963 3086
f 3086 2963 2863
f 3086 2863 2811
f 2811 2863 2806
f 2811 2806 2773
f 3114 3086 3260
f 3260 3086 3284
f 3260 3284 3282
f 3315 3321 3323
f 3323 3321 3328
f 3323 3328 3284
f 3284 3328 3300
f 3284 3300 3282
f 3115 3189 3191
f 3191 3189 3263
f 3191 3263 3323
f 3323 3263 3302
f 3323 3302 3315
f 3115 3191 2960
f 2960 3191 2917
f 2960 2917 2914
f 2650 2702 2704
f 2704 2702 2758
f 2704 2758 2917
f 2917 2758 2856
f 2917 2856 2914
f 2209 2210 2462
f 2462 2210 2295
f 2295 2400 2462
f 2462 2400 2461
f 2462 2461 2704
f 2704 2461 2541
f 2704 2541 2650
f 2044 2042 2209
f 2209 2042 2050
f 2209 2050 2096
f 2096 2154 2209
f 2209 2154 2184
f 2209 2184 2210
f 2114 2108 2101
f 2101 2108 2054
f 2101 2054 2044
f 2044 2054 2034
f 2044 2034 2042
f 4505 4500 4509
f 4509 4500 4480
f 4509 4480 4513
f 4513 4480 4522
f 4522 4480 4457
f 4522 4457 4543
f 2569 2565 2402
f 2402 2565 2398
f 2402 2398 2282
f 2282 2398 2280
f 2282 2280 2220
f 2220 2280 2219
f 2220 2219 2283
f 2283 2219 2281
f 2283 2281 2401
f 2401 2281 2399
f 2401 2399 2568
f 2568 2399 2564
f 2568 2564 2688
f 2688 2564 2685
f 2688 2685 2777
f 2777 2685 2775
f 2777 2775 2801
f 2801 2775 2800
f 2801 2800 2776
f 2776 2800 2774
f 2776 2774 2687
f 2687 2774 2686
f 2687 2686 2569
f 2569 2686 2565
f 2687 2736 2776
f 2776 2736 2822
f 2776 2822 2801
f 2801 2822 2860
f 2801 2860 2777
f 2777 2860 2823
f 2777 2823 2688
f 2688 2823 2735
f 2688 2735 2568
f 2568 2735 2572
f 2568 2572 2401
f 2401 2572 2360
f 2401 2360 2283
f 2283 2360 2187
f 2283 2187 2220
f 2220 2187 2102
f 2220 2102 2282
f 2282 2102 2188
f 2282 2188 2402
f 2402 2188 2361
f 2402 2361 2569
f 2569 2361 2573
f 2569 2573 2687
f 2687 2573 2736
f 3169 1858 1876
f 2618 3171 2392
f 2392 3171 3172
f 1876 1890 3169
f 3169 1890 1956
f 3169 1956 3172
f 3172 1956 2186
f 3172 2186 2392
f 490 692 429
f 490 429 372
f 429 383 372
f 372 383 288
f 372 288 291
f 2144 2225 2145
f 2145 2225 2260
f 2145 2260 2307
f 2307 2260 2277
f 2307 2277 2333
f 2366 2354 2277
f 2277 2354 2345
f 2277 2345 2333
f 678 1654 960
f 960 1654 1701
f 1701 1792 960
f 960 1792 1911
f 960 1911 1057
f 1048 1206 513
f 513 1206 1294
f 513 1294 514
f 514 1294 1377
f 514 1377 678
f 678 1377 1612
f 678 1612 1654
f 296 422 426
f 296 426 407
f 426 493 407
f 407 493 589
f 407 589 513
f 513 589 649
f 513 649 1048
f 185 129 282
f 282 314 185
f 185 314 349
f 185 349 296
f 296 349 392
f 296 392 422
f 1911 2043 1057
f 1057 2043 2036
f 1057 2036 1184
f 1184 2036 2029
f 1184 2029 1229
f 1229 2029 2091
f 1229 2091 1253
f 1253 2091 2145
f 1253 2145 1290
f 1290 2145 2307
f 1290 2307 1291
f 1291 2307 2333
f 1291 2333 1277
f 1277 2333 2194
f 1277 2194 1234
f 1234 2194 2015
f 1234 2015 1183
f 1183 2015 1157
f 1157 2015 1969
f 1157 1969 1070
f 1070 1969 1863
f 1070 1863 990
f 990 1863 912
f 912 1863 1841
f 912 1841 802
f 802 1841 1679
f 802 1679 650
f 650 1679 1615
f 650 1615 590
f 590 1615 1276
f 590 1276 428
f 428 1276 936
f 428 936 399
f 936 850 399
f 399 850 792
f 399 792 364
f 364 792 597
f 364 597 306
f 306 597 257
f 257 597 508
f 257 508 188
f 188 508 160
f 160 508 487
f 160 487 128
f 285 282 129
f 604 476 1366
f 458 410 1062
f 1062 410 754
f 1576 1366 1359
f 1359 1366 476
f 1359 476 1177
f 1177 476 458
f 1177 458 1077
f 1077 458 1062
f 410 400 754
f 754 400 373
f 754 373 689
f 689 373 361
f 689 361 603
f 603 361 311
f 603 311 584
f 584 311 263
f 584 263 566
f 566 263 197
f 566 197 492
f 492 197 179
f 492 179 489
f 489 179 128
f 489 128 487
f 604 1366 622
f 622 1366 1428
f 622 1428 829
f 829 1428 1592
f 829 1592 866
f 866 1592 1749
f 866 1749 993
f 993 1749 1108
f 1108 1749 1853
f 1108 1853 1166
f 1853 1947 1166
f 1166 1947 1960
f 1166 1960 1271
f 1271 1960 2121
f 1271 2121 1289
f 1197 1967 1063
f 1063 1967 1897
f 1063 1897 966
f 1289 2121 1288
f 1288 2121 2288
f 1288 2288 1238
f 1238 2288 2124
f 1238 2124 1197
f 1197 2124 1982
f 1197 1982 1967
f 1897 1880 966
f 966 1880 1723
f 966 1723 687
f 1322 512 1542
f 1542 512 687
f 1542 687 1651
f 1651 687 1723
f 1322 974 512
f 512 974 832
f 512 832 471
f 471 832 596
f 471 596 411
f 411 596 558
f 411 558 408
f 408 558 469
f 408 469 366
f 293 310 413
f 366 469 310
f 310 469 424
f 310 424 413
f 293 413 248
f 248 413 371
f 248 371 187
f 302 291 288
f 371 346 187
f 187 346 326
f 187 326 161
f 161 326 152
f 326 302 152
f 152 302 288
f 152 288 134
f 134 288 285
f 134 285 132
f 132 285 129
f 2121 2157 2288
f 2288 2157 2305
f 2317 2305 2278
f 2278 2305 2157
f 2278 2157 2094
f 2094 2157 2121
f 2094 2121 1960
f 316 329 357
f 171 138 104
f 131 139 106
f 332 317 340
f 238 299 324
f 101 127 102
f 102 127 133
f 102 133 126
f 178 173 124
f 124 173 157
f 124 157 101
f 101 157 130
f 101 130 127
f 324 271 238
f 238 271 251
f 238 251 178
f 178 251 202
f 178 202 173
f 340 358 332
f 332 358 360
f 332 360 325
f 325 360 353
f 325 353 299
f 299 353 330
f 299 330 324
f 195 250 259
f 259 250 297
f 259 297 317
f 317 297 331
f 317 331 340
f 106 139 148
f 139 172 148
f 148 172 175
f 148 175 195
f 195 175 229
f 195 229 250
f 230 176 149
f 249 198 265
f 357 339 316
f 316 339 327
f 316 327 265
f 265 327 301
f 265 301 249
f 286 328 323
f 323 328 350
f 323 350 329
f 329 350 359
f 329 359 357
f 133 163 126
f 126 163 170
f 126 170 186
f 186 170 217
f 186 217 225
f 225 217 252
f 225 252 286
f 286 252 319
f 286 319 328
f 198 174 236
f 198 236 265
f 265 236 284
f 265 284 316
f 316 284 312
f 316 312 329
f 329 312 303
f 329 303 323
f 323 303 253
f 323 253 286
f 286 253 194
f 286 194 225
f 225 194 158
f 225 158 186
f 186 158 100
f 186 100 126
f 126 100 73
f 126 73 102
f 102 73 68
f 102 68 101
f 101 68 95
f 101 95 124
f 124 95 154
f 124 154 178
f 178 154 206
f 178 206 238
f 238 206 267
f 238 267 299
f 299 267 307
f 299 307 325
f 325 307 313
f 325 313 332
f 332 313 287
f 332 287 317
f 317 287 233
f 317 233 259
f 259 233 169
f 259 169 195
f 195 169 111
f 195 111 148
f 148 111 81
f 148 81 106
f 174 156 220
f 174 220 236
f 236 220 268
f 236 268 284
f 284 268 294
f 284 294 312
f 312 294 278
f 312 278 303
f 303 278 239
f 303 239 253
f 253 239 180
f 253 180 194
f 194 180 136
f 194 136 158
f 158 136 83
f 158 83 100
f 100 83 52
f 100 52 73
f 73 52 51
f 73 51 68
f 68 51 72
f 68 72 95
f 95 72 125
f 95 125 154
f 154 125 189
f 154 189 206
f 206 189 247
f 206 247 267
f 267 247 283
f 267 283 307
f 307 283 295
f 307 295 313
f 313 295 269
f 313 269 287
f 287 269 216
f 287 216 233
f 233 216 155
f 233 155 169
f 169 155 93
f 169 93 111
f 111 93 55
f 111 55 81
f 156 145 204
f 156 204 220
f 220 204 254
f 220 254 268
f 268 254 280
f 268 280 294
f 294 280 272
f 294 272 278
f 278 272 228
f 278 228 239
f 239 228 166
f 239 166 180
f 180 166 123
f 180 123 136
f 136 123 67
f 136 67 83
f 83 67 39
f 83 39 52
f 52 39 36
f 52 36 51
f 51 36 56
f 51 56 72
f 72 56 113
f 72 113 125
f 125 113 181
f 125 181 189
f 189 181 243
f 189 243 247
f 247 243 276
f 247 276 283
f 283 276 281
f 283 281 295
f 295 281 255
f 295 255 269
f 269 255 201
f 269 201 216
f 216 201 137
f 216 137 155
f 155 137 78
f 155 78 93
f 93 78 46
f 93 46 55
f 138 131 104
f 104 131 106
f 104 106 77
f 77 106 81
f 77 81 54
f 54 81 55
f 54 55 44
f 44 55 46
f 44 46 30
f 30 35 44
f 44 35 79
f 44 79 54
f 54 79 94
f 54 94 77
f 77 94 112
f 77 112 104
f 104 112 149
f 104 149 171
f 171 149 176
f 35 71 79
f 79 71 145
f 79 145 94
f 94 145 156
f 94 156 112
f 112 156 174
f 112 174 149
f 149 174 198
f 149 198 230
f 230 198 249
f 71 120 145
f 145 120 141
f 145 141 204
f 204 141 207
f 204 207 254
f 254 207 260
f 254 260 280
f 280 260 289
f 280 289 272
f 272 289 277
f 272 277 228
f 228 277 231
f 228 231 166
f 166 231 167
f 166 167 123
f 123 167 122
f 123 122 67
f 67 122 60
f 67 60 39
f 39 60 33
f 39 33 36
f 36 33 28
f 36 28 56
f 56 28 53
f 56 53 113
f 113 53 110
f 113 110 181
f 181 110 184
f 181 184 243
f 243 184 245
f 243 245 276
f 276 245 279
f 276 279 281
f 281 279 290
f 281 290 255
f 255 290 262
f 255 262 201
f 201 262 203
f 201 203 137
f 137 203 135
f 137 135 78
f 78 135 70
f 78 70 46
f 46 70 37
f 46 37 30
f 118 71 80
f 80 71 35
f 31 29 30
f 30 29 27
f 30 27 35
f 35 27 74
f 35 74 80
f 31 30 34
f 34 30 37
f 34 37 47
f 47 37 76
f 76 37 70
f 76 70 91
f 91 70 121
f 121 70 135
f 121 135 199
f 199 135 203
f 199 203 355
f 279 347 290
f 290 347 355
f 290 355 262
f 262 355 203
f 279 245 347
f 347 245 184
f 347 184 334
f 334 184 110
f 334 110 196
f 573 363 423
f 423 363 369
f 573 653 615
f 615 653 734
f 615 734 937
f 795 595 615
f 615 595 475
f 615 475 573
f 573 475 355
f 573 355 363
f 363 355 347
f 363 347 369
f 937 1054 615
f 615 1054 1103
f 615 1103 1102
f 1102 984 615
f 615 984 857
f 615 857 795
f 196 110 119
f 119 110 53
f 119 53 90
f 90 53 28
f 90 28 26
f 26 28 82
f 82 28 33
f 82 33 99
f 99 33 60
f 99 60 117
f 117 60 122
f 117 122 219
f 219 122 167
f 219 167 348
f 167 231 348
f 348 231 277
f 348 277 289
f 193 141 118
f 118 141 120
f 118 120 71
f 260 207 341
f 341 207 141
f 341 141 200
f 200 141 193
f 526 427 356
f 427 370 356
f 356 370 348
f 356 348 341
f 341 348 289
f 341 289 260
f 578 742 686
f 686 742 952
f 686 952 1016
f 945 929 686
f 686 929 796
f 341 468 356
f 356 468 578
f 356 578 526
f 526 578 686
f 526 686 702
f 702 686 796
f 1016 1066 686
f 686 1066 1056
f 686 1056 945
f 431 328 319
f 431 319 433
f 430 359 431
f 431 359 350
f 431 350 328
f 432 339 430
f 430 339 357
f 430 357 359
f 230 249 434
f 434 249 301
f 434 301 432
f 432 301 327
f 432 327 339
f 230 434 176
f 176 434 439
f 176 439 171
f 171 439 138
f 138 439 445
f 138 445 131
f 131 445 139
f 139 445 449
f 139 449 172
f 453 250 229
f 453 229 449
f 449 229 175
f 449 175 172
f 457 360 358
f 457 358 456
f 358 340 456
f 456 340 331
f 456 331 453
f 453 331 297
f 453 297 250
f 360 457 353
f 353 457 455
f 353 455 330
f 454 271 455
f 455 271 324
f 455 324 330
f 448 202 454
f 454 202 251
f 454 251 271
f 127 130 442
f 442 130 157
f 442 157 448
f 448 157 173
f 448 173 202
f 127 442 133
f 133 442 438
f 133 438 163
f 319 252 433
f 433 252 217
f 433 217 438
f 438 217 170
f 438 170 163
f 678 572 514
f 514 572 486
f 1183 1157 1222
f 1056 1121 976
f 75 96 143
f 115 129 185
f 88 48 59
f 27 48 74
f 74 48 88
f 74 88 80
f 80 88 118
f 341 200 214
f 214 200 193
f 214 367 341
f 341 367 473
f 341 473 468
f 468 473 519
f 468 519 578
f 519 624 578
f 578 624 751
f 578 751 742
f 742 751 879
f 742 879 952
f 952 879 1089
f 1121 1056 1141
f 1141 1056 1066
f 1141 1066 1089
f 1089 1066 1016
f 1089 1016 952
f 702 796 833
f 833 796 929
f 833 929 976
f 976 929 945
f 976 945 1056
f 833 673 702
f 702 673 569
f 702 569 526
f 526 569 480
f 526 480 427
f 427 480 375
f 427 375 370
f 370 375 348
f 348 375 309
f 348 309 219
f 309 221 219
f 219 221 153
f 219 153 117
f 50 42 89
f 89 42 32
f 117 153 99
f 99 153 89
f 99 89 82
f 82 89 32
f 82 32 26
f 990 912 738
f 738 912 802
f 738 802 593
f 1183 1222 1234
f 128 92 160
f 160 92 144
f 160 144 188
f 188 144 192
f 188 192 257
f 257 192 266
f 802 650 593
f 593 650 590
f 593 590 495
f 495 590 428
f 495 428 403
f 403 428 399
f 403 399 344
f 344 399 364
f 344 364 266
f 266 364 306
f 266 306 257
f 92 58 144
f 144 58 108
f 144 108 192
f 192 108 165
f 192 165 266
f 266 165 240
f 266 240 344
f 344 240 321
f 344 321 403
f 403 321 388
f 403 388 495
f 495 388 485
f 495 485 593
f 593 485 580
f 593 580 738
f 738 580 697
f 738 697 990
f 990 697 869
f 59 109 88
f 88 109 214
f 88 214 118
f 118 214 193
f 58 50 108
f 108 50 89
f 108 89 165
f 165 89 153
f 165 153 240
f 240 153 221
f 240 221 321
f 321 221 309
f 321 309 388
f 388 309 375
f 388 375 485
f 485 375 480
f 485 480 580
f 580 480 569
f 580 569 697
f 697 569 673
f 697 673 869
f 869 673 833
f 869 833 1010
f 1010 833 976
f 1010 976 1171
f 1171 976 1121
f 1171 1121 1194
f 1194 1121 1141
f 1194 1141 1139
f 1139 1141 1089
f 1139 1089 950
f 950 1089 879
f 950 879 785
f 785 879 751
f 785 751 641
f 641 751 624
f 641 624 527
f 527 624 519
f 527 519 478
f 478 519 473
f 478 473 378
f 378 473 367
f 378 367 318
f 318 367 214
f 318 214 235
f 235 214 109
f 96 115 143
f 143 115 185
f 143 185 258
f 258 185 296
f 258 296 336
f 336 296 407
f 336 407 393
f 393 407 486
f 486 407 513
f 486 513 514
f 1229 1196 1184
f 1184 1196 996
f 1184 996 1057
f 1057 996 960
f 960 996 819
f 960 819 678
f 678 819 663
f 678 663 572
f 1229 1253 1196
f 1196 1253 1290
f 1196 1290 1242
f 1242 1290 1291
f 1242 1291 1222
f 1222 1291 1277
f 1222 1277 1234
f 59 75 109
f 109 75 143
f 109 143 235
f 235 143 258
f 235 258 318
f 318 258 336
f 318 336 378
f 378 336 393
f 378 393 478
f 478 393 486
f 478 486 527
f 527 486 572
f 527 572 641
f 641 572 663
f 641 663 785
f 785 663 819
f 785 819 950
f 950 819 996
f 950 996 1139
f 1139 996 1196
f 1139 1196 1194
f 1194 1196 1242
f 1194 1242 1171
f 1171 1242 1222
f 1171 1222 1010
f 1010 1222 1157
f 1010 1157 869
f 869 1157 1070
f 869 1070 990
f 32 42 87
f 50 58 107
f 997 966 825
f 825 966 687
f 75 59 61
f 114 115 96
f 129 115 132
f 132 115 114
f 132 114 134
f 96 97 114
f 114 97 98
f 114 98 134
f 134 98 103
f 134 103 152
f 152 103 161
f 161 103 140
f 161 140 187
f 187 140 190
f 187 190 248
f 248 190 256
f 248 256 293
f 411 408 391
f 391 408 366
f 391 366 256
f 256 366 310
f 256 310 293
f 411 391 471
f 471 391 483
f 471 483 512
f 512 483 571
f 512 571 687
f 687 571 665
f 687 665 825
f 1201 1197 997
f 997 1197 1063
f 997 1063 966
f 1099 1271 1231
f 1231 1271 1289
f 1231 1289 1252
f 1252 1289 1288
f 1252 1288 1201
f 1201 1288 1238
f 1201 1238 1197
f 948 1108 1099
f 1099 1108 1166
f 1099 1166 1271
f 737 866 948
f 948 866 993
f 948 993 1108
f 494 604 592
f 592 604 622
f 592 622 737
f 737 622 829
f 737 829 866
f 400 410 402
f 402 410 458
f 402 458 494
f 494 458 476
f 494 476 604
f 400 402 373
f 373 402 342
f 373 342 361
f 361 342 264
f 361 264 311
f 311 264 263
f 263 264 191
f 263 191 197
f 197 191 142
f 197 142 179
f 179 142 92
f 179 92 128
f 881 752 795
f 795 752 595
f 48 27 41
f 41 27 29
f 41 29 43
f 43 29 31
f 43 31 45
f 45 31 34
f 45 34 49
f 49 34 47
f 49 47 85
f 47 76 85
f 85 76 91
f 85 91 147
f 147 91 121
f 147 121 212
f 212 121 199
f 212 199 365
f 365 199 355
f 365 355 472
f 472 355 475
f 472 475 518
f 518 475 595
f 518 595 625
f 625 595 752
f 369 347 374
f 374 347 334
f 26 32 90
f 90 32 87
f 90 87 119
f 119 87 150
f 119 150 196
f 196 150 218
f 196 218 334
f 334 218 308
f 334 308 374
f 369 374 423
f 423 374 479
f 423 479 573
f 573 479 568
f 573 568 670
f 42 50 87
f 87 50 107
f 87 107 150
f 150 107 164
f 150 164 218
f 218 164 237
f 218 237 308
f 308 237 320
f 308 320 374
f 374 320 386
f 374 386 479
f 479 386 484
f 479 484 568
f 568 484 579
f 568 579 670
f 670 579 696
f 670 696 834
f 834 696 871
f 834 871 978
f 978 871 1011
f 978 1011 1126
f 1126 1011 1178
f 1126 1178 1147
f 1147 1178 1199
f 1147 1199 1096
f 1096 1199 1145
f 1096 1145 881
f 881 1145 955
f 881 955 752
f 752 955 789
f 752 789 625
f 625 789 642
f 625 642 518
f 518 642 525
f 518 525 472
f 472 525 477
f 472 477 365
f 365 477 376
f 365 376 212
f 212 376 232
f 212 232 147
f 147 232 162
f 147 162 85
f 85 162 105
f 85 105 49
f 49 105 69
f 49 69 45
f 45 69 65
f 45 65 43
f 43 65 61
f 43 61 41
f 41 61 59
f 41 59 48
f 795 857 881
f 881 857 984
f 881 984 1096
f 1096 984 1102
f 1096 1102 1147
f 1147 1102 1103
f 1147 1103 1126
f 1126 1103 1054
f 1126 1054 978
f 978 1054 937
f 978 937 834
f 834 937 734
f 834 734 670
f 670 734 653
f 670 653 573
f 96 75 97
f 97 75 61
f 97 61 98
f 98 61 65
f 98 65 103
f 103 65 69
f 103 69 140
f 140 69 105
f 140 105 190
f 190 105 162
f 190 162 256
f 256 162 232
f 256 232 391
f 391 232 376
f 391 376 483
f 483 376 477
f 483 477 571
f 571 477 525
f 571 525 665
f 665 525 642
f 665 642 825
f 825 642 789
f 825 789 997
f 997 789 955
f 997 955 1201
f 1201 955 1145
f 1201 1145 1252
f 1252 1145 1199
f 1252 1199 1231
f 1231 1199 1178
f 1231 1178 1099
f 1099 1178 1011
f 1099 1011 948
f 948 1011 871
f 948 871 737
f 737 871 696
f 737 696 592
f 592 696 579
f 592 579 494
f 494 579 484
f 494 484 402
f 402 484 386
f 402 386 342
f 342 386 320
f 342 320 264
f 264 320 237
f 264 237 191
f 191 237 164
f 191 164 142
f 142 164 107
f 142 107 92
f 92 107 58
f 443 542 441
f 441 542 537
f 441 537 437
f 437 537 534
f 437 534 435
f 435 534 532
f 435 532 436
f 436 532 533
f 436 533 440
f 440 533 538
f 440 538 444
f 444 538 541
f 444 541 447
f 447 541 546
f 447 546 451
f 451 546 547
f 451 547 452
f 452 547 551
f 452 551 450
f 450 551 548
f 450 548 446
f 446 548 545
f 446 545 443
f 443 545 542
f 548 551 556
f 542 540 537
f 537 540 535
f 537 535 534
f 534 535 530
f 534 530 532
f 532 530 529
f 532 529 533
f 533 529 531
f 533 531 538
f 538 531 536
f 538 536 541
f 546 553 547
f 547 553 554
f 547 554 551
f 551 554 557
f 551 557 556
f 536 539 541
f 541 539 544
f 541 544 546
f 546 544 550
f 546 550 553
f 556 555 548
f 548 555 552
f 548 552 545
f 545 552 549
f 545 549 542
f 542 549 543
f 542 543 540
f 437 433 441
f 441 433 438
f 441 438 443
f 443 438 442
f 443 442 446
f 451 453 447
f 447 453 449
f 447 449 444
f 444 449 445
f 444 445 440
f 445 439 440
f 440 439 434
f 440 434 436
f 436 434 432
f 436 432 435
f 435 432 430
f 435 430 437
f 437 430 431
f 437 431 433
f 442 448 446
f 446 448 454
f 446 454 450
f 450 454 455
f 450 455 452
f 452 455 457
f 452 457 451
f 451 457 456
f 451 456 453
f 588 581 575
f 683 660 652
f 652 660 633
f 652 633 632
f 632 633 609
f 632 609 606
f 606 609 588
f 606 588 576
f 576 588 575
f 867 1153 992
f 992 1153 1136
f 822 767 636
f 859 1266 860
f 860 1266 1264
f 735 685 872
f 629 608 614
f 767 656 636
f 636 656 610
f 636 610 600
f 867 788 767
f 767 788 715
f 767 715 656
f 1219 1153 867
f 867 767 1219
f 1219 767 822
f 1219 822 1281
f 1281 822 1236
f 1281 1236 1292
f 935 1160 934
f 934 1160 1165
f 1174 1236 870
f 870 1236 822
f 870 822 666
f 666 822 636
f 666 636 629
f 629 636 600
f 629 600 608
f 1193 1249 830
f 1165 1174 934
f 934 1174 870
f 934 870 699
f 699 870 666
f 699 666 658
f 658 666 629
f 658 629 735
f 735 629 614
f 735 614 685
f 1113 1193 791
f 791 1193 830
f 791 830 690
f 690 830 710
f 690 710 723
f 872 1158 1113
f 1113 1158 1220
f 1113 1220 1193
f 1193 1220 1274
f 1193 1274 1249
f 1249 1274 1266
f 1249 1266 830
f 830 1266 859
f 830 859 710
f 710 859 860
f 860 711 710
f 710 711 694
f 710 694 723
f 723 694 725
f 723 725 746
f 872 1113 735
f 735 1113 791
f 735 791 658
f 658 791 690
f 658 690 699
f 699 690 723
f 699 723 934
f 934 723 746
f 934 746 935
f 1220 1158 1129
f 1264 1266 1260
f 1260 1266 1274
f 1260 1274 1246
f 1246 1274 1220
f 1246 1220 1203
f 1203 1220 1129
f 1203 1129 1101
f 1235 1226 1241
f 1101 1192 1203
f 1203 1192 1225
f 1203 1225 1246
f 1246 1225 1235
f 1246 1235 1260
f 1260 1235 1241
f 1260 1241 1264
f 1292 1273 1281
f 1153 1219 1195
f 1195 1219 1281
f 1195 1281 1259
f 1259 1281 1273
f 1259 1273 1272
f 1181 1083 1110
f 1272 1243 1259
f 1259 1243 1181
f 1259 1181 1195
f 1195 1181 1110
f 1195 1110 1153
f 1153 1110 1136
f 927 557 924
f 924 557 554
f 924 554 923
f 923 554 553
f 556 798 555
f 555 798 778
f 555 778 552
f 552 778 743
f 1263 1240 1210
f 1251 1263 1221
f 1263 1210 1221
f 1221 1210 1146
f 1221 1146 1167
f 1167 1146 1053
f 1167 1053 1071
f 1071 1053 961
f 1071 961 975
f 1251 1221 1216
f 1216 1221 1167
f 1216 1167 1155
f 1155 1167 1071
f 1155 1071 1060
f 1060 1071 975
f 1060 975 965
f 928 961 1053
f 964 865 928
f 865 964 798
f 928 1053 964
f 964 1053 1146
f 964 1146 1047
f 1047 1146 1210
f 1047 1210 1124
f 1124 1210 1240
f 1124 1240 1163
f 798 964 875
f 875 964 1047
f 875 1047 962
f 962 1047 1124
f 962 1124 1009
f 1009 1124 1163
f 1009 1163 1065
f 1008 969 954
f 1065 1008 988
f 1008 954 988
f 988 954 876
f 988 876 944
f 944 876 807
f 944 807 856
f 856 807 743
f 856 743 778
f 1065 988 1009
f 1009 988 944
f 1009 944 962
f 962 944 856
f 962 856 875
f 875 856 778
f 875 778 798
f 854 777 766
f 631 662 730
f 627 676 617
f 617 676 657
f 617 657 621
f 621 657 674
f 621 674 630
f 630 674 661
f 661 674 727
f 661 727 741
f 741 727 806
f 741 806 794
f 794 806 942
f 794 942 847
f 847 942 889
f 889 942 1014
f 889 1014 953
f 953 1014 983
f 983 1014 1091
f 983 1091 980
f 980 1091 1058
f 980 1058 963
f 963 1058 896
f 896 1058 989
f 896 989 898
f 808 817 943
f 943 817 836
f 943 836 989
f 989 836 886
f 989 886 898
f 940 831 821
f 1060 965 987
f 987 965 915
f 987 915 882
f 676 731 706
f 676 706 657
f 657 706 728
f 657 728 674
f 674 728 779
f 674 779 727
f 727 779 873
f 727 873 806
f 806 873 998
f 806 998 942
f 942 998 1127
f 942 1127 1014
f 1014 1127 1172
f 1014 1172 1091
f 1091 1172 1154
f 1091 1154 1058
f 1058 1154 1092
f 1058 1092 989
f 989 1092 1002
f 989 1002 943
f 887 982 1000
f 1155 1060 1084
f 1084 1060 987
f 1084 987 940
f 940 987 882
f 940 882 831
f 777 763 766
f 766 763 744
f 766 744 731
f 731 744 706
f 706 744 762
f 706 762 728
f 728 762 818
f 728 818 779
f 779 818 951
f 779 951 873
f 873 951 1078
f 873 1078 998
f 998 1078 1188
f 998 1188 1127
f 1127 1188 1232
f 1127 1232 1172
f 1172 1232 1215
f 1172 1215 1154
f 1154 1215 1156
f 1154 1156 1092
f 1092 1156 1090
f 1092 1090 1002
f 1152 1000 1081
f 1081 1000 982
f 1081 982 1051
f 1216 1155 1152
f 1152 1155 1084
f 1152 1084 1000
f 1000 1084 940
f 1000 940 887
f 887 940 821
f 969 824 954
f 954 824 787
f 954 787 876
f 876 787 730
f 876 730 807
f 807 730 662
f 807 662 743
f 969 854 824
f 824 854 766
f 824 766 787
f 787 766 731
f 787 731 730
f 730 731 676
f 730 676 631
f 631 676 627
f 763 757 744
f 744 757 755
f 744 755 762
f 762 755 775
f 762 775 818
f 818 775 851
f 818 851 951
f 951 851 967
f 951 967 1078
f 1078 967 1120
f 1078 1120 1188
f 1188 1120 1223
f 1188 1223 1232
f 1232 1223 1270
f 1232 1270 1215
f 1215 1270 1247
f 1215 1247 1156
f 1156 1247 1186
f 1156 1186 1090
f 1090 1186 1144
f 1144 1119 1090
f 1090 1119 1051
f 1090 1051 1002
f 1002 1051 982
f 1002 982 943
f 943 982 887
f 943 887 808
f 808 887 821
f 1251 1216 1182
f 1182 1216 1152
f 1182 1152 1116
f 1116 1152 1081
f 1116 1081 1088
f 1088 1081 1051
f 1088 1051 1086
f 1086 1051 1119
f 544 831 550
f 550 831 882
f 836 817 539
f 539 817 808
f 539 808 544
f 544 808 821
f 544 821 831
f 836 539 886
f 886 539 536
f 886 536 898
f 741 794 530
f 530 794 847
f 530 847 529
f 847 889 529
f 529 889 888
f 529 888 531
f 531 888 891
f 531 891 536
f 536 891 896
f 536 896 898
f 741 530 661
f 661 530 535
f 661 535 630
f 630 535 540
f 630 540 621
f 662 631 543
f 543 631 627
f 543 627 540
f 540 627 617
f 540 617 621
f 543 549 662
f 662 549 552
f 662 552 743
f 882 915 550
f 550 915 918
f 550 918 553
f 553 918 923
f 798 556 865
f 865 556 557
f 865 557 928
f 928 557 927
f 3181 3173 3281
f 3468 3475 3477
f 3468 3477 3431
f 3181 3281 3296
f 3296 3281 3360
f 3296 3360 3363
f 3363 3360 3415
f 3363 3415 3396
f 3396 3415 3452
f 3396 3452 3450
f 3479 3450 3477
f 3477 3450 3452
f 3477 3452 3431
f 3431 3452 3415
f 3431 3415 3414
f 3414 3415 3360
f 3414 3360 3379
f 3379 3360 3281
f 3379 3281 3298
f 3298 3281 3173
f 3298 3173 3170
f 4444 4450 4501
f 4405 4404 4450
f 4501 4489 4444
f 4444 4489 4475
f 4444 4475 4431
f 4431 4475 4461
f 4431 4461 4427
f 4450 4444 4405
f 4405 4444 4431
f 4405 4431 4406
f 4406 4431 4427
f 4406 4427 4407
f 4392 4391 4582
f 2846 2868 1472
f 3445 3618 3702
f 3702 3618 3788
f 3702 3788 3937
f 3937 3788 3949
f 3937 3949 4096
f 1472 2868 2905
f 2905 2868 2959
f 2905 2959 3089
f 3089 2959 3217
f 3089 3217 3445
f 3445 3217 3449
f 3445 3449 3618
f 3949 4052 4096
f 4096 4052 4171
f 4096 4171 4270
f 4270 4171 4297
f 4270 4297 4508
f 4297 4465 4508
f 4508 4465 4554
f 4508 4554 4630
f 4630 4554 4618
f 4630 4618 4633
f 4633 4618 4616
f 4633 4616 4620
f 4620 4616 4542
f 4620 4542 4546
f 4542 4462 4546
f 4546 4462 4412
f 4546 4412 4536
f 4536 4412 4393
f 4536 4393 4605
f 4605 4393 4392
f 4605 4392 4606
f 4606 4392 4582
f 4391 4390 4582
f 4582 4390 4389
f 4582 4389 4545
f 4545 4389 4387
f 2588 3295 2428
f 2428 3295 2882
f 2428 2882 2257
f 4387 4385 4545
f 4545 4385 4384
f 4545 4384 4461
f 1510 1541 1756
f 2588 2635 3295
f 3295 2635 2684
f 3295 2684 3294
f 2257 2882 1985
f 1985 2882 2846
f 1985 2846 1756
f 1756 2846 1472
f 1756 1472 1510
f 4380 4379 4407
f 4384 4381 4461
f 4461 4381 4380
f 4461 4380 4427
f 4427 4380 4407
f 4626 4620 4566
f 4566 4620 4546
f 4566 4546 4558
f 4558 4546 4536
f 4558 4536 4592
f 4592 4536 4605
f 3295 3310 3316
f 3316 3310 3325
f 3316 3325 3324
f 3324 3325 3330
f 3324 3330 3335
f 3335 3330 3341
f 3335 3341 3340
f 3340 3341 3343
f 3340 3343 3342
f 3442 3438 3491
f 3492 3496 3447
f 3498 3499 3422
f 3342 3350 3349
f 3349 3350 3364
f 3349 3364 3366
f 3496 3498 3447
f 3447 3498 3422
f 3447 3422 3405
f 3405 3422 3406
f 3406 3366 3405
f 3405 3366 3364
f 3405 3364 3370
f 3370 3364 3350
f 3370 3350 3343
f 3343 3350 3342
f 3438 3442 3413
f 3491 3492 3442
f 3442 3492 3447
f 3442 3447 3413
f 3413 3447 3405
f 3413 3405 3400
f 3400 3405 3370
f 4335 4336 4346
f 4346 4336 4349
f 4392 4393 4369
f 4369 4393 4368
f 4369 4368 4364
f 4364 4368 4363
f 4364 4363 4358
f 4358 4363 4357
f 4358 4357 4349
f 4349 4357 4348
f 4349 4348 4346
f 4393 4412 4368
f 4368 4412 4408
f 4368 4408 4363
f 4363 4408 4396
f 4388 4348 4396
f 4396 4348 4357
f 4396 4357 4363
f 4382 4335 4388
f 4388 4335 4346
f 4388 4346 4348
f 4412 4462 4408
f 4408 4462 4452
f 4408 4452 4396
f 4396 4452 4445
f 4396 4445 4388
f 4388 4445 4442
f 4388 4442 4382
f 4382 4442 4437
f 2879 2898 2895
f 2966 2981 2980
f 3307 3464 3459
f 3568 3633 3630
f 3807 3944 3945
f 3991 4048 4049
f 4371 4451 4453
f 4510 4530 4531
f 4587 4579 4583
f 4547 4517 4520
f 2858 2846 2882
f 2882 2892 2858
f 2858 2892 2896
f 2858 2896 2864
f 4171 4052 4169
f 4169 4052 4051
f 4169 4051 4164
f 4164 4051 4050
f 4164 4050 4162
f 4162 4050 4049
f 4462 4542 4452
f 4452 4542 4534
f 4452 4534 4445
f 4445 4534 4529
f 4445 4529 4442
f 4442 4529 4520
f 4442 4520 4437
f 4437 4520 4517
f 4542 4616 4534
f 4534 4616 4603
f 4534 4603 4529
f 4529 4603 4596
f 4529 4596 4520
f 4520 4596 4583
f 4520 4583 4547
f 4547 4583 4579
f 4585 4587 4586
f 4586 4587 4583
f 4586 4583 4599
f 4599 4583 4596
f 4599 4596 4611
f 4611 4596 4603
f 4611 4603 4618
f 4618 4603 4616
f 4618 4554 4611
f 4611 4554 4538
f 4611 4538 4599
f 4599 4538 4533
f 4599 4533 4586
f 4586 4533 4531
f 4586 4531 4585
f 4585 4531 4530
f 4554 4465 4538
f 4538 4465 4463
f 4538 4463 4533
f 4533 4463 4460
f 4533 4460 4531
f 4531 4460 4453
f 4531 4453 4510
f 4510 4453 4451
f 4273 4371 4275
f 4275 4371 4453
f 4275 4453 4280
f 4280 4453 4460
f 4280 4460 4284
f 4284 4460 4463
f 4284 4463 4297
f 4297 4463 4465
f 4297 4171 4284
f 4284 4171 4169
f 4284 4169 4280
f 4280 4169 4164
f 4280 4164 4275
f 4275 4164 4162
f 4275 4162 4273
f 4273 4162 4160
f 4049 4048 4162
f 4162 4048 4157
f 4162 4157 4160
f 4052 3949 4051
f 4051 3949 3947
f 4051 3947 4050
f 4050 3947 3946
f 4050 3946 4049
f 4049 3946 3945
f 4049 3945 3991
f 3991 3945 3944
f 3794 3807 3793
f 3793 3807 3945
f 3793 3945 3791
f 3791 3945 3946
f 3791 3946 3789
f 3789 3946 3947
f 3789 3947 3788
f 3788 3947 3949
f 3788 3618 3789
f 3789 3618 3621
f 3789 3621 3791
f 3791 3621 3624
f 3791 3624 3793
f 3793 3624 3630
f 3793 3630 3794
f 3794 3630 3633
f 3618 3449 3621
f 3621 3449 3453
f 3621 3453 3624
f 3624 3453 3458
f 3624 3458 3630
f 3630 3458 3459
f 3630 3459 3568
f 3568 3459 3464
f 3266 3307 3264
f 3264 3307 3459
f 3264 3459 3255
f 3255 3459 3458
f 3255 3458 3239
f 3239 3458 3453
f 3239 3453 3217
f 3217 3453 3449
f 3217 2959 3239
f 3239 2959 2967
f 3239 2967 3255
f 3255 2967 2977
f 3255 2977 3264
f 3264 2977 2980
f 3264 2980 3266
f 3266 2980 2981
f 2959 2868 2967
f 2967 2868 2881
f 2967 2881 2977
f 2977 2881 2886
f 2977 2886 2980
f 2980 2886 2895
f 2980 2895 2966
f 2966 2895 2898
f 2878 2879 2872
f 2872 2879 2895
f 2872 2895 2864
f 2864 2895 2886
f 2864 2886 2858
f 2858 2886 2881
f 2858 2881 2846
f 2846 2881 2868
f 2896 2902 2864
f 2864 2902 2909
f 2864 2909 2872
f 2872 2909 2912
f 2872 2912 2878
f 2878 2912 2915
f 3342 2915 3340
f 3340 2915 2912
f 3340 2912 3335
f 3335 2912 2909
f 3335 2909 3324
f 3324 2909 2902
f 3324 2902 3316
f 3316 2902 2896
f 3316 2896 3295
f 3295 2896 2892
f 3295 2892 2882
f 3295 3294 3312
f 3344 3343 3341
f 3344 3341 3331
f 3341 3330 3331
f 3331 3330 3325
f 3331 3325 3312
f 3312 3325 3310
f 3312 3310 3295
f 3343 3344 3370
f 3370 3344 3377
f 3509 3491 3435
f 3435 3491 3411
f 3491 3438 3411
f 3411 3438 3413
f 3411 3413 3377
f 3377 3413 3400
f 3377 3400 3370
f 3615 3614 3627
f 3627 3614 3671
f 3627 3671 3721
f 3571 3614 3615
f 3519 3537 3539
f 3491 3509 3492
f 3492 3509 3511
f 3545 3566 3571
f 3571 3566 3570
f 3571 3570 3614
f 3572 3541 3542
f 3537 3538 3539
f 3539 3538 3545
f 3539 3545 3542
f 3542 3545 3571
f 3542 3571 3572
f 3572 3571 3615
f 3511 3519 3492
f 3492 3519 3539
f 3492 3539 3496
f 3496 3539 3542
f 3496 3542 3498
f 3498 3542 3541
f 3498 3541 3499
f 2915 3342 2916
f 2916 3342 3349
f 3349 3366 2916
f 2916 3366 3406
f 2916 3406 3500
f 3500 3406 3422
f 3500 3422 3499
f 2915 2916 2878
f 2878 2916 2880
f 2878 2880 2879
f 2879 2880 2898
f 2898 2880 2968
f 2898 2968 2966
f 2966 2968 2981
f 2981 2968 3308
f 2981 3308 3266
f 3569 3464 3308
f 3308 3464 3307
f 3308 3307 3266
f 3807 3794 3808
f 3808 3794 3633
f 3808 3633 3569
f 3569 3633 3568
f 3569 3568 3464
f 3807 3808 3944
f 3944 3808 3992
f 3944 3992 3991
f 3991 3992 4048
f 4048 3992 4158
f 4048 4158 4157
f 4157 4158 4160
f 4160 4158 4372
f 4160 4372 4273
f 4511 4451 4372
f 4372 4451 4371
f 4372 4371 4273
f 4587 4585 4588
f 4588 4585 4530
f 4588 4530 4511
f 4511 4530 4510
f 4511 4510 4451
f 4587 4588 4579
f 4579 4588 4548
f 4579 4548 4547
f 4547 4548 4517
f 4517 4548 4438
f 4517 4438 4437
f 4330 4306 4309
f 4309 4314 4330
f 4330 4314 4317
f 4330 4317 4318
f 4318 4324 4330
f 4330 4324 4333
f 4330 4333 4350
f 4307 4308 4267
f 4306 4265 4309
f 4309 4265 4268
f 4309 4268 4296
f 4296 4268 4278
f 4232 4250 4265
f 4265 4250 4254
f 4265 4254 4268
f 4268 4254 4269
f 4268 4269 4278
f 4226 4227 4217
f 4217 4227 4186
f 4170 4181 4186
f 4186 4181 4185
f 4186 4185 4217
f 4137 4170 4153
f 4153 4170 4186
f 4153 4186 4193
f 4193 4186 4227
f 4193 4227 4242
f 4242 4227 4226
f 4242 4226 4267
f 4308 4293 4267
f 4267 4293 4271
f 4267 4271 4242
f 4306 4307 4265
f 4265 4307 4267
f 4265 4267 4232
f 4232 4267 4226
f 4232 4226 4225
f 4225 4226 4217
f 4296 4278 4322
f 4296 4322 4309
f 4321 4319 4318
f 4316 4323 4321
f 4322 4323 4309
f 4309 4323 4316
f 4309 4316 4314
f 4321 4318 4316
f 4316 4318 4317
f 4316 4317 4314
f 4345 4323 4343
f 4343 4323 4322
f 4345 4343 4353
f 4353 4343 4361
f 4353 4361 4360
f 4379 4380 4361
f 4361 4380 4365
f 4361 4365 4360
f 4620 4626 4647
f 4620 4647 4633
f 4633 4647 4631
f 4633 4631 4630
f 4630 4631 4515
f 4630 4515 4508
f 4508 4515 4281
f 4508 4281 4270
f 4270 4281 4103
f 4270 4103 4096
f 4096 4103 3938
f 4096 3938 3937
f 3937 3938 3699
f 3937 3699 3702
f 3702 3699 3432
f 3702 3432 3445
f 3445 3432 3063
f 3445 3063 3089
f 3089 3063 2889
f 3089 2889 2905
f 2905 2889 1472
f 1472 2889 1468
f 1755 1756 1541
f 1490 1408 1752
f 1541 1577 1755
f 1755 1577 1555
f 1755 1555 1754
f 1754 1555 1490
f 1754 1490 1753
f 1753 1490 1752
f 1754 1753 1948
f 1756 1755 1985
f 1985 1755 1964
f 1985 1964 2257
f 2257 1964 2206
f 2257 2206 2428
f 2428 2206 2384
f 2428 2384 2588
f 2588 2384 2522
f 1755 1754 1964
f 1964 1754 1948
f 1964 1948 2206
f 2206 1948 2166
f 2206 2166 2384
f 2384 2166 2343
f 2384 2343 2522
f 2522 2343 2475
f 1753 1752 1948
f 1948 1752 1938
f 1948 1938 2166
f 2166 1938 2150
f 2166 2150 2343
f 2343 2150 2324
f 2343 2324 2475
f 2475 2324 2443
f 2635 2588 2522
f 2684 2635 2608
f 2684 2608 2683
f 2683 2608 2587
f 2683 2587 2682
f 2682 2587 2581
f 2682 2581 2681
f 2635 2522 2608
f 2608 2522 2475
f 2608 2475 2587
f 2587 2475 2443
f 2587 2443 2581
f 3294 2684 3293
f 3293 2684 2683
f 3293 2683 3292
f 3292 2683 2682
f 3292 2682 3291
f 3291 2682 2681
f 3361 3409 3354
f 3462 3494 3420
f 3462 3409 3404
f 3404 3409 3361
f 3404 3361 3291
f 3291 3361 3292
f 3326 3293 3292
f 3294 3293 3312
f 3312 3293 3326
f 3312 3326 3331
f 3462 3420 3409
f 3409 3420 3398
f 3409 3398 3354
f 3354 3398 3365
f 3354 3365 3351
f 3292 3361 3326
f 3326 3361 3354
f 3326 3354 3331
f 3331 3354 3351
f 3331 3351 3344
f 3411 3377 3381
f 3503 3528 3556
f 3420 3494 3508
f 3508 3467 3420
f 3420 3467 3416
f 3420 3416 3398
f 3398 3416 3365
f 3365 3416 3381
f 3365 3381 3351
f 3351 3381 3377
f 3351 3377 3344
f 3510 3509 3435
f 3556 3535 3503
f 3503 3535 3520
f 3503 3520 3481
f 3481 3520 3510
f 3481 3510 3446
f 3446 3510 3435
f 3446 3435 3411
f 3411 3381 3446
f 3446 3381 3416
f 3446 3416 3481
f 3481 3416 3467
f 3481 3467 3503
f 3503 3467 3508
f 3503 3508 3528
f 3511 3509 3510
f 3556 3609 3535
f 3535 3609 3586
f 3549 3538 3525
f 3525 3538 3537
f 3525 3537 3519
f 3579 3626 3614
f 3525 3543 3549
f 3549 3543 3564
f 3549 3564 3579
f 3579 3564 3594
f 3579 3594 3626
f 3511 3510 3519
f 3614 3570 3579
f 3579 3570 3566
f 3579 3566 3549
f 3549 3566 3545
f 3549 3545 3538
f 3609 3668 3586
f 3586 3668 3649
f 3586 3649 3639
f 3519 3510 3525
f 3525 3510 3520
f 3525 3520 3543
f 3543 3520 3535
f 3543 3535 3564
f 3564 3535 3586
f 3564 3586 3594
f 3594 3586 3639
f 3594 3639 3626
f 3614 3626 3671
f 3671 3626 3678
f 3671 3678 3721
f 3692 3721 3678
f 3668 3692 3649
f 3649 3692 3678
f 3649 3678 3639
f 3639 3678 3626
f 3721 3722 3627
f 3627 3722 3628
f 3627 3628 3615
f 3615 3628 3572
f 3572 3628 3540
f 3572 3540 3541
f 3541 3540 3500
f 3541 3500 3499
f 4332 4337 4340
f 4178 4133 4132
f 4178 4132 4137
f 4178 4137 4153
f 4340 4310 4315
f 4315 4320 4340
f 4340 4320 4331
f 4340 4331 4332
f 4242 4271 4291
f 4291 4271 4293
f 4291 4293 4340
f 4340 4293 4308
f 4340 4308 4310
f 4153 4193 4178
f 4178 4193 4242
f 4178 4242 4233
f 4233 4242 4291
f 4173 4181 4170
f 4177 4192 4213
f 4254 4250 4243
f 4264 4274 4243
f 4219 4248 4237
f 4237 4248 4255
f 4237 4255 4263
f 4212 4237 4243
f 4243 4237 4263
f 4243 4263 4264
f 4254 4243 4269
f 4269 4243 4274
f 4269 4274 4278
f 4167 4177 4195
f 4195 4177 4213
f 4195 4213 4219
f 4219 4213 4235
f 4219 4235 4248
f 4168 4137 4167
f 4173 4170 4168
f 4168 4170 4137
f 4205 4173 4191
f 4191 4173 4168
f 4191 4168 4180
f 4180 4168 4167
f 4250 4232 4243
f 4243 4232 4225
f 4243 4225 4212
f 4212 4225 4217
f 4212 4217 4185
f 4167 4195 4180
f 4180 4195 4219
f 4180 4219 4191
f 4191 4219 4237
f 4191 4237 4205
f 4205 4237 4212
f 4205 4212 4173
f 4173 4212 4185
f 4173 4185 4181
f 4278 4274 4322
f 4322 4274 4298
f 4274 4264 4298
f 4298 4264 4263
f 4298 4263 4260
f 4260 4263 4255
f 4260 4255 4248
f 4248 4235 4260
f 4260 4235 4213
f 4260 4213 4224
f 4224 4213 4192
f 4224 4192 4198
f 4215 4266 4241
f 4276 4260 4224
f 4378 4379 4359
f 4359 4379 4361
f 4359 4361 4311
f 4311 4361 4343
f 4311 4343 4298
f 4298 4343 4322
f 4376 4377 4290
f 4290 4377 4313
f 4290 4313 4266
f 4266 4313 4276
f 4266 4276 4241
f 4241 4276 4224
f 4241 4224 4215
f 4215 4224 4198
f 4377 4378 4313
f 4313 4378 4359
f 4313 4359 4276
f 4276 4359 4311
f 4276 4311 4260
f 4260 4311 4298
f 4377 4376 4404
f 4404 4405 4377
f 4377 4405 4406
f 4377 4406 4378
f 4378 4406 4407
f 4378 4407 4379
f 2710 2645 2562
f 2562 2645 2561
f 2562 2561 2453
f 2646 2709 2562
f 2562 2709 2743
f 2562 2743 2710
f 2369 2454 2562
f 2562 2454 2563
f 2562 2563 2646
f 2453 2370 2562
f 2562 2370 2342
f 2562 2342 2369
f 2566 2645 2670
f 2670 2645 2710
f 2670 2710 2766
f 2766 2710 2743
f 2766 2743 2793
f 2793 2743 2709
f 2793 2709 2767
f 2767 2709 2646
f 2767 2646 2669
f 2669 2646 2563
f 2669 2563 2567
f 2567 2563 2454
f 2567 2454 2409
f 2409 2454 2369
f 2409 2369 2301
f 2301 2369 2342
f 2301 2342 2248
f 2248 2342 2370
f 2248 2370 2300
f 2300 2370 2453
f 2300 2453 2410
f 2410 2453 2561
f 2410 2561 2566
f 2566 2561 2645
f 2733 2829 2842
f 2842 2829 2943
f 2842 2943 2975
f 2975 2943 3110
f 2975 3110 3143
f 3143 3110 3259
f 3143 3259 3317
f 3317 3259 3303
f 3317 3303 3384
f 3384 3303 3333
f 3384 3333 3410
f 3410 3333 3304
f 3410 3304 3383
f 3383 3304 3258
f 3383 3258 3318
f 3318 3258 3109
f 3318 3109 3142
f 3142 3109 2944
f 3142 2944 2976
f 2976 2944 2830
f 2976 2830 2843
f 2843 2830 2730
f 2843 2730 2732
f 2732 2730 2605
f 2732 2605 2590
f 2590 2605 2473
f 2590 2473 2421
f 2421 2473 2338
f 2421 2338 2276
f 2276 2338 2223
f 2276 2223 2116
f 2116 2223 2131
f 2116 2131 2009
f 2009 2131 2100
f 2009 2100 1979
f 1979 2100 2132
f 1979 2132 2010
f 2010 2132 2224
f 2010 2224 2117
f 2117 2224 2337
f 2117 2337 2275
f 2275 2337 2472
f 2275 2472 2420
f 2420 2472 2604
f 2420 2604 2589
f 2589 2604 2731
f 2589 2731 2733
f 2733 2731 2829
f 2723 2725 2631
f 2631 2725 2492
f 2631 2492 2546
f 2546 2492 2271
f 2546 2271 2518
f 2518 2271 2159
f 2518 2159 2545
f 2545 2159 2272
f 2545 2272 2630
f 2630 2272 2493
f 2630 2493 2724
f 2724 2493 2722
f 2724 2722 2807
f 2807 2722 2924
f 2807 2924 2874
f 2874 2924 3162
f 2874 3162 2899
f 2899 3162 3285
f 2899 3285 2875
f 2875 3285 3163
f 2875 3163 2808
f 2808 3163 2923
f 2808 2923 2723
f 2723 2923 2725
f 2829 2727 2941
f 3257 3110 2941
f 2941 3110 2943
f 2941 2943 2829
f 3332 3303 3257
f 3257 3303 3259
f 3257 3259 3110
f 3256 3304 3332
f 3332 3304 3333
f 3332 3333 3303
f 2942 3109 3256
f 3256 3109 3258
f 3256 3258 3304
f 2728 2830 2942
f 2942 2830 2944
f 2942 2944 3109
f 2470 2605 2728
f 2728 2605 2730
f 2728 2730 2830
f 2221 2338 2470
f 2470 2338 2473
f 2470 2473 2605
f 2099 2131 2221
f 2221 2131 2223
f 2221 2223 2338
f 2222 2132 2099
f 2099 2132 2100
f 2099 2100 2131
f 2471 2337 2222
f 2222 2337 2224
f 2222 2224 2132
f 2829 2731 2727
f 2727 2731 2604
f 2727 2604 2471
f 2471 2604 2472
f 2471 2472 2337
f 2727 2923 2941
f 2941 2923 3163
f 2941 3163 3257
f 3257 3163 3285
f 3257 3285 3332
f 3332 3285 3162
f 3332 3162 3256
f 3256 3162 2924
f 3256 2924 2942
f 2942 2924 2722
f 2942 2722 2728
f 2728 2722 2493
f 2728 2493 2470
f 2470 2493 2272
f 2470 2272 2221
f 2221 2272 2159
f 2221 2159 2099
f 2099 2159 2271
f 2099 2271 2222
f 2222 2271 2492
f 2222 2492 2471
f 2471 2492 2725
f 2471 2725 2727
f 2727 2725 2923
f 2723 2738 2808
f 2808 2738 2809
f 2808 2809 2875
f 2875 2809 2876
f 2875 2876 2899
f 2899 2876 2900
f 2899 2900 2874
f 2874 2900 2877
f 2874 2877 2807
f 2807 2877 2810
f 2807 2810 2724
f 2724 2810 2737
f 2724 2737 2630
f 2630 2737 2633
f 2630 2633 2545
f 2545 2633 2548
f 2545 2548 2518
f 2518 2548 2519
f 2518 2519 2546
f 2546 2519 2547
f 2546 2547 2631
f 2631 2547 2632
f 2631 2632 2723
f 2723 2632 2738
f 2739 2632 2547
f 2738 2632 2739
f 2739 2548 2633
f 2519 2548 2739
f 2547 2519 2739
f 2739 2810 2877
f 2737 2810 2739
f 2633 2737 2739
f 2739 2876 2809
f 2900 2876 2739
f 2877 2900 2739
f 2809 2738 2739
f 916 925 920
f 920 925 926
f 920 926 921
f 921 926 928
f 921 928 919
f 891 888 892
f 892 888 889
f 892 889 894
f 894 889 890
f 894 890 899
f 899 890 897
f 899 897 902
f 902 897 904
f 902 904 907
f 892 893 891
f 891 893 895
f 891 895 896
f 896 895 900
f 896 900 898
f 898 900 905
f 900 903 905
f 905 903 906
f 905 906 909
f 909 906 911
f 909 911 915
f 915 911 914
f 915 914 918
f 928 927 919
f 919 927 924
f 919 924 914
f 914 924 923
f 914 923 918
f 907 904 910
f 910 904 908
f 910 908 913
f 913 908 917
f 913 917 916
f 916 917 922
f 916 922 925
f 916 1035 913
f 913 1035 1032
f 913 1032 910
f 910 1032 1030
f 921 1040 920
f 920 1040 1038
f 920 1038 916
f 916 1038 1036
f 916 1036 1035
f 911 1033 914
f 914 1033 1034
f 914 1034 919
f 919 1034 1037
f 919 1037 921
f 921 1037 1039
f 921 1039 1040
f 903 1027 906
f 906 1027 1029
f 906 1029 911
f 911 1029 1031
f 911 1031 1033
f 895 1022 900
f 900 1022 1024
f 900 1024 903
f 903 1024 1027
f 892 1017 893
f 893 1017 1019
f 893 1019 895
f 895 1019 1021
f 895 1021 1022
f 902 1025 899
f 899 1025 1023
f 899 1023 894
f 894 1023 1020
f 894 1020 892
f 892 1020 1018
f 892 1018 1017
f 910 1030 907
f 907 1030 1028
f 907 1028 902
f 902 1028 1026
f 902 1026 1025
f 4537 4545 4461
f 4489 4501 4507
f 4537 4461 4532
f 4507 4523 4489
f 4489 4523 4532
f 4489 4532 4475
f 4475 4532 4461
f 3450 3479 3480
f 3480 3451 3450
f 3450 3451 3397
f 3450 3397 3396
f 3396 3397 3363
f 3363 3397 3297
f 3363 3297 3296
f 3296 3297 3184
f 3296 3184 3181
f 2523 2524 2644
f 2894 3297 3397
f 3604 3690 3397
f 3397 3690 3818
f 3397 3818 2894
f 2894 3818 3964
f 2894 3964 3984
f 3604 3397 3561
f 3561 3397 3451
f 3561 3451 3480
f 2523 2644 2551
f 2894 2885 3297
f 3297 2885 2857
f 3297 2857 3184
f 3184 2857 2781
f 3184 2781 2644
f 2644 2781 2659
f 2644 2659 2551
f 1727 1529 1606
f 2061 1898 1875
f 1875 1898 1871
f 1875 1871 1727
f 2857 2832 2781
f 2781 2832 2649
f 2781 2649 2659
f 2339 2377 2513
f 2513 2377 2435
f 2513 2435 2649
f 2649 2435 2551
f 2649 2551 2659
f 1727 1606 1875
f 1875 1606 1719
f 1875 1719 1920
f 1920 1719 1873
f 1920 1873 2012
f 2012 1873 1937
f 2012 1937 2175
f 2175 1937 2030
f 2175 2030 2339
f 2339 2030 2258
f 2339 2258 2377
f 2832 2816 2649
f 2649 2816 2757
f 2649 2757 2513
f 2513 2757 2636
f 2513 2636 2339
f 2339 2636 2516
f 2339 2516 2175
f 2175 2516 2391
f 2175 2391 2012
f 2012 2391 2291
f 2012 2291 1920
f 1920 2291 2201
f 1920 2201 1875
f 1875 2201 2139
f 1875 2139 2061
f 2061 2139 2120
f 1859 3170 1907
f 1907 3170 3173
f 1907 3173 2068
f 2068 3173 3181
f 2068 3181 2208
f 2208 3181 2349
f 3184 2644 3181
f 3181 2644 2508
f 3181 2508 2349
f 1855 1859 1907
f 1907 1761 1855
f 1855 1761 1711
f 1855 1711 1689
f 2068 1888 1907
f 1907 1888 1788
f 1907 1788 1761
f 2190 1999 2068
f 2068 1999 1963
f 2068 1963 1888
f 2644 2524 2508
f 2508 2524 2351
f 2508 2351 2349
f 2349 2351 2190
f 2349 2190 2208
f 2208 2190 2068
f 3598 3599 3597
f 3597 3599 3596
f 3724 3725 3676
f 3724 3676 3677
f 3677 3676 3640
f 3677 3640 3641
f 3641 3640 3612
f 3641 3612 3613
f 3613 3612 3597
f 3613 3597 3596
f 4350 4333 4354
f 4354 4333 4345
f 4354 4345 4353
f 4318 4319 4324
f 4324 4319 4333
f 4333 4319 4345
f 4345 4319 4321
f 4345 4321 4323
f 4354 4353 4360
f 4381 4384 4362
f 4362 4384 4385
f 4362 4385 4374
f 4374 4385 4387
f 4380 4381 4365
f 4365 4381 4362
f 4365 4362 4360
f 4360 4362 4356
f 4360 4356 4354
f 4354 4356 4350
f 4355 4350 4356
f 4374 4387 4369
f 4369 4387 4389
f 4389 4390 4369
f 4369 4390 4391
f 4369 4391 4392
f 4358 4355 4364
f 4364 4355 4356
f 4364 4356 4369
f 4369 4356 4362
f 4369 4362 4374
f 4342 4344 4349
f 4358 4349 4355
f 4355 4349 4344
f 4355 4344 4350
f 4336 4334 4349
f 4349 4334 4337
f 4349 4337 4342
f 4342 4337 4332
f 4342 4332 4331
f 4342 4331 4320
f 4329 4344 4342
f 4342 4320 4329
f 4329 4320 4315
f 4329 4315 4307
f 4307 4315 4310
f 4307 4310 4308
f 4307 4306 4329
f 4329 4306 4330
f 4329 4330 4344
f 4344 4330 4350
f 3082 3084 1570
f 3045 3060 1820
f 2020 2035 3029
f 2080 2088 2163
f 2163 2088 2161
f 2163 2161 2253
f 2253 2161 2230
f 2253 3054 2163
f 2163 3054 3039
f 2163 3039 2080
f 2080 3039 3029
f 2080 3029 2065
f 2065 3029 2035
f 2990 2986 2055
f 2990 2055 3003
f 3003 2055 2056
f 3003 2056 3006
f 3006 2056 2049
f 3006 2049 3017
f 3017 2049 2037
f 3017 2037 3029
f 3029 2037 2014
f 3029 2014 2020
f 1899 3002 1874
f 1874 3002 3016
f 1874 3016 1835
f 1914 2055 1905
f 1905 2055 2986
f 1905 2986 1899
f 1899 2986 2988
f 1899 2988 3002
f 1820 3060 1763
f 1835 3016 1820
f 1820 3016 3025
f 1820 3025 3045
f 1570 1574 3082
f 3082 1574 1602
f 3082 1602 3076
f 3076 1602 1610
f 3076 1610 3072
f 3072 1610 1652
f 3072 1652 3062
f 3062 1652 1700
f 3062 1700 3060
f 3060 1700 1715
f 3060 1715 1763
f 3100 1536 3094
f 3094 1536 1547
f 3094 1547 1559
f 1570 3084 1567
f 1567 3084 3090
f 1567 3090 1559
f 1559 3090 3091
f 1559 3091 3094
f 2566 2412 2410
f 2410 2412 2302
f 2410 2302 2300
f 2300 2302 2249
f 2300 2249 2248
f 2248 2249 2303
f 2248 2303 2301
f 2301 2303 2411
f 2301 2411 2409
f 2409 2411 2570
f 2409 2570 2567
f 2567 2570 2672
f 2567 2672 2669
f 2669 2672 2769
f 2669 2769 2767
f 2767 2769 2794
f 2767 2794 2793
f 2793 2794 2768
f 2793 2768 2766
f 2766 2768 2671
f 2766 2671 2670
f 2670 2671 2571
f 2670 2571 2566
f 2566 2571 2412
f 3388 3424 3170
f 2707 2574 3100
f 3100 2574 1787
f 3100 1787 1536
f 1536 1787 1508
f 3170 1859 2372
f 3424 3475 3468
f 2372 1859 2213
f 2372 2575 3170
f 3170 2575 2708
f 3170 2708 3388
f 3388 2708 2813
f 3388 2813 3148
f 3148 2813 2844
f 3148 2844 3100
f 3100 2844 2812
f 3100 2812 2707
f 3298 3170 3379
f 3379 3170 3424
f 3379 3424 3414
f 3414 3424 3468
f 3414 3468 3431
f 2574 2371 1787
f 1787 2371 2212
f 1787 2212 1743
f 1743 2212 2128
f 1743 2128 1689
f 1689 2128 2213
f 1689 2213 1855
f 1855 2213 1859
f 2575 2671 2708
f 2708 2671 2768
f 2708 2768 2813
f 2813 2768 2794
f 2813 2794 2844
f 2844 2794 2769
f 2844 2769 2812
f 2812 2769 2672
f 2812 2672 2707
f 2707 2672 2570
f 2707 2570 2574
f 2574 2570 2411
f 2574 2411 2371
f 2371 2411 2303
f 2371 2303 2212
f 2212 2303 2249
f 2212 2249 2128
f 2128 2249 2302
f 2128 2302 2213
f 2213 2302 2412
f 2213 2412 2372
f 2372 2412 2571
f 2372 2571 2575
f 2575 2571 2671
f 1835 1820 1803
f 1820 1763 1803
f 1803 1763 1715
f 1803 1715 1700
f 1835 1803 1874
f 1874 1803 1872
f 1874 1872 1899
f 1872 1891 1902
f 1902 1914 1872
f 1872 1914 1905
f 1872 1905 1899
f 1837 1778 1739
f 1632 1608 1569
f 1378 1332 1416
f 1416 1332 1287
f 1416 1287 1501
f 1501 1287 1406
f 1593 1561 1626
f 1626 1561 1504
f 1632 1569 1587
f 1587 1569 1540
f 1587 1540 1563
f 1563 1540 1557
f 1557 1540 1534
f 1557 1534 1559
f 1545 1570 1534
f 1534 1570 1567
f 1534 1567 1559
f 1837 1886 1854
f 1854 1886 1891
f 1854 1891 1848
f 1516 1628 1552
f 1552 1628 1678
f 1330 1072 1317
f 1317 1072 1041
f 1317 1041 1311
f 1406 1287 1355
f 1355 1287 1180
f 1355 1180 1330
f 1330 1180 1104
f 1330 1104 1072
f 1778 1837 1782
f 1782 1837 1854
f 1782 1854 1771
f 1771 1854 1848
f 1771 1848 1744
f 1818 1872 1775
f 1775 1872 1803
f 1775 1803 1722
f 1722 1803 1700
f 1722 1700 1675
f 1675 1700 1652
f 1675 1652 1630
f 1630 1652 1610
f 1630 1610 1586
f 1586 1610 1602
f 1586 1602 1545
f 1545 1602 1574
f 1545 1574 1570
f 1632 1626 1608
f 1608 1626 1504
f 1608 1504 1569
f 1569 1504 1453
f 1569 1453 1540
f 1540 1453 1427
f 1540 1427 1534
f 1534 1427 1418
f 1534 1418 1545
f 1545 1418 1436
f 1545 1436 1586
f 1586 1436 1471
f 1586 1471 1630
f 1630 1471 1528
f 1630 1528 1675
f 1675 1528 1590
f 1675 1590 1722
f 1722 1590 1648
f 1722 1648 1775
f 1775 1648 1694
f 1775 1694 1818
f 1671 1531 1685
f 1685 1531 1566
f 1685 1566 1678
f 1678 1566 1564
f 1678 1564 1552
f 1515 1386 1642
f 1642 1386 1497
f 1642 1497 1671
f 1671 1497 1519
f 1671 1519 1531
f 1041 1013 1311
f 1311 1013 1050
f 1311 1050 1321
f 1321 1050 1067
f 1321 1067 1343
f 1343 1067 1138
f 1343 1138 1379
f 1379 1138 1227
f 1379 1227 1433
f 1433 1227 1275
f 1433 1275 1515
f 1515 1275 1361
f 1515 1361 1386
f 1628 1739 1678
f 1678 1739 1778
f 1678 1778 1685
f 1685 1778 1782
f 1685 1782 1671
f 1671 1782 1771
f 1671 1771 1642
f 1642 1771 1744
f 1642 1744 1515
f 1891 1872 1848
f 1848 1872 1818
f 1848 1818 1744
f 1744 1818 1694
f 1744 1694 1515
f 1515 1694 1648
f 1515 1648 1433
f 1433 1648 1590
f 1433 1590 1379
f 1379 1590 1528
f 1379 1528 1343
f 1343 1528 1471
f 1343 1471 1321
f 1321 1471 1436
f 1321 1436 1311
f 1311 1436 1418
f 1311 1418 1317
f 1317 1418 1427
f 1317 1427 1330
f 1330 1427 1453
f 1330 1453 1355
f 1355 1453 1504
f 1355 1504 1406
f 1406 1504 1561
f 1406 1561 1501
f 1501 1561 1593
f 1334 926 925
f 1334 925 1333
f 1333 925 922
f 1333 922 1332
f 1527 1581 1441
f 1673 1657 1656
f 1698 1699 1645
f 1699 1709 1581
f 1581 1709 1728
f 1699 1581 1645
f 1645 1581 1527
f 1645 1527 1616
f 1441 1333 1332
f 1332 1378 1441
f 1441 1378 1416
f 1441 1416 1527
f 1527 1416 1501
f 1527 1501 1616
f 1616 1501 1593
f 1616 1593 1626
f 1334 1333 1562
f 1562 1333 1441
f 1562 1441 1730
f 1730 1441 1581
f 1730 1581 1729
f 1729 1581 1728
f 1632 1656 1626
f 1626 1656 1657
f 1626 1657 1616
f 1616 1657 1673
f 1616 1673 1645
f 1645 1673 1676
f 1645 1676 1698
f 928 926 1621
f 1769 1805 1621
f 1562 1730 1737
f 961 928 1526
f 1526 928 1621
f 1526 1621 1594
f 1594 1621 1640
f 1594 1640 1658
f 1737 1769 1562
f 1562 1769 1621
f 1562 1621 1334
f 1334 1621 926
f 1659 1625 1584
f 1625 1659 1663
f 1525 1526 1584
f 1584 1526 1594
f 1584 1594 1659
f 1659 1594 1658
f 1524 1525 1565
f 1565 1525 1584
f 1565 1584 1591
f 1591 1584 1625
f 1591 1625 1650
f 1650 1625 1663
f 1524 965 1525
f 1525 965 975
f 1525 975 1526
f 1526 975 961
f 3725 4202 4203
f 4203 3598 3597
f 3597 3612 3640
f 4203 3597 3725
f 3725 3597 3640
f 3725 3640 3676
f 4299 4339 4338
f 4261 4299 4245
f 4245 4299 4338
f 4245 4338 4288
f 4288 4338 4351
f 3725 3724 4202
f 4202 3724 4199
f 4202 4199 4245
f 4245 4199 4229
f 4245 4229 4261
f 3599 4200 3596
f 3596 4200 4199
f 3596 4199 3724
f 3724 3677 3596
f 3596 3677 3641
f 3596 3641 3613
f 4338 4335 4351
f 4351 4335 4382
f 4351 4382 4352
f 4352 4382 4383
f 4383 4382 4437
f 4383 4437 4438
f 4090 4138 4588
f 3598 2916 3599
f 3599 2916 3500
f 3599 3500 3540
f 3540 3628 3599
f 3599 3628 3722
f 3599 3722 4200
f 4200 3722 4133
f 4200 4133 4340
f 4178 4233 4133
f 4133 4233 4291
f 4133 4291 4340
f 4262 4230 4300
f 4300 4230 4200
f 4300 4200 4341
f 4341 4200 4340
f 4015 3992 3922
f 3922 3992 3808
f 3922 3808 3768
f 4588 4138 4548
f 4548 4138 4089
f 4548 4089 4438
f 3598 4203 4014
f 4014 4203 4246
f 4588 4511 4090
f 4090 4511 4372
f 4090 4372 4015
f 4015 4372 4158
f 4015 4158 3992
f 4438 4089 4383
f 4383 4089 4014
f 4383 4014 4352
f 4352 4014 4246
f 4352 4246 4289
f 3808 3569 3768
f 3768 3569 3308
f 3768 3308 3656
f 3656 3308 2968
f 3656 2968 3602
f 3602 2968 2880
f 3602 2880 3655
f 3655 2880 2916
f 3655 2916 3767
f 3767 2916 3598
f 3767 3598 3921
f 3921 3598 4014
f 4203 4202 4246
f 4246 4202 4245
f 4246 4245 4289
f 4289 4245 4288
f 4289 4288 4352
f 4352 4288 4351
f 4335 4338 4336
f 4336 4338 4339
f 4339 4341 4336
f 4336 4341 4340
f 4336 4340 4334
f 4334 4340 4337
f 4341 4339 4300
f 4300 4339 4299
f 4300 4299 4262
f 4262 4299 4261
f 4262 4261 4230
f 4230 4261 4229
f 4230 4229 4200
f 4200 4229 4199
f 2734 2427 2589
f 3143 3311 2964
f 1997 1979 1954
f 1954 1979 2010
f 1954 2010 2122
f 2010 2117 2122
f 2122 2117 2275
f 2122 2275 2427
f 2427 2275 2420
f 2427 2420 2589
f 2589 2733 2734
f 2734 2733 2842
f 2734 2842 2964
f 2964 2842 2975
f 2964 2975 3143
f 2421 2289 2598
f 3143 3317 3311
f 3311 3317 3384
f 3311 3384 3419
f 3419 3384 3410
f 3419 3410 3394
f 2421 2276 2289
f 2289 2276 2116
f 2289 2116 1997
f 1997 2116 2009
f 1997 2009 1979
f 3410 3383 3394
f 3394 3383 3318
f 3394 3318 3133
f 3318 3142 3133
f 3133 3142 2976
f 3133 2976 2835
f 2976 2843 2835
f 2835 2843 2732
f 2835 2732 2598
f 2598 2732 2590
f 2598 2590 2421
f 1412 980 963
f 1412 963 1409
f 963 896 1409
f 1409 896 898
f 1409 898 1404
f 1404 898 905
f 1404 905 1368
f 1368 905 1362
f 1362 905 1370
f 1370 905 909
f 1370 909 1373
f 1373 909 915
f 1373 915 1435
f 1435 915 965
f 1435 965 1524
f 1531 953 1566
f 1566 953 983
f 1566 983 1564
f 1564 983 980
f 1564 980 1552
f 1552 980 1412
f 1552 1412 1516
f 1332 922 1287
f 1287 922 917
f 1287 917 1180
f 1180 917 1104
f 1104 917 908
f 1104 908 1072
f 904 1050 1013
f 904 1013 908
f 908 1013 1041
f 908 1041 1072
f 897 1227 1138
f 897 1138 904
f 904 1138 1067
f 904 1067 1050
f 1531 1519 953
f 953 1519 1497
f 953 1497 889
f 889 1497 1386
f 889 1386 890
f 890 1386 1361
f 890 1361 897
f 897 1361 1275
f 897 1275 1227
f 2618 2438 2763
f 2637 2762 2763
f 2195 2227 2178
f 2178 2227 2294
f 2240 2211 2183
f 3470 3444 3533
f 3533 3444 3391
f 3533 3391 3662
f 3662 3391 3288
f 3662 3288 2763
f 2763 3288 3171
f 2763 3171 2618
f 2294 2387 2178
f 2178 2387 2449
f 2178 2449 2170
f 2637 2763 2515
f 2515 2763 2438
f 2515 2438 2327
f 2170 2449 2173
f 2173 2449 2515
f 2173 2515 2183
f 2183 2515 2327
f 2183 2327 2240
f 1876 1858 1777
f 1777 1688 1687
f 2618 2392 2438
f 2438 2392 2355
f 2164 2211 2240
f 2151 2082 2136
f 2327 2151 2240
f 2240 2151 2136
f 2240 2136 2164
f 1703 1780 1857
f 1857 1780 1840
f 1857 1840 1968
f 1968 1840 1881
f 1968 1881 2151
f 2151 1881 1988
f 2151 1988 2082
f 1777 1687 1876
f 1876 1687 1686
f 1876 1686 1890
f 1890 1686 1703
f 1890 1703 1956
f 1956 1703 1857
f 1956 1857 2186
f 2186 1857 1968
f 2186 1968 2392
f 2392 1968 2151
f 2392 2151 2355
f 2355 2151 2327
f 2355 2327 2438
f 4006 4044 3999
f 2293 2312 2469
f 2623 2583 2621
f 2621 2583 2641
f 3380 3460 3273
f 2901 3123 3140
f 2901 3140 2962
f 2995 3038 2850
f 2850 3038 3093
f 2850 3093 2869
f 2866 2891 3035
f 2744 2748 2866
f 2673 2748 2661
f 2661 2748 2744
f 2661 2744 2660
f 2660 2744 2641
f 2517 2527 2468
f 2468 2527 2406
f 2527 2639 2406
f 2406 2639 2469
f 2406 2469 2328
f 2328 2469 2312
f 2400 2295 2112
f 2107 2147 2112
f 2112 2147 2195
f 2112 2195 2400
f 2400 2195 2304
f 2400 2304 2461
f 2295 2210 2112
f 2112 2210 2184
f 2112 2184 2154
f 2642 2650 2541
f 2862 2758 2642
f 2642 2758 2702
f 2642 2702 2650
f 3189 3115 3265
f 3189 3265 3263
f 3115 2960 3265
f 3265 2960 2914
f 3265 2914 2862
f 2862 2914 2856
f 2862 2856 2758
f 3776 3659 3523
f 3523 3659 3485
f 4006 3999 3932
f 3932 3999 3880
f 3932 3880 3811
f 3811 3880 3717
f 3811 3717 3796
f 3796 3717 3673
f 3673 3717 3517
f 3673 3517 3547
f 2664 2805 2792
f 2792 2805 2865
f 3093 3123 2869
f 2869 3123 2901
f 2869 2901 2805
f 2805 2901 2962
f 2805 2962 2865
f 2641 2744 2621
f 2621 2744 2751
f 2621 2751 2623
f 3035 2995 2866
f 2866 2995 2850
f 2866 2850 2744
f 2744 2850 2869
f 2744 2869 2751
f 2751 2869 2805
f 2751 2805 2623
f 2623 2805 2664
f 3843 3776 3720
f 3720 3776 3523
f 3720 3523 3544
f 3999 3843 3880
f 3880 3843 3720
f 3880 3720 3717
f 3717 3720 3544
f 3717 3544 3517
f 3302 3263 3485
f 3485 3263 3265
f 3485 3265 3523
f 3523 3265 3327
f 3523 3327 3544
f 3544 3327 3314
f 3544 3314 3517
f 3517 3314 3273
f 3517 3273 3547
f 3547 3273 3460
f 2962 3107 2865
f 2865 3107 2956
f 2865 2956 2792
f 2792 2956 2965
f 2792 2965 2782
f 2782 2965 2950
f 2782 2950 2613
f 2613 2950 2750
f 2613 2750 2397
f 2397 2750 2538
f 2397 2538 2170
f 2170 2538 2304
f 2170 2304 2178
f 2178 2304 2195
f 3140 3272 2962
f 2962 3272 3380
f 2962 3380 3107
f 3107 3380 3273
f 3107 3273 2956
f 2956 3273 3314
f 2956 3314 2965
f 2965 3314 3327
f 2965 3327 2950
f 2950 3327 3265
f 2950 3265 2750
f 2750 3265 2862
f 2750 2862 2538
f 2538 2862 2642
f 2538 2642 2304
f 2304 2642 2541
f 2304 2541 2461
f 2170 2242 2397
f 2397 2242 2293
f 2397 2293 2613
f 2613 2293 2469
f 2613 2469 2782
f 2782 2469 2639
f 2782 2639 2792
f 2792 2639 2527
f 2792 2527 2664
f 2664 2527 2517
f 2664 2517 2623
f 2623 2517 2543
f 2623 2543 2583
f 1887 1804 1910
f 1910 1804 1824
f 1910 1824 1934
f 1934 1824 1842
f 1934 1842 1944
f 1944 1842 1878
f 1944 1878 1949
f 1949 1878 1900
f 1949 1900 1939
f 1939 1900 1912
f 1939 1912 1925
f 1925 1912 1919
f 1695 1712 1804
f 1804 1712 1762
f 1804 1762 1824
f 1887 1870 1804
f 1804 1870 1808
f 1804 1808 1695
f 1695 1808 1760
f 1535 1546 1560
f 1509 1535 1505
f 1505 1535 1560
f 1505 1560 1514
f 1514 1560 1575
f 1514 1575 1548
f 1548 1575 1600
f 1548 1600 1603
f 1603 1600 1611
f 1603 1611 1614
f 1614 1611 1643
f 1614 1643 1666
f 1666 1643 1695
f 1666 1695 1735
f 1735 1695 1760
f 2188 2102 1740
f 1535 1509 1784
f 1740 2102 1784
f 1784 2102 2187
f 1784 2187 2360
f 2360 2572 1784
f 1784 2572 3103
f 1784 3103 1535
f 2572 2735 3103
f 3103 2735 2823
f 3103 2823 3216
f 3216 2823 2860
f 3216 2860 3283
f 3283 2860 2822
f 3203 3423 3169
f 3169 3423 3387
f 1740 1688 2188
f 2188 1688 1777
f 2188 1777 2361
f 2361 1777 1858
f 2361 1858 2573
f 2573 1858 3169
f 2573 3169 2736
f 2736 3169 3387
f 2736 3387 2822
f 2822 3387 3347
f 2822 3347 3283
f 3203 3290 3393
f 3474 3423 3465
f 3465 3423 3203
f 3465 3203 3439
f 3439 3203 3393
f 3347 3387 3386
f 3385 3216 3386
f 3386 3216 3283
f 3386 3283 3347
f 3140 3382 3272
f 3272 3382 3380
f 3123 3216 3140
f 3140 3216 3385
f 3140 3385 3382
f 3092 3095 3087
f 3087 3095 3103
f 3087 3103 3085
f 3085 3103 3216
f 3085 3216 3078
f 3078 3216 3123
f 3078 3123 3093
f 3038 2997 3093
f 3093 2997 3018
f 3093 3018 3040
f 3040 3061 3093
f 3093 3061 3071
f 3093 3071 3078
f 3052 3053 3036
f 3036 3033 3052
f 3052 3033 3027
f 3052 3027 3051
f 3051 3027 3009
f 3051 3009 3004
f 3049 3050 3047
f 3047 3050 3043
f 2994 2984 3038
f 3038 2984 2985
f 3038 2985 2997
f 3050 3051 3043
f 3043 3051 3004
f 3043 3004 3035
f 3035 3004 2994
f 3035 2994 2995
f 2995 2994 3038
f 2063 1919 1912
f 2203 2123 2261
f 2261 2123 2089
f 2261 2089 3053
f 3053 2089 3036
f 2077 2058 2019
f 3036 2089 3033
f 3033 2089 2077
f 2077 2019 3033
f 3033 2019 2022
f 3033 2022 3027
f 3027 2022 2052
f 3027 2052 3009
f 3009 2052 2064
f 3009 2064 3004
f 3004 2064 2069
f 3004 2069 2994
f 2994 2069 2067
f 2994 2067 2984
f 2984 2067 2063
f 2984 2063 2985
f 2985 2063 1912
f 2985 1912 2997
f 2997 1912 1900
f 2997 1900 3018
f 3061 3040 1762
f 1900 1878 3018
f 3018 1878 1842
f 3018 1842 3040
f 3040 1842 1824
f 3040 1824 1762
f 1762 1712 3061
f 3061 1712 1695
f 3061 1695 3071
f 3071 1695 1643
f 3071 1643 3078
f 1643 1611 3078
f 3078 1611 1600
f 3078 1600 3085
f 3085 1600 1575
f 3085 1575 3087
f 4110 4078 4053
f 4142 4130 4141
f 4141 4130 4110
f 4078 4110 4088
f 4088 4110 4130
f 4088 4130 4114
f 4029 4035 4053
f 4053 4035 4066
f 4053 4066 4110
f 4029 4016 4035
f 4035 4016 3981
f 4035 3981 3982
f 3982 3981 3936
f 3982 3936 3934
f 3934 3936 3923
f 3934 3923 3861
f 3923 3847 3861
f 3861 3847 3778
f 3861 3778 3792
f 3792 3778 3728
f 3728 3778 3770
f 3728 3770 3741
f 4637 4645 4435
f 4435 4514 4561
f 4561 4621 4435
f 4435 4621 4632
f 4435 4632 4637
f 4435 4142 4141
f 4253 4283 4141
f 4141 4283 4417
f 4141 4417 4435
f 4435 4417 4492
f 4435 4492 4514
f 4110 4140 4141
f 4141 4140 4179
f 4141 4179 4253
f 4110 4066 4140
f 4140 4066 4035
f 4140 4035 4105
f 4105 4035 3982
f 4105 3982 4098
f 4098 3982 4024
f 4024 3982 3934
f 4024 3934 3957
f 3861 3857 3934
f 3934 3857 3939
f 3934 3939 3957
f 3728 3631 3792
f 3792 3631 3700
f 3792 3700 3861
f 3861 3700 3746
f 3861 3746 3857
f 3434 3373 3433
f 3728 3585 3631
f 3631 3585 3434
f 3631 3434 3512
f 3512 3434 3433
f 3959 3924 3921
f 4088 4114 4113
f 4131 4138 4113
f 4113 4138 4090
f 4113 4090 4088
f 4016 4029 4015
f 4015 4029 4053
f 4015 4053 4090
f 4090 4053 4078
f 4090 4078 4088
f 4016 4015 3981
f 3981 4015 3922
f 3981 3922 3936
f 3770 3778 3768
f 3768 3778 3847
f 3768 3847 3922
f 3922 3847 3923
f 3922 3923 3936
f 3741 3770 3740
f 3740 3770 3768
f 3740 3768 3732
f 3732 3768 3656
f 3732 3656 3672
f 3672 3656 3658
f 3602 3603 3607
f 3602 3607 3656
f 3656 3607 3634
f 3656 3634 3658
f 3670 3657 3655
f 3655 3657 3632
f 3655 3632 3602
f 3602 3632 3606
f 3602 3606 3603
f 3670 3655 3714
f 3714 3655 3767
f 3714 3767 3769
f 3924 3900 3921
f 3921 3900 3822
f 3921 3822 3767
f 3767 3822 3773
f 3767 3773 3769
f 4089 4091 4014
f 4014 4091 4072
f 4072 4042 4014
f 4014 4042 4017
f 4014 4017 3921
f 3921 4017 3998
f 3921 3998 3959
f 4131 4139 4138
f 4138 4139 4128
f 4138 4128 4089
f 4089 4128 4108
f 4089 4108 4091
f 4417 4283 4281
f 2890 2889 2978
f 2978 2889 3063
f 3432 3372 3063
f 3063 3372 3168
f 3063 3168 2978
f 3373 3372 3433
f 3433 3372 3432
f 3433 3432 3512
f 3512 3432 3699
f 3512 3699 3631
f 3631 3699 3700
f 3938 3857 3699
f 3699 3857 3746
f 3699 3746 3700
f 4024 3957 3938
f 3938 3957 3939
f 3938 3939 3857
f 4179 4140 4103
f 4103 4140 4105
f 4103 4105 3938
f 3938 4105 4098
f 3938 4098 4024
f 4281 4283 4103
f 4103 4283 4253
f 4103 4253 4179
f 4621 4515 4632
f 4632 4515 4631
f 4632 4631 4637
f 4621 4561 4515
f 4515 4561 4514
f 4515 4514 4281
f 4281 4514 4492
f 4281 4492 4417
f 4645 4637 4644
f 4644 4637 4631
f 4644 4631 4657
f 4657 4631 4647
f 4657 4647 4642
f 4642 4647 4626
f 4642 4626 4627
f 1585 1468 2889
f 1585 2889 1821
f 2890 2655 2889
f 2889 2655 2422
f 2422 2133 2889
f 2889 2133 2040
f 2889 2040 1821
f 4558 4592 4595
f 4627 4626 4608
f 4608 4626 4566
f 4608 4566 4571
f 4595 4557 4558
f 4558 4557 4550
f 4558 4550 4566
f 4566 4550 4565
f 4566 4565 4571
f 4569 4570 4584
f 4545 4537 4553
f 4545 4553 4582
f 4507 4498 4523
f 4523 4498 4553
f 4523 4553 4532
f 4532 4553 4537
f 4553 4569 4582
f 4582 4569 4584
f 4582 4584 4606
f 4584 4602 4606
f 4606 4602 4609
f 4606 4609 4605
f 4605 4609 4595
f 4605 4595 4592
f 4119 4056 4127
f 2852 2906 2927
f 2927 2906 3322
f 2963 3083 2906
f 2906 3083 3407
f 2906 3407 3322
f 3300 3328 3485
f 3083 3114 3407
f 3407 3114 3260
f 3407 3260 3282
f 3328 3321 3485
f 3485 3321 3315
f 3485 3315 3302
f 4397 4419 4466
f 4607 4597 4448
f 4607 4448 4601
f 4466 4540 4397
f 4397 4540 4564
f 4397 4564 4448
f 4448 4564 4567
f 4448 4567 4601
f 4119 4127 4228
f 4228 4127 4166
f 4228 4166 4397
f 4397 4166 4312
f 4397 4312 4419
f 3776 3843 3897
f 3897 3843 4003
f 4003 3843 3999
f 4003 3999 4056
f 4056 3999 4044
f 4056 4044 4127
f 3282 3300 3407
f 3407 3300 3485
f 3407 3485 3557
f 3557 3485 3659
f 3557 3659 3736
f 3736 3659 3776
f 3736 3776 3797
f 3797 3776 3897
f 3784 3817 4215
f 4215 3817 3860
f 4215 3860 3882
f 3885 3866 4302
f 4302 3866 3848
f 3848 3813 4302
f 4302 3813 3638
f 4302 3638 3521
f 4409 4434 4376
f 4376 4434 4440
f 4376 4440 4404
f 4404 4440 4446
f 4404 4446 4450
f 4450 4446 4472
f 4450 4472 4501
f 4501 4472 4498
f 4501 4498 4507
f 3882 3885 4215
f 4215 3885 4302
f 4215 4302 4266
f 4266 4302 4409
f 4266 4409 4290
f 4290 4409 4376
f 4292 4302 3521
f 3483 3461 4238
f 3483 4238 3489
f 3489 4238 3495
f 3495 4238 4259
f 3495 4259 3521
f 3521 4259 4279
f 3521 4279 4292
f 3269 3130 2979
f 2979 4018 3269
f 3269 4018 4047
f 3269 4047 4071
f 4222 4238 3461
f 4222 3461 4211
f 4211 3461 3443
f 4211 3443 3421
f 2073 2285 2110
f 2699 2762 2637
f 1838 1901 1936
f 1871 1898 1924
f 1924 1898 2061
f 1537 1518 1727
f 1727 1518 1521
f 1727 1521 1529
f 1904 1618 1779
f 1779 1618 1537
f 1779 1537 1668
f 1668 1537 1727
f 2147 2107 2095
f 2227 2195 2147
f 2147 2095 2227
f 2227 2095 2045
f 2227 2045 2110
f 2515 2449 2285
f 2285 2449 2387
f 2285 2387 2110
f 2110 2387 2294
f 2110 2294 2227
f 2045 1936 2110
f 2110 1936 1901
f 2110 1901 2073
f 2073 1901 1838
f 2073 1838 1904
f 1904 1838 1713
f 1904 1713 1618
f 2628 2601 2554
f 2554 2601 2432
f 2554 2432 2520
f 2520 2432 2297
f 2520 2297 2379
f 2379 2297 2137
f 2379 2137 2358
f 2358 2137 2198
f 2137 1991 2198
f 2198 1991 1924
f 2198 1924 2192
f 2192 1924 2061
f 2192 2061 2120
f 1727 1871 1668
f 1668 1871 1924
f 1668 1924 1779
f 1779 1924 1991
f 1779 1991 1904
f 1904 1991 2137
f 1904 2137 2073
f 2073 2137 2297
f 2073 2297 2285
f 2285 2297 2432
f 2285 2432 2515
f 2515 2432 2601
f 2515 2601 2637
f 2637 2601 2628
f 2637 2628 2699
f 3130 3088 2979
f 2979 3088 2969
f 2969 3088 2957
f 2969 2957 2958
f 3421 3443 3436
f 3436 3443 3461
f 3436 3461 3493
f 3493 3461 3483
f 3812 3774 3813
f 3813 3774 3738
f 3813 3738 3638
f 3638 3738 3637
f 3638 3637 3521
f 3521 3637 3550
f 3521 3550 3495
f 3495 3550 3493
f 3495 3493 3489
f 3489 3493 3483
f 3812 3813 3848
f 3812 3848 3846
f 3846 3848 3866
f 3846 3866 3865
f 3882 3883 3885
f 3885 3883 3865
f 3885 3865 3866
f 3860 3864 3882
f 3882 3864 3884
f 3882 3884 3883
f 3863 3864 3859
f 3859 3864 3860
f 3859 3860 3854
f 3854 3860 3817
f 3854 3817 3816
f 3816 3817 3784
f 3816 3784 3782
f 3810 3835 3821
f 3859 3854 3855
f 3820 3851 3844
f 3790 3802 3820
f 3851 3877 3844
f 3844 3877 3878
f 3844 3878 3855
f 3855 3878 3870
f 3855 3870 3859
f 3859 3870 3869
f 3859 3869 3863
f 3810 3821 3790
f 3816 3782 3821
f 3821 3782 3786
f 3821 3786 3790
f 3790 3820 3810
f 3810 3820 3844
f 3810 3844 3835
f 3835 3844 3855
f 3835 3855 3821
f 3821 3855 3854
f 3821 3854 3816
f 1587 1563 1547
f 1547 1563 1557
f 1547 1557 1559
f 1536 1508 1522
f 1522 1533 1536
f 1536 1533 1583
f 1536 1583 1547
f 1547 1583 1632
f 1547 1632 1587
f 1814 1805 1769
f 1730 1795 1737
f 1737 1795 1799
f 1737 1799 1769
f 1769 1799 1811
f 1769 1811 1814
f 1730 1729 1795
f 1795 1729 1728
f 1795 1728 1764
f 1764 1728 1709
f 1709 1699 1764
f 1764 1699 1698
f 1764 1698 1718
f 1698 1676 1718
f 1718 1676 1673
f 1718 1673 1680
f 1680 1673 1656
f 1680 1656 1633
f 1633 1656 1632
f 1633 1632 1620
f 1620 1632 1583
f 4403 4449 4479
f 4479 4449 4500
f 4479 4500 4505
f 3802 4403 3820
f 3820 4403 4479
f 3820 4479 3851
f 3851 4479 3879
f 3851 3879 3877
f 3877 3879 3878
f 4478 4479 4505
f 4505 4509 4478
f 4478 4509 4513
f 4478 4513 4512
f 4512 4513 4522
f 4512 4522 4567
f 4567 4522 4543
f 4589 4593 4590
f 4590 4593 4597
f 4590 4597 4591
f 4591 4597 4607
f 4591 4607 4604
f 4604 4607 4601
f 4604 4601 4610
f 4610 4601 4567
f 4610 4567 4572
f 4572 4567 4543
f 1393 1407 1404
f 1404 1368 1393
f 1393 1368 1362
f 1393 1362 1364
f 1364 1362 1370
f 1401 1371 1370
f 1370 1371 1357
f 1370 1357 1364
f 1370 1373 1401
f 1401 1373 1435
f 1401 1435 1494
f 1494 1435 1520
f 1494 1520 1613
f 1650 1613 1591
f 1591 1613 1520
f 1591 1520 1565
f 1565 1520 1435
f 1565 1435 1524
f 3286 3289 3392
f 3203 3169 3204
f 3204 3169 3172
f 3204 3172 3205
f 3205 3289 3204
f 3204 3289 3286
f 3204 3286 3203
f 3203 3286 3290
f 3369 3393 3290
f 3369 3417 3393
f 3393 3417 3441
f 3393 3441 3439
f 3439 3441 3466
f 3439 3466 3465
f 3465 3466 3473
f 3465 3473 3474
f 3290 3286 3369
f 3369 3286 3392
f 3369 3392 3417
f 3417 3392 3448
f 3417 3448 3441
f 3441 3448 3476
f 3441 3476 3466
f 3466 3476 3471
f 3466 3471 3473
f 3472 3476 3448
f 3172 3171 3205
f 3205 3171 3288
f 3205 3288 3289
f 3289 3288 3391
f 3289 3391 3392
f 3392 3391 3444
f 3392 3444 3448
f 3448 3444 3470
f 3448 3470 3472
f 2509 2520 2379
f 2201 2291 2512
f 2512 2291 2391
f 2512 2391 2549
f 2549 2391 2516
f 2549 2516 2691
f 2691 2516 2636
f 2691 2636 2815
f 2815 2636 2757
f 2815 2757 2816
f 2512 2198 2192
f 2509 2379 2512
f 2512 2379 2358
f 2512 2358 2198
f 2192 2120 2512
f 2512 2120 2139
f 2512 2139 2201
f 2897 2884 2885
f 2958 2957 2951
f 2951 2957 2897
f 2951 2897 2894
f 2894 2897 2885
f 2857 2885 2832
f 2832 2885 2884
f 2832 2884 2816
f 2816 2884 2831
f 2816 2831 2815
f 3389 3388 3148
f 3390 3389 3345
f 3345 3389 3248
f 3248 3389 3151
f 3151 3389 3148
f 3151 3148 3111
f 3111 3148 3100
f 3111 3100 3077
f 3100 3094 3077
f 3077 3094 3091
f 3077 3091 3090
f 3090 3084 3077
f 3077 3084 3082
f 3077 3082 3076
f 3031 3034 3076
f 3016 2996 3025
f 3025 2996 3005
f 3076 3072 3031
f 3031 3072 3062
f 3031 3062 3021
f 3021 3062 3060
f 3021 3060 3005
f 3005 3060 3045
f 3005 3045 3025
f 3034 3044 3076
f 3076 3044 3041
f 3076 3041 3077
f 3077 3041 3037
f 3077 3037 3032
f 3000 3013 3010
f 3010 3013 3077
f 3010 3077 3024
f 3024 3077 3032
f 3028 2992 3030
f 3030 2992 2998
f 3000 2991 3013
f 3013 2991 2992
f 3013 2992 3026
f 3026 2992 3028
f 3056 3048 3058
f 3058 3048 3042
f 3058 3042 3057
f 3011 3055 3001
f 3001 3055 3057
f 3001 3057 2998
f 2998 3057 3042
f 2998 3042 3030
f 3011 3015 3055
f 3055 3015 3020
f 3055 3020 3054
f 3054 3020 3023
f 3023 3022 3054
f 3054 3022 3014
f 3054 3014 3039
f 3039 3014 3007
f 3039 3007 3029
f 3029 3007 2999
f 2993 3006 2999
f 2999 3006 3017
f 2999 3017 3029
f 3016 3002 2996
f 2996 3002 2988
f 2996 2988 2989
f 2989 2988 2986
f 2989 2986 2987
f 2987 2986 2990
f 2987 2990 2993
f 2993 2990 3003
f 2993 3003 3006
f 2894 3984 2951
f 2951 3984 3997
f 2951 3997 2958
f 4018 2979 3997
f 3997 2979 2969
f 3997 2969 2958
f 1007 1073 1122
f 1241 1226 820
f 1073 1007 837
f 837 1007 739
f 837 739 716
f 820 684 701
f 701 684 667
f 701 667 739
f 739 667 688
f 739 688 716
f 1226 840 820
f 820 840 805
f 820 805 684
f 1264 1241 860
f 860 1241 820
f 860 820 711
f 711 820 701
f 711 701 694
f 694 701 739
f 694 739 725
f 725 739 746
f 746 739 1007
f 746 1007 935
f 935 1007 1122
f 935 1122 1160
f 805 840 816
f 1074 1073 837
f 633 660 719
f 846 1083 1181
f 1243 1142 780
f 780 1142 1109
f 660 683 719
f 719 683 700
f 719 700 846
f 613 588 609
f 612 583 581
f 721 679 616
f 1101 959 721
f 721 959 733
f 721 733 679
f 1192 1101 776
f 776 1101 721
f 776 721 612
f 612 721 616
f 612 616 583
f 783 1235 776
f 776 1235 1225
f 776 1225 1192
f 840 1226 1235
f 1097 1085 815
f 815 1085 1076
f 815 1076 1074
f 783 776 640
f 640 776 612
f 640 612 613
f 613 612 581
f 613 581 588
f 840 1235 816
f 816 1235 783
f 816 783 644
f 644 783 640
f 644 640 643
f 643 640 613
f 643 613 719
f 719 613 609
f 719 609 633
f 672 780 815
f 815 780 1109
f 815 1109 1097
f 1181 1243 774
f 774 1243 780
f 774 780 647
f 647 780 672
f 647 672 668
f 668 672 667
f 668 667 684
f 1074 837 815
f 815 837 716
f 815 716 672
f 672 716 688
f 672 688 667
f 846 1181 719
f 719 1181 774
f 719 774 643
f 643 774 647
f 643 647 644
f 644 647 668
f 644 668 816
f 816 668 684
f 816 684 805
f 1943 1731 1029
f 1029 1731 1417
f 1029 1417 1031
f 1031 1417 1454
f 1031 1454 1033
f 1033 1454 1478
f 1033 1478 1034
f 1034 1478 1496
f 1034 1496 1037
f 1037 1496 1758
f 1037 1758 1980
f 1018 2989 1017
f 1017 2989 2987
f 1017 2987 1019
f 1019 2987 2993
f 1019 2993 1021
f 1021 2993 2999
f 1021 2999 1022
f 1022 2999 3007
f 1022 3007 1024
f 1024 3007 3014
f 1024 3014 1027
f 1027 3014 3022
f 1027 3022 1029
f 1029 3022 3023
f 1029 3023 1943
f 1943 3023 3020
f 1943 3020 1961
f 1961 3020 3015
f 1961 3015 1976
f 1976 3015 3011
f 1976 3011 1980
f 1980 3011 3001
f 1980 3001 1037
f 1037 3001 2998
f 1037 2998 1039
f 1039 2998 2992
f 1039 2992 1040
f 1040 2992 2991
f 1040 2991 1038
f 1038 2991 3000
f 1038 3000 1036
f 1036 3000 3010
f 1036 3010 1035
f 1035 3010 3024
f 1035 3024 1032
f 1032 3024 3032
f 1032 3032 1030
f 3032 3037 1030
f 1030 3037 3041
f 1030 3041 1028
f 1028 3041 3044
f 1028 3044 1026
f 1026 3044 3034
f 1026 3034 1025
f 1025 3034 3031
f 1025 3031 1023
f 1023 3031 3021
f 1023 3021 1020
f 1020 3021 3005
f 1020 3005 1018
f 1018 3005 2996
f 1018 2996 2989
f 1833 1765 1717
f 510 516 520
f 1867 1883 1868
f 1867 1868 1770
f 1770 1868 1738
f 1770 1738 1725
f 1725 1738 1596
f 1596 1738 1513
f 1596 1513 1369
f 1309 1150 1369
f 1627 1415 1674
f 1674 1415 1717
f 1674 1717 1736
f 1736 1717 1765
f 1868 1847 1738
f 1738 1847 1742
f 1738 1742 1513
f 1513 1742 1512
f 1513 1512 1304
f 1369 1513 1309
f 1309 1513 1304
f 1309 1304 1150
f 1150 1304 958
f 1150 958 863
f 863 958 693
f 863 693 704
f 704 693 601
f 704 601 611
f 1143 1062 781
f 781 1062 754
f 781 754 689
f 1576 1359 1390
f 1390 1359 1177
f 1390 1177 1143
f 1143 1177 1077
f 1143 1077 1062
f 487 502 489
f 489 502 509
f 489 509 492
f 492 509 565
f 492 565 566
f 566 565 635
f 566 635 584
f 584 635 603
f 502 510 509
f 509 510 520
f 509 520 565
f 565 520 587
f 565 587 635
f 635 587 664
f 635 664 814
f 814 664 885
f 814 885 1200
f 1200 885 1283
f 1200 1283 1415
f 1415 1283 1477
f 1415 1477 1717
f 522 559 561
f 561 559 567
f 561 567 601
f 601 567 598
f 601 598 611
f 603 635 689
f 689 635 814
f 689 814 781
f 781 814 1200
f 781 1200 1143
f 1143 1200 1415
f 1143 1415 1390
f 1390 1415 1627
f 1390 1627 1576
f 1847 1833 1742
f 1742 1833 1717
f 1742 1717 1512
f 1512 1717 1477
f 1512 1477 1304
f 1304 1477 1283
f 1304 1283 958
f 958 1283 885
f 958 885 693
f 693 885 664
f 693 664 601
f 601 664 587
f 601 587 561
f 561 587 520
f 561 520 522
f 522 520 516
f 1791 1793 1549
f 872 685 768
f 768 685 655
f 1065 1163 1410
f 1793 1791 2005
f 846 700 810
f 1649 1349 1604
f 1604 1349 1394
f 810 700 717
f 717 700 683
f 717 683 618
f 683 652 618
f 618 652 632
f 618 632 586
f 586 632 606
f 586 606 560
f 560 606 576
f 560 576 559
f 559 576 575
f 559 575 567
f 1101 1129 1345
f 1345 1129 1158
f 1345 1158 1329
f 575 581 567
f 567 581 583
f 567 583 598
f 598 583 616
f 598 616 611
f 611 616 679
f 611 679 704
f 704 679 733
f 704 733 863
f 863 733 959
f 863 959 1150
f 1150 959 1101
f 1150 1101 1369
f 1369 1101 1345
f 1369 1345 1641
f 1641 1345 1329
f 1770 1725 1641
f 1641 1725 1596
f 1641 1596 1369
f 2005 1930 1793
f 1793 1930 1831
f 1793 1831 1549
f 2214 2140 2181
f 2181 2140 1977
f 1945 2079 1987
f 1987 2079 2143
f 1834 1819 1690
f 1690 1819 1623
f 1690 1623 1556
f 1299 1388 1263
f 1263 1388 1556
f 1263 1556 1240
f 1263 1251 1299
f 1299 1251 1182
f 1299 1182 1170
f 1170 1182 1116
f 1170 1116 1100
f 1247 1365 1186
f 1186 1365 1323
f 1186 1323 1144
f 1144 1323 1212
f 1144 1212 1119
f 1119 1212 1125
f 1119 1125 1086
f 1086 1125 1100
f 1086 1100 1088
f 1088 1100 1116
f 1247 1270 1365
f 1365 1270 1284
f 1365 1284 1438
f 1438 1284 1405
f 1438 1405 1619
f 1619 1405 1691
f 1691 1405 1636
f 1691 1636 1767
f 1767 1636 1895
f 1895 1636 1832
f 1895 1832 2006
f 1869 1917 1832
f 1832 1917 1984
f 1832 1984 2006
f 1817 1571 1810
f 1810 1571 1595
f 1810 1595 1693
f 1693 1595 1660
f 1571 1337 1595
f 1595 1337 1349
f 1595 1349 1660
f 1660 1349 1649
f 1065 1410 1008
f 854 874 777
f 777 874 769
f 777 769 763
f 763 769 726
f 759 851 775
f 759 775 720
f 720 775 755
f 720 755 726
f 726 755 757
f 726 757 763
f 1223 1120 1098
f 1098 1120 967
f 851 759 967
f 967 759 862
f 967 862 1098
f 1098 862 992
f 1098 992 1337
f 1337 992 1136
f 1337 1136 1349
f 1349 1136 1110
f 1349 1110 1394
f 1394 1110 1083
f 1394 1083 1254
f 1254 1083 1059
f 1254 1059 810
f 810 1059 1083
f 810 1083 846
f 656 715 764
f 764 715 788
f 764 788 867
f 608 600 620
f 620 600 610
f 620 610 619
f 619 610 656
f 619 656 651
f 651 656 764
f 655 685 620
f 620 685 614
f 620 614 608
f 1834 1945 1819
f 1819 1945 1987
f 1819 1987 1977
f 1977 1987 2143
f 1977 2143 2181
f 2140 2005 1977
f 1977 2005 1791
f 1977 1791 1819
f 1819 1791 1549
f 1819 1549 1623
f 1623 1549 1410
f 1623 1410 1556
f 1556 1410 1163
f 1556 1163 1240
f 1810 1869 1817
f 1817 1869 1832
f 1817 1832 1571
f 1571 1832 1636
f 1571 1636 1337
f 1337 1636 1405
f 1337 1405 1098
f 1098 1405 1284
f 1098 1284 1223
f 1223 1284 1270
f 854 969 874
f 874 969 1008
f 874 1008 1112
f 1112 1008 1410
f 1112 1410 1338
f 1338 1410 1549
f 1338 1549 1582
f 1582 1549 1831
f 1582 1831 1867
f 1867 1831 1930
f 1867 1930 1883
f 867 992 764
f 764 992 862
f 764 862 651
f 651 862 759
f 651 759 619
f 619 759 720
f 619 720 620
f 620 720 726
f 620 726 655
f 655 726 769
f 655 769 768
f 768 769 874
f 768 874 872
f 872 874 1112
f 872 1112 1158
f 1158 1112 1338
f 1158 1338 1329
f 1329 1338 1582
f 1329 1582 1641
f 1641 1582 1867
f 1641 1867 1770
f 2214 2181 2182
f 2182 2181 2143
f 2182 2143 2142
f 2317 2180 2305
f 2305 2180 2288
f 1913 1897 1971
f 1971 1897 1967
f 1971 1967 2024
f 2024 1967 1982
f 2024 1982 2180
f 2180 1982 2124
f 2180 2124 2288
f 1651 1723 1913
f 1913 1723 1880
f 1913 1880 1897
f 1913 1772 1651
f 1651 1772 1622
f 1651 1622 1542
f 1542 1622 1322
f 1322 1622 1432
f 1322 1432 974
f 1432 1279 974
f 974 1279 979
f 974 979 832
f 469 558 979
f 979 558 596
f 979 596 832
f 372 371 786
f 786 371 413
f 786 413 979
f 979 413 424
f 979 424 469
f 786 732 372
f 372 732 703
f 372 703 490
f 490 703 692
f 372 291 302
f 302 326 372
f 372 326 346
f 372 346 371
f 349 314 383
f 314 282 383
f 383 282 285
f 383 285 288
f 429 692 681
f 681 426 429
f 429 426 422
f 429 422 383
f 383 422 392
f 383 392 349
f 1205 1206 1048
f 681 713 426
f 426 713 804
f 426 804 493
f 493 804 1005
f 493 1005 589
f 589 1005 1205
f 589 1205 649
f 649 1205 1048
f 1205 1298 1206
f 1206 1298 1458
f 1206 1458 1294
f 1294 1458 1662
f 1708 1612 1662
f 1662 1612 1377
f 1662 1377 1294
f 2043 1911 1928
f 1928 1911 1792
f 1928 1792 1809
f 1809 1792 1701
f 1809 1701 1708
f 1708 1701 1654
f 1708 1654 1612
f 502 487 508
f 2267 2366 2335
f 2333 2345 2194
f 2194 2345 2216
f 2194 2216 2015
f 2015 2216 2013
f 2015 2013 1969
f 1969 2013 1922
f 1969 1922 1863
f 1863 1922 1841
f 1841 1922 1815
f 1841 1815 1679
f 1679 1815 1655
f 1679 1655 1615
f 1615 1655 1434
f 1615 1434 1276
f 850 1015 792
f 792 1015 773
f 792 773 597
f 510 502 517
f 517 502 508
f 517 508 574
f 574 508 597
f 574 597 638
f 638 597 773
f 516 577 522
f 522 577 560
f 522 560 559
f 1631 1609 1568
f 1568 1609 1607
f 1568 1607 1394
f 1394 1607 1605
f 1394 1605 1604
f 1631 1568 1683
f 1683 1568 1539
f 1683 1539 1720
f 2202 2103 2092
f 2092 2103 1989
f 2092 1989 1978
f 1978 1989 1916
f 1978 1916 1879
f 1879 1916 1830
f 1879 1830 1720
f 1720 1830 1710
f 1720 1710 1683
f 705 618 577
f 577 618 586
f 577 586 560
f 1190 1254 878
f 878 1254 810
f 878 810 705
f 705 810 717
f 705 717 618
f 516 564 577
f 577 564 599
f 577 599 705
f 705 599 675
f 705 675 878
f 878 675 845
f 878 845 1190
f 1190 845 1135
f 2335 2251 2267
f 2267 2251 2202
f 2267 2202 2078
f 2078 2202 2092
f 2078 2092 1966
f 1966 2092 1978
f 1966 1978 1860
f 1860 1978 1879
f 1860 1879 1697
f 1697 1879 1720
f 1697 1720 1511
f 1511 1720 1539
f 1511 1539 1135
f 1135 1539 1568
f 1135 1568 1190
f 1190 1568 1394
f 1190 1394 1254
f 850 936 1015
f 1015 936 1276
f 1015 1276 1473
f 1473 1276 1434
f 1473 1434 1682
f 1682 1434 1655
f 1682 1655 1844
f 1844 1655 1815
f 1844 1815 1942
f 1942 1815 1922
f 1942 1922 2046
f 2046 1922 2013
f 2046 2013 2243
f 2243 2013 2216
f 2243 2216 2354
f 2354 2216 2345
f 516 510 564
f 564 510 517
f 564 517 599
f 599 517 574
f 599 574 675
f 675 574 638
f 675 638 845
f 845 638 773
f 845 773 1135
f 1135 773 1015
f 1135 1015 1511
f 1511 1015 1473
f 1511 1473 1697
f 1697 1473 1682
f 1697 1682 1860
f 1860 1682 1844
f 1860 1844 1966
f 1966 1844 1942
f 1966 1942 2078
f 2078 1942 2046
f 2078 2046 2267
f 2267 2046 2243
f 2267 2243 2366
f 2366 2243 2354
f 4760 4763 4701
f 4701 4644 4657
f 4657 4642 4700
f 4700 4642 4627
f 4700 4627 4608
f 4608 4571 4700
f 4700 4571 4565
f 4700 4565 4550
f 4657 4700 4701
f 4701 4700 4761
f 4701 4761 4760
f 4758 4818 4759
f 4759 4818 4865
f 4759 4865 4720
f 4720 4865 4772
f 4720 4772 4662
f 4636 4634 4776
f 4648 4662 4772
f 4811 4780 4786
f 4786 4780 4703
f 4703 4678 4786
f 4786 4678 4658
f 4786 4658 4782
f 4634 4648 4776
f 4776 4648 4772
f 4776 4772 4870
f 4870 4772 4865
f 4870 4872 4776
f 4776 4872 4782
f 4776 4782 4636
f 4636 4782 4658
f 4872 4875 4782
f 4782 4875 4881
f 4782 4881 4786
f 4786 4881 4879
f 4786 4879 4811
f 4553 4498 4705
f 4441 4433 4581
f 4575 4594 4703
f 4580 4478 4512
f 4667 4812 4581
f 4581 4812 4783
f 4446 4441 4472
f 4472 4441 4581
f 4472 4581 4498
f 4498 4581 4783
f 4498 4783 4705
f 4652 4598 4578
f 4652 4578 4705
f 4705 4578 4569
f 4705 4569 4553
f 4564 4575 4567
f 4567 4575 4703
f 4567 4703 4512
f 4512 4703 4780
f 4512 4780 4580
f 4580 4780 4811
f 4580 4811 4666
f 4880 4812 4914
f 4914 4812 4667
f 4914 4667 4930
f 4930 4667 4698
f 4930 4698 4946
f 4945 4947 4697
f 4697 4947 4950
f 4697 4950 4698
f 4698 4950 4948
f 4698 4948 4946
f 4945 4697 4929
f 4929 4697 4666
f 4929 4666 4913
f 4913 4666 4811
f 4913 4811 4879
f 4466 4482 4540
f 4540 4482 4544
f 4594 4575 4544
f 4544 4575 4564
f 4544 4564 4540
f 4166 4165 4312
f 4312 4165 4347
f 4312 4347 4419
f 4419 4347 4418
f 4419 4418 4466
f 4466 4418 4467
f 4466 4467 4482
f 4598 4577 4578
f 4578 4577 4570
f 4578 4570 4569
f 4677 4705 4783
f 4649 4635 4777
f 4777 4635 4638
f 4777 4638 4784
f 4866 4773 4777
f 4777 4773 4663
f 4777 4663 4649
f 4638 4659 4784
f 4784 4659 4677
f 4784 4677 4787
f 4787 4677 4783
f 4787 4783 4812
f 4866 4777 4871
f 4871 4777 4784
f 4871 4784 4878
f 4878 4784 4787
f 4878 4787 4882
f 4882 4787 4812
f 4882 4812 4880
f 4760 4761 4819
f 4819 4761 4866
f 4866 4761 4773
f 4773 4761 4721
f 4773 4721 4663
f 1363 1367 1352
f 1352 1367 793
f 521 511 793
f 793 511 645
f 793 645 1352
f 1367 1363 1354
f 1354 1132 1367
f 1367 1132 858
f 1367 858 1004
f 1004 858 800
f 800 858 736
f 800 736 707
f 707 736 677
f 707 677 669
f 4760 4819 4832
f 4763 4760 4781
f 4781 4760 4832
f 4781 4832 4799
f 4799 4832 4844
f 4819 4866 4896
f 4819 4896 4832
f 4832 4896 4917
f 4832 4917 4844
f 3834 3833 3925
f 4113 4114 3925
f 3925 4114 4074
f 3925 4074 3834
f 4114 4130 4074
f 4074 4130 4142
f 4074 4142 4194
f 4194 4142 4435
f 4644 4737 4645
f 4645 4737 4714
f 4645 4655 4435
f 4435 4655 4415
f 4435 4415 4194
f 3830 3829 3965
f 3965 3829 4008
f 3965 4008 4209
f 4008 4249 4209
f 4209 4249 4651
f 4209 4651 4629
f 4629 4651 4668
f 4629 4668 4695
f 4714 4696 4645
f 4645 4696 4669
f 4645 4669 4655
f 4785 4762 4802
f 4802 4762 4751
f 4802 4751 4736
f 4736 4751 4629
f 4736 4629 4713
f 4713 4629 4695
f 4894 4956 4868
f 4868 4956 4936
f 4868 4936 4826
f 4826 4936 4900
f 4826 4900 4799
f 4799 4900 4848
f 4799 4848 4781
f 4781 4848 4804
f 4781 4804 4763
f 4763 4804 4737
f 4763 4737 4701
f 4701 4737 4644
f 4785 4802 4798
f 4798 4802 4847
f 4798 4847 4825
f 4825 4847 4899
f 4825 4899 4867
f 4867 4899 4935
f 4867 4935 4893
f 4893 4935 4955
f 4893 4955 4894
f 4894 4955 4965
f 4894 4965 4956
f 4785 4798 4842
f 4895 4865 4831
f 4831 4865 4818
f 4831 4818 4758
f 4915 4895 4842
f 4842 4895 4831
f 4842 4831 4785
f 4785 4831 4758
f 4785 4758 4762
f 4875 4872 4883
f 4872 4870 4883
f 4883 4870 4865
f 4883 4865 4889
f 4895 4915 4909
f 4909 4915 4923
f 4909 4923 4903
f 4903 4923 4901
f 4903 4901 4891
f 4865 4895 4889
f 4889 4895 4909
f 4889 4909 4883
f 4883 4909 4903
f 4883 4903 4875
f 4875 4903 4891
f 4875 4891 4881
f 4881 4891 4901
f 4881 4901 4879
f 4977 4953 4951
f 4913 4879 4901
f 4914 4930 4943
f 4914 4943 4880
f 4930 4946 4969
f 4969 4946 4948
f 4969 4948 4974
f 4974 4948 4950
f 4974 4950 4968
f 4950 4947 4968
f 4968 4947 4945
f 4968 4945 4941
f 4941 4945 4929
f 4941 4929 4913
f 4941 4953 4968
f 4968 4953 4977
f 4968 4977 4974
f 4974 4977 4988
f 4974 4988 4969
f 4969 4988 4978
f 4880 4943 4902
f 4902 4943 4954
f 4902 4954 4925
f 4925 4954 4952
f 4925 4952 4917
f 4930 4969 4943
f 4943 4969 4978
f 4943 4978 4954
f 4954 4978 4976
f 4954 4976 4952
f 4951 4975 4977
f 4977 4975 4981
f 4977 4981 4988
f 4988 4981 4987
f 4988 4987 4978
f 4978 4987 4982
f 4978 4982 4976
f 4913 4901 4941
f 4941 4901 4923
f 4941 4923 4953
f 4953 4923 4915
f 4953 4915 4951
f 4446 4440 4441
f 4441 4440 4434
f 4441 4434 4433
f 3881 3879 4208
f 4208 3879 4479
f 4478 4580 4479
f 4479 4580 4666
f 4479 4666 4208
f 4208 4666 4697
f 4697 4698 4208
f 4208 4698 4667
f 4208 4667 4432
f 4432 4667 4581
f 4432 4581 4433
f 3472 3470 3533
f 3502 3533 3530
f 3530 3533 3562
f 3530 3562 3531
f 3502 3473 3471
f 3502 3471 3533
f 3533 3471 3476
f 3533 3476 3472
f 3661 3663 3629
f 3533 3662 3562
f 3562 3662 3661
f 3562 3661 3592
f 3592 3661 3629
f 4878 4884 4871
f 4871 4884 4866
f 4925 4917 4910
f 4910 4917 4896
f 4896 4890 4910
f 4910 4890 4904
f 4910 4904 4925
f 4925 4904 4892
f 4925 4892 4902
f 4880 4902 4882
f 4882 4902 4892
f 4882 4892 4878
f 4878 4892 4904
f 4878 4904 4884
f 4884 4904 4890
f 4884 4890 4866
f 4866 4890 4896
f 4867 4915 4825
f 4825 4915 4842
f 4825 4842 4798
f 4799 4844 4826
f 4826 4844 4917
f 4826 4917 4868
f 4917 4952 4868
f 4868 4952 4976
f 4868 4976 4894
f 4976 4982 4894
f 4894 4982 4987
f 4894 4987 4893
f 4987 4981 4893
f 4893 4981 4975
f 4893 4975 4867
f 4867 4975 4951
f 4867 4951 4915
f 4675 4670 4272
f 4026 3910 3933
f 4021 3858 3891
f 3845 4019 3832
f 3832 4019 4008
f 3832 4008 3829
f 4664 4651 4258
f 4258 4651 4249
f 4670 4664 4272
f 4272 4664 4258
f 4272 4258 4019
f 4019 4258 4249
f 4019 4249 4008
f 4282 4021 4023
f 4023 4021 3891
f 4023 3891 3910
f 4682 4675 4282
f 4282 4675 4272
f 4282 4272 4021
f 4021 4272 4019
f 4021 4019 3858
f 3858 4019 3845
f 4286 4689 4685
f 3910 4026 4023
f 4023 4026 4286
f 4023 4286 4282
f 4282 4286 4685
f 4282 4685 4682
f 3933 4027 4026
f 4026 4027 4154
f 4026 4154 4286
f 4286 4154 4287
f 4286 4287 4689
f 4689 4287 4600
f 4689 4600 4690
f 4689 4690 4711
f 4704 4695 4668
f 4685 4689 4707
f 4707 4689 4711
f 4707 4711 4730
f 4730 4711 4732
f 4685 4707 4682
f 4682 4707 4730
f 4682 4730 4675
f 4675 4730 4719
f 4675 4719 4670
f 4670 4719 4704
f 4670 4704 4664
f 4664 4704 4668
f 4664 4668 4651
f 4713 4695 4704
f 4713 4704 4727
f 4727 4704 4719
f 4727 4719 4738
f 4738 4719 4730
f 4738 4730 4746
f 4746 4730 4732
f 4746 4732 4750
f 4713 4727 4748
f 4713 4748 4736
f 4736 4748 4815
f 4736 4815 4802
f 4802 4815 4861
f 4802 4861 4847
f 4847 4861 4927
f 4847 4927 4899
f 4899 4927 4957
f 4899 4957 4935
f 4935 4957 4979
f 4935 4979 4955
f 4955 4979 4989
f 4955 4989 4965
f 4965 4989 4980
f 4965 4980 4956
f 4956 4980 4958
f 4956 4958 4936
f 4936 4958 4928
f 4936 4928 4900
f 4900 4928 4862
f 4900 4862 4848
f 4848 4862 4816
f 4848 4816 4804
f 4804 4816 4749
f 4804 4749 4737
f 4714 4737 4729
f 4729 4737 4749
f 4729 4749 4739
f 4747 4739 4769
f 4874 4846 4839
f 4839 4846 4791
f 4839 4791 4779
f 4779 4791 4753
f 4779 4753 4747
f 4874 4839 4924
f 4924 4839 4906
f 4924 4906 4960
f 4960 4906 4964
f 4960 4964 4973
f 4973 4964 4999
f 4973 4999 5005
f 5005 4999 5013
f 5005 5013 5018
f 4959 4972 4963
f 4963 4972 5004
f 4963 5004 4998
f 4998 5004 5017
f 4998 5017 5012
f 5012 5017 5020
f 5012 5020 5014
f 5014 5020 5024
f 5014 5024 5013
f 5013 5024 5021
f 5013 5021 5018
f 4959 4963 4921
f 4921 4963 4905
f 4921 4905 4873
f 4873 4905 4837
f 4873 4837 4841
f 4841 4837 4778
f 4841 4778 4790
f 4790 4778 4746
f 4790 4746 4750
f 4747 4769 4779
f 4779 4769 4830
f 4779 4830 4839
f 4839 4830 4886
f 4839 4886 4906
f 4906 4886 4944
f 4906 4944 4964
f 4964 4944 4986
f 4964 4986 4999
f 4999 4986 5001
f 4999 5001 5013
f 5013 5001 5008
f 5013 5008 5014
f 5014 5008 5000
f 5014 5000 5012
f 5012 5000 4985
f 5012 4985 4998
f 4998 4985 4942
f 4998 4942 4963
f 4963 4942 4885
f 4963 4885 4905
f 4905 4885 4829
f 4905 4829 4837
f 4837 4829 4768
f 4837 4768 4778
f 4778 4768 4738
f 4778 4738 4746
f 4739 4749 4769
f 4769 4749 4816
f 4769 4816 4830
f 4830 4816 4862
f 4830 4862 4886
f 4886 4862 4928
f 4886 4928 4944
f 4944 4928 4958
f 4944 4958 4986
f 4986 4958 4980
f 4986 4980 5001
f 5001 4980 4989
f 5001 4989 5008
f 5008 4989 4979
f 5008 4979 5000
f 5000 4979 4957
f 5000 4957 4985
f 4985 4957 4927
f 4985 4927 4942
f 4942 4927 4861
f 4942 4861 4885
f 4885 4861 4815
f 4885 4815 4829
f 4829 4815 4748
f 4829 4748 4768
f 4768 4748 4727
f 4768 4727 4738
f 4696 4714 4729
f 4696 4729 4706
f 4706 4729 4739
f 4706 4739 4722
f 4722 4739 4747
f 4722 4747 4731
f 4731 4747 4753
f 4731 4753 4735
f 4669 4696 4706
f 4691 4688 4708
f 4708 4688 4684
f 4708 4684 4731
f 4731 4684 4722
f 4669 4706 4655
f 4731 4735 4708
f 4708 4735 4712
f 4708 4712 4691
f 4691 4712 4692
f 4684 4676 4722
f 4722 4676 4671
f 4722 4671 4706
f 4706 4671 4665
f 4706 4665 4655
f 4194 4415 4425
f 3836 4076 3849
f 3849 4076 4077
f 3849 4077 3862
f 3862 4077 4079
f 3862 4079 3890
f 3890 4079 4081
f 3890 4081 3911
f 3911 4081 4082
f 3911 4082 3935
f 4415 4655 4665
f 4194 4425 4074
f 4415 4665 4425
f 4425 4665 4671
f 4425 4671 4436
f 4436 4671 4676
f 4436 4676 4447
f 4691 4454 4688
f 4688 4454 4447
f 4688 4447 4684
f 4684 4447 4676
f 4454 4081 4447
f 4447 4081 4079
f 4447 4079 4436
f 4436 4079 4077
f 4436 4077 4425
f 4425 4077 4076
f 4425 4076 4074
f 4074 4076 3836
f 4074 3836 3834
f 4691 4692 4454
f 4454 4692 4455
f 4454 4455 4081
f 4081 4455 4156
f 4081 4156 4082
f 5003 5009 4949
f 3727 3730 3951
f 4082 4156 4112
f 5048 5052 5063
f 5041 5052 5037
f 5037 5052 5048
f 5037 5048 5032
f 4806 4834 4908
f 4683 4702 4775
f 4503 4455 4692
f 3935 3905 3927
f 3927 3905 3912
f 3935 4082 3905
f 3905 4082 4112
f 3905 4112 3875
f 3875 4112 4058
f 3875 4058 4013
f 3733 3735 3963
f 3963 3735 3748
f 3963 3748 3978
f 3978 3748 3750
f 3978 3750 4013
f 4013 3750 3777
f 4013 3777 3875
f 3929 3719 3723
f 3904 3713 3715
f 3874 3705 3706
f 3691 3697 3831
f 3831 3697 3698
f 3831 3698 3874
f 3874 3698 3703
f 3874 3703 3705
f 4673 4718 4755
f 4755 4718 4771
f 4755 4771 4814
f 4814 4771 4820
f 4814 4820 4858
f 4858 4820 4854
f 4858 4854 4912
f 5063 5056 5048
f 5048 5056 5034
f 5048 5034 5032
f 5032 5034 5003
f 5063 5066 5056
f 5056 5066 5046
f 5056 5046 5034
f 5034 5046 5035
f 5034 5035 5003
f 5003 5035 5019
f 5003 5019 5009
f 4025 3980 4123
f 4123 3980 4041
f 4025 4123 4045
f 4045 4123 4197
f 4045 4197 4109
f 4673 4755 4614
f 4614 4755 4687
f 4614 4687 4488
f 4757 4801 4828
f 4828 4801 4852
f 4828 4852 4898
f 4898 4852 4918
f 4898 4918 4962
f 4962 4918 4967
f 4962 4967 5007
f 4743 4674 4757
f 4757 4674 4728
f 4757 4728 4801
f 4370 4488 4674
f 4674 4488 4687
f 4674 4687 4728
f 4728 4687 4755
f 4728 4755 4801
f 4801 4755 4814
f 4801 4814 4852
f 4852 4814 4858
f 4852 4858 4918
f 4918 4858 4912
f 4918 4912 4967
f 4039 4207 4129
f 4129 4207 4422
f 4129 4422 4216
f 4216 4422 4560
f 4216 4560 4411
f 4411 4560 4661
f 4411 4661 4496
f 4184 4109 4295
f 4295 4109 4197
f 4295 4197 4496
f 4239 4204 4420
f 4420 4204 4395
f 4420 4395 4516
f 4516 4395 4528
f 4516 4528 4725
f 4734 4661 4716
f 4716 4661 4560
f 4716 4560 4694
f 4694 4560 4422
f 4694 4422 4556
f 4556 4422 4207
f 4556 4207 4370
f 4370 4674 4556
f 4556 4674 4743
f 4556 4743 4694
f 4694 4743 4765
f 4694 4765 4716
f 4716 4765 4789
f 4716 4789 4734
f 4810 4793 4845
f 4845 4793 4822
f 4845 4822 4888
f 4888 4822 4856
f 4888 4856 4940
f 4528 4680 4725
f 4725 4680 4741
f 4725 4741 4803
f 4803 4741 4797
f 4803 4797 4869
f 4824 4810 4864
f 4864 4810 4845
f 4864 4845 4920
f 4920 4845 4888
f 4920 4888 4971
f 4971 4888 4940
f 4971 4940 4997
f 5007 4997 4962
f 4962 4997 4940
f 4962 4940 4898
f 4898 4940 4856
f 4898 4856 4828
f 4828 4856 4822
f 4828 4822 4757
f 4757 4822 4793
f 4757 4793 4743
f 4743 4793 4810
f 4743 4810 4765
f 4765 4810 4824
f 4765 4824 4789
f 3669 3682 3734
f 3734 3682 3787
f 3734 3787 3742
f 3742 3787 3894
f 3955 3831 3943
f 3943 3831 3874
f 3943 3874 3904
f 3904 3874 3706
f 3904 3706 3713
f 3980 3960 4041
f 4041 3960 3887
f 4041 3887 3968
f 3968 3887 3815
f 3968 3815 3894
f 3894 3815 3772
f 3894 3772 3742
f 4496 4197 4411
f 4411 4197 4123
f 4411 4123 4216
f 4216 4123 4041
f 4216 4041 4129
f 4129 4041 3968
f 4129 3968 4039
f 4039 3968 3894
f 4039 3894 3955
f 3955 3894 3787
f 3955 3787 3831
f 3831 3787 3682
f 3831 3682 3691
f 4037 3972 3994
f 3994 3972 3929
f 3994 3929 3951
f 3951 3929 3723
f 3951 3723 3727
f 4092 4037 4061
f 4061 4037 3994
f 4061 3994 4022
f 4022 3994 3951
f 4022 3951 3963
f 3963 3951 3730
f 3963 3730 3733
f 4149 4107 4190
f 4190 4107 4143
f 4190 4143 4234
f 4234 4143 4175
f 4234 4175 4305
f 4305 4175 4247
f 4305 4247 4473
f 4473 4247 4416
f 4473 4416 4615
f 4615 4416 4503
f 4615 4503 4683
f 4683 4503 4692
f 4683 4692 4702
f 4163 4149 4220
f 4220 4149 4190
f 4220 4190 4304
f 4304 4190 4234
f 4304 4234 4429
f 4429 4234 4305
f 4429 4305 4499
f 4499 4305 4473
f 4499 4473 4646
f 4646 4473 4615
f 4646 4615 4710
f 4710 4615 4683
f 4710 4683 4745
f 4745 4683 4775
f 4745 4775 4834
f 4156 4455 4112
f 4112 4455 4503
f 4112 4503 4058
f 4058 4503 4416
f 4058 4416 4013
f 4013 4416 4247
f 4013 4247 3978
f 3978 4247 4175
f 3978 4175 3963
f 3963 4175 4143
f 3963 4143 4022
f 4022 4143 4107
f 4022 4107 4061
f 4061 4107 4149
f 4061 4149 4092
f 4092 4149 4163
f 4834 4806 4745
f 4745 4806 4767
f 4745 4767 4710
f 4710 4767 4724
f 4710 4724 4646
f 4646 4724 4653
f 4646 4653 4499
f 4499 4653 4568
f 4499 4568 4429
f 4429 4568 4474
f 4429 4474 4304
f 4304 4474 4386
f 4304 4386 4220
f 4220 4386 4223
f 4220 4223 4163
f 4163 4223 4095
f 4163 4095 4092
f 4092 4095 4046
f 4092 4046 4037
f 4037 4046 3990
f 4037 3990 3972
f 5023 5041 5030
f 5030 5041 5037
f 5030 5037 5016
f 5016 5037 5032
f 5016 5032 4993
f 4993 5032 5003
f 4993 5003 4934
f 4934 5003 4949
f 4934 4949 4877
f 4877 4949 4869
f 4877 4869 4836
f 4836 4869 4797
f 4204 4184 4395
f 4395 4184 4295
f 4395 4295 4528
f 4528 4295 4496
f 4528 4496 4680
f 4680 4496 4661
f 4680 4661 4741
f 4741 4661 4734
f 4741 4734 4797
f 4797 4734 4789
f 4797 4789 4836
f 4836 4789 4824
f 4836 4824 4877
f 4877 4824 4864
f 4877 4864 4934
f 4934 4864 4920
f 4934 4920 4993
f 4993 4920 4971
f 4993 4971 5016
f 5016 4971 4997
f 5016 4997 5030
f 5030 4997 5007
f 5030 5007 5023
f 5023 5007 4967
f 5023 4967 4984
f 4984 4967 4912
f 4984 4912 4908
f 4908 4912 4854
f 4908 4854 4806
f 4806 4854 4820
f 4806 4820 4767
f 4767 4820 4771
f 4767 4771 4724
f 4724 4771 4718
f 4724 4718 4653
f 4653 4718 4673
f 4653 4673 4568
f 4568 4673 4614
f 4568 4614 4474
f 4474 4614 4488
f 4474 4488 4386
f 4386 4488 4370
f 4386 4370 4223
f 4223 4370 4207
f 4223 4207 4095
f 4095 4207 4039
f 4095 4039 4046
f 4046 4039 3955
f 4046 3955 3990
f 3990 3955 3943
f 3990 3943 3972
f 3972 3943 3904
f 3972 3904 3929
f 3929 3904 3715
f 3929 3715 3719
f 2658 2654 2760
f 3552 3518 3501
f 3401 3271 3134
f 3139 3507 3457
f 2490 2616 2606
f 3888 3912 3905
f 3548 3581 3507
f 3507 3581 3687
f 3507 3687 3795
f 3548 3507 3352
f 3352 3507 3139
f 3352 3139 3118
f 2740 2946 2827
f 2616 2740 2606
f 2606 2740 2827
f 2606 2827 2615
f 2615 2827 2804
f 2615 2804 2796
f 2348 2231 2332
f 2332 2231 2177
f 2332 2177 2296
f 2177 2113 2296
f 2296 2113 2070
f 2296 2070 2135
f 1598 1931 1634
f 1634 1931 1970
f 1634 1970 1806
f 1806 1970 2135
f 1806 2135 1877
f 1877 2135 2070
f 3795 3888 3507
f 3507 3888 3905
f 3507 3905 3457
f 3457 3905 3875
f 3457 3875 3412
f 3412 3875 3777
f 3412 3777 3368
f 3682 3669 3501
f 3501 3669 3611
f 3501 3611 3552
f 3484 3430 3703
f 3703 3698 3484
f 3484 3698 3697
f 3484 3697 3501
f 3501 3697 3691
f 3501 3691 3682
f 3715 3403 3719
f 3719 3403 3375
f 3719 3375 3723
f 3723 3375 3727
f 3355 3733 3375
f 3375 3733 3730
f 3375 3730 3727
f 3715 3713 3403
f 3403 3713 3706
f 3403 3706 3430
f 3430 3706 3705
f 3430 3705 3703
f 2946 3118 2827
f 2827 3118 3139
f 2827 3139 2804
f 2804 3139 3457
f 2804 3457 2796
f 2796 3457 3412
f 2796 3412 2780
f 2780 3412 3368
f 2780 3368 2789
f 2789 3368 3355
f 2789 3355 2817
f 2817 3355 3375
f 2817 3375 2861
f 2861 3375 3403
f 2861 3403 2931
f 2931 3403 3430
f 2931 3430 3075
f 3075 3430 3484
f 3075 3484 3134
f 3134 3484 3501
f 3134 3501 3401
f 3401 3501 3518
f 2658 2662 2629
f 2654 2658 2553
f 2553 2658 2629
f 2553 2629 2556
f 2803 2771 2828
f 2828 2771 2848
f 2828 2848 2854
f 2854 2848 3108
f 2624 2507 2476
f 2624 2476 2539
f 2539 2476 2417
f 2539 2417 2440
f 2429 2526 2440
f 2440 2526 2627
f 2440 2627 2539
f 2539 2627 2700
f 2539 2700 2624
f 2540 2620 2582
f 2582 2620 2698
f 2582 2698 2657
f 2657 2698 2787
f 2657 2787 2754
f 2754 2787 2848
f 2754 2848 2760
f 2760 2848 2771
f 2760 2771 2658
f 2658 2771 2803
f 2658 2803 2662
f 2311 2284 2388
f 2388 2284 2268
f 2388 2268 2348
f 2348 2268 2235
f 2348 2235 2231
f 2553 2507 2654
f 2654 2507 2624
f 2654 2624 2760
f 2760 2624 2700
f 2760 2700 2754
f 2754 2700 2627
f 2754 2627 2657
f 2657 2627 2526
f 2657 2526 2582
f 2582 2526 2429
f 2582 2429 2540
f 2540 2429 2500
f 2417 2359 2440
f 2440 2359 2311
f 2440 2311 2429
f 2429 2311 2388
f 2429 2388 2500
f 2500 2388 2348
f 2500 2348 2467
f 2467 2348 2332
f 2467 2332 2434
f 2434 2332 2296
f 2434 2296 2386
f 2386 2296 2135
f 2386 2135 2323
f 2323 2135 1970
f 2323 1970 2196
f 2196 1970 1931
f 2196 1931 1861
f 1861 1931 1598
f 1861 1598 1467
f 3777 3750 3368
f 3368 3750 3748
f 3368 3748 3355
f 3355 3748 3735
f 3355 3735 3733
f 2196 2490 2323
f 2323 2490 2606
f 2323 2606 2386
f 2386 2606 2615
f 2386 2615 2434
f 2434 2615 2796
f 2434 2796 2467
f 2467 2796 2780
f 2467 2780 2500
f 2500 2780 2789
f 2500 2789 2540
f 2540 2789 2817
f 2540 2817 2620
f 2620 2817 2861
f 2620 2861 2698
f 2698 2861 2931
f 2698 2931 2787
f 2787 2931 3075
f 2787 3075 2848
f 2848 3075 3134
f 2848 3134 3108
f 3108 3134 3271
f 2577 2626 2653
f 2741 2764 2770
f 2752 2697 2759
f 2652 2694 2617
f 3106 2802 2795
f 3427 3112 3135
f 1705 1460 1517
f 1927 2072 1705
f 2072 1927 2390
f 2390 1927 2321
f 2390 2321 2552
f 3427 3135 3589
f 3909 3819 3504
f 3504 3819 3798
f 3504 3798 3729
f 3455 3872 3504
f 3504 3872 3901
f 3504 3901 3909
f 3112 2834 3135
f 3135 2834 2821
f 3135 2821 3106
f 2834 2640 2821
f 2821 2640 2603
f 2821 2603 2612
f 2431 2612 2382
f 2382 2612 2603
f 2382 2603 2321
f 2321 2603 2640
f 2321 2640 2552
f 1517 1588 1962
f 1962 1588 1672
f 1962 1672 2127
f 2127 1672 1801
f 2925 3105 2845
f 2845 3105 3131
f 2845 3131 2783
f 2783 2752 2845
f 2845 2752 2759
f 2845 2759 2925
f 2925 2759 2770
f 2925 2770 2853
f 2853 2770 2764
f 2626 2741 2653
f 2653 2741 2770
f 2653 2770 2651
f 2651 2770 2759
f 2651 2759 2619
f 2619 2759 2697
f 2619 2697 2536
f 2619 2505 2651
f 2651 2505 2537
f 2651 2537 2653
f 2653 2537 2557
f 2653 2557 2577
f 2577 2557 2555
f 2652 2579 2625
f 2625 2579 2525
f 2625 2525 2437
f 2652 2617 2579
f 2579 2617 2534
f 2579 2534 2525
f 1705 1517 1927
f 1927 1517 1962
f 1927 1962 2321
f 2321 1962 2127
f 2321 2127 2382
f 2382 2127 2292
f 2382 2292 2431
f 2431 2292 2326
f 2431 2326 2459
f 2459 2326 2346
f 2459 2346 2494
f 2494 2346 2385
f 2494 2385 2534
f 2534 2385 2425
f 2534 2425 2525
f 2340 2416 2536
f 2536 2416 2448
f 2536 2448 2619
f 2619 2448 2497
f 2619 2497 2505
f 3106 2821 2802
f 2802 2821 2612
f 2802 2612 2795
f 2795 2612 2431
f 2795 2431 2778
f 2778 2431 2459
f 2778 2459 2788
f 2788 2459 2494
f 2788 2494 2814
f 2814 2494 2534
f 2814 2534 2859
f 2859 2534 2617
f 2859 2617 2930
f 2930 2617 2694
f 2930 2694 3074
f 3497 3469 3551
f 3694 3696 3478
f 3478 3696 3701
f 3478 3701 3429
f 3694 3478 3689
f 3689 3478 3497
f 3689 3497 3681
f 3681 3497 3551
f 3681 3551 3666
f 3701 3704 3429
f 3429 3704 3710
f 3429 3710 3399
f 3399 3710 3712
f 3399 3712 3371
f 3712 3718 3371
f 3371 3718 3726
f 3371 3726 3353
f 3353 3726 3731
f 3353 3731 3362
f 3362 3731 3749
f 3362 3749 3408
f 3408 3749 3775
f 3408 3775 3455
f 3455 3775 3850
f 3455 3850 3872
f 3131 3074 2783
f 2783 3074 2694
f 2783 2694 2752
f 2752 2694 2652
f 2752 2652 2697
f 2697 2652 2625
f 2697 2625 2536
f 2536 2625 2437
f 2536 2437 2340
f 2340 2437 2525
f 2340 2525 2309
f 2309 2525 2425
f 2309 2425 2263
f 2263 2425 2385
f 2263 2385 2246
f 2246 2385 2346
f 2246 2346 2197
f 2197 2346 2326
f 2197 2326 2168
f 2168 2326 2292
f 2168 2292 2023
f 2023 2292 2127
f 2023 2127 1884
f 1884 2127 1801
f 3729 3589 3504
f 3504 3589 3135
f 3504 3135 3455
f 3455 3135 3106
f 3455 3106 3408
f 3408 3106 2795
f 3408 2795 3362
f 3362 2795 2778
f 3362 2778 3353
f 3353 2778 2788
f 3353 2788 3371
f 3371 2788 2814
f 3371 2814 3399
f 3399 2814 2859
f 3399 2859 3429
f 3429 2859 2930
f 3429 2930 3478
f 3478 2930 3074
f 3478 3074 3497
f 3497 3074 3131
f 3497 3131 3469
f 3469 3131 3105
f 4699 4690 4502
f 4502 4681 4699
f 4699 4681 4744
f 4699 4744 4774
f 4774 4744 4805
f 4774 4805 4833
f 4833 4805 4853
f 4833 4853 4907
f 5036 5040 5022
f 5066 5062 5054
f 5054 5062 5051
f 3689 3681 3785
f 3785 3681 3666
f 3701 3696 3825
f 3825 3696 3694
f 3825 3694 3689
f 3710 3704 3871
f 3827 3718 3928
f 3749 3731 3827
f 3827 3731 3726
f 3827 3726 3718
f 4111 4027 3933
f 4111 3933 3901
f 3901 3933 3926
f 3901 3926 3909
f 4690 4600 4502
f 4502 4600 4287
f 4502 4287 4111
f 4111 4287 4154
f 4111 4154 4027
f 4939 4897 4827
f 4996 5029 4961
f 4961 5029 5006
f 4961 5006 4916
f 4916 5006 4966
f 4916 4966 4857
f 4857 4966 4911
f 4857 4911 4817
f 4939 4996 4897
f 4897 4996 4961
f 4897 4961 4851
f 4851 4961 4916
f 4851 4916 4813
f 4813 4916 4857
f 4813 4857 4770
f 4770 4857 4817
f 4770 4817 4723
f 4827 4897 4800
f 4800 4897 4851
f 4800 4851 4754
f 4754 4851 4813
f 4754 4813 4717
f 4717 4813 4770
f 4717 4770 4650
f 4650 4770 4723
f 4650 4723 4497
f 3873 3977 4007
f 4007 3977 4062
f 4007 4062 4244
f 4244 4062 4174
f 4244 4174 4469
f 4469 4174 4303
f 4469 4303 4643
f 4057 4007 4413
f 4413 4007 4244
f 4413 4244 4612
f 4612 4244 4469
f 4612 4469 4709
f 4709 4469 4643
f 4709 4643 4766
f 4111 4057 4502
f 4502 4057 4413
f 4502 4413 4681
f 4681 4413 4612
f 4681 4612 4744
f 4744 4612 4709
f 4744 4709 4805
f 4805 4709 4766
f 4805 4766 4853
f 4040 3967 3908
f 3801 3814 3967
f 3814 3853 3967
f 3967 3853 3889
f 3967 3889 3908
f 3967 3893 3801
f 3801 3893 3785
f 3801 3785 3739
f 3739 3785 3666
f 4146 4176 4294
f 4294 4176 4183
f 4183 4239 4394
f 4239 4420 4394
f 4394 4420 4516
f 4394 4516 4526
f 4526 4516 4725
f 4526 4725 4679
f 4116 4196 4097
f 4097 4196 4120
f 4097 4120 4036
f 4036 4120 4040
f 4036 4040 3979
f 3979 4040 3908
f 3704 3701 3871
f 3871 3701 3825
f 3871 3825 3942
f 3942 3825 3952
f 3942 3952 3989
f 3989 3952 4038
f 3989 4038 4093
f 4093 4038 4126
f 4093 4126 4206
f 4206 4126 4214
f 4206 4214 4421
f 4421 4214 4410
f 4421 4410 4559
f 3689 3785 3825
f 3825 3785 3893
f 3825 3893 3952
f 3952 3893 3967
f 3952 3967 4038
f 4038 3967 4040
f 4038 4040 4126
f 4126 4040 4120
f 4126 4120 4214
f 4214 4120 4196
f 4214 4196 4410
f 4116 4146 4196
f 4196 4146 4294
f 4196 4294 4410
f 4410 4294 4495
f 4410 4495 4559
f 4559 4495 4660
f 4559 4660 4715
f 4715 4660 4733
f 4715 4733 4788
f 4679 4725 4740
f 4740 4725 4803
f 4740 4803 4796
f 4183 4394 4294
f 4294 4394 4526
f 4294 4526 4495
f 4495 4526 4679
f 4495 4679 4660
f 4660 4679 4740
f 4660 4740 4733
f 4733 4740 4796
f 4733 4796 4788
f 4876 4949 4933
f 4933 4949 5009
f 4933 5009 5002
f 5002 5009 5019
f 5002 5019 5033
f 5033 5019 5035
f 5033 5035 5054
f 5054 5035 5046
f 5054 5046 5066
f 4823 4835 4876
f 4876 4835 4869
f 4876 4869 4949
f 5040 5036 5047
f 5047 5036 5015
f 5047 5015 5031
f 5031 5015 4970
f 5031 4970 4992
f 4992 4970 4887
f 4992 4887 4919
f 4919 4887 4843
f 4919 4843 4863
f 4863 4843 4809
f 4863 4809 4823
f 4823 4876 4863
f 4863 4876 4933
f 4863 4933 4919
f 4919 4933 5002
f 4919 5002 4992
f 4992 5002 5033
f 4992 5033 5031
f 5031 5033 5054
f 5031 5054 5047
f 5047 5054 5051
f 5047 5051 5040
f 4693 4672 4555
f 4555 4672 4483
f 4555 4483 4367
f 4367 4483 4375
f 4367 4375 4161
f 4161 4375 4218
f 4161 4218 4083
f 4083 4218 4147
f 4083 4147 4034
f 4034 4147 4060
f 4034 4060 3971
f 3971 4060 3993
f 3971 3993 3902
f 3902 3993 3928
f 3902 3928 3712
f 3712 3928 3718
f 4756 4672 4742
f 4742 4672 4693
f 4742 4693 4764
f 4792 4821 4827
f 4827 4821 4855
f 4827 4855 4939
f 4756 4726 4672
f 4672 4726 4686
f 4672 4686 4483
f 4483 4686 4613
f 4483 4613 4375
f 4375 4613 4471
f 4375 4471 4218
f 4218 4471 4301
f 4218 4301 4147
f 4147 4301 4189
f 4147 4189 4060
f 4060 4189 4106
f 4060 4106 3993
f 3993 4106 4020
f 3993 4020 3928
f 3928 4020 3948
f 3928 3948 3827
f 4303 4497 4643
f 4643 4497 4723
f 4643 4723 4766
f 4766 4723 4817
f 4766 4817 4853
f 4853 4817 4911
f 4853 4911 4907
f 4907 4911 4966
f 4907 4966 4983
f 4983 4966 5006
f 4983 5006 5022
f 5022 5006 5029
f 5022 5029 5036
f 5036 5029 4996
f 5036 4996 5015
f 5015 4996 4939
f 5015 4939 4970
f 4970 4939 4855
f 4970 4855 4887
f 4887 4855 4821
f 4887 4821 4843
f 4843 4821 4792
f 4843 4792 4809
f 3712 3710 3902
f 3902 3710 3871
f 3902 3871 3971
f 3971 3871 3942
f 3971 3942 4034
f 4034 3942 3989
f 4034 3989 4083
f 4083 3989 4093
f 4083 4093 4161
f 4161 4093 4206
f 4161 4206 4367
f 4367 4206 4421
f 4367 4421 4555
f 4555 4421 4559
f 4555 4559 4693
f 4693 4559 4715
f 4693 4715 4764
f 4764 4715 4788
f 3901 3872 4111
f 4111 3872 3850
f 4111 3850 4057
f 4057 3850 3775
f 4057 3775 4007
f 4007 3775 3749
f 4007 3749 3873
f 3873 3749 3827
f 3873 3827 3977
f 3977 3827 3948
f 3977 3948 4062
f 4062 3948 4020
f 4062 4020 4174
f 4174 4020 4106
f 4174 4106 4303
f 4303 4106 4189
f 4303 4189 4497
f 4497 4189 4301
f 4497 4301 4650
f 4650 4301 4471
f 4650 4471 4717
f 4717 4471 4613
f 4717 4613 4754
f 4754 4613 4686
f 4754 4686 4800
f 4800 4686 4726
f 4800 4726 4827
f 4827 4726 4756
f 4827 4756 4792
f 4792 4756 4742
f 4792 4742 4809
f 4809 4742 4764
f 4809 4764 4823
f 4823 4764 4788
f 4823 4788 4835
f 4835 4788 4796
f 4835 4796 4869
f 4869 4796 4803
f 3532 3531 3562
f 3532 3562 3563
f 3563 3562 3592
f 3563 3592 3593
f 4071 3973 3269
f 3269 3973 3839
f 3269 3839 3693
f 3593 3592 3625
f 3625 3592 3629
f 3625 3629 3660
f 3660 3629 3663
f 3660 3663 3693
f 3693 3663 3270
f 3693 3270 3269
f 4302 4292 4285
f 4285 4292 4279
f 4285 4279 4259
f 4259 4238 4285
f 4285 4238 4222
f 4285 4222 4211
f 4285 4432 4433
f 4302 4285 4409
f 4409 4285 4433
f 4409 4433 4434
f 4211 3421 3436
f 4211 3436 4285
f 3436 3493 4285
f 4285 3493 3550
f 4285 3550 4432
f 3550 3637 4432
f 4432 3637 3738
f 4432 3738 4208
f 3883 3884 4208
f 3881 4208 3876
f 3876 4208 3884
f 3876 3884 3864
f 3812 4208 3774
f 3774 4208 3738
f 3812 3846 4208
f 4208 3846 3865
f 4208 3865 3883
f 3863 3869 3870
f 3879 3881 3876
f 3878 3879 3870
f 3870 3879 3876
f 3870 3876 3863
f 3863 3876 3864
f 2509 2510 2520
f 2520 2510 2529
f 2520 2529 2554
f 2554 2529 2638
f 2554 2638 2628
f 2628 2638 2699
f 2699 2638 2763
f 2699 2763 2762
f 3270 3663 3661
f 3270 3661 2903
f 3661 3662 2510
f 2529 2510 2638
f 2638 2510 3662
f 2638 3662 2763
f 2692 2903 2550
f 2550 2903 3661
f 2550 3661 2511
f 2511 3661 2510
f 3531 3532 3530
f 3180 3158 3176
f 3160 3178 3166
f 3166 3178 3192
f 3166 3192 3193
f 3193 3192 3201
f 3193 3201 3214
f 3214 3201 3223
f 3214 3223 3230
f 3230 3223 3232
f 3232 3235 3237
f 3237 3235 3241
f 3237 3241 3245
f 3245 3241 3247
f 3247 3253 3252
f 3252 3253 3254
f 3252 3254 3250
f 3250 3254 3246
f 3246 3244 3240
f 3240 3244 3236
f 3240 3236 3234
f 3180 3176 3208
f 3236 3231 3234
f 3234 3231 3226
f 3234 3226 3224
f 3224 3226 3208
f 3224 3208 3207
f 3207 3208 3176
f 3153 3146 3174
f 3158 3159 3154
f 3154 3159 3155
f 3154 3155 3145
f 3160 3152 3159
f 3159 3152 3149
f 3159 3149 3155
f 3145 3155 3146
f 3146 3155 3164
f 3146 3164 3174
f 3186 3175 3174
f 3174 3175 3161
f 3174 3161 3153
f 3175 3186 3195
f 3175 3195 3190
f 3190 3195 3202
f 3190 3202 3209
f 3209 3211 3190
f 3190 3211 3210
f 3190 3210 3199
f 3199 3210 3206
f 4690 4699 4711
f 4711 4699 4732
f 5064 5067 5061
f 4931 4990 4994
f 4849 4838 4794
f 4794 4838 4807
f 4794 4807 4732
f 4732 4807 4750
f 4994 4937 4931
f 4931 4937 4922
f 4931 4922 4849
f 4849 4922 4859
f 4849 4859 4838
f 5044 5038 5025
f 5025 5038 5027
f 5025 5027 4990
f 4990 5027 5010
f 4990 5010 4994
f 5061 5059 5064
f 5064 5059 5057
f 5064 5057 5053
f 5053 5057 5049
f 5053 5049 5044
f 5044 5049 5042
f 5044 5042 5038
f 5066 5067 5062
f 5062 5067 5064
f 5062 5064 5051
f 5051 5064 5053
f 5051 5053 5040
f 5040 5053 5044
f 5040 5044 5022
f 5022 5044 5025
f 5022 5025 4983
f 4983 5025 4990
f 4983 4990 4907
f 4907 4990 4931
f 4907 4931 4833
f 4833 4931 4849
f 4833 4849 4774
f 4774 4849 4794
f 4774 4794 4699
f 4699 4794 4732
f 4790 4750 4807
f 4753 4791 4808
f 4808 4791 4846
f 4808 4846 4840
f 4840 4846 4874
f 4840 4874 4860
f 5005 5028 4973
f 4973 5028 5011
f 4973 5011 4960
f 4960 5011 4995
f 4960 4995 4924
f 4924 4995 4938
f 4924 4938 4874
f 4874 4938 4926
f 4874 4926 4860
f 5018 5043 5005
f 5005 5043 5039
f 5005 5039 5028
f 5024 5060 5021
f 5021 5060 5058
f 5021 5058 5018
f 5018 5058 5050
f 5018 5050 5043
f 5020 5059 5024
f 5024 5059 5061
f 5024 5061 5060
f 5004 5042 5017
f 5017 5042 5049
f 5017 5049 5020
f 5020 5049 5057
f 5020 5057 5059
f 4921 4994 4959
f 4959 4994 5010
f 4959 5010 4972
f 4972 5010 5027
f 4972 5027 5004
f 5004 5027 5038
f 5004 5038 5042
f 4838 4859 4873
f 4873 4859 4922
f 4873 4922 4921
f 4921 4922 4937
f 4921 4937 4994
f 4838 4873 4807
f 4807 4873 4841
f 4807 4841 4790
f 4991 4932 4938
f 4735 4753 4795
f 4795 4753 4808
f 4795 4808 4850
f 5065 5060 5067
f 5067 5060 5061
f 5045 5043 5055
f 5055 5043 5050
f 5055 5050 5065
f 5065 5050 5058
f 5065 5058 5060
f 4938 4995 4991
f 4991 4995 5011
f 4991 5011 5026
f 5026 5011 5028
f 5026 5028 5045
f 5045 5028 5039
f 5045 5039 5043
f 4808 4840 4850
f 4850 4840 4860
f 4850 4860 4932
f 4932 4860 4926
f 4932 4926 4938
f 4702 4735 4775
f 4775 4735 4795
f 4775 4795 4834
f 4834 4795 4850
f 4834 4850 4908
f 4908 4850 4932
f 4908 4932 4984
f 4984 4932 4991
f 4984 4991 5023
f 5023 4991 5026
f 5023 5026 5041
f 5041 5026 5045
f 5041 5045 5052
f 5052 5045 5055
f 5052 5055 5063
f 5063 5055 5065
f 5063 5065 5066
f 5066 5065 5067
f 4735 4702 4712
f 4712 4702 4692
f 3931 4045 4109
f 3156 2790 3228
f 3895 3837 3930
f 4045 3931 4025
f 3980 4025 3896
f 3896 4025 3931
f 3896 3931 3838
f 3838 3931 3766
f 4176 4146 3995
f 3892 3995 3752
f 3752 3995 3930
f 3752 3930 3761
f 3761 3930 3837
f 3643 3753 3515
f 3515 3753 3560
f 3515 3560 3228
f 3761 3642 3752
f 3752 3642 3605
f 3752 3605 3482
f 3482 3605 3358
f 3482 3358 3313
f 4239 4183 4204
f 4204 4183 4073
f 3643 3766 3753
f 3753 3766 3931
f 3753 3931 3996
f 3996 3931 4109
f 3996 4109 4073
f 4073 4109 4184
f 4073 4184 4204
f 3979 3895 4036
f 4036 3895 3930
f 4036 3930 4097
f 4097 3930 3995
f 4097 3995 4116
f 4116 3995 4146
f 3358 3156 3313
f 3313 3156 3228
f 3313 3228 3482
f 3482 3228 3560
f 3482 3560 3752
f 3752 3560 3753
f 3752 3753 3892
f 3892 3753 3996
f 3892 3996 3995
f 3995 3996 4073
f 3995 4073 4176
f 4176 4073 4183
f 1314 1161 1339
f 1554 1339 1757
f 2464 2466 2171
f 2854 2855 2828
f 2828 2855 2849
f 2828 2849 2803
f 2609 2310 2665
f 2665 2310 2455
f 2665 2455 2746
f 2746 2455 2593
f 2746 2593 2786
f 2786 2593 2667
f 2486 2245 2533
f 2533 2245 2111
f 2156 2460 2464
f 2245 1955 2111
f 2111 1955 1894
f 2111 1894 2097
f 2097 1894 1929
f 2097 1929 2191
f 933 1043 852
f 852 1043 1164
f 852 1164 765
f 1647 1164 1318
f 1318 1164 1043
f 1318 1043 1314
f 1314 1043 933
f 1314 933 1161
f 1339 1554 1314
f 1314 1554 1450
f 1314 1450 1318
f 1318 1450 1580
f 1318 1580 1647
f 2464 2171 2156
f 2156 2171 1647
f 2156 1647 1866
f 1866 1647 1580
f 1866 1580 1716
f 1716 1580 1450
f 1716 1450 1704
f 1704 1450 1554
f 1704 1554 1828
f 1828 1554 1757
f 1828 1757 2057
f 2057 1757 2134
f 2057 2134 2313
f 2556 2629 2436
f 2436 2629 2544
f 2436 2544 2424
f 2424 2544 2394
f 2134 2424 2313
f 2313 2424 2394
f 2313 2394 2057
f 2057 2394 2191
f 2057 2191 1828
f 1828 2191 1929
f 1828 1929 1704
f 1704 1929 1894
f 1704 1894 1716
f 1716 1894 1955
f 1716 1955 1866
f 1866 1955 2245
f 1866 2245 2156
f 2156 2245 2486
f 2156 2486 2460
f 2742 2790 2755
f 2749 2609 2785
f 2785 2609 2665
f 2785 2665 2824
f 2824 2665 2746
f 2824 2746 2849
f 2849 2746 2786
f 2849 2786 2803
f 2803 2786 2667
f 2803 2667 2662
f 2629 2662 2544
f 2544 2662 2667
f 2544 2667 2394
f 2394 2667 2593
f 2394 2593 2191
f 2191 2593 2455
f 2191 2455 2097
f 2097 2455 2310
f 2097 2310 2111
f 2111 2310 2609
f 2111 2609 2533
f 2533 2609 2749
f 2533 2749 2486
f 2486 2749 2711
f 2486 2711 2460
f 2460 2711 2742
f 2460 2742 2464
f 2464 2742 2755
f 2464 2755 2466
f 2715 2756 2607
f 801 765 1164
f 2577 2555 2408
f 2053 2185 2393
f 2764 2741 2666
f 2155 2457 2483
f 2755 2790 2761
f 1865 1647 2155
f 2155 1647 2171
f 2171 2466 2155
f 2155 2466 2463
f 2155 2463 2457
f 1865 2155 1953
f 1953 2155 2483
f 1953 2483 2109
f 2109 2483 2532
f 2109 2532 2306
f 2663 2797 2745
f 2745 2797 2819
f 2745 2819 2784
f 2784 2819 2833
f 2784 2833 2853
f 2853 2764 2784
f 2784 2764 2666
f 2784 2666 2745
f 2745 2666 2592
f 2745 2592 2663
f 2663 2592 2450
f 2626 2577 2542
f 2542 2577 2408
f 2542 2408 2393
f 2393 2408 2236
f 2393 2236 2053
f 2053 2236 1992
f 2053 1992 1597
f 2185 2053 1826
f 1826 2053 1597
f 1826 1597 1551
f 1551 1597 1420
f 1551 1420 1312
f 1312 1420 1173
f 1312 1173 1042
f 1042 1316 1312
f 1312 1316 1449
f 1312 1449 1551
f 1551 1449 1702
f 1551 1702 1826
f 1826 1702 1926
f 1826 1926 2185
f 2466 2755 2463
f 2463 2755 2761
f 2463 2761 2457
f 2457 2761 2716
f 2457 2716 2483
f 2483 2716 2715
f 2483 2715 2532
f 2532 2715 2607
f 2532 2607 2306
f 2741 2626 2666
f 2666 2626 2542
f 2666 2542 2592
f 2592 2542 2393
f 2592 2393 2450
f 2450 2393 2185
f 2450 2185 2093
f 2093 2185 1926
f 2093 1926 1892
f 1892 1926 1702
f 1892 1702 1714
f 1714 1702 1449
f 1714 1449 1578
f 1578 1449 1316
f 1173 801 1042
f 1042 801 1164
f 1042 1164 1316
f 1316 1164 1647
f 1316 1647 1578
f 1578 1647 1865
f 1578 1865 1714
f 1714 1865 1953
f 1714 1953 1892
f 1892 1953 2109
f 1892 2109 2093
f 2093 2109 2306
f 2093 2306 2450
f 2450 2306 2607
f 2450 2607 2663
f 2663 2607 2756
f 2663 2756 2797
f 241 270 305
f 208 209 242
f 270 241 242
f 242 241 210
f 242 210 208
f 242 274 270
f 270 274 304
f 270 304 305
f 305 304 322
f 305 322 351
f 351 322 362
f 2254 2218 2375
f 2375 2218 2025
f 2375 2025 2451
f 2451 2025 1973
f 2451 1973 2341
f 2341 1973 1889
f 2341 1889 2200
f 2200 1889 1789
f 2200 1789 2146
f 2146 1789 1681
f 2146 1681 2003
f 2003 1681 1558
f 2003 1558 1981
f 1981 1558 1403
f 1981 1403 1862
f 1862 1403 1325
f 1862 1325 1812
f 1812 1325 1224
f 1812 1224 1670
f 1670 1224 745
f 491 1269 570
f 570 1269 1313
f 570 1313 745
f 745 1313 1484
f 745 1484 1670
f 474 797 491
f 491 797 1202
f 491 1202 1269
f 474 417 797
f 797 417 409
f 797 409 637
f 637 409 368
f 637 368 362
f 274 591 304
f 304 591 637
f 304 637 322
f 322 637 362
f 1393 1382 1306
f 1306 1382 1125
f 2169 2142 2143
f 1834 1856 1950
f 1834 1950 1945
f 1945 1950 2085
f 1945 2085 2079
f 2079 2085 2167
f 2079 2167 2143
f 2143 2167 2169
f 2169 2167 2207
f 2169 2207 2286
f 2286 2207 2320
f 2286 2320 2336
f 2336 2320 2415
f 2336 2415 2413
f 2426 2423 2413
f 2452 2442 2426
f 2426 2442 2430
f 2426 2430 2423
f 2413 2415 2426
f 2426 2415 2433
f 2426 2433 2447
f 2447 2456 2426
f 2426 2456 2458
f 2426 2458 2452
f 1494 1613 1388
f 1388 1613 1726
f 1388 1726 1556
f 1556 1726 1856
f 1556 1856 1690
f 1690 1856 1834
f 1100 1125 1364
f 1364 1125 1382
f 1364 1382 1393
f 1299 1371 1388
f 1388 1371 1401
f 1388 1401 1494
f 1364 1357 1100
f 1100 1357 1371
f 1100 1371 1170
f 1170 1371 1299
f 2142 2169 2182
f 2182 2169 2286
f 2182 2286 2214
f 2214 2286 2140
f 2140 2286 2336
f 2140 2336 2005
f 2005 2336 2413
f 2005 2413 1930
f 1847 1868 2041
f 2041 1868 1883
f 2041 1883 2215
f 2215 1883 1930
f 2215 1930 2241
f 2241 1930 2413
f 1366 1576 1933
f 1576 1627 1933
f 1933 1627 1674
f 1933 1674 1965
f 1674 1736 1965
f 1965 1736 1765
f 1965 1765 2041
f 2041 1765 1833
f 2041 1833 1847
f 1366 1933 1255
f 1255 1933 1915
f 1255 1915 971
f 1915 1783 971
f 971 1783 1724
f 971 1724 680
f 680 1724 1500
f 680 1500 563
f 563 1500 1360
f 563 1360 507
f 507 1360 1346
f 507 1346 501
f 501 1346 1233
f 501 1233 461
f 1233 1149 461
f 461 1149 1006
f 461 1006 414
f 414 1006 812
f 414 812 398
f 398 812 389
f 389 812 379
f 379 812 708
f 379 708 337
f 337 708 634
f 337 634 298
f 591 274 594
f 594 274 298
f 594 298 607
f 607 298 634
f 227 261 211
f 211 261 242
f 211 242 205
f 205 242 209
f 274 242 298
f 298 242 261
f 298 261 337
f 337 261 338
f 414 398 377
f 377 398 389
f 377 389 338
f 338 389 379
f 338 379 337
f 498 501 461
f 227 234 261
f 261 234 292
f 261 292 338
f 338 292 345
f 338 345 377
f 377 345 395
f 377 395 414
f 414 395 425
f 414 425 461
f 461 425 488
f 461 488 498
f 3130 3269 3088
f 3088 3269 3270
f 2815 2831 2903
f 2815 2903 2691
f 2831 2884 2903
f 2903 2884 2897
f 2903 2897 3270
f 3270 2897 2957
f 3270 2957 3088
f 2903 2692 2691
f 2691 2692 2550
f 2691 2550 2549
f 2549 2550 2511
f 2549 2511 2512
f 2511 2510 2512
f 2512 2510 2509
f 3201 3192 3159
f 3159 3192 3178
f 3159 3178 3160
f 3231 3218 3226
f 3226 3218 3208
f 3247 3241 3218
f 3218 3241 3235
f 3218 3235 3232
f 3158 3180 3159
f 3159 3180 3208
f 3159 3208 3201
f 3201 3208 3218
f 3201 3218 3223
f 3223 3218 3232
f 3231 3236 3218
f 3218 3236 3244
f 3218 3244 3246
f 3246 3254 3218
f 3218 3254 3253
f 3218 3253 3247
f 1447 1423 1387
f 1402 1439 1293
f 1293 1439 1169
f 1293 1169 1191
f 901 956 1169
f 1169 956 1075
f 1169 1075 1191
f 877 809 901
f 901 809 826
f 901 826 956
f 1111 868 877
f 877 868 828
f 877 828 809
f 1423 1411 1387
f 1387 1411 1310
f 1387 1310 1111
f 1111 1310 1064
f 1111 1064 868
f 1256 1480 1463
f 1463 1480 1485
f 1463 1485 1483
f 1470 1475 1282
f 1305 1492 1489
f 1093 1044 1068
f 1068 1044 1069
f 1068 1069 1282
f 1282 1069 1285
f 1282 1285 1470
f 1489 1308 1305
f 1305 1308 1133
f 1305 1133 1093
f 1093 1133 1095
f 1093 1095 1044
f 1475 1480 1282
f 1282 1480 1256
f 1282 1256 1068
f 1068 1256 1012
f 1068 1012 1093
f 1093 1012 1046
f 1093 1046 1305
f 1305 1046 1295
f 1305 1295 1492
f 1492 1295 1506
f 1483 1474 1463
f 1463 1474 1425
f 1463 1425 1256
f 1256 1425 1198
f 1256 1198 1012
f 1012 1198 972
f 1012 972 1046
f 1046 972 981
f 1046 981 1295
f 1295 981 1248
f 1295 1248 1506
f 1506 1248 1486
f 1474 1447 1425
f 1425 1447 1387
f 1425 1387 1198
f 1198 1387 1111
f 1198 1111 972
f 972 1111 877
f 972 877 981
f 981 877 901
f 981 901 1248
f 1248 901 1169
f 1248 1169 1486
f 1486 1169 1439
f 1444 1445 1469
f 1444 1469 1459
f 1459 1469 1475
f 1459 1475 1470
f 1462 1485 1469
f 1469 1485 1480
f 1469 1480 1475
f 1423 1447 1430
f 1430 1447 1474
f 1430 1474 1462
f 1462 1474 1483
f 1462 1483 1485
f 1422 1381 1392
f 1445 1452 1469
f 1469 1452 1443
f 1469 1443 1462
f 1462 1443 1422
f 1462 1422 1430
f 1430 1422 1392
f 1430 1392 1423
f 1423 1392 1411
f 1320 1381 1087
f 1445 1444 1265
f 1262 1464 1237
f 1237 1464 1466
f 1237 1466 1476
f 756 771 848
f 848 771 842
f 848 842 1087
f 1087 842 1045
f 1087 1045 1320
f 756 848 770
f 770 848 853
f 770 853 839
f 839 853 1082
f 839 1082 884
f 1052 999 1082
f 1082 999 973
f 1082 973 884
f 1052 1082 1268
f 1268 1082 1413
f 1268 1413 1372
f 1262 1237 1080
f 1080 1237 991
f 1080 991 1003
f 1003 991 985
f 985 991 986
f 985 986 995
f 1452 1445 1239
f 1239 1445 1265
f 1239 1265 986
f 986 1265 1001
f 986 1001 995
f 1476 1456 1237
f 1237 1456 1187
f 1237 1187 991
f 991 1187 949
f 991 949 986
f 986 949 946
f 986 946 1239
f 1239 946 1189
f 1239 1189 1452
f 1452 1189 1443
f 1456 1451 1187
f 1187 1451 1176
f 1187 1176 949
f 949 1176 941
f 949 941 946
f 946 941 938
f 946 938 1189
f 1189 938 1179
f 1189 1179 1443
f 1443 1179 1422
f 1451 1413 1176
f 1176 1413 1082
f 1176 1082 941
f 941 1082 853
f 941 853 938
f 938 853 848
f 938 848 1179
f 1179 848 1087
f 1179 1087 1422
f 1422 1087 1381
f 973 999 957
f 740 756 770
f 973 957 884
f 884 957 883
f 884 883 839
f 839 883 813
f 839 813 770
f 770 813 749
f 770 749 740
f 1451 1465 1424
f 1466 1464 1479
f 1466 1491 1476
f 1476 1491 1481
f 1476 1481 1456
f 1451 1424 1413
f 1413 1424 1384
f 1413 1384 1372
f 1398 1384 1402
f 1402 1384 1424
f 1402 1424 1439
f 1439 1424 1465
f 1439 1465 1486
f 1492 1506 1491
f 1491 1506 1486
f 1491 1486 1481
f 1481 1486 1465
f 1481 1465 1456
f 1456 1465 1451
f 1466 1479 1491
f 1491 1479 1489
f 1491 1489 1492
f 1398 1402 1341
f 1341 1402 1293
f 1732 1707 1350
f 1484 1313 1350
f 682 750 709
f 811 750 698
f 698 750 682
f 698 682 695
f 602 623 659
f 659 623 639
f 659 639 709
f 709 639 654
f 709 654 682
f 1313 1269 1350
f 1350 1269 1202
f 1350 1202 1175
f 1175 1202 797
f 1175 797 931
f 1350 1707 1484
f 1484 1707 1684
f 1484 1684 1670
f 1862 1958 1981
f 1981 1958 2090
f 1981 2090 2003
f 2003 2090 2146
f 2146 2090 2199
f 2146 2199 2200
f 2200 2199 2357
f 2200 2357 2341
f 2341 2357 2474
f 2341 2474 2451
f 2270 2407 2403
f 2403 2407 2504
f 2403 2504 2502
f 2484 2491 2396
f 1396 1421 1419
f 1419 1421 1624
f 1419 1624 1773
f 1396 1419 1303
f 1303 1419 1297
f 1303 1297 1131
f 1131 1297 1055
f 1131 1055 1079
f 931 994 1175
f 1175 994 1267
f 1175 1267 1350
f 1350 1267 1397
f 1350 1397 1732
f 1732 1397 1759
f 591 602 637
f 637 602 659
f 637 659 748
f 748 659 709
f 748 709 803
f 803 709 750
f 803 750 1055
f 1055 750 811
f 1055 811 1079
f 2000 2017 2141
f 2141 2017 2158
f 2141 2158 2252
f 2252 2158 2270
f 2252 2270 2395
f 2395 2270 2403
f 2395 2403 2498
f 2498 2403 2502
f 1759 1893 1882
f 1983 2000 2118
f 2118 2000 2141
f 2118 2141 2232
f 2232 2141 2252
f 2232 2252 2374
f 2374 2252 2395
f 2374 2395 2485
f 2485 2395 2498
f 1958 1983 2090
f 2090 1983 2118
f 2090 2118 2199
f 2199 2118 2232
f 2199 2232 2357
f 2357 2232 2374
f 2357 2374 2474
f 2474 2374 2485
f 1759 1882 1732
f 1732 1882 1864
f 1732 1864 1707
f 1707 1864 1845
f 1707 1845 1684
f 1684 1845 1812
f 1684 1812 1670
f 2264 2298 2308
f 2298 2264 2138
f 2138 2264 2160
f 2138 2160 2086
f 2086 2160 2026
f 2086 2026 1957
f 1624 1721 1773
f 1773 1721 1768
f 1773 1768 1906
f 1906 1768 1957
f 1906 1957 2032
f 2032 1957 2026
f 2032 2026 2174
f 2174 2026 2160
f 2174 2160 2273
f 2273 2160 2264
f 2273 2264 2396
f 2396 2264 2308
f 2396 2308 2484
f 2501 2504 2405
f 2405 2504 2407
f 2405 2407 2274
f 2274 2407 2270
f 2274 2270 2172
f 2172 2270 2158
f 2172 2158 2028
f 2028 2158 2017
f 2028 2017 1893
f 1893 2017 2000
f 1893 2000 1882
f 1882 2000 1983
f 1882 1983 1864
f 1864 1983 1958
f 1864 1958 1845
f 1845 1958 1862
f 1845 1862 1812
f 2491 2501 2396
f 2396 2501 2405
f 2396 2405 2273
f 2273 2405 2274
f 2273 2274 2174
f 2174 2274 2172
f 2174 2172 2032
f 2032 2172 2028
f 2032 2028 1906
f 1906 2028 1893
f 1906 1893 1773
f 1773 1893 1759
f 1773 1759 1419
f 1419 1759 1397
f 1419 1397 1297
f 1297 1397 1267
f 1297 1267 1055
f 1055 1267 994
f 1055 994 803
f 803 994 931
f 803 931 748
f 748 931 797
f 748 797 637
f 2322 2347 2217
f 1951 1941 2076
f 591 594 602
f 602 594 607
f 602 607 623
f 724 654 671
f 671 654 639
f 671 639 623
f 695 682 714
f 714 682 761
f 1493 1488 1400
f 1488 1493 1617
f 1617 1493 1825
f 1617 1825 1827
f 2447 2433 2368
f 2368 2433 2319
f 2368 2319 2255
f 2255 2319 2226
f 2255 2226 2126
f 2442 2347 2430
f 2430 2347 2322
f 2430 2322 2423
f 2423 2322 2413
f 2189 2179 2081
f 2081 2179 2076
f 2081 2076 1946
f 1946 2076 1941
f 1946 1941 1823
f 2255 2266 2368
f 2368 2266 2378
f 2368 2378 2447
f 2447 2378 2456
f 2458 2456 2380
f 2380 2456 2378
f 2380 2378 2265
f 2265 2378 2266
f 2265 2266 2189
f 2189 2266 2255
f 2189 2255 2179
f 2179 2255 2126
f 2179 2126 2076
f 2076 2126 2031
f 2076 2031 1951
f 1500 1724 1741
f 1741 1724 1783
f 1741 1783 1885
f 1885 1783 1915
f 1885 1915 1986
f 1766 1903 1918
f 1918 1903 2016
f 1918 2016 2038
f 2038 2016 2125
f 2038 2125 2152
f 2152 2125 2217
f 2152 2217 2239
f 2239 2217 2347
f 2239 2347 2362
f 2362 2347 2442
f 2362 2442 2452
f 1766 1741 1903
f 1903 1741 1885
f 1903 1885 2016
f 2016 1885 1986
f 2016 1986 2125
f 2125 1986 2098
f 2125 2098 2217
f 2217 2098 2193
f 2217 2193 2322
f 1915 1933 1986
f 1986 1933 1965
f 1986 1965 2098
f 2098 1965 2041
f 2098 2041 2193
f 2193 2041 2215
f 2193 2215 2322
f 2322 2215 2241
f 2322 2241 2413
f 1257 970 1006
f 1006 1149 1257
f 1257 1149 1375
f 1257 1375 1399
f 623 607 671
f 671 607 634
f 671 634 772
f 772 634 708
f 772 708 970
f 970 708 812
f 970 812 1006
f 724 671 841
f 841 671 772
f 841 772 1061
f 1061 772 970
f 1061 970 1307
f 1307 970 1257
f 1307 1257 1448
f 1448 1257 1399
f 1448 1399 1807
f 1951 1827 1941
f 1941 1827 1825
f 1941 1825 1823
f 1823 1825 1493
f 1823 1493 1487
f 1487 1493 1400
f 1487 1400 1327
f 1327 1400 1278
f 1327 1278 1130
f 1130 1278 1049
f 1130 1049 880
f 880 1049 843
f 880 843 761
f 761 843 799
f 761 799 714
f 1149 1233 1375
f 1375 1233 1346
f 1375 1346 1360
f 1360 1500 1375
f 1375 1500 1741
f 1375 1741 1399
f 1399 1741 1766
f 1399 1766 1807
f 1807 1766 1918
f 1807 1918 1932
f 1932 1918 2038
f 1932 2038 2062
f 2062 2038 2152
f 2062 2152 2176
f 2176 2152 2239
f 2176 2239 2256
f 2256 2239 2362
f 2256 2362 2373
f 2373 2362 2452
f 2452 2458 2373
f 2373 2458 2380
f 2373 2380 2256
f 2256 2380 2265
f 2256 2265 2176
f 2176 2265 2189
f 2176 2189 2062
f 2062 2189 2081
f 2062 2081 1932
f 1932 2081 1946
f 1932 1946 1807
f 1807 1946 1823
f 1807 1823 1448
f 1448 1823 1487
f 1448 1487 1307
f 1307 1487 1327
f 1307 1327 1061
f 1061 1327 1130
f 1061 1130 841
f 841 1130 880
f 841 880 724
f 724 880 761
f 724 761 654
f 654 761 682
f 1308 1347 1128
f 1464 1347 1479
f 1479 1347 1308
f 1479 1308 1489
f 1044 1095 1128
f 1128 1095 1133
f 1128 1133 1308
f 1285 1069 1250
f 1250 1069 1001
f 1001 1265 1250
f 1250 1265 1444
f 1250 1444 1285
f 1285 1444 1459
f 1285 1459 1470
f 1464 1262 1347
f 1347 1262 1080
f 1347 1080 1128
f 1128 1080 1003
f 1128 1003 1044
f 1044 1003 985
f 1044 985 1069
f 1069 985 995
f 1069 995 1001
f 1943 1961 1959
f 1959 1961 1976
f 1959 1976 1980
f 1496 1478 1437
f 1437 1478 1454
f 1437 1454 1417
f 2262 2225 2144
f 2298 2269 2308
f 1384 1398 1573
f 1488 1617 1335
f 2031 1995 1790
f 1995 2031 2126
f 2226 2237 1972
f 2237 2226 2319
f 1638 1629 1669
f 1117 1115 1105
f 1228 1300 1261
f 1869 1776 1798
f 1710 1830 1851
f 1989 2018 1916
f 2308 2269 2484
f 2269 2335 2484
f 2484 2335 2366
f 2484 2366 2363
f 2363 2366 2277
f 2363 2277 2262
f 2262 2277 2260
f 2262 2260 2225
f 2103 2202 2269
f 2269 2202 2251
f 2269 2251 2335
f 2103 2269 1989
f 1989 2269 2298
f 1989 2298 2018
f 2018 2298 2138
f 2018 2138 2086
f 1649 1604 1544
f 1710 1851 1683
f 1605 1607 1573
f 1573 1607 1609
f 1573 1609 1851
f 1851 1609 1631
f 1851 1631 1683
f 1869 1810 1776
f 1776 1810 1693
f 1776 1693 1544
f 1544 1693 1660
f 1544 1660 1649
f 1908 2006 1839
f 1839 2006 1984
f 1839 1984 1798
f 1798 1984 1917
f 1798 1917 1869
f 1813 1664 1692
f 1692 1664 1532
f 1692 1532 1538
f 1538 1523 1692
f 1692 1523 1495
f 1692 1495 1589
f 1589 1495 1503
f 1495 1442 1503
f 1503 1442 1412
f 1503 1412 1482
f 1482 1412 1409
f 1482 1409 1414
f 1414 1409 1404
f 1414 1404 1407
f 1599 1553 1356
f 1440 1498 1664
f 1664 1498 1530
f 1664 1530 1532
f 1300 1324 1356
f 1356 1324 1342
f 1356 1342 1391
f 1664 1599 1440
f 1440 1599 1356
f 1440 1356 1429
f 1429 1356 1391
f 1105 1115 1137
f 1115 1123 1137
f 1137 1123 1168
f 1137 1168 1261
f 1261 1168 1185
f 1261 1185 1228
f 1280 1208 1204
f 1280 1204 1159
f 1159 1204 1151
f 1159 1151 1105
f 1105 1151 1118
f 1105 1118 1117
f 1374 1457 1385
f 1385 1344 1374
f 1374 1344 1331
f 1374 1331 1280
f 1280 1331 1286
f 1280 1286 1208
f 1601 1543 1572
f 1572 1543 1499
f 1613 1650 1726
f 1726 1650 1663
f 1726 1663 1856
f 1663 1659 1856
f 1856 1659 1658
f 1856 1658 1639
f 1639 1658 1640
f 1639 1640 1621
f 1638 1669 1646
f 2207 2167 1998
f 1998 2167 2085
f 1998 2085 1950
f 2228 2433 2415
f 1639 1646 1856
f 1856 1646 1669
f 1856 1669 1950
f 1950 1669 1846
f 1950 1846 1998
f 1998 1846 1975
f 1998 1975 2207
f 2207 1975 2228
f 2207 2228 2320
f 2320 2228 2415
f 1951 1836 1827
f 1827 1836 1579
f 1827 1579 1617
f 1488 1335 1400
f 714 799 842
f 842 799 843
f 842 843 1045
f 1045 843 1049
f 1045 1049 1335
f 1335 1049 1278
f 1335 1278 1400
f 842 771 714
f 714 771 756
f 714 756 695
f 695 756 740
f 695 740 698
f 698 740 749
f 698 749 811
f 999 1131 957
f 957 1131 1079
f 957 1079 883
f 883 1079 811
f 883 811 813
f 813 811 749
f 1052 1268 1328
f 1328 1268 1372
f 999 1052 1131
f 1131 1052 1328
f 1131 1328 1303
f 1303 1328 1396
f 1396 1328 1421
f 1421 1328 1372
f 1421 1372 1624
f 1768 1721 1851
f 1851 1721 1624
f 1851 1624 1573
f 1573 1624 1372
f 1573 1372 1384
f 1916 2018 1830
f 1830 2018 2086
f 1830 2086 1851
f 1851 2086 1957
f 1851 1957 1768
f 1075 956 1085
f 1085 1097 1075
f 1075 1097 1109
f 1075 1109 1142
f 1341 1293 1243
f 1243 1293 1142
f 1142 1293 1191
f 1142 1191 1075
f 1341 1326 1398
f 1398 1326 1544
f 1398 1544 1573
f 1573 1544 1604
f 1573 1604 1605
f 939 1064 1114
f 1114 1064 1310
f 1114 1310 1336
f 1336 1310 1411
f 1336 1411 1579
f 1579 1411 1392
f 1579 1392 1617
f 1617 1392 1381
f 1617 1381 1335
f 1335 1381 1320
f 1335 1320 1045
f 1094 826 932
f 932 826 809
f 932 809 861
f 861 809 828
f 861 828 939
f 939 828 868
f 939 868 1064
f 1341 1243 1326
f 1326 1243 1272
f 1326 1272 1273
f 1174 1165 1261
f 1174 1261 1236
f 1300 1356 1261
f 1261 1356 1292
f 1261 1292 1236
f 1160 1122 1094
f 1094 1122 1073
f 1094 1073 826
f 826 1073 1074
f 826 1074 956
f 956 1074 1076
f 956 1076 1085
f 1629 1601 1669
f 1669 1601 1572
f 1669 1572 1846
f 1846 1572 1774
f 1846 1774 1975
f 1975 1774 1972
f 1975 1972 2228
f 2228 1972 2237
f 2228 2237 2433
f 2433 2237 2319
f 1273 1292 1326
f 1326 1292 1356
f 1326 1356 1544
f 1544 1356 1553
f 1544 1553 1776
f 1776 1553 1599
f 1776 1599 1798
f 1798 1599 1664
f 1798 1664 1839
f 1839 1664 1813
f 1839 1813 1908
f 2126 2226 1995
f 1995 2226 1972
f 1995 1972 1790
f 1790 1972 1774
f 1790 1774 1550
f 1550 1774 1572
f 1550 1572 1374
f 1374 1572 1499
f 1374 1499 1457
f 1165 1160 1261
f 1261 1160 1094
f 1261 1094 1137
f 1137 1094 932
f 1137 932 1105
f 1105 932 861
f 1105 861 1159
f 1159 861 939
f 1159 939 1280
f 1280 939 1114
f 1280 1114 1374
f 1374 1114 1336
f 1374 1336 1550
f 1550 1336 1579
f 1550 1579 1790
f 1790 1579 1836
f 1790 1836 2031
f 2031 1836 1951
f 2925 2853 2833
f 3588 3679 3646
f 3526 3558 3664
f 3979 3908 3895
f 3895 3908 3826
f 3895 3826 3837
f 3837 3826 3751
f 3837 3751 3761
f 3761 3751 3664
f 3761 3664 3587
f 3587 3664 3558
f 3551 3469 3577
f 3577 3469 3425
f 3577 3425 3608
f 3608 3425 3454
f 3608 3454 3646
f 3646 3454 3487
f 3646 3487 3588
f 3588 3487 3505
f 2920 2715 2947
f 2947 2715 2716
f 3358 3605 3587
f 3587 3605 3642
f 3587 3642 3761
f 3105 2925 3121
f 3121 2925 2833
f 3121 2833 3126
f 3126 2833 2819
f 3126 2819 3129
f 3129 2819 2797
f 3129 2797 3136
f 3136 2797 2756
f 3136 2756 3182
f 3182 2756 2715
f 3182 2715 3249
f 3249 2715 2920
f 3249 2920 3276
f 3276 2920 2947
f 3276 2947 2971
f 2971 2947 2716
f 2971 2716 2761
f 3679 3758 3646
f 3646 3758 3801
f 3646 3801 3608
f 3608 3801 3739
f 3608 3739 3577
f 3577 3739 3666
f 3577 3666 3551
f 3889 3853 3758
f 3758 3853 3814
f 3758 3814 3801
f 3908 3889 3826
f 3826 3889 3758
f 3826 3758 3751
f 3751 3758 3679
f 3751 3679 3664
f 3664 3679 3588
f 3664 3588 3526
f 3526 3588 3505
f 3469 3105 3425
f 3425 3105 3121
f 3425 3121 3454
f 3454 3121 3126
f 3454 3126 3487
f 3487 3126 3129
f 3487 3129 3505
f 3505 3129 3136
f 3505 3136 3526
f 3526 3136 3182
f 3526 3182 3558
f 3558 3182 3249
f 3558 3249 3587
f 3587 3249 3276
f 3587 3276 3358
f 3358 3276 2971
f 3358 2971 3156
f 3156 2971 2761
f 3156 2761 2790
f 2059 2063 2067
f 2022 2014 2052
f 2052 2014 2037
f 2052 2037 2064
f 2064 2037 2049
f 2064 2049 2069
f 2069 2049 2056
f 2069 2056 2067
f 2067 2056 2055
f 2067 2055 2059
f 2873 2690 2668
f 2870 3070 2937
f 4136 4165 4064
f 3760 3709 3595
f 2690 2873 2791
f 1909 2011 1988
f 1780 1703 1696
f 1696 1703 1686
f 1696 1686 1661
f 1909 1988 1829
f 1829 1988 1881
f 1829 1881 1840
f 2165 2183 2211
f 2211 2164 2165
f 2165 2164 2136
f 2165 2136 2011
f 2011 2136 2082
f 2011 2082 1988
f 2183 2165 2173
f 2173 2165 2011
f 2173 2011 2170
f 2242 2170 2414
f 2441 2328 2318
f 2318 2328 2312
f 2318 2312 2293
f 2468 2406 2506
f 2506 2406 2328
f 2506 2328 2531
f 2531 2328 2441
f 2791 2660 2641
f 2791 2641 2690
f 2690 2641 2583
f 2690 2583 2668
f 2668 2583 2543
f 2668 2543 2689
f 3179 3185 3124
f 3179 3124 2873
f 2873 3124 3113
f 2873 3113 3073
f 3073 2954 2873
f 2873 2954 2926
f 2873 2926 2791
f 3238 3194 2871
f 2871 3194 3157
f 2873 3150 3147
f 3147 3144 2873
f 2873 3144 3141
f 2873 3141 3179
f 3238 2871 3262
f 3262 2871 2893
f 3262 2893 3279
f 3279 2893 2937
f 3279 2937 3359
f 3359 2937 3070
f 3359 3070 3437
f 3760 3595 3868
f 4136 4064 4059
f 3374 3667 3555
f 3555 3667 3903
f 3555 3903 3716
f 3716 3903 3940
f 3716 3940 3852
f 3852 3940 4059
f 3852 4059 3961
f 3961 4059 4064
f 3961 4064 4033
f 3065 3275 3374
f 3374 3275 3428
f 3374 3428 3667
f 2535 2753 2693
f 2693 2753 2867
f 2693 2867 3065
f 3065 2867 3120
f 3065 3120 3275
f 2674 2356 2489
f 2489 2356 2149
f 2489 2149 2250
f 2045 2095 2149
f 2149 2095 2107
f 2050 2042 2250
f 2107 2112 2149
f 2149 2112 2154
f 2149 2154 2250
f 2250 2154 2096
f 2250 2096 2050
f 2042 2034 2250
f 2250 2034 2054
f 2250 2054 2108
f 1706 1838 1816
f 1816 1838 1936
f 1816 1936 1923
f 1923 1936 2075
f 1537 1618 1706
f 1706 1618 1713
f 1706 1713 1838
f 2591 2701 2643
f 2643 2701 2765
f 2643 2765 2712
f 2441 2591 2531
f 2531 2591 2643
f 2531 2643 2506
f 2506 2643 2712
f 2506 2712 2468
f 2468 2712 2689
f 2468 2689 2517
f 2517 2689 2543
f 3623 3524 3402
f 3402 3524 3437
f 3402 3437 3196
f 3196 3437 3070
f 3196 3070 2952
f 2952 3070 2870
f 2952 2870 2820
f 2701 2820 2765
f 2765 2820 2870
f 2765 2870 2712
f 2712 2870 2937
f 2712 2937 2689
f 2689 2937 2893
f 2689 2893 2668
f 2668 2893 2871
f 2668 2871 2873
f 2873 2871 3157
f 2873 3157 3150
f 4033 3983 3961
f 3961 3983 3799
f 3961 3799 3852
f 3852 3799 3675
f 3852 3675 3716
f 3716 3675 3536
f 3716 3536 3555
f 3555 3536 3376
f 3555 3376 3374
f 3374 3376 3099
f 3374 3099 3065
f 3065 3099 2847
f 3065 2847 2693
f 2414 2535 2584
f 2584 2535 2693
f 2584 2693 2706
f 2706 2693 2847
f 2706 2847 2840
f 2840 2847 3099
f 2840 3099 3046
f 3046 3099 3376
f 3046 3376 3299
f 3299 3376 3536
f 3299 3536 3486
f 3486 3536 3675
f 3486 3675 3595
f 3595 3675 3799
f 3595 3799 3868
f 3868 3799 3983
f 3709 3623 3595
f 3595 3623 3402
f 3595 3402 3486
f 3486 3402 3196
f 3486 3196 3299
f 3299 3196 2952
f 3299 2952 3046
f 3046 2952 2820
f 3046 2820 2840
f 2840 2820 2701
f 2840 2701 2706
f 2706 2701 2591
f 2706 2591 2584
f 2584 2591 2441
f 2584 2441 2414
f 2414 2441 2318
f 2414 2318 2242
f 2242 2318 2293
f 1936 2045 2075
f 2075 2045 2149
f 2075 2149 2259
f 2259 2149 2356
f 1840 1780 1829
f 1829 1780 1696
f 1829 1696 1637
f 1637 1696 1661
f 1637 1661 1518
f 1518 1537 1637
f 1637 1537 1706
f 1637 1706 1829
f 1829 1706 1816
f 1829 1816 1909
f 1909 1816 1923
f 1909 1923 2011
f 2011 1923 2075
f 2011 2075 2170
f 2170 2075 2259
f 2170 2259 2414
f 2414 2259 2356
f 2414 2356 2535
f 2535 2356 2674
f 2535 2674 2753
f 2261 2253 2230
f 2261 2230 2203
f 2203 2230 2161
f 2203 2161 2123
f 2123 2161 2088
f 2123 2088 2089
f 2088 2080 2089
f 2089 2080 2065
f 2089 2065 2077
f 2077 2071 2058
f 2077 2065 2071
f 2071 2065 2035
f 2071 2035 2058
f 2058 2035 2020
f 2058 2020 2019
f 2019 2020 2014
f 2019 2014 2022
f 2661 2660 2791
f 2891 2866 2883
f 2883 2799 2913
f 2913 2799 2791
f 2913 2791 2926
f 2883 2866 2799
f 2799 2866 2748
f 2799 2748 2791
f 2791 2748 2673
f 2791 2673 2661
f 3098 3051 3081
f 3081 3051 3050
f 3081 3050 3049
f 3026 3104 3013
f 3013 3104 3187
f 3187 3167 3013
f 3013 3167 3165
f 3013 3165 3077
f 3077 3165 3197
f 3077 3197 3111
f 3111 3197 3261
f 3111 3261 3151
f 3151 3261 3274
f 3151 3274 3248
f 3248 3274 3301
f 3248 3301 3345
f 3345 3301 3357
f 3345 3357 3390
f 1687 1688 1677
f 1677 1688 1733
f 1786 1787 1743
f 1784 1786 1740
f 1740 1786 1743
f 1740 1743 1688
f 1688 1743 1689
f 1688 1689 1733
f 1733 1689 1711
f 1606 1529 1661
f 1661 1529 1521
f 1661 1521 1518
f 1686 1687 1661
f 1661 1687 1677
f 1661 1677 1606
f 1606 1677 1733
f 1606 1733 1719
f 1719 1733 1822
f 1719 1822 1873
f 1873 1822 1921
f 1873 1921 1937
f 1937 1921 2105
f 1937 2105 2030
f 2030 2105 2258
f 2258 2105 2316
f 2258 2316 2377
f 2377 2316 2435
f 2435 2316 2503
f 2435 2503 2551
f 1963 1999 2060
f 2060 1999 2190
f 2060 2190 2247
f 2247 2190 2351
f 2247 2351 2404
f 2404 2351 2524
f 2404 2524 2523
f 1711 1761 1733
f 1733 1761 1788
f 1733 1788 1822
f 1822 1788 1888
f 1822 1888 1921
f 1888 1963 1921
f 1921 1963 2060
f 1921 2060 2105
f 2105 2060 2247
f 2105 2247 2316
f 2316 2247 2404
f 2316 2404 2503
f 2503 2404 2523
f 2503 2523 2551
f 2883 3035 2891
f 3225 3098 3047
f 3047 3098 3081
f 3047 3081 3049
f 3225 3047 3222
f 3222 3047 3043
f 3222 3043 3219
f 2883 2913 3035
f 3035 2913 2926
f 3035 2926 2954
f 3043 3035 3219
f 3219 3035 2954
f 3219 2954 3212
f 3212 2954 3073
f 3073 3113 3212
f 3212 3113 3124
f 3212 3124 3185
f 1731 1943 1959
f 1980 1758 1959
f 1959 1758 1496
f 1959 1496 1731
f 1731 1496 1437
f 1731 1437 1417
f 1516 1412 1442
f 2055 1914 2059
f 2059 1914 1919
f 2059 1919 2063
f 1902 1891 1442
f 1442 1891 1886
f 1887 1910 1498
f 1498 1910 1934
f 1498 1934 1530
f 1530 1934 1944
f 1530 1944 1532
f 1532 1944 1949
f 1532 1949 1538
f 1538 1949 1939
f 1538 1939 1523
f 1523 1939 1925
f 1523 1925 1495
f 1495 1925 1919
f 1495 1919 1442
f 1442 1919 1914
f 1442 1914 1902
f 1498 1440 1887
f 1887 1440 1429
f 1887 1429 1870
f 1870 1429 1391
f 1870 1391 1808
f 1808 1391 1342
f 1808 1342 1760
f 1760 1342 1324
f 1760 1324 1735
f 1735 1324 1666
f 1324 1300 1666
f 1666 1300 1228
f 1666 1228 1614
f 1614 1228 1185
f 1614 1185 1603
f 1603 1185 1168
f 1603 1168 1548
f 1508 1118 1151
f 1508 1151 1522
f 1786 1784 1509
f 1168 1123 1548
f 1548 1123 1115
f 1548 1115 1514
f 1514 1115 1117
f 1514 1117 1505
f 1505 1117 1118
f 1505 1118 1509
f 1509 1118 1508
f 1509 1508 1786
f 1786 1508 1787
f 1151 1204 1522
f 1522 1204 1208
f 1522 1208 1533
f 1533 1208 1286
f 1533 1286 1583
f 1583 1286 1331
f 1583 1331 1620
f 1620 1331 1344
f 1620 1344 1633
f 1633 1344 1385
f 1633 1385 1680
f 1680 1385 1457
f 1680 1457 1718
f 1621 1805 1639
f 1639 1805 1814
f 1639 1814 1646
f 1646 1814 1811
f 1646 1811 1638
f 1638 1811 1799
f 1638 1799 1629
f 1629 1799 1795
f 1629 1795 1601
f 1601 1795 1764
f 1601 1764 1543
f 1543 1764 1718
f 1543 1718 1499
f 1499 1718 1457
f 1628 1516 1739
f 1739 1516 1442
f 1739 1442 1837
f 1837 1442 1886
f 3096 3057 3229
f 3229 3057 3055
f 3229 3055 3227
f 3227 3055 3054
f 3227 3054 3225
f 3051 3098 3052
f 3052 3098 3225
f 3052 3225 3053
f 3053 3225 3054
f 3053 3054 2261
f 2261 3054 2253
f 3833 3670 3925
f 3925 3670 3714
f 3925 3714 3769
f 3769 3773 3925
f 3925 3773 3822
f 3925 3822 3900
f 3606 3632 3833
f 3833 3632 3657
f 3833 3657 3670
f 3740 3732 3800
f 3800 3732 3672
f 3800 3672 3658
f 3658 3634 3800
f 3800 3634 3607
f 3800 3607 3833
f 3833 3607 3603
f 3833 3603 3606
f 3900 3924 3925
f 3925 3924 3959
f 3925 3959 3998
f 3998 4017 3925
f 3925 4017 4042
f 3925 4042 4072
f 4072 4091 3925
f 3925 4091 4108
f 3925 4108 4128
f 4128 4139 3925
f 3925 4139 4131
f 3925 4131 4113
f 4758 4759 4752
f 4762 4758 4751
f 4751 4758 4752
f 4751 4752 4629
f 4629 4752 4628
f 4629 4628 4209
f 4209 4628 4210
f 4209 4210 3965
f 3965 4210 3966
f 3965 3966 3830
f 3830 3966 3635
f 3830 3635 3779
f 3779 3635 3674
f 2982 3116 3334
f 3334 3534 2982
f 2982 3534 3578
f 2982 3578 3635
f 3635 3578 3636
f 3635 3636 3674
f 2578 2772 2495
f 2495 2772 2970
f 2495 2970 2982
f 2982 2970 2983
f 2982 2983 3116
f 1797 1974 1794
f 1794 1974 2314
f 1794 2314 2495
f 2495 2314 2496
f 2495 2496 2578
f 1797 1794 1667
f 1667 1794 782
f 1667 782 1296
f 464 465 470
f 470 524 464
f 464 524 747
f 464 747 782
f 782 747 784
f 782 784 1296
f 465 464 418
f 418 464 384
f 418 384 394
f 406 390 405
f 405 390 380
f 405 380 384
f 384 380 385
f 384 385 394
f 515 500 499
f 499 500 463
f 499 463 405
f 405 463 412
f 405 412 406
f 515 499 691
f 691 499 1217
f 691 1217 1218
f 2007 2008 1217
f 1217 2008 1952
f 1952 1635 1217
f 1217 1635 1230
f 1217 1230 1218
f 2007 2133 2008
f 2008 2133 2422
f 2008 2422 2299
f 2299 2422 2576
f 2890 2978 2656
f 2576 2422 2656
f 2656 2422 2655
f 2656 2655 2890
f 3372 3117 3168
f 3168 3117 3008
f 3168 3008 2978
f 2978 3008 2779
f 2978 2779 2656
f 3741 3740 3800
f 3829 3830 3779
f 1667 1296 1460
f 3117 3372 3118
f 3118 3372 3373
f 3118 3373 3352
f 3352 3373 3434
f 3352 3434 3548
f 3548 3434 3585
f 3548 3585 3581
f 3117 3118 3008
f 3008 3118 2946
f 3008 2946 2779
f 1467 2008 1861
f 1861 2008 2299
f 1861 2299 2196
f 2196 2299 2576
f 2196 2576 2490
f 2490 2576 2656
f 2490 2656 2616
f 2616 2656 2779
f 2616 2779 2740
f 2740 2779 2946
f 1460 1296 930
f 465 418 159
f 930 1296 562
f 562 1296 784
f 562 784 421
f 421 784 747
f 421 747 315
f 315 747 524
f 315 524 159
f 159 524 470
f 159 470 465
f 418 394 159
f 159 394 385
f 159 385 380
f 390 406 177
f 177 406 412
f 177 412 463
f 463 500 177
f 177 500 515
f 177 515 343
f 343 515 691
f 343 691 459
f 1140 1635 1467
f 1467 1635 1952
f 1467 1952 2008
f 691 1218 459
f 459 1218 1230
f 459 1230 605
f 605 1230 1635
f 605 1635 823
f 823 1635 1140
f 2834 3112 3116
f 3116 2983 2834
f 2834 2983 2970
f 2834 2970 2640
f 2640 2970 2772
f 2640 2772 2552
f 2552 2772 2578
f 2552 2578 2390
f 2390 2578 2496
f 2390 2496 2072
f 2072 2496 2314
f 2072 2314 1705
f 1705 2314 1974
f 1705 1974 1460
f 1460 1974 1797
f 1460 1797 1667
f 3798 3779 3729
f 3729 3779 3674
f 3729 3674 3589
f 3674 3636 3589
f 3589 3636 3578
f 3589 3578 3427
f 3427 3578 3534
f 3427 3534 3112
f 3112 3534 3334
f 3112 3334 3116
f 3819 3909 3910
f 3910 3909 3926
f 3910 3926 3933
f 3910 3891 3819
f 3819 3891 3858
f 3819 3858 3798
f 3798 3858 3845
f 3798 3845 3779
f 3779 3845 3832
f 3779 3832 3829
f 21 116 12
f 12 116 5
f 177 23 116
f 116 23 13
f 13 6 116
f 116 6 2
f 116 2 5
f 21 63 116
f 116 63 159
f 116 159 177
f 177 159 380
f 177 380 390
f 3581 3585 3687
f 3687 3585 3728
f 3687 3728 3795
f 3800 3833 3834
f 3834 3836 3800
f 3800 3836 3795
f 3800 3795 3741
f 3741 3795 3728
f 3836 3849 3795
f 3795 3849 3862
f 3795 3862 3888
f 3888 3862 3890
f 3888 3890 3912
f 3912 3890 3911
f 3912 3911 3927
f 3927 3911 3935
f 1468 1585 1367
f 4720 4752 4759
f 3428 3275 2982
f 2602 2703 2674
f 2674 2703 2753
f 2602 2674 2482
f 2482 2674 2489
f 2482 2489 2350
f 2108 2114 2250
f 2250 2114 2229
f 2250 2229 2489
f 2489 2229 2330
f 2489 2330 2350
f 2703 2705 2753
f 2753 2705 2773
f 2753 2773 2867
f 2851 2841 2982
f 2773 2806 2867
f 2867 2806 2863
f 2867 2863 3120
f 3120 2863 2963
f 3120 2963 3275
f 3275 2963 2906
f 3275 2906 2982
f 2982 2906 2852
f 2982 2852 2851
f 2528 2495 2696
f 2696 2495 2982
f 2696 2982 2798
f 2798 2982 2841
f 3428 2982 3667
f 3667 2982 3635
f 3667 3635 3903
f 3903 3635 3966
f 3903 3966 3940
f 4418 4347 4210
f 3940 3966 4059
f 4059 3966 4210
f 4059 4210 4136
f 4136 4210 4347
f 4136 4347 4165
f 4752 4720 4628
f 4720 4662 4628
f 4628 4662 4648
f 4628 4648 4594
f 4594 4648 4634
f 4594 4634 4636
f 4636 4658 4594
f 4594 4658 4678
f 4594 4678 4703
f 4594 4544 4628
f 4628 4544 4482
f 4628 4482 4210
f 4210 4482 4467
f 4210 4467 4418
f 1217 1821 2007
f 2007 1821 2040
f 2007 2040 2133
f 499 1367 1217
f 1217 1367 1585
f 1217 1585 1821
f 1004 1107 1211
f 1555 1577 1541
f 1408 1490 1461
f 1461 1490 1555
f 1555 1541 1461
f 1461 1541 1510
f 1461 1510 1408
f 1468 1367 1472
f 1472 1367 1004
f 1472 1004 1510
f 1510 1004 1211
f 1510 1211 1408
f 1352 1665 1363
f 1363 1665 1395
f 1107 1004 864
f 864 1004 800
f 864 800 760
f 760 800 707
f 760 707 718
f 718 707 669
f 718 669 729
f 729 669 677
f 729 677 790
f 790 677 736
f 790 736 947
f 947 736 858
f 947 858 1209
f 1209 858 1132
f 1209 1132 1395
f 1395 1132 1354
f 1395 1354 1363
f 782 1794 1896
f 2528 2521 2495
f 2495 2521 2367
f 2495 2367 1794
f 1794 2367 2001
f 1794 2001 1896
f 1896 1665 782
f 782 1665 1352
f 782 1352 464
f 464 1352 645
f 464 645 384
f 384 645 511
f 384 511 405
f 405 511 521
f 405 521 499
f 499 521 793
f 499 793 1367
f 4598 4584 4577
f 4577 4584 4570
f 4638 4635 4602
f 4602 4635 4609
f 4550 4557 4700
f 4700 4557 4595
f 4700 4595 4609
f 4635 4649 4609
f 4609 4649 4663
f 4609 4663 4700
f 4700 4663 4721
f 4700 4721 4761
f 4602 4584 4638
f 4638 4584 4598
f 4638 4598 4659
f 4659 4598 4652
f 4659 4652 4677
f 4677 4652 4705
f 2262 2144 2254
f 2254 2144 2145
f 2254 2145 2205
f 2205 2145 2091
f 2205 2091 2039
f 2039 2091 2029
f 2481 2484 2363
f 2484 2481 2491
f 2502 2504 2481
f 2481 2504 2501
f 2481 2501 2491
f 2474 2485 2481
f 2481 2485 2498
f 2481 2498 2502
f 2262 2254 2363
f 2363 2254 2375
f 2363 2375 2481
f 2481 2375 2451
f 2481 2451 2474
f 1306 1125 1212
f 1589 1503 1365
f 1365 1503 1323
f 1323 1503 1482
f 1323 1482 1212
f 1393 1306 1407
f 1407 1306 1212
f 1407 1212 1414
f 1414 1212 1482
f 1365 1438 1589
f 1589 1438 1619
f 1589 1619 1692
f 1692 1619 1691
f 1692 1691 1813
f 1813 1691 1767
f 1813 1767 1908
f 1908 1767 1895
f 1908 1895 2006
f 3382 3385 3356
f 3359 3437 3380
f 3380 3437 3524
f 3380 3524 3460
f 3460 3524 3623
f 3460 3623 3547
f 3547 3623 3709
f 3547 3709 3673
f 3673 3709 3796
f 3796 3709 3760
f 3796 3760 3811
f 3811 3760 3932
f 3932 3760 3868
f 3932 3868 4006
f 4006 3868 3983
f 4006 3983 4044
f 3983 4033 4044
f 4044 4033 4064
f 4044 4064 4127
f 4127 4064 4165
f 4127 4165 4166
f 3252 3262 3278
f 3278 3262 3279
f 3278 3279 3356
f 3356 3279 3359
f 3356 3359 3382
f 3382 3359 3380
f 3252 3250 3262
f 3262 3250 3246
f 3262 3246 3240
f 3224 3207 3194
f 3240 3234 3262
f 3262 3234 3224
f 3262 3224 3238
f 3238 3224 3194
f 3207 3176 3194
f 3194 3176 3158
f 3194 3158 3154
f 3147 3150 3154
f 3154 3150 3157
f 3154 3157 3194
f 3146 3179 3145
f 3145 3179 3141
f 3145 3141 3154
f 3154 3141 3144
f 3154 3144 3147
f 3161 3175 3225
f 3225 3222 3161
f 3161 3222 3219
f 3161 3219 3212
f 3146 3153 3179
f 3179 3153 3161
f 3179 3161 3185
f 3185 3161 3212
f 3175 3190 3225
f 3225 3190 3199
f 3225 3199 3227
f 3199 3206 3227
f 3227 3206 3210
f 3227 3210 3220
f 3220 3210 3211
f 3247 3252 3278
f 3274 3261 3278
f 3973 3964 3818
f 4071 4047 3973
f 3973 4047 4018
f 4018 3997 3973
f 3973 3997 3984
f 3973 3984 3964
f 3690 3693 3818
f 3818 3693 3839
f 3818 3839 3973
f 3604 3625 3690
f 3690 3625 3660
f 3690 3660 3693
f 3502 3530 3532
f 3475 3502 3477
f 3477 3502 3532
f 3477 3532 3479
f 3479 3532 3480
f 3480 3532 3561
f 3561 3532 3563
f 3561 3563 3604
f 3604 3563 3593
f 3604 3593 3625
f 3385 3386 3356
f 3356 3386 3387
f 3473 3502 3474
f 3474 3502 3475
f 3474 3475 3423
f 3423 3475 3424
f 3423 3424 3387
f 3387 3424 3388
f 3387 3388 3356
f 3356 3388 3389
f 3274 3278 3301
f 3301 3278 3356
f 3301 3356 3357
f 3357 3356 3389
f 3357 3389 3390
f 3261 3197 3166
f 3166 3193 3261
f 3261 3193 3214
f 3261 3214 3230
f 3230 3232 3261
f 3261 3232 3237
f 3261 3237 3278
f 3278 3237 3245
f 3278 3245 3247
f 3167 3174 3164
f 3164 3155 3167
f 3167 3155 3149
f 3167 3149 3165
f 3165 3149 3152
f 3165 3152 3197
f 3197 3152 3160
f 3197 3160 3166
f 3220 3211 3209
f 3202 3229 3209
f 3209 3229 3227
f 3209 3227 3220
f 3167 3187 3174
f 3174 3187 3200
f 3174 3200 3213
f 3202 3195 3229
f 3229 3195 3186
f 3229 3186 3221
f 3221 3186 3174
f 3221 3174 3215
f 3215 3174 3213
f 3056 3058 3079
f 3079 3058 3057
f 3079 3057 3096
f 3187 3104 3200
f 3200 3104 3026
f 3200 3026 3213
f 3213 3026 3028
f 3213 3028 3215
f 3215 3028 3030
f 3215 3030 3221
f 3221 3030 3042
f 3221 3042 3048
f 3229 3221 3096
f 3096 3221 3048
f 3096 3048 3079
f 3079 3048 3056
f 3271 3401 3426
f 2972 3228 2790
f 2921 2711 2749
f 3591 3680 3754
f 3754 3680 3828
f 3754 3828 3896
f 3759 3647 3610
f 3610 3647 3488
f 3518 3552 3580
f 3580 3552 3611
f 3665 3559 3527
f 3896 3838 3754
f 3754 3838 3665
f 3754 3665 3591
f 3591 3665 3527
f 3591 3527 3506
f 2742 2711 2948
f 2948 2711 2921
f 2948 2921 3277
f 3559 3251 3527
f 3527 3251 3188
f 3527 3188 3506
f 2854 3108 2855
f 2855 3108 3122
f 2855 3122 2849
f 2849 3122 2824
f 2785 2824 3127
f 3127 2824 3122
f 3127 3122 3426
f 3426 3122 3108
f 3426 3108 3271
f 2749 2785 3132
f 3132 2785 3127
f 3132 3127 3456
f 3456 3127 3426
f 3456 3426 3580
f 3580 3426 3401
f 3580 3401 3518
f 3887 3759 3815
f 3815 3759 3610
f 3815 3610 3772
f 3772 3610 3742
f 3188 3138 3506
f 3506 3138 3488
f 3506 3488 3591
f 3591 3488 3647
f 3591 3647 3680
f 3680 3647 3759
f 3680 3759 3828
f 3828 3759 3887
f 3828 3887 3896
f 3896 3887 3960
f 3896 3960 3980
f 2790 2742 2972
f 2972 2742 2948
f 2972 2948 3228
f 3228 2948 3277
f 3228 3277 3515
f 3515 3277 3590
f 3515 3590 3643
f 3643 3590 3766
f 3669 3734 3611
f 3611 3734 3742
f 3611 3742 3580
f 3580 3742 3610
f 3580 3610 3456
f 3456 3610 3488
f 3456 3488 3132
f 3132 3488 3138
f 3132 3138 2749
f 2749 3138 3188
f 2749 3188 2921
f 2921 3188 3251
f 2921 3251 3277
f 3277 3251 3559
f 3277 3559 3590
f 3590 3559 3665
f 3590 3665 3766
f 3766 3665 3838
f 1940 2177 2231
f 1162 585 497
f 467 354 300
f 1809 1993 1928
f 1279 1339 1161
f 1913 2002 1772
f 563 758 680
f 474 491 481
f 2218 2162 2025
f 159 63 57
f 855 823 1140
f 823 855 605
f 605 855 506
f 605 506 459
f 459 506 404
f 459 404 343
f 343 404 246
f 343 246 177
f 177 246 62
f 177 62 23
f 23 62 16
f 23 16 13
f 1 2 6
f 5 2 3
f 3 2 1
f 3 1 7
f 2029 2036 2238
f 2238 2036 2043
f 2340 2162 2416
f 2416 2162 2218
f 2416 2218 2448
f 2448 2218 2254
f 2448 2254 2497
f 2497 2254 2205
f 2497 2205 2238
f 2238 2205 2039
f 2238 2039 2029
f 2104 1973 2025
f 1403 1558 1796
f 1796 1558 1800
f 1800 1558 1681
f 1800 1681 1789
f 1224 1325 1376
f 474 481 417
f 362 368 352
f 352 368 409
f 210 241 182
f 182 241 305
f 205 209 168
f 168 209 208
f 168 208 210
f 234 227 183
f 183 227 211
f 292 223 345
f 345 223 387
f 482 425 387
f 387 425 395
f 387 395 345
f 563 507 722
f 507 501 722
f 722 501 498
f 722 498 482
f 482 498 488
f 482 488 425
f 680 758 971
f 971 758 1380
f 971 1380 1255
f 1802 1853 1749
f 1749 1592 1802
f 1802 1592 1428
f 1802 1428 1380
f 1380 1428 1366
f 1380 1366 1255
f 2094 1960 2106
f 2106 1960 1947
f 2106 1947 2074
f 2074 1947 1853
f 2074 1853 2051
f 2051 1853 1802
f 2317 2417 2476
f 2002 1913 2329
f 1913 1971 2329
f 2329 1971 2024
f 2329 2024 2244
f 2244 2024 2180
f 1339 1279 1757
f 852 732 933
f 933 732 786
f 933 786 1161
f 1161 786 979
f 1161 979 1279
f 681 692 852
f 852 692 703
f 852 703 732
f 1173 713 801
f 801 713 681
f 801 681 765
f 765 681 852
f 1420 1005 1173
f 1173 1005 804
f 1173 804 713
f 1597 1298 1420
f 1420 1298 1205
f 1420 1205 1005
f 1458 1502 1662
f 1662 1502 1849
f 1662 1849 1708
f 1426 1801 1244
f 1244 1801 1672
f 1244 1672 968
f 1672 1588 968
f 968 1588 1517
f 968 1517 844
f 844 1517 1460
f 844 1460 930
f 562 421 504
f 504 421 401
f 504 401 523
f 523 401 415
f 523 415 626
f 626 415 460
f 626 460 835
f 835 460 503
f 835 503 827
f 827 503 496
f 827 496 1148
f 1148 496 582
f 1148 582 1315
f 1315 582 646
f 1315 646 712
f 421 315 401
f 401 315 244
f 401 244 415
f 415 244 273
f 415 273 460
f 460 273 333
f 460 333 503
f 503 333 396
f 503 396 496
f 496 396 381
f 496 381 582
f 582 381 419
f 582 419 646
f 417 481 409
f 409 481 466
f 409 466 352
f 352 466 213
f 352 213 222
f 63 21 57
f 57 21 12
f 57 12 84
f 84 12 17
f 84 17 146
f 146 17 19
f 146 19 224
f 224 19 38
f 224 38 213
f 213 38 64
f 213 64 222
f 12 5 17
f 17 5 3
f 17 3 19
f 19 3 7
f 19 7 38
f 38 7 14
f 38 14 64
f 210 182 168
f 168 182 24
f 168 24 22
f 22 24 10
f 22 10 9
f 9 25 22
f 22 25 183
f 22 183 168
f 168 183 211
f 168 211 205
f 648 467 420
f 467 300 420
f 420 300 215
f 420 215 382
f 382 215 40
f 382 40 226
f 648 585 1319
f 1319 585 1162
f 1319 1162 1745
f 1996 1745 1653
f 1653 1745 1162
f 1653 1162 838
f 838 1162 497
f 838 497 397
f 849 1431 1850
f 505 849 1455
f 1455 849 1850
f 1455 1850 1940
f 1940 1850 2113
f 1940 2113 2177
f 648 420 585
f 585 420 382
f 585 382 497
f 497 382 226
f 497 226 397
f 13 16 6
f 6 16 4
f 6 4 1
f 1 4 9
f 1 9 7
f 7 9 10
f 7 10 14
f 14 10 24
f 14 24 64
f 64 24 182
f 64 182 222
f 222 182 305
f 222 305 352
f 352 305 351
f 352 351 362
f 855 977 506
f 506 977 528
f 506 528 404
f 404 528 416
f 404 416 246
f 246 416 275
f 246 275 62
f 62 275 86
f 62 86 16
f 16 86 18
f 16 18 4
f 4 18 8
f 4 8 9
f 9 8 11
f 9 11 25
f 1140 1467 855
f 855 1467 1598
f 855 1598 977
f 977 1598 1258
f 977 1258 528
f 528 1258 628
f 528 628 416
f 416 628 462
f 416 462 275
f 275 462 335
f 275 335 86
f 86 335 151
f 86 151 18
f 18 151 20
f 18 20 8
f 8 20 15
f 8 15 11
f 11 15 66
f 11 66 25
f 25 66 223
f 25 223 183
f 183 223 292
f 183 292 234
f 1634 1806 1431
f 1431 1806 1877
f 1431 1877 1850
f 1850 1877 2070
f 1850 2070 2113
f 2329 2381 2002
f 2002 2381 2119
f 2002 2119 1772
f 1772 2119 1852
f 1772 1852 1622
f 1622 1852 1507
f 1622 1507 1432
f 2556 2436 2381
f 2381 2436 2424
f 2381 2424 2119
f 2119 2424 2134
f 2119 2134 1852
f 1852 2134 1757
f 1852 1757 1507
f 1507 1757 1279
f 1507 1279 1432
f 2556 2381 2553
f 2553 2381 2329
f 2553 2329 2507
f 2507 2329 2244
f 2507 2244 2476
f 2476 2244 2180
f 2476 2180 2317
f 2317 2278 2417
f 2417 2278 2094
f 2417 2094 2359
f 2359 2094 2106
f 2359 2106 2311
f 2311 2106 2074
f 563 722 758
f 758 722 1358
f 758 1358 1380
f 1380 1358 1785
f 1380 1785 1802
f 1802 1785 2033
f 1802 2033 2051
f 2051 2033 2268
f 2051 2268 2074
f 2074 2268 2284
f 2074 2284 2311
f 2555 2557 2376
f 2325 2537 2505
f 1928 1993 2043
f 2043 1993 2325
f 2043 2325 2238
f 2238 2325 2505
f 2238 2505 2497
f 1708 1849 1809
f 1809 1849 2115
f 1809 2115 1993
f 1993 2115 2376
f 1993 2376 2325
f 2325 2376 2557
f 2325 2557 2537
f 2555 2376 2408
f 2408 2376 2115
f 2408 2115 2236
f 2236 2115 1849
f 2236 1849 1992
f 1992 1849 1502
f 1992 1502 1597
f 1597 1502 1458
f 1597 1458 1298
f 2025 2162 2104
f 2104 2162 2340
f 2104 2340 2066
f 2066 2340 2309
f 2066 2309 2047
f 2197 2027 2246
f 2246 2027 2047
f 2246 2047 2263
f 2263 2047 2309
f 2027 1796 2047
f 2047 1796 1800
f 2047 1800 2066
f 2066 1800 1789
f 2066 1789 2104
f 2104 1789 1889
f 2104 1889 1973
f 745 1224 753
f 753 1224 1376
f 753 1376 1351
f 1351 1376 1781
f 1351 1781 1734
f 1734 1781 1990
f 1734 1990 1644
f 1644 1990 1935
f 1644 1935 1446
f 1446 1935 1843
f 1446 1843 1426
f 1325 1403 1376
f 1376 1403 1796
f 1376 1796 1781
f 1781 1796 2027
f 1781 2027 1990
f 1990 2027 2197
f 1990 2197 1935
f 1935 2197 2168
f 1935 2168 1843
f 1843 2168 2023
f 1843 2023 1426
f 1426 2023 1884
f 1426 1884 1801
f 315 159 244
f 244 159 57
f 244 57 273
f 273 57 84
f 273 84 333
f 333 84 146
f 333 146 396
f 396 146 224
f 396 224 381
f 381 224 213
f 381 213 419
f 419 213 466
f 419 466 646
f 646 466 481
f 646 481 712
f 712 481 491
f 712 491 570
f 930 562 844
f 844 562 504
f 844 504 968
f 968 504 523
f 968 523 1244
f 1244 523 626
f 1244 626 1426
f 1426 626 835
f 1426 835 1446
f 1446 835 827
f 1446 827 1644
f 1644 827 1148
f 1644 1148 1734
f 1734 1148 1315
f 1734 1315 1351
f 1351 1315 712
f 1351 712 753
f 753 712 570
f 753 570 745
f 397 505 838
f 838 505 1455
f 838 1455 1653
f 1653 1455 1940
f 1653 1940 1996
f 1996 1940 2231
f 1996 2231 2235
f 1598 1634 1258
f 1258 1634 1431
f 1258 1431 628
f 628 1431 849
f 628 849 462
f 462 849 505
f 462 505 335
f 335 505 397
f 335 397 151
f 151 397 226
f 151 226 20
f 20 226 40
f 20 40 15
f 15 40 215
f 15 215 66
f 66 215 300
f 66 300 223
f 223 300 354
f 223 354 387
f 387 354 467
f 387 467 482
f 482 467 648
f 482 648 722
f 722 648 1319
f 722 1319 1358
f 1358 1319 1745
f 1358 1745 1785
f 1785 1745 1996
f 1785 1996 2033
f 2033 1996 2235
f 2033 2235 2268
