v -0.009413414635 8.402877854e-10 -0.03979610279
v -0.009328627959 -0.001180664985 -0.03979786858
v -0.009328627028 0.001180665917 -0.0397978723
v -0.009322463535 5.970856601e-10 -0.03595628217
v -0.009313994087 0.0002011838369 -0.007298113313
v -0.009313994087 0.0002011875767 -0.01878301241
v -0.009313061833 8.054962382e-05 -0.007302314509
v -0.009311358444 0.0004094657488 -0.008615402505
v -0.009311326779 0.0004083119857 -0.007305867504
v -0.009310712107 0.0002012601326 -0.01881844737
v -0.009309329093 -7.103417738e-05 -0.007309587672
v -0.009304768406 -0.0001916769106 -0.01418214664
v -0.009302739054 0.0006192657165 -0.01417779736
v -0.009301763959 0.0004047598341 -0.00867662672
v -0.009298526682 0.0002013388294 -0.01885945164
v -0.009297890589 7.75410299e-05 -0.007225509733
v -0.009295437485 -0.0001827952947 -0.01412116643
v -0.009294093587 -7.490735879e-05 -0.007232892327
v -0.009293471463 -0.0003715583589 -0.01877928153
v -0.009293458425 0.0006098176818 -0.01411685534
v -0.009293341078 -0.0003732716141 -0.007330990862
v -0.009290824644 0.0002020993998 -0.007205212023
v -0.009285806678 -0.0004685840977 -0.008685306646
v -0.009278058074 0.0002013956109 -0.01889706776
v -0.009277887642 -0.0003788853064 -0.007254680153
v -0.009277114645 -0.000453405286 -0.00874567125
v -0.009271963499 0.0003997715248 -0.008734532632
v -0.009265774861 -0.000173369408 -0.0140635157
v -0.009263825603 0.000599787978 -0.01405924279
v -0.009258023463 0.001151336823 -0.0187747553
v -0.009257324971 0.001154466881 -0.007368962746
v -0.00925719738 -0.0007496431353 -0.01877330989
v -0.009257052094 -0.0007518870989 -0.007371608634
v -0.009256581776 0.001159864129 -0.01404766086
v -0.009256349877 -0.0007597572985 -0.008769107051
v -0.009256335907 -0.0007580734091 -0.01404709183
v -0.009255362675 0.0002014205529 -0.01892435364
v -0.009255362675 0.0002023838606 -0.007156752981
v -0.009253861383 7.549896691e-05 -0.007161087822
v -0.009250066243 -7.709138299e-05 -0.007168550044
v -0.009247791953 -0.0004372886615 -0.008802616969
v -0.009245699272 0.001183170709 -0.03594861925
v -0.009245680645 -0.001183171174 -0.03594823927
v -0.0092428606 -0.001678742701 -0.03979965672
v -0.0092428606 0.001678739209 -0.03979966044
v -0.009237674996 0.001302249148 -0.00882248953
v -0.009233898483 -0.0003813693475 -0.007190588396
v -0.009230740368 0.001276995987 -0.00888102781
v -0.009228020906 0.0002023819252 -0.007133994251
v -0.009227495641 -0.0009720164817 -0.007402898744
v -0.009225921705 -0.0009822179563 -0.01876596548
v -0.009225688875 0.0003953269916 -0.008779142052
v -0.009224635549 0.001396143227 -0.007404049393
v -0.009219504893 -0.0001649817714 -0.01401919127
v -0.009217558429 0.000590855896 -0.01401499007
v -0.009213981219 0.001463554101 -0.01392329484
v -0.009212392382 -0.001070731552 -0.01391833927
v -0.009211206809 -0.000981678837 -0.007328050211
v -0.009210603312 -0.0009831005009 -0.0188424997
v -0.009208139032 0.001405729679 -0.007329349406
v -0.009208071977 0.001405497198 -0.01884228922
v -0.009207965806 0.001434440492 -0.0138657717
v -0.009206866845 0.0002014049824 -0.01895985194
v -0.009206429124 -0.00104137999 -0.01386086643
v -0.009202350862 0.001250234782 -0.008935983293
v -0.009201537818 -0.0004229636397 -0.008846193552
v -0.009190474637 0.0002021823311 -0.007113549858
v -0.009185504168 -7.739089051e-05 -0.007124801166
v -0.009180063382 0.001403564122 -0.01381183788
v -0.009178555571 -0.001010287786 -0.01380703226
v -0.009175236337 0.001686280011 -0.01874967478
v -0.00917391479 -0.001290022628 -0.009014857002
v -0.009173245169 -0.001292685745 -0.007460650522
v -0.009169563651 -0.0003805906454 -0.007146898657
v -0.009169401601 -0.001255306415 -0.00907064043
v -0.009167758748 0.0003918182629 -0.008806756698
v -0.009167388082 -0.0009853710653 -0.007264920976
v -0.00916698575 -0.0009792478522 -0.01890678518
v -0.009165326133 0.001401579939 -0.01890707016
v -0.009165149182 0.001409460208 -0.007265608292
v -0.00916279573 0.001749746152 -0.007471572142
v -0.009161471389 -0.0001583764824 -0.01399188396
v -0.009159510024 0.0005838136422 -0.01398778055
v -0.009156126529 0.001226583263 -0.008977511898
v -0.009151790291 7.471798745e-05 -0.007105776574
v -0.009149455465 0.000201745439 -0.007101333234
v -0.009148102254 -7.677437679e-05 -0.007113228086
v -0.009143282659 -0.0004117212666 -0.008872695267
v -0.009142299183 -0.001218555379 -0.009122683667
v -0.009136616252 0.001876392518 -0.01368229091
v -0.00913385395 0.001376413973 -0.01377141103
v -0.009133585729 0.001837025862 -0.01362837944
v -0.009132346138 -0.0009829078335 -0.01376665011
v -0.009114006534 0.0002012160112 -0.01400802284
v -0.009113993496 0.0002011884499 -0.01898301765
v -0.009113992564 0.0002011883917 -0.007098024245
v -0.009113828652 0.0002015725768 -0.008808235638
v -0.009113083594 7.51670741e-05 -0.00710246712
v -0.009111423977 0.0003897537827 -0.008814875968
v -0.009109444916 -7.564410043e-05 -0.007109873928
v -0.009107274003 0.001795343123 -0.01357823145
v -0.009104999714 -0.0001544944971 -0.01398399938
v -0.009104154073 7.399450509e-10 -0.03183748573
v -0.009103970602 -0.0009829927003 -0.007221428212
v -0.009103193879 -0.0009715305059 -0.0189506039
v -0.009103019722 0.0005796980113 -0.01397995651
v -0.009101510979 0.001406686264 -0.007222524844
v -0.009101266973 0.001393556129 -0.01895027608
v -0.009097230621 0.001208278234 -0.00900191348
v -0.00909611024 -0.001186354784 -0.009161289781
v -0.00909385737 -0.0003764723951 -0.007131761871
v -0.009088232182 0.002088601002 -0.00929763075
v -0.009087145329 0.002043644432 -0.009348869324
v -0.009086512029 -0.0004051943542 -0.008879784495
v -0.009076448157 0.002369492315 -0.03980312869
v -0.009076447226 -0.002369491849 -0.03980312496
v -0.009074606001 0.001355583547 -0.01374811493
v -0.009073079564 -0.0009618896293 -0.01374338381
v -0.009066355415 -0.001774233882 -0.01869598031
v -0.009061881341 0.001996183768 -0.009396228939
v -0.009061100893 0.001759075443 -0.0135414796
v -0.009054584429 -0.001772280433 -0.01334744785
v -0.009054237977 -0.001820893027 -0.01339657977
v -0.009050013497 0.002192262793 -0.01332994085
v -0.009049489163 0.002241309267 -0.01337866671
v -0.009043612517 0.002216489753 -0.009510625154
v -0.009042800404 0.002266288502 -0.009462299757
v -0.009039583616 0.001198041369 -0.009007171728
v -0.009038643911 0.001223269734 -0.03183535859
v -0.009038602933 -0.00122328219 -0.03183455765
v -0.009036299773 -0.001161921537 -0.009182853624
v -0.009030090645 -0.001721000066 -0.01330221072
v -0.009029659443 -0.0009745527641 -0.007205477916
v -0.009025610052 0.002140479395 -0.01328501198
v -0.009019368328 0.002163986675 -0.009555066936
v -0.009018846788 -0.0009279025253 -0.009065805003
v -0.009018642828 0.001329773339 -0.009066101164
v -0.009016480297 0.001344079385 -0.01374363434
v -0.009015723132 0.001955114072 -0.00943048764
v -0.009014930576 -0.0009503543261 -0.01373903174
v -0.009011963382 -0.001931678969 -0.009638243355
v -0.009010014124 0.002373827156 -0.03592090681
v -0.009009998292 -0.002373830415 -0.03592052311
v -0.00900970865 -0.001984901261 -0.009592443705
v -0.009000719525 0.00173193356 -0.01352164056
v -0.008988494053 -0.001875624992 -0.009680221789
v -0.008983939886 -0.001676868298 -0.01326984446
v -0.008980775252 0.001678003347 -0.007259253412
v -0.008979463018 0.002095968928 -0.01325297728
v -0.008977415971 -0.001148891286 -0.009185799398
v -0.008974861354 -0.00128095923 -0.01894743368
v -0.00897485204 0.00168418407 -0.01894751936
v -0.008973511867 -0.001314401976 -0.007268666755
v -0.008973222226 0.002118870849 -0.009586761706
v -0.008971157484 -0.002115562791 -0.007699601818
v -0.008965290152 0.002535472158 -0.007706040516
v -0.008954574354 0.001924855635 -0.009448217228
v -0.008954093792 -0.001388664241 -0.01893842593
v -0.00895297341 0.002576005179 -0.01861932315
v -0.0089511564 -0.002136129653 -0.00763244601
v -0.008944958448 0.002556245541 -0.007639620453
v -0.008942350745 -0.001827725209 -0.009709863923
v -0.008941050619 0.001717846259 -0.01351984031
v -0.008940807544 -0.00216704933 -0.01869350672
v -0.008934368379 0.002588643227 -0.01869018562
v -0.00892665796 0.00192213757 -0.01892521232
v -0.008922211826 -0.001644763863 -0.01325368881
v -0.008917865343 -0.002242854098 -0.01273738593
v -0.008917676285 0.002063639695 -0.01323709078
v -0.008911310695 0.002086175373 -0.009602416307
v -0.008911181241 -0.002305651084 -0.01277373638
v -0.008907920681 -0.002145958832 -0.007574659772
v -0.008902352303 0.002566687297 -0.007581890095
v -0.008897977881 -0.002169066109 -0.01875453442
v -0.008896796964 -0.002176951617 -0.0127044525
v -0.008895714767 0.002711885376 -0.01261274517
v -0.008894179016 0.002717095893 -0.01021453924
v -0.008893874474 0.001909969025 -0.009448372759
v -0.008892207406 0.002591376193 -0.0187513493
v -0.008889881894 0.002770983614 -0.01856613159
v -0.008887887001 0.002776926383 -0.01264603157
v -0.008886298165 0.002782293363 -0.01018149499
v -0.008879845962 -0.001793466159 -0.009724019095
v -0.008875265718 0.002643688116 -0.01258262061
v -0.008873758838 0.00264876592 -0.01024440117
v -0.008867468685 -0.002392872004 -0.01038574334
v -0.008866617456 2.250857844e-10 -0.02752119116
v -0.008862538263 -0.002448207233 -0.007843085565
v -0.008860734291 -0.001629515667 -0.01325453818
v -0.008858208545 -0.002460732823 -0.0103569543
v -0.008856102824 0.002048227936 -0.01323790569
v -0.008850655518 -0.002121541416 -0.01268197503
v -0.00884957891 0.002070840448 -0.009601282887
v -0.008848270401 -0.002144490834 -0.007532883901
v -0.008847801015 -0.002321837703 -0.01041167788
v -0.008843416348 0.002904141555 -0.007867270149
v -0.008842690848 0.002565296134 -0.007540662773
v -0.008837717585 -0.002161291195 -0.01879781298
v -0.008833755739 -0.001071329229 -0.02752194554
v -0.008831914514 0.002583699068 -0.01879414916
v -0.008830933832 0.00244931248 -0.03182716295
v -0.008830896579 -0.002449333668 -0.03182636574
v -0.008829119615 0.002586638788 -0.01256224513
v -0.008827614598 0.002591578988 -0.01026462764
v -0.008817316033 -0.001778003527 -0.009722133167
v -0.008814236149 -0.002541660098 -0.01194135752
v -0.008808193728 0.001410050201 -0.02752250619
v -0.00880715996 -0.002600986278 -0.01848453842
v -0.008806757629 -0.002602174878 -0.0079202177
v -0.008805677295 0.003007792402 -0.01848397404
v -0.008804040961 0.002970487578 -0.01102520805
v -0.008802882396 0.002973819384 -0.0117660109
v -0.008802107535 -0.00261486019 -0.01195690781
v -0.008801643737 -0.002262706868 -0.01042904053
v -0.008800801821 -0.001831199625 -0.009786757641
v -0.00880063232 0.002233514097 -0.01302948128
v -0.008800486103 0.002233577194 -0.009786592796
v -0.008800444193 -0.001831425587 -0.01302955579
v -0.008796136826 -0.002465264872 -0.01192745939
v -0.008796023205 -0.002590425313 -0.01124572475
v -0.008792171255 0.0002011888137 -0.007098030299
v -0.008791333996 0.00304470933 -0.01101390459
v -0.008790392429 0.0001505346008 -0.007099643815
v -0.008790111169 0.003048152197 -0.01177647803
v -0.008788384497 0.0001011892091 -0.007101458032
v -0.008786289953 -0.002083452418 -0.0126725249
v -0.008786257356 0.002893075813 -0.01103527192
v -0.008785132319 0.002896283055 -0.01175663993
v -0.008782857098 -0.002665486187 -0.01124099083
v -0.008780898526 0.0001011899003 -0.007101458963
v -0.008779729716 -0.002131357556 -0.0075137862
v -0.008778493851 -0.002512179548 -0.01124997251
v -0.008775688708 0.002546631498 -0.007518700324
v -0.008774008602 0.002552396851 -0.007520986255
v -0.008767914027 -0.002144328784 -0.01881601848
v -0.008765305392 -0.00330920401 -0.03980961442
v -0.008765305392 0.003309200751 -0.03980961442
v -0.008764257655 0.002547885524 -0.01255395543
v -0.008762732148 0.002552718855 -0.01027284376
v -0.00876200106 0.002566781128 -0.01881309226
v -0.008749958128 -0.002402369166 -0.01191834453
v -0.008747932501 -0.002720731311 -0.01850921288
v -0.008742458187 0.003137122607 -0.01850332692
v -0.008740071207 0.002829495352 -0.01104183495
v -0.008738947101 0.002832628088 -0.01175053883
v -0.008736154065 -0.002223059069 -0.01043577492
v -0.008732300252 -0.002448031446 -0.01125273574
v -0.008730324917 -0.002798653673 -0.01840077527
v -0.008721251041 -0.002068398055 -0.01267618965
v -0.008715707809 0.00108630117 -0.007164160721
v -0.008715261705 -0.0006584670045 -0.007161066402
v -0.008705514483 -0.00272854045 -0.01856566779
v -0.008701013401 -0.002295839367 -0.02752474882
v -0.008700624108 0.003145351307 -0.0185598433
v -0.008700331673 -0.002364682965 -0.01875480823
v -0.00869854074 0.002533151535 -0.01255759969
v -0.008696990088 0.002538010478 -0.01026909892
v -0.008688565344 0.002804084215 -0.01874520816
v -0.00868318323 -0.002361379331 -0.01191513427
v -0.008682717569 0.002845698502 -0.007648823317
v -0.008673272096 -0.002472065622 -0.00766452495
v -0.008673039265 0.002788317157 -0.01104406267
v -0.008671883494 0.002791428007 -0.01174843591
v -0.008669602685 -0.002208800986 -0.01043203287
v -0.008665051311 -0.00240667304 -0.01125368569
v -0.008651738055 0.00258686603 -0.02752575092
v -0.008648116142 -0.002724130638 -0.01860729977
v -0.008643195033 0.003140841145 -0.01860100776
v -0.008627727628 -0.002581637586 -0.01867949776
v -0.008620985784 -0.002333424753 -0.01198694855
v -0.008620926179 -0.002333432203 -0.01082840934
v -0.008620763198 0.002735791728 -0.01082854252
v -0.008620625362 0.002735857386 -0.01198767778
v -0.008614904247 -0.002348342212 -0.01191770472
v -0.008607324213 0.003579460317 -0.03586603329
v -0.00860730838 -0.003579466604 -0.03586565703
v -0.008606424555 -0.00370960054 -0.03972626477
v -0.008604400791 0.0027755911 -0.01104206312
v -0.008603207767 0.002778707538 -0.01175015979
v -0.008596741594 0.003071772167 -0.01864485443
v -0.008596136235 -0.002394175623 -0.01125291828
v -0.008589563891 -0.003125360003 -0.008235892281
v -0.008584708907 0.003539516591 -0.008242310956
v -0.008580715396 -0.001381467213 -0.007283783983
v -0.008573980071 0.001815662021 -0.00729109114
v -0.008565047756 -0.00315269921 -0.008180490695
v -0.008560189977 0.003566492349 -0.008186877705
v -0.008530776016 -0.00322561455 -0.01823963784
v -0.008525479585 0.00363893318 -0.01823196933
v -0.008522921242 -0.00316755753 -0.008131440729
v -0.008518544026 0.00358137954 -0.008137489669
v -0.008503006771 0.003711025463 -0.01811246946
v -0.008488907479 -0.00323824794 -0.01829005219
v -0.008484100923 0.003651757957 -0.01828243211
v -0.0084684873 -0.003169034841 -0.008093548939
v -0.008464237675 0.003680892056 -0.03181015328
v -0.008464210667 -0.003680922789 -0.03180936351
v -0.008464095183 0.003582386766 -0.008099715225
v -0.008445868269 -0.003498868085 -0.02752995864
v -0.008445251733 0.003501131432 -0.0275299754
v -0.008434602059 -0.003237606492 -0.0183288455
v -0.008429805748 0.003650887869 -0.01832087152
v -0.008409629576 -0.003493651282 -0.008505134843
v -0.008407675661 -0.003156418446 -0.008071725257
v -0.008402941748 0.003569544759 -0.00807748083
v -0.008385180496 0.003942669369 -0.0085424399
v -0.008376460522 0.002438141964 -0.007476505358
v -0.008375830948 -0.002025103429 -0.007472565398
v -0.008336001076 0.003716109321 -0.008183981292
v -0.008332809433 0.002545651514 -0.007517924067
v -0.008331283927 -0.003316938411 -0.01828934439
v -0.008327533491 2.986494274e-08 -0.03957809508
v -0.008317377418 -0.0003804437583 -0.03957260028
v -0.008314544335 -0.003941411618 -0.02750821039
v -0.008314117789 0.003755769925 -0.01826388575
v -0.008311898448 0.004361556377 -0.03956963867
v -0.008311678655 0.0004984460538 -0.03956951946
v -0.008299325593 -0.003698168788 -0.01782394387
v -0.008255257271 -0.002302677138 -0.007585127372
v -0.0082450388 0.003903584555 -0.008329237811
v -0.00823715888 -0.003516872413 -0.008341493085
v -0.0082358988 0.004175859503 -0.02747709863
v -0.008217021823 -0.001280373428 -0.03951797634
v -0.008213995956 0.001283722115 -0.01078302879
v -0.008213995025 -0.0004238100082 -0.01032549795
v -0.008213995025 0.0002011897741 -0.01400803123
v -0.008213994093 -0.002333622659 -0.01198658347
v -0.008213994093 -0.001831572736 -0.01302910224
v -0.008213994093 -0.001048811129 -0.01140803099
v -0.008213994093 -0.0009269083966 -0.01375054847
v -0.008213994093 0.0002011894248 -0.01015803125
v -0.008213994093 0.0008261885378 -0.01032550354
v -0.008213994093 0.00132928649 -0.01375055034
v -0.008213994093 0.001329286722 -0.009065509774
v -0.008213994093 0.002233950654 -0.009786956012
v -0.008213994093 0.00273600081 -0.01082947478
v -0.008213994093 0.002736001508 -0.01198658813
v -0.008213993162 -0.0008813437307 -0.01078303158
v -0.008213993162 -0.0004238121619 -0.01249056216
v -0.008213993162 0.0008261880139 -0.0124905603
v -0.008213993162 0.001283720136 -0.01203303412
v -0.008213993162 0.001451187534 -0.01140803471
v -0.008213992231 -0.00233362522 -0.01082947664
v -0.008213992231 -0.001831574831 -0.009786957875
v -0.008213992231 -0.0009269104339 -0.009065515362
v -0.008213992231 -0.0008813438471 -0.01203302946
v -0.008213992231 0.0002011865872 -0.008808033541
v -0.008213992231 0.0002011869365 -0.01265803445
v -0.008213992231 0.002233948559 -0.01302910689
v -0.008196405135 0.00139354798 -0.03950667381
v -0.008189826272 0.004008390475 -0.01807707362
v -0.008144704625 -0.003694965737 -0.008488983847
v -0.008134297095 -0.00254158373 -0.007699482609
v -0.008129424416 -0.003988039214 -0.008935661986
v -0.008112595417 0.002994799754 -0.007725984789
v -0.00810192246 -0.004016027786 -0.008890934289
v -0.008098575287 -0.004545993637 -0.0273977071
v -0.008096230216 0.004426698666 -0.00889944192
v -0.008089278825 -0.004800434224 -0.03944857791
v -0.008089278825 0.004800435156 -0.03944857791
v -0.008075664751 -3.728007892e-10 -0.02753767744
v -0.008074127138 0.004479136318 -0.01749243774
v -0.008072000928 -0.004791286774 -0.03745061159
v -0.008069775067 -0.001942214905 -0.0394365862
v -0.008068636991 0.001942222356 -0.0394359529
v -0.008061638102 -0.004032062367 -0.008850299753
v -0.008056262508 0.004443124868 -0.008859068155
v -0.008051934652 -0.004095149692 -0.01754660159
v -0.008046976291 0.004505270161 -0.01753838733
v -0.008033351041 0.004542413633 -0.009091277607
v -0.008029538207 0.004807555582 -0.03577688709
v -0.008013894781 -0.00213678414 -0.03940529376
v -0.008012515493 -0.004035284277 -0.008817013353
v -0.008011973463 -0.004109509755 -0.01758845896
v -0.008008054458 0.0002011894248 -0.01898301579
v -0.008007368073 0.004519698676 -0.0175802689
v -0.008007269353 0.004446443636 -0.008826110512
v -0.008002833463 -0.0002000885434 -0.01898295805
v -0.007996751927 0.004795278423 -0.0273242332
v -0.007987650111 -0.004990858026 -0.03939051926
v -0.007977052592 0.002251660451 -0.0393845439
v -0.00797316432 -0.0006098796148 -0.01898012497
v -0.007968182676 -0.004856978077 -0.03353247419
v -0.007963157259 -0.004111075308 -0.0176226683
v -0.00795861613 0.004521026276 -0.01761426777
v -0.007953593507 0.004436481278 -0.008803310804
v -0.007953041233 -0.002853459911 -0.007874259725
v -0.007934522815 0.0002016116487 -0.01896899939
v -0.007921785116 0.004920784384 -0.03178158775
v -0.007909963839 -0.004099329468 -0.01764567569
v -0.007906172425 0.0002017334482 -0.01895512268
v -0.007891126908 -0.004353091586 -0.009339808486
v -0.007889275439 0.004758080002 -0.01722329855
v -0.007880792953 0.001675181789 -0.01894834638
v -0.007871780545 0.0002018457162 -0.01892939955
v -0.007859525271 0.001340984483 -0.0189537257
v -0.00785766542 -0.00419254927 -0.008971597068
v -0.007856875658 -0.002023105277 -0.0007190236356
v -0.007856417447 0.002024009125 -0.0007185873692
v -0.007854896598 -0.002036467427 -0.0006715336349
v -0.007854402997 0.002037355676 -0.0006711189635
v -0.007852851413 -0.001391989528 -0.01893941313
v -0.007850782014 0.0001968893048 -0.02541136555
v -0.007847446948 -0.001002270146 -0.01895237342
v -0.007846605964 -0.002009958029 -0.0007654833025
v -0.007846191525 0.002010838361 -0.0007650408661
v -0.007840910926 -0.002049217466 -0.0006259295624
v -0.007840394974 0.002050062874 -0.0006255400949
v -0.007837911136 0.0002019047242 -0.01888813823
v -0.007834859192 0.001390545163 -0.0005288339453
v -0.007834398188 -0.001377910376 -0.0005829985603
v -0.007833487354 -0.001390079386 -0.0005190231022
v -0.007832741365 0.001922193216 -0.01892530359
v -0.007830251008 -0.005152678583 -0.02786240168
v -0.007830217481 -0.001374366111 -0.0006030629156
v -0.007830101997 0.001376765897 -0.0006030918448
v -0.0078254072 -0.001396396663 -0.0004882465582
v -0.007824866101 -0.001997846179 -0.0008081234992
v -0.007824508473 0.001998655265 -0.0008076701779
v -0.007823736407 0.001373457024 -0.000622600026
v -0.007820164785 0.001941143419 -0.0275430046
v -0.007820163853 -0.001941143186 -0.0275430046
v -0.007816482335 -0.001817204058 -0.0005253153504
v -0.007816327736 0.005196675193 -0.02716586739
v -0.007816306315 -0.005196740385 -0.02716476843
v -0.007816089317 0.0018178022 -0.0005249453825
v -0.007814700715 0.001062568976 -0.02548874542
v -0.007813995704 0.0007660004194 -0.01306437794
v -0.007813995704 0.001897463808 -0.01097772922
v -0.007813994773 -0.001269376953 -0.01231868658
v -0.007813994773 0.001283722115 -0.01203303039
v -0.007813994773 0.001451189513 -0.01140803099
v -0.007813993841 -0.001298810588 -0.01067488734
v -0.007813993841 -0.001184227411 -0.01033886522
v -0.007813993841 -0.001048811129 -0.01140803378
v -0.007813993841 -0.0008788006962 -0.01003103424
v -0.007813993841 0.0002011889155 -0.01265802979
v -0.007813993841 0.0007659987314 -0.009751680307
v -0.007813993841 0.0008261880721 -0.01249056403
v -0.007813993841 0.001487238682 -0.01022120006
v -0.00781399291 -0.001269379165 -0.01049737632
v -0.00781399291 -0.0008813437889 -0.01203303225
v -0.00781399291 -0.0008813436725 -0.01078303438
v -0.00781399291 -0.0008788025589 -0.0127850296
v -0.00781399291 -0.0004238125985 -0.01032549981
v -0.00781399291 -0.0004238121328 -0.01249056496
v -0.00781399291 -9.183407383e-05 -0.01313332561
v -0.00781399291 0.0008261878975 -0.01032549795
v -0.00781399291 0.001283719554 -0.01078303065
v -0.00781399291 0.001487237168 -0.01259486377
v -0.00781399291 0.001897461014 -0.01183833275
v -0.007813991979 -0.0012988128 -0.0121411765
v -0.007813991979 -0.001184229739 -0.01247720048
v -0.007813991979 -9.183551447e-05 -0.009682740085
v -0.007813991979 0.0002011868637 -0.01015803311
v -0.007813976146 -0.0006687656278 -0.025490297
v -0.007810058072 0.000201787916 -0.01879545301
v -0.007809580304 -0.002228257013 -0.0006306660362
v -0.007809145842 0.002226959914 -0.0006296243519
v -0.00780893676 0.004672626033 -0.009060204029
v -0.007808288094 -0.002247873228 -0.0006362402346
v -0.007807727903 0.002247513505 -0.0006354579236
v -0.00780717982 -0.002267658478 -0.0006419524434
v -0.007806645241 0.002267788863 -0.0006413072697
v -0.007801367901 -0.001406703494 -0.0004415269941
v -0.007801210973 0.001409111661 -0.0004415549338
v -0.007797271945 -0.0006887104828 -0.0005062667769
v -0.007797266822 0.0006908345385 -0.0005062117707
v -0.007797261234 -0.001363641 -0.0006703152321
v -0.007796323858 0.001330705127 -0.0189135503
v -0.007796223275 -0.002394435694 -0.0006796753732
v -0.007795503829 0.002395084128 -0.0006791201886
v -0.007794831414 -0.002674036426 -0.0009314686758
v -0.00779413525 0.00267404737 -0.0009305049898
v -0.007793001831 -0.001987498719 -0.0008443260449
v -0.007792707998 0.001988216303 -0.0008438411169
v -0.007792652585 -0.004479139578 -0.01715853624
v -0.007791011594 0.001364919008 -0.0006781467819
v -0.007789173163 -0.002693501068 -0.0008789774147
v -0.007788444869 0.002693468006 -0.0008780323551
v -0.007787765935 0.004888144322 -0.01715126075
v -0.007786405738 -0.004500712268 -0.01539651956
v -0.007786067203 -0.001121273497 -0.0003979915055
v -0.007785901427 0.001121975831 -0.0003977848392
v -0.007785136811 -0.00048057409 -0.01879566908
v -0.007785107475 -0.0009921452729 -0.0189117603
v -0.007784964982 -0.002651570132 -0.0009820393752
v -0.007784580812 9.059542672e-09 -0.0004357480502
v -0.007784335408 0.002651611343 -0.0009810390184
v -0.00778372027 1.460585097e-08 -0.0004811339604
v -0.007782937959 -0.005266213324 -0.02713207901
v -0.00778007647 6.016993792e-09 -0.0004083763342
v -0.007779432461 -0.002522138413 -0.0007199468673
v -0.007778767496 0.002522255294 -0.0007191892946
v -0.007772058714 -0.0008338225307 -0.0003689893056
v -0.007771930657 0.0008338395855 -0.000368795736
v -0.00777092902 1.951534956e-08 -0.0005289021647
v -0.007769933902 -0.0006861797301 -0.0005774467718
v -0.007769929245 0.0006878827699 -0.0005773562589
v -0.007768676616 -0.002708439482 -0.0008287600358
v -0.007768483367 0.001361875329 -0.000701417157
v -0.00776793668 0.002708364511 -0.0008278561872
v -0.007762380876 -0.0006220400101 -0.0003560626064
v -0.007762318011 0.0006229486899 -0.0003559753241
v -0.00776077481 1.979483621e-08 -0.0005502793356
v -0.007760484237 -0.001358711976 -0.0007081716321
v -0.007760419045 0.0002924043802 -0.01798264123
v -0.007760418113 -0.002627827926 -0.00102679187
v -0.007759864442 0.002627889626 -0.001025805017
v -0.007759362925 -0.002621521475 -0.0007520499639
v -0.007758710533 0.002621276537 -0.0007511700387
v -0.007758329622 0.004739257973 -0.0174133461
v -0.007757587824 0.0004452134599 -0.01798031107
v -0.007755233441 0.004756428301 -0.009162384085
v -0.007754413411 -0.0004146634892 -0.0003486739588
v -0.007754361257 0.0004146659048 -0.0003485873458
v -0.007753851358 -0.004493980668 -0.01719583012
v -0.007752866019 -0.004345158115 -0.01740319096
v -0.00775279291 -0.001979551278 -0.0008718530298
v -0.007752557751 0.001980143134 -0.0008713619318
v -0.007752496284 0.001322289929 -0.01885255985
v -0.007751072757 -0.000209487087 -0.000343720516
v -0.007751027122 0.0002088526089 -0.0003436809056
v -0.007750856224 9.662448609e-11 -0.0003415579558
v -0.007749257609 0.004903159104 -0.01718848012
v -0.007748973556 -3.236522389e-05 -0.01798057184
v -0.007747765165 -0.0001631107734 -0.01797686704
v -0.007746723946 -0.0006856500404 -0.000608018192
v -0.007746719755 0.0006871094811 -0.0006079297746
v -0.007741228212 -0.0009838343831 -0.01885204203
v -0.007738900371 0.003591937013 -0.008094931953
v -0.007737644482 -0.004566959105 -0.01698509045
v -0.007734690327 -0.002717593685 -0.000784852542
v -0.007733967155 0.002717477037 -0.0007839790778
v -0.007724138908 -0.001356578316 -0.0007311382215
v -0.007724049967 0.001358927577 -0.0007311822847
v -0.007723262068 -0.002604749054 -0.001062162686
v -0.007723251823 -0.0009788223542 -0.01878011785
v -0.007722798735 0.002604808891 -0.001061190851
v -0.007722729351 -0.0005381335504 -0.01795779914
v -0.007722272538 0.001111925114 -0.0006846629549
v -0.007718147244 -0.0006856495747 -0.0006336402148
v -0.007718144916 0.0006868527271 -0.0006335282815
v -0.007714766543 2.147474043e-08 -0.0006068657385
v -0.007714217994 -0.0002601793385 -0.0006113505224
v -0.007712332532 -0.002956757555 -0.03923241794
v -0.007709925994 -0.001996835461 -0.01884923317
v -0.007707765326 -0.004496822599 -0.01722719148
v -0.007706803735 -0.001974430867 -0.0008891490288
v -0.007706617936 0.001974889776 -0.0008886516443
v -0.007704025134 0.001935184351 -0.02572608739
v -0.007703275885 0.004905946087 -0.01721965894
v -0.007702554576 -0.001541430829 -0.02572923899
v -0.007699625567 -0.002712280257 -0.0007434053696
v -0.007699260022 0.002712225541 -0.0007429713733
v -0.007694515865 0.001350249164 -0.0007452177233
v -0.007694514934 -0.001347868121 -0.0007452206337
v -0.007692754269 -0.004449237604 -0.009286317974
v -0.007688764948 0.00128175295 -0.01792981476
v -0.007686214522 0.0001011895147 -0.008148990571
v -0.007686180063 0.0005115621607 -0.01697917469
v -0.007686088793 0.001615207759 -0.01876093447
v -0.007686067373 0.0001011890345 -0.008141946048
v -0.007680644281 0.002538244938 -0.01881979592
v -0.007678924128 -3.039646981e-05 -0.01796763204
v -0.007678481285 -0.002904193476 -0.0008555664681
v -0.007677931339 -0.001233544084 -0.0187620353
v -0.007677759975 0.002903735265 -0.0008545146557
v -0.007676258218 -0.002584134229 -0.001085261465
v -0.007675880101 0.002584179631 -0.001084340154
v -0.007670921274 -0.0004987227148 -0.008157596923
v -0.007670500316 -0.0003421754227 -0.01697084121
v -0.007670231629 0.001356122782 -0.0179209318
v -0.00766625395 -0.004661828745 -0.009805364534
v -0.007663844153 0.002707558218 -0.0007023745566
v -0.007663843222 -0.002707556356 -0.0007023734506
v -0.007663288154 0.005068123341 -0.009813104756
v -0.007663230877 -0.001298811752 -0.01875235885
v -0.007658664603 0.002693224 -0.0006872909726
v -0.007650859654 -0.0002543950977 -0.0006740849931
v -0.007649778388 0.003098531393 -0.03919566423
v -0.007648154162 -0.0006055465201 -0.01695458964
v -0.007647694554 0.0002269919059 -0.01315794978
v -0.007646673825 0.0001991549361 -0.01634398289
v -0.007638433482 0.001167525654 -0.01693968289
v -0.007638203446 -9.211043653e-05 -0.0131332241
v -0.007636131253 -0.004690852948 -0.009777504951
v -0.007633976638 0.00510606356 -0.0116268741
v -0.00763319945 0.005096968729 -0.009785458446
v -0.007633099332 0.0009072502144 -0.008204180747
v -0.007631617133 0.0004968118737 -0.01699309424
v -0.007623892743 0.0007614937495 -0.01306564547
v -0.007623261306 -0.002567582065 -0.001094440813
v -0.007622949779 0.002567584626 -0.001093615429
v -0.007621831261 -0.0003097907174 -0.01308149751
v -0.007617909927 0.0008065416478 -0.0007373143453
v -0.007615507115 0.002756788861 -0.0187595617
v -0.007615230512 -2.804358337e-05 -0.01792917028
v -0.007614546455 -0.003276102245 -0.001185998321
v -0.007611425593 0.00328274956 -0.001187876333
v -0.007609974127 0.001089568366 -0.01637946628
v -0.007608273998 -0.003248254536 -0.00123851432
v -0.007606786676 0.00251349248 -0.01881008781
v -0.007605277933 0.003254883224 -0.001240387908
v -0.00760344509 -0.003299355507 -0.001131958794
v -0.00760276895 0.005145974457 -0.009964818135
v -0.007601188961 -0.0006850931677 -0.01636643521
v -0.007600206882 0.003305982798 -0.001133858692
v -0.007599986624 -0.001685004681 -0.0002271249396
v -0.007599985693 0.001685003634 -0.0002271277917
v -0.007599856704 0.00134507427 -0.01790867746
v -0.007597815245 -0.004710241687 -0.00975145027
v -0.007596997079 -0.003140810411 -0.0009543417837
v -0.007596191019 0.003140176646 -0.0009531243122
v -0.007595487405 -0.003382540541 -0.008236442693
v -0.007595108822 0.005116428249 -0.009759535082
v -0.007593902294 -0.002806828357 -0.0007013190188
v -0.007593240123 -0.001392126316 -0.01786531694
v -0.007585255895 -0.003218256403 -0.001284963218
v -0.007582388818 0.0032248192 -0.001286859857
v -0.007578473538 -0.004774393979 -0.01667677239
v -0.007576791104 -0.001294196118 -0.008256229572
v -0.007576259319 -0.003315981245 -0.001081298455
v -0.007572927047 0.00332255871 -0.00108323805
v -0.007572380826 0.005014740862 -0.01709662564
v -0.007571434602 -0.0008763959049 -0.01694345288
v -0.007570372894 -2.57054653e-05 -0.01786998101
v -0.007568409666 0.0004955815966 -0.01703327522
v -0.007568166591 0.0002272624261 -0.01317458507
v -0.007564400788 -0.002218498848 -0.0187806841
v -0.007561031263 -0.0002430423337 -0.0008286907687
v -0.007557739504 0.001297484734 -0.0008528023027
v -0.007557738572 -0.001295108232 -0.0008527978207
v -0.007556231227 0.00124142319 -0.01281554718
v -0.007554235868 -0.0007953536697 -0.01284654252
v -0.007553904317 -0.004719093442 -0.009728739969
v -0.007551298942 0.005125185475 -0.009737008251
v -0.007550574373 2.876964209e-05 -0.01779493317
v -0.007550207898 -2.377998499e-05 -0.01780222356
v -0.007549460046 -2.358360325e-05 -0.0177939143
v -0.007548571564 -0.004802135285 -0.01670520194
v -0.007547741756 -0.003188864328 -0.00132113602
v -0.00754560018 0.0007607390289 -0.01308298483
v -0.00754499482 0.003195335623 -0.001323066885
v -0.007544675376 0.005209226627 -0.01669656299
v -0.007543585729 0.00248479587 -0.01877121441
v -0.007543521468 -0.0003086092765 -0.01309888158
v -0.007540633436 0.0004954478936 -0.01706587337
v -0.007536139805 0.001332182903 -0.01787027903
v -0.007535234094 2.198848279e-06 -0.00100160914
v -0.007535086945 -0.003324359888 -0.001038643182
v -0.007532642223 0.002110711066 -0.0178147871
v -0.00753193954 -0.0002321069041 -0.00100838556
v -0.007531691343 0.003330850741 -0.001040642033
v -0.007531293202 -0.002582757734 -0.01868005097
v -0.007529071532 0.0007706728065 -0.0008907699957
v -0.007526171394 -0.001452336903 -0.01784336381
v -0.007519291248 0.002799365437 -0.02612225339
v -0.007517059799 -0.002405614126 -0.02612703666
v -0.007514372002 -0.004853997845 -0.01022109389
v -0.007514106575 -0.001488656271 -0.01685393974
v -0.007512538228 0.005258709658 -0.01651901007
v -0.007511623204 0.0004961406812 -0.01713065058
v -0.007510755211 -0.004820328206 -0.01673181541
v -0.007510654163 0.003071580781 -0.01864381507
v -0.007510555442 2.914274774e-05 -0.01719494723
v -0.007508982439 -0.0008726786473 -0.0169835221
v -0.007507445291 -0.004716608208 -0.00971105136
v -0.00750708906 0.005227607675 -0.01672275737
v -0.007505987771 0.0004975938937 -0.0171916429
v -0.00750592025 0.002223401098 -0.01779459231
v -0.007504555397 0.005122786388 -0.009719218127
v -0.00750361383 0.00580288237 -0.02682095021
v -0.007502174936 0.0007361323806 -0.001069555292
v -0.007502086461 -0.002187903039 -0.01874167472
v -0.007502046879 0.002456947695 -0.01870923489
v -0.007501712069 0.0002281419147 -0.01322129089
v -0.007499133237 0.00202041585 -0.01683014445
v -0.007499051746 0.001486826106 -0.01259402093
v -0.007498842198 -0.003162676236 -0.001343684271
v -0.007497183979 0.001695276005 -0.008349038661
v -0.007496186998 0.003169034608 -0.00134567637
v -0.007495960221 0.002450855682 -0.001094135223
v -0.007494692691 -0.002449957188 -0.001096722903
v -0.007491847035 0.00131973566 -0.01781060919
v -0.007488727104 0.002434316557 -0.01863398403
v -0.00748607982 0.001983227441 -0.01646408439
v -0.007485439535 -0.005835493095 -0.02679647133
v -0.007485142909 -0.002402602462 -0.0003556341399
v -0.007482536137 0.0001874881709 -0.01389361918
v -0.007481388748 -0.0008724763175 -0.01701580361
v -0.007481170353 0.001241684775 -0.01283399388
v -0.007479845546 0.0007705123862 -0.0131278187
v -0.007479005959 -0.0007954077446 -0.01286499761
v -0.007477761712 -0.0003168053227 -0.01314403862
v -0.007477202453 -0.002038975479 -0.01863095537
v -0.007475694176 -0.003825315041 -0.001492777606
v -0.007473222446 -0.001572751324 -0.01644106954
v -0.007472275291 0.001308893319 -0.01773378067
v -0.007471830584 0.005868390668 -0.03908935562
v -0.007471741177 0.003837365191 -0.001498809084
v -0.007470713463 0.001239449484 -0.001004106947
v -0.007470712531 -0.001237071468 -0.001004113583
v -0.007469905075 -0.003534084652 -0.001143159345
v -0.007469290402 0.003970036283 -0.008382432163
v -0.007468816824 -0.003790601157 -0.001545875682
v -0.007467843592 0.003536453471 -0.00114326796
v -0.007467530202 -0.004828168079 -0.0167550724
v -0.007466151845 0.001872321591 -0.01686755382
v -0.007464905735 0.00380254304 -0.001551873283
v -0.007463992573 0.005235526711 -0.01674556173
v -0.007462562993 -0.001434323611 -0.01780534908
v -0.007462224923 -0.003857009346 -0.001438902109
v -0.007460558787 -0.00215784437 -0.01868064143
v -0.00746050477 -0.003566768719 -0.008381706662
v -0.007460150402 -0.001184227411 -0.01247719955
v -0.00745994458 0.001618599752 -0.01243227534
v -0.00745955063 0.0002292645659 -0.01329070609
v -0.00745819509 0.003869198263 -0.00144498318
v -0.007452559192 -0.004920735955 -0.01030426379
v -0.00745219551 -0.0008752142312 -0.01707979105
v -0.007450914942 0.005324980244 -0.01031127851
v -0.007450102363 -0.001887999708 -0.008393149823
v -0.007450026926 0.001891210326 -0.008400673047
v -0.007448131219 0.0002305316448 -0.0133711854
v -0.007447817829 0.001183627057 -0.001181269763
v -0.007447814103 -0.001181252068 -0.001181274652
v -0.00744687859 -0.002820009133 -0.01857824065
v -0.007446502335 9.440827853e-05 -0.01336815301
v -0.007445887197 -0.0008803883102 -0.01713999547
v -0.007443099748 -0.00314199389 -0.001350844512
v -0.007442383096 -0.003756309161 -0.001592969056
v -0.007441984955 -0.002012348501 -0.01775437221
v -0.007440512534 0.003148212796 -0.001352905645
v -0.007438486908 0.003768174676 -0.001598980161
v -0.007438052446 0.002338222461 -0.0002832960745
v -0.007437744644 -0.004811565392 -0.009903287515
v -0.00743743917 0.0007891113637 -0.0131932525
v -0.007435377687 -0.0003333624336 -0.01321005356
v -0.007430159021 -0.003882472636 -0.001389823621
v -0.00742822513 0.004185100086 -0.001738453284
v -0.007426037919 0.003894801717 -0.001396002597
v -0.007424842566 0.003067749087 -0.01862677559
v -0.00742470799 0.0008135677781 -0.0132685909
v -0.007422682364 -0.0003554658033 -0.01328612305
v -0.007422121707 -0.001268994645 -0.01231903862
v -0.007421803195 0.00414639432 -0.00178931281
v -0.007420532871 0.002997522475 -0.0006928650546
v -0.00742006069 -0.004967587069 -0.01623116806
v -0.007418764289 -0.001416772604 -0.0177456215
v -0.007417280227 0.001259766286 -0.01287355181
v -0.007415093016 -0.004941254389 -0.01028659102
v -0.007415020838 -0.0008123068255 -0.01290515717
v -0.007413859945 0.004221937619 -0.001687636832
v -0.00741363829 0.005345544778 -0.0102937175
v -0.007412363309 0.002384045394 -0.01676321216
v -0.007406533696 -0.002051760675 -0.008441506885
v -0.007405590732 -0.003012659028 -0.0006922440953
v -0.007405158132 0.001866078703 -0.01690720022
v -0.007404366042 -0.001224379404 -0.0172347147
v -0.007403916214 0.002699988894 -0.01855488122
v -0.00740063563 -0.001402742928 -0.01767691411
v -0.007400193717 -0.001401360845 -0.01766848378
v -0.007399342023 -0.003726023482 -0.001629177597
v -0.007397362962 -0.001218242222 -0.01709949225
v -0.007395518012 -0.004664192908 -0.002149477601
v -0.00739542488 0.00373786781 -0.001635219902
v -0.007395366207 0.004109687638 -0.001835162984
v -0.007394690998 0.001767739072 -0.01767246984
v -0.007394601125 -0.001298813033 -0.0121411765
v -0.007392570842 -0.005992630962 -0.03904113546
v -0.007390180603 0.005276965909 -0.01004837919
v -0.007389039267 0.001622408628 -0.01244979165
v -0.007388873026 -0.004619856365 -0.002195363864
v -0.007388769649 -0.001187700778 -0.01249499712
v -0.007387950551 0.0002376755292 -0.009658482857
v -0.007383487187 0.005285723135 -0.01007007435
v -0.007382794749 -0.004877877887 -0.01666940935
v -0.007382351905 -0.003898943076 -0.001350691891
v -0.007381879259 -0.002989501925 -0.01849066466
v -0.007381406613 -0.004706893582 -0.002103523118
v -0.007381089963 -9.196504834e-05 -0.009683051147
v -0.007380988915 0.005283169914 -0.01666714437
v -0.007380592171 0.004253079649 -0.001642206335
v -0.007379041985 0.00173151202 -0.01727248169
v -0.007378135342 0.003911408596 -0.001356970635
v -0.007377909962 0.001865426893 -0.01693880931
v -0.007376363967 0.001778114121 -2.661559483e-05
v -0.007374307606 0.001292889239 -0.01292857155
v -0.007373100612 -0.004952466115 -0.01027083583
v -0.007372089662 -0.0008438831428 -0.01296129916
v -0.007371745072 0.005356671754 -0.01027809829
v -0.00737138046 0.001751344069 -0.01400005445
v -0.007369438652 -0.002787339501 -0.01857417077
v -0.007368618157 -0.0003015415859 -0.009732226841
v -0.007368211169 -0.005020655226 -0.01617028564
v -0.007366397418 0.005425144918 -0.01616317779
v -0.007365025114 0.0007726569311 -0.00975429453
v -0.007362262812 -0.004578295629 -0.002236611443
v -0.007361015305 0.00271886983 -0.01769037358
v -0.007360956166 0.003028111532 -0.01859058067
v -0.007360207383 0.001863664598 -0.01195466146
v -0.007358216215 0.001336076064 -0.01299071126
v -0.007356173825 -0.000885193178 -0.01302487496
v -0.0073534986 -0.00136777584 -0.01397959329
v -0.007353366818 -0.001277709729 -0.01233195886
v -0.007351891603 0.00407886412 -0.001871179673
v -0.007349910215 0.005032018293 -0.002538430505
v -0.007348383777 -0.004743524827 -0.002062295331
v -0.007348347455 0.001869042986 -0.01700123027
v -0.007343743928 -0.003702854272 -0.00165070442
v -0.007342713419 0.00498361839 -0.002579332562
v -0.007340720389 0.001876517199 -0.01705995202
v -0.00734003773 0.001897769282 -0.01183884591
v -0.007339788601 0.003714737017 -0.001656772336
v -0.007339180913 -0.004216031637 -0.001565092476
v -0.007338992786 0.005464327522 -0.01095426269
v -0.007336680777 0.005078299437 -0.002496364759
v -0.007336626295 0.004218334798 -0.001565003186
v -0.007336339448 0.002363874577 -0.00119520619
v -0.007335854229 -0.004944996908 -0.0102335019
v -0.007334925234 -0.002362697385 -0.001197330421
v -0.007333854213 -0.001298812917 -0.01140794065
v -0.007333274931 -0.0009242562228 0.0001420022454
v -0.007333274931 0.0009242527885 0.0001420101325
v -0.007331423927 0.004275154788 -0.001607002108
v -0.007331179455 -0.005041014403 -0.01618551463
v -0.007330974098 0.002673093928 -0.01670167595
v -0.007329554763 0.005445564631 -0.01617832109
v -0.007327654865 -0.001310665975 -0.01214660611
v -0.007327605505 0.001647400321 -0.01248065941
v -0.007327209692 -0.001212069532 -0.0125268409
v -0.007321022917 -0.00507539697 -0.01086842641
v -0.007320384961 0.005478414241 -0.01087406091
v -0.007319170516 -0.0007910509012 -0.009966776706
v -0.007318674121 -0.00454390049 -0.002268893644
v -0.007315914612 0.004937860649 -0.002615087898
v -0.00731506804 0.001251484267 -0.0100085251
v -0.007314544171 0.0002376804623 -0.009644498117
v -0.007313995156 0.0006958933664 -0.01266411878
v -0.007313995156 0.0007660001866 -0.009751681238
v -0.007313995156 0.001416679472 -0.01199573558
v -0.007313995156 0.001544294297 -0.0115456339
v -0.007313994691 -0.001141815912 -0.0112701254
v -0.007313994691 0.000681852398 -0.01014649682
v -0.007313994691 0.001897462644 -0.01097772922
v -0.007313994225 -0.001298810588 -0.01117397565
v -0.007313994225 -0.0008310637204 -0.009994895197
v -0.007313994225 -0.0007175930077 -0.01041867025
v -0.007313994225 -0.0002927665191 -0.01015144866
v -0.007313994225 0.0001995058992 -0.0100590568
v -0.007313994225 0.0002021277905 -0.01275675278
v -0.007313994225 0.0007659995463 -0.01306437701
v -0.007313994225 0.001260875491 -0.01001534984
v -0.007313994225 0.001487238915 -0.0125948647
v -0.007313993759 -0.001269377419 -0.01049737632
v -0.007313993759 -0.001013571164 -0.0108199697
v -0.007313993759 -0.0008788008126 -0.0127850296
v -0.007313993759 0.001286132145 -0.01060454827
v -0.007313993294 -0.001298811054 -0.0121411765
v -0.007313993294 -0.001269377768 -0.01231868658
v -0.007313993294 -0.001184228575 -0.01033886429
v -0.007313993294 -0.001184227993 -0.01247720141
v -0.007313993294 -0.001098976238 -0.01177208219
v -0.007313993294 -0.0008813571185 -0.0122148525
v -0.007313993294 -0.0008788018604 -0.01003103331
v -0.007313993294 -0.000514438434 -0.01255279221
v -0.007313993294 -0.0002790341387 -0.01266973
v -0.007313993294 -9.183377551e-05 -0.009682741016
v -0.007313993294 0.000201188217 -0.02340802737
v -0.007313993294 0.0009199544438 -0.01026526187
v -0.007313993294 0.001121571637 -0.01239570789
v -0.007313993294 0.001487237751 -0.01022119913
v -0.007313993294 0.001502830535 -0.01104950998
v -0.007313993294 0.001931536593 -0.01166955195
v -0.007313992828 -0.00129881152 -0.01067488641
v -0.007313992362 -9.183493967e-05 -0.01313332561
v -0.007313992362 0.001897460199 -0.01183833182
v -0.007310947403 0.002656098921 -0.01769017428
v -0.007309634238 0.003751625307 -0.03899007663
v -0.007306468673 -0.002745403908 -0.01853806712
v -0.007306007203 -0.003757218132 -0.03898782283
v -0.007304749452 0.005117699504 -0.002457516035
v -0.007304613478 -0.00188824255 -0.001426435076
v -0.007303357124 0.001898326911 -0.001428001211
v -0.007301362231 -0.002199446782 -0.01673079096
v -0.007299432531 -0.004770152736 -0.002030183095
v -0.007296443917 -0.0003012501693 -0.009717901237
v -0.007295529358 0.004057159182 -0.001893515931
v -0.00729342876 -0.002350410912 -0.0166857522
v -0.007293283474 -0.001308761886 -0.01235129684
v -0.00729327742 0.005516162608 -0.01561527979
v -0.007293255068 0.0007725576288 -0.009740000591
v -0.007293198258 0.001871673623 -0.01196822338
v -0.007289962377 -0.005052486435 -0.01619918458
v -0.007288441062 0.00545700267 -0.01619187556
v -0.007288097404 -0.002591409255 -0.01843797602
v -0.007287028711 -0.005120677873 -0.01129519287
v -0.007286458742 0.002445665654 -0.008586386219
v -0.007284510415 0.001487090602 -0.01022099145
v -0.007284210064 -0.005096187815 -0.01085738745
v -0.007284048945 0.001690206234 -0.01252087299
v -0.007283744868 0.005499201361 -0.01086307783
v -0.00728373928 -0.001254203264 -0.01256856974
v -0.007283113897 0.00195128785 -0.01142288558
v -0.007281506434 -0.003689027391 -0.001655601081
v -0.007278472651 0.006096675061 -0.03729437664
v -0.007278472651 -0.006096676458 -0.03729433194
v -0.00727749709 0.003701003734 -0.001661722548
v -0.0072724903 0.004899514373 -0.002641973086
v -0.007270936854 -0.001298810239 -0.01067488641
v -0.007269799709 0.002857062034 -0.01658654585
v -0.007268389687 -0.001344089978 -0.01215141919
v -0.007267589215 -0.001310420455 -0.01141353231
v -0.007267367095 -0.001184228458 -0.01033886429
v -0.007266973611 -0.002701699501 -0.01847835258
v -0.007266770117 0.001629780047 -0.01039738581
v -0.007266113535 0.004240293521 -0.008615642786
v -0.007263779175 0.001745054615 -0.01256495714
v -0.007263714448 -0.001308097504 -0.01261440478
v -0.007262535393 0.005437389016 -0.01627567783
v -0.00726225879 -0.004520278424 -0.002288789256
v -0.007262004074 0.0009893327951 -0.02340803109
v -0.00726096658 -0.0005947497557 -0.02340803109
v -0.007259543519 -0.001269090921 -0.01049753744
v -0.007259162609 -0.002442765981 -0.01655679941
v -0.00725847017 -0.005408679601 -0.003032767912
v -0.007257983554 -0.005153171252 -0.015336046
v -0.007257460617 -0.005147214048 -0.0155949099
v -0.007257122546 0.005549854133 -0.01558823138
v -0.00725695584 0.005146052688 -0.002425927669
v -0.007254151162 0.003711463418 -0.0182929039
v -0.007253104821 0.003674592357 -0.02669308893
v -0.007252457086 0.001897562644 -0.01097796299
v -0.007251355331 0.0002383622195 -0.009604642168
v -0.007250465453 -0.0053566508 -0.003067702055
v -0.00725043565 0.001871335669 -0.0108853979
v -0.007250115741 -0.0007929478306 -0.00995288603
v -0.007249267772 -0.001358465059 -0.0123747047
v -0.007247737609 -0.002100543585 -0.001510633621
v -0.0072475872 0.002627898473 -0.01765255071
v -0.007246958558 -0.005054300185 -0.01621047966
v -0.007246722467 -0.003290334949 -0.02670677565
v -0.007246649824 -0.005458156578 -0.002995074028
v -0.00724653434 0.001253918745 -0.009995017201
v -0.007245731074 0.002938818652 -0.01663690433
v -0.007245158777 0.005458974279 -0.01620326377
v -0.007243490312 -0.005108484998 -0.01084740739
v -0.007243110333 0.005511381663 -0.01085318346
v -0.007242298219 -0.00219147047 -0.01677016355
v -0.007239678409 0.002272560727 -0.001355107059
v -0.007239659317 -0.005261408165 -0.002568055876
v -0.007238354068 -0.002270806814 -0.001356939087
v -0.007234110963 0.001901311567 -0.01198756043
v -0.007234010845 -0.0003086210636 -0.009679711424
v -0.00723236287 0.004046646878 -0.001900158357
v -0.007232349366 -0.003344612895 -0.01826866716
v -0.007231065072 0.0007812701515 -0.009702410549
v -0.007228869479 -0.005313268397 -0.002633396769
v -0.007227704395 0.003887928557 -0.03893901408
v -0.007226339541 -0.001420354238 -0.01239921991
v -0.007225072943 0.005317853764 -0.002636065707
v -0.007223899942 -0.001395607367 -0.0121550262
v -0.007223531604 -0.005307095591 -0.003096530214
v -0.007221746258 0.0002011894831 -0.02202388272
v -0.007221013308 0.003549914109 -0.001582449535
v -0.007220981643 -0.005167906638 -0.01560305152
v -0.007220818195 0.005570492242 -0.01559631992
v -0.00722077582 -0.003544263309 -0.001583981444
v -0.007220065221 0.0002101665887 -0.01315826271
v -0.007218831684 0.0002011878241 -0.02194879204
v -0.007218647283 0.001962016802 -0.01142910775
v -0.007217439357 0.00357942516 -0.01835596748
v -0.00721655786 -0.005500096828 -0.002958471887
v -0.007216534112 0.004872551188 -0.002657157369
v -0.007216493599 -0.005198878236 -0.01204558369
v -0.007216231897 0.003023841884 -0.01661469787
v -0.007215573918 -0.002190797357 -0.01680102572
v -0.007214866579 0.0004269749916 -0.01263746899
v -0.00721486425 5.455906285e-05 -0.01264940016
v -0.007214715704 0.0003511478426 -0.01016705576
v -0.007214699872 0.0004736231349 -0.01262797881
v -0.007214584388 -2.130980647e-05 -0.01017799415
v -0.007214464713 -0.0009765329305 -0.01098913979
v -0.007214454934 -0.0009597046301 -0.01094453596
v -0.007214426063 -6.799354014e-05 -0.01018736046
v -0.00721401209 0.0008619988221 -0.01246908307
v -0.00721400138 0.0009895972908 -0.01237803511
v -0.007213993929 -0.0002434611379 -0.01257627178
v -0.007213992998 0.000646245142 -0.01023994572
v -0.007213978097 0.000821130292 -0.01249346696
v -0.007213973906 0.0009054790135 -0.0103753265
v -0.007213956676 0.001053369604 -0.01232251711
v -0.007213945035 -0.0005058592069 -0.01243884675
v -0.007213935256 0.001178610255 -0.01062883437
v -0.007213929202 0.001207606168 -0.01066666842
v -0.00721391337 0.001145418617 -0.01222713478
v -0.007213912439 0.001175941434 -0.01219056454
v -0.007213895209 0.001381430891 -0.01099629235
v -0.007213890087 0.00139626849 -0.01104158815
v -0.007213881705 -0.0004568080185 -0.01034523174
v -0.007213878445 0.001363308751 -0.01186844055
v -0.007213877514 0.001435442711 -0.01121025439
v -0.007213875186 -0.0007783128531 -0.0121846078
v -0.007213874254 0.001380014932 -0.01182380412
v -0.007213871926 0.001451188116 -0.0114101693
v -0.007213870995 0.001450197189 -0.01145782042
v -0.007213869598 -0.0005872193724 -0.01043802779
v -0.007213866338 -0.0008072075434 -0.01214670297
v -0.007213861216 -0.0004158579977 -0.01032094471
v -0.007213835139 -0.001033067238 -0.01160581037
v -0.007213830482 -0.0009948648512 -0.01177129243
v -0.00721382536 -0.0009801485576 -0.01181661803
v -0.007213824894 -0.0006494185654 -0.0104920771
v -0.007213782985 -0.001047682832 -0.01135491766
v -0.007213739678 -0.0007714918465 -0.01062292606
v -0.007213733159 -0.001048800885 -0.01140257064
v -0.007213717327 -0.0007408669917 -0.01058642752
v -0.007213333622 0.002523927717 -0.01410773955
v -0.007213236764 0.005604804028 -0.01210133266
v -0.007212930825 -0.0004687595065 0.0002590528748
v -0.007212926634 0.0004687606415 0.0002590595395
v -0.007209704723 -0.003498859238 -0.02755572833
v -0.007208778523 -0.001343187178 -0.01141849812
v -0.00720850192 0.00350114191 -0.02755575255
v -0.007207381073 0.0002394808689 -0.009544249624
v -0.007207377814 -9.246701666e-05 -0.0131333638
v -0.007205475587 0.002600875916 -0.01759174839
v -0.007205358241 -0.001309998217 -0.01068060286
v -0.007201394532 -0.001190382405 -0.01032835059
v -0.007201301865 0.001636542496 -0.01038769726
v -0.007201129105 -0.005111518782 -0.01083906181
v -0.007199198008 -0.001459242078 -0.01215702947
v -0.007199092768 -0.004509675782 -0.002294492209
v -0.007195046637 -0.002139167627 -0.01408127882
v -0.007194440346 -0.001279501244 -0.01049442962
v -0.007193015888 0.006160364952 -0.0334501788
v -0.007193013094 -0.006160369143 -0.03344997391
v -0.007190809585 -0.001994204475 5.254239659e-05
v -0.007190423086 0.002577946987 -0.01751274057
v -0.007190250326 -0.003328942228 -0.01827423647
v -0.007190092932 0.001949033234 -0.01201044209
v -0.007189929951 -0.0003228700953 -0.009622576647
v -0.007189609576 -0.0008085193112 -0.009920384735
v -0.007188393269 0.0002409440203 -0.009471944533
v -0.007188371848 0.003200275125 -0.01756554842
v -0.007188342512 0.0007505503017 -0.01306963433
v -0.007187356707 9.658815543e-05 -0.009474410675
v -0.007187142968 0.005633014254 -0.01416239236
v -0.007186942268 0.0007975379704 -0.009646363556
v -0.007186507806 0.001881582313 -0.01088294387
v -0.007186349016 0.001270754379 -0.009963681921
v -0.007186208386 0.004811581224 -0.001978683053
v -0.007186204661 -0.004811580759 -0.001978690969
v -0.007185749244 -0.002195911482 -0.01686155982
v -0.007185583469 0.005628550891 -0.01204453222
v -0.007185478229 -0.005226390902 -0.01204181556
v -0.007184948772 -0.00513067469 -0.01093511097
v -0.007183515932 -0.005234663375 -0.01401343942
v -0.007183018606 0.006343702786 -0.02637044899
v -0.007181961089 -0.0003300375829 -0.01307485253
v -0.007181688212 -0.00523666013 -0.01296909992
v -0.007180832792 -0.005180446431 -0.01561046112
v -0.00718074711 0.00558288116 -0.01560361404
v -0.007180597633 -0.005265079439 -0.00311633246
v -0.007179540582 -0.002691691974 -0.01659893245
v -0.007178446744 -0.002797993831 -0.01755783148
v -0.007176918443 -0.004725924227 -0.002513262909
v -0.007176672108 -0.002206083853 -0.01691836677
v -0.00717647979 -0.002747977385 -0.008710191585
v -0.007174008526 -0.002648808528 -0.02686271258
v -0.007174007595 0.002851189347 -0.0268627163
v -0.00717253238 -0.006360348314 -0.0263514258
v -0.007171222009 0.003200087463 -0.01706591621
v -0.007170796394 -0.005530137569 -0.002926692134
v -0.007169818506 -0.0003419560671 -0.009554413147
v -0.00716643082 0.0008192030946 -0.009579516016
v -0.007165983319 0.00200913311 -0.01203414053
v -0.007164303679 -0.001393787097 -0.01142225321
v -0.007164185401 0.00565159414 -0.01440977957
v -0.007163485046 -0.005250175949 -0.01441353001
v -0.007162591908 0.005558520555 -0.01577352546
v -0.007161111571 0.001993212616 -0.01143483352
v -0.007160601672 -0.00279767951 -0.01706358045
v -0.007159552071 0.0002946127497 -0.009052747861
v -0.007158068009 -0.005162178073 -0.01575029641
v -0.007154039573 0.003063062206 -0.02690553479
v -0.007154038642 -0.002860683482 -0.02690553665
v -0.007153994404 0.004859531298 -0.002659333637
v -0.007153533865 -0.003515670309 -0.01814478636
v -0.007152731996 0.003182036104 -0.01756301522
v -0.00715249544 0.003529472742 -0.01832371578
v -0.007152086124 0.005571355578 -0.01115725469
v -0.00715147797 0.003200007137 -0.01656635664
v -0.007151251659 0.00566673046 -0.003429658012
v -0.007151191123 -0.003308031475 -0.01827034168
v -0.007149647456 0.005648962222 -0.01204095036
v -0.007149388082 -0.005246797111 -0.01203821227
v -0.007147785742 0.005669348408 -0.01322707813
v -0.007147690747 -0.005267083179 -0.01322746743
v -0.007147186436 -0.001342141302 -0.0106856674
v -0.007145301905 -0.0008360841894 -0.009873088449
v -0.007143860217 0.003196936566 -0.01656722277
v -0.00714305928 0.001660685637 -0.01036635228
v -0.007142941002 -0.001213596319 -0.01030533481
v -0.007142878603 0.00561253028 -0.003460436827
v -0.007142010145 0.001299884054 -0.00991820544
v -0.007140861824 -0.002797577996 -0.01656953059
v -0.007140198257 0.00571824098 -0.003395093838
v -0.007139085792 -0.001456457423 -0.01142438129
v -0.007136523258 -0.001309350599 -0.01048464887
v -0.007135665044 0.004954167176 -0.002771454863
v -0.00713333115 0.0002011888719 -0.02069696039
v -0.007131506689 -0.001906768419 0.0001243622537
v -0.007129274309 0.001910853549 -0.01087449118
v -0.007128369063 0.005671875551 -0.01441194769
v -0.007127515506 -0.00527047785 -0.01441560034
v -0.00712563796 -0.005234863609 -0.003125009825
v -0.007124245632 -2.605755389e-09 0.0003146215749
v -0.007123332005 0.003497985192 -0.001595915295
v -0.007123088464 -0.003492519259 -0.001597604714
v -0.00712237414 -0.0008720711921 -0.009817002341
v -0.007120165043 -0.0002068628819 -0.02070229687
v -0.007118583657 0.001337739523 -0.009864259511
v -0.007117806002 0.003169188974 -0.01706786826
v -0.007116910536 -0.002737640403 -0.01753157936
v -0.007116834167 0.002041475847 -0.01143945195
v -0.007115999702 0.005560839549 -0.003484494053
v -0.007115580607 0.003475365927 -0.01826492697
v -0.007113842759 0.003427666379 -0.01819102094
v -0.007113481406 0.004007882904 -0.01807682961
v -0.00711333612 -0.002756679663 -0.01706534624
v -0.007113039494 -0.0005512970383 -0.009053821675
v -0.007112056017 0.005689541344 -0.01322666742
v -0.007111810613 -0.005287252367 -0.01322706789
v -0.007111171726 0.005761926994 -0.00336023001
v -0.007110200822 0.005661454983 -0.01203769911
v -0.007109859958 -0.005259379279 -0.01203492284
v -0.00710287597 -0.002648810856 -0.0269080326
v -0.007102875505 0.00285118958 -0.02690802887
v -0.007102846168 -0.001391810714 -0.01068953052
v -0.00709877722 0.003241801169 -0.02702404931
v -0.007098776288 -0.003039423143 -0.02702404745
v -0.007098610979 0.001699487097 -0.01033563726
v -0.007098576054 -0.00523025915 -0.01163471676
v -0.007098529022 -0.001251375303 -0.01027230825
v -0.007097338792 0.00642843591 -0.02786463499
v -0.007097332738 -0.006428454071 -0.0278642904
v -0.007097001188 0.001080772141 -0.009054161608
v -0.007095066365 -0.002695520874 -0.01750709303
v -0.007094796747 0.001234229654 -0.01282088552
v -0.007093964145 0.003165493486 -0.01658571884
v -0.007093468215 -0.00275575649 -0.01660368219
v -0.007092641201 -0.0005245338543 -0.02071398497
v -0.007092283573 -0.003057238646 -0.01817220636
v -0.007092055865 -0.00135550322 -0.0104692122
v -0.007091900334 -0.002798848785 -0.02693107352
v -0.007090239786 0.002101563383 -0.0114424834
v -0.007090128958 -0.002565537579 -0.01741454192
v -0.007089987397 0.003119366011 -0.01753652841
v -0.007089097518 0.005684326403 -0.01441392116
v -0.007088171318 -0.005283052102 -0.01441750489
v -0.007087161299 -0.003255872056 -0.01823850162
v -0.00708591938 -0.0008162847371 -0.01283156406
v -0.007085687481 0.003034527181 -0.02694316953
v -0.007084861863 0.001956033055 -0.01086089481
v -0.007083388045 -0.002648985246 -0.01747594401
v -0.007081267424 0.005652300548 -0.01504432037
v -0.007080309559 0.002712382935 -0.0002397049684
v -0.007080306765 -0.002712387824 -0.0002397109492
v -0.00708009582 -0.0006302573602 -0.02071933821
v -0.007078467403 -0.002697305288 -0.0170669537
v -0.007076935843 -0.00145322294 -0.0106917927
v -0.007075734437 -0.002565554576 -0.01706742309
v -0.007074677385 -0.001476464793 -0.02340803482
v -0.007073493209 0.005516876467 -0.003499460872
v -0.007073288783 0.002643562621 -0.001754606026
v -0.007072922308 0.005701975431 -0.0132262921
v -0.007072804961 -0.001299254596 -0.01023311261
v -0.007072589826 -0.005299745593 -0.01322670281
v -0.007072538137 0.001748628449 -0.01029900275
v -0.007070590276 0.003750547068 -0.02755084075
v -0.007070581894 -0.003750556149 -0.02755070291
v -0.007070215885 0.003114379942 -0.01706975698
v -0.007068974432 0.005665569566 -0.01203488372
v -0.00706676254 0.00294684642 -0.01741716638
v -0.007066641934 0.005793292541 -0.0033286002
v -0.007065963466 -0.002623457927 -0.01706767455
v -0.007065532729 -0.001412701211 -0.01044988912
v -0.007065322716 -0.002565599279 -0.01682763174
v -0.007065215148 0.002951896284 -0.01742147841
v -0.007064369973 -0.005219284911 -0.00312195858
v -0.007063721307 -0.002569930861 -0.01682157256
v -0.007061664946 -0.00527143199 -0.01216036733
v -0.00705998065 -0.002932423027 -0.02699624747
v -0.007058068644 0.003027977189 -0.01747902483
v -0.007057600655 0.002012349665 -0.01084362436
v -0.007053740788 -0.002664146945 -0.0167029947
v -0.007053555455 0.002947610803 -0.01707057096
v -0.007051718887 0.000201181334 -0.02036628872
v -0.007050654385 0.005685703829 -0.01448327396
v -0.007050193846 -0.003198909573 -0.0181818381
v -0.00704783434 0.003105424577 -0.01664103381
v -0.00704588322 0.003049714956 -0.01707075909
v -0.007045773789 0.002977447119 -0.01707084104
v -0.007044964004 -0.00317199342 -0.01814690977
v -0.007043878548 0.002947943052 -0.01683199592
v -0.007043395191 -0.005291507114 -0.01429111883
v -0.007043319754 0.001394693158 -0.009055252187
v -0.007042131852 0.002952431329 -0.01682586223
v -0.007037917152 0.005699916743 -0.01280658878
v -0.007037798408 -0.005859196186 -0.003444394097
v -0.007037106436 0.003193497425 -0.02704356983
v -0.007032708731 0.003599279094 -0.01807213761
v -0.007032251917 -0.001040404197 -0.009055467322
v -0.007032027934 0.005706233438 -0.01323073916
v -0.007031727582 -0.003002722049 -0.02705483325
v -0.007029333152 0.003027892904 -0.01672906429
v -0.007028090768 -0.001016214141 0.0003783193533
v -0.007028085645 0.001016215538 0.0003783153079
v -0.00702555757 0.003115102649 -0.008910038508
v -0.007019274402 0.005485062953 -0.003503699321
v -0.007017909084 -0.004138097167 -0.00891187042
v -0.007016374264 0.003359433496 -0.02720076218
v -0.007016371004 -0.003157055005 -0.02720076591
v -0.007013321854 0.001488135662 -0.01259435527
v -0.007009787951 -0.003043617588 -0.02710122988
v -0.007001384627 0.000211129809 -0.01320413314
v -0.006990654394 0.001587898587 -0.02075973526
v -0.006988424342 0.0002011778706 -0.0202444084
v -0.006986423396 -0.003422740847 -0.0007095943438
v -0.006986420602 0.00342274271 -0.0007095921901
v -0.00698107481 -0.003080365714 -0.0154721532
v -0.006980124861 0.00167051109 0.0002934153017
v -0.006978590507 0.003267206717 -0.01423777267
v -0.00697418442 -0.005978843197 -0.004010356031
v -0.006973701995 0.0007457843167 -0.01311805844
v -0.006967704277 -0.0003242008388 -0.01312356535
v -0.006967504974 -0.002884908812 -0.01420813147
v -0.006966253277 0.001697874861 -0.02077017911
v -0.006965430919 -0.005922405049 -0.004035855643
v -0.006963975728 -0.006032675505 -0.003979926463
v -0.006963659544 0.003372582607 -0.001684496878
v -0.006963422988 -0.003367551137 -0.001686336705
v -0.00696295267 0.003304662881 -0.02719882317
v -0.006961110979 -0.001269375905 -0.01231868472
v -0.006961108651 -0.001298812102 -0.01214117371
v -0.006961108651 -0.001184229041 -0.01247719768
v -0.006960500497 0.001614423702 -0.01244045515
v -0.006958923768 0.005468356889 -0.003497052472
v -0.006957402918 -0.001359918504 -0.009056981653
v -0.006955944467 0.003688008292 -0.01673556305
v -0.006955780555 0.004318457097 -0.001387831755
v -0.006955778692 -0.004318455234 -0.00138784165
v -0.006955373101 -0.003273709444 -0.01670255698
v -0.0069471756 -0.000530543155 -0.02026185952
v -0.006941324566 -0.003121706657 -0.02724564262
v -0.006938653998 -0.005868711974 -0.004054059274
v -0.006936156191 -0.006078589708 -0.003947654273
v -0.006924421992 -0.003963197581 -0.01777497306
v -0.006919722538 -0.003198810387 -0.02740803547
v -0.006919721607 0.00340118818 -0.02740803175
v -0.006917094346 0.001914113178 -0.009057808667
v -0.006917094346 0.003348810365 -0.009057805873
v -0.006914408877 0.004672611132 -0.009060117416
v -0.006912894547 0.0002326113317 -0.009658142924
v -0.006910959724 0.004531953949 -0.02742682397
v -0.006910874508 -0.003358876333 -0.009057935327
v -0.006910873111 -0.001527599175 -0.009057935327
v -0.006909869611 0.003401190508 -0.02742916159
v -0.00690986868 -0.003198810853 -0.02742916346
v -0.006909756921 0.002366237342 -0.02340802923
v -0.006907276344 0.004485803656 -0.002277129563
v -0.006901849527 -9.23451953e-05 -0.009682795964
v -0.006896706764 -0.005823132582 -0.004063165281
v -0.00689305691 -0.006111917552 -0.003916707356
v -0.006891362835 -0.005601049401 -0.003727522446
v -0.006891047582 0.001230647205 -0.01287382934
v -0.006889779586 -0.001192948897 -0.01247269753
v -0.006886450108 0.004705229774 -0.009098923765
v -0.00688501168 -0.004524602555 -0.002320451196
v -0.006882295478 -0.000812788785 -0.01288446225
v -0.00688092038 -0.006797258276 -0.02582506835
v -0.006880322006 -0.0003098942689 -0.009734574705
v -0.006880042143 0.006798459217 -0.0258266665
v -0.006878639571 0.003124834271 -0.00202866341
v -0.006876901258 -0.004204827826 -0.02749986202
v -0.0068763569 0.003239553887 -0.001838850323
v -0.006876154803 -0.003235035343 -0.001840662677
v -0.006874408107 -0.003148363903 -0.0273869019
v -0.006874407642 0.003350741463 -0.02738690376
v -0.006874293555 0.0007708093617 -0.009753453545
v -0.006873466074 0.006812092382 -0.02490695938
v -0.006871057209 -0.001641160343 -0.02080823109
v -0.006868383847 -0.006814594381 -0.02445301972
v -0.006867400836 -0.004081199411 -0.02752023749
v -0.00686725881 0.004081430379 -0.02752053924
v -0.006864553317 0.003351189895 -0.02740802988
v -0.006864552386 -0.003148811869 -0.02740803361
v -0.006861017551 0.002078286139 0.0002217308793
v -0.006861014757 -0.002078288933 0.0002217277361
v -0.006853924133 0.0002011661418 -0.0200689137
v -0.006853723899 -0.0005325482925 0.0005187176284
v -0.00685372157 0.0005325478269 0.0005187134375
v -0.006851232611 0.002873312915 -0.01155720744
v -0.00684844749 0.002518482041 -0.02340802923
v -0.006845403463 -0.002123354468 -0.02340802923
v -0.006844754796 0.001599736279 -0.02030773833
v -0.0068433946 -0.005790202878 -0.004062172025
v -0.006839336827 0.006813246291 -0.02321920544
v -0.006839319598 -0.00250166771 -0.01154340152
v -0.006838195026 -0.004459841643 -0.03868720308
v -0.006827053614 -0.001189283677 -0.01249777898
v -0.006826040335 -0.001255692681 -0.020313913
v -0.006818414666 0.000212807965 -0.01333267987
v -0.006817565765 0.001861000783 -0.01196313277
v -0.006814546417 0.0001511900628 -0.01591871493
v -0.006814047694 0.0001060842114 -0.01591892727
v -0.006813289598 0.006828029174 -0.03867056221
v -0.006805852987 -0.003278911114 -0.00213866448
v -0.006802402437 0.00447908463 -0.01765840873
v -0.006801503245 0.00620652549 -0.004505355377
v -0.006797871552 0.0001511896116 -0.01617792621
v -0.006797032431 -0.0007995862397 -0.00997270178
v -0.006796895526 -0.006789927837 -0.02212159149
v -0.006796008907 0.006791146006 -0.02212193422
v -0.006793050561 0.0007696945104 -0.01324182097
v -0.006792670116 0.006148683373 -0.004527220037
v -0.006791548338 0.006261945236 -0.004478025716
v -0.006789604668 0.001251798123 -0.01000859588
v -0.006787293125 -0.0003452051023 -0.01324759796
v -0.006786907557 0.001897284761 -0.01183919236
v -0.006784154568 -0.005772934761 -0.004051399883
v -0.006779523566 0.0001011891654 -0.01625279896
v -0.006777903065 0.004479206633 -0.002294455422
v -0.006775275804 -0.003686585464 -0.01766975038
v -0.006774611771 -0.00447956007 -0.002299627755
v -0.006774131674 -0.001945942175 -0.0208491236
v -0.006772961002 -0.001174493926 -0.01254926343
v -0.00677100895 0.00162007811 -0.01249269675
v -0.006765997503 0.006093895528 -0.004541574977
v -0.006764126942 0.006309490185 -0.004447979853
v -0.006761170458 0.004454140086 -0.0176587496
v -0.006758167408 0.002453877823 -0.009292908944
v -0.006756328978 -0.004450226668 -0.009287810884
v -0.006755605806 -0.003652384039 -0.009061173536
v -0.006755602546 0.003654765664 -0.009061175399
v -0.006749890279 -0.006913071498 -0.03862787783
v -0.00674964115 -0.004769939464 -0.002571616555
v -0.006748514716 0.005821459461 -0.004144969862
v -0.006747491192 -0.001162778935 -0.01258526929
v -0.006742812227 0.004583498463 -0.03862308711
v -0.006736706477 0.001486732159 -0.01022099238
v -0.006734102964 -0.002058167011 -0.02086595632
v -0.00672770571 -0.001232515555 0.0005245655193
v -0.006724771578 0.004423752427 -0.01765013672
v -0.006724308245 0.006047627889 -0.004547026474
v -0.006722880062 -0.004218578339 -0.01752443239
v -0.006721528713 0.006344338413 -0.004418176133
v -0.006718871184 -0.002161309123 -0.009347455576
v -0.006716795266 0.001275373739 -0.01298359502
v -0.006710973568 0.0002321815991 -0.009619731456
v -0.006710690912 0.001437896513 -0.01625707559
v -0.006709737703 -0.001269377535 -0.01049737446
v -0.006709737238 -0.001184228808 -0.0103388615
v -0.006709736772 -0.001298811636 -0.01067488454
v -0.006708116271 -0.0008557668771 -0.01299454272
v -0.006707652006 0.001951021142 -0.01142877433
v -0.00670715142 -0.001223084051 -0.01251056232
v -0.00670515839 0.006063069217 -0.003421060508
v -0.006705157459 -0.006063072477 -0.003421060275
v -0.006704652216 -0.004340292886 -0.01740766317
v -0.006704200059 0.001630990067 -0.0103992112
v -0.006702206563 0.0002144297614 -0.01352349389
v -0.006700889207 0.0001511891605 -0.01421382651
v -0.006700765342 0.002621375956 -0.009384545498
v -0.006700228434 -0.0012157741 -0.01596992649
v -0.006699394435 0.0001011877466 -0.01417163387
v -0.006695404183 0.004389646463 -0.01763300784
v -0.006695333403 0.00637636194 -0.004494257737
v -0.006693558767 0.004738512449 -0.01741245762
v -0.006687819958 0.001158346655 0.0005551223876
v -0.006686517503 -0.001186215435 -0.01034062449
v -0.0066845119 0.0002135242103 -0.01395950187
v -0.006683435757 -0.0003043746692 -0.009694177657
v -0.006683049258 0.0001554335031 -0.01393346116
v -0.006682068575 -0.004193298053 -0.01752428152
v -0.006680996157 -0.006706990767 -0.02017602511
v -0.006680271123 0.001805239823 -0.01597885415
v -0.006680270657 -0.006708157249 -0.02017760836
v -0.006679252256 -0.006709277164 -0.02017606422
v -0.00667925179 0.00670927763 -0.02017606422
v -0.006678747013 0.0007655660738 -0.009712969884
v -0.006678482052 -0.006679120008 -0.0201390963
v -0.006678418722 0.006679121871 -0.0201361049
v -0.006676950492 -0.001190413604 -0.01626677625
v -0.006676677614 -0.006640200038 -0.02008895017
v -0.006676415913 0.00669426797 -0.02004002407
v -0.006676415913 -0.006694270764 -0.02004004642
v -0.00667612534 0.0008182093152 -0.01342181768
v -0.006674625445 0.004416557029 -0.002296360908
v -0.006673881784 0.004256439861 -0.01750535145
v -0.006673567928 -0.006679120474 -0.01990337111
v -0.006673566531 0.006679120939 -0.01990337297
v -0.006672008894 0.0003653859312 -0.01377824135
v -0.006671685725 -0.004434265196 -0.02745600976
v -0.006671397481 0.006014472805 -0.004542907234
v -0.006671248004 0.0002156583942 -0.01374503132
v -0.006671097595 -0.004416996613 -0.002300998196
v -0.006670732517 0.0003076363355 -0.01374213491
v -0.006670366973 -0.0003905172343 -0.01342795603
v -0.006670249626 -0.001298810821 -0.01220743172
v -0.006669578608 0.0001075863256 -0.01374241617
v -0.006667140871 0.001872486318 -0.01088916976
v -0.006666021422 -0.003588791937 -0.01434968505
v -0.006664272398 0.0005627966602 -0.01362878736
v -0.006663905457 0.004318284802 -0.01757763885
v -0.006660887972 0.003963863011 -0.01437969226
v -0.006658988073 0.0006046896451 -0.01367235929
v -0.006657870021 0.002281691413 -0.02038752846
v -0.006654434372 0.000725010992 -0.01359620597
v -0.00665383134 -0.001264710329 -0.01244076714
v -0.006653589197 -0.004565841053 -0.009455498308
v -0.006653205492 0.0002011569159 -0.01990822516
v -0.006650428753 -0.001076384913 -0.01281948388
v -0.006641862914 0.004951548763 -0.002782913158
v -0.006641734391 0.001879146905 -0.01200415846
v -0.00664117327 -0.003821129445 -0.01563268714
v -0.006636480335 0.0001011878339 -0.01655651629
v -0.006634943187 -0.0004529444559 -0.01363581978
v -0.006633203477 0.006537299138 -0.01845207065
v -0.00663050171 0.004213732667 -0.01566364989
v -0.006624587346 -0.001962722512 -0.02039996348
v -0.006621140987 0.003651116043 -0.002426913707
v -0.006619093008 0.006361751817 -0.01977078058
v -0.006617788225 0.00108036201 -0.0135333715
v -0.00661771046 -0.004127795808 -0.0174978748
v -0.006616625935 -0.001183369895 -0.01032444555
v -0.006612968631 -0.000510070473 -0.01992556639
v -0.006612626836 0.00599744916 -0.00452986639
v -0.006612285972 -0.0007984914118 -0.009931956418
v -0.00660752086 -0.006330676842 -0.01974208839
v -0.006606584881 0.001252119895 -0.009968595579
v -0.006606363226 -0.00367139373 -0.002452812158
v -0.006605434697 0.001681870897 -0.01257946249
v -0.006603457499 -0.00111235911 -0.01284103841
v -0.006603100337 -0.006472893525 -0.01755439863
v -0.006602820475 0.001184150344 -0.01343195885
v -0.006601154804 0.005025437567 -0.009546713904
v -0.00660009915 0.0001511894952 -0.01660590619
v -0.006600004155 -0.0009829382179 -0.0130515676
v -0.006599243265 0.006310356781 -0.01971958578
v -0.00659830682 0.001361726434 -0.01313470118
v -0.006596666761 0.001405335381 -0.0165366102
v -0.006589635741 -0.0009400147828 -0.01314647496
v -0.006587446667 -0.0008155709365 -0.01347480342
v -0.006585585885 -0.004055514932 -0.01744427532
v -0.00658511417 -0.0009318796801 -0.01317686308
v -0.006585065275 -0.004021763336 -0.01741014607
v -0.006583569571 0.001316025155 -0.01341978274
v -0.006577024702 -0.004648494069 -0.009589344263
v -0.006574300583 -0.006597429048 -0.02003774419
v -0.006572992075 0.006598246284 -0.02003597282
v -0.006572623737 0.0002011586766 -0.01986448839
v -0.006569848396 0.005058522336 -0.009602448903
v -0.006568889134 0.003488057293 -0.01160421595
v -0.006564202718 -0.001151725417 -0.01654846966
v -0.006562753115 0.002292454243 0.0002679872268
v -0.006562747993 -0.002292455407 0.0002679787576
v -0.006562651135 -0.00115956692 -0.01281764358
v -0.006562104914 0.00141824712 -0.01330045797
v -0.006561159156 0.006413733121 -0.01623148471
v -0.006561016664 -0.006413590629 -0.01622652262
v -0.006558224093 -0.004044153262 -0.01686725579
v -0.006556214299 0.003003038233 -0.00963475462
v -0.006555392873 0.002363825683 -0.0160313528
v -0.006555162836 0.006398211699 -0.01615536027
v -0.006553434301 -0.0009659065399 -0.01327611879
v -0.006552294828 -0.006390063092 -0.01613398828
v -0.0065516904 -0.001009176485 -0.01316909399
v -0.006551632658 0.004866907839 -0.01726528816
v -0.006543715019 -0.003168074647 -0.0002519693226
v -0.006543714553 0.003168075345 -0.000251973921
v -0.006543256808 0.002915082499 -0.02094617672
v -0.006542921998 -0.00154645904 -0.01455281582
v -0.006540756673 0.001977308653 -0.01144767366
v -0.006540211383 0.006354937796 -0.01609737426
v -0.006540154107 0.006351666991 -0.01614871249
v -0.00653935317 0.004452991765 -0.01689984649
v -0.006537009031 0.000233468294 -0.009510084987
v -0.006534308661 -0.006339183543 -0.01608034223
v -0.006533434615 -0.001043386641 -0.01315893419
v -0.006532793399 0.00164450868 -0.01036993973
v -0.006531581283 0.006331678946 -0.01608127914
v -0.006522877607 -0.001157005318 -0.01024673413
v -0.006519093178 -0.001155354083 -0.01024215389
v -0.006516888738 -0.001102064154 -0.01305889804
v -0.00651558442 0.003868607339 -0.0007919128402
v -0.006515162997 0.006290988997 -0.01606601663
v -0.006514586508 0.006492988206 -0.004487590864
v -0.006514585577 -0.006492991 -0.004487592261
v -0.006513484754 0.001560882432 -0.01996985823
v -0.006512631662 -0.0003205703106 -0.009589183144
v -0.006512270309 0.004254255444 -0.002365489257
v -0.006512227003 -0.001117744483 -0.01302991062
v -0.006509399507 0.004839830566 -0.01726836152
v -0.006508744322 0.0007846123772 -0.009609431028
v -0.006508487742 -0.004254258238 -0.002369311173
v -0.006507308222 -0.00627321424 -0.01605817117
v -0.006503393408 0.004518858623 -0.01723795384
v -0.006503128447 0.00501675671 -0.01709386334
v -0.006501819007 0.001897088368 -0.01088159066
v -0.006501276046 -0.00273644831 -0.009730046615
v -0.006497714203 0.001724657021 -0.0131311221
v -0.006496344693 -0.00388644007 -0.0007962582749
v -0.006495757494 0.006120865233 -0.01954644546
v -0.006495045498 -0.001215018798 -0.01997682638
v -0.006485587452 0.001791864401 -0.01269003656
v -0.006484765094 0.001952089136 -0.01205953769
v -0.006480515003 0.0007413130952 0.0006896353443
v -0.006478817202 -0.001298811985 -0.01063399389
v -0.006478434429 0.004554814659 -0.01719832979
v -0.006477415562 -0.004692596383 -0.01698697545
v -0.006476362236 -0.00121668342 -0.01031149458
v -0.006474159658 0.006205072626 -0.01607138105
v -0.006473915651 -0.0012292217 -0.01277565584
v -0.006472559646 0.004806193057 -0.01726220548
v -0.006471240893 -0.004614762962 -0.01708372682
v -0.006471229717 -0.001235757489 -0.01275604405
v -0.006470224354 0.001801402774 -0.01298974454
v -0.006469246 0.003920232411 -0.002686231164
v -0.006466371007 -0.003918184899 -0.002689277986
v -0.0064647533 -0.006184504833 -0.01616654359
v -0.006464377977 0.006187100895 -0.0160778705
v -0.006460364442 -0.006576766726 -0.005516081583
v -0.006459997501 -0.006179500371 -0.01607581787
v -0.006458420306 -0.001263836748 -0.01265815552
v -0.006455931813 -0.004651344381 -0.02740177512
v -0.006451592315 0.006162225269 -0.01616195031
v -0.006451496854 -0.006517051253 -0.005532484967
v -0.006450972985 0.003100009169 -0.02098362334
v -0.006450397428 -0.00663457904 -0.005494004115
v -0.006449199747 -0.0008341982611 -0.009842920117
v -0.006448022556 -0.006057107821 -0.0194955375
v -0.006447592285 0.001900820294 -0.01295762882
v -0.006446931977 0.007301811595 -0.03841735795
v -0.006445084233 0.004939511884 -0.0384160392
v -0.006444553845 0.001290707849 -0.009882350452
v -0.006443703081 -0.007305992767 -0.03841505572
v -0.006443538237 0.004768074024 -0.01724713668
v -0.006442213897 -0.004943320528 -0.03841399029
v -0.006440442987 0.003992139362 -0.002593770158
v -0.006439711899 -0.001377389766 -0.0127037894
v -0.006438116077 0.004075062461 -0.002506199758
v -0.006437155884 -0.003990619909 -0.002596943639
v -0.006434528623 -0.004074109718 -0.002509518526
v -0.006433753762 -0.005279167555 -0.003215357894
v -0.00643349858 -0.001297997311 -0.01242602989
v -0.0064305407 -0.001298798481 -0.01239104476
v -0.006430518348 -0.002932685893 -0.02340803482
v -0.006430137902 -0.001298810355 -0.01238604542
v -0.006428423338 -0.004588062409 -0.01708669215
v -0.006428375375 -0.004251128994 -0.01708702371
v -0.006427509245 -0.001261779573 -0.0103878919
v -0.006426293869 0.001935827895 -0.01281033084
v -0.006424757652 -0.00646107411 -0.00554168364
v -0.006424671039 -0.004718239419 -0.0284696687
v -0.006424590014 0.004718344659 -0.02846984752
v -0.006423976272 -0.001298812334 -0.01230942085
v -0.006423947867 -0.006120352075 -0.016118275
v -0.006422922947 -0.006684768945 -0.005468504503
v -0.006416673772 0.006109189708 -0.01613533683
v -0.006416326854 0.001972685102 -0.01279522385
v -0.006415888667 0.0002359054051 -0.009344005957
v -0.006415460724 0.00468809437 -0.0171946194
v -0.006413993891 -0.003148810007 -0.02740803361
v -0.006413993426 -0.003110750346 -0.02721668966
v -0.006413993426 -0.002840152709 -0.02694609389
v -0.006413993426 -0.002648810623 -0.02690803073
v -0.006413993426 0.003204742679 -0.02705447562
v -0.006413993426 0.003284201259 -0.02715802938
v -0.00641399296 -0.003002364887 -0.02705447748
v -0.00641399296 0.003101188689 -0.0269750189
v -0.00641399296 0.003351188963 -0.02740802988
v -0.006413992029 0.002851187717 -0.0269080326
v -0.006413532421 0.002733540488 -0.01638372242
v -0.006411047187 0.002010821598 -0.01282761898
v -0.00640842272 0.005048890598 -0.02726066485
v -0.006404589396 0.0001011884669 -0.01679336466
v -0.006403908134 -0.006090699695 -0.01615333743
v -0.006403868087 0.001364836353 -0.01676784828
v -0.00640110299 1.575177348e-10 0.0007463677321
v -0.006392512936 0.006074508186 -0.01618415304
v -0.006392456591 -0.006074580364 -0.01617874764
v -0.006391870789 -0.004553723615 -0.0170807112
v -0.006391281262 -0.0003569055407 -0.009433060884
v -0.00639028009 0.002935964847 -0.0204995703
v -0.006389553193 0.002053628676 -0.01146529242
v -0.006388274487 -0.001064667711 -0.01000429597
v -0.006387295667 0.0008252647822 -0.009456059895
v -0.006386849098 -0.006249290891 -0.005178421736
v -0.006382974796 -0.006414447911 -0.005542801227
v -0.006380457431 0.005354530178 -0.003332338063
v -0.006380241364 -0.006722248159 -0.005442052148
v -0.006378386635 0.001701811678 -0.01031176187
v -0.006371539086 -0.001103588031 -0.01678149216
v -0.006370723248 -0.003042673459 -0.009994048625
v -0.006370155606 0.00604425557 -0.0162582472
v -0.006369988434 -0.006044176407 -0.01625327393
v -0.006364313886 0.002071890049 -0.01212344132
v -0.006364125758 -0.004851600621 -0.01672735997
v -0.006364085712 0.002111130161 -0.01259741001
v -0.006364055444 0.000239119152 -0.009144851938
v -0.006363071967 -0.004514267202 -0.01706684008
v -0.006362664979 0.0001111267557 -0.009146804921
v -0.006359738763 -0.002555246698 -0.01611498557
v -0.006359105464 0.0003835758253 -0.009124935605
v -0.006358557381 0.0003397536639 -0.009097758681
v -0.006358080078 0.0004736449919 -0.009164985269
v -0.006357474253 0.0003021363809 -0.009069475345
v -0.006354508456 0.0005632340326 -0.009187432937
v -0.006354239304 0.0004111464659 -0.009069540538
v -0.006353474222 -0.001298810705 -0.01145805512
v -0.006353017874 0.0005044465652 -0.009115839377
v -0.006351548713 0.001967970049 -0.0108595863
v -0.00634845905 0.0006046951748 -0.009143701755
v -0.006347591523 0.007361150812 -0.0371247828
v -0.00634758966 -0.007361152675 -0.03712473437
v -0.006345529575 0.005277372897 -0.01004828978
v -0.006344652269 -0.002503534313 -0.01641016081
v -0.006343831774 0.0007213313365 -0.009218979627
v -0.006342469715 -0.0002046579903 -0.009069888853
v -0.006342452019 -0.002639903454 -0.0205193162
v -0.006338110194 -0.004390358925 -0.0169885736
v -0.006336406339 0.002198270988 -0.0125489356
v -0.006335159764 -0.0004085250548 -0.009246787056
v -0.006334698293 -0.004430070054 -0.01701970957
v -0.006331881974 0.002222788287 -0.02004852146
v -0.006331593264 -0.006772343069 -0.017190855
v -0.006331592333 0.006772342138 -0.01719085872
v -0.006329958793 0.0008821035735 -0.009273230098
v -0.006329955533 -0.006381811574 -0.005535614211
v -0.006327543408 -0.0009031922091 -0.00971561484
v -0.006327317096 0.003528359579 -0.01009892114
v -0.006326385308 0.006187663879 -0.02653746493
v -0.006326293573 -0.006185370497 -0.02653747052
v -0.006322848145 0.00136297883 -0.00975954812
v -0.006322574802 -0.0003772607597 0.0007667865139
v -0.006321048364 0.0009260961669 -0.009225256741
v -0.006319501903 0.0009731965256 -0.009294618852
v -0.006319468841 0.005300356075 -0.01010589395
v -0.006318659522 -0.0009731393657 -0.009773203172
v -0.006317262072 -0.001162481843 -0.010056247
v -0.006316597108 -0.002959903795 -0.02103915252
v -0.006316093262 0.005232634023 -0.003185837064
v -0.006316036917 -0.001386023127 0.0006574716535
v -0.006316035986 0.001386025222 0.0006574605941
v -0.006314553786 -0.004823332187 -0.02734869532
v -0.006314382423 -0.005235536024 -0.003184943693
v -0.006310111843 0.002658028156 -0.01666085981
v -0.006308451761 -0.005915576592 -0.01938571781
v -0.006306651514 -0.005091547035 -0.03831591085
v -0.006305919494 0.005967382807 -0.01654404961
v -0.006305243354 0.002240494126 -0.01235867944
v -0.006302529946 0.006797244772 -0.005673374049
v -0.00630196929 -0.004913031124 -0.01014515013
v -0.006300520618 -0.004186749458 -0.002989506582
v -0.006299393717 0.005205811467 -0.01679791138
v -0.006299139466 -0.001901798416 -0.02006170712
v -0.006297933403 0.006729309913 -0.006014150567
v -0.006295684725 0.001182884327 -0.009418780915
v -0.006293072831 0.002225378994 -0.01218898501
v -0.006289882585 0.005289321765 -0.01665259525
v -0.006289152429 0.001179649378 -0.009326539934
v -0.006289059296 0.006669018418 -0.006028599106
v -0.006289007142 0.001208600355 -0.009396160021
v -0.00628789328 0.006787925959 -0.005994130857
v -0.006286918651 -0.004234119784 -0.01449568942
v -0.00628366787 -0.006206152961 -0.02651938237
v -0.006282731425 -0.0008528675535 -0.009462769143
v -0.006278828252 0.002314443467 -0.01231585909
v -0.006274425425 0.005888408981 -0.01936393604
v -0.006272227038 -0.001298811287 -0.0105220126
v -0.006271103397 -0.006366122514 -0.005521006417
v -0.006270852406 0.001169863972 -0.009071279317
v -0.006270786747 0.007419933565 -0.03334412724
v -0.006270783022 -0.007419938687 -0.03334393725
v -0.00626934832 -0.005114992615 -0.001755599631
v -0.006269347388 0.005114992149 -0.001755607664
v -0.006269000936 0.002172648674 -0.0114800455
v -0.00626471499 0.003222758183 -0.01614739373
v -0.006264382973 -0.001054661232 -0.009759014472
v -0.006262446754 -0.004946075846 -0.01023608167
v -0.00626221858 0.006612764671 -0.006036153995
v -0.006260990165 -0.002594820922 -0.01474415883
v -0.006260267459 0.006839059759 -0.005970621482
v -0.006259893533 -0.001111420337 -0.009860133752
v -0.006259087939 -0.001279039891 -0.01031801477
v -0.006257009692 0.001797074568 -0.01023035869
v -0.006256925408 0.004595699254 -0.01452355832
v -0.006256623194 -0.001163218403 -0.009965036996
v -0.006255181972 0.00146046211 -0.009614532813
v -0.006254998036 -0.001233972027 -0.01014448795
v -0.006254041102 0.005178153981 -0.01680496149
v -0.006252861582 0.005914939567 -0.01675500534
v -0.006252372637 -0.005914596375 -0.01675110683
v -0.006250247825 -0.005918786861 -0.002741497476
v -0.006250246894 0.005918791518 -0.002741491655
v -0.006246025674 -0.006851998623 -0.005865257233
v -0.006244911347 -0.004924925976 -0.01655562781
v -0.006243010517 -0.002423959784 -0.01668861322
v -0.006241510622 0.005966739263 -0.00281111896
v -0.006241434719 0.006855178159 -0.005868157838
v -0.006239828654 0.004110541195 -0.0008509542677
v -0.006232569925 0.000201166913 -0.01976841316
v -0.006232336629 -0.003685815027 -0.01163074654
v -0.006230736617 0.00207852805 -0.01082515437
v -0.006227769889 -0.006747710519 -0.01572993025
v -0.006227390841 -0.0009697846253 -0.009072426707
v -0.006227069534 0.006748881657 -0.01573431492
v -0.006222083699 -0.004532488529 -0.01667667739
v -0.006220497191 0.0001511869341 -0.0169001352
v -0.006220266223 0.006566181313 -0.006036093924
v -0.006220249925 0.0001012049179 -0.0169002451
v -0.006219545845 0.001625672565 -0.00966637861
v -0.006219382398 -0.006688628811 -0.01568988711
v -0.006218314171 0.006689373869 -0.01569359377
v -0.006217734888 0.001607257873 -0.009587878361
v -0.006217374932 0.006877519656 -0.005945873447
v -0.006216558628 0.004055184778 -0.01165203378
v -0.006215792615 -0.005585749634 -0.003709518816
v -0.006215447094 -0.004493015353 -0.0157992132
v -0.006215299945 0.005141140427 -0.01680355147
v -0.006212653127 -0.006799675059 -0.01578187756
v -0.006212146953 0.006800558418 -0.0157866627
v -0.006211975124 3.844660812e-09 0.0008063069545
v -0.006210999563 -0.00584355928 -0.01933422871
v -0.006207970437 0.003145184368 -0.01479006838
v -0.006207239348 0.00239826506 -0.01189316623
v -0.006206362974 0.007307200693 -0.02034280077
v -0.006206360646 -0.007307201158 -0.02034280635
v -0.006205284037 0.005164342001 -0.003177116625
v -0.006205077283 -0.006810449064 -0.0157959573
v -0.006204721518 0.006811138242 -0.01580068097
v -0.006203504279 -0.005167013034 -0.003175848629
v -0.006201357115 0.007622935809 -0.02784843743
v -0.00620135339 -0.007622951642 -0.02784809284
v -0.006200154778 -0.004683951847 -0.001312340726
v -0.006200151984 0.004683953244 -0.001312344568
v -0.006199493073 0.0002011705801 -0.01976575516
v -0.006198957097 -0.004898163956 -0.01656132378
v -0.006194422487 0.003691378981 -0.02340802737
v -0.006192704663 0.004919921514 -0.01669180579
v -0.006190251559 0.002322900575 -0.01149059366
v -0.006190143526 -0.002320001833 -0.01284134947
v -0.006189223845 0.001785526867 -0.009810416028
v -0.006188319065 -0.006625768729 -0.01566374488
v -0.006186932791 0.006626676302 -0.01566739939
v -0.00618608715 0.005097375251 -0.01679368131
v -0.006184472237 0.001778370235 -0.009733964689
v -0.006183029152 0.005219060928 -0.03822424635
v -0.006182017736 0.006187663414 -0.0196118746
v -0.006181927398 -0.0061853691 -0.01961187087
v -0.006181202829 0.007559725549 -0.02236033045
v -0.006180752534 -0.00459171785 -0.001221933868
v -0.006180751603 0.004591722041 -0.001221932238
v -0.006180504803 0.001920637325 -0.01013400219
v -0.006179883145 0.002459728625 -0.0118427733
v -0.006179415155 0.007677107118 -0.02488693967
v -0.00617941469 -0.007677104324 -0.02488652803
v -0.006177521311 0.004872659221 -0.01582559757
v -0.006171870045 0.00495795859 -0.01672324166
v -0.006171390414 -0.005078205839 -0.01612386294
v -0.006168412976 0.005049939267 -0.01677607186
v -0.006167030428 0.006533924025 -0.006028307136
v -0.006163511425 0.005002341699 -0.0167520456
v -0.006163394544 0.003367961384 -0.01648518629
v -0.006161203608 0.00244192523 -0.01161199436
v -0.006161139347 -0.005841779988 -0.01707258821
v -0.006160663441 -0.004860918503 -0.01655963995
v -0.00615714537 -0.007587156724 -0.02236965857
v -0.006153973285 0.003883990459 -0.01051583141
v -0.006153082009 0.001972364262 -0.01002042647
v -0.006151262205 0.001320361276 -0.01693069562
v -0.006150201429 0.002218449488 -0.01078155171
v -0.0061459383 0.005437178537 -0.01627174951
v -0.00614577299 0.00284007797 -0.01287523378
v -0.006140308455 -0.007670558989 -0.03819205239
v -0.006140183192 0.006208444946 -0.01963171922
v -0.006139595527 -0.006352357566 -0.003450155491
v -0.006139593199 0.006352357566 -0.003450157586
v -0.00613846723 -0.006570395548 -0.01565743238
v -0.006137638818 0.002010541735 -0.009988089092
v -0.006136905402 0.006571440492 -0.01566119306
v -0.006132249255 0.002497307956 -0.01154159196
v -0.006131652277 -0.004816395696 -0.01655134372
v -0.006130001042 0.002096965211 -0.01019619871
v -0.006129222922 0.002563891467 -0.01688831486
v -0.006123486441 -0.003575289389 -0.01058112364
v -0.006119256839 0.00210406445 -0.01011610497
v -0.006118177436 -0.001050667837 -0.01694529504
v -0.006116541103 -0.004671212751 -0.01649447903
v -0.00611151848 0.002210513689 -0.01039555296
v -0.006110771094 0.005075618625 -0.003190505784
v -0.006110194605 0.002433937741 -0.011129939
v -0.006108942442 -0.005077941343 -0.0031889854
v -0.006107967813 -0.004718339071 -0.01651798934
v -0.006107936148 0.006518909708 -0.006013730541
v -0.00610171305 0.004483349156 -0.003389069811
v -0.006099132355 0.007718184032 -0.03816078231
v -0.006098761689 0.002380845603 -0.01084982883
v -0.00609765714 0.005304284859 -0.03815965354
v -0.006097442936 0.002225085627 -0.01031539869
v -0.006095927209 -0.005306769162 -0.03815833107
v -0.00609302707 0.005025029648 -0.01646695286
v -0.00609073462 -0.004222713411 -0.0008750987472
v -0.006090730894 0.004222712945 -0.0008751091664
v -0.006085663103 0.002474078443 -0.01105591934
v -0.006081980187 0.001900570234 -0.009075215086
v -0.006081743632 0.005435930099 -0.01625007391
v -0.006079494953 0.002444879152 -0.01090221293
v -0.006077701692 0.002410706598 -0.01076925918
v -0.006077336613 -0.006530056708 -0.01567129046
v -0.006076040212 0.00403486751 -0.01072308701
v -0.00607575709 0.006531187799 -0.01567528583
v -0.006073399913 0.001773091615 -0.01696506701
v -0.006072068121 0.002856653882 -0.02015982382
v -0.006068436895 -0.005112654995 -0.01595744863
v -0.006068241782 -0.00516796438 -0.01571567357
v -0.00606807135 0.001479592407 -0.01982378215
v -0.006063449662 0.005782431457 -0.0173774045
v -0.006063294131 -0.002324567875 -0.01691698842
v -0.006062935106 -0.003365644021 -0.02114200592
v -0.006061433349 -0.005781439133 -0.01737744547
v -0.006057175342 -0.005094294436 -0.01076051686
v -0.006051166449 -0.001130335848 -0.01983094215
v -0.006049119402 0.003886105726 -0.02340802923
v -0.006044283975 -0.003489929251 -0.02340803109
v -0.006044249516 0.003550781636 -0.02064155415
v -0.006042883731 -0.004562069196 -0.003507463494
v -0.006042373367 0.00285118958 -0.02687320486
v -0.006041179877 -0.004734458867 -0.01615446992
v -0.006038803142 0.005508616567 -0.01081513986
v -0.00603862619 0.004972570576 -0.003224888118
v -0.006036766805 -0.004974466283 -0.003223227803
v -0.006034703925 0.0002011884644 -0.02380803227
v -0.006034018472 0.005823245272 -0.004152970854
v -0.00603286596 0.005408888683 -0.01625957899
v -0.006029926706 0.003101188689 -0.02693902329
v -0.006025043316 -0.002558683744 -0.02017983794
v -0.006020807195 -0.006511630025 -0.01569887996
v -0.006019768771 -0.005086425226 -0.01596452668
v -0.006019174587 0.006512759719 -0.01570328325
v -0.00601721555 -0.006656730548 -0.004101656377
v -0.006017209962 0.006656731479 -0.004101663362
v -0.006007112563 -0.00169973867 -0.009076970629
v -0.006001562811 0.002121534664 -0.00907689333
v -0.005998836365 -0.0009504675982 0.0008047479787
v -0.005998835433 0.0009504641639 0.0008047511801
v -0.005997010041 0.004649931565 -0.003425063798
v -0.005995919928 0.00328420056 -0.0271188505
v -0.005995314103 -0.0046502552 -0.003423437709
v -0.00599479815 0.003687442746 -0.0003977832093
v -0.005994796753 -0.003687448101 -0.0003977841989
v -0.005993883125 0.004862311762 -0.003277968848
v -0.005992027465 -0.004863726441 -0.003276249859
v -0.005991984624 0.005369732156 -0.01626255363
v -0.005981828552 0.005732322577 -0.01925962791
v -0.005980269518 -0.00327447406 -0.02067015506
v -0.005980038084 -0.005047454964 -0.01596648991
v -0.005979745649 0.004752233159 -0.003346299753
v -0.005977937952 -0.00475311745 -0.003344596364
v -0.005969408434 -0.006510606501 -0.01573628746
v -0.005968425423 0.005570014473 -0.01571029611
v -0.005967123434 0.006511929911 -0.01574186236
v -0.005963991862 0.0002011872566 -0.02380803227
v -0.00596285332 0.004245600197 -0.01104806643
v -0.005962556694 0.005321530625 -0.01625866443
v -0.005960403476 0.00516300695 -0.01621166803
v -0.005956340581 0.006778807845 -0.004420002922
v -0.005950959865 -0.004999513738 -0.01596371084
v -0.005949469283 0.003351189662 -0.02736449428
v -0.005946839694 0.005268084817 -0.0162482392
v -0.005946035963 0.005213811528 -0.01623218134
v -0.005944734905 -0.004839607514 -0.01593063027
v -0.005943838507 -0.005720289424 -0.01925384998
v -0.005939397961 -0.005241791718 -0.01513537858
v -0.005939165596 0.00641547842 -0.02632177621
v -0.005931596737 -0.004891817458 -0.01594540849
v -0.005930649117 -0.00516510848 -0.01113093179
v -0.005924387369 -0.00521326391 -0.01534716133
v -0.005920746364 -0.00264881039 -0.02684625052
v -0.005920457654 -0.00530329952 -0.02955096401
v -0.005920456722 0.005303301383 -0.02955096588
v -0.005911358166 -0.00284015364 -0.02688314021
v -0.005909646861 0.002341757296 -0.009078811854
v -0.005903992802 -0.00167316955 0.0006940560415
v -0.005903990474 0.001673169434 0.0006940462044
v -0.005899339449 0.005567981396 -0.01567487791
v -0.005897075869 -0.006587354932 -0.01563470624
v -0.005896469112 0.006588282064 -0.01563914306
v -0.005896008573 0.006446877494 -0.02628888004
v -0.005895912647 -0.006444579456 -0.0262888819
v -0.005884630606 -0.003002362326 -0.02698817477
v -0.005882441998 -0.002829688834 0.0002295135782
v -0.005882440601 0.0028296893 0.0002295103332
v -0.005881934892 0.005591304507 -0.01128924824
v -0.005881132558 0.0002011847391 -0.0197965391
v -0.005879490636 0.005818460602 -0.004189099651
v -0.005879478063 -0.004059744533 -0.01129151788
v -0.005878831726 -0.005811150651 -0.004189127125
v -0.005875677336 0.004784018267 -0.003881069832
v -0.005874426104 -0.005186771974 -0.01535535324
v -0.005870935973 -0.004206536803 -0.0007655146183
v -0.005870342255 -0.007086534984 -0.007515686098
v -0.005866041407 -0.004869489931 -0.0154492436
v -0.005864832085 0.005700413603 -0.01924072206
v -0.005864530336 -0.005700341891 -0.01924219728
v -0.005864213221 0.004005678464 -0.02121485583
v -0.005863992963 0.002601187909 -0.02380803227
v -0.005863988772 0.004275883548 -0.02381046675
v -0.005862950813 0.004253264517 -0.02375132591
v -0.005861207377 -0.007025519386 -0.0075260913
v -0.005860331468 -0.007146514487 -0.007500473876
v -0.005848193541 0.005541055463 -0.01568578556
v -0.00584462285 -0.003110751044 -0.02714537643
v -0.005837744568 -0.00352890254 -0.0149778733
v -0.005834270734 -0.00420025317 -0.01167206932
v -0.005834203679 -0.005146509968 -0.01535979751
v -0.005833897274 -0.006969249807 -0.00753072463
v -0.005833707284 0.004475253634 -0.01145581249
v -0.005832497496 -0.007199525367 -0.007482036948
v -0.00583171472 0.004434975795 -0.02412275225
v -0.005831665359 0.006067112554 -0.004691241775
v -0.005829490721 -0.004802951124 -0.01463644393
v -0.005828368478 0.003979402594 -0.01661415398
v -0.005825230852 0.005700232927 -0.01738237031
v -0.005825228989 -0.00570023153 -0.01738237217
v -0.005823749583 -0.002215165412 -0.01707526483
v -0.005818543024 -0.007073812187 -0.01516815554
v -0.005817936733 -0.003170931479 -0.01300610416
v -0.005817362107 0.007075178903 -0.01517261565
v -0.005814801902 -0.007163433824 -0.01519677322
v -0.005813995376 0.001121901441 -0.02380803041
v -0.005813993048 0.0004218989925 -0.02380803041
v -0.005813307595 0.007165700663 -0.01520192903
v -0.005811438896 0.004171269014 -0.02340722829
v -0.00580913946 0.002683174331 -0.01708170772
v -0.005806092173 0.005500385072 -0.01569178142
v -0.005805462599 -0.004930278752 -0.01534162927
v -0.005805459805 -0.005096601322 -0.01536055561
v -0.005804029293 -0.006413176656 -0.01984350942
v -0.005800709594 0.0070236912 -0.0151628051
v -0.005799408536 0.004180703778 -0.02336525917
v -0.005798484664 -0.005386501551 -0.02775475569
v -0.005797474645 0.0002011892793 -0.02292267792
v -0.005797472782 0.0002011871402 -0.02469339035
v -0.005797434598 -0.003148810007 -0.02733080834
v -0.005796886981 0.004562323447 -0.01169740222
v -0.005794238299 -0.004883364309 -0.004071451258
v -0.005792918149 0.004093782511 -0.02124218084
v -0.005791313015 -0.006923351903 -0.00752916513
v -0.005790229421 0.00554275699 -0.02702493407
v -0.005789958872 -0.007000885904 -0.01515592169
v -0.005789928604 -0.005041175988 -0.01535772812
v -0.005789350253 -0.004984359723 -0.01535139047
v -0.005789174698 -0.007240201812 -0.007462120615
v -0.00578884827 -0.007221454754 -0.01522386167
v -0.005787756294 0.007222570013 -0.01522825379
v -0.005784404464 0.005280659534 -0.01566277072
v -0.005781062413 0.005652175751 -0.01504110731
v -0.005780365784 0.006989675574 -0.01515957713
v -0.005779680796 -0.004248176701 -0.01162283961
v -0.005779065657 -0.007235056255 -0.01523159165
v -0.005777910817 0.00723640481 -0.01523590833
v -0.005776878912 0.005449397955 -0.01569226943
v -0.005775989499 0.003973251209 -0.0150146056
v -0.00577598298 -0.005230330396 -0.01163556986
v -0.005773952696 0.005257064942 -0.01549097989
v -0.005773704033 0.005634266417 -0.01165114902
v -0.005769168027 0.005142794456 -0.01466046739
v -0.005768074188 -0.007117912173 -0.01162592787
v -0.005766858812 0.007119031157 -0.01162413787
v -0.005766835529 -0.006971025839 -0.01515490282
v -0.005766466726 -0.007249612361 -0.0152405845
v -0.005766033195 0.00359954522 -0.01303189527
v -0.005765832961 0.006972244941 -0.01515904628
v -0.005765463226 0.007250848692 -0.01524472423
v -0.005765459966 0.005334527232 -0.01567711681
v -0.005763994996 0.0001511901501 -0.0158080291
v -0.00576399453 0.0004011897254 -0.02380802855
v -0.005763993133 0.001101187314 -0.02380803414
v -0.005762957502 0.005392418243 -0.01568721607
v -0.005762376357 0.006446880288 -0.01987817697
v -0.005762280896 -0.006444577128 -0.01987817883
v -0.005761249457 0.005747454707 -0.004173300229
v -0.005760638975 -0.005740358029 -0.00417370908
v -0.005759919994 -0.007188131101 -0.01162749808
v -0.005758704618 0.007189254276 -0.01162570063
v -0.005756652448 -0.006967063528 -0.01484473422
v -0.005756422877 -0.004693312105 -0.00114804809
v -0.00575563265 0.006968263071 -0.01484900154
v -0.00575524522 -0.005414240062 -0.02709753625
v -0.005754955113 0.003849668195 -0.01689239591
v -0.005750151351 -0.007047221065 -0.01162440237
v -0.005748936441 0.007048343308 -0.01162260491
v -0.005743473303 -0.005198068451 -0.001643718686
v -0.005740793888 -0.007194262929 -0.008023553528
v -0.00573843345 0.007204290945 -0.008014854975
v -0.00573756313 0.006941297092 -0.01516626868
v -0.005737334024 -0.006892411038 -0.007521475665
v -0.005736521911 0.00345084304 -0.0203019809
v -0.005736237857 0.0002011895413 -0.02295803092
v -0.005736236926 0.000201189061 -0.02465803362
v -0.005734059494 -0.00375955319 -0.01665842719
v -0.00573172234 0.0002011886827 -0.01984860748
v -0.005731680896 0.004152065609 -0.01592978276
v -0.005729856435 -0.0004047003167 0.0008741118945
v -0.005728746299 0.007117469795 -0.008022172377
v -0.005727936979 0.007248796523 -0.008009335026
v -0.005727384705 -0.007253461983 -0.008016290143
v -0.005726742093 -0.007252807729 -0.01162895188
v -0.005725527648 0.00725393137 -0.01162715256
v -0.005725521594 -0.003841623664 -0.01636184566
v -0.005724029616 -0.007100436371 -0.008030725643
v -0.005719180219 0.004680308979 -0.02446185425
v -0.005716917105 -0.006917332765 -0.01517494861
v -0.005716125946 -0.005707539152 -0.00222175708
v -0.005714940373 -0.005297051277 -0.01410249807
v -0.005714767147 -0.007279755548 -0.008012397215
v -0.005714376457 -0.006993569899 -0.01162331365
v -0.00571399508 0.0001011901113 -0.01580803096
v -0.005713158287 0.006994694471 -0.01162152737
v -0.005706826691 -0.003831648733 -0.0212834347
v -0.00570093561 0.007299688645 -0.008001555689
v -0.005700752139 -0.007280644961 -0.01162957121
v -0.00569951022 0.007281793281 -0.01162777934
v -0.005697560031 -0.005669868086 -0.03784173355
v -0.005695287604 -0.0004297898267 -0.01986468397
v -0.00569466874 -0.007045045961 -0.00836100895
v -0.005693182815 0.00704600988 -0.008353220299
v -0.005693177227 0.006892338861 -0.01520461962
v -0.005687428173 -0.007044632453 -0.008032184094
v -0.005685993936 0.002784489654 -0.009083474055
v -0.005685882177 0.007045532577 -0.008024507202
v -0.005685022566 -0.002384600928 -0.009083528072
v -0.005684858188 -0.007333321031 -0.009341510013
v -0.005684703123 0.001251187292 -0.02380803414
v -0.00568370102 -0.007193526719 -0.005918870214
v -0.005683699623 0.007193528116 -0.005918869749
v -0.005683698691 0.002851191442 -0.02676992863
v -0.005683560856 0.007334354799 -0.0093414234
v -0.005679565948 -0.005259707104 -0.01197911426
v -0.005677457899 -0.006879193708 -0.007508519106
v -0.005673604552 -0.003172943369 -0.02033000812
v -0.005672509316 0.004301188514 -0.01732841693
v -0.005670323037 0.00686733285 -0.01524213701
v -0.00566738518 -0.006863057613 -0.01524421014
v -0.00566670252 -0.007022773381 -0.008024541661
v -0.005664834753 0.007023334503 -0.00801663287
v -0.005664301571 0.005679133348 -0.01923105493
v -0.005663993768 0.00120118889 -0.02380803227
v -0.005663482938 0.004309060518 -0.02304554544
v -0.005663461983 0.003257247619 -0.01089138258
v -0.005662566517 0.005650088191 -0.004178269766
v -0.005662007723 -0.005643296055 -0.004178971983
v -0.005660851952 -0.003628750797 -0.01693525724
v -0.005659236573 0.003101189388 -0.02683229558
v -0.005656711292 0.002693441929 -0.02000397444
v -0.005656334572 0.002601189539 -0.02458302863
v -0.005656334106 0.00260119047 -0.02303302847
v -0.005655429792 0.004787455779 -0.02458442003
v -0.005654298235 -0.007345960476 -0.007999766618
v -0.005653233733 0.004176343326 -0.0006606709212
v -0.005652760621 0.004315190483 -0.01681490988
v -0.005652653985 0.007346916478 -0.007992002182
v -0.00564877782 0.004301188048 -0.01642171666
v -0.0056478763 0.004300985485 -0.01636564359
v -0.005647107959 0.004301189445 -0.01908324473
v -0.005646089092 -0.006838966161 -0.0153074041
v -0.005645108875 0.006840209477 -0.01531150751
v -0.005637158174 -0.00699229259 -0.007986519486
v -0.005635560956 -0.006200674921 -0.00287967734
v -0.00563555304 -0.006630640477 -0.0260771662
v -0.005635484122 -0.0004720817378 0.0008810075233
v -0.005635030568 0.006992598064 -0.007977803238
v -0.005630020052 0.000151188884 -0.01530803554
v -0.005630019121 0.0001511882001 -0.01630803384
v -0.0056296736 -0.0049426076 -0.0143284006
v -0.005626336671 0.004114198498 -0.02080917545
v -0.005625818856 -0.005550181028 -0.02784241922
v -0.005625520367 -0.005183218513 -0.00908473134
v -0.005625518039 0.005185599905 -0.009084728546
v -0.005624111742 -0.005679743364 -0.01923381723
v -0.005618581083 -0.006286943797 -0.005307986401
v -0.005614860449 0.00429878477 -0.02130963467
v -0.005611618981 -0.00239177281 -0.02002371289
v -0.005610864144 0.001374537707 -0.01990195364
v -0.005606333259 0.001121898997 -0.02303303033
v -0.005606332794 0.0004218987888 -0.02458303235
v -0.005606332794 0.0004218997783 -0.02303303219
v -0.005606332794 0.001121898647 -0.02458303049
v -0.005604731385 0.003685004544 -0.01711620204
v -0.005597729236 0.004371508956 -0.02293939888
v -0.005596090108 -0.001021149335 -0.0199084729
v -0.005592945963 0.005757843144 -0.03775407374
v -0.005592610687 0.006950292736 -0.007849127986
v -0.005592408124 0.003284200327 -0.02700266987
v -0.005591146648 -0.006946248934 -0.007841909304
v -0.005590539891 0.005533941556 -0.004203364253
v -0.005590027664 -0.005527525209 -0.004204258323
v -0.005589585751 0.006947136484 -0.007834417745
v -0.00558883138 0.004301188048 -0.01673062705
v -0.005586718675 0.0001011895292 -0.01533303037
v -0.005586717278 0.0001011873828 -0.01628303342
v -0.005579135381 0.005674901418 -0.01451937109
v -0.005578516051 0.00516508054 -0.004373589996
v -0.005577998236 -0.005160153378 -0.004374647979
v -0.005576757248 0.004901557695 -0.01238621399
v -0.005574243609 -0.003935839981 -0.01509942766
v -0.005572952796 0.0005167517811 0.0008847701829
v -0.00556781562 0.008210798725 -0.02259817533
v -0.005567010026 -0.008211592212 -0.02259849198
v -0.00556568522 0.001569095533 -0.01992189512
v -0.005563994404 0.001521900296 -0.0158080291
v -0.005563993473 0.0003511880641 -0.01580803096
v -0.005563032813 0.001101189293 -0.02455803379
v -0.005563032348 0.000401188765 -0.02455802821
v -0.005563031882 0.0004011886194 -0.02305803075
v -0.005563031882 0.001101188478 -0.02305802889
v -0.005559813231 0.004369474947 -0.02017511986
v -0.005554199684 -0.006599646062 -0.02006129734
v -0.00555086555 0.005408032797 -0.004246653523
v -0.005550383125 -0.005402069073 -0.004247663077
v -0.005547236651 -0.004098812584 -0.01770234294
v -0.005546818022 0.005281807855 -0.004304961301
v -0.00554634165 -0.005276344717 -0.00430601323
v -0.005545117427 0.004301190376 -0.02101377957
v -0.005544467829 0.004460352473 -0.01768519543
v -0.005541116465 -0.0038535723 -0.02084942162
v -0.005539733917 -0.004098810256 -0.01648944989
v -0.005539536942 -0.004099373706 -0.01642754301
v -0.005537469871 0.007361090276 -0.006776482798
v -0.005535425618 -0.004098809324 -0.0183257293
v -0.005529909395 -0.004098809324 -0.018544361
v -0.0055281315 0.00569882663 -0.01410319842
v -0.005528045818 -0.004098811187 -0.01861418225
v -0.005525752436 0.005646907259 -0.01453266758
v -0.00552230468 0.004979516845 -0.02477875911
v -0.005515626166 -0.004718496464 -0.0126120206
v -0.005513994489 0.00150118873 -0.01580803469
v -0.005513993558 0.0003011880326 -0.01580803283
v -0.005511547904 -0.003463059431 -0.01715772972
v -0.005510007497 0.001303787809 0.0008250575047
v -0.005510007031 -0.00130378874 0.000825062627
v -0.005502903834 -0.006659887265 -0.003647221019
v -0.005501122214 0.003351189196 -0.02723540179
v -0.005494365469 0.001251188689 -0.02451838553
v -0.005494363606 0.001251187525 -0.02309767902
v -0.00549216615 -0.008373724297 -0.03766768053
v -0.005490476731 0.006258259062 -0.005256211851
v -0.005486028735 -0.006247708574 -0.005262029823
v -0.005482826382 -0.004098811187 -0.02023399808
v -0.005482804962 0.005603613332 -0.01454243436
v -0.005482770037 0.00643801922 -0.005736012012
v -0.005481891334 0.005745670758 -0.02690245025
v -0.005476476625 0.005371748004 -0.01453375816
v -0.005476430058 0.001201189472 -0.02310802974
v -0.005476429127 0.00120118924 -0.02450802736
v -0.005471543409 0.006660932209 -0.02013755031
v -0.00546737574 0.008398892358 -0.037646126
v -0.005465763155 -0.004098810256 -0.01681299694
v -0.005465155467 -0.004098314792 -0.02137712389
v -0.005459364038 0.004301188979 -0.02087315917
v -0.005457969382 -0.002648811322 -0.02666473947
v -0.005456815939 0.0003511899267 -0.01540802792
v -0.005456815008 0.00152190018 -0.01540803444
v -0.005456815008 0.001521900413 -0.01620802842
v -0.005456814077 0.0003511882096 -0.01620802842
v -0.005454648286 0.005549033638 -0.01454767212
v -0.005451221019 0.005427241791 -0.01454314124
v -0.005444725044 0.005702300463 -0.01292358246
v -0.00544381002 0.005488248542 -0.01454789657
v -0.00544164842 -0.005299818702 -0.01291813236
v -0.005439775996 -0.002840153407 -0.02669817209
v -0.005436503794 0.0001557011128 -0.008883155882
v -0.005435982719 0.0001024824014 -0.008682124317
v -0.005435796455 0.0001721721783 -0.008914698847
v -0.005435270723 0.0001011902641 -0.008644430898
v -0.00543143088 0.0002011012548 -0.008831167594
v -0.005431317724 -7.756840932e-05 -0.008408029564
v -0.005431177095 0.0001511886221 -0.008602233604
v -0.00543034263 0.0001011900458 -0.008408029564
v -0.005427172873 -0.004167077132 -0.02340803295
v -0.005427130032 0.0001511893643 -0.008408029564
v -0.005425008945 0.006773014087 -0.02589367889
v -0.005424849223 -0.006770762615 -0.02589493617
v -0.005424216855 -0.004098812584 -0.02114074118
v -0.005419617519 0.0003274042974 -0.009089024737
v -0.005417749751 0.004739151336 -0.001083773794
v -0.005413514096 0.0003011903027 -0.01618302986
v -0.005413513631 0.0003011882945 -0.0154330302
v -0.005413513631 0.001501189661 -0.01543303207
v -0.005413512699 0.001501188381 -0.01618302986
v -0.005413389765 -0.004262370057 -0.01691160165
v -0.005413059611 0.004586901981 -0.0185529124
v -0.005411594175 0.004301187117 -0.01703985594
v -0.00541157648 0.0003660418442 -0.009038329124
v -0.005410632119 -0.00753210485 -0.01359149069
v -0.005410245154 -0.005294631701 -0.01304976363
v -0.005409957841 0.007532716729 -0.01359168347
v -0.00540381996 -7.756918785e-05 -0.007088918705
v -0.005395661574 0.0004461403296 -0.009089521132
v -0.005394097418 0.003502524458 -0.01726491563
v -0.005393638741 -0.005120558664 -0.01312089898
v -0.005391663406 -0.001716771279 -0.01999870688
v -0.005387967452 -0.003002363257 -0.02679336816
v -0.00538660679 -0.005273648072 -0.01315119397
v -0.005378271919 0.00775645813 -0.01689100452
v -0.005378269125 -0.007756460458 -0.01689100266
v -0.005377909634 -0.004946481902 -0.01319285575
v -0.005370648112 0.004301189911 -0.02077622712
v -0.005367228296 -0.005240387283 -0.01323522069
v -0.005366022233 0.006185881793 -0.005237536971
v -0.005361468997 -0.006175963674 -0.005243697204
v -0.005355672445 -0.004990650341 -0.01328571606
v -0.005350455176 0.002851189347 -0.02660181001
v -0.005349414889 0.004597973544 -0.0226546023
v -0.005349317566 -0.00501244748 -0.01331359893
v -0.005349063314 0.005728717428 -0.01927039772
v -0.005346035119 -0.00516726682 -0.01332802977
v -0.005345601123 -0.005029946566 -0.01332993805
v -0.005344524514 -0.0005791703006 -0.008408031426
v -0.00534046581 -0.005075431429 -0.01335255895
v -0.005340357311 -0.005114090163 -0.01335303765
v -0.0053385715 0.005707089324 -0.01338633802
v -0.005338407587 0.005719868466 -0.017392518
v -0.00533840619 -0.005719867069 -0.01739251986
v -0.005337824579 0.005402001552 -0.005304560065
v -0.005335231312 0.008507839404 -0.03698039427
v -0.005335227121 -0.008507838473 -0.03698034957
v -0.005334706511 0.001751189702 -0.01580803283
v -0.005332120229 -0.007068972103 -0.004565094132
v -0.005332014058 0.003993700258 -0.02047131583
v -0.005331735592 0.004686599597 -0.01693142019
v -0.005327285267 0.005300079938 -0.00163246016
v -0.005326761398 -0.003888592124 -0.01317011937
v -0.005322398618 -0.005737922154 -0.01927868836
v -0.005314833019 0.003101189621 -0.02665854059
v -0.005313994829 0.001701188623 -0.0158080291
v -0.005312035792 -0.005802769214 -0.02686498128
v -0.005310446955 0.005698715337 -0.01350752264
v -0.005310428794 -0.00311074988 -0.02693584934
v -0.00530740805 -0.004098812584 -0.02093132958
v -0.005302315578 -0.003279541153 -0.0173054263
v -0.0052974727 0.005520153791 -0.01356723811
v -0.005295253359 -0.004098810256 -0.017095441
v -0.005292135291 -0.002975260373 -0.009091685526
v -0.005289168563 -0.004749557469 -0.001058785361
v -0.00528629683 0.005454488099 -0.005462761968
v -0.005284909159 0.005341593642 -0.01362742763
v -0.005283560604 0.003384204814 -0.009091856889
v -0.005278969184 -0.004294979852 -0.01521813404
v -0.005275387783 0.004231871106 -0.01318138
v -0.005273399409 -0.004313602112 -0.0202726759
v -0.005272879731 0.005361363757 -0.01367865875
v -0.00527071394 0.005647033919 -0.01368813496
v -0.005268706474 0.006871262565 -0.02575040795
v -0.00526793953 -0.006632482633 -0.006461905316
v -0.005267937202 0.006634861231 -0.006461902987
v -0.005267783068 0.00368135632 -0.01732066832
v -0.005266083404 0.004699311685 -0.01941540278
v -0.005264047068 0.006082680076 -0.005237533711
v -0.005263993982 0.000151188724 -0.01494200435
v -0.005263993051 0.0001511872833 -0.01667405851
v -0.005263058934 -0.007620734163 -0.008490416221
v -0.005263057072 0.00762073556 -0.008490410633
v -0.005261048209 0.008567531593 -0.03321946785
v -0.005261044949 -0.00856753625 -0.03321928158
v -0.005259451922 -0.006073392462 -0.005243865773
v -0.005258825608 -0.00547222048 -0.005541717634
v -0.005258245859 0.001751190401 -0.01609338634
v -0.005258243997 0.001751188305 -0.01552267466
v -0.005252430681 0.005842657294 -0.002259018598
v -0.005250968039 0.005428811535 -0.01377915964
v -0.005249802023 0.005576467607 -0.01378432848
v -0.005248127505 -0.003731842153 -0.02050982416
v -0.005244774278 0.005476366263 -0.013807429
v -0.00524415914 0.005521343555 -0.013810426
v -0.005240308587 0.00170118839 -0.0155330319
v -0.005240308121 0.001701189089 -0.01608303376
v -0.005238995422 0.0001011897184 -0.01498530526
v -0.005238994025 0.0001011884597 -0.01663075574
v -0.005238379352 0.002483448712 -0.0200663656
v -0.005232131109 0.008271452971 -0.02018757723
v -0.005232131109 -0.008271450177 -0.0201875791
v -0.005223076791 0.004182749428 -0.01727978513
v -0.005219355691 0.004640127998 -0.0152363833
v -0.005218965001 -0.003148810007 -0.02710391767
v -0.005217512138 0.00328420056 -0.02681353316
v -0.005217443686 0.00658455817 -0.006304084789
v -0.005216488615 0.00471155718 -0.02254787274
v -0.005214276258 0.005950151943 -0.03106537275
v -0.00521427393 -0.005950151477 -0.03106537648
v -0.005209612194 0.0009071874665 -0.008408031426
v -0.005206706934 0.005558337551 -0.005399140529
v -0.00520574348 0.008692055941 -0.02779525518
v -0.005205741152 -0.008692060597 -0.02779491432
v -0.005202960223 0.00534379622 -0.02507819235
v -0.005202528555 -0.005551733542 -0.005405046977
v -0.005199216772 0.003860902274 -0.01091727521
v -0.005195819307 -0.002177190501 -0.0200851541
v -0.00519250473 0.005957431626 -0.005255906377
v -0.005187930539 -0.005948783364 -0.005262257066
v -0.005187792238 0.008679241873 -0.02484473586
v -0.005187788978 -0.008679230697 -0.02484432794
v -0.005187253002 0.007719402667 -0.01318679564
v -0.005187250674 -0.007719404064 -0.01318679471
v -0.005182210356 0.0009071869426 -0.007093537133
v -0.005180865992 0.003425875679 3.802148058e-05
v -0.005180864129 -0.003425880568 3.80223355e-05
v -0.005179390311 -0.004100039136 -0.0004586236901
v -0.005170814227 -0.005331327207 -0.001628837199
v -0.005164600909 -0.006528244354 -0.006196864415
v -0.005163995549 0.0003511900723 -0.01511520799
v -0.005163994618 0.001521899714 -0.01650085114
v -0.005163993221 0.0003511880932 -0.01650085114
v -0.005163992755 0.001521897735 -0.01511521358
v -0.005162555259 0.005683874246 -0.005340286531
v -0.005158217158 -0.005676541943 -0.005346395075
v -0.005157738924 -0.006869069766 -0.02044080943
v -0.005157602951 0.005820778664 -0.00529108895
v -0.005153116304 -0.005812777672 -0.005297359545
v -0.005150616635 0.004095456563 -0.0004479659547
v -0.00514934957 0.0002011899633 -0.02534151264
v -0.005149347242 0.0002011869219 -0.02227455378
v -0.005146856885 -0.006260547787 -0.01739651524
v -0.005146854557 0.006262929179 -0.01739651337
v -0.005146661308 0.006360866595 -0.002965213498
v -0.005138995126 0.001501189778 -0.01515850984
v -0.005138995126 0.00150119001 -0.01645755209
v -0.00513899466 0.0003011886438 -0.01645755023
v -0.005138992798 0.0003011871304 -0.01515851449
v -0.005136806052 -0.007413985208 -0.005667711142
v -0.005130835809 -0.001041221432 -0.008408029564
v -0.005129858851 -0.004098811653 -0.02076948248
v -0.005124707706 0.006489370018 -0.006140409037
v -0.005124389194 -0.004525726661 -0.01865663193
v -0.00512259081 0.004832259379 -0.0161612872
v -0.005121904891 0.004301188514 -0.02061715163
v -0.005118362606 0.005954845343 -0.0267581623
v -0.005118064582 -0.003969421145 -0.01732731611
v -0.005113993771 0.0002011891193 -0.02528027631
v -0.005113993306 0.0002011888573 -0.0223357901
v -0.00511399284 0.001251187525 -0.02380803414
v -0.00511399284 0.002601187443 -0.02380803227
v -0.005111516453 0.004803731572 -0.02026512101
v -0.005103467964 -0.001041222014 -0.00709518278
v -0.005090909079 0.005450151861 -0.02514934726
v -0.005089802202 0.003614776535 -0.009095900692
v -0.005088999867 0.004815196153 -0.0224656947
v -0.005088993814 0.00260118884 -0.02246569283
v -0.005088993348 0.002601188375 -0.02515037172
v -0.005086178426 -0.006137792487 -0.03729823604
v -0.005085654557 -0.006446131971 -0.006106264889
v -0.005084570963 0.00335119036 -0.02702525444
v -0.005078707356 -0.005887348205 -0.002276063897
v -0.005076677073 -0.006983290892 -0.02556565218
v -0.005073399749 0.004301189445 -0.01735401712
v -0.005069286563 0.005873913411 -0.01937830448
v -0.00506524276 -0.005994358566 -0.02672632784
v -0.005062216427 0.002818957204 -0.02014412731
v -0.005058476701 -0.00602129288 -0.02811885253
v -0.005054255482 0.002851189114 -0.02637470141
v -0.005054254085 -0.002648811322 -0.02637469582
v -0.00505418377 -0.004628819879 -0.01703496277
v -0.005049393047 0.006410226226 -0.006090225652
v -0.00504934974 0.001751188422 -0.01531378459
v -0.005049349274 0.00175118912 -0.01630228013
v -0.005044109188 -0.00589334406 -0.01939497143
v -0.005044074263 0.005893342197 -0.01939324662
v -0.005043844227 0.004301189445 -0.02058761939
v -0.005041481927 3.915072488e-09 0.0009062503232
v -0.005038995761 0.001701190253 -0.01628434658
v -0.005038995296 0.001701189205 -0.01533172093
v -0.005038993899 0.0004219000693 -0.02246569097
v -0.005038993899 0.001121899928 -0.02246568911
v -0.005038993433 0.0004218996328 -0.02515036985
v -0.005038993433 0.001121899462 -0.02515036799
v -0.005034967791 0.0009073924157 0.0008862892282
v -0.005028378684 -0.002840152243 -0.02640261129
v -0.005028378684 0.003042530967 -0.02640260942
v -0.005018831231 -0.006375352852 -0.006086810958
v -0.005013994873 0.001101190108 -0.02250899188
v -0.005013994407 0.0004011893179 -0.0251070708
v -0.005013994407 0.001101189177 -0.02510706894
v -0.005013992544 0.0004011875717 -0.02250899374
v -0.005012130365 0.004960979801 -0.01866093092
v -0.005008713342 0.003101191251 -0.02642381936
v -0.005008712411 -0.002898810199 -0.02642381936
v -0.00500495173 0.006841356866 -0.00377686182
v -0.005002514459 0.005893343594 -0.01739952154
v -0.005002513062 -0.005893343594 -0.01739952527
v -0.005000114907 0.001251188689 -0.02423303388
v -0.005000114907 0.00260118884 -0.02423303202
v -0.005000114907 0.002601189073 -0.02338302694
v -0.005000114441 0.001251188922 -0.02338302881
v -0.004999897908 -0.0009332834161 0.0008842506213
v -0.004992686212 0.006202437449 -0.03720779717
v -0.004988475703 -0.004098810256 -0.01738345437
v -0.004988053348 0.006344806869 -0.006092592608
v -0.004984605126 -0.002361319494 0.000604360539
v -0.004984604195 0.002361319959 0.0006043717149
v -0.004977933131 0.005002846941 -0.01704543084
v -0.004974349402 0.001251189504 -0.02503840066
v -0.004974348936 0.001251188922 -0.02257765643
v -0.004971197341 0.003755976679 -0.02030230127
v -0.004963994026 0.001201189705 -0.02259559371
v -0.004963993095 0.001201187959 -0.02502046525
v -0.00496396143 -0.006415333599 -0.003002323443
v -0.004954691511 0.003204744309 -0.02648209035
v -0.004954691045 -0.003002363257 -0.02648209222
v -0.004954451229 -0.006306134164 -0.006114487071
v -0.004954174627 -0.004600970075 -0.01532952022
v -0.004937443417 -0.003735436359 -0.0174664855
v -0.004927514121 -0.007699154783 -0.006938917562
v -0.004921469837 0.005988994613 -0.01946946606
v -0.004916221835 0.001323232544 -0.008408030495
v -0.004915954545 0.00626665866 -0.006151807029
v -0.004913445562 -0.004599221516 -0.02340802923
v -0.004899494816 0.001201189589 -0.02380803227
v -0.004899492487 -0.001798811951 -0.02380803041
v -0.004897616804 0.007031195797 -0.02072103694
v -0.004892162047 -0.004098810721 -0.02065692097
v -0.004888994154 -0.003490498522 -0.02033904754
v -0.004886432085 -0.005982909352 -0.01740193926
v -0.004885126837 0.005983897019 -0.01740196906
v -0.004884289578 0.00328420382 -0.02655802853
v -0.004884287249 -0.003081823699 -0.0265580304
v -0.004880710039 -0.004766789731 -0.01790550165
v -0.004874245729 -0.008963300847 -0.03709002584
v -0.004872611258 0.006136436947 -0.02684273385
v -0.004871838726 -0.006215696223 -0.006222344004
v -0.004865647294 -0.008208462968 -0.01680349186
v -0.004865646828 0.008208464831 -0.01680349186
v -0.004853415303 0.004993177019 -0.02235491946
v -0.004844408948 -0.003110748716 -0.02660104446
v -0.004835922737 0.00726912031 -0.00472872518
v -0.004834836349 0.005663044285 -0.02526779659
v -0.004829628859 0.005991386715 -0.01440247055
v -0.004829627462 -0.005989009514 -0.01440247241
v -0.004825975746 -0.003491806332 -0.009101385251
v -0.004824492615 -0.006310326513 -0.03703944385
v -0.004823909607 -0.005982908886 -0.01440259721
v -0.004823315423 0.006311531179 -0.03703823686
v -0.004822603427 0.005983896554 -0.0144026177
v -0.004819371272 -0.006903584581 -0.003832015442
v -0.004814353306 -0.001798809739 -0.02412577905
v -0.004814353306 0.001201189123 -0.02412577905
v -0.00481435284 -0.00179881067 -0.02349028364
v -0.004814352375 0.001201188541 -0.02349028364
v -0.004811630584 0.004301189911 -0.02053540386
v -0.004811462015 0.005013174377 -0.02189605869
v -0.004803374875 0.009026437066 -0.03701776639
v -0.004800721072 0.006138128694 -0.006409866735
v -0.004794485401 -0.002858117921 -0.02026230842
v -0.00477091223 -0.006101279054 -0.006531543564
v -0.004769270308 -0.004741965793 -0.02036996186
v -0.004763995763 0.0001011905188 -0.01485802885
v -0.004763995763 0.001701190136 -0.01635803096
v -0.004763995297 0.001701190136 -0.0158080291
v -0.004763994832 0.0001011888307 -0.01675803401
v -0.004763994832 0.0003011889639 -0.0150580341
v -0.004763994832 0.0003011891095 -0.01655803248
v -0.004763994832 0.0003511891991 -0.01500802767
v -0.004763994832 0.001501189079 -0.01505802758
v -0.004763994832 0.001521899947 -0.0166080296
v -0.004763994832 0.001751189935 -0.01637874357
v -0.0047639939 0.0001511887967 -0.01480802894
v -0.0047639939 0.001521899481 -0.01500803418
v -0.004763993435 0.0001511880982 -0.01680803299
v -0.004763993435 0.0003511883551 -0.01660803147
v -0.004763993435 0.001501187216 -0.01655803248
v -0.004763993435 0.001701188157 -0.01525803376
v -0.004763993435 0.001751188422 -0.01523732208
v -0.004763992969 0.00175118784 -0.01580803096
v -0.004759212025 0.007160201203 -0.02522256784
v -0.004758771975 -0.005989005789 -0.011003213
v -0.004758771043 0.005991387647 -0.01100321021
v -0.004748709965 0.005066778511 -0.02232023515
v -0.004741724115 0.005947561003 -0.007408612873
v -0.004739534575 -0.00264881039 -0.02617708035
v -0.004739532713 0.00285118795 -0.02617708221
v -0.00472821109 -0.004437734373 -0.01330547966
v -0.004725635983 0.003042530501 -0.02621251531
v -0.004719171207 0.005991385784 -0.009103626944
v -0.004719171207 -0.005989008583 -0.009103621356
v -0.004715073854 -0.002898810664 -0.02623944357
v -0.004714321345 -0.003148809541 -0.02674136311
v -0.004714320879 0.003351190127 -0.02674136683
v -0.004712370224 0.006033368874 -0.006887458265
v -0.004705779254 -0.00602857396 -0.01100431755
v -0.004705777857 0.006030955352 -0.01100431848
v -0.004698809236 -0.006012398284 -0.007073728368
v -0.004692635033 0.00600620918 -0.007163338363
v -0.004688993562 0.002601188375 -0.02307191119
v -0.004688993096 0.00125118834 -0.0245441515
v -0.004688993096 0.001251188456 -0.02307191305
v -0.004688993096 0.002601188375 -0.0245441515
v -0.004688414279 -0.005989007186 -0.007628077641
v -0.004688413814 0.005991387181 -0.007628083229
v -0.004686058965 0.003204742912 -0.02631341293
v -0.004685456399 -0.003996312153 -0.01093618292
v -0.004684203304 0.004707844928 -0.01330086682
v -0.004677394405 -0.004888343625 -0.01877207682
v -0.004663546104 -0.004931775853 -0.01715335436
v -0.004663224798 0.004412033129 -0.000618225662
v -0.004651516676 -0.00733783748 -0.004797693342
v -0.004648246802 -0.003081823932 -0.02640982158
v -0.004648185801 0.007631290704 -0.005849977955
v -0.004644419067 0.00434728805 -0.01092781685
v -0.004640561063 -0.007174470462 -0.02102989145
v -0.004636810161 -0.00611988036 -0.01440649014
v -0.004626829177 0.003313130233 -0.02646442689
v -0.004622583278 0.003453290788 -0.02033819072
v -0.004619636107 -0.009058700874 -0.02296573482
v -0.004619335756 0.00517219957 -0.02035803534
v -0.00461431453 -0.004012645222 -0.0002795289911
v -0.00461431127 0.004012644757 -0.0002795284672
v -0.004611957353 0.004301188048 -0.01761015691
v -0.004604084417 -0.003689540317 -0.009105999023
v -0.004602232017 -0.004849675577 -0.01542910468
v -0.00459523825 0.005259590689 -0.01715357602
v -0.004589824937 0.004092686344 -0.009106322192
v -0.004588340875 -0.007244588342 -0.02501302026
v -0.004581743851 -0.001798810437 -0.02435839176
v -0.004581743851 0.001201188541 -0.02435839176
v -0.004581743386 -0.001798810903 -0.02325767465
v -0.00458174292 0.001201187959 -0.02325767279
v -0.004575854167 0.005270825699 -0.01876846887
v -0.004575259052 0.008230012842 -0.01380152442
v -0.004575258121 -0.00823001191 -0.01380152442
v -0.004556961358 -0.003148809075 -0.02664255351
v -0.004556958564 0.003351188265 -0.02664255723
v -0.004553092178 0.005109455902 -0.01542606205
v -0.0045522484 -0.007258394733 -0.02459341846
v -0.004542517476 -0.00318288221 -0.02037353069
v -0.004540430382 -0.006196365692 -0.01440850645
v -0.00452512363 0.001649181359 -0.008408029564
v -0.004522196017 -0.00409880979 -0.02059847675
v -0.004503299017 -0.008142016828 -0.009824784473
v -0.00449802028 0.001649182523 -0.007107800804
v -0.004497089423 -0.004098810256 -0.01766086183
v -0.004490861204 0.005894651171 -0.02534800582
v -0.004488994367 0.00170118839 -0.01628434286
v -0.004488993436 0.001701188041 -0.01533171814
v -0.004482647404 0.004767987411 -0.0009202435031
v -0.004478638992 0.001751189237 -0.01531378459
v -0.004478638992 0.001751189353 -0.01630228013
v -0.004469390493 -0.006520576309 -0.03665739298
v -0.004467071034 -0.007705867756 -0.005926652346
v -0.004466195125 -0.004098810256 -0.02059817687
v -0.00446544122 -0.002071908442 0.0007026733947
v -0.004465438426 0.002071909839 0.0007026611711
v -0.004458641168 0.007273053285 -0.02128011547
v -0.004450958688 0.007280928083 -0.02167124301
v -0.00444996357 0.007931992412 -0.007124960888
v -0.004445564467 -0.006251001731 -0.01441047713
v -0.004436417483 0.0004579806118 0.0008747670217
v -0.004436412826 -0.0004579835804 0.0008747556712
v -0.00443329988 -0.006495188922 -0.03274018317
v -0.004433299415 0.006495190319 -0.0327401869
v -0.004412469454 0.006550550926 -0.03659243137
v -0.004405550659 -0.007297743578 -0.02136092447
v -0.004400598817 0.005294618662 -0.01636422984
v -0.004392404109 0.006440712605 -0.02632693388
v -0.004388995003 0.0003011894296 -0.01515851542
v -0.004388995003 0.001501189545 -0.01515850984
v -0.004388995003 0.001501189661 -0.01645755209
v -0.004388994072 0.0003011889639 -0.01645755023
v -0.004388834815 0.007339018863 -0.02442197315
v -0.004388680216 -0.001725559821 -0.008408033289
v -0.004374386277 -0.003148810007 -0.02660803311
v -0.004374386277 -0.002898809966 -0.02617502026
v -0.004374385811 -0.003110750578 -0.02641668916
v -0.004374385811 -0.002648810623 -0.02610803023
v -0.004374385346 -0.003081823466 -0.0263580326
v -0.004374385346 -0.002840152942 -0.02614609338
v -0.004374385346 0.003204742679 -0.02625447512
v -0.00437438488 -0.003002364654 -0.02625447698
v -0.00437438488 0.003042530734 -0.02614609152
v -0.00437438488 0.003313128371 -0.02641668729
v -0.00437438488 0.003351189196 -0.02660802938
v -0.004374383949 0.00285118795 -0.02610803209
v -0.004365384113 -0.006456529256 -0.02630770206
v -0.00436399458 0.0003511901014 -0.01650085114
v -0.004363994114 0.001521899132 -0.01650084928
v -0.004363994114 0.001521899714 -0.01511521265
v -0.004363993183 0.0003511875111 -0.01511521358
v -0.004361634143 -0.001725561568 -0.007110644598
v -0.004357677884 0.007356331218 -0.02468048781
v -0.004355955403 0.004301187582 -0.02054625563
v -0.004351159558 -0.004388305824 -0.0005546832108
v -0.004348398186 0.005318660755 -0.02225841396
v -0.004343706649 -0.006495323963 -0.02844628505
v -0.004338664003 -0.006391520146 -0.01985121146
v -0.004336506594 0.008629560471 -0.01677712612
v -0.004336504731 -0.008629560471 -0.01677712612
v -0.004318674561 -0.007344270125 -0.02182574943
v -0.004313995596 0.005992822815 -0.02535802871
v -0.00431399513 0.002601190004 -0.02225803211
v -0.004313993733 0.002601189073 -0.02535803244
v -0.004301455338 -0.003919807728 -0.009112307802
v -0.004297266249 -0.006495785434 -0.02626535296
v -0.004288994707 0.0001011896311 -0.0166307576
v -0.004288994242 0.000101188285 -0.01498530619
v -0.004287681077 0.001701189205 -0.01553303003
v -0.004287680611 0.001701189787 -0.01608303189
v -0.004286727868 0.003816826735 -0.02048643678
v -0.004279976711 0.009465374053 -0.03643574566
v -0.004279975314 -0.009465373121 -0.03643574938
v -0.004273386672 -0.008011853322 -0.007203462068
v -0.00427225465 -0.007363775279 -0.02158627845
v -0.004270256963 0.00146892562 0.0007975335466
v -0.004270066041 -0.007393148262 -0.02452783473
v -0.004269744735 0.001751189353 -0.01552267279
v -0.004269742873 0.001751186792 -0.01609339006
v -0.004263995681 0.001251191017 -0.02465802804
v -0.004263995215 0.0004219010589 -0.02225803025
v -0.004263995215 0.001201190171 -0.02444352955
v -0.004263995215 0.001251190435 -0.02522873878
v -0.00426399475 0.0001511889859 -0.01494200435
v -0.00426399475 0.0002011899487 -0.0220373217
v -0.00426399475 0.0002011908364 -0.02557873912
v -0.00426399475 0.001101190108 -0.02530803159
v -0.004263994284 0.0002011892939 -0.02550802752
v -0.004263994284 0.002601189073 -0.02465803549
v -0.004263994284 0.002601190237 -0.02295803279
v -0.004263993818 0.0004011893179 -0.0223080311
v -0.004263993818 0.0004219003313 -0.02535803057
v -0.004263993818 0.001121900277 -0.02535802685
v -0.004263993818 0.00120118924 -0.02520803362
v -0.004263993818 0.001251190086 -0.02295803465
v -0.004263993353 -0.001798811019 -0.02317253128
v -0.004263993353 0.000151188171 -0.01667405851
v -0.004263993353 0.000201188901 -0.02210803144
v -0.004263993353 0.001101189177 -0.02230802737
v -0.004263993353 0.001121898997 -0.02225803398
v -0.004263992887 -0.001798811369 -0.02444352955
v -0.004263992887 0.001201188192 -0.02317253128
v -0.004263992887 0.001251187408 -0.02238732204
v -0.004263992421 0.0004011876008 -0.02530803345
v -0.004263992421 0.001201187144 -0.02240803465
v -0.004263991956 -0.002180658747 -0.02380803414
v -0.004260862246 -0.00654286053 -0.02848277241
v -0.004250362515 -0.006376141217 -0.01441454887
v -0.004248054232 0.005374876317 -0.02225943096
v -0.0042457534 -0.004098810256 -0.02061462402
v -0.004245472141 -0.005167095456 -0.01726267673
v -0.004241719376 -0.006389768794 -0.01441473141
v -0.004239058122 0.008913282305 -0.01876800321
v -0.004239054397 -0.008913282305 -0.01876800507
v -0.004234923515 0.005457063671 -0.001620147377
v -0.004234379623 0.006455217954 -0.01991912536
v -0.004229169339 0.005377886817 -0.02195570618
v -0.004225531127 -0.005037222523 -0.01551240776
v -0.004223348573 0.009535013698 -0.03308111057
v -0.00422334671 -0.009535016492 -0.03308092058
v -0.004222583491 -0.005093746353 -0.02046942711
v -0.004213994835 0.001701188972 -0.01580803469
v -0.004197773989 -0.005177699029 -0.01888526976
v -0.004197423812 0.00909665972 -0.02012141235
v -0.004197423812 -0.00909665972 -0.02012141421
v -0.004193282686 0.001751188072 -0.01580803283
v -0.004187989514 0.005453179125 -0.01725249365
v -0.004180120304 0.007410305087 -0.02177165449
v -0.004173914436 0.009591684677 -0.02768618986
v -0.004173911177 -0.009591681883 -0.02768585272
v -0.004164914601 -0.00649639219 -0.01996901073
v -0.004157193936 0.009416127577 -0.02314515598
v -0.004157193471 -0.009416125715 -0.02314516157
v -0.004155537114 -0.009516787715 -0.02478049323
v -0.004155535251 0.009516808204 -0.02478090115
v -0.004151390865 -0.004763939418 -0.0008794579771
v -0.004146935884 -0.009568722919 -0.03627405688
v -0.004133276641 -0.005095190369 -0.02340802923
v -0.004132044036 -0.00850193575 -0.01289723907
v -0.004123168997 0.006602762733 -0.02710583806
v -0.004118251614 0.007460115477 -0.02418802865
v -0.004115091171 0.006468226667 -0.01441736706
v -0.004114476498 0.0003011903609 -0.01543302927
v -0.004114476498 0.001501189894 -0.01618302986
v -0.004114475567 0.0003011891095 -0.016183028
v -0.004114475101 0.001501188497 -0.0154330302
v -0.004110171925 0.00551211182 -0.01887279563
v -0.004108860623 0.005318864714 -0.01010050066
v -0.004089427646 0.005468051415 -0.02045177668
v -0.004077337682 -0.007474265061 -0.0240590442
v -0.004071175586 0.001521900995 -0.01540802885
v -0.004071174655 0.0003511902469 -0.01620803215
v -0.004071174189 0.0003511893738 -0.01540802978
v -0.004071173724 0.001521899248 -0.01620803028
v -0.004070705269 -0.007459140383 -0.02206141688
v -0.004058124963 0.006096492521 -0.002405061154
v -0.004054243211 0.008398384787 -0.009986880235
v -0.004051380791 -0.006495188456 -0.01441869978
v -0.004051379394 0.006495190319 -0.01441869326
v -0.00404360611 -0.00666091172 -0.0285771694
v -0.004038664047 -0.004382834304 -0.01092595235
v -0.004035452846 -0.004789728671 -0.01338424813
v -0.00403070217 -0.005235600285 -0.009992052801
v -0.00402442785 0.007483096328 -0.0222444851
v -0.004017068539 0.007499426138 -0.02373783849
v -0.004013993777 0.001501188846 -0.01580803469
v -0.004013993312 0.0003011874505 -0.01580803283
v -0.00401318213 0.004699346144 -0.01091535948
v -0.004010511097 0.007501164451 -0.0236215461
v -0.004010399338 -0.007498837076 -0.02362154983
v -0.00400821073 0.005007202271 -0.01336753462
v -0.004003920592 -0.003086781595 0.0003500798484
v -0.004003920592 0.003086779267 0.0003500803723
v -0.003995536827 -0.004098811187 -0.02066300064
v -0.00399086345 -0.007497348823 -0.02251489647
v -0.003989669029 0.007501162589 -0.02262176387
v -0.003989559598 -0.007498836145 -0.02262176946
v -0.003977687098 -0.006602301262 -0.02009787038
v -0.003976181149 0.006603082176 -0.02009600587
v -0.003966423683 0.004516186658 -0.009119314142
v -0.003963994328 0.0003511894902 -0.01580802724
v -0.003963994328 0.001521899132 -0.01580803469
v -0.003963232506 -0.00498654088 -0.01453364361
v -0.003956722096 0.003916141111 -0.0001433282887
v -0.003946245182 -0.001798808924 -0.02435838804
v -0.003946244717 -0.00179880939 -0.02325766906
v -0.003946244717 0.001201190404 -0.02435838804
v -0.003946244251 0.001201189822 -0.02325766906
v -0.003941270523 0.0001011896748 -0.01533302944
v -0.00394126866 0.0001011878339 -0.01628303155
v -0.003936173394 0.003101189155 -0.02064117976
v -0.003936171997 -0.002898811828 -0.02064117976
v -0.003936163615 0.00412027631 -0.02064117976
v -0.003936160356 -0.003773168894 -0.02064117976
v -0.003934171982 -0.006568780635 -0.01442113891
v -0.003918800503 -0.006795520429 -0.03597822413
v -0.003913194872 0.006712402217 -0.02718049847
v -0.00391237624 0.006168313324 -0.02530508675
v -0.003900841577 -0.003907945007 -0.0001351537649
v -0.003899025498 0.006685024593 -0.003263412043
v -0.003897970077 0.0001511902956 -0.01630802825
v -0.003897968214 0.0001511886949 -0.01530802995
v -0.003892811248 0.004211041611 -0.02066157199
v -0.003888957668 -0.008486178704 -0.01005638298
v -0.003877996933 -0.008871191181 -0.01585887931
v -0.003872514237 -0.005488920957 -0.001629779465
v -0.003859823802 -0.003936326131 -0.02067883871
v -0.003854556475 0.005571456626 -0.02232768573
v -0.003850053297 0.004300968722 -0.02068430744
v -0.003844000166 0.006829679012 -0.03587624058
v -0.003838994307 0.002601190237 -0.02307190932
v -0.003838994075 0.001251190202 -0.02307190932
v -0.003838992445 0.002601188142 -0.02454415523
v -0.003838992212 0.001251188107 -0.02454415523
v -0.003826555563 -0.005160230678 -0.01557495259
v -0.003825234482 0.003896814771 -0.0001249067427
v -0.003813994583 0.0001011898567 -0.01580803283
v -0.00381394662 -0.00314881024 -0.03282634914
v -0.00380396354 -0.005331001244 -0.01735882834
v -0.003799877595 -1.647790127e-09 0.0008046747535
v -0.003799004946 0.005358672235 -0.0155542884
v -0.003784403671 -0.004098497797 -0.02072467469
v -0.003775679739 -0.003156421008 -0.0328261517
v -0.003763996297 0.0001511912851 -0.0158080291
v -0.003762342501 -0.00677300524 -0.02592500485
v -0.003760427702 0.00558159221 -0.01733882539
v -0.003757291939 0.006775401067 -0.02592501417
v -0.003753605764 0.005616457202 -0.02236288227
v -0.003743236186 -0.003178100567 -0.03282598406
v -0.003741722787 0.007217029575 -0.004208456725
v -0.003738458967 -0.009244221263 -0.01863950305
v -0.003721559886 -0.003210541792 -0.0328258723
v -0.003715618746 0.00623066118 -0.02523737587
v -0.003714263439 0.009885394014 -0.03569309041
v -0.003713948885 -0.003248809138 -0.03282583132
v -0.003713635262 -0.001798809972 -0.02349028178
v -0.003713634564 0.00120118924 -0.02349028178
v -0.003713633865 0.001201187843 -0.02412578464
v -0.003713633632 -0.00179881067 -0.02412578464
v -0.003713112324 0.008767340332 -0.01301530842
v -0.00369716296 -0.004268122371 -0.009125655517
v -0.003695980413 -0.005048809107 -0.03316013142
v -0.003695979482 -0.003248809837 -0.03316013515
v -0.003693030216 -0.003148810938 -0.03188922629
v -0.003691882594 -0.005390020087 -0.0189928636
v -0.003691817168 -0.00427068444 -0.009135514498
v -0.00368336495 -0.003148810705 -0.03376217932
v -0.00367477187 -0.006157857366 -0.002468368039
v -0.003670425853 -0.006902286317 -0.03562931716
v -0.003670153208 0.006904121488 -0.03562891111
v -0.003669758793 0.009916214272 -0.03562833369
v -0.003669456346 0.003101190552 -0.0208147224
v -0.003669454716 -0.002898810199 -0.02081472054
v -0.003667724086 0.004301187582 -0.02081570961
v -0.003667678218 -0.00409880979 -0.02081575058
v -0.003662648611 -0.006897574291 -0.03439284861
v -0.003662647912 -0.003198810387 -0.03439285234
v -0.003662647447 0.006897575222 -0.03439284489
v -0.003662646748 0.003401188413 -0.03439284861
v -0.003658450907 0.004670530558 -0.009125738405
v -0.003656066721 -0.003156421473 -0.03189912811
v -0.003648627317 0.004301189445 -0.02083351277
v -0.00364862592 -0.00409880979 -0.02083350904
v -0.003646505997 -0.003156421473 -0.03375189379
v -0.003645720193 0.004301186185 -0.02083630301
v -0.003644734155 -0.003162208013 -0.03190216422
v -0.003642356256 -0.00536298193 -0.02056852169
v -0.003631033003 -0.006860237569 -0.02875177562
v -0.003628493519 -0.001798810554 -0.02380802855
v -0.003628493054 0.001201188774 -0.02380802855
v -0.003624729346 -0.003178099403 -0.03190752491
v -0.003621585201 0.005681403913 -0.01897117123
v -0.00361953536 -0.009950607084 -0.03555402905
v -0.003618638031 -0.006726545747 -0.01442771684
v -0.003618485294 -0.006732991431 -0.01442771871
v -0.003617333481 0.003351189895 -0.03437171876
v -0.003617331618 -0.003148811171 -0.03437172249
v -0.003615256632 -0.003178099636 -0.03374317661
v -0.003609379288 -0.003198809922 -0.03191163763
v -0.003606788581 0.005662212614 -0.02201647684
v -0.003603790421 -0.003210542258 -0.03191313893
v -0.003598647658 -0.004335078411 -0.009333233349
v -0.003597754054 0.004704391584 -0.009223149158
v -0.003596438793 -0.003248809604 -0.03191510588
v -0.003596437629 -0.005048810504 -0.03191510588
v -0.003595490707 -0.006797013804 -0.02036630549
v -0.003594376147 -0.003210543189 -0.03373734653
v -0.00359275518 0.00551629765 -0.01650978625
v -0.003587045241 -0.003248809837 -0.03373530507
v -0.003585376078 -0.008293749765 -0.007546460722
v -0.003582511097 0.007684828248 -0.005261311773
v -0.003579645883 -0.001952301827 0.0006512500113
v -0.003565056249 0.00344614638 0.0001591225882
v -0.003563994542 0.001201190287 -0.02259559557
v -0.003563993843 0.001201188541 -0.02502046712
v -0.003561259713 0.001949596801 -0.00840803422
v -0.003559762612 -0.006942334119 -0.03459698334
v -0.003559616162 -0.008857971057 -0.01306729298
v -0.003553744638 0.006867110264 -0.0257926546
v -0.003553638468 0.001251189504 -0.02503840439
v -0.003553637536 0.001251188922 -0.02257766202
v -0.003553566523 -0.006867152173 -0.02578894794
v -0.003547624685 -0.006732992828 -0.0110284565
v -0.003543035826 0.004733320326 -0.009315955453
v -0.003540258855 0.005705712363 -0.02246495895
v -0.00353899505 0.002601190237 -0.02515036985
v -0.003538992954 0.002601187909 -0.02246569097
v -0.003536848584 0.006273493636 -0.02514854632
v -0.00353457639 0.001949599129 -0.007127881516
v -0.003531715833 -0.005373907275 -0.02340802923
v -0.003530703951 0.007359395735 -0.02468727157
v -0.003530595917 -0.007357063703 -0.02468727343
v -0.003530017333 0.005687167868 -0.02054425143
v -0.003528210567 0.004322371911 -0.0004495873291
v -0.00352787273 0.002601189539 -0.02423303202
v -0.00352787273 0.001251189504 -0.02423303202
v -0.003527872264 0.001251189737 -0.02338302694
v -0.003527870867 0.002601187909 -0.02338303439
v -0.003513994627 0.001101189409 -0.02250899188
v -0.003513994161 0.000401190191 -0.02250899374
v -0.003513993463 0.000401189347 -0.0251070708
v -0.00351399323 0.001101189177 -0.02510706708
v -0.003513992764 0.005501188803 -0.03280802816
v -0.003513592761 0.006946469191 -0.03285913169
v -0.003508709604 0.007501168177 -0.02363200858
v -0.003508597845 -0.007498832885 -0.02363201231
v -0.003504484426 -0.006767725572 -0.003378023626
v -0.003488995368 0.0004219017574 -0.02246568911
v -0.003488994902 0.0004219013499 -0.02515036799
v -0.003488993505 0.001121899695 -0.0224656947
v -0.003488993039 0.001121899229 -0.02515037358
v -0.00348786707 0.00750116678 -0.02263222635
v -0.003487759503 -0.007498830091 -0.02263222449
v -0.003483332926 0.009127233177 -0.0159366671
v -0.003481507767 0.004671896808 -0.009129423648
v -0.003470280208 0.0002011885226 -0.02106332779
v -0.003470128169 0.004273398314 -0.02106273361
v -0.003470125841 -0.004071020056 -0.02106273361
v -0.003470112337 -0.002898809733 -0.02106275037
v -0.003470111173 0.003101188922 -0.02106275037
v -0.003468136303 0.006960268132 -0.03226400167
v -0.003461876186 0.007301800419 -0.0213854257
v -0.00346178934 -0.007299803663 -0.02138645202
v -0.003455831669 1.187846579e-06 -0.0071295253
v -0.003447079565 0.006978661753 -0.03346413001
v -0.003445400391 -0.006989575457 -0.03479326144
v -0.003442822956 0.006867107935 -0.02047157846
v -0.003442798276 -0.006867154967 -0.02047528885
v -0.003436180297 0.004709414206 -0.009238651022
v -0.003433085978 -0.004045562819 -0.02113336511
v -0.00343260332 0.004247572739 -0.02113419771
v -0.003418411361 0.008082179353 -0.006439255085
v -0.003413995029 0.001251190319 -0.02380802855
v -0.003413992934 0.002601189073 -0.02380803414
v -0.003413992235 0.0002011873876 -0.02528027631
v -0.00341399177 0.0002011871256 -0.0223357901
v -0.003409253899 -0.004592482466 -0.009130932391
v -0.003408110002 -0.00521684438 -0.01561226323
v -0.003403708804 -0.001947218436 -0.008408030495
v -0.00339940167 0.005761255044 -0.02255662158
v -0.003396824468 -0.006831477862 -0.01443234365
v -0.003394927364 -0.004010874778 -0.02119917423
v -0.003393509891 0.004212569911 -0.02120065689
v -0.003378640162 0.0002011908364 -0.02227454819
v -0.003378638532 0.0002011893084 -0.0253415145
v -0.003377093934 -0.001947216922 -0.007131164894
v -0.00337552675 0.01015480887 -0.03311434016
v -0.003361057024 0.001435443992 -0.01121024974
v -0.003360901261 0.002446101978 -0.01125683635
v -0.003360835835 -0.001009544008 -0.01109718531
v -0.003360757139 0.002501188545 -0.01140930876
v -0.003360639559 0.001447516144 -0.01150379423
v -0.003360604402 0.009480088949 -0.01868469268
v -0.003360395553 -0.0009779874235 -0.01099325065
v -0.003360272152 0.001439838205 -0.01157609466
v -0.003360141069 -0.001033064444 -0.01160581037
v -0.003359813709 0.001343509182 -0.01090048626
v -0.003359695897 0.002396232914 -0.01091377717
v -0.003359464929 0.002439343836 -0.0108777564
v -0.003359357826 -0.001012000488 -0.01170914248
v -0.003359172493 -0.004667853937 -0.01145168766
v -0.003358548973 0.002355692908 -0.01075947657
v -0.003358535934 0.002422037767 -0.01176904514
v -0.00335834641 0.004893021658 -0.01080948953
v -0.003357807174 0.001368970028 -0.01185388491
v -0.003357385052 0.001171195647 -0.01061962452
v -0.003356986213 0.002396228723 -0.01190229692
v -0.003356548725 0.002440028824 -0.0119355619
v -0.003356042318 -0.0006580056506 -0.01050012931
v -0.003355255118 -0.0005872197798 -0.010438025
v -0.003355136374 0.0009802798741 -0.01043052319
v -0.003354202025 0.002256457461 -0.01037516259
v -0.003353663255 0.00122629141 -0.01212333888
v -0.003353233915 0.002164777368 -0.01030947268
v -0.003352432046 0.0006470387452 -0.01024024654
v -0.003352253232 -0.0007688174956 -0.01219644025
v -0.003351916559 0.007026368286 -0.03493576124
v -0.003351865336 -0.0001323405741 -0.01020335127
v -0.003351469291 0.0004273650702 -0.01017866097
v -0.003351413412 -0.0007355157868 -0.01223573089
v -0.003351395717 3.413156265e-06 -0.01017377712
v -0.003350719111 0.006860200781 -0.01443330012
v -0.003350535873 0.002281739842 -0.01226465683
v -0.003348627593 0.001972552156 -0.01002066955
v -0.003347976599 0.0009895975236 -0.01237803604
v -0.003347018501 0.001964811236 -0.009931677952
v -0.003346116748 0.00225693197 -0.01244002674
v -0.003345960518 0.001846972504 -0.009873790666
v -0.003345706966 -0.003248810302 -0.0343590118
v -0.003345706267 -0.005048811436 -0.0343590118
v -0.00334475562 0.0008193289395 -0.01249449514
v -0.003344592405 -0.004478469491 -0.00982725434
v -0.003344064578 -0.007314401679 -0.00436745258
v -0.003343156306 -0.005420418922 -0.01743770763
v -0.00334226992 -0.0002434613998 -0.01257627364
v -0.003342167474 0.004822026938 -0.009628637694
v -0.003340251511 -2.514489825e-05 -0.0126373712
v -0.003340076655 0.0003989743709 -0.01264228486
v -0.003339917399 0.001590585336 -0.009575095959
v -0.003339669434 0.001471955678 -0.009551247582
v -0.003339537652 0.000201188217 -0.01265803166
v -0.003339420771 -0.0092142215 -0.01597175188
v -0.003338533919 0.002861411776 0.0004022565554
v -0.003338532289 -0.002861409448 0.0004022569919
v -0.003336685011 0.002021007705 -0.01273119636
v -0.003336317837 0.001206971821 -0.009395349771
v -0.003335560206 0.004755624104 -0.009392867796
v -0.00333546591 0.01019822527 -0.02858420834
v -0.00333524961 0.002054524142 -0.01277025137
v -0.003334576497 0.001038413146 -0.009319600649
v -0.003333873581 0.001120152767 -0.009299379773
v -0.003333510598 -0.004838696215 -0.01276003569
v -0.003332987893 0.002010735217 -0.01282778569
v -0.003332311288 0.005061461125 -0.01282105502
v -0.003331358545 0.0005627959617 -0.0091872802
v -0.003330636304 0.001964483876 -0.01288478076
v -0.003330403008 0.004683227744 -0.009160811082
v -0.003330346895 0.0006046972703 -0.009143708274
v -0.003330016043 0.001943979063 -0.009132584557
v -0.003330008592 -0.001941598835 -0.00913258642
v -0.003329782747 -0.004270679783 -0.009132587351
v -0.003329768078 0.004649282899 -0.009132590145
v -0.00332931173 0.0003397557011 -0.0090977652
v -0.003329033498 0.0003226849949 -0.009085545316
v -0.00332792243 0.0003657949565 -0.009038135409
v -0.003325932426 -0.007034707814 -0.03509182483
v -0.003324721241 0.0001632363128 -0.008898208849
v -0.003323725658 0.0002132699883 -0.008856070228
v -0.00332085439 -0.001941528637 -0.008731191978
v -0.003320811782 0.001943908865 -0.008730101399
v -0.003319255309 0.001645112992 -0.01313360315
v -0.003318963572 0.0001011896093 -0.008644429967
v -0.003318006638 0.0001511891751 -0.008602235466
v -0.003316718154 0.005643913522 -0.0174092073
v -0.00331612071 0.0001011891582 -0.008512817323
v -0.003315910697 0.0001511878654 -0.008503987454
v -0.003313994268 0.000151190412 -0.008408032358
v -0.003313994268 0.001943900366 -0.008408030495
v -0.003313992638 -0.001941521419 -0.008408029564
v -0.003313992638 0.0001011880668 -0.00840803422
v -0.003312674351 0.001578635885 -0.01325023267
v -0.003312573535 0.005794648547 -0.02262495831
v -0.003311155597 0.009786268696 -0.02129313163
v -0.003310537897 -0.003148810705 -0.0346304141
v -0.003307522507 0.00474560773 -0.000829263241
v -0.003307157196 0.007017716765 -0.03166712448
v -0.003305114806 0.005116032902 -0.01336131804
v -0.00330339279 -0.00492142234 -0.01337760314
v -0.003302186262 0.001206098939 -0.01342115179
v -0.003302137833 0.01000850741 -0.02379577048
v -0.003301453777 0.006985619664 -0.02739964053
v -0.003296055365 0.001118112938 -0.013517485
v -0.0032953599 -0.00688204309 -0.01443445589
v -0.003290200606 0.0007075065514 -0.01360032242
v -0.003288184991 0.000562796602 -0.01362878177
v -0.003287822008 0.007050607353 -0.03502590209
v -0.003287820844 0.007436795626 -0.03502590582
v -0.003285791958 0.007043878548 -0.03400437906
v -0.003284916515 0.0006046969793 -0.01367236022
v -0.003280439181 0.0003227415727 -0.01373047475
v -0.003277696902 -0.003156422172 -0.03461076692
v -0.003276548116 0.0003643439268 -0.01377904788
v -0.003266601125 0.005501188338 -0.03405175358
v -0.003266600892 0.005501187872 -0.03156431392
v -0.003266550368 0.007051252294 -0.03405187652
v -0.003266471438 0.007032189984 -0.03156399727
v -0.00326468586 0.0001627045567 -0.01391888503
v -0.003261083737 0.000213775973 -0.01395902038
v -0.003252191702 0.008414414711 -0.007728620432
v -0.003249854548 -0.003178100102 -0.03459411114
v -0.003246624721 -0.008795332164 -0.01036322117
v -0.00324623636 -0.01023482811 -0.03309728205
v -0.003242541105 -0.003198811784 -0.03508635238
v -0.003240528051 0.000101188416 -0.01417163387
v -0.003239576938 0.003401187947 -0.03509022295
v -0.003238885431 -0.001329406863 0.000660669466
v -0.003238884266 0.001329404884 0.0006606732495
v -0.003236142453 0.0001511893061 -0.01421383396
v -0.003232121468 -0.007024540566 -0.02896042541
v -0.003231252776 -0.003210541559 -0.0345829837
v -0.00322769233 0.005218869541 -0.01428286079
v -0.003224719781 -0.003248810302 -0.0345790796
v -0.003223442705 -0.00955962576 -0.01870539598
v -0.00321996049 -0.007052589208 -0.03203291446
v -0.003216702957 0.006312236656 -0.02490236424
v -0.003205949208 -0.01027684938 -0.02855738625
v -0.003202828113 -0.00314881024 -0.03505597264
v -0.003199902829 0.00335118873 -0.03505979106
v -0.00319876452 0.003802478779 -7.403994823e-05
v -0.003198763821 -0.003802478779 -7.402616757e-05
v -0.003187699942 -0.007792847231 -0.005453621037
v -0.003184629371 -0.00508884294 -0.01464071311
v -0.003183852183 0.0004509988939 0.0006872383528
v -0.003178319661 -0.009859156795 -0.02130037546
v -0.003171695163 -0.006929097697 -0.01443703566
v -0.003171694232 0.006929094903 -0.01443703659
v -0.003171611112 -0.01007979643 -0.02378911339
v -0.003167702584 0.01024132781 -0.0348213315
v -0.003166079521 -0.005521997809 -0.01909153163
v -0.003127368866 0.007478666026 -0.03522965312
v -0.003116385546 0.005777301732 -0.01906086877
v -0.003103889525 -0.005155784544 -0.01517000515
v -0.003103466239 0.0001511898154 -0.015178442
v -0.003103443654 0.0001011888598 -0.01517859008
v -0.003102811752 0.005328644998 -0.01517629158
v -0.00309436582 -0.01028525364 -0.03469045088
v -0.00306728459 0.007493374869 -0.0346394442
v -0.00305795786 -0.007088500541 -0.02913382277
v -0.003051558509 0.001201189123 -0.02310803346
v -0.003051558044 0.001201188774 -0.02450803109
v -0.003046287689 0.0001511904848 -0.01830125786
v -0.003046276746 0.0001011885543 -0.01830126531
v -0.003045967314 -0.001390013495 -0.01830140315
v -0.003045815276 0.001626386074 -0.01830147021
v -0.003044949379 0.003101189621 -0.01830184646
v -0.003044907004 0.005367478821 -0.01548652351
v -0.003044902813 0.004301191308 -0.01830187067
v -0.003044900252 -0.004098810721 -0.01830187254
v -0.003044898855 -0.002898812527 -0.0183018744
v -0.003039831063 -0.007027496584 -0.02875177562
v -0.003037621733 -0.00554636959 -0.02066470869
v -0.003037254792 0.005901455414 -0.02292914689
v -0.003033847781 -0.007098954171 -0.03533663228
v -0.003033622634 0.001251189155 -0.02309767529
v -0.003033621702 0.001251189038 -0.02451838925
v -0.003030411201 -0.008199220523 -0.006650201976
v -0.003026479157 0.0001511881565 -0.0183094833
v -0.003026010701 0.00162637874 -0.0183096882
v -0.003022523364 -0.007101612166 -0.0292694103
v -0.003022266086 -0.007101536728 -0.02924643829
v -0.003022004152 0.007115374785 -0.03108876757
v -0.003013655078 0.007140831091 -0.0345406197
v -0.003013456706 0.007404956501 -0.03454093635
v -0.00300803408 0.006974120159 -0.01103970781
v -0.003008033615 -0.006971742492 -0.01103970595
v -0.002999780467 0.005549596623 -0.001696080901
v -0.002987425774 -0.005225501489 -0.01575787179
v -0.00298562157 0.006297312677 -0.02460661158
v -0.002975109266 0.005927558523 -0.02302707545
v -0.002971656155 0.00260119047 -0.02458302863
v -0.002971656155 0.002601191401 -0.02303302847
v -0.002970357193 0.0001511889277 -0.0158370845
v -0.002965527121 -0.007015596144 -0.01444133464
v -0.002964956919 0.001101190108 -0.02455803007
v -0.002964955755 0.0004011901037 -0.02305802703
v -0.00296495459 0.00110118743 -0.02305803262
v -0.002964954358 0.0004011882993 -0.02455803193
v -0.002954984084 0.007418048568 -0.03463017568
v -0.00294996053 0.00582647929 -0.02063336782
v -0.002935560187 0.008927216753 -0.01052711997
v -0.002924185945 0.0001011933418 -0.01602843776
v -0.00292165461 0.0004218996619 -0.02458303422
v -0.00292165461 0.0004219006514 -0.02303303406
v -0.002921654377 0.001121899579 -0.02458303049
v -0.002921654377 0.00112190051 -0.02303303033
v -0.002900071209 -0.004268685821 -0.0004316198174
v -0.002898321487 0.004301188979 -0.01834138297
v -0.002898320556 0.003101187991 -0.0183413811
v -0.002889325842 0.007046272047 -0.01444292348
v -0.00288257096 0.0001011891436 -0.01834205911
v -0.002873780439 -0.008539395407 -0.007944242097
v -0.002870571567 -0.001389913028 -0.01834296063
v -0.002867616946 -0.005434465129 -0.01749521121
v -0.002863994101 0.001201189472 -0.02380802855
v -0.002861026675 0.005639249925 -0.01746027172
v -0.002850112738 0.001626290847 -0.01834370941
v -0.002848576522 -0.004098811187 -0.0183444228
v -0.002848576289 -0.002898810897 -0.01834441721
v -0.002845660085 -0.003110749181 -0.02641668916
v -0.002845659852 -0.003081822069 -0.0263580326
v -0.002845659852 -0.002648808993 -0.02610803023
v -0.002845659619 -0.00300236349 -0.02625447698
v -0.002845659619 -0.002840151079 -0.02614609152
v -0.002845658921 -0.003148810938 -0.02872679383
v -0.002845658455 -0.002898811363 -0.0261750184
v -0.002845658222 -0.003148811171 -0.02660803124
v -0.002843284747 0.001251190552 -0.02380802855
v -0.002838453976 0.006246159784 -0.02428219281
v -0.002816496417 0.006010017358 -0.02340803109
v -0.002810911974 0.006017420441 -0.02342956699
v -0.002807826735 -0.003156242892 -0.02872679383
v -0.002806380391 0.0001511889277 -0.01834217831
v -0.002801027615 -0.003159322077 -0.02660803124
v -0.00279736286 -0.003162208013 -0.0287397299
v -0.002791749779 0.000201188348 -0.0246580299
v -0.002791749779 0.0002011894394 -0.0229580272
v -0.002784418175 0.003264126135 0.0001764449262
v -0.002784415847 -0.003264124971 0.0001764411863
v -0.00278154132 0.006276583765 -0.00265253731
v -0.002776264912 -0.003179249819 -0.02874538302
v -0.002774947323 -0.0031781008 -0.0287267901
v -0.002771129599 -0.003099377267 -0.02635802887
v -0.002765778219 -0.003188651754 -0.02872678824
v -0.002765778219 -0.003188651521 -0.02660803497
v -0.00276537356 0.005496873055 -0.01659096032
v -0.002764927689 0.006147737615 -0.02385960892
v -0.002764097648 0.006133599672 -0.02380762063
v -0.002763994271 0.001101189409 -0.02380803414
v -0.002763993805 0.0004011888232 -0.02380802669
v -0.002763993572 0.002601188608 -0.02380802855
v -0.002762007993 -0.003198809689 -0.02874920331
v -0.00275980588 -0.00721420534 -0.034045849
v -0.002755840309 -0.003212024458 -0.02875085548
v -0.002753092442 -0.003210977418 -0.02872678824
v -0.002751819557 0.000151188302 -0.01663988829
v -0.002749067498 -0.003248809371 -0.02875267342
v -0.002747326391 -0.003230627859 -0.0287267901
v -0.002747324295 -0.00323063042 -0.02660803497
v -0.002730512992 0.0002011891047 -0.02292267792
v -0.002730512759 0.000201188901 -0.0246933829
v -0.002721876139 -0.003148812335 -0.03536953777
v -0.002720854012 0.002526307479 0.0003951650579
v -0.002720375778 -0.003347279737 -0.0286389906
v -0.002716935938 -0.00322501082 -0.02643497102
v -0.002716655377 -0.003379061585 -0.02863170765
v -0.002714669332 0.0001011876957 -0.01832670905
v -0.002713994123 0.001121900394 -0.02380803227
v -0.002713993657 0.0004218998074 -0.02380802669
v -0.002712465823 0.007101975847 -0.01444661058
v -0.002712267451 -0.003148353891 -0.02635803074
v -0.002708270447 0.007570991293 -0.03509937227
v -0.002695380943 -0.003156422637 -0.03534191847
v -0.002694368595 -0.004729620181 -0.0008461999823
v -0.002689445391 -0.002935606055 -0.02617501467
v -0.002688324545 -0.001389821991 -0.01831908338
v -0.002687221393 -0.002898808802 -0.0183195658
v -0.002683001338 -0.003471368225 -0.0285061188
v -0.002681920771 0.004301188979 -0.01831779815
v -0.002681919606 0.003101188457 -0.01831779629
v -0.002681899583 0.01051392592 -0.03388399258
v -0.002681455342 -0.003218448954 -0.0263580326
v -0.002677057171 0.009310794063 -0.01342735719
v -0.002672920236 -0.003178099636 -0.03531851247
v -0.002671431517 -0.003466879949 -0.02841522917
v -0.002670430113 0.0001511898881 -0.01831253804
v -0.002669934183 0.001626215526 -0.01831273735
v -0.002666019835 -0.005337714218 -0.01689784974
v -0.002662968589 0.007578876335 -0.03568965197
v -0.002661692211 0.007221907843 -0.03061405569
v -0.002659204416 -0.0025674887 0.0003733842459
v -0.002657910576 -0.003210542724 -0.0353028737
v -0.002652641619 -0.003248809371 -0.0352973789
v -0.002640797058 -0.005650272127 -0.02340803109
v -0.002626885427 -0.005571233574 -0.01917794719
v -0.002621574327 0.00748563977 -0.03504607826
v -0.002611408709 0.003710929537 -7.976898632e-05
v -0.002603319474 -0.003204002744 -0.02625447698
v -0.002600731794 0.005799789447 -0.01913916133
v -0.002598721301 0.006927450653 -0.003675032407
v -0.002597891726 -0.004098810256 -0.01828025654
v -0.002597890096 -0.002898811596 -0.0182802584
v -0.002591717057 0.001727942494 -0.009147970937
v -0.002591529395 -0.005048810504 -0.03535461053
v -0.002586237388 -0.003615675261 -0.02806547843
v -0.002581496025 -0.009063417092 -0.01072127838
v -0.00258126948 0.01056467462 -0.03366804868
v -0.002581268316 -0.007260800339 -0.03366805241
v -0.00258126785 -0.01056467462 -0.03366804868
v -0.002581266686 0.007260798942 -0.03366805241
v -0.002579207765 0.000151187749 -0.01826745458
v -0.002577864798 -0.002711886773 -0.02610803209
v -0.002573740901 -0.003643667791 -0.02807970159
v -0.002573160687 0.007262795232 -0.03364934027
v -0.002566076815 -0.003038254799 -0.0261750184
v -0.002563994844 0.0002011912438 -0.02380802855
v -0.002563000191 0.007495949976 -0.03510675579
v -0.002562174108 -0.003651228966 -0.02660803124
v -0.002562167821 0.007248159498 -0.0305100102
v -0.002562090289 0.005501189269 -0.03050993755
v -0.002562090056 0.005501189269 -0.03510612622
v -0.002562032547 0.0001011910354 -0.01825619489
v -0.002561795758 0.007265548687 -0.03361876309
v -0.002561777132 -0.005360194482 -0.01719031669
v -0.002560687717 0.0001511911687 -0.01719858311
v -0.002560388064 0.005554330535 -0.01719342545
v -0.002555848798 -0.0008912271587 0.00052419235
v -0.002555848099 0.0008912310004 0.0005241932813
v -0.002550032688 0.001727939001 -0.007148407865
v -0.002548523713 -0.007268692367 -0.03357157111
v -0.002548522083 0.007268685382 -0.03357157111
v -0.002545161173 -0.003671176266 -0.02789685875
v -0.002544374904 0.0001511890005 -0.01724234596
v -0.002539894544 -0.00727062393 -0.0335232541
v -0.002537507098 -0.003632611595 -0.02643497661
v -0.002536788816 -0.007271230221 -0.03349066898
v -0.002535938052 0.01058958843 -0.03347020224
v -0.002535937354 -0.00727133872 -0.03347020969
v -0.002535936423 -0.01058958843 -0.03347020596
v -0.002535935957 0.007271335926 -0.03347020596
v -0.00253325887 -0.00372725795 -0.02794726193
v -0.002528885379 -0.007199758198 -0.03579577059
v -0.00252698618 -0.001389758661 -0.01823037118
v -0.002525911201 -0.00313191209 -0.02262207121
v -0.002518936992 0.007271339186 -0.03265459463
v -0.002518936992 -0.008837169968 -0.03265459463
v -0.00251893606 0.00883717183 -0.03265459463
v -0.002518935828 -0.007271337789 -0.03265459463
v -0.002518388908 0.007244525943 -0.02768334933
v -0.002515975386 -0.009475855157 -0.03251258656
v -0.002515974687 0.009475853294 -0.03251259029
v -0.00251527084 0.00964512676 -0.01621956192
v -0.002515243366 0.007272065151 -0.03260348365
v -0.00251418259 -0.01062495261 -0.03242655471
v -0.002514179097 0.01062494889 -0.03242653981
v -0.002512627048 0.001626163372 -0.01821839437
v -0.002507768804 0.009997818619 -0.03211889416
v -0.002507767407 -0.00999781955 -0.03211889416
v -0.002501493786 -0.003185173031 -0.0261750184
v -0.002496050671 0.004301190376 -0.01820449531
v -0.002496049739 0.003101189388 -0.01820449345
v -0.002493283246 0.0002011897304 -0.02380802855
v -0.002492319793 0.01062510815 -0.03137769923
v -0.002492317231 -0.01062510815 -0.03137770295
v -0.002491611056 -0.01065388415 -0.03134367988
v -0.002491608262 0.01065388508 -0.03134367988
v -0.002484431257 0.00883717183 -0.032482218
v -0.002484430326 -0.008837172762 -0.032482218
v -0.002484341385 0.00727938069 -0.03248198703
v -0.002474528039 0.01064972859 -0.02840076201
v -0.00247331243 -0.009865611792 -0.03200766444
v -0.002473309869 0.009865614586 -0.03200766444
v -0.002470317064 0.009393138811 -0.03233432397
v -0.002470316598 -0.009393136948 -0.03233432397
v -0.002458942588 -0.007285329048 -0.03242733702
v -0.002458101837 0.0104932934 -0.03126690909
v -0.002458100906 -0.01049329061 -0.03126690909
v -0.002455330454 -0.001646801364 -0.009150815196
v -0.00245147245 -0.01067448407 -0.03104460612
v -0.002450038912 -0.00377538614 -0.02750635333
v -0.002445283812 -0.003563006409 -0.02625447325
v -0.002444587182 0.001626148704 -0.01814523712
v -0.002443231642 0.007264399435 -0.02771074511
v -0.002441452583 0.0099488087 -0.01885336824
v -0.002441101708 0.0001011881322 -0.01813971438
v -0.002436736599 -0.003791216062 -0.0275139194
v -0.00243373285 0.00750251906 -0.004763054196
v -0.002432529815 0.01042024232 -0.02375330403
v -0.002432254842 0.007291497663 -0.03238349035
v -0.002431945642 -0.005382499192 -0.01752525754
v -0.00243146508 0.01068365015 -0.03096920066
v -0.002427558415 0.00163127936 -0.009151396342
v -0.002427553525 -0.001628894242 -0.00915139541
v -0.00242744037 -0.003809818765 -0.0275211148
v -0.002421591198 -0.003801471321 -0.02738956176
v -0.002417416312 -0.005641166121 -0.02075544745
v -0.00241661421 0.00720133353 -0.01445277501
v -0.002415604657 0.0001511891751 -0.01810129732
v -0.002413776703 -0.001389730023 -0.01809889264
v -0.002413645852 -0.001646804856 -0.007151251193
v -0.002412854927 -0.004098808859 -0.01809936576
v -0.00241285353 -0.002898810897 -0.01809936576
v -0.002406351268 -0.005582971964 -0.00178052159
v -0.002392862923 -0.005668693688 -0.02217726223
v -0.0023907742 0.003209993709 -0.02282947116
v -0.002389928792 0.005587767344 -0.01762784645
v -0.002385895699 0.007624959573 -0.03540235385
v -0.002383209765 -0.003674936946 -9.446638433e-05
v -0.002382441657 0.0001511899609 -0.01765248738
v -0.002382430481 0.0001011880304 -0.0176524967
v -0.002382139442 -0.001389816753 -0.01765258983
v -0.002382003237 0.001626216923 -0.01765262149
v -0.002381252591 0.003101190785 -0.01765281893
v -0.002381113591 0.004301190376 -0.01765296236
v -0.002381113125 -0.004098808859 -0.01765296794
v -0.002381112427 -0.002915952122 -0.01765296236
v -0.002381111495 -0.002898810431 -0.01765296794
v -0.002380877966 0.003246163251 -0.0176535584
v -0.002380867023 0.003774771234 -0.0176528506
v -0.002380641876 0.003243457992 -0.01765413024
v -0.002380196936 0.003234014846 -0.01765521057
v -0.002379349433 0.003200398292 -0.01765727811
v -0.002378003672 0.003101188689 -0.01766064204
v -0.002377929632 0.009745975956 -0.03190835193
v -0.002377927536 -0.009745976888 -0.03190835193
v -0.002375938231 0.004301189445 -0.01802295074
v -0.0023759373 0.003101188689 -0.01802294888
v -0.002366470406 -0.002986218315 -0.02286570147
v -0.002366470173 0.00318859634 -0.02286570147
v -0.002366375411 -0.002887857612 -0.02610803396
v -0.00236616726 0.0001011897402 -0.01798935793
v -0.002365152817 0.008837172762 -0.03230417147
v -0.002365152119 -0.00883717183 -0.03230417147
v -0.00236494164 -0.007306839805 -0.03230396658
v -0.002364939544 0.007306838874 -0.03230396658
v -0.002364471555 0.0001511882001 -0.01798370108
v -0.002363984706 0.001626142766 -0.0179838445
v -0.002363347681 0.01037388854 -0.03116788529
v -0.002363346051 -0.01037388854 -0.03116788156
v -0.002358689206 0.009087391198 -0.03227116168
v -0.002358688973 -0.009087391198 -0.0322711654
v -0.00235784892 0.005885358434 -0.02071702853
v -0.002354308031 -0.001389736077 -0.01794420928
v -0.002351887524 -0.00932372082 -0.03218636289
v -0.002351886127 0.00932372082 -0.03218635544
v -0.002351354109 -0.001389777521 -0.01775808074
v -0.002348981798 -0.009449573234 -0.01357761398
v -0.002346369671 0.0001511896699 -0.01788880676
v -0.002344784327 0.009536175989 -0.03205515444
v -0.002344783396 -0.009536178783 -0.03205515817
v -0.002344613662 0.0001011878121 -0.01782347821
v -0.002344354056 0.004301188514 -0.01780756749
v -0.002344353823 0.003101188457 -0.01780757308
v -0.002344333334 -0.0029676212 -0.02289981209
v -0.002344181528 0.001626167097 -0.01782260649
v -0.002343025757 -0.004098809324 -0.01785020344
v -0.00234302436 -0.002898811363 -0.01785020344
v -0.002337643644 -0.009714771062 -0.03188276663
v -0.002337640617 0.009714770131 -0.03188277036
v -0.002314942423 0.007533817086 -0.03533094004
v -0.002313690726 -0.01073401608 -0.03067962639
v -0.002307459246 -0.002943930915 -0.0229553245
v -0.002301214263 -0.003454275662 -0.02613893896
v -0.002299438929 -0.007321497425 -0.03225103393
v -0.002288738266 -0.007235022727 -0.01445543859
v -0.002285534749 0.01074508019 -0.03063110635
v -0.002283724723 0.005974482279 -0.02213649824
v -0.002283660462 -0.003903180361 -0.02682333253
v -0.002280924004 0.008001540788 -0.00592336664
v -0.002280302811 0.003658639966 -0.0001030715648
v -0.002268901793 0.005207645707 -0.009154702537
v -0.002268900629 -0.005205266178 -0.009154703468
v -0.002264368813 -0.003918893635 -0.02683106251
v -0.002256038832 0.007330866996 -0.03222474828
v -0.002255659318 -0.003139720764 -0.02610803023
v -0.002250181511 0.003121144604 -0.02304094471
v -0.002250122139 -0.002918745158 -0.02304102853
v -0.002249922371 -0.00393932499 -0.02683825791
v -0.002248440869 -0.007240370847 -0.0292694103
v -0.002246686723 0.007643285673 -0.03550915048
v -0.002246465068 -0.005406031851 -0.01796320826
v -0.002242915099 0.007244444452 -0.01445639785
v -0.002242913237 -0.007244445384 -0.0144563932
v -0.002241309267 -0.003963111434 -0.02684444562
v -0.002239949536 -0.0071727545 -0.02875177749
v -0.002239037072 -0.00398861384 -0.02684921026
v -0.002239034278 -0.005048811901 -0.02684921212
v -0.002236299217 -0.009660788812 -0.03183916956
v -0.002236298751 0.00966078788 -0.03183916956
v -0.00222802232 -0.00724290451 -0.03600180149
v -0.002227887977 -0.003198809223 -0.03600265458
v -0.002222557552 -0.01028861944 -0.03109868802
v -0.00222255406 0.01028862223 -0.03109869175
v -0.002218910726 0.007328538224 -0.0302117262
v -0.002217878122 -0.00723502459 -0.01105617639
v -0.002217178466 -0.01077088807 -0.03053362854
v -0.002216693712 0.003401187947 -0.03600951284
v -0.002216497902 0.007646691985 -0.03600864112
v -0.002209037077 -0.009775749408 -0.01632399485
v -0.002208458725 -0.003944606986 -0.02660802938
v -0.00220520678 -0.01075671427 -0.02834350802
v -0.002201700816 -0.003148811636 -0.03596005961
v -0.00219843979 -0.003949634265 -0.02659648657
v -0.00219472195 -0.003916922957 -0.02643496916
v -0.002192265354 -0.006338612176 -0.002803318901
v -0.002191021107 0.003106456716 -0.0231285952
v -0.00219066022 0.003351191059 -0.03596682101
v -0.002189454855 -0.009064543061 -0.03217006475
v -0.002189452993 0.009064541198 -0.03217006475
v -0.002182289725 -0.008837170899 -0.03219241649
v -0.002182288561 0.008837170899 -0.03219241649
v -0.002182258759 -0.00734623475 -0.03219240531
v -0.002178349067 -0.004098851699 -0.01811685227
v -0.002178148832 0.009279462509 -0.03209379315
v -0.002178148599 -0.009279462509 -0.03209379688
v -0.002167302184 -0.009472798556 -0.03197533637
v -0.002167300321 0.009472800419 -0.03197533637
v -0.002163085155 -0.003350018524 -0.02610803023
v -0.002159508411 -0.01051887404 -0.02374109998
v -0.002158014569 -0.007182578091 -0.0287517719
v -0.002157248789 0.009635429829 -0.03181933984
v -0.002157248789 -0.009635427967 -0.03181933984
v -0.002151345834 -0.01006503403 -0.01891606487
v -0.002150962362 0.003101955401 -0.02318749577
v -0.002145399572 -0.003977040295 -0.02653548867
v -0.002143367194 -0.003813421587 -0.02625447884
v -0.00214003725 0.007554853801 -0.03546198457
v -0.002138638403 0.007336390205 -0.0278219115
v -0.002135318937 0.008425058797 -0.007160740439
v -0.002127194311 0.007656973787 -0.0360616222
v -0.002125911182 -0.002898809733 -0.02322414331
v -0.002125910716 0.003101187991 -0.02322414331
v -0.002114471979 -0.002898809034 -0.02324082702
v -0.002114470815 0.003101189388 -0.02324082702
v -0.002112208866 -0.003930972889 -0.02636756375
v -0.002107595094 -0.01081053074 -0.03042109683
v -0.002098757541 -0.005419141613 -0.01828620583
v -0.002089414746 -0.002954731928 0.0001416183659
v -0.002084989799 0.004199060146 -0.0004863200884
v -0.002081340877 -0.005538165104 -0.01924876682
v -0.002080782549 0.005748881958 -0.01920329779
v -0.002080284758 -0.007366285194 -0.03216878325
v -0.002079617698 0.01082038134 -0.03039932624
v -0.002063146094 -0.003651732346 -0.02613893338
v -0.002062795684 -0.004017557949 -0.02644667774
v -0.002062730491 0.009619305842 -0.03180765733
v -0.002062730258 -0.009619303048 -0.03180765733
v -0.002056875033 -0.004027700983 -0.02645401843
v -0.002052994678 -0.005048810504 -0.02648210712
v -0.002049831906 -0.01024667546 -0.03106680699
v -0.002049830509 0.01024667546 -0.03106680885
v -0.002049010014 -0.004087277222 -0.02647727914
v -0.002048849827 -0.004055835772 -0.02646848746
v -0.002047147602 -0.003840975929 -0.0262297336
v -0.0020394905 -0.004027813207 -0.02642380446
v -0.00203444669 -0.004194907378 -0.0004925652174
v -0.002009335905 -0.003966033459 -0.02630723827
v -0.002008624608 -0.008837169968 -0.03216512129
v -0.002008623676 -0.007379715331 -0.03216512874
v -0.002008623444 0.0073797144 -0.03216512501
v -0.002008623444 0.00883717183 -0.03216512129
v -0.002008286538 -0.007008905523 -0.003891027067
v -0.002003213856 0.006161471363 -0.02340803109
v -0.001997266198 0.008779956959 -0.008463561535
v -0.001995401457 -0.005759991705 -0.02340803109
v -0.001992580947 -0.009057432413 -0.03214110807
v -0.001992579084 0.009057432413 -0.03214110807
v -0.001986225368 -0.003496709745 -0.02610803209
v -0.001977259293 0.00926726032 -0.03207106516
v -0.001977256965 -0.009267262183 -0.03207106888
v -0.001963061281 -0.009457293898 -0.0319590345
v -0.001963060582 0.009457295761 -0.0319590345
v -0.001959088026 -0.003148809541 -0.03592719138
v -0.001950389473 -0.009618179873 -0.03180905059
v -0.00195038924 0.00961817801 -0.03180905059
v -0.001940815011 -0.003156422405 -0.03589357063
v -0.001937891007 -0.0102450829 -0.03106779791
v -0.001937890542 0.01024508569 -0.03106779233
v -0.001934663742 0.007324703969 -0.01446281932
v -0.001934574684 -0.003885422833 -0.02620017715
v -0.001933489344 -0.007273182273 -0.03616572171
v -0.001929109101 -0.004068173002 -0.0263287127
v -0.00192805659 -0.002175451024 0.0002484122815
v -0.00192805531 0.002175450558 0.0002484242432
v -0.001925324323 -0.003178098472 -0.03586506099
v -0.001925060526 -0.01087171212 -0.03032625839
v -0.001925059827 0.01087171119 -0.03032626212
v -0.001924355631 0.004710651003 -0.0009355822112
v -0.001923543052 0.005634730682 -0.01864983141
v -0.001914972789 -0.003210542025 -0.03584601358
v -0.001913994201 0.003351190127 -0.03280802816
v -0.001911339699 -0.003248809138 -0.03583932295
v -0.001904149889 -0.004075279925 -0.02631019987
v -0.00190292357 -0.007275615819 -0.0326205492
v -0.001899370342 -0.00409546867 -0.02632005513
v -0.001899023424 -0.004130756482 -0.02632837184
v -0.001879091724 -0.0004467723193 0.0003338693059
v -0.001877757139 -0.004709827248 -0.0009435622487
v -0.001871349989 -0.004012739751 -0.02623665519
v -0.001853452646 -0.005774510093 -0.02340803109
v -0.00184988149 0.001043600962 -0.009163440205
v -0.001843993785 -0.00728003867 -0.03328257799
v -0.001841163845 -0.007597843185 -0.005037428811
v -0.001841151272 -0.003784597619 -0.0261318665
v -0.00182196917 -0.01090224274 -0.03030611016
v -0.001821967191 0.01090224274 -0.03030611388
v -0.00180819782 0.00104360003 -0.007163869683
v -0.001799311489 -0.003943708725 -0.02616664954
v -0.001790945418 -0.005645704456 -0.02083819732
v -0.001784443273 0.003165276023 -1.813649988e-06
v -0.001784182503 0.004301221576 -0.01892832667
v -0.001781882485 0.0009273759788 -0.00916485209
v -0.001781875384 -0.0009249910945 -0.009164853953
v -0.00177834311 0.009639643133 -0.03181263432
v -0.001778342994 -0.009639643133 -0.03181263059
v -0.001771138282 -0.0009048083448 -0.00916507747
v -0.001769005903 -0.00504881097 -0.02925802954
v -0.001769005903 -0.004448811058 -0.02955802903
v -0.001769005787 -0.00504881097 -0.02955803275
v -0.00176900439 -0.004448812921 -0.02925803326
v -0.001763995155 0.00350119127 -0.03280802816
v -0.001763994922 0.003701190231 -0.03280803189
v -0.001763994922 -0.007135051303 -0.03280802816
v -0.001763992943 -0.00504881097 -0.03280802816
v -0.001762560802 -0.007135219406 -0.03287357837
v -0.001762057771 0.005864796694 -0.02079315111
v -0.001758344937 0.007357222494 -0.01446649618
v -0.001755488804 0.00932368543 -0.0111875264
v -0.001754165278 -0.007135870401 -0.03263660148
v -0.001744385576 0.009298493154 -0.03207692131
v -0.001744383131 -0.009298492223 -0.03207692131
v -0.001738029998 -0.00367330783 -0.02610803209
v -0.001731420867 0.007417567074 -0.02990817465
v -0.00173094566 -0.004257468972 -0.0292580314
v -0.001730945543 -0.004257469438 -0.02955803275
v -0.001729458454 -0.0009048066568 -0.007165516261
v -0.001728335279 -0.0040988205 -0.01903674379
v -0.001726532821 0.005640239455 -0.01903718524
v -0.001723735593 -0.004105665255 -0.02620436624
v -0.001722470741 -0.007287541404 -0.03203661367
v -0.001719367225 -0.004148811568 -0.02621312812
v -0.001717636362 0.01093082596 -0.03028724529
v -0.001717634266 -0.01093082502 -0.03028724715
v -0.001700747991 0.007689686026 -0.03583028167
v -0.001697789878 0.008878672495 -0.03217160702
v -0.001697789878 -0.008878671564 -0.03217160702
v -0.001697574276 0.00618891418 -0.02340803295
v -0.001696347375 0.005616003182 -0.001928576618
v -0.001692937338 0.003351190826 -0.0319830291
v -0.001692935126 0.003351189429 -0.03363303468
v -0.00168947049 -0.007139381487 -0.03327495232
v -0.001688157325 -0.008107065223 -0.006241896655
v -0.001678713481 -0.005724480376 -0.02223704569
v -0.001677922904 -0.004056566861 -0.02616312169
v -0.001675857231 -0.005048809573 -0.02619271912
v -0.001657437533 -0.007141056936 -0.03336329013
v -0.001654876163 -0.007214772981 -0.03207092732
v -0.001653773012 -0.005617769435 -0.00193915132
v -0.001640140312 -0.007141359616 -0.03221119195
v -0.001631242339 0.01095276326 -0.03027163818
v -0.001631241408 -0.01095276605 -0.03027163632
v -0.0016282734 -0.004003360868 -0.02613292448
v -0.0016261501 0.007427333388 -0.02800921537
v -0.001622559386 -0.004095258191 -0.02925802954
v -0.00162255927 -0.004095258191 -0.02955803275
v -0.001606512349 0.005501187872 -0.03280803561
v -0.001594199683 -0.007389309816 -0.01446991973
v -0.001592095825 0.007594097406 -0.03576995432
v -0.001579030533 0.009712411091 -0.01393896248
v -0.001576033887 -0.003947375342 -0.02611435764
v -0.001570354565 0.01094740164 -0.02821647003
v -0.001563036465 -0.007145224139 -0.03355801851
v -0.001563035068 -0.007144613657 -0.03205804154
v -0.001563033089 -0.005048809107 -0.03355802968
v -0.001563032856 -0.005048809573 -0.03205803037
v -0.001563032507 0.003501190571 -0.03355802968
v -0.001563032274 0.003501190338 -0.03205803409
v -0.001563032274 0.003701189533 -0.03355802968
v -0.001563032158 0.003701189533 -0.03205803409
v -0.001549528446 7.994779298e-05 -0.009169695899
v -0.001547938446 1.192130867e-06 -0.00916973222
v -0.001546882093 -0.008538838476 -0.007502678782
v -0.001542380312 0.007696180139 -0.03590041399
v -0.001532980124 0.007697991561 -0.03633650765
v -0.00153229339 -0.003248810535 -0.03601644561
v -0.001532292226 -0.005048811436 -0.03601644561
v -0.001524554216 -0.004098813981 -0.01941939816
v -0.001522442792 -0.003889937652 -0.02610802837
v -0.001519909594 -0.00729595311 -0.03387792036
v -0.001514020725 0.01069652755 -0.02371493354
v -0.001513520954 0.007401490584 -0.01447159797
v -0.001510478323 -0.004126816988 -0.02613456361
v -0.001508110552 0.007447098382 -0.02980558388
v -0.001507848618 7.994946645e-05 -0.007170135155
v -0.001507714973 0.005501189269 -0.02980542183
v -0.001507714507 0.005501188338 -0.03581064194
v -0.001506421366 0.007596840151 -0.03580684215
v -0.001502153929 0.007596951909 -0.03580860794
v -0.001501141698 0.006395028438 -0.003011605004
v -0.001465762733 0.01028001215 -0.01906704716
v -0.001460348256 -0.003986870404 -0.02955802903
v -0.001460346859 -0.003986872267 -0.02925803326
v -0.001459880266 -0.006397752557 -0.003025085898
v -0.001456199912 -0.007147777826 -0.03371832892
v -0.001453988487 -0.004072901793 -0.02611487731
v -0.001445594593 0.007415837143 -0.01447301358
v -0.001430552336 0.003538130783 -0.0002354279568
v -0.001430045813 -0.007297911681 -0.02926941216
v -0.001428989111 -0.007229774259 -0.02875177562
v -0.001427197363 -0.005438577849 -0.01959449612
v -0.001426651026 0.0055011902 -0.03347929195
v -0.001426649746 0.005501187872 -0.03213677183
v -0.001417774241 -0.008900445886 -0.008808756247
v -0.001407491392 -0.007148169912 -0.03183725104
v -0.001399160479 -0.007148364559 -0.03378854319
v -0.001395216328 -0.004016843159 -0.02610803023
v -0.001381287235 0.005637932103 -0.01967617311
v -0.001374735963 0.00741583854 -0.01107375324
v -0.00136187661 0.003826358821 -0.0004046972317
v -0.001352862688 -0.007298597135 -0.03156817332
v -0.001319502946 0.007079578005 -0.004161999561
v -0.001317365677 -0.007298810408 -0.03640636802
v -0.001317156828 -0.01101985015 -0.03020532429
v -0.001317155431 0.01101985201 -0.03020532615
v -0.001313242828 0.004126352258 -0.0006139118923
v -0.001303130528 -0.007222678978 -0.03162545711
v -0.001278467127 -0.007082876284 -0.004178696312
v -0.001273110858 -0.004148809239 -0.02610802837
v -0.001273109345 -0.005048811436 -0.02610802837
v -0.001269006287 -0.003948810976 -0.0292580314
v -0.00126900617 -0.003948810976 -0.02955803275
v -0.001267363434 0.007437610999 -0.01447673142
v -0.00126736192 0.007440779824 -0.01447673328
v -0.001225240179 0.004701856058 -0.001090107951
v -0.001212833682 -0.001748021343 5.401176168e-05
v -0.001212832052 0.001748021459 5.40154615e-05
v -0.001211269642 -0.00729791075 -0.03145762905
v -0.001210336224 -2.269928689e-09 9.984774806e-05
v -0.001209995011 0.002621717285 -5.238979065e-05
v -0.00120999408 -0.002621720778 -5.238650556e-05
v -0.001203155844 -0.009452114813 -0.01149484608
v -0.001197037753 0.004452723544 -0.009177044965
v -0.001197037054 -0.004547276534 -0.009177044034
v -0.001196144149 0.007446494419 -0.01447191648
v -0.001193488599 0.01091719605 -0.03036140651
v -0.001192271011 0.003514394164 -0.0002973902156
v -0.001192271011 -0.003514395328 -0.0002973912633
v -0.001184026944 0.007478361018 -0.02969097346
v -0.001169002149 -0.007221243344 -0.03152060136
v -0.001155163511 -0.003992687445 -0.0005680726026
v -0.001155161997 0.003992698155 -0.0005680795875
v -0.001149482443 0.007679350208 -0.005366599187
v -0.001149104093 -0.004547275603 -0.00687754387
v -0.001149102463 0.004452722147 -0.006877543405
v -0.001146393712 0.005631032865 -0.02008841746
v -0.001134562423 -0.01103187073 -0.02813924104
v -0.001128504169 0.007454266306 -0.01445493381
v -0.001125067589 -0.007447175216 -0.01107896026
v -0.001125066308 0.007449554745 -0.01107896119
v -0.001119569992 0.007698238362 -0.03604523838
v -0.001116093714 -0.00435972726 -0.0008421925595
v -0.001116091735 0.004359730519 -0.0008421916282
v -0.001104999566 -0.007146187592 -0.03156597167
v -0.001093894243 -0.00714582717 -0.03405753523
v -0.001088993275 0.003351188265 -0.03423697501
v -0.001088992809 0.003351188498 -0.03137909248
v -0.001080714981 0.007462147623 -0.01443492156
v -0.001076207496 -0.003148810705 -0.03626387194
v -0.00107410585 0.004700869787 -0.001131656463
v -0.001074101892 -0.004700867459 -0.001131659839
v -0.001069430728 -0.01077669393 -0.02369927242
v -0.001067453413 -0.003156421706 -0.03622661158
v -0.001060662442 -0.00394127192 -0.009179891087
v -0.001060660928 0.00505872583 -0.009179890156
v -0.001060028677 -0.003178100567 -0.03619503602
v -0.001058585942 -0.009839991108 -0.01417610887
v -0.001057940884 0.005640765652 -0.002108492889
v -0.001055070548 -0.003210541792 -0.03617392853
v -0.001053329208 -0.003248810302 -0.03616651893
v -0.001038570073 0.007463601418 -0.01441066898
v -0.001022036886 -0.00714352401 -0.03151367232
v -0.001013993518 -0.005048810504 -0.03150899336
v -0.001013992936 0.003501189407 -0.03150899336
v -0.001013992936 -0.005048811436 -0.03410707042
v -0.00101399282 0.003701188369 -0.03150899708
v -0.001013992354 0.003501188476 -0.03410707042
v -0.001013992238 0.003701187437 -0.03410707042
v -0.001013888395 -0.007142953575 -0.03410713002
v -0.001012725639 0.005058724433 -0.006880389061
v -0.001012724824 -0.003941275645 -0.006880388595
v -0.001012203866 0.003859705059 -0.009180895984
v -0.001012203516 -0.005140295718 -0.009180895053
v -0.0009953699773 -0.01038072724 -0.01916540973
v -0.0009934111731 0.008196747862 -0.006615345832
v -0.0009931618115 -0.00729195727 -0.0342881307
v -0.0009919669246 0.007593731396 -0.03597426042
v -0.0009835294913 -0.005304279737 -0.001742094988
v -0.0009835249512 0.005304305814 -0.001742126304
v -0.0009821885033 0.007471452001 -0.01436554268
v -0.0009821824497 0.007468873169 -0.01436553709
v -0.0009646146791 -0.005682182033 -0.022293007
v -0.0009642709047 0.003859706223 -0.006881395355
v -0.0009642705554 -0.005140294321 -0.006881394889
v -0.000952197588 -0.003198810155 -0.03649433702
v -0.0009517483413 -0.007290058769 -0.03649362549
v -0.0009473479004 0.005507417023 -0.001982037676
v -0.0009473452228 -0.005507417489 -0.001982037909
v -0.0009451386286 0.004460798111 -0.006681756116
v -0.0009451378719 -0.004539202433 -0.006681755651
v -0.0009430200444 -0.003148811636 -0.03644519299
v -0.0009353748756 0.007475392893 -0.01431199815
v -0.00093525392 0.005501189735 -0.03164537251
v -0.0009352532797 0.005501189269 -0.03397069126
v -0.00093324919 -0.007138946094 -0.03415045142
v -0.0009311778122 0.003401190508 -0.03649820015
v -0.0009280980448 0.005938158371 -0.02224638686
v -0.0009261962259 0.002851188416 -0.02610803209
v -0.000926195702 -0.002898810664 -0.02610803023
v -0.0009222794324 0.003351188265 -0.03644900024
v -0.0009095880087 0.007474992424 -0.01427156013
v -0.0009022454033 0.00430129515 -0.02050339803
v -0.000901027699 0.00298250257 -0.02612563409
v -0.0008947557071 0.007689462975 -0.03650354594
v -0.0008881661925 -0.007477064151 -0.01448463462
v -0.000886717753 0.007479135878 -0.01422307733
v -0.000883341243 0.00642656954 -0.00322539336
v -0.0008671690011 0.007480512373 -0.01415699534
v -0.0008629516233 -0.005560256541 -0.009184007533
v -0.0008629512158 0.005562635139 -0.009184006602
v -0.0008591137594 0.007478660438 -0.01408515591
v -0.0008591131773 0.007480997127 -0.01408515591
v -0.0008551903302 -0.01108411327 -0.03008422814
v -0.0008445236599 0.007480994798 -0.01338530518
v -0.000844522845 0.007478659507 -0.01338530518
v -0.0008367688279 0.007479133084 -0.01331495866
v -0.0008314939914 0.004965802655 -0.006684122607
v -0.0008314932929 -0.004034197889 -0.006684121676
v -0.0008311875863 0.003101191018 -0.02617501654
v -0.0008173059323 -0.007477066014 -0.01108537242
v -0.000816917629 0.00748048583 -0.01324739028
v -0.0007939923089 0.007484279573 -0.01319879759
v -0.0007911142893 0.003966619261 -0.00668496592
v -0.0007911135326 -0.005033380818 -0.006684965454
v -0.0007836406585 0.002917877398 -0.0260928981
v -0.0007787867216 -0.007499178872 -0.03203601763
v -0.0007787843351 0.00749917794 -0.03203602135
v -0.0007677819813 0.007483754307 -0.01315779984
v -0.0007676909445 0.007499377243 -0.0321909897
v -0.0007676889072 -0.00749937864 -0.03219099715
v -0.0007616468938 0.002984103747 -0.02610591426
v -0.0007606465952 -0.00936003495 -0.03209742531
v -0.0007606452564 0.009360033087 -0.03209742904
v -0.0007585123531 0.009703442454 -0.03183389455
v -0.0007585113635 -0.00970344618 -0.03183389083
v -0.0007584673585 0.008937436156 -0.03219118342
v -0.0007584666018 -0.008937437087 -0.03219118342
v -0.0007508610724 0.003101188689 -0.02500157803
v -0.0007508590934 -0.002898811828 -0.02500157617
v -0.0007315630792 -0.004098882433 -0.02078319713
v -0.0007308746572 0.009000847116 -0.009204168804
v -0.0007301750593 -0.005417731125 -0.02078324184
v -0.0007278261473 0.007499180734 -0.02959129773
v -0.000726222177 0.003048907733 -0.02612778917
v -0.0007214970537 0.007486595307 -0.01310496591
v -0.0007214912912 0.007488688454 -0.01310496032
v -0.0007125507691 -0.004098900594 -0.02081388794
v -0.0007075511385 -0.003238863312 -0.0003740665852
v -0.0007073933375 0.002851190744 -0.02605615929
v -0.000707391242 -0.002898810199 -0.02605616488
v -0.0007055131719 0.007116782013 -0.004417129792
v -0.0007019043551 0.007499179337 -0.02834782377
v -0.000696470961 -0.007122009993 -0.03424433246
v -0.0006862078444 -0.006697835866 -0.003713157494
v -0.000686207437 0.006697833538 -0.003713160753
v -0.0006788754254 -0.007271870971 -0.03653461859
v -0.0006644548848 0.007491718978 -0.01305938885
v -0.0006608413532 -0.007270069793 -0.03120713867
v -0.0006598849432 0.002912781201 -0.02603678033
v -0.0006526635843 0.007520828862 -0.03187751025
v -0.0006492637913 -0.00719291158 -0.0312823914
v -0.0006486811908 -0.007118988782 -0.03135819733
v -0.000645497872 0.006163834129 -0.02340803109
v -0.0006412527291 0.002975407289 -0.02604714781
v -0.0006396193639 0.00551533699 -0.009188668802
v -0.0006396193057 -0.003484664019 -0.009188667871
v -0.0006332242046 0.003101165872 -0.02613103949
v -0.0006219169009 0.007491823286 -0.01303504221
v -0.0006208521081 0.003101189854 -0.02517735772
v -0.0006208508275 -0.00289881113 -0.02517735772
v -0.0006166530075 -0.007197875064 -0.02875177376
v -0.0006106420187 0.003039185423 -0.02606568858
v -0.0006102598272 -0.007265720516 -0.02926941216
v -0.0006060117157 0.007567559835 -0.0360413678
v -0.0005967959296 -0.007499176078 -0.0233054217
v -0.0005967931356 0.007499180734 -0.02330542542
v -0.000592030352 0.01109008025 -0.02805786766
v -0.0005916864029 0.005515337922 -0.006889168173
v -0.0005916856462 -0.003484662157 -0.006889167707
v -0.0005752237048 0.007495639846 -0.01301555429
v -0.0005600680015 0.002851190511 -0.02594780549
v -0.0005556907854 0.003438573098 -0.009190412238
v -0.000555690378 -0.005561427679 -0.009190411307
v -0.0005553064984 -0.007110089064 -0.03133658692
v -0.0005434340565 0.007521019317 -0.03219566494
v -0.0005403995747 0.01110764313 -0.02998863533
v -0.0005398855428 0.00955616124 -0.01184216514
v -0.000538465858 0.002979629207 -0.02596110478
v -0.0005228049704 -0.007494332269 -0.01109211799
v -0.0005217377911 -0.002898809966 -0.02590167709
v -0.0005217376165 0.00285118958 -0.02590167895
v -0.0005197869032 0.002851188648 -0.02531677485
v -0.0005197864375 -0.002898810431 -0.02531677298
v -0.0005197857972 0.0002011883917 -0.02531677298
v -0.0005189870717 -0.00540635176 -0.02111913823
v -0.000514768064 0.007532875054 -0.02854004502
v -0.0005143392482 0.01083382871 -0.02368251607
v -0.0005137738772 0.002977632452 -0.02532515302
v -0.0005112845101 0.003047055099 -0.02598000877
v -0.0005111276987 0.007658794057 -0.03615100682
v -0.0005091290805 0.007497883867 -0.01299880072
v -0.0005077578244 0.003438574262 -0.006890911609
v -0.0005077574169 -0.005561426282 -0.006890911143
v -0.0005034190835 -0.002194645582 -0.0002611356322
v -0.0004963258398 0.003101146314 -0.02534957416
v -0.0004943212261 -0.005591435358 -0.009191697463
v -0.0004943194217 0.005593815818 -0.009191691875
v -0.0004858610046 -0.007499999832 -0.02330773883
v -0.0004858599568 0.007499999832 -0.02330773883
v -0.0004856678133 0.003101187525 -0.02600664459
v -0.0004818518355 0.007519471925 -0.02331342734
v -0.0004813206615 0.007452750113 -0.005131719634
v -0.0004806268844 0.005346313585 -0.006691438146
v -0.0004806268262 -0.003653687425 -0.00669143768
v -0.0004791508545 0.003101210576 -0.02537518181
v -0.0004766388447 0.002923295833 -0.02584027871
v -0.0004614119243 0.002996954136 -0.02585291304
v -0.0004523389798 -0.00306386454 -0.0004249306803
v -0.0004454177688 -0.007556607947 -0.03167230263
v -0.0004388231609 0.007549813017 -0.02956273593
v -0.0004362756736 0.007498177234 -0.0129937306
v -0.0004356682184 0.003072678577 -0.02587578073
v -0.0004316851555 0.002851188416 -0.02553579025
v -0.0004316846316 -0.002898810664 -0.02553578839
v -0.000431316148 0.002851190511 -0.02567716688
v -0.0004313140234 -0.002898810664 -0.02567717247
v -0.0004312941746 0.002938382793 -0.02571284585
v -0.0004252580111 0.009940368123 -0.01444127038
v -0.0004217201786 0.002958579222 -0.02557875589
v -0.0004193668137 0.006134117488 -0.02340803295
v -0.0004165787541 0.003101110458 -0.02586652525
v -0.0004154646304 0.003026187653 -0.02573007718
v -0.0004117416684 0.01045603584 -0.01927356422
v -0.0004115897173 -0.005730562378 -0.02340803109
v -0.0004106857814 0.003615675261 -0.006692895666
v -0.0004106850538 -0.00538432505 -0.0066928952
v -0.0004036685568 0.003064961405 -0.02560210042
v -0.0004002812202 -0.007725938689 -0.005723972805
v -0.0003988874378 0.003101087874 -0.02579263225
v -0.0003925721685 0.003101212904 -0.02563299425
v -0.0003869822831 0.007543284446 -0.03605769575
v -0.0003845416068 -0.007525933906 -0.03219866753
v -0.0003806955065 -0.005636499263 -0.009234379046
v -0.0003575023147 -0.00365382852 -0.0006616978208
v -0.000353608455 0.007499543484 -0.01299544983
v -0.0003523381311 -0.007882457227 -0.006086377427
v -0.0003407327167 -0.007235567085 -0.03445710242
v -0.0003381902061 0.002984752413 -0.0004515231703
v -0.0003255328047 0.00756701408 -0.02875177562
v -0.0003068274818 -0.005048810039 -0.03625776246
v -0.0003068266669 -0.003248811001 -0.03625776991
v -0.0002978706325 -0.004547720775 -0.001256918418
v -0.0002978685661 0.004547736607 -0.001256931107
v -0.0002872663608 0.01088870876 -0.03042482212
v -0.0002805451222 0.007577720098 -0.02950725332
v -0.0002773279266 0.01106039621 -0.03012784384
v -0.0002709337859 0.007500000764 -0.01299717557
v -0.0002643892949 -0.005313409492 -0.002002532128
v -0.0002643847547 0.005313432775 -0.002002555877
v -0.000264154427 -0.007072523236 -0.03430803493
v -0.0002639953163 -0.005048809573 -0.03130803257
v -0.0002639947343 0.003501190338 -0.03130803257
v -0.0002639942395 0.005501189735 -0.03605803102
v -0.0002639942395 0.003701190464 -0.03430802748
v -0.0002639938903 0.003701189999 -0.03130803257
v -0.0002639936283 0.005501189269 -0.03146551177
v -0.0002639934828 0.00335118873 -0.03445803002
v -0.0002639934537 0.003501188708 -0.03430803493
v -0.0002639933373 -0.005048810504 -0.03430803493
v -0.0002639932791 0.00335118873 -0.0311580319
v -0.0002639928425 0.005501188338 -0.03415055573
v -0.0002639922022 0.005501187406 -0.02955803275
v -0.0002636945283 -0.007073737681 -0.03130803257
v -0.0002635686251 0.007526016794 -0.02955604903
v -0.00026292642 0.007526529953 -0.03606006503
v -0.0002627418726 -0.005544309504 -0.02234368771
v -0.0002540918358 0.004129807465 -0.000966688327
v -0.0002540905552 -0.004129798152 -0.0009666875703
v -0.000252148282 0.007501113229 -0.01299756672
v -0.0002513492072 0.007625525817 -0.03655762225
v -0.0002370081784 -0.008246980608 -0.007007684559
v -0.0002313576551 -0.007500002626 -0.01109879371
v -0.0002284609654 0.005596340168 -0.02156449296
v -0.0002058723912 0.007549964357 -0.02875177376
v -0.0002020772663 -0.007063173223 -0.03430675715
v -0.0001962401875 -0.007146125194 -0.02875177562
v -0.0001849889668 0.006094011944 -0.02340802923
v -0.0001841775957 -0.007565022446 -0.03195719421
v -0.0001840678597 0.007565001957 -0.03195726499
v -0.0001687908953 -0.007604505401 -0.03143576533
v -0.0001684886811 -0.005986899137 -0.002864039736
v -0.0001684788731 0.005986929871 -0.002864094218
v -0.0001661670103 0.007596064825 -0.02901248448
v -0.0001649302139 0.005689815152 -0.009287309833
v -0.0001530414011 -0.007056855131 -0.03131213784
v -0.000139397991 -0.003248811699 -0.03625578061
v -0.000139124124 -0.003210542025 -0.03626338392
v -0.0001383397175 -0.003178100567 -0.03628505394
v -0.0001371704857 -0.00315642124 -0.03631747141
v -0.0001357860747 -0.003148812335 -0.03635571525
v -0.000128152853 0.00749863917 -0.01300015207
v -0.0001209049951 0.007605683524 -0.0294585377
v -0.0001188468523 0.007605351508 -0.02926941402
v -7.796996215e-05 -0.007119248621 -0.03124547005
v -6.80418234e-05 0.007498011459 -0.0130014075
v -6.612211291e-05 -0.008768819273 -0.00857554283
v -6.588735414e-05 -0.005697018001 -0.009300628677
v -6.38424026e-05 -0.007042194717 -0.03132144362
v -5.92789911e-05 0.01111454703 -0.02982431836
v -5.631232852e-05 -0.007192495745 -0.03117169999
v -4.912742588e-05 0.005700198002 -0.009302228689
v -4.673330841e-05 -0.00329978927 -0.009201024659
v -4.395055294e-05 -0.01088014618 -0.03042761236
v -4.20715769e-05 -0.006589543074 -0.003801869461
v -4.206363519e-05 0.00658957893 -0.003801932791
v -4.091520896e-05 -0.007189972792 -0.03655110672
v -3.785029185e-05 -0.01105183177 -0.03013107367
v 1.199646704e-06 -0.003299787873 -0.00690152403
v 1.201954433e-06 0.005700210109 -0.006901523564
v 6.017224678e-06 0.007482240908 -0.02956791595
v 1.300704116e-05 0.01111276727 -0.02979787998
v 1.344623797e-05 0.005500373896 -0.006701734383
v 1.344627799e-05 -0.003499626881 -0.006701733451
v 1.45743852e-05 0.007494561374 -0.01300312951
v 2.331509313e-05 -0.01111245342 -0.02979407087
v 2.331558244e-05 0.01111245342 -0.02979407832
v 2.839454282e-05 -0.009052818641 -0.009604026563
v 4.827669181e-05 -0.005697817076 -0.009307856672
v 5.017924195e-05 0.003302170197 -0.009203043766
v 5.236653305e-05 -0.007494627032 -0.01110528316
v 5.38259701e-05 0.004501190502 -0.006702577695
v 5.382600648e-05 -0.004498810042 -0.006702576764
v 7.239976549e-05 0.01106579974 -0.02695108205
v 7.240008563e-05 -0.01106579974 -0.02695108391
v 8.416359196e-05 0.007648376282 -0.03123846278
v 9.368711471e-05 0.003749124007 -0.000898702885
v 9.420570132e-05 0.003502007341 -0.006703421008
v 9.42057377e-05 -0.005497993436 -0.006703420077
v 9.74337745e-05 0.004301097244 -0.02204150148
v 9.811454947e-05 0.0033021688 -0.00690354174
v 9.811528435e-05 -0.005697831511 -0.006903541274
v 0.0001097200657 0.007565222215 -0.03613845259
v 0.0001159341773 0.007490389049 -0.01300524175
v 0.0001233092917 0.0009072589455 -0.0004811639374
v 0.0001233103976 -0.0009072574903 -0.0004811676627
v 0.0001302765886 0.01090233214 -0.02434110641
v 0.0001302792662 -0.01090233307 -0.02434110828
v 0.0001532663155 0.007454374805 -0.03603187576
v 0.0001557328505 -0.009439635091 -0.01130941045
v 0.0001652481005 -0.007498222403 -0.03221189603
v 0.0001758599537 0.005688174162 -0.009305673651
v 0.0001818243472 -0.008897058666 -0.0322107859
v 0.0001818249875 0.008897058666 -0.03221078217
v 0.000182138072 -0.009522879496 -0.01173894946
v 0.0001873378642 -0.007077437826 -0.02875177562
v 0.0001885771344 -0.007496813312 -0.03221092746
v 0.0001885796955 0.007496812381 -0.03221092746
v 0.0001968733995 -0.006992639508 -0.03423547745
v 0.0001976182248 -0.004098906182 -0.02218184434
v 0.0002011063625 -0.00714418292 -0.02926941589
v 0.0002050028415 0.007443670183 -0.03602447361
v 0.0002058801474 0.002613732126 -0.0006196138565
v 0.000224104384 -0.009317745455 -0.03211795539
v 0.000224107047 0.009317746386 -0.03211795539
v 0.0002387981222 0.008261182345 -0.007245962042
v 0.0002438745141 -0.007625269238 -0.00581323728
v 0.000262368354 -0.009659605101 -0.03185517341
v 0.0002623698674 0.009659605101 -0.03185517341
v 0.00026846744 -0.01051043812 -0.01971774735
v 0.0002732400899 0.007461569738 -0.02875177562
v 0.0002740567143 -0.005667054094 -0.009296464734
v 0.0002877943043 0.007528144866 -0.02926940843
v 0.0002885064459 0.007527990732 -0.03651627526
v 0.0002902905399 0.007527816109 -0.03611221537
v 0.0002930283372 -0.006972442381 -0.03420076892
v 0.0002996658732 0.007478253916 -0.01300907228
v 0.0003068723599 -0.01001054421 -0.01493240055
v 0.0003070853709 -0.007121498697 -0.03435485438
v 0.0003242378298 -0.003325153608 -0.0008330622804
v 0.0003242379753 0.003325154539 -0.0008330622804
v 0.000326780515 -0.006964039057 -0.03142927215
v 0.0003392640792 0.00747825345 -0.01110948157
v 0.0003602435754 -0.007623134181 -0.03170870617
v 0.0003609932319 0.007623111364 -0.03170888871
v 0.0004014635633 0.007502366323 -0.03649767116
v 0.0004059108614 -0.003148809541 -0.03644687682
v 0.0004066039401 0.0108539518 -0.03042797744
v 0.0004067501286 -0.01085396484 -0.03042792156
v 0.000407009531 -0.006945173256 -0.03146648407
v 0.000407266547 0.0055011902 -0.03397068381
v 0.000407266838 0.005501187872 -0.03164537624
v 0.0004147240543 0.007613462862 -0.005880001467
v 0.0004149653832 -0.003198810387 -0.03649605438
v 0.0004160980461 -0.007096534129 -0.03649535775
v 0.0004242419964 0.005330320913 -0.002325002337
v 0.0004242421128 -0.005330299493 -0.002324969741
v 0.0004258005356 -0.005335060414 -0.02249090374
v 0.0004346358182 0.00335118873 -0.03644147888
v 0.0004440756165 0.003401190042 -0.0364905782
v 0.000464914192 0.00462434534 -0.001647431753
v 0.0004649176553 -0.004624336492 -0.001647418831
v 0.0004794308916 0.007483405527 -0.02954246663
v 0.0004811300314 -0.007003230974 -0.03142160177
v 0.0004818625748 -0.005974909291 -0.003156604711
v 0.0004818663292 0.005974943284 -0.003156646155
v 0.0004859956971 -0.00692590978 -0.03150898963
v 0.0004860056215 0.003701189533 -0.03410707414
v 0.0004860066692 -0.00504881097 -0.03150899336
v 0.0004860072513 0.003501188708 -0.03150899336
v 0.0004860072513 -0.005048811901 -0.03410707042
v 0.0004860073968 0.00370118767 -0.03150899336
v 0.0004860078043 0.003501187777 -0.03410707042
v 0.0004861767811 -0.006926977541 -0.03410697356
v 0.0004861939524 0.005598628893 -0.009252445772
v 0.0004928712733 -0.007435834501 -0.02332813665
v 0.0004928738927 0.007435835898 -0.02332813852
v 0.0005103309522 0.009064370766 -0.009840229526
v 0.0005182382884 -0.008442423306 -0.007902346551
v 0.0005183377652 -0.003613294801 -0.006712258793
v 0.0005183393951 0.005386702716 -0.006712258328
v 0.0005260392209 -0.007561178412 -0.03191545233
v 0.0005279852194 0.005601411685 -0.02262616716
v 0.0005298962351 -0.007068776526 -0.0313622281
v 0.0005498748505 -0.002383967629 -0.0007604503771
v 0.0005544670275 0.004255764186 -0.00140692573
v 0.0005544730229 -0.004255758598 -0.001406923286
v 0.0005591093795 0.005563655868 -0.009228711016
v 0.0005591397639 -0.003436194034 -0.009213654324
v 0.0005610064836 0.003351188963 -0.03137908503
v 0.0005610067165 0.003351189429 -0.03423697129
v 0.0005664733471 0.00770463096 -0.02340925671
v 0.0005664748605 -0.007704632822 -0.02340924926
v 0.00058827881 0.003656067885 -0.006713717245
v 0.0005882788682 -0.005343933124 -0.006713716313
v 0.0005927449092 -0.007052385714 -0.03645861521
v 0.0005954742082 -0.006563798059 -0.004086858127
v 0.0005954827648 0.006563838106 -0.004086923786
v 0.0005968292826 -0.005540776532 -0.009214439429
v 0.0005968314363 0.005543155596 -0.009214438498
v 0.0006048030918 0.007347335108 -0.02967872843
v 0.000607072725 -0.003436192637 -0.006914154161
v 0.0006070749951 0.005563805345 -0.006914153695
v 0.00062018272 0.01083295606 -0.03043052554
v 0.0006430692156 0.003487040522 -0.009215405211
v 0.0006430699141 -0.005512959789 -0.009215405211
v 0.0006449071807 0.01100308169 -0.03013569489
v 0.0006462780293 -0.006884440314 -0.03400025517
v 0.0006581406924 0.01106579416 -0.02980053239
v 0.0006867505726 0.009609808214 -0.01238212641
v 0.0006910021766 0.003487041686 -0.006915905047
v 0.0006910028751 -0.005512958393 -0.006915904582
v 0.0007095293258 -0.006866743788 -0.03394919634
v 0.0007301237783 0.003890075488 -0.00127079559
v 0.000733522058 0.01047341526 -0.0194282271
v 0.0007356487331 0.007311044261 -0.03589761257
v 0.0007389269304 0.007414117455 -0.03600168973
v 0.0007435706793 -0.006857633591 -0.03169680759
v 0.0007657034439 -0.003248809837 -0.03610078245
v 0.0007679762202 -0.003210542491 -0.0361080505
v 0.0007744474569 -0.0031781008 -0.03612873703
v 0.0007746012998 0.009980352595 -0.01484061498
v 0.0007841302431 -0.003156423336 -0.03615970165
v 0.0007955497131 -0.003148809774 -0.03619622812
v 0.0007977014175 -0.00777242519 -0.03076449595
v 0.0008149379864 -0.006836906075 -0.03176596388
v 0.0008169400389 0.007426335476 -0.01112042088
v 0.0008172219968 -0.007426265161 -0.01112275757
v 0.0008174607647 -0.00739762187 -0.03222403303
v 0.0008174613467 0.007397624664 -0.03222403303
v 0.0008406970301 0.002940498292 -0.000995012233
v 0.0008644961636 0.002174137626 -0.0009057770949
v 0.0008666113717 -0.00697531458 -0.03400743008
v 0.0008852080791 -0.007583746687 -0.006100561004
v 0.0008852249011 0.007583795115 -0.006100665312
v 0.0008986626053 0.005501188803 -0.03347929195
v 0.0008986645262 0.005501187406 -0.03213677183
v 0.0008987655165 0.005035761278 -0.006720189471
v 0.0008987662732 -0.0039642388 -0.006720188539
v 0.000924252905 -0.005048810504 -0.03604694828
v 0.0009242544766 -0.003248811932 -0.03604694828
v 0.0009246629197 0.007674368098 -0.03149486706
v 0.0009360682452 -0.006875771098 -0.03179180622
v 0.0009391452186 0.004036577884 -0.006721032783
v 0.0009391459753 -0.004963422194 -0.006721031852
v 0.0009508721414 -0.003940834198 -0.001412971644
v 0.0009562796913 0.004301191308 -0.02315668017
v 0.0009566007648 -0.004098810721 -0.0231568478
v 0.0009571292321 -0.007405141369 -0.01112594921
v 0.0009733670158 -0.006869908422 -0.02875177562
v 0.0009790525073 0.007236347068 -0.03580731526
v 0.0009794638027 0.00723578874 -0.02980958484
v 0.0009797280654 0.005501188803 -0.02980542555
v 0.0009797292296 0.005501188803 -0.03581064194
v 0.0009800066473 -0.006787642837 -0.0336461626
v 0.0009890819201 0.01054342836 -0.02063670941
v 0.0009943402838 -0.006934748031 -0.02926940843
v 0.001000195276 -0.006932920776 -0.0317533128
v 0.001015652088 0.005142674316 -0.00922317151
v 0.001015652902 -0.003857325995 -0.009223170578
v 0.001034838147 -0.006770104636 -0.03355839476
v 0.001035043388 0.00350119127 -0.03205803037
v 0.001035043504 0.003701190231 -0.03205803037
v 0.001035044203 -0.005048810504 -0.03355803341
v 0.001035044435 -0.005048810504 -0.03205803409
v 0.001035044785 0.003501189407 -0.03355803341
v 0.001035044901 0.003701188369 -0.03355803341
v 0.001040928764 -0.0035484978 -0.001278650365
v 0.001040929114 0.003548495937 -0.001278646989
v 0.001045757672 0.007214389741 -0.03577882424
v 0.001047882484 0.007319583558 -0.03632109985
v 0.001050993567 -0.007427170407 -0.03204488754
v 0.001051963889 0.007427320816 -0.03204515576
v 0.001052792184 -0.004458419513 -0.006723405328
v 0.001052796142 0.004541575443 -0.006723403465
v 0.00105337461 -0.006763785146 -0.03209071234
v 0.001059044618 0.007314420771 -0.02973518893
v 0.001063585863 -0.003857324598 -0.006923670415
v 0.001063587377 0.005142672919 -0.006923669949
v 0.00106410915 -0.005056345835 -0.009224183857
v 0.00106411078 0.003943651449 -0.009224183857
v 0.00106674328 0.004294359125 -0.02328369394
v 0.001066907891 -0.004091977607 -0.02328376845
v 0.001072589657 -0.007820277475 -0.03060032614
v 0.001072591869 0.007820278406 -0.03060032427
v 0.001074014464 -0.005303118844 -0.02340803109
v 0.001078526606 0.0055011902 -0.03280803189
v 0.00110212306 0.005693218205 -0.02340803295
v 0.00110426778 -0.006747206207 -0.03342273459
v 0.001105368952 -0.00674676476 -0.03219578415
v 0.001109317993 -0.005287665874 -0.02340803109
v 0.001112046069 0.003943650052 -0.006924681831
v 0.001112046768 -0.005056350026 -0.006924681365
v 0.001112654456 -0.008757985197 -0.03223018721
v 0.001112657017 0.008757984266 -0.03223019093
v 0.001164946705 0.003351191059 -0.0319830291
v 0.001164948219 0.003351189196 -0.03363303468
v 0.001169970841 -0.006725475658 -0.03324819729
v 0.00117863866 0.005658916663 -0.02340803109
v 0.001178641338 0.004274243489 -0.02340802923
v 0.001178642386 -0.004071864765 -0.02340803482
v 0.001178644598 -0.005256539211 -0.02340803295
v 0.001179378829 -0.008388695307 -0.008186311461
v 0.00118364417 -0.006720894948 -0.03320089355
v 0.001195440767 0.005422627088 -0.009226917289
v 0.001198948943 -0.00917209778 -0.03213827685
v 0.001198950806 0.009172098711 -0.03213827685
v 0.001200483646 0.004549658392 -0.00922702346
v 0.001200485975 -0.004450344946 -0.009227021597
v 0.001205035369 0.007158800028 -0.02991311625
v 0.001205540495 -0.006862942595 -0.03625816479
v 0.001209282316 -0.00678489171 -0.03226472065
v 0.001212659408 0.00426150253 -0.02345303819
v 0.001218040125 -0.00670821825 -0.03257657588
v 0.001229089103 0.00718439417 -0.02875177562
v 0.001230992842 -0.005048809573 -0.02610803396
v 0.001230993192 -0.004148810636 -0.02610803209
v 0.001234411844 -0.004147355445 -0.02610803768
v 0.001236005453 -0.005048809107 -0.03280802816
v 0.001236005453 -0.006702001207 -0.03280803561
v 0.001236006035 0.003501190571 -0.03280802816
v 0.001236006152 0.003701189533 -0.03280802816
v 0.001240912359 -0.006850395817 -0.03346661478
v 0.001241285005 -0.004045845475 -0.02349110693
v 0.001242210157 0.004247754812 -0.02349233255
v 0.001248418936 0.004549656995 -0.006927521899
v 0.001248418936 -0.004450344015 -0.006927521434
v 0.001252407557 0.007248429116 -0.02926941402
v 0.001272980357 0.009508613497 -0.03187624365
v 0.001272981171 -0.00950861536 -0.03187624365
v 0.001279079821 -0.006836347748 -0.03224600852
v 0.001279874006 -0.00781336613 -0.03096459061
v 0.001279874123 0.007813368924 -0.03096458688
v 0.001285486622 0.007344907615 -0.01113114227
v 0.001286316314 0.007235053461 -0.03577334434
v 0.001295349561 0.007771998178 -0.006775150076
v 0.00129755924 0.00421332242 -0.02356644347
v 0.00129755924 -0.004010939971 -0.02356644161
v 0.001301521668 0.007124235388 -0.035653539
v 0.001302895602 0.007394840941 -0.03200171515
v 0.001305478043 -0.006750239991 -0.03280802816
v 0.001314352849 -0.001869222033 -0.001138300402
v 0.001340580988 -0.0109656062 -0.0298161041
v 0.001340730349 0.01096689794 -0.02981594391
v 0.001355788205 -2.708040681e-09 -0.001138769672
v 0.001376552973 -0.006799593568 -0.03280803189
v 0.001383484807 -0.004136645235 -0.02611978166
v 0.001386008225 0.003351187799 -0.03280803189
v 0.001408327138 0.001804107218 -0.001190238399
v 0.001413678168 -0.008984605782 -0.01023082063
v 0.001430360135 0.01090980414 -0.0262668971
v 0.001430374337 -0.01090978552 -0.02626649104
v 0.001441429951 0.003206974361 -0.00139825698
v 0.001441431465 -0.003206974128 -0.001398255234
v 0.00145166833 0.01037799567 -0.01862293109
v 0.00145486067 -0.007244443521 -0.02334819548
v 0.001454861485 0.007244443055 -0.02334819175
v 0.001455694786 0.008297504857 -0.007855360396
v 0.001475334167 -0.003724474227 -0.02610802837
v 0.001477993559 -0.004002123605 -0.0261230804
v 0.001493255026 -0.00772056682 -0.03131318837
v 0.001493257936 0.007720566355 -0.03131318465
v 0.001497189514 -0.004090724513 -0.02614222467
v 0.001530217705 -0.004029919393 -0.02614192851
v 0.001546828425 0.01066938508 -0.02293680236
v 0.001546843443 -0.01066935714 -0.02293646894
v 0.001569386339 -0.003509538481 -0.02610803209
v 0.00157711166 -0.005048811901 -0.02616983652
v 0.001577725518 -0.003769588424 -0.02612086944
v 0.001580092125 -0.004056460224 -0.02616798878
v 0.001581553835 -0.00941389706 -0.01221705973
v 0.001597858965 -0.003248811001 -0.03571251035
v 0.001601966098 -0.003210541094 -0.03571892157
v 0.001604426536 -0.01067528501 -0.03044843487
v 0.001610009233 0.007107384503 -0.03003541753
v 0.001610151958 -0.004045148846 -0.02617992088
v 0.001613665489 -0.0031781008 -0.03573716804
v 0.001613766304 0.007828207687 -0.00677236449
v 0.001615980873 0.007105191704 -0.03605233133
v 0.001625192934 0.01019477472 -0.01785053499
v 0.001631173305 -0.003156422637 -0.03576448187
v 0.001633876702 -0.005359673873 -0.003061425174
v 0.00163387775 0.00535969343 -0.003061446827
v 0.001641433802 -0.01084241737 -0.03015584499
v 0.001651625964 -0.007179432549 -0.03224142641
v 0.001651627361 0.007179430686 -0.03224142641
v 0.00165182678 -0.003148812102 -0.03579670191
v 0.001656192821 0.007897251286 -0.02354925126
v 0.001657764195 -0.01090500318 -0.0298229605
v 0.001665803604 -0.003148809308 -0.03596490994
v 0.001670383965 -0.00592163112 -0.003814589465
v 0.001670386526 0.005921660922 -0.003814627882
v 0.001673123217 0.004115268122 -0.00193623302
v 0.001677227439 -0.00381340785 -0.0261592716
v 0.001678637811 0.01035546511 -0.01957436278
v 0.00167864759 -0.01035543345 -0.01957407221
v 0.001678709639 0.007003847044 -0.02875177562
v 0.001679088804 -0.003280493431 -0.02610803396
v 0.001691884594 -0.003198812017 -0.03600757197
v 0.00169282069 -0.006669697352 -0.03600705042
v 0.001697586733 0.003351189662 -0.03594525903
v 0.001703399583 -0.0075453748 -0.03163069114
v 0.001703400398 0.007545377128 -0.03163068742
v 0.001707166783 0.004773741588 -0.002480142284
v 0.001707173069 -0.004773730412 -0.002480138093
v 0.00170925993 -0.007244343869 -0.01114308182
v 0.001709312084 0.007244386245 -0.01114082709
v 0.001713121776 -0.003563079983 -0.02613242157
v 0.001715221792 -0.004013868514 -0.02623319812
v 0.001724095317 0.003401188646 -0.03598765656
v 0.001724744332 0.00705801649 -0.03598695248
v 0.001727671712 -0.003139718436 -0.02610803209
v 0.001730824122 -0.009966733865 -0.01601165347
v 0.001730992459 -0.003948808648 -0.0292580314
v 0.001730993623 -0.005048810039 -0.02925802954
v 0.001732023549 -0.006577764172 -0.0287517719
v 0.001738015679 0.006946451962 -0.03024690785
v 0.001742908964 0.009093929082 -0.01044432074
v 0.001753111719 -0.003948809579 -0.02955803461
v 0.001753112185 -0.005048811436 -0.02955803461
v 0.001759953564 -0.006639925297 -0.02926940843
v 0.001765877358 -0.003852447029 -0.02622167394
v 0.001771128387 -0.006634890568 -0.0359579213
v 0.001774494536 -0.006452050526 -0.004682430066
v 0.00177450513 0.006452086847 -0.00468249293
v 0.00180476543 -0.003869581036 -0.02626080625
v 0.001807195484 0.004480233416 -0.002286288422
v 0.0018071956 -0.004480227828 -0.002286281902
v 0.001816011267 -0.003352090018 -0.02613250539
v 0.001821737038 0.007015691604 -0.03542819619
v 0.001824881765 0.006908274721 -0.0353016369
v 0.001830331399 -0.002898809267 -0.02610803023
v 0.001839653007 -0.00388456881 -0.02630477585
v 0.001839890727 0.01062403619 -0.03045237623
v 0.001841105986 -0.005191843025 -0.02433416992
v 0.00184232695 -0.003620862961 -0.02620395459
v 0.001843376551 -0.002898809267 -0.02610814385
v 0.001849666121 0.003764990717 -0.02434713207
v 0.001882996643 0.01079035271 -0.03016034327
v 0.001894027228 -0.003522733692 -0.02441417985
v 0.0019004934 0.006979235914 -0.03536397219
v 0.001901161158 0.007295993157 -0.03190345317
v 0.001901163603 -0.007295995951 -0.03190344945
v 0.001901592826 -0.00382424728 -0.02635375038
v 0.001902901684 0.01085296553 -0.02982804365
v 0.001903550583 -0.003836582415 -0.02636267804
v 0.001907111029 -0.003847652813 -0.02636980452
v 0.001913428539 0.009624812752 -0.01288814284
v 0.001915824134 -0.00317450799 -0.02614609152
v 0.001922335825 -0.005048811436 -0.02921997383
v 0.001923685777 -0.007183416281 -0.01114795823
v 0.001927652047 -0.003796181874 -0.02637657337
v 0.001938101137 -0.005048811436 -0.02640092373
v 0.001939527807 -0.003416674212 -0.02620352246
v 0.001944114571 -0.003666433273 -0.02631653659
v 0.001963176765 -0.004192161374 -0.002177170478
v 0.001963177696 0.004192159977 -0.002177170012
v 0.001966290642 -0.003799801692 -0.02643013746
v 0.001980993897 -0.003948810045 -0.02919104323
v 0.00198154524 0.000481994939 -0.001527207438
v 0.001981763169 -0.003683325369 -0.0263846349
v 0.001983175054 0.009979838505 -0.0152098434
v 0.001983657246 -0.003948809579 -0.02961435355
v 0.001983658178 -0.005048810504 -0.02961435169
v 0.001983664231 -0.005152294412 -0.009243350476
v 0.001983666793 0.00515467301 -0.009243349545
v 0.001990920398 -0.003443545895 -0.02625281736
v 0.001991232857 -0.003002966754 -0.02614609525
v 0.001999594737 -0.005048810039 -0.03541161492
v 0.001999595435 -0.003248810768 -0.03541161865
v 0.002009180142 0.005573442671 -0.02459111996
v 0.002009214135 -0.003695686115 -0.02645838074
v 0.002023698064 -0.008521760814 -0.03224917874
v 0.002023700159 0.008521760814 -0.03224917874
v 0.002034101868 0.0055011902 -0.03050993197
v 0.002034104429 0.005501188803 -0.03510612622
v 0.002035216428 -0.003658724949 -0.02648850717
v 0.002035804326 0.006806600373 -0.03050758503
v 0.002037154511 0.00680678105 -0.03510886058
v 0.002037550556 -0.003467929084 -0.02631413937
v 0.002075332915 -0.003204001812 -0.0262544807
v 0.002078165067 -0.00740067428 -0.006610438693
v 0.002078184392 0.007400719449 -0.006610536017
v 0.002084547654 -0.00394881051 -0.02911158651
v 0.002084548585 -0.005048811436 -0.02911158465
v 0.002087985631 -0.003494301578 -0.02641543746
v 0.002088413108 -0.007973686792 -0.02361495607
v 0.002088415204 0.007973688655 -0.02361495793
v 0.00209888909 0.00688113505 -0.03043615259
v 0.002100487938 -0.003500838531 -0.02645352297
v 0.002100935439 -0.003563217586 -0.02660209686
v 0.002102254657 -0.003576111514 -0.02661393955
v 0.002102486324 -0.003551148809 -0.02658944391
v 0.002105013235 -0.003544196486 -0.02658190578
v 0.00210622116 -0.002898810897 -0.02614598721
v 0.002106393687 -0.003589389613 -0.02662468515
v 0.002113559982 -0.003507673973 -0.02650992386
v 0.002120809164 -0.003100551898 -0.02625447884
v 0.00212217425 -0.003512178082 -0.02660803124
v 0.002126245061 0.007922152989 -0.007776048966
v 0.002127248095 -0.008003742434 -0.02993060462
v 0.00212751911 0.008003794588 -0.02993164957
v 0.002139330609 0.006781991571 -0.0287517719
v 0.002153070411 -0.008924704045 -0.03215816244
v 0.002153070876 0.008924705908 -0.03215816244
v 0.002162261633 -0.005048809573 -0.02977063507
v 0.002162263496 -0.003948810045 -0.02977063507
v 0.002164005302 -0.003948809113 -0.02900802717
v 0.00216813013 0.006843839772 -0.03566274419
v 0.002169186715 -0.005048811901 -0.02676191367
v 0.002170996275 0.006842337083 -0.02926941589
v 0.002174824942 -0.003393188585 -0.02674300037
v 0.002177352086 -0.003918210045 -0.002162977122
v 0.002177352551 0.003918207251 -0.002162972931
v 0.002181913005 -0.003223709064 -0.02641669102
v 0.002184202662 0.006730546243 -0.03066644073
v 0.002186752623 0.007099184208 -0.01115174592
v 0.002190184779 0.009997012094 -0.01542707905
v 0.002192933112 -0.005048810039 -0.02894937433
v 0.002196935238 0.009781937115 -0.01539517008
v 0.002207387239 -0.003165753558 -0.02641668729
v 0.002207676414 -0.003028271953 -0.02625447512
v 0.002209083643 -0.00328452955 -0.02689411864
v 0.002209257102 -0.003290231107 -0.02689923346
v 0.002209999133 -0.003295891918 -0.02690418996
v 0.002210453851 -0.003273429582 -0.02688380331
v 0.002211065032 -0.003291018773 -0.0269093886
v 0.002213228727 -0.003261024831 -0.02689457498
v 0.002213552361 -0.003282188904 -0.02692207508
v 0.002213564003 -0.00325947511 -0.02688914537
v 0.002215435961 -0.003250598209 -0.02689577825
v 0.002216474619 -0.003245477565 -0.02689449117
v 0.002218256239 -0.003236387158 -0.02688871138
v 0.00221880083 -0.002898811828 -0.02616739459
v 0.002218904207 -0.003267913824 -0.02695300616
v 0.002219107235 -0.003231879557 -0.02688086405
v 0.00221933797 -0.00323062879 -0.02660803497
v 0.0022193396 -0.003230629489 -0.0268682465
v 0.002223104704 -0.003241709433 -0.02697166987
v 0.002226084471 -0.00322624878 -0.0269652456
v 0.002228341997 -0.003251783317 -0.02703525685
v 0.002230329439 -0.00324957259 -0.02707159333
v 0.002230472164 -0.003210116876 -0.02694272995
v 0.002230991609 -0.003248635214 -0.02714258619
v 0.002230993006 -0.005048809573 -0.02875803038
v 0.002230993006 -0.005048809573 -0.02710803226
v 0.002230993472 -0.003948810045 -0.02972621471
v 0.002230993705 -0.003248810535 -0.02717714012
v 0.002230993938 -0.003248810302 -0.02972621284
v 0.002230994171 -0.003948810976 -0.02875803038
v 0.002231003949 -0.003248483408 -0.02710803039
v 0.002231837017 -0.003224285087 -0.02703089081
v 0.002236909699 -0.003208216047 -0.02702302858
v 0.002237790497 -0.003188650822 -0.02686824463
v 0.002237791894 -0.003188652219 -0.02660803311
v 0.002238605404 -0.003210541559 -0.02972621284
v 0.002244389383 -0.003198808758 -0.02717713825
v 0.002244391246 -0.00319881062 -0.02972621657
v 0.002245840617 -0.003189124633 -0.02699909173
v 0.002248687902 -0.003948809113 -0.02999167144
v 0.002248688368 -0.00504881097 -0.02999166958
v 0.002253712388 -0.003171940567 -0.02686824836
v 0.002253976651 -0.003172920551 -0.02691642009
v 0.00225605187 -0.003125264077 -0.02641668916
v 0.00225734571 -0.003180449829 -0.02706979215
v 0.002258569468 -0.003175460966 -0.02700880542
v 0.002260282403 -0.003178098472 -0.02972621471
v 0.002260284498 -0.003178101033 -0.02717714198
v 0.002260706387 0.00669031404 -0.03485961631
v 0.002262106631 -0.009252143092 -0.03189685941
v 0.002262107097 0.009252142161 -0.03189685941
v 0.002269123914 0.006791925058 -0.03499631584
v 0.002273038495 -0.003159322776 -0.02660803311
v 0.002273039659 -0.00315932394 -0.02686824277
v 0.002275998704 -0.003163051791 -0.02701681107
v 0.00228099199 -0.003162206383 -0.02717713639
v 0.002280993853 -0.003162208246 -0.02972621657
v 0.002283860929 -0.003154699691 -0.0268682465
v 0.002290372504 -0.006375933066 -0.03555361181
v 0.002292725723 -0.003156423569 -0.02972621284
v 0.00229294342 -0.00315633323 -0.02717714012
v 0.002295699436 -0.00428905664 -0.002479867777
v 0.002298109233 -0.003248810302 -0.03511847183
v 0.002303760266 -0.003210540861 -0.0351235643
v 0.002314164303 -0.003149559954 -0.02702260204
v 0.002317671431 -0.002898809966 -0.02617502026
v 0.002317671664 -0.003148809774 -0.02660803311
v 0.002317671897 -0.003110750578 -0.02641669102
v 0.002317672595 -0.003148811171 -0.02686824463
v 0.002317672595 -0.003002364887 -0.02625447698
v 0.002319297288 -0.003148810938 -0.02692306973
v 0.002319859574 -0.00317809917 -0.03513808176
v 0.002320616739 -0.005048809573 -0.03031821549
v 0.002320618369 -0.003248811001 -0.03031821363
v 0.002321524778 -0.003148811171 -0.02697155252
v 0.002323242836 -0.003148812102 -0.02700364403
v 0.002324332716 -0.003148810007 -0.02702269144
v 0.002327889903 -0.003210544121 -0.03031596355
v 0.002329368144 -0.003148809075 -0.02712231316
v 0.002330687596 -0.003148809308 -0.02715888619
v 0.002330970252 -0.003148810938 -0.02717215195
v 0.002330992837 -0.003148808843 -0.02717713825
v 0.002330994466 -0.003148810705 -0.02972621843
v 0.002338454127 0.005532742012 -0.02513466403
v 0.002338547725 -0.005130312406 -0.02513470873
v 0.002339411527 -0.003078732174 -0.02513617277
v 0.002339488827 0.003281034762 -0.02513630502
v 0.002343953121 -0.00315642287 -0.03515981138
v 0.002348592971 -0.003178098239 -0.03030954301
v 0.002372373361 -0.003148810472 -0.03518544137
v 0.002373568481 -0.003030480817 -0.02628503181
v 0.002373570111 0.003351189196 -0.02660803124
v 0.002373570809 0.003232860938 -0.02628503367
v 0.002373570809 -0.003118297551 -0.02643603645
v 0.002373571042 0.003101189388 -0.02617502213
v 0.002373571042 0.003204744076 -0.02625447698
v 0.002373571042 0.003320676507 -0.02643603645
v 0.00237357174 -0.003148812102 -0.02660803311
v 0.002373572206 -0.002898811596 -0.02617502026
v 0.002379583195 -0.00315642287 -0.03029994294
v 0.002383643063 0.0069290963 -0.02336755581
v 0.002383643761 -0.00692909956 -0.02336755581
v 0.002389368601 -0.007998287678 -0.03030384332
v 0.002389623784 0.002517848508 -0.001885310397
v 0.002389623784 -0.00251784618 -0.001885308069
v 0.002389694331 0.007998358458 -0.03030486405
v 0.002413421404 -0.008159926161 -0.008625990711
v 0.002416137606 -0.003148812102 -0.03028861806
v 0.002419534838 0.003189056879 -0.02527970634
v 0.002419535536 -0.002986678388 -0.02527970448
v 0.002429595217 0.00659570517 -0.03462827951
v 0.002434328897 0.00317284558 -0.02530683205
v 0.00245138444 0.003646525554 -0.002234337851
v 0.002451387467 -0.003646524623 -0.002234334592
v 0.002454231726 -0.00620450452 -0.02875177376
v 0.002455450129 -0.006867466494 -0.03225817904
v 0.002455451293 0.006867467891 -0.03225818276
v 0.002456127899 -0.005117775407 -0.02534722351
v 0.002459767507 0.003149943426 -0.02535397932
v 0.002488784259 -0.006263242569 -0.02926941589
v 0.002488831524 0.001022045617 -0.001866088016
v 0.002492991509 0.006663666572 -0.03091946431
v 0.002499802969 -0.002921523526 -0.02542954311
v 0.002500896575 0.003123338567 -0.02543162927
v 0.00252798642 0.005513797514 -0.02548404783
v 0.002532056998 0.006535247434 -0.03115344606
v 0.00254049222 0.007038558368 -0.03191677853
v 0.002540495712 -0.007038561162 -0.03191678226
v 0.002542240545 -0.002904942958 -0.02551160567
v 0.00255951751 -0.0009700604132 -0.001915203175
v 0.002570365323 -0.002899722895 -0.0255672168
v 0.00258145621 -0.005048809573 -0.0308571551
v 0.002581457142 -0.003248810535 -0.03085716069
v 0.002587734023 -0.003210541094 -0.03085285053
v 0.002587777562 -0.00289880787 -0.02560217865
v 0.002587778028 0.003101190086 -0.02560217865
v 0.002591623692 2.339472616e-09 -0.001941998722
v 0.002591767348 0.004884616472 -0.003239785787
v 0.002591769211 -0.004884611815 -0.003239782061
v 0.002592280274 0.006499399897 -0.03435591608
v 0.002598557854 -0.005354302935 -0.003784500994
v 0.002598559717 0.005354322493 -0.00378452125
v 0.00260561239 -0.003178098705 -0.03084059432
v 0.002616829937 0.006588833407 -0.0344960168
v 0.00263237115 -0.003156422405 -0.03082224913
v 0.002633475699 0.006578295026 -0.0351886265
v 0.002639319049 0.004655343015 -0.003050214844
v 0.002639321378 -0.004655337892 -0.003050211351
v 0.002653363161 -0.003148809774 -0.0266772639
v 0.002653364325 0.003351189429 -0.02667726018
v 0.002655857941 -0.007891136222 -0.03065807372
v 0.002656231169 0.007891287096 -0.03065907955
v 0.002656690311 0.00967037864 -0.01340833493
v 0.002659027698 -0.01041075028 -0.03045641817
v 0.002663935302 -0.003148812335 -0.03080061078
v 0.002664864296 0.00934381038 -0.01337606832
v 0.002669194713 -0.003148810472 -0.03506333381
v 0.002672589151 0.008333829232 -0.008464760147
v 0.002683372702 -0.00581628643 -0.004466481041
v 0.002683379222 0.005816309247 -0.004466520157
v 0.002689128043 0.006907556672 -0.01116322167
v 0.002689922694 -0.006907148287 -0.01116538234
v 0.002696709707 0.003351190826 -0.03502709046
v 0.002698302735 -0.008706840686 -0.01058405731
v 0.002708677202 -0.00612874981 -0.03509465232
v 0.002708833897 -0.003198811784 -0.03509381413
v 0.002733568195 -0.003118298016 -0.02652511559
v 0.002736194059 0.006513190921 -0.03134969994
v 0.002736208029 0.006513548084 -0.03505803272
v 0.002736719092 0.003401190042 -0.03505708277
v 0.00273693027 0.006410088856 -0.03405363485
v 0.002737164032 0.006409685593 -0.03156385571
v 0.002738614567 0.005501189735 -0.03405175358
v 0.002738615498 0.005501189735 -0.03156431392
v 0.002742911223 -0.01063298527 -0.029835172
v 0.002748572966 -0.006103218067 -0.03504187986
v 0.002769943792 0.003284201492 -0.02645611204
v 0.002778260037 -0.005048810039 -0.03443504497
v 0.002779723378 0.006382779684 -0.03167015687
v 0.00278019486 0.01037400961 -0.03045635112
v 0.002798535628 0.00647284463 -0.03148705885
v 0.00280241482 -0.005104084965 -0.02607632615
v 0.002803982934 0.003232861869 -0.02639153786
v 0.002803983167 -0.003030482214 -0.026391536
v 0.002804705175 0.004458623938 -0.003014459973
v 0.002816446824 -0.006268639583 -0.005253034644
v 0.00281645963 0.006268671248 -0.00525309192
v 0.00281684543 -0.003248809604 -0.03436074406
v 0.002818192123 0.004463302437 -0.003029842395
v 0.002821664093 -0.006055513863 -0.03363673389
v 0.002822522307 0.006355629768 -0.03382671624
v 0.002823645016 -0.003210543888 -0.03436417133
v 0.002828396857 0.01053882949 -0.03016613238
v 0.002843003487 -0.003178101964 -0.03437393159
v 0.00284560211 0.01060318109 -0.02983566001
v 0.002852539299 0.005510266405 -0.02620259114
v 0.002854316961 -0.006835232489 -0.01116911788
v 0.002855287865 0.003101189621 -0.02629421465
v 0.00285528833 -0.002898812061 -0.02629421465
v 0.002862656955 0.00643084757 -0.0339695625
v 0.002865371294 0.01060318667 -0.02624990977
v 0.002865388058 -0.01060317084 -0.02624949813
v 0.002871973673 -0.003156423103 -0.034388531
v 0.002894264413 -0.002898810431 -0.02631407231
v 0.002894264646 0.003101187292 -0.02631407231
v 0.002904849127 0.008191006258 -0.03226754814
v 0.002904852387 -0.008191009052 -0.03226754814
v 0.002906145994 -0.003148809774 -0.03440574929
v 0.002908491762 0.003146547591 -0.0263537094
v 0.002912878292 -0.007687107194 -0.0309747234
v 0.002913310658 0.007687371224 -0.03097573668
v 0.002918870887 -0.009088648483 -0.0124749532
v 0.002918892074 0.009088684805 -0.01247514226
v 0.00293347612 0.003210040741 -0.02642550692
v 0.00293469918 0.006281467155 -0.03223268688
v 0.002950457158 0.006270878017 -0.03328815103
v 0.002953149844 0.008072238415 -0.008949706331
v 0.002958603203 -0.008127635345 -0.02376267314
v 0.002973692259 -0.003082064912 -0.02654786408
v 0.002973693656 0.003284447826 -0.02654786967
v 0.00297548715 0.009123483673 -0.0110484194
v 0.002978039905 -0.005131138489 -0.02656195313
v 0.002978168195 0.005533464253 -0.02656209655
v 0.002983531449 0.006348459981 -0.03205549717
v 0.002986005275 0.005501191132 -0.03280802816
v 0.002986005275 0.006246106233 -0.03280803561
v 0.002995303599 -0.003248808673 -0.03167689219
v 0.002997525968 0.006338029634 -0.03465911746
v 0.003000259632 -0.001416876679 -0.002242294373
v 0.003002496203 -0.003210542491 -0.03167439625
v 0.003014030633 0.01037663966 -0.0229339581
v 0.003014046 -0.01037660893 -0.02293362655
v 0.003014531685 -0.003130055964 -0.02668262646
v 0.003017185489 0.006324919406 -0.03339317441
v 0.003017186886 -0.003148809541 -0.03007091582
v 0.00302297459 -0.003178099403 -0.03166729212
v 0.003022993915 0.00335118873 -0.03025935031
v 0.003035891335 0.009300298057 -0.01176737342
v 0.003038532333 -0.005153487902 -0.02676879056
v 0.003040939104 -0.003145965282 -0.02677688748
v 0.003049188526 0.00674387766 -0.01117145177
v 0.003053624649 -0.003156423569 -0.03165665269
v 0.003056781832 0.003351189895 -0.02683674358
v 0.003056782763 -0.003148808843 -0.02683673799
v 0.00306344009 0.00629130099 -0.03264119104
v 0.003065097379 0.005568966269 -0.02686929703
v 0.003066167468 0.008851343766 -0.01164462045
v 0.003066827543 0.006288751494 -0.03004162572
v 0.003066839883 -0.005887599196 -0.03004379384
v 0.003067181678 -0.003198809223 -0.03007015027
v 0.003067553509 0.006288229022 -0.03280803189
v 0.003072940046 0.003401191672 -0.03025702946
v 0.003072958207 -0.005883492529 -0.03025743179
v 0.003075886983 0.008578310721 -0.03217740357
v 0.003075889312 -0.008578312583 -0.03217739984
v 0.003089593491 -0.00324881007 -0.03199812397
v 0.003089594422 -0.00504881097 -0.03199812397
v 0.003089776961 -0.003148810938 -0.03164410591
v 0.003097438253 -0.005864227191 -0.03447015956
v 0.003108565928 0.00625849748 -0.02926941402
v 0.003108567791 -0.005856114905 -0.0292694103
v 0.003112940583 0.004011488985 -0.002970388392
v 0.00311294198 -0.004011492711 -0.002970388392
v 0.003117321758 -0.003248811234 -0.03349301964
v 0.003123619827 -0.00584659772 -0.03080481291
v 0.00312478235 -0.003210542258 -0.03349452838
v 0.00312677701 0.006245157681 -0.03082379885
v 0.003128316486 0.008177458309 -0.02917947434
v 0.003128363285 -0.008177467622 -0.02917927504
v 0.003138143802 0.003102737246 -0.002586304909
v 0.003138144733 -0.003102734219 -0.002586310031
v 0.003142554546 0.006215097383 -0.02902637608
v 0.003143062582 -0.0005445641582 -0.002342162887
v 0.003146028612 -0.003178100334 -0.03349883482
v 0.003147225594 -0.007397460751 -0.03123772517
v 0.003147741314 0.01002057269 -0.01959841885
v 0.003147748066 0.007397876121 -0.03123877198
v 0.003147748066 -0.01002054103 -0.01959813572
v 0.003154122969 -0.007116537541 -0.007030487061
v 0.003154139267 0.007116576191 -0.007030585781
v 0.003157328581 -0.009593113326 -0.01610781811
v 0.003157334868 0.009593140334 -0.01610806026
v 0.003158190986 -0.003248809604 -0.03324523196
v 0.003158191685 -0.005048810504 -0.03324523568
v 0.0031699955 0.004570189398 -0.00344831706
v 0.003169999458 -0.004570192657 -0.003448316129
v 0.003170041367 -0.005760123953 -0.02886885777
v 0.003170922864 0.003351189429 -0.02862052619
v 0.003176787868 -0.00527213281 -0.02743811719
v 0.00317782443 -0.00315642287 -0.03350527212
v 0.003178245388 -0.003248809604 -0.03257676214
v 0.003178416518 0.009128998965 -0.01115061715
v 0.003181632608 -0.01024576277 -0.03045072965
v 0.003184504807 0.003401191439 -0.02879458107
v 0.003184506437 -0.003198809223 -0.0287945848
v 0.003184506902 0.006020292174 -0.02879457548
v 0.003184507834 -0.005728313234 -0.02879458852
v 0.003184510162 0.006130685098 -0.02879456617
v 0.003185840556 -0.003210541559 -0.03257625178
v 0.003187504131 0.00612162007 -0.02877296135
v 0.003188823815 0.00569631299 -0.0275295116
v 0.003190322779 0.006112496369 -0.02875177376
v 0.003190324642 -0.005710114725 -0.02875177562
v 0.003207470523 -0.003178100102 -0.03257479891
v 0.003215331351 -0.003148811869 -0.03351287544
v 0.003218438709 0.00646580616 -0.0322740823
v 0.003218441037 -0.006465805694 -0.0322740823
v 0.003218779108 -0.008893039078 -0.03191680089
v 0.003218780039 0.008893038146 -0.03191680089
v 0.003220800776 -0.003148809075 -0.0284197852
v 0.00322080194 0.003351190127 -0.02841978148
v 0.003221039195 0.003351188498 -0.02789946273
v 0.003221039427 -0.003148810705 -0.02789945714
v 0.003221386112 -0.005395681132 -0.02790064737
v 0.003227214795 -0.005447741598 -0.02806548961
v 0.003227644833 0.005896116607 -0.02820049971
v 0.003228084184 -0.01041058078 -0.03016118519
v 0.003233384807 -0.004416706041 -0.0092694005
v 0.003233385272 0.004419089761 -0.009269397706
v 0.003239840269 -0.003156423802 -0.03257262707
v 0.003240762511 -0.01047627442 -0.02983136103
v 0.003251741873 0.006151319481 -0.03411284462
v 0.00325248111 -0.004872977268 -0.003827707376
v 0.003252482973 0.004872983322 -0.003827718552
v 0.003263326129 0.006495189853 -0.02338589355
v 0.003263327293 -0.006495193113 -0.02338588983
v 0.003266596235 -0.005737686995 -0.03151542321
v 0.003270861227 0.006136599462 -0.03153138608
v 0.003276803764 0.003351189196 -0.0317343697
v 0.003276803996 -0.00314881024 -0.03173436597
v 0.003278020537 -0.003148810007 -0.03257006034
v 0.003282717196 -0.003148811171 -0.03386200219
v 0.003291346366 -0.004480562638 -0.003488482675
v 0.00329762348 0.003351189895 -0.03381046653
v 0.003299464006 -0.005015581381 -0.004028239753
v 0.003299464937 0.005015580449 -0.004028240684
v 0.003322488861 0.006626888178 -0.0319330804
v 0.003322491888 -0.006626888644 -0.03193307668
v 0.003324651159 0.006094656885 -0.03171985969
v 0.003324651392 0.003401188413 -0.03171985969
v 0.003324652556 -0.005692278035 -0.03171985969
v 0.003324653953 -0.003198811784 -0.03171985969
v 0.003330645617 -0.003198811319 -0.03387624025
v 0.003331780434 -0.005686657038 -0.03387247026
v 0.003345208708 0.006078419276 -0.03382586688
v 0.003345754929 0.003401188413 -0.03382401168
v 0.003345773788 0.001850607339 -0.002538778121
v 0.003345774021 -0.001850604778 -0.002538775792
v 0.003374902532 -0.005226006266 -0.004343620501
v 0.003374908818 0.00522601651 -0.004343642853
v 0.003376592183 0.008856345899 -0.01029302366
v 0.003385530552 0.008344626985 -0.01025580615
v 0.003405533032 0.0003525698849 -0.002544625895
v 0.003417679807 0.006020232569 -0.03351877257
v 0.003419507993 0.003351189895 -0.03245901689
v 0.00342270406 -0.005613763817 -0.03212345764
v 0.003424822818 -0.003148810705 -0.03252056986
v 0.003433226375 0.008171632886 -0.02956131287
v 0.003433272243 -0.0081716571 -0.02956111729
v 0.003454850521 0.005989810452 -0.03232208639
v 0.003456553677 -0.005586027633 -0.03327196464
v 0.003469285322 0.003401189577 -0.03245429322
v 0.003474672325 -0.003198811784 -0.03251668438
v 0.003481157124 0.008168595843 -0.009840533137
v 0.003484391142 0.005965347402 -0.03291556984
v 0.003484945046 -0.005562505685 -0.03272331506
v 0.003517481731 0.004296155646 -0.003567701438
v 0.003517537843 -0.006494935602 -0.01118418295
v 0.003517596517 0.006494979374 -0.01118216477
v 0.003521802602 -0.007809748873 -0.008916492574
v 0.003521826584 0.007809789851 -0.008916620165
v 0.003524641739 -0.001055784989 -0.0026440355
v 0.003524641739 0.001055788947 -0.002644039225
v 0.003535170341 -0.004281354137 -0.003574341536
v 0.003657874418 -0.003557804506 -0.003235532437
v 0.003657878144 0.003557806136 -0.003235533601
v 0.003700688016 0.01006065588 -0.03043606877
v 0.003705553943 -0.006016832776 -0.005715504754
v 0.00370556768 0.00601686025 -0.005715557374
v 0.003731093835 -0.006366808433 -0.01118902583
v 0.003740576794 0.008049224503 -0.02992081828
v 0.00374062988 -0.008049225435 -0.02992063202
v 0.003746332368 -0.007769387215 -0.03228508681
v 0.003746333066 0.007769390009 -0.03228508681
v 0.003751187585 0.0102253994 -0.03014746122
v 0.003761349944 -0.006138431374 -0.005952493753
v 0.003761352273 0.006138430908 -0.005952492822
v 0.003763516434 0.01029299758 -0.02981853299
v 0.003766360693 0.00821433682 -0.008606350981
v 0.003801016137 0.001569516142 -0.002902823268
v 0.003801342566 1.532923677e-09 -0.002864538692
v 0.003859235905 0.006285264157 -0.01118998881
v 0.003860574448 -0.008290679194 -0.01076609548
v 0.003860603087 0.008290713653 -0.01076625008
v 0.003872689558 0.002616991987 -0.003114472376
v 0.003872692119 -0.002616991987 -0.003114468418
v 0.003930625971 0.005979687907 -0.03228893131
v 0.003930625971 -0.005979688372 -0.03228893504
v 0.003957157023 -0.008136753924 -0.03219577298
v 0.003957160749 0.008136754856 -0.03219577298
v 0.004002083093 -0.003912486602 -0.003799476428
v 0.004002084956 0.003912484273 -0.003799472935
v 0.004032031633 0.007816436701 -0.03023630753
v 0.004032098223 -0.007816418074 -0.03023613244
v 0.004047372378 0.004994621035 -0.004766902886
v 0.004047374241 -0.00499462476 -0.004766907077
v 0.004052417818 -0.006128659006 -0.03194829822
v 0.004052419681 0.006128659006 -0.03194829449
v 0.004075766541 -0.0008948023315 -0.003116849111
v 0.00407697726 0.0008982197614 -0.003118057735
v 0.004078856669 -0.005950148217 -0.02340289019
v 0.004078858066 0.00595015008 -0.02340289392
v 0.004132384434 -0.008435286582 -0.0319358483
v 0.004132385366 0.00843528565 -0.0319358483
v 0.004149980377 -0.008611340076 -0.01257076487
v 0.004150004592 0.00861136429 -0.01257094555
v 0.004156497773 -0.01013904437 -0.02980193868
v 0.004252323881 -0.003384773852 -0.00929063838
v 0.00425232714 0.003387155477 -0.009290639311
v 0.00425530877 -0.003172305878 -0.003668302204
v 0.00425530877 0.003172307974 -0.003668308491
v 0.004266601987 0.007093165535 -0.008158870041
v 0.004266602919 -0.007093166932 -0.008158867247
v 0.004290533718 0.007488061674 -0.03048955463
v 0.0042905882 -0.007488000207 -0.03048935533
v 0.004308388568 0.01013582386 -0.02626951411
v 0.004308409523 -0.01013581175 -0.02626910247
v 0.004365951754 0.005924462806 -0.01120159775
v 0.004367048852 -0.005923543125 -0.01120346505
v 0.004457900301 -0.00571596995 -0.006055816077
v 0.004457902163 0.005715969484 -0.00605581468
v 0.004463259131 0.007376823109 -0.009027032182
v 0.004466149956 -0.00584521424 -0.0112057142
v 0.004468800966 0.008394960314 -0.0240603555
v 0.004474218003 -0.007390916813 -0.00907533057
v 0.004482942633 0.009927082807 -0.02293723263
v 0.004482955206 -0.009927050211 -0.02293690108
v 0.004482998978 0.003574985545 -0.004117684439
v 0.004501645453 -0.003562472528 -0.004131420981
v 0.004524875898 -0.009053640068 -0.01610325836
v 0.004524894059 0.009053670801 -0.01610349864
v 0.004538814537 -0.007261586376 -0.03230160475
v 0.004538815003 0.007261584979 -0.03230160475
v 0.004558966029 -0.002292515477 -0.003725289833
v 0.004580488894 -0.004645870999 -0.005007465836
v 0.004580489825 0.004645870067 -0.005007460713
v 0.004582705442 0.005415468942 -0.03230252117
v 0.004582708236 -0.005415468477 -0.03230252117
v 0.004596504383 0.009523815475 -0.0195810739
v 0.004596508108 -0.009523777291 -0.01958078705
v 0.004604550079 0.005731234793 -0.01120706741
v 0.004622108769 0.002481869189 -0.003834261559
v 0.004720745608 0.005550384521 -0.03196222335
v 0.004720746074 -0.005550384521 -0.03196222335
v 0.004731597845 0.003401372116 -0.004303088877
v 0.004750412423 -0.002877474064 -0.004091699142
v 0.004764613695 0.002923970576 -0.004124513827
v 0.004787112586 -0.007604944054 -0.0322130695
v 0.004787113052 0.007604942657 -0.03221307322
v 0.004789320286 -0.007729300298 -0.01047405694
v 0.00478932308 0.007729301229 -0.01047405694
v 0.004816287197 -0.005303299055 -0.02341826074
v 0.004816288128 0.005303301383 -0.02341826446
v 0.004820513539 0.009584670886 -0.0303730201
v 0.004835949279 -0.003230207833 -0.004335636273
v 0.004841584712 -0.003312618937 -0.004384779371
v 0.004841587972 0.003312621964 -0.004384777509
v 0.004856101237 -0.006381925661 -0.0075051561
v 0.004856103566 0.006381926127 -0.00750515284
v 0.004910015035 -0.009541975334 -0.03036593273
v 0.004964400083 -0.009707255289 -0.0300793983
v 0.004971360322 -0.009780278429 -0.02975228243
v 0.004971854854 0.008457639255 -0.02813564427
v 0.004972135648 0.002128098626 -0.009305642918
v 0.004972137511 -0.002125722589 -0.009305642918
v 0.004973910749 -0.008474444039 -0.02800656296
v 0.004992787726 0.007883961312 -0.03195378557
v 0.004992789589 -0.007883962244 -0.03195377812
v 0.004996797536 -0.008398531005 -0.02843846753
v 0.005024560727 0.008361071348 -0.02857244574
v 0.00502552418 -0.008505902253 -0.02754279971
v 0.005025525112 0.00850590039 -0.0275428053
v 0.005034376867 0.004210711457 -0.005178591236
v 0.005034379195 -0.004210712388 -0.005178593565
v 0.005039900076 -0.0005755736493 -0.004063915461
v 0.005039900541 0.0005755739985 -0.004063914996
v 0.005050772335 -0.005324414931 -0.006244048011
v 0.005050775595 0.005324414931 -0.006244048476
v 0.00507030962 -0.005303011276 -0.01121943351
v 0.005070347805 0.005303027108 -0.01121776644
v 0.005103974137 -0.008275694214 -0.02879386581
v 0.005107047968 -1.502473479e-09 -0.004133657087
v 0.005107140634 0.001140265027 -0.004163231235
v 0.005107142497 -0.001140264678 -0.004163233098
v 0.005111170467 0.003445282113 -0.004777378403
v 0.005111170933 -0.003445284208 -0.004777372815
v 0.005144008901 0.008237143978 -0.02886988595
v 0.005166165531 0.004780516028 -0.03231468424
v 0.005166165531 -0.004780514631 -0.03231468797
v 0.005202769767 -0.00516712293 -0.01122244447
v 0.005209670402 0.00211129128 -0.004411207978
v 0.005209672265 -0.002111292444 -0.004411206581
v 0.005232740659 0.00286030164 -0.00465525873
v 0.005232742988 -0.002860299544 -0.004655257799
v 0.005249647424 0.007567701396 -0.02977591194
v 0.005250148475 -0.007568073459 -0.02977691777
v 0.005271345377 -0.006904225796 -0.009077641182
v 0.005271349568 0.006904226262 -0.009077644907
v 0.005273500457 -0.006673227996 -0.03231692314
v 0.005273502786 0.006673229858 -0.03231692687
v 0.005273971707 0.005091196392 -0.01122245751
v 0.005284897983 -0.008110888302 -0.02905186452
v 0.005298211705 0.008548158221 -0.02595977299
v 0.005298212171 -0.008548156358 -0.02595977485
v 0.005298849661 -0.008087770082 -0.01292885374
v 0.005298850592 0.008087771945 -0.01292885002
v 0.005308351945 0.008090616204 -0.02907410637
v 0.005318739451 0.004899612162 -0.0319746919
v 0.005318741314 -0.004899613559 -0.0319746919
v 0.005344527308 0.0007263749139 -0.009313406423
v 0.005344529171 -0.0007239958504 -0.009313406423
v 0.005394042935 -0.003617303679 -0.005234645214
v 0.005401654635 0.003622292075 -0.005247541703
v 0.005401656497 -0.00362229161 -0.005247536115
v 0.005438087042 -0.009271458723 -0.030321436
v 0.005438088439 0.009271460585 -0.03032143973
v 0.005460529588 0.008075717837 -0.02841418609
v 0.005460530519 -0.008075719699 -0.02841418423
v 0.005462997593 0.004565710202 -0.02343174443
v 0.005462998059 -0.004565712065 -0.0234317407
v 0.005485099275 -0.005912533496 -0.007581645623
v 0.005485100672 0.005912533961 -0.007581645623
v 0.00549731357 -0.009435920045 -0.03003579564
v 0.005497315433 0.009435921907 -0.03003579751
v 0.005504802335 -0.009510821663 -0.02970948443
v 0.005504802801 0.009510820732 -0.02970948443
v 0.005536777433 -0.007897520438 -0.02921876311
v 0.005540628452 0.004780826624 -0.006312789861
v 0.005540632177 -0.004780826159 -0.006312786601
v 0.005556538235 -0.006988765672 -0.03222911432
v 0.005556538701 0.006988767069 -0.03222911432
v 0.005567032378 0.007872165181 -0.02923073992
v 0.005578777287 -0.008591538295 -0.02430579998
v 0.005578777753 0.008591539226 -0.02430579439
v 0.00558752846 0.008259765804 -0.01464952156
v 0.005587529857 -0.008259763941 -0.01464952622
v 0.005671277177 0.002920337254 -0.005244226661
v 0.005671278108 -0.002920337953 -0.005244226661
v 0.005673381966 0.004083123058 -0.03232525662
v 0.005673383828 -0.004083123058 -0.03232525662
v 0.005678121932 0.009527151473 -0.02630840428
v 0.005678146612 -0.009527144022 -0.02630799823
v 0.005711521022 0.007225668058 -0.01072500926
v 0.005711522419 -0.007225671783 -0.01072500832
v 0.005734382663 0.004542697687 -0.01123307925
v 0.005735504907 -0.004541191272 -0.01123455167
v 0.005751026329 0.008401046507 -0.01596164331
v 0.005751026329 -0.00840104837 -0.01596163958
v 0.005760887172 -0.008412748575 -0.01605878025
v 0.005770162679 0.009472629055 -0.0247657299
v 0.005770163145 -0.009472627193 -0.0247657299
v 0.005790445022 0.007245178334 -0.03197041154
v 0.005790446885 -0.007245180663 -0.03197040781
v 0.005810492672 -0.002071867464 -0.005143443588
v 0.005810494535 0.002071871189 -0.005143442191
v 0.005838591605 -0.004184841644 -0.03198552877
v 0.005838593002 0.004184842575 -0.03198552877
v 0.005844556261 -0.004394157324 -0.01123702899
v 0.005852856673 0.004382671788 -0.01123582199
v 0.005853634793 0.003942657262 -0.006076402031
v 0.005853638519 -0.003942656796 -0.006076398771
v 0.005864126142 0.007622202858 -0.02928490937
v 0.005864126608 -0.007622205652 -0.02928490564
v 0.005866358522 0.009339602664 -0.02295408212
v 0.005866377614 -0.009339570068 -0.0229537487
v 0.005872517359 0.009326227009 -0.02281641588
v 0.005876939744 0.001077391207 -0.005051864777
v 0.005876940209 -0.001077392488 -0.005051867571
v 0.005890954752 -0.0005404178519 -0.005027371924
v 0.005890958011 0.0005404166877 -0.00502737239
v 0.005891032517 0.008650933392 -0.01783245057
v 0.005891035311 -0.008650934324 -0.01783244871
v 0.005903401412 0.008352135308 -0.02431256138
v 0.005903404206 -0.008352135308 -0.02431256324
v 0.005928803701 -0.009123928845 -0.0211013332
v 0.005928804167 0.00912393257 -0.02110133134
v 0.005935052875 0.00634785695 -0.009050225839
v 0.005935052875 -0.006347861607 -0.009050223045
v 0.00593887968 -0.008905227296 -0.01956028864
v 0.005938881543 0.008905270137 -0.0195605848
v 0.005942246877 -0.006010847166 -0.03233086318
v 0.005942248739 0.006010849029 -0.03233085945
v 0.00600791676 -0.003749997588 -0.02344310284
v 0.006007920951 0.003749998985 -0.0234431047
v 0.006023438182 0.005281387828 -0.007579055149
v 0.006023441907 -0.0052813855 -0.007579057477
v 0.006097730715 0.003332396504 -0.03233410418
v 0.00609773118 -0.003332394874 -0.03233410791
v 0.006145583931 -0.007406697609 -0.01242615096
v 0.006145584863 0.007406700402 -0.01242615283
v 0.006221808493 0.008808668703 -0.03024474345
v 0.006256903987 -0.00629506493 -0.03224371374
v 0.006256905384 0.006295066327 -0.03224371374
v 0.006261876784 -0.003749823896 -0.01124652289
v 0.006261885166 0.003749810392 -0.01124531403
v 0.006273511332 -0.003415413201 -0.0319945924
v 0.006273514125 0.003415415296 -0.03199459612
v 0.006291998085 0.008969224989 -0.02996037528
v 0.006303859409 0.009045120329 -0.02963528037
v 0.006343589164 0.00360457669 -0.01124722231
v 0.006379219238 -0.003538788762 -0.01124919672
v 0.006425131112 -0.006591628771 -0.01065092999
v 0.006425131578 0.00659162784 -0.01065092534
v 0.00642572064 -3.47369955e-09 -0.005681172013
v 0.006433669478 0.002538144588 -0.03234110773
v 0.006433670409 -0.002538144821 -0.03234111145
v 0.006441730075 -0.002870124998 -0.02345214412
v 0.00644173054 0.00287012523 -0.02345214412
v 0.006444083527 0.003182374174 -0.006489428692
v 0.006444083992 -0.003182371147 -0.006489424035
v 0.006516505964 0.00652602734 -0.03198554739
v 0.006516509224 -0.006526028737 -0.03198554739
v 0.006523118354 -0.005645697471 -0.009006403387
v 0.00652311882 0.005645695142 -0.009006404318
v 0.006535363849 -0.007529344875 -0.01416497491
v 0.006535364315 0.007529346738 -0.01416497305
v 0.006537633017 -0.005281791557 -0.03234327212
v 0.006537633482 0.00528179016 -0.03234327212
v 0.006617819425 -0.002601376269 -0.03200177103
v 0.006617820356 0.002601376735 -0.03200177103
v 0.006648328155 0.004517261405 -0.007851678878
v 0.006648330484 -0.004517260008 -0.007851677947
v 0.006676808465 -0.001710740151 -0.03234617785
v 0.006676809862 0.001710740733 -0.03234617412
v 0.006701984908 0.002854855498 -0.01125561725
v 0.006702825893 -0.002852831036 -0.0112565672
v 0.006733797491 0.002776316833 -0.01125636604
v 0.006757007912 -0.00194114144 -0.02345871739
v 0.006757009774 0.001941142604 -0.02345871553
v 0.00679495465 -0.002617676044 -0.01125866827
v 0.006823974662 0.0008609945071 -0.03234924376
v 0.006823975593 -0.0008609942743 -0.03234924749
v 0.006825878751 0.002184311626 -0.006615800783
v 0.006825880148 -0.002184313023 -0.00661580218
v 0.006839129608 0.008380569518 -0.03017997928
v 0.006842760835 0.007675460074 -0.01592535339
v 0.006842761301 -0.007675461937 -0.01592535153
v 0.006867017131 -0.001753360382 -0.03200696781
v 0.006867018528 0.001753361546 -0.03200696409
v 0.006873246748 -1.331052198e-10 -0.03235027194
v 0.006880441681 0.005531535018 -0.03225670755
v 0.00688044494 -0.005531536881 -0.03225671127
v 0.006921657827 -0.006707064807 -0.01235256437
v 0.006921658292 0.006707064807 -0.01235256065
v 0.006933811586 -0.008310810663 -0.0301686991
v 0.006938522682 -0.007444161456 -0.02433414012
v 0.006938523147 0.007444161456 -0.02433414012
v 0.006948358379 0.0009789478499 -0.02346270345
v 0.006948362105 -0.0009789479664 -0.02346270531
v 0.006972993258 -0.008752653375 -0.0261821188
v 0.006972996052 0.008752655238 -0.0261821188
v 0.007011089008 -0.001941103837 -0.01126358565
v 0.007012510207 -2.450665493e-10 -0.02346404269
v 0.007017698605 -0.008464518003 -0.02988548018
v 0.007017849479 -0.0008824433899 -0.03201011196
v 0.007017849945 0.0008824437973 -0.03201011196
v 0.007018915378 0.001911605825 -0.0112631321
v 0.007037175354 -0.008539090864 -0.02956158482
v 0.0070451051 0.007890930399 -0.01769094355
v 0.007045106962 -0.007890929468 -0.01769094355
v 0.007053051144 0.004494141322 -0.03235401586
v 0.007053052075 -0.004494141322 -0.03235401958
v 0.007060357369 -0.00174693577 -0.01126470696
v 0.00706180511 0.005830674898 -0.01059848536
v 0.007061807904 -0.00583067257 -0.01059848722
v 0.007068347186 -1.014329717e-10 -0.03201116249
v 0.007100800052 0.001108787139 -0.006727863569
v 0.007100803312 -0.001108788769 -0.006727868225
v 0.007115810178 -0.004759132396 -0.009053202346
v 0.007127564866 0.003493024502 -0.007848156616
v 0.007127566729 -0.003493024502 -0.007848153822
v 0.007127941586 0.006335194223 -0.02931125648
v 0.007127942983 -0.006335197017 -0.02931125462
v 0.007144908421 0.004770100117 -0.009130536579
v 0.0071527767 -0.008579769172 -0.02285035141
v 0.007152777631 0.008579767309 -0.02285034768
v 0.007153685205 -0.008142561652 -0.01944486983
v 0.007153688464 0.008142565377 -0.01944486983
v 0.007162921131 0.005734480452 -0.03199901804
v 0.007162921131 -0.005734481849 -0.03199902177
v 0.007182207424 0.0005563274608 -0.006767610554
v 0.007182208356 -0.0005563254235 -0.006767607294
v 0.007184304763 0.008386657573 -0.02117018402
v 0.007184307557 -0.008386658505 -0.02117018402
v 0.007196315564 0.001024938305 -0.01126743481
v 0.007203430869 -0.0009720289963 -0.01126793679
v 0.007212126628 -3.052093022e-09 -0.006783540361
v 0.007218231913 -0.0008512027562 -0.01126826648
v 0.007265566383 0.0001313008252 -0.01126922574
v 0.007266717497 -7.538988872e-10 -0.01126926765
v 0.00727107795 0.006156196818 -0.02931423672
v 0.007271164097 -0.006156087853 -0.02931423485
v 0.007380272262 0.006776101887 -0.01411802508
v 0.007380272727 -0.006776101887 -0.0141180288
v 0.00742023252 0.004706643056 -0.03226795793
v 0.007420233451 -0.004706643522 -0.03226795793
v 0.007434508298 -0.00485531427 -0.009915482253
v 0.00743451016 0.004855317529 -0.009915482253
v 0.007467831951 0.007871457376 -0.0301144626
v 0.007482784335 -0.003656635294 -0.03236297518
v 0.007482787594 0.003656637622 -0.03236297891
v 0.007564015221 0.008016700856 -0.02983210422
v 0.007591199595 0.008087757044 -0.02950915694
v 0.00760627538 -0.005896434654 -0.01231388096
v 0.007606276777 0.005896436982 -0.01231387723
v 0.007647895254 0.002386353677 -0.008094297722
v 0.007647897117 -0.002386356238 -0.008094299585
v 0.00772251375 0.004879325628 -0.03201068193
v 0.00772251375 -0.004879323766 -0.03201068193
v 0.007746710442 -3.924381486e-09 -0.007630989887
v 0.007756699808 -0.006880487315 -0.01591024362
v 0.007756702136 0.006880491972 -0.01591024175
v 0.007762558758 -0.003733723192 -0.009332957678
v 0.007762560621 0.003733720165 -0.009332953021
v 0.007790408097 0.00648101978 -0.02435190044
v 0.007822072133 0.002778572729 -0.03237004951
v 0.007822073996 -0.002778574359 -0.03237004951
v 0.007846296765 0.006408817135 -0.02435306832
v 0.007846297696 -0.006408818997 -0.02435306646
v 0.007870285772 -0.003829537891 -0.03227734193
v 0.007870286703 0.003829538822 -0.03227734193
v 0.008022969589 -0.007065160666 -0.01769857854
v 0.00802297052 0.007065161131 -0.01769857667
v 0.00803392753 -0.001209221664 -0.008310942911
v 0.008033931255 0.001209221664 -0.008310941979
v 0.00805396121 -0.007308019325 -0.03006008267
v 0.008067142218 -0.0018696849 -0.03237515688
v 0.00806714315 0.001869684551 -0.03237515688
v 0.008094700985 0.007843543775 -0.02620804682
v 0.008094701916 -0.007843542844 -0.0262080431
v 0.008113125339 0.005922044627 -0.01410289574
v 0.008113127202 -0.005922040902 -0.01410289668
v 0.008145396598 0.0006066039787 -0.008379073814
v 0.008164972998 -0.007440616377 -0.02977879532
v 0.008186939172 -0.007294085342 -0.01946654357
v 0.008186942898 0.007294085342 -0.01946654543
v 0.008189080283 0.003970041405 -0.03202041239
v 0.008189081214 -0.00397004094 -0.03202040866
v 0.008201966994 -0.007505428512 -0.02945706062
v 0.008215282112 -0.0009400559356 -0.03237824515
v 0.008215282112 0.0009400566923 -0.03237824887
v 0.008225614205 -0.002909953939 -0.03228475153
v 0.008225614205 0.002909956267 -0.03228475153
v 0.008258577436 -0.007697793189 -0.02288339287
v 0.008258577436 0.007697795052 -0.02288338915
v 0.008261246607 -0.007520463783 -0.02119954675
v 0.008261248469 0.00752046518 -0.02119954862
v 0.008264842443 6.890253938e-10 -0.03237928078
v 0.008344929665 0.00255822856 -0.009613444097
v 0.008344930597 -0.002558225766 -0.009613445029
v 0.008359102532 -0.004934508819 -0.01266410667
v 0.008359107189 0.004934508353 -0.01266410667
v 0.00836245995 -0.004416128155 -0.0293369852
v 0.008362462744 0.004416130483 -0.02933698706
v 0.008372526616 0.003837796627 -0.01094158925
v 0.008372527547 -0.003837793367 -0.01094159111
v 0.008428869769 0.004278539214 -0.02933836915
v 0.008428929374 -0.004278411157 -0.02933836915
v 0.008482273668 -0.001958090579 -0.03229009733
v 0.008482273668 0.001958089881 -0.03229009733
v 0.00853903871 0.005986370146 -0.01591590978
v 0.008539039642 -0.005986366421 -0.01591590978
v 0.008554773405 0.006740703247 -0.03002039529
v 0.008557443507 -0.003016715636 -0.03202808648
v 0.008557444438 0.003016718198 -0.03202808648
v 0.008561930619 -0.006729670335 -0.03002125397
v 0.008611194789 -0.005263815634 -0.0243690107
v 0.008611196652 0.005263817031 -0.02436900884
v 0.008637417108 -0.0009845065651 -0.03229333088
v 0.008637417108 0.0009845074965 -0.0322933346
v 0.008679227903 0.006859445479 -0.02974026091
v 0.008689322509 2.527511979e-09 -0.03229441494
v 0.008725547232 0.006916775368 -0.02941985801
v 0.008777382784 0.001299222116 -0.009860677645
v 0.008777385578 -0.001299222349 -0.009860676713
v 0.008823520504 -0.002029930241 -0.03203363344
v 0.008823520504 0.002029931871 -0.03203363344
v 0.008848552592 -0.006759950425 -0.02941409498
v 0.008855494671 0.006132743321 -0.01771430299
v 0.008855495602 -0.006132744253 -0.01771430485
v 0.008893168531 -1.561943241e-09 -0.009846712463
v 0.008901971392 0.0006521212053 -0.009938079864
v 0.008943246678 0.003850599285 -0.01264095958
v 0.008943250403 -0.003850601614 -0.01264095958
v 0.008966272697 0.002631929005 -0.01119784173
v 0.008966274559 -0.002631928073 -0.01119783893
v 0.008984355256 -0.001020626631 -0.03203698993
v 0.008984356187 0.001020626631 -0.0320369862
v 0.009009290487 0.004504289944 -0.02437731065
v 0.009009352885 -0.004504156299 -0.02437730692
v 0.009038167074 9.880203337e-10 -0.03203810751
v 0.009050314315 -0.006068618502 -0.02999318764
v 0.009060581215 -0.006792029366 -0.02619653009
v 0.009060581215 0.0067920289 -0.02619653009
v 0.00906651374 -0.006326328032 -0.01948365197
v 0.009066515602 0.006326329429 -0.01948365569
v 0.009129864164 -0.00226709689 -0.02935297973
v 0.009129864164 0.002267095493 -0.02935297973
v 0.009146886878 0.002192660002 -0.02935333736
v 0.009146914817 -0.002192519372 -0.02935333736
v 0.0091804564 -0.006521881092 -0.02121278085
v 0.009180459194 0.006521882489 -0.02121277899
v 0.009187883697 -0.006170156412 -0.02971461415
v 0.009203521535 -0.004957786761 -0.01579652913
v 0.009203521535 0.004957783967 -0.01579652727
v 0.009205769747 -0.00667445641 -0.02289083414
v 0.009205770679 0.006674453616 -0.02289083786
v 0.00922012981 -0.004028748721 -0.0243817009
v 0.00922012981 0.004028751981 -0.0243817009
v 0.009243473411 -0.00621771533 -0.02939598262
v 0.009390179999 7.257170176e-08 -0.02935840935
v 0.009402838536 0.001337746857 -0.01142308675
v 0.009402843192 -0.001337745925 -0.0114230914
v 0.009438172914 -0.005439572968 -0.02998024598
v 0.009438174777 0.005439575296 -0.02998024411
v 0.009454539977 0.003835171228 -0.0143930763
v 0.009454540908 -0.003835170995 -0.01439308096
v 0.009516851045 -0.002637811471 -0.01283545978
v 0.009516851977 0.002637814032 -0.01283546351
v 0.009585088119 0.00552589586 -0.02970348485
v 0.009585090913 -0.00552589912 -0.02970348671
v 0.009647413157 -0.005564994179 -0.02938691527
v 0.00964741502 0.005564992782 -0.02938691527
v 0.009662680328 -0.002724750433 -0.02439092845
v 0.009662684053 0.002724751364 -0.02439093031
v 0.009668965824 0.005004790146 -0.0299768392
v 0.009728113189 -0.005153780337 -0.01871259883
v 0.009728115052 0.005153778475 -0.01871259697
v 0.009765192866 0.002308350755 -0.0243930649
v 0.009765225463 -0.002308209194 -0.0243930649
v 0.009820678271 0.005081476644 -0.02970157005
v 0.009822820313 -0.004683332052 -0.02997579053
v 0.009822858498 0.004683251493 -0.02997579053
v 0.009886310436 -0.003854101058 -0.01616010256
v 0.009886310436 0.003854099195 -0.01616010815
v 0.009886541404 0.005115429871 -0.0293866843
v 0.009902998805 -1.699025364e-09 -0.01247731596
v 0.009931237437 0.001340070157 -0.01300506014
v 0.009931241162 -0.001340073766 -0.01300506294
v 0.009931279346 0.001374130719 -0.02439652383
v 0.009931281209 -0.001374133397 -0.02439652942
v 0.009945617057 -0.005583319813 -0.02503219992
v 0.009945617989 0.00558331795 -0.02503219806
v 0.009998545051 0.005448792595 -0.02201752551
v 0.009998545982 -0.005448792595 -0.02201752365
v 0.01000930928 0.005517594982 -0.02309710346
v 0.01001019496 -0.005503899883 -0.0228479784
v 0.01002132706 -1.744356325e-09 -0.02439840324
v 0.01004879456 -0.0006726810825 -0.01305797044
v 0.01004879456 0.0006726823631 -0.01305797044
v 0.01009064168 -1.659449688e-09 -0.01307761297
v 0.01013055723 -0.003935972694 -0.02997700311
v 0.01022475306 -0.003936191089 -0.01791415364
v 0.01022475585 0.003936189692 -0.01791415364
v 0.0102565242 0.004291635938 -0.02939250506
v 0.01026719622 0.003541084006 -0.02997913584
v 0.01029004529 -0.003992462531 -0.02970588952
v 0.01036208775 -0.004016487394 -0.02939573675
v 0.01039743144 0.002629309194 -0.01619918458
v 0.01039743423 -0.002629311988 -0.01619918831
v 0.01042844169 0.003591049463 -0.02970961295
v 0.0104666492 -0.004053444136 -0.019644076
v 0.0104666492 0.004053445533 -0.019644076
v 0.01049919333 -0.004315748345 -0.02629683167
v 0.01049919333 0.004315745551 -0.02629683539
v 0.01050204784 0.003612119472 -0.02940126508
v 0.01057237666 0.002394820331 -0.02998833731
v 0.01058498211 -0.002334053162 -0.02998887375
v 0.01060978696 0.004172400106 -0.02134034596
v 0.01060978789 -0.0041724029 -0.02134034224
v 0.01065242756 0.004260310903 -0.02299446054
v 0.01065242942 -0.004260308109 -0.02299446426
v 0.01068155654 0.001796981087 -0.02999353968
v 0.01070294902 0.002916601254 -0.02941205166
v 0.01072139014 0.002681768034 -0.01789194904
v 0.01072139107 -0.002681765007 -0.01789194904
v 0.01074848883 0.001332630636 -0.01623052545
v 0.01074849349 -0.001332628657 -0.01623052359
v 0.01074906439 -0.00236604386 -0.02972383983
v 0.01080355886 -0.0006185799139 -0.03000125103
v 0.01081298199 -2.485620375e-09 -0.01592755131
v 0.01081979647 8.159617996e-10 -0.03000255488
v 0.01082569454 -0.002379504964 -0.02942063846
v 0.01084508374 -0.0006685612607 -0.01623993553
v 0.01084508561 0.0006685597473 -0.01623993181
v 0.0108460607 0.001821557176 -0.02973016165
v 0.01092338935 0.00183200126 -0.02942885272
v 0.01095940918 0.002759624971 -0.01957492158
v 0.01095941104 -0.002759621479 -0.01957491785
v 0.01096811611 -0.000627189409 -0.02974026836
v 0.0109728016 -0.001474545803 -0.02943360433
v 0.01098428387 7.318211052e-10 -0.02974194475
v 0.01098751742 -0.002934299875 -0.02614431083
v 0.01098751742 0.002934298012 -0.02614430524
v 0.01104609761 -0.0006310102181 -0.0294417087
v 0.01105455775 0.00135817437 -0.01787027344
v 0.01105456147 -0.001358176698 -0.01787027344
v 0.01106231473 1.527208805e-09 -0.02944380417
v 0.01110412087 0.002839461202 -0.02123660035
v 0.0111041218 -0.002839461435 -0.02123660222
v 0.01114867162 0.002898355713 -0.02286654338
v 0.01114867255 -0.002898354316 -0.02286653966
v 0.01128389873 -0.001397008658 -0.01951364987
v 0.01128389873 0.001397011452 -0.019513648
v 0.01129810978 -0.001484289183 -0.02601748705
v 0.01129811164 0.001484288485 -0.02601748519
v 0.01135486085 -8.703183164e-10 -0.01910175756
v 0.01140079927 -1.131287618e-09 -0.01948723011
v 0.01142533775 -0.00143708603 -0.02114691958
v 0.01142534055 0.001437086961 -0.02114691958
v 0.01146658324 1.284547803e-09 -0.02524798177
v 0.01146825776 -0.001466621412 -0.02275744267
v 0.01146825776 0.001466620131 -0.02275744267
v 0.01157943066 -1.84184734e-09 -0.02221808583
v 0.01158140134 1.256117655e-09 -0.02271127142
f 3540 3546 3511
f 3621 3589 3606
f 3606 3589 3519
f 3589 3573 3519
f 3519 3573 3568
f 3519 3568 3511
f 3511 3568 3542
f 3511 3542 3540
f 3731 3705 3712
f 3712 3705 3681
f 3712 3681 3606
f 3606 3681 3632
f 3606 3632 3621
f 3883 3896 3712
f 3712 3896 3789
f 3712 3789 3731
f 4049 4014 4083
f 4083 4014 4108
f 4049 4011 4014
f 4014 4011 3994
f 4014 3994 3883
f 3883 3994 3921
f 3883 3921 3896
f 4164 4136 4198
f 4198 4136 4130
f 4198 4130 4108
f 4108 4130 4088
f 4108 4088 4083
f 4216 4195 4179
f 4198 4221 4216
f 4216 4179 4198
f 4198 4179 4173
f 4198 4173 4164
f 571 563 230
f 1360 1269 1423
f 1423 1269 1268
f 1423 1268 1345
f 1070 715 1268
f 1268 715 1223
f 1268 1223 1345
f 1070 757 715
f 715 757 723
f 715 723 622
f 1666 1799 1461
f 1461 1799 1607
f 1461 1607 1423
f 1423 1607 1513
f 1423 1513 1360
f 1666 1693 1799
f 1799 1693 1835
f 1799 1835 1910
f 1910 1835 1973
f 2235 2234 2215
f 2215 2234 2232
f 2215 2232 2229
f 2229 2226 2215
f 2215 2226 2221
f 2215 2221 2150
f 2218 2223 2215
f 2215 2223 2231
f 2215 2231 2235
f 2150 2184 2215
f 2215 2184 2210
f 2215 2210 2218
f 1835 1890 1973
f 1973 1890 1978
f 1973 1978 2150
f 2150 1978 2053
f 2150 2053 2184
f 319 353 622
f 353 387 622
f 622 387 615
f 622 615 715
f 230 251 571
f 571 251 284
f 571 284 622
f 622 284 308
f 622 308 319
f 2288 2285 2181
f 1971 1899 1874
f 1874 1899 1820
f 1874 1820 1786
f 1786 1820 1673
f 1673 1820 1668
f 1673 1668 1511
f 1511 1668 1481
f 1511 1481 1381
f 1381 1481 1321
f 1381 1321 1131
f 603 564 597
f 603 597 743
f 396 391 388
f 564 603 413
f 413 603 396
f 413 396 394
f 394 396 388
f 394 388 375
f 562 457 521
f 521 457 409
f 521 409 395
f 2266 2261 2167
f 2167 2261 1979
f 2288 2181 2289
f 2180 2164 2286
f 2286 2164 2267
f 2164 2148 2267
f 2267 2148 2116
f 2267 2116 2252
f 2252 2116 2146
f 2252 2146 2236
f 1129 1417 1214
f 1214 1417 1402
f 1214 1130 1129
f 1129 1130 761
f 1129 761 676
f 676 761 686
f 686 562 676
f 676 562 521
f 676 521 470
f 470 521 395
f 470 395 391
f 1949 1976 1867
f 1867 1976 1878
f 1867 1878 1733
f 1733 1878 1759
f 1733 1759 1527
f 1527 1759 1550
f 1527 1550 1356
f 1356 1550 1379
f 1356 1379 1092
f 597 665 743
f 743 665 932
f 743 932 973
f 973 932 1131
f 973 1131 1343
f 1343 1131 1321
f 1343 1321 1506
f 1506 1321 1481
f 1506 1481 1704
f 1704 1481 1668
f 1704 1668 1848
f 1848 1668 1820
f 1848 1820 1925
f 1925 1820 1899
f 1925 1949 1848
f 1848 1949 1867
f 1848 1867 1704
f 1704 1867 1733
f 1704 1733 1506
f 1506 1733 1527
f 1506 1527 1343
f 1343 1527 1356
f 1343 1356 973
f 973 1356 1092
f 973 1092 743
f 743 1092 801
f 743 801 603
f 603 801 646
f 603 646 396
f 1753 1772 1815
f 1815 1772 1879
f 1815 1879 1979
f 1979 1879 1970
f 1979 1970 2167
f 2167 1970 2181
f 2167 2181 2266
f 2266 2181 2285
f 1772 1776 1879
f 1879 1776 1884
f 1879 1884 1970
f 1970 1884 1989
f 1970 1989 2181
f 2181 1989 2183
f 2181 2183 2289
f 1402 1417 1510
f 1510 1417 1575
f 1510 1575 1522
f 1753 1522 1772
f 1772 1522 1575
f 1772 1575 1776
f 1776 1575 1774
f 1776 1774 1884
f 1884 1774 1883
f 1884 1883 1989
f 1989 1883 1993
f 1989 1993 2183
f 2183 1993 2180
f 2183 2180 2289
f 2289 2180 2286
f 391 396 470
f 470 396 646
f 470 646 676
f 676 646 801
f 676 801 1129
f 1129 801 1092
f 1129 1092 1417
f 1417 1092 1379
f 1417 1379 1575
f 1575 1379 1550
f 1575 1550 1774
f 1774 1550 1759
f 1774 1759 1883
f 1883 1759 1878
f 1883 1878 1993
f 1993 1878 1976
f 1993 1976 2180
f 2180 1976 1949
f 2180 1949 2164
f 2164 1949 1925
f 2164 1925 2148
f 2148 1925 1899
f 2148 1899 2116
f 2116 1899 1971
f 2116 1971 2146
f 777 772 1629
f 96 221 250
f 96 250 148
f 148 250 285
f 148 285 233
f 285 307 233
f 233 307 310
f 233 310 234
f 1629 772 1465
f 1465 772 672
f 1465 672 1449
f 1449 672 1280
f 1280 672 514
f 1280 514 1265
f 1265 514 460
f 1265 460 918
f 918 460 386
f 918 386 705
f 705 386 320
f 705 320 531
f 531 320 309
f 531 309 355
f 355 309 305
f 355 305 310
f 310 305 260
f 310 260 234
f 1629 1651 777
f 777 1651 1843
f 777 1843 1093
f 1093 1843 1907
f 1093 1907 1185
f 1185 1907 1980
f 1185 1980 1211
f 1211 1980 2182
f 1211 2182 1216
f 1216 2182 2236
f 1216 2236 1201
f 1201 2236 2146
f 1201 2146 1168
f 1168 2146 1971
f 1168 1971 1082
f 1082 1971 1874
f 1082 1874 947
f 947 1874 1786
f 947 1786 921
f 921 1786 1673
f 921 1673 783
f 783 1673 1511
f 783 1511 625
f 625 1511 1381
f 625 1381 512
f 512 1381 1131
f 512 1131 351
f 351 1131 932
f 351 932 315
f 315 932 665
f 315 665 280
f 280 665 597
f 280 597 258
f 258 597 564
f 258 564 240
f 240 564 413
f 240 413 166
f 166 413 394
f 166 394 152
f 152 394 375
f 152 375 95
f 547 655 269
f 223 221 96
f 251 230 225
f 96 98 223
f 223 98 100
f 223 100 225
f 225 100 111
f 225 111 251
f 251 111 133
f 251 133 284
f 284 133 153
f 284 153 308
f 308 153 231
f 308 231 319
f 319 231 261
f 319 261 353
f 352 615 321
f 321 615 387
f 353 261 387
f 387 261 304
f 387 304 321
f 1835 1693 821
f 821 1693 1666
f 821 1666 737
f 737 1666 1461
f 737 1461 668
f 668 1461 1423
f 668 1423 558
f 558 1423 1345
f 558 1345 397
f 397 1345 1223
f 397 1223 352
f 352 1223 715
f 352 715 615
f 821 1032 1835
f 1835 1032 1058
f 1835 1058 1890
f 1890 1058 1145
f 1208 2184 1194
f 1194 2184 2053
f 1194 2053 1145
f 1145 2053 1978
f 1145 1978 1890
f 1086 1887 1208
f 1208 1887 2029
f 1208 2029 2184
f 518 1523 778
f 778 1523 1611
f 778 1611 942
f 942 1611 1773
f 942 1773 1086
f 1086 1773 1829
f 1086 1829 1887
f 780 957 311
f 311 957 1090
f 311 1090 390
f 390 1090 1260
f 390 1260 518
f 518 1260 1372
f 518 1372 1523
f 269 655 311
f 311 655 728
f 311 728 780
f 269 255 547
f 547 255 235
f 547 235 402
f 402 235 158
f 402 158 382
f 382 158 151
f 382 151 378
f 378 151 95
f 378 95 375
f 402 404 630
f 1965 1951 1881
f 2229 2232 1966
f 391 395 486
f 2221 2226 2089
f 2089 2226 1950
f 2089 1950 1916
f 1916 1950 1885
f 1916 1885 1842
f 1842 1885 1802
f 1842 1802 1721
f 1721 1802 1634
f 1721 1634 1563
f 1563 1634 1459
f 1563 1459 1336
f 1336 1459 1206
f 1155 1202 897
f 897 1202 916
f 897 916 714
f 538 567 530
f 530 567 578
f 530 578 714
f 714 578 696
f 714 696 897
f 538 530 485
f 485 530 409
f 485 409 457
f 402 382 404
f 404 382 378
f 404 378 388
f 388 378 375
f 2210 2184 2029
f 2210 2029 1891
f 2234 2235 1965
f 1965 2235 2231
f 1965 2231 1951
f 1951 2231 2223
f 2226 2229 1950
f 1950 2229 1966
f 1950 1966 1885
f 1885 1966 1889
f 1885 1889 1802
f 1802 1889 1807
f 1802 1807 1634
f 1634 1807 1637
f 1634 1637 1459
f 1260 1358 1372
f 1372 1358 1528
f 1387 1595 1562
f 1562 1595 1780
f 1562 1780 1751
f 1751 1780 1870
f 1751 1870 1852
f 1852 1870 1929
f 1852 1929 1913
f 1913 1929 2218
f 1595 1796 1780
f 1780 1796 1881
f 1780 1881 1870
f 1870 1881 1951
f 1870 1951 1929
f 1929 1951 2223
f 1929 2223 2218
f 2029 1887 1891
f 1891 1887 1829
f 1891 1829 1828
f 1828 1829 1773
f 1828 1773 1710
f 1710 1773 1611
f 1710 1611 1528
f 1528 1611 1523
f 1528 1523 1372
f 1090 957 1041
f 1041 957 780
f 1041 780 728
f 1387 1041 1096
f 1096 1041 728
f 1096 728 794
f 794 728 655
f 794 655 630
f 630 655 547
f 630 547 402
f 388 391 404
f 404 391 486
f 404 486 630
f 630 486 675
f 630 675 794
f 794 675 881
f 794 881 1096
f 1096 881 1163
f 1096 1163 1387
f 1387 1163 1437
f 1387 1437 1595
f 1595 1437 1614
f 1595 1614 1796
f 1637 1457 1459
f 1459 1457 1202
f 1459 1202 1206
f 1206 1202 1155
f 1206 1155 1336
f 2218 2210 1913
f 1913 2210 1891
f 1913 1891 1852
f 1852 1891 1828
f 1852 1828 1751
f 1751 1828 1710
f 1751 1710 1562
f 1562 1710 1528
f 1562 1528 1387
f 1387 1528 1358
f 1387 1358 1041
f 1041 1358 1260
f 1041 1260 1090
f 2232 2234 1966
f 1966 2234 1965
f 1966 1965 1889
f 1889 1965 1881
f 1889 1881 1807
f 1807 1881 1796
f 1807 1796 1637
f 1637 1796 1614
f 1637 1614 1457
f 1457 1614 1437
f 1457 1437 1202
f 1202 1437 1163
f 1202 1163 916
f 916 1163 881
f 916 881 714
f 714 881 675
f 714 675 530
f 530 675 486
f 530 486 409
f 409 486 395
f 121 145 169
f 137 128 109
f 109 128 76
f 138 163 145
f 140 102 82
f 226 218 167
f 167 218 189
f 167 189 118
f 259 270 226
f 226 270 249
f 226 249 218
f 246 271 265
f 265 271 281
f 265 281 259
f 259 281 274
f 259 274 270
f 183 215 246
f 246 215 264
f 246 264 271
f 88 136 131
f 131 136 150
f 131 150 183
f 183 150 205
f 183 205 215
f 128 99 76
f 76 99 97
f 76 97 88
f 88 97 114
f 88 114 136
f 137 109 178
f 178 109 157
f 178 157 193
f 193 157 170
f 193 170 217
f 217 170 239
f 217 239 257
f 257 239 272
f 272 239 262
f 272 262 278
f 278 262 279
f 279 262 263
f 279 263 273
f 273 263 238
f 273 238 256
f 145 163 169
f 169 163 191
f 169 191 216
f 106 138 117
f 117 138 145
f 117 145 91
f 91 145 121
f 91 121 69
f 149 238 203
f 203 238 263
f 203 263 245
f 245 263 262
f 245 262 244
f 244 262 239
f 244 239 204
f 204 239 170
f 204 170 154
f 154 170 157
f 154 157 139
f 139 157 109
f 139 109 84
f 84 109 76
f 84 76 52
f 52 76 88
f 52 88 66
f 66 88 131
f 66 131 110
f 110 131 183
f 110 183 162
f 162 183 246
f 162 246 214
f 214 246 265
f 214 265 247
f 247 265 259
f 247 259 241
f 241 259 226
f 241 226 192
f 192 226 167
f 192 167 147
f 147 167 118
f 147 118 93
f 94 106 83
f 83 106 117
f 83 117 55
f 55 117 91
f 55 91 29
f 29 91 69
f 29 69 20
f 101 149 134
f 134 149 203
f 134 203 184
f 184 203 245
f 184 245 228
f 228 245 244
f 228 244 227
f 227 244 204
f 227 204 185
f 185 204 154
f 185 154 135
f 135 154 139
f 135 139 120
f 120 139 84
f 120 84 65
f 65 84 52
f 65 52 27
f 27 52 66
f 27 66 41
f 41 66 110
f 41 110 89
f 89 110 162
f 89 162 146
f 146 162 214
f 146 214 195
f 195 214 247
f 195 247 232
f 232 247 241
f 232 241 219
f 219 241 192
f 219 192 175
f 175 192 147
f 175 147 132
f 132 147 93
f 132 93 70
f 62 101 92
f 92 101 134
f 92 134 124
f 124 134 184
f 124 184 176
f 176 184 228
f 176 228 212
f 212 228 227
f 212 227 211
f 211 227 185
f 211 185 177
f 177 185 135
f 177 135 126
f 126 135 120
f 126 120 113
f 113 120 65
f 113 65 48
f 48 65 27
f 48 27 14
f 14 27 41
f 14 41 26
f 26 41 89
f 26 89 75
f 75 89 146
f 75 146 141
f 141 146 195
f 141 195 186
f 186 195 232
f 186 232 220
f 220 232 219
f 220 219 206
f 206 219 175
f 206 175 168
f 168 175 132
f 168 132 122
f 122 132 70
f 122 70 64
f 34 20 62
f 62 20 69
f 62 69 101
f 101 69 121
f 101 121 149
f 149 121 169
f 149 169 238
f 238 169 216
f 238 216 256
f 34 13 20
f 20 13 17
f 20 17 29
f 29 17 28
f 29 28 55
f 55 28 54
f 55 54 83
f 83 54 82
f 83 82 94
f 94 82 102
f 13 12 17
f 17 12 64
f 17 64 28
f 28 64 70
f 28 70 54
f 54 70 93
f 54 93 82
f 82 93 118
f 82 118 140
f 140 118 189
f 12 36 64
f 64 36 57
f 64 57 122
f 122 57 123
f 122 123 168
f 168 123 171
f 168 171 206
f 206 171 213
f 206 213 220
f 220 213 229
f 220 229 186
f 186 229 190
f 186 190 141
f 141 190 144
f 141 144 75
f 75 144 72
f 75 72 26
f 72 35 26
f 26 35 23
f 26 23 14
f 14 23 8
f 14 8 48
f 48 8 46
f 48 46 113
f 113 46 112
f 113 112 126
f 126 112 127
f 126 127 177
f 177 127 182
f 177 182 211
f 211 182 222
f 211 222 212
f 212 222 224
f 212 224 176
f 176 224 181
f 176 181 124
f 124 181 125
f 124 125 92
f 92 125 90
f 92 90 62
f 62 90 56
f 62 56 34
f 892 662 393
f 306 370 222
f 11 7 8
f 11 8 21
f 21 8 23
f 21 23 33
f 33 23 35
f 33 35 50
f 50 35 73
f 73 35 72
f 73 72 155
f 155 72 188
f 188 72 144
f 188 144 209
f 144 190 209
f 209 190 229
f 209 229 282
f 282 229 303
f 213 392 229
f 229 392 354
f 229 354 303
f 621 749 482
f 482 749 928
f 482 928 1059
f 1059 1062 482
f 482 1062 976
f 482 976 898
f 898 660 482
f 482 660 574
f 482 574 392
f 171 208 213
f 213 208 248
f 213 248 392
f 392 248 318
f 392 318 482
f 482 318 532
f 482 532 621
f 171 123 208
f 208 123 57
f 208 57 119
f 119 57 36
f 12 32 36
f 36 32 51
f 36 51 119
f 34 30 13
f 13 30 6
f 13 6 12
f 12 6 19
f 12 19 32
f 90 125 210
f 90 210 56
f 210 180 56
f 56 180 159
f 56 159 34
f 34 159 71
f 34 71 30
f 393 362 224
f 125 181 210
f 210 181 224
f 210 224 292
f 292 224 362
f 1020 1049 588
f 588 370 577
f 577 606 588
f 588 606 817
f 588 817 1020
f 1049 892 588
f 588 892 393
f 588 393 370
f 370 393 224
f 370 224 222
f 182 196 222
f 222 196 283
f 222 283 306
f 7 5 8
f 8 5 9
f 8 9 46
f 46 9 31
f 46 31 53
f 182 127 196
f 196 127 112
f 196 112 156
f 156 112 46
f 156 46 81
f 81 46 53
f 281 271 343
f 163 333 191
f 191 333 349
f 191 349 216
f 337 273 349
f 349 273 256
f 349 256 216
f 336 278 337
f 337 278 279
f 337 279 273
f 193 217 335
f 335 217 257
f 335 257 336
f 336 257 272
f 336 272 278
f 193 335 178
f 178 335 334
f 178 334 137
f 347 99 334
f 334 99 128
f 334 128 137
f 345 114 347
f 347 114 97
f 347 97 99
f 215 205 344
f 344 205 150
f 344 150 345
f 345 150 136
f 345 136 114
f 343 271 344
f 344 271 264
f 344 264 215
f 281 343 274
f 274 343 327
f 274 327 270
f 270 327 249
f 249 327 328
f 249 328 218
f 326 102 330
f 330 102 140
f 330 140 328
f 328 140 189
f 328 189 218
f 163 138 333
f 333 138 106
f 333 106 326
f 326 106 94
f 326 94 102
f 24 15 61
f 797 662 892
f 9 5 22
f 49 67 107
f 86 96 148
f 9 22 31
f 31 22 60
f 31 60 53
f 53 60 81
f 81 60 161
f 81 161 156
f 156 161 196
f 196 161 287
f 196 287 283
f 283 287 306
f 306 287 358
f 306 358 370
f 370 358 589
f 370 589 577
f 577 589 606
f 606 589 722
f 606 722 817
f 722 834 817
f 817 834 1056
f 817 1056 1020
f 1020 1056 1099
f 1020 1099 1049
f 1049 1099 1080
f 1049 1080 892
f 892 1080 930
f 892 930 797
f 797 645 662
f 662 645 481
f 662 481 393
f 393 481 369
f 393 369 362
f 362 369 289
f 362 289 292
f 292 289 243
f 292 243 210
f 210 243 180
f 180 243 165
f 180 165 159
f 10 6 30
f 159 165 71
f 71 165 61
f 71 61 30
f 30 61 15
f 30 15 10
f 95 63 108
f 1137 1211 1178
f 1178 1211 1216
f 1178 1216 1161
f 896 921 711
f 711 921 783
f 711 783 552
f 1216 1201 1161
f 1161 1201 1168
f 1161 1168 1064
f 1064 1168 1082
f 1064 1082 896
f 896 1082 947
f 896 947 921
f 783 625 552
f 552 625 512
f 552 512 385
f 385 512 351
f 385 351 302
f 302 351 315
f 302 315 268
f 200 166 108
f 108 166 152
f 108 152 95
f 315 280 268
f 268 280 258
f 268 258 200
f 200 258 240
f 200 240 166
f 37 24 79
f 79 24 61
f 79 61 179
f 179 61 165
f 179 165 254
f 254 165 243
f 254 243 294
f 294 243 289
f 294 289 376
f 376 289 369
f 376 369 525
f 525 369 481
f 525 481 669
f 669 481 645
f 669 645 829
f 829 645 797
f 829 797 968
f 968 797 930
f 968 930 1116
f 1116 930 1080
f 1116 1080 1134
f 1134 1080 1099
f 1134 1099 1097
f 1097 1099 1056
f 1097 1056 903
f 903 1056 834
f 903 834 755
f 755 834 722
f 755 722 616
f 616 722 589
f 616 589 367
f 367 589 358
f 367 358 291
f 291 358 287
f 291 287 173
f 173 287 161
f 173 161 80
f 80 161 60
f 80 60 38
f 38 60 22
f 305 298 260
f 260 298 197
f 260 197 234
f 67 86 107
f 107 86 148
f 107 148 197
f 197 148 233
f 197 233 234
f 386 377 320
f 320 377 298
f 320 298 309
f 309 298 305
f 386 460 377
f 377 460 514
f 377 514 637
f 514 672 637
f 637 672 772
f 637 772 792
f 792 772 777
f 792 777 949
f 949 777 1093
f 949 1093 1137
f 1137 1093 1185
f 1137 1185 1211
f 63 37 108
f 108 37 79
f 108 79 200
f 200 79 179
f 200 179 268
f 268 179 254
f 268 254 302
f 302 254 294
f 302 294 385
f 385 294 376
f 385 376 552
f 552 376 525
f 552 525 711
f 711 525 669
f 711 669 896
f 896 669 829
f 896 829 1064
f 1064 829 968
f 1064 968 1161
f 1161 968 1116
f 1161 1116 1178
f 1178 1116 1134
f 1178 1134 1137
f 1137 1134 1097
f 1137 1097 949
f 949 1097 903
f 949 903 792
f 792 903 755
f 792 755 637
f 637 755 616
f 637 616 377
f 377 616 367
f 377 367 298
f 298 367 291
f 298 291 197
f 197 291 173
f 197 173 107
f 107 173 80
f 107 80 49
f 49 80 38
f 660 720 587
f 24 37 78
f 105 63 95
f 1058 1032 948
f 948 1032 790
f 49 38 39
f 98 96 86
f 86 85 98
f 98 85 87
f 98 87 100
f 100 87 111
f 86 67 85
f 85 67 68
f 85 68 87
f 87 68 74
f 87 74 111
f 111 74 104
f 111 104 133
f 133 104 153
f 153 104 194
f 153 194 231
f 231 194 261
f 261 194 295
f 261 295 304
f 373 352 295
f 295 352 321
f 295 321 304
f 636 558 373
f 373 558 397
f 373 397 352
f 1032 821 790
f 790 821 737
f 790 737 636
f 636 737 668
f 636 668 558
f 1058 948 1145
f 1145 948 1138
f 1145 1138 1194
f 1194 1138 1180
f 1194 1180 1208
f 301 390 384
f 384 390 518
f 384 518 548
f 548 518 778
f 548 778 708
f 708 778 942
f 708 942 895
f 895 942 1086
f 895 1086 1063
f 1063 1086 1208
f 1063 1208 1162
f 1162 1208 1180
f 198 255 267
f 267 255 269
f 267 269 301
f 301 269 311
f 301 311 390
f 95 151 105
f 105 151 158
f 105 158 198
f 198 158 235
f 198 235 255
f 51 32 59
f 59 32 19
f 6 10 19
f 19 10 15
f 19 15 59
f 720 660 833
f 833 660 898
f 833 898 1057
f 356 286 303
f 33 58 25
f 22 5 16
f 16 5 7
f 16 7 18
f 18 7 11
f 18 11 25
f 25 11 21
f 25 21 33
f 155 160 73
f 73 160 58
f 73 58 50
f 50 58 33
f 155 188 160
f 160 188 209
f 160 209 286
f 286 209 282
f 286 282 303
f 303 354 356
f 356 354 392
f 356 392 587
f 587 392 574
f 587 574 660
f 374 517 477
f 477 517 641
f 15 24 59
f 59 24 78
f 59 78 164
f 164 78 174
f 164 174 242
f 242 174 252
f 242 252 288
f 288 252 293
f 288 293 368
f 51 59 119
f 119 59 164
f 119 164 208
f 208 164 242
f 208 242 248
f 248 242 288
f 248 288 318
f 318 288 368
f 318 368 532
f 749 621 641
f 641 621 532
f 641 532 477
f 477 532 368
f 477 368 374
f 374 368 293
f 38 22 39
f 39 22 16
f 39 16 40
f 40 16 18
f 40 18 47
f 47 18 25
f 47 25 77
f 77 25 58
f 77 58 172
f 172 58 160
f 172 160 290
f 290 160 286
f 290 286 366
f 366 286 356
f 366 356 612
f 612 356 587
f 612 587 752
f 752 587 720
f 752 720 901
f 901 720 833
f 901 833 1098
f 1098 833 1057
f 1098 1057 1135
f 1135 1057 1100
f 1135 1100 1117
f 1117 1100 1081
f 1117 1081 967
f 967 1081 929
f 967 929 827
f 827 929 796
f 827 796 664
f 898 976 1057
f 1057 976 1062
f 1057 1062 1100
f 1100 1062 1059
f 1100 1059 1081
f 1081 1059 928
f 1081 928 929
f 929 928 749
f 929 749 796
f 796 749 641
f 796 641 664
f 664 641 517
f 37 63 78
f 78 63 105
f 78 105 174
f 174 105 198
f 174 198 252
f 252 198 267
f 252 267 293
f 293 267 301
f 293 301 374
f 374 301 384
f 374 384 517
f 517 384 548
f 517 548 664
f 664 548 708
f 664 708 827
f 827 708 895
f 827 895 967
f 967 895 1063
f 967 1063 1117
f 1117 1063 1162
f 1117 1162 1135
f 1135 1162 1180
f 1135 1180 1098
f 1098 1180 1138
f 1098 1138 901
f 901 1138 948
f 901 948 752
f 752 948 790
f 752 790 612
f 612 790 636
f 612 636 366
f 366 636 373
f 366 373 290
f 290 373 295
f 290 295 172
f 172 295 194
f 172 194 77
f 77 194 104
f 77 104 47
f 47 104 74
f 47 74 40
f 40 74 68
f 40 68 39
f 39 68 67
f 39 67 49
f 348 437 340
f 340 437 439
f 340 439 341
f 341 439 431
f 341 431 342
f 342 431 432
f 342 432 324
f 324 432 449
f 324 449 332
f 332 449 448
f 332 448 331
f 331 448 455
f 331 455 325
f 325 455 445
f 325 445 338
f 338 445 443
f 338 443 329
f 329 443 435
f 329 435 346
f 346 435 442
f 346 442 339
f 339 442 446
f 339 446 348
f 348 446 437
f 445 434 443
f 443 434 441
f 443 441 435
f 432 429 449
f 449 429 440
f 449 440 448
f 448 440 438
f 448 438 455
f 455 438 454
f 455 454 445
f 445 454 436
f 445 436 434
f 441 433 435
f 435 433 452
f 435 452 442
f 452 430 442
f 442 430 453
f 442 453 446
f 446 453 444
f 446 444 437
f 437 444 447
f 437 447 439
f 439 447 428
f 439 428 431
f 431 428 450
f 431 450 432
f 432 450 451
f 432 451 429
f 342 337 341
f 341 337 349
f 341 349 340
f 340 349 333
f 340 333 348
f 348 333 326
f 348 326 339
f 339 326 330
f 339 330 346
f 346 330 328
f 346 328 329
f 328 327 329
f 329 327 343
f 329 343 338
f 338 343 344
f 338 344 325
f 325 344 345
f 325 345 331
f 331 345 347
f 331 347 332
f 332 347 334
f 332 334 324
f 324 334 335
f 324 335 342
f 342 335 336
f 342 336 337
f 527 507 526
f 526 507 513
f 526 513 573
f 573 513 559
f 573 559 652
f 1094 977 1103
f 1103 977 946
f 1103 946 828
f 626 582 661
f 1193 1190 1069
f 1066 1108 1153
f 1066 1153 890
f 591 561 572
f 1103 828 1152
f 1152 828 756
f 1152 756 709
f 709 756 678
f 709 678 585
f 1203 1152 759
f 759 1152 709
f 759 709 591
f 591 709 585
f 591 585 561
f 813 1207 810
f 810 1207 1210
f 1218 1203 787
f 787 1203 759
f 787 759 628
f 628 759 591
f 628 591 626
f 626 591 572
f 626 572 582
f 1210 1218 810
f 810 1218 787
f 810 787 648
f 648 787 628
f 648 628 667
f 667 628 626
f 667 626 886
f 886 626 661
f 886 661 890
f 721 978 1055
f 1055 978 1198
f 1055 1198 1193
f 1153 1198 950
f 950 1198 978
f 950 978 691
f 691 978 721
f 691 721 663
f 663 721 666
f 663 666 670
f 1193 1069 1055
f 1055 1069 765
f 1055 765 721
f 721 765 730
f 721 730 666
f 890 1153 886
f 886 1153 950
f 886 950 667
f 667 950 691
f 667 691 648
f 648 691 663
f 648 663 810
f 810 663 670
f 810 670 813
f 1153 1108 1084
f 1190 1193 1188
f 1188 1193 1198
f 1188 1198 1172
f 1172 1198 1153
f 1172 1153 1132
f 1132 1153 1084
f 1132 1084 1067
f 1167 1159 1174
f 1067 1126 1132
f 1132 1126 1150
f 1132 1150 1172
f 1172 1150 1167
f 1172 1167 1188
f 1188 1167 1174
f 1188 1174 1190
f 1040 1186 785
f 1199 1207 813
f 638 699 785
f 785 699 769
f 785 769 1040
f 1159 763 760
f 760 763 640
f 760 640 666
f 666 640 638
f 666 638 670
f 670 638 785
f 670 785 813
f 813 785 1186
f 813 1186 1199
f 1190 1174 1069
f 1069 1174 1159
f 1069 1159 765
f 765 1159 760
f 765 760 730
f 730 760 666
f 1186 1040 1191
f 1159 762 763
f 671 800 879
f 671 879 652
f 652 879 611
f 652 611 573
f 573 611 565
f 573 565 526
f 733 618 657
f 657 618 540
f 657 540 565
f 565 540 527
f 565 527 526
f 1150 1126 712
f 712 1126 1067
f 1159 1167 762
f 762 1167 750
f 762 750 627
f 1028 1196 1191
f 941 1160 1196
f 800 1046 879
f 879 1046 1091
f 879 1091 1160
f 1160 941 879
f 879 941 649
f 879 649 611
f 611 649 598
f 611 598 565
f 565 598 712
f 565 712 657
f 657 712 1067
f 657 1067 733
f 1196 1028 941
f 941 1028 685
f 941 685 649
f 649 685 627
f 649 627 598
f 598 627 750
f 598 750 712
f 712 750 1167
f 712 1167 1150
f 640 639 638
f 638 639 699
f 1191 1040 1028
f 1028 1040 769
f 1028 769 685
f 685 769 699
f 685 699 627
f 627 699 639
f 627 639 762
f 762 639 640
f 762 640 763
f 1091 1046 1074
f 1094 1103 1074
f 1074 1103 1125
f 1074 1125 1091
f 1091 1125 1184
f 1091 1184 1160
f 1160 1184 1204
f 1160 1204 1196
f 1196 1204 1205
f 1196 1205 1191
f 1191 1205 1199
f 1191 1199 1186
f 1103 1152 1125
f 1125 1152 1203
f 1125 1203 1184
f 1184 1203 1218
f 1184 1218 1204
f 1204 1218 1210
f 1204 1210 1205
f 1205 1210 1207
f 1205 1207 1199
f 876 433 856
f 856 433 441
f 856 441 862
f 862 441 434
f 1466 1305 1235
f 828 946 912
f 912 946 977
f 1251 1269 1360
f 538 485 540
f 1475 1376 1305
f 1475 1305 1644
f 1644 1305 1466
f 1644 1466 1782
f 1877 1824 1730
f 1877 1730 1931
f 1979 2261 1981
f 1981 2261 2119
f 1252 1214 1402
f 761 652 686
f 686 652 559
f 686 559 562
f 562 559 457
f 559 513 457
f 457 513 507
f 457 507 485
f 485 507 527
f 485 527 540
f 538 540 567
f 567 540 618
f 567 618 578
f 578 618 696
f 696 618 733
f 696 733 897
f 897 733 1067
f 897 1067 1155
f 1721 1563 1474
f 1474 1563 1336
f 1474 1336 1255
f 2089 1916 1935
f 1935 1916 1732
f 2221 2089 2150
f 2150 2089 1935
f 2150 1935 1973
f 1973 1935 1928
f 1360 1513 1311
f 1311 1513 1607
f 1311 1607 1716
f 1716 1607 1799
f 1716 1799 1910
f 920 961 1035
f 961 1033 1311
f 1033 1110 1311
f 1311 1110 1173
f 1311 1173 1360
f 1360 1173 1189
f 1360 1189 1251
f 1251 1189 1179
f 1251 1179 1215
f 1215 1179 1122
f 1215 1122 1133
f 1133 1122 1076
f 1133 1076 1085
f 1076 1048 1085
f 1085 1048 1045
f 1085 1045 1149
f 1149 1045 1077
f 1149 1077 1209
f 1209 1077 1124
f 1209 1124 1263
f 1263 1124 1181
f 1263 1181 1344
f 1239 1108 1066
f 1239 1066 1035
f 678 601 585
f 585 601 584
f 585 584 561
f 561 584 572
f 572 584 607
f 572 607 582
f 582 607 698
f 582 698 661
f 690 729 805
f 805 729 745
f 805 745 804
f 793 744 690
f 690 744 725
f 690 725 729
f 1078 919 793
f 793 919 803
f 793 803 744
f 1344 1181 1376
f 1376 1181 1197
f 1376 1197 1305
f 1305 1197 1158
f 1305 1158 1235
f 1235 1158 1078
f 1235 1078 1019
f 1019 1078 793
f 1019 793 687
f 1035 961 1239
f 1239 961 1311
f 1239 1311 1415
f 1415 1311 1716
f 1415 1716 1678
f 2119 1959 1981
f 1981 1959 1700
f 1981 1700 1979
f 1979 1700 1771
f 1979 1771 1815
f 1815 1771 1753
f 756 828 687
f 687 828 912
f 687 912 1019
f 1019 912 977
f 1019 977 1235
f 1235 977 1094
f 1235 1094 1252
f 1252 1094 1074
f 1252 1074 1214
f 1214 1074 1046
f 1214 1046 1130
f 1130 1046 800
f 1130 800 761
f 761 800 671
f 761 671 652
f 1824 1782 1730
f 1730 1782 1466
f 1730 1466 1418
f 1418 1466 1235
f 1418 1235 1432
f 1432 1235 1252
f 1432 1252 1489
f 1489 1252 1402
f 1489 1402 1510
f 2119 1931 1959
f 1959 1931 1730
f 1959 1730 1700
f 1700 1730 1418
f 1700 1418 1771
f 1771 1418 1432
f 1771 1432 1753
f 1753 1432 1489
f 1753 1489 1522
f 1522 1489 1510
f 1255 1233 1474
f 1474 1233 1428
f 1474 1428 1721
f 1721 1428 1732
f 1721 1732 1842
f 1842 1732 1916
f 804 920 805
f 805 920 1035
f 805 1035 926
f 926 1035 1066
f 926 1066 890
f 1155 1067 1336
f 1336 1067 1084
f 1336 1084 1255
f 1255 1084 1108
f 1255 1108 1233
f 1233 1108 1239
f 1233 1239 1428
f 1428 1239 1415
f 1428 1415 1732
f 1732 1415 1678
f 1732 1678 1935
f 1935 1678 1716
f 1935 1716 1928
f 1928 1716 1910
f 1928 1910 1973
f 890 661 926
f 926 661 698
f 926 698 805
f 805 698 607
f 805 607 690
f 690 607 584
f 690 584 793
f 793 584 601
f 793 601 687
f 687 601 678
f 687 678 756
f 452 770 430
f 430 770 746
f 430 746 453
f 453 746 716
f 1189 1173 1141
f 1179 1189 1156
f 1189 1141 1156
f 1156 1141 1101
f 1156 1101 1111
f 1111 1101 1029
f 1111 1029 1036
f 1036 1029 911
f 1036 911 925
f 1179 1156 1146
f 1146 1156 1111
f 1146 1111 1105
f 1105 1111 1036
f 1105 1036 1030
f 1030 1036 925
f 1030 925 915
f 847 911 1029
f 914 823 847
f 823 914 770
f 847 1029 914
f 914 1029 1101
f 914 1101 1024
f 1024 1101 1141
f 1024 1141 1079
f 1079 1141 1173
f 1079 1173 1110
f 770 914 830
f 830 914 1024
f 830 1024 913
f 913 1024 1079
f 913 1079 963
f 963 1079 1110
f 963 1110 1033
f 961 920 904
f 1033 961 939
f 961 904 939
f 939 904 832
f 939 832 891
f 891 832 775
f 891 775 806
f 806 775 716
f 806 716 746
f 1033 939 963
f 963 939 891
f 963 891 913
f 913 891 806
f 913 806 830
f 830 806 746
f 830 746 770
f 1102 1146 1105
f 814 802 894
f 894 802 773
f 915 848 938
f 938 848 835
f 938 835 888
f 595 635 694
f 586 647 583
f 583 647 629
f 583 629 592
f 592 629 643
f 592 643 634
f 634 643 692
f 634 692 679
f 679 692 773
f 679 773 717
f 717 773 802
f 814 894 875
f 875 894 972
f 875 972 905
f 905 972 934
f 934 972 1051
f 934 1051 937
f 937 1051 917
f 917 1051 1031
f 917 1031 900
f 900 1031 945
f 900 945 854
f 835 795 888
f 888 795 782
f 888 782 839
f 839 782 776
f 839 776 893
f 893 776 798
f 893 798 945
f 945 798 838
f 945 838 854
f 647 695 677
f 647 677 629
f 629 677 693
f 629 693 643
f 643 693 751
f 643 751 692
f 692 751 831
f 692 831 773
f 773 831 954
f 773 954 894
f 894 954 1083
f 894 1083 972
f 972 1083 1115
f 972 1115 1051
f 1051 1115 1104
f 1051 1104 1031
f 1031 1104 1052
f 1031 1052 945
f 945 1052 958
f 945 958 893
f 893 958 935
f 893 935 839
f 839 935 955
f 839 955 888
f 888 955 1044
f 888 1044 938
f 938 1044 1030
f 938 1030 915
f 804 745 739
f 739 745 718
f 739 718 695
f 695 718 677
f 677 718 738
f 677 738 693
f 693 738 789
f 693 789 751
f 751 789 902
f 751 902 831
f 831 902 1042
f 831 1042 954
f 954 1042 1127
f 954 1127 1083
f 1083 1127 1166
f 1083 1166 1115
f 1115 1166 1144
f 1115 1144 1104
f 1104 1144 1107
f 1104 1107 1052
f 1052 1107 1050
f 1052 1050 958
f 958 1050 1026
f 958 1026 935
f 935 1026 1043
f 935 1043 955
f 955 1043 1102
f 955 1102 1044
f 1044 1102 1105
f 1044 1105 1030
f 920 791 904
f 904 791 753
f 904 753 832
f 832 753 694
f 832 694 775
f 775 694 635
f 775 635 716
f 920 804 791
f 791 804 739
f 791 739 753
f 753 739 695
f 753 695 694
f 694 695 647
f 694 647 595
f 595 647 586
f 745 729 718
f 718 729 725
f 718 725 738
f 738 725 744
f 738 744 789
f 789 744 803
f 789 803 902
f 902 803 919
f 902 919 1042
f 1042 919 1078
f 1042 1078 1127
f 1127 1078 1158
f 1127 1158 1166
f 1166 1158 1197
f 1166 1197 1144
f 1144 1197 1181
f 1144 1181 1107
f 1107 1181 1124
f 1107 1124 1050
f 1050 1124 1077
f 1050 1077 1026
f 1179 1146 1122
f 1122 1146 1102
f 1122 1102 1076
f 1076 1102 1043
f 1076 1043 1048
f 1048 1043 1026
f 1048 1026 1045
f 1045 1026 1077
f 835 436 795
f 795 436 454
f 795 454 782
f 873 854 440
f 440 854 838
f 440 838 438
f 438 838 798
f 438 798 454
f 454 798 776
f 454 776 782
f 873 440 846
f 846 440 429
f 846 429 875
f 875 429 451
f 875 451 814
f 450 679 717
f 450 717 451
f 451 717 802
f 451 802 814
f 447 583 428
f 428 583 592
f 428 592 450
f 450 592 634
f 450 634 679
f 635 595 447
f 447 595 586
f 447 586 583
f 447 444 635
f 635 444 453
f 635 453 716
f 835 848 436
f 436 848 866
f 436 866 434
f 434 866 862
f 770 452 823
f 823 452 433
f 823 433 847
f 847 433 876
f 1088 1143 1296
f 1296 1143 1225
f 933 1267 1297
f 1270 1262 1297
f 1297 1262 1224
f 1297 1224 933
f 933 1224 1142
f 933 1142 658
f 1142 1087 658
f 658 1087 1072
f 658 1072 551
f 1894 2303 2807
f 2807 2303 2572
f 2807 2572 2806
f 2804 2571 2805
f 2805 2571 2304
f 1296 1287 1088
f 1088 1287 943
f 1088 943 1071
f 1071 943 659
f 1071 659 1072
f 1072 659 553
f 1072 553 456
f 1270 1297 2807
f 2807 1297 1568
f 2807 1568 1894
f 1225 1261 1296
f 1296 1261 1271
f 1296 1271 1567
f 1567 1271 2805
f 1567 2805 1893
f 1893 2805 2304
f 456 403 1072
f 1072 403 427
f 1072 427 551
f 1071 1072 1139
f 1139 1072 1140
f 1139 1140 1579
f 1579 1140 1585
f 2374 2375 2227
f 2227 2375 2175
f 1579 1585 1892
f 1892 1585 1841
f 1892 1841 2175
f 2175 1841 2051
f 2175 2051 2227
f 2375 2374 2492
f 2492 2374 2493
f 2492 2493 2586
f 2586 2493 2594
f 2586 2594 3139
f 3139 2594 3734
f 3139 3734 3229
f 3605 3549 3735
f 3735 3549 3485
f 4307 4287 3735
f 3735 4287 4273
f 4191 3646 4192
f 4192 3646 3645
f 4192 3645 3735
f 3735 3645 3633
f 3735 3633 3605
f 3229 3734 3347
f 3347 3734 3735
f 3347 3735 3392
f 3392 3735 3485
f 3392 3485 3435
f 4193 4192 4234
f 4234 4192 3735
f 4234 3735 4242
f 4242 3735 4273
f 3830 3829 3860
f 3859 3828 3830
f 3830 3860 3859
f 3859 3860 3862
f 3859 3862 3861
f 3861 3862 3826
f 3861 3826 3827
f 3827 3826 3817
f 3817 3826 3786
f 3817 3786 3785
f 3785 3786 3735
f 3785 3735 3734
f 3830 3828 3805
f 3805 3828 3834
f 3805 3834 3841
f 3806 3829 3830
f 3830 3805 3806
f 3806 3805 3774
f 3806 3774 3775
f 3130 3081 3080
f 3363 3374 3360
f 3360 3374 3319
f 3360 3319 3316
f 3316 3319 3219
f 3316 3219 3260
f 3260 3219 3194
f 3260 3194 3193
f 3193 3194 3136
f 3193 3136 3130
f 3130 3136 3087
f 3130 3087 3081
f 3368 3327 3328
f 3080 3128 3130
f 3130 3128 3184
f 3130 3184 3193
f 3193 3184 3239
f 3193 3239 3260
f 3260 3239 3302
f 3260 3302 3316
f 3316 3302 3348
f 3316 3348 3360
f 3360 3348 3368
f 3360 3368 3363
f 3363 3368 3328
f 3363 3328 3374
f 3374 3328 3334
f 2547 2742 2740
f 2741 2619 2739
f 2739 2619 2525
f 2739 2525 2372
f 2372 2294 2739
f 2739 2294 2124
f 2739 2124 2098
f 2098 2016 2739
f 2739 2016 2039
f 2739 2039 2105
f 2105 2216 2739
f 2739 2216 2312
f 2739 2312 2740
f 2740 2312 2466
f 2740 2466 2547
f 2884 2888 2800
f 2739 2740 2801
f 2887 2884 2801
f 2801 2884 2800
f 2801 2800 2739
f 3371 3379 3393
f 3371 3393 3345
f 3379 3394 3393
f 3393 3394 3448
f 3393 3448 3423
f 3451 3449 3448
f 3448 3449 3441
f 3448 3441 3423
f 2887 2886 2898
f 3346 2910 3393
f 3393 2910 3261
f 3393 3261 3345
f 2899 2885 2888
f 2898 2910 2887
f 2887 2910 3346
f 2887 3346 2884
f 2884 3346 3322
f 2884 3322 2888
f 2888 3322 2911
f 2888 2911 2899
f 3448 3450 3451
f 3451 3450 3775
f 3451 3775 3774
f 4645 4690 4692
f 4692 4682 4645
f 4645 4682 4656
f 4645 4656 4644
f 4644 4648 4645
f 4645 4648 4660
f 4645 4660 4737
f 4737 4660 4722
f 4737 4722 4736
f 4486 4494 4594
f 4594 4579 4486
f 4486 4579 4562
f 4486 4562 4489
f 4489 4562 4544
f 4489 4544 4493
f 2766 2795 1299
f 4726 4653 4630
f 4630 4653 4550
f 4477 4476 4639
f 4639 4476 4475
f 3727 3936 4022
f 4022 3936 4099
f 4022 4099 4265
f 1299 2795 2825
f 2825 2795 3012
f 2825 3012 3055
f 3055 3012 3179
f 3055 3179 3419
f 3419 3179 3490
f 3419 3490 3727
f 3727 3490 3685
f 3727 3685 3936
f 4099 4262 4265
f 4265 4262 4485
f 4265 4485 4552
f 4552 4485 4603
f 4552 4603 4727
f 4727 4603 4700
f 4727 4700 4752
f 4752 4700 4726
f 4752 4726 4725
f 4725 4726 4630
f 4639 4708 4477
f 4477 4708 4705
f 4477 4705 4478
f 4478 4705 4630
f 4478 4630 4503
f 4503 4630 4550
f 4475 4474 4639
f 4639 4474 4472
f 4639 4472 4471
f 1299 1576 2766
f 2766 1576 1958
f 2766 1958 2792
f 2792 1958 2299
f 2792 2299 3142
f 3142 2299 2499
f 2499 2543 3142
f 3142 2543 2583
f 3142 2583 3144
f 4471 4470 4639
f 4639 4470 4466
f 4639 4466 4464
f 4462 4493 4464
f 4464 4493 4544
f 4464 4544 4639
f 4737 4725 4645
f 4645 4725 4630
f 4645 4630 4690
f 4690 4630 4705
f 3142 3149 3152
f 3152 3149 3159
f 3152 3159 3158
f 3158 3159 3161
f 3158 3161 3169
f 3169 3161 3172
f 3169 3172 3171
f 3171 3172 3175
f 3171 3175 3174
f 3312 3385 3390
f 3401 3403 3258
f 3195 3230 3258
f 3297 3312 3303
f 3303 3312 3390
f 3303 3390 3311
f 3311 3390 3395
f 3311 3395 3401
f 3183 3174 3181
f 3181 3174 3175
f 3181 3175 3202
f 3183 3181 3195
f 3195 3181 3202
f 3195 3202 3230
f 3230 3202 3222
f 3230 3222 3249
f 3401 3258 3311
f 3311 3258 3230
f 3311 3230 3303
f 3303 3230 3249
f 3303 3249 3297
f 4424 4423 4431
f 4431 4423 4432
f 4477 4478 4456
f 4456 4478 4455
f 4456 4455 4451
f 4451 4455 4452
f 4451 4452 4443
f 4443 4452 4442
f 4443 4442 4432
f 4432 4442 4433
f 4432 4433 4431
f 4478 4503 4455
f 4455 4503 4495
f 4455 4495 4452
f 4452 4495 4484
f 4473 4433 4484
f 4484 4433 4442
f 4484 4442 4452
f 4469 4424 4473
f 4473 4424 4431
f 4473 4431 4433
f 4503 4550 4495
f 4495 4550 4540
f 4495 4540 4484
f 4484 4540 4538
f 4484 4538 4473
f 4473 4538 4529
f 4473 4529 4469
f 4469 4529 4528
f 2791 2837 2835
f 4116 4247 4248
f 2771 2766 2792
f 3493 3490 3179
f 4685 4700 4603
f 4726 4700 4715
f 4715 4700 4685
f 4715 4685 4699
f 3685 3490 3689
f 3689 3490 3493
f 3689 3493 3692
f 4653 4726 4637
f 4637 4726 4715
f 4637 4715 4631
f 4631 4715 4699
f 4631 4699 4625
f 3936 3685 3935
f 3935 3685 3689
f 3935 3689 3934
f 3934 3689 3692
f 3934 3692 3933
f 2792 2809 2771
f 2771 2809 2814
f 2771 2814 2777
f 4669 4661 4694
f 4587 4661 4589
f 4589 4661 4669
f 4589 4669 4598
f 4603 4485 4598
f 4598 4485 4483
f 4598 4483 4589
f 4589 4483 4467
f 4589 4467 4587
f 4587 4467 4459
f 3502 3507 3695
f 3209 3507 3201
f 3201 3507 3502
f 3201 3502 3190
f 3179 3012 3190
f 3190 3012 3029
f 3190 3029 3201
f 3201 3029 3038
f 3201 3038 3209
f 3209 3038 3048
f 4550 4653 4540
f 4540 4653 4637
f 4540 4637 4538
f 4538 4637 4631
f 4538 4631 4529
f 4529 4631 4625
f 4529 4625 4528
f 4528 4625 4622
f 4603 4598 4685
f 4685 4598 4669
f 4685 4669 4699
f 4699 4669 4694
f 4699 4694 4625
f 4625 4694 4651
f 4625 4651 4622
f 4345 4458 4459
f 4459 4458 4583
f 4459 4583 4587
f 4587 4583 4659
f 4587 4659 4661
f 4661 4659 4678
f 4661 4678 4694
f 4694 4678 4686
f 4694 4686 4651
f 4485 4262 4483
f 4483 4262 4256
f 4483 4256 4467
f 4467 4256 4252
f 4467 4252 4459
f 4459 4252 4248
f 4459 4248 4345
f 4345 4248 4247
f 4094 4116 4095
f 4095 4116 4248
f 4095 4248 4096
f 4096 4248 4252
f 4096 4252 4098
f 4098 4252 4256
f 4098 4256 4099
f 4099 4256 4262
f 4099 3936 4098
f 4098 3936 3935
f 4098 3935 4096
f 4096 3935 3934
f 4096 3934 4095
f 4095 3934 3933
f 4095 3933 4094
f 4094 3933 3932
f 3179 3190 3493
f 3493 3190 3502
f 3493 3502 3692
f 3692 3502 3695
f 3692 3695 3933
f 3933 3695 3887
f 3933 3887 3932
f 2957 3050 3048
f 3048 3050 3210
f 3048 3210 3209
f 3209 3210 3509
f 3209 3509 3507
f 3507 3509 3602
f 3507 3602 3695
f 3695 3602 3696
f 3695 3696 3887
f 3012 2795 3029
f 3029 2795 2812
f 3029 2812 3038
f 3038 2812 2826
f 3038 2826 3048
f 3048 2826 2835
f 3048 2835 2957
f 2957 2835 2837
f 2783 2791 2780
f 2780 2791 2835
f 2780 2835 2777
f 2777 2835 2826
f 2777 2826 2771
f 2771 2826 2812
f 2771 2812 2766
f 2766 2812 2795
f 2814 2819 2777
f 2777 2819 2827
f 2777 2827 2780
f 2780 2827 2829
f 2780 2829 2783
f 2783 2829 2832
f 3174 2832 3171
f 3171 2832 2829
f 3171 2829 3169
f 3169 2829 2827
f 3169 2827 3158
f 3158 2827 2819
f 3158 2819 3152
f 3152 2819 2814
f 3152 2814 3142
f 3142 2814 2809
f 3142 2809 2792
f 3576 3574 3546
f 4195 4216 4189
f 4189 4216 4187
f 4093 4101 4118
f 4118 4101 4151
f 4118 4151 4187
f 4187 4151 4165
f 4187 4165 4189
f 4093 4118 4042
f 4042 4118 4039
f 4042 4039 4025
f 3909 3940 3820
f 3820 3940 3797
f 3909 3931 3940
f 3940 3931 3944
f 3940 3944 4039
f 4039 3944 4017
f 4039 4017 4025
f 3576 3590 3574
f 3574 3590 3631
f 3574 3631 3643
f 3643 3631 3680
f 3643 3680 3666
f 3666 3680 3698
f 3666 3698 3797
f 3797 3698 3798
f 3797 3798 3820
f 3511 3546 3557
f 3557 3546 3574
f 3557 3574 3637
f 3637 3574 3643
f 3637 3643 3654
f 3654 3643 3666
f 3654 3666 3794
f 3794 3666 3797
f 3794 3797 3946
f 3946 3797 3940
f 3946 3940 4059
f 4059 3940 4039
f 4059 4039 4133
f 4133 4039 4118
f 4133 4118 4206
f 4206 4118 4187
f 4206 4187 4221
f 4221 4187 4216
f 3142 3144 3151
f 3176 3175 3172
f 3176 3172 3162
f 3172 3161 3162
f 3162 3161 3159
f 3162 3159 3151
f 3151 3159 3149
f 3151 3149 3142
f 3176 3235 3249
f 3249 3222 3176
f 3176 3222 3202
f 3176 3202 3175
f 3235 3417 3385
f 3385 3312 3235
f 3235 3312 3297
f 3235 3297 3249
f 3645 3558 3609
f 3609 3558 3556
f 3512 3556 3558
f 3385 3417 3390
f 3390 3417 3420
f 3472 3499 3512
f 3512 3499 3510
f 3512 3510 3556
f 3513 3469 3470
f 3442 3462 3465
f 3465 3462 3472
f 3465 3472 3470
f 3470 3472 3512
f 3470 3512 3513
f 3513 3512 3558
f 3420 3442 3390
f 3390 3442 3465
f 3390 3465 3395
f 3395 3465 3470
f 3395 3470 3401
f 3401 3470 3469
f 3401 3469 3403
f 2832 3174 2833
f 2833 3174 3183
f 3403 3404 3258
f 3258 3404 2833
f 3258 2833 3195
f 3195 2833 3183
f 2832 2833 2783
f 2783 2833 2790
f 2958 2837 2790
f 2790 2837 2791
f 2790 2791 2783
f 3221 3050 2958
f 2958 3050 2957
f 2958 2957 2837
f 3603 3509 3221
f 3221 3509 3210
f 3221 3210 3050
f 3886 3696 3603
f 3603 3696 3602
f 3603 3602 3509
f 4116 4094 4115
f 4115 4094 3932
f 4115 3932 3886
f 3886 3932 3887
f 3886 3887 3696
f 4116 4115 4247
f 4247 4115 4344
f 4247 4344 4345
f 4345 4344 4458
f 4458 4344 4573
f 4458 4573 4583
f 4583 4573 4659
f 4659 4573 4679
f 4659 4679 4678
f 4678 4679 4686
f 4686 4679 4652
f 4686 4652 4651
f 4651 4652 4622
f 4622 4652 4527
f 4622 4527 4528
f 4093 4042 4044
f 3546 3541 3576
f 3576 3541 3592
f 3576 3592 3590
f 3798 3698 3699
f 3699 3698 3680
f 3699 3680 3592
f 3592 3680 3631
f 3592 3631 3590
f 3798 3699 3820
f 3820 3699 3897
f 3820 3897 3909
f 4044 4042 3897
f 3897 4042 4025
f 3897 4025 4017
f 4017 3944 3897
f 3897 3944 3931
f 3897 3931 3909
f 4140 4194 4189
f 4189 4165 4140
f 4140 4165 4151
f 4140 4151 4044
f 4044 4151 4101
f 4044 4101 4093
f 4164 4173 4139
f 4139 4173 4179
f 4139 4179 4194
f 4194 4179 4195
f 4194 4195 4189
f 4083 4088 4046
f 4046 4088 4130
f 4046 4130 4139
f 4139 4130 4136
f 4139 4136 4164
f 3905 3896 3921
f 3921 3994 3905
f 3905 3994 4011
f 3905 4011 4046
f 4046 4011 4049
f 4046 4049 4083
f 3896 3905 3789
f 3789 3905 3701
f 3789 3701 3731
f 3573 3589 3591
f 3591 3589 3621
f 3621 3632 3591
f 3591 3632 3681
f 3591 3681 3701
f 3701 3681 3705
f 3701 3705 3731
f 3546 3540 3541
f 3541 3540 3542
f 3541 3542 3591
f 3591 3542 3568
f 3591 3568 3573
f 4418 4434 4415
f 4415 4398 4401
f 4407 4418 4406
f 4406 4418 4415
f 4406 4415 4403
f 4403 4415 4401
f 4193 4238 4222
f 4398 4366 4401
f 4401 4366 4368
f 4401 4368 4387
f 4387 4368 4374
f 4327 4347 4366
f 4366 4347 4352
f 4366 4352 4368
f 4368 4352 4369
f 4368 4369 4374
f 4321 4322 4308
f 4308 4322 4251
f 4308 4251 4245
f 4222 4238 4284
f 4399 4400 4367
f 4367 4400 4371
f 4367 4371 4321
f 4321 4371 4333
f 4321 4333 4322
f 4322 4333 4284
f 4322 4284 4251
f 4251 4284 4238
f 4251 4238 4245
f 4398 4399 4366
f 4366 4399 4367
f 4366 4367 4327
f 4327 4367 4321
f 4327 4321 4319
f 4319 4321 4308
f 4387 4374 4412
f 4387 4412 4401
f 4411 4408 4407
f 4405 4413 4411
f 4412 4413 4401
f 4401 4413 4405
f 4401 4405 4403
f 4411 4407 4405
f 4405 4407 4406
f 4405 4406 4403
f 4412 4430 4413
f 4413 4430 4429
f 4429 4430 4437
f 4437 4430 4448
f 4437 4448 4449
f 4449 4448 4453
f 4453 4448 4462
f 4453 4462 4464
f 4725 4737 4758
f 4725 4758 4752
f 4752 4758 4738
f 4752 4738 4727
f 4727 4738 4561
f 4727 4561 4552
f 4552 4561 4274
f 4552 4274 4265
f 4265 4274 4029
f 4265 4029 4022
f 4022 4029 3721
f 4022 3721 3727
f 3727 3721 3408
f 3727 3408 3419
f 3419 3408 3041
f 3419 3041 3055
f 3055 3041 2805
f 3055 2805 2825
f 2825 2805 1299
f 1299 2805 1271
f 1261 1290 1271
f 1271 1290 1299
f 1290 1261 1225
f 1143 1227 1225
f 1225 1227 1257
f 1225 1257 1290
f 1157 1195 1143
f 1143 1195 1217
f 1143 1217 1227
f 1143 1088 1157
f 1157 1088 1071
f 1157 1071 1139
f 1139 1579 1578
f 1299 1290 1576
f 1576 1290 1577
f 1582 1195 1578
f 1578 1195 1157
f 1578 1157 1139
f 1290 1257 1577
f 1577 1257 1227
f 1577 1227 1582
f 1582 1227 1217
f 1582 1217 1195
f 1958 1576 1577
f 2299 1958 1926
f 2299 2253 2499
f 2499 2253 2447
f 2391 2400 2217
f 2217 2400 2422
f 2217 2422 2253
f 2253 2422 2439
f 2253 2439 2447
f 2217 2185 2391
f 2391 2185 2175
f 2391 2175 2375
f 2299 1926 2253
f 2253 1926 1904
f 2253 1904 2217
f 2217 1904 1895
f 2217 1895 2185
f 2185 1895 1892
f 2185 1892 2175
f 1958 1577 1926
f 1926 1577 1582
f 1926 1582 1904
f 1904 1582 1578
f 1904 1578 1895
f 1895 1578 1579
f 1895 1579 1892
f 2590 2587 2519
f 2447 2439 2519
f 2585 2583 2543
f 2499 2447 2543
f 2543 2447 2519
f 2543 2519 2585
f 2585 2519 2587
f 2439 2422 2519
f 2519 2422 2498
f 2519 2498 2590
f 2590 2498 2584
f 2584 2498 2588
f 2588 2498 2492
f 2588 2492 2586
f 2375 2492 2391
f 2391 2492 2498
f 2391 2498 2400
f 2400 2498 2422
f 3144 2583 3137
f 3137 2583 2585
f 3137 2585 3138
f 3138 2585 2587
f 3138 2587 3140
f 3140 2587 2590
f 3140 2590 3143
f 3143 2590 2584
f 3143 2584 3141
f 3141 2584 2588
f 3141 2588 3139
f 3139 2588 2586
f 3137 3138 3160
f 3347 3392 3276
f 3188 3192 3232
f 3232 3192 3229
f 3232 3229 3347
f 3138 3140 3192
f 3192 3140 3143
f 3192 3143 3229
f 3229 3143 3141
f 3229 3141 3139
f 3162 3151 3160
f 3160 3151 3144
f 3160 3144 3137
f 3347 3276 3232
f 3232 3276 3215
f 3232 3215 3188
f 3188 3215 3199
f 3188 3199 3182
f 3138 3192 3160
f 3160 3192 3188
f 3160 3188 3162
f 3162 3188 3182
f 3162 3182 3176
f 3380 3435 3485
f 3276 3392 3435
f 3435 3380 3276
f 3276 3380 3298
f 3276 3298 3215
f 3215 3298 3199
f 3199 3298 3252
f 3199 3252 3182
f 3421 3417 3235
f 3176 3182 3235
f 3235 3182 3252
f 3235 3252 3421
f 3421 3252 3298
f 3421 3298 3443
f 3443 3298 3380
f 3443 3380 3461
f 3461 3380 3485
f 3420 3417 3421
f 3485 3549 3461
f 3461 3549 3521
f 3516 3571 3556
f 3452 3471 3474
f 3474 3471 3497
f 3474 3497 3516
f 3516 3497 3525
f 3516 3525 3571
f 3420 3421 3442
f 3556 3510 3516
f 3516 3510 3499
f 3516 3499 3474
f 3474 3499 3472
f 3474 3472 3452
f 3452 3472 3462
f 3452 3462 3442
f 3549 3605 3521
f 3521 3605 3587
f 3521 3587 3579
f 3442 3421 3452
f 3452 3421 3443
f 3452 3443 3471
f 3471 3443 3461
f 3471 3461 3497
f 3497 3461 3521
f 3497 3521 3525
f 3525 3521 3579
f 3525 3579 3571
f 3556 3571 3609
f 3609 3571 3622
f 3609 3622 3645
f 3633 3645 3622
f 3605 3633 3587
f 3587 3633 3622
f 3587 3622 3579
f 3579 3622 3571
f 3645 3646 3558
f 3558 3646 3572
f 3558 3572 3513
f 3513 3572 3466
f 3513 3466 3469
f 3469 3466 3404
f 3469 3404 3403
f 4417 4426 4421
f 4243 4191 4192
f 4243 4192 4193
f 4243 4193 4222
f 4371 4400 4421
f 4421 4400 4402
f 4421 4402 4404
f 4404 4410 4421
f 4421 4410 4416
f 4421 4416 4417
f 4222 4284 4243
f 4243 4284 4333
f 4243 4333 4328
f 4328 4333 4371
f 4328 4371 4385
f 4385 4371 4421
f 4234 4242 4283
f 4239 4297 4245
f 4245 4297 4301
f 4245 4301 4308
f 4308 4301 4319
f 4336 4330 4361
f 4374 4369 4372
f 4372 4369 4336
f 4372 4336 4365
f 4365 4336 4361
f 4269 4311 4330
f 4304 4329 4311
f 4311 4329 4342
f 4311 4342 4330
f 4330 4342 4355
f 4330 4355 4361
f 4238 4193 4235
f 4283 4244 4234
f 4234 4244 4235
f 4234 4235 4193
f 4369 4352 4336
f 4336 4352 4347
f 4336 4347 4327
f 4327 4319 4336
f 4336 4319 4301
f 4336 4301 4330
f 4330 4301 4297
f 4330 4297 4269
f 4269 4297 4239
f 4245 4238 4239
f 4239 4238 4235
f 4239 4235 4269
f 4269 4235 4244
f 4269 4244 4311
f 4311 4244 4283
f 4311 4283 4304
f 4304 4283 4242
f 4304 4242 4273
f 4412 4374 4372
f 4412 4372 4390
f 4372 4365 4390
f 4390 4365 4361
f 4390 4361 4356
f 4356 4361 4355
f 4356 4355 4342
f 4342 4329 4356
f 4356 4329 4304
f 4356 4304 4324
f 4324 4304 4273
f 4324 4273 4287
f 4397 4465 4463
f 4461 4465 4409
f 4409 4465 4397
f 4409 4397 4370
f 4370 4397 4343
f 4370 4343 4312
f 4373 4356 4324
f 4390 4356 4396
f 4396 4356 4373
f 4396 4373 4439
f 4463 4439 4397
f 4397 4439 4373
f 4397 4373 4343
f 4343 4373 4324
f 4343 4324 4312
f 4312 4324 4287
f 4312 4287 4307
f 4463 4462 4439
f 4439 4462 4448
f 4439 4448 4396
f 4396 4448 4430
f 4396 4430 4390
f 4390 4430 4412
f 4465 4461 4494
f 4494 4486 4465
f 4465 4486 4489
f 4465 4489 4463
f 4463 4489 4493
f 4463 4493 4462
f 2804 2805 2845
f 2845 2805 3041
f 2845 3041 2894
f 2894 3041 3091
f 3091 3041 3259
f 3259 3041 3408
f 3259 3408 3407
f 3792 3722 3721
f 3721 3722 3639
f 3721 3639 3408
f 3408 3639 3498
f 3408 3498 3407
f 3792 3721 3952
f 3952 3721 4029
f 3952 4029 4030
f 4298 4275 4274
f 4274 4275 4186
f 4274 4186 4029
f 4029 4186 4071
f 4029 4071 4030
f 4654 4561 4739
f 4739 4561 4738
f 4739 4738 4756
f 4654 4571 4561
f 4561 4571 4560
f 4561 4560 4274
f 4274 4560 4454
f 4274 4454 4298
f 4756 4738 4761
f 4761 4738 4758
f 4761 4758 4751
f 4751 4758 4737
f 4751 4737 4736
f 2618 2555 2471
f 2471 2555 2470
f 2471 2470 2384
f 2556 2617 2471
f 2471 2617 2670
f 2471 2670 2618
f 2290 2385 2471
f 2471 2385 2484
f 2471 2484 2556
f 2384 2291 2471
f 2471 2291 2250
f 2471 2250 2290
f 2483 2555 2579
f 2579 2555 2618
f 2579 2618 2692
f 2692 2618 2670
f 2692 2670 2714
f 2714 2670 2617
f 2714 2617 2694
f 2694 2617 2556
f 2694 2556 2578
f 2578 2556 2484
f 2578 2484 2476
f 2476 2484 2385
f 2476 2385 2340
f 2340 2385 2290
f 2340 2290 2203
f 2203 2290 2250
f 2203 2250 2151
f 2151 2250 2291
f 2151 2291 2204
f 2204 2291 2384
f 2204 2384 2341
f 2341 2384 2470
f 2341 2470 2483
f 2483 2470 2555
f 870 971 965
f 965 971 1113
f 2636 2869 2903
f 2903 2869 3115
f 2903 3115 3153
f 3153 3115 3167
f 3153 3167 3233
f 3233 3167 3113
f 3233 3113 3154
f 3154 3113 2868
f 3154 2868 2904
f 2904 2868 2639
f 2904 2639 2646
f 2646 2639 2397
f 2646 2397 2354
f 2354 2397 2129
f 2354 2129 2013
f 2013 2129 1991
f 2013 1991 1876
f 1876 1991 2128
f 1876 2128 2014
f 2014 2128 2395
f 2014 2395 2353
f 2353 2395 2652
f 2353 2652 2636
f 2636 2652 2869
f 2461 2168 2539
f 2539 2168 2418
f 2539 2418 2650
f 2650 2418 2653
f 2650 2653 2736
f 2736 2653 2842
f 2736 2842 2785
f 2785 2842 3077
f 2785 3077 2818
f 2818 3077 3132
f 2818 3132 2786
f 2786 3132 3078
f 2786 3078 2735
f 2735 3078 2843
f 2735 2843 2630
f 2630 2843 2642
f 2630 2642 2537
f 2537 2642 2419
f 2537 2419 2459
f 2459 2419 2169
f 2459 2169 2431
f 2431 2169 2062
f 2431 2062 2461
f 2461 2062 2168
f 2635 2395 2396
f 2396 2395 2128
f 2396 2128 2127
f 2127 2128 1991
f 2127 1991 1992
f 1992 1991 2129
f 1992 2129 2130
f 2130 2129 2397
f 2130 2397 2394
f 2394 2397 2639
f 2394 2639 2647
f 2647 2639 2868
f 2647 2868 2867
f 2867 2868 3113
f 2867 3113 3114
f 3114 3113 3167
f 3114 3167 3166
f 3166 3167 3115
f 3166 3115 3112
f 3112 3115 2869
f 3112 2869 2870
f 2870 2869 2652
f 2870 2652 2635
f 2635 2652 2395
f 2635 2843 2870
f 2870 2843 3078
f 2870 3078 3112
f 3112 3078 3132
f 3112 3132 3166
f 3166 3132 3077
f 3166 3077 3114
f 3114 3077 2842
f 3114 2842 2867
f 2867 2842 2653
f 2867 2653 2647
f 2647 2653 2418
f 2647 2418 2394
f 2394 2418 2168
f 2394 2168 2130
f 2130 2168 2062
f 2130 2062 1992
f 1992 2062 2169
f 1992 2169 2127
f 2127 2169 2419
f 2127 2419 2396
f 2396 2419 2642
f 2396 2642 2635
f 2635 2642 2843
f 2630 2649 2735
f 2735 2649 2733
f 2735 2733 2786
f 2786 2733 2787
f 2786 2787 2818
f 2818 2787 2817
f 2818 2817 2785
f 2785 2817 2784
f 2785 2784 2736
f 2736 2784 2734
f 2736 2734 2650
f 2650 2734 2644
f 2650 2644 2539
f 2539 2644 2538
f 2539 2538 2461
f 2461 2538 2460
f 2461 2460 2431
f 2431 2460 2432
f 2431 2432 2459
f 2459 2432 2458
f 2459 2458 2537
f 2537 2458 2536
f 2537 2536 2630
f 2630 2536 2649
f 2654 2536 2458
f 2649 2536 2654
f 2654 2460 2538
f 2432 2460 2654
f 2458 2432 2654
f 2654 2734 2784
f 2644 2734 2654
f 2538 2644 2654
f 2654 2787 2733
f 2817 2787 2654
f 2784 2817 2654
f 2733 2649 2654
f 869 850 848
f 848 850 849
f 848 849 866
f 857 844 847
f 847 844 860
f 860 844 864
f 860 864 861
f 861 864 865
f 861 865 863
f 847 876 857
f 857 876 856
f 857 856 849
f 849 856 862
f 849 862 866
f 863 865 858
f 858 865 867
f 858 867 877
f 867 868 877
f 877 868 852
f 877 852 853
f 853 852 840
f 853 840 855
f 855 840 872
f 855 872 878
f 878 872 842
f 878 842 875
f 875 842 843
f 875 843 846
f 846 843 874
f 846 874 873
f 873 874 859
f 873 859 854
f 854 859 871
f 854 871 841
f 841 871 845
f 841 845 869
f 869 845 851
f 869 851 850
f 2966 979 2969
f 2969 979 980
f 2969 980 2965
f 2965 980 2963
f 1011 2924 1012
f 1012 2924 2928
f 980 989 2963
f 2963 989 994
f 2963 994 2948
f 2948 994 1004
f 2948 1004 2944
f 2944 1004 1009
f 2944 1009 2928
f 2928 1009 1013
f 2928 1013 1012
f 1011 1017 2924
f 2924 1017 1015
f 2924 1015 2918
f 2918 1015 984
f 2918 984 2922
f 2922 984 985
f 2922 985 2937
f 2937 985 1016
f 1008 2938 1014
f 1014 2938 2937
f 1014 2937 1018
f 1018 2937 1016
f 1008 1001 2938
f 2938 1001 1010
f 2938 1010 2946
f 2946 1010 986
f 2946 986 2949
f 2949 986 983
f 2949 983 2947
f 2947 983 981
f 2947 981 2943
f 2943 981 990
f 2943 990 2939
f 2939 990 992
f 2939 992 2934
f 992 995 2934
f 2934 995 996
f 2934 996 2925
f 2933 2923 1007
f 1007 2923 2920
f 996 999 2925
f 2925 999 1000
f 2925 1000 2916
f 2916 1000 1003
f 2916 1003 2920
f 2920 1003 1006
f 2920 1006 1007
f 2941 997 2953
f 2953 997 993
f 1007 1005 2933
f 2933 1005 1002
f 2933 1002 2941
f 2941 1002 998
f 2941 998 997
f 993 988 2953
f 2953 988 987
f 2953 987 2959
f 2959 987 991
f 2959 991 2966
f 2966 991 982
f 2966 982 979
f 868 867 989
f 989 867 994
f 994 867 1004
f 1004 867 865
f 1004 865 1009
f 1009 865 1013
f 1013 865 864
f 1013 864 1012
f 844 1017 864
f 864 1017 1011
f 864 1011 1012
f 857 984 844
f 844 984 1015
f 844 1015 1017
f 1014 1018 849
f 849 1018 1016
f 849 1016 857
f 857 1016 985
f 857 985 984
f 986 1010 850
f 850 1010 1001
f 850 1001 849
f 849 1001 1008
f 849 1008 1014
f 986 850 983
f 983 850 851
f 983 851 981
f 981 851 845
f 981 845 990
f 845 871 990
f 990 871 992
f 992 871 995
f 995 871 859
f 995 859 996
f 996 859 999
f 999 859 874
f 999 874 1000
f 843 1006 874
f 874 1006 1003
f 874 1003 1000
f 842 1005 843
f 843 1005 1007
f 843 1007 1006
f 993 997 872
f 872 997 998
f 872 998 842
f 842 998 1002
f 842 1002 1005
f 982 991 840
f 840 991 987
f 840 987 872
f 872 987 988
f 872 988 993
f 982 840 979
f 979 840 852
f 979 852 980
f 980 852 868
f 980 868 989
f 4635 4639 4544
f 4579 4594 4599
f 4635 4544 4628
f 4599 4614 4579
f 4579 4614 4628
f 4579 4628 4562
f 4562 4628 4544
f 3735 3786 4307
f 4307 3786 3826
f 4307 3826 4312
f 4312 3826 3862
f 4312 3862 4370
f 4409 4370 4461
f 4461 4370 4494
f 4599 4594 4530
f 4530 4594 4494
f 4370 3862 4494
f 4494 3862 3860
f 4494 3860 4530
f 4530 3860 3829
f 4530 3829 3806
f 3806 3775 4530
f 4530 3775 3450
f 4530 3450 3448
f 3135 3086 3087
f 3374 3334 3333
f 3218 3319 3318
f 3318 3319 3374
f 3318 3374 3373
f 3373 3374 3333
f 3373 3333 3332
f 3087 3136 3135
f 3135 3136 3194
f 3135 3194 3218
f 3218 3194 3219
f 3218 3219 3319
f 2740 2742 2801
f 2801 2742 2755
f 2886 2887 2811
f 2811 2887 2801
f 2811 2801 2803
f 2803 2801 2755
f 2803 2755 2770
f 2198 2173 2163
f 2811 3135 3218
f 2198 2163 2254
f 4123 2811 3995
f 3995 2811 3218
f 3995 3218 3783
f 3783 3218 3776
f 3373 3332 3430
f 3373 3430 3318
f 3318 3430 3554
f 3318 3554 3218
f 3218 3554 3604
f 3218 3604 3776
f 2141 2172 2135
f 2135 2172 2257
f 2135 2257 2144
f 2144 2257 2410
f 2144 2410 2145
f 2811 2803 3135
f 3135 2803 2770
f 3135 2770 3086
f 3086 2770 2722
f 3086 2722 2553
f 2722 2658 2553
f 2553 2658 2562
f 2553 2562 2410
f 2410 2562 2550
f 2410 2550 2434
f 2145 2410 2147
f 2147 2410 2434
f 2147 2434 2163
f 2163 2434 2346
f 2163 2346 2254
f 1123 1154 1256
f 1113 1123 1200
f 1200 1123 1256
f 1200 1256 1230
f 1439 1424 1302
f 1836 1750 1715
f 1836 1715 1517
f 1424 1439 1464
f 2216 2105 1836
f 1836 2105 2039
f 2039 2016 1836
f 1836 2016 1908
f 1836 1908 1750
f 2434 2550 2435
f 2435 2550 2562
f 2435 2562 2658
f 2254 2346 2287
f 1715 1464 1517
f 1517 1464 1439
f 1517 1439 1256
f 1256 1439 1302
f 1256 1302 1230
f 1154 1171 1256
f 1256 1171 1314
f 1256 1314 1517
f 1517 1314 1669
f 1517 1669 1836
f 1836 1669 2097
f 1836 2097 2216
f 2173 2198 2034
f 2034 2198 2140
f 2034 2140 1833
f 1833 2140 1869
f 1833 1869 1654
f 1654 1869 1633
f 1654 1633 1354
f 1354 1633 1433
f 1354 1433 1338
f 1338 1433 1294
f 2198 2254 2140
f 2140 2254 2287
f 2140 2287 1869
f 1869 2287 2055
f 1869 2055 1633
f 1633 2055 1850
f 1633 1850 1433
f 2770 2755 2722
f 2722 2755 2742
f 2722 2742 2658
f 2658 2742 2547
f 2658 2547 2435
f 2435 2547 2466
f 2435 2466 2097
f 2097 2466 2312
f 2097 2312 2216
f 2346 2434 2287
f 2287 2434 2435
f 2287 2435 2055
f 2055 2435 2097
f 2055 2097 1850
f 1850 2097 1669
f 1850 1669 1433
f 1433 1669 1314
f 1433 1314 1294
f 1294 1314 1171
f 1724 3080 1801
f 1801 3080 3081
f 1801 3081 1939
f 1939 3081 3087
f 1939 3087 2255
f 3086 2553 3087
f 3087 2553 2425
f 3087 2425 2255
f 1467 1606 1832
f 1334 1396 1318
f 1318 1396 1377
f 2015 2024 1616
f 2142 2024 2141
f 2141 2024 2015
f 2141 2015 2172
f 1589 1724 1801
f 2153 2255 2352
f 2352 2255 2425
f 1939 1832 1801
f 1801 1832 1606
f 1801 1606 1589
f 1589 1606 1467
f 1589 1467 1429
f 1334 1429 1396
f 1396 1429 1467
f 1396 1467 1711
f 1711 1467 1832
f 1711 1832 2153
f 2153 1832 1939
f 2153 1939 2255
f 2257 2172 2067
f 2067 2172 2015
f 2067 2015 1630
f 1630 2015 1616
f 1630 1616 1377
f 1377 1396 1630
f 1630 1396 1711
f 1630 1711 2067
f 2067 1711 2153
f 2067 2153 2257
f 2257 2153 2352
f 2257 2352 2410
f 2410 2352 2425
f 2410 2425 2553
f 4199 4213 2910
f 4199 2910 4176
f 2886 2811 4123
f 2910 2898 4176
f 4176 2898 2886
f 4176 2886 4158
f 4158 2886 4123
f 3261 2910 4213
f 4481 4505 3345
f 3261 4213 3345
f 3345 4213 4315
f 3345 4315 4481
f 4513 4526 4524
f 4524 4518 4513
f 4513 4518 4505
f 4513 4505 4480
f 4635 4628 4617
f 4617 4628 4614
f 4617 4614 4577
f 4577 4614 4599
f 4577 4599 4513
f 4513 4599 4530
f 4513 4530 4526
f 4635 4617 4639
f 4639 4617 4634
f 4639 4634 4708
f 4634 4684 4708
f 4708 4684 4709
f 4708 4709 4705
f 4705 4709 4710
f 4705 4710 4690
f 4690 4710 4698
f 4690 4698 4692
f 4505 4481 4480
f 4480 4481 4315
f 4480 4315 4310
f 4310 4315 4213
f 4310 4213 4177
f 4177 4213 4199
f 4177 4199 4176
f 4526 4530 3448
f 3371 3345 4505
f 3371 4505 3379
f 3379 4505 3394
f 3394 4505 4518
f 3394 4518 3448
f 3448 4518 4524
f 3448 4524 4526
f 3536 3534 3535
f 3535 3534 3537
f 3647 3648 3618
f 3647 3618 3619
f 3619 3618 3582
f 3619 3582 3581
f 3581 3582 3552
f 3581 3552 3551
f 3551 3552 3535
f 3551 3535 3537
f 4429 4437 4418
f 4418 4437 4438
f 4418 4438 4434
f 4418 4407 4408
f 4418 4408 4429
f 4429 4408 4411
f 4429 4411 4413
f 4438 4437 4449
f 4466 4470 4450
f 4450 4470 4471
f 4450 4471 4460
f 4460 4471 4472
f 4464 4466 4453
f 4453 4466 4450
f 4453 4450 4449
f 4449 4450 4441
f 4449 4441 4438
f 4438 4441 4434
f 4440 4434 4441
f 4460 4472 4456
f 4456 4472 4474
f 4474 4475 4456
f 4456 4475 4476
f 4456 4476 4477
f 4443 4440 4451
f 4451 4440 4441
f 4451 4441 4456
f 4456 4441 4450
f 4456 4450 4460
f 4427 4428 4432
f 4443 4432 4440
f 4440 4432 4428
f 4440 4428 4434
f 4423 4419 4432
f 4432 4419 4426
f 4432 4426 4427
f 4427 4426 4417
f 4427 4417 4416
f 4427 4416 4410
f 4414 4428 4427
f 4427 4410 4414
f 4414 4410 4404
f 4414 4404 4399
f 4399 4404 4402
f 4399 4402 4400
f 4399 4398 4414
f 4414 4398 4415
f 4414 4415 4428
f 4428 4415 4434
f 1621 2983 1631
f 1631 2983 2978
f 1811 1803 2942
f 2942 1803 2952
f 1803 1797 2952
f 2952 1797 1783
f 2952 1783 2956
f 2956 1783 1756
f 2956 1756 2968
f 2968 1756 1725
f 2968 1725 2974
f 2974 1725 1676
f 2974 1676 2978
f 2978 1676 1650
f 2978 1650 1631
f 2935 1739 1778
f 2942 2930 1811
f 1811 2930 2926
f 1811 2926 1805
f 1805 2926 2917
f 1805 2917 1778
f 1778 2917 2931
f 1778 2931 2935
f 1612 1664 2973
f 1739 2935 1664
f 1664 2935 2951
f 1664 2951 2973
f 2999 1530 2973
f 2973 1530 1573
f 2973 1573 1612
f 3023 1416 3022
f 3022 1416 1421
f 3022 1421 3017
f 3017 1421 1448
f 3017 1448 2999
f 2999 1448 1471
f 2999 1471 1530
f 3035 3042 1378
f 1378 1386 3035
f 3035 1386 1410
f 3035 1410 3028
f 3028 1410 1416
f 3028 1416 3023
f 2483 2342 2341
f 2341 2342 2201
f 2341 2201 2204
f 2204 2201 2152
f 2204 2152 2151
f 2151 2152 2202
f 2151 2202 2203
f 2203 2202 2343
f 2203 2343 2340
f 2340 2343 2473
f 2340 2473 2476
f 2476 2473 2577
f 2476 2577 2578
f 2578 2577 2691
f 2578 2691 2694
f 2694 2691 2715
f 2694 2715 2714
f 2714 2715 2693
f 2714 2693 2692
f 2692 2693 2580
f 2692 2580 2579
f 2579 2580 2474
f 2579 2474 2483
f 2483 2474 2342
f 2032 1318 2114
f 2114 1318 1378
f 2114 1378 2292
f 2292 1378 2469
f 2469 1378 3042
f 2469 3042 2616
f 1334 1318 1429
f 1429 1318 2032
f 1429 2032 1589
f 1589 2032 2115
f 1589 2115 1724
f 1724 2115 2293
f 1724 2293 3080
f 2616 3042 2737
f 2737 3042 3072
f 2737 3072 2765
f 2765 3072 3119
f 2765 3119 2738
f 2738 3119 3327
f 2738 3327 2615
f 2615 3327 3368
f 2615 3368 3348
f 3348 3302 2615
f 2615 3302 3239
f 2615 3239 3184
f 2293 2472 3080
f 3080 2472 2615
f 3080 2615 3128
f 3128 2615 3184
f 2472 2580 2615
f 2615 2580 2693
f 2615 2693 2738
f 2738 2693 2715
f 2738 2715 2765
f 2765 2715 2691
f 2765 2691 2737
f 2737 2691 2577
f 2737 2577 2616
f 2616 2577 2473
f 2616 2473 2469
f 2469 2473 2343
f 2469 2343 2292
f 2292 2343 2202
f 2292 2202 2114
f 2114 2202 2152
f 2114 2152 2032
f 2032 2152 2201
f 2032 2201 2115
f 2115 2201 2342
f 2115 2342 2293
f 2293 2342 2474
f 2293 2474 2472
f 2472 2474 2580
f 3000 2189 3003
f 3003 2189 2193
f 3003 2193 3008
f 1618 1620 2199
f 1617 1618 2991
f 2991 1618 2199
f 2991 2199 2992
f 2992 2199 2188
f 2992 2188 2995
f 1617 2991 1619
f 1619 2991 2983
f 1619 2983 1621
f 2189 3000 2187
f 2187 3000 2995
f 2187 2995 2186
f 2186 2995 2188
f 2452 2258 2513
f 2046 1941 2247
f 1378 1318 1377
f 1838 1833 1654
f 4166 4177 4033
f 3070 3060 2906
f 2960 2830 2709
f 2709 2830 2794
f 3307 3241 3131
f 3131 3241 3205
f 3131 3205 2906
f 2906 3205 3105
f 2906 3105 3070
f 3457 3627 3454
f 3457 3454 3131
f 3131 3454 3398
f 3131 3398 3307
f 3778 3526 3831
f 3831 3526 3718
f 3831 3718 3912
f 4166 4033 4161
f 3321 3517 3870
f 2669 2858 3211
f 2468 2265 2686
f 2686 2265 2430
f 1838 1654 1560
f 1560 1654 1354
f 1560 1354 1307
f 1307 1354 1338
f 1307 1338 1175
f 1338 1294 1175
f 1175 1294 1171
f 1175 1171 924
f 924 1171 1154
f 924 1154 870
f 870 1154 1123
f 870 1123 971
f 971 1123 1113
f 2348 2145 2147
f 1927 2024 2120
f 2120 2024 2142
f 2120 2142 2205
f 2205 2142 2141
f 2205 2141 2135
f 1529 1526 1553
f 1492 1485 1497
f 1497 1485 1505
f 1430 1413 1386
f 1386 1413 1408
f 1386 1408 1410
f 1386 1378 1430
f 1430 1378 1377
f 1430 1377 1456
f 1456 1377 1485
f 1456 1485 1478
f 1478 1485 1492
f 1559 1558 1553
f 1553 1558 1537
f 1553 1537 1529
f 1623 1569 1553
f 1553 1569 1561
f 1553 1561 1559
f 1856 1698 1755
f 1755 1698 1683
f 1683 1623 1755
f 1755 1623 1553
f 1755 1553 1485
f 1485 1553 1526
f 1485 1526 1505
f 1692 1697 1719
f 1719 1697 1701
f 1719 1701 1856
f 1856 1701 1703
f 1856 1703 1698
f 1617 1619 1613
f 1617 1613 1618
f 1618 1613 1620
f 1620 1613 1615
f 1620 1615 1632
f 1632 1615 1636
f 1632 1636 1719
f 1719 1636 1680
f 1719 1680 1692
f 2513 2258 2494
f 2789 2613 2513
f 2513 2613 2531
f 2513 2531 2452
f 2145 2348 2144
f 2144 2348 2440
f 2144 2440 2135
f 2135 2440 2376
f 2135 2376 2205
f 2205 2376 2263
f 2205 2263 2120
f 2046 1856 1941
f 1941 1856 1755
f 1941 1755 1695
f 1695 1755 1485
f 1695 1485 1616
f 1616 1485 1377
f 2731 2666 2763
f 2763 2666 2767
f 2763 2767 2962
f 2962 2767 3067
f 2962 3067 3212
f 3212 3067 3313
f 3212 3313 3526
f 3526 3313 3570
f 3526 3570 3718
f 3778 3627 3526
f 3526 3627 3457
f 3526 3457 3212
f 3212 3457 3131
f 3212 3131 2962
f 2962 3131 2906
f 2962 2906 2763
f 2763 2906 3060
f 2763 3060 2731
f 2731 3060 3016
f 2731 3016 2710
f 2710 3016 2980
f 2710 2980 2709
f 2709 2980 2929
f 2709 2929 2960
f 1833 1838 2034
f 2034 1838 2194
f 2034 2194 2173
f 2173 2194 2430
f 2173 2430 2163
f 2163 2430 2265
f 2163 2265 2147
f 2147 2265 2468
f 2147 2468 2348
f 2348 2468 2515
f 2348 2515 2440
f 2671 2669 2815
f 2815 2669 3211
f 2815 3211 3321
f 3321 3211 3482
f 3321 3482 3517
f 3321 3089 2815
f 2815 3089 2793
f 2815 2793 2671
f 2671 2793 2659
f 2671 2659 2516
f 2516 2659 2532
f 2516 2532 2424
f 2424 2532 2494
f 2424 2494 2247
f 2247 2494 2258
f 2247 2258 2046
f 2686 2858 2468
f 2468 2858 2669
f 2468 2669 2515
f 2515 2669 2671
f 2515 2671 2440
f 2440 2671 2516
f 2440 2516 2376
f 2376 2516 2424
f 2376 2424 2263
f 2263 2424 2247
f 2263 2247 2120
f 2120 2247 1941
f 2120 1941 1927
f 1927 1941 1695
f 1927 1695 2024
f 2024 1695 1616
f 2794 2789 2709
f 2709 2789 2513
f 2709 2513 2710
f 2710 2513 2494
f 2710 2494 2731
f 2731 2494 2532
f 2731 2532 2666
f 2666 2532 2659
f 2666 2659 2767
f 2767 2659 2793
f 2767 2793 3067
f 3067 2793 3089
f 3067 3089 3313
f 3313 3089 3321
f 3313 3321 3570
f 3570 3321 3870
f 3570 3870 3718
f 3718 3870 4161
f 3718 4161 3912
f 3912 4161 4033
f 3912 4033 3831
f 1672 1754 1739
f 1739 1754 1778
f 1739 1664 1672
f 1672 1664 1612
f 1672 1612 1565
f 1565 1612 1573
f 1565 1573 1530
f 1778 1754 1805
f 1805 1754 1785
f 1805 1785 1811
f 1756 1783 1767
f 1767 1783 1797
f 1767 1797 1785
f 1785 1797 1803
f 1785 1803 1811
f 1756 1767 1725
f 1725 1767 1702
f 1725 1702 1676
f 1676 1702 1671
f 1676 1671 1650
f 1650 1671 1641
f 1650 1641 1631
f 1717 1690 1598
f 1413 1430 1411
f 1351 1339 1282
f 1279 1248 1313
f 1313 1248 1164
f 1456 1458 1455
f 1455 1458 1451
f 1430 1456 1411
f 1411 1456 1455
f 1411 1455 1367
f 1367 1455 1451
f 1367 1451 1425
f 1410 1408 1416
f 1416 1408 1374
f 1416 1374 1421
f 1400 1453 1448
f 1619 1621 1574
f 1574 1621 1600
f 1600 1621 1631
f 1600 1631 1641
f 1680 1636 1596
f 1596 1636 1615
f 1596 1615 1574
f 1574 1615 1613
f 1574 1613 1619
f 1680 1643 1652
f 1652 1643 1543
f 1652 1543 1599
f 1324 1365 1441
f 1441 1365 1383
f 1599 1543 1496
f 1496 1543 1441
f 1496 1441 1495
f 1495 1441 1383
f 1495 1383 1438
f 1672 1565 1518
f 1518 1565 1530
f 1518 1530 1453
f 1453 1530 1471
f 1453 1471 1448
f 1754 1690 1785
f 1785 1690 1717
f 1785 1717 1767
f 1408 1413 1374
f 1374 1413 1411
f 1374 1411 1331
f 1331 1411 1367
f 1331 1367 1282
f 1282 1367 1425
f 1282 1425 1351
f 1445 1518 1361
f 1361 1518 1453
f 1361 1453 1327
f 1327 1453 1400
f 1327 1400 1315
f 1427 1598 1519
f 1519 1598 1690
f 1519 1690 1610
f 1610 1690 1754
f 1610 1754 1672
f 1503 1596 1490
f 1490 1596 1574
f 1490 1574 1507
f 1507 1574 1600
f 1507 1600 1548
f 1340 1445 1278
f 1278 1445 1361
f 1278 1361 1237
f 1237 1361 1327
f 1237 1327 1228
f 1228 1327 1315
f 1228 1315 1238
f 1385 1503 1362
f 1362 1503 1490
f 1362 1490 1393
f 1393 1490 1507
f 1393 1507 1443
f 1443 1507 1548
f 1443 1548 1493
f 1448 1421 1400
f 1400 1421 1374
f 1400 1374 1315
f 1315 1374 1331
f 1315 1331 1238
f 1238 1331 1282
f 1238 1282 1164
f 1164 1282 1339
f 1164 1339 1313
f 1164 1061 1238
f 1238 1061 1027
f 1238 1027 1228
f 1228 1027 970
f 1228 970 1237
f 1237 970 1047
f 1237 1047 1278
f 1278 1047 1151
f 1278 1151 1340
f 1340 1151 1226
f 1340 1226 1249
f 1672 1518 1610
f 1610 1518 1445
f 1610 1445 1519
f 1519 1445 1340
f 1519 1340 1427
f 1427 1340 1249
f 1427 1249 1316
f 1316 1332 1427
f 1427 1332 1486
f 1427 1486 1598
f 1598 1486 1625
f 1598 1625 1717
f 1717 1625 1699
f 1717 1699 1767
f 1767 1699 1702
f 1332 1368 1486
f 1486 1368 1512
f 1486 1512 1625
f 1625 1512 1605
f 1625 1605 1699
f 1699 1605 1647
f 1699 1647 1702
f 1702 1647 1671
f 1368 1414 1512
f 1512 1414 1493
f 1512 1493 1605
f 1605 1493 1548
f 1605 1548 1647
f 1647 1548 1600
f 1647 1600 1671
f 1671 1600 1641
f 1414 1373 1493
f 1493 1373 1353
f 1493 1353 1443
f 1443 1353 1330
f 1443 1330 1393
f 1393 1330 1292
f 1393 1292 1362
f 1362 1292 1266
f 1362 1266 1385
f 1385 1266 1274
f 1385 1274 1284
f 1680 1596 1643
f 1643 1596 1503
f 1643 1503 1543
f 1543 1503 1385
f 1543 1385 1441
f 1441 1385 1284
f 1441 1284 1324
f 1247 860 861
f 1247 861 1246
f 1246 861 863
f 1246 863 1248
f 1412 1247 1246
f 1529 1537 1422
f 1422 1537 1558
f 1422 1558 1559
f 1529 1470 1526
f 1526 1470 1505
f 1505 1470 1497
f 1497 1470 1446
f 1497 1446 1492
f 1492 1446 1480
f 1492 1480 1478
f 1478 1480 1458
f 1478 1458 1456
f 1369 1351 1425
f 1279 1313 1422
f 1422 1313 1369
f 1369 1313 1339
f 1369 1339 1351
f 1248 1279 1246
f 1246 1279 1422
f 1246 1422 1412
f 1412 1422 1559
f 1412 1559 1561
f 1529 1422 1470
f 1470 1422 1369
f 1470 1369 1446
f 1446 1369 1425
f 1446 1425 1480
f 1480 1425 1451
f 1480 1451 1458
f 1366 1623 1521
f 1521 1623 1683
f 847 860 1247
f 1561 1569 1412
f 1412 1569 1623
f 1412 1623 1247
f 1247 1623 1366
f 1247 1366 847
f 847 1366 911
f 1521 1683 1564
f 1383 1365 1364
f 1653 1524 1564
f 1683 1698 1564
f 1564 1698 1703
f 1564 1703 1653
f 1653 1703 1701
f 1653 1701 1697
f 1383 1364 1438
f 1366 1521 1364
f 1364 1521 1564
f 1364 1564 1438
f 1438 1564 1524
f 1438 1524 1495
f 1495 1524 1496
f 1496 1524 1653
f 1496 1653 1599
f 1599 1653 1697
f 1599 1697 1652
f 1652 1697 1692
f 1652 1692 1680
f 1365 915 1364
f 1364 915 925
f 1364 925 1366
f 1366 925 911
f 4294 4295 3648
f 3648 4295 3536
f 3648 3536 3535
f 3535 3552 3648
f 3648 3552 3582
f 3648 3582 3618
f 4383 4425 4422
f 4359 4383 4338
f 4338 4383 4422
f 4338 4422 4382
f 4382 4422 4435
f 3648 3647 4294
f 4294 3647 4289
f 4294 4289 4338
f 4338 4289 4334
f 4338 4334 4359
f 4290 4289 3534
f 3534 4289 3647
f 3534 3647 3537
f 3619 3581 3647
f 3647 3581 3551
f 3647 3551 3537
f 4422 4424 4435
f 4435 4424 4469
f 4435 4469 4436
f 4436 4469 4468
f 4468 4469 4528
f 4468 4528 4527
f 4139 4194 4679
f 3536 2833 3534
f 3534 2833 3404
f 3534 3404 3466
f 4328 4385 4243
f 4243 4385 4421
f 4243 4421 4191
f 4191 4421 4290
f 4191 4290 3646
f 3646 4290 3534
f 3646 3534 3572
f 3572 3534 3466
f 4360 4325 4394
f 4394 4325 4290
f 4394 4290 4420
f 4420 4290 4421
f 3536 4295 4044
f 4679 4194 4652
f 4652 4194 4140
f 4652 4140 4527
f 4679 4573 4139
f 4139 4573 4344
f 4139 4344 4046
f 4046 4344 4115
f 4046 4115 3905
f 3905 4115 3886
f 3905 3886 3701
f 4527 4140 4468
f 4468 4140 4044
f 4468 4044 4436
f 4044 3897 3536
f 3536 3897 3699
f 3536 3699 2833
f 2833 3699 3592
f 2833 3592 2790
f 2790 3592 3541
f 2790 3541 2958
f 2958 3541 3591
f 2958 3591 3221
f 3221 3591 3701
f 3221 3701 3603
f 3603 3701 3886
f 4295 4339 4044
f 4044 4339 4381
f 4044 4381 4436
f 4295 4294 4339
f 4339 4294 4338
f 4339 4338 4381
f 4381 4338 4382
f 4381 4382 4436
f 4436 4382 4435
f 4424 4422 4423
f 4423 4422 4425
f 4425 4420 4423
f 4423 4420 4421
f 4423 4421 4419
f 4419 4421 4426
f 4420 4425 4383
f 4420 4383 4394
f 4394 4383 4359
f 4394 4359 4360
f 4360 4359 4334
f 4360 4334 4325
f 4325 4334 4289
f 4325 4289 4290
f 1324 1284 869
f 1284 1274 869
f 869 1274 1266
f 869 1266 841
f 841 1266 1292
f 841 1292 854
f 854 1292 1330
f 854 1330 900
f 900 1330 1353
f 900 1353 917
f 917 1353 1373
f 917 1373 937
f 937 1373 1414
f 1249 855 1316
f 1316 855 878
f 1316 878 1332
f 1332 878 875
f 1332 875 1368
f 1368 875 905
f 1368 905 1414
f 1414 905 934
f 1414 934 937
f 970 877 853
f 1249 1226 855
f 855 1226 1151
f 855 1151 853
f 853 1151 1047
f 853 1047 970
f 970 1027 877
f 877 1027 1061
f 877 1061 858
f 1061 1164 858
f 858 1164 1248
f 858 1248 863
f 869 848 1324
f 1324 848 915
f 1324 915 1365
f 2353 2335 2014
f 2014 2335 1957
f 2014 1957 1876
f 1876 1957 1846
f 1876 1846 2013
f 2013 1846 1956
f 2013 1956 2354
f 2354 1956 2336
f 2354 2336 2646
f 2646 2336 2633
f 2646 2633 2904
f 2904 2633 2912
f 2904 2912 3154
f 3154 2912 3177
f 3154 3177 3233
f 3233 3177 3279
f 3233 3279 3153
f 3153 3279 3178
f 3153 3178 2903
f 2903 3178 2913
f 2903 2913 2636
f 2636 2913 2634
f 2636 2634 2353
f 2353 2634 2335
f 2984 2981 1587
f 1674 2967 2979
f 1674 2979 1649
f 1649 2979 2986
f 1649 2986 1626
f 1674 1728 2967
f 2967 1728 1760
f 2967 1760 2954
f 1760 1793 2954
f 2954 1793 1800
f 2954 1800 2940
f 2940 1800 1813
f 2940 1813 2927
f 1813 1822 2927
f 2927 1822 1821
f 2927 1821 2919
f 2919 1821 1818
f 2919 1818 2936
f 1818 1795 2936
f 2936 1795 1768
f 2936 1768 2955
f 2955 1768 1681
f 2955 1681 2977
f 2977 1681 2981
f 2981 1681 1635
f 2981 1635 1587
f 1587 1545 2984
f 2984 1545 1514
f 2984 1514 3009
f 3009 1514 1460
f 3009 1460 3020
f 3020 1460 1436
f 3020 1436 3027
f 3027 1436 1419
f 2964 2852 2975
f 2975 2852 2897
f 2975 2897 2985
f 2643 2638 2760
f 2760 2638 2759
f 2760 2759 2865
f 2865 2759 2866
f 2865 2866 2901
f 2901 2866 2902
f 2901 2902 2864
f 2864 2902 2863
f 2864 2863 2762
f 2762 2863 2761
f 2762 2761 2628
f 2628 2761 2637
f 2628 2637 2507
f 2507 2637 2509
f 2507 2509 2404
f 2404 2509 2405
f 2404 2405 2355
f 2355 2405 2356
f 2355 2356 2407
f 2407 2356 2406
f 2407 2406 2508
f 2508 2406 2506
f 2508 2506 2643
f 2643 2506 2638
f 3027 1419 1405
f 3027 1405 3030
f 3030 1405 1384
f 3030 1384 3036
f 3036 1384 1375
f 3036 1375 3046
f 3315 3299 3354
f 3095 3079 3082
f 3082 3096 3095
f 3095 3096 3134
f 3095 3134 3150
f 3150 3134 3204
f 3150 3204 3203
f 3203 3204 3273
f 3203 3273 3228
f 3315 3354 3353
f 3353 3354 3372
f 3353 3372 3365
f 3365 3372 3329
f 3365 3329 3326
f 3330 3329 3340
f 3340 3329 3372
f 3340 3372 3370
f 3370 3372 3354
f 3370 3354 3344
f 3344 3354 3299
f 3344 3299 3278
f 3082 3083 3096
f 3096 3083 3126
f 3096 3126 3134
f 3134 3126 3197
f 3134 3197 3204
f 3204 3197 3278
f 3204 3278 3273
f 3273 3278 3299
f 3273 3299 3228
f 3228 3299 3315
f 4667 4655 4386
f 4697 4695 4378
f 4378 4695 4693
f 4006 3929 3920
f 3920 3929 3885
f 4693 4667 4378
f 4378 4667 4386
f 4378 4386 4272
f 4272 4386 4203
f 4272 4203 4190
f 4190 4203 4008
f 4190 4008 4006
f 4006 4008 3939
f 4006 3939 3929
f 4172 4729 4223
f 4223 4729 4750
f 4223 4750 4171
f 3903 4034 4066
f 4066 4034 4276
f 4066 4276 4172
f 4172 4276 4558
f 4172 4558 4729
f 2593 3683 4487
f 4487 3683 3906
f 4487 3906 4545
f 4545 3906 4065
f 4706 4707 4065
f 4065 4707 4638
f 4065 4638 4545
f 2593 2544 3683
f 3683 2544 2500
f 3683 2500 3566
f 2500 2366 3566
f 3566 2366 2157
f 3566 2157 1882
f 4750 4724 4171
f 4171 4724 4632
f 4171 4632 4065
f 4065 4632 4683
f 4065 4683 4706
f 1882 1584 3566
f 3566 1584 1298
f 3566 1298 3508
f 3508 1298 2824
f 3508 2824 3567
f 3567 2824 3056
f 3567 3056 3682
f 3682 3056 3424
f 3682 3424 3903
f 3903 3424 3736
f 3903 3736 4034
f 4632 4724 4735
f 4735 4647 4632
f 4632 4647 4689
f 4632 4689 4683
f 4683 4689 4706
f 4691 4689 4647
f 4667 4693 4691
f 4734 4723 4735
f 4735 4723 4662
f 4735 4662 4647
f 4647 4662 4643
f 4647 4643 4691
f 4691 4643 4655
f 4691 4655 4667
f 2807 2824 1270
f 1270 2824 1298
f 1291 1262 1298
f 1298 1262 1270
f 1140 1072 1165
f 1165 1072 1087
f 1165 1087 1213
f 1213 1087 1142
f 1213 1142 1245
f 1245 1142 1224
f 1245 1224 1291
f 1291 1224 1262
f 3761 3795 3785
f 3834 3828 3859
f 3873 3865 3868
f 3868 3865 3863
f 3868 3863 3853
f 3853 3863 3852
f 3853 3852 3824
f 3761 3767 3795
f 3795 3767 3800
f 3795 3800 3824
f 3767 3780 3800
f 3800 3780 3808
f 3800 3808 3824
f 3824 3808 3835
f 3824 3835 3853
f 3853 3835 3858
f 3853 3858 3868
f 3785 3795 3817
f 3817 3795 3824
f 3817 3824 3827
f 3827 3824 3852
f 3827 3852 3861
f 3861 3852 3863
f 3861 3863 3859
f 3859 3863 3865
f 3859 3865 3834
f 3785 3734 3761
f 3761 3734 3739
f 3761 3739 3767
f 3767 3739 3755
f 3767 3755 3780
f 3780 3755 3803
f 3780 3803 3808
f 3808 3803 3846
f 3808 3846 3835
f 3835 3846 3867
f 3835 3867 3858
f 3858 3867 3875
f 3858 3875 3868
f 3868 3875 3876
f 3868 3876 3873
f 3873 3876 3851
f 3873 3851 3865
f 3865 3851 3841
f 3865 3841 3834
f 1583 1585 1140
f 1140 1165 1583
f 1583 1165 1213
f 1583 1213 1580
f 1580 1213 1245
f 1580 1245 1581
f 1581 1245 1291
f 1581 1291 1584
f 1584 1291 1298
f 2392 2374 2227
f 2421 2399 2249
f 2500 2438 2366
f 2366 2438 2300
f 2366 2300 2157
f 2157 2300 2108
f 2157 2108 1882
f 1882 2108 1861
f 1882 1861 1584
f 1583 1580 1861
f 1861 1580 1581
f 1861 1581 1584
f 2438 2421 2300
f 2300 2421 2249
f 2300 2249 2108
f 2108 2249 2068
f 2108 2068 1861
f 1861 2068 1849
f 1861 1849 1583
f 2399 2392 2249
f 2249 2392 2227
f 2249 2227 2068
f 2068 2227 2051
f 2068 2051 1849
f 1849 2051 1841
f 1849 1841 1583
f 1583 1841 1585
f 2544 2593 2592
f 2500 2544 2524
f 2500 2524 2438
f 2438 2524 2512
f 2438 2512 2421
f 2421 2512 2399
f 2399 2512 2495
f 2399 2495 2392
f 2392 2495 2493
f 2392 2493 2374
f 2544 2592 2524
f 2524 2592 2589
f 2524 2589 2512
f 2512 2589 2591
f 2512 2591 2495
f 2495 2591 2594
f 2495 2594 2493
f 2592 2593 4487
f 2589 3755 2591
f 2591 3755 3739
f 2591 3739 2594
f 2594 3739 3734
f 4490 3755 4491
f 4491 3755 2589
f 4491 2589 4488
f 4488 2589 2592
f 4488 2592 4492
f 4492 2592 4487
f 4593 4490 4491
f 4593 4491 4578
f 4491 4488 4578
f 4578 4488 4492
f 4578 4492 4572
f 4572 4492 4487
f 4572 4487 4545
f 2824 2807 3043
f 2824 3043 3056
f 3056 3043 3414
f 3056 3414 3424
f 3424 3414 3732
f 3424 3732 3736
f 3736 3732 4035
f 3736 4035 4034
f 4034 4035 4285
f 4034 4285 4276
f 4276 4285 4565
f 4276 4565 4558
f 4558 4565 4741
f 4558 4741 4729
f 4729 4741 4757
f 4729 4757 4750
f 4750 4757 4735
f 4750 4735 4724
f 3700 3683 3594
f 3594 3683 3566
f 3594 3566 3538
f 3538 3566 3508
f 3538 3508 3593
f 3593 3508 3567
f 3593 3567 3703
f 3703 3567 3682
f 3703 3682 3904
f 3904 3682 3903
f 3904 3903 4048
f 4048 3903 4066
f 4048 4066 4141
f 4141 4066 4172
f 4141 4172 4196
f 4196 4172 4223
f 4196 4223 4137
f 4137 4223 4171
f 4137 4171 4045
f 4045 4171 4065
f 4045 4065 3898
f 3898 4065 3906
f 3898 3906 3700
f 3700 3906 3683
f 3898 3901 4045
f 4045 3901 4047
f 4045 4047 4137
f 4137 4047 4138
f 4137 4138 4196
f 4196 4138 4197
f 4196 4197 4141
f 4141 4197 4142
f 4141 4142 4048
f 4048 4142 4043
f 4048 4043 3904
f 3904 4043 3900
f 3904 3900 3703
f 3703 3900 3704
f 3703 3704 3593
f 3593 3704 3595
f 3593 3595 3538
f 3538 3595 3539
f 3538 3539 3594
f 3594 3539 3596
f 3594 3596 3700
f 3700 3596 3702
f 3700 3702 3898
f 3898 3702 3901
f 4026 4043 4111
f 4111 4043 4142
f 4111 4142 4162
f 4162 4142 4197
f 4162 4197 4112
f 4112 4197 4138
f 4112 4138 4027
f 4027 4138 4047
f 4027 4047 3902
f 3902 4047 3901
f 3902 3901 3729
f 3729 3901 3702
f 3729 3702 3629
f 3629 3702 3596
f 3629 3596 3583
f 3583 3596 3539
f 3583 3539 3628
f 3628 3539 3595
f 3628 3595 3730
f 3730 3595 3704
f 3730 3704 3907
f 3907 3704 3900
f 3907 3900 4026
f 4026 3900 4043
f 4027 4350 4112
f 4112 4350 4569
f 4112 4569 4162
f 4162 4569 4620
f 4162 4620 4111
f 3629 3237 3729
f 3729 3237 3612
f 3729 3612 3902
f 3902 3612 3908
f 3902 3908 4027
f 4027 3908 4128
f 4027 4128 4350
f 4620 4568 4111
f 4111 4568 4351
f 4111 4351 4026
f 4026 4351 4129
f 4026 4129 3907
f 3907 4129 3899
f 3907 3899 3730
f 3899 3613 3730
f 3730 3613 3238
f 3730 3238 3628
f 3628 3238 3031
f 3628 3031 3583
f 3583 3031 2871
f 3583 2871 3629
f 3629 2871 3032
f 3629 3032 3237
f 2282 2379 2486
f 2486 2379 2478
f 2486 2478 2559
f 2378 2283 2486
f 2486 2283 2242
f 2486 2242 2282
f 2626 2558 2486
f 2486 2558 2485
f 2486 2485 2378
f 2559 2627 2486
f 2486 2627 2674
f 2486 2674 2626
f 2559 2597 2627
f 2627 2597 2702
f 2627 2702 2674
f 2674 2702 2730
f 2674 2730 2626
f 2626 2730 2699
f 2626 2699 2558
f 2558 2699 2598
f 2558 2598 2485
f 2485 2598 2480
f 2485 2480 2378
f 2378 2480 2328
f 2378 2328 2283
f 2283 2328 2177
f 2283 2177 2242
f 2242 2177 2125
f 2242 2125 2282
f 2282 2125 2178
f 2282 2178 2379
f 2379 2178 2326
f 2379 2326 2478
f 2478 2326 2477
f 2478 2477 2559
f 2559 2477 2597
f 2877 2913 3120
f 3120 2913 3178
f 3120 3178 3186
f 3186 3178 3279
f 3186 3279 3121
f 3121 3279 3177
f 3121 3177 2876
f 2876 3177 2912
f 2876 2912 2629
f 2629 2912 2633
f 2629 2633 2386
f 2386 2633 2336
f 2386 2336 2101
f 2101 2336 1956
f 2101 1956 1945
f 1945 1956 1846
f 1945 1846 2100
f 2100 1846 1957
f 2100 1957 2388
f 2388 1957 2335
f 2388 2335 2640
f 2640 2335 2634
f 2640 2634 2877
f 2877 2634 2913
f 2628 2631 2762
f 2762 2631 2848
f 2762 2848 2864
f 2864 2848 3093
f 2864 3093 2901
f 2901 3093 3145
f 2901 3145 2865
f 2865 3145 3092
f 2865 3092 2760
f 2760 3092 2849
f 2760 2849 2643
f 2643 2849 2651
f 2643 2651 2508
f 2508 2651 2416
f 2508 2416 2407
f 2407 2416 2159
f 2407 2159 2355
f 2355 2159 2048
f 2355 2048 2404
f 2404 2048 2158
f 2404 2158 2507
f 2507 2158 2415
f 2507 2415 2628
f 2628 2415 2631
f 2640 2641 2388
f 2388 2641 2389
f 2388 2389 2100
f 2100 2389 2102
f 2100 2102 1945
f 1945 2102 1944
f 1945 1944 2101
f 2101 1944 2099
f 2101 2099 2386
f 2386 2099 2387
f 2386 2387 2629
f 2629 2387 2648
f 2629 2648 2876
f 2876 2648 2878
f 2876 2878 3121
f 3121 2878 3123
f 3121 3123 3186
f 3186 3123 3185
f 3186 3185 3120
f 3120 3185 3122
f 3120 3122 2877
f 2877 3122 2879
f 2877 2879 2640
f 2640 2879 2641
f 2848 2879 3093
f 3093 2879 3122
f 3093 3122 3145
f 3145 3122 3185
f 3145 3185 3092
f 3092 3185 3123
f 3092 3123 2849
f 2849 3123 2878
f 2849 2878 2651
f 2651 2878 2648
f 2651 2648 2416
f 2416 2648 2387
f 2416 2387 2159
f 2159 2387 2099
f 2159 2099 2048
f 2048 2099 1944
f 2048 1944 2158
f 2158 1944 2102
f 2158 2102 2415
f 2415 2102 2389
f 2415 2389 2631
f 2631 2389 2641
f 2631 2641 2848
f 2848 2641 2879
f 2406 2071 2506
f 2506 2071 2362
f 2506 2362 2638
f 2638 2362 2611
f 2638 2611 2759
f 2759 2611 2855
f 2759 2855 2866
f 2866 2855 3109
f 2866 3109 2902
f 2902 3109 3168
f 2902 3168 2863
f 2863 3168 3108
f 2863 3108 2761
f 2761 3108 2854
f 2761 2854 2637
f 2637 2854 2612
f 2637 2612 2509
f 2509 2612 2363
f 2509 2363 2405
f 2405 2363 2070
f 2405 2070 2356
f 2356 2070 1920
f 2356 1920 2406
f 2406 1920 2071
f 2776 2853 2855
f 3148 3165 3168
f 2610 2612 2746
f 2746 2612 2854
f 2746 2854 2781
f 3146 3106 3108
f 3108 3106 3053
f 3108 3053 2854
f 2854 3053 2856
f 2854 2856 2781
f 3168 3165 3108
f 3108 3165 3164
f 3108 3164 3146
f 3010 3090 3109
f 3109 3090 3107
f 3109 3107 3168
f 3168 3107 3147
f 3168 3147 3148
f 2855 2853 3109
f 3109 2853 2908
f 3109 2908 3010
f 2490 2604 2611
f 2611 2604 2657
f 2611 2657 2855
f 2855 2657 2756
f 2855 2756 2776
f 2228 2302 2362
f 2362 2302 2361
f 2362 2361 2611
f 2611 2361 2446
f 2611 2446 2490
f 1922 1947 1920
f 1920 1947 2071
f 1947 1954 2071
f 2071 1954 2063
f 2071 2063 2362
f 2362 2063 2104
f 2362 2104 2228
f 2072 2026 2070
f 2070 2026 1933
f 2070 1933 1920
f 1920 1933 1921
f 1920 1921 1922
f 2072 2070 2149
f 2149 2070 2363
f 2149 2363 2309
f 2610 2554 2612
f 2612 2554 2449
f 2612 2449 2363
f 2363 2449 2359
f 2363 2359 2309
f 4600 4593 4604
f 4604 4593 4578
f 4604 4578 4609
f 4609 4578 4572
f 4609 4572 4615
f 4615 4572 4545
f 4615 4545 4638
f 4482 4504 4479
f 4479 4504 4507
f 4507 4514 4479
f 4479 4514 4519
f 4479 4519 4531
f 4618 4591 4609
f 4591 4520 4609
f 4609 4520 4479
f 4609 4479 4604
f 4604 4479 4531
f 4604 4531 4600
f 4175 4188 4174
f 4174 4188 4200
f 4174 4200 4346
f 4346 4200 4212
f 4346 4212 4479
f 4479 4212 4313
f 4479 4313 4482
f 4609 4615 4618
f 4618 4615 4638
f 4618 4638 4641
f 4641 4638 4696
f 4693 4695 4691
f 4691 4695 4697
f 4691 4697 4689
f 4689 4697 4711
f 4689 4711 4706
f 4706 4711 4696
f 4706 4696 4707
f 4707 4696 4638
f 1990 2087 1375
f 2087 2274 1375
f 1375 2274 2479
f 1375 2479 3046
f 3046 2479 2632
f 3046 2632 3071
f 3071 2632 2750
f 3071 2750 3110
f 3110 2750 2772
f 3110 2772 3173
f 3173 2772 2749
f 2645 3353 3365
f 1375 1317 1990
f 1990 1317 1323
f 1990 1323 2088
f 2088 1323 1450
f 2088 1450 2275
f 2275 1450 1722
f 2275 1722 2481
f 2481 1722 3079
f 2481 3079 2645
f 2645 3079 3095
f 3365 3326 2645
f 2645 3326 3250
f 2645 3250 2749
f 2749 3250 3242
f 2749 3242 3173
f 3315 3353 3228
f 3228 3353 2645
f 3228 2645 3203
f 3203 2645 3095
f 3203 3095 3150
f 2482 2477 2327
f 2327 2477 2326
f 2327 2326 2179
f 2179 2326 2178
f 2179 2178 2126
f 2126 2178 2125
f 2126 2125 2176
f 2176 2125 2177
f 2176 2177 2325
f 2325 2177 2328
f 2325 2328 2475
f 2475 2328 2480
f 2475 2480 2599
f 2599 2480 2598
f 2599 2598 2701
f 2701 2598 2699
f 2701 2699 2729
f 2729 2699 2730
f 2729 2730 2700
f 2700 2730 2702
f 2700 2702 2596
f 2596 2702 2597
f 2596 2597 2482
f 2482 2597 2477
f 2596 2645 2700
f 2700 2645 2749
f 2700 2749 2729
f 2729 2749 2772
f 2729 2772 2701
f 2701 2772 2750
f 2701 2750 2599
f 2599 2750 2632
f 2599 2632 2475
f 2475 2632 2479
f 2475 2479 2325
f 2325 2479 2274
f 2325 2274 2176
f 2176 2274 2087
f 2176 2087 2126
f 2126 2087 1990
f 2126 1990 2179
f 2179 1990 2088
f 2179 2088 2327
f 2327 2088 2275
f 2327 2275 2482
f 2482 2275 2481
f 2482 2481 2596
f 2596 2481 2645
f 3331 3335 3369
f 3335 3337 3370
f 3337 3338 3370
f 3370 3338 3339
f 3370 3339 3340
f 3126 3083 3085
f 3085 3125 3126
f 3126 3125 3196
f 3126 3196 3197
f 3197 3196 3277
f 3197 3277 3278
f 3278 3277 3343
f 3278 3343 3344
f 3344 3343 3369
f 3344 3369 3370
f 3370 3369 3335
f 3335 3331 3336
f 3458 3216 3002
f 2982 3015 2719
f 965 1113 1229
f 2131 2096 2079
f 2056 2075 2139
f 1857 1896 1760
f 2852 2964 2716
f 2852 2716 2831
f 2831 2716 2808
f 2808 2716 2728
f 2728 2716 2521
f 2728 2521 2534
f 2534 2521 2311
f 2534 2311 2360
f 1587 1635 1787
f 1787 1635 1681
f 1822 1813 1896
f 1681 1768 1787
f 1787 1768 1795
f 1787 1795 1818
f 1822 1896 1821
f 2360 2311 2262
f 2262 2311 2064
f 2262 2064 2044
f 2044 2064 1787
f 2044 1787 1896
f 1896 1787 1818
f 1896 1818 1821
f 1813 1800 1896
f 1896 1800 1793
f 1896 1793 1760
f 1857 1760 1819
f 1819 1760 1728
f 1819 1728 1685
f 1685 1728 1674
f 1685 1674 1649
f 1649 1626 1685
f 1685 1626 1624
f 1685 1624 1622
f 1476 1460 1514
f 1317 1375 1389
f 1389 1375 1384
f 1460 1476 1436
f 1436 1476 1389
f 1436 1389 1419
f 1419 1389 1384
f 1419 1384 1405
f 1691 2017 2078
f 2078 2017 2349
f 2078 2349 2077
f 2077 2349 2245
f 2056 2139 2079
f 2131 2079 2357
f 2228 1919 1961
f 2228 1961 2302
f 2228 2104 1919
f 1919 2104 2063
f 1919 2063 1541
f 1947 1837 1954
f 1954 1837 1752
f 1954 1752 2063
f 2063 1752 1541
f 1541 1752 1306
f 1541 1306 1484
f 1484 1306 1272
f 1484 1272 1240
f 1240 1272 923
f 1240 923 1229
f 1229 923 870
f 1229 870 965
f 1961 2096 2302
f 2302 2096 2131
f 2302 2131 2361
f 2361 2131 2446
f 2828 2908 2853
f 2853 2776 2828
f 2828 2776 2756
f 2828 2756 2665
f 2756 2657 2665
f 2665 2657 2604
f 2665 2604 2463
f 2463 2604 2490
f 2463 2490 2446
f 3147 3107 3480
f 3480 3107 3384
f 3480 3384 3564
f 3564 3384 3799
f 3107 3090 3384
f 3384 3090 3010
f 3384 3010 2908
f 4163 3923 3733
f 3733 3923 3866
f 3733 3866 3799
f 4058 4174 4163
f 4163 3733 4058
f 4058 3733 3543
f 4058 3543 3919
f 3216 3458 3543
f 3543 3458 3672
f 3543 3672 3919
f 3506 3555 3458
f 3458 3555 3634
f 3458 3634 3672
f 3049 3073 2769
f 2769 3073 3084
f 2769 3084 3163
f 2982 2719 2932
f 2575 2533 2349
f 2349 2533 2414
f 2349 2414 2245
f 1691 1977 2017
f 2017 1977 2298
f 2017 2298 2349
f 2349 2298 2545
f 2349 2545 2575
f 2575 2545 2769
f 2575 2769 2836
f 2836 2769 3163
f 2836 3163 3133
f 3133 3163 3243
f 3133 3243 3323
f 3015 3049 2719
f 2719 3049 2769
f 2719 2769 2514
f 2514 2769 2545
f 2514 2545 2264
f 2264 2545 2298
f 2264 2298 1986
f 1986 2298 1977
f 1986 1977 1738
f 1738 1977 1691
f 1738 1691 1476
f 1514 1545 1476
f 1476 1545 1587
f 1476 1587 1738
f 1738 1587 1787
f 1738 1787 1986
f 1986 1787 2064
f 1986 2064 2264
f 2264 2064 2311
f 2264 2311 2514
f 2514 2311 2521
f 2514 2521 2719
f 2719 2521 2716
f 2719 2716 2932
f 2932 2716 2964
f 2446 2131 2463
f 2463 2131 2357
f 2463 2357 2665
f 2665 2357 2527
f 2665 2527 2828
f 2695 2861 2540
f 2540 2861 2697
f 2540 2697 2398
f 2533 2695 2414
f 2414 2695 2540
f 2414 2540 2245
f 2245 2540 2398
f 2245 2398 2206
f 2206 2398 2272
f 2908 2828 3384
f 3384 2828 3117
f 3384 3117 3359
f 3359 3117 2820
f 3359 2820 3069
f 3069 2820 2675
f 3069 2675 2774
f 3799 3384 3733
f 3733 3384 3359
f 3733 3359 3543
f 3543 3359 3069
f 3543 3069 3216
f 3216 3069 2774
f 3216 2774 3002
f 2056 2077 2075
f 2075 2077 2245
f 2075 2245 2139
f 2139 2245 2206
f 2139 2206 2079
f 2079 2206 2272
f 2079 2272 2357
f 2357 2272 2398
f 2357 2398 2527
f 2527 2398 2697
f 2527 2697 2828
f 2828 2697 2861
f 2828 2861 3117
f 3117 2861 2695
f 3117 2695 2820
f 2820 2695 2533
f 2820 2533 2675
f 2675 2533 2575
f 2675 2575 2774
f 2774 2575 2836
f 2774 2836 3002
f 3002 2836 3133
f 3002 3133 3458
f 3458 3133 3323
f 3458 3323 3506
f 2372 2525 2417
f 2619 2741 2602
f 2602 2741 2751
f 2602 2751 2757
f 1715 1750 1830
f 1830 1750 1908
f 1715 1830 1464
f 1464 1830 1502
f 1464 1502 1424
f 1424 1502 1302
f 1302 1502 1308
f 1302 1308 1230
f 1230 1308 1200
f 1200 1308 1229
f 1200 1229 1113
f 2222 2174 2090
f 2090 2174 2138
f 2222 2244 2350
f 2350 2244 2382
f 2462 2417 2602
f 2602 2417 2525
f 2602 2525 2619
f 2294 2372 2069
f 2069 2372 2417
f 2069 2417 2244
f 2244 2417 2462
f 2244 2462 2382
f 1420 1638 1597
f 1597 1638 1827
f 1597 1827 1839
f 1839 1827 2012
f 1839 2012 2090
f 2294 2069 2124
f 2124 2069 1830
f 2124 1830 2098
f 2098 1830 1908
f 2098 1908 2016
f 1240 1420 1484
f 1484 1420 1597
f 1484 1597 1541
f 1541 1597 1839
f 1541 1839 1919
f 1919 1839 2090
f 1919 2090 1961
f 1961 2090 2138
f 1961 2138 2096
f 2222 2090 2244
f 2244 2090 2012
f 2244 2012 2069
f 2069 2012 1827
f 2069 1827 1830
f 1830 1827 1638
f 1830 1638 1502
f 1502 1638 1420
f 1502 1420 1308
f 1308 1420 1240
f 1308 1240 1229
f 1948 3083 1826
f 1826 3083 3082
f 1826 3082 1784
f 1784 3082 3079
f 1784 3079 1722
f 2530 3085 2271
f 2271 3085 3083
f 2271 3083 2214
f 2214 3083 1948
f 2077 2113 1936
f 2530 2271 2297
f 1454 1323 1363
f 1363 1323 1317
f 1363 1317 1389
f 1722 1450 1784
f 1784 1450 1591
f 1784 1591 1826
f 1826 1591 1948
f 2004 1660 1586
f 2113 2207 1936
f 1936 2207 2004
f 1936 2004 1777
f 1777 2004 1586
f 2297 2271 2103
f 2271 2214 2103
f 2103 2214 1948
f 2103 1948 1798
f 1798 1948 1591
f 1798 1591 1454
f 1454 1591 1450
f 1454 1450 1323
f 1586 1476 1777
f 1777 1476 1691
f 1777 1691 1936
f 1936 1691 2078
f 1936 2078 2077
f 1389 1476 1363
f 1363 1476 1586
f 1363 1586 1454
f 1454 1586 1660
f 1454 1660 1798
f 1798 1660 2004
f 1798 2004 2103
f 2103 2004 2207
f 2103 2207 2297
f 2297 2207 2369
f 2297 2369 2530
f 4504 4482 3346
f 3346 4482 4313
f 3346 4313 3322
f 3322 4313 4212
f 3322 4212 2911
f 3846 3803 4531
f 3803 3755 4490
f 3851 3876 4531
f 3803 4490 4531
f 4531 4490 4593
f 4531 4593 4600
f 3876 3875 4531
f 4531 3875 3867
f 4531 3867 3846
f 3774 4531 3451
f 3451 4531 3449
f 3774 3805 4531
f 4531 3805 3841
f 4531 3841 3851
f 3449 4531 3441
f 3441 4531 4519
f 3441 4519 3423
f 3423 4519 3393
f 4504 3346 4507
f 4507 3346 3393
f 4507 3393 4514
f 4514 3393 4519
f 2810 4122 3975
f 3343 3277 3528
f 3528 3277 3196
f 3528 3196 3738
f 3738 3196 3975
f 3975 3196 3125
f 3975 3125 2810
f 3343 3528 3369
f 3369 3528 3331
f 2096 2138 2079
f 2079 2138 2174
f 2079 2174 2222
f 2222 2350 2079
f 2079 2350 2382
f 2079 2382 2462
f 2369 2207 2056
f 2056 2207 2113
f 2056 2113 2077
f 2056 2079 2369
f 2369 2079 2462
f 2369 2462 2530
f 2530 2462 2602
f 2530 2602 3085
f 3085 2602 2757
f 3085 2757 3125
f 3125 2757 2802
f 3125 2802 2810
f 2810 2802 2800
f 2810 2800 2813
f 2813 2800 2888
f 2813 2888 2885
f 2739 2800 2741
f 2741 2800 2802
f 2741 2802 2751
f 2751 2802 2757
f 4212 4200 2911
f 2911 4200 4188
f 2911 4188 2899
f 2899 4188 4175
f 2899 4175 2885
f 2885 4175 2813
f 4175 4157 2813
f 2813 4157 4122
f 2813 4122 2810
f 590 221 560
f 560 221 223
f 560 223 225
f 355 310 681
f 310 307 681
f 681 307 285
f 681 285 590
f 590 285 250
f 590 250 221
f 724 705 681
f 681 705 531
f 681 531 355
f 724 899 705
f 705 899 1221
f 705 1221 918
f 918 1221 1264
f 918 1264 1265
f 1265 1264 1280
f 1264 1263 1344
f 1280 1264 1449
f 1449 1264 1344
f 1449 1344 1376
f 1376 1475 1449
f 1449 1475 1644
f 1449 1644 1465
f 1465 1644 1782
f 1465 1782 1629
f 1629 1782 1824
f 1629 1824 1651
f 1651 1824 1877
f 1651 1877 1843
f 1843 1877 1931
f 2236 2182 2119
f 2119 2182 1980
f 2119 1980 1931
f 1931 1980 1907
f 1931 1907 1843
f 2236 2256 2252
f 2252 2256 2286
f 2252 2286 2267
f 2236 2119 2256
f 2256 2119 2261
f 2256 2261 2266
f 2289 2286 2288
f 2288 2286 2256
f 2288 2256 2285
f 2285 2256 2266
f 225 230 560
f 560 230 563
f 2789 2794 2989
f 2989 2794 2830
f 2989 2830 2960
f 2988 2989 2960
f 2952 2956 2947
f 2947 2956 2968
f 2947 2968 2974
f 2992 2946 2991
f 2991 2946 2949
f 2991 2949 2983
f 2983 2949 2947
f 2983 2947 2978
f 2978 2947 2974
f 2988 2995 2997
f 2997 2995 3000
f 2997 3000 3007
f 3007 3000 3003
f 3007 3003 3008
f 2952 2947 2942
f 2942 2947 2943
f 2942 2943 2939
f 2933 2941 2973
f 2939 2934 2942
f 2942 2934 2925
f 2942 2925 2930
f 2930 2925 2916
f 2973 2951 2933
f 2933 2951 2935
f 2933 2935 2923
f 2923 2935 2931
f 2923 2931 2920
f 2920 2931 2917
f 2920 2917 2916
f 2916 2917 2926
f 2916 2926 2930
f 2941 2953 2973
f 2973 2953 2959
f 2973 2959 2966
f 2969 2965 2980
f 2980 2965 2963
f 2980 2963 2948
f 2948 2944 2980
f 2980 2944 2928
f 2980 2928 2929
f 2929 2928 2924
f 2929 2924 2960
f 2924 2918 2960
f 2960 2918 2922
f 2960 2922 2937
f 2937 2938 2960
f 2960 2938 2946
f 2960 2946 2988
f 2988 2946 2992
f 2988 2992 2995
f 3035 3028 2980
f 3060 3072 3042
f 3035 2980 3042
f 3042 2980 3016
f 3042 3016 3060
f 3028 3023 2980
f 2980 3023 3022
f 2980 3022 3017
f 2966 2969 2973
f 2973 2969 2980
f 2973 2980 2999
f 2999 2980 3017
f 3060 3070 3072
f 3072 3070 3105
f 3072 3105 3119
f 3119 3105 3205
f 3119 3205 3241
f 3334 3328 3241
f 3241 3328 3327
f 3241 3327 3119
f 4176 4158 4177
f 4177 4158 4123
f 4177 4123 4033
f 4033 4123 3995
f 4033 3995 3831
f 3831 3995 3783
f 3831 3783 3778
f 3778 3783 3776
f 3778 3776 3627
f 3627 3776 3604
f 3627 3604 3454
f 3454 3604 3554
f 3454 3554 3398
f 3398 3554 3430
f 3398 3430 3307
f 3307 3430 3332
f 3307 3332 3241
f 3241 3332 3333
f 3241 3333 3334
f 2907 3007 3008
f 3008 2193 2191
f 2582 2907 2345
f 2345 2907 3008
f 2345 3008 2233
f 2233 3008 2191
f 3001 2192 2996
f 2996 2192 2190
f 2996 2190 2208
f 2213 1622 1624
f 1624 1626 2213
f 2213 1626 2986
f 2213 2986 2208
f 2208 2986 2993
f 2208 2993 2996
f 2852 2831 2883
f 2883 2831 2808
f 3005 2195 3004
f 3004 2195 2192
f 3004 2192 3001
f 2844 2549 2428
f 3006 2844 3005
f 3005 2844 2428
f 3005 2428 2195
f 2195 2428 2305
f 4157 4175 4174
f 3634 3555 3528
f 2986 2979 3006
f 3005 3004 3006
f 3006 3004 3001
f 3001 2996 3006
f 3006 2996 2993
f 3006 2993 2986
f 2940 2985 2954
f 2954 2985 2990
f 2954 2990 2967
f 2967 2990 2987
f 2967 2987 2979
f 2979 2987 2998
f 2979 2998 3006
f 2932 2964 2940
f 2940 2964 2975
f 2940 2975 2985
f 2936 2982 2919
f 2919 2982 2932
f 2919 2932 2927
f 2927 2932 2940
f 2984 3009 3073
f 2984 3073 2981
f 2936 2955 2982
f 2982 2955 2977
f 2982 2977 3015
f 3015 2977 2981
f 3015 2981 3049
f 3049 2981 3073
f 3020 3027 3071
f 3030 3036 3027
f 3027 3036 3046
f 3027 3046 3071
f 3242 3243 3173
f 3173 3243 3163
f 3173 3163 3110
f 3110 3163 3084
f 3110 3084 3071
f 3071 3084 3073
f 3071 3073 3020
f 3020 3073 3009
f 3340 3339 3330
f 3330 3339 3338
f 3330 3338 3337
f 3335 3330 3337
f 3335 3243 3330
f 3330 3243 3242
f 3330 3242 3329
f 3329 3242 3250
f 3329 3250 3326
f 3335 3336 3243
f 3243 3336 3331
f 3243 3331 3323
f 3323 3331 3528
f 3323 3528 3506
f 3506 3528 3555
f 3634 3528 3672
f 3672 3528 3738
f 3672 3738 3919
f 3919 3738 3975
f 3919 3975 4058
f 4058 3975 4174
f 4174 3975 4122
f 4174 4122 4157
f 3415 3206 3397
f 3025 3075 3068
f 3068 3075 3189
f 3068 3189 3206
f 3206 3189 3324
f 3206 3324 3397
f 3740 3601 3677
f 3415 3397 3447
f 3447 3397 3561
f 3447 3561 3601
f 3601 3561 3600
f 3601 3600 3677
f 3740 3677 3916
f 3916 3677 3836
f 3916 3836 4009
f 4009 3836 3978
f 4009 3978 4010
f 4384 4286 4210
f 4210 4286 4254
f 4210 4254 4092
f 4092 4254 4146
f 4092 4146 4010
f 4010 4146 4021
f 4010 4021 4009
f 4210 4305 4384
f 4384 4305 4316
f 4384 4316 4541
f 4541 4316 4447
f 4541 4447 4564
f 4564 4447 4623
f 4623 4447 4539
f 4623 4539 4717
f 4717 4539 4595
f 4717 4595 4740
f 4740 4595 4629
f 4740 4629 4749
f 4749 4629 4760
f 4760 4629 4646
f 4760 4646 4755
f 4755 4646 4640
f 4755 4640 4734
f 4734 4640 4619
f 4734 4619 4723
f 4723 4619 4576
f 4723 4576 4662
f 4386 4655 4643
f 3938 3939 4038
f 4038 3939 4008
f 4038 4008 4152
f 4152 4008 4203
f 4152 4203 4250
f 4250 4203 4386
f 4250 4386 4364
f 4364 4386 4643
f 4364 4643 4517
f 4517 4643 4662
f 4517 4662 4563
f 4563 4662 4576
f 3116 3075 3101
f 3910 3856 3891
f 3910 3891 3956
f 3891 3938 3956
f 3956 3938 4038
f 3956 4038 4076
f 4076 4038 4127
f 4127 4038 4152
f 4127 4152 4185
f 4185 4152 4250
f 4185 4250 4292
f 4292 4250 4364
f 4292 4364 4353
f 4353 4364 4391
f 4391 4364 4517
f 4391 4517 4521
f 4521 4517 4563
f 4521 4563 4567
f 4567 4563 4576
f 4567 4576 4574
f 4574 4576 4619
f 4574 4619 4610
f 4610 4619 4640
f 4610 4640 4621
f 4621 4640 4646
f 4621 4646 4611
f 4646 4629 4611
f 4611 4629 4595
f 4611 4595 4586
f 4539 4535 4595
f 4595 4535 4566
f 4595 4566 4586
f 4306 4354 4447
f 4447 4354 4444
f 4447 4444 4539
f 4539 4444 4506
f 4539 4506 4535
f 4126 4145 4210
f 4210 4145 4214
f 4210 4214 4305
f 4305 4214 4306
f 4305 4306 4316
f 4316 4306 4447
f 4126 4210 4091
f 4091 4210 4092
f 4091 4092 3997
f 3997 4092 4010
f 3997 4010 3984
f 3984 4010 3978
f 3984 3978 3911
f 3911 3978 3836
f 3911 3836 3877
f 3600 3615 3677
f 3677 3615 3713
f 3677 3713 3836
f 3836 3713 3810
f 3836 3810 3877
f 3075 3116 3189
f 3116 3213 3189
f 3189 3213 3234
f 3189 3234 3324
f 3324 3234 3377
f 3324 3377 3397
f 3397 3377 3444
f 3397 3444 3561
f 3561 3444 3585
f 3561 3585 3600
f 3600 3585 3614
f 3600 3614 3615
f 3207 3236 3237
f 3856 3910 3908
f 3550 3610 3612
f 3612 3610 3665
f 3612 3665 3908
f 3908 3665 3779
f 3908 3779 3856
f 3237 3236 3612
f 3612 3236 3411
f 3612 3411 3550
f 2889 3014 3032
f 3032 3014 3034
f 3032 3034 3237
f 3237 3034 3099
f 3237 3099 3207
f 2889 3032 2872
f 2872 3032 2871
f 2872 2871 2893
f 2893 2871 3031
f 2893 3031 3026
f 3116 3101 3100
f 3238 3234 3213
f 3213 3116 3238
f 3238 3116 3100
f 3238 3100 3031
f 3031 3100 3033
f 3031 3033 3026
f 3614 3585 3613
f 3613 3585 3444
f 3613 3444 3238
f 3238 3444 3377
f 3238 3377 3234
f 3984 3911 3899
f 3899 3911 3877
f 3877 3810 3899
f 3899 3810 3713
f 3899 3713 3613
f 3613 3713 3615
f 3613 3615 3614
f 4129 4091 3899
f 3899 4091 3997
f 3899 3997 3984
f 4214 4145 4129
f 4129 4145 4126
f 4129 4126 4091
f 4506 4444 4351
f 4351 4444 4354
f 4351 4354 4129
f 4129 4354 4306
f 4129 4306 4214
f 4620 4621 4611
f 4620 4611 4568
f 4611 4586 4568
f 4568 4586 4566
f 4568 4566 4351
f 4351 4566 4535
f 4351 4535 4506
f 4621 4620 4610
f 4610 4620 4569
f 4610 4569 4574
f 4353 4391 4350
f 4350 4391 4521
f 4350 4521 4569
f 4569 4521 4567
f 4569 4567 4574
f 4353 4350 4292
f 4292 4350 4128
f 4292 4128 4185
f 3910 3956 3908
f 3908 3956 4076
f 3908 4076 4128
f 4128 4076 4127
f 4128 4127 4185
f 4634 4709 4684
f 1838 1287 1406
f 1838 1406 2194
f 1287 1838 943
f 943 1838 1560
f 943 1560 659
f 659 1560 1307
f 659 1307 553
f 553 1307 1175
f 553 1175 456
f 456 1175 924
f 456 924 403
f 403 924 870
f 403 870 427
f 427 870 923
f 427 923 551
f 923 1272 551
f 551 1272 1306
f 551 1306 658
f 658 1306 933
f 1837 1947 1922
f 1306 1752 933
f 933 1752 1837
f 933 1837 1267
f 1267 1837 1922
f 1922 1921 1267
f 1267 1921 1933
f 1267 1933 2026
f 2166 1963 2149
f 2026 2072 1267
f 1267 2072 2149
f 1267 2149 1588
f 1588 2149 1963
f 2149 2309 2166
f 2166 2309 2359
f 2166 2359 2351
f 2351 2359 2449
f 2351 2449 2442
f 2442 2449 2554
f 2442 2554 2688
f 2688 2554 2610
f 2688 2610 2745
f 2610 2746 2745
f 2745 2746 2781
f 2745 2781 3019
f 3019 2781 2856
f 3019 2856 3266
f 3266 2856 3300
f 3300 2856 3445
f 3445 2856 3053
f 3445 3053 3106
f 3146 3164 3480
f 3164 3165 3480
f 3480 3165 3148
f 3480 3148 3147
f 3832 3788 3866
f 3832 3866 3885
f 3106 3146 3445
f 3445 3146 3480
f 3445 3480 3580
f 3580 3480 3564
f 3580 3564 3788
f 3788 3564 3799
f 3788 3799 3866
f 4711 4697 4378
f 4479 4520 4378
f 4378 4520 4591
f 4696 4711 4641
f 4641 4711 4378
f 4641 4378 4618
f 4618 4378 4591
f 4163 4174 4378
f 4378 4174 4346
f 4378 4346 4479
f 4378 4272 4163
f 4163 4272 4190
f 4163 4190 3923
f 3923 4190 4006
f 3923 4006 3866
f 3866 4006 3920
f 3866 3920 3885
f 2655 2858 2605
f 2605 2858 2686
f 1406 1538 2194
f 2194 1538 1955
f 2194 1955 2430
f 2430 1955 2091
f 2430 2091 2686
f 2686 2091 2373
f 2686 2373 2605
f 2655 2708 2858
f 2858 2708 2816
f 2858 2816 3211
f 2816 3088 3211
f 3211 3088 3402
f 3211 3402 3482
f 3482 3402 3437
f 3482 3437 3517
f 3517 3437 3626
f 3517 3626 3870
f 3870 3626 3807
f 3870 3807 3922
f 4291 4510 4310
f 3922 3991 3870
f 3870 3991 4125
f 3870 4125 4161
f 4161 4125 4291
f 4161 4291 4166
f 4166 4291 4310
f 4166 4310 4177
f 4577 4513 4510
f 4510 4513 4480
f 4510 4480 4310
f 4698 4710 4510
f 4510 4710 4709
f 4709 4634 4510
f 4510 4634 4617
f 4510 4617 4577
f 2807 2806 3043
f 3043 2806 2945
f 3043 2945 3024
f 4741 4749 4757
f 4757 4749 4760
f 4757 4760 4735
f 4735 4760 4755
f 4735 4755 4734
f 4564 4623 4565
f 4565 4623 4717
f 4565 4717 4741
f 4741 4717 4740
f 4741 4740 4749
f 4564 4565 4541
f 4541 4565 4285
f 4541 4285 4384
f 4021 4146 4035
f 4035 4146 4254
f 4035 4254 4285
f 4285 4254 4286
f 4285 4286 4384
f 4021 4035 4009
f 4009 4035 3732
f 4009 3732 3916
f 3415 3447 3414
f 3414 3447 3601
f 3414 3601 3732
f 3732 3601 3740
f 3732 3740 3916
f 3415 3414 3206
f 3206 3414 3043
f 3206 3043 3068
f 3068 3043 3024
f 3068 3024 3025
f 4644 4656 4515
f 4751 4585 4761
f 4761 4585 4756
f 4454 4560 4585
f 4585 4560 4571
f 4571 4654 4585
f 4585 4654 4739
f 4585 4739 4756
f 4751 4736 4585
f 4585 4736 4722
f 4585 4722 4454
f 4454 4722 4660
f 4454 4660 4515
f 4515 4660 4648
f 4515 4648 4644
f 4108 4298 4198
f 4198 4298 4454
f 4198 4454 4221
f 4221 4454 4515
f 4221 4515 4206
f 4206 4515 4296
f 4206 4296 4133
f 4133 4296 4132
f 4133 4132 4059
f 4030 4014 3952
f 3952 4014 3883
f 3952 3883 3792
f 4030 4071 4014
f 4014 4071 4186
f 4014 4186 4108
f 4108 4186 4275
f 4108 4275 4298
f 3407 3498 3712
f 3712 3498 3639
f 3712 3639 3883
f 3883 3639 3722
f 3883 3722 3792
f 3712 3606 3407
f 3407 3606 3519
f 3407 3519 3511
f 3396 3511 3557
f 3557 3637 3396
f 3396 3637 3654
f 3396 3654 3625
f 3625 3654 3794
f 3511 3396 3407
f 3407 3396 3097
f 3407 3097 3052
f 2894 3091 3052
f 3052 3091 3259
f 3052 3259 3407
f 4059 4132 3946
f 3946 4132 3996
f 3946 3996 3794
f 3794 3996 3809
f 3794 3809 3625
f 3626 3625 3809
f 3098 3097 3396
f 3098 3396 3076
f 3625 3626 3396
f 2816 3047 3088
f 3088 3047 3076
f 3088 3076 3402
f 3402 3076 3396
f 3402 3396 3437
f 3437 3396 3626
f 4656 4510 4515
f 4515 4510 4291
f 4515 4291 4296
f 4296 4291 4125
f 4296 4125 4132
f 4132 4125 3991
f 4132 3991 3996
f 3996 3991 3922
f 3996 3922 3809
f 3809 3922 3807
f 3809 3807 3626
f 4656 4682 4510
f 4510 4682 4692
f 4510 4692 4698
f 3750 3748 3751
f 3751 3748 3747
f 3979 4012 4018
f 3742 3744 3623
f 3742 3623 3728
f 3728 3623 3716
f 3716 3623 3650
f 3716 3650 3684
f 3744 3748 3623
f 3623 3748 3750
f 3623 3750 3635
f 3635 3750 3758
f 3635 3758 3782
f 3782 3793 3635
f 3635 3793 3816
f 3635 3816 3676
f 3676 3816 3837
f 3837 3857 3676
f 3676 3857 3915
f 3676 3915 4018
f 4018 3915 3941
f 4018 3941 3979
f 2950 3102 2690
f 2690 3102 2503
f 2690 2503 2450
f 2450 2503 2489
f 2950 3127 3102
f 3102 3127 3314
f 3102 3314 3635
f 3635 3314 3496
f 3635 3496 3623
f 2450 2456 2690
f 2690 2456 2707
f 2690 2707 2950
f 2950 2707 3064
f 2950 3064 3127
f 3127 3064 3187
f 3127 3187 3314
f 3314 3187 3399
f 3314 3399 3496
f 3496 3399 3544
f 3496 3544 3623
f 3544 3608 3623
f 3623 3608 3649
f 3623 3649 3650
f 4068 3811 3844
f 4806 4938 4721
f 4721 4938 4613
f 4721 4613 4497
f 4497 4613 4362
f 4497 4362 4231
f 4231 4362 4068
f 4231 4068 4051
f 4051 4068 3844
f 4858 4807 4978
f 4978 4807 4829
f 4978 4829 4939
f 3812 3847 3845
f 3845 3847 4067
f 3845 4067 4052
f 4052 4067 4263
f 4052 4263 4232
f 4232 4263 4363
f 4232 4363 4496
f 4496 4363 4829
f 4496 4829 4720
f 4720 4829 4807
f 5012 5195 4988
f 4988 5195 5172
f 4988 5172 4925
f 4925 5172 5124
f 4925 5124 4857
f 4857 5124 5051
f 4857 5051 4806
f 4806 5051 4979
f 4806 4979 4938
f 5054 5235 5033
f 5033 5235 5229
f 5033 5229 5012
f 5012 5229 5213
f 5012 5213 5195
f 5034 5234 5053
f 5053 5234 5245
f 5053 5245 5058
f 5058 5245 5253
f 5058 5253 5054
f 5054 5253 5246
f 5054 5246 5235
f 4989 5194 5013
f 5013 5194 5214
f 5013 5214 5034
f 5034 5214 5230
f 5034 5230 5234
f 4978 5052 4858
f 4858 5052 5120
f 4858 5120 4924
f 4924 5120 5123
f 4924 5123 4989
f 4989 5123 5173
f 4989 5173 5194
f 3382 3584 3400
f 3400 3584 3741
f 2454 2451 2523
f 2523 2451 2548
f 2523 2548 2568
f 2568 2548 2660
f 3382 3400 3111
f 3111 3400 3063
f 3111 3063 3021
f 3021 3063 2909
f 3021 2909 2823
f 2823 2909 2822
f 2823 2822 2743
f 2743 2822 2706
f 2743 2706 2660
f 2660 2706 2656
f 2660 2656 2568
f 2451 2488 2548
f 2548 2488 2502
f 2548 2502 2660
f 2660 2502 2851
f 2660 2851 2743
f 3412 3111 3103
f 3103 3111 3021
f 3103 3021 2851
f 2851 3021 2823
f 2851 2823 2743
f 3756 3741 3675
f 3675 3741 3584
f 3675 3584 3412
f 3412 3584 3382
f 3412 3382 3111
f 4012 3979 3960
f 3960 3979 3941
f 3960 3941 3937
f 3937 3941 3915
f 3937 3915 3893
f 3893 3915 3881
f 3881 3915 3857
f 3758 3750 3752
f 3752 3750 3751
f 3752 3757 3758
f 3758 3757 3764
f 3758 3764 3782
f 3782 3764 3781
f 3782 3781 3793
f 3793 3781 3804
f 3793 3804 3816
f 3816 3804 3837
f 3837 3804 3857
f 2337 2436 2403
f 2403 2238 2337
f 2337 2238 1938
f 2337 1938 1834
f 2454 2436 2451
f 2451 2436 2337
f 2040 2043 2059
f 2497 2031 2040
f 2040 2059 2497
f 2497 2059 2082
f 2497 2082 2109
f 2337 2080 2451
f 2451 2080 2058
f 2451 2058 2488
f 2488 2058 2027
f 2488 2027 1984
f 1984 2000 2488
f 2488 2000 2031
f 2488 2031 2711
f 2711 2031 2497
f 2711 2497 2905
f 2269 2504 2109
f 2109 2504 2510
f 2109 2510 2497
f 2324 2365 2393
f 2393 2423 2324
f 2324 2423 2443
f 2324 2443 2269
f 2269 2443 2467
f 2269 2467 2504
f 4670 4523 4318
f 4523 4670 4733
f 4733 4670 4820
f 4733 4820 4802
f 4802 4820 4901
f 4802 4901 4849
f 4849 4901 4968
f 4849 4968 4914
f 4914 4968 5078
f 4914 5078 4961
f 4961 5078 5097
f 4961 5097 5001
f 5001 5097 5158
f 5001 5158 5024
f 5024 5158 5163
f 5024 5163 5043
f 5043 5163 5202
f 5043 5202 5060
f 5060 5202 5205
f 5060 5205 5071
f 5071 5205 5216
f 5071 5216 5061
f 5061 5216 5204
f 5061 5204 5044
f 5044 5204 5203
f 5044 5203 5025
f 5025 5203 5162
f 5025 5162 5002
f 5002 5162 5159
f 5002 5159 4962
f 4962 5159 5096
f 4962 5096 4913
f 4913 5096 5077
f 4913 5077 4848
f 4848 5077 4967
f 4848 4967 4803
f 4803 4967 4900
f 4803 4900 4732
f 4732 4900 4819
f 4732 4819 4522
f 4522 4819 4672
f 4522 4672 4317
f 4968 5051 5078
f 5078 5051 5124
f 5078 5124 5097
f 5097 5124 5172
f 5097 5172 5158
f 5158 5172 5195
f 5158 5195 5163
f 5163 5195 5213
f 5163 5213 5202
f 5213 5229 5202
f 5202 5229 5235
f 5202 5235 5205
f 5205 5235 5246
f 5205 5246 5216
f 5246 5253 5216
f 5216 5253 5245
f 5216 5245 5204
f 5204 5245 5234
f 5204 5234 5203
f 5234 5230 5203
f 5203 5230 5214
f 5203 5214 5162
f 5162 5214 5194
f 5162 5194 5159
f 5159 5194 5173
f 5159 5173 5096
f 5173 5123 5096
f 5096 5123 5120
f 5096 5120 5077
f 5077 5120 4967
f 4978 4939 4908
f 4922 4875 4892
f 5120 5052 4967
f 4967 5052 4922
f 4967 4922 4937
f 4937 4922 4892
f 4937 4892 4912
f 4978 4908 5052
f 5052 4908 4877
f 5052 4877 4922
f 4922 4877 4868
f 4922 4868 4875
f 4874 4871 4923
f 4923 4871 4876
f 4923 4876 4909
f 4874 4923 4886
f 4886 4923 4932
f 4886 4932 4907
f 4938 4979 4909
f 4909 4979 5051
f 4909 5051 4923
f 4923 5051 4968
f 4923 4968 4932
f 4134 4075 4180
f 1622 1133 1085
f 2883 2808 2496
f 2496 2808 2728
f 2496 2728 2093
f 3660 3709 3389
f 1622 1085 1685
f 1856 2046 1268
f 4134 4180 4183
f 3220 2987 2990
f 3389 3709 3745
f 3745 3709 3819
f 3745 3819 3842
f 2044 1264 2262
f 2262 1264 1347
f 2262 1347 2360
f 2360 1347 2093
f 2360 2093 2534
f 2534 2093 2728
f 1085 1149 1685
f 1685 1149 1209
f 1685 1209 1819
f 1819 1209 1263
f 1819 1263 1857
f 1857 1263 1264
f 1857 1264 1896
f 1896 1264 2044
f 1268 2046 1346
f 1346 2046 2258
f 1346 2258 2092
f 1268 1269 1856
f 1856 1269 1251
f 1856 1251 1719
f 1719 1251 1215
f 1719 1215 1632
f 1632 1215 1133
f 1632 1133 1620
f 1620 1133 1622
f 1620 1622 2199
f 2199 1622 2213
f 3965 4064 3818
f 3818 4064 3948
f 3818 3948 3708
f 3708 3948 3659
f 4180 4341 4183
f 4183 4341 4714
f 4183 4714 4156
f 3518 3309 3659
f 2258 2452 2092
f 2092 2452 2531
f 2092 2531 2613
f 4074 4081 4340
f 4340 4081 4155
f 4340 4155 4713
f 4713 4155 4184
f 4713 4184 4813
f 4813 4184 4135
f 2989 2988 3690
f 3690 2988 3295
f 3690 3295 3802
f 3802 3295 3310
f 3802 3310 3530
f 3690 3660 2989
f 2989 3660 3389
f 2989 3389 2789
f 2789 3389 2905
f 2789 2905 2613
f 2613 2905 2497
f 2613 2497 2092
f 3965 4080 4064
f 4064 4080 4916
f 4064 4916 4135
f 4135 4916 4870
f 4135 4870 4813
f 4714 4814 4156
f 4156 4814 4869
f 4156 4869 4080
f 4080 4869 4915
f 4080 4915 4916
f 3309 3220 3659
f 3659 3220 2990
f 3659 2990 3691
f 3691 2990 3388
f 3691 3388 3801
f 3801 3388 3746
f 3801 3746 3843
f 3530 3533 3802
f 3802 3533 3598
f 3802 3598 3948
f 3948 3598 3597
f 3948 3597 3659
f 3659 3597 3529
f 3659 3529 3518
f 1070 1268 1346
f 590 560 563
f 724 681 885
f 885 681 590
f 885 590 726
f 726 590 563
f 726 563 674
f 1434 1347 1264
f 1264 1221 1434
f 1434 1221 899
f 1434 899 1286
f 1286 899 724
f 1286 724 1177
f 1177 724 885
f 2511 2496 2491
f 2491 2496 2093
f 2491 2093 2260
f 2260 2093 2239
f 1434 1531 1347
f 1347 1531 1809
f 1347 1809 2093
f 2093 1809 1912
f 2093 1912 2239
f 884 727 571
f 571 727 653
f 571 653 563
f 563 653 650
f 563 650 674
f 571 622 884
f 884 622 723
f 884 723 940
f 940 723 1320
f 1320 723 757
f 1320 757 1444
f 757 1070 1444
f 1444 1070 1346
f 1444 1346 1532
f 1532 1346 1667
f 2092 2497 2510
f 2510 2281 2092
f 2092 2281 1960
f 2092 1960 1346
f 1346 1960 1840
f 1346 1840 1667
f 2377 2411 2273
f 2505 2306 2329
f 1847 1934 1909
f 2270 2301 2165
f 2165 2301 2161
f 2165 2161 1934
f 1847 1909 1603
f 1603 1909 1655
f 1603 1655 1426
f 1426 1655 1335
f 1426 1335 1273
f 1273 1335 966
f 1273 966 909
f 550 594 683
f 683 594 734
f 683 734 1120
f 632 556 683
f 683 556 536
f 683 536 550
f 2505 2511 2491
f 2505 2329 2501
f 2501 2329 2332
f 2501 2332 2465
f 2465 2332 2313
f 2465 2313 2429
f 1243 1504 1554
f 1288 951 820
f 820 1243 1288
f 1288 1243 1554
f 1288 1554 1434
f 1434 1554 1552
f 1434 1552 1531
f 2505 2491 2306
f 2306 2491 2260
f 2306 2260 2239
f 2411 2429 2273
f 2273 2429 2313
f 2273 2313 2110
f 2110 2313 2332
f 2110 2332 2133
f 2133 2332 2329
f 2133 2329 2136
f 2136 2329 2306
f 2136 2306 2117
f 2117 2306 2239
f 2117 2239 1912
f 1909 1742 1655
f 1655 1742 1401
f 1655 1401 1335
f 1335 1401 1120
f 1335 1120 966
f 966 1120 734
f 966 734 909
f 1434 1286 1288
f 1288 1286 1177
f 1288 1177 951
f 951 1177 885
f 1934 2161 1909
f 1909 2161 1996
f 1909 1996 1742
f 1742 1996 1804
f 1742 1804 1401
f 1401 1804 1504
f 1401 1504 1120
f 1120 1504 1243
f 1120 1243 683
f 683 1243 820
f 683 820 632
f 632 820 951
f 632 951 702
f 702 951 885
f 702 885 726
f 2347 2377 2224
f 2224 2377 2273
f 2224 2273 2065
f 2065 2273 2110
f 2065 2110 1844
f 1844 2110 2133
f 1844 2133 1865
f 1865 2133 2136
f 1865 2136 1871
f 1871 2136 2117
f 1871 2117 1860
f 1860 2117 1912
f 1860 1912 1809
f 2301 2347 2161
f 2161 2347 2224
f 2161 2224 1996
f 1996 2224 2065
f 1996 2065 1804
f 1804 2065 1844
f 1804 1844 1504
f 1504 1844 1865
f 1504 1865 1554
f 1554 1865 1871
f 1554 1871 1552
f 1552 1871 1860
f 1552 1860 1531
f 1531 1860 1809
f 909 956 1273
f 1273 956 1089
f 1273 1089 1426
f 1426 1089 1112
f 1426 1112 1603
f 1603 1112 1250
f 1603 1250 1847
f 1250 1350 1847
f 1847 1350 1440
f 1847 1440 1934
f 1934 1440 2165
f 1440 1808 2165
f 2165 1808 2112
f 2165 2112 2270
f 2107 1775 2086
f 2086 1775 1723
f 2086 1723 2060
f 2060 1723 1694
f 2060 1694 2045
f 2045 1694 1675
f 2045 1675 2019
f 2019 1675 1670
f 2019 1670 2009
f 2009 1670 1677
f 2009 1677 2020
f 2020 1677 1696
f 2020 1696 2035
f 956 909 815
f 1089 956 889
f 1250 1112 975
f 1808 1440 1407
f 1350 1250 1222
f 1222 1250 975
f 1222 975 1176
f 1176 975 910
f 1176 910 1128
f 1128 910 837
f 1128 837 1106
f 1106 837 812
f 1106 812 1095
f 1095 812 808
f 1095 808 1109
f 1109 808 818
f 1109 818 1136
f 1136 818 883
f 1440 1350 1407
f 1407 1350 1222
f 1407 1222 1357
f 1357 1222 1176
f 1357 1176 1341
f 1341 1176 1128
f 1341 1128 1328
f 1328 1128 1106
f 1328 1106 1322
f 1322 1106 1095
f 1322 1095 1329
f 1329 1095 1109
f 1329 1109 1342
f 1342 1109 1136
f 956 815 889
f 889 815 767
f 889 767 807
f 807 767 735
f 807 735 768
f 768 735 710
f 768 710 747
f 747 710 701
f 747 701 741
f 741 701 719
f 741 719 754
f 754 719 742
f 754 742 784
f 784 742 786
f 784 786 819
f 819 826 784
f 784 826 883
f 784 883 754
f 754 883 818
f 754 818 741
f 741 818 808
f 741 808 747
f 747 808 812
f 747 812 768
f 768 812 837
f 768 837 807
f 807 837 910
f 807 910 889
f 889 910 975
f 889 975 1089
f 1089 975 1112
f 2076 2035 1729
f 1729 2035 1696
f 1729 1696 1713
f 1713 1696 1665
f 826 931 883
f 883 931 962
f 883 962 1136
f 1136 962 1187
f 1136 1187 1342
f 1342 1187 1359
f 1342 1359 1380
f 1380 1665 1342
f 1342 1665 1696
f 1342 1696 1329
f 1329 1696 1677
f 1329 1677 1322
f 1322 1677 1670
f 1322 1670 1328
f 1328 1670 1675
f 1328 1675 1341
f 1341 1675 1694
f 1341 1694 1357
f 1357 1694 1723
f 1357 1723 1407
f 1407 1723 1775
f 1407 1775 1808
f 1808 1775 2107
f 1808 2107 2112
f 2052 2037 2023
f 1987 2002 1972
f 1972 2002 2006
f 1972 2006 1953
f 1953 2006 1983
f 1953 1983 1942
f 1942 1983 1999
f 1942 1999 1946
f 1946 1999 2023
f 1946 2023 1969
f 1969 2023 1975
f 1975 2023 2037
f 1975 2037 1988
f 2035 2076 2052
f 2052 2023 2035
f 2035 2023 1999
f 2035 1999 2020
f 2020 1999 1983
f 2020 1983 2009
f 2009 1983 2006
f 2009 2006 2019
f 2002 2033 2006
f 2006 2033 2041
f 2006 2041 2019
f 2019 2041 2045
f 2000 1984 1964
f 1974 1985 2036
f 1974 2036 1968
f 2040 2031 2005
f 2005 2031 2000
f 2025 2043 2040
f 2040 2005 2025
f 2025 2005 1982
f 2025 1982 2008
f 2008 1982 1998
f 2008 1998 2021
f 2021 1998 2022
f 2021 2022 2030
f 2030 2022 2047
f 2030 2047 2073
f 2000 1964 2005
f 2005 1964 1940
f 2005 1940 1982
f 1982 1940 1943
f 1982 1943 1998
f 1998 1943 1968
f 1998 1968 2022
f 2022 1968 2036
f 2022 2036 2047
f 1212 1075 974
f 1068 1192 1118
f 1277 1333 1309
f 2021 2030 1924
f 2021 1924 2008
f 2054 2109 2082
f 1684 2054 2011
f 906 1034 922
f 1601 1684 1642
f 1642 1684 2011
f 1642 2011 1602
f 1602 2011 1962
f 1602 1962 1566
f 1566 1962 1930
f 1566 1930 1540
f 1540 1930 1923
f 1540 1923 1535
f 1535 1923 1915
f 1535 1915 1542
f 1333 1601 1309
f 1309 1601 1642
f 1309 1642 1275
f 1275 1642 1602
f 1275 1602 1258
f 1258 1602 1566
f 1258 1566 1241
f 1241 1566 1540
f 1241 1540 1236
f 1236 1540 1535
f 1236 1535 1242
f 1242 1535 1542
f 1242 1542 1259
f 1571 1924 1932
f 1932 1924 2030
f 1932 2030 2073
f 1034 1068 922
f 922 1068 1118
f 922 1118 836
f 836 1118 1065
f 836 1065 799
f 799 1065 964
f 799 964 774
f 774 964 936
f 774 936 766
f 766 936 927
f 766 927 781
f 781 927 944
f 781 944 809
f 809 944 974
f 2073 1967 1932
f 1932 1967 1709
f 1932 1709 1571
f 1571 1709 1604
f 2054 2082 2011
f 2011 2082 2059
f 2011 2059 1962
f 1962 2059 2043
f 1962 2043 1930
f 1930 2043 2025
f 1930 2025 1923
f 1923 2025 2008
f 1923 2008 1915
f 1915 2008 1924
f 1915 1924 1542
f 1542 1924 1571
f 1542 1571 1259
f 1259 1571 1604
f 1259 1604 1276
f 1276 1212 1259
f 1259 1212 974
f 1259 974 1242
f 1242 974 944
f 1242 944 1236
f 1236 944 927
f 1236 927 1241
f 1241 927 936
f 1241 936 1258
f 1258 936 964
f 1258 964 1275
f 1275 964 1065
f 1275 1065 1309
f 1309 1065 1118
f 1309 1118 1277
f 1277 1118 1192
f 906 922 811
f 811 922 836
f 811 836 764
f 764 836 799
f 764 799 732
f 732 799 774
f 732 774 706
f 706 774 766
f 706 766 697
f 697 766 781
f 697 781 713
f 713 781 809
f 713 809 740
f 740 809 816
f 740 816 779
f 1075 959 974
f 974 959 952
f 974 952 809
f 809 952 887
f 809 887 816
f 1684 2095 2054
f 2054 2095 2269
f 2054 2269 2109
f 1684 1601 2095
f 2095 1601 1333
f 2095 1333 1731
f 1731 1333 1277
f 1731 1277 1557
f 1557 1277 1192
f 1557 1192 1349
f 1349 1192 1068
f 1349 1068 1281
f 1281 1068 1034
f 1281 1034 906
f 969 1121 1409
f 2393 2365 2225
f 535 684 549
f 549 684 593
f 1121 969 684
f 684 969 731
f 684 731 593
f 1349 1281 1337
f 1337 1281 906
f 2324 2269 2095
f 2281 2510 2504
f 1557 1659 1731
f 1731 1659 1911
f 1731 1911 2095
f 2095 1911 2162
f 2095 2162 2324
f 2467 2330 2310
f 2310 2330 2137
f 2310 2137 2118
f 2118 2137 1872
f 2118 1872 1862
f 1667 1840 1862
f 1862 1840 1960
f 1862 1960 2118
f 2118 1960 2281
f 2118 2281 2310
f 2310 2281 2504
f 2310 2504 2467
f 1244 822 953
f 557 633 822
f 822 633 703
f 822 703 953
f 953 703 727
f 953 727 884
f 1532 1555 1444
f 1444 1555 1556
f 1444 1556 1320
f 884 940 953
f 953 940 1289
f 953 1289 1244
f 1244 1289 1508
f 940 1320 1289
f 1289 1320 1556
f 1289 1556 1508
f 1508 1556 1866
f 1508 1866 1845
f 1845 1866 2134
f 1845 2134 2111
f 2111 2134 2333
f 2111 2333 2314
f 2314 2333 2443
f 2423 2393 2280
f 2280 2393 2225
f 2280 2225 2066
f 2066 2225 1997
f 2066 1997 1806
f 1806 1997 1745
f 1806 1745 1409
f 1409 1745 1337
f 1409 1337 969
f 969 1337 906
f 969 906 731
f 2365 2324 2225
f 2225 2324 2162
f 2225 2162 1997
f 1997 2162 1911
f 1997 1911 1745
f 1745 1911 1659
f 1745 1659 1337
f 1337 1659 1557
f 1337 1557 1349
f 1532 1667 1555
f 1555 1667 1862
f 1555 1862 1556
f 1556 1862 1872
f 1556 1872 1866
f 1866 1872 2137
f 1866 2137 2134
f 2134 2137 2330
f 2134 2330 2333
f 2333 2330 2467
f 2333 2467 2443
f 2443 2423 2314
f 2314 2423 2280
f 2314 2280 2111
f 2111 2280 2066
f 2111 2066 1845
f 1845 2066 1806
f 1845 1806 1508
f 1508 1806 1409
f 1508 1409 1244
f 1244 1409 1121
f 1244 1121 822
f 822 1121 684
f 822 684 557
f 557 684 535
f 1914 2322 1864
f 2018 1736 1648
f 3156 2972 2720
f 3664 3455 3156
f 3156 3455 3208
f 3156 3208 2972
f 576 617 689
f 689 617 1170
f 1905 1469 1170
f 1170 1469 1039
f 1170 1039 689
f 2085 2018 1858
f 1858 2018 1648
f 1858 1648 1656
f 1656 1648 1355
f 1656 1355 1114
f 1897 2412 2155
f 2155 2412 2563
f 2155 2563 2408
f 2408 2563 2840
f 1114 1301 1656
f 1656 1301 1897
f 1656 1897 1858
f 1858 1897 2155
f 1858 2155 2085
f 2085 2155 2408
f 758 1231 1482
f 1482 1231 1515
f 1482 1515 1864
f 1864 1515 1816
f 1864 1816 1914
f 1905 2321 2720
f 2720 2321 2528
f 2528 2747 2720
f 2720 2747 3058
f 2720 3058 3156
f 3156 3058 3325
f 3156 3325 3664
f 617 758 1170
f 1170 758 1482
f 1170 1482 1905
f 1905 1482 1864
f 1905 1864 2321
f 2321 1864 2322
f 2321 2322 2528
f 3208 2840 2972
f 2972 2840 2563
f 2972 2563 2720
f 2720 2563 2412
f 2720 2412 1905
f 1905 2412 1897
f 1905 1897 1469
f 1469 1897 1301
f 1469 1301 1039
f 1039 1301 1114
f 2721 2320 1906
f 3155 2841 2721
f 2971 3180 3527
f 579 736 1169
f 1169 1468 1906
f 1468 1169 1300
f 1300 1169 736
f 1300 736 1234
f 3180 2971 2564
f 2564 2971 2413
f 2564 2413 1898
f 3624 3387 3155
f 3155 3387 3214
f 3155 3214 2841
f 1520 1736 1859
f 1859 1736 2121
f 1859 2121 2154
f 2154 2121 2390
f 2154 2390 2624
f 1382 1520 1657
f 1657 1520 1859
f 1657 1859 1898
f 1898 1859 2154
f 1898 2154 2564
f 2564 2154 2624
f 2564 2624 3180
f 2334 2074 1863
f 1863 2074 1817
f 1817 1714 1863
f 1863 1714 1498
f 1863 1498 1483
f 1483 1498 1232
f 1483 1232 748
f 575 579 748
f 748 579 1169
f 748 1169 1483
f 1483 1169 1906
f 1483 1906 1863
f 1863 1906 2320
f 1863 2320 2334
f 3214 3057 2841
f 2841 3057 2764
f 2841 2764 2721
f 2721 2764 2732
f 2721 2732 2320
f 2320 2732 2529
f 2320 2529 2334
f 3663 3624 3527
f 3527 3624 3155
f 3527 3155 2971
f 2971 3155 2721
f 2971 2721 2413
f 2413 2721 1906
f 2413 1906 1898
f 1898 1906 1468
f 1898 1468 1657
f 1657 1468 1300
f 1657 1300 1382
f 1382 1300 1234
f 4785 4805 4847
f 4771 4797 4762
f 4268 4089 4144
f 4016 3972 3663
f 4742 4790 4665
f 4657 4508 4665
f 4508 4657 4389
f 4332 4389 4580
f 4580 4389 4657
f 4580 4657 4584
f 4584 4657 4680
f 4089 3972 4144
f 4144 3972 4016
f 4144 4016 4228
f 3884 3998 4106
f 4106 3998 4107
f 3663 3884 4016
f 4016 3884 4106
f 4016 4106 4228
f 4228 4106 4107
f 4228 4107 4499
f 4499 4107 4224
f 4499 4224 4516
f 4852 4862 4850
f 4797 4771 4833
f 4833 4771 4816
f 4833 4816 4850
f 4850 4816 4847
f 4850 4847 4852
f 4786 4805 4768
f 4768 4805 4785
f 4768 4785 4742
f 4742 4785 4847
f 4742 4847 4790
f 4790 4847 4816
f 4790 4816 4665
f 4665 4816 4771
f 4665 4771 4657
f 4657 4771 4762
f 4657 4762 4680
f 4332 4268 4389
f 4389 4268 4144
f 4389 4144 4508
f 4508 4144 4228
f 4508 4228 4665
f 4665 4228 4499
f 4665 4499 4742
f 4742 4499 4516
f 4742 4516 4768
f 4768 4516 4748
f 4768 4748 4786
f 5004 4931 4946
f 4833 4850 4878
f 4878 4850 4862
f 5157 5110 5103
f 5103 5110 5069
f 5103 5069 5079
f 5079 5069 5019
f 5079 5019 5026
f 5026 5019 4990
f 5026 4990 4965
f 4965 4990 4933
f 4965 4933 4918
f 4918 4933 4878
f 4918 4878 4890
f 4890 4878 4862
f 4800 4826 4774
f 5004 4946 5056
f 5056 4946 4955
f 5056 4955 5081
f 4762 4797 4800
f 4800 4797 4841
f 4800 4841 4826
f 4826 4841 4883
f 4826 4883 4864
f 4864 4883 4927
f 4864 4927 4903
f 4903 4927 4982
f 4903 4982 4948
f 4948 4982 5008
f 4948 5008 4995
f 4995 5008 5049
f 4995 5049 5021
f 5021 5049 5098
f 5021 5098 5041
f 5041 5098 5117
f 5041 5117 5064
f 5064 5117 5128
f 5064 5128 5083
f 5083 5128 5141
f 5083 5141 5088
f 5088 5141 5152
f 5088 5152 5081
f 5081 5152 5150
f 5081 5150 5056
f 5056 5150 5134
f 5056 5134 5004
f 5004 5134 5108
f 5228 5178 5248
f 5248 5178 5199
f 5248 5199 5251
f 5251 5199 5212
f 5251 5212 5249
f 5249 5212 5207
f 5249 5207 5233
f 5207 5201 5233
f 5233 5201 5184
f 5233 5184 5210
f 5210 5184 5166
f 5210 5166 5157
f 5157 5166 5136
f 5157 5136 5110
f 4774 4745 4800
f 4800 4745 4731
f 4800 4731 4762
f 4762 4731 4719
f 4762 4719 4680
f 4955 4969 5081
f 5081 4969 4971
f 5081 4971 5088
f 5088 4971 4981
f 5088 4981 5083
f 5083 4981 4985
f 5083 4985 5064
f 5064 4985 4976
f 5064 4976 5041
f 5041 4976 4952
f 5041 4952 5021
f 5021 4952 4940
f 5021 4940 4995
f 4995 4940 4911
f 4995 4911 4948
f 4948 4911 4856
f 4948 4856 4903
f 4903 4856 4827
f 4903 4827 4864
f 4864 4827 4817
f 4864 4817 4826
f 4826 4817 4782
f 4826 4782 4774
f 4797 4833 4841
f 4841 4833 4878
f 4841 4878 4883
f 4883 4878 4933
f 4883 4933 4927
f 4927 4933 4990
f 4927 4990 4982
f 4982 4990 5019
f 4982 5019 5008
f 5008 5019 5069
f 5008 5069 5049
f 5049 5069 5110
f 5049 5110 5098
f 5098 5110 5136
f 5098 5136 5117
f 5117 5136 5166
f 5117 5166 5128
f 5128 5166 5184
f 5128 5184 5141
f 5141 5184 5201
f 5141 5201 5152
f 5152 5201 5207
f 5152 5207 5150
f 5150 5207 5212
f 5150 5212 5134
f 5134 5212 5199
f 5134 5199 5108
f 5108 5199 5178
f 5215 5227 5247
f 5055 4947 5063
f 5063 4947 4930
f 4801 4730 4744
f 4801 4744 4825
f 4744 4773 4825
f 4825 4773 4781
f 4825 4781 4863
f 4863 4781 4818
f 4863 4818 4902
f 4902 4818 4830
f 4902 4830 4949
f 4949 4830 4855
f 4949 4855 4994
f 4994 4855 4910
f 4994 4910 5020
f 5020 4910 4941
f 5020 4941 5042
f 4801 4769 4730
f 4730 4769 4728
f 4730 4728 4718
f 4718 4728 4681
f 5167 5137 5099
f 5156 5137 5209
f 5209 5137 5167
f 5209 5167 5232
f 4966 4919 4934
f 4934 4919 4879
f 4834 4796 4879
f 4879 4796 4840
f 4879 4840 4934
f 4934 4840 4882
f 4934 4882 4991
f 4991 4882 4926
f 4991 4926 5018
f 5018 4926 4983
f 5018 4983 5070
f 5070 4983 5007
f 5070 5007 5109
f 5109 5007 5048
f 4966 4934 5027
f 5027 4934 4991
f 5027 4991 5074
f 5074 4991 5018
f 5074 5018 5102
f 5102 5018 5070
f 5102 5070 5156
f 5156 5070 5109
f 5156 5109 5137
f 5137 5109 5048
f 5137 5048 5099
f 5144 5183 5135
f 5135 5183 5198
f 5135 5198 5149
f 5149 5198 5211
f 5149 5211 5151
f 5151 5211 5206
f 5151 5206 5140
f 5140 5206 5200
f 5140 5200 5127
f 5127 5200 5185
f 5127 5185 5116
f 4941 4953 5042
f 5042 4953 4954
f 5042 4954 5065
f 5065 4954 4977
f 5065 4977 5082
f 5082 4977 4984
f 5082 4984 5089
f 5089 4984 4980
f 5089 4980 5080
f 5080 4980 4970
f 5080 4970 5055
f 5055 4970 4956
f 5055 4956 4947
f 4861 4834 4891
f 4891 4834 4879
f 4891 4879 4917
f 4917 4879 4919
f 5183 5215 5198
f 5198 5215 5247
f 5198 5247 5211
f 5211 5247 5252
f 5211 5252 5206
f 5206 5252 5250
f 5206 5250 5200
f 5200 5250 5232
f 5200 5232 5185
f 5185 5232 5167
f 5185 5167 5116
f 5116 5167 5099
f 4796 4769 4840
f 4840 4769 4801
f 4840 4801 4882
f 4882 4801 4825
f 4882 4825 4926
f 4926 4825 4863
f 4926 4863 4983
f 4983 4863 4902
f 4983 4902 5007
f 5007 4902 4949
f 5007 4949 5048
f 5048 4949 4994
f 5048 4994 5099
f 5099 4994 5020
f 5099 5020 5116
f 5116 5020 5042
f 5116 5042 5127
f 5127 5042 5065
f 5127 5065 5140
f 5140 5065 5082
f 5140 5082 5151
f 5151 5082 5089
f 5151 5089 5149
f 5149 5089 5080
f 5149 5080 5135
f 5135 5080 5055
f 5135 5055 5144
f 5144 5055 5063
f 4791 4839 4804
f 4143 4121 4331
f 3784 3664 3880
f 4388 4331 4457
f 4681 4728 4658
f 4666 4509 4658
f 3784 3880 3854
f 4121 4143 3880
f 3880 4143 4015
f 3880 4015 3854
f 4668 4525 4624
f 4624 4525 4217
f 4624 4217 4500
f 4500 4217 4060
f 4500 4060 4229
f 4331 4388 4143
f 4143 4388 4229
f 4143 4229 4015
f 4015 4229 4060
f 4015 4060 3854
f 4834 4861 4860
f 4769 4796 4770
f 4770 4796 4834
f 4770 4834 4815
f 4815 4834 4860
f 4815 4860 4851
f 4666 4791 4743
f 4743 4791 4804
f 4743 4804 4767
f 4767 4804 4786
f 4728 4769 4658
f 4658 4769 4770
f 4658 4770 4666
f 4666 4770 4815
f 4666 4815 4791
f 4791 4815 4851
f 4791 4851 4839
f 4786 4668 4767
f 4767 4668 4624
f 4767 4624 4743
f 4743 4624 4500
f 4743 4500 4666
f 4666 4500 4229
f 4666 4229 4509
f 4509 4229 4388
f 4509 4388 4658
f 4658 4388 4457
f 4658 4457 4681
f 458 609 423
f 423 609 465
f 1119 524 522
f 1119 522 1021
f 522 515 1021
f 1021 515 503
f 1021 503 824
f 824 503 495
f 824 495 483
f 510 533 554
f 510 554 493
f 689 463 471
f 493 554 471
f 471 554 576
f 471 576 689
f 1592 1119 1303
f 1303 1119 1021
f 1303 1021 1219
f 1219 1021 824
f 1219 824 609
f 609 824 483
f 609 483 465
f 1736 1592 1648
f 1648 1592 1303
f 1648 1303 1355
f 1355 1303 1219
f 1355 1219 1114
f 1114 1219 609
f 1114 609 1039
f 1039 609 458
f 1039 458 689
f 689 458 461
f 689 461 463
f 704 651 623
f 623 651 613
f 623 613 566
f 731 906 811
f 593 731 680
f 593 680 569
f 569 680 642
f 569 642 537
f 537 642 619
f 537 619 508
f 508 619 602
f 508 602 487
f 487 602 599
f 487 599 473
f 473 599 605
f 473 605 479
f 479 605 623
f 479 623 500
f 500 623 566
f 500 566 533
f 731 811 680
f 680 811 764
f 680 764 642
f 642 764 732
f 642 732 619
f 619 732 706
f 619 706 602
f 602 706 697
f 602 697 599
f 599 697 713
f 599 713 605
f 605 713 740
f 605 740 623
f 623 740 779
f 623 779 704
f 614 654 624
f 624 654 707
f 502 534 568
f 734 594 570
f 909 734 682
f 734 570 682
f 682 570 539
f 682 539 644
f 644 539 509
f 644 509 620
f 620 509 489
f 620 489 604
f 604 489 474
f 604 474 600
f 600 474 480
f 600 480 608
f 608 480 502
f 608 502 624
f 624 502 568
f 624 568 614
f 909 682 815
f 815 682 644
f 815 644 767
f 767 644 620
f 767 620 735
f 735 620 604
f 735 604 710
f 710 604 600
f 710 600 701
f 701 600 608
f 701 608 719
f 719 608 624
f 719 624 742
f 742 624 707
f 742 707 786
f 555 534 511
f 1022 825 496
f 496 504 1022
f 1022 504 516
f 1022 516 1119
f 1119 516 523
f 1119 523 524
f 459 426 610
f 610 426 466
f 610 466 825
f 825 466 484
f 825 484 496
f 472 464 736
f 472 736 494
f 494 736 579
f 494 579 511
f 511 579 575
f 511 575 555
f 1119 1592 1022
f 1022 1592 1304
f 1022 1304 825
f 825 1304 1220
f 825 1220 610
f 610 1220 788
f 610 788 459
f 459 788 736
f 459 736 462
f 462 736 464
f 1592 1736 1304
f 1304 1736 1520
f 1304 1520 1220
f 1220 1520 1382
f 1220 1382 788
f 788 1382 1234
f 788 1234 736
f 2998 2987 3220
f 3006 3246 2844
f 2844 3246 2857
f 2844 2857 2552
f 2195 2305 2319
f 2319 2305 2428
f 2319 2428 2552
f 2552 2428 2549
f 2552 2549 2844
f 2190 2188 2208
f 2208 2188 2199
f 2208 2199 2213
f 2193 2189 2192
f 2192 2189 2187
f 2192 2187 2190
f 2190 2187 2186
f 2190 2186 2188
f 2192 2195 2193
f 2193 2195 2319
f 2193 2319 2191
f 2191 2319 2212
f 2191 2212 2233
f 2233 2212 2358
f 2233 2358 2345
f 2345 2358 2600
f 2345 2600 2582
f 2582 2600 2914
f 2582 2914 2907
f 2907 2914 3007
f 3007 2914 3317
f 3007 3317 2997
f 3533 3553 3598
f 3598 3553 3611
f 3598 3611 3597
f 3597 3611 3529
f 3529 3611 3524
f 3529 3524 3518
f 3518 3524 3309
f 3309 3524 3246
f 3309 3246 3220
f 3220 3246 3006
f 3220 3006 2998
f 2988 2997 3295
f 3295 2997 3317
f 3295 3317 3310
f 3310 3317 3553
f 3310 3553 3530
f 3530 3553 3533
f 650 653 631
f 542 557 535
f 544 543 596
f 536 556 541
f 541 556 632
f 541 632 543
f 542 545 580
f 580 545 544
f 557 542 633
f 543 632 596
f 596 632 702
f 596 702 656
f 656 702 726
f 656 726 674
f 544 596 580
f 580 596 656
f 580 656 631
f 631 656 674
f 631 674 650
f 542 580 633
f 633 580 631
f 633 631 703
f 703 631 653
f 703 653 727
f 462 464 408
f 472 494 502
f 502 494 511
f 502 511 534
f 410 466 426
f 550 536 520
f 520 536 501
f 520 501 476
f 476 501 478
f 476 478 419
f 464 472 408
f 408 472 502
f 408 502 401
f 401 502 480
f 401 480 399
f 399 480 474
f 399 474 406
f 406 474 489
f 406 489 419
f 419 489 509
f 419 509 476
f 476 509 539
f 476 539 520
f 520 539 570
f 520 570 550
f 550 570 594
f 419 478 420
f 419 420 406
f 406 420 416
f 406 416 399
f 399 416 410
f 399 410 401
f 401 410 426
f 401 426 408
f 408 426 459
f 408 459 462
f 400 407 417
f 417 407 423
f 417 423 465
f 493 500 510
f 510 500 533
f 471 463 407
f 463 461 407
f 407 461 458
f 407 458 423
f 535 549 506
f 506 549 519
f 506 519 469
f 417 412 400
f 400 412 398
f 398 412 411
f 398 411 405
f 405 411 415
f 405 415 418
f 418 415 469
f 418 469 475
f 475 469 519
f 493 471 500
f 500 471 407
f 500 407 479
f 479 407 400
f 479 400 473
f 473 400 398
f 473 398 487
f 487 398 405
f 487 405 508
f 508 405 418
f 508 418 537
f 537 418 475
f 537 475 569
f 569 475 519
f 569 519 593
f 593 519 549
f 3854 4060 3840
f 3981 4217 4525
f 3501 3656 3527
f 3527 3656 3663
f 3653 3501 3045
f 3501 3653 3656
f 3656 3653 3884
f 3656 3884 3663
f 2085 2408 2570
f 2570 2408 2840
f 2570 2840 3044
f 3044 2840 3208
f 3044 3208 3500
f 3500 3208 3455
f 3500 3455 3657
f 3657 3455 3664
f 3657 3664 3784
f 2121 2569 2390
f 2390 2569 3045
f 2390 3045 2624
f 2624 3045 3501
f 2624 3501 3180
f 3180 3501 3527
f 2018 2085 2383
f 2383 2085 2570
f 2383 2570 2768
f 2768 2570 3044
f 2768 3044 3244
f 3244 3044 3500
f 3244 3500 3652
f 3652 3500 3657
f 3652 3657 3840
f 3840 3657 3784
f 3840 3784 3854
f 3045 3245 3653
f 3653 3245 3655
f 3653 3655 3980
f 3980 3655 4220
f 3980 4220 4335
f 4335 4220 4532
f 4335 4532 4748
f 4748 4532 4786
f 4748 4516 4335
f 4335 4516 4224
f 4335 4224 3980
f 3980 4224 4107
f 3980 4107 3653
f 3653 4107 3998
f 3653 3998 3884
f 4060 4217 3840
f 3840 4217 3981
f 3840 3981 3652
f 3652 3981 3514
f 3652 3514 3244
f 3244 3514 3061
f 3244 3061 2768
f 1736 2018 2121
f 2121 2018 2383
f 2121 2383 2569
f 2569 2383 2768
f 2569 2768 3045
f 3045 2768 3061
f 3045 3061 3245
f 3245 3061 3514
f 3245 3514 3655
f 3655 3514 3981
f 3655 3981 4220
f 4220 3981 4525
f 4220 4525 4532
f 4532 4525 4668
f 4532 4668 4786
f 5233 5210 5240
f 4888 4805 4881
f 5187 5186 5242
f 5186 5187 5115
f 5241 5228 5248
f 5241 5248 5260
f 5217 5255 5243
f 5243 5255 5290
f 5243 5290 5282
f 4888 4881 4972
f 4972 4881 4975
f 4972 4975 5072
f 5072 4975 5086
f 5072 5086 5130
f 5130 5086 5138
f 5130 5138 5179
f 4805 4786 4881
f 4881 4786 4887
f 4881 4887 4975
f 4975 4887 5009
f 4975 5009 5086
f 5086 5009 5092
f 5086 5092 5138
f 4852 4847 4898
f 4898 4847 4896
f 4898 4896 4942
f 4942 4896 4960
f 4942 4960 5014
f 5014 4960 5038
f 5014 5038 5075
f 5075 5038 5111
f 5075 5111 5119
f 5119 5111 5154
f 5119 5154 5160
f 5160 5154 5190
f 5160 5190 5188
f 5188 5190 5224
f 5188 5224 5221
f 5279 5271 5299
f 5299 5271 5270
f 5299 5270 5306
f 5306 5270 5276
f 5306 5276 5304
f 5304 5276 5274
f 5304 5274 5293
f 5293 5274 5268
f 5293 5268 5280
f 5280 5268 5259
f 5280 5259 5264
f 5301 5312 5309
f 5309 5312 5313
f 5309 5313 5315
f 5315 5313 5319
f 5315 5319 5318
f 5318 5319 5320
f 5318 5320 5311
f 5311 5320 5316
f 5311 5316 5292
f 5292 5316 5303
f 5301 5282 5312
f 5312 5282 5290
f 5312 5290 5286
f 5286 5290 5255
f 5286 5255 5256
f 5256 5255 5217
f 5256 5217 5242
f 5242 5217 5179
f 5242 5179 5187
f 5187 5179 5138
f 5187 5138 5115
f 5115 5138 5092
f 4862 4852 4890
f 4890 4852 4898
f 4890 4898 4918
f 4918 4898 4942
f 4918 4942 4965
f 4965 4942 5014
f 4965 5014 5026
f 5026 5014 5075
f 5026 5075 5079
f 5079 5075 5119
f 5079 5119 5103
f 5103 5119 5160
f 5103 5160 5157
f 5157 5160 5188
f 5157 5188 5210
f 5210 5188 5221
f 5210 5221 5240
f 5240 5221 5224
f 5271 5260 5270
f 5270 5260 5248
f 5270 5248 5276
f 5276 5248 5251
f 5276 5251 5274
f 5274 5251 5249
f 5274 5249 5268
f 5268 5249 5233
f 5268 5233 5259
f 5259 5233 5240
f 5259 5240 5264
f 5264 5240 5224
f 4847 4805 4896
f 4896 4805 4888
f 4896 4888 4960
f 4960 4888 4972
f 4960 4972 5038
f 5038 4972 5072
f 5038 5072 5111
f 5111 5072 5130
f 5111 5130 5154
f 5154 5130 5179
f 5154 5179 5190
f 5190 5179 5217
f 5190 5217 5224
f 5224 5217 5243
f 5224 5243 5264
f 5264 5243 5282
f 5264 5282 5280
f 5280 5282 5301
f 5280 5301 5293
f 5293 5301 5309
f 5293 5309 5304
f 5304 5309 5315
f 5304 5315 5306
f 5306 5315 5318
f 5306 5318 5299
f 5299 5318 5311
f 5299 5311 5279
f 5279 5311 5292
f 5003 4996 4929
f 4929 4996 4921
f 5225 5220 5176
f 5176 5220 5168
f 5176 5168 5107
f 5107 5168 5104
f 5107 5104 5003
f 5003 5104 5040
f 5003 5040 4996
f 5228 5225 5178
f 5178 5225 5176
f 5178 5176 5108
f 5108 5176 5107
f 5108 5107 5004
f 5004 5107 5003
f 5004 5003 4931
f 4931 5003 4929
f 5197 5208 5171
f 5171 5208 5139
f 4928 4920 5059
f 5059 4920 5050
f 5059 5050 5139
f 5139 5050 5131
f 5139 5131 5171
f 5227 5208 5226
f 5226 5208 5197
f 5226 5197 5219
f 4930 4928 5063
f 5063 4928 5059
f 5063 5059 5144
f 5144 5059 5139
f 5144 5139 5183
f 5183 5139 5208
f 5183 5208 5215
f 5215 5208 5227
f 5281 5265 5239
f 4887 4786 4804
f 5319 5313 5308
f 5308 5313 5302
f 5242 5186 5180
f 5191 5223 5244
f 5300 5303 5316
f 4943 4899 4891
f 5239 5265 5222
f 5222 5265 5223
f 5222 5223 5189
f 4959 4897 4899
f 5189 5223 5161
f 5161 5223 5191
f 5161 5191 5118
f 4889 4897 4973
f 4973 4897 4959
f 4973 4959 5073
f 5180 5129 5112
f 5112 5129 5039
f 5112 5039 5015
f 5015 5039 4943
f 5073 5087 4973
f 4973 5087 4974
f 4973 4974 4889
f 4889 4974 4880
f 5180 5186 5129
f 5129 5186 5115
f 5129 5115 5092
f 4899 4943 4959
f 4959 4943 5039
f 4959 5039 5073
f 5073 5039 5129
f 5073 5129 5087
f 5087 5129 5092
f 5087 5092 4974
f 4974 5092 5009
f 4974 5009 4880
f 5288 5296 5298
f 5298 5296 5310
f 5298 5310 5307
f 5307 5310 5317
f 5307 5317 5305
f 5305 5317 5314
f 5305 5314 5294
f 5296 5300 5310
f 5310 5300 5316
f 5310 5316 5317
f 5317 5316 5320
f 5317 5320 5314
f 5244 5223 5283
f 5283 5223 5265
f 5283 5265 5302
f 5302 5265 5281
f 5302 5281 5308
f 5227 5263 5247
f 5247 5263 5269
f 5247 5269 5252
f 5252 5269 5277
f 5252 5277 5250
f 5250 5277 5275
f 5250 5275 5232
f 5275 5267 5232
f 5232 5267 5258
f 5232 5258 5209
f 5263 5288 5269
f 5269 5288 5298
f 5269 5298 5277
f 5277 5298 5307
f 5277 5307 5275
f 5275 5307 5305
f 5275 5305 5267
f 5267 5305 5294
f 5267 5294 5258
f 4861 4891 4860
f 4860 4891 4899
f 4860 4899 4851
f 4851 4899 4897
f 4851 4897 4839
f 4839 4897 4889
f 4839 4889 4804
f 4804 4889 4880
f 4804 4880 4887
f 4887 4880 5009
f 5015 5076 5112
f 5112 5076 5155
f 5112 5155 5180
f 5180 5155 5218
f 5180 5218 5242
f 5242 5218 5254
f 5242 5254 5256
f 5256 5254 5289
f 5256 5289 5286
f 5286 5289 5312
f 5313 5312 5302
f 5302 5312 5289
f 5302 5289 5283
f 5283 5289 5254
f 5283 5254 5244
f 5244 5254 5218
f 5244 5218 5191
f 5191 5218 5155
f 5191 5155 5118
f 5118 5155 5076
f 5320 5319 5314
f 5314 5319 5308
f 5314 5308 5294
f 5294 5308 5281
f 5294 5281 5258
f 5258 5281 5239
f 5258 5239 5209
f 5209 5239 5222
f 5209 5222 5156
f 5156 5222 5189
f 5156 5189 5102
f 5102 5189 5161
f 5102 5161 5074
f 5074 5161 5118
f 5074 5118 5027
f 5027 5118 5076
f 5027 5076 4966
f 4966 5076 5015
f 4966 5015 4919
f 4919 5015 4943
f 4919 4943 4917
f 4917 4943 4891
f 522 524 492
f 522 492 515
f 412 417 503
f 465 483 417
f 417 483 495
f 417 495 503
f 503 515 412
f 412 515 492
f 412 492 488
f 412 488 467
f 545 542 528
f 528 542 535
f 528 535 506
f 505 498 497
f 497 498 467
f 497 467 490
f 490 467 488
f 544 545 505
f 505 545 528
f 505 528 498
f 498 528 506
f 506 469 498
f 498 469 415
f 498 415 467
f 467 415 411
f 467 411 412
f 524 523 492
f 492 523 516
f 504 496 410
f 410 496 484
f 410 484 466
f 516 504 492
f 492 504 410
f 492 410 488
f 488 410 468
f 488 468 490
f 501 536 541
f 501 541 529
f 410 416 468
f 468 416 420
f 468 420 499
f 499 420 478
f 499 478 529
f 529 478 501
f 541 543 529
f 529 543 544
f 529 544 499
f 499 544 505
f 499 505 468
f 468 505 497
f 468 497 490
f 3524 3611 2892
f 2892 3611 3553
f 2892 3553 3317
f 2552 2857 2892
f 2892 2857 3246
f 2892 3246 3524
f 2358 2212 2892
f 2892 2212 2319
f 2892 2319 2552
f 3317 2914 2892
f 2892 2914 2600
f 2892 2600 2358
f 5291 5297 5287
f 5236 5231 5225
f 5225 5231 5220
f 5287 5278 5291
f 5291 5278 5272
f 5291 5272 5266
f 5266 5272 5261
f 5266 5261 5236
f 5236 5261 5238
f 5236 5238 5231
f 5225 5228 5236
f 5236 5228 5241
f 5236 5241 5266
f 5266 5241 5260
f 5303 5297 5292
f 5292 5297 5291
f 5292 5291 5279
f 5279 5291 5266
f 5279 5266 5271
f 5271 5266 5260
f 5262 5226 5219
f 5285 5295 5273
f 5273 5295 5284
f 5273 5284 5257
f 5257 5284 5262
f 5257 5262 5237
f 5237 5262 5219
f 5303 5295 5297
f 5297 5295 5285
f 5297 5285 5287
f 5227 5226 5263
f 5263 5226 5262
f 5263 5262 5288
f 5288 5262 5284
f 5288 5284 5296
f 5296 5284 5295
f 5296 5295 5300
f 5300 5295 5303
f 3684 3650 3661
f 3661 3650 3649
f 3661 3674 3684
f 3684 3674 3697
f 3684 3697 3716
f 3716 3697 3717
f 3716 3717 3728
f 3728 3717 3737
f 3728 3737 3742
f 3742 3737 3744
f 3744 3737 3747
f 3744 3747 3748
f 4114 4149 3968
f 3968 4149 4120
f 3968 4120 4070
f 3850 3959 3968
f 3968 3959 4055
f 3968 4055 4114
f 3760 3726 3968
f 3968 3726 3754
f 3968 3754 3850
f 4070 3974 3968
f 3968 3974 3872
f 3968 3872 3760
f 4007 3964 3977
f 3977 3964 3943
f 3943 3879 3977
f 3977 3879 3842
f 3977 3842 3839
f 3839 3842 3819
f 3839 3819 3720
f 3720 3819 3709
f 3720 3709 3670
f 3670 3709 3660
f 3670 3660 3707
f 3707 3660 3690
f 3707 3690 3815
f 3815 3690 3802
f 3815 3802 3954
f 3954 3802 3948
f 3954 3948 4077
f 4077 3948 4064
f 4077 4064 4153
f 4153 4064 4135
f 4153 4135 4202
f 4202 4135 4184
f 4202 4184 4168
f 4168 4184 4155
f 4168 4155 4087
f 4087 4155 4081
f 4087 4081 3977
f 3977 4081 4074
f 3977 4074 4007
f 4070 4087 3974
f 3974 4087 3977
f 3974 3977 3872
f 3872 3977 3839
f 3872 3839 3760
f 3760 3839 3720
f 3760 3720 3726
f 3726 3720 3670
f 3726 3670 3754
f 3754 3670 3707
f 3754 3707 3850
f 3850 3707 3815
f 3850 3815 3959
f 3959 3815 3954
f 3959 3954 4055
f 4055 3954 4077
f 4055 4077 4114
f 4114 4077 4153
f 4114 4153 4149
f 4149 4153 4202
f 4149 4202 4120
f 4120 4202 4168
f 4120 4168 4070
f 4070 4168 4087
f 3930 3947 3955
f 4078 4075 4154
f 4154 4075 4134
f 4154 4134 4201
f 4201 4134 4183
f 4201 4183 4167
f 4167 4183 4156
f 4167 4156 4086
f 4086 4156 4080
f 4086 4080 3976
f 3976 4080 3965
f 3976 3965 3838
f 3838 3965 3818
f 3838 3818 3719
f 3719 3818 3708
f 3719 3708 3671
f 3671 3708 3659
f 3671 3659 3706
f 3706 3659 3691
f 3706 3691 3814
f 3814 3691 3801
f 3814 3801 3955
f 3955 3801 3843
f 3955 3843 3930
f 3947 3987 3955
f 3955 3987 4050
f 3955 4050 4078
f 4078 4050 4063
f 4078 4063 4075
f 4113 4150 3967
f 3967 4150 4119
f 3967 4119 4069
f 3849 3958 3967
f 3967 3958 4056
f 3967 4056 4113
f 3759 3725 3967
f 3967 3725 3753
f 3967 3753 3849
f 4069 3973 3967
f 3967 3973 3871
f 3967 3871 3759
f 4069 4086 3973
f 3973 4086 3976
f 3973 3976 3871
f 3871 3976 3838
f 3871 3838 3759
f 3759 3838 3719
f 3759 3719 3725
f 3725 3719 3671
f 3725 3671 3753
f 3753 3671 3706
f 3753 3706 3849
f 3849 3706 3814
f 3849 3814 3958
f 3958 3814 3955
f 3958 3955 4056
f 4056 3955 4078
f 4056 4078 4113
f 4113 4078 4154
f 4113 4154 4150
f 4150 4154 4201
f 4150 4201 4119
f 4119 4201 4167
f 4119 4167 4069
f 4069 4167 4086
f 4971 4969 4831
f 4268 4332 4302
f 4584 4680 4719
f 4131 4270 4240
f 4551 4608 4677
f 4766 4789 4759
f 4811 4642 4789
f 4789 4642 4747
f 4789 4747 4759
f 4671 4255 4677
f 4677 4255 4395
f 4677 4395 4551
f 4320 4219 4226
f 4226 4219 4084
f 4131 4240 3982
f 3982 4240 4226
f 3982 4226 3969
f 3969 4226 4084
f 3969 4084 3962
f 4821 4946 4783
f 4783 4946 4931
f 4537 4745 4555
f 4555 4745 4774
f 4555 4774 4582
f 4582 4774 4782
f 4582 4782 4675
f 4675 4782 4817
f 4675 4817 4766
f 4766 4817 4827
f 4766 4827 4789
f 4789 4827 4856
f 4789 4856 4811
f 4811 4856 4911
f 4811 4911 4836
f 4533 4542 4580
f 4580 4584 4533
f 4533 4584 4719
f 4533 4719 4537
f 4537 4719 4731
f 4537 4731 4745
f 3913 4061 3889
f 3889 4061 4036
f 3889 4036 3895
f 3895 4036 4031
f 3895 4031 3928
f 3928 4031 4041
f 3928 4041 3951
f 3951 4041 4073
f 3951 4073 4028
f 4028 4073 4110
f 4028 4110 4211
f 3668 3913 3679
f 3679 3913 3889
f 3679 3889 3686
f 3686 3889 3895
f 4028 3848 3951
f 3951 3848 3791
f 3951 3791 3928
f 3928 3791 3723
f 3928 3723 3895
f 3895 3723 3715
f 3895 3715 3686
f 4268 4302 4089
f 4131 4255 4270
f 4270 4255 4671
f 4270 4671 4240
f 4240 4671 4626
f 4240 4626 4226
f 4226 4626 4596
f 4226 4596 4320
f 4320 4596 4590
f 4831 4969 4821
f 4821 4969 4955
f 4821 4955 4946
f 4971 4831 4981
f 4981 4831 4844
f 4981 4844 4985
f 4911 4940 4836
f 4836 4940 4952
f 4836 4952 4844
f 4844 4952 4976
f 4844 4976 4985
f 4375 4211 4358
f 4358 4211 4110
f 4358 4110 4300
f 4300 4110 4073
f 4300 4073 4267
f 4267 4073 4041
f 4267 4041 4258
f 4258 4041 4031
f 4258 4031 4279
f 4279 4031 4036
f 4279 4036 4302
f 4302 4036 4061
f 4302 4061 4089
f 4089 4061 3913
f 4089 3913 3972
f 3972 3913 3668
f 3972 3668 3663
f 4332 4580 4302
f 4302 4580 4542
f 4302 4542 4279
f 4279 4542 4533
f 4279 4533 4258
f 4258 4533 4537
f 4258 4537 4267
f 4267 4537 4555
f 4267 4555 4300
f 4300 4555 4582
f 4300 4582 4358
f 4358 4582 4675
f 4358 4675 4375
f 4375 4675 4766
f 4375 4766 4612
f 4612 4766 4759
f 4551 4642 4608
f 4608 4642 4811
f 4608 4811 4677
f 4677 4811 4836
f 4677 4836 4671
f 4671 4836 4844
f 4671 4844 4626
f 4626 4844 4831
f 4626 4831 4596
f 4596 4831 4821
f 4596 4821 4590
f 4590 4821 4783
f 1902 1994 1888
f 1888 1994 1789
f 1888 1789 1645
f 1645 1789 1762
f 2896 2850 2860
f 2860 2874 2896
f 2896 2874 2881
f 2896 2881 2891
f 2874 2718 2881
f 2881 2718 2725
f 1463 1392 1326
f 1463 1326 1762
f 1762 1326 1310
f 1762 1310 1645
f 1645 1310 1293
f 1645 1293 1285
f 2895 2890 2880
f 2880 2873 2895
f 2895 2873 2859
f 2895 2859 2847
f 2717 2873 2724
f 2724 2873 2880
f 2713 2581 2689
f 2689 2581 2601
f 2676 2565 2566
f 2566 2565 2433
f 2566 2433 2581
f 2713 2717 2581
f 2581 2717 2724
f 2581 2724 2566
f 2566 2724 2712
f 2566 2712 2676
f 1902 2196 1994
f 1994 2196 2268
f 2601 2581 2487
f 2487 2581 2433
f 2487 2433 2268
f 2268 2433 2170
f 2268 2170 1994
f 2522 2368 2331
f 2331 2368 2197
f 2331 2197 2132
f 2132 2197 2084
f 2132 2084 1995
f 1995 2084 1903
f 2574 2623 2609
f 2609 2623 2703
f 2609 2703 2723
f 2625 2535 2546
f 2546 2535 2368
f 2546 2368 2609
f 2609 2368 2522
f 2609 2522 2574
f 2723 2725 2609
f 2609 2725 2718
f 2609 2718 2546
f 2546 2718 2698
f 2546 2698 2625
f 1995 1903 1952
f 1952 1903 1679
f 1952 1679 1763
f 1763 1679 1646
f 421 1025 300
f 299 1023 253
f 253 1023 422
f 300 266 421
f 421 266 207
f 421 207 361
f 361 207 187
f 361 187 422
f 422 187 199
f 422 199 253
f 1283 1295 1646
f 1646 1295 1325
f 1390 1462 1325
f 1325 1462 1763
f 1325 1763 1646
f 4264 4570 4597
f 4716 4812 4822
f 4822 4812 4867
f 3917 4054 3882
f 3882 4054 4002
f 3888 3687 3894
f 3894 3687 3714
f 3894 3714 3927
f 3927 3714 3724
f 3927 3724 3950
f 3950 3724 3790
f 3950 3790 4002
f 4002 3790 3874
f 4002 3874 3882
f 3880 3664 3914
f 3914 3664 3667
f 3914 3667 3888
f 3888 3667 3678
f 3888 3678 3687
f 4178 3942 4225
f 4225 3942 3963
f 4225 3963 4246
f 4121 3880 4062
f 4062 3880 3914
f 4062 3914 4037
f 4037 3914 3888
f 4037 3888 4032
f 4032 3888 3894
f 4032 3894 4040
f 4040 3894 3927
f 4040 3927 4072
f 4072 3927 3950
f 4072 3950 4109
f 4109 3950 4002
f 4109 4002 4178
f 4178 4002 4054
f 4178 4054 3942
f 3942 4054 3917
f 4581 4674 4818
f 4818 4674 4830
f 4830 4674 4765
f 4830 4765 4855
f 4855 4765 4788
f 4855 4788 4910
f 4910 4788 4810
f 4910 4810 4941
f 4941 4810 4835
f 4941 4835 4953
f 4980 4845 4970
f 4970 4845 4832
f 4970 4832 4956
f 4956 4832 4822
f 4956 4822 4947
f 4947 4822 4867
f 4947 4867 4930
f 4457 4331 4543
f 4543 4331 4303
f 4543 4303 4534
f 4534 4303 4280
f 4534 4280 4536
f 4536 4280 4257
f 4536 4257 4554
f 4554 4257 4266
f 4554 4266 4581
f 4581 4266 4299
f 4581 4299 4674
f 4674 4299 4357
f 4674 4357 4765
f 4765 4357 4502
f 4765 4502 4788
f 4788 4502 4559
f 4788 4559 4810
f 4810 4559 4607
f 4810 4607 4835
f 4835 4607 4676
f 4835 4676 4845
f 4845 4676 4673
f 4845 4673 4832
f 4832 4673 4627
f 4832 4627 4822
f 4822 4627 4597
f 4822 4597 4716
f 4716 4597 4570
f 3963 3985 4246
f 4246 3985 3990
f 4246 3990 4288
f 4288 3990 4013
f 4288 4013 4271
f 4271 4013 4005
f 4271 4005 4241
f 4241 4005 3983
f 4241 3983 4227
f 4227 3983 3970
f 4227 3970 4218
f 4218 3970 3961
f 4818 4781 4581
f 4581 4781 4773
f 4581 4773 4554
f 4554 4773 4744
f 4554 4744 4536
f 4536 4744 4730
f 4536 4730 4534
f 4534 4730 4718
f 4534 4718 4543
f 4543 4718 4681
f 4543 4681 4457
f 4980 4984 4845
f 4845 4984 4977
f 4845 4977 4835
f 4835 4977 4954
f 4835 4954 4953
f 4331 4121 4303
f 4303 4121 4062
f 4303 4062 4280
f 4280 4062 4037
f 4280 4037 4257
f 4257 4037 4032
f 4257 4032 4266
f 4266 4032 4040
f 4266 4040 4299
f 4299 4040 4072
f 4299 4072 4357
f 4357 4072 4109
f 4357 4109 4502
f 4502 4109 4178
f 4502 4178 4559
f 4559 4178 4225
f 4559 4225 4607
f 4607 4225 4246
f 4607 4246 4676
f 4676 4246 4288
f 4676 4288 4673
f 4673 4288 4271
f 4673 4271 4627
f 4627 4271 4241
f 4627 4241 4597
f 4597 4241 4227
f 4597 4227 4264
f 4264 4227 4218
f 3992 4147 4104
f 4104 4147 4318
f 4104 4318 4260
f 4260 4318 4523
f 4260 4523 4511
f 4511 4523 4733
f 4511 4733 4702
f 4702 4733 4802
f 4702 4802 4793
f 4793 4802 4849
f 4793 4849 4843
f 4843 4849 4914
f 4843 4914 4894
f 4894 4914 4961
f 4894 4961 4945
f 4945 4961 5001
f 4945 5001 4993
f 4993 5001 5024
f 4993 5024 5011
f 5011 5024 5043
f 5011 5043 5028
f 5028 5043 5060
f 5028 5060 5037
f 5037 5060 5071
f 5037 5071 5045
f 5045 5071 5061
f 5045 5061 5036
f 5036 5061 5044
f 5036 5044 5029
f 5029 5044 5025
f 5029 5025 5010
f 5010 5025 5002
f 5010 5002 4992
f 4992 5002 4962
f 4992 4962 4944
f 4944 4962 4913
f 4944 4913 4893
f 4893 4913 4848
f 4893 4848 4842
f 4842 4848 4803
f 4842 4803 4792
f 4792 4803 4732
f 4792 4732 4701
f 4701 4732 4522
f 4701 4522 4512
f 4512 4522 4317
f 4512 4317 4261
f 4261 4317 4215
f 4261 4215 4105
f 4105 4215 4148
f 4105 4148 3993
f 371 360 316
f 266 300 296
f 296 300 322
f 296 322 389
f 389 322 379
f 389 379 424
f 296 201 266
f 266 201 129
f 266 129 207
f 4 42 1
f 1 42 3
f 371 316 275
f 275 316 237
f 275 237 142
f 142 237 115
f 142 115 42
f 42 115 45
f 42 45 3
f 187 207 103
f 103 207 129
f 103 129 4
f 4 129 42
f 42 129 201
f 42 201 142
f 142 201 296
f 142 296 275
f 275 296 389
f 275 389 371
f 380 771 908
f 1348 1549 1628
f 2526 2123 2316
f 1283 1073 1148
f 491 425 414
f 491 414 688
f 1747 1770 1295
f 1295 1770 1781
f 1295 1781 1325
f 1788 2160 2241
f 2241 2160 2441
f 2241 2441 2279
f 2441 2621 2279
f 2279 2621 2668
f 2279 2668 2308
f 2308 2668 2678
f 2308 2678 2316
f 2316 2678 2682
f 2316 2682 2526
f 2526 2682 2681
f 2123 1781 2316
f 2316 1781 1770
f 2316 1770 2308
f 2308 1770 1747
f 2308 1747 2279
f 2279 1747 1687
f 2279 1687 2241
f 2241 1687 1628
f 2241 1628 1788
f 1788 1628 1549
f 1295 1283 1747
f 1747 1283 1148
f 1747 1148 1687
f 1687 1148 1038
f 1687 1038 1628
f 1628 1038 908
f 1628 908 1348
f 1348 908 771
f 359 380 363
f 363 380 908
f 363 908 383
f 383 908 1038
f 383 1038 414
f 414 1038 1148
f 414 1148 688
f 688 1148 1073
f 1285 1293 1769
f 1310 1326 1764
f 2680 2683 2315
f 2171 2240 2464
f 371 907 360
f 360 907 700
f 700 907 1319
f 1319 907 1627
f 1319 1627 1546
f 2240 2171 1627
f 1627 2171 1810
f 1627 1810 1546
f 2667 2620 2278
f 2278 2620 2464
f 2680 2315 2122
f 2122 2315 1769
f 2122 1769 1764
f 1764 1769 1293
f 1764 1293 1310
f 1147 1060 1746
f 1746 1060 1285
f 389 424 1147
f 1147 424 673
f 1147 673 1060
f 2464 2240 2278
f 2278 2240 1627
f 2278 1627 1686
f 1686 1627 907
f 1686 907 1037
f 1037 907 371
f 1037 371 389
f 1285 1769 1746
f 1746 1769 2315
f 1746 2315 2307
f 2307 2315 2683
f 2307 2683 2677
f 389 1147 1037
f 1037 1147 1746
f 1037 1746 1686
f 1686 1746 2307
f 1686 2307 2278
f 2278 2307 2677
f 2278 2677 2667
f 4784 4759 4746
f 4746 4759 4747
f 4746 4747 4687
f 4687 4747 4642
f 4687 4642 4633
f 4633 4642 4548
f 4548 4642 4551
f 4548 4551 4393
f 4551 4395 4393
f 4393 4395 4255
f 4393 4255 4230
f 4230 4255 4131
f 4230 4131 3982
f 4612 4759 4784
f 3848 4028 4253
f 4253 4028 4211
f 4253 4211 4784
f 4784 4211 4375
f 4784 4375 4612
f 4278 4237 4117
f 3796 3925 3971
f 3971 3925 4020
f 3971 4020 4160
f 4160 4020 4117
f 4160 4117 4208
f 4208 4117 4237
f 3763 3765 3796
f 3796 3765 3821
f 3796 3821 3925
f 3925 3821 3993
f 3925 3993 4020
f 4020 3993 4148
f 4020 4148 4117
f 4117 4148 4215
f 4117 4215 4278
f 4278 4215 4317
f 4900 4967 4937
f 4875 4868 4753
f 4753 4868 4877
f 4753 4877 4663
f 4875 4753 4892
f 4892 4753 4776
f 4892 4776 4912
f 4912 4776 4798
f 4912 4798 4937
f 4937 4798 4819
f 4937 4819 4900
f 4377 4160 4208
f 4663 4377 4501
f 4377 4208 4501
f 4501 4208 4237
f 4501 4237 4547
f 4547 4237 4278
f 4547 4278 4606
f 4606 4278 4317
f 4606 4317 4672
f 4663 4501 4753
f 4753 4501 4547
f 4753 4547 4776
f 4776 4547 4606
f 4776 4606 4798
f 4798 4606 4672
f 4798 4672 4819
f 4100 3926 3811
f 3811 3926 3855
f 3811 3855 3762
f 4068 4362 4909
f 4909 4362 4613
f 4909 4613 4938
f 4068 4909 3811
f 3811 4909 4876
f 3811 4876 4664
f 4664 4376 3811
f 3811 4376 4159
f 3811 4159 4100
f 4901 4820 4799
f 4968 4901 4932
f 4932 4901 4799
f 4932 4799 4907
f 4907 4799 4886
f 4871 4874 4754
f 4754 4874 4886
f 4754 4886 4777
f 4777 4886 4799
f 4876 4871 4664
f 4664 4871 4754
f 4664 4754 4376
f 4159 4376 4498
f 4376 4754 4498
f 4498 4754 4777
f 4498 4777 4546
f 4546 4777 4799
f 4546 4799 4605
f 4605 4799 4820
f 4605 4820 4670
f 4159 4498 4207
f 4207 4498 4546
f 4207 4546 4236
f 4236 4546 4605
f 4236 4605 4277
f 4277 4605 4670
f 4277 4670 4318
f 4057 4147 3992
f 3878 3924 3986
f 3855 3924 3762
f 3762 3924 3878
f 3762 3878 3766
f 4057 3992 4019
f 4100 4159 4207
f 3992 3986 4019
f 4019 3986 3924
f 4019 3924 3926
f 3926 3924 3855
f 4318 4147 4277
f 4277 4147 4057
f 4277 4057 4236
f 4236 4057 4019
f 4236 4019 4207
f 4207 4019 3926
f 4207 3926 4100
f 1761 1547 1546
f 3025 3024 2798
f 3227 3100 3101
f 2464 2620 2758
f 2758 2620 2782
f 2758 2782 2798
f 2798 2782 2799
f 2798 2799 3025
f 3025 2799 3066
f 3025 3066 3075
f 3075 3066 3198
f 3075 3198 3101
f 3101 3198 3224
f 3101 3224 3227
f 2758 2573 2464
f 2464 2573 2455
f 2464 2455 2171
f 2171 2455 2409
f 2171 2409 1810
f 1810 2409 2106
f 1810 2106 1546
f 1546 2106 1812
f 1546 1812 1761
f 581 237 880
f 880 237 316
f 880 316 960
f 960 316 360
f 960 360 1352
f 1352 360 700
f 1352 700 1547
f 1547 700 1319
f 1547 1319 1546
f 581 381 237
f 237 381 365
f 237 365 350
f 350 317 237
f 237 317 312
f 237 312 236
f 236 312 313
f 236 313 323
f 323 364 236
f 236 364 372
f 236 372 277
f 277 372 546
f 277 546 359
f 359 546 882
f 359 882 380
f 380 882 1312
f 380 1312 771
f 771 1312 1551
f 1662 1549 1551
f 1551 1549 1348
f 1551 1348 771
f 1662 1814 1549
f 1549 1814 2038
f 1549 2038 1788
f 1788 2038 2364
f 1788 2364 2160
f 2160 2364 2441
f 3225 3226 3170
f 3170 3226 3074
f 3170 3074 2994
f 2994 3074 2821
f 2994 2821 2797
f 2797 2821 2685
f 2797 2685 2744
f 2744 2685 2621
f 2744 2621 2560
f 2560 2621 2441
f 2560 2441 2453
f 2453 2441 2364
f 1463 1395 1392
f 1682 1516 1762
f 1762 1516 1452
f 1762 1452 1463
f 1463 1452 1435
f 1463 1435 1395
f 1682 1762 1868
f 1868 1762 1789
f 1868 1789 1917
f 2381 2370 1994
f 1994 2370 2230
f 1994 2230 1789
f 1789 2230 2061
f 1789 2061 1917
f 2170 2727 2664
f 2170 2664 1994
f 1994 2664 2427
f 1994 2427 2381
f 2890 2895 2565
f 2565 2895 2727
f 2565 2727 2433
f 2433 2727 2170
f 2724 2880 2712
f 2712 2880 2890
f 2712 2890 2676
f 2676 2890 2565
f 1388 1394 1397
f 2094 2248 2380
f 2380 2606 2132
f 1918 2094 1952
f 1952 2094 2380
f 1952 2380 1995
f 1995 2380 2132
f 1544 1661 1763
f 1763 1661 1737
f 1763 1737 1952
f 1952 1737 1886
f 1952 1886 1918
f 1390 1388 1462
f 1462 1388 1397
f 1462 1397 1763
f 1763 1397 1442
f 1763 1442 1544
f 2606 2679 2132
f 2132 2679 2726
f 2132 2726 2331
f 2331 2726 2522
f 2703 2891 2723
f 2723 2891 2881
f 2723 2881 2725
f 2726 2834 2522
f 2522 2834 2896
f 2522 2896 2574
f 2574 2896 2891
f 2574 2891 2623
f 2623 2891 2703
f 130 43 143
f 4 43 103
f 103 43 130
f 103 130 187
f 202 253 199
f 253 202 299
f 299 202 297
f 299 297 314
f 414 425 357
f 314 297 357
f 357 297 383
f 357 383 414
f 363 276 359
f 359 276 277
f 277 276 236
f 236 276 143
f 236 143 116
f 116 143 44
f 44 143 43
f 44 43 2
f 2 43 4
f 2 4 1
f 363 383 276
f 276 383 297
f 276 297 143
f 143 297 202
f 143 202 130
f 130 202 199
f 130 199 187
f 1392 1395 1398
f 1398 1395 1404
f 236 116 237
f 237 116 44
f 237 44 115
f 115 44 45
f 45 44 3
f 3 44 2
f 3 2 1
f 2402 2437 2338
f 2237 2402 1937
f 1937 2402 2338
f 1937 2338 1831
f 2081 1901 2338
f 2338 1901 1875
f 2338 1875 1608
f 1608 1663 2338
f 2338 1663 1705
f 2338 1705 1831
f 2010 1794 1825
f 1988 1744 1735
f 1735 1744 1472
f 1946 1969 1735
f 1735 1969 1975
f 1735 1975 1988
f 1987 1972 1758
f 1853 1875 1901
f 2010 1825 2042
f 2042 1825 1853
f 2042 1853 2057
f 2057 1853 1901
f 2057 1901 2081
f 1794 1572 1825
f 1825 1572 1593
f 1825 1593 1853
f 1853 1593 1608
f 1853 1608 1875
f 1499 1525 1794
f 1794 1525 1534
f 1794 1534 1572
f 2010 1987 1794
f 1794 1987 1758
f 1794 1758 1499
f 1499 1758 1727
f 1499 1727 1494
f 1494 1727 1487
f 1487 1727 1720
f 1487 1720 1477
f 1972 1953 1758
f 1758 1953 1942
f 1758 1942 1727
f 1727 1942 1946
f 1727 1946 1720
f 1720 1946 1735
f 1720 1735 1477
f 1477 1735 1472
f 819 786 1253
f 1740 1398 1404
f 1404 1431 1740
f 1740 1431 1640
f 1740 1640 2219
f 1398 1740 1392
f 1392 1740 1764
f 1392 1764 1326
f 748 614 568
f 575 748 555
f 555 748 568
f 555 568 534
f 614 748 654
f 654 748 1232
f 654 1232 707
f 819 1253 826
f 826 1253 1053
f 826 1053 931
f 1708 1712 1187
f 1187 1712 1370
f 1187 1370 1359
f 1359 1370 1500
f 1359 1500 1380
f 1380 1500 1665
f 2037 2052 2277
f 2277 2052 2076
f 2277 2076 2143
f 2143 2076 1729
f 2143 1729 2050
f 1431 1472 1640
f 1640 1472 1744
f 1640 1744 2219
f 2219 1744 1988
f 2219 1988 2211
f 2211 1988 2037
f 1729 1713 2050
f 2050 1713 1665
f 2050 1665 1880
f 1880 1665 1500
f 1880 1500 1855
f 1855 1500 1370
f 1855 1370 1791
f 1791 1370 1712
f 707 1232 786
f 786 1232 1498
f 786 1498 1253
f 1253 1498 1714
f 1253 1714 1817
f 1187 962 1708
f 1708 962 931
f 1708 931 1689
f 1689 931 1053
f 1689 1053 1749
f 1749 1053 1253
f 1749 1253 1766
f 1766 1253 1817
f 2680 2122 2672
f 2672 2122 2295
f 2672 2295 2661
f 2661 2295 2445
f 2661 2445 2607
f 2607 2445 2317
f 2607 2317 2541
f 2277 2541 2037
f 2037 2541 2317
f 2037 2317 2211
f 2211 2317 2445
f 2211 2445 2219
f 2219 2445 2295
f 2219 2295 1740
f 1740 2295 2122
f 1740 2122 1764
f 1593 1572 1539
f 1452 1431 1435
f 1435 1431 1404
f 1435 1404 1395
f 1477 1472 1488
f 1487 1477 1494
f 1494 1477 1488
f 1494 1488 1499
f 1516 1663 1608
f 1572 1534 1539
f 1539 1534 1525
f 1539 1525 1499
f 1472 1431 1488
f 1488 1431 1452
f 1488 1452 1499
f 1499 1452 1516
f 1499 1516 1539
f 1539 1516 1608
f 1539 1608 1593
f 1663 1516 1705
f 1705 1516 1682
f 1705 1682 1831
f 1831 1682 1868
f 1831 1868 1937
f 1868 1917 1937
f 1937 1917 2061
f 1937 2061 2237
f 2237 2061 2230
f 2237 2230 2402
f 2402 2230 2370
f 2402 2370 2381
f 1388 1391 1394
f 1394 1391 1399
f 1394 1399 1403
f 1765 1816 1515
f 2526 2681 2673
f 554 533 566
f 1371 1790 1707
f 1276 1501 1371
f 1501 1276 1604
f 2073 2047 2276
f 2036 2209 2318
f 2209 2036 1985
f 2220 1985 1743
f 2276 2047 2542
f 2073 2276 1967
f 1967 2276 2049
f 1967 2049 1709
f 1707 1075 1371
f 1371 1075 1212
f 1371 1212 1276
f 1688 952 1707
f 1707 952 959
f 1707 959 1075
f 887 1054 816
f 816 1054 1254
f 816 1254 779
f 576 554 617
f 617 554 566
f 617 566 758
f 758 566 613
f 758 613 1231
f 1231 613 651
f 2526 2673 2123
f 2123 1741 1781
f 1781 1741 1390
f 1781 1390 1325
f 1447 1403 1741
f 1388 1390 1391
f 1391 1390 1741
f 1391 1741 1399
f 1399 1741 1403
f 887 952 1054
f 1054 952 1688
f 1054 1688 1254
f 1254 1688 1748
f 1790 1371 1854
f 1854 1371 1501
f 1854 1501 2049
f 2049 1501 1604
f 2049 1604 1709
f 2123 2296 1741
f 1741 2296 1639
f 1741 1639 1447
f 1447 1639 1473
f 1985 2220 2209
f 2209 2220 2444
f 2209 2444 2318
f 2123 2673 2296
f 2296 2673 2662
f 2296 2662 2608
f 2047 2036 2542
f 2542 2036 2318
f 2542 2318 2608
f 2608 2318 2444
f 2608 2444 2296
f 2296 2444 2220
f 2296 2220 1639
f 1639 2220 1743
f 1639 1743 1473
f 1748 1765 1254
f 1254 1765 1515
f 1254 1515 779
f 779 1515 1231
f 779 1231 704
f 704 1231 651
f 1900 1873 1851
f 1851 1873 1609
f 1968 1943 1718
f 1718 1943 1940
f 1718 1940 1726
f 1726 1940 1964
f 1726 1964 1757
f 1757 1964 1984
f 1757 1984 1792
f 1792 1984 2027
f 1792 2027 1823
f 1823 2027 2058
f 1823 2058 1851
f 1851 2058 2080
f 1851 2080 1900
f 1985 1974 1743
f 1743 1974 1734
f 1743 1734 1473
f 1473 1734 1479
f 1823 1536 1792
f 1792 1536 1509
f 1792 1509 1757
f 1757 1509 1491
f 1757 1491 1726
f 1726 1491 1479
f 1726 1479 1718
f 1718 1479 1734
f 1718 1734 1968
f 1968 1734 1974
f 1609 1594 1851
f 1851 1594 1590
f 1851 1590 1823
f 1823 1590 1570
f 1823 1570 1536
f 1706 1609 1873
f 1834 1779 2337
f 2337 1779 1706
f 1706 1873 2337
f 2337 1873 1900
f 2337 1900 2080
f 1397 1394 1403
f 1544 1442 1491
f 1737 1661 1834
f 1737 1834 1886
f 1570 1590 1533
f 1491 1509 1533
f 1533 1509 1536
f 1533 1536 1570
f 1590 1594 1533
f 1533 1594 1609
f 1533 1609 1706
f 1491 1533 1544
f 1544 1533 1706
f 1544 1706 1661
f 1661 1706 1779
f 1661 1779 1834
f 1397 1403 1442
f 1442 1403 1447
f 1442 1447 1491
f 1491 1447 1473
f 1491 1473 1479
f 1886 1834 1918
f 1918 1834 1938
f 1918 1938 2094
f 2094 1938 2238
f 2094 2238 2248
f 2248 2238 2403
f 2248 2403 2380
f 4314 4588 4575
f 3957 4082 3945
f 3945 4082 3892
f 3945 3892 3822
f 3559 3577 3662
f 3662 3577 3641
f 3662 3641 3890
f 3641 3822 3890
f 3890 3822 3892
f 3890 3892 4023
f 4023 3892 4082
f 4023 4082 4079
f 4079 4082 4309
f 4575 4588 4772
f 4772 4588 4780
f 4772 4780 4859
f 4859 4780 4929
f 4859 4929 4921
f 4575 4309 4314
f 4314 4309 4082
f 4314 4082 4084
f 4084 4082 3957
f 4084 3957 3962
f 4931 4929 4783
f 4783 4929 4780
f 4783 4780 4590
f 4590 4780 4588
f 4590 4588 4320
f 4320 4588 4314
f 4320 4314 4219
f 4219 4314 4084
f 3560 3949 3578
f 3578 3949 3640
f 4259 4218 3953
f 3953 4218 3961
f 3953 3961 3749
f 4865 4920 4928
f 4688 4865 4866
f 4549 4712 4249
f 4249 4712 4259
f 4249 4259 4024
f 4024 4259 3953
f 4024 3953 3949
f 3949 3953 3749
f 3949 3749 3640
f 4865 4928 4866
f 4866 4928 4930
f 4866 4930 4867
f 4867 4812 4866
f 4866 4812 4712
f 4866 4712 4688
f 4688 4712 4549
f 4812 4716 4712
f 4712 4716 4570
f 4712 4570 4259
f 4259 4570 4264
f 4259 4264 4218
f 2672 2661 2921
f 3663 3636 3624
f 4230 4090 4097
f 3198 3066 2915
f 2620 2667 2782
f 2782 2667 2799
f 3198 2915 3224
f 3523 3504 3287
f 3523 3287 3559
f 3588 3577 3559
f 3504 3460 3287
f 3287 3460 3383
f 3287 3383 3308
f 3308 3283 3287
f 3287 3283 3272
f 3287 3272 2915
f 2915 3272 3254
f 2915 3254 3224
f 3969 3962 3813
f 3813 3962 3957
f 3957 3945 3813
f 3813 3945 3822
f 3813 3822 3641
f 3982 3969 3833
f 3833 3969 3813
f 3833 3813 3588
f 3588 3813 3641
f 3588 3641 3577
f 4230 4097 4393
f 4293 4633 4323
f 4323 4633 4548
f 4323 4548 4337
f 4687 4616 4746
f 4746 4616 4553
f 4746 4553 4784
f 4784 4553 4253
f 3848 3787 3791
f 3791 3787 3743
f 3791 3743 3723
f 3723 3743 3694
f 3723 3694 3715
f 3715 3694 3651
f 3715 3651 3686
f 3686 3651 3642
f 3686 3642 3679
f 3636 3663 3642
f 3642 3663 3668
f 3642 3668 3679
f 4687 4633 4616
f 4616 4633 4293
f 4616 4293 4553
f 4553 4293 4233
f 4553 4233 4253
f 4548 4393 4337
f 4337 4393 4097
f 4337 4097 4323
f 4323 4097 4085
f 4323 4085 4293
f 4293 4085 4053
f 4293 4053 4233
f 4233 4053 4001
f 4233 4001 4253
f 4253 4001 3848
f 3586 3545 3823
f 3586 3617 3301
f 2921 2882 3269
f 2921 2661 2882
f 2882 2661 2607
f 2882 2607 2541
f 3823 3545 3777
f 3777 3545 3481
f 3777 3481 3711
f 2862 3456 3013
f 3013 3456 3505
f 3013 3505 3104
f 3104 3505 3565
f 3104 3565 3157
f 3157 3565 3616
f 3157 3616 3217
f 3217 3616 3638
f 3217 3638 3304
f 3304 3638 3669
f 3304 3669 3386
f 3386 3669 3711
f 3386 3711 3446
f 3446 3711 3481
f 3200 2788 3118
f 3118 2788 2705
f 3118 2705 3037
f 3037 2705 2567
f 3037 2567 2900
f 2900 2567 2520
f 2900 2520 2839
f 2839 2520 2448
f 2839 2448 2778
f 2778 2448 2401
f 2778 2401 2748
f 2200 2074 2334
f 2334 2517 2200
f 2200 2517 2557
f 2200 2557 2246
f 2246 2557 2663
f 2246 2663 2284
f 2284 2663 2704
f 2284 2704 2339
f 1855 1791 2401
f 2401 1791 2339
f 2401 2339 2748
f 2748 2339 2704
f 2529 2732 2862
f 1855 2401 1880
f 1880 2401 2448
f 1880 2448 2050
f 2050 2448 2520
f 2050 2520 2143
f 2143 2520 2567
f 2143 2567 2277
f 2277 2567 2705
f 2277 2705 2541
f 2541 2705 2788
f 2541 2788 2882
f 2882 2788 3200
f 2882 3200 3269
f 3559 3287 3588
f 3588 3287 3607
f 3588 3607 3833
f 3833 3607 3869
f 3833 3869 3982
f 2976 3018 3305
f 2683 3018 2677
f 2677 3018 2976
f 2677 2976 2667
f 3617 3305 3301
f 3301 3305 3018
f 3301 3018 3011
f 3011 3018 2683
f 3011 2683 2680
f 3823 3864 3586
f 3586 3864 3869
f 3586 3869 3617
f 3617 3869 3607
f 3617 3607 3305
f 3305 3607 3287
f 3305 3287 2976
f 2976 3287 2915
f 2976 2915 2667
f 2667 2915 3066
f 2667 3066 2799
f 1817 2074 1766
f 1766 2074 2200
f 1766 2200 1749
f 1749 2200 2246
f 1749 2246 1689
f 1689 2246 2284
f 1689 2284 1708
f 1708 2284 2339
f 1708 2339 1712
f 1712 2339 1791
f 2732 2764 2862
f 2862 2764 3057
f 2862 3057 3456
f 3456 3057 3214
f 3456 3214 3387
f 4230 3982 4090
f 4090 3982 3869
f 4090 3869 4097
f 4097 3869 3864
f 4097 3864 4085
f 4085 3864 3823
f 4085 3823 4053
f 4053 3823 3777
f 4053 3777 4001
f 4001 3777 3711
f 4001 3711 3848
f 3848 3711 3669
f 3848 3669 3787
f 3787 3669 3638
f 3787 3638 3743
f 3743 3638 3616
f 3743 3616 3694
f 3694 3616 3565
f 3694 3565 3651
f 3651 3565 3505
f 3651 3505 3642
f 3642 3505 3456
f 3642 3456 3636
f 3636 3456 3387
f 3636 3387 3624
f 2680 2672 3011
f 3011 2672 2921
f 3011 2921 3301
f 3301 2921 3269
f 3301 3269 3586
f 3586 3269 3200
f 3586 3200 3545
f 3545 3200 3118
f 3545 3118 3481
f 3481 3118 3037
f 3481 3037 3446
f 3446 3037 2900
f 3446 2900 3386
f 3386 2900 2839
f 3386 2839 3304
f 3304 2839 2778
f 3304 2778 3217
f 3217 2778 2748
f 3217 2748 3157
f 3157 2748 2704
f 3157 2704 3104
f 3104 2704 2663
f 3104 2663 3013
f 3013 2663 2557
f 3013 2557 2862
f 2862 2557 2517
f 2862 2517 2529
f 2529 2517 2334
f 3494 3491 3532
f 3949 3560 3771
f 3771 3560 3522
f 3771 3522 3532
f 3532 3522 3503
f 3532 3503 3494
f 3949 3771 4024
f 4024 3771 4003
f 4024 4003 4249
f 4249 4003 4205
f 4249 4205 4549
f 4549 4205 4445
f 4549 4445 4688
f 4688 4445 4703
f 4688 4703 4865
f 4865 4703 4808
f 4865 4808 4920
f 4920 4808 4873
f 4920 4873 5050
f 5050 4873 4958
f 5050 4958 5131
f 5131 4958 5017
f 5131 5017 5171
f 5171 5017 5085
f 5171 5085 5197
f 5197 5085 5114
f 5197 5114 5219
f 5219 5114 5237
f 5237 5114 5143
f 5237 5143 5257
f 5257 5143 5169
f 5257 5169 5273
f 5273 5169 5181
f 5273 5181 5285
f 5285 5181 5192
f 5285 5192 5287
f 5287 5192 5196
f 5287 5196 5278
f 5278 5196 5193
f 5278 5193 5272
f 5272 5193 5182
f 5272 5182 5261
f 5261 5182 5170
f 5261 5170 5238
f 5238 5170 5142
f 5238 5142 5231
f 5231 5142 5113
f 5231 5113 5220
f 5220 5113 5168
f 5168 5113 5084
f 5168 5084 5104
f 5104 5084 5016
f 5104 5016 5040
f 5040 5016 4957
f 5040 4957 4996
f 4996 4957 4872
f 4996 4872 4921
f 4921 4872 4809
f 4921 4809 4859
f 4859 4809 4772
f 4772 4809 4704
f 4772 4704 4575
f 4575 4704 4446
f 4575 4446 4309
f 4309 4446 4204
f 4309 4204 4079
f 4079 4204 4004
f 4079 4004 4023
f 4023 4004 3890
f 3890 4004 3770
f 3890 3770 3662
f 3559 3662 3523
f 3523 3662 3770
f 3523 3770 3504
f 3504 3770 3531
f 3504 3531 3495
f 3495 3531 3492
f 3483 3475 3563
f 3488 3487 3548
f 3488 3548 3491
f 3484 3486 3547
f 3547 3486 3489
f 3491 3548 3532
f 3532 3548 3768
f 3532 3768 3771
f 3771 3768 3999
f 3771 3999 4003
f 4003 3999 4181
f 4003 4181 4205
f 4205 4181 4379
f 4205 4379 4445
f 4445 4379 4650
f 4445 4650 4703
f 4703 4650 4794
f 4703 4794 4808
f 4808 4794 4853
f 4808 4853 4873
f 4873 4853 4935
f 4873 4935 4958
f 4958 4935 4997
f 4958 4997 5017
f 5017 4997 5047
f 5017 5047 5085
f 5085 5047 5101
f 5085 5101 5114
f 5114 5101 5125
f 5114 5125 5143
f 5143 5125 5147
f 5143 5147 5169
f 5169 5147 5164
f 5169 5164 5181
f 5181 5164 5174
f 5181 5174 5192
f 5192 5174 5177
f 5192 5177 5196
f 5196 5177 5175
f 5196 5175 5193
f 5193 5175 5165
f 5193 5165 5182
f 5182 5165 5148
f 5182 5148 5170
f 5170 5148 5126
f 5170 5126 5142
f 5142 5126 5100
f 5142 5100 5113
f 5113 5100 5046
f 5113 5046 5084
f 5084 5046 4998
f 5084 4998 5016
f 5016 4998 4936
f 5016 4936 4957
f 4957 4936 4854
f 4957 4854 4872
f 4872 4854 4795
f 4872 4795 4809
f 4809 4795 4649
f 4809 4649 4704
f 4704 4649 4380
f 4704 4380 4446
f 4446 4380 4182
f 4446 4182 4204
f 4204 4182 4000
f 4204 4000 4004
f 4004 4000 3769
f 4004 3769 3770
f 3770 3769 3547
f 3770 3547 3531
f 3531 3547 3489
f 3531 3489 3492
f 3562 3478 3484
f 3484 3547 3562
f 3562 3547 3769
f 3562 3769 3772
f 3772 3769 4000
f 3772 4000 3989
f 3989 4000 4182
f 3989 4182 4170
f 4170 4182 4380
f 4170 4380 4349
f 4349 4380 4649
f 4349 4649 4601
f 4601 4649 4795
f 4601 4795 4779
f 4779 4795 4854
f 4779 4854 4838
f 4838 4854 4936
f 4838 4936 4905
f 4905 4936 4998
f 4905 4998 4987
f 4987 4998 5046
f 4987 5046 5023
f 5023 5046 5100
f 5023 5100 5066
f 5066 5100 5126
f 5066 5126 5106
f 5106 5126 5148
f 5106 5148 5121
f 5121 5148 5165
f 5121 5165 5133
f 5133 5165 5175
f 5133 5175 5146
f 5146 5175 5177
f 5146 5177 5153
f 5153 5177 5174
f 5153 5174 5145
f 5145 5174 5164
f 5145 5164 5132
f 5132 5164 5147
f 5132 5147 5122
f 5122 5147 5125
f 5122 5125 5105
f 5105 5125 5101
f 5105 5101 5067
f 5067 5101 5047
f 5067 5047 5022
f 5022 5047 4997
f 5022 4997 4986
f 4986 4997 4935
f 4986 4935 4904
f 4904 4935 4853
f 4904 4853 4837
f 4837 4853 4794
f 4837 4794 4778
f 4778 4794 4650
f 4778 4650 4602
f 4602 4650 4379
f 4602 4379 4348
f 4348 4379 4181
f 4348 4181 4169
f 4169 4181 3999
f 4169 3999 3988
f 3988 3999 3768
f 3988 3768 3773
f 3773 3768 3548
f 3773 3548 3563
f 3563 3548 3487
f 3563 3487 3483
f 3772 3821 3765
f 3772 3765 3562
f 3562 3765 3477
f 3562 3477 3478
f 3475 3476 3563
f 3563 3476 3766
f 3563 3766 3773
f 3773 3766 3878
f 3773 3878 3988
f 4945 5022 4894
f 4894 5022 4986
f 4894 4986 4843
f 4843 4986 4904
f 4843 4904 4793
f 4793 4904 4837
f 4793 4837 4702
f 4702 4837 4778
f 4702 4778 4511
f 4511 4778 4602
f 4511 4602 4260
f 4260 4602 4348
f 4260 4348 4104
f 4104 4348 4169
f 4104 4169 3992
f 3992 4169 3988
f 3992 3988 3986
f 3986 3988 3878
f 4893 5023 4944
f 4944 5023 5066
f 4944 5066 4992
f 4992 5066 5106
f 4992 5106 5010
f 5010 5106 5121
f 5010 5121 5029
f 5029 5121 5133
f 5029 5133 5036
f 5036 5133 5146
f 5036 5146 5045
f 5045 5146 5153
f 5045 5153 5037
f 5037 5153 5145
f 5037 5145 5028
f 5028 5145 5132
f 5028 5132 5011
f 5011 5132 5122
f 5011 5122 4993
f 4993 5122 5105
f 4993 5105 4945
f 4945 5105 5067
f 4945 5067 5022
f 3821 3772 3993
f 3993 3772 3989
f 3993 3989 4105
f 4105 3989 4170
f 4105 4170 4261
f 4261 4170 4349
f 4261 4349 4512
f 4512 4349 4601
f 4512 4601 4701
f 4701 4601 4779
f 4701 4779 4792
f 4792 4779 4838
f 4792 4838 4842
f 4842 4838 4905
f 4842 4905 4893
f 4893 4905 4987
f 4893 4987 5023
f 3428 3478 3477
f 3262 3264 3270
f 3270 3264 3284
f 3477 3391 3428
f 3428 3391 3352
f 3428 3352 3349
f 3349 3352 3306
f 3349 3306 3284
f 3284 3306 3286
f 3284 3286 3270
f 3463 3492 3489
f 3406 3438 3434
f 3284 3264 3268
f 3486 3484 3426
f 3431 3362 3434
f 3434 3362 3366
f 3268 3274 3290
f 3290 3274 3289
f 3268 3290 3284
f 3284 3290 3357
f 3284 3357 3349
f 3349 3357 3426
f 3349 3426 3428
f 3428 3426 3484
f 3428 3484 3478
f 3486 3431 3489
f 3489 3431 3434
f 3489 3434 3463
f 3463 3434 3438
f 3406 3434 3376
f 3376 3434 3366
f 3376 3366 3341
f 3486 3426 3431
f 3431 3426 3357
f 3431 3357 3362
f 3362 3357 3290
f 3362 3290 3366
f 3366 3290 3289
f 3366 3289 3341
f 3293 3308 3383
f 3283 3308 3280
f 3280 3308 3293
f 3280 3293 3274
f 3495 3492 3463
f 3504 3495 3468
f 3468 3495 3463
f 3468 3463 3410
f 3463 3438 3410
f 3410 3438 3406
f 3410 3406 3355
f 3406 3376 3355
f 3355 3376 3341
f 3355 3341 3289
f 3504 3468 3460
f 3460 3468 3410
f 3460 3410 3383
f 3383 3410 3355
f 3383 3355 3293
f 3293 3355 3289
f 3293 3289 3274
f 3285 3263 3265
f 3476 3475 3459
f 3459 3475 3427
f 3265 3292 3285
f 3285 3292 3351
f 3285 3351 3350
f 3350 3351 3381
f 3350 3381 3427
f 3427 3381 3429
f 3427 3429 3459
f 3342 3288 3367
f 3358 3350 3427
f 3288 3275 3267
f 3358 3427 3425
f 3425 3427 3475
f 3425 3475 3483
f 3263 3285 3291
f 3487 3488 3433
f 3433 3488 3491
f 3433 3491 3464
f 3487 3433 3432
f 3432 3433 3367
f 3432 3367 3361
f 3361 3367 3288
f 3361 3288 3291
f 3291 3288 3267
f 3291 3267 3263
f 3464 3439 3433
f 3433 3439 3405
f 3433 3405 3367
f 3367 3405 3375
f 3367 3375 3342
f 3285 3350 3291
f 3291 3350 3358
f 3291 3358 3361
f 3361 3358 3425
f 3361 3425 3432
f 3432 3425 3483
f 3432 3483 3487
f 3282 3281 3294
f 3282 3294 3296
f 3296 3294 3356
f 3296 3356 3378
f 3378 3356 3409
f 3378 3409 3413
f 3413 3409 3467
f 3413 3467 3453
f 3464 3491 3467
f 3467 3491 3494
f 3467 3494 3453
f 3453 3494 3503
f 3464 3467 3439
f 3439 3467 3409
f 3439 3409 3405
f 3405 3409 3375
f 3375 3409 3356
f 3375 3356 3342
f 3342 3356 3294
f 3342 3294 3288
f 3288 3294 3281
f 3288 3281 3275
f 3255 3265 3256
f 3256 3265 3263
f 3263 3267 3256
f 3256 3267 3275
f 3256 3275 3271
f 3271 3275 3281
f 3271 3281 3282
f 3983 4005 3710
f 3124 2747 2528
f 2001 2007 2323
f 2344 2426 2622
f 2622 2426 2752
f 2622 2752 2838
f 3640 3749 3673
f 2821 3074 3040
f 3040 3074 3226
f 3040 3226 3256
f 2668 2621 2685
f 3749 3961 3673
f 3673 3961 3970
f 3673 3970 3688
f 3378 3413 3418
f 3418 3413 3453
f 3418 3453 3503
f 3503 3522 3418
f 3418 3522 3560
f 3418 3560 3578
f 3256 3271 3040
f 3040 3271 3282
f 3040 3282 3054
f 3054 3282 3296
f 2028 2083 2420
f 1688 2007 1748
f 1748 2007 2001
f 1748 2001 1765
f 1765 2001 1816
f 3416 3364 2846
f 2846 3364 3223
f 2243 2344 2561
f 2561 2344 2622
f 2561 2622 3094
f 3094 2622 2838
f 3320 2684 2754
f 2754 2684 2259
f 2754 2259 2323
f 2323 2259 2001
f 2001 2259 1914
f 2001 1914 1816
f 3693 3658 3223
f 3223 3364 3693
f 3693 3364 3416
f 3693 3416 3710
f 3710 4005 3693
f 3693 4005 4013
f 3693 4013 3658
f 3658 4013 3990
f 3658 3990 3985
f 2028 2420 2367
f 2367 2420 2875
f 2367 2875 2796
f 2796 2875 3479
f 2796 3479 3422
f 2243 2561 2518
f 2518 2561 3094
f 2518 3094 3059
f 3059 3094 3599
f 3059 3599 3569
f 3569 3599 3917
f 3569 3917 3882
f 3630 3963 3942
f 2752 3039 2838
f 2838 3039 3129
f 2838 3129 3094
f 3094 3129 3630
f 3094 3630 3599
f 3599 3630 3942
f 3599 3942 3917
f 3620 3422 3644
f 3644 3422 3479
f 3644 3479 3520
f 3520 3479 2875
f 3520 2875 2961
f 2961 2875 2420
f 2961 2420 2457
f 2457 2420 2083
f 2457 2083 2156
f 3515 3473 3124
f 3620 3320 3422
f 3422 3320 2754
f 3422 2754 2796
f 2796 2754 2323
f 2796 2323 2367
f 2367 2323 2007
f 2367 2007 2028
f 2028 2007 1688
f 2028 1688 2083
f 2083 1688 1707
f 2083 1707 2156
f 2156 1707 1790
f 2156 1790 1854
f 3575 3515 3191
f 3191 3515 3124
f 3191 3124 2603
f 2603 3124 2528
f 2603 2528 2322
f 2426 2551 2752
f 2752 2551 2846
f 2752 2846 3039
f 3039 2846 3223
f 3039 3223 3129
f 3129 3223 3658
f 3129 3658 3630
f 3630 3658 3985
f 3630 3985 3963
f 3578 3640 3418
f 3418 3640 3673
f 3418 3673 3436
f 3436 3673 3688
f 3436 3688 3440
f 2542 2608 2753
f 2753 2608 2779
f 2753 2779 3051
f 3051 2779 3062
f 2685 2821 2668
f 2668 2821 3040
f 2668 3040 2678
f 2678 3040 3054
f 2678 3054 2682
f 2682 3054 3065
f 2682 3065 2681
f 2681 3065 3062
f 2681 3062 2673
f 2673 3062 2779
f 2673 2779 2662
f 2662 2779 2608
f 3790 3724 3575
f 3575 3724 3714
f 3575 3714 3515
f 3515 3714 3687
f 3515 3687 3473
f 3473 3687 3678
f 3473 3678 3667
f 2747 3124 3058
f 3058 3124 3473
f 3058 3473 3325
f 3325 3473 3667
f 3325 3667 3664
f 3520 3874 3644
f 3644 3874 3790
f 3644 3790 3620
f 3620 3790 3575
f 3620 3575 3320
f 3320 3575 3191
f 3320 3191 2684
f 2684 3191 2603
f 2684 2603 2259
f 2259 2603 2322
f 2259 2322 1914
f 3970 3983 3688
f 3688 3983 3710
f 3688 3710 3440
f 3440 3710 3416
f 3440 3416 2970
f 2970 3416 2846
f 2970 2846 2687
f 2687 2846 2551
f 2687 2551 2276
f 2276 2551 2426
f 2276 2426 2049
f 2049 2426 2344
f 2049 2344 1854
f 1854 2344 2243
f 1854 2243 2156
f 2156 2243 2518
f 2156 2518 2457
f 2457 2518 3059
f 2457 3059 2961
f 2961 3059 3569
f 2961 3569 3520
f 3520 3569 3882
f 3520 3882 3874
f 3296 3378 3054
f 3054 3378 3418
f 3054 3418 3065
f 3065 3418 3436
f 3065 3436 3062
f 3062 3436 3440
f 3062 3440 3051
f 3051 3440 2970
f 3051 2970 2753
f 2753 2970 2687
f 2753 2687 2542
f 2542 2687 2276
f 3225 3247 3226
f 3226 3247 3251
f 3226 3251 3256
f 3256 3251 3253
f 3256 3253 3255
f 3262 3257 3264
f 3264 3257 3254
f 3283 3280 3272
f 3272 3280 3274
f 3272 3274 3254
f 3254 3274 3268
f 3254 3268 3264
f 3227 3224 3231
f 3231 3224 3240
f 3240 3224 3248
f 3248 3224 3254
f 3248 3254 3257
f 2852 2883 2496
f 2057 2081 2450
f 2081 2338 2450
f 2450 2338 2437
f 2450 2437 2456
f 2112 2107 2496
f 2496 2107 2086
f 2496 2086 2060
f 2060 2045 2496
f 2496 2045 2041
f 2496 2041 2033
f 1987 2010 2002
f 2002 2010 2489
f 2489 2010 2450
f 2450 2010 2042
f 2450 2042 2057
f 2696 2852 2496
f 2696 2496 2489
f 2489 2496 2033
f 2489 2033 2002
f 2377 2347 2301
f 2465 2429 2411
f 2411 2377 2465
f 2465 2377 2301
f 2465 2301 2501
f 2501 2301 2270
f 2501 2270 2505
f 2505 2270 2112
f 2505 2112 2511
f 2511 2112 2496
f 2489 2503 2696
f 2696 2503 3102
f 4963 4951 4813
f 2711 2502 2488
f 2711 2905 3389
f 3930 3843 3746
f 4063 4050 4102
f 4102 4050 3987
f 4102 3987 4018
f 4018 3987 3947
f 4018 3947 3676
f 4063 4102 4075
f 4075 4102 4209
f 4075 4209 4180
f 4281 4074 4326
f 4326 4074 4340
f 4326 4340 4557
f 4281 4124 4074
f 4074 4124 4103
f 4074 4103 4007
f 4007 4103 3964
f 3675 3879 3756
f 3756 3879 3943
f 4103 3966 3964
f 3964 3966 3918
f 3964 3918 3943
f 3943 3918 3825
f 3943 3825 3756
f 2502 2711 2851
f 2851 2711 3103
f 3103 2711 3389
f 3103 3389 3412
f 3412 3389 3745
f 3412 3745 3675
f 3675 3745 3842
f 3675 3842 3879
f 4824 4775 4713
f 4713 4775 4763
f 4713 4763 4340
f 4340 4763 4592
f 4340 4592 4557
f 4951 4895 4813
f 4813 4895 4884
f 4813 4884 4713
f 4713 4884 4828
f 4713 4828 4824
f 4963 4813 4999
f 4999 4813 4870
f 4999 4870 5006
f 4916 5091 5068
f 5068 5057 4916
f 4916 5057 5035
f 4916 5035 4870
f 4870 5035 5031
f 4870 5031 5006
f 5090 5094 4915
f 4915 5094 5095
f 4915 5095 4916
f 4916 5095 5093
f 4916 5093 5091
f 5090 4915 5062
f 5062 4915 4869
f 5062 4869 5032
f 5000 4869 4964
f 4964 4869 4814
f 5000 5005 4869
f 4869 5005 5030
f 4869 5030 5032
f 4885 4814 4846
f 4846 4814 4714
f 4885 4906 4814
f 4814 4906 4950
f 4814 4950 4964
f 4209 4282 4180
f 4180 4282 4392
f 4180 4392 4341
f 4341 4392 4556
f 4341 4556 4636
f 4636 4764 4341
f 4341 4764 4787
f 4341 4787 4714
f 4714 4787 4823
f 4714 4823 4846
f 3388 2990 2985
f 3947 3930 3676
f 3676 3930 3746
f 3676 3746 3635
f 3635 3746 3388
f 3635 3388 3102
f 3102 3388 2985
f 2852 2696 3102
f 2852 3102 2897
f 2897 3102 2985
f 4160 3938 3891
f 3929 3939 4663
f 4160 3891 3971
f 3971 3891 3856
f 3971 3856 3796
f 3796 3856 3779
f 3796 3779 3763
f 3938 4160 3939
f 3939 4160 4377
f 3939 4377 4663
f 4663 4877 3929
f 3929 4877 4908
f 3929 4908 3885
f 3885 4908 4939
f 3885 4939 3832
f 3832 4939 4829
f 3832 4829 4363
f 4363 4263 3832
f 3832 4263 4067
f 3832 4067 3788
f 3788 4067 3847
f 3788 3847 3812
f 3477 3765 3763
f 3763 3779 3665
f 3033 3100 3227
f 3033 3227 3026
f 3026 3227 2893
f 2893 3227 3231
f 2893 3231 3240
f 3240 3248 2893
f 2893 3248 3257
f 2893 3257 2872
f 2872 3257 3262
f 2872 3262 2889
f 3665 3610 3763
f 3763 3610 3550
f 3763 3550 3477
f 3477 3550 3411
f 3477 3411 3391
f 3391 3411 3236
f 3262 3270 2889
f 2889 3270 3286
f 2889 3286 3014
f 3014 3286 3306
f 3014 3306 3034
f 3034 3306 3352
f 3034 3352 3099
f 3099 3352 3391
f 3099 3391 3207
f 3207 3391 3236
f 2689 2601 2859
f 1060 1645 1285
f 322 300 1025
f 1025 1182 322
f 322 1182 1297
f 322 1297 379
f 379 1297 1267
f 379 1267 424
f 424 1267 1588
f 424 1588 673
f 673 1588 1963
f 673 1963 2166
f 2576 2775 2196
f 2576 2196 2351
f 1060 673 1645
f 1645 673 2166
f 1645 2166 1888
f 1888 2166 2351
f 1888 2351 1902
f 1902 2351 2196
f 2859 2601 2847
f 2847 2601 2487
f 2847 2487 2775
f 2775 2487 2268
f 2775 2268 2196
f 2689 2859 2713
f 2713 2859 2873
f 2713 2873 2717
f 1646 1073 1283
f 2251 2003 688
f 688 2003 1658
f 688 1658 491
f 491 1658 1538
f 491 1538 425
f 1073 1646 688
f 688 1646 2251
f 2251 1646 1679
f 2251 1679 2371
f 2773 2614 2197
f 2197 2614 2595
f 2197 2595 2084
f 2084 2595 2371
f 2084 2371 1903
f 1903 2371 1679
f 2860 2850 2535
f 2535 2850 2773
f 2535 2773 2368
f 2368 2773 2197
f 2718 2874 2698
f 2698 2874 2860
f 2698 2860 2625
f 2625 2860 2535
f 425 1538 357
f 357 1538 1406
f 357 1406 1287
f 1287 1296 357
f 357 1296 1183
f 357 1183 314
f 314 1183 1023
f 314 1023 299
f 3063 3400 2726
f 3544 3399 3812
f 3580 3788 3812
f 3580 3812 3445
f 3757 3752 3881
f 3757 3881 3764
f 3764 3881 3781
f 3781 3881 3857
f 3781 3857 3804
f 3752 3751 3881
f 3881 3751 3747
f 3881 3747 3893
f 3893 3747 3845
f 3747 3737 3845
f 3845 3737 3717
f 3845 3717 3697
f 3544 3812 3608
f 3697 3674 3845
f 3845 3674 3661
f 3845 3661 3812
f 3812 3661 3649
f 3812 3649 3608
f 2895 2847 3266
f 3064 2707 2895
f 3064 2895 3187
f 3187 2895 3399
f 3399 2895 3266
f 3399 3266 3812
f 3812 3266 3300
f 3812 3300 3445
f 2688 2745 2847
f 2847 2745 3019
f 2847 3019 3266
f 2847 2775 2688
f 2688 2775 2576
f 2688 2576 2442
f 2442 2576 2351
f 2402 2381 2437
f 2437 2381 2427
f 2437 2427 2664
f 2707 2456 2895
f 2895 2456 2437
f 2895 2437 2727
f 2727 2437 2664
f 4232 4282 4209
f 4102 4018 4012
f 4209 4102 4232
f 4232 4102 4012
f 4232 4012 4052
f 4052 4012 3960
f 4052 3960 3845
f 3845 3960 3937
f 3845 3937 3893
f 4496 4720 4764
f 4764 4636 4496
f 4496 4636 4556
f 4496 4556 4232
f 4232 4556 4392
f 4232 4392 4282
f 4807 4858 4885
f 4885 4846 4807
f 4807 4846 4823
f 4807 4823 4720
f 4720 4823 4787
f 4720 4787 4764
f 4924 4989 5000
f 5000 4964 4924
f 4924 4964 4950
f 4924 4950 4858
f 4858 4950 4906
f 4858 4906 4885
f 5013 5030 4989
f 4989 5030 5005
f 4989 5005 5000
f 5058 5094 5053
f 5053 5094 5090
f 5053 5090 5034
f 5034 5090 5062
f 5034 5062 5013
f 5013 5062 5032
f 5013 5032 5030
f 5054 5033 5068
f 5068 5091 5054
f 5054 5091 5093
f 5054 5093 5058
f 5058 5093 5095
f 5058 5095 5094
f 5012 4988 5006
f 5006 5031 5012
f 5012 5031 5035
f 5012 5035 5033
f 5033 5035 5057
f 5033 5057 5068
f 4925 4857 4895
f 4895 4951 4925
f 4925 4951 4963
f 4925 4963 4988
f 4988 4963 4999
f 4988 4999 5006
f 4806 4721 4775
f 4775 4824 4806
f 4806 4824 4828
f 4806 4828 4857
f 4857 4828 4884
f 4857 4884 4895
f 4497 4231 4326
f 4326 4557 4497
f 4497 4557 4592
f 4497 4592 4721
f 4721 4592 4763
f 4721 4763 4775
f 4051 4124 4231
f 4231 4124 4281
f 4231 4281 4326
f 3825 3918 3844
f 3844 3918 3966
f 3844 3966 4051
f 4051 3966 4103
f 4051 4103 4124
f 3756 3825 3741
f 3741 3825 3844
f 3741 3844 3400
f 3400 3844 3811
f 3766 3476 3762
f 3762 3476 3459
f 3762 3459 3811
f 3811 3459 3400
f 3400 3459 3429
f 3400 3429 3381
f 3253 3251 3247
f 3381 3351 3400
f 3400 3351 3292
f 3400 3292 3265
f 2804 2845 2560
f 2894 2994 2797
f 2894 2797 2845
f 2845 2797 2744
f 2845 2744 2560
f 2850 3098 3076
f 3076 3047 2850
f 2850 3047 2816
f 2850 2816 2773
f 3098 3400 3225
f 3225 3400 3265
f 3225 3265 3247
f 3247 3265 3255
f 3247 3255 3253
f 2994 2894 3170
f 3170 2894 3052
f 3170 3052 3225
f 3225 3052 3097
f 3225 3097 3098
f 2726 3400 2834
f 3098 2850 3400
f 3400 2850 2896
f 3400 2896 2834
f 2656 2706 2679
f 2679 2706 2822
f 2679 2822 2726
f 2726 2822 2909
f 2726 2909 3063
f 2380 2403 2606
f 2606 2403 2436
f 2606 2436 2679
f 2436 2454 2523
f 2436 2523 2679
f 2679 2523 2568
f 2679 2568 2656
f 2251 2371 2605
f 2816 2708 2773
f 2773 2708 2655
f 2773 2655 2614
f 2614 2655 2605
f 2614 2605 2595
f 2595 2605 2371
f 2605 2373 2251
f 2251 2373 2091
f 2251 2091 2003
f 2003 2091 1955
f 2003 1955 1658
f 1658 1955 1538
f 2453 2304 2560
f 2560 2304 2571
f 2560 2571 2804
f 2453 2364 2304
f 2304 2364 2038
f 2304 2038 1814
f 1662 1567 1814
f 1814 1567 1893
f 1814 1893 2304
f 1551 1183 1662
f 1662 1183 1296
f 1662 1296 1567
f 372 422 546
f 546 422 1023
f 546 1023 882
f 882 1023 1183
f 882 1183 1312
f 1312 1183 1551
f 372 364 422
f 422 364 323
f 422 323 361
f 361 323 313
f 361 313 312
f 365 421 350
f 350 421 361
f 350 361 317
f 317 361 312
f 1547 1761 1182
f 1547 1182 1352
f 365 381 421
f 421 381 581
f 421 581 1025
f 1025 581 880
f 1025 880 1182
f 1182 880 960
f 1182 960 1352
f 1297 1182 1568
f 1568 1182 1761
f 1568 1761 1894
f 1894 1761 1812
f 1894 1812 2303
f 2798 3024 2945
f 2455 2573 2945
f 2945 2573 2758
f 2945 2758 2798
f 1812 2106 2303
f 2303 2106 2409
f 2303 2409 2572
f 2572 2409 2455
f 2572 2455 2806
f 2806 2455 2945
