v -0.009149420075 -0.0002011887118 -0.006988069974
v -0.009064634331 -0.001381854527 -0.006989836693
v -0.009064633399 0.0009794762591 -0.006989841815
v -0.009058469906 -0.0002011889592 -0.003148249118
v -0.009050000459 -1.977457976e-09 0.01402501948
v -0.009049999528 -5.715643737e-09 0.02550991811
v -0.009049068205 -0.000120639932 0.02550571598
v -0.009047364816 0.000208276193 0.02419262938
v -0.009047333151 0.0002071224153 0.02550216392
v -0.009046717547 7.057315776e-08 0.01398958452
v -0.009045335464 -0.0002722237259 0.02549844421
v -0.009040774778 -0.0003928664664 0.01862588339
v -0.009038745426 0.0004180761753 0.01863023452
v -0.009037770331 0.0002035702928 0.02413140424
v -0.009034533054 1.492773973e-07 0.01394857932
v -0.00903389696 -0.0001236485259 0.02558252215
v -0.009031443857 -0.0003839848505 0.01868686453
v -0.009030099027 -0.0002760969219 0.02557513863
v -0.009029477835 -0.0005727479002 0.01402875036
v -0.009029464796 0.0004086281115 0.01869117469
v -0.00902934745 -0.0005744611262 0.02547704056
v -0.009026831016 9.098461076e-07 0.0256028194
v -0.00902181305 -0.0006697736681 0.02412272431
v -0.009014064446 2.060549347e-07 0.01391096413
v -0.009013894014 -0.0005800748477 0.02555335127
v -0.009013121016 -0.0006545948563 0.02406235971
v -0.009007969871 0.000198581969 0.02407349832
v -0.009001781233 -0.0003745589638 0.01874451526
v -0.008999831975 0.0003985984076 0.01874878816
v -0.008994029835 0.0009501472232 0.01403327566
v -0.008993331343 0.000953277282 0.02543906868
v -0.008993203752 -0.0009508326766 0.01403472107
v -0.008993058465 -0.0009530766401 0.02543642186
v -0.008992588148 0.0009586745873 0.01876037009
v -0.008992356248 -0.000960946898 0.0240389239
v -0.008992342278 -0.0009592630086 0.01876094006
v -0.008991369046 2.310007685e-07 0.01388367824
v -0.008991369046 1.194313086e-06 0.02565127797
v -0.008989867754 -0.0001256905962 0.0256469436
v -0.008986072615 -0.0002782809315 0.02563948184
v -0.008983798325 -0.0006384782027 0.02400541306
v -0.008981705643 0.0009819811676 -0.003140589921
v -0.008981687017 -0.001384360716 -0.003140208311
v -0.008978866972 -0.001879932242 -0.006991625298
v -0.008978866972 0.001477549667 -0.006991629954
v -0.008973681368 0.001101059606 0.02398554236
v -0.008969904855 -0.0005825588596 0.02561744303
v -0.00896674674 0.001075806445 0.02392700315
v -0.008964027278 1.192377112e-06 0.02567403764
v -0.008963502012 -0.001173206023 0.02540513314
v -0.008961928077 -0.001183407498 0.01404206548
v -0.008961695246 0.0001941374503 0.02402888983
v -0.008960641921 0.001194953569 0.02540398203
v -0.008955511265 -0.0003661713272 0.01878883876
v -0.0089535648 0.0003896663547 0.01879304089
v -0.00894998759 0.00126236456 0.01888473704
v -0.008948398754 -0.001271921094 0.01888969168
v -0.00894721318 -0.001182868378 0.02547998168
v -0.008946609683 -0.001184290042 0.01396553032
v -0.008944145404 0.001204540138 0.02547868155
v -0.008944077417 0.001204307657 0.01396574173
v -0.008943972178 0.00123325095 0.01894225925
v -0.008942873217 2.154365715e-07 0.01384817995
v -0.008942435496 -0.001242569531 0.01894716546
v -0.008938356303 0.001049045124 0.02387204766
v -0.008937544189 -0.000624153181 0.02396183647
v -0.008926481009 9.927824747e-07 0.02569448203
v -0.00892151054 -0.000278580439 0.02568322979
v -0.008916069753 0.00120237458 0.01899619214
v -0.008914561942 -0.001211477327 0.01900099963
v -0.008911242709 0.00148509047 0.0140583571
v -0.008909921162 -0.00149121217 0.02379317395
v -0.008909251541 -0.001493875287 0.02534737997
v -0.008905570023 -0.0005817802157 0.02566113323
v -0.008905407973 -0.001456495957 0.02373739146
v -0.00890376512 0.0001906286925 0.02400127426
v -0.008903394453 -0.001186560607 0.02554311045
v -0.008902992122 -0.001180437393 0.01390124578
v -0.008901332505 0.001200390398 0.0139009608
v -0.008901155554 0.001208270667 0.02554242313
v -0.008898802102 0.001548556611 0.02533645928
v -0.008897477761 -0.0003595660382 0.018816147
v -0.008895516396 0.00038262413 0.01882025041
v -0.008892132901 0.001025393722 0.02383051813
v -0.008887796663 -0.0001264715684 0.02570225485
v -0.008885461837 5.558874248e-07 0.02570669726
v -0.008884108625 -0.0002779639326 0.0256948024
v -0.008879289031 -0.0006129108369 0.02393533662
v -0.008878305554 -0.001419745036 0.02368534729
v -0.008872621693 0.001675202977 0.01912574098
v -0.008869860321 0.001175224432 0.01903661899
v -0.0088695921 0.001635836321 0.01917965151
v -0.00886835251 -0.001184097491 0.01904138178
v -0.008850012906 2.645736052e-08 0.01880000904
v -0.008849999867 -1.104785819e-09 0.0138250133
v -0.008849998936 -1.158217745e-09 0.02571000718
v -0.008849835023 3.830171804e-07 0.02399979532
v -0.008849089965 -0.0001260224817 0.02570556477
v -0.008847430348 0.0001885642123 0.02399315499
v -0.008845451288 -0.0002768336562 0.02569815703
v -0.008843280375 0.001594153466 0.01922979951
v -0.008841006085 -0.0003556840529 0.01882403158
v -0.008840160444 -0.0002011888137 0.000970546389
v -0.008839976974 -0.001184182358 0.02558660321
v -0.008839200251 -0.001172720105 0.01385742705
v -0.008839026093 0.0003785084409 0.01882807538
v -0.00883751642 0.001205496723 0.02558550611
v -0.008837273344 0.001192366588 0.01385775581
v -0.008833236992 0.001007088693 0.02380611748
v -0.008832116611 -0.001387544326 0.02364674211
v -0.008829863742 -0.0005776619655 0.02567626908
v -0.008824238554 0.001887411461 0.02351040021
v -0.0088231517 0.001842454774 0.02345916256
v -0.008822518401 -0.0006063838955 0.02392824739
v -0.008812454529 0.00216830289 -0.006995097734
v -0.008812453598 -0.002570681507 -0.006995093543
v -0.008810612373 0.001154394005 0.0190599151
v -0.008809085935 -0.001163079171 0.01906464808
v -0.008802361786 -0.001975423424 0.01411205158
v -0.008797887713 0.001794994227 0.02341180295
v -0.008797107264 0.001557885902 0.01926655136
v -0.008790589869 -0.001973469974 0.01946058311
v -0.008790244348 -0.002022082685 0.01941145211
v -0.008786019869 0.001991073135 0.01947809011
v -0.008785495535 0.002040119609 0.01942936331
v -0.008779618889 0.002015300328 0.02329740673
v -0.008778806776 0.002065098844 0.0233457312
v -0.008775589056 0.0009968518279 0.02380085923
v -0.008774650283 0.001022080192 0.0009726727149
v -0.008774609305 -0.001424471731 0.0009734735359
v -0.008772306144 -0.001363111078 0.0236251764
v -0.008766097017 -0.001922189607 0.01950582117
v -0.008765664883 -0.001175742364 0.02560255304
v -0.008761616424 0.001939289854 0.01952301897
v -0.0087553747 0.001962797018 0.02325296402
v -0.008754853159 -0.001129092067 0.02374222502
v -0.0087546492 0.001128583797 0.02374193072
v -0.008752486669 0.001142889843 0.01906439662
v -0.008751729503 0.001753924415 0.02337754332
v -0.008750936948 -0.001151543809 0.01906899922
v -0.008747968823 -0.002132868627 0.0231697876
v -0.008746020496 0.002172637731 -0.003112877253
v -0.008746004663 -0.00257501984 -0.003112493083
v -0.008745715022 -0.002186090918 0.02321558632
v -0.008736725897 0.001530743903 0.01928639039
v -0.008724500425 -0.002076814417 0.02312780917
v -0.008719946258 -0.001878057839 0.01953818649
v -0.008716781624 0.00147681369 0.02554877847
v -0.00871546939 0.001894779503 0.01955505461
v -0.008713422343 -0.001350080827 0.02362223156
v -0.008710867725 -0.001482148771 0.01386059821
v -0.008710858412 0.001482994528 0.01386051159
v -0.008709518239 -0.001515591634 0.02553936467
v -0.008709228598 0.001917681191 0.02322126925
v -0.008707163855 -0.002316752449 0.02510842867
v -0.008701296523 0.002334282733 0.02510199137
v -0.008690580726 0.001723666093 0.02335981466
v -0.008690100163 -0.001589853782 0.01386960596
v -0.008688979782 0.002374815522 0.01418870874
v -0.008687162772 -0.002337319311 0.02517558448
v -0.00868096482 0.002355056116 0.02516841143
v -0.008678357117 -0.002028914867 0.02309816703
v -0.008677056991 0.001516656717 0.01928818971
v -0.008676813915 -0.002368238755 0.01411452424
v -0.008670374751 0.002387453802 0.01411784533
v -0.008662664331 0.001720948028 0.01388281863
v -0.008658218198 -0.001845953404 0.01955434121
v -0.008653871715 -0.002444043756 0.0200706441
v -0.008653682657 0.001862450037 0.01957094111
v -0.008647317067 0.001884985715 0.02320561558
v -0.008647187613 -0.002506840741 0.02003429458
v -0.008643927053 -0.002347148489 0.02523337118
v -0.008638358675 0.002365497639 0.02522614039
v -0.008633984253 -0.002370255534 0.01405349653
v -0.008632803336 -0.002378141042 0.02010357752
v -0.008631721139 0.002510695718 0.02019528672
v -0.008630185388 0.002515906235 0.02259349078
v -0.008629880846 0.001708779484 0.0233596582
v -0.008628213778 0.002390186535 0.01405668072
v -0.008625888266 0.002569793956 0.01424189936
v -0.008623893373 0.002575736959 0.02016199939
v -0.008622304536 0.002581103938 0.02262653597
v -0.008615852334 -0.0019946557 0.02308401279
v -0.008611272089 0.002442498691 0.02022541128
v -0.008609765209 0.002447576495 0.02256362885
v -0.008603475057 -0.002594061662 0.02242228761
v -0.008602623828 -0.000201189323 0.005286840256
v -0.008598544635 -0.002649396658 0.02496494539
v -0.008596740663 -0.001830705209 0.01955349371
v -0.008594214916 -0.002661922248 0.02245107666
v -0.008592109196 0.001847038395 0.01957012527
v -0.00858666189 -0.002322730841 0.02012605593
v -0.008585585281 0.00186965079 0.02320674807
v -0.008584276773 -0.002345680259 0.02527514659
v -0.008583807386 -0.00252302736 0.022396354
v -0.00857942272 0.002702951897 0.02494076081
v -0.008578697219 0.002364106709 0.02526736818
v -0.008573723957 -0.002362480853 0.01401021797
v -0.008569762111 -0.00127251877 0.005286086351
v -0.008567920886 0.002382509643 0.0140138818
v -0.008566940203 0.002248122822 0.0009808689356
v -0.00856690295 -0.002650523325 0.0009816647507
v -0.008565125987 0.00238544913 0.02024578676
v -0.00856362097 0.002390389564 0.02254340425
v -0.008553321473 -0.001979193185 0.02308589779
v -0.008550242521 -0.002742849756 0.02086667344
v -0.0085442001 0.00120886066 0.005285525694
v -0.008543165401 -0.002802175935 0.01432349347
v -0.008542764001 -0.002803364536 0.02488781326
v -0.008541683666 0.002806602744 0.01432405785
v -0.008540047333 0.002769298153 0.02178282291
v -0.008538888767 0.002772629727 0.02104201913
v -0.008538113907 -0.002816049848 0.02085112408
v -0.008537650108 -0.002463896293 0.02237899043
v -0.008536808193 -0.002032389166 0.02302127331
v -0.008536638692 0.002032324439 0.01977854967
v -0.008536492474 0.002032387536 0.02302143909
v -0.008536449634 -0.002032615244 0.01977847517
v -0.008532143198 -0.002666454529 0.0208805725
v -0.008532029577 -0.00279161497 0.02156230621
v -0.008528177626 -7.447869001e-10 0.02571000159
v -0.008527340367 0.002843519673 0.0217941273
v -0.0085263988 -5.06549477e-05 0.02570838667
v -0.008526117541 0.002846962539 0.02103155293
v -0.008524390869 -0.0001000003467 0.02570657246
v -0.008522296324 -0.002284641843 0.02013550699
v -0.008522263728 0.002691886155 0.02177275904
v -0.00852113869 0.00269509363 0.02105139196
v -0.008518863469 -0.002866675612 0.02156704105
v -0.008516904898 -9.99996555e-05 0.02570657246
v -0.008515736088 -0.002332546981 0.02529424429
v -0.008514499292 -0.002713368973 0.02155805938
v -0.00851169508 0.002345442073 0.02528933063
v -0.008510014974 0.002351207193 0.02528704517
v -0.008503920399 -0.002345518209 0.01399201341
v -0.008501311764 -0.003510393668 -0.00700158393
v -0.008501311764 0.003108011093 -0.007001582533
v -0.008500264026 0.002346696099 0.02025407553
v -0.00849873852 0.002351529198 0.02253518626
v -0.008498007432 0.002365591703 0.01399493869
v -0.008485964499 -0.002603558823 0.02088968642
v -0.008483938873 -0.002921920968 0.01429881807
v -0.008478464559 0.002935932949 0.01430470496
v -0.008476077579 0.002628305694 0.02176619694
v -0.008474953473 0.002631438663 0.02105749212
v -0.008472160436 -0.002424248727 0.02237225696
v -0.008468306623 -0.002649221104 0.02155529521
v -0.008466331288 -0.002999843098 0.01440725569
v -0.008457257412 -0.00226958748 0.0201318413
v -0.00845171418 0.0008851116872 0.02564387023
v -0.008451267146 -0.0008596565458 0.02564696409
v -0.008441520855 -0.002929730108 0.01424236409
v -0.008437019773 -0.002497029025 0.00528328307
v -0.00843663048 0.002944161883 0.01424818672
v -0.008436338045 -0.002565872623 0.01405322365
v -0.00843454618 0.002331961878 0.02025043219
v -0.008432996459 0.00233682082 0.02253893204
v -0.008424571715 0.00260289479 0.01406282373
v -0.008419189602 -0.002562568756 0.02089289762
v -0.008418723941 0.002644508844 0.0251592081
v -0.008409278467 -0.002673255047 0.02514350601
v -0.008409045637 0.002587127732 0.02176396921
v -0.008407889865 0.002590238582 0.02105959505
v -0.008405609056 -0.002409990411 0.02237599716
v -0.008401057683 -0.002607862698 0.02155434527
v -0.008387744427 0.002385676373 0.005282280501
v -0.008384122513 -0.002925320296 0.01420073211
v -0.008379201405 0.00293965172 0.0142070232
v -0.008363733999 -0.00278282701 0.01412853412
v -0.008356991224 -0.002534614177 0.02082108334
v -0.008356932551 -0.002534621628 0.02197962254
v -0.008356769569 0.002534602303 0.02197948843
v -0.008356631733 0.002534667961 0.02082035318
v -0.008350910619 -0.00254953187 0.02089032717
v -0.008343330584 0.00337827066 -0.003058002796
v -0.008343314752 -0.003780656261 -0.003057625843
v -0.008342430927 -0.003910790198 -0.006918234285
v -0.008340407163 0.002574401442 0.02176596783
v -0.008339214139 0.00257751788 0.02105787024
v -0.008332747966 0.00287058251 0.0141631756
v -0.008332141675 -0.00259536528 0.02155511267
v -0.008325570263 -0.003326549428 0.02457213961
v -0.008320715278 0.003338326933 0.02456572093
v -0.008316720836 -0.001582656754 0.02552424744
v -0.008309986442 0.00161447248 0.02551694028
v -0.008301054128 -0.003353888635 0.02462754026
v -0.008296196349 0.003365302924 0.02462115325
v -0.008266782388 -0.003426804207 0.01456839312
v -0.008261485957 0.003437743522 0.0145760607
v -0.008258927613 -0.003368746955 0.02467659116
v -0.008254550397 0.003380190115 0.02467054129
v -0.008239013143 0.003509835806 0.01469556149
v -0.00822491385 -0.003439437598 0.01451797877
v -0.008220107295 0.0034505683 0.01452559885
v -0.008204493672 -0.003370224498 0.02471448295
v -0.008200244047 0.003479702398 0.0009978797752
v -0.008200217038 -0.003882112214 0.0009986681398
v -0.008200101554 0.003381197108 0.02470831573
v -0.00818187464 -0.00370005751 0.005278072786
v -0.008181258105 0.003299941774 0.005278056487
v -0.0081706075 -0.00343879615 0.01447918545
v -0.00816581212 0.003449698212 0.01448715944
v -0.008145635948 -0.003694840707 0.02430289611
v -0.008143682033 -0.003357607871 0.0247363057
v -0.00813894812 0.003368355101 0.02473055013
v -0.008121186867 0.003741479944 0.02426559106
v -0.008112466894 0.002236952307 0.02533152513
v -0.00811183732 -0.002226292854 0.02533546649
v -0.008072007447 0.003514919896 0.02462404966
v -0.008068815805 0.002344461856 0.02529010735
v -0.008067290299 -0.003518128069 0.01451868657
v -0.008063539863 -0.0002011596807 -0.006770063192
v -0.00805338379 -0.0005816332996 -0.006764569785
v -0.008050550707 -0.004142601043 0.005299820099
v -0.008050124161 0.0035545805 0.0145441452
v -0.008047904819 0.004160366952 -0.006761606783
v -0.008047685027 0.0002972564835 -0.006761487108
v -0.008035331964 -0.003899358446 0.01498408709
v -0.007991263643 -0.002503866795 0.02522290312
v -0.007981045172 0.003702394897 0.02447879314
v -0.007973165251 -0.003718062071 0.0244665388
v -0.007971905172 0.003974670079 0.005330932327
v -0.007953028195 -0.001481562969 -0.006709946785
v -0.007950001396 -0.0006249995786 0.02248253301
v -0.007950001396 2.247285959e-10 0.01879999973
v -0.007950001396 0.001082532573 0.02202500217
v -0.007950000465 -0.002534812083 0.02082144655
v -0.007950000465 -0.002032762393 0.01977892779
v -0.007950000465 -0.00112809788 0.01905748248
v -0.007950000465 -1.231811331e-10 0.02264999971
v -0.007950000465 0.001128096948 0.01905748062
v -0.007950000465 0.001128097181 0.02374252118
v -0.007950000465 0.002032761229 0.02302107587
v -0.007950000465 0.002534812083 0.02082144283
v -0.007949999534 -0.001250000671 0.0214000009
v -0.007949999534 -0.001082533272 0.0220250003
v -0.007949999534 -0.0006250017323 0.02031746879
v -0.007949999534 0.0006249984726 0.02031747065
v -0.007949999534 0.0006249989383 0.02248252742
v -0.007949999534 0.001082530478 0.02077499777
v -0.007949999534 0.001249997993 0.02139999717
v -0.007949999534 0.002534811385 0.02197855711
v -0.007949998602 -0.002534814877 0.02197855338
v -0.007949998602 -0.002032764256 0.02302107401
v -0.007949998602 -0.001128099975 0.02374251559
v -0.007949998602 -0.001082533388 0.0207750015
v -0.007949998602 -2.622114304e-09 0.0201499965
v -0.007949998602 0.002032758901 0.01977892406
v -0.007949997671 -2.970024006e-09 0.02399999648
v -0.007932411507 0.001192358439 -0.006698642857
v -0.007925831713 0.003807200817 0.01473095734
v -0.007880710997 -0.003896155395 0.02431904711
v -0.007870303467 -0.002742773388 0.02510854788
v -0.007865430787 -0.004189228639 0.02387236804
v -0.007848601788 0.002793610329 0.02508204617
v -0.007837928832 -0.004217217211 0.0239170976
v -0.007834581658 -0.004747183062 0.005410323385
v -0.007832236588 0.004225509241 0.02390858904
v -0.007825285196 -0.005001624115 -0.006640545093
v -0.007825284265 0.004599245265 -0.00664054649
v -0.007811671123 -0.0002011899196 0.005270353984
v -0.007810133509 0.004277946893 0.01531559322
v -0.0078080073 -0.004992476664 -0.004642579239
v -0.007805781439 -0.002143404447 -0.006628554314
v -0.007804642897 0.001741032815 -0.006627923343
v -0.007797644008 -0.004233251791 0.0239577312
v -0.00779226888 0.004241935443 0.02394896373
v -0.007787940558 -0.004296339117 0.01526142936
v -0.007782982197 0.004304080736 0.01526964363
v -0.007769357413 0.004341224208 0.02371675335
v -0.007765544578 0.004606366158 -0.002968855668
v -0.007749901153 -0.002337973798 -0.006597263739
v -0.007748521864 -0.004236474168 0.02399101853
v -0.007747979369 -0.00431069918 0.01521957107
v -0.007744061295 -1.334359297e-10 0.01382501516
v -0.007743373979 0.004318509251 0.01522776112
v -0.007743275724 0.004245254211 0.02398192137
v -0.007738840301 -0.0004012780846 0.01382507198
v -0.007732758764 0.004594088998 0.005483798683
v -0.007723656483 -0.005192047451 -0.006582487375
v -0.007713058963 0.002050471026 -0.006576512009
v -0.007709171157 -0.000811069156 0.01382790599
v -0.007704188582 -0.005058167502 -0.0007244427688
v -0.007699163631 -0.004312264733 0.01518536266
v -0.007694622967 0.004319836386 0.01519376226
v -0.007689599413 0.004235291854 0.02400472015
v -0.007689047139 -0.003054649336 0.02493377216
v -0.007670528721 4.220984804e-07 0.01383903064
v -0.007657791488 0.004719594959 0.001026443788
v -0.007645969745 -0.004300518893 0.01516235527
v -0.007642178331 5.438900528e-07 0.01385290921
v -0.00762713328 -0.004554281011 0.02346822247
v -0.007625281345 0.004556890577 0.01558473147
v -0.00761679979 0.001473992248 0.01385968458
v -0.007607786916 6.561569419e-07 0.01387863141
v -0.007595531642 0.001139794942 0.01385430619
v -0.007593671791 -0.004393738694 0.02383643389
v -0.00759288203 -0.002224294702 0.03208900616
v -0.007592424285 0.001822819468 0.03208944201
v -0.007590902969 -0.002237657085 0.03213649616
v -0.007590408903 0.001836166135 0.03213691339
v -0.007588857785 -0.001593179069 0.01386861876
v -0.007586788386 -4.300248293e-06 0.007396665867
v -0.007583452854 -0.001203459804 0.01385565754
v -0.00758261187 -0.002211147454 0.03204254806
v -0.007582197431 0.00180964882 0.03204299137
v -0.007576917298 -0.002250406891 0.03218210116
v -0.00757640088 0.001848873449 0.03218249232
v -0.007573917508 7.151642192e-07 0.01391989365
v -0.007570865564 0.001189355622 0.03227919713
v -0.007570404559 -0.001579099917 0.03222503141
v -0.007569494192 -0.001591268927 0.03228900954
v -0.007568747271 0.001721003675 0.01388272736
v -0.007566257846 -0.005353868008 0.004945628811
v -0.007566223852 -0.001575555652 0.03220496699
v -0.007566108368 0.001175576355 0.03220494092
v -0.007561413106 -0.001597586204 0.03231978416
v -0.007560872473 -0.002199035604 0.03199990839
v -0.007560514845 0.001797465724 0.03200035915
v -0.007559742779 0.001172267483 0.03218543157
v -0.007556171156 0.001739953761 0.005265027285
v -0.007556170691 -0.002142332727 0.005265027285
v -0.007552488241 -0.002018393716 0.03228271753
v -0.007552334107 0.004995485768 0.005642163102
v -0.007552312221 -0.005397930276 0.005643263459
v -0.007552095689 0.001616612659 0.03228308633
v -0.007550706621 0.0008613794344 0.007319286466
v -0.00755000161 0.0005648108781 0.01974365301
v -0.00755000161 0.001696274267 0.02183030173
v -0.007550001144 0.001082532457 0.0207750015
v -0.007550000679 -0.001470566494 0.02048934437
v -0.007550000679 0.001249999972 0.0214000009
v -0.007550000679 0.001286049024 0.02258683182
v -0.007550000213 -0.001500000129 0.02213314362
v -0.007550000213 -0.001385416952 0.02246916667
v -0.007550000213 -0.001079990296 0.02277699672
v -0.007550000213 -6.423996345e-10 0.02015000023
v -0.007549999747 -0.001250000671 0.02139999717
v -0.007549999747 -0.0002930236224 0.01967470534
v -0.007549999747 0.0005648091901 0.02305635065
v -0.007549999747 0.0006249984726 0.02031746693
v -0.007549999747 0.001696271473 0.02096969821
v -0.007549999282 -0.001082533272 0.02202499658
v -0.007549999282 -0.0006250016741 0.02031746507
v -0.007549999282 0.0006249983562 0.02248253301
v -0.007549999282 0.001082530012 0.0220250003
v -0.007549999282 0.001286047627 0.02021316625
v -0.007549998816 -0.001470568706 0.02231065556
v -0.007549998816 -0.001082533388 0.02077499963
v -0.007549998816 -0.001079992158 0.02002300136
v -0.007549998816 -0.0006250021397 0.02248253115
v -0.00754999835 -0.001500002341 0.02066685446
v -0.00754999835 -0.00138541928 0.02033083141
v -0.00754999835 -0.0002930250776 0.02312529087
v -0.00754999835 -2.694193536e-09 0.02264999785
v -0.007549982052 -0.000869955169 0.007317733485
v -0.007546064444 5.983612252e-07 0.01401257794
v -0.007545586675 -0.002429446671 0.03217736632
v -0.007545152213 0.002025770256 0.03217840567
v -0.007544943132 0.004471436143 0.02374782786
v -0.007544294465 -0.002449062886 0.03217178956
v -0.007543734275 0.002046323847 0.03217257187
v -0.007543185726 -0.002468848135 0.03216607869
v -0.007542651612 0.002066599205 0.03216672316
v -0.007537374273 -0.001607893035 0.03236650303
v -0.007537216879 0.00120792212 0.03236647695
v -0.007533278316 -0.000889900024 0.03230176494
v -0.007533273194 0.0004896449973 0.03230182081
v -0.007533267606 -0.001564830542 0.03213771433
v -0.00753233023 0.001129515585 0.01389448065
v -0.007532229647 -0.002595625119 0.0321283564
v -0.0075315102 0.00219389447 0.03212891147
v -0.00753083732 -0.002875225851 0.03187656403
v -0.007530141622 0.002472857945 0.03187752515
v -0.007529008202 -0.002188688144 0.03196370602
v -0.007528713904 0.001787026762 0.0319641903
v -0.007528658491 -0.004680329002 0.01564949565
v -0.007527017966 0.001163729466 0.03212988377
v -0.007525179535 -0.002894690493 0.03192905337
v -0.007524451241 0.002492278349 0.03192999959
v -0.007523772307 0.004686954431 0.01565677114
v -0.00752241211 -0.004701901693 0.01741151139
v -0.007522073574 -0.001322463038 0.0324100405
v -0.007521907799 0.0009207862895 0.03241024539
v -0.007521143183 -0.0006817636313 0.01401236188
v -0.007521113846 -0.001193334814 0.01389627159
v -0.007520971354 -0.00285275979 0.03182599321
v -0.007520586718 -0.00020118049 0.03237228468
v -0.007520341314 0.002450421685 0.03182699159
v -0.007519726641 -0.0002011749457 0.03232689574
v -0.007518943865 -0.005467402749 0.005675952416
v -0.007516082842 -0.0002011835313 0.03239965439
v -0.007515438832 -0.002723327838 0.03208808601
v -0.007514773868 0.002321065636 0.03208884224
v -0.007508065086 -0.001035012072 0.03243904188
v -0.007507937029 0.0006326499861 0.0324392356
v -0.007506934926 -0.0002011700417 0.03227913007
v -0.007505940273 -0.0008873693296 0.03223058581
v -0.007505935151 0.0004866932286 0.03223067522
v -0.007504682988 -0.002909628907 0.03197927028
v -0.007504489738 0.001160685788 0.0321066156
v -0.007503943052 0.002507175086 0.03198017552
v -0.007498387247 -0.0008232295513 0.03245196864
v -0.007498324383 0.0004217591195 0.03245205432
v -0.007496781182 -0.0002011697652 0.03225775063
v -0.007496490609 -0.001559901633 0.03209985793
v -0.007496424951 9.12148389e-05 0.01482538972
v -0.007496424485 -0.002829017583 0.03178123757
v -0.007495870814 0.002426699968 0.03178222477
v -0.007495369297 -0.0028227109 0.03205598146
v -0.007494716905 0.002420086879 0.03205686063
v -0.007494335994 0.004538068548 0.01539468486
v -0.007493594196 0.0002440239186 0.01482771989
v -0.007491239347 0.004555238411 0.02364564687
v -0.007490419783 -0.0006158530596 0.03245935589
v -0.007490367629 0.0002134763345 0.0324594453
v -0.007489857264 -0.004695170559 0.01561220177
v -0.00748887239 -0.004546348006 0.01540484
v -0.007488799281 -0.002180740703 0.03193617985
v -0.007488564122 0.001778953476 0.03193666786
v -0.007488502655 0.001121100388 0.01395547111
v -0.007487078663 -0.0004106766428 0.03246431053
v -0.007487033028 7.663060387e-06 0.03246435151
v -0.007486862596 -0.0002011894539 0.03246647492
v -0.007485263515 0.004701969214 0.01561955083
v -0.007484979928 -0.0002335547761 0.01482745819
v -0.007483771536 -0.0003643003292 0.01483116392
v -0.007482730318 -0.0008868395817 0.03220001236
v -0.007482726127 0.0004859199107 0.03220010176
v -0.007477234583 -0.001185023924 0.01395598892
v -0.007474906743 0.003390747588 0.024713099
v -0.007473650388 -0.00476814853 0.01582293957
v -0.007470696699 -0.00291878311 0.03202318028
v -0.007469973061 0.002516287612 0.03202405199
v -0.00746014528 -0.001557767857 0.03207689151
v -0.007460056338 0.001157738036 0.03207685053
v -0.00745926844 -0.002805938711 0.03174586967
v -0.007459258195 -0.001180011895 0.0140279131
v -0.007458804641 0.002403619234 0.03174684197
v -0.007458735723 -0.0007393230917 0.01485023275
v -0.007458278909 0.0009107355727 0.03212336823
v -0.007454153616 -0.000886839116 0.03217438981
v -0.007454151288 0.0004856631858 0.03217450157
v -0.007450772915 -0.0002011680772 0.0322011672
v -0.007450224366 -0.0004613689089 0.03219668195
v -0.007448338903 -0.003157947212 -0.006424385589
v -0.007445932366 -0.002198025119 0.01395879686
v -0.007443771698 -0.004698012024 0.01558083948
v -0.007442810107 -0.002175620524 0.03191888332
v -0.007442624308 0.001773700118 0.03191937879
v -0.007440031506 0.00173399481 0.007081943564
v -0.007439282257 0.004704756197 0.01558837295
v -0.007438560948 -0.00174262037 0.007078792434
v -0.007435631938 -0.002913469914 0.03206462413
v -0.007435266394 0.002511036117 0.03206505999
v -0.007430522237 0.001149059623 0.03206281364
v -0.007430521306 -0.001549057662 0.03206280991
v -0.00742876064 -0.004650427029 0.02352171391
v -0.00742477132 0.001080563408 0.0148782162
v -0.007422220428 -0.0001000000411 0.02465903945
v -0.007422186434 0.0003103726485 0.0158288572
v -0.007422094699 0.001414018217 0.01404709741
v -0.007422073744 -0.0001000005213 0.02466608584
v -0.007416650653 0.002337055281 0.01398823503
v -0.0074149305 -0.0002315860183 0.01484039985
v -0.007414487191 -0.003105382901 0.03195246309
v -0.00741393771 -0.001434733626 0.01404599566
v -0.007413766347 0.002702545607 0.03195351735
v -0.007412264589 -0.002785323653 0.03172276914
v -0.007411886472 0.002382990206 0.03172368929
v -0.007406927645 -0.0006999123143 0.02465043403
v -0.007406506687 -0.000543364964 0.01583719067
v -0.007406238001 0.001154933241 0.01488709822
v -0.007402260322 -0.00486301817 0.02300266735
v -0.007399850525 0.002506368561 0.0321056582
v -0.007399849594 -0.002908745781 0.0321056582
v -0.007399294525 0.00486693345 0.0229949262
v -0.007399237249 -0.001500001294 0.0140556721
v -0.007394670509 0.002492034342 0.0321207419
v -0.007386866026 -0.0004555846681 0.03213394433
v -0.00738578476 0.002897341736 -0.006387633737
v -0.007384160534 -0.0008067360613 0.01585344225
v -0.007383700926 2.580235559e-05 0.01965008117
v -0.007382680196 -2.034619456e-06 0.016464049
v -0.007374439854 0.0009663361125 0.01586834714
v -0.007374209817 -0.0002932999923 0.01967480779
v -0.007372137625 -0.004892042372 0.02303052694
v -0.007369982544 0.004904874135 0.02118115686
v -0.007369205821 0.004895779304 0.02302257344
v -0.007369105704 0.0007060606731 0.02460385114
v -0.007367623504 0.0002956223325 0.01581493765
v -0.007359899115 0.0005603042082 0.01974238642
v -0.007359267212 -0.002768771723 0.03171359003
v -0.007358956151 0.002366394969 0.03171441704
v -0.007357837632 -0.0005109802587 0.01972653344
v -0.007353915833 0.0006053521065 0.03207071871
v -0.007351513486 0.002555599436 0.01404846832
v -0.007351236884 -0.0002292331337 0.01487886161
v -0.007350552827 -0.00347729167 0.03162203357
v -0.007347431965 0.003081559902 0.03162015602
v -0.007345980499 0.000888378825 0.01642856561
v -0.00734428037 -0.003449444193 0.03156951815
v -0.007342793047 0.002312302822 0.01399794407
v -0.007341284305 0.003053693566 0.03156764433
v -0.007339451462 -0.003500545165 0.03167607263
v -0.007338774856 0.004944785032 0.02284321375
v -0.007337195333 -0.0008862827672 0.01644159481
v -0.007336213253 0.003104793141 0.03167417273
v -0.007335992996 -0.001886194339 0.03258090466
v -0.007335992064 0.001483814092 0.03258090466
v -0.007335863076 0.001143884729 0.01489935443
v -0.007333821151 -0.004911431111 0.02305657975
v -0.00733300345 -0.003341999836 0.03185369074
v -0.00733219739 0.002938987222 0.03185490519
v -0.007331493776 -0.003583730198 0.02457158826
v -0.007331114728 0.004915238824 0.02304849587
v -0.007329908665 -0.003008017782 0.03210671246
v -0.007329246495 -0.001593315857 0.01494271494
v -0.007321262266 -0.003419445828 0.0315230675
v -0.00731839519 0.003023629542 0.03152117133
v -0.00731447991 -0.004975583404 0.0161312595
v -0.00731279701 -0.001495385659 0.02455180138
v -0.00731226569 -0.003517170902 0.03172673285
v -0.007308933418 0.003121369053 0.03172479197
v -0.007308387198 0.004813551437 0.01571140625
v -0.007307440974 -0.001077585504 0.01586457714
v -0.007306379266 -0.0002268950193 0.01493804995
v -0.007304416038 0.0002943920263 0.01577475481
v -0.007304172497 2.607287752e-05 0.01963344589
v -0.00730040716 -0.002419688273 0.01402734686
v -0.007297037635 -0.000444231875 0.03197934106
v -0.00729374541 0.001096295193 0.03195522726
v -0.007293744944 -0.001496297773 0.03195523471
v -0.007292237598 0.001040233648 0.01999248378
v -0.00729024224 -0.0009965432109 0.0199614875
v -0.007289910689 -0.004920282867 0.02307929099
v -0.007287305314 0.00492399605 0.0230710227
v -0.007286580745 -0.0001724199101 0.01501309779
v -0.00728621427 -0.000224969539 0.01500580739
v -0.007285466418 -0.0002247731609 0.01501411665
v -0.007284577936 -0.00500332471 0.01610282995
v -0.007283748128 -0.003390053986 0.03148689494
v -0.007281606551 0.0005595494877 0.01972504519
v -0.007281000726 0.002994146198 0.03148496523
v -0.007280681748 0.005008037202 0.01611146703
v -0.007279592101 0.002283606213 0.01403681654
v -0.007279527839 -0.0005097988178 0.01970914938
v -0.007276639808 0.0002942583233 0.01574215665
v -0.007272145711 0.001130993362 0.01493775286
v -0.007271240465 -0.0001989907032 0.03180642053
v -0.007271093316 -0.003525549546 0.03176938742
v -0.007268648595 0.001909521525 0.01499324478
v -0.007267945912 -0.00043329646 0.03179964423
v -0.007267697714 0.003129661083 0.03176739067
v -0.007267299108 -0.002783947159 0.01412797906
v -0.007265077438 0.0005694832653 0.03191726282
v -0.007262177765 -0.00165352656 0.01496466622
v -0.00725529762 0.002598176012 0.006685778499
v -0.007253066171 -0.002606803784 0.006680993829
v -0.007250378374 -0.00505518727 0.02258693799
v -0.007250112947 -0.001689845813 0.01595409214
v -0.0072485446 0.005057520233 0.01628901996
v -0.00724762911 0.0002949511108 0.01567737944
v -0.007246761583 -0.005021517631 0.01607621461
v -0.007246660534 0.002870391356 0.01416421589
v -0.007246561814 -0.000172046799 0.01561308466
v -0.00724498881 -0.001073868247 0.01582450978
v -0.007243451662 -0.004917797633 0.02309697866
v -0.007243095431 0.00502641825 0.01608527452
v -0.007241994143 0.0002964043524 0.01561638899
v -0.007241926156 0.002022211673 0.01501343772
v -0.007240561303 0.004921596963 0.02308881283
v -0.007239620201 0.005601692479 0.00598708028
v -0.007238181308 0.0005349427811 0.03173847497
v -0.007238092832 -0.002389092464 0.01406635717
v -0.007238053251 0.002255758271 0.01409879513
v -0.007237718441 2.695236981e-05 0.01958674006
v -0.007235139143 0.001819226309 0.01597788744
v -0.007235058118 0.001285636565 0.02021401003
v -0.00723484857 -0.003363865661 0.03146434575
v -0.00723319035 0.001494086464 0.02445899323
v -0.007232193369 0.002967845183 0.03146235645
v -0.007231966592 0.002249666024 0.0317138955
v -0.007230699062 -0.002651146613 0.03171131015
v -0.007227853406 0.001118546119 0.01499742176
v -0.00722473301 0.002233126899 0.01417404786
v -0.007222086191 0.001782037783 0.0163439475
v -0.007221445907 -0.00603668252 0.006011559162
v -0.007221148815 -0.002603791887 0.03245239705
v -0.007218542509 -1.370137943e-05 0.01891441084
v -0.007217394654 -0.001073665917 0.01579222828
v -0.007217176724 0.001040495234 0.01997403614
v -0.007215851918 0.0005693227868 0.01968021318
v -0.007215012331 -0.0009965973441 0.01994303428
v -0.007213768084 -0.0005179948639 0.01966399141
v -0.007213208824 -0.002240165137 0.01417707559
v -0.007211700547 -0.004026504699 0.03131525218
v -0.007209228817 -0.001773940865 0.01636696234
v -0.007208281662 0.001107703662 0.01507425029
v -0.007207836956 0.005667201243 -0.006281326059
v -0.007207747549 0.003636175767 0.03130922094
v -0.007206719834 0.001038259943 0.03180392459
v -0.007206718903 -0.00143826101 0.03180391714
v -0.007205911446 -0.003735274076 0.03166487068
v -0.007205296773 0.003768846858 0.02442559972
v -0.007204823196 -0.003991790581 0.03126215562
v -0.007203849964 0.003335264046 0.03166476265
v -0.007203536574 -0.005029357504 0.01605295949
v -0.007202158216 0.00167113205 0.01594047621
v -0.007200911641 0.003601353383 0.0312561579
v -0.007199998945 0.005034337286 0.01606246829
v -0.007198569365 -0.001635513152 0.01500268187
v -0.007198231295 -0.004058199003 0.03136912733
v -0.007196565159 -0.002359033795 0.01412738953
v -0.007196511142 -0.003767958144 0.02442632429
v -0.007196156774 -0.001385416952 0.02033083141
v -0.007195950951 0.001417410211 0.02037575655
v -0.007195557002 2.807501187e-05 0.01951732486
v -0.007194201462 0.003668008605 0.03136304766
v -0.007188565098 -0.00512192538 0.02250376716
v -0.007188201882 -0.001076403772 0.01572824083
v -0.007186920848 0.005123790819 0.02249675244
v -0.007186108734 -0.002089189366 0.0244148802
v -0.007186033297 0.001690020668 0.02440735698
v -0.00718413759 2.934209624e-05 0.01943684556
v -0.0071838242 0.0009824375156 0.03162676096
v -0.007183820475 -0.001382441609 0.03162675723
v -0.007182884961 -0.003021198558 0.01422979124
v -0.007182508707 -0.0001067812773 0.01943987794
v -0.007181893568 -0.001081577851 0.01566803642
v -0.007179105654 -0.003343183314 0.03145718575
v -0.007178389467 -0.003957498819 0.03121506236
v -0.007177991327 -0.002213538159 0.01505365875
v -0.007176518906 0.002947023138 0.03145512566
v -0.007174493279 0.003566985251 0.03120905161
v -0.007174058352 0.002137032803 0.03252473474
v -0.007173751015 -0.005012754817 0.02290474251
v -0.007173445076 0.0005879217642 0.01961477846
v -0.007171384059 -0.0005345519749 0.0195979774
v -0.007166165393 -0.004083662294 0.03141820803
v -0.007164231036 0.003983910196 0.0310695786
v -0.00716204429 0.00369361206 0.03141202778
v -0.007160848938 0.002866559662 0.01418125536
v -0.007160714362 0.0006123782368 0.01953944005
v -0.007158688735 -0.0005566553446 0.01952190883
v -0.007158128079 -0.001470184186 0.02048899233
v -0.007157809567 0.003945204895 0.03101871908
v -0.007156538777 0.002796332818 0.03211516514
v -0.007156067062 -0.005168776494 0.01657686383
v -0.007154770661 -0.001617962145 0.01506240945
v -0.007153286599 0.001058576745 0.01993447915
v -0.007151098922 -0.005142443813 0.02252143994
v -0.00715102721 -0.001013496425 0.01990287378
v -0.007149866316 0.004020748194 0.03112039343
v -0.007149644662 0.005144355353 0.02251431346
v -0.007148369681 0.002182855969 0.01604481973
v -0.007142540067 -0.0022529501 0.02436652407
v -0.007141597103 -0.003213848686 0.03211578727
v -0.007141164504 0.001664889161 0.01590082981
v -0.007140372414 -0.001425568946 0.01557331625
v -0.007139922585 0.002498799236 0.01425315067
v -0.007136641536 -0.001603932469 0.01513111591
v -0.007136200089 -0.001602550386 0.01513954718
v -0.007135348395 -0.00392721314 0.03117885441
v -0.007133369334 -0.001419431879 0.01570853777
v -0.007131523918 -0.004865382798 0.03065855429
v -0.007131431252 0.003536678152 0.03117281199
v -0.007131372578 0.003908498213 0.0309728682
v -0.00713069737 0.00156654953 0.01513556205
v -0.007130607497 -0.001500002574 0.02066685446
v -0.007128577214 -0.006193820387 -0.006233104039
v -0.007126186974 0.005075776484 0.02275965177
v -0.007125045639 0.001421218971 0.02035824023
v -0.007124878932 -0.00482104579 0.03061266802
v -0.007124776021 -0.001388890436 0.02031303383
v -0.007123956457 3.648596976e-05 0.0231495481
v -0.007119493559 0.00508453371 0.02273795754
v -0.007118801121 -0.005079067312 0.01613862254
v -0.007118357811 -0.004100132734 0.03145733848
v -0.007117885631 -0.003190691583 0.01431736629
v -0.007117412984 -0.004908083007 0.0307045076
v -0.007117096335 -0.0002931545896 0.02312497981
v -0.007116995286 0.005081980489 0.01614088751
v -0.007116598543 0.004051890224 0.0311658252
v -0.007115048356 0.001530322479 0.01553555019
v -0.007114141248 0.003710218938 0.03145106137
v -0.007113916334 0.001664237352 0.01586922072
v -0.007112370338 0.00157692458 0.03278141469
v -0.007110313978 0.001091699698 0.01987946033
v -0.007109106984 -0.00515365554 0.02253719419
v -0.007108096033 -0.001045072684 0.0198467318
v -0.007107751444 0.005155482329 0.0225299336
v -0.007107386831 0.001550154528 0.01880797744
v -0.007105445024 -0.002988529159 0.01423386112
v -0.007104624063 -0.0005027311272 0.02307580411
v -0.007104217075 -0.005221844651 0.01663774624
v -0.00710240379 0.005223955493 0.0166448541
v -0.007101031486 0.0005714673898 0.02305373736
v -0.007098269183 -0.004779485054 0.03057141975
v -0.007097021677 0.002517680405 0.0151176583
v -0.007096962538 0.002826921875 0.01421745121
v -0.007096213754 0.001662474941 0.02085337043
v -0.007094222587 0.001134886523 0.01981732063
v -0.007092180196 -0.001086382777 0.01978315599
v -0.007089504972 -0.001568965381 0.01882843859
v -0.00708937319 -0.00147889927 0.02047607303
v -0.007087897509 0.003877674695 0.0309368521
v -0.007085916586 0.004830828868 0.03026960045
v -0.007084390149 -0.004944714252 0.03074573539
v -0.007084353827 0.001667853445 0.01580679975
v -0.007079750299 -0.00390404393 0.03115732595
v -0.007078719791 0.004782428965 0.03022869863
v -0.007076726761 0.001675327658 0.01574807987
v -0.007076044101 0.00169657974 0.02096918412
v -0.007075794972 0.003513547359 0.03115125932
v -0.007075187284 -0.004417221528 0.03124293871
v -0.007074999157 0.005263138097 0.0218537692
v -0.007072687149 0.004877110012 0.03031166643
v -0.007072632201 0.004017145373 0.03124302812
v -0.007072345819 0.002162684919 0.03161282465
v -0.0070718606 -0.005146186333 0.02257452905
v -0.007070931606 -0.00256388681 0.03161070123
v -0.007069860585 -0.001500002458 0.02140009031
v -0.007069281302 -0.001125445706 0.0329500325
v -0.007069281302 0.0007230632473 0.03295003995
v -0.007067430299 0.004073965363 0.0312010292
v -0.007067185827 -0.005242203828 0.01662251726
v -0.00706698047 0.00247190427 0.01610635594
v -0.007065561134 0.005244375207 0.01662970893
v -0.007063661236 -0.001511855517 0.02066142485
v -0.007063611876 0.001446210779 0.02032737248
v -0.007063216064 -0.001413259073 0.02028119005
v -0.007057029288 -0.005276586395 0.02193960547
v -0.007056390867 0.005277224351 0.02193396911
v -0.007055176888 -0.0009922405006 0.02284125425
v -0.007054680493 -0.004745089915 0.03053913824
v -0.007051920984 0.004736671224 0.03019294329
v -0.007051074412 0.001050294726 0.02279950492
v -0.007050550543 3.649091741e-05 0.02316353284
v -0.007050001528 0.0004947038251 0.02014391311
v -0.007050001528 0.0005648106453 0.02305635065
v -0.007050001528 0.00121548993 0.02081229538
v -0.007050001528 0.001343104756 0.02126239799
v -0.007050001062 0.0004806628276 0.02266153507
v -0.007050001062 0.001696273102 0.02183030173
v -0.007050000597 -0.001343005453 0.02153790556
v -0.007050000597 -0.001032253262 0.02281313576
v -0.007050000597 -0.0009187826072 0.02238936163
v -0.007050000597 -1.683650112e-06 0.02274897322
v -0.007050000597 9.382337109e-07 0.02005127817
v -0.007050000597 0.000564810005 0.01974365488
v -0.007050000597 0.00105968595 0.02279268205
v -0.007050000597 0.001286049373 0.02021316625
v -0.007050000131 -0.001500000129 0.0216340553
v -0.007050000131 -0.00147056696 0.02231065556
v -0.007050000131 -0.001214760705 0.02198806219
v -0.007050000131 -0.001079990412 0.02002300136
v -0.007050000131 -0.0004939560895 0.0226565823
v -0.007050000131 0.001084942603 0.02220348269
v -0.007049999665 -0.001500000595 0.02066685446
v -0.007049999665 -0.001470567309 0.02048934437
v -0.007049999665 -0.001385418233 0.02246916667
v -0.007049999665 -0.001385417534 0.02033082955
v -0.007049999665 -0.00108254666 0.02059317939
v -0.007049999665 -0.00107999146 0.02277699858
v -0.007049999665 -0.000480223709 0.02013830096
v -0.007049999665 -0.0002930233313 0.02312529087
v -0.007049999665 -1.342731593e-09 0.00940000359
v -0.007049999665 0.0007187649026 0.02254276909
v -0.007049999665 0.0009203820955 0.02041232213
v -0.007049999665 0.001286048209 0.02258683182
v -0.007049999665 0.001301640994 0.02175852098
v -0.007049999665 0.001730347052 0.02113847993
v -0.0070499992 -0.001500001061 0.02213314362
v -0.0070499992 -0.001300165779 0.02103594877
v -0.0070499992 -0.0007156279753 0.02025523968
v -0.007049998734 -0.0002930244955 0.01967470534
v -0.007049998268 0.001696270541 0.02096969821
v -0.007046953775 0.002454909263 0.01511785667
v -0.00704564061 0.003550435649 -0.006182045676
v -0.007042475045 -0.002946593566 0.01426996384
v -0.007042013109 -0.003958407789 -0.00617979141
v -0.007040755823 0.004916510079 0.03035051562
v -0.00704061985 -0.002089432208 0.03138159588
v -0.007039363496 0.00169713737 0.03138003126
v -0.007037368603 -0.00240063644 0.01607724093
v -0.007035438903 -0.004971342627 0.03077784739
v -0.007032450289 -0.0005024397396 0.02309012972
v -0.00703153573 0.003855969524 0.03091451526
v -0.007029435132 -0.00255160057 0.01612227969
v -0.007029289845 -0.001509951428 0.02045673504
v -0.007029283792 0.005314973183 0.01719275117
v -0.00702926144 0.0005713680875 0.02306802943
v -0.007029204164 0.001670484082 0.02083980851
v -0.007025968749 -0.005253675859 0.01660884731
v -0.007024447434 0.005255813245 0.01661615446
v -0.007024103776 -0.00279259868 0.01437005494
v -0.007023035083 -0.005321867298 0.02151283808
v -0.007022465114 0.002244476229 0.02422164381
v -0.007020516787 0.00128590106 0.02258704044
v -0.007020216435 -0.005297377706 0.02195064351
v -0.007020055316 0.001489016693 0.02028715797
v -0.00701975124 0.005298011936 0.02194495313
v -0.007019745652 -0.001455392805 0.02023946121
v -0.007019120269 0.001750098309 0.0213851463
v -0.007017512806 -0.003890216816 0.03115243092
v -0.007014479022 0.005895485636 -0.004486346617
v -0.007014479022 -0.006297865883 -0.004486300517
v -0.007013503462 0.003499814076 0.03114630841
v -0.007008496672 0.004698324949 0.03016605787
v -0.007006943226 -0.00149999978 0.02213314548
v -0.007005806081 0.002655872377 0.01622148603
v -0.007004396059 -0.00154527952 0.02065661177
v -0.007003595587 -0.001511609997 0.02139449865
v -0.007003373466 -0.001385418 0.02246916667
v -0.007002979983 -0.002902888926 0.01432967838
v -0.007002776489 0.001428590505 0.02241064608
v -0.007002119906 0.004039104097 0.0241923891
v -0.006999785546 0.001543864957 0.02024307474
v -0.006999720819 -0.001509287045 0.0201936271
v -0.006998541765 0.005236199126 0.01653235406
v -0.006998265162 -0.004721467849 0.03051924147
v -0.006998010445 0.0007881431957 0.009399999864
v -0.006996972952 -0.0007959392969 0.009399999864
v -0.006995549891 -0.001470280578 0.02231049351
v -0.00699516898 -0.002643955406 0.01625123248
v -0.006994476076 -0.005609869491 0.02977526374
v -0.006993989926 -0.005354360677 0.01747198589
v -0.006993466988 -0.005348403938 0.01721312106
v -0.006993128452 0.005348664708 0.0172198005
v -0.006992962211 0.004944863264 0.03038210422
v -0.006990157533 0.003510273993 0.01451512706
v -0.006989111193 0.003473402932 0.006114941556
v -0.006988463458 0.001696373103 0.0218300689
v -0.006987361703 3.717266009e-05 0.02320338786
v -0.006986471824 -0.005557840224 0.02974032983
v -0.006986442022 0.001670146128 0.02192263305
v -0.006986122113 -0.0009941373719 0.02285514399
v -0.006985274144 -0.0015596546 0.02043332718
v -0.006983743515 -0.00230173301 0.03129739687
v -0.006983593572 0.002426708816 0.01515547931
v -0.006982964929 -0.00525548961 0.01659755222
v -0.006982728373 -0.003491524374 0.006101255771
v -0.00698265573 -0.005659346003 0.02981295809
v -0.006982540712 0.001052729087 0.02281301282
v -0.006981737446 0.002737628995 0.0161711257
v -0.006981165148 0.005257784389 0.01660476625
v -0.006979496684 -0.005309674423 0.02196062356
v -0.006979116704 0.005310192239 0.0219548475
v -0.006978304591 -0.002392659895 0.01603786834
v -0.006975684315 0.002071371302 0.03145292401
v -0.006975665689 -0.00546259759 0.03023997508
v -0.00697436044 -0.002471996471 0.03145109117
v -0.006970117334 0.001700122026 0.02082047053
v -0.006970017217 -0.000509810634 0.02312831953
v -0.006968368776 0.00384545722 0.03090787306
v -0.006968355272 -0.003545802552 0.01453936379
v -0.006967071444 0.0005800806102 0.02310561948
v -0.006964875851 -0.005514457822 0.03017463349
v -0.006963710766 0.003686738899 -0.006130983587
v -0.006962345447 -0.001621543779 0.02040881105
v -0.006961079314 0.005116664339 0.03017196618
v -0.006959906314 -0.001596796908 0.02065300383
v -0.006959537975 -0.005508285481 0.02971150167
v -0.00695775263 -7.109749651e-11 0.01078414917
v -0.006957019679 0.003348724684 0.03122558258
v -0.006956988014 -0.005369096529 0.01720497943
v -0.006956824567 0.005369302817 0.01721171103
v -0.006956781726 -0.003745452734 0.03122404963
v -0.006956071593 8.977036486e-06 0.01964976825
v -0.006954838056 -1.733767352e-09 0.01085923985
v -0.006954653654 0.001760827261 0.02137892321
v -0.006953445729 0.003378235735 0.01445206441
v -0.006952564232 -0.005701286253 0.02984955907
v -0.006952540483 0.004671361763 0.03015087359
v -0.006952499971 -0.005400067661 0.02076244727
v -0.006952237803 0.002822652226 0.01619333401
v -0.00695158029 -0.002391986782 0.01600700617
v -0.00695087295 0.0002257854503 0.02017056197
v -0.006950870622 -0.0001466304966 0.02015863173
v -0.00695072161 0.0001499582868 0.02264097519
v -0.006950706244 0.0002724335645 0.02018005215
v -0.00695059076 -0.0002224993659 0.02263003588
v -0.006950471085 -0.001177722472 0.02181889117
v -0.006950461306 -0.001160894171 0.02186349593
v -0.006950432435 -0.0002691831032 0.0226206705
v -0.006950018462 0.0006608092808 0.02033894882
v -0.006950007286 0.0007884077495 0.02042999677
v -0.006950000301 -0.0004446507082 0.02023175918
v -0.00694999937 0.0004450556007 0.0225680843
v -0.006949984469 0.0006199407508 0.02031456307
v -0.006949980278 0.0007042894722 0.02243270352
v -0.006949963048 0.0008521800628 0.02048551477
v -0.006949951407 -0.0007070487482 0.02036918513
v -0.006949941628 0.0009774207138 0.02217919752
v -0.006949935108 0.001006416627 0.02214136347
v -0.006949919742 0.0009442290175 0.02058089711
v -0.00694991881 0.0009747518343 0.02061746642
v -0.006949901581 0.00118024135 0.02181173861
v -0.006949896459 0.001195078949 0.02176644281
v -0.006949887611 -0.0006579975598 0.02246280015
v -0.006949884817 0.00116211921 0.02093959041
v -0.00694988342 0.00123425317 0.02159777656
v -0.006949881557 -0.0009795024525 0.02062342316
v -0.006949880626 0.001178825391 0.02098422684
v -0.006949878298 0.001249998575 0.02139786258
v -0.006949876901 0.001249007648 0.02135021053
v -0.006949875504 -0.0007884089136 0.02237000316
v -0.00694987271 -0.001008397085 0.02066132799
v -0.006949867588 -0.000617047539 0.02248708531
v -0.006949841045 -0.001234256779 0.02120222151
v -0.006949836854 -0.001196054509 0.02103673853
v -0.006949831732 -0.001181338099 0.02099141292
v -0.0069498308 -0.0008506081649 0.02231595479
v -0.006949789356 -0.001248872373 0.02145311236
v -0.006949745584 -0.0009726813878 0.02218510397
v -0.006949739531 -0.001249990542 0.02140546031
v -0.006949723698 -0.0009420565329 0.02222160436
v -0.006949339993 0.002322738292 0.01870029047
v -0.006949243136 0.005403614603 0.0207066983
v -0.006948936731 -0.0006699490477 0.03306708485
v -0.006948933005 0.0002675711003 0.0330670923
v -0.006945711095 -0.003700048896 0.00525230309
v -0.006944784895 -0.001544376719 0.02138953283
v -0.006944508292 0.003299952485 0.005252278876
v -0.006943386979 3.829132038e-05 0.02326378226
v -0.006943384185 -0.0002936565725 0.01967466623
v -0.006941481959 0.002399686491 0.0152162835
v -0.006941364612 -0.001511187758 0.02212742902
v -0.006937400904 -0.001391571946 0.0224796813
v -0.006937308237 0.001435352955 0.0224203337
v -0.006937135477 -0.005312708206 0.02196896821
v -0.006935204379 -0.001660431619 0.02065100148
v -0.00693509914 -0.004710865207 0.03051353991
v -0.006931053009 -0.002340357285 0.01872675121
v -0.006930446252 -0.001480690786 0.02231360041
v -0.00692902226 0.005959175527 -0.0006421461003
v -0.006929019466 -0.006361558568 -0.0006419445272
v -0.006926815957 -0.002195394132 0.03286057338
v -0.006926429458 0.002376757329 0.01529528946
v -0.006926256698 -0.003530131886 0.01453379542
v -0.006926099304 0.001747843693 0.02079758979
v -0.006925936323 -0.0005240596365 0.02318545431
v -0.006925615482 -0.001009708853 0.02288764529
v -0.00692439964 3.975446089e-05 0.02333608642
v -0.00692437822 0.0029990857 0.01524248347
v -0.006924348883 0.0005493607605 0.01973839663
v -0.006923363078 -0.0001046014004 0.02333362028
v -0.00692314934 0.005431824829 0.0186456386
v -0.00692294864 0.0005963484291 0.02316166833
v -0.006922514178 0.001680392772 0.02192508802
v -0.006922355387 0.001069564838 0.0228443481
v -0.006922214758 0.004610391334 0.03082934767
v -0.006922211032 -0.005012770183 0.03082934022
v -0.00692175515 -0.002397100907 0.0159464702
v -0.00692158984 0.005427361466 0.0207634978
v -0.006921484601 -0.005427580792 0.0207662154
v -0.006920954678 -0.005331864115 0.02187291905
v -0.006919521838 -0.0054358528 0.01879459247
v -0.006919024512 0.006142513361 0.006437582429
v -0.006917967461 -0.0005312271533 0.01973317936
v -0.006917694584 -0.005437850021 0.01983893104
v -0.006916839164 -0.005381635856 0.01719756983
v -0.006916753482 0.005381691735 0.01720441692
v -0.006916604005 -0.005466269329 0.02969169803
v -0.006915546488 -0.002892881399 0.01620909758
v -0.006914453115 -0.002999183256 0.01525020041
v -0.006912924815 -0.004927113652 0.03029476851
v -0.00691267848 -0.002407273278 0.01588966511
v -0.006912486162 -0.00294916681 0.02409783937
v -0.006910014898 -0.002849998185 0.005945317913
v -0.006910013501 0.002649999689 0.005945314653
v -0.006908538286 -0.006561537739 0.006456604693
v -0.00690722838 0.002998898039 0.01574211568
v -0.0069068023 -0.005731327459 0.02988133952
v -0.006905824877 -0.0005431455793 0.02325361781
v -0.006902437191 0.0006180135533 0.02322851494
v -0.006901989691 0.001807943452 0.02077389136
v -0.006900309585 -0.001594976638 0.02138577774
v -0.006900191773 0.005450404249 0.01839825138
v -0.006899491418 -0.005451365374 0.01839450188
v -0.006898597814 0.005357330665 0.01703450643
v -0.006897117943 0.001792023075 0.02137319744
v -0.006896608043 -0.002998869168 0.01574445143
v -0.006895558443 9.34231939e-05 0.02375528216
v -0.00689407438 -0.005363367498 0.01705773361
v -0.006890045945 0.002861872548 0.005902497098
v -0.006890045013 -0.00306187314 0.00590249477
v -0.006890000775 0.004658341873 0.03014869802
v -0.006889540236 -0.003716859967 0.01466324553
v -0.006888738368 0.002980846446 0.01524501573
v -0.006888501812 0.003328283317 0.01448431425
v -0.006888092496 0.005370166153 0.02165077627
v -0.006887484342 0.002998817712 0.01624167524
v -0.00688725803 0.005465541035 0.02937837318
v -0.006887197029 -0.0035092209 0.01453768928
v -0.006885653827 0.005447772797 0.02076708153
v -0.006885394454 -0.005447987001 0.02076981962
v -0.006883792114 0.005468158983 0.01958095282
v -0.006883697119 -0.005468272604 0.01958056353
v -0.006883192807 -0.001543330844 0.02212236263
v -0.006881308276 -0.001037273789 0.02293494344
v -0.006879866589 0.002995747142 0.01624080725
v -0.006879065651 0.001459496096 0.02244167775
v -0.006878947373 -0.00141478586 0.02250269614
v -0.006878884975 0.005411340389 0.02934759483
v -0.006878016517 0.001098694513 0.02288982645
v -0.006876868196 -0.002998767421 0.01623849943
v -0.006876204628 0.00551705109 0.02941293828
v -0.006875092164 -0.001657646964 0.02138364874
v -0.00687252963 -0.001510540256 0.02232338302
v -0.006871671416 0.004752977751 0.03003657609
v -0.006869337521 -6.870787279e-10 0.01211107057
v -0.006867513061 -0.002107957844 0.03293239325
v -0.00686528068 0.001709664008 0.0219335407
v -0.006864374969 0.005470685661 0.01839608327
v -0.006863521878 -0.00547166774 0.01839243062
v -0.006861644331 -0.005436053034 0.02968302183
v -0.006860252004 -0.0002011921606 0.03312265128
v -0.006859338377 0.003296795767 0.03121211566
v -0.006859094836 -0.003693708684 0.03121042624
v -0.006858380511 -0.001073260792 0.02299102768
v -0.006856171414 -0.0004080524377 0.01210573316
v -0.006854590029 0.001136549981 0.02294377238
v -0.006853812374 0.00296799955 0.01574016362
v -0.006852916442 -0.002938830061 0.01527645253
v -0.006852840539 0.00184028619 0.02136857994
v -0.006852006074 0.005359650124 0.0293235369
v -0.006851586979 0.003274176503 0.01454310399
v -0.006849849131 0.003226476721 0.01461701002
v -0.006849487312 0.003806693247 0.01473120134
v -0.006849342026 -0.002957869321 0.01574268565
v -0.006849045865 -0.0007524865796 0.02375420928
v -0.006848062389 0.005488351453 0.01958136447
v -0.006847816985 -0.005488441791 0.01958096214
v -0.006847177632 0.005560737569 0.02944780141
v -0.006846207194 0.005460265558 0.02077033184
v -0.00684586633 -0.005460568704 0.02077310905
v -0.006838882342 -0.002850000281 0.005899999291
v -0.006838881876 0.002650000155 0.005900003016
v -0.006838852074 -0.001593000256 0.02211850137
v -0.006834783591 0.003040611744 0.005783982575
v -0.00683478266 -0.003240612568 0.005783983506
v -0.00683461735 0.001498297439 0.02247239463
v -0.006834582426 -0.005431449041 0.02117331512
v -0.006834535394 -0.001452564844 0.0225357227
v -0.006833345164 0.006227246486 0.004943395965
v -0.00683333911 -0.006629643962 0.00494374102
v -0.006833007559 0.0008795825415 0.02375387028
v -0.006831072737 -0.002896710532 0.01530093793
v -0.006830803119 0.001033040113 0.01998714544
v -0.006829970516 0.002964304062 0.01622231118
v -0.006829474587 -0.002956946148 0.01620434783
v -0.006828647573 -0.0007257233956 0.01209404692
v -0.006828289945 -0.003258428304 0.0146358246
v -0.006828062236 -0.001556692761 0.02233881876
v -0.006827906705 -0.00300003821 0.005876957439
v -0.006826246157 0.001900373842 0.02136554755
v -0.00682613533 -0.002766727004 0.01539348904
v -0.006825993769 0.002918176586 0.01527150255
v -0.00682510389 0.005483136978 0.01839410886
v -0.00682417769 -0.005484241527 0.01839052513
v -0.006823167671 -0.003457061481 0.0145695284
v -0.006821925286 -0.00101747422 0.01997646689
v -0.006821693853 0.002833337756 0.005864861887
v -0.006820867769 0.001754843397 0.02194713615
v -0.006819394417 -0.002850174671 0.01533208694
v -0.00681727333 0.005451111123 0.01776371151
v -0.00681631593 0.00251119351 0.03256832436
v -0.006816312671 -0.002913577249 0.03256832063
v -0.006816102192 -0.0008314469014 0.01208869368
v -0.006814473774 -0.002898494946 0.01574107818
v -0.006812942214 -0.001654412481 0.02211623825
v -0.006811740808 -0.002766744001 0.01574060693
v -0.006810683291 -0.001677654334 0.00939999707
v -0.00680949958 0.005315686576 0.02930857055
v -0.006809295155 0.002442373196 0.03105342574
v -0.00680892868 0.005500785541 0.01958173886
v -0.006808811333 -0.001500444137 0.02257491834
v -0.006808596198 -0.005500935484 0.01958132908
v -0.006808544509 0.001547438907 0.02250902727
v -0.006806596648 0.003549357643 0.005257189739
v -0.006806588266 -0.003951745573 0.005257328507
v -0.006806221791 0.002913190518 0.01573827304
v -0.006804980803 0.005464380141 0.02077314816
v -0.006802768447 0.002745656762 0.01539086457
v -0.006802648306 0.005592103116 0.02947943099
v -0.006801969372 -0.002824647585 0.01574035734
v -0.006801539101 -0.001613890752 0.02235814184
v -0.006801328622 -0.002766788937 0.01598040015
v -0.00680122152 0.002750706626 0.01538655255
v -0.006800376344 -0.005420474336 0.02968607284
v -0.006799727213 -0.002771120518 0.01598645747
v -0.006797670852 -0.005472621415 0.02064766362
v -0.006795987021 -0.003133612452 0.005811783485
v -0.006794075016 0.002826787531 0.01532900613
v -0.006793607026 0.001811160124 0.02196440659
v -0.006789746694 -0.002865336603 0.01610503718
v -0.006789561827 0.002746421145 0.01573746093
v -0.006787725259 -8.223957738e-09 0.01244174317
v -0.006786660757 0.005484514404 0.01832475699
v -0.006786200218 -0.003400098998 0.01462619379
v -0.006783840712 0.002904235153 0.01616699807
v -0.006781889126 0.002848525532 0.0157372728
v -0.006781780161 0.002776257694 0.01573718898
v -0.006780970376 -0.003373183077 0.01466112211
v -0.00677988492 0.002746753395 0.01597603597
v -0.006779401563 -0.005492696539 0.01851691306
v -0.006779326126 0.001193503616 0.02375277877
v -0.006778138224 0.002751241904 0.01598216966
v -0.006773923524 0.005498726852 0.0200014431
v -0.00677380478 -0.006060385611 0.02936363779
v -0.006773112807 0.002992308 0.005764462054
v -0.006768715102 0.00339808967 0.01473589335
v -0.006768258289 -0.001241593738 0.0237525627
v -0.006768034305 0.005505044013 0.01957729273
v -0.006767733954 -0.003203911707 0.005753197242
v -0.006765339524 0.002826703247 0.0160789676
v -0.006764097139 -0.001217403798 0.03318635002
v -0.006764092017 0.0008150260546 0.03318634629
v -0.006761563476 0.002913912991 0.02389799245
v -0.006755280774 0.005283873063 0.02930433117
v -0.006753915455 -0.004339286592 0.0238961596
v -0.006752380636 0.003158244072 0.005607269239
v -0.006752377376 -0.003358244663 0.005607265513
v -0.006749328226 0.001286946121 0.02021367662
v -0.006745794322 -0.003244807245 0.005706802011
v -0.006737390999 9.940252312e-06 0.01960389689
v -0.0067266603 0.001386709046 0.01204829477
v -0.006724430714 -1.168605945e-08 0.01256362349
v -0.006722429767 -0.003623930272 0.03209843859
v -0.006722426973 0.003221553285 0.03209843859
v -0.006717081182 -0.003281555139 0.01733587682
v -0.006716131233 0.001469321549 0.03310144693
v -0.006714596413 0.00306601706 0.01857025921
v -0.006710190792 -0.006180032622 0.02879767492
v -0.006709707901 0.0005445947754 0.01968997344
v -0.006703710649 -0.0005253903801 0.0196844656
v -0.00670351088 -0.003086098237 0.01859989949
v -0.006702259649 0.00149668532 0.01203785185
v -0.006701437291 -0.006123594474 0.02877217531
v -0.006699982099 -0.006233865395 0.02882810496
v -0.00669966545 0.003171392949 0.03112353384
v -0.006699429359 -0.003568740794 0.03112169355
v -0.006698959041 0.003103473457 0.005609208718
v -0.006697116885 -0.001470565447 0.02048934624
v -0.006697115023 -0.001500001643 0.02066685818
v -0.006697115023 -0.001385418582 0.02033083327
v -0.006696506869 0.00141323416 0.02036757581
v -0.006694929674 0.005267166998 0.02931097895
v -0.006693408825 -0.001561108045 0.02375105023
v -0.006691950839 0.003486818867 0.01607246697
v -0.006691786926 0.004117267672 0.03142020106
v -0.006691784598 -0.004519645125 0.03142018989
v -0.006691379473 -0.003474898869 0.0161054749
v -0.006683181971 -0.0007317327545 0.01254617143
v -0.006677330937 -0.003322896315 0.005562388338
v -0.00667466037 -0.006069901865 0.02875397168
v -0.006672162563 -0.006279779598 0.02886037715
v -0.006660428364 -0.004164387006 0.01503305789
v -0.00665572891 -0.003399999812 0.005399996415
v -0.006655727979 0.003199998522 0.005399999674
v -0.006653100718 0.001712923637 0.02375022322
v -0.006653100718 0.003147620708 0.02375022508
v -0.006650415249 0.004471421242 0.02374791354
v -0.006648900919 3.142177229e-05 0.0231498871
v -0.00664696563 0.004330764525 0.005381206516
v -0.00664688088 -0.003560065757 0.02375009656
v -0.006646879483 -0.001728788833 0.02375009656
v -0.006645875983 0.00320000085 0.005378869362
v -0.006645875052 -0.003400000511 0.005378867034
v -0.006645763293 0.002165047685 0.009400002658
v -0.00664328225 0.004284614231 0.03053090163
v -0.006637855899 -0.0002935347438 0.02312523499
v -0.00663271267 -0.006024322473 0.02874486521
v -0.006629063282 -0.006313106976 0.02889132313
v -0.006627369206 -0.005802238826 0.02908050828
v -0.006627053954 0.001029457548 0.01993420161
v -0.006625785958 -0.001394138555 0.02033533342
v -0.006622456014 0.004504040349 0.02370910719
v -0.006621018052 -0.00472579198 0.03048758022
v -0.00661830185 -0.001013978268 0.01992356963
v -0.006616926752 -0.006998447701 0.006982963532
v -0.006616328377 -0.0005110838101 0.02307345718
v -0.006616048515 0.006597269792 0.006981364917
v -0.006614645943 0.002923644613 0.03077936731
v -0.006612907164 -0.004406017251 0.005308169872
v -0.006612363271 0.00303836423 0.03096918017
v -0.006612161174 -0.003436225001 0.03096736781
v -0.006610414013 -0.003349553561 0.005421129055
v -0.006610413548 0.003149551805 0.005421128124
v -0.006610299926 0.0005696198205 0.02305457741
v -0.006609472446 0.006610902958 0.007901072502
v -0.00660706358 -0.001842349884 0.01199979894
v -0.006604390219 -0.007015783805 0.008355010301
v -0.006603407208 -0.004282388836 0.005287792999
v -0.006603265181 0.003880240722 0.005287492182
v -0.006600559689 0.00315000047 0.005400000606
v -0.006600558758 -0.003350001527 0.005399997812
v -0.006597023923 0.001877096482 0.03302976117
v -0.006597021129 -0.002279478591 0.03302975744
v -0.006589930505 -2.341162664e-08 0.01273911726
v -0.00658973027 -0.0007337378338 0.03332674876
v -0.006589727942 0.0003313582565 0.03332674503
v -0.006587238982 0.00267212349 0.02125082351
v -0.006584453862 0.002317292383 0.009400001727
v -0.006581409834 -0.002324543893 0.009400002658
v -0.006580761168 0.001398546738 0.01250029262
v -0.006579400972 -0.005991392303 0.02874585986
v -0.006575343199 0.006612056866 0.009588825516
v -0.00657532597 -0.002702857368 0.02126462944
v -0.006574201398 -0.004661031067 -0.005879170261
v -0.006563059986 -0.001390473219 0.0203102529
v -0.006562046707 -0.001456882223 0.01249411888
v -0.006554421037 1.161841737e-05 0.01947535016
v -0.006553571671 0.001659811242 0.02084489912
v -0.006550552323 -4.999948578e-05 0.0168893151
v -0.006550054066 -9.510534437e-05 0.01688910276
v -0.006549295969 0.006626839284 -0.005862531718
v -0.006541859359 -0.003480100539 0.03066936694
v -0.006538408808 0.004277895205 0.01514962222
v -0.006537509616 0.006005336065 0.02830267511
v -0.006533877924 -4.999994417e-05 0.01663010567
v -0.006533038337 -0.001000775839 0.02283532917
v -0.006532901898 -0.006991117727 0.01068644039
v -0.006532015279 0.006589956582 0.01068609674
v -0.006529056933 0.0005685049691 0.01956620999
v -0.006528676488 0.005947493948 0.02828081138
v -0.006527554709 0.006060755812 0.02833000571
v -0.006525611039 0.001050608582 0.022799436
v -0.006523299497 -0.0005463946727 0.01956043392
v -0.006522913929 0.00169609522 0.02096883953
v -0.00652016094 -0.005974124186 0.02875663154
v -0.006515529938 -0.0001000003904 0.01655523293
v -0.006513909437 0.004278016742 0.0305135753
v -0.006511282176 -0.003887775121 0.01513828151
v -0.006510618143 -0.004680749495 0.03050840273
v -0.006510138046 -0.002147131832 0.01195890736
v -0.006508967374 -0.001375683467 0.02025876753
v -0.006507015321 0.001418888569 0.0203153342
v -0.006502003409 0.005892706104 0.02826645598
v -0.006500133313 0.006108300295 0.02836005203
v -0.00649717683 0.004252950195 0.01514928043
v -0.00649417378 0.002252688399 0.02351512201
v -0.006492334884 -0.004651416559 0.02352022007
v -0.006491612177 -0.003853573697 0.02374685742
v -0.006491608452 0.003453576006 0.02374685556
v -0.006485896651 -0.007114261389 -0.005819847807
v -0.006485647522 -0.004971129354 0.03023641557
v -0.006484521087 0.00562026957 0.02866306156
v -0.006483497564 -0.001363968477 0.0202227626
v -0.006478818599 0.004382309038 -0.005815056153
v -0.006472712848 0.001285542618 0.02258703858
v -0.006470109336 -0.002259356668 0.01194207557
v -0.006463712081 -0.001433705096 0.03333259746
v -0.00646077795 0.004222563002 0.01515789423
v -0.006460314617 0.005846437998 0.02826100402
v -0.006458886433 -0.004419768229 0.01528359856
v -0.006457535084 0.006143148523 0.02838985436
v -0.006454877555 -0.002362498548 0.02346057631
v -0.006452801637 0.001074184198 0.01982443593
v -0.006446979474 3.09920506e-05 0.02318830043
v -0.006446697284 0.001236706972 0.01655095629
v -0.006445744075 -0.001470567076 0.02231065743
v -0.006445743609 -0.001385418349 0.02246916853
v -0.006445743144 -0.001500001177 0.02213314734
v -0.006444122177 -0.00105695636 0.01981348917
v -0.006443658378 0.001749831601 0.02137925662
v -0.006443157792 -0.001424273592 0.02029746957
v -0.006441164762 0.005861879792 0.02938697115
v -0.00644116383 -0.006264261901 0.02938697115
v -0.006440658588 -0.004541482311 0.01540036779
v -0.006440206431 0.001429800526 0.02240882069
v -0.006438212469 1.324021105e-05 0.01928453706
v -0.006436895579 -5.000039528e-05 0.01859420538
v -0.006436771713 0.002420186531 0.02342348546
v -0.006436234806 -0.001416963758 0.0168381054
v -0.006435400806 -0.0001000018092 0.01863639802
v -0.006431410555 0.004188456573 0.01517502312
v -0.006431339774 0.00617517205 0.02831377275
v -0.006429565139 0.004537323024 0.01539557427
v -0.006423826329 0.0009571571136 0.0333631523
v -0.006422523875 -0.001387404976 0.02246740647
v -0.006420518272 1.233465537e-05 0.01884852909
v -0.006419441663 -0.0005055642105 0.02311385423
v -0.00641905563 -4.575604544e-05 0.01887457073
v -0.006418074947 -0.004394487478 0.01528375037
v -0.006417002529 -0.006908180192 0.01263200678
v -0.006416277494 0.001604050281 0.01682917774
v -0.006416277029 -0.006909346674 0.0126304226
v -0.006415258162 0.006508088205 0.01263196766
v -0.006415258162 -0.006910466589 0.01263196766
v -0.006414753385 0.0005643765326 0.02309506014
v -0.006414487958 -0.006880309898 0.01266893558
v -0.006414425094 0.006477932446 0.01267192606
v -0.006412956864 -0.001391603146 0.01654125564
v -0.006412683986 -0.006841389462 0.01271908078
v -0.006412422284 0.006493078545 0.01276800688
v -0.006412421819 -0.006895460654 0.0127679836
v -0.006412131712 0.0006170197157 0.01938621327
v -0.006410631351 0.004215367604 0.03051166981
v -0.006409888156 0.004055250436 0.0153026795
v -0.0064095743 -0.006880309898 0.01290465984
v -0.006409572903 0.006477931049 0.01290465798
v -0.006408015266 0.00016419639 0.01902979054
v -0.006407692097 -0.004635455087 0.005352020729
v -0.006407403853 0.00581328338 0.02826512419
v -0.006407254376 1.446884198e-05 0.01906299964
v -0.006407103967 -0.004618186038 0.03050703369
v -0.006406738423 0.0001064467797 0.01906589605
v -0.006406373344 -0.0005917067756 0.01938007586
v -0.006406255998 -0.001500000362 0.02060060017
v -0.00640558498 -9.360322292e-05 0.01906561479
v -0.006403147243 0.001671296661 0.0219188612
v -0.006402027793 -0.003789981594 0.0184583459
v -0.006400278769 0.000361607119 0.01917924359
v -0.006399911828 0.004117094912 0.01523039211
v -0.006396894343 0.003762673354 0.01842833869
v -0.006394993979 0.0004035001039 0.0191356726
v -0.006393876392 0.002080501989 0.01242050249
v -0.006390440743 0.0005238213926 0.01921182498
v -0.006389837712 -0.001465899986 0.02036726475
v -0.006389595568 -0.004767030478 0.02335253358
v -0.006389211863 -3.263313553e-08 0.01289980486
v -0.006386435125 -0.001277574571 0.01998854801
v -0.006377869286 0.004750358872 0.03002511896
v -0.006377740763 0.001677957363 0.0208038725
v -0.006377179641 -0.00402231887 0.01717534475
v -0.006372486707 -0.0001000017219 0.0162515156
v -0.006370949559 -0.0006541340263 0.01917221025
v -0.006369209848 0.006336109713 0.01435596123
v -0.006366508082 0.004012543242 0.017144382
v -0.006360593252 -0.002163911937 0.01240806747
v -0.006357146893 0.003449926618 0.03038111702
v -0.00635509938 0.006160562392 0.01303725131
v -0.006353794597 0.0008791724104 0.01927465945
v -0.006353716832 -0.004328985233 0.01531015616
v -0.006352632307 -0.001384559437 0.0224835854
v -0.006348975003 -0.0007112600142 0.01288246363
v -0.006348633207 0.005796259735 0.02827816457
v -0.006348292343 -0.0009996809531 0.02287607454
v -0.006343527231 -0.006531866267 0.01306594256
v -0.006342591252 0.001050930354 0.02283943444
v -0.006342369597 -0.003872583155 0.0303552188
v -0.006341440603 0.001480681356 0.02022856846
v -0.006339463871 -0.001313548652 0.01996699348
v -0.006339106709 -0.00667408295 0.01525363326
v -0.006338826846 0.0009829608025 0.01937607303
v -0.006337161176 0.004824248143 0.02326131612
v -0.006336105056 -5.000005331e-05 0.01620212384
v -0.006336010061 -0.001184127759 0.01975646429
v -0.006335249636 0.006109167356 0.01308844425
v -0.006334313191 0.001160536893 0.01967333071
v -0.006332673132 0.001204145839 0.01627142169
v -0.006325641647 -0.001141204382 0.01966155693
v -0.006323453039 -0.001016760478 0.01933322847
v -0.006321592256 -0.004256704822 0.01536375657
v -0.006321120542 -0.00113306928 0.01963116787
v -0.006321071647 -0.004222952761 0.01539788488
v -0.006319575943 0.001114835613 0.01938824914
v -0.006313031074 -0.004849683959 0.02321868762
v -0.006310306955 -0.006798618473 0.01277028676
v -0.006308998447 0.006397056859 0.01277205907
v -0.006308630109 -3.08704069e-08 0.01294354349
v -0.006305854302 0.004857332911 0.02320558205
v -0.006304895505 0.003286867635 0.02120381594
v -0.00630020909 -0.001352914958 0.01625956036
v -0.006298759487 0.002091264585 0.0330760181
v -0.006298754364 -0.002493644832 0.03307601064
v -0.006298657041 -0.001360756578 0.0199903883
v -0.006298111286 0.001217057579 0.01950757392
v -0.006297165528 0.006212543231 0.01657654531
v -0.006297023036 -0.006614780053 0.0165815074
v -0.006294230465 -0.004245342687 0.01594077609
v -0.006292220671 0.002801848575 0.02317327634
v -0.006291399244 0.002162636258 0.01677667908
v -0.006291168742 0.006197022274 0.01665267162
v -0.006289440673 -0.001167096081 0.01953191124
v -0.0062883012 -0.006591252983 0.01667404175
v -0.006287696771 -0.001210366026 0.01963893697
v -0.006287639029 0.004665718414 0.01554274373
v -0.00627972139 -0.003369264305 0.0325560607
v -0.006279720925 0.002966885921 0.03255605698
v -0.00627926318 0.002713892842 0.01186185516
v -0.006278928369 -0.001747648581 0.01825521514
v -0.006276763044 0.001776119112 0.02136035822
v -0.006276217755 0.006153748371 0.01671065576
v -0.006276160013 0.006150477566 0.01665931754
v -0.006275359541 0.00425180234 0.01590818539
v -0.006273015402 3.227874186e-05 0.0232979469
v -0.006270315032 -0.006540372968 0.01672768965
v -0.006269440986 -0.001244576299 0.0196490977
v -0.006268799771 0.001443319139 0.02243809216
v -0.006267587654 0.006130489055 0.01672675274
v -0.006258883979 -0.001358194859 0.02256129682
v -0.00625509955 -0.001356543624 0.02256587707
v -0.006252895109 -0.001303253695 0.01974913292
v -0.006251590792 0.003667417681 0.03201611713
v -0.006251168903 0.006089799106 0.01674201339
v -0.006250592414 0.006291798316 0.02832044102
v -0.006250591483 -0.006694180891 0.02832043916
v -0.006249491125 0.001359692891 0.01283817366
v -0.006248638034 -0.0005217598518 0.02321884781
v -0.006248276681 0.004053066019 0.03044254147
v -0.006248233374 -0.001318934024 0.01977812126
v -0.006245405879 0.004638641141 0.01553966943
v -0.006244750693 0.0005834228359 0.02319860086
v -0.006244494114 -0.004455447663 0.03043871932
v -0.006243314594 -0.00647440413 0.01674985886
v -0.006239399314 0.004317668732 0.01557007711
v -0.006239134818 0.004815567285 0.01571416855
v -0.006237825379 0.001695898827 0.0219264403
v -0.006237281952 -0.002937637735 0.02307798341
v -0.006233720575 0.001523467479 0.01967690885
v -0.006232351065 -0.004087629728 0.03201177344
v -0.006231763866 0.005919675808 0.01326158643
v -0.00623105187 -0.001416208339 0.0128312055
v -0.006221593358 0.001590674859 0.0201179944
v -0.006220771465 0.001750899595 0.02074849419
v -0.006216521375 0.0005401235539 0.03349766508
v -0.006214823574 -0.001500001643 0.02217403799
v -0.0062144408 0.004353625234 0.0156097021
v -0.006213421933 -0.004893785808 0.01582105458
v -0.006212368608 -0.001417872962 0.02249653637
v -0.006210165564 0.006003882736 0.01673665084
v -0.006209922023 -0.001430411241 0.02003237605
v -0.006208566017 0.004605003633 0.01554582641
v -0.006207247265 -0.004815952387 0.0157243032
v -0.006207236089 -0.00143694703 0.02005198784
v -0.006206230726 0.001600213232 0.01981828734
v -0.006205252372 0.003719042987 0.03012179956
v -0.006202377379 -0.004119374324 0.03011875413
v -0.006200759672 -0.006385694724 0.01664148644
v -0.006200384349 0.00598591147 0.01673015952
v -0.006196370814 -0.00677795615 0.02729194984
v -0.006196003873 -0.006380690262 0.01673221402
v -0.006194426678 -0.001465026289 0.02014987543
v -0.006191938184 -0.004852533806 0.005406255368
v -0.006187598221 0.005961035844 0.01664608158
v -0.006187503226 -0.006718240678 0.02727554552
v -0.006186979357 0.002898819745 0.01182440761
v -0.0061864038 -0.006835768465 0.02731402777
v -0.006185205653 -0.001035387861 0.02296511084
v -0.006184028927 -0.006258297712 0.01331249438
v -0.006183598656 0.001699630753 0.01985040307
v -0.006182937883 0.007100621704 -0.005609327462
v -0.006181090605 0.004738321993 -0.005608008709
v -0.006180560216 0.001089518308 0.0229256805
v -0.006179709453 -0.007507182192 -0.005607024767
v -0.006179544609 0.0045668846 0.01556089427
v -0.006178220268 -0.005144510418 -0.005605958868
v -0.006176449358 0.003790949937 0.03021426126
v -0.006175717805 -0.001578579308 0.02010424063
v -0.006174122449 0.003873873036 0.03030183166
v -0.006173162255 -0.0041918098 0.03021108732
v -0.006170534994 -0.004275299143 0.03029851243
v -0.006169760134 -0.00548035698 0.02959267423
v -0.006169504952 -0.001499186968 0.020382002
v -0.006166547071 -0.001499988022 0.0204169862
v -0.006166524719 -0.003133875551 0.00939999707
v -0.006166144274 -0.001499999897 0.02042198554
v -0.006164429709 -0.004789251834 0.01572133787
v -0.006164381746 -0.004452318419 0.01572100818
v -0.006163515616 -0.001462969114 0.02242013998
v -0.00616230024 0.001734638354 0.01999770105
v -0.006160764024 -0.006662263535 0.02726634778
v -0.006160677411 -0.00491942931 0.004338363186
v -0.006160596386 0.004517155234 0.004338183906
v -0.006159982644 -0.001500001876 0.02049860917
v -0.006159954239 -0.006321541499 0.01668975689
v -0.006158928853 -0.00688595837 0.02733952738
v -0.006152680144 0.005907999817 0.01667269319
v -0.006152333226 0.001771495445 0.0200128071
v -0.006151895039 3.471584569e-05 0.02346402593
v -0.006151467096 0.004486904945 0.01561341062
v -0.006150000263 -0.003349999432 0.005399997812
v -0.006149999797 -0.003311940003 0.005591341294
v -0.006149999797 -0.003041342366 0.005861938
v -0.006149999797 -0.002850000048 0.005900001153
v -0.006149999797 0.003003553022 0.005753555801
v -0.006149999797 0.003083011834 0.005650001578
v -0.006149999332 -0.003203554545 0.005753553938
v -0.006149999332 0.003149999538 0.005400002003
v -0.006149998866 0.002899999032 0.005833011586
v -0.0061499984 0.002649998059 0.005899997894
v -0.006149538793 0.002532350831 0.01642430946
v -0.006147053558 0.00180963194 0.01998041198
v -0.006144429091 0.004847701173 0.005547366105
v -0.006140595768 -0.0001000010816 0.01601466537
v -0.006139914505 -0.00629188912 0.01665469445
v -0.006139874458 0.001163646812 0.01604018174
v -0.006137109362 -0.0002011893957 0.03355439752
v -0.006128519308 0.005873318762 0.01662387699
v -0.006128462963 -0.006275770254 0.01662928425
v -0.006127877161 -0.004754913505 0.01572732069
v -0.006127287168 -0.0005580950528 0.02337496914
v -0.006126286462 0.002734775422 0.01230846066
v -0.006125559565 0.001852439134 0.02134273946
v -0.006124280393 -0.001265857252 0.02280373499
v -0.006123302039 0.0006240752409 0.02335197106
v -0.00612285547 -0.006450480316 0.02762961015
v -0.006118981168 -0.006615637336 0.02726523019
v -0.006116463337 0.005153340288 0.02947569266
v -0.006116247736 -0.00692343805 0.02736597881
v -0.006114393007 0.001500622137 0.02249626815
v -0.006107545458 -0.001304777572 0.01602653973
v -0.006106729619 -0.003243863117 0.02281398326
v -0.006106161978 0.005843065679 0.01654978283
v -0.006105994806 -0.006245366298 0.01655475795
v -0.006100320257 0.001870700391 0.02068459056
v -0.00610013213 -0.005052790511 0.01608067192
v -0.006100092083 0.001909940504 0.02021062188
v -0.006100061815 3.792959978e-05 0.02366317995
v -0.006099078339 -0.004715456627 0.01574118994
v -0.006098670885 -9.006280015e-05 0.02366122603
v -0.006095744669 -0.002756436355 0.01669304632
v -0.006095111836 0.000182386284 0.02368309535
v -0.006094563287 0.0001385641081 0.02371027321
v -0.00609408645 0.0002724554506 0.02364304662
v -0.006093480624 0.0001009468397 0.02373855561
v -0.006090514362 0.0003620444622 0.02362059802
v -0.006090245675 0.0002099569101 0.02373849042
v -0.006089480128 -0.001500000362 0.02134997584
v -0.006089024246 0.0003032569948 0.02369219251
v -0.006087555084 0.001766780508 0.02194844559
v -0.006084465422 0.0004035056336 0.0236643292
v -0.006083597895 0.007159961388 -0.00431675138
v -0.006083596032 -0.0075623421 -0.004316704348
v -0.006081535947 0.005076183006 0.02275974117
v -0.006080658175 -0.002704723971 0.01639787108
v -0.006079838146 0.0005201417953 0.02358905226
v -0.006078476086 -0.0004058475315 0.0237381421
v -0.006078458391 -0.002841093112 0.01228871476
v -0.006074116565 -0.00459154835 0.01581945829
v -0.006072412711 0.001997081563 0.02025909536
v -0.006071166135 -0.0006097145961 0.02356124297
v -0.006070704665 -0.004631259479 0.01578832231
v -0.006067888346 0.002021598862 0.01275951043
v -0.006067599636 -0.006973532494 0.01561717689
v -0.006067598704 0.006571152247 0.01561717317
v -0.006065965164 0.0006809140323 0.02353480086
v -0.006065961905 -0.006583001465 0.02727241628
v -0.006063549779 -0.00110438175 0.02309241705
v -0.006063323468 0.003327170154 0.02270911075
v -0.00606239168 0.005986474454 0.006270566024
v -0.006062299944 -0.006386559922 0.006270560902
v -0.006058854517 0.001161789289 0.02304848284
v -0.006058581173 -0.0005784503301 0.03357481584
v -0.006057054736 0.0007249066257 0.02358277328
v -0.006055508275 0.0007720069843 0.0235134121
v -0.006055475213 0.00509916665 0.02270213701
v -0.006054665893 -0.001174328849 0.02303482778
v -0.006053267978 -0.001363671385 0.02275178395
v -0.006052603479 -0.00316109322 0.01176887937
v -0.006052099634 0.005031444598 0.02962219343
v -0.006052042823 -0.001587212668 0.03346550465
v -0.006052042358 0.001184835681 0.03346549347
v -0.006050560158 -0.005024522077 0.005459335167
v -0.006050388794 -0.005436725449 0.0296230875
v -0.006046118215 0.002456838498 0.01614717208
v -0.006044458132 -0.006116766017 0.01342231408
v -0.006042657886 -0.00529273646 -0.005507879425
v -0.006041925866 0.005766192917 0.01626398228
v -0.006041249726 0.002039304469 0.02044935152
v -0.006038536318 0.006596055347 0.02713465691
v -0.006037975661 -0.005114220548 0.02266288176
v -0.006036526989 -0.004387938883 0.02981852554
v -0.006035400089 0.005004622042 0.01601012051
v -0.006035145838 -0.002102988074 0.0127463229
v -0.006033939775 0.006528120488 0.02679388039
v -0.006031691097 0.0009816947859 0.02338925004
v -0.006029078737 0.002024189336 0.02061904594
v -0.006025888957 0.00508813234 0.01615543664
v -0.0060251588 0.0009784598369 0.02348149009
v -0.006025065668 0.006467828527 0.02677943185
v -0.006025013514 0.001007410814 0.02341187
v -0.006023899186 0.006586736534 0.0268139001
v -0.006022925023 -0.004435309209 0.01831234246
v -0.006019674242 -0.006407342386 0.006288649049
v -0.006018737797 -0.001054057037 0.02334526181
v -0.006014834624 0.002113254042 0.02049217187
v -0.006010431796 0.005687219556 0.01344409492
v -0.006008233409 -0.001500000944 0.02228601836
v -0.006007109769 -0.006567312405 0.027287025
v -0.006006858777 0.0009686744888 0.02373675257
v -0.006006792653 0.00721874414 -0.0005360965733
v -0.006006789394 -0.007621128578 -0.0005359068164
v -0.006005354691 -0.00531618204 0.03105243109
v -0.00600535376 0.004913802259 0.03105242364
v -0.006005007308 0.001971459249 0.02132798545
v -0.006000720896 0.003021568526 0.01666063815
v -0.006000389345 -0.001255850773 0.02304901555
v -0.005998453125 -0.00514726527 0.02257194929
v -0.005998224951 0.006411574781 0.02677187696
v -0.005996996537 -0.00279601058 0.01806387305
v -0.005996273365 0.006637870334 0.02683741041
v -0.005995899905 -0.001312609878 0.02294789813
v -0.00599509431 -0.001480229432 0.02249001712
v -0.005993016064 0.001595885027 0.0225776732
v -0.005992931779 0.00439450983 0.01828447357
v -0.005992629565 -0.001364407944 0.02284299396
v -0.005991188344 0.001259272569 0.02319349907
v -0.005991004407 -0.001435161568 0.022663543
v -0.005990047473 0.004976964556 0.0160030704
v -0.005988867953 0.005713750143 0.01605302468
v -0.005988379009 -0.0061157858 0.01605692506
v -0.005986254197 -0.006119976286 0.03006653301
v -0.005986253265 0.005717601627 0.03006654046
v -0.005982032046 -0.007053188048 0.02694277465
v -0.005980917718 -0.005126115866 0.01625240408
v -0.005979016889 -0.002625149442 0.01611941867
v -0.005977516994 0.005765549839 0.02999691293
v -0.005977441091 0.006653988268 0.02693987265
v -0.005975835025 0.003909351304 0.03195707873
v -0.005968576297 -2.264480714e-08 0.0130396178
v -0.005968343001 -0.003887004685 0.02117728442
v -0.005966742989 0.001877338393 0.02198287658
v -0.005963776261 -0.006948899943 0.01707810163
v -0.005963397212 -0.001170974225 0.02373560518
v -0.005963075906 0.006547692232 0.01707371697
v -0.005958089605 -0.004733677953 0.01613135263
v -0.005956503563 -5.000261808e-05 0.01590789668
v -0.005956272595 0.006364991423 0.02677193657
v -0.005956256296 -9.998463793e-05 0.01590778679
v -0.005955552217 0.001424483024 0.02314165235
v -0.00595538877 -0.006889818236 0.01711814478
v -0.005954320543 0.006488184445 0.01711443625
v -0.00595374126 0.001406068332 0.02322015353
v -0.005953380838 0.006676330231 0.02686215751
v -0.005952564999 0.003853995353 0.02115599811
v -0.005951798987 -0.005786939524 0.0290985126
v -0.005951453466 -0.004694205243 0.01700881682
v -0.005951306317 0.004939951003 0.01600448042
v -0.005948659498 -0.007000864483 0.01702615432
v -0.005948153324 0.006599368993 0.01702136733
v -0.005947981495 -0.0002011857141 0.03361433744
v -0.005947005935 -0.006044748705 0.01347380318
v -0.005943976808 0.002943994943 0.01801796257
v -0.00594324572 0.002197075402 0.02091486566
v -0.00594236888 0.007106010802 0.01246523019
v -0.005942366552 -0.007508391049 0.01246522553
v -0.005941290408 0.004963152576 0.02963091433
v -0.005941083655 -0.007011638489 0.01701207459
v -0.00594072789 0.006609948818 0.01700735092
v -0.005939510651 -0.005368202459 0.02963218279
v -0.005937363487 0.007421746384 0.004959593061
v -0.005937359761 -0.007824141532 0.004959938116
v -0.005936161149 -0.004885141738 0.03149569035
v -0.00593615789 0.004482763819 0.03149568662
v -0.005935498979 -1.897418245e-08 0.01304227579
v -0.005934963468 -0.005099353381 0.01624670625
v -0.005930428859 0.003490189323 0.009400002658
v -0.005928711034 0.004718731623 0.01611622609
v -0.005926257931 0.002121710917 0.02131743729
v -0.005926149897 -0.002521191491 0.01996668056
v -0.005925230216 0.001584337326 0.02299761586
v -0.005924325436 -0.006826958153 0.01714428701
v -0.005922938697 0.006425486878 0.0171406325
v -0.005922093522 0.004896185827 0.01601435058
v -0.005920478608 0.001577180577 0.02307406627
v -0.005919035524 0.005017871503 -0.005416214466
v -0.005918024108 0.005986473989 0.01319615729
v -0.00591793377 -0.006386558525 0.01319615915
v -0.005917209201 0.007358535659 0.01044770051
v -0.00591675844 -0.004792907275 0.03158609569
v -0.005916757975 0.004390532617 0.03158609942
v -0.005916510709 0.001719447668 0.02267402783
v -0.005915889516 0.002258538967 0.02096525766
v -0.005915421527 0.007475917693 0.007921092212
v -0.005915421061 -0.007878294215 0.007921502925
v -0.005913527217 0.004671469796 0.01698243432
v -0.005907876417 0.0047567687 0.01608479023
v -0.005907396786 -0.005279395264 0.01668416895
v -0.005904419348 0.004848749842 0.01603196003
v -0.005903036799 0.006332734134 0.02677972429
v -0.005899517797 0.004801151808 0.01605598629
v -0.005899400916 0.003166771727 0.01632284373
v -0.00589720998 0.002240735572 0.02119603567
v -0.005897145253 -0.006042969413 0.01573544182
v -0.005896669813 -0.005062108394 0.01624839194
v -0.005893151741 -0.007788346149 0.01043837238
v -0.005889979191 0.003682801034 0.02229219861
v -0.005889088381 0.001771174837 0.02278760448
v -0.005887268577 0.001119171735 0.0158773344
v -0.0058862078 0.002017260063 0.02202647924
v -0.005881944671 0.005235989112 0.01653628238
v -0.005881779362 0.002638888545 0.01993279718
v -0.005876314826 -0.007871747948 -0.005384020973
v -0.005876189563 0.006007255521 0.01317631267
v -0.005875601899 -0.006553546991 0.02935787477
v -0.005875599571 0.006151167676 0.0293578729
v -0.005874473602 -0.006771584973 0.01715059765
v -0.00587364519 0.001809352194 0.02281994186
v -0.005872911774 0.006370250601 0.01714683883
v -0.005868255626 0.002296118299 0.02126643993
v -0.005867658649 -0.005017585587 0.0162566863
v -0.005866007414 0.001895775669 0.02261183225
v -0.005865229294 0.002362702042 0.01591971517
v -0.005859492812 -0.003776479047 0.02222690731
v -0.005855263211 0.001902874792 0.02269192599
v -0.005854183342 -0.001251857379 0.01586273685
v -0.005852547474 -0.004872402176 0.01631355286
v -0.005847524852 0.002009324264 0.02241247892
v -0.005846777465 0.0048744292 0.02961752564
v -0.005846200977 0.002232748317 0.02167809196
v -0.005844948813 -0.005279130768 0.02961904556
v -0.005843974184 -0.004919528496 0.01629004255
v -0.005843942519 0.006317720283 0.02679430135
v -0.005837719422 0.004282159265 0.02941896208
v -0.005835138727 0.007516994607 -0.005352751818
v -0.005834768061 0.002179655945 0.02195820212
v -0.005833663512 0.005103095435 -0.005351623986
v -0.005833449308 0.002023896202 0.02249263227
v -0.00583193358 -0.005507959053 -0.005350300111
v -0.005829032976 0.004823840223 0.01634107716
v -0.005826740526 -0.004423902836 0.03193293139
v -0.005826737266 0.00402152352 0.03193292022
v -0.005821669474 0.002272889018 0.02175211161
v -0.005817986559 0.001699380693 0.02373281494
v -0.005817750003 0.005234740674 0.01655795798
v -0.005815501325 0.002243689727 0.02190581895
v -0.005813707598 0.002209516941 0.0220387727
v -0.005813342985 -0.006731246132 0.01713674143
v -0.005812046118 0.003833677853 0.02208494395
v -0.005811762996 0.006329997908 0.01713274419
v -0.005809406284 0.001571902074 0.01584296487
v -0.005808074493 0.002655464225 0.01264820714
v -0.005804443266 -0.00531384442 0.01685058326
v -0.005804248154 -0.005369153805 0.01709235646
v -0.005804077722 0.001278402866 0.01298424974
v -0.005799456034 0.005581242032 0.01543062646
v -0.005799300503 -0.0025257573 0.01589104347
v -0.005798941478 -0.003566833679 0.01166602504
v -0.00579743972 -0.005982629023 0.01543058548
v -0.005793181714 -0.005295483861 0.0220475141
v -0.00578717282 -0.001331525389 0.01297708973
v -0.005785125773 0.003684916068 0.009400001727
v -0.005780290347 -0.003691118676 0.009399999864
v -0.005780255888 0.003349591978 0.01216647681
v -0.005778890103 -0.004763258621 0.02930056676
v -0.005778379738 0.002649999922 0.005934826564
v -0.005777186248 -0.004935648292 0.0166535601
v -0.005774809513 0.005307426676 0.02199289203
v -0.005774632562 0.004771381151 0.02958314307
v -0.005772772711 -0.005175655708 0.02958480269
v -0.005770710297 -1.094396574e-09 0.008999998681
v -0.005770024844 0.005622055847 0.02865505964
v -0.005768872332 0.005207698792 0.01654845104
v -0.005765932612 0.002899999265 0.005869007669
v -0.005761049688 -0.002759873169 0.01262819301
v -0.005756813567 -0.006712819915 0.01710915193
v -0.005755775142 -0.005287614651 0.0168435052
v -0.005755180959 0.006311569829 0.01710474677
v -0.005753221456 -0.006857919972 0.02870637551
v -0.005753216334 0.006455542054 0.02870636806
v -0.005743118934 -0.001900928211 0.02373106033
v -0.005737569183 0.001920345123 0.02373113856
v -0.005734842736 -0.001151657198 0.03361278027
v -0.005734841805 0.0007492746226 0.033612784
v -0.005733016413 0.00444874214 0.02938296646
v -0.0057319263 0.003083011135 0.005689180456
v -0.005731320009 -0.004851444624 0.02938459441
v -0.005730804522 0.003486253088 0.03241024911
v -0.005730803125 -0.003888637759 0.03241024539
v -0.005729889497 0.004661122337 0.02953006141
v -0.005728033837 -0.005064915866 0.02953178063
v -0.005727990996 0.005168542732 0.01654547825
v -0.005717834923 0.005531133153 0.01354840305
v -0.005716275889 -0.003475663485 0.01213787682
v -0.005716044456 -0.005248644855 0.01684154011
v -0.00571575202 0.004551043268 0.02946173213
v -0.005713944323 -0.004954306874 0.02946343459
v -0.005705414806 -0.006711795926 0.01707174443
v -0.005704431795 0.005368825048 0.01709773391
v -0.005703129806 0.006310740486 0.01706616767
v -0.005699998233 -2.30151187e-09 0.008999998681
v -0.005698859692 0.004044410773 0.02175996453
v -0.005698563065 0.0051203412 0.01654936746
v -0.005696409848 0.004961817525 0.01659636386
v -0.005692346953 0.00657761842 0.02838802896
v -0.005686965771 -0.005200703628 0.01684432104
v -0.005685475655 0.003150000004 0.005443536676
v -0.0056828456 0.005066894926 0.01655979082
v -0.005682042334 0.005012621637 0.01657584868
v -0.005680741277 -0.005040797405 0.01687740162
v -0.005679844879 -0.005921478849 0.0135541819
v -0.005675404333 -0.005442981143 0.01767265238
v -0.005675171968 0.006214288529 0.006486254744
v -0.005667603109 -0.005093006883 0.01686262339
v -0.005666655488 -0.005366297904 0.02167709917
v -0.005660393275 -0.005414453335 0.01746086963
v -0.00565675227 -0.002850000048 0.005961779971
v -0.005656464025 -0.005504488945 0.003257067641
v -0.005656462628 0.005102111958 0.003257064614
v -0.005647364538 -0.003041343298 0.00592489168
v -0.005645653233 0.002140567871 0.02372922003
v -0.005639999174 -0.001874359092 0.033502087
v -0.00563999638 0.001471979893 0.03350207582
v -0.00563534582 0.005366791971 0.01713315398
v -0.005633082241 -0.006788544357 0.01717332564
v -0.005632475484 0.006387092639 0.01716888696
v -0.005632014945 0.00624568807 0.006519151386
v -0.005631919019 -0.006645769347 0.006519149989
v -0.005620636977 -0.003203551983 0.005819856189
v -0.005618448369 -0.003030878259 0.0330375433
v -0.005618446507 0.002628499642 0.0330375433
v -0.005617941264 0.005390115082 0.02151878178
v -0.00561713893 -4.811148591e-09 0.01301149186
v -0.005615497008 0.005617271177 0.02861893177
v -0.005615484435 -0.004260934424 0.02151651308
v -0.005614838097 -0.006012340076 0.02861890383
v -0.005611683708 0.004582828376 0.02892696112
v -0.005610432476 -0.005387961399 0.01745267771
v -0.005606942344 -0.004407726228 0.03204251826
v -0.005606348626 -0.007287724409 0.02529234439
v -0.005602047313 -0.005070679355 0.01735878736
v -0.005600838456 0.005499224178 0.0135673089
v -0.005600536708 -0.005901531316 0.01356583368
v -0.005600219592 0.003804489039 0.01159317605
v -0.005599999335 0.002399998251 0.008999998681
v -0.005599995144 0.004074694123 0.008997565135
v -0.005598957185 0.004052075092 0.00905670505
v -0.005597213749 -0.007226708811 0.02528193966
v -0.00559633784 -0.007347703911 0.02530755661
v -0.005584199913 0.005339866038 0.01712224446
v -0.005580629222 -0.003311940702 0.005662654061
v -0.005573750474 -0.003730092198 0.01783015765
v -0.005570277106 -0.004401442595 0.02113596164
v -0.005570210051 -0.005347699393 0.01744823344
v -0.005569903646 -0.007170439698 0.02527730726
v -0.005569713656 0.004274063744 0.02135221846
v -0.005568503868 -0.007400715258 0.02532599494
v -0.005567721091 0.004233785905 0.008685278706
v -0.005567671731 0.005865923129 0.02811678872
v -0.005565497093 -0.005004140548 0.01817158796
v -0.005564374849 0.003778213169 0.01619387791
v -0.005561237223 0.005499043036 0.01542566065
v -0.005561235361 -0.005901420955 0.01542565972
v -0.005559755955 -0.002416354837 0.01573276706
v -0.005554549396 -0.007275001612 0.01763987541
v -0.005553943105 -0.003372120904 0.01980192773
v -0.005553368479 0.006873989012 0.01763541624
v -0.005550807808 -0.007364623249 0.01761125773
v -0.005550001282 0.0009207119001 0.009000001475
v -0.00554999942 0.0002207094367 0.009000000544
v -0.005549313966 0.006964511238 0.01760610193
v -0.005547445267 0.003970079124 0.009400802664
v -0.005545145832 0.002481984673 0.01572632231
v -0.005542098079 0.005299195182 0.01711625047
v -0.00554146897 -0.005131468643 0.01746640168
v -0.005541466177 -0.005297790747 0.01744747534
v -0.005540035665 -0.006614366081 0.01296452247
v -0.005536715966 0.006822501775 0.01764522679
v -0.005535414442 0.003979514353 0.009442771785
v -0.00553449057 -0.005587691441 0.005053274799
v -0.005533480551 -2.678285376e-10 0.009885353036
v -0.005533479154 -2.408304445e-09 0.008114641532
v -0.00553344097 -0.003349999664 0.005477223545
v -0.005532893352 0.004361134022 0.0211106278
v -0.005530244671 -0.005084553733 0.02873658016
v -0.005528924521 0.003892593086 0.01156584918
v -0.005527319387 -0.007124541327 0.02527886629
v -0.005526235793 0.005341567565 0.005783096422
v -0.005525965244 -0.007202075329 0.01765210927
v -0.005525934976 -0.005242365878 0.01745030284
v -0.005525356624 -0.005185549147 0.01745663956
v -0.00552518107 -0.007441391237 0.02534591034
v -0.005524854641 -0.007422644179 0.01758416928
v -0.005523762666 0.007021380588 0.01757977717
v -0.005520410836 0.005079470109 0.01714525931
v -0.005517068785 0.005450986326 0.01776692457
v -0.005516372155 0.006788485684 0.01764845476
v -0.005515687168 -0.004449366592 0.02118519135
v -0.005515072029 -0.007436246146 0.01757643931
v -0.005513917189 0.00703521492 0.01757212356
v -0.005512885284 0.005248208065 0.01711576246
v -0.005511995871 0.003772061784 0.01779342629
v -0.005511988886 -0.005431519821 0.02117246203
v -0.005509959068 0.005055875517 0.01731705107
v -0.005509710405 0.005433076993 0.02115688287
v -0.005505174398 0.004941605031 0.01814756356
v -0.00550408056 -0.007319101598 0.02118210308
v -0.005502865184 0.006917841733 0.02118389308
v -0.005502841435 -0.00717221573 0.01765312813
v -0.005502473097 -0.007450801786 0.01756744646
v -0.005502039567 0.003398355562 0.01977613568
v -0.005501839332 0.006771055516 0.01764898375
v -0.005501469597 0.007049659267 0.01756330766
v -0.005501466338 0.005133337807 0.01713091321
v -0.005500001367 -4.999940211e-05 0.01700000279
v -0.005500000902 0.0002000001696 0.009000002407
v -0.005499999039 0.0008999977726 0.00899999775
v -0.005498963874 0.005191228818 0.01712081581
v -0.005498382729 0.006245690864 0.01292985398
v -0.005498287268 -0.006645767018 0.01292985212
v -0.005497255828 0.005546265282 0.02863473073
v -0.005496645346 -0.005941547453 0.02863432281
v -0.005495926365 -0.007389320526 0.02118053287
v -0.005494710989 0.006988064852 0.02118233033
v -0.00549265882 -0.007168252952 0.01796329767
v -0.005492429249 -0.00489450153 0.0316599831
v -0.005491639022 0.006767073646 0.01795903035
v -0.005491251592 -0.005615429953 0.00571049517
v -0.005490961485 0.003648478771 0.01591563411
v -0.005486157723 -0.007248410955 0.02118362859
v -0.005484942812 0.006847153418 0.02118542604
v -0.005479479674 -0.005399257876 0.03116431274
v -0.005476800259 -0.00739545282 0.02478447743
v -0.005474439822 0.00700310152 0.02479317598
v -0.005473569036 0.006740107667 0.01764176227
v -0.00547333993 -0.007093600463 0.02528655529
v -0.005472528283 0.003249653615 0.01250605006
v -0.005472243764 -1.71907077e-11 0.009850000031
v -0.005472243298 -4.874386454e-10 0.008149998263
v -0.005470065866 -0.003960742615 0.01614960469
v -0.005467728712 -8.674200253e-10 0.01295942347
v -0.005467687268 0.003950876184 0.01687824912
v -0.005465862807 -0.0006058898871 0.03368214145
v -0.00546475267 0.00691628037 0.02478585951
v -0.005463942885 0.007047607098 0.02479869686
v -0.005463391077 -0.007454651874 0.02479173988
v -0.005462748464 -0.007453997154 0.02117907815
v -0.00546153402 0.007052741479 0.02118087932
v -0.005461527966 -0.004042813089 0.01644618623
v -0.005460035987 -0.007301626261 0.02477730438
v -0.005455186591 0.004479119554 0.008346176706
v -0.005452923477 -0.00711852219 0.01763308235
v -0.005452131853 -0.005908729043 0.03058627434
v -0.005450946745 -0.005498240702 0.01870553382
v -0.005450773519 -0.007480944972 0.02479563281
v -0.005450382363 -0.00719475979 0.02118471824
v -0.005450001452 -9.999943723e-05 0.01700000092
v -0.005449164193 0.006793504581 0.02118650265
v -0.005442833062 -0.004032838158 0.01152459625
v -0.005436941981 0.00709849922 0.02480647527
v -0.005436758045 -0.007481834386 0.02117845975
v -0.005435516592 0.007080603857 0.02118025161
v -0.005433565937 -0.00587105751 -0.005033702124
v -0.005431293976 -0.000630979368 0.01294334792
v -0.005430675112 -0.007246235386 0.02444702201
v -0.005429189187 0.006844820455 0.02445480973
v -0.005429183599 0.00669114897 0.01760341041
v -0.005423434544 -0.007245821878 0.02477584593
v -0.005422000308 0.002583299996 0.02372455783
v -0.005421888549 0.006844343152 0.02478352375
v -0.005421028938 -0.002585790586 0.02372450382
v -0.00542086456 -0.007534510456 0.02346652187
v -0.005420709495 0.001049997751 0.00899999775
v -0.005419706926 -0.007394716609 0.02688916028
v -0.005419705994 0.006992338691 0.02688916214
v -0.005419705063 0.002650002018 0.006038103253
v -0.005419567227 0.007133165374 0.02346660756
v -0.005415572319 -0.005460896529 0.02082891576
v -0.005413464271 -0.007080383133 0.02529951185
v -0.005409610923 -0.003374133026 0.0124780219
v -0.005408515688 0.004099998623 0.01547961403
v -0.005406329408 0.006666143425 0.01756589487
v -0.005403391551 -0.007064247038 0.01756382175
v -0.005402708892 -0.007223962806 0.02478348836
v -0.005400841124 0.006822145078 0.02479139902
v -0.005400307942 0.005477943458 0.01357697695
v -0.00540000014 0.000999999349 0.008999999613
v -0.00539948931 0.004107871093 0.009762486443
v -0.005399468355 0.003056058194 0.02191664837
v -0.005398572423 0.005448898766 0.02862976119
v -0.005398014095 -0.005844485946 0.02862905897
v -0.005396858323 -0.003829940222 0.01587277465
v -0.005395242944 0.00289999973 0.005975735839
v -0.005392717663 0.002492252504 0.01280405559
v -0.005392340478 0.002400000114 0.008225003257
v -0.005392340478 0.002400001045 0.009775003418
v -0.005391435698 0.004586265888 0.008223611861
v -0.005390304141 -0.0075471499 0.02480826527
v -0.005389240105 0.003975153901 0.0321473591
v -0.005388766993 0.004114000592 0.01599312201
v -0.005388660356 0.007145726588 0.02481602877
v -0.005384783726 0.004099998623 0.01638631336
v -0.005383882206 0.00409979606 0.0164423883
v -0.00538311433 0.00410000002 0.01372478623
v -0.005382095464 -0.007040155586 0.01750062779
v -0.005381115247 0.006639020052 0.01749652252
v -0.00537316408 -0.007193482015 0.02482151054
v -0.005371567328 -0.006401864346 0.02992835455
v -0.005371558946 -0.006831829902 0.006730865221
v -0.005371490493 -0.0006732713082 0.03368903697
v -0.005371036939 0.006791408174 0.02483022772
v -0.005366026424 -5.000067176e-05 0.01749999635
v -0.005366025493 -5.000134843e-05 0.01649999805
v -0.005365679972 -0.005143797025 0.01847963035
v -0.005362343043 0.003913009074 0.01199885644
v -0.005361825228 -0.005751370452 0.004965612665
v -0.005361526739 -0.005384407938 0.02372329868
v -0.005361524411 0.00498441048 0.02372330241
v -0.005360118113 -0.005880933255 0.01357421372
v -0.005354587454 -0.006488133222 0.02750004455
v -0.005350866821 0.004097595345 0.01149839722
v -0.005347625352 -0.002592962468 0.01278431807
v -0.005346870515 0.001173348166 0.01290607732
v -0.005342339631 0.0009207094554 0.009775000624
v -0.005342339166 0.0002207092475 0.008224997669
v -0.005342339166 0.0002207102225 0.009774998762
v -0.0053423387 0.0009207091061 0.008225000463
v -0.005340737291 0.003483815119 0.01569182985
v -0.005333735608 0.004170319531 0.009868632071
v -0.00533209648 -0.001222338877 0.01289955713
v -0.005328952335 0.005556653719 -0.004946044181
v -0.005328617059 0.006749102846 0.02495890297
v -0.005328414496 0.00308301067 0.005805362016
v -0.005327152554 -0.007147438359 0.02496612258
v -0.005326546263 0.005332752131 0.02860466763
v -0.005326034036 -0.005728714634 0.02860377356
v -0.005325592123 0.006745947059 0.02497361414
v -0.005324837752 0.004099998623 0.01607740484
v -0.005322725046 -0.0001000000266 0.01747500151
v -0.005322723649 -0.000100002173 0.01652499847
v -0.005315141752 0.005473711994 0.01828866079
v -0.005314521957 0.004963890649 0.02843444049
v -0.005314004607 -0.005361343268 0.02843338251
v -0.00531276362 0.00470036827 0.0204218179
v -0.005310249981 -0.004137029406 0.01770860329
v -0.005308959167 0.0003155622398 0.03369279951
v -0.005303821992 0.008009608835 0.01020985469
v -0.005303016398 -0.008412782103 0.01020953897
v -0.005301691126 0.001367905992 0.01288613584
v -0.005300000776 0.001320710755 0.01700000092
v -0.005299999844 0.0001499985228 0.01700000092
v -0.005299038719 0.0008999997517 0.00824999623
v -0.005299038254 0.0001999990636 0.009750000201
v -0.005299038254 0.0001999991946 0.008250002749
v -0.005299038254 0.0008999989368 0.009750002064
v -0.005295819137 0.004168285523 0.01263291016
v -0.005290206056 -0.006800835487 0.01274673454
v -0.005286871921 0.005206843372 0.0285613779
v -0.005286389496 -0.005603258498 0.02856036834
v -0.005283243023 -0.004300002009 0.01510568801
v -0.005282823928 0.00508061843 0.02850306965
v -0.005282348022 -0.005477534607 0.02850201726
v -0.005281123798 0.004100000486 0.01179425139
v -0.005280474201 0.004259163048 0.01512283646
v -0.005277122837 -0.004054761957 0.01195861027
v -0.005275740288 -0.00429999968 0.016318582
v -0.005275543313 -0.004300563131 0.01638048701
v -0.005273476243 0.007159900386 0.02603154816
v -0.00527143199 -0.004299998749 0.01448230166
v -0.005265915766 -0.004299999215 0.01426366903
v -0.005264137406 0.005497636739 0.01870483346
v -0.00526405219 -0.004300000612 0.01419384778
v -0.005261758808 0.005445717834 0.01827536337
v -0.005258311052 0.004778326955 0.008029271848
v -0.005251632538 -0.004919685889 0.02019601129
v -0.005250000861 0.001299999189 0.0169999972
v -0.005249999929 9.999848407e-05 0.01699999906
v -0.005247554276 -0.003664248856 0.01565030031
v -0.005246013869 0.001102598268 0.03363309056
v -0.005246013403 -0.001504978281 0.03363309428
v -0.005238910206 -0.006861077156 0.02916081063
v -0.005237128586 0.003149999538 0.005572630093
v -0.005230371375 0.001049999148 0.008289644495
v -0.005230369978 0.001049997867 0.009710352868
v -0.005228172522 -0.008574914187 -0.004859650508
v -0.005226483103 0.006057069637 0.02755181864
v -0.005222035106 -0.006448897999 0.0275460016
v -0.005218832754 -0.004300000612 0.01257403195
v -0.005218811333 0.005402423907 0.01826559566
v -0.005218775943 0.006236829795 0.02707201988
v -0.005217897706 0.005544480868 0.005905580241
v -0.005212482996 0.005170558579 0.01827427186
v -0.005212435964 0.0009999999311 0.009700002149
v -0.005212435499 0.0009999996983 0.008300002664
v -0.005207549781 0.006459742784 0.01267048158
v -0.005203382112 0.008197702467 -0.004838094581
v -0.005201769527 -0.00429999968 0.01599503309
v -0.005201161839 -0.004299504217 0.01143090799
v -0.00519537041 0.004099999554 0.01193487179
v -0.005193975754 -0.002850000979 0.006143292412
v -0.005192822311 0.0001500003709 0.01740000397
v -0.00519282138 0.001320710639 0.01739999652
v -0.00519282138 0.001320710871 0.01660000347
v -0.005192820448 0.0001499986538 0.0166000016
v -0.005190654658 0.005347844213 0.0182603579
v -0.005187227391 0.005226052366 0.01826488972
v -0.005180731416 0.005501111038 0.0198844485
v -0.005179816391 0.005287059117 0.01826013438
v -0.005177654792 -0.005501008127 0.0198898986
v -0.005175782368 -0.003041342832 0.006109859329
v -0.005172510166 -4.548843572e-05 0.02392487414
v -0.005171989091 -9.870715439e-05 0.02412590757
v -0.005171802826 -2.901737753e-05 0.02389333211
v -0.005171277095 -9.999928443e-05 0.02416360006
v -0.005167437252 -8.829991338e-08 0.02397686243
v -0.005167324096 -0.0002787579724 0.02440000139
v -0.005167183466 -5.000092642e-05 0.02420579828
v -0.005166349001 -9.999950998e-05 0.02440000139
v -0.005163179245 -0.004368267022 0.009399998002
v -0.005163136404 -5.000018791e-05 0.02440000139
v -0.005161015317 0.006571824662 0.006914351601
v -0.005160855595 -0.00697195204 0.006913094316
v -0.005160223227 -0.004300002009 0.01166728884
v -0.00515562389 0.0001262147562 0.02371900715
v -0.005153756123 0.004537961911 0.03172425553
v -0.005149520468 0.0001000007396 0.01662500203
v -0.005149520002 0.00130000012 0.01737499796
v -0.005149519537 9.999875328e-05 0.01737500168
v -0.005149519071 0.001299998839 0.01662500016
v -0.005149396136 -0.004463559482 0.01589643024
v -0.005149065517 0.004385712557 0.01425511949
v -0.005147600546 0.004099997226 0.01576817594
v -0.005147582851 0.0001648522884 0.02376970276
v -0.00514663849 -0.007733294275 0.0192165412
v -0.005146251526 -0.005495821126 0.01975826733
v -0.005145964213 0.007331527304 0.01921634749
v -0.005139826331 -0.0002787587291 0.02571911179
v -0.005131667946 0.0002449507883 0.02371850982
v -0.005130103789 0.0033013348 0.01554311439
v -0.005129644647 -0.005321748089 0.01968713291
v -0.005127669778 -0.001917960821 0.01280932408
v -0.005123973824 -0.003203552682 0.006014663726
v -0.005122612696 -0.005474837497 0.01965683699
v -0.00511427829 0.007555268705 0.01591702551
v -0.005114275496 -0.007957650349 0.01591702923
v -0.005113916006 -0.005147671327 0.0196151752
v -0.005106654484 0.00410000002 0.01203180384
v -0.005103234202 -0.005441576708 0.0195728112
v -0.005102028605 0.005984692369 0.02757049352
v -0.005097475369 -0.006377153099 0.02756433375
v -0.005091678817 -0.005191839766 0.01952231489
v -0.005086461548 0.002649999922 0.006206220482
v -0.00508542126 0.004396784119 0.01015342958
v -0.005085323472 -0.005213637371 0.01949443109
v -0.005085069686 0.005527528003 0.01353763416
v -0.005082041491 -0.00536845671 0.01948000118
v -0.005081607495 -0.00523113599 0.01947809383
v -0.005080530886 -0.0007803598419 0.02439999953
v -0.005076471716 -0.005276621319 0.01945547201
v -0.005076363683 -0.005315279588 0.01945499331
v -0.005074577872 0.005505899899 0.01942169294
v -0.005074413959 0.005518679041 0.01541551296
v -0.005074412562 -0.005921056494 0.01541551109
v -0.005073830951 0.005200812127 0.02750347182
v -0.005071237218 0.008306649514 -0.004172363784
v -0.005071233492 -0.008709028363 -0.004172318615
v -0.005070712883 0.001550000045 0.01699999906
v -0.0050681266 -0.007270161528 0.02824293636
v -0.005068020429 0.003792510834 0.01233671606
v -0.005067741964 0.004485409707 0.01587660983
v -0.005063291639 0.005098890513 0.03117557056
v -0.00506276777 -0.004089781549 0.01963791251
v -0.005058404524 -0.005939112045 0.0135293426
v -0.005050839391 0.002900000196 0.006149491295
v -0.0050500012 0.001499999082 0.01700000092
v -0.005048042163 -0.006003959104 0.005943049211
v -0.005046453327 0.005497525912 0.01930050738
v -0.005046435166 -0.003311939538 0.005872182082
v -0.005043414421 -0.004300002009 0.01187670138
v -0.00503832195 -0.003480730811 0.01550260466
v -0.005033479072 0.005318964366 0.01924079284
v -0.00503125973 -0.00429999968 0.01571259089
v -0.005028141197 -0.003176450031 0.02371634543
v -0.005025174934 -0.004950746894 0.03174924478
v -0.005022303201 0.005253298208 0.02734526992
v -0.005020915531 0.005140403751 0.01918060333
v -0.005019566976 0.003183015157 0.02371617407
v -0.005014975555 -0.004496169277 0.01758989692
v -0.005011394154 0.004030681681 0.01962665096
v -0.005009405781 -0.004514791537 0.01253535505
v -0.005008886103 0.005160174333 0.01912937127
v -0.005006720312 0.005445844494 0.01911989599
v -0.005004712846 0.00667007314 0.007057622541
v -0.005003945436 -0.006833672523 0.02634612657
v -0.005003943574 0.006433671806 0.02634612843
v -0.00500378944 0.003480166662 0.01548736263
v -0.005002089776 0.00449812226 0.01339262817
v -0.005000053439 0.005881490186 0.02757049724
v -0.005000000354 -5.00008282e-05 0.01786602661
v -0.004999999423 -5.00022652e-05 0.01613397337
v -0.004999065306 -0.007821924053 0.02431761473
v -0.004999063443 0.007419546135 0.02431762032
v -0.004997054581 0.008366342634 -0.0004114363983
v -0.004997051321 -0.00876872614 -0.0004112496099
v -0.004995458294 -0.006274581887 0.02756416611
v -0.004994831514 -0.005673410371 0.02726631425
v -0.004994252231 0.001550000859 0.01671464555
v -0.004994249903 0.001549998764 0.0172853563
v -0.004988437053 0.005641467869 0.03054901212
v -0.004986974411 0.005227621645 0.01902887225
v -0.004985808395 0.005375277717 0.01902370341
v -0.004984133877 -0.003933031578 0.01229820773
v -0.00498078065 0.005275176838 0.01900060289
v -0.004980165511 0.00532015413 0.01899760589
v -0.004976314493 0.001499998849 0.01727499999
v -0.004976314493 0.001499999547 0.01672499627
v -0.004975001793 -9.99998374e-05 0.0178227257
v -0.004975000396 -0.0001000010961 0.01617727429
v -0.004974385723 0.002282259054 0.01274166442
v -0.00496813748 0.008070264012 0.01262045279
v -0.00496813748 -0.008472639136 0.01262045279
v -0.004959082697 0.003981560003 0.0155282449
v -0.004955362063 0.004438938573 0.01757164858
v -0.004954971373 -0.003349999664 0.005704113282
v -0.004953518044 0.003083011135 0.005994497333
v -0.004953450058 0.00638336828 0.02650394663
v -0.004952494986 0.004510367289 0.01026015822
v -0.00495028263 0.005748962052 0.001742657972
v -0.004950280301 -0.006151340902 0.001742655528
v -0.004945618566 0.0007059979253 0.02439999953
v -0.004942713305 0.005357148126 0.02740889043
v -0.004941749852 0.008490866981 0.005012776703
v -0.004941747058 -0.008893249556 0.005013116635
v -0.004938966595 0.005142606795 0.007729839068
v -0.004938534927 -0.005752922967 0.02740298398
v -0.004935223144 0.003659712616 0.02189075574
v -0.004931825679 -0.002378379926 0.01272287685
v -0.004928511102 0.005756242201 0.02755212411
v -0.004923936445 -0.006149972789 0.02754577436
v -0.00492379861 0.008478052914 0.007963294163
v -0.00492379535 -0.008880420588 0.007963703014
v -0.004923259374 0.007518212777 0.01962123439
v -0.004923257045 -0.007920593955 0.01962123625
v -0.004918216262 0.0007059974014 0.02571449429
v -0.004916872364 0.003224686254 0.0328460522
v -0.004916870501 -0.003627069993 0.0328460522
v -0.004915396683 -0.004301228561 0.03234940767
v -0.004906820599 -0.005532516632 0.03117919341
v -0.00490060728 -0.006729434244 0.02661116607
v -0.004900001921 0.0001500005019 0.01769282296
v -0.004900000989 0.001320710173 0.01630718075
v -0.004899999592 0.0001499985519 0.01630717888
v -0.004899999127 0.001320708194 0.01769281738
v -0.00489856163 0.005482684821 0.02746774442
v -0.00489422353 -0.005877731368 0.02746163681
v -0.004893745296 -0.007070259191 0.01236722246
v -0.004893608857 0.005619588774 0.02751694247
v -0.004889122676 -0.006013967562 0.02751067095
v -0.004886623006 0.003894266905 0.03236006573
v -0.004885355476 4.095923596e-10 0.007466517854
v -0.004885353614 -2.625307305e-09 0.01053347811
v -0.004882862791 -0.006461737212 0.01541151572
v -0.004882860929 0.006061739754 0.01541151758
v -0.004882667679 0.00615967717 0.02984281816
v -0.004875001498 0.001300000236 0.01764952205
v -0.004875001032 9.999910253e-05 0.01635048166
v -0.004875001032 0.001300000469 0.0163504798
v -0.004874998704 9.99975673e-05 0.01764951646
v -0.004872812424 -0.007615174633 0.02714031935
v -0.00486684218 -0.00124241109 0.02440000139
v -0.004865865223 -0.004300001077 0.01203854941
v -0.004860713612 0.006288180593 0.02666762285
v -0.0048603951 -0.004726916552 0.01415139809
v -0.004858597182 0.004631069489 0.01664674468
v -0.004857911263 0.004099999089 0.01219088025
v -0.004854368977 0.005753655918 0.006049868185
v -0.004854070954 -0.004170610569 0.01548071485
v -0.004850000143 -4.28942271e-10 0.007527754176
v -0.004849999677 -7.024392184e-10 0.01047224086
v -0.004849999212 0.001049997984 0.00899999775
v -0.004849999212 0.002399998019 0.008999998681
v -0.004847522825 0.004602542147 0.01254290994
v -0.004839474335 -0.001242411556 0.02571284771
v -0.00482691545 0.00524896197 0.007658683695
v -0.004825808574 0.00341358711 0.02371213026
v -0.004825006239 0.004614006728 0.01034233719
v -0.004825000186 0.002399999416 0.01034233812
v -0.00482499972 0.00239999895 0.007657659706
v -0.004822184797 -0.006338981912 -0.004490204155
v -0.004821660928 -0.006647321861 0.026701767
v -0.004820577335 0.003150000935 0.005782776512
v -0.004814713728 -0.00608853763 0.03053196706
v -0.004812683444 -0.007184480317 0.007242378779
v -0.00480940612 0.004099999554 0.01545401476
v -0.004805292934 0.005672723986 0.01342972741
v -0.004801249132 -0.006195547991 0.006081703119
v -0.004798222799 0.002617767546 0.01266390365
v -0.004794482607 -0.006222482771 0.004689179361
v -0.004790261388 0.002649999689 0.006433330476
v -0.004790260457 -0.002850000979 0.006433335133
v -0.004790190142 -0.004830009304 0.01577306725
v -0.004785399418 0.006209036801 0.02671780623
v -0.004785356112 0.00154999888 0.01749424636
v -0.004785355646 0.001549999579 0.01650575176
v -0.004780115094 -0.006094533484 0.01341305953
v -0.004780080169 0.005692152772 0.0134147834
v -0.004779850598 0.00410000002 0.01222041156
v -0.004777488299 -0.0002011856413 0.03371428326
v -0.004775001667 0.001499999664 0.01747631095
v -0.004775001667 0.001500000595 0.01652368531
v -0.00477500027 0.000220710499 0.01034233999
v -0.00477500027 0.0009207103867 0.01034234278
v -0.004774999805 0.000220710077 0.007657661103
v -0.004774999805 0.0009207099793 0.007657663897
v -0.004770974163 0.0007062028744 0.03369431943
v -0.004764385056 -0.003041341901 0.006405420136
v -0.004764385056 0.002841341542 0.006405421067
v -0.004754837602 -0.006576542277 0.02672122046
v -0.004750001244 0.0009000005084 0.01029903907
v -0.004750000779 0.0001999997621 0.007700960152
v -0.004750000313 0.0008999996353 0.007700962946
v -0.004749998916 0.0001999980304 0.01029903814
v -0.004748136736 0.004759790376 0.01414710004
v -0.004744719714 0.002900001593 0.006384211592
v -0.004744718783 -0.003099999856 0.006384212524
v -0.004740958102 0.006640166976 0.02903116867
v -0.004738520831 0.005692153703 0.01540851034
v -0.004738519434 -0.006094533019 0.01540850569
v -0.004736121278 0.001049999148 0.008574997075
v -0.004736121278 0.002399999183 0.008574998006
v -0.004736120813 0.00104999938 0.00942500215
v -0.004736120813 0.002399999416 0.009425003082
v -0.004735903814 -0.001134473016 0.03369228169
v -0.004728692584 0.006001248024 -0.00439976668
v -0.004724482074 -0.00429999968 0.01542457659
v -0.00472405972 0.006143617444 0.02671543881
v -0.004720611032 -0.002562508918 0.03341239318
v -0.004720610101 0.002160130301 0.03341240436
v -0.004713939503 0.004801657051 0.01576260105
v -0.004710355774 0.001049999963 0.007769631222
v -0.004710354842 0.00104999938 0.01023037452
v -0.004707203712 0.003554787021 0.01250572968
v -0.004700000398 0.001000000164 0.01021243818
v -0.004699999467 0.0009999984177 0.007787566632
v -0.004699967802 -0.006616523024 0.02980570868
v -0.004690697882 0.003003554652 0.006325941533
v -0.004690697417 -0.003203552915 0.00632593967
v -0.004690457601 -0.006507323589 0.02669354342
v -0.004690180998 -0.004802159499 0.01747851074
v -0.004673449788 -0.003936626017 0.01534154639
v -0.004663520493 -0.007900344208 0.02586911432
v -0.004657475743 0.005787805188 0.01333856583
v -0.004652228206 0.001122043002 0.02439999953
v -0.004651960917 0.006065469235 0.02665622346
v -0.004649451934 -0.004800410941 0.009400002658
v -0.004635501187 0.001000000047 0.008999999613
v -0.004635498859 -0.002000001492 0.009000000544
v -0.004633623175 0.006830006372 0.01208699495
v -0.004628168419 -0.004300000146 0.01215111092
v -0.004625000525 -0.00369168818 0.01246898342
v -0.004622438457 -0.006184098776 0.01540609077
v -0.004621132743 0.005782707594 0.01540606283
v -0.004620295949 0.003083014395 0.006250002421
v -0.004620293621 -0.003283013357 0.006250000093
v -0.004616716411 -0.004967979155 0.01490253024
v -0.004610252101 -0.009164489806 -0.004281996284
v -0.00460861763 0.005935247522 0.005965298042
v -0.004607845098 -0.006416885648 0.02658568695
v -0.004601653665 -0.008409651928 0.01600453816
v -0.0046016532 0.008007274941 0.01600454003
v -0.004589421675 0.004791987129 0.01045311242
v -0.00458041532 -0.003311938373 0.006206986029
v -0.004571929108 0.007067930885 0.02807930671
v -0.004570842721 0.005461854395 0.007540234365
v -0.00456563523 0.00579019729 0.0184055604
v -0.004565633833 -0.006190199405 0.01840555854
v -0.004561982118 -0.003692995757 0.02370664664
v -0.004560498986 -0.006511515938 -0.004231411498
v -0.004559915978 -0.006184098311 0.01840543374
v -0.004559321795 0.006110341754 -0.004230206367
v -0.004558609799 0.005782707129 0.01840541326
v -0.004555377644 -0.007104774471 0.02897601575
v -0.004550359678 -0.001999999397 0.008682250977
v -0.004550359678 0.0009999995818 0.008682251908
v -0.004550359212 -0.002000000328 0.009317747317
v -0.004550358746 0.0009999989998 0.009317747317
v -0.00454763649 0.00410000002 0.01227262802
v -0.004547468387 0.004811984953 0.01091197226
v -0.004539380781 0.008825247176 -0.004209733568
v -0.004536727443 0.005936939269 0.02639816515
v -0.004530491773 -0.003059307579 0.01254572347
v -0.004506918602 -0.006302468944 0.02627648786
v -0.00450527668 -0.004943155218 0.01243807003
v -0.004500002135 -9.999903705e-05 0.0179500021
v -0.004500002135 0.001500000595 0.01645000093
v -0.004500001669 0.001500000595 0.01700000279
v -0.004500001203 -0.0001000007251 0.01604999602
v -0.004500001203 9.999954636e-05 0.0162499994
v -0.004500001203 0.0001499996433 0.01780000329
v -0.004500001203 0.001299999538 0.01775000244
v -0.004500001203 0.001320710406 0.01620000042
v -0.004500001203 0.001550000394 0.01642928831
v -0.004500000738 9.999942267e-05 0.01774999686
v -0.004500000272 -5.000075544e-05 0.01800000109
v -0.004500000272 0.00132070994 0.0177999977
v -0.004499999806 0.0001499988139 0.01620000042
v -0.004499999806 0.001299997675 0.0162499994
v -0.004499999806 0.00154999888 0.01757070981
v -0.004499999341 -5.000145757e-05 0.01599999703
v -0.004499999341 0.001499998616 0.0175499972
v -0.004499999341 0.001549998298 0.01699999906
v -0.004495217931 0.006959011778 0.007585462648
v -0.004494777881 -0.006190195214 0.02180481888
v -0.004494777415 0.005790198222 0.02180482075
v -0.004484716337 0.004865589086 0.01048779488
v -0.004477730487 0.005746371578 0.02539941855
v -0.004475540947 -0.002849999815 0.006630951539
v -0.004475539085 0.002649998292 0.006630948279
v -0.004464217462 -0.004638923798 0.01950255223
v -0.004461642355 0.002841340844 0.00659551518
v -0.004455177579 0.005790195893 0.02370440401
v -0.004455177579 -0.006190198008 0.0237044096
v -0.004451080225 -0.003100000322 0.006568587851
v -0.004450327717 -0.003349998966 0.006066668313
v -0.004450327251 0.003150000703 0.006066664122
v -0.004448376596 0.005832179449 0.02592057362
v -0.004441785626 -0.006229763851 0.02180371433
v -0.004441784229 0.005829765927 0.02180371247
v -0.004434815608 -0.006213587709 0.02573430352
v -0.004428640939 0.005805019289 0.02564469352
v -0.004424999468 0.001049998682 0.008263879456
v -0.004424999468 0.001049998915 0.009736118838
v -0.004424999468 0.002399998717 0.008263880387
v -0.004424999468 0.00239999895 0.00973611977
v -0.004424420651 -0.006190197077 0.02517995425
v -0.004424420185 0.005790197756 0.02517994866
v -0.004422065336 0.003003553255 0.006494617555
v -0.004421462305 -0.004197501577 0.02187184803
v -0.004420209676 0.004506655037 0.01950716414
v -0.004413400777 -0.00508953305 0.01403595414
v -0.004399552476 -0.005132965278 0.01565467753
v -0.004399231169 0.004210843705 0.03218980506
v -0.004387523048 -0.007539026905 0.02801033854
v -0.004384253174 -0.00328301359 0.006398208905
v -0.004384192172 0.007430101279 0.02695805393
v -0.004380425438 0.004146098625 0.02188021503
v -0.004376567435 -0.007375659887 0.01177814044
v -0.004372816533 -0.006321069784 0.01840154082
v -0.004362835549 0.003111940809 0.006343604065
v -0.004358589649 0.003252101131 0.01246984024
v -0.004355642479 -0.009259890765 0.009842297062
v -0.004355342127 0.004971010145 0.01244999561
v -0.004350320436 -0.004213835113 0.032528501
v -0.004350317642 0.003811455332 0.032528501
v -0.004347963724 0.004099998623 0.01519787405
v -0.004340090789 -0.003890729742 0.02370203286
v -0.004338238388 -0.005050865002 0.01737892628
v -0.004331244621 0.005058401264 0.01565445401
v -0.004325831309 0.003891496919 0.02370170876
v -0.004324347246 -0.007445778232 0.007795010693
v -0.004317750223 -0.001999999862 0.008449639194
v -0.004317749757 -0.002000000561 0.009550357237
v -0.004317749757 0.0009999989998 0.008449640125
v -0.004317749292 0.0009999984177 0.009550357237
v -0.004311860539 0.005069636274 0.01403956302
v -0.004311265424 0.008028823882 0.01900650561
v -0.004311264493 -0.008431201801 0.01900650747
v -0.004292967729 -0.003349998733 0.006165476982
v -0.004292964935 0.003149998607 0.006165473722
v -0.00428909855 0.004908266012 0.01738196984
v -0.004288254306 -0.007459584624 0.00821461156
v -0.004278523847 -0.003384071868 0.01243450027
v -0.004276436754 -0.006397555117 0.01839952543
v -0.004261130001 0.001447991817 0.02440000139
v -0.004258201923 -0.00429999968 0.0122095542
v -0.004239305388 -0.008343205787 0.02298324741
v -0.004234026652 0.001447992981 0.02570023015
v -0.004233095795 -0.00429999968 0.01514717005
v -0.004226867575 0.005693461746 0.00746002607
v -0.004225000739 0.001499998849 0.01652368717
v -0.004224999808 0.0014999985 0.01747631282
v -0.004218653776 0.004566797521 0.03188778833
v -0.004214645363 0.001549999695 0.01749424636
v -0.004214645363 0.001549999812 0.0165057499
v -0.004205396865 -0.0067217662 -0.003849361558
v -0.004203077406 -0.007907057181 0.02688137814
v -0.004202201497 -0.00429999968 0.01220985502
v -0.004201447591 -0.002273097867 0.03351070359
v -0.004201444797 0.001870720298 0.03351069242
v -0.004194647539 0.007071863394 0.01152791549
v -0.004186964594 0.007079738192 0.01113678794
v -0.004185969941 0.007730802987 0.0256830696
v -0.004181570839 -0.006452191155 0.01839755476
v -0.004172423854 0.0002567910706 0.0336827971
v -0.004172418732 -0.0006591731217 0.03368278593
v -0.004169306252 -0.006696378812 6.784776633e-05
v -0.004169305786 0.006294000894 6.784556172e-05
v -0.004148475826 0.006349361502 -0.003784400411
v -0.00414155703 -0.007498933002 0.01144710742
v -0.004136604723 0.005093428772 0.01644380018
v -0.004128410481 0.00623952318 0.006481097545
v -0.004125001375 9.999986651e-05 0.0176495146
v -0.004125001375 0.001300000004 0.01764952205
v -0.004125001375 0.00130000012 0.0163504798
v -0.004124999978 9.999942267e-05 0.01635048166
v -0.004124841187 0.007137828972 0.008386058733
v -0.004124686588 -0.001926749479 0.02439999767
v -0.004110392649 -0.003349999664 0.006199998315
v -0.004110392183 -0.003099999623 0.006633011624
v -0.004110392183 -0.002850000281 0.006700001657
v -0.004110391717 -0.003311940003 0.006391341798
v -0.004110391717 -0.003283013124 0.006449998356
v -0.004110391717 -0.003041342366 0.006661938503
v -0.004110391717 0.003003553255 0.006553555839
v -0.004110391252 -0.003203554312 0.006553554442
v -0.004110391252 0.002841341309 0.006661938969
v -0.004110391252 0.003149999538 0.006200002506
v -0.004110390786 0.003111938946 0.006391343195
v -0.00411039032 0.002649998292 0.006699998397
v -0.004101390485 -0.006657718681 0.006500328425
v -0.004100000951 0.0001500005601 0.01630718075
v -0.004100000486 0.001320710173 0.01769281924
v -0.00410000002 0.001320709591 0.01630718261
v -0.004099999554 0.0001499979699 0.01769281738
v -0.004097640514 -0.001926751109 0.02569738589
v -0.004093684256 0.007155141793 0.008127542213
v -0.004091961775 0.004099998157 0.01226177532
v -0.004087165929 -0.004589495249 0.03225334734
v -0.004084404558 0.005117470864 0.010549617
v -0.004079712555 -0.006696513388 0.004361745901
v -0.004074670374 -0.006592709571 0.0129568195
v -0.004072512966 0.00842837058 0.01603090391
v -0.004072511103 -0.008830750361 0.01603090577
v -0.004054680932 -0.00754545955 0.01098228153
v -0.004050001968 0.005791632924 0.00745000178
v -0.004050001502 0.002400000347 0.01054999977
v -0.004050000105 0.002399999648 0.007449999452
v -0.004037461244 -0.004120997153 0.02369572408
v -0.00403327262 -0.006696974859 0.006542677525
v -0.004025001079 -9.999992471e-05 0.01617727242
v -0.004025000148 -0.0001000012708 0.0178227257
v -0.004023686983 0.001499999664 0.01727500185
v -0.004023686983 0.001500000246 0.01672499813
v -0.00402273424 0.00361563731 0.0123215951
v -0.004015982617 0.009264185093 -0.003627715399
v -0.004015981685 -0.00966656208 -0.003627718426
v -0.004009393044 -0.008213043213 0.02560456842
v -0.004008261021 -0.007564964704 0.0112217525
v -0.004006263334 0.001267736079 0.03360556439
v -0.004006072413 -0.007594337687 0.008280197158
v -0.004005751107 0.001549999812 0.01728535816
v -0.004005749244 0.001549997251 0.01671464182
v -0.004000002053 0.00105000136 0.008150002919
v -0.004000001587 0.0002207115031 0.01055000164
v -0.004000001587 0.001000000513 0.008364500478
v -0.004000001587 0.001050000894 0.007579292636
v -0.004000001121 -5.00005699e-05 0.01786602661
v -0.004000001121 3.987054848e-10 0.01077070925
v -0.004000001121 1.288932849e-09 0.007229291368
v -0.004000000656 0.0009000005666 0.007499999832
v -0.00400000019 -2.62966066e-10 0.007300002966
v -0.00400000019 0.0001999997476 0.01050000079
v -0.00400000019 0.00022071079 0.007450000849
v -0.00400000019 0.0009999996983 0.007599997334
v -0.00400000019 0.001050000545 0.009849997237
v -0.00400000019 0.002399999416 0.0081499964
v -0.00400000019 0.00240000058 0.009849998169
v -0.003999999724 -0.002000000561 0.00963550061
v -0.003999999724 -5.000138481e-05 0.01613397337
v -0.003999999724 0.0008999996353 0.01050000265
v -0.003999999724 0.0009207094554 0.01054999698
v -0.003999999724 0.0009207106777 0.007450003643
v -0.003999999259 -0.002000001026 0.008364501409
v -0.003999999259 -6.510703093e-10 0.01069999859
v -0.003999999259 0.0009999986505 0.00963550061
v -0.003999998793 0.0001999980595 0.007499998435
v -0.003999998793 0.0009999976028 0.01039999723
v -0.003999998793 0.001049997867 0.01042070799
v -0.003999998327 -0.002381848404 0.00899999775
v -0.003996868618 -0.006744049955 0.004325259011
v -0.003986368887 -0.006577330641 0.01839348301
v -0.003984060604 0.005173686426 0.0105486
v -0.003981759306 -0.004300000146 0.01219340693
v -0.003981478512 -0.005368284881 0.01554535422
v -0.003977725748 -0.006590958219 0.01839330047
v -0.003975064028 0.008712093346 0.01404002868
v -0.003975060768 -0.009114472196 0.01404002681
v -0.003970929887 0.005255874246 0.03118788451
v -0.003970385995 0.006254028529 0.01288890652
v -0.003965175711 0.005176697392 0.01085232478
v -0.003961537499 -0.005238411948 0.0172956232
v -0.003959354479 0.009333823808 -0.0002730802807
v -0.003959353082 -0.009736205451 -0.0002728904074
v -0.003958589863 -0.005294936243 0.01233860385
v -0.003950001206 0.001499999431 0.0169999972
v -0.003933780361 -0.005378888454 0.01392276119
v -0.003933430184 0.008895469829 0.01268661954
v -0.003933430184 -0.00929784961 0.01268661767
v -0.003929289058 0.001549998531 0.01699999906
v -0.003923995886 0.0052519897 0.01555553731
v -0.003916126676 0.007209115196 0.01103637647
v -0.003909920808 0.009390494786 0.005121842027
v -0.003909917083 -0.009792871773 0.005122177768
v -0.003900920739 -0.006697581615 0.01283902023
v -0.003893200308 0.009214937687 0.009662874974
v -0.003893199842 -0.009617315605 0.009662869386
v -0.003891543485 -0.009717976674 0.008027538657
v -0.003891541855 0.009315618314 0.008027129807
v -0.003887397004 -0.004965129308 0.0319285728
v -0.003882942023 -0.009769911878 -0.003466026625
v -0.003869283013 -0.005296379793 0.009400002658
v -0.003868050408 -0.008703125641 0.01991079189
v -0.003859175369 0.006401573308 0.005702192429
v -0.003854257753 0.007258926053 0.008620002307
v -0.003851097543 0.006267037243 0.01839066483
v -0.003850482637 0.0001000007978 0.01737500168
v -0.003850482637 0.001300000353 0.01662500203
v -0.003850481706 9.999956092e-05 0.01662500389
v -0.003850481473 0.001299998956 0.01737500168
v -0.003846178064 0.00531092193 0.01393523533
v -0.003844866995 0.005117674824 0.02270753123
v -0.003825434018 0.00526686199 0.01235625427
v -0.003813343821 -0.007675454486 0.008748985827
v -0.003807181958 0.001320711453 0.01740000211
v -0.003807180794 0.0001500007056 0.01659999974
v -0.003807180328 0.0001499998179 0.01740000211
v -0.003807180095 0.001320709707 0.0166000016
v -0.003806711407 -0.007660329808 0.01074661408
v -0.003794131102 0.005895302631 0.03040296957
v -0.003790249582 0.008197194897 0.02282115072
v -0.00378738693 -0.006696378347 0.01838933118
v -0.003787385765 0.006294000894 0.01838933676
v -0.003779612482 -0.006862101611 0.004230861086
v -0.003774670186 -0.004584024195 0.02188207954
v -0.003771459218 -0.004990918096 0.01942378283
v -0.003766708774 -0.005436790176 0.02281597815
v -0.003760433989 0.007281906903 0.01056354586
v -0.003753074678 0.007298236713 0.009070193395
v -0.003750000149 0.001299999189 0.0169999972
v -0.003749999683 9.999788017e-05 0.01699999906
v -0.003749188501 0.004498156719 0.0218926724
v -0.003746517235 0.007299975026 0.009186485782
v -0.00374640571 -0.007700026501 0.009186481126
v -0.003744217101 0.004806012847 0.01944049634
v -0.003739926731 0.002885589842 0.03315811232
v -0.003739926731 -0.00328797102 0.03315811232
v -0.003731543198 -0.004300000612 0.01214503031
v -0.003726869589 -0.007698538247 0.01029313449
v -0.0037256754 0.007299972698 0.01018626709
v -0.003725565737 -0.00770002557 0.0101862615
v -0.003713693237 -0.006803490687 0.01271015964
v -0.003712187288 0.006401892751 0.01271202601
v -0.003702430055 0.004314996768 0.02368871681
v -0.0037000007 0.0001499999344 0.01700000279
v -0.0037000007 0.001320709591 0.0169999972
v -0.003699238878 -0.005187730305 0.01827438734
v -0.003692728467 0.003714951454 0.03266470134
v -0.003682251554 -0.001999998465 0.00844964385
v -0.003682251088 -0.001999998931 0.009550361894
v -0.003682251088 0.001000000746 0.00844964385
v -0.00368225039 0.00100000028 0.009550361894
v -0.003677276894 -9.999988106e-05 0.01747500151
v -0.003677275032 -0.0001000017146 0.01652500033
v -0.003672179533 0.00289999973 0.0121668512
v -0.003672178369 -0.003100001253 0.01216685213
v -0.003672169987 0.003919086885 0.0121668512
v -0.003672166727 -0.003974358551 0.0121668512
v -0.003670178121 -0.006769970525 0.01838689297
v -0.003654806642 -0.006996709853 -0.00317019294
v -0.003649201477 0.006511212327 0.005627532955
v -0.003648382612 0.0059671239 0.007502944209
v -0.003636847949 -0.004109134898 0.03267287835
v -0.003635031637 0.006483834703 0.02954461984
v -0.003633976448 -4.999924931e-05 0.01650000177
v -0.003633974586 -5.000086458e-05 0.01750000194
v -0.00362881762 0.004009852186 0.01214645989
v -0.00362496404 -0.008687368594 0.02275164798
v -0.003614003072 -0.00907238014 0.01694915257
v -0.003608520376 -0.005690110847 0.03117825091
v -0.003595830174 -0.004137515556 0.01212919224
v -0.003590562847 0.005370267201 0.01048034616
v -0.003586059669 0.004099779297 0.01212372351
v -0.003580006538 0.006628489587 -0.003068210091
v -0.003575000446 0.00240000058 0.009736122563
v -0.003575000213 0.001050000661 0.009736121632
v -0.003574998816 0.002399998484 0.008263876662
v -0.003574998584 0.001049998449 0.008263874799
v -0.003562561702 -0.005361420102 0.01723307744
v -0.003561240621 0.003695625113 0.0326831229
v -0.003550000954 -9.999969916e-05 0.01699999906
v -0.003549952758 -0.003349999897 -1.831914233e-05
v -0.003539969912 -0.005532190669 0.01544920262
v -0.003535883967 -0.0002011912002 0.03361270577
v -0.003535011318 0.005157482345 0.01725374348
v -0.003520409809 -0.004299687222 0.0120833572
v -0.003511686111 -0.003357610665 -1.812155097e-05
v -0.003500002436 -4.999825978e-05 0.01700000279
v -0.003498348873 -0.006974194665 0.006883025635
v -0.003496434074 0.005380402319 0.01546920463
v -0.003493298311 0.006574211642 0.006883016322
v -0.003489611903 0.005415267777 0.01044514962
v -0.003479242558 -0.003379289992 -1.795182834e-05
v -0.003477729158 0.00701584015 0.02859957516
v -0.003474465339 -0.009445410222 0.01416852791
v -0.003457566025 -0.003411731217 -1.784161577e-05
v -0.003451625118 0.006029471755 0.007570655551
v -0.003450269578 0.009684204124 -0.002885058522
v -0.003449955257 -0.003449998796 -1.780103958e-05
v -0.003449641401 -0.001999999629 0.009317750111
v -0.003449640935 0.0009999996983 0.009317750111
v -0.003449640237 0.0009999983013 0.008682247251
v -0.003449640004 -0.002000000328 0.008682247251
v -0.003449118696 0.008566151373 0.01979272254
v -0.003433169331 -0.004469311796 0.02368237451
v -0.003431986552 -0.005249998532 -0.000352099567
v -0.003431985853 -0.003449999494 -0.0003521055623
v -0.003429036587 -0.003350000363 0.0009188043769
v -0.003427888965 -0.005591209978 0.01381516829
v -0.00342782354 -0.004471873865 0.02367251739
v -0.003419371322 -0.003350000363 -0.0009541463223
v -0.003410778241 -0.006359046791 0.03033966385
v -0.003406432224 -0.007103475742 -0.00282128551
v -0.003406159347 0.006702932063 -0.002820881084
v -0.003405765165 0.009715024382 -0.002820303664
v -0.003405462485 0.002900001127 0.01199330948
v -0.003405460855 -0.003099999623 0.01199331041
v -0.003403730458 0.004099998157 0.01199232135
v -0.003403684357 -0.00429999968 0.01199227944
v -0.00339865475 -0.007098764181 -0.001584818936
v -0.003398654284 -0.003399999812 -0.001584821497
v -0.003398653818 0.006696385797 -0.001584815443
v -0.003398652887 0.003199998988 -0.001584818005
v -0.003394457279 0.004469341133 0.02368229255
v -0.003392073093 -0.003357610898 0.0009089020314
v -0.003384633455 0.00410000002 0.01197451912
v -0.003384632291 -0.00429999968 0.01197452284
v -0.003382512368 -0.003357611131 -0.000943863939
v -0.003381726565 0.004099996295 0.01197172794
v -0.003380740527 -0.003363397671 0.0009058678988
v -0.003378362395 -0.005564171355 0.01223950926
v -0.003367039142 -0.007061426993 0.004056254867
v -0.003364499891 -0.002000000095 0.009000001475
v -0.003364499426 0.0009999991162 0.009000002407
v -0.003360735718 -0.003379289061 0.0009005062166
v -0.003357591573 0.005480214488 0.01383685879
v -0.003355541499 -0.01015179697 -0.002745997859
v -0.003354644403 -0.006927735638 0.01838031411
v -0.003354491666 -0.006934180856 0.01838031225
v -0.00335333962 0.00315000047 -0.001563687925
v -0.00335333799 -0.003350000829 -0.001563690719
v -0.003351262771 -0.003379289294 -0.0009351448389
v -0.003345385659 -0.003399999347 0.0008963940199
v -0.003342794953 0.005461023189 0.01079155412
v -0.003339796793 -0.003411731916 0.0008948936011
v -0.003334654029 -0.004536267836 0.02347479761
v -0.003333760193 0.004503201693 0.0235848818
v -0.003332445165 -0.003449999029 0.0008929254836
v -0.003332444001 -0.005249999929 0.0008929244941
v -0.003331497079 -0.006998203695 0.0124417264
v -0.003330382518 -0.003411732614 -0.0009293157491
v -0.003328761319 0.005315108225 0.01629824378
v -0.003323051613 -0.003449999262 -0.0009272723692
v -0.003321382217 -0.008494939655 0.02526156977
v -0.003318517236 0.007483638823 0.02754671872
v -0.003315652255 -0.002153491369 0.03345927969
v -0.003301062621 0.003244956722 0.03296715394
v -0.003300000913 0.001000000746 0.01021243539
v -0.003299999982 0.0009999989998 0.007787563372
v -0.003297265852 0.00174840726 0.02439999767
v -0.003295768984 -0.007143523544 -0.001788951107
v -0.003295622533 -0.009059160948 0.01974073797
v -0.00328975101 0.006665920839 0.007015375886
v -0.003289644606 0.001049999963 0.007769626565
v -0.003289643908 0.00104999938 0.01023036987
v -0.003289572662 -0.007068342064 0.007019083016
v -0.003283631057 -0.006934182253 0.02177957445
v -0.003279041965 0.004532130901 0.0234920755
v -0.003276264993 0.005504522938 0.01034307107
v -0.003275001189 0.00240000058 0.007657660637
v -0.003274999326 0.002399998484 0.01034234092
v -0.003272854723 0.006072303746 0.007659484167
v -0.003270582762 0.001748409588 0.02568014897
v -0.003267721971 -0.0055750967 0.009400001727
v -0.00326671009 0.00715820631 0.00812075939
v -0.003266602289 -0.007558253128 0.008120757528
v -0.003266023472 0.005485977978 0.01226377953
v -0.003264216939 0.004121182486 0.03235844523
v -0.003263879102 0.002399999881 0.008574999869
v -0.003263878869 0.001049999963 0.008574998938
v -0.003263878636 0.001050000195 0.009425003082
v -0.003263877239 0.002399998251 0.009424997494
v -0.003250000766 0.0008999999263 0.01029904
v -0.003250000533 0.0002000006498 0.01029903721
v -0.003249999834 0.0001999997767 0.007700961083
v -0.003249999601 0.0008999996353 0.007700963411
v -0.003249998903 0.005299999379 1.881309553e-09
v -0.003249599133 0.006745279767 -5.10992395e-05
v -0.003244715976 0.007299978752 0.009176023304
v -0.003244604217 -0.007700022776 0.009176018648
v -0.003240490798 -0.006968914997 0.02943000756
v -0.003225001739 0.0002207122161 0.01034234185
v -0.003225001274 0.0002207117795 0.0076576625
v -0.003224999877 0.0009207101539 0.01034233719
v -0.003224999411 0.0009207096882 0.007657657843
v -0.003223873442 0.007299977355 0.01017580461
v -0.003223765874 -0.007700019982 0.01017580554
v -0.003219339065 0.008926044218 0.01687136292
v -0.003217513906 0.004470706917 0.02367860824
v -0.003206286579 -1.024597963e-09 0.01174470317
v -0.003206134541 0.004072208889 0.01174529735
v -0.003206132213 -0.00427220948 0.01174529735
v -0.003206118708 -0.003099999158 0.01174528059
v -0.003206117544 0.002899999265 0.01174528059
v -0.003204142442 0.006759078708 0.0005440298701
v -0.003197882557 0.007100610528 0.01142260525
v -0.003197795479 -0.007500993088 0.01142157987
v -0.003191838041 -0.0002000017121 0.02567850612
v -0.003183085937 0.006777472328 -0.0006560995243
v -0.00318140653 -0.007190765347 -0.001985231414
v -0.003178829327 0.00666591851 0.01233645342
v -0.003178804647 -0.007068344392 0.0123327421
v -0.003172186669 0.004508224316 0.023569379
v -0.003169092117 -0.004246752243 0.01167466678
v -0.003168609692 0.004046383314 0.01167383231
v -0.003154417733 0.007880989462 0.02636877634
v -0.003150001401 0.001050000777 0.009000003338
v -0.003149999306 0.002399999416 0.008999996819
v -0.003149998607 -2.160649438e-09 0.007527754176
v -0.003149998141 -2.43414644e-09 0.01047224086
v -0.003145260271 -0.004793671891 0.0236770995
v -0.003144116374 -0.00541803427 0.01719576865
v -0.003139715176 -0.002148407977 0.02440000139
v -0.003135407809 0.00556006562 0.01025140937
v -0.00313283084 -0.007032667752 0.0183756873
v -0.003130933503 -0.004212064203 0.01160885673
v -0.003129516263 0.004011380486 0.01160737406
v -0.003114646534 1.278045891e-09 0.01053348277
v -0.003114644904 -2.377814616e-10 0.007466516457
v -0.003113100072 -0.00214840658 0.02567686699
v -0.003111532889 0.009953618981 -0.0003063095501
v -0.003097063163 0.001234254451 0.02159778215
v -0.003096907632 0.002244912554 0.02155119553
v -0.003096841974 -0.00121073355 0.02171084657
v -0.00309676351 0.002299998887 0.02139872313
v -0.003096645698 0.001246326603 0.02130423672
v -0.003096610773 0.009278899059 0.01412333827
v -0.003096401924 -0.001179176965 0.02181478031
v -0.003096278524 0.001238648663 0.02123193629
v -0.00309614744 -0.001234253985 0.02120221965
v -0.00309582008 0.001142319525 0.02190754376
v -0.003095702268 0.002195043257 0.02189425379
v -0.0030954713 0.002238154411 0.02193027548
v -0.003095364198 -0.001213190029 0.02109888941
v -0.003095178865 -0.004869043361 0.02135634422
v -0.003094555112 0.00215450325 0.02204855531
v -0.003094542073 0.00222084811 0.02103898674
v -0.003094352782 0.004691831768 0.02199854143
v -0.003093813546 0.001167780487 0.02095414698
v -0.003093391424 0.0009700061055 0.02218840644
v -0.003092992352 0.002195039066 0.02090573497
v -0.003092555096 0.002238839166 0.02087246813
v -0.00309204869 -0.0008591951919 0.02230790257
v -0.003091261489 -0.0007884093211 0.02237000503
v -0.003091142746 0.0007790902746 0.02237750776
v -0.003090208396 0.002055268036 0.0224328693
v -0.003089669626 0.001025101752 0.02068469301
v -0.003089240286 0.001963587711 0.02249855734
v -0.003088438418 0.0004458492331 0.02256778441
v -0.003088259604 -0.0009700070368 0.02061159164
v -0.003087922698 0.006825178396 -0.002127731685
v -0.003087871475 -0.0003335301299 0.02260467969
v -0.00308747543 0.0002261754998 0.02262936905
v -0.003087419784 -0.0009367053281 0.020572301
v -0.003087401856 -0.0001977763895 0.02263425477
v -0.003086725483 0.006659011357 0.0183747299
v -0.003086542012 0.002080550184 0.02054337412
v -0.003084633965 0.001771362615 0.02278736234
v -0.003083982971 0.0007884079241 0.02042999491
v -0.00308302464 0.001763621694 0.02287635393
v -0.003082122887 0.002055742545 0.02036800422
v -0.00308196689 0.001645782962 0.02293424122
v -0.003081713337 -0.00344999996 -0.001550980494
v -0.003081712406 -0.005250000861 -0.001550981542
v -0.003080761991 0.0006181393983 0.02031353675
v -0.003080598777 -0.004679658916 0.02298077755
v -0.00308007095 -0.007515591569 0.02844057791
v -0.003079162678 -0.005621608347 0.01537032332
v -0.003078276059 -0.0004446509702 0.02023175731
v -0.003078173613 0.004620837513 0.02317939326
v -0.003076257883 -0.0002263344504 0.02017065883
v -0.003076083027 0.0001977848151 0.02016574703
v -0.003075923771 0.001389395795 0.023232935
v -0.003075675806 0.001270766137 0.0232567843
v -0.003075544024 -1.332518208e-09 0.02014999837
v -0.003075427143 -0.009415410459 0.01683628
v -0.003074540291 0.002660222119 0.03321028873
v -0.003074538661 -0.003062599106 0.03321028873
v -0.003072691383 0.001819818281 0.02007683553
v -0.003072324209 0.00100578228 0.02341268212
v -0.003071566578 0.004554434679 0.02341516316
v -0.003071472049 0.009997036308 0.00422382215
v -0.003071255982 0.001853334601 0.02003777958
v -0.003070582636 0.0008372236043 0.02348843031
v -0.003069879953 0.0009189632256 0.02350865118
v -0.00306951697 -0.00503988564 0.02004799433
v -0.003068994265 0.00180954556 0.0199802462
v -0.003068317659 0.0048602717 0.01998697594
v -0.003067364683 0.0003616064205 0.02362075076
v -0.003066642443 0.001763294335 0.01992325112
v -0.003066409146 0.004482037853 0.02364722081
v -0.003066353267 0.0004035077291 0.02366432361
v -0.003066022415 0.001742789522 0.02367544547
v -0.003066014964 -0.002142788377 0.0236754436
v -0.003065788886 -0.004471869674 0.0236754436
v -0.003065774217 0.004448093474 0.02367543988
v -0.003065318102 0.0001385661599 0.02371026576
v -0.003065039637 0.0001214954391 0.02372248471
v -0.003063928802 0.0001646054152 0.02376989648
v -0.003061938565 -0.007235897239 -0.002283795271
v -0.00306072738 -3.795323573e-05 0.02390982211
v -0.003059732029 1.20804425e-05 0.02395196073
v -0.003056860762 -0.002142718062 0.02407683991
v -0.003056818154 0.001742719323 0.02407792956
v -0.003055261448 0.001443923451 0.01967442781
v -0.003054969944 -9.999993927e-05 0.02416360192
v -0.00305401301 -5.000037345e-05 0.02420579642
v -0.003052724525 0.005442724098 0.01539882366
v -0.003052127082 -0.0001000003977 0.02429521456
v -0.003051917069 -5.000168676e-05 0.0243040435
v -0.00305000064 -4.999914017e-05 0.02439999953
v -0.00305000064 0.001742710825 0.02439999953
v -0.00304999901 -0.002142710844 0.02440000139
v -0.00304999901 -0.000100001489 0.0243999958
v -0.003048680723 0.001377446344 0.01955779828
v -0.003048579907 0.005593459122 0.01018307172
v -0.003047161968 0.009585079737 0.01151489932
v -0.003046544036 -0.003350000363 -0.00182238128
v -0.003043528879 0.004544418305 0.03197876737
v -0.003043163335 0.006816527341 0.001140906592
v -0.003041120945 0.004914843477 0.01944671385
v -0.003039399162 -0.00512261223 0.01943042874
v -0.003038192401 0.001004909398 0.01938687824
v -0.003038143972 0.009807318449 0.009012260474
v -0.003037460148 0.006784430239 0.005408390425
v -0.003032061504 0.0009169233963 0.01929054596
v -0.003031366272 -0.007083232515 0.01837357506
v -0.003026206745 0.0005063170101 0.01920770854
v -0.003024191363 0.0003616070608 0.01917924918
v -0.003023828147 0.006849417929 -0.002217872301
v -0.003023827216 0.007235606201 -0.002217875794
v -0.003021798329 0.006842688657 -0.001196347526
v -0.003020922653 0.000403507438 0.01913567074
v -0.003016445553 0.0001215520315 0.01907755621
v -0.003013703041 -0.003357611829 -0.001802734565
v -0.003012554487 0.0001631543855 0.01902898401
v -0.003002607496 0.005299998447 -0.001243720995
v -0.003002607264 0.005299998447 0.001243718783
v -0.003002556739 0.006850062869 -0.001243846375
v -0.00300247781 0.006831000093 0.001244033687
v -0.003000692232 -3.848499182e-05 0.01888914593
v -0.002997089876 1.258641441e-05 0.01884901151
v -0.002988198074 0.008213224821 0.02507941052
v -0.00298586092 -0.003379289759 -0.001786079141
v -0.00298263086 -0.008996522054 0.02244481072
v -0.002982242731 -0.010436018 -0.0002892493212
v -0.002978547476 -0.003400001209 -0.002278322354
v -0.00297653419 -0.0001000011325 0.01863639802
v -0.002975583309 0.003199998522 -0.002282191068
v -0.002974891802 -0.001530596404 0.03346870095
v -0.002974890405 0.001128215343 0.03346870467
v -0.002972148824 -5.000024612e-05 0.01859419793
v -0.002968127606 -0.007225729991 0.003847605782
v -0.002967259148 -0.003411731217 -0.001774953329
v -0.002963698702 0.005017680116 0.01852517016
v -0.002960726153 -0.00344999996 -0.001771049458
v -0.002959449077 -0.00976081565 0.01410263497
v -0.002955966862 -0.007253778633 0.0007751153898
v -0.002952709328 0.006111047231 0.007905667648
v -0.002941955579 -0.01047803834 0.004250645172
v -0.002938834485 -0.003349999897 -0.00224794005
v -0.002935908968 0.003149999073 -0.002251761267
v -0.002934770891 0.003601289354 0.03273399174
v -0.00293476996 -0.00400366867 0.03273400664
v -0.002923706314 -0.007994037122 0.02735440992
v -0.002920635743 -0.005290032364 0.01816731878
v -0.002919858554 0.0002498093527 0.03349526972
v -0.0029143258 -0.01006034575 0.01150765643
v -0.002907701535 -0.007130287122 0.0183709953
v -0.002907700604 0.006727905013 0.0183709953
v -0.002907617483 -0.01028098632 0.009018918499
v -0.002903708955 0.01004013792 -0.002013300546
v -0.002902085893 -0.005723187234 0.01371649932
v -0.002863375237 0.007277476601 -0.002421621699
v -0.002852391917 0.005576112308 0.01374716125
v -0.002839895897 -0.005356974434 0.01763802581
v -0.002839472611 -4.999974044e-05 0.01762958989
v -0.002839449793 -0.000100000696 0.01762944087
v -0.002838818124 0.005127455108 0.01763173938
v -0.002830371959 -0.01048644353 -0.001882420038
v -0.002803290961 0.007292185444 -0.001831413829
v -0.002793963999 -0.007289689966 0.003674207488
v -0.002787564881 0.0009999994654 0.009699998423
v -0.002787564415 0.0009999992326 0.00829999987
v -0.002782294061 -4.999906378e-05 0.01450677402
v -0.002782282885 -0.0001000010016 0.01450676564
v -0.002781973686 -0.001591203036 0.01450662781
v -0.002781821648 0.001425196533 0.01450656168
v -0.00278095575 0.002900000196 0.01450618356
v -0.002780913375 0.005166289397 0.01732150838
v -0.002780908952 0.004100001883 0.01450616121
v -0.00278090639 -0.004300000146 0.01450615749
v -0.002780905226 -0.003100001952 0.01450615656
v -0.002775837434 -0.007228686474 0.004056254867
v -0.002773628104 -0.005747559015 0.01214332227
v -0.002773261163 0.005700265523 0.009878885001
v -0.00276985392 -0.007300143596 -0.002528601326
v -0.002769628773 0.001049999613 0.009710355662
v -0.002769628074 0.001049999497 0.008289640769
v -0.002766417339 -0.008400410414 0.02615782991
v -0.002762485528 -5.000139572e-05 0.01449854765
v -0.002762017073 0.001425189199 0.01449834369
v -0.002758529503 -0.007302802056 0.003538621357
v -0.002758272225 -0.007302726153 0.003561593592
v -0.002758010291 0.00691418536 0.001719263266
v -0.002749661217 0.006939641666 -0.001732587931
v -0.002749462845 0.007203767076 -0.001732904348
v -0.002744040452 0.006772930734 0.02176832408
v -0.002744039986 -0.007172931917 0.02176832594
v -0.002735786838 0.005348407198 0.03111195005
v -0.002723432146 -0.005426691379 0.0170501601
v -0.002721627941 0.006096123252 0.008201419376
v -0.002711115638 0.005726369098 0.009780955501
v -0.002707662527 0.002400000812 0.008225002326
v -0.002707662294 0.002400001977 0.009775003418
v -0.002706363332 -5.000062083e-05 0.01697094738
v -0.002701533493 -0.007216785569 0.01836669631
v -0.00270096329 0.0009000006248 0.008249999955
v -0.002700961893 0.0002000005625 0.009750003926
v -0.002700960729 0.0008999978891 0.00974999927
v -0.002700960496 0.0001999987435 0.008249999024
v -0.002690990455 0.007216859143 -0.001822143793
v -0.002685966669 0.005625289865 0.0121746622
v -0.002671566326 0.008726026863 0.02228091098
v -0.002660192316 -9.999621398e-05 0.01677959412
v -0.002657660982 0.0002207101206 0.008224997669
v -0.002657660749 0.0002207110956 0.00977499783
v -0.002657660749 0.0009207099793 0.008224999532
v -0.002657660516 0.0009207109688 0.009775000624
v -0.002636077348 -0.004469875712 0.0323764123
v -0.002634327859 0.004099999089 0.01446664799
v -0.002634326927 0.002899998566 0.01446664985
v -0.002625332214 0.006845082622 0.01836510748
v -0.002618577331 -0.0001000004122 0.01446597185
v -0.00260978681 -0.008740584366 0.02486378886
v -0.002606577706 -0.001591102569 0.01446507126
v -0.002603623318 -0.005635654554 0.01531282067
v -0.002600000473 0.0009999999311 0.009000001475
v -0.002597032813 0.0054380605 0.01534776017
v -0.00258611911 0.001425101305 0.01446432248
v -0.00258458266 -0.004300000612 0.01446360815
v -0.00258458266 -0.003100000322 0.01446361374
v -0.002581666224 -0.003311938606 0.006391341798
v -0.002581666224 -0.003283011494 0.006449998356
v -0.002581666224 -0.002849998418 0.006700001657
v -0.002581665991 -0.003041340737 0.006661938969
v -0.002581665758 -0.003203553148 0.006553554907
v -0.002581665292 -0.003350000363 0.004081237596
v -0.002581664827 -0.00310000102 0.006633013021
v -0.002581664594 -0.003350000829 0.006199999712
v -0.002579291118 0.00105000101 0.009000003338
v -0.002574460115 0.00604497036 0.008525839075
v -0.002552502556 0.005808827933 0.009399999864
v -0.002546918346 0.005816231016 0.009378464893
v -0.002543832874 -0.003357432317 0.004081237596
v -0.00254238653 -5.000063175e-05 0.01446585171
v -0.002537033986 -0.003360511735 0.006199999712
v -0.002533369232 -0.003363397438 0.004068301059
v -0.002527756151 -1.207071776e-09 0.008150001988
v -0.002527756151 -1.163716073e-10 0.009850003757
v -0.002520424547 0.003062936477 0.03298447654
v -0.002520422218 -0.003465314396 0.03298447281
v -0.002517547458 0.00607539434 0.03015549295
v -0.00251227105 -0.003380439244 0.004062647931
v -0.002510953462 -0.003379290458 0.004081240855
v -0.002507135971 -0.003300566925 0.006450002547
v -0.002501784591 -0.003389841411 0.004081243183
v -0.002501784591 -0.003389841178 0.006199996918
v -0.002501379931 0.005295683164 0.0162170697
v -0.002500933828 0.00594654819 0.008948422037
v -0.002500103787 0.005932410248 0.009000409395
v -0.00250000041 0.0008999998099 0.00899999775
v -0.002499999944 0.002399999183 0.009000002407
v -0.002499999944 0.0001999992819 0.009000003338
v -0.002498014364 -0.003399999347 0.00405882718
v -0.002495812252 -0.00741539523 -0.001237818855
v -0.002491846448 -0.003413214115 0.00405717548
v -0.002489098813 -0.003412166843 0.004081243649
v -0.002487825928 -5.000124656e-05 0.0161681436
v -0.00248507387 -0.003449999029 0.004055358469
v -0.00248333253 -0.003431817517 0.004081241786
v -0.002483330667 -0.003431820078 0.006199996918
v -0.002466519363 -4.547842108e-10 0.009885353036
v -0.00246651913 -6.462078099e-10 0.008114648052
v -0.002457882278 -0.00335000176 -0.002561507281
v -0.002456860384 0.002325117821 0.03320319578
v -0.00245638215 -0.003548469394 0.004169041291
v -0.002452942077 -0.003426200245 0.006373059936
v -0.002452661749 -0.00358025101 0.004176322836
v -0.002450675704 -0.0001000018528 0.01448132191
v -0.002450000262 0.0009207107942 0.00899999775
v -0.002449999796 0.0002207102516 0.009000004269
v -0.002448472194 0.006900786422 0.01836141944
v -0.002448273823 -0.003349543316 0.006450000685
v -0.002444276819 0.007369801868 -0.00229133945
v -0.002431387315 -0.003357612062 -0.002533889143
v -0.002430374967 -0.004930809606 0.0319618322
v -0.00242545153 -0.003136795713 0.006633015815
v -0.002424330683 -0.001591011533 0.01448894758
v -0.002423227765 -0.003099998226 0.01448846515
v -0.002419007476 -0.003672557883 0.004301912617
v -0.002417926909 0.004099999554 0.0144902328
v -0.002417925978 0.002899998799 0.01449023467
v -0.002417905955 0.01031273697 -0.001075959648
v -0.002417461714 -0.003419638379 0.006449999288
v -0.002413063543 0.009109604172 0.01938067377
v -0.002408926608 -0.003379289061 -0.002510481514
v -0.002407437656 -0.003668069374 0.004392801784
v -0.002406436251 -4.999966041e-05 0.01449549291
v -0.002405940322 0.001425025985 0.01449529361
v -0.002402026206 -0.005538903642 0.01591018215
v -0.002398974961 0.00737768691 -0.002881619846
v -0.002397698583 0.007020717952 0.002193976194
v -0.002395210555 -0.002768678125 0.03318141401
v -0.002393916715 -0.003411732381 -0.00249484391
v -0.00238864799 -0.003449998796 -0.002489346778
v -0.00237680343 -0.005851461552 0.009399999864
v -0.002362891566 -0.005772422999 0.01363008283
v -0.002357580699 0.007284450345 -0.002238048939
v -0.00234741508 0.003509740112 0.03272826225
v -0.002339325845 -0.003405192401 0.00655355351
v -0.002336738165 0.005598599557 0.01366886962
v -0.00233472744 0.006726261228 0.02913299948
v -0.002333898097 -0.00429999968 0.01452777442
v -0.002333896467 -0.003100001253 0.01452777348
v -0.002327723429 0.001526752952 0.02366006002
v -0.002327535534 -0.005249999929 -0.002546578879
v -0.002322243527 -0.003816864919 0.004742552992
v -0.002317502396 -0.009264606051 0.02208675258
v -0.002317275619 0.01036348473 -0.0008600169094
v -0.002317274688 -0.007461989764 -0.0008600217407
v -0.002317274222 -0.01076586358 -0.0008600189467
v -0.002317273058 0.007059609517 -0.0008600211004
v -0.002315214137 -5.000179954e-05 0.01454057731
v -0.002313871169 -0.002913076431 0.006699998863
v -0.002309747273 -0.003844857216 0.004728329368
v -0.002309167059 0.007061605807 -0.0008413109463
v -0.002302083187 -0.003239444224 0.006633012556
v -0.002300001215 1.697701534e-09 0.009000002407
v -0.00229900633 0.007294760551 -0.002298724838
v -0.00229818048 -0.003852418624 0.006199999247
v -0.002298174193 0.007046970073 0.002298020991
v -0.002298096428 0.005299999844 0.002298093401
v -0.002298096195 0.005299999844 -0.002298094798
v -0.002298038919 -9.999852045e-05 0.01455183607
v -0.00229780213 0.007064359263 -0.0008107316098
v -0.002297783503 -0.005561383907 0.01561771426
v -0.002296694089 -4.999839075e-05 0.01560944784
v -0.002296394203 0.005353140645 0.01561460551
v -0.002291854937 -0.0010924167 0.03333222494
v -0.002291854471 0.000690041401 0.03333222494
v -0.002286038827 0.00152674946 0.02565962262
v -0.002284529852 -0.007469881792 -0.000763540098
v -0.002284528455 0.007067495957 -0.0007635393995
v -0.002281167544 -0.003872365924 0.004911172204
v -0.002280381275 -5.000054443e-05 0.01556568593
v -0.002275900915 -0.007471813355 -0.0007152247126
v -0.00227351347 -0.00383380102 0.006373054814
v -0.002272795187 -0.007472419646 -0.0006826365134
v -0.002271944191 0.01038839947 -0.0006621706416
v -0.002271943726 -0.007472528145 -0.0006621774519
v -0.002271942561 -0.01079077832 -0.0006621764624
v -0.002271942329 0.007070146501 -0.000662176637
v -0.002269265009 -0.003928447608 0.004860769026
v -0.002264891751 -0.007400948089 -0.002987740794
v -0.002262992552 -0.001590948319 0.01457765978
v -0.00226191734 -0.003333101748 0.01018595975
v -0.002254943363 0.007070149761 0.0001534363109
v -0.002254943131 -0.009038359858 0.0001534361072
v -0.002254942199 0.00863598194 0.0001534369658
v -0.002254942199 -0.007472527213 0.000153436762
v -0.00225439528 0.007043336518 0.005124682561
v -0.002251981758 -0.009677044116 0.0002954447118
v -0.002251981059 0.009274664335 0.0002954404918
v -0.002251277212 0.00944393687 0.01658846997
v -0.002251249505 0.007070875727 0.0002045486035
v -0.002250188729 -0.01082614157 0.0003814777592
v -0.002250185236 0.010423759 0.0003814912634
v -0.002248633187 0.001424973831 0.01458963659
v -0.002243775176 0.00979662966 0.0006891362718
v -0.002243773546 -0.01019900944 0.0006891365047
v -0.002237500157 -0.003386362456 0.006633013487
v -0.002232057042 0.004100000486 0.01460353564
v -0.002232055878 0.002899999963 0.01460353844
v -0.002229289617 1.803602541e-10 0.009000003338
v -0.002228326164 0.01042391919 0.001430332777
v -0.002228323603 -0.0108262971 0.001430329168
v -0.002227617428 -0.01085507311 0.001464352943
v -0.002227614634 0.01045269612 0.001464352012
v -0.002220437629 0.00863598194 0.0003258115612
v -0.002220436465 -0.009038362652 0.0003258119395
v -0.002220347757 0.007078191265 0.000326043024
v -0.002210534178 0.01044853963 0.00440726988
v -0.002209318569 -0.01006680168 0.0008003668045
v -0.002209316241 0.009664424695 0.0008003656985
v -0.002206323203 0.00919194892 0.0004737074487
v -0.00220632297 -0.009594326839 0.0004737077397
v -0.00219494896 -0.007486518938 0.0003806948953
v -0.002194108209 0.01029210351 0.001541121048
v -0.002194107044 -0.0106944805 0.001541121863
v -0.002191336825 -0.001847990905 0.02365721576
v -0.002187478822 -0.01087567396 0.001763424836
v -0.002186045283 -0.003976575565 0.005301677622
v -0.002181290183 -0.003764196066 0.006553557236
v -0.002180593554 0.001424959162 0.01466279291
v -0.002179238014 0.007063209545 0.005097285379
v -0.002177458955 0.009747619741 0.01395466365
v -0.002177108079 -0.0001000014236 0.01466831751
v -0.002172742737 -0.00399240572 0.005294111557
v -0.002169739222 0.007301329635 0.02804497629
v -0.002168535953 0.01021905243 0.009054727852
v -0.002168261213 0.007090308238 0.0004245400487
v -0.002167951781 -0.005583688617 0.01528277434
v -0.002167471219 0.01048246119 0.001838831115
v -0.002163564553 0.001430089818 0.02365663461
v -0.002163559897 -0.001830083784 0.02365663461
v -0.002163446741 -0.004011008423 0.005286916159
v -0.002157597337 -0.004002660979 0.005418468732
v -0.002153422683 -0.005842355546 0.01205258444
v -0.002152620349 0.007000144105 0.01835525595
v -0.002151611028 -5.000038072e-05 0.01470673457
v -0.002149783075 -0.001590919564 0.01470913831
v -0.002149652224 -0.001847994397 0.02565678023
v -0.002148861298 -0.004299998749 0.0147086652
v -0.002148859901 -0.003100000555 0.0147086652
v -0.00214235764 -0.005784161855 0.0310275089
v -0.002128869295 -0.005869883578 0.01063076872
v -0.002126780339 0.003008804284 0.009978558868
v -0.002125934931 0.005386577453 0.01518018357
v -0.002121902071 0.007423769683 -0.002594324527
v -0.002119216137 -0.003876126604 0.03271356598
v -0.002118448028 -4.999958765e-05 0.01515554357
v -0.002118436852 -0.0001000015254 0.01515553519
v -0.002118145581 -0.001591006294 0.01515544113
v -0.002118009608 0.001425027382 0.01515540946
v -0.002117258729 0.00290000136 0.01515521202
v -0.002117119962 0.004100000486 0.01515506767
v -0.002117119497 -0.004299998283 0.01515506394
v -0.002117118798 -0.003117141547 0.01515506953
v -0.002117117634 -0.003099999856 0.01515506301
v -0.002116884338 0.003044973593 0.01515447348
v -0.002116873395 0.003573581576 0.01515518129
v -0.002116648247 0.003042268334 0.01515390165
v -0.002116203075 0.003032825422 0.01515282039
v -0.002115355805 0.002999208635 0.01515075285
v -0.002114010043 0.002899999032 0.01514738984
v -0.002113936003 0.009544786997 0.0008996792603
v -0.002113933908 -0.009947165847 0.0008996803081
v -0.002111944603 0.00410000002 0.01478508022
v -0.002111943671 0.002899999032 0.01478508301
v -0.002102476778 -0.003187407739 0.009942328557
v -0.002102476545 0.002987406915 0.009942329489
v -0.002102381783 -0.003089047037 0.006699996535
v -0.002102173632 -9.99998083e-05 0.01481867395
v -0.002101159189 0.008635982871 0.0005038600066
v -0.002101158258 -0.009038361721 0.000503860414
v -0.002100948012 -0.00750802923 0.0005040632677
v -0.002100945683 0.007105649449 0.0005040641408
v -0.002100477694 -5.000135934e-05 0.01482432894
v -0.002099991078 0.001424953225 0.01482418645
v -0.002099354053 0.01017269865 0.001640146016
v -0.002099352423 -0.01057507843 0.001640148927
v -0.002094695345 0.008886201307 0.0005368681741
v -0.002094695112 -0.009288581088 0.0005368673592
v -0.002093855059 0.005684169009 0.01209100336
v -0.002090314403 -0.001590925618 0.01486382168
v -0.002087893896 -0.009524910711 0.0006216692273
v -0.002087892499 0.00912253093 0.0006216740585
v -0.002087360481 -0.001590967062 0.01504995022
v -0.002084987937 -0.009650763124 0.01923041791
v -0.002082376042 -4.999988596e-05 0.0149192242
v -0.002080790699 0.009334986098 0.0007528781425
v -0.002080789767 -0.009737367742 0.0007528746501
v -0.002080619801 -0.0001000017364 0.01498455368
v -0.002080360427 0.004099999089 0.01500046346
v -0.002080359962 0.002899998799 0.01500045694
v -0.002080339706 -0.003168810625 0.009908219799
v -0.0020801879 0.001424977556 0.0149854254
v -0.002079032129 -0.004299998749 0.01495782845
v -0.002079030732 -0.003100000788 0.01495782752
v -0.002073650016 -0.009915960021 0.0009252660675
v -0.002073646989 0.00951358024 0.0009252611781
v -0.002050948562 0.007332627196 -0.002522907453
v -0.002049697097 -0.01093520597 0.002128404798
v -0.002043465385 -0.003145120572 0.009852706455
v -0.002037220635 -0.003655465087 0.006669092923
v -0.002035445301 -0.007522687316 0.0005569977802
v -0.002024744637 -0.007436212618 0.01835259236
v -0.00202154112 0.01054389123 0.002176924609
v -0.002019731095 0.005773292854 0.01067153271
v -0.002019666601 -0.004104369786 0.005984698422
v -0.002016930375 0.007800351363 0.02688466385
v -0.00201630895 0.003457450308 0.03270496055
v -0.002004907932 0.005006455816 0.02365332842
v -0.002004906768 -0.005406456068 0.02365332842
v -0.002000375185 -0.00412008306 0.005976967979
v -0.001992045203 0.007129677571 0.0005832816241
v -0.001991665456 -0.003340910422 0.00670000026
v -0.001986187883 0.002919954946 0.009767087176
v -0.001986128511 -0.003119934816 0.009767002426
v -0.001985928509 -0.004140514415 0.005969773512
v -0.001984447241 -0.007441560272 0.003538620425
v -0.001982693095 0.007442096248 -0.002701119054
v -0.00198247144 -0.005607221276 0.01484482363
v -0.001978921471 0.007043255027 0.0183516331
v -0.001978919609 -0.007445634808 0.01835163869
v -0.001977315638 -0.004164300859 0.005963585339
v -0.001975955674 -0.007373943925 0.004056254402
v -0.001975043444 -0.004189803265 0.005958820693
v -0.00197504065 -0.005250001326 0.005958818365
v -0.001972305588 -0.009861978702 0.0009688617429
v -0.001972305123 0.00945959799 0.0009688618593
v -0.001964028692 -0.007444093935 -0.003193771932
v -0.001963894116 -0.003399998881 -0.003194622463
v -0.001958563924 -0.01048980933 0.001709343982
v -0.001958560431 0.01008743327 0.001709339442
v -0.001954917097 0.007127348334 0.002596304752
v -0.001953884261 -0.007436214015 0.02175185457
v -0.001953184837 -0.01097207796 0.002274401719
v -0.001952699968 0.003199998522 -0.003201480722
v -0.001952504157 0.007445502095 -0.0032006111
v -0.001945043332 -0.009976938367 0.01648403704
v -0.001944464981 -0.004145796876 0.006200002041
v -0.001941213035 -0.01095790416 0.00446452247
v -0.001937707071 -0.003350001294 -0.003152028657
v -0.001934446045 -0.00415082369 0.006211544853
v -0.001930728205 -0.004118112382 0.006373062264
v -0.001928271726 -0.006539801601 0.03000471182
v -0.001927027362 0.002905267291 0.009679434821
v -0.001926666591 0.003150001401 -0.003158788662
v -0.001925460994 -0.00926573202 0.0006379680708
v -0.001925459364 0.008863352239 0.0006379653933
v -0.001918296097 -0.009038359858 0.0006156145828
v -0.001918294816 0.00863598194 0.0006156154559
v -0.00191826513 -0.007547424175 0.0006156275049
v -0.001914355322 -0.00430004159 0.01469117869
v -0.001914155087 0.009078272618 0.0007142368704
v -0.001914154971 -0.009480651468 0.0007142330287
v -0.001903308555 -0.009673987515 0.0008326964453
v -0.001903306693 0.009271610528 0.0008326966199
v -0.001899091527 -0.003551208181 0.006700000726
v -0.001895514666 -0.01072006393 0.009066930972
v -0.001894020825 -0.007383767981 0.004056258593
v -0.001893255161 -0.009836617857 0.0009886921616
v -0.001893255045 0.00943424087 0.0009886905318
v -0.001887352206 -0.01026622392 0.01389196515
v -0.001886968617 0.002900765976 0.009620535187
v -0.001881405944 -0.004178229719 0.006272543222
v -0.001879373565 -0.004014611244 0.006553551648
v -0.001876043505 0.007353664376 -0.002653953154
v -0.001874644659 0.00713520078 0.004986118991
v -0.001871325192 0.008223869838 0.02564729005
v -0.00186320045 0.007455784362 -0.003253591945
v -0.001861917437 -0.003099999391 0.009583888575
v -0.001861916971 0.002899998566 0.009583888575
v -0.001850478118 -0.003099998459 0.009567203932
v -0.001850477071 0.002899999963 0.009567204863
v -0.001848215004 -0.00413216278 0.006440467667
v -0.001843601349 -0.0110117197 0.002386933891
v -0.001834763796 -0.005620331038 0.01452182513
v -0.001825421117 -0.003155921586 0.0329496488
v -0.001820996171 0.003997870721 0.03232171014
v -0.001817347133 -0.005739354528 0.01355926506
v -0.001816788921 0.005547692534 0.01360473409
v -0.001816291013 -0.007567474619 0.0006392495125
v -0.001815623953 0.01061919145 0.00240870472
v -0.001799152349 -0.003852922004 0.006669098046
v -0.001798802055 -0.004218747374 0.006361353211
v -0.001798736863 0.009418115951 0.00100037537
v -0.00179873663 -0.009820492938 0.001000374672
v -0.001792881289 -0.004228890408 0.006354013458
v -0.001789000933 -0.005249999929 0.006325923372
v -0.001785838162 -0.01044786535 0.001741224318
v -0.001785836648 0.01004548557 0.00174122327
v -0.001785016269 -0.004288466647 0.00633075228
v -0.001784855966 -0.004257025663 0.006339543499
v -0.001783153857 -0.004042165354 0.006578298286
v -0.001775496756 -0.004229003098 0.006384226959
v -0.001770453062 -0.004396097269 0.03231546655
v -0.001745342277 -0.004167222884 0.006500793155
v -0.001744630979 -0.009038359858 0.0006429082714
v -0.001744630048 -0.007580905221 0.0006429029163
v -0.001744629815 0.007178524509 0.0006429075147
v -0.001744629699 0.00863598194 0.0006429091445
v -0.001744292793 -0.007210094947 0.02891700342
v -0.001739220228 0.005960281938 0.009399999864
v -0.001733272336 0.008578768 0.02434447035
v -0.001731407712 -0.00596118113 0.009399999864
v -0.001728587318 -0.009258622304 0.000666924112
v -0.001728585339 0.008856242523 0.0006669235299
v -0.001722231624 -0.003697899403 0.006699999329
v -0.001713265665 0.009066071361 0.0007369656814
v -0.00171326322 -0.009468452074 0.0007369641098
v -0.001699067536 -0.009658482857 0.0008489985485
v -0.001699066837 0.00925610587 0.0008489966858
v -0.001695094281 -0.003349999199 -0.003119161353
v -0.001686395728 -0.009819369763 0.0009989815298
v -0.001686395495 0.009416989051 0.0009989824612
v -0.001676821266 -0.003357612062 -0.003085539676
v -0.001673897263 -0.01044627186 0.001740233973
v -0.001673896797 0.01004389673 0.001740238629
v -0.001670669997 0.007123514544 0.01834521256
v -0.001670580939 -0.004086612258 0.006607854273
v -0.001669495599 -0.007474371698 -0.003357690759
v -0.001665115473 -0.004269362893 0.006479318254
v -0.001664062962 -0.002376640448 0.03305644169
v -0.001664061681 0.0019742609 0.0330564566
v -0.001661330578 -0.003379287897 -0.003057029564
v -0.001661066897 -0.01107290201 0.002481772332
v -0.001661066082 0.01067052223 0.002481768606
v -0.001660361886 0.004509461112 0.03187244758
v -0.001659549307 0.005433541257 0.01415820047
v -0.001650979044 -0.003411731683 -0.003037982155
v -0.001650000573 0.00315000047 2.076799621e-09
v -0.001647345955 -0.003449998563 -0.003031293396
v -0.001640156144 -0.00427646935 0.006497831084
v -0.001638929825 -0.007476805244 0.0001874823065
v -0.001635376713 -0.004296658561 0.006487976294
v -0.001635029679 -0.004331945907 0.006479658652
v -0.001615097979 -0.0006479618605 0.03314189985
v -0.001613763394 -0.004911016673 0.03186446801
v -0.00160735636 -0.004213929642 0.006571376231
v -0.001589459018 -0.005975699518 0.009399999864
v -0.001585887745 0.0008424114785 0.02364459075
v -0.001580000157 -0.007481228095 -0.0004745485494
v -0.001577170216 -0.007799033076 0.02777060308
v -0.001577157644 -0.003985787276 0.006676164456
v -0.001557975425 -0.01110343263 0.002501920331
v -0.001557973446 0.01070105284 0.002501917304
v -0.001544204191 0.000842410489 0.02564416081
v -0.001535317744 -0.00414489815 0.00664138142
v -0.001526951673 -0.005846893881 0.01196983363
v -0.001520449645 0.002964086598 0.03280621767
v -0.001520188758 0.004100032151 0.01387970429
v -0.001517888741 0.0007261864375 0.02364317887
v -0.001517881639 -0.001126180636 0.023643177
v -0.001514349366 0.009438454174 0.0009953983827
v -0.001514349249 -0.009840832092 0.0009953994304
v -0.001507144654 -0.001105997944 0.02364295349
v -0.001505012158 -0.005250000395 0.003550001187
v -0.001505012158 -0.004650000483 0.003250001697
v -0.001505012042 -0.005250000861 0.00324999867
v -0.001505010761 -0.004650002345 0.003549997229
v -0.00150000141 0.003300001612 1.229999769e-09
v -0.001500001294 0.003500000574 -6.717881808e-11
v -0.001500001177 -0.007336240727 2.656750597e-09
v -0.001499999315 -0.005250000395 3.100777635e-09
v -0.001498567173 -0.007336409297 -6.554605352e-05
v -0.001498064026 0.00566360727 0.01201488078
v -0.001494351309 0.007156033069 0.01834153384
v -0.001491495059 0.009122495539 0.02162050456
v -0.001490171533 -0.007337059826 0.0001714314858
v -0.001480391948 0.009097303264 0.0007311111549
v -0.001480389503 -0.009499682114 0.000731110631
v -0.001474036369 -0.003874497488 0.006699999329
v -0.001467427122 0.007216377184 0.002899856539
v -0.001466951915 -0.004458658863 0.003550000489
v -0.001466951799 -0.004458658863 0.003249997739
v -0.001465464826 -0.001105996198 0.02564251423
v -0.001464341534 -0.004300009925 0.01377128717
v -0.001462539076 0.00543905003 0.01377084572
v -0.001459741849 -0.00430685468 0.006603665184
v -0.001458476996 -0.007488731295 0.0007714191452
v -0.00145537348 -0.004350000992 0.006594903767
v -0.001453642617 0.01072963607 0.002520786365
v -0.001453640522 -0.01113201492 0.002520783339
v -0.001436754246 0.007488496136 -0.003022250487
v -0.001433796249 0.008677483536 0.0006364239962
v -0.001433796249 -0.009079861455 0.0006364258588
v -0.001433580532 0.005987724289 0.009399998933
v -0.001432353631 0.005414813757 0.03087945469
v -0.001428943709 0.003150001168 0.0008250024403
v -0.001428941498 0.003150000004 -0.0008250034298
v -0.001425476861 -0.007340570912 -0.0004669225891
v -0.00142416358 -0.008308255114 0.02656613477
v -0.001414719853 -0.0059256698 0.01057098527
v -0.00141392916 -0.004257756285 0.006644910201
v -0.001411863603 -0.005249998998 0.006615311839
v -0.001393443788 -0.007342246361 -0.0005552588846
v -0.001390882535 -0.007415962406 0.00073710375
v -0.001389779267 -0.00581895886 0.03086888045
v -0.001376146683 -0.007342549041 0.0005968404585
v -0.001367248595 0.01075157337 0.002536393935
v -0.001367247663 -0.01115395501 0.002536395332
v -0.001364279771 -0.004204550292 0.006675107405
v -0.001362156472 0.007226143964 0.004798816517
v -0.001358565758 -0.004296447616 0.003550000954
v -0.001358565525 -0.004296448082 0.003249998437
v -0.001342518604 0.005299997982 -2.793705489e-09
v -0.001330206054 -0.007590499241 0.01833811216
v -0.00132810208 0.007392907981 -0.002961921738
v -0.001315036789 0.0095112212 0.01886906847
v -0.001312040142 -0.004148565233 0.006693673786
v -0.001306360937 0.01074621268 0.004591561388
v -0.001299042837 -0.007346413564 -0.0007499891217
v -0.00129904144 -0.007345803082 0.0007499894127
v -0.001299039344 -0.005249998998 -0.0007499981439
v -0.001299039111 -0.005249998998 0.0007499994827
v -0.001299038762 0.003300000913 -0.000749998726
v -0.001299038646 0.003500000108 -0.0007500000065
v -0.001299038529 0.003300000913 0.0007499988424
v -0.001299038413 0.003499999875 0.0007499975618
v -0.001285534701 -0.0001212417628 0.02363833599
v -0.001283944701 -0.0001999974193 0.02363829874
v -0.001282888465 -0.008740027435 0.02530535311
v -0.001278386568 0.007494990248 -0.003092382103
v -0.00126898638 0.007496801671 -0.003528475529
v -0.001268299646 -0.00344999996 -0.003208412789
v -0.001268298598 -0.005250000861 -0.003208413953
v -0.001260560588 -0.004300003871 0.0133886328
v -0.001258449163 -0.00409112731 0.00670000352
v -0.001255915849 -0.007497142535 -0.001069888356
v -0.00125002698 0.01049533859 0.009093098342
v -0.001249527326 0.007200301159 0.01833643392
v -0.001246484579 -0.004328006413 0.006673467346
v -0.001244116924 0.007245908957 0.003002448007
v -0.001243854873 -0.0001212400894 0.02563789673
v -0.001243721228 0.005299999844 0.003002609126
v -0.001243720879 0.005299998913 -0.003002608893
v -0.001242427621 0.007395650726 -0.002998812823
v -0.001238160185 0.007395762485 -0.003000577213
v -0.001237147953 0.006193838548 0.02979642525
v -0.001201768988 0.01007882319 0.01374098286
v -0.001196354628 -0.004188059829 0.003250001464
v -0.001196353114 -0.004188061692 0.003549996996
v -0.001195886522 -0.006598941982 0.02978294529
v -0.001192206168 -0.00734896725 -0.0009102966287
v -0.001189994742 -0.004274091218 0.006693154108
v -0.001181600848 0.007214647252 0.01833501644
v -0.001166558592 0.003336941358 0.03257260472
v -0.001166052069 -0.007499101572 0.003538619727
v -0.001164995367 -0.007430963684 0.004056256264
v -0.001163203618 -0.00563976774 0.01321353391
v -0.001162657281 0.005300000776 -0.0006712608738
v -0.001162656001 0.005299998447 0.000671257847
v -0.001153780613 -0.009101635776 0.02399927564
v -0.001143497764 -0.007349359803 0.0009707794525
v -0.001135166734 -0.007349554449 -0.0009805109585
v -0.001131222583 -0.004218033049 0.00670000026
v -0.001117293607 0.005436742213 0.01313185785
v -0.001110742218 0.007214649115 0.02173427865
v -0.001097882865 0.003625169396 0.03240333498
v -0.001088868943 -0.007499787025 0.001239859499
v -0.001055509318 0.00687838858 0.02864603139
v -0.001053371932 -0.007499999832 -0.003598338459
v -0.001053163083 -0.01122104004 0.002602705965
v -0.001053161686 0.01081866212 0.002602705499
v -0.001049249084 0.003925162833 0.03219411895
v -0.0010391369 -0.007423868403 0.001182574895
v -0.001014473382 -0.007284065709 0.02862933464
v -0.001009117113 -0.00434999913 0.006700002123
v -0.0010091156 -0.005250000861 0.006700002123
v -0.001005012542 -0.004150000401 0.003550000489
v -0.001005012426 -0.004150000867 0.003249997739
v -0.001003369689 0.007236421574 0.01833130047
v -0.001003368292 0.007239590399 0.0183312986
v -0.000961246551 0.004500666168 0.03171792254
v -0.0009488399955 -0.001949210884 0.03286204115
v -0.0009488383657 0.001546831918 0.03286204487
v -0.0009472758975 -0.007499100175 0.001350400387
v -0.0009463424794 -0.0002011918259 0.03290787712
v -0.0009460013825 0.002420527628 0.03275564313
v -0.0009460003348 -0.002822910435 0.03275564313
v -0.0009391620988 -0.009653304704 0.02131318487
v -0.0009330440662 0.004251534119 0.02363098599
v -0.0009330433095 -0.004748466425 0.02363098785
v -0.0009321504622 0.007245304994 0.0183361154
v -0.0009294949123 0.01071600616 0.00244662445
v -0.0009282773244 0.003313204739 0.03251064196
v -0.0009282773244 -0.003715584753 0.03251063824
v -0.000920033257 0.007277171593 0.003117058193
v -0.0009050084627 -0.007422432769 0.00128743134
v -0.0008911698824 -0.00419387687 0.03223995864
v -0.0008911683108 0.003791508731 0.03223995119
v -0.0008854886983 0.007478160784 0.0274414327
v -0.0008851103485 -0.004748465028 0.02593048662
v -0.0008851087186 0.004251532722 0.02593048848
v -0.0008823999669 0.005429843441 0.0127196135
v -0.000870568736 -0.01123306062 0.00466878945
v -0.0008645104826 0.007253076416 0.01835309714
v -0.0008610739023 -0.007648364641 0.02172907069
v -0.0008610726218 0.007248364855 0.02172907069
v -0.0008555763052 0.007497048471 -0.003237208817
v -0.0008521000273 -0.00456091715 0.03196583688
v -0.0008520980482 0.004158541095 0.03196584061
v -0.0008410058217 -0.007347377483 0.001242058352
v -0.0008299005567 -0.007347016595 -0.001249504276
v -0.0008249995299 0.00314999884 -0.001428944408
v -0.0008249990642 0.003149999073 0.001428939519
v -0.0008167213527 0.007260958198 0.0183731094
v -0.0008122138097 -0.003350000363 -0.003455838887
v -0.0008101121639 0.004499680363 0.03167637438
v -0.0008101082058 -0.004902056884 0.03167637065
v -0.000805437041 -0.01097788289 0.009108758532
v -0.0008034597267 -0.003357611364 -0.003418582259
v -0.0007966688136 -0.004142461345 0.02362813987
v -0.0007966671837 0.004857536405 0.02362813987
v -0.0007960349321 -0.003379290225 -0.003387003439
v -0.0007945923135 -0.01004118007 0.01863192208
v -0.0007939472562 0.005439576227 0.03069953807
v -0.0007910768036 -0.00341173145 -0.003365896642
v -0.0007893355214 -0.003449999727 -0.003358487273
v -0.0007745763869 0.007262411993 0.0183973629
v -0.0007580431411 -0.007344713435 0.001294358983
v -0.0007499998319 -0.005249999929 0.001299037598
v -0.0007499992498 0.003299999749 0.001299037016
v -0.0007499992498 -0.005250000861 -0.001299038995
v -0.0007499991334 0.003499998944 0.001299035735
v -0.0007499986677 0.003299998818 -0.001299039577
v -0.0007499985513 0.003499998013 -0.001299040974
v -0.0007498947671 -0.007344143465 -0.001299098483
v -0.0007487318944 0.004857535008 0.02592764236
v -0.0007487311377 -0.004142465536 0.02592764236
v -0.0007482101792 0.003658515401 0.0236271359
v -0.0007482097717 -0.005341485143 0.0236271359
v -0.0007313762908 -0.01058191713 0.01364262216
v -0.0007294174866 0.007995557971 0.02619268559
v -0.000729168125 -0.007493146695 -0.001480099163
v -0.0007279732381 0.007392541971 -0.003166227601
v -0.0007195357466 -0.005505469162 0.03106593713
v -0.0007195312646 0.005103115924 0.03106590547
v -0.0007181948167 0.007270262577 0.01844248734
v -0.0007181887631 0.007267683744 0.01844249293
v -0.0007006209926 -0.005883371457 0.01051502489
v -0.0007002772181 0.003658516798 0.02592663653
v -0.0007002768107 -0.005341483746 0.02592663653
v -0.0006882039015 -0.003399999579 -0.003686305368
v -0.0006877546548 -0.007491248194 -0.003685592907
v -0.0006833542138 0.005306227133 0.03082599305
v -0.0006833515363 -0.005708606914 0.03082599305
v -0.0006811449421 0.00425960822 0.02612627484
v -0.0006811441854 -0.004740391858 0.02612627484
v -0.0006790262996 -0.003350001294 -0.003637160873
v -0.0006713811308 0.007274203468 0.0184960328
v -0.0006712602335 0.00530000031 0.001162658213
v -0.0006712595932 0.005299999844 -0.001162659377
v -0.0006692555035 -0.007340135518 -0.001342421747
v -0.0006671841256 0.003200001083 -0.00369017059
v -0.0006641043583 0.005736968946 0.01056164503
v -0.0006622024812 0.002649998991 0.006699999329
v -0.0006622020155 -0.003100000089 0.006700001657
v -0.0006582856877 0.00314999884 -0.003640970681
v -0.0006455943221 0.007273802534 0.01853647083
v -0.0006382517167 0.004100105725 0.01230463386
v -0.0006370340125 0.002781312913 0.006682396401
v -0.0006307619624 0.007488273084 -0.003695514053
v -0.0006241725059 -0.007678254042 0.01832339726
v -0.0006227240665 0.007277946454 0.01858495362
v -0.0006193475565 0.00622537965 0.02958263829
v -0.0006031753146 0.007279322483 0.01865103655
v -0.0005989579367 -0.005761445966 0.02362402342
v -0.0005989575293 0.005361445714 0.02362402342
v -0.0005951200728 0.007277470548 0.01872287504
v -0.0005951194908 0.007279807702 0.01872287504
v -0.0005911966437 -0.01128530316 0.002723803511
v -0.0005805299734 0.007279805373 0.01942272484
v -0.0005805291585 0.007277469616 0.01942272671
v -0.0005727750831 0.00727794366 0.01949307323
v -0.0005675003049 0.004764612764 0.02612390928
v -0.0005674995482 -0.004235387314 0.02612390928
v -0.0005671938416 0.002900001593 0.006633013953
v -0.0005533122458 -0.007678255439 0.02172265947
v -0.0005529239425 0.007279296406 0.01956064068
v -0.0005299986224 0.007283090148 0.01960923336
v -0.0005271205446 0.003765429603 0.0261230655
v -0.0005271198461 -0.005234570708 0.0261230655
v -0.000519646972 0.002716687741 0.006715133786
v -0.0005147930351 -0.007700368296 0.0007720117574
v -0.0005147906486 0.00729798805 0.0007720092544
v -0.0005037882947 0.007282564882 0.01965023205
v -0.000503697258 0.007298187818 0.0006170396809
v -0.0005036952207 -0.007700568065 0.00061703549
v -0.0004976532073 0.002782914322 0.006702116691
v -0.0004966528504 -0.009561224841 0.0007106049452
v -0.0004966515116 0.009158843197 0.0007106019766
v -0.0004945186665 0.009502253495 0.0009741369868
v -0.000494517677 -0.009904635139 0.0009741402464
v -0.000494473672 0.008736247197 0.0006168475957
v -0.0004944729153 -0.009138626978 0.0006168460823
v -0.0004868673859 0.002899999032 0.007806453854
v -0.0004868654069 -0.003100001253 0.007806454785
v -0.0004675693926 -0.004300071858 0.01202483382
v -0.0004668809415 0.008799657226 0.02360386215
v -0.0004661813728 -0.005618921015 0.01202479005
v -0.0004638324608 0.007297991309 0.00321673369
v -0.0004622284905 0.002847718308 0.006680241786
v -0.0004575033381 0.007285405882 0.01970306598
v -0.0004574976047 0.007287499029 0.01970307156
v -0.0004485570535 -0.004300090019 0.01199414395
v -0.0004435574519 -0.003440052969 0.03243396431
v -0.000443399651 0.002650001319 0.006751871668
v -0.0004433975264 -0.003099999623 0.006751867011
v -0.0004415194562 0.006915592123 0.02839090116
v -0.0004379106686 0.007297989912 0.004460207652
v -0.0004324772744 -0.007323199417 -0.001436299877
v -0.0004222141579 -0.006899025291 0.029094873
v -0.0004222137213 0.006496644113 0.02909487113
v -0.0004148817388 -0.007473060861 -0.003726587864
v -0.0004004611692 0.007290529553 0.01974864304
v -0.0003968476667 -0.007471259218 0.001600892399
v -0.0003958912275 0.002711591776 0.006771250162
v -0.0003886698978 0.007319639437 0.0009305220447
v -0.0003852700756 -0.007394101471 0.00152564107
v -0.0003846874752 -0.007320178673 0.001449831994
v -0.0003815041564 0.005962644238 0.009400000796
v -0.0003772590135 0.002774217632 0.006760883611
v -0.0003756256483 0.005314147566 0.02361936308
v -0.0003756256192 -0.003685853444 0.02361936308
v -0.0003692305181 0.002899976447 0.006676991936
v -0.0003579231852 0.007290633861 0.01977298968
v -0.0003568583925 0.002900000429 0.007630672771
v -0.0003568571119 -0.003100000788 0.007630673703
v -0.0003526593209 -0.007399064489 0.004056258127
v -0.0003466483322 0.002837995766 0.006742343307
v -0.0003462661116 -0.007466910407 0.00353861833
v -0.0003420180001 0.00736637041 -0.003233336145
v -0.000332802214 -0.007700365968 0.00950260926
v -0.0003327994491 0.007297990844 0.009502606466
v -0.0003280366363 0.01088889036 0.004750162829
v -0.0003276926873 0.005314148497 0.02591886371
v -0.0003276919597 -0.003685851581 0.02591886371
v -0.0003112299892 0.007294449955 0.01979247667
v -0.0002960742859 0.002650000853 0.006860225927
v -0.0002916970698 0.00323738344 0.02361761965
v -0.0002916966914 -0.005762617104 0.02361761965
v -0.0002913128119 -0.007311278954 0.0014714438
v -0.0002794403699 0.007319829892 0.0006123650237
v -0.0002764058881 0.01090645324 0.002819395624
v -0.0002758918272 0.009354972281 0.02096586674
v -0.0002744721714 0.002778439783 0.006846925709
v -0.0002588112839 -0.007695522159 0.02171591297
v -0.0002577440755 -0.003099999623 0.006906353869
v -0.0002577439009 0.002650000155 0.006906352006
v -0.0002557932166 0.002649999224 0.007491256576
v -0.0002557927219 -0.003099999856 0.007491258904
v -0.0002557921107 -1.16470833e-09 0.007491258439
v -0.0002549933561 -0.005607541185 0.0116888918
v -0.0002507743775 0.007331685629 0.004267985467
v -0.0002503455325 0.01063263882 0.009125514887
v -0.0002497801615 0.002776442794 0.007482878864
v -0.0002472907945 0.002845865674 0.006828021724
v -0.0002471339831 0.007457604632 -0.003342973767
v -0.0002451353939 0.007296694443 0.01980923116
v -0.0002437641087 0.003237384837 0.02591712028
v -0.0002437637304 -0.005762615707 0.02591712028
v -0.000239425397 -0.002395835007 0.03254689649
v -0.0002323321532 0.002899956657 0.007458456326
v -0.000230327496 -0.005792625248 0.02361633442
v -0.0002303257352 0.005392626394 0.02361634001
v -0.0002218673035 -0.007701189257 0.00950029213
v -0.0002218662703 0.007298809942 0.00950029213
v -0.0002216741123 0.002899997868 0.006801387295
v -0.0002178581344 0.0073182825 0.009494603612
v -0.000217326975 0.007251560222 0.02767631225
v -0.0002166331687 0.005145123694 0.02611659281
v -0.0002166331396 -0.003854877083 0.02611659281
v -0.0002151571534 0.002900021151 0.007432849612
v -0.0002126451291 0.002722106408 0.006967753172
v -0.0001974182087 0.002795764711 0.006955117453
v -0.0001883452642 -0.003265053965 0.0323830992
v -0.0001814240677 -0.007757797372 0.001135728555
v -0.0001748294599 0.007348623592 0.003245295491
v -0.0001722819579 0.007296987809 0.01981430128
v -0.0001716745028 0.002871488919 0.00693225069
v -0.0001676914544 0.002649998758 0.007272240706
v -0.0001676909451 -0.003100000322 0.007272242568
v -0.0001673224469 0.002650000853 0.007130863611
v -0.0001673203078 -0.003100000089 0.007130858488
v -0.0001673004735 0.002737193368 0.007095185108
v -0.00016126431 0.009739178233 0.01836676151
v -0.0001577264629 0.002757389564 0.007229275536
v -0.0001553731126 0.005932928063 0.009399998002
v -0.000152585053 0.002899921034 0.006941506173
v -0.0001514709147 0.002824997995 0.007077953313
v -0.0001477479527 0.01025484595 0.01353446674
v -0.0001475960016 -0.005931751803 0.009399999864
v -0.0001466920803 0.003414485604 0.02611513622
v -0.0001466913382 -0.005585514475 0.02611513622
v -0.0001396748557 0.002863771748 0.007205931004
v -0.0001362875191 -0.007927128114 0.02708405815
v -0.0001348937367 0.002899898449 0.007015399169
v -0.0001285784674 0.002900023246 0.007175036706
v -0.000122988582 0.007342095021 -0.003249663394
v -0.000120547913 -0.007727123331 0.0006093631964
v -0.0001167017981 -0.005837688688 0.02357365191
v -9.350860637e-05 -0.003855017945 0.03214633465
v -8.961475396e-05 0.007298353594 0.01981258206
v -8.834443724e-05 -0.008083647117 0.02672165446
v -7.673902292e-05 -0.00743675651 -0.001649070298
v -7.419649046e-05 0.002783562755 0.03235650808
v -6.153908907e-05 0.007365824189 0.004056255333
v -4.283379167e-05 -0.005249999464 -0.003449731506
v -4.283297676e-05 -0.003450000426 -0.00344973756
v -3.38769205e-05 -0.0047489102 0.03155111149
v -3.387485049e-05 0.004346547183 0.03155110031
v -2.327265793e-05 0.0106875198 0.002383209066
v -1.655140295e-05 0.007376530673 0.003300778102
v -1.333423006e-05 0.01085920725 0.002680186648
v -6.940080311e-06 0.007298810873 0.01981085539
v -3.955909447e-07 -0.005514599383 0.03080549836
v -3.910491271e-07 0.005112243351 0.03080547601
v -1.6071057e-07 -0.007273713127 -0.001500002807
v -1.599154086e-09 -0.005249998998 0.001500000013
v -1.025264152e-09 0.003300000913 0.001499999431
v -5.456130553e-10 0.00530000031 -0.0032500003
v -5.345945912e-10 0.003500000807 -0.001499996986
v -1.85741145e-10 0.003500000574 0.00149999815
v 7.522304952e-11 0.005299999844 0.001342520351
v 2.222040604e-10 0.003149999073 -0.001649998943
v 2.414809738e-10 0.003299999284 -0.001500002691
v 3.62029851e-10 -0.005249999929 -0.001500002109
v 4.291423603e-10 0.003149999073 0.001649998827
v 8.719145955e-10 0.005299998447 -0.001342522912
v 1.492750756e-09 0.005299997982 0.003249997739
v 2.991710916e-07 -0.007274927106 0.001500000246
v 4.250717611e-07 0.007324826904 0.00325198262
v 1.067275889e-06 0.007325340062 -0.003252033377
v 1.251839194e-06 -0.005745499395 0.01046434417
v 9.901866179e-06 0.00392861804 0.03184134141
v 9.903163118e-06 -0.004330987576 0.03184134513
v 1.184543089e-05 0.007299923804 0.01981046423
v 1.264448292e-05 0.007424336392 -0.003749591997
v 2.698552998e-05 -0.008448170498 0.02580034733
v 3.263604594e-05 -0.007701192051 0.02170923725
v 3.5532732e-05 0.005395150743 0.011243538
v 5.812131712e-05 0.007348774932 0.004056257196
v 6.191643479e-05 -0.007264363114 -0.001498724218
v 6.775351358e-05 -0.007347314619 0.004056255799
v 7.900473429e-05 0.005892822519 0.009400002658
v 7.981610543e-05 -0.007766211871 0.0008508375613
v 7.992584142e-05 0.007363812067 0.0008507649181
v 9.520280582e-05 -0.007805694826 0.001372266328
v 9.550502728e-05 -0.006188088562 0.02994399145
v 9.551483527e-05 0.005785739981 0.02994393744
v 9.782669076e-05 0.0073948754 0.003795546945
v 9.906348714e-05 0.005488625728 0.02352072112
v 0.0001109523073 -0.007258045021 0.001495894277
v 0.0001245957246 -0.003450001124 -0.003447750118
v 0.0001248695771 -0.003411731683 -0.003455352969
v 0.0001256539836 -0.003379289992 -0.00347702112
v 0.0001268232154 -0.003357610665 -0.003509438829
v 0.0001282076264 -0.00335000176 -0.003547684755
v 0.0001358408481 0.00729744928 0.01980787888
v 0.000143088706 0.007404493634 0.003349492559
v 0.0001451468415 0.007404161617 0.0035386167
v 0.0001860237389 -0.007320438046 0.001562561723
v 0.000195951885 0.007296822034 0.01980662346
v 0.0001978715882 -0.008970008232 0.02423248813
v 0.0001981063397 -0.005898207892 0.02350740135
v 0.0002001512912 -0.007243384607 0.001486588502
v 0.0002047147136 0.01091335714 0.002983713057
v 0.0002076813689 -0.00739368517 0.001636331319
v 0.0002148662752 0.005499008577 0.0235058032
v 0.0002172603999 -0.003500978695 0.0236070063
v 0.0002200431481 -0.01108133607 0.002380419523
v 0.0002219221205 -0.006790732965 0.02900616266
v 0.0002219300659 0.006388389505 0.02900609747
v 0.0002230784885 -0.007391162217 -0.003743075998
v 0.0002261434129 -0.01125302166 0.002676957054
v 0.0002651933464 -0.003500977531 0.02590650693
v 0.0002651956456 0.005499020685 0.02590650693
v 0.0002700109326 0.007281051483 0.003240115941
v 0.0002770007413 0.01091157831 0.003010150744
v 0.0002774399472 0.005299184471 0.02610629611
v 0.0002774399763 -0.003700816538 0.02610629797
v 0.000278568099 0.007293371484 0.01980490051
v 0.0002873087942 -0.01131364238 0.003013960086
v 0.000287309289 0.01091126353 0.003013953799
v 0.0002923882566 -0.0092540076 0.02320400439
v 0.0003122703929 -0.005899006501 0.02350017428
v 0.0003141729394 0.003100980772 0.02360498719
v 0.0003163602378 -0.007695816923 0.02170274779
v 0.0003178196785 0.004300001077 0.02610545419
v 0.0003178197076 -0.004699999932 0.02610545419
v 0.0003363934811 0.01086460985 0.00585694937
v 0.0003363938013 -0.0112669887 0.005856947042
v 0.0003481573076 0.007447186857 0.001569569227
v 0.0003576808085 0.003547934582 0.03190932795
v 0.0003581994097 0.003300817683 0.02610461041
v 0.0003581994388 -0.005699183326 0.02610461041
v 0.0003614274901 0.004099907819 0.01076652855
v 0.0003621082578 0.003100979375 0.02590448968
v 0.0003621089854 -0.005899020936 0.02590448968
v 0.0003737137595 0.00736403279 -0.003330420936
v 0.0003799278929 0.007289199624 0.01980279014
v 0.0003873030073 0.0007060694043 0.03232686594
v 0.0003873041132 -0.001108446973 0.03232686222
v 0.0003942702897 0.01070114225 0.008466924541
v 0.0003942729672 -0.01110352296 0.008466922678
v 0.0004172600165 0.00725318538 -0.003223844804
v 0.0004197265371 -0.00964082405 0.02149862051
v 0.0004292418016 -0.007699411828 0.0005961346324
v 0.0004398536694 0.005486984737 0.0235023573
v 0.0004458180338 -0.009098247625 0.0005972434883
v 0.0004458187032 0.008695869707 0.000597248727
v 0.0004461317731 -0.009724069387 0.0210690815
v 0.0004513315507 -0.007278627716 0.004056255799
v 0.0004525708209 -0.007698002737 0.0005971050705
v 0.0004525734112 0.007295622956 0.0005971033825
v 0.0004608671006 -0.007193828933 -0.001427446376
v 0.0004616119259 -0.004300095607 0.01062618662
v 0.0004651000781 -0.007345372345 0.003538616002
v 0.0004689965572 0.007242480293 -0.003216441022
v 0.000469873863 0.002412542468 0.03218841553
v 0.0004880980996 -0.009518935345 0.0006900746375
v 0.000488100748 0.009116557427 0.0006900760927
v 0.0005027918378 0.008059992455 0.02556206845
v 0.0005078682443 -0.007826458663 0.02699479461
v 0.0005263620405 -0.00986079406 0.0009528573719
v 0.0005263635539 0.009458416142 0.000952858536
v 0.0005324611557 -0.01071162801 0.01309028361
v 0.0005372337764 0.007260380313 0.004056255333
v 0.0005380504299 -0.005868243519 0.02351156622
v 0.0005517880199 0.007326954976 0.003538622288
v 0.0005525001325 0.007326801307 -0.00370824337
v 0.0005542842555 0.007326626685 -0.003304186044
v 0.0005570220528 -0.007173632272 -0.001392737613
v 0.0005636595888 0.007277064025 0.01979895867
v 0.0005708661047 -0.01021173317 0.01787563041
v 0.0005710790865 -0.007322688121 -0.001546821673
v 0.0005882315454 -0.003526343033 0.03197496757
v 0.00058823172 0.003123964882 0.03197496757
v 0.0005907742307 -0.007165228948 0.001378760091
v 0.0006032577949 0.007277064025 0.02169854939
v 0.000624237291 -0.00782432314 0.001099325716
v 0.0006249869475 0.007421921939 0.001099142013
v 0.000665457279 0.007301176898 -0.003689641133
v 0.0006699045771 -0.003349999199 -0.003638846334
v 0.0006705976557 0.01065276191 0.002380054444
v 0.0006707438151 -0.01105515473 0.002380110091
v 0.0006710032467 -0.007146362681 0.001341547468
v 0.0006712602335 0.005300000776 -0.001162653789
v 0.0006712605245 0.005299998447 0.001162656816
v 0.000678717799 0.007412273437 0.02692802995
v 0.0006789590698 -0.003399999812 -0.00368802459
v 0.0006800917326 -0.007297723554 -0.003687327728
v 0.0006882356829 0.005129131489 0.03048302792
v 0.0006882357993 -0.005531488918 0.03048306145
v 0.0006897942512 -0.005536249839 0.01031712722
v 0.0006986295339 0.003149999306 -0.003633447224
v 0.0007080693031 0.003200000385 -0.003682546085
v 0.0007289078785 0.004423155915 0.03116059862
v 0.000728911371 -0.004825525917 0.03116061166
v 0.0007434245781 0.007282216102 0.003265563864
v 0.0007451237179 -0.007204420399 0.001386430464
v 0.0007458562613 -0.006176098716 0.02965142578
v 0.0007458600448 0.005773753859 0.0296513848
v 0.0007499894127 -0.007127099205 0.001299042255
v 0.000749999308 0.003499999875 -0.001299041556
v 0.0007500003558 -0.005250000861 0.00129903818
v 0.0007500009378 0.003299999284 0.001299037598
v 0.0007500009378 -0.005250001326 -0.001299038413
v 0.0007500011125 0.003499998245 0.001299036318
v 0.0007500015199 0.003299998352 -0.001299038995
v 0.0007501704968 -0.007128166966 -0.001298941555
v 0.000750187668 0.005397439469 0.02355558611
v 0.0007568649598 -0.007637023926 0.009479894303
v 0.0007568676374 0.007234646473 0.00947989244
v 0.000774324697 0.008863180876 0.02296780236
v 0.0007822320331 -0.008643612266 0.02490568534
v 0.0007823314518 -0.003814484458 0.02609577216
v 0.0007823330816 0.005185513292 0.02609577216
v 0.0007900329074 -0.007762367837 0.0008925797883
v 0.0007919789059 0.005400222261 0.01018186379
v 0.0007938899216 -0.007269966416 0.001445802627
v 0.0008138685953 -0.002585157054 0.03204758093
v 0.0008184607723 0.004054574762 0.03140110523
v 0.0008184667677 -0.004456948489 0.03140110895
v 0.0008231030661 0.005362465978 0.02357931994
v 0.0008231334505 -0.003637383459 0.02359437756
v 0.0008250001702 0.003149999538 0.001428944408
v 0.000825000403 0.003150000004 -0.001428939519
v 0.0008304670919 0.007503441535 0.009398775175
v 0.0008304685471 -0.007905822247 0.009398781694
v 0.0008522724966 0.003454878228 0.02609431371
v 0.0008522725548 -0.005545122549 0.02609431557
v 0.0008567385958 -0.007253575604 -0.003650585655
v 0.0008594678948 -0.006764987949 0.02872117236
v 0.0008594764513 0.006362648681 0.02872110717
v 0.0008608229691 -0.005741965957 0.02359359153
v 0.0008608251228 0.005341966171 0.02359359153
v 0.0008687967784 0.007146145217 0.003129302524
v 0.0008710664115 -0.003637382295 0.02589387633
v 0.0008710687398 0.005362615921 0.02589387819
v 0.0008841764065 0.01063176617 0.002377504949
v 0.0009070629021 0.003285850864 0.02359262481
v 0.0009070636588 -0.005714149214 0.02359262668
v 0.0009089008672 0.0108018918 0.002672336996
v 0.0009102717158 -0.007085629739 -0.001192225027
v 0.0009221343789 0.01086460426 0.003007499268
v 0.0009507442592 0.009408618324 0.02042590454
v 0.0009549958631 0.003285852261 0.02589212544
v 0.0009549966198 -0.005714148283 0.02589212731
v 0.0009735230124 -0.007067933213 -0.001141164219
v 0.0009941174649 0.003688886063 0.03153723478
v 0.0009975157445 0.0102722263 0.01337980386
v 0.0009996424196 0.007109854836 -0.003089583013
v 0.001002920675 0.007212927565 -0.003193657845
v 0.001007564366 -0.007058823016 0.001111223479
v 0.00102969713 -0.003449999262 -0.003292749869
v 0.001031969907 -0.003411731916 -0.00330001791
v 0.001038441202 -0.003379290458 -0.003320707707
v 0.001038594986 0.009779163636 0.01796741597
v 0.00104812393 -0.003357612761 -0.003351668827
v 0.001059543341 -0.003349999432 -0.003388196463
v 0.001061695162 -0.00797361508 0.002043534536
v 0.001078931615 -0.007038095966 0.001042067772
v 0.001080933725 0.007225146051 0.02168761007
v 0.001081215683 -0.007627455052 0.02168527246
v 0.001081454451 -0.007598811761 0.0005839969963
v 0.001081455033 0.007196435239 0.0005839971709
v 0.001104690717 0.002739308635 0.03181301802
v 0.00112848985 0.001972948201 0.03190225363
v 0.001130605116 -0.007176504005 -0.001199400169
v 0.001149201766 -0.007784936111 0.02670747042
v 0.001149218646 0.007382605225 0.02670736611
v 0.001162656234 0.005299999379 -0.0006712604081
v 0.001162658213 0.005299997982 0.0006712583127
v 0.001162759261 0.004834571853 0.02608784102
v 0.00116275996 -0.004165428225 0.02608784288
v 0.00118824665 -0.005249999929 -0.003238918493
v 0.001188248163 -0.003450001357 -0.003238916164
v 0.001188656664 0.007473178208 0.001313163433
v 0.00120006199 -0.007076960988 0.001016226248
v 0.001203138963 0.003835388459 0.0260869991
v 0.001203139662 -0.005164611619 0.0260869991
v 0.001214865828 -0.004142024089 0.03139505908
v 0.001220273436 0.004100001883 0.009651350789
v 0.00122059451 -0.004300000612 0.009651183151
v 0.001221122919 -0.007606330793 0.02168208174
v 0.001237360761 -0.007071097847 0.004056256264
v 0.001243046136 0.007035157643 -0.002999283373
v 0.001243457547 0.00703459885 0.002998445649
v 0.00124372181 0.005299999379 0.003002606332
v 0.001243722858 0.005299998913 -0.003002611687
v 0.001244000392 -0.006988832261 -0.000838130014
v 0.001253075665 0.01034223847 0.01217132155
v 0.001258334029 -0.007135937922 0.003538622754
v 0.001264188904 -0.007134110201 0.001054718276
v 0.001279645832 0.004941484891 0.02358485945
v 0.001279646531 -0.004058515653 0.02358486131
v 0.001298831892 -0.006971294526 -0.0007503628731
v 0.001299037016 0.003300001612 0.0007500024512
v 0.001299037249 0.003500000807 0.0007500011707
v 0.001299037947 -0.005249999929 -0.0007500015199
v 0.001299038064 -0.005249999929 0.0007499960484
v 0.001299038529 0.003299999982 -0.000750002102
v 0.001299038646 0.003499998944 -0.0007500034408
v 0.001304922393 -0.003749687225 0.03152938187
v 0.001304922858 0.003347306512 0.0315293856
v 0.001309751417 0.007013200317 -0.002970793517
v 0.001311876229 0.007118393667 -0.003513068892
v 0.001314987312 -0.007628359832 0.0007631447515
v 0.001315957634 0.007226131391 0.000762876356
v 0.001316785929 -0.004659608938 0.02608462609
v 0.001316789887 0.004340386018 0.02608462796
v 0.001317368355 -0.006964974571 0.0007173179183
v 0.001323038363 0.007113231346 0.003072842257
v 0.001327579492 -0.004058514256 0.02588436007
v 0.001327581122 0.004941483494 0.02588436194
v 0.001328102779 -0.005257535726 0.02358384617
v 0.001328104408 0.003742462024 0.02358384803
v 0.001330736908 0.0040931697 0.009524337016
v 0.001330901519 -0.004293167032 0.009524261579
v 0.001336583286 -0.008021467365 0.002207704121
v 0.001336585614 0.007619088981 0.002207707381
v 0.001338008209 -0.005504308268 0.009400000796
v 0.001342520351 0.005300000776 1.975027502e-10
v 0.001366116805 0.005492028315 0.009399998002
v 0.001368261408 -0.006948395632 -0.0006147027598
v 0.001369362697 -0.006947954185 0.0006122468039
v 0.001373311738 -0.005488855299 0.009399999864
v 0.001376039698 0.003742460627 0.02588334866
v 0.001376040513 -0.005257539451 0.02588335052
v 0.001376648201 -0.008959175088 0.0005778421182
v 0.001376650762 0.008556795307 0.000577840081
v 0.00142894045 0.003150001401 0.000825002091
v 0.001428941963 0.003149999538 -0.000825003779
v 0.001433964586 -0.006926665083 -0.0004401652841
v 0.001442632289 0.005457727239 0.009399999864
v 0.001442635083 0.004073053598 0.009400002658
v 0.00144263613 -0.00427305419 0.00939999707
v 0.001442638342 -0.005457729101 0.009399998002
v 0.001443372574 -0.008589885198 0.02462171949
v 0.001447637798 -0.006922084372 -0.0003928626538
v 0.001459434512 0.005221437663 0.02358111367
v 0.001462942571 -0.00937328767 0.0006697554491
v 0.00146294455 0.008970909752 0.0006697542849
v 0.001464477391 0.004348468967 0.0235810075
v 0.001464479719 -0.004651534837 0.02358100936
v 0.001469029114 0.006957610603 0.00289491564
v 0.00146953424 -0.00706413202 -0.003450135468
v 0.001473276061 -0.006986081135 0.0005433101323
v 0.001476653037 0.004060313106 0.009354993701
v 0.001482033869 -0.006909408141 0.0002314548474
v 0.001493082847 0.006983204745 0.004056254867
v 0.001494986471 -0.005249998998 0.006699997466
v 0.001494986936 -0.004350000061 0.006699998863
v 0.001498405589 -0.00434854487 0.006699994206
v 0.001499999082 -0.005249998998 3.109631441e-09
v 0.001499999198 -0.006903190631 -3.014757555e-09
v 0.001499999664 0.003300000913 2.497434037e-09
v 0.001499999897 0.003500000108 1.200255451e-09
v 0.001504906104 -0.007051585242 -0.0006585821393
v 0.001505278749 -0.004247035366 0.009316924959
v 0.001506203902 0.004046565387 0.009315698408
v 0.00151241268 0.00434846757 0.02588050999
v 0.00151241268 -0.00465153344 0.02588050999
v 0.001516401302 0.007047239225 0.003538616234
v 0.001536973985 0.009307423607 0.000931788818
v 0.001536974916 -0.00970980525 0.0009317892254
v 0.001543073566 -0.007037537172 0.0005620222073
v 0.001543867635 -0.008014555089 0.001843439997
v 0.001543867867 0.007612179499 0.001843445003
v 0.001549480367 0.00714371819 0.02167688869
v 0.001550309942 0.007033864036 -0.002965313848
v 0.001559343189 0.007570808288 0.02603288181
v 0.001561552868 -0.004212129395 0.009241589345
v 0.001561552985 0.004012132995 0.009241588414
v 0.001565515297 0.006923045497 -0.002845507115
v 0.001566889347 0.007193651516 0.0008063163259
v 0.001569471788 -0.006951429415 2.183723202e-09
v 0.001578346593 -0.002070411574 0.03166973218
v 0.001604574616 -0.01116679609 0.002991927788
v 0.001604723977 0.01076570805 0.002992086811
v 0.00161978195 -0.0002011922625 0.0316692628
v 0.001640546718 -0.007000782993 -2.465568194e-09
v 0.001647478435 -0.00433783466 0.006688250229
v 0.001650001854 0.003149998374 -2.133612398e-09
v 0.001672320766 0.001602917677 0.03161779419
v 0.001677671913 -0.009185795672 0.02257721126
v 0.001694353879 0.01070861518 0.00654113479
v 0.001694367966 -0.01111097541 0.006541540381
v 0.001705423696 0.003005784703 0.03140977398
v 0.001705425093 -0.003408163553 0.0314097777
v 0.001715661958 0.01017680578 0.01418509893
v 0.001718854415 -0.007445632946 0.009459835477
v 0.00171885523 0.00704325363 0.009459840134
v 0.001719688531 0.008096314967 0.02495267056
v 0.001739327796 -0.003925663885 0.006700002123
v 0.001741987304 -0.00420331303 0.006684950087
v 0.00175724877 -0.007921756245 0.001494844328
v 0.001757251564 0.00751937693 0.001494847122
v 0.001761183143 -0.004291913938 0.006665807217
v 0.00179421145 -0.004231108818 0.006666102912
v 0.00181082217 0.01046819519 0.009871228598
v 0.001810837071 -0.01087054703 0.009871562012
v 0.001833379967 -0.003710727906 0.006699999794
v 0.001841105404 -0.005250001326 0.006638195366
v 0.001841719262 -0.003970778082 0.006687161047
v 0.001844085753 -0.004257650115 0.00664004311
v 0.001845547464 -0.00961508695 0.02059097216
v 0.001861852594 -0.003450000426 -0.002904480323
v 0.001865959726 -0.003411730751 -0.002910890384
v 0.001868420164 -0.01087647397 0.002359597012
v 0.001874002861 0.006906194612 0.00277261436
v 0.001874145702 -0.004246338271 0.006628110539
v 0.001877659233 -0.003379290225 -0.002929138485
v 0.001877760049 0.007627018262 0.02603566647
v 0.001879974618 0.006904001813 -0.00324429851
v 0.001889186562 0.009993585758 0.01495749597
v 0.00189516705 -0.003357612062 -0.002956449986
v 0.00189787033 -0.005560863297 0.02974660508
v 0.001897871378 0.00515850354 0.02974658459
v 0.001905427431 -0.01104360633 0.002652186668
v 0.001915619592 -0.007380622439 0.0005666062352
v 0.001915621106 0.006978241261 0.0005666054203
v 0.001915820525 -0.00335000176 -0.002988669323
v 0.001920186565 0.007696062326 0.009258780628
v 0.001921757823 -0.01110619307 0.002985071158
v 0.001929797349 -0.003349998966 -0.003156877821
v 0.001934377709 -0.006122820545 0.02899344079
v 0.001934380271 0.005720471498 0.02899340354
v 0.001937116846 0.003914078232 0.03087179735
v 0.001941221184 -0.004014597274 0.006648758892
v 0.001942631556 0.01015427522 0.01323366817
v 0.001942641335 -0.01055662334 0.01323395967
v 0.001942703384 0.006802657619 0.004056254867
v 0.001943082549 -0.003481682856 0.006699997932
v 0.001955878222 -0.003400001442 -0.003199539613
v 0.001956814434 -0.006870887242 -0.003199020401
v 0.001961580478 0.003150000004 -0.003137227381
v 0.001967393328 -0.007746564224 0.001177341212
v 0.001967394026 0.007344187237 0.001177345519
v 0.001971160527 0.004572552163 0.03032788821
v 0.001971166814 -0.004974919837 0.03032789379
v 0.001973253675 -0.007445533294 0.02166494913
v 0.001973305829 0.00704319682 0.0216672048
v 0.001977115404 -0.003764269641 0.006675609387
v 0.001979215536 -0.004215057939 0.0065748333
v 0.001988088945 0.003199998988 -0.003179625375
v 0.001988738077 0.0068568266 -0.003178920364
v 0.001991665456 -0.003340907861 0.006699999794
v 0.001994817751 -0.01016792376 0.01679637842
v 0.00199498632 -0.004149998538 0.003550000489
v 0.001994987251 -0.005249999464 0.003550001886
v 0.001996017294 -0.006778954063 0.00405625999
v 0.002002009423 0.006745262537 0.00256112311
v 0.002006902592 0.008892739192 0.02236370929
v 0.002017105464 -0.004149999004 0.003249996109
v 0.00201710593 -0.005250000861 0.003249997506
v 0.002023947192 -0.006841115188 0.003538622055
v 0.002029871102 -0.004053636454 0.006586356554
v 0.002035122132 -0.006836080458 -0.003149888944
v 0.002038488165 -0.006653239951 0.02812560089
v 0.002038498875 0.006250897422 0.02812553756
v 0.002068759175 -0.004070770461 0.006547225174
v 0.002071189228 0.004279043991 0.030521743
v 0.002071189228 -0.004681417253 0.03052174859
v 0.002080004895 -0.003553279443 0.006675526034
v 0.002085730666 0.006814501714 -0.002620165003
v 0.00208887551 0.006707085297 -0.002493604319
v 0.002094325144 -0.003099998692 0.006700001657
v 0.002103646751 -0.004085758235 0.006503255572
v 0.002103884472 0.0104228463 0.002355654957
v 0.002105099848 -0.00539303245 0.008473861963
v 0.002106320579 -0.003822052618 0.006604076363
v 0.002107370179 -0.003099998692 0.006699888036
v 0.002113659866 0.003563801292 0.008460898884
v 0.002146990271 0.01058916282 0.00264768838
v 0.002158020856 -0.00372392335 0.008393851109
v 0.002164487028 0.006778046489 -0.002555940999
v 0.002165154787 0.007094803266 0.0009045764455
v 0.002165157348 -0.007497185376 0.000904580229
v 0.002165586455 -0.004025436938 0.006454280112
v 0.002166895429 0.01065177657 0.002979987767
v 0.002167544328 -0.00403777184 0.006445352919
v 0.002171104774 -0.004048842471 0.006438225973
v 0.002177422168 0.009423622862 0.01991988905
v 0.002179817762 -0.003375697648 0.006661938969
v 0.00218632957 -0.005250001326 0.003588057822
v 0.002187679522 -0.007384606171 0.02166007273
v 0.002191645792 -0.003997371532 0.006431457587
v 0.002202094765 -0.005250000861 0.006407107227
v 0.002203521552 -0.003617863869 0.006604509428
v 0.002208108315 -0.003867622698 0.006491493899
v 0.002227170626 -0.004393350799 0.03063086048
v 0.002227171557 0.003990970552 0.03063086048
v 0.002230284503 -0.004000991117 0.006377894431
v 0.002244987758 -0.00414999947 0.003616988659
v 0.002245539101 0.0002808053978 0.03128082305
v 0.002245756797 -0.003884515027 0.006423395593
v 0.002247168683 0.009778649546 0.01759818755
v 0.002247650875 -0.004149999004 0.003193677636
v 0.002247652039 -0.005249999929 0.003193679033
v 0.00224765786 -0.005353484303 0.02356468141
v 0.002247660421 0.004953483585 0.02356468141
v 0.002254914027 -0.003644735552 0.006555213127
v 0.002255226718 -0.003204156179 0.006661936641
v 0.002263588365 -0.005249999464 -0.002603583271
v 0.002263589064 -0.003450000193 -0.002603589091
v 0.00227317377 0.005372253247 0.008216911927
v 0.002273207763 -0.003896875773 0.006349650212
v 0.002287691692 -0.008722950704 0.0005588530912
v 0.002287693787 0.008320571855 0.0005588519271
v 0.002298095496 0.005300000776 0.002298099222
v 0.002298098058 0.005299999379 -0.002298096195
v 0.002299210289 -0.003859914374 0.006319523323
v 0.002299797954 0.006605410948 0.002300446155
v 0.002301148372 0.006605591159 -0.00230082823
v 0.002301544184 -0.003669118509 0.006493891589
v 0.002339326544 -0.00340519147 0.006553550716
v 0.002342158696 -0.007601863705 0.0261975918
v 0.002342178253 0.007199529558 0.02619749494
v 0.002348541282 -0.004149999935 0.003696444212
v 0.002348542446 -0.005250001326 0.003696445609
v 0.002351979259 -0.003695491003 0.00639259303
v 0.002352406736 -0.008174876682 0.009193075821
v 0.002352409065 0.00777249923 0.009193073027
v 0.002362882718 0.006679945625 0.002371878363
v 0.002364481799 -0.003702028189 0.006354507525
v 0.0023649293 -0.003764407244 0.006205933634
v 0.002366248285 -0.003777300939 0.006194091402
v 0.002366479952 -0.003752338234 0.00621858798
v 0.002369006863 -0.003745386144 0.006226125173
v 0.002370214788 -0.003100000322 0.006662044208
v 0.002370387316 -0.003790579038 0.006183346733
v 0.00237755361 -0.003708863398 0.006298107095
v 0.002384803025 -0.003301741555 0.006553553045
v 0.002386167878 -0.003713367507 0.006200000644
v 0.002390238689 0.007720963564 0.02503198199
v 0.002391241724 -0.008204932325 0.002877425868
v 0.002391512971 0.007802605163 0.00287638139
v 0.002403324237 0.006580801681 0.004056258593
v 0.002417064039 -0.009125893004 0.000649867754
v 0.002417064505 0.008723516017 0.0006498700241
v 0.002426255262 -0.005249998998 0.003037395887
v 0.002426257357 -0.004149999935 0.003037395654
v 0.00242799893 -0.004149998538 0.003800003324
v 0.002432123758 0.006642650347 -0.00285471417
v 0.002433180343 -0.005250001792 0.006046117749
v 0.002434989903 0.006641147658 0.003538615769
v 0.002438818803 -0.003594378242 0.006065031514
v 0.002441345714 -0.004119399469 0.03064505383
v 0.00244134618 0.003717017826 0.03064505756
v 0.002445906634 -0.003424898488 0.006391340401
v 0.00244819629 0.006529356819 0.002141590696
v 0.002450746251 0.006897994783 0.02165628411
v 0.002454178641 0.009795822203 0.01738095097
v 0.002456926974 -0.005249999464 0.003858657554
v 0.002460928867 0.009580748156 0.01741285995
v 0.0024713811 -0.003366943216 0.006391344592
v 0.002471670043 -0.003229461377 0.006553555839
v 0.002473077271 -0.003485719208 0.005913912784
v 0.002473250963 -0.003491420764 0.005908797029
v 0.002473992761 -0.003497081343 0.005903840531
v 0.002474447479 -0.00347461924 0.005924228113
v 0.00247505866 -0.003492208198 0.005898643285
v 0.002477222355 -0.003462214256 0.005913455971
v 0.00247754599 -0.003483378561 0.005885955412
v 0.002477557631 -0.003460664535 0.005918885116
v 0.00247942959 -0.003451787634 0.005912253167
v 0.002480468247 -0.003446667222 0.00591353979
v 0.002482249867 -0.003437576815 0.005919320509
v 0.002482794458 -0.003100001486 0.006640635896
v 0.002482897835 -0.003469103249 0.005855024327
v 0.002483100863 -0.003433069214 0.005927166902
v 0.002483331598 -0.003431818215 0.006199995987
v 0.002483333228 -0.003431818914 0.005939785391
v 0.002487098332 -0.003442899091 0.005836362019
v 0.002490078099 -0.003427438205 0.005842785817
v 0.002492335625 -0.003452972975 0.005772774108
v 0.002494323067 -0.003450762015 0.005736437626
v 0.002494465793 -0.003411306301 0.005865301937
v 0.002494985238 -0.003449824871 0.005665444303
v 0.002494986635 -0.005249998998 0.004050000571
v 0.002494986635 -0.005249998998 0.00569999963
v 0.002494987333 -0.004149999935 0.003081816481
v 0.002494987333 -0.00344999996 0.005630890839
v 0.002494987566 -0.00344999996 0.00308181881
v 0.002494987799 -0.004150000401 0.004050000571
v 0.002494997811 -0.003449672833 0.005700000096
v 0.002495830879 -0.003425474744 0.005777140614
v 0.002500903327 -0.003409405472 0.005785002839
v 0.002501784125 -0.00338984048 0.005939786322
v 0.002501785522 -0.003389841644 0.00619999785
v 0.002502599033 -0.003411731217 0.003081817878
v 0.002508383244 -0.003399998182 0.005630892701
v 0.002508384874 -0.003400000045 0.00308181392
v 0.002509834245 -0.003390314057 0.005808939692
v 0.002512681531 -0.004149998538 0.002816360677
v 0.002512681996 -0.005250000395 0.002816362074
v 0.002517706016 -0.003373130225 0.005939783528
v 0.002517970279 -0.003374110209 0.005891611334
v 0.002520045731 -0.003326453501 0.006391342264
v 0.002521339338 -0.003381639253 0.005738238338
v 0.002522563329 -0.003376650391 0.005799225066
v 0.002524276031 -0.003379287897 0.003081816016
v 0.002524278127 -0.003379290691 0.005630889442
v 0.002524700016 0.006489124615 -0.002051584888
v 0.002526100492 -0.009453332052 0.0009111727704
v 0.002526100725 0.009050952271 0.0009111724212
v 0.002533117542 0.006590735633 -0.002188283019
v 0.002537032124 -0.003360512201 0.006199998315
v 0.002537033288 -0.003360513598 0.005939787719
v 0.002539992332 -0.003364241449 0.005791220348
v 0.002544985851 -0.003363396041 0.005630894098
v 0.002544987481 -0.003363397904 0.003081815084
v 0.002547854558 -0.003355889115 0.00593978446
v 0.002554366132 -0.006577122491 -0.002745579928
v 0.002556719352 -0.003357612994 0.003081817646
v 0.002556937048 -0.003357522655 0.005630890839
v 0.002559693297 -0.004490246065 0.03032816388
v 0.002562103095 -0.003449999727 -0.002310439479
v 0.002567754127 -0.003411730286 -0.002315534977
v 0.002578157932 -0.003350749612 0.00578542985
v 0.00258166506 -0.003099999623 0.006633010693
v 0.002581665292 -0.003349999432 0.006199997384
v 0.002581665525 -0.003311940236 0.006391340867
v 0.002581666457 -0.003350000596 0.005939786788
v 0.002581666457 -0.003203554312 0.00655355351
v 0.002583291149 -0.003350000363 0.005884961691
v 0.002583853435 -0.003379288595 -0.002330051735
v 0.0025846106 -0.005249998998 0.002489815932
v 0.002584611997 -0.003450000659 0.00248981826
v 0.002585518407 -0.003350000596 0.005836477969
v 0.002587236464 -0.00335000176 0.005804386921
v 0.002588326344 -0.003349999664 0.005785339978
v 0.002591883531 -0.003411733545 0.002492068335
v 0.002593361773 -0.003349998733 0.005685717799
v 0.002594681224 -0.003349998733 0.005649145693
v 0.002594964113 -0.003350000363 0.005635879003
v 0.002594986465 -0.0033499985 0.005630892701
v 0.002594988327 -0.003350000363 0.003081813455
v 0.002602447756 0.005331552587 0.007673367858
v 0.002602541586 -0.00533150183 0.007673322689
v 0.002603405155 -0.003279921599 0.007671857718
v 0.002603482688 0.003079845104 0.007671726868
v 0.00260794675 -0.003357612295 -0.002351780422
v 0.002612586599 -0.003379287664 0.002498487709
v 0.002636367222 -0.00335000013 -0.002377408789
v 0.002637562342 -0.003231670242 0.006522998679
v 0.002637563739 0.003149999538 0.006200000178
v 0.002637564437 -0.003319487209 0.006371994503
v 0.00263756467 0.002899999963 0.006633009762
v 0.00263756467 0.003003554419 0.006553553976
v 0.00263756467 0.00303167128 0.006522997282
v 0.002637564903 0.00311948685 0.006371995434
v 0.002637565602 -0.003350001527 0.006199997384
v 0.002637566067 -0.003100001253 0.006633010693
v 0.002643577056 -0.003357612295 0.002508088248
v 0.002647636691 0.00672790641 0.009440474212
v 0.00264763739 -0.007130288985 0.009440476075
v 0.002653362462 -0.008199477568 0.00250418717
v 0.002653617412 0.002316658851 0.03092272021
v 0.002653617645 -0.002719035605 0.03092272393
v 0.002653688192 0.007797169033 0.002503166208
v 0.002677415032 -0.008361116052 0.02418204024
v 0.002680131467 -0.00335000176 0.002519414062
v 0.002683528699 0.002987867454 0.007528325077
v 0.002683529165 -0.003187868046 0.007528327405
v 0.002693588845 0.00639451528 -0.001820248086
v 0.002698322525 0.002971656155 0.007501198445
v 0.002715378068 0.00344533613 0.03057369404
v 0.002715381095 -0.003847714281 0.0305736959
v 0.002718225587 -0.00640569441 0.004056257196
v 0.00271944399 -0.007068656385 0.0005498521496
v 0.002719445154 0.006666278467 0.0005498494138
v 0.002720121527 -0.005318964832 0.007460808381
v 0.002723761136 0.002948754001 0.00745405117
v 0.002752777888 -0.006464431994 0.003538615769
v 0.002752825152 0.0008208560757 0.03094194271
v 0.002756985137 0.006462476682 0.001888566767
v 0.002763796831 -0.003122712951 0.007378488313
v 0.002764890203 0.002922148909 0.007376401685
v 0.002791980049 0.005312608089 0.00732398266
v 0.002796050627 0.006334058009 0.00165458431
v 0.002804485848 0.006837368943 0.0008912510239
v 0.002804489573 -0.007239750586 0.0008912504418
v 0.002806234173 -0.003106132383 0.007296424359
v 0.002823511139 -0.001171250013 0.03089282848
v 0.002834358951 -0.003100912552 0.007240815088
v 0.002845449839 -0.005249999464 0.001950876554
v 0.00284545077 -0.003450000193 0.001950870501
v 0.002851727651 -0.003411730519 0.001955179963
v 0.002851771191 -0.003099997295 0.007205852773
v 0.002851771656 0.002900000429 0.007205853239
v 0.00285561732 -0.000201187213 0.03086603247
v 0.002855760977 0.004683427047 0.02956824563
v 0.002855762839 -0.00508580124 0.02956824936
v 0.002856273903 0.006298210006 -0.001547883614
v 0.002862551482 -0.00555549236 0.02902352996
v 0.002862553578 0.005153133068 0.02902350947
v 0.002869606251 -0.003379288362 0.001967437332
v 0.002880823566 0.006387643982 -0.001687987475
v 0.002896364778 -0.003357611829 0.001985782059
v 0.00289746956 0.006377105601 -0.002380596241
v 0.00290331291 0.00445415359 0.02975781634
v 0.002903315006 -0.004856527317 0.02975782007
v 0.002917356789 -0.003349999199 0.006130767521
v 0.002917357953 0.003150000004 0.006130771711
v 0.002919851802 -0.008092326112 0.002149956767
v 0.00292022503 0.007690097671 0.002148951404
v 0.002920683939 0.00946918875 0.01939969696
v 0.002923021559 -0.01061194018 0.002351612318
v 0.00292792893 -0.00335000176 0.002007420408
v 0.002928857924 0.00914262142 0.01943196356
v 0.002933188342 -0.00335000013 -0.002255303087
v 0.00293658278 0.008132640272 0.02434327081
v 0.002947366331 -0.00601747632 0.02834155038
v 0.002947373083 0.005615119357 0.02834151126
v 0.002953121904 0.006706366781 0.02164480835
v 0.002953916322 -0.007108337712 0.02164264955
v 0.002960703336 0.003150001168 -0.002219058573
v 0.002962296363 -0.008908029646 0.02222397365
v 0.002972670831 -0.006329939235 -0.002286620205
v 0.002972827526 -0.003400001442 -0.002285784343
v 0.002997561824 -0.003319487674 0.006282915827
v 0.003000187688 0.006312001497 0.001458332059
v 0.00300020189 0.006312358193 -0.0022500013
v 0.003000712721 0.003200000385 -0.002249051584
v 0.003000923898 0.006208899431 -0.001245601918
v 0.00300115766 0.006208496168 0.001244174433
v 0.003002608195 0.00530000031 -0.001243721345
v 0.003002609126 0.00530000031 0.001243718434
v 0.003006905084 -0.01083417516 0.002972858259
v 0.003012566594 -0.006304407492 -0.002233846812
v 0.003033937421 0.003083011834 0.006351919379
v 0.003042253666 -0.005249999464 -0.001627015416
v 0.003043717239 0.006181590259 0.001137873041
v 0.003044188488 0.01017281972 0.002351680771
v 0.003062529257 0.006271655206 0.00132097397
v 0.003066408681 -0.00530527439 0.006731705274
v 0.003067976795 0.003031672444 0.00641649263
v 0.003067976795 -0.003231671872 0.006416495424
v 0.003068699036 0.004257434513 0.02979357168
v 0.003080440452 -0.006469829474 0.02755499631
v 0.003080453491 0.006067481823 0.02755493857
v 0.003080839058 -0.003449999029 -0.001552714501
v 0.003082185751 0.004262113012 0.02977818809
v 0.003085657954 -0.006256703753 -0.0008287038654
v 0.003086515935 0.006154440343 -0.001018685289
v 0.003087638877 -0.003411733313 -0.001556141884
v 0.003092390718 0.01033764053 0.002641898813
v 0.003106997348 -0.003379291389 -0.001565899001
v 0.003109595971 0.01040199213 0.002972371411
v 0.003116532927 0.00530907698 0.006605439819
v 0.003118310589 -0.007036421914 0.02163891308
v 0.003119281493 0.002900000196 0.006513815839
v 0.003119282192 -0.003100001486 0.00651381677
v 0.003126650583 0.006229658145 -0.001161532244
v 0.003129365155 0.01040199678 0.006558121648
v 0.003129381686 -0.01080436073 0.006558533758
v 0.003135967534 -0.003357612528 -0.001580499229
v 0.003158258041 -0.003100000089 0.00649395911
v 0.003158258507 0.002899997868 0.006493959576
v 0.003168842755 0.007989817299 0.0005404819385
v 0.003168846248 -0.008392198943 0.0005404831027
v 0.003170139855 -0.003349999432 -0.0015977195
v 0.003172485624 0.002945357934 0.006454321556
v 0.00317687192 -0.007888296619 0.00183330744
v 0.003177304519 0.007486181799 0.001832294976
v 0.003182864748 -0.009289838374 0.02033307776
v 0.003182885703 0.008887495846 0.02033288963
v 0.003197469749 0.003008851083 0.006382524036
v 0.003198693041 0.00608027773 0.0005753430887
v 0.003214451019 0.006069688126 -0.0004801210307
v 0.003217143472 0.007871048525 0.02385832369
v 0.003222596832 -0.008328825235 0.009045358747
v 0.003237685887 -0.003283254569 0.006260166876
v 0.003237687284 0.003083258169 0.006260162219
v 0.003239480779 0.008922294714 0.02175961249
v 0.003242033534 -0.005332327913 0.006246078294
v 0.003242161823 0.005332274828 0.006245934404
v 0.00324752531 0.006147270557 0.0007525327383
v 0.003249998903 0.005300001707 2.52978305e-09
v 0.003249998903 0.006044916343 -3.078119759e-09
v 0.003259297227 -0.00344999833 0.001131139463
v 0.003261519596 0.006136839744 -0.001851085457
v 0.003264253261 -0.001618066221 0.03056573682
v 0.003266489832 -0.003411731916 0.001133633079
v 0.003278024495 0.01017544977 0.009874072857
v 0.003278039861 -0.01057779789 0.009874405339
v 0.003278525313 -0.003331245389 0.006125404499
v 0.003281179117 0.006123729516 -0.0005851447931
v 0.003281180514 -0.003349998966 0.002737114904
v 0.003286968218 -0.003379289061 0.001140738139
v 0.003286987543 0.003149999073 0.002548680641
v 0.003299884964 0.009099108167 0.02104065754
v 0.003302525962 -0.005354677793 0.006039239932
v 0.003304932965 -0.00334715494 0.006031143013
v 0.003313182155 0.006542688236 0.02163657919
v 0.003317618277 -0.003357613226 0.001151377102
v 0.00332077546 0.003150000237 0.005971288309
v 0.003320776392 -0.0033499985 0.005971292499
v 0.003327433718 0.006090111099 0.0001668389014
v 0.00332909124 0.005367776845 0.005938734394
v 0.003330161097 0.008650153875 0.02116341144
v 0.003330821404 0.006087562069 0.002766405931
v 0.003330833511 -0.006088789087 0.002764237579
v 0.003331175307 -0.003399998881 0.002737879986
v 0.003331547137 0.006087039597 1.233584068e-10
v 0.003336933674 0.003200002247 0.002551001497
v 0.003336952068 -0.006084681954 0.0025505987
v 0.003339880612 0.00837712083 0.0006306274445
v 0.00333988294 -0.008779502474 0.0006306303549
v 0.003353587352 -0.003449999727 0.0008099082625
v 0.00335358805 -0.005250000861 0.0008099072147
v 0.003353770589 -0.003350000596 0.001163924579
v 0.003361432115 -0.006065416615 -0.001662129303
v 0.003372559557 0.006057308055 0.003538617864
v 0.003372561419 -0.006057304796 0.003538620193
v 0.003376934212 0.00381029956 0.02983764187
v 0.003376935842 -0.004212682135 0.02983764187
v 0.003381315386 -0.003450000659 -0.0006849872298
v 0.003387613455 -0.00604778761 0.002003218979
v 0.003388776211 -0.003411731683 -0.0006864965544
v 0.003390770638 0.006043968257 0.00198423164
v 0.003392310115 0.007976269349 0.003628556617
v 0.003392356914 -0.008378657512 0.003628756851
v 0.003402137663 0.002901547588 0.03022172675
v 0.003402138362 -0.003303923877 0.03022172116
v 0.003406548174 0.006013907958 0.003781654174
v 0.003407056211 -0.0007457537577 0.03046586737
v 0.00341002224 -0.003379289992 -0.0006908038049
v 0.003411219455 -0.007598650642 0.001570305554
v 0.003411734942 0.009819383733 0.01320961118
v 0.003411741694 0.007196686696 0.001569260028
v 0.003411741694 -0.01022172999 0.01320989523
v 0.003418116597 -0.007317726966 0.02577754483
v 0.003418132896 0.006915386301 0.02577744611
v 0.00342132221 -0.009794303216 0.01670021191
v 0.003421328496 0.009391950443 0.01669997163
v 0.003422184614 -0.003449999029 -0.0004372026015
v 0.003422185546 -0.005249999929 -0.0004372036201
v 0.003433989128 0.004368999507 0.0293597132
v 0.003433993319 -0.004771382082 0.02935971506
v 0.003434034996 -0.005961313378 0.00393917365
v 0.003434916493 0.003150000004 0.00418750383
v 0.003440781496 -0.005473322235 0.005369913764
v 0.003441818058 -0.003357612295 -0.0006972422707
v 0.003442239016 -0.003449999029 0.0002312691213
v 0.003442410147 0.008927809075 0.02165741473
v 0.003445626236 -0.01044695266 0.002357300604
v 0.003448498435 0.003200002015 0.004013449419
v 0.003448500298 -0.003399998881 0.004013447091
v 0.003448500531 0.005819102749 0.004013455473
v 0.003448501462 -0.005929503124 0.0040134429
v 0.00344850379 0.005929495208 0.00401346432
v 0.003449834185 -0.003411730984 0.0002317794715
v 0.00345149776 0.00592043018 0.004035070539
v 0.003452817677 0.0054951231 0.00527851982
v 0.00345431664 0.005911306944 0.00405625673
v 0.00345431827 -0.00591130415 0.004056255333
v 0.003471464152 -0.003379289759 0.0002332328877
v 0.00347932498 -0.003350001294 -0.0007048443076
v 0.00348243257 0.006264616735 0.0005339483032
v 0.003482434666 -0.006666995119 0.0005339480122
v 0.003482772736 -0.009094228037 0.000891229487
v 0.003482773667 0.008691848256 0.000891229487
v 0.003484794404 -0.003349998733 0.00438824622
v 0.003484795569 0.003150000703 0.004388250411
v 0.003485033056 0.00314999884 0.004908569157
v 0.003485033056 -0.003350000363 0.004908573348
v 0.003485379973 -0.005596870556 0.004907384515
v 0.003491208423 -0.005648931488 0.004742541816
v 0.003491638461 0.005694927182 0.004607530776
v 0.003492077813 -0.01061177067 0.0026468453
v 0.003497378435 -0.004617895931 0.02353863046
v 0.003497378901 0.00421789987 0.02353863418
v 0.00350383413 -0.003357613459 0.0002354036405
v 0.003504756372 -0.01067746431 0.002976670396
v 0.003515735501 0.005950129591 -0.001304812147
v 0.003516474739 -0.005074166693 0.02898032404
v 0.003516476601 0.004671793897 0.02898031287
v 0.00352731999 0.006293999963 0.009422137402
v 0.003527320921 -0.006696382537 0.009422140196
v 0.003530589864 -0.005938876886 0.001292609726
v 0.003534855088 0.005935410038 0.001276646857
v 0.003540797392 0.003149999538 0.001073659863
v 0.003540797625 -0.003349999664 0.001073664054
v 0.003542014398 -0.003349999432 0.0002379692887
v 0.003546710825 -0.003350000596 -0.001053969376
v 0.003555339994 -0.004681752063 0.02931954898
v 0.003561617108 0.003150000237 -0.00100243534
v 0.003563457634 -0.005216770805 0.02877979167
v 0.003563458798 0.004814391024 0.02877978981
v 0.003586482722 0.006425698753 0.0008749510162
v 0.003586485516 -0.006828078534 0.0008749552071
v 0.003588644788 0.00589346746 0.001088169985
v 0.003588645253 0.003199998755 0.001088173129
v 0.003588646417 -0.00589346746 0.001088171499
v 0.003588647582 -0.003400001209 0.001088170917
v 0.003594639245 -0.003400000744 -0.001068209298
v 0.003595774295 -0.005887846462 -0.001064440003
v 0.003609202337 0.005877229385 -0.001017834176
v 0.003609748557 0.003199998988 -0.001015979215
v 0.003609767649 -0.002051794203 0.03026925586
v 0.003609767649 0.001649417798 0.03026925214
v 0.00363889616 -0.005427195691 0.02846441045
v 0.003638902679 0.00502482662 0.0284643881
v 0.003640586045 0.008655156009 0.02251500636
v 0.003649524413 0.008143437095 0.02255222574
v 0.003669526661 0.0001513803436 0.03026340529
v 0.003681673668 0.005819042679 -0.0007107398123
v 0.003683501622 0.003150000237 0.0003490132221
v 0.003686697688 -0.005814953241 0.000684573839
v 0.00368881668 -0.00335000013 0.0002874619095
v 0.003697220003 0.007970442995 0.003246717853
v 0.003697265871 -0.008372846991 0.003246913431
v 0.003718844149 0.005788621027 0.0004859432811
v 0.003720547538 -0.005787217058 -0.0004639340041
v 0.003733279184 0.003199999919 0.0003537361335
v 0.003738666186 -0.003400001209 0.0002913468925
v 0.003745150985 0.007967405953 0.02296749689
v 0.00374838477 0.005764157511 -0.0001075369146
v 0.003748938674 -0.00576369511 8.471696492e-05
v 0.00378147536 0.004094966222 0.02924032882
v 0.003781531472 -0.006696125027 0.02162384801
v 0.003781590145 0.006293789949 0.02162586525
v 0.003785796463 -0.008010938764 0.02389153838
v 0.003785820212 0.007608599961 0.02389141172
v 0.003788635368 -0.00125697453 0.03016399592
v 0.0037886356 0.000854599406 0.0301639922
v 0.003799164202 -0.004482544027 0.02923369035
v 0.00392186828 -0.003758994164 0.02957249805
v 0.003921872005 0.003356616711 0.02957249805
v 0.003964681644 0.009859465994 0.002371962648
v 0.003969547804 -0.006218022667 0.02709252574
v 0.003969561309 0.005815670826 0.02709247358
v 0.003995087463 -0.006567998324 0.02161900513
v 0.004004570656 0.007848035544 0.002887213835
v 0.004004623741 -0.008250414394 0.00288739847
v 0.004010326229 -0.007970577106 0.0005229431554
v 0.004010326695 0.007568200119 0.0005229425733
v 0.004015181214 0.01002421044 0.002660569036
v 0.004025343806 -0.006339620799 0.02685553767
v 0.004025346134 0.005937241018 0.02685553767
v 0.004027510062 0.01009180769 0.002989497734
v 0.004030354321 0.008013146929 0.02420167997
v 0.004065009765 0.001368326601 0.02990520746
v 0.004065336194 -0.0002011880133 0.02994349226
v 0.004123229533 0.006084074266 0.02161804214
v 0.00412456831 -0.008491869085 0.02204193547
v 0.004124596715 0.008089524694 0.02204178087
v 0.004136682954 0.002415802563 0.02969355881
v 0.004136685748 -0.002818181645 0.02969356254
v 0.0041946196 0.005778498482 0.0005190997035
v 0.0041946196 -0.006180877797 0.0005190974334
v 0.004221150652 -0.008337943815 0.0006122584455
v 0.004221154377 0.007935564965 0.0006122572231
v 0.004266076721 -0.004113676492 0.02900855429
v 0.004266078584 0.003711294848 0.02900855802
v 0.004296025261 0.00761524681 0.002571723424
v 0.004296091851 -0.008017607033 0.002571898978
v 0.004311366472 0.00479343161 0.02804112807
v 0.004311367869 -0.005195814185 0.02804112434
v 0.004316411447 -0.006329848431 0.0008597327978
v 0.004316413309 0.005927469581 0.0008597351261
v 0.004339760169 -0.001095991815 0.02969118208
v 0.004340970889 0.0006970302202 0.02968997322
v 0.004342850298 -0.006151337642 0.009405140765
v 0.004342851695 0.005748960655 0.009405137971
v 0.004396378063 -0.008636476472 0.00087218103
v 0.004396378994 0.008234096691 0.0008721830091
v 0.004413974006 -0.008812529966 0.02023726702
v 0.00441399822 0.008410175331 0.02023708634
v 0.004420491401 -0.01034023333 0.003006092971
v 0.004516317509 -0.003585963277 0.02351739258
v 0.004516320769 0.003185965819 0.02351739071
v 0.004519302398 -0.003373495536 0.02913972922
v 0.004519302398 0.002971118549 0.02913972363
v 0.004530596081 0.006891975645 0.02464915998
v 0.004530596547 -0.007294356357 0.02464916371
v 0.004554527346 0.007286872249 0.002318475861
v 0.004554581828 -0.007689189631 0.002318675397
v 0.004572382197 0.00993463397 0.006538516842
v 0.004572403152 -0.01033700071 0.006538929418
v 0.004629945848 0.005723273382 0.02160643414
v 0.00463104248 -0.00612473255 0.0216045659
v 0.004721893929 -0.00591715984 0.02675221488
v 0.004721895792 0.005514780059 0.02675221674
v 0.004727252759 0.007175633218 0.02378099971
v 0.00473014405 -0.006046404131 0.02160231769
v 0.004732794594 0.008193771355 0.008747676387
v 0.004738211632 -0.007592106704 0.02373269945
v 0.004746936262 0.009725892916 0.009870798327
v 0.004746948835 -0.0101282401 0.009871130809
v 0.004746992607 0.00337379612 0.02869034745
v 0.004765639082 -0.003763661953 0.02867661044
v 0.004788869526 -0.009254829958 0.01670477353
v 0.004788887687 0.008852480911 0.01670453325
v 0.004802808166 -0.0074627758 0.0005064261495
v 0.004802809097 0.007060395554 0.0005064250436
v 0.004822959658 -0.002493705135 0.02908274159
v 0.004844482522 -0.004847060889 0.02780056559
v 0.004844483454 0.004444680642 0.02780057117
v 0.00484669907 0.005214279518 0.000505509146
v 0.004846701864 -0.005616658367 0.0005055106594
v 0.004860498011 0.009322626516 0.01322695613
v 0.004860501736 -0.00972496625 0.01322724391
v 0.004868544172 0.005530045368 0.02160096355
v 0.004886102397 0.002280679531 0.0289737694
v 0.004984739702 0.005349195097 0.000845806615
v 0.004984739702 -0.005751573946 0.0008458080119
v 0.004995591473 0.003200182691 0.02850494161
v 0.005014406051 -0.003078663489 0.02871633135
v 0.005028607324 0.002722781152 0.02868351713
v 0.005051106215 -0.007806133479 0.0005949622719
v 0.00505110668 0.007403753232 0.0005949590704
v 0.005053313915 -0.007930490188 0.02233397402
v 0.005053317174 0.007528111804 0.02233397402
v 0.005080280825 -0.005504488479 0.009389770217
v 0.005080281757 0.005102111958 0.009389767423
v 0.005084507167 0.009383480996 0.002435011091
v 0.005099942908 -0.003431397257 0.02847239561
v 0.005105578806 -0.003513808595 0.02842325158
v 0.0051055816 0.003111432306 0.02842325345
v 0.005120094866 -0.006583115552 0.02530287579
v 0.005120097194 0.006180736702 0.02530287765
v 0.005174008664 -0.009743165225 0.002442098456
v 0.005228393711 -0.009908445179 0.002728633583
v 0.00523535395 -0.00998146832 0.003055748995
v 0.005235848483 0.008256450295 0.004672386684
v 0.005236129276 0.001926909084 0.02350238897
v 0.005236131139 -0.002326912247 0.02350238897
v 0.005237904377 -0.00867563393 0.004801468924
v 0.005256781355 0.007682771422 0.0008542459109
v 0.005256783217 -0.008085152134 0.0008542514988
v 0.005260791164 -0.008599720895 0.004369564354
v 0.005288554356 0.008159882389 0.004235584754
v 0.005289517809 -0.008707092144 0.005265230779
v 0.005289519206 0.008304711431 0.005265226588
v 0.005298370495 0.004009522032 0.02762944065
v 0.005298372824 -0.004411901813 0.02762943693
v 0.005303893704 -0.0007767631905 0.02874411643
v 0.00530389417 0.0003743844572 0.02874411643
v 0.005314765964 -0.005525604356 0.02656398341
v 0.005314769223 0.005123225041 0.02656398341
v 0.005334303249 -0.005504200701 0.02158859745
v 0.005334341433 0.005101837683 0.02159026451
v 0.005367967766 -0.008476884104 0.004014166072
v 0.005371042062 -0.0002011910547 0.0286743734
v 0.005371134263 0.0009390754858 0.02864480019
v 0.005371136125 -0.001341454219 0.02864479832
v 0.005375164095 0.003244092688 0.02803065255
v 0.005375165027 -0.003646473633 0.02803065814
v 0.005408002529 0.008035955019 0.003938145936
v 0.005430159159 -0.004981704056 0.0004933433374
v 0.005430159625 0.004579326604 0.0004933480523
v 0.005466763861 -0.005368312355 0.02158558741
v 0.00547366403 0.001910101855 0.02839682251
v 0.005473665893 -0.002312482102 0.02839682437
v 0.005496734288 0.002659111982 0.02815277316
v 0.005496736616 -0.003061488969 0.02815277316
v 0.005513641052 0.007366511505 0.003032119945
v 0.005514142103 -0.007769262884 0.003031112719
v 0.005535339005 -0.007105415687 0.02373038977
v 0.005535343196 0.006703036837 0.02373038605
v 0.005537494086 -0.00687441742 0.00049110892
v 0.005537496414 0.006472040433 0.00049110502
v 0.005537965335 0.004890006967 0.02158557437
v 0.005548891611 -0.008312078193 0.003756166436
v 0.005562205333 0.00834696833 0.006848258432
v 0.005562205799 -0.008749345317 0.006848256569
v 0.005562843289 -0.008288959973 0.01987917721
v 0.005562844686 0.007886582054 0.01987918094
v 0.005572345573 0.007889427245 0.003733925521
v 0.00558273308 0.004698422737 0.0008333399892
v 0.005582734942 -0.005100802984 0.0008333377191
v 0.005608520936 0.0005251853727 0.02349462546
v 0.005608522799 -0.0009251853917 0.02349462546
v 0.005658036564 -0.003818493104 0.02757338621
v 0.005665648263 0.003421102418 0.02756048925
v 0.005665650591 -0.003823481267 0.02756049484
v 0.005702080671 -0.009472648613 0.002486595185
v 0.005702082068 0.009070270695 0.002486590995
v 0.005724523682 0.007874527946 0.004393844865
v 0.005724524148 -0.008276908658 0.004393846728
v 0.005726991221 0.004364520777 0.00937628746
v 0.005726991687 -0.004766901489 0.009376291186
v 0.005749092903 -0.00611372292 0.02522638626
v 0.005749094766 0.005711344536 0.02522638626
v 0.005761307664 -0.009637109935 0.002772236476
v 0.005761309061 0.009234732017 0.002772234147
v 0.005768795963 -0.009712010622 0.003098546294
v 0.005768796429 0.009309630841 0.003098546527
v 0.005800771061 -0.008098709397 0.003589268774
v 0.00580462208 0.0045796372 0.02649524063
v 0.005804625805 -0.004982016049 0.02649524435
v 0.005820531864 -0.007189955097 0.0005789184943
v 0.005820532329 0.006787577644 0.0005789166898
v 0.005831026006 0.00767097529 0.003577291034
v 0.005842770915 -0.008792727254 0.008502230048
v 0.005842771847 0.008390350267 0.008502237499
v 0.005851522088 0.008058576845 0.01815851033
v 0.005851523485 -0.008460953832 0.01815850474
v 0.005935270805 0.002719147597 0.02756380476
v 0.005935271736 -0.003121527378 0.02756380476
v 0.005937375594 0.0038819334 0.0004827740195
v 0.005937377922 -0.004284312483 0.0004827753583
v 0.00594211556 0.009325961582 0.006499626674
v 0.00594214024 -0.009728333913 0.00650003273
v 0.00597551465 0.007024478167 0.0220830217
v 0.005975516047 -0.007426861208 0.02208302356
v 0.005998376291 0.004341507796 0.02157495171
v 0.005999498535 -0.004742380697 0.02157348022
v 0.006015019957 0.008199856617 0.01684638858
v 0.006015019957 -0.00860223826 0.01684639044
v 0.006024881266 -0.008613937534 0.01674925163
v 0.006034156773 0.009271439165 0.00804230012
v 0.006034156773 -0.009673816152 0.00804230012
v 0.006054439116 0.007043988444 0.0008376206388
v 0.006054440979 -0.007446370088 0.0008376216283
v 0.006074486766 -0.002273056889 0.0276645869
v 0.006074488163 0.001870681648 0.02766458876
v 0.006102585234 -0.004386031069 0.0008225036436
v 0.006102586631 0.00398365315 0.0008225037018
v 0.006108550355 -0.004595346749 0.0215710029
v 0.006116850302 0.004181482363 0.02157220803
v 0.006117628887 0.003741467604 0.02673162892
v 0.006117632147 -0.004143846221 0.02673163265
v 0.006128120236 0.007421013433 0.003523121355
v 0.006128120236 -0.007823395543 0.003523125546
v 0.006130352151 0.009138412774 0.009853948839
v 0.006130371243 -0.009540759958 0.009854282252
v 0.006136510987 0.009125037119 0.009991615079
v 0.006140933372 0.0008762017242 0.02775616571
v 0.006140933838 -0.001278582029 0.02775616385
v 0.00615494838 -0.0007416073931 0.0277806595
v 0.006154951639 0.0003392271756 0.0277806595
v 0.006155026145 0.008449743502 0.01497558132
v 0.006155028939 -0.008852124214 0.01497558225
v 0.00616739504 0.008150945418 0.008495468646
v 0.0061673983 -0.008553325199 0.008495467715
v 0.006192797329 -0.009325118735 0.01170669775
v 0.006192797795 0.008922743611 0.01170669962
v 0.006199046504 0.006146667525 0.02375780419
v 0.006199046504 -0.006549051031 0.02375780791
v 0.006202873308 -0.009106417187 0.01324774139
v 0.006202875637 0.008704080246 0.01324744523
v 0.006206240505 -0.006212036591 0.0004771693202
v 0.006206242368 0.005809659604 0.0004771708918
v 0.006271910388 -0.003951187246 0.00936492905
v 0.006271914579 0.003548809327 0.009364926256
v 0.00628743181 0.005080198403 0.02522897534
v 0.006287435535 -0.005482574925 0.02522897348
v 0.006361724343 0.003131207079 0.0004739254364
v 0.006361724809 -0.003533584531 0.0004739218275
v 0.006409578025 -0.007607887033 0.02038188092
v 0.006409578957 0.007205510978 0.0203818772
v 0.006485802121 0.008607478812 0.002563287271
v 0.006520897616 -0.006496254355 0.0005643178592
v 0.006520899013 0.006093876902 0.0005643168697
v 0.006525870878 -0.003951013554 0.021561509
v 0.00652587926 0.003548620734 0.02156271599
v 0.006537505426 -0.003616602859 0.0008134371601
v 0.006537507754 0.003214225639 0.0008134357049
v 0.006555991713 0.008768035099 0.002847655909
v 0.006567853037 0.008843930438 0.003172750818
v 0.006607582793 0.003403387265 0.02156080864
v 0.006643213332 -0.00373997842 0.02155883424
v 0.006689124741 -0.006792818196 0.02215710096
v 0.006689125206 0.006390437949 0.02215710655
v 0.006689714268 -0.0002011930337 0.02712685987
v 0.006697663106 0.002336954931 0.0004669236951
v 0.006697664037 -0.002739334246 0.0004669209593
v 0.006705723703 -0.003071314655 0.009355885908
v 0.006705724169 0.002668935573 0.009355886839
v 0.006708077155 0.002981184516 0.02631860226
v 0.006708077621 -0.003383560572 0.02631860785
v 0.006780499592 0.006324837916 0.0008224850753
v 0.006780502852 -0.006727218628 0.0008224844933
v 0.006787111983 -0.005846886896 0.0238016285
v 0.006787112914 0.005444505252 0.02380162664
v 0.006799357478 -0.0077305343 0.01864305697
v 0.006799357943 0.007328157313 0.01864305884
v 0.006801627111 -0.005482980981 0.0004647577298
v 0.006801627576 0.005080600735 0.0004647579917
v 0.006881813053 -0.002802565694 0.0008062606794
v 0.006881813984 0.002400187077 0.0008062617853
v 0.006912322249 0.00431607198 0.02495635115
v 0.006912324112 -0.004718449432 0.02495635301
v 0.006940802094 -0.001911929692 0.0004618532839
v 0.006940803491 0.001509551192 0.000461856398
v 0.006965978537 0.002653665841 0.0215524137
v 0.006966819521 -0.003054020694 0.02155146375
v 0.006997791585 0.002575127408 0.02155166492
v 0.007021002006 -0.002142330864 0.009349313565
v 0.007021003403 0.001739952946 0.009349314496
v 0.007058948278 -0.002818865469 0.02154936269
v 0.00708796829 0.0006598049658 0.0004587869626
v 0.007087969221 -0.001062183874 0.0004587853036
v 0.007089872845 0.001983122202 0.0261922311
v 0.007089873776 -0.002385502448 0.02619222924
v 0.007103123236 0.008179380558 0.00262805284
v 0.007106754463 0.007474270184 0.01688267849
v 0.007106754929 -0.007876651362 0.01688268036
v 0.00713101076 -0.001954549924 0.0008010636084
v 0.007131012157 0.001552172005 0.0008010676247
v 0.007137240376 -0.0002011896868 0.0004577602958
v 0.007144435775 0.005330345593 0.0005513231736
v 0.007144438569 -0.005732726771 0.0005513205542
v 0.007185651455 -0.006908254232 0.02045546658
v 0.007185651921 0.006505874917 0.02045547031
v 0.007197805215 -0.008512000553 0.002639332088
v 0.00720251631 -0.007645350881 0.008473889902
v 0.007202516776 0.007242972031 0.008473889902
v 0.007212352008 0.0007777583087 0.009345327504
v 0.007212355733 -0.001180137508 0.009345325641
v 0.007236986887 -0.008953843266 0.006625912618
v 0.007236989681 0.008551465347 0.006625913084
v 0.007275082637 -0.002142293379 0.02154444531
v 0.007276504301 -0.0002011898032 0.009343988262
v 0.007281692233 -0.008665707894 0.002922550309
v 0.007281843107 -0.001083632931 0.0007979190559
v 0.007281843573 0.0006812542561 0.0007979194634
v 0.007282909006 0.001710416283 0.02154489979
v 0.007301168982 -0.008740280755 0.003246446606
v 0.007309099194 0.007689740509 0.0151170874
v 0.007309100591 -0.008092118427 0.0151170874
v 0.007317045238 0.004292951897 0.0004540149239
v 0.007317045704 -0.004695330746 0.0004540123045
v 0.007324350998 -0.001948125311 0.02154332399
v 0.007325798739 0.005629485473 0.0222095456
v 0.007325801533 -0.006031861994 0.02220954373
v 0.007332340814 -0.0002011896577 0.0007968671853
v 0.007364793681 0.0009075975977 0.02608016692
v 0.00736479694 -0.00130997831 0.0260801632
v 0.007379804272 -0.004960321821 0.02375482954
v 0.007391558494 0.003291834844 0.02495987527
v 0.007391560357 -0.00369421416 0.02495987713
v 0.007391935214 0.006134004798 0.003496775404
v 0.007391937077 -0.006536386907 0.003496777266
v 0.007408902049 0.004568910692 0.02367749438
v 0.007416770328 -0.008780958131 0.009957679547
v 0.007416771259 0.008378577419 0.009957682341
v 0.007417678833 -0.008343750611 0.01336316206
v 0.007417682093 0.007941375487 0.01336316206
v 0.007426914759 0.005533291027 0.0008090122719
v 0.007426914759 -0.005935671274 0.0008090107003
v 0.007446201053 0.0003551378904 0.02604041994
v 0.007446201984 -0.0007575149648 0.02604042366
v 0.007448298391 0.008185467683 0.01163784694
v 0.007448301185 -0.008587848395 0.01163784787
v 0.007460309193 0.0008237487637 0.02154059708
v 0.007467424497 -0.001173218596 0.02154009417
v 0.007476120256 -0.0002011926117 0.02602449059
v 0.007482225541 -0.001052392297 0.02153976448
v 0.007529560011 -6.988872337e-05 0.02153880522
v 0.007530711126 -0.0002011903125 0.02153876424
v 0.007535071578 0.005955007393 0.003493793774
v 0.007535157725 -0.006357277744 0.003493795637
v 0.00764426589 0.006574912462 0.01869000681
v 0.007644266356 -0.006977291312 0.01869000308
v 0.007684226148 0.004505453631 0.0005400729715
v 0.007684227079 -0.004907832947 0.0005400730297
v 0.007698502392 -0.00505650416 0.02289254963
v 0.007698503789 0.004654128104 0.02289254963
v 0.007731825579 0.007670267951 0.002693568822
v 0.007746777963 -0.003857824951 0.0004450547276
v 0.007746781223 0.003455447964 0.0004450525157
v 0.007828009315 0.007815510966 0.002975926967
v 0.007855193689 0.007886567153 0.00329887378
v 0.007870269008 -0.006097624078 0.02049415
v 0.007870270871 0.005695247557 0.02049415372
v 0.007911888883 0.002185164019 0.02471373416
v 0.007911890745 -0.002587545896 0.02471373044
v 0.007986507379 -0.00508051319 0.0007973491447
v 0.007986507379 0.004678136203 0.0007973493193
v 0.00801070407 -0.0002011934703 0.02517704107
v 0.008020693436 -0.00708167674 0.01689778641
v 0.008020695299 0.006679302081 0.01689778827
v 0.008026552387 -0.003934912849 0.02347507328
v 0.008026554249 0.00353253074 0.02347507887
v 0.008054401726 0.00627982989 0.008456130512
v 0.008086065762 0.002577383071 0.0004379806342
v 0.008086067624 -0.002979764016 0.0004379811871
v 0.008110290393 0.00620762771 0.008454963565
v 0.008110291325 -0.006610008422 0.008454964496
v 0.0081342794 -0.004030727316 0.0005306876847
v 0.008134280331 0.003628349165 0.0005306888488
v 0.008286963217 -0.007266350091 0.01510945242
v 0.008286964148 0.006863971706 0.01510945428
v 0.008297921158 -0.001410411205 0.02449708804
v 0.008297924884 0.001008032123 0.02449708991
v 0.00831795577 -0.007509209216 0.002747948281
v 0.008331135847 -0.002070874441 0.0004328752402
v 0.008331136778 0.001668494893 0.0004328752693
v 0.008358694613 0.007642353885 0.006599984597
v 0.008358695544 -0.008044731803 0.006599987857
v 0.008377118967 0.005720855203 0.01870513521
v 0.00837712083 -0.006123230327 0.01870513335
v 0.008409390226 0.0004054144083 0.02442895807
v 0.008428966627 -0.007641806267 0.003029235173
v 0.008450932801 -0.007495274767 0.01334148832
v 0.008450936526 0.007092895452 0.01334148645
v 0.008453073911 0.003768851981 0.000787619967
v 0.008453074843 -0.004171230365 0.0007876224699
v 0.008465960622 -0.007706618402 0.003350970102
v 0.008479275741 -0.001141245477 0.0004297876731
v 0.008479275741 0.0007388671511 0.0004297825217
v 0.008489607833 -0.003111143596 0.000523280527
v 0.008489607833 0.002708766842 0.0005232812255
v 0.008522571065 -0.007898982614 0.009924639016
v 0.008522571996 0.007496605162 0.00992464181
v 0.008525240235 -0.007721653208 0.01160848327
v 0.008525242098 0.007319275755 0.01160848234
v 0.008528836071 -0.0002011888573 0.000428750529
v 0.008608923294 0.002357038902 0.02319458686
v 0.008608924225 -0.002759415423 0.02319458686
v 0.008623096161 -0.005135698244 0.02014392428
v 0.008623100817 0.004733318929 0.02014392428
v 0.008626453578 -0.00461731758 0.003471046686
v 0.008626456372 0.004214941058 0.003471043659
v 0.008636520244 0.003636606969 0.02186644264
v 0.008636521176 -0.004038983025 0.02186643891
v 0.008692863397 0.004077349789 0.003469662508
v 0.008692923002 -0.004479600582 0.003469661577
v 0.008746267296 -0.002159280004 0.0005179327563
v 0.008746267296 0.001756900339 0.0005179325235
v 0.008803032339 0.005785180721 0.0168921221
v 0.00880303327 -0.006187555846 0.01689212024
v 0.008818767034 0.006539513823 0.002787635662
v 0.008821437135 -0.003217905294 0.0007799429586
v 0.008821438067 0.002815528773 0.0007799438899
v 0.008825924248 -0.006930859759 0.002786777681
v 0.008875188418 -0.005465005059 0.008439021185
v 0.00887519028 0.00506262714 0.008439023048
v 0.008901410736 -0.001185696106 0.0005146989715
v 0.008901410736 0.0007833179552 0.0005146983895
v 0.008943221532 0.006658256054 0.003067770042
v 0.008953316137 -0.0002011870238 0.0005136179389
v 0.00898954086 0.006715585943 0.00338817318
v 0.009041376412 0.001098032575 0.02294735424
v 0.009041380137 -0.00150041189 0.02294735424
v 0.009087514132 -0.002231119899 0.0007743968745
v 0.009087514132 0.00182874233 0.0007743980386
v 0.00911254622 -0.00696113985 0.003393936669
v 0.009119488299 0.005931553897 0.0150937289
v 0.00911948923 -0.006333934143 0.01509372611
v 0.00915716216 -0.0002011911129 0.02296131849
v 0.009165965952 0.0004509316641 0.02286995202
v 0.009207241237 0.00364940986 0.02016707137
v 0.009207244962 -0.004051791038 0.02016707137
v 0.009230266325 0.002430739347 0.02161018923
v 0.009230268188 -0.002833117731 0.02161019109
v 0.009248348884 -0.001221816172 0.0007710401551
v 0.009248349816 0.0008194370312 0.0007710447535
v 0.009273284115 0.004303100053 0.008430720307
v 0.009273347445 -0.004705345724 0.008430723101
v 0.009302160703 -0.0002011885663 0.0007699222188
v 0.009314307943 -0.006269807927 0.002814842854
v 0.009324575774 -0.006993218791 0.006611500867
v 0.009324575774 0.00659083901 0.006611501332
v 0.009330507368 -0.006527517457 0.01332437806
v 0.00933050923 0.006125140004 0.01332437433
v 0.009393857792 -0.002468286315 0.003455051687
v 0.009393857792 0.002065905835 0.003455051221
v 0.009410880506 0.001991470577 0.003454694292
v 0.009410908446 -0.002393708797 0.003454693127
v 0.009444450028 -0.006723070517 0.01159525011
v 0.009444452822 0.006320693064 0.0115952529
v 0.009451877326 -0.006371346302 0.003093416337
v 0.009467515163 -0.005158976652 0.0170115009
v 0.009467515163 0.004756594542 0.01701150462
v 0.009469763376 -0.006875645835 0.009917197749
v 0.009469764307 0.006473264191 0.009917193092
v 0.009484123439 -0.004229938146 0.008426330052
v 0.009484123439 0.003827562556 0.008426330052
v 0.009507467039 -0.006418904755 0.003412049264
v 0.009654173627 -0.0002011169854 0.003449622309
v 0.009666833095 0.001136557199 0.02138494514
v 0.009666836821 -0.001538935467 0.02138493955
v 0.009702166542 -0.005640762858 0.002827785909
v 0.009702168405 0.005238385405 0.002827787772
v 0.009718533605 0.003633981571 0.01841495559
v 0.009718534537 -0.00403636042 0.01841495
v 0.009780845605 -0.002839000896 0.0199725721
v 0.009780845605 0.002436624607 0.01997256838
v 0.009849081747 0.005324706435 0.003104547039
v 0.009849084541 -0.005727088545 0.003104544943
v 0.009911406785 -0.005766183604 0.003421116387
v 0.009911408648 0.005363803357 0.003421116387
v 0.009926673956 -0.002925940091 0.00841710344
v 0.009926677682 0.002523561707 0.008417100646
v 0.009932959452 0.004803600255 0.002831191756
v 0.009992106818 -0.005354969762 0.01409543306
v 0.00999210868 0.00495258905 0.01409543492
v 0.01002918649 0.00210716133 0.008414966986
v 0.01002921909 -0.002509398619 0.008414966986
v 0.0100846719 0.004880287219 0.003106461372
v 0.01008681487 -0.004884521477 0.002832241589
v 0.01008685213 0.004482062068 0.002832240891
v 0.01015030406 -0.004055290483 0.01664792746
v 0.01015030406 0.003652909771 0.01664792374
v 0.01015053503 0.00491423998 0.003421347355
v 0.01016699243 -0.0002011912584 0.02033071592
v 0.01019523107 0.001138880616 0.01980297081
v 0.01019523479 -0.001541263424 0.01980296709
v 0.01019527297 0.001172941178 0.008411506191
v 0.01019527484 -0.001575322938 0.008411501534
v 0.01020961069 -0.005784509238 0.007775831968
v 0.01020961162 0.005382128526 0.007775832899
v 0.01026253961 -0.005649982486 0.01079050638
v 0.01026253961 0.005247602705 0.01079050545
v 0.01027330291 0.005316405557 0.009710927494
v 0.01027418859 -0.005705089308 0.009960052557
v 0.01028532069 -0.000201191302 0.008409628645
v 0.01031278819 -0.0008738706238 0.01975006051
v 0.01031278819 0.0004714927927 0.01975006051
v 0.01035463531 -0.0002011912147 0.01973041892
v 0.01039455086 -0.004137162119 0.002831028076
v 0.01048874669 -0.004137380514 0.01489387732
v 0.01048874948 0.003735000035 0.01489387639
v 0.01052051783 0.004090446047 0.003415526589
v 0.01053118985 0.003339894349 0.002828895347
v 0.01055403892 -0.004193651956 0.003102140734
v 0.01062608138 -0.004217676818 0.003412293736
v 0.01066142507 0.002428119769 0.01660884731
v 0.01066142786 -0.002830501646 0.01660884358
v 0.01069243532 0.003389859805 0.003098418703
v 0.01073064283 -0.004254634026 0.01316395495
v 0.01073064283 0.003852256108 0.01316395402
v 0.01076318696 -0.00451693777 0.006511198822
v 0.01076318696 0.004114556126 0.006511195563
v 0.01076604147 0.003410929814 0.003406766802
v 0.01083637029 0.002193630673 0.002819693647
v 0.01084897574 -0.002535242587 0.002819157904
v 0.01087378059 0.003971210215 0.01146768592
v 0.01087378152 -0.004373592325 0.01146768965
v 0.01091642119 0.004059121478 0.009813570417
v 0.01091642305 -0.004461497534 0.009813566692
v 0.01094555017 0.001595791546 0.002814491512
v 0.01096694265 0.002715411596 0.003395980224
v 0.01098538376 0.002480578609 0.01491608191
v 0.0109853847 -0.002882954665 0.01491608284
v 0.01101248246 0.001131441095 0.01657750644
v 0.01101248711 -0.001533818198 0.01657750644
v 0.01101305801 -0.002567233518 0.003084190655
v 0.01106755249 -0.0008197694551 0.002806779696
v 0.01107697561 -0.0002011920442 0.01688048057
v 0.0110837901 -0.0002011887409 0.002805477241
v 0.01108968817 -0.002580694389 0.003387392964
v 0.01110907737 -0.0008697508019 0.01656809635
v 0.01110907923 0.0004673701769 0.01656810008
v 0.01111005433 0.001620367635 0.003077869769
v 0.01118738297 0.001630811719 0.003379178699
v 0.01122340281 0.002558435313 0.01323311031
v 0.0112234056 -0.002960810903 0.0132331131
v 0.01123210974 -0.0008283789502 0.003067763522
v 0.01123679522 -0.001675735344 0.00337442779
v 0.0112482775 -0.0002011888282 0.00306608621
v 0.01125151105 -0.003135489533 0.006663720589
v 0.01125151105 0.002733108355 0.006663725711
v 0.01131009124 -0.0008321997593 0.003366322257
v 0.01131855138 0.001156984828 0.01493775845
v 0.0113185551 -0.001559366239 0.01493775751
v 0.01132630836 -0.0002011880279 0.003364227246
v 0.0113681145 0.002638271544 0.0115714306
v 0.01136811543 -0.003040650859 0.01157142874
v 0.01141266525 0.002697166288 0.009941488504
v 0.01141266618 -0.003099543974 0.009941491298
v 0.01154789235 -0.0015981982 0.01329438202
v 0.01154789235 0.001195821911 0.01329438295
v 0.01156210434 -0.001685478725 0.006790543906
v 0.01156210527 0.001283098944 0.006790546235
v 0.01161885448 -0.0002011904289 0.0137062734
v 0.0116647929 -0.0002011906909 0.01332080085
v 0.01168933138 -0.001638275571 0.01166111138
v 0.01168933418 0.00123589742 0.01166111138
v 0.01173057687 -0.0002011882752 0.007560048718
v 0.01173225138 -0.001667810953 0.01005058829
v 0.01173225138 0.00126543059 0.01005058829
v 0.01184342522 -0.0002011913894 0.0105899442
v 0.01184539497 -0.0002011882898 0.01009676047
f 3540 3546 3511
f 3621 3589 3606
f 3606 3589 3519
f 3589 3573 3519
f 3519 3573 3568
f 3519 3568 3511
f 3511 3568 3542
f 3511 3542 3540
f 3731 3705 3712
f 3712 3705 3681
f 3712 3681 3606
f 3606 3681 3632
f 3606 3632 3621
f 3883 3896 3712
f 3712 3896 3789
f 3712 3789 3731
f 4049 4014 4083
f 4083 4014 4108
f 4049 4011 4014
f 4014 4011 3994
f 4014 3994 3883
f 3883 3994 3921
f 3883 3921 3896
f 4164 4136 4198
f 4198 4136 4130
f 4198 4130 4108
f 4108 4130 4088
f 4108 4088 4083
f 4216 4195 4179
f 4198 4221 4216
f 4216 4179 4198
f 4198 4179 4173
f 4198 4173 4164
f 571 563 230
f 1360 1269 1423
f 1423 1269 1268
f 1423 1268 1345
f 1070 715 1268
f 1268 715 1223
f 1268 1223 1345
f 1070 757 715
f 715 757 723
f 715 723 622
f 1666 1799 1461
f 1461 1799 1607
f 1461 1607 1423
f 1423 1607 1513
f 1423 1513 1360
f 1666 1693 1799
f 1799 1693 1835
f 1799 1835 1910
f 1910 1835 1973
f 2235 2234 2215
f 2215 2234 2232
f 2215 2232 2229
f 2229 2226 2215
f 2215 2226 2221
f 2215 2221 2150
f 2218 2223 2215
f 2215 2223 2231
f 2215 2231 2235
f 2150 2184 2215
f 2215 2184 2210
f 2215 2210 2218
f 1835 1890 1973
f 1973 1890 1978
f 1973 1978 2150
f 2150 1978 2053
f 2150 2053 2184
f 319 353 622
f 353 387 622
f 622 387 615
f 622 615 715
f 230 251 571
f 571 251 284
f 571 284 622
f 622 284 308
f 622 308 319
f 2288 2285 2181
f 1971 1899 1874
f 1874 1899 1820
f 1874 1820 1786
f 1786 1820 1673
f 1673 1820 1668
f 1673 1668 1511
f 1511 1668 1481
f 1511 1481 1381
f 1381 1481 1321
f 1381 1321 1131
f 603 564 597
f 603 597 743
f 396 391 388
f 564 603 413
f 413 603 396
f 413 396 394
f 394 396 388
f 394 388 375
f 562 457 521
f 521 457 409
f 521 409 395
f 2266 2261 2167
f 2167 2261 1979
f 2288 2181 2289
f 2180 2164 2286
f 2286 2164 2267
f 2164 2148 2267
f 2267 2148 2116
f 2267 2116 2252
f 2252 2116 2146
f 2252 2146 2236
f 1129 1417 1214
f 1214 1417 1402
f 1214 1130 1129
f 1129 1130 761
f 1129 761 676
f 676 761 686
f 686 562 676
f 676 562 521
f 676 521 470
f 470 521 395
f 470 395 391
f 1949 1976 1867
f 1867 1976 1878
f 1867 1878 1733
f 1733 1878 1759
f 1733 1759 1527
f 1527 1759 1550
f 1527 1550 1356
f 1356 1550 1379
f 1356 1379 1092
f 597 665 743
f 743 665 932
f 743 932 973
f 973 932 1131
f 973 1131 1343
f 1343 1131 1321
f 1343 1321 1506
f 1506 1321 1481
f 1506 1481 1704
f 1704 1481 1668
f 1704 1668 1848
f 1848 1668 1820
f 1848 1820 1925
f 1925 1820 1899
f 1925 1949 1848
f 1848 1949 1867
f 1848 1867 1704
f 1704 1867 1733
f 1704 1733 1506
f 1506 1733 1527
f 1506 1527 1343
f 1343 1527 1356
f 1343 1356 973
f 973 1356 1092
f 973 1092 743
f 743 1092 801
f 743 801 603
f 603 801 646
f 603 646 396
f 1753 1772 1815
f 1815 1772 1879
f 1815 1879 1979
f 1979 1879 1970
f 1979 1970 2167
f 2167 1970 2181
f 2167 2181 2266
f 2266 2181 2285
f 1772 1776 1879
f 1879 1776 1884
f 1879 1884 1970
f 1970 1884 1989
f 1970 1989 2181
f 2181 1989 2183
f 2181 2183 2289
f 1402 1417 1510
f 1510 1417 1575
f 1510 1575 1522
f 1753 1522 1772
f 1772 1522 1575
f 1772 1575 1776
f 1776 1575 1774
f 1776 1774 1884
f 1884 1774 1883
f 1884 1883 1989
f 1989 1883 1993
f 1989 1993 2183
f 2183 1993 2180
f 2183 2180 2289
f 2289 2180 2286
f 391 396 470
f 470 396 646
f 470 646 676
f 676 646 801
f 676 801 1129
f 1129 801 1092
f 1129 1092 1417
f 1417 1092 1379
f 1417 1379 1575
f 1575 1379 1550
f 1575 1550 1774
f 1774 1550 1759
f 1774 1759 1883
f 1883 1759 1878
f 1883 1878 1993
f 1993 1878 1976
f 1993 1976 2180
f 2180 1976 1949
f 2180 1949 2164
f 2164 1949 1925
f 2164 1925 2148
f 2148 1925 1899
f 2148 1899 2116
f 2116 1899 1971
f 2116 1971 2146
f 777 772 1629
f 96 221 250
f 96 250 148
f 148 250 285
f 148 285 233
f 285 307 233
f 233 307 310
f 233 310 234
f 1629 772 1465
f 1465 772 672
f 1465 672 1449
f 1449 672 1280
f 1280 672 514
f 1280 514 1265
f 1265 514 460
f 1265 460 918
f 918 460 386
f 918 386 705
f 705 386 320
f 705 320 531
f 531 320 309
f 531 309 355
f 355 309 305
f 355 305 310
f 310 305 260
f 310 260 234
f 1629 1651 777
f 777 1651 1843
f 777 1843 1093
f 1093 1843 1907
f 1093 1907 1185
f 1185 1907 1980
f 1185 1980 1211
f 1211 1980 2182
f 1211 2182 1216
f 1216 2182 2236
f 1216 2236 1201
f 1201 2236 2146
f 1201 2146 1168
f 1168 2146 1971
f 1168 1971 1082
f 1082 1971 1874
f 1082 1874 947
f 947 1874 1786
f 947 1786 921
f 921 1786 1673
f 921 1673 783
f 783 1673 1511
f 783 1511 625
f 625 1511 1381
f 625 1381 512
f 512 1381 1131
f 512 1131 351
f 351 1131 932
f 351 932 315
f 315 932 665
f 315 665 280
f 280 665 597
f 280 597 258
f 258 597 564
f 258 564 240
f 240 564 413
f 240 413 166
f 166 413 394
f 166 394 152
f 152 394 375
f 152 375 95
f 547 655 269
f 223 221 96
f 251 230 225
f 96 98 223
f 223 98 100
f 223 100 225
f 225 100 111
f 225 111 251
f 251 111 133
f 251 133 284
f 284 133 153
f 284 153 308
f 308 153 231
f 308 231 319
f 319 231 261
f 319 261 353
f 352 615 321
f 321 615 387
f 353 261 387
f 387 261 304
f 387 304 321
f 1835 1693 821
f 821 1693 1666
f 821 1666 737
f 737 1666 1461
f 737 1461 668
f 668 1461 1423
f 668 1423 558
f 558 1423 1345
f 558 1345 397
f 397 1345 1223
f 397 1223 352
f 352 1223 715
f 352 715 615
f 821 1032 1835
f 1835 1032 1058
f 1835 1058 1890
f 1890 1058 1145
f 1208 2184 1194
f 1194 2184 2053
f 1194 2053 1145
f 1145 2053 1978
f 1145 1978 1890
f 1086 1887 1208
f 1208 1887 2029
f 1208 2029 2184
f 518 1523 778
f 778 1523 1611
f 778 1611 942
f 942 1611 1773
f 942 1773 1086
f 1086 1773 1829
f 1086 1829 1887
f 780 957 311
f 311 957 1090
f 311 1090 390
f 390 1090 1260
f 390 1260 518
f 518 1260 1372
f 518 1372 1523
f 269 655 311
f 311 655 728
f 311 728 780
f 269 255 547
f 547 255 235
f 547 235 402
f 402 235 158
f 402 158 382
f 382 158 151
f 382 151 378
f 378 151 95
f 378 95 375
f 402 404 630
f 1965 1951 1881
f 2229 2232 1966
f 391 395 486
f 2221 2226 2089
f 2089 2226 1950
f 2089 1950 1916
f 1916 1950 1885
f 1916 1885 1842
f 1842 1885 1802
f 1842 1802 1721
f 1721 1802 1634
f 1721 1634 1563
f 1563 1634 1459
f 1563 1459 1336
f 1336 1459 1206
f 1155 1202 897
f 897 1202 916
f 897 916 714
f 538 567 530
f 530 567 578
f 530 578 714
f 714 578 696
f 714 696 897
f 538 530 485
f 485 530 409
f 485 409 457
f 402 382 404
f 404 382 378
f 404 378 388
f 388 378 375
f 2210 2184 2029
f 2210 2029 1891
f 2234 2235 1965
f 1965 2235 2231
f 1965 2231 1951
f 1951 2231 2223
f 2226 2229 1950
f 1950 2229 1966
f 1950 1966 1885
f 1885 1966 1889
f 1885 1889 1802
f 1802 1889 1807
f 1802 1807 1634
f 1634 1807 1637
f 1634 1637 1459
f 1260 1358 1372
f 1372 1358 1528
f 1387 1595 1562
f 1562 1595 1780
f 1562 1780 1751
f 1751 1780 1870
f 1751 1870 1852
f 1852 1870 1929
f 1852 1929 1913
f 1913 1929 2218
f 1595 1796 1780
f 1780 1796 1881
f 1780 1881 1870
f 1870 1881 1951
f 1870 1951 1929
f 1929 1951 2223
f 1929 2223 2218
f 2029 1887 1891
f 1891 1887 1829
f 1891 1829 1828
f 1828 1829 1773
f 1828 1773 1710
f 1710 1773 1611
f 1710 1611 1528
f 1528 1611 1523
f 1528 1523 1372
f 1090 957 1041
f 1041 957 780
f 1041 780 728
f 1387 1041 1096
f 1096 1041 728
f 1096 728 794
f 794 728 655
f 794 655 630
f 630 655 547
f 630 547 402
f 388 391 404
f 404 391 486
f 404 486 630
f 630 486 675
f 630 675 794
f 794 675 881
f 794 881 1096
f 1096 881 1163
f 1096 1163 1387
f 1387 1163 1437
f 1387 1437 1595
f 1595 1437 1614
f 1595 1614 1796
f 1637 1457 1459
f 1459 1457 1202
f 1459 1202 1206
f 1206 1202 1155
f 1206 1155 1336
f 2218 2210 1913
f 1913 2210 1891
f 1913 1891 1852
f 1852 1891 1828
f 1852 1828 1751
f 1751 1828 1710
f 1751 1710 1562
f 1562 1710 1528
f 1562 1528 1387
f 1387 1528 1358
f 1387 1358 1041
f 1041 1358 1260
f 1041 1260 1090
f 2232 2234 1966
f 1966 2234 1965
f 1966 1965 1889
f 1889 1965 1881
f 1889 1881 1807
f 1807 1881 1796
f 1807 1796 1637
f 1637 1796 1614
f 1637 1614 1457
f 1457 1614 1437
f 1457 1437 1202
f 1202 1437 1163
f 1202 1163 916
f 916 1163 881
f 916 881 714
f 714 881 675
f 714 675 530
f 530 675 486
f 530 486 409
f 409 486 395
f 121 145 169
f 137 128 109
f 109 128 76
f 138 163 145
f 140 102 82
f 226 218 167
f 167 218 189
f 167 189 118
f 259 270 226
f 226 270 249
f 226 249 218
f 246 271 265
f 265 271 281
f 265 281 259
f 259 281 274
f 259 274 270
f 183 215 246
f 246 215 264
f 246 264 271
f 88 136 131
f 131 136 150
f 131 150 183
f 183 150 205
f 183 205 215
f 128 99 76
f 76 99 97
f 76 97 88
f 88 97 114
f 88 114 136
f 137 109 178
f 178 109 157
f 178 157 193
f 193 157 170
f 193 170 217
f 217 170 239
f 217 239 257
f 257 239 272
f 272 239 262
f 272 262 278
f 278 262 279
f 279 262 263
f 279 263 273
f 273 263 238
f 273 238 256
f 145 163 169
f 169 163 191
f 169 191 216
f 106 138 117
f 117 138 145
f 117 145 91
f 91 145 121
f 91 121 69
f 149 238 203
f 203 238 263
f 203 263 245
f 245 263 262
f 245 262 244
f 244 262 239
f 244 239 204
f 204 239 170
f 204 170 154
f 154 170 157
f 154 157 139
f 139 157 109
f 139 109 84
f 84 109 76
f 84 76 52
f 52 76 88
f 52 88 66
f 66 88 131
f 66 131 110
f 110 131 183
f 110 183 162
f 162 183 246
f 162 246 214
f 214 246 265
f 214 265 247
f 247 265 259
f 247 259 241
f 241 259 226
f 241 226 192
f 192 226 167
f 192 167 147
f 147 167 118
f 147 118 93
f 94 106 83
f 83 106 117
f 83 117 55
f 55 117 91
f 55 91 29
f 29 91 69
f 29 69 20
f 101 149 134
f 134 149 203
f 134 203 184
f 184 203 245
f 184 245 228
f 228 245 244
f 228 244 227
f 227 244 204
f 227 204 185
f 185 204 154
f 185 154 135
f 135 154 139
f 135 139 120
f 120 139 84
f 120 84 65
f 65 84 52
f 65 52 27
f 27 52 66
f 27 66 41
f 41 66 110
f 41 110 89
f 89 110 162
f 89 162 146
f 146 162 214
f 146 214 195
f 195 214 247
f 195 247 232
f 232 247 241
f 232 241 219
f 219 241 192
f 219 192 175
f 175 192 147
f 175 147 132
f 132 147 93
f 132 93 70
f 62 101 92
f 92 101 134
f 92 134 124
f 124 134 184
f 124 184 176
f 176 184 228
f 176 228 212
f 212 228 227
f 212 227 211
f 211 227 185
f 211 185 177
f 177 185 135
f 177 135 126
f 126 135 120
f 126 120 113
f 113 120 65
f 113 65 48
f 48 65 27
f 48 27 14
f 14 27 41
f 14 41 26
f 26 41 89
f 26 89 75
f 75 89 146
f 75 146 141
f 141 146 195
f 141 195 186
f 186 195 232
f 186 232 220
f 220 232 219
f 220 219 206
f 206 219 175
f 206 175 168
f 168 175 132
f 168 132 122
f 122 132 70
f 122 70 64
f 34 20 62
f 62 20 69
f 62 69 101
f 101 69 121
f 101 121 149
f 149 121 169
f 149 169 238
f 238 169 216
f 238 216 256
f 34 13 20
f 20 13 17
f 20 17 29
f 29 17 28
f 29 28 55
f 55 28 54
f 55 54 83
f 83 54 82
f 83 82 94
f 94 82 102
f 13 12 17
f 17 12 64
f 17 64 28
f 28 64 70
f 28 70 54
f 54 70 93
f 54 93 82
f 82 93 118
f 82 118 140
f 140 118 189
f 12 36 64
f 64 36 57
f 64 57 122
f 122 57 123
f 122 123 168
f 168 123 171
f 168 171 206
f 206 171 213
f 206 213 220
f 220 213 229
f 220 229 186
f 186 229 190
f 186 190 141
f 141 190 144
f 141 144 75
f 75 144 72
f 75 72 26
f 72 35 26
f 26 35 23
f 26 23 14
f 14 23 8
f 14 8 48
f 48 8 46
f 48 46 113
f 113 46 112
f 113 112 126
f 126 112 127
f 126 127 177
f 177 127 182
f 177 182 211
f 211 182 222
f 211 222 212
f 212 222 224
f 212 224 176
f 176 224 181
f 176 181 124
f 124 181 125
f 124 125 92
f 92 125 90
f 92 90 62
f 62 90 56
f 62 56 34
f 892 662 393
f 306 370 222
f 11 7 8
f 11 8 21
f 21 8 23
f 21 23 33
f 33 23 35
f 33 35 50
f 50 35 73
f 73 35 72
f 73 72 155
f 155 72 188
f 188 72 144
f 188 144 209
f 144 190 209
f 209 190 229
f 209 229 282
f 282 229 303
f 213 392 229
f 229 392 354
f 229 354 303
f 621 749 482
f 482 749 928
f 482 928 1059
f 1059 1062 482
f 482 1062 976
f 482 976 898
f 898 660 482
f 482 660 574
f 482 574 392
f 171 208 213
f 213 208 248
f 213 248 392
f 392 248 318
f 392 318 482
f 482 318 532
f 482 532 621
f 171 123 208
f 208 123 57
f 208 57 119
f 119 57 36
f 12 32 36
f 36 32 51
f 36 51 119
f 34 30 13
f 13 30 5
f 13 5 12
f 12 5 19
f 12 19 32
f 90 125 210
f 90 210 56
f 210 180 56
f 56 180 159
f 56 159 34
f 34 159 71
f 34 71 30
f 393 362 224
f 125 181 210
f 210 181 224
f 210 224 292
f 292 224 362
f 1020 1049 588
f 588 370 577
f 577 606 588
f 588 606 817
f 588 817 1020
f 1049 892 588
f 588 892 393
f 588 393 370
f 370 393 224
f 370 224 222
f 182 196 222
f 222 196 283
f 222 283 306
f 7 6 8
f 8 6 9
f 8 9 46
f 46 9 31
f 46 31 53
f 182 127 196
f 196 127 112
f 196 112 156
f 156 112 46
f 156 46 81
f 81 46 53
f 281 271 343
f 163 331 191
f 191 331 348
f 191 348 216
f 334 273 348
f 348 273 256
f 348 256 216
f 342 278 334
f 334 278 279
f 334 279 273
f 193 217 333
f 333 217 257
f 333 257 342
f 342 257 272
f 342 272 278
f 193 333 178
f 178 333 332
f 178 332 137
f 349 99 332
f 332 99 128
f 332 128 137
f 345 114 349
f 349 114 97
f 349 97 99
f 215 205 344
f 344 205 150
f 344 150 345
f 345 150 136
f 345 136 114
f 343 271 344
f 344 271 264
f 344 264 215
f 281 343 274
f 274 343 327
f 274 327 270
f 270 327 249
f 249 327 328
f 249 328 218
f 325 102 329
f 329 102 140
f 329 140 328
f 328 140 189
f 328 189 218
f 163 138 331
f 331 138 106
f 331 106 325
f 325 106 94
f 325 94 102
f 24 15 61
f 797 662 892
f 9 6 22
f 49 67 107
f 86 96 148
f 9 22 31
f 31 22 60
f 31 60 53
f 53 60 81
f 81 60 161
f 81 161 156
f 156 161 196
f 196 161 287
f 196 287 283
f 283 287 306
f 306 287 358
f 306 358 370
f 370 358 589
f 370 589 577
f 577 589 606
f 606 589 722
f 606 722 817
f 722 834 817
f 817 834 1056
f 817 1056 1020
f 1020 1056 1099
f 1020 1099 1049
f 1049 1099 1080
f 1049 1080 892
f 892 1080 930
f 892 930 797
f 797 645 662
f 662 645 481
f 662 481 393
f 393 481 369
f 393 369 362
f 362 369 289
f 362 289 292
f 292 289 243
f 292 243 210
f 210 243 180
f 180 243 165
f 180 165 159
f 10 5 30
f 159 165 71
f 71 165 61
f 71 61 30
f 30 61 15
f 30 15 10
f 95 63 108
f 1137 1211 1178
f 1178 1211 1216
f 1178 1216 1161
f 896 921 711
f 711 921 783
f 711 783 552
f 1216 1201 1161
f 1161 1201 1168
f 1161 1168 1064
f 1064 1168 1082
f 1064 1082 896
f 896 1082 947
f 896 947 921
f 783 625 552
f 552 625 512
f 552 512 385
f 385 512 351
f 385 351 302
f 302 351 315
f 302 315 268
f 200 166 108
f 108 166 152
f 108 152 95
f 315 280 268
f 268 280 258
f 268 258 200
f 200 258 240
f 200 240 166
f 37 24 79
f 79 24 61
f 79 61 179
f 179 61 165
f 179 165 254
f 254 165 243
f 254 243 294
f 294 243 289
f 294 289 376
f 376 289 369
f 376 369 525
f 525 369 481
f 525 481 669
f 669 481 645
f 669 645 829
f 829 645 797
f 829 797 968
f 968 797 930
f 968 930 1116
f 1116 930 1080
f 1116 1080 1134
f 1134 1080 1099
f 1134 1099 1097
f 1097 1099 1056
f 1097 1056 903
f 903 1056 834
f 903 834 755
f 755 834 722
f 755 722 616
f 616 722 589
f 616 589 367
f 367 589 358
f 367 358 291
f 291 358 287
f 291 287 173
f 173 287 161
f 173 161 80
f 80 161 60
f 80 60 38
f 38 60 22
f 305 298 260
f 260 298 197
f 260 197 234
f 67 86 107
f 107 86 148
f 107 148 197
f 197 148 233
f 197 233 234
f 386 377 320
f 320 377 298
f 320 298 309
f 309 298 305
f 386 460 377
f 377 460 514
f 377 514 637
f 514 672 637
f 637 672 772
f 637 772 792
f 792 772 777
f 792 777 949
f 949 777 1093
f 949 1093 1137
f 1137 1093 1185
f 1137 1185 1211
f 63 37 108
f 108 37 79
f 108 79 200
f 200 79 179
f 200 179 268
f 268 179 254
f 268 254 302
f 302 254 294
f 302 294 385
f 385 294 376
f 385 376 552
f 552 376 525
f 552 525 711
f 711 525 669
f 711 669 896
f 896 669 829
f 896 829 1064
f 1064 829 968
f 1064 968 1161
f 1161 968 1116
f 1161 1116 1178
f 1178 1116 1134
f 1178 1134 1137
f 1137 1134 1097
f 1137 1097 949
f 949 1097 903
f 949 903 792
f 792 903 755
f 792 755 637
f 637 755 616
f 637 616 377
f 377 616 367
f 377 367 298
f 298 367 291
f 298 291 197
f 197 291 173
f 197 173 107
f 107 173 80
f 107 80 49
f 49 80 38
f 660 720 587
f 24 37 78
f 105 63 95
f 1058 1032 948
f 948 1032 790
f 49 38 39
f 98 96 86
f 86 85 98
f 98 85 87
f 98 87 100
f 100 87 111
f 86 67 85
f 85 67 68
f 85 68 87
f 87 68 74
f 87 74 111
f 111 74 104
f 111 104 133
f 133 104 153
f 153 104 194
f 153 194 231
f 231 194 261
f 261 194 295
f 261 295 304
f 373 352 295
f 295 352 321
f 295 321 304
f 636 558 373
f 373 558 397
f 373 397 352
f 1032 821 790
f 790 821 737
f 790 737 636
f 636 737 668
f 636 668 558
f 1058 948 1145
f 1145 948 1138
f 1145 1138 1194
f 1194 1138 1180
f 1194 1180 1208
f 301 390 384
f 384 390 518
f 384 518 548
f 548 518 778
f 548 778 708
f 708 778 942
f 708 942 895
f 895 942 1086
f 895 1086 1063
f 1063 1086 1208
f 1063 1208 1162
f 1162 1208 1180
f 198 255 267
f 267 255 269
f 267 269 301
f 301 269 311
f 301 311 390
f 95 151 105
f 105 151 158
f 105 158 198
f 198 158 235
f 198 235 255
f 51 32 59
f 59 32 19
f 5 10 19
f 19 10 15
f 19 15 59
f 720 660 833
f 833 660 898
f 833 898 1057
f 356 286 303
f 33 58 25
f 22 6 16
f 16 6 7
f 16 7 18
f 18 7 11
f 18 11 25
f 25 11 21
f 25 21 33
f 155 160 73
f 73 160 58
f 73 58 50
f 50 58 33
f 155 188 160
f 160 188 209
f 160 209 286
f 286 209 282
f 286 282 303
f 303 354 356
f 356 354 392
f 356 392 587
f 587 392 574
f 587 574 660
f 374 517 477
f 477 517 641
f 15 24 59
f 59 24 78
f 59 78 164
f 164 78 174
f 164 174 242
f 242 174 252
f 242 252 288
f 288 252 293
f 288 293 368
f 51 59 119
f 119 59 164
f 119 164 208
f 208 164 242
f 208 242 248
f 248 242 288
f 248 288 318
f 318 288 368
f 318 368 532
f 749 621 641
f 641 621 532
f 641 532 477
f 477 532 368
f 477 368 374
f 374 368 293
f 38 22 39
f 39 22 16
f 39 16 40
f 40 16 18
f 40 18 47
f 47 18 25
f 47 25 77
f 77 25 58
f 77 58 172
f 172 58 160
f 172 160 290
f 290 160 286
f 290 286 366
f 366 286 356
f 366 356 612
f 612 356 587
f 612 587 752
f 752 587 720
f 752 720 901
f 901 720 833
f 901 833 1098
f 1098 833 1057
f 1098 1057 1135
f 1135 1057 1100
f 1135 1100 1117
f 1117 1100 1081
f 1117 1081 967
f 967 1081 929
f 967 929 827
f 827 929 796
f 827 796 664
f 898 976 1057
f 1057 976 1062
f 1057 1062 1100
f 1100 1062 1059
f 1100 1059 1081
f 1081 1059 928
f 1081 928 929
f 929 928 749
f 929 749 796
f 796 749 641
f 796 641 664
f 664 641 517
f 37 63 78
f 78 63 105
f 78 105 174
f 174 105 198
f 174 198 252
f 252 198 267
f 252 267 293
f 293 267 301
f 293 301 374
f 374 301 384
f 374 384 517
f 517 384 548
f 517 548 664
f 664 548 708
f 664 708 827
f 827 708 895
f 827 895 967
f 967 895 1063
f 967 1063 1117
f 1117 1063 1162
f 1117 1162 1135
f 1135 1162 1180
f 1135 1180 1098
f 1098 1180 1138
f 1098 1138 901
f 901 1138 948
f 901 948 752
f 752 948 790
f 752 790 612
f 612 790 636
f 612 636 366
f 366 636 373
f 366 373 290
f 290 373 295
f 290 295 172
f 172 295 194
f 172 194 77
f 77 194 104
f 77 104 47
f 47 104 74
f 47 74 40
f 40 74 68
f 40 68 39
f 39 68 67
f 39 67 49
f 347 437 338
f 338 437 441
f 338 441 340
f 340 441 430
f 340 430 341
f 341 430 432
f 341 432 326
f 326 432 446
f 326 446 339
f 339 446 445
f 339 445 330
f 330 445 455
f 330 455 324
f 324 455 451
f 324 451 336
f 336 451 443
f 336 443 335
f 335 443 438
f 335 438 346
f 346 438 449
f 346 449 337
f 337 449 444
f 337 444 347
f 347 444 437
f 451 435 443
f 443 435 448
f 443 448 438
f 432 429 446
f 446 429 433
f 446 433 445
f 445 433 440
f 445 440 455
f 455 440 454
f 455 454 451
f 451 454 436
f 451 436 435
f 448 434 438
f 438 434 452
f 438 452 449
f 452 431 449
f 449 431 453
f 449 453 444
f 444 453 450
f 444 450 437
f 437 450 439
f 437 439 441
f 441 439 428
f 441 428 430
f 430 428 447
f 430 447 432
f 432 447 442
f 432 442 429
f 341 334 340
f 340 334 348
f 340 348 338
f 338 348 331
f 338 331 347
f 347 331 325
f 347 325 337
f 337 325 329
f 337 329 346
f 346 329 328
f 346 328 335
f 328 327 335
f 335 327 343
f 335 343 336
f 336 343 344
f 336 344 324
f 324 344 345
f 324 345 330
f 330 345 349
f 330 349 339
f 339 349 332
f 339 332 326
f 326 332 333
f 326 333 341
f 341 333 342
f 341 342 334
f 527 507 526
f 526 507 513
f 526 513 573
f 573 513 559
f 573 559 652
f 1094 977 1103
f 1103 977 946
f 1103 946 828
f 626 582 661
f 1193 1190 1069
f 1066 1108 1153
f 1066 1153 890
f 591 561 572
f 1103 828 1152
f 1152 828 756
f 1152 756 709
f 709 756 678
f 709 678 585
f 1203 1152 759
f 759 1152 709
f 759 709 591
f 591 709 585
f 591 585 561
f 813 1207 810
f 810 1207 1210
f 1218 1203 787
f 787 1203 759
f 787 759 628
f 628 759 591
f 628 591 626
f 626 591 572
f 626 572 582
f 1210 1218 810
f 810 1218 787
f 810 787 648
f 648 787 628
f 648 628 667
f 667 628 626
f 667 626 886
f 886 626 661
f 886 661 890
f 721 978 1055
f 1055 978 1198
f 1055 1198 1193
f 1153 1198 950
f 950 1198 978
f 950 978 691
f 691 978 721
f 691 721 663
f 663 721 666
f 663 666 670
f 1193 1069 1055
f 1055 1069 765
f 1055 765 721
f 721 765 730
f 721 730 666
f 890 1153 886
f 886 1153 950
f 886 950 667
f 667 950 691
f 667 691 648
f 648 691 663
f 648 663 810
f 810 663 670
f 810 670 813
f 1153 1108 1084
f 1190 1193 1188
f 1188 1193 1198
f 1188 1198 1172
f 1172 1198 1153
f 1172 1153 1132
f 1132 1153 1084
f 1132 1084 1067
f 1167 1159 1174
f 1067 1126 1132
f 1132 1126 1150
f 1132 1150 1172
f 1172 1150 1167
f 1172 1167 1188
f 1188 1167 1174
f 1188 1174 1190
f 1040 1186 785
f 1199 1207 813
f 638 699 785
f 785 699 769
f 785 769 1040
f 1159 763 760
f 760 763 640
f 760 640 666
f 666 640 638
f 666 638 670
f 670 638 785
f 670 785 813
f 813 785 1186
f 813 1186 1199
f 1190 1174 1069
f 1069 1174 1159
f 1069 1159 765
f 765 1159 760
f 765 760 730
f 730 760 666
f 1186 1040 1191
f 1159 762 763
f 671 800 879
f 671 879 652
f 652 879 611
f 652 611 573
f 573 611 565
f 573 565 526
f 733 618 657
f 657 618 540
f 657 540 565
f 565 540 527
f 565 527 526
f 1150 1126 712
f 712 1126 1067
f 1159 1167 762
f 762 1167 750
f 762 750 627
f 1028 1196 1191
f 941 1160 1196
f 800 1046 879
f 879 1046 1091
f 879 1091 1160
f 1160 941 879
f 879 941 649
f 879 649 611
f 611 649 598
f 611 598 565
f 565 598 712
f 565 712 657
f 657 712 1067
f 657 1067 733
f 1196 1028 941
f 941 1028 685
f 941 685 649
f 649 685 627
f 649 627 598
f 598 627 750
f 598 750 712
f 712 750 1167
f 712 1167 1150
f 640 639 638
f 638 639 699
f 1191 1040 1028
f 1028 1040 769
f 1028 769 685
f 685 769 699
f 685 699 627
f 627 699 639
f 627 639 762
f 762 639 640
f 762 640 763
f 1091 1046 1074
f 1094 1103 1074
f 1074 1103 1125
f 1074 1125 1091
f 1091 1125 1184
f 1091 1184 1160
f 1160 1184 1204
f 1160 1204 1196
f 1196 1204 1205
f 1196 1205 1191
f 1191 1205 1199
f 1191 1199 1186
f 1103 1152 1125
f 1125 1152 1203
f 1125 1203 1184
f 1184 1203 1218
f 1184 1218 1204
f 1204 1218 1210
f 1204 1210 1205
f 1205 1210 1207
f 1205 1207 1199
f 874 434 855
f 855 434 448
f 855 448 862
f 862 448 435
f 1466 1305 1235
f 828 946 912
f 912 946 977
f 1251 1269 1360
f 538 485 540
f 1475 1376 1305
f 1475 1305 1644
f 1644 1305 1466
f 1644 1466 1782
f 1877 1824 1730
f 1877 1730 1931
f 1979 2261 1981
f 1981 2261 2119
f 1252 1214 1402
f 761 652 686
f 686 652 559
f 686 559 562
f 562 559 457
f 559 513 457
f 457 513 507
f 457 507 485
f 485 507 527
f 485 527 540
f 538 540 567
f 567 540 618
f 567 618 578
f 578 618 696
f 696 618 733
f 696 733 897
f 897 733 1067
f 897 1067 1155
f 1721 1563 1474
f 1474 1563 1336
f 1474 1336 1255
f 2089 1916 1935
f 1935 1916 1732
f 2221 2089 2150
f 2150 2089 1935
f 2150 1935 1973
f 1973 1935 1928
f 1360 1513 1311
f 1311 1513 1607
f 1311 1607 1716
f 1716 1607 1799
f 1716 1799 1910
f 920 961 1035
f 961 1033 1311
f 1033 1110 1311
f 1311 1110 1173
f 1311 1173 1360
f 1360 1173 1189
f 1360 1189 1251
f 1251 1189 1179
f 1251 1179 1215
f 1215 1179 1122
f 1215 1122 1133
f 1133 1122 1076
f 1133 1076 1085
f 1076 1048 1085
f 1085 1048 1045
f 1085 1045 1149
f 1149 1045 1077
f 1149 1077 1209
f 1209 1077 1124
f 1209 1124 1263
f 1263 1124 1181
f 1263 1181 1344
f 1239 1108 1066
f 1239 1066 1035
f 678 601 585
f 585 601 584
f 585 584 561
f 561 584 572
f 572 584 607
f 572 607 582
f 582 607 698
f 582 698 661
f 690 729 805
f 805 729 745
f 805 745 804
f 793 744 690
f 690 744 725
f 690 725 729
f 1078 919 793
f 793 919 803
f 793 803 744
f 1344 1181 1376
f 1376 1181 1197
f 1376 1197 1305
f 1305 1197 1158
f 1305 1158 1235
f 1235 1158 1078
f 1235 1078 1019
f 1019 1078 793
f 1019 793 687
f 1035 961 1239
f 1239 961 1311
f 1239 1311 1415
f 1415 1311 1716
f 1415 1716 1678
f 2119 1959 1981
f 1981 1959 1700
f 1981 1700 1979
f 1979 1700 1771
f 1979 1771 1815
f 1815 1771 1753
f 756 828 687
f 687 828 912
f 687 912 1019
f 1019 912 977
f 1019 977 1235
f 1235 977 1094
f 1235 1094 1252
f 1252 1094 1074
f 1252 1074 1214
f 1214 1074 1046
f 1214 1046 1130
f 1130 1046 800
f 1130 800 761
f 761 800 671
f 761 671 652
f 1824 1782 1730
f 1730 1782 1466
f 1730 1466 1418
f 1418 1466 1235
f 1418 1235 1432
f 1432 1235 1252
f 1432 1252 1489
f 1489 1252 1402
f 1489 1402 1510
f 2119 1931 1959
f 1959 1931 1730
f 1959 1730 1700
f 1700 1730 1418
f 1700 1418 1771
f 1771 1418 1432
f 1771 1432 1753
f 1753 1432 1489
f 1753 1489 1522
f 1522 1489 1510
f 1255 1233 1474
f 1474 1233 1428
f 1474 1428 1721
f 1721 1428 1732
f 1721 1732 1842
f 1842 1732 1916
f 804 920 805
f 805 920 1035
f 805 1035 926
f 926 1035 1066
f 926 1066 890
f 1155 1067 1336
f 1336 1067 1084
f 1336 1084 1255
f 1255 1084 1108
f 1255 1108 1233
f 1233 1108 1239
f 1233 1239 1428
f 1428 1239 1415
f 1428 1415 1732
f 1732 1415 1678
f 1732 1678 1935
f 1935 1678 1716
f 1935 1716 1928
f 1928 1716 1910
f 1928 1910 1973
f 890 661 926
f 926 661 698
f 926 698 805
f 805 698 607
f 805 607 690
f 690 607 584
f 690 584 793
f 793 584 601
f 793 601 687
f 687 601 678
f 687 678 756
f 452 770 431
f 431 770 746
f 431 746 453
f 453 746 716
f 1189 1173 1141
f 1179 1189 1156
f 1189 1141 1156
f 1156 1141 1101
f 1156 1101 1111
f 1111 1101 1029
f 1111 1029 1036
f 1036 1029 911
f 1036 911 925
f 1179 1156 1146
f 1146 1156 1111
f 1146 1111 1105
f 1105 1111 1036
f 1105 1036 1030
f 1030 1036 925
f 1030 925 915
f 854 911 1029
f 914 823 854
f 823 914 770
f 854 1029 914
f 914 1029 1101
f 914 1101 1024
f 1024 1101 1141
f 1024 1141 1079
f 1079 1141 1173
f 1079 1173 1110
f 770 914 830
f 830 914 1024
f 830 1024 913
f 913 1024 1079
f 913 1079 963
f 963 1079 1110
f 963 1110 1033
f 961 920 904
f 1033 961 939
f 961 904 939
f 939 904 832
f 939 832 891
f 891 832 775
f 891 775 806
f 806 775 716
f 806 716 746
f 1033 939 963
f 963 939 891
f 963 891 913
f 913 891 806
f 913 806 830
f 830 806 746
f 830 746 770
f 1102 1146 1105
f 814 802 894
f 894 802 773
f 915 847 938
f 938 847 835
f 938 835 888
f 595 635 694
f 586 647 583
f 583 647 629
f 583 629 592
f 592 629 643
f 592 643 634
f 634 643 692
f 634 692 679
f 679 692 773
f 679 773 717
f 717 773 802
f 814 894 873
f 873 894 972
f 873 972 905
f 905 972 934
f 934 972 1051
f 934 1051 937
f 937 1051 917
f 917 1051 1031
f 917 1031 900
f 900 1031 945
f 900 945 852
f 835 795 888
f 888 795 782
f 888 782 839
f 839 782 776
f 839 776 893
f 893 776 798
f 893 798 945
f 945 798 838
f 945 838 852
f 647 695 677
f 647 677 629
f 629 677 693
f 629 693 643
f 643 693 751
f 643 751 692
f 692 751 831
f 692 831 773
f 773 831 954
f 773 954 894
f 894 954 1083
f 894 1083 972
f 972 1083 1115
f 972 1115 1051
f 1051 1115 1104
f 1051 1104 1031
f 1031 1104 1052
f 1031 1052 945
f 945 1052 958
f 945 958 893
f 893 958 935
f 893 935 839
f 839 935 955
f 839 955 888
f 888 955 1044
f 888 1044 938
f 938 1044 1030
f 938 1030 915
f 804 745 739
f 739 745 718
f 739 718 695
f 695 718 677
f 677 718 738
f 677 738 693
f 693 738 789
f 693 789 751
f 751 789 902
f 751 902 831
f 831 902 1042
f 831 1042 954
f 954 1042 1127
f 954 1127 1083
f 1083 1127 1166
f 1083 1166 1115
f 1115 1166 1144
f 1115 1144 1104
f 1104 1144 1107
f 1104 1107 1052
f 1052 1107 1050
f 1052 1050 958
f 958 1050 1026
f 958 1026 935
f 935 1026 1043
f 935 1043 955
f 955 1043 1102
f 955 1102 1044
f 1044 1102 1105
f 1044 1105 1030
f 920 791 904
f 904 791 753
f 904 753 832
f 832 753 694
f 832 694 775
f 775 694 635
f 775 635 716
f 920 804 791
f 791 804 739
f 791 739 753
f 753 739 695
f 753 695 694
f 694 695 647
f 694 647 595
f 595 647 586
f 745 729 718
f 718 729 725
f 718 725 738
f 738 725 744
f 738 744 789
f 789 744 803
f 789 803 902
f 902 803 919
f 902 919 1042
f 1042 919 1078
f 1042 1078 1127
f 1127 1078 1158
f 1127 1158 1166
f 1166 1158 1197
f 1166 1197 1144
f 1144 1197 1181
f 1144 1181 1107
f 1107 1181 1124
f 1107 1124 1050
f 1050 1124 1077
f 1050 1077 1026
f 1179 1146 1122
f 1122 1146 1102
f 1122 1102 1076
f 1076 1102 1043
f 1076 1043 1048
f 1048 1043 1026
f 1048 1026 1045
f 1045 1026 1077
f 835 436 795
f 795 436 454
f 795 454 782
f 871 852 433
f 433 852 838
f 433 838 440
f 440 838 798
f 440 798 454
f 454 798 776
f 454 776 782
f 871 433 845
f 845 433 429
f 845 429 873
f 873 429 442
f 873 442 814
f 447 679 717
f 447 717 442
f 442 717 802
f 442 802 814
f 439 583 428
f 428 583 592
f 428 592 447
f 447 592 634
f 447 634 679
f 635 595 439
f 439 595 586
f 439 586 583
f 439 450 635
f 635 450 453
f 635 453 716
f 835 847 436
f 436 847 865
f 436 865 435
f 435 865 862
f 770 452 823
f 823 452 434
f 823 434 854
f 854 434 874
f 1088 1143 1296
f 1296 1143 1225
f 933 1267 1297
f 1270 1262 1297
f 1297 1262 1224
f 1297 1224 933
f 933 1224 1142
f 933 1142 658
f 1142 1087 658
f 658 1087 1072
f 658 1072 551
f 1894 2303 2807
f 2807 2303 2572
f 2807 2572 2806
f 2804 2571 2805
f 2805 2571 2304
f 1296 1287 1088
f 1088 1287 943
f 1088 943 1071
f 1071 943 659
f 1071 659 1072
f 1072 659 553
f 1072 553 456
f 1270 1297 2807
f 2807 1297 1568
f 2807 1568 1894
f 1225 1261 1296
f 1296 1261 1271
f 1296 1271 1567
f 1567 1271 2805
f 1567 2805 1893
f 1893 2805 2304
f 456 403 1072
f 1072 403 427
f 1072 427 551
f 1071 1072 1139
f 1139 1072 1140
f 1139 1140 1579
f 1579 1140 1585
f 2374 2375 2227
f 2227 2375 2175
f 1579 1585 1892
f 1892 1585 1841
f 1892 1841 2175
f 2175 1841 2051
f 2175 2051 2227
f 2375 2374 2492
f 2492 2374 2493
f 2492 2493 2585
f 2585 2493 2594
f 2585 2594 3139
f 3139 2594 3734
f 3139 3734 3229
f 3605 3549 3735
f 3735 3549 3485
f 4307 4287 3735
f 3735 4287 4273
f 4191 3646 4192
f 4192 3646 3645
f 4192 3645 3735
f 3735 3645 3633
f 3735 3633 3605
f 3229 3734 3347
f 3347 3734 3735
f 3347 3735 3392
f 3392 3735 3485
f 3392 3485 3435
f 4193 4192 4234
f 4234 4192 3735
f 4234 3735 4242
f 4242 3735 4273
f 3830 3829 3860
f 3859 3828 3830
f 3830 3860 3859
f 3859 3860 3862
f 3859 3862 3861
f 3861 3862 3826
f 3861 3826 3827
f 3827 3826 3817
f 3817 3826 3786
f 3817 3786 3785
f 3785 3786 3735
f 3785 3735 3734
f 3830 3828 3805
f 3805 3828 3834
f 3805 3834 3841
f 3806 3829 3830
f 3830 3805 3806
f 3806 3805 3774
f 3806 3774 3775
f 3130 3081 3080
f 3363 3374 3360
f 3360 3374 3319
f 3360 3319 3316
f 3316 3319 3219
f 3316 3219 3260
f 3260 3219 3194
f 3260 3194 3193
f 3193 3194 3136
f 3193 3136 3130
f 3130 3136 3087
f 3130 3087 3081
f 3368 3327 3328
f 3080 3128 3130
f 3130 3128 3184
f 3130 3184 3193
f 3193 3184 3239
f 3193 3239 3260
f 3260 3239 3302
f 3260 3302 3316
f 3316 3302 3348
f 3316 3348 3360
f 3360 3348 3368
f 3360 3368 3363
f 3363 3368 3328
f 3363 3328 3374
f 3374 3328 3334
f 2547 2742 2740
f 2741 2619 2739
f 2739 2619 2525
f 2739 2525 2372
f 2372 2294 2739
f 2739 2294 2124
f 2739 2124 2098
f 2098 2016 2739
f 2739 2016 2039
f 2739 2039 2105
f 2105 2216 2739
f 2739 2216 2312
f 2739 2312 2740
f 2740 2312 2466
f 2740 2466 2547
f 2884 2888 2800
f 2739 2740 2801
f 2887 2884 2801
f 2801 2884 2800
f 2801 2800 2739
f 3371 3379 3393
f 3371 3393 3345
f 3379 3394 3393
f 3393 3394 3448
f 3393 3448 3423
f 3451 3449 3448
f 3448 3449 3441
f 3448 3441 3423
f 2887 2886 2898
f 3346 2910 3393
f 3393 2910 3261
f 3393 3261 3345
f 2899 2885 2888
f 2898 2910 2887
f 2887 2910 3346
f 2887 3346 2884
f 2884 3346 3322
f 2884 3322 2888
f 2888 3322 2911
f 2888 2911 2899
f 3448 3450 3451
f 3451 3450 3775
f 3451 3775 3774
f 4645 4690 4692
f 4692 4682 4645
f 4645 4682 4656
f 4645 4656 4644
f 4644 4648 4645
f 4645 4648 4660
f 4645 4660 4737
f 4737 4660 4722
f 4737 4722 4736
f 4486 4494 4594
f 4594 4579 4486
f 4486 4579 4562
f 4486 4562 4488
f 4488 4562 4544
f 4488 4544 4493
f 2766 2795 1299
f 4726 4653 4630
f 4630 4653 4550
f 4477 4476 4639
f 4639 4476 4475
f 3727 3936 4022
f 4022 3936 4099
f 4022 4099 4265
f 1299 2795 2825
f 2825 2795 3012
f 2825 3012 3055
f 3055 3012 3179
f 3055 3179 3419
f 3419 3179 3490
f 3419 3490 3727
f 3727 3490 3685
f 3727 3685 3936
f 4099 4262 4265
f 4265 4262 4485
f 4265 4485 4552
f 4552 4485 4603
f 4552 4603 4727
f 4727 4603 4700
f 4727 4700 4752
f 4752 4700 4726
f 4752 4726 4725
f 4725 4726 4630
f 4639 4708 4477
f 4477 4708 4705
f 4477 4705 4478
f 4478 4705 4630
f 4478 4630 4503
f 4503 4630 4550
f 4475 4474 4639
f 4639 4474 4472
f 4639 4472 4471
f 1299 1576 2766
f 2766 1576 1958
f 2766 1958 2792
f 2792 1958 2299
f 2792 2299 3142
f 3142 2299 2499
f 2499 2543 3142
f 3142 2543 2583
f 3142 2583 3144
f 4471 4470 4639
f 4639 4470 4466
f 4639 4466 4464
f 4462 4493 4464
f 4464 4493 4544
f 4464 4544 4639
f 4737 4725 4645
f 4645 4725 4630
f 4645 4630 4690
f 4690 4630 4705
f 3142 3149 3152
f 3152 3149 3159
f 3152 3159 3158
f 3158 3159 3161
f 3158 3161 3169
f 3169 3161 3172
f 3169 3172 3171
f 3171 3172 3175
f 3171 3175 3174
f 3312 3385 3390
f 3401 3403 3258
f 3195 3230 3258
f 3297 3312 3303
f 3303 3312 3390
f 3303 3390 3311
f 3311 3390 3395
f 3311 3395 3401
f 3183 3174 3181
f 3181 3174 3175
f 3181 3175 3202
f 3183 3181 3195
f 3195 3181 3202
f 3195 3202 3230
f 3230 3202 3222
f 3230 3222 3249
f 3401 3258 3311
f 3311 3258 3230
f 3311 3230 3303
f 3303 3230 3249
f 3303 3249 3297
f 4424 4423 4431
f 4431 4423 4432
f 4477 4478 4456
f 4456 4478 4455
f 4456 4455 4451
f 4451 4455 4452
f 4451 4452 4443
f 4443 4452 4442
f 4443 4442 4432
f 4432 4442 4433
f 4432 4433 4431
f 4478 4503 4455
f 4455 4503 4495
f 4455 4495 4452
f 4452 4495 4484
f 4473 4433 4484
f 4484 4433 4442
f 4484 4442 4452
f 4469 4424 4473
f 4473 4424 4431
f 4473 4431 4433
f 4503 4550 4495
f 4495 4550 4540
f 4495 4540 4484
f 4484 4540 4538
f 4484 4538 4473
f 4473 4538 4529
f 4473 4529 4469
f 4469 4529 4528
f 2791 2837 2835
f 4116 4247 4248
f 2771 2766 2792
f 3493 3490 3179
f 4685 4700 4603
f 4726 4700 4715
f 4715 4700 4685
f 4715 4685 4699
f 3685 3490 3689
f 3689 3490 3493
f 3689 3493 3692
f 4653 4726 4637
f 4637 4726 4715
f 4637 4715 4631
f 4631 4715 4699
f 4631 4699 4625
f 3936 3685 3935
f 3935 3685 3689
f 3935 3689 3934
f 3934 3689 3692
f 3934 3692 3933
f 2792 2809 2771
f 2771 2809 2814
f 2771 2814 2777
f 4669 4661 4694
f 4587 4661 4589
f 4589 4661 4669
f 4589 4669 4598
f 4603 4485 4598
f 4598 4485 4483
f 4598 4483 4589
f 4589 4483 4467
f 4589 4467 4587
f 4587 4467 4459
f 3502 3507 3695
f 3209 3507 3201
f 3201 3507 3502
f 3201 3502 3190
f 3179 3012 3190
f 3190 3012 3029
f 3190 3029 3201
f 3201 3029 3038
f 3201 3038 3209
f 3209 3038 3048
f 4550 4653 4540
f 4540 4653 4637
f 4540 4637 4538
f 4538 4637 4631
f 4538 4631 4529
f 4529 4631 4625
f 4529 4625 4528
f 4528 4625 4622
f 4603 4598 4685
f 4685 4598 4669
f 4685 4669 4699
f 4699 4669 4694
f 4699 4694 4625
f 4625 4694 4651
f 4625 4651 4622
f 4345 4458 4459
f 4459 4458 4583
f 4459 4583 4587
f 4587 4583 4659
f 4587 4659 4661
f 4661 4659 4678
f 4661 4678 4694
f 4694 4678 4686
f 4694 4686 4651
f 4485 4262 4483
f 4483 4262 4256
f 4483 4256 4467
f 4467 4256 4252
f 4467 4252 4459
f 4459 4252 4248
f 4459 4248 4345
f 4345 4248 4247
f 4094 4116 4095
f 4095 4116 4248
f 4095 4248 4096
f 4096 4248 4252
f 4096 4252 4098
f 4098 4252 4256
f 4098 4256 4099
f 4099 4256 4262
f 4099 3936 4098
f 4098 3936 3935
f 4098 3935 4096
f 4096 3935 3934
f 4096 3934 4095
f 4095 3934 3933
f 4095 3933 4094
f 4094 3933 3932
f 3179 3190 3493
f 3493 3190 3502
f 3493 3502 3692
f 3692 3502 3695
f 3692 3695 3933
f 3933 3695 3887
f 3933 3887 3932
f 2957 3050 3048
f 3048 3050 3210
f 3048 3210 3209
f 3209 3210 3509
f 3209 3509 3507
f 3507 3509 3602
f 3507 3602 3695
f 3695 3602 3696
f 3695 3696 3887
f 3012 2795 3029
f 3029 2795 2812
f 3029 2812 3038
f 3038 2812 2826
f 3038 2826 3048
f 3048 2826 2835
f 3048 2835 2957
f 2957 2835 2837
f 2783 2791 2780
f 2780 2791 2835
f 2780 2835 2777
f 2777 2835 2826
f 2777 2826 2771
f 2771 2826 2812
f 2771 2812 2766
f 2766 2812 2795
f 2814 2819 2777
f 2777 2819 2827
f 2777 2827 2780
f 2780 2827 2829
f 2780 2829 2783
f 2783 2829 2832
f 3174 2832 3171
f 3171 2832 2829
f 3171 2829 3169
f 3169 2829 2827
f 3169 2827 3158
f 3158 2827 2819
f 3158 2819 3152
f 3152 2819 2814
f 3152 2814 3142
f 3142 2814 2809
f 3142 2809 2792
f 3576 3574 3546
f 4195 4216 4189
f 4189 4216 4187
f 4093 4101 4118
f 4118 4101 4151
f 4118 4151 4187
f 4187 4151 4165
f 4187 4165 4189
f 4093 4118 4042
f 4042 4118 4039
f 4042 4039 4025
f 3909 3940 3820
f 3820 3940 3797
f 3909 3931 3940
f 3940 3931 3944
f 3940 3944 4039
f 4039 3944 4017
f 4039 4017 4025
f 3576 3590 3574
f 3574 3590 3631
f 3574 3631 3643
f 3643 3631 3680
f 3643 3680 3666
f 3666 3680 3698
f 3666 3698 3797
f 3797 3698 3798
f 3797 3798 3820
f 3511 3546 3557
f 3557 3546 3574
f 3557 3574 3637
f 3637 3574 3643
f 3637 3643 3654
f 3654 3643 3666
f 3654 3666 3794
f 3794 3666 3797
f 3794 3797 3946
f 3946 3797 3940
f 3946 3940 4059
f 4059 3940 4039
f 4059 4039 4133
f 4133 4039 4118
f 4133 4118 4206
f 4206 4118 4187
f 4206 4187 4221
f 4221 4187 4216
f 3142 3144 3151
f 3176 3175 3172
f 3176 3172 3162
f 3172 3161 3162
f 3162 3161 3159
f 3162 3159 3151
f 3151 3159 3149
f 3151 3149 3142
f 3176 3235 3249
f 3249 3222 3176
f 3176 3222 3202
f 3176 3202 3175
f 3235 3417 3385
f 3385 3312 3235
f 3235 3312 3297
f 3235 3297 3249
f 3645 3558 3609
f 3609 3558 3556
f 3512 3556 3558
f 3385 3417 3390
f 3390 3417 3420
f 3472 3499 3512
f 3512 3499 3510
f 3512 3510 3556
f 3513 3469 3470
f 3442 3462 3465
f 3465 3462 3472
f 3465 3472 3470
f 3470 3472 3512
f 3470 3512 3513
f 3513 3512 3558
f 3420 3442 3390
f 3390 3442 3465
f 3390 3465 3395
f 3395 3465 3470
f 3395 3470 3401
f 3401 3470 3469
f 3401 3469 3403
f 2832 3174 2833
f 2833 3174 3183
f 3403 3404 3258
f 3258 3404 2833
f 3258 2833 3195
f 3195 2833 3183
f 2832 2833 2783
f 2783 2833 2790
f 2958 2837 2790
f 2790 2837 2791
f 2790 2791 2783
f 3221 3050 2958
f 2958 3050 2957
f 2958 2957 2837
f 3603 3509 3221
f 3221 3509 3210
f 3221 3210 3050
f 3886 3696 3603
f 3603 3696 3602
f 3603 3602 3509
f 4116 4094 4115
f 4115 4094 3932
f 4115 3932 3886
f 3886 3932 3887
f 3886 3887 3696
f 4116 4115 4247
f 4247 4115 4344
f 4247 4344 4345
f 4345 4344 4458
f 4458 4344 4573
f 4458 4573 4583
f 4583 4573 4659
f 4659 4573 4679
f 4659 4679 4678
f 4678 4679 4686
f 4686 4679 4652
f 4686 4652 4651
f 4651 4652 4622
f 4622 4652 4527
f 4622 4527 4528
f 4093 4042 4044
f 3546 3541 3576
f 3576 3541 3592
f 3576 3592 3590
f 3798 3698 3699
f 3699 3698 3680
f 3699 3680 3592
f 3592 3680 3631
f 3592 3631 3590
f 3798 3699 3820
f 3820 3699 3897
f 3820 3897 3909
f 4044 4042 3897
f 3897 4042 4025
f 3897 4025 4017
f 4017 3944 3897
f 3897 3944 3931
f 3897 3931 3909
f 4140 4194 4189
f 4189 4165 4140
f 4140 4165 4151
f 4140 4151 4044
f 4044 4151 4101
f 4044 4101 4093
f 4164 4173 4139
f 4139 4173 4179
f 4139 4179 4194
f 4194 4179 4195
f 4194 4195 4189
f 4083 4088 4046
f 4046 4088 4130
f 4046 4130 4139
f 4139 4130 4136
f 4139 4136 4164
f 3905 3896 3921
f 3921 3994 3905
f 3905 3994 4011
f 3905 4011 4046
f 4046 4011 4049
f 4046 4049 4083
f 3896 3905 3789
f 3789 3905 3701
f 3789 3701 3731
f 3573 3589 3591
f 3591 3589 3621
f 3621 3632 3591
f 3591 3632 3681
f 3591 3681 3701
f 3701 3681 3705
f 3701 3705 3731
f 3546 3540 3541
f 3541 3540 3542
f 3541 3542 3591
f 3591 3542 3568
f 3591 3568 3573
f 4418 4434 4415
f 4415 4398 4401
f 4407 4418 4406
f 4406 4418 4415
f 4406 4415 4403
f 4403 4415 4401
f 4193 4238 4222
f 4398 4366 4401
f 4401 4366 4368
f 4401 4368 4387
f 4387 4368 4374
f 4327 4347 4366
f 4366 4347 4352
f 4366 4352 4368
f 4368 4352 4369
f 4368 4369 4374
f 4321 4322 4308
f 4308 4322 4251
f 4308 4251 4245
f 4222 4238 4284
f 4399 4400 4367
f 4367 4400 4371
f 4367 4371 4321
f 4321 4371 4333
f 4321 4333 4322
f 4322 4333 4284
f 4322 4284 4251
f 4251 4284 4238
f 4251 4238 4245
f 4398 4399 4366
f 4366 4399 4367
f 4366 4367 4327
f 4327 4367 4321
f 4327 4321 4319
f 4319 4321 4308
f 4387 4374 4412
f 4387 4412 4401
f 4411 4408 4407
f 4405 4413 4411
f 4412 4413 4401
f 4401 4413 4405
f 4401 4405 4403
f 4411 4407 4405
f 4405 4407 4406
f 4405 4406 4403
f 4412 4430 4413
f 4413 4430 4429
f 4429 4430 4437
f 4437 4430 4448
f 4437 4448 4449
f 4449 4448 4453
f 4453 4448 4462
f 4453 4462 4464
f 4725 4737 4758
f 4725 4758 4752
f 4752 4758 4738
f 4752 4738 4727
f 4727 4738 4561
f 4727 4561 4552
f 4552 4561 4274
f 4552 4274 4265
f 4265 4274 4029
f 4265 4029 4022
f 4022 4029 3721
f 4022 3721 3727
f 3727 3721 3408
f 3727 3408 3419
f 3419 3408 3041
f 3419 3041 3055
f 3055 3041 2805
f 3055 2805 2825
f 2825 2805 1299
f 1299 2805 1271
f 1261 1290 1271
f 1271 1290 1299
f 1290 1261 1225
f 1143 1227 1225
f 1225 1227 1257
f 1225 1257 1290
f 1157 1195 1143
f 1143 1195 1217
f 1143 1217 1227
f 1143 1088 1157
f 1157 1088 1071
f 1157 1071 1139
f 1139 1579 1578
f 1299 1290 1576
f 1576 1290 1577
f 1582 1195 1578
f 1578 1195 1157
f 1578 1157 1139
f 1290 1257 1577
f 1577 1257 1227
f 1577 1227 1582
f 1582 1227 1217
f 1582 1217 1195
f 1958 1576 1577
f 2299 1958 1926
f 2299 2253 2499
f 2499 2253 2447
f 2391 2400 2217
f 2217 2400 2422
f 2217 2422 2253
f 2253 2422 2439
f 2253 2439 2447
f 2217 2185 2391
f 2391 2185 2175
f 2391 2175 2375
f 2299 1926 2253
f 2253 1926 1904
f 2253 1904 2217
f 2217 1904 1895
f 2217 1895 2185
f 2185 1895 1892
f 2185 1892 2175
f 1958 1577 1926
f 1926 1577 1582
f 1926 1582 1904
f 1904 1582 1578
f 1904 1578 1895
f 1895 1578 1579
f 1895 1579 1892
f 2590 2587 2519
f 2447 2439 2519
f 2586 2583 2543
f 2499 2447 2543
f 2543 2447 2519
f 2543 2519 2586
f 2586 2519 2587
f 2439 2422 2519
f 2519 2422 2498
f 2519 2498 2590
f 2590 2498 2584
f 2584 2498 2588
f 2588 2498 2492
f 2588 2492 2585
f 2375 2492 2391
f 2391 2492 2498
f 2391 2498 2400
f 2400 2498 2422
f 3144 2583 3137
f 3137 2583 2586
f 3137 2586 3138
f 3138 2586 2587
f 3138 2587 3141
f 3141 2587 2590
f 3141 2590 3143
f 3143 2590 2584
f 3143 2584 3140
f 3140 2584 2588
f 3140 2588 3139
f 3139 2588 2585
f 3137 3138 3160
f 3347 3392 3276
f 3188 3192 3232
f 3232 3192 3229
f 3232 3229 3347
f 3138 3141 3192
f 3192 3141 3143
f 3192 3143 3229
f 3229 3143 3140
f 3229 3140 3139
f 3162 3151 3160
f 3160 3151 3144
f 3160 3144 3137
f 3347 3276 3232
f 3232 3276 3215
f 3232 3215 3188
f 3188 3215 3199
f 3188 3199 3182
f 3138 3192 3160
f 3160 3192 3188
f 3160 3188 3162
f 3162 3188 3182
f 3162 3182 3176
f 3380 3435 3485
f 3276 3392 3435
f 3435 3380 3276
f 3276 3380 3298
f 3276 3298 3215
f 3215 3298 3199
f 3199 3298 3252
f 3199 3252 3182
f 3421 3417 3235
f 3176 3182 3235
f 3235 3182 3252
f 3235 3252 3421
f 3421 3252 3298
f 3421 3298 3443
f 3443 3298 3380
f 3443 3380 3461
f 3461 3380 3485
f 3420 3417 3421
f 3485 3549 3461
f 3461 3549 3521
f 3516 3571 3556
f 3452 3471 3474
f 3474 3471 3497
f 3474 3497 3516
f 3516 3497 3525
f 3516 3525 3571
f 3420 3421 3442
f 3556 3510 3516
f 3516 3510 3499
f 3516 3499 3474
f 3474 3499 3472
f 3474 3472 3452
f 3452 3472 3462
f 3452 3462 3442
f 3549 3605 3521
f 3521 3605 3587
f 3521 3587 3579
f 3442 3421 3452
f 3452 3421 3443
f 3452 3443 3471
f 3471 3443 3461
f 3471 3461 3497
f 3497 3461 3521
f 3497 3521 3525
f 3525 3521 3579
f 3525 3579 3571
f 3556 3571 3609
f 3609 3571 3622
f 3609 3622 3645
f 3633 3645 3622
f 3605 3633 3587
f 3587 3633 3622
f 3587 3622 3579
f 3579 3622 3571
f 3645 3646 3558
f 3558 3646 3572
f 3558 3572 3513
f 3513 3572 3466
f 3513 3466 3469
f 3469 3466 3404
f 3469 3404 3403
f 4417 4426 4421
f 4243 4191 4192
f 4243 4192 4193
f 4243 4193 4222
f 4371 4400 4421
f 4421 4400 4402
f 4421 4402 4404
f 4404 4410 4421
f 4421 4410 4416
f 4421 4416 4417
f 4222 4284 4243
f 4243 4284 4333
f 4243 4333 4328
f 4328 4333 4371
f 4328 4371 4385
f 4385 4371 4421
f 4234 4242 4283
f 4239 4297 4245
f 4245 4297 4301
f 4245 4301 4308
f 4308 4301 4319
f 4336 4330 4361
f 4374 4369 4372
f 4372 4369 4336
f 4372 4336 4365
f 4365 4336 4361
f 4269 4311 4330
f 4304 4329 4311
f 4311 4329 4342
f 4311 4342 4330
f 4330 4342 4355
f 4330 4355 4361
f 4238 4193 4235
f 4283 4244 4234
f 4234 4244 4235
f 4234 4235 4193
f 4369 4352 4336
f 4336 4352 4347
f 4336 4347 4327
f 4327 4319 4336
f 4336 4319 4301
f 4336 4301 4330
f 4330 4301 4297
f 4330 4297 4269
f 4269 4297 4239
f 4245 4238 4239
f 4239 4238 4235
f 4239 4235 4269
f 4269 4235 4244
f 4269 4244 4311
f 4311 4244 4283
f 4311 4283 4304
f 4304 4283 4242
f 4304 4242 4273
f 4412 4374 4372
f 4412 4372 4390
f 4372 4365 4390
f 4390 4365 4361
f 4390 4361 4356
f 4356 4361 4355
f 4356 4355 4342
f 4342 4329 4356
f 4356 4329 4304
f 4356 4304 4324
f 4324 4304 4273
f 4324 4273 4287
f 4397 4465 4463
f 4461 4465 4409
f 4409 4465 4397
f 4409 4397 4370
f 4370 4397 4343
f 4370 4343 4312
f 4373 4356 4324
f 4390 4356 4396
f 4396 4356 4373
f 4396 4373 4439
f 4463 4439 4397
f 4397 4439 4373
f 4397 4373 4343
f 4343 4373 4324
f 4343 4324 4312
f 4312 4324 4287
f 4312 4287 4307
f 4463 4462 4439
f 4439 4462 4448
f 4439 4448 4396
f 4396 4448 4430
f 4396 4430 4390
f 4390 4430 4412
f 4465 4461 4494
f 4494 4486 4465
f 4465 4486 4488
f 4465 4488 4463
f 4463 4488 4493
f 4463 4493 4462
f 2804 2805 2845
f 2845 2805 3041
f 2845 3041 2894
f 2894 3041 3091
f 3091 3041 3259
f 3259 3041 3408
f 3259 3408 3407
f 3792 3722 3721
f 3721 3722 3639
f 3721 3639 3408
f 3408 3639 3498
f 3408 3498 3407
f 3792 3721 3952
f 3952 3721 4029
f 3952 4029 4030
f 4298 4275 4274
f 4274 4275 4186
f 4274 4186 4029
f 4029 4186 4071
f 4029 4071 4030
f 4654 4561 4739
f 4739 4561 4738
f 4739 4738 4756
f 4654 4571 4561
f 4561 4571 4560
f 4561 4560 4274
f 4274 4560 4454
f 4274 4454 4298
f 4756 4738 4761
f 4761 4738 4758
f 4761 4758 4751
f 4751 4758 4737
f 4751 4737 4736
f 2618 2555 2471
f 2471 2555 2470
f 2471 2470 2385
f 2556 2617 2471
f 2471 2617 2670
f 2471 2670 2618
f 2290 2384 2471
f 2471 2384 2485
f 2471 2485 2556
f 2385 2291 2471
f 2471 2291 2250
f 2471 2250 2290
f 2482 2555 2579
f 2579 2555 2618
f 2579 2618 2692
f 2692 2618 2670
f 2692 2670 2714
f 2714 2670 2617
f 2714 2617 2694
f 2694 2617 2556
f 2694 2556 2578
f 2578 2556 2485
f 2578 2485 2475
f 2475 2485 2384
f 2475 2384 2340
f 2340 2384 2290
f 2340 2290 2202
f 2202 2290 2250
f 2202 2250 2151
f 2151 2250 2291
f 2151 2291 2204
f 2204 2291 2385
f 2204 2385 2342
f 2342 2385 2470
f 2342 2470 2482
f 2482 2470 2555
f 868 971 965
f 965 971 1113
f 2636 2869 2903
f 2903 2869 3115
f 2903 3115 3153
f 3153 3115 3168
f 3153 3168 3233
f 3233 3168 3113
f 3233 3113 3154
f 3154 3113 2868
f 3154 2868 2904
f 2904 2868 2637
f 2904 2637 2649
f 2649 2637 2397
f 2649 2397 2354
f 2354 2397 2128
f 2354 2128 2013
f 2013 2128 1991
f 2013 1991 1876
f 1876 1991 2129
f 1876 2129 2014
f 2014 2129 2395
f 2014 2395 2353
f 2353 2395 2651
f 2353 2651 2636
f 2636 2651 2869
f 2461 2168 2539
f 2539 2168 2418
f 2539 2418 2650
f 2650 2418 2652
f 2650 2652 2736
f 2736 2652 2842
f 2736 2842 2785
f 2785 2842 3077
f 2785 3077 2818
f 2818 3077 3132
f 2818 3132 2786
f 2786 3132 3078
f 2786 3078 2735
f 2735 3078 2843
f 2735 2843 2630
f 2630 2843 2639
f 2630 2639 2538
f 2538 2639 2419
f 2538 2419 2459
f 2459 2419 2169
f 2459 2169 2431
f 2431 2169 2062
f 2431 2062 2461
f 2461 2062 2168
f 2635 2395 2396
f 2396 2395 2129
f 2396 2129 2127
f 2127 2129 1991
f 2127 1991 1992
f 1992 1991 2128
f 1992 2128 2130
f 2130 2128 2397
f 2130 2397 2394
f 2394 2397 2637
f 2394 2637 2645
f 2645 2637 2868
f 2645 2868 2867
f 2867 2868 3113
f 2867 3113 3114
f 3114 3113 3168
f 3114 3168 3166
f 3166 3168 3115
f 3166 3115 3112
f 3112 3115 2869
f 3112 2869 2870
f 2870 2869 2651
f 2870 2651 2635
f 2635 2651 2395
f 2635 2843 2870
f 2870 2843 3078
f 2870 3078 3112
f 3112 3078 3132
f 3112 3132 3166
f 3166 3132 3077
f 3166 3077 3114
f 3114 3077 2842
f 3114 2842 2867
f 2867 2842 2652
f 2867 2652 2645
f 2645 2652 2418
f 2645 2418 2394
f 2394 2418 2168
f 2394 2168 2130
f 2130 2168 2062
f 2130 2062 1992
f 1992 2062 2169
f 1992 2169 2127
f 2127 2169 2419
f 2127 2419 2396
f 2396 2419 2639
f 2396 2639 2635
f 2635 2639 2843
f 2630 2648 2735
f 2735 2648 2733
f 2735 2733 2786
f 2786 2733 2787
f 2786 2787 2818
f 2818 2787 2817
f 2818 2817 2785
f 2785 2817 2784
f 2785 2784 2736
f 2736 2784 2734
f 2736 2734 2650
f 2650 2734 2643
f 2650 2643 2539
f 2539 2643 2537
f 2539 2537 2461
f 2461 2537 2460
f 2461 2460 2431
f 2431 2460 2432
f 2431 2432 2459
f 2459 2432 2458
f 2459 2458 2538
f 2538 2458 2536
f 2538 2536 2630
f 2630 2536 2648
f 2654 2536 2458
f 2648 2536 2654
f 2654 2460 2537
f 2432 2460 2654
f 2458 2432 2654
f 2654 2734 2784
f 2643 2734 2654
f 2537 2643 2654
f 2654 2787 2733
f 2817 2787 2654
f 2784 2817 2654
f 2733 2648 2654
f 867 858 847
f 847 858 848
f 847 848 865
f 856 846 854
f 854 846 860
f 860 846 875
f 860 875 861
f 861 875 864
f 861 864 863
f 854 874 856
f 856 874 855
f 856 855 848
f 848 855 862
f 848 862 865
f 863 864 857
f 857 864 876
f 857 876 877
f 876 866 877
f 877 866 850
f 877 850 851
f 851 850 840
f 851 840 853
f 853 840 870
f 853 870 878
f 878 870 842
f 878 842 873
f 873 842 843
f 873 843 845
f 845 843 872
f 845 872 871
f 871 872 859
f 871 859 852
f 852 859 869
f 852 869 841
f 841 869 844
f 841 844 867
f 867 844 849
f 867 849 858
f 2966 979 2969
f 2969 979 980
f 2969 980 2965
f 2965 980 2963
f 1011 2924 1012
f 1012 2924 2928
f 980 989 2963
f 2963 989 994
f 2963 994 2948
f 2948 994 1004
f 2948 1004 2944
f 2944 1004 1009
f 2944 1009 2928
f 2928 1009 1013
f 2928 1013 1012
f 1011 1017 2924
f 2924 1017 1015
f 2924 1015 2918
f 2918 1015 984
f 2918 984 2922
f 2922 984 985
f 2922 985 2937
f 2937 985 1016
f 1008 2938 1014
f 1014 2938 2937
f 1014 2937 1018
f 1018 2937 1016
f 1008 1001 2938
f 2938 1001 1010
f 2938 1010 2946
f 2946 1010 986
f 2946 986 2949
f 2949 986 983
f 2949 983 2947
f 2947 983 981
f 2947 981 2943
f 2943 981 990
f 2943 990 2939
f 2939 990 992
f 2939 992 2934
f 992 995 2934
f 2934 995 996
f 2934 996 2925
f 2933 2923 1007
f 1007 2923 2920
f 996 999 2925
f 2925 999 1000
f 2925 1000 2916
f 2916 1000 1003
f 2916 1003 2920
f 2920 1003 1006
f 2920 1006 1007
f 2941 997 2953
f 2953 997 993
f 1007 1005 2933
f 2933 1005 1002
f 2933 1002 2941
f 2941 1002 998
f 2941 998 997
f 993 988 2953
f 2953 988 987
f 2953 987 2959
f 2959 987 991
f 2959 991 2966
f 2966 991 982
f 2966 982 979
f 866 876 989
f 989 876 994
f 994 876 1004
f 1004 876 864
f 1004 864 1009
f 1009 864 1013
f 1013 864 875
f 1013 875 1012
f 846 1017 875
f 875 1017 1011
f 875 1011 1012
f 856 984 846
f 846 984 1015
f 846 1015 1017
f 1014 1018 848
f 848 1018 1016
f 848 1016 856
f 856 1016 985
f 856 985 984
f 986 1010 858
f 858 1010 1001
f 858 1001 848
f 848 1001 1008
f 848 1008 1014
f 986 858 983
f 983 858 849
f 983 849 981
f 981 849 844
f 981 844 990
f 844 869 990
f 990 869 992
f 992 869 995
f 995 869 859
f 995 859 996
f 996 859 999
f 999 859 872
f 999 872 1000
f 843 1006 872
f 872 1006 1003
f 872 1003 1000
f 842 1005 843
f 843 1005 1007
f 843 1007 1006
f 993 997 870
f 870 997 998
f 870 998 842
f 842 998 1002
f 842 1002 1005
f 982 991 840
f 840 991 987
f 840 987 870
f 870 987 988
f 870 988 993
f 982 840 979
f 979 840 850
f 979 850 980
f 980 850 866
f 980 866 989
f 4635 4639 4544
f 4579 4594 4599
f 4635 4544 4628
f 4599 4614 4579
f 4579 4614 4628
f 4579 4628 4562
f 4562 4628 4544
f 3735 3786 4307
f 4307 3786 3826
f 4307 3826 4312
f 4312 3826 3862
f 4312 3862 4370
f 4409 4370 4461
f 4461 4370 4494
f 4599 4594 4530
f 4530 4594 4494
f 4370 3862 4494
f 4494 3862 3860
f 4494 3860 4530
f 4530 3860 3829
f 4530 3829 3806
f 3806 3775 4530
f 4530 3775 3450
f 4530 3450 3448
f 3135 3086 3087
f 3374 3334 3333
f 3218 3319 3318
f 3318 3319 3374
f 3318 3374 3373
f 3373 3374 3333
f 3373 3333 3332
f 3087 3136 3135
f 3135 3136 3194
f 3135 3194 3218
f 3218 3194 3219
f 3218 3219 3319
f 2740 2742 2801
f 2801 2742 2755
f 2886 2887 2811
f 2811 2887 2801
f 2811 2801 2803
f 2803 2801 2755
f 2803 2755 2770
f 2198 2173 2163
f 2811 3135 3218
f 2198 2163 2254
f 4123 2811 3995
f 3995 2811 3218
f 3995 3218 3783
f 3783 3218 3776
f 3373 3332 3430
f 3373 3430 3318
f 3318 3430 3554
f 3318 3554 3218
f 3218 3554 3604
f 3218 3604 3776
f 2141 2172 2135
f 2135 2172 2257
f 2135 2257 2144
f 2144 2257 2410
f 2144 2410 2145
f 2811 2803 3135
f 3135 2803 2770
f 3135 2770 3086
f 3086 2770 2722
f 3086 2722 2553
f 2722 2658 2553
f 2553 2658 2562
f 2553 2562 2410
f 2410 2562 2550
f 2410 2550 2434
f 2145 2410 2147
f 2147 2410 2434
f 2147 2434 2163
f 2163 2434 2346
f 2163 2346 2254
f 1123 1154 1256
f 1113 1123 1200
f 1200 1123 1256
f 1200 1256 1230
f 1439 1424 1302
f 1836 1750 1715
f 1836 1715 1517
f 1424 1439 1464
f 2216 2105 1836
f 1836 2105 2039
f 2039 2016 1836
f 1836 2016 1908
f 1836 1908 1750
f 2434 2550 2435
f 2435 2550 2562
f 2435 2562 2658
f 2254 2346 2287
f 1715 1464 1517
f 1517 1464 1439
f 1517 1439 1256
f 1256 1439 1302
f 1256 1302 1230
f 1154 1171 1256
f 1256 1171 1314
f 1256 1314 1517
f 1517 1314 1669
f 1517 1669 1836
f 1836 1669 2097
f 1836 2097 2216
f 2173 2198 2034
f 2034 2198 2140
f 2034 2140 1833
f 1833 2140 1869
f 1833 1869 1654
f 1654 1869 1633
f 1654 1633 1354
f 1354 1633 1433
f 1354 1433 1338
f 1338 1433 1294
f 2198 2254 2140
f 2140 2254 2287
f 2140 2287 1869
f 1869 2287 2055
f 1869 2055 1633
f 1633 2055 1850
f 1633 1850 1433
f 2770 2755 2722
f 2722 2755 2742
f 2722 2742 2658
f 2658 2742 2547
f 2658 2547 2435
f 2435 2547 2466
f 2435 2466 2097
f 2097 2466 2312
f 2097 2312 2216
f 2346 2434 2287
f 2287 2434 2435
f 2287 2435 2055
f 2055 2435 2097
f 2055 2097 1850
f 1850 2097 1669
f 1850 1669 1433
f 1433 1669 1314
f 1433 1314 1294
f 1294 1314 1171
f 1724 3080 1801
f 1801 3080 3081
f 1801 3081 1939
f 1939 3081 3087
f 1939 3087 2255
f 3086 2553 3087
f 3087 2553 2425
f 3087 2425 2255
f 1467 1606 1832
f 1334 1396 1318
f 1318 1396 1377
f 2015 2024 1616
f 2142 2024 2141
f 2141 2024 2015
f 2141 2015 2172
f 1589 1724 1801
f 2153 2255 2352
f 2352 2255 2425
f 1939 1832 1801
f 1801 1832 1606
f 1801 1606 1589
f 1589 1606 1467
f 1589 1467 1429
f 1334 1429 1396
f 1396 1429 1467
f 1396 1467 1711
f 1711 1467 1832
f 1711 1832 2153
f 2153 1832 1939
f 2153 1939 2255
f 2257 2172 2067
f 2067 2172 2015
f 2067 2015 1630
f 1630 2015 1616
f 1630 1616 1377
f 1377 1396 1630
f 1630 1396 1711
f 1630 1711 2067
f 2067 1711 2153
f 2067 2153 2257
f 2257 2153 2352
f 2257 2352 2410
f 2410 2352 2425
f 2410 2425 2553
f 4199 4212 2910
f 4199 2910 4176
f 2886 2811 4123
f 2910 2898 4176
f 4176 2898 2886
f 4176 2886 4158
f 4158 2886 4123
f 3261 2910 4212
f 4481 4505 3345
f 3261 4212 3345
f 3345 4212 4315
f 3345 4315 4481
f 4513 4526 4524
f 4524 4518 4513
f 4513 4518 4505
f 4513 4505 4480
f 4635 4628 4617
f 4617 4628 4614
f 4617 4614 4577
f 4577 4614 4599
f 4577 4599 4513
f 4513 4599 4530
f 4513 4530 4526
f 4635 4617 4639
f 4639 4617 4634
f 4639 4634 4708
f 4634 4684 4708
f 4708 4684 4709
f 4708 4709 4705
f 4705 4709 4710
f 4705 4710 4690
f 4690 4710 4698
f 4690 4698 4692
f 4505 4481 4480
f 4480 4481 4315
f 4480 4315 4310
f 4310 4315 4212
f 4310 4212 4177
f 4177 4212 4199
f 4177 4199 4176
f 4526 4530 3448
f 3371 3345 4505
f 3371 4505 3379
f 3379 4505 3394
f 3394 4505 4518
f 3394 4518 3448
f 3448 4518 4524
f 3448 4524 4526
f 3536 3534 3535
f 3535 3534 3537
f 3647 3648 3618
f 3647 3618 3619
f 3619 3618 3582
f 3619 3582 3581
f 3581 3582 3552
f 3581 3552 3551
f 3551 3552 3535
f 3551 3535 3537
f 4429 4437 4418
f 4418 4437 4438
f 4418 4438 4434
f 4418 4407 4408
f 4418 4408 4429
f 4429 4408 4411
f 4429 4411 4413
f 4438 4437 4449
f 4466 4470 4450
f 4450 4470 4471
f 4450 4471 4460
f 4460 4471 4472
f 4464 4466 4453
f 4453 4466 4450
f 4453 4450 4449
f 4449 4450 4441
f 4449 4441 4438
f 4438 4441 4434
f 4440 4434 4441
f 4460 4472 4456
f 4456 4472 4474
f 4474 4475 4456
f 4456 4475 4476
f 4456 4476 4477
f 4443 4440 4451
f 4451 4440 4441
f 4451 4441 4456
f 4456 4441 4450
f 4456 4450 4460
f 4427 4428 4432
f 4443 4432 4440
f 4440 4432 4428
f 4440 4428 4434
f 4423 4419 4432
f 4432 4419 4426
f 4432 4426 4427
f 4427 4426 4417
f 4427 4417 4416
f 4427 4416 4410
f 4414 4428 4427
f 4427 4410 4414
f 4414 4410 4404
f 4414 4404 4399
f 4399 4404 4402
f 4399 4402 4400
f 4399 4398 4414
f 4414 4398 4415
f 4414 4415 4428
f 4428 4415 4434
f 1621 2983 1631
f 1631 2983 2978
f 1811 1803 2942
f 2942 1803 2952
f 1803 1797 2952
f 2952 1797 1783
f 2952 1783 2956
f 2956 1783 1756
f 2956 1756 2968
f 2968 1756 1725
f 2968 1725 2974
f 2974 1725 1676
f 2974 1676 2978
f 2978 1676 1650
f 2978 1650 1631
f 2935 1739 1778
f 2942 2930 1811
f 1811 2930 2926
f 1811 2926 1805
f 1805 2926 2917
f 1805 2917 1778
f 1778 2917 2931
f 1778 2931 2935
f 1612 1664 2973
f 1739 2935 1664
f 1664 2935 2951
f 1664 2951 2973
f 2999 1530 2973
f 2973 1530 1573
f 2973 1573 1612
f 3023 1416 3022
f 3022 1416 1421
f 3022 1421 3017
f 3017 1421 1448
f 3017 1448 2999
f 2999 1448 1471
f 2999 1471 1530
f 3035 3042 1378
f 1378 1386 3035
f 3035 1386 1410
f 3035 1410 3028
f 3028 1410 1416
f 3028 1416 3023
f 2482 2341 2342
f 2342 2341 2201
f 2342 2201 2204
f 2204 2201 2152
f 2204 2152 2151
f 2151 2152 2203
f 2151 2203 2202
f 2202 2203 2343
f 2202 2343 2340
f 2340 2343 2478
f 2340 2478 2475
f 2475 2478 2577
f 2475 2577 2578
f 2578 2577 2691
f 2578 2691 2694
f 2694 2691 2715
f 2694 2715 2714
f 2714 2715 2693
f 2714 2693 2692
f 2692 2693 2580
f 2692 2580 2579
f 2579 2580 2473
f 2579 2473 2482
f 2482 2473 2341
f 2032 1318 2114
f 2114 1318 1378
f 2114 1378 2292
f 2292 1378 2469
f 2469 1378 3042
f 2469 3042 2616
f 1334 1318 1429
f 1429 1318 2032
f 1429 2032 1589
f 1589 2032 2115
f 1589 2115 1724
f 1724 2115 2293
f 1724 2293 3080
f 2616 3042 2737
f 2737 3042 3072
f 2737 3072 2765
f 2765 3072 3119
f 2765 3119 2738
f 2738 3119 3327
f 2738 3327 2615
f 2615 3327 3368
f 2615 3368 3348
f 3348 3302 2615
f 2615 3302 3239
f 2615 3239 3184
f 2293 2472 3080
f 3080 2472 2615
f 3080 2615 3128
f 3128 2615 3184
f 2472 2580 2615
f 2615 2580 2693
f 2615 2693 2738
f 2738 2693 2715
f 2738 2715 2765
f 2765 2715 2691
f 2765 2691 2737
f 2737 2691 2577
f 2737 2577 2616
f 2616 2577 2478
f 2616 2478 2469
f 2469 2478 2343
f 2469 2343 2292
f 2292 2343 2203
f 2292 2203 2114
f 2114 2203 2152
f 2114 2152 2032
f 2032 2152 2201
f 2032 2201 2115
f 2115 2201 2341
f 2115 2341 2293
f 2293 2341 2473
f 2293 2473 2472
f 2472 2473 2580
f 3000 2189 3003
f 3003 2189 2193
f 3003 2193 3008
f 1618 1620 2199
f 1617 1618 2991
f 2991 1618 2199
f 2991 2199 2992
f 2992 2199 2188
f 2992 2188 2995
f 1617 2991 1619
f 1619 2991 2983
f 1619 2983 1621
f 2189 3000 2187
f 2187 3000 2995
f 2187 2995 2186
f 2186 2995 2188
f 2452 2258 2513
f 2046 1941 2247
f 1378 1318 1377
f 1838 1833 1654
f 4166 4177 4033
f 3070 3060 2906
f 2960 2830 2709
f 2709 2830 2794
f 3307 3241 3131
f 3131 3241 3205
f 3131 3205 2906
f 2906 3205 3105
f 2906 3105 3070
f 3457 3627 3454
f 3457 3454 3131
f 3131 3454 3398
f 3131 3398 3307
f 3778 3526 3831
f 3831 3526 3718
f 3831 3718 3912
f 4166 4033 4161
f 3321 3517 3870
f 2669 2858 3211
f 2468 2265 2686
f 2686 2265 2430
f 1838 1654 1560
f 1560 1654 1354
f 1560 1354 1307
f 1307 1354 1338
f 1307 1338 1175
f 1338 1294 1175
f 1175 1294 1171
f 1175 1171 924
f 924 1171 1154
f 924 1154 868
f 868 1154 1123
f 868 1123 971
f 971 1123 1113
f 2348 2145 2147
f 1927 2024 2120
f 2120 2024 2142
f 2120 2142 2205
f 2205 2142 2141
f 2205 2141 2135
f 1529 1526 1553
f 1492 1485 1497
f 1497 1485 1505
f 1430 1413 1386
f 1386 1413 1408
f 1386 1408 1410
f 1386 1378 1430
f 1430 1378 1377
f 1430 1377 1456
f 1456 1377 1485
f 1456 1485 1478
f 1478 1485 1492
f 1559 1558 1553
f 1553 1558 1537
f 1553 1537 1529
f 1623 1569 1553
f 1553 1569 1561
f 1553 1561 1559
f 1856 1698 1755
f 1755 1698 1683
f 1683 1623 1755
f 1755 1623 1553
f 1755 1553 1485
f 1485 1553 1526
f 1485 1526 1505
f 1692 1697 1719
f 1719 1697 1701
f 1719 1701 1856
f 1856 1701 1703
f 1856 1703 1698
f 1617 1619 1613
f 1617 1613 1618
f 1618 1613 1620
f 1620 1613 1615
f 1620 1615 1632
f 1632 1615 1636
f 1632 1636 1719
f 1719 1636 1680
f 1719 1680 1692
f 2513 2258 2494
f 2789 2613 2513
f 2513 2613 2531
f 2513 2531 2452
f 2145 2348 2144
f 2144 2348 2440
f 2144 2440 2135
f 2135 2440 2376
f 2135 2376 2205
f 2205 2376 2263
f 2205 2263 2120
f 2046 1856 1941
f 1941 1856 1755
f 1941 1755 1695
f 1695 1755 1485
f 1695 1485 1616
f 1616 1485 1377
f 2731 2666 2763
f 2763 2666 2767
f 2763 2767 2962
f 2962 2767 3067
f 2962 3067 3212
f 3212 3067 3313
f 3212 3313 3526
f 3526 3313 3570
f 3526 3570 3718
f 3778 3627 3526
f 3526 3627 3457
f 3526 3457 3212
f 3212 3457 3131
f 3212 3131 2962
f 2962 3131 2906
f 2962 2906 2763
f 2763 2906 3060
f 2763 3060 2731
f 2731 3060 3016
f 2731 3016 2710
f 2710 3016 2980
f 2710 2980 2709
f 2709 2980 2929
f 2709 2929 2960
f 1833 1838 2034
f 2034 1838 2194
f 2034 2194 2173
f 2173 2194 2430
f 2173 2430 2163
f 2163 2430 2265
f 2163 2265 2147
f 2147 2265 2468
f 2147 2468 2348
f 2348 2468 2515
f 2348 2515 2440
f 2671 2669 2815
f 2815 2669 3211
f 2815 3211 3321
f 3321 3211 3482
f 3321 3482 3517
f 3321 3089 2815
f 2815 3089 2793
f 2815 2793 2671
f 2671 2793 2659
f 2671 2659 2516
f 2516 2659 2532
f 2516 2532 2424
f 2424 2532 2494
f 2424 2494 2247
f 2247 2494 2258
f 2247 2258 2046
f 2686 2858 2468
f 2468 2858 2669
f 2468 2669 2515
f 2515 2669 2671
f 2515 2671 2440
f 2440 2671 2516
f 2440 2516 2376
f 2376 2516 2424
f 2376 2424 2263
f 2263 2424 2247
f 2263 2247 2120
f 2120 2247 1941
f 2120 1941 1927
f 1927 1941 1695
f 1927 1695 2024
f 2024 1695 1616
f 2794 2789 2709
f 2709 2789 2513
f 2709 2513 2710
f 2710 2513 2494
f 2710 2494 2731
f 2731 2494 2532
f 2731 2532 2666
f 2666 2532 2659
f 2666 2659 2767
f 2767 2659 2793
f 2767 2793 3067
f 3067 2793 3089
f 3067 3089 3313
f 3313 3089 3321
f 3313 3321 3570
f 3570 3321 3870
f 3570 3870 3718
f 3718 3870 4161
f 3718 4161 3912
f 3912 4161 4033
f 3912 4033 3831
f 1672 1754 1739
f 1739 1754 1778
f 1739 1664 1672
f 1672 1664 1612
f 1672 1612 1565
f 1565 1612 1573
f 1565 1573 1530
f 1778 1754 1805
f 1805 1754 1785
f 1805 1785 1811
f 1756 1783 1767
f 1767 1783 1797
f 1767 1797 1785
f 1785 1797 1803
f 1785 1803 1811
f 1756 1767 1725
f 1725 1767 1702
f 1725 1702 1676
f 1676 1702 1671
f 1676 1671 1650
f 1650 1671 1641
f 1650 1641 1631
f 1717 1690 1598
f 1413 1430 1411
f 1351 1339 1282
f 1279 1248 1313
f 1313 1248 1164
f 1456 1458 1455
f 1455 1458 1451
f 1430 1456 1411
f 1411 1456 1455
f 1411 1455 1367
f 1367 1455 1451
f 1367 1451 1425
f 1410 1408 1416
f 1416 1408 1374
f 1416 1374 1421
f 1400 1453 1448
f 1619 1621 1574
f 1574 1621 1600
f 1600 1621 1631
f 1600 1631 1641
f 1680 1636 1596
f 1596 1636 1615
f 1596 1615 1574
f 1574 1615 1613
f 1574 1613 1619
f 1680 1643 1652
f 1652 1643 1543
f 1652 1543 1599
f 1324 1365 1441
f 1441 1365 1383
f 1599 1543 1496
f 1496 1543 1441
f 1496 1441 1495
f 1495 1441 1383
f 1495 1383 1438
f 1672 1565 1518
f 1518 1565 1530
f 1518 1530 1453
f 1453 1530 1471
f 1453 1471 1448
f 1754 1690 1785
f 1785 1690 1717
f 1785 1717 1767
f 1408 1413 1374
f 1374 1413 1411
f 1374 1411 1331
f 1331 1411 1367
f 1331 1367 1282
f 1282 1367 1425
f 1282 1425 1351
f 1445 1518 1361
f 1361 1518 1453
f 1361 1453 1327
f 1327 1453 1400
f 1327 1400 1315
f 1427 1598 1519
f 1519 1598 1690
f 1519 1690 1610
f 1610 1690 1754
f 1610 1754 1672
f 1503 1596 1490
f 1490 1596 1574
f 1490 1574 1507
f 1507 1574 1600
f 1507 1600 1548
f 1340 1445 1278
f 1278 1445 1361
f 1278 1361 1237
f 1237 1361 1327
f 1237 1327 1228
f 1228 1327 1315
f 1228 1315 1238
f 1385 1503 1362
f 1362 1503 1490
f 1362 1490 1393
f 1393 1490 1507
f 1393 1507 1443
f 1443 1507 1548
f 1443 1548 1493
f 1448 1421 1400
f 1400 1421 1374
f 1400 1374 1315
f 1315 1374 1331
f 1315 1331 1238
f 1238 1331 1282
f 1238 1282 1164
f 1164 1282 1339
f 1164 1339 1313
f 1164 1061 1238
f 1238 1061 1027
f 1238 1027 1228
f 1228 1027 970
f 1228 970 1237
f 1237 970 1047
f 1237 1047 1278
f 1278 1047 1151
f 1278 1151 1340
f 1340 1151 1226
f 1340 1226 1249
f 1672 1518 1610
f 1610 1518 1445
f 1610 1445 1519
f 1519 1445 1340
f 1519 1340 1427
f 1427 1340 1249
f 1427 1249 1316
f 1316 1332 1427
f 1427 1332 1486
f 1427 1486 1598
f 1598 1486 1625
f 1598 1625 1717
f 1717 1625 1699
f 1717 1699 1767
f 1767 1699 1702
f 1332 1368 1486
f 1486 1368 1512
f 1486 1512 1625
f 1625 1512 1605
f 1625 1605 1699
f 1699 1605 1647
f 1699 1647 1702
f 1702 1647 1671
f 1368 1414 1512
f 1512 1414 1493
f 1512 1493 1605
f 1605 1493 1548
f 1605 1548 1647
f 1647 1548 1600
f 1647 1600 1671
f 1671 1600 1641
f 1414 1373 1493
f 1493 1373 1353
f 1493 1353 1443
f 1443 1353 1330
f 1443 1330 1393
f 1393 1330 1292
f 1393 1292 1362
f 1362 1292 1266
f 1362 1266 1385
f 1385 1266 1274
f 1385 1274 1284
f 1680 1596 1643
f 1643 1596 1503
f 1643 1503 1543
f 1543 1503 1385
f 1543 1385 1441
f 1441 1385 1284
f 1441 1284 1324
f 1247 860 861
f 1247 861 1246
f 1246 861 863
f 1246 863 1248
f 1412 1247 1246
f 1529 1537 1422
f 1422 1537 1558
f 1422 1558 1559
f 1529 1470 1526
f 1526 1470 1505
f 1505 1470 1497
f 1497 1470 1446
f 1497 1446 1492
f 1492 1446 1480
f 1492 1480 1478
f 1478 1480 1458
f 1478 1458 1456
f 1369 1351 1425
f 1279 1313 1422
f 1422 1313 1369
f 1369 1313 1339
f 1369 1339 1351
f 1248 1279 1246
f 1246 1279 1422
f 1246 1422 1412
f 1412 1422 1559
f 1412 1559 1561
f 1529 1422 1470
f 1470 1422 1369
f 1470 1369 1446
f 1446 1369 1425
f 1446 1425 1480
f 1480 1425 1451
f 1480 1451 1458
f 1366 1623 1521
f 1521 1623 1683
f 854 860 1247
f 1561 1569 1412
f 1412 1569 1623
f 1412 1623 1247
f 1247 1623 1366
f 1247 1366 854
f 854 1366 911
f 1521 1683 1564
f 1383 1365 1364
f 1653 1524 1564
f 1683 1698 1564
f 1564 1698 1703
f 1564 1703 1653
f 1653 1703 1701
f 1653 1701 1697
f 1383 1364 1438
f 1366 1521 1364
f 1364 1521 1564
f 1364 1564 1438
f 1438 1564 1524
f 1438 1524 1495
f 1495 1524 1496
f 1496 1524 1653
f 1496 1653 1599
f 1599 1653 1697
f 1599 1697 1652
f 1652 1697 1692
f 1652 1692 1680
f 1365 915 1364
f 1364 915 925
f 1364 925 1366
f 1366 925 911
f 4294 4295 3648
f 3648 4295 3536
f 3648 3536 3535
f 3535 3552 3648
f 3648 3552 3582
f 3648 3582 3618
f 4383 4425 4422
f 4359 4383 4338
f 4338 4383 4422
f 4338 4422 4382
f 4382 4422 4435
f 3648 3647 4294
f 4294 3647 4289
f 4294 4289 4338
f 4338 4289 4334
f 4338 4334 4359
f 4290 4289 3534
f 3534 4289 3647
f 3534 3647 3537
f 3619 3581 3647
f 3647 3581 3551
f 3647 3551 3537
f 4422 4424 4435
f 4435 4424 4469
f 4435 4469 4436
f 4436 4469 4468
f 4468 4469 4528
f 4468 4528 4527
f 4139 4194 4679
f 3536 2833 3534
f 3534 2833 3404
f 3534 3404 3466
f 4328 4385 4243
f 4243 4385 4421
f 4243 4421 4191
f 4191 4421 4290
f 4191 4290 3646
f 3646 4290 3534
f 3646 3534 3572
f 3572 3534 3466
f 4360 4325 4394
f 4394 4325 4290
f 4394 4290 4420
f 4420 4290 4421
f 3536 4295 4044
f 4679 4194 4652
f 4652 4194 4140
f 4652 4140 4527
f 4679 4573 4139
f 4139 4573 4344
f 4139 4344 4046
f 4046 4344 4115
f 4046 4115 3905
f 3905 4115 3886
f 3905 3886 3701
f 4527 4140 4468
f 4468 4140 4044
f 4468 4044 4436
f 4044 3897 3536
f 3536 3897 3699
f 3536 3699 2833
f 2833 3699 3592
f 2833 3592 2790
f 2790 3592 3541
f 2790 3541 2958
f 2958 3541 3591
f 2958 3591 3221
f 3221 3591 3701
f 3221 3701 3603
f 3603 3701 3886
f 4295 4339 4044
f 4044 4339 4381
f 4044 4381 4436
f 4295 4294 4339
f 4339 4294 4338
f 4339 4338 4381
f 4381 4338 4382
f 4381 4382 4436
f 4436 4382 4435
f 4424 4422 4423
f 4423 4422 4425
f 4425 4420 4423
f 4423 4420 4421
f 4423 4421 4419
f 4419 4421 4426
f 4420 4425 4383
f 4420 4383 4394
f 4394 4383 4359
f 4394 4359 4360
f 4360 4359 4334
f 4360 4334 4325
f 4325 4334 4289
f 4325 4289 4290
f 1324 1284 867
f 1284 1274 867
f 867 1274 1266
f 867 1266 841
f 841 1266 1292
f 841 1292 852
f 852 1292 1330
f 852 1330 900
f 900 1330 1353
f 900 1353 917
f 917 1353 1373
f 917 1373 937
f 937 1373 1414
f 1249 853 1316
f 1316 853 878
f 1316 878 1332
f 1332 878 873
f 1332 873 1368
f 1368 873 905
f 1368 905 1414
f 1414 905 934
f 1414 934 937
f 970 877 851
f 1249 1226 853
f 853 1226 1151
f 853 1151 851
f 851 1151 1047
f 851 1047 970
f 970 1027 877
f 877 1027 1061
f 877 1061 857
f 1061 1164 857
f 857 1164 1248
f 857 1248 863
f 867 847 1324
f 1324 847 915
f 1324 915 1365
f 2353 2335 2014
f 2014 2335 1957
f 2014 1957 1876
f 1876 1957 1846
f 1876 1846 2013
f 2013 1846 1956
f 2013 1956 2354
f 2354 1956 2336
f 2354 2336 2649
f 2649 2336 2633
f 2649 2633 2904
f 2904 2633 2912
f 2904 2912 3154
f 3154 2912 3177
f 3154 3177 3233
f 3233 3177 3279
f 3233 3279 3153
f 3153 3279 3178
f 3153 3178 2903
f 2903 3178 2913
f 2903 2913 2636
f 2636 2913 2634
f 2636 2634 2353
f 2353 2634 2335
f 2984 2981 1587
f 1674 2967 2979
f 1674 2979 1649
f 1649 2979 2986
f 1649 2986 1626
f 1674 1728 2967
f 2967 1728 1760
f 2967 1760 2954
f 1760 1793 2954
f 2954 1793 1800
f 2954 1800 2940
f 2940 1800 1813
f 2940 1813 2927
f 1813 1822 2927
f 2927 1822 1821
f 2927 1821 2919
f 2919 1821 1818
f 2919 1818 2936
f 1818 1795 2936
f 2936 1795 1768
f 2936 1768 2955
f 2955 1768 1681
f 2955 1681 2977
f 2977 1681 2981
f 2981 1681 1635
f 2981 1635 1587
f 1587 1545 2984
f 2984 1545 1514
f 2984 1514 3009
f 3009 1514 1460
f 3009 1460 3020
f 3020 1460 1436
f 3020 1436 3027
f 3027 1436 1419
f 2964 2852 2975
f 2975 2852 2897
f 2975 2897 2985
f 2640 2642 2760
f 2760 2642 2759
f 2760 2759 2865
f 2865 2759 2866
f 2865 2866 2901
f 2901 2866 2902
f 2901 2902 2864
f 2864 2902 2863
f 2864 2863 2762
f 2762 2863 2761
f 2762 2761 2628
f 2628 2761 2641
f 2628 2641 2506
f 2506 2641 2508
f 2506 2508 2404
f 2404 2508 2405
f 2404 2405 2355
f 2355 2405 2356
f 2355 2356 2406
f 2406 2356 2407
f 2406 2407 2507
f 2507 2407 2509
f 2507 2509 2640
f 2640 2509 2642
f 3027 1419 1405
f 3027 1405 3030
f 3030 1405 1384
f 3030 1384 3036
f 3036 1384 1375
f 3036 1375 3046
f 3315 3299 3354
f 3095 3079 3082
f 3082 3096 3095
f 3095 3096 3134
f 3095 3134 3150
f 3150 3134 3204
f 3150 3204 3203
f 3203 3204 3273
f 3203 3273 3228
f 3315 3354 3353
f 3353 3354 3372
f 3353 3372 3365
f 3365 3372 3329
f 3365 3329 3326
f 3330 3329 3340
f 3340 3329 3372
f 3340 3372 3370
f 3370 3372 3354
f 3370 3354 3344
f 3344 3354 3299
f 3344 3299 3278
f 3082 3083 3096
f 3096 3083 3126
f 3096 3126 3134
f 3134 3126 3197
f 3134 3197 3204
f 3204 3197 3278
f 3204 3278 3273
f 3273 3278 3299
f 3273 3299 3228
f 3228 3299 3315
f 4667 4655 4386
f 4697 4695 4378
f 4378 4695 4693
f 4006 3929 3920
f 3920 3929 3885
f 4693 4667 4378
f 4378 4667 4386
f 4378 4386 4272
f 4272 4386 4203
f 4272 4203 4190
f 4190 4203 4008
f 4190 4008 4006
f 4006 4008 3939
f 4006 3939 3929
f 4172 4729 4223
f 4223 4729 4750
f 4223 4750 4171
f 3903 4034 4066
f 4066 4034 4276
f 4066 4276 4172
f 4172 4276 4558
f 4172 4558 4729
f 2592 3683 4487
f 4487 3683 3906
f 4487 3906 4545
f 4545 3906 4065
f 4706 4707 4065
f 4065 4707 4638
f 4065 4638 4545
f 2592 2544 3683
f 3683 2544 2500
f 3683 2500 3566
f 2500 2366 3566
f 3566 2366 2157
f 3566 2157 1882
f 4750 4724 4171
f 4171 4724 4632
f 4171 4632 4065
f 4065 4632 4683
f 4065 4683 4706
f 1882 1583 3566
f 3566 1583 1298
f 3566 1298 3508
f 3508 1298 2824
f 3508 2824 3567
f 3567 2824 3056
f 3567 3056 3682
f 3682 3056 3424
f 3682 3424 3903
f 3903 3424 3736
f 3903 3736 4034
f 4632 4724 4735
f 4735 4647 4632
f 4632 4647 4689
f 4632 4689 4683
f 4683 4689 4706
f 4691 4689 4647
f 4667 4693 4691
f 4734 4723 4735
f 4735 4723 4662
f 4735 4662 4647
f 4647 4662 4643
f 4647 4643 4691
f 4691 4643 4655
f 4691 4655 4667
f 2807 2824 1270
f 1270 2824 1298
f 1291 1262 1298
f 1298 1262 1270
f 1140 1072 1165
f 1165 1072 1087
f 1165 1087 1213
f 1213 1087 1142
f 1213 1142 1245
f 1245 1142 1224
f 1245 1224 1291
f 1291 1224 1262
f 3761 3795 3785
f 3834 3828 3859
f 3873 3865 3868
f 3868 3865 3863
f 3868 3863 3853
f 3853 3863 3852
f 3853 3852 3824
f 3761 3767 3795
f 3795 3767 3800
f 3795 3800 3824
f 3767 3780 3800
f 3800 3780 3808
f 3800 3808 3824
f 3824 3808 3835
f 3824 3835 3853
f 3853 3835 3858
f 3853 3858 3868
f 3785 3795 3817
f 3817 3795 3824
f 3817 3824 3827
f 3827 3824 3852
f 3827 3852 3861
f 3861 3852 3863
f 3861 3863 3859
f 3859 3863 3865
f 3859 3865 3834
f 3785 3734 3761
f 3761 3734 3739
f 3761 3739 3767
f 3767 3739 3755
f 3767 3755 3780
f 3780 3755 3803
f 3780 3803 3808
f 3808 3803 3846
f 3808 3846 3835
f 3835 3846 3867
f 3835 3867 3858
f 3858 3867 3875
f 3858 3875 3868
f 3868 3875 3876
f 3868 3876 3873
f 3873 3876 3851
f 3873 3851 3865
f 3865 3851 3841
f 3865 3841 3834
f 1584 1585 1140
f 1140 1165 1584
f 1584 1165 1213
f 1584 1213 1580
f 1580 1213 1245
f 1580 1245 1581
f 1581 1245 1291
f 1581 1291 1583
f 1583 1291 1298
f 2392 2374 2227
f 2421 2399 2249
f 2500 2438 2366
f 2366 2438 2300
f 2366 2300 2157
f 2157 2300 2108
f 2157 2108 1882
f 1882 2108 1861
f 1882 1861 1583
f 1584 1580 1861
f 1861 1580 1581
f 1861 1581 1583
f 2438 2421 2300
f 2300 2421 2249
f 2300 2249 2108
f 2108 2249 2068
f 2108 2068 1861
f 1861 2068 1849
f 1861 1849 1584
f 2399 2392 2249
f 2249 2392 2227
f 2249 2227 2068
f 2068 2227 2051
f 2068 2051 1849
f 1849 2051 1841
f 1849 1841 1584
f 1584 1841 1585
f 2544 2592 2593
f 2500 2544 2524
f 2500 2524 2438
f 2438 2524 2512
f 2438 2512 2421
f 2421 2512 2399
f 2399 2512 2495
f 2399 2495 2392
f 2392 2495 2493
f 2392 2493 2374
f 2544 2593 2524
f 2524 2593 2589
f 2524 2589 2512
f 2512 2589 2591
f 2512 2591 2495
f 2495 2591 2594
f 2495 2594 2493
f 2593 2592 4487
f 2589 3755 2591
f 2591 3755 3739
f 2591 3739 2594
f 2594 3739 3734
f 4489 3755 4490
f 4490 3755 2589
f 4490 2589 4491
f 4491 2589 2593
f 4491 2593 4492
f 4492 2593 4487
f 4593 4489 4490
f 4593 4490 4578
f 4490 4491 4578
f 4578 4491 4492
f 4578 4492 4572
f 4572 4492 4487
f 4572 4487 4545
f 2824 2807 3043
f 2824 3043 3056
f 3056 3043 3414
f 3056 3414 3424
f 3424 3414 3732
f 3424 3732 3736
f 3736 3732 4035
f 3736 4035 4034
f 4034 4035 4285
f 4034 4285 4276
f 4276 4285 4565
f 4276 4565 4558
f 4558 4565 4741
f 4558 4741 4729
f 4729 4741 4757
f 4729 4757 4750
f 4750 4757 4735
f 4750 4735 4724
f 3700 3683 3595
f 3595 3683 3566
f 3595 3566 3538
f 3538 3566 3508
f 3538 3508 3593
f 3593 3508 3567
f 3593 3567 3703
f 3703 3567 3682
f 3703 3682 3904
f 3904 3682 3903
f 3904 3903 4048
f 4048 3903 4066
f 4048 4066 4141
f 4141 4066 4172
f 4141 4172 4196
f 4196 4172 4223
f 4196 4223 4137
f 4137 4223 4171
f 4137 4171 4045
f 4045 4171 4065
f 4045 4065 3898
f 3898 4065 3906
f 3898 3906 3700
f 3700 3906 3683
f 3898 3901 4045
f 4045 3901 4047
f 4045 4047 4137
f 4137 4047 4138
f 4137 4138 4196
f 4196 4138 4197
f 4196 4197 4141
f 4141 4197 4142
f 4141 4142 4048
f 4048 4142 4043
f 4048 4043 3904
f 3904 4043 3900
f 3904 3900 3703
f 3703 3900 3704
f 3703 3704 3593
f 3593 3704 3594
f 3593 3594 3538
f 3538 3594 3539
f 3538 3539 3595
f 3595 3539 3596
f 3595 3596 3700
f 3700 3596 3702
f 3700 3702 3898
f 3898 3702 3901
f 4026 4043 4111
f 4111 4043 4142
f 4111 4142 4162
f 4162 4142 4197
f 4162 4197 4112
f 4112 4197 4138
f 4112 4138 4027
f 4027 4138 4047
f 4027 4047 3902
f 3902 4047 3901
f 3902 3901 3729
f 3729 3901 3702
f 3729 3702 3629
f 3629 3702 3596
f 3629 3596 3583
f 3583 3596 3539
f 3583 3539 3628
f 3628 3539 3594
f 3628 3594 3730
f 3730 3594 3704
f 3730 3704 3907
f 3907 3704 3900
f 3907 3900 4026
f 4026 3900 4043
f 4027 4350 4112
f 4112 4350 4569
f 4112 4569 4162
f 4162 4569 4620
f 4162 4620 4111
f 3629 3237 3729
f 3729 3237 3612
f 3729 3612 3902
f 3902 3612 3908
f 3902 3908 4027
f 4027 3908 4128
f 4027 4128 4350
f 4620 4568 4111
f 4111 4568 4351
f 4111 4351 4026
f 4026 4351 4129
f 4026 4129 3907
f 3907 4129 3899
f 3907 3899 3730
f 3899 3613 3730
f 3730 3613 3238
f 3730 3238 3628
f 3628 3238 3031
f 3628 3031 3583
f 3583 3031 2871
f 3583 2871 3629
f 3629 2871 3032
f 3629 3032 3237
f 2282 2379 2486
f 2486 2379 2477
f 2486 2477 2559
f 2378 2283 2486
f 2486 2283 2242
f 2486 2242 2282
f 2626 2558 2486
f 2486 2558 2483
f 2486 2483 2378
f 2559 2627 2486
f 2486 2627 2674
f 2486 2674 2626
f 2559 2598 2627
f 2627 2598 2702
f 2627 2702 2674
f 2674 2702 2730
f 2674 2730 2626
f 2626 2730 2699
f 2626 2699 2558
f 2558 2699 2597
f 2558 2597 2483
f 2483 2597 2480
f 2483 2480 2378
f 2378 2480 2328
f 2378 2328 2283
f 2283 2328 2177
f 2283 2177 2242
f 2242 2177 2125
f 2242 2125 2282
f 2282 2125 2178
f 2282 2178 2379
f 2379 2178 2326
f 2379 2326 2477
f 2477 2326 2476
f 2477 2476 2559
f 2559 2476 2598
f 2877 2913 3120
f 3120 2913 3178
f 3120 3178 3186
f 3186 3178 3279
f 3186 3279 3121
f 3121 3279 3177
f 3121 3177 2876
f 2876 3177 2912
f 2876 2912 2629
f 2629 2912 2633
f 2629 2633 2386
f 2386 2633 2336
f 2386 2336 2101
f 2101 2336 1956
f 2101 1956 1945
f 1945 1956 1846
f 1945 1846 2100
f 2100 1846 1957
f 2100 1957 2388
f 2388 1957 2335
f 2388 2335 2638
f 2638 2335 2634
f 2638 2634 2877
f 2877 2634 2913
f 2628 2631 2762
f 2762 2631 2848
f 2762 2848 2864
f 2864 2848 3093
f 2864 3093 2901
f 2901 3093 3145
f 2901 3145 2865
f 2865 3145 3092
f 2865 3092 2760
f 2760 3092 2849
f 2760 2849 2640
f 2640 2849 2653
f 2640 2653 2507
f 2507 2653 2416
f 2507 2416 2406
f 2406 2416 2159
f 2406 2159 2355
f 2355 2159 2048
f 2355 2048 2404
f 2404 2048 2158
f 2404 2158 2506
f 2506 2158 2415
f 2506 2415 2628
f 2628 2415 2631
f 2638 2647 2388
f 2388 2647 2389
f 2388 2389 2100
f 2100 2389 2102
f 2100 2102 1945
f 1945 2102 1944
f 1945 1944 2101
f 2101 1944 2099
f 2101 2099 2386
f 2386 2099 2387
f 2386 2387 2629
f 2629 2387 2646
f 2629 2646 2876
f 2876 2646 2878
f 2876 2878 3121
f 3121 2878 3123
f 3121 3123 3186
f 3186 3123 3185
f 3186 3185 3120
f 3120 3185 3122
f 3120 3122 2877
f 2877 3122 2879
f 2877 2879 2638
f 2638 2879 2647
f 2848 2879 3093
f 3093 2879 3122
f 3093 3122 3145
f 3145 3122 3185
f 3145 3185 3092
f 3092 3185 3123
f 3092 3123 2849
f 2849 3123 2878
f 2849 2878 2653
f 2653 2878 2646
f 2653 2646 2416
f 2416 2646 2387
f 2416 2387 2159
f 2159 2387 2099
f 2159 2099 2048
f 2048 2099 1944
f 2048 1944 2158
f 2158 1944 2102
f 2158 2102 2415
f 2415 2102 2389
f 2415 2389 2631
f 2631 2389 2647
f 2631 2647 2848
f 2848 2647 2879
f 2407 2071 2509
f 2509 2071 2362
f 2509 2362 2642
f 2642 2362 2611
f 2642 2611 2759
f 2759 2611 2855
f 2759 2855 2866
f 2866 2855 3109
f 2866 3109 2902
f 2902 3109 3167
f 2902 3167 2863
f 2863 3167 3108
f 2863 3108 2761
f 2761 3108 2854
f 2761 2854 2641
f 2641 2854 2612
f 2641 2612 2508
f 2508 2612 2363
f 2508 2363 2405
f 2405 2363 2070
f 2405 2070 2356
f 2356 2070 1920
f 2356 1920 2407
f 2407 1920 2071
f 2776 2853 2855
f 3148 3165 3167
f 2610 2612 2746
f 2746 2612 2854
f 2746 2854 2781
f 3146 3106 3108
f 3108 3106 3053
f 3108 3053 2854
f 2854 3053 2856
f 2854 2856 2781
f 3167 3165 3108
f 3108 3165 3164
f 3108 3164 3146
f 3010 3090 3109
f 3109 3090 3107
f 3109 3107 3167
f 3167 3107 3147
f 3167 3147 3148
f 2855 2853 3109
f 3109 2853 2908
f 3109 2908 3010
f 2490 2604 2611
f 2611 2604 2657
f 2611 2657 2855
f 2855 2657 2756
f 2855 2756 2776
f 2228 2302 2362
f 2362 2302 2361
f 2362 2361 2611
f 2611 2361 2446
f 2611 2446 2490
f 1922 1947 1920
f 1920 1947 2071
f 1947 1954 2071
f 2071 1954 2063
f 2071 2063 2362
f 2362 2063 2104
f 2362 2104 2228
f 2072 2026 2070
f 2070 2026 1933
f 2070 1933 1920
f 1920 1933 1921
f 1920 1921 1922
f 2072 2070 2149
f 2149 2070 2363
f 2149 2363 2309
f 2610 2554 2612
f 2612 2554 2449
f 2612 2449 2363
f 2363 2449 2359
f 2363 2359 2309
f 4600 4593 4604
f 4604 4593 4578
f 4604 4578 4609
f 4609 4578 4572
f 4609 4572 4615
f 4615 4572 4545
f 4615 4545 4638
f 4482 4504 4479
f 4479 4504 4507
f 4507 4514 4479
f 4479 4514 4519
f 4479 4519 4531
f 4618 4591 4609
f 4591 4520 4609
f 4609 4520 4479
f 4609 4479 4604
f 4604 4479 4531
f 4604 4531 4600
f 4175 4188 4174
f 4174 4188 4200
f 4174 4200 4346
f 4346 4200 4213
f 4346 4213 4479
f 4479 4213 4313
f 4479 4313 4482
f 4609 4615 4618
f 4618 4615 4638
f 4618 4638 4641
f 4641 4638 4696
f 4693 4695 4691
f 4691 4695 4697
f 4691 4697 4689
f 4689 4697 4711
f 4689 4711 4706
f 4706 4711 4696
f 4706 4696 4707
f 4707 4696 4638
f 1990 2087 1375
f 2087 2274 1375
f 1375 2274 2479
f 1375 2479 3046
f 3046 2479 2632
f 3046 2632 3071
f 3071 2632 2750
f 3071 2750 3110
f 3110 2750 2772
f 3110 2772 3173
f 3173 2772 2749
f 2644 3353 3365
f 1375 1317 1990
f 1990 1317 1323
f 1990 1323 2088
f 2088 1323 1450
f 2088 1450 2275
f 2275 1450 1722
f 2275 1722 2484
f 2484 1722 3079
f 2484 3079 2644
f 2644 3079 3095
f 3365 3326 2644
f 2644 3326 3250
f 2644 3250 2749
f 2749 3250 3242
f 2749 3242 3173
f 3315 3353 3228
f 3228 3353 2644
f 3228 2644 3203
f 3203 2644 3095
f 3203 3095 3150
f 2481 2476 2327
f 2327 2476 2326
f 2327 2326 2179
f 2179 2326 2178
f 2179 2178 2126
f 2126 2178 2125
f 2126 2125 2176
f 2176 2125 2177
f 2176 2177 2325
f 2325 2177 2328
f 2325 2328 2474
f 2474 2328 2480
f 2474 2480 2599
f 2599 2480 2597
f 2599 2597 2701
f 2701 2597 2699
f 2701 2699 2729
f 2729 2699 2730
f 2729 2730 2700
f 2700 2730 2702
f 2700 2702 2596
f 2596 2702 2598
f 2596 2598 2481
f 2481 2598 2476
f 2596 2644 2700
f 2700 2644 2749
f 2700 2749 2729
f 2729 2749 2772
f 2729 2772 2701
f 2701 2772 2750
f 2701 2750 2599
f 2599 2750 2632
f 2599 2632 2474
f 2474 2632 2479
f 2474 2479 2325
f 2325 2479 2274
f 2325 2274 2176
f 2176 2274 2087
f 2176 2087 2126
f 2126 2087 1990
f 2126 1990 2179
f 2179 1990 2088
f 2179 2088 2327
f 2327 2088 2275
f 2327 2275 2481
f 2481 2275 2484
f 2481 2484 2596
f 2596 2484 2644
f 3331 3335 3369
f 3335 3337 3370
f 3337 3338 3370
f 3370 3338 3339
f 3370 3339 3340
f 3126 3083 3085
f 3085 3125 3126
f 3126 3125 3196
f 3126 3196 3197
f 3197 3196 3277
f 3197 3277 3278
f 3278 3277 3343
f 3278 3343 3344
f 3344 3343 3369
f 3344 3369 3370
f 3370 3369 3335
f 3335 3331 3336
f 3458 3216 3002
f 2982 3015 2719
f 965 1113 1229
f 2131 2096 2079
f 2056 2075 2139
f 1857 1896 1760
f 2852 2964 2716
f 2852 2716 2831
f 2831 2716 2808
f 2808 2716 2728
f 2728 2716 2521
f 2728 2521 2534
f 2534 2521 2311
f 2534 2311 2360
f 1587 1635 1787
f 1787 1635 1681
f 1822 1813 1896
f 1681 1768 1787
f 1787 1768 1795
f 1787 1795 1818
f 1822 1896 1821
f 2360 2311 2262
f 2262 2311 2064
f 2262 2064 2044
f 2044 2064 1787
f 2044 1787 1896
f 1896 1787 1818
f 1896 1818 1821
f 1813 1800 1896
f 1896 1800 1793
f 1896 1793 1760
f 1857 1760 1819
f 1819 1760 1728
f 1819 1728 1685
f 1685 1728 1674
f 1685 1674 1649
f 1649 1626 1685
f 1685 1626 1624
f 1685 1624 1622
f 1476 1460 1514
f 1317 1375 1389
f 1389 1375 1384
f 1460 1476 1436
f 1436 1476 1389
f 1436 1389 1419
f 1419 1389 1384
f 1419 1384 1405
f 1691 2017 2078
f 2078 2017 2349
f 2078 2349 2077
f 2077 2349 2245
f 2056 2139 2079
f 2131 2079 2357
f 2228 1919 1961
f 2228 1961 2302
f 2228 2104 1919
f 1919 2104 2063
f 1919 2063 1541
f 1947 1837 1954
f 1954 1837 1752
f 1954 1752 2063
f 2063 1752 1541
f 1541 1752 1306
f 1541 1306 1484
f 1484 1306 1272
f 1484 1272 1240
f 1240 1272 923
f 1240 923 1229
f 1229 923 868
f 1229 868 965
f 1961 2096 2302
f 2302 2096 2131
f 2302 2131 2361
f 2361 2131 2446
f 2828 2908 2853
f 2853 2776 2828
f 2828 2776 2756
f 2828 2756 2665
f 2756 2657 2665
f 2665 2657 2604
f 2665 2604 2463
f 2463 2604 2490
f 2463 2490 2446
f 3147 3107 3480
f 3480 3107 3384
f 3480 3384 3564
f 3564 3384 3799
f 3107 3090 3384
f 3384 3090 3010
f 3384 3010 2908
f 4163 3923 3733
f 3733 3923 3866
f 3733 3866 3799
f 4058 4174 4163
f 4163 3733 4058
f 4058 3733 3543
f 4058 3543 3919
f 3216 3458 3543
f 3543 3458 3672
f 3543 3672 3919
f 3506 3555 3458
f 3458 3555 3634
f 3458 3634 3672
f 3049 3073 2769
f 2769 3073 3084
f 2769 3084 3163
f 2982 2719 2932
f 2575 2533 2349
f 2349 2533 2414
f 2349 2414 2245
f 1691 1977 2017
f 2017 1977 2298
f 2017 2298 2349
f 2349 2298 2545
f 2349 2545 2575
f 2575 2545 2769
f 2575 2769 2836
f 2836 2769 3163
f 2836 3163 3133
f 3133 3163 3243
f 3133 3243 3323
f 3015 3049 2719
f 2719 3049 2769
f 2719 2769 2514
f 2514 2769 2545
f 2514 2545 2264
f 2264 2545 2298
f 2264 2298 1986
f 1986 2298 1977
f 1986 1977 1738
f 1738 1977 1691
f 1738 1691 1476
f 1514 1545 1476
f 1476 1545 1587
f 1476 1587 1738
f 1738 1587 1787
f 1738 1787 1986
f 1986 1787 2064
f 1986 2064 2264
f 2264 2064 2311
f 2264 2311 2514
f 2514 2311 2521
f 2514 2521 2719
f 2719 2521 2716
f 2719 2716 2932
f 2932 2716 2964
f 2446 2131 2463
f 2463 2131 2357
f 2463 2357 2665
f 2665 2357 2527
f 2665 2527 2828
f 2695 2861 2540
f 2540 2861 2697
f 2540 2697 2398
f 2533 2695 2414
f 2414 2695 2540
f 2414 2540 2245
f 2245 2540 2398
f 2245 2398 2206
f 2206 2398 2272
f 2908 2828 3384
f 3384 2828 3117
f 3384 3117 3359
f 3359 3117 2820
f 3359 2820 3069
f 3069 2820 2675
f 3069 2675 2774
f 3799 3384 3733
f 3733 3384 3359
f 3733 3359 3543
f 3543 3359 3069
f 3543 3069 3216
f 3216 3069 2774
f 3216 2774 3002
f 2056 2077 2075
f 2075 2077 2245
f 2075 2245 2139
f 2139 2245 2206
f 2139 2206 2079
f 2079 2206 2272
f 2079 2272 2357
f 2357 2272 2398
f 2357 2398 2527
f 2527 2398 2697
f 2527 2697 2828
f 2828 2697 2861
f 2828 2861 3117
f 3117 2861 2695
f 3117 2695 2820
f 2820 2695 2533
f 2820 2533 2675
f 2675 2533 2575
f 2675 2575 2774
f 2774 2575 2836
f 2774 2836 3002
f 3002 2836 3133
f 3002 3133 3458
f 3458 3133 3323
f 3458 3323 3506
f 2372 2525 2417
f 2619 2741 2602
f 2602 2741 2751
f 2602 2751 2757
f 1715 1750 1830
f 1830 1750 1908
f 1715 1830 1464
f 1464 1830 1502
f 1464 1502 1424
f 1424 1502 1302
f 1302 1502 1308
f 1302 1308 1230
f 1230 1308 1200
f 1200 1308 1229
f 1200 1229 1113
f 2222 2174 2090
f 2090 2174 2138
f 2222 2244 2350
f 2350 2244 2382
f 2462 2417 2602
f 2602 2417 2525
f 2602 2525 2619
f 2294 2372 2069
f 2069 2372 2417
f 2069 2417 2244
f 2244 2417 2462
f 2244 2462 2382
f 1420 1638 1597
f 1597 1638 1827
f 1597 1827 1839
f 1839 1827 2012
f 1839 2012 2090
f 2294 2069 2124
f 2124 2069 1830
f 2124 1830 2098
f 2098 1830 1908
f 2098 1908 2016
f 1240 1420 1484
f 1484 1420 1597
f 1484 1597 1541
f 1541 1597 1839
f 1541 1839 1919
f 1919 1839 2090
f 1919 2090 1961
f 1961 2090 2138
f 1961 2138 2096
f 2222 2090 2244
f 2244 2090 2012
f 2244 2012 2069
f 2069 2012 1827
f 2069 1827 1830
f 1830 1827 1638
f 1830 1638 1502
f 1502 1638 1420
f 1502 1420 1308
f 1308 1420 1240
f 1308 1240 1229
f 1948 3083 1826
f 1826 3083 3082
f 1826 3082 1784
f 1784 3082 3079
f 1784 3079 1722
f 2530 3085 2271
f 2271 3085 3083
f 2271 3083 2214
f 2214 3083 1948
f 2077 2113 1936
f 2530 2271 2297
f 1454 1323 1363
f 1363 1323 1317
f 1363 1317 1389
f 1722 1450 1784
f 1784 1450 1591
f 1784 1591 1826
f 1826 1591 1948
f 2004 1660 1586
f 2113 2207 1936
f 1936 2207 2004
f 1936 2004 1777
f 1777 2004 1586
f 2297 2271 2103
f 2271 2214 2103
f 2103 2214 1948
f 2103 1948 1798
f 1798 1948 1591
f 1798 1591 1454
f 1454 1591 1450
f 1454 1450 1323
f 1586 1476 1777
f 1777 1476 1691
f 1777 1691 1936
f 1936 1691 2078
f 1936 2078 2077
f 1389 1476 1363
f 1363 1476 1586
f 1363 1586 1454
f 1454 1586 1660
f 1454 1660 1798
f 1798 1660 2004
f 1798 2004 2103
f 2103 2004 2207
f 2103 2207 2297
f 2297 2207 2369
f 2297 2369 2530
f 4504 4482 3346
f 3346 4482 4313
f 3346 4313 3322
f 3322 4313 4213
f 3322 4213 2911
f 3846 3803 4531
f 3803 3755 4489
f 3851 3876 4531
f 3803 4489 4531
f 4531 4489 4593
f 4531 4593 4600
f 3876 3875 4531
f 4531 3875 3867
f 4531 3867 3846
f 3774 4531 3451
f 3451 4531 3449
f 3774 3805 4531
f 4531 3805 3841
f 4531 3841 3851
f 3449 4531 3441
f 3441 4531 4519
f 3441 4519 3423
f 3423 4519 3393
f 4504 3346 4507
f 4507 3346 3393
f 4507 3393 4514
f 4514 3393 4519
f 2810 4122 3975
f 3343 3277 3528
f 3528 3277 3196
f 3528 3196 3738
f 3738 3196 3975
f 3975 3196 3125
f 3975 3125 2810
f 3343 3528 3369
f 3369 3528 3331
f 2096 2138 2079
f 2079 2138 2174
f 2079 2174 2222
f 2222 2350 2079
f 2079 2350 2382
f 2079 2382 2462
f 2369 2207 2056
f 2056 2207 2113
f 2056 2113 2077
f 2056 2079 2369
f 2369 2079 2462
f 2369 2462 2530
f 2530 2462 2602
f 2530 2602 3085
f 3085 2602 2757
f 3085 2757 3125
f 3125 2757 2802
f 3125 2802 2810
f 2810 2802 2800
f 2810 2800 2813
f 2813 2800 2888
f 2813 2888 2885
f 2739 2800 2741
f 2741 2800 2802
f 2741 2802 2751
f 2751 2802 2757
f 4213 4200 2911
f 2911 4200 4188
f 2911 4188 2899
f 2899 4188 4175
f 2899 4175 2885
f 2885 4175 2813
f 4175 4157 2813
f 2813 4157 4122
f 2813 4122 2810
f 590 221 560
f 560 221 223
f 560 223 225
f 355 310 681
f 310 307 681
f 681 307 285
f 681 285 590
f 590 285 250
f 590 250 221
f 724 705 681
f 681 705 531
f 681 531 355
f 724 899 705
f 705 899 1221
f 705 1221 918
f 918 1221 1264
f 918 1264 1265
f 1265 1264 1280
f 1264 1263 1344
f 1280 1264 1449
f 1449 1264 1344
f 1449 1344 1376
f 1376 1475 1449
f 1449 1475 1644
f 1449 1644 1465
f 1465 1644 1782
f 1465 1782 1629
f 1629 1782 1824
f 1629 1824 1651
f 1651 1824 1877
f 1651 1877 1843
f 1843 1877 1931
f 2236 2182 2119
f 2119 2182 1980
f 2119 1980 1931
f 1931 1980 1907
f 1931 1907 1843
f 2236 2256 2252
f 2252 2256 2286
f 2252 2286 2267
f 2236 2119 2256
f 2256 2119 2261
f 2256 2261 2266
f 2289 2286 2288
f 2288 2286 2256
f 2288 2256 2285
f 2285 2256 2266
f 225 230 560
f 560 230 563
f 2789 2794 2989
f 2989 2794 2830
f 2989 2830 2960
f 2988 2989 2960
f 2952 2956 2947
f 2947 2956 2968
f 2947 2968 2974
f 2992 2946 2991
f 2991 2946 2949
f 2991 2949 2983
f 2983 2949 2947
f 2983 2947 2978
f 2978 2947 2974
f 2988 2995 2997
f 2997 2995 3000
f 2997 3000 3007
f 3007 3000 3003
f 3007 3003 3008
f 2952 2947 2942
f 2942 2947 2943
f 2942 2943 2939
f 2933 2941 2973
f 2939 2934 2942
f 2942 2934 2925
f 2942 2925 2930
f 2930 2925 2916
f 2973 2951 2933
f 2933 2951 2935
f 2933 2935 2923
f 2923 2935 2931
f 2923 2931 2920
f 2920 2931 2917
f 2920 2917 2916
f 2916 2917 2926
f 2916 2926 2930
f 2941 2953 2973
f 2973 2953 2959
f 2973 2959 2966
f 2969 2965 2980
f 2980 2965 2963
f 2980 2963 2948
f 2948 2944 2980
f 2980 2944 2928
f 2980 2928 2929
f 2929 2928 2924
f 2929 2924 2960
f 2924 2918 2960
f 2960 2918 2922
f 2960 2922 2937
f 2937 2938 2960
f 2960 2938 2946
f 2960 2946 2988
f 2988 2946 2992
f 2988 2992 2995
f 3035 3028 2980
f 3060 3072 3042
f 3035 2980 3042
f 3042 2980 3016
f 3042 3016 3060
f 3028 3023 2980
f 2980 3023 3022
f 2980 3022 3017
f 2966 2969 2973
f 2973 2969 2980
f 2973 2980 2999
f 2999 2980 3017
f 3060 3070 3072
f 3072 3070 3105
f 3072 3105 3119
f 3119 3105 3205
f 3119 3205 3241
f 3334 3328 3241
f 3241 3328 3327
f 3241 3327 3119
f 4176 4158 4177
f 4177 4158 4123
f 4177 4123 4033
f 4033 4123 3995
f 4033 3995 3831
f 3831 3995 3783
f 3831 3783 3778
f 3778 3783 3776
f 3778 3776 3627
f 3627 3776 3604
f 3627 3604 3454
f 3454 3604 3554
f 3454 3554 3398
f 3398 3554 3430
f 3398 3430 3307
f 3307 3430 3332
f 3307 3332 3241
f 3241 3332 3333
f 3241 3333 3334
f 2907 3007 3008
f 3008 2193 2191
f 2582 2907 2345
f 2345 2907 3008
f 2345 3008 2233
f 2233 3008 2191
f 3001 2192 2996
f 2996 2192 2190
f 2996 2190 2208
f 2213 1622 1624
f 1624 1626 2213
f 2213 1626 2986
f 2213 2986 2208
f 2208 2986 2993
f 2208 2993 2996
f 2852 2831 2883
f 2883 2831 2808
f 3005 2195 3004
f 3004 2195 2192
f 3004 2192 3001
f 2844 2549 2428
f 3006 2844 3005
f 3005 2844 2428
f 3005 2428 2195
f 2195 2428 2305
f 4157 4175 4174
f 3634 3555 3528
f 2986 2979 3006
f 3005 3004 3006
f 3006 3004 3001
f 3001 2996 3006
f 3006 2996 2993
f 3006 2993 2986
f 2940 2985 2954
f 2954 2985 2990
f 2954 2990 2967
f 2967 2990 2987
f 2967 2987 2979
f 2979 2987 2998
f 2979 2998 3006
f 2932 2964 2940
f 2940 2964 2975
f 2940 2975 2985
f 2936 2982 2919
f 2919 2982 2932
f 2919 2932 2927
f 2927 2932 2940
f 2984 3009 3073
f 2984 3073 2981
f 2936 2955 2982
f 2982 2955 2977
f 2982 2977 3015
f 3015 2977 2981
f 3015 2981 3049
f 3049 2981 3073
f 3020 3027 3071
f 3030 3036 3027
f 3027 3036 3046
f 3027 3046 3071
f 3242 3243 3173
f 3173 3243 3163
f 3173 3163 3110
f 3110 3163 3084
f 3110 3084 3071
f 3071 3084 3073
f 3071 3073 3020
f 3020 3073 3009
f 3340 3339 3330
f 3330 3339 3338
f 3330 3338 3337
f 3335 3330 3337
f 3335 3243 3330
f 3330 3243 3242
f 3330 3242 3329
f 3329 3242 3250
f 3329 3250 3326
f 3335 3336 3243
f 3243 3336 3331
f 3243 3331 3323
f 3323 3331 3528
f 3323 3528 3506
f 3506 3528 3555
f 3634 3528 3672
f 3672 3528 3738
f 3672 3738 3919
f 3919 3738 3975
f 3919 3975 4058
f 4058 3975 4174
f 4174 3975 4122
f 4174 4122 4157
f 3415 3206 3397
f 3025 3075 3068
f 3068 3075 3189
f 3068 3189 3206
f 3206 3189 3324
f 3206 3324 3397
f 3740 3601 3677
f 3415 3397 3447
f 3447 3397 3561
f 3447 3561 3601
f 3601 3561 3600
f 3601 3600 3677
f 3740 3677 3916
f 3916 3677 3836
f 3916 3836 4009
f 4009 3836 3978
f 4009 3978 4010
f 4384 4286 4210
f 4210 4286 4254
f 4210 4254 4092
f 4092 4254 4146
f 4092 4146 4010
f 4010 4146 4021
f 4010 4021 4009
f 4210 4305 4384
f 4384 4305 4316
f 4384 4316 4541
f 4541 4316 4447
f 4541 4447 4564
f 4564 4447 4623
f 4623 4447 4539
f 4623 4539 4717
f 4717 4539 4595
f 4717 4595 4740
f 4740 4595 4629
f 4740 4629 4749
f 4749 4629 4760
f 4760 4629 4646
f 4760 4646 4755
f 4755 4646 4640
f 4755 4640 4734
f 4734 4640 4619
f 4734 4619 4723
f 4723 4619 4576
f 4723 4576 4662
f 4386 4655 4643
f 3938 3939 4038
f 4038 3939 4008
f 4038 4008 4152
f 4152 4008 4203
f 4152 4203 4250
f 4250 4203 4386
f 4250 4386 4364
f 4364 4386 4643
f 4364 4643 4517
f 4517 4643 4662
f 4517 4662 4563
f 4563 4662 4576
f 3116 3075 3101
f 3910 3856 3891
f 3910 3891 3956
f 3891 3938 3956
f 3956 3938 4038
f 3956 4038 4076
f 4076 4038 4127
f 4127 4038 4152
f 4127 4152 4185
f 4185 4152 4250
f 4185 4250 4292
f 4292 4250 4364
f 4292 4364 4353
f 4353 4364 4391
f 4391 4364 4517
f 4391 4517 4521
f 4521 4517 4563
f 4521 4563 4567
f 4567 4563 4576
f 4567 4576 4574
f 4574 4576 4619
f 4574 4619 4610
f 4610 4619 4640
f 4610 4640 4621
f 4621 4640 4646
f 4621 4646 4611
f 4646 4629 4611
f 4611 4629 4595
f 4611 4595 4586
f 4539 4535 4595
f 4595 4535 4566
f 4595 4566 4586
f 4306 4354 4447
f 4447 4354 4444
f 4447 4444 4539
f 4539 4444 4506
f 4539 4506 4535
f 4126 4145 4210
f 4210 4145 4214
f 4210 4214 4305
f 4305 4214 4306
f 4305 4306 4316
f 4316 4306 4447
f 4126 4210 4091
f 4091 4210 4092
f 4091 4092 3997
f 3997 4092 4010
f 3997 4010 3984
f 3984 4010 3978
f 3984 3978 3911
f 3911 3978 3836
f 3911 3836 3877
f 3600 3615 3677
f 3677 3615 3713
f 3677 3713 3836
f 3836 3713 3810
f 3836 3810 3877
f 3075 3116 3189
f 3116 3213 3189
f 3189 3213 3234
f 3189 3234 3324
f 3324 3234 3377
f 3324 3377 3397
f 3397 3377 3444
f 3397 3444 3561
f 3561 3444 3585
f 3561 3585 3600
f 3600 3585 3614
f 3600 3614 3615
f 3207 3236 3237
f 3856 3910 3908
f 3550 3610 3612
f 3612 3610 3665
f 3612 3665 3908
f 3908 3665 3779
f 3908 3779 3856
f 3237 3236 3612
f 3612 3236 3411
f 3612 3411 3550
f 2889 3014 3032
f 3032 3014 3034
f 3032 3034 3237
f 3237 3034 3099
f 3237 3099 3207
f 2889 3032 2872
f 2872 3032 2871
f 2872 2871 2893
f 2893 2871 3031
f 2893 3031 3026
f 3116 3101 3100
f 3238 3234 3213
f 3213 3116 3238
f 3238 3116 3100
f 3238 3100 3031
f 3031 3100 3033
f 3031 3033 3026
f 3614 3585 3613
f 3613 3585 3444
f 3613 3444 3238
f 3238 3444 3377
f 3238 3377 3234
f 3984 3911 3899
f 3899 3911 3877
f 3877 3810 3899
f 3899 3810 3713
f 3899 3713 3613
f 3613 3713 3615
f 3613 3615 3614
f 4129 4091 3899
f 3899 4091 3997
f 3899 3997 3984
f 4214 4145 4129
f 4129 4145 4126
f 4129 4126 4091
f 4506 4444 4351
f 4351 4444 4354
f 4351 4354 4129
f 4129 4354 4306
f 4129 4306 4214
f 4620 4621 4611
f 4620 4611 4568
f 4611 4586 4568
f 4568 4586 4566
f 4568 4566 4351
f 4351 4566 4535
f 4351 4535 4506
f 4621 4620 4610
f 4610 4620 4569
f 4610 4569 4574
f 4353 4391 4350
f 4350 4391 4521
f 4350 4521 4569
f 4569 4521 4567
f 4569 4567 4574
f 4353 4350 4292
f 4292 4350 4128
f 4292 4128 4185
f 3910 3956 3908
f 3908 3956 4076
f 3908 4076 4128
f 4128 4076 4127
f 4128 4127 4185
f 4634 4709 4684
f 1838 1287 1406
f 1838 1406 2194
f 1287 1838 943
f 943 1838 1560
f 943 1560 659
f 659 1560 1307
f 659 1307 553
f 553 1307 1175
f 553 1175 456
f 456 1175 924
f 456 924 403
f 403 924 868
f 403 868 427
f 427 868 923
f 427 923 551
f 923 1272 551
f 551 1272 1306
f 551 1306 658
f 658 1306 933
f 1837 1947 1922
f 1306 1752 933
f 933 1752 1837
f 933 1837 1267
f 1267 1837 1922
f 1922 1921 1267
f 1267 1921 1933
f 1267 1933 2026
f 2166 1963 2149
f 2026 2072 1267
f 1267 2072 2149
f 1267 2149 1588
f 1588 2149 1963
f 2149 2309 2166
f 2166 2309 2359
f 2166 2359 2351
f 2351 2359 2449
f 2351 2449 2442
f 2442 2449 2554
f 2442 2554 2688
f 2688 2554 2610
f 2688 2610 2745
f 2610 2746 2745
f 2745 2746 2781
f 2745 2781 3019
f 3019 2781 2856
f 3019 2856 3266
f 3266 2856 3300
f 3300 2856 3445
f 3445 2856 3053
f 3445 3053 3106
f 3146 3164 3480
f 3164 3165 3480
f 3480 3165 3148
f 3480 3148 3147
f 3832 3788 3866
f 3832 3866 3885
f 3106 3146 3445
f 3445 3146 3480
f 3445 3480 3580
f 3580 3480 3564
f 3580 3564 3788
f 3788 3564 3799
f 3788 3799 3866
f 4711 4697 4378
f 4479 4520 4378
f 4378 4520 4591
f 4696 4711 4641
f 4641 4711 4378
f 4641 4378 4618
f 4618 4378 4591
f 4163 4174 4378
f 4378 4174 4346
f 4378 4346 4479
f 4378 4272 4163
f 4163 4272 4190
f 4163 4190 3923
f 3923 4190 4006
f 3923 4006 3866
f 3866 4006 3920
f 3866 3920 3885
f 2655 2858 2605
f 2605 2858 2686
f 1406 1538 2194
f 2194 1538 1955
f 2194 1955 2430
f 2430 1955 2091
f 2430 2091 2686
f 2686 2091 2373
f 2686 2373 2605
f 2655 2708 2858
f 2858 2708 2816
f 2858 2816 3211
f 2816 3088 3211
f 3211 3088 3402
f 3211 3402 3482
f 3482 3402 3437
f 3482 3437 3517
f 3517 3437 3626
f 3517 3626 3870
f 3870 3626 3807
f 3870 3807 3922
f 4291 4510 4310
f 3922 3991 3870
f 3870 3991 4125
f 3870 4125 4161
f 4161 4125 4291
f 4161 4291 4166
f 4166 4291 4310
f 4166 4310 4177
f 4577 4513 4510
f 4510 4513 4480
f 4510 4480 4310
f 4698 4710 4510
f 4510 4710 4709
f 4709 4634 4510
f 4510 4634 4617
f 4510 4617 4577
f 2807 2806 3043
f 3043 2806 2945
f 3043 2945 3024
f 4741 4749 4757
f 4757 4749 4760
f 4757 4760 4735
f 4735 4760 4755
f 4735 4755 4734
f 4564 4623 4565
f 4565 4623 4717
f 4565 4717 4741
f 4741 4717 4740
f 4741 4740 4749
f 4564 4565 4541
f 4541 4565 4285
f 4541 4285 4384
f 4021 4146 4035
f 4035 4146 4254
f 4035 4254 4285
f 4285 4254 4286
f 4285 4286 4384
f 4021 4035 4009
f 4009 4035 3732
f 4009 3732 3916
f 3415 3447 3414
f 3414 3447 3601
f 3414 3601 3732
f 3732 3601 3740
f 3732 3740 3916
f 3415 3414 3206
f 3206 3414 3043
f 3206 3043 3068
f 3068 3043 3024
f 3068 3024 3025
f 4644 4656 4515
f 4751 4585 4761
f 4761 4585 4756
f 4454 4560 4585
f 4585 4560 4571
f 4571 4654 4585
f 4585 4654 4739
f 4585 4739 4756
f 4751 4736 4585
f 4585 4736 4722
f 4585 4722 4454
f 4454 4722 4660
f 4454 4660 4515
f 4515 4660 4648
f 4515 4648 4644
f 4108 4298 4198
f 4198 4298 4454
f 4198 4454 4221
f 4221 4454 4515
f 4221 4515 4206
f 4206 4515 4296
f 4206 4296 4133
f 4133 4296 4132
f 4133 4132 4059
f 4030 4014 3952
f 3952 4014 3883
f 3952 3883 3792
f 4030 4071 4014
f 4014 4071 4186
f 4014 4186 4108
f 4108 4186 4275
f 4108 4275 4298
f 3407 3498 3712
f 3712 3498 3639
f 3712 3639 3883
f 3883 3639 3722
f 3883 3722 3792
f 3712 3606 3407
f 3407 3606 3519
f 3407 3519 3511
f 3396 3511 3557
f 3557 3637 3396
f 3396 3637 3654
f 3396 3654 3625
f 3625 3654 3794
f 3511 3396 3407
f 3407 3396 3097
f 3407 3097 3052
f 2894 3091 3052
f 3052 3091 3259
f 3052 3259 3407
f 4059 4132 3946
f 3946 4132 3996
f 3946 3996 3794
f 3794 3996 3809
f 3794 3809 3625
f 3626 3625 3809
f 3098 3097 3396
f 3098 3396 3076
f 3625 3626 3396
f 2816 3047 3088
f 3088 3047 3076
f 3088 3076 3402
f 3402 3076 3396
f 3402 3396 3437
f 3437 3396 3626
f 4656 4510 4515
f 4515 4510 4291
f 4515 4291 4296
f 4296 4291 4125
f 4296 4125 4132
f 4132 4125 3991
f 4132 3991 3996
f 3996 3991 3922
f 3996 3922 3809
f 3809 3922 3807
f 3809 3807 3626
f 4656 4682 4510
f 4510 4682 4692
f 4510 4692 4698
f 3750 3748 3751
f 3751 3748 3747
f 3979 4012 4018
f 3742 3744 3623
f 3742 3623 3728
f 3728 3623 3716
f 3716 3623 3650
f 3716 3650 3684
f 3744 3748 3623
f 3623 3748 3750
f 3623 3750 3635
f 3635 3750 3758
f 3635 3758 3782
f 3782 3793 3635
f 3635 3793 3816
f 3635 3816 3676
f 3676 3816 3837
f 3837 3857 3676
f 3676 3857 3915
f 3676 3915 4018
f 4018 3915 3941
f 4018 3941 3979
f 2950 3102 2690
f 2690 3102 2503
f 2690 2503 2450
f 2450 2503 2489
f 2950 3127 3102
f 3102 3127 3314
f 3102 3314 3635
f 3635 3314 3496
f 3635 3496 3623
f 2450 2456 2690
f 2690 2456 2707
f 2690 2707 2950
f 2950 2707 3064
f 2950 3064 3127
f 3127 3064 3187
f 3127 3187 3314
f 3314 3187 3399
f 3314 3399 3496
f 3496 3399 3544
f 3496 3544 3623
f 3544 3608 3623
f 3623 3608 3649
f 3623 3649 3650
f 4068 3811 3844
f 4806 4938 4721
f 4721 4938 4613
f 4721 4613 4497
f 4497 4613 4362
f 4497 4362 4231
f 4231 4362 4068
f 4231 4068 4051
f 4051 4068 3844
f 4858 4807 4978
f 4978 4807 4829
f 4978 4829 4939
f 3812 3847 3845
f 3845 3847 4067
f 3845 4067 4052
f 4052 4067 4263
f 4052 4263 4232
f 4232 4263 4363
f 4232 4363 4496
f 4496 4363 4829
f 4496 4829 4720
f 4720 4829 4807
f 5012 5195 4988
f 4988 5195 5172
f 4988 5172 4925
f 4925 5172 5124
f 4925 5124 4857
f 4857 5124 5051
f 4857 5051 4806
f 4806 5051 4979
f 4806 4979 4938
f 5054 5235 5033
f 5033 5235 5229
f 5033 5229 5012
f 5012 5229 5213
f 5012 5213 5195
f 5034 5234 5053
f 5053 5234 5245
f 5053 5245 5058
f 5058 5245 5253
f 5058 5253 5054
f 5054 5253 5246
f 5054 5246 5235
f 4989 5194 5013
f 5013 5194 5214
f 5013 5214 5034
f 5034 5214 5230
f 5034 5230 5234
f 4978 5052 4858
f 4858 5052 5120
f 4858 5120 4924
f 4924 5120 5123
f 4924 5123 4989
f 4989 5123 5173
f 4989 5173 5194
f 3382 3584 3400
f 3400 3584 3741
f 2454 2451 2523
f 2523 2451 2548
f 2523 2548 2568
f 2568 2548 2660
f 3382 3400 3111
f 3111 3400 3063
f 3111 3063 3021
f 3021 3063 2909
f 3021 2909 2823
f 2823 2909 2822
f 2823 2822 2743
f 2743 2822 2706
f 2743 2706 2660
f 2660 2706 2656
f 2660 2656 2568
f 2451 2488 2548
f 2548 2488 2502
f 2548 2502 2660
f 2660 2502 2851
f 2660 2851 2743
f 3412 3111 3103
f 3103 3111 3021
f 3103 3021 2851
f 2851 3021 2823
f 2851 2823 2743
f 3756 3741 3675
f 3675 3741 3584
f 3675 3584 3412
f 3412 3584 3382
f 3412 3382 3111
f 4012 3979 3960
f 3960 3979 3941
f 3960 3941 3937
f 3937 3941 3915
f 3937 3915 3893
f 3893 3915 3881
f 3881 3915 3857
f 3758 3750 3752
f 3752 3750 3751
f 3752 3757 3758
f 3758 3757 3764
f 3758 3764 3782
f 3782 3764 3781
f 3782 3781 3793
f 3793 3781 3804
f 3793 3804 3816
f 3816 3804 3837
f 3837 3804 3857
f 2337 2436 2403
f 2403 2238 2337
f 2337 2238 1938
f 2337 1938 1834
f 2454 2436 2451
f 2451 2436 2337
f 2040 2043 2059
f 2497 2031 2040
f 2040 2059 2497
f 2497 2059 2082
f 2497 2082 2109
f 2337 2080 2451
f 2451 2080 2058
f 2451 2058 2488
f 2488 2058 2027
f 2488 2027 1984
f 1984 2000 2488
f 2488 2000 2031
f 2488 2031 2711
f 2711 2031 2497
f 2711 2497 2905
f 2269 2504 2109
f 2109 2504 2510
f 2109 2510 2497
f 2324 2365 2393
f 2393 2423 2324
f 2324 2423 2443
f 2324 2443 2269
f 2269 2443 2467
f 2269 2467 2504
f 4670 4523 4318
f 4523 4670 4733
f 4733 4670 4820
f 4733 4820 4802
f 4802 4820 4901
f 4802 4901 4849
f 4849 4901 4968
f 4849 4968 4914
f 4914 4968 5078
f 4914 5078 4961
f 4961 5078 5097
f 4961 5097 5001
f 5001 5097 5158
f 5001 5158 5024
f 5024 5158 5163
f 5024 5163 5043
f 5043 5163 5202
f 5043 5202 5060
f 5060 5202 5205
f 5060 5205 5071
f 5071 5205 5216
f 5071 5216 5061
f 5061 5216 5204
f 5061 5204 5044
f 5044 5204 5203
f 5044 5203 5025
f 5025 5203 5162
f 5025 5162 5002
f 5002 5162 5159
f 5002 5159 4962
f 4962 5159 5096
f 4962 5096 4913
f 4913 5096 5077
f 4913 5077 4848
f 4848 5077 4967
f 4848 4967 4803
f 4803 4967 4900
f 4803 4900 4732
f 4732 4900 4819
f 4732 4819 4522
f 4522 4819 4672
f 4522 4672 4317
f 4968 5051 5078
f 5078 5051 5124
f 5078 5124 5097
f 5097 5124 5172
f 5097 5172 5158
f 5158 5172 5195
f 5158 5195 5163
f 5163 5195 5213
f 5163 5213 5202
f 5213 5229 5202
f 5202 5229 5235
f 5202 5235 5205
f 5205 5235 5246
f 5205 5246 5216
f 5246 5253 5216
f 5216 5253 5245
f 5216 5245 5204
f 5204 5245 5234
f 5204 5234 5203
f 5234 5230 5203
f 5203 5230 5214
f 5203 5214 5162
f 5162 5214 5194
f 5162 5194 5159
f 5159 5194 5173
f 5159 5173 5096
f 5173 5123 5096
f 5096 5123 5120
f 5096 5120 5077
f 5077 5120 4967
f 4978 4939 4908
f 4922 4875 4892
f 5120 5052 4967
f 4967 5052 4922
f 4967 4922 4937
f 4937 4922 4892
f 4937 4892 4912
f 4978 4908 5052
f 5052 4908 4877
f 5052 4877 4922
f 4922 4877 4868
f 4922 4868 4875
f 4874 4871 4923
f 4923 4871 4876
f 4923 4876 4909
f 4874 4923 4886
f 4886 4923 4932
f 4886 4932 4907
f 4938 4979 4909
f 4909 4979 5051
f 4909 5051 4923
f 4923 5051 4968
f 4923 4968 4932
f 4134 4075 4180
f 1622 1133 1085
f 2883 2808 2496
f 2496 2808 2728
f 2496 2728 2093
f 3660 3709 3389
f 1622 1085 1685
f 1856 2046 1268
f 4134 4180 4183
f 3220 2987 2990
f 3389 3709 3745
f 3745 3709 3819
f 3745 3819 3842
f 2044 1264 2262
f 2262 1264 1347
f 2262 1347 2360
f 2360 1347 2093
f 2360 2093 2534
f 2534 2093 2728
f 1085 1149 1685
f 1685 1149 1209
f 1685 1209 1819
f 1819 1209 1263
f 1819 1263 1857
f 1857 1263 1264
f 1857 1264 1896
f 1896 1264 2044
f 1268 2046 1346
f 1346 2046 2258
f 1346 2258 2092
f 1268 1269 1856
f 1856 1269 1251
f 1856 1251 1719
f 1719 1251 1215
f 1719 1215 1632
f 1632 1215 1133
f 1632 1133 1620
f 1620 1133 1622
f 1620 1622 2199
f 2199 1622 2213
f 3965 4064 3818
f 3818 4064 3948
f 3818 3948 3708
f 3708 3948 3659
f 4180 4341 4183
f 4183 4341 4714
f 4183 4714 4156
f 3518 3309 3659
f 2258 2452 2092
f 2092 2452 2531
f 2092 2531 2613
f 4074 4081 4340
f 4340 4081 4155
f 4340 4155 4713
f 4713 4155 4184
f 4713 4184 4813
f 4813 4184 4135
f 2989 2988 3690
f 3690 2988 3295
f 3690 3295 3802
f 3802 3295 3310
f 3802 3310 3530
f 3690 3660 2989
f 2989 3660 3389
f 2989 3389 2789
f 2789 3389 2905
f 2789 2905 2613
f 2613 2905 2497
f 2613 2497 2092
f 3965 4080 4064
f 4064 4080 4916
f 4064 4916 4135
f 4135 4916 4870
f 4135 4870 4813
f 4714 4814 4156
f 4156 4814 4869
f 4156 4869 4080
f 4080 4869 4915
f 4080 4915 4916
f 3309 3220 3659
f 3659 3220 2990
f 3659 2990 3691
f 3691 2990 3388
f 3691 3388 3801
f 3801 3388 3746
f 3801 3746 3843
f 3530 3533 3802
f 3802 3533 3598
f 3802 3598 3948
f 3948 3598 3597
f 3948 3597 3659
f 3659 3597 3529
f 3659 3529 3518
f 1070 1268 1346
f 590 560 563
f 724 681 885
f 885 681 590
f 885 590 726
f 726 590 563
f 726 563 674
f 1434 1347 1264
f 1264 1221 1434
f 1434 1221 899
f 1434 899 1286
f 1286 899 724
f 1286 724 1177
f 1177 724 885
f 2511 2496 2491
f 2491 2496 2093
f 2491 2093 2260
f 2260 2093 2239
f 1434 1531 1347
f 1347 1531 1809
f 1347 1809 2093
f 2093 1809 1912
f 2093 1912 2239
f 884 727 571
f 571 727 653
f 571 653 563
f 563 653 650
f 563 650 674
f 571 622 884
f 884 622 723
f 884 723 940
f 940 723 1320
f 1320 723 757
f 1320 757 1444
f 757 1070 1444
f 1444 1070 1346
f 1444 1346 1532
f 1532 1346 1667
f 2092 2497 2510
f 2510 2281 2092
f 2092 2281 1960
f 2092 1960 1346
f 1346 1960 1840
f 1346 1840 1667
f 2377 2411 2273
f 2505 2306 2329
f 1847 1934 1909
f 2270 2301 2165
f 2165 2301 2161
f 2165 2161 1934
f 1847 1909 1603
f 1603 1909 1655
f 1603 1655 1426
f 1426 1655 1335
f 1426 1335 1273
f 1273 1335 966
f 1273 966 909
f 550 594 683
f 683 594 734
f 683 734 1120
f 632 556 683
f 683 556 536
f 683 536 550
f 2505 2511 2491
f 2505 2329 2501
f 2501 2329 2332
f 2501 2332 2465
f 2465 2332 2313
f 2465 2313 2429
f 1243 1504 1554
f 1288 951 820
f 820 1243 1288
f 1288 1243 1554
f 1288 1554 1434
f 1434 1554 1552
f 1434 1552 1531
f 2505 2491 2306
f 2306 2491 2260
f 2306 2260 2239
f 2411 2429 2273
f 2273 2429 2313
f 2273 2313 2110
f 2110 2313 2332
f 2110 2332 2133
f 2133 2332 2329
f 2133 2329 2136
f 2136 2329 2306
f 2136 2306 2117
f 2117 2306 2239
f 2117 2239 1912
f 1909 1742 1655
f 1655 1742 1401
f 1655 1401 1335
f 1335 1401 1120
f 1335 1120 966
f 966 1120 734
f 966 734 909
f 1434 1286 1288
f 1288 1286 1177
f 1288 1177 951
f 951 1177 885
f 1934 2161 1909
f 1909 2161 1996
f 1909 1996 1742
f 1742 1996 1804
f 1742 1804 1401
f 1401 1804 1504
f 1401 1504 1120
f 1120 1504 1243
f 1120 1243 683
f 683 1243 820
f 683 820 632
f 632 820 951
f 632 951 702
f 702 951 885
f 702 885 726
f 2347 2377 2224
f 2224 2377 2273
f 2224 2273 2065
f 2065 2273 2110
f 2065 2110 1844
f 1844 2110 2133
f 1844 2133 1865
f 1865 2133 2136
f 1865 2136 1871
f 1871 2136 2117
f 1871 2117 1860
f 1860 2117 1912
f 1860 1912 1809
f 2301 2347 2161
f 2161 2347 2224
f 2161 2224 1996
f 1996 2224 2065
f 1996 2065 1804
f 1804 2065 1844
f 1804 1844 1504
f 1504 1844 1865
f 1504 1865 1554
f 1554 1865 1871
f 1554 1871 1552
f 1552 1871 1860
f 1552 1860 1531
f 1531 1860 1809
f 909 956 1273
f 1273 956 1089
f 1273 1089 1426
f 1426 1089 1112
f 1426 1112 1603
f 1603 1112 1250
f 1603 1250 1847
f 1250 1350 1847
f 1847 1350 1440
f 1847 1440 1934
f 1934 1440 2165
f 1440 1808 2165
f 2165 1808 2112
f 2165 2112 2270
f 2107 1775 2086
f 2086 1775 1723
f 2086 1723 2060
f 2060 1723 1694
f 2060 1694 2045
f 2045 1694 1675
f 2045 1675 2019
f 2019 1675 1670
f 2019 1670 2009
f 2009 1670 1677
f 2009 1677 2020
f 2020 1677 1696
f 2020 1696 2035
f 956 909 815
f 1089 956 889
f 1250 1112 975
f 1808 1440 1407
f 1350 1250 1222
f 1222 1250 975
f 1222 975 1176
f 1176 975 910
f 1176 910 1128
f 1128 910 837
f 1128 837 1106
f 1106 837 812
f 1106 812 1095
f 1095 812 808
f 1095 808 1109
f 1109 808 818
f 1109 818 1136
f 1136 818 883
f 1440 1350 1407
f 1407 1350 1222
f 1407 1222 1357
f 1357 1222 1176
f 1357 1176 1341
f 1341 1176 1128
f 1341 1128 1328
f 1328 1128 1106
f 1328 1106 1322
f 1322 1106 1095
f 1322 1095 1329
f 1329 1095 1109
f 1329 1109 1342
f 1342 1109 1136
f 956 815 889
f 889 815 767
f 889 767 807
f 807 767 735
f 807 735 768
f 768 735 710
f 768 710 747
f 747 710 701
f 747 701 741
f 741 701 719
f 741 719 754
f 754 719 742
f 754 742 784
f 784 742 786
f 784 786 819
f 819 826 784
f 784 826 883
f 784 883 754
f 754 883 818
f 754 818 741
f 741 818 808
f 741 808 747
f 747 808 812
f 747 812 768
f 768 812 837
f 768 837 807
f 807 837 910
f 807 910 889
f 889 910 975
f 889 975 1089
f 1089 975 1112
f 2076 2035 1729
f 1729 2035 1696
f 1729 1696 1713
f 1713 1696 1665
f 826 931 883
f 883 931 962
f 883 962 1136
f 1136 962 1187
f 1136 1187 1342
f 1342 1187 1359
f 1342 1359 1380
f 1380 1665 1342
f 1342 1665 1696
f 1342 1696 1329
f 1329 1696 1677
f 1329 1677 1322
f 1322 1677 1670
f 1322 1670 1328
f 1328 1670 1675
f 1328 1675 1341
f 1341 1675 1694
f 1341 1694 1357
f 1357 1694 1723
f 1357 1723 1407
f 1407 1723 1775
f 1407 1775 1808
f 1808 1775 2107
f 1808 2107 2112
f 2052 2037 2023
f 1987 2002 1972
f 1972 2002 2006
f 1972 2006 1953
f 1953 2006 1983
f 1953 1983 1942
f 1942 1983 1999
f 1942 1999 1946
f 1946 1999 2023
f 1946 2023 1969
f 1969 2023 1975
f 1975 2023 2037
f 1975 2037 1988
f 2035 2076 2052
f 2052 2023 2035
f 2035 2023 1999
f 2035 1999 2020
f 2020 1999 1983
f 2020 1983 2009
f 2009 1983 2006
f 2009 2006 2019
f 2002 2033 2006
f 2006 2033 2041
f 2006 2041 2019
f 2019 2041 2045
f 2000 1984 1964
f 1974 1985 2036
f 1974 2036 1968
f 2040 2031 2005
f 2005 2031 2000
f 2025 2043 2040
f 2040 2005 2025
f 2025 2005 1982
f 2025 1982 2008
f 2008 1982 1998
f 2008 1998 2021
f 2021 1998 2022
f 2021 2022 2030
f 2030 2022 2047
f 2030 2047 2073
f 2000 1964 2005
f 2005 1964 1940
f 2005 1940 1982
f 1982 1940 1943
f 1982 1943 1998
f 1998 1943 1968
f 1998 1968 2022
f 2022 1968 2036
f 2022 2036 2047
f 1212 1075 974
f 1068 1192 1118
f 1277 1333 1309
f 2021 2030 1924
f 2021 1924 2008
f 2054 2109 2082
f 1684 2054 2011
f 906 1034 922
f 1601 1684 1642
f 1642 1684 2011
f 1642 2011 1602
f 1602 2011 1962
f 1602 1962 1566
f 1566 1962 1930
f 1566 1930 1540
f 1540 1930 1923
f 1540 1923 1535
f 1535 1923 1915
f 1535 1915 1542
f 1333 1601 1309
f 1309 1601 1642
f 1309 1642 1275
f 1275 1642 1602
f 1275 1602 1258
f 1258 1602 1566
f 1258 1566 1241
f 1241 1566 1540
f 1241 1540 1236
f 1236 1540 1535
f 1236 1535 1242
f 1242 1535 1542
f 1242 1542 1259
f 1571 1924 1932
f 1932 1924 2030
f 1932 2030 2073
f 1034 1068 922
f 922 1068 1118
f 922 1118 836
f 836 1118 1065
f 836 1065 799
f 799 1065 964
f 799 964 774
f 774 964 936
f 774 936 766
f 766 936 927
f 766 927 781
f 781 927 944
f 781 944 809
f 809 944 974
f 2073 1967 1932
f 1932 1967 1709
f 1932 1709 1571
f 1571 1709 1604
f 2054 2082 2011
f 2011 2082 2059
f 2011 2059 1962
f 1962 2059 2043
f 1962 2043 1930
f 1930 2043 2025
f 1930 2025 1923
f 1923 2025 2008
f 1923 2008 1915
f 1915 2008 1924
f 1915 1924 1542
f 1542 1924 1571
f 1542 1571 1259
f 1259 1571 1604
f 1259 1604 1276
f 1276 1212 1259
f 1259 1212 974
f 1259 974 1242
f 1242 974 944
f 1242 944 1236
f 1236 944 927
f 1236 927 1241
f 1241 927 936
f 1241 936 1258
f 1258 936 964
f 1258 964 1275
f 1275 964 1065
f 1275 1065 1309
f 1309 1065 1118
f 1309 1118 1277
f 1277 1118 1192
f 906 922 811
f 811 922 836
f 811 836 764
f 764 836 799
f 764 799 732
f 732 799 774
f 732 774 706
f 706 774 766
f 706 766 697
f 697 766 781
f 697 781 713
f 713 781 809
f 713 809 740
f 740 809 816
f 740 816 779
f 1075 959 974
f 974 959 952
f 974 952 809
f 809 952 887
f 809 887 816
f 1684 2095 2054
f 2054 2095 2269
f 2054 2269 2109
f 1684 1601 2095
f 2095 1601 1333
f 2095 1333 1731
f 1731 1333 1277
f 1731 1277 1557
f 1557 1277 1192
f 1557 1192 1349
f 1349 1192 1068
f 1349 1068 1281
f 1281 1068 1034
f 1281 1034 906
f 969 1121 1409
f 2393 2365 2225
f 535 684 549
f 549 684 593
f 1121 969 684
f 684 969 731
f 684 731 593
f 1349 1281 1337
f 1337 1281 906
f 2324 2269 2095
f 2281 2510 2504
f 1557 1659 1731
f 1731 1659 1911
f 1731 1911 2095
f 2095 1911 2162
f 2095 2162 2324
f 2467 2330 2310
f 2310 2330 2137
f 2310 2137 2118
f 2118 2137 1872
f 2118 1872 1862
f 1667 1840 1862
f 1862 1840 1960
f 1862 1960 2118
f 2118 1960 2281
f 2118 2281 2310
f 2310 2281 2504
f 2310 2504 2467
f 1244 822 953
f 557 633 822
f 822 633 703
f 822 703 953
f 953 703 727
f 953 727 884
f 1532 1555 1444
f 1444 1555 1556
f 1444 1556 1320
f 884 940 953
f 953 940 1289
f 953 1289 1244
f 1244 1289 1508
f 940 1320 1289
f 1289 1320 1556
f 1289 1556 1508
f 1508 1556 1866
f 1508 1866 1845
f 1845 1866 2134
f 1845 2134 2111
f 2111 2134 2333
f 2111 2333 2314
f 2314 2333 2443
f 2423 2393 2280
f 2280 2393 2225
f 2280 2225 2066
f 2066 2225 1997
f 2066 1997 1806
f 1806 1997 1745
f 1806 1745 1409
f 1409 1745 1337
f 1409 1337 969
f 969 1337 906
f 969 906 731
f 2365 2324 2225
f 2225 2324 2162
f 2225 2162 1997
f 1997 2162 1911
f 1997 1911 1745
f 1745 1911 1659
f 1745 1659 1337
f 1337 1659 1557
f 1337 1557 1349
f 1532 1667 1555
f 1555 1667 1862
f 1555 1862 1556
f 1556 1862 1872
f 1556 1872 1866
f 1866 1872 2137
f 1866 2137 2134
f 2134 2137 2330
f 2134 2330 2333
f 2333 2330 2467
f 2333 2467 2443
f 2443 2423 2314
f 2314 2423 2280
f 2314 2280 2111
f 2111 2280 2066
f 2111 2066 1845
f 1845 2066 1806
f 1845 1806 1508
f 1508 1806 1409
f 1508 1409 1244
f 1244 1409 1121
f 1244 1121 822
f 822 1121 684
f 822 684 557
f 557 684 535
f 1914 2322 1864
f 2018 1736 1648
f 3156 2972 2721
f 3664 3455 3156
f 3156 3455 3208
f 3156 3208 2972
f 576 617 689
f 689 617 1170
f 1905 1469 1170
f 1170 1469 1039
f 1170 1039 689
f 2085 2018 1858
f 1858 2018 1648
f 1858 1648 1656
f 1656 1648 1355
f 1656 1355 1114
f 1897 2412 2155
f 2155 2412 2563
f 2155 2563 2408
f 2408 2563 2840
f 1114 1301 1656
f 1656 1301 1897
f 1656 1897 1858
f 1858 1897 2155
f 1858 2155 2085
f 2085 2155 2408
f 758 1231 1482
f 1482 1231 1515
f 1482 1515 1864
f 1864 1515 1816
f 1864 1816 1914
f 1905 2321 2721
f 2721 2321 2528
f 2528 2747 2721
f 2721 2747 3058
f 2721 3058 3156
f 3156 3058 3325
f 3156 3325 3664
f 617 758 1170
f 1170 758 1482
f 1170 1482 1905
f 1905 1482 1864
f 1905 1864 2321
f 2321 1864 2322
f 2321 2322 2528
f 3208 2840 2972
f 2972 2840 2563
f 2972 2563 2721
f 2721 2563 2412
f 2721 2412 1905
f 1905 2412 1897
f 1905 1897 1469
f 1469 1897 1301
f 1469 1301 1039
f 1039 1301 1114
f 2720 2320 1906
f 3155 2841 2720
f 2971 3180 3527
f 579 736 1169
f 1169 1468 1906
f 1468 1169 1300
f 1300 1169 736
f 1300 736 1234
f 3180 2971 2564
f 2564 2971 2413
f 2564 2413 1898
f 3624 3387 3155
f 3155 3387 3214
f 3155 3214 2841
f 1520 1736 1859
f 1859 1736 2121
f 1859 2121 2154
f 2154 2121 2390
f 2154 2390 2624
f 1382 1520 1657
f 1657 1520 1859
f 1657 1859 1898
f 1898 1859 2154
f 1898 2154 2564
f 2564 2154 2624
f 2564 2624 3180
f 2334 2074 1863
f 1863 2074 1817
f 1817 1714 1863
f 1863 1714 1498
f 1863 1498 1483
f 1483 1498 1232
f 1483 1232 748
f 575 579 748
f 748 579 1169
f 748 1169 1483
f 1483 1169 1906
f 1483 1906 1863
f 1863 1906 2320
f 1863 2320 2334
f 3214 3057 2841
f 2841 3057 2764
f 2841 2764 2720
f 2720 2764 2732
f 2720 2732 2320
f 2320 2732 2529
f 2320 2529 2334
f 3663 3624 3527
f 3527 3624 3155
f 3527 3155 2971
f 2971 3155 2720
f 2971 2720 2413
f 2413 2720 1906
f 2413 1906 1898
f 1898 1906 1468
f 1898 1468 1657
f 1657 1468 1300
f 1657 1300 1382
f 1382 1300 1234
f 4785 4805 4847
f 4771 4797 4762
f 4268 4089 4144
f 4016 3972 3663
f 4743 4790 4665
f 4657 4508 4665
f 4508 4657 4389
f 4332 4389 4580
f 4580 4389 4657
f 4580 4657 4584
f 4584 4657 4680
f 4089 3972 4144
f 4144 3972 4016
f 4144 4016 4228
f 3884 3998 4106
f 4106 3998 4107
f 3663 3884 4016
f 4016 3884 4106
f 4016 4106 4228
f 4228 4106 4107
f 4228 4107 4499
f 4499 4107 4224
f 4499 4224 4516
f 4852 4862 4850
f 4797 4771 4833
f 4833 4771 4816
f 4833 4816 4850
f 4850 4816 4847
f 4850 4847 4852
f 4786 4805 4768
f 4768 4805 4785
f 4768 4785 4743
f 4743 4785 4847
f 4743 4847 4790
f 4790 4847 4816
f 4790 4816 4665
f 4665 4816 4771
f 4665 4771 4657
f 4657 4771 4762
f 4657 4762 4680
f 4332 4268 4389
f 4389 4268 4144
f 4389 4144 4508
f 4508 4144 4228
f 4508 4228 4665
f 4665 4228 4499
f 4665 4499 4743
f 4743 4499 4516
f 4743 4516 4768
f 4768 4516 4748
f 4768 4748 4786
f 5004 4931 4946
f 4833 4850 4878
f 4878 4850 4862
f 5157 5110 5103
f 5103 5110 5069
f 5103 5069 5079
f 5079 5069 5019
f 5079 5019 5026
f 5026 5019 4990
f 5026 4990 4965
f 4965 4990 4933
f 4965 4933 4918
f 4918 4933 4878
f 4918 4878 4890
f 4890 4878 4862
f 4800 4826 4774
f 5004 4946 5056
f 5056 4946 4955
f 5056 4955 5081
f 4762 4797 4800
f 4800 4797 4841
f 4800 4841 4826
f 4826 4841 4883
f 4826 4883 4864
f 4864 4883 4927
f 4864 4927 4903
f 4903 4927 4982
f 4903 4982 4948
f 4948 4982 5008
f 4948 5008 4995
f 4995 5008 5049
f 4995 5049 5021
f 5021 5049 5098
f 5021 5098 5041
f 5041 5098 5117
f 5041 5117 5064
f 5064 5117 5128
f 5064 5128 5083
f 5083 5128 5141
f 5083 5141 5088
f 5088 5141 5152
f 5088 5152 5081
f 5081 5152 5150
f 5081 5150 5056
f 5056 5150 5134
f 5056 5134 5004
f 5004 5134 5108
f 5228 5178 5248
f 5248 5178 5199
f 5248 5199 5251
f 5251 5199 5212
f 5251 5212 5250
f 5250 5212 5207
f 5250 5207 5233
f 5207 5201 5233
f 5233 5201 5184
f 5233 5184 5210
f 5210 5184 5166
f 5210 5166 5157
f 5157 5166 5136
f 5157 5136 5110
f 4774 4745 4800
f 4800 4745 4731
f 4800 4731 4762
f 4762 4731 4719
f 4762 4719 4680
f 4955 4969 5081
f 5081 4969 4971
f 5081 4971 5088
f 5088 4971 4981
f 5088 4981 5083
f 5083 4981 4985
f 5083 4985 5064
f 5064 4985 4976
f 5064 4976 5041
f 5041 4976 4952
f 5041 4952 5021
f 5021 4952 4940
f 5021 4940 4995
f 4995 4940 4911
f 4995 4911 4948
f 4948 4911 4856
f 4948 4856 4903
f 4903 4856 4827
f 4903 4827 4864
f 4864 4827 4817
f 4864 4817 4826
f 4826 4817 4782
f 4826 4782 4774
f 4797 4833 4841
f 4841 4833 4878
f 4841 4878 4883
f 4883 4878 4933
f 4883 4933 4927
f 4927 4933 4990
f 4927 4990 4982
f 4982 4990 5019
f 4982 5019 5008
f 5008 5019 5069
f 5008 5069 5049
f 5049 5069 5110
f 5049 5110 5098
f 5098 5110 5136
f 5098 5136 5117
f 5117 5136 5166
f 5117 5166 5128
f 5128 5166 5184
f 5128 5184 5141
f 5141 5184 5201
f 5141 5201 5152
f 5152 5201 5207
f 5152 5207 5150
f 5150 5207 5212
f 5150 5212 5134
f 5134 5212 5199
f 5134 5199 5108
f 5108 5199 5178
f 5215 5227 5247
f 5055 4947 5063
f 5063 4947 4930
f 4801 4730 4744
f 4801 4744 4825
f 4744 4773 4825
f 4825 4773 4781
f 4825 4781 4863
f 4863 4781 4818
f 4863 4818 4902
f 4902 4818 4830
f 4902 4830 4949
f 4949 4830 4855
f 4949 4855 4994
f 4994 4855 4910
f 4994 4910 5020
f 5020 4910 4941
f 5020 4941 5042
f 4801 4769 4730
f 4730 4769 4728
f 4730 4728 4718
f 4718 4728 4681
f 5167 5137 5099
f 5156 5137 5209
f 5209 5137 5167
f 5209 5167 5232
f 4966 4919 4934
f 4934 4919 4879
f 4834 4796 4879
f 4879 4796 4840
f 4879 4840 4934
f 4934 4840 4882
f 4934 4882 4991
f 4991 4882 4926
f 4991 4926 5018
f 5018 4926 4983
f 5018 4983 5070
f 5070 4983 5007
f 5070 5007 5109
f 5109 5007 5048
f 4966 4934 5027
f 5027 4934 4991
f 5027 4991 5074
f 5074 4991 5018
f 5074 5018 5102
f 5102 5018 5070
f 5102 5070 5156
f 5156 5070 5109
f 5156 5109 5137
f 5137 5109 5048
f 5137 5048 5099
f 5144 5183 5135
f 5135 5183 5198
f 5135 5198 5149
f 5149 5198 5211
f 5149 5211 5151
f 5151 5211 5206
f 5151 5206 5140
f 5140 5206 5200
f 5140 5200 5127
f 5127 5200 5185
f 5127 5185 5116
f 4941 4953 5042
f 5042 4953 4954
f 5042 4954 5065
f 5065 4954 4977
f 5065 4977 5082
f 5082 4977 4984
f 5082 4984 5089
f 5089 4984 4980
f 5089 4980 5080
f 5080 4980 4970
f 5080 4970 5055
f 5055 4970 4956
f 5055 4956 4947
f 4861 4834 4891
f 4891 4834 4879
f 4891 4879 4917
f 4917 4879 4919
f 5183 5215 5198
f 5198 5215 5247
f 5198 5247 5211
f 5211 5247 5252
f 5211 5252 5206
f 5206 5252 5249
f 5206 5249 5200
f 5200 5249 5232
f 5200 5232 5185
f 5185 5232 5167
f 5185 5167 5116
f 5116 5167 5099
f 4796 4769 4840
f 4840 4769 4801
f 4840 4801 4882
f 4882 4801 4825
f 4882 4825 4926
f 4926 4825 4863
f 4926 4863 4983
f 4983 4863 4902
f 4983 4902 5007
f 5007 4902 4949
f 5007 4949 5048
f 5048 4949 4994
f 5048 4994 5099
f 5099 4994 5020
f 5099 5020 5116
f 5116 5020 5042
f 5116 5042 5127
f 5127 5042 5065
f 5127 5065 5140
f 5140 5065 5082
f 5140 5082 5151
f 5151 5082 5089
f 5151 5089 5149
f 5149 5089 5080
f 5149 5080 5135
f 5135 5080 5055
f 5135 5055 5144
f 5144 5055 5063
f 4791 4839 4804
f 4143 4121 4331
f 3784 3664 3880
f 4388 4331 4457
f 4681 4728 4658
f 4666 4509 4658
f 3784 3880 3854
f 4121 4143 3880
f 3880 4143 4015
f 3880 4015 3854
f 4668 4525 4624
f 4624 4525 4217
f 4624 4217 4500
f 4500 4217 4060
f 4500 4060 4229
f 4331 4388 4143
f 4143 4388 4229
f 4143 4229 4015
f 4015 4229 4060
f 4015 4060 3854
f 4834 4861 4860
f 4769 4796 4770
f 4770 4796 4834
f 4770 4834 4815
f 4815 4834 4860
f 4815 4860 4851
f 4666 4791 4742
f 4742 4791 4804
f 4742 4804 4767
f 4767 4804 4786
f 4728 4769 4658
f 4658 4769 4770
f 4658 4770 4666
f 4666 4770 4815
f 4666 4815 4791
f 4791 4815 4851
f 4791 4851 4839
f 4786 4668 4767
f 4767 4668 4624
f 4767 4624 4742
f 4742 4624 4500
f 4742 4500 4666
f 4666 4500 4229
f 4666 4229 4509
f 4509 4229 4388
f 4509 4388 4658
f 4658 4388 4457
f 4658 4457 4681
f 458 609 423
f 423 609 465
f 1119 524 522
f 1119 522 1021
f 522 515 1021
f 1021 515 503
f 1021 503 824
f 824 503 495
f 824 495 483
f 510 533 554
f 510 554 493
f 689 463 471
f 493 554 471
f 471 554 576
f 471 576 689
f 1592 1119 1303
f 1303 1119 1021
f 1303 1021 1219
f 1219 1021 824
f 1219 824 609
f 609 824 483
f 609 483 465
f 1736 1592 1648
f 1648 1592 1303
f 1648 1303 1355
f 1355 1303 1219
f 1355 1219 1114
f 1114 1219 609
f 1114 609 1039
f 1039 609 458
f 1039 458 689
f 689 458 461
f 689 461 463
f 704 651 623
f 623 651 613
f 623 613 566
f 731 906 811
f 593 731 680
f 593 680 569
f 569 680 642
f 569 642 537
f 537 642 619
f 537 619 508
f 508 619 602
f 508 602 487
f 487 602 599
f 487 599 473
f 473 599 605
f 473 605 479
f 479 605 623
f 479 623 500
f 500 623 566
f 500 566 533
f 731 811 680
f 680 811 764
f 680 764 642
f 642 764 732
f 642 732 619
f 619 732 706
f 619 706 602
f 602 706 697
f 602 697 599
f 599 697 713
f 599 713 605
f 605 713 740
f 605 740 623
f 623 740 779
f 623 779 704
f 614 654 624
f 624 654 707
f 502 534 568
f 734 594 570
f 909 734 682
f 734 570 682
f 682 570 539
f 682 539 644
f 644 539 509
f 644 509 620
f 620 509 489
f 620 489 604
f 604 489 474
f 604 474 600
f 600 474 480
f 600 480 608
f 608 480 502
f 608 502 624
f 624 502 568
f 624 568 614
f 909 682 815
f 815 682 644
f 815 644 767
f 767 644 620
f 767 620 735
f 735 620 604
f 735 604 710
f 710 604 600
f 710 600 701
f 701 600 608
f 701 608 719
f 719 608 624
f 719 624 742
f 742 624 707
f 742 707 786
f 555 534 511
f 1022 825 496
f 496 504 1022
f 1022 504 516
f 1022 516 1119
f 1119 516 523
f 1119 523 524
f 459 426 610
f 610 426 466
f 610 466 825
f 825 466 484
f 825 484 496
f 472 464 736
f 472 736 494
f 494 736 579
f 494 579 511
f 511 579 575
f 511 575 555
f 1119 1592 1022
f 1022 1592 1304
f 1022 1304 825
f 825 1304 1220
f 825 1220 610
f 610 1220 788
f 610 788 459
f 459 788 736
f 459 736 462
f 462 736 464
f 1592 1736 1304
f 1304 1736 1520
f 1304 1520 1220
f 1220 1520 1382
f 1220 1382 788
f 788 1382 1234
f 788 1234 736
f 2998 2987 3220
f 3006 3246 2844
f 2844 3246 2857
f 2844 2857 2552
f 2195 2305 2319
f 2319 2305 2428
f 2319 2428 2552
f 2552 2428 2549
f 2552 2549 2844
f 2190 2188 2208
f 2208 2188 2199
f 2208 2199 2213
f 2193 2189 2192
f 2192 2189 2187
f 2192 2187 2190
f 2190 2187 2186
f 2190 2186 2188
f 2192 2195 2193
f 2193 2195 2319
f 2193 2319 2191
f 2191 2319 2212
f 2191 2212 2233
f 2233 2212 2358
f 2233 2358 2345
f 2345 2358 2600
f 2345 2600 2582
f 2582 2600 2914
f 2582 2914 2907
f 2907 2914 3007
f 3007 2914 3317
f 3007 3317 2997
f 3533 3553 3598
f 3598 3553 3611
f 3598 3611 3597
f 3597 3611 3529
f 3529 3611 3524
f 3529 3524 3518
f 3518 3524 3309
f 3309 3524 3246
f 3309 3246 3220
f 3220 3246 3006
f 3220 3006 2998
f 2988 2997 3295
f 3295 2997 3317
f 3295 3317 3310
f 3310 3317 3553
f 3310 3553 3530
f 3530 3553 3533
f 650 653 631
f 542 557 535
f 544 543 596
f 536 556 541
f 541 556 632
f 541 632 543
f 542 545 580
f 580 545 544
f 557 542 633
f 543 632 596
f 596 632 702
f 596 702 656
f 656 702 726
f 656 726 674
f 544 596 580
f 580 596 656
f 580 656 631
f 631 656 674
f 631 674 650
f 542 580 633
f 633 580 631
f 633 631 703
f 703 631 653
f 703 653 727
f 462 464 408
f 472 494 502
f 502 494 511
f 502 511 534
f 410 466 426
f 550 536 520
f 520 536 501
f 520 501 476
f 476 501 478
f 476 478 419
f 464 472 408
f 408 472 502
f 408 502 401
f 401 502 480
f 401 480 399
f 399 480 474
f 399 474 406
f 406 474 489
f 406 489 419
f 419 489 509
f 419 509 476
f 476 509 539
f 476 539 520
f 520 539 570
f 520 570 550
f 550 570 594
f 419 478 420
f 419 420 406
f 406 420 416
f 406 416 399
f 399 416 410
f 399 410 401
f 401 410 426
f 401 426 408
f 408 426 459
f 408 459 462
f 400 407 417
f 417 407 423
f 417 423 465
f 493 500 510
f 510 500 533
f 471 463 407
f 463 461 407
f 407 461 458
f 407 458 423
f 535 549 506
f 506 549 519
f 506 519 469
f 417 412 400
f 400 412 398
f 398 412 411
f 398 411 405
f 405 411 415
f 405 415 418
f 418 415 469
f 418 469 475
f 475 469 519
f 493 471 500
f 500 471 407
f 500 407 479
f 479 407 400
f 479 400 473
f 473 400 398
f 473 398 487
f 487 398 405
f 487 405 508
f 508 405 418
f 508 418 537
f 537 418 475
f 537 475 569
f 569 475 519
f 569 519 593
f 593 519 549
f 3854 4060 3840
f 3981 4217 4525
f 3501 3656 3527
f 3527 3656 3663
f 3653 3501 3045
f 3501 3653 3656
f 3656 3653 3884
f 3656 3884 3663
f 2085 2408 2570
f 2570 2408 2840
f 2570 2840 3044
f 3044 2840 3208
f 3044 3208 3500
f 3500 3208 3455
f 3500 3455 3657
f 3657 3455 3664
f 3657 3664 3784
f 2121 2569 2390
f 2390 2569 3045
f 2390 3045 2624
f 2624 3045 3501
f 2624 3501 3180
f 3180 3501 3527
f 2018 2085 2383
f 2383 2085 2570
f 2383 2570 2768
f 2768 2570 3044
f 2768 3044 3244
f 3244 3044 3500
f 3244 3500 3652
f 3652 3500 3657
f 3652 3657 3840
f 3840 3657 3784
f 3840 3784 3854
f 3045 3245 3653
f 3653 3245 3655
f 3653 3655 3980
f 3980 3655 4220
f 3980 4220 4335
f 4335 4220 4532
f 4335 4532 4748
f 4748 4532 4786
f 4748 4516 4335
f 4335 4516 4224
f 4335 4224 3980
f 3980 4224 4107
f 3980 4107 3653
f 3653 4107 3998
f 3653 3998 3884
f 4060 4217 3840
f 3840 4217 3981
f 3840 3981 3652
f 3652 3981 3514
f 3652 3514 3244
f 3244 3514 3061
f 3244 3061 2768
f 1736 2018 2121
f 2121 2018 2383
f 2121 2383 2569
f 2569 2383 2768
f 2569 2768 3045
f 3045 2768 3061
f 3045 3061 3245
f 3245 3061 3514
f 3245 3514 3655
f 3655 3514 3981
f 3655 3981 4220
f 4220 3981 4525
f 4220 4525 4532
f 4532 4525 4668
f 4532 4668 4786
f 5233 5210 5240
f 4888 4805 4881
f 5187 5186 5242
f 5186 5187 5115
f 5241 5228 5248
f 5241 5248 5260
f 5217 5255 5243
f 5243 5255 5290
f 5243 5290 5282
f 4888 4881 4972
f 4972 4881 4975
f 4972 4975 5072
f 5072 4975 5086
f 5072 5086 5130
f 5130 5086 5138
f 5130 5138 5179
f 4805 4786 4881
f 4881 4786 4887
f 4881 4887 4975
f 4975 4887 5009
f 4975 5009 5086
f 5086 5009 5092
f 5086 5092 5138
f 4852 4847 4898
f 4898 4847 4896
f 4898 4896 4942
f 4942 4896 4960
f 4942 4960 5014
f 5014 4960 5038
f 5014 5038 5075
f 5075 5038 5111
f 5075 5111 5119
f 5119 5111 5154
f 5119 5154 5160
f 5160 5154 5190
f 5160 5190 5188
f 5188 5190 5224
f 5188 5224 5221
f 5279 5271 5299
f 5299 5271 5270
f 5299 5270 5306
f 5306 5270 5276
f 5306 5276 5304
f 5304 5276 5274
f 5304 5274 5293
f 5293 5274 5268
f 5293 5268 5280
f 5280 5268 5259
f 5280 5259 5264
f 5301 5312 5309
f 5309 5312 5313
f 5309 5313 5315
f 5315 5313 5319
f 5315 5319 5318
f 5318 5319 5320
f 5318 5320 5311
f 5311 5320 5316
f 5311 5316 5292
f 5292 5316 5303
f 5301 5282 5312
f 5312 5282 5290
f 5312 5290 5286
f 5286 5290 5255
f 5286 5255 5256
f 5256 5255 5217
f 5256 5217 5242
f 5242 5217 5179
f 5242 5179 5187
f 5187 5179 5138
f 5187 5138 5115
f 5115 5138 5092
f 4862 4852 4890
f 4890 4852 4898
f 4890 4898 4918
f 4918 4898 4942
f 4918 4942 4965
f 4965 4942 5014
f 4965 5014 5026
f 5026 5014 5075
f 5026 5075 5079
f 5079 5075 5119
f 5079 5119 5103
f 5103 5119 5160
f 5103 5160 5157
f 5157 5160 5188
f 5157 5188 5210
f 5210 5188 5221
f 5210 5221 5240
f 5240 5221 5224
f 5271 5260 5270
f 5270 5260 5248
f 5270 5248 5276
f 5276 5248 5251
f 5276 5251 5274
f 5274 5251 5250
f 5274 5250 5268
f 5268 5250 5233
f 5268 5233 5259
f 5259 5233 5240
f 5259 5240 5264
f 5264 5240 5224
f 4847 4805 4896
f 4896 4805 4888
f 4896 4888 4960
f 4960 4888 4972
f 4960 4972 5038
f 5038 4972 5072
f 5038 5072 5111
f 5111 5072 5130
f 5111 5130 5154
f 5154 5130 5179
f 5154 5179 5190
f 5190 5179 5217
f 5190 5217 5224
f 5224 5217 5243
f 5224 5243 5264
f 5264 5243 5282
f 5264 5282 5280
f 5280 5282 5301
f 5280 5301 5293
f 5293 5301 5309
f 5293 5309 5304
f 5304 5309 5315
f 5304 5315 5306
f 5306 5315 5318
f 5306 5318 5299
f 5299 5318 5311
f 5299 5311 5279
f 5279 5311 5292
f 5003 4996 4929
f 4929 4996 4921
f 5225 5220 5176
f 5176 5220 5168
f 5176 5168 5107
f 5107 5168 5104
f 5107 5104 5003
f 5003 5104 5040
f 5003 5040 4996
f 5228 5225 5178
f 5178 5225 5176
f 5178 5176 5108
f 5108 5176 5107
f 5108 5107 5004
f 5004 5107 5003
f 5004 5003 4931
f 4931 5003 4929
f 5197 5208 5171
f 5171 5208 5139
f 4928 4920 5059
f 5059 4920 5050
f 5059 5050 5139
f 5139 5050 5131
f 5139 5131 5171
f 5227 5208 5226
f 5226 5208 5197
f 5226 5197 5219
f 4930 4928 5063
f 5063 4928 5059
f 5063 5059 5144
f 5144 5059 5139
f 5144 5139 5183
f 5183 5139 5208
f 5183 5208 5215
f 5215 5208 5227
f 5281 5265 5239
f 4887 4786 4804
f 5319 5313 5308
f 5308 5313 5302
f 5242 5186 5180
f 5191 5223 5244
f 5300 5303 5316
f 4943 4899 4891
f 5239 5265 5222
f 5222 5265 5223
f 5222 5223 5189
f 4959 4897 4899
f 5189 5223 5161
f 5161 5223 5191
f 5161 5191 5118
f 4889 4897 4973
f 4973 4897 4959
f 4973 4959 5073
f 5180 5129 5112
f 5112 5129 5039
f 5112 5039 5015
f 5015 5039 4943
f 5073 5087 4973
f 4973 5087 4974
f 4973 4974 4889
f 4889 4974 4880
f 5180 5186 5129
f 5129 5186 5115
f 5129 5115 5092
f 4899 4943 4959
f 4959 4943 5039
f 4959 5039 5073
f 5073 5039 5129
f 5073 5129 5087
f 5087 5129 5092
f 5087 5092 4974
f 4974 5092 5009
f 4974 5009 4880
f 5288 5296 5298
f 5298 5296 5310
f 5298 5310 5307
f 5307 5310 5317
f 5307 5317 5305
f 5305 5317 5314
f 5305 5314 5294
f 5296 5300 5310
f 5310 5300 5316
f 5310 5316 5317
f 5317 5316 5320
f 5317 5320 5314
f 5244 5223 5283
f 5283 5223 5265
f 5283 5265 5302
f 5302 5265 5281
f 5302 5281 5308
f 5227 5263 5247
f 5247 5263 5269
f 5247 5269 5252
f 5252 5269 5277
f 5252 5277 5249
f 5249 5277 5275
f 5249 5275 5232
f 5275 5267 5232
f 5232 5267 5258
f 5232 5258 5209
f 5263 5288 5269
f 5269 5288 5298
f 5269 5298 5277
f 5277 5298 5307
f 5277 5307 5275
f 5275 5307 5305
f 5275 5305 5267
f 5267 5305 5294
f 5267 5294 5258
f 4861 4891 4860
f 4860 4891 4899
f 4860 4899 4851
f 4851 4899 4897
f 4851 4897 4839
f 4839 4897 4889
f 4839 4889 4804
f 4804 4889 4880
f 4804 4880 4887
f 4887 4880 5009
f 5015 5076 5112
f 5112 5076 5155
f 5112 5155 5180
f 5180 5155 5218
f 5180 5218 5242
f 5242 5218 5254
f 5242 5254 5256
f 5256 5254 5289
f 5256 5289 5286
f 5286 5289 5312
f 5313 5312 5302
f 5302 5312 5289
f 5302 5289 5283
f 5283 5289 5254
f 5283 5254 5244
f 5244 5254 5218
f 5244 5218 5191
f 5191 5218 5155
f 5191 5155 5118
f 5118 5155 5076
f 5320 5319 5314
f 5314 5319 5308
f 5314 5308 5294
f 5294 5308 5281
f 5294 5281 5258
f 5258 5281 5239
f 5258 5239 5209
f 5209 5239 5222
f 5209 5222 5156
f 5156 5222 5189
f 5156 5189 5102
f 5102 5189 5161
f 5102 5161 5074
f 5074 5161 5118
f 5074 5118 5027
f 5027 5118 5076
f 5027 5076 4966
f 4966 5076 5015
f 4966 5015 4919
f 4919 5015 4943
f 4919 4943 4917
f 4917 4943 4891
f 522 524 492
f 522 492 515
f 412 417 503
f 465 483 417
f 417 483 495
f 417 495 503
f 503 515 412
f 412 515 492
f 412 492 488
f 412 488 467
f 545 542 528
f 528 542 535
f 528 535 506
f 505 498 497
f 497 498 467
f 497 467 490
f 490 467 488
f 544 545 505
f 505 545 528
f 505 528 498
f 498 528 506
f 506 469 498
f 498 469 415
f 498 415 467
f 467 415 411
f 467 411 412
f 524 523 492
f 492 523 516
f 504 496 410
f 410 496 484
f 410 484 466
f 516 504 492
f 492 504 410
f 492 410 488
f 488 410 468
f 488 468 490
f 501 536 541
f 501 541 529
f 410 416 468
f 468 416 420
f 468 420 499
f 499 420 478
f 499 478 529
f 529 478 501
f 541 543 529
f 529 543 544
f 529 544 499
f 499 544 505
f 499 505 468
f 468 505 497
f 468 497 490
f 3524 3611 2892
f 2892 3611 3553
f 2892 3553 3317
f 2552 2857 2892
f 2892 2857 3246
f 2892 3246 3524
f 2358 2212 2892
f 2892 2212 2319
f 2892 2319 2552
f 3317 2914 2892
f 2892 2914 2600
f 2892 2600 2358
f 5291 5297 5287
f 5236 5231 5225
f 5225 5231 5220
f 5287 5278 5291
f 5291 5278 5272
f 5291 5272 5266
f 5266 5272 5261
f 5266 5261 5236
f 5236 5261 5238
f 5236 5238 5231
f 5225 5228 5236
f 5236 5228 5241
f 5236 5241 5266
f 5266 5241 5260
f 5303 5297 5292
f 5292 5297 5291
f 5292 5291 5279
f 5279 5291 5266
f 5279 5266 5271
f 5271 5266 5260
f 5262 5226 5219
f 5285 5295 5273
f 5273 5295 5284
f 5273 5284 5257
f 5257 5284 5262
f 5257 5262 5237
f 5237 5262 5219
f 5303 5295 5297
f 5297 5295 5285
f 5297 5285 5287
f 5227 5226 5263
f 5263 5226 5262
f 5263 5262 5288
f 5288 5262 5284
f 5288 5284 5296
f 5296 5284 5295
f 5296 5295 5300
f 5300 5295 5303
f 3684 3650 3661
f 3661 3650 3649
f 3661 3674 3684
f 3684 3674 3697
f 3684 3697 3716
f 3716 3697 3717
f 3716 3717 3728
f 3728 3717 3737
f 3728 3737 3742
f 3742 3737 3744
f 3744 3737 3747
f 3744 3747 3748
f 4114 4149 3968
f 3968 4149 4120
f 3968 4120 4070
f 3850 3959 3968
f 3968 3959 4055
f 3968 4055 4114
f 3760 3726 3968
f 3968 3726 3754
f 3968 3754 3850
f 4070 3974 3968
f 3968 3974 3872
f 3968 3872 3760
f 4007 3964 3977
f 3977 3964 3943
f 3943 3879 3977
f 3977 3879 3842
f 3977 3842 3839
f 3839 3842 3819
f 3839 3819 3720
f 3720 3819 3709
f 3720 3709 3670
f 3670 3709 3660
f 3670 3660 3707
f 3707 3660 3690
f 3707 3690 3815
f 3815 3690 3802
f 3815 3802 3954
f 3954 3802 3948
f 3954 3948 4077
f 4077 3948 4064
f 4077 4064 4153
f 4153 4064 4135
f 4153 4135 4202
f 4202 4135 4184
f 4202 4184 4168
f 4168 4184 4155
f 4168 4155 4087
f 4087 4155 4081
f 4087 4081 3977
f 3977 4081 4074
f 3977 4074 4007
f 4070 4087 3974
f 3974 4087 3977
f 3974 3977 3872
f 3872 3977 3839
f 3872 3839 3760
f 3760 3839 3720
f 3760 3720 3726
f 3726 3720 3670
f 3726 3670 3754
f 3754 3670 3707
f 3754 3707 3850
f 3850 3707 3815
f 3850 3815 3959
f 3959 3815 3954
f 3959 3954 4055
f 4055 3954 4077
f 4055 4077 4114
f 4114 4077 4153
f 4114 4153 4149
f 4149 4153 4202
f 4149 4202 4120
f 4120 4202 4168
f 4120 4168 4070
f 4070 4168 4087
f 3930 3947 3955
f 4078 4075 4154
f 4154 4075 4134
f 4154 4134 4201
f 4201 4134 4183
f 4201 4183 4167
f 4167 4183 4156
f 4167 4156 4086
f 4086 4156 4080
f 4086 4080 3976
f 3976 4080 3965
f 3976 3965 3838
f 3838 3965 3818
f 3838 3818 3719
f 3719 3818 3708
f 3719 3708 3671
f 3671 3708 3659
f 3671 3659 3706
f 3706 3659 3691
f 3706 3691 3814
f 3814 3691 3801
f 3814 3801 3955
f 3955 3801 3843
f 3955 3843 3930
f 3947 3987 3955
f 3955 3987 4050
f 3955 4050 4078
f 4078 4050 4063
f 4078 4063 4075
f 4113 4150 3967
f 3967 4150 4119
f 3967 4119 4069
f 3849 3958 3967
f 3967 3958 4056
f 3967 4056 4113
f 3759 3725 3967
f 3967 3725 3753
f 3967 3753 3849
f 4069 3973 3967
f 3967 3973 3871
f 3967 3871 3759
f 4069 4086 3973
f 3973 4086 3976
f 3973 3976 3871
f 3871 3976 3838
f 3871 3838 3759
f 3759 3838 3719
f 3759 3719 3725
f 3725 3719 3671
f 3725 3671 3753
f 3753 3671 3706
f 3753 3706 3849
f 3849 3706 3814
f 3849 3814 3958
f 3958 3814 3955
f 3958 3955 4056
f 4056 3955 4078
f 4056 4078 4113
f 4113 4078 4154
f 4113 4154 4150
f 4150 4154 4201
f 4150 4201 4119
f 4119 4201 4167
f 4119 4167 4069
f 4069 4167 4086
f 4971 4969 4831
f 4268 4332 4302
f 4584 4680 4719
f 4131 4270 4240
f 4551 4608 4677
f 4766 4789 4759
f 4811 4642 4789
f 4789 4642 4747
f 4789 4747 4759
f 4671 4255 4677
f 4677 4255 4395
f 4677 4395 4551
f 4320 4219 4226
f 4226 4219 4084
f 4131 4240 3982
f 3982 4240 4226
f 3982 4226 3969
f 3969 4226 4084
f 3969 4084 3962
f 4821 4946 4783
f 4783 4946 4931
f 4537 4745 4555
f 4555 4745 4774
f 4555 4774 4582
f 4582 4774 4782
f 4582 4782 4675
f 4675 4782 4817
f 4675 4817 4766
f 4766 4817 4827
f 4766 4827 4789
f 4789 4827 4856
f 4789 4856 4811
f 4811 4856 4911
f 4811 4911 4836
f 4533 4542 4580
f 4580 4584 4533
f 4533 4584 4719
f 4533 4719 4537
f 4537 4719 4731
f 4537 4731 4745
f 3913 4061 3889
f 3889 4061 4036
f 3889 4036 3895
f 3895 4036 4031
f 3895 4031 3928
f 3928 4031 4041
f 3928 4041 3951
f 3951 4041 4073
f 3951 4073 4028
f 4028 4073 4110
f 4028 4110 4211
f 3668 3913 3679
f 3679 3913 3889
f 3679 3889 3686
f 3686 3889 3895
f 4028 3848 3951
f 3951 3848 3791
f 3951 3791 3928
f 3928 3791 3723
f 3928 3723 3895
f 3895 3723 3715
f 3895 3715 3686
f 4268 4302 4089
f 4131 4255 4270
f 4270 4255 4671
f 4270 4671 4240
f 4240 4671 4626
f 4240 4626 4226
f 4226 4626 4596
f 4226 4596 4320
f 4320 4596 4590
f 4831 4969 4821
f 4821 4969 4955
f 4821 4955 4946
f 4971 4831 4981
f 4981 4831 4844
f 4981 4844 4985
f 4911 4940 4836
f 4836 4940 4952
f 4836 4952 4844
f 4844 4952 4976
f 4844 4976 4985
f 4375 4211 4358
f 4358 4211 4110
f 4358 4110 4300
f 4300 4110 4073
f 4300 4073 4267
f 4267 4073 4041
f 4267 4041 4258
f 4258 4041 4031
f 4258 4031 4279
f 4279 4031 4036
f 4279 4036 4302
f 4302 4036 4061
f 4302 4061 4089
f 4089 4061 3913
f 4089 3913 3972
f 3972 3913 3668
f 3972 3668 3663
f 4332 4580 4302
f 4302 4580 4542
f 4302 4542 4279
f 4279 4542 4533
f 4279 4533 4258
f 4258 4533 4537
f 4258 4537 4267
f 4267 4537 4555
f 4267 4555 4300
f 4300 4555 4582
f 4300 4582 4358
f 4358 4582 4675
f 4358 4675 4375
f 4375 4675 4766
f 4375 4766 4612
f 4612 4766 4759
f 4551 4642 4608
f 4608 4642 4811
f 4608 4811 4677
f 4677 4811 4836
f 4677 4836 4671
f 4671 4836 4844
f 4671 4844 4626
f 4626 4844 4831
f 4626 4831 4596
f 4596 4831 4821
f 4596 4821 4590
f 4590 4821 4783
f 1902 1994 1888
f 1888 1994 1789
f 1888 1789 1645
f 1645 1789 1762
f 2896 2850 2860
f 2860 2874 2896
f 2896 2874 2881
f 2896 2881 2891
f 2874 2718 2881
f 2881 2718 2725
f 1463 1391 1326
f 1463 1326 1762
f 1762 1326 1310
f 1762 1310 1645
f 1645 1310 1293
f 1645 1293 1285
f 2895 2890 2880
f 2880 2873 2895
f 2895 2873 2859
f 2895 2859 2847
f 2717 2873 2724
f 2724 2873 2880
f 2713 2581 2689
f 2689 2581 2601
f 2676 2565 2566
f 2566 2565 2433
f 2566 2433 2581
f 2713 2717 2581
f 2581 2717 2724
f 2581 2724 2566
f 2566 2724 2712
f 2566 2712 2676
f 1902 2196 1994
f 1994 2196 2268
f 2601 2581 2487
f 2487 2581 2433
f 2487 2433 2268
f 2268 2433 2170
f 2268 2170 1994
f 2522 2368 2331
f 2331 2368 2197
f 2331 2197 2132
f 2132 2197 2084
f 2132 2084 1995
f 1995 2084 1903
f 2574 2623 2609
f 2609 2623 2703
f 2609 2703 2723
f 2625 2535 2546
f 2546 2535 2368
f 2546 2368 2609
f 2609 2368 2522
f 2609 2522 2574
f 2723 2725 2609
f 2609 2725 2718
f 2609 2718 2546
f 2546 2718 2698
f 2546 2698 2625
f 1995 1903 1952
f 1952 1903 1679
f 1952 1679 1763
f 1763 1679 1646
f 421 1025 300
f 299 1023 253
f 253 1023 422
f 300 266 421
f 421 266 207
f 421 207 361
f 361 207 187
f 361 187 422
f 422 187 199
f 422 199 253
f 1283 1295 1646
f 1646 1295 1325
f 1390 1462 1325
f 1325 1462 1763
f 1325 1763 1646
f 4264 4570 4597
f 4716 4812 4822
f 4822 4812 4867
f 3917 4054 3882
f 3882 4054 4002
f 3888 3687 3894
f 3894 3687 3714
f 3894 3714 3927
f 3927 3714 3724
f 3927 3724 3950
f 3950 3724 3790
f 3950 3790 4002
f 4002 3790 3874
f 4002 3874 3882
f 3880 3664 3914
f 3914 3664 3667
f 3914 3667 3888
f 3888 3667 3678
f 3888 3678 3687
f 4178 3942 4225
f 4225 3942 3963
f 4225 3963 4246
f 4121 3880 4062
f 4062 3880 3914
f 4062 3914 4037
f 4037 3914 3888
f 4037 3888 4032
f 4032 3888 3894
f 4032 3894 4040
f 4040 3894 3927
f 4040 3927 4072
f 4072 3927 3950
f 4072 3950 4109
f 4109 3950 4002
f 4109 4002 4178
f 4178 4002 4054
f 4178 4054 3942
f 3942 4054 3917
f 4581 4674 4818
f 4818 4674 4830
f 4830 4674 4765
f 4830 4765 4855
f 4855 4765 4788
f 4855 4788 4910
f 4910 4788 4810
f 4910 4810 4941
f 4941 4810 4835
f 4941 4835 4953
f 4980 4845 4970
f 4970 4845 4832
f 4970 4832 4956
f 4956 4832 4822
f 4956 4822 4947
f 4947 4822 4867
f 4947 4867 4930
f 4457 4331 4543
f 4543 4331 4303
f 4543 4303 4534
f 4534 4303 4280
f 4534 4280 4536
f 4536 4280 4257
f 4536 4257 4554
f 4554 4257 4266
f 4554 4266 4581
f 4581 4266 4299
f 4581 4299 4674
f 4674 4299 4357
f 4674 4357 4765
f 4765 4357 4502
f 4765 4502 4788
f 4788 4502 4559
f 4788 4559 4810
f 4810 4559 4607
f 4810 4607 4835
f 4835 4607 4676
f 4835 4676 4845
f 4845 4676 4673
f 4845 4673 4832
f 4832 4673 4627
f 4832 4627 4822
f 4822 4627 4597
f 4822 4597 4716
f 4716 4597 4570
f 3963 3985 4246
f 4246 3985 3990
f 4246 3990 4288
f 4288 3990 4013
f 4288 4013 4271
f 4271 4013 4005
f 4271 4005 4241
f 4241 4005 3983
f 4241 3983 4227
f 4227 3983 3970
f 4227 3970 4218
f 4218 3970 3961
f 4818 4781 4581
f 4581 4781 4773
f 4581 4773 4554
f 4554 4773 4744
f 4554 4744 4536
f 4536 4744 4730
f 4536 4730 4534
f 4534 4730 4718
f 4534 4718 4543
f 4543 4718 4681
f 4543 4681 4457
f 4980 4984 4845
f 4845 4984 4977
f 4845 4977 4835
f 4835 4977 4954
f 4835 4954 4953
f 4331 4121 4303
f 4303 4121 4062
f 4303 4062 4280
f 4280 4062 4037
f 4280 4037 4257
f 4257 4037 4032
f 4257 4032 4266
f 4266 4032 4040
f 4266 4040 4299
f 4299 4040 4072
f 4299 4072 4357
f 4357 4072 4109
f 4357 4109 4502
f 4502 4109 4178
f 4502 4178 4559
f 4559 4178 4225
f 4559 4225 4607
f 4607 4225 4246
f 4607 4246 4676
f 4676 4246 4288
f 4676 4288 4673
f 4673 4288 4271
f 4673 4271 4627
f 4627 4271 4241
f 4627 4241 4597
f 4597 4241 4227
f 4597 4227 4264
f 4264 4227 4218
f 3992 4147 4104
f 4104 4147 4318
f 4104 4318 4260
f 4260 4318 4523
f 4260 4523 4511
f 4511 4523 4733
f 4511 4733 4702
f 4702 4733 4802
f 4702 4802 4793
f 4793 4802 4849
f 4793 4849 4843
f 4843 4849 4914
f 4843 4914 4893
f 4893 4914 4961
f 4893 4961 4945
f 4945 4961 5001
f 4945 5001 4993
f 4993 5001 5024
f 4993 5024 5011
f 5011 5024 5043
f 5011 5043 5028
f 5028 5043 5060
f 5028 5060 5037
f 5037 5060 5071
f 5037 5071 5045
f 5045 5071 5061
f 5045 5061 5036
f 5036 5061 5044
f 5036 5044 5029
f 5029 5044 5025
f 5029 5025 5010
f 5010 5025 5002
f 5010 5002 4992
f 4992 5002 4962
f 4992 4962 4944
f 4944 4962 4913
f 4944 4913 4894
f 4894 4913 4848
f 4894 4848 4842
f 4842 4848 4803
f 4842 4803 4792
f 4792 4803 4732
f 4792 4732 4701
f 4701 4732 4522
f 4701 4522 4512
f 4512 4522 4317
f 4512 4317 4261
f 4261 4317 4215
f 4261 4215 4105
f 4105 4215 4148
f 4105 4148 3993
f 371 360 316
f 266 300 296
f 296 300 322
f 296 322 389
f 389 322 379
f 389 379 424
f 296 201 266
f 266 201 129
f 266 129 207
f 4 42 1
f 1 42 3
f 371 316 275
f 275 316 237
f 275 237 142
f 142 237 115
f 142 115 42
f 42 115 45
f 42 45 3
f 187 207 103
f 103 207 129
f 103 129 4
f 4 129 42
f 42 129 201
f 42 201 142
f 142 201 296
f 142 296 275
f 275 296 389
f 275 389 371
f 380 771 908
f 1348 1549 1628
f 2526 2123 2316
f 1283 1073 1148
f 491 425 414
f 491 414 688
f 1747 1770 1295
f 1295 1770 1781
f 1295 1781 1325
f 1788 2160 2241
f 2241 2160 2441
f 2241 2441 2279
f 2441 2621 2279
f 2279 2621 2668
f 2279 2668 2308
f 2308 2668 2678
f 2308 2678 2316
f 2316 2678 2682
f 2316 2682 2526
f 2526 2682 2681
f 2123 1781 2316
f 2316 1781 1770
f 2316 1770 2308
f 2308 1770 1747
f 2308 1747 2279
f 2279 1747 1687
f 2279 1687 2241
f 2241 1687 1628
f 2241 1628 1788
f 1788 1628 1549
f 1295 1283 1747
f 1747 1283 1148
f 1747 1148 1687
f 1687 1148 1038
f 1687 1038 1628
f 1628 1038 908
f 1628 908 1348
f 1348 908 771
f 359 380 363
f 363 380 908
f 363 908 383
f 383 908 1038
f 383 1038 414
f 414 1038 1148
f 414 1148 688
f 688 1148 1073
f 1285 1293 1769
f 1310 1326 1764
f 2680 2683 2315
f 2171 2240 2464
f 371 907 360
f 360 907 700
f 700 907 1319
f 1319 907 1627
f 1319 1627 1546
f 2240 2171 1627
f 1627 2171 1810
f 1627 1810 1546
f 2667 2620 2278
f 2278 2620 2464
f 2680 2315 2122
f 2122 2315 1769
f 2122 1769 1764
f 1764 1769 1293
f 1764 1293 1310
f 1147 1060 1746
f 1746 1060 1285
f 389 424 1147
f 1147 424 673
f 1147 673 1060
f 2464 2240 2278
f 2278 2240 1627
f 2278 1627 1686
f 1686 1627 907
f 1686 907 1037
f 1037 907 371
f 1037 371 389
f 1285 1769 1746
f 1746 1769 2315
f 1746 2315 2307
f 2307 2315 2683
f 2307 2683 2677
f 389 1147 1037
f 1037 1147 1746
f 1037 1746 1686
f 1686 1746 2307
f 1686 2307 2278
f 2278 2307 2677
f 2278 2677 2667
f 4784 4759 4746
f 4746 4759 4747
f 4746 4747 4687
f 4687 4747 4642
f 4687 4642 4633
f 4633 4642 4548
f 4548 4642 4551
f 4548 4551 4393
f 4551 4395 4393
f 4393 4395 4255
f 4393 4255 4230
f 4230 4255 4131
f 4230 4131 3982
f 4612 4759 4784
f 3848 4028 4253
f 4253 4028 4211
f 4253 4211 4784
f 4784 4211 4375
f 4784 4375 4612
f 4278 4237 4117
f 3796 3925 3971
f 3971 3925 4020
f 3971 4020 4160
f 4160 4020 4117
f 4160 4117 4208
f 4208 4117 4237
f 3763 3765 3796
f 3796 3765 3821
f 3796 3821 3925
f 3925 3821 3993
f 3925 3993 4020
f 4020 3993 4148
f 4020 4148 4117
f 4117 4148 4215
f 4117 4215 4278
f 4278 4215 4317
f 4900 4967 4937
f 4875 4868 4753
f 4753 4868 4877
f 4753 4877 4663
f 4875 4753 4892
f 4892 4753 4776
f 4892 4776 4912
f 4912 4776 4798
f 4912 4798 4937
f 4937 4798 4819
f 4937 4819 4900
f 4377 4160 4208
f 4663 4377 4501
f 4377 4208 4501
f 4501 4208 4237
f 4501 4237 4547
f 4547 4237 4278
f 4547 4278 4606
f 4606 4278 4317
f 4606 4317 4672
f 4663 4501 4753
f 4753 4501 4547
f 4753 4547 4776
f 4776 4547 4606
f 4776 4606 4798
f 4798 4606 4672
f 4798 4672 4819
f 4100 3926 3811
f 3811 3926 3855
f 3811 3855 3762
f 4068 4362 4909
f 4909 4362 4613
f 4909 4613 4938
f 4068 4909 3811
f 3811 4909 4876
f 3811 4876 4664
f 4664 4376 3811
f 3811 4376 4159
f 3811 4159 4100
f 4901 4820 4799
f 4968 4901 4932
f 4932 4901 4799
f 4932 4799 4907
f 4907 4799 4886
f 4871 4874 4754
f 4754 4874 4886
f 4754 4886 4777
f 4777 4886 4799
f 4876 4871 4664
f 4664 4871 4754
f 4664 4754 4376
f 4159 4376 4498
f 4376 4754 4498
f 4498 4754 4777
f 4498 4777 4546
f 4546 4777 4799
f 4546 4799 4605
f 4605 4799 4820
f 4605 4820 4670
f 4159 4498 4207
f 4207 4498 4546
f 4207 4546 4236
f 4236 4546 4605
f 4236 4605 4277
f 4277 4605 4670
f 4277 4670 4318
f 4057 4147 3992
f 3878 3924 3986
f 3855 3924 3762
f 3762 3924 3878
f 3762 3878 3766
f 4057 3992 4019
f 4100 4159 4207
f 3992 3986 4019
f 4019 3986 3924
f 4019 3924 3926
f 3926 3924 3855
f 4318 4147 4277
f 4277 4147 4057
f 4277 4057 4236
f 4236 4057 4019
f 4236 4019 4207
f 4207 4019 3926
f 4207 3926 4100
f 1761 1547 1546
f 3025 3024 2798
f 3227 3100 3101
f 2464 2620 2758
f 2758 2620 2782
f 2758 2782 2798
f 2798 2782 2799
f 2798 2799 3025
f 3025 2799 3066
f 3025 3066 3075
f 3075 3066 3198
f 3075 3198 3101
f 3101 3198 3224
f 3101 3224 3227
f 2758 2573 2464
f 2464 2573 2455
f 2464 2455 2171
f 2171 2455 2409
f 2171 2409 1810
f 1810 2409 2106
f 1810 2106 1546
f 1546 2106 1812
f 1546 1812 1761
f 581 237 880
f 880 237 316
f 880 316 960
f 960 316 360
f 960 360 1352
f 1352 360 700
f 1352 700 1547
f 1547 700 1319
f 1547 1319 1546
f 581 381 237
f 237 381 365
f 237 365 350
f 350 317 237
f 237 317 312
f 237 312 236
f 236 312 313
f 236 313 323
f 323 364 236
f 236 364 372
f 236 372 277
f 277 372 546
f 277 546 359
f 359 546 882
f 359 882 380
f 380 882 1312
f 380 1312 771
f 771 1312 1551
f 1662 1549 1551
f 1551 1549 1348
f 1551 1348 771
f 1662 1814 1549
f 1549 1814 2038
f 1549 2038 1788
f 1788 2038 2364
f 1788 2364 2160
f 2160 2364 2441
f 3225 3226 3170
f 3170 3226 3074
f 3170 3074 2994
f 2994 3074 2821
f 2994 2821 2797
f 2797 2821 2685
f 2797 2685 2744
f 2744 2685 2621
f 2744 2621 2560
f 2560 2621 2441
f 2560 2441 2453
f 2453 2441 2364
f 1463 1395 1391
f 1682 1516 1762
f 1762 1516 1452
f 1762 1452 1463
f 1463 1452 1435
f 1463 1435 1395
f 1682 1762 1868
f 1868 1762 1789
f 1868 1789 1917
f 2381 2370 1994
f 1994 2370 2230
f 1994 2230 1789
f 1789 2230 2061
f 1789 2061 1917
f 2170 2727 2664
f 2170 2664 1994
f 1994 2664 2427
f 1994 2427 2381
f 2890 2895 2565
f 2565 2895 2727
f 2565 2727 2433
f 2433 2727 2170
f 2724 2880 2712
f 2712 2880 2890
f 2712 2890 2676
f 2676 2890 2565
f 1388 1394 1397
f 2094 2248 2380
f 2380 2606 2132
f 1918 2094 1952
f 1952 2094 2380
f 1952 2380 1995
f 1995 2380 2132
f 1544 1661 1763
f 1763 1661 1737
f 1763 1737 1952
f 1952 1737 1886
f 1952 1886 1918
f 1390 1388 1462
f 1462 1388 1397
f 1462 1397 1763
f 1763 1397 1442
f 1763 1442 1544
f 2606 2679 2132
f 2132 2679 2726
f 2132 2726 2331
f 2331 2726 2522
f 2703 2891 2723
f 2723 2891 2881
f 2723 2881 2725
f 2726 2834 2522
f 2522 2834 2896
f 2522 2896 2574
f 2574 2896 2891
f 2574 2891 2623
f 2623 2891 2703
f 130 43 143
f 4 43 103
f 103 43 130
f 103 130 187
f 202 253 199
f 253 202 299
f 299 202 297
f 299 297 314
f 414 425 357
f 314 297 357
f 357 297 383
f 357 383 414
f 363 276 359
f 359 276 277
f 277 276 236
f 236 276 143
f 236 143 116
f 116 143 44
f 44 143 43
f 44 43 2
f 2 43 4
f 2 4 1
f 363 383 276
f 276 383 297
f 276 297 143
f 143 297 202
f 143 202 130
f 130 202 199
f 130 199 187
f 1391 1395 1398
f 1398 1395 1404
f 236 116 237
f 237 116 44
f 237 44 115
f 115 44 45
f 45 44 3
f 3 44 2
f 3 2 1
f 2402 2437 2338
f 2237 2402 1937
f 1937 2402 2338
f 1937 2338 1831
f 2081 1901 2338
f 2338 1901 1875
f 2338 1875 1608
f 1608 1663 2338
f 2338 1663 1705
f 2338 1705 1831
f 2010 1794 1825
f 1988 1744 1735
f 1735 1744 1472
f 1946 1969 1735
f 1735 1969 1975
f 1735 1975 1988
f 1987 1972 1758
f 1853 1875 1901
f 2010 1825 2042
f 2042 1825 1853
f 2042 1853 2057
f 2057 1853 1901
f 2057 1901 2081
f 1794 1572 1825
f 1825 1572 1593
f 1825 1593 1853
f 1853 1593 1608
f 1853 1608 1875
f 1499 1525 1794
f 1794 1525 1534
f 1794 1534 1572
f 2010 1987 1794
f 1794 1987 1758
f 1794 1758 1499
f 1499 1758 1727
f 1499 1727 1494
f 1494 1727 1487
f 1487 1727 1720
f 1487 1720 1477
f 1972 1953 1758
f 1758 1953 1942
f 1758 1942 1727
f 1727 1942 1946
f 1727 1946 1720
f 1720 1946 1735
f 1720 1735 1477
f 1477 1735 1472
f 819 786 1253
f 1740 1398 1404
f 1404 1431 1740
f 1740 1431 1640
f 1740 1640 2219
f 1398 1740 1391
f 1391 1740 1764
f 1391 1764 1326
f 748 614 568
f 575 748 555
f 555 748 568
f 555 568 534
f 614 748 654
f 654 748 1232
f 654 1232 707
f 819 1253 826
f 826 1253 1053
f 826 1053 931
f 1708 1712 1187
f 1187 1712 1370
f 1187 1370 1359
f 1359 1370 1500
f 1359 1500 1380
f 1380 1500 1665
f 2037 2052 2277
f 2277 2052 2076
f 2277 2076 2143
f 2143 2076 1729
f 2143 1729 2050
f 1431 1472 1640
f 1640 1472 1744
f 1640 1744 2219
f 2219 1744 1988
f 2219 1988 2211
f 2211 1988 2037
f 1729 1713 2050
f 2050 1713 1665
f 2050 1665 1880
f 1880 1665 1500
f 1880 1500 1855
f 1855 1500 1370
f 1855 1370 1791
f 1791 1370 1712
f 707 1232 786
f 786 1232 1498
f 786 1498 1253
f 1253 1498 1714
f 1253 1714 1817
f 1187 962 1708
f 1708 962 931
f 1708 931 1689
f 1689 931 1053
f 1689 1053 1749
f 1749 1053 1253
f 1749 1253 1766
f 1766 1253 1817
f 2680 2122 2672
f 2672 2122 2295
f 2672 2295 2661
f 2661 2295 2445
f 2661 2445 2607
f 2607 2445 2317
f 2607 2317 2541
f 2277 2541 2037
f 2037 2541 2317
f 2037 2317 2211
f 2211 2317 2445
f 2211 2445 2219
f 2219 2445 2295
f 2219 2295 1740
f 1740 2295 2122
f 1740 2122 1764
f 1593 1572 1539
f 1452 1431 1435
f 1435 1431 1404
f 1435 1404 1395
f 1477 1472 1488
f 1487 1477 1494
f 1494 1477 1488
f 1494 1488 1499
f 1516 1663 1608
f 1572 1534 1539
f 1539 1534 1525
f 1539 1525 1499
f 1472 1431 1488
f 1488 1431 1452
f 1488 1452 1499
f 1499 1452 1516
f 1499 1516 1539
f 1539 1516 1608
f 1539 1608 1593
f 1663 1516 1705
f 1705 1516 1682
f 1705 1682 1831
f 1831 1682 1868
f 1831 1868 1937
f 1868 1917 1937
f 1937 1917 2061
f 1937 2061 2237
f 2237 2061 2230
f 2237 2230 2402
f 2402 2230 2370
f 2402 2370 2381
f 1388 1392 1394
f 1394 1392 1399
f 1394 1399 1403
f 1765 1816 1515
f 2526 2681 2673
f 554 533 566
f 1371 1790 1707
f 1276 1501 1371
f 1501 1276 1604
f 2073 2047 2276
f 2036 2209 2318
f 2209 2036 1985
f 2220 1985 1743
f 2276 2047 2542
f 2073 2276 1967
f 1967 2276 2049
f 1967 2049 1709
f 1707 1075 1371
f 1371 1075 1212
f 1371 1212 1276
f 1688 952 1707
f 1707 952 959
f 1707 959 1075
f 887 1054 816
f 816 1054 1254
f 816 1254 779
f 576 554 617
f 617 554 566
f 617 566 758
f 758 566 613
f 758 613 1231
f 1231 613 651
f 2526 2673 2123
f 2123 1741 1781
f 1781 1741 1390
f 1781 1390 1325
f 1447 1403 1741
f 1388 1390 1392
f 1392 1390 1741
f 1392 1741 1399
f 1399 1741 1403
f 887 952 1054
f 1054 952 1688
f 1054 1688 1254
f 1254 1688 1748
f 1790 1371 1854
f 1854 1371 1501
f 1854 1501 2049
f 2049 1501 1604
f 2049 1604 1709
f 2123 2296 1741
f 1741 2296 1639
f 1741 1639 1447
f 1447 1639 1473
f 1985 2220 2209
f 2209 2220 2444
f 2209 2444 2318
f 2123 2673 2296
f 2296 2673 2662
f 2296 2662 2608
f 2047 2036 2542
f 2542 2036 2318
f 2542 2318 2608
f 2608 2318 2444
f 2608 2444 2296
f 2296 2444 2220
f 2296 2220 1639
f 1639 2220 1743
f 1639 1743 1473
f 1748 1765 1254
f 1254 1765 1515
f 1254 1515 779
f 779 1515 1231
f 779 1231 704
f 704 1231 651
f 1900 1873 1851
f 1851 1873 1609
f 1968 1943 1718
f 1718 1943 1940
f 1718 1940 1726
f 1726 1940 1964
f 1726 1964 1757
f 1757 1964 1984
f 1757 1984 1792
f 1792 1984 2027
f 1792 2027 1823
f 1823 2027 2058
f 1823 2058 1851
f 1851 2058 2080
f 1851 2080 1900
f 1985 1974 1743
f 1743 1974 1734
f 1743 1734 1473
f 1473 1734 1479
f 1823 1536 1792
f 1792 1536 1509
f 1792 1509 1757
f 1757 1509 1491
f 1757 1491 1726
f 1726 1491 1479
f 1726 1479 1718
f 1718 1479 1734
f 1718 1734 1968
f 1968 1734 1974
f 1609 1594 1851
f 1851 1594 1590
f 1851 1590 1823
f 1823 1590 1570
f 1823 1570 1536
f 1706 1609 1873
f 1834 1779 2337
f 2337 1779 1706
f 1706 1873 2337
f 2337 1873 1900
f 2337 1900 2080
f 1397 1394 1403
f 1544 1442 1491
f 1737 1661 1834
f 1737 1834 1886
f 1570 1590 1533
f 1491 1509 1533
f 1533 1509 1536
f 1533 1536 1570
f 1590 1594 1533
f 1533 1594 1609
f 1533 1609 1706
f 1491 1533 1544
f 1544 1533 1706
f 1544 1706 1661
f 1661 1706 1779
f 1661 1779 1834
f 1397 1403 1442
f 1442 1403 1447
f 1442 1447 1491
f 1491 1447 1473
f 1491 1473 1479
f 1886 1834 1918
f 1918 1834 1938
f 1918 1938 2094
f 2094 1938 2238
f 2094 2238 2248
f 2248 2238 2403
f 2248 2403 2380
f 4314 4588 4575
f 3957 4082 3945
f 3945 4082 3892
f 3945 3892 3822
f 3559 3577 3662
f 3662 3577 3641
f 3662 3641 3890
f 3641 3822 3890
f 3890 3822 3892
f 3890 3892 4023
f 4023 3892 4082
f 4023 4082 4079
f 4079 4082 4309
f 4575 4588 4772
f 4772 4588 4780
f 4772 4780 4859
f 4859 4780 4929
f 4859 4929 4921
f 4575 4309 4314
f 4314 4309 4082
f 4314 4082 4084
f 4084 4082 3957
f 4084 3957 3962
f 4931 4929 4783
f 4783 4929 4780
f 4783 4780 4590
f 4590 4780 4588
f 4590 4588 4320
f 4320 4588 4314
f 4320 4314 4219
f 4219 4314 4084
f 3560 3949 3578
f 3578 3949 3640
f 4259 4218 3953
f 3953 4218 3961
f 3953 3961 3749
f 4865 4920 4928
f 4688 4865 4866
f 4549 4712 4249
f 4249 4712 4259
f 4249 4259 4024
f 4024 4259 3953
f 4024 3953 3949
f 3949 3953 3749
f 3949 3749 3640
f 4865 4928 4866
f 4866 4928 4930
f 4866 4930 4867
f 4867 4812 4866
f 4866 4812 4712
f 4866 4712 4688
f 4688 4712 4549
f 4812 4716 4712
f 4712 4716 4570
f 4712 4570 4259
f 4259 4570 4264
f 4259 4264 4218
f 2672 2661 2921
f 3663 3636 3624
f 4230 4090 4097
f 3198 3066 2915
f 2620 2667 2782
f 2782 2667 2799
f 3198 2915 3224
f 3523 3504 3287
f 3523 3287 3559
f 3588 3577 3559
f 3504 3460 3287
f 3287 3460 3383
f 3287 3383 3308
f 3308 3283 3287
f 3287 3283 3272
f 3287 3272 2915
f 2915 3272 3254
f 2915 3254 3224
f 3969 3962 3813
f 3813 3962 3957
f 3957 3945 3813
f 3813 3945 3822
f 3813 3822 3641
f 3982 3969 3833
f 3833 3969 3813
f 3833 3813 3588
f 3588 3813 3641
f 3588 3641 3577
f 4230 4097 4393
f 4293 4633 4323
f 4323 4633 4548
f 4323 4548 4337
f 4687 4616 4746
f 4746 4616 4553
f 4746 4553 4784
f 4784 4553 4253
f 3848 3787 3791
f 3791 3787 3743
f 3791 3743 3723
f 3723 3743 3694
f 3723 3694 3715
f 3715 3694 3651
f 3715 3651 3686
f 3686 3651 3642
f 3686 3642 3679
f 3636 3663 3642
f 3642 3663 3668
f 3642 3668 3679
f 4687 4633 4616
f 4616 4633 4293
f 4616 4293 4553
f 4553 4293 4233
f 4553 4233 4253
f 4548 4393 4337
f 4337 4393 4097
f 4337 4097 4323
f 4323 4097 4085
f 4323 4085 4293
f 4293 4085 4053
f 4293 4053 4233
f 4233 4053 4001
f 4233 4001 4253
f 4253 4001 3848
f 3586 3545 3823
f 3586 3617 3301
f 2921 2882 3269
f 2921 2661 2882
f 2882 2661 2607
f 2882 2607 2541
f 3823 3545 3777
f 3777 3545 3481
f 3777 3481 3711
f 2862 3456 3013
f 3013 3456 3505
f 3013 3505 3104
f 3104 3505 3565
f 3104 3565 3157
f 3157 3565 3616
f 3157 3616 3217
f 3217 3616 3638
f 3217 3638 3304
f 3304 3638 3669
f 3304 3669 3386
f 3386 3669 3711
f 3386 3711 3446
f 3446 3711 3481
f 3200 2788 3118
f 3118 2788 2705
f 3118 2705 3037
f 3037 2705 2567
f 3037 2567 2900
f 2900 2567 2520
f 2900 2520 2839
f 2839 2520 2448
f 2839 2448 2778
f 2778 2448 2401
f 2778 2401 2748
f 2200 2074 2334
f 2334 2517 2200
f 2200 2517 2557
f 2200 2557 2246
f 2246 2557 2663
f 2246 2663 2284
f 2284 2663 2704
f 2284 2704 2339
f 1855 1791 2401
f 2401 1791 2339
f 2401 2339 2748
f 2748 2339 2704
f 2529 2732 2862
f 1855 2401 1880
f 1880 2401 2448
f 1880 2448 2050
f 2050 2448 2520
f 2050 2520 2143
f 2143 2520 2567
f 2143 2567 2277
f 2277 2567 2705
f 2277 2705 2541
f 2541 2705 2788
f 2541 2788 2882
f 2882 2788 3200
f 2882 3200 3269
f 3559 3287 3588
f 3588 3287 3607
f 3588 3607 3833
f 3833 3607 3869
f 3833 3869 3982
f 2976 3018 3305
f 2683 3018 2677
f 2677 3018 2976
f 2677 2976 2667
f 3617 3305 3301
f 3301 3305 3018
f 3301 3018 3011
f 3011 3018 2683
f 3011 2683 2680
f 3823 3864 3586
f 3586 3864 3869
f 3586 3869 3617
f 3617 3869 3607
f 3617 3607 3305
f 3305 3607 3287
f 3305 3287 2976
f 2976 3287 2915
f 2976 2915 2667
f 2667 2915 3066
f 2667 3066 2799
f 1817 2074 1766
f 1766 2074 2200
f 1766 2200 1749
f 1749 2200 2246
f 1749 2246 1689
f 1689 2246 2284
f 1689 2284 1708
f 1708 2284 2339
f 1708 2339 1712
f 1712 2339 1791
f 2732 2764 2862
f 2862 2764 3057
f 2862 3057 3456
f 3456 3057 3214
f 3456 3214 3387
f 4230 3982 4090
f 4090 3982 3869
f 4090 3869 4097
f 4097 3869 3864
f 4097 3864 4085
f 4085 3864 3823
f 4085 3823 4053
f 4053 3823 3777
f 4053 3777 4001
f 4001 3777 3711
f 4001 3711 3848
f 3848 3711 3669
f 3848 3669 3787
f 3787 3669 3638
f 3787 3638 3743
f 3743 3638 3616
f 3743 3616 3694
f 3694 3616 3565
f 3694 3565 3651
f 3651 3565 3505
f 3651 3505 3642
f 3642 3505 3456
f 3642 3456 3636
f 3636 3456 3387
f 3636 3387 3624
f 2680 2672 3011
f 3011 2672 2921
f 3011 2921 3301
f 3301 2921 3269
f 3301 3269 3586
f 3586 3269 3200
f 3586 3200 3545
f 3545 3200 3118
f 3545 3118 3481
f 3481 3118 3037
f 3481 3037 3446
f 3446 3037 2900
f 3446 2900 3386
f 3386 2900 2839
f 3386 2839 3304
f 3304 2839 2778
f 3304 2778 3217
f 3217 2778 2748
f 3217 2748 3157
f 3157 2748 2704
f 3157 2704 3104
f 3104 2704 2663
f 3104 2663 3013
f 3013 2663 2557
f 3013 2557 2862
f 2862 2557 2517
f 2862 2517 2529
f 2529 2517 2334
f 3494 3491 3532
f 3949 3560 3771
f 3771 3560 3522
f 3771 3522 3532
f 3532 3522 3503
f 3532 3503 3494
f 3949 3771 4024
f 4024 3771 4003
f 4024 4003 4249
f 4249 4003 4205
f 4249 4205 4549
f 4549 4205 4445
f 4549 4445 4688
f 4688 4445 4703
f 4688 4703 4865
f 4865 4703 4808
f 4865 4808 4920
f 4920 4808 4873
f 4920 4873 5050
f 5050 4873 4958
f 5050 4958 5131
f 5131 4958 5017
f 5131 5017 5171
f 5171 5017 5085
f 5171 5085 5197
f 5197 5085 5113
f 5197 5113 5219
f 5219 5113 5237
f 5237 5113 5143
f 5237 5143 5257
f 5257 5143 5169
f 5257 5169 5273
f 5273 5169 5181
f 5273 5181 5285
f 5285 5181 5192
f 5285 5192 5287
f 5287 5192 5196
f 5287 5196 5278
f 5278 5196 5193
f 5278 5193 5272
f 5272 5193 5182
f 5272 5182 5261
f 5261 5182 5170
f 5261 5170 5238
f 5238 5170 5142
f 5238 5142 5231
f 5231 5142 5114
f 5231 5114 5220
f 5220 5114 5168
f 5168 5114 5084
f 5168 5084 5104
f 5104 5084 5016
f 5104 5016 5040
f 5040 5016 4957
f 5040 4957 4996
f 4996 4957 4872
f 4996 4872 4921
f 4921 4872 4809
f 4921 4809 4859
f 4859 4809 4772
f 4772 4809 4704
f 4772 4704 4575
f 4575 4704 4446
f 4575 4446 4309
f 4309 4446 4204
f 4309 4204 4079
f 4079 4204 4004
f 4079 4004 4023
f 4023 4004 3890
f 3890 4004 3770
f 3890 3770 3662
f 3559 3662 3523
f 3523 3662 3770
f 3523 3770 3504
f 3504 3770 3531
f 3504 3531 3495
f 3495 3531 3492
f 3483 3475 3563
f 3488 3487 3548
f 3488 3548 3491
f 3484 3486 3547
f 3547 3486 3489
f 3491 3548 3532
f 3532 3548 3768
f 3532 3768 3771
f 3771 3768 3999
f 3771 3999 4003
f 4003 3999 4181
f 4003 4181 4205
f 4205 4181 4379
f 4205 4379 4445
f 4445 4379 4650
f 4445 4650 4703
f 4703 4650 4794
f 4703 4794 4808
f 4808 4794 4853
f 4808 4853 4873
f 4873 4853 4935
f 4873 4935 4958
f 4958 4935 4997
f 4958 4997 5017
f 5017 4997 5047
f 5017 5047 5085
f 5085 5047 5101
f 5085 5101 5113
f 5113 5101 5125
f 5113 5125 5143
f 5143 5125 5147
f 5143 5147 5169
f 5169 5147 5164
f 5169 5164 5181
f 5181 5164 5174
f 5181 5174 5192
f 5192 5174 5177
f 5192 5177 5196
f 5196 5177 5175
f 5196 5175 5193
f 5193 5175 5165
f 5193 5165 5182
f 5182 5165 5148
f 5182 5148 5170
f 5170 5148 5126
f 5170 5126 5142
f 5142 5126 5100
f 5142 5100 5114
f 5114 5100 5046
f 5114 5046 5084
f 5084 5046 4998
f 5084 4998 5016
f 5016 4998 4936
f 5016 4936 4957
f 4957 4936 4854
f 4957 4854 4872
f 4872 4854 4795
f 4872 4795 4809
f 4809 4795 4649
f 4809 4649 4704
f 4704 4649 4380
f 4704 4380 4446
f 4446 4380 4182
f 4446 4182 4204
f 4204 4182 4000
f 4204 4000 4004
f 4004 4000 3769
f 4004 3769 3770
f 3770 3769 3547
f 3770 3547 3531
f 3531 3547 3489
f 3531 3489 3492
f 3562 3478 3484
f 3484 3547 3562
f 3562 3547 3769
f 3562 3769 3772
f 3772 3769 4000
f 3772 4000 3989
f 3989 4000 4182
f 3989 4182 4170
f 4170 4182 4380
f 4170 4380 4349
f 4349 4380 4649
f 4349 4649 4601
f 4601 4649 4795
f 4601 4795 4779
f 4779 4795 4854
f 4779 4854 4838
f 4838 4854 4936
f 4838 4936 4905
f 4905 4936 4998
f 4905 4998 4987
f 4987 4998 5046
f 4987 5046 5023
f 5023 5046 5100
f 5023 5100 5066
f 5066 5100 5126
f 5066 5126 5106
f 5106 5126 5148
f 5106 5148 5121
f 5121 5148 5165
f 5121 5165 5133
f 5133 5165 5175
f 5133 5175 5146
f 5146 5175 5177
f 5146 5177 5153
f 5153 5177 5174
f 5153 5174 5145
f 5145 5174 5164
f 5145 5164 5132
f 5132 5164 5147
f 5132 5147 5122
f 5122 5147 5125
f 5122 5125 5105
f 5105 5125 5101
f 5105 5101 5067
f 5067 5101 5047
f 5067 5047 5022
f 5022 5047 4997
f 5022 4997 4986
f 4986 4997 4935
f 4986 4935 4904
f 4904 4935 4853
f 4904 4853 4837
f 4837 4853 4794
f 4837 4794 4778
f 4778 4794 4650
f 4778 4650 4602
f 4602 4650 4379
f 4602 4379 4348
f 4348 4379 4181
f 4348 4181 4169
f 4169 4181 3999
f 4169 3999 3988
f 3988 3999 3768
f 3988 3768 3773
f 3773 3768 3548
f 3773 3548 3563
f 3563 3548 3487
f 3563 3487 3483
f 3772 3821 3765
f 3772 3765 3562
f 3562 3765 3477
f 3562 3477 3478
f 3475 3476 3563
f 3563 3476 3766
f 3563 3766 3773
f 3773 3766 3878
f 3773 3878 3988
f 4945 5022 4893
f 4893 5022 4986
f 4893 4986 4843
f 4843 4986 4904
f 4843 4904 4793
f 4793 4904 4837
f 4793 4837 4702
f 4702 4837 4778
f 4702 4778 4511
f 4511 4778 4602
f 4511 4602 4260
f 4260 4602 4348
f 4260 4348 4104
f 4104 4348 4169
f 4104 4169 3992
f 3992 4169 3988
f 3992 3988 3986
f 3986 3988 3878
f 4894 5023 4944
f 4944 5023 5066
f 4944 5066 4992
f 4992 5066 5106
f 4992 5106 5010
f 5010 5106 5121
f 5010 5121 5029
f 5029 5121 5133
f 5029 5133 5036
f 5036 5133 5146
f 5036 5146 5045
f 5045 5146 5153
f 5045 5153 5037
f 5037 5153 5145
f 5037 5145 5028
f 5028 5145 5132
f 5028 5132 5011
f 5011 5132 5122
f 5011 5122 4993
f 4993 5122 5105
f 4993 5105 4945
f 4945 5105 5067
f 4945 5067 5022
f 3821 3772 3993
f 3993 3772 3989
f 3993 3989 4105
f 4105 3989 4170
f 4105 4170 4261
f 4261 4170 4349
f 4261 4349 4512
f 4512 4349 4601
f 4512 4601 4701
f 4701 4601 4779
f 4701 4779 4792
f 4792 4779 4838
f 4792 4838 4842
f 4842 4838 4905
f 4842 4905 4894
f 4894 4905 4987
f 4894 4987 5023
f 3428 3478 3477
f 3262 3264 3270
f 3270 3264 3284
f 3477 3391 3428
f 3428 3391 3352
f 3428 3352 3349
f 3349 3352 3306
f 3349 3306 3284
f 3284 3306 3286
f 3284 3286 3270
f 3463 3492 3489
f 3406 3439 3434
f 3284 3264 3268
f 3486 3484 3426
f 3431 3362 3434
f 3434 3362 3366
f 3268 3274 3290
f 3290 3274 3289
f 3268 3290 3284
f 3284 3290 3357
f 3284 3357 3349
f 3349 3357 3426
f 3349 3426 3428
f 3428 3426 3484
f 3428 3484 3478
f 3486 3431 3489
f 3489 3431 3434
f 3489 3434 3463
f 3463 3434 3439
f 3406 3434 3376
f 3376 3434 3366
f 3376 3366 3341
f 3486 3426 3431
f 3431 3426 3357
f 3431 3357 3362
f 3362 3357 3290
f 3362 3290 3366
f 3366 3290 3289
f 3366 3289 3341
f 3293 3308 3383
f 3283 3308 3280
f 3280 3308 3293
f 3280 3293 3274
f 3495 3492 3463
f 3504 3495 3468
f 3468 3495 3463
f 3468 3463 3410
f 3463 3439 3410
f 3410 3439 3406
f 3410 3406 3355
f 3406 3376 3355
f 3355 3376 3341
f 3355 3341 3289
f 3504 3468 3460
f 3460 3468 3410
f 3460 3410 3383
f 3383 3410 3355
f 3383 3355 3293
f 3293 3355 3289
f 3293 3289 3274
f 3285 3263 3265
f 3476 3475 3459
f 3459 3475 3427
f 3265 3292 3285
f 3285 3292 3351
f 3285 3351 3350
f 3350 3351 3381
f 3350 3381 3427
f 3427 3381 3429
f 3427 3429 3459
f 3342 3288 3367
f 3358 3350 3427
f 3288 3275 3267
f 3358 3427 3425
f 3425 3427 3475
f 3425 3475 3483
f 3263 3285 3291
f 3487 3488 3433
f 3433 3488 3491
f 3433 3491 3464
f 3487 3433 3432
f 3432 3433 3367
f 3432 3367 3361
f 3361 3367 3288
f 3361 3288 3291
f 3291 3288 3267
f 3291 3267 3263
f 3464 3438 3433
f 3433 3438 3405
f 3433 3405 3367
f 3367 3405 3375
f 3367 3375 3342
f 3285 3350 3291
f 3291 3350 3358
f 3291 3358 3361
f 3361 3358 3425
f 3361 3425 3432
f 3432 3425 3483
f 3432 3483 3487
f 3282 3281 3294
f 3282 3294 3296
f 3296 3294 3356
f 3296 3356 3378
f 3378 3356 3409
f 3378 3409 3413
f 3413 3409 3467
f 3413 3467 3453
f 3464 3491 3467
f 3467 3491 3494
f 3467 3494 3453
f 3453 3494 3503
f 3464 3467 3438
f 3438 3467 3409
f 3438 3409 3405
f 3405 3409 3375
f 3375 3409 3356
f 3375 3356 3342
f 3342 3356 3294
f 3342 3294 3288
f 3288 3294 3281
f 3288 3281 3275
f 3255 3265 3256
f 3256 3265 3263
f 3263 3267 3256
f 3256 3267 3275
f 3256 3275 3271
f 3271 3275 3281
f 3271 3281 3282
f 3983 4005 3710
f 3124 2747 2528
f 2001 2007 2323
f 2344 2426 2622
f 2622 2426 2752
f 2622 2752 2838
f 3640 3749 3673
f 2821 3074 3040
f 3040 3074 3226
f 3040 3226 3256
f 2668 2621 2685
f 3749 3961 3673
f 3673 3961 3970
f 3673 3970 3688
f 3378 3413 3418
f 3418 3413 3453
f 3418 3453 3503
f 3503 3522 3418
f 3418 3522 3560
f 3418 3560 3578
f 3256 3271 3040
f 3040 3271 3282
f 3040 3282 3054
f 3054 3282 3296
f 2028 2083 2420
f 1688 2007 1748
f 1748 2007 2001
f 1748 2001 1765
f 1765 2001 1816
f 3416 3364 2846
f 2846 3364 3223
f 2243 2344 2561
f 2561 2344 2622
f 2561 2622 3094
f 3094 2622 2838
f 3320 2684 2754
f 2754 2684 2259
f 2754 2259 2323
f 2323 2259 2001
f 2001 2259 1914
f 2001 1914 1816
f 3693 3658 3223
f 3223 3364 3693
f 3693 3364 3416
f 3693 3416 3710
f 3710 4005 3693
f 3693 4005 4013
f 3693 4013 3658
f 3658 4013 3990
f 3658 3990 3985
f 2028 2420 2367
f 2367 2420 2875
f 2367 2875 2796
f 2796 2875 3479
f 2796 3479 3422
f 2243 2561 2518
f 2518 2561 3094
f 2518 3094 3059
f 3059 3094 3599
f 3059 3599 3569
f 3569 3599 3917
f 3569 3917 3882
f 3630 3963 3942
f 2752 3039 2838
f 2838 3039 3129
f 2838 3129 3094
f 3094 3129 3630
f 3094 3630 3599
f 3599 3630 3942
f 3599 3942 3917
f 3620 3422 3644
f 3644 3422 3479
f 3644 3479 3520
f 3520 3479 2875
f 3520 2875 2961
f 2961 2875 2420
f 2961 2420 2457
f 2457 2420 2083
f 2457 2083 2156
f 3515 3473 3124
f 3620 3320 3422
f 3422 3320 2754
f 3422 2754 2796
f 2796 2754 2323
f 2796 2323 2367
f 2367 2323 2007
f 2367 2007 2028
f 2028 2007 1688
f 2028 1688 2083
f 2083 1688 1707
f 2083 1707 2156
f 2156 1707 1790
f 2156 1790 1854
f 3575 3515 3191
f 3191 3515 3124
f 3191 3124 2603
f 2603 3124 2528
f 2603 2528 2322
f 2426 2551 2752
f 2752 2551 2846
f 2752 2846 3039
f 3039 2846 3223
f 3039 3223 3129
f 3129 3223 3658
f 3129 3658 3630
f 3630 3658 3985
f 3630 3985 3963
f 3578 3640 3418
f 3418 3640 3673
f 3418 3673 3436
f 3436 3673 3688
f 3436 3688 3440
f 2542 2608 2753
f 2753 2608 2779
f 2753 2779 3051
f 3051 2779 3062
f 2685 2821 2668
f 2668 2821 3040
f 2668 3040 2678
f 2678 3040 3054
f 2678 3054 2682
f 2682 3054 3065
f 2682 3065 2681
f 2681 3065 3062
f 2681 3062 2673
f 2673 3062 2779
f 2673 2779 2662
f 2662 2779 2608
f 3790 3724 3575
f 3575 3724 3714
f 3575 3714 3515
f 3515 3714 3687
f 3515 3687 3473
f 3473 3687 3678
f 3473 3678 3667
f 2747 3124 3058
f 3058 3124 3473
f 3058 3473 3325
f 3325 3473 3667
f 3325 3667 3664
f 3520 3874 3644
f 3644 3874 3790
f 3644 3790 3620
f 3620 3790 3575
f 3620 3575 3320
f 3320 3575 3191
f 3320 3191 2684
f 2684 3191 2603
f 2684 2603 2259
f 2259 2603 2322
f 2259 2322 1914
f 3970 3983 3688
f 3688 3983 3710
f 3688 3710 3440
f 3440 3710 3416
f 3440 3416 2970
f 2970 3416 2846
f 2970 2846 2687
f 2687 2846 2551
f 2687 2551 2276
f 2276 2551 2426
f 2276 2426 2049
f 2049 2426 2344
f 2049 2344 1854
f 1854 2344 2243
f 1854 2243 2156
f 2156 2243 2518
f 2156 2518 2457
f 2457 2518 3059
f 2457 3059 2961
f 2961 3059 3569
f 2961 3569 3520
f 3520 3569 3882
f 3520 3882 3874
f 3296 3378 3054
f 3054 3378 3418
f 3054 3418 3065
f 3065 3418 3436
f 3065 3436 3062
f 3062 3436 3440
f 3062 3440 3051
f 3051 3440 2970
f 3051 2970 2753
f 2753 2970 2687
f 2753 2687 2542
f 2542 2687 2276
f 3225 3247 3226
f 3226 3247 3251
f 3226 3251 3256
f 3256 3251 3253
f 3256 3253 3255
f 3262 3257 3264
f 3264 3257 3254
f 3283 3280 3272
f 3272 3280 3274
f 3272 3274 3254
f 3254 3274 3268
f 3254 3268 3264
f 3227 3224 3231
f 3231 3224 3240
f 3240 3224 3248
f 3248 3224 3254
f 3248 3254 3257
f 2852 2883 2496
f 2057 2081 2450
f 2081 2338 2450
f 2450 2338 2437
f 2450 2437 2456
f 2112 2107 2496
f 2496 2107 2086
f 2496 2086 2060
f 2060 2045 2496
f 2496 2045 2041
f 2496 2041 2033
f 1987 2010 2002
f 2002 2010 2489
f 2489 2010 2450
f 2450 2010 2042
f 2450 2042 2057
f 2696 2852 2496
f 2696 2496 2489
f 2489 2496 2033
f 2489 2033 2002
f 2377 2347 2301
f 2465 2429 2411
f 2411 2377 2465
f 2465 2377 2301
f 2465 2301 2501
f 2501 2301 2270
f 2501 2270 2505
f 2505 2270 2112
f 2505 2112 2511
f 2511 2112 2496
f 2489 2503 2696
f 2696 2503 3102
f 4963 4951 4813
f 2711 2502 2488
f 2711 2905 3389
f 3930 3843 3746
f 4063 4050 4102
f 4102 4050 3987
f 4102 3987 4018
f 4018 3987 3947
f 4018 3947 3676
f 4063 4102 4075
f 4075 4102 4209
f 4075 4209 4180
f 4281 4074 4326
f 4326 4074 4340
f 4326 4340 4557
f 4281 4124 4074
f 4074 4124 4103
f 4074 4103 4007
f 4007 4103 3964
f 3675 3879 3756
f 3756 3879 3943
f 4103 3966 3964
f 3964 3966 3918
f 3964 3918 3943
f 3943 3918 3825
f 3943 3825 3756
f 2502 2711 2851
f 2851 2711 3103
f 3103 2711 3389
f 3103 3389 3412
f 3412 3389 3745
f 3412 3745 3675
f 3675 3745 3842
f 3675 3842 3879
f 4824 4775 4713
f 4713 4775 4763
f 4713 4763 4340
f 4340 4763 4592
f 4340 4592 4557
f 4951 4895 4813
f 4813 4895 4884
f 4813 4884 4713
f 4713 4884 4828
f 4713 4828 4824
f 4963 4813 4999
f 4999 4813 4870
f 4999 4870 5006
f 4916 5091 5068
f 5068 5057 4916
f 4916 5057 5035
f 4916 5035 4870
f 4870 5035 5031
f 4870 5031 5006
f 5090 5094 4915
f 4915 5094 5095
f 4915 5095 4916
f 4916 5095 5093
f 4916 5093 5091
f 5090 4915 5062
f 5062 4915 4869
f 5062 4869 5032
f 5000 4869 4964
f 4964 4869 4814
f 5000 5005 4869
f 4869 5005 5030
f 4869 5030 5032
f 4885 4814 4846
f 4846 4814 4714
f 4885 4906 4814
f 4814 4906 4950
f 4814 4950 4964
f 4209 4282 4180
f 4180 4282 4392
f 4180 4392 4341
f 4341 4392 4556
f 4341 4556 4636
f 4636 4764 4341
f 4341 4764 4787
f 4341 4787 4714
f 4714 4787 4823
f 4714 4823 4846
f 3388 2990 2985
f 3947 3930 3676
f 3676 3930 3746
f 3676 3746 3635
f 3635 3746 3388
f 3635 3388 3102
f 3102 3388 2985
f 2852 2696 3102
f 2852 3102 2897
f 2897 3102 2985
f 4160 3938 3891
f 3929 3939 4663
f 4160 3891 3971
f 3971 3891 3856
f 3971 3856 3796
f 3796 3856 3779
f 3796 3779 3763
f 3938 4160 3939
f 3939 4160 4377
f 3939 4377 4663
f 4663 4877 3929
f 3929 4877 4908
f 3929 4908 3885
f 3885 4908 4939
f 3885 4939 3832
f 3832 4939 4829
f 3832 4829 4363
f 4363 4263 3832
f 3832 4263 4067
f 3832 4067 3788
f 3788 4067 3847
f 3788 3847 3812
f 3477 3765 3763
f 3763 3779 3665
f 3033 3100 3227
f 3033 3227 3026
f 3026 3227 2893
f 2893 3227 3231
f 2893 3231 3240
f 3240 3248 2893
f 2893 3248 3257
f 2893 3257 2872
f 2872 3257 3262
f 2872 3262 2889
f 3665 3610 3763
f 3763 3610 3550
f 3763 3550 3477
f 3477 3550 3411
f 3477 3411 3391
f 3391 3411 3236
f 3262 3270 2889
f 2889 3270 3286
f 2889 3286 3014
f 3014 3286 3306
f 3014 3306 3034
f 3034 3306 3352
f 3034 3352 3099
f 3099 3352 3391
f 3099 3391 3207
f 3207 3391 3236
f 2689 2601 2859
f 1060 1645 1285
f 322 300 1025
f 1025 1182 322
f 322 1182 1297
f 322 1297 379
f 379 1297 1267
f 379 1267 424
f 424 1267 1588
f 424 1588 673
f 673 1588 1963
f 673 1963 2166
f 2576 2775 2196
f 2576 2196 2351
f 1060 673 1645
f 1645 673 2166
f 1645 2166 1888
f 1888 2166 2351
f 1888 2351 1902
f 1902 2351 2196
f 2859 2601 2847
f 2847 2601 2487
f 2847 2487 2775
f 2775 2487 2268
f 2775 2268 2196
f 2689 2859 2713
f 2713 2859 2873
f 2713 2873 2717
f 1646 1073 1283
f 2251 2003 688
f 688 2003 1658
f 688 1658 491
f 491 1658 1538
f 491 1538 425
f 1073 1646 688
f 688 1646 2251
f 2251 1646 1679
f 2251 1679 2371
f 2773 2614 2197
f 2197 2614 2595
f 2197 2595 2084
f 2084 2595 2371
f 2084 2371 1903
f 1903 2371 1679
f 2860 2850 2535
f 2535 2850 2773
f 2535 2773 2368
f 2368 2773 2197
f 2718 2874 2698
f 2698 2874 2860
f 2698 2860 2625
f 2625 2860 2535
f 425 1538 357
f 357 1538 1406
f 357 1406 1287
f 1287 1296 357
f 357 1296 1183
f 357 1183 314
f 314 1183 1023
f 314 1023 299
f 3063 3400 2726
f 3544 3399 3812
f 3580 3788 3812
f 3580 3812 3445
f 3757 3752 3881
f 3757 3881 3764
f 3764 3881 3781
f 3781 3881 3857
f 3781 3857 3804
f 3752 3751 3881
f 3881 3751 3747
f 3881 3747 3893
f 3893 3747 3845
f 3747 3737 3845
f 3845 3737 3717
f 3845 3717 3697
f 3544 3812 3608
f 3697 3674 3845
f 3845 3674 3661
f 3845 3661 3812
f 3812 3661 3649
f 3812 3649 3608
f 2895 2847 3266
f 3064 2707 2895
f 3064 2895 3187
f 3187 2895 3399
f 3399 2895 3266
f 3399 3266 3812
f 3812 3266 3300
f 3812 3300 3445
f 2688 2745 2847
f 2847 2745 3019
f 2847 3019 3266
f 2847 2775 2688
f 2688 2775 2576
f 2688 2576 2442
f 2442 2576 2351
f 2402 2381 2437
f 2437 2381 2427
f 2437 2427 2664
f 2707 2456 2895
f 2895 2456 2437
f 2895 2437 2727
f 2727 2437 2664
f 4232 4282 4209
f 4102 4018 4012
f 4209 4102 4232
f 4232 4102 4012
f 4232 4012 4052
f 4052 4012 3960
f 4052 3960 3845
f 3845 3960 3937
f 3845 3937 3893
f 4496 4720 4764
f 4764 4636 4496
f 4496 4636 4556
f 4496 4556 4232
f 4232 4556 4392
f 4232 4392 4282
f 4807 4858 4885
f 4885 4846 4807
f 4807 4846 4823
f 4807 4823 4720
f 4720 4823 4787
f 4720 4787 4764
f 4924 4989 5000
f 5000 4964 4924
f 4924 4964 4950
f 4924 4950 4858
f 4858 4950 4906
f 4858 4906 4885
f 5013 5030 4989
f 4989 5030 5005
f 4989 5005 5000
f 5058 5094 5053
f 5053 5094 5090
f 5053 5090 5034
f 5034 5090 5062
f 5034 5062 5013
f 5013 5062 5032
f 5013 5032 5030
f 5054 5033 5068
f 5068 5091 5054
f 5054 5091 5093
f 5054 5093 5058
f 5058 5093 5095
f 5058 5095 5094
f 5012 4988 5006
f 5006 5031 5012
f 5012 5031 5035
f 5012 5035 5033
f 5033 5035 5057
f 5033 5057 5068
f 4925 4857 4895
f 4895 4951 4925
f 4925 4951 4963
f 4925 4963 4988
f 4988 4963 4999
f 4988 4999 5006
f 4806 4721 4775
f 4775 4824 4806
f 4806 4824 4828
f 4806 4828 4857
f 4857 4828 4884
f 4857 4884 4895
f 4497 4231 4326
f 4326 4557 4497
f 4497 4557 4592
f 4497 4592 4721
f 4721 4592 4763
f 4721 4763 4775
f 4051 4124 4231
f 4231 4124 4281
f 4231 4281 4326
f 3825 3918 3844
f 3844 3918 3966
f 3844 3966 4051
f 4051 3966 4103
f 4051 4103 4124
f 3756 3825 3741
f 3741 3825 3844
f 3741 3844 3400
f 3400 3844 3811
f 3766 3476 3762
f 3762 3476 3459
f 3762 3459 3811
f 3811 3459 3400
f 3400 3459 3429
f 3400 3429 3381
f 3253 3251 3247
f 3381 3351 3400
f 3400 3351 3292
f 3400 3292 3265
f 2804 2845 2560
f 2894 2994 2797
f 2894 2797 2845
f 2845 2797 2744
f 2845 2744 2560
f 2850 3098 3076
f 3076 3047 2850
f 2850 3047 2816
f 2850 2816 2773
f 3098 3400 3225
f 3225 3400 3265
f 3225 3265 3247
f 3247 3265 3255
f 3247 3255 3253
f 2994 2894 3170
f 3170 2894 3052
f 3170 3052 3225
f 3225 3052 3097
f 3225 3097 3098
f 2726 3400 2834
f 3098 2850 3400
f 3400 2850 2896
f 3400 2896 2834
f 2656 2706 2679
f 2679 2706 2822
f 2679 2822 2726
f 2726 2822 2909
f 2726 2909 3063
f 2380 2403 2606
f 2606 2403 2436
f 2606 2436 2679
f 2436 2454 2523
f 2436 2523 2679
f 2679 2523 2568
f 2679 2568 2656
f 2251 2371 2605
f 2816 2708 2773
f 2773 2708 2655
f 2773 2655 2614
f 2614 2655 2605
f 2614 2605 2595
f 2595 2605 2371
f 2605 2373 2251
f 2251 2373 2091
f 2251 2091 2003
f 2003 2091 1955
f 2003 1955 1658
f 1658 1955 1538
f 2453 2304 2560
f 2560 2304 2571
f 2560 2571 2804
f 2453 2364 2304
f 2304 2364 2038
f 2304 2038 1814
f 1662 1567 1814
f 1814 1567 1893
f 1814 1893 2304
f 1551 1183 1662
f 1662 1183 1296
f 1662 1296 1567
f 372 422 546
f 546 422 1023
f 546 1023 882
f 882 1023 1183
f 882 1183 1312
f 1312 1183 1551
f 372 364 422
f 422 364 323
f 422 323 361
f 361 323 313
f 361 313 312
f 365 421 350
f 350 421 361
f 350 361 317
f 317 361 312
f 1547 1761 1182
f 1547 1182 1352
f 365 381 421
f 421 381 581
f 421 581 1025
f 1025 581 880
f 1025 880 1182
f 1182 880 960
f 1182 960 1352
f 1297 1182 1568
f 1568 1182 1761
f 1568 1761 1894
f 1894 1761 1812
f 1894 1812 2303
f 2798 3024 2945
f 2455 2573 2945
f 2945 2573 2758
f 2945 2758 2798
f 1812 2106 2303
f 2303 2106 2409
f 2303 2409 2572
f 2572 2409 2455
f 2572 2455 2806
f 2806 2455 2945
