v -0.009319401346 0.0002319152845 0.01197334286
v -0.009316098876 -2.225351409e-06 0.008436281234
v -0.009308037348 0.0005166437477 0.01197334938
v -0.009303339757 -2.218373766e-06 -0.005426641088
v -0.009290386923 0.00051481009 -0.005426636897
v -0.009289775044 -0.0005257462617 -0.005426633637
v -0.009289118461 -0.0007892526919 0.01197336521
v -0.009264944121 0.0009923103498 0.008394191042
v -0.009264410473 -0.0009967278456 0.008394183591
v -0.009263269603 0.000906565343 -0.005426613148
v -0.009200604632 0.001519833226 0.01197344158
v -0.009184011258 -0.001565161278 -0.005426556803
v -0.00915011391 -0.001809293521 0.0119734779
v -0.009117588401 0.001954122679 -0.005426501855
v -0.009115273133 0.001974794781 0.008283499628
v -0.009114825167 -0.001987297321 0.01197349373
v -0.009114212357 -0.001979134744 0.008283491246
v -0.008990895003 0.00251508248 0.01197359059
v -0.008974149823 0.00259491452 -0.005426425487
v -0.008972753771 -0.002599177184 -0.005426422227
v -0.008934714831 -0.002746018581 -0.005413659383
v -0.008904967457 -0.002821447561 0.01197365858
v -0.008892732672 -0.002896208316 -0.005399221089
v -0.008873564191 0.002933163894 0.008127646521
v -0.008871986531 -0.002937374404 0.008127649315
v -0.008689614944 0.003527706256 -0.005326527171
v -0.008679221384 0.003497946309 0.01197382342
v -0.008677339181 -0.003502049716 0.01197383646
v -0.008625348099 -0.003701069625 -0.005303686019
v -0.008585632779 0.003805474378 -0.005288203713
v -0.008550000377 -2.015015753e-06 0.01900000125
v -0.008550000377 -1.063124842e-06 0.0195000004
v -0.008550000377 -1.745394107e-09 0.02723119967
v -0.008549999446 -2.014317488e-06 0.011973924
v -0.008546301164 0.003855345538 0.007950045168
v -0.00854422804 -0.003859381424 0.007950047031
v -0.008511297405 0.003919604234 0.0119962329
v -0.008436056785 -5.946911055e-11 0.02853355929
v -0.008422299288 0.001378119574 0.02723120153
v -0.008422298357 -0.001378119341 0.02723120339
v -0.008417538367 -0.004132753238 0.01202408038
v -0.008332059719 0.00179488468 0.01900000311
v -0.008331864141 0.001795681659 0.01197408698
v -0.008331094868 -0.001798795653 0.0189999938
v -0.008330896497 -0.00179959042 0.01197409816
v -0.008326394483 0.004409437068 -0.005188546609
v -0.008310295641 0.001357182977 0.02853355743
v -0.00831029471 -0.001357184141 0.02853355557
v -0.008297620341 0.001929251244 0.0195000004
v -0.008297617547 0.001929254271 0.02723120898
v -0.008297072724 -0.001931305742 0.01949999854
v -0.008297072724 -0.001931302482 0.02723120712
v -0.008287119679 3.899078365e-05 0.001574122347
v -0.008282115683 -3.669826583e-06 -0.005171424709
v -0.008233311586 -0.004601258785 -0.005152320489
v -0.008228169754 0.00452941237 0.01210941747
v -0.008174564689 0.001265850267 -0.005127813201
v -0.008173843846 -0.001269911532 -0.005127797835
v -0.008139966056 0.004729269072 0.007774136029
v -0.008137423545 -0.00473308377 0.007774131838
v -0.008120614104 0.004735746421 0.01217053644
v -0.008116626181 -0.004742232151 0.01217141375
v -0.008097691461 -4.164714133e-10 0.02979634516
v -0.008060987107 -0.001828136272 0.001574291149
v -0.008055645972 -0.001829354442 -0.005078904796
v -0.008043542504 -0.002709313761 0.02723119967
v -0.008043542504 0.002709311899 0.02723120898
v -0.008041620255 0.001903667231 0.001574310008
v -0.008037693799 -0.004886047449 0.01222143136
v -0.008036270738 0.001904895646 -0.00507033756
v -0.008027643897 0.002749998821 0.0272311978
v -0.008027642965 -0.002749999985 0.0263405256
v -0.008027642965 -0.002749998355 0.02723120898
v -0.008027642965 0.002750000218 0.02634052932
v -0.008013607934 -0.002785344608 0.02657704614
v -0.008013227955 0.002786298282 0.02658023313
v -0.007977691479 0.001295010559 0.02979635075
v -0.007977690548 -0.001295008697 0.02979635261
v -0.007975324988 -0.002879210515 0.02679499611
v -0.007974623702 0.002880901331 0.02679799125
v -0.007970757782 -0.002750000684 0.02812036127
v -0.007970756851 0.002750003012 0.02812036313
v -0.007937292568 0.002668150933 0.02853356674
v -0.007937291637 -0.002668149769 0.02853356674
v -0.007908740081 0.005109976977 0.01231353264
v -0.007898820564 0.005218600389 -0.005011199508
v -0.007856160402 0.002492022701 -0.004992939997
v -0.007853822783 -0.002498507267 -0.004992498551
v -0.007851314731 -0.003161034314 0.02716164291
v -0.0078513138 -0.002750001848 0.02716164477
v -0.007849172689 0.002750000684 0.0271663852
v -0.007849170826 0.003165638773 0.02716638893
v -0.007810054813 0.003248329507 0.02698499151
v -0.007809594739 -0.003249285044 0.02698561549
v -0.007729202043 -0.005492727738 -0.004937634338
v -0.007689969614 0.003487234004 0.0189999938
v -0.007689968683 0.003487234237 0.01949999668
v -0.007688094396 -0.00349080353 0.01899999566
v -0.00768809393 -0.003490803298 0.01949999854
v -0.007684189826 0.003498215461 0.01197458431
v -0.007682308555 -0.003501783591 0.01197458245
v -0.007681465708 -0.005470464937 0.01249258127
v -0.007661040872 0.005542858038 0.007623331156
v -0.007658061106 -0.005546414293 0.007623321842
v -0.00763486838 0.005540940445 0.01253553014
v -0.007621776313 -0.002545921365 0.02979635075
v -0.007621775381 0.002545921598 0.02979635634
v -0.007556934841 0.00372958486 0.0195000004
v -0.007556934375 0.003729583928 0.02762943879
v -0.007555878256 -0.003731425852 0.01949999668
v -0.00755587779 -0.003731426084 0.02763068676
v -0.007545186207 -5.015758368e-10 0.03098119237
v -0.007521231193 -0.002749999519 0.02984091826
v -0.007521230727 0.002750000684 0.02984092198
v -0.007502852473 0.0002151633962 0.007216665894
v -0.007443980779 0.00110373809 0.007090411149
v -0.007443979848 -0.0006734164781 0.007090411615
v -0.007439807989 0.001103738789 0.001574761234
v -0.007439807057 -0.0006734157214 0.001574761816
v -0.007434593048 -0.001193486969 0.0309812054
v -0.007434592117 0.001193487784 0.03098119982
v -0.007423259318 0.005939939525 -0.004794608336
v -0.007415656932 0.00585020287 0.01273928583
v -0.007412423845 -0.005853746086 0.01273936406
v -0.007377441972 -0.003580291523 0.001574807917
v -0.007344211917 0.00363229122 -0.00475691352
v -0.00734250946 -0.003635223722 -0.004757035058
v -0.007339925971 0.003648638027 0.001574842143
v -0.007333835587 -0.004094318952 0.02785507962
v -0.007333833259 -0.002750000684 0.02785508893
v -0.007325937971 0.002750001149 0.02786186151
v -0.007325937506 0.004106411245 0.02786186151
v -0.007302519865 0.004141980316 0.01202700008
v -0.007299909834 -0.004145914223 0.01202709787
v -0.007268713787 -0.006041299086 0.01288453303
v -0.007261929102 -0.001570179593 0.006699997466
v -0.007261928171 0.002000506269 0.006700005848
v -0.007255722769 0.006058472674 0.01290153153
v -0.007214775775 -0.006211813539 -0.004694768228
v -0.007116008084 0.006284039002 0.007521042135
v -0.007112628315 -0.006287300494 0.007521048654
v -0.007106582168 -0.002346334746 0.0309811905
v -0.007106580772 0.002346331486 0.03098119982
v -0.0069804308 -0.004591295496 0.028098993
v -0.006979596801 0.002819229383 0.006699999794
v -0.00697959587 -0.002388903871 0.006700005382
v -0.006975719705 0.002819230547 0.001575113391
v -0.00697571924 -0.002388904104 0.00157511211
v -0.006968512665 0.004606647883 0.02810539678
v -0.006923247594 0.002950000577 0.006699999329
v -0.006922697183 0.002949998714 0.005972510669
v -0.00689609861 0.006588161923 -0.004530118778
v -0.006866740994 0.004734503105 0.01217096858
v -0.006862526294 0.006516098976 0.01334961876
v -0.006859025452 -0.006519221701 0.01334961038
v -0.006858521141 -0.004744584672 0.01217324845
v -0.006822375581 0.006466791034 0.02121015824
v -0.006818899885 -0.006469895132 0.02121015266
v -0.006814152934 0.006420459598 0.02452925779
v -0.006813986693 0.005800491199 0.02452925593
v -0.006813014857 0.005800493993 0.02324642614
v -0.006812884472 0.006191448774 0.02293290757
v -0.006812755018 0.006455057301 0.02266929299
v -0.006811700761 0.006463222671 0.02121016569
v -0.006811657455 0.006477606017 0.02121016383
v -0.006810868159 -0.005803592503 0.02452925965
v -0.006810701452 -0.006423561368 0.02452925779
v -0.006809896789 -0.005803589709 0.023246428
v -0.006809554528 -0.006194548216 0.02293291129
v -0.006809283979 -0.006458155345 0.02266940847
v -0.006808225997 -0.006466319785 0.02121017128
v -0.00680817524 -0.006480708253 0.02121016569
v -0.006795329507 5.578836833e-10 0.0320520997
v -0.00677571632 0.005608744919 0.02454918809
v -0.006772338878 -0.005610951688 0.02454937622
v -0.006752393208 0.005560168531 0.02456137724
v -0.00675194012 0.005560943391 0.02340256982
v -0.006749407854 -0.005563241895 0.02456137538
v -0.006748949643 -0.005564006045 0.0234025605
v -0.006697504316 -0.001055701869 0.03205210716
v -0.006697502919 0.001055702101 0.03205210343
v -0.00667157257 0.005451092497 0.02460380457
v -0.006668054033 -0.005453516264 0.02460411377
v -0.006664431188 0.004653582815 -0.004405909684
v -0.006661928724 -0.004656605422 -0.004405907355
v -0.006661124993 0.004976474214 0.01950000599
v -0.006661124062 0.004976473749 0.01900000498
v -0.006659438368 -0.006423598621 0.02270691097
v -0.006658451632 -0.004979487509 0.01949999668
v -0.006658451166 -0.004979484249 0.01899999566
v -0.00665681297 -0.004981328268 0.01225916017
v -0.006656781305 0.004981364589 0.01226037554
v -0.006651381496 -0.002749996958 0.03139196709
v -0.006651381496 0.002749999985 0.03139195591
v -0.006651130971 0.006846660748 -0.00439819973
v -0.006647449918 -0.006849676371 -0.004398198333
v -0.006642653141 0.006451894529 0.01327770576
v -0.006639186293 -0.006454903167 0.01327769924
v -0.006637575105 0.006859869696 -0.001885893755
v -0.006586111616 0.006412335206 0.02271579206
v -0.006583648268 0.005379518494 0.0246503111
v -0.006583527662 0.005379997659 0.02350529842
v -0.006580753718 -0.00538249407 0.0246503111
v -0.006580634043 -0.005382972304 0.02350528724
v -0.006576904561 -0.005069843493 0.02826363593
v -0.006574103143 0.006645841524 0.02465556376
v -0.006571887527 -0.002750002779 0.02826505341
v -0.006570530124 -0.006648813374 0.02465557121
v -0.006570506375 -0.006885424722 0.007134734187
v -0.006568254903 0.006701489445 0.02188866772
v -0.006564653013 -0.00670445757 0.02188866772
v -0.006556855049 0.005091613624 0.02826924063
v -0.006556854118 0.002749999752 0.02826924622
v -0.006552069448 0.006879942492 0.009600502439
v -0.006544991396 0.00367754302 0.005162516609
v -0.006541762967 0.006766078062 0.0191650074
v -0.006538125221 -0.006769034546 0.01916500926
v -0.006523965858 0.005346800666 0.02468209155
v -0.006520720664 0.006835706066 0.01550041512
v -0.006520599592 -0.005349519663 0.02468235604
v -0.006518800743 -0.006824756507 0.01640086249
v -0.006491683424 0.00642611878 0.01799096167
v -0.006483437028 -0.003349999199 0.006700001191
v -0.006483179051 -0.006429055706 0.01799102686
v -0.006482172292 -0.003349998267 0.005027810112
v -0.006474598777 0.005327380728 0.02353293635
v -0.006471822038 -0.005330327898 0.02353292517
v -0.006407358218 -0.002075449331 0.03205210716
v -0.006407358218 0.002075453522 0.03205210343
v -0.00640539173 -0.006418663077 0.02271230333
v -0.006402884144 0.00643998757 0.01326483022
v -0.00639942335 -0.006442869082 0.01326483767
v -0.006382983178 -0.007103519514 -0.004249527585
v -0.00637886906 0.005277608987 0.02830945142
v -0.006377849728 0.00527863903 0.0195000004
v -0.006376355886 -0.005280148704 0.02830989473
v -0.006376354489 -0.005280147307 0.01949999481
v -0.006354357116 0.0053022434 0.02477335371
v -0.006354288198 0.00530231325 0.0235458184
v -0.006351504009 -0.005305096973 0.02477335185
v -0.00635143416 -0.005305166822 0.02354581468
v -0.006351414602 0.006423535291 0.02270407602
v -0.006280336063 0.006895758677 0.02481384948
v -0.006279469002 -0.005107298028 0.001575638889
v -0.006226164289 0.005164167378 0.001575686154
v -0.006222832482 0.00516310893 -0.004154153634
v -0.006220944226 -0.005164958071 -0.004154679365
v -0.006214969791 0.005438115913 0.01247736719
v -0.00621011015 -0.00544272596 0.01247837488
v -0.006174796261 0.006481024902 0.01331015956
v -0.00617131358 -0.006483778823 0.01331015956
v -0.00614260789 -0.006482106168 0.02264318615
v -0.006132825743 0.006484607235 0.02263732255
v -0.006127049215 0.006492498796 0.01799275912
v -0.006124090869 -0.006495027337 0.01799280196
v -0.006082224194 -0.002749999752 0.0320648402
v -0.006082223263 0.002750000218 0.03206484392
v -0.006081713364 0.00435399916 0.004169018939
v -0.006081711967 -0.003923675045 0.004169018473
v -0.006079751998 0.004354000557 0.001575790578
v -0.006079751067 -0.003923677839 0.001575790695
v -0.006041852292 0.00739719579 -0.004045087844
v -0.00604132656 0.005597914103 0.02834048495
v -0.005931746215 0.006594271399 0.02250915766
v -0.005928201601 -0.006596897263 0.02250916697
v -0.005911452696 0.007493573241 0.002628939925
v -0.005909708794 0.006607471965 0.01799403131
v -0.005906157196 -0.006610085722 0.01799407415
v -0.005894502159 -0.007185012102 0.02502603643
v -0.005892978981 0.006616848987 0.01347051375
v -0.00588942226 -0.006619454827 0.01347052213
v -0.005870903376 7.551549936e-10 0.03297652304
v -0.005857554264 0.007474763785 0.009815588593
v -0.005853582639 -0.007477383129 0.009810300544
v -0.005830226932 0.005779223982 0.02326220833
v -0.005827947054 0.007378006354 0.017321961
v -0.005824971013 -0.005783565808 0.0232609883
v -0.005823938176 -0.007380764466 0.017312916
v -0.005788817536 -0.0008858385845 0.03297652677
v -0.005788817536 0.0008858395158 0.03297652677
v -0.005773305893 -0.007604098879 -0.003880139673
v -0.005750546698 0.005619192962 -0.00386332674
v -0.00574935507 -0.005620105658 -0.003864493221
v -0.005743497051 0.005849877838 0.01273998246
v -0.005731374491 -0.005859585945 0.01274522115
v -0.005720994901 0.006734812167 0.01362492051
v -0.005719691981 -0.006735778414 0.01362279709
v -0.005708078388 -0.005878121126 0.0283148326
v -0.005708077922 -0.002750000218 0.02831484005
v -0.005687557627 0.00589432288 0.02831140161
v -0.00568755623 0.002749999752 0.02831141092
v -0.005622076802 0.00736570172 0.02518422529
v -0.00561972335 0.005947068334 0.02518536896
v -0.005618305411 -0.005948157981 0.02518432774
v -0.005545357708 -0.001741509652 0.03297652304
v -0.005545357242 0.001741510467 0.03297653049
v -0.005515489262 0.004993598443 0.002954745665
v -0.00551548833 -0.004563273396 0.00295474357
v -0.005471914075 0.006898834836 0.02208336256
v -0.005468206946 -0.006901209243 0.02208335884
v -0.005417707376 -0.002750000451 0.03267275169
v -0.005417707376 0.002749999519 0.03267275169
v -0.005393969361 0.007867146283 -0.003627619473
v -0.005305457395 0.006175845396 0.0189999938
v -0.005305457395 0.006175845861 0.01949999481
v -0.005303157028 -0.006177433766 0.02820469812
v -0.005302748177 0.006177713163 0.0130059123
v -0.005302138627 -0.006178132258 0.01899999194
v -0.005302138627 -0.006178131793 0.01949999481
v -0.005299428012 -0.0061799963 0.01300590578
v -0.005290876608 0.006185869686 0.02819988318
v -0.005278788507 -0.006194136571 0.02293406054
v -0.005273056217 0.006198047195 0.0229284279
v -0.005251783412 0.006023622118 -0.003530230839
v -0.00525114499 -0.006023953203 -0.003532032715
v -0.005206591915 0.007607640699 0.02542999387
v -0.005203336943 0.007054423448 0.01414393913
v -0.005200466141 -0.007056134287 0.01414292865
v -0.005184525158 -0.007619488053 0.02544084191
v -0.005153483246 0.008012219332 0.00273989304
v -0.005149187054 -0.008014432155 0.002737219911
v -0.005148814525 -0.002537880093 0.03297652677
v -0.005148813594 0.002537879162 0.03297652304
v -0.005131244659 -0.008030126803 -0.003448274918
v -0.005108936224 0.007966634817 0.009978208691
v -0.005104699172 -0.007968876511 0.0099728778
v -0.005079441704 0.007841065526 0.01754561439
v -0.005075184628 -0.007843440399 0.01753650233
v -0.005037197378 0.007149484009 0.02161165699
v -0.005033733323 -0.007151426747 0.02161210775
v -0.004937416874 -0.008141888306 -0.003308808897
v -0.004904080182 -0.002749998821 0.02799510211
v -0.004904079717 -0.00643397728 0.02799509838
v -0.004904079717 0.002750001149 0.02799510583
v -0.004904079251 0.006433979608 0.0279951077
v -0.004872898106 0.006289524026 0.001576706767
v -0.00487289764 0.005556685384 0.001576706418
v -0.004872897174 -0.006289388984 0.001576701645
v -0.004872896243 -0.005126359873 0.00157670537
v -0.004839804024 0.006472046021 0.02795145661
v -0.004839804024 0.006472046487 0.01949999295
v -0.004839804024 0.006472046953 0.02265271358
v -0.004837970715 -0.006473120768 0.01949999481
v -0.004837969318 -0.006473117042 0.02265379764
v -0.004837016575 0.006473677699 0.02565685101
v -0.004833537154 -0.006475714035 0.02565685101
v -0.004831052851 -0.006314040627 -0.003230047412
v -0.004799996968 -2.170590208e-09 0.03372637555
v -0.004739909898 0.006371720228 -0.003159217769
v -0.004736485425 -0.006373706274 -0.003159221495
v -0.004736145958 0.0006890583318 0.03372637555
v -0.004736145493 -0.0006890595541 0.03372638673
v -0.004732340574 0.007303236518 0.01474075019
v -0.004728418309 -0.007305217907 0.01474074367
v -0.004693267867 0.008273181506 -0.003123498522
v -0.00464800559 0.007346115541 0.02107231133
v -0.004644058179 -0.007348048501 0.02107231505
v -0.004546767101 -0.001354654902 0.033726383
v -0.004546767101 0.001354654436 0.03372637928
v -0.004484979901 0.007945301011 0.02588138543
v -0.004432727583 -0.007966300473 0.02591259778
v -0.004427391104 0.007444936782 0.0153210843
v -0.00442338502 -0.007446758449 0.01532110199
v -0.004402538761 0.007457558531 0.02055206709
v -0.00439869985 -0.007459289394 0.02055254951
v -0.004349598195 0.006735180505 0.01362596545
v -0.004345972091 -0.006736953277 0.01362596639
v -0.00434049638 0.008437188342 0.002943709027
v -0.004335967358 -0.008438970894 0.002941014478
v -0.004334858153 0.007485120092 0.01564277336
v -0.004330850206 -0.007486877497 0.01564270817
v -0.004320510197 0.006615166087 0.0003921037423
v -0.004307788331 0.008361630142 0.01021318976
v -0.004305067472 0.007499124855 0.01997713745
v -0.004303334281 -0.00836346671 0.01020783093
v -0.004302040674 0.007499125786 0.01597714424
v -0.004301037639 -0.00750087481 0.01997714676
v -0.004298013169 -0.007500876673 0.01597713865
v -0.004282177426 0.008205613121 0.01783295907
v -0.004277718253 -0.008207577281 0.01782377809
v -0.004238311201 -0.001974119106 0.03372638673
v -0.004238311201 0.001974117709 0.033726383
v -0.004235411994 -0.00849152822 -0.002766016871
v -0.004136598203 -0.006709896494 -2.28766703e-06
v -0.004021016415 0.006886440329 0.02739544772
v -0.004019066691 -0.006887282711 0.02739412338
v -0.004002847243 0.006894251797 0.02620218694
v -0.004001224879 -0.006894942373 0.02620076761
v -0.003986783326 -0.006781729404 -0.002558257896
v -0.003951979335 0.006798207294 -0.002525430406
v -0.003934338223 0.00861820858 -0.002509880811
v -0.003900338197 -0.002750003012 0.03360009938
v -0.003900337266 0.002750000684 0.03360009938
v -0.003821280785 -0.002526357071 0.03372638673
v -0.003821280552 0.002526354976 0.03372637928
v -0.003804512322 0.006975863595 0.02195570618
v -0.003803944215 0.007346341852 0.02107295208
v -0.003803156316 0.007499259897 0.01997752115
v -0.003802655963 0.00697659282 0.01949999295
v -0.003802276216 0.006976745091 0.01900000125
v -0.003800765611 -0.006977342535 0.02195571549
v -0.003800130449 0.007499260828 0.01597752795
v -0.003799997037 -0.007347821724 0.02107295394
v -0.003799143014 0.007303485647 0.01474145614
v -0.003799128812 -0.007500742562 0.01997751556
v -0.00379890739 -0.00697807502 0.01949999668
v -0.003798527643 -0.006978219841 0.01900000311
v -0.003798497375 0.006978233345 0.01400350221
v -0.003796101548 -0.007500738371 0.01597752236
v -0.003795218887 -0.007304965053 0.01474144869
v -0.00379474787 -0.006979710888 0.014003505
v -0.003764385823 -0.008196407929 0.02636451833
v -0.003740708809 0.008203232661 0.02638426237
v -0.003729332006 0.006898178719 -0.0006900924491
v -0.003615147434 1.129702276e-09 0.03427888826
v -0.003571472364 -0.0004713470116 0.03427887708
v -0.003571471665 0.0004713454109 0.0342788808
v -0.003530867631 -0.008767713793 -0.002155854134
v -0.003512677271 -0.002750002779 0.0337597914
v -0.003512676572 0.002750000916 0.03375979513
v -0.0034778181 0.008772731759 0.003224305576
v -0.003473104443 -0.008774057962 0.003221596358
v -0.003456921782 0.008666123264 0.01050853264
v -0.003452297766 -0.008667530492 0.0105031589
v -0.003441930516 -0.0009266406414 0.03427887708
v -0.003441929352 0.0009266386623 0.03427888826
v -0.003438093932 0.008479899727 0.01817267202
v -0.003433477599 -0.008481431752 0.01816344261
v -0.00339865475 0.002949998714 -0.001584816608
v -0.003398654517 0.006920823827 -0.00158481719
v -0.003398654284 -0.00335000176 -0.001584818354
v -0.003398654051 -0.007029717788 -0.001584820682
v -0.003241792088 -0.007086386904 -0.001885791309
v -0.003241784405 -0.007172944024 -0.001885813545
v -0.003230933798 0.001350376289 0.0342788808
v -0.003230932401 -0.001350375824 0.03427889198
v -0.003229256254 -0.002750001615 0.03385978937
v -0.003229255322 0.002750002081 0.0338597931
v -0.003175537102 0.008882828988 -0.001815032214
v -0.003168298863 0.007111594547 -0.001810755348
v -0.003157750471 0.007197733503 0.02680922858
v -0.003157738596 0.007121917792 0.02680923045
v -0.003155722748 -0.00712245563 0.02680785581
v -0.003155710874 -0.007198330015 0.02680785395
v -0.00315143168 0.007033276372 -0.002032477409
v -0.003109041601 0.007212156896 -0.001752510201
v -0.003051826032 0.008919284679 -0.0016928775
v -0.003050727537 0.007228215691 -0.001692234422
v -0.003048174782 -0.007228920236 -0.001693560742
v -0.003047475591 -0.008920233697 -0.001693320344
v -0.002981220372 0.008389933035 0.02694447339
v -0.002980894409 0.007177922409 0.02694447339
v -0.002977037104 -0.007178960368 0.0269444678
v -0.002976711607 -0.008390974253 0.0269444678
v -0.002945668064 0.001728127478 0.0342788808
v -0.002945667366 -0.001728128525 0.03427888826
v -0.002932399744 0.007172435522 -0.002337416634
v -0.002833225764 -0.008979142644 -0.001475199824
v -0.0027562303 0.007242208812 0.02709492669
v -0.002751795808 0.007304374129 -0.002547568176
v -0.002693132265 -0.003350001527 -0.002609509276
v -0.002693132265 0.00731779309 -0.002609508811
v -0.002693132032 -0.007317794487 -0.002609512769
v -0.002693131799 0.002949998947 -0.002609507646
v -0.002595847938 -0.002047032351 0.03427887708
v -0.002595847473 0.002047031187 0.03427888453
v -0.002586373826 0.00846305117 0.02718236111
v -0.002574019833 -0.008465194143 0.02718589455
v -0.002570773941 0.009023118764 0.003565611085
v -0.00256592175 -0.009023966268 0.003562904429
v -0.002559141489 0.008886496536 0.01085229404
v -0.002554395003 -0.008887447417 0.01084689237
v -0.002497575479 -0.009061372839 -0.00111516437
v -0.002484014258 0.007361629978 -0.001095198677
v -0.00245944527 -0.002750001149 0.03406499699
v -0.002459445037 0.002749998821 0.03406499699
v -0.002433513524 0.009076052345 -0.001038198359
v -0.002378049539 -0.008496570401 0.0272620786
v -0.002375068376 0.007334234659 0.02726444975
v -0.002370093949 -0.007335170172 0.02726479061
v -0.002352359705 1.605715616e-09 0.03461724892
v -0.002330184449 -0.0002393079922 0.03461724892
v -0.002330184449 0.0002393070172 0.03461724892
v -0.002296473598 0.008508739993 0.02728838101
v -0.002292887308 -0.007396300323 -0.0008828798891
v -0.002274920233 0.009109776467 -0.0008568970952
v -0.002264414448 -0.000470466126 0.0346172452
v -0.002264413983 0.000470466679 0.03461725265
v -0.00224712654 -0.002750001149 0.02619085461
v -0.002247126307 0.002749998821 0.02619085833
v -0.002247126075 0.007360273972 0.02619085647
v -0.002247125376 -0.007360144518 0.0261908602
v -0.002225107513 0.007407368626 -0.00301850657
v -0.002222181065 -0.007407831494 -0.003020666074
v -0.002197830938 -0.002750000218 0.03411376849
v -0.002197830938 0.002749999985 0.03411377221
v -0.002193385968 -0.002296227263 0.03427887708
v -0.002193385037 0.002296226332 0.03427888826
v -0.002157288371 0.0006856050459 0.03461724892
v -0.002157288138 -0.0006856037653 0.03461725265
v -0.002012456069 0.0008773925365 0.0346172452
v -0.002012455603 -0.0008773937006 0.0346172452
v -0.001999999862 0.005300001241 8.893931148e-10
v -0.001999999629 0.007401170675 2.256385523e-09
v -0.001962119015 0.00855348818 0.02735196054
v -0.001961655682 0.007410606369 0.02735198103
v -0.001957674278 -0.007411099039 0.02735197358
v -0.001946359989 0.007446343545 -0.0004629784962
v -0.001946357079 0.007409845013 -0.0004629846662
v -0.001941790688 0.00741053652 0.0004790100793
v -0.001929099555 -0.008557395078 0.02735466883
v -0.001899999916 0.005300000776 -1.234462865e-09
v -0.001899999683 0.007100000978 -2.939580579e-09
v -0.001873205416 0.007199999876 -2.443285352e-09
v -0.001843816484 0.008567390963 0.0273605492
v -0.001835259143 0.007100000978 -0.0004917583428
v -0.001835259027 0.007100000512 0.0004917552578
v -0.0018348468 -0.001039306284 0.03461725265
v -0.0018348468 0.001039305702 0.03461725265
v -0.001809376874 0.007199999876 0.0004848208046
v -0.001809376758 0.007200002205 -0.0004848187673
v -0.001799999853 0.007273204159 -2.313066405e-09
v -0.001794633339 -0.00919635687 -0.0002735527814
v -0.001770912553 0.00530000031 -0.0009294479969
v -0.00177091232 0.00743521424 0.0009294470074
v -0.001770912204 0.007465271745 -0.000929446891
v -0.001770911622 0.00530000031 0.0009294493357
v -0.001751986681 -0.002467227634 0.03427887708
v -0.001751986565 0.002467225771 0.03427888453
v -0.001738666324 0.00727320509 -0.0004658749385
v -0.001738666208 0.00727320509 0.0004658759863
v -0.001720533124 -0.008580724709 0.02736213803
v -0.001700000139 0.007300001103 1.771368052e-09
v -0.001691852347 -0.007472485304 -0.003346657846
v -0.001691197394 -0.003349999199 -0.003346993355
v -0.001691196929 0.002950001042 -0.003346991492
v -0.001691196579 0.007472542115 -0.003346990794
v -0.001645448152 0.00530000031 0.0009500030428
v -0.001645448036 0.007100000512 0.0009500012966
v -0.001645447919 0.005300001241 -0.0009499997832
v -0.001645447686 0.007100001443 -0.0009500015294
v -0.001642074087 0.007299998309 -0.0004399946192
v -0.001642073854 0.007299998775 0.0004399935715
v -0.001630512765 -0.001165827038 0.03461724147
v -0.001630512532 0.001165821915 0.03461724147
v -0.001624688506 0.009192612022 0.003951563034
v -0.001622243319 0.007200000808 -0.0009366030572
v -0.001622242737 0.007200001739 0.0009366030572
v -0.001619743533 -0.009192958474 0.003948853351
v -0.001617260627 0.00902911555 0.01123246271
v -0.001617228147 0.008790690452 0.0189640522
v -0.001616875175 0.008591366932 0.02735748701
v -0.001612431603 -0.009029588662 0.01122706011
v -0.00161241577 -0.008791265078 0.01895473152
v -0.001604711637 0.007455250714 -1.477592377e-05
v -0.001600697869 -0.007479756139 -1.477899332e-05
v -0.001600451884 -0.009225231595 -1.5083785e-05
v -0.001600291813 0.009225646965 -8.090641131e-06
v -0.001572096488 0.007481806446 -0.001236330718
v -0.001558845863 0.00727320509 0.0009000002174
v -0.001558845863 0.007273205556 -0.0008999991114
v -0.001555264695 0.007462615613 0.02735225484
v -0.001552711707 -0.007462740876 0.02735241316
v -0.001533361035 0.007462838665 0.001284061116
v -0.001500000479 0.002949999878 -8.413303942e-10
v -0.001500000362 -0.002750000218 0.02949999832
v -0.001500000129 0.002749999985 0.02950000204
v -0.001500000013 -0.003350000596 -2.616691974e-09
v -0.001472243574 0.007299998309 -0.0008499998949
v -0.001472242526 0.007300000172 0.0008500031545
v -0.001454305602 0.007471950259 0.02577374503
v -0.001453905832 0.007472086698 0.02733944543
v -0.001452191267 -0.007472006138 0.02577292174
v -0.001451791963 -0.007472142112 0.02733972669
v -0.001432379941 -0.007490245625 -0.003465654794
v -0.001422393951 -0.007490750868 0.0002349657443
v -0.001406407566 -0.001252643415 0.0346172452
v -0.001406407449 0.001252644346 0.03461724892
v -0.00134424842 -0.002750001149 0.02573263459
v -0.001344248303 0.002749998821 0.02573263831
v -0.001343503012 0.007099999115 -0.001343503827
v -0.001343503012 0.007099999115 0.001343504875
v -0.001337397844 0.007494490594 -0.001487062662
v -0.001324556768 0.007199998479 -0.00132455735
v -0.001324556419 0.007199999411 0.001324555255
v -0.001322391094 0.007495049853 -0.003509102156
v -0.001311430708 -0.002750000218 0.03420392796
v -0.001311430475 0.002749999752 0.03420393169
v -0.001299039228 0.002749997657 0.02874999493
v -0.001299038762 0.002949998947 0.0007499977946
v -0.001299038529 -0.003350001527 -0.0007500008214
v -0.001299038529 -0.002750001149 0.03024999611
v -0.001299038413 0.002749998821 0.03024999984
v -0.001299038064 -0.002749999752 0.02875000797
v -0.001299038064 0.002949998947 -0.0007499990752
v -0.001299037598 -0.00335000013 0.0007500033244
v -0.00128668244 0.002554203384 0.03427888453
v -0.001286681509 -0.002554205246 0.03427888826
v -0.001272792462 0.00727320509 0.001272790367
v -0.001272792346 0.00727320509 -0.001272789552
v -0.001265866798 -0.008621699177 0.02730249986
v -0.001226902008 0.006944527384 0.001579465112
v -0.001226901542 0.007487170864 0.001579466159
v -0.001202081563 0.007300001103 0.001202080166
v -0.001202081214 0.007299999241 -0.00120207842
v -0.001170166652 0.001296803355 0.03461724147
v -0.001170166419 -0.001296804287 0.03461724147
v -0.001168845105 0.008629081771 0.02727406658
v -0.001160521642 -0.009277726524 0.0006263787509
v -0.001156267361 0.007491912227 0.02727022767
v -0.001152243116 -0.007491972763 0.02727022208
v -0.001151959528 -0.008630010299 0.02727022953
v -0.001136190258 0.006950310897 0.001645925222
v -0.001136129838 0.007499503903 -0.00164596783
v -0.001136129606 0.00530000031 0.001645971322
v -0.001136129256 0.005299998447 -0.001645966549
v -0.001079786685 0.007494335994 0.0007615901995
v -0.00105906243 -0.008636249229 0.02723824419
v -0.001055878936 0.006954402197 0.001579595031
v -0.001055878238 0.007099999581 0.001579596661
v -0.001050000777 -1.638337855e-09 0.03473118693
v -0.00104652869 0.007145199925 0.001579599688
v -0.001022188109 0.007183994167 0.001579618198
v -0.001005596132 0.007201115135 0.001579630538
v -0.001003879705 0.009292585775 0.0008863757248
v -0.0009737172513 -0.007499611937 -0.003621374723
v -0.000967588101 0.007229461335 0.001579662436
v -0.0009622850921 0.008642585017 0.02719724551
v -0.0009500082233 0.006958337035 0.001645440818
v -0.000950000016 0.005300000776 -0.001645446057
v -0.0009499998996 0.007100000978 -0.001645447803
v -0.0009499997832 0.005299998913 0.001645448036
v -0.0009366022423 0.007199999411 -0.001622241456
v -0.0009363817517 0.008652389981 0.02683670819
v -0.0009298329824 0.001296806033 0.03461725265
v -0.0009298327495 -0.001296801725 0.03461725265
v -0.0009296874632 0.007499036845 0.02560953796
v -0.0009273707401 0.007498997729 0.01950000413
v -0.0009271820891 0.007498993538 0.01900000125
v -0.000925713859 -0.007498971187 0.02560859919
v -0.0009243591339 0.007498947438 0.0115796905
v -0.000923408661 -0.007498932071 0.01949999854
v -0.0009232197772 -0.007498929277 0.0189999938
v -0.0009204255184 -0.007498879451 0.01157969702
v -0.0009166421951 -0.007498814724 0.001579700969
v -0.0009164166404 -0.007498810999 0.001026001293
v -0.0009000002174 0.007273203228 -0.001558848191
v -0.0008999998099 0.007273205556 0.001558842137
v -0.0008660255698 0.007299999241 -4.552401788e-10
v -0.0008660254534 0.006299999543 -4.134424191e-10
v -0.0008531158674 0.007275785785 0.001579745323
v -0.0008500005933 0.007299999706 -0.001472245203
v -0.0008500003605 0.007299998775 0.001472242759
v -0.0008133189986 0.002554203384 0.0342788808
v -0.0008133172523 -0.002554205479 0.03427888826
v -0.0007676709793 0.007499963511 0.02709955908
v -0.0007640231051 -0.00749981543 0.02709977515
v -0.000750000414 0.002949998714 0.001299039228
v -0.000750000414 -0.002750002313 0.02820095606
v -0.0007500003558 -0.003350001061 -0.001299037132
v -0.0007500002393 0.002749997657 0.02820095979
v -0.0007500001229 0.002750000684 0.03079903312
v -0.0007499999483 -0.003350001993 0.001299037482
v -0.0007499999483 0.00294999918 -0.001299035386
v -0.0007499995409 -0.002749999985 0.03079904616
v -0.000709255226 0.007492255419 -0.001870017615
v -0.0007086709375 0.00696108304 0.001870237989
v -0.0006935919519 -0.001252642716 0.03461724892
v -0.0006935918937 0.001252645045 0.03461724892
v -0.0006516692811 -0.008658451028 0.02703082003
v -0.0006275798078 0.007299998775 0.001579919714
v -0.0006171994028 0.00906658452 0.001579984557
v -0.0006169434055 0.007498135325 0.001579927513
v -0.0006129129906 -0.007497904357 0.001579927048
v -0.0006124915089 -0.009066357277 0.001579923672
v -0.0006123664789 -0.009318322875 0.001580037642
v -0.0006057806895 -0.009179776534 0.001592988963
v -0.0006053670659 0.009218064137 0.001603496377
v -0.0005819372018 0.009320250712 0.001649532584
v -0.0005770746502 -0.009320125915 0.001649400685
v -0.0005728173419 0.009348224849 0.001667407108
v -0.0005677926238 -0.009347974323 0.001667407225
v -0.0005622067838 0.008662772365 0.02696472965
v -0.0005031256587 -0.003350001527 -0.003716098377
v -0.0005031251931 0.002949998714 -0.003716096515
v -0.0005031250766 -0.00748003507 -0.003716091858
v -0.0005031247274 0.007480036467 -0.003716093255
v -0.0004917558399 0.007100000512 -0.001835261704
v -0.0004906097893 0.006956132594 0.001835568226
v -0.000484821765 0.007199998479 -0.00180937862
v -0.000478119764 -0.008665679954 0.02690242603
v -0.00046948815 0.001165825175 0.03461725265
v -0.0004694875388 -0.001165823895 0.03461725265
v -0.0004658740945 0.00727320509 -0.001738669118
v -0.0004399920872 0.007299999706 -0.00164207234
v -0.0004330129304 0.007299999241 -0.0007499970961
v -0.0004330128431 0.006299999077 -0.0007499970379
v -0.0004330127558 0.007299998775 0.0007499997737
v -0.0004330126394 0.006299999077 0.0007499997737
v -0.0004240584967 0.007490314078 0.02685233578
v -0.0004207685415 -0.002749998588 0.03418040276
v -0.0004207683669 0.002750001382 0.03418040648
v -0.000420033175 -0.007489982527 0.02685233206
v -0.0004197226954 -0.008667869493 0.02685234323
v -0.0004064073146 0.008668868802 0.02683613449
v -0.0003644606913 0.009343872778 0.002106178785
v -0.0003552417911 0.007467751391 0.02551580779
v -0.0003552415874 -0.007467751391 0.02551580779
v -0.0003552415001 -0.002749998355 0.02551580593
v -0.0003552412963 0.002750001615 0.02551580779
v -0.0003544639912 -0.009327669628 0.002117308555
v -0.0003480140585 -0.002467227634 0.03427888453
v -0.0003480130108 0.002467225771 0.03427889198
v -0.0002651532704 0.001039304305 0.0346172452
v -0.000265153154 -0.001039307681 0.0346172452
v -0.0002410737507 0.006941786502 0.001985415816
v -0.0002410737216 0.00745624816 -0.001985415816
v -0.0002410736925 0.005300000776 0.001985414652
v -0.0002410733869 0.005299998913 -0.001985414652
v -0.0001596926159 -0.0086766202 0.0265714936
v -0.000147365412 0.009330780245 0.002626293106
v -0.0001441321801 0.007470792625 0.02654482424
v -0.0001390771795 -0.007470217068 0.02654339373
v -0.0001331843087 -0.009337294847 0.002650043229
v -0.0001147780495 0.005300001707 -0.001896528061
v -0.000106241474 0.008678989485 0.0264907442
v -8.754382725e-05 -0.0008773944573 0.03461725265
v -8.754379814e-05 0.0008773953887 0.03461724892
v -2.60925608e-05 -0.007429779042 -0.003749907482
v -3.867740016e-10 0.007100000046 -0.001900001313
v -3.323972208e-10 0.005299999844 0.001899997937
v -2.691500077e-10 0.002749999985 0.03099999577
v -2.600722969e-10 0.006919094361 0.001900000731
v -1.559317813e-10 0.00727320509 -0.001800003112
v -1.326317805e-10 0.002950000111 -0.001500000246
v -1.225036323e-10 -0.00335000013 -0.001500001992
v 2.084612869e-11 0.002950001508 0.001500000828
v 3.097427865e-11 -0.003349998966 0.001499999082
v 7.378016948e-11 -0.002749999752 0.027999999
v 1.925547778e-10 0.007199999411 -0.001873204252
v 2.653150478e-10 0.002750000218 0.02800000273
v 3.18769955e-10 0.007300000172 -0.001700000721
v 3.838060981e-10 0.005299999844 -0.001899999566
v 6.080077554e-10 0.006234385073 6.167216738e-10
v 9.152010261e-10 -0.002749997191 0.03100000694
v 9.615491763e-06 0.008682987653 0.02629802562
v 1.197168149e-05 -0.008682333864 0.02630239353
v 1.237669403e-05 0.007424375974 -0.003749981988
v 2.465623584e-05 0.009332086891 0.003103476018
v 3.136630767e-05 -0.009328644723 0.003108547535
v 5.728824908e-05 0.0006856018445 0.03461724147
v 5.728891119e-05 -0.0006856033579 0.0346172452
v 6.510362437e-05 0.008685155772 0.02618409321
v 6.543700147e-05 0.00744928373 0.02618410811
v 6.944045163e-05 -0.007448686752 0.0261840988
v 6.977291196e-05 -0.008684561588 0.0261840988
v 9.061398305e-05 -0.002749999985 0.03099725582
v 9.06141795e-05 0.002750000218 0.03099725954
v 9.061469609e-05 0.002949999878 0.001497256919
v 9.06149362e-05 -0.003349998966 0.00149726239
v 9.338442032e-05 -0.002296228195 0.0342788808
v 9.33859119e-05 0.002296228893 0.03427889198
v 0.0001208197573 0.005300000776 0.001996347215
v 0.0001467699767 0.007403900381 -0.001994609833
v 0.0001520730148 0.007403040305 0.02550289035
v 0.0001537149656 -0.007402776275 0.02550294809
v 0.0001615192596 0.009345288388 0.001700679655
v 0.0001644140139 -0.0004704685707 0.03461724147
v 0.0001644150907 0.000470467814 0.03461725265
v 0.0001665406162 -0.009344636463 0.001700676861
v 0.0001754907571 0.008690955117 0.02587418631
v 0.0001801626204 -0.008690300398 0.02587419935
v 0.0001877046598 0.009324120358 0.003636875888
v 0.0001959824876 0.007432894316 0.02578945644
v 0.0002004846319 -0.007432157639 0.0257871449
v 0.0002005505376 -0.009323567152 0.003665232565
v 0.0002119190467 0.008716998622 0.0247256849
v 0.0002166035847 -0.008716325276 0.02472567558
v 0.0002301843924 -0.0002393089235 0.0346172452
v 0.0002301849454 0.0002393096802 0.03461724892
v 0.0002377467317 0.009344577789 0.001759642502
v 0.0002406756685 -0.009343898855 0.001759219682
v 0.0002424374397 0.008701406419 0.02537576295
v 0.0002424484846 0.008701488376 0.02537234686
v 0.0002427996078 0.007426481694 0.02537234873
v 0.0002437865187 0.008743398823 0.023576051
v 0.0002439341333 0.008748049848 0.02338058129
v 0.0002467904997 -0.007425787859 0.02537233569
v 0.0002471136686 -0.008700715378 0.02537575737
v 0.0002471256012 -0.008700791746 0.02537233941
v 0.0002484871948 -0.008742705919 0.02357606776
v 0.0002487920574 0.00874796696 0.02338058129
v 0.0002523602743 8.877059454e-11 0.03461724892
v 0.0002814645995 0.007420961745 0.02499061637
v 0.0002872202895 -0.007419988979 0.02498187311
v 0.0002977616969 0.008711038157 0.0249149166
v 0.000299669482 -0.008710102178 0.02492660843
v 0.0003139952896 0.009316937998 0.004138177261
v 0.0003144370567 0.009343863465 0.001818173449
v 0.0003182025393 0.008840810508 0.01980836131
v 0.0003190016432 -0.009316205978 0.00413816981
v 0.0003201000509 -0.009343140759 0.001817213022
v 0.0003222812666 0.00885033235 0.01948827133
v 0.0003230790026 -0.008840353228 0.01979901083
v 0.0003270391317 -0.008849599399 0.01948827691
v 0.0003377112735 0.009107721969 0.01203410793
v 0.0003425829927 -0.00910716597 0.01202868298
v 0.0003450960794 0.009031946771 0.01414730586
v 0.0003502366017 -0.009025959298 0.01429217309
v 0.0003582983627 -0.008713509887 0.02472454682
v 0.0003583005746 0.008714465424 0.02471123636
v 0.0003665784025 0.006867706776 0.001966117881
v 0.000401959318 -0.007402239833 0.02460962534
v 0.0004023106885 -0.008715122007 0.02460963093
v 0.0004330123484 0.007300000638 -0.0007500015781
v 0.0004330124648 0.006300000474 -0.0007500015199
v 0.0004330132506 0.007300002035 0.0007500025677
v 0.0004330133379 0.006300001871 0.0007500026259
v 0.0004399918544 0.007299997844 -0.001642076182
v 0.0004449260887 -0.007349504158 0.001580726588
v 0.00044664077 -0.007349154446 -0.003723309608
v 0.0004521284718 0.007394032553 0.02449128218
v 0.0004542168463 -0.007393547334 0.02449507825
v 0.0004596331855 0.002749998821 0.03404356167
v 0.000459635281 -0.002749998588 0.03404357284
v 0.0004618959501 0.007394034881 0.01158074848
v 0.0004639883991 -0.007393541746 0.01158074662
v 0.0004658738035 0.007273204625 -0.001738669351
v 0.0004848208337 0.007199999411 -0.001809376292
v 0.0004917568876 0.007100000978 -0.001835258445
v 0.0004958469071 -0.002047033049 0.03427888453
v 0.0004958478385 0.00204703398 0.03427889198
v 0.000499679707 0.006843954325 0.001833119197
v 0.0005257621524 0.007332595531 -0.00371295982
v 0.0005281126359 0.007332089823 -0.0019290169
v 0.0005588023341 -0.00871763844 0.02430990338
v 0.0005616223207 0.008718531579 0.02429817431
v 0.0006251886371 0.007300002035 0.001580868848
v 0.0006565257208 -0.007303273305 0.02555424161
v 0.0006565260119 0.00274999789 0.02555424161
v 0.0006565270596 0.007303271908 0.02555425093
v 0.000656527176 -0.002749999287 0.02555425279
v 0.0006802498829 -0.008717388846 0.02413914353
v 0.0006864300813 0.008718223311 0.02412555926
v 0.0007092093001 0.006800909061 0.001870031236
v 0.0007092094747 0.005299999379 0.00187002949
v 0.0007092097658 0.005300001707 -0.001870033564
v 0.000709209824 0.007290760055 -0.001870031469
v 0.0007403217023 -0.00728318328 -0.003676200053
v 0.0007403222262 -0.003349998733 -0.003676197259
v 0.0007403222262 0.002950001741 -0.003676195629
v 0.0007403227501 0.007283183746 -0.003676197026
v 0.0007419153117 -0.009316074662 0.001747660805
v 0.0007499994244 -0.002750001149 0.03079903498
v 0.0007499996573 0.002749998821 0.03079903871
v 0.0007499997155 -0.003350001527 0.001299035037
v 0.0007499997155 0.002949998947 0.001299036783
v 0.0007499997155 0.002949999413 -0.001299037831
v 0.0007499997737 -0.003350000829 -0.001299039577
v 0.0007499999483 -0.002750000684 0.02820096165
v 0.0007500001229 0.002749999519 0.02820096351
v 0.0007649084437 0.008934355341 0.001580973039
v 0.0007699566777 -0.008933340199 0.001580970827
v 0.0007952206652 0.009108978324 0.001613459317
v 0.0008003671537 -0.009107943624 0.001613458386
v 0.0008255891153 0.009284283035 0.00172908511
v 0.0008259291644 0.007320773788 0.02397054993
v 0.0008308341494 -0.009283234365 0.001729085343
v 0.0008365145186 -0.007318280637 0.0239639096
v 0.0008393526659 -0.009329042397 0.00212757173
v 0.0008421958773 0.007277916651 0.001581031713
v 0.0008456673822 0.001728130272 0.0342788808
v 0.0008456683718 -0.001728129573 0.03427889198
v 0.0008499999531 0.007300000638 -0.001472244621
v 0.0008500001859 0.007299999706 0.001472243341
v 0.0008660251624 0.007300000172 -1.366611602e-09
v 0.0008660252788 0.006300000474 -1.324813814e-09
v 0.0008750554989 0.007248737384 0.02558611706
v 0.0008769591223 0.007248228416 0.01899999566
v 0.0008769600536 0.007248228882 0.01949999668
v 0.0008771129651 0.007248189766 0.0115810642
v 0.0008778558695 -0.007247992326 0.02558645606
v 0.0008807378472 -0.00724722445 0.01899999194
v 0.0008807383128 -0.007247223984 0.01949999295
v 0.0008809078136 -0.007247177418 0.01158105768
v 0.0009000000427 0.007273204159 0.001558848657
v 0.0009000002174 0.00727320509 -0.001558842487
v 0.0009327196749 0.007246907335 0.001581100514
v 0.0009366023005 0.007199998945 -0.001622244366
v 0.0009499999578 0.007100001443 -0.001645451412
v 0.0009500002488 0.005300000776 -0.001645449782
v 0.0009500003071 0.005300000776 0.001645451761
v 0.0009500003653 0.006742842961 0.001645451412
v 0.001000598422 0.009301248007 0.001856962102
v 0.001001208788 0.007202919107 0.001581153483
v 0.001004211023 0.007200187072 0.001581150806
v 0.001004772261 -0.009299943224 0.001858512056
v 0.001005543396 -0.008710221387 0.02381413989
v 0.001014358713 0.00871085003 0.02380353771
v 0.00103394303 0.007164771669 0.001581174205
v 0.0010505463 0.007125488482 0.001581186894
v 0.001053487184 0.007099998184 0.001581189339
v 0.001053487766 0.006714984775 0.001581192482
v 0.001067590201 0.009279929101 0.001775071141
v 0.001124492846 -0.002749999519 0.03386135027
v 0.001124493079 0.002750000451 0.03386135399
v 0.001130932709 0.001350373845 0.0342788808
v 0.001130933873 -0.001350374543 0.03427889198
v 0.00113169523 0.007245974615 0.02371915616
v 0.001136072795 0.007174336817 -0.001646005432
v 0.001142805791 -0.00724286912 0.02371435054
v 0.001178389532 -0.008703128435 0.02369159088
v 0.001189004863 0.008703600615 0.02368201315
v 0.001202081214 0.007299998309 -0.001202081912
v 0.001202081912 0.007300001569 0.001202083891
v 0.001224510488 0.007146789692 0.001581319841
v 0.00122451107 0.006665023044 0.001581322053
v 0.001224595704 0.009229680523 0.007031505927
v 0.001229555579 -0.009228460491 0.007031497546
v 0.001236963784 0.008805660531 0.01986834779
v 0.001241696649 -0.008804433048 0.01986834779
v 0.001260778983 0.009304861538 0.002339965198
v 0.001263173064 0.009036124684 0.01321093924
v 0.00126802898 -0.009034884162 0.01321093645
v 0.001272792229 0.007273206022 0.001272789203
v 0.001272792346 0.007273206022 -0.001272790716
v 0.001299037598 -0.002750002313 0.02874999493
v 0.001299037714 0.002749999287 0.03025000356
v 0.001299037831 -0.003350001294 0.000749998726
v 0.001299037831 0.00294999918 0.0007500004722
v 0.001299038064 -0.003350001061 -0.0007499982021
v 0.001299038064 -0.002750000916 0.03024999984
v 0.001299038064 0.00294999918 -0.0007499964559
v 0.001299038413 0.002750001382 0.0287499968
v 0.001324555953 0.007200000342 -0.001324558747
v 0.001324556302 0.007200001273 0.001324553974
v 0.001341928728 -0.000926640525 0.0342788808
v 0.001341929892 0.0009266387788 0.03427889198
v 0.001343502547 0.007099999115 -0.001343501848
v 0.001343503478 0.007100002374 0.001343506156
v 0.001343763201 0.007107735146 -0.003500968684
v 0.001346322242 -0.00710687181 -0.003499987535
v 0.001387426164 -0.002749997657 0.03376926854
v 0.001387426397 0.002750002313 0.03376927227
v 0.001442534733 0.007073702756 0.02562759444
v 0.001445142087 -0.007072784007 0.02562765032
v 0.001471472555 -0.0004713438102 0.03427888826
v 0.001471472671 0.0004713450035 0.03427889198
v 0.001472243108 0.007300001103 0.0008499980904
v 0.001472243224 0.007300000638 -0.0008499977412
v 0.001476110308 0.00868702773 0.02353474312
v 0.001476443605 0.007145018317 0.02353476919
v 0.001484626788 -0.007142269984 0.0235329736
v 0.001497021294 0.005299998913 0.001326245139
v 0.001497021294 0.007054265589 0.001326246187
v 0.001497021527 0.007054267451 -0.001326244208
v 0.001497021643 0.005300001241 -0.001326245372
v 0.001499999431 -0.002749999519 0.02949999273
v 0.001500000129 0.002750000451 0.02949999645
v 0.001500000479 -0.003349998733 -2.704109714e-10
v 0.001500000479 0.002950001741 1.477236111e-09
v 0.00151514844 4.574426111e-10 0.0342788808
v 0.001541871927 -0.009198105894 0.001810888178
v 0.001558845863 0.007273205556 -0.0009000005084
v 0.001558845863 0.007273205556 0.0008999988204
v 0.001587270992 0.009276673198 0.002489623846
v 0.001591716195 -0.008677680045 0.02349252254
v 0.001604093588 0.008677799255 0.02348669805
v 0.001622242853 0.007199999411 0.0009365996812
v 0.001622243435 0.007199999411 -0.0009365992155
v 0.00164207397 0.007300000638 -0.0004399954341
v 0.001642074203 0.007300001103 0.0004399927566
v 0.001645447919 0.005299998913 0.0009499981534
v 0.001645448036 0.007099999115 0.0009499964654
v 0.001645448501 0.005300001241 -0.0009499973385
v 0.001645448618 0.007100001443 -0.0009499990847
v 0.001694341772 -0.009264917113 0.002534328727
v 0.001700000023 0.007299999706 3.716204011e-09
v 0.001721280161 0.00252635614 0.03372637555
v 0.001721280976 -0.00252635614 0.033726383
v 0.001738666673 0.007273205556 -0.0004658763064
v 0.00173866679 0.007273205556 0.0004658746184
v 0.00176963734 0.006949796341 0.0009318716475
v 0.001770092058 0.006949611008 -0.0009310044115
v 0.001773758908 0.009220194072 0.00212562317
v 0.001779204933 -0.009218408726 0.002126624342
v 0.001794028678 -0.008660897613 0.02343409322
v 0.001800000318 0.007273206953 1.992070287e-09
v 0.001806596527 0.00866086781 0.02343015932
v 0.001809376874 0.007199999876 -0.0004848242388
v 0.00180937699 0.007199998945 0.0004848226381
v 0.00183231046 0.007021547295 0.02342469431
v 0.001835259027 0.007099999581 0.000491753337
v 0.001835259609 0.007100000978 -0.0004917529877
v 0.0018390076 -0.007018898614 0.02342407964
v 0.001866407809 -0.009159144014 0.001948953955
v 0.00187320495 0.007199999876 -9.723739591e-10
v 0.001899999566 0.007099999581 -2.09760076e-09
v 0.001899999916 0.005299998913 -4.20197821e-10
v 0.001902287593 -0.003349999897 -0.003231686773
v 0.00190228771 0.006894490682 -0.003231690498
v 0.001902287942 -0.006894489285 -0.003231686307
v 0.001902288059 0.002950000344 -0.003231685143
v 0.001941883238 0.006877399515 0.0004786280042
v 0.001941883354 0.005299998447 0.0004786324571
v 0.001941883354 0.00530000031 -0.0004786342324
v 0.001941883471 0.00687739905 -0.0004786306235
v 0.001945011434 0.009106333368 0.001843024977
v 0.001995024737 -0.00685403822 0.02561153658
v 0.001995025203 0.002749997424 0.0256115403
v 0.001995025203 0.006854037289 0.02561153844
v 0.001995025901 -0.002749999519 0.02561155148
v 0.001999999397 0.006851825397 1.661933879e-06
v 0.002006378723 -0.002750000684 0.03350383416
v 0.002006379422 0.002750003012 0.03350383788
v 0.002132644178 0.002750001615 0.03344072774
v 0.002132644411 -0.002749998588 0.03344072402
v 0.002138310578 0.001974118175 0.03372637555
v 0.002138311043 -0.001974118641 0.03372637928
v 0.002194541506 0.006874688901 0.02338268794
v 0.002196759218 0.006874689832 0.02045065351
v 0.002198235597 -0.006872946862 0.02338268608
v 0.002200453775 -0.006872945931 0.02045065165
v 0.002207281068 0.008559481241 0.001582063269
v 0.00221211696 -0.008557651192 0.001582064666
v 0.002228042809 -0.00674569793 -0.003016345203
v 0.002228043508 -0.00674569793 0.001582078286
v 0.002243969357 0.008614317514 0.02338210121
v 0.002244441537 0.006856539287 0.02338209189
v 0.002248126781 -0.006854773499 0.02338209935
v 0.002248599427 -0.008612548932 0.02338210493
v 0.002265783958 0.008726774715 0.001614572713
v 0.00227071438 -0.00872491207 0.001614574692
v 0.002274865285 0.006722742226 0.001582116936
v 0.00227486575 0.006722743157 -0.002981185913
v 0.002279398032 0.006838054862 0.0204507187
v 0.002281331923 -0.006837052293 0.02045071125
v 0.002286107512 0.006838056259 0.01158212498
v 0.002288042801 -0.006837047637 0.01158213243
v 0.002324454021 0.008894726634 0.001730215736
v 0.002329479437 -0.008892828599 0.001730222604
v 0.002446767176 0.001354653854 0.03372637928
v 0.002446767408 -0.0013546556 0.033726383
v 0.00245108339 0.008959085681 0.001882211422
v 0.002455931157 -0.008957255632 0.001882120036
v 0.002488728147 0.006768502295 0.02046758309
v 0.002492366126 -0.006766606588 0.02046758495
v 0.002567135263 0.009086210281 0.002362196334
v 0.002636145102 0.0006890584482 0.03372637928
v 0.002636145568 -0.0006890594377 0.03372638673
v 0.002688116161 0.006502039265 0.02551173978
v 0.002689486602 0.006501249038 0.01900000498
v 0.002689486602 0.006501249503 0.01950000599
v 0.002689595334 0.006501188967 0.0115824379
v 0.002691539237 -0.006500068586 0.02551102638
v 0.00269287522 -0.006499297917 0.01899999753
v 0.00269287522 -0.006499297451 0.01949999854
v 0.002692998154 -0.006499228533 0.01158243511
v 0.00269999681 1.07240522e-09 0.03372638673
v 0.002728756284 0.009112603031 0.002945629647
v 0.002854882274 0.006403270643 -0.00243149139
v 0.002854882507 0.002949999413 -0.002431493485
v 0.002854882972 -0.006403271575 -0.002431486733
v 0.002854883205 -0.003349999664 -0.002431487897
v 0.002980541671 0.008802776225 0.001986378105
v 0.002985358471 -0.00880073756 0.001986155054
v 0.003048813436 0.002537877066 0.03297652304
v 0.003048813669 -0.002537878696 0.03297652304
v 0.003102516988 0.009015806019 0.004658989608
v 0.003123758594 0.006390870083 0.02045135945
v 0.003125566058 -0.006389626302 0.02045134641
v 0.003149045166 0.008954425342 0.007785263006
v 0.003153858008 -0.008952171542 0.007785265334
v 0.003180700354 0.009016338736 0.00310262898
v 0.003185546491 -0.009014069103 0.003102633869
v 0.003198746825 0.00855241809 0.02063342184
v 0.003203343134 -0.008550134487 0.0206334237
v 0.003214505501 0.006169603672 -0.001931178267
v 0.003216611687 -0.006168145221 -0.001927672187
v 0.003238583682 0.008770085871 0.01396031119
v 0.003243296873 -0.008767783642 0.01396030746
v 0.003264412051 0.008621795103 0.001882864628
v 0.003269044682 -0.008619477972 0.001882863697
v 0.003307667561 -0.006104158238 0.02534352057
v 0.003307668259 0.002750000451 0.02534352057
v 0.003307668958 -0.002750000451 0.02534353361
v 0.003307668958 0.006104158238 0.02534353174
v 0.003331431886 -0.003349999199 0.002722390695
v 0.003331432119 -0.005153599195 0.00272239279
v 0.003331432119 0.005583924707 0.002722393954
v 0.003331432352 0.002950001042 0.002722392557
v 0.003368429141 0.008892607875 0.002571761841
v 0.003369130893 0.005555367097 0.002149314852
v 0.003369175131 -0.005125007126 0.002148926258
v 0.003373207059 -0.008890234865 0.00257175765
v 0.003374245251 -0.005120269023 0.003552617272
v 0.003374855034 0.005550120026 0.003557619406
v 0.003424888011 0.008423552848 0.02338298969
v 0.003429414937 -0.008421150036 0.02338299155
v 0.00344535755 0.001741510117 0.03297652304
v 0.003445358714 -0.001741510932 0.03297653422
v 0.003448112635 -0.008770776913 0.002319449326
v 0.003461332293 0.005483252462 0.001583014848
v 0.003461332293 0.005991484504 0.001583014964
v 0.003461332759 -0.005991484504 0.00158301217
v 0.003461332992 -0.005052923691 0.001583011704
v 0.003493262455 0.005967308301 -0.001363680349
v 0.003493262688 -0.005967308301 -0.001363677904
v 0.003493262921 -0.003349998966 -0.001363677904
v 0.003493262921 0.002950001508 -0.001363676158
v 0.00350350677 0.008618202992 0.002083044965
v 0.003508137306 -0.008615759201 0.002083044499
v 0.003530282993 -0.003349999897 0.004364728462
v 0.003530282993 0.005425620358 0.004364729393
v 0.003530283459 -0.004995295312 0.004364733119
v 0.003530283924 0.002950001974 0.004364737775
v 0.003568774555 0.007953424938 0.001583095756
v 0.003573267953 -0.007950826548 0.001583097852
v 0.003588645719 0.005893466529 0.001088170218
v 0.003588646185 -0.005893467925 0.001088171965
v 0.003588646417 -0.003349999897 0.001088172197
v 0.003588646417 0.002950000577 0.001088173944
v 0.003598932875 0.002750001149 0.03243455291
v 0.003598933108 -0.002749999054 0.03243454918
v 0.003653888125 0.008108874783 0.0016156208
v 0.003658469301 -0.00810622517 0.001615622896
v 0.003669765079 0.005828706082 -0.0007715690881
v 0.003669944592 -0.00582856033 -0.000770718907
v 0.003688817145 -0.000885838992 0.03297651932
v 0.003688817145 0.0008858390502 0.03297651932
v 0.003719171975 -0.005788350943 0.000479847542
v 0.003719191067 0.005788334645 0.0004797055444
v 0.003739272477 0.008264933713 0.00173128699
v 0.003743941896 -0.008262236603 0.001731290831
v 0.003747165203 -0.005765173119 -0.0001457759645
v 0.003747165902 0.002950002439 -0.0001457715553
v 0.003747165902 0.005765171722 -0.0001457722537
v 0.003747166134 -0.003349998035 -0.0001457733015
v 0.003770902753 -2.317300523e-10 0.03297652677
v 0.003806032008 -0.004755165894 0.005170285236
v 0.003806913737 0.005184679292 0.005172367208
v 0.003904413665 0.005839963444 0.02045194991
v 0.003906064667 -0.005838502198 0.02045193873
v 0.00391112268 0.005839965306 0.01158335712
v 0.003912774846 -0.005838497542 0.01158335898
v 0.003985565621 -0.002749999752 0.03206135705
v 0.003985565621 0.002750000451 0.03206136078
v 0.004098303616 0.008703696541 0.008141295984
v 0.004128070548 0.008160301484 0.001883518184
v 0.004132455215 -0.008157520555 0.001883519697
v 0.004162033089 0.006159910001 0.02071848325
v 0.004163344391 -0.00615784293 0.02071803063
v 0.004170082975 0.002950000344 0.005890334491
v 0.004170083441 -0.004394087009 0.005890342407
v 0.004170083441 -0.0033499985 0.005890340079
v 0.004170083907 0.004824413918 0.005890342873
v 0.004180023447 0.008246797137 0.002083559288
v 0.004184454679 -0.008243990131 0.002083553234
v 0.004221415613 0.008531049825 0.01430907845
v 0.004244072828 0.008229629137 0.0233836174
v 0.004244636744 0.006129137706 0.02338360623
v 0.004245672375 0.005310916342 0.02492811903
v 0.004246515222 0.005310076755 0.01899999753
v 0.004246515688 0.00531007722 0.01949999854
v 0.004246580414 0.005310012959 0.01158360951
v 0.004247930367 -0.006126294378 0.02338360995
v 0.004248468205 -0.005308129359 0.02492654696
v 0.004248495214 -0.008226783015 0.02338361368
v 0.004249283113 -0.005307316314 0.01899999566
v 0.004249283113 -0.005307315849 0.01949999854
v 0.004249359947 -0.005307239015 0.01158361044
v 0.004307359457 0.002075452358 0.03205210343
v 0.004307359923 -0.002075450495 0.03205210716
v 0.004516569432 -0.002750000218 0.02476609498
v 0.004516569432 0.002749999752 0.02476609871
v 0.004516569432 0.005026260391 0.02476610057
v 0.004522387404 -0.003985558171 0.006418430246
v 0.004526045639 -0.003985555377 0.0015838166
v 0.004532097839 0.004403639585 0.00643140683
v 0.004535764921 0.004403640516 0.001583825098
v 0.004537406843 0.008601465262 0.003559134668
v 0.004546771292 -0.008597089909 0.003559584264
v 0.004597504158 0.001055701636 0.03205210716
v 0.004597504623 -0.001055699075 0.03205211088
v 0.004608692601 0.005194276571 0.02045248076
v 0.004610161297 -0.005192614626 0.02045246772
v 0.004695328884 -1.166670932e-10 0.03205209598
v 0.004698401783 0.008094540797 0.02343624644
v 0.004702751525 -0.008091452532 0.02343624644
v 0.004705620464 0.008452341892 0.003029709216
v 0.004713656381 -0.008448344655 0.003030328313
v 0.004746021237 0.002950001508 0.006700000726
v 0.004746022169 -0.003349997569 0.006700005848
v 0.004763259552 -0.002750001615 0.03109040111
v 0.004763260018 0.002750002313 0.03109040484
v 0.004801213276 0.008162152953 0.002542310394
v 0.004807887133 -0.008158642799 0.002543071751
v 0.004812616389 0.007132556755 0.001584033482
v 0.004816646222 -0.007129252888 0.001584036509
v 0.004871337675 -0.003504616208 0.006843725219
v 0.004874586128 0.00393001968 0.00684733456
v 0.004922041204 0.007271961309 0.001616581227
v 0.004926149733 -0.007268595044 0.001616586698
v 0.004931821022 0.008015570231 0.02350611053
v 0.004932382144 0.00842416659 0.005384614691
v 0.00493612932 -0.008012358099 0.02350611798
v 0.004936908372 -0.008420950733 0.005384606309
v 0.004939790815 0.007612583227 0.001884128433
v 0.004943882115 -0.007609366905 0.001884132158
v 0.005000348669 0.007693278138 0.002084174892
v 0.005004483275 -0.00769002689 0.002084179781
v 0.005006580148 0.002346330788 0.03098119237
v 0.005006581079 -0.002346332883 0.03098119795
v 0.005013107788 -0.005847517867 0.02353643812
v 0.005013611633 0.004413913004 0.02440871112
v 0.005014313385 0.005849190522 0.02353823557
v 0.00501583796 -0.004410852212 0.02440691926
v 0.005022882484 0.008367807604 0.008477380499
v 0.005027378909 -0.00836454425 0.008477380499
v 0.005031831563 0.007411911618 0.00173226581
v 0.005036018789 -0.007408487611 0.001732266159
v 0.005132469349 0.008021580055 0.0213119965
v 0.005136780906 -0.008018257096 0.02131200768
v 0.00518369535 0.008210120723 0.01463113911
v 0.005188107025 -0.008206772618 0.01463113166
v 0.005202191882 0.0002151622466 0.007183244918
v 0.005202192347 -0.002947150497 0.007183238864
v 0.005202192347 0.00337747531 0.007183235604
v 0.005202193279 0.0002151619265 0.007183244918
v 0.005215099547 0.005776872393 0.02099821158
v 0.005215981975 -0.005774313584 0.02099753544
v 0.005225166213 0.004464291036 0.02045294642
v 0.005226428155 -0.004462454934 0.02045293525
v 0.005231875461 0.004464292899 0.01158435363
v 0.005233138334 -0.004462454002 0.01158435643
v 0.00533459289 0.001193485688 0.03098119237
v 0.005334593821 -0.001193485688 0.03098119609
v 0.005342845805 0.00785866566 0.02371340618
v 0.005347068887 -0.007855231874 0.0237134099
v 0.005437911954 -0.002750001149 0.02979916334
v 0.005437912419 0.002749998821 0.02979916707
v 0.005441640038 0.003756140126 0.02402460203
v 0.005441665649 0.003756100778 0.01899999939
v 0.005441665649 0.003756101243 0.0195000004
v 0.005441694055 0.003756047226 0.01158451196
v 0.005443241447 -0.003753374331 0.0240230076
v 0.005443622824 -0.003752714954 0.01900000498
v 0.005443622824 -0.003752714721 0.01950000599
v 0.005443660077 -0.003752648365 0.01158450916
v 0.005445186049 -1.532979581e-10 0.0309811905
v 0.005446632858 -0.002435287461 0.00743634114
v 0.005451059435 -0.002435288159 0.001584515092
v 0.005452752113 0.002851230092 0.007443271577
v 0.005457184743 0.002851230092 0.001584523125
v 0.00552177662 -0.002545918804 0.02979634702
v 0.00552177662 0.002545920666 0.02979635261
v 0.005529158283 0.007779081818 0.02385227382
v 0.00553333899 -0.007775549311 0.02385227941
v 0.005549998954 -0.002750003012 0.02391351946
v 0.00554999942 0.002749999519 0.02949558198
v 0.00554999942 0.003562300466 0.02285032347
v 0.005549999885 -0.001798289362 0.03030627593
v 0.005549999885 0.0006250926526 0.03073821962
v 0.005549999885 0.002750000684 0.02391352132
v 0.005549999885 0.003562303493 0.02391352318
v 0.005550000351 -0.003562302794 0.0239135325
v 0.005550000351 -0.003562302096 0.02285033092
v 0.005550000351 -0.0006250923034 0.03073821962
v 0.005550000351 4.482746391e-10 0.03079349548
v 0.005550000351 0.001798290992 0.03030628338
v 0.005550000817 -0.002749997657 0.02949559316
v 0.005661562551 -0.00561118219 0.02397047356
v 0.005665189121 0.005612367764 0.02397715114
v 0.005690998398 0.006984438282 0.001884695725
v 0.005694751162 -0.006980817299 0.001884697704
v 0.005740961526 -0.001596680377 0.007812234573
v 0.005743829533 0.003661853261 0.02045334131
v 0.005744828843 0.002013057237 0.007817835547
v 0.005744863767 -0.003659871407 0.02045333013
v 0.005759519059 0.00705847377 0.002084754407
v 0.005763311405 -0.007054814138 0.00208475301
v 0.005795867182 0.007991697639 0.005724531133
v 0.005800161976 -0.007988020778 0.005724533927
v 0.00584018603 0.00763199525 0.02418023348
v 0.00584428804 -0.007628297433 0.02418024652
v 0.005887078587 0.00794308167 0.003983465955
v 0.005891640205 -0.007939981297 0.003983760253
v 0.005905212834 0.006119047757 0.001584864454
v 0.005908669438 -0.006115126424 0.001584863523
v 0.005910752341 0.007939442992 0.008788974956
v 0.005915019661 -0.007935701869 0.008788981475
v 0.005926891696 -0.0006952155964 0.008108220994
v 0.005928979721 0.001110047917 0.008111890405
v 0.005931826308 -0.0006952165859 0.001584880985
v 0.005933918525 0.001110050129 0.001584882499
v 0.005985597614 0.007555532269 0.02440256812
v 0.005988507532 0.0002045343281 0.008220701478
v 0.005989657715 -0.007551752031 0.02440256812
v 0.005999905523 0.007787458133 0.00345771946
v 0.006004531402 -0.007784106303 0.003457994899
v 0.006024004892 0.007510310505 0.00297194114
v 0.006028502714 -0.007506638765 0.002972236602
v 0.006035991944 0.00623864308 0.001617426402
v 0.006039515603 -0.006234650034 0.0016174271
v 0.006056251004 0.007628771942 0.02160268649
v 0.006060350221 -0.007624952123 0.02160268463
v 0.006094574928 -0.005453266669 0.02461964823
v 0.006094744429 -0.007491961122 0.02461872809
v 0.006096081808 0.007492608856 0.02463181689
v 0.006096995901 0.005455152597 0.02463271841
v 0.006112447474 0.007798905019 0.01491944306
v 0.006116638426 -0.007795057725 0.01491944492
v 0.006122989114 -0.007444421295 0.003003699938
v 0.006156262942 0.002799984301 0.02045364678
v 0.006157055032 -0.002797882305 0.02045364678
v 0.006157285534 0.00745485723 0.0248051472
v 0.006161291618 -0.007450985257 0.0248051472
v 0.006162971724 0.002799982438 0.01158505306
v 0.006163763814 -0.002797884168 0.01158505399
v 0.006167221349 0.006358708721 0.00173312414
v 0.006170812994 -0.006354640238 0.001733126002
v 0.00619317079 0.001945885131 0.02285031974
v 0.00619327696 0.001945487456 0.01949999295
v 0.006193278357 0.001945489901 0.01900000498
v 0.006193283945 0.00194546557 0.01158508006
v 0.006194194779 -0.001942072064 0.02285032347
v 0.006194291171 -0.001941711991 0.01900000125
v 0.006194291171 -0.001941711525 0.01950000226
v 0.006194301881 -0.001941671129 0.01158507634
v 0.006218710914 0.0074121207 0.02507426403
v 0.006222693715 -0.007408218924 0.02507426403
v 0.006239563692 0.007043854333 0.02944665961
v 0.006239578594 0.006572413258 0.02991275303
v 0.006239579525 0.006204200909 0.03004319593
v 0.006239591166 0.006101377774 0.03006229177
v 0.006239652168 0.006845092401 0.02971845679
v 0.00623973459 0.005797730759 0.03008511662
v 0.006240033079 0.007167846896 0.02910057269
v 0.006240298506 0.007220815402 0.02875084616
v 0.006240479648 0.002733357716 0.03008511476
v 0.006240568124 0.0030441368 0.0298579894
v 0.006240596995 0.003322600387 0.02972090244
v 0.006240781397 0.004954622593 0.02889803983
v 0.006240842398 0.005138473585 0.02875196375
v 0.006240989547 0.005306916777 0.02849765867
v 0.006241191644 0.005391361192 0.02819983102
v 0.006241314113 0.005401730072 0.0280442033
v 0.006241947878 -0.002729441505 0.03008511662
v 0.006242144387 -0.002958693542 0.02990702912
v 0.00624238234 -0.003318685107 0.02972090989
v 0.006242785603 0.007386169862 0.02538512275
v 0.006242848933 -0.00407156162 0.02937156521
v 0.006242849398 -0.00579381641 0.03008511476
v 0.006242917851 -0.006213311572 0.03004029952
v 0.006243014243 -0.006409468129 0.02998276055
v 0.006243227981 -0.006727135275 0.0298143588
v 0.006243254524 -0.006759593263 0.0297896415
v 0.006243269425 -0.007039965596 0.02944667079
v 0.006243318319 0.005401733797 0.02538511902
v 0.006243499927 -0.006984381471 0.02954606339
v 0.006243763957 -0.005397816654 0.02863348462
v 0.006243873853 -0.00716046663 0.02911419794
v 0.00624416396 -0.007216914091 0.02875084989
v 0.006246220786 -0.005397817586 0.02538511716
v 0.0062467549 -0.007382250391 0.02538512833
v 0.006268642843 0.006116719451 0.03005503118
v 0.006271922961 -0.006112789735 0.03005502932
v 0.006351639982 0.005670381244 0.03008520417
v 0.006354688667 -0.005666401703 0.03008520789
v 0.006362449378 -0.002395021496 0.03008520789
v 0.006373753771 0.006282492075 0.001885212259
v 0.00637712935 -0.006278506946 0.001885215985
v 0.006409752183 0.005342302378 0.02140998282
v 0.006410049275 -0.005339235999 0.02140899561
v 0.006432147231 0.006283736788 0.02996453643
v 0.006435516756 -0.006279721856 0.0299645327
v 0.00644951174 0.00634908583 0.002085275482
v 0.006449998822 1.961065664e-06 0.01899999566
v 0.006449999288 1.953584615e-06 0.01899999566
v 0.006449999288 1.954055051e-06 0.01949999854
v 0.006450000219 1.965753881e-06 0.01158527751
v 0.006450000219 1.976429075e-06 0.02285032719
v 0.006452922709 -0.006345058326 0.002085271059
v 0.006453906652 0.002101570135 0.03008527681
v 0.006455774419 0.001892669941 0.0204538703
v 0.006456310395 -0.0018904889 0.02045387775
v 0.006457511336 0.005537953693 0.03008528054
v 0.006460486911 -0.005533923395 0.03008528054
v 0.006566843484 -0.00166220672 0.03008537181
v 0.006570004858 0.007484066766 0.004173067398
v 0.006574342959 -0.007480385713 0.004172774032
v 0.006574620493 0.00642926665 0.02981854416
v 0.006578066852 -0.006425176747 0.02981853299
v 0.006583031733 -0.002468598075 0.02972117253
v 0.006607781164 -0.007012491114 0.02862526849
v 0.006609985139 0.007458700333 0.006045390852
v 0.006613994017 -0.007454584353 0.006045392714
v 0.006628334057 0.001361055649 0.03008541837
v 0.006637503859 0.0009546455112 0.02045400813
v 0.006637773477 -0.0009524101624 0.02045400999
v 0.006644214038 0.0009546501096 0.01158542931
v 0.006644482724 -0.0009524084162 0.01158541627
v 0.006677297875 0.002166133141 0.02972123586
v 0.006687422749 0.006544548552 0.02962662093
v 0.006690931041 -0.006540394854 0.02962661721
v 0.006696556695 -0.0009125637589 0.03008547053
v 0.006698500365 1.127697146e-06 0.02045405842
v 0.006727458443 0.0006067583454 0.0300854966
v 0.006734939292 -0.006737124175 0.0292864833
v 0.006749887951 0.007411286701 0.009071536362
v 0.006750274915 -0.0001536841301 0.03008550406
v 0.006753870286 -0.007407099009 0.009071537293
v 0.006765996572 0.005773015786 0.03000726737
v 0.006769099273 -0.005768815987 0.03000727296
v 0.006793703418 -0.001713274745 0.02972132713
v 0.006817052141 0.004940269981 0.001585549559
v 0.006819842849 -0.004935832229 0.001585553866
v 0.006857082713 0.001402866095 0.02972137369
v 0.006904170383 0.005878269672 0.0299131535
v 0.006905946881 0.007354532368 0.01206347346
v 0.006907328498 -0.005873995367 0.02991315722
v 0.006909898948 -0.007350261323 0.01206347346
v 0.006927400362 -0.0009406045428 0.02972142398
v 0.006933947094 0.007138612214 0.02185234986
v 0.00693778228 -0.007134324405 0.02185234427
v 0.006945356727 0.004831274971 0.03008565493
v 0.006947951857 -0.004826980643 0.03008565493
v 0.006959252525 0.0006253979518 0.02972145565
v 0.006965653505 0.005036827177 0.00161812827
v 0.00696849823 -0.005032307003 0.001618132344
v 0.006980844773 0.005514167715 0.00188567501
v 0.006982771214 -0.0001584038109 0.02972146869
v 0.00698380731 -0.005509853363 0.001885671867
v 0.006988116074 0.006770022679 0.003269087058
v 0.006991982926 -0.006765948143 0.003269052366
v 0.006994696334 0.007288991474 0.01516694576
v 0.006998612545 -0.007284671534 0.01516694296
v 0.006998834666 0.007216292899 0.0184300486
v 0.007026320789 0.005971290171 0.02978495695
v 0.007029528264 -0.005966952071 0.02978495136
v 0.007063036785 0.005572615191 0.002085734857
v 0.007066030521 -0.005568261724 0.002085735323
v 0.007105190307 0.005892475601 0.02976928093
v 0.007108355872 -0.005888094194 0.02976928279
v 0.007114775013 0.005133762024 0.001733839046
v 0.007117674686 -0.005129156169 0.001733844401
v 0.007135293912 0.006632145494 0.003308068495
v 0.007140595 -0.00662703719 0.003308217041
v 0.007151940372 0.006659159902 0.02846102975
v 0.007155518513 -0.00665475335 0.02846103907
v 0.007159947883 0.006992868148 0.004316664301
v 0.007167080883 -0.006986867171 0.004316531587
v 0.00719818892 0.006861137692 0.003793733893
v 0.007204404101 -0.006855502259 0.003793755779
v 0.007220776752 0.006373714656 0.02917582355
v 0.007224200293 -0.006369272713 0.0291758161
v 0.007261763327 0.005649029277 0.02978513949
v 0.00726479711 -0.005644564051 0.02978512831
v 0.007274523843 0.005657951348 0.02976940386
v 0.007274548057 0.005036336835 0.03000764735
v 0.007277254015 -0.005031869281 0.03000765108
v 0.00727756368 -0.005653479602 0.02976940572
v 0.007363433484 0.00681809755 0.006344334688
v 0.007367097307 -0.006813578308 0.006344342604
v 0.007372622378 -0.004986795131 0.02793459408
v 0.007395456545 -0.004978483077 0.02791909315
v 0.007442513946 0.004965119995 0.02722753771
v 0.007480621804 0.004952741321 0.02184885554
v 0.007483283523 -0.004948161542 0.02184886485
v 0.007485087495 0.006407227367 0.02837102115
v 0.007485388312 0.004948349204 0.02723105438
v 0.007505855523 0.004687581211 0.001886068378
v 0.007508374285 -0.004682984669 0.001886075013
v 0.007523507811 0.003628062317 0.001586081926
v 0.007525557186 -0.003623225959 0.001586088445
v 0.007528262213 0.006776020862 0.00932053756
v 0.00753190415 -0.006771411747 0.009320546873
v 0.007593613118 0.004737269133 0.002086135792
v 0.007596157957 -0.004732625093 0.002086137887
v 0.007605010178 -0.00490295561 0.0249834545
v 0.007612908725 0.003541589482 0.03008616716
v 0.00761481002 -0.003536933335 0.03008616157
v 0.007626807783 0.004898815416 0.02463764511
v 0.007646948565 -0.004886547104 0.02498684451
v 0.007655959111 0.004748955369 0.02763029374
v 0.007670568768 0.004881667439 0.02464116924
v 0.007685916498 0.003698968794 0.001618673909
v 0.00768800592 -0.003694043495 0.001618674723
v 0.007695799693 0.006025641691 0.003435267601
v 0.007699558977 -0.00602132827 0.003435332561
v 0.007711038925 -0.004800863564 0.02765188925
v 0.007712822407 0.006727347616 0.01227737684
v 0.00771341566 0.004565432202 0.02780154906
v 0.007716437336 -0.006722640246 0.01227737777
v 0.007727102842 0.005347683094 0.02956359088
v 0.007729765493 -0.005342631601 0.02956438251
v 0.007730368059 0.004346117377 0.0279348623
v 0.007752534468 0.006541782524 0.0220545046
v 0.007752861828 0.004724552855 0.02752028219
v 0.007756049745 -0.006537054665 0.02205451392
v 0.007774868049 0.004762256984 0.0272566285
v 0.00779376179 0.004800164141 0.02978553437
v 0.007796339225 -0.004795416724 0.02978553064
v 0.00780736329 0.004807746969 0.02976980992
v 0.007808222901 0.004833553918 0.02204751782
v 0.007809946779 -0.004802989773 0.02976981923
v 0.007810818497 -0.004828792531 0.02204750665
v 0.007817463949 0.006671978626 0.01536657102
v 0.00782104861 -0.006667216308 0.01536656823
v 0.007823512889 0.006610040087 0.01862991229
v 0.007844701409 -0.004113680217 0.02793495171
v 0.007848899812 0.003770158626 0.001734395977
v 0.007851028815 -0.003765139729 0.001734393998
v 0.007887736894 0.004197555594 0.02184917592
v 0.007889990695 -0.004192751367 0.02184917592
v 0.007905791514 0.006044285372 0.02826103196
v 0.007907934487 -0.006038798951 0.02826174907
v 0.007914653048 0.005779970437 0.02897063456
v 0.007914723828 0.004439849406 0.02763424814
v 0.007917125709 -0.005774678197 0.02897142991
v 0.007938074879 -0.004560467321 0.02737057023
v 0.007941710763 -0.004695722833 0.02501254901
v 0.007943239063 0.003811465343 0.001886403654
v 0.00794528611 -0.003806636436 0.001886403188
v 0.007965144701 0.004690327216 0.02466681227
v 0.007970434614 0.003691909602 0.0300081782
v 0.007971420884 -0.004750664812 0.0221977476
v 0.007972418331 -0.003687064396 0.03000818193
v 0.007990702987 0.004478392657 0.02727944776
v 0.007993107662 -0.004473534413 0.02727943286
v 0.008005498908 0.002217865316 0.001586448518
v 0.008006750606 -0.002212757478 0.001586449449
v 0.008031521924 -0.004202403594 0.02763432823
v 0.008035632782 0.003851864487 0.002086471301
v 0.00803770218 -0.003846987383 0.002086474327
v 0.008045163006 0.006065101363 0.006618354935
v 0.008048421703 -0.006060217042 0.006618354935
v 0.008067673072 0.002162417164 0.0300865043
v 0.008068834431 -0.0021575219 0.03008650616
v 0.008078292944 0.005525434855 0.003507656045
v 0.008082170039 -0.005520204082 0.003507892601
v 0.008084010333 0.004670717288 0.02232970297
v 0.008106885478 0.004303485621 0.02207214199
v 0.008108514361 -0.004238883033 0.02727952413
v 0.008109197021 -0.004298565909 0.0220721364
v 0.008155073039 0.003384732176 0.0279351864
v 0.008159046993 -0.004403705243 0.02503535897
v 0.008177327923 0.002261210931 0.001619047718
v 0.008178604767 -0.002256009495 0.001619048067
v 0.008182018995 0.004398014862 0.02468954772
v 0.008184887469 -0.00456585316 0.0224665869
v 0.008210242726 0.005691964179 0.003997935914
v 0.008214552887 -0.005686698016 0.003998093773
v 0.008228535764 0.005781760905 0.004524278454
v 0.008233210072 -0.005776474718 0.004524383228
v 0.00823409576 0.006028642878 0.009532042779
v 0.008236795664 0.003901657183 0.02978586406
v 0.0082373349 -0.006023654249 0.009532052092
v 0.008238892071 -0.003896667156 0.02978587523
v 0.008250007406 0.0007477695472 0.001586636994
v 0.008250427432 -0.0007425244548 0.001586638042
v 0.008251097985 0.003907823004 0.02977015451
v 0.008253196254 -0.003902827157 0.02977014333
v 0.008262895979 0.004378964659 0.02241213433
v 0.008265247568 -0.004373960663 0.0224121362
v 0.008271742612 0.004443839192 0.02262221463
v 0.008279507048 -0.003034746973 0.02793527395
v 0.008284217678 0.004725861363 0.02938872017
v 0.008286966942 -0.004720738158 0.02938853763
v 0.008288375102 0.002895080019 0.00188666163
v 0.008289929479 -0.002890063683 0.001886662561
v 0.008298163302 0.0007286154432 0.03008667566
v 0.008298553526 -0.0007235959638 0.03008668125
v 0.00832375139 0.004338559695 0.02274011262
v 0.008326083422 -0.004333524499 0.02274012566
v 0.0083485879 0.003457728075 0.02763457596
v 0.008349768817 0.002304729307 0.001734772348
v 0.008351069875 -0.002299427288 0.001734777004
v 0.008384427056 0.002925767563 0.002086736728
v 0.008385998197 -0.002920698607 0.002086735796
v 0.00839223247 -0.002673657844 0.02793536894
v 0.00839539431 0.002662884537 0.02793537453
v 0.008417126723 0.002852699952 0.02184957266
v 0.008418658748 -0.002847614698 0.02184957638
v 0.008426615037 0.0007623826968 0.001619232004
v 0.008427044377 -0.0007570373709 0.001619230141
v 0.008428332396 0.003487742739 0.02727977186
v 0.008444503881 0.002254202263 0.03000854142
v 0.008445713669 -0.002249102807 0.03000854142
v 0.008447100408 0.005987749435 0.01244407706
v 0.008450318128 -0.005982648116 0.0124440873
v 0.00849915389 0.00583150005 0.0222041849
v 0.008502285928 -0.005826368462 0.02220417932
v 0.008531073108 0.00510667637 0.0287959855
v 0.00853414461 -0.005101410206 0.02879583649
v 0.008537614718 0.001948104007 0.001886855462
v 0.008538660593 -0.001942952978 0.001886851853
v 0.008567925543 0.005941891111 0.01551284268
v 0.008571118116 -0.005936722271 0.0155128492
v 0.008571218699 0.005345175974 0.02808995731
v 0.008574496023 -0.005339830648 0.02808977664
v 0.008576188236 0.005890166387 0.01877444051
v 0.008579352871 -0.005884993356 0.01877444051
v 0.008580503054 0.003054598114 0.02727988735
v 0.008581724018 0.001904385979 0.02793550305
v 0.008586283773 0.002962802071 0.02978614345
v 0.008587875403 -0.002957624383 0.02978613973
v 0.008590861224 -0.002731323242 0.02763475478
v 0.008601137437 0.002967483131 0.02977040969
v 0.00860273093 -0.002962299157 0.02977041714
v 0.008603853174 0.000777052308 0.001734965597
v 0.008604290895 -0.000771608029 0.001734967809
v 0.008636309765 0.001968753291 0.00208693021
v 0.008637365885 -0.001963550691 0.002086922759
v 0.008645814843 0.005210324191 0.006863202434
v 0.008648613468 -0.005205117166 0.006863201037
v 0.008649636991 0.002924692817 0.02207255363
v 0.00865120627 -0.002919482766 0.0220725406
v 0.008672709577 -0.002755030524 0.02727996185
v 0.008684776723 0.0007595411735 0.03000871837
v 0.008685184643 -0.000754308945 0.03000872396
v 0.008688326925 0.0009805476293 0.00188696757
v 0.008688852191 -0.0009753170889 0.001886967686
v 0.008701858111 -0.001164491056 0.02793560363
v 0.008738916367 2.627414233e-06 0.001887001912
v 0.008739745244 0.001443871297 0.02184981853
v 0.008740519173 -0.001438610721 0.02184980735
v 0.00874200929 0.0007688060286 0.02793563344
v 0.008765571751 0.0003747957526 0.02793565206
v 0.008771492168 0.004039102234 0.02924026921
v 0.008774297312 -0.004034501035 0.02923851088
v 0.008784441277 0.001945457305 0.02763490938
v 0.008788617328 0.0009909374639 0.002087038709
v 0.008789149113 -0.0009856547695 0.00208703801
v 0.008815165609 0.002975986106 0.0224125497
v 0.00881676469 -0.002970685484 0.02241255529
v 0.008823139593 0.004261401016 0.003623587079
v 0.008826056495 -0.004255922977 0.003623803379
v 0.008838609792 0.001993304351 0.02978632599
v 0.008839679882 -0.001987994416 0.02978632972
v 0.008839746006 2.657801133e-06 0.002087082248
v 0.00884835422 2.6577477e-06 0.02184989676
v 0.008850882761 0.002987113781 0.02274051309
v 0.00885248743 -0.002981795231 0.0227405224
v 0.008853862993 0.001996455947 0.02977060899
v 0.008854934014 -0.00199113437 0.02977060527
v 0.008857267909 0.00517966412 0.00970615074
v 0.008860051632 -0.005174341146 0.009706159122
v 0.008867969736 0.001962344628 0.02728011087
v 0.008907164447 -0.001189607778 0.02763499878
v 0.008972252719 0.0003828748304 0.02763504907
v 0.008980397135 0.001480307663 0.02207280137
v 0.008981191553 -0.00147491775 0.02207280323
v 0.008989434689 0.004387996159 0.0041240477
v 0.008991166018 0.001003195066 0.02978644334
v 0.008991703391 -0.0009978028247 0.02978643589
v 0.00899175927 -0.001199931023 0.027280204
v 0.008992771618 -0.004382377956 0.004124211147
v 0.0090066595 0.001004780293 0.02977072075
v 0.009007197805 -0.0009993768763 0.02977071702
v 0.009010555223 0.001035096706 0.02728021704
v 0.009027800523 0.004454047885 0.004660928156
v 0.009031533264 -0.004448372871 0.004661048763
v 0.009042373858 2.711023399e-06 0.02978648059
v 0.009057410993 0.0003861997684 0.02728025429
v 0.009057947434 2.713864887e-06 0.02977075242
v 0.009064968675 0.004368534312 0.02864764258
v 0.009068905376 -0.00436405465 0.02864592522
v 0.009091746993 2.725116019e-06 0.0220728796
v 0.009097619914 0.00514618028 0.01256690733
v 0.009100384079 -0.005140727386 0.01256690547
v 0.009142943658 0.004579343833 0.02794390917
v 0.009147981182 -0.004575184081 0.02794232219
v 0.009151727892 0.001506271539 0.02241281047
v 0.009152535349 -0.00150078861 0.02241280675
v 0.009156728163 0.004270700738 0.007074153051
v 0.009159022942 -0.004265216645 0.007074156776
v 0.009162026457 0.0050179502 0.02230623737
v 0.009164722636 -0.005012463313 0.02230623923
v 0.009185429662 0.003298758529 0.02911291458
v 0.009187010117 -0.003294268623 0.0291124694
v 0.009188701399 0.001511899289 0.02274076641
v 0.009189513512 -0.001506401342 0.02274077386
v 0.009234261699 0.005109096412 0.01561081782
v 0.009237007238 -0.005103569478 0.01561081596
v 0.009244892746 0.005066954065 0.01886908896
v 0.009246729314 0.001059632166 0.02274081856
v 0.009247297421 -0.001054101391 0.02274081111
v 0.009247615002 -0.005061422009 0.01886909455
v 0.009265030734 2.772746484e-06 0.02241289243
v 0.009302428924 2.779261649e-06 0.02274085209
v 0.009369106963 0.002897131955 0.003707969328
v 0.009371013381 -0.002891521435 0.003708079923
v 0.009388344362 0.004246002063 0.009844630957
v 0.009390625171 -0.004240394104 0.009844634682
v 0.009517153725 0.003575163428 0.02852034569
v 0.009519075975 -0.003570792731 0.02851992846
v 0.0095203612 -0.002510386985 0.02900858968
v 0.009520684369 0.002515389118 0.02900578454
v 0.009556523524 0.002992153633 0.004221401177
v 0.009558722377 -0.002986409003 0.004221482668
v 0.009569244459 0.003263195744 0.007246461231
v 0.009570997208 -0.00325748953 0.007246459369
v 0.009572387673 0.002164805774 0.003747013398
v 0.009573733434 -0.00215913495 0.003747076029
v 0.009602093138 0.003043558681 0.004771967884
v 0.009604556486 -0.003037755378 0.004772003274
v 0.009626331739 0.003755822545 0.02781833895
v 0.009628563188 -0.003751760116 0.02781798691
v 0.009653747082 0.00421960745 0.01265246794
v 0.009656013921 -0.004213855602 0.01265247725
v 0.009710888378 0.001468127361 0.003776568687
v 0.009711753577 -0.001462394837 0.003776605474
v 0.009729826823 0.004118323792 0.0223696325
v 0.009732040577 -0.004112533294 0.02236964367
v 0.009768985212 -0.001693098573 0.02892640792
v 0.009769714437 0.001698596636 0.02892334759
v 0.009805068374 0.004190688021 0.01566987485
v 0.009807320312 -0.004184856545 0.01566987857
v 0.009817890823 0.003244579537 0.009949254803
v 0.009818041697 0.004157602787 0.01892393455
v 0.009819634259 -0.003238743171 0.009949258529
v 0.009820275009 -0.00415176712 0.01892393827
v 0.009829720482 2.924036153e-06 0.003804768668
v 0.009874705225 0.002204770222 0.007375397719
v 0.009875888936 -0.00219890126 0.007375404239
v 0.009882314131 -0.002729823347 0.02841603383
v 0.009884139523 0.00273497426 0.02841327526
v 0.009890915826 -0.001089772559 0.02888376638
v 0.009891234338 0.001095718937 0.02888200618
v 0.009915033355 0.001524455263 0.004301237874
v 0.009915976785 -0.001518632169 0.004301261157
v 0.009924675338 -0.0008521228447 0.02887160704
v 0.009924849495 0.0008579382556 0.02887038328
v 0.009966592304 0.001557252253 0.004863586742
v 0.009967598133 -0.001551418914 0.004863596056
v 0.009978421032 2.963365887e-06 0.02885168232
v 0.01001641899 -0.00287644635 0.02771539427
v 0.01001983695 0.002881712979 0.02771278098
v 0.01002862956 0.001118230517 0.004881368484
v 0.01004050579 2.979908231e-06 0.004334168509
v 0.01006445102 0.001112384838 0.007456234191
v 0.010065048 -0.001106411917 0.007456242107
v 0.01007815171 2.987463858e-06 0.006430070382
v 0.01009451225 2.992125019e-06 0.004901425913
v 0.01010485739 0.003225029213 0.0127074467
v 0.01010658965 -0.003219034988 0.01270745322
v 0.01012982335 3.003766096e-06 0.007484239526
v 0.01013647486 0.002192332642 0.010021789
v 0.01013765112 -0.00218632468 0.01002178341
v 0.01015492156 -0.001849140972 0.0283338353
v 0.01015732251 0.001854958828 0.02833087742
v 0.0101912301 0.003149827477 0.02240333706
v 0.01019292232 -0.003143789014 0.02240334265
v 0.01026738994 3.039088369e-06 0.008956221864
v 0.01026894338 0.003203779226 0.01569943503
v 0.01027066447 -0.003197702346 0.01569943689
v 0.01027473621 -0.002086705994 0.0276442524
v 0.01028405409 0.003179336898 0.01894906163
v 0.01028576121 -0.003173247911 0.01894906163
v 0.01030956488 -0.001955745276 0.02763443068
v 0.01031368133 0.001961789792 0.02763160691
v 0.01032694802 -0.0009358839015 0.0282790307
v 0.01032780111 0.0009420245187 0.02827791125
v 0.01033466216 0.001106189797 0.01006401796
v 0.01033525448 -0.001100073219 0.01006400771
v 0.01038666908 3.072334948e-06 0.02825911716
v 0.01044032071 0.002179433592 0.01273846999
v 0.01044149138 -0.002173258923 0.01273848116
v 0.01049611904 -0.0009944626363 0.02758060209
v 0.0104976166 0.001000708551 0.02757948078
v 0.01053490955 0.002129667904 0.02241632156
v 0.01053605229 -0.002123445505 0.0224163197
v 0.01056138892 3.120909469e-06 0.0275610704
v 0.01061448455 0.002165490994 0.01570890099
v 0.01061564684 -0.002159222728 0.01570890285
v 0.01063134428 0.002149371896 0.0189545285
v 0.01063249726 -0.00214309548 0.01895452663
v 0.01064951066 0.001099812915 0.01275220979
v 0.01065010019 -0.001093528816 0.01275221165
v 0.010656856 3.143692993e-06 0.01213895343
v 0.01074953936 0.001075055567 0.02241753787
v 0.01075011492 -0.001068713027 0.02241753042
v 0.01083028782 0.001092927065 0.01570768096
v 0.01083087362 -0.00108654832 0.01570767909
v 0.0108483294 0.001084925258 0.01895042509
v 0.01084891055 -0.001078531845 0.01895042695
v 0.01089556143 3.208740736e-06 0.02029365674
v 0.01090945117 3.21208654e-06 0.01586240344
f 744 697 650
f 744 816 697
f 744 877 816
f 744 818 877
f 744 699 818
f 744 650 699
f 696 649 697
f 697 649 650
f 815 696 816
f 816 696 697
f 876 815 877
f 877 815 816
f 817 876 818
f 818 876 877
f 698 817 699
f 699 817 818
f 649 698 650
f 650 698 699
f 972 978 876
f 671 838 698
f 698 838 817
f 570 604 698
f 698 604 653
f 698 653 671
f 978 971 876
f 876 971 950
f 876 950 815
f 815 950 914
f 815 914 874
f 570 698 543
f 543 698 649
f 543 649 533
f 652 605 696
f 696 605 569
f 696 569 649
f 649 569 542
f 649 542 533
f 874 819 815
f 815 819 742
f 815 742 696
f 696 742 695
f 696 695 652
f 838 875 817
f 817 875 915
f 817 915 876
f 876 915 949
f 876 949 972
f 896 900 936
f 936 900 901
f 886 888 925
f 925 888 895
f 875 838 871
f 648 651 671
f 651 648 627
f 627 648 599
f 627 599 624
f 620 622 585
f 585 622 623
f 585 623 624
f 620 585 582
f 582 585 548
f 582 548 539
f 539 548 520
f 539 520 517
f 517 520 514
f 517 514 513
f 513 514 521
f 513 521 516
f 516 521 547
f 516 547 541
f 541 547 584
f 541 584 581
f 581 584 633
f 581 633 631
f 631 633 690
f 631 690 688
f 688 690 740
f 688 740 730
f 730 740 829
f 730 829 830
f 830 829 889
f 830 889 890
f 890 889 935
f 890 935 939
f 939 935 970
f 939 970 976
f 976 970 990
f 976 990 994
f 994 990 997
f 994 997 998
f 998 997 991
f 998 991 993
f 993 991 969
f 993 969 974
f 974 969 936
f 974 936 940
f 940 936 901
f 940 901 902
f 624 599 585
f 585 599 560
f 585 560 548
f 548 560 531
f 548 531 520
f 520 531 522
f 520 522 514
f 514 522 530
f 514 530 521
f 521 530 561
f 521 561 547
f 547 561 600
f 547 600 584
f 584 600 647
f 584 647 633
f 633 647 694
f 633 694 690
f 690 694 734
f 690 734 740
f 740 734 828
f 740 828 829
f 829 828 887
f 829 887 889
f 889 887 926
f 889 926 935
f 935 926 964
f 935 964 970
f 970 964 981
f 970 981 990
f 990 981 988
f 990 988 997
f 997 988 982
f 997 982 991
f 991 982 965
f 991 965 969
f 969 965 925
f 969 925 936
f 936 925 895
f 936 895 896
f 671 653 648
f 648 653 604
f 648 604 599
f 599 604 570
f 599 570 560
f 560 570 543
f 560 543 531
f 531 543 533
f 531 533 522
f 522 533 542
f 522 542 530
f 530 542 569
f 530 569 561
f 561 569 605
f 561 605 600
f 600 605 652
f 600 652 647
f 647 652 695
f 647 695 694
f 694 695 742
f 694 742 734
f 734 742 819
f 734 819 828
f 828 819 874
f 828 874 887
f 887 874 914
f 887 914 926
f 926 914 950
f 926 950 964
f 964 950 971
f 964 971 981
f 981 971 978
f 981 978 988
f 988 978 972
f 988 972 982
f 982 972 949
f 982 949 965
f 965 949 915
f 965 915 925
f 925 915 875
f 925 875 886
f 886 875 871
f 886 871 888
f 619 620 538
f 538 620 582
f 619 538 629
f 629 538 632
f 629 632 689
f 689 632 731
f 689 731 733
f 733 731 833
f 833 731 892
f 833 892 893
f 940 902 903
f 893 892 903
f 903 892 973
f 903 973 940
f 999 975 994
f 891 939 975
f 975 939 976
f 975 976 994
f 743 830 891
f 891 830 890
f 891 890 939
f 540 581 630
f 630 581 631
f 630 631 725
f 725 631 688
f 725 688 743
f 743 688 730
f 743 730 830
f 512 516 540
f 540 516 541
f 540 541 581
f 582 539 538
f 538 539 517
f 538 517 512
f 512 517 513
f 512 513 516
f 994 998 999
f 999 998 993
f 999 993 973
f 973 993 974
f 973 974 940
f 632 718 731
f 731 718 763
f 731 763 892
f 763 846 892
f 892 846 954
f 892 954 973
f 973 954 1005
f 973 1005 999
f 999 1005 1006
f 999 1006 975
f 975 1006 957
f 975 957 891
f 891 957 847
f 891 847 743
f 743 847 719
f 743 719 725
f 725 719 630
f 630 719 616
f 630 616 540
f 540 616 524
f 540 524 512
f 512 524 503
f 512 503 538
f 538 503 527
f 538 527 632
f 632 527 615
f 632 615 718
f 903 917 893
f 893 917 845
f 893 845 833
f 833 845 812
f 833 812 733
f 733 812 716
f 733 716 689
f 689 716 667
f 689 667 629
f 629 667 613
f 629 613 619
f 619 613 602
f 617 673 603
f 504 509 555
f 603 564 617
f 617 564 525
f 617 525 555
f 555 525 510
f 555 510 504
f 510 525 527
f 917 954 845
f 845 954 846
f 845 846 812
f 812 846 763
f 812 763 716
f 716 763 718
f 716 718 667
f 667 718 615
f 564 603 602
f 525 564 527
f 527 564 602
f 527 602 615
f 615 602 613
f 615 613 667
f 526 508 509
f 510 527 504
f 504 527 503
f 504 503 509
f 509 503 524
f 509 524 526
f 616 583 524
f 524 583 559
f 524 559 526
f 764 717 719
f 719 717 666
f 719 666 616
f 616 666 614
f 616 614 583
f 984 956 957
f 957 956 910
f 957 910 847
f 847 910 848
f 847 848 719
f 719 848 835
f 719 835 764
f 984 957 1007
f 1007 957 1006
f 1007 1006 1013
f 1013 1006 1005
f 1013 1005 1004
f 1004 1005 983
f 983 1005 954
f 983 954 955
f 955 954 917
f 955 917 916
f 1104 1119 1034
f 1034 1119 1132
f 1132 1137 1034
f 1034 1137 1127
f 1034 1127 1107
f 1107 1078 1034
f 1034 1078 1061
f 1034 1061 1035
f 956 984 1035
f 956 1035 910
f 910 1035 1001
f 910 1001 848
f 984 1007 1035
f 1035 1007 1013
f 1035 1013 1034
f 1034 1013 1004
f 1004 983 1034
f 1034 983 955
f 1034 955 916
f 583 614 586
f 586 614 666
f 586 666 687
f 687 666 717
f 687 717 748
f 748 717 764
f 748 764 834
f 834 764 835
f 834 835 852
f 852 835 848
f 852 848 941
f 941 848 1001
f 474 508 526
f 460 446 448
f 474 526 448
f 448 526 559
f 448 559 460
f 586 537 583
f 583 537 493
f 583 493 559
f 559 493 462
f 559 462 460
f 1731 1741 1724
f 1301 1196 1190
f 1299 1453 1434
f 1552 1489 1453
f 1453 1489 1447
f 1453 1447 1434
f 1724 1712 1731
f 1731 1712 1704
f 1731 1704 1700
f 1700 1704 1692
f 1700 1692 1654
f 1654 1692 1637
f 1654 1637 1552
f 1552 1637 1540
f 1552 1540 1489
f 1074 1190 1092
f 1092 1190 1196
f 1092 1196 1111
f 1074 1181 1190
f 1190 1181 1299
f 1190 1299 1301
f 1301 1299 1434
f 1181 1286 1299
f 1299 1286 1390
f 1299 1390 1453
f 1453 1390 1451
f 1453 1451 1552
f 1552 1451 1554
f 1552 1554 1654
f 1654 1554 1662
f 1654 1662 1700
f 1700 1662 1706
f 1700 1706 1731
f 1745 1741 1740
f 1740 1741 1731
f 1740 1731 1735
f 1735 1731 1706
f 1102 1112 1197
f 1732 1713 1741
f 1741 1713 1724
f 1553 1454 1448
f 1448 1490 1553
f 1553 1490 1541
f 1553 1541 1658
f 1658 1541 1638
f 1658 1638 1701
f 1701 1638 1693
f 1701 1693 1732
f 1732 1693 1705
f 1732 1705 1713
f 1300 1313 1454
f 1454 1313 1435
f 1454 1435 1448
f 1095 1102 1191
f 1191 1102 1197
f 1191 1197 1300
f 1300 1197 1302
f 1300 1302 1313
f 1741 1745 1732
f 1732 1745 1736
f 1732 1736 1701
f 1701 1736 1707
f 1701 1707 1658
f 1658 1707 1663
f 1658 1663 1553
f 1553 1663 1555
f 1553 1555 1454
f 1454 1555 1452
f 1454 1452 1300
f 1075 1095 1182
f 1182 1095 1191
f 1182 1191 1287
f 1287 1191 1300
f 1287 1300 1391
f 1391 1300 1452
f 297 337 429
f 337 336 429
f 429 336 372
f 429 372 430
f 151 215 429
f 429 215 258
f 429 258 297
f 372 414 430
f 430 414 440
f 430 440 445
f 445 440 457
f 457 440 446
f 457 446 460
f 339 338 261
f 261 338 244
f 261 244 148
f 336 337 245
f 245 337 260
f 245 260 128
f 128 260 147
f 128 147 68
f 68 147 118
f 68 118 53
f 53 118 119
f 53 119 64
f 64 119 148
f 64 148 125
f 125 148 244
f 115 116 117
f 117 116 137
f 117 137 136
f 1132 1119 1122
f 1132 1122 1137
f 1137 1122 1136
f 1137 1136 1127
f 1127 1136 1110
f 1127 1110 1107
f 1107 1110 1078
f 1078 1110 1062
f 1078 1062 1061
f 1061 1062 1035
f 1035 1062 1003
f 1035 1003 1001
f 1001 1003 941
f 941 1003 851
f 941 851 852
f 852 851 834
f 834 851 685
f 834 685 748
f 536 586 685
f 685 586 687
f 685 687 748
f 464 493 536
f 536 493 537
f 536 537 586
f 429 430 464
f 464 430 445
f 464 445 457
f 457 460 464
f 464 460 462
f 464 462 493
f 735 685 851
f 735 851 858
f 851 1003 858
f 858 1003 1062
f 858 1062 933
f 933 1062 1110
f 933 1110 961
f 685 735 536
f 536 735 664
f 536 664 464
f 464 664 595
f 464 595 429
f 429 595 565
f 429 565 151
f 151 565 590
f 151 590 150
f 1153 1192 857
f 1110 1136 961
f 961 1136 1122
f 961 1122 930
f 930 1122 1091
f 930 1091 857
f 857 1091 1116
f 857 1116 1153
f 590 658 150
f 150 658 737
f 150 737 1192
f 1192 737 759
f 1192 759 857
f 1196 1157 1111
f 1377 1280 1301
f 1301 1280 1196
f 1196 1280 1210
f 1196 1210 1157
f 1112 1158 1197
f 1197 1158 1211
f 1197 1211 1302
f 1302 1211 1281
f 1442 1448 1383
f 1383 1448 1435
f 1383 1435 1281
f 1281 1435 1313
f 1281 1313 1302
f 1301 1434 1377
f 1377 1434 1447
f 1377 1447 1441
f 1441 1447 1489
f 1441 1489 1478
f 1478 1489 1540
f 1478 1540 1534
f 1534 1540 1637
f 1534 1637 1579
f 1579 1637 1692
f 1579 1692 1613
f 1613 1692 1704
f 1613 1704 1633
f 1633 1704 1712
f 1633 1712 1641
f 1641 1712 1724
f 1641 1724 1634
f 1634 1724 1713
f 1634 1713 1614
f 1614 1713 1705
f 1614 1705 1580
f 1580 1705 1693
f 1580 1693 1535
f 1535 1693 1638
f 1535 1638 1479
f 1479 1638 1541
f 1479 1541 1442
f 1442 1541 1490
f 1442 1490 1448
f 298 339 261
f 151 150 145
f 215 147 258
f 258 147 260
f 258 260 297
f 297 260 337
f 148 225 261
f 261 225 259
f 261 259 298
f 223 225 146
f 146 225 148
f 146 148 136
f 136 148 119
f 136 119 117
f 117 119 115
f 115 119 118
f 115 118 116
f 215 151 147
f 147 151 145
f 147 145 118
f 118 145 137
f 118 137 116
f 372 336 349
f 349 336 314
f 314 336 245
f 314 245 282
f 372 349 414
f 414 349 390
f 414 390 440
f 128 184 245
f 245 184 246
f 245 246 282
f 68 87 128
f 128 87 126
f 128 126 184
f 53 57 68
f 68 57 70
f 68 70 87
f 64 58 53
f 53 58 54
f 53 54 57
f 125 88 64
f 64 88 65
f 64 65 58
f 244 185 125
f 125 185 127
f 125 127 88
f 315 283 244
f 244 283 247
f 244 247 185
f 384 432 347
f 315 244 347
f 347 244 338
f 347 338 384
f 433 389 432
f 432 389 350
f 432 350 347
f 738 760 759
f 759 760 857
f 760 856 857
f 857 856 929
f 857 929 930
f 930 929 960
f 930 960 961
f 961 960 931
f 961 931 933
f 933 931 859
f 933 859 858
f 858 859 736
f 858 736 735
f 735 736 660
f 735 660 664
f 664 660 591
f 664 591 595
f 595 591 568
f 595 568 565
f 565 568 596
f 565 596 590
f 590 596 663
f 590 663 658
f 658 663 738
f 658 738 737
f 737 738 759
f 223 146 1193
f 1193 146 136
f 150 1192 145
f 145 1192 1193
f 145 1193 137
f 137 1193 136
f 1292 1276 1226
f 1226 1276 1251
f 1226 1251 1227
f 1228 1253 1226
f 1226 1253 1278
f 1278 1293 1226
f 1226 1293 1297
f 1226 1297 1292
f 1105 1120 1106
f 1106 1120 1121
f 1106 1121 1094
f 1094 1121 1088
f 1094 1088 1089
f 1089 1088 1096
f 1096 1088 1113
f 1096 1113 1115
f 1115 1113 1140
f 1140 1113 1155
f 1140 1155 1154
f 1229 1227 1200
f 1192 1229 1193
f 1193 1229 1200
f 1193 1200 1155
f 1155 1200 1177
f 1155 1177 1154
f 1156 1179 1153
f 1153 1179 1201
f 1153 1201 1192
f 1192 1201 1228
f 1192 1228 1229
f 1156 1153 1141
f 1141 1153 1116
f 1141 1116 1114
f 1114 1116 1097
f 1097 1116 1091
f 1097 1091 1090
f 1090 1091 1093
f 1093 1091 1122
f 1093 1122 1103
f 1103 1122 1119
f 1103 1119 1104
f 1082 1044 1065
f 1065 1111 1082
f 1082 1111 1157
f 1082 1157 1149
f 1149 1157 1208
f 1208 1157 1210
f 1208 1210 1274
f 1274 1210 1280
f 1274 1280 1371
f 1371 1280 1377
f 1371 1377 1431
f 1431 1377 1441
f 1431 1441 1472
f 1472 1441 1478
f 1472 1478 1523
f 1523 1478 1534
f 1523 1534 1570
f 1570 1534 1579
f 1570 1579 1596
f 1596 1579 1613
f 1596 1613 1622
f 1622 1613 1633
f 1622 1633 1625
f 1625 1633 1641
f 1625 1641 1623
f 1623 1641 1634
f 1623 1634 1597
f 1597 1634 1614
f 1597 1614 1571
f 1571 1614 1580
f 1571 1580 1524
f 1524 1580 1535
f 1524 1535 1473
f 1473 1535 1479
f 1473 1479 1433
f 1433 1479 1442
f 1433 1442 1372
f 1372 1442 1383
f 1372 1383 1275
f 1275 1383 1281
f 1275 1281 1209
f 1209 1281 1211
f 1209 1211 1150
f 1211 1158 1150
f 1150 1158 1112
f 1150 1112 1083
f 1083 1112 1066
f 1083 1066 1045
f 259 225 431
f 384 338 339
f 431 432 384
f 384 339 431
f 431 339 298
f 431 298 259
f 856 760 1193
f 431 591 461
f 461 591 660
f 859 850 736
f 736 850 684
f 736 684 660
f 660 684 535
f 660 535 461
f 1193 760 223
f 760 738 223
f 223 738 663
f 223 663 225
f 225 663 596
f 225 596 431
f 431 596 568
f 431 568 591
f 929 1121 960
f 960 1121 1138
f 960 1138 931
f 1193 1155 856
f 856 1155 1113
f 856 1113 929
f 929 1113 1088
f 929 1088 1121
f 1138 1109 931
f 931 1109 1064
f 931 1064 859
f 859 1064 1000
f 859 1000 850
f 1178 1177 1252
f 1252 1177 1200
f 1252 1200 1227
f 1178 1106 1094
f 1094 1089 1178
f 1178 1089 1096
f 1178 1096 1115
f 1115 1140 1178
f 1178 1140 1154
f 1178 1154 1177
f 1097 1090 1180
f 1180 1090 1093
f 1180 1093 1103
f 1180 1179 1156
f 1156 1141 1180
f 1180 1141 1114
f 1180 1114 1097
f 1179 1180 1201
f 1201 1180 1254
f 1201 1254 1228
f 1295 1278 1254
f 1254 1278 1253
f 1254 1253 1228
f 1294 1297 1295
f 1295 1297 1293
f 1295 1293 1278
f 1227 1251 1252
f 1252 1251 1276
f 1252 1276 1294
f 1294 1276 1292
f 1294 1292 1297
f 678 679 864
f 864 679 681
f 864 681 767
f 862 672 678
f 865 680 677
f 678 864 862
f 862 864 1032
f 862 1032 1024
f 1024 1032 1125
f 1024 1125 1117
f 1117 1125 1202
f 1117 1202 1198
f 1198 1202 1303
f 1198 1303 1288
f 1288 1303 1429
f 1288 1429 1416
f 1416 1429 1487
f 1416 1487 1474
f 1474 1487 1548
f 1474 1548 1531
f 1531 1548 1585
f 1531 1585 1560
f 1560 1585 1586
f 1560 1586 1561
f 1561 1586 1549
f 1561 1549 1532
f 1532 1549 1488
f 1532 1488 1475
f 1475 1488 1430
f 1475 1430 1417
f 1417 1430 1304
f 1417 1304 1289
f 1289 1304 1203
f 1289 1203 1199
f 1199 1203 1126
f 1199 1126 1118
f 1118 1126 1033
f 1118 1033 1025
f 1025 1033 865
f 1025 865 863
f 863 865 677
f 863 677 675
f 1041 1045 963
f 1041 963 868
f 868 963 853
f 868 853 770
f 1045 1041 1083
f 1083 1041 1134
f 1083 1134 1150
f 1150 1134 1221
f 1150 1221 1209
f 1209 1221 1275
f 1275 1221 1321
f 1275 1321 1372
f 1372 1321 1446
f 1372 1446 1433
f 1612 1597 1578
f 1578 1597 1571
f 1578 1571 1513
f 1513 1571 1524
f 1513 1524 1446
f 1446 1524 1473
f 1446 1473 1433
f 1570 1596 1577
f 1577 1596 1622
f 1577 1622 1611
f 1611 1622 1625
f 1611 1625 1612
f 1612 1625 1623
f 1612 1623 1597
f 1570 1577 1523
f 1523 1577 1512
f 1523 1512 1472
f 1472 1512 1445
f 1472 1445 1431
f 1431 1445 1320
f 1431 1320 1371
f 1371 1320 1274
f 1274 1320 1220
f 1274 1220 1208
f 1208 1220 1133
f 1208 1133 1149
f 1040 1044 1133
f 1133 1044 1082
f 1133 1082 1149
f 866 904 1040
f 1040 904 1008
f 1040 1008 1044
f 682 680 770
f 770 680 865
f 770 865 868
f 868 865 1033
f 868 1033 1041
f 1041 1033 1126
f 1041 1126 1134
f 1134 1126 1203
f 1134 1203 1221
f 1221 1203 1304
f 1221 1304 1321
f 1321 1304 1430
f 1321 1430 1446
f 1446 1430 1488
f 1446 1488 1513
f 1513 1488 1549
f 1513 1549 1578
f 1578 1549 1586
f 1578 1586 1612
f 1612 1586 1585
f 1612 1585 1611
f 1611 1585 1548
f 1611 1548 1577
f 1577 1548 1487
f 1577 1487 1512
f 1512 1487 1429
f 1512 1429 1445
f 1445 1429 1303
f 1445 1303 1320
f 1320 1303 1202
f 1320 1202 1220
f 1220 1202 1125
f 1220 1125 1133
f 1133 1125 1032
f 1133 1032 1040
f 1040 1032 864
f 1040 864 866
f 866 864 767
f 866 767 904
f 1128 1108 1109
f 432 431 433
f 433 431 461
f 434 433 463
f 463 433 461
f 463 461 494
f 494 461 535
f 494 535 534
f 684 626 535
f 535 626 575
f 535 575 534
f 821 729 684
f 684 729 686
f 684 686 626
f 821 684 849
f 849 684 850
f 849 850 942
f 942 850 1000
f 942 1000 1002
f 1002 1000 1026
f 1026 1000 1064
f 1026 1064 1063
f 1109 1108 1064
f 1064 1108 1079
f 1064 1079 1063
f 1128 1109 1135
f 1135 1109 1138
f 1135 1138 1131
f 1131 1138 1121
f 1131 1121 1120
f 674 645 820
f 603 622 602
f 602 622 620
f 602 620 619
f 673 671 603
f 603 671 651
f 603 651 627
f 917 903 916
f 916 903 902
f 902 901 916
f 916 901 900
f 916 900 896
f 896 895 916
f 916 895 888
f 916 888 672
f 672 888 871
f 672 871 673
f 673 871 838
f 673 838 671
f 675 674 863
f 863 674 820
f 863 820 1025
f 1025 820 1027
f 1025 1027 1118
f 627 624 603
f 603 624 623
f 603 623 622
f 1294 1532 1252
f 1252 1532 1475
f 1252 1475 1178
f 1178 1475 1417
f 1178 1417 1289
f 672 862 916
f 916 862 1024
f 916 1024 1034
f 1034 1024 1117
f 1034 1117 1104
f 1104 1117 1198
f 1104 1198 1103
f 1103 1198 1288
f 1103 1288 1180
f 1180 1288 1416
f 1180 1416 1254
f 1416 1474 1254
f 1254 1474 1531
f 1254 1531 1295
f 1295 1531 1560
f 1295 1560 1294
f 1294 1560 1561
f 1294 1561 1532
f 1118 1027 1199
f 1199 1027 1105
f 1199 1105 1289
f 1289 1105 1106
f 1289 1106 1178
f 1120 1105 1027
f 1063 1079 1027
f 1027 1079 1108
f 1027 1108 1128
f 1128 1135 1027
f 1027 1135 1131
f 1027 1131 1120
f 729 821 820
f 820 821 849
f 849 942 820
f 820 942 1002
f 820 1002 1027
f 1027 1002 1026
f 1027 1026 1063
f 645 646 820
f 820 646 576
f 556 575 576
f 576 575 626
f 576 626 820
f 820 626 686
f 820 686 729
f 556 485 575
f 575 485 449
f 575 449 534
f 434 463 449
f 449 463 494
f 449 494 534
f 645 674 646
f 1764 1734 1767
f 1767 1734 1737
f 1455 1443 1518
f 1518 1443 1495
f 1518 1495 1594
f 1594 1495 1568
f 1594 1568 1667
f 1667 1568 1630
f 1667 1630 1696
f 1696 1630 1680
f 1696 1680 1728
f 1728 1680 1699
f 1728 1699 1752
f 1752 1699 1717
f 1752 1717 1764
f 1764 1717 1730
f 1764 1730 1734
f 1767 1774 1764
f 1764 1774 1771
f 1764 1771 1752
f 1752 1771 1762
f 1752 1762 1728
f 1728 1762 1739
f 1728 1739 1696
f 1696 1739 1708
f 1696 1708 1667
f 1667 1708 1672
f 1667 1672 1594
f 1594 1672 1600
f 1594 1600 1518
f 1449 1455 1470
f 1470 1455 1518
f 1470 1518 1516
f 1516 1518 1600
f 1763 1767 1737
f 1444 1456 1496
f 1496 1456 1520
f 1496 1520 1569
f 1569 1520 1595
f 1569 1595 1631
f 1631 1595 1668
f 1631 1668 1681
f 1681 1668 1697
f 1681 1697 1698
f 1698 1697 1727
f 1698 1727 1716
f 1716 1727 1751
f 1716 1751 1729
f 1729 1751 1763
f 1729 1763 1733
f 1733 1763 1737
f 1456 1450 1520
f 1520 1450 1517
f 1520 1517 1595
f 1595 1517 1601
f 1595 1601 1668
f 1668 1601 1673
f 1668 1673 1697
f 1697 1673 1709
f 1697 1709 1727
f 1774 1767 1770
f 1770 1767 1763
f 1770 1763 1761
f 1761 1763 1751
f 1761 1751 1758
f 1758 1751 1727
f 1758 1727 1738
f 1738 1727 1709
f 1443 1459 1495
f 1495 1459 1504
f 1495 1504 1568
f 1568 1504 1630
f 1630 1504 1562
f 1630 1562 1680
f 1680 1562 1609
f 1680 1609 1699
f 1699 1609 1645
f 1699 1645 1717
f 1717 1645 1659
f 1717 1659 1730
f 1730 1659 1734
f 1734 1659 1666
f 1734 1666 1737
f 1737 1666 1733
f 1733 1666 1660
f 1733 1660 1729
f 1729 1660 1716
f 1716 1660 1646
f 1716 1646 1698
f 1698 1646 1681
f 1681 1646 1610
f 1681 1610 1631
f 1631 1610 1563
f 1631 1563 1569
f 1569 1563 1506
f 1569 1506 1496
f 1496 1506 1462
f 1496 1462 1444
f 374 376 398
f 398 376 402
f 407 405 406
f 406 405 403
f 406 403 401
f 411 410 407
f 407 410 409
f 407 409 405
f 404 408 400
f 396 397 399
f 399 397 398
f 399 398 400
f 400 398 402
f 400 402 404
f 405 409 377
f 377 409 378
f 1343 1497 1342
f 1342 1497 1546
f 1342 1546 1403
f 1403 1546 1582
f 1403 1582 1418
f 1418 1582 1605
f 1418 1605 1428
f 1428 1605 1628
f 1428 1628 1432
f 1432 1628 1629
f 1432 1629 1423
f 1423 1629 1624
f 1423 1624 1415
f 1415 1624 1581
f 1415 1581 1394
f 1394 1581 1567
f 1394 1567 1350
f 1350 1567 1511
f 1350 1511 1352
f 1352 1511 1465
f 1352 1465 1361
f 1443 1439 1457
f 1440 1444 1458
f 1458 1444 1462
f 1458 1462 1503
f 1503 1462 1506
f 1503 1506 1559
f 1559 1506 1563
f 1559 1563 1607
f 1607 1563 1610
f 1607 1610 1640
f 1640 1610 1646
f 1640 1646 1656
f 1656 1646 1660
f 1656 1660 1664
f 1664 1660 1666
f 1664 1666 1655
f 1655 1666 1659
f 1655 1659 1639
f 1639 1659 1645
f 1639 1645 1606
f 1606 1645 1609
f 1606 1609 1557
f 1557 1609 1562
f 1557 1562 1502
f 1502 1562 1504
f 1502 1504 1457
f 1457 1504 1459
f 1457 1459 1443
f 376 374 267
f 299 264 267
f 299 267 329
f 374 364 267
f 267 364 356
f 267 356 329
f 270 286 267
f 267 286 317
f 267 317 353
f 353 362 267
f 267 362 370
f 267 370 376
f 248 192 187
f 187 192 96
f 96 192 153
f 96 153 133
f 304 400 408
f 408 366 304
f 304 366 307
f 304 307 187
f 187 307 284
f 187 284 248
f 411 407 367
f 367 407 308
f 367 308 310
f 310 308 285
f 285 308 190
f 285 190 249
f 98 156 190
f 190 156 191
f 190 191 249
f 133 100 96
f 96 100 43
f 96 43 42
f 42 43 34
f 42 34 31
f 31 34 45
f 31 45 44
f 44 45 101
f 44 101 98
f 98 101 134
f 98 134 156
f 287 271 268
f 287 268 318
f 268 378 371
f 371 363 268
f 268 363 354
f 268 354 318
f 265 300 268
f 268 300 330
f 268 330 357
f 357 365 268
f 268 365 377
f 268 377 378
f 202 177 161
f 239 226 275
f 275 226 202
f 162 163 200
f 202 161 275
f 275 161 162
f 275 162 313
f 313 162 200
f 313 200 242
f 242 253 313
f 313 253 264
f 313 264 342
f 342 264 299
f 342 299 396
f 396 299 329
f 396 329 397
f 374 398 364
f 364 398 397
f 364 397 356
f 356 397 329
f 308 407 406
f 399 400 341
f 341 400 304
f 406 343 308
f 308 343 309
f 308 309 190
f 309 237 190
f 190 237 189
f 190 189 98
f 98 189 110
f 110 99 98
f 98 99 51
f 98 51 44
f 44 51 32
f 44 32 31
f 31 32 49
f 31 49 42
f 42 49 97
f 42 97 96
f 96 97 108
f 96 108 187
f 108 186 187
f 187 186 235
f 187 235 304
f 304 235 305
f 304 305 341
f 265 312 300
f 300 312 344
f 300 344 401
f 252 230 169
f 169 230 188
f 169 188 170
f 227 241 277
f 265 252 312
f 312 252 169
f 312 169 277
f 277 169 168
f 168 179 277
f 277 179 204
f 277 204 227
f 403 405 377
f 377 365 403
f 403 365 357
f 403 357 401
f 401 357 330
f 401 330 300
f 160 161 174
f 174 161 177
f 174 177 176
f 176 177 182
f 182 177 202
f 182 202 201
f 201 202 226
f 201 226 218
f 218 226 239
f 218 239 238
f 1661 1665 1651
f 1521 1491 1533
f 1466 1465 1511
f 1619 1544 1533
f 1533 1544 1530
f 1533 1530 1521
f 1651 1665 1650
f 1650 1665 1657
f 1650 1657 1608
f 1661 1651 1649
f 1649 1651 1632
f 1649 1632 1604
f 1604 1632 1576
f 1604 1576 1587
f 1519 1529 1587
f 1587 1576 1519
f 1519 1576 1546
f 1519 1546 1497
f 1651 1628 1632
f 1632 1628 1605
f 1632 1605 1576
f 1576 1605 1582
f 1576 1582 1546
f 1657 1619 1608
f 1608 1619 1533
f 1608 1533 1511
f 1511 1533 1491
f 1511 1491 1466
f 1511 1567 1608
f 1608 1567 1581
f 1608 1581 1650
f 1650 1581 1624
f 1650 1624 1651
f 1651 1624 1629
f 1651 1629 1628
f 1341 1342 1403
f 1394 1350 1349
f 1341 1403 1340
f 1340 1403 1384
f 1384 1403 1418
f 1384 1418 1398
f 1398 1418 1428
f 1398 1428 1408
f 1408 1428 1432
f 1408 1432 1411
f 1411 1432 1423
f 1411 1423 1406
f 1406 1423 1415
f 1406 1415 1389
f 1389 1415 1394
f 1389 1394 1370
f 1370 1394 1349
f 1370 1349 1348
f 1387 1413 1368
f 1368 1413 1366
f 1368 1366 1337
f 1337 1366 1335
f 1334 1375 1333
f 1333 1375 1392
f 1333 1392 1336
f 1336 1392 1404
f 1336 1404 1332
f 1439 1404 1419
f 1419 1404 1392
f 1419 1392 1413
f 1413 1392 1375
f 1413 1375 1366
f 1366 1375 1334
f 1366 1334 1335
f 1419 1413 1460
f 1457 1439 1419
f 1457 1419 1502
f 1502 1419 1460
f 1502 1460 1526
f 1620 1639 1588
f 1588 1639 1606
f 1588 1606 1526
f 1526 1606 1557
f 1526 1557 1502
f 1589 1656 1621
f 1621 1656 1664
f 1621 1664 1620
f 1620 1664 1655
f 1620 1655 1639
f 1559 1607 1589
f 1589 1607 1640
f 1589 1640 1656
f 1589 1528 1559
f 1559 1528 1461
f 1559 1461 1503
f 1440 1458 1421
f 1421 1458 1503
f 1421 1503 1414
f 1414 1503 1461
f 1414 1461 1388
f 1388 1461 1427
f 1427 1461 1528
f 1427 1528 1482
f 1482 1528 1589
f 1482 1589 1539
f 1539 1589 1621
f 1539 1621 1573
f 1573 1621 1620
f 1573 1620 1572
f 1572 1620 1588
f 1572 1588 1538
f 1538 1588 1526
f 1538 1526 1481
f 1481 1526 1460
f 1481 1460 1426
f 1426 1460 1413
f 1426 1413 1387
f 161 160 162
f 162 160 159
f 162 159 163
f 164 163 165
f 164 165 157
f 250 254 222
f 164 157 222
f 222 157 154
f 163 164 200
f 200 164 222
f 200 222 242
f 242 222 254
f 242 254 253
f 264 253 267
f 267 253 254
f 267 254 270
f 270 254 250
f 154 197 222
f 222 197 231
f 222 231 250
f 250 284 270
f 270 284 307
f 270 307 286
f 286 307 366
f 286 366 317
f 317 366 408
f 317 408 353
f 353 408 404
f 353 404 362
f 154 138 197
f 197 138 123
f 197 123 231
f 250 231 284
f 284 231 123
f 284 123 248
f 248 123 192
f 123 105 192
f 192 105 85
f 192 85 153
f 153 85 61
f 153 61 133
f 27 100 37
f 37 100 133
f 37 133 56
f 56 133 61
f 362 404 370
f 370 404 402
f 370 402 376
f 28 101 22
f 22 101 45
f 22 45 16
f 27 18 100
f 100 18 43
f 18 11 43
f 43 11 3
f 43 3 34
f 3 1 34
f 34 1 7
f 34 7 45
f 45 7 13
f 45 13 16
f 155 198 135
f 135 198 124
f 198 285 124
f 124 285 249
f 124 249 102
f 102 249 191
f 102 191 69
f 69 191 156
f 69 156 62
f 62 156 134
f 62 134 41
f 41 134 101
f 41 101 28
f 198 232 285
f 285 232 251
f 285 251 310
f 310 251 271
f 310 271 367
f 271 287 367
f 367 287 318
f 367 318 411
f 411 318 354
f 411 354 410
f 410 354 363
f 410 363 409
f 409 363 371
f 409 371 378
f 198 155 224
f 224 155 158
f 224 158 171
f 198 224 232
f 232 224 255
f 232 255 251
f 251 255 268
f 251 268 271
f 170 188 171
f 171 188 230
f 171 230 224
f 224 230 252
f 224 252 255
f 255 252 265
f 255 265 268
f 172 171 158
f 172 170 171
f 355 391 440
f 555 509 508
f 617 555 558
f 558 555 508
f 558 508 486
f 486 508 474
f 440 391 446
f 446 391 439
f 446 439 448
f 448 439 447
f 448 447 474
f 474 447 477
f 474 477 486
f 679 678 625
f 625 678 672
f 625 672 558
f 558 672 673
f 558 673 617
f 314 282 195
f 195 282 246
f 195 246 184
f 440 390 355
f 355 390 349
f 355 349 303
f 303 349 314
f 303 314 262
f 262 314 195
f 86 122 184
f 184 122 152
f 184 152 195
f 57 54 26
f 86 184 46
f 46 184 126
f 46 126 30
f 30 126 87
f 30 87 26
f 26 87 70
f 26 70 57
f 58 65 29
f 29 65 88
f 29 88 55
f 55 88 127
f 55 127 95
f 95 127 185
f 95 185 139
f 139 185 196
f 23 26 29
f 29 26 54
f 29 54 58
f 23 21 26
f 26 21 20
f 26 20 19
f 389 433 434
f 185 247 196
f 196 247 283
f 196 283 233
f 233 283 315
f 233 315 281
f 281 315 347
f 281 347 324
f 324 347 350
f 324 350 331
f 331 350 383
f 350 389 383
f 383 389 434
f 383 434 418
f 418 434 449
f 418 449 450
f 450 449 458
f 458 449 485
f 458 485 473
f 473 485 523
f 523 485 556
f 523 556 557
f 646 674 675
f 646 675 576
f 556 576 557
f 557 576 675
f 557 675 609
f 609 675 677
f 609 677 676
f 676 677 680
f 12 6 20
f 20 6 4
f 20 4 5
f 5 10 20
f 20 10 14
f 20 14 19
f 238 234 293
f 293 234 263
f 293 263 290
f 290 311 293
f 293 311 335
f 293 335 345
f 396 399 342
f 342 399 341
f 342 341 313
f 313 341 305
f 313 305 275
f 275 305 235
f 275 235 239
f 335 340 345
f 345 340 385
f 345 385 387
f 387 385 441
f 109 132 186
f 238 239 234
f 234 239 235
f 234 235 212
f 212 235 186
f 212 186 149
f 149 186 132
f 67 71 74
f 97 49 74
f 76 80 93
f 93 80 92
f 93 92 109
f 186 108 109
f 109 108 97
f 109 97 93
f 93 97 74
f 93 74 76
f 67 74 50
f 50 74 49
f 50 49 39
f 39 49 32
f 39 32 33
f 33 32 40
f 40 32 51
f 40 51 52
f 94 111 89
f 89 79 94
f 94 79 75
f 94 75 72
f 72 73 66
f 66 52 72
f 72 52 51
f 72 51 94
f 94 51 99
f 94 99 111
f 111 99 110
f 111 110 129
f 129 110 189
f 129 189 144
f 237 236 189
f 189 236 205
f 189 205 144
f 406 401 343
f 343 401 344
f 343 344 309
f 344 312 309
f 309 312 277
f 309 277 237
f 237 277 241
f 237 241 236
f 241 240 236
f 236 240 294
f 236 294 288
f 288 294 306
f 306 294 333
f 333 294 346
f 333 346 386
f 386 346 388
f 386 388 444
f 227 204 203
f 179 168 166
f 166 175 179
f 179 175 178
f 179 178 204
f 204 178 183
f 204 183 203
f 227 203 241
f 241 203 220
f 241 220 240
f 166 168 167
f 167 168 169
f 167 169 170
f 76 74 91
f 76 91 80
f 131 109 91
f 91 109 92
f 91 92 80
f 213 149 131
f 131 149 132
f 131 132 109
f 290 263 291
f 291 263 234
f 291 234 213
f 213 234 212
f 213 212 149
f 290 291 311
f 311 291 334
f 311 334 335
f 340 335 334
f 490 491 334
f 334 491 442
f 442 441 334
f 334 441 385
f 334 385 340
f 52 66 84
f 50 39 47
f 713 669 692
f 466 519 545
f 621 500 502
f 621 544 577
f 518 544 621
f 502 518 621
f 621 636 668
f 607 636 621
f 577 607 621
f 621 715 727
f 693 715 621
f 668 693 621
f 621 751 728
f 769 751 621
f 780 769 621
f 692 669 621
f 635 621 669
f 545 519 621
f 1270 1256 1212
f 1256 1270 1260
f 302 323 393
f 392 322 301
f 943 980 873
f 1017 1068 1019
f 1173 1194 1213
f 1213 1194 1240
f 1213 1240 1255
f 1101 1124 1173
f 1173 1124 1146
f 1173 1146 1194
f 1017 1019 1014
f 943 873 905
f 873 831 905
f 905 831 761
f 905 761 825
f 825 761 712
f 825 712 701
f 465 475 497
f 497 475 495
f 497 495 528
f 528 495 587
f 528 587 598
f 598 587 701
f 598 701 655
f 655 701 712
f 456 419 465
f 465 419 437
f 465 437 475
f 71 67 82
f 82 67 83
f 82 83 114
f 83 107 114
f 114 107 143
f 114 143 194
f 194 143 229
f 194 229 257
f 498 476 438
f 832 824 762
f 762 824 702
f 1018 1016 979
f 979 1016 1015
f 979 1015 944
f 1269 1263 1236
f 466 455 519
f 519 455 501
f 519 501 621
f 496 476 529
f 529 476 498
f 529 498 578
f 588 496 597
f 597 496 529
f 597 529 606
f 606 529 578
f 606 578 621
f 635 669 654
f 654 669 713
f 654 713 702
f 780 938 769
f 769 938 907
f 769 907 751
f 751 907 872
f 751 872 728
f 728 872 832
f 728 832 714
f 714 832 762
f 500 456 502
f 502 456 465
f 502 465 518
f 518 465 497
f 518 497 544
f 544 497 528
f 544 528 577
f 577 528 598
f 577 598 607
f 607 598 655
f 607 655 636
f 636 655 712
f 636 712 668
f 668 712 761
f 668 761 693
f 693 761 831
f 693 831 715
f 715 831 873
f 715 873 727
f 487 425 436
f 488 499 426
f 426 499 435
f 426 435 359
f 359 435 382
f 359 382 296
f 395 382 455
f 455 382 435
f 455 435 501
f 501 435 499
f 501 499 621
f 488 621 499
f 938 1018 907
f 907 1018 979
f 907 979 872
f 872 979 944
f 872 944 832
f 832 944 906
f 832 906 824
f 714 621 728
f 702 713 762
f 762 713 692
f 762 692 714
f 714 692 621
f 943 1014 980
f 980 1014 1019
f 980 1019 873
f 873 1019 908
f 873 908 727
f 727 908 752
f 727 752 621
f 322 392 381
f 381 392 394
f 381 394 436
f 257 229 302
f 302 229 296
f 302 296 323
f 323 296 382
f 323 382 393
f 393 382 395
f 393 395 420
f 420 395 455
f 420 455 438
f 438 455 466
f 438 466 498
f 498 466 545
f 498 545 578
f 578 545 621
f 702 588 654
f 654 588 597
f 654 597 635
f 635 597 606
f 635 606 621
f 1260 1241 1256
f 1256 1241 1195
f 1256 1195 1212
f 1212 1195 1147
f 1212 1147 1172
f 1172 1147 1123
f 1172 1123 1100
f 1100 1123 1067
f 1100 1067 1042
f 1017 1124 1068
f 1068 1124 1101
f 1068 1101 1019
f 1019 1101 1043
f 1019 1043 908
f 908 1043 937
f 908 937 752
f 752 937 768
f 752 768 621
f 436 425 381
f 381 425 358
f 381 358 322
f 322 358 295
f 322 295 301
f 301 295 228
f 301 228 256
f 256 228 142
f 256 142 193
f 193 142 106
f 193 106 113
f 113 106 84
f 113 84 81
f 81 84 66
f 81 66 73
f 1263 1270 1236
f 1236 1270 1212
f 1236 1212 1183
f 1183 1212 1172
f 1183 1172 1130
f 1130 1172 1100
f 1130 1100 1049
f 1049 1100 1042
f 1049 1042 948
f 1268 1269 1250
f 1250 1269 1236
f 1250 1236 1187
f 1187 1236 1183
f 1187 1183 1139
f 1139 1183 1130
f 1139 1130 1059
f 1059 1130 1049
f 1059 1049 962
f 962 1049 948
f 962 948 793
f 793 779 962
f 962 779 947
f 962 947 1059
f 1059 947 1050
f 1059 1050 1139
f 1139 1050 1129
f 1139 1129 1187
f 1187 1129 1184
f 1187 1184 1250
f 1250 1184 1237
f 1250 1237 1268
f 1268 1237 1262
f 1240 1271 1255
f 1255 1271 1262
f 1255 1262 1213
f 1213 1262 1237
f 1213 1237 1173
f 1173 1237 1184
f 1173 1184 1101
f 1101 1184 1129
f 1101 1129 1043
f 1043 1129 1050
f 1043 1050 937
f 937 1050 947
f 937 947 768
f 768 947 779
f 768 779 621
f 793 621 779
f 1123 1016 1067
f 1067 1016 1018
f 1067 1018 1042
f 1042 1018 938
f 1042 938 948
f 948 938 780
f 948 780 793
f 793 780 621
f 39 33 47
f 47 33 38
f 47 38 77
f 77 38 63
f 77 63 121
f 121 63 112
f 121 112 181
f 181 112 173
f 181 173 280
f 280 173 272
f 280 272 351
f 351 272 348
f 351 348 417
f 417 348 415
f 417 415 483
f 483 415 481
f 483 481 621
f 67 50 83
f 83 50 47
f 83 47 107
f 107 47 77
f 107 77 143
f 143 77 121
f 143 121 229
f 229 121 181
f 229 181 296
f 296 181 280
f 296 280 359
f 359 280 351
f 359 351 426
f 426 351 417
f 426 417 488
f 488 417 483
f 488 483 621
f 40 52 48
f 48 52 84
f 48 84 78
f 78 84 106
f 78 106 120
f 120 106 142
f 120 142 180
f 180 142 228
f 180 228 279
f 279 228 295
f 279 295 352
f 352 295 358
f 352 358 416
f 416 358 425
f 416 425 482
f 482 425 487
f 33 40 38
f 38 40 48
f 38 48 63
f 63 48 78
f 63 78 112
f 112 78 120
f 112 120 173
f 173 120 180
f 173 180 272
f 272 180 279
f 272 279 348
f 348 279 352
f 348 352 415
f 415 352 416
f 415 416 481
f 481 416 482
f 481 482 621
f 487 621 482
f 392 419 394
f 394 419 456
f 394 456 436
f 436 456 500
f 436 500 487
f 487 500 621
f 289 288 332
f 332 288 306
f 332 306 333
f 207 130 129
f 129 144 207
f 207 144 205
f 207 205 289
f 289 205 236
f 289 236 288
f 90 72 75
f 75 79 90
f 90 79 89
f 90 89 130
f 130 89 111
f 130 111 129
f 566 567 592
f 592 567 593
f 592 593 665
f 665 593 662
f 665 662 745
f 745 662 732
f 745 732 757
f 757 732 758
f 757 758 854
f 854 758 855
f 854 855 932
f 932 855 928
f 932 928 958
f 958 928 959
f 958 959 927
f 927 959 934
f 927 934 860
f 860 934 861
f 860 861 739
f 739 861 741
f 739 741 659
f 659 741 661
f 659 661 594
f 594 661 589
f 594 589 566
f 566 589 567
f 386 444 443
f 333 386 332
f 332 386 443
f 332 443 489
f 489 443 492
f 441 442 452
f 206 159 160
f 160 174 206
f 206 174 176
f 206 176 182
f 238 293 218
f 218 293 206
f 218 206 201
f 201 206 182
f 345 292 293
f 293 292 243
f 293 243 206
f 452 451 441
f 441 451 413
f 441 413 387
f 387 413 360
f 387 360 345
f 345 360 316
f 345 316 292
f 681 679 721
f 681 721 706
f 706 721 749
f 749 721 773
f 749 773 798
f 767 781 894
f 767 894 904
f 904 894 985
f 904 985 1008
f 1008 985 1044
f 1044 985 1048
f 1044 1048 1065
f 1065 1048 1092
f 1065 1092 1111
f 1074 1092 1060
f 1060 1092 1048
f 1060 1048 966
f 966 1048 985
f 966 985 922
f 922 985 894
f 922 894 799
f 799 894 781
f 1332 1455 1338
f 1338 1455 1449
f 1338 1449 1339
f 1332 1404 1455
f 1455 1404 1439
f 1455 1439 1443
f 1336 1345 1344
f 1339 1351 1359
f 1343 1337 1344
f 1344 1337 1335
f 1335 1334 1344
f 1344 1334 1333
f 1344 1333 1336
f 1343 1342 1337
f 1337 1342 1341
f 1337 1341 1340
f 1359 1347 1339
f 1339 1347 1346
f 1339 1346 1338
f 1338 1346 1345
f 1338 1345 1332
f 1332 1345 1336
f 1471 1501 1499
f 1499 1501 1529
f 1499 1529 1519
f 1467 1471 1485
f 1485 1471 1499
f 1485 1499 1493
f 1493 1499 1519
f 1493 1519 1497
f 1643 1604 1587
f 1587 1529 1643
f 1643 1529 1550
f 1643 1550 1574
f 1547 1530 1544
f 1657 1683 1619
f 1619 1683 1644
f 1619 1644 1544
f 1544 1644 1575
f 1544 1575 1547
f 1604 1643 1649
f 1649 1643 1682
f 1649 1682 1661
f 1661 1682 1687
f 1661 1687 1665
f 1665 1687 1691
f 1665 1691 1657
f 1657 1691 1688
f 1657 1688 1683
f 1348 1353 1369
f 1426 1387 1340
f 1340 1387 1368
f 1340 1368 1337
f 1573 1406 1539
f 1539 1406 1389
f 1539 1389 1482
f 1482 1389 1370
f 1482 1370 1427
f 1427 1370 1348
f 1427 1348 1388
f 1388 1348 1369
f 1426 1340 1481
f 1481 1340 1384
f 1481 1384 1538
f 1538 1384 1398
f 1538 1398 1572
f 1572 1398 1408
f 1572 1408 1573
f 1573 1408 1411
f 1573 1411 1406
f 1376 1356 1393
f 1393 1356 1357
f 1393 1357 1405
f 1405 1357 1360
f 1405 1360 1358
f 1367 1354 1376
f 1376 1354 1355
f 1376 1355 1356
f 1388 1369 1414
f 1414 1369 1353
f 1405 1440 1393
f 1393 1440 1421
f 1393 1421 1376
f 1376 1421 1414
f 1376 1414 1367
f 1367 1414 1353
f 1367 1353 1354
f 1440 1405 1409
f 1363 1395 1362
f 1362 1395 1409
f 1362 1409 1358
f 1358 1409 1405
f 1444 1440 1456
f 1456 1440 1409
f 1456 1409 1450
f 1450 1409 1395
f 1102 1095 986
f 782 770 853
f 1066 1112 1102
f 1066 1102 1045
f 963 1045 996
f 1045 1102 996
f 996 1102 986
f 996 986 963
f 963 986 897
f 963 897 853
f 1095 1075 986
f 986 1075 977
f 986 977 897
f 897 977 870
f 897 870 853
f 853 870 802
f 853 802 782
f 680 682 711
f 711 682 724
f 711 724 750
f 750 724 776
f 750 776 801
f 12 20 17
f 17 20 21
f 17 21 25
f 12 9 6
f 6 9 2
f 6 2 4
f 4 2 5
f 5 2 8
f 5 8 10
f 10 8 15
f 10 15 14
f 19 24 26
f 26 24 35
f 26 35 30
f 86 46 103
f 103 46 59
f 140 214 122
f 122 214 199
f 122 199 152
f 152 199 195
f 159 206 163
f 163 206 210
f 163 210 165
f 165 210 216
f 165 216 157
f 157 216 154
f 85 105 103
f 103 105 140
f 103 140 86
f 86 140 122
f 216 219 154
f 154 219 214
f 154 214 138
f 138 214 140
f 138 140 123
f 123 140 105
f 27 37 59
f 59 37 56
f 59 56 103
f 103 56 61
f 103 61 85
f 46 30 59
f 59 30 35
f 59 35 27
f 27 35 24
f 27 24 18
f 19 14 24
f 24 14 15
f 24 15 18
f 18 15 8
f 18 8 11
f 11 8 3
f 3 8 2
f 3 2 1
f 1 2 9
f 1 9 7
f 12 17 9
f 9 17 13
f 9 13 7
f 69 62 60
f 60 62 41
f 60 41 36
f 36 41 28
f 36 28 25
f 25 28 22
f 25 22 17
f 17 22 16
f 17 16 13
f 102 104 124
f 124 104 141
f 124 141 135
f 135 141 155
f 211 208 167
f 139 196 209
f 167 170 211
f 211 170 172
f 211 172 217
f 217 172 158
f 217 158 221
f 221 158 155
f 221 155 209
f 209 155 141
f 209 141 139
f 139 141 104
f 139 104 95
f 95 104 55
f 102 69 104
f 104 69 60
f 104 60 55
f 55 60 36
f 55 36 29
f 29 36 25
f 29 25 23
f 23 25 21
f 454 453 444
f 444 453 443
f 454 444 412
f 412 444 388
f 412 388 361
f 361 388 319
f 319 388 346
f 319 346 269
f 269 346 294
f 269 294 208
f 208 294 240
f 208 240 220
f 220 203 208
f 208 203 183
f 208 183 178
f 178 175 208
f 208 175 166
f 208 166 167
f 490 580 491
f 491 580 571
f 571 580 637
f 637 580 710
f 637 710 707
f 707 710 765
f 765 710 840
f 765 840 841
f 959 1260 934
f 934 1260 1264
f 928 1195 959
f 959 1195 1241
f 959 1241 1260
f 1015 1016 855
f 855 1016 1123
f 855 1123 928
f 928 1123 1147
f 928 1147 1195
f 741 861 840
f 1264 1175 934
f 934 1175 1085
f 934 1085 861
f 861 1085 1010
f 861 1010 840
f 114 194 567
f 567 194 257
f 567 257 593
f 593 257 302
f 593 302 393
f 840 710 741
f 741 710 580
f 741 580 661
f 661 580 490
f 661 490 589
f 589 490 334
f 589 334 567
f 567 334 291
f 567 291 114
f 114 291 213
f 114 213 82
f 82 213 131
f 82 131 71
f 71 131 91
f 71 91 74
f 1015 855 944
f 944 855 758
f 944 758 906
f 476 662 438
f 438 662 593
f 438 593 420
f 420 593 393
f 476 496 662
f 662 496 588
f 662 588 732
f 732 588 702
f 732 702 758
f 758 702 824
f 758 824 906
f 1261 1265 1264
f 1261 1264 1267
f 1267 1264 1259
f 1267 1259 1266
f 1260 1270 1264
f 1264 1270 1263
f 1264 1263 1269
f 1271 1259 1262
f 1262 1259 1264
f 1262 1264 1268
f 1268 1264 1269
f 193 113 566
f 739 659 579
f 419 592 437
f 437 592 665
f 437 665 475
f 419 392 592
f 592 392 301
f 592 301 566
f 566 301 256
f 566 256 193
f 1271 958 1259
f 1259 958 927
f 1259 927 1174
f 207 289 594
f 594 289 332
f 594 332 659
f 659 332 489
f 659 489 579
f 594 566 207
f 207 566 113
f 207 113 130
f 130 113 81
f 130 81 90
f 90 81 73
f 90 73 72
f 854 932 1124
f 1271 1240 958
f 958 1240 1194
f 958 1194 932
f 932 1194 1146
f 932 1146 1124
f 745 587 665
f 665 587 495
f 665 495 475
f 579 709 739
f 739 709 842
f 739 842 860
f 860 842 1012
f 860 1012 927
f 927 1012 1086
f 927 1086 1174
f 1124 1017 854
f 854 1017 1014
f 854 1014 757
f 757 1014 943
f 943 905 757
f 757 905 825
f 757 825 745
f 745 825 701
f 745 701 587
f 709 579 640
f 640 579 573
f 573 579 489
f 573 489 492
f 839 842 766
f 766 842 709
f 766 709 708
f 708 709 640
f 808 806 550
f 625 558 546
f 262 266 320
f 786 787 551
f 634 683 705
f 634 515 552
f 552 608 634
f 634 608 628
f 634 628 683
f 705 726 634
f 634 726 746
f 634 746 753
f 753 771 634
f 634 771 777
f 634 777 515
f 777 786 515
f 515 786 551
f 515 551 505
f 505 551 484
f 360 413 427
f 427 413 451
f 427 451 551
f 551 451 467
f 551 467 484
f 427 379 360
f 360 379 327
f 360 327 316
f 316 327 276
f 316 276 292
f 292 276 243
f 243 276 210
f 243 210 206
f 262 195 199
f 262 320 303
f 303 320 368
f 303 368 355
f 421 439 368
f 368 439 391
f 368 391 355
f 546 558 469
f 558 486 469
f 469 486 477
f 469 477 421
f 421 477 447
f 421 447 439
f 546 798 773
f 773 721 546
f 546 721 679
f 546 679 625
f 803 551 800
f 800 551 787
f 800 787 792
f 266 273 320
f 320 273 325
f 320 325 368
f 368 325 373
f 368 373 421
f 421 373 423
f 421 423 469
f 469 423 471
f 469 471 546
f 546 471 550
f 546 550 798
f 798 550 806
f 214 219 276
f 276 219 216
f 276 216 210
f 262 199 266
f 266 199 214
f 266 214 273
f 273 214 276
f 273 276 325
f 325 276 327
f 325 327 373
f 373 327 379
f 373 379 423
f 423 379 427
f 423 427 471
f 471 427 551
f 471 551 550
f 550 551 803
f 550 803 808
f 1188 1204 1222
f 767 681 781
f 781 681 706
f 781 706 799
f 799 706 749
f 799 749 922
f 966 1069 1060
f 1060 1069 1074
f 1396 1390 1286
f 1463 1536 1451
f 1451 1536 1554
f 1742 1748 1744
f 1536 1615 1554
f 1554 1615 1676
f 1554 1676 1662
f 1662 1676 1702
f 1662 1702 1706
f 1706 1702 1725
f 1706 1725 1735
f 1735 1725 1742
f 1735 1742 1740
f 1740 1742 1744
f 1740 1744 1745
f 1592 1672 1678
f 1678 1672 1708
f 1678 1708 1714
f 1714 1708 1739
f 1714 1739 1753
f 1753 1739 1762
f 1753 1762 1772
f 1772 1762 1771
f 1772 1771 1782
f 1782 1771 1774
f 1498 1516 1592
f 1592 1516 1600
f 1592 1600 1672
f 1424 1449 1498
f 1498 1449 1470
f 1498 1470 1516
f 1316 1330 1424
f 1330 1351 1424
f 1424 1351 1339
f 1424 1339 1449
f 1257 1284 1305
f 1305 1284 1296
f 1305 1296 1424
f 1424 1296 1309
f 1424 1309 1316
f 1222 1204 1305
f 1305 1204 1238
f 1305 1238 1257
f 1076 1098 1222
f 1222 1098 1160
f 1222 1160 1188
f 920 913 951
f 951 968 920
f 920 968 989
f 920 989 1028
f 777 771 784
f 784 771 783
f 784 796 777
f 777 796 811
f 777 811 786
f 792 787 844
f 844 787 786
f 844 786 837
f 837 786 811
f 844 899 792
f 792 899 913
f 792 913 800
f 800 913 920
f 800 920 803
f 803 920 923
f 803 923 808
f 808 923 806
f 806 923 918
f 806 918 798
f 1420 1436 1492
f 1492 1436 1508
f 1492 1508 1590
f 1590 1508 1598
f 1590 1598 1670
f 1670 1598 1684
f 1670 1684 1710
f 1710 1684 1718
f 1710 1718 1746
f 1746 1718 1756
f 1746 1756 1768
f 1768 1756 1775
f 1768 1775 1779
f 1779 1775 1784
f 1779 1784 1781
f 1781 1784 1789
f 1755 1748 1765
f 1765 1748 1742
f 1765 1742 1749
f 1749 1742 1725
f 1749 1725 1720
f 1720 1725 1702
f 1720 1702 1694
f 1694 1702 1676
f 1694 1676 1647
f 1647 1676 1615
f 1647 1615 1556
f 1556 1615 1536
f 1556 1536 1476
f 1476 1536 1463
f 1476 1463 1410
f 1410 1420 1476
f 1476 1420 1492
f 1476 1492 1556
f 1556 1492 1590
f 1556 1590 1647
f 1647 1590 1670
f 1647 1670 1694
f 1694 1670 1710
f 1694 1710 1720
f 1720 1710 1746
f 1720 1746 1749
f 1749 1746 1768
f 1749 1768 1765
f 1765 1768 1779
f 1765 1779 1755
f 1755 1779 1781
f 1224 1311 1290
f 1290 1396 1282
f 1282 1396 1286
f 1282 1286 1181
f 1224 1290 1218
f 1218 1290 1282
f 1218 1282 1205
f 1205 1282 1181
f 1205 1181 1074
f 1074 1069 1205
f 1205 1069 1148
f 1205 1148 1218
f 1218 1148 1159
f 1218 1159 1224
f 749 798 922
f 922 798 918
f 922 918 1072
f 1072 918 923
f 1072 923 1080
f 1080 923 920
f 1080 920 1076
f 1076 920 1028
f 1076 1028 1098
f 966 922 1069
f 1069 922 1072
f 1069 1072 1148
f 1148 1072 1080
f 1148 1080 1159
f 1159 1080 1076
f 1159 1076 1224
f 1224 1076 1222
f 1224 1222 1311
f 1311 1222 1305
f 1311 1305 1438
f 1438 1305 1424
f 1438 1424 1510
f 1510 1424 1498
f 1510 1498 1602
f 1602 1498 1592
f 1602 1592 1686
f 1686 1592 1678
f 1686 1678 1721
f 1721 1678 1714
f 1721 1714 1759
f 1759 1714 1753
f 1759 1753 1777
f 1777 1753 1772
f 1777 1772 1786
f 1786 1772 1782
f 1786 1782 1788
f 1788 1782 1774
f 1451 1390 1463
f 1463 1390 1396
f 1463 1396 1410
f 1410 1396 1290
f 1410 1290 1420
f 1420 1290 1311
f 1420 1311 1436
f 1436 1311 1438
f 1436 1438 1508
f 1508 1438 1510
f 1508 1510 1598
f 1598 1510 1602
f 1598 1602 1684
f 1684 1602 1686
f 1684 1686 1718
f 1718 1686 1721
f 1718 1721 1756
f 1756 1721 1759
f 1756 1759 1775
f 1775 1759 1777
f 1775 1777 1784
f 1784 1777 1786
f 1784 1786 1789
f 1789 1786 1788
f 1160 1161 1188
f 1188 1161 1216
f 1284 1257 1273
f 1273 1257 1238
f 1273 1238 1216
f 1216 1238 1204
f 1216 1204 1188
f 1359 1351 1310
f 1310 1351 1330
f 1330 1316 1310
f 1310 1316 1309
f 1310 1309 1273
f 1273 1309 1296
f 1273 1296 1284
f 1028 1029 1098
f 1098 1029 1161
f 1098 1161 1160
f 1483 1505 1542
f 1574 1550 1566
f 1566 1550 1525
f 1566 1525 1542
f 1542 1525 1486
f 1542 1486 1483
f 1483 1486 1467
f 1467 1486 1471
f 1471 1486 1525
f 1471 1525 1501
f 1501 1525 1550
f 1501 1550 1529
f 1347 1467 1346
f 1346 1467 1485
f 1346 1485 1345
f 1345 1485 1493
f 1345 1493 1344
f 1344 1493 1497
f 1344 1497 1343
f 1527 1551 1565
f 1635 1674 1682
f 1505 1468 1514
f 1682 1643 1635
f 1635 1643 1574
f 1635 1574 1564
f 1564 1574 1566
f 1564 1566 1542
f 1644 1683 1675
f 1675 1683 1688
f 1675 1688 1690
f 1690 1688 1691
f 1690 1691 1674
f 1674 1691 1687
f 1674 1687 1682
f 1551 1575 1565
f 1565 1575 1644
f 1565 1644 1636
f 1636 1644 1675
f 1469 1507 1515
f 1515 1507 1545
f 1515 1545 1584
f 1584 1545 1618
f 1584 1618 1627
f 1627 1618 1653
f 1627 1653 1642
f 1642 1653 1669
f 1642 1669 1626
f 1626 1669 1652
f 1626 1652 1583
f 1583 1652 1617
f 1583 1617 1514
f 1514 1617 1543
f 1514 1543 1505
f 1507 1527 1545
f 1545 1527 1565
f 1545 1565 1618
f 1618 1565 1636
f 1618 1636 1653
f 1653 1636 1675
f 1653 1675 1669
f 1669 1675 1690
f 1669 1690 1652
f 1652 1690 1674
f 1652 1674 1617
f 1617 1674 1635
f 1617 1635 1543
f 1543 1635 1564
f 1543 1564 1505
f 1505 1564 1542
f 1166 1168 1189
f 1166 1189 1214
f 1258 1272 1239
f 1239 1272 1214
f 1239 1214 1206
f 1206 1214 1189
f 1308 1307 1298
f 1298 1307 1272
f 1298 1272 1285
f 1285 1272 1258
f 1365 1364 1331
f 1331 1364 1307
f 1331 1307 1317
f 1317 1307 1308
f 1521 1530 1547
f 1480 1484 1507
f 1507 1484 1527
f 1491 1521 1522
f 1522 1521 1547
f 1522 1547 1551
f 1551 1547 1575
f 1551 1527 1522
f 1522 1527 1484
f 1522 1484 1491
f 1491 1484 1480
f 1491 1480 1466
f 1364 1365 1361
f 1361 1365 1363
f 1353 1348 1349
f 1356 1361 1357
f 1357 1361 1360
f 1363 1362 1361
f 1361 1362 1358
f 1361 1358 1360
f 1349 1350 1353
f 1353 1350 1352
f 1353 1352 1354
f 1354 1352 1361
f 1354 1361 1355
f 1355 1361 1356
f 1168 1166 1099
f 1099 1166 1030
f 1099 1030 1031
f 1743 1748 1755
f 977 776 870
f 870 776 724
f 870 724 802
f 682 770 724
f 724 770 782
f 724 782 802
f 807 801 919
f 921 912 898
f 805 921 804
f 804 921 898
f 804 898 791
f 898 843 791
f 791 843 836
f 791 836 778
f 778 836 814
f 778 814 810
f 789 772 790
f 790 772 778
f 790 778 797
f 797 778 810
f 1031 987 921
f 921 987 967
f 921 967 912
f 1031 921 1099
f 1099 921 1077
f 1099 1077 1168
f 1168 1077 1223
f 1168 1223 1189
f 1285 1258 1306
f 1306 1258 1239
f 1306 1239 1223
f 1223 1239 1206
f 1223 1206 1189
f 1365 1331 1425
f 1363 1365 1395
f 1395 1365 1425
f 1395 1425 1500
f 1331 1317 1425
f 1425 1317 1308
f 1425 1308 1306
f 1306 1308 1298
f 1306 1298 1285
f 1450 1593 1517
f 1517 1593 1679
f 1517 1679 1601
f 1601 1679 1715
f 1601 1715 1673
f 1673 1715 1754
f 1673 1754 1709
f 1770 1761 1773
f 1773 1761 1758
f 1773 1758 1754
f 1754 1758 1738
f 1754 1738 1709
f 1773 1783 1770
f 1770 1783 1788
f 1770 1788 1774
f 1736 1745 1743
f 1743 1745 1744
f 1743 1744 1748
f 1555 1464 1452
f 1452 1464 1397
f 1452 1397 1391
f 1391 1397 1283
f 1391 1283 1287
f 1287 1283 1207
f 1287 1207 1182
f 1182 1207 1073
f 1182 1073 1075
f 1075 1073 919
f 1075 919 977
f 977 919 801
f 977 801 776
f 1073 1081 919
f 919 1081 924
f 919 924 807
f 807 924 809
f 1225 1219 1312
f 1312 1219 1291
f 1312 1291 1412
f 1437 1422 1509
f 1509 1422 1494
f 1437 1312 1422
f 1422 1312 1412
f 1422 1412 1494
f 1494 1412 1477
f 1780 1785 1769
f 1769 1785 1776
f 1769 1776 1747
f 1747 1776 1757
f 1747 1757 1711
f 1711 1757 1719
f 1711 1719 1671
f 1671 1719 1685
f 1671 1685 1591
f 1591 1685 1599
f 1766 1780 1750
f 1750 1780 1769
f 1750 1769 1722
f 1722 1769 1747
f 1722 1747 1695
f 1695 1747 1711
f 1695 1711 1648
f 1648 1711 1671
f 1648 1671 1558
f 1558 1671 1591
f 1464 1477 1397
f 1397 1477 1412
f 1397 1412 1283
f 1283 1412 1291
f 1283 1291 1207
f 1207 1291 1219
f 1207 1219 1073
f 1073 1219 1225
f 1073 1225 1081
f 1558 1537 1648
f 1648 1537 1616
f 1648 1616 1695
f 1695 1616 1677
f 1695 1677 1722
f 1722 1677 1703
f 1722 1703 1750
f 1750 1703 1726
f 1750 1726 1766
f 1785 1787 1776
f 1776 1787 1778
f 1776 1778 1757
f 1757 1778 1760
f 1757 1760 1719
f 1719 1760 1723
f 1719 1723 1685
f 1685 1723 1689
f 1685 1689 1599
f 1599 1689 1603
f 1599 1603 1500
f 1766 1781 1780
f 1780 1781 1789
f 1780 1789 1785
f 1785 1789 1788
f 1785 1788 1787
f 1787 1788 1783
f 1787 1783 1778
f 1778 1783 1773
f 1778 1773 1760
f 1760 1773 1754
f 1760 1754 1723
f 1723 1754 1715
f 1723 1715 1689
f 1689 1715 1679
f 1689 1679 1603
f 1603 1679 1593
f 1603 1593 1500
f 1500 1593 1450
f 1500 1450 1395
f 805 809 921
f 921 809 924
f 921 924 1077
f 1077 924 1081
f 1077 1081 1223
f 1223 1081 1225
f 1223 1225 1306
f 1306 1225 1312
f 1306 1312 1425
f 1425 1312 1437
f 1425 1437 1500
f 1500 1437 1509
f 1500 1509 1599
f 1599 1509 1494
f 1599 1494 1591
f 1591 1494 1477
f 1591 1477 1558
f 1558 1477 1464
f 1558 1464 1537
f 1537 1464 1555
f 1537 1555 1616
f 1616 1555 1663
f 1616 1663 1677
f 1677 1663 1707
f 1677 1707 1703
f 1703 1707 1736
f 1703 1736 1726
f 1726 1736 1743
f 1726 1743 1766
f 1766 1743 1755
f 1766 1755 1781
f 217 221 278
f 554 478 468
f 804 532 554
f 554 532 511
f 554 511 478
f 772 756 778
f 778 756 747
f 747 720 778
f 778 720 704
f 778 704 691
f 691 670 778
f 778 670 618
f 778 618 612
f 804 791 532
f 532 791 778
f 532 778 601
f 601 778 612
f 549 807 553
f 553 807 809
f 553 809 554
f 554 809 805
f 554 805 804
f 549 557 609
f 609 676 549
f 549 676 680
f 549 680 711
f 711 750 549
f 549 750 801
f 549 801 807
f 470 473 523
f 450 458 422
f 450 422 418
f 418 422 369
f 418 369 383
f 383 369 331
f 331 369 321
f 331 321 324
f 324 321 281
f 281 321 274
f 281 274 233
f 233 274 209
f 233 209 196
f 269 208 211
f 380 319 328
f 328 319 269
f 328 269 278
f 278 269 211
f 278 211 217
f 468 454 428
f 428 454 412
f 428 412 380
f 380 412 361
f 380 361 319
f 422 424 369
f 369 424 375
f 369 375 321
f 321 375 326
f 321 326 274
f 468 428 554
f 554 428 472
f 554 472 553
f 553 472 470
f 553 470 549
f 549 470 523
f 549 523 557
f 221 209 278
f 278 209 274
f 278 274 328
f 328 274 326
f 328 326 380
f 380 326 375
f 380 375 428
f 428 375 424
f 428 424 472
f 472 424 422
f 472 422 470
f 470 422 458
f 470 458 473
f 878 841 840
f 878 840 945
f 945 840 1010
f 945 1010 1011
f 1085 1087 1010
f 1010 1087 1051
f 1010 1051 1011
f 1264 1265 1175
f 1175 1265 1242
f 1242 1215 1175
f 1175 1215 1176
f 1175 1176 1085
f 1085 1176 1162
f 1085 1162 1087
f 1261 1267 1322
f 1322 1267 1326
f 1322 1326 1382
f 1167 1174 1086
f 1266 1259 1246
f 1246 1259 1174
f 1246 1174 1217
f 1217 1174 1167
f 1012 1055 1086
f 1086 1055 1084
f 1086 1084 1167
f 839 882 842
f 842 882 946
f 842 946 1012
f 1012 946 1009
f 1012 1009 1055
f 884 642 643
f 879 639 638
f 643 883 884
f 884 883 1056
f 884 1056 1057
f 1057 1056 1169
f 1057 1169 1170
f 1170 1169 1247
f 1170 1247 1248
f 1248 1247 1327
f 1248 1327 1328
f 1328 1327 1379
f 1328 1379 1380
f 1380 1379 1324
f 1380 1324 1323
f 1323 1324 1243
f 1323 1243 1244
f 1244 1243 1163
f 1244 1163 1164
f 1164 1163 1052
f 1164 1052 1053
f 1053 1052 879
f 1053 879 880
f 880 879 638
f 644 827 885
f 885 827 1039
f 885 1039 1058
f 1058 1039 1145
f 1058 1145 1171
f 1171 1145 1235
f 1171 1235 1249
f 1249 1235 1319
f 1249 1319 1329
f 1329 1319 1402
f 1329 1402 1381
f 1381 1402 1401
f 1381 1401 1325
f 1325 1401 1318
f 1325 1318 1245
f 1245 1318 1234
f 1245 1234 1165
f 1165 1234 1144
f 1165 1144 1054
f 1054 1144 1038
f 1054 1038 881
f 881 1038 826
f 881 826 641
f 506 484 479
f 479 484 467
f 479 467 459
f 459 467 451
f 459 451 452
f 700 683 656
f 656 683 628
f 656 628 610
f 610 628 608
f 610 608 572
f 572 608 552
f 572 552 562
f 562 552 515
f 562 515 506
f 506 515 505
f 506 505 484
f 754 746 722
f 722 746 726
f 722 726 700
f 700 726 705
f 700 705 683
f 774 785 784
f 784 783 774
f 774 783 771
f 774 771 754
f 754 771 753
f 754 753 746
f 784 785 796
f 796 785 794
f 796 794 811
f 811 794 822
f 811 822 837
f 837 822 867
f 837 867 844
f 844 867 899
f 899 867 909
f 899 909 913
f 913 909 951
f 951 909 952
f 951 952 968
f 968 952 989
f 989 952 992
f 989 992 1028
f 1028 992 1020
f 1028 1020 1029
f 1467 1347 1483
f 1483 1347 1359
f 1483 1359 1310
f 1161 1230 1216
f 1216 1230 1373
f 1216 1373 1273
f 1273 1373 1468
f 1273 1468 1310
f 1310 1468 1505
f 1310 1505 1483
f 1020 1021 1029
f 1029 1021 1046
f 1029 1046 1161
f 1161 1046 1151
f 1161 1151 1230
f 1469 1279 1233
f 1021 1036 1046
f 1046 1036 1070
f 1046 1070 1151
f 1277 1373 1232
f 1232 1373 1230
f 1232 1230 1185
f 1185 1230 1151
f 1185 1151 1142
f 1142 1151 1070
f 1469 1233 1374
f 1374 1233 1186
f 1374 1186 1231
f 1231 1186 1143
f 1231 1143 1152
f 1152 1143 1071
f 1152 1071 1047
f 1047 1071 1037
f 1047 1037 1023
f 1279 1469 1315
f 1315 1469 1515
f 1315 1515 1386
f 1386 1515 1584
f 1386 1584 1400
f 1400 1584 1627
f 1400 1627 1407
f 1407 1627 1642
f 1407 1642 1399
f 1399 1642 1626
f 1399 1626 1385
f 1385 1626 1583
f 1385 1583 1314
f 1314 1583 1514
f 1314 1514 1277
f 1277 1514 1468
f 1277 1468 1373
f 1465 1466 1480
f 1361 1465 1364
f 1364 1465 1480
f 1364 1480 1307
f 1307 1480 1507
f 1307 1507 1272
f 1272 1507 1469
f 1272 1469 1214
f 1469 1374 1214
f 1214 1374 1231
f 1214 1231 1166
f 1231 1152 1166
f 1166 1152 1047
f 1166 1047 1030
f 1030 1047 1023
f 1030 1023 1022
f 795 788 790
f 843 869 823
f 790 797 795
f 795 797 810
f 795 810 813
f 813 810 814
f 813 814 823
f 823 814 836
f 823 836 843
f 1030 1022 1031
f 1031 1022 995
f 1031 995 987
f 987 995 953
f 987 953 967
f 967 953 911
f 967 911 912
f 912 911 869
f 912 869 898
f 898 869 843
f 453 454 468
f 453 468 480
f 480 468 478
f 480 478 507
f 507 478 511
f 507 511 563
f 563 511 532
f 563 532 574
f 574 532 601
f 574 601 611
f 657 691 703
f 703 691 704
f 703 704 723
f 601 612 611
f 611 612 618
f 611 618 657
f 657 618 670
f 657 670 691
f 704 720 723
f 723 720 747
f 723 747 755
f 755 747 756
f 755 756 775
f 775 756 772
f 775 772 788
f 788 772 789
f 788 789 790
f 946 882 884
f 841 878 880
f 1326 1267 1248
f 1323 1382 1380
f 1380 1382 1326
f 1380 1326 1328
f 1328 1326 1248
f 1244 1261 1323
f 1323 1261 1322
f 1323 1322 1382
f 1265 1261 1242
f 1242 1261 1244
f 1242 1244 1215
f 1215 1244 1164
f 1215 1164 1176
f 1053 1087 1164
f 1164 1087 1162
f 1164 1162 1176
f 878 945 880
f 880 945 1011
f 880 1011 1053
f 1053 1011 1051
f 1053 1051 1087
f 638 637 707
f 638 707 880
f 880 707 765
f 880 765 841
f 882 839 884
f 884 839 766
f 884 766 642
f 642 766 708
f 642 708 640
f 946 884 1009
f 1009 884 1057
f 1009 1057 1055
f 1055 1057 1084
f 1084 1057 1170
f 1084 1170 1167
f 1167 1170 1217
f 1217 1170 1248
f 1217 1248 1246
f 1246 1248 1267
f 1246 1267 1266
f 641 639 879
f 641 879 881
f 881 879 1052
f 881 1052 1054
f 1054 1052 1163
f 1054 1163 1165
f 1165 1163 1243
f 1165 1243 1245
f 1245 1243 1324
f 1245 1324 1325
f 1325 1324 1378
f 1325 1378 1381
f 1381 1378 1327
f 1381 1327 1329
f 1329 1327 1247
f 1329 1247 1249
f 1249 1247 1169
f 1249 1169 1171
f 1171 1169 1056
f 1171 1056 1058
f 1058 1056 883
f 1058 883 885
f 885 883 643
f 885 643 644
f 867 822 826
f 452 442 491
f 775 788 640
f 640 788 795
f 640 795 642
f 795 813 642
f 642 813 823
f 642 823 643
f 643 823 827
f 643 827 644
f 573 611 657
f 657 703 573
f 573 703 723
f 573 723 640
f 640 723 755
f 640 755 775
f 700 656 571
f 571 656 610
f 571 610 572
f 641 826 639
f 639 826 822
f 639 822 638
f 638 822 637
f 637 822 794
f 637 794 785
f 785 774 637
f 637 774 754
f 637 754 571
f 571 754 722
f 571 722 700
f 452 491 459
f 572 562 571
f 571 562 506
f 571 506 491
f 491 506 479
f 491 479 459
f 992 952 826
f 826 952 909
f 826 909 867
f 1020 992 1021
f 1021 992 826
f 1021 826 1036
f 1036 826 1038
f 1036 1038 1070
f 1070 1038 1144
f 1234 1185 1144
f 1144 1185 1142
f 1144 1142 1070
f 1318 1277 1234
f 1234 1277 1232
f 1234 1232 1185
f 1401 1385 1318
f 1318 1385 1314
f 1318 1314 1277
f 1402 1407 1401
f 1401 1407 1399
f 1401 1399 1385
f 1319 1386 1402
f 1402 1386 1400
f 1402 1400 1407
f 1235 1279 1319
f 1319 1279 1315
f 1319 1315 1386
f 1145 1186 1235
f 1235 1186 1233
f 1235 1233 1279
f 1039 1071 1145
f 1145 1071 1143
f 1145 1143 1186
f 823 869 827
f 827 869 911
f 827 911 953
f 995 1022 1023
f 953 995 827
f 827 995 1023
f 827 1023 1039
f 1039 1023 1037
f 1039 1037 1071
f 492 563 573
f 573 563 574
f 573 574 611
f 492 443 453
f 453 480 492
f 492 480 507
f 492 507 563
