v -0.008769148029 -2.355717697e-06 -0.02590003051
v -0.008729944006 -6.130123802e-05 -0.03121057339
v -0.008699947037 0.0009790383046 -0.02594994009
v -0.00869942084 -0.000983714941 -0.02594993636
v -0.008698260412 0.0007123702089 -0.03119671904
v -0.008678212762 -0.0009112262633 -0.03118849918
v -0.008643705398 -0.001017487957 -0.02315716259
v -0.008628992364 -2.317500275e-06 -0.02034818754
v -0.008605724201 0.0005304723163 -0.0203733556
v -0.008605438285 -0.0005351002328 -0.02037336491
v -0.00858316943 0.001540602301 -0.03114725091
v -0.008538389578 0.001060710871 -0.02044444345
v -0.008537817746 -0.001065299497 -0.02044443227
v -0.008536199108 -0.001772552379 -0.03112788871
v -0.00852194149 -0.001920728711 -0.02883902937
v -0.008503799327 0.00194592413 -0.02607937716
v -0.008502751589 -0.001950494363 -0.02607937157
v -0.008423523977 0.002010963392 -0.02334380522
v -0.008422442712 -0.002015488455 -0.02334380895
v -0.008372136392 0.002414821647 -0.03105600923
v -0.008348878473 -2.241770972e-06 -0.01547554228
v -0.008344794624 -0.002506006509 -0.03104465827
v -0.008319896646 0.0005809476133 -0.01551002264
v -0.008319583721 -0.0005854191259 -0.01551002264
v -0.008300663903 -0.0004000867775 0.001509865164
v -0.00830063317 -0.0004000192857 -0.005400056951
v -0.008300590329 -0.0004000820918 -0.009975040331
v -0.008300528862 -0.0004448442778 0.001508458285
v -0.008300486952 -0.0004010566045 0.000199721384
v -0.008299731649 -0.0005207229406 0.001505649416
v -0.008297422901 -0.0004000110202 -0.01000984572
v -0.00829599984 -0.0006723043625 0.001498379512
v -0.008295886219 -0.0001200776314 0.0001866400999
v -0.008293996565 -0.0007357627037 -0.005381302442
v -0.008292149752 -3.924225166e-05 -0.005377461668
v -0.008288051002 0.002103253966 -0.0206975434
v -0.008286919445 -0.002107708249 -0.02069754153
v -0.008285851218 -0.0001265778992 0.0001239167177
v -0.008285385557 -0.0004474086745 0.001585308346
v -0.008285195567 -0.0003993116843 0.001586311497
v -0.008285121992 -0.0003999324108 -0.01005148329
v -0.008284562267 -0.0005237269215 0.001582463621
v -0.008284477517 -0.0009038369171 0.0001562348043
v -0.008284057491 -0.0007279752754 -0.005318650976
v -0.008282260969 -4.761431046e-05 -0.005314859096
v -0.008280762471 -0.0006761784316 0.001575077185
v -0.008280012757 -0.0009745414136 0.001476973295
v -0.008277821355 -0.0003991738486 0.00160213653
v -0.00827536732 -0.001034655259 -0.009970675223
v -0.008274843916 -0.0008921420667 9.387898172e-05
v -0.008264557458 -0.0009801578708 0.001553296461
v -0.008264290169 -0.0003998760076 -0.01008961629
v -0.008255956694 -0.0001332196407 6.680272782e-05
v -0.008255822584 0.0004483667435 0.001451752731
v -0.008254211396 -0.0007199994288 -0.005261615384
v -0.008252437226 -5.618391879e-05 -0.005257842131
v -0.008245147765 -0.0008801670629 3.716495848e-05
v -0.008242035285 -0.0003988840617 0.001651218394
v -0.008241958916 -0.0003998498432 -0.01011637691
v -0.008240530267 -0.0005257736193 0.001646882738
v -0.008240517229 0.002842734801 -0.02896184847
v -0.008238987066 -0.002847166965 -0.02896185592
v -0.008236736991 -0.0006783631397 0.001639421331
v -0.008236720227 0.001160688582 -0.01560757402
v -0.008236365393 0.002838107292 -0.03099606372
v -0.008236096241 -0.001165118301 -0.01560757216
v -0.008229226805 0.0006650793948 -2.74817836e-07
v -0.008222835138 0.0007147863507 -0.005180784501
v -0.008222249337 -0.001517636585 -0.005179193337
v -0.008221643977 0.0006400112761 -6.051203309e-05
v -0.008220570162 -0.00098263775 0.001617385074
v -0.008216301911 -0.0001384642819 2.742163088e-05
v -0.008215524256 0.000688511238 -0.005120843649
v -0.008215215057 -0.0003988871758 0.001673614606
v -0.008214958012 -0.001491283881 -0.005119249225
v -0.008214559406 -0.0007137156208 -0.00522230519
v -0.008214165457 -0.001573286485 0.001405072166
v -0.008212789893 -6.294468039e-05 -0.005218583625
v -0.008211306296 0.0007948724669 0.001403920818
v -0.008205510676 -0.0008707239758 -1.845008001e-06
v -0.008202831261 -0.001648684498 -7.835730503e-05
v -0.008198664524 0.00288374722 -0.02625789121
v -0.008197876625 -0.001582948957 0.001479923725
v -0.008197196759 -0.001584372018 -0.0100345239
v -0.008197113872 -0.002888157265 -0.02625789121
v -0.008196271025 -0.00161911652 -0.000137484094
v -0.008194808848 0.0008044600254 0.001478627324
v -0.008194666356 0.0008042253321 -0.01003431249
v -0.008192983456 0.0006143982173 -0.0001150014941
v -0.008192839101 -0.0003998681495 -0.01015220396
v -0.008190382272 -0.00172366784 0.001379948459
v -0.008189017884 0.0009344324353 -0.009951463901
v -0.00818700064 0.0006616411847 -0.005066623911
v -0.008186443709 -0.001464358182 -0.005065061618
v -0.008177146316 -0.0003990898549 0.001694430248
v -0.008175909519 -0.0005266357912 0.001690642093
v -0.008172175847 -0.0006786605227 0.001683172537
v -0.008168127388 -0.001588906394 -0.0001908125123
v -0.008158816025 -0.0001433870639 -2.365209184e-06
v -0.008157036267 -0.0007078247145 -0.005192632787
v -0.008156236261 -0.0009818592807 0.001661076793
v -0.008155255578 -6.929103984e-05 -0.005188994575
v -0.00815405976 -0.001586640486 0.001543048187
v -0.008153580129 -0.001580519602 -0.01009880658
v -0.008153414354 0.0005943191936 -0.000151966844
v -0.008151920512 0.0008003081311 -0.01009909436
v -0.008151818998 0.000808190729 0.001542365411
v -0.008147896267 -0.0008618790889 -3.111796832e-05
v -0.008147440851 0.0006406276952 -0.005029920489
v -0.008146882989 -0.001443280489 -0.005028369837
v -0.008138462901 -0.000526553893 0.001702199806
v -0.008135501295 -0.0003995339212 0.00170675572
v -0.008128588088 -0.001565317041 -0.0002267551172
v -0.008127667941 -0.0020550224 -0.009927262552
v -0.008127246052 0.001256147516 -0.009927307256
v -0.008126867935 0.001258130884 0.001311113709
v -0.00812653359 -0.002060092287 0.001310696243
v -0.008125226945 -0.002067023655 -0.0003195539175
v -0.008101674728 0.001373709529 -0.0003979452013
v -0.008100664243 -0.0004000831977 0.00170995295
v -0.008100632578 -0.0004000592453 -0.005200049374
v -0.008100588806 -0.0004000826739 -0.01017504744
v -0.008100490086 -0.0003996966698 -2.542261655e-07
v -0.008099756204 -0.0005261027254 0.001705501229
v -0.008099129423 0.001330618048 -0.0004520533548
v -0.008097801358 0.001389760408 -0.004789687693
v -0.008096117526 -0.0006769147585 0.001698098145
v -0.008096003905 -0.0001465770183 -1.241046266e-05
v -0.00809542276 0.001346274745 -0.004735815339
v -0.008095129393 0.0005757759791 -0.0001788306254
v -0.008094163612 -0.0007039940683 -0.005182647612
v -0.008092363365 -7.339326112e-05 -0.005179080646
v -0.008091498166 -0.002218140988 -0.004767821636
v -0.008090643212 -0.001584261423 0.001586547703
v -0.008089789189 -0.001572800218 -0.01014262624
v -0.008089394309 -0.002173846122 -0.004714258946
v -0.008089059964 0.0006212812732 -0.005003415048
v -0.008088495582 -0.001423862064 -0.005001840647
v -0.008088179864 0.0008054153877 0.001585441525
v -0.008087861352 0.0007922867662 -0.01014230866
v -0.008085702546 0.002974895295 -0.02360459603
v -0.008084882051 -0.0008561596624 -4.063840606e-05
v -0.008084530942 -0.002182986122 -0.00998956617
v -0.008084101602 -0.00297924201 -0.02360459231
v -0.00808052998 -0.0009777421365 0.001676215907
v -0.008079035208 0.001403589151 -0.009986796416
v -0.008075056598 -0.002286819508 -0.009900732897
v -0.008073024452 0.001286738552 -0.0005003481638
v -0.00807176996 -0.002300830791 -0.0005006910069
v -0.00807045307 -0.002254324267 -0.0005530497874
v -0.008069955744 -0.001543698716 -0.0002524267475
v -0.008069399744 0.001301928423 -0.004687687382
v -0.008064241149 0.0003605333623 -0.0101703601
v -0.008063660003 0.003296560375 -0.03091883659
v -0.008063514717 -0.002128747525 -0.004666535649
v -0.008055499755 -0.001262450591 0.001646354329
v -0.008050525561 0.001582839177 0.001222878112
v -0.008044973016 -0.002206988167 -0.0005996090476
v -0.008041314781 -0.002180573065 -0.01005306281
v -0.008038579486 -0.003357600421 -0.03090837412
v -0.008036587387 0.001401665621 -0.01005050912
v -0.008036333136 0.001589652034 -0.00452071242
v -0.008036120795 0.001640040893 -0.004570696503
v -0.008035194129 -2.159013547e-06 -0.01196760405
v -0.00803360343 0.001252890099 -0.0005320393248
v -0.008031011559 0.0005642693141 -0.0001859707845
v -0.008029985242 0.001267786254 -0.004656190518
v -0.008026897907 -0.001395684085 -0.00019793924
v -0.00802478008 0.0006092708209 -0.004996448755
v -0.008024208248 -0.001411870937 -0.004994957708
v -0.008024105802 -0.002094016643 -0.004635304678
v -0.008016329259 -0.001575822942 0.001602492528
v -0.008014719002 -0.001562204794 -0.01015780494
v -0.00801163353 0.001538385521 -0.004476385191
v -0.008005583659 -0.002170616295 -0.0006299266242
v -0.008005276322 -0.001530512935 -0.0002584860777
v -0.008004435338 0.0006033896934 -0.01199679542
v -0.008004111238 -0.0006076953141 -0.01199679263
v -0.007995197549 0.0009154309519 0.001581004588
v -0.007983152755 -0.001786735142 0.001565443119
v -0.007980903611 0.0009756361833 -0.01014720276
v -0.007978856564 -0.002171462169 -0.01009685732
v -0.007974013686 0.001392579521 -0.01009376533
v -0.007973586209 0.001222739695 -0.0005531174829
v -0.007972283289 0.001499222359 -0.004447861575
v -0.00796991121 0.001237442601 -0.004635388032
v -0.0079639256 -0.00206319429 -0.004614730831
v -0.007959704846 -0.001891612192 -0.01013873518
v -0.007957825437 -0.00271683326 0.001108376659
v -0.007955763489 0.001876989845 -0.001015068148
v -0.007951959968 0.001934202504 0.001101935864
v -0.007951802574 0.001936145127 -0.0009719064692
v -0.007951743901 0.001935083186 -0.009820784442
v -0.007946393453 -0.002708221087 -0.004141710233
v -0.007945635356 -0.002756118774 -0.00981401559
v -0.007945132442 -0.002138498239 -0.0006495864363
v -0.007944080979 -0.002761769108 0.001090732403
v -0.007943219505 0.0001341648313 -0.01110201329
v -0.007941977121 -0.002768353559 -0.004183957819
v -0.007941378281 0.0002029090101 -0.01110501215
v -0.007941301912 0.0001981010864 -0.01110463496
v -0.007940381765 0.0002298670443 -0.01110580005
v -0.007940352894 -0.0001983390684 -0.01109285001
v -0.007937826216 -0.002737400122 0.001175527344
v -0.007936584763 -0.00274103554 -0.001107116346
v -0.007932985201 0.001817048411 -0.001052929903
v -0.007932271808 0.00229595392 -0.01595645957
v -0.007931644097 -0.002802287461 -0.001066104393
v -0.007931626402 0.001954977866 0.00116835162
v -0.007931035012 -0.002300218912 -0.01595645584
v -0.007927403785 -0.002768320963 -0.009885535575
v -0.007923852652 -0.002647308167 -0.004104705993
v -0.007920964621 0.001987372525 -0.009882204235
v -0.007916442119 0.001204992295 -0.01207938232
v -0.007915792055 -0.001209246228 -0.01207938045
v -0.00791431684 -0.002679030178 -0.001143036876
v -0.00791128166 0.001465074951 -0.00442996854
v -0.007911039516 0.003104775213 -0.02105402388
v -0.007909368724 -0.003109026235 -0.02105402574
v -0.007907022722 -0.0006347581511 -0.01108673308
v -0.007906647399 0.001205830835 -0.0005552283837
v -0.00790287368 0.001220366335 -0.004633286037
v -0.007898483425 0.002059694612 -0.003897319781
v -0.00789672602 -0.002046074253 -0.004612973426
v -0.007894589566 -0.002747226506 0.00123330683
v -0.007893716916 0.001771788346 -0.001076724497
v -0.00789164938 0.002124837367 -0.003933738451
v -0.007889324799 -0.0007758642896 -0.01108507719
v -0.007889020257 0.001965417527 0.001226083958
v -0.007884591818 -0.002601382788 -0.004081524443
v -0.007884574123 -0.002770334948 -0.009946565144
v -0.007878804579 0.001990106655 -0.009943365119
v -0.007877491415 -0.002120938152 -0.0006506372592
v -0.007877187803 0.001993836137 -0.003865538165
v -0.007876865566 0.0001979169901 -0.01114856731
v -0.007875406183 0.0009004812455 -0.0111295376
v -0.007875064388 -0.002632385585 -0.001165483962
v -0.007868230343 0.003730101511 -0.02909378894
v -0.007866224274 -0.003734329017 -0.02909379452
v -0.0078596659 -0.002383069135 0.001417722786
v -0.007850174792 0.001591535052 -0.01008083485
v -0.007845369168 -0.002238596324 -0.0007614497445
v -0.007845133543 0.001438456704 -0.0007616395596
v -0.007845127955 -0.002238696208 -0.004438681994
v -0.007842734456 0.001446956769 -0.004429939203
v -0.007840665989 0.002230546903 -0.001678848406
v -0.00783796981 0.001944614341 -0.003845954314
v -0.007834937423 -0.002745762467 0.001275095739
v -0.007834557444 -0.003048347309 -0.003471639706
v -0.007831318304 0.00173340633 -0.001090561273
v -0.007830809802 0.002301651519 -0.001652037026
v -0.007829359733 0.001964027295 0.001267314539
v -0.007825201377 -0.0007691878709 -0.01113435812
v -0.007824379019 -0.003120070556 -0.003497100901
v -0.00782431569 -0.002762558172 -0.009989839979
v -0.007824274711 -0.003076435765 -0.001813060022
v -0.007822016254 -0.002562574577 -0.004068186507
v -0.007820933126 0.00215890049 -0.001702025183
v -0.007818510756 0.001982428599 -0.009986179881
v -0.007814995013 -0.002976097399 -0.003449650947
v -0.00781354215 -0.003149190685 -0.00178987009
v -0.007812278811 -0.002593166893 -0.001178329228
v -0.007811701857 0.001173464465 -0.0111412229
v -0.007805000991 -0.003003183054 -0.001833070884
v -0.007803059183 0.002333931625 -0.003166221548
v -0.0078025111 0.003777969163 -0.02645508386
v -0.00780047942 -0.003782162443 -0.02645508572
v -0.007800052408 0.000197902933 -0.01116366778
v -0.007793174591 -0.002609753283 -0.01003919728
v -0.00779112475 0.002408880042 -0.003183082677
v -0.007784406189 0.002258564811 -0.003151691053
v -0.007782676257 0.002388266381 -0.002414109884
v -0.007781901397 -0.003191282507 -0.002735290676
v -0.007781764492 0.002105877269 -0.001716063591
v -0.007780760061 -0.003194469959 -0.002571708988
v -0.007778843399 -0.0004000820627 0.001709943986
v -0.007777064107 -0.0004507355625 0.00170833501
v -0.007775831502 -0.002922685584 -0.003436362604
v -0.007775057107 -0.0005000799429 0.001706509618
v -0.007774462923 0.001903854543 -0.003835273674
v -0.007773612626 -0.0013929134 -0.01106765401
v -0.007769573014 0.002465335652 -0.002408392727
v -0.007768751122 -0.003268446308 -0.002739459043
v -0.007767567877 -0.0005000816891 0.001706513343
v -0.007767537609 -0.003271764843 -0.002570906887
v -0.007766396739 -0.002732628025 0.001294186106
v -0.007765843533 -0.002949132584 -0.001845083199
v -0.007764633279 0.002310876967 -0.002418984892
v -0.007763883099 -0.003113801591 -0.0027317442
v -0.007762779016 -0.003116866108 -0.002572399797
v -0.00776072219 -0.003289178247 -0.009641639888
v -0.007760523818 0.001715038903 -0.001088195713
v -0.007753297687 -0.0007492470322 0.001693579019
v -0.007752938196 0.001977513079 0.001276454306
v -0.007752007339 -0.0006634487654 -0.01115548238
v -0.007751369383 -0.00236348412 -0.01400345471
v -0.007750943769 -0.002544216113 -0.004070822615
v -0.007745265961 0.00220319978 -0.003143035574
v -0.007741374429 0.00116504461 -0.01115444768
v -0.00774086779 -0.002574933227 -0.001175667509
v -0.007735182066 0.001572562964 -0.01112859789
v -0.007734530605 -0.003322001314 -0.009701232426
v -0.007732295431 0.002562200185 0.0008026318392
v -0.007732068188 0.002020995831 -0.009990814142
v -0.007729056757 0.002535853069 -0.009695354849
v -0.007725509349 0.002254255349 -0.002421861282
v -0.007724756375 -0.00305711315 -0.002729647793
v -0.007723653223 -0.003060104093 -0.002572820289
v -0.007721293718 -0.002883221721 0.001231480506
v -0.007721152157 -0.002856838051 -0.009978903458
v -0.007721103262 0.004044704605 -0.03076183051
v -0.007717062719 0.002063003369 -0.001723199617
v -0.007716736291 0.0003856044204 0.001655461383
v -0.007710997481 -0.002879600972 -0.003429640317
v -0.007701873779 0.001885873149 -0.003838480217
v -0.007700785529 -0.002905739238 -0.001851013862
v -0.00769211119 -0.003329811385 -0.009757691063
v -0.007687221281 0.002544081537 -0.009751868434
v -0.007681004703 0.001572114066 -0.01113591529
v -0.007679722272 0.002159221098 -0.003138886066
v -0.0076729008 -0.001456431928 0.001620892202
v -0.007659717929 -0.002801554976 -0.003595470684
v -0.007659593597 0.002001411747 -0.001604780555
v -0.007659481838 0.002209719736 -0.002423159545
v -0.007659359369 -0.002801894443 -0.001604142482
v -0.007659135386 0.002001669258 -0.003595935879
v -0.007658708375 -0.003012537723 -0.00272870902
v -0.007657574955 -0.003015501658 -0.002573038219
v -0.007655523252 0.003887535306 -0.02389839478
v -0.007654805668 -0.004171954934 -0.03073203005
v -0.007653431501 -0.003891648492 -0.02389838174
v -0.007642554585 0.002045954345 -0.001719751395
v -0.007642491255 -0.001759035629 -0.01105627418
v -0.007638821378 -0.001395364408 -0.01111873332
v -0.007636548486 0.002791634994 -0.009496451356
v -0.00763628725 -0.002862643218 -0.003433023812
v -0.007634711917 -0.003325401805 -0.009799316525
v -0.007630147506 -0.0005000802921 0.001581535442
v -0.007629794069 0.002539572772 -0.009793028235
v -0.007625719998 -0.0028890057 -0.001847743872
v -0.007622928359 -0.001930581871 -0.01101265196
v -0.007612371817 -0.001784889493 0.001565644983
v -0.0076119937 0.002848331584 0.0006262243842
v -0.007611820009 -0.003647719044 -0.009465833195
v -0.007604049053 0.002864886308 -0.00446522003
v -0.00760386372 0.002143032383 -0.003141436493
v -0.007602476981 0.001047916594 0.001553133363
v -0.007596380077 0.002380472841 -0.01237483416
v -0.007595099043 -0.00238455669 -0.01237482671
v -0.007592353038 0.00204886985 -0.0110898409
v -0.007582848892 0.002194141736 -0.00242207502
v -0.007582047023 -0.002996977651 -0.002729501808
v -0.007580865175 -0.002999980934 -0.002572982106
v -0.007580413017 0.002200158546 -0.002600299194
v -0.00757555617 0.002491930267 -0.009827676229
v -0.00757404184 -0.0037314035 0.0005688347155
v -0.007571372669 0.002938247984 0.0005656654248
v -0.007569297682 -0.003308774671 -0.009819836356
v -0.007565055974 0.002128909575 -0.01107878424
v -0.007557353005 -0.003360498697 0.0009900468867
v -0.007551711984 -0.00375397061 0.0006274942425
v -0.007546854205 0.002965222346 0.000621106592
v -0.007542556617 -0.002078716177 0.001501571154
v -0.007541477215 0.002194960602 -0.01106796321
v -0.007536235731 0.003012710484 -0.009367259219
v -0.007517374586 -0.003826886648 -0.009431660175
v -0.007516097743 -0.0005000819801 0.001470333082
v -0.007512080017 0.003037663642 -0.009423997253
v -0.007509583607 -0.003768830327 0.000676541822
v -0.007506845053 -0.002244692063 -0.01095391903
v -0.007505209651 0.002980109071 0.0006704888074
v -0.007497461047 0.0001951492595 -0.03065783344
v -0.007494220976 -0.002003527246 -0.01102970447
v -0.007486131974 -0.003526365152 -0.009715788998
v -0.007484496105 0.003375809407 -0.01645136625
v -0.007484239526 -0.002039411338 -0.01102196332
v -0.007482678629 -0.003379833652 -0.01645135693
v -0.007476706058 0.0005906629958 -0.02118675783
v -0.007476690225 0.000590857002 -0.03064787015
v -0.007475506514 -0.003839518875 -0.009482076392
v -0.007474673446 -0.0006158485194 -0.03064736538
v -0.007470699027 0.003050485859 -0.009474450722
v -0.007455151994 -0.003770304611 0.0007144254632
v -0.007450761274 0.002981118858 0.0007082564989
v -0.00744819222 -0.002415734809 -0.010904341
v -0.007444726303 0.001618631999 0.001406451571
v -0.007440416142 0.004044732079 -0.02146040462
v -0.007438241504 -0.004048727918 -0.02146041021
v -0.007433819585 0.0009941419121 -0.03062733077
v -0.007429773454 -0.002226134529 -0.01097623259
v -0.007421200629 -0.003838876262 -0.009520862252
v -0.007419520989 0.004565155134 -0.0292117428
v -0.007417065557 -0.004569145385 -0.02921174467
v -0.007416405715 0.003049616469 -0.009512892924
v -0.007416287437 0.002895732643 -0.00962122716
v -0.007409224752 -0.001163353794 -0.02118675597
v -0.007409179118 -0.001163644483 -0.03061662987
v -0.007409048267 -0.003713150509 -0.009611593559
v -0.007400461473 -0.004086819477 -0.009180806577
v -0.007394339424 -0.003757689148 0.0007362519973
v -0.007387585472 0.002972820308 0.0007272884832
v -0.007381297182 -0.004123528488 -0.004793718923
v -0.007364144549 -0.001421048888 -0.03059527278
v -0.007360433228 -0.003824491054 -0.00954295136
v -0.00735526206 -0.002640855964 0.00133004738
v -0.007335688453 -0.003887030762 0.0006435973337
v -0.007333301939 0.004614038859 -0.02664050087
v -0.007330975961 -0.002532668179 -0.01087905839
v -0.007330822293 -0.004617975093 -0.02664049715
v -0.007315832656 0.002758236369 -0.01093549002
v -0.007306216285 0.001978437882 0.001276292838
v -0.007286914159 0.003464204958 -0.0144942468
v -0.007285049651 -0.003468121402 -0.01449423283
v -0.007283844054 0.001787624904 -0.0305553209
v -0.007282034494 0.004813636187 -0.03055395745
v -0.007272037212 -0.0005000809906 0.001244184095
v -0.007250308525 -0.002882663859 0.001232243725
v -0.007247918285 0.003566749627 -0.008959558792
v -0.007246230729 -0.002882350702 -0.01072284207
v -0.007233247627 0.003294667695 -0.009355397895
v -0.007221814245 0.003611313412 3.827323962e-05
v -0.007220961154 0.002160800621 0.00119707454
v -0.007200655527 -0.0004000800254 -5.112528356e-08
v -0.007200653199 -0.001395057538 -0.0001979674416
v -0.007200653199 0.0005948937614 -0.0001979608496
v -0.007200649474 -0.002238559537 -0.0007615711074
v -0.007200649008 0.001438398031 -0.0007615742506
v -0.00720064668 -0.0004000803747 -0.001350057428
v -0.007200645749 0.0002249195531 -0.001517525176
v -0.007200644352 -0.002802168019 -0.001605071826
v -0.007200644352 -0.001025080681 -0.001517524826
v -0.007200644352 0.002002005698 -0.001605074154
v -0.007200642489 0.0006824505399 -0.001975050429
v -0.007200642023 -0.001482613501 -0.001975054853
v -0.007200638764 0.002199918265 -0.002600057283
v -0.007200637832 -0.00300008175 -0.002600053325
v -0.007200637367 0.0008499179967 -0.002600048436
v -0.00720063597 -0.001650082762 -0.002600047505
v -0.007200634573 0.0006824499578 -0.003225055756
v -0.007200633176 -0.001482615713 -0.003225045279
v -0.007200632244 0.002002006397 -0.003595023649
v -0.007200630847 -0.001025083126 -0.003682585433
v -0.007200630382 0.0002249175304 -0.003682585899
v -0.007200629916 -0.0004000831395 -0.003850053297
v -0.00720062945 -0.002802170347 -0.003595021786
v -0.007200626191 -0.002238557441 -0.004438536242
v -0.007200625725 0.001438394422 -0.0044385246
v -0.007200622 -0.001395058935 -0.005002134945
v -0.007200622 0.0005948980106 -0.005002142861
v -0.007200620603 -0.0004000815388 -0.005200044252
v -0.007179442327 -0.004971649032 -0.03050679713
v -0.007167626172 -0.002207969781 -0.03050058521
v -0.007157724816 0.004731759895 -0.02418405563
v -0.007155181374 -0.004735606723 -0.02418406121
v -0.007146336138 -0.003026214661 -0.01065256447
v -0.007134645246 0.002312324708 -0.02118675224
v -0.00713444734 0.002312931698 -0.0304827597
v -0.007130282 0.003492550459 -0.0127941519
v -0.007128403056 -0.003496380756 -0.01279414818
v -0.007125234697 -0.00430448493 -0.00919093471
v -0.007119898684 -0.004583098926 -0.0001216085584
v -0.007110298146 -0.003161483444 0.001098877518
v -0.0070885811 -0.004617300816 -8.295400767e-05
v -0.007082889788 0.003825427731 -9.1468748e-05
v -0.007077936549 -0.004650749732 -0.0001889692066
v -0.007070017513 -0.004408999812 0.0002199149749
v -0.007064937148 0.003282318823 -0.01072580647
v -0.00705174217 0.002554001752 -0.03044214845
v -0.007048298605 -0.004633333534 -4.232175706e-05
v -0.007042923477 0.00384185696 -5.108387268e-05
v -0.007038537879 -0.00469642086 -0.008738619275
v -0.007033578586 0.003903997596 -0.00873039756
v -0.007032613736 -0.004471694585 -0.009047829546
v -0.007020308636 0.003459011437 -0.01126428228
v -0.007019799668 -0.0005000809324 0.001011526212
v -0.007018447854 -0.003462782595 -0.01126428507
v -0.006999176927 -0.004636554979 -9.031366062e-06
v -0.006998577621 -0.004710778594 -0.0087804785
v -0.006994648837 -0.0004000800545 -0.01017503347
v -0.006993973162 0.003918431234 -0.008772292174
v -0.006993928924 0.003845174331 -1.813981726e-05
v -0.006989871617 -0.003390770638 -0.01042104606
v -0.006989429239 -0.0008013567422 -0.0101749748
v -0.006959760096 -0.001211147523 -0.01017214451
v -0.006952987518 0.003492996562 -0.01061072014
v -0.00694976002 -0.004712347873 -0.008814682253
v -0.006945222616 0.003919759765 -0.008806289174
v -0.006942360662 0.004372520372 -0.01702142693
v -0.006940010004 -0.00437625451 -0.01702142507
v -0.006936686579 -0.003488015383 -0.01035084948
v -0.006935899146 -0.002853646874 -0.02118675783
v -0.006935718004 -0.002854087157 -0.0303861741
v -0.006930693518 -0.00349875167 -0.01034228131
v -0.006923783571 0.00268054544 0.0009178469772
v -0.00692111766 -0.0003996593878 -0.01016102079
v -0.006918547675 -0.00154031557 -0.01016248949
v -0.006915330887 -0.003526274115 -0.01032115985
v -0.006909243762 0.004902588669 -0.02186322212
v -0.006907807197 0.005334814545 -0.0292926468
v -0.006906605791 -0.004906299524 -0.02186320908
v -0.006904937793 -0.005338524934 -0.02929265238
v -0.006903401576 0.003896889277 -5.865668209e-05
v -0.006893225946 -0.001135355211 -0.01015813649
v -0.006892439909 -0.0003995352017 -0.01014695037
v -0.006892353762 0.000926939596 -0.01015036181
v -0.006891727913 0.003908005543 -0.008829560131
v -0.006889561657 0.0005442790571 -0.01898866892
v -0.006887877826 -0.002967682201 -0.03036223166
v -0.006858375855 -0.0003994232393 -0.01012142375
v -0.006857188419 0.003972740378 -0.0001399837638
v -0.006856512744 -0.004985053558 -0.008384441957
v -0.006849635858 -0.004785238765 -0.0001540797093
v -0.006846912671 -0.004985703621 -0.0004982331302
v -0.006846121047 0.0007397141308 -0.01014574803
v -0.006843150593 0.004191034939 -0.000506150478
v -0.006830682047 -0.001130561694 -0.01011761278
v -0.006827379111 -0.001071996987 -0.01898867078
v -0.006824302021 -0.0003993647697 -0.01007982064
v -0.006809003185 0.005377399269 -0.02678368799
v -0.006807637401 -0.005003259517 -0.0004639658728
v -0.006807468832 -0.00505426852 -0.008310006
v -0.006806113292 -0.005381056108 -0.02678369917
v -0.006805712357 0.004256562795 -0.008307866752
v -0.006804733537 -0.003664516844 0.0007998567889
v -0.006804148201 0.004208690953 -0.0004719331919
v -0.006800649222 -0.0008348090341 -0.0009049031651
v -0.006800648756 -4.484012243e-05 -0.000886485388
v -0.006800646894 -0.0004000795889 -0.001350051956
v -0.006800646894 0.0006727022119 -0.001217425568
v -0.006800645962 0.0002249203535 -0.001517519704
v -0.006800645497 -0.001536144293 -0.001268937252
v -0.006800645031 -0.001785498695 -0.001530879061
v -0.006800644565 -0.001025079866 -0.001517519355
v -0.006800643168 -0.001870649634 -0.001689390279
v -0.006800642703 0.0006824512966 -0.001975045074
v -0.006800642237 -0.001482612686 -0.001975049498
v -0.006800641771 -0.001900083269 -0.001866900711
v -0.006800641771 0.001171521144 -0.001830261433
v -0.006800638046 0.001349918894 -0.002600055188
v -0.00680063758 0.0008499188116 -0.002600042848
v -0.006800636183 -0.001650081947 -0.002600042149
v -0.006800634321 -0.001482613268 -0.003225054592
v -0.006800632924 0.0006824511802 -0.003225050401
v -0.006800632924 0.001171521028 -0.003369838232
v -0.006800632458 -0.001900083153 -0.003333186498
v -0.006800631527 -0.00187064847 -0.003510707291
v -0.006800631061 -0.001025082311 -0.003682580078
v -0.006800630596 0.0002249183162 -0.003682580544
v -0.00680063013 0.0006727034925 -0.003982672468
v -0.006800629199 -0.001785498927 -0.003669214668
v -0.006800629199 -0.001536146388 -0.003931161948
v -0.006800628267 -0.0004000819172 -0.003850047709
v -0.006800627802 -4.483939119e-05 -0.004313620739
v -0.00680062687 -0.0008348076954 -0.004295197781
v -0.006798344664 -0.0003994743456 -0.009986532852
v -0.006795361638 -0.00373538374 -0.01015371084
v -0.006792706437 -0.002211399842 -0.01010650955
v -0.006790434476 0.005515018012 -0.0303123109
v -0.006790308282 -9.186293755e-05 -0.009986995719
v -0.00678639859 -0.001127154566 -0.01005837694
v -0.006782918703 0.0007294357638 -0.01010556426
v -0.00678265607 -0.00189466821 -0.01012528222
v -0.006779258139 -0.005080409814 -0.008350543678
v -0.006778609939 0.004294524435 -0.0007238697144
v -0.006778071634 -0.001003181213 -0.009988438338
v -0.006774372887 0.004286874551 -0.00834328495
v -0.006761235185 -0.005008964334 -0.0004349801166
v -0.006758766714 0.002933507785 0.0007528988062
v -0.006757839117 0.00421424536 -0.0004431173438
v -0.00675755227 0.003835772863 -0.01038596034
v -0.006741811987 0.003286025021 -0.03028711863
v -0.006741512101 -7.666464808e-05 -0.009170205332
v -0.006740459707 -0.005095248576 -0.008387847804
v -0.006739092059 0.0007210213807 -0.01004457381
v -0.006735863164 0.004301887471 -0.008380497806
v -0.006734366994 -0.0007643795689 -0.00916888658
v -0.006730120163 0.004160495009 -0.00858209189
v -0.006728099193 0.004477987532 -0.01506048068
v -0.006728030276 -0.0009170769481 -0.009162263013
v -0.006725690793 -0.004481607117 -0.01506048162
v -0.00672438601 -0.004969293252 -0.008571350947
v -0.006720871665 0.000715681701 -0.009971469641
v -0.006720421836 -0.001880364376 -0.0100847166
v -0.006710153073 0.0002647350484 -0.009154184721
v -0.006695226301 -0.005207307637 -0.0008991450886
v -0.006694370881 -0.005098094698 -0.008419217542
v -0.006694113836 0.000198202848 -0.01116366684
v -0.006693229545 -0.002610240597 -0.01003868785
v -0.006689881906 0.004304676782 -0.008411669172
v -0.006688786671 -0.0002030738397 -0.01116360072
v -0.006681073457 -0.005653484724 -0.03025740013
v -0.006679391954 -0.001756591373 -0.009960508905
v -0.006676915102 -0.001867918996 -0.01002454106
v -0.006676482037 -0.000477375841 -0.008175926283
v -0.006675118115 0.0001982044341 -0.01116305962
v -0.006673807744 0.00191376661 -0.01001738105
v -0.00666966429 0.0007217093953 -0.009117617272
v -0.006659008097 -0.0006128565874 -0.01116076205
v -0.00665356731 -0.003883529454 0.0006464092876
v -0.006653396878 -0.0009947918588 -0.008160190657
v -0.006651251111 0.0002918412792 -0.00815298222
v -0.00664982805 -0.001900081057 -0.009944382124
v -0.006649656221 -0.0009687422425 -0.009146706201
v -0.006641140673 0.0008640242158 -0.009100808762
v -0.006639491301 0.001184034394 -0.009937261231
v -0.006639213767 -0.001671431586 -0.009098242968
v -0.006638973951 0.0002582166053 -0.009141060524
v -0.006638838444 -0.005110913422 -0.0005630270462
v -0.006634335499 -0.0003742692934 -0.004349896684
v -0.006634094752 -0.001213798299 -0.008146084845
v -0.00663408218 -0.005104257725 -0.008423744701
v -0.006633350626 -0.001706538606 -0.009093983099
v -0.006630781572 2.22335475e-05 -0.007613223977
v -0.006628188305 -0.000780479284 -0.007605692837
v -0.006625532173 -4.464176891e-05 -0.004313200247
v -0.00662278384 -0.005292125978 -0.000969517685
v -0.006620552391 0.0001982644608 -0.01114974078
v -0.006619851571 0.004495695699 -0.0009774720529
v -0.006617050618 0.005490460899 -0.02442047372
v -0.006615109742 -0.0008349108393 -0.004294896498
v -0.006614098791 -0.005494016688 -0.02442046441
v -0.006613103673 -0.0009728987352 -0.01114973426
v -0.006610565353 0.0001603197306 -0.004257628694
v -0.006608472206 -0.0009110459359 -0.004273487255
v -0.006608102005 -0.0009923930047 -0.008171740919
v -0.006604546215 0.004347272217 -0.008372516371
v -0.006604433991 0.001115125138 -0.009070106782
v -0.006602847017 0.000225647731 -0.008169341832
v -0.006602057256 -0.002647013403 -0.01001508813
v -0.006593382452 0.001912222244 -0.01000209711
v -0.006592175458 0.001525250729 -0.01113899611
v -0.006591415033 0.00116037624 -0.009062374011
v -0.006589010358 0.0001983394177 -0.01113346126
v -0.006586445961 -0.00096272066 -0.009108198807
v -0.006584671792 0.001571242348 -0.01113612112
v -0.006584469695 -0.005311512388 -0.0009434716194
v -0.006581763271 0.004515157081 -0.0009515561978
v -0.006578620523 -0.0009618317708 -0.009100694209
v -0.006575725041 0.0002507918689 -0.009102487005
v -0.006574362982 0.002130737994 -0.01898867078
v -0.006573420484 0.00450948067 -0.01327752601
v -0.006570997648 -0.004513012245 -0.01327752974
v -0.006567903794 0.0002497077803 -0.009094960988
v -0.006564289331 0.001312444801 -0.009040879086
v -0.006563416217 0.000834958104 -0.007665695157
v -0.006558855996 0.001038745395 -0.00807914976
v -0.00655823946 -0.001587042236 -0.007645220961
v -0.006557790563 0.0001984489209 -0.01110930927
v -0.006554808468 -0.0003740003158 -0.004366512876
v -0.006545962766 -0.000990284374 -0.00820930209
v -0.006545891054 0.001338035334 -0.01113437023
v -0.006542833988 0.0006400803104 -0.004007267766
v -0.006540873088 -0.00139662053 -0.004038539249
v -0.006540817674 0.0002231254039 -0.008206823841
v -0.006540557835 -0.005320363678 -0.000920759514
v -0.006539830007 -0.002619721461 -0.009975559078
v -0.006539369002 -0.0009563537315 -0.009043498896
v -0.006537953857 0.004523914773 -0.0009290290764
v -0.0065371776 -0.0005724974326 -0.008986953646
v -0.006535180844 -0.005403407384 -0.007897209376
v -0.006533682346 -0.0002519910049 -0.01759853214
v -0.006533183157 -0.001005214872 -0.01113302447
v -0.006532274652 0.0001595635404 -0.004274946637
v -0.006532069761 -0.004161409102 -0.009770443663
v -0.006531744264 0.001453832723 -0.009016405791
v -0.006531286053 0.004607957322 -0.007888579741
v -0.006530182436 0.001883526798 -0.009963238612
v -0.00653016381 -0.000909863913 -0.004290862009
v -0.00652874494 0.0002430823661 -0.00903760083
v -0.006528535858 -0.00369164208 -0.03017907776
v -0.006528142374 0.003264168277 0.0005093007348
v -0.00652772747 -0.002230079845 -0.009017269127
v -0.00652580848 -0.005424709991 -0.006652950309
v -0.006523933262 0.0005153941456 -0.01761987805
v -0.006521685049 -0.00317285303 -0.009876303375
v -0.006521509029 -0.0009515522979 -0.008973284625
v -0.006521296222 0.0001092601742 0.0004994219053
v -0.006520149764 0.0001986313437 -0.01106217597
v -0.006519244984 0.00150944246 -0.009006807581
v -0.006515550427 0.004637239501 -0.005774077494
v -0.006514469162 -0.002021101769 -0.00805636961
v -0.006511114072 0.0002373930038 -0.008967198431
v -0.006504555233 -0.005451039877 -0.007720420603
v -0.006502583157 -0.0009903874015 -0.008264522068
v -0.006502508651 -0.001564803999 -0.011101312
v -0.006502103992 0.004506400321 -0.0008832233143
v -0.006500532385 -0.0005000823294 0.0004770290398
v -0.006497824565 -0.002593415091 -0.00991450157
v -0.00649744831 0.0002230126702 -0.008261893876
v -0.006497409195 -0.005313294474 -0.0008944645524
v -0.006497363094 -0.00542160077 -0.007923829369
v -0.006497160997 -0.0005721271737 -0.008386965841
v -0.006496116053 0.0001988508884 -0.01097609475
v -0.006493697874 0.004626336042 -0.007914770395
v -0.006493646652 -0.000723980309 -0.008394205011
v -0.006493054796 -0.0007239973638 -0.008383351378
v -0.006491843611 0.001622060547 -0.008987012319
v -0.006490155123 -0.00058160146 0.000473176653
v -0.006488644052 0.001855678391 -0.009901252575
v -0.00648835348 -0.0003731207689 -0.004413207993
v -0.006488341372 -0.002557774074 -0.009843145497
v -0.006486224011 -0.001018429757 -0.01769986749
v -0.006485936698 0.004673615564 -0.007675528992
v -0.006482687313 0.001327774255 -0.01109419856
v -0.006480796263 0.001442241017 -0.008018272929
v -0.006480356678 -0.0009926671628 -0.008333678357
v -0.006479068194 -0.0009946274804 -0.00837132521
v -0.006478743628 -0.002218181035 -0.009008547291
v -0.006477422547 0.004465958569 -0.01161346212
v -0.006477370858 -0.0004048432456 -0.0109770624
v -0.006476319861 0.0007247394533 0.0004507587873
v -0.006475324742 0.001833048649 -0.009826006368
v -0.0064751748 -0.0002497415699 -0.01738001965
v -0.006475106813 0.0002252702398 -0.008330869488
v -0.006475022994 -0.004469437059 -0.01161346305
v -0.006474401802 -4.088766218e-05 -0.005229207687
v -0.006473712623 0.0002273125137 -0.008368439972
v -0.006470848341 -0.000995072769 -0.01109240204
v -0.006470077205 -0.0007457925822 -0.005222337786
v -0.006470074877 0.004692797083 -0.001515869517
v -0.00646924274 0.0006311011966 -0.008934019133
v -0.00646777451 0.0006403538864 -0.004025652539
v -0.006466521416 0.0001693397935 -0.004319791216
v -0.006465646438 -0.001396672917 -0.004057002719
v -0.00646544015 0.000510772632 -0.01740089618
v -0.006464406382 -0.0009180589113 -0.004336020444
v -0.006462529302 -0.000812368351 0.000443111785
v -0.006460044067 0.001435749931 -0.009005010128
v -0.006456362084 0.001286068815 -0.01776522398
v -0.006456351839 -0.002513008891 -0.008965301327
v -0.006454139482 -0.00542943785 -0.007947085425
v -0.006450599991 0.004634256475 -0.007937573828
v -0.006446862128 0.001018790645 -0.00362464902
v -0.006446787622 -0.001785496483 -0.003669220256
v -0.006446602289 0.0002051674819 -0.01016366482
v -0.006446190178 -0.00037199285 -0.0044826339
v -0.006445276085 -0.00217796443 -0.008041881025
v -0.006442454644 0.0006000107387 -0.008436580189
v -0.006441210397 0.0005148920463 -0.0101591032
v -0.006439207122 -0.005522010382 -0.001496274723
v -0.006438857876 0.001319371979 -0.01103320718
v -0.006437567063 0.004723709542 -0.001503296662
v -0.006437419448 0.0005957547692 -0.008339246735
v -0.006434781011 0.004350330681 -0.009999234229
v -0.006434773095 -0.0003707229334 -0.004563110881
v -0.00643372722 -0.000166027181 -0.01015751995
v -0.00643313583 -0.0005068581668 -0.004560171627
v -0.006432443857 -0.004353787284 -0.009999243543
v -0.00643090345 0.004352872726 -0.009964928962
v -0.006428402383 0.0006738220109 -0.005276745651
v -0.006428215653 -0.001009322121 -0.0174807217
v -0.006426969543 -0.0009867500048 -0.01103269681
v -0.00642436184 -0.0007394932327 -0.004531929269
v -0.00642411178 0.000187949292 -0.004385217093
v -0.006423145998 -0.005406082608 -0.008001905866
v -0.006422495935 -1.728296184e-06 0.0006603264483
v -0.006422259379 0.001642918563 -0.007754846476
v -0.006422018167 -0.000934615382 -0.004402031656
v -0.00642156275 0.00143141672 -0.008032427169
v -0.006418993697 -0.002390637528 -0.007724426687
v -0.006416756194 -0.0003753798082 -0.01014847122
v -0.006415646058 -0.002198407892 -0.008970516734
v -0.006412773859 -0.005561648402 -0.001727469382
v -0.006412155926 -0.001620353898 -0.01107906457
v -0.006411436945 0.002466475824 -0.009818791412
v -0.006411379203 0.0002124151652 -0.004460564815
v -0.006409789436 0.000863090565 -0.01014281251
v -0.006409322377 -0.000956713222 -0.004478103016
v -0.006408760324 -0.001870263717 -0.003511053277
v -0.006407919805 -0.002195499605 -0.008962976746
v -0.006406110711 0.004629378673 -0.007959253155
v -0.006404963322 -0.003375964239 -0.009787107818
v -0.006403884385 0.0006584373186 -0.004065201152
v -0.006401778664 0.003907328937 -0.02118675038
v -0.00640174048 -0.00554252835 -0.001478605787
v -0.006401661318 -0.001413573278 -0.004097154364
v -0.006401518825 0.003907757346 -0.03011172824
v -0.006401146762 0.001444627414 -0.01095322426
v -0.00640028948 0.00474427361 -0.001485722605
v -0.006400020327 0.001783565152 -0.007955556735
v -0.006399982609 -0.001184850698 0.0003740487155
v -0.006398402154 0.001274519018 -0.01754465885
v -0.006396920886 0.001415015431 -0.008966794237
v -0.006393720396 -0.003526176093 -0.009717519395
v -0.006391225383 -0.002629552968 -0.01898867451
v -0.006390500348 0.001171672484 -0.003370106686
v -0.006389209069 0.001411983627 -0.008959206752
v -0.006388681941 0.0005165681941 0.000649776659
v -0.006385697052 -0.005593484733 -0.007346246392
v -0.006385233719 -0.002171715023 -0.008079117164
v -0.006383927073 -0.002041704254 -0.01102088392
v -0.006383851171 0.004795580637 -0.007339260075
v -0.006381375249 -0.002030594274 -0.008856005967
v -0.006381241139 -0.00190007966 -0.003333188593
v -0.006380080711 0.002129214583 -0.009736143053
v -0.006379945669 -0.001791271032 -0.01792732812
v -0.006379438564 0.002783098491 -0.009683775716
v -0.00637849234 -0.001158222905 -0.01094914321
v -0.006375978235 0.001022535493 -0.003642333439
v -0.006375408731 -0.001788968802 -0.003687020857
v -0.006374581717 -0.0003628639679 -0.0008498490788
v -0.006373892073 0.002512133215 -0.01100600511
v -0.00637253793 -2.867980766e-05 -0.009162430651
v -0.006370156072 0.001338383532 0.0003330805048
v -0.006369921844 -0.002177678049 -0.008905115537
v -0.006369797979 0.001317542628 -0.0101065794
v -0.006367568392 -0.003358197166 -0.009780389257
v -0.006365539972 -4.459284901e-05 -0.0008861597744
v -0.006363431923 -0.002001012443 -0.008457924239
v -0.00636195438 0.001424384653 -0.008069484495
v -0.006360911299 0.0006915550912 -0.004120232072
v -0.006359879859 -0.0008348842384 -0.0009049291839
v -0.006359749474 -0.005553740542 -0.001462842338
v -0.006358727347 -0.001445147325 -0.004153300077
v -0.006358397193 0.00475540245 -0.00147011457
v -0.00635839114 0.0007874657749 -0.009147664532
v -0.006357410923 0.003979111556 -0.03008860908
v -0.006356267724 -0.004289244302 0.0003249180736
v -0.006355252583 -0.0009021934238 -0.0009236996993
v -0.006354837213 0.005258355755 -0.01759583876
v -0.006354530342 -0.002162333578 -0.00883376319
v -0.006353008561 0.00482387282 -0.007355192211
v -0.006352678873 -0.0003964176285 -0.00914879702
v -0.006352010183 -0.005261769984 -0.01759584248
v -0.006351649296 0.0001720351283 -0.0009457643609
v -0.006351424381 0.001393522834 -0.008900988847
v -0.006350581534 0.005657802336 -0.02220897004
v -0.006349989213 -0.001600771677 -0.01103874855
v -0.006348961033 -0.0003703713883 -0.0101353256
v -0.006348888855 -0.001301705604 -0.01093300339
v -0.006347636692 0.002117536962 -0.008882402442
v -0.006347552408 0.002426840598 -0.00978259556
v -0.006347540766 -0.005661216099 -0.02220897749
v -0.006347111892 -0.0009680737276 -0.01010028087
v -0.006346776616 0.001262892969 -0.003146267496
v -0.006346500479 0.006025987212 -0.02931341343
v -0.006344824564 0.0007347280043 -0.004182393197
v -0.006343260873 -0.006029396318 -0.02931341901
v -0.006343255285 -0.0007997591165 0.0006349235191
v -0.00634281151 -0.001486454858 -0.00421687169
v -0.006342502311 -0.002171728527 -0.008132732473
v -0.006340937223 0.001462401822 -0.01008943748
v -0.006340005435 -0.001878981013 -0.003523972817
v -0.006338729523 -0.005648171064 -0.002072040457
v -0.006338607986 0.0008565954631 -0.01012968551
v -0.006336483639 0.001377864275 -0.008829232305
v -0.006333976984 0.002894661156 -0.009620555677
v -0.006331973244 -0.005534136202 -0.001391634345
v -0.006331096869 0.00205189758 -0.01803430729
v -0.006330503151 -0.005530931521 -0.00774758542
v -0.006328694522 0.000195958346 -0.008465401828
v -0.006327322684 0.001387481112 -0.005357104819
v -0.006326941773 0.004736191593 -0.007741423789
v -0.006323811132 -0.003061051713 -0.009686590172
v -0.006323134527 -0.001774293836 -0.01770607941
v -0.006320499815 -0.001900082338 -0.002599961124
v -0.006319349632 0.001423878013 -0.008122740313
v -0.006319204811 -0.002177885035 -0.00819946453
v -0.006317793857 -0.005642282311 -0.007377523463
v -0.006317582447 0.002071823925 -0.007893687114
v -0.006316625047 -0.002183310455 -0.00823578611
v -0.006316166837 0.004844294861 -0.007370325271
v -0.006315603852 -0.002166842809 -0.00532959681
v -0.006314550526 0.001047549304 -0.003673254279
v -0.006314293481 -0.001911937608 -0.003338616807
v -0.006313846912 -0.001813341049 -0.003718856024
v -0.006312005688 -0.0008047768497 -0.009118909948
v -0.006309189368 -0.002856188919 -0.007899934426
v -0.006308067124 0.002385860309 -0.009721577168
v -0.006307672709 -0.005676663015 -0.002060449682
v -0.006307401694 -0.005683894735 -0.006984197535
v -0.006307395641 -0.0003940063471 -0.009160374291
v -0.006307032425 0.004877145402 -0.002066075336
v -0.006307031028 -0.001582869212 -0.01097807754
v -0.006305816583 -0.001391425147 -0.001157918829
v -0.006304650567 -0.003316877177 -0.00974407047
v -0.006304394454 0.001713142847 -0.01005885378
v -0.006303540897 0.001615248737 0.0002569845237
v -0.006302465685 0.000824033923 -0.009157967754
v -0.006301686168 0.0006508164806 -0.001200029859
v -0.006301185582 -0.000362855295 -0.0008358274936
v -0.00630064914 -0.0008348085103 -0.0009049001383
v -0.00630064914 -4.483961675e-05 -0.0008864823612
v -0.006300647277 0.000659604324 -0.001207364607
v -0.006300647277 0.0006727027358 -0.001217422541
v -0.006300646346 -0.001432335121 -0.001186916255
v -0.006300646346 -0.0008915556245 -0.001342505799
v -0.00630064588 -0.001536143827 -0.001268934226
v -0.00630064588 -0.0003989683464 -0.001251066918
v -0.00630064588 8.057996456e-05 -0.001338517643
v -0.006300644483 0.0003116055741 -0.001452853903
v -0.006300643552 -0.001870649168 -0.001689387253
v -0.006300643552 -0.001785497763 -0.00153087615
v -0.006300643552 -0.001317019574 -0.001608975464
v -0.006300642621 0.0006798636168 -0.001789862639
v -0.006300642155 -0.001900082803 -0.001866897568
v -0.006300642155 0.001171521726 -0.00183025829
v -0.006300640758 0.0008992240182 -0.002233155305
v -0.006300640292 -0.001613712986 -0.002009638818
v -0.006300638895 -0.00174387882 -0.002469894476
v -0.00630063843 -0.001900083618 -0.002365985885
v -0.00630063843 0.001349919476 -0.002600052161
v -0.006300637033 0.001330267172 -0.002861565677
v -0.006300636102 -0.001698046108 -0.002971869893
v -0.006300636102 0.0009438327979 -0.002729495056
v -0.006300634705 0.0008142146398 -0.00319021591
v -0.006300633308 0.001171521493 -0.003369834973
v -0.006300632842 -0.001900082687 -0.003333183471
v -0.006300631911 -0.001870648004 -0.003510704264
v -0.006300631445 -0.001477968646 -0.003413083963
v -0.006300630514 0.0005183473113 -0.003589540021
v -0.006300629582 -0.001785498345 -0.003669211641
v -0.006300629582 -0.001109127537 -0.003748900723
v -0.006300628651 9.199489432e-05 -0.003857160453
v -0.006300628185 -0.0008803040837 -0.003861738136
v -0.006300628185 -0.0004020903434 -0.003948765807
v -0.00630062772 -0.001536145457 -0.003931159154
v -0.00630062772 0.0006727008149 -0.003982669674
v -0.006300626788 -0.0008348071715 -0.004295194522
v -0.006300625391 -4.484011515e-05 -0.004313603044
v -0.006300292443 0.006095725112 -0.03005826846
v -0.006295816973 0.001429819968 -0.008188986219
v -0.006294650026 0.004898163956 -0.006902341731
v -0.006293467712 0.002510613296 -0.01099073328
v -0.006292965263 0.001435273094 -0.008225080557
v -0.00629272731 0.00108357484 -0.008500924334
v -0.006291291676 0.001758767758 -0.01005101018
v -0.006289067212 -0.001045640907 0.0006161843194
v -0.006285752635 -0.0003643292875 -0.01009683032
v -0.006283349358 -0.0006854792009 -0.008487874642
v -0.006283298135 0.003013904439 -0.009547716938
v -0.006283089984 -0.0009018944693 -0.0009093469707
v -0.006281242706 0.004913398996 -0.002431688132
v -0.006280259695 -0.004389019217 0.0002376565244
v -0.006279921159 -0.001910034218 -0.003543307306
v -0.006279890891 0.000171939857 -0.0009314414347
v -0.006279776804 0.001270897221 -0.003159832908
v -0.006277927663 -0.0003634367895 -0.01008932665
v -0.006276573986 -0.005653758533 -0.007391194813
v -0.006275357213 0.0008491863846 -0.01009111013
v -0.006275152322 -0.005720392801 -0.006778390147
v -0.006275054999 0.004855735693 -0.007383891847
v -0.006274187006 0.0020334539 -0.01781103574
v -0.006270972081 0.001090446138 -0.003713413142
v -0.006270858459 -0.005697457585 -0.002049408155
v -0.006270391867 0.004897932056 -0.002055089688
v -0.006270374171 -0.001855474897 -0.003760581836
v -0.006269690581 0.001350458129 -0.002614507219
v -0.006267535966 0.0008481023251 -0.01008358505
v -0.006266716868 0.001588015934 -0.009073966183
v -0.006265026983 -0.003273947863 -0.009684226476
v -0.006264246535 0.001910711755 -0.01002955344
v -0.006257584319 -0.001900081872 -0.00186690432
v -0.006256037857 -0.004564162809 -0.00934250094
v -0.006255031563 -0.001945359982 -0.003343425225
v -0.006254234351 -0.001911691041 -0.002605553251
v -0.006254018284 -0.001785496715 -0.001530883135
v -0.006253377534 0.00102905673 -0.001588965766
v -0.006251324434 -0.003168103751 -0.008814410307
v -0.006250665989 0.001145434799 -0.003757368075
v -0.006250351202 -0.00190936774 -0.003806411754
v -0.006249810103 -0.002221367555 -0.01096132305
v -0.006249654107 -0.005748787895 -0.002688009758
v -0.006247580051 0.006053510122 -0.02685425058
v -0.006246193778 -0.001870358828 -0.001689547556
v -0.006245256867 -0.0003918789153 -0.009197933599
v -0.00624432601 -0.006056864746 -0.02685425244
v -0.006243740674 0.004948585294 -0.006780246273
v -0.006243686657 0.004844601266 -0.001747658011
v -0.00624043867 0.0008215300622 -0.009195446968
v -0.00623960048 0.001171838259 -0.001829911489
v -0.00623867847 -0.0003579479526 -0.01003212854
v -0.006238004193 -0.0003621522628 -0.0007959545474
v -0.006237027701 0.001270553563 -0.00207701046
v -0.006237016525 -0.002525011776 -0.01088316645
v -0.006236772053 -0.001393312356 -0.001143976348
v -0.006236587185 2.590437543e-05 -0.009975576773
v -0.006235906389 -0.00195973739 -0.003566718893
v -0.006233802997 -0.001855581533 0.0001829664834
v -0.006233569235 -0.005655572284 -0.007402492221
v -0.006233161781 0.0006532522384 -0.001186516369
v -0.006232340354 0.002337547252 -0.007828917354
v -0.006232309621 -0.0001279041462 -0.009971785359
v -0.006231701933 0.002052241703 -0.01000505034
v -0.006230260711 0.002481932752 -0.01095185895
v -0.006230137311 -0.0057097557 -0.002039431361
v -0.006229758263 0.00491011003 -0.002045196714
v -0.006228375249 0.0008414885378 -0.01002622303
v -0.006222926546 0.001790595823 -0.008556405082
v -0.006220817566 -0.0003531425027 -0.009961914271
v -0.006220696494 0.001300550997 -0.003179157386
v -0.006220661104 -0.000909247552 -0.0008711421397
v -0.00621921476 0.002107850509 -0.009995436296
v -0.006217706017 0.0001806687505 -0.0008938216488
v -0.006215503905 -0.002557254164 -0.01827954315
v -0.00621297583 -0.002021622611 -0.003591234563
v -0.006210742518 0.0008358072373 -0.009955819696
v -0.006210539956 -0.001996878302 -0.003347036429
v -0.006207597442 -0.005769179203 -0.006795060821
v -0.006207435392 0.004969222005 -0.006788327824
v -0.006207125727 -0.005795704667 -0.006098953076
v -0.006205811165 -0.0002861751709 -0.004346234258
v -0.006205232814 0.001361188595 -0.002620733343
v -0.006204037927 0.002978152828 -0.009547980502
v -0.006203176454 0.004999916069 -0.003240290098
v -0.006202558987 0.001969017787 0.0001378198795
v -0.006201877259 -0.0003919742594 -0.009253152646
v -0.006201305427 -0.005696627311 -0.001955972053
v -0.006200646982 -0.000400079356 -0.001350051374
v -0.006200645119 -0.001025079633 -0.001517518656
v -0.006200644653 -0.0008551061619 -0.001435812679
v -0.006200644653 0.0002249209792 -0.001517519122
v -0.006200644188 4.497511691e-05 -0.001431956771
v -0.006200642791 -0.001248979941 -0.001682507689
v -0.006200642325 -0.001482612453 -0.001975048799
v -0.006200642325 0.0005998249981 -0.00184992631
v -0.006200641394 0.0006824519369 -0.001975044375
v -0.006200640928 0.0008028792217 -0.002260354813
v -0.006200638134 0.0008499190444 -0.002600042382
v -0.006200637203 -0.00164426351 -0.00247955299
v -0.006200637203 0.0008441639366 -0.002719877521
v -0.006200636737 -0.001650081715 -0.002600041451
v -0.006200633943 -0.001601748401 -0.002944274805
v -0.006200633477 0.0006824513548 -0.003225049702
v -0.00620063208 -0.0014826142 -0.003225039458
v -0.00620063208 -0.001398036606 -0.003352766391
v -0.006200631149 -0.001025082078 -0.00368257938
v -0.006200631149 5.55501756e-05 -0.003764053341
v -0.006200631149 0.0002249185345 -0.003682579845
v -0.006200630683 0.0004502899828 -0.00351621001
v -0.006200630218 -0.0008447320433 -0.003768292256
v -0.006200628821 -0.0004000817135 -0.003850047244
v -0.006199380383 -0.0006145971129 -0.004337022547
v -0.006197328679 0.0007818859885 0.0008239222807
v -0.006197066978 0.0008214253467 -0.009250516072
v -0.006196907256 -0.0007852182025 0.0008239258896
v -0.006196567789 2.628669245e-05 -0.009375588037
v -0.006196339615 -0.00399597967 -0.009425464086
v -0.006195421796 -0.001944459975 -0.002610512311
v -0.00619425578 -4.467182225e-05 -0.004313306883
v -0.006194026675 -0.0003610156709 -0.0007355517009
v -0.006192525383 -0.0001226932945 -0.0093720695
v -0.006192522589 0.002220547292 -0.009975234978
v -0.006192008499 -0.001911268453 -0.001872610417
v -0.006191942841 -0.00194193807 -0.01083413046
v -0.006191567518 0.004906682298 -0.007206581533
v -0.006190613844 -0.001756735146 -0.009984969161
v -0.006188712083 0.002454096219 -0.01088988781
v -0.00618804479 -0.00179165334 -0.001520366408
v -0.006188004743 0.005016533192 -0.003514913376
v -0.006187918596 0.001035819645 -0.001579260919
v -0.006187751424 -0.005712071434 -0.00719170412
v -0.006187504157 -0.002190752653 -0.01092231646
v -0.006187091582 0.004913192708 -0.002036821563
v -0.00618583709 -0.002060510917 -0.003349041333
v -0.006185514852 0.005019082222 -0.005693906918
v -0.006185506471 0.002397336066 -0.01082308963
v -0.006185408216 0.002595948987 -0.009053552523
v -0.006183519959 7.380295574e-05 -0.004284495488
v -0.006181088742 -0.001880774274 -0.001686446252
v -0.0061806757 0.002040643478 -0.009006787091
v -0.006180304568 -0.0008360469947 -0.004294417333
v -0.006179650314 -0.0003942464245 -0.009322308004
v -0.006178612355 -0.004034667742 -0.009397652
v -0.006178362295 -0.0003962066839 -0.009359954856
v -0.006177713629 -0.001619761926 -0.009997170419
v -0.006176719442 0.001977681648 -0.008704505861
v -0.006176674273 0.00134828256 -0.003202021122
v -0.006176577415 -0.0009234765894 -0.0008140028804
v -0.006176456343 0.001980946399 -0.008714322932
v -0.006176273338 -0.001408863813 -0.001111444319
v -0.006175593473 0.001987656578 -0.008722597733
v -0.006175026763 -0.0003595276212 -0.0006632325822
v -0.006174976937 0.002599007683 -0.008757565171
v -0.006174727809 0.0008236937574 -0.009319490753
v -0.006174013019 -0.0005046844017 -0.0006664218963
v -0.006173580419 0.0001969559235 -0.0008377578924
v -0.00617357716 -0.001615231391 -0.0090147499
v -0.006173333619 0.0008257360314 -0.009357061237
v -0.006173108704 0.001280797645 -0.002074549207
v -0.006172984373 0.0006701059174 -0.001155154663
v -0.006172451191 0.002006090712 -0.008732288145
v -0.006172222551 0.005027280189 -0.003236537799
v -0.00617211964 -0.005827657413 -0.003233831143
v -0.006170378532 0.001974629005 -0.008585608564
v -0.006168385036 0.001234033844 -0.009922172874
v -0.006167449988 -0.005781717133 -0.00680247508
v -0.006167366169 0.004981613718 -0.006795626134
v -0.006166932639 -0.005839420948 -0.004255827051
v -0.00616644416 0.0020870429 -0.005462363828
v -0.00616588816 0.002040592954 -0.008740377612
v -0.006165788509 -0.005840662867 -0.004921467975
v -0.00616504997 -0.003399264067 -0.008749851957
v -0.006164393853 -0.0005623311154 -0.0005424940027
v -0.006162267178 -0.0009757105727 -0.004251816776
v -0.006160730496 0.0001841350168 -0.005955756176
v -0.006160551216 0.002249919809 -0.01805472746
v -0.006160549819 -0.002532502636 -0.01805472746
v -0.006159996614 0.002034179168 -0.009993651882
v -0.006158928387 -0.002866825322 -0.005428764038
v -0.006157829426 0.002598816995 -0.008257924579
v -0.006156457122 -0.0009425434982 -0.0007458223845
v -0.006156429183 0.002087125555 -0.008744737133
v -0.006156344898 -0.001570487279 -0.00856256485
v -0.006155674811 0.0001718690619 -0.005882116966
v -0.006155458279 0.0001379585156 -0.00588444341
v -0.006154614501 0.003760194872 7.840037142e-05
v -0.006153059658 0.0002186449128 -0.0007709083147
v -0.006152553484 0.001408399083 -0.003225703491
v -0.006150947884 -0.001995055238 -0.002614275087
v -0.006150809117 0.005050325301 -0.005601791199
v -0.006150110159 -0.005851442926 -0.005605549552
v -0.006149446126 0.002023724839 -0.008389407769
v -0.006148688495 9.834806406e-05 -0.0005599845317
v -0.006147703622 0.00139239768 -0.002626426052
v -0.006147209555 -0.003398947651 -0.008255586028
v -0.006145984866 -0.002160685835 -0.01086128782
v -0.0061457064 -0.005762250163 -0.006949039176
v -0.00614424888 -0.001579536474 -0.009030518122
v -0.006143895444 0.0006250275183 -0.005801661871
v -0.00614282582 0.00283056288 -0.01843849942
v -0.00614075968 0.001201873762 -0.009408528917
v -0.006140582263 0.002461792901 -0.01809754409
v -0.006140203215 -0.0002836694766 -0.005871328525
v -0.00614000624 -0.005768802017 -0.002338843187
v -0.006139094476 0.002928201109 -0.00951572787
v -0.006139035337 -0.006265409291 -0.02997264266
v -0.006138089113 0.002598738531 -0.007758367341
v -0.006137940101 0.0003850050853 -0.004164162558
v -0.006137669086 0.0009583971696 -0.005986732896
v -0.006136813667 0.001551711466 0.0005590410437
v -0.006136609707 0.001198570244 -0.009327440523
v -0.006136286538 0.005047691055 -0.003232968505
v -0.006136161741 -0.004018859938 -0.009403734468
v -0.006136029027 -0.005848064087 -0.003230225295
v -0.006134418305 0.005068080034 -0.004419093952
v -0.006134322379 -0.005868353415 -0.004419477191
v -0.006133835763 -0.001943412353 -0.001877679722
v -0.006133397575 0.00219256687 -0.008743959479
v -0.006132125854 -0.00282284664 -0.01075888798
v -0.006131963339 -0.001436401391 -0.00106412766
v -0.006130470429 0.002595665632 -0.007759240456
v -0.006130042952 0.005370281171 -0.01563246548
v -0.00612968253 0.00105997792 -0.001557905576
v -0.006129591726 -0.001814867253 -0.00149734749
v -0.006128641777 0.0006992507842 -0.001109657111
v -0.006127472036 -0.00339884893 -0.007761539891
v -0.006127155386 -0.005373576656 -0.01563246176
v -0.006126062945 -0.001582905068 0.0005551507347
v -0.006125951186 -0.000585359754 -0.005975309759
v -0.006125728134 -0.002057727426 -0.002616390819
v -0.00612483127 -0.003556176554 -0.009431253187
v -0.006123668514 0.00206720084 -0.008094582707
v -0.006123174448 -0.001910621999 -0.001676661777
v -0.006121905055 0.002072286559 -0.008082059212
v -0.006121506449 0.00202985364 -0.009021053091
v -0.006118671503 -1.644197368e-06 0.0009808299365
v -0.006116727833 0.004995378666 -0.006735274568
v -0.00611588126 0.001310082735 -0.002066064626
v -0.00611563446 -0.001222373918 -0.0005955722881
v -0.006114991847 0.005070603918 -0.005603954662
v -0.006114617921 -0.00159997039 -0.009959137999
v -0.006114141084 -0.005871747155 -0.005607620347
v -0.006113933399 0.002240293892 2.886089896e-05
v -0.006112690084 0.002107692417 -0.008048797958
v -0.006111671217 0.003064918099 -0.01080742665
v -0.006111332215 -0.001256901771 -0.004125079606
v -0.006109019276 -0.00147236255 -0.001008037943
v -0.006107579917 0.002555586165 -0.008746407926
v -0.006106893998 -0.001597062568 -0.00995159708
v -0.006105202716 0.0007371242391 -0.001055707806
v -0.006104102824 0.001068525016 -0.005624544341
v -0.006103515625 -0.003338910639 -0.008723597974
v -0.006103423424 0.001440666965 -0.002631046111
v -0.006102180574 0.00287409639 -0.009456944652
v -0.006101386156 0.002381943166 -0.008944373578
v -0.006098686717 0.005088268779 -0.004418676253
v -0.006098442245 -0.005888522137 -0.004419076722
v -0.00609769579 0.002562255366 -0.008260138333
v -0.006097544916 -0.0007382132462 -0.005767548922
v -0.006096866447 0.002013459569 -0.009955420159
v -0.006096844096 -0.003997494467 -0.009400286712
v -0.006096840836 0.005060185213 -0.00322970422
v -0.006096497644 -0.005860651378 -0.003226929111
v -0.006095002871 0.0005950857303 -0.0006268137367
v -0.006094876211 -0.003351686522 -0.008257588372
v -0.006094259676 -0.004371498246 -0.02994999662
v -0.006089494098 -0.001993082231 -0.00188154052
v -0.006089419592 -0.002728888066 -0.01810003817
v -0.006089419592 0.002249918878 -0.01810005121
v -0.006089152768 0.002010428114 -0.009947832674
v -0.006088727619 -0.0008059719112 -0.005743456073
v -0.006087538786 0.002805081662 -0.01821130887
v -0.006086683366 0.002326334827 -0.01810591295
v -0.006085321307 0.002640530467 -0.0182160642
v -0.006085231435 0.001098793349 -0.001527168555
v -0.00608517928 -0.001852646936 -0.001464313595
v -0.006084210239 -0.001573269023 -0.009067751467
v -0.006082654931 -0.004387629684 -0.02118674666
v -0.006082290318 -0.002953617834 -0.01069240272
v -0.006080409978 0.002564071678 -0.007778036408
v -0.006080080755 -0.003357024863 -0.007795703132
v -0.006079755723 0.003381544724 -0.01067240443
v -0.006078705192 -0.001956775784 -0.001661217073
v -0.006078698207 0.005038444884 -0.002905671718
v -0.006077217869 -0.003283852711 -0.008690791205
v -0.006076817866 0.001500764163 -0.002634060802
v -0.006076734513 -0.003166806186 -0.00860655494
v -0.006075721234 0.005083056167 -0.0056059286
v -0.006074794102 -0.0058843242 -0.005609510466
v -0.00607146835 0.001355275512 -0.00205245777
v -0.00607054634 0.005048075691 -0.006271730177
v -0.0060699936 -0.003250253852 -0.0086679589
v -0.006069662049 0.0006750815082 -0.003981158603
v -0.006068901159 -0.001579228789 -0.009893749841
v -0.006065517198 0.002296428895 -0.007948804647
v -0.00606358517 -0.002054493176 -0.001883806079
v -0.006062341854 -0.003166825278 -0.008259441704
v -0.006061928812 -0.001399885165 -0.00942944549
v -0.006061896216 0.002022835193 -0.009058124386
v -0.006060676184 -0.003285503713 -0.008259193972
v -0.00605998328 -0.004819167312 -0.008970109746
v -0.006059928332 0.002486962825 -0.008710555732
v -0.00605981797 -0.003326147329 -0.00782637205
v -0.00605963869 0.002490069717 -0.0181614887
v -0.006059553009 0.00510070473 -0.004418312106
v -0.006059456617 -0.001900524017 -0.001425124239
v -0.006059223786 -0.005901013035 -0.004418723285
v -0.006059147883 0.001147953677 -0.001490522409
v -0.006058689207 0.00291600544 -0.009322547354
v -0.006058236584 0.00614652317 -0.02456647344
v -0.006055572536 -0.005864702165 -0.003224136773
v -0.006054932252 -0.00614977628 -0.0245664753
v -0.006054696627 -0.002790154889 -0.01075482555
v -0.006053511985 -0.001563881175 -0.009822396562
v -0.006053305697 -0.003211231902 -0.008259689435
v -0.00605298765 0.004878815729 -0.009426132776
v -0.006052183453 -0.002013971796 -0.001641894341
v -0.006052170414 0.0007340077427 -0.003933221102
v -0.006052148528 0.002504821401 -0.008261958137
v -0.006051908713 -0.00316688884 -0.008019115776
v -0.006051363423 0.001991979778 -0.009889613837
v -0.00605104072 0.001737853978 -0.006060185842
v -0.00605069939 -0.004299735185 -0.009193792008
v -0.006050657481 -0.005870158784 -0.00597346155
v -0.006050331518 -0.003171197139 -0.008013590239
v -0.006048209034 0.00142866408 -0.005389861763
v -0.006048087496 0.003895667847 -5.778864215e-05
v -0.006047774572 0.003025297076 -0.01077123079
v -0.006047749892 0.002716054209 -0.009871022776
v -0.006044195965 0.00141160679 -0.002035181038
v -0.006043771282 -0.005877680145 -0.003442435525
v -0.006041480228 -0.001573267509 -0.009121364914
v -0.006040806882 0.002476150403 -0.008291766047
v -0.006040350068 -0.003265416017 -0.007895000279
v -0.006039662752 0.002476061694 -0.008262472227
v -0.006036989391 -0.005885359831 -0.005689836573
v -0.006036418024 0.001976324013 -0.009817872196
v -0.006034332793 0.003493096679 -0.01060919743
v -0.006032662932 -0.0039437511 -0.009369155392
v -0.006032309029 -0.001361138653 -0.006040081382
v -0.006031510886 0.002497809939 -0.007839907892
v -0.006030657329 -0.001163148438 -0.005573834293
v -0.00603034161 -0.002437910996 -0.01068384293
v -0.006029966287 0.001772605116 -0.00293253758
v -0.006027588621 -0.00157058984 -0.003901059972
v -0.006021694746 -0.002485642675 -8.132292714e-05
v -0.006020622328 0.002464668825 -0.007876222953
v -0.006020425353 0.005102827679 -0.005029275548
v -0.006019291934 0.002022341825 -0.009111363441
v -0.006018179934 -0.00157941971 -0.009188097902
v -0.00601791637 0.005105674732 -0.004678045865
v -0.006017698441 0.002670289716 -0.008882327937
v -0.006017694715 0.003566344967 -0.009137978777
v -0.006015597843 -0.001584848156 -0.009224419482
v -0.006008278579 0.002984326798 -0.01071021054
v -0.006005249918 0.004940063227 -0.009353756905
v -0.006004031748 0.002631487092 -0.01827692054
v -0.006002915092 0.002758163027 -0.01839277335
v -0.006002890412 -0.001887698076 -0.0007231644704
v -0.005998017732 -0.001322256867 -0.005471732933
v -0.005996152293 -0.003884764621 -0.009312985465
v -0.005995761137 0.002028289018 -0.009177624248
v -0.005992908962 0.002033744007 -0.009213702753
v -0.005992584862 0.002573265228 -0.0001281361619
v -0.005991959013 9.838949336e-05 -0.000744332443
v -0.005991735961 -0.002748203231 -0.01071870886
v -0.005991428625 -0.003856841475 -0.009278249927
v -0.005987821613 -0.004759986419 -0.0001261598663
v -0.005987262819 -0.0002865478746 -0.00439208746
v -0.005984357093 0.001551163732 0.0007415242144
v -0.00598367583 0.003612380009 -0.0105363531
v -0.005983522162 -0.001554380287 0.0007415312575
v -0.00598111609 0.005399482325 -0.01376523916
v -0.005980342161 -0.0006322929403 -0.004380627535
v -0.005979895126 0.0007692698273 0.0009917309508
v -0.005979480222 -0.0007724842289 0.0009917267598
v -0.005978214089 -0.005402695853 -0.01376524195
v -0.005972225685 0.001237161458 -0.0007673847722
v -0.0059713847 0.00176597212 -0.005060298834
v -0.005969111342 5.539281483e-05 -0.004335994367
v -0.005968217272 -0.002386986976 -0.008858135901
v -0.005963279866 0.001795196091 -0.005024473649
v -0.005961055402 -0.002534268191 -0.009811913595
v -0.005956368521 0.002846197225 -0.008708133362
v -0.005952254403 -0.002704489278 -0.01065899339
v -0.005952110514 -0.003735439852 -0.006774075329
v -0.005950311199 0.003014809685 -0.009953450412
v -0.005949140526 -0.001524619176 -0.005312157329
v -0.005948729813 -0.0009697630885 -0.004300876986
v -0.005947748199 -0.001900083385 -0.00333318091
v -0.005947747268 -0.001870648703 -0.003510701703
v -0.005947744939 -0.00178549916 -0.00366920908
v -0.005944448058 -0.003543486353 -0.005547762383
v -0.005943987053 -0.00243814569 -0.00867839437
v -0.005941042677 0.00275944313 -0.005584604107
v -0.005936369766 0.002716304967 -0.01841981523
v -0.005932525732 0.002936034696 -0.008817550726
v -0.005927714519 0.0003797388636 -0.004214697517
v -0.005927676801 -0.002071479335 0.0004726560437
v -0.005925390869 -0.001611186424 -0.005231597926
v -0.005922122858 -0.003924902529 -0.007969127968
v -0.005913909525 -0.00335530052 -0.01044381503
v -0.005909200758 -0.00227194652 -0.0008332260768
v -0.005906262435 0.002799920971 -0.01860004105
v -0.005904406775 0.003576649586 -0.01053661481
v -0.005903682206 9.841125575e-05 -0.0008408922004
v -0.005903476384 0.003175625112 -0.008009877056
v -0.005903053563 0.004626443144 -0.02984505333
v -0.005899221171 0.005346725695 -0.01196255907
v -0.005899050273 0.003600488184 -0.01898867823
v -0.005896650255 -0.001286529703 -0.004157177638
v -0.005896409042 0.002799919341 -0.01862117648
v -0.005896346178 -0.00534989778 -0.01196256746
v -0.005894912872 0.003597961506 -0.01897058822
v -0.00589468237 -0.000326633075 -0.000851607474
v -0.005894634407 -0.004594083875 -0.008940057829
v -0.005894630682 0.002505457494 -0.006165859289
v -0.0058936188 -0.000197545407 -0.0008620472508
v -0.005891650449 0.001124141854 -0.003460214008
v -0.005890494678 0.002506494522 -0.009543888271
v -0.005887248088 0.002027926967 -0.004670853727
v -0.005887228996 -0.0002093210496 -0.0008606428164
v -0.005887144711 0.003229472088 -0.01049159002
v -0.005886487197 0.003620993812 -0.01898868382
v -0.005885777995 0.001568345237 -0.0008708067471
v -0.005885721184 -0.005016235169 -0.008521731943
v -0.005884540733 -0.003624152858 -0.01898867637
v -0.005883378442 -4.414304931e-05 -0.0008870069287
v -0.005879043601 -0.0006660314393 -0.0008704301436
v -0.005878195632 -0.0007993896143 -0.000896886806
v -0.005875362083 -0.003331710584 -0.01045488566
v -0.005875237752 0.003197508398 -0.009746192023
v -0.005875024945 -0.002127571963 -0.006139793899
v -0.005871177185 0.001160130603 -0.003393079387
v -0.00586932851 0.005217456724 -0.01018993556
v -0.005868154578 -0.004089627881 -0.009035552852
v -0.00586752221 -0.001794428215 -0.00366638042
v -0.005866523832 -0.005220609717 -0.01018994022
v -0.005866287742 0.0006757942028 -0.004031424411
v -0.005863698199 -0.002800761722 -0.009738474153
v -0.005860947538 0.00274947146 -0.01857891306
v -0.005859904923 -0.001820474863 -0.004996378906
v -0.005858086515 0.003197323997 -0.009246566333
v -0.005857867654 -0.0007982995012 -0.0008962395368
v -0.00585109368 0.002749919193 -0.01860004105
v -0.00585068576 -0.004576827865 -0.008948852308
v -0.005845855922 -0.002800439252 -0.009244222194
v -0.005844008178 -0.002499241615 -0.0009117594454
v -0.00584344333 9.843095904e-05 -0.0009222290828
v -0.005841787905 0.003565537976 -0.01873830333
v -0.005840415601 0.003344562836 -0.00898556225
v -0.00583945075 0.003526716027 -0.01050436124
v -0.005838345271 0.003197249724 -0.008747008629
v -0.005836308934 -0.00331078819 -0.01045098715
v -0.005833900534 -0.0009086444625 -0.0009257647907
v -0.005831695627 0.004161625635 -0.0003620294738
v -0.005830724258 0.003194179153 -0.008747866377
v -0.005830322858 0.0003724354028 -0.001029783394
v -0.00582866231 -0.001569912769 -0.0039545279
v -0.005828122143 -0.003164485097 -0.002961904975
v -0.005827934947 -0.003250081558 -0.01810004748
v -0.005827621557 0.002363638952 -0.00298053422
v -0.005826908164 0.00016541082 -0.0009427858167
v -0.005826566834 0.00069195783 -0.001232584938
v -0.00582611654 -0.002800332382 -0.008750176057
v -0.005825575441 -0.002949937945 -0.01042426098
v -0.005818432663 0.0009606434032 -0.001499625738
v -0.005815317389 0.003160866443 -0.009737743065
v -0.005812883843 0.0006326652365 -0.0009604752413
v -0.005810373463 -0.004552668426 -0.008947600611
v -0.005810081493 0.005178238731 -0.009044270962
v -0.005806197878 -0.001789222937 -0.003695091465
v -0.005804394837 -0.0002806875855 -0.004520500544
v -0.005804243032 -0.0005839993246 -0.001363646123
v -0.005802997854 0.002210777253 -0.004217609297
v -0.005802519619 0.003472618992 -0.01044557896
v -0.005802343134 0.002333200304 0.0004155954812
v -0.005802161526 -0.00274034543 -0.00971243903
v -0.005801078398 -0.002781745745 -0.008763793856
v -0.005800768267 0.003424918978 -0.01037167199
v -0.005798541941 0.003161300672 -0.009248753078
v -0.005797969177 -0.0006407535402 -0.004508387297
v -0.0057974956 0.006289842539 -0.02244419791
v -0.005795485806 0.002223300748 -0.00417178357
v -0.005794114433 -0.006292959675 -0.02244419791
v -0.005793537945 -0.002753162524 -0.009246222675
v -0.00579327764 -0.003052340355 -0.0004022532667
v -0.005793069024 0.001870373264 -0.0009858846897
v -0.005790743977 -0.001357181463 -0.001137018553
v -0.005790685769 0.0009300566162 -0.003793990007
v -0.005789007526 0.003877816256 -0.008850422688
v -0.005787787493 -0.0007227821043 -0.001404676703
v -0.005787771661 7.543752872e-05 -0.004461308476
v -0.005781414453 -0.001872632187 -0.003532952629
v -0.0057809297 0.003162700916 -0.00876625441
v -0.005775908008 -0.002685341053 -0.009679438546
v -0.005775447004 -0.002568299649 -0.009595291689
v -0.005774320569 -0.002572196303 -0.009598060511
v -0.005774140824 0.001374295331 -0.001745571964
v -0.00577330403 -0.002751281252 -0.008791004308
v -0.005772292614 -0.00325861061 -0.01041914616
v -0.005770892836 0.006005574949 -0.01810375229
v -0.005770023912 0.001527193468 0.0009065197082
v -0.005769201554 -0.001530293142 0.000906517962
v -0.005768751726 -0.0009927646024 -0.00442411378
v -0.005768733099 -0.002651971532 -0.009656825103
v -0.005767663009 -0.00600867765 -0.01810374111
v -0.005767630879 0.003101070412 -0.00970848836
v -0.005766693968 -0.0008703193162 -0.001441857195
v -0.005763658788 -0.002061960287 -0.004610788077
v -0.005763634108 0.003093115985 -0.009703827091
v -0.005761052016 -0.00256828987 -0.00924807135
v -0.005759655032 -0.003500387305 -0.01835003681
v -0.005759352818 -0.002686972031 -0.009247825481
v -0.005757784937 0.006630377844 -0.02976450697
v -0.005754220299 -0.006633470766 -0.02976452
v -0.005753524136 0.00294432533 -0.009598767385
v -0.005753146019 -0.003800079925 -0.01892840117
v -0.005752790719 0.00310412026 -0.009250573814
v -0.005752005149 -0.002612695796 -0.009248333983
v -0.005751491059 0.002950965427 -0.009603465907
v -0.005750617944 -0.002568351338 -0.009007759392
v -0.00575012248 -0.003750081174 -0.01881656609
v -0.005749686621 -0.002708274871 -0.008835761808
v -0.005749667995 0.0004135248892 -0.004333167803
v -0.005747774616 0.00385286985 -0.008850756101
v -0.005747099407 -0.002578449901 -0.008995606564
v -0.005746024661 -0.004490760155 -0.008919466287
v -0.005744151305 0.00299642724 -0.009638396092
v -0.005744123831 0.001239712466 -0.001048471895
v -0.005743849091 -0.001025069854 -0.00151751237
v -0.005740353838 0.002944877837 -0.009251217358
v -0.005739375483 -0.002611380303 -0.008952532895
v -0.005739122164 -0.0026673947 -0.008882930502
v -0.005739063956 0.003072131192 -0.009251130745
v -0.00573724648 0.003187426832 -0.0004981688689
v -0.005736158229 0.002292793244 -0.003750033444
v -0.00573534146 -0.003201638814 -0.01036247984
v -0.005734815728 -0.003150479635 -0.01028980874
v -0.005734646693 0.003102574497 -0.008821740746
v -0.005732753314 -0.003733419813 -0.01015611272
v -0.005732505582 -0.003433927894 -0.01813506708
v -0.005730676465 0.002945214277 -0.009012641385
v -0.005730117671 -0.003174721729 -0.01032754593
v -0.00572969066 -0.001237763558 -0.001058200723
v -0.005729581229 0.003002101555 -0.009251567535
v -0.005728744436 0.002950245049 -0.009006042965
v -0.005728213582 -0.001125117065 -0.001581790624
v -0.005726087373 0.001736417646 -0.002082184656
v -0.005724701099 -0.00213926658 -0.004437278491
v -0.005724355113 0.001338485512 -0.002799984068
v -0.005723189097 -0.001757895807 -0.003795429599
v -0.005720499903 -0.001323693781 -0.004272064194
v -0.005719856825 0.003161648521 -0.0004261643917
v -0.005719244946 0.001385300537 -0.001081046765
v -0.005718218628 0.004164891783 -0.01012661122
v -0.005718158092 -0.003164721886 -0.0004261740251
v -0.00571746612 -0.0005000799429 -0.005833996926
v -0.005716756452 -0.0004500827927 -0.005844513886
v -0.005716252141 0.003025563667 -0.008909193799
v -0.005715354811 -0.003750080708 -0.01870798133
v -0.005714534782 -7.894162991e-06 -0.005888643209
v -0.005712357815 -0.004422581755 -0.008864776231
v -0.005711374804 0.003822480794 -0.008842149749
v -0.005710389465 -0.004390593152 -0.008830308914
v -0.005707771052 0.0001383232884 -0.005884375423
v -0.005707659293 0.001134580001 -0.003509376431
v -0.005706309807 0.000960626232 -0.001499597682
v -0.005705140065 -0.001352223335 -0.0011254868
v -0.005704045761 -5.153179518e-05 -0.01115237549
v -0.005701399408 -0.0002259247558 -0.01114289369
v -0.005699652247 -0.0008058198728 -0.005743491929
v -0.005698580761 -0.005102762952 -0.0005517127574
v -0.005696388427 -0.001870648353 -0.001689391094
v -0.005696388427 -0.001785497065 -0.001530879992
v -0.00569638703 -0.001900081988 -0.001866901526
v -0.005695165135 0.001982985297 -0.002426052932
v -0.005693928339 0.002276604762 -0.00327229267
v -0.005693788175 -0.001824352308 -0.003702578833
v -0.005692912266 0.0007224055589 -0.004139265977
v -0.005692558829 -0.0004000803747 -0.01113441586
v -0.005691638216 0.001349918079 -0.002601328539
v -0.005690969061 0.002268490382 -0.003218528582
v -0.005688145757 -0.0002698407916 -0.004710889887
v -0.005688096862 -0.0009399546543 -0.005688538309
v -0.005687515251 -0.0004500793002 -0.005405842792
v -0.005687458441 0.0005780429346 -0.01121460181
v -0.005686022341 -0.0005000816891 -0.005363648757
v -0.005683974829 0.000442001503 -0.005845475942
v -0.005682008341 0.003788376227 -0.008825019002
v -0.005681694485 0.002174619818 -0.002844112925
v -0.005681601353 -0.0006607403047 -0.004697162192
v -0.005680730566 -0.003750079544 -0.01860004663
v -0.005678098649 -0.00221658661 -0.004207952879
v -0.005676210392 0.003460940439 -0.007594191469
v -0.005674685352 -0.004968496971 -0.008571258746
v -0.005671049468 0.0001163293055 -0.004644619767
v -0.005671016872 -0.0003867359483 -0.005149585195
v -0.005670233164 -0.0004500699579 -0.005134494975
v -0.005668529309 -0.004184599966 -0.005678685382
v -0.005666655488 -0.003068931401 -0.007562384009
v -0.005664109252 0.001170837902 -0.001829557004
v -0.005663767457 -0.003600685624 -0.01824356057
v -0.00566223124 0.003244165797 -0.006293466315
v -0.0056577418 -0.0003936159483 -0.004936870188
v -0.005657362286 -0.0002936329984 -0.004934141878
v -0.005657288246 -0.001620123046 -0.004057294689
v -0.005657222588 -0.0002127842599 -0.004953379277
v -0.005656886846 -0.001900081523 -0.003399435198
v -0.005656207912 -0.0004936835612 -0.004934424069
v -0.005655779038 -0.001787997549 -0.001531575341
v -0.005655312445 0.005345416721 -0.008716721088
v -0.005654321983 0.001281615929 -0.002116326243
v -0.005654233973 0.001277284464 -0.002101557562
v -0.005652762018 -8.484701539e-05 -0.004830414895
v -0.005651708692 -0.00104182004 -0.004602669738
v -0.00565090077 -3.847265543e-05 -0.004820794798
v -0.005650508683 0.003717014799 -0.008769644424
v -0.005649301689 -0.002868697513 -0.00626414828
v -0.005647563376 2.423520709e-05 -0.004809690639
v -0.005647247657 -0.003074144013 -0.001165240188
v -0.005646427628 0.003391630482 -0.005715916865
v -0.005645616446 3.418792403e-06 -0.004864376504
v -0.005645496305 -0.005015484057 -0.008520705625
v -0.005645411555 0.00367536163 -0.008857204579
v -0.005644382443 -0.003710942343 -0.01840611733
v -0.005642565433 -0.003267152468 -0.008824228309
v -0.005642046686 0.0007614455535 0.001133338665
v -0.00564163737 -0.0007644786965 0.001133335638
v -0.005640719086 -0.00440841401 -0.006920207292
v -0.005640469491 -0.001865980448 -0.003632778535
v -0.005637381691 -0.004084231798 -0.01917664334
v -0.005637336057 0.002644071588 0.0003359667026
v -0.005636995193 -0.00187104987 -0.0016877132
v -0.005636854097 -0.001343307784 -0.005456776824
v -0.005632053595 0.0004812015977 -0.004501661286
v -0.005629731342 -0.0009701171075 -0.004854267929
v -0.00562839862 0.001812270377 -0.001203809166
v -0.005621456541 0.006640327163 -0.0260353554
v -0.005621186458 0.0009033716051 -0.005703208968
v -0.005619552452 -0.004966953769 -0.02968933061
v -0.005619463045 0.003795658238 -0.01009897701
v -0.005616512615 -0.006643780973 -0.02601442114
v -0.005616490263 -0.001786143053 -0.001521831728
v -0.005616327282 -0.001646077493 -0.004091044888
v -0.005616020877 -0.001900081639 -0.001861903351
v -0.005614078604 -0.005327719729 -0.008130242117
v -0.005610953551 0.003634164575 -0.006959260907
v -0.00560956588 0.0004375003628 -0.004688623361
v -0.005608154926 0.0004484702658 -0.004737813957
v -0.005607548635 0.003035342554 -0.004938050173
v -0.005606730469 -0.002294397913 -0.003769362811
v -0.005602529738 -0.001176014775 -0.01112720277
v -0.005602471065 -0.001398343244 -0.004433304071
v -0.005600862205 0.003751956159 -0.00862415228
v -0.005600525998 0.003750834148 -0.008603213355
v -0.005598982796 0.0037563839 -0.008629326709
v -0.005594051443 0.00677210791 -0.02967264131
v -0.005593936425 0.002409417415 -0.001250959933
v -0.005593875889 0.003767439863 -0.008632837795
v -0.005593831185 0.001345097437 -0.01134535391
v -0.005593151785 -0.001542984741 -0.001243268256
v -0.005592199042 0.001058262191 -0.005630007945
v -0.005590774119 -0.004581458867 -0.008577218279
v -0.005590303801 0.004271924496 -0.008459180593
v -0.005590091459 -0.001713631325 -0.004033050966
v -0.005587572232 -0.001611158135 -0.005231624003
v -0.005584319588 -0.005021431949 -0.008506334387
v -0.005583198741 -0.001900080591 -0.002290445147
v -0.005581489764 -0.003727255389 -0.003010352375
v -0.00557887787 -0.001870540902 -0.001675531385
v -0.005577779841 -0.001557448995 -0.004309122451
v -0.00557723688 0.006655409001 -0.0254168231
v -0.005576070398 0.0009904825129 -0.001513346215
v -0.005575302057 -0.002299659885 -0.003496729536
v -0.005574246868 0.0008119332488 -0.004286587704
v -0.005574077368 -0.001416841289 -0.004666813649
v -0.005573656876 -0.006658405531 -0.02541681379
v -0.005572675727 -0.003479753621 -0.01003380772
v -0.005569920409 -0.00169177691 -0.005148598459
v -0.005567754153 0.002923915396 -0.003032302251
v -0.005563518498 0.001128203236 -0.01022720709
v -0.005562264472 0.004464713857 -0.0008073588251
v -0.005562002305 -0.002030686475 -0.002505912213
v -0.00556070311 -0.002285517054 -0.003318042727
v -0.00556011498 -0.00190008292 -0.00206593005
v -0.005559248384 -0.004623581655 -0.00811821688
v -0.005557527766 0.004469664302 -0.0008159865392
v -0.005556501448 0.001362073352 -0.002834397601
v -0.005554349627 -0.005261007696 -0.0008006455027
v -0.005554335658 0.00384661206 -0.008605019189
v -0.005549286958 -0.001760836923 -0.004009658936
v -0.00554922875 0.0008323673392 -0.004541967995
v -0.005546587519 0.006110691 -0.01614046842
v -0.005546533037 -0.002203178825 -0.002923416439
v -0.005545550026 0.001201210544 -0.003585205181
v -0.005544601008 0.001272559399 -0.005503635854
v -0.005543523934 -0.001771055162 -0.001475004246
v -0.00554338377 0.000843444257 -0.004475290421
v -0.005543300416 -0.006113670301 -0.01614045538
v -0.005541239399 0.003830534872 -0.008150563575
v -0.005539209582 -0.001570657711 -0.004463125486
v -0.00553832436 -0.001610445208 -0.004361101892
v -0.005538239144 0.004265638068 -0.008457301185
v -0.005537745543 0.004347899929 -0.008370422758
v -0.005537624471 -0.001900080126 -0.001847880427
v -0.00553735951 -0.001900071977 -0.001844877261
v -0.005537099671 -0.005407267716 -0.008000757545
v -0.0055332263 -5.137317567e-05 -0.008569785394
v -0.005532959942 -0.003623027122 -0.0008373845485
v -0.005532129668 0.003842006205 -0.008085248992
v -0.00552842021 -0.001878006966 -0.001685586642
v -0.005526416935 -1.485655957e-06 0.001208401169
v -0.005525210872 0.002845107578 -0.003538676305
v -0.005521772895 0.004347455688 -0.01942457445
v -0.005512255244 0.0009011040675 -0.01115655433
v -0.00551200239 -0.002478082664 -0.003526661545
v -0.005508671049 0.001371164457 -0.00247079879
v -0.005506719463 -0.005038137082 -0.008454519324
v -0.005505532026 -0.001696447725 -0.00426330138
v -0.00550330244 -0.001704079565 -0.004249549005
v -0.00550323585 0.001093108905 -0.0040093977
v -0.005502778571 -0.005314639304 -0.0008968082839
v -0.005501840264 0.003692554077 -0.0009062468307
v -0.005501004867 -0.0007089910214 -0.008585123345
v -0.005499250256 0.0011706925 -0.001770270639
v -0.005496005062 0.004238562193 -0.008460363373
v -0.005494994577 -0.001972664613 -0.004773929249
v -0.005494200159 0.003959326539 -0.008531901054
v -0.005492474418 0.005492687225 -0.008244434372
v -0.005489612464 0.004476421978 -0.009839057922
v -0.005489123985 0.001306653721 -0.002110240515
v -0.005487489514 -5.147611955e-05 -0.007903642952
v -0.005484372843 -0.0002511128841 -0.007908694446
v -0.005475725513 -0.0004500799405 -0.007916502655
v -0.005474629346 0.002359061502 -0.001428440097
v -0.00547316391 -0.0005000808742 -0.007919057272
v -0.005469546653 0.001354070497 -0.003240866121
v -0.0054685832 0.002699574223 -0.001435970189
v -0.005467626732 0.001185899833 -0.004265792202
v -0.005465602037 0.001032178174 -0.008402347565
v -0.005462540779 0.004565664101 -0.0009957926814
v -0.005460140761 -0.00183149823 -0.003964699339
v -0.005459165201 0.004204921424 -0.008454208262
v -0.005458754487 0.004089558031 -0.009842121974
v -0.005458064843 -0.001836541807 -0.003949551377
v -0.005456856452 0.001200130791 -0.004181756638
v -0.005456484854 0.003785333829 -0.0009940483142
v -0.005456406157 0.004026710056 -0.008479804732
v -0.005453912541 0.002259119879 0.0007616630173
v -0.005453300197 0.000842767593 -0.00789328292
v -0.005453099031 -0.003544508247 -0.001448355033
v -0.005452697631 -0.002262051217 0.0007616627263
v -0.005451586563 -0.0007834843127 -0.007933270186
v -0.005451138597 -0.004241135437 -0.009692737833
v -0.005448372569 0.00445148861 -0.009839390405
v -0.005448266864 -0.001858576317 -0.003875488881
v -0.005447203293 0.00198275107 -0.01151151489
v -0.005440184847 -0.005377292167 -0.001019069343
v -0.005440104287 0.001280553173 -0.004170292057
v -0.005439734086 0.001636240631 -0.005203845911
v -0.00543889543 0.001260640682 -0.004118104465
v -0.005438501481 0.001512168325 0.001047735685
v -0.00543809915 -0.004986937623 -0.008415617049
v -0.005437687505 -0.001515089651 0.00104774232
v -0.005435364787 -0.002139253309 -0.004437120631
v -0.005430142861 0.004166801926 -0.0084391376
v -0.005428750534 -0.00194766291 -0.01116998121
v -0.005425372161 0.001316381735 -0.003678604728
v -0.00542501919 -0.004837685265 -0.008296779357
v -0.005420830101 -0.00217279396 -0.004347255919
v -0.005420135334 -0.00189926743 -0.003618040355
v -0.005417374894 -0.002124561695 -0.001507108798
v -0.005417177919 -0.001900068019 -0.003583048936
v -0.005416773725 -0.001900081523 -0.00357805891
v -0.005416563712 -0.005066181067 -0.008359758183
v -0.005415068939 -0.0005837354693 -0.001363601536
v -0.0054148091 -0.0004002490896 -0.01099968608
v -0.005413538311 -0.001401842106 -0.008635831065
v -0.005411965307 0.004421108868 -0.009830783121
v -0.00541061582 -0.001900082105 -0.003501422005
v -0.005410124082 -0.004870179575 -0.008332843892
v -0.005408866331 0.006130570546 -0.01419788413
v -0.005408276804 -0.00490745483 -0.008365467191
v -0.005407752935 -0.004221220035 -0.009705075063
v -0.005406988319 -0.0004500791547 -0.006887137424
v -0.005405568983 -0.006133477204 -0.01419787947
v -0.005404933821 0.001113688806 -0.001576905488
v -0.005403824616 0.00143794273 -0.002865504241
v -0.005403817631 -0.0005000800593 -0.006883843336
v -0.005400537513 0.002249919809 -0.01810003817
v -0.005400537048 -0.003250080626 -0.01810003817
v -0.005400536582 -0.003500081832 -0.01816702448
v -0.005400536582 0.002603473375 -0.01824647933
v -0.005400536582 0.002711860696 -0.01840870269
v -0.005400536116 -0.003683092305 -0.01835004613
v -0.005400536116 0.002441260964 -0.0181380976
v -0.005400535651 -0.003603634192 -0.01824649051
v -0.005400534254 -0.003750079079 -0.01860004663
v -0.005400533322 0.002749918262 -0.01860003918
v -0.005400124472 0.003042253898 0.0002108854969
v -0.005398487207 -0.003045156365 0.0002108946646
v -0.005395074375 -0.005541371182 -0.007728010416
v -0.00538939517 -0.001125464682 -0.001582035329
v -0.005389205646 0.003993301652 -0.007164771669
v -0.005388873164 0.005216322374 -0.02955675498
v -0.005382589065 0.004387010355 -0.009813653305
v -0.005381289404 0.001795597607 -0.005024459679
v -0.00538069848 -0.001360218623 -0.007973955944
v -0.005369374529 0.002910680138 -0.001595018664
v -0.005368886515 0.00148728583 -0.003914527595
v -0.005368627142 -0.005083764903 -0.008295151405
v -0.005368409213 0.001465384848 -0.00385802961
v -0.00536694983 -0.004195929039 -0.009704935364
v -0.005363340024 -0.004385324661 -0.009543407708
v -0.005362323951 -0.001900081406 -0.002913552569
v -0.005361033138 0.004253813066 -0.009685991332
v -0.00535837654 -0.002280247863 -0.003900183598
v -0.005358317401 0.001446504146 -0.002476801164
v -0.005351734813 0.005591386463 -0.007721788716
v -0.005351069849 0.004315657075 -0.009758278728
v -0.00535034202 -0.00356855779 -0.006402846891
v -0.005349072162 0.001473931479 -0.0033039595
v -0.005348482169 -0.0004500805517 -0.008015198633
v -0.005347653758 0.003936917055 -0.006432752125
v -0.0053471867 0.001234252821 -0.00172694528
v -0.005346549675 0.001536511001 -0.01122842077
v -0.005341093987 -0.001592002925 -0.007994742133
v -0.005340657663 0.006068174262 -0.01226946991
v -0.005340648349 0.001648954349 -0.007905943319
v -0.005338976625 0.001377820619 -0.002090928843
v -0.005338393152 -0.004961679224 -0.008139513433
v -0.005337396171 -0.006071045063 -0.01226947736
v -0.005337019451 -0.0004500796204 -0.005844497588
v -0.005335208029 -0.0004751089728 -0.005839367863
v -0.005333309527 -0.0005000802339 -0.005833967589
v -0.00533000147 -0.003807176137 -0.007722121663
v -0.005329989363 -0.004517065827 -0.004475543275
v -0.005328340922 -0.004777614959 -0.00581378676
v -0.005324282683 0.001928780926 -0.004839401692
v -0.00532304123 0.005607830826 -0.007602522615
v -0.005318253301 0.005288308021 -0.0211867597
v -0.005317904055 -0.00229958538 -0.003496498801
v -0.005317505915 0.005289056338 -0.02951559611
v -0.005317176227 0.005931568798 -0.01035221387
v -0.005315702874 0.003685196629 -0.005035966635
v -0.005313989241 -0.005934424698 -0.01035222504
v -0.005313630216 0.005728808697 -0.008443133906
v -0.005313420668 0.001565994113 -0.003553494113
v -0.005312631838 -0.002295727143 -0.003426809562
v -0.005310469307 0.006766128819 -0.02274522372
v -0.005309714004 -0.004076438025 -0.001289860462
v -0.005309314467 -0.001900081639 -0.002290563425
v -0.005308725871 0.001809352892 -0.004261946771
v -0.005306833424 -0.006768980063 -0.02274523862
v -0.005302607547 -0.004130407702 -0.0096785184
v -0.005295678973 -0.002050252166 -0.002543241018
v -0.005294100847 0.002869772026 -0.001726158778
v -0.005292960908 0.004719686229 -0.00135195523
v -0.005291809328 -0.002217055997 -0.00297100516
v -0.00529101165 0.004870580509 -0.009447818622
v -0.005286003929 0.004604544025 -0.007989921607
v -0.005285518244 0.002337177051 -0.01034813002
v -0.00528327981 0.001558181713 -0.002897296334
v -0.005282341968 -0.003224924207 0.000145623213
v -0.00528174825 -0.004253522959 -0.003059648909
v -0.005280263722 0.003969818819 -0.005848803092
v -0.005279403646 -0.006781005301 -0.02251542732
v -0.00527681876 0.002249616664 -0.009444273077
v -0.005274873693 -0.004855948035 -0.01995403133
v -0.005274179392 0.001673381659 -0.003473682329
v -0.005270730238 -0.00208277232 -0.008716163225
v -0.005270501133 -0.004058124032 -0.009624913335
v -0.005269990768 -0.004024366848 -0.009590790607
v -0.005267802626 0.004327204544 -0.008179741912
v -0.005264604464 0.001714749611 -0.003504222259
v -0.005264127161 -1.414982535e-06 0.001247165725
v -0.005263458472 0.004172055516 -0.0014072716
v -0.005260759499 0.002155689988 -0.008539802395
v -0.005258399062 -0.005024919286 -0.007071808912
v -0.005254771095 -0.005132611841 -0.008088678122
v -0.005251583643 0.002558436012 -0.01172257401
v -0.005250659306 0.004083792679 -0.006339045707
v -0.005249509588 0.003444111208 -0.003084865632
v -0.0052483771 -0.004036214203 -0.00898897741
v -0.005248213653 0.00171878899 -0.003356938949
v -0.00524395192 0.00345450337 -0.003576869145
v -0.005243244581 0.001751973759 -0.003411671612
v -0.005243043415 0.002087300643 -0.007919372991
v -0.005242362618 0.001336417627 -0.001717727398
v -0.005240774248 -0.003085501958 -0.003561258083
v -0.005240650848 0.004576882813 -0.007996969856
v -0.005239493679 0.006586442236 -0.01847431622
v -0.005238944665 0.004864309914 -0.009445936419
v -0.00523887109 0.004946003202 -0.009359738789
v -0.005238202866 -0.004064748529 -0.009481234476
v -0.005238115788 0.004730839282 -0.007750367746
v -0.005237707403 0.001563716563 -0.002477053553
v -0.005235952325 -0.006589256693 -0.01847431622
v -0.005235877354 0.003825556487 -0.0006492114626
v -0.005233820062 -0.003828368848 -0.0006492082612
v -0.005232255906 0.004439194221 -0.009021483362
v -0.00522989314 -0.004016256426 -0.001826989814
v -0.005218168721 0.001489131828 -0.002059850376
v -0.005216967314 -0.005683160387 -0.007303616032
v -0.005212819669 -0.0005000861711 -0.008089588024
v -0.005210381001 0.002140313387 -0.004427693784
v -0.005207106005 -0.000450081483 -0.008092136122
v -0.005206859671 -0.0005000630626 -0.008092252538
v -0.005206326023 0.002007029019 -0.007984648459
v -0.005205907859 -0.006813267246 -0.02191664279
v -0.005205025896 -0.002692835638 -0.001875581802
v -0.005201909225 0.00453987252 -0.007995550521
v -0.005196707323 0.004837248009 -0.009449012578
v -0.005195823498 -0.007082858589 -0.0294466354
v -0.005195206963 0.000758727896 0.001220529666
v -0.005194798112 -0.0007615192444 0.00122052629
v -0.005190262571 -0.005168215372 -0.007904023863
v -0.00518632168 0.0002586791234 -0.00810130965
v -0.005186130293 -0.0004002666974 -0.01095776912
v -0.005185497459 0.001720793778 -0.002759810537
v -0.005183456931 -0.00560101727 -0.001592279761
v -0.005182983354 -0.001068238169 -0.01097702794
v -0.005182154942 0.001810563146 -0.003019021824
v -0.00517269643 0.004496103618 -0.007985690609
v -0.005171891768 -0.00269299373 -0.01126120239
v -0.005169730633 0.001854966977 -0.003052494954
v -0.005159856286 0.004803617485 -0.009442857467
v -0.005159433 -0.005192577839 -0.007748411968
v -0.005157060456 -0.002372976393 -0.008084385656
v -0.005156005267 -0.004617339931 -0.009264371358
v -0.00515576778 0.002398781246 -0.007930303924
v -0.005153699312 0.006834914442 -0.02147218212
v -0.005150646903 0.004086446948 -0.005587566644
v -0.005150425714 0.002223354764 -0.004172228277
v -0.005141486879 0.001591272186 -0.001928609447
v -0.005138864275 0.004837923683 -0.001720634638
v -0.005137870088 0.000719092146 -0.008122694679
v -0.005136967637 0.001609033206 -0.001946559991
v -0.005135344341 0.005682769231 -0.006737588439
v -0.0051340051 0.002238319721 0.0009006501641
v -0.005132800434 -0.00224107923 0.0009006487671
v -0.005131221376 0.003369006328 -0.002032394521
v -0.005130823702 0.004765505902 -0.009427771904
v -0.005128075369 0.00513069611 -0.02026884817
v -0.005116738845 0.001849452266 -0.002554167993
v -0.005113198888 -0.004590624943 -0.009267343208
v -0.00511241518 0.002819795161 -0.01180035062
v -0.005112258717 0.002264320618 -0.003984253854
v -0.005111815408 0.001712994068 -0.002055403544
v -0.005109606311 -0.0004002560745 -0.01095584594
v -0.005109469406 0.00214765151 -0.01133015472
v -0.005109157413 0.001846558298 -0.00247714296
v -0.005104306154 -0.004778095055 -0.0090417834
v -0.005102883093 -0.001663642819 -0.008138143457
v -0.005102726631 0.004685533233 -0.009375260212
v -0.005101857707 0.001899808412 -0.002596925944
v -0.005101497751 0.003333778586 -0.002094161464
v -0.005091521889 0.004556921311 -0.007824913599
v -0.005088848062 0.001808263012 -0.002169084735
v -0.005082019605 -0.004527021665 -0.001847993815
v -0.00507665379 -0.004556278232 -0.00926135201
v -0.005073074717 -0.001730875461 -0.01102528069
v -0.005072835367 0.001874272013 -0.002257516608
v -0.005072174128 -0.002737954026 -0.008820238523
v -0.005071090534 -0.004824089818 -0.008963526227
v -0.005068356171 0.004834659863 -0.0074420725
v -0.00506796455 0.002905392321 -0.01043032669
v -0.005066079088 0.0008234117413 -0.01101076137
v -0.005061540287 0.001922911964 -0.002328826813
v -0.005061195698 -0.005270288792 -0.006978651974
v -0.005060840864 0.004889366217 -0.001925881021
v -0.005059229676 0.002952030394 0.0005548275076
v -0.005057702772 0.007131469436 -0.02746366151
v -0.005057642236 -0.002954751486 0.0005548347835
v -0.005054330919 -0.00554109551 -0.02936300077
v -0.005053868517 -0.007134190761 -0.02746365964
v -0.005047864746 -0.004516813904 -0.009247487411
v -0.005044210237 -0.005696741864 -0.001957791392
v -0.00504398765 0.002297899686 -0.003530250862
v -0.005032645073 0.003040858777 -0.01196475979
v -0.005031937268 -0.003010378918 -0.01131660212
v -0.005031575914 0.006668825168 -0.01651474461
v -0.00502891792 -0.003250080859 -0.01806521416
v -0.005028375424 0.003978083842 -0.004284182563
v -0.005027992185 -0.00667153066 -0.01651473902
v -0.005025458056 0.00210005953 -0.002653815318
v -0.005025119986 0.004641232546 -0.002019918291
v -0.005022936966 -0.004392898176 -0.009169216268
v -0.005021268502 -0.0004000815679 -0.01500003505
v -0.005019600969 -0.0005834666663 -0.001363556948
v -0.005019515287 -0.004432606045 -0.009200358763
v -0.005019477569 0.004807618447 -0.007451590151
v -0.005019244738 0.002268490149 -0.003218802158
v -0.005016471259 -0.003500078805 -0.01813103445
v -0.005014512688 0.002241828246 -0.00308179087
v -0.005007561296 0.001506999135 0.001136185369
v -0.005006873049 0.001405648771 -0.008180525154
v -0.00500675058 -0.001509692403 0.001136179199
v -0.00500383554 -0.003161869477 -0.002288260031
v -0.005003015045 0.004770956933 -0.009108087048
v -0.004995625466 -0.004461355507 -0.00230521569
v -0.004991319962 -0.005810962059 -0.006629052106
v -0.004991007969 0.005703900009 -0.006016816013
v -0.004989680834 -0.004426966887 -0.009035975672
v -0.004988550674 -0.0008617564454 -0.0014556807
v -0.004986798391 0.005203284789 -0.008978558704
v -0.004986457061 -0.0008679682505 -0.001440904103
v -0.004983098712 -0.004720918834 -0.002125611994
v -0.004982772749 -0.002902248641 -0.0081643546
v -0.004982464015 -0.003683093237 -0.01831085794
v -0.004981582519 -0.00494052982 -0.008722431026
v -0.004979873542 0.007119523361 -0.02526607178
v -0.004978595302 0.004768459592 -0.007454560604
v -0.004976045806 -0.007122195791 -0.02526606806
v -0.004974517506 -0.004210701678 -0.006545829587
v -0.004973943811 0.002598938299 -0.008084830828
v -0.004966500681 0.004961820319 -0.006941011641
v -0.004966356326 -0.003929601051 -0.005107522942
v -0.004964518826 -0.001025081263 -0.001517508412
v -0.004962503444 -0.003681954229 -4.314449689e-05
v -0.004960935563 -0.0004000829067 -0.01454173867
v -0.004960928578 -0.0004000819172 -0.01545832772
v -0.004959123675 0.007246757858 -0.02930337563
v -0.004957301077 -0.005025825463 -0.00457366975
v -0.004952342249 -0.005749359727 -0.002222222509
v -0.004950556438 -0.0004000807821 -0.01500004064
v -0.004949483089 -0.001125916722 -0.001582357334
v -0.004949169699 0.004720262252 -0.007450664416
v -0.00494143879 0.00517563615 -0.008985606022
v -0.00493894238 0.005329595413 -0.008739000186
v -0.004936009645 -0.003750080941 -0.01855649427
v -0.004932195414 0.003722437657 -6.292207399e-05
v -0.00492959423 -0.004927438684 -0.008736263961
v -0.004929517396 -0.004734368064 -0.003107015276
v -0.004925323185 0.004724952858 -0.007394780871
v -0.004915853031 -0.00307307858 -0.00819461979
v -0.004912215751 0.006670704577 -0.01451613288
v -0.004911139142 0.001419311273 -0.01107879169
v -0.004908669274 0.003066201461 -0.007948820479
v -0.004908630159 -0.006673343014 -0.01451613195
v -0.004908173811 -0.004477362614 -0.007887738757
v -0.004907289986 0.002249919111 -0.01803825423
v -0.004906824324 0.0045478018 -0.001523901476
v -0.004906638991 -0.00364963524 -0.003596036229
v -0.004905961454 0.004995806143 -0.006733157206
v -0.004905270878 -0.005306804087 -0.005801517516
v -0.004904379137 -0.004550436046 -0.001523892744
v -0.004902688786 0.005138637032 -0.008984200656
v -0.004901554901 0.005522799212 -0.02075461112
v -0.004897903185 0.0024412598 -0.01807513833
v -0.004896232858 -0.00568127539 -0.02118675783
v -0.004894612357 -0.00568267284 -0.02926738746
v -0.004893601406 0.003776693018 -0.002563817659
v -0.004892633297 -0.0004000815097 -0.01456004567
v -0.004892627709 -0.0004000808694 -0.01544003282
v -0.004890770186 -0.002376083285 -0.01110525709
v -0.004889771808 0.003193461569 -0.008736340329
v -0.004885954317 0.004966709297 -0.00686688209
v -0.004885318689 0.001228556852 -0.001047590631
v -0.004883648828 -0.004900664557 -0.008741964586
v -0.004881320056 -0.003307526 -0.0113782268
v -0.004873462021 0.005094877444 -0.008974325843
v -0.004873346072 0.004850647878 -0.007914094254
v -0.004873057827 0.001206515939 -0.000954180432
v -0.004871171433 0.002603471745 -0.01818017662
v -0.004871071782 0.001012309454 -0.0008485655999
v -0.004868420307 0.001296298229 -0.001046849997
v -0.004859208129 0.004955464508 -0.008903888986
v -0.004856991116 0.006596823689 -0.01249257196
v -0.004855882376 0.006956936326 -0.01905619353
v -0.00485577574 0.005047446117 -0.008956711739
v -0.004855072591 0.005013214424 -0.002661136445
v -0.004853444174 -0.006599436048 -0.01249257196
v -0.004851726349 0.003321573371 -0.00963055063
v -0.004850940313 0.0009668187122 -0.0008162405575
v -0.004850860685 0.004999849945 -0.008932697587
v -0.004850558471 0.001999919536 -0.01500003505
v -0.004850557074 0.003487284295 -0.01500048488
v -0.004850437865 0.003486056346 -0.01498078834
v -0.004850214813 -0.005869124085 -0.005971318111
v -0.004848589189 -0.005088015459 -0.008277021348
v -0.004848419223 0.001470536576 -0.001349724596
v -0.004846585914 0.005008972716 -0.002625886584
v -0.004845364951 -0.004863408394 -0.008740283549
v -0.004844143987 0.005031586625 -0.002689098474
v -0.004842711147 -0.005619176663 -0.02088079043
v -0.00483819237 0.005004629958 -0.002590942197
v -0.004836986307 0.005702702794 -0.005273201037
v -0.004834810738 0.004939785693 -0.006877796259
v -0.004834522493 0.003391669365 -0.01221695449
v -0.004833680578 -0.005011203233 -0.002588602249
v -0.004833073355 -0.004621825181 -0.008656024933
v -0.004832822364 0.00645696884 -0.01046697702
v -0.004831165541 0.002711858833 -0.01833737828
v -0.004829351325 -0.006459564902 -0.01046697982
v -0.004828012548 0.001623545191 -0.00161644863
v -0.004826989491 0.003501802916 -0.01473075524
v -0.004826016724 0.001563745551 -0.001402794034
v -0.004824975971 0.003542488208 -0.01528046466
v -0.004824095406 0.001808240311 -0.002168971347
v -0.004823085386 0.001675188192 -0.001730693504
v -0.0048223841 0.005744093563 -0.02922176756
v -0.004820837174 0.0009930426022 -0.0007699561538
v -0.004819361027 -0.0004001430934 -0.01100248937
v -0.004817455541 -0.003353564534 -0.008942116983
v -0.004817438312 0.001841708669 -0.002212685766
v -0.004816363566 -0.004818879999 -0.008731988259
v -0.004811051302 0.001874253619 -0.002257385291
v -0.004808407277 0.001698536333 -0.001658866415
v -0.004807989113 0.001863758662 -0.00219379249
v -0.004807934165 0.0008696450386 -0.0007471995195
v -0.00480772648 -0.002823799616 -0.00826843176
v -0.004806624725 0.006260922179 -0.008462247439
v -0.004804258235 0.001747079077 -0.001775594661
v -0.004803257994 -0.006263506133 -0.008462237194
v -0.004803236574 0.0009547387017 -0.0007423625793
v -0.004802168813 0.002724344609 -0.01146063861
v -0.004801291507 -0.004673692863 -0.008675117046
v -0.004800558556 -0.000179368697 -0.01500003599
v -0.004800557625 0.0005206279457 -0.01500003599
v -0.004798755981 0.00343729998 -0.01052329969
v -0.00479648402 0.0009565459331 -0.0007446902455
v -0.004792707972 0.00489911437 -0.006883787923
v -0.00479270611 -0.004720814992 -0.008698631078
v -0.004791446961 0.0008323898073 -0.0007207322633
v -0.004784042947 -0.0004000817426 -0.0141146807
v -0.00478403084 -0.000400081015 -0.01588538848
v -0.00478397496 0.002749918262 -0.01852281019
v -0.004783099983 0.005019870121 -0.008654238656
v -0.004776132293 -0.003644042416 -0.002848131349
v -0.004774843343 0.00092411472 -0.000722250028
v -0.004772259388 0.0007890328416 -0.0006899361033
v -0.004769208841 0.005433461163 -0.008430713788
v -0.004767751787 -0.004860589281 -0.002869950142
v -0.004766035359 0.005038162693 -0.002896466758
v -0.004763494246 0.004848126788 -0.00688427547
v -0.004759244155 -0.005873867776 -0.005794841796
v -0.004757094197 0.002927593421 0.0006884622853
v -0.004755521659 -0.002930152928 0.0006884493632
v -0.004753070883 -0.005115120672 -0.008138093166
v -0.004751872737 0.003521216102 -0.01237934083
v -0.004751336295 0.003588122083 -0.01445436198
v -0.004750609398 -0.0004500807845 -0.007000034675
v -0.004750556778 -0.0002000811946 -0.01500003226
v -0.004750556778 0.0004999190569 -0.01500003133
v -0.004749982618 0.004847645294 -0.006847179495
v -0.004747745581 -0.0001793704287 -0.01459886041
v -0.004747738596 -0.0001793697011 -0.01540119853
v -0.004746814724 -0.003532270435 -0.01029794663
v -0.004746726248 0.006018089596 -0.006503614131
v -0.004743491765 -0.00602064142 -0.006503618788
v -0.004737205803 0.00354395248 -0.01244951785
v -0.004734574351 0.003684980096 -0.01558869984
v -0.004733894486 -0.006998046301 -0.01792218909
v -0.004730473738 0.002231495222 0.0009874847019
v -0.004729272798 -0.002234037966 0.0009874765528
v -0.004728512373 0.003371552099 -0.01195521373
v -0.004723682068 0.003568366868 -0.01287722401
v -0.004722806625 -0.00040008215 -0.0141500365
v -0.004722795449 -0.000400079618 -0.01585003734
v -0.004722544458 0.004401411861 -0.0008902979898
v -0.004720323719 0.005406432785 -0.008440230042
v -0.004720178433 -0.004403950647 -0.0008902892005
v -0.004718454555 0.003722548252 -0.01562617347
v -0.004718310665 -0.0004000821791 -0.01104060281
v -0.004717841744 -0.00589628052 -0.005367185455
v -0.004709756933 -0.00584888272 -0.003015022026
v -0.004706685431 0.0008219641168 -0.0006515528657
v -0.004704406485 -0.005088879727 -0.008145174943
v -0.004700609948 -0.0005000819801 -0.007000039332
v -0.004700039513 -0.005844623316 -0.02118675783
v -0.004699448589 -0.0002000817622 -0.01461181045
v -0.004699444398 -0.0002000803361 -0.01538826525
v -0.004698102828 0.007163492031 -0.02136981115
v -0.004694252275 -0.007166015916 -0.02136981301
v -0.004690589383 0.005105016753 -0.008410870098
v -0.004690486938 0.001991428202 -0.01117537171
v -0.004690275528 0.003505312605 -0.00794208888
v -0.004686508328 -0.005279018078 -0.004426220898
v -0.004684477579 -0.005130796228 -0.003104348201
v -0.004684335086 -0.005000034347 -0.003104856005
v -0.004679430276 0.005367283709 -0.008443200029
v -0.004679067992 0.00419001421 -0.003142966889
v -0.004678733181 -0.00477915071 -0.008149988949
v -0.004678105004 0.005059035029 -0.00314648007
v -0.004671268165 0.0006499189767 -0.01500003412
v -0.004671070259 0.003619777737 -0.01247543003
v -0.004670240451 0.002249917947 -0.01796192862
v -0.004670239985 -0.003250082489 -0.01796192862
v -0.004667970352 0.003161648521 -0.008214849979
v -0.004667569883 0.00364326383 -0.01229517907
v -0.004667385947 0.005560646299 -0.007929663174
v -0.00466468744 -0.005049897823 -0.008147133514
v -0.004658026155 -0.005888109561 -0.005380367395
v -0.00465569878 0.003702399554 -0.01424763072
v -0.004651154857 -0.003894062713 -0.003203704953
v -0.004650558345 0.0005999184796 -0.01500004251
v -0.004650252871 -0.005149546079 -0.003205400659
v -0.004649990704 0.005319093354 -0.008439304307
v -0.004647795577 0.005160569213 -0.008392312564
v -0.004646248184 0.0007218664978 -0.0006497272407
v -0.004646019079 0.005731304176 -0.004657393787
v -0.004645781126 -0.003500080202 -0.01802429743
v -0.004643215332 0.00366155128 -0.008848173544
v -0.004642902873 0.001999919768 -0.01422503684
v -0.004642891698 0.001999917673 -0.01577503048
v -0.004642840475 0.003714666236 -0.0142249139
v -0.004641990177 0.003880970879 -0.0157765951
v -0.004641278647 0.0006553653511 -0.0006129381363
v -0.004638857208 0.007014296018 -0.01668559201
v -0.004638739396 0.003699917346 -0.01007935498
v -0.004638656508 0.003594693262 -0.007936292328
v -0.004636193626 -0.002992734779 -0.0112167187
v -0.004635621328 -0.005001950078 -0.008144355379
v -0.004635086749 -0.007016790565 -0.01668559387
v -0.004635033198 0.003699919209 -0.009550380521
v -0.004634548444 -0.005390496459 -0.003288651351
v -0.0046342602 0.005265652202 -0.008428891189
v -0.004633442964 0.005211378913 -0.008412826806
v -0.004631783813 0.003699932713 -0.01034818497
v -0.004629442003 -0.004842037801 -0.008111272007
v -0.004629064351 -0.005099303555 -0.003309243359
v -0.004628445487 -0.005167539231 -0.003311580978
v -0.004627435002 0.002468032762 -0.008348013274
v -0.004623886198 -0.0036852255 -0.008325292729
v -0.004619894549 0.00369991851 -0.008860988542
v -0.004618525039 0.003737813095 -0.01418422349
v -0.004616638646 -0.000450081774 -0.006500033662
v -0.004616631195 -0.0004500830546 -0.007500029169
v -0.004616286606 -0.004894247279 -0.008126045577
v -0.004615736194 0.003591006389 0.0002881730616
v -0.004613806494 -0.003593487665 0.000288172625
v -0.004608992953 -0.005215691403 -0.007527808193
v -0.004608661402 -0.001499462407 -0.01108900923
v -0.004607886542 0.0007230015472 -0.01108935475
v -0.004606849514 0.005594650283 -0.007721776143
v -0.004601442255 0.003697516164 -0.01250163466
v -0.00459856214 -0.005876827985 -0.003425310133
v -0.004596128594 -1.234111892e-06 0.001241588034
v -0.004592902958 -0.0001793685369 -0.01422503777
v -0.004592902027 0.0005206281203 -0.01422503684
v -0.004592891783 -0.0001793705451 -0.01577503048
v -0.004592891783 0.0005206296919 -0.01577503048
v -0.004589394201 0.0008105349843 -0.01109751593
v -0.004588920623 0.005088643637 -0.005569690373
v -0.004588490818 0.007010617293 -0.01577418298
v -0.004586840048 0.005565561354 -0.007855529897
v -0.004585130606 -0.007477824111 -0.02907703258
v -0.004583593924 0.004919646308 -0.006257628091
v -0.004580582026 0.0007352423272 -0.0005997707485
v -0.004578953609 -0.003683092538 -0.01819467545
v -0.004578303546 -0.00337167643 -0.008369693533
v -0.004576329142 0.005481660832 -0.003458907362
v -0.004574072547 0.003699918976 -0.007926298305
v -0.004573337268 -0.0005000805832 -0.006525035016
v -0.004573330283 -0.0005000809324 -0.007475037593
v -0.004572495818 -0.005198940635 -0.003525609151
v -0.004572249018 -0.005263034254 -0.007072616834
v -0.004565759096 0.005073633045 -0.005711379927
v -0.004562913906 -0.004065141082 -0.003476893762
v -0.004559039138 -0.005189185496 -0.007536005694
v -0.004558797926 -0.004182341509 -0.0002995782124
v -0.004554425832 0.005648745224 -0.004018886015
v -0.004550610669 -0.0002500795817 -0.007000041194
v -0.004550609272 0.0009206292452 -0.007000031415
v -0.00454960065 0.0004999176017 -0.01425002981
v -0.004549600184 -0.0002000826935 -0.01425003074
v -0.004549590405 -0.0002000801614 -0.01575003192
v -0.004549590405 0.0004999201046 -0.01575003006
v -0.004548574798 -0.004470403306 -0.005201111082
v -0.00454817852 0.0044443761 -0.003641148563
v -0.004545870703 0.003699920373 -0.01223831344
v -0.004544509109 -0.006991768256 -0.01471231598
v -0.004541472532 0.0006130967522 -0.0005910648615
v -0.004535688553 0.005538649391 -0.007866428234
v -0.004535266664 -0.005273826886 -0.006899884902
v -0.004531404935 0.004075749312 -0.01594210789
v -0.004524139687 -0.006965677254 -0.01393481437
v -0.004522520117 -0.004887505434 -0.007492573932
v -0.004521150142 -0.004777431488 -0.006683662068
v -0.004519531038 0.004226727877 -0.0003270635207
v -0.004518826958 -0.005148913246 -0.007540441118
v -0.004517570604 0.005398474168 -0.00302486564
v -0.004514667671 -0.005400901195 -0.003024857491
v -0.004513067659 0.003699920373 -0.008059353568
v -0.004512375221 0.005045637954 -0.005724663381
v -0.004511871841 0.003878584597 -0.009103473276
v -0.004509375896 -0.003899961011 -0.0115320757
v -0.004506436177 -0.003915970679 -0.009075888433
v -0.004502646625 -0.0004000819172 -0.01374795102
v -0.004502629861 -0.0004000822373 -0.01625210978
v -0.004500871059 0.006889267359 -0.01241639256
v -0.004500610288 0.000899919949 -0.007000027224
v -0.004500609823 -0.0003000824072 -0.00700003095
v -0.004497590475 0.003969025798 -0.01558463369
v -0.004494806286 0.004945090506 -0.005926804617
v -0.004493747838 0.0006083495682 -0.0005886722938
v -0.004493574612 0.005497987848 -0.007872420363
v -0.004491838627 0.005622009747 -0.003737105755
v -0.004490145482 -0.004932673648 -0.007522267289
v -0.004490096588 -0.005098997615 -0.007541207597
v -0.004487663973 -0.003750080941 -0.01842741296
v -0.004483588971 0.004537813831 -0.003764181398
v -0.004481580108 0.00392560428 -0.01062427368
v -0.004480933305 0.0006499177543 -0.01428967435
v -0.004480924457 0.0006499192095 -0.01571038552
v -0.004478771705 0.0007154619088 -0.0005886788131
v -0.004474580754 -0.005043566227 -0.007538368925
v -0.0044740187 -0.004986748565 -0.007532034535
v -0.004472796805 0.006766353268 -0.0106213782
v -0.00447182823 0.005278267432 -0.007843417116
v -0.004469429143 0.00500234263 -0.005734434351
v -0.004469156731 -0.006768758409 -0.0106213633
v -0.00446460722 0.00511126034 -0.006708435249
v -0.004464347381 0.00544700725 -0.007872907445
v -0.004462997895 0.0005999181303 -0.01430003531
v -0.004462989513 0.0005999204586 -0.0157000348
v -0.004452899098 0.00533214258 -0.007857770659
v -0.00445264671 -0.0004000821791 -0.01379795186
v -0.004452629946 -0.0004000822664 -0.0162021108
v -0.004450411536 0.005390031729 -0.007867854089
v -0.00444969628 -0.006695566233 -0.009741370566
v -0.004444684368 0.00463596778 -0.004061717074
v -0.004444515333 0.002249919344 -0.01785674319
v -0.004444423597 -0.00587864127 -0.004635180812
v -0.00444343267 -0.0002500823175 -0.006600028835
v -0.004443432204 0.0009206281393 -0.006600033958
v -0.004443428479 0.0009206300601 -0.007400026545
v -0.004443427082 -0.0002500819392 -0.007400036789
v -0.004443378653 0.005103009753 -0.00502903061
v -0.004440071993 -0.006044480484 -0.02898652293
v -0.004434312228 -0.00524137821 -0.003907638602
v -0.004430401605 0.003256394528 -0.01161673106
v -0.004428284708 -0.005901084282 -0.004110133741
v -0.004426321015 0.0024412598 -0.01789017208
v -0.004413334653 0.007188942283 -0.01772855595
v -0.004412509035 0.003994505852 -0.008565709926
v -0.004409469198 -0.007191311568 -0.01772854663
v -0.004406423308 0.003934264183 -0.0139139127
v -0.004405448213 0.00369992014 -0.01201674249
v -0.004405442625 0.002530461177 -0.01129972748
v -0.004403734114 0.005278136581 -0.007461373694
v -0.004400131293 -0.0003000811557 -0.00662503019
v -0.004400130827 0.0008999175625 -0.006625026464
v -0.004400126636 -0.0003000818833 -0.007375030313
v -0.00440012617 0.000899916864 -0.007375026587
v -0.004396666307 -0.005895783193 -0.004242686555
v -0.004396235105 0.005280794576 -0.007433478255
v -0.004394543357 0.003923554439 -0.01153598353
v -0.00439322507 0.002920303959 0.0007677634712
v -0.004391655326 -0.002922664396 0.0007677699323
v -0.004391439725 0.00510373665 -0.004287018906
v -0.004389256239 0.006528423168 -0.008035766892
v -0.00438574655 -0.006530778948 -0.008035771549
v -0.004374512471 0.002603472909 -0.01798537374
v -0.004373178352 0.004034786019 -0.008380946703
v -0.004370808136 -0.004111138172 -0.01042190008
v -0.004368672613 -0.005868659355 -0.004362934735
v -0.004358784761 0.004087011795 -0.008964471519
v -0.004346578848 -0.000179370938 -0.01390401181
v -0.00434656674 -0.0001793701085 -0.01609605365
v -0.004342615139 -0.005290755071 -0.006311323959
v -0.004342348315 0.007503117435 -0.02503030375
v -0.004338314757 -0.007505451329 -0.02503029257
v -0.004337000195 -0.003250079462 -0.01779380813
v -0.004336458165 -0.004484759178 -0.004263273906
v -0.004333856981 0.005048055667 -0.001685527968
v -0.004332292359 0.007153030951 -0.01584530063
v -0.004332290031 0.003699918976 -0.008309012279
v -0.004332159646 0.007616086863 -0.02891642787
v -0.00433114171 -0.005050383974 -0.001685521565
v -0.004328446928 -0.007155358791 -0.01584529877
v -0.004327000119 0.004078278318 -0.008180415258
v -0.00432470534 0.005105819087 -0.004578349646
v -0.004321319982 0.001149918069 -0.007000025827
v -0.004318605177 0.004981323611 -0.005264116917
v -0.004311225377 -0.0002000791574 -0.01393937692
v -0.00431121001 -0.0002000813693 -0.01606069878
v -0.004310619086 -0.003569215303 -0.01135887019
v -0.004307263996 -0.005275538191 -0.004372618161
v -0.004305821378 -0.004948809743 -0.006480589043
v -0.004302853253 0.006380678155 -0.006721275859
v -0.004301379435 -0.003500078805 -0.0178505443
v -0.004300610628 0.001099917572 -0.007000034209
v -0.004296971951 0.002711858135 -0.0181278456
v -0.004296276253 0.005096876994 -0.004703764338
v -0.004294150509 0.004417087883 -0.01618968323
v -0.004292954691 0.007074785419 -0.01389473677
v -0.004291510209 -0.005263060797 -0.006322132424
v -0.004289831501 0.005687571596 -0.006558343302
v -0.004289151635 -0.007077093236 -0.01389474329
v -0.00428835582 -0.004210997839 -0.008472096175
v -0.004286780953 -0.003884010715 -0.008498379961
v -0.00427250145 0.005072556436 -0.004811570514
v -0.004272468854 0.00368160638 -0.008379399776
v -0.004271968734 -0.006341803353 -0.006387064233
v -0.004268528428 0.004142683465 -0.01237992663
v -0.004267459735 0.00179030525 -0.01123960968
v -0.004266666248 0.005672564264 -0.006700017955
v -0.004262260161 -0.002605495974 -0.01124190912
v -0.004251263104 -0.005220596679 -0.00633012969
v -0.004250614438 -0.0004500820942 -0.006134007592
v -0.004250604659 -0.0004500820651 -0.007866055705
v -0.004250362981 0.004921449814 -0.004623893648
v -0.004244861193 0.001149918302 -0.006714675575
v -0.004244857933 0.001149920397 -0.007285386324
v -0.004239799455 0.004992146976 -0.004961032886
v -0.004233291373 -0.004995911382 -0.006328421179
v -0.004226925783 0.001099918736 -0.006725036539
v -0.004226922058 0.001099917921 -0.007275034674
v -0.004225614481 -0.0005000812816 -0.006177312229
v -0.00422560377 -0.0005000819219 -0.007822751999
v -0.004224439617 0.005991544574 -0.0205562897
v -0.004223592579 -0.005168004893 -0.006335016806
v -0.004214862827 -0.004270335659 -0.01165304519
v -0.004213275854 0.005644587334 -0.006713314448
v -0.004212883301 -0.005051018205 -0.006334446836
v -0.004210226703 -0.005109927617 -0.006336555351
v -0.004209171049 0.006207484752 -0.02883647196
v -0.00420791097 0.005692149512 -0.004794295412
v -0.004205507692 0.002749920357 -0.01829592139
v -0.00420451723 0.007435170002 -0.02118433453
v -0.004204058088 -0.003683093935 -0.01800553873
v -0.004200519994 -0.007437433116 -0.02118432894
v -0.004199013114 0.006815715227 -0.009973294102
v -0.004196588881 0.001940833987 -0.01127089001
v -0.004195348825 -0.006817972753 -0.009973294102
v -0.004188750871 -0.002765327226 -0.01127435546
v -0.004185422789 0.003699917812 -0.01184621453
v -0.004184894264 0.00316842203 -0.008543350734
v -0.004176443443 0.004165026825 -4.837930828e-05
v -0.004174203146 -0.004167272709 -4.837649612e-05
v -0.004170317668 0.005601306446 -0.006723084953
v -0.004163924139 0.005369437858 -0.006714397576
v -0.00415487634 0.004150063265 -0.013706645
v -0.004150614142 -0.0002500805713 -0.006307213567
v -0.004150614142 0.0009206298855 -0.006307218689
v -0.004150606692 -0.0002500806004 -0.007692858111
v -0.004150605295 0.0009206281975 -0.007692848332
v -0.004149989691 0.004220963921 -0.01001903974
v -0.004144349135 0.005701971706 -0.006017901003
v -0.004142550286 -0.004413995892 -0.009215659462
v -0.004142144695 0.005546731874 -0.00672831526
v -0.00414190162 -0.004351937212 -0.01168273948
v -0.00413868716 0.005424944218 -0.006723791827
v -0.004135971423 0.004632611759 -0.0006042185123
v -0.00413592346 -0.0004000809276 -0.01346655376
v -0.004135902971 -0.0004000804911 -0.01653351635
v -0.004131289199 0.00548594771 -0.006728544831
v -0.004127404653 0.004219066817 -0.007390888873
v -0.004126234446 -0.005302114878 -0.005098783877
v -0.004125614185 -0.0003000797587 -0.006350517739
v -0.004125613719 0.0008999189595 -0.006350514479
v -0.004125605803 -0.0003000804281 -0.007649554405
v -0.004125605337 0.0008999183192 -0.00764955068
v -0.004120311234 0.0043631359 -0.01073046029
v -0.004111563321 0.006095771678 -0.00469513936
v -0.004108286463 -0.006097981706 -0.0046951361
v -0.004100566264 -0.0004000795016 -0.01352778543
v -0.004100558348 0.000649919908 -0.01500003692
v -0.004100556951 0.00199991907 -0.01500003133
v -0.004100548103 -0.0004000791232 -0.0164722763
v -0.004097315017 -0.004891994875 -0.005220285151
v -0.004091376904 -0.006285747048 -0.02249201946
v -0.004088080954 -0.005292651244 -0.005259255413
v -0.004077093676 0.004673033953 -0.01634148322
v -0.004075656645 0.004213857464 -0.01365773845
v -0.004075566307 0.001999921165 -0.01365769468
v -0.004075550474 0.001999920467 -0.01634237543
v -0.004074893426 -0.005120707676 -0.00531608006
v -0.004072779324 0.006647641305 -0.008095839061
v -0.004071114585 -0.003750079544 -0.01821726002
v -0.004069204908 -0.006649827585 -0.00809583161
v -0.004068314098 -0.005272074137 -0.005344303325
v -0.004063276574 0.007344996557 -0.01759728231
v -0.00406258693 -0.004948762245 -0.005373503082
v -0.00406122813 0.003027553437 -0.0114494171
v -0.004059327301 -0.007347180042 -0.01759728603
v -0.004049840849 0.003699919907 -0.008552825078
v -0.004046319053 0.00640419079 -0.00624111481
v -0.004042877816 -0.006406365428 -0.006241121329
v -0.004040802829 -0.003250080859 -0.01756669581
v -0.004040801432 0.002249920042 -0.01756669581
v -0.004040743224 -0.005212603603 -0.005464322399
v -0.004038646817 0.004463296849 -0.009081805125
v -0.004036512692 0.00610316731 -0.0226096604
v -0.004035969265 0.001149918418 -0.006505786441
v -0.00403596228 0.001149920281 -0.007494282909
v -0.004035667516 -0.005008173641 -0.005486817565
v -0.004029627889 0.003699918045 -0.0117792422
v -0.004028148949 0.00356205483 0.0004692688817
v -0.004027510528 -0.005147816613 -0.005522523541
v -0.004026710987 -0.005057062022 -0.005526157096
v -0.004026233219 -0.003564218758 0.0004692770017
v -0.004026112147 0.00570481969 -0.005566989072
v -0.004025613423 0.001099920482 -0.006523720454
v -0.004025606439 0.001099918154 -0.007476338185
v -0.00402556546 -0.0001793706615 -0.01365769561
v -0.00402556546 0.0005206296337 -0.01365769468
v -0.004025549628 -0.00017937136 -0.01634237729
v -0.004025547765 0.0005206293426 -0.01634237543
v -0.004024610389 -0.005101540126 -0.005535385106
v -0.004022900946 0.0007733795792 0.001155874925
v -0.004022483248 -0.0007755431579 0.001155870385
v -0.004022044595 0.005943615921 -0.003862668294
v -0.0040203752 0.007164225914 -0.01379412413
v -0.004019369371 0.0003879544092 0.001165001304
v -0.004019160755 -0.0003901164455 0.001164996182
v -0.004016524646 -0.007166385651 -0.01379412785
v -0.004015143961 -1.077525667e-06 0.001166958245
v -0.004014926031 0.002441261429 -0.01759460196
v -0.004014461767 -0.004758817609 -0.0007093227468
v -0.004000565037 -0.0002000815875 -0.01370099187
v -0.004000565037 0.0004999187076 -0.01370099094
v -0.004000548739 0.0004999173689 -0.01629906334
v -0.004000548273 -0.0002000829118 -0.0162990652
v -0.003998775501 -0.005907537881 -0.003676793538
v -0.003998139873 0.004382348619 -0.008501186967
v -0.003997383174 0.005696080625 -0.005692237522
v -0.003995259758 -0.003500079736 -0.01761581562
v -0.003993920982 0.004257018212 -0.006773271132
v -0.003986682277 0.00199991907 -0.01457503624
v -0.00398668088 0.0006499188021 -0.01457502786
v -0.003986676224 0.001999918604 -0.01542503759
v -0.003986675292 0.00064991822 -0.01542502828
v -0.00398516003 0.00476870453 -0.01639063843
v -0.003984513693 0.005517705809 -0.005749886855
v -0.003974236548 0.001530966023 0.001096753171
v -0.003973413724 -0.00153310399 0.00109674118
v -0.003972349688 0.005339337513 -0.005808071233
v -0.003970798105 0.005667703692 -0.005812149495
v -0.003960920963 0.0006499183364 -0.01376965269
v -0.003960904665 0.0006499175797 -0.01623040251
v -0.003957006149 0.004505658057 -0.01557679288
v -0.003950731363 0.005381274037 -0.005903278012
v -0.003950565122 0.0005999184796 -0.01378760114
v -0.003950550687 0.0005999206915 -0.01621247083
v -0.003944600467 0.006882804912 -0.009894950315
v -0.003943416756 0.006379612722 -0.02118675411
v -0.003941237461 0.002603471978 -0.01767408848
v -0.003940900322 -0.006884924602 -0.009894955903
v -0.00394072989 0.006381272804 -0.02865977958
v -0.003940486815 0.005777333397 -0.003107764293
v -0.003940132912 0.005588691216 -0.005952186417
v -0.003935559653 0.00544328196 -0.005973065272
v -0.003935362212 -0.007807578892 -0.02865955979
v -0.003935256042 -0.004616494756 -0.01055279095
v -0.003932527266 0.005534826312 -0.00598715758
v -0.003931580111 0.005488417111 -0.00599148171
v -0.003926930949 0.005747372285 -0.002984123072
v -0.003923841286 -0.005749482661 -0.00298413448
v -0.003923505545 0.00441393489 -0.007355656475
v -0.003922728822 -0.004338068422 -0.008659070358
v -0.003918293864 0.002098946134 -0.01139373519
v -0.003918293864 0.002098946832 -0.009517239407
v -0.003917352296 -0.004094166216 -0.01152995508
v -0.003917110618 -0.002301051281 -0.009517237544
v -0.003917109687 -0.002301054075 -0.01139425952
v -0.003891647561 0.003699917579 -0.01174263284
v -0.003886056831 0.0005999184214 -0.01500002574
v -0.003886056133 -0.002400080906 -0.0150000276
v -0.003885786515 0.004215168301 -0.005968760699
v -0.003885392565 0.007829332724 -0.02862264775
v -0.003880108474 0.002488431521 -0.01141058747
v -0.003874466522 0.006193620618 -0.02046141028
v -0.003870832268 -0.003683094401 -0.01775002666
v -0.003868913744 -0.004700082354 -0.01004069578
v -0.003864975413 -0.004700080957 -0.008651005104
v -0.003853824222 0.006460075267 -0.00633477699
v -0.003850350389 -0.006462144665 -0.00633476628
v -0.003844960593 0.00437913416 -0.006924780551
v -0.003839569632 0.006212392822 -0.02045213245
v -0.003832723945 0.002678236226 -0.00955506973
v -0.003830953734 0.00271186023 -0.01779304072
v -0.003829611233 0.002261733403 0.0009655249305
v -0.003829005873 0.004609955475 -0.008297578432
v -0.003828395624 -0.002263791393 0.0009655217873
v -0.003818772035 0.00458328519 -0.01246985793
v -0.0038182633 0.006171314511 -0.00457646884
v -0.003818233497 0.006710001733 -0.008036669344
v -0.003814944765 -0.006173361093 -0.004576467909
v -0.003814625554 -0.006712054368 -0.008036667481
v -0.003811912378 0.0044235643 -0.01164581161
v -0.003811650909 0.004412149545 -0.01353659574
v -0.003807978937 0.004665531218 -0.0004760740267
v -0.003806500463 0.005446702708 -0.001929308986
v -0.003805472283 -0.00466757454 -0.0004760802549
v -0.003801959334 0.004115550779 -0.005033017136
v -0.003801170969 0.005431337282 -0.001884201891
v -0.00380091765 0.0005999172572 -0.01468227524
v -0.003800916951 -0.00240008207 -0.01468227711
v -0.003800914623 0.000599919993 -0.01531778369
v -0.003800913924 -0.002400079276 -0.01531778555
v -0.003795931581 0.005415789783 -0.001839424018
v -0.003793307813 -0.002993254457 -0.009571802802
v -0.003793307813 -0.002993253991 -0.01144891325
v -0.003789597657 -0.004700080492 -0.01182451658
v -0.003784433473 -0.005391031038 -0.001764292014
v -0.003779181512 -0.006478254218 -0.0285532698
v -0.003762945067 0.002872850047 -0.01147274859
v -0.003762584412 0.005056370515 -0.001034062239
v -0.003759865882 -0.005058389157 -0.00103405118
v -0.003754012287 0.005106400698 -0.001121992711
v -0.003750616917 -0.0004500821233 -0.00600003358
v -0.003750615753 0.0009206284885 -0.006200027652
v -0.003750615288 -0.0005000808742 -0.006050022319
v -0.003750614822 0.000899919658 -0.006250022445
v -0.003750614589 0.001149920514 -0.006429317873
v -0.003750614356 -0.0003000826982 -0.006250026636
v -0.003750613891 -0.0002500815608 -0.00620002253
v -0.003750613891 0.001099917805 -0.006450026762
v -0.003750610631 0.001149918884 -0.007000028621
v -0.003750608535 0.001099917456 -0.007000024896
v -0.003750606673 0.001149917371 -0.007570739836
v -0.003750605742 0.001099920366 -0.007550022565
v -0.003750604345 -0.0003000801662 -0.007750026416
v -0.003750604345 0.0009206312243 -0.007800028659
v -0.003750604112 0.000899918552 -0.007750023156
v -0.003750603646 -0.0002500828414 -0.007800024003
v -0.003750602715 -0.0005000819801 -0.007950026542
v -0.003750602715 -0.0004500810464 -0.008000023663
v -0.003740142565 0.005060930271 -0.001027348917
v -0.003726082155 0.002249919111 -0.01736908033
v -0.003726081923 -0.003250081325 -0.01736908033
v -0.003718828317 0.004742712248 -0.01083907392
v -0.003712185891 0.002441262826 -0.01740451343
v -0.003708862467 -0.00040008215 -0.0132896509
v -0.003708838951 -0.0004000814806 -0.01671039872
v -0.003701623296 -0.00350007927 -0.01743144728
v -0.003700864967 -0.003750078147 -0.01793336496
v -0.003700864268 0.002749919193 -0.01793335937
v -0.003691661404 -0.003581539029 -0.01149376668
v -0.003690560348 -0.0004000807239 -0.01335795689
v -0.003690539626 -0.0004000805784 -0.01664210297
v -0.003689403646 0.003956494853 -0.003644941142
v -0.003685210133 0.004784151446 -0.009196746163
v -0.003679770743 0.004147530533 7.969499711e-05
v -0.003677540692 -0.004149508663 7.969450235e-05
v -0.003675563261 0.0006499204901 -0.01426390931
v -0.003675561398 0.001999919536 -0.01426390372
v -0.003675553016 0.0019999207 -0.01573615707
v -0.003675551852 0.0006499203155 -0.01573614776
v -0.003672606777 0.002603473607 -0.01750540733
v -0.003664195072 0.00792159047 -0.0284712594
v -0.003663307289 0.003473889083 -0.01162184216
v -0.003660379443 0.005061120726 -0.01650767773
v -0.003651736071 -0.0001793700358 -0.01350284368
v -0.003651716281 -0.0001793701085 -0.01649720781
v -0.003642141353 0.007822317071 -0.02472932264
v -0.003638796275 -0.0002000800741 -0.01355113648
v -0.003638776718 -0.0002000808745 -0.01644891128
v -0.003637936898 -0.007824275643 -0.02472931892
v -0.003634794382 -0.003683093004 -0.0176018104
v -0.003633132903 0.002949966351 0.0007562268875
v -0.003631547093 -0.002951917937 0.0007562224637
v -0.003617954906 0.007680306211 -0.02093685232
v -0.003615532303 0.004628497176 -0.01015006192
v -0.003613825189 -0.007682249416 -0.02093685418
v -0.003613375127 0.0027118586 -0.01765642688
v -0.00360719976 -0.007944357581 -0.02843624726
v -0.003598883748 0.00651696464 -0.006305088289
v -0.003598561976 0.003699919907 -0.008802148513
v -0.00359538151 -0.006518895272 -0.006305098534
v -0.003591759363 0.005889767781 -0.003126261523
v -0.003588887164 0.003886157181 -0.002814281033
v -0.003588594031 -0.005891695619 -0.003126255935
v -0.00358832418 0.004246441647 -0.005077561829
v -0.003577776719 0.006238495 -0.004724144004
v -0.003574423492 -0.006240418646 -0.004724140279
v -0.003572463756 0.005084455013 -0.001008787891
v -0.003569731722 -0.005086373072 -0.001008801628
v -0.003568311688 0.0005999184214 -0.01444966905
v -0.003568310989 -0.002400080906 -0.01444967091
v -0.003568304237 0.000599920284 -0.01555038709
v -0.003568303538 -0.002400079044 -0.01555038895
v -0.003560616402 0.003240894293 -0.01157979853
v -0.003548455192 0.006607456598 -0.02839190327
v -0.003545648418 0.003699918976 -0.01171771158
v -0.003543505678 0.002749921288 -0.01783455722
v -0.003543504747 -0.003750081407 -0.01783454977
v -0.003542923369 -0.003767812857 -0.01155942306
v -0.003529842244 0.003283930477 -0.009688838385
v -0.003517286386 0.004705007654 -0.008634550497
v -0.003483691951 -0.004700080026 -0.00885286089
v -0.003481105203 0.004624373745 -0.01318417955
v -0.003475613426 0.001099920017 -0.006523711141
v -0.00347560714 0.001099919318 -0.007476343773
v -0.003472105134 0.003748152871 -0.001434644801
v -0.003465256887 0.001149918069 -0.0065057748
v -0.003465251764 0.001149919466 -0.007494270802
v -0.003463356057 -0.004557616077 -0.01172669884
v -0.003454062389 0.004647179041 -0.01345752366
v -0.003445299342 0.005541855469 -0.001936342218
v -0.003442320041 -0.005543706007 -0.001936341869
v -0.003441612702 -0.006663730834 -0.02388541028
v -0.003439304419 0.005332194269 -0.00143868092
v -0.003438046901 -0.006665571127 -0.02831675671
v -0.003436435945 -0.005334042478 -0.001438678009
v -0.003426299663 -0.004700018093 -0.01179066766
v -0.00342596788 0.003716805717 -0.001024388941
v -0.003411667189 0.003722690279 -0.0009921734454
v -0.003409368452 0.003587298794 0.0004579819215
v -0.003407440148 -0.003589133266 0.0004579758097
v -0.003406730713 -0.005103711504 -0.001004953519
v -0.003404771443 0.004624870606 -0.007036721334
v -0.003395670094 0.004668053705 -0.0004143677652
v -0.003393158084 -0.004669880494 -0.0004143548722
v -0.00338179199 0.004482067656 -0.005374005064
v -0.003375614295 -0.0003000808065 -0.006350513548
v -0.003375613829 0.0008999179117 -0.006350509822
v -0.003375606146 0.0008999208803 -0.007649546023
v -0.003375605913 -0.0003000814759 -0.007649549749
v -0.003367471742 0.003745041788 -0.0009415732929
v -0.003360935254 -0.003500078805 -0.01736702025
v -0.003360935021 0.002249918878 -0.01730003208
v -0.003360934788 -0.003250081558 -0.01730003394
v -0.003360934788 0.002441263758 -0.01733809337
v -0.003360933159 0.002603472676 -0.0174464751
v -0.003360932693 -0.003683094634 -0.017550027
v -0.00336093246 0.0027118586 -0.01760868169
v -0.003360931063 -0.003750081407 -0.01780002564
v -0.003360931063 0.002749919426 -0.01780002005
v -0.003358557355 0.006448152475 -0.02406352945
v -0.00335061457 0.0009206314571 -0.006307207514
v -0.003350613639 -0.0002500825794 -0.006307203323
v -0.003350606887 0.0009206314571 -0.007692852058
v -0.003350604326 -0.0002500822011 -0.007692847867
v -0.003347682767 0.004685902037 -0.006511255633
v -0.003334929002 0.004119736142 -0.002966809552
v -0.003330944339 -0.003715109546 -0.00977580063
v -0.003330943407 -0.00371511071 -0.01165298745
v -0.003330088686 0.004987740889 -0.01558001991
v -0.003324184567 0.004957566038 -0.0125628449
v -0.003317356808 0.006288827397 -0.004729396664
v -0.003314413596 0.006467703264 -0.02046140656
v -0.003313975874 -0.006290613208 -0.004729399458
v -0.003311166773 0.005959358998 -0.00329238805
v -0.003307962557 -0.005961133633 -0.003292385722
v -0.003304067999 0.006464177743 -0.02028974332
v -0.00330234482 0.005045082886 -0.00930586271
v -0.003302161116 0.004736062139 -0.01344995666
v -0.003300567623 0.00199991907 -0.01345002744
v -0.003300548298 0.005316374358 -0.01655002683
v -0.003300547134 0.001999920234 -0.0165500287
v -0.003293613205 0.00355160865 -0.01170777995
v -0.003281309735 0.005057544447 -0.01094733737
v -0.003275614465 -0.0005000809906 -0.006177297328
v -0.003275604919 -0.0005000799429 -0.007822751999
v -0.003274297807 0.00109991827 -0.00672503002
v -0.003274295013 0.001099921064 -0.007275027689
v -0.003262995509 -0.001612686552 0.0009719196241
v -0.003258030862 0.004890336189 -0.007546124049
v -0.003256361466 0.001149917953 -0.006714671385
v -0.003256358206 0.001149919932 -0.007285382133
v -0.003253661329 0.001905119396 0.0009346191655
v -0.003251288319 0.0008890845929 0.001019930933
v -0.003250614973 -0.0004500811046 -0.006134001538
v -0.003250603564 -0.000450080639 -0.007866050117
v -0.003250568639 -0.0004000804038 -0.01330001932
v -0.003250568407 -0.0004000822082 -0.01322931331
v -0.003250567708 0.0005206309143 -0.01345002651
v -0.003250567475 -0.0001793693373 -0.01345002744
v -0.003250566078 0.0004999184748 -0.0135000227
v -0.003250566078 0.0005999183632 -0.01360003185
v -0.003250565846 -0.0002000817913 -0.01350002363
v -0.003250565613 0.0006499194424 -0.01357930806
v -0.003250562819 0.001999918139 -0.01415002812
v -0.003250561655 -0.002400081605 -0.01436452381
v -0.003250561655 0.0006499178708 -0.0141500188
v -0.00325056049 0.0005999179557 -0.01436452195
v -0.003250557464 -0.00278192875 -0.01500002574
v -0.003250553505 -0.002400081372 -0.01563552767
v -0.003250552574 0.0005999181885 -0.01563552581
v -0.003250552574 0.0006499199662 -0.01585002057
v -0.003250551876 0.0019999207 -0.01585002989
v -0.003250548616 0.0006499183946 -0.01642073132
v -0.003250547918 0.0005999194109 -0.01640002988
v -0.003250546986 -0.0001793681004 -0.0165500287
v -0.003250546986 0.0004999195226 -0.01650002226
v -0.003250546753 -0.0002000807581 -0.01650002412
v -0.003250546521 0.0005206285277 -0.0165500287
v -0.003250545124 -0.0004000825575 -0.01670002379
v -0.003250545124 -0.000400080753 -0.0167707298
v -0.003223418491 0.005114942323 -0.001026315033
v -0.003216433106 -0.0006091670366 0.001022757613
v -0.003208411625 -0.008087262511 -0.02815156989
v -0.00320060947 0.00109991862 -0.007000030484
v -0.003198735416 0.004100612365 -0.002821509261
v -0.003195821773 0.004169187974 6.063470209e-05
v -0.00319357845 -0.004170903936 6.064300396e-05
v -0.003179899184 0.001149920281 -0.007000031881
v -0.003173888428 0.003853109432 -0.0008432198665
v -0.003167563118 0.004433016758 -0.005134485662
v -0.003167527029 0.004817813169 -0.01175841689
v -0.003166752402 -0.002874624217 0.0007157549844
v -0.00315353577 0.005101735704 -0.01558150165
v -0.0031444591 0.003032860346 0.0006615197053
v -0.003127736272 0.00559687987 -0.002061481122
v -0.003124727402 -0.005598559976 -0.002061475068
v -0.003124360461 0.004832392558 -0.01345996931
v -0.003117714077 0.003699919907 -0.009870810434
v -0.003117713146 0.003699917812 -0.01178565063
v -0.003112828825 0.0002130459761 0.001008348772
v -0.003110685619 0.005122373346 -0.001044772565
v -0.003107265569 0.005079860333 -0.008502152748
v -0.003101093462 0.0008999173297 -0.006625019014
v -0.003101092065 -0.0003000810102 -0.006625022739
v -0.003101087641 -0.0003000817378 -0.007375022862
v -0.003101087175 0.0008999169804 -0.007375019137
v -0.00309317233 0.005375437904 -0.001525557484
v -0.003090282669 -0.005377099849 -0.001525558298
v -0.00308420253 -8.296510714e-07 0.001003222191
v -0.003073339583 -0.006841386203 -0.02805257589
v -0.00306767039 0.005448363256 -0.01653242856
v -0.003057791619 -0.0002500808332 -0.006600024644
v -0.003057791386 0.0009206296527 -0.006600029301
v -0.003057786729 -0.0002500824921 -0.007400017697
v -0.003057786729 0.0009206279647 -0.00740002282
v -0.003054363886 0.00742438715 -0.01343211439
v -0.003050373401 -0.007426026743 -0.01343212184
v -0.003043557983 -0.004700036254 -0.01184047107
v -0.003034345573 0.00493255537 -0.01027764287
v -0.003031038912 -0.003620666917 0.0003999681794
v -0.003030846128 0.006003365852 -0.003329291707
v -0.003030081978 0.004687854555 -0.0004463991208
v -0.003027619096 -0.006004993804 -0.003329286817
v -0.003027562983 -0.004689483903 -0.0004464073572
v -0.00302007678 0.007101366296 -0.009572451003
v -0.003016259056 -0.007102987263 -0.009572458453
v -0.003010187531 -8.099856927e-07 0.0009879653808
v -0.003002899 0.004060077015 -0.00103127968
v -0.003000609111 -0.0003000804863 -0.007000022102
v -0.003000608645 0.000899918261 -0.007000018377
v -0.002999631688 0.004930369556 -0.008754958399
v -0.002997455653 0.007679388393 -0.01716980152
v -0.002993327333 -0.007680998184 -0.01716980338
v -0.002983114915 0.003846660955 0.0002662005427
v -0.002979172859 0.008158526383 -0.02797614969
v -0.002972297836 0.004016450141 -0.0008586282493
v -0.002964848187 0.006583269686 -0.02014208026
v -0.002950610593 -0.0002500799892 -0.007000019774
v -0.002950610593 0.0009206304676 -0.007000024896
v -0.002946987515 -0.005137116183 -0.001073776046
v -0.002944655716 0.007894400507 -0.0206400454
v -0.002940412844 -0.007895983756 -0.02064004913
v -0.002932811389 0.0005999191198 -0.01444965973
v -0.002932810457 -0.002400080208 -0.0144496616
v -0.002932803007 0.0005999173154 -0.01555037778
v -0.002932802308 -0.002400081838 -0.01555037964
v -0.002932668896 0.004783647601 -0.007124796975
v -0.002927888883 -0.0005000802921 -0.006525026634
v -0.002927883528 -0.0005000810488 -0.007475028746
v -0.0029227552 -0.004029296339 -0.01183316205
v -0.002922743093 -0.004374439362 -0.01183317974
v -0.002922462765 0.006902781781 -0.007745140232
v -0.002918753773 -0.006904353388 -0.007745152339
v -0.002901505446 0.004214528017 1.396186804e-06
v -0.002894437173 0.005242341198 -0.009405694902
v -0.002884588437 -0.0004500801151 -0.006500028539
v -0.002884580754 -0.0004500813957 -0.007500024047
v -0.002884214045 -0.004286251962 -5.709583638e-05
v -0.002881992841 0.008078828454 -0.02437889576
v -0.00287933927 0.006925271358 -0.02790393308
v -0.002877649153 -0.008080375381 -0.0243788939
v -0.00286484044 -0.005146802403 -0.001089958358
v -0.002862337744 -0.0002000821114 -0.01355113555
v -0.002862319117 -0.0002000793029 -0.01644890942
v -0.002859802684 -0.004064262845 -0.01186362933
v -0.00284939725 -0.0001793689735 -0.0135028353
v -0.002849377459 -0.0001793710253 -0.01649721339
v -0.002846407006 -0.004537597764 -0.01187082753
v -0.002832349157 0.004561651964 -0.000318150298
v -0.002825562377 0.0006499193842 -0.01426390745
v -0.002825561678 0.001999918139 -0.01426390186
v -0.002825552365 0.001999917673 -0.01573614031
v -0.002825552132 0.0006499189767 -0.0157361459
v -0.002813733416 0.005303124432 -0.01105246693
v -0.002810575068 -0.0004000807239 -0.01335795596
v -0.002810554346 -0.0004000806075 -0.01664210111
v -0.002803750103 0.006615204271 -0.02001052164
v -0.002800609218 -0.0005000792444 -0.007000024896
v -0.002796064131 0.005638566334 -0.002123624552
v -0.002793031745 -0.005640069954 -0.002123623155
v -0.002792274812 -0.0004000814806 -0.01328964438
v -0.002792252926 -0.0004000812187 -0.01671039127
v -0.002791326027 -0.003750080243 -0.02425505593
v -0.002791010309 0.005258493125 -0.01265680231
v -0.002786991885 -0.004867275245 -0.0006732781185
v -0.002784510143 -0.003750080941 -0.02366345935
v -0.002783063799 0.004256440792 -0.002813199768
v -0.002780224429 0.005158040207 -0.001108039287
v -0.002778033726 0.006607585121 -0.01994704641
v -0.002777669579 0.006606787443 -0.01994376443
v -0.002777452581 -0.005159534514 -0.00110804243
v -0.002777412534 0.004998818971 -0.01354098413
v -0.002776857 -0.005017590709 -0.0008831380983
v -0.002770986175 -0.004699768033 -0.01191667281
v -0.002750936663 0.006672749296 -0.006062685978
v -0.002750610001 -0.0004500823852 -0.007000023033
v -0.002747349441 -0.006674229167 -0.00606268039
v -0.0027414551 -0.003763478016 -0.02425146289
v -0.002734735841 -0.003763478948 -0.0236682035
v -0.002731727669 0.00559718255 -0.01644187607
v -0.002729272004 0.005008860491 -0.01325597428
v -0.002722568577 0.004933589604 -0.008011199534
v -0.002719056327 0.004545347299 -0.005162751302
v -0.002707222477 0.004077318124 -0.0007283362211
v -0.002705351682 0.004787857644 -0.005438060965
v -0.002704947023 -0.003800079692 -0.02424883097
v -0.002702704631 0.004479222931 -0.002950854832
v -0.002700201236 -0.002400078345 -0.01468227897
v -0.002700201236 0.0005999211571 -0.01468227711
v -0.002700196346 -0.002400080906 -0.01531777345
v -0.002700196346 0.0005999186542 -0.01531777158
v -0.002699795412 -0.003750081407 -0.02483956143
v -0.002698298078 -0.003800078761 -0.02367166802
v -0.002691584174 -0.005650079809 -0.02424785867
v -0.002691583708 -0.003850078909 -0.02424786054
v -0.002684961073 -0.003850080073 -0.02367293648
v -0.002679541241 -0.00375007838 -0.02308121882
v -0.002675882773 0.005369073246 -0.01558463369
v -0.002654934768 -0.004159141332 -0.01200713124
v -0.002654518932 0.004200251773 -0.0008244060446
v -0.00265430822 -0.004700078629 -0.01200770121
v -0.00265121297 -0.003763479879 -0.02482772991
v -0.002649143105 -0.003800081089 -0.02558484674
v -0.002649142873 -0.007016556337 -0.02558484487
v -0.002649142873 0.006722687278 -0.02558484301
v -0.00264914264 0.002799918177 -0.0255848337
v -0.002644256456 0.004102726001 -0.0007177029038
v -0.002637020079 0.004966581706 -0.00661297841
v -0.002635208424 -0.00470008282 -0.01202549972
v -0.002631245879 -0.003763476387 -0.02309415303
v -0.002631134819 -0.004168551881 -0.01202942431
v -0.00261564902 -0.003800080623 -0.02481907606
v -0.002615057165 -0.002400081838 -0.01500002295
v -0.002615057165 0.0005999175482 -0.01500002109
v -0.002608840354 -0.004177085124 -0.01009449642
v -0.002608416369 0.004703190643 -0.006218266673
v -0.002603828441 0.002749919891 -0.02556371503
v -0.002603827277 -0.003750079079 -0.02556370571
v -0.002602631226 -0.00385007984 -0.02481590211
v -0.002600444015 0.006148582324 -0.0181110967
v -0.002596570645 0.006739811506 -0.023999786
v -0.002595890313 -0.003800080391 -0.02310362831
v -0.002592548029 0.006741105113 -0.02383640967
v -0.002587637864 0.006742678117 -0.02375788428
v -0.002585719107 0.005182052962 -0.001146196038
v -0.002582948888 -0.005650080275 -0.0231070891
v -0.002582948189 -0.003850079374 -0.02310709096
v -0.002580475295 0.004319504835 -0.0009934217669
v -0.002577339765 0.00674596522 -0.02434999682
v -0.002567948541 0.006748947315 -0.02574842796
v -0.002563621616 0.001826998428 0.0007890255074
v -0.002562637907 -0.001828373293 0.0007890274283
v -0.002557240892 0.006752346642 -0.02046140842
v -0.002550565405 0.0005999204586 -0.01378758997
v -0.002550549572 0.0005999191198 -0.01621245965
v -0.002540211659 0.004349863157 -0.001045663957
v -0.002540209796 0.0006499182782 -0.01376965363
v -0.002540194197 0.000649919326 -0.01623038761
v -0.002536738757 0.006687356159 -0.01994376257
v -0.002527561039 0.006401595194 -0.004557408392
v -0.002526916098 0.005663953722 -0.01634314656
v -0.002526326803 0.005104639567 -0.01365716755
v -0.002525566146 0.001999918139 -0.01365767978
v -0.002525548451 0.001999917906 -0.01634236053
v -0.0025241205 -0.006402953994 -0.004557408858
v -0.002514439169 0.0006499214214 -0.014575026
v -0.002514438471 0.001999920234 -0.01457502041
v -0.002514433349 0.0006499208976 -0.01542502735
v -0.002514433349 0.001999919536 -0.01542502176
v -0.002512463368 -0.003750082571 -0.02540073916
v -0.002505196258 0.006768554915 -0.02323470265
v -0.002503234427 0.005145483185 -0.007674742956
v -0.002500566421 0.000499920221 -0.01370098162
v -0.002500566188 -0.0002000800741 -0.01370098256
v -0.002500548726 0.0004999190569 -0.01629905403
v -0.002500548493 -0.0002000811946 -0.01629905589
v -0.002500498667 0.004899919499 -0.02400001697
v -0.002500333125 0.006669345312 -0.02396720275
v -0.002498839516 0.006669807248 -0.02389613353
v -0.002493286505 0.001054133871 0.0008400637889
v -0.002492719796 -0.001055475906 0.0008400646038
v -0.002482167212 0.006775592919 -0.02486241795
v -0.002475566231 0.0005206301576 -0.01365767978
v -0.002475565998 -0.0001793701085 -0.01365768071
v -0.002475548536 0.0005206298665 -0.01634236053
v -0.002475548303 -0.0001793703996 -0.01634236239
v -0.002475469373 0.005096788984 -0.01187005732
v -0.002469114261 -0.004678845871 -0.01223344542
v -0.002466520295 -0.003763476619 -0.02538102306
v -0.00246578455 0.005373795517 -0.00949283503
v -0.002464960096 0.006780802738 -0.02492533065
v -0.002463873709 0.006681979168 -0.02448653057
v -0.002461733995 0.004399817903 -0.00114261487
v -0.002456707414 -0.004672289826 -0.01225472521
v -0.002456692047 -0.004225591198 -0.01225474104
v -0.002455154667 0.005132968538 -0.01370083448
v -0.002453568159 0.005055052694 -0.00885638129
v -0.002450988162 -0.008297549561 -0.02756937593
v -0.002441856777 0.006689271424 -0.02338539623
v -0.002434197348 0.004852978978 -0.00718224328
v -0.002432887908 -0.003800079459 -0.02536658011
v -0.002423131373 0.005690185353 -0.01627776586
v -0.002420578618 -0.005650078878 -0.02536129393
v -0.002420576988 -0.003850079607 -0.02536128089
v -0.00241966662 -0.004646833055 -0.01232534833
v -0.002418898512 0.005126863252 -0.01039688103
v -0.002410514979 0.000689210603 0.0008401640225
v -0.002410143148 -0.0006905030459 0.0008401656523
v -0.002400567289 -0.0004000785993 -0.01352778077
v -0.002400557976 0.001999920001 -0.01500002667
v -0.002400556812 0.0006499195588 -0.01500001829
v -0.002400547499 -0.0004000796471 -0.01647225767
v -0.002398516983 -0.007106307894 -0.02603776567
v -0.002381507773 -0.004612145945 -0.01239116304
v -0.002365211723 -0.0004000808403 -0.01346654072
v -0.002365192166 -0.0004000806075 -0.01653350331
v -0.002353582997 -0.007121142 -0.0274904035
v -0.002352576703 0.007121472619 -0.0211867597
v -0.002349743387 0.007122407202 -0.02748422883
v -0.002347651171 -0.001650081715 -0.002600025153
v -0.00234760181 0.0008499173564 -0.002600014908
v -0.002347542671 0.001898090821 -0.002506667981
v -0.002347534755 -0.001614892739 -0.002305528848
v -0.002347388305 0.0008479818352 -0.002669598209
v -0.002347375965 0.001846551662 -0.002476980211
v -0.002347052097 0.001829295536 -0.002296085004
v -0.002346939174 0.001847065054 -0.002713316353
v -0.002346870024 0.00432765903 -0.002487429651
v -0.002346782712 -0.001561504789 -0.002137855859
v -0.002346399473 0.0008255429566 -0.00284566544
v -0.002346391557 0.0007375087007 -0.00208195718
v -0.00234597642 -0.001612651977 -0.002903608838
v -0.002345910529 0.001831141417 -0.00204144232
v -0.00234562112 -0.001482610591 -0.001975012943
v -0.002345587593 0.0006824517623 -0.001975026214
v -0.002345016226 0.001868641004 -0.002978051314
v -0.002344004577 0.001715468708 -0.001833886141
v -0.002343663014 0.004282049835 -0.001851898967
v -0.002343090251 0.001786959707 -0.003128558863
v -0.00234225858 -0.001221082173 -0.001657441957
v -0.002342070453 -0.004739127122 -0.003173233476
v -0.002342063002 0.001698603155 -0.00165897049
v -0.002341935877 -0.001482608379 -0.003225026187
v -0.002341896063 0.0006824458251 -0.003225025721
v -0.002341689542 0.0003695877676 -0.0016150804
v -0.002341526095 0.001623604679 -0.00161655515
v -0.002341290005 0.001670850674 -0.001599401352
v -0.002340361942 -0.001025083708 -0.001517485129
v -0.002340348903 0.0002249198587 -0.001517486176
v -0.00233920454 0.001537072472 -0.001455497346
v -0.002339032944 0.0005768643459 -0.003379820148
v -0.002339020837 0.001718895277 -0.003356619272
v -0.002338981954 0.00671813963 -0.02501182631
v -0.002338348422 -0.0006916940911 -0.001384512288
v -0.002338120015 -0.0001739053696 -0.001370659214
v -0.002338008955 -0.001335021225 -0.003429709002
v -0.002337948652 -0.004499113187 -0.00139215379
v -0.002337790094 -0.0004000813933 -0.001350021805
v -0.002337740269 0.001744556241 -0.003431343706
v -0.002336347476 -0.00446500862 -0.001293572597
v -0.002336076461 0.006818401162 -0.02271122485
v -0.002335165162 0.001429748489 -0.001206312096
v -0.002334421268 0.001637180685 -0.003555045463
v -0.002333575161 -0.00439724559 -0.001135163708
v -0.002333474346 0.001289030886 -0.001113609876
v -0.002331535332 -0.001025087899 -0.003682546783
v -0.002331510652 0.0002249220706 -0.003682547947
v -0.002329939744 0.001181570347 -0.0009300588863
v -0.002329673618 0.0001052303996 -0.00374333025
v -0.002329417272 0.004432230256 -0.003716241103
v -0.002328905743 -0.0008447310538 -0.00376826711
v -0.002328498987 0.001103439252 -0.0008592421073
v -0.002327892696 0.004222851712 -0.0008525953745
v -0.002327763941 -0.004212055355 -0.0008373307064
v -0.00232770294 0.0009753390332 -0.0008193652611
v -0.002326888498 -0.0006264145486 -0.00382935768
v -0.002326175338 -0.0004000791814 -0.003850022098
v -0.00232587941 0.001529042376 -0.003852694295
v -0.002325823996 -0.004130718298 -0.0007446020027
v -0.002324975561 0.004096759018 -0.0007118047797
v -0.002323682886 0.004029843491 -0.0006512896507
v -0.002322893357 0.001414430328 -0.003930445295
v -0.002322721528 0.005475926213 -0.01115167327
v -0.002322713146 0.0006083790795 -0.0005886738072
v -0.00232270197 0.0007154885097 -0.0005886745057
v -0.002322529443 0.0023204342 -0.0005886784056
v -0.002322494052 -0.003953053616 -0.0005902817356
v -0.002322464017 -0.00390834501 -0.0005886817235
v -0.002322371583 0.00395250693 -0.0005907917512
v -0.002322339453 0.003926930483 -0.0005892025656
v -0.002322331071 0.003901327029 -0.0005886818981
v -0.00231547351 0.001260559424 -0.004118169658
v -0.002310953801 0.001234969473 -0.004217611626
v -0.002310542855 -0.003800078994 -0.02616763674
v -0.002309564501 0.001132644247 -0.004247211386
v -0.002306088107 0.005457364488 -0.01424328052
v -0.002304506954 0.004899920896 -0.02288844995
v -0.002304492518 0.004899919033 -0.02511158958
v -0.002304448513 0.006727253553 -0.02511171252
v -0.002303477842 0.006730670575 -0.02288563363
v -0.002298013307 0.005307274871 -0.008648807183
v -0.002295263344 0.0007817101432 -0.004514659755
v -0.002295060549 0.0008732763818 -0.004515530076
v -0.002292287536 0.008332293481 -0.02743549645
v -0.00229176553 0.00607755594 -0.003249853151
v -0.002288948279 0.004500523675 -0.001397507032
v -0.002288499149 -0.006078786682 -0.003249854781
v -0.00228355662 -0.004968720488 -0.004684129264
v -0.002283090493 -0.003951347899 -0.0005890553002
v -0.002282042056 0.0003549145767 -0.004719561432
v -0.00228142878 0.006833583117 -0.02542272769
v -0.002281010151 0.0004585549759 -0.004733804148
v -0.002279967535 0.006833981723 -0.02621015534
v -0.002276276238 0.003950258717 -0.0005891619949
v -0.002274814062 -3.847566404e-05 -0.004820770118
v -0.002272340003 -0.004268710036 -0.01257803384
v -0.002271546982 3.427597221e-06 -0.004864356015
v -0.002269763499 -0.00499857543 -0.004875887651
v -0.002269742312 -0.003750079777 -0.02613873221
v -0.002268336015 -0.0002555910323 -0.004906271584
v -0.002267958131 -0.0002627515642 -0.004911153112
v -0.002263152972 -0.0002372860909 -0.004971316084
v -0.002256464213 0.004569207784 -0.00503892405
v -0.002252341714 -0.0004323579778 -0.005099215079
v -0.002245363081 -0.0004000766203 -0.0051766783
v -0.002242850605 -0.003950801678 -0.0005886791041
v -0.002239603549 0.006747425999 -0.02272416838
v -0.002234532265 -0.003750082338 -0.025923023
v -0.002230835846 0.003949601669 -0.0005886761937
v -0.002227572724 0.005481752567 -0.01274956856
v -0.00222715456 -0.0005000790698 -0.005363623612
v -0.00222563697 -0.004574660212 -0.00164218666
v -0.002222768497 -0.0004500795912 -0.005405818578
v -0.00220626127 -0.00835036207 -0.02736721374
v -0.002205677098 0.007168333046 -0.0273640845
v -0.002197592752 0.005213998724 -0.001219197875
v -0.002194788773 -0.005215180106 -0.001219192054
v -0.002192504471 -0.003763478482 -0.02589594573
v -0.002192307962 0.004980188329 -0.008079194464
v -0.002189904451 -0.000200079754 -0.01393936388
v -0.00218989118 -0.0002000785753 -0.01606068388
v -0.002167115221 0.005243812688 -0.01394270919
v -0.002162474906 -0.005156797823 -0.005896337796
v -0.002161737066 -0.003800079459 -0.02587611228
v -0.002159991767 0.004565888084 -0.00161529053
v -0.002154548885 -0.00017937136 -0.01390400436
v -0.002154533984 -0.0001793717529 -0.01609603129
v -0.002153739799 0.005711559672 -0.01604218967
v -0.00215047528 -0.00385008147 -0.02586885914
v -0.00213459041 0.006770295091 -0.02549817786
v -0.002127771964 0.004804736469 -0.0006650874857
v -0.00212518801 -0.004805876408 -0.0006650841096
v -0.002119074808 0.004706309643 -0.00619005179
v -0.002113494324 0.004586669616 -0.001689020428
v -0.002095266944 0.00688201189 -0.02223457396
v -0.002095061587 0.004346860573 -0.0002281192865
v -0.002092726063 -0.00434798561 -0.0002281203051
v -0.002086171182 0.0056251809 -0.01558663417
v -0.002081076615 -0.00429378124 -0.01289930567
v -0.002079534577 0.003846021602 0.0001039976269
v -0.002077466575 -0.003847140586 0.0001039980853
v -0.002077406505 0.005691137165 -0.002155271126
v -0.002074348275 -0.005692252424 -0.002155280206
v -0.002065488836 0.006789220497 -0.02237570286
v -0.002062760526 0.003303821897 0.0003444890026
v -0.002060985891 -0.003304929007 0.0003444885369
v -0.002048482886 -0.0004000804911 -0.01379793324
v -0.002048468683 -0.000400079356 -0.01620210521
v -0.00204791897 0.004756491166 -0.006595022976
v -0.002046711044 0.002299498767 -0.00365294842
v -0.002046593232 0.004749450833 -0.003760084743
v -0.002046526643 0.002265975811 -0.003196574748
v -0.002045998815 0.004756574519 -0.003848003224
v -0.002045777626 -0.002288197167 -0.003345664358
v -0.002045763191 -0.0052613765 -0.006605050527
v -0.002045213012 -0.0005000776728 -0.006614577491
v -0.002045194851 0.004763814155 -0.003936104011
v -0.002044670749 -0.002291672397 -0.003799824277
v -0.002043289598 0.00477751065 -0.004099157173
v -0.00204315153 -0.002189921914 -0.002882933943
v -0.002042860491 0.002138865646 -0.00274201436
v -0.002042512642 0.0022381444 -0.004116919823
v -0.00204069959 0.004791614134 -0.00426242454
v -0.002040415769 -0.007216793951 -0.02650576457
v -0.002040133346 0.002198559465 -0.004262420349
v -0.002039542422 -5.475913554e-07 -0.004262418021
v -0.002039263723 -0.002199654235 -0.004262423143
v -0.002038212726 -0.00495054666 -0.004262425005
v -0.002038126113 0.000599918887 -0.01430001296
v -0.002038123552 -0.002009070711 -0.002464813413
v -0.0020381168 0.0005999176065 -0.01570001245
v -0.002038066043 -0.002170706168 -0.004350529518
v -0.002037272556 0.001933432766 -0.002341209678
v -0.002035335405 -0.004716472235 -0.002345044166
v -0.002032886259 -0.0004500818904 -0.009493248537
v -0.002032876946 -0.0005000816891 -0.009493244812
v -0.002032567514 -0.001991283614 -0.009493379854
v -0.002031786833 -0.001739755389 -0.002083204687
v -0.002031548414 0.002499920316 -0.009493834339
v -0.002031500684 0.00369991851 -0.009493864141
v -0.002031500218 -0.0035000809 -0.009493856691
v -0.002031498821 -0.004700079095 -0.009493860416
v -0.002031377517 -0.0005165464245 0.000754729379
v -0.00203130953 -0.002065587789 -0.004601710942
v -0.002030564472 0.001635507448 -0.001972093945
v -0.002030187985 0.002010260941 -0.004705214407
v -0.002029753523 0.0005167091149 0.0007541961968
v -0.002029686235 -0.001636599191 -0.001972099533
v -0.002029682742 0.002015613485 -0.004695757292
v -0.002029513242 -0.004680788144 -0.002007823437
v -0.00202881475 0.002717540599 0.0005071666674
v -0.002028551884 0.004622438457 -0.0018434308
v -0.002027830342 0.004620783497 -0.001809335779
v -0.002027485752 -0.001980390167 -0.004759239499
v -0.002027354902 -0.002718632109 0.0005071659689
v -0.002025274094 0.001337063732 -0.001717635547
v -0.002025175374 -0.005018805619 -0.004778963048
v -0.002023135079 -0.001238503144 -0.0016502504
v -0.002022337401 -0.00502983015 -0.004861664493
v -0.002021726687 -0.004569149576 -0.00162286032
v -0.002021622844 0.004854340572 -0.004946020897
v -0.00202060584 0.005438494496 -0.009563853033
v -0.002020190936 0.0006499202573 -0.01428966876
v -0.002020180924 0.0006499200827 -0.01571036689
v -0.002020136919 0.0009353422793 -0.00148769177
v -0.002019464504 -0.001846667379 -0.004960495979
v -0.002019010717 0.006900374778 -0.02588392608
v -0.002018392319 -0.0007964567631 -0.00143075292
v -0.002017818391 -0.0004500813084 -0.009499589913
v -0.002017347375 0.001025107689 -0.009499803185
v -0.002016616985 0.0004699113779 -0.001337237423
v -0.00201652851 0.002499917522 -0.009500172921
v -0.002015872858 -0.0003422654117 -0.001314151101
v -0.002015557606 -5.390809292e-07 -0.001288683503
v -0.002015540376 -5.054124995e-05 -0.001289221807
v -0.002015458653 0.001734640799 -0.005098354071
v -0.002015322214 0.001747042406 -0.005084178876
v -0.00201511546 -0.004465070553 -0.001293516136
v -0.002014389727 -0.001729715965 -0.005105235614
v -0.002012400422 -0.004408216104 -0.00115791522
v -0.002012372715 0.004384267144 -0.001110541169
v -0.002009323332 -0.0004500808427 -0.006792131346
v -0.002008615062 -0.0002670878894 -0.005218318664
v -0.00200614403 0.00420748489 -0.000833083468
v -0.002005521907 -0.004209636245 -0.0008344105445
v -0.00200502295 -5.053787754e-05 -0.0008294572472
v -0.002003848786 -0.001530096517 -0.005306534003
v -0.002002761001 0.004056403879 -0.0006742406404
v -0.002001355169 0.00143105723 -0.005388828926
v -0.002001060871 0.003949662205 -0.0005886753788
v -0.001999986591 -5.053688801e-05 -0.0005886767176
v -0.001999623142 -0.001407589065 -0.005408072378
v -0.00199916237 0.001406496274 -0.005408099853
v -0.001998937689 -0.003950740211 -0.0005886700237
v -0.001998483669 -0.000400080753 -0.01374793332
v -0.001998467138 -0.0004000810441 -0.01625209302
v -0.001995873637 0.004908519797 -0.005486522801
v -0.001995739294 -0.001313554239 -0.005477067549
v -0.001995178172 0.001312492182 -0.005477078259
v -0.00198809104 -0.001147825387 -0.005582285114
v -0.001986916177 0.001058592694 -0.005630301777
v -0.00198430079 -0.0009955381975 -0.005662309937
v -0.001975305378 -0.0007204847061 -0.005773074459
v -0.001974811312 0.0006203522207 -0.005803297274
v -0.001973605016 -0.000574167294 -0.005815990269
v -0.001971943537 0.0004621054104 -0.005841668695
v -0.001971724443 -0.0004631643242 -0.005841665901
v -0.001970274141 0.002071197378 0.0006073234836
v -0.001969160512 -0.002072257688 0.0006073150435
v -0.001968820347 0.0001803616469 -0.005881548859
v -0.001968389377 -0.0003116542648 -0.005867708474
v -0.001968353288 -0.0001005281447 -0.005886497442
v -0.001967315795 0.0001577538642 -0.005883297883
v -0.001961015631 -0.005316778086 -0.007005280349
v -0.001958275447 0.005693241488 -0.01577485166
v -0.001958224224 0.005327784922 -0.01422494277
v -0.001958222827 0.001999919536 -0.01422501076
v -0.001958213514 0.00199991907 -0.0157750193
v -0.00195152394 -0.0002000789973 -0.01425001584
v -0.001951523358 0.0004999176599 -0.01425001491
v -0.001951514278 0.0004999199882 -0.01575001515
v -0.001951514045 -0.0002000802924 -0.01575001515
v -0.001948940102 -0.005194459576 -0.006089746952
v -0.001945302007 0.005333464593 -0.01424773969
v -0.001943614683 0.002799920738 -0.02660953254
v -0.001943613403 0.006917712744 -0.02660952508
v -0.0019427269 0.005689817481 -0.01574733853
v -0.00192860479 0.005266894586 -0.01332809962
v -0.001922497293 0.006821229588 -0.02585011907
v -0.001916573266 -0.004300516099 -0.0129747577
v -0.001916573034 -0.004300516099 -0.01040005963
v -0.001908222679 -0.0001793687406 -0.01422501076
v -0.001908221981 0.0005206278875 -0.01422501076
v -0.001908213715 0.0005206309725 -0.0157750193
v -0.001908213482 -0.0001793693227 -0.0157750193
v -0.001907705679 0.002749918494 -0.02657473646
v -0.00190573826 -0.005235788412 -0.001279295073
v -0.001905070851 0.004834836815 -0.007238006685
v -0.00188735337 0.005077616777 -0.008932797238
v -0.00188669085 0.005047120154 -0.006712659728
v -0.001881921082 0.005696754437 -0.0155867897
v -0.001873723231 -0.003750078846 -0.02639190853
v -0.001867792918 0.001394302002 0.0006543821655
v -0.001867043786 -0.001395305386 0.0006543826312
v -0.001866247505 -0.000100504556 -0.006860504393
v -0.001857948839 -0.001991182333 -0.009534902871
v -0.001855232287 0.006836037617 -0.02594367787
v -0.001851694775 -0.0004500793293 -0.007445859723
v -0.001850557514 0.000599918887 -0.01500001922
v -0.001841962337 0.001025024918 -0.009535598569
v -0.001837061485 0.003699920839 -0.009536383674
v -0.001837060205 0.002499918686 -0.009536387399
v -0.001836776268 -0.003763477551 -0.02635821514
v -0.001832206966 -0.003250080394 -0.01730000973
v -0.00183220685 -0.003683092073 -0.01755001768
v -0.001832206617 -0.003500081366 -0.0173669979
v -0.00183220522 -0.003750078846 -0.01780001819
v -0.001832191134 -0.003750079311 -0.01991878264
v -0.001832171576 -0.0004500824143 -0.009535526857
v -0.001831444562 -0.003500079038 -0.009536433034
v -0.001831444213 -0.004700081423 -0.009536436759
v -0.001829847228 0.0006499204901 -0.01500002109
v -0.00181848323 -0.0005000989768 -0.009535393678
v -0.00181469752 0.00557443779 -0.01124218479
v -0.001809729962 -0.003800079925 -0.0263335593
v -0.001809484558 -0.005341724027 -0.007222936489
v -0.001805340522 0.005631354172 -0.01540732011
v -0.001803063089 0.00540874945 -0.01460002083
v -0.00180167018 -0.0002000826353 -0.01461178157
v -0.001801666687 -0.0002000795794 -0.01538825128
v -0.001799829071 -0.00385008147 -0.02632452548
v -0.001799828839 -0.005650082137 -0.02632452361
v -0.001794358832 -0.003757512197 -0.01991877519
v -0.001787571819 -0.003760593245 -0.01780001447
v -0.001783894608 -0.003763477085 -0.01993171684
v -0.001783560379 -4.795790005e-07 0.0007031958085
v -0.001781323808 0.00520927133 -0.01050286274
v -0.001779305399 0.005443228874 -0.0147027038
v -0.001778319012 -0.0004000816843 -0.01415001974
v -0.001778309001 -0.0004000793851 -0.01585002244
v -0.001773816999 0.006953789387 -0.02046140283
v -0.001764654298 0.006852856372 -0.02194051072
v -0.001762796543 -0.003780519124 -0.01993736438
v -0.001761480351 -0.003779368708 -0.01991878264
v -0.001760433428 0.006886967923 -0.0199437663
v -0.001757675433 -0.003700648667 -0.01755001023
v -0.001753374818 -0.0001793693955 -0.01459884457
v -0.001753369812 -0.0001793690753 -0.01540118176
v -0.001752379816 0.005254856311 -0.01197696477
v -0.001752324053 -0.00378992199 -0.01780001447
v -0.00175230985 -0.003789922455 -0.01991877891
v -0.001751927892 0.005550013389 -0.01506484486
v -0.00175057922 0.005532355979 -0.01499962527
v -0.001750558033 0.00199991907 -0.01500002015
v -0.001750557101 0.0004999187076 -0.01500001363
v -0.001750556985 -0.000200081573 -0.01500001457
v -0.001750498195 0.006958422717 -0.02176817879
v -0.001748539158 -0.003800081089 -0.01994119212
v -0.001742370194 -0.003813297721 -0.01994284801
v -0.001740194391 0.006859503686 -0.02608900331
v -0.001740156673 0.004899919499 -0.02191095427
v -0.001740130247 0.004899919033 -0.02608908154
v -0.001739623141 -0.003812249284 -0.01991877332
v -0.001735597965 -0.003850080073 -0.01994465664
v -0.00173387141 -0.003831899259 -0.01780002192
v -0.001733857789 -0.003831897862 -0.01991877146
v -0.001723213005 -0.008435362019 -0.02694292739
v -0.001717081643 -0.0004000817426 -0.01411465462
v -0.00171707198 -0.0004000795598 -0.0158853773
v -0.001710509881 -0.0004500784853 -0.007919706404
v -0.001709540957 0.005179814529 -0.007779408712
v -0.001706906129 -0.003948551603 -0.01983097754
v -0.001706727664 -0.005428497214 -0.007925392129
v -0.001703483402 -0.003826278262 -0.01762696169
v -0.001700558118 0.0005206310889 -0.01500002015
v -0.001700558001 -0.0001793691627 -0.01500002109
v -0.00169881538 -0.003749622498 -0.01755001023
v -0.001697299653 0.007335053291 -0.009148485027
v -0.001693358063 -0.007335964125 -0.009148481302
v -0.001688127522 -0.0001004508813 -0.007876740769
v -0.001678028842 0.0007603749982 0.0006495125708
v -0.001675993903 -0.003536876291 -0.01736700349
v -0.001675627078 -0.001991093159 -0.009511293843
v -0.001674522297 -0.0035000809 -0.009511779062
v -0.001671154401 -0.004068720154 -0.01970415004
v -0.001670692349 0.007689129096 -0.01293575764
v -0.001668686396 -0.004052272998 -0.01968524233
v -0.001668001874 -0.003819718491 -0.01755001396
v -0.001667980454 0.006974194199 -0.02631906047
v -0.001666558906 -0.007690026425 -0.01293575671
v -0.001662158291 -0.004059033003 -0.01962442882
v -0.001661222312 0.001024949364 -0.00950645376
v -0.001655515283 0.007105303928 -0.007376999594
v -0.001653291751 -0.007315506227 -0.02687907591
v -0.001653226675 -0.007777079009 -0.02687912621
v -0.001651695697 -0.007106191944 -0.007377004251
v -0.001648034202 0.005661466625 -0.01430279948
v -0.00164294173 0.005624198355 -0.01283906773
v -0.001639141585 -0.004108758643 -0.01780000888
v -0.001611681422 -0.004094582051 -0.01762696169
v -0.001609374303 0.004939613398 -0.008213263936
v -0.001608486753 -0.000400080462 -0.01456002519
v -0.001608480583 -0.000400079618 -0.01544001233
v -0.00160782598 -0.0005001063109 -0.009483058937
v -0.001606527832 0.002360040089 -0.008225256577
v -0.001603524084 -0.0001004301521 -0.008235432208
v -0.001603375655 -0.0002645571658 -0.008235903457
v -0.00160315237 -0.0004500824725 -0.008236593567
v -0.001603091019 -0.0005000818055 -0.00823674351
v -0.001600165502 -0.002988362918 -0.008243135177
v -0.001597180963 -0.005460915156 -0.008247407153
v -0.00159520749 -0.0004500823852 -0.009476510808
v -0.001595050562 0.002499919618 -0.009478018619
v -0.001595050097 0.003699918278 -0.009478014894
v -0.001589955995 -0.003500079736 -0.009475275874
v -0.001589954481 -0.004700080026 -0.009475264698
v -0.001589868683 -0.003805270186 -0.01744646579
v -0.001572773675 -0.004216944333 -0.01925746538
v -0.001569243497 0.006829379592 -0.005773901939
v -0.001567968051 -0.005267258268 -0.001363309217
v -0.001565572573 -0.006830223836 -0.005773897283
v -0.001564412843 -0.003313157242 -0.01730001345
v -0.001563116559 0.005435517058 -0.009615303949
v -0.001560277771 -0.004244937096 -0.01927167922
v -0.001559563796 0.005254857708 -0.008403895423
v -0.001558622578 -0.004275816027 -0.01928415895
v -0.001552624744 -0.003639525268 -0.01736699976
v -0.001551415538 0.006925742142 -0.01994376071
v -0.001550557208 -0.0004000803456 -0.01500001736
v -0.001548533095 0.007963285781 -0.0165970996
v -0.001547040651 -0.00425471738 -0.01780002005
v -0.001544252154 -0.007964114659 -0.01659709215
v -0.001540185069 -0.0004000810441 -0.01454171538
v -0.001540178899 -0.0004000802874 -0.01545830444
v -0.001532513183 -0.004271416925 -0.01909218356
v -0.001523300307 0.00734367501 -0.02675407566
v -0.001514478703 -0.0005001088139 -0.009422671981
v -0.001514135278 -0.001991029829 -0.009422807954
v -0.001509011141 -0.004041586537 -0.01744645461
v -0.001502869884 0.001024892088 -0.009413546883
v -0.001499792328 0.006901673973 -0.02634588629
v -0.0014983929 0.00846657902 -0.02672821656
v -0.00149018073 0.007004959509 -0.02700771764
v -0.001490012743 -0.004364908673 -0.01902809367
v -0.001488041249 -0.003786442569 -0.01736700721
v -0.001487726113 -0.003710144199 -0.01385235321
v -0.001480187755 -0.0005000819219 -0.008681846783
v -0.001480180304 -0.0004500821524 -0.008681882173
v -0.001479846076 -0.000400081597 -0.01500000805
v -0.001473161392 0.004887489136 -0.0008837674977
v -0.001470535295 -0.004888279829 -0.0008837705245
v -0.001462134765 -0.007809573319 -0.0266987849
v -0.001454156591 0.005821119994 -0.01558867656
v -0.001453649253 0.006508415565 -0.004372023046
v -0.001450150507 -0.006509196479 -0.004372019321
v -0.001443602494 -0.007812454365 -0.02704220824
v -0.001443132991 -0.003800078528 -0.02704218216
v -0.001440807711 0.005299208686 -0.008809456602
v -0.001440531225 -0.0004500797077 -0.008811601438
v -0.001440527034 -0.0005000806414 -0.00881156791
v -0.001440054388 -0.003750080708 -0.02679433674
v -0.001437154482 -0.0005001035752 -0.009344133548
v -0.001436578925 -0.004376655445 -0.01869834214
v -0.001435279846 -0.00437886687 -0.01780000888
v -0.001434995327 -0.003631199012 -0.01393347327
v -0.001426699804 0.006912133656 -0.02158615924
v -0.001425888855 -0.0004500797368 -0.009329221211
v -0.001423499198 -0.004388899542 -0.01864463463
v -0.001423275797 -0.004392487463 -0.01870589517
v -0.001422630157 0.001024875091 -0.009325540625
v -0.001420807093 -0.003648471786 -0.01395518426
v -0.001414119382 -0.004356343765 -0.01762695052
v -0.001413979218 -0.0044110897 -0.01871309429
v -0.001413896447 -0.003750082571 -0.02700161189
v -0.001411184901 0.003699921537 -0.009310184047
v -0.001411183388 0.002499917755 -0.009310173802
v -0.001409216202 -0.003763477318 -0.02675498836
v -0.001407952863 -0.004700079095 -0.009305180982
v -0.001407952397 -0.003500080202 -0.009305177256
v -0.001399302622 -0.001991000725 -0.009289043024
v -0.001386640477 -0.003800078994 -0.02672618069
v -0.001384007279 0.004479336552 -0.0005100143026
v -0.00138200738 0.008204735816 -0.01995640248
v -0.001381599926 -0.004480078351 -0.0005100102862
v -0.001378376619 -0.003850080771 -0.02671563067
v -0.001377596869 -0.008205479942 -0.0199563913
v -0.001357154106 0.005293304566 -0.00142791518
v -0.001353040221 -0.003587486455 -0.01405768655
v -0.001352925203 -0.003489125287 -0.01730001904
v -0.001349096303 0.007026256528 -0.02138724551
v -0.001348623191 -0.003958799876 -0.01733091474
v -0.001347211888 -0.0004500801442 -0.009161692113
v -0.001346726785 0.001024873229 -0.009161842056
v -0.001343852724 -0.0005000847741 -0.009147995152
v -0.00133854663 -0.0004500811629 -0.009122060612
v -0.001338528586 -0.000500080816 -0.009122012183
v -0.001338514965 -0.0001003603247 -0.009122364223
v -0.001338224392 0.001217167708 -0.009123628028
v -0.001338046161 -0.001997655025 -0.009121185169
v -0.001337582129 0.003100100905 -0.009125460871
v -0.001337552676 0.003699918278 -0.009125294164
v -0.001337537426 0.002499919385 -0.009125208482
v -0.001336820889 -0.003500078805 -0.00912114419
v -0.001336497255 -0.004700081423 -0.009119248018
v -0.001335003995 -0.0042721387 -0.01744645648
v -0.001334559522 0.005026950967 -0.009131797589
v -0.001333624008 0.006148000713 -0.003188932315
v -0.001330903615 -0.003568892134 -0.01409179345
v -0.001330318977 -0.006148714107 -0.003188936273
v -0.001330217463 0.0003667179844 0.0005733587313
v -0.001310449443 0.00551431952 -0.0146000199
v -0.001295936643 0.005598633084 -0.01132120844
v -0.001295848168 0.004046565853 -0.000228074452
v -0.001294027315 -0.003545202082 -0.01414730027
v -0.001293672714 -0.004047260154 -0.0002280765621
v -0.001272417256 0.007036677562 -0.02667170763
v -0.001270205714 -0.004504448734 -0.01801531762
v -0.001250913017 -0.004520163871 -0.0180230476
v -0.001243418548 -0.003427911084 -0.01422299817
v -0.001242208411 -0.003740991233 -0.01730001345
v -0.001236690558 -0.003520015627 -0.01423301175
v -0.001236467389 -0.004540593363 -0.01803024672
v -0.00122785219 -0.00456438167 -0.01803642511
v -0.00122629106 0.005752978846 -0.002235610038
v -0.001225580345 -0.004589884076 -0.01804119535
v -0.001225579297 -0.005650079809 -0.0180411879
v -0.001223198138 -0.005753634498 -0.002235609107
v -0.001211413066 -0.00414059544 -0.01733091287
v -0.001210709568 -0.0001003237412 -0.009475058876
v -0.001201486099 0.003593856003 -2.501768358e-05
v -0.001200698316 0.008407764137 -0.02359560505
v -0.001199554303 -0.003594501875 -2.502684947e-05
v -0.001196178608 -0.008408407681 -0.02359559946
v -0.001195004676 -0.004545877688 -0.01780001633
v -0.00119484344 -0.003879419062 -0.01730000786
v -0.001181268832 -0.004518193658 -0.01762694679
v -0.001181219821 -0.004552818835 -0.01778411493
v -0.001167735085 -0.007849767804 -0.02722381614
v -0.001157421619 -0.001145692542 0.0004690462956
v -0.001133511891 0.005180015694 -0.01059066504
v -0.001131945639 -0.004578310996 -0.01772747189
v -0.001131843659 -0.005327619612 -0.001508272951
v -0.001129915705 -0.004414691124 -0.01744646579
v -0.001112478087 -0.003500081832 -0.01441612281
v -0.001112094382 0.005379576236 -0.009719028138
v -0.001099495683 0.005393034779 -0.01339837629
v -0.001098755049 -0.004532245453 -0.01755954325
v -0.001096923253 0.006956919096 -0.02667455189
v -0.00109379238 0.003120339941 0.00011282786
v -0.001092913095 -0.004014473408 -0.01730000786
v -0.001092114369 -0.003120929468 0.0001128237418
v -0.001083719893 0.008512062952 -0.02631434426
v -0.001083461568 -0.008512274362 -0.02631956711
v -0.001068046433 -0.000100287245 -0.009834065102
v -0.001067428617 -0.004300286062 -0.00983431004
v -0.001066101249 0.003699917346 -0.009836562909
v -0.001065275515 -0.004300286993 -0.009833277203
v -0.001049692743 -0.004253002815 -0.01733091101
v -0.001049387618 -0.004618808161 -0.01763870567
v -0.001045905054 0.005685077514 -0.01292316057
v -0.001045254874 -0.004620668013 -0.01763457991
v -0.001043422613 -0.004628967959 -0.01764600538
v -0.001039540512 -0.005650079343 -0.01767408289
v -0.001035556779 -0.004688545596 -0.01766925864
v -0.001035395195 -0.00465710694 -0.01766047068
v -0.001033696346 -0.004442246165 -0.01742170751
v -0.001018674928 -0.004632206634 -0.01760875806
v -0.001015766407 -0.008518205024 -0.02624857426
v -0.001014428446 0.005291244015 -0.01207538974
v -0.001007551211 0.006966128945 -0.02126590535
v -0.001005083788 -0.003272881731 -0.0145715801
v -0.0009958826704 -0.00456730416 -0.01749921031
v -0.0009918003343 0.005352434237 -0.001568531268
v -0.0009889240609 -0.005352966022 -0.001568537788
v -0.000973254384 0.00706968829 -0.02046138793
v -0.0009732100298 0.00706968829 -0.02733088471
v -0.000972775917 -0.004097975791 -0.01730001718
v -0.0009706191486 0.005776914302 -0.01436110027
v -0.0009671448497 0.007001813035 -0.01994375139
v -0.0009657529299 0.002622201806 0.0001970858139
v -0.0009643441299 -0.002622718224 0.000197076617
v -0.0009567191591 0.005084073171 -0.01009186357
v -0.0009516273858 -2.560815915e-07 0.0004691637587
v -0.0009485323681 -0.004300254863 -0.01010680851
v -0.0009455722175 -0.003750080476 -0.02711917832
v -0.0009417220717 0.007072455715 -0.02734697983
v -0.0009416752728 0.002799919341 -0.02734700963
v -0.0009355162038 -0.004300257657 -0.01014240365
v -0.0009298358345 -0.004700081889 -0.01014648471
v -0.0009216979961 -0.003763476619 -0.02707524225
v -0.0009211229626 -0.004486691207 -0.01739215478
v -0.0009191249846 0.002749918262 -0.02730237134
v -0.0009156576707 -0.004669440445 -0.01752069034
v -0.0009094679262 0.007075157482 -0.02109055221
v -0.0009042207967 -0.003800081555 -0.02704307623
v -0.0009004989406 0.002749918029 -0.02400000766
v -0.000897824124 -0.005650078878 -0.02703130804
v -0.0008978236001 -0.003850081703 -0.02703131177
v -0.0008906963049 0.008527936414 -0.0261085052
v -0.0008906759322 -0.004676555749 -0.01750215329
v -0.0008859174559 -0.004696738441 -0.01751202904
v -0.0008856964996 -0.00852846913 -0.02610890009
v -0.0008855719934 -0.004732023459 -0.01752034947
v -0.000875673024 0.006978674326 -0.02681448683
v -0.0008756625466 0.006978244986 -0.02118551731
v -0.0008755179588 0.004899919964 -0.02118543535
v -0.0008754804148 0.004899918567 -0.026814593
v -0.0008584038005 0.00504462095 -0.001203904278
v -0.0008578972192 -0.00461401185 -0.01742863655
v -0.0008556914981 -0.005045084283 -0.001203903812
v -0.0008516178932 0.007079643663 -0.02694080956
v -0.0008442787803 0.002749917097 -0.02357295342
v -0.0008442738326 0.002749918727 -0.02442705631
v -0.0008442145772 0.00745233614 -0.02605971694
v -0.0008378004422 -0.007880810648 -0.02605607361
v -0.0008307694807 0.00853220094 -0.02604261599
v -0.0008277003071 -0.004385866225 -0.01732384227
v -0.0008252842235 -0.004300220869 -0.01038082037
v -0.0008086697781 0.002101579914 0.0002367042616
v -0.0008080378757 0.003779869759 -0.000258266984
v -0.0008075408405 -0.002102012513 0.0002366995759
v -0.0008060064283 -0.003780303523 -0.0002582733869
v -0.0007995985216 -0.004300222732 -0.01044182479
v -0.0007858595927 -0.004544977099 -0.01735862717
v -0.0007727123448 0.005548525602 -0.01138597913
v -0.0007555347402 -0.005050078966 -0.02045000717
v -0.0007555339835 -0.005650081206 -0.02045000345
v -0.0007555333432 -0.005050079431 -0.02075001039
v -0.0007555325865 -0.005650081206 -0.0207500048
v -0.0007504997193 -0.005650079809 -0.02400001511
v -0.00075049937 0.002899918472 -0.02400001697
v -0.0007504984969 -0.007462619338 -0.02400000952
v -0.0007504982059 0.003099918831 -0.02400000393
v -0.0007487076218 -0.004700080492 -0.01054198388
v -0.0007481363136 -0.007462778594 -0.02391584218
v -0.0007245797897 -0.004274578765 -0.017300006
v -0.0007239268743 0.004717183299 -0.0009173820727
v -0.0007213907666 -0.004717573058 -0.0009173850412
v -0.0007204730646 -0.007465558592 -0.02429862879
v -0.000710282824 -0.004706935026 -0.01739634201
v -0.0007091359585 -0.005411934573 -0.001711648656
v -0.0007059156196 -0.004750081804 -0.01740510389
v -0.0007021035999 0.001503796317 0.0002821169037
v -0.0006993903662 0.002899920102 -0.02361178026
v -0.0006993850693 0.002899918007 -0.02438823506
v -0.0006929803058 -0.004300187808 -0.01066146418
v -0.0006885473849 -0.004800080322 -0.02045000903
v -0.0006885459879 -0.004800080322 -0.02075001225
v -0.0006794465589 0.002749921056 -0.02317501605
v -0.0006794358487 0.002749918727 -0.02482501045
v -0.0006773765781 -0.007469209377 -0.02353738062
v -0.0006726444699 0.005429252982 -0.01069913059
v -0.0006644704845 -0.004657836631 -0.01735509001
v -0.0006624049274 -0.004750078544 -0.01738470048
v -0.0006624048692 -0.005650081206 -0.01738470048
v -0.0006606382085 -0.004300183617 -0.01073324122
v -0.0006516237045 0.006993547082 -0.02693246678
v -0.0006424028543 -0.00789228268 -0.0274824705
v -0.0006328735035 0.007473250851 -0.02118675224
v -0.0006259278161 0.007473836187 -0.02581121959
v -0.0006252609892 -0.003143646056 -0.01509947889
v -0.0006170284469 -0.003500081133 -0.0151105402
v -0.0006148231332 -0.004604630172 -0.01732490025
v -0.0006028734497 0.00158486783 0.0002374146279
v -0.0006020197179 -0.001585192746 0.0002374194301
v -0.0006004356546 -0.007475852035 -0.02465395816
v -0.0005989499623 0.006995962001 -0.02695704997
v -0.0005930197076 0.004899919964 -0.02400001138
v -0.0005821157829 0.004367860965 -0.0006983912899
v -0.0005797679769 -0.004368172493 -0.0006983865169
v -0.0005625843769 -0.004548642784 -0.01730634086
v -0.0005572398659 0.006997100543 -0.0210242793
v -0.0005516214878 -0.004300149623 -0.01094875392
v -0.0005495421938 0.002899921034 -0.02325001545
v -0.0005495417281 -0.00565008074 -0.02325001359
v -0.0005495413207 -0.007480075117 -0.023250008
v -0.000549541146 0.003099917667 -0.02325000241
v -0.0005495326477 -0.005650078412 -0.0247500129
v -0.0005495322985 0.002899919869 -0.02475001477
v -0.0005495320074 0.003099919995 -0.02475000173
v -0.000549528515 -0.007479631808 -0.02475002035
v -0.0005349314888 -0.007481142879 -0.023225246
v -0.0005231535761 0.005595787894 -0.01460000873
v -0.0005198596627 -0.001843877137 -0.01101685874
v -0.0005196342827 -0.004300138913 -0.01101667248
v -0.0005178499268 0.003699921537 -0.01101841684
v -0.0005161308218 0.00291141402 -5.496646554e-05
v -0.0005145657342 -0.002911692951 -5.496176163e-05
v -0.0005089914193 -0.004491209053 -0.01730001345
v -0.0005085939774 0.005459012464 -0.001839954057
v -0.0005062984419 0.005978599191 -0.01558868214
v -0.0005056580994 -0.005459284876 -0.001839953475
v -0.0005055344664 -0.004617068451 -0.02045000903
v -0.0005055330694 -0.004617068451 -0.02075001225
v -0.0004970267182 -0.00472808769 -0.01732653752
v -0.0004735196708 0.007097922731 -0.02088304795
v -0.0004450434644 0.005665420089 -0.01299971994
v -0.0004405365326 -0.004674172495 -0.01730684564
v -0.0004306271148 0.003999863286 -0.0005372587475
v -0.0004284770403 -0.004000097048 -0.0005372578744
v -0.0004238742404 -0.005759859458 -0.002347621135
v -0.0004225063021 0.005779886153 -0.002386496635
v -0.0004207410093 0.005106975324 -0.01120507345
v -0.0004172327754 0.002749920124 -0.02283327468
v -0.0004172165645 0.002749918029 -0.0251667276
v -0.0004141365353 -0.008553392254 -0.02555929869
v -0.0004131599853 0.00489992043 -0.0233287476
v -0.0004131513706 0.004899918102 -0.02467126958
v -0.0004040104395 -0.003750082105 -0.02735736035
v -0.0004012076824 -0.004300108645 -0.01124267559
v -0.0003968185338 0.007099301554 -0.02085391432
v -0.0003943243064 -0.007489788346 -0.02497039922
v -0.0003907378414 0.005942536984 -0.002725893864
v -0.0003877638082 -0.003763478948 -0.02731008083
v -0.0003875434631 -0.005942744203 -0.002725900384
v -0.0003817644028 -0.004618113395 -0.017300006
v -0.0003758698876 -0.003800081322 -0.02727545612
v -0.0003739738313 -0.004700078629 -0.01129225455
v -0.0003715176135 -0.003850079142 -0.02726279199
v -0.0003688566503 0.006079614162 -0.003046621801
v -0.0003662707459 0.007099631242 -0.02715650573
v -0.0003655889595 -0.00607980974 -0.003046620172
v -0.0003638652561 0.0070996508 -0.02758090943
v -0.0003623952507 0.006125569809 -0.003160391236
v -0.0003591026179 -0.006125766784 -0.003160386113
v -0.0003391534847 -0.003800082253 -0.02758849412
v -0.0003390327329 -0.007899981923 -0.02758795023
v -0.0003280770616 0.006435350981 -0.004005298484
v -0.0003246391134 -0.003750080941 -0.02754065953
v -0.0003182525397 -0.006507116836 -0.00422458956
v -0.0003164594818 0.006570309866 -0.004427600652
v -0.0003129270917 -0.006570478901 -0.004427596461
v -0.0003113077837 0.007099912502 -0.02717553824
v -0.0003111659607 0.002899919171 -0.02293934673
v -0.0003111527185 0.002899920335 -0.02506066673
v -0.0003019162687 -0.007493851706 -0.02293017134
v -0.0003008170752 0.005439207423 -0.01142995991
v -0.000299805979 0.006782411598 -0.005176504608
v -0.0002961606078 -0.006782575045 -0.005176504143
v -0.0002928386675 0.006870254409 -0.005523459986
v -0.0002891464974 -0.006870410871 -0.00552346278
v -0.000284789392 0.005803386215 -0.01441696659
v -0.0002774583409 0.005207968876 -0.01216158178
v -0.0002720380435 0.007094374392 -0.006540244445
v -0.0002682254999 -0.007094519213 -0.006540246774
v -0.0002637460129 0.007164291572 -0.006908331532
v -0.0002617776045 0.00538726477 -0.01346464641
v -0.0002617504797 0.007495430764 -0.02536015585
v -0.0002598938299 -0.007164433133 -0.006908320822
v -0.0002596594277 -0.004750078544 -0.01730001159
v -0.0002596584382 -0.00565008074 -0.01730001159
v -0.0002555344545 -0.004550080281 -0.02045000158
v -0.0002555330575 -0.004550080281 -0.0207500048
v -0.0002422688558 0.008557724766 -0.02533266321
v -0.00023371313 0.007355011534 -0.008078763261
v -0.000232190825 -0.007899770513 -0.02532595955
v -0.0002297600731 -0.007355134469 -0.008078765124
v -0.0002144951286 0.007445660885 -0.008735816926
v -0.0002104935847 -0.007445775904 -0.008735815994
v -0.0001794337586 -0.005112353712 -0.001538797398
v -0.0001787924703 0.007577063516 -0.009828413837
v -0.0001747204369 -0.007577159908 -0.009828419425
v -0.0001674548694 -0.003100046888 -0.01568872295
v -0.0001661023562 0.00703055691 -0.01994374767
v -0.0001648658363 0.007098691538 -0.02046138421
v -0.0001528160356 0.005076989066 -0.001515562763
v -0.0001427231327 -0.007498639636 -0.02520579845
v -0.0001426806703 -0.007748410106 -0.02520583011
v -0.0001355214772 -0.005059340969 -0.001504324377
v -0.0001188758251 0.006999040488 -0.02713184431
v -0.0001156824073 0.007741690148 -0.01147478167
v -9.088224033e-05 -0.007897149771 -0.02765368111
v -8.711620467e-05 0.003210318275 -0.0003515705757
v -8.55075923e-05 0.000788692967 0.0001461785432
v -8.539042756e-05 -0.003210364841 -0.0003515728749
v -8.508391329e-05 -0.0007887372631 0.0001461766224
v -7.550831651e-05 0.002749919193 -0.02257106826
v -7.548953727e-05 0.00274991896 -0.02542895079
v -7.432816346e-05 0.007822535001 -0.01240957994
v -7.407784142e-05 0.006997010671 -0.0208560843
v -7.166215073e-05 0.004248672631 -0.0008690829272
v -7.012326387e-05 -0.007822570391 -0.01240957715
v -6.937862781e-05 -0.004248708487 -0.0008690933464
v -9.531966498e-06 0.006994439289 -0.02083988115
v -1.54121426e-06 0.005434803665 -0.01197644975
v -5.558221119e-07 0.002067261375 -7.835611905e-05
v -5.082351322e-07 -0.005650079809 -0.02270097472
v -5.07595189e-07 0.002899920102 -0.02270096168
v -5.066930839e-07 0.003099918598 -0.02270096354
v -4.910033908e-07 0.003099918831 -0.02529904991
v -4.90998616e-07 0.002899920568 -0.02529904805
v -4.905790547e-07 -0.005650081206 -0.02529904619
v -3.375933773e-07 -0.00774397701 -0.02529884875
v 5.556512406e-07 -0.002067259513 -7.836346776e-05
v 7.535617897e-06 -0.007499564905 -0.02269636281
v 1.309698564e-05 -0.004870920442 -0.001400218462
v 4.041303691e-05 0.007989349775 -0.01457536127
v 4.470721251e-05 -0.007989325561 -0.01457535755
v 4.503800665e-05 -0.003099987051 -0.01594416611
v 5.781522123e-05 0.005589208566 -0.01460000593
v 6.240526272e-05 -0.00774114579 -0.02533332072
v 7.823340275e-05 0.004899918567 -0.02283735201
v 7.824908243e-05 0.004899919033 -0.02516265772
v 8.725390944e-05 0.002249918645 -0.01730000786
v 8.725537919e-05 -0.003500081599 -0.01730000228
v 9.600287012e-05 0.005480686203 -0.002157567767
v 9.635472088e-05 0.002328905743 -0.01730635762
v 9.747069998e-05 0.007089353632 -0.02071361616
v 9.894896357e-05 -0.005480636377 -0.002157570096
v 0.0001124232731 0.0023812328 -0.01731761172
v 0.0001207121313 -0.007888319902 -0.0255260542
v 0.0001227869507 -0.008558700792 -0.02482422814
v 0.0001381138864 0.008558496833 -0.02479417063
v 0.0001390723191 0.007498711348 -0.0247946512
v 0.000143066849 -0.007498637307 -0.02479456179
v 0.0001433730649 0.007018504199 -0.01994374394
v 0.0001510627626 0.005566294305 -0.01306665782
v 0.0001695881801 -0.003750078147 -0.02750231884
v 0.0001777567231 -0.003763477551 -0.02745298669
v 0.0001822639024 0.002499919385 -0.017366983
v 0.0001837367163 -0.00380008202 -0.02741687186
v 0.0001851235866 0.004899920896 -0.0207993798
v 0.0001851646521 0.00489992043 -0.0272006318
v 0.0001858287142 -0.004636967089 -0.001300341683
v 0.0001859237818 -0.003850078909 -0.02740366012
v 0.0001859240729 -0.005650079343 -0.02740365826
v 0.0001876865135 0.006983693223 -0.02720106579
v 0.0001881786739 0.006982997525 -0.02079884708
v 0.0001892345899 0.00708391564 -0.02730304003
v 0.0002336285834 0.002385982778 -0.01730410196
v 0.0002394366165 0.007496176288 -0.02463832311
v 0.0002464004792 0.002799918875 -0.02771609463
v 0.0002464008867 0.007079954259 -0.02771609277
v 0.0002531087084 0.00274991896 -0.02766654827
v 0.0002625831694 -0.0035000809 -0.01619355194
v 0.0002625836933 -0.003099928843 -0.0161935389
v 0.0002662295592 0.004520030227 -0.001259358251
v 0.0002686595835 -0.004519888666 -0.001259359997
v 0.0002716759627 0.002249918878 -0.01726348326
v 0.0002716763702 -0.003500079736 -0.01726349257
v 0.0002872376936 0.008555310778 -0.02455964312
v 0.0003029743966 0.002499919385 -0.01735174097
v 0.0003080497845 -0.004700080957 -0.01251214277
v 0.0003178516927 -0.007493183017 -0.0225634519
v 0.0003190649441 0.002312678378 -0.01724846847
v 0.0003224399698 0.002749917796 -0.02240622044
v 0.000322459382 0.002749920823 -0.02559377812
v 0.0003246592532 0.003521043574 -0.0007005024236
v 0.0003246848937 0.005869331304 -0.002935335739
v 0.000326552894 -0.003520866856 -0.0007004955551
v 0.000327839778 -0.00586915575 -0.002935332712
v 0.000328832597 0.007332204841 -0.007951058447
v 0.0003314315109 0.007523285691 -0.02448868379
v 0.0003314396599 0.007492673583 -0.02448867448
v 0.0003349934414 0.007662200369 -0.02448027767
v 0.0003350324987 -0.004299911205 -0.01255900599
v 0.0003354673099 -0.007492493838 -0.02448867634
v 0.0003354751971 -0.007523107808 -0.02448868193
v 0.0003386368626 -0.00764740631 -0.02448047884
v 0.00033883375 0.002376132645 -0.01725948788
v 0.0003459047584 0.002338385442 -0.0003022630117
v 0.0003471609962 -0.002338199411 -0.0003022690362
v 0.0003612628498 0.002899920102 -0.02255112119
v 0.000361281418 0.002899918938 -0.02544889599
v 0.0003679373185 0.005562561564 -0.01460000314
v 0.0003711164754 0.002440117532 -0.01727887616
v 0.0003722785914 -0.007719281595 -0.02545255981
v 0.0003746592556 0.005113032181 -0.01262236573
v 0.0003782067215 0.006967776455 -0.02722871862
v 0.0003788893227 -0.003099898808 -0.01635057852
v 0.0003797308891 -0.003500080435 -0.01635172404
v 0.0003799263795 0.007934886962 -0.02440434322
v 0.0003856181283 -0.007929844782 -0.02439981699
v 0.0003931112587 0.002499918221 -0.01731641963
v 0.0003962097107 0.004331480712 -0.001203930471
v 0.0003987498349 0.005742557812 -0.01446918957
v 0.0004098462523 0.00224991818 -0.0171807725
v 0.0004329737276 0.002375693992 -0.01719394326
v 0.0004366389476 0.00696194917 -0.02723491006
v 0.0004669885675 -0.007860710844 -0.02773891576
v 0.0004685386375 0.005418354645 -0.01277917251
v 0.000468629325 0.002249919577 -0.01712280512
v 0.0004686307802 -0.003500080667 -0.01712279953
v 0.0004722660524 0.008181032725 -0.02424287237
v 0.0004768297076 -0.00817899406 -0.02424174361
v 0.0004883580841 0.002249919809 -0.01709851623
v 0.0004888573894 -0.003099868773 -0.01709751971
v 0.0004905985552 0.006955537014 -0.02076032385
v 0.0004936595797 -0.00350007927 -0.01650874503
v 0.0004936605692 -0.003099868307 -0.0165087413
v 0.0005005712155 0.0083919717 -0.02054778673
v 0.0005021151737 -0.007857110351 -0.025631845
v 0.0005029853783 0.00237434404 -0.01711522788
v 0.0005050814361 -0.008391700685 -0.02054779045
v 0.0005053257337 0.002383738989 -0.01711788401
v 0.0005094653461 0.006263438612 -0.003890636144
v 0.0005121384747 0.007728612982 -0.01129435655
v 0.0005128307384 -0.006263164803 -0.003890642431
v 0.0005261803744 -0.003099858994 -0.01713978685
v 0.0005349660642 0.002499919152 -0.01718847454
v 0.0005488309544 0.002499921713 -0.01716696657
v 0.0005624605692 0.002499919618 -0.0171822235
v 0.000563964888 -0.003099848051 -0.0171822235
v 0.0005650981329 0.005252688192 -0.01352473442
v 0.0005718446919 -0.003500081133 -0.01692163199
v 0.0005718494067 -0.003099844558 -0.01667795889
v 0.000577451312 -0.003099842463 -0.01689670049
v 0.0005788631388 -0.003500081133 -0.01671021432
v 0.0005896446528 -0.008360465989 -0.02403481491
v 0.0005954353837 0.00403239252 -0.001138729043
v 0.0005960598937 1.615103997e-07 -8.768612315e-05
v 0.0005982951843 -0.008541674353 -0.0240206141
v 0.0005985858734 0.008379500359 -0.02400843799
v 0.000600183499 0.007045637351 -0.02065110393
v 0.0006036737468 -0.00402276637 -0.001137077925
v 0.0006134868017 0.005050961394 -0.001978666056
v 0.0006162018981 -0.005050631706 -0.001978664426
v 0.000623838685 0.002556561027 -0.0005080506671
v 0.0006252114545 -0.002556225285 -0.0005080566043
v 0.0006333774072 0.006972860079 -0.01994373836
v 0.0006353466888 -0.007472997997 -0.02250434458
v 0.0006414472591 0.007040535565 -0.02774844505
v 0.0006419448182 0.007040465716 -0.02046137489
v 0.0006638718187 0.008497932926 -0.02281221002
v 0.00066524063 0.006640645675 -0.005028015003
v 0.0006668954156 0.005962822586 -0.01558867656
v 0.0006688090507 -0.006640288047 -0.005028018262
v 0.0006793187349 0.00703563774 -0.02064845152
v 0.0006984475185 0.007033099886 -0.02735129744
v 0.0007207094459 0.003838637844 -0.00110822299
v 0.0007213472854 0.008487635292 -0.02376283519
v 0.0007222575368 0.008533356711 -0.02376429737
v 0.0007226417656 -0.008481760509 -0.0237693917
v 0.0007268438931 -0.00853296835 -0.02376429178
v 0.0007494896417 0.002749920357 -0.02235000022
v 0.0007494910387 -0.005650080275 -0.02250000648
v 0.000749491679 0.002899919869 -0.02249999158
v 0.000749491679 0.003099918133 -0.02249999531
v 0.0007494926685 0.004899919964 -0.02265747637
v 0.0007495100144 -0.005650079343 -0.02550000697
v 0.0007495100144 0.004899919033 -0.02534251846
v 0.0007495106547 0.003099919064 -0.0254999958
v 0.0007495109458 0.002749921754 -0.02565000392
v 0.0007495114114 -0.007674898487 -0.0254999958
v 0.0007495114696 0.002899917308 -0.02549999394
v 0.0007497179904 -0.007462435868 -0.02249999531
v 0.0007590198074 -0.003850082867 -0.02744998038
v 0.0007590570021 -0.003800081089 -0.02746338025
v 0.0007591568283 -0.003763475455 -0.0274999924
v 0.0007592951297 -0.003750080476 -0.02754998021
v 0.000769029255 -0.007460468914 -0.02448867634
v 0.0007937252522 0.008527538739 -0.02360829152
v 0.0007983091637 -0.00852710288 -0.02360827848
v 0.0008040342946 0.00697821239 -0.006343753077
v 0.0008077855455 -0.006977777462 -0.006343747955
v 0.0008107611793 0.001549793174 -0.0003433464444
v 0.0008115950041 -0.001549355336 -0.0003433349775
v 0.0008340963977 -0.007661603391 -0.02549828589
v 0.0008644455229 0.008521299809 -0.02345239744
v 0.000869024836 -0.008520832285 -0.02345240861
v 0.0008715836448 -0.007807932794 -0.02774762176
v 0.0008785512182 -0.0078070499 -0.02564626001
v 0.0008805109537 -0.003750080476 -0.02769767866
v 0.0008822811069 -0.003800079692 -0.02774764411
v 0.0008830923471 -0.007806103211 -0.02774722315
v 0.0008971974603 0.005932538304 -0.01558867469
v 0.0009006453911 0.007003115024 -0.02734814957
v 0.000936648692 0.007257572841 -0.007827114314
v 0.000940549362 -0.007257067133 -0.007827118039
v 0.0009484302718 0.006892347708 -0.02724391036
v 0.0009485700866 0.005141564645 -0.0135400882
v 0.0009890859947 0.00548206456 -0.002803166164
v 0.0009920326993 -0.005481535569 -0.002803166164
v 0.0009978004964 0.00688342005 -0.02075950243
v 0.001011728658 -0.007431321312 -0.02252309956
v 0.001032354427 -0.007780702785 -0.02773878165
v 0.001057650545 0.006872736383 -0.02076463774
v 0.001069303486 0.005596154835 -0.01451656967
v 0.001071762061 0.006973316893 -0.02773612551
v 0.001072379062 -0.007481609937 -0.009433844127
v 0.001118623768 -0.004700080492 -0.01379403938
v 0.0011214962 0.007415674627 -0.02448867634
v 0.001121496316 0.007415676024 -0.02118675038
v 0.001125965151 0.004491106607 -0.001850303262
v 0.001128379954 -0.00449050311 -0.001850301516
v 0.00113675138 -0.00429969281 -0.01382645965
v 0.001137720654 0.002899919869 -0.02255110443
v 0.00113773928 0.002899918705 -0.02544887923
v 0.001146558323 -0.006496570073 -0.004963368643
v 0.00117654237 0.002749919891 -0.02240621299
v 0.001176563441 0.002749919426 -0.02559376881
v 0.001190022798 0.006950313225 -0.02067808807
v 0.001196368248 -0.007596569601 -0.02543172427
v 0.0012026201 0.007662753575 -0.01110858377
v 0.001206738525 -0.007662103046 -0.01110858936
v 0.001224107575 0.003025236074 -0.001043824479
v 0.001225734362 -0.003024577862 -0.001043829601
v 0.001228128327 0.0053915889 -0.01395556144
v 0.001248081331 -0.004700077698 -0.01398458239
v 0.001257307595 -0.007736510597 -0.02556925081
v 0.001313836896 0.004899919964 -0.02079937607
v 0.00131387799 0.004899919499 -0.02720062807
v 0.001314385678 0.006821654737 -0.02720052935
v 0.001314660884 0.006821367424 -0.02079951204
v 0.00131556124 0.005907355342 -0.003777909791
v 0.00131873705 -0.005906645674 -0.003777898848
v 0.001331849257 -0.005650077946 -0.02740050107
v 0.00133185077 -0.003850082634 -0.02740048803
v 0.001334110857 -0.003800081322 -0.02741370164
v 0.001340289833 -0.003763479879 -0.02744977362
v 0.001345880795 -0.006842539646 -0.006261522416
v 0.001348729129 -0.00375007838 -0.02749906294
v 0.001357006491 0.0007513553719 -0.000491708226
v 0.001357409521 -0.0007506273105 -0.0004917103215
v 0.001373943524 -0.007373391651 -0.02263616212
v 0.001378687331 -0.004679440986 -0.01417294424
v 0.001400492853 0.00690448517 -0.02728579193
v 0.001407387783 0.005351692904 -0.01459998917
v 0.001420753542 0.004899919964 -0.02283733524
v 0.001420768211 0.004899921827 -0.02516265586
v 0.001421992318 0.006829398219 -0.01994373649
v 0.001427431242 0.006796053611 -0.02717850544
v 0.001437790459 0.006895691156 -0.02046137489
v 0.001456569764 0.00750397006 -0.02448867634
v 0.001474588295 0.007854365744 -0.02442302182
v 0.001479976461 0.002749917796 -0.02762717009
v 0.001489846385 0.006883102003 -0.02767619677
v 0.001489846501 0.002799920971 -0.02767619118
v 0.001490644296 0.008166672662 -0.02423531935
v 0.001492632902 0.007934579626 -0.0144407656
v 0.001496896846 -0.007933777757 -0.01444077864
v 0.001499448437 -0.007527829148 -0.02529853396
v 0.001499492209 0.003099919995 -0.02270095423
v 0.001499492675 -0.005650079809 -0.0227009505
v 0.001499493024 0.00289991824 -0.02270095237
v 0.001499509322 -0.005650079343 -0.02529903688
v 0.001499509672 0.002899918705 -0.0252990406
v 0.001499509905 0.003099918831 -0.0252990257
v 0.001499566715 -0.007348613348 -0.02270099521
v 0.001500750543 0.008363233879 -0.02399844304
v 0.001505734166 -0.004612210672 -0.01435215957
v 0.001507122768 0.008487142622 -0.02366290987
v 0.001507894485 0.008502173238 -0.02345195785
v 0.001528726309 0.007128480822 -0.007718692068
v 0.001532558119 -0.007127657533 -0.007718684152
v 0.001548362779 0.005230337847 -0.0144145824
v 0.001548917498 -0.002481540665 -0.001035227091
v 0.001550323097 -0.007514947094 -0.02526802942
v 0.001558207674 0.006764007732 -0.02085222863
v 0.001574491849 0.002749919659 -0.02257105522
v 0.001574510708 0.002749919426 -0.02542893775
v 0.001582818222 0.005391181447 -0.01445860974
v 0.00158657704 0.002416202798 -0.001035947935
v 0.001592248329 -0.007657325827 -0.02765326016
v 0.001603219309 0.006304745562 -0.004906887189
v 0.001606608974 -0.006303882226 -0.00490688812
v 0.001616908703 0.004943849985 -0.00270066224
v 0.001619566232 -0.004942977335 -0.002700655721
v 0.001622603391 -0.007649222389 -0.02539747208
v 0.001650013379 0.003792329226 -0.001771384268
v 0.001652051345 -0.003791444236 -0.001771383802
v 0.001678013825 -0.007309566718 -0.02282192931
v 0.001682752976 0.00683294097 -0.02078437246
v 0.001684331102 0.005262091756 -0.01459998917
v 0.001694746665 -0.002233098727 -0.001040168805
v 0.001710279146 -0.004454609007 -0.01463186555
v 0.001790333539 -0.007449499331 -0.02508079261
v 0.001810154761 0.002899918472 -0.02293933369
v 0.001810168033 0.002899919637 -0.02506065369
v 0.001815008582 0.006724311505 -0.01994374022
v 0.001824418781 0.008148085326 -0.01750254817
v 0.001828797278 -0.008147105575 -0.01750255749
v 0.001853245893 0.005706616212 -0.01558868121
v 0.001863086596 0.006654718425 -0.006190458313
v 0.001866662526 -0.006653717253 -0.00619046716
v 0.001885559643 0.007539405953 -0.01093619131
v 0.001888012048 0.00677351607 -0.02714804187
v 0.001888506347 -0.003850082401 -0.02725655399
v 0.001889770618 0.005402430426 -0.01486855559
v 0.001892929431 -0.003800081788 -0.02726920135
v 0.001904655015 0.006666427013 -0.02703777887
v 0.001905013109 -0.003763478016 -0.02730375715
v 0.001912154024 0.00489992043 -0.02332872525
v 0.001912162639 0.004899918102 -0.02467124537
v 0.001916219946 0.002749919193 -0.0228332635
v 0.001916234498 0.002749920357 -0.02516671643
v 0.001920729177 -0.007563967258 -0.02515887283
v 0.001921520219 -0.003750080476 -0.02735094912
v 0.001924362499 -0.007249131799 -0.02306742407
v 0.001926222583 -0.004299482796 -0.01491455827
v 0.001957018394 5.256798659e-07 -0.0007864192594
v 0.001963059418 0.006750191096 -0.02711967193
v 0.001980407862 -0.007468416821 -0.02448867448
v 0.002009411575 -0.007818176411 -0.02442296967
v 0.00201635249 -0.007380965166 -0.02480188757
v 0.002035273705 -0.008129884489 -0.02423516288
v 0.002037216444 0.006624181289 -0.02101599984
v 0.002047568327 0.00606207829 -0.004857460037
v 0.00204792642 -0.007370919455 -0.02474993281
v 0.002048393479 -0.007215542719 -0.02324974164
v 0.002048533643 -0.005650081206 -0.02324999869
v 0.002048534341 0.002899919171 -0.02324998565
v 0.002048535272 0.003099917434 -0.02324998751
v 0.002048542723 -0.005650078878 -0.024749998
v 0.002048544353 0.002899917774 -0.02474998496
v 0.002048544353 0.003099919762 -0.02474998683
v 0.002050826559 -0.006060973275 -0.004857458174
v 0.002051571617 -0.008326333947 -0.02399760298
v 0.002061802894 -0.00844969973 -0.02366167679
v 0.002063030843 -0.008464447223 -0.02345110662
v 0.002066710731 0.005374221597 -0.003688601544
v 0.002069598762 -0.005373109132 -0.003688594559
v 0.002071525902 -0.003750080708 -0.02745575644
v 0.002089390531 -0.003800079226 -0.02750245668
v 0.002089741873 -0.007509010844 -0.0275022611
v 0.002092021285 0.004899920896 -0.02399999648
v 0.002092583338 0.006707876921 -0.02093441598
v 0.002105184132 0.006942266598 -0.007622863166
v 0.002108915942 -0.006941133179 -0.007622860372
v 0.002122299513 -0.007194162346 -0.0233954899
v 0.002132449998 -0.007494505029 -0.02748564444
v 0.002154263901 -0.007486979477 -0.02485345863
v 0.002159307944 -0.001431086566 -0.001104836818
v 0.002163254889 0.008322065696 -0.02061585523
v 0.002167634899 -0.007331707049 -0.0244887732
v 0.002167667728 -0.007179918699 -0.02448868006
v 0.002167726867 -0.008320898749 -0.02061586455
v 0.002177690156 0.001398928347 -0.001109414268
v 0.002178437309 0.002749919659 -0.02317499556
v 0.00217844802 0.002749921288 -0.02482498996
v 0.002180112759 0.006677806377 -0.02097442932
v 0.002190569649 0.006601838395 -0.01994373649
v 0.002196649322 0.002935158322 -0.001722166548
v 0.002198227914 -0.002933979034 -0.00172215316
v 0.00219838717 0.002899920801 -0.02361176535
v 0.002198392525 0.002899918705 -0.02438822016
v 0.002213415923 0.006666043308 -0.02046137489
v 0.002213461325 0.006666043308 -0.0274524428
v 0.002217260422 0.006664690562 -0.02700802498
v 0.002229544567 -0.007161185611 -0.02375612594
v 0.002230408601 0.004236694425 -0.002622897271
v 0.002232686151 -0.004235493951 -0.002622887958
v 0.002238419373 0.005242883693 -0.01530104689
v 0.002240611706 -0.007379345596 -0.02448867448
v 0.002244183561 -0.007156820036 -0.02412619814
v 0.002244444797 -0.004750079475 -0.0172999911
v 0.00224444503 -0.005650081672 -0.0172999911
v 0.002247861819 -0.004748623352 -0.01729999855
v 0.002249500481 -0.007155177183 -0.02399995551
v 0.002249500714 -0.005650079809 -0.02399999648
v 0.002249501413 0.002899920335 -0.02399998344
v 0.002249501413 0.003099918598 -0.02399998531
v 0.002251548925 0.005561522208 -0.0155886719
v 0.002279153327 -0.007442490663 -0.02742381208
v 0.00231646793 -0.007428699173 -0.02448870242
v 0.002339256229 -0.007170735393 -0.009167063981
v 0.002343276283 0.002749918262 -0.02357293293
v 0.002343281172 0.002749919891 -0.02442703769
v 0.002355535747 0.001088657998 -0.001159871113
v 0.002367843408 0.006410492118 -0.006127950735
v 0.002371288603 -0.006409218069 -0.006127952598
v 0.00237448304 0.00489992043 -0.02118539996
v 0.002374518663 0.00489992043 -0.02681457251
v 0.002375192707 0.006502726581 -0.0211858172
v 0.002376638819 0.006501756143 -0.02681334876
v 0.002396561671 -0.004737975542 -0.01731167547
v 0.002399501391 0.00274991896 -0.02399998158
v 0.002400449011 0.008433364332 -0.02344995551
v 0.002405280713 -0.008431701921 -0.02345012873
v 0.002413525945 -0.005650079343 -0.02702217735
v 0.002413526643 -0.003850080073 -0.02702216431
v 0.00241998909 -0.003800081555 -0.02703390457
v 0.002437643241 -0.003763477551 -0.02706597373
v 0.002439174103 0.006581630558 -0.02688928135
v 0.002461758442 -0.003750078613 -0.02710977383
v 0.002478162525 0.005766709335 -0.004812422674
v 0.002481261501 -0.005765376147 -0.004812427331
v 0.002488785889 -0.004325743299 -0.01729999483
v 0.002491167514 0.005458396394 -0.01558867097
v 0.002491234569 0.005208406132 -0.01558868401
v 0.002492078347 -0.004603729583 -0.01731522381
v 0.002510640537 -0.004691993818 -0.01733418182
v 0.002541044727 0.006435950752 -0.02128838934
v 0.002543973504 -0.00463135168 -0.01733402535
v 0.00255826395 0.007354973815 -0.01077575982
v 0.002562216949 -0.007353600115 -0.0107757533
v 0.002570131095 0.0007118178764 -0.001243555336
v 0.002582837362 -0.004110809416 -0.01729998551
v 0.002590563381 -0.00565008074 -0.01736178994
v 0.002593021374 -0.004371670075 -0.01731329598
v 0.00259354338 -0.004657729529 -0.01735994779
v 0.002599596977 0.006516518537 -0.02121103555
v 0.002609640127 0.0006420747959 -0.001262347447
v 0.002609984949 -0.0006406731554 -0.001262343954
v 0.00262322207 -0.004643405788 -0.01737100631
v 0.00262496341 -0.004650468472 -0.01737344824
v 0.002626305213 -0.007305438165 -0.02724602818
v 0.002626446076 0.002749918494 -0.02718858793
v 0.002651809016 0.006494410336 -0.02723168023
v 0.002651810413 0.002799917711 -0.02723167278
v 0.002655039309 0.006493026856 -0.02675205097
v 0.002666145796 0.006696247961 -0.007536672987
v 0.002669744426 -0.006694815587 -0.007536683232
v 0.002691810485 -0.004415176343 -0.01735183597
v 0.00269254134 -0.003881764365 -0.01729998365
v 0.002728275955 -0.004615377635 -0.01742493734
v 0.002729051281 -0.004165458027 -0.01732526533
v 0.002733260393 0.001962882234 -0.001718421816
v 0.002734315814 -0.001961412141 -0.001718417741
v 0.002741123782 -0.003740988905 -0.01729998179
v 0.002741383621 -0.007383222226 -0.02448867634
v 0.002744466066 -0.00565008074 -0.02044998109
v 0.002744466066 -0.004550080281 -0.02044998482
v 0.002760725096 0.006339630112 -0.02655293047
v 0.002766585443 -0.005650081206 -0.02074999362
v 0.002766586374 -0.004550082143 -0.02074998058
v 0.002775121247 -0.0003468669893 -0.001355061657
v 0.002779814648 -0.004453931004 -0.01741407253
v 0.002783398842 0.004643461667 -0.003607693827
v 0.002785894088 -0.004641965497 -0.0036076908
v 0.002792710438 -0.0003153129073 -0.001366344048
v 0.002792903455 -0.003099250607 -0.01718222536
v 0.002812050283 -0.003711564466 -0.01601994224
v 0.002814434702 0.006951902993 -0.02448868193
v 0.002814434702 0.00695190439 -0.02118675597
v 0.002818436595 -0.00447094813 -0.01745300367
v 0.002829461591 -0.003953358624 -0.0173244644
v 0.002842658665 0.003338885726 -0.00254936819
v 0.002843784168 -0.003500080435 -0.01729998924
v 0.002844452392 -0.00333735859 -0.002549370984
v 0.002853105543 -0.004485837184 -0.01749673672
v 0.002857175656 -0.004222757649 -0.01739702374
v 0.002857730491 0.006107889581 -0.006070518866
v 0.002861012472 -0.006106351037 -0.006070523057
v 0.002874052618 0.006394940428 -0.02658707649
v 0.002888691379 -0.003650170518 -0.01612737961
v 0.002892330522 -0.003850081004 -0.02670384757
v 0.002900652122 -0.003800080391 -0.02671433985
v 0.002911297604 -0.003772452939 -0.01733089425
v 0.002915045712 -0.004425517749 -0.01754570007
v 0.002917003119 -0.004437852651 -0.01755463704
v 0.002920565894 -0.004448925145 -0.0175617598
v 0.00292338687 -0.003763479181 -0.02674303204
v 0.002930169227 0.006292830687 -0.01994373649
v 0.002932718722 0.006367224269 -0.02653777413
v 0.002935807221 -0.005650081206 -0.02041192353
v 0.002935807221 -0.004550080746 -0.02041192539
v 0.002941104816 -0.004397450946 -0.01756853051
v 0.002951553557 -0.005650080275 -0.0175928846
v 0.002951755887 -0.006922808476 -0.009050203487
v 0.002952980343 -0.004017944448 -0.01739547029
v 0.002954441821 -0.003750079311 -0.02678221837
v 0.002958072117 -0.004267930053 -0.01750926673
v 0.002959797624 0.006354202051 -0.02046136558
v 0.002963202307 0.006244678516 -0.02162049524
v 0.002964646323 -0.003587946529 -0.01623538136
v 0.002966686152 7.990473705e-07 -0.001492193667
v 0.002979835728 -0.004400963895 -0.01762218773
v 0.002984229941 -0.003601195291 -0.01733089052
v 0.002995412098 -0.004284685012 -0.01757701114
v 0.00299713132 -0.005650078878 -0.02080631442
v 0.002997132251 -0.004550080281 -0.02080630325
v 0.002997406991 0.00734573137 -0.02448868193
v 0.003000007011 0.007625007536 -0.01399740763
v 0.003004105762 -0.007623394486 -0.01399740577
v 0.003005849198 -0.004045589827 -0.01744643599
v 0.003022670513 -0.004296958912 -0.01765033044
v 0.003040727228 0.006314537954 -0.02156022564
v 0.003048669081 -0.004259992391 -0.01768046245
v 0.00305100414 -0.004069198389 -0.01750609465
v 0.003052966436 0.007693352643 -0.02442260087
v 0.003082234645 -0.003522101557 -0.01640594192
v 0.00308878487 -0.003805270419 -0.01744643226
v 0.003098017769 -0.005650080275 -0.02030353434
v 0.003098017769 -0.004550079815 -0.02030353807
v 0.003101839917 -0.00409578206 -0.01760848612
v 0.003102486487 0.008002907038 -0.02423381619
v 0.003104066709 -0.007082823664 -0.02691830136
v 0.003113941522 -0.004102109 -0.0176454708
v 0.00311439042 -0.00416448852 -0.01779404283
v 0.003115708241 -0.004177379888 -0.0178058967
v 0.003115939209 -0.004152416717 -0.01778138801
v 0.003117355984 -0.003500143997 -0.01733745821
v 0.003118468681 -0.004145467654 -0.01777385361
v 0.003119850531 -0.004190661944 -0.01781664416
v 0.003119904082 -0.003750079777 -0.02684098296
v 0.003127115313 -0.004108996596 -0.01770245098
v 0.003130884375 -0.003706412623 -0.0174464304
v 0.003133580321 0.008197291754 -0.02399569564
v 0.0031356283 -0.004113449249 -0.01779997908
v 0.003143315436 0.006153961644 -0.02619822137
v 0.003143901238 -0.003505972913 -0.01649715006
v 0.003151936224 -0.003800079226 -0.02687937953
v 0.003152197693 -0.007058084942 -0.0268789921
v 0.003153044498 0.00831897743 -0.02365865745
v 0.003155298298 0.008332914673 -0.02344700322
v 0.003160785651 0.006253462285 -0.02687196434
v 0.003165686969 -0.003362735733 -0.01652973332
v 0.003175737802 -0.00565008074 -0.02096259594
v 0.003175738733 -0.004550081678 -0.0209625829
v 0.003182641463 -0.005650081206 -0.01795386337
v 0.003184102941 -0.004039877094 -0.01795774885
v 0.003184975358 -0.003500945168 -0.01655862294
v 0.003185307374 -0.003500483464 -0.01735158451
v 0.003188280156 -0.003994457889 -0.01793494821
v 0.003188625677 0.000965474057 -0.001789338305
v 0.003189143492 -0.0009637607727 -0.00178933749
v 0.0032024018 -0.003826277563 -0.01762693003
v 0.003206402995 -0.00565008074 -0.02014132403
v 0.003206402995 -0.004550080281 -0.02014132589
v 0.003210361348 -0.003500078339 -0.01659694873
v 0.003211785341 0.006387441419 -0.007456738502
v 0.00321521773 -0.006385712884 -0.007456736173
v 0.003218042199 0.007105853409 -0.01062587555
v 0.003221862251 -0.007104123477 -0.01062587742
v 0.003222538158 -0.003885796294 -0.01808606833
v 0.003222714178 -0.003891503438 -0.01809117943
v 0.003223453648 -0.00389716099 -0.01809614524
v 0.003223909065 -0.003874696326 -0.01807576418
v 0.003224522108 -0.003892289707 -0.01810133271
v 0.003224764252 -0.003773769829 -0.01762692258
v 0.003226259258 -0.003627058119 -0.01744643413
v 0.003226686036 -0.00386229693 -0.01808652095
v 0.003227008507 -0.003883458907 -0.01811402664
v 0.003227021778 -0.003860746277 -0.01808109507
v 0.003228892339 -0.003851865884 -0.01808772795
v 0.003229932161 -0.003846749896 -0.01808645204
v 0.003231829032 -0.003837043419 -0.01807999425
v 0.00323236105 -0.003869184293 -0.01814495958
v 0.00323257572 -0.003833079943 -0.01807258651
v 0.003232792486 -0.003831896698 -0.01779999025
v 0.003232795279 -0.003831899492 -0.0180601906
v 0.003234324278 -0.003832166549 -0.01810328849
v 0.003236563178 -0.003842980834 -0.0181636177
v 0.00323782186 0.005108331796 -0.01664126292
v 0.003238794394 0.006104254164 -0.02608947456
v 0.003238846315 0.006104629487 -0.02191058919
v 0.003239131067 0.004899921361 -0.02191092633
v 0.003239159239 0.004899919499 -0.0260890387
v 0.003239542246 -0.00382752018 -0.01815719903
v 0.003241799073 -0.003853054019 -0.01822720654
v 0.003243785119 -0.003850839101 -0.01826355234
v 0.003243927611 -0.00381138525 -0.01813467592
v 0.003244450781 -0.003849907545 -0.01833453402
v 0.003244451713 -0.005650082137 -0.01829998009
v 0.003244451946 -0.003850081936 -0.01836909354
v 0.003244459629 -0.003849751549 -0.01829999126
v 0.003244461492 -0.005650078878 -0.01994998753
v 0.003244462423 -0.004550080281 -0.01994997635
v 0.003244468709 -0.003850079374 -0.0209181644
v 0.003244468942 -0.004550079349 -0.02091816626
v 0.003245293861 -0.003825555556 -0.01822283678
v 0.003249875503 -0.003791786032 -0.01779998839
v 0.003250367474 -0.003809486749 -0.018214982
v 0.003251247108 -0.00378992036 -0.01806020178
v 0.003252080875 -0.00381181296 -0.02091816999
v 0.003257849021 -0.003800078062 -0.01836909726
v 0.003257865552 -0.003800079226 -0.02091816813
v 0.003259299323 -0.00379039743 -0.01819104515
v 0.003262165235 -0.004550080281 -0.02118361928
v 0.003262165468 -0.00565008074 -0.02118361741
v 0.003265531268 0.005380503368 -0.01668474264
v 0.003267168067 -0.003773209406 -0.01806019247
v 0.00326729496 -0.003774785437 -0.01811741851
v 0.003270803019 -0.003781720297 -0.01826174557
v 0.003272027709 -0.003776733298 -0.01820074953
v 0.003273741342 -0.003779369174 -0.01836909167
v 0.003273757873 -0.003779370105 -0.0209181644
v 0.003275424475 -0.003731617704 -0.01762692258
v 0.003286495572 -0.003760594875 -0.0180601906
v 0.003288575914 -0.003759585554 -0.0177999828
v 0.003289456945 -0.003764322959 -0.01820876822
v 0.003294451162 -0.003763475921 -0.01836909726
v 0.003294467926 -0.003763477085 -0.02091816813
v 0.00329731754 -0.003755970392 -0.01806019805
v 0.003298490075 0.006179993507 -0.02616670169
v 0.003306199564 -0.003757692175 -0.02091817185
v 0.003306401661 -0.003757601138 -0.01836908981
v 0.003306479426 0.005005047191 -0.004720198922
v 0.003309168853 -0.005003268365 -0.004720199388
v 0.003311618697 -0.003850079374 -0.02631042339
v 0.003311619163 -0.005650079809 -0.02631042153
v 0.00331992982 0.006061329506 -0.02201117761
v 0.003321568714 -0.003800081555 -0.02631939203
v 0.003327620449 -0.00375082856 -0.01821455918
v 0.003331123851 -0.003603633493 -0.01744643599
v 0.003331124084 -0.003500080667 -0.01736697182
v 0.003331125481 -0.003719176166 -0.01762691885
v 0.003331126412 -0.003750079777 -0.01779997908
v 0.003331128275 -0.003750080941 -0.01806019433
v 0.003332753666 -0.003750081174 -0.01811502315
v 0.003334084293 0.005743749905 -0.006013995968
v 0.003334096167 -0.003850078909 -0.02151016891
v 0.0033340964 -0.005650079343 -0.02151016705
v 0.003334980924 -0.003750080708 -0.0181635078
v 0.00333669805 -0.00375008001 -0.01819558628
v 0.003337169997 -0.005741956644 -0.006014000159
v 0.003337789793 -0.00375008164 -0.01821465045
v 0.003341367003 -0.003811811097 -0.02150791138
v 0.003342826152 -0.00375007838 -0.01831427589
v 0.003344147466 -0.003750080941 -0.01835083589
v 0.003344427329 -0.003750080243 -0.01836411282
v 0.003344452474 -0.003750080243 -0.01836908981
v 0.003344469238 -0.003750081407 -0.02091816068
v 0.003348750761 -0.003763476387 -0.02634390816
v 0.00335547654 0.0004794067063 -0.001847242122
v 0.003355734749 -0.0004776015121 -0.001847237814
v 0.003362073563 -0.003779369639 -0.02150149085
v 0.003385882825 -0.003750080708 -0.02637738548
v 0.003387022298 -0.003500080202 -0.0173669681
v 0.003387022531 0.002499918686 -0.01736696437
v 0.003387022996 0.002631592099 -0.01747698151
v 0.003387023229 -0.003631751984 -0.01747698896
v 0.003387023462 0.002603471279 -0.01744642295
v 0.003387023695 -0.003719565226 -0.01762799546
v 0.00338702416 0.002719407668 -0.0176279936
v 0.003387025325 -0.003750081174 -0.01779999025
v 0.003387025557 0.002749919891 -0.0177999828
v 0.003390952712 0.006128554698 -0.02194998413
v 0.003393060761 -0.003757691244 -0.0214918945
v 0.003397218417 -0.003500077873 -0.01688718982
v 0.003412731923 0.002287654905 -0.002494390123
v 0.003413960105 -0.002285820898 -0.002494402928
v 0.003429615172 -0.003750079777 -0.02148056403
v 0.003443629714 -0.006898657884 -0.02448867448
v 0.003455196507 0.00783068873 -0.01701549068
v 0.003459404688 -0.007828830741 -0.01701549627
v 0.003462888068 0.00598224299 -0.02578886226
v 0.003471016418 0.005353071261 -0.01701027341
v 0.003471156349 0.005071769468 -0.01701019332
v 0.003473551245 9.330593684e-07 -0.001921546529
v 0.003479968058 0.003693222068 -0.003511859104
v 0.003481951775 -0.003691350808 -0.003511855146
v 0.00349570089 -0.00725466758 -0.02448867261
v 0.003506201087 0.005957674235 -0.02572136372
v 0.00352251716 0.006052411161 -0.02586395293
v 0.003525940236 -0.006850545295 -0.026521191
v 0.003531140974 0.002749919891 -0.01781754941
v 0.003531141905 -0.003750082804 -0.01781754009
v 0.003538917983 0.005939047318 -0.02233216539
v 0.003548719455 -0.006608844735 -0.008940926753
v 0.003564596642 -0.007600235753 -0.02442240156
v 0.00356633449 0.002749919193 -0.02639905363
v 0.003572451416 -0.00371956639 -0.01765058376
v 0.003572451649 0.002719406504 -0.0176505819
v 0.003576393006 -0.003152101301 -0.01718221605
v 0.003576454241 -0.003378828987 -0.01718221232
v 0.003576485673 -0.003500077873 -0.0171822235
v 0.003594937967 -0.003850078676 -0.02204911411
v 0.0035949382 -0.005650079343 -0.02204911225
v 0.003600795288 -0.003439419903 -0.01722380519
v 0.00360079552 -0.003500080202 -0.0172237698
v 0.003601217875 -0.003811812727 -0.02204480022
v 0.00360216666 0.006004550029 -0.02573599294
v 0.003604399273 0.002799920738 -0.02643147483
v 0.003604399972 0.006003191229 -0.02643147111
v 0.003605989041 -0.003800081322 -0.02204153873
v 0.003608719213 0.002631593263 -0.01750400476
v 0.003608719446 -0.00363175082 -0.01750401221
v 0.00361909694 -0.003779371735 -0.02203254215
v 0.003624904668 -0.00350007927 -0.0172653906
v 0.003625969402 -0.007907832973 -0.02423312142
v 0.00363218924 0.005905961618 -0.01994372718
v 0.003635143861 -0.003500078805 -0.01739721
v 0.003635144094 0.002499920083 -0.01739720628
v 0.003636177629 -0.003763478016 -0.0220208317
v 0.003645853838 -0.003757692641 -0.0220141951
v 0.003659745678 -0.003850080073 -0.02585282177
v 0.003664526623 -0.008101094514 -0.02399385907
v 0.00366681884 -0.003750080708 -0.01786920801
v 0.00366681884 0.002749918494 -0.01786921732
v 0.003668255406 0.005963785108 -0.02046135627
v 0.003671046579 -0.003800078761 -0.02586002462
v 0.003674622858 0.005959819071 -0.02239288948
v 0.003677415662 -0.003750079311 -0.02199255489
v 0.003688502824 -0.008221308701 -0.02365590818
v 0.003691171994 -0.008234575391 -0.02344437502
v 0.003701923415 -0.003763478249 -0.02587968111
v 0.003713174723 0.005935560912 -0.02246683277
v 0.003740536282 0.007372439839 -0.01379313786
v 0.003740978427 0.005816024728 -0.022729747
v 0.003742099972 0.005815172568 -0.02526761405
v 0.003742319066 0.006012595724 -0.007379257586
v 0.003743057139 -0.003500077641 -0.01732537523
v 0.003744100686 -0.003750079777 -0.02590652928
v 0.003744498594 -0.007370428182 -0.01379314065
v 0.003745084628 0.005031911656 -0.01748488285
v 0.00374555029 -0.006010583602 -0.007379246876
v 0.003747021779 -0.003719567787 -0.01771706529
v 0.003750992939 0.005319986492 -0.01749503054
v 0.003765640315 0.005799973384 -0.02521053702
v 0.003767882008 0.005798652768 -0.0227950532
v 0.003780041588 0.002499921946 -0.0171822235
v 0.003780042287 0.00314941234 -0.01718221605
v 0.003783397377 0.002682931023 -0.01764805987
v 0.003796376986 0.005315926392 -0.01757979766
v 0.003798239864 0.005314894021 -0.005954185966
v 0.003801095998 -0.00531285163 -0.005954187829
v 0.003803274129 0.005775445141 -0.02511218935
v 0.003803278087 0.005775579251 -0.02288781852
v 0.003803493921 0.004899921827 -0.02288841829
v 0.00380350952 0.004899918102 -0.02511154488
v 0.003817436052 -0.003631751984 -0.0175834801
v 0.003831841284 0.005858808756 -0.02272569202
v 0.003851032583 0.005846106447 -0.02522691153
v 0.003858846612 0.001157838386 -0.00248891837
v 0.003859467339 -0.001155763865 -0.00248892745
v 0.003862212412 0.006788389292 -0.01048506796
v 0.003863259219 -0.003500079736 -0.017387297
v 0.00386586017 -0.006786312442 -0.01048506517
v 0.003868739353 0.002499920316 -0.01748615317
v 0.003868739819 -0.003500082064 -0.0174861569
v 0.003879422089 -0.003850081703 -0.02254876494
v 0.003887051251 -0.006622182205 -0.0260528028
v 0.003888333216 0.007995974272 -0.02011904679
v 0.003891575616 -0.003800079692 -0.02254313231
v 0.003892631037 -0.007993885316 -0.02011903748
v 0.003907265607 0.00570739666 -0.0232312195
v 0.003907715436 0.002499920549 -0.01750602387
v 0.003907717299 -0.003500079969 -0.01750601269
v 0.003909240011 0.005705987103 -0.02476061881
v 0.003912535496 -0.003750080476 -0.02591969073
v 0.003921944648 0.002545279218 -0.01754565351
v 0.003924784251 -0.003763478948 -0.02252772264
v 0.003927042708 -0.005650081672 -0.02534377389
v 0.003927042708 -0.003850081237 -0.02534377575
v 0.003935466055 0.003834255971 -0.01758415252
v 0.003939382266 -0.003800080856 -0.02534899302
v 0.003946928307 0.002608771902 -0.01761745289
v 0.003954422195 -0.006576305255 -0.02594607137
v 0.003955279011 -0.003800080623 -0.02594562992
v 0.003970144317 -0.003750079777 -0.02250670083
v 0.003973093815 -0.003763477085 -0.02536324598
v 0.00397501979 1.068915708e-06 -0.002426057821
v 0.003976274747 0.005661086179 -0.02438784949
v 0.00398158608 0.00575732952 -0.02318432927
v 0.003984572832 0.005655391607 -0.02368886024
v 0.003987147007 -0.003683334915 -0.01773980632
v 0.003987147938 0.002683176193 -0.01773981564
v 0.003990573343 0.005751081277 -0.02588625066
v 0.003991175443 0.005750657525 -0.02477615513
v 0.003998432308 0.000580595457 -0.00250097923
v 0.003998742905 -0.0005784487003 -0.0025009776
v 0.003999501001 0.004899919499 -0.02399997786
v 0.003999501467 0.005644835997 -0.02399997413
v 0.004019145854 -0.003750081873 -0.0253827218
v 0.004027986899 -0.003731324803 -0.0178745836
v 0.004036470316 0.00274992059 -0.02145130187
v 0.004052913748 -0.003750079311 -0.02064421214
v 0.004054393619 -0.003747234587 -0.01796883717
v 0.004064268898 0.005698998924 -0.02366539277
v 0.004067240749 0.005696875509 -0.02430359088
v 0.004070238676 0.002749918727 -0.01802869514
v 0.004070239607 -0.00375008001 -0.01802868582
v 0.004071752541 -0.003750079311 -0.02188055217
v 0.004076344892 0.00500505697 -0.01816424169
v 0.004076973535 -0.00385008147 -0.02308871597
v 0.004076974001 -0.005650082137 -0.02308871411
v 0.004079984967 -0.006293150596 -0.02118674852
v 0.004081049003 0.005686957389 -0.02399998344
v 0.00408641668 0.005683079828 -0.02144897915
v 0.004086417146 0.002799918642 -0.02144898102
v 0.004086484667 0.005305213854 -0.01818819903
v 0.004088594113 -0.004705021624 -0.01810167357
v 0.004089894705 -0.003800079692 -0.02308518253
v 0.004099832382 0.003998288885 -0.004602384754
v 0.004100938328 -0.006113381125 -0.02066942491
v 0.004101981409 -0.003996083979 -0.004602379166
v 0.00410272507 -0.003800081555 -0.02064856328
v 0.004106084816 -0.003850078676 -0.02479740418
v 0.004108144902 0.002557016676 -0.003414652776
v 0.004109519534 -0.002554809907 -0.003414642299
v 0.004119120538 -0.003800082253 -0.02480049431
v 0.004121406935 -0.003800081089 -0.02187468484
v 0.004121751525 -0.006266185548 -0.02187758498
v 0.004122037906 0.005657226313 -0.02046135627
v 0.004123889375 0.005005822517 -0.01827847958
v 0.004125196952 -0.003763477551 -0.0230755154
v 0.00412867032 0.005001910497 -0.01827849075
v 0.004128988832 -0.006225427147 -0.008836441673
v 0.004130801652 -0.005304870196 -0.01828873158
v 0.004130882677 -0.005019755568 -0.01828912459
v 0.00415105233 0.002749919426 -0.01839152165
v 0.004152520094 0.002749920823 -0.01995909959
v 0.00415473152 -0.003763478482 -0.02480896004
v 0.004155519418 -0.006432822905 -0.0255698394
v 0.004156026524 0.005613825284 -0.02021832392
v 0.004163775127 0.005159502383 -0.0183795318
v 0.004167363513 0.005623878911 -0.02219107188
v 0.004168533254 -0.005307964049 -0.01838458329
v 0.004168661777 -0.005165625364 -0.01838502102
v 0.004173421767 -0.003750080476 -0.02306230366
v 0.004174287431 0.002604387468 -0.01718221977
v 0.004175687209 -0.00260214298 -0.01718221605
v 0.004179772455 -0.003750078613 -0.01855994947
v 0.004179970361 -0.005359170493 -0.01856122911
v 0.004182105884 -0.003850079607 -0.02365399525
v 0.004191900603 -0.003850080306 -0.02422888018
v 0.004191901069 -0.00565008074 -0.02422887832
v 0.004195435904 -0.003800080623 -0.023652656
v 0.004196195863 0.002749920124 -0.02534546517
v 0.004197974224 0.002799922368 -0.01998653449
v 0.004197976086 0.005419021938 -0.01998652518
v 0.004197976552 -0.005822923966 -0.01998652704
v 0.004197977018 -0.003800081788 -0.01998653263
v 0.004197977949 0.005529415328 -0.01998650469
v 0.004200969823 0.005520352628 -0.01996491104
v 0.004201845266 0.005314618815 -0.01848103106
v 0.004203378223 -0.003750081873 -0.02482050471
v 0.004203792661 0.005511226133 -0.019943716
v 0.004204701632 -0.005312358495 -0.01848102175
v 0.004205267876 -0.003800078295 -0.02422976866
v 0.004218645394 0.008117913269 -0.02344116569
v 0.004221179057 0.005141779315 -0.01890112087
v 0.004222553223 -0.005446927156 -0.01891717874
v 0.004231854808 -0.003763479413 -0.02364897542
v 0.004234267399 -0.003750080708 -0.01961174235
v 0.004234267864 0.002749918494 -0.01961172
v 0.004236977082 -0.005651042331 -0.01955580153
v 0.004238279536 0.005342345219 -0.0195247028
v 0.004239059519 -0.006187275983 -0.02254321985
v 0.004239962436 0.002749919426 -0.01946476474
v 0.004241790157 -0.003763477085 -0.02423219755
v 0.004242772236 0.002799920505 -0.02536366135
v 0.004242772702 0.005567227956 -0.0253636539
v 0.004257964436 0.005568468943 -0.007300457917
v 0.00425856607 0.007573620882 -0.01679452322
v 0.004260956775 -0.005566179752 -0.007300457917
v 0.004262635019 -0.007571329363 -0.01679453626
v 0.004281602334 -0.003750081174 -0.02364395931
v 0.004290291108 0.00274991733 -0.02292630821
v 0.00429029204 -0.003750079777 -0.0229263138
v 0.004291681107 -0.003750080941 -0.02423550561
v 0.004338138271 0.002799921436 -0.02291181125
v 0.004338139202 -0.006118048448 -0.02291180752
v 0.004338139202 0.005493388511 -0.0229118038
v 0.004338139668 -0.003800079226 -0.02291180938
v 0.004353212193 0.006107333582 -0.02448867448
v 0.004353212193 0.006107334979 -0.02118674852
v 0.004354682751 -0.00628050277 -0.02503449842
v 0.004363898654 -0.003750080476 -0.02479128353
v 0.004412743729 -0.003800081555 -0.02480196767
v 0.004412795417 -0.006234024651 -0.02480328642
v 0.004419709556 0.005428272299 -0.02476946078
v 0.004425298888 -0.003750079544 -0.0235774871
v 0.004431924317 0.005257553887 -0.01885989867
v 0.004435318988 -0.005256380886 -0.01886397414
v 0.004441490397 0.005208609626 -0.01874334179
v 0.004443398211 -0.005208093673 -0.01874607801
v 0.004446704872 0.002749920124 -0.02414380573
v 0.004458302166 -0.006031451747 -0.02344564721
v 0.004464638419 0.007048922591 -0.01360112242
v 0.004467524122 -0.006189379375 -0.02448867261
v 0.004467524588 -0.006024220958 -0.02448866889
v 0.004468271974 0.005388597026 -0.02351705171
v 0.00446842704 -0.007046523504 -0.01360112336
v 0.004474970978 -0.003800079459 -0.0235717874
v 0.004480555188 0.005271855276 -0.01901745796
v 0.004488095175 0.006398906931 -0.0103517957
v 0.004491370171 -0.005072301254 -0.01848103479
v 0.004491534084 -0.006396492012 -0.01035180036
v 0.0044927462 0.007009651978 -0.02448867075
v 0.00449331617 -0.005268306937 -0.01903794147
v 0.0044965134 -0.007007238921 -0.02448867075
v 0.004496667068 0.00536509091 -0.02414575778
v 0.004496667534 0.002799918409 -0.02414575405
v 0.004499452654 -0.006000536028 -0.02398091182
v 0.004514413886 0.005104816519 -0.01862912811
v 0.004531232174 -0.00508541381 -0.01861640625
v 0.004573745187 0.001305853366 -0.00335194706
v 0.004574446473 -0.001303393859 -0.003351948457
v 0.004582515452 0.005244856235 -0.01918923296
v 0.0045853341 -0.005242393818 -0.01918923482
v 0.004592766054 0.007349016145 -0.024421826
v 0.004596696701 -0.007346485276 -0.02442185208
v 0.004646933172 0.001616639318 -0.01718222164
v 0.004647801165 -0.001614142791 -0.01718221791
v 0.004670101684 0.006946568843 -0.02448868193
v 0.004673835356 -0.006944054738 -0.02448867075
v 0.004681683611 0.007650707383 -0.0242309235
v 0.004685766064 -0.007648090832 -0.02423100732
v 0.004688303452 0.005771637894 -0.008733976632
v 0.004690101836 0.004254699219 -0.005811348092
v 0.004691403825 -0.005769120064 -0.008733984083
v 0.004692387767 -0.004252175335 -0.005811346229
v 0.00469759386 0.007704689167 -0.02417691424
v 0.004699378274 -0.00489701191 -0.01852620766
v 0.004701735452 -0.007702165749 -0.02417691052
v 0.004706333857 0.00488951942 -0.01852354594
v 0.004710050765 0.0006567630335 -0.003338464536
v 0.004710404202 -0.0006542300689 -0.003338459413
v 0.004737259354 0.007734996732 -0.01990026236
v 0.004737274256 0.007839318365 -0.02399036288
v 0.004741416313 -0.007732448634 -0.01990026049
v 0.004741546232 -0.007836976089 -0.0239899978
v 0.004757709801 0.007908656262 -0.02383594587
v 0.004761605989 -0.005049285945 -0.007216596976
v 0.004761959426 -0.007906099781 -0.02383595333
v 0.004771602806 0.007955797017 -0.02365045995
v 0.004775081761 0.007967598736 -0.02343743108
v 0.004775901325 -0.007953310385 -0.02364995517
v 0.004779363051 -0.00796503108 -0.02343743481
v 0.004802268464 0.002780609531 -0.004472858738
v 0.004803762771 -0.002778028836 -0.004472855479
v 0.004840044305 0.006865455303 -0.02448867634
v 0.004843733739 -0.006862853188 -0.02448867448
v 0.004889407661 0.0005488162278 -0.01718221977
v 0.004889701027 -0.0005461869878 -0.0171822235
v 0.004971882794 0.007897091098 -0.02324788272
v 0.004971994553 -0.005615093745 -0.02448868379
v 0.004971995018 -0.005615092348 -0.02118675597
v 0.0049761259 -0.007894417271 -0.02324789017
v 0.005002661608 0.004568813834 -0.0184810292
v 0.005005117506 -0.004566121846 -0.01848102733
v 0.005006535444 0.007174653467 -0.02442353405
v 0.005010390189 -0.007171961013 -0.02442354336
v 0.005021065474 0.007788070012 -0.02389858477
v 0.005025250837 -0.007785370108 -0.02389858104
v 0.005042946897 0.007244352717 -0.0165890567
v 0.005046840291 -0.007241639774 -0.01658904739
v 0.00505473325 0.00786881987 -0.02352781035
v 0.005058961455 -0.007866101339 -0.02352781035
v 0.005069893785 0.006718343124 -0.02448866889
v 0.00507350266 -0.00671561528 -0.02448868379
v 0.00508697005 0.002115579555 -0.004417123273
v 0.005088106263 -0.002112843329 -0.004417122807
v 0.005093015265 0.00593371084 -0.01022453234
v 0.005096203182 -0.005930972286 -0.0102245342
v 0.005151973106 0.005037764553 -0.02008834854
v 0.00515208859 0.007444965187 -0.02424099296
v 0.005154679529 -0.005034993868 -0.02008835785
v 0.005156088155 -0.007442198228 -0.02424099855
v 0.005166572519 0.006650134455 -0.01342186518
v 0.005170146003 -0.006647357251 -0.01342185959
v 0.005218486302 1.403383635e-06 -0.003933195025
v 0.005240424536 0.004463950172 -0.007126942277
v 0.005242823623 -0.004461134318 -0.007126939949
v 0.00524475053 0.006950054318 -0.0244456213
v 0.005248486064 -0.006947233807 -0.02444561385
v 0.005257553421 0.007640831172 -0.02396188304
v 0.005261659157 -0.007638006471 -0.02396188304
v 0.005308909807 0.001425007125 -0.004373358563
v 0.005309674889 -0.001422154717 -0.004373367876
v 0.005309931003 0.007738105487 -0.02362166718
v 0.005314087961 -0.007735250052 -0.02362167463
v 0.005417416804 0.006441392004 -0.02448867075
v 0.005420877598 -0.006438481621 -0.02448867261
v 0.005436589941 0.007204269059 -0.02428203262
v 0.005440460518 -0.007201344706 -0.02428203262
v 0.005453191698 0.0007174751372 -0.004344983492
v 0.005453577265 -0.0007145449636 -0.004344979301
v 0.005469942 0.002964178333 -0.005656418856
v 0.005471534096 -0.002961239778 -0.005656423979
v 0.00556387566 0.007401204202 -0.01970022358
v 0.005567853805 -0.007398211397 -0.01970022917
v 0.005581423175 0.007396193221 -0.02401675098
v 0.005585398059 -0.007393194363 -0.02401673794
v 0.00560425967 0.006663551554 -0.02444561943
v 0.005607840605 -0.006660540123 -0.02444561012
v 0.005651733372 0.007489365526 -0.02374749444
v 0.00565353781 0.004928236827 -0.02118675224
v 0.005653538276 0.004928235896 -0.02448868006
v 0.005655758083 -0.007486325689 -0.02374749444
v 0.005674256012 0.005389166996 -0.01010175981
v 0.005677151028 -0.005386119708 -0.01010176446
v 0.005688817706 0.003814275609 -0.007036448456
v 0.005690867547 -0.003811220173 -0.007036441006
v 0.005744036753 0.004822452087 -0.0242759306
v 0.005744037218 0.004822451156 -0.02118675411
v 0.005746629089 -0.004819363821 -0.02427592501
v 0.005746629555 -0.004819364753 -0.02118674666
v 0.005750427488 0.004814829677 -0.0244886782
v 0.005750929005 0.004632052965 -0.008526473306
v 0.005753014702 -0.004811736755 -0.02448867448
v 0.005782845896 0.002256814856 -0.005588697735
v 0.005784058943 -0.002253704006 -0.005588686559
v 0.005800111685 0.006837911904 -0.01639938541
v 0.005803787149 -0.006834794767 -0.01639937982
v 0.005809247959 0.006907289848 -0.02428203635
v 0.005812960677 -0.006904165726 -0.02428203262
v 0.005840595812 0.006171756424 -0.01325585507
v 0.005843913648 -0.00616861647 -0.01325584296
v 0.005856920965 0.004781400319 -0.01966263168
v 0.005859415978 -0.004778277129 -0.01966259815
v 0.005893011112 0.007502735592 -0.02243266813
v 0.005897162948 -0.007499260362 -0.02243256383
v 0.005938290618 0.004712825641 -0.01941473223
v 0.005940748379 -0.004709661007 -0.01941468753
v 0.005964009557 0.00709130289 -0.02401675098
v 0.005967820063 -0.00708809495 -0.02401674911
v 0.005980663467 -0.004671913572 -0.0244886335
v 0.005985836964 0.004170100205 -0.01884347945
v 0.005988000892 -0.004166913684 -0.01884343848
v 0.005989050958 0.00458132429 -0.01918482594
v 0.005991434678 -0.004578132182 -0.01918479428
v 0.006003217306 0.004655155819 -0.02448863164
v 0.006005155388 0.004395758267 -0.01898985915
v 0.006007439923 -0.004392563365 -0.01898982935
v 0.006025010254 0.001520947437 -0.005534523167
v 0.006025827024 -0.001517705852 -0.005534520838
v 0.006039138883 0.007180632558 -0.02374750003
v 0.006042996887 -0.007177382708 -0.02374750003
v 0.006089332979 0.003113228595 -0.006950649898
v 0.0060910061 -0.003109954298 -0.006950642914
v 0.006171920802 0.007348977961 -0.02276481874
v 0.006175950635 -0.007345408201 -0.02276472747
v 0.006181412376 0.0007660697447 -0.005498586223
v 0.006181823555 -0.0007627476007 -0.005498580169
v 0.00620869454 0.004436800256 -0.02448867634
v 0.006211078726 -0.004433461931 -0.02448868379
v 0.006225193851 0.004766502883 -0.009983677417
v 0.006227754988 -0.004763154779 -0.009983678348
v 0.006292475387 0.005589695647 -0.02448867448
v 0.006295478437 -0.005586313549 -0.02448867261
v 0.00633643195 1.704448778e-06 -0.005658465903
v 0.006358257029 0.006988948211 -0.01951815002
v 0.006362012122 -0.00698553212 -0.01951815747
v 0.006394448224 0.007106760051 -0.02308665961
v 0.006398313679 -0.007103119511 -0.02308656275
v 0.006427212618 0.002371198498 -0.006875105668
v 0.006428486202 -0.002367743291 -0.006875099149
v 0.006441388279 0.003984411247 -0.01903908886
v 0.006443535443 -0.00398094859 -0.01903909072
v 0.006480946206 0.005609508604 -0.01310357638
v 0.006483960431 -0.005606025457 -0.01310357917
v 0.006509498693 0.005782482214 -0.02444561012
v 0.006512605585 -0.005778982304 -0.02444561943
v 0.006521530915 0.00453970395 -0.02241745405
v 0.00652182987 0.006349327974 -0.01622586139
v 0.006523969583 -0.004536194727 -0.02241745591
v 0.00652524177 -0.006345824338 -0.01622586139
v 0.006657942664 0.00323308981 -0.008332309313
v 0.006687439978 0.001598479808 -0.006814988796
v 0.006688298192 -0.001594887464 -0.006814989261
v 0.006720837671 0.003614335554 -0.02448868193
v 0.006722779013 -0.00361071853 -0.02448868193
v 0.006731898058 0.004076024517 -0.009873642586
v 0.006734088529 -0.004072404001 -0.009873641655
v 0.006747599225 0.005993988831 -0.02428203076
v 0.006750819739 -0.005990363192 -0.02428203262
v 0.006809588987 0.004363270011 -0.02255599573
v 0.006811932661 -0.004359608516 -0.02255600132
v 0.006824863609 0.006962089334 -0.02164123021
v 0.006828867365 -0.006957703736 -0.02164102346
v 0.006854811218 0.0008052959456 -0.006775302812
v 0.006855243817 -0.0008016101201 -0.006775304675
v 0.006914125755 1.859612894e-06 -0.006760962307
v 0.006927357055 0.006153673399 -0.02401674911
v 0.006929589901 0.006769418251 -0.02261014655
v 0.006930664182 -0.006149946712 -0.0240167398
v 0.006933227647 -0.006765692495 -0.02261014655
v 0.007014622446 0.006231193431 -0.02374750189
v 0.007014646195 0.004086152185 -0.02267626673
v 0.007016138639 0.002463207347 -0.00825196784
v 0.007016841322 -0.004082378466 -0.02267627604
v 0.007017462049 -0.002459435258 -0.008251970634
v 0.007017971482 -0.006227421574 -0.02374749631
v 0.007035083137 0.004620341584 -0.0244886782
v 0.007037565112 -0.004616560414 -0.02448867634
v 0.007069469895 0.006791473366 -0.02199107222
v 0.007073309273 -0.006787079386 -0.02199087851
v 0.007079336792 0.004964415915 -0.01296594273
v 0.007082003634 -0.0049606096 -0.01296594366
v 0.007110474166 0.006492594257 -0.01935329847
v 0.0071139629 -0.006488772575 -0.01935329475
v 0.007179635577 0.003329046071 -0.009775367565
v 0.007181424182 -0.00332518504 -0.009775359184
v 0.007199859247 0.005773692392 -0.01606881432
v 0.007202961948 -0.005769820418 -0.0160688106
v 0.007248008624 0.00653949054 -0.02233158611
v 0.007251628209 -0.006535130553 -0.02233140357
v 0.00727771828 0.004779695068 -0.02444561943
v 0.007280285936 -0.004775781184 -0.02444561943
v 0.007290779147 0.001660860959 -0.00818899367
v 0.007291670889 -0.001656944165 -0.008188998327
v 0.007294343319 0.004258658271 -0.02035235986
v 0.007296631578 -0.004254735541 -0.02035236172
v 0.007298845798 0.002227087505 -0.02448868006
v 0.007300042547 -0.00222316361 -0.02448867261
v 0.00738719292 1.98663588e-06 -0.007797457743
v 0.007397531066 0.004177152179 -0.02009800635
v 0.007399775553 -0.004173173103 -0.02009800822
v 0.007437699009 0.004105629399 -0.01997127384
v 0.007441524882 0.005714576226 -0.02374748886
v 0.007444595452 -0.005710573867 -0.02374749631
v 0.007464457769 0.004025813658 -0.01986444741
v 0.0074666203 -0.004021802451 -0.019864453
v 0.007466741838 0.0008368659182 -0.008147906512
v 0.007467190735 -0.0008328505792 -0.008147901855
v 0.007470199838 0.003565966152 -0.01953322068
v 0.007472116034 -0.003561949357 -0.01953321509
v 0.007489172276 0.003816182958 -0.01967113465
v 0.007491221651 -0.003812157316 -0.0196711421
v 0.007534566801 0.004102115054 -0.02013368718
v 0.007536771242 -0.004098065663 -0.0201336816
v 0.007543918677 0.004954521544 -0.02428203076
v 0.007546579931 -0.004950466566 -0.0242820289
v 0.007553669158 0.00253687962 -0.009692582302
v 0.007555031683 -0.00253282045 -0.009692578577
v 0.007574279793 0.004102124833 -0.0203531906
v 0.007576484233 -0.004098052159 -0.02035318501
v 0.007584749721 0.003860068507 -0.01979786903
v 0.007586823776 -0.003855992341 -0.01979787275
v 0.007593771443 0.0007534651086 -0.02448867634
v 0.007594176102 -0.0007493837038 -0.02448867075
v 0.007612079848 0.004055789672 -0.020493038
v 0.007614259608 -0.004051695578 -0.02049302496
v 0.007622773293 0.004247373901 -0.01284464542
v 0.007625054568 -0.004243274685 -0.01284464356
v 0.007629609667 0.003553731833 -0.02448867448
v 0.007631518412 -0.00354963378 -0.02448867448
v 0.007720666938 0.003685526783 -0.01982739195
v 0.007722645998 -0.003681376576 -0.01982739381
v 0.007739732042 0.003860110417 -0.02005664445
v 0.007741806097 -0.003855950432 -0.02005665004
v 0.007744891103 0.005086514167 -0.02401674911
v 0.007747624535 -0.00508235069 -0.0240167398
v 0.007762747351 0.006222759839 -0.02091394365
v 0.007766459603 -0.006217557006 -0.02091367356
v 0.007793435361 0.003860125784 -0.02035347745
v 0.007795510348 -0.003855936695 -0.02035346813
v 0.007810602896 0.005906553008 -0.01920489967
v 0.007813776843 -0.005902351812 -0.01920489408
v 0.007818078622 0.002719861921 -0.0195332095
v 0.007819539867 -0.002715660259 -0.01953321323
v 0.007824275643 0.003734986763 -0.02061119117
v 0.007824878208 0.005111742765 -0.01592884585
v 0.007826282643 -0.003730780212 -0.02061117999
v 0.007827623747 -0.005107534584 -0.01592884958
v 0.007839224301 0.001710824319 -0.00962895155
v 0.007840143517 -0.001706608571 -0.009628954343
v 0.007842455059 0.005150589626 -0.02374749444
v 0.00784522295 -0.00514637446 -0.02374749072
v 0.007845498621 0.003745116992 -0.02020743489
v 0.007845667191 0.006033928134 -0.02182617038
v 0.007847509347 -0.003740898101 -0.02020743489
v 0.007848595269 -0.006029532291 -0.02182627097
v 0.007892749272 0.003676299471 -0.02444561385
v 0.007894724607 -0.003672058461 -0.02444561385
v 0.007915263996 0.002422517864 -0.01953321695
v 0.007916565984 -0.002418262651 -0.01953321323
v 0.007952087559 0.006053309888 -0.02128380165
v 0.00795560237 -0.006048184354 -0.02128355578
v 0.00802150555 0.0008621572051 -0.009588100016
v 0.008021966554 -0.0008578448906 -0.009588107467
v 0.008063538 0.00241232221 -0.02448868193
v 0.008064834401 -0.002407986671 -0.02448867261
v 0.008068690076 0.005815269891 -0.02164587565
v 0.008071968332 -0.005810262635 -0.02164563723
v 0.008097744547 0.00347037008 -0.01274143998
v 0.008099609055 -0.003466016147 -0.01274144184
v 0.008180654608 0.002503738739 -0.0198273845
v 0.008181445301 0.00381076755 -0.02428203635
v 0.008181998506 -0.002499343827 -0.0198273845
v 0.008183492348 -0.003806370776 -0.02428203076
v 0.008186411113 0.001225837041 -0.0195332095
v 0.008187068626 -0.001221438404 -0.01953321137
v 0.008226022124 0.0009233413148 -0.01953322068
v 0.008226516657 -0.0009189159027 -0.01953321695
v 0.008277680725 2.223161118e-06 -0.01953321509
v 0.00829043705 0.002537337365 -0.02061117999
v 0.008291798644 -0.002532884479 -0.02061118744
v 0.008306655101 2.232158522e-06 -0.01020187698
v 0.008312922902 0.00254422077 -0.02020743862
v 0.008314289153 -0.002539752983 -0.02020742744
v 0.008327737451 0.001220134087 -0.02448868379
v 0.008328393102 -0.0012156585 -0.02448867261
v 0.008341644891 0.002495521214 -0.02444561571
v 0.008342985064 -0.002491038991 -0.02444561385
v 0.008374333382 0.00423121918 -0.02374749631
v 0.00837660674 -0.004226718564 -0.02374749631
v 0.008385532536 0.004374815151 -0.0158071164
v 0.008387883194 -0.004370306153 -0.01580711454
v 0.008399402723 0.003912287764 -0.02401674353
v 0.008401503786 -0.003907773644 -0.02401675098
v 0.008416647092 2.261448572e-06 -0.0244886782
v 0.008448802866 0.005231253337 -0.01907280274
v 0.008451613598 -0.00522670988 -0.01907279529
v 0.008460891433 0.001266937703 -0.01982739195
v 0.008461570367 -0.001262389356 -0.01982739195
v 0.008490740322 0.002645388013 -0.01265809964
v 0.00849216152 -0.002640823834 -0.01265809964
v 0.008505211212 0.003961573821 -0.02374750189
v 0.008507338353 -0.003957000561 -0.02374750189
v 0.00855522044 2.301653694e-06 -0.01982739568
v 0.008574434556 0.001283940161 -0.02061118186
v 0.008575123735 -0.001279331744 -0.02061118372
v 0.008597691543 0.001287422143 -0.02020743862
v 0.008598381653 -0.001282800687 -0.02020743117
v 0.008614956401 0.001262215199 -0.02444561012
v 0.008615633473 -0.001257584081 -0.02444561943
v 0.008627665229 0.0008560490096 -0.02061118186
v 0.008628125302 -0.0008514120127 -0.02061117813
v 0.008636365645 0.005270748399 -0.02030051686
v 0.008640771732 -0.005264118779 -0.02029869333
v 0.008646760136 0.002586802468 -0.02428203262
v 0.008648148738 -0.002582152141 -0.0242820289
v 0.008670031093 2.328062919e-06 -0.02061117999
v 0.008693546057 2.336651505e-06 -0.02020743489
v 0.008706931956 2.339505954e-06 -0.02444562316
v 0.008770863526 0.005116449203 -0.02068801038
v 0.008774700575 -0.00511001749 -0.02068624459
v 0.008788249455 0.001784412423 -0.01259638276
v 0.008789206855 -0.00177968957 -0.01259637997
v 0.008827329613 0.00490727229 -0.0210689716
v 0.008830519393 -0.004901065491 -0.02106726915
v 0.008870249614 0.00357539393 -0.01570481621
v 0.008872170001 -0.003570627188 -0.01570482366
v 0.008877113461 0.002655712888 -0.02401674539
v 0.008878539316 -0.002650940791 -0.02401674725
v 0.008930068463 0.00130838505 -0.02428203076
v 0.00893077068 -0.001303581404 -0.02428203449
v 0.008976758458 0.0008994332165 -0.01255805884
v 0.008977240883 -0.0008946092566 -0.0125580607
v 0.008988940157 0.00268916809 -0.02374749817
v 0.008990384638 -0.002684338251 -0.02374749258
v 0.009015385062 0.004478386138 -0.01895798929
v 0.009017791599 -0.004473540932 -0.01895797998
v 0.009025407955 2.426058472e-06 -0.02428202517
v 0.009042759426 2.427922482e-06 -0.01254488714
v 0.009051524103 0.004577945918 -0.02090525441
v 0.009053622372 -0.004572979175 -0.0209035147
v 0.009167970158 0.001343240263 -0.02401674166
v 0.009168691002 -0.001338312752 -0.02401673794
v 0.009265849367 2.490264251e-06 -0.02401674166
v 0.009267454967 0.002725976054 -0.01562315598
v 0.009268917143 -0.002720994875 -0.01562316995
v 0.009283460677 0.001360158785 -0.02374749072
v 0.009284189902 -0.001355168992 -0.02374750003
v 0.009341340512 0.0008786512772 -0.02374750003
v 0.009341812693 -0.0008736287127 -0.02374748886
v 0.009370464832 0.004160450771 -0.01979907975
v 0.009375049733 -0.004153026268 -0.01979601011
v 0.009382572956 2.52148584e-06 -0.02374748886
v 0.009391113184 2.523425337e-06 -0.01379602682
v 0.009466246702 0.004022079986 -0.02019910142
v 0.009469898418 -0.004014858045 -0.02019610442
v 0.009478577413 0.003841168946 -0.02059332654
v 0.009481321089 -0.003834199859 -0.02059042081
v 0.009500683285 0.003660870949 -0.01886156015
v 0.009502649307 -0.003655764274 -0.01886156388
v 0.009565573186 0.00183905114 -0.01556334458
v 0.009566559456 -0.001833908842 -0.01556334365
v 0.009753031656 0.0009271071758 -0.01552657504
v 0.00975352712 -0.000921864179 -0.01552657969
v 0.00981825497 2.641034598e-06 -0.01551405527
v 0.00989502389 0.002791636158 -0.01878464781
v 0.009896524251 -0.002786317142 -0.01878464222
v 0.00991148781 0.00286116288 -0.02026216872
v 0.009912843816 -0.002854847116 -0.02026181854
v 0.009946849197 0.00291379285 -0.01939122193
v 0.009948537685 -0.002906905953 -0.01939091459
v 0.009985912591 0.002652149415 -0.02020271495
v 0.009987095371 -0.002645795466 -0.02020242438
v 0.01000973489 0.002797679044 -0.01979959384
v 0.01001121383 -0.00279103592 -0.01979929395
v 0.01018874254 0.001883595251 -0.01872832514
v 0.01018975209 -0.001878118957 -0.01872833073
v 0.01023654547 2.749738769e-06 -0.01753209904
v 0.01031736471 0.001363390242 -0.01992273517
v 0.01031898241 -0.001354857348 -0.01991854794
v 0.01033362839 0.001527899643 -0.01910101064
v 0.01033780258 -0.001518447534 -0.01909661666
v 0.01036905125 0.00145323819 -0.01951428875
v 0.01037190948 -0.001444223803 -0.01950999722
v 0.01037216466 0.0009496792336 -0.01869372278
v 0.01037267409 -0.0009441031143 -0.01869371906
v 0.01037579868 0.0009766556323 -0.01986833103
v 0.01037675515 -0.0009712312021 -0.01986530982
v 0.01040714327 0.0006886894698 -0.01983789168
v 0.01040798146 -0.0006817097892 -0.01983582042
v 0.01043868903 2.804999667e-06 -0.01980601437
v 0.0104432404 0.0007807233487 -0.01901334897
v 0.01044532564 -0.0007733277744 -0.01901117153
v 0.01046836935 0.0007385651115 -0.01942795701
v 0.01046989765 -0.0007313498645 -0.01942584477
v 0.01048298925 2.815507059e-06 -0.01898042858
v 0.01050380897 2.824182729e-06 -0.0193955265
f 2691 2689 2795
f 2795 2689 2796
f 2795 2796 2891
f 2891 2796 2892
f 2891 2892 2936
f 2936 2892 2935
f 2936 2935 2893
f 2893 2935 2894
f 2893 2894 2798
f 2798 2894 2797
f 2798 2797 2696
f 2696 2797 2697
f 2696 2697 2564
f 2564 2697 2563
f 2564 2563 2447
f 2447 2563 2446
f 2447 2446 2382
f 2382 2446 2383
f 2382 2383 2445
f 2445 2383 2444
f 2445 2444 2561
f 2561 2444 2562
f 2561 2562 2691
f 2691 2562 2689
f 3042 1544 1529
f 3042 1529 3047
f 3047 1529 1519
f 3047 1519 3050
f 3050 1519 1507
f 3050 1507 3058
f 2814 2815 2884
f 2487 2494 2657
f 2657 2494 2661
f 2657 2661 2878
f 2878 2661 2762
f 2878 2762 2802
f 2814 2884 2802
f 2802 2884 2878
f 2878 2884 3270
f 2878 3270 3266
f 3266 3270 3353
f 3266 3353 3500
f 3353 3504 3500
f 3500 3504 3689
f 3500 3689 3690
f 3690 3689 3741
f 3690 3741 3848
f 3848 3741 3845
f 3848 3845 3946
f 3995 4062 3946
f 3946 4062 3948
f 3946 3948 3848
f 4535 4532 4388
f 4388 4532 4531
f 4388 4531 4512
f 3995 4057 4062
f 4062 4057 4169
f 4062 4169 4179
f 4179 4169 4388
f 4179 4388 4397
f 4397 4388 4512
f 4397 4512 4501
f 1193 1123 943
f 943 1123 1097
f 943 1097 782
f 1333 1325 1371
f 1371 1325 1279
f 1371 1279 1193
f 1193 1279 1195
f 1193 1195 1123
f 2645 2850 2851
f 713 725 751
f 751 725 782
f 751 782 855
f 855 782 1097
f 855 1097 1098
f 2645 2851 2408
f 2408 2851 1866
f 2408 1866 1971
f 1333 1371 2851
f 2851 1371 1636
f 2851 1636 1866
f 1097 1190 1098
f 1098 1190 1189
f 1190 1712 1189
f 1189 1712 1713
f 1189 1713 1382
f 1713 1712 1905
f 1905 1712 1964
f 1905 1964 2111
f 2111 1964 2110
f 2111 2110 2287
f 2287 2110 2246
f 2287 2246 2404
f 2404 2246 2405
f 2404 2405 2546
f 2546 2405 2545
f 2546 2545 2638
f 2638 2545 2637
f 3614 3561 3730
f 3730 3561 3502
f 3730 3502 3475
f 2638 2637 3239
f 3239 2637 3729
f 3239 3729 3347
f 4154 4135 3730
f 3730 4135 4130
f 4072 3676 4071
f 4071 3676 3675
f 4071 3675 3730
f 3730 3675 3641
f 3730 3641 3614
f 3347 3729 3414
f 3414 3729 3730
f 3414 3730 3445
f 3445 3730 3475
f 3445 3475 3460
f 4073 4071 4103
f 4103 4071 3730
f 4103 3730 4113
f 4113 3730 4130
f 3538 3521 2862
f 2862 3521 1366
f 1366 3521 3537
f 1366 3537 3574
f 2553 2343 3629
f 3629 2343 2050
f 3629 2050 3574
f 3574 2050 1721
f 3574 1721 1366
f 4543 4547 3975
f 3975 4547 4508
f 3975 4508 4478
f 3759 3772 3517
f 3517 3772 3703
f 3517 3703 3221
f 3221 3703 3630
f 3221 3630 2862
f 2862 3630 3575
f 2862 3575 3538
f 2553 3629 2601
f 2601 3629 3702
f 2601 3702 2644
f 2644 3702 3771
f 2644 3771 4343
f 4543 3975 4509
f 4509 3975 4010
f 4509 4010 4473
f 4473 4010 4054
f 4473 4054 4556
f 4556 4054 4082
f 4556 4082 4575
f 4575 4082 4092
f 4575 4092 4526
f 3771 3860 4343
f 4343 3860 3915
f 4343 3915 4363
f 4363 3915 3975
f 4363 3975 4396
f 4396 3975 4478
f 4092 4083 4526
f 4526 4083 4055
f 4526 4055 4368
f 4368 4055 4011
f 4368 4011 4123
f 4123 4011 3976
f 4123 3976 3951
f 3951 3976 3916
f 3951 3916 3759
f 3759 3916 3868
f 3759 3868 3772
f 4527 4509 4473
f 4509 4527 4543
f 4556 4559 4473
f 4473 4559 4487
f 4473 4487 4527
f 4528 4527 4487
f 4531 4528 4512
f 4512 4528 4501
f 4501 4528 4486
f 4486 4528 4487
f 4486 4487 4514
f 4514 4487 4559
f 4514 4559 4561
f 2878 2869 2657
f 2657 2869 2645
f 2657 2645 2487
f 2487 2645 2408
f 2487 2408 2335
f 2335 2408 1971
f 2869 2868 2645
f 2645 2868 2866
f 2645 2866 2874
f 2907 2875 2874
f 2874 2875 2850
f 2874 2850 2645
f 2907 2916 2875
f 2875 2916 3036
f 2875 3036 3038
f 3038 3036 3152
f 3038 3152 3211
f 3211 3152 3314
f 3211 3314 3368
f 3368 3314 3441
f 3368 3441 3501
f 3501 3441 3536
f 3501 3536 3511
f 3511 3536 3646
f 3511 3646 3648
f 3648 3646 3658
f 3648 3658 3758
f 3758 3658 3754
f 3758 3754 3847
f 3847 3754 3854
f 3847 3854 3904
f 3904 3854 3892
f 3904 3892 3952
f 3952 3892 3942
f 3952 3942 4063
f 4063 3942 4002
f 4002 4017 4063
f 4063 4017 4064
f 4063 4064 4124
f 4064 4099 4124
f 4124 4099 4126
f 4124 4126 4222
f 4301 4381 4170
f 4170 4381 4222
f 4170 4222 4160
f 4160 4222 4126
f 4399 4397 4501
f 4301 4361 4381
f 4381 4361 4379
f 4381 4379 4465
f 4465 4379 4430
f 4465 4430 4550
f 4550 4430 4569
f 4569 4430 4466
f 4569 4466 4590
f 4501 4486 4399
f 4399 4486 4514
f 4399 4514 4404
f 4466 4477 4590
f 4590 4477 4485
f 4590 4485 4580
f 4580 4485 4476
f 4580 4476 4561
f 4561 4476 4461
f 4561 4461 4514
f 4514 4461 4429
f 4514 4429 4404
f 3080 2986 2878
f 2878 2986 2896
f 2878 2896 2869
f 3636 3500 3733
f 3733 3500 3690
f 3733 3690 3839
f 3839 3690 3848
f 3839 3848 3853
f 3636 3621 3500
f 3500 3621 3519
f 3500 3519 3266
f 3266 3519 3415
f 3266 3415 2878
f 2878 3415 3282
f 2878 3282 3080
f 3853 3848 3917
f 3917 3848 3948
f 3917 3948 3988
f 3988 3948 4062
f 3988 4062 4042
f 4399 4344 4397
f 4397 4344 4193
f 4397 4193 4179
f 4179 4193 4117
f 4179 4117 4062
f 4062 4117 4056
f 4062 4056 4042
f 4549 4569 4591
f 4591 4569 4590
f 4591 4590 4559
f 4559 4590 4580
f 4559 4580 4561
f 4380 4465 4549
f 4549 4465 4550
f 4549 4550 4569
f 4125 4222 4380
f 4380 4222 4381
f 4380 4381 4465
f 3953 4063 4125
f 4125 4063 4124
f 4125 4124 4222
f 3758 3847 3757
f 3757 3847 3904
f 3757 3904 3953
f 3953 3904 3952
f 3953 3952 4063
f 3758 3757 3648
f 3648 3757 3512
f 3648 3512 3511
f 3210 3368 3512
f 3512 3368 3501
f 3512 3501 3511
f 2851 2850 3210
f 3210 2850 2875
f 2875 3038 3210
f 3210 3038 3211
f 3210 3211 3368
f 2851 2862 1333
f 1333 2862 1366
f 1362 1325 1366
f 1366 1325 1333
f 1194 1190 1097
f 1194 1097 1225
f 1097 1123 1225
f 1225 1123 1195
f 1225 1195 1278
f 1278 1195 1279
f 1278 1279 1317
f 1317 1279 1325
f 1317 1325 1362
f 1366 1721 1362
f 1362 1721 1716
f 1362 1716 1317
f 1317 1716 1715
f 1317 1715 1278
f 1278 1715 1718
f 1278 1718 1225
f 1225 1718 1194
f 1194 1718 1712
f 1194 1712 1190
f 2343 2553 2496
f 2050 2343 2307
f 1721 2050 2016
f 1721 2016 1716
f 1716 2016 1987
f 1716 1987 1715
f 1715 1987 1972
f 1715 1972 1718
f 1718 1972 1964
f 1718 1964 1712
f 2257 2246 2110
f 2050 2307 2016
f 2016 2307 2277
f 2016 2277 1987
f 1987 2277 2257
f 1987 2257 1972
f 1972 2257 2110
f 1972 2110 1964
f 2343 2496 2307
f 2307 2496 2462
f 2307 2462 2277
f 2277 2462 2433
f 2277 2433 2257
f 2257 2433 2405
f 2257 2405 2246
f 2601 2644 2642
f 2553 2601 2581
f 2553 2581 2496
f 2496 2581 2565
f 2496 2565 2462
f 2462 2565 2548
f 2462 2548 2433
f 2433 2548 2545
f 2433 2545 2405
f 2601 2642 2581
f 2581 2642 2640
f 2581 2640 2565
f 2565 2640 2639
f 2565 2639 2548
f 2548 2639 2637
f 2548 2637 2545
f 2639 2640 3745
f 2642 2644 4343
f 3729 2637 3732
f 3732 2637 2639
f 3732 2639 3735
f 3735 2639 3745
f 4336 3745 4339
f 4339 3745 2640
f 4339 2640 4337
f 4337 2640 2642
f 4337 2642 4341
f 4341 2642 4343
f 4420 4436 4390
f 4343 4370 4341
f 4341 4370 4383
f 4341 4383 4337
f 4337 4383 4339
f 4363 4396 4420
f 4336 4339 4390
f 4390 4339 4383
f 4390 4383 4420
f 4420 4383 4370
f 4420 4370 4363
f 4363 4370 4343
f 2862 2851 3210
f 2862 3210 3221
f 3221 3210 3512
f 3221 3512 3517
f 3517 3512 3757
f 3517 3757 3759
f 3759 3757 3953
f 3759 3953 3951
f 3951 3953 4125
f 3951 4125 4123
f 4123 4125 4380
f 4123 4380 4368
f 4368 4380 4549
f 4368 4549 4526
f 4526 4549 4591
f 4526 4591 4575
f 4575 4591 4559
f 4575 4559 4556
f 3788 3771 3713
f 3713 3771 3702
f 3713 3702 3659
f 3659 3702 3629
f 3659 3629 3599
f 3599 3629 3574
f 3599 3574 3569
f 3569 3574 3537
f 3569 3537 3556
f 3556 3537 3521
f 3556 3521 3570
f 3570 3521 3538
f 3570 3538 3604
f 3604 3538 3575
f 3604 3575 3660
f 3660 3575 3630
f 3660 3630 3716
f 3716 3630 3703
f 3716 3703 3789
f 3789 3703 3772
f 3789 3772 3870
f 3870 3772 3868
f 3870 3868 3913
f 3913 3868 3916
f 3913 3916 3962
f 3962 3916 3976
f 3962 3976 3994
f 3994 3976 4011
f 3994 4011 4030
f 4030 4011 4055
f 4030 4055 4061
f 4061 4055 4083
f 4061 4083 4076
f 4076 4083 4092
f 4076 4092 4060
f 4060 4092 4082
f 4060 4082 4027
f 4027 4082 4054
f 4027 4054 3993
f 3993 4054 4010
f 3993 4010 3960
f 3960 4010 3975
f 3960 3975 3912
f 3912 3975 3915
f 3912 3915 3862
f 3862 3915 3860
f 3862 3860 3788
f 3788 3860 3771
f 4344 4399 4365
f 4365 4399 4404
f 4365 4404 4406
f 4406 4404 4429
f 4406 4429 4417
f 4365 4308 4344
f 4344 4308 4262
f 4344 4262 4193
f 4262 4180 4193
f 4193 4180 4108
f 4193 4108 4117
f 4117 4108 4089
f 4117 4089 4056
f 4056 4089 4022
f 4056 4022 4042
f 4042 4022 3988
f 3988 4022 3974
f 3988 3974 3917
f 3753 3733 3813
f 3813 3733 3839
f 3813 3839 3899
f 3899 3839 3853
f 3899 3853 3902
f 3902 3853 3917
f 3902 3917 3929
f 3929 3917 3974
f 3753 3709 3733
f 3733 3709 3705
f 3733 3705 3636
f 3636 3705 3597
f 3636 3597 3621
f 3621 3597 3519
f 3519 3597 3530
f 3519 3530 3415
f 3530 3495 3415
f 3415 3495 3391
f 3415 3391 3282
f 3282 3391 3267
f 3282 3267 3080
f 3080 3267 3089
f 3080 3089 2986
f 3089 3052 2986
f 2986 3052 3025
f 2986 3025 2896
f 2896 3025 2924
f 2896 2924 2869
f 2869 2924 2904
f 2869 2904 2868
f 2868 2904 2866
f 2866 2904 2903
f 2866 2903 2874
f 2874 2903 2917
f 2874 2917 2907
f 2907 2917 2916
f 2916 2917 2978
f 2916 2978 3036
f 2978 3024 3036
f 3036 3024 3075
f 3036 3075 3152
f 3285 3314 3232
f 3232 3314 3152
f 3232 3152 3214
f 3214 3152 3075
f 3285 3366 3314
f 3314 3366 3473
f 3314 3473 3441
f 3441 3473 3536
f 3473 3529 3536
f 3536 3529 3582
f 3536 3582 3646
f 3646 3582 3592
f 3646 3592 3658
f 3658 3592 3695
f 3658 3695 3754
f 3695 3752 3754
f 3754 3752 3794
f 3754 3794 3854
f 3854 3794 3804
f 3854 3804 3892
f 3892 3804 3895
f 3892 3895 3942
f 3895 3928 3942
f 3942 3928 3947
f 3942 3947 4002
f 4002 3947 4006
f 4002 4006 4017
f 4139 4126 4090
f 4090 4126 4099
f 4090 4099 4006
f 4006 4099 4064
f 4006 4064 4017
f 4301 4170 4139
f 4139 4170 4160
f 4139 4160 4126
f 4407 4430 4360
f 4360 4430 4379
f 4360 4379 4353
f 4353 4379 4361
f 4353 4361 4261
f 4261 4361 4301
f 4261 4301 4216
f 4216 4301 4139
f 4407 4416 4430
f 4430 4416 4424
f 4430 4424 4466
f 4466 4424 4446
f 4466 4446 4477
f 4477 4446 4460
f 4477 4460 4485
f 4485 4460 4470
f 4485 4470 4476
f 4476 4470 4462
f 4476 4462 4461
f 4461 4462 4443
f 4461 4443 4429
f 4429 4443 4425
f 4429 4425 4417
f 3958 3960 3912
f 3958 3912 3863
f 4028 4077 4076
f 4076 4060 4028
f 4028 4060 4027
f 4028 4027 3958
f 3958 4027 3993
f 3958 3993 3960
f 4031 3963 3962
f 3962 3994 4031
f 4031 3994 4030
f 4031 4030 4077
f 4077 4030 4061
f 4077 4061 4076
f 3867 3715 3716
f 3716 3789 3867
f 3867 3789 3870
f 3867 3870 3963
f 3963 3870 3913
f 3963 3913 3962
f 3558 3570 3605
f 3605 3570 3604
f 3605 3604 3715
f 3715 3604 3660
f 3715 3660 3716
f 3602 3569 3558
f 3558 3569 3556
f 3558 3556 3570
f 3714 3659 3602
f 3602 3659 3599
f 3602 3599 3569
f 3912 3862 3863
f 3863 3862 3788
f 3863 3788 3714
f 3714 3788 3713
f 3714 3713 3659
f 3582 3529 3532
f 4417 4425 4426
f 4426 4425 4443
f 4426 4443 4469
f 4469 4443 4462
f 4308 4365 4263
f 4263 4365 4426
f 4426 4365 4406
f 4426 4406 4417
f 4089 4108 4087
f 4087 4108 4180
f 4087 4180 4263
f 4263 4180 4262
f 4263 4262 4308
f 4089 4087 4022
f 4022 4087 3926
f 4022 3926 3974
f 3709 3753 3747
f 3747 3753 3813
f 3813 3899 3747
f 3747 3899 3902
f 3747 3902 3926
f 3926 3902 3929
f 3926 3929 3974
f 3531 3597 3747
f 3747 3597 3705
f 3747 3705 3709
f 3286 3267 3531
f 3531 3267 3391
f 3391 3495 3531
f 3531 3495 3530
f 3531 3530 3597
f 2924 3025 3022
f 3022 3025 3052
f 3022 3052 3286
f 3286 3052 3089
f 3286 3089 3267
f 2924 3022 2904
f 2904 3022 2902
f 2904 2902 2903
f 2903 2902 2917
f 2917 2902 3023
f 2917 3023 2978
f 3232 3214 3287
f 3287 3214 3075
f 3287 3075 3023
f 3023 3075 3024
f 3023 3024 2978
f 3529 3473 3532
f 3532 3473 3366
f 3532 3366 3287
f 3287 3366 3285
f 3287 3285 3232
f 3748 3695 3532
f 3532 3695 3592
f 3532 3592 3582
f 3804 3794 3748
f 3748 3794 3752
f 3748 3752 3695
f 3804 3748 3895
f 3895 3748 3927
f 3895 3927 3928
f 4139 4090 4088
f 4088 4090 4006
f 4088 4006 3927
f 3927 4006 3947
f 3927 3947 3928
f 4424 4416 4427
f 4427 4416 4407
f 4427 4407 4264
f 4264 4407 4360
f 4360 4353 4264
f 4264 4353 4261
f 4264 4261 4088
f 4088 4261 4216
f 4088 4216 4139
f 4462 4470 4469
f 4469 4470 4460
f 4469 4460 4427
f 4427 4460 4446
f 4427 4446 4424
f 3945 3963 4009
f 4009 3963 4031
f 4009 4031 4041
f 4041 4031 4077
f 4041 4077 4008
f 4008 4077 4028
f 4008 4028 3944
f 3944 4028 3958
f 3944 3958 3864
f 3864 3958 3863
f 3864 3863 3727
f 3727 3863 3714
f 3727 3714 3632
f 3632 3714 3602
f 3632 3602 3593
f 3593 3602 3558
f 3593 3558 3633
f 3633 3558 3605
f 3633 3605 3728
f 3728 3605 3715
f 3728 3715 3866
f 3866 3715 3867
f 3866 3867 3945
f 3945 3867 3963
f 4041 4427 4009
f 4009 4427 4264
f 4009 4264 3945
f 3944 4263 4008
f 4008 4263 4426
f 4008 4426 4041
f 4041 4426 4469
f 4041 4469 4427
f 3727 3747 3864
f 3864 3747 3926
f 3864 3926 3944
f 3944 3926 4087
f 3944 4087 4263
f 4264 4088 3945
f 3945 4088 3927
f 3945 3927 3866
f 3866 3927 3748
f 3866 3748 3728
f 3593 3022 3632
f 3632 3022 3286
f 3632 3286 3727
f 3727 3286 3531
f 3727 3531 3747
f 3748 3532 3728
f 3728 3532 3287
f 3728 3287 3633
f 3633 3287 3023
f 3633 3023 3593
f 3593 3023 2902
f 3593 2902 3022
f 2328 2410 2534
f 2534 2410 2536
f 2534 2536 2612
f 2409 2327 2534
f 2534 2327 2297
f 2534 2297 2328
f 2675 2611 2534
f 2534 2611 2530
f 2534 2530 2409
f 2612 2676 2534
f 2534 2676 2713
f 2534 2713 2675
f 2612 2648 2676
f 2676 2648 2740
f 2676 2740 2713
f 2713 2740 2764
f 2713 2764 2675
f 2675 2764 2738
f 2675 2738 2611
f 2611 2738 2646
f 2611 2646 2530
f 2530 2646 2527
f 2530 2527 2409
f 2409 2527 2359
f 2409 2359 2327
f 2327 2359 2249
f 2327 2249 2297
f 2297 2249 2187
f 2297 2187 2328
f 2328 2187 2250
f 2328 2250 2410
f 2410 2250 2361
f 2410 2361 2536
f 2536 2361 2539
f 2536 2539 2612
f 2612 2539 2648
f 2792 2807 2911
f 2911 2807 2941
f 2911 2941 3072
f 3072 2941 3181
f 3072 3181 3220
f 3220 3181 3294
f 3220 3294 3273
f 3273 3294 3359
f 3273 3359 3301
f 3301 3359 3374
f 3301 3374 3272
f 3272 3374 3358
f 3272 3358 3217
f 3217 3358 3293
f 3217 3293 3071
f 3071 3293 3180
f 3071 3180 2909
f 2909 3180 2940
f 2909 2940 2791
f 2791 2940 2806
f 2791 2806 2684
f 2684 2806 2682
f 2684 2682 2569
f 2569 2682 2549
f 2569 2549 2420
f 2420 2549 2369
f 2420 2369 2282
f 2282 2369 2212
f 2282 2212 2162
f 2162 2212 2048
f 2162 2048 2069
f 2069 2048 1943
f 2069 1943 2041
f 2041 1943 1911
f 2041 1911 2070
f 2070 1911 1944
f 2070 1944 2164
f 2164 1944 2049
f 2164 2049 2283
f 2283 2049 2213
f 2283 2213 2422
f 2422 2213 2370
f 2422 2370 2570
f 2570 2370 2550
f 2570 2550 2700
f 2700 2550 2705
f 2700 2705 2792
f 2792 2705 2807
f 2445 2227 2382
f 2382 2227 2108
f 2382 2108 2447
f 2447 2108 2228
f 2447 2228 2564
f 2564 2228 2455
f 2564 2455 2696
f 2696 2455 2698
f 2696 2698 2798
f 2798 2698 2883
f 2798 2883 2893
f 2893 2883 3149
f 2893 3149 2936
f 2936 3149 3247
f 2936 3247 2891
f 2891 3247 3148
f 2891 3148 2795
f 2795 3148 2882
f 2795 2882 2691
f 2691 2882 2688
f 2691 2688 2561
f 2561 2688 2454
f 2561 2454 2445
f 2445 2454 2227
f 2570 2703 2423
f 2165 2283 2423
f 2423 2283 2422
f 2423 2422 2570
f 2042 2070 2165
f 2165 2070 2164
f 2165 2164 2283
f 2163 2069 2042
f 2042 2069 2041
f 2042 2041 2070
f 2421 2282 2163
f 2163 2282 2162
f 2163 2162 2069
f 2683 2569 2421
f 2421 2569 2420
f 2421 2420 2282
f 2908 2791 2683
f 2683 2791 2684
f 2683 2684 2569
f 3218 3071 2908
f 2908 3071 2909
f 2908 2909 2791
f 3300 3272 3218
f 3218 3272 3217
f 3218 3217 3071
f 3219 3273 3300
f 3300 3273 3301
f 3300 3301 3272
f 2910 3072 3219
f 3219 3072 3220
f 3219 3220 3273
f 2570 2700 2703
f 2703 2700 2792
f 2703 2792 2910
f 2910 2792 2911
f 2910 2911 3072
f 2883 2910 3149
f 3149 2910 3219
f 3149 3219 3247
f 3247 3219 3300
f 3247 3300 3148
f 3148 3300 3218
f 3148 3218 2882
f 2882 3218 2908
f 2882 2908 2688
f 2688 2908 2683
f 2688 2683 2454
f 2454 2683 2421
f 2454 2421 2227
f 2227 2421 2163
f 2227 2163 2108
f 2108 2163 2042
f 2108 2042 2228
f 2228 2042 2165
f 2228 2165 2455
f 2455 2165 2423
f 2455 2423 2698
f 2698 2423 2703
f 2698 2703 2883
f 2883 2703 2910
f 2383 1999 2444
f 2444 1999 2127
f 2444 2127 2562
f 2562 2127 2390
f 2562 2390 2689
f 2689 2390 2664
f 2689 2664 2796
f 2796 2664 2888
f 2796 2888 2892
f 2892 2888 3202
f 2892 3202 2935
f 2935 3202 3279
f 2935 3279 2894
f 2894 3279 3203
f 2894 3203 2797
f 2797 3203 2889
f 2797 2889 2697
f 2697 2889 2666
f 2697 2666 2563
f 2563 2666 2391
f 2563 2391 2446
f 2446 2391 2128
f 2446 2128 2383
f 2383 2128 1999
f 2086 2075 2128
f 2128 2075 2021
f 2128 2021 1999
f 2388 2309 2391
f 2391 2309 2199
f 2391 2199 2128
f 2128 2199 2130
f 2128 2130 2086
f 2388 2391 2448
f 2448 2391 2666
f 2448 2666 2568
f 2886 2825 2889
f 2889 2825 2736
f 2889 2736 2666
f 2666 2736 2665
f 2666 2665 2568
f 2886 2889 2927
f 2927 2889 3203
f 2927 3203 3073
f 3252 3212 3203
f 3203 3212 3200
f 3203 3200 3073
f 3253 3279 3209
f 3209 3279 3202
f 3253 3263 3279
f 3279 3263 3278
f 3279 3278 3203
f 3203 3278 3277
f 3203 3277 3252
f 2888 2887 3202
f 3202 2887 2921
f 2921 3067 3202
f 3202 3067 3201
f 3202 3201 3209
f 2614 2663 2664
f 2664 2663 2722
f 2664 2722 2888
f 2888 2722 2817
f 2888 2817 2887
f 2261 2357 2390
f 2390 2357 2389
f 2390 2389 2664
f 2664 2389 2506
f 2664 2506 2614
f 2021 2000 1999
f 1999 2000 2001
f 1999 2001 2127
f 2127 2001 2019
f 2127 2019 2064
f 2064 2117 2127
f 2127 2117 2129
f 2127 2129 2390
f 2390 2129 2149
f 2390 2149 2261
f 4444 4436 4448
f 4448 4436 4420
f 4448 4420 4454
f 4454 4420 4464
f 4464 4420 4396
f 4464 4396 4478
f 2541 2539 2360
f 2360 2539 2361
f 2360 2361 2251
f 2251 2361 2250
f 2251 2250 2186
f 2186 2250 2187
f 2186 2187 2248
f 2248 2187 2249
f 2248 2249 2358
f 2358 2249 2359
f 2358 2359 2532
f 2532 2359 2527
f 2532 2527 2647
f 2647 2527 2646
f 2647 2646 2737
f 2737 2646 2738
f 2737 2738 2763
f 2763 2738 2764
f 2763 2764 2739
f 2739 2764 2740
f 2739 2740 2649
f 2649 2740 2648
f 2649 2648 2541
f 2541 2648 2539
f 2649 2680 2739
f 2739 2680 2782
f 2739 2782 2763
f 2763 2782 2821
f 2763 2821 2737
f 2737 2821 2781
f 2737 2781 2647
f 2647 2781 2679
f 2647 2679 2532
f 2532 2679 2526
f 2532 2526 2358
f 2358 2526 2324
f 2358 2324 2248
f 2248 2324 2150
f 2248 2150 2186
f 2186 2150 2065
f 2186 2065 2251
f 2251 2065 2151
f 2251 2151 2360
f 2360 2151 2325
f 2360 2325 2541
f 2541 2325 2543
f 2541 2543 2649
f 2649 2543 2680
f 3120 1829 1840
f 2584 3125 2352
f 2352 3125 3124
f 1840 1859 3120
f 3120 1859 1919
f 3120 1919 3124
f 3124 1919 2146
f 3124 2146 2352
f 475 687 416
f 475 416 338
f 416 367 338
f 338 367 279
f 338 279 284
f 2296 2274 2245
f 2245 2274 2193
f 2193 2274 2107
f 2193 2107 2105
f 2329 2316 2245
f 2245 2316 2308
f 2245 2308 2296
f 1994 1205 2005
f 2005 1205 1054
f 2005 1054 2009
f 1663 969 1609
f 1609 969 686
f 1609 686 1604
f 1663 1780 969
f 969 1780 1858
f 969 1858 1054
f 1054 1858 1893
f 1054 1893 2009
f 1604 686 1377
f 1377 686 510
f 1377 510 1248
f 1248 510 502
f 1248 502 1107
f 294 411 422
f 294 422 401
f 422 494 401
f 401 494 568
f 401 568 502
f 502 568 671
f 502 671 1107
f 179 120 276
f 276 313 179
f 179 313 347
f 179 347 294
f 294 347 386
f 294 386 411
f 1269 1272 2296
f 1994 2057 1205
f 1205 2057 2107
f 1205 2107 1272
f 1272 2107 2274
f 1272 2274 2296
f 2296 2252 1269
f 1269 2252 2167
f 1269 2167 1212
f 1212 2167 1967
f 1212 1967 1158
f 1158 1967 1939
f 1158 1939 1046
f 1046 1939 1818
f 1046 1818 853
f 853 1818 771
f 771 1818 1626
f 771 1626 626
f 626 1626 1586
f 626 1586 577
f 577 1586 1274
f 577 1274 506
f 506 1274 420
f 420 1274 931
f 420 931 395
f 931 847 395
f 395 847 797
f 395 797 355
f 355 797 596
f 355 596 304
f 304 596 241
f 241 596 505
f 241 505 181
f 181 505 153
f 153 505 479
f 153 479 122
f 277 276 120
f 1257 1245 2002
f 675 784 374
f 1629 755 1568
f 1568 755 611
f 1568 611 1347
f 1347 611 581
f 374 784 398
f 398 784 404
f 404 784 1038
f 404 1038 460
f 1545 1347 1517
f 1517 1347 581
f 1517 581 1337
f 1337 581 473
f 1337 473 1244
f 1244 473 460
f 1244 460 1064
f 1064 460 1038
f 122 479 483
f 122 483 173
f 374 358 675
f 675 358 310
f 675 310 588
f 588 310 269
f 588 269 557
f 557 269 188
f 557 188 496
f 496 188 173
f 496 173 484
f 484 173 483
f 2002 1245 1924
f 1924 1245 1118
f 1924 1118 1826
f 1826 1118 1052
f 1826 1052 1724
f 1724 1052 980
f 1724 980 1629
f 1629 980 850
f 1629 850 755
f 2002 2088 1257
f 1257 2088 2256
f 1257 2256 1252
f 1252 2256 2160
f 1252 2160 1232
f 1232 2160 2089
f 1232 2089 1125
f 1125 2089 1947
f 1125 1947 1008
f 1644 690 1680
f 1680 690 848
f 1680 848 1843
f 1843 848 1008
f 1843 1008 1900
f 1900 1008 1947
f 1644 1611 690
f 690 1611 1494
f 690 1494 608
f 608 1494 1289
f 608 1289 512
f 512 1289 934
f 512 934 466
f 466 934 818
f 466 818 406
f 818 599 406
f 406 599 524
f 406 524 400
f 400 524 462
f 293 284 279
f 145 156 321
f 321 156 172
f 321 172 342
f 342 172 180
f 342 180 363
f 363 180 240
f 363 240 405
f 405 240 286
f 405 286 417
f 417 286 309
f 417 309 462
f 462 309 360
f 462 360 400
f 321 293 145
f 145 293 279
f 145 279 127
f 127 279 277
f 127 277 124
f 124 277 120
f 2280 2269 2247
f 2247 2269 2116
f 2247 2116 2059
f 2269 2256 2116
f 2116 2256 2088
f 2116 2088 2059
f 2059 2088 2002
f 2059 2002 1924
f 312 324 351
f 257 244 187
f 187 244 224
f 187 224 138
f 138 224 170
f 138 170 100
f 314 322 257
f 257 322 297
f 257 297 244
f 262 325 316
f 316 325 340
f 316 340 328
f 328 340 353
f 328 353 327
f 327 353 352
f 327 352 314
f 314 352 336
f 314 336 322
f 176 233 196
f 196 233 242
f 196 242 262
f 262 242 300
f 262 300 325
f 142 168 151
f 128 99 166
f 166 99 130
f 166 130 221
f 221 130 184
f 221 184 243
f 243 184 250
f 351 332 312
f 312 332 323
f 312 323 250
f 250 323 292
f 250 292 243
f 280 326 320
f 320 326 346
f 320 346 324
f 324 346 354
f 324 354 351
f 170 131 100
f 100 131 121
f 100 121 102
f 102 121 132
f 102 132 137
f 137 132 169
f 137 169 186
f 186 169 222
f 186 222 217
f 217 222 245
f 217 245 280
f 280 245 315
f 280 315 326
f 99 72 105
f 99 105 130
f 130 105 165
f 130 165 184
f 184 165 226
f 184 226 250
f 250 226 274
f 250 274 312
f 312 274 306
f 312 306 324
f 324 306 298
f 324 298 320
f 320 298 247
f 320 247 280
f 280 247 185
f 280 185 217
f 217 185 167
f 217 167 186
f 186 167 109
f 186 109 137
f 137 109 78
f 137 78 102
f 102 78 76
f 102 76 100
f 100 76 110
f 100 110 138
f 138 110 171
f 138 171 187
f 187 171 230
f 187 230 257
f 257 230 278
f 257 278 314
f 314 278 307
f 314 307 327
f 327 307 308
f 327 308 328
f 328 308 287
f 328 287 316
f 316 287 237
f 316 237 262
f 262 237 175
f 262 175 196
f 72 53 89
f 72 89 105
f 105 89 148
f 105 148 165
f 165 148 206
f 165 206 226
f 226 206 258
f 226 258 274
f 274 258 288
f 274 288 306
f 306 288 271
f 306 271 298
f 298 271 234
f 298 234 247
f 247 234 174
f 247 174 185
f 185 174 152
f 185 152 167
f 167 152 93
f 167 93 109
f 109 93 56
f 109 56 78
f 78 56 55
f 78 55 76
f 76 55 94
f 76 94 110
f 110 94 155
f 110 155 171
f 171 155 212
f 171 212 230
f 230 212 260
f 230 260 278
f 278 260 289
f 278 289 307
f 307 289 290
f 307 290 308
f 308 290 264
f 308 264 287
f 287 264 216
f 287 216 237
f 237 216 158
f 237 158 175
f 53 38 70
f 53 70 89
f 89 70 125
f 89 125 148
f 148 125 190
f 148 190 206
f 206 190 246
f 206 246 258
f 258 246 272
f 258 272 288
f 288 272 265
f 288 265 271
f 271 265 223
f 271 223 234
f 234 223 162
f 234 162 174
f 174 162 129
f 174 129 152
f 152 129 73
f 152 73 93
f 93 73 45
f 93 45 56
f 56 45 44
f 56 44 55
f 55 44 75
f 55 75 94
f 94 75 136
f 94 136 155
f 155 136 194
f 155 194 212
f 212 194 249
f 212 249 260
f 260 249 273
f 260 273 289
f 289 273 275
f 289 275 290
f 290 275 256
f 290 256 264
f 264 256 205
f 264 205 216
f 216 205 150
f 216 150 158
f 149 150 208
f 208 150 205
f 208 205 261
f 261 205 256
f 261 256 285
f 285 256 275
f 285 275 283
f 283 275 273
f 283 273 254
f 254 273 249
f 254 249 199
f 199 249 194
f 199 194 133
f 133 194 136
f 133 136 69
f 69 136 75
f 69 75 34
f 34 75 44
f 34 44 26
f 26 44 45
f 149 118 150
f 150 118 86
f 150 86 158
f 158 86 98
f 158 98 175
f 175 98 113
f 175 113 196
f 196 113 151
f 196 151 176
f 176 151 168
f 118 81 86
f 86 81 50
f 86 50 98
f 98 50 57
f 98 57 113
f 113 57 80
f 113 80 151
f 151 80 108
f 151 108 142
f 142 108 123
f 81 43 50
f 50 43 38
f 50 38 57
f 57 38 53
f 57 53 80
f 80 53 72
f 80 72 108
f 108 72 99
f 108 99 123
f 123 99 128
f 43 29 38
f 38 29 33
f 38 33 70
f 70 33 67
f 70 67 125
f 125 67 119
f 125 119 190
f 190 119 192
f 190 192 246
f 246 192 251
f 246 251 272
f 272 251 282
f 272 282 265
f 265 282 270
f 265 270 223
f 223 270 227
f 223 227 162
f 162 227 163
f 162 163 129
f 129 163 126
f 129 126 73
f 73 126 68
f 73 68 45
f 45 68 35
f 45 35 26
f 68 126 115
f 116 119 67
f 116 67 79
f 79 67 33
f 79 33 54
f 54 33 25
f 25 33 29
f 25 29 28
f 43 32 29
f 29 32 30
f 29 30 28
f 81 77 43
f 43 77 47
f 43 47 32
f 149 208 356
f 356 197 149
f 149 197 189
f 149 189 118
f 118 189 117
f 118 117 81
f 81 117 91
f 81 91 77
f 208 261 356
f 356 261 285
f 356 285 283
f 344 254 199
f 344 199 291
f 291 199 133
f 291 133 195
f 585 465 402
f 465 461 402
f 402 461 356
f 402 356 344
f 344 356 283
f 344 283 254
f 871 941 673
f 673 941 1001
f 673 1001 1092
f 673 511 521
f 521 683 673
f 673 683 789
f 673 789 871
f 1092 1089 673
f 673 1089 963
f 673 963 844
f 344 399 402
f 402 399 511
f 402 511 585
f 585 511 673
f 585 673 763
f 763 673 844
f 68 115 35
f 35 115 92
f 35 92 26
f 26 92 27
f 26 27 34
f 34 27 49
f 34 49 69
f 69 49 114
f 69 114 133
f 133 114 147
f 133 147 195
f 227 270 335
f 227 335 163
f 163 335 126
f 126 335 193
f 126 193 115
f 282 251 343
f 343 251 192
f 116 157 119
f 119 157 191
f 119 191 192
f 192 191 303
f 192 303 343
f 270 282 335
f 335 282 343
f 335 343 345
f 523 418 345
f 345 418 365
f 345 365 335
f 343 357 345
f 345 357 421
f 345 421 523
f 564 720 680
f 680 720 933
f 680 933 1005
f 923 792 680
f 421 564 523
f 523 564 680
f 523 680 703
f 703 680 792
f 1005 1050 680
f 680 1050 1056
f 680 1056 923
f 351 354 435
f 441 326 315
f 441 315 447
f 435 354 441
f 441 354 346
f 441 346 326
f 351 435 332
f 332 435 432
f 332 432 323
f 323 432 292
f 292 432 427
f 292 427 243
f 423 128 425
f 425 128 166
f 425 166 427
f 427 166 221
f 427 221 243
f 424 142 423
f 423 142 123
f 423 123 128
f 242 233 426
f 426 233 176
f 426 176 424
f 424 176 168
f 424 168 142
f 430 436 353
f 353 340 430
f 430 340 325
f 430 325 426
f 426 325 300
f 426 300 242
f 445 336 436
f 436 336 352
f 436 352 353
f 446 297 445
f 445 297 322
f 445 322 336
f 448 224 446
f 446 224 244
f 446 244 297
f 450 131 448
f 448 131 170
f 448 170 224
f 449 132 450
f 450 132 121
f 450 121 131
f 315 245 447
f 447 245 222
f 447 222 449
f 449 222 169
f 449 169 132
f 183 259 241
f 52 41 88
f 48 58 107
f 74 95 139
f 112 120 179
f 25 40 54
f 54 40 87
f 54 87 79
f 79 87 116
f 116 87 209
f 116 209 157
f 357 343 362
f 362 343 303
f 362 303 209
f 209 303 191
f 209 191 157
f 357 362 421
f 421 362 464
f 421 464 564
f 464 515 564
f 564 515 618
f 564 618 720
f 618 742 720
f 720 742 873
f 720 873 933
f 933 873 1083
f 933 1083 1005
f 1005 1083 1050
f 1050 1083 1136
f 1050 1136 1056
f 703 792 822
f 822 792 923
f 822 923 968
f 968 923 1056
f 968 1056 1111
f 1111 1056 1136
f 822 666 703
f 703 666 566
f 703 566 523
f 523 566 472
f 523 472 418
f 418 472 368
f 88 92 146
f 146 92 115
f 146 115 213
f 213 115 193
f 213 193 305
f 305 193 335
f 305 335 368
f 368 335 365
f 368 365 418
f 88 41 92
f 92 41 31
f 92 31 27
f 122 90 153
f 153 90 140
f 1088 1046 942
f 942 1046 853
f 942 853 732
f 732 853 771
f 732 771 589
f 183 241 140
f 140 241 181
f 140 181 153
f 487 420 394
f 394 420 395
f 394 395 339
f 339 395 355
f 339 355 259
f 259 355 304
f 259 304 241
f 771 626 589
f 589 626 577
f 589 577 487
f 487 577 506
f 487 506 420
f 59 52 106
f 106 52 88
f 106 88 161
f 161 88 146
f 161 146 232
f 232 146 213
f 232 213 318
f 318 213 305
f 318 305 382
f 382 305 368
f 382 368 480
f 480 368 472
f 480 472 575
f 575 472 566
f 575 566 694
f 694 566 666
f 694 666 862
f 862 666 822
f 862 822 1000
f 1000 822 968
f 1000 968 1161
f 1161 968 1111
f 1161 1111 1177
f 1177 1111 1136
f 1177 1136 1133
f 1133 1136 1083
f 1133 1083 946
f 946 1083 873
f 946 873 779
f 779 873 742
f 779 742 637
f 637 742 618
f 637 618 525
f 525 618 515
f 525 515 470
f 470 515 464
f 470 464 371
f 371 464 362
f 371 362 229
f 229 362 209
f 229 209 107
f 107 209 87
f 107 87 48
f 48 87 40
f 95 112 139
f 139 112 179
f 139 179 252
f 252 179 294
f 252 294 384
f 384 294 401
f 384 401 481
f 401 502 481
f 481 502 510
f 481 510 569
f 569 510 686
f 569 686 658
f 658 686 815
f 815 686 969
f 815 969 987
f 969 1054 987
f 987 1054 1205
f 987 1205 1183
f 1183 1205 1272
f 1183 1272 1226
f 1226 1272 1269
f 1226 1269 1209
f 1209 1269 1212
f 1209 1212 1088
f 1088 1212 1158
f 1088 1158 1046
f 90 59 140
f 140 59 106
f 140 106 183
f 183 106 161
f 183 161 259
f 259 161 232
f 259 232 339
f 339 232 318
f 339 318 394
f 394 318 382
f 394 382 487
f 487 382 480
f 487 480 589
f 589 480 575
f 589 575 732
f 732 575 694
f 732 694 942
f 942 694 862
f 942 862 1088
f 1088 862 1000
f 1088 1000 1209
f 1209 1000 1161
f 1209 1161 1226
f 1226 1161 1177
f 1226 1177 1183
f 1183 1177 1133
f 1183 1133 987
f 987 1133 946
f 987 946 815
f 815 946 779
f 815 779 658
f 658 779 637
f 658 637 569
f 569 637 525
f 569 525 481
f 481 525 470
f 481 470 384
f 384 470 371
f 384 371 252
f 252 371 229
f 252 229 139
f 139 229 107
f 139 107 74
f 74 107 58
f 563 660 683
f 683 660 789
f 31 41 84
f 52 59 104
f 74 58 60
f 40 39 48
f 48 39 58
f 111 112 95
f 120 112 124
f 124 112 111
f 124 111 127
f 95 96 111
f 111 96 97
f 111 97 127
f 127 97 101
f 127 101 145
f 145 101 156
f 156 101 134
f 156 134 172
f 309 286 248
f 248 286 240
f 248 240 134
f 134 240 180
f 134 180 172
f 309 248 360
f 360 248 383
f 360 383 400
f 655 608 567
f 567 608 512
f 567 512 477
f 477 512 466
f 477 466 383
f 383 466 406
f 383 406 400
f 1184 1125 986
f 986 1125 1008
f 986 1008 813
f 813 1008 848
f 813 848 655
f 655 848 690
f 655 690 608
f 1087 1245 1210
f 1210 1245 1257
f 1210 1257 1228
f 1228 1257 1252
f 1228 1252 1184
f 1184 1252 1232
f 1184 1232 1125
f 939 1052 1087
f 1087 1052 1118
f 1087 1118 1245
f 731 850 939
f 939 850 980
f 939 980 1052
f 486 581 586
f 586 581 611
f 586 611 731
f 731 611 755
f 731 755 850
f 398 404 391
f 391 404 460
f 391 460 486
f 486 460 473
f 486 473 581
f 398 391 374
f 374 391 337
f 374 337 358
f 358 337 255
f 358 255 310
f 310 255 269
f 269 255 182
f 269 182 188
f 188 182 135
f 188 135 173
f 173 135 90
f 173 90 122
f 870 740 763
f 763 740 585
f 77 83 47
f 47 83 51
f 47 51 32
f 32 51 46
f 32 46 30
f 30 46 42
f 30 42 28
f 28 42 39
f 28 39 25
f 25 39 40
f 77 91 83
f 83 91 117
f 83 117 204
f 117 189 204
f 204 189 197
f 204 197 361
f 361 197 356
f 361 356 463
f 356 461 463
f 463 461 465
f 463 465 513
f 513 465 585
f 513 585 616
f 616 585 740
f 143 114 84
f 84 114 49
f 84 49 31
f 31 49 27
f 683 521 563
f 563 521 511
f 563 511 471
f 471 511 399
f 471 399 366
f 366 399 344
f 366 344 302
f 302 344 291
f 302 291 211
f 211 291 195
f 211 195 143
f 143 195 147
f 143 147 114
f 41 52 84
f 84 52 104
f 84 104 143
f 143 104 159
f 143 159 211
f 211 159 231
f 211 231 302
f 302 231 317
f 302 317 366
f 366 317 380
f 366 380 471
f 471 380 478
f 471 478 563
f 563 478 573
f 563 573 660
f 660 573 691
f 660 691 789
f 789 691 859
f 789 859 871
f 871 859 999
f 58 39 60
f 60 39 42
f 60 42 63
f 63 42 46
f 63 46 71
f 71 46 51
f 71 51 103
f 103 51 83
f 103 83 225
f 225 83 204
f 225 204 369
f 369 204 361
f 369 361 469
f 469 361 463
f 469 463 520
f 520 463 513
f 520 513 636
f 636 513 616
f 636 616 775
f 775 616 740
f 775 740 945
f 945 740 870
f 945 870 1135
f 1135 870 1084
f 1135 1084 1178
f 1178 1084 1137
f 1178 1137 1163
f 1163 1137 1112
f 1163 1112 999
f 999 1112 941
f 999 941 871
f 763 844 870
f 870 844 963
f 870 963 1084
f 1084 963 1089
f 1084 1089 1137
f 1137 1089 1092
f 1137 1092 1112
f 1112 1092 1001
f 1112 1001 941
f 95 74 96
f 96 74 60
f 96 60 97
f 97 60 63
f 97 63 101
f 101 63 71
f 101 71 134
f 134 71 103
f 134 103 248
f 248 103 225
f 248 225 383
f 383 225 369
f 383 369 477
f 477 369 469
f 477 469 567
f 567 469 520
f 567 520 655
f 655 520 636
f 655 636 813
f 813 636 775
f 813 775 986
f 986 775 945
f 986 945 1184
f 1184 945 1135
f 1184 1135 1228
f 1228 1135 1178
f 1228 1178 1210
f 1210 1178 1163
f 1210 1163 1087
f 1087 1163 999
f 1087 999 939
f 939 999 859
f 939 859 731
f 731 859 691
f 731 691 586
f 586 691 573
f 586 573 486
f 486 573 478
f 486 478 391
f 391 478 380
f 391 380 337
f 337 380 317
f 337 317 255
f 255 317 231
f 255 231 182
f 182 231 159
f 182 159 135
f 135 159 104
f 135 104 90
f 90 104 59
f 444 552 443
f 443 552 548
f 443 548 439
f 439 548 543
f 439 543 437
f 437 543 540
f 437 540 433
f 433 540 535
f 433 535 429
f 429 535 530
f 429 530 428
f 428 530 528
f 428 528 431
f 431 528 533
f 431 533 434
f 434 533 536
f 434 536 438
f 438 536 541
f 438 541 440
f 440 541 542
f 440 542 442
f 442 542 547
f 442 547 444
f 444 547 552
f 542 541 545
f 533 532 536
f 536 532 534
f 536 534 541
f 541 534 537
f 541 537 545
f 545 546 542
f 542 546 550
f 542 550 547
f 547 550 551
f 547 551 552
f 528 526 533
f 533 526 531
f 533 531 532
f 551 554 552
f 552 554 553
f 552 553 548
f 548 553 549
f 548 549 543
f 543 549 544
f 543 544 540
f 540 544 539
f 540 539 535
f 535 539 538
f 535 538 530
f 530 538 529
f 530 529 528
f 528 529 527
f 528 527 526
f 429 427 433
f 433 427 432
f 433 432 437
f 437 432 435
f 437 435 439
f 442 446 440
f 440 446 445
f 440 445 438
f 438 445 436
f 438 436 434
f 435 441 439
f 439 441 447
f 439 447 443
f 443 447 449
f 443 449 444
f 444 449 450
f 444 450 442
f 442 450 448
f 442 448 446
f 436 430 434
f 434 430 426
f 434 426 431
f 431 426 424
f 431 424 428
f 428 424 423
f 428 423 429
f 429 423 425
f 429 425 427
f 627 644 665
f 665 644 679
f 665 632 627
f 627 632 604
f 627 604 597
f 597 604 584
f 597 584 572
f 572 584 576
f 860 1142 982
f 982 1142 1128
f 692 717 714
f 1216 1268 1262
f 1201 759 810
f 780 705 759
f 646 601 628
f 594 600 625
f 610 681 737
f 1246 1241 861
f 790 737 1202
f 681 868 737
f 737 868 1147
f 737 1147 1202
f 780 759 860
f 860 759 1201
f 860 1201 1142
f 743 925 922
f 922 925 1153
f 1153 1155 922
f 922 1155 1165
f 922 1165 857
f 857 1165 1216
f 857 1216 810
f 810 1216 1262
f 810 1262 1201
f 600 610 625
f 625 610 737
f 625 737 650
f 650 737 790
f 650 790 684
f 684 790 841
f 684 841 706
f 706 841 858
f 1202 1224 790
f 790 1224 1255
f 790 1255 841
f 841 1255 1246
f 841 1246 858
f 858 1246 861
f 858 861 706
f 706 861 707
f 706 707 696
f 696 692 706
f 706 692 714
f 706 714 684
f 684 714 689
f 684 689 650
f 650 689 654
f 650 654 625
f 625 654 628
f 625 628 594
f 594 628 601
f 717 743 714
f 714 743 922
f 714 922 689
f 689 922 857
f 689 857 654
f 654 857 810
f 654 810 628
f 628 810 759
f 628 759 646
f 646 759 705
f 1186 1116 1093
f 1147 1116 1202
f 1202 1116 1186
f 1202 1186 1224
f 1224 1186 1255
f 1186 1221 1255
f 1255 1221 1236
f 1255 1236 1246
f 1246 1236 1241
f 1213 1208 1218
f 1093 1173 1186
f 1186 1173 1206
f 1186 1206 1221
f 1221 1206 1213
f 1221 1213 1236
f 1236 1213 1218
f 1236 1218 1241
f 1268 1256 1262
f 1169 1074 1101
f 1254 1223 1240
f 1240 1223 1169
f 1240 1169 1179
f 1179 1169 1101
f 1179 1101 1142
f 1142 1101 1128
f 1268 1254 1256
f 1256 1254 1240
f 1256 1240 1262
f 1262 1240 1179
f 1262 1179 1201
f 1201 1179 1142
f 896 537 892
f 892 537 534
f 892 534 893
f 893 534 532
f 545 794 546
f 546 794 769
f 546 769 550
f 550 769 734
f 1238 1217 1188
f 1227 1238 1204
f 1238 1188 1204
f 1204 1188 1138
f 1204 1138 1154
f 1154 1138 1044
f 1154 1044 1060
f 1060 1044 953
f 1060 953 965
f 1227 1204 1197
f 1197 1204 1154
f 1197 1154 1145
f 1145 1154 1060
f 1145 1060 1049
f 1049 1060 965
f 1049 965 957
f 901 953 1044
f 956 856 901
f 856 956 794
f 901 1044 956
f 956 1044 1138
f 956 1138 1039
f 1039 1138 1188
f 1039 1188 1110
f 1110 1188 1217
f 1110 1217 1151
f 794 956 865
f 865 956 1039
f 865 1039 955
f 955 1039 1110
f 955 1110 998
f 998 1110 1151
f 998 1151 1055
f 996 961 947
f 1055 996 978
f 996 947 978
f 978 947 866
f 978 866 935
f 935 866 800
f 935 800 843
f 843 800 734
f 843 734 769
f 1055 978 998
f 998 978 935
f 998 935 955
f 955 935 843
f 955 843 865
f 865 843 769
f 865 769 794
f 840 768 758
f 1141 1197 1145
f 624 653 724
f 620 668 609
f 609 668 649
f 609 649 615
f 615 649 663
f 615 663 623
f 623 663 652
f 652 663 722
f 652 722 733
f 733 722 799
f 733 799 786
f 786 799 937
f 786 937 835
f 835 937 903
f 903 937 1003
f 903 1003 948
f 948 1003 974
f 974 1003 1080
f 974 1080 971
f 971 1080 1051
f 971 1051 958
f 958 1051 885
f 885 1051 981
f 885 981 884
f 936 825 981
f 981 825 880
f 981 880 884
f 932 812 881
f 881 812 801
f 881 801 936
f 936 801 808
f 936 808 825
f 957 886 976
f 976 886 875
f 976 875 932
f 932 875 819
f 932 819 812
f 668 726 700
f 668 700 649
f 649 700 723
f 649 723 663
f 663 723 773
f 663 773 722
f 722 773 864
f 722 864 799
f 799 864 991
f 799 991 937
f 937 991 1115
f 937 1115 1003
f 1003 1115 1159
f 1003 1159 1080
f 1080 1159 1144
f 1080 1144 1051
f 1051 1144 1081
f 1051 1081 981
f 981 1081 994
f 981 994 936
f 936 994 973
f 936 973 881
f 881 973 992
f 881 992 932
f 932 992 1071
f 932 1071 976
f 976 1071 1049
f 976 1049 957
f 768 753 758
f 758 753 736
f 758 736 726
f 726 736 700
f 700 736 754
f 700 754 723
f 723 754 811
f 723 811 773
f 773 811 944
f 773 944 864
f 864 944 1068
f 864 1068 991
f 991 1068 1174
f 991 1174 1115
f 1115 1174 1211
f 1115 1211 1159
f 1159 1211 1196
f 1159 1196 1144
f 1144 1196 1146
f 1144 1146 1081
f 1081 1146 1077
f 1081 1077 994
f 994 1077 1041
f 994 1041 973
f 973 1041 1069
f 973 1069 992
f 992 1069 1141
f 992 1141 1071
f 1071 1141 1145
f 1071 1145 1049
f 961 814 947
f 947 814 776
f 947 776 866
f 866 776 724
f 866 724 800
f 800 724 653
f 800 653 734
f 961 840 814
f 814 840 758
f 814 758 776
f 776 758 726
f 776 726 724
f 724 726 668
f 724 668 624
f 624 668 620
f 753 747 736
f 736 747 745
f 736 745 754
f 754 745 766
f 754 766 811
f 811 766 837
f 811 837 944
f 944 837 960
f 944 960 1068
f 1068 960 1109
f 1068 1109 1174
f 1174 1109 1207
f 1174 1207 1211
f 1211 1207 1251
f 1211 1251 1196
f 1196 1251 1229
f 1196 1229 1146
f 1146 1229 1171
f 1146 1171 1077
f 1077 1171 1108
f 1077 1108 1041
f 1227 1197 1168
f 1168 1197 1141
f 1168 1141 1102
f 1102 1141 1069
f 1102 1069 1076
f 1076 1069 1041
f 1076 1041 1073
f 1073 1041 1108
f 526 819 531
f 531 819 875
f 825 808 527
f 527 808 801
f 527 801 526
f 526 801 812
f 526 812 819
f 825 527 880
f 880 527 529
f 880 529 884
f 733 786 544
f 544 786 835
f 544 835 539
f 835 903 539
f 539 903 902
f 539 902 538
f 538 902 897
f 538 897 529
f 529 897 885
f 529 885 884
f 733 544 652
f 652 544 549
f 652 549 623
f 623 549 553
f 623 553 615
f 653 624 554
f 554 624 620
f 554 620 553
f 553 620 609
f 553 609 615
f 554 551 653
f 653 551 550
f 653 550 734
f 875 886 531
f 531 886 888
f 531 888 532
f 532 888 893
f 794 545 856
f 856 545 537
f 856 537 901
f 901 537 896
f 4384 4389 4437
f 4338 4335 4389
f 4437 4428 4384
f 4384 4428 4414
f 4384 4414 4369
f 4369 4414 4395
f 4369 4395 4364
f 4389 4384 4338
f 4338 4384 4369
f 4338 4369 4340
f 4340 4369 4364
f 4340 4364 4342
f 1482 1514 1720
f 4555 4517 4480
f 4480 4517 4457
f 4327 4520 4328
f 4328 4520 4542
f 4328 4542 4329
f 4329 4542 4474
f 4329 4474 4349
f 4349 4474 4480
f 4349 4480 4400
f 4400 4480 4457
f 2552 3243 2394
f 2394 3243 2842
f 2394 2842 2224
f 4327 4326 4520
f 4520 4326 4325
f 4520 4325 4479
f 4479 4325 4323
f 4211 4038 4100
f 4566 4447 4471
f 2552 2602 3243
f 3243 2602 2643
f 3243 2643 3242
f 4323 4321 4479
f 4479 4321 4320
f 4479 4320 4395
f 3888 3937 4038
f 4038 3937 4013
f 4038 4013 4100
f 4100 4177 4211
f 4211 4177 4334
f 4211 4334 4447
f 4447 4334 4410
f 4447 4410 4471
f 4471 4534 4566
f 4566 4534 4558
f 4566 4558 4570
f 4570 4558 4555
f 4570 4555 4557
f 4557 4555 4480
f 2837 2895 2863
f 3654 3743 3888
f 3888 3743 3875
f 3888 3875 3937
f 2863 2895 3044
f 3399 3510 3654
f 3654 3510 3634
f 3654 3634 3743
f 4315 4314 4342
f 2808 2837 1953
f 1953 2837 2863
f 1953 2863 1720
f 1720 2863 1444
f 1720 1444 1482
f 2895 3053 3044
f 3044 3053 3227
f 3044 3227 3399
f 3399 3227 3386
f 3399 3386 3510
f 4320 4316 4395
f 4395 4316 4315
f 4395 4315 4364
f 4364 4315 4342
f 2224 2842 1953
f 1953 2842 2811
f 1953 2811 2808
f 4562 4557 4499
f 4499 4557 4480
f 4499 4480 4494
f 4494 4480 4474
f 4494 4474 4530
f 4530 4474 4542
f 3243 3258 3260
f 3260 3258 3269
f 3260 3269 3268
f 3268 3269 3276
f 3268 3276 3283
f 3283 3276 3288
f 3283 3288 3284
f 3284 3288 3291
f 3284 3291 3289
f 3393 3442 3443
f 3448 3450 3369
f 3369 3351 3349
f 3349 3351 3310
f 3349 3310 3312
f 3388 3393 3394
f 3394 3393 3443
f 3394 3443 3398
f 3398 3443 3447
f 3398 3447 3448
f 3310 3289 3297
f 3297 3289 3291
f 3297 3291 3316
f 3310 3297 3312
f 3312 3297 3316
f 3312 3316 3349
f 3349 3316 3343
f 3349 3343 3360
f 3448 3369 3398
f 3398 3369 3349
f 3398 3349 3394
f 3394 3349 3360
f 3394 3360 3388
f 4275 4271 4281
f 4281 4271 4282
f 4328 4329 4303
f 4303 4329 4302
f 4303 4302 4298
f 4298 4302 4299
f 4298 4299 4292
f 4292 4299 4293
f 4292 4293 4282
f 4282 4293 4283
f 4282 4283 4281
f 4299 4302 4345
f 4302 4329 4349
f 4302 4349 4345
f 4345 4349 4400
f 4345 4400 4392
f 4392 4391 4345
f 4345 4391 4333
f 4345 4333 4299
f 4324 4283 4333
f 4333 4283 4293
f 4333 4293 4299
f 4318 4275 4324
f 4324 4275 4281
f 4324 4281 4283
f 4391 4385 4333
f 4333 4385 4382
f 4333 4382 4324
f 4324 4382 4378
f 4324 4378 4318
f 4318 4378 4374
f 4441 4449 4503
f 4392 4400 4457
f 4392 4457 4391
f 4391 4457 4449
f 4449 4457 4517
f 4449 4517 4503
f 4503 4517 4555
f 4503 4555 4541
f 4541 4555 4558
f 4541 4558 4548
f 4548 4558 4534
f 4548 4534 4510
f 4510 4534 4471
f 4510 4471 4458
f 4458 4471 4410
f 4458 4410 4403
f 4403 4410 4334
f 4403 4334 4330
f 4330 4334 4177
f 4330 4177 4168
f 4168 4177 4100
f 4168 4100 4098
f 4098 4100 4013
f 4098 4013 4007
f 4007 4013 3937
f 4007 3937 3935
f 3935 3937 3875
f 3935 3875 3874
f 3874 3875 3743
f 3874 3743 3744
f 3744 3743 3634
f 3744 3634 3639
f 3639 3634 3510
f 3639 3510 3515
f 3515 3510 3386
f 3515 3386 3402
f 3402 3386 3227
f 3402 3227 3238
f 3238 3227 3053
f 3238 3053 3063
f 3063 3053 2895
f 3063 2895 2914
f 2914 2895 2837
f 2914 2837 2847
f 2847 2837 2808
f 2847 2808 2823
f 2823 2808 2811
f 2823 2811 2824
f 2824 2811 2842
f 2824 2842 2855
f 4441 4503 4490
f 4490 4503 4541
f 4490 4541 4525
f 4525 4541 4548
f 4525 4548 4537
f 4537 4548 4510
f 4537 4510 4498
f 4498 4510 4458
f 4498 4458 4453
f 4453 4458 4403
f 4453 4403 4398
f 4398 4403 4330
f 4398 4330 4309
f 4309 4330 4168
f 4309 4168 4163
f 4163 4168 4098
f 4163 4098 4097
f 4097 4098 4007
f 4097 4007 4005
f 4005 4007 3935
f 4005 3935 3934
f 3934 3935 3874
f 3934 3874 3873
f 3873 3874 3744
f 3873 3744 3746
f 3746 3744 3639
f 3746 3639 3642
f 3642 3639 3515
f 3642 3515 3520
f 3520 3515 3402
f 3520 3402 3406
f 3406 3402 3238
f 3406 3238 3250
f 3250 3238 3063
f 3250 3063 3069
f 3069 3063 2914
f 3069 2914 2926
f 2926 2914 2847
f 2926 2847 2857
f 2857 2847 2823
f 2857 2823 2831
f 2831 2823 2824
f 2831 2824 2838
f 2838 2824 2855
f 2838 2855 2867
f 4374 4378 4441
f 4441 4378 4382
f 4441 4382 4449
f 4449 4382 4385
f 4449 4385 4391
f 4374 4441 4438
f 4438 4441 4490
f 4438 4490 4482
f 4482 4490 4525
f 4482 4525 4522
f 4522 4525 4537
f 4522 4537 4523
f 4523 4537 4498
f 4523 4498 4495
f 4495 4498 4453
f 4495 4453 4451
f 4451 4453 4398
f 4451 4398 4393
f 4393 4398 4309
f 4393 4309 4306
f 4306 4309 4163
f 4306 4163 4162
f 4162 4163 4097
f 4162 4097 4096
f 4096 4097 4005
f 4096 4005 4003
f 4003 4005 3934
f 4003 3934 3933
f 3933 3934 3873
f 3933 3873 3872
f 3872 3873 3746
f 3872 3746 3750
f 3750 3746 3642
f 3750 3642 3644
f 3644 3642 3520
f 3644 3520 3523
f 3523 3520 3406
f 3523 3406 3410
f 3410 3406 3250
f 3410 3250 3256
f 3256 3250 3069
f 3256 3069 3074
f 3074 3069 2926
f 3074 2926 2929
f 2929 2926 2857
f 2929 2857 2864
f 2864 2857 2831
f 2864 2831 2840
f 2840 2831 2838
f 2840 2838 2841
f 2841 2838 2867
f 2841 2867 2872
f 3260 3268 2867
f 2867 3268 3283
f 2867 3283 2872
f 2872 3283 3284
f 2872 3284 3289
f 2867 2855 3260
f 3260 2855 2842
f 3260 2842 3243
f 3726 3736 3817
f 3736 3726 3681
f 3681 3726 3718
f 3681 3718 3693
f 3984 3918 3925
f 3925 3918 3883
f 3925 3883 3887
f 3887 3883 3869
f 3887 3869 3817
f 3817 3869 3792
f 3817 3792 3726
f 3992 3973 3984
f 3984 3973 3957
f 3984 3957 3918
f 3984 4012 3992
f 3992 4012 4047
f 3992 4047 4020
f 4047 4080 4069
f 4020 4047 4024
f 4024 4047 4069
f 4024 4069 4050
f 3243 3242 3259
f 3290 3291 3288
f 3290 3288 3275
f 3288 3276 3275
f 3275 3276 3269
f 3275 3269 3259
f 3259 3269 3258
f 3259 3258 3243
f 3388 3360 3356
f 3291 3290 3316
f 3316 3290 3324
f 3356 3360 3324
f 3324 3360 3343
f 3324 3343 3316
f 3389 3459 3442
f 3389 3442 3356
f 3356 3442 3393
f 3356 3393 3388
f 3567 3565 3579
f 3579 3565 3620
f 3579 3620 3675
f 3526 3565 3567
f 3466 3484 3487
f 3442 3459 3443
f 3443 3459 3462
f 3492 3518 3526
f 3526 3518 3525
f 3526 3525 3565
f 3528 3489 3490
f 3484 3486 3487
f 3487 3486 3492
f 3487 3492 3490
f 3490 3492 3526
f 3490 3526 3528
f 3528 3526 3567
f 3462 3466 3443
f 3443 3466 3487
f 3443 3487 3447
f 3447 3487 3490
f 3447 3490 3448
f 3448 3490 3489
f 3448 3489 3450
f 2871 2872 3289
f 3289 3310 2871
f 2871 3310 3351
f 2871 3351 3451
f 3451 3351 3369
f 3451 3369 3450
f 2872 2871 2841
f 2841 2871 2839
f 2841 2839 2840
f 2840 2839 2864
f 2864 2839 2928
f 2864 2928 2929
f 2929 2928 3074
f 3074 2928 3257
f 3074 3257 3256
f 3256 3257 3410
f 3410 3257 3522
f 3410 3522 3523
f 3523 3522 3644
f 3644 3522 3751
f 3644 3751 3750
f 3750 3751 3872
f 3872 3751 3932
f 3872 3932 3933
f 3933 3932 4003
f 4003 3932 4095
f 4003 4095 4096
f 4096 4095 4162
f 4162 4095 4307
f 4162 4307 4306
f 4306 4307 4393
f 4393 4307 4450
f 4393 4450 4451
f 4451 4450 4495
f 4495 4450 4524
f 4495 4524 4523
f 4523 4524 4522
f 4522 4524 4483
f 4522 4483 4482
f 4482 4483 4438
f 4438 4483 4375
f 4438 4375 4374
f 3987 3964 3959
f 3900 3871 3861
f 3693 3718 3692
f 3692 3718 3717
f 3692 3717 3637
f 3637 3717 3603
f 3637 3603 3606
f 3555 3557 3564
f 3555 3564 3603
f 3603 3564 3591
f 3603 3591 3606
f 3600 3601 3576
f 3600 3576 3555
f 3555 3576 3560
f 3555 3560 3557
f 3712 3661 3600
f 3600 3661 3607
f 3600 3607 3601
f 3871 3846 3861
f 3861 3846 3769
f 3861 3769 3712
f 3712 3769 3720
f 3712 3720 3661
f 3959 3964 3861
f 3861 3964 3940
f 3861 3940 3900
f 4075 4074 4065
f 4075 4065 4026
f 4065 4045 4026
f 4026 4045 4025
f 4026 4025 3959
f 3959 4025 4014
f 3959 4014 3987
f 4029 4024 4051
f 4051 4024 4050
f 4029 4051 4075
f 4075 4051 4070
f 4075 4070 4074
f 3957 3973 3961
f 3961 3973 3992
f 3961 3992 4029
f 4029 3992 4020
f 4029 4020 4024
f 3957 3961 3918
f 3918 3961 3865
f 3918 3865 3883
f 3718 3726 3717
f 3717 3726 3792
f 3717 3792 3865
f 3865 3792 3869
f 3865 3869 3883
f 4265 4241 4244
f 4244 4248 4265
f 4265 4248 4251
f 4265 4251 4252
f 4252 4258 4265
f 4265 4258 4268
f 4265 4268 4284
f 4242 4243 4206
f 4241 4205 4244
f 4244 4205 4207
f 4244 4207 4230
f 4230 4207 4215
f 4173 4192 4205
f 4205 4192 4194
f 4205 4194 4207
f 4207 4194 4209
f 4207 4209 4215
f 4166 4167 4156
f 4156 4167 4121
f 4107 4116 4121
f 4121 4116 4120
f 4121 4120 4156
f 4073 4107 4091
f 4091 4107 4121
f 4091 4121 4131
f 4131 4121 4167
f 4131 4167 4183
f 4183 4167 4166
f 4183 4166 4210
f 4210 4166 4206
f 4210 4206 4227
f 4227 4206 4243
f 4241 4242 4205
f 4205 4242 4206
f 4205 4206 4173
f 4173 4206 4166
f 4173 4166 4165
f 4165 4166 4156
f 4230 4215 4256
f 4230 4256 4244
f 4255 4253 4252
f 4250 4257 4255
f 4256 4257 4244
f 4244 4257 4250
f 4244 4250 4248
f 4255 4252 4250
f 4250 4252 4251
f 4250 4251 4248
f 4280 4257 4278
f 4278 4257 4256
f 4280 4278 4288
f 4288 4278 4296
f 4288 4296 4295
f 4314 4315 4296
f 4296 4315 4300
f 4296 4300 4295
f 4557 4562 4582
f 4557 4582 4570
f 4570 4582 4567
f 4570 4567 4566
f 4566 4567 4456
f 4566 4456 4447
f 4447 4456 4218
f 4447 4218 4211
f 4211 4218 4039
f 4211 4039 4038
f 4038 4039 3889
f 4038 3889 3888
f 3888 3889 3651
f 3888 3651 3654
f 3654 3651 3382
f 3654 3382 3399
f 3399 3382 3019
f 3399 3019 3044
f 3044 3019 2848
f 3044 2848 2863
f 4568 4578 4350
f 3681 3583 3736
f 3736 3583 3652
f 3736 3652 3817
f 3925 4046 3984
f 3984 4046 4079
f 3984 4079 4012
f 3652 3697 3817
f 3817 3697 3805
f 3817 3805 3887
f 3887 3805 3886
f 3887 3886 3890
f 3890 3901 3887
f 3887 3901 3979
f 3887 3979 3925
f 3925 3979 4040
f 3925 4040 4046
f 4122 4080 4079
f 4079 4080 4047
f 4079 4047 4012
f 4439 4455 4350
f 4122 4203 4080
f 4080 4203 4219
f 4080 4219 4350
f 4350 4219 4362
f 4350 4362 4439
f 4455 4511 4350
f 4350 4511 4565
f 4350 4565 4568
f 3377 3320 3381
f 3681 3540 3583
f 3583 3540 3377
f 3583 3377 3463
f 3463 3377 3381
f 2863 2848 1444
f 1444 2848 1439
f 1717 1720 1514
f 1463 1382 1713
f 1514 1547 1717
f 1717 1547 1524
f 1717 1524 1719
f 1719 1524 1463
f 1719 1463 1714
f 1714 1463 1713
f 1719 1714 1916
f 1720 1717 1953
f 1953 1717 1932
f 1953 1932 2224
f 2224 1932 2173
f 2224 2173 2394
f 2394 2173 2345
f 2394 2345 2552
f 2552 2345 2488
f 1717 1719 1932
f 1932 1719 1916
f 1932 1916 2173
f 2173 1916 2125
f 2173 2125 2345
f 2345 2125 2305
f 2345 2305 2488
f 2488 2305 2442
f 1714 1713 1916
f 1916 1713 1905
f 1916 1905 2125
f 2125 1905 2111
f 2125 2111 2305
f 2305 2111 2287
f 2305 2287 2442
f 2442 2287 2404
f 2602 2552 2488
f 2643 2602 2575
f 2643 2575 2641
f 2641 2575 2551
f 2641 2551 2636
f 2636 2551 2546
f 2636 2546 2638
f 2602 2488 2575
f 2575 2488 2442
f 2575 2442 2551
f 2551 2442 2404
f 2551 2404 2546
f 3242 2643 3240
f 3240 2643 2641
f 3240 2641 3241
f 3241 2641 2636
f 3241 2636 3239
f 3239 2636 2638
f 3307 3352 3302
f 3414 3445 3370
f 3414 3352 3347
f 3347 3352 3307
f 3347 3307 3239
f 3239 3307 3241
f 3271 3240 3241
f 3242 3240 3259
f 3259 3240 3271
f 3259 3271 3275
f 3414 3370 3352
f 3352 3370 3342
f 3352 3342 3302
f 3302 3342 3313
f 3302 3313 3299
f 3241 3307 3271
f 3271 3307 3302
f 3271 3302 3275
f 3275 3302 3299
f 3275 3299 3290
f 3356 3324 3325
f 3453 3475 3502
f 3370 3445 3460
f 3460 3416 3370
f 3370 3416 3364
f 3370 3364 3342
f 3342 3364 3313
f 3313 3364 3325
f 3313 3325 3299
f 3299 3325 3324
f 3299 3324 3290
f 3461 3459 3389
f 3502 3483 3453
f 3453 3483 3468
f 3453 3468 3430
f 3430 3468 3461
f 3430 3461 3397
f 3397 3461 3389
f 3397 3389 3356
f 3356 3325 3397
f 3397 3325 3364
f 3397 3364 3430
f 3430 3364 3416
f 3430 3416 3453
f 3453 3416 3460
f 3453 3460 3475
f 3462 3459 3461
f 3502 3561 3483
f 3483 3561 3542
f 3497 3486 3472
f 3472 3486 3484
f 3472 3484 3466
f 3534 3578 3565
f 3472 3491 3497
f 3497 3491 3516
f 3497 3516 3534
f 3534 3516 3549
f 3534 3549 3578
f 3462 3461 3466
f 3565 3525 3534
f 3534 3525 3518
f 3534 3518 3497
f 3497 3518 3492
f 3497 3492 3486
f 3561 3614 3542
f 3542 3614 3596
f 3542 3596 3588
f 3466 3461 3472
f 3472 3461 3468
f 3472 3468 3491
f 3491 3468 3483
f 3491 3483 3516
f 3516 3483 3542
f 3516 3542 3549
f 3549 3542 3588
f 3549 3588 3578
f 3565 3578 3620
f 3620 3578 3623
f 3620 3623 3675
f 3641 3675 3623
f 3614 3641 3596
f 3596 3641 3623
f 3596 3623 3588
f 3588 3623 3578
f 3675 3676 3579
f 3579 3676 3580
f 3579 3580 3567
f 3567 3580 3528
f 3528 3580 3488
f 3528 3488 3489
f 3489 3488 3451
f 3489 3451 3450
f 4267 4272 4270
f 4114 4072 4071
f 4114 4071 4073
f 4114 4073 4091
f 4270 4245 4249
f 4249 4254 4270
f 4270 4254 4266
f 4270 4266 4267
f 4183 4210 4226
f 4226 4210 4227
f 4226 4227 4270
f 4270 4227 4243
f 4270 4243 4245
f 4091 4131 4114
f 4114 4131 4183
f 4114 4183 4174
f 4174 4183 4226
f 4109 4116 4107
f 4113 4130 4152
f 4194 4192 4185
f 4204 4212 4185
f 4157 4191 4178
f 4178 4191 4195
f 4178 4195 4201
f 4151 4178 4185
f 4185 4178 4201
f 4185 4201 4204
f 4194 4185 4209
f 4209 4185 4212
f 4209 4212 4215
f 4103 4113 4132
f 4132 4113 4152
f 4132 4152 4157
f 4157 4152 4176
f 4157 4176 4191
f 4106 4073 4103
f 4109 4107 4106
f 4106 4107 4073
f 4143 4109 4129
f 4129 4109 4106
f 4129 4106 4115
f 4115 4106 4103
f 4192 4173 4185
f 4185 4173 4165
f 4185 4165 4151
f 4151 4165 4156
f 4151 4156 4120
f 4103 4132 4115
f 4115 4132 4157
f 4115 4157 4129
f 4129 4157 4178
f 4129 4178 4143
f 4143 4178 4151
f 4143 4151 4109
f 4109 4151 4120
f 4109 4120 4116
f 4215 4212 4256
f 4256 4212 4233
f 4212 4204 4233
f 4233 4204 4201
f 4233 4201 4198
f 4198 4201 4195
f 4198 4195 4191
f 4191 4176 4198
f 4198 4176 4152
f 4198 4152 4164
f 4164 4152 4130
f 4164 4130 4135
f 4154 4208 4184
f 4213 4198 4164
f 4313 4314 4294
f 4294 4314 4296
f 4294 4296 4246
f 4246 4296 4278
f 4246 4278 4233
f 4233 4278 4256
f 4312 4311 4229
f 4229 4311 4247
f 4229 4247 4208
f 4208 4247 4213
f 4208 4213 4184
f 4184 4213 4164
f 4184 4164 4154
f 4154 4164 4135
f 4311 4313 4247
f 4247 4313 4294
f 4247 4294 4213
f 4213 4294 4246
f 4213 4246 4198
f 4198 4246 4233
f 4311 4312 4335
f 4335 4338 4311
f 4311 4338 4340
f 4311 4340 4313
f 4313 4340 4342
f 4313 4342 4314
f 4362 4219 4218
f 3901 3890 3889
f 3019 3382 3319
f 3320 3319 3381
f 3381 3319 3382
f 3381 3382 3463
f 3463 3382 3651
f 3463 3651 3583
f 3583 3651 3652
f 3890 3886 3889
f 3889 3886 3805
f 3889 3805 3651
f 3651 3805 3697
f 3651 3697 3652
f 3901 3889 3979
f 3979 3889 4039
f 3979 4039 4040
f 4122 4079 4039
f 4039 4079 4046
f 4039 4046 4040
f 4218 4219 4039
f 4039 4219 4203
f 4039 4203 4122
f 4567 4568 4456
f 4456 4568 4565
f 4565 4511 4456
f 4456 4511 4455
f 4456 4455 4218
f 4218 4455 4439
f 4218 4439 4362
f 4578 4568 4579
f 4579 4568 4567
f 4579 4567 4592
f 4592 4567 4582
f 4592 4582 4576
f 4576 4582 4562
f 4576 4562 4560
f 2849 2848 2938
f 2938 2848 3019
f 2938 3019 3109
f 3109 3019 3319
f 2672 2609 2535
f 2535 2609 2537
f 2535 2537 2419
f 2608 2671 2535
f 2535 2671 2709
f 2535 2709 2672
f 2331 2418 2535
f 2535 2418 2533
f 2535 2533 2608
f 2419 2332 2535
f 2535 2332 2306
f 2535 2306 2331
f 2540 2609 2633
f 2633 2609 2672
f 2633 2672 2731
f 2731 2672 2709
f 2731 2709 2755
f 2755 2709 2671
f 2755 2671 2728
f 2728 2671 2608
f 2728 2608 2632
f 2632 2608 2533
f 2632 2533 2529
f 2529 2533 2418
f 2529 2418 2375
f 2375 2418 2331
f 2375 2331 2266
f 2266 2331 2306
f 2266 2306 2215
f 2215 2306 2332
f 2215 2332 2268
f 2268 2332 2419
f 2268 2419 2377
f 2377 2419 2537
f 2377 2537 2540
f 2540 2537 2609
f 2704 2789 2801
f 2801 2789 2901
f 2801 2901 2937
f 2937 2901 3066
f 2937 3066 3093
f 3093 3066 3207
f 3093 3207 3265
f 3265 3207 3255
f 3265 3255 3328
f 3328 3255 3281
f 3328 3281 3354
f 3354 3281 3254
f 3354 3254 3327
f 3327 3254 3204
f 3327 3204 3264
f 3264 3204 3065
f 3264 3065 3092
f 3092 3065 2899
f 3092 2899 2934
f 2934 2899 2788
f 2934 2788 2800
f 2800 2788 2687
f 2800 2687 2681
f 2681 2687 2572
f 2681 2572 2555
f 2555 2572 2435
f 2555 2435 2381
f 2381 2435 2299
f 2381 2299 2241
f 2241 2299 2189
f 2241 2189 2081
f 2081 2189 2094
f 2081 2094 1976
f 1976 2094 2066
f 1976 2066 1948
f 1948 2066 2095
f 1948 2095 1977
f 1977 2095 2190
f 1977 2190 2082
f 2082 2190 2300
f 2082 2300 2242
f 2242 2300 2438
f 2242 2438 2384
f 2384 2438 2573
f 2384 2573 2556
f 2556 2573 2702
f 2556 2702 2704
f 2704 2702 2789
f 2482 2119 2512
f 2512 2119 2238
f 2512 2238 2594
f 2594 2238 2458
f 2594 2458 2692
f 2692 2458 2686
f 2692 2686 2768
f 2768 2686 2879
f 2768 2879 2834
f 2834 2879 3114
f 2834 3114 2859
f 2859 3114 3234
f 2859 3234 2836
f 2836 3234 3116
f 2836 3116 2770
f 2770 3116 2880
f 2770 2880 2695
f 2695 2880 2699
f 2695 2699 2596
f 2596 2699 2459
f 2596 2459 2514
f 2514 2459 2239
f 2514 2239 2482
f 2482 2239 2119
f 2789 2701 2900
f 3206 3066 2900
f 2900 3066 2901
f 2900 2901 2789
f 3280 3255 3206
f 3206 3255 3207
f 3206 3207 3066
f 3205 3254 3280
f 3280 3254 3281
f 3280 3281 3255
f 2898 3065 3205
f 3205 3065 3204
f 3205 3204 3254
f 2685 2788 2898
f 2898 2788 2899
f 2898 2899 3065
f 2436 2572 2685
f 2685 2572 2687
f 2685 2687 2788
f 2188 2299 2436
f 2436 2299 2435
f 2436 2435 2572
f 2067 2094 2188
f 2188 2094 2189
f 2188 2189 2299
f 2191 2095 2067
f 2067 2095 2066
f 2067 2066 2094
f 2437 2300 2191
f 2191 2300 2190
f 2191 2190 2095
f 2789 2702 2701
f 2701 2702 2573
f 2701 2573 2437
f 2437 2573 2438
f 2437 2438 2300
f 2701 2880 2900
f 2900 2880 3116
f 2900 3116 3206
f 3206 3116 3234
f 3206 3234 3280
f 3280 3234 3114
f 3280 3114 3205
f 3205 3114 2879
f 3205 2879 2898
f 2898 2879 2686
f 2898 2686 2685
f 2685 2686 2458
f 2685 2458 2436
f 2436 2458 2238
f 2436 2238 2188
f 2188 2238 2119
f 2188 2119 2067
f 2067 2119 2239
f 2067 2239 2191
f 2191 2239 2459
f 2191 2459 2437
f 2437 2459 2699
f 2437 2699 2701
f 2701 2699 2880
f 2695 2694 2770
f 2770 2694 2771
f 2770 2771 2836
f 2836 2771 2835
f 2836 2835 2859
f 2859 2835 2858
f 2859 2858 2834
f 2834 2858 2833
f 2834 2833 2768
f 2768 2833 2769
f 2768 2769 2692
f 2692 2769 2690
f 2692 2690 2594
f 2594 2690 2595
f 2594 2595 2512
f 2512 2595 2513
f 2512 2513 2482
f 2482 2513 2483
f 2482 2483 2514
f 2514 2483 2515
f 2514 2515 2596
f 2596 2515 2597
f 2596 2597 2695
f 2695 2597 2694
f 2693 2597 2515
f 2694 2597 2693
f 2693 2513 2595
f 2483 2513 2693
f 2515 2483 2693
f 2693 2769 2833
f 2690 2769 2693
f 2595 2690 2693
f 2693 2835 2771
f 2858 2835 2693
f 2833 2858 2693
f 2771 2694 2693
f 897 902 905
f 905 902 903
f 905 903 906
f 906 903 907
f 906 907 911
f 911 907 918
f 911 918 914
f 914 918 920
f 914 920 916
f 905 898 897
f 897 898 895
f 897 895 885
f 885 895 891
f 885 891 884
f 884 891 883
f 891 890 883
f 883 890 889
f 883 889 882
f 882 889 887
f 882 887 886
f 886 887 894
f 886 894 888
f 910 909 904
f 904 909 908
f 904 908 900
f 900 908 901
f 900 901 899
f 901 896 899
f 899 896 892
f 899 892 894
f 894 892 893
f 894 893 888
f 916 920 915
f 915 920 919
f 915 919 913
f 913 919 917
f 913 917 910
f 910 917 912
f 910 912 909
f 910 1026 913
f 913 1026 1027
f 913 1027 915
f 915 1027 1031
f 900 1022 904
f 904 1022 1023
f 904 1023 910
f 910 1023 1025
f 910 1025 1026
f 887 1010 894
f 894 1010 1014
f 894 1014 899
f 899 1014 1015
f 899 1015 900
f 900 1015 1020
f 900 1020 1022
f 890 1013 889
f 889 1013 1009
f 889 1009 887
f 887 1009 1011
f 887 1011 1010
f 895 1016 891
f 891 1016 1012
f 891 1012 890
f 890 1012 1013
f 905 1019 898
f 898 1019 1018
f 898 1018 895
f 895 1018 1017
f 895 1017 1016
f 914 1029 911
f 911 1029 1030
f 911 1030 906
f 906 1030 1024
f 906 1024 905
f 905 1024 1021
f 905 1021 1019
f 915 1031 916
f 916 1031 1032
f 916 1032 914
f 914 1032 1028
f 914 1028 1029
f 4475 4479 4395
f 4428 4437 4445
f 4475 4395 4472
f 4445 4463 4428
f 4428 4463 4472
f 4428 4472 4414
f 4414 4472 4395
f 1699 1502 1574
f 2026 1872 1884
f 1884 1872 1844
f 1844 1872 1841
f 1844 1841 1699
f 2793 2776 2613
f 2613 2776 2603
f 2819 2793 2743
f 2743 2793 2613
f 2743 2613 2621
f 2621 2613 2519
f 2301 2337 2478
f 2478 2337 2366
f 1699 1574 1844
f 1844 1574 1689
f 1844 1689 1884
f 1884 1689 1847
f 1884 1847 1978
f 1978 1847 1903
f 1978 1903 2135
f 2135 1903 1983
f 2135 1983 2301
f 2301 1983 2210
f 2301 2210 2337
f 2087 2026 2156
f 2156 2026 1884
f 2156 1884 2322
f 2322 1884 1978
f 2322 1978 2350
f 2350 1978 2135
f 2350 2135 2554
f 2554 2135 2301
f 2554 2301 2603
f 2603 2301 2478
f 2603 2478 2613
f 2613 2478 2366
f 2613 2366 2519
f 1830 3121 1876
f 1876 3121 3122
f 1876 3122 2034
f 2034 3122 3126
f 2034 3126 2174
f 2174 3126 2315
f 3127 2606 3126
f 3126 2606 2475
f 3126 2475 2315
f 1827 1830 1876
f 1876 1730 1827
f 1827 1730 1675
f 1827 1675 1658
f 2034 1851 1876
f 1876 1851 1749
f 1876 1749 1730
f 2147 1958 2034
f 2034 1958 1931
f 2034 1931 1851
f 2606 2490 2475
f 2475 2490 2314
f 2475 2314 2315
f 2315 2314 2147
f 2315 2147 2174
f 2174 2147 2034
f 3554 3552 3553
f 3553 3552 3551
f 3677 3678 3619
f 3677 3619 3618
f 3618 3619 3573
f 3618 3573 3572
f 3572 3573 3553
f 3572 3553 3551
f 4284 4268 4289
f 4289 4268 4280
f 4289 4280 4288
f 4252 4253 4258
f 4258 4253 4268
f 4268 4253 4280
f 4280 4253 4255
f 4280 4255 4257
f 4289 4288 4295
f 4316 4320 4297
f 4297 4320 4321
f 4297 4321 4310
f 4310 4321 4323
f 4315 4316 4300
f 4300 4316 4297
f 4300 4297 4295
f 4295 4297 4291
f 4295 4291 4289
f 4289 4291 4284
f 4290 4284 4291
f 4310 4323 4303
f 4303 4323 4325
f 4325 4326 4303
f 4303 4326 4327
f 4303 4327 4328
f 4292 4290 4298
f 4298 4290 4291
f 4298 4291 4303
f 4303 4291 4297
f 4303 4297 4310
f 4277 4279 4282
f 4292 4282 4290
f 4290 4282 4279
f 4290 4279 4284
f 4271 4269 4282
f 4282 4269 4272
f 4282 4272 4277
f 4277 4272 4267
f 4277 4267 4266
f 4277 4266 4254
f 4259 4279 4277
f 4277 4254 4259
f 4259 4254 4249
f 4259 4249 4242
f 4242 4249 4245
f 4242 4245 4243
f 4242 4241 4259
f 4259 4241 4265
f 4259 4265 4279
f 4279 4265 4284
f 1988 1997 2990
f 2047 2054 2123
f 2123 2054 2131
f 2123 2131 2219
f 2219 2131 2196
f 2219 3009 2123
f 2123 3009 3000
f 2123 3000 2047
f 2047 3000 2990
f 2047 2990 2033
f 2033 2990 1997
f 2951 2950 2022
f 2951 2022 2962
f 2962 2022 2023
f 2962 2023 2971
f 2971 2023 2018
f 2971 2018 2975
f 2975 2018 2004
f 2975 2004 2990
f 2990 2004 1981
f 2990 1981 1988
f 1881 2022 1874
f 1874 2022 2950
f 1874 2950 1867
f 1867 2950 2952
f 1867 2952 1845
f 2952 2964 1845
f 1845 2964 2977
f 1845 2977 1807
f 1807 2977 1792
f 2977 2988 1792
f 1792 2988 3007
f 1792 3007 1734
f 1734 3007 3017
f 1734 3017 1683
f 1683 3017 1668
f 1668 3017 3020
f 1668 3020 1620
f 1620 3020 3027
f 1620 3027 1570
f 1570 3027 3035
f 1570 3035 1541
f 1541 3035 3040
f 1541 3040 1538
f 3056 1509 3049
f 3049 1509 1520
f 3049 1520 1527
f 1538 3040 1536
f 1536 3040 3045
f 1536 3045 1527
f 1527 3045 3046
f 1527 3046 3049
f 2540 2376 2377
f 2377 2376 2267
f 2377 2267 2268
f 2268 2267 2216
f 2268 2216 2215
f 2215 2216 2265
f 2215 2265 2266
f 2266 2265 2374
f 2266 2374 2375
f 2375 2374 2531
f 2375 2531 2529
f 2529 2531 2631
f 2529 2631 2632
f 2632 2631 2729
f 2632 2729 2728
f 2728 2729 2754
f 2728 2754 2755
f 2755 2754 2730
f 2755 2730 2731
f 2731 2730 2634
f 2731 2634 2633
f 2633 2634 2538
f 2633 2538 2540
f 2540 2538 2376
f 2542 2634 2670
f 2670 2634 2730
f 2670 2730 2774
f 2774 2730 2754
f 2774 2754 2803
f 2803 2754 2729
f 2803 2729 2773
f 2773 2729 2631
f 2773 2631 2669
f 2669 2631 2531
f 2669 2531 2528
f 2528 2531 2374
f 2528 2374 2333
f 2333 2374 2265
f 2333 2265 2177
f 2177 2265 2216
f 2177 2216 2092
f 2092 2216 2267
f 2092 2267 2178
f 2178 2267 2376
f 2178 2376 2334
f 2334 2376 2538
f 2334 2538 2542
f 2542 2538 2634
f 1807 1792 1770
f 1792 1734 1770
f 1770 1734 1683
f 1770 1683 1668
f 1807 1770 1845
f 1845 1770 1842
f 1845 1842 1867
f 1842 1860 1871
f 1871 1881 1842
f 1842 1881 1874
f 1842 1874 1867
f 1310 1332 1167
f 1129 1214 1360
f 1811 1747 1709
f 1358 1313 1393
f 1393 1313 1266
f 1393 1266 1473
f 1566 1528 1593
f 1593 1528 1474
f 1513 1558 1537
f 1537 1558 1598
f 1537 1598 1575
f 1536 1527 1505
f 1505 1527 1526
f 1505 1526 1513
f 1513 1526 1531
f 1513 1531 1558
f 1536 1505 1538
f 1538 1505 1518
f 1538 1518 1541
f 1541 1518 1557
f 1541 1557 1570
f 1570 1557 1597
f 1570 1597 1620
f 1620 1597 1643
f 1620 1643 1668
f 1811 1857 1825
f 1825 1857 1860
f 1825 1860 1819
f 1489 1595 1523
f 1523 1595 1647
f 1523 1647 1535
f 1535 1647 1653
f 1290 1040 1301
f 1301 1040 1059
f 1301 1059 1319
f 1167 1332 1266
f 1266 1332 1380
f 1266 1380 1473
f 1167 1095 1310
f 1310 1095 1062
f 1310 1062 1295
f 1295 1062 1033
f 1295 1033 1290
f 1290 1033 1002
f 1290 1002 1040
f 1566 1473 1528
f 1528 1473 1380
f 1528 1380 1474
f 1474 1380 1332
f 1474 1332 1426
f 1426 1332 1310
f 1426 1310 1403
f 1403 1310 1295
f 1403 1295 1394
f 1394 1295 1290
f 1394 1290 1414
f 1414 1290 1301
f 1414 1301 1446
f 1446 1301 1319
f 1446 1319 1501
f 1785 1744 1659
f 1747 1811 1752
f 1752 1811 1825
f 1752 1825 1740
f 1740 1825 1819
f 1740 1819 1710
f 1785 1842 1744
f 1744 1842 1770
f 1744 1770 1690
f 1659 1744 1617
f 1617 1744 1690
f 1617 1690 1501
f 1598 1593 1575
f 1575 1593 1474
f 1575 1474 1537
f 1537 1474 1426
f 1537 1426 1513
f 1513 1426 1403
f 1513 1403 1505
f 1505 1403 1394
f 1505 1394 1518
f 1518 1394 1414
f 1518 1414 1557
f 1557 1414 1446
f 1557 1446 1597
f 1597 1446 1501
f 1597 1501 1643
f 1643 1501 1690
f 1643 1690 1668
f 1668 1690 1770
f 1488 1355 1610
f 1610 1355 1472
f 1610 1472 1639
f 1639 1472 1503
f 1639 1503 1653
f 1653 1503 1534
f 1653 1534 1535
f 1360 1214 1411
f 1411 1214 1239
f 1411 1239 1488
f 1488 1239 1340
f 1488 1340 1355
f 1595 1709 1647
f 1647 1709 1747
f 1647 1747 1653
f 1653 1747 1752
f 1653 1752 1639
f 1639 1752 1740
f 1639 1740 1610
f 1610 1740 1710
f 1610 1710 1488
f 1860 1842 1819
f 1819 1842 1785
f 1819 1785 1710
f 1710 1785 1659
f 1710 1659 1488
f 1488 1659 1617
f 1488 1617 1411
f 1411 1617 1501
f 1411 1501 1360
f 1360 1501 1319
f 1360 1319 1129
f 1129 1319 1059
f 1311 908 909
f 1311 909 1312
f 1312 909 912
f 1312 912 1313
f 1500 1552 1415
f 1641 1624 1623
f 1664 1667 1613
f 1667 1678 1552
f 1552 1678 1693
f 1667 1552 1613
f 1613 1552 1500
f 1613 1500 1587
f 1415 1312 1313
f 1313 1358 1415
f 1415 1358 1393
f 1415 1393 1500
f 1500 1393 1473
f 1500 1473 1587
f 1587 1473 1566
f 1587 1566 1593
f 1311 1312 1530
f 1530 1312 1415
f 1530 1415 1696
f 1696 1415 1552
f 1696 1552 1695
f 1695 1552 1693
f 1598 1623 1593
f 1593 1623 1624
f 1593 1624 1587
f 1587 1624 1641
f 1587 1641 1613
f 1613 1641 1642
f 1613 1642 1664
f 901 908 1590
f 1737 1774 1590
f 1530 1696 1702
f 953 901 1497
f 1497 901 1590
f 1497 1590 1567
f 1567 1590 1607
f 1567 1607 1627
f 1702 1737 1530
f 1530 1737 1590
f 1530 1590 1311
f 1311 1590 908
f 1628 1592 1555
f 1592 1628 1633
f 1495 1497 1555
f 1555 1497 1567
f 1555 1567 1628
f 1628 1567 1627
f 1496 1495 1532
f 1532 1495 1555
f 1532 1555 1565
f 1565 1555 1592
f 1565 1592 1619
f 1619 1592 1633
f 1496 957 1495
f 1495 957 965
f 1495 965 1497
f 1497 965 953
f 4140 3554 3553
f 4141 4140 3678
f 3678 4140 3553
f 3678 3553 3619
f 3619 3553 3573
f 4235 4274 4276
f 4200 4235 4187
f 4187 4235 4276
f 4187 4276 4225
f 4225 4276 4285
f 3678 3677 4141
f 4141 3677 4138
f 4141 4138 4187
f 4187 4138 4172
f 4187 4172 4200
f 3551 3552 4137
f 3618 3572 3677
f 3677 3572 3551
f 3677 3551 4138
f 4138 3551 4137
f 4276 4275 4285
f 4285 4275 4318
f 4285 4318 4286
f 4286 4318 4319
f 4319 4318 4374
f 4319 4374 4375
f 4029 4075 4524
f 3676 4072 4270
f 3554 2871 3552
f 3552 2871 3451
f 3451 3488 3580
f 4114 4174 4072
f 4072 4174 4226
f 4072 4226 4270
f 4199 4171 4234
f 4234 4171 4137
f 4234 4137 4273
f 4273 4137 3552
f 4273 3552 4270
f 4270 3552 3451
f 4270 3451 3676
f 3676 3451 3580
f 3961 3932 3865
f 3865 3932 3751
f 3865 3751 3717
f 4524 4075 4483
f 4483 4075 4026
f 4483 4026 4375
f 4375 4026 4319
f 4319 4026 3959
f 4319 3959 4286
f 4524 4450 4029
f 4029 4450 4307
f 4029 4307 3961
f 3961 4307 4095
f 3961 4095 3932
f 3554 4140 3959
f 4140 4186 3959
f 3959 4186 4224
f 3959 4224 4286
f 3751 3522 3717
f 3717 3522 3257
f 3717 3257 3603
f 3603 3257 2928
f 3603 2928 3555
f 3555 2928 2839
f 3555 2839 3600
f 3600 2839 2871
f 3600 2871 3712
f 3712 2871 3554
f 3712 3554 3861
f 3861 3554 3959
f 4140 4141 4186
f 4186 4141 4187
f 4186 4187 4224
f 4224 4187 4225
f 4224 4225 4286
f 4286 4225 4285
f 4275 4276 4271
f 4271 4276 4274
f 4274 4273 4271
f 4271 4273 4270
f 4271 4270 4269
f 4269 4270 4272
f 4273 4274 4234
f 4234 4274 4235
f 4234 4235 4199
f 4199 4235 4200
f 4199 4200 4171
f 4171 4200 4172
f 4171 4172 4137
f 4137 4172 4138
f 2241 2212 2381
f 2381 2212 2369
f 2381 2369 2555
f 2555 2369 2549
f 2555 2549 2681
f 2681 2549 2682
f 2681 2682 2800
f 2800 2682 2806
f 2800 2806 2934
f 2934 2806 2940
f 2934 2940 3092
f 3092 2940 3180
f 3092 3180 3264
f 3264 3180 3293
f 3264 3293 3327
f 3327 3293 3358
f 3327 3358 3354
f 3354 3358 3374
f 3354 3374 3328
f 3328 3374 3359
f 3328 3359 3265
f 3265 3359 3294
f 3265 3294 3093
f 3093 3294 3181
f 3093 3181 2937
f 2937 3181 2941
f 2937 2941 2801
f 2801 2941 2807
f 2801 2807 2704
f 2704 2807 2705
f 2704 2705 2556
f 2556 2705 2550
f 2556 2550 2384
f 2384 2550 2370
f 2384 2370 2242
f 2242 2370 2213
f 2242 2213 2082
f 2082 2213 2049
f 2082 2049 1977
f 1977 2049 1944
f 1977 1944 1948
f 1948 1944 1911
f 1948 1911 1976
f 1976 1911 1943
f 1976 1943 2081
f 2081 1943 2048
f 2081 2048 2241
f 2241 2048 2212
f 1388 1489 1523
f 883 1379 884
f 884 1379 1385
f 884 1385 885
f 1351 1339 883
f 883 1339 1349
f 883 1349 1379
f 883 882 1351
f 1351 882 886
f 1351 886 1410
f 1410 886 957
f 1410 957 1496
f 948 974 1534
f 885 1385 958
f 958 1385 1388
f 958 1388 971
f 971 1388 1523
f 971 1523 974
f 974 1523 1535
f 974 1535 1534
f 1313 912 1266
f 1266 912 917
f 1266 917 1167
f 1167 917 1095
f 1095 917 919
f 1095 919 1062
f 920 1040 1002
f 920 1002 919
f 919 1002 1033
f 919 1033 1062
f 918 1214 1129
f 918 1129 920
f 920 1129 1059
f 920 1059 1040
f 1534 1503 948
f 948 1503 1472
f 948 1472 903
f 903 1472 1355
f 903 1355 907
f 907 1355 1340
f 907 1340 918
f 918 1340 1239
f 918 1239 1214
f 2584 2401 2723
f 2207 2176 2148
f 2159 2194 2142
f 2142 2194 2262
f 2600 2724 2723
f 3426 3400 3481
f 3481 3400 3339
f 3481 3339 3611
f 3611 3339 3236
f 3611 3236 2723
f 2723 3236 3125
f 2723 3125 2584
f 2262 2351 2142
f 2142 2351 2412
f 2142 2412 2133
f 2600 2723 2481
f 2481 2723 2401
f 2481 2401 2291
f 2133 2412 2138
f 2138 2412 2481
f 2138 2481 2148
f 2148 2481 2291
f 2148 2291 2207
f 1840 1829 1745
f 1745 1656 1655
f 2584 2352 2401
f 2401 2352 2317
f 2134 2176 2207
f 1938 1961 2112
f 2112 1961 2100
f 2291 2112 2207
f 2207 2112 2100
f 2207 2100 2134
f 1672 1751 1831
f 1831 1751 1810
f 1831 1810 1938
f 1938 1810 1853
f 1938 1853 1961
f 1745 1655 1840
f 1840 1655 1654
f 1840 1654 1859
f 1859 1654 1672
f 1859 1672 1919
f 1919 1672 1831
f 1919 1831 2146
f 2146 1831 1938
f 2146 1938 2352
f 2352 1938 2112
f 2352 2112 2317
f 2317 2112 2291
f 2317 2291 2401
f 3725 3608 3471
f 2663 2614 2607
f 3048 2828 2812
f 3094 3223 2925
f 2925 3223 3326
f 2925 3326 3064
f 3064 3326 3224
f 2963 2953 2812
f 2812 2953 2995
f 2812 2995 3048
f 2829 2852 2998
f 2623 2635 2714
f 2610 2622 2623
f 2623 2714 2610
f 2610 2714 2587
f 2610 2587 2557
f 2557 2587 2589
f 2557 2589 2510
f 2510 2589 2484
f 2484 2589 2627
f 2484 2627 2493
f 2278 2295 2440
f 2440 2295 2372
f 2440 2372 2493
f 2493 2372 2443
f 2493 2443 2484
f 2133 2271 2142
f 2142 2271 2159
f 2357 2261 2080
f 2261 2149 2080
f 2080 2149 2129
f 2080 2129 2117
f 2614 2506 2607
f 2607 2506 2271
f 2607 2271 2505
f 2505 2271 2133
f 2505 2133 2362
f 2362 2133 2209
f 2362 2209 2259
f 2074 2109 2080
f 2080 2109 2159
f 2080 2159 2357
f 2357 2159 2271
f 2357 2271 2389
f 2389 2271 2506
f 2887 2817 2826
f 2826 2817 2722
f 3201 3213 3209
f 3209 3213 3436
f 3209 3436 3253
f 3201 3067 3213
f 3213 3067 2921
f 3213 2921 2887
f 3326 3431 3224
f 3224 3431 3507
f 3224 3507 3465
f 3465 3507 3628
f 3465 3628 3668
f 3668 3628 3793
f 3668 3793 3829
f 3829 3793 3896
f 3829 3896 3943
f 3943 3896 3971
f 3943 3971 3989
f 3048 3078 2828
f 2828 3078 2861
f 2828 2861 2772
f 2998 2963 2829
f 2829 2963 2812
f 2829 2812 2710
f 2710 2812 2828
f 2710 2828 2715
f 2715 2828 2772
f 2605 2756 2744
f 2744 2756 2931
f 2744 2931 2912
f 2912 2931 3274
f 2912 3274 3213
f 3213 3274 3471
f 3213 3471 3436
f 3436 3471 3608
f 3943 3790 3829
f 3829 3790 3672
f 3829 3672 3668
f 3668 3672 3494
f 3668 3494 3465
f 3465 3494 3262
f 3465 3262 3224
f 3224 3262 2922
f 3224 2922 3064
f 3064 2922 2827
f 3064 2827 2925
f 3078 3094 2861
f 2861 3094 2925
f 2861 2925 2772
f 2772 2925 2827
f 2772 2827 2756
f 2756 2827 2922
f 2756 2922 2931
f 2931 2922 3262
f 2931 3262 3274
f 3274 3262 3494
f 3274 3494 3471
f 3471 3494 3672
f 3471 3672 3725
f 3725 3672 3790
f 2278 2440 2259
f 2259 2440 2579
f 2259 2579 2362
f 2362 2579 2716
f 2362 2716 2505
f 2505 2716 2826
f 2505 2826 2607
f 2607 2826 2722
f 2607 2722 2663
f 2887 2826 3213
f 3213 2826 2716
f 3213 2716 2912
f 2912 2716 2579
f 2912 2579 2744
f 2744 2579 2440
f 2744 2440 2605
f 2605 2440 2493
f 2605 2493 2756
f 2756 2493 2627
f 2756 2627 2772
f 2772 2627 2589
f 2772 2589 2715
f 2715 2589 2587
f 2715 2587 2710
f 2710 2587 2714
f 2710 2714 2829
f 1682 1618 1661
f 1848 1915 1809
f 1809 1915 1901
f 1809 1901 1797
f 1797 1901 1870
f 1797 1870 1775
f 1775 1870 1856
f 1885 1891 1878
f 1878 1891 1908
f 1878 1908 1848
f 1848 1908 1917
f 1848 1917 1915
f 1661 1681 1775
f 1775 1681 1732
f 1775 1732 1797
f 1856 1828 1775
f 1775 1828 1761
f 1775 1761 1661
f 1661 1761 1729
f 1661 1729 1682
f 1584 1571 1618
f 1618 1571 1614
f 1618 1614 1661
f 1584 1561 1571
f 1571 1561 1510
f 1571 1510 1544
f 1480 1507 1483
f 1483 1507 1519
f 1510 1487 1544
f 1544 1487 1483
f 1544 1483 1529
f 1529 1483 1519
f 2151 2065 1707
f 1507 1480 1755
f 1707 2065 1755
f 1755 2065 2150
f 1755 2150 2324
f 2324 2526 1755
f 1755 2526 3058
f 1755 3058 1507
f 2526 2679 3058
f 3058 2679 2781
f 3058 2781 3167
f 3167 2781 2821
f 3167 2821 3233
f 3233 2821 2782
f 3154 3384 3120
f 3120 3384 3373
f 3120 3373 3333
f 1707 1656 2151
f 2151 1656 1745
f 2151 1745 2325
f 2325 1745 1829
f 2325 1829 2543
f 2543 1829 3120
f 2543 3120 2680
f 2680 3120 3333
f 2680 3333 2782
f 2782 3333 3295
f 2782 3295 3233
f 3154 3244 3337
f 3420 3384 3417
f 3417 3384 3154
f 3417 3154 3392
f 3392 3154 3337
f 3295 3333 3332
f 3331 3167 3332
f 3332 3167 3233
f 3332 3233 3295
f 3094 3330 3223
f 3223 3330 3326
f 3078 3167 3094
f 3094 3167 3331
f 3094 3331 3330
f 3042 3047 3050
f 3050 3058 3042
f 3042 3058 3167
f 3042 3167 3037
f 3037 3167 3078
f 3037 3078 3048
f 3048 2984 3003
f 3003 3018 3048
f 3048 3018 3028
f 3048 3028 3037
f 3011 3010 2997
f 2997 2993 3011
f 3011 2993 2987
f 3011 2987 3016
f 3016 2987 2972
f 3016 2972 2967
f 3014 3015 3006
f 3006 3015 3005
f 3015 3016 3005
f 3005 3016 2967
f 3005 2967 2998
f 2998 2967 2958
f 2984 3048 2961
f 2961 3048 2995
f 2961 2995 2947
f 2947 2995 2953
f 2947 2953 2958
f 2958 2953 2963
f 2958 2963 2998
f 2030 1885 1878
f 2044 2025 1986
f 2172 2090 2229
f 2229 2090 2053
f 2229 2053 3010
f 3010 2053 2997
f 2997 2053 2993
f 2993 2053 2044
f 2044 1986 2993
f 2993 1986 1989
f 2993 1989 2987
f 2987 1989 2020
f 2987 2020 2972
f 2972 2020 2031
f 2972 2031 2967
f 2967 2031 2036
f 2967 2036 2958
f 2958 2036 2032
f 2958 2032 2947
f 3018 3003 1732
f 2032 2030 2947
f 2947 2030 1878
f 2947 1878 2961
f 2961 1878 1848
f 2961 1848 2984
f 2984 1848 1809
f 2984 1809 3003
f 3003 1809 1797
f 3003 1797 1732
f 1732 1681 3018
f 3018 1681 1661
f 3018 1661 3028
f 3028 1661 1614
f 3028 1614 3037
f 3037 1614 1571
f 3037 1571 3042
f 3042 1571 1544
f 4494 4530 4529
f 4560 4562 4546
f 4546 4562 4499
f 4529 4492 4494
f 4494 4492 4484
f 4494 4484 4499
f 4499 4484 4500
f 4499 4500 4546
f 4507 4506 4521
f 4479 4475 4489
f 4479 4489 4520
f 4445 4434 4463
f 4463 4434 4489
f 4463 4489 4472
f 4472 4489 4475
f 4489 4507 4520
f 4520 4507 4521
f 4520 4521 4542
f 4542 4521 4540
f 4540 4544 4542
f 4542 4544 4529
f 4542 4529 4530
f 1553 1439 2848
f 1553 2848 1791
f 2849 2617 2848
f 2848 2617 2386
f 2386 2093 2848
f 2848 2093 2008
f 2848 2008 1791
f 3730 3765 4154
f 4154 3765 3808
f 4154 3808 3830
f 3833 3814 4236
f 4236 3814 3796
f 3796 3760 4236
f 4236 3760 3587
f 4236 3587 3469
f 4346 4373 4312
f 4312 4373 4377
f 4312 4377 4335
f 4335 4377 4386
f 4335 4386 4389
f 4389 4386 4409
f 4389 4409 4437
f 4437 4409 4434
f 4437 4434 4445
f 3830 3833 4154
f 4154 3833 4236
f 4154 4236 4208
f 4208 4236 4346
f 4208 4346 4229
f 4229 4346 4312
f 4228 4236 3469
f 3433 3413 4181
f 3433 4181 3439
f 3439 4181 3446
f 3446 4181 4197
f 3446 4197 3469
f 3469 4197 4217
f 3469 4217 4228
f 3215 3084 2939
f 2939 3966 3215
f 3215 3966 3991
f 3215 3991 4015
f 4161 4181 3413
f 4161 3413 4148
f 4148 3413 3396
f 4148 3396 3371
f 3084 3041 2939
f 2939 3041 2930
f 2930 3041 2920
f 2930 2920 2919
f 3371 3396 3390
f 3390 3396 3413
f 3390 3413 3444
f 3444 3413 3433
f 3761 3724 3760
f 3760 3724 3688
f 3760 3688 3587
f 3587 3688 3586
f 3587 3586 3469
f 3469 3586 3496
f 3469 3496 3446
f 3446 3496 3444
f 3446 3444 3439
f 3439 3444 3433
f 3761 3760 3796
f 3761 3796 3795
f 3795 3796 3814
f 3795 3814 3815
f 4545 4535 4388
f 2865 2927 3073
f 3353 3270 2865
f 2865 3270 2884
f 2865 2884 2815
f 2865 3073 3353
f 3353 3073 3200
f 3353 3200 3212
f 3252 3277 3436
f 3277 3278 3436
f 3436 3278 3263
f 3436 3263 3253
f 4355 4169 4260
f 4260 4169 4105
f 4502 4388 4481
f 4481 4388 4169
f 4481 4169 4412
f 4412 4169 4355
f 4502 4504 4388
f 4388 4504 4539
f 4388 4539 4545
f 4105 4169 4068
f 4068 4169 4057
f 4068 4057 3995
f 3725 3790 3845
f 3845 3790 3946
f 3946 3790 3943
f 3946 3943 3995
f 3995 3943 3989
f 3995 3989 4068
f 3212 3252 3353
f 3353 3252 3436
f 3353 3436 3504
f 3504 3436 3608
f 3504 3608 3689
f 3689 3608 3725
f 3689 3725 3741
f 3741 3725 3845
f 3830 3831 3833
f 3833 3831 3815
f 3833 3815 3814
f 3808 3812 3830
f 3830 3812 3832
f 3830 3832 3831
f 3811 3812 3807
f 3807 3812 3808
f 3807 3808 3802
f 3802 3808 3765
f 3802 3765 3764
f 3764 3765 3730
f 3764 3730 3729
f 3755 3785 3770
f 3807 3802 3803
f 3767 3799 3791
f 3735 3745 3767
f 3799 3825 3791
f 3791 3825 3826
f 3791 3826 3803
f 3803 3826 3820
f 3803 3820 3807
f 3807 3820 3818
f 3807 3818 3811
f 3755 3770 3735
f 3764 3729 3770
f 3770 3729 3732
f 3770 3732 3735
f 3735 3767 3755
f 3755 3767 3791
f 3755 3791 3785
f 3785 3791 3803
f 3785 3803 3770
f 3770 3803 3802
f 3770 3802 3764
f 4336 4390 4418
f 4418 4390 4436
f 4418 4436 4444
f 3745 4336 3767
f 3767 4336 4418
f 3767 4418 3799
f 3799 4418 3827
f 3799 3827 3825
f 3825 3827 3826
f 2039 2255 2079
f 2667 2724 2600
f 1803 1869 1902
f 1841 1872 1890
f 1890 1872 2026
f 1508 1491 1699
f 1699 1491 1492
f 1699 1492 1502
f 1873 1582 1748
f 1748 1582 1508
f 1748 1508 1637
f 1637 1508 1699
f 2109 2074 2063
f 2194 2159 2109
f 2109 2063 2194
f 2194 2063 2012
f 2194 2012 2079
f 2481 2412 2255
f 2255 2412 2351
f 2255 2351 2079
f 2079 2351 2262
f 2079 2262 2194
f 2012 1902 2079
f 2079 1902 1869
f 2079 1869 2039
f 2039 1869 1803
f 2039 1803 1873
f 1873 1803 1679
f 1873 1679 1582
f 2598 2567 2522
f 2522 2567 2399
f 2522 2399 2486
f 2486 2399 2263
f 2486 2263 2348
f 2348 2263 2099
f 2348 2099 2320
f 2320 2099 2166
f 2099 1960 2166
f 2166 1960 1890
f 2166 1890 2157
f 2157 1890 2026
f 2157 2026 2087
f 1699 1841 1637
f 1637 1841 1890
f 1637 1890 1748
f 1748 1890 1960
f 1748 1960 1873
f 1873 1960 2099
f 1873 2099 2039
f 2039 2099 2263
f 2039 2263 2255
f 2255 2263 2399
f 2255 2399 2481
f 2481 2399 2567
f 2481 2567 2600
f 2600 2567 2598
f 2600 2598 2667
f 4419 4418 4444
f 4444 4448 4419
f 4419 4448 4454
f 4419 4454 4452
f 4452 4454 4464
f 4452 4464 4504
f 4504 4464 4478
f 4531 4532 4528
f 4528 4532 4535
f 4528 4535 4527
f 4527 4535 4545
f 4527 4545 4543
f 4543 4545 4539
f 4543 4539 4547
f 4547 4539 4504
f 4547 4504 4508
f 4508 4504 4478
f 2489 2490 2606
f 2854 3246 3341
f 3559 3643 3341
f 3341 3643 3768
f 3341 3768 2854
f 2854 3768 3906
f 2854 3906 3924
f 3559 3341 3514
f 3514 3341 3403
f 3514 3403 3429
f 2489 2606 2519
f 2854 2846 3246
f 3246 2846 2819
f 3246 2819 3127
f 3127 2819 2743
f 3127 2743 2606
f 2606 2743 2621
f 2606 2621 2519
f 3121 2542 2670
f 2542 3121 2334
f 2334 3121 1830
f 2334 1830 2178
f 3056 2773 2669
f 2669 2528 3056
f 3056 2528 1757
f 3056 1757 1509
f 1509 1757 1479
f 2528 2333 1757
f 1757 2333 2177
f 1757 2177 1711
f 1711 2177 2092
f 1711 2092 1658
f 1658 2092 2178
f 1658 2178 1827
f 1827 2178 1830
f 2773 3056 2803
f 2803 3056 3101
f 2803 3101 2774
f 2774 3101 3334
f 2774 3334 2670
f 2670 3334 3121
f 3121 3334 3372
f 3121 3372 3385
f 3385 3421 3419
f 3248 3121 3329
f 3329 3121 3385
f 3329 3385 3362
f 3362 3385 3419
f 3362 3419 3387
f 1558 1531 1520
f 1520 1531 1526
f 1520 1526 1527
f 1509 1479 1493
f 1493 1506 1509
f 1509 1506 1556
f 1509 1556 1520
f 1520 1556 1598
f 1520 1598 1558
f 1778 1774 1737
f 1696 1764 1702
f 1702 1764 1771
f 1702 1771 1737
f 1737 1771 1781
f 1737 1781 1778
f 1696 1695 1764
f 1764 1695 1693
f 1764 1693 1739
f 1693 1678 1739
f 1739 1678 1667
f 1739 1667 1692
f 1692 1667 1664
f 1692 1664 1687
f 1664 1642 1687
f 1687 1642 1641
f 1687 1641 1649
f 1649 1641 1623
f 1649 1623 1601
f 1601 1623 1598
f 1601 1598 1588
f 1588 1598 1556
f 3235 3237 3338
f 3154 3120 3155
f 3155 3120 3124
f 3155 3124 3157
f 3157 3237 3155
f 3155 3237 3235
f 3155 3235 3154
f 3154 3235 3244
f 3317 3337 3244
f 3317 3365 3337
f 3337 3365 3395
f 3337 3395 3392
f 3392 3395 3418
f 3392 3418 3417
f 3417 3418 3422
f 3417 3422 3420
f 3244 3235 3317
f 3317 3235 3338
f 3317 3338 3365
f 3365 3338 3401
f 3365 3401 3395
f 3395 3401 3427
f 3395 3427 3418
f 3418 3427 3423
f 3418 3423 3422
f 3400 3426 3425
f 3124 3125 3157
f 3157 3125 3236
f 3157 3236 3237
f 3237 3236 3339
f 3237 3339 3338
f 3338 3339 3400
f 3338 3400 3401
f 3401 3400 3425
f 3401 3425 3427
f 1384 1379 1370
f 1370 1379 1349
f 1370 1349 1343
f 1343 1349 1339
f 1343 1339 1336
f 1336 1339 1351
f 1336 1351 1350
f 1350 1351 1365
f 1365 1351 1376
f 1376 1351 1410
f 1376 1410 1466
f 1466 1410 1490
f 1466 1490 1583
f 1619 1583 1565
f 1565 1583 1490
f 1565 1490 1532
f 1532 1490 1410
f 1532 1410 1496
f 2776 2775 2603
f 2603 2775 2653
f 2320 2480 2348
f 2348 2480 2476
f 2348 2476 2486
f 2320 2166 2480
f 2480 2166 2157
f 2480 2157 2087
f 2087 2156 2480
f 2480 2156 2322
f 2480 2322 2518
f 2518 2322 2350
f 2518 2350 2653
f 2653 2350 2554
f 2653 2554 2603
f 2856 2844 2846
f 2919 2920 2913
f 2913 2920 2856
f 2913 2856 2854
f 2854 2856 2846
f 2819 2846 2793
f 2793 2846 2844
f 2793 2844 2776
f 2776 2844 2790
f 2776 2790 2775
f 2854 3924 2913
f 2913 3924 3941
f 2913 3941 2919
f 3966 2939 3941
f 3941 2939 2930
f 3941 2930 2919
f 3404 3428 3429
f 3429 3403 3404
f 3404 3403 3341
f 3404 3341 3340
f 3340 3341 3309
f 3309 3341 3246
f 3309 3246 3245
f 3245 3246 3127
f 3245 3127 3126
f 3126 3122 3231
f 3419 3421 3424
f 3419 3424 3387
f 3126 3231 3245
f 3245 3231 3308
f 3245 3308 3309
f 3309 3308 3363
f 3309 3363 3340
f 3340 3363 3405
f 3340 3405 3404
f 3428 3404 3424
f 3424 3404 3405
f 3424 3405 3387
f 3387 3405 3363
f 3387 3363 3362
f 3362 3363 3308
f 3362 3308 3329
f 3329 3308 3231
f 3329 3231 3248
f 3248 3231 3122
f 3248 3122 3121
f 3335 3334 3101
f 3336 3335 3298
f 3298 3335 3199
f 3199 3335 3100
f 3100 3335 3101
f 3100 3101 3068
f 3068 3101 3056
f 3068 3056 3043
f 3043 3056 3033
f 3033 3056 3049
f 3033 3049 3046
f 3046 3045 3033
f 3033 3045 3040
f 3033 3040 3035
f 2992 2994 3035
f 2977 2955 2969
f 2976 3007 2969
f 2969 3007 2988
f 2969 2988 2977
f 3035 3027 2992
f 2992 3027 3020
f 2992 3020 2976
f 2976 3020 3017
f 2976 3017 3007
f 2994 3002 3035
f 3035 3002 3001
f 3035 3001 3033
f 3033 3001 2996
f 3033 2996 2991
f 2957 2966 2968
f 2968 2966 3033
f 2968 3033 2981
f 2981 3033 2991
f 2957 2945 2966
f 2966 2945 2948
f 2966 2948 2982
f 3013 3012 3004
f 3004 2954 3013
f 3013 2954 2959
f 3013 2959 2965
f 3004 2999 2954
f 2954 2999 2989
f 2954 2989 2948
f 2948 2989 2985
f 2948 2985 2982
f 2965 2973 3013
f 3013 2973 2979
f 3013 2979 3009
f 3009 2979 2983
f 2983 2980 3009
f 3009 2980 2974
f 3009 2974 3000
f 3000 2974 2970
f 3000 2970 2990
f 2990 2970 2960
f 2956 2971 2960
f 2960 2971 2975
f 2960 2975 2990
f 2977 2964 2955
f 2955 2964 2952
f 2955 2952 2949
f 2949 2952 2950
f 2949 2950 2946
f 2946 2950 2951
f 2946 2951 2956
f 2956 2951 2962
f 2956 2962 2971
f 1218 1208 809
f 659 682 738
f 676 695 809
f 1208 821 809
f 809 821 793
f 809 793 676
f 692 696 695
f 695 696 707
f 695 707 809
f 809 707 861
f 809 861 1218
f 1218 861 1241
f 676 659 695
f 695 659 738
f 695 738 692
f 692 738 717
f 682 721 738
f 738 721 846
f 738 846 989
f 989 846 1067
f 989 1067 1113
f 717 738 743
f 743 738 989
f 743 989 925
f 925 989 1113
f 925 1113 1153
f 793 821 805
f 1070 1067 846
f 632 665 728
f 831 1074 1169
f 1223 1139 787
f 787 1139 1103
f 665 679 728
f 728 679 697
f 728 697 831
f 607 584 604
f 606 579 603
f 603 579 576
f 708 1093 959
f 959 730 708
f 708 730 672
f 708 672 612
f 1173 1093 762
f 762 1093 708
f 762 708 603
f 603 708 612
f 603 612 606
f 770 1213 762
f 762 1213 1206
f 762 1206 1173
f 821 1208 1213
f 1091 1082 826
f 826 1082 1072
f 826 1072 1070
f 770 762 634
f 634 762 603
f 634 603 607
f 607 603 576
f 607 576 584
f 821 1213 805
f 805 1213 770
f 805 770 638
f 638 770 634
f 638 634 639
f 639 634 607
f 639 607 728
f 728 607 604
f 728 604 632
f 669 787 826
f 826 787 1103
f 826 1103 1091
f 1169 1223 783
f 783 1223 787
f 783 787 643
f 643 787 669
f 643 669 657
f 657 669 659
f 657 659 676
f 1070 846 826
f 826 846 721
f 826 721 669
f 669 721 682
f 669 682 659
f 831 1169 728
f 728 1169 783
f 728 783 639
f 639 783 643
f 639 643 638
f 638 643 657
f 638 657 805
f 805 657 676
f 805 676 793
f 1912 1698 1009
f 1009 1698 1395
f 1009 1395 1011
f 1011 1395 1430
f 1011 1430 1010
f 1010 1430 1452
f 1010 1452 1014
f 1014 1452 1469
f 1014 1469 1015
f 1015 1469 1725
f 1015 1725 1949
f 1021 2949 1019
f 1019 2949 2946
f 1019 2946 1018
f 1018 2946 2956
f 1018 2956 1017
f 1017 2956 2960
f 1017 2960 1016
f 1016 2960 2970
f 1016 2970 1012
f 1012 2970 2974
f 1012 2974 1013
f 1013 2974 2980
f 1013 2980 1009
f 1009 2980 2983
f 1009 2983 1912
f 1912 2983 2979
f 1912 2979 1929
f 1929 2979 2973
f 1929 2973 1941
f 1941 2973 2965
f 1941 2965 1949
f 1949 2965 2959
f 1949 2959 1015
f 1015 2959 2954
f 1015 2954 1020
f 1020 2954 2948
f 1020 2948 1022
f 1022 2948 2945
f 1022 2945 1023
f 1023 2945 2957
f 1023 2957 1025
f 1025 2957 2968
f 1025 2968 1026
f 1026 2968 2981
f 1026 2981 1027
f 1027 2981 2991
f 1027 2991 1031
f 2991 2996 1031
f 1031 2996 3001
f 1031 3001 1032
f 1032 3001 3002
f 1032 3002 1028
f 1028 3002 2994
f 1028 2994 1029
f 1029 2994 2992
f 1029 2992 1030
f 1030 2992 2976
f 1030 2976 1024
f 1024 2976 2969
f 1024 2969 1021
f 1021 2969 2955
f 1021 2955 2949
f 504 509 516
f 1850 1839 1753
f 1753 1839 1703
f 1753 1703 1691
f 1691 1703 1585
f 1585 1703 1486
f 1585 1486 1357
f 1288 1152 1357
f 479 495 483
f 483 495 503
f 1589 1391 1640
f 1640 1391 1685
f 1640 1685 1697
f 1697 1685 1733
f 1839 1802 1703
f 1703 1802 1705
f 1703 1705 1486
f 1486 1705 1484
f 1486 1484 1282
f 1357 1486 1288
f 1288 1486 1282
f 1288 1282 1152
f 1152 1282 951
f 1152 951 854
f 854 951 688
f 854 688 701
f 701 688 593
f 701 593 602
f 675 772 784
f 784 772 1134
f 784 1134 1038
f 1517 1337 1367
f 1367 1337 1244
f 1367 1244 1134
f 1134 1244 1064
f 1134 1064 1038
f 629 557 562
f 562 557 496
f 562 496 503
f 503 496 484
f 503 484 483
f 495 504 503
f 503 504 516
f 503 516 562
f 562 516 583
f 562 583 629
f 629 583 656
f 629 656 807
f 807 656 876
f 807 876 1182
f 1182 876 1260
f 1182 1260 1391
f 1391 1260 1449
f 1391 1449 1685
f 518 555 560
f 560 555 565
f 560 565 593
f 593 565 592
f 593 592 602
f 1545 1517 1589
f 1589 1517 1367
f 1589 1367 1391
f 1391 1367 1134
f 1391 1134 1182
f 1182 1134 772
f 1182 772 807
f 807 772 675
f 807 675 629
f 629 675 588
f 629 588 557
f 1802 1733 1705
f 1705 1733 1685
f 1705 1685 1484
f 1484 1685 1449
f 1484 1449 1282
f 1282 1449 1260
f 1282 1260 951
f 951 1260 876
f 951 876 688
f 688 876 656
f 688 656 593
f 593 656 583
f 593 583 560
f 560 583 516
f 560 516 518
f 518 516 509
f 961 996 863
f 1805 1906 1975
f 831 697 795
f 1622 1328 1577
f 1577 1328 1372
f 795 697 712
f 712 697 679
f 712 679 605
f 679 644 605
f 605 644 627
f 605 627 582
f 582 627 597
f 582 597 559
f 559 597 572
f 559 572 555
f 555 572 565
f 572 576 565
f 565 576 579
f 565 579 592
f 1093 1116 1322
f 1322 1116 1147
f 1322 1147 1307
f 1753 1691 1608
f 1608 1691 1585
f 1608 1585 1357
f 1850 1801 1892
f 1892 1801 1760
f 1892 1760 1968
f 2103 2144 1946
f 2056 1956 1923
f 1923 1956 1787
f 1923 1787 1824
f 1542 1381 1151
f 1280 1324 1238
f 1151 1217 1542
f 1542 1217 1238
f 1542 1238 1369
f 1369 1238 1324
f 1238 1227 1280
f 1280 1227 1168
f 1280 1168 1160
f 1160 1168 1102
f 1160 1102 1094
f 1102 1076 1094
f 1094 1076 1073
f 1094 1073 1114
f 1114 1073 1108
f 1229 1346 1171
f 1171 1346 1299
f 1171 1299 1108
f 1108 1299 1185
f 1108 1185 1114
f 1229 1251 1346
f 1346 1251 1265
f 1346 1265 1409
f 1409 1265 1383
f 1409 1383 1580
f 1580 1383 1660
f 1660 1383 1602
f 1660 1602 1731
f 1805 1975 1602
f 1602 1975 1864
f 1602 1864 1731
f 1855 1788 1804
f 1804 1788 1543
f 1804 1543 1726
f 1726 1543 1569
f 1726 1569 1632
f 1543 1316 1569
f 1569 1316 1328
f 1569 1328 1632
f 1632 1328 1622
f 1381 1314 1100
f 961 863 840
f 719 753 863
f 863 753 768
f 863 768 840
f 750 837 766
f 750 766 716
f 716 766 745
f 716 745 719
f 719 745 747
f 719 747 753
f 1207 1109 1090
f 1090 1109 960
f 837 750 960
f 960 750 852
f 960 852 1090
f 1090 852 982
f 1090 982 1316
f 1316 982 1128
f 1316 1128 1328
f 1328 1128 1101
f 1328 1101 1372
f 1372 1101 1074
f 1372 1074 1230
f 1230 1074 1058
f 1230 1058 795
f 795 1058 1074
f 795 1074 831
f 646 705 757
f 757 705 780
f 757 780 860
f 614 601 613
f 613 601 646
f 613 646 645
f 645 646 757
f 610 600 614
f 614 600 594
f 614 594 601
f 614 647 610
f 610 647 760
f 610 760 681
f 868 1100 1147
f 1147 1100 1314
f 1147 1314 1307
f 868 863 1100
f 1100 863 996
f 1100 996 1381
f 1381 996 1055
f 1381 1055 1151
f 1521 1591 1787
f 1787 1591 1673
f 1787 1673 1824
f 2056 2103 1956
f 1956 2103 1946
f 1956 1946 1787
f 1787 1946 1759
f 1787 1759 1521
f 1855 1906 1788
f 1788 1906 1805
f 1788 1805 1543
f 1543 1805 1602
f 1543 1602 1316
f 1316 1602 1383
f 1316 1383 1090
f 1090 1383 1265
f 1090 1265 1207
f 1207 1265 1251
f 1753 1608 1850
f 1850 1608 1551
f 1850 1551 1801
f 1801 1551 1521
f 1801 1521 1760
f 1760 1521 1759
f 1760 1759 1968
f 1968 1759 1946
f 1968 1946 2101
f 2101 1946 2144
f 2101 2144 2179
f 579 606 592
f 592 606 612
f 592 612 602
f 602 612 672
f 602 672 701
f 701 672 730
f 701 730 854
f 854 730 959
f 854 959 1152
f 1152 959 1093
f 1152 1093 1357
f 1357 1093 1322
f 1357 1322 1608
f 1608 1322 1307
f 1608 1307 1551
f 1551 1307 1314
f 1551 1314 1521
f 1521 1314 1381
f 1521 1381 1591
f 1591 1381 1542
f 1591 1542 1673
f 860 982 757
f 757 982 852
f 757 852 645
f 645 852 750
f 645 750 613
f 613 750 716
f 613 716 614
f 614 716 719
f 614 719 647
f 647 719 863
f 647 863 760
f 760 863 868
f 760 868 681
f 2179 2144 2145
f 2145 2144 2103
f 2145 2103 2102
f 2280 2139 2269
f 2269 2139 2256
f 1947 2089 2139
f 2139 2089 2160
f 2139 2160 2256
f 2139 2013 1947
f 1947 2013 1930
f 1947 1930 1900
f 1900 1930 1843
f 1843 1930 1882
f 1843 1882 1680
f 1680 1882 1644
f 1644 1882 1773
f 1644 1773 1611
f 1611 1773 1631
f 1611 1631 1494
f 1494 1631 1289
f 1289 1631 1408
f 1289 1408 934
f 1408 1267 934
f 934 1267 979
f 934 979 818
f 818 979 599
f 405 417 979
f 405 979 363
f 363 979 781
f 363 781 342
f 417 462 979
f 979 462 524
f 979 524 599
f 687 475 698
f 698 475 338
f 698 338 727
f 338 284 293
f 781 727 342
f 342 727 338
f 342 338 321
f 321 338 293
f 347 313 367
f 313 276 367
f 367 276 277
f 367 277 279
f 687 677 416
f 416 677 411
f 416 411 367
f 367 411 386
f 367 386 347
f 677 711 411
f 411 711 804
f 411 804 422
f 422 804 878
f 422 878 494
f 494 878 1006
f 494 1006 568
f 568 1006 671
f 671 1006 1164
f 671 1164 1107
f 1164 1285 1107
f 1107 1285 1457
f 1107 1457 1248
f 1248 1457 1645
f 1669 1604 1645
f 1645 1604 1377
f 1645 1377 1248
f 1858 1799 1893
f 1893 1799 1909
f 1893 1909 2009
f 1858 1780 1799
f 1799 1780 1663
f 1799 1663 1669
f 1669 1663 1609
f 1669 1609 1604
f 2234 2329 2298
f 2296 2308 2252
f 2252 2308 2181
f 2252 2181 2167
f 2167 2181 1967
f 1967 2181 1980
f 1967 1980 1939
f 1939 1980 1888
f 1939 1888 1818
f 1818 1888 1783
f 1818 1783 1626
f 1626 1783 1625
f 1626 1625 1586
f 1586 1625 1412
f 1586 1412 1274
f 847 1004 797
f 797 1004 765
f 797 765 596
f 514 504 495
f 765 630 596
f 596 630 514
f 596 514 505
f 505 514 495
f 505 495 479
f 555 518 559
f 559 518 574
f 1612 1581 1539
f 1539 1581 1578
f 1539 1578 1372
f 1372 1578 1576
f 1372 1576 1577
f 1612 1539 1650
f 1650 1539 1511
f 1650 1511 1688
f 2171 2068 2058
f 2058 2068 1957
f 2058 1957 1950
f 1950 1957 1880
f 1950 1880 1846
f 1846 1880 1796
f 1846 1796 1688
f 1688 1796 1670
f 1688 1670 1650
f 699 605 574
f 574 605 582
f 574 582 559
f 1175 1230 869
f 869 1230 795
f 869 795 699
f 699 795 712
f 699 712 605
f 518 509 574
f 574 509 561
f 574 561 699
f 699 561 667
f 699 667 869
f 869 667 832
f 869 832 1175
f 1175 832 1126
f 2298 2218 2234
f 2234 2218 2171
f 2234 2171 2045
f 2045 2171 2058
f 2045 2058 1935
f 1935 2058 1950
f 1935 1950 1834
f 1834 1950 1846
f 1834 1846 1665
f 1665 1846 1688
f 1665 1688 1485
f 1485 1688 1511
f 1485 1511 1126
f 1126 1511 1539
f 1126 1539 1175
f 1175 1539 1372
f 1175 1372 1230
f 847 931 1004
f 1004 931 1274
f 1004 1274 1447
f 1447 1274 1412
f 1447 1412 1648
f 1648 1412 1625
f 1648 1625 1813
f 1813 1625 1783
f 1813 1783 1914
f 1914 1783 1888
f 1914 1888 2011
f 2011 1888 1980
f 2011 1980 2208
f 2208 1980 2181
f 2208 2181 2316
f 2316 2181 2308
f 509 504 561
f 561 504 514
f 561 514 667
f 667 514 630
f 667 630 832
f 832 630 765
f 832 765 1126
f 1126 765 1004
f 1126 1004 1485
f 1485 1004 1447
f 1485 1447 1665
f 1665 1447 1648
f 1665 1648 1834
f 1834 1648 1813
f 1834 1813 1935
f 1935 1813 1914
f 1935 1914 2045
f 2045 1914 2011
f 2045 2011 2234
f 2234 2011 2208
f 2234 2208 2329
f 2329 2208 2316
f 4693 4753 4694
f 4694 4753 4801
f 4694 4801 4654
f 4654 4801 4708
f 4654 4708 4597
f 4573 4571 4712
f 4583 4597 4708
f 4747 4717 4722
f 4722 4717 4638
f 4638 4614 4722
f 4722 4614 4593
f 4722 4593 4719
f 4571 4583 4712
f 4712 4583 4708
f 4712 4708 4806
f 4806 4708 4801
f 4806 4808 4712
f 4712 4808 4719
f 4712 4719 4573
f 4573 4719 4593
f 4808 4811 4719
f 4719 4811 4817
f 4719 4817 4722
f 4722 4817 4815
f 4722 4815 4747
f 4489 4434 4639
f 4376 4372 4519
f 4513 4533 4638
f 4518 4419 4452
f 4602 4748 4519
f 4519 4748 4718
f 4386 4376 4409
f 4409 4376 4519
f 4409 4519 4434
f 4434 4519 4718
f 4434 4718 4639
f 4585 4536 4516
f 4585 4516 4639
f 4639 4516 4507
f 4639 4507 4489
f 4502 4513 4504
f 4504 4513 4638
f 4504 4638 4452
f 4452 4638 4717
f 4452 4717 4518
f 4518 4717 4747
f 4518 4747 4601
f 4816 4748 4850
f 4850 4748 4602
f 4850 4602 4866
f 4866 4602 4633
f 4866 4633 4882
f 4881 4883 4632
f 4632 4883 4885
f 4632 4885 4633
f 4633 4885 4884
f 4633 4884 4882
f 4881 4632 4865
f 4865 4632 4601
f 4865 4601 4849
f 4849 4601 4747
f 4849 4747 4815
f 4412 4421 4481
f 4481 4421 4488
f 4533 4513 4488
f 4488 4513 4502
f 4488 4502 4481
f 4105 4104 4260
f 4260 4104 4287
f 4260 4287 4355
f 4355 4287 4354
f 4355 4354 4412
f 4412 4354 4415
f 4412 4415 4421
f 4536 4515 4516
f 4516 4515 4506
f 4516 4506 4507
f 4612 4639 4718
f 4588 4572 4713
f 4713 4572 4574
f 4713 4574 4720
f 4802 4709 4713
f 4713 4709 4598
f 4713 4598 4588
f 4574 4594 4720
f 4720 4594 4612
f 4720 4612 4723
f 4723 4612 4718
f 4723 4718 4748
f 4802 4713 4807
f 4807 4713 4720
f 4807 4720 4812
f 4812 4720 4723
f 4812 4723 4818
f 4818 4723 4748
f 4818 4748 4816
f 4695 4696 4755
f 4755 4696 4802
f 4802 4696 4709
f 4709 4696 4656
f 4709 4656 4598
f 1345 1348 1331
f 1331 1348 785
f 517 507 785
f 785 507 640
f 785 640 1331
f 1348 1345 1335
f 1335 1121 1348
f 1348 1121 849
f 1348 849 995
f 995 849 796
f 796 849 729
f 796 729 702
f 702 729 674
f 702 674 661
f 4695 4755 4767
f 4699 4695 4716
f 4716 4695 4767
f 4716 4767 4735
f 4735 4767 4780
f 4755 4802 4832
f 4755 4832 4767
f 4767 4832 4853
f 4767 4853 4780
f 3783 3782 3876
f 4051 4050 3876
f 3876 4050 4018
f 3876 4018 3783
f 4672 4649 4080
f 4080 4649 4631
f 4080 4350 4672
f 4672 4350 4578
f 4672 4578 4579
f 4721 4697 4738
f 4738 4697 4687
f 4738 4687 4671
f 4671 4687 4563
f 4671 4563 4648
f 4648 4563 4630
f 4149 4587 4563
f 4563 4587 4603
f 4563 4603 4630
f 3779 3778 3907
f 3907 3778 3949
f 3907 3949 4149
f 4149 3949 4188
f 4149 4188 4587
f 4631 4604 4080
f 4080 4604 4589
f 4080 4589 4359
f 4359 4136 4080
f 4080 4136 4018
f 4080 4018 4069
f 4069 4018 4050
f 4721 4738 4734
f 4734 4738 4783
f 4734 4783 4760
f 4760 4783 4835
f 4760 4835 4803
f 4803 4835 4871
f 4803 4871 4829
f 4829 4871 4891
f 4829 4891 4830
f 4579 4635 4672
f 4672 4635 4699
f 4672 4699 4739
f 4739 4699 4716
f 4739 4716 4784
f 4784 4716 4735
f 4784 4735 4836
f 4836 4735 4761
f 4836 4761 4872
f 4872 4761 4804
f 4872 4804 4892
f 4892 4804 4830
f 4892 4830 4901
f 4901 4830 4891
f 4721 4734 4778
f 4831 4801 4766
f 4766 4801 4753
f 4766 4753 4693
f 4851 4831 4778
f 4778 4831 4766
f 4778 4766 4721
f 4721 4766 4693
f 4721 4693 4697
f 4811 4808 4819
f 4808 4806 4819
f 4819 4806 4801
f 4819 4801 4825
f 4831 4851 4845
f 4845 4851 4859
f 4845 4859 4839
f 4839 4859 4837
f 4839 4837 4827
f 4801 4831 4825
f 4825 4831 4845
f 4825 4845 4819
f 4819 4845 4839
f 4819 4839 4811
f 4811 4839 4827
f 4811 4827 4817
f 4817 4827 4837
f 4817 4837 4815
f 4913 4889 4886
f 4849 4815 4837
f 4850 4866 4879
f 4850 4879 4816
f 4866 4882 4905
f 4905 4882 4884
f 4905 4884 4910
f 4910 4884 4885
f 4910 4885 4904
f 4885 4883 4904
f 4904 4883 4881
f 4904 4881 4877
f 4877 4881 4865
f 4877 4865 4849
f 4877 4889 4904
f 4904 4889 4913
f 4904 4913 4910
f 4910 4913 4924
f 4910 4924 4905
f 4905 4924 4914
f 4816 4879 4838
f 4838 4879 4890
f 4838 4890 4861
f 4861 4890 4887
f 4861 4887 4853
f 4866 4905 4879
f 4879 4905 4914
f 4879 4914 4890
f 4890 4914 4912
f 4890 4912 4887
f 4886 4911 4913
f 4913 4911 4917
f 4913 4917 4924
f 4924 4917 4923
f 4924 4923 4914
f 4914 4923 4918
f 4914 4918 4912
f 4849 4837 4877
f 4877 4837 4859
f 4877 4859 4889
f 4889 4859 4851
f 4889 4851 4886
f 4386 4377 4376
f 4376 4377 4373
f 4376 4373 4372
f 3828 3827 4147
f 4147 3827 4418
f 4419 4518 4418
f 4418 4518 4601
f 4418 4601 4147
f 4147 4601 4632
f 4632 4633 4147
f 4147 4633 4602
f 4147 4602 4371
f 4371 4602 4519
f 4371 4519 4372
f 3425 3426 3481
f 3454 3481 3479
f 3479 3481 3513
f 3479 3513 3480
f 3454 3422 3423
f 3454 3423 3481
f 3481 3423 3427
f 3481 3427 3425
f 3609 3610 3581
f 3481 3611 3513
f 3513 3611 3609
f 3513 3609 3548
f 3548 3609 3581
f 4812 4820 4807
f 4807 4820 4802
f 4861 4853 4846
f 4846 4853 4832
f 4832 4826 4846
f 4846 4826 4840
f 4846 4840 4861
f 4861 4840 4828
f 4861 4828 4838
f 4816 4838 4818
f 4818 4838 4828
f 4818 4828 4812
f 4812 4828 4840
f 4812 4840 4820
f 4820 4840 4826
f 4820 4826 4802
f 4802 4826 4832
f 4803 4851 4760
f 4760 4851 4778
f 4760 4778 4734
f 4735 4780 4761
f 4761 4780 4853
f 4761 4853 4804
f 4853 4887 4804
f 4804 4887 4912
f 4804 4912 4830
f 4912 4918 4830
f 4830 4918 4923
f 4830 4923 4829
f 4923 4917 4829
f 4829 4917 4911
f 4829 4911 4803
f 4803 4911 4886
f 4803 4886 4851
f 4611 4605 4202
f 3967 3856 3884
f 3954 3809 3838
f 3797 3950 3780
f 3780 3950 3949
f 3780 3949 3778
f 4599 4587 4196
f 4196 4587 4188
f 4605 4599 4202
f 4202 4599 4196
f 4202 4196 3950
f 3950 4196 4188
f 3950 4188 3949
f 4214 3954 3965
f 3965 3954 3838
f 3965 3838 3856
f 4618 4611 4214
f 4214 4611 4202
f 4214 4202 3954
f 3954 4202 3950
f 3954 3950 3809
f 3809 3950 3797
f 4220 4624 4621
f 3856 3967 3965
f 3965 3967 4220
f 3965 4220 4214
f 4214 4220 4621
f 4214 4621 4618
f 3884 3968 3967
f 3967 3968 4093
f 3967 4093 4220
f 4220 4093 4221
f 4220 4221 4624
f 4624 4221 4538
f 4624 4538 4625
f 4624 4625 4646
f 4640 4630 4603
f 4621 4624 4642
f 4642 4624 4646
f 4642 4646 4665
f 4665 4646 4669
f 4621 4642 4618
f 4618 4642 4665
f 4618 4665 4611
f 4611 4665 4655
f 4611 4655 4605
f 4605 4655 4640
f 4605 4640 4599
f 4599 4640 4603
f 4599 4603 4587
f 4648 4630 4640
f 4648 4640 4663
f 4663 4640 4655
f 4663 4655 4673
f 4673 4655 4665
f 4673 4665 4681
f 4681 4665 4669
f 4681 4669 4685
f 4648 4663 4683
f 4648 4683 4671
f 4671 4683 4751
f 4671 4751 4738
f 4738 4751 4797
f 4738 4797 4783
f 4783 4797 4863
f 4783 4863 4835
f 4835 4863 4893
f 4835 4893 4871
f 4871 4893 4915
f 4871 4915 4891
f 4891 4915 4925
f 4891 4925 4901
f 4901 4925 4916
f 4901 4916 4892
f 4892 4916 4894
f 4892 4894 4872
f 4872 4894 4864
f 4872 4864 4836
f 4836 4864 4798
f 4836 4798 4784
f 4784 4798 4752
f 4784 4752 4739
f 4739 4752 4684
f 4739 4684 4672
f 4649 4672 4664
f 4664 4672 4684
f 4664 4684 4674
f 4682 4674 4705
f 4810 4782 4775
f 4775 4782 4727
f 4775 4727 4715
f 4715 4727 4688
f 4715 4688 4682
f 4810 4775 4858
f 4858 4775 4842
f 4858 4842 4896
f 4896 4842 4900
f 4896 4900 4909
f 4909 4900 4935
f 4909 4935 4941
f 4941 4935 4949
f 4941 4949 4954
f 4895 4908 4899
f 4899 4908 4940
f 4899 4940 4934
f 4934 4940 4953
f 4934 4953 4948
f 4948 4953 4955
f 4948 4955 4950
f 4950 4955 4959
f 4950 4959 4949
f 4949 4959 4956
f 4949 4956 4954
f 4895 4899 4857
f 4857 4899 4841
f 4857 4841 4809
f 4809 4841 4773
f 4809 4773 4777
f 4777 4773 4714
f 4777 4714 4726
f 4726 4714 4681
f 4726 4681 4685
f 4682 4705 4715
f 4715 4705 4765
f 4715 4765 4775
f 4775 4765 4822
f 4775 4822 4842
f 4842 4822 4880
f 4842 4880 4900
f 4900 4880 4922
f 4900 4922 4935
f 4935 4922 4937
f 4935 4937 4949
f 4949 4937 4944
f 4949 4944 4950
f 4950 4944 4936
f 4950 4936 4948
f 4948 4936 4921
f 4948 4921 4934
f 4934 4921 4878
f 4934 4878 4899
f 4899 4878 4821
f 4899 4821 4841
f 4841 4821 4764
f 4841 4764 4773
f 4773 4764 4704
f 4773 4704 4714
f 4714 4704 4673
f 4714 4673 4681
f 4674 4684 4705
f 4705 4684 4752
f 4705 4752 4765
f 4765 4752 4798
f 4765 4798 4822
f 4822 4798 4864
f 4822 4864 4880
f 4880 4864 4894
f 4880 4894 4922
f 4922 4894 4916
f 4922 4916 4937
f 4937 4916 4925
f 4937 4925 4944
f 4944 4925 4915
f 4944 4915 4936
f 4936 4915 4893
f 4936 4893 4921
f 4921 4893 4863
f 4921 4863 4878
f 4878 4863 4797
f 4878 4797 4821
f 4821 4797 4751
f 4821 4751 4764
f 4764 4751 4683
f 4764 4683 4704
f 4704 4683 4663
f 4704 4663 4673
f 4631 4649 4664
f 4631 4664 4641
f 4641 4664 4674
f 4641 4674 4657
f 4657 4674 4682
f 4657 4682 4666
f 4666 4682 4688
f 4666 4688 4670
f 4604 4631 4641
f 4626 4623 4643
f 4643 4623 4620
f 4643 4620 4666
f 4666 4620 4657
f 4604 4641 4589
f 4666 4670 4643
f 4643 4670 4647
f 4643 4647 4626
f 4626 4647 4627
f 4620 4613 4657
f 4657 4613 4606
f 4657 4606 4641
f 4641 4606 4600
f 4641 4600 4589
f 4136 4359 4367
f 3784 4019 3798
f 3798 4019 4021
f 3798 4021 3810
f 3810 4021 4033
f 3810 4033 3834
f 3834 4033 4034
f 3834 4034 3858
f 3858 4034 4035
f 3858 4035 3885
f 4359 4589 4600
f 4136 4367 4018
f 4359 4600 4367
f 4367 4600 4606
f 4367 4606 4387
f 4387 4606 4613
f 4387 4613 4394
f 4626 4401 4623
f 4623 4401 4394
f 4623 4394 4620
f 4620 4394 4613
f 4401 4034 4394
f 4394 4034 4033
f 4394 4033 4387
f 4387 4033 4021
f 4387 4021 4367
f 4367 4021 4019
f 4367 4019 4018
f 4018 4019 3784
f 4018 3784 3783
f 4626 4627 4401
f 4401 4627 4402
f 4401 4402 4034
f 4034 4402 4094
f 4034 4094 4035
f 4660 4459 4468
f 4146 4142 4332
f 3990 3972 4059
f 4059 3972 3922
f 4939 4945 4888
f 4907 4876 4933
f 4983 4988 4999
f 4977 4988 4973
f 4973 4988 4983
f 4973 4983 4968
f 4619 4637 4711
f 4442 4402 4627
f 3819 3859 3878
f 4094 4052 4035
f 4035 4052 3819
f 4035 3819 3885
f 3885 3819 3878
f 3684 3687 3905
f 3905 3687 3707
f 3905 3707 3920
f 3920 3707 3723
f 3920 3723 3956
f 3956 3723 3819
f 3956 3819 3997
f 3997 3819 4052
f 3666 3670 3880
f 3880 3670 3674
f 3852 3664 3666
f 3776 3650 3823
f 3823 3650 3655
f 3823 3655 3852
f 3852 3655 3657
f 3852 3657 3664
f 3626 3640 3776
f 3776 3640 3647
f 3776 3647 3650
f 3776 3734 3626
f 3626 3734 3685
f 3626 3685 3617
f 4609 4653 4690
f 4690 4653 4707
f 4690 4707 4750
f 4750 4707 4756
f 4750 4756 4794
f 4794 4756 4790
f 4794 4790 4848
f 4999 4992 4983
f 4983 4992 4970
f 4983 4970 4968
f 4968 4970 4939
f 4999 5002 4992
f 4992 5002 4984
f 4992 4984 4970
f 4970 4984 4971
f 4970 4971 4939
f 4939 4971 4960
f 4939 4960 4945
f 4048 3990 4134
f 4134 3990 4059
f 4134 4059 4348
f 4609 4690 4553
f 4553 4690 4622
f 4553 4622 4423
f 4610 4662 4692
f 4692 4662 4737
f 4692 4737 4763
f 4763 4737 4788
f 4763 4788 4834
f 4834 4788 4854
f 4834 4854 4898
f 4898 4854 4903
f 4898 4903 4943
f 4305 4423 4610
f 4610 4423 4622
f 4610 4622 4662
f 4662 4622 4690
f 4662 4690 4737
f 4737 4690 4750
f 4737 4750 4788
f 4788 4750 4794
f 4788 4794 4854
f 4854 4794 4848
f 4854 4848 4903
f 4119 4048 4232
f 4232 4048 4134
f 4232 4134 4432
f 4432 4134 4348
f 4432 4348 4596
f 4146 4332 4182
f 4468 4459 4332
f 4332 4459 4356
f 4332 4356 4182
f 4725 4668 4651
f 4651 4668 4596
f 4651 4596 4497
f 4497 4596 4348
f 4497 4348 4155
f 4155 4348 4059
f 4155 4059 3986
f 3986 4059 3922
f 3986 3922 3840
f 4876 4824 4792
f 4792 4824 4781
f 4792 4781 4729
f 4729 4781 4746
f 4729 4746 4678
f 4876 4907 4824
f 4824 4907 4856
f 4824 4856 4781
f 4781 4856 4800
f 4781 4800 4746
f 3694 3842 3721
f 3721 3842 3749
f 4800 4759 4746
f 4746 4759 4701
f 4746 4701 4678
f 4678 4701 4629
f 4678 4629 4493
f 4493 4629 4358
f 4493 4358 4145
f 4145 4358 4067
f 4145 4067 3983
f 3983 4067 3910
f 3983 3910 3842
f 3842 3910 3763
f 3842 3763 3749
f 3898 3931 4037
f 4759 4725 4701
f 4701 4725 4651
f 4701 4651 4629
f 4629 4651 4497
f 4629 4497 4358
f 4358 4497 4155
f 4358 4155 4067
f 4067 4155 3986
f 4067 3986 3910
f 3910 3986 3840
f 3910 3840 3763
f 3666 3880 3852
f 3852 3880 3914
f 3852 3914 3823
f 3823 3914 3931
f 3823 3931 3776
f 3776 3931 3898
f 3776 3898 3734
f 4032 3981 4000
f 4000 3981 3936
f 4000 3936 3970
f 3970 3936 3894
f 3970 3894 3905
f 3905 3894 3682
f 3905 3682 3684
f 4102 4159 4322
f 4322 4159 4238
f 4322 4238 4413
f 4413 4238 4366
f 4413 4366 4505
f 4505 4366 4435
f 4505 4435 4586
f 4586 4435 4581
f 4586 4581 4659
f 4659 4581 4645
f 4659 4645 4703
f 4703 4645 4680
f 4703 4680 4742
f 4742 4680 4769
f 4742 4769 4844
f 4102 4086 4159
f 4159 4086 4128
f 4159 4128 4238
f 4238 4128 4175
f 4238 4175 4366
f 4366 4175 4240
f 4366 4240 4435
f 4435 4240 4411
f 4435 4411 4581
f 4581 4411 4554
f 4581 4554 4645
f 4645 4554 4619
f 4645 4619 4680
f 4680 4619 4711
f 4680 4711 4769
f 4086 4044 4128
f 4128 4044 4081
f 4128 4081 4175
f 4175 4081 4111
f 4175 4111 4240
f 4240 4111 4190
f 4240 4190 4411
f 4411 4190 4352
f 4411 4352 4554
f 4554 4352 4442
f 4554 4442 4619
f 4619 4442 4627
f 4619 4627 4637
f 4094 4402 4052
f 4052 4402 4442
f 4052 4442 3997
f 3997 4442 4352
f 3997 4352 3956
f 3956 4352 4190
f 3956 4190 3920
f 3920 4190 4111
f 3920 4111 3905
f 3905 4111 4081
f 3905 4081 3970
f 3970 4081 4044
f 3970 4044 4000
f 4000 4044 4086
f 4000 4086 4032
f 4032 4086 4102
f 4943 4933 4898
f 4898 4933 4876
f 4898 4876 4834
f 4834 4876 4792
f 4834 4792 4763
f 4763 4792 4729
f 4763 4729 4692
f 4692 4729 4678
f 4692 4678 4610
f 4610 4678 4493
f 4610 4493 4305
f 4305 4493 4145
f 4305 4145 4037
f 4037 4145 3983
f 4037 3983 3898
f 3898 3983 3842
f 3898 3842 3734
f 3734 3842 3694
f 3734 3694 3685
f 4958 4977 4966
f 4966 4977 4973
f 4966 4973 4952
f 4952 4973 4968
f 4952 4968 4929
f 4929 4968 4939
f 4929 4939 4870
f 4870 4939 4888
f 4870 4888 4814
f 4814 4888 4805
f 4814 4805 4771
f 4771 4805 4772
f 4771 4772 4733
f 4733 4772 4740
f 4733 4740 4676
f 4676 4740 4660
f 4676 4660 4616
f 4616 4660 4468
f 4142 4119 4332
f 4332 4119 4232
f 4332 4232 4468
f 4468 4232 4432
f 4468 4432 4616
f 4616 4432 4596
f 4616 4596 4676
f 4676 4596 4668
f 4676 4668 4733
f 4733 4668 4725
f 4733 4725 4771
f 4771 4725 4759
f 4771 4759 4814
f 4814 4759 4800
f 4814 4800 4870
f 4870 4800 4856
f 4870 4856 4929
f 4929 4856 4907
f 4929 4907 4952
f 4952 4907 4933
f 4952 4933 4966
f 4966 4933 4943
f 4966 4943 4958
f 4958 4943 4903
f 4958 4903 4920
f 4920 4903 4848
f 4920 4848 4844
f 4844 4848 4790
f 4844 4790 4742
f 4742 4790 4756
f 4742 4756 4703
f 4703 4756 4707
f 4703 4707 4659
f 4659 4707 4653
f 4659 4653 4586
f 4586 4653 4609
f 4586 4609 4505
f 4505 4609 4553
f 4505 4553 4413
f 4413 4553 4423
f 4413 4423 4322
f 4322 4423 4305
f 4322 4305 4102
f 4102 4305 4037
f 4102 4037 4032
f 4032 4037 3931
f 4032 3931 3981
f 3981 3931 3914
f 3981 3914 3936
f 3936 3914 3880
f 3936 3880 3894
f 3894 3880 3674
f 3894 3674 3682
f 2504 2585 2492
f 2616 2520 2473
f 3499 3467 3452
f 3345 3222 3088
f 2468 2582 2574
f 3292 3478 3458
f 3458 3478 3493
f 3493 3527 3458
f 3458 3527 3631
f 3458 3631 3737
f 2786 2923 3059
f 2923 2786 2708
f 2582 2708 2574
f 2574 2708 2786
f 2574 2786 2580
f 2580 2786 2767
f 2580 2767 2758
f 1832 2097 2076
f 2076 2097 2260
f 2076 2260 2137
f 2137 2260 2294
f 2137 2294 2195
f 2195 2294 2313
f 1564 1898 1599
f 1599 1898 1936
f 1599 1936 1776
f 1776 1936 2097
f 1776 2097 1789
f 1789 2097 1832
f 3626 3617 3452
f 3452 3617 3566
f 3452 3566 3499
f 3434 3647 3452
f 3452 3647 3640
f 3452 3640 3626
f 3666 3346 3670
f 3670 3346 3321
f 3670 3321 3674
f 3304 3684 3321
f 3321 3684 3682
f 3321 3682 3674
f 3666 3664 3346
f 3346 3664 3657
f 3346 3657 3380
f 3380 3657 3655
f 3380 3655 3434
f 3434 3655 3650
f 3434 3650 3647
f 3059 3292 2786
f 2786 3292 3458
f 2786 3458 2767
f 2767 3458 3411
f 2767 3411 2758
f 2758 3411 3357
f 2758 3357 2742
f 2742 3357 3315
f 2742 3315 2751
f 2751 3315 3304
f 2751 3304 2778
f 2778 3304 3321
f 2778 3321 2822
f 2822 3321 3346
f 2822 3346 2890
f 2890 3346 3380
f 2890 3380 3032
f 3032 3380 3434
f 3032 3434 3088
f 3088 3434 3452
f 3088 3452 3345
f 3345 3452 3467
f 2620 2626 2593
f 2721 2733 2620
f 2620 2733 2765
f 2620 2765 2626
f 3062 2816 2805
f 2805 2816 2787
f 2616 2473 2588
f 2588 2473 2439
f 2588 2439 2503
f 2503 2439 2380
f 2503 2380 2403
f 2492 2585 2591
f 2591 2585 2658
f 2591 2658 2660
f 2660 2658 2748
f 2660 2748 2721
f 2721 2748 2805
f 2721 2805 2733
f 2733 2805 2787
f 2733 2787 2765
f 2276 2244 2349
f 2349 2244 2235
f 2349 2235 2313
f 2313 2235 2200
f 2313 2200 2195
f 2463 2504 2395
f 2395 2504 2492
f 2395 2492 2403
f 2403 2492 2591
f 2403 2591 2503
f 2503 2591 2660
f 2503 2660 2588
f 2588 2660 2721
f 2588 2721 2616
f 2616 2721 2620
f 2616 2620 2520
f 2520 2620 2593
f 2520 2593 2524
f 2380 2318 2403
f 2403 2318 2276
f 2403 2276 2395
f 2395 2276 2349
f 2395 2349 2463
f 2463 2349 2313
f 2463 2313 2431
f 2431 2313 2294
f 2431 2294 2400
f 2400 2294 2260
f 2400 2260 2346
f 2346 2260 2097
f 2346 2097 2286
f 2286 2097 1936
f 2286 1936 2170
f 2170 1936 1898
f 2170 1898 1836
f 1836 1898 1564
f 1836 1564 1437
f 3737 3837 3458
f 3458 3837 3859
f 3458 3859 3411
f 3411 3859 3819
f 3411 3819 3357
f 3357 3819 3723
f 3357 3723 3315
f 3315 3723 3707
f 3315 3707 3304
f 3304 3707 3687
f 3304 3687 3684
f 2170 2468 2286
f 2286 2468 2574
f 2286 2574 2346
f 2346 2574 2580
f 2346 2580 2400
f 2400 2580 2758
f 2400 2758 2431
f 2431 2758 2742
f 2431 2742 2463
f 2463 2742 2751
f 2463 2751 2504
f 2504 2751 2778
f 2504 2778 2585
f 2585 2778 2822
f 2585 2822 2658
f 2658 2822 2890
f 2658 2890 2748
f 2748 2890 3032
f 2748 3032 2805
f 2805 3032 3088
f 2805 3088 3062
f 3062 3088 3222
f 2590 2491 2402
f 2501 2586 2659
f 2813 2870 2732
f 2760 2566 2571
f 1579 1436 1560
f 1579 1560 1945
f 1945 1895 2292
f 2292 1895 2285
f 2292 2285 2485
f 3477 3367 2784
f 2784 3367 3029
f 2784 3029 2760
f 3766 3738 3456
f 3766 3456 3857
f 3738 3679 3456
f 3456 3679 3541
f 3456 3541 3524
f 3311 3704 3355
f 3355 3704 3722
f 3355 3722 3408
f 3408 3722 3816
f 3408 3816 3456
f 3456 3816 3849
f 3456 3849 3857
f 2760 2571 2784
f 2784 2571 2578
f 2784 2578 2766
f 2397 2578 2344
f 2344 2578 2571
f 2344 2571 2285
f 2285 2571 2566
f 2285 2566 2485
f 1772 2096 1594
f 1594 2096 1934
f 1594 1934 1560
f 2544 2592 2618
f 2618 2592 2706
f 2618 2706 2732
f 2732 2706 2726
f 2732 2726 2813
f 3061 2804 2870
f 2870 2804 2720
f 2870 2720 2732
f 2732 2720 2615
f 2732 2615 2618
f 2804 2659 2720
f 2720 2659 2586
f 2720 2586 2615
f 2615 2586 2472
f 2615 2472 2508
f 2523 2544 2525
f 2525 2544 2618
f 2525 2618 2516
f 2516 2618 2615
f 2516 2615 2511
f 2511 2615 2508
f 1945 1560 1895
f 1895 1560 1934
f 1895 1934 2285
f 2285 1934 2096
f 2285 2096 2344
f 2344 2096 2258
f 2344 2258 2397
f 2397 2258 2290
f 2397 2290 2428
f 2428 2290 2310
f 2428 2310 2460
f 2460 2310 2347
f 2460 2347 2502
f 2502 2347 2393
f 2502 2393 2583
f 2583 2393 2491
f 2583 2491 2656
f 2656 2491 2590
f 2656 2590 2746
f 2304 2379 2501
f 2501 2379 2427
f 2501 2427 2586
f 2586 2427 2465
f 2586 2465 2472
f 2766 2578 2757
f 2757 2578 2397
f 2757 2397 2741
f 2741 2397 2428
f 2741 2428 2750
f 2750 2428 2460
f 2750 2460 2777
f 2777 2460 2502
f 2777 2502 2820
f 2820 2502 2583
f 2820 2583 2885
f 2885 2583 2656
f 2885 2656 3030
f 3030 2656 2746
f 3030 2746 3087
f 3449 3412 3498
f 3645 3649 3432
f 3432 3649 3653
f 3432 3653 3379
f 3645 3432 3638
f 3638 3432 3449
f 3638 3449 3627
f 3627 3449 3498
f 3627 3498 3615
f 3653 3656 3379
f 3379 3656 3663
f 3379 3663 3344
f 3344 3663 3665
f 3344 3665 3318
f 3318 3665 3669
f 3669 3671 3318
f 3318 3671 3680
f 3318 3680 3303
f 3680 3683 3303
f 3303 3683 3686
f 3303 3686 3311
f 3311 3686 3696
f 3311 3696 3704
f 3061 3087 2804
f 2804 3087 2746
f 2804 2746 2659
f 2659 2746 2590
f 2659 2590 2501
f 2501 2590 2402
f 2501 2402 2304
f 2304 2402 2491
f 2304 2491 2275
f 2275 2491 2393
f 2275 2393 2232
f 2232 2393 2347
f 2232 2347 2214
f 2214 2347 2310
f 2214 2310 2168
f 2168 2310 2290
f 2168 2290 2132
f 2132 2290 2258
f 2132 2258 1992
f 1992 2258 2096
f 1992 2096 1854
f 1854 2096 1772
f 3524 3477 3456
f 3456 3477 2784
f 3456 2784 3408
f 3408 2784 2766
f 3408 2766 3355
f 3355 2766 2757
f 3355 2757 3311
f 3311 2757 2741
f 3311 2741 3303
f 3303 2741 2750
f 3303 2750 3318
f 3318 2750 2777
f 3318 2777 3344
f 3344 2777 2820
f 3344 2820 3379
f 3379 2820 2885
f 3379 2885 3432
f 3432 2885 3030
f 3432 3030 3449
f 3449 3030 3087
f 3449 3087 3412
f 3412 3087 3061
f 4053 4084 4133
f 3777 3893 3919
f 4317 4422 4551
f 3683 3680 3777
f 3656 3653 3821
f 4679 4710 4634
f 4768 4710 4741
f 4741 4710 4679
f 4741 4679 4644
f 5002 4998 4991
f 4991 4998 4987
f 3638 3627 3731
f 3731 3627 3615
f 3649 3645 3774
f 3774 3645 3638
f 3850 3663 3656
f 3879 3669 3665
f 3822 3696 3686
f 3696 3822 3704
f 4221 4093 4049
f 4049 4093 3968
f 4049 3968 3884
f 3857 3849 3877
f 3877 3849 3884
f 4625 4538 4440
f 4440 4538 4221
f 4932 4833 4875
f 4875 4833 4762
f 4875 4762 4791
f 4965 4942 4897
f 4897 4942 4852
f 4897 4852 4787
f 4787 4852 4749
f 4787 4749 4689
f 4689 4749 4652
f 4689 4652 4607
f 4942 4902 4852
f 4852 4902 4793
f 4852 4793 4749
f 4749 4793 4706
f 4749 4706 4652
f 4652 4706 4584
f 4652 4584 4607
f 4634 4617 4679
f 4679 4617 4552
f 4679 4552 4644
f 4644 4552 4405
f 4843 4768 4789
f 4789 4768 4741
f 4789 4741 4702
f 4702 4741 4644
f 4702 4644 4577
f 4577 4644 4405
f 4577 4405 4239
f 4043 4239 4110
f 4110 4239 4405
f 4110 4405 4189
f 4189 4405 4552
f 4189 4552 4351
f 4351 4552 4617
f 4351 4617 4440
f 4440 4617 4634
f 4440 4634 4625
f 3921 3985 3855
f 3855 3985 3909
f 4422 4317 4304
f 4304 4317 4101
f 4304 4101 4144
f 4144 4101 4036
f 4144 4036 4066
f 4551 4408 4317
f 4317 4408 4158
f 4317 4158 4101
f 4101 4158 4023
f 4101 4023 4036
f 4036 4023 3930
f 3615 3691 3731
f 3731 3691 3762
f 3731 3762 3841
f 3841 3762 3800
f 3841 3800 3909
f 3909 3800 3835
f 3909 3835 3855
f 4066 4036 3982
f 3982 4036 3930
f 3982 3930 3897
f 3897 3930 3821
f 3897 3821 3774
f 3774 3821 3653
f 3774 3653 3649
f 3638 3731 3774
f 3774 3731 3841
f 3774 3841 3897
f 3897 3841 3909
f 3897 3909 3982
f 3982 3909 3985
f 3982 3985 4066
f 3656 3821 3850
f 3850 3821 3930
f 3850 3930 3980
f 3980 3930 4023
f 3980 4023 4085
f 4085 4023 4158
f 4085 4158 4237
f 4237 4158 4408
f 4237 4408 4584
f 4584 4408 4551
f 4584 4551 4607
f 4902 4847 4793
f 4793 4847 4754
f 4793 4754 4706
f 4706 4754 4658
f 4706 4658 4584
f 4584 4658 4433
f 4584 4433 4237
f 4237 4433 4127
f 4237 4127 4085
f 4085 4127 3999
f 4085 3999 3980
f 3980 3999 3879
f 3980 3879 3850
f 3850 3879 3665
f 3850 3665 3663
f 4221 4049 4440
f 4440 4049 3996
f 4440 3996 4351
f 4351 3996 3955
f 4351 3955 4189
f 4189 3955 4001
f 4189 4001 4110
f 4110 4001 3969
f 4110 3969 4043
f 3722 3704 3919
f 3919 3704 3822
f 3919 3822 3777
f 3777 3822 3686
f 3777 3686 3683
f 3884 3849 4049
f 4049 3849 3816
f 4049 3816 3996
f 3996 3816 3722
f 3996 3722 3955
f 3955 3722 3919
f 3955 3919 4001
f 4001 3919 3893
f 4001 3893 3969
f 4965 4957 4942
f 4942 4957 4919
f 4942 4919 4902
f 4902 4919 4843
f 4902 4843 4847
f 4847 4843 4789
f 4847 4789 4754
f 4754 4789 4702
f 4754 4702 4658
f 4658 4702 4577
f 4658 4577 4433
f 4433 4577 4239
f 4433 4239 4127
f 4127 4239 4043
f 4127 4043 3999
f 3999 4043 3969
f 3999 3969 3879
f 3879 3969 3893
f 3879 3893 3669
f 3669 3893 3777
f 3669 3777 3671
f 3671 3777 3680
f 4231 4112 4118
f 4231 4118 4331
f 4331 4118 4182
f 4331 4182 4356
f 4431 4231 4467
f 4467 4231 4331
f 4467 4331 4459
f 4459 4331 4356
f 4595 4615 4675
f 4084 4112 4133
f 4133 4112 4231
f 4133 4231 4347
f 4347 4231 4431
f 4347 4431 4496
f 4615 4660 4675
f 4675 4660 4740
f 4675 4740 4732
f 4732 4740 4772
f 4732 4772 4770
f 4770 4772 4805
f 4770 4805 4813
f 4813 4805 4888
f 4813 4888 4869
f 4869 4888 4945
f 4869 4945 4938
f 4938 4945 4960
f 4938 4960 4969
f 4969 4960 4971
f 4969 4971 4991
f 4991 4971 4984
f 4991 4984 5002
f 4976 4972 4982
f 4982 4972 4951
f 4982 4951 4967
f 4967 4951 4906
f 4967 4906 4928
f 4928 4906 4823
f 4928 4823 4855
f 4855 4823 4779
f 4855 4779 4799
f 4799 4779 4745
f 4799 4745 4758
f 4758 4745 4700
f 4758 4700 4724
f 4724 4700 4650
f 4724 4650 4667
f 4667 4650 4595
f 4595 4675 4667
f 4667 4675 4732
f 4667 4732 4724
f 4724 4732 4770
f 4724 4770 4758
f 4758 4770 4813
f 4758 4813 4799
f 4799 4813 4869
f 4799 4869 4855
f 4855 4869 4938
f 4855 4938 4928
f 4928 4938 4969
f 4928 4969 4967
f 4967 4969 4991
f 4967 4991 4982
f 4982 4991 4987
f 4982 4987 4976
f 3978 4053 4058
f 4058 4053 4133
f 4058 4133 4153
f 4153 4133 4347
f 4153 4347 4357
f 4357 4347 4496
f 4357 4496 4491
f 4491 4496 4628
f 4491 4628 4608
f 4608 4628 4677
f 4608 4677 4691
f 4691 4677 4728
f 4691 4728 4762
f 4762 4728 4757
f 4762 4757 4791
f 4833 4736 4762
f 4762 4736 4698
f 4762 4698 4691
f 4691 4698 4661
f 4691 4661 4608
f 4459 4660 4467
f 4467 4660 4615
f 4467 4615 4431
f 4431 4615 4595
f 4431 4595 4496
f 4496 4595 4650
f 4496 4650 4628
f 4628 4650 4700
f 4628 4700 4677
f 4677 4700 4745
f 4677 4745 4728
f 4728 4745 4779
f 4728 4779 4757
f 4757 4779 4823
f 4757 4823 4791
f 4791 4823 4906
f 4791 4906 4875
f 4875 4906 4951
f 4875 4951 4932
f 4932 4951 4972
f 4976 4957 4972
f 4972 4957 4965
f 4972 4965 4932
f 4932 4965 4897
f 4932 4897 4833
f 4833 4897 4787
f 4833 4787 4736
f 4736 4787 4689
f 4736 4689 4698
f 4698 4689 4607
f 4698 4607 4661
f 4661 4607 4551
f 4661 4551 4608
f 4608 4551 4422
f 4608 4422 4491
f 4491 4422 4304
f 4491 4304 4357
f 4357 4304 4144
f 4357 4144 4153
f 4153 4144 4066
f 4153 4066 4058
f 4058 4066 3985
f 4058 3985 3978
f 3978 3985 3921
f 4015 3911 3215
f 3215 3911 3781
f 3215 3781 3635
f 3482 3480 3509
f 3509 3480 3513
f 3509 3513 3543
f 3543 3513 3548
f 3543 3548 3571
f 3571 3548 3581
f 3571 3581 3598
f 3598 3581 3610
f 3598 3610 3635
f 3635 3610 3216
f 3635 3216 3215
f 4236 4228 4223
f 4223 4228 4217
f 4223 4217 4197
f 4197 4181 4223
f 4223 4181 4161
f 4223 4161 4148
f 4223 4371 4372
f 4236 4223 4346
f 4346 4223 4372
f 4346 4372 4373
f 4148 3371 3390
f 4148 3390 4223
f 3390 3444 4223
f 4223 3444 3496
f 4223 3496 4371
f 3496 3586 4371
f 4371 3586 3688
f 4371 3688 4147
f 3831 3832 4147
f 3828 4147 3824
f 3824 4147 3832
f 3824 3832 3812
f 3761 4147 3724
f 3724 4147 3688
f 3761 3795 4147
f 4147 3795 3815
f 4147 3815 3831
f 3811 3818 3820
f 3827 3828 3824
f 3826 3827 3820
f 3820 3827 3824
f 3820 3824 3811
f 3811 3824 3812
f 2476 2477 2486
f 2486 2477 2495
f 2486 2495 2522
f 2522 2495 2604
f 2522 2604 2598
f 2598 2604 2667
f 2667 2604 2723
f 2667 2723 2724
f 3216 3610 3609
f 3216 3609 2860
f 3609 3611 2477
f 2495 2477 2604
f 2604 2477 3611
f 2604 3611 2723
f 2652 2860 2517
f 2517 2860 3609
f 2517 3609 2479
f 2479 3609 2477
f 3480 3482 3479
f 3134 3110 3131
f 3191 3195 3198
f 3198 3195 3197
f 3198 3197 3196
f 3196 3197 3192
f 3192 3190 3188
f 3188 3190 3187
f 3188 3187 3185
f 3185 3187 3183
f 3183 3177 3172
f 3172 3177 3164
f 3172 3164 3151
f 3151 3164 3139
f 3151 3139 3129
f 3129 3139 3117
f 3129 3117 3112
f 3134 3131 3162
f 3186 3184 3178
f 3186 3178 3174
f 3174 3178 3162
f 3174 3162 3161
f 3161 3162 3131
f 3106 3097 3123
f 3110 3111 3107
f 3107 3111 3105
f 3107 3105 3095
f 3112 3103 3111
f 3111 3103 3099
f 3111 3099 3105
f 3095 3105 3097
f 3097 3105 3115
f 3097 3115 3123
f 3133 3130 3123
f 3123 3130 3118
f 3123 3118 3106
f 3130 3133 3143
f 3130 3143 3141
f 3141 3143 3153
f 3141 3153 3158
f 3158 3160 3141
f 3141 3160 3159
f 3141 3159 3150
f 3150 3159 3156
f 4625 4634 4646
f 4646 4634 4669
f 5000 5003 4997
f 4867 4926 4930
f 4785 4774 4730
f 4730 4774 4743
f 4730 4743 4669
f 4669 4743 4685
f 4930 4873 4867
f 4867 4873 4860
f 4867 4860 4785
f 4785 4860 4795
f 4785 4795 4774
f 4980 4974 4961
f 4961 4974 4963
f 4961 4963 4926
f 4926 4963 4946
f 4926 4946 4930
f 4997 4995 5000
f 5000 4995 4993
f 5000 4993 4989
f 4989 4993 4985
f 4989 4985 4980
f 4980 4985 4978
f 4980 4978 4974
f 5002 5003 4998
f 4998 5003 5000
f 4998 5000 4987
f 4987 5000 4989
f 4987 4989 4976
f 4976 4989 4980
f 4976 4980 4957
f 4957 4980 4961
f 4957 4961 4919
f 4919 4961 4926
f 4919 4926 4843
f 4843 4926 4867
f 4843 4867 4768
f 4768 4867 4785
f 4768 4785 4710
f 4710 4785 4730
f 4710 4730 4634
f 4634 4730 4669
f 4726 4685 4743
f 4688 4727 4744
f 4744 4727 4782
f 4744 4782 4776
f 4776 4782 4810
f 4776 4810 4796
f 4941 4964 4909
f 4909 4964 4947
f 4909 4947 4896
f 4896 4947 4931
f 4896 4931 4858
f 4858 4931 4874
f 4858 4874 4810
f 4810 4874 4862
f 4810 4862 4796
f 4954 4979 4941
f 4941 4979 4975
f 4941 4975 4964
f 4959 4996 4956
f 4956 4996 4994
f 4956 4994 4954
f 4954 4994 4986
f 4954 4986 4979
f 4955 4995 4959
f 4959 4995 4997
f 4959 4997 4996
f 4940 4978 4953
f 4953 4978 4985
f 4953 4985 4955
f 4955 4985 4993
f 4955 4993 4995
f 4857 4930 4895
f 4895 4930 4946
f 4895 4946 4908
f 4908 4946 4963
f 4908 4963 4940
f 4940 4963 4974
f 4940 4974 4978
f 4774 4795 4809
f 4809 4795 4860
f 4809 4860 4857
f 4857 4860 4873
f 4857 4873 4930
f 4774 4809 4743
f 4743 4809 4777
f 4743 4777 4726
f 4927 4868 4874
f 4670 4688 4731
f 4731 4688 4744
f 4731 4744 4786
f 5001 4996 5003
f 5003 4996 4997
f 4981 4979 4990
f 4990 4979 4986
f 4990 4986 5001
f 5001 4986 4994
f 5001 4994 4996
f 4874 4931 4927
f 4927 4931 4947
f 4927 4947 4962
f 4962 4947 4964
f 4962 4964 4981
f 4981 4964 4975
f 4981 4975 4979
f 4744 4776 4786
f 4786 4776 4796
f 4786 4796 4868
f 4868 4796 4862
f 4868 4862 4874
f 4637 4670 4711
f 4711 4670 4731
f 4711 4731 4769
f 4769 4731 4786
f 4769 4786 4844
f 4844 4786 4868
f 4844 4868 4920
f 4920 4868 4927
f 4920 4927 4958
f 4958 4927 4962
f 4958 4962 4977
f 4977 4962 4981
f 4977 4981 4988
f 4988 4981 4990
f 4988 4990 4999
f 4999 4990 5001
f 4999 5001 5002
f 5002 5001 5003
f 4670 4637 4647
f 4647 4637 4627
f 3882 3990 4048
f 3132 2752 3128
f 3843 3786 3881
f 3990 3882 3972
f 3922 3972 3844
f 3844 3972 3882
f 3844 3882 3787
f 3787 3882 3719
f 3836 3938 3699
f 3699 3938 3881
f 3699 3881 3711
f 3711 3881 3786
f 3590 3701 3464
f 3464 3701 3508
f 3464 3508 3128
f 3711 3589 3699
f 3699 3589 3568
f 3699 3568 3435
f 3435 3568 3306
f 3435 3306 3261
f 4182 4118 4146
f 4146 4118 4016
f 4146 4016 4142
f 3590 3719 3701
f 3701 3719 3882
f 3701 3882 3939
f 3939 3882 4048
f 3939 4048 4016
f 4016 4048 4119
f 4016 4119 4142
f 4112 4084 3938
f 3938 4084 4053
f 3938 4053 3881
f 3881 4053 3978
f 3881 3978 3843
f 3843 3978 3921
f 3306 3132 3261
f 3261 3132 3128
f 3261 3128 3435
f 3435 3128 3508
f 3435 3508 3699
f 3699 3508 3701
f 3699 3701 3836
f 3836 3701 3939
f 3836 3939 3938
f 3938 3939 4016
f 3938 4016 4112
f 4112 4016 4118
f 2061 1896 2154
f 1157 756 839
f 2816 2818 2787
f 2787 2818 2810
f 2787 2810 2765
f 2577 2273 2625
f 2625 2273 2416
f 2625 2416 2712
f 2712 2416 2560
f 2712 2560 2749
f 2749 2560 2629
f 1920 2078 2499
f 2451 2426 1838
f 1838 2426 2430
f 1293 1320 1674
f 1674 1320 1896
f 1674 1896 1863
f 1863 1896 2061
f 1863 2061 2078
f 1036 928 1293
f 1293 928 1149
f 1293 1149 1320
f 2499 2451 1920
f 1920 2451 1838
f 1920 1838 1686
f 1686 1838 1550
f 1686 1550 1425
f 1425 1550 1297
f 2078 1920 1863
f 1863 1920 1686
f 1863 1686 1674
f 1674 1686 1425
f 1674 1425 1293
f 1293 1425 1297
f 1293 1297 1036
f 2524 2593 2434
f 2434 2593 2509
f 2434 2509 2184
f 2184 2509 2354
f 2184 2354 1942
f 1942 2354 2154
f 1942 2154 1786
f 1786 2154 1896
f 1786 1896 1723
f 1723 1896 1320
f 2752 2734 2707
f 2707 2734 2432
f 2717 2577 2745
f 2745 2577 2625
f 2745 2625 2783
f 2783 2625 2712
f 2783 2712 2810
f 2810 2712 2749
f 2810 2749 2765
f 2765 2749 2629
f 2765 2629 2626
f 2430 2161 1838
f 1838 2161 1798
f 1838 1798 1550
f 1550 1798 1634
f 1550 1634 1297
f 1297 1634 1157
f 1297 1157 1036
f 1036 1157 839
f 1036 839 928
f 2593 2626 2509
f 2509 2626 2629
f 2509 2629 2354
f 2354 2629 2560
f 2354 2560 2154
f 2154 2560 2416
f 2154 2416 2061
f 2061 2416 2273
f 2061 2273 2078
f 2078 2273 2577
f 2078 2577 2499
f 2499 2577 2717
f 2499 2717 2451
f 2451 2717 2673
f 2451 2673 2426
f 2426 2673 2707
f 2426 2707 2430
f 2430 2707 2432
f 2430 2432 2161
f 2677 2719 2576
f 1291 1424 1671
f 2544 2523 2368
f 2726 2706 2628
f 2734 2752 2725
f 2432 2429 2161
f 2161 2429 1798
f 1798 2429 1837
f 1837 2429 2425
f 1837 2425 1918
f 1918 2425 2450
f 1918 2450 2077
f 2077 2450 2497
f 2077 2497 2272
f 2624 2759 2711
f 2711 2759 2779
f 2711 2779 2747
f 2747 2779 2794
f 2747 2794 2813
f 2813 2726 2747
f 2747 2726 2628
f 2747 2628 2711
f 2711 2628 2559
f 2711 2559 2624
f 2624 2559 2413
f 788 1034 1131
f 1131 1034 1291
f 1131 1291 1398
f 1398 1291 1671
f 1424 1291 1296
f 1296 1291 1034
f 1296 1034 1157
f 1157 1034 788
f 1157 788 756
f 2592 2544 2507
f 2507 2544 2368
f 2507 2368 2353
f 2353 2368 2203
f 2353 2203 2153
f 2153 2203 1954
f 2153 1954 1894
f 1894 1954 1722
f 1894 1722 1671
f 1671 1722 1554
f 1671 1554 1398
f 2432 2734 2429
f 2429 2734 2725
f 2429 2725 2425
f 2425 2725 2678
f 2425 2678 2450
f 2450 2678 2677
f 2450 2677 2497
f 2497 2677 2576
f 2497 2576 2272
f 2706 2592 2628
f 2628 2592 2507
f 2628 2507 2559
f 2559 2507 2353
f 2559 2353 2413
f 2413 2353 2153
f 2413 2153 2060
f 2060 2153 1894
f 2060 1894 1862
f 1862 1894 1671
f 1862 1671 1684
f 1684 1671 1424
f 1684 1424 1549
f 1549 1424 1296
f 1549 1296 1634
f 1634 1296 1157
f 1634 1798 1549
f 1549 1798 1837
f 1549 1837 1684
f 1684 1837 1918
f 1684 1918 1862
f 1862 1918 2077
f 1862 2077 2060
f 2060 2077 2272
f 2060 2272 2413
f 2413 2272 2576
f 2413 2576 2624
f 2624 2576 2719
f 2624 2719 2759
f 236 263 301
f 200 201 235
f 263 236 235
f 235 236 202
f 235 202 200
f 235 268 263
f 263 268 299
f 263 299 301
f 301 299 319
f 301 319 350
f 350 319 359
f 2221 2185 2342
f 2342 2185 2010
f 2342 2010 2417
f 2417 2010 2363
f 2363 2010 1925
f 2363 1925 2312
f 2312 1925 1861
f 2312 1861 2158
f 1861 1762 2158
f 2158 1762 1741
f 2158 1741 2114
f 2114 1741 1651
f 2114 1651 1952
f 1952 1651 1533
f 1952 1533 1816
f 1816 1533 1392
f 749 1782 1237
f 1237 1782 1816
f 1237 1816 1277
f 1277 1816 1392
f 364 635 410
f 410 635 802
f 410 802 467
f 467 802 1203
f 467 1203 485
f 485 1203 1259
f 485 1259 570
f 570 1259 1292
f 570 1292 749
f 749 1292 1477
f 749 1477 1782
f 268 587 299
f 299 587 631
f 299 631 319
f 319 631 635
f 319 635 359
f 359 635 364
f 1370 1327 1286
f 1286 1327 1114
f 2120 2102 2103
f 1824 1833 1921
f 1824 1921 1923
f 1923 1921 2052
f 1923 2052 2056
f 2056 2052 2118
f 2056 2118 2103
f 2385 2398 2392
f 2103 2118 2120
f 2120 2118 2182
f 2120 2182 2254
f 2254 2182 2288
f 2254 2288 2302
f 2302 2288 2385
f 2302 2385 2373
f 2373 2385 2392
f 2373 2392 2387
f 2414 2406 2392
f 2392 2406 2396
f 2392 2396 2387
f 2424 2414 2415
f 2415 2414 2392
f 2415 2392 2411
f 2411 2392 2398
f 1336 1327 1343
f 1343 1327 1370
f 1376 1324 1365
f 1365 1324 1350
f 1376 1466 1324
f 1324 1466 1583
f 1324 1583 1369
f 1369 1583 1694
f 1369 1694 1542
f 1542 1694 1833
f 1542 1833 1673
f 1673 1833 1824
f 1280 1327 1324
f 1324 1327 1336
f 1324 1336 1350
f 1280 1160 1327
f 1327 1160 1094
f 1327 1094 1114
f 2102 2120 2145
f 2145 2120 2254
f 2145 2254 2179
f 2179 2254 2101
f 2101 2254 2302
f 2101 2302 1968
f 1968 2302 2373
f 1968 2373 1892
f 2373 2198 1892
f 1892 2198 2180
f 1892 2180 1850
f 1850 2180 2003
f 1850 2003 1839
f 1347 1545 1887
f 1545 1589 1887
f 1887 1589 1640
f 1887 1640 1933
f 1640 1697 1933
f 1933 1697 1733
f 1933 1733 2003
f 2003 1733 1802
f 2003 1802 1839
f 1347 1887 1222
f 1222 1887 1875
f 1222 1875 954
f 1875 1736 954
f 954 1736 1676
f 954 1676 664
f 664 1676 1462
f 664 1462 556
f 556 1462 1323
f 556 1323 497
f 497 1323 493
f 493 1323 1200
f 493 1200 455
f 1200 1140 455
f 455 1140 975
f 455 975 408
f 408 975 791
f 408 791 390
f 390 791 376
f 376 791 373
f 373 791 685
f 373 685 334
f 334 685 622
f 334 622 295
f 587 268 590
f 590 268 295
f 590 295 598
f 598 295 622
f 408 390 370
f 220 253 203
f 203 253 235
f 203 235 198
f 198 235 201
f 390 376 370
f 370 376 373
f 370 373 333
f 333 373 334
f 333 334 253
f 253 334 295
f 253 295 235
f 235 295 268
f 490 493 455
f 220 228 253
f 253 228 281
f 253 281 333
f 333 281 341
f 333 341 370
f 370 341 385
f 370 385 408
f 408 385 419
f 408 419 455
f 455 419 482
f 455 482 490
f 3084 3215 3041
f 3041 3215 3216
f 2775 2790 2860
f 2775 2860 2653
f 2790 2844 2860
f 2860 2844 2856
f 2860 2856 3216
f 3216 2856 2920
f 3216 2920 3041
f 2860 2652 2653
f 2653 2652 2517
f 2653 2517 2518
f 2518 2517 2479
f 2518 2479 2480
f 2479 2477 2480
f 2480 2477 2476
f 3129 3112 3111
f 3129 3111 3151
f 3184 3168 3178
f 3178 3168 3162
f 3192 3188 3168
f 3168 3188 3185
f 3168 3185 3183
f 3110 3134 3111
f 3111 3134 3162
f 3111 3162 3151
f 3151 3162 3168
f 3151 3168 3172
f 3172 3168 3183
f 3184 3186 3168
f 3168 3186 3189
f 3168 3189 3191
f 3191 3198 3168
f 3168 3198 3196
f 3168 3196 3192
f 1378 1416 1273
f 1273 1416 1156
f 1273 1156 1176
f 879 950 1156
f 1156 950 1061
f 1156 1061 1176
f 872 803 879
f 879 803 816
f 879 816 950
f 1302 1078 1119
f 1119 1078 867
f 1119 867 872
f 872 867 823
f 872 823 803
f 1386 1302 1400
f 1400 1302 1119
f 1400 1119 1421
f 1421 1119 1445
f 1448 1454 1253
f 1283 1468 1464
f 1063 1065 1271
f 1271 1065 1275
f 1075 1037 1063
f 1063 1037 1042
f 1063 1042 1065
f 1464 1284 1283
f 1283 1284 1132
f 1283 1132 1075
f 1075 1132 1079
f 1075 1079 1037
f 1481 1468 1270
f 1270 1468 1283
f 1270 1283 1035
f 1035 1283 1075
f 1035 1075 1007
f 1007 1075 1063
f 1007 1063 1253
f 1253 1063 1271
f 1253 1271 1448
f 1448 1271 1275
f 1448 1275 1443
f 1253 1198 1007
f 1007 1198 966
f 1007 966 1035
f 1035 966 970
f 1035 970 1270
f 1270 970 1220
f 1270 1220 1481
f 1481 1220 1461
f 1454 1455 1253
f 1253 1455 1445
f 1253 1445 1198
f 1198 1445 1119
f 1198 1119 966
f 966 1119 872
f 966 872 970
f 970 872 879
f 970 879 1220
f 1220 879 1156
f 1220 1156 1461
f 1461 1156 1416
f 1418 1419 1441
f 1418 1441 1433
f 1433 1441 1448
f 1433 1448 1443
f 1400 1421 1407
f 1407 1421 1445
f 1407 1445 1435
f 1435 1445 1455
f 1435 1455 1441
f 1441 1455 1454
f 1441 1454 1448
f 1399 1361 1368
f 1419 1427 1441
f 1441 1427 1417
f 1441 1417 1435
f 1435 1417 1399
f 1435 1399 1407
f 1407 1399 1368
f 1407 1368 1400
f 1400 1368 1386
f 1304 1361 1066
f 1419 1418 1235
f 1258 1438 1242
f 1242 1438 1442
f 1242 1442 1450
f 746 761 829
f 829 761 834
f 829 834 1066
f 1066 834 1047
f 1066 1047 1304
f 746 829 767
f 767 829 845
f 767 845 842
f 842 845 1099
f 842 1099 927
f 1043 993 1099
f 1099 993 984
f 1099 984 927
f 1043 1099 1250
f 1250 1099 1389
f 1250 1389 1353
f 1258 1242 1086
f 1086 1242 988
f 1086 988 997
f 997 988 977
f 977 988 972
f 977 972 983
f 1427 1419 1215
f 1215 1419 1235
f 1215 1235 972
f 972 1235 990
f 972 990 983
f 1450 1432 1242
f 1242 1432 1191
f 1242 1191 988
f 988 1191 949
f 988 949 972
f 972 949 938
f 972 938 1215
f 1215 938 1170
f 1215 1170 1427
f 1427 1170 1417
f 1432 1429 1191
f 1191 1429 1181
f 1191 1181 949
f 949 1181 940
f 949 940 938
f 938 940 929
f 938 929 1170
f 1170 929 1162
f 1170 1162 1417
f 1417 1162 1399
f 1429 1389 1181
f 1181 1389 1099
f 1181 1099 940
f 940 1099 845
f 940 845 929
f 929 845 829
f 929 829 1162
f 1162 829 1066
f 1162 1066 1399
f 1399 1066 1361
f 984 993 952
f 735 746 767
f 984 952 927
f 927 952 877
f 927 877 842
f 842 877 806
f 842 806 767
f 767 806 739
f 767 739 735
f 1429 1440 1402
f 1442 1438 1453
f 1442 1467 1450
f 1450 1467 1456
f 1450 1456 1432
f 1429 1402 1389
f 1389 1402 1364
f 1389 1364 1353
f 1374 1364 1378
f 1378 1364 1402
f 1378 1402 1416
f 1416 1402 1440
f 1416 1440 1461
f 1468 1481 1467
f 1467 1481 1461
f 1467 1461 1456
f 1456 1461 1440
f 1456 1440 1432
f 1432 1440 1429
f 1442 1453 1467
f 1467 1453 1464
f 1467 1464 1468
f 1374 1378 1318
f 1318 1378 1273
f 1701 1677 1326
f 633 648 704
f 595 617 651
f 587 595 631
f 631 595 651
f 631 651 635
f 635 651 802
f 1292 1259 1326
f 1326 1259 1203
f 1326 1203 1166
f 1166 1203 802
f 1166 802 924
f 924 802 651
f 1292 1326 1477
f 1477 1326 1677
f 1477 1677 1652
f 1816 1928 1952
f 1952 1928 2055
f 1952 2055 2114
f 2114 2055 2169
f 2114 2169 2158
f 2158 2169 2312
f 2312 2169 2321
f 2312 2321 2363
f 2363 2321 2441
f 2363 2441 2417
f 2237 2371 2365
f 2365 2371 2471
f 2365 2471 2470
f 2452 2457 2356
f 1742 1397 1563
f 678 693 741
f 741 693 778
f 741 778 1048
f 1048 778 1057
f 1048 1057 1276
f 1276 1057 1344
f 1276 1344 1397
f 1397 1344 1401
f 1397 1401 1563
f 1728 1701 1373
f 1373 1701 1326
f 1373 1326 1249
f 1249 1326 1166
f 1249 1166 985
f 985 1166 924
f 985 924 704
f 704 924 651
f 704 651 633
f 633 651 617
f 1970 1984 2104
f 2104 1984 2121
f 2104 2121 2220
f 2220 2121 2237
f 2220 2237 2355
f 2355 2237 2365
f 2355 2365 2466
f 2466 2365 2470
f 1728 1865 1849
f 1951 1970 2084
f 2084 1970 2104
f 2084 2104 2197
f 2197 2104 2220
f 2197 2220 2338
f 2338 2220 2355
f 2338 2355 2453
f 2453 2355 2466
f 1928 1951 2055
f 2055 1951 2084
f 2055 2084 2169
f 2169 2084 2197
f 2169 2197 2321
f 2321 2197 2338
f 2321 2338 2441
f 2441 2338 2453
f 1728 1849 1701
f 1701 1849 1835
f 1701 1835 1677
f 1677 1835 1815
f 1677 1815 1652
f 1652 1815 1782
f 1652 1782 1477
f 2233 2264 2270
f 2264 2233 2098
f 2098 2233 2122
f 2098 2122 2051
f 2051 2122 1990
f 2051 1990 1922
f 1563 1666 1742
f 1742 1666 1738
f 1742 1738 1877
f 1877 1738 1922
f 1877 1922 1998
f 1998 1922 1990
f 1998 1990 2141
f 2141 1990 2122
f 2141 2122 2240
f 2240 2122 2233
f 2240 2233 2356
f 2356 2233 2270
f 2356 2270 2452
f 2467 2471 2367
f 2367 2471 2371
f 2367 2371 2243
f 2243 2371 2237
f 2243 2237 2140
f 2140 2237 2121
f 2140 2121 1993
f 1993 2121 1984
f 1993 1984 1865
f 1865 1984 1970
f 1865 1970 1849
f 1849 1970 1951
f 1849 1951 1835
f 1835 1951 1928
f 1835 1928 1815
f 1815 1928 1816
f 1815 1816 1782
f 648 678 704
f 704 678 741
f 704 741 985
f 985 741 1048
f 985 1048 1249
f 1249 1048 1276
f 1249 1276 1373
f 1373 1276 1397
f 1373 1397 1728
f 1728 1397 1742
f 1728 1742 1865
f 1865 1742 1877
f 1865 1877 1993
f 1993 1877 1998
f 1993 1998 2140
f 2140 1998 2141
f 2140 2141 2243
f 2243 2141 2240
f 2243 2240 2367
f 2367 2240 2356
f 2367 2356 2467
f 2467 2356 2457
f 2284 2311 2183
f 587 590 595
f 595 590 598
f 595 598 617
f 718 648 662
f 662 648 633
f 662 633 617
f 693 678 710
f 710 678 752
f 1465 1460 1387
f 1460 1465 1600
f 1600 1465 1795
f 1600 1795 1817
f 2143 2014 2040
f 2040 2014 1926
f 2040 1926 1910
f 2303 2201 2222
f 2222 2201 2106
f 2222 2330 2303
f 2303 2330 2411
f 2303 2411 2398
f 2406 2311 2396
f 2396 2311 2284
f 2396 2284 2387
f 2387 2284 2373
f 2152 2143 2046
f 2046 2143 2040
f 2046 2040 1913
f 1913 2040 1910
f 1913 1910 1794
f 2222 2231 2330
f 2330 2231 2339
f 2330 2339 2411
f 2411 2339 2415
f 2424 2415 2340
f 2340 2415 2339
f 2340 2339 2230
f 2230 2339 2231
f 2230 2231 2152
f 2152 2231 2222
f 2152 2222 2143
f 2143 2222 2106
f 2143 2106 2014
f 1462 1676 1706
f 1706 1676 1736
f 1706 1736 1852
f 1852 1736 1875
f 1852 1875 1955
f 1735 1868 1883
f 1883 1868 1982
f 1883 1982 2006
f 2006 1982 2091
f 2006 2091 2115
f 2115 2091 2183
f 2115 2183 2204
f 2204 2183 2311
f 2204 2311 2323
f 2323 2311 2406
f 2323 2406 2414
f 1735 1706 1868
f 1868 1706 1852
f 1868 1852 1982
f 1982 1852 1955
f 1982 1955 2091
f 2091 1955 2062
f 2091 2062 2183
f 2183 2062 2155
f 2183 2155 2284
f 1875 1887 1955
f 1955 1887 1933
f 1955 1933 2062
f 2062 1933 2003
f 2062 2003 2155
f 2155 2003 2180
f 2155 2180 2284
f 2284 2180 2198
f 2284 2198 2373
f 1234 962 975
f 1200 1323 1352
f 1352 1375 1200
f 1200 1375 1234
f 1200 1234 1140
f 1140 1234 975
f 617 598 662
f 662 598 622
f 662 622 764
f 764 622 685
f 764 685 962
f 962 685 791
f 962 791 975
f 718 662 828
f 828 662 764
f 828 764 1053
f 1053 764 962
f 1053 962 1287
f 1287 962 1234
f 1287 1234 1422
f 1422 1234 1375
f 1422 1375 1777
f 1926 1817 1910
f 1910 1817 1795
f 1910 1795 1794
f 1794 1795 1465
f 1794 1465 1459
f 1459 1465 1387
f 1459 1387 1306
f 1306 1387 1264
f 1306 1264 1117
f 1117 1264 1045
f 1117 1045 874
f 874 1045 830
f 874 830 752
f 752 830 798
f 752 798 710
f 1323 1462 1352
f 1352 1462 1706
f 1352 1706 1375
f 1375 1706 1735
f 1375 1735 1777
f 1777 1735 1883
f 1777 1883 1899
f 1899 1883 2006
f 1899 2006 2029
f 2029 2006 2115
f 2029 2115 2136
f 2136 2115 2204
f 2136 2204 2223
f 2223 2204 2323
f 2223 2323 2336
f 2336 2323 2414
f 2414 2424 2336
f 2336 2424 2340
f 2336 2340 2223
f 2223 2340 2230
f 2223 2230 2136
f 2136 2230 2152
f 2136 2152 2029
f 2029 2152 2046
f 2029 2046 1899
f 1899 2046 1913
f 1899 1913 1777
f 1777 1913 1794
f 1777 1794 1422
f 1422 1794 1459
f 1422 1459 1287
f 1287 1459 1306
f 1287 1306 1053
f 1053 1306 1117
f 1053 1117 828
f 828 1117 874
f 828 874 718
f 718 874 752
f 718 752 648
f 648 752 678
f 1065 1219 1275
f 1284 1341 1122
f 1438 1341 1453
f 1453 1341 1284
f 1453 1284 1464
f 1037 1079 1122
f 1122 1079 1132
f 1122 1132 1284
f 1219 1418 1275
f 1275 1418 1433
f 1275 1433 1443
f 1438 1258 1341
f 1341 1258 1086
f 1341 1086 1122
f 1122 1086 997
f 1122 997 1037
f 1037 997 977
f 1037 977 1042
f 1042 977 983
f 1042 983 1065
f 1065 983 990
f 1065 990 1219
f 1219 990 1235
f 1219 1235 1418
f 3192 3197 3230
f 3335 3336 3251
f 3331 3332 3305
f 3305 3332 3333
f 3335 3251 3334
f 3421 3454 3424
f 3424 3454 3479
f 3424 3479 3428
f 3428 3479 3482
f 3428 3482 3429
f 3429 3482 3514
f 3514 3482 3509
f 3514 3509 3559
f 3422 3454 3420
f 3420 3454 3421
f 3420 3421 3384
f 3384 3421 3385
f 3384 3385 3373
f 3373 3385 3372
f 3373 3372 3333
f 3333 3372 3334
f 3333 3334 3305
f 3768 3643 3635
f 3509 3543 3559
f 3559 3543 3571
f 3559 3571 3643
f 3643 3571 3598
f 3643 3598 3635
f 3635 3781 3768
f 3768 3781 3911
f 3768 3911 3906
f 4015 3991 3911
f 3911 3991 3966
f 3966 3941 3911
f 3911 3941 3924
f 3911 3924 3906
f 3334 3251 3305
f 3305 3251 3208
f 3305 3208 3230
f 3183 3187 3208
f 3208 3187 3230
f 3230 3187 3190
f 3230 3190 3192
f 3119 3123 3115
f 3115 3105 3119
f 3119 3105 3099
f 3119 3099 3113
f 3113 3099 3103
f 3113 3103 3142
f 3142 3103 3112
f 3112 3117 3142
f 3142 3117 3139
f 3142 3139 3144
f 3144 3139 3164
f 3144 3164 3208
f 3208 3164 3177
f 3208 3177 3183
f 3171 3160 3158
f 3153 3179 3158
f 3158 3179 3176
f 3158 3176 3171
f 3119 3135 3123
f 3123 3135 3145
f 3123 3145 3163
f 3153 3143 3179
f 3179 3143 3133
f 3179 3133 3170
f 3170 3133 3123
f 3170 3123 3165
f 3165 3123 3163
f 1912 1929 1927
f 1927 1929 1941
f 1927 1941 1949
f 1469 1452 1413
f 1413 1452 1430
f 1413 1430 1395
f 1318 1305 1374
f 2264 2236 2270
f 1738 1666 1823
f 1823 1666 1546
f 2014 1963 1758
f 1963 2014 2106
f 2201 2202 1937
f 1606 1596 1638
f 1779 1879 1808
f 1670 1796 1823
f 1957 1985 1880
f 2270 2236 2452
f 2236 2298 2452
f 2452 2298 2329
f 2452 2329 2326
f 2326 2329 2245
f 2326 2245 2225
f 2225 2245 2193
f 2225 2193 2105
f 2068 2171 2236
f 2236 2171 2218
f 2236 2218 2298
f 2068 2236 1957
f 1957 2236 2264
f 1957 2264 1985
f 1985 2264 2098
f 1985 2098 2051
f 1576 1546 1577
f 1577 1546 1516
f 1577 1516 1622
f 1670 1823 1650
f 1576 1578 1546
f 1546 1578 1581
f 1546 1581 1823
f 1823 1581 1612
f 1823 1612 1650
f 1726 1746 1804
f 1804 1746 1767
f 1804 1767 1855
f 1855 1767 1808
f 1855 1808 1906
f 1906 1808 1879
f 1906 1879 1975
f 1635 1657 1779
f 1512 1657 1504
f 1504 1657 1635
f 1504 1635 1499
f 1499 1635 1458
f 1512 1498 1657
f 1657 1498 1470
f 1657 1470 1559
f 1559 1470 1476
f 1470 1420 1476
f 1476 1420 1388
f 1476 1388 1451
f 1451 1388 1385
f 1451 1385 1390
f 1390 1385 1379
f 1390 1379 1384
f 1243 1247 1338
f 1338 1247 1300
f 1338 1300 1303
f 1303 1342 1338
f 1338 1342 1396
f 1338 1396 1405
f 1096 1105 1130
f 1130 1105 1120
f 1130 1120 1243
f 1243 1120 1172
f 1243 1172 1247
f 1263 1192 1261
f 1261 1192 1180
f 1261 1180 1150
f 1150 1180 1124
f 1150 1124 1096
f 1096 1124 1106
f 1096 1106 1105
f 1573 1515 1540
f 1540 1515 1471
f 1471 1431 1540
f 1540 1431 1363
f 1540 1363 1321
f 1354 1309 1261
f 1261 1309 1281
f 1261 1281 1263
f 1583 1619 1694
f 1694 1619 1633
f 1694 1633 1833
f 1633 1628 1833
f 1833 1628 1627
f 1833 1627 1605
f 1605 1627 1607
f 1605 1607 1590
f 1606 1638 1616
f 2182 2118 1966
f 1966 2118 2052
f 1966 2052 1921
f 1605 1616 1833
f 1833 1616 1638
f 1833 1638 1921
f 1921 1638 1812
f 1921 1812 1966
f 1966 1812 1940
f 1966 1940 2182
f 2182 1940 2192
f 2182 2192 2288
f 2303 2398 2192
f 2192 2398 2385
f 2192 2385 2288
f 1926 1806 1817
f 1817 1806 1548
f 1817 1548 1600
f 1304 1047 1264
f 710 798 834
f 834 798 830
f 834 830 1047
f 1047 830 1045
f 1047 1045 1264
f 834 761 710
f 710 761 746
f 710 746 693
f 746 735 693
f 693 735 739
f 693 739 778
f 739 806 778
f 778 806 877
f 778 877 1057
f 1057 877 952
f 1057 952 993
f 1250 1353 1308
f 993 1043 1057
f 1057 1043 1250
f 1057 1250 1344
f 1344 1250 1308
f 1344 1308 1401
f 1880 1985 1796
f 1796 1985 2051
f 1796 2051 1823
f 1823 2051 1922
f 1823 1922 1738
f 1139 1061 1103
f 1103 1061 1091
f 1318 1273 1223
f 1223 1273 1139
f 1139 1273 1176
f 1139 1176 1061
f 1458 1635 1405
f 1405 1635 1572
f 1405 1572 1338
f 1338 1572 1525
f 1338 1525 1516
f 930 1078 1104
f 1104 1078 1302
f 1104 1302 1315
f 1315 1302 1386
f 1315 1386 1548
f 1548 1386 1368
f 1548 1368 1600
f 1600 1368 1361
f 1600 1361 1460
f 1460 1361 1304
f 1460 1304 1387
f 1387 1304 1264
f 1085 816 926
f 926 816 803
f 926 803 851
f 851 803 823
f 851 823 930
f 930 823 867
f 930 867 1078
f 1318 1223 1305
f 1305 1223 1254
f 1305 1254 1268
f 1165 1155 1243
f 1401 1308 1563
f 1563 1308 1353
f 1563 1353 1666
f 1666 1353 1364
f 1666 1364 1546
f 1546 1364 1374
f 1546 1374 1516
f 1516 1374 1305
f 1516 1305 1338
f 1338 1305 1268
f 1338 1268 1243
f 1243 1268 1216
f 1243 1216 1165
f 1153 1113 1085
f 1085 1113 1067
f 1085 1067 816
f 816 1067 1070
f 816 1070 950
f 950 1070 1072
f 950 1072 1061
f 1061 1072 1082
f 1061 1082 1091
f 1596 1573 1638
f 1638 1573 1540
f 1638 1540 1812
f 1812 1540 1743
f 1812 1743 1940
f 1940 1743 1937
f 1940 1937 2192
f 2192 1937 2202
f 2192 2202 2303
f 2303 2202 2201
f 1779 1808 1635
f 1635 1808 1767
f 1635 1767 1572
f 1572 1767 1746
f 1572 1746 1525
f 1525 1746 1726
f 1525 1726 1516
f 1516 1726 1632
f 1516 1632 1622
f 2106 2201 1963
f 1963 2201 1937
f 1963 1937 1758
f 1758 1937 1743
f 1758 1743 1522
f 1522 1743 1540
f 1522 1540 1354
f 1354 1540 1321
f 1354 1321 1309
f 1155 1153 1243
f 1243 1153 1085
f 1243 1085 1130
f 1130 1085 926
f 1130 926 1096
f 1096 926 851
f 1096 851 1150
f 1150 851 930
f 1150 930 1261
f 1261 930 1104
f 1261 1104 1354
f 1354 1104 1315
f 1354 1315 1522
f 1522 1315 1548
f 1522 1548 1758
f 1758 1548 1806
f 1758 1806 2014
f 2014 1806 1926
f 2725 2752 3132
f 2870 2813 2794
f 3474 3505 3612
f 3568 3589 3544
f 3544 3589 3711
f 3505 3544 3612
f 3612 3544 3711
f 3612 3711 3698
f 3698 3711 3786
f 3698 3786 3773
f 3773 3786 3843
f 3773 3843 3855
f 3855 3843 3921
f 3498 3412 3533
f 3533 3412 3375
f 3533 3375 3562
f 3562 3375 3407
f 3562 3407 3594
f 3594 3407 3438
f 3594 3438 3545
f 3545 3438 3455
f 2725 3132 2932
f 2932 3132 3306
f 2932 3306 3228
f 2876 2677 2905
f 2905 2677 2678
f 3061 2870 3076
f 3076 2870 2794
f 3076 2794 3081
f 3081 2794 2779
f 3081 2779 3085
f 3085 2779 2759
f 3085 2759 3090
f 3090 2759 2719
f 3090 2719 3136
f 3136 2719 2677
f 3136 2677 3193
f 3193 2677 2876
f 3193 2876 3228
f 3228 2876 2905
f 3228 2905 2932
f 2932 2905 2678
f 2932 2678 2725
f 3545 3624 3594
f 3594 3624 3706
f 3594 3706 3562
f 3562 3706 3691
f 3562 3691 3533
f 3533 3691 3615
f 3533 3615 3498
f 3835 3800 3706
f 3706 3800 3762
f 3706 3762 3691
f 3855 3835 3773
f 3773 3835 3706
f 3773 3706 3698
f 3698 3706 3624
f 3698 3624 3612
f 3612 3624 3545
f 3612 3545 3474
f 3474 3545 3455
f 3412 3061 3375
f 3375 3061 3076
f 3375 3076 3407
f 3407 3076 3081
f 3407 3081 3438
f 3438 3081 3085
f 3438 3085 3455
f 3455 3085 3090
f 3455 3090 3474
f 3474 3090 3136
f 3474 3136 3505
f 3505 3136 3193
f 3505 3193 3544
f 3544 3193 3228
f 3544 3228 3568
f 3568 3228 3306
f 2028 2030 2032
f 1989 1981 2020
f 2020 1981 2004
f 2020 2004 2031
f 2004 2018 2031
f 2031 2018 2023
f 2031 2023 2036
f 2036 2023 2032
f 2032 2023 2022
f 2032 2022 2028
f 2832 2651 2630
f 2915 3147 3026
f 2662 2780 2727
f 1803 1902 1889
f 4078 4104 4004
f 3710 3662 3550
f 3577 3470 3348
f 3348 3470 3383
f 2651 2832 2753
f 2510 2484 2630
f 1961 1979 2126
f 1630 1491 1603
f 1603 1491 1508
f 1672 1654 1662
f 1662 1654 1630
f 1672 1662 1751
f 1751 1662 1800
f 1751 1800 1810
f 1979 1961 1800
f 1800 1961 1853
f 1800 1853 1810
f 2176 2134 2126
f 2126 2134 2100
f 2126 2100 1961
f 2043 2133 1996
f 1996 2133 2138
f 2043 2226 2133
f 2133 2226 2378
f 2133 2378 2209
f 2407 2295 2281
f 2281 2295 2278
f 2281 2278 2259
f 2443 2372 2474
f 2474 2372 2295
f 2474 2295 2498
f 2498 2295 2407
f 2498 2407 2558
f 2443 2474 2484
f 2484 2474 2650
f 2484 2650 2630
f 2510 2630 2557
f 2557 2630 2651
f 2557 2651 2610
f 2610 2651 2753
f 2610 2753 2622
f 3137 3138 3079
f 3137 3079 2832
f 2832 3079 3070
f 2832 3070 3031
f 3031 2918 2832
f 2832 2918 2881
f 2832 2881 2753
f 2830 3146 3108
f 2832 3104 3102
f 3102 3098 2832
f 2832 3098 3096
f 2832 3096 3137
f 3146 2830 3182
f 3182 2830 2853
f 3182 2853 3225
f 3225 2853 2897
f 3225 2897 3296
f 3296 2897 3350
f 3350 2897 3026
f 3350 3026 3383
f 3383 3026 3147
f 3383 3147 3348
f 3710 3550 3806
f 3903 4004 3977
f 4078 4004 3998
f 4004 3903 3998
f 3998 3903 3801
f 3998 3801 3891
f 3891 3801 3667
f 3891 3667 3851
f 3851 3667 3503
f 3851 3503 3616
f 3616 3503 3322
f 3616 3322 3378
f 3378 3322 3226
f 3226 3322 3021
f 3226 3021 3083
f 3083 3021 2843
f 2843 3021 2655
f 2843 2655 2718
f 2718 2655 2500
f 2718 2500 2654
f 2654 2500 2319
f 2654 2319 2456
f 2456 2319 2113
f 2456 2113 2217
f 2012 2063 2113
f 2113 2063 2074
f 2019 2001 2217
f 2074 2080 2113
f 2113 2080 2117
f 2113 2117 2217
f 2217 2117 2064
f 2217 2064 2019
f 2001 2000 2217
f 2217 2000 2021
f 2217 2021 2075
f 1803 1889 1679
f 1508 1582 1603
f 1603 1582 1679
f 1603 1679 1784
f 1784 1679 1889
f 2558 2662 2498
f 2498 2662 2727
f 2498 2727 2474
f 2474 2727 2674
f 2474 2674 2650
f 2780 2915 2727
f 2727 2915 3026
f 2727 3026 2674
f 2674 3026 2897
f 2674 2897 2650
f 2650 2897 2853
f 2650 2853 2630
f 2630 2853 2830
f 2630 2830 2832
f 2832 2830 3108
f 2832 3108 3104
f 3977 3923 3903
f 3903 3923 3742
f 3903 3742 3801
f 3801 3742 3622
f 3801 3622 3667
f 3667 3622 3485
f 3667 3485 3503
f 3503 3485 3323
f 3503 3323 3322
f 3322 3323 3055
f 3322 3055 3021
f 3021 3055 2809
f 3021 2809 2655
f 3662 3577 3550
f 3550 3577 3348
f 3550 3348 3437
f 3437 3348 3147
f 3437 3147 3249
f 3249 3147 2915
f 3249 2915 3008
f 3008 2915 2780
f 3008 2780 2799
f 2799 2780 2662
f 2799 2662 2668
f 2668 2662 2558
f 2668 2558 2547
f 2547 2558 2407
f 2547 2407 2378
f 2378 2407 2281
f 2378 2281 2209
f 2209 2281 2259
f 3923 3806 3742
f 3742 3806 3550
f 3742 3550 3622
f 3622 3550 3437
f 3622 3437 3485
f 3485 3437 3249
f 3485 3249 3323
f 3323 3249 3008
f 3323 3008 3055
f 3055 3008 2799
f 3055 2799 2809
f 2809 2799 2668
f 2809 2668 2655
f 2655 2668 2547
f 2655 2547 2500
f 2500 2547 2378
f 2500 2378 2319
f 2319 2378 2226
f 2319 2226 2113
f 2113 2226 2043
f 2113 2043 2012
f 2012 2043 1902
f 1902 2043 1889
f 1889 2043 1996
f 1889 1996 1784
f 1784 1996 1790
f 1784 1790 1603
f 1630 1603 1662
f 1662 1603 1790
f 1662 1790 1800
f 1800 1790 1996
f 1800 1996 1979
f 1979 1996 2138
f 1979 2138 2126
f 2126 2138 2148
f 2126 2148 2176
f 2229 2219 2196
f 2229 2196 2172
f 2172 2196 2131
f 2172 2131 2090
f 2090 2131 2054
f 2090 2054 2053
f 2025 2044 2038
f 2038 2044 2053
f 2054 2047 2053
f 2053 2047 2033
f 2053 2033 2038
f 2038 2033 1997
f 2038 1997 2025
f 2025 1997 1988
f 2025 1988 1986
f 1986 1988 1981
f 1986 1981 1989
f 2623 2622 2753
f 2852 2829 2845
f 2845 2761 2873
f 2873 2761 2753
f 2873 2753 2881
f 2845 2829 2761
f 2761 2829 2714
f 2761 2714 2753
f 2753 2714 2635
f 2753 2635 2623
f 3054 3016 3039
f 3039 3016 3015
f 3039 3015 3014
f 3043 3144 3068
f 3068 3144 3208
f 3336 3298 3251
f 3251 3298 3199
f 3251 3199 3208
f 3208 3199 3100
f 3208 3100 3068
f 2966 2982 3057
f 3057 3135 2966
f 2966 3135 3119
f 2966 3119 3033
f 3033 3119 3113
f 3033 3113 3043
f 3043 3113 3142
f 3043 3142 3144
f 1492 1491 1630
f 1655 1656 1646
f 1646 1656 1700
f 1756 1757 1711
f 1755 1756 1707
f 1707 1756 1711
f 1707 1711 1656
f 1656 1711 1658
f 1656 1658 1700
f 1700 1658 1675
f 1492 1630 1502
f 1654 1655 1630
f 1630 1655 1646
f 1630 1646 1502
f 1502 1646 1700
f 1502 1700 1574
f 1574 1700 1793
f 1574 1793 1689
f 1689 1793 1847
f 1847 1793 1886
f 1847 1886 1903
f 1903 1886 2071
f 1903 2071 1983
f 1983 2071 2210
f 2210 2071 2279
f 2210 2279 2337
f 2337 2279 2366
f 2366 2279 2469
f 2366 2469 2519
f 1931 1958 2027
f 2027 1958 2147
f 2027 2147 2211
f 2211 2147 2314
f 2211 2314 2364
f 2364 2314 2490
f 2364 2490 2489
f 1675 1730 1700
f 1700 1730 1749
f 1700 1749 1793
f 1793 1749 1851
f 1793 1851 1886
f 1851 1931 1886
f 1886 1931 2027
f 1886 2027 2071
f 2071 2027 2211
f 2071 2211 2279
f 2279 2211 2364
f 2279 2364 2469
f 2469 2364 2489
f 2469 2489 2519
f 2845 2998 2852
f 3175 3054 3006
f 3006 3054 3039
f 3006 3039 3014
f 3175 3006 3173
f 3173 3006 3005
f 3173 3005 3169
f 2845 2873 2998
f 2998 2873 2881
f 2998 2881 2918
f 3005 2998 3169
f 3169 2998 2918
f 3169 2918 3166
f 3166 2918 3031
f 3031 3070 3166
f 3166 3070 3079
f 3166 3079 3138
f 1698 1912 1927
f 1949 1725 1927
f 1927 1725 1469
f 1927 1469 1698
f 1698 1469 1413
f 1698 1413 1395
f 1489 1388 1420
f 2022 1881 2028
f 2028 1881 1885
f 2028 1885 2030
f 1871 1860 1420
f 1420 1860 1857
f 1458 1901 1499
f 1499 1901 1915
f 1499 1915 1504
f 1504 1915 1917
f 1504 1917 1512
f 1512 1917 1908
f 1512 1908 1498
f 1498 1908 1891
f 1498 1891 1470
f 1470 1891 1885
f 1470 1885 1420
f 1420 1885 1881
f 1420 1881 1871
f 1106 1487 1105
f 1105 1487 1510
f 1105 1510 1120
f 1120 1510 1172
f 1510 1561 1172
f 1172 1561 1584
f 1172 1584 1247
f 1247 1584 1618
f 1247 1618 1300
f 1300 1618 1682
f 1300 1682 1303
f 1303 1682 1729
f 1303 1729 1342
f 1342 1729 1761
f 1342 1761 1396
f 1396 1761 1828
f 1396 1828 1405
f 1405 1828 1856
f 1405 1856 1458
f 1458 1856 1870
f 1458 1870 1901
f 1479 1106 1124
f 1479 1124 1493
f 1756 1755 1480
f 1757 1756 1479
f 1479 1756 1480
f 1479 1480 1106
f 1106 1480 1483
f 1106 1483 1487
f 1124 1180 1493
f 1493 1180 1192
f 1493 1192 1506
f 1506 1192 1263
f 1506 1263 1556
f 1590 1774 1605
f 1605 1774 1778
f 1605 1778 1616
f 1616 1778 1781
f 1616 1781 1606
f 1606 1781 1771
f 1606 1771 1596
f 1596 1771 1764
f 1596 1764 1573
f 1573 1764 1739
f 1573 1739 1515
f 1515 1739 1692
f 1515 1692 1471
f 1471 1692 1687
f 1471 1687 1431
f 1431 1687 1649
f 1431 1649 1363
f 1363 1649 1601
f 1363 1601 1321
f 1321 1601 1588
f 1321 1588 1309
f 1309 1588 1556
f 1309 1556 1281
f 1281 1556 1263
f 1595 1489 1709
f 1709 1489 1420
f 1709 1420 1811
f 1811 1420 1857
f 3009 3175 3176
f 3179 3051 3176
f 3176 3051 3013
f 3176 3013 3009
f 3016 3054 3011
f 3011 3054 3175
f 3011 3175 3010
f 3010 3175 3009
f 3010 3009 2229
f 2229 3009 2219
f 2942 3109 3319
f 4693 4694 4686
f 3673 3739 3584
f 4697 4693 4687
f 4687 4693 4686
f 4687 4686 4563
f 4563 4686 4564
f 4563 4564 4149
f 4149 4564 4150
f 4149 4150 3907
f 3907 4150 3908
f 3907 3908 3779
f 3779 3908 3584
f 3779 3584 3756
f 3756 3584 3739
f 3060 3361 2943
f 2943 3361 3539
f 2943 3539 3584
f 3584 3539 3585
f 3584 3585 3673
f 2464 2599 2461
f 2461 2599 2785
f 2461 2785 2943
f 2943 2785 2944
f 2943 2944 3060
f 2464 2461 2341
f 2341 2461 1763
f 2341 1763 2024
f 774 777 817
f 817 1329 774
f 774 1329 1727
f 774 1727 1763
f 1763 1727 1765
f 1763 1765 2024
f 777 774 571
f 571 774 456
f 571 456 468
f 379 389 378
f 378 389 414
f 378 414 456
f 456 414 457
f 456 457 468
f 403 397 396
f 396 397 381
f 396 381 378
f 378 381 372
f 378 372 379
f 403 396 452
f 452 396 491
f 452 491 492
f 1199 670 491
f 491 670 508
f 491 508 492
f 1973 1974 1199
f 1199 1974 1897
f 1897 1562 1199
f 1199 1562 1187
f 1199 1187 670
f 1973 2093 1974
f 1974 2093 2386
f 1974 2386 2253
f 2253 2386 2521
f 2849 2938 2619
f 2521 2386 2619
f 2619 2386 2617
f 2619 2617 2849
f 3109 2942 2938
f 2938 2942 2735
f 2938 2735 2619
f 4695 4699 4635
f 4635 4579 4592
f 4592 4576 4636
f 4636 4576 4560
f 4560 4546 4636
f 4636 4546 4500
f 4636 4500 4484
f 4592 4636 4635
f 4635 4636 4696
f 4635 4696 4695
f 3769 3846 3876
f 3769 3876 3720
f 3782 3607 3876
f 3876 3607 3661
f 3876 3661 3720
f 3560 3576 3782
f 3782 3576 3601
f 3782 3601 3607
f 3606 3740 3637
f 3637 3740 3692
f 3606 3591 3740
f 3740 3591 3564
f 3740 3564 3782
f 3782 3564 3557
f 3782 3557 3560
f 3846 3871 3876
f 3876 3871 3900
f 3876 3900 3940
f 3940 3964 3876
f 3876 3964 3987
f 3876 3987 4014
f 4014 4025 3876
f 3876 4025 4045
f 3876 4045 4065
f 4065 4074 3876
f 3876 4074 4070
f 3876 4070 4051
f 1439 1553 1348
f 4654 4686 4694
f 3378 3226 2943
f 2217 2075 2086
f 2086 2130 2217
f 2217 2130 2199
f 2217 2199 2456
f 2456 2199 2309
f 2456 2309 2654
f 2654 2309 2388
f 2654 2388 2448
f 2448 2568 2654
f 2654 2568 2665
f 2654 2665 2718
f 2718 2665 2736
f 2718 2736 2843
f 2814 2802 2943
f 2736 2825 2843
f 2843 2825 2886
f 2843 2886 3083
f 3083 2886 2927
f 3083 2927 3226
f 3226 2927 2865
f 3226 2865 2943
f 2943 2865 2815
f 2943 2815 2814
f 2494 2461 2661
f 2661 2461 2943
f 2661 2943 2762
f 2762 2943 2802
f 3378 2943 3616
f 3616 2943 3584
f 3616 3584 3851
f 3851 3584 3908
f 3851 3908 3891
f 4354 4287 4150
f 3891 3908 3998
f 3998 3908 4150
f 3998 4150 4078
f 4078 4150 4287
f 4078 4287 4104
f 4686 4654 4564
f 4654 4597 4564
f 4564 4597 4583
f 4564 4583 4533
f 4533 4583 4571
f 4533 4571 4573
f 4573 4593 4533
f 4533 4593 4614
f 4533 4614 4638
f 4533 4488 4564
f 4564 4488 4421
f 4564 4421 4150
f 4150 4421 4415
f 4150 4415 4354
f 1199 1791 1973
f 1973 1791 2008
f 1973 2008 2093
f 491 1348 1199
f 1199 1348 1553
f 1199 1553 1791
f 995 1098 1189
f 1524 1547 1514
f 1382 1463 1434
f 1434 1463 1524
f 1524 1514 1434
f 1434 1514 1482
f 1434 1482 1382
f 1439 1348 1444
f 1444 1348 995
f 1444 995 1482
f 1482 995 1189
f 1482 1189 1382
f 1331 1636 1345
f 1345 1636 1371
f 1098 995 855
f 855 995 796
f 855 796 751
f 751 796 702
f 751 702 713
f 713 702 661
f 713 661 725
f 725 661 674
f 725 674 782
f 782 674 729
f 782 729 943
f 943 729 849
f 943 849 1193
f 1193 849 1121
f 1193 1121 1371
f 1371 1121 1335
f 1371 1335 1345
f 774 1763 1866
f 2494 2487 2461
f 2461 2487 2335
f 2461 2335 1763
f 1763 2335 1971
f 1763 1971 1866
f 1866 1636 774
f 774 1636 1331
f 774 1331 456
f 456 1331 640
f 456 640 378
f 378 640 507
f 378 507 396
f 396 507 517
f 396 517 491
f 491 517 785
f 491 785 1348
f 4594 4574 4521
f 4521 4574 4540
f 4540 4574 4572
f 4540 4572 4544
f 4484 4492 4636
f 4636 4492 4529
f 4636 4529 4544
f 4572 4588 4544
f 4544 4588 4598
f 4544 4598 4636
f 4636 4598 4656
f 4636 4656 4696
f 4506 4515 4521
f 4521 4515 4536
f 4521 4536 4594
f 4594 4536 4585
f 4594 4585 4612
f 4612 4585 4639
f 3693 3692 3740
f 3527 3493 3540
f 3540 3493 3478
f 3540 3478 3377
f 3377 3478 3292
f 3377 3292 3320
f 3320 3292 3059
f 3320 3059 3319
f 3319 3059 2942
f 2942 3059 2923
f 2942 2923 2735
f 2923 2708 2735
f 2735 2708 2582
f 2735 2582 2619
f 2619 2582 2468
f 2619 2468 2521
f 2521 2468 2170
f 2521 2170 2253
f 2253 2170 1836
f 2253 1836 1974
f 1974 1836 1437
f 1974 1437 1897
f 372 381 14
f 921 1329 558
f 558 1329 817
f 558 817 415
f 415 817 777
f 415 777 311
f 311 777 571
f 311 571 154
f 154 571 468
f 154 468 65
f 65 468 457
f 65 457 20
f 20 457 414
f 20 414 389
f 372 14 379
f 381 397 14
f 14 397 403
f 14 403 22
f 22 403 452
f 22 452 160
f 1127 1187 1437
f 1437 1187 1562
f 1437 1562 1897
f 452 492 160
f 160 492 508
f 160 508 330
f 330 508 670
f 330 670 451
f 451 670 1187
f 451 1187 591
f 591 1187 1127
f 2341 2024 1579
f 1579 2024 1436
f 1436 2024 1765
f 1436 1765 921
f 921 1765 1727
f 921 1727 1329
f 3361 3060 3029
f 3029 3060 2944
f 3029 2944 2760
f 2760 2944 2785
f 2760 2785 2566
f 2566 2785 2599
f 2566 2599 2485
f 2485 2599 2464
f 2485 2464 2292
f 2292 2464 2341
f 2292 2341 1945
f 1945 2341 1579
f 3766 3857 3856
f 3856 3857 3877
f 3856 3877 3884
f 3856 3838 3766
f 3766 3838 3809
f 3766 3809 3738
f 3809 3797 3738
f 3738 3797 3739
f 3738 3739 3679
f 3679 3739 3673
f 3679 3673 3541
f 3541 3673 3585
f 3541 3585 3524
f 3524 3585 3539
f 3524 3539 3477
f 3477 3539 3361
f 3477 3361 3367
f 3367 3361 3029
f 3797 3780 3739
f 3739 3780 3778
f 3739 3778 3756
f 3756 3778 3779
f 5 14 2
f 2 14 6
f 389 379 20
f 20 379 14
f 20 14 11
f 11 14 5
f 3527 3540 3631
f 3631 3540 3681
f 3631 3681 3737
f 3740 3782 3783
f 3783 3784 3740
f 3740 3784 3737
f 3740 3737 3693
f 3693 3737 3681
f 3784 3798 3737
f 3737 3798 3810
f 3737 3810 3837
f 3837 3810 3834
f 3837 3834 3859
f 3859 3834 3858
f 3859 3858 3878
f 3878 3858 3885
f 3331 3305 3330
f 3330 3305 3296
f 3330 3296 3326
f 3326 3296 3350
f 3326 3350 3431
f 3431 3350 3383
f 3383 3470 3431
f 3431 3470 3577
f 3431 3577 3507
f 3507 3577 3662
f 3507 3662 3628
f 3628 3662 3793
f 3662 3710 3793
f 3793 3710 3806
f 3793 3806 3896
f 3896 3806 3923
f 3896 3923 3971
f 3971 3923 3977
f 3971 3977 3989
f 3989 3977 4004
f 3989 4004 4068
f 4068 4004 4104
f 4068 4104 4105
f 3191 3189 3225
f 3305 3230 3296
f 3296 3230 3197
f 3296 3197 3225
f 3225 3197 3195
f 3225 3195 3191
f 3174 3161 3146
f 3189 3186 3225
f 3225 3186 3174
f 3225 3174 3182
f 3182 3174 3146
f 3161 3131 3146
f 3146 3131 3110
f 3146 3110 3107
f 3102 3104 3107
f 3107 3104 3108
f 3107 3108 3146
f 3097 3137 3095
f 3095 3137 3096
f 3095 3096 3107
f 3107 3096 3098
f 3107 3098 3102
f 3118 3130 3175
f 3175 3173 3118
f 3118 3173 3169
f 3118 3169 3166
f 3097 3106 3137
f 3137 3106 3118
f 3137 3118 3138
f 3138 3118 3166
f 3130 3141 3175
f 3175 3141 3150
f 3175 3150 3176
f 3150 3156 3176
f 3176 3156 3159
f 3176 3159 3171
f 3171 3159 3160
f 2225 2105 2221
f 2221 2105 2107
f 2221 2107 2175
f 2175 2107 2057
f 2175 2057 2007
f 2007 2057 1994
f 2449 2452 2326
f 2452 2449 2457
f 2470 2471 2449
f 2449 2471 2467
f 2449 2467 2457
f 2441 2453 2449
f 2449 2453 2466
f 2449 2466 2470
f 2225 2221 2326
f 2326 2221 2342
f 2326 2342 2449
f 2449 2342 2417
f 2449 2417 2441
f 1286 1114 1185
f 1559 1476 1346
f 1346 1476 1299
f 1299 1476 1451
f 1299 1451 1185
f 1370 1286 1384
f 1384 1286 1185
f 1384 1185 1390
f 1390 1185 1451
f 1346 1409 1559
f 1559 1409 1580
f 1559 1580 1657
f 1657 1580 1660
f 1657 1660 1779
f 1779 1660 1731
f 1779 1731 1879
f 1879 1731 1864
f 1879 1864 1975
f 3012 3013 3034
f 3034 3013 3051
f 3135 3057 3145
f 3145 3057 2982
f 3145 2982 3163
f 3163 2982 2985
f 3163 2985 3165
f 3165 2985 2989
f 3165 2989 3170
f 3170 2989 2999
f 3170 2999 3004
f 3179 3170 3051
f 3051 3170 3004
f 3051 3004 3034
f 3034 3004 3012
f 3440 3457 3091
f 3222 3345 3376
f 2933 3128 2752
f 2877 2673 2717
f 3091 3457 3140
f 3708 3763 3840
f 3467 3499 3535
f 3535 3499 3566
f 3547 3613 3476
f 3476 3613 3506
f 3476 3506 3194
f 3595 3625 3547
f 3547 3625 3700
f 3547 3700 3613
f 3613 3700 3787
f 2707 2673 2906
f 2906 2673 2877
f 2906 2877 3229
f 3563 3595 3440
f 3440 3595 3547
f 3440 3547 3457
f 3457 3547 3476
f 3457 3476 3140
f 3140 3476 3194
f 2816 3062 2818
f 2818 3062 3077
f 2818 3077 2810
f 2810 3077 2783
f 2745 2783 3082
f 3082 2783 3077
f 3082 3077 3376
f 3376 3077 3062
f 3376 3062 3222
f 2717 2745 3086
f 3086 2745 3082
f 3086 3082 3409
f 3409 3082 3376
f 3409 3376 3535
f 3535 3376 3345
f 3535 3345 3467
f 3708 3840 3775
f 3775 3840 3922
f 3775 3922 3844
f 3749 3595 3721
f 3721 3595 3563
f 3721 3563 3694
f 3749 3763 3595
f 3595 3763 3708
f 3595 3708 3625
f 3625 3708 3775
f 3625 3775 3700
f 3700 3775 3844
f 3700 3844 3787
f 2752 2707 2933
f 2933 2707 2906
f 2933 2906 3128
f 3128 2906 3229
f 3128 3229 3464
f 3464 3229 3546
f 3464 3546 3590
f 3590 3546 3719
f 3617 3685 3566
f 3566 3685 3694
f 3566 3694 3535
f 3535 3694 3563
f 3535 3563 3409
f 3409 3563 3440
f 3409 3440 3086
f 3086 3440 3091
f 3086 3091 2717
f 2717 3091 3140
f 2717 3140 2877
f 2877 3140 3194
f 2877 3194 3229
f 3229 3194 3506
f 3229 3506 3546
f 3546 3506 3613
f 3546 3613 3719
f 3719 3613 3787
f 1820 2076 2137
f 1298 642 580
f 18 16 3
f 1231 964 519
f 1457 1475 1821
f 1475 1457 1285
f 677 756 788
f 1773 1969 2085
f 1924 2073 2059
f 556 748 664
f 301 214 177
f 2185 2124 2010
f 20 11 61
f 1127 1437 838
f 1127 838 591
f 591 838 501
f 591 501 451
f 451 501 393
f 451 393 330
f 330 393 239
f 330 239 160
f 6 14 15
f 836 558 499
f 499 558 415
f 499 415 392
f 392 415 311
f 392 311 238
f 238 311 154
f 238 154 61
f 61 154 65
f 61 65 20
f 1994 2005 2205
f 2205 2005 2009
f 2205 2009 2289
f 2304 2124 2379
f 2379 2124 2185
f 2379 2185 2427
f 2427 2185 2221
f 2427 2221 2465
f 2465 2221 2175
f 2465 2175 2205
f 2205 2175 2007
f 2205 2007 1994
f 1861 1925 2072
f 2072 1925 2010
f 1769 1766 1533
f 1533 1651 1769
f 1769 1651 1741
f 1769 1741 1762
f 1392 1356 1277
f 1277 1356 1237
f 749 744 570
f 570 744 709
f 570 709 485
f 485 709 474
f 485 474 467
f 467 474 410
f 214 301 348
f 348 301 350
f 348 350 359
f 164 198 201
f 201 200 164
f 164 200 202
f 164 202 177
f 177 202 236
f 177 236 301
f 178 220 203
f 215 281 178
f 178 281 228
f 178 228 220
f 349 385 341
f 556 497 715
f 497 493 715
f 715 493 490
f 715 490 476
f 476 490 482
f 476 482 419
f 664 748 954
f 954 748 1359
f 954 1359 1222
f 1768 1568 1359
f 1359 1568 1347
f 1359 1347 1222
f 2073 1924 2037
f 1768 2017 2037
f 1924 1826 2037
f 2037 1826 1724
f 2037 1724 1768
f 1768 1724 1629
f 1768 1629 1568
f 2280 2380 2439
f 1882 1930 2293
f 2293 1930 2013
f 2293 2013 2206
f 2206 2013 2139
f 1408 1631 1478
f 1478 1631 1822
f 1723 1320 1267
f 1267 1320 1149
f 1267 1149 979
f 979 1149 781
f 781 1149 928
f 781 928 727
f 727 928 839
f 727 839 698
f 756 677 839
f 839 677 687
f 839 687 698
f 1131 804 788
f 788 804 711
f 788 711 677
f 1398 1006 1131
f 1131 1006 878
f 1131 878 804
f 1799 1669 1821
f 1821 1669 1645
f 1821 1645 1457
f 1854 1404 1992
f 1992 1404 1814
f 1992 1814 2132
f 1772 1594 1231
f 1231 1594 1560
f 1231 1560 964
f 1560 1436 836
f 836 1436 921
f 836 921 558
f 1854 1772 1404
f 1404 1772 1231
f 1404 1231 619
f 619 1231 519
f 619 519 407
f 2168 2132 1904
f 1904 2132 1814
f 1904 1814 1423
f 1423 1814 1404
f 1423 1404 827
f 827 1404 619
f 827 619 453
f 453 619 407
f 453 407 266
f 641 412 458
f 458 412 207
f 21 164 23
f 23 164 177
f 23 177 64
f 64 177 214
f 64 214 207
f 207 214 348
f 207 348 458
f 8 21 9
f 9 21 23
f 9 23 12
f 12 23 64
f 12 64 36
f 36 64 207
f 580 642 413
f 413 642 459
f 413 459 296
f 296 459 349
f 296 349 215
f 215 349 341
f 215 341 281
f 24 10 66
f 66 10 13
f 66 13 210
f 210 13 37
f 210 37 377
f 178 24 215
f 215 24 66
f 215 66 296
f 296 66 210
f 296 210 413
f 413 210 377
f 413 377 580
f 1708 1298 1148
f 1148 1298 580
f 1148 580 489
f 489 580 377
f 489 377 219
f 219 377 37
f 219 37 19
f 19 37 13
f 19 13 7
f 7 13 10
f 7 10 8
f 8 10 24
f 8 24 21
f 21 24 178
f 21 178 164
f 164 178 203
f 164 203 198
f 14 22 15
f 15 22 62
f 15 62 85
f 85 62 267
f 85 267 331
f 331 267 454
f 331 454 500
f 500 454 833
f 500 833 1428
f 1428 833 1820
f 1428 1820 1907
f 1907 1820 2137
f 1907 2137 2195
f 522 967 1233
f 1233 967 1564
f 1233 1564 1599
f 409 522 621
f 621 522 1233
f 621 1233 1406
f 1406 1233 1599
f 1437 1564 838
f 838 1564 967
f 838 967 501
f 501 967 522
f 501 522 393
f 393 522 409
f 393 409 239
f 1599 1776 1406
f 1406 1776 1789
f 1406 1789 1832
f 22 160 62
f 62 160 239
f 62 239 267
f 267 239 409
f 267 409 454
f 454 409 621
f 454 621 833
f 833 621 1406
f 833 1406 1820
f 1820 1406 1832
f 1820 1832 2076
f 1942 1786 1822
f 1822 1786 1723
f 1822 1723 1478
f 1478 1723 1267
f 1478 1267 1408
f 2184 1942 2085
f 2085 1942 1822
f 2085 1822 1773
f 1773 1822 1631
f 1773 1882 1969
f 1969 1882 2293
f 1969 2293 2085
f 2085 2293 2434
f 2085 2434 2184
f 2524 2434 2520
f 2520 2434 2293
f 2520 2293 2473
f 2473 2293 2206
f 2473 2206 2439
f 2439 2206 2139
f 2439 2139 2280
f 2280 2247 2380
f 2380 2247 2059
f 2380 2059 2318
f 2318 2059 2073
f 2318 2073 2276
f 2276 2073 2037
f 556 715 748
f 748 715 1334
f 748 1334 1359
f 1359 1334 1754
f 1359 1754 1768
f 1768 1754 1995
f 1768 1995 2017
f 2017 1995 2235
f 2017 2235 2037
f 2037 2235 2244
f 2037 2244 2276
f 2368 2523 2289
f 2289 2523 2525
f 2289 2525 2516
f 2516 2511 2289
f 2289 2511 2508
f 2289 2508 2205
f 2205 2508 2472
f 2205 2472 2465
f 2203 2368 2083
f 2083 2368 2289
f 2083 2289 1965
f 1965 2289 2009
f 1954 2203 1821
f 1821 2203 2083
f 1821 2083 1799
f 1799 2083 1965
f 1799 1965 1909
f 1909 1965 2009
f 1954 1821 1722
f 1722 1821 1475
f 1722 1475 1554
f 1554 1475 1285
f 1554 1285 1398
f 1398 1285 1164
f 1398 1164 1006
f 2010 2124 2072
f 2072 2124 2304
f 2072 2304 2035
f 2035 2304 2275
f 2035 2275 2015
f 2275 2232 2015
f 2015 2232 2214
f 2015 2214 1991
f 1991 2214 2168
f 1991 2168 1959
f 1959 2168 1904
f 1959 1904 1615
f 1615 1904 1423
f 1615 1423 820
f 820 1423 827
f 820 827 498
f 498 827 453
f 498 453 329
f 329 453 266
f 329 266 82
f 16 18 141
f 141 18 218
f 141 218 387
f 387 218 375
f 387 375 488
f 488 375 578
f 488 578 1143
f 1143 578 1294
f 1143 1294 1704
f 1704 1294 1330
f 1704 1330 1750
f 1750 1330 1356
f 1750 1356 1766
f 1766 1356 1392
f 1766 1392 1533
f 1861 2072 1762
f 1762 2072 2035
f 1762 2035 1769
f 1769 2035 2015
f 1769 2015 1766
f 1766 2015 1991
f 1766 1991 1750
f 1750 1991 1959
f 1750 1959 1704
f 1704 1959 1615
f 1704 1615 1143
f 1143 1615 820
f 1143 820 488
f 488 820 498
f 488 498 387
f 387 498 329
f 387 329 141
f 141 329 82
f 141 82 16
f 709 641 474
f 474 641 458
f 474 458 410
f 410 458 348
f 410 348 364
f 364 348 359
f 1962 1708 1621
f 1621 1708 1148
f 1621 1148 824
f 824 1148 489
f 824 489 388
f 388 489 219
f 388 219 144
f 144 219 19
f 144 19 17
f 17 19 7
f 17 7 4
f 4 7 8
f 4 8 1
f 1 8 9
f 1 9 3
f 3 9 12
f 3 12 18
f 18 12 36
f 18 36 218
f 218 36 207
f 218 207 375
f 375 207 412
f 375 412 578
f 578 412 641
f 578 641 1294
f 1294 641 709
f 1294 709 1330
f 1330 709 744
f 1330 744 1356
f 1356 744 749
f 1356 749 1237
f 1560 836 964
f 964 836 499
f 964 499 519
f 519 499 392
f 519 392 407
f 407 392 238
f 407 238 266
f 266 238 61
f 266 61 82
f 82 61 11
f 82 11 16
f 16 11 5
f 16 5 3
f 3 5 2
f 3 2 1
f 1 2 6
f 1 6 4
f 4 6 15
f 4 15 17
f 17 15 85
f 17 85 144
f 144 85 331
f 144 331 388
f 388 331 500
f 388 500 824
f 824 500 1428
f 824 1428 1621
f 1621 1428 1907
f 1621 1907 1962
f 1962 1907 2195
f 1962 2195 2200
f 385 349 419
f 419 349 459
f 419 459 476
f 476 459 642
f 476 642 715
f 715 642 1298
f 715 1298 1334
f 1334 1298 1708
f 1334 1708 1754
f 1754 1708 1962
f 1754 1962 1995
f 1995 1962 2200
f 1995 2200 2235
