Importing module 'gym_38' (/home/wangjiarui/artgym-runtime/opt/isaacgym/python/isaacgym/_bindings/linux-x86_64/gym_38.so)
[Warning] [carb] unknown type for the object '/home/wangjiarui/artgym-runtime/opt/isaacgym/python/isaacgym/_bindings/linux-x86_64//libboost_python36.so' {d_type = 0x00000000}
[Warning] [carb] unknown type for the object '/home/wangjiarui/artgym-runtime/opt/isaacgym/python/isaacgym/_bindings/linux-x86_64//libboost_regex.so' {d_type = 0x00000000}
[Warning] [carb] unknown type for the object '/home/wangjiarui/artgym-runtime/opt/isaacgym/python/isaacgym/_bindings/linux-x86_64//libpython3.6m.so' {d_type = 0x00000000}
[Warning] [carb] unknown type for the object '/home/wangjiarui/artgym-runtime/opt/isaacgym/python/isaacgym/_bindings/linux-x86_64//libGLEW.so' {d_type = 0x00000000}
[Warning] [carb] unknown type for the object '/home/wangjiarui/artgym-runtime/opt/isaacgym/python/isaacgym/_bindings/linux-x86_64//libboost_atomic.so' {d_type = 0x00000000}
[Warning] [carb] unknown type for the object '/home/wangjiarui/artgym-runtime/opt/isaacgym/python/isaacgym/_bindings/linux-x86_64//libembree.so' {d_type = 0x00000000}
[Warning] [carb] unknown type for the object '/home/wangjiarui/artgym-runtime/opt/isaacgym/python/isaacgym/_bindings/linux-x86_64//libembree.so.2' {d_type = 0x00000000}
[Warning] [carb] unknown type for the object '/home/wangjiarui/artgym-runtime/opt/isaacgym/python/isaacgym/_bindings/linux-x86_64//libjemalloc.so' {d_type = 0x00000000}
[Warning] [carb] unknown type for the object '/home/wangjiarui/artgym-runtime/opt/isaacgym/python/isaacgym/_bindings/linux-x86_64//libboost_python27.so' {d_type = 0x00000000}
[Warning] [carb] unknown type for the object '/home/wangjiarui/artgym-runtime/opt/isaacgym/python/isaacgym/_bindings/linux-x86_64//libGLEW.so.2.0' {d_type = 0x00000000}
[Warning] [carb] unknown type for the object '/home/wangjiarui/artgym-runtime/opt/isaacgym/python/isaacgym/_bindings/linux-x86_64//libosdCPU.so' {d_type = 0x00000000}
[Warning] [carb] unknown type for the object '/home/wangjiarui/artgym-runtime/opt/isaacgym/python/isaacgym/_bindings/linux-x86_64//libboost_program_options.so' {d_type = 0x00000000}
[Warning] [carb] unknown type for the object '/home/wangjiarui/artgym-runtime/opt/isaacgym/python/isaacgym/_bindings/linux-x86_64//libosdGPU.so' {d_type = 0x00000000}
[Warning] [carb] unknown type for the object '/home/wangjiarui/artgym-runtime/opt/isaacgym/python/isaacgym/_bindings/linux-x86_64//libboost_thread.so' {d_type = 0x00000000}
[Warning] [carb] unknown type for the object '/home/wangjiarui/artgym-runtime/opt/isaacgym/python/isaacgym/_bindings/linux-x86_64//libboost_filesystem.so' {d_type = 0x00000000}
[Warning] [carb] unknown type for the object '/home/wangjiarui/artgym-runtime/opt/isaacgym/python/isaacgym/_bindings/linux-x86_64//libboost_date_time.so' {d_type = 0x00000000}
[Warning] [carb] unknown type for the object '/home/wangjiarui/artgym-runtime/opt/isaacgym/python/isaacgym/_bindings/linux-x86_64//libboost_system.so' {d_type = 0x00000000}
[Warning] [carb] unknown type for the object '/home/wangjiarui/artgym-runtime/opt/isaacgym/python/isaacgym/_bindings/linux-x86_64//libboost_python36.so' {d_type = 0x00000000}
[Warning] [carb] unknown type for the object '/home/wangjiarui/artgym-runtime/opt/isaacgym/python/isaacgym/_bindings/linux-x86_64//libboost_regex.so' {d_type = 0x00000000}
[Warning] [carb] unknown type for the object '/home/wangjiarui/artgym-runtime/opt/isaacgym/python/isaacgym/_bindings/linux-x86_64//libpython3.6m.so' {d_type = 0x00000000}
[Warning] [carb] unknown type for the object '/home/wangjiarui/artgym-runtime/opt/isaacgym/python/isaacgym/_bindings/linux-x86_64//libGLEW.so' {d_type = 0x00000000}
[Warning] [carb] unknown type for the object '/home/wangjiarui/artgym-runtime/opt/isaacgym/python/isaacgym/_bindings/linux-x86_64//libboost_atomic.so' {d_type = 0x00000000}
[Warning] [carb] unknown type for the object '/home/wangjiarui/artgym-runtime/opt/isaacgym/python/isaacgym/_bindings/linux-x86_64//libembree.so' {d_type = 0x00000000}
[Warning] [carb] unknown type for the object '/home/wangjiarui/artgym-runtime/opt/isaacgym/python/isaacgym/_bindings/linux-x86_64//libembree.so.2' {d_type = 0x00000000}
[Warning] [carb] unknown type for the object '/home/wangjiarui/artgym-runtime/opt/isaacgym/python/isaacgym/_bindings/linux-x86_64//libjemalloc.so' {d_type = 0x00000000}
[Warning] [carb] unknown type for the object '/home/wangjiarui/artgym-runtime/opt/isaacgym/python/isaacgym/_bindings/linux-x86_64//libboost_python27.so' {d_type = 0x00000000}
[Warning] [carb] unknown type for the object '/home/wangjiarui/artgym-runtime/opt/isaacgym/python/isaacgym/_bindings/linux-x86_64//libGLEW.so.2.0' {d_type = 0x00000000}
[Warning] [carb] unknown type for the object '/home/wangjiarui/artgym-runtime/opt/isaacgym/python/isaacgym/_bindings/linux-x86_64//libosdCPU.so' {d_type = 0x00000000}
[Warning] [carb] unknown type for the object '/home/wangjiarui/artgym-runtime/opt/isaacgym/python/isaacgym/_bindings/linux-x86_64//libboost_program_options.so' {d_type = 0x00000000}
[Warning] [carb] unknown type for the object '/home/wangjiarui/artgym-runtime/opt/isaacgym/python/isaacgym/_bindings/linux-x86_64//libosdGPU.so' {d_type = 0x00000000}
[Warning] [carb] unknown type for the object '/home/wangjiarui/artgym-runtime/opt/isaacgym/python/isaacgym/_bindings/linux-x86_64//libboost_thread.so' {d_type = 0x00000000}
[Warning] [carb] unknown type for the object '/home/wangjiarui/artgym-runtime/opt/isaacgym/python/isaacgym/_bindings/linux-x86_64//libboost_filesystem.so' {d_type = 0x00000000}
[Warning] [carb] unknown type for the object '/home/wangjiarui/artgym-runtime/opt/isaacgym/python/isaacgym/_bindings/linux-x86_64//libboost_date_time.so' {d_type = 0x00000000}
[Warning] [carb] unknown type for the object '/home/wangjiarui/artgym-runtime/opt/isaacgym/python/isaacgym/_bindings/linux-x86_64//libboost_system.so' {d_type = 0x00000000}
[Warning] [carb] unknown type for the object '/home/wangjiarui/artgym-runtime/opt/isaacgym/python/isaacgym/_bindings/linux-x86_64//libboost_python36.so' {d_type = 0x00000000}
[Warning] [carb] unknown type for the object '/home/wangjiarui/artgym-runtime/opt/isaacgym/python/isaacgym/_bindings/linux-x86_64//libboost_regex.so' {d_type = 0x00000000}
[Warning] [carb] unknown type for the object '/home/wangjiarui/artgym-runtime/opt/isaacgym/python/isaacgym/_bindings/linux-x86_64//libpython3.6m.so' {d_type = 0x00000000}
[Warning] [carb] unknown type for the object '/home/wangjiarui/artgym-runtime/opt/isaacgym/python/isaacgym/_bindings/linux-x86_64//libGLEW.so' {d_type = 0x00000000}
[Warning] [carb] unknown type for the object '/home/wangjiarui/artgym-runtime/opt/isaacgym/python/isaacgym/_bindings/linux-x86_64//libboost_atomic.so' {d_type = 0x00000000}
[Warning] [carb] unknown type for the object '/home/wangjiarui/artgym-runtime/opt/isaacgym/python/isaacgym/_bindings/linux-x86_64//libembree.so' {d_type = 0x00000000}
[Warning] [carb] unknown type for the object '/home/wangjiarui/artgym-runtime/opt/isaacgym/python/isaacgym/_bindings/linux-x86_64//libembree.so.2' {d_type = 0x00000000}
[Warning] [carb] unknown type for the object '/home/wangjiarui/artgym-runtime/opt/isaacgym/python/isaacgym/_bindings/linux-x86_64//libjemalloc.so' {d_type = 0x00000000}
[Warning] [carb] unknown type for the object '/home/wangjiarui/artgym-runtime/opt/isaacgym/python/isaacgym/_bindings/linux-x86_64//libboost_python27.so' {d_type = 0x00000000}
[Warning] [carb] unknown type for the object '/home/wangjiarui/artgym-runtime/opt/isaacgym/python/isaacgym/_bindings/linux-x86_64//libGLEW.so.2.0' {d_type = 0x00000000}
[Warning] [carb] unknown type for the object '/home/wangjiarui/artgym-runtime/opt/isaacgym/python/isaacgym/_bindings/linux-x86_64//libosdCPU.so' {d_type = 0x00000000}
[Warning] [carb] unknown type for the object '/home/wangjiarui/artgym-runtime/opt/isaacgym/python/isaacgym/_bindings/linux-x86_64//libboost_program_options.so' {d_type = 0x00000000}
[Warning] [carb] unknown type for the object '/home/wangjiarui/artgym-runtime/opt/isaacgym/python/isaacgym/_bindings/linux-x86_64//libosdGPU.so' {d_type = 0x00000000}
[Warning] [carb] unknown type for the object '/home/wangjiarui/artgym-runtime/opt/isaacgym/python/isaacgym/_bindings/linux-x86_64//libboost_thread.so' {d_type = 0x00000000}
[Warning] [carb] unknown type for the object '/home/wangjiarui/artgym-runtime/opt/isaacgym/python/isaacgym/_bindings/linux-x86_64//libboost_filesystem.so' {d_type = 0x00000000}
[Warning] [carb] unknown type for the object '/home/wangjiarui/artgym-runtime/opt/isaacgym/python/isaacgym/_bindings/linux-x86_64//libboost_date_time.so' {d_type = 0x00000000}
[Warning] [carb] unknown type for the object '/home/wangjiarui/artgym-runtime/opt/isaacgym/python/isaacgym/_bindings/linux-x86_64//libboost_system.so' {d_type = 0x00000000}
[Warning] [carb] unknown type for the object '/home/wangjiarui/artgym-runtime/opt/isaacgym/python/isaacgym/_bindings/linux-x86_64//libboost_python36.so' {d_type = 0x00000000}
[Warning] [carb] unknown type for the object '/home/wangjiarui/artgym-runtime/opt/isaacgym/python/isaacgym/_bindings/linux-x86_64//libboost_regex.so' {d_type = 0x00000000}
[Warning] [carb] unknown type for the object '/home/wangjiarui/artgym-runtime/opt/isaacgym/python/isaacgym/_bindings/linux-x86_64//libpython3.6m.so' {d_type = 0x00000000}
[Warning] [carb] unknown type for the object '/home/wangjiarui/artgym-runtime/opt/isaacgym/python/isaacgym/_bindings/linux-x86_64//libGLEW.so' {d_type = 0x00000000}
[Warning] [carb] unknown type for the object '/home/wangjiarui/artgym-runtime/opt/isaacgym/python/isaacgym/_bindings/linux-x86_64//libboost_atomic.so' {d_type = 0x00000000}
[Warning] [carb] unknown type for the object '/home/wangjiarui/artgym-runtime/opt/isaacgym/python/isaacgym/_bindings/linux-x86_64//libembree.so' {d_type = 0x00000000}
[Warning] [carb] unknown type for the object '/home/wangjiarui/artgym-runtime/opt/isaacgym/python/isaacgym/_bindings/linux-x86_64//libembree.so.2' {d_type = 0x00000000}
[Warning] [carb] unknown type for the object '/home/wangjiarui/artgym-runtime/opt/isaacgym/python/isaacgym/_bindings/linux-x86_64//libjemalloc.so' {d_type = 0x00000000}
[Warning] [carb] unknown type for the object '/home/wangjiarui/artgym-runtime/opt/isaacgym/python/isaacgym/_bindings/linux-x86_64//libboost_python27.so' {d_type = 0x00000000}
[Warning] [carb] unknown type for the object '/home/wangjiarui/artgym-runtime/opt/isaacgym/python/isaacgym/_bindings/linux-x86_64//libGLEW.so.2.0' {d_type = 0x00000000}
[Warning] [carb] unknown type for the object '/home/wangjiarui/artgym-runtime/opt/isaacgym/python/isaacgym/_bindings/linux-x86_64//libosdCPU.so' {d_type = 0x00000000}
[Warning] [carb] unknown type for the object '/home/wangjiarui/artgym-runtime/opt/isaacgym/python/isaacgym/_bindings/linux-x86_64//libboost_program_options.so' {d_type = 0x00000000}
[Warning] [carb] unknown type for the object '/home/wangjiarui/artgym-runtime/opt/isaacgym/python/isaacgym/_bindings/linux-x86_64//libosdGPU.so' {d_type = 0x00000000}
[Warning] [carb] unknown type for the object '/home/wangjiarui/artgym-runtime/opt/isaacgym/python/isaacgym/_bindings/linux-x86_64//libboost_thread.so' {d_type = 0x00000000}
[Warning] [carb] unknown type for the object '/home/wangjiarui/artgym-runtime/opt/isaacgym/python/isaacgym/_bindings/linux-x86_64//libboost_filesystem.so' {d_type = 0x00000000}
[Warning] [carb] unknown type for the object '/home/wangjiarui/artgym-runtime/opt/isaacgym/python/isaacgym/_bindings/linux-x86_64//libboost_date_time.so' {d_type = 0x00000000}
[Warning] [carb] unknown type for the object '/home/wangjiarui/artgym-runtime/opt/isaacgym/python/isaacgym/_bindings/linux-x86_64//libboost_system.so' {d_type = 0x00000000}
[Warning] [carb] unknown type for the object '/home/wangjiarui/artgym-runtime/opt/isaacgym/python/isaacgym/_bindings/linux-x86_64//libboost_python36.so' {d_type = 0x00000000}
[Warning] [carb] unknown type for the object '/home/wangjiarui/artgym-runtime/opt/isaacgym/python/isaacgym/_bindings/linux-x86_64//libboost_regex.so' {d_type = 0x00000000}
[Warning] [carb] unknown type for the object '/home/wangjiarui/artgym-runtime/opt/isaacgym/python/isaacgym/_bindings/linux-x86_64//libpython3.6m.so' {d_type = 0x00000000}
[Warning] [carb] unknown type for the object '/home/wangjiarui/artgym-runtime/opt/isaacgym/python/isaacgym/_bindings/linux-x86_64//libGLEW.so' {d_type = 0x00000000}
[Warning] [carb] unknown type for the object '/home/wangjiarui/artgym-runtime/opt/isaacgym/python/isaacgym/_bindings/linux-x86_64//libboost_atomic.so' {d_type = 0x00000000}
[Warning] [carb] unknown type for the object '/home/wangjiarui/artgym-runtime/opt/isaacgym/python/isaacgym/_bindings/linux-x86_64//libembree.so' {d_type = 0x00000000}
[Warning] [carb] unknown type for the object '/home/wangjiarui/artgym-runtime/opt/isaacgym/python/isaacgym/_bindings/linux-x86_64//libembree.so.2' {d_type = 0x00000000}
[Warning] [carb] unknown type for the object '/home/wangjiarui/artgym-runtime/opt/isaacgym/python/isaacgym/_bindings/linux-x86_64//libjemalloc.so' {d_type = 0x00000000}
[Warning] [carb] unknown type for the object '/home/wangjiarui/artgym-runtime/opt/isaacgym/python/isaacgym/_bindings/linux-x86_64//libboost_python27.so' {d_type = 0x00000000}
[Warning] [carb] unknown type for the object '/home/wangjiarui/artgym-runtime/opt/isaacgym/python/isaacgym/_bindings/linux-x86_64//libGLEW.so.2.0' {d_type = 0x00000000}
[Warning] [carb] unknown type for the object '/home/wangjiarui/artgym-runtime/opt/isaacgym/python/isaacgym/_bindings/linux-x86_64//libosdCPU.so' {d_type = 0x00000000}
[Warning] [carb] unknown type for the object '/home/wangjiarui/artgym-runtime/opt/isaacgym/python/isaacgym/_bindings/linux-x86_64//libboost_program_options.so' {d_type = 0x00000000}
[Warning] [carb] unknown type for the object '/home/wangjiarui/artgym-runtime/opt/isaacgym/python/isaacgym/_bindings/linux-x86_64//libosdGPU.so' {d_type = 0x00000000}
[Warning] [carb] unknown type for the object '/home/wangjiarui/artgym-runtime/opt/isaacgym/python/isaacgym/_bindings/linux-x86_64//libboost_thread.so' {d_type = 0x00000000}
[Warning] [carb] unknown type for the object '/home/wangjiarui/artgym-runtime/opt/isaacgym/python/isaacgym/_bindings/linux-x86_64//libboost_filesystem.so' {d_type = 0x00000000}
[Warning] [carb] unknown type for the object '/home/wangjiarui/artgym-runtime/opt/isaacgym/python/isaacgym/_bindings/linux-x86_64//libboost_date_time.so' {d_type = 0x00000000}
[Warning] [carb] unknown type for the object '/home/wangjiarui/artgym-runtime/opt/isaacgym/python/isaacgym/_bindings/linux-x86_64//libboost_system.so' {d_type = 0x00000000}
Setting GYM_USD_PLUG_INFO_PATH to /home/wangjiarui/artgym-runtime/opt/isaacgym/python/isaacgym/_bindings/linux-x86_64/usd/plugInfo.json
Gym has been unmaintained since 2022 and does not support NumPy 2.0 amongst other critical functionality.
Please upgrade to Gymnasium, the maintained drop-in replacement of Gym, or contact the authors of your software and request that they upgrade.
Users of this version of Gym should be able to simply replace 'import gym' with 'import gymnasium as gym' in the vast majority of cases.
See the migration guide at https://gymnasium.farama.org/introduction/migration_guide/ for additional information.
/home/wangjiarui/artgym-multigrasp-20260928/isaacgymenvs/train.py:81: Hydra14MigrationWarning: 
version_base="1.1" selects Hydra 1.1 compatibility behavior.
Hydra 1.4 will remove this compatibility behavior.
Before upgrading to Hydra 1.4, set version_base="1.3" and test your application.
See https://hydra.cc/docs/upgrades/1.3_to_1.4/prepare_for_1_4/ for preparation instructions.
  @hydra.main(version_base="1.1", config_name="config", config_path="./cfg")
/home/wangjiarui/artgym-runtime/lib/python3.8/site-packages/hydra/_internal/hydra.py:119: UserWarning: Future Hydra versions will no longer change working directory at job runtime by default.
See https://hydra.cc/docs/1.2/upgrades/1.1_to_1.2/changes_to_job_working_dir/ for more information.
  ret = run_job(
PyTorch version 2.1.0+cu121
Device count 1
/home/wangjiarui/artgym-runtime/opt/isaacgym/python/isaacgym/_bindings/src/gymtorch
Using /home/wangjiarui/.cache/torch_extensions/py38_cu121 as PyTorch extensions root...
Emitting ninja build file /home/wangjiarui/.cache/torch_extensions/py38_cu121/gymtorch/build.ninja...
Building extension module gymtorch...
Using envvar MAX_JOBS (2) as the number of workers...
ninja: no work to do.
Loading extension module gymtorch...
task: 
    name: wuji_multigrasp
    physics_engine: physx
    env: 
        numEnvs: 5120
        envSpacing: 0.75
        episodeLength: 600
        enableDebugVis: False
        aggregateMode: 0
        successHoldDurationSec: 0.3
        successHoldDurationRangeSec: [0.3, 0.3]
        maxConsecutiveSuccesses: 0
        goalSwitchTimeoutSec: 0.0
        jointNoise: 0.0
        dofSpeedScale: 1.0
        useRelativeControl: False
        graspSplit: train
        rewardWeightCurriculum: 
            ObjPosDeviation: -0.5
            ObjRotDeviation: -0.02
            StableContact: 0.0
        rewardWeightCurriculumSchedule: 
            warmupSteps: 200
            totalSteps: 2000
        binaryTactileThreshold: 0.05
        actionsMovingAverage: 1.0
        controlFrequencyInv: 4
        forceScale: 0.0
        forceProbRange: [0.001, 0.1]
        forceDecay: 0.99
        forceDecayInterval: 0.08
        policyObsDim: 111
        privilegedObsDim: 21
        studentInitObsDim: 55
        proprioHistoryLen: 50
        enableCameraSensors: False
        camera: 
            height: 1080
            width: 1920
            horizontal_fov: 75
            use_collision_geometry: True
            cam_pos: [0.0, 0.2, 1.0]
            cam_target: [0.0, -0.15, 0.5]
        rewardProtocol: corrected
        supportActionSpan: 0.2
        thumbActionStep: 0.025
        aliveReward: 0.1
        initialPoseNoise: 
            position_m: 0.0005
            joint_rad: 0.01
            rotation_vector_rad: 0.008726646259971648
            ramp_epochs: 0
        absolutePoseObjective: 
            coefficient: 1.0
            position_scale_m: 0.01
            rotation_scale_rad: 0.25
            ramp_epochs: 0
        commandPeriodSec: 2.0
        evaluationGoalTimeoutSec: 10.0
        trainingCommandDurationsSec: [2.0, 5.0]
        endpointHoldReward: 0.0
        trainingStates: research/multigrasp-20260928/data/small.npy
    task: 
        randomize: False
        randomization_params: 
    sim: 
        dt: 0.008333333333333333
        substeps: 4
        up_axis: z
        use_gpu_pipeline: True
        gravity: [0.0, 0.0, -9.81]
        physx: 
            num_threads: 4
            solver_type: 1
            use_gpu: True
            num_position_iterations: 16
            num_velocity_iterations: 4
            max_gpu_contact_pairs: 1048576
            num_subscenes: 0
            contact_offset: 0.002
            rest_offset: 0.0
            bounce_threshold_velocity: 0.2
            max_depenetration_velocity: 100.0
            default_buffer_size_multiplier: 2.0
            contact_collection: 2
object: 
    task: 
        success_threshold: 0.002
        rot_devia_threshold: 1.57
        pos_devia_threshold: 0.05
        goals: [0.04, 0.0]
        contact_num: 5
    asset: 
        type: knife
        asset_root: assets/objects/knife_wuji_bridge3_20260922
        instance_id_list: ['000']
        asset_file: mobility.urdf
        initDof: lower
        disgravity_part: []
        disfriction_part: []
        disrbforce_part: []
        dissimulate_part: []
    default_props: 
        mass: [0.029, 0.006]
        friction: 3.0
        dof_stiffness: 0.0
        dof_damping: 0.3
    randomization: 
        randomize: False
        dof_properties: 
            damping: 
                range: [0.7, 1.3]
                operation: scaling
                distribution: uniform
        rigid_body_properties: 
            by_body: 
                link_0: 
                    mass: 
                        range: [1.0, 5.0]
                        operation: scaling
                        distribution: uniform
                link_1: 
                    mass: 
                        range: [1.0, 2.0]
                        operation: scaling
                        distribution: uniform
        rigid_shape_properties: 
            friction: 
                num_buckets: 250
                range: [-1.0, 1.0]
                operation: additive
                distribution: uniform
    reward: 
        ObjPosDeviation: -0.5
        ObjRotDeviation: -0.02
        StableContact: 0.0
        HandQposDeviation: -0.001
        GoalDistance1: 1000.0
        GoalDistance2: 0.1
        Smooth: -1.0
        Drop: -25.0
        Success: 50.0
hand: 
    type: wuji
    asset: assets/hands/wuji_artbot/right.urdf
    self_collisions: True
    force_links: ['hand_r_thumb_pad_link', 'hand_r_index_pad_link', 'hand_r_middle_pad_link', 'hand_r_ring_pad_link', 'hand_r_pinky_pad_link']
    track_links: ['hand_r_thumb_pad_link', 'hand_r_index_pad_link', 'hand_r_middle_pad_link', 'hand_r_ring_pad_link', 'hand_r_pinky_pad_link']
    dof_names: ['hand_r_index_joint1', 'hand_r_index_joint2', 'hand_r_index_joint3', 'hand_r_index_joint4', 'hand_r_middle_joint1', 'hand_r_middle_joint2', 'hand_r_middle_joint3', 'hand_r_middle_joint4', 'hand_r_pinky_joint1', 'hand_r_pinky_joint2', 'hand_r_pinky_joint3', 'hand_r_pinky_joint4', 'hand_r_ring_joint1', 'hand_r_ring_joint2', 'hand_r_ring_joint3', 'hand_r_ring_joint4', 'hand_r_thumb_joint1', 'hand_r_thumb_joint2', 'hand_r_thumb_joint3', 'hand_r_thumb_joint4']
    dof_props: 
        stiffness: [0.37352218155860073, 0.45592448909027794, 0.24368366649522863, 0.18026971340925335, 0.3687093483646485, 0.4164253443634641, 0.22218607502059182, 0.19427606072023446, 0.3655325975433942, 0.41393113081120425, 0.22729367621965954, 0.1964723550341816, 0.35718151495111794, 0.42977315313086895, 0.24930151196247122, 0.2285032688178066, 0.40844710645048043, 0.6858601063643346, 0.2391112196099482, 0.20736128319711747]
        damping: [0.01882274330029718, 0.019798167597016643, 0.010477031953162727, 0.008240212147903584, 0.01848622487024593, 0.018032947229953678, 0.009592200014076666, 0.009152994605972402, 0.018616960278988272, 0.018732177029667153, 0.00951005441616486, 0.009017295241756363, 0.018376606800780005, 0.01867700966212433, 0.01059512121009555, 0.009917602877441107, 0.020882010257063675, 0.030610939996373314, 0.010181475050560962, 0.00909698844675045]
        friction: [0.0, 0.0, 0.0, 0.0, 0.0, 0.0, 0.0, 0.0, 0.0, 0.0, 0.0, 0.0, 0.0, 0.0, 0.0, 0.0, 0.0, 0.0, 0.0, 0.0]
        armature: [0.0005, 0.0002, 0.0002, 0.0002, 0.0005, 0.0002, 0.0002, 0.0002, 0.0005, 0.0002, 0.0002, 0.0002, 0.0005, 0.0002, 0.0002, 0.0002, 0.0005, 0.0005, 0.0002, 0.0002]
    task: 
        numActions: 20
        propDim: 40
        policyObsDim: 111
        studentInitObsDim: 55
    randomization: 
        randomize: False
    self_collision_mode: digit_filtered
train: 
    params: 
        seed: 2026092801
        algo: 
            name: a2c_continuous
        model: 
            name: continuous_a2c_logstd
        network: 
            name: actor_critic_sapg_priv
            separate: True
            space: 
                continuous: 
                    mu_activation: None
                    sigma_activation: None
                    mu_init: 
                        name: const_initializer
                        val: 0.0
                    sigma_init: 
                        name: const_initializer
                        val: -1.0
                    fixed_sigma: coef_cond
            mlp: 
                units: [512, 256, 128]
                activation: elu
                d2rl: False
                initializer: 
                    name: default
                regularizer: 
                    name: None
            rnn: 
                name: lstm
                units: 512
                layers: 1
                before_mlp: True
                layer_norm: True
            sapg_priv: 
                policy_obs_dim: 111
                privileged_obs_dim: 21
                critic_policy_contact_dim: 5
                expl_embedding_dim: 32
                encoder: 
                    units: [256, 128, 16]
                    activation: elu
                    initializer: 
                        name: default
                student_encoder: 
                    type: auto
                    init_dim: 55
                    proprio_encoder: 
                        units: [128, 64]
                        activation: elu
                        initializer: 
                            name: default
                    init_encoder: 
                        units: [128, 64]
                        activation: elu
                        initializer: 
                            name: default
                    temporal: 
                        type: tconv
                        hidden_size: 192
                        num_layers: 5
                        kernel_size: 3
                        dilation_growth: 2
                        activation: elu
                        dropout: 0.05
                    latent_head: 
                        units: [128]
                        activation: elu
                        initializer: 
                            name: default
        load_checkpoint: False
        load_path: 
        config: 
            name: mg_C_seed2801
            full_experiment_name: mg_C_seed2801
            env_name: rlgpu
            multi_gpu: False
            ppo: True
            mixed_precision: False
            normalize_input: True
            normalize_value: True
            value_bootstrap: False
            num_actors: 5120
            reward_shaper: 
                scale_value: 1.0
            normalize_advantage: True
            gamma: 0.998
            tau: 0.95
            learning_rate: 0.0002
            lr_schedule: adaptive
            schedule_type: standard
            kl_threshold: 0.016
            score_to_win: 100000
            max_epochs: 1000
            save_best_after: 50
            save_frequency: 250
            print_stats: True
            grad_norm: 1.0
            entropy_coef: 0
            truncate_grads: True
            e_clip: 0.2
            horizon_length: 32
            minibatch_size: 32768
            mini_epochs: 4
            critic_coef: 4
            clip_value: True
            seq_length: 32
            bounds_loss_coef: 0.0001
            defer_summaries_sec: 5
            summaries_interval_sec_min: 5
            summaries_interval_sec_max: 100
            expl_type: mixed_expl_learn_param
            player: 
                deterministic: True
                use_vecenv: True
                games_num: 1000000
                print_stats: False
            use_others_experience: lf
            off_policy_ratio: 1.0
            expl_reward_type: entropy
            expl_reward_coef_scale: 0.005
            expl_coef_block_size: 1024
            managed_checkpoints: True
            checkpoint_first_epoch: 10
            checkpoint_keep_recent: 10
            checkpoint_milestone_frequency: 500
            evaluation_frequency: 100000
pbt: 
    enabled: False
task_name: wuji_multigrasp
experiment: mg_C_seed2801
num_envs: 5120
seed: 2026092801
torch_deterministic: False
max_iterations: 1000
physics_engine: physx
pipeline: gpu
sim_device: cuda:0
rl_device: cuda:0
graphics_device_id: -1
num_threads: 4
solver_type: 1
num_subscenes: 0
test: False
checkpoint: 
sigma: 
multi_gpu: False
asset_dir: 
capture_video: False
capture_video_freq: 1500
capture_video_len: 100
force_render: False
headless: True
Setting seed: 2026092801
self.seed = 2026092801
Started to train
Exact experiment name requested from command line: mg_C_seed2801
/home/wangjiarui/artgym-runtime/lib/python3.8/site-packages/gym/spaces/box.py:127: UserWarning: [33mWARN: Box bound precision lowered by casting to float32[0m
  logger.warn(f"Box bound precision lowered by casting to {self.dtype}")
Not connected to PVD
+++ Using GPU PhysX
Physics Engine: PhysX
Physics Device: cuda:0
GPU Pipeline: enabled
Box(-1.0, 1.0, (20,), float32) Box(-inf, inf, (137,), float32)
seq_length: 32
current training device: cuda:0
num_minibatches: 5
build mlp: 21
build mlp: 21
build mlp: 512
build mlp: 512
RunningMeanStd:  (1,)
RunningMeanStd:  (137,)
/home/wangjiarui/artgym-multigrasp-20260928/rl_games/rl_games/algos_torch/torch_ext.py:347: UserWarning: To copy construct from a tensor, it is recommended to use sourceTensor.clone().detach() or sourceTensor.clone().detach().requires_grad_(True), rather than torch.tensor(sourceTensor).
  self.current_size = torch.tensor(size_sum, dtype = torch.int32)

Timing:
  Play time               : 11.732 s
  Update time             : 1.443 s
  Time to train epoch     : 13.175 s


Statistics:
  fps step                    : 14,557
  fps step + policy inference : 13,966
  fps total                   : 12,436
  epoch                       : 1 / 1,000
  frames                      : 163,840


Policy 0: 
Timing:
  Play time               : 11.121 s
  Update time             : 1.313 s
  Time to train epoch     : 12.434 s


Statistics:
  fps step                    : 15,051
  fps step + policy inference : 14,733
  fps total                   : 13,177
  epoch                       : 2 / 1,000
  frames                      : 327,680


Policy 0: 
Timing:
  Play time               : 11.147 s
  Update time             : 1.109 s
  Time to train epoch     : 12.256 s


Statistics:
  fps step                    : 14,959
  fps step + policy inference : 14,698
  fps total                   : 13,368
  epoch                       : 3 / 1,000
  frames                      : 491,520


Policy 0: 
Timing:
  Play time               : 11.081 s
  Update time             : 1.103 s
  Time to train epoch     : 12.184 s


Statistics:
  fps step                    : 15,032
  fps step + policy inference : 14,786
  fps total                   : 13,447
  epoch                       : 4 / 1,000
  frames                      : 655,360


Policy 0: 
Timing:
  Play time               : 11.091 s
  Update time             : 1.096 s
  Time to train epoch     : 12.186 s


Statistics:
  fps step                    : 15,014
  fps step + policy inference : 14,773
  fps total                   : 13,445
  epoch                       : 5 / 1,000
  frames                      : 819,200


Policy 0: 
Timing:
  Play time               : 11.105 s
  Update time             : 1.092 s
  Time to train epoch     : 12.196 s


Statistics:
  fps step                    : 14,996
  fps step + policy inference : 14,754
  fps total                   : 13,434
  epoch                       : 6 / 1,000
  frames                      : 983,040


Policy 0: 
Timing:
  Play time               : 11.077 s
  Update time             : 1.091 s
  Time to train epoch     : 12.168 s


Statistics:
  fps step                    : 15,033
  fps step + policy inference : 14,791
  fps total                   : 13,465
  epoch                       : 7 / 1,000
  frames                      : 1,146,880


Policy 0: 
Timing:
  Play time               : 11.124 s
  Update time             : 0.955 s
  Time to train epoch     : 12.079 s


Statistics:
  fps step                    : 14,957
  fps step + policy inference : 14,728
  fps total                   : 13,564
  epoch                       : 8 / 1,000
  frames                      : 1,310,720


Policy 0: 
Timing:
  Play time               : 11.153 s
  Update time             : 1.084 s
  Time to train epoch     : 12.237 s


Statistics:
  fps step                    : 14,921
  fps step + policy inference : 14,690
  fps total                   : 13,389
  epoch                       : 9 / 1,000
  frames                      : 1,474,560


Policy 0: 
Timing:
  Play time               : 11.243 s
  Update time             : 1.072 s
  Time to train epoch     : 12.315 s


Statistics:
  fps step                    : 14,796
  fps step + policy inference : 14,572
  fps total                   : 13,304
  epoch                       : 10 / 1,000
  frames                      : 1,638,400


Policy 0: saving next best rewards:  [-109.81]
=> saving checkpoint 'runs/mg_C_seed2801/nn/mg_C_seed2801.pth'
Saved recovery checkpoint runs/mg_C_seed2801/checkpoints/epoch_000010.pth; evaluation_due=True

Timing:
  Play time               : 11.185 s
  Update time             : 0.945 s
  Time to train epoch     : 12.130 s


Statistics:
  fps step                    : 14,873
  fps step + policy inference : 14,648
  fps total                   : 13,507
  epoch                       : 11 / 1,000
  frames                      : 1,802,240


Policy 0: 
Timing:
  Play time               : 11.205 s
  Update time             : 0.926 s
  Time to train epoch     : 12.132 s


Statistics:
  fps step                    : 14,839
  fps step + policy inference : 14,622
  fps total                   : 13,505
  epoch                       : 12 / 1,000
  frames                      : 1,966,080


Policy 0: 
Timing:
  Play time               : 11.346 s
  Update time             : 0.894 s
  Time to train epoch     : 12.240 s


Statistics:
  fps step                    : 14,658
  fps step + policy inference : 14,441
  fps total                   : 13,386
  epoch                       : 13 / 1,000
  frames                      : 2,129,920


Policy 0: 
Timing:
  Play time               : 11.385 s
  Update time             : 0.891 s
  Time to train epoch     : 12.275 s


Statistics:
  fps step                    : 14,606
  fps step + policy inference : 14,391
  fps total                   : 13,347
  epoch                       : 14 / 1,000
  frames                      : 2,293,760


Policy 0: 
Timing:
  Play time               : 11.379 s
  Update time             : 1.025 s
  Time to train epoch     : 12.404 s


Statistics:
  fps step                    : 14,615
  fps step + policy inference : 14,398
  fps total                   : 13,208
  epoch                       : 15 / 1,000
  frames                      : 2,457,600


Policy 0: 
Timing:
  Play time               : 11.421 s
  Update time             : 1.048 s
  Time to train epoch     : 12.468 s


Statistics:
  fps step                    : 14,559
  fps step + policy inference : 14,346
  fps total                   : 13,140
  epoch                       : 16 / 1,000
  frames                      : 2,621,440


Policy 0: 
Timing:
  Play time               : 11.434 s
  Update time             : 0.937 s
  Time to train epoch     : 12.371 s


Statistics:
  fps step                    : 14,543
  fps step + policy inference : 14,329
  fps total                   : 13,244
  epoch                       : 17 / 1,000
  frames                      : 2,785,280


Policy 0: 
Timing:
  Play time               : 11.498 s
  Update time             : 0.937 s
  Time to train epoch     : 12.435 s


Statistics:
  fps step                    : 14,479
  fps step + policy inference : 14,249
  fps total                   : 13,176
  epoch                       : 18 / 1,000
  frames                      : 2,949,120


Policy 0: 
Timing:
  Play time               : 11.583 s
  Update time             : 0.924 s
  Time to train epoch     : 12.507 s


Statistics:
  fps step                    : 14,415
  fps step + policy inference : 14,144
  fps total                   : 13,100
  epoch                       : 19 / 1,000
  frames                      : 3,112,960


Policy 0: 
Timing:
  Play time               : 11.414 s
  Update time             : 0.983 s
  Time to train epoch     : 12.397 s


Statistics:
  fps step                    : 14,635
  fps step + policy inference : 14,354
  fps total                   : 13,216
  epoch                       : 20 / 1,000
  frames                      : 3,276,800


Policy 0: 
Timing:
  Play time               : 11.284 s
  Update time             : 1.068 s
  Time to train epoch     : 12.352 s


Statistics:
  fps step                    : 14,773
  fps step + policy inference : 14,520
  fps total                   : 13,264
  epoch                       : 21 / 1,000
  frames                      : 3,440,640


Policy 0: 
Timing:
  Play time               : 11.212 s
  Update time             : 1.075 s
  Time to train epoch     : 12.288 s


Statistics:
  fps step                    : 14,850
  fps step + policy inference : 14,612
  fps total                   : 13,334
  epoch                       : 22 / 1,000
  frames                      : 3,604,480


Policy 0: 
Timing:
  Play time               : 11.258 s
  Update time             : 0.969 s
  Time to train epoch     : 12.227 s


Statistics:
  fps step                    : 14,781
  fps step + policy inference : 14,553
  fps total                   : 13,400
  epoch                       : 23 / 1,000
  frames                      : 3,768,320


Policy 0: 
Timing:
  Play time               : 11.104 s
  Update time             : 0.939 s
  Time to train epoch     : 12.043 s


Statistics:
  fps step                    : 14,992
  fps step + policy inference : 14,756
  fps total                   : 13,605
  epoch                       : 24 / 1,000
  frames                      : 3,932,160


Policy 0: 
Timing:
  Play time               : 11.129 s
  Update time             : 0.954 s
  Time to train epoch     : 12.083 s


Statistics:
  fps step                    : 14,957
  fps step + policy inference : 14,722
  fps total                   : 13,559
  epoch                       : 25 / 1,000
  frames                      : 4,096,000


Policy 0: 
Timing:
  Play time               : 11.029 s
  Update time             : 0.965 s
  Time to train epoch     : 11.994 s


Statistics:
  fps step                    : 15,092
  fps step + policy inference : 14,855
  fps total                   : 13,660
  epoch                       : 26 / 1,000
  frames                      : 4,259,840


Policy 0: 
Timing:
  Play time               : 11.031 s
  Update time             : 0.990 s
  Time to train epoch     : 12.020 s


Statistics:
  fps step                    : 15,088
  fps step + policy inference : 14,853
  fps total                   : 13,630
  epoch                       : 27 / 1,000
  frames                      : 4,423,680


Policy 0: 
Timing:
  Play time               : 11.035 s
  Update time             : 1.004 s
  Time to train epoch     : 12.040 s


Statistics:
  fps step                    : 15,077
  fps step + policy inference : 14,847
  fps total                   : 13,608
  epoch                       : 28 / 1,000
  frames                      : 4,587,520


Policy 0: 
Timing:
  Play time               : 10.945 s
  Update time             : 1.031 s
  Time to train epoch     : 11.976 s


Statistics:
  fps step                    : 15,199
  fps step + policy inference : 14,970
  fps total                   : 13,681
  epoch                       : 29 / 1,000
  frames                      : 4,751,360


Policy 0: 
Timing:
  Play time               : 10.989 s
  Update time             : 0.963 s
  Time to train epoch     : 11.952 s


Statistics:
  fps step                    : 15,139
  fps step + policy inference : 14,909
  fps total                   : 13,708
  epoch                       : 30 / 1,000
  frames                      : 4,915,200


Policy 0: 
Timing:
  Play time               : 11.022 s
  Update time             : 0.920 s
  Time to train epoch     : 11.942 s


Statistics:
  fps step                    : 15,093
  fps step + policy inference : 14,865
  fps total                   : 13,720
  epoch                       : 31 / 1,000
  frames                      : 5,079,040


Policy 0: 
Timing:
  Play time               : 11.042 s
  Update time             : 0.907 s
  Time to train epoch     : 11.949 s


Statistics:
  fps step                    : 15,065
  fps step + policy inference : 14,838
  fps total                   : 13,712
  epoch                       : 32 / 1,000
  frames                      : 5,242,880


Policy 0: 
Timing:
  Play time               : 11.027 s
  Update time             : 0.946 s
  Time to train epoch     : 11.973 s


Statistics:
  fps step                    : 15,097
  fps step + policy inference : 14,858
  fps total                   : 13,685
  epoch                       : 33 / 1,000
  frames                      : 5,406,720


Policy 0: 
Timing:
  Play time               : 10.987 s
  Update time             : 0.956 s
  Time to train epoch     : 11.944 s


Statistics:
  fps step                    : 15,157
  fps step + policy inference : 14,912
  fps total                   : 13,718
  epoch                       : 34 / 1,000
  frames                      : 5,570,560


Policy 0: 
Timing:
  Play time               : 10.932 s
  Update time             : 1.087 s
  Time to train epoch     : 12.019 s


Statistics:
  fps step                    : 15,252
  fps step + policy inference : 14,987
  fps total                   : 13,632
  epoch                       : 35 / 1,000
  frames                      : 5,734,400


Policy 0: 
Timing:
  Play time               : 10.901 s
  Update time             : 1.100 s
  Time to train epoch     : 12.001 s


Statistics:
  fps step                    : 15,311
  fps step + policy inference : 15,030
  fps total                   : 13,652
  epoch                       : 36 / 1,000
  frames                      : 5,898,240


Policy 0: 
Timing:
  Play time               : 10.925 s
  Update time             : 1.010 s
  Time to train epoch     : 11.935 s


Statistics:
  fps step                    : 15,295
  fps step + policy inference : 14,996
  fps total                   : 13,727
  epoch                       : 37 / 1,000
  frames                      : 6,062,080


Policy 0: 
Timing:
  Play time               : 10.946 s
  Update time             : 0.985 s
  Time to train epoch     : 11.931 s


Statistics:
  fps step                    : 15,307
  fps step + policy inference : 14,968
  fps total                   : 13,732
  epoch                       : 38 / 1,000
  frames                      : 6,225,920


Policy 0: 
Timing:
  Play time               : 10.825 s
  Update time             : 0.966 s
  Time to train epoch     : 11.791 s


Statistics:
  fps step                    : 15,482
  fps step + policy inference : 15,135
  fps total                   : 13,895
  epoch                       : 39 / 1,000
  frames                      : 6,389,760


Policy 0: 
Timing:
  Play time               : 10.706 s
  Update time             : 0.969 s
  Time to train epoch     : 11.674 s


Statistics:
  fps step                    : 15,621
  fps step + policy inference : 15,304
  fps total                   : 14,034
  epoch                       : 40 / 1,000
  frames                      : 6,553,600


Policy 0: 
Timing:
  Play time               : 10.543 s
  Update time             : 1.015 s
  Time to train epoch     : 11.558 s


Statistics:
  fps step                    : 15,832
  fps step + policy inference : 15,540
  fps total                   : 14,175
  epoch                       : 41 / 1,000
  frames                      : 6,717,440


Policy 0: 
Timing:
  Play time               : 10.506 s
  Update time             : 1.016 s
  Time to train epoch     : 11.522 s


Statistics:
  fps step                    : 15,873
  fps step + policy inference : 15,595
  fps total                   : 14,220
  epoch                       : 42 / 1,000
  frames                      : 6,881,280


Policy 0: 
Timing:
  Play time               : 10.454 s
  Update time             : 1.028 s
  Time to train epoch     : 11.481 s


Statistics:
  fps step                    : 15,945
  fps step + policy inference : 15,673
  fps total                   : 14,270
  epoch                       : 43 / 1,000
  frames                      : 7,045,120


Policy 0: 
Timing:
  Play time               : 10.451 s
  Update time             : 1.014 s
  Time to train epoch     : 11.465 s


Statistics:
  fps step                    : 15,947
  fps step + policy inference : 15,677
  fps total                   : 14,290
  epoch                       : 44 / 1,000
  frames                      : 7,208,960


Policy 0: 
Timing:
  Play time               : 10.456 s
  Update time             : 1.022 s
  Time to train epoch     : 11.478 s


Statistics:
  fps step                    : 15,945
  fps step + policy inference : 15,670
  fps total                   : 14,275
  epoch                       : 45 / 1,000
  frames                      : 7,372,800


Policy 0: 
Timing:
  Play time               : 10.387 s
  Update time             : 0.967 s
  Time to train epoch     : 11.354 s


Statistics:
  fps step                    : 16,036
  fps step + policy inference : 15,774
  fps total                   : 14,431
  epoch                       : 46 / 1,000
  frames                      : 7,536,640


Policy 0: 
Timing:
  Play time               : 10.415 s
  Update time             : 0.934 s
  Time to train epoch     : 11.349 s


Statistics:
  fps step                    : 15,991
  fps step + policy inference : 15,731
  fps total                   : 14,437
  epoch                       : 47 / 1,000
  frames                      : 7,700,480


Policy 0: 
Timing:
  Play time               : 10.377 s
  Update time             : 0.922 s
  Time to train epoch     : 11.300 s


Statistics:
  fps step                    : 16,043
  fps step + policy inference : 15,789
  fps total                   : 14,500
  epoch                       : 48 / 1,000
  frames                      : 7,864,320


Policy 0: 
Timing:
  Play time               : 10.391 s
  Update time             : 0.915 s
  Time to train epoch     : 11.306 s


Statistics:
  fps step                    : 16,020
  fps step + policy inference : 15,768
  fps total                   : 14,491
  epoch                       : 49 / 1,000
  frames                      : 8,028,160


Policy 0: 
Timing:
  Play time               : 10.383 s
  Update time             : 0.915 s
  Time to train epoch     : 11.297 s


Statistics:
  fps step                    : 16,034
  fps step + policy inference : 15,780
  fps total                   : 14,503
  epoch                       : 50 / 1,000
  frames                      : 8,192,000


Policy 0: 
Timing:
  Play time               : 10.377 s
  Update time             : 0.941 s
  Time to train epoch     : 11.318 s


Statistics:
  fps step                    : 16,043
  fps step + policy inference : 15,789
  fps total                   : 14,477
  epoch                       : 51 / 1,000
  frames                      : 8,355,840


Policy 0: 
Timing:
  Play time               : 10.388 s
  Update time             : 1.036 s
  Time to train epoch     : 11.424 s


Statistics:
  fps step                    : 16,036
  fps step + policy inference : 15,773
  fps total                   : 14,342
  epoch                       : 52 / 1,000
  frames                      : 8,519,680


Policy 0: 
Timing:
  Play time               : 10.468 s
  Update time             : 1.051 s
  Time to train epoch     : 11.520 s


Statistics:
  fps step                    : 15,916
  fps step + policy inference : 15,651
  fps total                   : 14,223
  epoch                       : 53 / 1,000
  frames                      : 8,683,520


Policy 0: 
Timing:
  Play time               : 10.473 s
  Update time             : 0.994 s
  Time to train epoch     : 11.468 s


Statistics:
  fps step                    : 15,915
  fps step + policy inference : 15,643
  fps total                   : 14,287
  epoch                       : 54 / 1,000
  frames                      : 8,847,360


Policy 0: 
Timing:
  Play time               : 10.515 s
  Update time             : 0.967 s
  Time to train epoch     : 11.482 s


Statistics:
  fps step                    : 15,874
  fps step + policy inference : 15,581
  fps total                   : 14,269
  epoch                       : 55 / 1,000
  frames                      : 9,011,200


Policy 0: 
Timing:
  Play time               : 10.607 s
  Update time             : 0.979 s
  Time to train epoch     : 11.586 s


Statistics:
  fps step                    : 15,749
  fps step + policy inference : 15,447
  fps total                   : 14,141
  epoch                       : 56 / 1,000
  frames                      : 9,175,040


Policy 0: 
Timing:
  Play time               : 10.638 s
  Update time             : 0.968 s
  Time to train epoch     : 11.606 s


Statistics:
  fps step                    : 15,732
  fps step + policy inference : 15,401
  fps total                   : 14,116
  epoch                       : 57 / 1,000
  frames                      : 9,338,880


Policy 0: 
Timing:
  Play time               : 10.661 s
  Update time             : 0.970 s
  Time to train epoch     : 11.632 s


Statistics:
  fps step                    : 15,701
  fps step + policy inference : 15,368
  fps total                   : 14,086
  epoch                       : 58 / 1,000
  frames                      : 9,502,720


Policy 0: 
Timing:
  Play time               : 10.653 s
  Update time             : 1.032 s
  Time to train epoch     : 11.685 s


Statistics:
  fps step                    : 15,701
  fps step + policy inference : 15,380
  fps total                   : 14,021
  epoch                       : 59 / 1,000
  frames                      : 9,666,560


Policy 0: 
Timing:
  Play time               : 10.638 s
  Update time             : 1.107 s
  Time to train epoch     : 11.745 s


Statistics:
  fps step                    : 15,704
  fps step + policy inference : 15,402
  fps total                   : 13,950
  epoch                       : 60 / 1,000
  frames                      : 9,830,400


Policy 0: saving next best rewards:  [-109.18]
=> saving checkpoint 'runs/mg_C_seed2801/nn/mg_C_seed2801.pth'

Timing:
  Play time               : 10.621 s
  Update time             : 1.063 s
  Time to train epoch     : 11.684 s


Statistics:
  fps step                    : 15,717
  fps step + policy inference : 15,426
  fps total                   : 14,022
  epoch                       : 61 / 1,000
  frames                      : 9,994,240


Policy 0: saving next best rewards:  [-103.19]
=> saving checkpoint 'runs/mg_C_seed2801/nn/mg_C_seed2801.pth'

Timing:
  Play time               : 10.565 s
  Update time             : 0.976 s
  Time to train epoch     : 11.542 s


Statistics:
  fps step                    : 15,790
  fps step + policy inference : 15,507
  fps total                   : 14,196
  epoch                       : 62 / 1,000
  frames                      : 10,158,080


Policy 0: saving next best rewards:  [-99.12]
=> saving checkpoint 'runs/mg_C_seed2801/nn/mg_C_seed2801.pth'

Timing:
  Play time               : 10.528 s
  Update time             : 0.961 s
  Time to train epoch     : 11.490 s


Statistics:
  fps step                    : 15,840
  fps step + policy inference : 15,562
  fps total                   : 14,260
  epoch                       : 63 / 1,000
  frames                      : 10,321,920


Policy 0: saving next best rewards:  [-95.52]
=> saving checkpoint 'runs/mg_C_seed2801/nn/mg_C_seed2801.pth'

Timing:
  Play time               : 10.514 s
  Update time             : 0.953 s
  Time to train epoch     : 11.468 s


Statistics:
  fps step                    : 15,854
  fps step + policy inference : 15,582
  fps total                   : 14,287
  epoch                       : 64 / 1,000
  frames                      : 10,485,760


Policy 0: saving next best rewards:  [-93.07]
=> saving checkpoint 'runs/mg_C_seed2801/nn/mg_C_seed2801.pth'

Timing:
  Play time               : 10.482 s
  Update time             : 0.968 s
  Time to train epoch     : 11.449 s


Statistics:
  fps step                    : 15,893
  fps step + policy inference : 15,631
  fps total                   : 14,310
  epoch                       : 65 / 1,000
  frames                      : 10,649,600


Policy 0: saving next best rewards:  [-91.58]
=> saving checkpoint 'runs/mg_C_seed2801/nn/mg_C_seed2801.pth'

Timing:
  Play time               : 10.452 s
  Update time             : 1.030 s
  Time to train epoch     : 11.482 s


Statistics:
  fps step                    : 15,941
  fps step + policy inference : 15,676
  fps total                   : 14,269
  epoch                       : 66 / 1,000
  frames                      : 10,813,440


Policy 0: saving next best rewards:  [-89.74]
=> saving checkpoint 'runs/mg_C_seed2801/nn/mg_C_seed2801.pth'

Timing:
  Play time               : 10.429 s
  Update time             : 1.074 s
  Time to train epoch     : 11.502 s


Statistics:
  fps step                    : 15,969
  fps step + policy inference : 15,711
  fps total                   : 14,244
  epoch                       : 67 / 1,000
  frames                      : 10,977,280


Policy 0: saving next best rewards:  [-88.46]
=> saving checkpoint 'runs/mg_C_seed2801/nn/mg_C_seed2801.pth'

Timing:
  Play time               : 10.425 s
  Update time             : 1.031 s
  Time to train epoch     : 11.456 s


Statistics:
  fps step                    : 15,972
  fps step + policy inference : 15,716
  fps total                   : 14,301
  epoch                       : 68 / 1,000
  frames                      : 11,141,120


Policy 0: saving next best rewards:  [-86.93]
=> saving checkpoint 'runs/mg_C_seed2801/nn/mg_C_seed2801.pth'

Timing:
  Play time               : 10.410 s
  Update time             : 0.934 s
  Time to train epoch     : 11.345 s


Statistics:
  fps step                    : 15,995
  fps step + policy inference : 15,738
  fps total                   : 14,442
  epoch                       : 69 / 1,000
  frames                      : 11,304,960


Policy 0: saving next best rewards:  [-84.88]
=> saving checkpoint 'runs/mg_C_seed2801/nn/mg_C_seed2801.pth'

Timing:
  Play time               : 10.431 s
  Update time             : 0.922 s
  Time to train epoch     : 11.353 s


Statistics:
  fps step                    : 15,960
  fps step + policy inference : 15,708
  fps total                   : 14,432
  epoch                       : 70 / 1,000
  frames                      : 11,468,800


Policy 0: saving next best rewards:  [-83.3]
=> saving checkpoint 'runs/mg_C_seed2801/nn/mg_C_seed2801.pth'

Timing:
  Play time               : 10.421 s
  Update time             : 0.943 s
  Time to train epoch     : 11.363 s


Statistics:
  fps step                    : 15,977
  fps step + policy inference : 15,722
  fps total                   : 14,418
  epoch                       : 71 / 1,000
  frames                      : 11,632,640


Policy 0: saving next best rewards:  [-82.75]
=> saving checkpoint 'runs/mg_C_seed2801/nn/mg_C_seed2801.pth'

Timing:
  Play time               : 10.378 s
  Update time             : 0.955 s
  Time to train epoch     : 11.333 s


Statistics:
  fps step                    : 16,051
  fps step + policy inference : 15,787
  fps total                   : 14,457
  epoch                       : 72 / 1,000
  frames                      : 11,796,480


Policy 0: saving next best rewards:  [-79.55]
=> saving checkpoint 'runs/mg_C_seed2801/nn/mg_C_seed2801.pth'

Timing:
  Play time               : 10.391 s
  Update time             : 0.975 s
  Time to train epoch     : 11.366 s


Statistics:
  fps step                    : 16,036
  fps step + policy inference : 15,768
  fps total                   : 14,415
  epoch                       : 73 / 1,000
  frames                      : 11,960,320


Policy 0: saving next best rewards:  [-75.13]
=> saving checkpoint 'runs/mg_C_seed2801/nn/mg_C_seed2801.pth'

Timing:
  Play time               : 10.464 s
  Update time             : 0.993 s
  Time to train epoch     : 11.458 s


Statistics:
  fps step                    : 15,934
  fps step + policy inference : 15,657
  fps total                   : 14,300
  epoch                       : 74 / 1,000
  frames                      : 12,124,160


Policy 0: saving next best rewards:  [-73.04]
=> saving checkpoint 'runs/mg_C_seed2801/nn/mg_C_seed2801.pth'

Timing:
  Play time               : 10.495 s
  Update time             : 1.010 s
  Time to train epoch     : 11.505 s


Statistics:
  fps step                    : 15,902
  fps step + policy inference : 15,611
  fps total                   : 14,241
  epoch                       : 75 / 1,000
  frames                      : 12,288,000


Policy 0: saving next best rewards:  [-67.08]
=> saving checkpoint 'runs/mg_C_seed2801/nn/mg_C_seed2801.pth'

Timing:
  Play time               : 10.563 s
  Update time             : 1.081 s
  Time to train epoch     : 11.644 s


Statistics:
  fps step                    : 15,819
  fps step + policy inference : 15,511
  fps total                   : 14,071
  epoch                       : 76 / 1,000
  frames                      : 12,451,840


Policy 0: saving next best rewards:  [-60.41]
=> saving checkpoint 'runs/mg_C_seed2801/nn/mg_C_seed2801.pth'

Timing:
  Play time               : 10.637 s
  Update time             : 1.051 s
  Time to train epoch     : 11.688 s


Statistics:
  fps step                    : 15,713
  fps step + policy inference : 15,403
  fps total                   : 14,018
  epoch                       : 77 / 1,000
  frames                      : 12,615,680


Policy 0: saving next best rewards:  [-53.52]
=> saving checkpoint 'runs/mg_C_seed2801/nn/mg_C_seed2801.pth'

Timing:
  Play time               : 10.609 s
  Update time             : 1.013 s
  Time to train epoch     : 11.621 s


Statistics:
  fps step                    : 15,761
  fps step + policy inference : 15,444
  fps total                   : 14,098
  epoch                       : 78 / 1,000
  frames                      : 12,779,520


Policy 0: saving next best rewards:  [-47.38]
=> saving checkpoint 'runs/mg_C_seed2801/nn/mg_C_seed2801.pth'

Timing:
  Play time               : 10.619 s
  Update time             : 0.976 s
  Time to train epoch     : 11.594 s


Statistics:
  fps step                    : 15,737
  fps step + policy inference : 15,429
  fps total                   : 14,131
  epoch                       : 79 / 1,000
  frames                      : 12,943,360


Policy 0: saving next best rewards:  [-43.48]
=> saving checkpoint 'runs/mg_C_seed2801/nn/mg_C_seed2801.pth'

Timing:
  Play time               : 10.655 s
  Update time             : 0.988 s
  Time to train epoch     : 11.643 s


Statistics:
  fps step                    : 15,670
  fps step + policy inference : 15,377
  fps total                   : 14,072
  epoch                       : 80 / 1,000
  frames                      : 13,107,200


Policy 0: saving next best rewards:  [-38.95]
=> saving checkpoint 'runs/mg_C_seed2801/nn/mg_C_seed2801.pth'

Timing:
  Play time               : 10.560 s
  Update time             : 0.973 s
  Time to train epoch     : 11.533 s


Statistics:
  fps step                    : 15,811
  fps step + policy inference : 15,515
  fps total                   : 14,206
  epoch                       : 81 / 1,000
  frames                      : 13,271,040


Policy 0: saving next best rewards:  [-35.51]
=> saving checkpoint 'runs/mg_C_seed2801/nn/mg_C_seed2801.pth'

Timing:
  Play time               : 10.572 s
  Update time             : 1.001 s
  Time to train epoch     : 11.572 s


Statistics:
  fps step                    : 15,783
  fps step + policy inference : 15,498
  fps total                   : 14,158
  epoch                       : 82 / 1,000
  frames                      : 13,434,880


Policy 0: saving next best rewards:  [-32.67]
=> saving checkpoint 'runs/mg_C_seed2801/nn/mg_C_seed2801.pth'

Timing:
  Play time               : 10.538 s
  Update time             : 1.039 s
  Time to train epoch     : 11.577 s


Statistics:
  fps step                    : 15,831
  fps step + policy inference : 15,547
  fps total                   : 14,152
  epoch                       : 83 / 1,000
  frames                      : 13,598,720


Policy 0: saving next best rewards:  [-30.89]
=> saving checkpoint 'runs/mg_C_seed2801/nn/mg_C_seed2801.pth'

Timing:
  Play time               : 10.525 s
  Update time             : 1.096 s
  Time to train epoch     : 11.621 s


Statistics:
  fps step                    : 15,843
  fps step + policy inference : 15,567
  fps total                   : 14,099
  epoch                       : 84 / 1,000
  frames                      : 13,762,560


Policy 0: saving next best rewards:  [-29.46]
=> saving checkpoint 'runs/mg_C_seed2801/nn/mg_C_seed2801.pth'

Timing:
  Play time               : 10.515 s
  Update time             : 1.004 s
  Time to train epoch     : 11.519 s


Statistics:
  fps step                    : 15,856
  fps step + policy inference : 15,581
  fps total                   : 14,223
  epoch                       : 85 / 1,000
  frames                      : 13,926,400


Policy 0: saving next best rewards:  [-28.37]
=> saving checkpoint 'runs/mg_C_seed2801/nn/mg_C_seed2801.pth'

Timing:
  Play time               : 10.515 s
  Update time             : 0.980 s
  Time to train epoch     : 11.495 s


Statistics:
  fps step                    : 15,846
  fps step + policy inference : 15,582
  fps total                   : 14,254
  epoch                       : 86 / 1,000
  frames                      : 14,090,240


Policy 0: saving next best rewards:  [-27.14]
=> saving checkpoint 'runs/mg_C_seed2801/nn/mg_C_seed2801.pth'

Timing:
  Play time               : 10.498 s
  Update time             : 0.972 s
  Time to train epoch     : 11.470 s


Statistics:
  fps step                    : 15,870
  fps step + policy inference : 15,607
  fps total                   : 14,284
  epoch                       : 87 / 1,000
  frames                      : 14,254,080


Policy 0: saving next best rewards:  [-26.03]
=> saving checkpoint 'runs/mg_C_seed2801/nn/mg_C_seed2801.pth'

Timing:
  Play time               : 10.525 s
  Update time             : 0.966 s
  Time to train epoch     : 11.490 s


Statistics:
  fps step                    : 15,825
  fps step + policy inference : 15,567
  fps total                   : 14,259
  epoch                       : 88 / 1,000
  frames                      : 14,417,920


Policy 0: saving next best rewards:  [-25.05]
=> saving checkpoint 'runs/mg_C_seed2801/nn/mg_C_seed2801.pth'

Timing:
  Play time               : 10.492 s
  Update time             : 0.932 s
  Time to train epoch     : 11.424 s


Statistics:
  fps step                    : 15,874
  fps step + policy inference : 15,615
  fps total                   : 14,342
  epoch                       : 89 / 1,000
  frames                      : 14,581,760


Policy 0: saving next best rewards:  [-23.66]
=> saving checkpoint 'runs/mg_C_seed2801/nn/mg_C_seed2801.pth'

Timing:
  Play time               : 10.487 s
  Update time             : 0.954 s
  Time to train epoch     : 11.440 s


Statistics:
  fps step                    : 15,880
  fps step + policy inference : 15,623
  fps total                   : 14,321
  epoch                       : 90 / 1,000
  frames                      : 14,745,600


Policy 0: saving next best rewards:  [-22.13]
=> saving checkpoint 'runs/mg_C_seed2801/nn/mg_C_seed2801.pth'

Timing:
  Play time               : 10.491 s
  Update time             : 1.076 s
  Time to train epoch     : 11.567 s


Statistics:
  fps step                    : 15,876
  fps step + policy inference : 15,617
  fps total                   : 14,165
  epoch                       : 91 / 1,000
  frames                      : 14,909,440


Policy 0: saving next best rewards:  [-20.63]
=> saving checkpoint 'runs/mg_C_seed2801/nn/mg_C_seed2801.pth'

Timing:
  Play time               : 10.485 s
  Update time             : 1.051 s
  Time to train epoch     : 11.535 s


Statistics:
  fps step                    : 15,888
  fps step + policy inference : 15,627
  fps total                   : 14,203
  epoch                       : 92 / 1,000
  frames                      : 15,073,280


Policy 0: saving next best rewards:  [-18.1]
=> saving checkpoint 'runs/mg_C_seed2801/nn/mg_C_seed2801.pth'

Timing:
  Play time               : 10.533 s
  Update time             : 0.974 s
  Time to train epoch     : 11.507 s


Statistics:
  fps step                    : 15,820
  fps step + policy inference : 15,554
  fps total                   : 14,238
  epoch                       : 93 / 1,000
  frames                      : 15,237,120


Policy 0: saving next best rewards:  [-16.44]
=> saving checkpoint 'runs/mg_C_seed2801/nn/mg_C_seed2801.pth'

Timing:
  Play time               : 10.562 s
  Update time             : 1.000 s
  Time to train epoch     : 11.562 s


Statistics:
  fps step                    : 15,789
  fps step + policy inference : 15,512
  fps total                   : 14,171
  epoch                       : 94 / 1,000
  frames                      : 15,400,960


Policy 0: saving next best rewards:  [-13.1]
=> saving checkpoint 'runs/mg_C_seed2801/nn/mg_C_seed2801.pth'

Timing:
  Play time               : 10.832 s
  Update time             : 0.955 s
  Time to train epoch     : 11.787 s


Statistics:
  fps step                    : 15,398
  fps step + policy inference : 15,126
  fps total                   : 13,900
  epoch                       : 95 / 1,000
  frames                      : 15,564,800


Policy 0: saving next best rewards:  [-8.64]
=> saving checkpoint 'runs/mg_C_seed2801/nn/mg_C_seed2801.pth'

Timing:
  Play time               : 10.800 s
  Update time             : 0.977 s
  Time to train epoch     : 11.776 s


Statistics:
  fps step                    : 15,549
  fps step + policy inference : 15,171
  fps total                   : 13,913
  epoch                       : 96 / 1,000
  frames                      : 15,728,640


Policy 0: saving next best rewards:  [-8.38]
=> saving checkpoint 'runs/mg_C_seed2801/nn/mg_C_seed2801.pth'

Timing:
  Play time               : 10.895 s
  Update time             : 1.013 s
  Time to train epoch     : 11.907 s


Statistics:
  fps step                    : 15,327
  fps step + policy inference : 15,039
  fps total                   : 13,760
  epoch                       : 97 / 1,000
  frames                      : 15,892,480


Policy 0: saving next best rewards:  [-4.94]
=> saving checkpoint 'runs/mg_C_seed2801/nn/mg_C_seed2801.pth'

Timing:
  Play time               : 10.931 s
  Update time             : 1.098 s
  Time to train epoch     : 12.029 s


Statistics:
  fps step                    : 15,277
  fps step + policy inference : 14,988
  fps total                   : 13,621
  epoch                       : 98 / 1,000
  frames                      : 16,056,320


Policy 0: saving next best rewards:  [-0.97]
=> saving checkpoint 'runs/mg_C_seed2801/nn/mg_C_seed2801.pth'

Timing:
  Play time               : 11.176 s
  Update time             : 1.695 s
  Time to train epoch     : 12.872 s


Statistics:
  fps step                    : 14,946
  fps step + policy inference : 14,660
  fps total                   : 12,729
  epoch                       : 99 / 1,000
  frames                      : 16,220,160


Policy 0: saving next best rewards:  [1.7]
=> saving checkpoint 'runs/mg_C_seed2801/nn/mg_C_seed2801.pth'

Timing:
  Play time               : 10.956 s
  Update time             : 1.694 s
  Time to train epoch     : 12.650 s


Statistics:
  fps step                    : 15,244
  fps step + policy inference : 14,954
  fps total                   : 12,952
  epoch                       : 100 / 1,000
  frames                      : 16,384,000


Policy 0: saving next best rewards:  [2.52]
=> saving checkpoint 'runs/mg_C_seed2801/nn/mg_C_seed2801.pth'

Timing:
  Play time               : 10.709 s
  Update time             : 1.209 s
  Time to train epoch     : 11.918 s


Statistics:
  fps step                    : 15,590
  fps step + policy inference : 15,300
  fps total                   : 13,748
  epoch                       : 101 / 1,000
  frames                      : 16,547,840


Policy 0: saving next best rewards:  [5.14]
=> saving checkpoint 'runs/mg_C_seed2801/nn/mg_C_seed2801.pth'

Timing:
  Play time               : 10.713 s
  Update time             : 1.186 s
  Time to train epoch     : 11.899 s


Statistics:
  fps step                    : 15,578
  fps step + policy inference : 15,293
  fps total                   : 13,769
  epoch                       : 102 / 1,000
  frames                      : 16,711,680


Policy 0: saving next best rewards:  [6.54]
=> saving checkpoint 'runs/mg_C_seed2801/nn/mg_C_seed2801.pth'

Timing:
  Play time               : 10.661 s
  Update time             : 1.164 s
  Time to train epoch     : 11.826 s


Statistics:
  fps step                    : 15,649
  fps step + policy inference : 15,368
  fps total                   : 13,854
  epoch                       : 103 / 1,000
  frames                      : 16,875,520


Policy 0: saving next best rewards:  [7.46]
=> saving checkpoint 'runs/mg_C_seed2801/nn/mg_C_seed2801.pth'

Timing:
  Play time               : 10.668 s
  Update time             : 1.183 s
  Time to train epoch     : 11.852 s


Statistics:
  fps step                    : 15,636
  fps step + policy inference : 15,358
  fps total                   : 13,824
  epoch                       : 104 / 1,000
  frames                      : 17,039,360


Policy 0: saving next best rewards:  [8.52]
=> saving checkpoint 'runs/mg_C_seed2801/nn/mg_C_seed2801.pth'

Timing:
  Play time               : 10.667 s
  Update time             : 1.181 s
  Time to train epoch     : 11.848 s


Statistics:
  fps step                    : 15,645
  fps step + policy inference : 15,360
  fps total                   : 13,829
  epoch                       : 105 / 1,000
  frames                      : 17,203,200


Policy 0: saving next best rewards:  [9.4]
=> saving checkpoint 'runs/mg_C_seed2801/nn/mg_C_seed2801.pth'

Timing:
  Play time               : 10.645 s
  Update time             : 1.074 s
  Time to train epoch     : 11.719 s


Statistics:
  fps step                    : 15,658
  fps step + policy inference : 15,391
  fps total                   : 13,981
  epoch                       : 106 / 1,000
  frames                      : 17,367,040


Policy 0: saving next best rewards:  [9.75]
=> saving checkpoint 'runs/mg_C_seed2801/nn/mg_C_seed2801.pth'

Timing:
  Play time               : 10.611 s
  Update time             : 1.147 s
  Time to train epoch     : 11.758 s


Statistics:
  fps step                    : 15,710
  fps step + policy inference : 15,441
  fps total                   : 13,935
  epoch                       : 107 / 1,000
  frames                      : 17,530,880


Policy 0: saving next best rewards:  [10.34]
=> saving checkpoint 'runs/mg_C_seed2801/nn/mg_C_seed2801.pth'

Timing:
  Play time               : 10.578 s
  Update time             : 1.169 s
  Time to train epoch     : 11.747 s


Statistics:
  fps step                    : 15,759
  fps step + policy inference : 15,489
  fps total                   : 13,948
  epoch                       : 108 / 1,000
  frames                      : 17,694,720


Policy 0: saving next best rewards:  [10.85]
=> saving checkpoint 'runs/mg_C_seed2801/nn/mg_C_seed2801.pth'

Timing:
  Play time               : 10.573 s
  Update time             : 1.007 s
  Time to train epoch     : 11.580 s


Statistics:
  fps step                    : 15,752
  fps step + policy inference : 15,496
  fps total                   : 14,149
  epoch                       : 109 / 1,000
  frames                      : 17,858,560


Policy 0: saving next best rewards:  [11.8]
=> saving checkpoint 'runs/mg_C_seed2801/nn/mg_C_seed2801.pth'

Timing:
  Play time               : 10.623 s
  Update time             : 1.045 s
  Time to train epoch     : 11.668 s


Statistics:
  fps step                    : 15,684
  fps step + policy inference : 15,423
  fps total                   : 14,042
  epoch                       : 110 / 1,000
  frames                      : 18,022,400


Policy 0: saving next best rewards:  [12.42]
=> saving checkpoint 'runs/mg_C_seed2801/nn/mg_C_seed2801.pth'

Timing:
  Play time               : 10.567 s
  Update time             : 1.159 s
  Time to train epoch     : 11.726 s


Statistics:
  fps step                    : 15,771
  fps step + policy inference : 15,504
  fps total                   : 13,972
  epoch                       : 111 / 1,000
  frames                      : 18,186,240


Policy 0: saving next best rewards:  [14.08]
=> saving checkpoint 'runs/mg_C_seed2801/nn/mg_C_seed2801.pth'

Timing:
  Play time               : 10.568 s
  Update time             : 1.139 s
  Time to train epoch     : 11.707 s


Statistics:
  fps step                    : 15,767
  fps step + policy inference : 15,503
  fps total                   : 13,995
  epoch                       : 112 / 1,000
  frames                      : 18,350,080


Policy 0: saving next best rewards:  [15.53]
=> saving checkpoint 'runs/mg_C_seed2801/nn/mg_C_seed2801.pth'

Timing:
  Play time               : 10.635 s
  Update time             : 1.027 s
  Time to train epoch     : 11.662 s


Statistics:
  fps step                    : 15,669
  fps step + policy inference : 15,405
  fps total                   : 14,049
  epoch                       : 113 / 1,000
  frames                      : 18,513,920


Policy 0: saving next best rewards:  [18.11]
=> saving checkpoint 'runs/mg_C_seed2801/nn/mg_C_seed2801.pth'

Timing:
  Play time               : 10.591 s
  Update time             : 1.029 s
  Time to train epoch     : 11.620 s


Statistics:
  fps step                    : 15,740
  fps step + policy inference : 15,469
  fps total                   : 14,100
  epoch                       : 114 / 1,000
  frames                      : 18,677,760


Policy 0: saving next best rewards:  [21.28]
=> saving checkpoint 'runs/mg_C_seed2801/nn/mg_C_seed2801.pth'

Timing:
  Play time               : 10.661 s
  Update time             : 1.110 s
  Time to train epoch     : 11.771 s


Statistics:
  fps step                    : 15,654
  fps step + policy inference : 15,368
  fps total                   : 13,919
  epoch                       : 115 / 1,000
  frames                      : 18,841,600


Policy 0: saving next best rewards:  [23.25]
=> saving checkpoint 'runs/mg_C_seed2801/nn/mg_C_seed2801.pth'

Timing:
  Play time               : 10.667 s
  Update time             : 1.147 s
  Time to train epoch     : 11.814 s


Statistics:
  fps step                    : 15,649
  fps step + policy inference : 15,360
  fps total                   : 13,868
  epoch                       : 116 / 1,000
  frames                      : 19,005,440


Policy 0: saving next best rewards:  [27.78]
=> saving checkpoint 'runs/mg_C_seed2801/nn/mg_C_seed2801.pth'

Timing:
  Play time               : 10.707 s
  Update time             : 1.089 s
  Time to train epoch     : 11.796 s


Statistics:
  fps step                    : 15,599
  fps step + policy inference : 15,302
  fps total                   : 13,889
  epoch                       : 117 / 1,000
  frames                      : 19,169,280


Policy 0: saving next best rewards:  [31.05]
=> saving checkpoint 'runs/mg_C_seed2801/nn/mg_C_seed2801.pth'

Timing:
  Play time               : 10.734 s
  Update time             : 1.035 s
  Time to train epoch     : 11.769 s


Statistics:
  fps step                    : 15,560
  fps step + policy inference : 15,263
  fps total                   : 13,921
  epoch                       : 118 / 1,000
  frames                      : 19,333,120


Policy 0: saving next best rewards:  [33.22]
=> saving checkpoint 'runs/mg_C_seed2801/nn/mg_C_seed2801.pth'

Timing:
  Play time               : 10.743 s
  Update time             : 1.040 s
  Time to train epoch     : 11.783 s


Statistics:
  fps step                    : 15,540
  fps step + policy inference : 15,251
  fps total                   : 13,905
  epoch                       : 119 / 1,000
  frames                      : 19,496,960


Policy 0: saving next best rewards:  [35.53]
=> saving checkpoint 'runs/mg_C_seed2801/nn/mg_C_seed2801.pth'

Timing:
  Play time               : 10.824 s
  Update time             : 1.022 s
  Time to train epoch     : 11.846 s


Statistics:
  fps step                    : 15,429
  fps step + policy inference : 15,137
  fps total                   : 13,831
  epoch                       : 120 / 1,000
  frames                      : 19,660,800


Policy 0: 
Timing:
  Play time               : 10.727 s
  Update time             : 1.036 s
  Time to train epoch     : 11.763 s


Statistics:
  fps step                    : 15,560
  fps step + policy inference : 15,273
  fps total                   : 13,928
  epoch                       : 121 / 1,000
  frames                      : 19,824,640


Policy 0: 
Timing:
  Play time               : 10.725 s
  Update time             : 1.120 s
  Time to train epoch     : 11.845 s


Statistics:
  fps step                    : 15,560
  fps step + policy inference : 15,276
  fps total                   : 13,832
  epoch                       : 122 / 1,000
  frames                      : 19,988,480


Policy 0: 
Timing:
  Play time               : 10.682 s
  Update time             : 1.157 s
  Time to train epoch     : 11.839 s


Statistics:
  fps step                    : 15,616
  fps step + policy inference : 15,338
  fps total                   : 13,839
  epoch                       : 123 / 1,000
  frames                      : 20,152,320


Policy 0: saving next best rewards:  [35.91]
=> saving checkpoint 'runs/mg_C_seed2801/nn/mg_C_seed2801.pth'

Timing:
  Play time               : 10.703 s
  Update time             : 1.090 s
  Time to train epoch     : 11.793 s


Statistics:
  fps step                    : 15,583
  fps step + policy inference : 15,308
  fps total                   : 13,893
  epoch                       : 124 / 1,000
  frames                      : 20,316,160


Policy 0: saving next best rewards:  [37.14]
=> saving checkpoint 'runs/mg_C_seed2801/nn/mg_C_seed2801.pth'

Timing:
  Play time               : 10.654 s
  Update time             : 1.022 s
  Time to train epoch     : 11.676 s


Statistics:
  fps step                    : 15,647
  fps step + policy inference : 15,379
  fps total                   : 14,032
  epoch                       : 125 / 1,000
  frames                      : 20,480,000


Policy 0: saving next best rewards:  [37.73]
=> saving checkpoint 'runs/mg_C_seed2801/nn/mg_C_seed2801.pth'

Timing:
  Play time               : 10.707 s
  Update time             : 1.033 s
  Time to train epoch     : 11.740 s


Statistics:
  fps step                    : 15,566
  fps step + policy inference : 15,302
  fps total                   : 13,955
  epoch                       : 126 / 1,000
  frames                      : 20,643,840


Policy 0: saving next best rewards:  [38.26]
=> saving checkpoint 'runs/mg_C_seed2801/nn/mg_C_seed2801.pth'

Timing:
  Play time               : 10.692 s
  Update time             : 1.010 s
  Time to train epoch     : 11.702 s


Statistics:
  fps step                    : 15,588
  fps step + policy inference : 15,324
  fps total                   : 14,001
  epoch                       : 127 / 1,000
  frames                      : 20,807,680


Policy 0: saving next best rewards:  [38.69]
=> saving checkpoint 'runs/mg_C_seed2801/nn/mg_C_seed2801.pth'

Timing:
  Play time               : 10.664 s
  Update time             : 1.028 s
  Time to train epoch     : 11.693 s


Statistics:
  fps step                    : 15,620
  fps step + policy inference : 15,363
  fps total                   : 14,012
  epoch                       : 128 / 1,000
  frames                      : 20,971,520


Policy 0: saving next best rewards:  [39.08]
=> saving checkpoint 'runs/mg_C_seed2801/nn/mg_C_seed2801.pth'

Timing:
  Play time               : 10.658 s
  Update time             : 1.092 s
  Time to train epoch     : 11.751 s


Statistics:
  fps step                    : 15,635
  fps step + policy inference : 15,372
  fps total                   : 13,943
  epoch                       : 129 / 1,000
  frames                      : 21,135,360


Policy 0: saving next best rewards:  [39.77]
=> saving checkpoint 'runs/mg_C_seed2801/nn/mg_C_seed2801.pth'

Timing:
  Play time               : 10.610 s
  Update time             : 1.052 s
  Time to train epoch     : 11.662 s


Statistics:
  fps step                    : 15,696
  fps step + policy inference : 15,442
  fps total                   : 14,049
  epoch                       : 130 / 1,000
  frames                      : 21,299,200


Policy 0: saving next best rewards:  [40.6]
=> saving checkpoint 'runs/mg_C_seed2801/nn/mg_C_seed2801.pth'

Timing:
  Play time               : 10.624 s
  Update time             : 1.096 s
  Time to train epoch     : 11.719 s


Statistics:
  fps step                    : 15,677
  fps step + policy inference : 15,422
  fps total                   : 13,980
  epoch                       : 131 / 1,000
  frames                      : 21,463,040


Policy 0: saving next best rewards:  [41.71]
=> saving checkpoint 'runs/mg_C_seed2801/nn/mg_C_seed2801.pth'

Timing:
  Play time               : 10.639 s
  Update time             : 1.067 s
  Time to train epoch     : 11.706 s


Statistics:
  fps step                    : 15,657
  fps step + policy inference : 15,399
  fps total                   : 13,996
  epoch                       : 132 / 1,000
  frames                      : 21,626,880


Policy 0: saving next best rewards:  [43.26]
=> saving checkpoint 'runs/mg_C_seed2801/nn/mg_C_seed2801.pth'

Timing:
  Play time               : 10.666 s
  Update time             : 1.025 s
  Time to train epoch     : 11.691 s


Statistics:
  fps step                    : 15,624
  fps step + policy inference : 15,361
  fps total                   : 14,014
  epoch                       : 133 / 1,000
  frames                      : 21,790,720


Policy 0: saving next best rewards:  [45.13]
=> saving checkpoint 'runs/mg_C_seed2801/nn/mg_C_seed2801.pth'

Timing:
  Play time               : 10.782 s
  Update time             : 1.017 s
  Time to train epoch     : 11.799 s


Statistics:
  fps step                    : 15,462
  fps step + policy inference : 15,195
  fps total                   : 13,886
  epoch                       : 134 / 1,000
  frames                      : 21,954,560


Policy 0: saving next best rewards:  [46.67]
=> saving checkpoint 'runs/mg_C_seed2801/nn/mg_C_seed2801.pth'

Timing:
  Play time               : 10.711 s
  Update time             : 1.014 s
  Time to train epoch     : 11.725 s


Statistics:
  fps step                    : 15,564
  fps step + policy inference : 15,297
  fps total                   : 13,974
  epoch                       : 135 / 1,000
  frames                      : 22,118,400


Policy 0: saving next best rewards:  [49.27]
=> saving checkpoint 'runs/mg_C_seed2801/nn/mg_C_seed2801.pth'

Timing:
  Play time               : 10.734 s
  Update time             : 1.018 s
  Time to train epoch     : 11.752 s


Statistics:
  fps step                    : 15,538
  fps step + policy inference : 15,263
  fps total                   : 13,941
  epoch                       : 136 / 1,000
  frames                      : 22,282,240


Policy 0: saving next best rewards:  [50.29]
=> saving checkpoint 'runs/mg_C_seed2801/nn/mg_C_seed2801.pth'

Timing:
  Play time               : 10.747 s
  Update time             : 1.023 s
  Time to train epoch     : 11.770 s


Statistics:
  fps step                    : 15,519
  fps step + policy inference : 15,245
  fps total                   : 13,920
  epoch                       : 137 / 1,000
  frames                      : 22,446,080


Policy 0: saving next best rewards:  [51.18]
=> saving checkpoint 'runs/mg_C_seed2801/nn/mg_C_seed2801.pth'

Timing:
  Play time               : 10.738 s
  Update time             : 1.108 s
  Time to train epoch     : 11.846 s


Statistics:
  fps step                    : 15,539
  fps step + policy inference : 15,258
  fps total                   : 13,831
  epoch                       : 138 / 1,000
  frames                      : 22,609,920


Policy 0: saving next best rewards:  [52.81]
=> saving checkpoint 'runs/mg_C_seed2801/nn/mg_C_seed2801.pth'

Timing:
  Play time               : 10.746 s
  Update time             : 1.140 s
  Time to train epoch     : 11.886 s


Statistics:
  fps step                    : 15,529
  fps step + policy inference : 15,246
  fps total                   : 13,784
  epoch                       : 139 / 1,000
  frames                      : 22,773,760


Policy 0: saving next best rewards:  [53.07]
=> saving checkpoint 'runs/mg_C_seed2801/nn/mg_C_seed2801.pth'

Timing:
  Play time               : 10.750 s
  Update time             : 1.103 s
  Time to train epoch     : 11.853 s


Statistics:
  fps step                    : 15,520
  fps step + policy inference : 15,241
  fps total                   : 13,823
  epoch                       : 140 / 1,000
  frames                      : 22,937,600


Policy 0: saving next best rewards:  [54.44]
=> saving checkpoint 'runs/mg_C_seed2801/nn/mg_C_seed2801.pth'

Timing:
  Play time               : 10.777 s
  Update time             : 1.048 s
  Time to train epoch     : 11.825 s


Statistics:
  fps step                    : 15,483
  fps step + policy inference : 15,202
  fps total                   : 13,855
  epoch                       : 141 / 1,000
  frames                      : 23,101,440


Policy 0: saving next best rewards:  [55.22]
=> saving checkpoint 'runs/mg_C_seed2801/nn/mg_C_seed2801.pth'

Timing:
  Play time               : 10.746 s
  Update time             : 1.017 s
  Time to train epoch     : 11.763 s


Statistics:
  fps step                    : 15,518
  fps step + policy inference : 15,246
  fps total                   : 13,928
  epoch                       : 142 / 1,000
  frames                      : 23,265,280


Policy 0: saving next best rewards:  [56.45]
=> saving checkpoint 'runs/mg_C_seed2801/nn/mg_C_seed2801.pth'

Timing:
  Play time               : 10.771 s
  Update time             : 1.021 s
  Time to train epoch     : 11.792 s


Statistics:
  fps step                    : 15,484
  fps step + policy inference : 15,211
  fps total                   : 13,894
  epoch                       : 143 / 1,000
  frames                      : 23,429,120


Policy 0: saving next best rewards:  [57.17]
=> saving checkpoint 'runs/mg_C_seed2801/nn/mg_C_seed2801.pth'

Timing:
  Play time               : 10.736 s
  Update time             : 1.019 s
  Time to train epoch     : 11.755 s


Statistics:
  fps step                    : 15,531
  fps step + policy inference : 15,260
  fps total                   : 13,938
  epoch                       : 144 / 1,000
  frames                      : 23,592,960


Policy 0: saving next best rewards:  [57.46]
=> saving checkpoint 'runs/mg_C_seed2801/nn/mg_C_seed2801.pth'

Timing:
  Play time               : 10.675 s
  Update time             : 1.006 s
  Time to train epoch     : 11.682 s


Statistics:
  fps step                    : 15,618
  fps step + policy inference : 15,347
  fps total                   : 14,025
  epoch                       : 145 / 1,000
  frames                      : 23,756,800


Policy 0: saving next best rewards:  [58.27]
=> saving checkpoint 'runs/mg_C_seed2801/nn/mg_C_seed2801.pth'

Timing:
  Play time               : 10.732 s
  Update time             : 1.003 s
  Time to train epoch     : 11.735 s


Statistics:
  fps step                    : 15,532
  fps step + policy inference : 15,266
  fps total                   : 13,962
  epoch                       : 146 / 1,000
  frames                      : 23,920,640


Policy 0: saving next best rewards:  [58.5]
=> saving checkpoint 'runs/mg_C_seed2801/nn/mg_C_seed2801.pth'

Timing:
  Play time               : 10.710 s
  Update time             : 1.062 s
  Time to train epoch     : 11.771 s


Statistics:
  fps step                    : 15,559
  fps step + policy inference : 15,299
  fps total                   : 13,919
  epoch                       : 147 / 1,000
  frames                      : 24,084,480


Policy 0: saving next best rewards:  [58.53]
=> saving checkpoint 'runs/mg_C_seed2801/nn/mg_C_seed2801.pth'

Timing:
  Play time               : 10.697 s
  Update time             : 1.107 s
  Time to train epoch     : 11.804 s


Statistics:
  fps step                    : 15,580
  fps step + policy inference : 15,316
  fps total                   : 13,880
  epoch                       : 148 / 1,000
  frames                      : 24,248,320


Policy 0: saving next best rewards:  [58.86]
=> saving checkpoint 'runs/mg_C_seed2801/nn/mg_C_seed2801.pth'

Timing:
  Play time               : 10.770 s
  Update time             : 1.084 s
  Time to train epoch     : 11.854 s


Statistics:
  fps step                    : 15,466
  fps step + policy inference : 15,213
  fps total                   : 13,822
  epoch                       : 149 / 1,000
  frames                      : 24,412,160


Policy 0: 
Timing:
  Play time               : 10.669 s
  Update time             : 1.076 s
  Time to train epoch     : 11.744 s


Statistics:
  fps step                    : 15,612
  fps step + policy inference : 15,357
  fps total                   : 13,951
  epoch                       : 150 / 1,000
  frames                      : 24,576,000


Policy 0: 
Timing:
  Play time               : 10.688 s
  Update time             : 1.025 s
  Time to train epoch     : 11.712 s


Statistics:
  fps step                    : 15,586
  fps step + policy inference : 15,330
  fps total                   : 13,989
  epoch                       : 151 / 1,000
  frames                      : 24,739,840


Policy 0: saving next best rewards:  [59.15]
=> saving checkpoint 'runs/mg_C_seed2801/nn/mg_C_seed2801.pth'

Timing:
  Play time               : 10.635 s
  Update time             : 1.014 s
  Time to train epoch     : 11.649 s


Statistics:
  fps step                    : 15,666
  fps step + policy inference : 15,406
  fps total                   : 14,065
  epoch                       : 152 / 1,000
  frames                      : 24,903,680


Policy 0: 
Timing:
  Play time               : 10.732 s
  Update time             : 1.013 s
  Time to train epoch     : 11.745 s


Statistics:
  fps step                    : 15,530
  fps step + policy inference : 15,267
  fps total                   : 13,950
  epoch                       : 153 / 1,000
  frames                      : 25,067,520


Policy 0: saving next best rewards:  [59.94]
=> saving checkpoint 'runs/mg_C_seed2801/nn/mg_C_seed2801.pth'

Timing:
  Play time               : 10.682 s
  Update time             : 1.006 s
  Time to train epoch     : 11.688 s


Statistics:
  fps step                    : 15,598
  fps step + policy inference : 15,338
  fps total                   : 14,018
  epoch                       : 154 / 1,000
  frames                      : 25,231,360


Policy 0: saving next best rewards:  [61.58]
=> saving checkpoint 'runs/mg_C_seed2801/nn/mg_C_seed2801.pth'

Timing:
  Play time               : 10.743 s
  Update time             : 1.034 s
  Time to train epoch     : 11.777 s


Statistics:
  fps step                    : 15,513
  fps step + policy inference : 15,251
  fps total                   : 13,912
  epoch                       : 155 / 1,000
  frames                      : 25,395,200


Policy 0: saving next best rewards:  [64.49]
=> saving checkpoint 'runs/mg_C_seed2801/nn/mg_C_seed2801.pth'

Timing:
  Play time               : 10.737 s
  Update time             : 1.013 s
  Time to train epoch     : 11.750 s


Statistics:
  fps step                    : 15,524
  fps step + policy inference : 15,259
  fps total                   : 13,944
  epoch                       : 156 / 1,000
  frames                      : 25,559,040


Policy 0: saving next best rewards:  [66.66]
=> saving checkpoint 'runs/mg_C_seed2801/nn/mg_C_seed2801.pth'

Timing:
  Play time               : 10.773 s
  Update time             : 1.027 s
  Time to train epoch     : 11.799 s


Statistics:
  fps step                    : 15,477
  fps step + policy inference : 15,209
  fps total                   : 13,886
  epoch                       : 157 / 1,000
  frames                      : 25,722,880


Policy 0: saving next best rewards:  [68.95]
=> saving checkpoint 'runs/mg_C_seed2801/nn/mg_C_seed2801.pth'

Timing:
  Play time               : 10.799 s
  Update time             : 1.098 s
  Time to train epoch     : 11.897 s


Statistics:
  fps step                    : 15,444
  fps step + policy inference : 15,172
  fps total                   : 13,772
  epoch                       : 158 / 1,000
  frames                      : 25,886,720


Policy 0: saving next best rewards:  [70.44]
=> saving checkpoint 'runs/mg_C_seed2801/nn/mg_C_seed2801.pth'

Timing:
  Play time               : 10.781 s
  Update time             : 1.106 s
  Time to train epoch     : 11.887 s


Statistics:
  fps step                    : 15,466
  fps step + policy inference : 15,197
  fps total                   : 13,783
  epoch                       : 159 / 1,000
  frames                      : 26,050,560


Policy 0: saving next best rewards:  [71.23]
=> saving checkpoint 'runs/mg_C_seed2801/nn/mg_C_seed2801.pth'

Timing:
  Play time               : 10.781 s
  Update time             : 1.092 s
  Time to train epoch     : 11.873 s


Statistics:
  fps step                    : 15,469
  fps step + policy inference : 15,197
  fps total                   : 13,800
  epoch                       : 160 / 1,000
  frames                      : 26,214,400


Policy 0: saving next best rewards:  [73.27]
=> saving checkpoint 'runs/mg_C_seed2801/nn/mg_C_seed2801.pth'

Timing:
  Play time               : 10.821 s
  Update time             : 1.043 s
  Time to train epoch     : 11.864 s


Statistics:
  fps step                    : 15,418
  fps step + policy inference : 15,142
  fps total                   : 13,810
  epoch                       : 161 / 1,000
  frames                      : 26,378,240


Policy 0: 
Timing:
  Play time               : 10.772 s
  Update time             : 1.021 s
  Time to train epoch     : 11.793 s


Statistics:
  fps step                    : 15,478
  fps step + policy inference : 15,210
  fps total                   : 13,893
  epoch                       : 162 / 1,000
  frames                      : 26,542,080


Policy 0: saving next best rewards:  [73.56]
=> saving checkpoint 'runs/mg_C_seed2801/nn/mg_C_seed2801.pth'

Timing:
  Play time               : 10.824 s
  Update time             : 1.033 s
  Time to train epoch     : 11.857 s


Statistics:
  fps step                    : 15,413
  fps step + policy inference : 15,137
  fps total                   : 13,818
  epoch                       : 163 / 1,000
  frames                      : 26,705,920


Policy 0: 
Timing:
  Play time               : 10.776 s
  Update time             : 1.009 s
  Time to train epoch     : 11.785 s


Statistics:
  fps step                    : 15,467
  fps step + policy inference : 15,205
  fps total                   : 13,903
  epoch                       : 164 / 1,000
  frames                      : 26,869,760


Policy 0: saving next best rewards:  [73.73]
=> saving checkpoint 'runs/mg_C_seed2801/nn/mg_C_seed2801.pth'

Timing:
  Play time               : 10.805 s
  Update time             : 1.026 s
  Time to train epoch     : 11.831 s


Statistics:
  fps step                    : 15,430
  fps step + policy inference : 15,163
  fps total                   : 13,848
  epoch                       : 165 / 1,000
  frames                      : 27,033,600


Policy 0: saving next best rewards:  [74.89]
=> saving checkpoint 'runs/mg_C_seed2801/nn/mg_C_seed2801.pth'

Timing:
  Play time               : 10.768 s
  Update time             : 1.012 s
  Time to train epoch     : 11.780 s


Statistics:
  fps step                    : 15,479
  fps step + policy inference : 15,216
  fps total                   : 13,908
  epoch                       : 166 / 1,000
  frames                      : 27,197,440


Policy 0: saving next best rewards:  [75.31]
=> saving checkpoint 'runs/mg_C_seed2801/nn/mg_C_seed2801.pth'

Timing:
  Play time               : 10.749 s
  Update time             : 1.008 s
  Time to train epoch     : 11.757 s


Statistics:
  fps step                    : 15,503
  fps step + policy inference : 15,242
  fps total                   : 13,935
  epoch                       : 167 / 1,000
  frames                      : 27,361,280


Policy 0: saving next best rewards:  [75.49]
=> saving checkpoint 'runs/mg_C_seed2801/nn/mg_C_seed2801.pth'

Timing:
  Play time               : 10.791 s
  Update time             : 1.025 s
  Time to train epoch     : 11.815 s


Statistics:
  fps step                    : 15,449
  fps step + policy inference : 15,183
  fps total                   : 13,867
  epoch                       : 168 / 1,000
  frames                      : 27,525,120


Policy 0: saving next best rewards:  [75.6]
=> saving checkpoint 'runs/mg_C_seed2801/nn/mg_C_seed2801.pth'

Timing:
  Play time               : 10.740 s
  Update time             : 1.046 s
  Time to train epoch     : 11.786 s


Statistics:
  fps step                    : 15,512
  fps step + policy inference : 15,255
  fps total                   : 13,901
  epoch                       : 169 / 1,000
  frames                      : 27,688,960


Policy 0: 
Timing:
  Play time               : 10.698 s
  Update time             : 1.086 s
  Time to train epoch     : 11.784 s


Statistics:
  fps step                    : 15,579
  fps step + policy inference : 15,316
  fps total                   : 13,904
  epoch                       : 170 / 1,000
  frames                      : 27,852,800


Policy 0: saving next best rewards:  [75.79]
=> saving checkpoint 'runs/mg_C_seed2801/nn/mg_C_seed2801.pth'

Timing:
  Play time               : 10.684 s
  Update time             : 1.098 s
  Time to train epoch     : 11.782 s


Statistics:
  fps step                    : 15,593
  fps step + policy inference : 15,335
  fps total                   : 13,906
  epoch                       : 171 / 1,000
  frames                      : 28,016,640


Policy 0: saving next best rewards:  [76.18]
=> saving checkpoint 'runs/mg_C_seed2801/nn/mg_C_seed2801.pth'

Timing:
  Play time               : 10.677 s
  Update time             : 1.098 s
  Time to train epoch     : 11.775 s


Statistics:
  fps step                    : 15,610
  fps step + policy inference : 15,345
  fps total                   : 13,914
  epoch                       : 172 / 1,000
  frames                      : 28,180,480


Policy 0: saving next best rewards:  [77.68]
=> saving checkpoint 'runs/mg_C_seed2801/nn/mg_C_seed2801.pth'

Timing:
  Play time               : 10.699 s
  Update time             : 1.050 s
  Time to train epoch     : 11.748 s


Statistics:
  fps step                    : 15,576
  fps step + policy inference : 15,314
  fps total                   : 13,946
  epoch                       : 173 / 1,000
  frames                      : 28,344,320


Policy 0: saving next best rewards:  [78.4]
=> saving checkpoint 'runs/mg_C_seed2801/nn/mg_C_seed2801.pth'

Timing:
  Play time               : 10.697 s
  Update time             : 1.031 s
  Time to train epoch     : 11.728 s


Statistics:
  fps step                    : 15,579
  fps step + policy inference : 15,317
  fps total                   : 13,970
  epoch                       : 174 / 1,000
  frames                      : 28,508,160


Policy 0: saving next best rewards:  [79.83]
=> saving checkpoint 'runs/mg_C_seed2801/nn/mg_C_seed2801.pth'

Timing:
  Play time               : 10.757 s
  Update time             : 1.048 s
  Time to train epoch     : 11.805 s


Statistics:
  fps step                    : 15,500
  fps step + policy inference : 15,231
  fps total                   : 13,879
  epoch                       : 175 / 1,000
  frames                      : 28,672,000


Policy 0: saving next best rewards:  [80.23]
=> saving checkpoint 'runs/mg_C_seed2801/nn/mg_C_seed2801.pth'

Timing:
  Play time               : 10.723 s
  Update time             : 1.017 s
  Time to train epoch     : 11.740 s


Statistics:
  fps step                    : 15,543
  fps step + policy inference : 15,279
  fps total                   : 13,956
  epoch                       : 176 / 1,000
  frames                      : 28,835,840


Policy 0: saving next best rewards:  [81.28]
=> saving checkpoint 'runs/mg_C_seed2801/nn/mg_C_seed2801.pth'

Timing:
  Play time               : 10.725 s
  Update time             : 1.073 s
  Time to train epoch     : 11.799 s


Statistics:
  fps step                    : 15,539
  fps step + policy inference : 15,276
  fps total                   : 13,886
  epoch                       : 177 / 1,000
  frames                      : 28,999,680


Policy 0: saving next best rewards:  [81.7]
=> saving checkpoint 'runs/mg_C_seed2801/nn/mg_C_seed2801.pth'

Timing:
  Play time               : 10.696 s
  Update time             : 1.160 s
  Time to train epoch     : 11.856 s


Statistics:
  fps step                    : 15,584
  fps step + policy inference : 15,318
  fps total                   : 13,819
  epoch                       : 178 / 1,000
  frames                      : 29,163,520


Policy 0: saving next best rewards:  [82.69]
=> saving checkpoint 'runs/mg_C_seed2801/nn/mg_C_seed2801.pth'

Timing:
  Play time               : 10.713 s
  Update time             : 1.099 s
  Time to train epoch     : 11.812 s


Statistics:
  fps step                    : 15,561
  fps step + policy inference : 15,294
  fps total                   : 13,871
  epoch                       : 179 / 1,000
  frames                      : 29,327,360


Policy 0: saving next best rewards:  [83.99]
=> saving checkpoint 'runs/mg_C_seed2801/nn/mg_C_seed2801.pth'

Timing:
  Play time               : 10.742 s
  Update time             : 1.018 s
  Time to train epoch     : 11.760 s


Statistics:
  fps step                    : 15,522
  fps step + policy inference : 15,253
  fps total                   : 13,932
  epoch                       : 180 / 1,000
  frames                      : 29,491,200


Policy 0: saving next best rewards:  [85.25]
=> saving checkpoint 'runs/mg_C_seed2801/nn/mg_C_seed2801.pth'

Timing:
  Play time               : 10.752 s
  Update time             : 1.009 s
  Time to train epoch     : 11.761 s


Statistics:
  fps step                    : 15,501
  fps step + policy inference : 15,238
  fps total                   : 13,931
  epoch                       : 181 / 1,000
  frames                      : 29,655,040


Policy 0: saving next best rewards:  [86.32]
=> saving checkpoint 'runs/mg_C_seed2801/nn/mg_C_seed2801.pth'

Timing:
  Play time               : 10.751 s
  Update time             : 1.029 s
  Time to train epoch     : 11.780 s


Statistics:
  fps step                    : 15,509
  fps step + policy inference : 15,240
  fps total                   : 13,909
  epoch                       : 182 / 1,000
  frames                      : 29,818,880


Policy 0: saving next best rewards:  [86.8]
=> saving checkpoint 'runs/mg_C_seed2801/nn/mg_C_seed2801.pth'

Timing:
  Play time               : 10.744 s
  Update time             : 1.001 s
  Time to train epoch     : 11.745 s


Statistics:
  fps step                    : 15,517
  fps step + policy inference : 15,250
  fps total                   : 13,950
  epoch                       : 183 / 1,000
  frames                      : 29,982,720


Policy 0: 
Timing:
  Play time               : 10.752 s
  Update time             : 1.015 s
  Time to train epoch     : 11.767 s


Statistics:
  fps step                    : 15,503
  fps step + policy inference : 15,238
  fps total                   : 13,923
  epoch                       : 184 / 1,000
  frames                      : 30,146,560


Policy 0: saving next best rewards:  [86.95]
=> saving checkpoint 'runs/mg_C_seed2801/nn/mg_C_seed2801.pth'

Timing:
  Play time               : 10.767 s
  Update time             : 1.102 s
  Time to train epoch     : 11.870 s


Statistics:
  fps step                    : 15,481
  fps step + policy inference : 15,216
  fps total                   : 13,803
  epoch                       : 185 / 1,000
  frames                      : 30,310,400


Policy 0: saving next best rewards:  [87.31]
=> saving checkpoint 'runs/mg_C_seed2801/nn/mg_C_seed2801.pth'

Timing:
  Play time               : 10.768 s
  Update time             : 1.146 s
  Time to train epoch     : 11.914 s


Statistics:
  fps step                    : 15,474
  fps step + policy inference : 15,215
  fps total                   : 13,752
  epoch                       : 186 / 1,000
  frames                      : 30,474,240


Policy 0: saving next best rewards:  [87.65]
=> saving checkpoint 'runs/mg_C_seed2801/nn/mg_C_seed2801.pth'

Timing:
  Play time               : 10.743 s
  Update time             : 1.048 s
  Time to train epoch     : 11.791 s


Statistics:
  fps step                    : 15,510
  fps step + policy inference : 15,250
  fps total                   : 13,895
  epoch                       : 187 / 1,000
  frames                      : 30,638,080


Policy 0: saving next best rewards:  [88.29]
=> saving checkpoint 'runs/mg_C_seed2801/nn/mg_C_seed2801.pth'

Timing:
  Play time               : 10.752 s
  Update time             : 1.008 s
  Time to train epoch     : 11.760 s


Statistics:
  fps step                    : 15,499
  fps step + policy inference : 15,238
  fps total                   : 13,932
  epoch                       : 188 / 1,000
  frames                      : 30,801,920


Policy 0: saving next best rewards:  [88.99]
=> saving checkpoint 'runs/mg_C_seed2801/nn/mg_C_seed2801.pth'

Timing:
  Play time               : 10.770 s
  Update time             : 1.015 s
  Time to train epoch     : 11.785 s


Statistics:
  fps step                    : 15,465
  fps step + policy inference : 15,212
  fps total                   : 13,902
  epoch                       : 189 / 1,000
  frames                      : 30,965,760


Policy 0: saving next best rewards:  [89.27]
=> saving checkpoint 'runs/mg_C_seed2801/nn/mg_C_seed2801.pth'

Timing:
  Play time               : 10.734 s
  Update time             : 0.992 s
  Time to train epoch     : 11.726 s


Statistics:
  fps step                    : 15,518
  fps step + policy inference : 15,263
  fps total                   : 13,973
  epoch                       : 190 / 1,000
  frames                      : 31,129,600


Policy 0: saving next best rewards:  [90.05]
=> saving checkpoint 'runs/mg_C_seed2801/nn/mg_C_seed2801.pth'

Timing:
  Play time               : 10.729 s
  Update time             : 1.022 s
  Time to train epoch     : 11.751 s


Statistics:
  fps step                    : 15,528
  fps step + policy inference : 15,271
  fps total                   : 13,943
  epoch                       : 191 / 1,000
  frames                      : 31,293,440


Policy 0: saving next best rewards:  [90.64]
=> saving checkpoint 'runs/mg_C_seed2801/nn/mg_C_seed2801.pth'

Timing:
  Play time               : 10.754 s
  Update time             : 1.018 s
  Time to train epoch     : 11.771 s


Statistics:
  fps step                    : 15,496
  fps step + policy inference : 15,235
  fps total                   : 13,918
  epoch                       : 192 / 1,000
  frames                      : 31,457,280


Policy 0: 
Timing:
  Play time               : 10.723 s
  Update time             : 1.081 s
  Time to train epoch     : 11.804 s


Statistics:
  fps step                    : 15,532
  fps step + policy inference : 15,280
  fps total                   : 13,880
  epoch                       : 193 / 1,000
  frames                      : 31,621,120


Policy 0: 
Timing:
  Play time               : 10.737 s
  Update time             : 1.106 s
  Time to train epoch     : 11.843 s


Statistics:
  fps step                    : 15,516
  fps step + policy inference : 15,259
  fps total                   : 13,834
  epoch                       : 194 / 1,000
  frames                      : 31,784,960


Policy 0: saving next best rewards:  [90.9]
=> saving checkpoint 'runs/mg_C_seed2801/nn/mg_C_seed2801.pth'

Timing:
  Play time               : 10.745 s
  Update time             : 1.058 s
  Time to train epoch     : 11.803 s


Statistics:
  fps step                    : 15,505
  fps step + policy inference : 15,248
  fps total                   : 13,882
  epoch                       : 195 / 1,000
  frames                      : 31,948,800


Policy 0: saving next best rewards:  [91.93]
=> saving checkpoint 'runs/mg_C_seed2801/nn/mg_C_seed2801.pth'

Timing:
  Play time               : 10.734 s
  Update time             : 1.024 s
  Time to train epoch     : 11.758 s


Statistics:
  fps step                    : 15,523
  fps step + policy inference : 15,264
  fps total                   : 13,934
  epoch                       : 196 / 1,000
  frames                      : 32,112,640


Policy 0: saving next best rewards:  [92.79]
=> saving checkpoint 'runs/mg_C_seed2801/nn/mg_C_seed2801.pth'

Timing:
  Play time               : 10.764 s
  Update time             : 0.994 s
  Time to train epoch     : 11.757 s


Statistics:
  fps step                    : 15,480
  fps step + policy inference : 15,221
  fps total                   : 13,935
  epoch                       : 197 / 1,000
  frames                      : 32,276,480


Policy 0: saving next best rewards:  [93.78]
=> saving checkpoint 'runs/mg_C_seed2801/nn/mg_C_seed2801.pth'

Timing:
  Play time               : 10.778 s
  Update time             : 1.017 s
  Time to train epoch     : 11.795 s


Statistics:
  fps step                    : 15,454
  fps step + policy inference : 15,201
  fps total                   : 13,891
  epoch                       : 198 / 1,000
  frames                      : 32,440,320


Policy 0: 
Timing:
  Play time               : 10.753 s
  Update time             : 1.004 s
  Time to train epoch     : 11.757 s


Statistics:
  fps step                    : 15,489
  fps step + policy inference : 15,236
  fps total                   : 13,935
  epoch                       : 199 / 1,000
  frames                      : 32,604,160


Policy 0: saving next best rewards:  [94.25]
=> saving checkpoint 'runs/mg_C_seed2801/nn/mg_C_seed2801.pth'

Timing:
  Play time               : 10.775 s
  Update time             : 1.003 s
  Time to train epoch     : 11.778 s


Statistics:
  fps step                    : 15,466
  fps step + policy inference : 15,206
  fps total                   : 13,911
  epoch                       : 200 / 1,000
  frames                      : 32,768,000


Policy 0: saving next best rewards:  [95.09]
=> saving checkpoint 'runs/mg_C_seed2801/nn/mg_C_seed2801.pth'

Timing:
  Play time               : 10.769 s
  Update time             : 1.014 s
  Time to train epoch     : 11.783 s


Statistics:
  fps step                    : 15,467
  fps step + policy inference : 15,215
  fps total                   : 13,905
  epoch                       : 201 / 1,000
  frames                      : 32,931,840


Policy 0: saving next best rewards:  [95.12]
=> saving checkpoint 'runs/mg_C_seed2801/nn/mg_C_seed2801.pth'

Timing:
  Play time               : 10.766 s
  Update time             : 1.037 s
  Time to train epoch     : 11.803 s


Statistics:
  fps step                    : 15,469
  fps step + policy inference : 15,218
  fps total                   : 13,881
  epoch                       : 202 / 1,000
  frames                      : 33,095,680


Policy 0: saving next best rewards:  [96.11]
=> saving checkpoint 'runs/mg_C_seed2801/nn/mg_C_seed2801.pth'

Timing:
  Play time               : 10.746 s
  Update time             : 1.043 s
  Time to train epoch     : 11.789 s


Statistics:
  fps step                    : 15,497
  fps step + policy inference : 15,246
  fps total                   : 13,898
  epoch                       : 203 / 1,000
  frames                      : 33,259,520


Policy 0: saving next best rewards:  [96.8]
=> saving checkpoint 'runs/mg_C_seed2801/nn/mg_C_seed2801.pth'

Timing:
  Play time               : 10.741 s
  Update time             : 1.049 s
  Time to train epoch     : 11.790 s


Statistics:
  fps step                    : 15,503
  fps step + policy inference : 15,253
  fps total                   : 13,896
  epoch                       : 204 / 1,000
  frames                      : 33,423,360


Policy 0: saving next best rewards:  [98.44]
=> saving checkpoint 'runs/mg_C_seed2801/nn/mg_C_seed2801.pth'

Timing:
  Play time               : 10.721 s
  Update time             : 1.078 s
  Time to train epoch     : 11.799 s


Statistics:
  fps step                    : 15,531
  fps step + policy inference : 15,282
  fps total                   : 13,886
  epoch                       : 205 / 1,000
  frames                      : 33,587,200


Policy 0: saving next best rewards:  [99.3]
=> saving checkpoint 'runs/mg_C_seed2801/nn/mg_C_seed2801.pth'

Timing:
  Play time               : 10.752 s
  Update time             : 1.053 s
  Time to train epoch     : 11.805 s


Statistics:
  fps step                    : 15,491
  fps step + policy inference : 15,238
  fps total                   : 13,878
  epoch                       : 206 / 1,000
  frames                      : 33,751,040


Policy 0: saving next best rewards:  [100.55]
=> saving checkpoint 'runs/mg_C_seed2801/nn/mg_C_seed2801.pth'

Timing:
  Play time               : 10.734 s
  Update time             : 1.002 s
  Time to train epoch     : 11.736 s


Statistics:
  fps step                    : 15,512
  fps step + policy inference : 15,263
  fps total                   : 13,960
  epoch                       : 207 / 1,000
  frames                      : 33,914,880


Policy 0: saving next best rewards:  [101.9]
=> saving checkpoint 'runs/mg_C_seed2801/nn/mg_C_seed2801.pth'

Timing:
  Play time               : 10.749 s
  Update time             : 0.995 s
  Time to train epoch     : 11.744 s


Statistics:
  fps step                    : 15,489
  fps step + policy inference : 15,242
  fps total                   : 13,951
  epoch                       : 208 / 1,000
  frames                      : 34,078,720


Policy 0: saving next best rewards:  [103.34]
=> saving checkpoint 'runs/mg_C_seed2801/nn/mg_C_seed2801.pth'

Timing:
  Play time               : 10.770 s
  Update time             : 0.982 s
  Time to train epoch     : 11.752 s


Statistics:
  fps step                    : 15,456
  fps step + policy inference : 15,213
  fps total                   : 13,941
  epoch                       : 209 / 1,000
  frames                      : 34,242,560


Policy 0: saving next best rewards:  [104.12]
=> saving checkpoint 'runs/mg_C_seed2801/nn/mg_C_seed2801.pth'

Timing:
  Play time               : 10.764 s
  Update time             : 0.976 s
  Time to train epoch     : 11.740 s


Statistics:
  fps step                    : 15,460
  fps step + policy inference : 15,221
  fps total                   : 13,955
  epoch                       : 210 / 1,000
  frames                      : 34,406,400


Policy 0: saving next best rewards:  [104.98]
=> saving checkpoint 'runs/mg_C_seed2801/nn/mg_C_seed2801.pth'

Timing:
  Play time               : 10.755 s
  Update time             : 0.985 s
  Time to train epoch     : 11.740 s


Statistics:
  fps step                    : 15,487
  fps step + policy inference : 15,234
  fps total                   : 13,955
  epoch                       : 211 / 1,000
  frames                      : 34,570,240


Policy 0: saving next best rewards:  [105.47]
=> saving checkpoint 'runs/mg_C_seed2801/nn/mg_C_seed2801.pth'

Timing:
  Play time               : 10.735 s
  Update time             : 1.018 s
  Time to train epoch     : 11.754 s


Statistics:
  fps step                    : 15,505
  fps step + policy inference : 15,262
  fps total                   : 13,939
  epoch                       : 212 / 1,000
  frames                      : 34,734,080


Policy 0: saving next best rewards:  [106.11]
=> saving checkpoint 'runs/mg_C_seed2801/nn/mg_C_seed2801.pth'

Timing:
  Play time               : 10.775 s
  Update time             : 0.981 s
  Time to train epoch     : 11.756 s


Statistics:
  fps step                    : 15,451
  fps step + policy inference : 15,206
  fps total                   : 13,937
  epoch                       : 213 / 1,000
  frames                      : 34,897,920


Policy 0: saving next best rewards:  [106.58]
=> saving checkpoint 'runs/mg_C_seed2801/nn/mg_C_seed2801.pth'

Timing:
  Play time               : 10.760 s
  Update time             : 0.992 s
  Time to train epoch     : 11.751 s


Statistics:
  fps step                    : 15,472
  fps step + policy inference : 15,227
  fps total                   : 13,942
  epoch                       : 214 / 1,000
  frames                      : 35,061,760


Policy 0: saving next best rewards:  [107.94]
=> saving checkpoint 'runs/mg_C_seed2801/nn/mg_C_seed2801.pth'

Timing:
  Play time               : 10.757 s
  Update time             : 0.963 s
  Time to train epoch     : 11.720 s


Statistics:
  fps step                    : 15,476
  fps step + policy inference : 15,231
  fps total                   : 13,980
  epoch                       : 215 / 1,000
  frames                      : 35,225,600


Policy 0: saving next best rewards:  [108.88]
=> saving checkpoint 'runs/mg_C_seed2801/nn/mg_C_seed2801.pth'

Timing:
  Play time               : 10.816 s
  Update time             : 0.983 s
  Time to train epoch     : 11.799 s


Statistics:
  fps step                    : 15,398
  fps step + policy inference : 15,149
  fps total                   : 13,886
  epoch                       : 216 / 1,000
  frames                      : 35,389,440


Policy 0: saving next best rewards:  [109.65]
=> saving checkpoint 'runs/mg_C_seed2801/nn/mg_C_seed2801.pth'

Timing:
  Play time               : 10.755 s
  Update time             : 0.984 s
  Time to train epoch     : 11.739 s


Statistics:
  fps step                    : 15,481
  fps step + policy inference : 15,234
  fps total                   : 13,957
  epoch                       : 217 / 1,000
  frames                      : 35,553,280


Policy 0: saving next best rewards:  [110.83]
=> saving checkpoint 'runs/mg_C_seed2801/nn/mg_C_seed2801.pth'

Timing:
  Play time               : 10.773 s
  Update time             : 0.999 s
  Time to train epoch     : 11.771 s


Statistics:
  fps step                    : 15,455
  fps step + policy inference : 15,209
  fps total                   : 13,919
  epoch                       : 218 / 1,000
  frames                      : 35,717,120


Policy 0: 
Timing:
  Play time               : 10.773 s
  Update time             : 1.041 s
  Time to train epoch     : 11.814 s


Statistics:
  fps step                    : 15,453
  fps step + policy inference : 15,208
  fps total                   : 13,868
  epoch                       : 219 / 1,000
  frames                      : 35,880,960


Policy 0: saving next best rewards:  [111.81]
=> saving checkpoint 'runs/mg_C_seed2801/nn/mg_C_seed2801.pth'

Timing:
  Play time               : 10.748 s
  Update time             : 1.027 s
  Time to train epoch     : 11.774 s


Statistics:
  fps step                    : 15,487
  fps step + policy inference : 15,244
  fps total                   : 13,915
  epoch                       : 220 / 1,000
  frames                      : 36,044,800


Policy 0: saving next best rewards:  [112.38]
=> saving checkpoint 'runs/mg_C_seed2801/nn/mg_C_seed2801.pth'

Timing:
  Play time               : 10.790 s
  Update time             : 1.034 s
  Time to train epoch     : 11.824 s


Statistics:
  fps step                    : 15,430
  fps step + policy inference : 15,185
  fps total                   : 13,857
  epoch                       : 221 / 1,000
  frames                      : 36,208,640


Policy 0: saving next best rewards:  [113.75]
=> saving checkpoint 'runs/mg_C_seed2801/nn/mg_C_seed2801.pth'

Timing:
  Play time               : 10.765 s
  Update time             : 1.043 s
  Time to train epoch     : 11.808 s


Statistics:
  fps step                    : 15,466
  fps step + policy inference : 15,220
  fps total                   : 13,875
  epoch                       : 222 / 1,000
  frames                      : 36,372,480


Policy 0: saving next best rewards:  [114.4]
=> saving checkpoint 'runs/mg_C_seed2801/nn/mg_C_seed2801.pth'

Timing:
  Play time               : 10.734 s
  Update time             : 0.996 s
  Time to train epoch     : 11.729 s


Statistics:
  fps step                    : 15,508
  fps step + policy inference : 15,264
  fps total                   : 13,969
  epoch                       : 223 / 1,000
  frames                      : 36,536,320


Policy 0: saving next best rewards:  [115.62]
=> saving checkpoint 'runs/mg_C_seed2801/nn/mg_C_seed2801.pth'

Timing:
  Play time               : 10.749 s
  Update time             : 0.997 s
  Time to train epoch     : 11.746 s


Statistics:
  fps step                    : 15,487
  fps step + policy inference : 15,243
  fps total                   : 13,949
  epoch                       : 224 / 1,000
  frames                      : 36,700,160


Policy 0: saving next best rewards:  [115.92]
=> saving checkpoint 'runs/mg_C_seed2801/nn/mg_C_seed2801.pth'

Timing:
  Play time               : 10.792 s
  Update time             : 0.984 s
  Time to train epoch     : 11.776 s


Statistics:
  fps step                    : 15,427
  fps step + policy inference : 15,181
  fps total                   : 13,913
  epoch                       : 225 / 1,000
  frames                      : 36,864,000


Policy 0: saving next best rewards:  [117.03]
=> saving checkpoint 'runs/mg_C_seed2801/nn/mg_C_seed2801.pth'

Timing:
  Play time               : 10.785 s
  Update time             : 1.007 s
  Time to train epoch     : 11.792 s


Statistics:
  fps step                    : 15,433
  fps step + policy inference : 15,191
  fps total                   : 13,894
  epoch                       : 226 / 1,000
  frames                      : 37,027,840


Policy 0: saving next best rewards:  [118.49]
=> saving checkpoint 'runs/mg_C_seed2801/nn/mg_C_seed2801.pth'

Timing:
  Play time               : 10.818 s
  Update time             : 0.986 s
  Time to train epoch     : 11.804 s


Statistics:
  fps step                    : 15,386
  fps step + policy inference : 15,145
  fps total                   : 13,880
  epoch                       : 227 / 1,000
  frames                      : 37,191,680


Policy 0: saving next best rewards:  [118.84]
=> saving checkpoint 'runs/mg_C_seed2801/nn/mg_C_seed2801.pth'

Timing:
  Play time               : 10.818 s
  Update time             : 0.965 s
  Time to train epoch     : 11.784 s


Statistics:
  fps step                    : 15,384
  fps step + policy inference : 15,144
  fps total                   : 13,904
  epoch                       : 228 / 1,000
  frames                      : 37,355,520


Policy 0: saving next best rewards:  [120.32]
=> saving checkpoint 'runs/mg_C_seed2801/nn/mg_C_seed2801.pth'

Timing:
  Play time               : 10.824 s
  Update time             : 1.009 s
  Time to train epoch     : 11.833 s


Statistics:
  fps step                    : 15,375
  fps step + policy inference : 15,137
  fps total                   : 13,846
  epoch                       : 229 / 1,000
  frames                      : 37,519,360


Policy 0: saving next best rewards:  [121.35]
=> saving checkpoint 'runs/mg_C_seed2801/nn/mg_C_seed2801.pth'

Timing:
  Play time               : 10.879 s
  Update time             : 1.153 s
  Time to train epoch     : 12.032 s


Statistics:
  fps step                    : 15,307
  fps step + policy inference : 15,060
  fps total                   : 13,617
  epoch                       : 230 / 1,000
  frames                      : 37,683,200


Policy 0: saving next best rewards:  [123.05]
=> saving checkpoint 'runs/mg_C_seed2801/nn/mg_C_seed2801.pth'

Timing:
  Play time               : 10.897 s
  Update time             : 1.110 s
  Time to train epoch     : 12.008 s


Statistics:
  fps step                    : 15,288
  fps step + policy inference : 15,035
  fps total                   : 13,645
  epoch                       : 231 / 1,000
  frames                      : 37,847,040


Policy 0: saving next best rewards:  [124.39]
=> saving checkpoint 'runs/mg_C_seed2801/nn/mg_C_seed2801.pth'

Timing:
  Play time               : 10.849 s
  Update time             : 1.003 s
  Time to train epoch     : 11.853 s


Statistics:
  fps step                    : 15,355
  fps step + policy inference : 15,101
  fps total                   : 13,823
  epoch                       : 232 / 1,000
  frames                      : 38,010,880


Policy 0: saving next best rewards:  [125.87]
=> saving checkpoint 'runs/mg_C_seed2801/nn/mg_C_seed2801.pth'

Timing:
  Play time               : 10.868 s
  Update time             : 0.979 s
  Time to train epoch     : 11.847 s


Statistics:
  fps step                    : 15,322
  fps step + policy inference : 15,075
  fps total                   : 13,830
  epoch                       : 233 / 1,000
  frames                      : 38,174,720


Policy 0: saving next best rewards:  [127.98]
=> saving checkpoint 'runs/mg_C_seed2801/nn/mg_C_seed2801.pth'

Timing:
  Play time               : 10.776 s
  Update time             : 0.993 s
  Time to train epoch     : 11.769 s


Statistics:
  fps step                    : 15,440
  fps step + policy inference : 15,204
  fps total                   : 13,921
  epoch                       : 234 / 1,000
  frames                      : 38,338,560


Policy 0: saving next best rewards:  [130.03]
=> saving checkpoint 'runs/mg_C_seed2801/nn/mg_C_seed2801.pth'

Timing:
  Play time               : 10.816 s
  Update time             : 1.073 s
  Time to train epoch     : 11.889 s


Statistics:
  fps step                    : 15,394
  fps step + policy inference : 15,148
  fps total                   : 13,781
  epoch                       : 235 / 1,000
  frames                      : 38,502,400


Policy 0: saving next best rewards:  [131.86]
=> saving checkpoint 'runs/mg_C_seed2801/nn/mg_C_seed2801.pth'

Timing:
  Play time               : 10.778 s
  Update time             : 1.117 s
  Time to train epoch     : 11.895 s


Statistics:
  fps step                    : 15,443
  fps step + policy inference : 15,202
  fps total                   : 13,774
  epoch                       : 236 / 1,000
  frames                      : 38,666,240


Policy 0: saving next best rewards:  [133.94]
=> saving checkpoint 'runs/mg_C_seed2801/nn/mg_C_seed2801.pth'

Timing:
  Play time               : 10.809 s
  Update time             : 1.011 s
  Time to train epoch     : 11.820 s


Statistics:
  fps step                    : 15,395
  fps step + policy inference : 15,158
  fps total                   : 13,861
  epoch                       : 237 / 1,000
  frames                      : 38,830,080


Policy 0: saving next best rewards:  [135.59]
=> saving checkpoint 'runs/mg_C_seed2801/nn/mg_C_seed2801.pth'

Timing:
  Play time               : 10.782 s
  Update time             : 0.970 s
  Time to train epoch     : 11.751 s


Statistics:
  fps step                    : 15,439
  fps step + policy inference : 15,196
  fps total                   : 13,942
  epoch                       : 238 / 1,000
  frames                      : 38,993,920


Policy 0: saving next best rewards:  [137.85]
=> saving checkpoint 'runs/mg_C_seed2801/nn/mg_C_seed2801.pth'

Timing:
  Play time               : 10.824 s
  Update time             : 0.977 s
  Time to train epoch     : 11.802 s


Statistics:
  fps step                    : 15,373
  fps step + policy inference : 15,136
  fps total                   : 13,883
  epoch                       : 239 / 1,000
  frames                      : 39,157,760


Policy 0: saving next best rewards:  [140.12]
=> saving checkpoint 'runs/mg_C_seed2801/nn/mg_C_seed2801.pth'

Timing:
  Play time               : 10.807 s
  Update time             : 0.961 s
  Time to train epoch     : 11.768 s


Statistics:
  fps step                    : 15,402
  fps step + policy inference : 15,161
  fps total                   : 13,923
  epoch                       : 240 / 1,000
  frames                      : 39,321,600


Policy 0: saving next best rewards:  [142.22]
=> saving checkpoint 'runs/mg_C_seed2801/nn/mg_C_seed2801.pth'

Timing:
  Play time               : 10.757 s
  Update time             : 0.963 s
  Time to train epoch     : 11.720 s


Statistics:
  fps step                    : 15,468
  fps step + policy inference : 15,232
  fps total                   : 13,980
  epoch                       : 241 / 1,000
  frames                      : 39,485,440


Policy 0: saving next best rewards:  [144.17]
=> saving checkpoint 'runs/mg_C_seed2801/nn/mg_C_seed2801.pth'

Timing:
  Play time               : 10.754 s
  Update time             : 1.002 s
  Time to train epoch     : 11.756 s


Statistics:
  fps step                    : 15,472
  fps step + policy inference : 15,235
  fps total                   : 13,936
  epoch                       : 242 / 1,000
  frames                      : 39,649,280


Policy 0: saving next best rewards:  [146.34]
=> saving checkpoint 'runs/mg_C_seed2801/nn/mg_C_seed2801.pth'

Timing:
  Play time               : 10.756 s
  Update time             : 1.099 s
  Time to train epoch     : 11.855 s


Statistics:
  fps step                    : 15,470
  fps step + policy inference : 15,232
  fps total                   : 13,820
  epoch                       : 243 / 1,000
  frames                      : 39,813,120


Policy 0: saving next best rewards:  [148.06]
=> saving checkpoint 'runs/mg_C_seed2801/nn/mg_C_seed2801.pth'

Timing:
  Play time               : 10.758 s
  Update time             : 1.050 s
  Time to train epoch     : 11.808 s


Statistics:
  fps step                    : 15,466
  fps step + policy inference : 15,230
  fps total                   : 13,875
  epoch                       : 244 / 1,000
  frames                      : 39,976,960


Policy 0: saving next best rewards:  [150.17]
=> saving checkpoint 'runs/mg_C_seed2801/nn/mg_C_seed2801.pth'

Timing:
  Play time               : 10.777 s
  Update time             : 0.984 s
  Time to train epoch     : 11.761 s


Statistics:
  fps step                    : 15,440
  fps step + policy inference : 15,203
  fps total                   : 13,931
  epoch                       : 245 / 1,000
  frames                      : 40,140,800


Policy 0: saving next best rewards:  [151.63]
=> saving checkpoint 'runs/mg_C_seed2801/nn/mg_C_seed2801.pth'

Timing:
  Play time               : 10.760 s
  Update time             : 0.945 s
  Time to train epoch     : 11.705 s


Statistics:
  fps step                    : 15,456
  fps step + policy inference : 15,226
  fps total                   : 13,997
  epoch                       : 246 / 1,000
  frames                      : 40,304,640


Policy 0: saving next best rewards:  [153.31]
=> saving checkpoint 'runs/mg_C_seed2801/nn/mg_C_seed2801.pth'

Timing:
  Play time               : 10.729 s
  Update time             : 0.948 s
  Time to train epoch     : 11.677 s


Statistics:
  fps step                    : 15,504
  fps step + policy inference : 15,271
  fps total                   : 14,031
  epoch                       : 247 / 1,000
  frames                      : 40,468,480


Policy 0: saving next best rewards:  [155.27]
=> saving checkpoint 'runs/mg_C_seed2801/nn/mg_C_seed2801.pth'

Timing:
  Play time               : 10.772 s
  Update time             : 0.952 s
  Time to train epoch     : 11.724 s


Statistics:
  fps step                    : 15,443
  fps step + policy inference : 15,209
  fps total                   : 13,975
  epoch                       : 248 / 1,000
  frames                      : 40,632,320


Policy 0: saving next best rewards:  [157.89]
=> saving checkpoint 'runs/mg_C_seed2801/nn/mg_C_seed2801.pth'

Timing:
  Play time               : 10.746 s
  Update time             : 0.946 s
  Time to train epoch     : 11.692 s


Statistics:
  fps step                    : 15,484
  fps step + policy inference : 15,247
  fps total                   : 14,014
  epoch                       : 249 / 1,000
  frames                      : 40,796,160


Policy 0: saving next best rewards:  [160.29]
=> saving checkpoint 'runs/mg_C_seed2801/nn/mg_C_seed2801.pth'

Timing:
  Play time               : 10.739 s
  Update time             : 0.971 s
  Time to train epoch     : 11.710 s


Statistics:
  fps step                    : 15,503
  fps step + policy inference : 15,257
  fps total                   : 13,992
  epoch                       : 250 / 1,000
  frames                      : 40,960,000


Policy 0: saving next best rewards:  [163.83]
=> saving checkpoint 'runs/mg_C_seed2801/nn/mg_C_seed2801.pth'
Saved recovery checkpoint runs/mg_C_seed2801/checkpoints/epoch_000250.pth; evaluation_due=False

Timing:
  Play time               : 10.740 s
  Update time             : 0.959 s
  Time to train epoch     : 11.699 s


Statistics:
  fps step                    : 15,490
  fps step + policy inference : 15,255
  fps total                   : 14,004
  epoch                       : 251 / 1,000
  frames                      : 41,123,840


Policy 0: saving next best rewards:  [165.87]
=> saving checkpoint 'runs/mg_C_seed2801/nn/mg_C_seed2801.pth'

Timing:
  Play time               : 10.729 s
  Update time             : 0.966 s
  Time to train epoch     : 11.694 s


Statistics:
  fps step                    : 15,506
  fps step + policy inference : 15,271
  fps total                   : 14,010
  epoch                       : 252 / 1,000
  frames                      : 41,287,680


Policy 0: saving next best rewards:  [167.85]
=> saving checkpoint 'runs/mg_C_seed2801/nn/mg_C_seed2801.pth'

Timing:
  Play time               : 10.720 s
  Update time             : 0.987 s
  Time to train epoch     : 11.707 s


Statistics:
  fps step                    : 15,518
  fps step + policy inference : 15,283
  fps total                   : 13,995
  epoch                       : 253 / 1,000
  frames                      : 41,451,520


Policy 0: saving next best rewards:  [169.61]
=> saving checkpoint 'runs/mg_C_seed2801/nn/mg_C_seed2801.pth'

Timing:
  Play time               : 10.728 s
  Update time             : 1.019 s
  Time to train epoch     : 11.747 s


Statistics:
  fps step                    : 15,511
  fps step + policy inference : 15,272
  fps total                   : 13,947
  epoch                       : 254 / 1,000
  frames                      : 41,615,360


Policy 0: saving next best rewards:  [171.93]
=> saving checkpoint 'runs/mg_C_seed2801/nn/mg_C_seed2801.pth'

Timing:
  Play time               : 10.741 s
  Update time             : 1.028 s
  Time to train epoch     : 11.769 s


Statistics:
  fps step                    : 15,492
  fps step + policy inference : 15,253
  fps total                   : 13,921
  epoch                       : 255 / 1,000
  frames                      : 41,779,200


Policy 0: saving next best rewards:  [174.35]
=> saving checkpoint 'runs/mg_C_seed2801/nn/mg_C_seed2801.pth'

Timing:
  Play time               : 10.713 s
  Update time             : 1.034 s
  Time to train epoch     : 11.747 s


Statistics:
  fps step                    : 15,530
  fps step + policy inference : 15,294
  fps total                   : 13,947
  epoch                       : 256 / 1,000
  frames                      : 41,943,040


Policy 0: saving next best rewards:  [176.09]
=> saving checkpoint 'runs/mg_C_seed2801/nn/mg_C_seed2801.pth'

Timing:
  Play time               : 10.702 s
  Update time             : 0.975 s
  Time to train epoch     : 11.677 s


Statistics:
  fps step                    : 15,548
  fps step + policy inference : 15,309
  fps total                   : 14,031
  epoch                       : 257 / 1,000
  frames                      : 42,106,880


Policy 0: saving next best rewards:  [177.83]
=> saving checkpoint 'runs/mg_C_seed2801/nn/mg_C_seed2801.pth'

Timing:
  Play time               : 10.695 s
  Update time             : 0.974 s
  Time to train epoch     : 11.669 s


Statistics:
  fps step                    : 15,563
  fps step + policy inference : 15,319
  fps total                   : 14,040
  epoch                       : 258 / 1,000
  frames                      : 42,270,720


Policy 0: saving next best rewards:  [180.01]
=> saving checkpoint 'runs/mg_C_seed2801/nn/mg_C_seed2801.pth'

Timing:
  Play time               : 10.744 s
  Update time             : 0.951 s
  Time to train epoch     : 11.694 s


Statistics:
  fps step                    : 15,493
  fps step + policy inference : 15,250
  fps total                   : 14,010
  epoch                       : 259 / 1,000
  frames                      : 42,434,560


Policy 0: saving next best rewards:  [182.01]
=> saving checkpoint 'runs/mg_C_seed2801/nn/mg_C_seed2801.pth'

Timing:
  Play time               : 10.679 s
  Update time             : 0.976 s
  Time to train epoch     : 11.656 s


Statistics:
  fps step                    : 15,576
  fps step + policy inference : 15,342
  fps total                   : 14,057
  epoch                       : 260 / 1,000
  frames                      : 42,598,400


Policy 0: saving next best rewards:  [184.16]
=> saving checkpoint 'runs/mg_C_seed2801/nn/mg_C_seed2801.pth'

Timing:
  Play time               : 10.661 s
  Update time             : 0.951 s
  Time to train epoch     : 11.611 s


Statistics:
  fps step                    : 15,605
  fps step + policy inference : 15,369
  fps total                   : 14,110
  epoch                       : 261 / 1,000
  frames                      : 42,762,240


Policy 0: saving next best rewards:  [186.77]
=> saving checkpoint 'runs/mg_C_seed2801/nn/mg_C_seed2801.pth'

Timing:
  Play time               : 10.635 s
  Update time             : 0.953 s
  Time to train epoch     : 11.588 s


Statistics:
  fps step                    : 15,646
  fps step + policy inference : 15,406
  fps total                   : 14,139
  epoch                       : 262 / 1,000
  frames                      : 42,926,080


Policy 0: saving next best rewards:  [188.93]
=> saving checkpoint 'runs/mg_C_seed2801/nn/mg_C_seed2801.pth'

Timing:
  Play time               : 10.662 s
  Update time             : 0.946 s
  Time to train epoch     : 11.609 s


Statistics:
  fps step                    : 15,603
  fps step + policy inference : 15,366
  fps total                   : 14,114
  epoch                       : 263 / 1,000
  frames                      : 43,089,920


Policy 0: saving next best rewards:  [190.53]
=> saving checkpoint 'runs/mg_C_seed2801/nn/mg_C_seed2801.pth'

Timing:
  Play time               : 10.671 s
  Update time             : 0.945 s
  Time to train epoch     : 11.615 s


Statistics:
  fps step                    : 15,598
  fps step + policy inference : 15,354
  fps total                   : 14,106
  epoch                       : 264 / 1,000
  frames                      : 43,253,760


Policy 0: saving next best rewards:  [192.73]
=> saving checkpoint 'runs/mg_C_seed2801/nn/mg_C_seed2801.pth'

Timing:
  Play time               : 10.630 s
  Update time             : 0.914 s
  Time to train epoch     : 11.544 s


Statistics:
  fps step                    : 15,650
  fps step + policy inference : 15,413
  fps total                   : 14,193
  epoch                       : 265 / 1,000
  frames                      : 43,417,600


Policy 0: saving next best rewards:  [194.38]
=> saving checkpoint 'runs/mg_C_seed2801/nn/mg_C_seed2801.pth'

Timing:
  Play time               : 10.628 s
  Update time             : 0.966 s
  Time to train epoch     : 11.594 s


Statistics:
  fps step                    : 15,649
  fps step + policy inference : 15,416
  fps total                   : 14,132
  epoch                       : 266 / 1,000
  frames                      : 43,581,440


Policy 0: saving next best rewards:  [195.96]
=> saving checkpoint 'runs/mg_C_seed2801/nn/mg_C_seed2801.pth'

Timing:
  Play time               : 10.635 s
  Update time             : 0.968 s
  Time to train epoch     : 11.603 s


Statistics:
  fps step                    : 15,641
  fps step + policy inference : 15,405
  fps total                   : 14,120
  epoch                       : 267 / 1,000
  frames                      : 43,745,280


Policy 0: saving next best rewards:  [198.3]
=> saving checkpoint 'runs/mg_C_seed2801/nn/mg_C_seed2801.pth'

Timing:
  Play time               : 10.636 s
  Update time             : 1.006 s
  Time to train epoch     : 11.642 s


Statistics:
  fps step                    : 15,646
  fps step + policy inference : 15,405
  fps total                   : 14,074
  epoch                       : 268 / 1,000
  frames                      : 43,909,120


Policy 0: saving next best rewards:  [200.91]
=> saving checkpoint 'runs/mg_C_seed2801/nn/mg_C_seed2801.pth'

Timing:
  Play time               : 10.680 s
  Update time             : 0.984 s
  Time to train epoch     : 11.664 s


Statistics:
  fps step                    : 15,589
  fps step + policy inference : 15,341
  fps total                   : 14,047
  epoch                       : 269 / 1,000
  frames                      : 44,072,960


Policy 0: saving next best rewards:  [203.87]
=> saving checkpoint 'runs/mg_C_seed2801/nn/mg_C_seed2801.pth'

Timing:
  Play time               : 10.638 s
  Update time             : 0.969 s
  Time to train epoch     : 11.607 s


Statistics:
  fps step                    : 15,642
  fps step + policy inference : 15,401
  fps total                   : 14,115
  epoch                       : 270 / 1,000
  frames                      : 44,236,800


Policy 0: saving next best rewards:  [206.42]
=> saving checkpoint 'runs/mg_C_seed2801/nn/mg_C_seed2801.pth'

Timing:
  Play time               : 10.617 s
  Update time             : 0.971 s
  Time to train epoch     : 11.588 s


Statistics:
  fps step                    : 15,667
  fps step + policy inference : 15,431
  fps total                   : 14,138
  epoch                       : 271 / 1,000
  frames                      : 44,400,640


Policy 0: saving next best rewards:  [208.58]
=> saving checkpoint 'runs/mg_C_seed2801/nn/mg_C_seed2801.pth'

Timing:
  Play time               : 10.637 s
  Update time             : 0.996 s
  Time to train epoch     : 11.633 s


Statistics:
  fps step                    : 15,639
  fps step + policy inference : 15,403
  fps total                   : 14,084
  epoch                       : 272 / 1,000
  frames                      : 44,564,480


Policy 0: saving next best rewards:  [210.86]
=> saving checkpoint 'runs/mg_C_seed2801/nn/mg_C_seed2801.pth'

Timing:
  Play time               : 10.635 s
  Update time             : 0.991 s
  Time to train epoch     : 11.625 s


Statistics:
  fps step                    : 15,644
  fps step + policy inference : 15,406
  fps total                   : 14,093
  epoch                       : 273 / 1,000
  frames                      : 44,728,320


Policy 0: saving next best rewards:  [213.44]
=> saving checkpoint 'runs/mg_C_seed2801/nn/mg_C_seed2801.pth'

Timing:
  Play time               : 10.640 s
  Update time             : 0.969 s
  Time to train epoch     : 11.609 s


Statistics:
  fps step                    : 15,638
  fps step + policy inference : 15,399
  fps total                   : 14,113
  epoch                       : 274 / 1,000
  frames                      : 44,892,160


Policy 0: saving next best rewards:  [215.23]
=> saving checkpoint 'runs/mg_C_seed2801/nn/mg_C_seed2801.pth'

Timing:
  Play time               : 10.659 s
  Update time             : 0.952 s
  Time to train epoch     : 11.611 s


Statistics:
  fps step                    : 15,610
  fps step + policy inference : 15,371
  fps total                   : 14,111
  epoch                       : 275 / 1,000
  frames                      : 45,056,000


Policy 0: saving next best rewards:  [217.07]
=> saving checkpoint 'runs/mg_C_seed2801/nn/mg_C_seed2801.pth'

Timing:
  Play time               : 10.669 s
  Update time             : 0.978 s
  Time to train epoch     : 11.647 s


Statistics:
  fps step                    : 15,597
  fps step + policy inference : 15,356
  fps total                   : 14,067
  epoch                       : 276 / 1,000
  frames                      : 45,219,840


Policy 0: saving next best rewards:  [219.9]
=> saving checkpoint 'runs/mg_C_seed2801/nn/mg_C_seed2801.pth'

Timing:
  Play time               : 10.637 s
  Update time             : 0.962 s
  Time to train epoch     : 11.599 s


Statistics:
  fps step                    : 15,644
  fps step + policy inference : 15,403
  fps total                   : 14,125
  epoch                       : 277 / 1,000
  frames                      : 45,383,680


Policy 0: saving next best rewards:  [221.92]
=> saving checkpoint 'runs/mg_C_seed2801/nn/mg_C_seed2801.pth'

Timing:
  Play time               : 10.669 s
  Update time             : 0.961 s
  Time to train epoch     : 11.630 s


Statistics:
  fps step                    : 15,595
  fps step + policy inference : 15,357
  fps total                   : 14,088
  epoch                       : 278 / 1,000
  frames                      : 45,547,520


Policy 0: saving next best rewards:  [223.1]
=> saving checkpoint 'runs/mg_C_seed2801/nn/mg_C_seed2801.pth'

Timing:
  Play time               : 10.614 s
  Update time             : 0.954 s
  Time to train epoch     : 11.568 s


Statistics:
  fps step                    : 15,674
  fps step + policy inference : 15,436
  fps total                   : 14,164
  epoch                       : 279 / 1,000
  frames                      : 45,711,360


Policy 0: saving next best rewards:  [224.9]
=> saving checkpoint 'runs/mg_C_seed2801/nn/mg_C_seed2801.pth'

Timing:
  Play time               : 10.636 s
  Update time             : 0.951 s
  Time to train epoch     : 11.586 s


Statistics:
  fps step                    : 15,646
  fps step + policy inference : 15,405
  fps total                   : 14,141
  epoch                       : 280 / 1,000
  frames                      : 45,875,200


Policy 0: saving next best rewards:  [226.81]
=> saving checkpoint 'runs/mg_C_seed2801/nn/mg_C_seed2801.pth'

Timing:
  Play time               : 10.646 s
  Update time             : 0.982 s
  Time to train epoch     : 11.628 s


Statistics:
  fps step                    : 15,630
  fps step + policy inference : 15,390
  fps total                   : 14,090
  epoch                       : 281 / 1,000
  frames                      : 46,039,040


Policy 0: saving next best rewards:  [228.81]
=> saving checkpoint 'runs/mg_C_seed2801/nn/mg_C_seed2801.pth'

Timing:
  Play time               : 10.645 s
  Update time             : 1.019 s
  Time to train epoch     : 11.664 s


Statistics:
  fps step                    : 15,629
  fps step + policy inference : 15,392
  fps total                   : 14,047
  epoch                       : 282 / 1,000
  frames                      : 46,202,880


Policy 0: saving next best rewards:  [230.82]
=> saving checkpoint 'runs/mg_C_seed2801/nn/mg_C_seed2801.pth'

Timing:
  Play time               : 10.669 s
  Update time             : 1.038 s
  Time to train epoch     : 11.707 s


Statistics:
  fps step                    : 15,596
  fps step + policy inference : 15,356
  fps total                   : 13,994
  epoch                       : 283 / 1,000
  frames                      : 46,366,720


Policy 0: saving next best rewards:  [231.88]
=> saving checkpoint 'runs/mg_C_seed2801/nn/mg_C_seed2801.pth'

Timing:
  Play time               : 10.651 s
  Update time             : 0.983 s
  Time to train epoch     : 11.634 s


Statistics:
  fps step                    : 15,618
  fps step + policy inference : 15,383
  fps total                   : 14,083
  epoch                       : 284 / 1,000
  frames                      : 46,530,560


Policy 0: saving next best rewards:  [233.55]
=> saving checkpoint 'runs/mg_C_seed2801/nn/mg_C_seed2801.pth'

Timing:
  Play time               : 10.657 s
  Update time             : 0.989 s
  Time to train epoch     : 11.646 s


Statistics:
  fps step                    : 15,611
  fps step + policy inference : 15,374
  fps total                   : 14,068
  epoch                       : 285 / 1,000
  frames                      : 46,694,400


Policy 0: saving next best rewards:  [234.77]
=> saving checkpoint 'runs/mg_C_seed2801/nn/mg_C_seed2801.pth'

Timing:
  Play time               : 10.629 s
  Update time             : 0.958 s
  Time to train epoch     : 11.587 s


Statistics:
  fps step                    : 15,654
  fps step + policy inference : 15,415
  fps total                   : 14,140
  epoch                       : 286 / 1,000
  frames                      : 46,858,240


Policy 0: saving next best rewards:  [236.63]
=> saving checkpoint 'runs/mg_C_seed2801/nn/mg_C_seed2801.pth'

Timing:
  Play time               : 10.691 s
  Update time             : 0.996 s
  Time to train epoch     : 11.688 s


Statistics:
  fps step                    : 15,569
  fps step + policy inference : 15,325
  fps total                   : 14,018
  epoch                       : 287 / 1,000
  frames                      : 47,022,080


Policy 0: saving next best rewards:  [238.85]
=> saving checkpoint 'runs/mg_C_seed2801/nn/mg_C_seed2801.pth'

Timing:
  Play time               : 10.695 s
  Update time             : 0.967 s
  Time to train epoch     : 11.662 s


Statistics:
  fps step                    : 15,572
  fps step + policy inference : 15,319
  fps total                   : 14,049
  epoch                       : 288 / 1,000
  frames                      : 47,185,920


Policy 0: saving next best rewards:  [241.05]
=> saving checkpoint 'runs/mg_C_seed2801/nn/mg_C_seed2801.pth'

Timing:
  Play time               : 10.677 s
  Update time             : 0.970 s
  Time to train epoch     : 11.647 s


Statistics:
  fps step                    : 15,587
  fps step + policy inference : 15,345
  fps total                   : 14,067
  epoch                       : 289 / 1,000
  frames                      : 47,349,760


Policy 0: saving next best rewards:  [243.3]
=> saving checkpoint 'runs/mg_C_seed2801/nn/mg_C_seed2801.pth'

Timing:
  Play time               : 10.686 s
  Update time             : 0.932 s
  Time to train epoch     : 11.618 s


Statistics:
  fps step                    : 15,570
  fps step + policy inference : 15,332
  fps total                   : 14,102
  epoch                       : 290 / 1,000
  frames                      : 47,513,600


Policy 0: saving next best rewards:  [244.57]
=> saving checkpoint 'runs/mg_C_seed2801/nn/mg_C_seed2801.pth'

Timing:
  Play time               : 10.652 s
  Update time             : 0.937 s
  Time to train epoch     : 11.589 s


Statistics:
  fps step                    : 15,618
  fps step + policy inference : 15,381
  fps total                   : 14,137
  epoch                       : 291 / 1,000
  frames                      : 47,677,440


Policy 0: saving next best rewards:  [246.81]
=> saving checkpoint 'runs/mg_C_seed2801/nn/mg_C_seed2801.pth'

Timing:
  Play time               : 10.662 s
  Update time             : 0.951 s
  Time to train epoch     : 11.613 s


Statistics:
  fps step                    : 15,607
  fps step + policy inference : 15,366
  fps total                   : 14,108
  epoch                       : 292 / 1,000
  frames                      : 47,841,280


Policy 0: saving next best rewards:  [247.99]
=> saving checkpoint 'runs/mg_C_seed2801/nn/mg_C_seed2801.pth'

Timing:
  Play time               : 10.667 s
  Update time             : 0.966 s
  Time to train epoch     : 11.633 s


Statistics:
  fps step                    : 15,605
  fps step + policy inference : 15,359
  fps total                   : 14,084
  epoch                       : 293 / 1,000
  frames                      : 48,005,120


Policy 0: saving next best rewards:  [249.76]
=> saving checkpoint 'runs/mg_C_seed2801/nn/mg_C_seed2801.pth'

Timing:
  Play time               : 10.611 s
  Update time             : 1.033 s
  Time to train epoch     : 11.644 s


Statistics:
  fps step                    : 15,682
  fps step + policy inference : 15,441
  fps total                   : 14,071
  epoch                       : 294 / 1,000
  frames                      : 48,168,960


Policy 0: saving next best rewards:  [251.6]
=> saving checkpoint 'runs/mg_C_seed2801/nn/mg_C_seed2801.pth'

Timing:
  Play time               : 10.666 s
  Update time             : 1.013 s
  Time to train epoch     : 11.678 s


Statistics:
  fps step                    : 15,605
  fps step + policy inference : 15,361
  fps total                   : 14,029
  epoch                       : 295 / 1,000
  frames                      : 48,332,800


Policy 0: saving next best rewards:  [252.89]
=> saving checkpoint 'runs/mg_C_seed2801/nn/mg_C_seed2801.pth'

Timing:
  Play time               : 10.657 s
  Update time             : 0.983 s
  Time to train epoch     : 11.640 s


Statistics:
  fps step                    : 15,613
  fps step + policy inference : 15,374
  fps total                   : 14,076
  epoch                       : 296 / 1,000
  frames                      : 48,496,640


Policy 0: saving next best rewards:  [254.39]
=> saving checkpoint 'runs/mg_C_seed2801/nn/mg_C_seed2801.pth'

Timing:
  Play time               : 10.669 s
  Update time             : 0.985 s
  Time to train epoch     : 11.654 s


Statistics:
  fps step                    : 15,592
  fps step + policy inference : 15,356
  fps total                   : 14,058
  epoch                       : 297 / 1,000
  frames                      : 48,660,480


Policy 0: saving next best rewards:  [255.69]
=> saving checkpoint 'runs/mg_C_seed2801/nn/mg_C_seed2801.pth'

Timing:
  Play time               : 10.678 s
  Update time             : 1.000 s
  Time to train epoch     : 11.678 s


Statistics:
  fps step                    : 15,587
  fps step + policy inference : 15,343
  fps total                   : 14,030
  epoch                       : 298 / 1,000
  frames                      : 48,824,320


Policy 0: saving next best rewards:  [257.18]
=> saving checkpoint 'runs/mg_C_seed2801/nn/mg_C_seed2801.pth'

Timing:
  Play time               : 10.644 s
  Update time             : 0.979 s
  Time to train epoch     : 11.624 s


Statistics:
  fps step                    : 15,632
  fps step + policy inference : 15,392
  fps total                   : 14,095
  epoch                       : 299 / 1,000
  frames                      : 48,988,160


Policy 0: saving next best rewards:  [258.22]
=> saving checkpoint 'runs/mg_C_seed2801/nn/mg_C_seed2801.pth'

Timing:
  Play time               : 10.662 s
  Update time             : 0.949 s
  Time to train epoch     : 11.611 s


Statistics:
  fps step                    : 15,608
  fps step + policy inference : 15,366
  fps total                   : 14,111
  epoch                       : 300 / 1,000
  frames                      : 49,152,000


Policy 0: saving next best rewards:  [259.52]
=> saving checkpoint 'runs/mg_C_seed2801/nn/mg_C_seed2801.pth'

Timing:
  Play time               : 10.670 s
  Update time             : 0.973 s
  Time to train epoch     : 11.643 s


Statistics:
  fps step                    : 15,591
  fps step + policy inference : 15,355
  fps total                   : 14,072
  epoch                       : 301 / 1,000
  frames                      : 49,315,840


Policy 0: saving next best rewards:  [260.84]
=> saving checkpoint 'runs/mg_C_seed2801/nn/mg_C_seed2801.pth'

Timing:
  Play time               : 10.625 s
  Update time             : 0.934 s
  Time to train epoch     : 11.559 s


Statistics:
  fps step                    : 15,653
  fps step + policy inference : 15,420
  fps total                   : 14,174
  epoch                       : 302 / 1,000
  frames                      : 49,479,680


Policy 0: saving next best rewards:  [262.42]
=> saving checkpoint 'runs/mg_C_seed2801/nn/mg_C_seed2801.pth'

Timing:
  Play time               : 10.704 s
  Update time             : 0.987 s
  Time to train epoch     : 11.690 s


Statistics:
  fps step                    : 15,549
  fps step + policy inference : 15,307
  fps total                   : 14,015
  epoch                       : 303 / 1,000
  frames                      : 49,643,520


Policy 0: saving next best rewards:  [263.78]
=> saving checkpoint 'runs/mg_C_seed2801/nn/mg_C_seed2801.pth'

Timing:
  Play time               : 10.663 s
  Update time             : 0.918 s
  Time to train epoch     : 11.581 s


Statistics:
  fps step                    : 15,607
  fps step + policy inference : 15,366
  fps total                   : 14,147
  epoch                       : 304 / 1,000
  frames                      : 49,807,360


Policy 0: saving next best rewards:  [265.18]
=> saving checkpoint 'runs/mg_C_seed2801/nn/mg_C_seed2801.pth'

Timing:
  Play time               : 10.658 s
  Update time             : 0.947 s
  Time to train epoch     : 11.606 s


Statistics:
  fps step                    : 15,610
  fps step + policy inference : 15,372
  fps total                   : 14,117
  epoch                       : 305 / 1,000
  frames                      : 49,971,200


Policy 0: saving next best rewards:  [266.57]
=> saving checkpoint 'runs/mg_C_seed2801/nn/mg_C_seed2801.pth'

Timing:
  Play time               : 10.694 s
  Update time             : 0.959 s
  Time to train epoch     : 11.653 s


Statistics:
  fps step                    : 15,561
  fps step + policy inference : 15,320
  fps total                   : 14,060
  epoch                       : 306 / 1,000
  frames                      : 50,135,040


Policy 0: saving next best rewards:  [268.43]
=> saving checkpoint 'runs/mg_C_seed2801/nn/mg_C_seed2801.pth'

Timing:
  Play time               : 10.643 s
  Update time             : 0.954 s
  Time to train epoch     : 11.597 s


Statistics:
  fps step                    : 15,633
  fps step + policy inference : 15,394
  fps total                   : 14,127
  epoch                       : 307 / 1,000
  frames                      : 50,298,880


Policy 0: saving next best rewards:  [269.99]
=> saving checkpoint 'runs/mg_C_seed2801/nn/mg_C_seed2801.pth'

Timing:
  Play time               : 10.637 s
  Update time             : 0.948 s
  Time to train epoch     : 11.585 s


Statistics:
  fps step                    : 15,648
  fps step + policy inference : 15,403
  fps total                   : 14,142
  epoch                       : 308 / 1,000
  frames                      : 50,462,720


Policy 0: saving next best rewards:  [271.79]
=> saving checkpoint 'runs/mg_C_seed2801/nn/mg_C_seed2801.pth'

Timing:
  Play time               : 10.639 s
  Update time             : 0.938 s
  Time to train epoch     : 11.576 s


Statistics:
  fps step                    : 15,639
  fps step + policy inference : 15,401
  fps total                   : 14,153
  epoch                       : 309 / 1,000
  frames                      : 50,626,560


Policy 0: saving next best rewards:  [273.39]
=> saving checkpoint 'runs/mg_C_seed2801/nn/mg_C_seed2801.pth'

Timing:
  Play time               : 10.663 s
  Update time             : 0.946 s
  Time to train epoch     : 11.609 s


Statistics:
  fps step                    : 15,602
  fps step + policy inference : 15,365
  fps total                   : 14,113
  epoch                       : 310 / 1,000
  frames                      : 50,790,400


Policy 0: saving next best rewards:  [274.9]
=> saving checkpoint 'runs/mg_C_seed2801/nn/mg_C_seed2801.pth'

Timing:
  Play time               : 10.716 s
  Update time             : 0.983 s
  Time to train epoch     : 11.699 s


Statistics:
  fps step                    : 15,529
  fps step + policy inference : 15,289
  fps total                   : 14,005
  epoch                       : 311 / 1,000
  frames                      : 50,954,240


Policy 0: saving next best rewards:  [275.82]
=> saving checkpoint 'runs/mg_C_seed2801/nn/mg_C_seed2801.pth'

Timing:
  Play time               : 10.677 s
  Update time             : 1.010 s
  Time to train epoch     : 11.687 s


Statistics:
  fps step                    : 15,580
  fps step + policy inference : 15,345
  fps total                   : 14,018
  epoch                       : 312 / 1,000
  frames                      : 51,118,080


Policy 0: saving next best rewards:  [277.23]
=> saving checkpoint 'runs/mg_C_seed2801/nn/mg_C_seed2801.pth'

Timing:
  Play time               : 10.660 s
  Update time             : 1.038 s
  Time to train epoch     : 11.698 s


Statistics:
  fps step                    : 15,607
  fps step + policy inference : 15,369
  fps total                   : 14,006
  epoch                       : 313 / 1,000
  frames                      : 51,281,920


Policy 0: saving next best rewards:  [278.56]
=> saving checkpoint 'runs/mg_C_seed2801/nn/mg_C_seed2801.pth'

Timing:
  Play time               : 10.629 s
  Update time             : 0.973 s
  Time to train epoch     : 11.601 s


Statistics:
  fps step                    : 15,654
  fps step + policy inference : 15,415
  fps total                   : 14,122
  epoch                       : 314 / 1,000
  frames                      : 51,445,760


Policy 0: saving next best rewards:  [280.41]
=> saving checkpoint 'runs/mg_C_seed2801/nn/mg_C_seed2801.pth'

Timing:
  Play time               : 10.644 s
  Update time             : 1.034 s
  Time to train epoch     : 11.678 s


Statistics:
  fps step                    : 15,630
  fps step + policy inference : 15,392
  fps total                   : 14,030
  epoch                       : 315 / 1,000
  frames                      : 51,609,600


Policy 0: saving next best rewards:  [281.28]
=> saving checkpoint 'runs/mg_C_seed2801/nn/mg_C_seed2801.pth'

Timing:
  Play time               : 10.612 s
  Update time             : 0.994 s
  Time to train epoch     : 11.606 s


Statistics:
  fps step                    : 15,680
  fps step + policy inference : 15,439
  fps total                   : 14,117
  epoch                       : 316 / 1,000
  frames                      : 51,773,440


Policy 0: saving next best rewards:  [282.47]
=> saving checkpoint 'runs/mg_C_seed2801/nn/mg_C_seed2801.pth'

Timing:
  Play time               : 10.631 s
  Update time             : 0.939 s
  Time to train epoch     : 11.570 s


Statistics:
  fps step                    : 15,653
  fps step + policy inference : 15,412
  fps total                   : 14,161
  epoch                       : 317 / 1,000
  frames                      : 51,937,280


Policy 0: saving next best rewards:  [283.71]
=> saving checkpoint 'runs/mg_C_seed2801/nn/mg_C_seed2801.pth'

Timing:
  Play time               : 10.659 s
  Update time             : 0.947 s
  Time to train epoch     : 11.606 s


Statistics:
  fps step                    : 15,609
  fps step + policy inference : 15,371
  fps total                   : 14,117
  epoch                       : 318 / 1,000
  frames                      : 52,101,120


Policy 0: saving next best rewards:  [284.89]
=> saving checkpoint 'runs/mg_C_seed2801/nn/mg_C_seed2801.pth'

Timing:
  Play time               : 10.677 s
  Update time             : 0.988 s
  Time to train epoch     : 11.665 s


Statistics:
  fps step                    : 15,585
  fps step + policy inference : 15,345
  fps total                   : 14,045
  epoch                       : 319 / 1,000
  frames                      : 52,264,960


Policy 0: saving next best rewards:  [286.46]
=> saving checkpoint 'runs/mg_C_seed2801/nn/mg_C_seed2801.pth'

Timing:
  Play time               : 10.673 s
  Update time             : 0.976 s
  Time to train epoch     : 11.649 s


Statistics:
  fps step                    : 15,599
  fps step + policy inference : 15,351
  fps total                   : 14,065
  epoch                       : 320 / 1,000
  frames                      : 52,428,800


Policy 0: saving next best rewards:  [287.21]
=> saving checkpoint 'runs/mg_C_seed2801/nn/mg_C_seed2801.pth'

Timing:
  Play time               : 10.610 s
  Update time             : 0.910 s
  Time to train epoch     : 11.520 s


Statistics:
  fps step                    : 15,676
  fps step + policy inference : 15,443
  fps total                   : 14,222
  epoch                       : 321 / 1,000
  frames                      : 52,592,640


Policy 0: saving next best rewards:  [288.15]
=> saving checkpoint 'runs/mg_C_seed2801/nn/mg_C_seed2801.pth'

Timing:
  Play time               : 10.663 s
  Update time             : 0.950 s
  Time to train epoch     : 11.613 s


Statistics:
  fps step                    : 15,609
  fps step + policy inference : 15,365
  fps total                   : 14,108
  epoch                       : 322 / 1,000
  frames                      : 52,756,480


Policy 0: saving next best rewards:  [289.02]
=> saving checkpoint 'runs/mg_C_seed2801/nn/mg_C_seed2801.pth'

Timing:
  Play time               : 10.629 s
  Update time             : 0.931 s
  Time to train epoch     : 11.561 s


Statistics:
  fps step                    : 15,655
  fps step + policy inference : 15,414
  fps total                   : 14,172
  epoch                       : 323 / 1,000
  frames                      : 52,920,320


Policy 0: saving next best rewards:  [290.05]
=> saving checkpoint 'runs/mg_C_seed2801/nn/mg_C_seed2801.pth'

Timing:
  Play time               : 10.677 s
  Update time             : 0.928 s
  Time to train epoch     : 11.605 s


Statistics:
  fps step                    : 15,583
  fps step + policy inference : 15,345
  fps total                   : 14,118
  epoch                       : 324 / 1,000
  frames                      : 53,084,160


Policy 0: saving next best rewards:  [291.03]
=> saving checkpoint 'runs/mg_C_seed2801/nn/mg_C_seed2801.pth'

Timing:
  Play time               : 10.656 s
  Update time             : 0.986 s
  Time to train epoch     : 11.641 s


Statistics:
  fps step                    : 15,623
  fps step + policy inference : 15,376
  fps total                   : 14,074
  epoch                       : 325 / 1,000
  frames                      : 53,248,000


Policy 0: saving next best rewards:  [293.21]
=> saving checkpoint 'runs/mg_C_seed2801/nn/mg_C_seed2801.pth'

Timing:
  Play time               : 10.601 s
  Update time             : 0.972 s
  Time to train epoch     : 11.573 s


Statistics:
  fps step                    : 15,697
  fps step + policy inference : 15,455
  fps total                   : 14,157
  epoch                       : 326 / 1,000
  frames                      : 53,411,840


Policy 0: saving next best rewards:  [294.22]
=> saving checkpoint 'runs/mg_C_seed2801/nn/mg_C_seed2801.pth'

Timing:
  Play time               : 10.651 s
  Update time             : 0.997 s
  Time to train epoch     : 11.648 s


Statistics:
  fps step                    : 15,629
  fps step + policy inference : 15,383
  fps total                   : 14,066
  epoch                       : 327 / 1,000
  frames                      : 53,575,680


Policy 0: saving next best rewards:  [295.47]
=> saving checkpoint 'runs/mg_C_seed2801/nn/mg_C_seed2801.pth'

Timing:
  Play time               : 10.632 s
  Update time             : 0.994 s
  Time to train epoch     : 11.627 s


Statistics:
  fps step                    : 15,650
  fps step + policy inference : 15,410
  fps total                   : 14,092
  epoch                       : 328 / 1,000
  frames                      : 53,739,520


Policy 0: saving next best rewards:  [297.43]
=> saving checkpoint 'runs/mg_C_seed2801/nn/mg_C_seed2801.pth'

Timing:
  Play time               : 10.639 s
  Update time             : 1.012 s
  Time to train epoch     : 11.651 s


Statistics:
  fps step                    : 15,639
  fps step + policy inference : 15,400
  fps total                   : 14,062
  epoch                       : 329 / 1,000
  frames                      : 53,903,360


Policy 0: saving next best rewards:  [298.73]
=> saving checkpoint 'runs/mg_C_seed2801/nn/mg_C_seed2801.pth'

Timing:
  Play time               : 10.655 s
  Update time             : 1.044 s
  Time to train epoch     : 11.699 s


Statistics:
  fps step                    : 15,621
  fps step + policy inference : 15,376
  fps total                   : 14,004
  epoch                       : 330 / 1,000
  frames                      : 54,067,200


Policy 0: saving next best rewards:  [300.34]
=> saving checkpoint 'runs/mg_C_seed2801/nn/mg_C_seed2801.pth'

Timing:
  Play time               : 10.618 s
  Update time             : 0.978 s
  Time to train epoch     : 11.597 s


Statistics:
  fps step                    : 15,668
  fps step + policy inference : 15,430
  fps total                   : 14,128
  epoch                       : 331 / 1,000
  frames                      : 54,231,040


Policy 0: saving next best rewards:  [301.23]
=> saving checkpoint 'runs/mg_C_seed2801/nn/mg_C_seed2801.pth'

Timing:
  Play time               : 10.635 s
  Update time             : 0.978 s
  Time to train epoch     : 11.612 s


Statistics:
  fps step                    : 15,652
  fps step + policy inference : 15,406
  fps total                   : 14,109
  epoch                       : 332 / 1,000
  frames                      : 54,394,880


Policy 0: saving next best rewards:  [302.19]
=> saving checkpoint 'runs/mg_C_seed2801/nn/mg_C_seed2801.pth'

Timing:
  Play time               : 10.602 s
  Update time             : 0.978 s
  Time to train epoch     : 11.580 s


Statistics:
  fps step                    : 15,697
  fps step + policy inference : 15,453
  fps total                   : 14,149
  epoch                       : 333 / 1,000
  frames                      : 54,558,720


Policy 0: saving next best rewards:  [303.58]
=> saving checkpoint 'runs/mg_C_seed2801/nn/mg_C_seed2801.pth'

Timing:
  Play time               : 10.639 s
  Update time             : 0.944 s
  Time to train epoch     : 11.583 s


Statistics:
  fps step                    : 15,639
  fps step + policy inference : 15,399
  fps total                   : 14,145
  epoch                       : 334 / 1,000
  frames                      : 54,722,560


Policy 0: saving next best rewards:  [304.17]
=> saving checkpoint 'runs/mg_C_seed2801/nn/mg_C_seed2801.pth'

Timing:
  Play time               : 10.607 s
  Update time             : 0.944 s
  Time to train epoch     : 11.551 s


Statistics:
  fps step                    : 15,687
  fps step + policy inference : 15,447
  fps total                   : 14,185
  epoch                       : 335 / 1,000
  frames                      : 54,886,400


Policy 0: saving next best rewards:  [304.64]
=> saving checkpoint 'runs/mg_C_seed2801/nn/mg_C_seed2801.pth'

Timing:
  Play time               : 10.611 s
  Update time             : 0.941 s
  Time to train epoch     : 11.552 s


Statistics:
  fps step                    : 15,681
  fps step + policy inference : 15,441
  fps total                   : 14,183
  epoch                       : 336 / 1,000
  frames                      : 55,050,240


Policy 0: saving next best rewards:  [305.45]
=> saving checkpoint 'runs/mg_C_seed2801/nn/mg_C_seed2801.pth'

Timing:
  Play time               : 10.649 s
  Update time             : 0.948 s
  Time to train epoch     : 11.597 s


Statistics:
  fps step                    : 15,636
  fps step + policy inference : 15,386
  fps total                   : 14,128
  epoch                       : 337 / 1,000
  frames                      : 55,214,080


Policy 0: saving next best rewards:  [306.43]
=> saving checkpoint 'runs/mg_C_seed2801/nn/mg_C_seed2801.pth'

Timing:
  Play time               : 10.629 s
  Update time             : 0.940 s
  Time to train epoch     : 11.570 s


Statistics:
  fps step                    : 15,654
  fps step + policy inference : 15,414
  fps total                   : 14,161
  epoch                       : 338 / 1,000
  frames                      : 55,377,920


Policy 0: saving next best rewards:  [306.98]
=> saving checkpoint 'runs/mg_C_seed2801/nn/mg_C_seed2801.pth'

Timing:
  Play time               : 10.622 s
  Update time             : 0.969 s
  Time to train epoch     : 11.591 s


Statistics:
  fps step                    : 15,664
  fps step + policy inference : 15,424
  fps total                   : 14,135
  epoch                       : 339 / 1,000
  frames                      : 55,541,760


Policy 0: saving next best rewards:  [308.16]
=> saving checkpoint 'runs/mg_C_seed2801/nn/mg_C_seed2801.pth'

Timing:
  Play time               : 10.630 s
  Update time             : 0.974 s
  Time to train epoch     : 11.604 s


Statistics:
  fps step                    : 15,646
  fps step + policy inference : 15,413
  fps total                   : 14,119
  epoch                       : 340 / 1,000
  frames                      : 55,705,600


Policy 0: saving next best rewards:  [308.44]
=> saving checkpoint 'runs/mg_C_seed2801/nn/mg_C_seed2801.pth'

Timing:
  Play time               : 10.570 s
  Update time             : 0.998 s
  Time to train epoch     : 11.568 s


Statistics:
  fps step                    : 15,741
  fps step + policy inference : 15,500
  fps total                   : 14,163
  epoch                       : 341 / 1,000
  frames                      : 55,869,440


Policy 0: saving next best rewards:  [309.42]
=> saving checkpoint 'runs/mg_C_seed2801/nn/mg_C_seed2801.pth'

Timing:
  Play time               : 10.610 s
  Update time             : 1.040 s
  Time to train epoch     : 11.650 s


Statistics:
  fps step                    : 15,687
  fps step + policy inference : 15,442
  fps total                   : 14,063
  epoch                       : 342 / 1,000
  frames                      : 56,033,280


Policy 0: saving next best rewards:  [310.37]
=> saving checkpoint 'runs/mg_C_seed2801/nn/mg_C_seed2801.pth'

Timing:
  Play time               : 10.569 s
  Update time             : 0.997 s
  Time to train epoch     : 11.566 s


Statistics:
  fps step                    : 15,749
  fps step + policy inference : 15,502
  fps total                   : 14,166
  epoch                       : 343 / 1,000
  frames                      : 56,197,120


Policy 0: saving next best rewards:  [311.33]
=> saving checkpoint 'runs/mg_C_seed2801/nn/mg_C_seed2801.pth'

Timing:
  Play time               : 10.633 s
  Update time             : 1.015 s
  Time to train epoch     : 11.648 s


Statistics:
  fps step                    : 15,655
  fps step + policy inference : 15,408
  fps total                   : 14,066
  epoch                       : 344 / 1,000
  frames                      : 56,360,960


Policy 0: saving next best rewards:  [312.65]
=> saving checkpoint 'runs/mg_C_seed2801/nn/mg_C_seed2801.pth'

Timing:
  Play time               : 10.588 s
  Update time             : 0.996 s
  Time to train epoch     : 11.584 s


Statistics:
  fps step                    : 15,717
  fps step + policy inference : 15,474
  fps total                   : 14,143
  epoch                       : 345 / 1,000
  frames                      : 56,524,800


Policy 0: saving next best rewards:  [313.49]
=> saving checkpoint 'runs/mg_C_seed2801/nn/mg_C_seed2801.pth'

Timing:
  Play time               : 10.604 s
  Update time             : 0.973 s
  Time to train epoch     : 11.577 s


Statistics:
  fps step                    : 15,690
  fps step + policy inference : 15,451
  fps total                   : 14,152
  epoch                       : 346 / 1,000
  frames                      : 56,688,640


Policy 0: saving next best rewards:  [314.42]
=> saving checkpoint 'runs/mg_C_seed2801/nn/mg_C_seed2801.pth'

Timing:
  Play time               : 10.582 s
  Update time             : 0.933 s
  Time to train epoch     : 11.515 s


Statistics:
  fps step                    : 15,727
  fps step + policy inference : 15,483
  fps total                   : 14,228
  epoch                       : 347 / 1,000
  frames                      : 56,852,480


Policy 0: saving next best rewards:  [315.97]
=> saving checkpoint 'runs/mg_C_seed2801/nn/mg_C_seed2801.pth'

Timing:
  Play time               : 10.596 s
  Update time             : 0.945 s
  Time to train epoch     : 11.540 s


Statistics:
  fps step                    : 15,707
  fps step + policy inference : 15,463
  fps total                   : 14,197
  epoch                       : 348 / 1,000
  frames                      : 57,016,320


Policy 0: saving next best rewards:  [317.62]
=> saving checkpoint 'runs/mg_C_seed2801/nn/mg_C_seed2801.pth'

Timing:
  Play time               : 10.573 s
  Update time             : 0.969 s
  Time to train epoch     : 11.542 s


Statistics:
  fps step                    : 15,742
  fps step + policy inference : 15,496
  fps total                   : 14,195
  epoch                       : 349 / 1,000
  frames                      : 57,180,160


Policy 0: saving next best rewards:  [318.22]
=> saving checkpoint 'runs/mg_C_seed2801/nn/mg_C_seed2801.pth'

Timing:
  Play time               : 10.629 s
  Update time             : 0.943 s
  Time to train epoch     : 11.572 s


Statistics:
  fps step                    : 15,655
  fps step + policy inference : 15,414
  fps total                   : 14,158
  epoch                       : 350 / 1,000
  frames                      : 57,344,000


Policy 0: saving next best rewards:  [318.98]
=> saving checkpoint 'runs/mg_C_seed2801/nn/mg_C_seed2801.pth'

Timing:
  Play time               : 10.614 s
  Update time             : 0.952 s
  Time to train epoch     : 11.566 s


Statistics:
  fps step                    : 15,682
  fps step + policy inference : 15,436
  fps total                   : 14,165
  epoch                       : 351 / 1,000
  frames                      : 57,507,840


Policy 0: saving next best rewards:  [320.63]
=> saving checkpoint 'runs/mg_C_seed2801/nn/mg_C_seed2801.pth'

Timing:
  Play time               : 10.613 s
  Update time             : 0.955 s
  Time to train epoch     : 11.568 s


Statistics:
  fps step                    : 15,680
  fps step + policy inference : 15,438
  fps total                   : 14,164
  epoch                       : 352 / 1,000
  frames                      : 57,671,680


Policy 0: saving next best rewards:  [321.64]
=> saving checkpoint 'runs/mg_C_seed2801/nn/mg_C_seed2801.pth'

Timing:
  Play time               : 10.674 s
  Update time             : 0.949 s
  Time to train epoch     : 11.623 s


Statistics:
  fps step                    : 15,588
  fps step + policy inference : 15,349
  fps total                   : 14,096
  epoch                       : 353 / 1,000
  frames                      : 57,835,520


Policy 0: saving next best rewards:  [322.27]
=> saving checkpoint 'runs/mg_C_seed2801/nn/mg_C_seed2801.pth'

Timing:
  Play time               : 10.605 s
  Update time             : 0.943 s
  Time to train epoch     : 11.548 s


Statistics:
  fps step                    : 15,688
  fps step + policy inference : 15,449
  fps total                   : 14,187
  epoch                       : 354 / 1,000
  frames                      : 57,999,360


Policy 0: saving next best rewards:  [323.13]
=> saving checkpoint 'runs/mg_C_seed2801/nn/mg_C_seed2801.pth'

Timing:
  Play time               : 10.603 s
  Update time             : 0.985 s
  Time to train epoch     : 11.588 s


Statistics:
  fps step                    : 15,696
  fps step + policy inference : 15,452
  fps total                   : 14,138
  epoch                       : 355 / 1,000
  frames                      : 58,163,200


Policy 0: saving next best rewards:  [324.06]
=> saving checkpoint 'runs/mg_C_seed2801/nn/mg_C_seed2801.pth'

Timing:
  Play time               : 10.620 s
  Update time             : 1.025 s
  Time to train epoch     : 11.645 s


Statistics:
  fps step                    : 15,675
  fps step + policy inference : 15,427
  fps total                   : 14,070
  epoch                       : 356 / 1,000
  frames                      : 58,327,040


Policy 0: saving next best rewards:  [325.5]
=> saving checkpoint 'runs/mg_C_seed2801/nn/mg_C_seed2801.pth'

Timing:
  Play time               : 10.616 s
  Update time             : 0.973 s
  Time to train epoch     : 11.589 s


Statistics:
  fps step                    : 15,675
  fps step + policy inference : 15,434
  fps total                   : 14,138
  epoch                       : 357 / 1,000
  frames                      : 58,490,880


Policy 0: saving next best rewards:  [326.16]
=> saving checkpoint 'runs/mg_C_seed2801/nn/mg_C_seed2801.pth'

Timing:
  Play time               : 10.619 s
  Update time             : 1.011 s
  Time to train epoch     : 11.630 s


Statistics:
  fps step                    : 15,668
  fps step + policy inference : 15,429
  fps total                   : 14,088
  epoch                       : 358 / 1,000
  frames                      : 58,654,720


Policy 0: saving next best rewards:  [326.82]
=> saving checkpoint 'runs/mg_C_seed2801/nn/mg_C_seed2801.pth'

Timing:
  Play time               : 10.597 s
  Update time             : 1.000 s
  Time to train epoch     : 11.597 s


Statistics:
  fps step                    : 15,699
  fps step + policy inference : 15,460
  fps total                   : 14,127
  epoch                       : 359 / 1,000
  frames                      : 58,818,560


Policy 0: saving next best rewards:  [327.88]
=> saving checkpoint 'runs/mg_C_seed2801/nn/mg_C_seed2801.pth'

Timing:
  Play time               : 10.617 s
  Update time             : 0.984 s
  Time to train epoch     : 11.601 s


Statistics:
  fps step                    : 15,670
  fps step + policy inference : 15,432
  fps total                   : 14,123
  epoch                       : 360 / 1,000
  frames                      : 58,982,400


Policy 0: saving next best rewards:  [328.15]
=> saving checkpoint 'runs/mg_C_seed2801/nn/mg_C_seed2801.pth'

Timing:
  Play time               : 10.648 s
  Update time             : 0.957 s
  Time to train epoch     : 11.605 s


Statistics:
  fps step                    : 15,632
  fps step + policy inference : 15,387
  fps total                   : 14,118
  epoch                       : 361 / 1,000
  frames                      : 59,146,240


Policy 0: saving next best rewards:  [329.32]
=> saving checkpoint 'runs/mg_C_seed2801/nn/mg_C_seed2801.pth'

Timing:
  Play time               : 10.568 s
  Update time             : 0.952 s
  Time to train epoch     : 11.520 s


Statistics:
  fps step                    : 15,750
  fps step + policy inference : 15,503
  fps total                   : 14,222
  epoch                       : 362 / 1,000
  frames                      : 59,310,080


Policy 0: saving next best rewards:  [330.38]
=> saving checkpoint 'runs/mg_C_seed2801/nn/mg_C_seed2801.pth'

Timing:
  Play time               : 10.610 s
  Update time             : 0.956 s
  Time to train epoch     : 11.565 s


Statistics:
  fps step                    : 15,695
  fps step + policy inference : 15,443
  fps total                   : 14,166
  epoch                       : 363 / 1,000
  frames                      : 59,473,920


Policy 0: saving next best rewards:  [330.88]
=> saving checkpoint 'runs/mg_C_seed2801/nn/mg_C_seed2801.pth'

Timing:
  Play time               : 10.596 s
  Update time             : 0.956 s
  Time to train epoch     : 11.552 s


Statistics:
  fps step                    : 15,708
  fps step + policy inference : 15,463
  fps total                   : 14,183
  epoch                       : 364 / 1,000
  frames                      : 59,637,760


Policy 0: saving next best rewards:  [331.71]
=> saving checkpoint 'runs/mg_C_seed2801/nn/mg_C_seed2801.pth'

Timing:
  Play time               : 10.577 s
  Update time             : 0.961 s
  Time to train epoch     : 11.538 s


Statistics:
  fps step                    : 15,733
  fps step + policy inference : 15,490
  fps total                   : 14,200
  epoch                       : 365 / 1,000
  frames                      : 59,801,600


Policy 0: saving next best rewards:  [332.42]
=> saving checkpoint 'runs/mg_C_seed2801/nn/mg_C_seed2801.pth'

Timing:
  Play time               : 10.627 s
  Update time             : 0.925 s
  Time to train epoch     : 11.553 s


Statistics:
  fps step                    : 15,661
  fps step + policy inference : 15,417
  fps total                   : 14,182
  epoch                       : 366 / 1,000
  frames                      : 59,965,440


Policy 0: saving next best rewards:  [333.69]
=> saving checkpoint 'runs/mg_C_seed2801/nn/mg_C_seed2801.pth'

Timing:
  Play time               : 10.588 s
  Update time             : 0.944 s
  Time to train epoch     : 11.532 s


Statistics:
  fps step                    : 15,719
  fps step + policy inference : 15,475
  fps total                   : 14,208
  epoch                       : 367 / 1,000
  frames                      : 60,129,280


Policy 0: saving next best rewards:  [335.16]
=> saving checkpoint 'runs/mg_C_seed2801/nn/mg_C_seed2801.pth'

Timing:
  Play time               : 10.589 s
  Update time             : 0.951 s
  Time to train epoch     : 11.540 s


Statistics:
  fps step                    : 15,713
  fps step + policy inference : 15,473
  fps total                   : 14,198
  epoch                       : 368 / 1,000
  frames                      : 60,293,120


Policy 0: saving next best rewards:  [335.61]
=> saving checkpoint 'runs/mg_C_seed2801/nn/mg_C_seed2801.pth'

Timing:
  Play time               : 10.569 s
  Update time             : 0.946 s
  Time to train epoch     : 11.515 s


Statistics:
  fps step                    : 15,742
  fps step + policy inference : 15,501
  fps total                   : 14,228
  epoch                       : 369 / 1,000
  frames                      : 60,456,960


Policy 0: saving next best rewards:  [336.08]
=> saving checkpoint 'runs/mg_C_seed2801/nn/mg_C_seed2801.pth'

Timing:
  Play time               : 10.576 s
  Update time             : 0.966 s
  Time to train epoch     : 11.542 s


Statistics:
  fps step                    : 15,735
  fps step + policy inference : 15,492
  fps total                   : 14,195
  epoch                       : 370 / 1,000
  frames                      : 60,620,800


Policy 0: saving next best rewards:  [336.35]
=> saving checkpoint 'runs/mg_C_seed2801/nn/mg_C_seed2801.pth'

Timing:
  Play time               : 10.633 s
  Update time             : 0.954 s
  Time to train epoch     : 11.587 s


Statistics:
  fps step                    : 15,654
  fps step + policy inference : 15,409
  fps total                   : 14,140
  epoch                       : 371 / 1,000
  frames                      : 60,784,640


Policy 0: saving next best rewards:  [336.76]
=> saving checkpoint 'runs/mg_C_seed2801/nn/mg_C_seed2801.pth'

Timing:
  Play time               : 10.584 s
  Update time             : 0.973 s
  Time to train epoch     : 11.557 s


Statistics:
  fps step                    : 15,720
  fps step + policy inference : 15,480
  fps total                   : 14,177
  epoch                       : 372 / 1,000
  frames                      : 60,948,480


Policy 0: saving next best rewards:  [337.31]
=> saving checkpoint 'runs/mg_C_seed2801/nn/mg_C_seed2801.pth'

Timing:
  Play time               : 10.578 s
  Update time             : 1.066 s
  Time to train epoch     : 11.644 s


Statistics:
  fps step                    : 15,728
  fps step + policy inference : 15,488
  fps total                   : 14,071
  epoch                       : 373 / 1,000
  frames                      : 61,112,320


Policy 0: saving next best rewards:  [337.52]
=> saving checkpoint 'runs/mg_C_seed2801/nn/mg_C_seed2801.pth'

Timing:
  Play time               : 10.586 s
  Update time             : 0.987 s
  Time to train epoch     : 11.573 s


Statistics:
  fps step                    : 15,716
  fps step + policy inference : 15,477
  fps total                   : 14,158
  epoch                       : 374 / 1,000
  frames                      : 61,276,160


Policy 0: saving next best rewards:  [338.08]
=> saving checkpoint 'runs/mg_C_seed2801/nn/mg_C_seed2801.pth'

Timing:
  Play time               : 10.593 s
  Update time             : 1.000 s
  Time to train epoch     : 11.592 s


Statistics:
  fps step                    : 15,709
  fps step + policy inference : 15,467
  fps total                   : 14,133
  epoch                       : 375 / 1,000
  frames                      : 61,440,000


Policy 0: saving next best rewards:  [338.47]
=> saving checkpoint 'runs/mg_C_seed2801/nn/mg_C_seed2801.pth'

Timing:
  Play time               : 10.647 s
  Update time             : 1.041 s
  Time to train epoch     : 11.688 s


Statistics:
  fps step                    : 15,631
  fps step + policy inference : 15,388
  fps total                   : 14,018
  epoch                       : 376 / 1,000
  frames                      : 61,603,840


Policy 0: saving next best rewards:  [338.71]
=> saving checkpoint 'runs/mg_C_seed2801/nn/mg_C_seed2801.pth'

Timing:
  Play time               : 10.617 s
  Update time             : 0.928 s
  Time to train epoch     : 11.545 s


Statistics:
  fps step                    : 15,664
  fps step + policy inference : 15,432
  fps total                   : 14,191
  epoch                       : 377 / 1,000
  frames                      : 61,767,680


Policy 0: saving next best rewards:  [339.47]
=> saving checkpoint 'runs/mg_C_seed2801/nn/mg_C_seed2801.pth'

Timing:
  Play time               : 10.628 s
  Update time             : 0.958 s
  Time to train epoch     : 11.585 s


Statistics:
  fps step                    : 15,654
  fps step + policy inference : 15,416
  fps total                   : 14,142
  epoch                       : 378 / 1,000
  frames                      : 61,931,520


Policy 0: saving next best rewards:  [339.48]
=> saving checkpoint 'runs/mg_C_seed2801/nn/mg_C_seed2801.pth'

Timing:
  Play time               : 10.633 s
  Update time             : 0.950 s
  Time to train epoch     : 11.583 s


Statistics:
  fps step                    : 15,644
  fps step + policy inference : 15,408
  fps total                   : 14,145
  epoch                       : 379 / 1,000
  frames                      : 62,095,360


Policy 0: saving next best rewards:  [339.58]
=> saving checkpoint 'runs/mg_C_seed2801/nn/mg_C_seed2801.pth'

Timing:
  Play time               : 10.584 s
  Update time             : 0.925 s
  Time to train epoch     : 11.509 s


Statistics:
  fps step                    : 15,718
  fps step + policy inference : 15,480
  fps total                   : 14,236
  epoch                       : 380 / 1,000
  frames                      : 62,259,200


Policy 0: saving next best rewards:  [340.35]
=> saving checkpoint 'runs/mg_C_seed2801/nn/mg_C_seed2801.pth'

Timing:
  Play time               : 10.661 s
  Update time             : 0.959 s
  Time to train epoch     : 11.620 s


Statistics:
  fps step                    : 15,618
  fps step + policy inference : 15,369
  fps total                   : 14,100
  epoch                       : 381 / 1,000
  frames                      : 62,423,040


Policy 0: saving next best rewards:  [341.32]
=> saving checkpoint 'runs/mg_C_seed2801/nn/mg_C_seed2801.pth'

Timing:
  Play time               : 10.634 s
  Update time             : 0.962 s
  Time to train epoch     : 11.596 s


Statistics:
  fps step                    : 15,652
  fps step + policy inference : 15,407
  fps total                   : 14,129
  epoch                       : 382 / 1,000
  frames                      : 62,586,880


Policy 0: saving next best rewards:  [342.23]
=> saving checkpoint 'runs/mg_C_seed2801/nn/mg_C_seed2801.pth'

Timing:
  Play time               : 10.600 s
  Update time             : 0.940 s
  Time to train epoch     : 11.540 s


Statistics:
  fps step                    : 15,699
  fps step + policy inference : 15,457
  fps total                   : 14,197
  epoch                       : 383 / 1,000
  frames                      : 62,750,720


Policy 0: saving next best rewards:  [342.72]
=> saving checkpoint 'runs/mg_C_seed2801/nn/mg_C_seed2801.pth'

Timing:
  Play time               : 10.617 s
  Update time             : 0.941 s
  Time to train epoch     : 11.558 s


Statistics:
  fps step                    : 15,669
  fps step + policy inference : 15,431
  fps total                   : 14,175
  epoch                       : 384 / 1,000
  frames                      : 62,914,560


Policy 0: saving next best rewards:  [343.46]
=> saving checkpoint 'runs/mg_C_seed2801/nn/mg_C_seed2801.pth'

Timing:
  Play time               : 10.618 s
  Update time             : 0.929 s
  Time to train epoch     : 11.547 s


Statistics:
  fps step                    : 15,666
  fps step + policy inference : 15,431
  fps total                   : 14,189
  epoch                       : 385 / 1,000
  frames                      : 63,078,400


Policy 0: 
Timing:
  Play time               : 10.610 s
  Update time             : 0.953 s
  Time to train epoch     : 11.563 s


Statistics:
  fps step                    : 15,691
  fps step + policy inference : 15,442
  fps total                   : 14,170
  epoch                       : 386 / 1,000
  frames                      : 63,242,240


Policy 0: saving next best rewards:  [343.91]
=> saving checkpoint 'runs/mg_C_seed2801/nn/mg_C_seed2801.pth'

Timing:
  Play time               : 10.601 s
  Update time             : 0.964 s
  Time to train epoch     : 11.565 s


Statistics:
  fps step                    : 15,696
  fps step + policy inference : 15,456
  fps total                   : 14,167
  epoch                       : 387 / 1,000
  frames                      : 63,406,080


Policy 0: saving next best rewards:  [344.2]
=> saving checkpoint 'runs/mg_C_seed2801/nn/mg_C_seed2801.pth'

Timing:
  Play time               : 10.551 s
  Update time             : 0.980 s
  Time to train epoch     : 11.531 s


Statistics:
  fps step                    : 15,772
  fps step + policy inference : 15,529
  fps total                   : 14,209
  epoch                       : 388 / 1,000
  frames                      : 63,569,920


Policy 0: saving next best rewards:  [344.3]
=> saving checkpoint 'runs/mg_C_seed2801/nn/mg_C_seed2801.pth'

Timing:
  Play time               : 10.592 s
  Update time             : 1.016 s
  Time to train epoch     : 11.608 s


Statistics:
  fps step                    : 15,715
  fps step + policy inference : 15,468
  fps total                   : 14,115
  epoch                       : 389 / 1,000
  frames                      : 63,733,760


Policy 0: saving next best rewards:  [345.47]
=> saving checkpoint 'runs/mg_C_seed2801/nn/mg_C_seed2801.pth'

Timing:
  Play time               : 10.590 s
  Update time             : 1.001 s
  Time to train epoch     : 11.591 s


Statistics:
  fps step                    : 15,716
  fps step + policy inference : 15,472
  fps total                   : 14,135
  epoch                       : 390 / 1,000
  frames                      : 63,897,600


Policy 0: saving next best rewards:  [346.2]
=> saving checkpoint 'runs/mg_C_seed2801/nn/mg_C_seed2801.pth'

Timing:
  Play time               : 10.606 s
  Update time             : 0.996 s
  Time to train epoch     : 11.602 s


Statistics:
  fps step                    : 15,693
  fps step + policy inference : 15,448
  fps total                   : 14,121
  epoch                       : 391 / 1,000
  frames                      : 64,061,440


Policy 0: saving next best rewards:  [346.84]
=> saving checkpoint 'runs/mg_C_seed2801/nn/mg_C_seed2801.pth'

Timing:
  Play time               : 10.580 s
  Update time             : 0.968 s
  Time to train epoch     : 11.547 s


Statistics:
  fps step                    : 15,727
  fps step + policy inference : 15,486
  fps total                   : 14,188
  epoch                       : 392 / 1,000
  frames                      : 64,225,280


Policy 0: saving next best rewards:  [347.28]
=> saving checkpoint 'runs/mg_C_seed2801/nn/mg_C_seed2801.pth'

Timing:
  Play time               : 10.570 s
  Update time             : 0.966 s
  Time to train epoch     : 11.535 s


Statistics:
  fps step                    : 15,743
  fps step + policy inference : 15,501
  fps total                   : 14,204
  epoch                       : 393 / 1,000
  frames                      : 64,389,120


Policy 0: saving next best rewards:  [347.34]
=> saving checkpoint 'runs/mg_C_seed2801/nn/mg_C_seed2801.pth'

Timing:
  Play time               : 10.522 s
  Update time             : 1.002 s
  Time to train epoch     : 11.525 s


Statistics:
  fps step                    : 15,819
  fps step + policy inference : 15,571
  fps total                   : 14,216
  epoch                       : 394 / 1,000
  frames                      : 64,552,960


Policy 0: saving next best rewards:  [347.9]
=> saving checkpoint 'runs/mg_C_seed2801/nn/mg_C_seed2801.pth'

Timing:
  Play time               : 10.585 s
  Update time             : 0.969 s
  Time to train epoch     : 11.554 s


Statistics:
  fps step                    : 15,726
  fps step + policy inference : 15,478
  fps total                   : 14,180
  epoch                       : 395 / 1,000
  frames                      : 64,716,800


Policy 0: saving next best rewards:  [348.07]
=> saving checkpoint 'runs/mg_C_seed2801/nn/mg_C_seed2801.pth'

Timing:
  Play time               : 10.570 s
  Update time             : 0.922 s
  Time to train epoch     : 11.492 s


Statistics:
  fps step                    : 15,741
  fps step + policy inference : 15,501
  fps total                   : 14,257
  epoch                       : 396 / 1,000
  frames                      : 64,880,640


Policy 0: saving next best rewards:  [348.35]
=> saving checkpoint 'runs/mg_C_seed2801/nn/mg_C_seed2801.pth'

Timing:
  Play time               : 10.559 s
  Update time             : 0.941 s
  Time to train epoch     : 11.500 s


Statistics:
  fps step                    : 15,759
  fps step + policy inference : 15,516
  fps total                   : 14,247
  epoch                       : 397 / 1,000
  frames                      : 65,044,480


Policy 0: saving next best rewards:  [348.52]
=> saving checkpoint 'runs/mg_C_seed2801/nn/mg_C_seed2801.pth'

Timing:
  Play time               : 10.540 s
  Update time             : 0.941 s
  Time to train epoch     : 11.480 s


Statistics:
  fps step                    : 15,790
  fps step + policy inference : 15,545
  fps total                   : 14,271
  epoch                       : 398 / 1,000
  frames                      : 65,208,320


Policy 0: saving next best rewards:  [348.97]
=> saving checkpoint 'runs/mg_C_seed2801/nn/mg_C_seed2801.pth'

Timing:
  Play time               : 10.586 s
  Update time             : 0.939 s
  Time to train epoch     : 11.525 s


Statistics:
  fps step                    : 15,720
  fps step + policy inference : 15,477
  fps total                   : 14,216
  epoch                       : 399 / 1,000
  frames                      : 65,372,160


Policy 0: saving next best rewards:  [349.4]
=> saving checkpoint 'runs/mg_C_seed2801/nn/mg_C_seed2801.pth'

Timing:
  Play time               : 10.585 s
  Update time             : 0.972 s
  Time to train epoch     : 11.557 s


Statistics:
  fps step                    : 15,735
  fps step + policy inference : 15,479
  fps total                   : 14,176
  epoch                       : 400 / 1,000
  frames                      : 65,536,000


Policy 0: saving next best rewards:  [350.6]
=> saving checkpoint 'runs/mg_C_seed2801/nn/mg_C_seed2801.pth'

Timing:
  Play time               : 10.570 s
  Update time             : 0.968 s
  Time to train epoch     : 11.537 s


Statistics:
  fps step                    : 15,747
  fps step + policy inference : 15,501
  fps total                   : 14,201
  epoch                       : 401 / 1,000
  frames                      : 65,699,840


Policy 0: saving next best rewards:  [350.73]
=> saving checkpoint 'runs/mg_C_seed2801/nn/mg_C_seed2801.pth'

Timing:
  Play time               : 10.532 s
  Update time             : 0.946 s
  Time to train epoch     : 11.478 s


Statistics:
  fps step                    : 15,802
  fps step + policy inference : 15,556
  fps total                   : 14,274
  epoch                       : 402 / 1,000
  frames                      : 65,863,680


Policy 0: saving next best rewards:  [351.1]
=> saving checkpoint 'runs/mg_C_seed2801/nn/mg_C_seed2801.pth'

Timing:
  Play time               : 10.549 s
  Update time             : 0.952 s
  Time to train epoch     : 11.501 s


Statistics:
  fps step                    : 15,774
  fps step + policy inference : 15,531
  fps total                   : 14,245
  epoch                       : 403 / 1,000
  frames                      : 66,027,520


Policy 0: saving next best rewards:  [351.31]
=> saving checkpoint 'runs/mg_C_seed2801/nn/mg_C_seed2801.pth'

Timing:
  Play time               : 10.602 s
  Update time             : 0.977 s
  Time to train epoch     : 11.579 s


Statistics:
  fps step                    : 15,691
  fps step + policy inference : 15,453
  fps total                   : 14,150
  epoch                       : 404 / 1,000
  frames                      : 66,191,360


Policy 0: saving next best rewards:  [352.13]
=> saving checkpoint 'runs/mg_C_seed2801/nn/mg_C_seed2801.pth'

Timing:
  Play time               : 10.583 s
  Update time             : 1.021 s
  Time to train epoch     : 11.604 s


Statistics:
  fps step                    : 15,734
  fps step + policy inference : 15,482
  fps total                   : 14,119
  epoch                       : 405 / 1,000
  frames                      : 66,355,200


Policy 0: saving next best rewards:  [352.7]
=> saving checkpoint 'runs/mg_C_seed2801/nn/mg_C_seed2801.pth'

Timing:
  Play time               : 10.540 s
  Update time             : 1.017 s
  Time to train epoch     : 11.557 s


Statistics:
  fps step                    : 15,785
  fps step + policy inference : 15,545
  fps total                   : 14,177
  epoch                       : 406 / 1,000
  frames                      : 66,519,040


Policy 0: saving next best rewards:  [353.02]
=> saving checkpoint 'runs/mg_C_seed2801/nn/mg_C_seed2801.pth'

Timing:
  Play time               : 10.585 s
  Update time             : 0.984 s
  Time to train epoch     : 11.569 s


Statistics:
  fps step                    : 15,721
  fps step + policy inference : 15,478
  fps total                   : 14,161
  epoch                       : 407 / 1,000
  frames                      : 66,682,880


Policy 0: saving next best rewards:  [353.39]
=> saving checkpoint 'runs/mg_C_seed2801/nn/mg_C_seed2801.pth'

Timing:
  Play time               : 10.542 s
  Update time             : 0.994 s
  Time to train epoch     : 11.536 s


Statistics:
  fps step                    : 15,787
  fps step + policy inference : 15,542
  fps total                   : 14,203
  epoch                       : 408 / 1,000
  frames                      : 66,846,720


Policy 0: saving next best rewards:  [353.82]
=> saving checkpoint 'runs/mg_C_seed2801/nn/mg_C_seed2801.pth'

Timing:
  Play time               : 10.534 s
  Update time             : 0.976 s
  Time to train epoch     : 11.510 s


Statistics:
  fps step                    : 15,800
  fps step + policy inference : 15,554
  fps total                   : 14,235
  epoch                       : 409 / 1,000
  frames                      : 67,010,560


Policy 0: saving next best rewards:  [354.03]
=> saving checkpoint 'runs/mg_C_seed2801/nn/mg_C_seed2801.pth'

Timing:
  Play time               : 10.600 s
  Update time             : 0.967 s
  Time to train epoch     : 11.567 s


Statistics:
  fps step                    : 15,703
  fps step + policy inference : 15,457
  fps total                   : 14,165
  epoch                       : 410 / 1,000
  frames                      : 67,174,400


Policy 0: saving next best rewards:  [354.57]
=> saving checkpoint 'runs/mg_C_seed2801/nn/mg_C_seed2801.pth'

Timing:
  Play time               : 10.555 s
  Update time             : 0.965 s
  Time to train epoch     : 11.521 s


Statistics:
  fps step                    : 15,764
  fps step + policy inference : 15,522
  fps total                   : 14,222
  epoch                       : 411 / 1,000
  frames                      : 67,338,240


Policy 0: 
Timing:
  Play time               : 10.544 s
  Update time             : 0.958 s
  Time to train epoch     : 11.502 s


Statistics:
  fps step                    : 15,787
  fps step + policy inference : 15,539
  fps total                   : 14,245
  epoch                       : 412 / 1,000
  frames                      : 67,502,080


Policy 0: saving next best rewards:  [355.28]
=> saving checkpoint 'runs/mg_C_seed2801/nn/mg_C_seed2801.pth'

Timing:
  Play time               : 10.549 s
  Update time             : 0.957 s
  Time to train epoch     : 11.506 s


Statistics:
  fps step                    : 15,774
  fps step + policy inference : 15,531
  fps total                   : 14,239
  epoch                       : 413 / 1,000
  frames                      : 67,665,920


Policy 0: saving next best rewards:  [355.94]
=> saving checkpoint 'runs/mg_C_seed2801/nn/mg_C_seed2801.pth'

Timing:
  Play time               : 10.576 s
  Update time             : 0.966 s
  Time to train epoch     : 11.542 s


Statistics:
  fps step                    : 15,734
  fps step + policy inference : 15,491
  fps total                   : 14,195
  epoch                       : 414 / 1,000
  frames                      : 67,829,760


Policy 0: saving next best rewards:  [356.22]
=> saving checkpoint 'runs/mg_C_seed2801/nn/mg_C_seed2801.pth'

Timing:
  Play time               : 10.613 s
  Update time             : 0.937 s
  Time to train epoch     : 11.550 s


Statistics:
  fps step                    : 15,678
  fps step + policy inference : 15,437
  fps total                   : 14,185
  epoch                       : 415 / 1,000
  frames                      : 67,993,600


Policy 0: saving next best rewards:  [356.74]
=> saving checkpoint 'runs/mg_C_seed2801/nn/mg_C_seed2801.pth'

Timing:
  Play time               : 10.560 s
  Update time             : 0.944 s
  Time to train epoch     : 11.504 s


Statistics:
  fps step                    : 15,757
  fps step + policy inference : 15,515
  fps total                   : 14,242
  epoch                       : 416 / 1,000
  frames                      : 68,157,440


Policy 0: saving next best rewards:  [357.09]
=> saving checkpoint 'runs/mg_C_seed2801/nn/mg_C_seed2801.pth'

Timing:
  Play time               : 10.524 s
  Update time             : 0.930 s
  Time to train epoch     : 11.454 s


Statistics:
  fps step                    : 15,812
  fps step + policy inference : 15,568
  fps total                   : 14,304
  epoch                       : 417 / 1,000
  frames                      : 68,321,280


Policy 0: saving next best rewards:  [358.09]
=> saving checkpoint 'runs/mg_C_seed2801/nn/mg_C_seed2801.pth'

Timing:
  Play time               : 10.573 s
  Update time             : 0.995 s
  Time to train epoch     : 11.568 s


Statistics:
  fps step                    : 15,739
  fps step + policy inference : 15,496
  fps total                   : 14,163
  epoch                       : 418 / 1,000
  frames                      : 68,485,120


Policy 0: 
Timing:
  Play time               : 10.602 s
  Update time             : 0.969 s
  Time to train epoch     : 11.571 s


Statistics:
  fps step                    : 15,703
  fps step + policy inference : 15,453
  fps total                   : 14,159
  epoch                       : 419 / 1,000
  frames                      : 68,648,960


Policy 0: 
Timing:
  Play time               : 10.648 s
  Update time             : 0.946 s
  Time to train epoch     : 11.594 s


Statistics:
  fps step                    : 15,632
  fps step + policy inference : 15,386
  fps total                   : 14,131
  epoch                       : 420 / 1,000
  frames                      : 68,812,800


Policy 0: saving next best rewards:  [358.18]
=> saving checkpoint 'runs/mg_C_seed2801/nn/mg_C_seed2801.pth'

Timing:
  Play time               : 10.557 s
  Update time             : 0.946 s
  Time to train epoch     : 11.502 s


Statistics:
  fps step                    : 15,761
  fps step + policy inference : 15,520
  fps total                   : 14,244
  epoch                       : 421 / 1,000
  frames                      : 68,976,640


Policy 0: saving next best rewards:  [358.4]
=> saving checkpoint 'runs/mg_C_seed2801/nn/mg_C_seed2801.pth'

Timing:
  Play time               : 10.574 s
  Update time             : 0.929 s
  Time to train epoch     : 11.503 s


Statistics:
  fps step                    : 15,736
  fps step + policy inference : 15,495
  fps total                   : 14,243
  epoch                       : 422 / 1,000
  frames                      : 69,140,480


Policy 0: saving next best rewards:  [358.68]
=> saving checkpoint 'runs/mg_C_seed2801/nn/mg_C_seed2801.pth'

Timing:
  Play time               : 10.550 s
  Update time             : 0.979 s
  Time to train epoch     : 11.529 s


Statistics:
  fps step                    : 15,771
  fps step + policy inference : 15,530
  fps total                   : 14,211
  epoch                       : 423 / 1,000
  frames                      : 69,304,320


Policy 0: saving next best rewards:  [358.89]
=> saving checkpoint 'runs/mg_C_seed2801/nn/mg_C_seed2801.pth'

Timing:
  Play time               : 10.581 s
  Update time             : 1.011 s
  Time to train epoch     : 11.592 s


Statistics:
  fps step                    : 15,729
  fps step + policy inference : 15,484
  fps total                   : 14,134
  epoch                       : 424 / 1,000
  frames                      : 69,468,160


Policy 0: saving next best rewards:  [359.35]
=> saving checkpoint 'runs/mg_C_seed2801/nn/mg_C_seed2801.pth'

Timing:
  Play time               : 10.581 s
  Update time             : 0.972 s
  Time to train epoch     : 11.553 s


Statistics:
  fps step                    : 15,731
  fps step + policy inference : 15,485
  fps total                   : 14,182
  epoch                       : 425 / 1,000
  frames                      : 69,632,000


Policy 0: saving next best rewards:  [360.14]
=> saving checkpoint 'runs/mg_C_seed2801/nn/mg_C_seed2801.pth'

Timing:
  Play time               : 10.540 s
  Update time             : 1.033 s
  Time to train epoch     : 11.573 s


Statistics:
  fps step                    : 15,792
  fps step + policy inference : 15,544
  fps total                   : 14,157
  epoch                       : 426 / 1,000
  frames                      : 69,795,840


Policy 0: saving next best rewards:  [361.09]
=> saving checkpoint 'runs/mg_C_seed2801/nn/mg_C_seed2801.pth'

Timing:
  Play time               : 10.548 s
  Update time             : 1.007 s
  Time to train epoch     : 11.555 s


Statistics:
  fps step                    : 15,779
  fps step + policy inference : 15,533
  fps total                   : 14,179
  epoch                       : 427 / 1,000
  frames                      : 69,959,680


Policy 0: saving next best rewards:  [361.79]
=> saving checkpoint 'runs/mg_C_seed2801/nn/mg_C_seed2801.pth'

Timing:
  Play time               : 10.543 s
  Update time             : 1.009 s
  Time to train epoch     : 11.553 s


Statistics:
  fps step                    : 15,781
  fps step + policy inference : 15,540
  fps total                   : 14,182
  epoch                       : 428 / 1,000
  frames                      : 70,123,520


Policy 0: saving next best rewards:  [362.12]
=> saving checkpoint 'runs/mg_C_seed2801/nn/mg_C_seed2801.pth'

Timing:
  Play time               : 10.603 s
  Update time             : 0.997 s
  Time to train epoch     : 11.600 s


Statistics:
  fps step                    : 15,692
  fps step + policy inference : 15,453
  fps total                   : 14,125
  epoch                       : 429 / 1,000
  frames                      : 70,287,360


Policy 0: saving next best rewards:  [362.66]
=> saving checkpoint 'runs/mg_C_seed2801/nn/mg_C_seed2801.pth'

Timing:
  Play time               : 10.612 s
  Update time             : 0.966 s
  Time to train epoch     : 11.578 s


Statistics:
  fps step                    : 15,682
  fps step + policy inference : 15,439
  fps total                   : 14,151
  epoch                       : 430 / 1,000
  frames                      : 70,451,200


Policy 0: saving next best rewards:  [363.14]
=> saving checkpoint 'runs/mg_C_seed2801/nn/mg_C_seed2801.pth'

Timing:
  Play time               : 10.534 s
  Update time             : 0.934 s
  Time to train epoch     : 11.468 s


Statistics:
  fps step                    : 15,795
  fps step + policy inference : 15,553
  fps total                   : 14,286
  epoch                       : 431 / 1,000
  frames                      : 70,615,040


Policy 0: saving next best rewards:  [363.41]
=> saving checkpoint 'runs/mg_C_seed2801/nn/mg_C_seed2801.pth'

Timing:
  Play time               : 10.553 s
  Update time             : 0.960 s
  Time to train epoch     : 11.513 s


Statistics:
  fps step                    : 15,770
  fps step + policy inference : 15,526
  fps total                   : 14,231
  epoch                       : 432 / 1,000
  frames                      : 70,778,880


Policy 0: saving next best rewards:  [363.84]
=> saving checkpoint 'runs/mg_C_seed2801/nn/mg_C_seed2801.pth'

Timing:
  Play time               : 10.522 s
  Update time             : 0.928 s
  Time to train epoch     : 11.451 s


Statistics:
  fps step                    : 15,811
  fps step + policy inference : 15,571
  fps total                   : 14,308
  epoch                       : 433 / 1,000
  frames                      : 70,942,720


Policy 0: saving next best rewards:  [364.25]
=> saving checkpoint 'runs/mg_C_seed2801/nn/mg_C_seed2801.pth'

Timing:
  Play time               : 10.552 s
  Update time             : 0.914 s
  Time to train epoch     : 11.466 s


Statistics:
  fps step                    : 15,768
  fps step + policy inference : 15,526
  fps total                   : 14,289
  epoch                       : 434 / 1,000
  frames                      : 71,106,560


Policy 0: saving next best rewards:  [364.67]
=> saving checkpoint 'runs/mg_C_seed2801/nn/mg_C_seed2801.pth'

Timing:
  Play time               : 10.569 s
  Update time             : 0.933 s
  Time to train epoch     : 11.502 s


Statistics:
  fps step                    : 15,742
  fps step + policy inference : 15,502
  fps total                   : 14,245
  epoch                       : 435 / 1,000
  frames                      : 71,270,400


Policy 0: saving next best rewards:  [364.82]
=> saving checkpoint 'runs/mg_C_seed2801/nn/mg_C_seed2801.pth'

Timing:
  Play time               : 10.555 s
  Update time             : 0.954 s
  Time to train epoch     : 11.509 s


Statistics:
  fps step                    : 15,763
  fps step + policy inference : 15,522
  fps total                   : 14,236
  epoch                       : 436 / 1,000
  frames                      : 71,434,240


Policy 0: saving next best rewards:  [366.]
=> saving checkpoint 'runs/mg_C_seed2801/nn/mg_C_seed2801.pth'

Timing:
  Play time               : 10.571 s
  Update time             : 0.955 s
  Time to train epoch     : 11.526 s


Statistics:
  fps step                    : 15,749
  fps step + policy inference : 15,499
  fps total                   : 14,215
  epoch                       : 437 / 1,000
  frames                      : 71,598,080


Policy 0: saving next best rewards:  [366.92]
=> saving checkpoint 'runs/mg_C_seed2801/nn/mg_C_seed2801.pth'

Timing:
  Play time               : 10.543 s
  Update time             : 0.942 s
  Time to train epoch     : 11.485 s


Statistics:
  fps step                    : 15,785
  fps step + policy inference : 15,540
  fps total                   : 14,266
  epoch                       : 438 / 1,000
  frames                      : 71,761,920


Policy 0: saving next best rewards:  [368.11]
=> saving checkpoint 'runs/mg_C_seed2801/nn/mg_C_seed2801.pth'

Timing:
  Play time               : 10.566 s
  Update time             : 0.947 s
  Time to train epoch     : 11.513 s


Statistics:
  fps step                    : 15,753
  fps step + policy inference : 15,506
  fps total                   : 14,231
  epoch                       : 439 / 1,000
  frames                      : 71,925,760


Policy 0: saving next best rewards:  [368.65]
=> saving checkpoint 'runs/mg_C_seed2801/nn/mg_C_seed2801.pth'

Timing:
  Play time               : 10.524 s
  Update time             : 0.983 s
  Time to train epoch     : 11.507 s


Statistics:
  fps step                    : 15,810
  fps step + policy inference : 15,568
  fps total                   : 14,238
  epoch                       : 440 / 1,000
  frames                      : 72,089,600


Policy 0: saving next best rewards:  [369.45]
=> saving checkpoint 'runs/mg_C_seed2801/nn/mg_C_seed2801.pth'

Timing:
  Play time               : 10.501 s
  Update time             : 1.000 s
  Time to train epoch     : 11.501 s


Statistics:
  fps step                    : 15,843
  fps step + policy inference : 15,602
  fps total                   : 14,246
  epoch                       : 441 / 1,000
  frames                      : 72,253,440


Policy 0: 
Timing:
  Play time               : 10.544 s
  Update time             : 1.017 s
  Time to train epoch     : 11.561 s


Statistics:
  fps step                    : 15,785
  fps step + policy inference : 15,538
  fps total                   : 14,171
  epoch                       : 442 / 1,000
  frames                      : 72,417,280


Policy 0: saving next best rewards:  [369.85]
=> saving checkpoint 'runs/mg_C_seed2801/nn/mg_C_seed2801.pth'

Timing:
  Play time               : 10.536 s
  Update time             : 1.063 s
  Time to train epoch     : 11.599 s


Statistics:
  fps step                    : 15,793
  fps step + policy inference : 15,551
  fps total                   : 14,126
  epoch                       : 443 / 1,000
  frames                      : 72,581,120


Policy 0: saving next best rewards:  [370.4]
=> saving checkpoint 'runs/mg_C_seed2801/nn/mg_C_seed2801.pth'

Timing:
  Play time               : 10.548 s
  Update time             : 0.990 s
  Time to train epoch     : 11.537 s


Statistics:
  fps step                    : 15,789
  fps step + policy inference : 15,533
  fps total                   : 14,201
  epoch                       : 444 / 1,000
  frames                      : 72,744,960


Policy 0: saving next best rewards:  [371.17]
=> saving checkpoint 'runs/mg_C_seed2801/nn/mg_C_seed2801.pth'

Timing:
  Play time               : 10.531 s
  Update time             : 0.970 s
  Time to train epoch     : 11.501 s


Statistics:
  fps step                    : 15,803
  fps step + policy inference : 15,558
  fps total                   : 14,245
  epoch                       : 445 / 1,000
  frames                      : 72,908,800


Policy 0: saving next best rewards:  [371.79]
=> saving checkpoint 'runs/mg_C_seed2801/nn/mg_C_seed2801.pth'

Timing:
  Play time               : 10.510 s
  Update time             : 0.956 s
  Time to train epoch     : 11.466 s


Statistics:
  fps step                    : 15,834
  fps step + policy inference : 15,589
  fps total                   : 14,289
  epoch                       : 446 / 1,000
  frames                      : 73,072,640


Policy 0: 
Timing:
  Play time               : 10.502 s
  Update time             : 0.947 s
  Time to train epoch     : 11.449 s


Statistics:
  fps step                    : 15,844
  fps step + policy inference : 15,601
  fps total                   : 14,311
  epoch                       : 447 / 1,000
  frames                      : 73,236,480


Policy 0: 
Timing:
  Play time               : 10.507 s
  Update time             : 0.947 s
  Time to train epoch     : 11.454 s


Statistics:
  fps step                    : 15,837
  fps step + policy inference : 15,594
  fps total                   : 14,304
  epoch                       : 448 / 1,000
  frames                      : 73,400,320


Policy 0: 
Timing:
  Play time               : 10.540 s
  Update time             : 0.951 s
  Time to train epoch     : 11.491 s


Statistics:
  fps step                    : 15,794
  fps step + policy inference : 15,545
  fps total                   : 14,259
  epoch                       : 449 / 1,000
  frames                      : 73,564,160


Policy 0: saving next best rewards:  [372.02]
=> saving checkpoint 'runs/mg_C_seed2801/nn/mg_C_seed2801.pth'

Timing:
  Play time               : 10.518 s
  Update time             : 0.970 s
  Time to train epoch     : 11.488 s


Statistics:
  fps step                    : 15,822
  fps step + policy inference : 15,577
  fps total                   : 14,261
  epoch                       : 450 / 1,000
  frames                      : 73,728,000


Policy 0: 
Timing:
  Play time               : 10.490 s
  Update time             : 0.958 s
  Time to train epoch     : 11.448 s


Statistics:
  fps step                    : 15,862
  fps step + policy inference : 15,619
  fps total                   : 14,312
  epoch                       : 451 / 1,000
  frames                      : 73,891,840


Policy 0: 
Timing:
  Play time               : 10.519 s
  Update time             : 0.916 s
  Time to train epoch     : 11.435 s


Statistics:
  fps step                    : 15,811
  fps step + policy inference : 15,576
  fps total                   : 14,328
  epoch                       : 452 / 1,000
  frames                      : 74,055,680


Policy 0: saving next best rewards:  [372.09]
=> saving checkpoint 'runs/mg_C_seed2801/nn/mg_C_seed2801.pth'

Timing:
  Play time               : 10.505 s
  Update time             : 0.935 s
  Time to train epoch     : 11.439 s


Statistics:
  fps step                    : 15,840
  fps step + policy inference : 15,597
  fps total                   : 14,323
  epoch                       : 453 / 1,000
  frames                      : 74,219,520


Policy 0: saving next best rewards:  [372.83]
=> saving checkpoint 'runs/mg_C_seed2801/nn/mg_C_seed2801.pth'

Timing:
  Play time               : 10.555 s
  Update time             : 0.929 s
  Time to train epoch     : 11.483 s


Statistics:
  fps step                    : 15,769
  fps step + policy inference : 15,523
  fps total                   : 14,267
  epoch                       : 454 / 1,000
  frames                      : 74,383,360


Policy 0: 
Timing:
  Play time               : 10.512 s
  Update time             : 0.927 s
  Time to train epoch     : 11.439 s


Statistics:
  fps step                    : 15,827
  fps step + policy inference : 15,587
  fps total                   : 14,323
  epoch                       : 455 / 1,000
  frames                      : 74,547,200


Policy 0: 
Timing:
  Play time               : 10.542 s
  Update time             : 1.004 s
  Time to train epoch     : 11.546 s


Statistics:
  fps step                    : 15,789
  fps step + policy inference : 15,542
  fps total                   : 14,191
  epoch                       : 456 / 1,000
  frames                      : 74,711,040


Policy 0: saving next best rewards:  [374.05]
=> saving checkpoint 'runs/mg_C_seed2801/nn/mg_C_seed2801.pth'

Timing:
  Play time               : 10.536 s
  Update time             : 0.990 s
  Time to train epoch     : 11.526 s


Statistics:
  fps step                    : 15,796
  fps step + policy inference : 15,550
  fps total                   : 14,214
  epoch                       : 457 / 1,000
  frames                      : 74,874,880


Policy 0: saving next best rewards:  [374.11]
=> saving checkpoint 'runs/mg_C_seed2801/nn/mg_C_seed2801.pth'

Timing:
  Play time               : 10.498 s
  Update time             : 0.982 s
  Time to train epoch     : 11.480 s


Statistics:
  fps step                    : 15,853
  fps step + policy inference : 15,606
  fps total                   : 14,271
  epoch                       : 458 / 1,000
  frames                      : 75,038,720


Policy 0: 
Timing:
  Play time               : 10.524 s
  Update time             : 0.991 s
  Time to train epoch     : 11.515 s


Statistics:
  fps step                    : 15,818
  fps step + policy inference : 15,569
  fps total                   : 14,228
  epoch                       : 459 / 1,000
  frames                      : 75,202,560


Policy 0: saving next best rewards:  [374.59]
=> saving checkpoint 'runs/mg_C_seed2801/nn/mg_C_seed2801.pth'

Timing:
  Play time               : 10.486 s
  Update time             : 1.024 s
  Time to train epoch     : 11.510 s


Statistics:
  fps step                    : 15,867
  fps step + policy inference : 15,624
  fps total                   : 14,234
  epoch                       : 460 / 1,000
  frames                      : 75,366,400


Policy 0: saving next best rewards:  [375.05]
=> saving checkpoint 'runs/mg_C_seed2801/nn/mg_C_seed2801.pth'

Timing:
  Play time               : 10.523 s
  Update time             : 1.011 s
  Time to train epoch     : 11.535 s


Statistics:
  fps step                    : 15,819
  fps step + policy inference : 15,569
  fps total                   : 14,204
  epoch                       : 461 / 1,000
  frames                      : 75,530,240


Policy 0: 
Timing:
  Play time               : 10.492 s
  Update time             : 0.959 s
  Time to train epoch     : 11.450 s


Statistics:
  fps step                    : 15,858
  fps step + policy inference : 15,616
  fps total                   : 14,309
  epoch                       : 462 / 1,000
  frames                      : 75,694,080


Policy 0: saving next best rewards:  [375.49]
=> saving checkpoint 'runs/mg_C_seed2801/nn/mg_C_seed2801.pth'

Timing:
  Play time               : 10.485 s
  Update time             : 0.966 s
  Time to train epoch     : 11.451 s


Statistics:
  fps step                    : 15,870
  fps step + policy inference : 15,626
  fps total                   : 14,307
  epoch                       : 463 / 1,000
  frames                      : 75,857,920


Policy 0: saving next best rewards:  [375.75]
=> saving checkpoint 'runs/mg_C_seed2801/nn/mg_C_seed2801.pth'

Timing:
  Play time               : 10.500 s
  Update time             : 0.957 s
  Time to train epoch     : 11.457 s


Statistics:
  fps step                    : 15,855
  fps step + policy inference : 15,605
  fps total                   : 14,301
  epoch                       : 464 / 1,000
  frames                      : 76,021,760


Policy 0: saving next best rewards:  [376.18]
=> saving checkpoint 'runs/mg_C_seed2801/nn/mg_C_seed2801.pth'

Timing:
  Play time               : 10.491 s
  Update time             : 0.938 s
  Time to train epoch     : 11.429 s


Statistics:
  fps step                    : 15,862
  fps step + policy inference : 15,617
  fps total                   : 14,336
  epoch                       : 465 / 1,000
  frames                      : 76,185,600


Policy 0: saving next best rewards:  [376.77]
=> saving checkpoint 'runs/mg_C_seed2801/nn/mg_C_seed2801.pth'

Timing:
  Play time               : 10.504 s
  Update time             : 0.952 s
  Time to train epoch     : 11.456 s


Statistics:
  fps step                    : 15,844
  fps step + policy inference : 15,597
  fps total                   : 14,301
  epoch                       : 466 / 1,000
  frames                      : 76,349,440


Policy 0: saving next best rewards:  [377.41]
=> saving checkpoint 'runs/mg_C_seed2801/nn/mg_C_seed2801.pth'

Timing:
  Play time               : 10.516 s
  Update time             : 0.928 s
  Time to train epoch     : 11.444 s


Statistics:
  fps step                    : 15,825
  fps step + policy inference : 15,580
  fps total                   : 14,316
  epoch                       : 467 / 1,000
  frames                      : 76,513,280


Policy 0: 
Timing:
  Play time               : 10.550 s
  Update time             : 0.953 s
  Time to train epoch     : 11.503 s


Statistics:
  fps step                    : 15,773
  fps step + policy inference : 15,530
  fps total                   : 14,244
  epoch                       : 468 / 1,000
  frames                      : 76,677,120


Policy 0: saving next best rewards:  [377.69]
=> saving checkpoint 'runs/mg_C_seed2801/nn/mg_C_seed2801.pth'

Timing:
  Play time               : 10.520 s
  Update time             : 0.953 s
  Time to train epoch     : 11.472 s


Statistics:
  fps step                    : 15,824
  fps step + policy inference : 15,575
  fps total                   : 14,281
  epoch                       : 469 / 1,000
  frames                      : 76,840,960


Policy 0: saving next best rewards:  [378.24]
=> saving checkpoint 'runs/mg_C_seed2801/nn/mg_C_seed2801.pth'

Timing:
  Play time               : 10.485 s
  Update time             : 0.964 s
  Time to train epoch     : 11.448 s


Statistics:
  fps step                    : 15,872
  fps step + policy inference : 15,627
  fps total                   : 14,311
  epoch                       : 470 / 1,000
  frames                      : 77,004,800


Policy 0: 
Timing:
  Play time               : 10.479 s
  Update time             : 0.951 s
  Time to train epoch     : 11.430 s


Statistics:
  fps step                    : 15,877
  fps step + policy inference : 15,635
  fps total                   : 14,334
  epoch                       : 471 / 1,000
  frames                      : 77,168,640


Policy 0: 
Timing:
  Play time               : 10.472 s
  Update time             : 0.945 s
  Time to train epoch     : 11.418 s


Statistics:
  fps step                    : 15,889
  fps step + policy inference : 15,645
  fps total                   : 14,350
  epoch                       : 472 / 1,000
  frames                      : 77,332,480


Policy 0: 
Timing:
  Play time               : 10.483 s
  Update time             : 0.953 s
  Time to train epoch     : 11.436 s


Statistics:
  fps step                    : 15,872
  fps step + policy inference : 15,629
  fps total                   : 14,327
  epoch                       : 473 / 1,000
  frames                      : 77,496,320


Policy 0: 
Timing:
  Play time               : 10.504 s
  Update time             : 1.004 s
  Time to train epoch     : 11.509 s


Statistics:
  fps step                    : 15,847
  fps step + policy inference : 15,597
  fps total                   : 14,236
  epoch                       : 474 / 1,000
  frames                      : 77,660,160


Policy 0: 
Timing:
  Play time               : 10.518 s
  Update time             : 1.047 s
  Time to train epoch     : 11.565 s


Statistics:
  fps step                    : 15,831
  fps step + policy inference : 15,578
  fps total                   : 14,167
  epoch                       : 475 / 1,000
  frames                      : 77,824,000


Policy 0: saving next best rewards:  [378.33]
=> saving checkpoint 'runs/mg_C_seed2801/nn/mg_C_seed2801.pth'

Timing:
  Play time               : 10.491 s
  Update time             : 1.008 s
  Time to train epoch     : 11.499 s


Statistics:
  fps step                    : 15,866
  fps step + policy inference : 15,617
  fps total                   : 14,248
  epoch                       : 476 / 1,000
  frames                      : 77,987,840


Policy 0: 
Timing:
  Play time               : 10.476 s
  Update time             : 0.972 s
  Time to train epoch     : 11.448 s


Statistics:
  fps step                    : 15,885
  fps step + policy inference : 15,640
  fps total                   : 14,311
  epoch                       : 477 / 1,000
  frames                      : 78,151,680


Policy 0: saving next best rewards:  [378.76]
=> saving checkpoint 'runs/mg_C_seed2801/nn/mg_C_seed2801.pth'

Timing:
  Play time               : 10.470 s
  Update time             : 0.991 s
  Time to train epoch     : 11.461 s


Statistics:
  fps step                    : 15,894
  fps step + policy inference : 15,648
  fps total                   : 14,296
  epoch                       : 478 / 1,000
  frames                      : 78,315,520


Policy 0: saving next best rewards:  [379.79]
=> saving checkpoint 'runs/mg_C_seed2801/nn/mg_C_seed2801.pth'

Timing:
  Play time               : 10.475 s
  Update time             : 0.977 s
  Time to train epoch     : 11.452 s


Statistics:
  fps step                    : 15,891
  fps step + policy inference : 15,641
  fps total                   : 14,307
  epoch                       : 479 / 1,000
  frames                      : 78,479,360


Policy 0: saving next best rewards:  [380.47]
=> saving checkpoint 'runs/mg_C_seed2801/nn/mg_C_seed2801.pth'

Timing:
  Play time               : 10.499 s
  Update time             : 0.972 s
  Time to train epoch     : 11.470 s


Statistics:
  fps step                    : 15,856
  fps step + policy inference : 15,606
  fps total                   : 14,284
  epoch                       : 480 / 1,000
  frames                      : 78,643,200


Policy 0: saving next best rewards:  [380.62]
=> saving checkpoint 'runs/mg_C_seed2801/nn/mg_C_seed2801.pth'

Timing:
  Play time               : 10.498 s
  Update time             : 0.945 s
  Time to train epoch     : 11.443 s


Statistics:
  fps step                    : 15,851
  fps step + policy inference : 15,607
  fps total                   : 14,317
  epoch                       : 481 / 1,000
  frames                      : 78,807,040


Policy 0: saving next best rewards:  [380.77]
=> saving checkpoint 'runs/mg_C_seed2801/nn/mg_C_seed2801.pth'

Timing:
  Play time               : 10.489 s
  Update time             : 0.941 s
  Time to train epoch     : 11.429 s


Statistics:
  fps step                    : 15,868
  fps step + policy inference : 15,621
  fps total                   : 14,335
  epoch                       : 482 / 1,000
  frames                      : 78,970,880


Policy 0: saving next best rewards:  [380.97]
=> saving checkpoint 'runs/mg_C_seed2801/nn/mg_C_seed2801.pth'

Timing:
  Play time               : 10.470 s
  Update time             : 0.956 s
  Time to train epoch     : 11.426 s


Statistics:
  fps step                    : 15,899
  fps step + policy inference : 15,649
  fps total                   : 14,340
  epoch                       : 483 / 1,000
  frames                      : 79,134,720


Policy 0: saving next best rewards:  [381.23]
=> saving checkpoint 'runs/mg_C_seed2801/nn/mg_C_seed2801.pth'

Timing:
  Play time               : 10.485 s
  Update time             : 1.009 s
  Time to train epoch     : 11.494 s


Statistics:
  fps step                    : 15,880
  fps step + policy inference : 15,626
  fps total                   : 14,254
  epoch                       : 484 / 1,000
  frames                      : 79,298,560


Policy 0: saving next best rewards:  [381.28]
=> saving checkpoint 'runs/mg_C_seed2801/nn/mg_C_seed2801.pth'

Timing:
  Play time               : 10.465 s
  Update time             : 0.927 s
  Time to train epoch     : 11.392 s


Statistics:
  fps step                    : 15,901
  fps step + policy inference : 15,656
  fps total                   : 14,382
  epoch                       : 485 / 1,000
  frames                      : 79,462,400


Policy 0: 
Timing:
  Play time               : 10.495 s
  Update time             : 0.941 s
  Time to train epoch     : 11.436 s


Statistics:
  fps step                    : 15,855
  fps step + policy inference : 15,611
  fps total                   : 14,326
  epoch                       : 486 / 1,000
  frames                      : 79,626,240


Policy 0: saving next best rewards:  [381.7]
=> saving checkpoint 'runs/mg_C_seed2801/nn/mg_C_seed2801.pth'

Timing:
  Play time               : 10.488 s
  Update time             : 0.982 s
  Time to train epoch     : 11.471 s


Statistics:
  fps step                    : 15,870
  fps step + policy inference : 15,621
  fps total                   : 14,283
  epoch                       : 487 / 1,000
  frames                      : 79,790,080


Policy 0: saving next best rewards:  [382.37]
=> saving checkpoint 'runs/mg_C_seed2801/nn/mg_C_seed2801.pth'

Timing:
  Play time               : 10.478 s
  Update time             : 0.936 s
  Time to train epoch     : 11.414 s


Statistics:
  fps step                    : 15,882
  fps step + policy inference : 15,637
  fps total                   : 14,354
  epoch                       : 488 / 1,000
  frames                      : 79,953,920


Policy 0: saving next best rewards:  [383.04]
=> saving checkpoint 'runs/mg_C_seed2801/nn/mg_C_seed2801.pth'

Timing:
  Play time               : 10.519 s
  Update time             : 0.944 s
  Time to train epoch     : 11.463 s


Statistics:
  fps step                    : 15,828
  fps step + policy inference : 15,576
  fps total                   : 14,293
  epoch                       : 489 / 1,000
  frames                      : 80,117,760


Policy 0: saving next best rewards:  [383.52]
=> saving checkpoint 'runs/mg_C_seed2801/nn/mg_C_seed2801.pth'

Timing:
  Play time               : 10.492 s
  Update time             : 0.940 s
  Time to train epoch     : 11.433 s


Statistics:
  fps step                    : 15,854
  fps step + policy inference : 15,615
  fps total                   : 14,331
  epoch                       : 490 / 1,000
  frames                      : 80,281,600


Policy 0: saving next best rewards:  [383.75]
=> saving checkpoint 'runs/mg_C_seed2801/nn/mg_C_seed2801.pth'

Timing:
  Play time               : 10.485 s
  Update time             : 0.932 s
  Time to train epoch     : 11.418 s


Statistics:
  fps step                    : 15,871
  fps step + policy inference : 15,626
  fps total                   : 14,350
  epoch                       : 491 / 1,000
  frames                      : 80,445,440


Policy 0: saving next best rewards:  [383.92]
=> saving checkpoint 'runs/mg_C_seed2801/nn/mg_C_seed2801.pth'

Timing:
  Play time               : 10.484 s
  Update time             : 0.951 s
  Time to train epoch     : 11.435 s


Statistics:
  fps step                    : 15,874
  fps step + policy inference : 15,627
  fps total                   : 14,328
  epoch                       : 492 / 1,000
  frames                      : 80,609,280


Policy 0: saving next best rewards:  [384.21]
=> saving checkpoint 'runs/mg_C_seed2801/nn/mg_C_seed2801.pth'

Timing:
  Play time               : 10.436 s
  Update time             : 0.986 s
  Time to train epoch     : 11.422 s


Statistics:
  fps step                    : 15,948
  fps step + policy inference : 15,699
  fps total                   : 14,344
  epoch                       : 493 / 1,000
  frames                      : 80,773,120


Policy 0: saving next best rewards:  [384.5]
=> saving checkpoint 'runs/mg_C_seed2801/nn/mg_C_seed2801.pth'

Timing:
  Play time               : 10.518 s
  Update time             : 1.024 s
  Time to train epoch     : 11.542 s


Statistics:
  fps step                    : 15,834
  fps step + policy inference : 15,577
  fps total                   : 14,196
  epoch                       : 494 / 1,000
  frames                      : 80,936,960


Policy 0: saving next best rewards:  [385.06]
=> saving checkpoint 'runs/mg_C_seed2801/nn/mg_C_seed2801.pth'

Timing:
  Play time               : 10.476 s
  Update time             : 1.066 s
  Time to train epoch     : 11.542 s


Statistics:
  fps step                    : 15,885
  fps step + policy inference : 15,639
  fps total                   : 14,195
  epoch                       : 495 / 1,000
  frames                      : 81,100,800


Policy 0: 
Timing:
  Play time               : 10.474 s
  Update time             : 1.013 s
  Time to train epoch     : 11.488 s


Statistics:
  fps step                    : 15,888
  fps step + policy inference : 15,642
  fps total                   : 14,262
  epoch                       : 496 / 1,000
  frames                      : 81,264,640


Policy 0: saving next best rewards:  [385.2]
=> saving checkpoint 'runs/mg_C_seed2801/nn/mg_C_seed2801.pth'

Timing:
  Play time               : 10.474 s
  Update time             : 0.964 s
  Time to train epoch     : 11.438 s


Statistics:
  fps step                    : 15,888
  fps step + policy inference : 15,643
  fps total                   : 14,324
  epoch                       : 497 / 1,000
  frames                      : 81,428,480


Policy 0: 
Timing:
  Play time               : 10.474 s
  Update time             : 0.960 s
  Time to train epoch     : 11.433 s


Statistics:
  fps step                    : 15,891
  fps step + policy inference : 15,643
  fps total                   : 14,330
  epoch                       : 498 / 1,000
  frames                      : 81,592,320


Policy 0: 
Timing:
  Play time               : 10.499 s
  Update time             : 0.975 s
  Time to train epoch     : 11.474 s


Statistics:
  fps step                    : 15,859
  fps step + policy inference : 15,605
  fps total                   : 14,279
  epoch                       : 499 / 1,000
  frames                      : 81,756,160


Policy 0: saving next best rewards:  [385.3]
=> saving checkpoint 'runs/mg_C_seed2801/nn/mg_C_seed2801.pth'

Timing:
  Play time               : 10.488 s
  Update time             : 0.955 s
  Time to train epoch     : 11.443 s


Statistics:
  fps step                    : 15,864
  fps step + policy inference : 15,621
  fps total                   : 14,317
  epoch                       : 500 / 1,000
  frames                      : 81,920,000


Policy 0: saving next best rewards:  [385.32]
=> saving checkpoint 'runs/mg_C_seed2801/nn/mg_C_seed2801.pth'
Saved recovery checkpoint runs/mg_C_seed2801/checkpoints/epoch_000500.pth; evaluation_due=False

Timing:
  Play time               : 10.501 s
  Update time             : 0.980 s
  Time to train epoch     : 11.481 s


Statistics:
  fps step                    : 15,854
  fps step + policy inference : 15,602
  fps total                   : 14,270
  epoch                       : 501 / 1,000
  frames                      : 82,083,840


Policy 0: saving next best rewards:  [385.81]
=> saving checkpoint 'runs/mg_C_seed2801/nn/mg_C_seed2801.pth'

Timing:
  Play time               : 10.487 s
  Update time             : 0.948 s
  Time to train epoch     : 11.435 s


Statistics:
  fps step                    : 15,871
  fps step + policy inference : 15,623
  fps total                   : 14,328
  epoch                       : 502 / 1,000
  frames                      : 82,247,680


Policy 0: saving next best rewards:  [386.1]
=> saving checkpoint 'runs/mg_C_seed2801/nn/mg_C_seed2801.pth'

Timing:
  Play time               : 10.503 s
  Update time             : 0.948 s
  Time to train epoch     : 11.451 s


Statistics:
  fps step                    : 15,843
  fps step + policy inference : 15,599
  fps total                   : 14,307
  epoch                       : 503 / 1,000
  frames                      : 82,411,520


Policy 0: saving next best rewards:  [386.15]
=> saving checkpoint 'runs/mg_C_seed2801/nn/mg_C_seed2801.pth'

Timing:
  Play time               : 10.508 s
  Update time             : 0.943 s
  Time to train epoch     : 11.451 s


Statistics:
  fps step                    : 15,840
  fps step + policy inference : 15,592
  fps total                   : 14,307
  epoch                       : 504 / 1,000
  frames                      : 82,575,360


Policy 0: saving next best rewards:  [386.51]
=> saving checkpoint 'runs/mg_C_seed2801/nn/mg_C_seed2801.pth'

Timing:
  Play time               : 10.452 s
  Update time             : 0.937 s
  Time to train epoch     : 11.389 s


Statistics:
  fps step                    : 15,924
  fps step + policy inference : 15,675
  fps total                   : 14,386
  epoch                       : 505 / 1,000
  frames                      : 82,739,200


Policy 0: saving next best rewards:  [386.88]
=> saving checkpoint 'runs/mg_C_seed2801/nn/mg_C_seed2801.pth'

Timing:
  Play time               : 10.462 s
  Update time             : 0.956 s
  Time to train epoch     : 11.417 s


Statistics:
  fps step                    : 15,911
  fps step + policy inference : 15,661
  fps total                   : 14,350
  epoch                       : 506 / 1,000
  frames                      : 82,903,040


Policy 0: saving next best rewards:  [387.77]
=> saving checkpoint 'runs/mg_C_seed2801/nn/mg_C_seed2801.pth'

Timing:
  Play time               : 10.474 s
  Update time             : 0.957 s
  Time to train epoch     : 11.431 s


Statistics:
  fps step                    : 15,888
  fps step + policy inference : 15,642
  fps total                   : 14,333
  epoch                       : 507 / 1,000
  frames                      : 83,066,880


Policy 0: saving next best rewards:  [388.18]
=> saving checkpoint 'runs/mg_C_seed2801/nn/mg_C_seed2801.pth'

Timing:
  Play time               : 10.482 s
  Update time             : 0.960 s
  Time to train epoch     : 11.441 s


Statistics:
  fps step                    : 15,873
  fps step + policy inference : 15,631
  fps total                   : 14,320
  epoch                       : 508 / 1,000
  frames                      : 83,230,720


Policy 0: saving next best rewards:  [388.36]
=> saving checkpoint 'runs/mg_C_seed2801/nn/mg_C_seed2801.pth'

Timing:
  Play time               : 10.454 s
  Update time             : 0.979 s
  Time to train epoch     : 11.433 s


Statistics:
  fps step                    : 15,917
  fps step + policy inference : 15,672
  fps total                   : 14,330
  epoch                       : 509 / 1,000
  frames                      : 83,394,560


Policy 0: 
Timing:
  Play time               : 10.482 s
  Update time             : 1.006 s
  Time to train epoch     : 11.488 s


Statistics:
  fps step                    : 15,872
  fps step + policy inference : 15,631
  fps total                   : 14,262
  epoch                       : 510 / 1,000
  frames                      : 83,558,400


Policy 0: saving next best rewards:  [388.39]
=> saving checkpoint 'runs/mg_C_seed2801/nn/mg_C_seed2801.pth'

Timing:
  Play time               : 10.491 s
  Update time             : 1.011 s
  Time to train epoch     : 11.502 s


Statistics:
  fps step                    : 15,862
  fps step + policy inference : 15,618
  fps total                   : 14,245
  epoch                       : 511 / 1,000
  frames                      : 83,722,240


Policy 0: saving next best rewards:  [388.68]
=> saving checkpoint 'runs/mg_C_seed2801/nn/mg_C_seed2801.pth'

Timing:
  Play time               : 10.467 s
  Update time             : 0.996 s
  Time to train epoch     : 11.463 s


Statistics:
  fps step                    : 15,904
  fps step + policy inference : 15,653
  fps total                   : 14,293
  epoch                       : 512 / 1,000
  frames                      : 83,886,080


Policy 0: saving next best rewards:  [389.17]
=> saving checkpoint 'runs/mg_C_seed2801/nn/mg_C_seed2801.pth'

Timing:
  Play time               : 10.532 s
  Update time             : 1.030 s
  Time to train epoch     : 11.562 s


Statistics:
  fps step                    : 15,808
  fps step + policy inference : 15,556
  fps total                   : 14,170
  epoch                       : 513 / 1,000
  frames                      : 84,049,920


Policy 0: saving next best rewards:  [389.57]
=> saving checkpoint 'runs/mg_C_seed2801/nn/mg_C_seed2801.pth'

Timing:
  Play time               : 10.473 s
  Update time             : 0.983 s
  Time to train epoch     : 11.456 s


Statistics:
  fps step                    : 15,896
  fps step + policy inference : 15,644
  fps total                   : 14,301
  epoch                       : 514 / 1,000
  frames                      : 84,213,760


Policy 0: saving next best rewards:  [389.69]
=> saving checkpoint 'runs/mg_C_seed2801/nn/mg_C_seed2801.pth'

Timing:
  Play time               : 10.557 s
  Update time             : 0.958 s
  Time to train epoch     : 11.515 s


Statistics:
  fps step                    : 15,766
  fps step + policy inference : 15,520
  fps total                   : 14,228
  epoch                       : 515 / 1,000
  frames                      : 84,377,600


Policy 0: saving next best rewards:  [390.22]
=> saving checkpoint 'runs/mg_C_seed2801/nn/mg_C_seed2801.pth'

Timing:
  Play time               : 10.505 s
  Update time             : 0.963 s
  Time to train epoch     : 11.467 s


Statistics:
  fps step                    : 15,845
  fps step + policy inference : 15,597
  fps total                   : 14,288
  epoch                       : 516 / 1,000
  frames                      : 84,541,440


Policy 0: saving next best rewards:  [390.49]
=> saving checkpoint 'runs/mg_C_seed2801/nn/mg_C_seed2801.pth'

Timing:
  Play time               : 10.505 s
  Update time             : 0.989 s
  Time to train epoch     : 11.494 s


Statistics:
  fps step                    : 15,847
  fps step + policy inference : 15,596
  fps total                   : 14,254
  epoch                       : 517 / 1,000
  frames                      : 84,705,280


Policy 0: saving next best rewards:  [390.82]
=> saving checkpoint 'runs/mg_C_seed2801/nn/mg_C_seed2801.pth'

Timing:
  Play time               : 10.583 s
  Update time             : 0.955 s
  Time to train epoch     : 11.538 s


Statistics:
  fps step                    : 15,729
  fps step + policy inference : 15,482
  fps total                   : 14,200
  epoch                       : 518 / 1,000
  frames                      : 84,869,120


Policy 0: 
Timing:
  Play time               : 10.548 s
  Update time             : 0.948 s
  Time to train epoch     : 11.496 s


Statistics:
  fps step                    : 15,773
  fps step + policy inference : 15,532
  fps total                   : 14,251
  epoch                       : 519 / 1,000
  frames                      : 85,032,960


Policy 0: 
Timing:
  Play time               : 10.501 s
  Update time             : 0.943 s
  Time to train epoch     : 11.445 s


Statistics:
  fps step                    : 15,848
  fps step + policy inference : 15,602
  fps total                   : 14,316
  epoch                       : 520 / 1,000
  frames                      : 85,196,800


Policy 0: 
Timing:
  Play time               : 10.513 s
  Update time             : 0.962 s
  Time to train epoch     : 11.475 s


Statistics:
  fps step                    : 15,829
  fps step + policy inference : 15,585
  fps total                   : 14,278
  epoch                       : 521 / 1,000
  frames                      : 85,360,640


Policy 0: 
Timing:
  Play time               : 10.485 s
  Update time             : 0.974 s
  Time to train epoch     : 11.459 s


Statistics:
  fps step                    : 15,868
  fps step + policy inference : 15,626
  fps total                   : 14,298
  epoch                       : 522 / 1,000
  frames                      : 85,524,480


Policy 0: 
Timing:
  Play time               : 10.554 s
  Update time             : 0.975 s
  Time to train epoch     : 11.529 s


Statistics:
  fps step                    : 15,771
  fps step + policy inference : 15,525
  fps total                   : 14,211
  epoch                       : 523 / 1,000
  frames                      : 85,688,320


Policy 0: 
Timing:
  Play time               : 10.505 s
  Update time             : 0.977 s
  Time to train epoch     : 11.482 s


Statistics:
  fps step                    : 15,841
  fps step + policy inference : 15,596
  fps total                   : 14,270
  epoch                       : 524 / 1,000
  frames                      : 85,852,160


Policy 0: 
Timing:
  Play time               : 10.525 s
  Update time             : 1.005 s
  Time to train epoch     : 11.530 s


Statistics:
  fps step                    : 15,817
  fps step + policy inference : 15,567
  fps total                   : 14,209
  epoch                       : 525 / 1,000
  frames                      : 86,016,000


Policy 0: 
Timing:
  Play time               : 10.510 s
  Update time             : 1.044 s
  Time to train epoch     : 11.554 s


Statistics:
  fps step                    : 15,833
  fps step + policy inference : 15,589
  fps total                   : 14,180
  epoch                       : 526 / 1,000
  frames                      : 86,179,840


Policy 0: 
Timing:
  Play time               : 10.501 s
  Update time             : 0.952 s
  Time to train epoch     : 11.453 s


Statistics:
  fps step                    : 15,840
  fps step + policy inference : 15,603
  fps total                   : 14,305
  epoch                       : 527 / 1,000
  frames                      : 86,343,680


Policy 0: 
Timing:
  Play time               : 10.512 s
  Update time             : 0.958 s
  Time to train epoch     : 11.470 s


Statistics:
  fps step                    : 15,835
  fps step + policy inference : 15,586
  fps total                   : 14,284
  epoch                       : 528 / 1,000
  frames                      : 86,507,520


Policy 0: 
Timing:
  Play time               : 10.521 s
  Update time             : 0.943 s
  Time to train epoch     : 11.464 s


Statistics:
  fps step                    : 15,813
  fps step + policy inference : 15,572
  fps total                   : 14,291
  epoch                       : 529 / 1,000
  frames                      : 86,671,360


Policy 0: 
Timing:
  Play time               : 10.524 s
  Update time             : 0.975 s
  Time to train epoch     : 11.498 s


Statistics:
  fps step                    : 15,813
  fps step + policy inference : 15,569
  fps total                   : 14,249
  epoch                       : 530 / 1,000
  frames                      : 86,835,200


Policy 0: 
Timing:
  Play time               : 10.531 s
  Update time             : 0.971 s
  Time to train epoch     : 11.502 s


Statistics:
  fps step                    : 15,806
  fps step + policy inference : 15,558
  fps total                   : 14,245
  epoch                       : 531 / 1,000
  frames                      : 86,999,040


Policy 0: 
Timing:
  Play time               : 10.537 s
  Update time             : 0.957 s
  Time to train epoch     : 11.494 s


Statistics:
  fps step                    : 15,795
  fps step + policy inference : 15,549
  fps total                   : 14,255
  epoch                       : 532 / 1,000
  frames                      : 87,162,880


Policy 0: 
Timing:
  Play time               : 10.536 s
  Update time             : 0.937 s
  Time to train epoch     : 11.474 s


Statistics:
  fps step                    : 15,802
  fps step + policy inference : 15,550
  fps total                   : 14,280
  epoch                       : 533 / 1,000
  frames                      : 87,326,720


Policy 0: saving next best rewards:  [391.55]
=> saving checkpoint 'runs/mg_C_seed2801/nn/mg_C_seed2801.pth'

Timing:
  Play time               : 10.538 s
  Update time             : 0.926 s
  Time to train epoch     : 11.463 s


Statistics:
  fps step                    : 15,791
  fps step + policy inference : 15,548
  fps total                   : 14,293
  epoch                       : 534 / 1,000
  frames                      : 87,490,560


Policy 0: saving next best rewards:  [392.08]
=> saving checkpoint 'runs/mg_C_seed2801/nn/mg_C_seed2801.pth'

Timing:
  Play time               : 10.482 s
  Update time             : 0.972 s
  Time to train epoch     : 11.454 s


Statistics:
  fps step                    : 15,874
  fps step + policy inference : 15,630
  fps total                   : 14,304
  epoch                       : 535 / 1,000
  frames                      : 87,654,400


Policy 0: 
Timing:
  Play time               : 10.547 s
  Update time             : 0.978 s
  Time to train epoch     : 11.525 s


Statistics:
  fps step                    : 15,783
  fps step + policy inference : 15,534
  fps total                   : 14,216
  epoch                       : 536 / 1,000
  frames                      : 87,818,240


Policy 0: 
Timing:
  Play time               : 10.509 s
  Update time             : 1.012 s
  Time to train epoch     : 11.521 s


Statistics:
  fps step                    : 15,833
  fps step + policy inference : 15,590
  fps total                   : 14,221
  epoch                       : 537 / 1,000
  frames                      : 87,982,080


Policy 0: 
Timing:
  Play time               : 10.518 s
  Update time             : 1.005 s
  Time to train epoch     : 11.523 s


Statistics:
  fps step                    : 15,825
  fps step + policy inference : 15,577
  fps total                   : 14,218
  epoch                       : 538 / 1,000
  frames                      : 88,145,920


Policy 0: 
Timing:
  Play time               : 10.530 s
  Update time             : 1.021 s
  Time to train epoch     : 11.552 s


Statistics:
  fps step                    : 15,807
  fps step + policy inference : 15,559
  fps total                   : 14,183
  epoch                       : 539 / 1,000
  frames                      : 88,309,760


Policy 0: 
Timing:
  Play time               : 10.544 s
  Update time             : 1.024 s
  Time to train epoch     : 11.568 s


Statistics:
  fps step                    : 15,783
  fps step + policy inference : 15,539
  fps total                   : 14,164
  epoch                       : 540 / 1,000
  frames                      : 88,473,600


Policy 0: 
Timing:
  Play time               : 10.516 s
  Update time             : 1.038 s
  Time to train epoch     : 11.554 s


Statistics:
  fps step                    : 15,826
  fps step + policy inference : 15,580
  fps total                   : 14,180
  epoch                       : 541 / 1,000
  frames                      : 88,637,440


Policy 0: 
Timing:
  Play time               : 10.539 s
  Update time             : 0.979 s
  Time to train epoch     : 11.517 s


Statistics:
  fps step                    : 15,790
  fps step + policy inference : 15,547
  fps total                   : 14,225
  epoch                       : 542 / 1,000
  frames                      : 88,801,280


Policy 0: 
Timing:
  Play time               : 10.565 s
  Update time             : 0.938 s
  Time to train epoch     : 11.503 s


Statistics:
  fps step                    : 15,757
  fps step + policy inference : 15,508
  fps total                   : 14,243
  epoch                       : 543 / 1,000
  frames                      : 88,965,120


Policy 0: saving next best rewards:  [392.18]
=> saving checkpoint 'runs/mg_C_seed2801/nn/mg_C_seed2801.pth'

Timing:
  Play time               : 10.507 s
  Update time             : 0.952 s
  Time to train epoch     : 11.459 s


Statistics:
  fps step                    : 15,842
  fps step + policy inference : 15,594
  fps total                   : 14,298
  epoch                       : 544 / 1,000
  frames                      : 89,128,960


Policy 0: saving next best rewards:  [392.28]
=> saving checkpoint 'runs/mg_C_seed2801/nn/mg_C_seed2801.pth'

Timing:
  Play time               : 10.538 s
  Update time             : 0.959 s
  Time to train epoch     : 11.497 s


Statistics:
  fps step                    : 15,790
  fps step + policy inference : 15,548
  fps total                   : 14,251
  epoch                       : 545 / 1,000
  frames                      : 89,292,800


Policy 0: saving next best rewards:  [393.08]
=> saving checkpoint 'runs/mg_C_seed2801/nn/mg_C_seed2801.pth'

Timing:
  Play time               : 10.519 s
  Update time             : 0.974 s
  Time to train epoch     : 11.493 s


Statistics:
  fps step                    : 15,814
  fps step + policy inference : 15,576
  fps total                   : 14,256
  epoch                       : 546 / 1,000
  frames                      : 89,456,640


Policy 0: saving next best rewards:  [393.11]
=> saving checkpoint 'runs/mg_C_seed2801/nn/mg_C_seed2801.pth'

Timing:
  Play time               : 10.499 s
  Update time             : 0.942 s
  Time to train epoch     : 11.441 s


Statistics:
  fps step                    : 15,847
  fps step + policy inference : 15,605
  fps total                   : 14,321
  epoch                       : 547 / 1,000
  frames                      : 89,620,480


Policy 0: 
Timing:
  Play time               : 10.540 s
  Update time             : 0.933 s
  Time to train epoch     : 11.473 s


Statistics:
  fps step                    : 15,793
  fps step + policy inference : 15,544
  fps total                   : 14,280
  epoch                       : 548 / 1,000
  frames                      : 89,784,320


Policy 0: saving next best rewards:  [393.72]
=> saving checkpoint 'runs/mg_C_seed2801/nn/mg_C_seed2801.pth'

Timing:
  Play time               : 10.521 s
  Update time             : 0.937 s
  Time to train epoch     : 11.458 s


Statistics:
  fps step                    : 15,816
  fps step + policy inference : 15,573
  fps total                   : 14,299
  epoch                       : 549 / 1,000
  frames                      : 89,948,160


Policy 0: saving next best rewards:  [394.5]
=> saving checkpoint 'runs/mg_C_seed2801/nn/mg_C_seed2801.pth'

Timing:
  Play time               : 10.535 s
  Update time             : 0.989 s
  Time to train epoch     : 11.524 s


Statistics:
  fps step                    : 15,803
  fps step + policy inference : 15,553
  fps total                   : 14,217
  epoch                       : 550 / 1,000
  frames                      : 90,112,000


Policy 0: saving next best rewards:  [395.03]
=> saving checkpoint 'runs/mg_C_seed2801/nn/mg_C_seed2801.pth'

Timing:
  Play time               : 10.515 s
  Update time             : 0.947 s
  Time to train epoch     : 11.463 s


Statistics:
  fps step                    : 15,824
  fps step + policy inference : 15,581
  fps total                   : 14,293
  epoch                       : 551 / 1,000
  frames                      : 90,275,840


Policy 0: 
Timing:
  Play time               : 10.526 s
  Update time             : 0.940 s
  Time to train epoch     : 11.467 s


Statistics:
  fps step                    : 15,807
  fps step + policy inference : 15,565
  fps total                   : 14,289
  epoch                       : 552 / 1,000
  frames                      : 90,439,680


Policy 0: 
Timing:
  Play time               : 10.546 s
  Update time             : 0.937 s
  Time to train epoch     : 11.483 s


Statistics:
  fps step                    : 15,783
  fps step + policy inference : 15,536
  fps total                   : 14,268
  epoch                       : 553 / 1,000
  frames                      : 90,603,520


Policy 0: saving next best rewards:  [395.12]
=> saving checkpoint 'runs/mg_C_seed2801/nn/mg_C_seed2801.pth'

Timing:
  Play time               : 10.550 s
  Update time             : 0.917 s
  Time to train epoch     : 11.467 s


Statistics:
  fps step                    : 15,769
  fps step + policy inference : 15,530
  fps total                   : 14,288
  epoch                       : 554 / 1,000
  frames                      : 90,767,360


Policy 0: 
Timing:
  Play time               : 10.558 s
  Update time             : 0.977 s
  Time to train epoch     : 11.535 s


Statistics:
  fps step                    : 15,766
  fps step + policy inference : 15,518
  fps total                   : 14,204
  epoch                       : 555 / 1,000
  frames                      : 90,931,200


Policy 0: 
Timing:
  Play time               : 10.531 s
  Update time             : 0.956 s
  Time to train epoch     : 11.487 s


Statistics:
  fps step                    : 15,797
  fps step + policy inference : 15,558
  fps total                   : 14,263
  epoch                       : 556 / 1,000
  frames                      : 91,095,040


Policy 0: 
Timing:
  Play time               : 10.591 s
  Update time             : 1.023 s
  Time to train epoch     : 11.614 s


Statistics:
  fps step                    : 15,713
  fps step + policy inference : 15,469
  fps total                   : 14,107
  epoch                       : 557 / 1,000
  frames                      : 91,258,880


Policy 0: 
Timing:
  Play time               : 10.595 s
  Update time             : 1.050 s
  Time to train epoch     : 11.645 s


Statistics:
  fps step                    : 15,711
  fps step + policy inference : 15,463
  fps total                   : 14,070
  epoch                       : 558 / 1,000
  frames                      : 91,422,720


Policy 0: 
Timing:
  Play time               : 10.551 s
  Update time             : 1.002 s
  Time to train epoch     : 11.553 s


Statistics:
  fps step                    : 15,769
  fps step + policy inference : 15,528
  fps total                   : 14,181
  epoch                       : 559 / 1,000
  frames                      : 91,586,560


Policy 0: 
Timing:
  Play time               : 10.527 s
  Update time             : 0.969 s
  Time to train epoch     : 11.496 s


Statistics:
  fps step                    : 15,805
  fps step + policy inference : 15,563
  fps total                   : 14,252
  epoch                       : 560 / 1,000
  frames                      : 91,750,400


Policy 0: saving next best rewards:  [395.39]
=> saving checkpoint 'runs/mg_C_seed2801/nn/mg_C_seed2801.pth'

Timing:
  Play time               : 10.510 s
  Update time             : 0.984 s
  Time to train epoch     : 11.494 s


Statistics:
  fps step                    : 15,832
  fps step + policy inference : 15,588
  fps total                   : 14,254
  epoch                       : 561 / 1,000
  frames                      : 91,914,240


Policy 0: 
Timing:
  Play time               : 10.565 s
  Update time             : 0.957 s
  Time to train epoch     : 11.522 s


Statistics:
  fps step                    : 15,752
  fps step + policy inference : 15,508
  fps total                   : 14,219
  epoch                       : 562 / 1,000
  frames                      : 92,078,080


Policy 0: 
Timing:
  Play time               : 10.560 s
  Update time             : 0.964 s
  Time to train epoch     : 11.524 s


Statistics:
  fps step                    : 15,762
  fps step + policy inference : 15,515
  fps total                   : 14,218
  epoch                       : 563 / 1,000
  frames                      : 92,241,920


Policy 0: 
Timing:
  Play time               : 10.581 s
  Update time             : 0.956 s
  Time to train epoch     : 11.537 s


Statistics:
  fps step                    : 15,726
  fps step + policy inference : 15,485
  fps total                   : 14,201
  epoch                       : 564 / 1,000
  frames                      : 92,405,760


Policy 0: 
Timing:
  Play time               : 10.585 s
  Update time             : 0.915 s
  Time to train epoch     : 11.500 s


Statistics:
  fps step                    : 15,716
  fps step + policy inference : 15,478
  fps total                   : 14,247
  epoch                       : 565 / 1,000
  frames                      : 92,569,600


Policy 0: 
Timing:
  Play time               : 10.572 s
  Update time             : 0.938 s
  Time to train epoch     : 11.510 s


Statistics:
  fps step                    : 15,737
  fps step + policy inference : 15,497
  fps total                   : 14,235
  epoch                       : 566 / 1,000
  frames                      : 92,733,440


Policy 0: 
Timing:
  Play time               : 10.574 s
  Update time             : 0.929 s
  Time to train epoch     : 11.503 s


Statistics:
  fps step                    : 15,735
  fps step + policy inference : 15,495
  fps total                   : 14,243
  epoch                       : 567 / 1,000
  frames                      : 92,897,280


Policy 0: 
Timing:
  Play time               : 10.570 s
  Update time             : 0.969 s
  Time to train epoch     : 11.539 s


Statistics:
  fps step                    : 15,752
  fps step + policy inference : 15,500
  fps total                   : 14,199
  epoch                       : 568 / 1,000
  frames                      : 93,061,120


Policy 0: 
Timing:
  Play time               : 10.584 s
  Update time             : 1.009 s
  Time to train epoch     : 11.593 s


Statistics:
  fps step                    : 15,730
  fps step + policy inference : 15,480
  fps total                   : 14,133
  epoch                       : 569 / 1,000
  frames                      : 93,224,960


Policy 0: 
Timing:
  Play time               : 10.608 s
  Update time             : 1.012 s
  Time to train epoch     : 11.621 s


Statistics:
  fps step                    : 15,688
  fps step + policy inference : 15,444
  fps total                   : 14,099
  epoch                       : 570 / 1,000
  frames                      : 93,388,800


Policy 0: saving next best rewards:  [396.06]
=> saving checkpoint 'runs/mg_C_seed2801/nn/mg_C_seed2801.pth'

Timing:
  Play time               : 10.570 s
  Update time             : 0.975 s
  Time to train epoch     : 11.545 s


Statistics:
  fps step                    : 15,740
  fps step + policy inference : 15,501
  fps total                   : 14,192
  epoch                       : 571 / 1,000
  frames                      : 93,552,640


Policy 0: saving next best rewards:  [396.2]
=> saving checkpoint 'runs/mg_C_seed2801/nn/mg_C_seed2801.pth'

Timing:
  Play time               : 10.583 s
  Update time             : 0.982 s
  Time to train epoch     : 11.565 s


Statistics:
  fps step                    : 15,725
  fps step + policy inference : 15,481
  fps total                   : 14,167
  epoch                       : 572 / 1,000
  frames                      : 93,716,480


Policy 0: saving next best rewards:  [396.59]
=> saving checkpoint 'runs/mg_C_seed2801/nn/mg_C_seed2801.pth'

Timing:
  Play time               : 10.574 s
  Update time             : 0.990 s
  Time to train epoch     : 11.564 s


Statistics:
  fps step                    : 15,739
  fps step + policy inference : 15,495
  fps total                   : 14,169
  epoch                       : 573 / 1,000
  frames                      : 93,880,320


Policy 0: saving next best rewards:  [396.89]
=> saving checkpoint 'runs/mg_C_seed2801/nn/mg_C_seed2801.pth'

Timing:
  Play time               : 10.617 s
  Update time             : 1.009 s
  Time to train epoch     : 11.626 s


Statistics:
  fps step                    : 15,676
  fps step + policy inference : 15,432
  fps total                   : 14,093
  epoch                       : 574 / 1,000
  frames                      : 94,044,160


Policy 0: saving next best rewards:  [397.]
=> saving checkpoint 'runs/mg_C_seed2801/nn/mg_C_seed2801.pth'

Timing:
  Play time               : 10.553 s
  Update time             : 1.001 s
  Time to train epoch     : 11.554 s


Statistics:
  fps step                    : 15,768
  fps step + policy inference : 15,526
  fps total                   : 14,181
  epoch                       : 575 / 1,000
  frames                      : 94,208,000


Policy 0: saving next best rewards:  [397.23]
=> saving checkpoint 'runs/mg_C_seed2801/nn/mg_C_seed2801.pth'

Timing:
  Play time               : 10.571 s
  Update time             : 0.976 s
  Time to train epoch     : 11.547 s


Statistics:
  fps step                    : 15,744
  fps step + policy inference : 15,499
  fps total                   : 14,188
  epoch                       : 576 / 1,000
  frames                      : 94,371,840


Policy 0: 
Timing:
  Play time               : 10.639 s
  Update time             : 1.031 s
  Time to train epoch     : 11.670 s


Statistics:
  fps step                    : 15,645
  fps step + policy inference : 15,400
  fps total                   : 14,039
  epoch                       : 577 / 1,000
  frames                      : 94,535,680


Policy 0: 
Timing:
  Play time               : 10.606 s
  Update time             : 0.940 s
  Time to train epoch     : 11.546 s


Statistics:
  fps step                    : 15,689
  fps step + policy inference : 15,448
  fps total                   : 14,190
  epoch                       : 578 / 1,000
  frames                      : 94,699,520


Policy 0: 
Timing:
  Play time               : 10.584 s
  Update time             : 0.950 s
  Time to train epoch     : 11.534 s


Statistics:
  fps step                    : 15,720
  fps step + policy inference : 15,480
  fps total                   : 14,205
  epoch                       : 579 / 1,000
  frames                      : 94,863,360


Policy 0: 
Timing:
  Play time               : 10.620 s
  Update time             : 0.961 s
  Time to train epoch     : 11.581 s


Statistics:
  fps step                    : 15,672
  fps step + policy inference : 15,427
  fps total                   : 14,148
  epoch                       : 580 / 1,000
  frames                      : 95,027,200


Policy 0: 
Timing:
  Play time               : 10.596 s
  Update time             : 0.940 s
  Time to train epoch     : 11.537 s


Statistics:
  fps step                    : 15,704
  fps step + policy inference : 15,462
  fps total                   : 14,202
  epoch                       : 581 / 1,000
  frames                      : 95,191,040


Policy 0: 
Timing:
  Play time               : 10.618 s
  Update time             : 0.944 s
  Time to train epoch     : 11.562 s


Statistics:
  fps step                    : 15,678
  fps step + policy inference : 15,431
  fps total                   : 14,171
  epoch                       : 582 / 1,000
  frames                      : 95,354,880


Policy 0: 
Timing:
  Play time               : 10.656 s
  Update time             : 0.968 s
  Time to train epoch     : 11.624 s


Statistics:
  fps step                    : 15,609
  fps step + policy inference : 15,375
  fps total                   : 14,095
  epoch                       : 583 / 1,000
  frames                      : 95,518,720


Policy 0: 
Timing:
  Play time               : 10.575 s
  Update time             : 0.905 s
  Time to train epoch     : 11.480 s


Statistics:
  fps step                    : 15,730
  fps step + policy inference : 15,493
  fps total                   : 14,272
  epoch                       : 584 / 1,000
  frames                      : 95,682,560


Policy 0: 
Timing:
  Play time               : 10.597 s
  Update time             : 0.935 s
  Time to train epoch     : 11.532 s


Statistics:
  fps step                    : 15,702
  fps step + policy inference : 15,461
  fps total                   : 14,208
  epoch                       : 585 / 1,000
  frames                      : 95,846,400


Policy 0: 
Timing:
  Play time               : 10.621 s
  Update time             : 0.996 s
  Time to train epoch     : 11.618 s


Statistics:
  fps step                    : 15,665
  fps step + policy inference : 15,425
  fps total                   : 14,102
  epoch                       : 586 / 1,000
  frames                      : 96,010,240


Policy 0: 
Timing:
  Play time               : 10.632 s
  Update time             : 0.991 s
  Time to train epoch     : 11.623 s


Statistics:
  fps step                    : 15,662
  fps step + policy inference : 15,410
  fps total                   : 14,096
  epoch                       : 587 / 1,000
  frames                      : 96,174,080


Policy 0: 
Timing:
  Play time               : 10.683 s
  Update time             : 1.020 s
  Time to train epoch     : 11.704 s


Statistics:
  fps step                    : 15,578
  fps step + policy inference : 15,336
  fps total                   : 13,999
  epoch                       : 588 / 1,000
  frames                      : 96,337,920


Policy 0: 
Timing:
  Play time               : 10.656 s
  Update time             : 1.046 s
  Time to train epoch     : 11.702 s


Statistics:
  fps step                    : 15,615
  fps step + policy inference : 15,375
  fps total                   : 14,001
  epoch                       : 589 / 1,000
  frames                      : 96,501,760


Policy 0: 
Timing:
  Play time               : 10.650 s
  Update time             : 1.001 s
  Time to train epoch     : 11.651 s


Statistics:
  fps step                    : 15,626
  fps step + policy inference : 15,384
  fps total                   : 14,062
  epoch                       : 590 / 1,000
  frames                      : 96,665,600


Policy 0: 
Timing:
  Play time               : 10.678 s
  Update time             : 0.977 s
  Time to train epoch     : 11.656 s


Statistics:
  fps step                    : 15,579
  fps step + policy inference : 15,344
  fps total                   : 14,057
  epoch                       : 591 / 1,000
  frames                      : 96,829,440


Policy 0: 
Timing:
  Play time               : 10.704 s
  Update time             : 0.951 s
  Time to train epoch     : 11.655 s


Statistics:
  fps step                    : 15,554
  fps step + policy inference : 15,307
  fps total                   : 14,057
  epoch                       : 592 / 1,000
  frames                      : 96,993,280


Policy 0: 
Timing:
  Play time               : 10.640 s
  Update time             : 0.955 s
  Time to train epoch     : 11.595 s


Statistics:
  fps step                    : 15,640
  fps step + policy inference : 15,398
  fps total                   : 14,130
  epoch                       : 593 / 1,000
  frames                      : 97,157,120


Policy 0: 
Timing:
  Play time               : 10.672 s
  Update time             : 0.950 s
  Time to train epoch     : 11.622 s


Statistics:
  fps step                    : 15,590
  fps step + policy inference : 15,352
  fps total                   : 14,098
  epoch                       : 594 / 1,000
  frames                      : 97,320,960


Policy 0: 
Timing:
  Play time               : 10.721 s
  Update time             : 0.945 s
  Time to train epoch     : 11.666 s


Statistics:
  fps step                    : 15,521
  fps step + policy inference : 15,282
  fps total                   : 14,045
  epoch                       : 595 / 1,000
  frames                      : 97,484,800


Policy 0: 
Timing:
  Play time               : 10.684 s
  Update time             : 0.957 s
  Time to train epoch     : 11.641 s


Statistics:
  fps step                    : 15,570
  fps step + policy inference : 15,336
  fps total                   : 14,074
  epoch                       : 596 / 1,000
  frames                      : 97,648,640


Policy 0: saving next best rewards:  [397.32]
=> saving checkpoint 'runs/mg_C_seed2801/nn/mg_C_seed2801.pth'

Timing:
  Play time               : 10.699 s
  Update time             : 0.949 s
  Time to train epoch     : 11.648 s


Statistics:
  fps step                    : 15,555
  fps step + policy inference : 15,314
  fps total                   : 14,066
  epoch                       : 597 / 1,000
  frames                      : 97,812,480


Policy 0: 
Timing:
  Play time               : 10.700 s
  Update time             : 0.951 s
  Time to train epoch     : 11.651 s


Statistics:
  fps step                    : 15,551
  fps step + policy inference : 15,312
  fps total                   : 14,062
  epoch                       : 598 / 1,000
  frames                      : 97,976,320


Policy 0: 
Timing:
  Play time               : 10.682 s
  Update time             : 0.946 s
  Time to train epoch     : 11.627 s


Statistics:
  fps step                    : 15,580
  fps step + policy inference : 15,339
  fps total                   : 14,091
  epoch                       : 599 / 1,000
  frames                      : 98,140,160


Policy 0: 
Timing:
  Play time               : 10.663 s
  Update time             : 0.948 s
  Time to train epoch     : 11.611 s


Statistics:
  fps step                    : 15,608
  fps step + policy inference : 15,366
  fps total                   : 14,111
  epoch                       : 600 / 1,000
  frames                      : 98,304,000


Policy 0: 
Timing:
  Play time               : 10.677 s
  Update time             : 0.957 s
  Time to train epoch     : 11.634 s


Statistics:
  fps step                    : 15,581
  fps step + policy inference : 15,345
  fps total                   : 14,082
  epoch                       : 601 / 1,000
  frames                      : 98,467,840


Policy 0: saving next best rewards:  [397.63]
=> saving checkpoint 'runs/mg_C_seed2801/nn/mg_C_seed2801.pth'

Timing:
  Play time               : 10.689 s
  Update time             : 0.925 s
  Time to train epoch     : 11.614 s


Statistics:
  fps step                    : 15,564
  fps step + policy inference : 15,328
  fps total                   : 14,107
  epoch                       : 602 / 1,000
  frames                      : 98,631,680


Policy 0: saving next best rewards:  [397.83]
=> saving checkpoint 'runs/mg_C_seed2801/nn/mg_C_seed2801.pth'

Timing:
  Play time               : 10.664 s
  Update time             : 0.940 s
  Time to train epoch     : 11.605 s


Statistics:
  fps step                    : 15,605
  fps step + policy inference : 15,363
  fps total                   : 14,119
  epoch                       : 603 / 1,000
  frames                      : 98,795,520


Policy 0: 
Timing:
  Play time               : 10.681 s
  Update time             : 0.991 s
  Time to train epoch     : 11.671 s


Statistics:
  fps step                    : 15,578
  fps step + policy inference : 15,340
  fps total                   : 14,038
  epoch                       : 604 / 1,000
  frames                      : 98,959,360


Policy 0: 
Timing:
  Play time               : 10.679 s
  Update time             : 1.006 s
  Time to train epoch     : 11.685 s


Statistics:
  fps step                    : 15,580
  fps step + policy inference : 15,343
  fps total                   : 14,022
  epoch                       : 605 / 1,000
  frames                      : 99,123,200


Policy 0: 
Timing:
  Play time               : 10.678 s
  Update time             : 1.020 s
  Time to train epoch     : 11.698 s


Statistics:
  fps step                    : 15,585
  fps step + policy inference : 15,344
  fps total                   : 14,006
  epoch                       : 606 / 1,000
  frames                      : 99,287,040


Policy 0: 
Timing:
  Play time               : 10.733 s
  Update time             : 1.032 s
  Time to train epoch     : 11.765 s


Statistics:
  fps step                    : 15,506
  fps step + policy inference : 15,265
  fps total                   : 13,926
  epoch                       : 607 / 1,000
  frames                      : 99,450,880


Policy 0: saving next best rewards:  [398.17]
=> saving checkpoint 'runs/mg_C_seed2801/nn/mg_C_seed2801.pth'

Timing:
  Play time               : 10.730 s
  Update time             : 0.973 s
  Time to train epoch     : 11.703 s


Statistics:
  fps step                    : 15,507
  fps step + policy inference : 15,269
  fps total                   : 14,000
  epoch                       : 608 / 1,000
  frames                      : 99,614,720


Policy 0: saving next best rewards:  [398.3]
=> saving checkpoint 'runs/mg_C_seed2801/nn/mg_C_seed2801.pth'

Timing:
  Play time               : 10.681 s
  Update time             : 0.950 s
  Time to train epoch     : 11.631 s


Statistics:
  fps step                    : 15,576
  fps step + policy inference : 15,339
  fps total                   : 14,086
  epoch                       : 609 / 1,000
  frames                      : 99,778,560


Policy 0: 
Timing:
  Play time               : 10.708 s
  Update time             : 0.950 s
  Time to train epoch     : 11.658 s


Statistics:
  fps step                    : 15,534
  fps step + policy inference : 15,301
  fps total                   : 14,054
  epoch                       : 610 / 1,000
  frames                      : 99,942,400


Policy 0: 
Timing:
  Play time               : 10.720 s
  Update time             : 0.961 s
  Time to train epoch     : 11.681 s


Statistics:
  fps step                    : 15,526
  fps step + policy inference : 15,283
  fps total                   : 14,026
  epoch                       : 611 / 1,000
  frames                      : 100,106,240


Policy 0: 
Timing:
  Play time               : 10.734 s
  Update time             : 0.944 s
  Time to train epoch     : 11.678 s


Statistics:
  fps step                    : 15,502
  fps step + policy inference : 15,264
  fps total                   : 14,029
  epoch                       : 612 / 1,000
  frames                      : 100,270,080


Policy 0: 
Timing:
  Play time               : 10.733 s
  Update time             : 0.947 s
  Time to train epoch     : 11.681 s


Statistics:
  fps step                    : 15,500
  fps step + policy inference : 15,264
  fps total                   : 14,026
  epoch                       : 613 / 1,000
  frames                      : 100,433,920


Policy 0: 
Timing:
  Play time               : 10.744 s
  Update time             : 0.975 s
  Time to train epoch     : 11.719 s


Statistics:
  fps step                    : 15,486
  fps step + policy inference : 15,249
  fps total                   : 13,981
  epoch                       : 614 / 1,000
  frames                      : 100,597,760


Policy 0: 
Timing:
  Play time               : 10.741 s
  Update time             : 0.961 s
  Time to train epoch     : 11.702 s


Statistics:
  fps step                    : 15,491
  fps step + policy inference : 15,254
  fps total                   : 14,001
  epoch                       : 615 / 1,000
  frames                      : 100,761,600


Policy 0: 
Timing:
  Play time               : 10.751 s
  Update time             : 0.942 s
  Time to train epoch     : 11.693 s


Statistics:
  fps step                    : 15,475
  fps step + policy inference : 15,239
  fps total                   : 14,012
  epoch                       : 616 / 1,000
  frames                      : 100,925,440


Policy 0: 
Timing:
  Play time               : 10.723 s
  Update time             : 0.940 s
  Time to train epoch     : 11.663 s


Statistics:
  fps step                    : 15,513
  fps step + policy inference : 15,280
  fps total                   : 14,048
  epoch                       : 617 / 1,000
  frames                      : 101,089,280


Policy 0: 
Timing:
  Play time               : 10.778 s
  Update time             : 0.943 s
  Time to train epoch     : 11.720 s


Statistics:
  fps step                    : 15,435
  fps step + policy inference : 15,202
  fps total                   : 13,979
  epoch                       : 618 / 1,000
  frames                      : 101,253,120


Policy 0: 
Timing:
  Play time               : 10.747 s
  Update time             : 0.966 s
  Time to train epoch     : 11.713 s


Statistics:
  fps step                    : 15,482
  fps step + policy inference : 15,245
  fps total                   : 13,988
  epoch                       : 619 / 1,000
  frames                      : 101,416,960


Policy 0: 
Timing:
  Play time               : 10.778 s
  Update time             : 1.003 s
  Time to train epoch     : 11.781 s


Statistics:
  fps step                    : 15,433
  fps step + policy inference : 15,201
  fps total                   : 13,907
  epoch                       : 620 / 1,000
  frames                      : 101,580,800


Policy 0: 
Timing:
  Play time               : 10.793 s
  Update time             : 0.958 s
  Time to train epoch     : 11.751 s


Statistics:
  fps step                    : 15,417
  fps step + policy inference : 15,181
  fps total                   : 13,943
  epoch                       : 621 / 1,000
  frames                      : 101,744,640


Policy 0: 
Timing:
  Play time               : 10.780 s
  Update time             : 0.987 s
  Time to train epoch     : 11.768 s


Statistics:
  fps step                    : 15,431
  fps step + policy inference : 15,198
  fps total                   : 13,923
  epoch                       : 622 / 1,000
  frames                      : 101,908,480


Policy 0: 
Timing:
  Play time               : 10.785 s
  Update time             : 1.034 s
  Time to train epoch     : 11.819 s


Statistics:
  fps step                    : 15,429
  fps step + policy inference : 15,192
  fps total                   : 13,862
  epoch                       : 623 / 1,000
  frames                      : 102,072,320


Policy 0: 
Timing:
  Play time               : 10.736 s
  Update time             : 0.984 s
  Time to train epoch     : 11.720 s


Statistics:
  fps step                    : 15,497
  fps step + policy inference : 15,261
  fps total                   : 13,980
  epoch                       : 624 / 1,000
  frames                      : 102,236,160


Policy 0: 
Timing:
  Play time               : 10.780 s
  Update time             : 1.028 s
  Time to train epoch     : 11.808 s


Statistics:
  fps step                    : 15,442
  fps step + policy inference : 15,199
  fps total                   : 13,876
  epoch                       : 625 / 1,000
  frames                      : 102,400,000


Policy 0: 
Timing:
  Play time               : 10.817 s
  Update time             : 1.011 s
  Time to train epoch     : 11.828 s


Statistics:
  fps step                    : 15,387
  fps step + policy inference : 15,146
  fps total                   : 13,852
  epoch                       : 626 / 1,000
  frames                      : 102,563,840


Policy 0: 
Timing:
  Play time               : 10.798 s
  Update time             : 0.961 s
  Time to train epoch     : 11.759 s


Statistics:
  fps step                    : 15,405
  fps step + policy inference : 15,173
  fps total                   : 13,933
  epoch                       : 627 / 1,000
  frames                      : 102,727,680


Policy 0: 
Timing:
  Play time               : 10.788 s
  Update time             : 1.031 s
  Time to train epoch     : 11.819 s


Statistics:
  fps step                    : 15,424
  fps step + policy inference : 15,188
  fps total                   : 13,863
  epoch                       : 628 / 1,000
  frames                      : 102,891,520


Policy 0: 
Timing:
  Play time               : 10.781 s
  Update time             : 0.911 s
  Time to train epoch     : 11.692 s


Statistics:
  fps step                    : 15,430
  fps step + policy inference : 15,197
  fps total                   : 14,013
  epoch                       : 629 / 1,000
  frames                      : 103,055,360


Policy 0: 
Timing:
  Play time               : 10.774 s
  Update time             : 0.965 s
  Time to train epoch     : 11.739 s


Statistics:
  fps step                    : 15,448
  fps step + policy inference : 15,206
  fps total                   : 13,957
  epoch                       : 630 / 1,000
  frames                      : 103,219,200


Policy 0: 
Timing:
  Play time               : 10.835 s
  Update time             : 0.957 s
  Time to train epoch     : 11.791 s


Statistics:
  fps step                    : 15,360
  fps step + policy inference : 15,122
  fps total                   : 13,895
  epoch                       : 631 / 1,000
  frames                      : 103,383,040


Policy 0: 
Timing:
  Play time               : 10.805 s
  Update time             : 0.957 s
  Time to train epoch     : 11.762 s


Statistics:
  fps step                    : 15,399
  fps step + policy inference : 15,163
  fps total                   : 13,929
  epoch                       : 632 / 1,000
  frames                      : 103,546,880


Policy 0: 
Timing:
  Play time               : 10.807 s
  Update time             : 0.966 s
  Time to train epoch     : 11.773 s


Statistics:
  fps step                    : 15,397
  fps step + policy inference : 15,160
  fps total                   : 13,917
  epoch                       : 633 / 1,000
  frames                      : 103,710,720


Policy 0: 
Timing:
  Play time               : 10.814 s
  Update time             : 0.989 s
  Time to train epoch     : 11.802 s


Statistics:
  fps step                    : 15,386
  fps step + policy inference : 15,151
  fps total                   : 13,882
  epoch                       : 634 / 1,000
  frames                      : 103,874,560


Policy 0: 
Timing:
  Play time               : 10.800 s
  Update time             : 0.943 s
  Time to train epoch     : 11.742 s


Statistics:
  fps step                    : 15,402
  fps step + policy inference : 15,171
  fps total                   : 13,953
  epoch                       : 635 / 1,000
  frames                      : 104,038,400


Policy 0: 
Timing:
  Play time               : 10.797 s
  Update time             : 0.968 s
  Time to train epoch     : 11.765 s


Statistics:
  fps step                    : 15,415
  fps step + policy inference : 15,174
  fps total                   : 13,926
  epoch                       : 636 / 1,000
  frames                      : 104,202,240


Policy 0: 
Timing:
  Play time               : 10.801 s
  Update time             : 0.977 s
  Time to train epoch     : 11.778 s


Statistics:
  fps step                    : 15,405
  fps step + policy inference : 15,169
  fps total                   : 13,910
  epoch                       : 637 / 1,000
  frames                      : 104,366,080


Policy 0: 
Timing:
  Play time               : 10.863 s
  Update time             : 1.098 s
  Time to train epoch     : 11.960 s


Statistics:
  fps step                    : 15,316
  fps step + policy inference : 15,083
  fps total                   : 13,699
  epoch                       : 638 / 1,000
  frames                      : 104,529,920


Policy 0: 
Timing:
  Play time               : 10.802 s
  Update time             : 1.088 s
  Time to train epoch     : 11.890 s


Statistics:
  fps step                    : 15,401
  fps step + policy inference : 15,168
  fps total                   : 13,780
  epoch                       : 639 / 1,000
  frames                      : 104,693,760


Policy 0: 
Timing:
  Play time               : 10.873 s
  Update time             : 0.962 s
  Time to train epoch     : 11.835 s


Statistics:
  fps step                    : 15,293
  fps step + policy inference : 15,069
  fps total                   : 13,844
  epoch                       : 640 / 1,000
  frames                      : 104,857,600


Policy 0: 
Timing:
  Play time               : 10.835 s
  Update time             : 0.957 s
  Time to train epoch     : 11.792 s


Statistics:
  fps step                    : 15,358
  fps step + policy inference : 15,121
  fps total                   : 13,894
  epoch                       : 641 / 1,000
  frames                      : 105,021,440


Policy 0: 
Timing:
  Play time               : 10.831 s
  Update time             : 1.042 s
  Time to train epoch     : 11.874 s


Statistics:
  fps step                    : 15,358
  fps step + policy inference : 15,126
  fps total                   : 13,799
  epoch                       : 642 / 1,000
  frames                      : 105,185,280


Policy 0: 
Timing:
  Play time               : 10.832 s
  Update time             : 1.106 s
  Time to train epoch     : 11.939 s


Statistics:
  fps step                    : 15,364
  fps step + policy inference : 15,125
  fps total                   : 13,723
  epoch                       : 643 / 1,000
  frames                      : 105,349,120


Policy 0: 
Timing:
  Play time               : 10.843 s
  Update time             : 1.037 s
  Time to train epoch     : 11.881 s


Statistics:
  fps step                    : 15,351
  fps step + policy inference : 15,110
  fps total                   : 13,790
  epoch                       : 644 / 1,000
  frames                      : 105,512,960


Policy 0: 
Timing:
  Play time               : 10.833 s
  Update time             : 0.962 s
  Time to train epoch     : 11.795 s


Statistics:
  fps step                    : 15,359
  fps step + policy inference : 15,124
  fps total                   : 13,890
  epoch                       : 645 / 1,000
  frames                      : 105,676,800


Policy 0: 
Timing:
  Play time               : 10.842 s
  Update time             : 0.954 s
  Time to train epoch     : 11.796 s


Statistics:
  fps step                    : 15,349
  fps step + policy inference : 15,112
  fps total                   : 13,889
  epoch                       : 646 / 1,000
  frames                      : 105,840,640


Policy 0: 
Timing:
  Play time               : 10.819 s
  Update time             : 0.951 s
  Time to train epoch     : 11.770 s


Statistics:
  fps step                    : 15,375
  fps step + policy inference : 15,144
  fps total                   : 13,920
  epoch                       : 647 / 1,000
  frames                      : 106,004,480


Policy 0: 
Timing:
  Play time               : 10.803 s
  Update time             : 1.012 s
  Time to train epoch     : 11.815 s


Statistics:
  fps step                    : 15,406
  fps step + policy inference : 15,166
  fps total                   : 13,867
  epoch                       : 648 / 1,000
  frames                      : 106,168,320


Policy 0: 
Timing:
  Play time               : 10.781 s
  Update time             : 1.060 s
  Time to train epoch     : 11.841 s


Statistics:
  fps step                    : 15,435
  fps step + policy inference : 15,197
  fps total                   : 13,836
  epoch                       : 649 / 1,000
  frames                      : 106,332,160


Policy 0: 
Timing:
  Play time               : 10.819 s
  Update time             : 1.057 s
  Time to train epoch     : 11.876 s


Statistics:
  fps step                    : 15,380
  fps step + policy inference : 15,144
  fps total                   : 13,796
  epoch                       : 650 / 1,000
  frames                      : 106,496,000


Policy 0: 
Timing:
  Play time               : 10.759 s
  Update time             : 1.013 s
  Time to train epoch     : 11.773 s


Statistics:
  fps step                    : 15,466
  fps step + policy inference : 15,228
  fps total                   : 13,917
  epoch                       : 651 / 1,000
  frames                      : 106,659,840


Policy 0: 
Timing:
  Play time               : 10.805 s
  Update time             : 0.978 s
  Time to train epoch     : 11.783 s


Statistics:
  fps step                    : 15,396
  fps step + policy inference : 15,163
  fps total                   : 13,905
  epoch                       : 652 / 1,000
  frames                      : 106,823,680


Policy 0: 
Timing:
  Play time               : 10.831 s
  Update time             : 0.953 s
  Time to train epoch     : 11.783 s


Statistics:
  fps step                    : 15,359
  fps step + policy inference : 15,127
  fps total                   : 13,904
  epoch                       : 653 / 1,000
  frames                      : 106,987,520


Policy 0: 
Timing:
  Play time               : 10.779 s
  Update time             : 0.947 s
  Time to train epoch     : 11.726 s


Statistics:
  fps step                    : 15,430
  fps step + policy inference : 15,200
  fps total                   : 13,972
  epoch                       : 654 / 1,000
  frames                      : 107,151,360


Policy 0: 
Timing:
  Play time               : 10.814 s
  Update time             : 0.955 s
  Time to train epoch     : 11.769 s


Statistics:
  fps step                    : 15,391
  fps step + policy inference : 15,150
  fps total                   : 13,921
  epoch                       : 655 / 1,000
  frames                      : 107,315,200


Policy 0: 
Timing:
  Play time               : 10.804 s
  Update time             : 1.005 s
  Time to train epoch     : 11.809 s


Statistics:
  fps step                    : 15,400
  fps step + policy inference : 15,165
  fps total                   : 13,875
  epoch                       : 656 / 1,000
  frames                      : 107,479,040


Policy 0: 
Timing:
  Play time               : 10.791 s
  Update time             : 1.016 s
  Time to train epoch     : 11.806 s


Statistics:
  fps step                    : 15,418
  fps step + policy inference : 15,184
  fps total                   : 13,877
  epoch                       : 657 / 1,000
  frames                      : 107,642,880


Policy 0: 
Timing:
  Play time               : 10.795 s
  Update time             : 1.023 s
  Time to train epoch     : 11.818 s


Statistics:
  fps step                    : 15,409
  fps step + policy inference : 15,177
  fps total                   : 13,863
  epoch                       : 658 / 1,000
  frames                      : 107,806,720


Policy 0: 
Timing:
  Play time               : 10.803 s
  Update time             : 1.019 s
  Time to train epoch     : 11.822 s


Statistics:
  fps step                    : 15,397
  fps step + policy inference : 15,167
  fps total                   : 13,859
  epoch                       : 659 / 1,000
  frames                      : 107,970,560


Policy 0: 
Timing:
  Play time               : 10.812 s
  Update time             : 0.961 s
  Time to train epoch     : 11.774 s


Statistics:
  fps step                    : 15,387
  fps step + policy inference : 15,153
  fps total                   : 13,916
  epoch                       : 660 / 1,000
  frames                      : 108,134,400


Policy 0: 
Timing:
  Play time               : 10.786 s
  Update time             : 0.949 s
  Time to train epoch     : 11.735 s


Statistics:
  fps step                    : 15,423
  fps step + policy inference : 15,190
  fps total                   : 13,961
  epoch                       : 661 / 1,000
  frames                      : 108,298,240


Policy 0: 
Timing:
  Play time               : 10.784 s
  Update time             : 0.952 s
  Time to train epoch     : 11.737 s


Statistics:
  fps step                    : 15,431
  fps step + policy inference : 15,192
  fps total                   : 13,960
  epoch                       : 662 / 1,000
  frames                      : 108,462,080


Policy 0: 
Timing:
  Play time               : 10.805 s
  Update time             : 0.957 s
  Time to train epoch     : 11.762 s


Statistics:
  fps step                    : 15,399
  fps step + policy inference : 15,163
  fps total                   : 13,929
  epoch                       : 663 / 1,000
  frames                      : 108,625,920


Policy 0: 
Timing:
  Play time               : 10.806 s
  Update time             : 0.941 s
  Time to train epoch     : 11.747 s


Statistics:
  fps step                    : 15,398
  fps step + policy inference : 15,162
  fps total                   : 13,947
  epoch                       : 664 / 1,000
  frames                      : 108,789,760


Policy 0: 
Timing:
  Play time               : 10.830 s
  Update time             : 0.935 s
  Time to train epoch     : 11.765 s


Statistics:
  fps step                    : 15,364
  fps step + policy inference : 15,128
  fps total                   : 13,926
  epoch                       : 665 / 1,000
  frames                      : 108,953,600


Policy 0: 
Timing:
  Play time               : 10.818 s
  Update time             : 0.953 s
  Time to train epoch     : 11.771 s


Statistics:
  fps step                    : 15,376
  fps step + policy inference : 15,146
  fps total                   : 13,919
  epoch                       : 666 / 1,000
  frames                      : 109,117,440


Policy 0: 
Timing:
  Play time               : 10.812 s
  Update time             : 0.946 s
  Time to train epoch     : 11.758 s


Statistics:
  fps step                    : 15,389
  fps step + policy inference : 15,154
  fps total                   : 13,934
  epoch                       : 667 / 1,000
  frames                      : 109,281,280


Policy 0: 
Timing:
  Play time               : 10.819 s
  Update time             : 0.959 s
  Time to train epoch     : 11.778 s


Statistics:
  fps step                    : 15,379
  fps step + policy inference : 15,144
  fps total                   : 13,911
  epoch                       : 668 / 1,000
  frames                      : 109,445,120


Policy 0: 
Timing:
  Play time               : 10.800 s
  Update time             : 0.955 s
  Time to train epoch     : 11.755 s


Statistics:
  fps step                    : 15,402
  fps step + policy inference : 15,170
  fps total                   : 13,937
  epoch                       : 669 / 1,000
  frames                      : 109,608,960


Policy 0: 
Timing:
  Play time               : 10.820 s
  Update time             : 0.958 s
  Time to train epoch     : 11.778 s


Statistics:
  fps step                    : 15,380
  fps step + policy inference : 15,142
  fps total                   : 13,911
  epoch                       : 670 / 1,000
  frames                      : 109,772,800


Policy 0: 
Timing:
  Play time               : 10.789 s
  Update time             : 0.995 s
  Time to train epoch     : 11.785 s


Statistics:
  fps step                    : 15,419
  fps step + policy inference : 15,185
  fps total                   : 13,903
  epoch                       : 671 / 1,000
  frames                      : 109,936,640


Policy 0: 
Timing:
  Play time               : 10.817 s
  Update time             : 0.989 s
  Time to train epoch     : 11.805 s


Statistics:
  fps step                    : 15,378
  fps step + policy inference : 15,147
  fps total                   : 13,878
  epoch                       : 672 / 1,000
  frames                      : 110,100,480


Policy 0: 
Timing:
  Play time               : 10.821 s
  Update time             : 1.023 s
  Time to train epoch     : 11.843 s


Statistics:
  fps step                    : 15,377
  fps step + policy inference : 15,142
  fps total                   : 13,834
  epoch                       : 673 / 1,000
  frames                      : 110,264,320


Policy 0: 
Timing:
  Play time               : 10.806 s
  Update time             : 1.047 s
  Time to train epoch     : 11.853 s


Statistics:
  fps step                    : 15,396
  fps step + policy inference : 15,161
  fps total                   : 13,822
  epoch                       : 674 / 1,000
  frames                      : 110,428,160


Policy 0: 
Timing:
  Play time               : 10.817 s
  Update time             : 1.026 s
  Time to train epoch     : 11.843 s


Statistics:
  fps step                    : 15,382
  fps step + policy inference : 15,147
  fps total                   : 13,834
  epoch                       : 675 / 1,000
  frames                      : 110,592,000


Policy 0: 
Timing:
  Play time               : 10.846 s
  Update time             : 0.988 s
  Time to train epoch     : 11.834 s


Statistics:
  fps step                    : 15,338
  fps step + policy inference : 15,106
  fps total                   : 13,845
  epoch                       : 676 / 1,000
  frames                      : 110,755,840


Policy 0: 
Timing:
  Play time               : 10.801 s
  Update time             : 0.925 s
  Time to train epoch     : 11.726 s


Statistics:
  fps step                    : 15,395
  fps step + policy inference : 15,169
  fps total                   : 13,973
  epoch                       : 677 / 1,000
  frames                      : 110,919,680


Policy 0: 
Timing:
  Play time               : 10.827 s
  Update time             : 0.958 s
  Time to train epoch     : 11.785 s


Statistics:
  fps step                    : 15,366
  fps step + policy inference : 15,132
  fps total                   : 13,902
  epoch                       : 678 / 1,000
  frames                      : 111,083,520


Policy 0: 
Timing:
  Play time               : 10.837 s
  Update time             : 0.957 s
  Time to train epoch     : 11.794 s


Statistics:
  fps step                    : 15,354
  fps step + policy inference : 15,118
  fps total                   : 13,891
  epoch                       : 679 / 1,000
  frames                      : 111,247,360


Policy 0: 
Timing:
  Play time               : 10.834 s
  Update time             : 0.936 s
  Time to train epoch     : 11.770 s


Statistics:
  fps step                    : 15,354
  fps step + policy inference : 15,123
  fps total                   : 13,920
  epoch                       : 680 / 1,000
  frames                      : 111,411,200


Policy 0: 
Timing:
  Play time               : 10.832 s
  Update time             : 0.969 s
  Time to train epoch     : 11.801 s


Statistics:
  fps step                    : 15,366
  fps step + policy inference : 15,126
  fps total                   : 13,884
  epoch                       : 681 / 1,000
  frames                      : 111,575,040


Policy 0: 
Timing:
  Play time               : 10.821 s
  Update time             : 0.958 s
  Time to train epoch     : 11.780 s


Statistics:
  fps step                    : 15,375
  fps step + policy inference : 15,140
  fps total                   : 13,909
  epoch                       : 682 / 1,000
  frames                      : 111,738,880


Policy 0: 
Timing:
  Play time               : 10.820 s
  Update time             : 0.962 s
  Time to train epoch     : 11.782 s


Statistics:
  fps step                    : 15,375
  fps step + policy inference : 15,143
  fps total                   : 13,906
  epoch                       : 683 / 1,000
  frames                      : 111,902,720


Policy 0: 
Timing:
  Play time               : 10.836 s
  Update time             : 1.013 s
  Time to train epoch     : 11.849 s


Statistics:
  fps step                    : 15,356
  fps step + policy inference : 15,120
  fps total                   : 13,827
  epoch                       : 684 / 1,000
  frames                      : 112,066,560


Policy 0: 
Timing:
  Play time               : 10.821 s
  Update time             : 0.999 s
  Time to train epoch     : 11.821 s


Statistics:
  fps step                    : 15,370
  fps step + policy inference : 15,141
  fps total                   : 13,861
  epoch                       : 685 / 1,000
  frames                      : 112,230,400


Policy 0: 
Timing:
  Play time               : 10.840 s
  Update time             : 1.046 s
  Time to train epoch     : 11.886 s


Statistics:
  fps step                    : 15,356
  fps step + policy inference : 15,114
  fps total                   : 13,784
  epoch                       : 686 / 1,000
  frames                      : 112,394,240


Policy 0: 
Timing:
  Play time               : 10.824 s
  Update time             : 1.054 s
  Time to train epoch     : 11.879 s


Statistics:
  fps step                    : 15,366
  fps step + policy inference : 15,136
  fps total                   : 13,793
  epoch                       : 687 / 1,000
  frames                      : 112,558,080


Policy 0: 
Timing:
  Play time               : 10.847 s
  Update time             : 0.991 s
  Time to train epoch     : 11.838 s


Statistics:
  fps step                    : 15,338
  fps step + policy inference : 15,105
  fps total                   : 13,840
  epoch                       : 688 / 1,000
  frames                      : 112,721,920


Policy 0: 
Timing:
  Play time               : 10.869 s
  Update time             : 0.971 s
  Time to train epoch     : 11.840 s


Statistics:
  fps step                    : 15,311
  fps step + policy inference : 15,074
  fps total                   : 13,838
  epoch                       : 689 / 1,000
  frames                      : 112,885,760


Policy 0: 
Timing:
  Play time               : 10.851 s
  Update time             : 0.973 s
  Time to train epoch     : 11.824 s


Statistics:
  fps step                    : 15,330
  fps step + policy inference : 15,100
  fps total                   : 13,857
  epoch                       : 690 / 1,000
  frames                      : 113,049,600


Policy 0: 
Timing:
  Play time               : 10.843 s
  Update time             : 0.947 s
  Time to train epoch     : 11.789 s


Statistics:
  fps step                    : 15,344
  fps step + policy inference : 15,111
  fps total                   : 13,897
  epoch                       : 691 / 1,000
  frames                      : 113,213,440


Policy 0: 
Timing:
  Play time               : 10.871 s
  Update time             : 0.952 s
  Time to train epoch     : 11.824 s


Statistics:
  fps step                    : 15,301
  fps step + policy inference : 15,071
  fps total                   : 13,857
  epoch                       : 692 / 1,000
  frames                      : 113,377,280


Policy 0: 
Timing:
  Play time               : 10.878 s
  Update time             : 0.967 s
  Time to train epoch     : 11.844 s


Statistics:
  fps step                    : 15,295
  fps step + policy inference : 15,062
  fps total                   : 13,833
  epoch                       : 693 / 1,000
  frames                      : 113,541,120


Policy 0: 
Timing:
  Play time               : 10.869 s
  Update time             : 0.958 s
  Time to train epoch     : 11.827 s


Statistics:
  fps step                    : 15,311
  fps step + policy inference : 15,074
  fps total                   : 13,853
  epoch                       : 694 / 1,000
  frames                      : 113,704,960


Policy 0: 
Timing:
  Play time               : 10.877 s
  Update time             : 0.974 s
  Time to train epoch     : 11.851 s


Statistics:
  fps step                    : 15,290
  fps step + policy inference : 15,063
  fps total                   : 13,825
  epoch                       : 695 / 1,000
  frames                      : 113,868,800


Policy 0: 
Timing:
  Play time               : 10.876 s
  Update time             : 0.915 s
  Time to train epoch     : 11.791 s


Statistics:
  fps step                    : 15,290
  fps step + policy inference : 15,064
  fps total                   : 13,895
  epoch                       : 696 / 1,000
  frames                      : 114,032,640


Policy 0: 
Timing:
  Play time               : 10.881 s
  Update time             : 0.928 s
  Time to train epoch     : 11.809 s


Statistics:
  fps step                    : 15,285
  fps step + policy inference : 15,057
  fps total                   : 13,874
  epoch                       : 697 / 1,000
  frames                      : 114,196,480


Policy 0: 
Timing:
  Play time               : 10.870 s
  Update time             : 0.935 s
  Time to train epoch     : 11.805 s


Statistics:
  fps step                    : 15,304
  fps step + policy inference : 15,073
  fps total                   : 13,878
  epoch                       : 698 / 1,000
  frames                      : 114,360,320


Policy 0: 
Timing:
  Play time               : 10.858 s
  Update time             : 0.942 s
  Time to train epoch     : 11.800 s


Statistics:
  fps step                    : 15,317
  fps step + policy inference : 15,089
  fps total                   : 13,884
  epoch                       : 699 / 1,000
  frames                      : 114,524,160


Policy 0: 
Timing:
  Play time               : 10.878 s
  Update time             : 1.011 s
  Time to train epoch     : 11.890 s


Statistics:
  fps step                    : 15,297
  fps step + policy inference : 15,061
  fps total                   : 13,780
  epoch                       : 700 / 1,000
  frames                      : 114,688,000


Policy 0: 
Timing:
  Play time               : 10.864 s
  Update time             : 1.010 s
  Time to train epoch     : 11.874 s


Statistics:
  fps step                    : 15,313
  fps step + policy inference : 15,082
  fps total                   : 13,799
  epoch                       : 701 / 1,000
  frames                      : 114,851,840


Policy 0: 
Timing:
  Play time               : 10.886 s
  Update time             : 1.004 s
  Time to train epoch     : 11.889 s


Statistics:
  fps step                    : 15,279
  fps step + policy inference : 15,051
  fps total                   : 13,780
  epoch                       : 702 / 1,000
  frames                      : 115,015,680


Policy 0: 
Timing:
  Play time               : 10.865 s
  Update time             : 0.972 s
  Time to train epoch     : 11.836 s


Statistics:
  fps step                    : 15,315
  fps step + policy inference : 15,080
  fps total                   : 13,842
  epoch                       : 703 / 1,000
  frames                      : 115,179,520


Policy 0: 
Timing:
  Play time               : 10.881 s
  Update time             : 0.971 s
  Time to train epoch     : 11.852 s


Statistics:
  fps step                    : 15,284
  fps step + policy inference : 15,057
  fps total                   : 13,824
  epoch                       : 704 / 1,000
  frames                      : 115,343,360


Policy 0: 
Timing:
  Play time               : 10.896 s
  Update time             : 0.995 s
  Time to train epoch     : 11.891 s


Statistics:
  fps step                    : 15,274
  fps step + policy inference : 15,037
  fps total                   : 13,778
  epoch                       : 705 / 1,000
  frames                      : 115,507,200


Policy 0: 
Timing:
  Play time               : 10.877 s
  Update time             : 0.986 s
  Time to train epoch     : 11.862 s


Statistics:
  fps step                    : 15,291
  fps step + policy inference : 15,063
  fps total                   : 13,812
  epoch                       : 706 / 1,000
  frames                      : 115,671,040


Policy 0: 
Timing:
  Play time               : 10.889 s
  Update time             : 0.985 s
  Time to train epoch     : 11.875 s


Statistics:
  fps step                    : 15,277
  fps step + policy inference : 15,046
  fps total                   : 13,798
  epoch                       : 707 / 1,000
  frames                      : 115,834,880


Policy 0: 
Timing:
  Play time               : 10.918 s
  Update time             : 1.037 s
  Time to train epoch     : 11.955 s


Statistics:
  fps step                    : 15,241
  fps step + policy inference : 15,007
  fps total                   : 13,704
  epoch                       : 708 / 1,000
  frames                      : 115,998,720


Policy 0: 
Timing:
  Play time               : 10.878 s
  Update time             : 1.107 s
  Time to train epoch     : 11.985 s


Statistics:
  fps step                    : 15,289
  fps step + policy inference : 15,061
  fps total                   : 13,670
  epoch                       : 709 / 1,000
  frames                      : 116,162,560


Policy 0: 
Timing:
  Play time               : 10.893 s
  Update time             : 1.008 s
  Time to train epoch     : 11.901 s


Statistics:
  fps step                    : 15,270
  fps step + policy inference : 15,041
  fps total                   : 13,767
  epoch                       : 710 / 1,000
  frames                      : 116,326,400


Policy 0: 
Timing:
  Play time               : 10.885 s
  Update time             : 0.957 s
  Time to train epoch     : 11.841 s


Statistics:
  fps step                    : 15,280
  fps step + policy inference : 15,053
  fps total                   : 13,837
  epoch                       : 711 / 1,000
  frames                      : 116,490,240


Policy 0: 
Timing:
  Play time               : 10.869 s
  Update time             : 0.952 s
  Time to train epoch     : 11.821 s


Statistics:
  fps step                    : 15,304
  fps step + policy inference : 15,074
  fps total                   : 13,860
  epoch                       : 712 / 1,000
  frames                      : 116,654,080


Policy 0: 
Timing:
  Play time               : 10.884 s
  Update time             : 0.977 s
  Time to train epoch     : 11.860 s


Statistics:
  fps step                    : 15,286
  fps step + policy inference : 15,054
  fps total                   : 13,814
  epoch                       : 713 / 1,000
  frames                      : 116,817,920


Policy 0: 
Timing:
  Play time               : 10.882 s
  Update time             : 0.948 s
  Time to train epoch     : 11.829 s


Statistics:
  fps step                    : 15,284
  fps step + policy inference : 15,056
  fps total                   : 13,850
  epoch                       : 714 / 1,000
  frames                      : 116,981,760


Policy 0: 
Timing:
  Play time               : 10.870 s
  Update time             : 0.914 s
  Time to train epoch     : 11.783 s


Statistics:
  fps step                    : 15,295
  fps step + policy inference : 15,073
  fps total                   : 13,904
  epoch                       : 715 / 1,000
  frames                      : 117,145,600


Policy 0: 
Timing:
  Play time               : 10.843 s
  Update time             : 0.986 s
  Time to train epoch     : 11.829 s


Statistics:
  fps step                    : 15,339
  fps step + policy inference : 15,111
  fps total                   : 13,851
  epoch                       : 716 / 1,000
  frames                      : 117,309,440


Policy 0: 
Timing:
  Play time               : 10.845 s
  Update time             : 1.033 s
  Time to train epoch     : 11.878 s


Statistics:
  fps step                    : 15,335
  fps step + policy inference : 15,107
  fps total                   : 13,794
  epoch                       : 717 / 1,000
  frames                      : 117,473,280


Policy 0: 
Timing:
  Play time               : 10.877 s
  Update time             : 1.050 s
  Time to train epoch     : 11.927 s


Statistics:
  fps step                    : 15,299
  fps step + policy inference : 15,063
  fps total                   : 13,737
  epoch                       : 718 / 1,000
  frames                      : 117,637,120


Policy 0: 
Timing:
  Play time               : 10.895 s
  Update time             : 1.043 s
  Time to train epoch     : 11.938 s


Statistics:
  fps step                    : 15,273
  fps step + policy inference : 15,039
  fps total                   : 13,724
  epoch                       : 719 / 1,000
  frames                      : 117,800,960


Policy 0: 
Timing:
  Play time               : 10.906 s
  Update time             : 0.951 s
  Time to train epoch     : 11.857 s


Statistics:
  fps step                    : 15,253
  fps step + policy inference : 15,023
  fps total                   : 13,818
  epoch                       : 720 / 1,000
  frames                      : 117,964,800


Policy 0: 
Timing:
  Play time               : 10.882 s
  Update time             : 0.938 s
  Time to train epoch     : 11.820 s


Statistics:
  fps step                    : 15,282
  fps step + policy inference : 15,055
  fps total                   : 13,861
  epoch                       : 721 / 1,000
  frames                      : 118,128,640


Policy 0: 
Timing:
  Play time               : 10.894 s
  Update time             : 0.942 s
  Time to train epoch     : 11.836 s


Statistics:
  fps step                    : 15,267
  fps step + policy inference : 15,039
  fps total                   : 13,843
  epoch                       : 722 / 1,000
  frames                      : 118,292,480


Policy 0: 
Timing:
  Play time               : 10.928 s
  Update time             : 0.951 s
  Time to train epoch     : 11.880 s


Statistics:
  fps step                    : 15,219
  fps step + policy inference : 14,992
  fps total                   : 13,792
  epoch                       : 723 / 1,000
  frames                      : 118,456,320


Policy 0: 
Timing:
  Play time               : 10.905 s
  Update time             : 0.960 s
  Time to train epoch     : 11.865 s


Statistics:
  fps step                    : 15,255
  fps step + policy inference : 15,024
  fps total                   : 13,808
  epoch                       : 724 / 1,000
  frames                      : 118,620,160


Policy 0: 
Timing:
  Play time               : 10.878 s
  Update time             : 0.961 s
  Time to train epoch     : 11.839 s


Statistics:
  fps step                    : 15,287
  fps step + policy inference : 15,061
  fps total                   : 13,839
  epoch                       : 725 / 1,000
  frames                      : 118,784,000


Policy 0: 
Timing:
  Play time               : 10.928 s
  Update time             : 1.003 s
  Time to train epoch     : 11.930 s


Statistics:
  fps step                    : 15,222
  fps step + policy inference : 14,993
  fps total                   : 13,733
  epoch                       : 726 / 1,000
  frames                      : 118,947,840


Policy 0: 
Timing:
  Play time               : 10.898 s
  Update time             : 1.007 s
  Time to train epoch     : 11.905 s


Statistics:
  fps step                    : 15,267
  fps step + policy inference : 15,034
  fps total                   : 13,762
  epoch                       : 727 / 1,000
  frames                      : 119,111,680


Policy 0: 
Timing:
  Play time               : 10.896 s
  Update time             : 1.008 s
  Time to train epoch     : 11.904 s


Statistics:
  fps step                    : 15,263
  fps step + policy inference : 15,037
  fps total                   : 13,763
  epoch                       : 728 / 1,000
  frames                      : 119,275,520


Policy 0: 
Timing:
  Play time               : 10.883 s
  Update time             : 1.013 s
  Time to train epoch     : 11.895 s


Statistics:
  fps step                    : 15,285
  fps step + policy inference : 15,055
  fps total                   : 13,773
  epoch                       : 729 / 1,000
  frames                      : 119,439,360


Policy 0: 
Timing:
  Play time               : 10.886 s
  Update time             : 1.024 s
  Time to train epoch     : 11.910 s


Statistics:
  fps step                    : 15,279
  fps step + policy inference : 15,051
  fps total                   : 13,756
  epoch                       : 730 / 1,000
  frames                      : 119,603,200


Policy 0: 
Timing:
  Play time               : 10.871 s
  Update time             : 0.975 s
  Time to train epoch     : 11.845 s


Statistics:
  fps step                    : 15,301
  fps step + policy inference : 15,072
  fps total                   : 13,832
  epoch                       : 731 / 1,000
  frames                      : 119,767,040


Policy 0: 
Timing:
  Play time               : 10.919 s
  Update time             : 0.955 s
  Time to train epoch     : 11.874 s


Statistics:
  fps step                    : 15,243
  fps step + policy inference : 15,005
  fps total                   : 13,798
  epoch                       : 732 / 1,000
  frames                      : 119,930,880


Policy 0: 
Timing:
  Play time               : 10.856 s
  Update time             : 0.943 s
  Time to train epoch     : 11.798 s


Statistics:
  fps step                    : 15,318
  fps step + policy inference : 15,092
  fps total                   : 13,887
  epoch                       : 733 / 1,000
  frames                      : 120,094,720


Policy 0: 
Timing:
  Play time               : 10.889 s
  Update time             : 0.930 s
  Time to train epoch     : 11.818 s


Statistics:
  fps step                    : 15,272
  fps step + policy inference : 15,047
  fps total                   : 13,863
  epoch                       : 734 / 1,000
  frames                      : 120,258,560


Policy 0: 
Timing:
  Play time               : 10.887 s
  Update time             : 0.934 s
  Time to train epoch     : 11.821 s


Statistics:
  fps step                    : 15,272
  fps step + policy inference : 15,049
  fps total                   : 13,860
  epoch                       : 735 / 1,000
  frames                      : 120,422,400


Policy 0: 
Timing:
  Play time               : 10.887 s
  Update time             : 0.940 s
  Time to train epoch     : 11.827 s


Statistics:
  fps step                    : 15,276
  fps step + policy inference : 15,049
  fps total                   : 13,853
  epoch                       : 736 / 1,000
  frames                      : 120,586,240


Policy 0: 
Timing:
  Play time               : 10.938 s
  Update time             : 0.950 s
  Time to train epoch     : 11.888 s


Statistics:
  fps step                    : 15,215
  fps step + policy inference : 14,978
  fps total                   : 13,782
  epoch                       : 737 / 1,000
  frames                      : 120,750,080


Policy 0: 
Timing:
  Play time               : 10.903 s
  Update time             : 0.961 s
  Time to train epoch     : 11.863 s


Statistics:
  fps step                    : 15,259
  fps step + policy inference : 15,028
  fps total                   : 13,811
  epoch                       : 738 / 1,000
  frames                      : 120,913,920


Policy 0: 
Timing:
  Play time               : 10.890 s
  Update time             : 0.948 s
  Time to train epoch     : 11.837 s


Statistics:
  fps step                    : 15,278
  fps step + policy inference : 15,045
  fps total                   : 13,841
  epoch                       : 739 / 1,000
  frames                      : 121,077,760


Policy 0: 
Timing:
  Play time               : 10.898 s
  Update time             : 0.935 s
  Time to train epoch     : 11.833 s


Statistics:
  fps step                    : 15,260
  fps step + policy inference : 15,034
  fps total                   : 13,846
  epoch                       : 740 / 1,000
  frames                      : 121,241,600


Policy 0: 
Timing:
  Play time               : 10.876 s
  Update time             : 0.942 s
  Time to train epoch     : 11.818 s


Statistics:
  fps step                    : 15,291
  fps step + policy inference : 15,065
  fps total                   : 13,864
  epoch                       : 741 / 1,000
  frames                      : 121,405,440


Policy 0: 
Timing:
  Play time               : 10.880 s
  Update time             : 0.980 s
  Time to train epoch     : 11.860 s


Statistics:
  fps step                    : 15,294
  fps step + policy inference : 15,059
  fps total                   : 13,814
  epoch                       : 742 / 1,000
  frames                      : 121,569,280


Policy 0: 
Timing:
  Play time               : 10.883 s
  Update time             : 1.030 s
  Time to train epoch     : 11.912 s


Statistics:
  fps step                    : 15,284
  fps step + policy inference : 15,055
  fps total                   : 13,754
  epoch                       : 743 / 1,000
  frames                      : 121,733,120


Policy 0: 
Timing:
  Play time               : 10.897 s
  Update time             : 1.025 s
  Time to train epoch     : 11.922 s


Statistics:
  fps step                    : 15,268
  fps step + policy inference : 15,035
  fps total                   : 13,742
  epoch                       : 744 / 1,000
  frames                      : 121,896,960


Policy 0: 
Timing:
  Play time               : 10.912 s
  Update time             : 1.028 s
  Time to train epoch     : 11.939 s


Statistics:
  fps step                    : 15,243
  fps step + policy inference : 15,015
  fps total                   : 13,723
  epoch                       : 745 / 1,000
  frames                      : 122,060,800


Policy 0: 
Timing:
  Play time               : 10.927 s
  Update time             : 0.996 s
  Time to train epoch     : 11.923 s


Statistics:
  fps step                    : 15,225
  fps step + policy inference : 14,995
  fps total                   : 13,741
  epoch                       : 746 / 1,000
  frames                      : 122,224,640


Policy 0: 
Timing:
  Play time               : 10.876 s
  Update time             : 0.946 s
  Time to train epoch     : 11.821 s


Statistics:
  fps step                    : 15,295
  fps step + policy inference : 15,065
  fps total                   : 13,860
  epoch                       : 747 / 1,000
  frames                      : 122,388,480


Policy 0: 
Timing:
  Play time               : 10.930 s
  Update time             : 0.986 s
  Time to train epoch     : 11.915 s


Statistics:
  fps step                    : 15,217
  fps step + policy inference : 14,990
  fps total                   : 13,750
  epoch                       : 748 / 1,000
  frames                      : 122,552,320


Policy 0: 
Timing:
  Play time               : 10.908 s
  Update time             : 0.944 s
  Time to train epoch     : 11.852 s


Statistics:
  fps step                    : 15,246
  fps step + policy inference : 15,020
  fps total                   : 13,823
  epoch                       : 749 / 1,000
  frames                      : 122,716,160


Policy 0: 
Timing:
  Play time               : 10.871 s
  Update time             : 0.953 s
  Time to train epoch     : 11.825 s


Statistics:
  fps step                    : 15,301
  fps step + policy inference : 15,071
  fps total                   : 13,856
  epoch                       : 750 / 1,000
  frames                      : 122,880,000


Policy 0: Saved recovery checkpoint runs/mg_C_seed2801/checkpoints/epoch_000750.pth; evaluation_due=False

Timing:
  Play time               : 10.934 s
  Update time             : 0.967 s
  Time to train epoch     : 11.901 s


Statistics:
  fps step                    : 15,215
  fps step + policy inference : 14,985
  fps total                   : 13,767
  epoch                       : 751 / 1,000
  frames                      : 123,043,840


Policy 0: 
Timing:
  Play time               : 10.941 s
  Update time             : 0.926 s
  Time to train epoch     : 11.867 s


Statistics:
  fps step                    : 15,196
  fps step + policy inference : 14,975
  fps total                   : 13,807
  epoch                       : 752 / 1,000
  frames                      : 123,207,680


Policy 0: 
Timing:
  Play time               : 10.911 s
  Update time             : 0.955 s
  Time to train epoch     : 11.867 s


Statistics:
  fps step                    : 15,244
  fps step + policy inference : 15,016
  fps total                   : 13,807
  epoch                       : 753 / 1,000
  frames                      : 123,371,520


Policy 0: 
Timing:
  Play time               : 10.893 s
  Update time             : 0.929 s
  Time to train epoch     : 11.821 s


Statistics:
  fps step                    : 15,268
  fps step + policy inference : 15,041
  fps total                   : 13,860
  epoch                       : 754 / 1,000
  frames                      : 123,535,360


Policy 0: 
Timing:
  Play time               : 10.898 s
  Update time             : 0.927 s
  Time to train epoch     : 11.824 s


Statistics:
  fps step                    : 15,264
  fps step + policy inference : 15,035
  fps total                   : 13,856
  epoch                       : 755 / 1,000
  frames                      : 123,699,200


Policy 0: 
Timing:
  Play time               : 10.945 s
  Update time             : 0.981 s
  Time to train epoch     : 11.926 s


Statistics:
  fps step                    : 15,207
  fps step + policy inference : 14,970
  fps total                   : 13,738
  epoch                       : 756 / 1,000
  frames                      : 123,863,040


Policy 0: 
Timing:
  Play time               : 10.889 s
  Update time             : 0.965 s
  Time to train epoch     : 11.855 s


Statistics:
  fps step                    : 15,274
  fps step + policy inference : 15,046
  fps total                   : 13,821
  epoch                       : 757 / 1,000
  frames                      : 124,026,880


Policy 0: 
Timing:
  Play time               : 10.917 s
  Update time             : 0.983 s
  Time to train epoch     : 11.900 s


Statistics:
  fps step                    : 15,241
  fps step + policy inference : 15,008
  fps total                   : 13,768
  epoch                       : 758 / 1,000
  frames                      : 124,190,720


Policy 0: 
Timing:
  Play time               : 10.885 s
  Update time             : 0.980 s
  Time to train epoch     : 11.865 s


Statistics:
  fps step                    : 15,279
  fps step + policy inference : 15,052
  fps total                   : 13,809
  epoch                       : 759 / 1,000
  frames                      : 124,354,560


Policy 0: 
Timing:
  Play time               : 10.903 s
  Update time             : 0.979 s
  Time to train epoch     : 11.881 s


Statistics:
  fps step                    : 15,250
  fps step + policy inference : 15,027
  fps total                   : 13,790
  epoch                       : 760 / 1,000
  frames                      : 124,518,400


Policy 0: 
Timing:
  Play time               : 10.929 s
  Update time             : 1.029 s
  Time to train epoch     : 11.958 s


Statistics:
  fps step                    : 15,228
  fps step + policy inference : 14,991
  fps total                   : 13,701
  epoch                       : 761 / 1,000
  frames                      : 124,682,240


Policy 0: 
Timing:
  Play time               : 10.892 s
  Update time             : 0.986 s
  Time to train epoch     : 11.878 s


Statistics:
  fps step                    : 15,268
  fps step + policy inference : 15,043
  fps total                   : 13,794
  epoch                       : 762 / 1,000
  frames                      : 124,846,080


Policy 0: 
Timing:
  Play time               : 10.901 s
  Update time             : 0.946 s
  Time to train epoch     : 11.847 s


Statistics:
  fps step                    : 15,258
  fps step + policy inference : 15,030
  fps total                   : 13,829
  epoch                       : 763 / 1,000
  frames                      : 125,009,920


Policy 0: 
Timing:
  Play time               : 10.893 s
  Update time             : 0.978 s
  Time to train epoch     : 11.871 s


Statistics:
  fps step                    : 15,267
  fps step + policy inference : 15,041
  fps total                   : 13,801
  epoch                       : 764 / 1,000
  frames                      : 125,173,760


Policy 0: 
Timing:
  Play time               : 10.904 s
  Update time             : 0.932 s
  Time to train epoch     : 11.835 s


Statistics:
  fps step                    : 15,252
  fps step + policy inference : 15,026
  fps total                   : 13,843
  epoch                       : 765 / 1,000
  frames                      : 125,337,600


Policy 0: 
Timing:
  Play time               : 10.925 s
  Update time             : 0.953 s
  Time to train epoch     : 11.878 s


Statistics:
  fps step                    : 15,229
  fps step + policy inference : 14,997
  fps total                   : 13,793
  epoch                       : 766 / 1,000
  frames                      : 125,501,440


Policy 0: 
Timing:
  Play time               : 10.875 s
  Update time             : 0.938 s
  Time to train epoch     : 11.813 s


Statistics:
  fps step                    : 15,293
  fps step + policy inference : 15,066
  fps total                   : 13,870
  epoch                       : 767 / 1,000
  frames                      : 125,665,280


Policy 0: 
Timing:
  Play time               : 10.917 s
  Update time             : 0.943 s
  Time to train epoch     : 11.860 s


Statistics:
  fps step                    : 15,234
  fps step + policy inference : 15,008
  fps total                   : 13,815
  epoch                       : 768 / 1,000
  frames                      : 125,829,120


Policy 0: 
Timing:
  Play time               : 10.898 s
  Update time             : 0.946 s
  Time to train epoch     : 11.844 s


Statistics:
  fps step                    : 15,262
  fps step + policy inference : 15,035
  fps total                   : 13,834
  epoch                       : 769 / 1,000
  frames                      : 125,992,960


Policy 0: 
Timing:
  Play time               : 10.914 s
  Update time             : 0.963 s
  Time to train epoch     : 11.877 s


Statistics:
  fps step                    : 15,240
  fps step + policy inference : 15,012
  fps total                   : 13,795
  epoch                       : 770 / 1,000
  frames                      : 126,156,800


Policy 0: 
Timing:
  Play time               : 10.888 s
  Update time             : 0.914 s
  Time to train epoch     : 11.802 s


Statistics:
  fps step                    : 15,268
  fps step + policy inference : 15,047
  fps total                   : 13,882
  epoch                       : 771 / 1,000
  frames                      : 126,320,640


Policy 0: 
Timing:
  Play time               : 10.896 s
  Update time             : 0.948 s
  Time to train epoch     : 11.844 s


Statistics:
  fps step                    : 15,261
  fps step + policy inference : 15,037
  fps total                   : 13,833
  epoch                       : 772 / 1,000
  frames                      : 126,484,480


Policy 0: 
Timing:
  Play time               : 10.907 s
  Update time             : 0.929 s
  Time to train epoch     : 11.836 s


Statistics:
  fps step                    : 15,250
  fps step + policy inference : 15,022
  fps total                   : 13,843
  epoch                       : 773 / 1,000
  frames                      : 126,648,320


Policy 0: 
Timing:
  Play time               : 10.882 s
  Update time             : 0.928 s
  Time to train epoch     : 11.810 s


Statistics:
  fps step                    : 15,282
  fps step + policy inference : 15,056
  fps total                   : 13,872
  epoch                       : 774 / 1,000
  frames                      : 126,812,160


Policy 0: 
Timing:
  Play time               : 10.956 s
  Update time             : 0.972 s
  Time to train epoch     : 11.928 s


Statistics:
  fps step                    : 15,190
  fps step + policy inference : 14,954
  fps total                   : 13,736
  epoch                       : 775 / 1,000
  frames                      : 126,976,000


Policy 0: 
Timing:
  Play time               : 10.884 s
  Update time             : 0.970 s
  Time to train epoch     : 11.854 s


Statistics:
  fps step                    : 15,281
  fps step + policy inference : 15,054
  fps total                   : 13,822
  epoch                       : 776 / 1,000
  frames                      : 127,139,840


Policy 0: 
Timing:
  Play time               : 10.930 s
  Update time             : 1.006 s
  Time to train epoch     : 11.936 s


Statistics:
  fps step                    : 15,216
  fps step + policy inference : 14,990
  fps total                   : 13,726
  epoch                       : 777 / 1,000
  frames                      : 127,303,680


Policy 0: 
Timing:
  Play time               : 10.934 s
  Update time             : 0.957 s
  Time to train epoch     : 11.891 s


Statistics:
  fps step                    : 15,213
  fps step + policy inference : 14,985
  fps total                   : 13,778
  epoch                       : 778 / 1,000
  frames                      : 127,467,520


Policy 0: 
Timing:
  Play time               : 10.893 s
  Update time             : 0.947 s
  Time to train epoch     : 11.840 s


Statistics:
  fps step                    : 15,265
  fps step + policy inference : 15,041
  fps total                   : 13,838
  epoch                       : 779 / 1,000
  frames                      : 127,631,360


Policy 0: 
Timing:
  Play time               : 10.978 s
  Update time             : 1.024 s
  Time to train epoch     : 12.002 s


Statistics:
  fps step                    : 15,159
  fps step + policy inference : 14,924
  fps total                   : 13,651
  epoch                       : 780 / 1,000
  frames                      : 127,795,200


Policy 0: 
Timing:
  Play time               : 10.926 s
  Update time             : 1.012 s
  Time to train epoch     : 11.938 s


Statistics:
  fps step                    : 15,224
  fps step + policy inference : 14,995
  fps total                   : 13,724
  epoch                       : 781 / 1,000
  frames                      : 127,959,040


Policy 0: 
Timing:
  Play time               : 10.943 s
  Update time             : 1.023 s
  Time to train epoch     : 11.966 s


Statistics:
  fps step                    : 15,199
  fps step + policy inference : 14,972
  fps total                   : 13,692
  epoch                       : 782 / 1,000
  frames                      : 128,122,880


Policy 0: 
Timing:
  Play time               : 10.951 s
  Update time             : 0.940 s
  Time to train epoch     : 11.891 s


Statistics:
  fps step                    : 15,187
  fps step + policy inference : 14,962
  fps total                   : 13,779
  epoch                       : 783 / 1,000
  frames                      : 128,286,720


Policy 0: 
Timing:
  Play time               : 10.951 s
  Update time             : 0.958 s
  Time to train epoch     : 11.910 s


Statistics:
  fps step                    : 15,184
  fps step + policy inference : 14,961
  fps total                   : 13,757
  epoch                       : 784 / 1,000
  frames                      : 128,450,560


Policy 0: 
Timing:
  Play time               : 10.977 s
  Update time             : 0.932 s
  Time to train epoch     : 11.909 s


Statistics:
  fps step                    : 15,155
  fps step + policy inference : 14,926
  fps total                   : 13,757
  epoch                       : 785 / 1,000
  frames                      : 128,614,400


Policy 0: 
Timing:
  Play time               : 10.986 s
  Update time             : 0.949 s
  Time to train epoch     : 11.935 s


Statistics:
  fps step                    : 15,138
  fps step + policy inference : 14,914
  fps total                   : 13,728
  epoch                       : 786 / 1,000
  frames                      : 128,778,240


Policy 0: 
Timing:
  Play time               : 10.930 s
  Update time             : 0.977 s
  Time to train epoch     : 11.907 s


Statistics:
  fps step                    : 15,216
  fps step + policy inference : 14,989
  fps total                   : 13,760
  epoch                       : 787 / 1,000
  frames                      : 128,942,080


Policy 0: 
Timing:
  Play time               : 10.951 s
  Update time             : 0.953 s
  Time to train epoch     : 11.904 s


Statistics:
  fps step                    : 15,185
  fps step + policy inference : 14,962
  fps total                   : 13,763
  epoch                       : 788 / 1,000
  frames                      : 129,105,920


Policy 0: 
Timing:
  Play time               : 10.938 s
  Update time             : 0.957 s
  Time to train epoch     : 11.895 s


Statistics:
  fps step                    : 15,203
  fps step + policy inference : 14,979
  fps total                   : 13,774
  epoch                       : 789 / 1,000
  frames                      : 129,269,760


Policy 0: 
Timing:
  Play time               : 10.954 s
  Update time             : 0.931 s
  Time to train epoch     : 11.885 s


Statistics:
  fps step                    : 15,181
  fps step + policy inference : 14,957
  fps total                   : 13,786
  epoch                       : 790 / 1,000
  frames                      : 129,433,600


Policy 0: 
Timing:
  Play time               : 10.949 s
  Update time             : 0.988 s
  Time to train epoch     : 11.937 s


Statistics:
  fps step                    : 15,188
  fps step + policy inference : 14,963
  fps total                   : 13,725
  epoch                       : 791 / 1,000
  frames                      : 129,597,440


Policy 0: 
Timing:
  Play time               : 10.942 s
  Update time             : 0.953 s
  Time to train epoch     : 11.895 s


Statistics:
  fps step                    : 15,200
  fps step + policy inference : 14,974
  fps total                   : 13,774
  epoch                       : 792 / 1,000
  frames                      : 129,761,280


Policy 0: 
Timing:
  Play time               : 10.967 s
  Update time             : 0.994 s
  Time to train epoch     : 11.961 s


Statistics:
  fps step                    : 15,168
  fps step + policy inference : 14,939
  fps total                   : 13,698
  epoch                       : 793 / 1,000
  frames                      : 129,925,120


Policy 0: 
Timing:
  Play time               : 11.002 s
  Update time             : 1.034 s
  Time to train epoch     : 12.036 s


Statistics:
  fps step                    : 15,125
  fps step + policy inference : 14,892
  fps total                   : 13,613
  epoch                       : 794 / 1,000
  frames                      : 130,088,960


Policy 0: 
Timing:
  Play time               : 10.979 s
  Update time             : 0.996 s
  Time to train epoch     : 11.975 s


Statistics:
  fps step                    : 15,150
  fps step + policy inference : 14,924
  fps total                   : 13,682
  epoch                       : 795 / 1,000
  frames                      : 130,252,800


Policy 0: 
Timing:
  Play time               : 10.954 s
  Update time             : 0.996 s
  Time to train epoch     : 11.949 s


Statistics:
  fps step                    : 15,183
  fps step + policy inference : 14,958
  fps total                   : 13,711
  epoch                       : 796 / 1,000
  frames                      : 130,416,640


Policy 0: 
Timing:
  Play time               : 10.983 s
  Update time             : 0.954 s
  Time to train epoch     : 11.937 s


Statistics:
  fps step                    : 15,141
  fps step + policy inference : 14,918
  fps total                   : 13,725
  epoch                       : 797 / 1,000
  frames                      : 130,580,480


Policy 0: 
Timing:
  Play time               : 10.972 s
  Update time             : 0.945 s
  Time to train epoch     : 11.917 s


Statistics:
  fps step                    : 15,158
  fps step + policy inference : 14,932
  fps total                   : 13,748
  epoch                       : 798 / 1,000
  frames                      : 130,744,320


Policy 0: 
Timing:
  Play time               : 10.992 s
  Update time             : 0.952 s
  Time to train epoch     : 11.943 s


Statistics:
  fps step                    : 15,138
  fps step + policy inference : 14,906
  fps total                   : 13,718
  epoch                       : 799 / 1,000
  frames                      : 130,908,160


Policy 0: 
Timing:
  Play time               : 10.986 s
  Update time             : 0.971 s
  Time to train epoch     : 11.957 s


Statistics:
  fps step                    : 15,137
  fps step + policy inference : 14,914
  fps total                   : 13,703
  epoch                       : 800 / 1,000
  frames                      : 131,072,000


Policy 0: 
Timing:
  Play time               : 10.974 s
  Update time             : 0.945 s
  Time to train epoch     : 11.919 s


Statistics:
  fps step                    : 15,160
  fps step + policy inference : 14,930
  fps total                   : 13,746
  epoch                       : 801 / 1,000
  frames                      : 131,235,840


Policy 0: 
Timing:
  Play time               : 10.968 s
  Update time             : 0.945 s
  Time to train epoch     : 11.912 s


Statistics:
  fps step                    : 15,162
  fps step + policy inference : 14,938
  fps total                   : 13,754
  epoch                       : 802 / 1,000
  frames                      : 131,399,680


Policy 0: 
Timing:
  Play time               : 10.979 s
  Update time             : 0.931 s
  Time to train epoch     : 11.909 s


Statistics:
  fps step                    : 15,146
  fps step + policy inference : 14,924
  fps total                   : 13,757
  epoch                       : 803 / 1,000
  frames                      : 131,563,520


Policy 0: 
Timing:
  Play time               : 11.002 s
  Update time             : 0.946 s
  Time to train epoch     : 11.948 s


Statistics:
  fps step                    : 15,116
  fps step + policy inference : 14,892
  fps total                   : 13,713
  epoch                       : 804 / 1,000
  frames                      : 131,727,360


Policy 0: 
Timing:
  Play time               : 10.957 s
  Update time             : 0.947 s
  Time to train epoch     : 11.904 s


Statistics:
  fps step                    : 15,178
  fps step + policy inference : 14,952
  fps total                   : 13,763
  epoch                       : 805 / 1,000
  frames                      : 131,891,200


Policy 0: 
Timing:
  Play time               : 10.982 s
  Update time             : 0.971 s
  Time to train epoch     : 11.953 s


Statistics:
  fps step                    : 15,149
  fps step + policy inference : 14,918
  fps total                   : 13,707
  epoch                       : 806 / 1,000
  frames                      : 132,055,040


Policy 0: 
Timing:
  Play time               : 10.955 s
  Update time             : 0.949 s
  Time to train epoch     : 11.904 s


Statistics:
  fps step                    : 15,180
  fps step + policy inference : 14,956
  fps total                   : 13,763
  epoch                       : 807 / 1,000
  frames                      : 132,218,880


Policy 0: 
Timing:
  Play time               : 10.962 s
  Update time             : 0.942 s
  Time to train epoch     : 11.904 s


Statistics:
  fps step                    : 15,168
  fps step + policy inference : 14,946
  fps total                   : 13,764
  epoch                       : 808 / 1,000
  frames                      : 132,382,720


Policy 0: 
Timing:
  Play time               : 10.978 s
  Update time             : 0.915 s
  Time to train epoch     : 11.894 s


Statistics:
  fps step                    : 15,149
  fps step + policy inference : 14,924
  fps total                   : 13,776
  epoch                       : 809 / 1,000
  frames                      : 132,546,560


Policy 0: 
Timing:
  Play time               : 10.966 s
  Update time             : 0.994 s
  Time to train epoch     : 11.960 s


Statistics:
  fps step                    : 15,164
  fps step + policy inference : 14,941
  fps total                   : 13,700
  epoch                       : 810 / 1,000
  frames                      : 132,710,400


Policy 0: 
Timing:
  Play time               : 10.971 s
  Update time             : 1.009 s
  Time to train epoch     : 11.981 s


Statistics:
  fps step                    : 15,158
  fps step + policy inference : 14,933
  fps total                   : 13,676
  epoch                       : 811 / 1,000
  frames                      : 132,874,240


Policy 0: 
Timing:
  Play time               : 10.951 s
  Update time             : 1.034 s
  Time to train epoch     : 11.985 s


Statistics:
  fps step                    : 15,189
  fps step + policy inference : 14,961
  fps total                   : 13,670
  epoch                       : 812 / 1,000
  frames                      : 133,038,080


Policy 0: 
Timing:
  Play time               : 10.993 s
  Update time             : 1.022 s
  Time to train epoch     : 12.015 s


Statistics:
  fps step                    : 15,132
  fps step + policy inference : 14,905
  fps total                   : 13,637
  epoch                       : 813 / 1,000
  frames                      : 133,201,920


Policy 0: 
Timing:
  Play time               : 10.966 s
  Update time             : 0.961 s
  Time to train epoch     : 11.928 s


Statistics:
  fps step                    : 15,166
  fps step + policy inference : 14,940
  fps total                   : 13,736
  epoch                       : 814 / 1,000
  frames                      : 133,365,760


Policy 0: 
Timing:
  Play time               : 10.970 s
  Update time             : 0.977 s
  Time to train epoch     : 11.947 s


Statistics:
  fps step                    : 15,160
  fps step + policy inference : 14,935
  fps total                   : 13,714
  epoch                       : 815 / 1,000
  frames                      : 133,529,600


Policy 0: 
Timing:
  Play time               : 10.944 s
  Update time             : 0.970 s
  Time to train epoch     : 11.915 s


Statistics:
  fps step                    : 15,193
  fps step + policy inference : 14,971
  fps total                   : 13,751
  epoch                       : 816 / 1,000
  frames                      : 133,693,440


Policy 0: 
Timing:
  Play time               : 10.966 s
  Update time             : 0.942 s
  Time to train epoch     : 11.909 s


Statistics:
  fps step                    : 15,168
  fps step + policy inference : 14,940
  fps total                   : 13,758
  epoch                       : 817 / 1,000
  frames                      : 133,857,280


Policy 0: 
Timing:
  Play time               : 10.983 s
  Update time             : 0.975 s
  Time to train epoch     : 11.958 s


Statistics:
  fps step                    : 15,151
  fps step + policy inference : 14,918
  fps total                   : 13,702
  epoch                       : 818 / 1,000
  frames                      : 134,021,120


Policy 0: 
Timing:
  Play time               : 10.964 s
  Update time             : 0.963 s
  Time to train epoch     : 11.927 s


Statistics:
  fps step                    : 15,165
  fps step + policy inference : 14,943
  fps total                   : 13,737
  epoch                       : 819 / 1,000
  frames                      : 134,184,960


Policy 0: 
Timing:
  Play time               : 10.997 s
  Update time             : 0.956 s
  Time to train epoch     : 11.953 s


Statistics:
  fps step                    : 15,127
  fps step + policy inference : 14,899
  fps total                   : 13,707
  epoch                       : 820 / 1,000
  frames                      : 134,348,800


Policy 0: 
Timing:
  Play time               : 10.998 s
  Update time             : 0.991 s
  Time to train epoch     : 11.990 s


Statistics:
  fps step                    : 15,119
  fps step + policy inference : 14,897
  fps total                   : 13,665
  epoch                       : 821 / 1,000
  frames                      : 134,512,640


Policy 0: 
Timing:
  Play time               : 11.009 s
  Update time             : 0.933 s
  Time to train epoch     : 11.942 s


Statistics:
  fps step                    : 15,102
  fps step + policy inference : 14,882
  fps total                   : 13,719
  epoch                       : 822 / 1,000
  frames                      : 134,676,480


Policy 0: 
Timing:
  Play time               : 11.015 s
  Update time             : 0.947 s
  Time to train epoch     : 11.963 s


Statistics:
  fps step                    : 15,097
  fps step + policy inference : 14,874
  fps total                   : 13,696
  epoch                       : 823 / 1,000
  frames                      : 134,840,320


Policy 0: 
Timing:
  Play time               : 10.990 s
  Update time             : 0.954 s
  Time to train epoch     : 11.944 s


Statistics:
  fps step                    : 15,129
  fps step + policy inference : 14,908
  fps total                   : 13,717
  epoch                       : 824 / 1,000
  frames                      : 135,004,160


Policy 0: 
Timing:
  Play time               : 10.994 s
  Update time             : 0.963 s
  Time to train epoch     : 11.957 s


Statistics:
  fps step                    : 15,129
  fps step + policy inference : 14,902
  fps total                   : 13,702
  epoch                       : 825 / 1,000
  frames                      : 135,168,000


Policy 0: 
Timing:
  Play time               : 10.984 s
  Update time             : 0.989 s
  Time to train epoch     : 11.973 s


Statistics:
  fps step                    : 15,138
  fps step + policy inference : 14,916
  fps total                   : 13,684
  epoch                       : 826 / 1,000
  frames                      : 135,331,840


Policy 0: 
Timing:
  Play time               : 10.988 s
  Update time             : 0.958 s
  Time to train epoch     : 11.947 s


Statistics:
  fps step                    : 15,126
  fps step + policy inference : 14,911
  fps total                   : 13,714
  epoch                       : 827 / 1,000
  frames                      : 135,495,680


Policy 0: 
Timing:
  Play time               : 11.009 s
  Update time             : 0.974 s
  Time to train epoch     : 11.983 s


Statistics:
  fps step                    : 15,108
  fps step + policy inference : 14,882
  fps total                   : 13,672
  epoch                       : 828 / 1,000
  frames                      : 135,659,520


Policy 0: 
Timing:
  Play time               : 10.990 s
  Update time             : 0.987 s
  Time to train epoch     : 11.977 s


Statistics:
  fps step                    : 15,129
  fps step + policy inference : 14,909
  fps total                   : 13,680
  epoch                       : 829 / 1,000
  frames                      : 135,823,360


Policy 0: 
Timing:
  Play time               : 10.997 s
  Update time             : 1.011 s
  Time to train epoch     : 12.008 s


Statistics:
  fps step                    : 15,123
  fps step + policy inference : 14,899
  fps total                   : 13,644
  epoch                       : 830 / 1,000
  frames                      : 135,987,200


Policy 0: 
Timing:
  Play time               : 10.999 s
  Update time             : 1.020 s
  Time to train epoch     : 12.019 s


Statistics:
  fps step                    : 15,127
  fps step + policy inference : 14,896
  fps total                   : 13,632
  epoch                       : 831 / 1,000
  frames                      : 136,151,040


Policy 0: 
Timing:
  Play time               : 11.013 s
  Update time             : 0.965 s
  Time to train epoch     : 11.978 s


Statistics:
  fps step                    : 15,103
  fps step + policy inference : 14,877
  fps total                   : 13,678
  epoch                       : 832 / 1,000
  frames                      : 136,314,880


Policy 0: 
Timing:
  Play time               : 11.023 s
  Update time             : 0.955 s
  Time to train epoch     : 11.978 s


Statistics:
  fps step                    : 15,091
  fps step + policy inference : 14,863
  fps total                   : 13,678
  epoch                       : 833 / 1,000
  frames                      : 136,478,720


Policy 0: 
Timing:
  Play time               : 10.987 s
  Update time             : 0.947 s
  Time to train epoch     : 11.934 s


Statistics:
  fps step                    : 15,136
  fps step + policy inference : 14,912
  fps total                   : 13,729
  epoch                       : 834 / 1,000
  frames                      : 136,642,560


Policy 0: 
Timing:
  Play time               : 11.004 s
  Update time             : 0.951 s
  Time to train epoch     : 11.955 s


Statistics:
  fps step                    : 15,114
  fps step + policy inference : 14,889
  fps total                   : 13,704
  epoch                       : 835 / 1,000
  frames                      : 136,806,400


Policy 0: 
Timing:
  Play time               : 11.018 s
  Update time             : 0.956 s
  Time to train epoch     : 11.974 s


Statistics:
  fps step                    : 15,098
  fps step + policy inference : 14,871
  fps total                   : 13,683
  epoch                       : 836 / 1,000
  frames                      : 136,970,240


Policy 0: 
Timing:
  Play time               : 11.008 s
  Update time             : 0.944 s
  Time to train epoch     : 11.952 s


Statistics:
  fps step                    : 15,111
  fps step + policy inference : 14,884
  fps total                   : 13,708
  epoch                       : 837 / 1,000
  frames                      : 137,134,080


Policy 0: 
Timing:
  Play time               : 11.002 s
  Update time             : 0.960 s
  Time to train epoch     : 11.962 s


Statistics:
  fps step                    : 15,117
  fps step + policy inference : 14,892
  fps total                   : 13,697
  epoch                       : 838 / 1,000
  frames                      : 137,297,920


Policy 0: 
Timing:
  Play time               : 10.963 s
  Update time             : 0.983 s
  Time to train epoch     : 11.945 s


Statistics:
  fps step                    : 15,173
  fps step + policy inference : 14,945
  fps total                   : 13,716
  epoch                       : 839 / 1,000
  frames                      : 137,461,760


Policy 0: 
Timing:
  Play time               : 10.977 s
  Update time             : 0.946 s
  Time to train epoch     : 11.922 s


Statistics:
  fps step                    : 15,152
  fps step + policy inference : 14,926
  fps total                   : 13,742
  epoch                       : 840 / 1,000
  frames                      : 137,625,600


Policy 0: 
Timing:
  Play time               : 10.959 s
  Update time             : 0.968 s
  Time to train epoch     : 11.928 s


Statistics:
  fps step                    : 15,175
  fps step + policy inference : 14,950
  fps total                   : 13,736
  epoch                       : 841 / 1,000
  frames                      : 137,789,440


Policy 0: 
Timing:
  Play time               : 11.009 s
  Update time             : 0.984 s
  Time to train epoch     : 11.993 s


Statistics:
  fps step                    : 15,111
  fps step + policy inference : 14,882
  fps total                   : 13,661
  epoch                       : 842 / 1,000
  frames                      : 137,953,280


Policy 0: 
Timing:
  Play time               : 10.984 s
  Update time             : 0.998 s
  Time to train epoch     : 11.982 s


Statistics:
  fps step                    : 15,141
  fps step + policy inference : 14,916
  fps total                   : 13,674
  epoch                       : 843 / 1,000
  frames                      : 138,117,120


Policy 0: 
Timing:
  Play time               : 10.977 s
  Update time             : 0.994 s
  Time to train epoch     : 11.971 s


Statistics:
  fps step                    : 15,153
  fps step + policy inference : 14,926
  fps total                   : 13,687
  epoch                       : 844 / 1,000
  frames                      : 138,280,960


Policy 0: 
Timing:
  Play time               : 10.982 s
  Update time             : 0.964 s
  Time to train epoch     : 11.946 s


Statistics:
  fps step                    : 15,142
  fps step + policy inference : 14,918
  fps total                   : 13,715
  epoch                       : 845 / 1,000
  frames                      : 138,444,800


Policy 0: 
Timing:
  Play time               : 10.956 s
  Update time             : 0.966 s
  Time to train epoch     : 11.922 s


Statistics:
  fps step                    : 15,175
  fps step + policy inference : 14,954
  fps total                   : 13,743
  epoch                       : 846 / 1,000
  frames                      : 138,608,640


Policy 0: 
Timing:
  Play time               : 11.001 s
  Update time             : 1.005 s
  Time to train epoch     : 12.007 s


Statistics:
  fps step                    : 15,121
  fps step + policy inference : 14,893
  fps total                   : 13,646
  epoch                       : 847 / 1,000
  frames                      : 138,772,480


Policy 0: 
Timing:
  Play time               : 10.992 s
  Update time             : 0.966 s
  Time to train epoch     : 11.958 s


Statistics:
  fps step                    : 15,129
  fps step + policy inference : 14,905
  fps total                   : 13,702
  epoch                       : 848 / 1,000
  frames                      : 138,936,320


Policy 0: 
Timing:
  Play time               : 10.989 s
  Update time             : 0.964 s
  Time to train epoch     : 11.953 s


Statistics:
  fps step                    : 15,136
  fps step + policy inference : 14,910
  fps total                   : 13,707
  epoch                       : 849 / 1,000
  frames                      : 139,100,160


Policy 0: 
Timing:
  Play time               : 10.971 s
  Update time             : 0.987 s
  Time to train epoch     : 11.958 s


Statistics:
  fps step                    : 15,167
  fps step + policy inference : 14,934
  fps total                   : 13,702
  epoch                       : 850 / 1,000
  frames                      : 139,264,000


Policy 0: 
Timing:
  Play time               : 10.958 s
  Update time             : 0.960 s
  Time to train epoch     : 11.917 s


Statistics:
  fps step                    : 15,179
  fps step + policy inference : 14,952
  fps total                   : 13,748
  epoch                       : 851 / 1,000
  frames                      : 139,427,840


Policy 0: 
Timing:
  Play time               : 11.016 s
  Update time             : 0.944 s
  Time to train epoch     : 11.959 s


Statistics:
  fps step                    : 15,100
  fps step + policy inference : 14,874
  fps total                   : 13,700
  epoch                       : 852 / 1,000
  frames                      : 139,591,680


Policy 0: 
Timing:
  Play time               : 11.006 s
  Update time             : 0.955 s
  Time to train epoch     : 11.961 s


Statistics:
  fps step                    : 15,110
  fps step + policy inference : 14,887
  fps total                   : 13,698
  epoch                       : 853 / 1,000
  frames                      : 139,755,520


Policy 0: 
Timing:
  Play time               : 10.996 s
  Update time             : 0.943 s
  Time to train epoch     : 11.939 s


Statistics:
  fps step                    : 15,122
  fps step + policy inference : 14,900
  fps total                   : 13,723
  epoch                       : 854 / 1,000
  frames                      : 139,919,360


Policy 0: 
Timing:
  Play time               : 11.016 s
  Update time             : 0.956 s
  Time to train epoch     : 11.972 s


Statistics:
  fps step                    : 15,101
  fps step + policy inference : 14,873
  fps total                   : 13,685
  epoch                       : 855 / 1,000
  frames                      : 140,083,200


Policy 0: 
Timing:
  Play time               : 10.988 s
  Update time             : 0.940 s
  Time to train epoch     : 11.928 s


Statistics:
  fps step                    : 15,136
  fps step + policy inference : 14,910
  fps total                   : 13,735
  epoch                       : 856 / 1,000
  frames                      : 140,247,040


Policy 0: 
Timing:
  Play time               : 10.995 s
  Update time             : 0.986 s
  Time to train epoch     : 11.981 s


Statistics:
  fps step                    : 15,128
  fps step + policy inference : 14,901
  fps total                   : 13,675
  epoch                       : 857 / 1,000
  frames                      : 140,410,880


Policy 0: 
Timing:
  Play time               : 10.996 s
  Update time             : 1.046 s
  Time to train epoch     : 12.043 s


Statistics:
  fps step                    : 15,125
  fps step + policy inference : 14,900
  fps total                   : 13,605
  epoch                       : 858 / 1,000
  frames                      : 140,574,720


Policy 0: 
Timing:
  Play time               : 11.004 s
  Update time             : 1.002 s
  Time to train epoch     : 12.006 s


Statistics:
  fps step                    : 15,116
  fps step + policy inference : 14,890
  fps total                   : 13,646
  epoch                       : 859 / 1,000
  frames                      : 140,738,560


Policy 0: 
Timing:
  Play time               : 10.985 s
  Update time             : 0.970 s
  Time to train epoch     : 11.955 s


Statistics:
  fps step                    : 15,138
  fps step + policy inference : 14,915
  fps total                   : 13,705
  epoch                       : 860 / 1,000
  frames                      : 140,902,400


Policy 0: 
Timing:
  Play time               : 11.015 s
  Update time             : 1.012 s
  Time to train epoch     : 12.027 s


Statistics:
  fps step                    : 15,104
  fps step + policy inference : 14,875
  fps total                   : 13,623
  epoch                       : 861 / 1,000
  frames                      : 141,066,240


Policy 0: 
Timing:
  Play time               : 11.028 s
  Update time             : 1.003 s
  Time to train epoch     : 12.031 s


Statistics:
  fps step                    : 15,084
  fps step + policy inference : 14,857
  fps total                   : 13,618
  epoch                       : 862 / 1,000
  frames                      : 141,230,080


Policy 0: 
Timing:
  Play time               : 10.987 s
  Update time             : 0.991 s
  Time to train epoch     : 11.978 s


Statistics:
  fps step                    : 15,136
  fps step + policy inference : 14,912
  fps total                   : 13,679
  epoch                       : 863 / 1,000
  frames                      : 141,393,920


Policy 0: 
Timing:
  Play time               : 11.003 s
  Update time             : 0.971 s
  Time to train epoch     : 11.974 s


Statistics:
  fps step                    : 15,114
  fps step + policy inference : 14,891
  fps total                   : 13,683
  epoch                       : 864 / 1,000
  frames                      : 141,557,760


Policy 0: 
Timing:
  Play time               : 10.997 s
  Update time             : 0.932 s
  Time to train epoch     : 11.929 s


Statistics:
  fps step                    : 15,115
  fps step + policy inference : 14,899
  fps total                   : 13,734
  epoch                       : 865 / 1,000
  frames                      : 141,721,600


Policy 0: 
Timing:
  Play time               : 11.022 s
  Update time             : 0.936 s
  Time to train epoch     : 11.958 s


Statistics:
  fps step                    : 15,091
  fps step + policy inference : 14,865
  fps total                   : 13,701
  epoch                       : 866 / 1,000
  frames                      : 141,885,440


Policy 0: 
Timing:
  Play time               : 11.014 s
  Update time             : 0.949 s
  Time to train epoch     : 11.963 s


Statistics:
  fps step                    : 15,102
  fps step + policy inference : 14,875
  fps total                   : 13,696
  epoch                       : 867 / 1,000
  frames                      : 142,049,280


Policy 0: 
Timing:
  Play time               : 11.010 s
  Update time             : 0.943 s
  Time to train epoch     : 11.954 s


Statistics:
  fps step                    : 15,106
  fps step + policy inference : 14,881
  fps total                   : 13,706
  epoch                       : 868 / 1,000
  frames                      : 142,213,120


Policy 0: 
Timing:
  Play time               : 11.022 s
  Update time             : 0.965 s
  Time to train epoch     : 11.987 s


Statistics:
  fps step                    : 15,093
  fps step + policy inference : 14,865
  fps total                   : 13,668
  epoch                       : 869 / 1,000
  frames                      : 142,376,960


Policy 0: 
Timing:
  Play time               : 11.004 s
  Update time             : 0.941 s
  Time to train epoch     : 11.944 s


Statistics:
  fps step                    : 15,113
  fps step + policy inference : 14,889
  fps total                   : 13,717
  epoch                       : 870 / 1,000
  frames                      : 142,540,800


Policy 0: 
Timing:
  Play time               : 11.011 s
  Update time             : 0.958 s
  Time to train epoch     : 11.969 s


Statistics:
  fps step                    : 15,104
  fps step + policy inference : 14,879
  fps total                   : 13,689
  epoch                       : 871 / 1,000
  frames                      : 142,704,640


Policy 0: 
Timing:
  Play time               : 10.993 s
  Update time             : 0.970 s
  Time to train epoch     : 11.963 s


Statistics:
  fps step                    : 15,128
  fps step + policy inference : 14,903
  fps total                   : 13,696
  epoch                       : 872 / 1,000
  frames                      : 142,868,480


Policy 0: 
Timing:
  Play time               : 11.014 s
  Update time             : 0.958 s
  Time to train epoch     : 11.972 s


Statistics:
  fps step                    : 15,102
  fps step + policy inference : 14,876
  fps total                   : 13,685
  epoch                       : 873 / 1,000
  frames                      : 143,032,320


Policy 0: 
Timing:
  Play time               : 11.037 s
  Update time             : 0.992 s
  Time to train epoch     : 12.029 s


Statistics:
  fps step                    : 15,072
  fps step + policy inference : 14,845
  fps total                   : 13,620
  epoch                       : 874 / 1,000
  frames                      : 143,196,160


Policy 0: 
Timing:
  Play time               : 11.040 s
  Update time             : 1.018 s
  Time to train epoch     : 12.058 s


Statistics:
  fps step                    : 15,066
  fps step + policy inference : 14,841
  fps total                   : 13,588
  epoch                       : 875 / 1,000
  frames                      : 143,360,000


Policy 0: 
Timing:
  Play time               : 11.006 s
  Update time             : 1.015 s
  Time to train epoch     : 12.021 s


Statistics:
  fps step                    : 15,115
  fps step + policy inference : 14,887
  fps total                   : 13,629
  epoch                       : 876 / 1,000
  frames                      : 143,523,840


Policy 0: 
Timing:
  Play time               : 11.003 s
  Update time             : 0.991 s
  Time to train epoch     : 11.994 s


Statistics:
  fps step                    : 15,115
  fps step + policy inference : 14,890
  fps total                   : 13,660
  epoch                       : 877 / 1,000
  frames                      : 143,687,680


Policy 0: 
Timing:
  Play time               : 11.001 s
  Update time             : 1.018 s
  Time to train epoch     : 12.019 s


Statistics:
  fps step                    : 15,118
  fps step + policy inference : 14,893
  fps total                   : 13,632
  epoch                       : 878 / 1,000
  frames                      : 143,851,520


Policy 0: 
Timing:
  Play time               : 10.978 s
  Update time             : 0.964 s
  Time to train epoch     : 11.942 s


Statistics:
  fps step                    : 15,149
  fps step + policy inference : 14,925
  fps total                   : 13,720
  epoch                       : 879 / 1,000
  frames                      : 144,015,360


Policy 0: 
Timing:
  Play time               : 11.029 s
  Update time             : 0.986 s
  Time to train epoch     : 12.015 s


Statistics:
  fps step                    : 15,089
  fps step + policy inference : 14,855
  fps total                   : 13,637
  epoch                       : 880 / 1,000
  frames                      : 144,179,200


Policy 0: 
Timing:
  Play time               : 10.966 s
  Update time             : 0.951 s
  Time to train epoch     : 11.917 s


Statistics:
  fps step                    : 15,167
  fps step + policy inference : 14,941
  fps total                   : 13,749
  epoch                       : 881 / 1,000
  frames                      : 144,343,040


Policy 0: 
Timing:
  Play time               : 11.027 s
  Update time             : 0.956 s
  Time to train epoch     : 11.983 s


Statistics:
  fps step                    : 15,087
  fps step + policy inference : 14,858
  fps total                   : 13,672
  epoch                       : 882 / 1,000
  frames                      : 144,506,880


Policy 0: 
Timing:
  Play time               : 11.009 s
  Update time             : 0.948 s
  Time to train epoch     : 11.957 s


Statistics:
  fps step                    : 15,103
  fps step + policy inference : 14,882
  fps total                   : 13,703
  epoch                       : 883 / 1,000
  frames                      : 144,670,720


Policy 0: 
Timing:
  Play time               : 10.993 s
  Update time             : 0.920 s
  Time to train epoch     : 11.913 s


Statistics:
  fps step                    : 15,125
  fps step + policy inference : 14,904
  fps total                   : 13,753
  epoch                       : 884 / 1,000
  frames                      : 144,834,560


Policy 0: 
Timing:
  Play time               : 10.996 s
  Update time             : 0.936 s
  Time to train epoch     : 11.932 s


Statistics:
  fps step                    : 15,130
  fps step + policy inference : 14,900
  fps total                   : 13,732
  epoch                       : 885 / 1,000
  frames                      : 144,998,400


Policy 0: 
Timing:
  Play time               : 10.979 s
  Update time             : 0.951 s
  Time to train epoch     : 11.930 s


Statistics:
  fps step                    : 15,149
  fps step + policy inference : 14,923
  fps total                   : 13,734
  epoch                       : 886 / 1,000
  frames                      : 145,162,240


Policy 0: 
Timing:
  Play time               : 11.008 s
  Update time             : 0.993 s
  Time to train epoch     : 12.000 s


Statistics:
  fps step                    : 15,115
  fps step + policy inference : 14,884
  fps total                   : 13,653
  epoch                       : 887 / 1,000
  frames                      : 145,326,080


Policy 0: 
Timing:
  Play time               : 10.983 s
  Update time             : 1.008 s
  Time to train epoch     : 11.991 s


Statistics:
  fps step                    : 15,146
  fps step + policy inference : 14,917
  fps total                   : 13,663
  epoch                       : 888 / 1,000
  frames                      : 145,489,920


Policy 0: 
Timing:
  Play time               : 10.984 s
  Update time             : 1.043 s
  Time to train epoch     : 12.027 s


Statistics:
  fps step                    : 15,143
  fps step + policy inference : 14,917
  fps total                   : 13,622
  epoch                       : 889 / 1,000
  frames                      : 145,653,760


Policy 0: 
Timing:
  Play time               : 11.012 s
  Update time             : 1.009 s
  Time to train epoch     : 12.020 s


Statistics:
  fps step                    : 15,105
  fps step + policy inference : 14,879
  fps total                   : 13,630
  epoch                       : 890 / 1,000
  frames                      : 145,817,600


Policy 0: 
Timing:
  Play time               : 10.997 s
  Update time             : 0.988 s
  Time to train epoch     : 11.985 s


Statistics:
  fps step                    : 15,122
  fps step + policy inference : 14,898
  fps total                   : 13,671
  epoch                       : 891 / 1,000
  frames                      : 145,981,440


Policy 0: 
Timing:
  Play time               : 10.994 s
  Update time             : 1.008 s
  Time to train epoch     : 12.001 s


Statistics:
  fps step                    : 15,133
  fps step + policy inference : 14,903
  fps total                   : 13,652
  epoch                       : 892 / 1,000
  frames                      : 146,145,280


Policy 0: 
Timing:
  Play time               : 10.988 s
  Update time             : 0.977 s
  Time to train epoch     : 11.965 s


Statistics:
  fps step                    : 15,138
  fps step + policy inference : 14,911
  fps total                   : 13,694
  epoch                       : 893 / 1,000
  frames                      : 146,309,120


Policy 0: 
Timing:
  Play time               : 10.981 s
  Update time             : 0.960 s
  Time to train epoch     : 11.940 s


Statistics:
  fps step                    : 15,150
  fps step + policy inference : 14,921
  fps total                   : 13,721
  epoch                       : 894 / 1,000
  frames                      : 146,472,960


Policy 0: 
Timing:
  Play time               : 10.976 s
  Update time             : 0.973 s
  Time to train epoch     : 11.950 s


Statistics:
  fps step                    : 15,157
  fps step + policy inference : 14,927
  fps total                   : 13,711
  epoch                       : 895 / 1,000
  frames                      : 146,636,800


Policy 0: 
Timing:
  Play time               : 10.996 s
  Update time             : 0.995 s
  Time to train epoch     : 11.992 s


Statistics:
  fps step                    : 15,128
  fps step + policy inference : 14,900
  fps total                   : 13,663
  epoch                       : 896 / 1,000
  frames                      : 146,800,640


Policy 0: 
Timing:
  Play time               : 10.982 s
  Update time             : 0.949 s
  Time to train epoch     : 11.931 s


Statistics:
  fps step                    : 15,144
  fps step + policy inference : 14,919
  fps total                   : 13,733
  epoch                       : 897 / 1,000
  frames                      : 146,964,480


Policy 0: 
Timing:
  Play time               : 11.006 s
  Update time             : 0.961 s
  Time to train epoch     : 11.967 s


Statistics:
  fps step                    : 15,113
  fps step + policy inference : 14,887
  fps total                   : 13,691
  epoch                       : 898 / 1,000
  frames                      : 147,128,320


Policy 0: 
Timing:
  Play time               : 11.039 s
  Update time             : 0.951 s
  Time to train epoch     : 11.990 s


Statistics:
  fps step                    : 15,075
  fps step + policy inference : 14,841
  fps total                   : 13,664
  epoch                       : 899 / 1,000
  frames                      : 147,292,160


Policy 0: 
Timing:
  Play time               : 10.994 s
  Update time             : 0.953 s
  Time to train epoch     : 11.947 s


Statistics:
  fps step                    : 15,131
  fps step + policy inference : 14,902
  fps total                   : 13,714
  epoch                       : 900 / 1,000
  frames                      : 147,456,000


Policy 0: 
Timing:
  Play time               : 10.990 s
  Update time             : 0.955 s
  Time to train epoch     : 11.945 s


Statistics:
  fps step                    : 15,137
  fps step + policy inference : 14,909
  fps total                   : 13,717
  epoch                       : 901 / 1,000
  frames                      : 147,619,840


Policy 0: 
Timing:
  Play time               : 10.985 s
  Update time             : 0.961 s
  Time to train epoch     : 11.946 s


Statistics:
  fps step                    : 15,136
  fps step + policy inference : 14,915
  fps total                   : 13,715
  epoch                       : 902 / 1,000
  frames                      : 147,783,680


Policy 0: 
Timing:
  Play time               : 10.992 s
  Update time             : 0.994 s
  Time to train epoch     : 11.986 s


Statistics:
  fps step                    : 15,130
  fps step + policy inference : 14,905
  fps total                   : 13,670
  epoch                       : 903 / 1,000
  frames                      : 147,947,520


Policy 0: 
Timing:
  Play time               : 10.997 s
  Update time             : 1.009 s
  Time to train epoch     : 12.005 s


Statistics:
  fps step                    : 15,128
  fps step + policy inference : 14,899
  fps total                   : 13,647
  epoch                       : 904 / 1,000
  frames                      : 148,111,360


Policy 0: 
Timing:
  Play time               : 10.953 s
  Update time             : 1.003 s
  Time to train epoch     : 11.955 s


Statistics:
  fps step                    : 15,184
  fps step + policy inference : 14,959
  fps total                   : 13,704
  epoch                       : 905 / 1,000
  frames                      : 148,275,200


Policy 0: 
Timing:
  Play time               : 10.976 s
  Update time             : 1.014 s
  Time to train epoch     : 11.990 s


Statistics:
  fps step                    : 15,158
  fps step + policy inference : 14,928
  fps total                   : 13,665
  epoch                       : 906 / 1,000
  frames                      : 148,439,040


Policy 0: 
Timing:
  Play time               : 10.969 s
  Update time             : 1.011 s
  Time to train epoch     : 11.980 s


Statistics:
  fps step                    : 15,163
  fps step + policy inference : 14,936
  fps total                   : 13,676
  epoch                       : 907 / 1,000
  frames                      : 148,602,880


Policy 0: 
Timing:
  Play time               : 10.989 s
  Update time             : 0.965 s
  Time to train epoch     : 11.954 s


Statistics:
  fps step                    : 15,142
  fps step + policy inference : 14,910
  fps total                   : 13,706
  epoch                       : 908 / 1,000
  frames                      : 148,766,720


Policy 0: 
Timing:
  Play time               : 11.014 s
  Update time             : 0.932 s
  Time to train epoch     : 11.946 s


Statistics:
  fps step                    : 15,102
  fps step + policy inference : 14,876
  fps total                   : 13,715
  epoch                       : 909 / 1,000
  frames                      : 148,930,560


Policy 0: 
Timing:
  Play time               : 10.971 s
  Update time             : 0.938 s
  Time to train epoch     : 11.909 s


Statistics:
  fps step                    : 15,159
  fps step + policy inference : 14,934
  fps total                   : 13,757
  epoch                       : 910 / 1,000
  frames                      : 149,094,400


Policy 0: 
Timing:
  Play time               : 10.947 s
  Update time             : 0.961 s
  Time to train epoch     : 11.908 s


Statistics:
  fps step                    : 15,202
  fps step + policy inference : 14,967
  fps total                   : 13,759
  epoch                       : 911 / 1,000
  frames                      : 149,258,240


Policy 0: 
Timing:
  Play time               : 10.980 s
  Update time             : 0.943 s
  Time to train epoch     : 11.922 s


Statistics:
  fps step                    : 15,146
  fps step + policy inference : 14,922
  fps total                   : 13,742
  epoch                       : 912 / 1,000
  frames                      : 149,422,080


Policy 0: 
Timing:
  Play time               : 10.937 s
  Update time             : 0.970 s
  Time to train epoch     : 11.908 s


Statistics:
  fps step                    : 15,208
  fps step + policy inference : 14,980
  fps total                   : 13,759
  epoch                       : 913 / 1,000
  frames                      : 149,585,920


Policy 0: 
Timing:
  Play time               : 10.960 s
  Update time             : 0.964 s
  Time to train epoch     : 11.924 s


Statistics:
  fps step                    : 15,176
  fps step + policy inference : 14,949
  fps total                   : 13,740
  epoch                       : 914 / 1,000
  frames                      : 149,749,760


Policy 0: 
Timing:
  Play time               : 10.914 s
  Update time             : 0.919 s
  Time to train epoch     : 11.834 s


Statistics:
  fps step                    : 15,237
  fps step + policy inference : 15,011
  fps total                   : 13,845
  epoch                       : 915 / 1,000
  frames                      : 149,913,600


Policy 0: 
Timing:
  Play time               : 10.949 s
  Update time             : 0.949 s
  Time to train epoch     : 11.898 s


Statistics:
  fps step                    : 15,191
  fps step + policy inference : 14,964
  fps total                   : 13,770
  epoch                       : 916 / 1,000
  frames                      : 150,077,440


Policy 0: 
Timing:
  Play time               : 10.933 s
  Update time             : 0.955 s
  Time to train epoch     : 11.888 s


Statistics:
  fps step                    : 15,212
  fps step + policy inference : 14,986
  fps total                   : 13,782
  epoch                       : 917 / 1,000
  frames                      : 150,241,280


Policy 0: 
Timing:
  Play time               : 10.959 s
  Update time             : 0.973 s
  Time to train epoch     : 11.933 s


Statistics:
  fps step                    : 15,182
  fps step + policy inference : 14,950
  fps total                   : 13,730
  epoch                       : 918 / 1,000
  frames                      : 150,405,120


Policy 0: 
Timing:
  Play time               : 10.941 s
  Update time             : 0.977 s
  Time to train epoch     : 11.918 s


Statistics:
  fps step                    : 15,203
  fps step + policy inference : 14,975
  fps total                   : 13,747
  epoch                       : 919 / 1,000
  frames                      : 150,568,960


Policy 0: 
Timing:
  Play time               : 10.959 s
  Update time             : 0.992 s
  Time to train epoch     : 11.952 s


Statistics:
  fps step                    : 15,176
  fps step + policy inference : 14,950
  fps total                   : 13,709
  epoch                       : 920 / 1,000
  frames                      : 150,732,800


Policy 0: 
Timing:
  Play time               : 10.944 s
  Update time             : 0.980 s
  Time to train epoch     : 11.924 s


Statistics:
  fps step                    : 15,193
  fps step + policy inference : 14,970
  fps total                   : 13,740
  epoch                       : 921 / 1,000
  frames                      : 150,896,640


Policy 0: 
Timing:
  Play time               : 10.929 s
  Update time             : 1.005 s
  Time to train epoch     : 11.934 s


Statistics:
  fps step                    : 15,216
  fps step + policy inference : 14,991
  fps total                   : 13,728
  epoch                       : 922 / 1,000
  frames                      : 151,060,480


Policy 0: 
Timing:
  Play time               : 10.949 s
  Update time             : 0.972 s
  Time to train epoch     : 11.921 s


Statistics:
  fps step                    : 15,195
  fps step + policy inference : 14,964
  fps total                   : 13,744
  epoch                       : 923 / 1,000
  frames                      : 151,224,320


Policy 0: 
Timing:
  Play time               : 10.935 s
  Update time             : 0.962 s
  Time to train epoch     : 11.897 s


Statistics:
  fps step                    : 15,209
  fps step + policy inference : 14,983
  fps total                   : 13,771
  epoch                       : 924 / 1,000
  frames                      : 151,388,160


Policy 0: 
Timing:
  Play time               : 10.947 s
  Update time             : 0.972 s
  Time to train epoch     : 11.919 s


Statistics:
  fps step                    : 15,200
  fps step + policy inference : 14,966
  fps total                   : 13,746
  epoch                       : 925 / 1,000
  frames                      : 151,552,000


Policy 0: 
Timing:
  Play time               : 10.936 s
  Update time             : 0.955 s
  Time to train epoch     : 11.891 s


Statistics:
  fps step                    : 15,211
  fps step + policy inference : 14,982
  fps total                   : 13,779
  epoch                       : 926 / 1,000
  frames                      : 151,715,840


Policy 0: 
Timing:
  Play time               : 10.943 s
  Update time             : 0.954 s
  Time to train epoch     : 11.897 s


Statistics:
  fps step                    : 15,196
  fps step + policy inference : 14,972
  fps total                   : 13,771
  epoch                       : 927 / 1,000
  frames                      : 151,879,680


Policy 0: 
Timing:
  Play time               : 10.961 s
  Update time             : 0.956 s
  Time to train epoch     : 11.917 s


Statistics:
  fps step                    : 15,176
  fps step + policy inference : 14,948
  fps total                   : 13,749
  epoch                       : 928 / 1,000
  frames                      : 152,043,520


Policy 0: 
Timing:
  Play time               : 10.953 s
  Update time             : 0.929 s
  Time to train epoch     : 11.881 s


Statistics:
  fps step                    : 15,184
  fps step + policy inference : 14,959
  fps total                   : 13,790
  epoch                       : 929 / 1,000
  frames                      : 152,207,360


Policy 0: 
Timing:
  Play time               : 10.931 s
  Update time             : 0.959 s
  Time to train epoch     : 11.890 s


Statistics:
  fps step                    : 15,222
  fps step + policy inference : 14,989
  fps total                   : 13,780
  epoch                       : 930 / 1,000
  frames                      : 152,371,200


Policy 0: 
Timing:
  Play time               : 10.951 s
  Update time             : 0.964 s
  Time to train epoch     : 11.915 s


Statistics:
  fps step                    : 15,187
  fps step + policy inference : 14,961
  fps total                   : 13,751
  epoch                       : 931 / 1,000
  frames                      : 152,535,040


Policy 0: 
Timing:
  Play time               : 10.947 s
  Update time             : 0.957 s
  Time to train epoch     : 11.904 s


Statistics:
  fps step                    : 15,195
  fps step + policy inference : 14,967
  fps total                   : 13,764
  epoch                       : 932 / 1,000
  frames                      : 152,698,880


Policy 0: 
Timing:
  Play time               : 10.951 s
  Update time             : 0.944 s
  Time to train epoch     : 11.895 s


Statistics:
  fps step                    : 15,191
  fps step + policy inference : 14,961
  fps total                   : 13,774
  epoch                       : 933 / 1,000
  frames                      : 152,862,720


Policy 0: 
Timing:
  Play time               : 10.914 s
  Update time             : 0.948 s
  Time to train epoch     : 11.863 s


Statistics:
  fps step                    : 15,239
  fps step + policy inference : 15,012
  fps total                   : 13,811
  epoch                       : 934 / 1,000
  frames                      : 153,026,560


Policy 0: 
Timing:
  Play time               : 10.909 s
  Update time             : 0.969 s
  Time to train epoch     : 11.878 s


Statistics:
  fps step                    : 15,245
  fps step + policy inference : 15,019
  fps total                   : 13,794
  epoch                       : 935 / 1,000
  frames                      : 153,190,400


Policy 0: 
Timing:
  Play time               : 10.917 s
  Update time             : 0.982 s
  Time to train epoch     : 11.899 s


Statistics:
  fps step                    : 15,238
  fps step + policy inference : 15,007
  fps total                   : 13,769
  epoch                       : 936 / 1,000
  frames                      : 153,354,240


Policy 0: 
Timing:
  Play time               : 10.963 s
  Update time             : 0.969 s
  Time to train epoch     : 11.932 s


Statistics:
  fps step                    : 15,178
  fps step + policy inference : 14,945
  fps total                   : 13,731
  epoch                       : 937 / 1,000
  frames                      : 153,518,080


Policy 0: 
Timing:
  Play time               : 10.928 s
  Update time             : 0.983 s
  Time to train epoch     : 11.911 s


Statistics:
  fps step                    : 15,218
  fps step + policy inference : 14,993
  fps total                   : 13,755
  epoch                       : 938 / 1,000
  frames                      : 153,681,920


Policy 0: 
Timing:
  Play time               : 10.940 s
  Update time             : 1.014 s
  Time to train epoch     : 11.954 s


Statistics:
  fps step                    : 15,204
  fps step + policy inference : 14,976
  fps total                   : 13,706
  epoch                       : 939 / 1,000
  frames                      : 153,845,760


Policy 0: 
Timing:
  Play time               : 10.911 s
  Update time             : 1.003 s
  Time to train epoch     : 11.914 s


Statistics:
  fps step                    : 15,238
  fps step + policy inference : 15,016
  fps total                   : 13,752
  epoch                       : 940 / 1,000
  frames                      : 154,009,600


Policy 0: 
Timing:
  Play time               : 10.891 s
  Update time             : 0.984 s
  Time to train epoch     : 11.875 s


Statistics:
  fps step                    : 15,271
  fps step + policy inference : 15,044
  fps total                   : 13,798
  epoch                       : 941 / 1,000
  frames                      : 154,173,440


Policy 0: 
Timing:
  Play time               : 10.946 s
  Update time             : 0.941 s
  Time to train epoch     : 11.887 s


Statistics:
  fps step                    : 15,198
  fps step + policy inference : 14,968
  fps total                   : 13,783
  epoch                       : 942 / 1,000
  frames                      : 154,337,280


Policy 0: 
Timing:
  Play time               : 10.940 s
  Update time             : 0.982 s
  Time to train epoch     : 11.922 s


Statistics:
  fps step                    : 15,206
  fps step + policy inference : 14,976
  fps total                   : 13,743
  epoch                       : 943 / 1,000
  frames                      : 154,501,120


Policy 0: 
Timing:
  Play time               : 10.935 s
  Update time             : 0.955 s
  Time to train epoch     : 11.890 s


Statistics:
  fps step                    : 15,219
  fps step + policy inference : 14,984
  fps total                   : 13,780
  epoch                       : 944 / 1,000
  frames                      : 154,664,960


Policy 0: 
Timing:
  Play time               : 10.933 s
  Update time             : 0.961 s
  Time to train epoch     : 11.893 s


Statistics:
  fps step                    : 15,214
  fps step + policy inference : 14,986
  fps total                   : 13,776
  epoch                       : 945 / 1,000
  frames                      : 154,828,800


Policy 0: 
Timing:
  Play time               : 10.908 s
  Update time             : 0.955 s
  Time to train epoch     : 11.864 s


Statistics:
  fps step                    : 15,246
  fps step + policy inference : 15,020
  fps total                   : 13,810
  epoch                       : 946 / 1,000
  frames                      : 154,992,640


Policy 0: 
Timing:
  Play time               : 10.954 s
  Update time             : 0.937 s
  Time to train epoch     : 11.891 s


Statistics:
  fps step                    : 15,187
  fps step + policy inference : 14,958
  fps total                   : 13,779
  epoch                       : 947 / 1,000
  frames                      : 155,156,480


Policy 0: 
Timing:
  Play time               : 10.932 s
  Update time             : 0.956 s
  Time to train epoch     : 11.888 s


Statistics:
  fps step                    : 15,218
  fps step + policy inference : 14,988
  fps total                   : 13,782
  epoch                       : 948 / 1,000
  frames                      : 155,320,320


Policy 0: 
Timing:
  Play time               : 10.914 s
  Update time             : 0.976 s
  Time to train epoch     : 11.890 s


Statistics:
  fps step                    : 15,243
  fps step + policy inference : 15,013
  fps total                   : 13,780
  epoch                       : 949 / 1,000
  frames                      : 155,484,160


Policy 0: 
Timing:
  Play time               : 10.883 s
  Update time             : 0.958 s
  Time to train epoch     : 11.841 s


Statistics:
  fps step                    : 15,280
  fps step + policy inference : 15,054
  fps total                   : 13,836
  epoch                       : 950 / 1,000
  frames                      : 155,648,000


Policy 0: 
Timing:
  Play time               : 10.916 s
  Update time             : 0.988 s
  Time to train epoch     : 11.904 s


Statistics:
  fps step                    : 15,241
  fps step + policy inference : 15,009
  fps total                   : 13,764
  epoch                       : 951 / 1,000
  frames                      : 155,811,840


Policy 0: 
Timing:
  Play time               : 10.925 s
  Update time             : 1.016 s
  Time to train epoch     : 11.941 s


Statistics:
  fps step                    : 15,229
  fps step + policy inference : 14,997
  fps total                   : 13,721
  epoch                       : 952 / 1,000
  frames                      : 155,975,680


Policy 0: 
Timing:
  Play time               : 10.920 s
  Update time             : 0.968 s
  Time to train epoch     : 11.888 s


Statistics:
  fps step                    : 15,229
  fps step + policy inference : 15,004
  fps total                   : 13,782
  epoch                       : 953 / 1,000
  frames                      : 156,139,520


Policy 0: 
Timing:
  Play time               : 10.923 s
  Update time             : 0.974 s
  Time to train epoch     : 11.897 s


Statistics:
  fps step                    : 15,225
  fps step + policy inference : 15,000
  fps total                   : 13,771
  epoch                       : 954 / 1,000
  frames                      : 156,303,360


Policy 0: 
Timing:
  Play time               : 10.947 s
  Update time             : 1.003 s
  Time to train epoch     : 11.951 s


Statistics:
  fps step                    : 15,193
  fps step + policy inference : 14,966
  fps total                   : 13,710
  epoch                       : 955 / 1,000
  frames                      : 156,467,200


Policy 0: 
Timing:
  Play time               : 10.966 s
  Update time             : 0.967 s
  Time to train epoch     : 11.933 s


Statistics:
  fps step                    : 15,171
  fps step + policy inference : 14,941
  fps total                   : 13,730
  epoch                       : 956 / 1,000
  frames                      : 156,631,040


Policy 0: 
Timing:
  Play time               : 11.017 s
  Update time             : 1.002 s
  Time to train epoch     : 12.019 s


Statistics:
  fps step                    : 15,098
  fps step + policy inference : 14,872
  fps total                   : 13,632
  epoch                       : 957 / 1,000
  frames                      : 156,794,880


Policy 0: 
Timing:
  Play time               : 10.938 s
  Update time             : 1.006 s
  Time to train epoch     : 11.944 s


Statistics:
  fps step                    : 15,204
  fps step + policy inference : 14,979
  fps total                   : 13,717
  epoch                       : 958 / 1,000
  frames                      : 156,958,720


Policy 0: 
Timing:
  Play time               : 10.930 s
  Update time             : 0.926 s
  Time to train epoch     : 11.856 s


Statistics:
  fps step                    : 15,214
  fps step + policy inference : 14,990
  fps total                   : 13,819
  epoch                       : 959 / 1,000
  frames                      : 157,122,560


Policy 0: 
Timing:
  Play time               : 10.935 s
  Update time             : 0.937 s
  Time to train epoch     : 11.872 s


Statistics:
  fps step                    : 15,206
  fps step + policy inference : 14,983
  fps total                   : 13,801
  epoch                       : 960 / 1,000
  frames                      : 157,286,400


Policy 0: 
Timing:
  Play time               : 10.948 s
  Update time             : 0.953 s
  Time to train epoch     : 11.900 s


Statistics:
  fps step                    : 15,198
  fps step + policy inference : 14,966
  fps total                   : 13,768
  epoch                       : 961 / 1,000
  frames                      : 157,450,240


Policy 0: 
Timing:
  Play time               : 10.915 s
  Update time             : 0.954 s
  Time to train epoch     : 11.869 s


Statistics:
  fps step                    : 15,240
  fps step + policy inference : 15,010
  fps total                   : 13,804
  epoch                       : 962 / 1,000
  frames                      : 157,614,080


Policy 0: 
Timing:
  Play time               : 10.939 s
  Update time             : 0.954 s
  Time to train epoch     : 11.893 s


Statistics:
  fps step                    : 15,206
  fps step + policy inference : 14,978
  fps total                   : 13,776
  epoch                       : 963 / 1,000
  frames                      : 157,777,920


Policy 0: 
Timing:
  Play time               : 10.921 s
  Update time             : 0.948 s
  Time to train epoch     : 11.869 s


Statistics:
  fps step                    : 15,230
  fps step + policy inference : 15,002
  fps total                   : 13,804
  epoch                       : 964 / 1,000
  frames                      : 157,941,760


Policy 0: 
Timing:
  Play time               : 10.911 s
  Update time             : 0.980 s
  Time to train epoch     : 11.891 s


Statistics:
  fps step                    : 15,242
  fps step + policy inference : 15,016
  fps total                   : 13,778
  epoch                       : 965 / 1,000
  frames                      : 158,105,600


Policy 0: 
Timing:
  Play time               : 10.925 s
  Update time             : 0.940 s
  Time to train epoch     : 11.864 s


Statistics:
  fps step                    : 15,228
  fps step + policy inference : 14,997
  fps total                   : 13,809
  epoch                       : 966 / 1,000
  frames                      : 158,269,440


Policy 0: 
Timing:
  Play time               : 10.947 s
  Update time             : 0.953 s
  Time to train epoch     : 11.900 s


Statistics:
  fps step                    : 15,195
  fps step + policy inference : 14,967
  fps total                   : 13,768
  epoch                       : 967 / 1,000
  frames                      : 158,433,280


Policy 0: 
Timing:
  Play time               : 10.930 s
  Update time             : 1.056 s
  Time to train epoch     : 11.986 s


Statistics:
  fps step                    : 15,220
  fps step + policy inference : 14,989
  fps total                   : 13,669
  epoch                       : 968 / 1,000
  frames                      : 158,597,120


Policy 0: 
Timing:
  Play time               : 10.925 s
  Update time             : 0.992 s
  Time to train epoch     : 11.917 s


Statistics:
  fps step                    : 15,222
  fps step + policy inference : 14,997
  fps total                   : 13,749
  epoch                       : 969 / 1,000
  frames                      : 158,760,960


Policy 0: 
Timing:
  Play time               : 10.928 s
  Update time             : 1.010 s
  Time to train epoch     : 11.939 s


Statistics:
  fps step                    : 15,221
  fps step + policy inference : 14,992
  fps total                   : 13,724
  epoch                       : 970 / 1,000
  frames                      : 158,924,800


Policy 0: 
Timing:
  Play time               : 10.972 s
  Update time             : 1.012 s
  Time to train epoch     : 11.984 s


Statistics:
  fps step                    : 15,164
  fps step + policy inference : 14,933
  fps total                   : 13,671
  epoch                       : 971 / 1,000
  frames                      : 159,088,640


Policy 0: 
Timing:
  Play time               : 10.921 s
  Update time             : 0.977 s
  Time to train epoch     : 11.899 s


Statistics:
  fps step                    : 15,227
  fps step + policy inference : 15,002
  fps total                   : 13,770
  epoch                       : 972 / 1,000
  frames                      : 159,252,480


Policy 0: 
Timing:
  Play time               : 10.938 s
  Update time             : 0.973 s
  Time to train epoch     : 11.910 s


Statistics:
  fps step                    : 15,209
  fps step + policy inference : 14,980
  fps total                   : 13,756
  epoch                       : 973 / 1,000
  frames                      : 159,416,320


Policy 0: 
Timing:
  Play time               : 10.895 s
  Update time             : 0.955 s
  Time to train epoch     : 11.849 s


Statistics:
  fps step                    : 15,264
  fps step + policy inference : 15,038
  fps total                   : 13,827
  epoch                       : 974 / 1,000
  frames                      : 159,580,160


Policy 0: 
Timing:
  Play time               : 10.908 s
  Update time             : 0.944 s
  Time to train epoch     : 11.852 s


Statistics:
  fps step                    : 15,250
  fps step + policy inference : 15,020
  fps total                   : 13,824
  epoch                       : 975 / 1,000
  frames                      : 159,744,000


Policy 0: 
Timing:
  Play time               : 10.956 s
  Update time             : 0.951 s
  Time to train epoch     : 11.906 s


Statistics:
  fps step                    : 15,187
  fps step + policy inference : 14,955
  fps total                   : 13,761
  epoch                       : 976 / 1,000
  frames                      : 159,907,840


Policy 0: 
Timing:
  Play time               : 10.905 s
  Update time             : 0.959 s
  Time to train epoch     : 11.864 s


Statistics:
  fps step                    : 15,245
  fps step + policy inference : 15,024
  fps total                   : 13,810
  epoch                       : 977 / 1,000
  frames                      : 160,071,680


Policy 0: 
Timing:
  Play time               : 10.895 s
  Update time             : 0.956 s
  Time to train epoch     : 11.851 s


Statistics:
  fps step                    : 15,269
  fps step + policy inference : 15,038
  fps total                   : 13,825
  epoch                       : 978 / 1,000
  frames                      : 160,235,520


Policy 0: saving next best rewards:  [398.4]
=> saving checkpoint 'runs/mg_C_seed2801/nn/mg_C_seed2801.pth'

Timing:
  Play time               : 10.919 s
  Update time             : 0.922 s
  Time to train epoch     : 11.841 s


Statistics:
  fps step                    : 15,230
  fps step + policy inference : 15,005
  fps total                   : 13,837
  epoch                       : 979 / 1,000
  frames                      : 160,399,360


Policy 0: 
Timing:
  Play time               : 10.932 s
  Update time             : 0.945 s
  Time to train epoch     : 11.877 s


Statistics:
  fps step                    : 15,216
  fps step + policy inference : 14,988
  fps total                   : 13,795
  epoch                       : 980 / 1,000
  frames                      : 160,563,200


Policy 0: 
Timing:
  Play time               : 10.922 s
  Update time             : 0.961 s
  Time to train epoch     : 11.883 s


Statistics:
  fps step                    : 15,231
  fps step + policy inference : 15,001
  fps total                   : 13,788
  epoch                       : 981 / 1,000
  frames                      : 160,727,040


Policy 0: saving next best rewards:  [398.6]
=> saving checkpoint 'runs/mg_C_seed2801/nn/mg_C_seed2801.pth'

Timing:
  Play time               : 10.898 s
  Update time             : 0.957 s
  Time to train epoch     : 11.855 s


Statistics:
  fps step                    : 15,263
  fps step + policy inference : 15,034
  fps total                   : 13,820
  epoch                       : 982 / 1,000
  frames                      : 160,890,880


Policy 0: saving next best rewards:  [398.88]
=> saving checkpoint 'runs/mg_C_seed2801/nn/mg_C_seed2801.pth'

Timing:
  Play time               : 10.921 s
  Update time             : 1.008 s
  Time to train epoch     : 11.930 s


Statistics:
  fps step                    : 15,229
  fps step + policy inference : 15,002
  fps total                   : 13,734
  epoch                       : 983 / 1,000
  frames                      : 161,054,720


Policy 0: saving next best rewards:  [399.02]
=> saving checkpoint 'runs/mg_C_seed2801/nn/mg_C_seed2801.pth'

Timing:
  Play time               : 10.898 s
  Update time             : 1.006 s
  Time to train epoch     : 11.903 s


Statistics:
  fps step                    : 15,260
  fps step + policy inference : 15,034
  fps total                   : 13,764
  epoch                       : 984 / 1,000
  frames                      : 161,218,560


Policy 0: 
Timing:
  Play time               : 10.930 s
  Update time             : 0.976 s
  Time to train epoch     : 11.906 s


Statistics:
  fps step                    : 15,220
  fps step + policy inference : 14,990
  fps total                   : 13,761
  epoch                       : 985 / 1,000
  frames                      : 161,382,400


Policy 0: 
Timing:
  Play time               : 10.901 s
  Update time             : 1.007 s
  Time to train epoch     : 11.908 s


Statistics:
  fps step                    : 15,261
  fps step + policy inference : 15,030
  fps total                   : 13,759
  epoch                       : 986 / 1,000
  frames                      : 161,546,240


Policy 0: saving next best rewards:  [399.27]
=> saving checkpoint 'runs/mg_C_seed2801/nn/mg_C_seed2801.pth'

Timing:
  Play time               : 10.890 s
  Update time             : 1.014 s
  Time to train epoch     : 11.904 s


Statistics:
  fps step                    : 15,269
  fps step + policy inference : 15,045
  fps total                   : 13,763
  epoch                       : 987 / 1,000
  frames                      : 161,710,080


Policy 0: saving next best rewards:  [399.29]
=> saving checkpoint 'runs/mg_C_seed2801/nn/mg_C_seed2801.pth'

Timing:
  Play time               : 10.907 s
  Update time             : 1.011 s
  Time to train epoch     : 11.918 s


Statistics:
  fps step                    : 15,248
  fps step + policy inference : 15,021
  fps total                   : 13,748
  epoch                       : 988 / 1,000
  frames                      : 161,873,920


Policy 0: 
Timing:
  Play time               : 10.897 s
  Update time             : 0.960 s
  Time to train epoch     : 11.857 s


Statistics:
  fps step                    : 15,261
  fps step + policy inference : 15,035
  fps total                   : 13,818
  epoch                       : 989 / 1,000
  frames                      : 162,037,760


Policy 0: 
Timing:
  Play time               : 10.927 s
  Update time             : 0.945 s
  Time to train epoch     : 11.872 s


Statistics:
  fps step                    : 15,227
  fps step + policy inference : 14,994
  fps total                   : 13,801
  epoch                       : 990 / 1,000
  frames                      : 162,201,600


Policy 0: 
Timing:
  Play time               : 10.874 s
  Update time             : 0.945 s
  Time to train epoch     : 11.819 s


Statistics:
  fps step                    : 15,295
  fps step + policy inference : 15,067
  fps total                   : 13,862
  epoch                       : 991 / 1,000
  frames                      : 162,365,440


Policy 0: 
Timing:
  Play time               : 10.899 s
  Update time             : 0.978 s
  Time to train epoch     : 11.877 s


Statistics:
  fps step                    : 15,260
  fps step + policy inference : 15,033
  fps total                   : 13,795
  epoch                       : 992 / 1,000
  frames                      : 162,529,280


Policy 0: 
Timing:
  Play time               : 10.908 s
  Update time             : 0.948 s
  Time to train epoch     : 11.856 s


Statistics:
  fps step                    : 15,247
  fps step + policy inference : 15,020
  fps total                   : 13,819
  epoch                       : 993 / 1,000
  frames                      : 162,693,120


Policy 0: 
Timing:
  Play time               : 10.932 s
  Update time             : 0.944 s
  Time to train epoch     : 11.876 s


Statistics:
  fps step                    : 15,214
  fps step + policy inference : 14,988
  fps total                   : 13,796
  epoch                       : 994 / 1,000
  frames                      : 162,856,960


Policy 0: 
Timing:
  Play time               : 10.917 s
  Update time             : 0.959 s
  Time to train epoch     : 11.877 s


Statistics:
  fps step                    : 15,239
  fps step + policy inference : 15,007
  fps total                   : 13,795
  epoch                       : 995 / 1,000
  frames                      : 163,020,800


Policy 0: 
Timing:
  Play time               : 10.896 s
  Update time             : 0.925 s
  Time to train epoch     : 11.822 s


Statistics:
  fps step                    : 15,259
  fps step + policy inference : 15,036
  fps total                   : 13,859
  epoch                       : 996 / 1,000
  frames                      : 163,184,640


Policy 0: 
Timing:
  Play time               : 10.909 s
  Update time             : 0.965 s
  Time to train epoch     : 11.875 s


Statistics:
  fps step                    : 15,245
  fps step + policy inference : 15,018
  fps total                   : 13,797
  epoch                       : 997 / 1,000
  frames                      : 163,348,480


Policy 0: 
Timing:
  Play time               : 10.887 s
  Update time             : 0.948 s
  Time to train epoch     : 11.835 s


Statistics:
  fps step                    : 15,277
  fps step + policy inference : 15,049
  fps total                   : 13,844
  epoch                       : 998 / 1,000
  frames                      : 163,512,320


Policy 0: 
Timing:
  Play time               : 10.908 s
  Update time             : 0.950 s
  Time to train epoch     : 11.858 s


Statistics:
  fps step                    : 15,248
  fps step + policy inference : 15,020
  fps total                   : 13,817
  epoch                       : 999 / 1,000
  frames                      : 163,676,160


Policy 0: 
Timing:
  Play time               : 10.911 s
  Update time             : 1.020 s
  Time to train epoch     : 11.930 s


Statistics:
  fps step                    : 15,253
  fps step + policy inference : 15,016
  fps total                   : 13,733
  epoch                       : 1,000 / 1,000
  frames                      : 163,840,000


Policy 0: Saved recovery checkpoint runs/mg_C_seed2801/checkpoints/epoch_001000.pth; evaluation_due=True
=> saving checkpoint 'runs/mg_C_seed2801/nn/last_mg_C_seed2801_ep_1000_rew__396.16_.pth'
MAX EPOCHS NUM!
