Importing module 'gym_38' (/home/wangjiarui/artgym-runtime/opt/isaacgym/python/isaacgym/_bindings/linux-x86_64/gym_38.so)
[Warning] [carb] unknown type for the object '/home/wangjiarui/artgym-runtime/opt/isaacgym/python/isaacgym/_bindings/linux-x86_64//libboost_python36.so' {d_type = 0x00000000}
[Warning] [carb] unknown type for the object '/home/wangjiarui/artgym-runtime/opt/isaacgym/python/isaacgym/_bindings/linux-x86_64//libboost_regex.so' {d_type = 0x00000000}
[Warning] [carb] unknown type for the object '/home/wangjiarui/artgym-runtime/opt/isaacgym/python/isaacgym/_bindings/linux-x86_64//libpython3.6m.so' {d_type = 0x00000000}
[Warning] [carb] unknown type for the object '/home/wangjiarui/artgym-runtime/opt/isaacgym/python/isaacgym/_bindings/linux-x86_64//libGLEW.so' {d_type = 0x00000000}
[Warning] [carb] unknown type for the object '/home/wangjiarui/artgym-runtime/opt/isaacgym/python/isaacgym/_bindings/linux-x86_64//libboost_atomic.so' {d_type = 0x00000000}
[Warning] [carb] unknown type for the object '/home/wangjiarui/artgym-runtime/opt/isaacgym/python/isaacgym/_bindings/linux-x86_64//libembree.so' {d_type = 0x00000000}
[Warning] [carb] unknown type for the object '/home/wangjiarui/artgym-runtime/opt/isaacgym/python/isaacgym/_bindings/linux-x86_64//libembree.so.2' {d_type = 0x00000000}
[Warning] [carb] unknown type for the object '/home/wangjiarui/artgym-runtime/opt/isaacgym/python/isaacgym/_bindings/linux-x86_64//libjemalloc.so' {d_type = 0x00000000}
[Warning] [carb] unknown type for the object '/home/wangjiarui/artgym-runtime/opt/isaacgym/python/isaacgym/_bindings/linux-x86_64//libboost_python27.so' {d_type = 0x00000000}
[Warning] [carb] unknown type for the object '/home/wangjiarui/artgym-runtime/opt/isaacgym/python/isaacgym/_bindings/linux-x86_64//libGLEW.so.2.0' {d_type = 0x00000000}
[Warning] [carb] unknown type for the object '/home/wangjiarui/artgym-runtime/opt/isaacgym/python/isaacgym/_bindings/linux-x86_64//libosdCPU.so' {d_type = 0x00000000}
[Warning] [carb] unknown type for the object '/home/wangjiarui/artgym-runtime/opt/isaacgym/python/isaacgym/_bindings/linux-x86_64//libboost_program_options.so' {d_type = 0x00000000}
[Warning] [carb] unknown type for the object '/home/wangjiarui/artgym-runtime/opt/isaacgym/python/isaacgym/_bindings/linux-x86_64//libosdGPU.so' {d_type = 0x00000000}
[Warning] [carb] unknown type for the object '/home/wangjiarui/artgym-runtime/opt/isaacgym/python/isaacgym/_bindings/linux-x86_64//libboost_thread.so' {d_type = 0x00000000}
[Warning] [carb] unknown type for the object '/home/wangjiarui/artgym-runtime/opt/isaacgym/python/isaacgym/_bindings/linux-x86_64//libboost_filesystem.so' {d_type = 0x00000000}
[Warning] [carb] unknown type for the object '/home/wangjiarui/artgym-runtime/opt/isaacgym/python/isaacgym/_bindings/linux-x86_64//libboost_date_time.so' {d_type = 0x00000000}
[Warning] [carb] unknown type for the object '/home/wangjiarui/artgym-runtime/opt/isaacgym/python/isaacgym/_bindings/linux-x86_64//libboost_system.so' {d_type = 0x00000000}
[Warning] [carb] unknown type for the object '/home/wangjiarui/artgym-runtime/opt/isaacgym/python/isaacgym/_bindings/linux-x86_64//libboost_python36.so' {d_type = 0x00000000}
[Warning] [carb] unknown type for the object '/home/wangjiarui/artgym-runtime/opt/isaacgym/python/isaacgym/_bindings/linux-x86_64//libboost_regex.so' {d_type = 0x00000000}
[Warning] [carb] unknown type for the object '/home/wangjiarui/artgym-runtime/opt/isaacgym/python/isaacgym/_bindings/linux-x86_64//libpython3.6m.so' {d_type = 0x00000000}
[Warning] [carb] unknown type for the object '/home/wangjiarui/artgym-runtime/opt/isaacgym/python/isaacgym/_bindings/linux-x86_64//libGLEW.so' {d_type = 0x00000000}
[Warning] [carb] unknown type for the object '/home/wangjiarui/artgym-runtime/opt/isaacgym/python/isaacgym/_bindings/linux-x86_64//libboost_atomic.so' {d_type = 0x00000000}
[Warning] [carb] unknown type for the object '/home/wangjiarui/artgym-runtime/opt/isaacgym/python/isaacgym/_bindings/linux-x86_64//libembree.so' {d_type = 0x00000000}
[Warning] [carb] unknown type for the object '/home/wangjiarui/artgym-runtime/opt/isaacgym/python/isaacgym/_bindings/linux-x86_64//libembree.so.2' {d_type = 0x00000000}
[Warning] [carb] unknown type for the object '/home/wangjiarui/artgym-runtime/opt/isaacgym/python/isaacgym/_bindings/linux-x86_64//libjemalloc.so' {d_type = 0x00000000}
[Warning] [carb] unknown type for the object '/home/wangjiarui/artgym-runtime/opt/isaacgym/python/isaacgym/_bindings/linux-x86_64//libboost_python27.so' {d_type = 0x00000000}
[Warning] [carb] unknown type for the object '/home/wangjiarui/artgym-runtime/opt/isaacgym/python/isaacgym/_bindings/linux-x86_64//libGLEW.so.2.0' {d_type = 0x00000000}
[Warning] [carb] unknown type for the object '/home/wangjiarui/artgym-runtime/opt/isaacgym/python/isaacgym/_bindings/linux-x86_64//libosdCPU.so' {d_type = 0x00000000}
[Warning] [carb] unknown type for the object '/home/wangjiarui/artgym-runtime/opt/isaacgym/python/isaacgym/_bindings/linux-x86_64//libboost_program_options.so' {d_type = 0x00000000}
[Warning] [carb] unknown type for the object '/home/wangjiarui/artgym-runtime/opt/isaacgym/python/isaacgym/_bindings/linux-x86_64//libosdGPU.so' {d_type = 0x00000000}
[Warning] [carb] unknown type for the object '/home/wangjiarui/artgym-runtime/opt/isaacgym/python/isaacgym/_bindings/linux-x86_64//libboost_thread.so' {d_type = 0x00000000}
[Warning] [carb] unknown type for the object '/home/wangjiarui/artgym-runtime/opt/isaacgym/python/isaacgym/_bindings/linux-x86_64//libboost_filesystem.so' {d_type = 0x00000000}
[Warning] [carb] unknown type for the object '/home/wangjiarui/artgym-runtime/opt/isaacgym/python/isaacgym/_bindings/linux-x86_64//libboost_date_time.so' {d_type = 0x00000000}
[Warning] [carb] unknown type for the object '/home/wangjiarui/artgym-runtime/opt/isaacgym/python/isaacgym/_bindings/linux-x86_64//libboost_system.so' {d_type = 0x00000000}
[Warning] [carb] unknown type for the object '/home/wangjiarui/artgym-runtime/opt/isaacgym/python/isaacgym/_bindings/linux-x86_64//libboost_python36.so' {d_type = 0x00000000}
[Warning] [carb] unknown type for the object '/home/wangjiarui/artgym-runtime/opt/isaacgym/python/isaacgym/_bindings/linux-x86_64//libboost_regex.so' {d_type = 0x00000000}
[Warning] [carb] unknown type for the object '/home/wangjiarui/artgym-runtime/opt/isaacgym/python/isaacgym/_bindings/linux-x86_64//libpython3.6m.so' {d_type = 0x00000000}
[Warning] [carb] unknown type for the object '/home/wangjiarui/artgym-runtime/opt/isaacgym/python/isaacgym/_bindings/linux-x86_64//libGLEW.so' {d_type = 0x00000000}
[Warning] [carb] unknown type for the object '/home/wangjiarui/artgym-runtime/opt/isaacgym/python/isaacgym/_bindings/linux-x86_64//libboost_atomic.so' {d_type = 0x00000000}
[Warning] [carb] unknown type for the object '/home/wangjiarui/artgym-runtime/opt/isaacgym/python/isaacgym/_bindings/linux-x86_64//libembree.so' {d_type = 0x00000000}
[Warning] [carb] unknown type for the object '/home/wangjiarui/artgym-runtime/opt/isaacgym/python/isaacgym/_bindings/linux-x86_64//libembree.so.2' {d_type = 0x00000000}
[Warning] [carb] unknown type for the object '/home/wangjiarui/artgym-runtime/opt/isaacgym/python/isaacgym/_bindings/linux-x86_64//libjemalloc.so' {d_type = 0x00000000}
[Warning] [carb] unknown type for the object '/home/wangjiarui/artgym-runtime/opt/isaacgym/python/isaacgym/_bindings/linux-x86_64//libboost_python27.so' {d_type = 0x00000000}
[Warning] [carb] unknown type for the object '/home/wangjiarui/artgym-runtime/opt/isaacgym/python/isaacgym/_bindings/linux-x86_64//libGLEW.so.2.0' {d_type = 0x00000000}
[Warning] [carb] unknown type for the object '/home/wangjiarui/artgym-runtime/opt/isaacgym/python/isaacgym/_bindings/linux-x86_64//libosdCPU.so' {d_type = 0x00000000}
[Warning] [carb] unknown type for the object '/home/wangjiarui/artgym-runtime/opt/isaacgym/python/isaacgym/_bindings/linux-x86_64//libboost_program_options.so' {d_type = 0x00000000}
[Warning] [carb] unknown type for the object '/home/wangjiarui/artgym-runtime/opt/isaacgym/python/isaacgym/_bindings/linux-x86_64//libosdGPU.so' {d_type = 0x00000000}
[Warning] [carb] unknown type for the object '/home/wangjiarui/artgym-runtime/opt/isaacgym/python/isaacgym/_bindings/linux-x86_64//libboost_thread.so' {d_type = 0x00000000}
[Warning] [carb] unknown type for the object '/home/wangjiarui/artgym-runtime/opt/isaacgym/python/isaacgym/_bindings/linux-x86_64//libboost_filesystem.so' {d_type = 0x00000000}
[Warning] [carb] unknown type for the object '/home/wangjiarui/artgym-runtime/opt/isaacgym/python/isaacgym/_bindings/linux-x86_64//libboost_date_time.so' {d_type = 0x00000000}
[Warning] [carb] unknown type for the object '/home/wangjiarui/artgym-runtime/opt/isaacgym/python/isaacgym/_bindings/linux-x86_64//libboost_system.so' {d_type = 0x00000000}
[Warning] [carb] unknown type for the object '/home/wangjiarui/artgym-runtime/opt/isaacgym/python/isaacgym/_bindings/linux-x86_64//libboost_python36.so' {d_type = 0x00000000}
[Warning] [carb] unknown type for the object '/home/wangjiarui/artgym-runtime/opt/isaacgym/python/isaacgym/_bindings/linux-x86_64//libboost_regex.so' {d_type = 0x00000000}
[Warning] [carb] unknown type for the object '/home/wangjiarui/artgym-runtime/opt/isaacgym/python/isaacgym/_bindings/linux-x86_64//libpython3.6m.so' {d_type = 0x00000000}
[Warning] [carb] unknown type for the object '/home/wangjiarui/artgym-runtime/opt/isaacgym/python/isaacgym/_bindings/linux-x86_64//libGLEW.so' {d_type = 0x00000000}
[Warning] [carb] unknown type for the object '/home/wangjiarui/artgym-runtime/opt/isaacgym/python/isaacgym/_bindings/linux-x86_64//libboost_atomic.so' {d_type = 0x00000000}
[Warning] [carb] unknown type for the object '/home/wangjiarui/artgym-runtime/opt/isaacgym/python/isaacgym/_bindings/linux-x86_64//libembree.so' {d_type = 0x00000000}
[Warning] [carb] unknown type for the object '/home/wangjiarui/artgym-runtime/opt/isaacgym/python/isaacgym/_bindings/linux-x86_64//libembree.so.2' {d_type = 0x00000000}
[Warning] [carb] unknown type for the object '/home/wangjiarui/artgym-runtime/opt/isaacgym/python/isaacgym/_bindings/linux-x86_64//libjemalloc.so' {d_type = 0x00000000}
[Warning] [carb] unknown type for the object '/home/wangjiarui/artgym-runtime/opt/isaacgym/python/isaacgym/_bindings/linux-x86_64//libboost_python27.so' {d_type = 0x00000000}
[Warning] [carb] unknown type for the object '/home/wangjiarui/artgym-runtime/opt/isaacgym/python/isaacgym/_bindings/linux-x86_64//libGLEW.so.2.0' {d_type = 0x00000000}
[Warning] [carb] unknown type for the object '/home/wangjiarui/artgym-runtime/opt/isaacgym/python/isaacgym/_bindings/linux-x86_64//libosdCPU.so' {d_type = 0x00000000}
[Warning] [carb] unknown type for the object '/home/wangjiarui/artgym-runtime/opt/isaacgym/python/isaacgym/_bindings/linux-x86_64//libboost_program_options.so' {d_type = 0x00000000}
[Warning] [carb] unknown type for the object '/home/wangjiarui/artgym-runtime/opt/isaacgym/python/isaacgym/_bindings/linux-x86_64//libosdGPU.so' {d_type = 0x00000000}
[Warning] [carb] unknown type for the object '/home/wangjiarui/artgym-runtime/opt/isaacgym/python/isaacgym/_bindings/linux-x86_64//libboost_thread.so' {d_type = 0x00000000}
[Warning] [carb] unknown type for the object '/home/wangjiarui/artgym-runtime/opt/isaacgym/python/isaacgym/_bindings/linux-x86_64//libboost_filesystem.so' {d_type = 0x00000000}
[Warning] [carb] unknown type for the object '/home/wangjiarui/artgym-runtime/opt/isaacgym/python/isaacgym/_bindings/linux-x86_64//libboost_date_time.so' {d_type = 0x00000000}
[Warning] [carb] unknown type for the object '/home/wangjiarui/artgym-runtime/opt/isaacgym/python/isaacgym/_bindings/linux-x86_64//libboost_system.so' {d_type = 0x00000000}
[Warning] [carb] unknown type for the object '/home/wangjiarui/artgym-runtime/opt/isaacgym/python/isaacgym/_bindings/linux-x86_64//libboost_python36.so' {d_type = 0x00000000}
[Warning] [carb] unknown type for the object '/home/wangjiarui/artgym-runtime/opt/isaacgym/python/isaacgym/_bindings/linux-x86_64//libboost_regex.so' {d_type = 0x00000000}
[Warning] [carb] unknown type for the object '/home/wangjiarui/artgym-runtime/opt/isaacgym/python/isaacgym/_bindings/linux-x86_64//libpython3.6m.so' {d_type = 0x00000000}
[Warning] [carb] unknown type for the object '/home/wangjiarui/artgym-runtime/opt/isaacgym/python/isaacgym/_bindings/linux-x86_64//libGLEW.so' {d_type = 0x00000000}
[Warning] [carb] unknown type for the object '/home/wangjiarui/artgym-runtime/opt/isaacgym/python/isaacgym/_bindings/linux-x86_64//libboost_atomic.so' {d_type = 0x00000000}
[Warning] [carb] unknown type for the object '/home/wangjiarui/artgym-runtime/opt/isaacgym/python/isaacgym/_bindings/linux-x86_64//libembree.so' {d_type = 0x00000000}
[Warning] [carb] unknown type for the object '/home/wangjiarui/artgym-runtime/opt/isaacgym/python/isaacgym/_bindings/linux-x86_64//libembree.so.2' {d_type = 0x00000000}
[Warning] [carb] unknown type for the object '/home/wangjiarui/artgym-runtime/opt/isaacgym/python/isaacgym/_bindings/linux-x86_64//libjemalloc.so' {d_type = 0x00000000}
[Warning] [carb] unknown type for the object '/home/wangjiarui/artgym-runtime/opt/isaacgym/python/isaacgym/_bindings/linux-x86_64//libboost_python27.so' {d_type = 0x00000000}
[Warning] [carb] unknown type for the object '/home/wangjiarui/artgym-runtime/opt/isaacgym/python/isaacgym/_bindings/linux-x86_64//libGLEW.so.2.0' {d_type = 0x00000000}
[Warning] [carb] unknown type for the object '/home/wangjiarui/artgym-runtime/opt/isaacgym/python/isaacgym/_bindings/linux-x86_64//libosdCPU.so' {d_type = 0x00000000}
[Warning] [carb] unknown type for the object '/home/wangjiarui/artgym-runtime/opt/isaacgym/python/isaacgym/_bindings/linux-x86_64//libboost_program_options.so' {d_type = 0x00000000}
[Warning] [carb] unknown type for the object '/home/wangjiarui/artgym-runtime/opt/isaacgym/python/isaacgym/_bindings/linux-x86_64//libosdGPU.so' {d_type = 0x00000000}
[Warning] [carb] unknown type for the object '/home/wangjiarui/artgym-runtime/opt/isaacgym/python/isaacgym/_bindings/linux-x86_64//libboost_thread.so' {d_type = 0x00000000}
[Warning] [carb] unknown type for the object '/home/wangjiarui/artgym-runtime/opt/isaacgym/python/isaacgym/_bindings/linux-x86_64//libboost_filesystem.so' {d_type = 0x00000000}
[Warning] [carb] unknown type for the object '/home/wangjiarui/artgym-runtime/opt/isaacgym/python/isaacgym/_bindings/linux-x86_64//libboost_date_time.so' {d_type = 0x00000000}
[Warning] [carb] unknown type for the object '/home/wangjiarui/artgym-runtime/opt/isaacgym/python/isaacgym/_bindings/linux-x86_64//libboost_system.so' {d_type = 0x00000000}
Setting GYM_USD_PLUG_INFO_PATH to /home/wangjiarui/artgym-runtime/opt/isaacgym/python/isaacgym/_bindings/linux-x86_64/usd/plugInfo.json
Gym has been unmaintained since 2022 and does not support NumPy 2.0 amongst other critical functionality.
Please upgrade to Gymnasium, the maintained drop-in replacement of Gym, or contact the authors of your software and request that they upgrade.
Users of this version of Gym should be able to simply replace 'import gym' with 'import gymnasium as gym' in the vast majority of cases.
See the migration guide at https://gymnasium.farama.org/introduction/migration_guide/ for additional information.
/home/wangjiarui/artgym-hold-20260929/isaacgymenvs/train.py:81: Hydra14MigrationWarning: 
version_base="1.1" selects Hydra 1.1 compatibility behavior.
Hydra 1.4 will remove this compatibility behavior.
Before upgrading to Hydra 1.4, set version_base="1.3" and test your application.
See https://hydra.cc/docs/upgrades/1.3_to_1.4/prepare_for_1_4/ for preparation instructions.
  @hydra.main(version_base="1.1", config_name="config", config_path="./cfg")
/home/wangjiarui/artgym-runtime/lib/python3.8/site-packages/hydra/_internal/hydra.py:119: UserWarning: Future Hydra versions will no longer change working directory at job runtime by default.
See https://hydra.cc/docs/1.2/upgrades/1.1_to_1.2/changes_to_job_working_dir/ for more information.
  ret = run_job(
PyTorch version 2.1.0+cu121
Device count 1
/home/wangjiarui/artgym-runtime/opt/isaacgym/python/isaacgym/_bindings/src/gymtorch
Using /home/wangjiarui/.cache/torch_extensions/py38_cu121 as PyTorch extensions root...
Loading extension module gymtorch...
task: 
    name: wuji_multigrasp
    physics_engine: physx
    env: 
        numEnvs: 5120
        envSpacing: 0.75
        episodeLength: 600
        enableDebugVis: False
        aggregateMode: 0
        successHoldDurationSec: 0.3
        successHoldDurationRangeSec: [0.3, 0.3]
        maxConsecutiveSuccesses: 0
        goalSwitchTimeoutSec: 0.0
        jointNoise: 0.0
        dofSpeedScale: 1.0
        useRelativeControl: False
        graspSplit: train
        rewardWeightCurriculum: 
            ObjPosDeviation: -0.5
            ObjRotDeviation: -0.02
            StableContact: 0.0
        rewardWeightCurriculumSchedule: 
            warmupSteps: 200
            totalSteps: 2000
        binaryTactileThreshold: 0.05
        actionsMovingAverage: 1.0
        controlFrequencyInv: 4
        forceScale: 0.0
        forceProbRange: [0.001, 0.1]
        forceDecay: 0.99
        forceDecayInterval: 0.08
        policyObsDim: 111
        privilegedObsDim: 21
        studentInitObsDim: 55
        proprioHistoryLen: 50
        enableCameraSensors: False
        camera: 
            height: 1080
            width: 1920
            horizontal_fov: 75
            use_collision_geometry: True
            cam_pos: [0.0, 0.2, 1.0]
            cam_target: [0.0, -0.15, 0.5]
        rewardProtocol: corrected
        supportActionSpan: 0.04
        thumbActionStep: 0.025
        aliveReward: 0.1
        initialPoseNoise: 
            position_m: 0.0005
            joint_rad: 0.01
            rotation_vector_rad: 0.008726646259971648
            ramp_epochs: 0
        absolutePoseObjective: 
            coefficient: 1.0
            position_scale_m: 0.01
            rotation_scale_rad: 0.25
            ramp_epochs: 0
        commandPeriodSec: 2.0
        evaluationGoalTimeoutSec: 10.0
        trainingCommandDurationsSec: [2.0, 5.0]
        endpointHoldReward: 0.0
        trainingStates: research/multigrasp-20260928/data/expert-11.npy
    task: 
        randomize: False
        randomization_params: 
    sim: 
        dt: 0.008333333333333333
        substeps: 4
        up_axis: z
        use_gpu_pipeline: True
        gravity: [0.0, 0.0, -9.81]
        physx: 
            num_threads: 4
            solver_type: 1
            use_gpu: True
            num_position_iterations: 16
            num_velocity_iterations: 4
            max_gpu_contact_pairs: 1048576
            num_subscenes: 0
            contact_offset: 0.002
            rest_offset: 0.0
            bounce_threshold_velocity: 0.2
            max_depenetration_velocity: 100.0
            default_buffer_size_multiplier: 2.0
            contact_collection: 2
object: 
    task: 
        success_threshold: 0.002
        rot_devia_threshold: 1.57
        pos_devia_threshold: 0.05
        goals: [0.04, 0.0]
        contact_num: 5
    asset: 
        type: knife
        asset_root: assets/objects/knife_wuji_bridge3_20260922
        instance_id_list: ['000']
        asset_file: mobility.urdf
        initDof: lower
        disgravity_part: []
        disfriction_part: []
        disrbforce_part: []
        dissimulate_part: []
    default_props: 
        mass: [0.029, 0.006]
        friction: 3.0
        dof_stiffness: 0.0
        dof_damping: 0.3
    randomization: 
        randomize: False
        dof_properties: 
            damping: 
                range: [0.7, 1.3]
                operation: scaling
                distribution: uniform
        rigid_body_properties: 
            by_body: 
                link_0: 
                    mass: 
                        range: [1.0, 5.0]
                        operation: scaling
                        distribution: uniform
                link_1: 
                    mass: 
                        range: [1.0, 2.0]
                        operation: scaling
                        distribution: uniform
        rigid_shape_properties: 
            friction: 
                num_buckets: 250
                range: [-1.0, 1.0]
                operation: additive
                distribution: uniform
    reward: 
        ObjPosDeviation: -0.5
        ObjRotDeviation: -0.02
        StableContact: 0.0
        HandQposDeviation: -0.001
        GoalDistance1: 1000.0
        GoalDistance2: 1.0
        Smooth: -1.0
        Drop: -25.0
        Success: 50.0
hand: 
    type: wuji
    asset: assets/hands/wuji_artbot/right.urdf
    self_collisions: True
    force_links: ['hand_r_thumb_pad_link', 'hand_r_index_pad_link', 'hand_r_middle_pad_link', 'hand_r_ring_pad_link', 'hand_r_pinky_pad_link']
    track_links: ['hand_r_thumb_pad_link', 'hand_r_index_pad_link', 'hand_r_middle_pad_link', 'hand_r_ring_pad_link', 'hand_r_pinky_pad_link']
    dof_names: ['hand_r_index_joint1', 'hand_r_index_joint2', 'hand_r_index_joint3', 'hand_r_index_joint4', 'hand_r_middle_joint1', 'hand_r_middle_joint2', 'hand_r_middle_joint3', 'hand_r_middle_joint4', 'hand_r_pinky_joint1', 'hand_r_pinky_joint2', 'hand_r_pinky_joint3', 'hand_r_pinky_joint4', 'hand_r_ring_joint1', 'hand_r_ring_joint2', 'hand_r_ring_joint3', 'hand_r_ring_joint4', 'hand_r_thumb_joint1', 'hand_r_thumb_joint2', 'hand_r_thumb_joint3', 'hand_r_thumb_joint4']
    dof_props: 
        stiffness: [0.37352218155860073, 0.45592448909027794, 0.24368366649522863, 0.18026971340925335, 0.3687093483646485, 0.4164253443634641, 0.22218607502059182, 0.19427606072023446, 0.3655325975433942, 0.41393113081120425, 0.22729367621965954, 0.1964723550341816, 0.35718151495111794, 0.42977315313086895, 0.24930151196247122, 0.2285032688178066, 0.40844710645048043, 0.6858601063643346, 0.2391112196099482, 0.20736128319711747]
        damping: [0.01882274330029718, 0.019798167597016643, 0.010477031953162727, 0.008240212147903584, 0.01848622487024593, 0.018032947229953678, 0.009592200014076666, 0.009152994605972402, 0.018616960278988272, 0.018732177029667153, 0.00951005441616486, 0.009017295241756363, 0.018376606800780005, 0.01867700966212433, 0.01059512121009555, 0.009917602877441107, 0.020882010257063675, 0.030610939996373314, 0.010181475050560962, 0.00909698844675045]
        friction: [0.0, 0.0, 0.0, 0.0, 0.0, 0.0, 0.0, 0.0, 0.0, 0.0, 0.0, 0.0, 0.0, 0.0, 0.0, 0.0, 0.0, 0.0, 0.0, 0.0]
        armature: [0.0005, 0.0002, 0.0002, 0.0002, 0.0005, 0.0002, 0.0002, 0.0002, 0.0005, 0.0002, 0.0002, 0.0002, 0.0005, 0.0002, 0.0002, 0.0002, 0.0005, 0.0005, 0.0002, 0.0002]
    task: 
        numActions: 20
        propDim: 40
        policyObsDim: 111
        studentInitObsDim: 55
    randomization: 
        randomize: False
    self_collision_mode: digit_filtered
train: 
    params: 
        seed: 2026092901
        algo: 
            name: a2c_continuous
        model: 
            name: continuous_a2c_logstd
        network: 
            name: actor_critic_sapg_priv
            separate: True
            space: 
                continuous: 
                    mu_activation: None
                    sigma_activation: None
                    mu_init: 
                        name: const_initializer
                        val: 0.0
                    sigma_init: 
                        name: const_initializer
                        val: -1.0
                    fixed_sigma: coef_cond
            mlp: 
                units: [512, 256, 128]
                activation: elu
                d2rl: False
                initializer: 
                    name: default
                regularizer: 
                    name: None
            rnn: 
                name: lstm
                units: 512
                layers: 1
                before_mlp: True
                layer_norm: True
            sapg_priv: 
                policy_obs_dim: 111
                privileged_obs_dim: 21
                critic_policy_contact_dim: 5
                expl_embedding_dim: 32
                encoder: 
                    units: [256, 128, 16]
                    activation: elu
                    initializer: 
                        name: default
                student_encoder: 
                    type: auto
                    init_dim: 55
                    proprio_encoder: 
                        units: [128, 64]
                        activation: elu
                        initializer: 
                            name: default
                    init_encoder: 
                        units: [128, 64]
                        activation: elu
                        initializer: 
                            name: default
                    temporal: 
                        type: tconv
                        hidden_size: 192
                        num_layers: 5
                        kernel_size: 3
                        dilation_growth: 2
                        activation: elu
                        dropout: 0.05
                    latent_head: 
                        units: [128]
                        activation: elu
                        initializer: 
                            name: default
        load_checkpoint: True
        load_path: /home/wangjiarui/artgym-hold-20260929/runs/hold-20260929/parents/expert11.pth
        config: 
            name: hold_r11_dense1_seed2901
            full_experiment_name: hold_r11_dense1_seed2901
            env_name: rlgpu
            multi_gpu: False
            ppo: True
            mixed_precision: False
            normalize_input: True
            normalize_value: True
            value_bootstrap: False
            num_actors: 5120
            reward_shaper: 
                scale_value: 1.0
            normalize_advantage: True
            gamma: 0.998
            tau: 0.95
            learning_rate: 0.0002
            lr_schedule: adaptive
            schedule_type: standard
            kl_threshold: 0.016
            score_to_win: 100000
            max_epochs: 2000
            save_best_after: 50
            save_frequency: 250
            print_stats: True
            grad_norm: 1.0
            entropy_coef: 0
            truncate_grads: True
            e_clip: 0.2
            horizon_length: 32
            minibatch_size: 32768
            mini_epochs: 4
            critic_coef: 4
            clip_value: True
            seq_length: 32
            bounds_loss_coef: 0.0001
            defer_summaries_sec: 5
            summaries_interval_sec_min: 5
            summaries_interval_sec_max: 100
            expl_type: mixed_expl_learn_param
            player: 
                deterministic: True
                use_vecenv: True
                games_num: 1000000
                print_stats: False
            use_others_experience: lf
            off_policy_ratio: 1.0
            expl_reward_type: entropy
            expl_reward_coef_scale: 0.005
            expl_coef_block_size: 1024
            managed_checkpoints: True
            checkpoint_first_epoch: 10
            checkpoint_keep_recent: 10
            checkpoint_milestone_frequency: 500
            evaluation_frequency: 100000
pbt: 
    enabled: False
task_name: wuji_multigrasp
experiment: hold_r11_dense1_seed2901
num_envs: 5120
seed: 2026092901
torch_deterministic: False
max_iterations: 2000
physics_engine: physx
pipeline: gpu
sim_device: cuda:0
rl_device: cuda:0
graphics_device_id: -1
num_threads: 4
solver_type: 1
num_subscenes: 0
test: False
checkpoint: /home/wangjiarui/artgym-hold-20260929/runs/hold-20260929/parents/expert11.pth
sigma: 
multi_gpu: False
asset_dir: 
capture_video: False
capture_video_freq: 1500
capture_video_len: 100
force_render: False
headless: True
Setting seed: 2026092901
self.seed = 2026092901
Started to train
Exact experiment name requested from command line: hold_r11_dense1_seed2901
/home/wangjiarui/artgym-runtime/lib/python3.8/site-packages/gym/spaces/box.py:127: UserWarning: [33mWARN: Box bound precision lowered by casting to float32[0m
  logger.warn(f"Box bound precision lowered by casting to {self.dtype}")
Not connected to PVD
+++ Using GPU PhysX
Physics Engine: PhysX
Physics Device: cuda:0
GPU Pipeline: enabled
Box(-1.0, 1.0, (20,), float32) Box(-inf, inf, (137,), float32)
seq_length: 32
current training device: cuda:0
num_minibatches: 5
build mlp: 21
build mlp: 21
build mlp: 512
build mlp: 512
RunningMeanStd:  (1,)
RunningMeanStd:  (137,)
=> loading checkpoint '/home/wangjiarui/artgym-hold-20260929/runs/hold-20260929/parents/expert11.pth'

Timing:
  Play time               : 10.242 s
  Update time             : 1.141 s
  Time to train epoch     : 11.383 s


Statistics:
  fps step                    : 16,505
  fps step + policy inference : 15,996
  fps total                   : 14,393
  epoch                       : 1,001 / 2,000
  frames                      : 164,003,840


Policy 0: 
Timing:
  Play time               : 9.940 s
  Update time             : 0.973 s
  Time to train epoch     : 10.913 s


Statistics:
  fps step                    : 16,707
  fps step + policy inference : 16,483
  fps total                   : 15,013
  epoch                       : 1,002 / 2,000
  frames                      : 164,167,680


Policy 0: 
Timing:
  Play time               : 9.910 s
  Update time             : 0.629 s
  Time to train epoch     : 10.539 s


Statistics:
  fps step                    : 16,761
  fps step + policy inference : 16,534
  fps total                   : 15,546
  epoch                       : 1,003 / 2,000
  frames                      : 164,331,520


Policy 0: 
Timing:
  Play time               : 9.915 s
  Update time             : 0.617 s
  Time to train epoch     : 10.533 s


Statistics:
  fps step                    : 16,748
  fps step + policy inference : 16,524
  fps total                   : 15,555
  epoch                       : 1,004 / 2,000
  frames                      : 164,495,360


Policy 0: 
Timing:
  Play time               : 9.892 s
  Update time             : 0.739 s
  Time to train epoch     : 10.632 s


Statistics:
  fps step                    : 16,789
  fps step + policy inference : 16,562
  fps total                   : 15,410
  epoch                       : 1,005 / 2,000
  frames                      : 164,659,200


Policy 0: 
Timing:
  Play time               : 9.870 s
  Update time             : 0.765 s
  Time to train epoch     : 10.635 s


Statistics:
  fps step                    : 16,823
  fps step + policy inference : 16,599
  fps total                   : 15,406
  epoch                       : 1,006 / 2,000
  frames                      : 164,823,040


Policy 0: 
Timing:
  Play time               : 9.879 s
  Update time             : 0.619 s
  Time to train epoch     : 10.498 s


Statistics:
  fps step                    : 16,808
  fps step + policy inference : 16,585
  fps total                   : 15,607
  epoch                       : 1,007 / 2,000
  frames                      : 164,986,880


Policy 0: 
Timing:
  Play time               : 9.931 s
  Update time             : 0.614 s
  Time to train epoch     : 10.545 s


Statistics:
  fps step                    : 16,721
  fps step + policy inference : 16,498
  fps total                   : 15,537
  epoch                       : 1,008 / 2,000
  frames                      : 165,150,720


Policy 0: 
Timing:
  Play time               : 9.967 s
  Update time             : 0.607 s
  Time to train epoch     : 10.573 s


Statistics:
  fps step                    : 16,661
  fps step + policy inference : 16,439
  fps total                   : 15,495
  epoch                       : 1,009 / 2,000
  frames                      : 165,314,560


Policy 0: 
Timing:
  Play time               : 9.885 s
  Update time             : 0.637 s
  Time to train epoch     : 10.522 s


Statistics:
  fps step                    : 16,803
  fps step + policy inference : 16,575
  fps total                   : 15,571
  epoch                       : 1,010 / 2,000
  frames                      : 165,478,400


Policy 0: 
Timing:
  Play time               : 9.893 s
  Update time             : 0.735 s
  Time to train epoch     : 10.628 s


Statistics:
  fps step                    : 16,785
  fps step + policy inference : 16,560
  fps total                   : 15,416
  epoch                       : 1,011 / 2,000
  frames                      : 165,642,240


Policy 0: 
Timing:
  Play time               : 9.904 s
  Update time             : 0.751 s
  Time to train epoch     : 10.655 s


Statistics:
  fps step                    : 16,767
  fps step + policy inference : 16,542
  fps total                   : 15,377
  epoch                       : 1,012 / 2,000
  frames                      : 165,806,080


Policy 0: 
Timing:
  Play time               : 9.916 s
  Update time             : 0.635 s
  Time to train epoch     : 10.551 s


Statistics:
  fps step                    : 16,745
  fps step + policy inference : 16,523
  fps total                   : 15,529
  epoch                       : 1,013 / 2,000
  frames                      : 165,969,920


Policy 0: 
Timing:
  Play time               : 9.850 s
  Update time             : 0.607 s
  Time to train epoch     : 10.457 s


Statistics:
  fps step                    : 16,857
  fps step + policy inference : 16,634
  fps total                   : 15,668
  epoch                       : 1,014 / 2,000
  frames                      : 166,133,760


Policy 0: 
Timing:
  Play time               : 9.906 s
  Update time             : 0.689 s
  Time to train epoch     : 10.596 s


Statistics:
  fps step                    : 16,764
  fps step + policy inference : 16,539
  fps total                   : 15,463
  epoch                       : 1,015 / 2,000
  frames                      : 166,297,600


Policy 0: 
Timing:
  Play time               : 9.872 s
  Update time             : 0.606 s
  Time to train epoch     : 10.478 s


Statistics:
  fps step                    : 16,822
  fps step + policy inference : 16,597
  fps total                   : 15,637
  epoch                       : 1,016 / 2,000
  frames                      : 166,461,440


Policy 0: 
Timing:
  Play time               : 9.891 s
  Update time             : 0.602 s
  Time to train epoch     : 10.493 s


Statistics:
  fps step                    : 16,791
  fps step + policy inference : 16,565
  fps total                   : 15,614
  epoch                       : 1,017 / 2,000
  frames                      : 166,625,280


Policy 0: 
Timing:
  Play time               : 9.943 s
  Update time             : 0.609 s
  Time to train epoch     : 10.552 s


Statistics:
  fps step                    : 16,699
  fps step + policy inference : 16,478
  fps total                   : 15,527
  epoch                       : 1,018 / 2,000
  frames                      : 166,789,120


Policy 0: 
Timing:
  Play time               : 10.156 s
  Update time             : 0.642 s
  Time to train epoch     : 10.798 s


Statistics:
  fps step                    : 16,674
  fps step + policy inference : 16,132
  fps total                   : 15,173
  epoch                       : 1,019 / 2,000
  frames                      : 166,952,960


Policy 0: saving next best rewards:  [547.11]
=> saving checkpoint 'runs/hold_r11_dense1_seed2901/nn/hold_r11_dense1_seed2901.pth'

Timing:
  Play time               : 9.607 s
  Update time             : 0.655 s
  Time to train epoch     : 10.262 s


Statistics:
  fps step                    : 17,295
  fps step + policy inference : 17,055
  fps total                   : 15,966
  epoch                       : 1,020 / 2,000
  frames                      : 167,116,800


Policy 0: 
Timing:
  Play time               : 9.912 s
  Update time             : 0.731 s
  Time to train epoch     : 10.643 s


Statistics:
  fps step                    : 16,750
  fps step + policy inference : 16,530
  fps total                   : 15,395
  epoch                       : 1,021 / 2,000
  frames                      : 167,280,640


Policy 0: 
Timing:
  Play time               : 9.882 s
  Update time             : 0.717 s
  Time to train epoch     : 10.599 s


Statistics:
  fps step                    : 16,807
  fps step + policy inference : 16,579
  fps total                   : 15,458
  epoch                       : 1,022 / 2,000
  frames                      : 167,444,480


Policy 0: 
Timing:
  Play time               : 9.887 s
  Update time             : 0.639 s
  Time to train epoch     : 10.527 s


Statistics:
  fps step                    : 16,796
  fps step + policy inference : 16,571
  fps total                   : 15,564
  epoch                       : 1,023 / 2,000
  frames                      : 167,608,320


Policy 0: 
Timing:
  Play time               : 9.864 s
  Update time             : 0.614 s
  Time to train epoch     : 10.478 s


Statistics:
  fps step                    : 16,836
  fps step + policy inference : 16,610
  fps total                   : 15,637
  epoch                       : 1,024 / 2,000
  frames                      : 167,772,160


Policy 0: 
Timing:
  Play time               : 9.896 s
  Update time             : 0.615 s
  Time to train epoch     : 10.510 s


Statistics:
  fps step                    : 16,788
  fps step + policy inference : 16,557
  fps total                   : 15,589
  epoch                       : 1,025 / 2,000
  frames                      : 167,936,000


Policy 0: 
Timing:
  Play time               : 9.775 s
  Update time             : 0.608 s
  Time to train epoch     : 10.383 s


Statistics:
  fps step                    : 16,990
  fps step + policy inference : 16,761
  fps total                   : 15,780
  epoch                       : 1,026 / 2,000
  frames                      : 168,099,840


Policy 0: 
Timing:
  Play time               : 9.850 s
  Update time             : 0.615 s
  Time to train epoch     : 10.465 s


Statistics:
  fps step                    : 16,861
  fps step + policy inference : 16,633
  fps total                   : 15,657
  epoch                       : 1,027 / 2,000
  frames                      : 168,263,680


Policy 0: 
Timing:
  Play time               : 9.920 s
  Update time             : 0.672 s
  Time to train epoch     : 10.592 s


Statistics:
  fps step                    : 16,736
  fps step + policy inference : 16,516
  fps total                   : 15,468
  epoch                       : 1,028 / 2,000
  frames                      : 168,427,520


Policy 0: 
Timing:
  Play time               : 9.855 s
  Update time             : 0.716 s
  Time to train epoch     : 10.570 s


Statistics:
  fps step                    : 16,843
  fps step + policy inference : 16,626
  fps total                   : 15,500
  epoch                       : 1,029 / 2,000
  frames                      : 168,591,360


Policy 0: 
Timing:
  Play time               : 9.906 s
  Update time             : 0.715 s
  Time to train epoch     : 10.621 s


Statistics:
  fps step                    : 16,757
  fps step + policy inference : 16,540
  fps total                   : 15,426
  epoch                       : 1,030 / 2,000
  frames                      : 168,755,200


Policy 0: 
Timing:
  Play time               : 9.899 s
  Update time             : 0.645 s
  Time to train epoch     : 10.544 s


Statistics:
  fps step                    : 16,766
  fps step + policy inference : 16,551
  fps total                   : 15,538
  epoch                       : 1,031 / 2,000
  frames                      : 168,919,040


Policy 0: 
Timing:
  Play time               : 9.864 s
  Update time             : 0.636 s
  Time to train epoch     : 10.500 s


Statistics:
  fps step                    : 16,830
  fps step + policy inference : 16,611
  fps total                   : 15,604
  epoch                       : 1,032 / 2,000
  frames                      : 169,082,880


Policy 0: 
Timing:
  Play time               : 9.845 s
  Update time             : 0.616 s
  Time to train epoch     : 10.461 s


Statistics:
  fps step                    : 16,864
  fps step + policy inference : 16,642
  fps total                   : 15,662
  epoch                       : 1,033 / 2,000
  frames                      : 169,246,720


Policy 0: 
Timing:
  Play time               : 9.865 s
  Update time             : 0.610 s
  Time to train epoch     : 10.475 s


Statistics:
  fps step                    : 16,831
  fps step + policy inference : 16,609
  fps total                   : 15,641
  epoch                       : 1,034 / 2,000
  frames                      : 169,410,560


Policy 0: 
Timing:
  Play time               : 9.835 s
  Update time             : 0.607 s
  Time to train epoch     : 10.442 s


Statistics:
  fps step                    : 16,877
  fps step + policy inference : 16,659
  fps total                   : 15,691
  epoch                       : 1,035 / 2,000
  frames                      : 169,574,400


Policy 0: 
Timing:
  Play time               : 9.838 s
  Update time             : 0.619 s
  Time to train epoch     : 10.458 s


Statistics:
  fps step                    : 16,870
  fps step + policy inference : 16,653
  fps total                   : 15,667
  epoch                       : 1,036 / 2,000
  frames                      : 169,738,240


Policy 0: 
Timing:
  Play time               : 9.902 s
  Update time             : 0.637 s
  Time to train epoch     : 10.539 s


Statistics:
  fps step                    : 16,762
  fps step + policy inference : 16,546
  fps total                   : 15,546
  epoch                       : 1,037 / 2,000
  frames                      : 169,902,080


Policy 0: 
Timing:
  Play time               : 10.052 s
  Update time             : 0.752 s
  Time to train epoch     : 10.804 s


Statistics:
  fps step                    : 16,853
  fps step + policy inference : 16,298
  fps total                   : 15,164
  epoch                       : 1,038 / 2,000
  frames                      : 170,065,920


Policy 0: saving next best rewards:  [609.54]
=> saving checkpoint 'runs/hold_r11_dense1_seed2901/nn/hold_r11_dense1_seed2901.pth'

Timing:
  Play time               : 9.684 s
  Update time             : 0.723 s
  Time to train epoch     : 10.407 s


Statistics:
  fps step                    : 17,145
  fps step + policy inference : 16,919
  fps total                   : 15,743
  epoch                       : 1,039 / 2,000
  frames                      : 170,229,760


Policy 0: 
Timing:
  Play time               : 9.896 s
  Update time             : 0.660 s
  Time to train epoch     : 10.556 s


Statistics:
  fps step                    : 16,776
  fps step + policy inference : 16,556
  fps total                   : 15,521
  epoch                       : 1,040 / 2,000
  frames                      : 170,393,600


Policy 0: saving next best rewards:  [609.56]
=> saving checkpoint 'runs/hold_r11_dense1_seed2901/nn/hold_r11_dense1_seed2901.pth'

Timing:
  Play time               : 9.840 s
  Update time             : 0.752 s
  Time to train epoch     : 10.592 s


Statistics:
  fps step                    : 16,874
  fps step + policy inference : 16,650
  fps total                   : 15,468
  epoch                       : 1,041 / 2,000
  frames                      : 170,557,440


Policy 0: 
Timing:
  Play time               : 9.855 s
  Update time             : 0.771 s
  Time to train epoch     : 10.625 s


Statistics:
  fps step                    : 16,846
  fps step + policy inference : 16,626
  fps total                   : 15,420
  epoch                       : 1,042 / 2,000
  frames                      : 170,721,280


Policy 0: 
Timing:
  Play time               : 10.015 s
  Update time             : 0.743 s
  Time to train epoch     : 10.759 s


Statistics:
  fps step                    : 16,572
  fps step + policy inference : 16,359
  fps total                   : 15,228
  epoch                       : 1,043 / 2,000
  frames                      : 170,885,120


Policy 0: 
Timing:
  Play time               : 9.862 s
  Update time             : 0.774 s
  Time to train epoch     : 10.637 s


Statistics:
  fps step                    : 16,836
  fps step + policy inference : 16,613
  fps total                   : 15,403
  epoch                       : 1,044 / 2,000
  frames                      : 171,048,960


Policy 0: saving next best rewards:  [609.61]
=> saving checkpoint 'runs/hold_r11_dense1_seed2901/nn/hold_r11_dense1_seed2901.pth'

Timing:
  Play time               : 9.782 s
  Update time             : 0.740 s
  Time to train epoch     : 10.522 s


Statistics:
  fps step                    : 16,976
  fps step + policy inference : 16,750
  fps total                   : 15,572
  epoch                       : 1,045 / 2,000
  frames                      : 171,212,800


Policy 0: 
Timing:
  Play time               : 9.894 s
  Update time             : 0.774 s
  Time to train epoch     : 10.668 s


Statistics:
  fps step                    : 16,781
  fps step + policy inference : 16,560
  fps total                   : 15,358
  epoch                       : 1,046 / 2,000
  frames                      : 171,376,640


Policy 0: 
Timing:
  Play time               : 9.839 s
  Update time             : 0.690 s
  Time to train epoch     : 10.529 s


Statistics:
  fps step                    : 16,879
  fps step + policy inference : 16,651
  fps total                   : 15,560
  epoch                       : 1,047 / 2,000
  frames                      : 171,540,480


Policy 0: 
Timing:
  Play time               : 9.838 s
  Update time             : 0.722 s
  Time to train epoch     : 10.560 s


Statistics:
  fps step                    : 16,876
  fps step + policy inference : 16,654
  fps total                   : 15,515
  epoch                       : 1,048 / 2,000
  frames                      : 171,704,320


Policy 0: 
Timing:
  Play time               : 9.879 s
  Update time             : 0.777 s
  Time to train epoch     : 10.655 s


Statistics:
  fps step                    : 16,805
  fps step + policy inference : 16,585
  fps total                   : 15,376
  epoch                       : 1,049 / 2,000
  frames                      : 171,868,160


Policy 0: 
Timing:
  Play time               : 9.865 s
  Update time             : 0.659 s
  Time to train epoch     : 10.524 s


Statistics:
  fps step                    : 16,832
  fps step + policy inference : 16,609
  fps total                   : 15,569
  epoch                       : 1,050 / 2,000
  frames                      : 172,032,000


Policy 0: 
Timing:
  Play time               : 9.872 s
  Update time             : 0.684 s
  Time to train epoch     : 10.555 s


Statistics:
  fps step                    : 16,816
  fps step + policy inference : 16,597
  fps total                   : 15,522
  epoch                       : 1,051 / 2,000
  frames                      : 172,195,840


Policy 0: 
Timing:
  Play time               : 9.925 s
  Update time             : 0.773 s
  Time to train epoch     : 10.698 s


Statistics:
  fps step                    : 16,727
  fps step + policy inference : 16,507
  fps total                   : 15,315
  epoch                       : 1,052 / 2,000
  frames                      : 172,359,680


Policy 0: 
Timing:
  Play time               : 9.855 s
  Update time             : 0.705 s
  Time to train epoch     : 10.560 s


Statistics:
  fps step                    : 16,848
  fps step + policy inference : 16,625
  fps total                   : 15,515
  epoch                       : 1,053 / 2,000
  frames                      : 172,523,520


Policy 0: 
Timing:
  Play time               : 9.831 s
  Update time             : 0.620 s
  Time to train epoch     : 10.451 s


Statistics:
  fps step                    : 16,888
  fps step + policy inference : 16,666
  fps total                   : 15,677
  epoch                       : 1,054 / 2,000
  frames                      : 172,687,360


Policy 0: 
Timing:
  Play time               : 9.838 s
  Update time             : 0.690 s
  Time to train epoch     : 10.527 s


Statistics:
  fps step                    : 16,873
  fps step + policy inference : 16,654
  fps total                   : 15,563
  epoch                       : 1,055 / 2,000
  frames                      : 172,851,200


Policy 0: 
Timing:
  Play time               : 9.859 s
  Update time             : 0.772 s
  Time to train epoch     : 10.631 s


Statistics:
  fps step                    : 16,838
  fps step + policy inference : 16,618
  fps total                   : 15,411
  epoch                       : 1,056 / 2,000
  frames                      : 173,015,040


Policy 0: 
Timing:
  Play time               : 9.949 s
  Update time             : 0.759 s
  Time to train epoch     : 10.709 s


Statistics:
  fps step                    : 17,036
  fps step + policy inference : 16,468
  fps total                   : 15,300
  epoch                       : 1,057 / 2,000
  frames                      : 173,178,880


Policy 0: saving next best rewards:  [647.94]
=> saving checkpoint 'runs/hold_r11_dense1_seed2901/nn/hold_r11_dense1_seed2901.pth'

Timing:
  Play time               : 9.810 s
  Update time             : 0.621 s
  Time to train epoch     : 10.431 s


Statistics:
  fps step                    : 16,926
  fps step + policy inference : 16,702
  fps total                   : 15,707
  epoch                       : 1,058 / 2,000
  frames                      : 173,342,720


Policy 0: 
Timing:
  Play time               : 9.831 s
  Update time             : 0.625 s
  Time to train epoch     : 10.456 s


Statistics:
  fps step                    : 16,890
  fps step + policy inference : 16,666
  fps total                   : 15,669
  epoch                       : 1,059 / 2,000
  frames                      : 173,506,560


Policy 0: saving next best rewards:  [647.98]
=> saving checkpoint 'runs/hold_r11_dense1_seed2901/nn/hold_r11_dense1_seed2901.pth'

Timing:
  Play time               : 9.755 s
  Update time             : 0.733 s
  Time to train epoch     : 10.488 s


Statistics:
  fps step                    : 17,016
  fps step + policy inference : 16,796
  fps total                   : 15,622
  epoch                       : 1,060 / 2,000
  frames                      : 173,670,400


Policy 0: 
Timing:
  Play time               : 9.788 s
  Update time             : 0.754 s
  Time to train epoch     : 10.541 s


Statistics:
  fps step                    : 16,959
  fps step + policy inference : 16,739
  fps total                   : 15,542
  epoch                       : 1,061 / 2,000
  frames                      : 173,834,240


Policy 0: 
Timing:
  Play time               : 9.882 s
  Update time             : 0.632 s
  Time to train epoch     : 10.514 s


Statistics:
  fps step                    : 16,800
  fps step + policy inference : 16,580
  fps total                   : 15,583
  epoch                       : 1,062 / 2,000
  frames                      : 173,998,080


Policy 0: 
Timing:
  Play time               : 9.916 s
  Update time             : 0.640 s
  Time to train epoch     : 10.556 s


Statistics:
  fps step                    : 16,743
  fps step + policy inference : 16,522
  fps total                   : 15,521
  epoch                       : 1,063 / 2,000
  frames                      : 174,161,920


Policy 0: saving next best rewards:  [648.01]
=> saving checkpoint 'runs/hold_r11_dense1_seed2901/nn/hold_r11_dense1_seed2901.pth'

Timing:
  Play time               : 9.892 s
  Update time             : 0.613 s
  Time to train epoch     : 10.505 s


Statistics:
  fps step                    : 16,780
  fps step + policy inference : 16,562
  fps total                   : 15,596
  epoch                       : 1,064 / 2,000
  frames                      : 174,325,760


Policy 0: 
Timing:
  Play time               : 9.874 s
  Update time             : 0.737 s
  Time to train epoch     : 10.611 s


Statistics:
  fps step                    : 16,810
  fps step + policy inference : 16,593
  fps total                   : 15,441
  epoch                       : 1,065 / 2,000
  frames                      : 174,489,600


Policy 0: 
Timing:
  Play time               : 9.878 s
  Update time             : 0.761 s
  Time to train epoch     : 10.638 s


Statistics:
  fps step                    : 16,803
  fps step + policy inference : 16,587
  fps total                   : 15,401
  epoch                       : 1,066 / 2,000
  frames                      : 174,653,440


Policy 0: saving next best rewards:  [648.07]
=> saving checkpoint 'runs/hold_r11_dense1_seed2901/nn/hold_r11_dense1_seed2901.pth'

Timing:
  Play time               : 9.838 s
  Update time             : 0.662 s
  Time to train epoch     : 10.500 s


Statistics:
  fps step                    : 16,876
  fps step + policy inference : 16,653
  fps total                   : 15,603
  epoch                       : 1,067 / 2,000
  frames                      : 174,817,280


Policy 0: 
Timing:
  Play time               : 9.880 s
  Update time             : 0.622 s
  Time to train epoch     : 10.503 s


Statistics:
  fps step                    : 16,805
  fps step + policy inference : 16,583
  fps total                   : 15,600
  epoch                       : 1,068 / 2,000
  frames                      : 174,981,120


Policy 0: 
Timing:
  Play time               : 9.863 s
  Update time             : 0.641 s
  Time to train epoch     : 10.504 s


Statistics:
  fps step                    : 16,832
  fps step + policy inference : 16,611
  fps total                   : 15,598
  epoch                       : 1,069 / 2,000
  frames                      : 175,144,960


Policy 0: 
Timing:
  Play time               : 9.835 s
  Update time             : 0.717 s
  Time to train epoch     : 10.552 s


Statistics:
  fps step                    : 16,882
  fps step + policy inference : 16,658
  fps total                   : 15,527
  epoch                       : 1,070 / 2,000
  frames                      : 175,308,800


Policy 0: 
Timing:
  Play time               : 9.937 s
  Update time             : 0.731 s
  Time to train epoch     : 10.668 s


Statistics:
  fps step                    : 16,703
  fps step + policy inference : 16,487
  fps total                   : 15,358
  epoch                       : 1,071 / 2,000
  frames                      : 175,472,640


Policy 0: 
Timing:
  Play time               : 10.030 s
  Update time             : 0.660 s
  Time to train epoch     : 10.690 s


Statistics:
  fps step                    : 16,547
  fps step + policy inference : 16,335
  fps total                   : 15,327
  epoch                       : 1,072 / 2,000
  frames                      : 175,636,480


Policy 0: 
Timing:
  Play time               : 10.065 s
  Update time             : 0.622 s
  Time to train epoch     : 10.687 s


Statistics:
  fps step                    : 16,492
  fps step + policy inference : 16,279
  fps total                   : 15,331
  epoch                       : 1,073 / 2,000
  frames                      : 175,800,320


Policy 0: 
Timing:
  Play time               : 10.115 s
  Update time             : 0.610 s
  Time to train epoch     : 10.725 s


Statistics:
  fps step                    : 16,406
  fps step + policy inference : 16,198
  fps total                   : 15,277
  epoch                       : 1,074 / 2,000
  frames                      : 175,964,160


Policy 0: 
Timing:
  Play time               : 10.246 s
  Update time             : 0.609 s
  Time to train epoch     : 10.855 s


Statistics:
  fps step                    : 16,518
  fps step + policy inference : 15,990
  fps total                   : 15,094
  epoch                       : 1,075 / 2,000
  frames                      : 176,128,000


Policy 0: saving next best rewards:  [674.85]
=> saving checkpoint 'runs/hold_r11_dense1_seed2901/nn/hold_r11_dense1_seed2901.pth'

Timing:
  Play time               : 9.854 s
  Update time             : 0.712 s
  Time to train epoch     : 10.566 s


Statistics:
  fps step                    : 16,849
  fps step + policy inference : 16,626
  fps total                   : 15,506
  epoch                       : 1,076 / 2,000
  frames                      : 176,291,840


Policy 0: 
Timing:
  Play time               : 9.915 s
  Update time             : 0.772 s
  Time to train epoch     : 10.687 s


Statistics:
  fps step                    : 16,742
  fps step + policy inference : 16,525
  fps total                   : 15,331
  epoch                       : 1,077 / 2,000
  frames                      : 176,455,680


Policy 0: 
Timing:
  Play time               : 9.869 s
  Update time             : 0.714 s
  Time to train epoch     : 10.583 s


Statistics:
  fps step                    : 16,823
  fps step + policy inference : 16,601
  fps total                   : 15,481
  epoch                       : 1,078 / 2,000
  frames                      : 176,619,520


Policy 0: 
Timing:
  Play time               : 9.836 s
  Update time             : 0.618 s
  Time to train epoch     : 10.455 s


Statistics:
  fps step                    : 16,880
  fps step + policy inference : 16,657
  fps total                   : 15,671
  epoch                       : 1,079 / 2,000
  frames                      : 176,783,360


Policy 0: 
Timing:
  Play time               : 9.809 s
  Update time             : 0.606 s
  Time to train epoch     : 10.415 s


Statistics:
  fps step                    : 16,923
  fps step + policy inference : 16,703
  fps total                   : 15,731
  epoch                       : 1,080 / 2,000
  frames                      : 176,947,200


Policy 0: 
Timing:
  Play time               : 9.887 s
  Update time             : 0.614 s
  Time to train epoch     : 10.501 s


Statistics:
  fps step                    : 16,791
  fps step + policy inference : 16,571
  fps total                   : 15,602
  epoch                       : 1,081 / 2,000
  frames                      : 177,111,040


Policy 0: 
Timing:
  Play time               : 9.855 s
  Update time             : 0.660 s
  Time to train epoch     : 10.515 s


Statistics:
  fps step                    : 16,846
  fps step + policy inference : 16,625
  fps total                   : 15,582
  epoch                       : 1,082 / 2,000
  frames                      : 177,274,880


Policy 0: 
Timing:
  Play time               : 9.836 s
  Update time             : 0.766 s
  Time to train epoch     : 10.602 s


Statistics:
  fps step                    : 16,877
  fps step + policy inference : 16,658
  fps total                   : 15,454
  epoch                       : 1,083 / 2,000
  frames                      : 177,438,720


Policy 0: 
Timing:
  Play time               : 9.862 s
  Update time             : 0.740 s
  Time to train epoch     : 10.602 s


Statistics:
  fps step                    : 16,830
  fps step + policy inference : 16,613
  fps total                   : 15,453
  epoch                       : 1,084 / 2,000
  frames                      : 177,602,560


Policy 0: 
Timing:
  Play time               : 9.853 s
  Update time             : 0.627 s
  Time to train epoch     : 10.480 s


Statistics:
  fps step                    : 16,846
  fps step + policy inference : 16,628
  fps total                   : 15,633
  epoch                       : 1,085 / 2,000
  frames                      : 177,766,400


Policy 0: 
Timing:
  Play time               : 9.873 s
  Update time             : 0.626 s
  Time to train epoch     : 10.498 s


Statistics:
  fps step                    : 16,815
  fps step + policy inference : 16,595
  fps total                   : 15,606
  epoch                       : 1,086 / 2,000
  frames                      : 177,930,240


Policy 0: 
Timing:
  Play time               : 9.904 s
  Update time             : 0.624 s
  Time to train epoch     : 10.527 s


Statistics:
  fps step                    : 16,763
  fps step + policy inference : 16,543
  fps total                   : 15,563
  epoch                       : 1,087 / 2,000
  frames                      : 178,094,080


Policy 0: 
Timing:
  Play time               : 9.907 s
  Update time             : 0.620 s
  Time to train epoch     : 10.527 s


Statistics:
  fps step                    : 16,757
  fps step + policy inference : 16,538
  fps total                   : 15,564
  epoch                       : 1,088 / 2,000
  frames                      : 178,257,920


Policy 0: 
Timing:
  Play time               : 9.823 s
  Update time             : 0.664 s
  Time to train epoch     : 10.487 s


Statistics:
  fps step                    : 16,900
  fps step + policy inference : 16,679
  fps total                   : 15,623
  epoch                       : 1,089 / 2,000
  frames                      : 178,421,760


Policy 0: 
Timing:
  Play time               : 9.893 s
  Update time             : 0.718 s
  Time to train epoch     : 10.611 s


Statistics:
  fps step                    : 16,781
  fps step + policy inference : 16,561
  fps total                   : 15,440
  epoch                       : 1,090 / 2,000
  frames                      : 178,585,600


Policy 0: 
Timing:
  Play time               : 9.912 s
  Update time             : 0.743 s
  Time to train epoch     : 10.655 s


Statistics:
  fps step                    : 16,745
  fps step + policy inference : 16,530
  fps total                   : 15,377
  epoch                       : 1,091 / 2,000
  frames                      : 178,749,440


Policy 0: 
Timing:
  Play time               : 9.839 s
  Update time             : 0.673 s
  Time to train epoch     : 10.512 s


Statistics:
  fps step                    : 16,870
  fps step + policy inference : 16,652
  fps total                   : 15,586
  epoch                       : 1,092 / 2,000
  frames                      : 178,913,280


Policy 0: 
Timing:
  Play time               : 9.965 s
  Update time             : 0.614 s
  Time to train epoch     : 10.579 s


Statistics:
  fps step                    : 16,656
  fps step + policy inference : 16,441
  fps total                   : 15,487
  epoch                       : 1,093 / 2,000
  frames                      : 179,077,120


Policy 0: 
Timing:
  Play time               : 10.142 s
  Update time             : 0.645 s
  Time to train epoch     : 10.786 s


Statistics:
  fps step                    : 16,699
  fps step + policy inference : 16,155
  fps total                   : 15,190
  epoch                       : 1,094 / 2,000
  frames                      : 179,240,960


Policy 0: saving next best rewards:  [693.73]
=> saving checkpoint 'runs/hold_r11_dense1_seed2901/nn/hold_r11_dense1_seed2901.pth'

Timing:
  Play time               : 9.650 s
  Update time             : 0.641 s
  Time to train epoch     : 10.292 s


Statistics:
  fps step                    : 17,209
  fps step + policy inference : 16,978
  fps total                   : 15,919
  epoch                       : 1,095 / 2,000
  frames                      : 179,404,800


Policy 0: saving next best rewards:  [693.77]
=> saving checkpoint 'runs/hold_r11_dense1_seed2901/nn/hold_r11_dense1_seed2901.pth'

Timing:
  Play time               : 9.920 s
  Update time             : 0.610 s
  Time to train epoch     : 10.531 s


Statistics:
  fps step                    : 16,733
  fps step + policy inference : 16,516
  fps total                   : 15,559
  epoch                       : 1,096 / 2,000
  frames                      : 179,568,640


Policy 0: 
Timing:
  Play time               : 9.967 s
  Update time             : 0.781 s
  Time to train epoch     : 10.748 s


Statistics:
  fps step                    : 16,654
  fps step + policy inference : 16,438
  fps total                   : 15,244
  epoch                       : 1,097 / 2,000
  frames                      : 179,732,480


Policy 0: 
Timing:
  Play time               : 9.837 s
  Update time             : 0.766 s
  Time to train epoch     : 10.602 s


Statistics:
  fps step                    : 16,874
  fps step + policy inference : 16,656
  fps total                   : 15,453
  epoch                       : 1,098 / 2,000
  frames                      : 179,896,320


Policy 0: 
Timing:
  Play time               : 9.845 s
  Update time             : 0.766 s
  Time to train epoch     : 10.610 s


Statistics:
  fps step                    : 16,862
  fps step + policy inference : 16,643
  fps total                   : 15,442
  epoch                       : 1,099 / 2,000
  frames                      : 180,060,160


Policy 0: 
Timing:
  Play time               : 9.908 s
  Update time             : 0.777 s
  Time to train epoch     : 10.686 s


Statistics:
  fps step                    : 16,760
  fps step + policy inference : 16,536
  fps total                   : 15,333
  epoch                       : 1,100 / 2,000
  frames                      : 180,224,000


Policy 0: saving next best rewards:  [693.81]
=> saving checkpoint 'runs/hold_r11_dense1_seed2901/nn/hold_r11_dense1_seed2901.pth'

Timing:
  Play time               : 9.833 s
  Update time             : 0.776 s
  Time to train epoch     : 10.609 s


Statistics:
  fps step                    : 16,888
  fps step + policy inference : 16,663
  fps total                   : 15,444
  epoch                       : 1,101 / 2,000
  frames                      : 180,387,840


Policy 0: 
Timing:
  Play time               : 9.882 s
  Update time             : 0.783 s
  Time to train epoch     : 10.664 s


Statistics:
  fps step                    : 16,808
  fps step + policy inference : 16,580
  fps total                   : 15,363
  epoch                       : 1,102 / 2,000
  frames                      : 180,551,680


Policy 0: 
Timing:
  Play time               : 9.893 s
  Update time             : 0.778 s
  Time to train epoch     : 10.670 s


Statistics:
  fps step                    : 16,786
  fps step + policy inference : 16,562
  fps total                   : 15,355
  epoch                       : 1,103 / 2,000
  frames                      : 180,715,520


Policy 0: 
Timing:
  Play time               : 9.831 s
  Update time             : 0.738 s
  Time to train epoch     : 10.569 s


Statistics:
  fps step                    : 16,893
  fps step + policy inference : 16,666
  fps total                   : 15,503
  epoch                       : 1,104 / 2,000
  frames                      : 180,879,360


Policy 0: 
Timing:
  Play time               : 9.910 s
  Update time             : 0.621 s
  Time to train epoch     : 10.531 s


Statistics:
  fps step                    : 16,757
  fps step + policy inference : 16,532
  fps total                   : 15,557
  epoch                       : 1,105 / 2,000
  frames                      : 181,043,200


Policy 0: 
Timing:
  Play time               : 9.930 s
  Update time             : 0.777 s
  Time to train epoch     : 10.707 s


Statistics:
  fps step                    : 16,726
  fps step + policy inference : 16,500
  fps total                   : 15,302
  epoch                       : 1,106 / 2,000
  frames                      : 181,207,040


Policy 0: 
Timing:
  Play time               : 10.148 s
  Update time             : 0.790 s
  Time to train epoch     : 10.938 s


Statistics:
  fps step                    : 16,372
  fps step + policy inference : 16,146
  fps total                   : 14,979
  epoch                       : 1,107 / 2,000
  frames                      : 181,370,880


Policy 0: 
Timing:
  Play time               : 10.212 s
  Update time             : 0.666 s
  Time to train epoch     : 10.878 s


Statistics:
  fps step                    : 16,253
  fps step + policy inference : 16,045
  fps total                   : 15,062
  epoch                       : 1,108 / 2,000
  frames                      : 181,534,720


Policy 0: 
Timing:
  Play time               : 9.944 s
  Update time             : 0.739 s
  Time to train epoch     : 10.683 s


Statistics:
  fps step                    : 16,701
  fps step + policy inference : 16,477
  fps total                   : 15,337
  epoch                       : 1,109 / 2,000
  frames                      : 181,698,560


Policy 0: 
Timing:
  Play time               : 9.914 s
  Update time             : 0.743 s
  Time to train epoch     : 10.658 s


Statistics:
  fps step                    : 16,752
  fps step + policy inference : 16,526
  fps total                   : 15,373
  epoch                       : 1,110 / 2,000
  frames                      : 181,862,400


Policy 0: 
Timing:
  Play time               : 9.897 s
  Update time             : 0.664 s
  Time to train epoch     : 10.561 s


Statistics:
  fps step                    : 16,784
  fps step + policy inference : 16,555
  fps total                   : 15,514
  epoch                       : 1,111 / 2,000
  frames                      : 182,026,240


Policy 0: 
Timing:
  Play time               : 9.945 s
  Update time             : 0.671 s
  Time to train epoch     : 10.617 s


Statistics:
  fps step                    : 16,698
  fps step + policy inference : 16,474
  fps total                   : 15,432
  epoch                       : 1,112 / 2,000
  frames                      : 182,190,080


Policy 0: 
Timing:
  Play time               : 10.184 s
  Update time             : 0.819 s
  Time to train epoch     : 11.003 s


Statistics:
  fps step                    : 16,629
  fps step + policy inference : 16,089
  fps total                   : 14,891
  epoch                       : 1,113 / 2,000
  frames                      : 182,353,920


Policy 0: saving next best rewards:  [704.83]
=> saving checkpoint 'runs/hold_r11_dense1_seed2901/nn/hold_r11_dense1_seed2901.pth'

Timing:
  Play time               : 9.868 s
  Update time             : 0.742 s
  Time to train epoch     : 10.610 s


Statistics:
  fps step                    : 16,834
  fps step + policy inference : 16,603
  fps total                   : 15,442
  epoch                       : 1,114 / 2,000
  frames                      : 182,517,760


Policy 0: 
Timing:
  Play time               : 9.953 s
  Update time             : 0.631 s
  Time to train epoch     : 10.584 s


Statistics:
  fps step                    : 16,687
  fps step + policy inference : 16,462
  fps total                   : 15,480
  epoch                       : 1,115 / 2,000
  frames                      : 182,681,600


Policy 0: saving next best rewards:  [704.85]
=> saving checkpoint 'runs/hold_r11_dense1_seed2901/nn/hold_r11_dense1_seed2901.pth'

Timing:
  Play time               : 9.854 s
  Update time             : 0.707 s
  Time to train epoch     : 10.562 s


Statistics:
  fps step                    : 16,858
  fps step + policy inference : 16,626
  fps total                   : 15,513
  epoch                       : 1,116 / 2,000
  frames                      : 182,845,440


Policy 0: 
Timing:
  Play time               : 9.906 s
  Update time             : 0.765 s
  Time to train epoch     : 10.671 s


Statistics:
  fps step                    : 16,766
  fps step + policy inference : 16,540
  fps total                   : 15,354
  epoch                       : 1,117 / 2,000
  frames                      : 183,009,280


Policy 0: 
Timing:
  Play time               : 9.918 s
  Update time             : 0.684 s
  Time to train epoch     : 10.603 s


Statistics:
  fps step                    : 16,746
  fps step + policy inference : 16,519
  fps total                   : 15,453
  epoch                       : 1,118 / 2,000
  frames                      : 183,173,120


Policy 0: 
Timing:
  Play time               : 10.069 s
  Update time             : 0.647 s
  Time to train epoch     : 10.716 s


Statistics:
  fps step                    : 16,497
  fps step + policy inference : 16,272
  fps total                   : 15,290
  epoch                       : 1,119 / 2,000
  frames                      : 183,336,960


Policy 0: 
Timing:
  Play time               : 9.851 s
  Update time             : 0.692 s
  Time to train epoch     : 10.542 s


Statistics:
  fps step                    : 16,872
  fps step + policy inference : 16,632
  fps total                   : 15,541
  epoch                       : 1,120 / 2,000
  frames                      : 183,500,800


Policy 0: 
Timing:
  Play time               : 9.947 s
  Update time             : 0.736 s
  Time to train epoch     : 10.683 s


Statistics:
  fps step                    : 16,695
  fps step + policy inference : 16,471
  fps total                   : 15,337
  epoch                       : 1,121 / 2,000
  frames                      : 183,664,640


Policy 0: 
Timing:
  Play time               : 9.966 s
  Update time             : 0.735 s
  Time to train epoch     : 10.700 s


Statistics:
  fps step                    : 16,668
  fps step + policy inference : 16,441
  fps total                   : 15,312
  epoch                       : 1,122 / 2,000
  frames                      : 183,828,480


Policy 0: 
Timing:
  Play time               : 9.889 s
  Update time             : 0.660 s
  Time to train epoch     : 10.549 s


Statistics:
  fps step                    : 16,801
  fps step + policy inference : 16,567
  fps total                   : 15,531
  epoch                       : 1,123 / 2,000
  frames                      : 183,992,320


Policy 0: 
Timing:
  Play time               : 9.947 s
  Update time             : 0.624 s
  Time to train epoch     : 10.571 s


Statistics:
  fps step                    : 16,698
  fps step + policy inference : 16,471
  fps total                   : 15,498
  epoch                       : 1,124 / 2,000
  frames                      : 184,156,160


Policy 0: 
Timing:
  Play time               : 9.979 s
  Update time             : 0.648 s
  Time to train epoch     : 10.628 s


Statistics:
  fps step                    : 16,652
  fps step + policy inference : 16,418
  fps total                   : 15,416
  epoch                       : 1,125 / 2,000
  frames                      : 184,320,000


Policy 0: 
Timing:
  Play time               : 9.955 s
  Update time             : 0.699 s
  Time to train epoch     : 10.654 s


Statistics:
  fps step                    : 16,693
  fps step + policy inference : 16,458
  fps total                   : 15,378
  epoch                       : 1,126 / 2,000
  frames                      : 184,483,840


Policy 0: 
Timing:
  Play time               : 9.895 s
  Update time             : 0.754 s
  Time to train epoch     : 10.649 s


Statistics:
  fps step                    : 16,788
  fps step + policy inference : 16,558
  fps total                   : 15,385
  epoch                       : 1,127 / 2,000
  frames                      : 184,647,680


Policy 0: 
Timing:
  Play time               : 9.956 s
  Update time             : 0.735 s
  Time to train epoch     : 10.691 s


Statistics:
  fps step                    : 16,686
  fps step + policy inference : 16,456
  fps total                   : 15,325
  epoch                       : 1,128 / 2,000
  frames                      : 184,811,520


Policy 0: 
Timing:
  Play time               : 9.869 s
  Update time             : 0.636 s
  Time to train epoch     : 10.506 s


Statistics:
  fps step                    : 16,823
  fps step + policy inference : 16,601
  fps total                   : 15,595
  epoch                       : 1,129 / 2,000
  frames                      : 184,975,360


Policy 0: 
Timing:
  Play time               : 9.938 s
  Update time             : 0.626 s
  Time to train epoch     : 10.563 s


Statistics:
  fps step                    : 16,714
  fps step + policy inference : 16,487
  fps total                   : 15,510
  epoch                       : 1,130 / 2,000
  frames                      : 185,139,200


Policy 0: 
Timing:
  Play time               : 9.949 s
  Update time             : 0.612 s
  Time to train epoch     : 10.561 s


Statistics:
  fps step                    : 16,694
  fps step + policy inference : 16,468
  fps total                   : 15,513
  epoch                       : 1,131 / 2,000
  frames                      : 185,303,040


Policy 0: 
Timing:
  Play time               : 10.059 s
  Update time             : 0.690 s
  Time to train epoch     : 10.748 s


Statistics:
  fps step                    : 16,846
  fps step + policy inference : 16,289
  fps total                   : 15,243
  epoch                       : 1,132 / 2,000
  frames                      : 185,466,880


Policy 0: saving next best rewards:  [711.83]
=> saving checkpoint 'runs/hold_r11_dense1_seed2901/nn/hold_r11_dense1_seed2901.pth'

Timing:
  Play time               : 9.911 s
  Update time             : 0.701 s
  Time to train epoch     : 10.612 s


Statistics:
  fps step                    : 16,756
  fps step + policy inference : 16,531
  fps total                   : 15,439
  epoch                       : 1,133 / 2,000
  frames                      : 185,630,720


Policy 0: 
Timing:
  Play time               : 10.062 s
  Update time             : 0.778 s
  Time to train epoch     : 10.839 s


Statistics:
  fps step                    : 16,504
  fps step + policy inference : 16,283
  fps total                   : 15,115
  epoch                       : 1,134 / 2,000
  frames                      : 185,794,560


Policy 0: saving next best rewards:  [711.84]
=> saving checkpoint 'runs/hold_r11_dense1_seed2901/nn/hold_r11_dense1_seed2901.pth'

Timing:
  Play time               : 9.862 s
  Update time             : 0.689 s
  Time to train epoch     : 10.551 s


Statistics:
  fps step                    : 16,839
  fps step + policy inference : 16,614
  fps total                   : 15,529
  epoch                       : 1,135 / 2,000
  frames                      : 185,958,400


Policy 0: 
Timing:
  Play time               : 9.896 s
  Update time             : 0.627 s
  Time to train epoch     : 10.524 s


Statistics:
  fps step                    : 16,782
  fps step + policy inference : 16,555
  fps total                   : 15,569
  epoch                       : 1,136 / 2,000
  frames                      : 186,122,240


Policy 0: 
Timing:
  Play time               : 9.888 s
  Update time             : 0.618 s
  Time to train epoch     : 10.507 s


Statistics:
  fps step                    : 16,798
  fps step + policy inference : 16,569
  fps total                   : 15,594
  epoch                       : 1,137 / 2,000
  frames                      : 186,286,080


Policy 0: 
Timing:
  Play time               : 10.101 s
  Update time             : 0.646 s
  Time to train epoch     : 10.747 s


Statistics:
  fps step                    : 16,438
  fps step + policy inference : 16,220
  fps total                   : 15,245
  epoch                       : 1,138 / 2,000
  frames                      : 186,449,920


Policy 0: saving next best rewards:  [711.86]
=> saving checkpoint 'runs/hold_r11_dense1_seed2901/nn/hold_r11_dense1_seed2901.pth'

Timing:
  Play time               : 10.172 s
  Update time             : 0.681 s
  Time to train epoch     : 10.853 s


Statistics:
  fps step                    : 16,322
  fps step + policy inference : 16,107
  fps total                   : 15,096
  epoch                       : 1,139 / 2,000
  frames                      : 186,613,760


Policy 0: 
Timing:
  Play time               : 10.190 s
  Update time             : 0.711 s
  Time to train epoch     : 10.901 s


Statistics:
  fps step                    : 16,291
  fps step + policy inference : 16,079
  fps total                   : 15,030
  epoch                       : 1,140 / 2,000
  frames                      : 186,777,600


Policy 0: 
Timing:
  Play time               : 10.223 s
  Update time             : 0.710 s
  Time to train epoch     : 10.933 s


Statistics:
  fps step                    : 16,247
  fps step + policy inference : 16,026
  fps total                   : 14,986
  epoch                       : 1,141 / 2,000
  frames                      : 186,941,440


Policy 0: 
Timing:
  Play time               : 10.190 s
  Update time             : 0.663 s
  Time to train epoch     : 10.853 s


Statistics:
  fps step                    : 16,292
  fps step + policy inference : 16,078
  fps total                   : 15,096
  epoch                       : 1,142 / 2,000
  frames                      : 187,105,280


Policy 0: 
Timing:
  Play time               : 10.204 s
  Update time             : 0.628 s
  Time to train epoch     : 10.831 s


Statistics:
  fps step                    : 16,274
  fps step + policy inference : 16,057
  fps total                   : 15,126
  epoch                       : 1,143 / 2,000
  frames                      : 187,269,120


Policy 0: 
Timing:
  Play time               : 10.143 s
  Update time             : 0.631 s
  Time to train epoch     : 10.774 s


Statistics:
  fps step                    : 16,371
  fps step + policy inference : 16,153
  fps total                   : 15,206
  epoch                       : 1,144 / 2,000
  frames                      : 187,432,960


Policy 0: 
Timing:
  Play time               : 9.942 s
  Update time             : 0.629 s
  Time to train epoch     : 10.572 s


Statistics:
  fps step                    : 16,707
  fps step + policy inference : 16,479
  fps total                   : 15,498
  epoch                       : 1,145 / 2,000
  frames                      : 187,596,800


Policy 0: 
Timing:
  Play time               : 10.015 s
  Update time             : 0.620 s
  Time to train epoch     : 10.635 s


Statistics:
  fps step                    : 16,585
  fps step + policy inference : 16,359
  fps total                   : 15,406
  epoch                       : 1,146 / 2,000
  frames                      : 187,760,640


Policy 0: 
Timing:
  Play time               : 9.929 s
  Update time             : 0.622 s
  Time to train epoch     : 10.551 s


Statistics:
  fps step                    : 16,725
  fps step + policy inference : 16,500
  fps total                   : 15,528
  epoch                       : 1,147 / 2,000
  frames                      : 187,924,480


Policy 0: 
Timing:
  Play time               : 9.926 s
  Update time             : 0.673 s
  Time to train epoch     : 10.599 s


Statistics:
  fps step                    : 16,735
  fps step + policy inference : 16,506
  fps total                   : 15,458
  epoch                       : 1,148 / 2,000
  frames                      : 188,088,320


Policy 0: 
Timing:
  Play time               : 9.934 s
  Update time             : 0.743 s
  Time to train epoch     : 10.677 s


Statistics:
  fps step                    : 16,717
  fps step + policy inference : 16,493
  fps total                   : 15,346
  epoch                       : 1,149 / 2,000
  frames                      : 188,252,160


Policy 0: 
Timing:
  Play time               : 10.176 s
  Update time             : 0.703 s
  Time to train epoch     : 10.879 s


Statistics:
  fps step                    : 16,637
  fps step + policy inference : 16,101
  fps total                   : 15,061
  epoch                       : 1,150 / 2,000
  frames                      : 188,416,000


Policy 0: saving next best rewards:  [719.27]
=> saving checkpoint 'runs/hold_r11_dense1_seed2901/nn/hold_r11_dense1_seed2901.pth'

Timing:
  Play time               : 9.801 s
  Update time             : 0.704 s
  Time to train epoch     : 10.506 s


Statistics:
  fps step                    : 16,954
  fps step + policy inference : 16,716
  fps total                   : 15,595
  epoch                       : 1,151 / 2,000
  frames                      : 188,579,840


Policy 0: saving next best rewards:  [719.27]
=> saving checkpoint 'runs/hold_r11_dense1_seed2901/nn/hold_r11_dense1_seed2901.pth'

Timing:
  Play time               : 9.967 s
  Update time             : 0.640 s
  Time to train epoch     : 10.607 s


Statistics:
  fps step                    : 16,661
  fps step + policy inference : 16,438
  fps total                   : 15,446
  epoch                       : 1,152 / 2,000
  frames                      : 188,743,680


Policy 0: 
Timing:
  Play time               : 9.882 s
  Update time             : 0.618 s
  Time to train epoch     : 10.501 s


Statistics:
  fps step                    : 16,806
  fps step + policy inference : 16,579
  fps total                   : 15,603
  epoch                       : 1,153 / 2,000
  frames                      : 188,907,520


Policy 0: 
Timing:
  Play time               : 9.913 s
  Update time             : 0.611 s
  Time to train epoch     : 10.524 s


Statistics:
  fps step                    : 16,751
  fps step + policy inference : 16,528
  fps total                   : 15,568
  epoch                       : 1,154 / 2,000
  frames                      : 189,071,360


Policy 0: 
Timing:
  Play time               : 9.867 s
  Update time             : 0.655 s
  Time to train epoch     : 10.522 s


Statistics:
  fps step                    : 16,827
  fps step + policy inference : 16,604
  fps total                   : 15,571
  epoch                       : 1,155 / 2,000
  frames                      : 189,235,200


Policy 0: 
Timing:
  Play time               : 9.936 s
  Update time             : 0.733 s
  Time to train epoch     : 10.669 s


Statistics:
  fps step                    : 16,714
  fps step + policy inference : 16,490
  fps total                   : 15,356
  epoch                       : 1,156 / 2,000
  frames                      : 189,399,040


Policy 0: 
Timing:
  Play time               : 9.896 s
  Update time             : 0.716 s
  Time to train epoch     : 10.612 s


Statistics:
  fps step                    : 16,780
  fps step + policy inference : 16,556
  fps total                   : 15,440
  epoch                       : 1,157 / 2,000
  frames                      : 189,562,880


Policy 0: 
Timing:
  Play time               : 9.910 s
  Update time             : 0.679 s
  Time to train epoch     : 10.589 s


Statistics:
  fps step                    : 16,758
  fps step + policy inference : 16,533
  fps total                   : 15,473
  epoch                       : 1,158 / 2,000
  frames                      : 189,726,720


Policy 0: 
Timing:
  Play time               : 9.940 s
  Update time             : 0.619 s
  Time to train epoch     : 10.559 s


Statistics:
  fps step                    : 16,703
  fps step + policy inference : 16,482
  fps total                   : 15,516
  epoch                       : 1,159 / 2,000
  frames                      : 189,890,560


Policy 0: 
Timing:
  Play time               : 9.906 s
  Update time             : 0.623 s
  Time to train epoch     : 10.529 s


Statistics:
  fps step                    : 16,766
  fps step + policy inference : 16,539
  fps total                   : 15,560
  epoch                       : 1,160 / 2,000
  frames                      : 190,054,400


Policy 0: 
Timing:
  Play time               : 9.925 s
  Update time             : 0.617 s
  Time to train epoch     : 10.542 s


Statistics:
  fps step                    : 16,731
  fps step + policy inference : 16,508
  fps total                   : 15,541
  epoch                       : 1,161 / 2,000
  frames                      : 190,218,240


Policy 0: 
Timing:
  Play time               : 9.945 s
  Update time             : 0.620 s
  Time to train epoch     : 10.565 s


Statistics:
  fps step                    : 16,701
  fps step + policy inference : 16,475
  fps total                   : 15,508
  epoch                       : 1,162 / 2,000
  frames                      : 190,382,080


Policy 0: 
Timing:
  Play time               : 9.917 s
  Update time             : 0.705 s
  Time to train epoch     : 10.622 s


Statistics:
  fps step                    : 16,744
  fps step + policy inference : 16,521
  fps total                   : 15,425
  epoch                       : 1,163 / 2,000
  frames                      : 190,545,920


Policy 0: 
Timing:
  Play time               : 9.915 s
  Update time             : 0.778 s
  Time to train epoch     : 10.692 s


Statistics:
  fps step                    : 16,749
  fps step + policy inference : 16,525
  fps total                   : 15,323
  epoch                       : 1,164 / 2,000
  frames                      : 190,709,760


Policy 0: 
Timing:
  Play time               : 9.986 s
  Update time             : 0.726 s
  Time to train epoch     : 10.712 s


Statistics:
  fps step                    : 16,629
  fps step + policy inference : 16,406
  fps total                   : 15,294
  epoch                       : 1,165 / 2,000
  frames                      : 190,873,600


Policy 0: 
Timing:
  Play time               : 9.993 s
  Update time             : 0.645 s
  Time to train epoch     : 10.638 s


Statistics:
  fps step                    : 16,620
  fps step + policy inference : 16,396
  fps total                   : 15,402
  epoch                       : 1,166 / 2,000
  frames                      : 191,037,440


Policy 0: 
Timing:
  Play time               : 9.945 s
  Update time             : 0.624 s
  Time to train epoch     : 10.569 s


Statistics:
  fps step                    : 16,700
  fps step + policy inference : 16,475
  fps total                   : 15,502
  epoch                       : 1,167 / 2,000
  frames                      : 191,201,280


Policy 0: 
Timing:
  Play time               : 9.967 s
  Update time             : 0.613 s
  Time to train epoch     : 10.581 s


Statistics:
  fps step                    : 16,662
  fps step + policy inference : 16,438
  fps total                   : 15,485
  epoch                       : 1,168 / 2,000
  frames                      : 191,365,120


Policy 0: 
Timing:
  Play time               : 10.191 s
  Update time             : 0.650 s
  Time to train epoch     : 10.841 s


Statistics:
  fps step                    : 16,619
  fps step + policy inference : 16,077
  fps total                   : 15,113
  epoch                       : 1,169 / 2,000
  frames                      : 191,528,960


Policy 0: saving next best rewards:  [724.78]
=> saving checkpoint 'runs/hold_r11_dense1_seed2901/nn/hold_r11_dense1_seed2901.pth'

Timing:
  Play time               : 9.755 s
  Update time             : 0.633 s
  Time to train epoch     : 10.388 s


Statistics:
  fps step                    : 17,038
  fps step + policy inference : 16,796
  fps total                   : 15,773
  epoch                       : 1,170 / 2,000
  frames                      : 191,692,800


Policy 0: 
Timing:
  Play time               : 9.968 s
  Update time             : 0.671 s
  Time to train epoch     : 10.639 s


Statistics:
  fps step                    : 16,662
  fps step + policy inference : 16,437
  fps total                   : 15,400
  epoch                       : 1,171 / 2,000
  frames                      : 191,856,640


Policy 0: 
Timing:
  Play time               : 9.909 s
  Update time             : 0.688 s
  Time to train epoch     : 10.597 s


Statistics:
  fps step                    : 16,765
  fps step + policy inference : 16,535
  fps total                   : 15,461
  epoch                       : 1,172 / 2,000
  frames                      : 192,020,480


Policy 0: 
Timing:
  Play time               : 9.913 s
  Update time             : 0.693 s
  Time to train epoch     : 10.606 s


Statistics:
  fps step                    : 16,756
  fps step + policy inference : 16,528
  fps total                   : 15,448
  epoch                       : 1,173 / 2,000
  frames                      : 192,184,320


Policy 0: 
Timing:
  Play time               : 9.885 s
  Update time             : 0.715 s
  Time to train epoch     : 10.600 s


Statistics:
  fps step                    : 16,804
  fps step + policy inference : 16,575
  fps total                   : 15,457
  epoch                       : 1,174 / 2,000
  frames                      : 192,348,160


Policy 0: 
Timing:
  Play time               : 9.942 s
  Update time             : 0.656 s
  Time to train epoch     : 10.599 s


Statistics:
  fps step                    : 16,707
  fps step + policy inference : 16,479
  fps total                   : 15,458
  epoch                       : 1,175 / 2,000
  frames                      : 192,512,000


Policy 0: 
Timing:
  Play time               : 9.890 s
  Update time             : 0.640 s
  Time to train epoch     : 10.530 s


Statistics:
  fps step                    : 16,794
  fps step + policy inference : 16,567
  fps total                   : 15,560
  epoch                       : 1,176 / 2,000
  frames                      : 192,675,840


Policy 0: 
Timing:
  Play time               : 9.931 s
  Update time             : 0.620 s
  Time to train epoch     : 10.551 s


Statistics:
  fps step                    : 16,720
  fps step + policy inference : 16,497
  fps total                   : 15,528
  epoch                       : 1,177 / 2,000
  frames                      : 192,839,680


Policy 0: 
Timing:
  Play time               : 9.942 s
  Update time             : 0.631 s
  Time to train epoch     : 10.573 s


Statistics:
  fps step                    : 16,706
  fps step + policy inference : 16,479
  fps total                   : 15,496
  epoch                       : 1,178 / 2,000
  frames                      : 193,003,520


Policy 0: 
Timing:
  Play time               : 9.909 s
  Update time             : 0.694 s
  Time to train epoch     : 10.603 s


Statistics:
  fps step                    : 16,762
  fps step + policy inference : 16,534
  fps total                   : 15,452
  epoch                       : 1,179 / 2,000
  frames                      : 193,167,360


Policy 0: 
Timing:
  Play time               : 9.932 s
  Update time             : 0.727 s
  Time to train epoch     : 10.659 s


Statistics:
  fps step                    : 16,727
  fps step + policy inference : 16,496
  fps total                   : 15,371
  epoch                       : 1,180 / 2,000
  frames                      : 193,331,200


Policy 0: 
Timing:
  Play time               : 9.967 s
  Update time             : 0.711 s
  Time to train epoch     : 10.679 s


Statistics:
  fps step                    : 16,666
  fps step + policy inference : 16,438
  fps total                   : 15,343
  epoch                       : 1,181 / 2,000
  frames                      : 193,495,040


Policy 0: 
Timing:
  Play time               : 10.006 s
  Update time             : 0.670 s
  Time to train epoch     : 10.676 s


Statistics:
  fps step                    : 16,599
  fps step + policy inference : 16,374
  fps total                   : 15,346
  epoch                       : 1,182 / 2,000
  frames                      : 193,658,880


Policy 0: 
Timing:
  Play time               : 9.931 s
  Update time             : 0.624 s
  Time to train epoch     : 10.556 s


Statistics:
  fps step                    : 16,722
  fps step + policy inference : 16,497
  fps total                   : 15,521
  epoch                       : 1,183 / 2,000
  frames                      : 193,822,720


Policy 0: 
Timing:
  Play time               : 9.997 s
  Update time             : 0.632 s
  Time to train epoch     : 10.630 s


Statistics:
  fps step                    : 16,616
  fps step + policy inference : 16,388
  fps total                   : 15,413
  epoch                       : 1,184 / 2,000
  frames                      : 193,986,560


Policy 0: 
Timing:
  Play time               : 9.971 s
  Update time             : 0.627 s
  Time to train epoch     : 10.598 s


Statistics:
  fps step                    : 16,657
  fps step + policy inference : 16,431
  fps total                   : 15,460
  epoch                       : 1,185 / 2,000
  frames                      : 194,150,400


Policy 0: 
Timing:
  Play time               : 9.899 s
  Update time             : 0.615 s
  Time to train epoch     : 10.514 s


Statistics:
  fps step                    : 16,776
  fps step + policy inference : 16,552
  fps total                   : 15,584
  epoch                       : 1,186 / 2,000
  frames                      : 194,314,240


Policy 0: 
Timing:
  Play time               : 9.924 s
  Update time             : 0.631 s
  Time to train epoch     : 10.555 s


Statistics:
  fps step                    : 16,733
  fps step + policy inference : 16,510
  fps total                   : 15,523
  epoch                       : 1,187 / 2,000
  frames                      : 194,478,080


Policy 0: 
Timing:
  Play time               : 10.133 s
  Update time             : 0.692 s
  Time to train epoch     : 10.825 s


Statistics:
  fps step                    : 16,719
  fps step + policy inference : 16,169
  fps total                   : 15,136
  epoch                       : 1,188 / 2,000
  frames                      : 194,641,920


Policy 0: saving next best rewards:  [730.69]
=> saving checkpoint 'runs/hold_r11_dense1_seed2901/nn/hold_r11_dense1_seed2901.pth'

Timing:
  Play time               : 9.856 s
  Update time             : 0.706 s
  Time to train epoch     : 10.562 s


Statistics:
  fps step                    : 16,853
  fps step + policy inference : 16,623
  fps total                   : 15,512
  epoch                       : 1,189 / 2,000
  frames                      : 194,805,760


Policy 0: 
Timing:
  Play time               : 9.962 s
  Update time             : 0.736 s
  Time to train epoch     : 10.697 s


Statistics:
  fps step                    : 16,669
  fps step + policy inference : 16,447
  fps total                   : 15,316
  epoch                       : 1,190 / 2,000
  frames                      : 194,969,600


Policy 0: 
Timing:
  Play time               : 9.943 s
  Update time             : 0.682 s
  Time to train epoch     : 10.626 s


Statistics:
  fps step                    : 16,700
  fps step + policy inference : 16,478
  fps total                   : 15,419
  epoch                       : 1,191 / 2,000
  frames                      : 195,133,440


Policy 0: 
Timing:
  Play time               : 9.920 s
  Update time             : 0.634 s
  Time to train epoch     : 10.554 s


Statistics:
  fps step                    : 16,739
  fps step + policy inference : 16,516
  fps total                   : 15,524
  epoch                       : 1,192 / 2,000
  frames                      : 195,297,280


Policy 0: 
Timing:
  Play time               : 9.957 s
  Update time             : 0.621 s
  Time to train epoch     : 10.578 s


Statistics:
  fps step                    : 16,676
  fps step + policy inference : 16,454
  fps total                   : 15,489
  epoch                       : 1,193 / 2,000
  frames                      : 195,461,120


Policy 0: 
Timing:
  Play time               : 9.997 s
  Update time             : 0.635 s
  Time to train epoch     : 10.632 s


Statistics:
  fps step                    : 16,612
  fps step + policy inference : 16,388
  fps total                   : 15,410
  epoch                       : 1,194 / 2,000
  frames                      : 195,624,960


Policy 0: 
Timing:
  Play time               : 9.889 s
  Update time             : 0.637 s
  Time to train epoch     : 10.526 s


Statistics:
  fps step                    : 16,793
  fps step + policy inference : 16,568
  fps total                   : 15,566
  epoch                       : 1,195 / 2,000
  frames                      : 195,788,800


Policy 0: 
Timing:
  Play time               : 9.958 s
  Update time             : 0.624 s
  Time to train epoch     : 10.582 s


Statistics:
  fps step                    : 16,676
  fps step + policy inference : 16,453
  fps total                   : 15,483
  epoch                       : 1,196 / 2,000
  frames                      : 195,952,640


Policy 0: 
Timing:
  Play time               : 9.987 s
  Update time             : 0.709 s
  Time to train epoch     : 10.696 s


Statistics:
  fps step                    : 16,632
  fps step + policy inference : 16,405
  fps total                   : 15,317
  epoch                       : 1,197 / 2,000
  frames                      : 196,116,480


Policy 0: 
Timing:
  Play time               : 9.925 s
  Update time             : 0.746 s
  Time to train epoch     : 10.671 s


Statistics:
  fps step                    : 16,733
  fps step + policy inference : 16,508
  fps total                   : 15,354
  epoch                       : 1,198 / 2,000
  frames                      : 196,280,320


Policy 0: 
Timing:
  Play time               : 9.914 s
  Update time             : 0.719 s
  Time to train epoch     : 10.633 s


Statistics:
  fps step                    : 16,748
  fps step + policy inference : 16,525
  fps total                   : 15,408
  epoch                       : 1,199 / 2,000
  frames                      : 196,444,160


Policy 0: 
Timing:
  Play time               : 9.983 s
  Update time             : 0.668 s
  Time to train epoch     : 10.651 s


Statistics:
  fps step                    : 16,642
  fps step + policy inference : 16,413
  fps total                   : 15,383
  epoch                       : 1,200 / 2,000
  frames                      : 196,608,000


Policy 0: 
Timing:
  Play time               : 9.984 s
  Update time             : 0.639 s
  Time to train epoch     : 10.623 s


Statistics:
  fps step                    : 16,642
  fps step + policy inference : 16,410
  fps total                   : 15,423
  epoch                       : 1,201 / 2,000
  frames                      : 196,771,840


Policy 0: 
Timing:
  Play time               : 9.941 s
  Update time             : 0.635 s
  Time to train epoch     : 10.576 s


Statistics:
  fps step                    : 16,707
  fps step + policy inference : 16,481
  fps total                   : 15,491
  epoch                       : 1,202 / 2,000
  frames                      : 196,935,680


Policy 0: 
Timing:
  Play time               : 9.992 s
  Update time             : 0.635 s
  Time to train epoch     : 10.627 s


Statistics:
  fps step                    : 16,620
  fps step + policy inference : 16,397
  fps total                   : 15,417
  epoch                       : 1,203 / 2,000
  frames                      : 197,099,520


Policy 0: 
Timing:
  Play time               : 9.973 s
  Update time             : 0.775 s
  Time to train epoch     : 10.747 s


Statistics:
  fps step                    : 16,652
  fps step + policy inference : 16,429
  fps total                   : 15,245
  epoch                       : 1,204 / 2,000
  frames                      : 197,263,360


Policy 0: 
Timing:
  Play time               : 9.936 s
  Update time             : 0.772 s
  Time to train epoch     : 10.707 s


Statistics:
  fps step                    : 16,714
  fps step + policy inference : 16,490
  fps total                   : 15,302
  epoch                       : 1,205 / 2,000
  frames                      : 197,427,200


Policy 0: 
Timing:
  Play time               : 9.962 s
  Update time             : 0.787 s
  Time to train epoch     : 10.750 s


Statistics:
  fps step                    : 16,673
  fps step + policy inference : 16,446
  fps total                   : 15,241
  epoch                       : 1,206 / 2,000
  frames                      : 197,591,040


Policy 0: 
Timing:
  Play time               : 10.070 s
  Update time             : 0.831 s
  Time to train epoch     : 10.901 s


Statistics:
  fps step                    : 16,821
  fps step + policy inference : 16,270
  fps total                   : 15,030
  epoch                       : 1,207 / 2,000
  frames                      : 197,754,880


Policy 0: saving next best rewards:  [733.4]
=> saving checkpoint 'runs/hold_r11_dense1_seed2901/nn/hold_r11_dense1_seed2901.pth'

Timing:
  Play time               : 9.956 s
  Update time             : 0.783 s
  Time to train epoch     : 10.739 s


Statistics:
  fps step                    : 16,688
  fps step + policy inference : 16,457
  fps total                   : 15,257
  epoch                       : 1,208 / 2,000
  frames                      : 197,918,720


Policy 0: 
Timing:
  Play time               : 9.930 s
  Update time             : 0.771 s
  Time to train epoch     : 10.701 s


Statistics:
  fps step                    : 16,725
  fps step + policy inference : 16,499
  fps total                   : 15,311
  epoch                       : 1,209 / 2,000
  frames                      : 198,082,560


Policy 0: 
Timing:
  Play time               : 10.006 s
  Update time             : 0.815 s
  Time to train epoch     : 10.821 s


Statistics:
  fps step                    : 16,598
  fps step + policy inference : 16,375
  fps total                   : 15,141
  epoch                       : 1,210 / 2,000
  frames                      : 198,246,400


Policy 0: 
Timing:
  Play time               : 9.974 s
  Update time             : 0.776 s
  Time to train epoch     : 10.749 s


Statistics:
  fps step                    : 16,651
  fps step + policy inference : 16,428
  fps total                   : 15,242
  epoch                       : 1,211 / 2,000
  frames                      : 198,410,240


Policy 0: 
Timing:
  Play time               : 9.970 s
  Update time             : 0.699 s
  Time to train epoch     : 10.668 s


Statistics:
  fps step                    : 16,657
  fps step + policy inference : 16,434
  fps total                   : 15,357
  epoch                       : 1,212 / 2,000
  frames                      : 198,574,080


Policy 0: 
Timing:
  Play time               : 9.986 s
  Update time             : 0.792 s
  Time to train epoch     : 10.778 s


Statistics:
  fps step                    : 16,633
  fps step + policy inference : 16,407
  fps total                   : 15,202
  epoch                       : 1,213 / 2,000
  frames                      : 198,737,920


Policy 0: 
Timing:
  Play time               : 9.880 s
  Update time             : 0.704 s
  Time to train epoch     : 10.584 s


Statistics:
  fps step                    : 16,810
  fps step + policy inference : 16,583
  fps total                   : 15,480
  epoch                       : 1,214 / 2,000
  frames                      : 198,901,760


Policy 0: 
Timing:
  Play time               : 9.995 s
  Update time             : 0.680 s
  Time to train epoch     : 10.676 s


Statistics:
  fps step                    : 16,615
  fps step + policy inference : 16,392
  fps total                   : 15,347
  epoch                       : 1,215 / 2,000
  frames                      : 199,065,600


Policy 0: 
Timing:
  Play time               : 9.986 s
  Update time             : 0.801 s
  Time to train epoch     : 10.787 s


Statistics:
  fps step                    : 16,634
  fps step + policy inference : 16,406
  fps total                   : 15,189
  epoch                       : 1,216 / 2,000
  frames                      : 199,229,440


Policy 0: 
Timing:
  Play time               : 9.976 s
  Update time             : 0.735 s
  Time to train epoch     : 10.711 s


Statistics:
  fps step                    : 16,649
  fps step + policy inference : 16,423
  fps total                   : 15,296
  epoch                       : 1,217 / 2,000
  frames                      : 199,393,280


Policy 0: 
Timing:
  Play time               : 9.974 s
  Update time             : 0.641 s
  Time to train epoch     : 10.615 s


Statistics:
  fps step                    : 16,654
  fps step + policy inference : 16,427
  fps total                   : 15,435
  epoch                       : 1,218 / 2,000
  frames                      : 199,557,120


Policy 0: 
Timing:
  Play time               : 10.006 s
  Update time             : 0.778 s
  Time to train epoch     : 10.784 s


Statistics:
  fps step                    : 16,593
  fps step + policy inference : 16,374
  fps total                   : 15,193
  epoch                       : 1,219 / 2,000
  frames                      : 199,720,960


Policy 0: 
Timing:
  Play time               : 9.958 s
  Update time             : 0.788 s
  Time to train epoch     : 10.746 s


Statistics:
  fps step                    : 16,669
  fps step + policy inference : 16,453
  fps total                   : 15,247
  epoch                       : 1,220 / 2,000
  frames                      : 199,884,800


Policy 0: 
Timing:
  Play time               : 9.983 s
  Update time             : 0.654 s
  Time to train epoch     : 10.637 s


Statistics:
  fps step                    : 16,632
  fps step + policy inference : 16,412
  fps total                   : 15,403
  epoch                       : 1,221 / 2,000
  frames                      : 200,048,640


Policy 0: 
Timing:
  Play time               : 9.990 s
  Update time             : 0.630 s
  Time to train epoch     : 10.620 s


Statistics:
  fps step                    : 16,617
  fps step + policy inference : 16,401
  fps total                   : 15,428
  epoch                       : 1,222 / 2,000
  frames                      : 200,212,480


Policy 0: 
Timing:
  Play time               : 9.941 s
  Update time             : 0.741 s
  Time to train epoch     : 10.682 s


Statistics:
  fps step                    : 16,698
  fps step + policy inference : 16,481
  fps total                   : 15,338
  epoch                       : 1,223 / 2,000
  frames                      : 200,376,320


Policy 0: 
Timing:
  Play time               : 9.924 s
  Update time             : 0.768 s
  Time to train epoch     : 10.692 s


Statistics:
  fps step                    : 16,727
  fps step + policy inference : 16,509
  fps total                   : 15,324
  epoch                       : 1,224 / 2,000
  frames                      : 200,540,160


Policy 0: 
Timing:
  Play time               : 10.155 s
  Update time             : 0.672 s
  Time to train epoch     : 10.827 s


Statistics:
  fps step                    : 16,660
  fps step + policy inference : 16,134
  fps total                   : 15,132
  epoch                       : 1,225 / 2,000
  frames                      : 200,704,000


Policy 0: saving next best rewards:  [737.36]
=> saving checkpoint 'runs/hold_r11_dense1_seed2901/nn/hold_r11_dense1_seed2901.pth'

Timing:
  Play time               : 9.871 s
  Update time             : 0.692 s
  Time to train epoch     : 10.563 s


Statistics:
  fps step                    : 16,827
  fps step + policy inference : 16,598
  fps total                   : 15,510
  epoch                       : 1,226 / 2,000
  frames                      : 200,867,840


Policy 0: saving next best rewards:  [737.44]
=> saving checkpoint 'runs/hold_r11_dense1_seed2901/nn/hold_r11_dense1_seed2901.pth'

Timing:
  Play time               : 9.971 s
  Update time             : 0.717 s
  Time to train epoch     : 10.688 s


Statistics:
  fps step                    : 16,653
  fps step + policy inference : 16,432
  fps total                   : 15,329
  epoch                       : 1,227 / 2,000
  frames                      : 201,031,680


Policy 0: 
Timing:
  Play time               : 10.025 s
  Update time             : 0.776 s
  Time to train epoch     : 10.801 s


Statistics:
  fps step                    : 16,558
  fps step + policy inference : 16,343
  fps total                   : 15,168
  epoch                       : 1,228 / 2,000
  frames                      : 201,195,520


Policy 0: 
Timing:
  Play time               : 10.194 s
  Update time             : 0.727 s
  Time to train epoch     : 10.921 s


Statistics:
  fps step                    : 16,281
  fps step + policy inference : 16,073
  fps total                   : 15,003
  epoch                       : 1,229 / 2,000
  frames                      : 201,359,360


Policy 0: 
Timing:
  Play time               : 10.055 s
  Update time             : 0.639 s
  Time to train epoch     : 10.694 s


Statistics:
  fps step                    : 16,508
  fps step + policy inference : 16,295
  fps total                   : 15,321
  epoch                       : 1,230 / 2,000
  frames                      : 201,523,200


Policy 0: 
Timing:
  Play time               : 10.049 s
  Update time             : 0.626 s
  Time to train epoch     : 10.675 s


Statistics:
  fps step                    : 16,520
  fps step + policy inference : 16,305
  fps total                   : 15,348
  epoch                       : 1,231 / 2,000
  frames                      : 201,687,040


Policy 0: 
Timing:
  Play time               : 10.060 s
  Update time             : 0.674 s
  Time to train epoch     : 10.734 s


Statistics:
  fps step                    : 16,500
  fps step + policy inference : 16,287
  fps total                   : 15,264
  epoch                       : 1,232 / 2,000
  frames                      : 201,850,880


Policy 0: 
Timing:
  Play time               : 10.168 s
  Update time             : 0.748 s
  Time to train epoch     : 10.916 s


Statistics:
  fps step                    : 16,322
  fps step + policy inference : 16,114
  fps total                   : 15,009
  epoch                       : 1,233 / 2,000
  frames                      : 202,014,720


Policy 0: 
Timing:
  Play time               : 10.227 s
  Update time             : 0.746 s
  Time to train epoch     : 10.973 s


Statistics:
  fps step                    : 16,227
  fps step + policy inference : 16,020
  fps total                   : 14,931
  epoch                       : 1,234 / 2,000
  frames                      : 202,178,560


Policy 0: 
Timing:
  Play time               : 10.202 s
  Update time             : 0.661 s
  Time to train epoch     : 10.863 s


Statistics:
  fps step                    : 16,272
  fps step + policy inference : 16,060
  fps total                   : 15,082
  epoch                       : 1,235 / 2,000
  frames                      : 202,342,400


Policy 0: 
Timing:
  Play time               : 10.056 s
  Update time             : 0.643 s
  Time to train epoch     : 10.699 s


Statistics:
  fps step                    : 16,504
  fps step + policy inference : 16,293
  fps total                   : 15,314
  epoch                       : 1,236 / 2,000
  frames                      : 202,506,240


Policy 0: 
Timing:
  Play time               : 9.989 s
  Update time             : 0.631 s
  Time to train epoch     : 10.620 s


Statistics:
  fps step                    : 16,622
  fps step + policy inference : 16,402
  fps total                   : 15,428
  epoch                       : 1,237 / 2,000
  frames                      : 202,670,080


Policy 0: 
Timing:
  Play time               : 10.019 s
  Update time             : 0.690 s
  Time to train epoch     : 10.710 s


Statistics:
  fps step                    : 16,574
  fps step + policy inference : 16,352
  fps total                   : 15,298
  epoch                       : 1,238 / 2,000
  frames                      : 202,833,920


Policy 0: 
Timing:
  Play time               : 10.074 s
  Update time             : 0.749 s
  Time to train epoch     : 10.823 s


Statistics:
  fps step                    : 16,475
  fps step + policy inference : 16,263
  fps total                   : 15,138
  epoch                       : 1,239 / 2,000
  frames                      : 202,997,760


Policy 0: 
Timing:
  Play time               : 10.187 s
  Update time             : 0.768 s
  Time to train epoch     : 10.955 s


Statistics:
  fps step                    : 16,295
  fps step + policy inference : 16,083
  fps total                   : 14,955
  epoch                       : 1,240 / 2,000
  frames                      : 203,161,600


Policy 0: 
Timing:
  Play time               : 10.393 s
  Update time             : 0.655 s
  Time to train epoch     : 11.048 s


Statistics:
  fps step                    : 15,968
  fps step + policy inference : 15,764
  fps total                   : 14,830
  epoch                       : 1,241 / 2,000
  frames                      : 203,325,440


Policy 0: 
Timing:
  Play time               : 10.190 s
  Update time             : 0.628 s
  Time to train epoch     : 10.818 s


Statistics:
  fps step                    : 16,287
  fps step + policy inference : 16,079
  fps total                   : 15,145
  epoch                       : 1,242 / 2,000
  frames                      : 203,489,280


Policy 0: 
Timing:
  Play time               : 10.788 s
  Update time             : 0.652 s
  Time to train epoch     : 11.440 s


Statistics:
  fps step                    : 15,375
  fps step + policy inference : 15,187
  fps total                   : 14,322
  epoch                       : 1,243 / 2,000
  frames                      : 203,653,120


Policy 0: 
Timing:
  Play time               : 10.595 s
  Update time             : 0.704 s
  Time to train epoch     : 11.299 s


Statistics:
  fps step                    : 15,952
  fps step + policy inference : 15,465
  fps total                   : 14,500
  epoch                       : 1,244 / 2,000
  frames                      : 203,816,960


Policy 0: saving next best rewards:  [738.32]
=> saving checkpoint 'runs/hold_r11_dense1_seed2901/nn/hold_r11_dense1_seed2901.pth'

Timing:
  Play time               : 9.763 s
  Update time             : 0.734 s
  Time to train epoch     : 10.497 s


Statistics:
  fps step                    : 17,010
  fps step + policy inference : 16,782
  fps total                   : 15,608
  epoch                       : 1,245 / 2,000
  frames                      : 203,980,800


Policy 0: 
Timing:
  Play time               : 9.983 s
  Update time             : 0.742 s
  Time to train epoch     : 10.725 s


Statistics:
  fps step                    : 16,630
  fps step + policy inference : 16,413
  fps total                   : 15,277
  epoch                       : 1,246 / 2,000
  frames                      : 204,144,640


Policy 0: 
Timing:
  Play time               : 9.958 s
  Update time             : 0.713 s
  Time to train epoch     : 10.671 s


Statistics:
  fps step                    : 16,674
  fps step + policy inference : 16,454
  fps total                   : 15,354
  epoch                       : 1,247 / 2,000
  frames                      : 204,308,480


Policy 0: 
Timing:
  Play time               : 9.957 s
  Update time             : 0.639 s
  Time to train epoch     : 10.596 s


Statistics:
  fps step                    : 16,677
  fps step + policy inference : 16,454
  fps total                   : 15,462
  epoch                       : 1,248 / 2,000
  frames                      : 204,472,320


Policy 0: 
Timing:
  Play time               : 9.904 s
  Update time             : 0.648 s
  Time to train epoch     : 10.551 s


Statistics:
  fps step                    : 16,763
  fps step + policy inference : 16,544
  fps total                   : 15,528
  epoch                       : 1,249 / 2,000
  frames                      : 204,636,160


Policy 0: 
Timing:
  Play time               : 9.992 s
  Update time             : 0.628 s
  Time to train epoch     : 10.620 s


Statistics:
  fps step                    : 16,616
  fps step + policy inference : 16,397
  fps total                   : 15,428
  epoch                       : 1,250 / 2,000
  frames                      : 204,800,000


Policy 0: Saved recovery checkpoint runs/hold_r11_dense1_seed2901/checkpoints/epoch_001250.pth; evaluation_due=False

Timing:
  Play time               : 9.910 s
  Update time             : 0.695 s
  Time to train epoch     : 10.605 s


Statistics:
  fps step                    : 16,751
  fps step + policy inference : 16,533
  fps total                   : 15,449
  epoch                       : 1,251 / 2,000
  frames                      : 204,963,840


Policy 0: 
Timing:
  Play time               : 9.922 s
  Update time             : 0.764 s
  Time to train epoch     : 10.685 s


Statistics:
  fps step                    : 16,732
  fps step + policy inference : 16,513
  fps total                   : 15,333
  epoch                       : 1,252 / 2,000
  frames                      : 205,127,680


Policy 0: 
Timing:
  Play time               : 9.972 s
  Update time             : 0.732 s
  Time to train epoch     : 10.704 s


Statistics:
  fps step                    : 16,650
  fps step + policy inference : 16,430
  fps total                   : 15,306
  epoch                       : 1,253 / 2,000
  frames                      : 205,291,520


Policy 0: 
Timing:
  Play time               : 9.978 s
  Update time             : 0.662 s
  Time to train epoch     : 10.640 s


Statistics:
  fps step                    : 16,642
  fps step + policy inference : 16,420
  fps total                   : 15,398
  epoch                       : 1,254 / 2,000
  frames                      : 205,455,360


Policy 0: 
Timing:
  Play time               : 9.956 s
  Update time             : 0.650 s
  Time to train epoch     : 10.605 s


Statistics:
  fps step                    : 16,676
  fps step + policy inference : 16,457
  fps total                   : 15,449
  epoch                       : 1,255 / 2,000
  frames                      : 205,619,200


Policy 0: 
Timing:
  Play time               : 9.960 s
  Update time             : 0.626 s
  Time to train epoch     : 10.586 s


Statistics:
  fps step                    : 16,668
  fps step + policy inference : 16,450
  fps total                   : 15,477
  epoch                       : 1,256 / 2,000
  frames                      : 205,783,040


Policy 0: 
Timing:
  Play time               : 10.000 s
  Update time             : 0.638 s
  Time to train epoch     : 10.638 s


Statistics:
  fps step                    : 16,603
  fps step + policy inference : 16,385
  fps total                   : 15,402
  epoch                       : 1,257 / 2,000
  frames                      : 205,946,880


Policy 0: 
Timing:
  Play time               : 9.952 s
  Update time             : 0.674 s
  Time to train epoch     : 10.626 s


Statistics:
  fps step                    : 16,682
  fps step + policy inference : 16,462
  fps total                   : 15,418
  epoch                       : 1,258 / 2,000
  frames                      : 206,110,720


Policy 0: 
Timing:
  Play time               : 9.999 s
  Update time             : 0.765 s
  Time to train epoch     : 10.764 s


Statistics:
  fps step                    : 16,607
  fps step + policy inference : 16,386
  fps total                   : 15,221
  epoch                       : 1,259 / 2,000
  frames                      : 206,274,560


Policy 0: 
Timing:
  Play time               : 9.975 s
  Update time             : 0.750 s
  Time to train epoch     : 10.725 s


Statistics:
  fps step                    : 16,645
  fps step + policy inference : 16,426
  fps total                   : 15,276
  epoch                       : 1,260 / 2,000
  frames                      : 206,438,400


Policy 0: 
Timing:
  Play time               : 9.912 s
  Update time             : 0.677 s
  Time to train epoch     : 10.589 s


Statistics:
  fps step                    : 16,746
  fps step + policy inference : 16,530
  fps total                   : 15,473
  epoch                       : 1,261 / 2,000
  frames                      : 206,602,240


Policy 0: 
Timing:
  Play time               : 9.921 s
  Update time             : 0.656 s
  Time to train epoch     : 10.577 s


Statistics:
  fps step                    : 16,732
  fps step + policy inference : 16,514
  fps total                   : 15,490
  epoch                       : 1,262 / 2,000
  frames                      : 206,766,080


Policy 0: 
Timing:
  Play time               : 10.205 s
  Update time             : 0.669 s
  Time to train epoch     : 10.874 s


Statistics:
  fps step                    : 16,587
  fps step + policy inference : 16,055
  fps total                   : 15,067
  epoch                       : 1,263 / 2,000
  frames                      : 206,929,920


Policy 0: saving next best rewards:  [738.73]
=> saving checkpoint 'runs/hold_r11_dense1_seed2901/nn/hold_r11_dense1_seed2901.pth'

Timing:
  Play time               : 9.892 s
  Update time             : 0.633 s
  Time to train epoch     : 10.525 s


Statistics:
  fps step                    : 16,793
  fps step + policy inference : 16,564
  fps total                   : 15,567
  epoch                       : 1,264 / 2,000
  frames                      : 207,093,760


Policy 0: 
Timing:
  Play time               : 9.964 s
  Update time             : 0.622 s
  Time to train epoch     : 10.586 s


Statistics:
  fps step                    : 16,664
  fps step + policy inference : 16,444
  fps total                   : 15,478
  epoch                       : 1,265 / 2,000
  frames                      : 207,257,600


Policy 0: 
Timing:
  Play time               : 9.952 s
  Update time             : 0.646 s
  Time to train epoch     : 10.598 s


Statistics:
  fps step                    : 16,681
  fps step + policy inference : 16,464
  fps total                   : 15,460
  epoch                       : 1,266 / 2,000
  frames                      : 207,421,440


Policy 0: 
Timing:
  Play time               : 9.921 s
  Update time             : 0.726 s
  Time to train epoch     : 10.647 s


Statistics:
  fps step                    : 16,731
  fps step + policy inference : 16,514
  fps total                   : 15,388
  epoch                       : 1,267 / 2,000
  frames                      : 207,585,280


Policy 0: 
Timing:
  Play time               : 9.895 s
  Update time             : 0.793 s
  Time to train epoch     : 10.688 s


Statistics:
  fps step                    : 16,778
  fps step + policy inference : 16,558
  fps total                   : 15,330
  epoch                       : 1,268 / 2,000
  frames                      : 207,749,120


Policy 0: 
Timing:
  Play time               : 9.932 s
  Update time             : 0.700 s
  Time to train epoch     : 10.632 s


Statistics:
  fps step                    : 16,721
  fps step + policy inference : 16,497
  fps total                   : 15,410
  epoch                       : 1,269 / 2,000
  frames                      : 207,912,960


Policy 0: 
Timing:
  Play time               : 9.844 s
  Update time             : 0.650 s
  Time to train epoch     : 10.494 s


Statistics:
  fps step                    : 16,867
  fps step + policy inference : 16,644
  fps total                   : 15,612
  epoch                       : 1,270 / 2,000
  frames                      : 208,076,800


Policy 0: 
Timing:
  Play time               : 9.955 s
  Update time             : 0.666 s
  Time to train epoch     : 10.620 s


Statistics:
  fps step                    : 16,678
  fps step + policy inference : 16,459
  fps total                   : 15,427
  epoch                       : 1,271 / 2,000
  frames                      : 208,240,640


Policy 0: 
Timing:
  Play time               : 9.972 s
  Update time             : 0.631 s
  Time to train epoch     : 10.604 s


Statistics:
  fps step                    : 16,649
  fps step + policy inference : 16,430
  fps total                   : 15,451
  epoch                       : 1,272 / 2,000
  frames                      : 208,404,480


Policy 0: 
Timing:
  Play time               : 9.918 s
  Update time             : 0.631 s
  Time to train epoch     : 10.549 s


Statistics:
  fps step                    : 16,739
  fps step + policy inference : 16,519
  fps total                   : 15,531
  epoch                       : 1,273 / 2,000
  frames                      : 208,568,320


Policy 0: 
Timing:
  Play time               : 9.965 s
  Update time             : 0.672 s
  Time to train epoch     : 10.636 s


Statistics:
  fps step                    : 16,663
  fps step + policy inference : 16,442
  fps total                   : 15,404
  epoch                       : 1,274 / 2,000
  frames                      : 208,732,160


Policy 0: 
Timing:
  Play time               : 9.977 s
  Update time             : 0.776 s
  Time to train epoch     : 10.753 s


Statistics:
  fps step                    : 16,650
  fps step + policy inference : 16,421
  fps total                   : 15,237
  epoch                       : 1,275 / 2,000
  frames                      : 208,896,000


Policy 0: 
Timing:
  Play time               : 9.966 s
  Update time             : 0.762 s
  Time to train epoch     : 10.728 s


Statistics:
  fps step                    : 16,661
  fps step + policy inference : 16,440
  fps total                   : 15,272
  epoch                       : 1,276 / 2,000
  frames                      : 209,059,840


Policy 0: 
Timing:
  Play time               : 9.955 s
  Update time             : 0.665 s
  Time to train epoch     : 10.621 s


Statistics:
  fps step                    : 16,677
  fps step + policy inference : 16,458
  fps total                   : 15,427
  epoch                       : 1,277 / 2,000
  frames                      : 209,223,680


Policy 0: 
Timing:
  Play time               : 10.021 s
  Update time             : 0.662 s
  Time to train epoch     : 10.683 s


Statistics:
  fps step                    : 16,570
  fps step + policy inference : 16,350
  fps total                   : 15,337
  epoch                       : 1,278 / 2,000
  frames                      : 209,387,520


Policy 0: 
Timing:
  Play time               : 9.934 s
  Update time             : 0.631 s
  Time to train epoch     : 10.565 s


Statistics:
  fps step                    : 16,717
  fps step + policy inference : 16,492
  fps total                   : 15,508
  epoch                       : 1,279 / 2,000
  frames                      : 209,551,360


Policy 0: 
Timing:
  Play time               : 9.950 s
  Update time             : 0.623 s
  Time to train epoch     : 10.574 s


Statistics:
  fps step                    : 16,688
  fps step + policy inference : 16,466
  fps total                   : 15,495
  epoch                       : 1,280 / 2,000
  frames                      : 209,715,200


Policy 0: 
Timing:
  Play time               : 9.983 s
  Update time             : 0.623 s
  Time to train epoch     : 10.605 s


Statistics:
  fps step                    : 16,628
  fps step + policy inference : 16,412
  fps total                   : 15,449
  epoch                       : 1,281 / 2,000
  frames                      : 209,879,040


Policy 0: 
Timing:
  Play time               : 10.134 s
  Update time             : 0.736 s
  Time to train epoch     : 10.870 s


Statistics:
  fps step                    : 16,710
  fps step + policy inference : 16,167
  fps total                   : 15,073
  epoch                       : 1,282 / 2,000
  frames                      : 210,042,880


Policy 0: 
Timing:
  Play time               : 9.907 s
  Update time             : 0.737 s
  Time to train epoch     : 10.644 s


Statistics:
  fps step                    : 16,759
  fps step + policy inference : 16,537
  fps total                   : 15,392
  epoch                       : 1,283 / 2,000
  frames                      : 210,206,720


Policy 0: 
Timing:
  Play time               : 9.871 s
  Update time             : 0.707 s
  Time to train epoch     : 10.578 s


Statistics:
  fps step                    : 16,818
  fps step + policy inference : 16,598
  fps total                   : 15,489
  epoch                       : 1,284 / 2,000
  frames                      : 210,370,560


Policy 0: 
Timing:
  Play time               : 9.958 s
  Update time             : 0.708 s
  Time to train epoch     : 10.666 s


Statistics:
  fps step                    : 16,670
  fps step + policy inference : 16,452
  fps total                   : 15,361
  epoch                       : 1,285 / 2,000
  frames                      : 210,534,400


Policy 0: 
Timing:
  Play time               : 9.908 s
  Update time             : 0.675 s
  Time to train epoch     : 10.582 s


Statistics:
  fps step                    : 16,756
  fps step + policy inference : 16,537
  fps total                   : 15,482
  epoch                       : 1,286 / 2,000
  frames                      : 210,698,240


Policy 0: 
Timing:
  Play time               : 9.892 s
  Update time             : 0.642 s
  Time to train epoch     : 10.534 s


Statistics:
  fps step                    : 16,783
  fps step + policy inference : 16,563
  fps total                   : 15,554
  epoch                       : 1,287 / 2,000
  frames                      : 210,862,080


Policy 0: 
Timing:
  Play time               : 9.962 s
  Update time             : 0.646 s
  Time to train epoch     : 10.608 s


Statistics:
  fps step                    : 16,666
  fps step + policy inference : 16,446
  fps total                   : 15,445
  epoch                       : 1,288 / 2,000
  frames                      : 211,025,920


Policy 0: 
Timing:
  Play time               : 9.843 s
  Update time             : 0.652 s
  Time to train epoch     : 10.494 s


Statistics:
  fps step                    : 16,869
  fps step + policy inference : 16,646
  fps total                   : 15,612
  epoch                       : 1,289 / 2,000
  frames                      : 211,189,760


Policy 0: 
Timing:
  Play time               : 10.048 s
  Update time             : 0.683 s
  Time to train epoch     : 10.732 s


Statistics:
  fps step                    : 16,531
  fps step + policy inference : 16,305
  fps total                   : 15,267
  epoch                       : 1,290 / 2,000
  frames                      : 211,353,600


Policy 0: 
Timing:
  Play time               : 9.945 s
  Update time             : 0.725 s
  Time to train epoch     : 10.670 s


Statistics:
  fps step                    : 16,700
  fps step + policy inference : 16,475
  fps total                   : 15,355
  epoch                       : 1,291 / 2,000
  frames                      : 211,517,440


Policy 0: 
Timing:
  Play time               : 9.894 s
  Update time             : 0.704 s
  Time to train epoch     : 10.597 s


Statistics:
  fps step                    : 16,784
  fps step + policy inference : 16,560
  fps total                   : 15,461
  epoch                       : 1,292 / 2,000
  frames                      : 211,681,280


Policy 0: 
Timing:
  Play time               : 9.984 s
  Update time             : 0.712 s
  Time to train epoch     : 10.696 s


Statistics:
  fps step                    : 16,636
  fps step + policy inference : 16,411
  fps total                   : 15,318
  epoch                       : 1,293 / 2,000
  frames                      : 211,845,120


Policy 0: 
Timing:
  Play time               : 10.035 s
  Update time             : 0.680 s
  Time to train epoch     : 10.715 s


Statistics:
  fps step                    : 16,551
  fps step + policy inference : 16,327
  fps total                   : 15,291
  epoch                       : 1,294 / 2,000
  frames                      : 212,008,960


Policy 0: saving next best rewards:  [738.79]
=> saving checkpoint 'runs/hold_r11_dense1_seed2901/nn/hold_r11_dense1_seed2901.pth'

Timing:
  Play time               : 10.002 s
  Update time             : 0.659 s
  Time to train epoch     : 10.661 s


Statistics:
  fps step                    : 16,604
  fps step + policy inference : 16,381
  fps total                   : 15,369
  epoch                       : 1,295 / 2,000
  frames                      : 212,172,800


Policy 0: saving next best rewards:  [738.85]
=> saving checkpoint 'runs/hold_r11_dense1_seed2901/nn/hold_r11_dense1_seed2901.pth'

Timing:
  Play time               : 9.961 s
  Update time             : 0.632 s
  Time to train epoch     : 10.592 s


Statistics:
  fps step                    : 16,679
  fps step + policy inference : 16,449
  fps total                   : 15,468
  epoch                       : 1,296 / 2,000
  frames                      : 212,336,640


Policy 0: saving next best rewards:  [738.9]
=> saving checkpoint 'runs/hold_r11_dense1_seed2901/nn/hold_r11_dense1_seed2901.pth'

Timing:
  Play time               : 9.961 s
  Update time             : 0.655 s
  Time to train epoch     : 10.615 s


Statistics:
  fps step                    : 16,674
  fps step + policy inference : 16,449
  fps total                   : 15,434
  epoch                       : 1,297 / 2,000
  frames                      : 212,500,480


Policy 0: 
Timing:
  Play time               : 9.944 s
  Update time             : 0.699 s
  Time to train epoch     : 10.643 s


Statistics:
  fps step                    : 16,706
  fps step + policy inference : 16,476
  fps total                   : 15,395
  epoch                       : 1,298 / 2,000
  frames                      : 212,664,320


Policy 0: 
Timing:
  Play time               : 9.906 s
  Update time             : 0.750 s
  Time to train epoch     : 10.656 s


Statistics:
  fps step                    : 16,768
  fps step + policy inference : 16,539
  fps total                   : 15,376
  epoch                       : 1,299 / 2,000
  frames                      : 212,828,160


Policy 0: 
Timing:
  Play time               : 10.144 s
  Update time             : 0.720 s
  Time to train epoch     : 10.864 s


Statistics:
  fps step                    : 16,685
  fps step + policy inference : 16,151
  fps total                   : 15,081
  epoch                       : 1,300 / 2,000
  frames                      : 212,992,000


Policy 0: saving next best rewards:  [742.33]
=> saving checkpoint 'runs/hold_r11_dense1_seed2901/nn/hold_r11_dense1_seed2901.pth'

Timing:
  Play time               : 9.881 s
  Update time             : 0.725 s
  Time to train epoch     : 10.606 s


Statistics:
  fps step                    : 16,822
  fps step + policy inference : 16,581
  fps total                   : 15,448
  epoch                       : 1,301 / 2,000
  frames                      : 213,155,840


Policy 0: 
Timing:
  Play time               : 10.004 s
  Update time             : 0.676 s
  Time to train epoch     : 10.680 s


Statistics:
  fps step                    : 16,609
  fps step + policy inference : 16,378
  fps total                   : 15,340
  epoch                       : 1,302 / 2,000
  frames                      : 213,319,680


Policy 0: 
Timing:
  Play time               : 9.953 s
  Update time             : 0.639 s
  Time to train epoch     : 10.593 s


Statistics:
  fps step                    : 16,694
  fps step + policy inference : 16,461
  fps total                   : 15,467
  epoch                       : 1,303 / 2,000
  frames                      : 213,483,520


Policy 0: 
Timing:
  Play time               : 9.955 s
  Update time             : 0.635 s
  Time to train epoch     : 10.590 s


Statistics:
  fps step                    : 16,685
  fps step + policy inference : 16,458
  fps total                   : 15,472
  epoch                       : 1,304 / 2,000
  frames                      : 213,647,360


Policy 0: 
Timing:
  Play time               : 9.860 s
  Update time             : 0.640 s
  Time to train epoch     : 10.501 s


Statistics:
  fps step                    : 16,845
  fps step + policy inference : 16,616
  fps total                   : 15,603
  epoch                       : 1,305 / 2,000
  frames                      : 213,811,200


Policy 0: 
Timing:
  Play time               : 10.085 s
  Update time             : 0.640 s
  Time to train epoch     : 10.725 s


Statistics:
  fps step                    : 16,470
  fps step + policy inference : 16,245
  fps total                   : 15,276
  epoch                       : 1,306 / 2,000
  frames                      : 213,975,040


Policy 0: 
Timing:
  Play time               : 10.081 s
  Update time             : 0.653 s
  Time to train epoch     : 10.734 s


Statistics:
  fps step                    : 16,479
  fps step + policy inference : 16,252
  fps total                   : 15,263
  epoch                       : 1,307 / 2,000
  frames                      : 214,138,880


Policy 0: 
Timing:
  Play time               : 9.955 s
  Update time             : 0.656 s
  Time to train epoch     : 10.610 s


Statistics:
  fps step                    : 16,685
  fps step + policy inference : 16,459
  fps total                   : 15,442
  epoch                       : 1,308 / 2,000
  frames                      : 214,302,720


Policy 0: 
Timing:
  Play time               : 10.049 s
  Update time             : 0.705 s
  Time to train epoch     : 10.754 s


Statistics:
  fps step                    : 16,531
  fps step + policy inference : 16,305
  fps total                   : 15,236
  epoch                       : 1,309 / 2,000
  frames                      : 214,466,560


Policy 0: 
Timing:
  Play time               : 10.000 s
  Update time             : 0.776 s
  Time to train epoch     : 10.776 s


Statistics:
  fps step                    : 16,619
  fps step + policy inference : 16,383
  fps total                   : 15,204
  epoch                       : 1,310 / 2,000
  frames                      : 214,630,400


Policy 0: 
Timing:
  Play time               : 9.961 s
  Update time             : 0.714 s
  Time to train epoch     : 10.674 s


Statistics:
  fps step                    : 16,676
  fps step + policy inference : 16,448
  fps total                   : 15,349
  epoch                       : 1,311 / 2,000
  frames                      : 214,794,240


Policy 0: 
Timing:
  Play time               : 10.029 s
  Update time             : 0.656 s
  Time to train epoch     : 10.685 s


Statistics:
  fps step                    : 16,570
  fps step + policy inference : 16,336
  fps total                   : 15,333
  epoch                       : 1,312 / 2,000
  frames                      : 214,958,080


Policy 0: 
Timing:
  Play time               : 10.005 s
  Update time             : 0.649 s
  Time to train epoch     : 10.654 s


Statistics:
  fps step                    : 16,607
  fps step + policy inference : 16,376
  fps total                   : 15,378
  epoch                       : 1,313 / 2,000
  frames                      : 215,121,920


Policy 0: 
Timing:
  Play time               : 9.944 s
  Update time             : 0.634 s
  Time to train epoch     : 10.578 s


Statistics:
  fps step                    : 16,708
  fps step + policy inference : 16,477
  fps total                   : 15,489
  epoch                       : 1,314 / 2,000
  frames                      : 215,285,760


Policy 0: 
Timing:
  Play time               : 10.018 s
  Update time             : 0.631 s
  Time to train epoch     : 10.650 s


Statistics:
  fps step                    : 16,585
  fps step + policy inference : 16,354
  fps total                   : 15,384
  epoch                       : 1,315 / 2,000
  frames                      : 215,449,600


Policy 0: 
Timing:
  Play time               : 10.049 s
  Update time             : 0.656 s
  Time to train epoch     : 10.705 s


Statistics:
  fps step                    : 16,532
  fps step + policy inference : 16,305
  fps total                   : 15,305
  epoch                       : 1,316 / 2,000
  frames                      : 215,613,440


Policy 0: 
Timing:
  Play time               : 9.965 s
  Update time             : 0.648 s
  Time to train epoch     : 10.614 s


Statistics:
  fps step                    : 16,672
  fps step + policy inference : 16,441
  fps total                   : 15,437
  epoch                       : 1,317 / 2,000
  frames                      : 215,777,280


Policy 0: 
Timing:
  Play time               : 9.950 s
  Update time             : 0.721 s
  Time to train epoch     : 10.672 s


Statistics:
  fps step                    : 16,698
  fps step + policy inference : 16,466
  fps total                   : 15,353
  epoch                       : 1,318 / 2,000
  frames                      : 215,941,120


Policy 0: 
Timing:
  Play time               : 10.233 s
  Update time             : 0.793 s
  Time to train epoch     : 11.027 s


Statistics:
  fps step                    : 16,546
  fps step + policy inference : 16,010
  fps total                   : 14,858
  epoch                       : 1,319 / 2,000
  frames                      : 216,104,960


Policy 0: 
Timing:
  Play time               : 9.756 s
  Update time             : 0.720 s
  Time to train epoch     : 10.475 s


Statistics:
  fps step                    : 17,029
  fps step + policy inference : 16,794
  fps total                   : 15,641
  epoch                       : 1,320 / 2,000
  frames                      : 216,268,800


Policy 0: 
Timing:
  Play time               : 10.003 s
  Update time             : 0.654 s
  Time to train epoch     : 10.658 s


Statistics:
  fps step                    : 16,608
  fps step + policy inference : 16,379
  fps total                   : 15,373
  epoch                       : 1,321 / 2,000
  frames                      : 216,432,640


Policy 0: 
Timing:
  Play time               : 9.996 s
  Update time             : 0.644 s
  Time to train epoch     : 10.639 s


Statistics:
  fps step                    : 16,621
  fps step + policy inference : 16,391
  fps total                   : 15,399
  epoch                       : 1,322 / 2,000
  frames                      : 216,596,480


Policy 0: 
Timing:
  Play time               : 10.102 s
  Update time             : 0.633 s
  Time to train epoch     : 10.735 s


Statistics:
  fps step                    : 16,443
  fps step + policy inference : 16,219
  fps total                   : 15,263
  epoch                       : 1,323 / 2,000
  frames                      : 216,760,320


Policy 0: 
Timing:
  Play time               : 9.864 s
  Update time             : 0.616 s
  Time to train epoch     : 10.480 s


Statistics:
  fps step                    : 16,839
  fps step + policy inference : 16,611
  fps total                   : 15,634
  epoch                       : 1,324 / 2,000
  frames                      : 216,924,160


Policy 0: 
Timing:
  Play time               : 10.246 s
  Update time             : 0.669 s
  Time to train epoch     : 10.915 s


Statistics:
  fps step                    : 16,210
  fps step + policy inference : 15,991
  fps total                   : 15,011
  epoch                       : 1,325 / 2,000
  frames                      : 217,088,000


Policy 0: 
Timing:
  Play time               : 10.110 s
  Update time             : 0.706 s
  Time to train epoch     : 10.816 s


Statistics:
  fps step                    : 16,430
  fps step + policy inference : 16,206
  fps total                   : 15,148
  epoch                       : 1,326 / 2,000
  frames                      : 217,251,840


Policy 0: 
Timing:
  Play time               : 10.017 s
  Update time             : 0.779 s
  Time to train epoch     : 10.796 s


Statistics:
  fps step                    : 16,592
  fps step + policy inference : 16,356
  fps total                   : 15,176
  epoch                       : 1,327 / 2,000
  frames                      : 217,415,680


Policy 0: 
Timing:
  Play time               : 10.001 s
  Update time             : 0.722 s
  Time to train epoch     : 10.724 s


Statistics:
  fps step                    : 16,613
  fps step + policy inference : 16,382
  fps total                   : 15,278
  epoch                       : 1,328 / 2,000
  frames                      : 217,579,520


Policy 0: 
Timing:
  Play time               : 9.995 s
  Update time             : 0.674 s
  Time to train epoch     : 10.668 s


Statistics:
  fps step                    : 16,623
  fps step + policy inference : 16,393
  fps total                   : 15,358
  epoch                       : 1,329 / 2,000
  frames                      : 217,743,360


Policy 0: 
Timing:
  Play time               : 9.965 s
  Update time             : 0.631 s
  Time to train epoch     : 10.597 s


Statistics:
  fps step                    : 16,671
  fps step + policy inference : 16,441
  fps total                   : 15,462
  epoch                       : 1,330 / 2,000
  frames                      : 217,907,200


Policy 0: 
Timing:
  Play time               : 10.029 s
  Update time             : 0.645 s
  Time to train epoch     : 10.674 s


Statistics:
  fps step                    : 16,564
  fps step + policy inference : 16,336
  fps total                   : 15,349
  epoch                       : 1,331 / 2,000
  frames                      : 218,071,040


Policy 0: 
Timing:
  Play time               : 10.126 s
  Update time             : 0.640 s
  Time to train epoch     : 10.765 s


Statistics:
  fps step                    : 16,405
  fps step + policy inference : 16,181
  fps total                   : 15,219
  epoch                       : 1,332 / 2,000
  frames                      : 218,234,880


Policy 0: 
Timing:
  Play time               : 10.200 s
  Update time             : 0.716 s
  Time to train epoch     : 10.916 s


Statistics:
  fps step                    : 16,283
  fps step + policy inference : 16,062
  fps total                   : 15,009
  epoch                       : 1,333 / 2,000
  frames                      : 218,398,720


Policy 0: 
Timing:
  Play time               : 10.230 s
  Update time             : 0.749 s
  Time to train epoch     : 10.979 s


Statistics:
  fps step                    : 16,231
  fps step + policy inference : 16,016
  fps total                   : 14,923
  epoch                       : 1,334 / 2,000
  frames                      : 218,562,560


Policy 0: 
Timing:
  Play time               : 9.961 s
  Update time             : 0.735 s
  Time to train epoch     : 10.696 s


Statistics:
  fps step                    : 16,673
  fps step + policy inference : 16,448
  fps total                   : 15,318
  epoch                       : 1,335 / 2,000
  frames                      : 218,726,400


Policy 0: 
Timing:
  Play time               : 9.919 s
  Update time             : 0.697 s
  Time to train epoch     : 10.616 s


Statistics:
  fps step                    : 16,744
  fps step + policy inference : 16,517
  fps total                   : 15,433
  epoch                       : 1,336 / 2,000
  frames                      : 218,890,240


Policy 0: 
Timing:
  Play time               : 9.941 s
  Update time             : 0.640 s
  Time to train epoch     : 10.581 s


Statistics:
  fps step                    : 16,704
  fps step + policy inference : 16,481
  fps total                   : 15,484
  epoch                       : 1,337 / 2,000
  frames                      : 219,054,080


Policy 0: 
Timing:
  Play time               : 10.202 s
  Update time             : 0.683 s
  Time to train epoch     : 10.885 s


Statistics:
  fps step                    : 16,601
  fps step + policy inference : 16,060
  fps total                   : 15,052
  epoch                       : 1,338 / 2,000
  frames                      : 219,217,920


Policy 0: saving next best rewards:  [744.]
=> saving checkpoint 'runs/hold_r11_dense1_seed2901/nn/hold_r11_dense1_seed2901.pth'

Timing:
  Play time               : 9.868 s
  Update time             : 0.640 s
  Time to train epoch     : 10.508 s


Statistics:
  fps step                    : 16,836
  fps step + policy inference : 16,603
  fps total                   : 15,592
  epoch                       : 1,339 / 2,000
  frames                      : 219,381,760


Policy 0: 
Timing:
  Play time               : 9.932 s
  Update time             : 0.640 s
  Time to train epoch     : 10.572 s


Statistics:
  fps step                    : 16,727
  fps step + policy inference : 16,496
  fps total                   : 15,498
  epoch                       : 1,340 / 2,000
  frames                      : 219,545,600


Policy 0: saving next best rewards:  [744.11]
=> saving checkpoint 'runs/hold_r11_dense1_seed2901/nn/hold_r11_dense1_seed2901.pth'

Timing:
  Play time               : 9.936 s
  Update time             : 0.679 s
  Time to train epoch     : 10.615 s


Statistics:
  fps step                    : 16,715
  fps step + policy inference : 16,489
  fps total                   : 15,434
  epoch                       : 1,341 / 2,000
  frames                      : 219,709,440


Policy 0: saving next best rewards:  [744.16]
=> saving checkpoint 'runs/hold_r11_dense1_seed2901/nn/hold_r11_dense1_seed2901.pth'

Timing:
  Play time               : 9.908 s
  Update time             : 0.691 s
  Time to train epoch     : 10.599 s


Statistics:
  fps step                    : 16,762
  fps step + policy inference : 16,536
  fps total                   : 15,459
  epoch                       : 1,342 / 2,000
  frames                      : 219,873,280


Policy 0: 
Timing:
  Play time               : 9.934 s
  Update time             : 0.743 s
  Time to train epoch     : 10.678 s


Statistics:
  fps step                    : 16,721
  fps step + policy inference : 16,492
  fps total                   : 15,344
  epoch                       : 1,343 / 2,000
  frames                      : 220,037,120


Policy 0: 
Timing:
  Play time               : 10.016 s
  Update time             : 0.742 s
  Time to train epoch     : 10.759 s


Statistics:
  fps step                    : 16,587
  fps step + policy inference : 16,357
  fps total                   : 15,229
  epoch                       : 1,344 / 2,000
  frames                      : 220,200,960


Policy 0: 
Timing:
  Play time               : 9.891 s
  Update time             : 0.657 s
  Time to train epoch     : 10.548 s


Statistics:
  fps step                    : 16,797
  fps step + policy inference : 16,565
  fps total                   : 15,533
  epoch                       : 1,345 / 2,000
  frames                      : 220,364,800


Policy 0: 
Timing:
  Play time               : 9.981 s
  Update time             : 0.636 s
  Time to train epoch     : 10.617 s


Statistics:
  fps step                    : 16,644
  fps step + policy inference : 16,415
  fps total                   : 15,432
  epoch                       : 1,346 / 2,000
  frames                      : 220,528,640


Policy 0: 
Timing:
  Play time               : 9.945 s
  Update time             : 0.635 s
  Time to train epoch     : 10.580 s


Statistics:
  fps step                    : 16,710
  fps step + policy inference : 16,475
  fps total                   : 15,486
  epoch                       : 1,347 / 2,000
  frames                      : 220,692,480


Policy 0: 
Timing:
  Play time               : 9.884 s
  Update time             : 0.635 s
  Time to train epoch     : 10.519 s


Statistics:
  fps step                    : 16,809
  fps step + policy inference : 16,576
  fps total                   : 15,576
  epoch                       : 1,348 / 2,000
  frames                      : 220,856,320


Policy 0: 
Timing:
  Play time               : 10.015 s
  Update time             : 0.799 s
  Time to train epoch     : 10.814 s


Statistics:
  fps step                    : 16,588
  fps step + policy inference : 16,359
  fps total                   : 15,150
  epoch                       : 1,349 / 2,000
  frames                      : 221,020,160


Policy 0: 
Timing:
  Play time               : 10.007 s
  Update time             : 0.798 s
  Time to train epoch     : 10.804 s


Statistics:
  fps step                    : 16,607
  fps step + policy inference : 16,373
  fps total                   : 15,164
  epoch                       : 1,350 / 2,000
  frames                      : 221,184,000


Policy 0: 
Timing:
  Play time               : 9.942 s
  Update time             : 0.796 s
  Time to train epoch     : 10.738 s


Statistics:
  fps step                    : 16,707
  fps step + policy inference : 16,479
  fps total                   : 15,258
  epoch                       : 1,351 / 2,000
  frames                      : 221,347,840


Policy 0: 
Timing:
  Play time               : 9.980 s
  Update time             : 0.793 s
  Time to train epoch     : 10.774 s


Statistics:
  fps step                    : 16,639
  fps step + policy inference : 16,416
  fps total                   : 15,207
  epoch                       : 1,352 / 2,000
  frames                      : 221,511,680


Policy 0: 
Timing:
  Play time               : 10.071 s
  Update time             : 0.724 s
  Time to train epoch     : 10.794 s


Statistics:
  fps step                    : 16,496
  fps step + policy inference : 16,269
  fps total                   : 15,178
  epoch                       : 1,353 / 2,000
  frames                      : 221,675,520


Policy 0: 
Timing:
  Play time               : 10.021 s
  Update time             : 0.821 s
  Time to train epoch     : 10.842 s


Statistics:
  fps step                    : 16,581
  fps step + policy inference : 16,350
  fps total                   : 15,112
  epoch                       : 1,354 / 2,000
  frames                      : 221,839,360


Policy 0: 
Timing:
  Play time               : 9.982 s
  Update time             : 0.792 s
  Time to train epoch     : 10.775 s


Statistics:
  fps step                    : 16,642
  fps step + policy inference : 16,413
  fps total                   : 15,206
  epoch                       : 1,355 / 2,000
  frames                      : 222,003,200


Policy 0: 
Timing:
  Play time               : 9.927 s
  Update time             : 0.795 s
  Time to train epoch     : 10.722 s


Statistics:
  fps step                    : 16,732
  fps step + policy inference : 16,504
  fps total                   : 15,280
  epoch                       : 1,356 / 2,000
  frames                      : 222,167,040


Policy 0: 
Timing:
  Play time               : 10.133 s
  Update time             : 0.850 s
  Time to train epoch     : 10.983 s


Statistics:
  fps step                    : 16,712
  fps step + policy inference : 16,170
  fps total                   : 14,918
  epoch                       : 1,357 / 2,000
  frames                      : 222,330,880


Policy 0: saving next best rewards:  [746.47]
=> saving checkpoint 'runs/hold_r11_dense1_seed2901/nn/hold_r11_dense1_seed2901.pth'

Timing:
  Play time               : 9.925 s
  Update time             : 0.667 s
  Time to train epoch     : 10.591 s


Statistics:
  fps step                    : 16,737
  fps step + policy inference : 16,508
  fps total                   : 15,470
  epoch                       : 1,358 / 2,000
  frames                      : 222,494,720


Policy 0: 
Timing:
  Play time               : 9.922 s
  Update time             : 0.786 s
  Time to train epoch     : 10.708 s


Statistics:
  fps step                    : 16,744
  fps step + policy inference : 16,513
  fps total                   : 15,300
  epoch                       : 1,359 / 2,000
  frames                      : 222,658,560


Policy 0: 
Timing:
  Play time               : 9.924 s
  Update time             : 0.812 s
  Time to train epoch     : 10.736 s


Statistics:
  fps step                    : 16,738
  fps step + policy inference : 16,509
  fps total                   : 15,261
  epoch                       : 1,360 / 2,000
  frames                      : 222,822,400


Policy 0: 
Timing:
  Play time               : 9.841 s
  Update time             : 0.686 s
  Time to train epoch     : 10.527 s


Statistics:
  fps step                    : 16,878
  fps step + policy inference : 16,649
  fps total                   : 15,564
  epoch                       : 1,361 / 2,000
  frames                      : 222,986,240


Policy 0: 
Timing:
  Play time               : 9.922 s
  Update time             : 0.778 s
  Time to train epoch     : 10.700 s


Statistics:
  fps step                    : 16,740
  fps step + policy inference : 16,513
  fps total                   : 15,312
  epoch                       : 1,362 / 2,000
  frames                      : 223,150,080


Policy 0: 
Timing:
  Play time               : 9.979 s
  Update time             : 0.765 s
  Time to train epoch     : 10.743 s


Statistics:
  fps step                    : 16,646
  fps step + policy inference : 16,419
  fps total                   : 15,251
  epoch                       : 1,363 / 2,000
  frames                      : 223,313,920


Policy 0: 
Timing:
  Play time               : 9.849 s
  Update time             : 0.697 s
  Time to train epoch     : 10.546 s


Statistics:
  fps step                    : 16,867
  fps step + policy inference : 16,635
  fps total                   : 15,535
  epoch                       : 1,364 / 2,000
  frames                      : 223,477,760


Policy 0: 
Timing:
  Play time               : 10.016 s
  Update time             : 0.761 s
  Time to train epoch     : 10.777 s


Statistics:
  fps step                    : 16,586
  fps step + policy inference : 16,358
  fps total                   : 15,202
  epoch                       : 1,365 / 2,000
  frames                      : 223,641,600


Policy 0: 
Timing:
  Play time               : 9.963 s
  Update time             : 0.801 s
  Time to train epoch     : 10.764 s


Statistics:
  fps step                    : 16,672
  fps step + policy inference : 16,444
  fps total                   : 15,221
  epoch                       : 1,366 / 2,000
  frames                      : 223,805,440


Policy 0: 
Timing:
  Play time               : 9.885 s
  Update time             : 0.684 s
  Time to train epoch     : 10.569 s


Statistics:
  fps step                    : 16,807
  fps step + policy inference : 16,574
  fps total                   : 15,502
  epoch                       : 1,367 / 2,000
  frames                      : 223,969,280


Policy 0: 
Timing:
  Play time               : 9.960 s
  Update time             : 0.688 s
  Time to train epoch     : 10.648 s


Statistics:
  fps step                    : 16,681
  fps step + policy inference : 16,450
  fps total                   : 15,387
  epoch                       : 1,368 / 2,000
  frames                      : 224,133,120


Policy 0: 
Timing:
  Play time               : 9.966 s
  Update time             : 0.796 s
  Time to train epoch     : 10.762 s


Statistics:
  fps step                    : 16,669
  fps step + policy inference : 16,440
  fps total                   : 15,223
  epoch                       : 1,369 / 2,000
  frames                      : 224,296,960


Policy 0: 
Timing:
  Play time               : 9.972 s
  Update time             : 0.734 s
  Time to train epoch     : 10.706 s


Statistics:
  fps step                    : 16,656
  fps step + policy inference : 16,429
  fps total                   : 15,303
  epoch                       : 1,370 / 2,000
  frames                      : 224,460,800


Policy 0: 
Timing:
  Play time               : 10.006 s
  Update time             : 0.657 s
  Time to train epoch     : 10.663 s


Statistics:
  fps step                    : 16,603
  fps step + policy inference : 16,374
  fps total                   : 15,366
  epoch                       : 1,371 / 2,000
  frames                      : 224,624,640


Policy 0: 
Timing:
  Play time               : 10.080 s
  Update time             : 0.715 s
  Time to train epoch     : 10.795 s


Statistics:
  fps step                    : 16,474
  fps step + policy inference : 16,254
  fps total                   : 15,178
  epoch                       : 1,372 / 2,000
  frames                      : 224,788,480


Policy 0: 
Timing:
  Play time               : 9.961 s
  Update time             : 0.792 s
  Time to train epoch     : 10.753 s


Statistics:
  fps step                    : 16,674
  fps step + policy inference : 16,449
  fps total                   : 15,237
  epoch                       : 1,373 / 2,000
  frames                      : 224,952,320


Policy 0: 
Timing:
  Play time               : 9.927 s
  Update time             : 0.754 s
  Time to train epoch     : 10.681 s


Statistics:
  fps step                    : 16,732
  fps step + policy inference : 16,504
  fps total                   : 15,339
  epoch                       : 1,374 / 2,000
  frames                      : 225,116,160


Policy 0: 
Timing:
  Play time               : 10.168 s
  Update time             : 0.635 s
  Time to train epoch     : 10.803 s


Statistics:
  fps step                    : 16,647
  fps step + policy inference : 16,114
  fps total                   : 15,167
  epoch                       : 1,375 / 2,000
  frames                      : 225,280,000


Policy 0: 
Timing:
  Play time               : 9.921 s
  Update time             : 0.692 s
  Time to train epoch     : 10.613 s


Statistics:
  fps step                    : 16,754
  fps step + policy inference : 16,514
  fps total                   : 15,438
  epoch                       : 1,376 / 2,000
  frames                      : 225,443,840


Policy 0: 
Timing:
  Play time               : 10.019 s
  Update time             : 0.760 s
  Time to train epoch     : 10.778 s


Statistics:
  fps step                    : 16,584
  fps step + policy inference : 16,353
  fps total                   : 15,201
  epoch                       : 1,377 / 2,000
  frames                      : 225,607,680


Policy 0: 
Timing:
  Play time               : 9.972 s
  Update time             : 0.806 s
  Time to train epoch     : 10.779 s


Statistics:
  fps step                    : 16,665
  fps step + policy inference : 16,429
  fps total                   : 15,200
  epoch                       : 1,378 / 2,000
  frames                      : 225,771,520


Policy 0: 
Timing:
  Play time               : 9.930 s
  Update time             : 0.678 s
  Time to train epoch     : 10.608 s


Statistics:
  fps step                    : 16,735
  fps step + policy inference : 16,500
  fps total                   : 15,445
  epoch                       : 1,379 / 2,000
  frames                      : 225,935,360


Policy 0: 
Timing:
  Play time               : 9.861 s
  Update time             : 0.617 s
  Time to train epoch     : 10.478 s


Statistics:
  fps step                    : 16,842
  fps step + policy inference : 16,614
  fps total                   : 15,637
  epoch                       : 1,380 / 2,000
  frames                      : 226,099,200


Policy 0: 
Timing:
  Play time               : 9.996 s
  Update time             : 0.752 s
  Time to train epoch     : 10.748 s


Statistics:
  fps step                    : 16,619
  fps step + policy inference : 16,391
  fps total                   : 15,244
  epoch                       : 1,381 / 2,000
  frames                      : 226,263,040


Policy 0: 
Timing:
  Play time               : 9.961 s
  Update time             : 0.807 s
  Time to train epoch     : 10.768 s


Statistics:
  fps step                    : 16,674
  fps step + policy inference : 16,448
  fps total                   : 15,215
  epoch                       : 1,382 / 2,000
  frames                      : 226,426,880


Policy 0: 
Timing:
  Play time               : 9.905 s
  Update time             : 0.685 s
  Time to train epoch     : 10.590 s


Statistics:
  fps step                    : 16,764
  fps step + policy inference : 16,542
  fps total                   : 15,471
  epoch                       : 1,383 / 2,000
  frames                      : 226,590,720


Policy 0: 
Timing:
  Play time               : 9.990 s
  Update time             : 0.658 s
  Time to train epoch     : 10.648 s


Statistics:
  fps step                    : 16,629
  fps step + policy inference : 16,400
  fps total                   : 15,387
  epoch                       : 1,384 / 2,000
  frames                      : 226,754,560


Policy 0: 
Timing:
  Play time               : 9.947 s
  Update time             : 0.673 s
  Time to train epoch     : 10.621 s


Statistics:
  fps step                    : 16,699
  fps step + policy inference : 16,471
  fps total                   : 15,427
  epoch                       : 1,385 / 2,000
  frames                      : 226,918,400


Policy 0: 
Timing:
  Play time               : 9.929 s
  Update time             : 0.694 s
  Time to train epoch     : 10.623 s


Statistics:
  fps step                    : 16,732
  fps step + policy inference : 16,502
  fps total                   : 15,423
  epoch                       : 1,386 / 2,000
  frames                      : 227,082,240


Policy 0: 
Timing:
  Play time               : 10.019 s
  Update time             : 0.796 s
  Time to train epoch     : 10.815 s


Statistics:
  fps step                    : 16,581
  fps step + policy inference : 16,353
  fps total                   : 15,149
  epoch                       : 1,387 / 2,000
  frames                      : 227,246,080


Policy 0: 
Timing:
  Play time               : 10.082 s
  Update time             : 0.766 s
  Time to train epoch     : 10.848 s


Statistics:
  fps step                    : 16,475
  fps step + policy inference : 16,251
  fps total                   : 15,103
  epoch                       : 1,388 / 2,000
  frames                      : 227,409,920


Policy 0: 
Timing:
  Play time               : 10.061 s
  Update time             : 0.647 s
  Time to train epoch     : 10.708 s


Statistics:
  fps step                    : 16,509
  fps step + policy inference : 16,284
  fps total                   : 15,300
  epoch                       : 1,389 / 2,000
  frames                      : 227,573,760


Policy 0: 
Timing:
  Play time               : 10.242 s
  Update time             : 0.632 s
  Time to train epoch     : 10.874 s


Statistics:
  fps step                    : 16,215
  fps step + policy inference : 15,997
  fps total                   : 15,068
  epoch                       : 1,390 / 2,000
  frames                      : 227,737,600


Policy 0: 
Timing:
  Play time               : 10.219 s
  Update time             : 0.651 s
  Time to train epoch     : 10.870 s


Statistics:
  fps step                    : 16,256
  fps step + policy inference : 16,032
  fps total                   : 15,073
  epoch                       : 1,391 / 2,000
  frames                      : 227,901,440


Policy 0: 
Timing:
  Play time               : 10.142 s
  Update time             : 0.697 s
  Time to train epoch     : 10.839 s


Statistics:
  fps step                    : 16,374
  fps step + policy inference : 16,154
  fps total                   : 15,116
  epoch                       : 1,392 / 2,000
  frames                      : 228,065,280


Policy 0: 
Timing:
  Play time               : 10.184 s
  Update time             : 0.757 s
  Time to train epoch     : 10.941 s


Statistics:
  fps step                    : 16,306
  fps step + policy inference : 16,089
  fps total                   : 14,975
  epoch                       : 1,393 / 2,000
  frames                      : 228,229,120


Policy 0: 
Timing:
  Play time               : 10.516 s
  Update time             : 0.776 s
  Time to train epoch     : 11.292 s


Statistics:
  fps step                    : 16,091
  fps step + policy inference : 15,580
  fps total                   : 14,509
  epoch                       : 1,394 / 2,000
  frames                      : 228,392,960


Policy 0: saving next best rewards:  [747.38]
=> saving checkpoint 'runs/hold_r11_dense1_seed2901/nn/hold_r11_dense1_seed2901.pth'

Timing:
  Play time               : 10.123 s
  Update time             : 0.708 s
  Time to train epoch     : 10.831 s


Statistics:
  fps step                    : 16,408
  fps step + policy inference : 16,185
  fps total                   : 15,127
  epoch                       : 1,395 / 2,000
  frames                      : 228,556,800


Policy 0: 
Timing:
  Play time               : 10.277 s
  Update time             : 0.632 s
  Time to train epoch     : 10.909 s


Statistics:
  fps step                    : 16,160
  fps step + policy inference : 15,943
  fps total                   : 15,019
  epoch                       : 1,396 / 2,000
  frames                      : 228,720,640


Policy 0: 
Timing:
  Play time               : 10.096 s
  Update time             : 0.646 s
  Time to train epoch     : 10.742 s


Statistics:
  fps step                    : 16,456
  fps step + policy inference : 16,228
  fps total                   : 15,253
  epoch                       : 1,397 / 2,000
  frames                      : 228,884,480


Policy 0: 
Timing:
  Play time               : 9.915 s
  Update time             : 0.652 s
  Time to train epoch     : 10.567 s


Statistics:
  fps step                    : 16,756
  fps step + policy inference : 16,524
  fps total                   : 15,504
  epoch                       : 1,398 / 2,000
  frames                      : 229,048,320


Policy 0: 
Timing:
  Play time               : 9.962 s
  Update time             : 0.670 s
  Time to train epoch     : 10.633 s


Statistics:
  fps step                    : 16,680
  fps step + policy inference : 16,446
  fps total                   : 15,409
  epoch                       : 1,399 / 2,000
  frames                      : 229,212,160


Policy 0: 
Timing:
  Play time               : 10.066 s
  Update time             : 0.770 s
  Time to train epoch     : 10.836 s


Statistics:
  fps step                    : 16,504
  fps step + policy inference : 16,277
  fps total                   : 15,120
  epoch                       : 1,400 / 2,000
  frames                      : 229,376,000


Policy 0: 
Timing:
  Play time               : 9.944 s
  Update time             : 0.763 s
  Time to train epoch     : 10.707 s


Statistics:
  fps step                    : 16,707
  fps step + policy inference : 16,477
  fps total                   : 15,302
  epoch                       : 1,401 / 2,000
  frames                      : 229,539,840


Policy 0: 
Timing:
  Play time               : 10.006 s
  Update time             : 0.681 s
  Time to train epoch     : 10.686 s


Statistics:
  fps step                    : 16,601
  fps step + policy inference : 16,375
  fps total                   : 15,332
  epoch                       : 1,402 / 2,000
  frames                      : 229,703,680


Policy 0: 
Timing:
  Play time               : 10.034 s
  Update time             : 0.652 s
  Time to train epoch     : 10.687 s


Statistics:
  fps step                    : 16,554
  fps step + policy inference : 16,328
  fps total                   : 15,331
  epoch                       : 1,403 / 2,000
  frames                      : 229,867,520


Policy 0: 
Timing:
  Play time               : 9.975 s
  Update time             : 0.644 s
  Time to train epoch     : 10.618 s


Statistics:
  fps step                    : 16,660
  fps step + policy inference : 16,426
  fps total                   : 15,430
  epoch                       : 1,404 / 2,000
  frames                      : 230,031,360


Policy 0: 
Timing:
  Play time               : 9.967 s
  Update time             : 0.656 s
  Time to train epoch     : 10.623 s


Statistics:
  fps step                    : 16,676
  fps step + policy inference : 16,438
  fps total                   : 15,423
  epoch                       : 1,405 / 2,000
  frames                      : 230,195,200


Policy 0: 
Timing:
  Play time               : 10.055 s
  Update time             : 0.648 s
  Time to train epoch     : 10.704 s


Statistics:
  fps step                    : 16,521
  fps step + policy inference : 16,294
  fps total                   : 15,307
  epoch                       : 1,406 / 2,000
  frames                      : 230,359,040


Policy 0: 
Timing:
  Play time               : 10.102 s
  Update time             : 0.737 s
  Time to train epoch     : 10.838 s


Statistics:
  fps step                    : 16,444
  fps step + policy inference : 16,219
  fps total                   : 15,117
  epoch                       : 1,407 / 2,000
  frames                      : 230,522,880


Policy 0: 
Timing:
  Play time               : 9.935 s
  Update time             : 0.773 s
  Time to train epoch     : 10.708 s


Statistics:
  fps step                    : 16,720
  fps step + policy inference : 16,491
  fps total                   : 15,300
  epoch                       : 1,408 / 2,000
  frames                      : 230,686,720


Policy 0: 
Timing:
  Play time               : 9.996 s
  Update time             : 0.711 s
  Time to train epoch     : 10.707 s


Statistics:
  fps step                    : 16,622
  fps step + policy inference : 16,390
  fps total                   : 15,302
  epoch                       : 1,409 / 2,000
  frames                      : 230,850,560


Policy 0: 
Timing:
  Play time               : 9.957 s
  Update time             : 0.654 s
  Time to train epoch     : 10.611 s


Statistics:
  fps step                    : 16,681
  fps step + policy inference : 16,454
  fps total                   : 15,441
  epoch                       : 1,410 / 2,000
  frames                      : 231,014,400


Policy 0: 
Timing:
  Play time               : 9.935 s
  Update time             : 0.624 s
  Time to train epoch     : 10.559 s


Statistics:
  fps step                    : 16,718
  fps step + policy inference : 16,491
  fps total                   : 15,516
  epoch                       : 1,411 / 2,000
  frames                      : 231,178,240


Policy 0: 
Timing:
  Play time               : 9.985 s
  Update time             : 0.625 s
  Time to train epoch     : 10.610 s


Statistics:
  fps step                    : 16,633
  fps step + policy inference : 16,409
  fps total                   : 15,442
  epoch                       : 1,412 / 2,000
  frames                      : 231,342,080


Policy 0: 
Timing:
  Play time               : 10.262 s
  Update time             : 0.704 s
  Time to train epoch     : 10.966 s


Statistics:
  fps step                    : 16,487
  fps step + policy inference : 15,965
  fps total                   : 14,940
  epoch                       : 1,413 / 2,000
  frames                      : 231,505,920


Policy 0: 
Timing:
  Play time               : 9.910 s
  Update time             : 0.715 s
  Time to train epoch     : 10.624 s


Statistics:
  fps step                    : 16,766
  fps step + policy inference : 16,533
  fps total                   : 15,421
  epoch                       : 1,414 / 2,000
  frames                      : 231,669,760


Policy 0: 
Timing:
  Play time               : 9.945 s
  Update time             : 0.725 s
  Time to train epoch     : 10.670 s


Statistics:
  fps step                    : 16,696
  fps step + policy inference : 16,474
  fps total                   : 15,355
  epoch                       : 1,415 / 2,000
  frames                      : 231,833,600


Policy 0: 
Timing:
  Play time               : 9.957 s
  Update time             : 0.732 s
  Time to train epoch     : 10.690 s


Statistics:
  fps step                    : 16,676
  fps step + policy inference : 16,454
  fps total                   : 15,327
  epoch                       : 1,416 / 2,000
  frames                      : 231,997,440


Policy 0: 
Timing:
  Play time               : 9.860 s
  Update time             : 0.682 s
  Time to train epoch     : 10.542 s


Statistics:
  fps step                    : 16,840
  fps step + policy inference : 16,617
  fps total                   : 15,542
  epoch                       : 1,417 / 2,000
  frames                      : 232,161,280


Policy 0: 
Timing:
  Play time               : 9.940 s
  Update time             : 0.632 s
  Time to train epoch     : 10.573 s


Statistics:
  fps step                    : 16,702
  fps step + policy inference : 16,482
  fps total                   : 15,496
  epoch                       : 1,418 / 2,000
  frames                      : 232,325,120


Policy 0: 
Timing:
  Play time               : 10.007 s
  Update time             : 0.652 s
  Time to train epoch     : 10.659 s


Statistics:
  fps step                    : 16,592
  fps step + policy inference : 16,372
  fps total                   : 15,371
  epoch                       : 1,419 / 2,000
  frames                      : 232,488,960


Policy 0: 
Timing:
  Play time               : 9.871 s
  Update time             : 0.691 s
  Time to train epoch     : 10.562 s


Statistics:
  fps step                    : 16,821
  fps step + policy inference : 16,598
  fps total                   : 15,513
  epoch                       : 1,420 / 2,000
  frames                      : 232,652,800


Policy 0: 
Timing:
  Play time               : 9.941 s
  Update time             : 0.748 s
  Time to train epoch     : 10.689 s


Statistics:
  fps step                    : 16,701
  fps step + policy inference : 16,481
  fps total                   : 15,327
  epoch                       : 1,421 / 2,000
  frames                      : 232,816,640


Policy 0: 
Timing:
  Play time               : 10.006 s
  Update time             : 0.763 s
  Time to train epoch     : 10.769 s


Statistics:
  fps step                    : 16,595
  fps step + policy inference : 16,375
  fps total                   : 15,214
  epoch                       : 1,422 / 2,000
  frames                      : 232,980,480


Policy 0: 
Timing:
  Play time               : 10.095 s
  Update time             : 0.690 s
  Time to train epoch     : 10.786 s


Statistics:
  fps step                    : 16,445
  fps step + policy inference : 16,229
  fps total                   : 15,191
  epoch                       : 1,423 / 2,000
  frames                      : 233,144,320


Policy 0: 
Timing:
  Play time               : 9.960 s
  Update time             : 0.639 s
  Time to train epoch     : 10.599 s


Statistics:
  fps step                    : 16,670
  fps step + policy inference : 16,450
  fps total                   : 15,458
  epoch                       : 1,424 / 2,000
  frames                      : 233,308,160


Policy 0: 
Timing:
  Play time               : 10.294 s
  Update time             : 0.644 s
  Time to train epoch     : 10.938 s


Statistics:
  fps step                    : 16,128
  fps step + policy inference : 15,917
  fps total                   : 14,980
  epoch                       : 1,425 / 2,000
  frames                      : 233,472,000


Policy 0: 
Timing:
  Play time               : 10.163 s
  Update time             : 0.645 s
  Time to train epoch     : 10.808 s


Statistics:
  fps step                    : 16,330
  fps step + policy inference : 16,121
  fps total                   : 15,159
  epoch                       : 1,426 / 2,000
  frames                      : 233,635,840


Policy 0: 
Timing:
  Play time               : 9.985 s
  Update time             : 0.724 s
  Time to train epoch     : 10.709 s


Statistics:
  fps step                    : 16,628
  fps step + policy inference : 16,408
  fps total                   : 15,299
  epoch                       : 1,427 / 2,000
  frames                      : 233,799,680


Policy 0: 
Timing:
  Play time               : 10.050 s
  Update time             : 0.770 s
  Time to train epoch     : 10.820 s


Statistics:
  fps step                    : 16,523
  fps step + policy inference : 16,302
  fps total                   : 15,142
  epoch                       : 1,428 / 2,000
  frames                      : 233,963,520


Policy 0: 
Timing:
  Play time               : 10.070 s
  Update time             : 0.715 s
  Time to train epoch     : 10.786 s


Statistics:
  fps step                    : 16,488
  fps step + policy inference : 16,269
  fps total                   : 15,191
  epoch                       : 1,429 / 2,000
  frames                      : 234,127,360


Policy 0: 
Timing:
  Play time               : 10.033 s
  Update time             : 0.666 s
  Time to train epoch     : 10.699 s


Statistics:
  fps step                    : 16,548
  fps step + policy inference : 16,331
  fps total                   : 15,314
  epoch                       : 1,430 / 2,000
  frames                      : 234,291,200


Policy 0: 
Timing:
  Play time               : 9.964 s
  Update time             : 0.630 s
  Time to train epoch     : 10.595 s


Statistics:
  fps step                    : 16,662
  fps step + policy inference : 16,443
  fps total                   : 15,464
  epoch                       : 1,431 / 2,000
  frames                      : 234,455,040


Policy 0: 
Timing:
  Play time               : 10.196 s
  Update time             : 0.711 s
  Time to train epoch     : 10.907 s


Statistics:
  fps step                    : 16,600
  fps step + policy inference : 16,069
  fps total                   : 15,022
  epoch                       : 1,432 / 2,000
  frames                      : 234,618,880


Policy 0: 
Timing:
  Play time               : 10.007 s
  Update time             : 0.646 s
  Time to train epoch     : 10.654 s


Statistics:
  fps step                    : 16,598
  fps step + policy inference : 16,372
  fps total                   : 15,379
  epoch                       : 1,433 / 2,000
  frames                      : 234,782,720


Policy 0: 
Timing:
  Play time               : 9.897 s
  Update time             : 0.644 s
  Time to train epoch     : 10.542 s


Statistics:
  fps step                    : 16,779
  fps step + policy inference : 16,554
  fps total                   : 15,542
  epoch                       : 1,434 / 2,000
  frames                      : 234,946,560


Policy 0: 
Timing:
  Play time               : 9.890 s
  Update time             : 0.710 s
  Time to train epoch     : 10.600 s


Statistics:
  fps step                    : 16,792
  fps step + policy inference : 16,566
  fps total                   : 15,457
  epoch                       : 1,435 / 2,000
  frames                      : 235,110,400


Policy 0: 
Timing:
  Play time               : 9.993 s
  Update time             : 0.756 s
  Time to train epoch     : 10.748 s


Statistics:
  fps step                    : 16,613
  fps step + policy inference : 16,396
  fps total                   : 15,243
  epoch                       : 1,436 / 2,000
  frames                      : 235,274,240


Policy 0: 
Timing:
  Play time               : 10.095 s
  Update time             : 0.699 s
  Time to train epoch     : 10.794 s


Statistics:
  fps step                    : 16,446
  fps step + policy inference : 16,230
  fps total                   : 15,179
  epoch                       : 1,437 / 2,000
  frames                      : 235,438,080


Policy 0: 
Timing:
  Play time               : 10.109 s
  Update time             : 0.757 s
  Time to train epoch     : 10.866 s


Statistics:
  fps step                    : 16,435
  fps step + policy inference : 16,208
  fps total                   : 15,078
  epoch                       : 1,438 / 2,000
  frames                      : 235,601,920


Policy 0: 
Timing:
  Play time               : 9.881 s
  Update time             : 0.682 s
  Time to train epoch     : 10.563 s


Statistics:
  fps step                    : 16,805
  fps step + policy inference : 16,581
  fps total                   : 15,511
  epoch                       : 1,439 / 2,000
  frames                      : 235,765,760


Policy 0: 
Timing:
  Play time               : 10.046 s
  Update time             : 0.658 s
  Time to train epoch     : 10.705 s


Statistics:
  fps step                    : 16,528
  fps step + policy inference : 16,308
  fps total                   : 15,306
  epoch                       : 1,440 / 2,000
  frames                      : 235,929,600


Policy 0: 
Timing:
  Play time               : 9.961 s
  Update time             : 0.664 s
  Time to train epoch     : 10.625 s


Statistics:
  fps step                    : 16,672
  fps step + policy inference : 16,449
  fps total                   : 15,420
  epoch                       : 1,441 / 2,000
  frames                      : 236,093,440


Policy 0: 
Timing:
  Play time               : 9.876 s
  Update time             : 0.629 s
  Time to train epoch     : 10.505 s


Statistics:
  fps step                    : 16,810
  fps step + policy inference : 16,590
  fps total                   : 15,597
  epoch                       : 1,442 / 2,000
  frames                      : 236,257,280


Policy 0: 
Timing:
  Play time               : 9.959 s
  Update time             : 0.653 s
  Time to train epoch     : 10.612 s


Statistics:
  fps step                    : 16,675
  fps step + policy inference : 16,452
  fps total                   : 15,439
  epoch                       : 1,443 / 2,000
  frames                      : 236,421,120


Policy 0: 
Timing:
  Play time               : 10.016 s
  Update time             : 0.748 s
  Time to train epoch     : 10.764 s


Statistics:
  fps step                    : 16,578
  fps step + policy inference : 16,358
  fps total                   : 15,221
  epoch                       : 1,444 / 2,000
  frames                      : 236,584,960


Policy 0: 
Timing:
  Play time               : 9.953 s
  Update time             : 0.783 s
  Time to train epoch     : 10.736 s


Statistics:
  fps step                    : 16,684
  fps step + policy inference : 16,461
  fps total                   : 15,261
  epoch                       : 1,445 / 2,000
  frames                      : 236,748,800


Policy 0: 
Timing:
  Play time               : 9.929 s
  Update time             : 0.704 s
  Time to train epoch     : 10.634 s


Statistics:
  fps step                    : 16,723
  fps step + policy inference : 16,501
  fps total                   : 15,408
  epoch                       : 1,446 / 2,000
  frames                      : 236,912,640


Policy 0: 
Timing:
  Play time               : 9.957 s
  Update time             : 0.684 s
  Time to train epoch     : 10.641 s


Statistics:
  fps step                    : 16,671
  fps step + policy inference : 16,455
  fps total                   : 15,397
  epoch                       : 1,447 / 2,000
  frames                      : 237,076,480


Policy 0: 
Timing:
  Play time               : 9.955 s
  Update time             : 0.634 s
  Time to train epoch     : 10.589 s


Statistics:
  fps step                    : 16,684
  fps step + policy inference : 16,458
  fps total                   : 15,473
  epoch                       : 1,448 / 2,000
  frames                      : 237,240,320


Policy 0: 
Timing:
  Play time               : 9.958 s
  Update time             : 0.629 s
  Time to train epoch     : 10.588 s


Statistics:
  fps step                    : 16,677
  fps step + policy inference : 16,453
  fps total                   : 15,475
  epoch                       : 1,449 / 2,000
  frames                      : 237,404,160


Policy 0: 
Timing:
  Play time               : 10.135 s
  Update time             : 0.632 s
  Time to train epoch     : 10.767 s


Statistics:
  fps step                    : 16,683
  fps step + policy inference : 16,166
  fps total                   : 15,217
  epoch                       : 1,450 / 2,000
  frames                      : 237,568,000


Policy 0: 
Timing:
  Play time               : 9.865 s
  Update time             : 0.745 s
  Time to train epoch     : 10.610 s


Statistics:
  fps step                    : 16,841
  fps step + policy inference : 16,608
  fps total                   : 15,442
  epoch                       : 1,451 / 2,000
  frames                      : 237,731,840


Policy 0: 
Timing:
  Play time               : 10.008 s
  Update time             : 0.738 s
  Time to train epoch     : 10.746 s


Statistics:
  fps step                    : 16,593
  fps step + policy inference : 16,371
  fps total                   : 15,247
  epoch                       : 1,452 / 2,000
  frames                      : 237,895,680


Policy 0: 
Timing:
  Play time               : 9.977 s
  Update time             : 0.739 s
  Time to train epoch     : 10.716 s


Statistics:
  fps step                    : 16,646
  fps step + policy inference : 16,421
  fps total                   : 15,289
  epoch                       : 1,453 / 2,000
  frames                      : 238,059,520


Policy 0: 
Timing:
  Play time               : 9.979 s
  Update time             : 0.707 s
  Time to train epoch     : 10.686 s


Statistics:
  fps step                    : 16,642
  fps step + policy inference : 16,418
  fps total                   : 15,332
  epoch                       : 1,454 / 2,000
  frames                      : 238,223,360


Policy 0: 
Timing:
  Play time               : 9.858 s
  Update time             : 0.625 s
  Time to train epoch     : 10.483 s


Statistics:
  fps step                    : 16,849
  fps step + policy inference : 16,620
  fps total                   : 15,630
  epoch                       : 1,455 / 2,000
  frames                      : 238,387,200


Policy 0: 
Timing:
  Play time               : 9.968 s
  Update time             : 0.648 s
  Time to train epoch     : 10.616 s


Statistics:
  fps step                    : 16,659
  fps step + policy inference : 16,436
  fps total                   : 15,433
  epoch                       : 1,456 / 2,000
  frames                      : 238,551,040


Policy 0: 
Timing:
  Play time               : 9.963 s
  Update time             : 0.664 s
  Time to train epoch     : 10.627 s


Statistics:
  fps step                    : 16,671
  fps step + policy inference : 16,445
  fps total                   : 15,417
  epoch                       : 1,457 / 2,000
  frames                      : 238,714,880


Policy 0: 
Timing:
  Play time               : 9.902 s
  Update time             : 0.632 s
  Time to train epoch     : 10.534 s


Statistics:
  fps step                    : 16,770
  fps step + policy inference : 16,546
  fps total                   : 15,554
  epoch                       : 1,458 / 2,000
  frames                      : 238,878,720


Policy 0: 
Timing:
  Play time               : 10.038 s
  Update time             : 0.731 s
  Time to train epoch     : 10.769 s


Statistics:
  fps step                    : 16,545
  fps step + policy inference : 16,323
  fps total                   : 15,214
  epoch                       : 1,459 / 2,000
  frames                      : 239,042,560


Policy 0: 
Timing:
  Play time               : 10.025 s
  Update time             : 0.800 s
  Time to train epoch     : 10.825 s


Statistics:
  fps step                    : 16,569
  fps step + policy inference : 16,343
  fps total                   : 15,135
  epoch                       : 1,460 / 2,000
  frames                      : 239,206,400


Policy 0: 
Timing:
  Play time               : 9.898 s
  Update time             : 0.730 s
  Time to train epoch     : 10.627 s


Statistics:
  fps step                    : 16,777
  fps step + policy inference : 16,553
  fps total                   : 15,417
  epoch                       : 1,461 / 2,000
  frames                      : 239,370,240


Policy 0: 
Timing:
  Play time               : 10.011 s
  Update time             : 0.674 s
  Time to train epoch     : 10.686 s


Statistics:
  fps step                    : 16,589
  fps step + policy inference : 16,365
  fps total                   : 15,333
  epoch                       : 1,462 / 2,000
  frames                      : 239,534,080


Policy 0: 
Timing:
  Play time               : 9.991 s
  Update time             : 0.663 s
  Time to train epoch     : 10.654 s


Statistics:
  fps step                    : 16,622
  fps step + policy inference : 16,399
  fps total                   : 15,378
  epoch                       : 1,463 / 2,000
  frames                      : 239,697,920


Policy 0: 
Timing:
  Play time               : 9.930 s
  Update time             : 0.644 s
  Time to train epoch     : 10.574 s


Statistics:
  fps step                    : 16,723
  fps step + policy inference : 16,500
  fps total                   : 15,494
  epoch                       : 1,464 / 2,000
  frames                      : 239,861,760


Policy 0: 
Timing:
  Play time               : 10.032 s
  Update time             : 0.635 s
  Time to train epoch     : 10.667 s


Statistics:
  fps step                    : 16,557
  fps step + policy inference : 16,332
  fps total                   : 15,359
  epoch                       : 1,465 / 2,000
  frames                      : 240,025,600


Policy 0: 
Timing:
  Play time               : 10.018 s
  Update time             : 0.660 s
  Time to train epoch     : 10.678 s


Statistics:
  fps step                    : 16,574
  fps step + policy inference : 16,355
  fps total                   : 15,344
  epoch                       : 1,466 / 2,000
  frames                      : 240,189,440


Policy 0: 
Timing:
  Play time               : 9.905 s
  Update time             : 0.759 s
  Time to train epoch     : 10.665 s


Statistics:
  fps step                    : 16,763
  fps step + policy inference : 16,541
  fps total                   : 15,363
  epoch                       : 1,467 / 2,000
  frames                      : 240,353,280


Policy 0: 
Timing:
  Play time               : 9.925 s
  Update time             : 0.750 s
  Time to train epoch     : 10.675 s


Statistics:
  fps step                    : 16,730
  fps step + policy inference : 16,507
  fps total                   : 15,348
  epoch                       : 1,468 / 2,000
  frames                      : 240,517,120


Policy 0: 
Timing:
  Play time               : 10.192 s
  Update time             : 0.733 s
  Time to train epoch     : 10.925 s


Statistics:
  fps step                    : 16,599
  fps step + policy inference : 16,076
  fps total                   : 14,997
  epoch                       : 1,469 / 2,000
  frames                      : 240,680,960


Policy 0: 
Timing:
  Play time               : 9.833 s
  Update time             : 0.691 s
  Time to train epoch     : 10.524 s


Statistics:
  fps step                    : 16,897
  fps step + policy inference : 16,662
  fps total                   : 15,568
  epoch                       : 1,470 / 2,000
  frames                      : 240,844,800


Policy 0: 
Timing:
  Play time               : 9.982 s
  Update time             : 0.634 s
  Time to train epoch     : 10.616 s


Statistics:
  fps step                    : 16,638
  fps step + policy inference : 16,414
  fps total                   : 15,433
  epoch                       : 1,471 / 2,000
  frames                      : 241,008,640


Policy 0: 
Timing:
  Play time               : 9.945 s
  Update time             : 0.650 s
  Time to train epoch     : 10.595 s


Statistics:
  fps step                    : 16,700
  fps step + policy inference : 16,475
  fps total                   : 15,464
  epoch                       : 1,472 / 2,000
  frames                      : 241,172,480


Policy 0: 
Timing:
  Play time               : 9.913 s
  Update time             : 0.651 s
  Time to train epoch     : 10.564 s


Statistics:
  fps step                    : 16,754
  fps step + policy inference : 16,528
  fps total                   : 15,510
  epoch                       : 1,473 / 2,000
  frames                      : 241,336,320


Policy 0: 
Timing:
  Play time               : 9.917 s
  Update time             : 0.682 s
  Time to train epoch     : 10.599 s


Statistics:
  fps step                    : 16,742
  fps step + policy inference : 16,521
  fps total                   : 15,459
  epoch                       : 1,474 / 2,000
  frames                      : 241,500,160


Policy 0: 
Timing:
  Play time               : 10.020 s
  Update time             : 0.728 s
  Time to train epoch     : 10.749 s


Statistics:
  fps step                    : 16,572
  fps step + policy inference : 16,351
  fps total                   : 15,243
  epoch                       : 1,475 / 2,000
  frames                      : 241,664,000


Policy 0: 
Timing:
  Play time               : 9.979 s
  Update time             : 0.763 s
  Time to train epoch     : 10.741 s


Statistics:
  fps step                    : 16,643
  fps step + policy inference : 16,419
  fps total                   : 15,253
  epoch                       : 1,476 / 2,000
  frames                      : 241,827,840


Policy 0: 
Timing:
  Play time               : 10.018 s
  Update time             : 0.719 s
  Time to train epoch     : 10.737 s


Statistics:
  fps step                    : 16,576
  fps step + policy inference : 16,355
  fps total                   : 15,259
  epoch                       : 1,477 / 2,000
  frames                      : 241,991,680


Policy 0: 
Timing:
  Play time               : 10.005 s
  Update time             : 0.657 s
  Time to train epoch     : 10.662 s


Statistics:
  fps step                    : 16,598
  fps step + policy inference : 16,376
  fps total                   : 15,367
  epoch                       : 1,478 / 2,000
  frames                      : 242,155,520


Policy 0: 
Timing:
  Play time               : 9.971 s
  Update time             : 0.674 s
  Time to train epoch     : 10.645 s


Statistics:
  fps step                    : 16,665
  fps step + policy inference : 16,431
  fps total                   : 15,391
  epoch                       : 1,479 / 2,000
  frames                      : 242,319,360


Policy 0: 
Timing:
  Play time               : 9.965 s
  Update time             : 0.635 s
  Time to train epoch     : 10.599 s


Statistics:
  fps step                    : 16,671
  fps step + policy inference : 16,442
  fps total                   : 15,458
  epoch                       : 1,480 / 2,000
  frames                      : 242,483,200


Policy 0: 
Timing:
  Play time               : 10.005 s
  Update time             : 0.683 s
  Time to train epoch     : 10.688 s


Statistics:
  fps step                    : 16,602
  fps step + policy inference : 16,377
  fps total                   : 15,329
  epoch                       : 1,481 / 2,000
  frames                      : 242,647,040


Policy 0: 
Timing:
  Play time               : 10.018 s
  Update time             : 0.741 s
  Time to train epoch     : 10.759 s


Statistics:
  fps step                    : 16,579
  fps step + policy inference : 16,355
  fps total                   : 15,229
  epoch                       : 1,482 / 2,000
  frames                      : 242,810,880


Policy 0: 
Timing:
  Play time               : 9.949 s
  Update time             : 0.763 s
  Time to train epoch     : 10.712 s


Statistics:
  fps step                    : 16,695
  fps step + policy inference : 16,468
  fps total                   : 15,295
  epoch                       : 1,483 / 2,000
  frames                      : 242,974,720


Policy 0: 
Timing:
  Play time               : 10.035 s
  Update time             : 0.737 s
  Time to train epoch     : 10.772 s


Statistics:
  fps step                    : 16,549
  fps step + policy inference : 16,327
  fps total                   : 15,210
  epoch                       : 1,484 / 2,000
  frames                      : 243,138,560


Policy 0: 
Timing:
  Play time               : 9.987 s
  Update time             : 0.651 s
  Time to train epoch     : 10.638 s


Statistics:
  fps step                    : 16,627
  fps step + policy inference : 16,405
  fps total                   : 15,401
  epoch                       : 1,485 / 2,000
  frames                      : 243,302,400


Policy 0: 
Timing:
  Play time               : 9.976 s
  Update time             : 0.636 s
  Time to train epoch     : 10.611 s


Statistics:
  fps step                    : 16,650
  fps step + policy inference : 16,424
  fps total                   : 15,440
  epoch                       : 1,486 / 2,000
  frames                      : 243,466,240


Policy 0: 
Timing:
  Play time               : 9.984 s
  Update time             : 0.655 s
  Time to train epoch     : 10.638 s


Statistics:
  fps step                    : 16,635
  fps step + policy inference : 16,411
  fps total                   : 15,401
  epoch                       : 1,487 / 2,000
  frames                      : 243,630,080


Policy 0: 
Timing:
  Play time               : 10.260 s
  Update time             : 0.690 s
  Time to train epoch     : 10.950 s


Statistics:
  fps step                    : 16,490
  fps step + policy inference : 15,969
  fps total                   : 14,963
  epoch                       : 1,488 / 2,000
  frames                      : 243,793,920


Policy 0: 
Timing:
  Play time               : 9.875 s
  Update time             : 0.648 s
  Time to train epoch     : 10.523 s


Statistics:
  fps step                    : 16,827
  fps step + policy inference : 16,592
  fps total                   : 15,570
  epoch                       : 1,489 / 2,000
  frames                      : 243,957,760


Policy 0: 
Timing:
  Play time               : 9.986 s
  Update time             : 0.660 s
  Time to train epoch     : 10.646 s


Statistics:
  fps step                    : 16,637
  fps step + policy inference : 16,407
  fps total                   : 15,390
  epoch                       : 1,490 / 2,000
  frames                      : 244,121,600


Policy 0: 
Timing:
  Play time               : 9.964 s
  Update time             : 0.718 s
  Time to train epoch     : 10.682 s


Statistics:
  fps step                    : 16,679
  fps step + policy inference : 16,444
  fps total                   : 15,338
  epoch                       : 1,491 / 2,000
  frames                      : 244,285,440


Policy 0: 
Timing:
  Play time               : 9.883 s
  Update time             : 0.712 s
  Time to train epoch     : 10.595 s


Statistics:
  fps step                    : 16,808
  fps step + policy inference : 16,578
  fps total                   : 15,464
  epoch                       : 1,492 / 2,000
  frames                      : 244,449,280


Policy 0: 
Timing:
  Play time               : 9.916 s
  Update time             : 0.724 s
  Time to train epoch     : 10.640 s


Statistics:
  fps step                    : 16,751
  fps step + policy inference : 16,523
  fps total                   : 15,398
  epoch                       : 1,493 / 2,000
  frames                      : 244,613,120


Policy 0: 
Timing:
  Play time               : 9.983 s
  Update time             : 0.704 s
  Time to train epoch     : 10.687 s


Statistics:
  fps step                    : 16,642
  fps step + policy inference : 16,411
  fps total                   : 15,330
  epoch                       : 1,494 / 2,000
  frames                      : 244,776,960


Policy 0: 
Timing:
  Play time               : 9.926 s
  Update time             : 0.653 s
  Time to train epoch     : 10.578 s


Statistics:
  fps step                    : 16,736
  fps step + policy inference : 16,507
  fps total                   : 15,488
  epoch                       : 1,495 / 2,000
  frames                      : 244,940,800


Policy 0: 
Timing:
  Play time               : 10.051 s
  Update time             : 0.645 s
  Time to train epoch     : 10.696 s


Statistics:
  fps step                    : 16,528
  fps step + policy inference : 16,301
  fps total                   : 15,318
  epoch                       : 1,496 / 2,000
  frames                      : 245,104,640


Policy 0: 
Timing:
  Play time               : 10.030 s
  Update time             : 0.680 s
  Time to train epoch     : 10.710 s


Statistics:
  fps step                    : 16,570
  fps step + policy inference : 16,335
  fps total                   : 15,298
  epoch                       : 1,497 / 2,000
  frames                      : 245,268,480


Policy 0: 
Timing:
  Play time               : 9.910 s
  Update time             : 0.667 s
  Time to train epoch     : 10.577 s


Statistics:
  fps step                    : 16,771
  fps step + policy inference : 16,532
  fps total                   : 15,490
  epoch                       : 1,498 / 2,000
  frames                      : 245,432,320


Policy 0: 
Timing:
  Play time               : 9.984 s
  Update time             : 0.650 s
  Time to train epoch     : 10.634 s


Statistics:
  fps step                    : 16,639
  fps step + policy inference : 16,410
  fps total                   : 15,407
  epoch                       : 1,499 / 2,000
  frames                      : 245,596,160


Policy 0: 
Timing:
  Play time               : 10.076 s
  Update time             : 0.707 s
  Time to train epoch     : 10.783 s


Statistics:
  fps step                    : 16,495
  fps step + policy inference : 16,261
  fps total                   : 15,195
  epoch                       : 1,500 / 2,000
  frames                      : 245,760,000


Policy 0: Saved recovery checkpoint runs/hold_r11_dense1_seed2901/checkpoints/epoch_001500.pth; evaluation_due=False

Timing:
  Play time               : 9.979 s
  Update time             : 0.769 s
  Time to train epoch     : 10.748 s


Statistics:
  fps step                    : 16,649
  fps step + policy inference : 16,419
  fps total                   : 15,244
  epoch                       : 1,501 / 2,000
  frames                      : 245,923,840


Policy 0: 
Timing:
  Play time               : 9.950 s
  Update time             : 0.760 s
  Time to train epoch     : 10.710 s


Statistics:
  fps step                    : 16,699
  fps step + policy inference : 16,467
  fps total                   : 15,298
  epoch                       : 1,502 / 2,000
  frames                      : 246,087,680


Policy 0: 
Timing:
  Play time               : 10.029 s
  Update time             : 0.687 s
  Time to train epoch     : 10.716 s


Statistics:
  fps step                    : 16,564
  fps step + policy inference : 16,337
  fps total                   : 15,289
  epoch                       : 1,503 / 2,000
  frames                      : 246,251,520


Policy 0: 
Timing:
  Play time               : 10.080 s
  Update time             : 0.648 s
  Time to train epoch     : 10.728 s


Statistics:
  fps step                    : 16,483
  fps step + policy inference : 16,255
  fps total                   : 15,272
  epoch                       : 1,504 / 2,000
  frames                      : 246,415,360


Policy 0: 
Timing:
  Play time               : 10.047 s
  Update time             : 0.640 s
  Time to train epoch     : 10.687 s


Statistics:
  fps step                    : 16,536
  fps step + policy inference : 16,307
  fps total                   : 15,331
  epoch                       : 1,505 / 2,000
  frames                      : 246,579,200


Policy 0: 
Timing:
  Play time               : 10.023 s
  Update time             : 0.642 s
  Time to train epoch     : 10.665 s


Statistics:
  fps step                    : 16,575
  fps step + policy inference : 16,347
  fps total                   : 15,363
  epoch                       : 1,506 / 2,000
  frames                      : 246,743,040


Policy 0: 
Timing:
  Play time               : 10.130 s
  Update time             : 0.699 s
  Time to train epoch     : 10.829 s


Statistics:
  fps step                    : 16,721
  fps step + policy inference : 16,174
  fps total                   : 15,129
  epoch                       : 1,507 / 2,000
  frames                      : 246,906,880


Policy 0: 
Timing:
  Play time               : 9.968 s
  Update time             : 0.656 s
  Time to train epoch     : 10.624 s


Statistics:
  fps step                    : 16,672
  fps step + policy inference : 16,437
  fps total                   : 15,422
  epoch                       : 1,508 / 2,000
  frames                      : 247,070,720


Policy 0: 
Timing:
  Play time               : 9.953 s
  Update time             : 0.684 s
  Time to train epoch     : 10.638 s


Statistics:
  fps step                    : 16,697
  fps step + policy inference : 16,461
  fps total                   : 15,402
  epoch                       : 1,509 / 2,000
  frames                      : 247,234,560


Policy 0: 
Timing:
  Play time               : 9.969 s
  Update time             : 0.710 s
  Time to train epoch     : 10.679 s


Statistics:
  fps step                    : 16,667
  fps step + policy inference : 16,434
  fps total                   : 15,342
  epoch                       : 1,510 / 2,000
  frames                      : 247,398,400


Policy 0: 
Timing:
  Play time               : 9.906 s
  Update time             : 0.723 s
  Time to train epoch     : 10.629 s


Statistics:
  fps step                    : 16,772
  fps step + policy inference : 16,540
  fps total                   : 15,414
  epoch                       : 1,511 / 2,000
  frames                      : 247,562,240


Policy 0: 
Timing:
  Play time               : 9.990 s
  Update time             : 0.742 s
  Time to train epoch     : 10.732 s


Statistics:
  fps step                    : 16,631
  fps step + policy inference : 16,400
  fps total                   : 15,266
  epoch                       : 1,512 / 2,000
  frames                      : 247,726,080


Policy 0: 
Timing:
  Play time               : 10.027 s
  Update time             : 0.730 s
  Time to train epoch     : 10.757 s


Statistics:
  fps step                    : 16,571
  fps step + policy inference : 16,340
  fps total                   : 15,231
  epoch                       : 1,513 / 2,000
  frames                      : 247,889,920


Policy 0: 
Timing:
  Play time               : 9.973 s
  Update time             : 0.662 s
  Time to train epoch     : 10.635 s


Statistics:
  fps step                    : 16,658
  fps step + policy inference : 16,428
  fps total                   : 15,406
  epoch                       : 1,514 / 2,000
  frames                      : 248,053,760


Policy 0: 
Timing:
  Play time               : 10.144 s
  Update time             : 0.657 s
  Time to train epoch     : 10.800 s


Statistics:
  fps step                    : 16,379
  fps step + policy inference : 16,152
  fps total                   : 15,170
  epoch                       : 1,515 / 2,000
  frames                      : 248,217,600


Policy 0: 
Timing:
  Play time               : 10.104 s
  Update time             : 0.695 s
  Time to train epoch     : 10.798 s


Statistics:
  fps step                    : 16,443
  fps step + policy inference : 16,216
  fps total                   : 15,173
  epoch                       : 1,516 / 2,000
  frames                      : 248,381,440


Policy 0: 
Timing:
  Play time               : 9.989 s
  Update time             : 0.710 s
  Time to train epoch     : 10.699 s


Statistics:
  fps step                    : 16,625
  fps step + policy inference : 16,402
  fps total                   : 15,314
  epoch                       : 1,517 / 2,000
  frames                      : 248,545,280


Policy 0: 
Timing:
  Play time               : 10.014 s
  Update time             : 0.801 s
  Time to train epoch     : 10.816 s


Statistics:
  fps step                    : 16,592
  fps step + policy inference : 16,361
  fps total                   : 15,148
  epoch                       : 1,518 / 2,000
  frames                      : 248,709,120


Policy 0: 
Timing:
  Play time               : 10.073 s
  Update time             : 0.755 s
  Time to train epoch     : 10.827 s


Statistics:
  fps step                    : 16,497
  fps step + policy inference : 16,265
  fps total                   : 15,132
  epoch                       : 1,519 / 2,000
  frames                      : 248,872,960


Policy 0: 
Timing:
  Play time               : 10.046 s
  Update time             : 0.654 s
  Time to train epoch     : 10.700 s


Statistics:
  fps step                    : 16,537
  fps step + policy inference : 16,309
  fps total                   : 15,312
  epoch                       : 1,520 / 2,000
  frames                      : 249,036,800


Policy 0: 
Timing:
  Play time               : 9.961 s
  Update time             : 0.643 s
  Time to train epoch     : 10.603 s


Statistics:
  fps step                    : 16,674
  fps step + policy inference : 16,449
  fps total                   : 15,452
  epoch                       : 1,521 / 2,000
  frames                      : 249,200,640


Policy 0: 
Timing:
  Play time               : 9.975 s
  Update time             : 0.643 s
  Time to train epoch     : 10.618 s


Statistics:
  fps step                    : 16,649
  fps step + policy inference : 16,424
  fps total                   : 15,430
  epoch                       : 1,522 / 2,000
  frames                      : 249,364,480


Policy 0: 
Timing:
  Play time               : 9.948 s
  Update time             : 0.642 s
  Time to train epoch     : 10.589 s


Statistics:
  fps step                    : 16,700
  fps step + policy inference : 16,470
  fps total                   : 15,472
  epoch                       : 1,523 / 2,000
  frames                      : 249,528,320


Policy 0: 
Timing:
  Play time               : 9.942 s
  Update time             : 0.645 s
  Time to train epoch     : 10.587 s


Statistics:
  fps step                    : 16,704
  fps step + policy inference : 16,480
  fps total                   : 15,476
  epoch                       : 1,524 / 2,000
  frames                      : 249,692,160


Policy 0: 
Timing:
  Play time               : 10.219 s
  Update time             : 0.724 s
  Time to train epoch     : 10.943 s


Statistics:
  fps step                    : 16,548
  fps step + policy inference : 16,033
  fps total                   : 14,973
  epoch                       : 1,525 / 2,000
  frames                      : 249,856,000


Policy 0: 
Timing:
  Play time               : 9.944 s
  Update time             : 0.784 s
  Time to train epoch     : 10.727 s


Statistics:
  fps step                    : 16,721
  fps step + policy inference : 16,477
  fps total                   : 15,273
  epoch                       : 1,526 / 2,000
  frames                      : 250,019,840


Policy 0: 
Timing:
  Play time               : 10.033 s
  Update time             : 0.727 s
  Time to train epoch     : 10.760 s


Statistics:
  fps step                    : 16,562
  fps step + policy inference : 16,330
  fps total                   : 15,226
  epoch                       : 1,527 / 2,000
  frames                      : 250,183,680


Policy 0: 
Timing:
  Play time               : 9.992 s
  Update time             : 0.699 s
  Time to train epoch     : 10.691 s


Statistics:
  fps step                    : 16,632
  fps step + policy inference : 16,397
  fps total                   : 15,325
  epoch                       : 1,528 / 2,000
  frames                      : 250,347,520


Policy 0: 
Timing:
  Play time               : 9.975 s
  Update time             : 0.675 s
  Time to train epoch     : 10.650 s


Statistics:
  fps step                    : 16,657
  fps step + policy inference : 16,425
  fps total                   : 15,384
  epoch                       : 1,529 / 2,000
  frames                      : 250,511,360


Policy 0: 
Timing:
  Play time               : 9.887 s
  Update time             : 0.626 s
  Time to train epoch     : 10.514 s


Statistics:
  fps step                    : 16,799
  fps step + policy inference : 16,571
  fps total                   : 15,583
  epoch                       : 1,530 / 2,000
  frames                      : 250,675,200


Policy 0: 
Timing:
  Play time               : 10.076 s
  Update time             : 0.649 s
  Time to train epoch     : 10.725 s


Statistics:
  fps step                    : 16,495
  fps step + policy inference : 16,261
  fps total                   : 15,277
  epoch                       : 1,531 / 2,000
  frames                      : 250,839,040


Policy 0: 
Timing:
  Play time               : 10.016 s
  Update time             : 0.676 s
  Time to train epoch     : 10.691 s


Statistics:
  fps step                    : 16,588
  fps step + policy inference : 16,358
  fps total                   : 15,324
  epoch                       : 1,532 / 2,000
  frames                      : 251,002,880


Policy 0: 
Timing:
  Play time               : 9.980 s
  Update time             : 0.726 s
  Time to train epoch     : 10.705 s


Statistics:
  fps step                    : 16,648
  fps step + policy inference : 16,417
  fps total                   : 15,304
  epoch                       : 1,533 / 2,000
  frames                      : 251,166,720


Policy 0: 
Timing:
  Play time               : 10.036 s
  Update time             : 0.781 s
  Time to train epoch     : 10.816 s


Statistics:
  fps step                    : 16,554
  fps step + policy inference : 16,326
  fps total                   : 15,148
  epoch                       : 1,534 / 2,000
  frames                      : 251,330,560


Policy 0: 
Timing:
  Play time               : 10.093 s
  Update time             : 0.736 s
  Time to train epoch     : 10.829 s


Statistics:
  fps step                    : 16,461
  fps step + policy inference : 16,233
  fps total                   : 15,130
  epoch                       : 1,535 / 2,000
  frames                      : 251,494,400


Policy 0: 
Timing:
  Play time               : 10.008 s
  Update time             : 0.670 s
  Time to train epoch     : 10.678 s


Statistics:
  fps step                    : 16,601
  fps step + policy inference : 16,370
  fps total                   : 15,344
  epoch                       : 1,536 / 2,000
  frames                      : 251,658,240


Policy 0: 
Timing:
  Play time               : 10.049 s
  Update time             : 0.663 s
  Time to train epoch     : 10.712 s


Statistics:
  fps step                    : 16,533
  fps step + policy inference : 16,304
  fps total                   : 15,295
  epoch                       : 1,537 / 2,000
  frames                      : 251,822,080


Policy 0: 
Timing:
  Play time               : 10.083 s
  Update time             : 0.676 s
  Time to train epoch     : 10.759 s


Statistics:
  fps step                    : 16,479
  fps step + policy inference : 16,249
  fps total                   : 15,228
  epoch                       : 1,538 / 2,000
  frames                      : 251,985,920


Policy 0: 
Timing:
  Play time               : 9.959 s
  Update time             : 0.641 s
  Time to train epoch     : 10.600 s


Statistics:
  fps step                    : 16,681
  fps step + policy inference : 16,451
  fps total                   : 15,456
  epoch                       : 1,539 / 2,000
  frames                      : 252,149,760


Policy 0: 
Timing:
  Play time               : 10.022 s
  Update time             : 0.644 s
  Time to train epoch     : 10.667 s


Statistics:
  fps step                    : 16,576
  fps step + policy inference : 16,347
  fps total                   : 15,360
  epoch                       : 1,540 / 2,000
  frames                      : 252,313,600


Policy 0: 
Timing:
  Play time               : 10.025 s
  Update time             : 0.716 s
  Time to train epoch     : 10.741 s


Statistics:
  fps step                    : 16,569
  fps step + policy inference : 16,344
  fps total                   : 15,254
  epoch                       : 1,541 / 2,000
  frames                      : 252,477,440


Policy 0: 
Timing:
  Play time               : 9.930 s
  Update time             : 0.743 s
  Time to train epoch     : 10.673 s


Statistics:
  fps step                    : 16,732
  fps step + policy inference : 16,500
  fps total                   : 15,351
  epoch                       : 1,542 / 2,000
  frames                      : 252,641,280


Policy 0: 
Timing:
  Play time               : 9.984 s
  Update time             : 0.714 s
  Time to train epoch     : 10.698 s


Statistics:
  fps step                    : 16,637
  fps step + policy inference : 16,411
  fps total                   : 15,315
  epoch                       : 1,543 / 2,000
  frames                      : 252,805,120


Policy 0: 
Timing:
  Play time               : 10.281 s
  Update time             : 0.750 s
  Time to train epoch     : 11.031 s


Statistics:
  fps step                    : 16,461
  fps step + policy inference : 15,936
  fps total                   : 14,853
  epoch                       : 1,544 / 2,000
  frames                      : 252,968,960


Policy 0: 
Timing:
  Play time               : 9.837 s
  Update time             : 0.689 s
  Time to train epoch     : 10.526 s


Statistics:
  fps step                    : 16,897
  fps step + policy inference : 16,655
  fps total                   : 15,565
  epoch                       : 1,545 / 2,000
  frames                      : 253,132,800


Policy 0: 
Timing:
  Play time               : 10.044 s
  Update time             : 0.652 s
  Time to train epoch     : 10.696 s


Statistics:
  fps step                    : 16,543
  fps step + policy inference : 16,313
  fps total                   : 15,318
  epoch                       : 1,546 / 2,000
  frames                      : 253,296,640


Policy 0: 
Timing:
  Play time               : 10.023 s
  Update time             : 0.676 s
  Time to train epoch     : 10.699 s


Statistics:
  fps step                    : 16,581
  fps step + policy inference : 16,346
  fps total                   : 15,313
  epoch                       : 1,547 / 2,000
  frames                      : 253,460,480


Policy 0: 
Timing:
  Play time               : 9.938 s
  Update time             : 0.642 s
  Time to train epoch     : 10.580 s


Statistics:
  fps step                    : 16,715
  fps step + policy inference : 16,486
  fps total                   : 15,485
  epoch                       : 1,548 / 2,000
  frames                      : 253,624,320


Policy 0: 
Timing:
  Play time               : 9.904 s
  Update time             : 0.626 s
  Time to train epoch     : 10.529 s


Statistics:
  fps step                    : 16,767
  fps step + policy inference : 16,543
  fps total                   : 15,560
  epoch                       : 1,549 / 2,000
  frames                      : 253,788,160


Policy 0: 
Timing:
  Play time               : 10.028 s
  Update time             : 0.669 s
  Time to train epoch     : 10.696 s


Statistics:
  fps step                    : 16,571
  fps step + policy inference : 16,339
  fps total                   : 15,317
  epoch                       : 1,550 / 2,000
  frames                      : 253,952,000


Policy 0: 
Timing:
  Play time               : 9.939 s
  Update time             : 0.743 s
  Time to train epoch     : 10.682 s


Statistics:
  fps step                    : 16,720
  fps step + policy inference : 16,485
  fps total                   : 15,338
  epoch                       : 1,551 / 2,000
  frames                      : 254,115,840


Policy 0: 
Timing:
  Play time               : 9.999 s
  Update time             : 0.734 s
  Time to train epoch     : 10.733 s


Statistics:
  fps step                    : 16,617
  fps step + policy inference : 16,385
  fps total                   : 15,265
  epoch                       : 1,552 / 2,000
  frames                      : 254,279,680


Policy 0: 
Timing:
  Play time               : 9.997 s
  Update time             : 0.738 s
  Time to train epoch     : 10.735 s


Statistics:
  fps step                    : 16,615
  fps step + policy inference : 16,389
  fps total                   : 15,263
  epoch                       : 1,553 / 2,000
  frames                      : 254,443,520


Policy 0: 
Timing:
  Play time               : 9.988 s
  Update time             : 0.744 s
  Time to train epoch     : 10.732 s


Statistics:
  fps step                    : 16,636
  fps step + policy inference : 16,404
  fps total                   : 15,267
  epoch                       : 1,554 / 2,000
  frames                      : 254,607,360


Policy 0: 
Timing:
  Play time               : 10.003 s
  Update time             : 0.655 s
  Time to train epoch     : 10.658 s


Statistics:
  fps step                    : 16,610
  fps step + policy inference : 16,379
  fps total                   : 15,373
  epoch                       : 1,555 / 2,000
  frames                      : 254,771,200


Policy 0: 
Timing:
  Play time               : 10.074 s
  Update time             : 0.661 s
  Time to train epoch     : 10.736 s


Statistics:
  fps step                    : 16,489
  fps step + policy inference : 16,263
  fps total                   : 15,261
  epoch                       : 1,556 / 2,000
  frames                      : 254,935,040


Policy 0: 
Timing:
  Play time               : 10.039 s
  Update time             : 0.662 s
  Time to train epoch     : 10.701 s


Statistics:
  fps step                    : 16,547
  fps step + policy inference : 16,320
  fps total                   : 15,311
  epoch                       : 1,557 / 2,000
  frames                      : 255,098,880


Policy 0: 
Timing:
  Play time               : 9.982 s
  Update time             : 0.640 s
  Time to train epoch     : 10.622 s


Statistics:
  fps step                    : 16,643
  fps step + policy inference : 16,414
  fps total                   : 15,424
  epoch                       : 1,558 / 2,000
  frames                      : 255,262,720


Policy 0: 
Timing:
  Play time               : 10.037 s
  Update time             : 0.667 s
  Time to train epoch     : 10.704 s


Statistics:
  fps step                    : 16,553
  fps step + policy inference : 16,323
  fps total                   : 15,306
  epoch                       : 1,559 / 2,000
  frames                      : 255,426,560


Policy 0: 
Timing:
  Play time               : 9.984 s
  Update time             : 0.709 s
  Time to train epoch     : 10.694 s


Statistics:
  fps step                    : 16,640
  fps step + policy inference : 16,410
  fps total                   : 15,321
  epoch                       : 1,560 / 2,000
  frames                      : 255,590,400


Policy 0: 
Timing:
  Play time               : 9.996 s
  Update time             : 0.740 s
  Time to train epoch     : 10.737 s


Statistics:
  fps step                    : 16,618
  fps step + policy inference : 16,390
  fps total                   : 15,260
  epoch                       : 1,561 / 2,000
  frames                      : 255,754,240


Policy 0: 
Timing:
  Play time               : 10.005 s
  Update time             : 0.710 s
  Time to train epoch     : 10.714 s


Statistics:
  fps step                    : 16,601
  fps step + policy inference : 16,376
  fps total                   : 15,291
  epoch                       : 1,562 / 2,000
  frames                      : 255,918,080


Policy 0: 
Timing:
  Play time               : 10.255 s
  Update time             : 0.713 s
  Time to train epoch     : 10.968 s


Statistics:
  fps step                    : 16,497
  fps step + policy inference : 15,976
  fps total                   : 14,937
  epoch                       : 1,563 / 2,000
  frames                      : 256,081,920


Policy 0: 
Timing:
  Play time               : 9.899 s
  Update time             : 0.679 s
  Time to train epoch     : 10.578 s


Statistics:
  fps step                    : 16,788
  fps step + policy inference : 16,552
  fps total                   : 15,489
  epoch                       : 1,564 / 2,000
  frames                      : 256,245,760


Policy 0: 
Timing:
  Play time               : 10.043 s
  Update time             : 0.657 s
  Time to train epoch     : 10.699 s


Statistics:
  fps step                    : 16,552
  fps step + policy inference : 16,314
  fps total                   : 15,313
  epoch                       : 1,565 / 2,000
  frames                      : 256,409,600


Policy 0: 
Timing:
  Play time               : 9.928 s
  Update time             : 0.685 s
  Time to train epoch     : 10.613 s


Statistics:
  fps step                    : 16,740
  fps step + policy inference : 16,503
  fps total                   : 15,438
  epoch                       : 1,566 / 2,000
  frames                      : 256,573,440


Policy 0: 
Timing:
  Play time               : 9.942 s
  Update time             : 0.635 s
  Time to train epoch     : 10.577 s


Statistics:
  fps step                    : 16,709
  fps step + policy inference : 16,479
  fps total                   : 15,490
  epoch                       : 1,567 / 2,000
  frames                      : 256,737,280


Policy 0: 
Timing:
  Play time               : 10.017 s
  Update time             : 0.685 s
  Time to train epoch     : 10.702 s


Statistics:
  fps step                    : 16,581
  fps step + policy inference : 16,356
  fps total                   : 15,309
  epoch                       : 1,568 / 2,000
  frames                      : 256,901,120


Policy 0: 
Timing:
  Play time               : 10.068 s
  Update time             : 0.765 s
  Time to train epoch     : 10.832 s


Statistics:
  fps step                    : 16,504
  fps step + policy inference : 16,274
  fps total                   : 15,125
  epoch                       : 1,569 / 2,000
  frames                      : 257,064,960


Policy 0: 
Timing:
  Play time               : 10.004 s
  Update time             : 0.758 s
  Time to train epoch     : 10.762 s


Statistics:
  fps step                    : 16,607
  fps step + policy inference : 16,378
  fps total                   : 15,225
  epoch                       : 1,570 / 2,000
  frames                      : 257,228,800


Policy 0: 
Timing:
  Play time               : 10.077 s
  Update time             : 0.697 s
  Time to train epoch     : 10.774 s


Statistics:
  fps step                    : 16,486
  fps step + policy inference : 16,258
  fps total                   : 15,206
  epoch                       : 1,571 / 2,000
  frames                      : 257,392,640


Policy 0: 
Timing:
  Play time               : 10.035 s
  Update time             : 0.664 s
  Time to train epoch     : 10.700 s


Statistics:
  fps step                    : 16,561
  fps step + policy inference : 16,326
  fps total                   : 15,313
  epoch                       : 1,572 / 2,000
  frames                      : 257,556,480


Policy 0: 
Timing:
  Play time               : 9.988 s
  Update time             : 0.673 s
  Time to train epoch     : 10.661 s


Statistics:
  fps step                    : 16,640
  fps step + policy inference : 16,404
  fps total                   : 15,369
  epoch                       : 1,573 / 2,000
  frames                      : 257,720,320


Policy 0: 
Timing:
  Play time               : 10.019 s
  Update time             : 0.663 s
  Time to train epoch     : 10.683 s


Statistics:
  fps step                    : 16,587
  fps step + policy inference : 16,352
  fps total                   : 15,337
  epoch                       : 1,574 / 2,000
  frames                      : 257,884,160


Policy 0: 
Timing:
  Play time               : 10.057 s
  Update time             : 0.699 s
  Time to train epoch     : 10.756 s


Statistics:
  fps step                    : 16,528
  fps step + policy inference : 16,291
  fps total                   : 15,232
  epoch                       : 1,575 / 2,000
  frames                      : 258,048,000


Policy 0: 
Timing:
  Play time               : 10.010 s
  Update time             : 0.730 s
  Time to train epoch     : 10.740 s


Statistics:
  fps step                    : 16,604
  fps step + policy inference : 16,368
  fps total                   : 15,256
  epoch                       : 1,576 / 2,000
  frames                      : 258,211,840


Policy 0: 
Timing:
  Play time               : 10.034 s
  Update time             : 0.795 s
  Time to train epoch     : 10.829 s


Statistics:
  fps step                    : 16,565
  fps step + policy inference : 16,329
  fps total                   : 15,130
  epoch                       : 1,577 / 2,000
  frames                      : 258,375,680


Policy 0: 
Timing:
  Play time               : 10.036 s
  Update time             : 0.738 s
  Time to train epoch     : 10.774 s


Statistics:
  fps step                    : 16,556
  fps step + policy inference : 16,325
  fps total                   : 15,207
  epoch                       : 1,578 / 2,000
  frames                      : 258,539,520


Policy 0: 
Timing:
  Play time               : 10.064 s
  Update time             : 0.669 s
  Time to train epoch     : 10.734 s


Statistics:
  fps step                    : 16,507
  fps step + policy inference : 16,279
  fps total                   : 15,264
  epoch                       : 1,579 / 2,000
  frames                      : 258,703,360


Policy 0: 
Timing:
  Play time               : 10.001 s
  Update time             : 0.648 s
  Time to train epoch     : 10.649 s


Statistics:
  fps step                    : 16,613
  fps step + policy inference : 16,383
  fps total                   : 15,385
  epoch                       : 1,580 / 2,000
  frames                      : 258,867,200


Policy 0: 
Timing:
  Play time               : 10.013 s
  Update time             : 0.636 s
  Time to train epoch     : 10.649 s


Statistics:
  fps step                    : 16,593
  fps step + policy inference : 16,363
  fps total                   : 15,386
  epoch                       : 1,581 / 2,000
  frames                      : 259,031,040


Policy 0: 
Timing:
  Play time               : 10.167 s
  Update time             : 0.717 s
  Time to train epoch     : 10.884 s


Statistics:
  fps step                    : 16,647
  fps step + policy inference : 16,115
  fps total                   : 15,053
  epoch                       : 1,582 / 2,000
  frames                      : 259,194,880


Policy 0: 
Timing:
  Play time               : 10.019 s
  Update time             : 0.710 s
  Time to train epoch     : 10.730 s


Statistics:
  fps step                    : 16,590
  fps step + policy inference : 16,352
  fps total                   : 15,270
  epoch                       : 1,583 / 2,000
  frames                      : 259,358,720


Policy 0: 
Timing:
  Play time               : 9.996 s
  Update time             : 0.742 s
  Time to train epoch     : 10.738 s


Statistics:
  fps step                    : 16,629
  fps step + policy inference : 16,390
  fps total                   : 15,258
  epoch                       : 1,584 / 2,000
  frames                      : 259,522,560


Policy 0: 
Timing:
  Play time               : 9.926 s
  Update time             : 0.779 s
  Time to train epoch     : 10.705 s


Statistics:
  fps step                    : 16,746
  fps step + policy inference : 16,506
  fps total                   : 15,305
  epoch                       : 1,585 / 2,000
  frames                      : 259,686,400


Policy 0: 
Timing:
  Play time               : 9.959 s
  Update time             : 0.708 s
  Time to train epoch     : 10.666 s


Statistics:
  fps step                    : 16,684
  fps step + policy inference : 16,452
  fps total                   : 15,360
  epoch                       : 1,586 / 2,000
  frames                      : 259,850,240


Policy 0: 
Timing:
  Play time               : 10.047 s
  Update time             : 0.651 s
  Time to train epoch     : 10.698 s


Statistics:
  fps step                    : 16,534
  fps step + policy inference : 16,307
  fps total                   : 15,315
  epoch                       : 1,587 / 2,000
  frames                      : 260,014,080


Policy 0: 
Timing:
  Play time               : 10.111 s
  Update time             : 0.731 s
  Time to train epoch     : 10.842 s


Statistics:
  fps step                    : 16,433
  fps step + policy inference : 16,204
  fps total                   : 15,112
  epoch                       : 1,588 / 2,000
  frames                      : 260,177,920


Policy 0: 
Timing:
  Play time               : 9.976 s
  Update time             : 0.658 s
  Time to train epoch     : 10.634 s


Statistics:
  fps step                    : 16,653
  fps step + policy inference : 16,423
  fps total                   : 15,407
  epoch                       : 1,589 / 2,000
  frames                      : 260,341,760


Policy 0: 
Timing:
  Play time               : 10.063 s
  Update time             : 0.672 s
  Time to train epoch     : 10.735 s


Statistics:
  fps step                    : 16,512
  fps step + policy inference : 16,281
  fps total                   : 15,263
  epoch                       : 1,590 / 2,000
  frames                      : 260,505,600


Policy 0: 
Timing:
  Play time               : 10.038 s
  Update time             : 0.681 s
  Time to train epoch     : 10.719 s


Statistics:
  fps step                    : 16,564
  fps step + policy inference : 16,323
  fps total                   : 15,286
  epoch                       : 1,591 / 2,000
  frames                      : 260,669,440


Policy 0: 
Timing:
  Play time               : 9.954 s
  Update time             : 0.706 s
  Time to train epoch     : 10.660 s


Statistics:
  fps step                    : 16,695
  fps step + policy inference : 16,460
  fps total                   : 15,370
  epoch                       : 1,592 / 2,000
  frames                      : 260,833,280


Policy 0: 
Timing:
  Play time               : 9.994 s
  Update time             : 0.791 s
  Time to train epoch     : 10.785 s


Statistics:
  fps step                    : 16,627
  fps step + policy inference : 16,394
  fps total                   : 15,192
  epoch                       : 1,593 / 2,000
  frames                      : 260,997,120


Policy 0: 
Timing:
  Play time               : 9.986 s
  Update time             : 0.743 s
  Time to train epoch     : 10.729 s


Statistics:
  fps step                    : 16,641
  fps step + policy inference : 16,407
  fps total                   : 15,271
  epoch                       : 1,594 / 2,000
  frames                      : 261,160,960


Policy 0: 
Timing:
  Play time               : 9.983 s
  Update time             : 0.678 s
  Time to train epoch     : 10.661 s


Statistics:
  fps step                    : 16,646
  fps step + policy inference : 16,412
  fps total                   : 15,369
  epoch                       : 1,595 / 2,000
  frames                      : 261,324,800


Policy 0: 
Timing:
  Play time               : 9.977 s
  Update time             : 0.655 s
  Time to train epoch     : 10.632 s


Statistics:
  fps step                    : 16,655
  fps step + policy inference : 16,422
  fps total                   : 15,410
  epoch                       : 1,596 / 2,000
  frames                      : 261,488,640


Policy 0: 
Timing:
  Play time               : 10.050 s
  Update time             : 0.660 s
  Time to train epoch     : 10.709 s


Statistics:
  fps step                    : 16,532
  fps step + policy inference : 16,303
  fps total                   : 15,299
  epoch                       : 1,597 / 2,000
  frames                      : 261,652,480


Policy 0: 
Timing:
  Play time               : 10.058 s
  Update time             : 0.649 s
  Time to train epoch     : 10.708 s


Statistics:
  fps step                    : 16,519
  fps step + policy inference : 16,289
  fps total                   : 15,301
  epoch                       : 1,598 / 2,000
  frames                      : 261,816,320


Policy 0: 
Timing:
  Play time               : 9.947 s
  Update time             : 0.654 s
  Time to train epoch     : 10.601 s


Statistics:
  fps step                    : 16,703
  fps step + policy inference : 16,471
  fps total                   : 15,456
  epoch                       : 1,599 / 2,000
  frames                      : 261,980,160


Policy 0: 
Timing:
  Play time               : 10.181 s
  Update time             : 0.706 s
  Time to train epoch     : 10.888 s


Statistics:
  fps step                    : 16,610
  fps step + policy inference : 16,092
  fps total                   : 15,048
  epoch                       : 1,600 / 2,000
  frames                      : 262,144,000


Policy 0: 
Timing:
  Play time               : 10.180 s
  Update time             : 0.866 s
  Time to train epoch     : 11.045 s


Statistics:
  fps step                    : 16,329
  fps step + policy inference : 16,095
  fps total                   : 14,834
  epoch                       : 1,601 / 2,000
  frames                      : 262,307,840


Policy 0: 
Timing:
  Play time               : 10.064 s
  Update time             : 0.751 s
  Time to train epoch     : 10.816 s


Statistics:
  fps step                    : 16,515
  fps step + policy inference : 16,279
  fps total                   : 15,149
  epoch                       : 1,602 / 2,000
  frames                      : 262,471,680


Policy 0: 
Timing:
  Play time               : 10.104 s
  Update time             : 0.724 s
  Time to train epoch     : 10.829 s


Statistics:
  fps step                    : 16,448
  fps step + policy inference : 16,215
  fps total                   : 15,130
  epoch                       : 1,603 / 2,000
  frames                      : 262,635,520


Policy 0: 
Timing:
  Play time               : 10.206 s
  Update time             : 0.676 s
  Time to train epoch     : 10.881 s


Statistics:
  fps step                    : 16,276
  fps step + policy inference : 16,054
  fps total                   : 15,057
  epoch                       : 1,604 / 2,000
  frames                      : 262,799,360


Policy 0: 
Timing:
  Play time               : 9.981 s
  Update time             : 0.624 s
  Time to train epoch     : 10.606 s


Statistics:
  fps step                    : 16,644
  fps step + policy inference : 16,415
  fps total                   : 15,449
  epoch                       : 1,605 / 2,000
  frames                      : 262,963,200


Policy 0: 
Timing:
  Play time               : 10.089 s
  Update time             : 0.658 s
  Time to train epoch     : 10.747 s


Statistics:
  fps step                    : 16,467
  fps step + policy inference : 16,240
  fps total                   : 15,245
  epoch                       : 1,606 / 2,000
  frames                      : 263,127,040


Policy 0: 
Timing:
  Play time               : 10.005 s
  Update time             : 0.702 s
  Time to train epoch     : 10.707 s


Statistics:
  fps step                    : 16,607
  fps step + policy inference : 16,375
  fps total                   : 15,302
  epoch                       : 1,607 / 2,000
  frames                      : 263,290,880


Policy 0: 
Timing:
  Play time               : 10.006 s
  Update time             : 0.704 s
  Time to train epoch     : 10.710 s


Statistics:
  fps step                    : 16,608
  fps step + policy inference : 16,375
  fps total                   : 15,298
  epoch                       : 1,608 / 2,000
  frames                      : 263,454,720


Policy 0: 
Timing:
  Play time               : 10.020 s
  Update time             : 0.762 s
  Time to train epoch     : 10.782 s


Statistics:
  fps step                    : 16,578
  fps step + policy inference : 16,351
  fps total                   : 15,195
  epoch                       : 1,609 / 2,000
  frames                      : 263,618,560


Policy 0: 
Timing:
  Play time               : 10.022 s
  Update time             : 0.792 s
  Time to train epoch     : 10.815 s


Statistics:
  fps step                    : 16,582
  fps step + policy inference : 16,347
  fps total                   : 15,150
  epoch                       : 1,610 / 2,000
  frames                      : 263,782,400


Policy 0: 
Timing:
  Play time               : 9.991 s
  Update time             : 0.756 s
  Time to train epoch     : 10.747 s


Statistics:
  fps step                    : 16,629
  fps step + policy inference : 16,398
  fps total                   : 15,245
  epoch                       : 1,611 / 2,000
  frames                      : 263,946,240


Policy 0: 
Timing:
  Play time               : 10.071 s
  Update time             : 0.667 s
  Time to train epoch     : 10.738 s


Statistics:
  fps step                    : 16,496
  fps step + policy inference : 16,269
  fps total                   : 15,258
  epoch                       : 1,612 / 2,000
  frames                      : 264,110,080


Policy 0: 
Timing:
  Play time               : 10.059 s
  Update time             : 0.676 s
  Time to train epoch     : 10.736 s


Statistics:
  fps step                    : 16,515
  fps step + policy inference : 16,288
  fps total                   : 15,261
  epoch                       : 1,613 / 2,000
  frames                      : 264,273,920


Policy 0: 
Timing:
  Play time               : 9.969 s
  Update time             : 0.681 s
  Time to train epoch     : 10.650 s


Statistics:
  fps step                    : 16,656
  fps step + policy inference : 16,435
  fps total                   : 15,384
  epoch                       : 1,614 / 2,000
  frames                      : 264,437,760


Policy 0: 
Timing:
  Play time               : 9.992 s
  Update time             : 0.645 s
  Time to train epoch     : 10.638 s


Statistics:
  fps step                    : 16,620
  fps step + policy inference : 16,396
  fps total                   : 15,402
  epoch                       : 1,615 / 2,000
  frames                      : 264,601,600


Policy 0: 
Timing:
  Play time               : 10.056 s
  Update time             : 0.704 s
  Time to train epoch     : 10.760 s


Statistics:
  fps step                    : 16,516
  fps step + policy inference : 16,292
  fps total                   : 15,226
  epoch                       : 1,616 / 2,000
  frames                      : 264,765,440


Policy 0: 
Timing:
  Play time               : 9.993 s
  Update time             : 0.740 s
  Time to train epoch     : 10.733 s


Statistics:
  fps step                    : 16,645
  fps step + policy inference : 16,395
  fps total                   : 15,265
  epoch                       : 1,617 / 2,000
  frames                      : 264,929,280


Policy 0: 
Timing:
  Play time               : 9.944 s
  Update time             : 0.739 s
  Time to train epoch     : 10.684 s


Statistics:
  fps step                    : 16,712
  fps step + policy inference : 16,475
  fps total                   : 15,335
  epoch                       : 1,618 / 2,000
  frames                      : 265,093,120


Policy 0: 
Timing:
  Play time               : 10.256 s
  Update time             : 0.767 s
  Time to train epoch     : 11.023 s


Statistics:
  fps step                    : 16,488
  fps step + policy inference : 15,975
  fps total                   : 14,863
  epoch                       : 1,619 / 2,000
  frames                      : 265,256,960


Policy 0: 
Timing:
  Play time               : 9.823 s
  Update time             : 0.710 s
  Time to train epoch     : 10.533 s


Statistics:
  fps step                    : 16,911
  fps step + policy inference : 16,679
  fps total                   : 15,554
  epoch                       : 1,620 / 2,000
  frames                      : 265,420,800


Policy 0: 
Timing:
  Play time               : 10.036 s
  Update time             : 0.651 s
  Time to train epoch     : 10.687 s


Statistics:
  fps step                    : 16,556
  fps step + policy inference : 16,325
  fps total                   : 15,331
  epoch                       : 1,621 / 2,000
  frames                      : 265,584,640


Policy 0: 
Timing:
  Play time               : 9.993 s
  Update time             : 0.685 s
  Time to train epoch     : 10.678 s


Statistics:
  fps step                    : 16,632
  fps step + policy inference : 16,396
  fps total                   : 15,344
  epoch                       : 1,622 / 2,000
  frames                      : 265,748,480


Policy 0: 
Timing:
  Play time               : 9.943 s
  Update time             : 0.634 s
  Time to train epoch     : 10.577 s


Statistics:
  fps step                    : 16,702
  fps step + policy inference : 16,477
  fps total                   : 15,490
  epoch                       : 1,623 / 2,000
  frames                      : 265,912,320


Policy 0: 
Timing:
  Play time               : 9.954 s
  Update time             : 0.635 s
  Time to train epoch     : 10.588 s


Statistics:
  fps step                    : 16,682
  fps step + policy inference : 16,460
  fps total                   : 15,474
  epoch                       : 1,624 / 2,000
  frames                      : 266,076,160


Policy 0: 
Timing:
  Play time               : 10.041 s
  Update time             : 0.764 s
  Time to train epoch     : 10.805 s


Statistics:
  fps step                    : 16,544
  fps step + policy inference : 16,317
  fps total                   : 15,164
  epoch                       : 1,625 / 2,000
  frames                      : 266,240,000


Policy 0: 
Timing:
  Play time               : 9.915 s
  Update time             : 0.825 s
  Time to train epoch     : 10.740 s


Statistics:
  fps step                    : 16,750
  fps step + policy inference : 16,525
  fps total                   : 15,255
  epoch                       : 1,626 / 2,000
  frames                      : 266,403,840


Policy 0: 
Timing:
  Play time               : 9.998 s
  Update time             : 0.724 s
  Time to train epoch     : 10.722 s


Statistics:
  fps step                    : 16,618
  fps step + policy inference : 16,387
  fps total                   : 15,281
  epoch                       : 1,627 / 2,000
  frames                      : 266,567,680


Policy 0: 
Timing:
  Play time               : 10.023 s
  Update time             : 0.667 s
  Time to train epoch     : 10.690 s


Statistics:
  fps step                    : 16,568
  fps step + policy inference : 16,346
  fps total                   : 15,326
  epoch                       : 1,628 / 2,000
  frames                      : 266,731,520


Policy 0: 
Timing:
  Play time               : 10.023 s
  Update time             : 0.681 s
  Time to train epoch     : 10.704 s


Statistics:
  fps step                    : 16,576
  fps step + policy inference : 16,346
  fps total                   : 15,307
  epoch                       : 1,629 / 2,000
  frames                      : 266,895,360


Policy 0: 
Timing:
  Play time               : 10.001 s
  Update time             : 0.656 s
  Time to train epoch     : 10.658 s


Statistics:
  fps step                    : 16,605
  fps step + policy inference : 16,382
  fps total                   : 15,373
  epoch                       : 1,630 / 2,000
  frames                      : 267,059,200


Policy 0: 
Timing:
  Play time               : 10.026 s
  Update time             : 0.677 s
  Time to train epoch     : 10.703 s


Statistics:
  fps step                    : 16,565
  fps step + policy inference : 16,341
  fps total                   : 15,307
  epoch                       : 1,631 / 2,000
  frames                      : 267,223,040


Policy 0: 
Timing:
  Play time               : 10.008 s
  Update time             : 0.689 s
  Time to train epoch     : 10.696 s


Statistics:
  fps step                    : 16,596
  fps step + policy inference : 16,371
  fps total                   : 15,317
  epoch                       : 1,632 / 2,000
  frames                      : 267,386,880


Policy 0: 
Timing:
  Play time               : 9.971 s
  Update time             : 0.738 s
  Time to train epoch     : 10.709 s


Statistics:
  fps step                    : 16,657
  fps step + policy inference : 16,431
  fps total                   : 15,299
  epoch                       : 1,633 / 2,000
  frames                      : 267,550,720


Policy 0: 
Timing:
  Play time               : 10.066 s
  Update time             : 0.741 s
  Time to train epoch     : 10.807 s


Statistics:
  fps step                    : 16,498
  fps step + policy inference : 16,277
  fps total                   : 15,161
  epoch                       : 1,634 / 2,000
  frames                      : 267,714,560


Policy 0: 
Timing:
  Play time               : 10.068 s
  Update time             : 0.758 s
  Time to train epoch     : 10.826 s


Statistics:
  fps step                    : 16,496
  fps step + policy inference : 16,274
  fps total                   : 15,134
  epoch                       : 1,635 / 2,000
  frames                      : 267,878,400


Policy 0: 
Timing:
  Play time               : 10.014 s
  Update time             : 0.686 s
  Time to train epoch     : 10.700 s


Statistics:
  fps step                    : 16,579
  fps step + policy inference : 16,361
  fps total                   : 15,312
  epoch                       : 1,636 / 2,000
  frames                      : 268,042,240


Policy 0: 
Timing:
  Play time               : 9.958 s
  Update time             : 0.648 s
  Time to train epoch     : 10.606 s


Statistics:
  fps step                    : 16,672
  fps step + policy inference : 16,453
  fps total                   : 15,448
  epoch                       : 1,637 / 2,000
  frames                      : 268,206,080


Policy 0: 
Timing:
  Play time               : 10.244 s
  Update time             : 0.713 s
  Time to train epoch     : 10.957 s


Statistics:
  fps step                    : 16,507
  fps step + policy inference : 15,993
  fps total                   : 14,952
  epoch                       : 1,638 / 2,000
  frames                      : 268,369,920


Policy 0: 
Timing:
  Play time               : 9.936 s
  Update time             : 0.678 s
  Time to train epoch     : 10.614 s


Statistics:
  fps step                    : 16,716
  fps step + policy inference : 16,489
  fps total                   : 15,436
  epoch                       : 1,639 / 2,000
  frames                      : 268,533,760


Policy 0: 
Timing:
  Play time               : 10.058 s
  Update time             : 0.673 s
  Time to train epoch     : 10.731 s


Statistics:
  fps step                    : 16,515
  fps step + policy inference : 16,289
  fps total                   : 15,268
  epoch                       : 1,640 / 2,000
  frames                      : 268,697,600


Policy 0: 
Timing:
  Play time               : 10.004 s
  Update time             : 0.779 s
  Time to train epoch     : 10.784 s


Statistics:
  fps step                    : 16,606
  fps step + policy inference : 16,377
  fps total                   : 15,194
  epoch                       : 1,641 / 2,000
  frames                      : 268,861,440


Policy 0: 
Timing:
  Play time               : 9.935 s
  Update time             : 0.848 s
  Time to train epoch     : 10.783 s


Statistics:
  fps step                    : 16,721
  fps step + policy inference : 16,491
  fps total                   : 15,194
  epoch                       : 1,642 / 2,000
  frames                      : 269,025,280


Policy 0: 
Timing:
  Play time               : 10.295 s
  Update time             : 0.716 s
  Time to train epoch     : 11.011 s


Statistics:
  fps step                    : 16,123
  fps step + policy inference : 15,914
  fps total                   : 14,880
  epoch                       : 1,643 / 2,000
  frames                      : 269,189,120


Policy 0: 
Timing:
  Play time               : 10.199 s
  Update time             : 0.697 s
  Time to train epoch     : 10.895 s


Statistics:
  fps step                    : 16,288
  fps step + policy inference : 16,065
  fps total                   : 15,038
  epoch                       : 1,644 / 2,000
  frames                      : 269,352,960


Policy 0: 
Timing:
  Play time               : 10.115 s
  Update time             : 0.656 s
  Time to train epoch     : 10.771 s


Statistics:
  fps step                    : 16,413
  fps step + policy inference : 16,197
  fps total                   : 15,211
  epoch                       : 1,645 / 2,000
  frames                      : 269,516,800


Policy 0: 
Timing:
  Play time               : 10.076 s
  Update time             : 0.663 s
  Time to train epoch     : 10.739 s


Statistics:
  fps step                    : 16,481
  fps step + policy inference : 16,261
  fps total                   : 15,257
  epoch                       : 1,646 / 2,000
  frames                      : 269,680,640


Policy 0: 
Timing:
  Play time               : 10.084 s
  Update time             : 0.736 s
  Time to train epoch     : 10.821 s


Statistics:
  fps step                    : 16,466
  fps step + policy inference : 16,247
  fps total                   : 15,142
  epoch                       : 1,647 / 2,000
  frames                      : 269,844,480


Policy 0: 
Timing:
  Play time               : 10.008 s
  Update time             : 0.753 s
  Time to train epoch     : 10.761 s


Statistics:
  fps step                    : 16,593
  fps step + policy inference : 16,370
  fps total                   : 15,225
  epoch                       : 1,648 / 2,000
  frames                      : 270,008,320


Policy 0: 
Timing:
  Play time               : 10.015 s
  Update time             : 0.752 s
  Time to train epoch     : 10.767 s


Statistics:
  fps step                    : 16,585
  fps step + policy inference : 16,360
  fps total                   : 15,217
  epoch                       : 1,649 / 2,000
  frames                      : 270,172,160


Policy 0: 
Timing:
  Play time               : 10.103 s
  Update time             : 0.756 s
  Time to train epoch     : 10.858 s


Statistics:
  fps step                    : 16,441
  fps step + policy inference : 16,217
  fps total                   : 15,089
  epoch                       : 1,650 / 2,000
  frames                      : 270,336,000


Policy 0: 
Timing:
  Play time               : 10.021 s
  Update time             : 0.654 s
  Time to train epoch     : 10.675 s


Statistics:
  fps step                    : 16,572
  fps step + policy inference : 16,350
  fps total                   : 15,348
  epoch                       : 1,651 / 2,000
  frames                      : 270,499,840


Policy 0: 
Timing:
  Play time               : 10.291 s
  Update time             : 0.713 s
  Time to train epoch     : 11.004 s


Statistics:
  fps step                    : 16,140
  fps step + policy inference : 15,921
  fps total                   : 14,889
  epoch                       : 1,652 / 2,000
  frames                      : 270,663,680


Policy 0: 
Timing:
  Play time               : 10.262 s
  Update time             : 0.657 s
  Time to train epoch     : 10.919 s


Statistics:
  fps step                    : 16,274
  fps step + policy inference : 15,966
  fps total                   : 15,005
  epoch                       : 1,653 / 2,000
  frames                      : 270,827,520


Policy 0: 
Timing:
  Play time               : 10.230 s
  Update time             : 0.653 s
  Time to train epoch     : 10.883 s


Statistics:
  fps step                    : 16,230
  fps step + policy inference : 16,016
  fps total                   : 15,055
  epoch                       : 1,654 / 2,000
  frames                      : 270,991,360


Policy 0: 
Timing:
  Play time               : 10.120 s
  Update time             : 0.645 s
  Time to train epoch     : 10.765 s


Statistics:
  fps step                    : 16,408
  fps step + policy inference : 16,190
  fps total                   : 15,220
  epoch                       : 1,655 / 2,000
  frames                      : 271,155,200


Policy 0: 
Timing:
  Play time               : 9.988 s
  Update time             : 0.673 s
  Time to train epoch     : 10.661 s


Statistics:
  fps step                    : 16,623
  fps step + policy inference : 16,404
  fps total                   : 15,369
  epoch                       : 1,656 / 2,000
  frames                      : 271,319,040


Policy 0: 
Timing:
  Play time               : 10.212 s
  Update time             : 0.793 s
  Time to train epoch     : 11.006 s


Statistics:
  fps step                    : 16,563
  fps step + policy inference : 16,043
  fps total                   : 14,887
  epoch                       : 1,657 / 2,000
  frames                      : 271,482,880


Policy 0: 
Timing:
  Play time               : 10.025 s
  Update time             : 0.770 s
  Time to train epoch     : 10.795 s


Statistics:
  fps step                    : 16,569
  fps step + policy inference : 16,343
  fps total                   : 15,177
  epoch                       : 1,658 / 2,000
  frames                      : 271,646,720


Policy 0: 
Timing:
  Play time               : 10.055 s
  Update time             : 0.737 s
  Time to train epoch     : 10.792 s


Statistics:
  fps step                    : 16,527
  fps step + policy inference : 16,295
  fps total                   : 15,182
  epoch                       : 1,659 / 2,000
  frames                      : 271,810,560


Policy 0: 
Timing:
  Play time               : 9.923 s
  Update time             : 0.703 s
  Time to train epoch     : 10.625 s


Statistics:
  fps step                    : 16,745
  fps step + policy inference : 16,512
  fps total                   : 15,420
  epoch                       : 1,660 / 2,000
  frames                      : 271,974,400


Policy 0: 
Timing:
  Play time               : 9.871 s
  Update time             : 0.658 s
  Time to train epoch     : 10.529 s


Statistics:
  fps step                    : 16,822
  fps step + policy inference : 16,598
  fps total                   : 15,561
  epoch                       : 1,661 / 2,000
  frames                      : 272,138,240


Policy 0: 
Timing:
  Play time               : 10.019 s
  Update time             : 0.650 s
  Time to train epoch     : 10.668 s


Statistics:
  fps step                    : 16,575
  fps step + policy inference : 16,353
  fps total                   : 15,357
  epoch                       : 1,662 / 2,000
  frames                      : 272,302,080


Policy 0: 
Timing:
  Play time               : 10.052 s
  Update time             : 0.692 s
  Time to train epoch     : 10.744 s


Statistics:
  fps step                    : 16,523
  fps step + policy inference : 16,299
  fps total                   : 15,249
  epoch                       : 1,663 / 2,000
  frames                      : 272,465,920


Policy 0: 
Timing:
  Play time               : 9.967 s
  Update time             : 0.666 s
  Time to train epoch     : 10.632 s


Statistics:
  fps step                    : 16,662
  fps step + policy inference : 16,438
  fps total                   : 15,410
  epoch                       : 1,664 / 2,000
  frames                      : 272,629,760


Policy 0: 
Timing:
  Play time               : 10.120 s
  Update time             : 0.702 s
  Time to train epoch     : 10.823 s


Statistics:
  fps step                    : 16,415
  fps step + policy inference : 16,189
  fps total                   : 15,139
  epoch                       : 1,665 / 2,000
  frames                      : 272,793,600


Policy 0: 
Timing:
  Play time               : 10.195 s
  Update time             : 0.774 s
  Time to train epoch     : 10.969 s


Statistics:
  fps step                    : 16,290
  fps step + policy inference : 16,070
  fps total                   : 14,937
  epoch                       : 1,666 / 2,000
  frames                      : 272,957,440


Policy 0: 
Timing:
  Play time               : 9.982 s
  Update time             : 0.774 s
  Time to train epoch     : 10.756 s


Statistics:
  fps step                    : 16,636
  fps step + policy inference : 16,413
  fps total                   : 15,232
  epoch                       : 1,667 / 2,000
  frames                      : 273,121,280


Policy 0: 
Timing:
  Play time               : 10.276 s
  Update time             : 0.722 s
  Time to train epoch     : 10.998 s


Statistics:
  fps step                    : 16,157
  fps step + policy inference : 15,944
  fps total                   : 14,897
  epoch                       : 1,668 / 2,000
  frames                      : 273,285,120


Policy 0: 
Timing:
  Play time               : 10.104 s
  Update time             : 0.695 s
  Time to train epoch     : 10.799 s


Statistics:
  fps step                    : 16,436
  fps step + policy inference : 16,215
  fps total                   : 15,171
  epoch                       : 1,669 / 2,000
  frames                      : 273,448,960


Policy 0: 
Timing:
  Play time               : 10.205 s
  Update time             : 0.662 s
  Time to train epoch     : 10.867 s


Statistics:
  fps step                    : 16,271
  fps step + policy inference : 16,055
  fps total                   : 15,077
  epoch                       : 1,670 / 2,000
  frames                      : 273,612,800


Policy 0: 
Timing:
  Play time               : 10.005 s
  Update time             : 0.652 s
  Time to train epoch     : 10.657 s


Statistics:
  fps step                    : 16,600
  fps step + policy inference : 16,376
  fps total                   : 15,374
  epoch                       : 1,671 / 2,000
  frames                      : 273,776,640


Policy 0: 
Timing:
  Play time               : 10.028 s
  Update time             : 0.657 s
  Time to train epoch     : 10.685 s


Statistics:
  fps step                    : 16,560
  fps step + policy inference : 16,339
  fps total                   : 15,334
  epoch                       : 1,672 / 2,000
  frames                      : 273,940,480


Policy 0: 
Timing:
  Play time               : 10.068 s
  Update time             : 0.766 s
  Time to train epoch     : 10.834 s


Statistics:
  fps step                    : 16,498
  fps step + policy inference : 16,273
  fps total                   : 15,123
  epoch                       : 1,673 / 2,000
  frames                      : 274,104,320


Policy 0: 
Timing:
  Play time               : 9.972 s
  Update time             : 0.770 s
  Time to train epoch     : 10.741 s


Statistics:
  fps step                    : 16,653
  fps step + policy inference : 16,431
  fps total                   : 15,253
  epoch                       : 1,674 / 2,000
  frames                      : 274,268,160


Policy 0: 
Timing:
  Play time               : 10.283 s
  Update time             : 0.709 s
  Time to train epoch     : 10.991 s


Statistics:
  fps step                    : 16,633
  fps step + policy inference : 15,934
  fps total                   : 14,906
  epoch                       : 1,675 / 2,000
  frames                      : 274,432,000


Policy 0: 
Timing:
  Play time               : 9.922 s
  Update time             : 0.734 s
  Time to train epoch     : 10.657 s


Statistics:
  fps step                    : 16,757
  fps step + policy inference : 16,512
  fps total                   : 15,375
  epoch                       : 1,676 / 2,000
  frames                      : 274,595,840


Policy 0: 
Timing:
  Play time               : 10.068 s
  Update time             : 0.703 s
  Time to train epoch     : 10.771 s


Statistics:
  fps step                    : 16,506
  fps step + policy inference : 16,274
  fps total                   : 15,211
  epoch                       : 1,677 / 2,000
  frames                      : 274,759,680


Policy 0: 
Timing:
  Play time               : 10.028 s
  Update time             : 0.699 s
  Time to train epoch     : 10.726 s


Statistics:
  fps step                    : 16,574
  fps step + policy inference : 16,339
  fps total                   : 15,274
  epoch                       : 1,678 / 2,000
  frames                      : 274,923,520


Policy 0: 
Timing:
  Play time               : 9.907 s
  Update time             : 0.670 s
  Time to train epoch     : 10.577 s


Statistics:
  fps step                    : 16,767
  fps step + policy inference : 16,537
  fps total                   : 15,490
  epoch                       : 1,679 / 2,000
  frames                      : 275,087,360


Policy 0: 
Timing:
  Play time               : 9.849 s
  Update time             : 0.695 s
  Time to train epoch     : 10.544 s


Statistics:
  fps step                    : 16,860
  fps step + policy inference : 16,636
  fps total                   : 15,539
  epoch                       : 1,680 / 2,000
  frames                      : 275,251,200


Policy 0: 
Timing:
  Play time               : 10.064 s
  Update time             : 0.804 s
  Time to train epoch     : 10.867 s


Statistics:
  fps step                    : 16,505
  fps step + policy inference : 16,280
  fps total                   : 15,076
  epoch                       : 1,681 / 2,000
  frames                      : 275,415,040


Policy 0: 
Timing:
  Play time               : 9.945 s
  Update time             : 0.778 s
  Time to train epoch     : 10.723 s


Statistics:
  fps step                    : 16,705
  fps step + policy inference : 16,475
  fps total                   : 15,279
  epoch                       : 1,682 / 2,000
  frames                      : 275,578,880


Policy 0: 
Timing:
  Play time               : 9.964 s
  Update time             : 0.699 s
  Time to train epoch     : 10.663 s


Statistics:
  fps step                    : 16,672
  fps step + policy inference : 16,443
  fps total                   : 15,366
  epoch                       : 1,683 / 2,000
  frames                      : 275,742,720


Policy 0: 
Timing:
  Play time               : 10.127 s
  Update time             : 0.670 s
  Time to train epoch     : 10.797 s


Statistics:
  fps step                    : 16,407
  fps step + policy inference : 16,178
  fps total                   : 15,175
  epoch                       : 1,684 / 2,000
  frames                      : 275,906,560


Policy 0: 
Timing:
  Play time               : 10.078 s
  Update time             : 0.684 s
  Time to train epoch     : 10.762 s


Statistics:
  fps step                    : 16,490
  fps step + policy inference : 16,258
  fps total                   : 15,224
  epoch                       : 1,685 / 2,000
  frames                      : 276,070,400


Policy 0: 
Timing:
  Play time               : 10.018 s
  Update time             : 0.679 s
  Time to train epoch     : 10.697 s


Statistics:
  fps step                    : 16,586
  fps step + policy inference : 16,354
  fps total                   : 15,317
  epoch                       : 1,686 / 2,000
  frames                      : 276,234,240


Policy 0: 
Timing:
  Play time               : 10.050 s
  Update time             : 0.674 s
  Time to train epoch     : 10.723 s


Statistics:
  fps step                    : 16,531
  fps step + policy inference : 16,303
  fps total                   : 15,279
  epoch                       : 1,687 / 2,000
  frames                      : 276,398,080


Policy 0: 
Timing:
  Play time               : 10.170 s
  Update time             : 0.695 s
  Time to train epoch     : 10.865 s


Statistics:
  fps step                    : 16,332
  fps step + policy inference : 16,111
  fps total                   : 15,080
  epoch                       : 1,688 / 2,000
  frames                      : 276,561,920


Policy 0: 
Timing:
  Play time               : 10.150 s
  Update time             : 0.715 s
  Time to train epoch     : 10.865 s


Statistics:
  fps step                    : 16,362
  fps step + policy inference : 16,142
  fps total                   : 15,079
  epoch                       : 1,689 / 2,000
  frames                      : 276,725,760


Policy 0: 
Timing:
  Play time               : 10.024 s
  Update time             : 0.735 s
  Time to train epoch     : 10.760 s


Statistics:
  fps step                    : 16,576
  fps step + policy inference : 16,344
  fps total                   : 15,227
  epoch                       : 1,690 / 2,000
  frames                      : 276,889,600


Policy 0: 
Timing:
  Play time               : 10.066 s
  Update time             : 0.751 s
  Time to train epoch     : 10.817 s


Statistics:
  fps step                    : 16,514
  fps step + policy inference : 16,277
  fps total                   : 15,146
  epoch                       : 1,691 / 2,000
  frames                      : 277,053,440


Policy 0: 
Timing:
  Play time               : 10.029 s
  Update time             : 0.730 s
  Time to train epoch     : 10.759 s


Statistics:
  fps step                    : 16,566
  fps step + policy inference : 16,337
  fps total                   : 15,228
  epoch                       : 1,692 / 2,000
  frames                      : 277,217,280


Policy 0: 
Timing:
  Play time               : 10.023 s
  Update time             : 0.665 s
  Time to train epoch     : 10.688 s


Statistics:
  fps step                    : 16,567
  fps step + policy inference : 16,346
  fps total                   : 15,329
  epoch                       : 1,693 / 2,000
  frames                      : 277,381,120


Policy 0: 
Timing:
  Play time               : 10.345 s
  Update time             : 0.694 s
  Time to train epoch     : 11.039 s


Statistics:
  fps step                    : 16,341
  fps step + policy inference : 15,838
  fps total                   : 14,842
  epoch                       : 1,694 / 2,000
  frames                      : 277,544,960


Policy 0: 
Timing:
  Play time               : 9.929 s
  Update time             : 0.692 s
  Time to train epoch     : 10.622 s


Statistics:
  fps step                    : 16,737
  fps step + policy inference : 16,501
  fps total                   : 15,425
  epoch                       : 1,695 / 2,000
  frames                      : 277,708,800


Policy 0: 
Timing:
  Play time               : 10.089 s
  Update time             : 0.681 s
  Time to train epoch     : 10.770 s


Statistics:
  fps step                    : 16,470
  fps step + policy inference : 16,240
  fps total                   : 15,213
  epoch                       : 1,696 / 2,000
  frames                      : 277,872,640


Policy 0: 
Timing:
  Play time               : 10.098 s
  Update time             : 0.800 s
  Time to train epoch     : 10.898 s


Statistics:
  fps step                    : 16,461
  fps step + policy inference : 16,225
  fps total                   : 15,034
  epoch                       : 1,697 / 2,000
  frames                      : 278,036,480


Policy 0: 
Timing:
  Play time               : 9.967 s
  Update time             : 0.805 s
  Time to train epoch     : 10.772 s


Statistics:
  fps step                    : 16,666
  fps step + policy inference : 16,438
  fps total                   : 15,209
  epoch                       : 1,698 / 2,000
  frames                      : 278,200,320


Policy 0: 
Timing:
  Play time               : 9.948 s
  Update time             : 0.715 s
  Time to train epoch     : 10.664 s


Statistics:
  fps step                    : 16,691
  fps step + policy inference : 16,469
  fps total                   : 15,364
  epoch                       : 1,699 / 2,000
  frames                      : 278,364,160


Policy 0: 
Timing:
  Play time               : 10.110 s
  Update time             : 0.714 s
  Time to train epoch     : 10.824 s


Statistics:
  fps step                    : 16,435
  fps step + policy inference : 16,206
  fps total                   : 15,136
  epoch                       : 1,700 / 2,000
  frames                      : 278,528,000


Policy 0: 
Timing:
  Play time               : 9.978 s
  Update time             : 0.669 s
  Time to train epoch     : 10.646 s


Statistics:
  fps step                    : 16,651
  fps step + policy inference : 16,421
  fps total                   : 15,390
  epoch                       : 1,701 / 2,000
  frames                      : 278,691,840


Policy 0: 
Timing:
  Play time               : 10.038 s
  Update time             : 0.662 s
  Time to train epoch     : 10.700 s


Statistics:
  fps step                    : 16,550
  fps step + policy inference : 16,322
  fps total                   : 15,312
  epoch                       : 1,702 / 2,000
  frames                      : 278,855,680


Policy 0: 
Timing:
  Play time               : 10.004 s
  Update time             : 0.665 s
  Time to train epoch     : 10.669 s


Statistics:
  fps step                    : 16,625
  fps step + policy inference : 16,377
  fps total                   : 15,356
  epoch                       : 1,703 / 2,000
  frames                      : 279,019,520


Policy 0: 
Timing:
  Play time               : 9.999 s
  Update time             : 0.758 s
  Time to train epoch     : 10.757 s


Statistics:
  fps step                    : 16,618
  fps step + policy inference : 16,385
  fps total                   : 15,231
  epoch                       : 1,704 / 2,000
  frames                      : 279,183,360


Policy 0: 
Timing:
  Play time               : 10.037 s
  Update time             : 0.807 s
  Time to train epoch     : 10.844 s


Statistics:
  fps step                    : 16,555
  fps step + policy inference : 16,324
  fps total                   : 15,109
  epoch                       : 1,705 / 2,000
  frames                      : 279,347,200


Policy 0: 
Timing:
  Play time               : 10.040 s
  Update time             : 0.744 s
  Time to train epoch     : 10.784 s


Statistics:
  fps step                    : 16,553
  fps step + policy inference : 16,319
  fps total                   : 15,193
  epoch                       : 1,706 / 2,000
  frames                      : 279,511,040


Policy 0: 
Timing:
  Play time               : 10.180 s
  Update time             : 0.720 s
  Time to train epoch     : 10.900 s


Statistics:
  fps step                    : 16,323
  fps step + policy inference : 16,094
  fps total                   : 15,031
  epoch                       : 1,707 / 2,000
  frames                      : 279,674,880


Policy 0: 
Timing:
  Play time               : 10.081 s
  Update time             : 0.658 s
  Time to train epoch     : 10.740 s


Statistics:
  fps step                    : 16,484
  fps step + policy inference : 16,252
  fps total                   : 15,256
  epoch                       : 1,708 / 2,000
  frames                      : 279,838,720


Policy 0: 
Timing:
  Play time               : 10.046 s
  Update time             : 0.670 s
  Time to train epoch     : 10.716 s


Statistics:
  fps step                    : 16,538
  fps step + policy inference : 16,309
  fps total                   : 15,289
  epoch                       : 1,709 / 2,000
  frames                      : 280,002,560


Policy 0: 
Timing:
  Play time               : 10.020 s
  Update time             : 0.666 s
  Time to train epoch     : 10.685 s


Statistics:
  fps step                    : 16,589
  fps step + policy inference : 16,352
  fps total                   : 15,333
  epoch                       : 1,710 / 2,000
  frames                      : 280,166,400


Policy 0: 
Timing:
  Play time               : 9.938 s
  Update time             : 0.650 s
  Time to train epoch     : 10.588 s


Statistics:
  fps step                    : 16,721
  fps step + policy inference : 16,487
  fps total                   : 15,475
  epoch                       : 1,711 / 2,000
  frames                      : 280,330,240


Policy 0: 
Timing:
  Play time               : 9.963 s
  Update time             : 0.678 s
  Time to train epoch     : 10.641 s


Statistics:
  fps step                    : 16,671
  fps step + policy inference : 16,444
  fps total                   : 15,397
  epoch                       : 1,712 / 2,000
  frames                      : 280,494,080


Policy 0: 
Timing:
  Play time               : 10.246 s
  Update time             : 0.786 s
  Time to train epoch     : 11.032 s


Statistics:
  fps step                    : 16,516
  fps step + policy inference : 15,990
  fps total                   : 14,851
  epoch                       : 1,713 / 2,000
  frames                      : 280,657,920


Policy 0: 
Timing:
  Play time               : 9.940 s
  Update time             : 0.783 s
  Time to train epoch     : 10.723 s


Statistics:
  fps step                    : 16,723
  fps step + policy inference : 16,484
  fps total                   : 15,280
  epoch                       : 1,714 / 2,000
  frames                      : 280,821,760


Policy 0: 
Timing:
  Play time               : 10.090 s
  Update time             : 0.763 s
  Time to train epoch     : 10.853 s


Statistics:
  fps step                    : 16,491
  fps step + policy inference : 16,238
  fps total                   : 15,096
  epoch                       : 1,715 / 2,000
  frames                      : 280,985,600


Policy 0: 
Timing:
  Play time               : 10.021 s
  Update time             : 0.744 s
  Time to train epoch     : 10.766 s


Statistics:
  fps step                    : 16,590
  fps step + policy inference : 16,349
  fps total                   : 15,219
  epoch                       : 1,716 / 2,000
  frames                      : 281,149,440


Policy 0: 
Timing:
  Play time               : 9.948 s
  Update time             : 0.666 s
  Time to train epoch     : 10.614 s


Statistics:
  fps step                    : 16,700
  fps step + policy inference : 16,469
  fps total                   : 15,436
  epoch                       : 1,717 / 2,000
  frames                      : 281,313,280


Policy 0: 
Timing:
  Play time               : 10.006 s
  Update time             : 0.638 s
  Time to train epoch     : 10.644 s


Statistics:
  fps step                    : 16,604
  fps step + policy inference : 16,374
  fps total                   : 15,393
  epoch                       : 1,718 / 2,000
  frames                      : 281,477,120


Policy 0: 
Timing:
  Play time               : 10.089 s
  Update time             : 0.692 s
  Time to train epoch     : 10.780 s


Statistics:
  fps step                    : 16,477
  fps step + policy inference : 16,240
  fps total                   : 15,198
  epoch                       : 1,719 / 2,000
  frames                      : 281,640,960


Policy 0: 
Timing:
  Play time               : 9.939 s
  Update time             : 0.678 s
  Time to train epoch     : 10.617 s


Statistics:
  fps step                    : 16,718
  fps step + policy inference : 16,484
  fps total                   : 15,432
  epoch                       : 1,720 / 2,000
  frames                      : 281,804,800


Policy 0: 
Timing:
  Play time               : 10.053 s
  Update time             : 0.701 s
  Time to train epoch     : 10.753 s


Statistics:
  fps step                    : 16,530
  fps step + policy inference : 16,298
  fps total                   : 15,236
  epoch                       : 1,721 / 2,000
  frames                      : 281,968,640


Policy 0: 
Timing:
  Play time               : 10.086 s
  Update time             : 0.724 s
  Time to train epoch     : 10.810 s


Statistics:
  fps step                    : 16,476
  fps step + policy inference : 16,244
  fps total                   : 15,157
  epoch                       : 1,722 / 2,000
  frames                      : 282,132,480


Policy 0: 
Timing:
  Play time               : 10.132 s
  Update time             : 0.751 s
  Time to train epoch     : 10.884 s


Statistics:
  fps step                    : 16,399
  fps step + policy inference : 16,170
  fps total                   : 15,054
  epoch                       : 1,723 / 2,000
  frames                      : 282,296,320


Policy 0: 
Timing:
  Play time               : 10.205 s
  Update time             : 0.775 s
  Time to train epoch     : 10.980 s


Statistics:
  fps step                    : 16,277
  fps step + policy inference : 16,055
  fps total                   : 14,922
  epoch                       : 1,724 / 2,000
  frames                      : 282,460,160


Policy 0: 
Timing:
  Play time               : 10.146 s
  Update time             : 0.757 s
  Time to train epoch     : 10.902 s


Statistics:
  fps step                    : 16,376
  fps step + policy inference : 16,149
  fps total                   : 15,028
  epoch                       : 1,725 / 2,000
  frames                      : 282,624,000


Policy 0: 
Timing:
  Play time               : 10.069 s
  Update time             : 0.663 s
  Time to train epoch     : 10.732 s


Statistics:
  fps step                    : 16,498
  fps step + policy inference : 16,272
  fps total                   : 15,266
  epoch                       : 1,726 / 2,000
  frames                      : 282,787,840


Policy 0: 
Timing:
  Play time               : 10.116 s
  Update time             : 0.672 s
  Time to train epoch     : 10.788 s


Statistics:
  fps step                    : 16,420
  fps step + policy inference : 16,197
  fps total                   : 15,188
  epoch                       : 1,727 / 2,000
  frames                      : 282,951,680


Policy 0: 
Timing:
  Play time               : 10.069 s
  Update time             : 0.656 s
  Time to train epoch     : 10.726 s


Statistics:
  fps step                    : 16,498
  fps step + policy inference : 16,271
  fps total                   : 15,275
  epoch                       : 1,728 / 2,000
  frames                      : 283,115,520


Policy 0: 
Timing:
  Play time               : 10.033 s
  Update time             : 0.672 s
  Time to train epoch     : 10.705 s


Statistics:
  fps step                    : 16,561
  fps step + policy inference : 16,330
  fps total                   : 15,305
  epoch                       : 1,729 / 2,000
  frames                      : 283,279,360


Policy 0: 
Timing:
  Play time               : 10.037 s
  Update time             : 0.695 s
  Time to train epoch     : 10.733 s


Statistics:
  fps step                    : 16,563
  fps step + policy inference : 16,323
  fps total                   : 15,265
  epoch                       : 1,730 / 2,000
  frames                      : 283,443,200


Policy 0: 
Timing:
  Play time               : 9.998 s
  Update time             : 0.756 s
  Time to train epoch     : 10.754 s


Statistics:
  fps step                    : 16,612
  fps step + policy inference : 16,387
  fps total                   : 15,235
  epoch                       : 1,731 / 2,000
  frames                      : 283,607,040


Policy 0: 
Timing:
  Play time               : 10.203 s
  Update time             : 0.889 s
  Time to train epoch     : 11.092 s


Statistics:
  fps step                    : 16,578
  fps step + policy inference : 16,058
  fps total                   : 14,771
  epoch                       : 1,732 / 2,000
  frames                      : 283,770,880


Policy 0: 
Timing:
  Play time               : 10.035 s
  Update time             : 0.693 s
  Time to train epoch     : 10.728 s


Statistics:
  fps step                    : 16,561
  fps step + policy inference : 16,327
  fps total                   : 15,272
  epoch                       : 1,733 / 2,000
  frames                      : 283,934,720


Policy 0: 
Timing:
  Play time               : 10.058 s
  Update time             : 0.687 s
  Time to train epoch     : 10.745 s


Statistics:
  fps step                    : 16,531
  fps step + policy inference : 16,289
  fps total                   : 15,248
  epoch                       : 1,734 / 2,000
  frames                      : 284,098,560


Policy 0: 
Timing:
  Play time               : 9.915 s
  Update time             : 0.676 s
  Time to train epoch     : 10.591 s


Statistics:
  fps step                    : 16,766
  fps step + policy inference : 16,525
  fps total                   : 15,470
  epoch                       : 1,735 / 2,000
  frames                      : 284,262,400


Policy 0: 
Timing:
  Play time               : 9.914 s
  Update time             : 0.653 s
  Time to train epoch     : 10.567 s


Statistics:
  fps step                    : 16,760
  fps step + policy inference : 16,527
  fps total                   : 15,505
  epoch                       : 1,736 / 2,000
  frames                      : 284,426,240


Policy 0: 
Timing:
  Play time               : 10.059 s
  Update time             : 0.680 s
  Time to train epoch     : 10.740 s


Statistics:
  fps step                    : 16,524
  fps step + policy inference : 16,287
  fps total                   : 15,256
  epoch                       : 1,737 / 2,000
  frames                      : 284,590,080


Policy 0: 
Timing:
  Play time               : 10.086 s
  Update time             : 0.789 s
  Time to train epoch     : 10.876 s


Statistics:
  fps step                    : 16,479
  fps step + policy inference : 16,244
  fps total                   : 15,065
  epoch                       : 1,738 / 2,000
  frames                      : 284,753,920


Policy 0: 
Timing:
  Play time               : 9.948 s
  Update time             : 0.782 s
  Time to train epoch     : 10.730 s


Statistics:
  fps step                    : 16,705
  fps step + policy inference : 16,469
  fps total                   : 15,269
  epoch                       : 1,739 / 2,000
  frames                      : 284,917,760


Policy 0: 
Timing:
  Play time               : 10.094 s
  Update time             : 0.781 s
  Time to train epoch     : 10.875 s


Statistics:
  fps step                    : 16,464
  fps step + policy inference : 16,231
  fps total                   : 15,066
  epoch                       : 1,740 / 2,000
  frames                      : 285,081,600


Policy 0: 
Timing:
  Play time               : 10.066 s
  Update time             : 0.715 s
  Time to train epoch     : 10.781 s


Statistics:
  fps step                    : 16,511
  fps step + policy inference : 16,276
  fps total                   : 15,197
  epoch                       : 1,741 / 2,000
  frames                      : 285,245,440


Policy 0: 
Timing:
  Play time               : 9.949 s
  Update time             : 0.652 s
  Time to train epoch     : 10.601 s


Statistics:
  fps step                    : 16,710
  fps step + policy inference : 16,467
  fps total                   : 15,455
  epoch                       : 1,742 / 2,000
  frames                      : 285,409,280


Policy 0: 
Timing:
  Play time               : 10.084 s
  Update time             : 0.816 s
  Time to train epoch     : 10.900 s


Statistics:
  fps step                    : 16,480
  fps step + policy inference : 16,247
  fps total                   : 15,031
  epoch                       : 1,743 / 2,000
  frames                      : 285,573,120


Policy 0: 
Timing:
  Play time               : 10.159 s
  Update time             : 0.836 s
  Time to train epoch     : 10.996 s


Statistics:
  fps step                    : 16,386
  fps step + policy inference : 16,128
  fps total                   : 14,901
  epoch                       : 1,744 / 2,000
  frames                      : 285,736,960


Policy 0: 
Timing:
  Play time               : 9.974 s
  Update time             : 0.827 s
  Time to train epoch     : 10.801 s


Statistics:
  fps step                    : 16,658
  fps step + policy inference : 16,427
  fps total                   : 15,169
  epoch                       : 1,745 / 2,000
  frames                      : 285,900,800


Policy 0: 
Timing:
  Play time               : 10.004 s
  Update time             : 0.803 s
  Time to train epoch     : 10.807 s


Statistics:
  fps step                    : 16,606
  fps step + policy inference : 16,377
  fps total                   : 15,161
  epoch                       : 1,746 / 2,000
  frames                      : 286,064,640


Policy 0: 
Timing:
  Play time               : 10.033 s
  Update time             : 0.807 s
  Time to train epoch     : 10.840 s


Statistics:
  fps step                    : 16,562
  fps step + policy inference : 16,331
  fps total                   : 15,115
  epoch                       : 1,747 / 2,000
  frames                      : 286,228,480


Policy 0: 
Timing:
  Play time               : 10.079 s
  Update time             : 0.832 s
  Time to train epoch     : 10.910 s


Statistics:
  fps step                    : 16,490
  fps step + policy inference : 16,256
  fps total                   : 15,017
  epoch                       : 1,748 / 2,000
  frames                      : 286,392,320


Policy 0: 
Timing:
  Play time               : 9.997 s
  Update time             : 0.729 s
  Time to train epoch     : 10.726 s


Statistics:
  fps step                    : 16,621
  fps step + policy inference : 16,389
  fps total                   : 15,275
  epoch                       : 1,749 / 2,000
  frames                      : 286,556,160


Policy 0: 
Timing:
  Play time               : 10.261 s
  Update time             : 0.808 s
  Time to train epoch     : 11.069 s


Statistics:
  fps step                    : 16,475
  fps step + policy inference : 15,967
  fps total                   : 14,802
  epoch                       : 1,750 / 2,000
  frames                      : 286,720,000


Policy 0: Saved recovery checkpoint runs/hold_r11_dense1_seed2901/checkpoints/epoch_001750.pth; evaluation_due=False

Timing:
  Play time               : 9.990 s
  Update time             : 0.896 s
  Time to train epoch     : 10.886 s


Statistics:
  fps step                    : 16,649
  fps step + policy inference : 16,400
  fps total                   : 15,051
  epoch                       : 1,751 / 2,000
  frames                      : 286,883,840


Policy 0: 
Timing:
  Play time               : 10.194 s
  Update time             : 0.828 s
  Time to train epoch     : 11.022 s


Statistics:
  fps step                    : 16,304
  fps step + policy inference : 16,072
  fps total                   : 14,865
  epoch                       : 1,752 / 2,000
  frames                      : 287,047,680


Policy 0: 
Timing:
  Play time               : 10.080 s
  Update time             : 0.813 s
  Time to train epoch     : 10.892 s


Statistics:
  fps step                    : 16,500
  fps step + policy inference : 16,254
  fps total                   : 15,042
  epoch                       : 1,753 / 2,000
  frames                      : 287,211,520


Policy 0: 
Timing:
  Play time               : 9.973 s
  Update time             : 0.765 s
  Time to train epoch     : 10.738 s


Statistics:
  fps step                    : 16,663
  fps step + policy inference : 16,428
  fps total                   : 15,258
  epoch                       : 1,754 / 2,000
  frames                      : 287,375,360


Policy 0: 
Timing:
  Play time               : 9.900 s
  Update time             : 0.787 s
  Time to train epoch     : 10.687 s


Statistics:
  fps step                    : 16,780
  fps step + policy inference : 16,550
  fps total                   : 15,331
  epoch                       : 1,755 / 2,000
  frames                      : 287,539,200


Policy 0: 
Timing:
  Play time               : 10.096 s
  Update time             : 0.730 s
  Time to train epoch     : 10.827 s


Statistics:
  fps step                    : 16,460
  fps step + policy inference : 16,228
  fps total                   : 15,133
  epoch                       : 1,756 / 2,000
  frames                      : 287,703,040


Policy 0: 
Timing:
  Play time               : 10.024 s
  Update time             : 0.768 s
  Time to train epoch     : 10.792 s


Statistics:
  fps step                    : 16,585
  fps step + policy inference : 16,345
  fps total                   : 15,182
  epoch                       : 1,757 / 2,000
  frames                      : 287,866,880


Policy 0: 
Timing:
  Play time               : 9.990 s
  Update time             : 0.809 s
  Time to train epoch     : 10.799 s


Statistics:
  fps step                    : 16,634
  fps step + policy inference : 16,401
  fps total                   : 15,172
  epoch                       : 1,758 / 2,000
  frames                      : 288,030,720


Policy 0: 
Timing:
  Play time               : 10.123 s
  Update time             : 0.766 s
  Time to train epoch     : 10.890 s


Statistics:
  fps step                    : 16,418
  fps step + policy inference : 16,184
  fps total                   : 15,045
  epoch                       : 1,759 / 2,000
  frames                      : 288,194,560


Policy 0: 
Timing:
  Play time               : 10.102 s
  Update time             : 0.714 s
  Time to train epoch     : 10.816 s


Statistics:
  fps step                    : 16,455
  fps step + policy inference : 16,219
  fps total                   : 15,148
  epoch                       : 1,760 / 2,000
  frames                      : 288,358,400


Policy 0: 
Timing:
  Play time               : 10.014 s
  Update time             : 0.754 s
  Time to train epoch     : 10.769 s


Statistics:
  fps step                    : 16,594
  fps step + policy inference : 16,360
  fps total                   : 15,215
  epoch                       : 1,761 / 2,000
  frames                      : 288,522,240


Policy 0: 
Timing:
  Play time               : 10.069 s
  Update time             : 0.833 s
  Time to train epoch     : 10.902 s


Statistics:
  fps step                    : 16,503
  fps step + policy inference : 16,272
  fps total                   : 15,028
  epoch                       : 1,762 / 2,000
  frames                      : 288,686,080


Policy 0: 
Timing:
  Play time               : 10.203 s
  Update time             : 0.738 s
  Time to train epoch     : 10.942 s


Statistics:
  fps step                    : 16,282
  fps step + policy inference : 16,057
  fps total                   : 14,974
  epoch                       : 1,763 / 2,000
  frames                      : 288,849,920


Policy 0: 
Timing:
  Play time               : 10.243 s
  Update time             : 0.717 s
  Time to train epoch     : 10.960 s


Statistics:
  fps step                    : 16,220
  fps step + policy inference : 15,996
  fps total                   : 14,949
  epoch                       : 1,764 / 2,000
  frames                      : 289,013,760


Policy 0: 
Timing:
  Play time               : 10.030 s
  Update time             : 0.770 s
  Time to train epoch     : 10.799 s


Statistics:
  fps step                    : 16,564
  fps step + policy inference : 16,336
  fps total                   : 15,171
  epoch                       : 1,765 / 2,000
  frames                      : 289,177,600


Policy 0: 
Timing:
  Play time               : 10.023 s
  Update time             : 0.809 s
  Time to train epoch     : 10.832 s


Statistics:
  fps step                    : 16,577
  fps step + policy inference : 16,346
  fps total                   : 15,125
  epoch                       : 1,766 / 2,000
  frames                      : 289,341,440


Policy 0: 
Timing:
  Play time               : 9.963 s
  Update time             : 0.691 s
  Time to train epoch     : 10.655 s


Statistics:
  fps step                    : 16,678
  fps step + policy inference : 16,444
  fps total                   : 15,377
  epoch                       : 1,767 / 2,000
  frames                      : 289,505,280


Policy 0: 
Timing:
  Play time               : 9.952 s
  Update time             : 0.636 s
  Time to train epoch     : 10.589 s


Statistics:
  fps step                    : 16,689
  fps step + policy inference : 16,462
  fps total                   : 15,473
  epoch                       : 1,768 / 2,000
  frames                      : 289,669,120


Policy 0: 
Timing:
  Play time               : 10.329 s
  Update time             : 0.728 s
  Time to train epoch     : 11.057 s


Statistics:
  fps step                    : 16,370
  fps step + policy inference : 15,862
  fps total                   : 14,818
  epoch                       : 1,769 / 2,000
  frames                      : 289,832,960


Policy 0: 
Timing:
  Play time               : 9.928 s
  Update time             : 0.824 s
  Time to train epoch     : 10.752 s


Statistics:
  fps step                    : 16,739
  fps step + policy inference : 16,503
  fps total                   : 15,238
  epoch                       : 1,770 / 2,000
  frames                      : 289,996,800


Policy 0: 
Timing:
  Play time               : 10.078 s
  Update time             : 0.844 s
  Time to train epoch     : 10.922 s


Statistics:
  fps step                    : 16,485
  fps step + policy inference : 16,257
  fps total                   : 15,001
  epoch                       : 1,771 / 2,000
  frames                      : 290,160,640


Policy 0: 
Timing:
  Play time               : 10.014 s
  Update time             : 0.751 s
  Time to train epoch     : 10.766 s


Statistics:
  fps step                    : 16,601
  fps step + policy inference : 16,360
  fps total                   : 15,219
  epoch                       : 1,772 / 2,000
  frames                      : 290,324,480


Policy 0: 
Timing:
  Play time               : 9.925 s
  Update time             : 0.695 s
  Time to train epoch     : 10.620 s


Statistics:
  fps step                    : 16,738
  fps step + policy inference : 16,508
  fps total                   : 15,427
  epoch                       : 1,773 / 2,000
  frames                      : 290,488,320


Policy 0: 
Timing:
  Play time               : 9.891 s
  Update time             : 0.639 s
  Time to train epoch     : 10.530 s


Statistics:
  fps step                    : 16,795
  fps step + policy inference : 16,565
  fps total                   : 15,560
  epoch                       : 1,774 / 2,000
  frames                      : 290,652,160


Policy 0: 
Timing:
  Play time               : 10.133 s
  Update time             : 0.773 s
  Time to train epoch     : 10.905 s


Statistics:
  fps step                    : 16,404
  fps step + policy inference : 16,170
  fps total                   : 15,024
  epoch                       : 1,775 / 2,000
  frames                      : 290,816,000


Policy 0: 
Timing:
  Play time               : 9.970 s
  Update time             : 0.827 s
  Time to train epoch     : 10.797 s


Statistics:
  fps step                    : 16,664
  fps step + policy inference : 16,434
  fps total                   : 15,175
  epoch                       : 1,776 / 2,000
  frames                      : 290,979,840


Policy 0: 
Timing:
  Play time               : 10.030 s
  Update time             : 0.735 s
  Time to train epoch     : 10.764 s


Statistics:
  fps step                    : 16,564
  fps step + policy inference : 16,335
  fps total                   : 15,221
  epoch                       : 1,777 / 2,000
  frames                      : 291,143,680


Policy 0: 
Timing:
  Play time               : 10.052 s
  Update time             : 0.675 s
  Time to train epoch     : 10.726 s


Statistics:
  fps step                    : 16,523
  fps step + policy inference : 16,300
  fps total                   : 15,274
  epoch                       : 1,778 / 2,000
  frames                      : 291,307,520


Policy 0: 
Timing:
  Play time               : 10.016 s
  Update time             : 0.687 s
  Time to train epoch     : 10.704 s


Statistics:
  fps step                    : 16,593
  fps step + policy inference : 16,357
  fps total                   : 15,307
  epoch                       : 1,779 / 2,000
  frames                      : 291,471,360


Policy 0: 
Timing:
  Play time               : 10.037 s
  Update time             : 0.717 s
  Time to train epoch     : 10.754 s


Statistics:
  fps step                    : 16,554
  fps step + policy inference : 16,324
  fps total                   : 15,236
  epoch                       : 1,780 / 2,000
  frames                      : 291,635,200


Policy 0: 
Timing:
  Play time               : 10.041 s
  Update time             : 0.805 s
  Time to train epoch     : 10.846 s


Statistics:
  fps step                    : 16,548
  fps step + policy inference : 16,317
  fps total                   : 15,106
  epoch                       : 1,781 / 2,000
  frames                      : 291,799,040


Policy 0: 
Timing:
  Play time               : 10.048 s
  Update time             : 0.808 s
  Time to train epoch     : 10.856 s


Statistics:
  fps step                    : 16,539
  fps step + policy inference : 16,306
  fps total                   : 15,093
  epoch                       : 1,782 / 2,000
  frames                      : 291,962,880


Policy 0: 
Timing:
  Play time               : 9.954 s
  Update time             : 0.680 s
  Time to train epoch     : 10.633 s


Statistics:
  fps step                    : 16,691
  fps step + policy inference : 16,460
  fps total                   : 15,408
  epoch                       : 1,783 / 2,000
  frames                      : 292,126,720


Policy 0: 
Timing:
  Play time               : 10.051 s
  Update time             : 0.664 s
  Time to train epoch     : 10.715 s


Statistics:
  fps step                    : 16,525
  fps step + policy inference : 16,300
  fps total                   : 15,290
  epoch                       : 1,784 / 2,000
  frames                      : 292,290,560


Policy 0: 
Timing:
  Play time               : 10.014 s
  Update time             : 0.648 s
  Time to train epoch     : 10.662 s


Statistics:
  fps step                    : 16,590
  fps step + policy inference : 16,361
  fps total                   : 15,366
  epoch                       : 1,785 / 2,000
  frames                      : 292,454,400


Policy 0: 
Timing:
  Play time               : 9.969 s
  Update time             : 0.725 s
  Time to train epoch     : 10.695 s


Statistics:
  fps step                    : 16,664
  fps step + policy inference : 16,434
  fps total                   : 15,320
  epoch                       : 1,786 / 2,000
  frames                      : 292,618,240


Policy 0: 
Timing:
  Play time               : 9.969 s
  Update time             : 0.757 s
  Time to train epoch     : 10.726 s


Statistics:
  fps step                    : 16,660
  fps step + policy inference : 16,435
  fps total                   : 15,276
  epoch                       : 1,787 / 2,000
  frames                      : 292,782,080


Policy 0: 
Timing:
  Play time               : 10.275 s
  Update time             : 0.800 s
  Time to train epoch     : 11.075 s


Statistics:
  fps step                    : 16,466
  fps step + policy inference : 15,946
  fps total                   : 14,794
  epoch                       : 1,788 / 2,000
  frames                      : 292,945,920


Policy 0: 
Timing:
  Play time               : 9.950 s
  Update time             : 0.731 s
  Time to train epoch     : 10.681 s


Statistics:
  fps step                    : 16,703
  fps step + policy inference : 16,466
  fps total                   : 15,339
  epoch                       : 1,789 / 2,000
  frames                      : 293,109,760


Policy 0: 
Timing:
  Play time               : 10.142 s
  Update time             : 0.697 s
  Time to train epoch     : 10.840 s


Statistics:
  fps step                    : 16,386
  fps step + policy inference : 16,154
  fps total                   : 15,115
  epoch                       : 1,790 / 2,000
  frames                      : 293,273,600


Policy 0: 
Timing:
  Play time               : 10.134 s
  Update time             : 0.705 s
  Time to train epoch     : 10.839 s


Statistics:
  fps step                    : 16,409
  fps step + policy inference : 16,167
  fps total                   : 15,115
  epoch                       : 1,791 / 2,000
  frames                      : 293,437,440


Policy 0: 
Timing:
  Play time               : 10.011 s
  Update time             : 0.729 s
  Time to train epoch     : 10.741 s


Statistics:
  fps step                    : 16,592
  fps step + policy inference : 16,365
  fps total                   : 15,254
  epoch                       : 1,792 / 2,000
  frames                      : 293,601,280


Policy 0: 
Timing:
  Play time               : 10.051 s
  Update time             : 0.773 s
  Time to train epoch     : 10.824 s


Statistics:
  fps step                    : 16,527
  fps step + policy inference : 16,301
  fps total                   : 15,136
  epoch                       : 1,793 / 2,000
  frames                      : 293,765,120


Policy 0: 
Timing:
  Play time               : 10.154 s
  Update time             : 0.869 s
  Time to train epoch     : 11.023 s


Statistics:
  fps step                    : 16,364
  fps step + policy inference : 16,135
  fps total                   : 14,863
  epoch                       : 1,794 / 2,000
  frames                      : 293,928,960


Policy 0: 
Timing:
  Play time               : 10.000 s
  Update time             : 0.729 s
  Time to train epoch     : 10.729 s


Statistics:
  fps step                    : 16,617
  fps step + policy inference : 16,384
  fps total                   : 15,271
  epoch                       : 1,795 / 2,000
  frames                      : 294,092,800


Policy 0: 
Timing:
  Play time               : 10.095 s
  Update time             : 0.718 s
  Time to train epoch     : 10.813 s


Statistics:
  fps step                    : 16,460
  fps step + policy inference : 16,230
  fps total                   : 15,152
  epoch                       : 1,796 / 2,000
  frames                      : 294,256,640


Policy 0: 
Timing:
  Play time               : 10.113 s
  Update time             : 0.663 s
  Time to train epoch     : 10.775 s


Statistics:
  fps step                    : 16,427
  fps step + policy inference : 16,201
  fps total                   : 15,205
  epoch                       : 1,797 / 2,000
  frames                      : 294,420,480


Policy 0: 
Timing:
  Play time               : 10.033 s
  Update time             : 0.733 s
  Time to train epoch     : 10.766 s


Statistics:
  fps step                    : 16,557
  fps step + policy inference : 16,330
  fps total                   : 15,219
  epoch                       : 1,798 / 2,000
  frames                      : 294,584,320


Policy 0: 
Timing:
  Play time               : 10.109 s
  Update time             : 0.735 s
  Time to train epoch     : 10.843 s


Statistics:
  fps step                    : 16,431
  fps step + policy inference : 16,207
  fps total                   : 15,110
  epoch                       : 1,799 / 2,000
  frames                      : 294,748,160


Policy 0: 
Timing:
  Play time               : 10.107 s
  Update time             : 0.828 s
  Time to train epoch     : 10.935 s


Statistics:
  fps step                    : 16,439
  fps step + policy inference : 16,211
  fps total                   : 14,983
  epoch                       : 1,800 / 2,000
  frames                      : 294,912,000


Policy 0: 
Timing:
  Play time               : 10.024 s
  Update time             : 0.755 s
  Time to train epoch     : 10.779 s


Statistics:
  fps step                    : 16,573
  fps step + policy inference : 16,344
  fps total                   : 15,199
  epoch                       : 1,801 / 2,000
  frames                      : 295,075,840


Policy 0: 
Timing:
  Play time               : 9.997 s
  Update time             : 0.705 s
  Time to train epoch     : 10.701 s


Statistics:
  fps step                    : 16,620
  fps step + policy inference : 16,390
  fps total                   : 15,310
  epoch                       : 1,802 / 2,000
  frames                      : 295,239,680


Policy 0: 
Timing:
  Play time               : 10.035 s
  Update time             : 0.646 s
  Time to train epoch     : 10.681 s


Statistics:
  fps step                    : 16,553
  fps step + policy inference : 16,326
  fps total                   : 15,339
  epoch                       : 1,803 / 2,000
  frames                      : 295,403,520


Policy 0: 
Timing:
  Play time               : 10.024 s
  Update time             : 0.664 s
  Time to train epoch     : 10.688 s


Statistics:
  fps step                    : 16,573
  fps step + policy inference : 16,344
  fps total                   : 15,329
  epoch                       : 1,804 / 2,000
  frames                      : 295,567,360


Policy 0: 
Timing:
  Play time               : 9.973 s
  Update time             : 0.728 s
  Time to train epoch     : 10.700 s


Statistics:
  fps step                    : 16,658
  fps step + policy inference : 16,429
  fps total                   : 15,312
  epoch                       : 1,805 / 2,000
  frames                      : 295,731,200


Policy 0: 
Timing:
  Play time               : 10.020 s
  Update time             : 0.701 s
  Time to train epoch     : 10.721 s


Statistics:
  fps step                    : 16,578
  fps step + policy inference : 16,351
  fps total                   : 15,282
  epoch                       : 1,806 / 2,000
  frames                      : 295,895,040


Policy 0: 
Timing:
  Play time               : 10.208 s
  Update time             : 0.912 s
  Time to train epoch     : 11.120 s


Statistics:
  fps step                    : 16,573
  fps step + policy inference : 16,051
  fps total                   : 14,734
  epoch                       : 1,807 / 2,000
  frames                      : 296,058,880


Policy 0: 
Timing:
  Play time               : 10.006 s
  Update time             : 0.786 s
  Time to train epoch     : 10.792 s


Statistics:
  fps step                    : 16,609
  fps step + policy inference : 16,375
  fps total                   : 15,182
  epoch                       : 1,808 / 2,000
  frames                      : 296,222,720


Policy 0: 
Timing:
  Play time               : 10.063 s
  Update time             : 0.713 s
  Time to train epoch     : 10.776 s


Statistics:
  fps step                    : 16,528
  fps step + policy inference : 16,281
  fps total                   : 15,204
  epoch                       : 1,809 / 2,000
  frames                      : 296,386,560


Policy 0: 
Timing:
  Play time               : 10.010 s
  Update time             : 0.712 s
  Time to train epoch     : 10.721 s


Statistics:
  fps step                    : 16,606
  fps step + policy inference : 16,368
  fps total                   : 15,282
  epoch                       : 1,810 / 2,000
  frames                      : 296,550,400


Policy 0: 
Timing:
  Play time               : 9.935 s
  Update time             : 0.728 s
  Time to train epoch     : 10.663 s


Statistics:
  fps step                    : 16,723
  fps step + policy inference : 16,491
  fps total                   : 15,365
  epoch                       : 1,811 / 2,000
  frames                      : 296,714,240


Policy 0: 
Timing:
  Play time               : 10.061 s
  Update time             : 0.660 s
  Time to train epoch     : 10.721 s


Statistics:
  fps step                    : 16,518
  fps step + policy inference : 16,285
  fps total                   : 15,283
  epoch                       : 1,812 / 2,000
  frames                      : 296,878,080


Policy 0: 
Timing:
  Play time               : 10.266 s
  Update time             : 0.750 s
  Time to train epoch     : 11.016 s


Statistics:
  fps step                    : 16,179
  fps step + policy inference : 15,959
  fps total                   : 14,872
  epoch                       : 1,813 / 2,000
  frames                      : 297,041,920


Policy 0: 
Timing:
  Play time               : 10.152 s
  Update time             : 0.800 s
  Time to train epoch     : 10.952 s


Statistics:
  fps step                    : 16,359
  fps step + policy inference : 16,139
  fps total                   : 14,960
  epoch                       : 1,814 / 2,000
  frames                      : 297,205,760


Policy 0: 
Timing:
  Play time               : 10.332 s
  Update time             : 0.792 s
  Time to train epoch     : 11.124 s


Statistics:
  fps step                    : 16,073
  fps step + policy inference : 15,857
  fps total                   : 14,728
  epoch                       : 1,815 / 2,000
  frames                      : 297,369,600


Policy 0: 
Timing:
  Play time               : 10.298 s
  Update time             : 0.776 s
  Time to train epoch     : 11.074 s


Statistics:
  fps step                    : 16,133
  fps step + policy inference : 15,909
  fps total                   : 14,795
  epoch                       : 1,816 / 2,000
  frames                      : 297,533,440


Policy 0: 
Timing:
  Play time               : 10.206 s
  Update time             : 0.683 s
  Time to train epoch     : 10.888 s


Statistics:
  fps step                    : 16,273
  fps step + policy inference : 16,054
  fps total                   : 15,047
  epoch                       : 1,817 / 2,000
  frames                      : 297,697,280


Policy 0: 
Timing:
  Play time               : 10.243 s
  Update time             : 0.731 s
  Time to train epoch     : 10.973 s


Statistics:
  fps step                    : 16,213
  fps step + policy inference : 15,996
  fps total                   : 14,931
  epoch                       : 1,818 / 2,000
  frames                      : 297,861,120


Policy 0: 
Timing:
  Play time               : 10.297 s
  Update time             : 0.680 s
  Time to train epoch     : 10.977 s


Statistics:
  fps step                    : 16,127
  fps step + policy inference : 15,912
  fps total                   : 14,926
  epoch                       : 1,819 / 2,000
  frames                      : 298,024,960


Policy 0: 
Timing:
  Play time               : 10.097 s
  Update time             : 0.677 s
  Time to train epoch     : 10.774 s


Statistics:
  fps step                    : 16,448
  fps step + policy inference : 16,226
  fps total                   : 15,206
  epoch                       : 1,820 / 2,000
  frames                      : 298,188,800


Policy 0: 
Timing:
  Play time               : 10.216 s
  Update time             : 0.738 s
  Time to train epoch     : 10.954 s


Statistics:
  fps step                    : 16,254
  fps step + policy inference : 16,038
  fps total                   : 14,957
  epoch                       : 1,821 / 2,000
  frames                      : 298,352,640


Policy 0: 
Timing:
  Play time               : 10.055 s
  Update time             : 0.798 s
  Time to train epoch     : 10.853 s


Statistics:
  fps step                    : 16,517
  fps step + policy inference : 16,295
  fps total                   : 15,097
  epoch                       : 1,822 / 2,000
  frames                      : 298,516,480


Policy 0: 
Timing:
  Play time               : 10.140 s
  Update time             : 0.759 s
  Time to train epoch     : 10.899 s


Statistics:
  fps step                    : 16,377
  fps step + policy inference : 16,158
  fps total                   : 15,033
  epoch                       : 1,823 / 2,000
  frames                      : 298,680,320


Policy 0: 
Timing:
  Play time               : 9.990 s
  Update time             : 0.664 s
  Time to train epoch     : 10.654 s


Statistics:
  fps step                    : 16,623
  fps step + policy inference : 16,400
  fps total                   : 15,378
  epoch                       : 1,824 / 2,000
  frames                      : 298,844,160


Policy 0: 
Timing:
  Play time               : 10.225 s
  Update time             : 0.656 s
  Time to train epoch     : 10.881 s


Statistics:
  fps step                    : 16,525
  fps step + policy inference : 16,023
  fps total                   : 15,057
  epoch                       : 1,825 / 2,000
  frames                      : 299,008,000


Policy 0: 
Timing:
  Play time               : 9.953 s
  Update time             : 0.744 s
  Time to train epoch     : 10.696 s


Statistics:
  fps step                    : 16,703
  fps step + policy inference : 16,462
  fps total                   : 15,317
  epoch                       : 1,826 / 2,000
  frames                      : 299,171,840


Policy 0: 
Timing:
  Play time               : 10.129 s
  Update time             : 0.720 s
  Time to train epoch     : 10.849 s


Statistics:
  fps step                    : 16,403
  fps step + policy inference : 16,175
  fps total                   : 15,102
  epoch                       : 1,827 / 2,000
  frames                      : 299,335,680


Policy 0: 
Timing:
  Play time               : 10.081 s
  Update time             : 0.720 s
  Time to train epoch     : 10.801 s


Statistics:
  fps step                    : 16,486
  fps step + policy inference : 16,253
  fps total                   : 15,169
  epoch                       : 1,828 / 2,000
  frames                      : 299,499,520


Policy 0: 
Timing:
  Play time               : 10.030 s
  Update time             : 0.710 s
  Time to train epoch     : 10.740 s


Statistics:
  fps step                    : 16,558
  fps step + policy inference : 16,335
  fps total                   : 15,255
  epoch                       : 1,829 / 2,000
  frames                      : 299,663,360


Policy 0: 
Timing:
  Play time               : 9.969 s
  Update time             : 0.736 s
  Time to train epoch     : 10.705 s


Statistics:
  fps step                    : 16,656
  fps step + policy inference : 16,435
  fps total                   : 15,305
  epoch                       : 1,830 / 2,000
  frames                      : 299,827,200


Policy 0: 
Timing:
  Play time               : 10.161 s
  Update time             : 0.800 s
  Time to train epoch     : 10.961 s


Statistics:
  fps step                    : 16,346
  fps step + policy inference : 16,124
  fps total                   : 14,947
  epoch                       : 1,831 / 2,000
  frames                      : 299,991,040


Policy 0: 
Timing:
  Play time               : 10.060 s
  Update time             : 0.735 s
  Time to train epoch     : 10.795 s


Statistics:
  fps step                    : 16,512
  fps step + policy inference : 16,286
  fps total                   : 15,177
  epoch                       : 1,832 / 2,000
  frames                      : 300,154,880


Policy 0: 
Timing:
  Play time               : 9.979 s
  Update time             : 0.659 s
  Time to train epoch     : 10.638 s


Statistics:
  fps step                    : 16,648
  fps step + policy inference : 16,418
  fps total                   : 15,401
  epoch                       : 1,833 / 2,000
  frames                      : 300,318,720


Policy 0: 
Timing:
  Play time               : 10.032 s
  Update time             : 0.661 s
  Time to train epoch     : 10.693 s


Statistics:
  fps step                    : 16,554
  fps step + policy inference : 16,332
  fps total                   : 15,322
  epoch                       : 1,834 / 2,000
  frames                      : 300,482,560


Policy 0: 
Timing:
  Play time               : 10.046 s
  Update time             : 0.773 s
  Time to train epoch     : 10.818 s


Statistics:
  fps step                    : 16,536
  fps step + policy inference : 16,310
  fps total                   : 15,145
  epoch                       : 1,835 / 2,000
  frames                      : 300,646,400


Policy 0: 
Timing:
  Play time               : 10.018 s
  Update time             : 0.732 s
  Time to train epoch     : 10.749 s


Statistics:
  fps step                    : 16,577
  fps step + policy inference : 16,355
  fps total                   : 15,242
  epoch                       : 1,836 / 2,000
  frames                      : 300,810,240


Policy 0: 
Timing:
  Play time               : 10.067 s
  Update time             : 0.829 s
  Time to train epoch     : 10.897 s


Statistics:
  fps step                    : 16,509
  fps step + policy inference : 16,274
  fps total                   : 15,036
  epoch                       : 1,837 / 2,000
  frames                      : 300,974,080


Policy 0: 
Timing:
  Play time               : 10.069 s
  Update time             : 0.807 s
  Time to train epoch     : 10.876 s


Statistics:
  fps step                    : 16,501
  fps step + policy inference : 16,272
  fps total                   : 15,064
  epoch                       : 1,838 / 2,000
  frames                      : 301,137,920


Policy 0: 
Timing:
  Play time               : 9.975 s
  Update time             : 0.695 s
  Time to train epoch     : 10.670 s


Statistics:
  fps step                    : 16,651
  fps step + policy inference : 16,425
  fps total                   : 15,355
  epoch                       : 1,839 / 2,000
  frames                      : 301,301,760


Policy 0: 
Timing:
  Play time               : 9.970 s
  Update time             : 0.670 s
  Time to train epoch     : 10.640 s


Statistics:
  fps step                    : 16,657
  fps step + policy inference : 16,433
  fps total                   : 15,398
  epoch                       : 1,840 / 2,000
  frames                      : 301,465,600


Policy 0: 
Timing:
  Play time               : 10.079 s
  Update time             : 0.710 s
  Time to train epoch     : 10.788 s


Statistics:
  fps step                    : 16,478
  fps step + policy inference : 16,256
  fps total                   : 15,187
  epoch                       : 1,841 / 2,000
  frames                      : 301,629,440


Policy 0: 
Timing:
  Play time               : 9.969 s
  Update time             : 0.656 s
  Time to train epoch     : 10.625 s


Statistics:
  fps step                    : 16,660
  fps step + policy inference : 16,434
  fps total                   : 15,420
  epoch                       : 1,842 / 2,000
  frames                      : 301,793,280


Policy 0: 
Timing:
  Play time               : 9.968 s
  Update time             : 0.658 s
  Time to train epoch     : 10.627 s


Statistics:
  fps step                    : 16,677
  fps step + policy inference : 16,436
  fps total                   : 15,418
  epoch                       : 1,843 / 2,000
  frames                      : 301,957,120


Policy 0: 
Timing:
  Play time               : 10.297 s
  Update time             : 0.784 s
  Time to train epoch     : 11.081 s


Statistics:
  fps step                    : 16,410
  fps step + policy inference : 15,911
  fps total                   : 14,786
  epoch                       : 1,844 / 2,000
  frames                      : 302,120,960


Policy 0: 
Timing:
  Play time               : 9.972 s
  Update time             : 0.855 s
  Time to train epoch     : 10.826 s


Statistics:
  fps step                    : 16,661
  fps step + policy inference : 16,431
  fps total                   : 15,134
  epoch                       : 1,845 / 2,000
  frames                      : 302,284,800


Policy 0: 
Timing:
  Play time               : 10.079 s
  Update time             : 0.759 s
  Time to train epoch     : 10.838 s


Statistics:
  fps step                    : 16,482
  fps step + policy inference : 16,255
  fps total                   : 15,117
  epoch                       : 1,846 / 2,000
  frames                      : 302,448,640


Policy 0: 
Timing:
  Play time               : 10.096 s
  Update time             : 0.743 s
  Time to train epoch     : 10.839 s


Statistics:
  fps step                    : 16,463
  fps step + policy inference : 16,228
  fps total                   : 15,115
  epoch                       : 1,847 / 2,000
  frames                      : 302,612,480


Policy 0: 
Timing:
  Play time               : 9.941 s
  Update time             : 0.653 s
  Time to train epoch     : 10.594 s


Statistics:
  fps step                    : 16,710
  fps step + policy inference : 16,481
  fps total                   : 15,465
  epoch                       : 1,848 / 2,000
  frames                      : 302,776,320


Policy 0: 
Timing:
  Play time               : 9.962 s
  Update time             : 0.647 s
  Time to train epoch     : 10.609 s


Statistics:
  fps step                    : 16,670
  fps step + policy inference : 16,447
  fps total                   : 15,443
  epoch                       : 1,849 / 2,000
  frames                      : 302,940,160


Policy 0: 
Timing:
  Play time               : 10.076 s
  Update time             : 0.700 s
  Time to train epoch     : 10.775 s


Statistics:
  fps step                    : 16,485
  fps step + policy inference : 16,261
  fps total                   : 15,205
  epoch                       : 1,850 / 2,000
  frames                      : 303,104,000


Policy 0: 
Timing:
  Play time               : 10.002 s
  Update time             : 0.716 s
  Time to train epoch     : 10.718 s


Statistics:
  fps step                    : 16,604
  fps step + policy inference : 16,381
  fps total                   : 15,287
  epoch                       : 1,851 / 2,000
  frames                      : 303,267,840


Policy 0: 
Timing:
  Play time               : 10.049 s
  Update time             : 0.845 s
  Time to train epoch     : 10.894 s


Statistics:
  fps step                    : 16,525
  fps step + policy inference : 16,304
  fps total                   : 15,040
  epoch                       : 1,852 / 2,000
  frames                      : 303,431,680


Policy 0: 
Timing:
  Play time               : 10.059 s
  Update time             : 0.766 s
  Time to train epoch     : 10.825 s


Statistics:
  fps step                    : 16,510
  fps step + policy inference : 16,288
  fps total                   : 15,136
  epoch                       : 1,853 / 2,000
  frames                      : 303,595,520


Policy 0: 
Timing:
  Play time               : 9.998 s
  Update time             : 0.772 s
  Time to train epoch     : 10.771 s


Statistics:
  fps step                    : 16,618
  fps step + policy inference : 16,386
  fps total                   : 15,212
  epoch                       : 1,854 / 2,000
  frames                      : 303,759,360


Policy 0: 
Timing:
  Play time               : 10.116 s
  Update time             : 0.677 s
  Time to train epoch     : 10.793 s


Statistics:
  fps step                    : 16,417
  fps step + policy inference : 16,196
  fps total                   : 15,180
  epoch                       : 1,855 / 2,000
  frames                      : 303,923,200


Policy 0: 
Timing:
  Play time               : 10.195 s
  Update time             : 0.731 s
  Time to train epoch     : 10.926 s


Statistics:
  fps step                    : 16,291
  fps step + policy inference : 16,070
  fps total                   : 14,995
  epoch                       : 1,856 / 2,000
  frames                      : 304,087,040


Policy 0: 
Timing:
  Play time               : 10.068 s
  Update time             : 0.687 s
  Time to train epoch     : 10.754 s


Statistics:
  fps step                    : 16,501
  fps step + policy inference : 16,274
  fps total                   : 15,235
  epoch                       : 1,857 / 2,000
  frames                      : 304,250,880


Policy 0: 
Timing:
  Play time               : 10.047 s
  Update time             : 0.656 s
  Time to train epoch     : 10.702 s


Statistics:
  fps step                    : 16,533
  fps step + policy inference : 16,308
  fps total                   : 15,309
  epoch                       : 1,858 / 2,000
  frames                      : 304,414,720


Policy 0: 
Timing:
  Play time               : 10.211 s
  Update time             : 0.704 s
  Time to train epoch     : 10.915 s


Statistics:
  fps step                    : 16,268
  fps step + policy inference : 16,046
  fps total                   : 15,011
  epoch                       : 1,859 / 2,000
  frames                      : 304,578,560


Policy 0: 
Timing:
  Play time               : 10.223 s
  Update time             : 0.789 s
  Time to train epoch     : 11.012 s


Statistics:
  fps step                    : 16,246
  fps step + policy inference : 16,026
  fps total                   : 14,878
  epoch                       : 1,860 / 2,000
  frames                      : 304,742,400


Policy 0: 
Timing:
  Play time               : 10.009 s
  Update time             : 0.773 s
  Time to train epoch     : 10.782 s


Statistics:
  fps step                    : 16,592
  fps step + policy inference : 16,369
  fps total                   : 15,195
  epoch                       : 1,861 / 2,000
  frames                      : 304,906,240


Policy 0: 
Timing:
  Play time               : 10.065 s
  Update time             : 0.693 s
  Time to train epoch     : 10.759 s


Statistics:
  fps step                    : 16,500
  fps step + policy inference : 16,277
  fps total                   : 15,229
  epoch                       : 1,862 / 2,000
  frames                      : 305,070,080


Policy 0: 
Timing:
  Play time               : 10.462 s
  Update time             : 0.736 s
  Time to train epoch     : 11.197 s


Statistics:
  fps step                    : 16,147
  fps step + policy inference : 15,661
  fps total                   : 14,632
  epoch                       : 1,863 / 2,000
  frames                      : 305,233,920


Policy 0: saving next best rewards:  [747.42]
=> saving checkpoint 'runs/hold_r11_dense1_seed2901/nn/hold_r11_dense1_seed2901.pth'

Timing:
  Play time               : 9.922 s
  Update time             : 0.685 s
  Time to train epoch     : 10.607 s


Statistics:
  fps step                    : 16,747
  fps step + policy inference : 16,513
  fps total                   : 15,447
  epoch                       : 1,864 / 2,000
  frames                      : 305,397,760


Policy 0: 
Timing:
  Play time               : 10.103 s
  Update time             : 0.682 s
  Time to train epoch     : 10.785 s


Statistics:
  fps step                    : 16,445
  fps step + policy inference : 16,217
  fps total                   : 15,191
  epoch                       : 1,865 / 2,000
  frames                      : 305,561,600


Policy 0: 
Timing:
  Play time               : 10.022 s
  Update time             : 0.748 s
  Time to train epoch     : 10.770 s


Statistics:
  fps step                    : 16,584
  fps step + policy inference : 16,348
  fps total                   : 15,213
  epoch                       : 1,866 / 2,000
  frames                      : 305,725,440


Policy 0: 
Timing:
  Play time               : 9.912 s
  Update time             : 0.760 s
  Time to train epoch     : 10.673 s


Statistics:
  fps step                    : 16,756
  fps step + policy inference : 16,529
  fps total                   : 15,351
  epoch                       : 1,867 / 2,000
  frames                      : 305,889,280


Policy 0: 
Timing:
  Play time               : 10.031 s
  Update time             : 0.774 s
  Time to train epoch     : 10.805 s


Statistics:
  fps step                    : 16,555
  fps step + policy inference : 16,333
  fps total                   : 15,163
  epoch                       : 1,868 / 2,000
  frames                      : 306,053,120


Policy 0: 
Timing:
  Play time               : 10.131 s
  Update time             : 0.785 s
  Time to train epoch     : 10.916 s


Statistics:
  fps step                    : 16,400
  fps step + policy inference : 16,172
  fps total                   : 15,009
  epoch                       : 1,869 / 2,000
  frames                      : 306,216,960


Policy 0: 
Timing:
  Play time               : 10.018 s
  Update time             : 0.688 s
  Time to train epoch     : 10.706 s


Statistics:
  fps step                    : 16,584
  fps step + policy inference : 16,355
  fps total                   : 15,303
  epoch                       : 1,870 / 2,000
  frames                      : 306,380,800


Policy 0: 
Timing:
  Play time               : 10.073 s
  Update time             : 0.663 s
  Time to train epoch     : 10.737 s


Statistics:
  fps step                    : 16,487
  fps step + policy inference : 16,264
  fps total                   : 15,260
  epoch                       : 1,871 / 2,000
  frames                      : 306,544,640


Policy 0: 
Timing:
  Play time               : 10.127 s
  Update time             : 0.673 s
  Time to train epoch     : 10.800 s


Statistics:
  fps step                    : 16,404
  fps step + policy inference : 16,179
  fps total                   : 15,171
  epoch                       : 1,872 / 2,000
  frames                      : 306,708,480


Policy 0: 
Timing:
  Play time               : 9.995 s
  Update time             : 0.683 s
  Time to train epoch     : 10.678 s


Statistics:
  fps step                    : 16,622
  fps step + policy inference : 16,392
  fps total                   : 15,344
  epoch                       : 1,873 / 2,000
  frames                      : 306,872,320


Policy 0: 
Timing:
  Play time               : 10.052 s
  Update time             : 0.683 s
  Time to train epoch     : 10.735 s


Statistics:
  fps step                    : 16,526
  fps step + policy inference : 16,299
  fps total                   : 15,262
  epoch                       : 1,874 / 2,000
  frames                      : 307,036,160


Policy 0: 
Timing:
  Play time               : 10.110 s
  Update time             : 0.746 s
  Time to train epoch     : 10.856 s


Statistics:
  fps step                    : 16,436
  fps step + policy inference : 16,206
  fps total                   : 15,093
  epoch                       : 1,875 / 2,000
  frames                      : 307,200,000


Policy 0: 
Timing:
  Play time               : 10.021 s
  Update time             : 0.768 s
  Time to train epoch     : 10.789 s


Statistics:
  fps step                    : 16,575
  fps step + policy inference : 16,349
  fps total                   : 15,185
  epoch                       : 1,876 / 2,000
  frames                      : 307,363,840


Policy 0: 
Timing:
  Play time               : 10.002 s
  Update time             : 0.775 s
  Time to train epoch     : 10.777 s


Statistics:
  fps step                    : 16,606
  fps step + policy inference : 16,380
  fps total                   : 15,203
  epoch                       : 1,877 / 2,000
  frames                      : 307,527,680


Policy 0: 
Timing:
  Play time               : 10.119 s
  Update time             : 0.713 s
  Time to train epoch     : 10.832 s


Statistics:
  fps step                    : 16,412
  fps step + policy inference : 16,191
  fps total                   : 15,125
  epoch                       : 1,878 / 2,000
  frames                      : 307,691,520


Policy 0: 
Timing:
  Play time               : 10.100 s
  Update time             : 0.686 s
  Time to train epoch     : 10.786 s


Statistics:
  fps step                    : 16,449
  fps step + policy inference : 16,222
  fps total                   : 15,190
  epoch                       : 1,879 / 2,000
  frames                      : 307,855,360


Policy 0: 
Timing:
  Play time               : 10.100 s
  Update time             : 0.658 s
  Time to train epoch     : 10.758 s


Statistics:
  fps step                    : 16,447
  fps step + policy inference : 16,222
  fps total                   : 15,229
  epoch                       : 1,880 / 2,000
  frames                      : 308,019,200


Policy 0: 
Timing:
  Play time               : 10.094 s
  Update time             : 0.642 s
  Time to train epoch     : 10.736 s


Statistics:
  fps step                    : 16,449
  fps step + policy inference : 16,231
  fps total                   : 15,261
  epoch                       : 1,881 / 2,000
  frames                      : 308,183,040


Policy 0: 
Timing:
  Play time               : 10.229 s
  Update time             : 0.740 s
  Time to train epoch     : 10.969 s


Statistics:
  fps step                    : 16,526
  fps step + policy inference : 16,017
  fps total                   : 14,937
  epoch                       : 1,882 / 2,000
  frames                      : 308,346,880


Policy 0: saving next best rewards:  [749.86]
=> saving checkpoint 'runs/hold_r11_dense1_seed2901/nn/hold_r11_dense1_seed2901.pth'

Timing:
  Play time               : 10.037 s
  Update time             : 0.730 s
  Time to train epoch     : 10.767 s


Statistics:
  fps step                    : 16,559
  fps step + policy inference : 16,323
  fps total                   : 15,216
  epoch                       : 1,883 / 2,000
  frames                      : 308,510,720


Policy 0: 
Timing:
  Play time               : 10.098 s
  Update time             : 0.727 s
  Time to train epoch     : 10.824 s


Statistics:
  fps step                    : 16,466
  fps step + policy inference : 16,226
  fps total                   : 15,136
  epoch                       : 1,884 / 2,000
  frames                      : 308,674,560


Policy 0: saving next best rewards:  [749.94]
=> saving checkpoint 'runs/hold_r11_dense1_seed2901/nn/hold_r11_dense1_seed2901.pth'

Timing:
  Play time               : 10.012 s
  Update time             : 0.781 s
  Time to train epoch     : 10.792 s


Statistics:
  fps step                    : 16,608
  fps step + policy inference : 16,365
  fps total                   : 15,181
  epoch                       : 1,885 / 2,000
  frames                      : 308,838,400


Policy 0: saving next best rewards:  [749.97]
=> saving checkpoint 'runs/hold_r11_dense1_seed2901/nn/hold_r11_dense1_seed2901.pth'

Timing:
  Play time               : 9.931 s
  Update time             : 0.754 s
  Time to train epoch     : 10.685 s


Statistics:
  fps step                    : 16,733
  fps step + policy inference : 16,498
  fps total                   : 15,334
  epoch                       : 1,886 / 2,000
  frames                      : 309,002,240


Policy 0: 
Timing:
  Play time               : 10.128 s
  Update time             : 0.733 s
  Time to train epoch     : 10.862 s


Statistics:
  fps step                    : 16,408
  fps step + policy inference : 16,177
  fps total                   : 15,084
  epoch                       : 1,887 / 2,000
  frames                      : 309,166,080


Policy 0: 
Timing:
  Play time               : 10.199 s
  Update time             : 0.757 s
  Time to train epoch     : 10.957 s


Statistics:
  fps step                    : 16,295
  fps step + policy inference : 16,064
  fps total                   : 14,953
  epoch                       : 1,888 / 2,000
  frames                      : 309,329,920


Policy 0: 
Timing:
  Play time               : 10.245 s
  Update time             : 0.679 s
  Time to train epoch     : 10.924 s


Statistics:
  fps step                    : 16,215
  fps step + policy inference : 15,992
  fps total                   : 14,998
  epoch                       : 1,889 / 2,000
  frames                      : 309,493,760


Policy 0: 
Timing:
  Play time               : 10.187 s
  Update time             : 0.672 s
  Time to train epoch     : 10.859 s


Statistics:
  fps step                    : 16,310
  fps step + policy inference : 16,084
  fps total                   : 15,088
  epoch                       : 1,890 / 2,000
  frames                      : 309,657,600


Policy 0: 
Timing:
  Play time               : 10.386 s
  Update time             : 0.692 s
  Time to train epoch     : 11.078 s


Statistics:
  fps step                    : 15,999
  fps step + policy inference : 15,775
  fps total                   : 14,790
  epoch                       : 1,891 / 2,000
  frames                      : 309,821,440


Policy 0: 
Timing:
  Play time               : 10.311 s
  Update time             : 0.693 s
  Time to train epoch     : 11.003 s


Statistics:
  fps step                    : 16,110
  fps step + policy inference : 15,890
  fps total                   : 14,890
  epoch                       : 1,892 / 2,000
  frames                      : 309,985,280


Policy 0: 
Timing:
  Play time               : 10.446 s
  Update time             : 0.844 s
  Time to train epoch     : 11.290 s


Statistics:
  fps step                    : 15,900
  fps step + policy inference : 15,684
  fps total                   : 14,512
  epoch                       : 1,893 / 2,000
  frames                      : 310,149,120


Policy 0: 
Timing:
  Play time               : 10.360 s
  Update time             : 0.809 s
  Time to train epoch     : 11.169 s


Statistics:
  fps step                    : 16,036
  fps step + policy inference : 15,815
  fps total                   : 14,669
  epoch                       : 1,894 / 2,000
  frames                      : 310,312,960


Policy 0: 
Timing:
  Play time               : 10.208 s
  Update time             : 0.715 s
  Time to train epoch     : 10.924 s


Statistics:
  fps step                    : 16,276
  fps step + policy inference : 16,050
  fps total                   : 14,999
  epoch                       : 1,895 / 2,000
  frames                      : 310,476,800


Policy 0: 
Timing:
  Play time               : 10.060 s
  Update time             : 0.663 s
  Time to train epoch     : 10.724 s


Statistics:
  fps step                    : 16,520
  fps step + policy inference : 16,286
  fps total                   : 15,278
  epoch                       : 1,896 / 2,000
  frames                      : 310,640,640


Policy 0: 
Timing:
  Play time               : 10.120 s
  Update time             : 0.683 s
  Time to train epoch     : 10.803 s


Statistics:
  fps step                    : 16,426
  fps step + policy inference : 16,190
  fps total                   : 15,166
  epoch                       : 1,897 / 2,000
  frames                      : 310,804,480


Policy 0: saving next best rewards:  [750.03]
=> saving checkpoint 'runs/hold_r11_dense1_seed2901/nn/hold_r11_dense1_seed2901.pth'

Timing:
  Play time               : 10.093 s
  Update time             : 0.682 s
  Time to train epoch     : 10.775 s


Statistics:
  fps step                    : 16,461
  fps step + policy inference : 16,233
  fps total                   : 15,206
  epoch                       : 1,898 / 2,000
  frames                      : 310,968,320


Policy 0: saving next best rewards:  [750.2]
=> saving checkpoint 'runs/hold_r11_dense1_seed2901/nn/hold_r11_dense1_seed2901.pth'

Timing:
  Play time               : 10.010 s
  Update time             : 0.692 s
  Time to train epoch     : 10.702 s


Statistics:
  fps step                    : 16,598
  fps step + policy inference : 16,368
  fps total                   : 15,309
  epoch                       : 1,899 / 2,000
  frames                      : 311,132,160


Policy 0: 
Timing:
  Play time               : 10.271 s
  Update time             : 0.775 s
  Time to train epoch     : 11.046 s


Statistics:
  fps step                    : 16,444
  fps step + policy inference : 15,951
  fps total                   : 14,832
  epoch                       : 1,900 / 2,000
  frames                      : 311,296,000


Policy 0: saving next best rewards:  [754.11]
=> saving checkpoint 'runs/hold_r11_dense1_seed2901/nn/hold_r11_dense1_seed2901.pth'

Timing:
  Play time               : 10.001 s
  Update time             : 0.822 s
  Time to train epoch     : 10.823 s


Statistics:
  fps step                    : 16,638
  fps step + policy inference : 16,382
  fps total                   : 15,138
  epoch                       : 1,901 / 2,000
  frames                      : 311,459,840


Policy 0: saving next best rewards:  [754.37]
=> saving checkpoint 'runs/hold_r11_dense1_seed2901/nn/hold_r11_dense1_seed2901.pth'

Timing:
  Play time               : 10.124 s
  Update time             : 0.807 s
  Time to train epoch     : 10.930 s


Statistics:
  fps step                    : 16,418
  fps step + policy inference : 16,184
  fps total                   : 14,989
  epoch                       : 1,902 / 2,000
  frames                      : 311,623,680


Policy 0: 
Timing:
  Play time               : 10.084 s
  Update time             : 0.746 s
  Time to train epoch     : 10.829 s


Statistics:
  fps step                    : 16,486
  fps step + policy inference : 16,248
  fps total                   : 15,129
  epoch                       : 1,903 / 2,000
  frames                      : 311,787,520


Policy 0: 
Timing:
  Play time               : 10.183 s
  Update time             : 0.683 s
  Time to train epoch     : 10.866 s


Statistics:
  fps step                    : 16,317
  fps step + policy inference : 16,090
  fps total                   : 15,079
  epoch                       : 1,904 / 2,000
  frames                      : 311,951,360


Policy 0: 
Timing:
  Play time               : 10.418 s
  Update time             : 0.687 s
  Time to train epoch     : 11.104 s


Statistics:
  fps step                    : 15,938
  fps step + policy inference : 15,727
  fps total                   : 14,755
  epoch                       : 1,905 / 2,000
  frames                      : 312,115,200


Policy 0: 
Timing:
  Play time               : 10.130 s
  Update time             : 0.686 s
  Time to train epoch     : 10.816 s


Statistics:
  fps step                    : 16,407
  fps step + policy inference : 16,173
  fps total                   : 15,147
  epoch                       : 1,906 / 2,000
  frames                      : 312,279,040


Policy 0: 
Timing:
  Play time               : 10.119 s
  Update time             : 0.683 s
  Time to train epoch     : 10.803 s


Statistics:
  fps step                    : 16,422
  fps step + policy inference : 16,191
  fps total                   : 15,167
  epoch                       : 1,907 / 2,000
  frames                      : 312,442,880


Policy 0: 
Timing:
  Play time               : 10.013 s
  Update time             : 0.663 s
  Time to train epoch     : 10.675 s


Statistics:
  fps step                    : 16,593
  fps step + policy inference : 16,363
  fps total                   : 15,347
  epoch                       : 1,908 / 2,000
  frames                      : 312,606,720


Policy 0: 
Timing:
  Play time               : 10.084 s
  Update time             : 0.727 s
  Time to train epoch     : 10.811 s


Statistics:
  fps step                    : 16,485
  fps step + policy inference : 16,247
  fps total                   : 15,155
  epoch                       : 1,909 / 2,000
  frames                      : 312,770,560


Policy 0: 
Timing:
  Play time               : 10.101 s
  Update time             : 0.822 s
  Time to train epoch     : 10.923 s


Statistics:
  fps step                    : 16,454
  fps step + policy inference : 16,220
  fps total                   : 14,999
  epoch                       : 1,910 / 2,000
  frames                      : 312,934,400


Policy 0: 
Timing:
  Play time               : 9.984 s
  Update time             : 0.768 s
  Time to train epoch     : 10.752 s


Statistics:
  fps step                    : 16,635
  fps step + policy inference : 16,411
  fps total                   : 15,239
  epoch                       : 1,911 / 2,000
  frames                      : 313,098,240


Policy 0: 
Timing:
  Play time               : 10.128 s
  Update time             : 0.757 s
  Time to train epoch     : 10.885 s


Statistics:
  fps step                    : 16,411
  fps step + policy inference : 16,177
  fps total                   : 15,052
  epoch                       : 1,912 / 2,000
  frames                      : 313,262,080


Policy 0: 
Timing:
  Play time               : 10.163 s
  Update time             : 0.707 s
  Time to train epoch     : 10.870 s


Statistics:
  fps step                    : 16,354
  fps step + policy inference : 16,122
  fps total                   : 15,073
  epoch                       : 1,913 / 2,000
  frames                      : 313,425,920


Policy 0: 
Timing:
  Play time               : 9.996 s
  Update time             : 0.658 s
  Time to train epoch     : 10.654 s


Statistics:
  fps step                    : 16,626
  fps step + policy inference : 16,391
  fps total                   : 15,379
  epoch                       : 1,914 / 2,000
  frames                      : 313,589,760


Policy 0: 
Timing:
  Play time               : 10.063 s
  Update time             : 0.668 s
  Time to train epoch     : 10.731 s


Statistics:
  fps step                    : 16,515
  fps step + policy inference : 16,281
  fps total                   : 15,268
  epoch                       : 1,915 / 2,000
  frames                      : 313,753,600


Policy 0: 
Timing:
  Play time               : 10.136 s
  Update time             : 0.782 s
  Time to train epoch     : 10.918 s


Statistics:
  fps step                    : 16,398
  fps step + policy inference : 16,165
  fps total                   : 15,007
  epoch                       : 1,916 / 2,000
  frames                      : 313,917,440


Policy 0: 
Timing:
  Play time               : 10.006 s
  Update time             : 0.806 s
  Time to train epoch     : 10.812 s


Statistics:
  fps step                    : 16,612
  fps step + policy inference : 16,374
  fps total                   : 15,153
  epoch                       : 1,917 / 2,000
  frames                      : 314,081,280


Policy 0: 
Timing:
  Play time               : 10.008 s
  Update time             : 0.713 s
  Time to train epoch     : 10.720 s


Statistics:
  fps step                    : 16,604
  fps step + policy inference : 16,371
  fps total                   : 15,283
  epoch                       : 1,918 / 2,000
  frames                      : 314,245,120


Policy 0: 
Timing:
  Play time               : 10.332 s
  Update time             : 0.715 s
  Time to train epoch     : 11.047 s


Statistics:
  fps step                    : 16,361
  fps step + policy inference : 15,858
  fps total                   : 14,831
  epoch                       : 1,919 / 2,000
  frames                      : 314,408,960


Policy 0: saving next best rewards:  [755.93]
=> saving checkpoint 'runs/hold_r11_dense1_seed2901/nn/hold_r11_dense1_seed2901.pth'

Timing:
  Play time               : 9.936 s
  Update time             : 0.708 s
  Time to train epoch     : 10.644 s


Statistics:
  fps step                    : 16,739
  fps step + policy inference : 16,490
  fps total                   : 15,393
  epoch                       : 1,920 / 2,000
  frames                      : 314,572,800


Policy 0: 
Timing:
  Play time               : 10.122 s
  Update time             : 0.693 s
  Time to train epoch     : 10.814 s


Statistics:
  fps step                    : 16,424
  fps step + policy inference : 16,187
  fps total                   : 15,151
  epoch                       : 1,921 / 2,000
  frames                      : 314,736,640


Policy 0: saving next best rewards:  [756.09]
=> saving checkpoint 'runs/hold_r11_dense1_seed2901/nn/hold_r11_dense1_seed2901.pth'

Timing:
  Play time               : 10.185 s
  Update time             : 0.724 s
  Time to train epoch     : 10.910 s


Statistics:
  fps step                    : 16,326
  fps step + policy inference : 16,086
  fps total                   : 15,018
  epoch                       : 1,922 / 2,000
  frames                      : 314,900,480


Policy 0: saving next best rewards:  [756.29]
=> saving checkpoint 'runs/hold_r11_dense1_seed2901/nn/hold_r11_dense1_seed2901.pth'

Timing:
  Play time               : 10.110 s
  Update time             : 0.650 s
  Time to train epoch     : 10.760 s


Statistics:
  fps step                    : 16,439
  fps step + policy inference : 16,206
  fps total                   : 15,227
  epoch                       : 1,923 / 2,000
  frames                      : 315,064,320


Policy 0: 
Timing:
  Play time               : 10.090 s
  Update time             : 0.805 s
  Time to train epoch     : 10.896 s


Statistics:
  fps step                    : 16,470
  fps step + policy inference : 16,237
  fps total                   : 15,037
  epoch                       : 1,924 / 2,000
  frames                      : 315,228,160


Policy 0: 
Timing:
  Play time               : 10.091 s
  Update time             : 0.862 s
  Time to train epoch     : 10.953 s


Statistics:
  fps step                    : 16,472
  fps step + policy inference : 16,236
  fps total                   : 14,959
  epoch                       : 1,925 / 2,000
  frames                      : 315,392,000


Policy 0: 
Timing:
  Play time               : 9.986 s
  Update time             : 0.845 s
  Time to train epoch     : 10.831 s


Statistics:
  fps step                    : 16,644
  fps step + policy inference : 16,406
  fps total                   : 15,126
  epoch                       : 1,926 / 2,000
  frames                      : 315,555,840


Policy 0: 
Timing:
  Play time               : 10.082 s
  Update time             : 0.825 s
  Time to train epoch     : 10.907 s


Statistics:
  fps step                    : 16,482
  fps step + policy inference : 16,250
  fps total                   : 15,022
  epoch                       : 1,927 / 2,000
  frames                      : 315,719,680


Policy 0: 
Timing:
  Play time               : 10.081 s
  Update time             : 0.826 s
  Time to train epoch     : 10.907 s


Statistics:
  fps step                    : 16,489
  fps step + policy inference : 16,253
  fps total                   : 15,022
  epoch                       : 1,928 / 2,000
  frames                      : 315,883,520


Policy 0: saving next best rewards:  [756.31]
=> saving checkpoint 'runs/hold_r11_dense1_seed2901/nn/hold_r11_dense1_seed2901.pth'

Timing:
  Play time               : 10.137 s
  Update time             : 0.850 s
  Time to train epoch     : 10.987 s


Statistics:
  fps step                    : 16,394
  fps step + policy inference : 16,163
  fps total                   : 14,912
  epoch                       : 1,929 / 2,000
  frames                      : 316,047,360


Policy 0: 
Timing:
  Play time               : 10.147 s
  Update time             : 0.818 s
  Time to train epoch     : 10.965 s


Statistics:
  fps step                    : 16,376
  fps step + policy inference : 16,147
  fps total                   : 14,942
  epoch                       : 1,930 / 2,000
  frames                      : 316,211,200


Policy 0: 
Timing:
  Play time               : 10.388 s
  Update time             : 0.757 s
  Time to train epoch     : 11.144 s


Statistics:
  fps step                    : 15,991
  fps step + policy inference : 15,772
  fps total                   : 14,702
  epoch                       : 1,931 / 2,000
  frames                      : 316,375,040


Policy 0: 
Timing:
  Play time               : 10.131 s
  Update time             : 0.848 s
  Time to train epoch     : 10.979 s


Statistics:
  fps step                    : 16,403
  fps step + policy inference : 16,173
  fps total                   : 14,923
  epoch                       : 1,932 / 2,000
  frames                      : 316,538,880


Policy 0: 
Timing:
  Play time               : 10.179 s
  Update time             : 0.774 s
  Time to train epoch     : 10.953 s


Statistics:
  fps step                    : 16,324
  fps step + policy inference : 16,096
  fps total                   : 14,959
  epoch                       : 1,933 / 2,000
  frames                      : 316,702,720


Policy 0: 
Timing:
  Play time               : 10.323 s
  Update time             : 0.794 s
  Time to train epoch     : 11.117 s


Statistics:
  fps step                    : 16,092
  fps step + policy inference : 15,871
  fps total                   : 14,738
  epoch                       : 1,934 / 2,000
  frames                      : 316,866,560


Policy 0: 
Timing:
  Play time               : 10.295 s
  Update time             : 0.823 s
  Time to train epoch     : 11.117 s


Statistics:
  fps step                    : 16,138
  fps step + policy inference : 15,915
  fps total                   : 14,737
  epoch                       : 1,935 / 2,000
  frames                      : 317,030,400


Policy 0: 
Timing:
  Play time               : 10.378 s
  Update time             : 0.722 s
  Time to train epoch     : 11.100 s


Statistics:
  fps step                    : 16,007
  fps step + policy inference : 15,787
  fps total                   : 14,760
  epoch                       : 1,936 / 2,000
  frames                      : 317,194,240


Policy 0: 
Timing:
  Play time               : 10.218 s
  Update time             : 0.770 s
  Time to train epoch     : 10.988 s


Statistics:
  fps step                    : 16,259
  fps step + policy inference : 16,035
  fps total                   : 14,911
  epoch                       : 1,937 / 2,000
  frames                      : 317,358,080


Policy 0: 
Timing:
  Play time               : 10.368 s
  Update time             : 0.892 s
  Time to train epoch     : 11.260 s


Statistics:
  fps step                    : 16,304
  fps step + policy inference : 15,803
  fps total                   : 14,551
  epoch                       : 1,938 / 2,000
  frames                      : 317,521,920


Policy 0: 
Timing:
  Play time               : 9.947 s
  Update time             : 0.774 s
  Time to train epoch     : 10.721 s


Statistics:
  fps step                    : 16,708
  fps step + policy inference : 16,471
  fps total                   : 15,282
  epoch                       : 1,939 / 2,000
  frames                      : 317,685,760


Policy 0: 
Timing:
  Play time               : 10.098 s
  Update time             : 0.738 s
  Time to train epoch     : 10.836 s


Statistics:
  fps step                    : 16,461
  fps step + policy inference : 16,225
  fps total                   : 15,121
  epoch                       : 1,940 / 2,000
  frames                      : 317,849,600


Policy 0: 
Timing:
  Play time               : 10.150 s
  Update time             : 0.877 s
  Time to train epoch     : 11.027 s


Statistics:
  fps step                    : 16,384
  fps step + policy inference : 16,142
  fps total                   : 14,858
  epoch                       : 1,941 / 2,000
  frames                      : 318,013,440


Policy 0: 
Timing:
  Play time               : 10.013 s
  Update time             : 0.734 s
  Time to train epoch     : 10.747 s


Statistics:
  fps step                    : 16,594
  fps step + policy inference : 16,362
  fps total                   : 15,245
  epoch                       : 1,942 / 2,000
  frames                      : 318,177,280


Policy 0: 
Timing:
  Play time               : 10.040 s
  Update time             : 0.673 s
  Time to train epoch     : 10.713 s


Statistics:
  fps step                    : 16,552
  fps step + policy inference : 16,319
  fps total                   : 15,294
  epoch                       : 1,943 / 2,000
  frames                      : 318,341,120


Policy 0: 
Timing:
  Play time               : 10.075 s
  Update time             : 0.778 s
  Time to train epoch     : 10.853 s


Statistics:
  fps step                    : 16,497
  fps step + policy inference : 16,261
  fps total                   : 15,096
  epoch                       : 1,944 / 2,000
  frames                      : 318,504,960


Policy 0: 
Timing:
  Play time               : 9.985 s
  Update time             : 0.859 s
  Time to train epoch     : 10.844 s


Statistics:
  fps step                    : 16,647
  fps step + policy inference : 16,408
  fps total                   : 15,108
  epoch                       : 1,945 / 2,000
  frames                      : 318,668,800


Policy 0: 
Timing:
  Play time               : 10.081 s
  Update time             : 0.758 s
  Time to train epoch     : 10.838 s


Statistics:
  fps step                    : 16,487
  fps step + policy inference : 16,253
  fps total                   : 15,117
  epoch                       : 1,946 / 2,000
  frames                      : 318,832,640


Policy 0: 
Timing:
  Play time               : 10.189 s
  Update time             : 0.692 s
  Time to train epoch     : 10.881 s


Statistics:
  fps step                    : 16,323
  fps step + policy inference : 16,081
  fps total                   : 15,058
  epoch                       : 1,947 / 2,000
  frames                      : 318,996,480


Policy 0: 
Timing:
  Play time               : 10.031 s
  Update time             : 0.757 s
  Time to train epoch     : 10.788 s


Statistics:
  fps step                    : 16,571
  fps step + policy inference : 16,334
  fps total                   : 15,187
  epoch                       : 1,948 / 2,000
  frames                      : 319,160,320


Policy 0: 
Timing:
  Play time               : 10.052 s
  Update time             : 0.839 s
  Time to train epoch     : 10.891 s


Statistics:
  fps step                    : 16,533
  fps step + policy inference : 16,299
  fps total                   : 15,044
  epoch                       : 1,949 / 2,000
  frames                      : 319,324,160


Policy 0: 
Timing:
  Play time               : 10.093 s
  Update time             : 0.757 s
  Time to train epoch     : 10.850 s


Statistics:
  fps step                    : 16,467
  fps step + policy inference : 16,232
  fps total                   : 15,100
  epoch                       : 1,950 / 2,000
  frames                      : 319,488,000


Policy 0: 
Timing:
  Play time               : 10.049 s
  Update time             : 0.729 s
  Time to train epoch     : 10.778 s


Statistics:
  fps step                    : 16,576
  fps step + policy inference : 16,305
  fps total                   : 15,201
  epoch                       : 1,951 / 2,000
  frames                      : 319,651,840


Policy 0: 
Timing:
  Play time               : 10.085 s
  Update time             : 0.672 s
  Time to train epoch     : 10.758 s


Statistics:
  fps step                    : 16,478
  fps step + policy inference : 16,245
  fps total                   : 15,230
  epoch                       : 1,952 / 2,000
  frames                      : 319,815,680


Policy 0: 
Timing:
  Play time               : 10.119 s
  Update time             : 0.810 s
  Time to train epoch     : 10.929 s


Statistics:
  fps step                    : 16,419
  fps step + policy inference : 16,191
  fps total                   : 14,991
  epoch                       : 1,953 / 2,000
  frames                      : 319,979,520


Policy 0: 
Timing:
  Play time               : 10.094 s
  Update time             : 0.824 s
  Time to train epoch     : 10.918 s


Statistics:
  fps step                    : 16,461
  fps step + policy inference : 16,231
  fps total                   : 15,006
  epoch                       : 1,954 / 2,000
  frames                      : 320,143,360


Policy 0: 
Timing:
  Play time               : 10.051 s
  Update time             : 0.674 s
  Time to train epoch     : 10.724 s


Statistics:
  fps step                    : 16,533
  fps step + policy inference : 16,301
  fps total                   : 15,277
  epoch                       : 1,955 / 2,000
  frames                      : 320,307,200


Policy 0: 
Timing:
  Play time               : 10.056 s
  Update time             : 0.658 s
  Time to train epoch     : 10.714 s


Statistics:
  fps step                    : 16,523
  fps step + policy inference : 16,293
  fps total                   : 15,292
  epoch                       : 1,956 / 2,000
  frames                      : 320,471,040


Policy 0: 
Timing:
  Play time               : 10.210 s
  Update time             : 0.795 s
  Time to train epoch     : 11.005 s


Statistics:
  fps step                    : 16,564
  fps step + policy inference : 16,047
  fps total                   : 14,888
  epoch                       : 1,957 / 2,000
  frames                      : 320,634,880


Policy 0: 
Timing:
  Play time               : 10.028 s
  Update time             : 0.825 s
  Time to train epoch     : 10.853 s


Statistics:
  fps step                    : 16,574
  fps step + policy inference : 16,339
  fps total                   : 15,097
  epoch                       : 1,958 / 2,000
  frames                      : 320,798,720


Policy 0: 
Timing:
  Play time               : 10.089 s
  Update time             : 0.798 s
  Time to train epoch     : 10.887 s


Statistics:
  fps step                    : 16,474
  fps step + policy inference : 16,239
  fps total                   : 15,049
  epoch                       : 1,959 / 2,000
  frames                      : 320,962,560


Policy 0: 
Timing:
  Play time               : 9.995 s
  Update time             : 0.725 s
  Time to train epoch     : 10.720 s


Statistics:
  fps step                    : 16,631
  fps step + policy inference : 16,392
  fps total                   : 15,283
  epoch                       : 1,960 / 2,000
  frames                      : 321,126,400


Policy 0: 
Timing:
  Play time               : 9.972 s
  Update time             : 0.662 s
  Time to train epoch     : 10.634 s


Statistics:
  fps step                    : 16,663
  fps step + policy inference : 16,430
  fps total                   : 15,407
  epoch                       : 1,961 / 2,000
  frames                      : 321,290,240


Policy 0: 
Timing:
  Play time               : 10.093 s
  Update time             : 0.851 s
  Time to train epoch     : 10.944 s


Statistics:
  fps step                    : 16,469
  fps step + policy inference : 16,233
  fps total                   : 14,970
  epoch                       : 1,962 / 2,000
  frames                      : 321,454,080


Policy 0: 
Timing:
  Play time               : 10.081 s
  Update time             : 0.864 s
  Time to train epoch     : 10.945 s


Statistics:
  fps step                    : 16,491
  fps step + policy inference : 16,252
  fps total                   : 14,969
  epoch                       : 1,963 / 2,000
  frames                      : 321,617,920


Policy 0: 
Timing:
  Play time               : 9.989 s
  Update time             : 0.846 s
  Time to train epoch     : 10.835 s


Statistics:
  fps step                    : 16,636
  fps step + policy inference : 16,401
  fps total                   : 15,121
  epoch                       : 1,964 / 2,000
  frames                      : 321,781,760


Policy 0: 
Timing:
  Play time               : 10.122 s
  Update time             : 0.828 s
  Time to train epoch     : 10.950 s


Statistics:
  fps step                    : 16,417
  fps step + policy inference : 16,186
  fps total                   : 14,962
  epoch                       : 1,965 / 2,000
  frames                      : 321,945,600


Policy 0: 
Timing:
  Play time               : 10.138 s
  Update time             : 0.810 s
  Time to train epoch     : 10.947 s


Statistics:
  fps step                    : 16,397
  fps step + policy inference : 16,161
  fps total                   : 14,966
  epoch                       : 1,966 / 2,000
  frames                      : 322,109,440


Policy 0: 
Timing:
  Play time               : 10.061 s
  Update time             : 0.822 s
  Time to train epoch     : 10.883 s


Statistics:
  fps step                    : 16,516
  fps step + policy inference : 16,284
  fps total                   : 15,055
  epoch                       : 1,967 / 2,000
  frames                      : 322,273,280


Policy 0: 
Timing:
  Play time               : 10.153 s
  Update time             : 0.847 s
  Time to train epoch     : 11.000 s


Statistics:
  fps step                    : 16,367
  fps step + policy inference : 16,138
  fps total                   : 14,895
  epoch                       : 1,968 / 2,000
  frames                      : 322,437,120


Policy 0: 
Timing:
  Play time               : 10.081 s
  Update time             : 0.881 s
  Time to train epoch     : 10.961 s


Statistics:
  fps step                    : 16,495
  fps step + policy inference : 16,253
  fps total                   : 14,947
  epoch                       : 1,969 / 2,000
  frames                      : 322,600,960


Policy 0: 
Timing:
  Play time               : 10.021 s
  Update time             : 0.821 s
  Time to train epoch     : 10.842 s


Statistics:
  fps step                    : 16,581
  fps step + policy inference : 16,349
  fps total                   : 15,111
  epoch                       : 1,970 / 2,000
  frames                      : 322,764,800


Policy 0: 
Timing:
  Play time               : 10.056 s
  Update time             : 0.818 s
  Time to train epoch     : 10.874 s


Statistics:
  fps step                    : 16,527
  fps step + policy inference : 16,293
  fps total                   : 15,067
  epoch                       : 1,971 / 2,000
  frames                      : 322,928,640


Policy 0: 
Timing:
  Play time               : 10.127 s
  Update time             : 0.760 s
  Time to train epoch     : 10.887 s


Statistics:
  fps step                    : 16,407
  fps step + policy inference : 16,178
  fps total                   : 15,050
  epoch                       : 1,972 / 2,000
  frames                      : 323,092,480


Policy 0: 
Timing:
  Play time               : 10.131 s
  Update time             : 0.799 s
  Time to train epoch     : 10.930 s


Statistics:
  fps step                    : 16,403
  fps step + policy inference : 16,172
  fps total                   : 14,990
  epoch                       : 1,973 / 2,000
  frames                      : 323,256,320


Policy 0: 
Timing:
  Play time               : 10.051 s
  Update time             : 0.861 s
  Time to train epoch     : 10.911 s


Statistics:
  fps step                    : 16,536
  fps step + policy inference : 16,302
  fps total                   : 15,016
  epoch                       : 1,974 / 2,000
  frames                      : 323,420,160


Policy 0: 
Timing:
  Play time               : 10.471 s
  Update time             : 0.745 s
  Time to train epoch     : 11.215 s


Statistics:
  fps step                    : 16,131
  fps step + policy inference : 15,648
  fps total                   : 14,608
  epoch                       : 1,975 / 2,000
  frames                      : 323,584,000


Policy 0: 
Timing:
  Play time               : 10.049 s
  Update time             : 0.834 s
  Time to train epoch     : 10.883 s


Statistics:
  fps step                    : 16,554
  fps step + policy inference : 16,305
  fps total                   : 15,055
  epoch                       : 1,976 / 2,000
  frames                      : 323,747,840


Policy 0: 
Timing:
  Play time               : 10.136 s
  Update time             : 0.849 s
  Time to train epoch     : 10.986 s


Statistics:
  fps step                    : 16,399
  fps step + policy inference : 16,163
  fps total                   : 14,914
  epoch                       : 1,977 / 2,000
  frames                      : 323,911,680


Policy 0: 
Timing:
  Play time               : 10.088 s
  Update time             : 0.800 s
  Time to train epoch     : 10.888 s


Statistics:
  fps step                    : 16,484
  fps step + policy inference : 16,241
  fps total                   : 15,047
  epoch                       : 1,978 / 2,000
  frames                      : 324,075,520


Policy 0: 
Timing:
  Play time               : 9.997 s
  Update time             : 0.677 s
  Time to train epoch     : 10.674 s


Statistics:
  fps step                    : 16,622
  fps step + policy inference : 16,389
  fps total                   : 15,350
  epoch                       : 1,979 / 2,000
  frames                      : 324,239,360


Policy 0: 
Timing:
  Play time               : 10.149 s
  Update time             : 0.736 s
  Time to train epoch     : 10.885 s


Statistics:
  fps step                    : 16,373
  fps step + policy inference : 16,144
  fps total                   : 15,052
  epoch                       : 1,980 / 2,000
  frames                      : 324,403,200


Policy 0: 
Timing:
  Play time               : 10.147 s
  Update time             : 0.872 s
  Time to train epoch     : 11.019 s


Statistics:
  fps step                    : 16,379
  fps step + policy inference : 16,146
  fps total                   : 14,868
  epoch                       : 1,981 / 2,000
  frames                      : 324,567,040


Policy 0: 
Timing:
  Play time               : 10.056 s
  Update time             : 0.804 s
  Time to train epoch     : 10.860 s


Statistics:
  fps step                    : 16,527
  fps step + policy inference : 16,293
  fps total                   : 15,087
  epoch                       : 1,982 / 2,000
  frames                      : 324,730,880


Policy 0: 
Timing:
  Play time               : 10.012 s
  Update time             : 0.672 s
  Time to train epoch     : 10.684 s


Statistics:
  fps step                    : 16,599
  fps step + policy inference : 16,365
  fps total                   : 15,335
  epoch                       : 1,983 / 2,000
  frames                      : 324,894,720


Policy 0: 
Timing:
  Play time               : 10.195 s
  Update time             : 0.771 s
  Time to train epoch     : 10.967 s


Statistics:
  fps step                    : 16,391
  fps step + policy inference : 16,070
  fps total                   : 14,940
  epoch                       : 1,984 / 2,000
  frames                      : 325,058,560


Policy 0: 
Timing:
  Play time               : 10.209 s
  Update time             : 0.871 s
  Time to train epoch     : 11.080 s


Statistics:
  fps step                    : 16,278
  fps step + policy inference : 16,049
  fps total                   : 14,788
  epoch                       : 1,985 / 2,000
  frames                      : 325,222,400


Policy 0: 
Timing:
  Play time               : 10.016 s
  Update time             : 0.761 s
  Time to train epoch     : 10.777 s


Statistics:
  fps step                    : 16,596
  fps step + policy inference : 16,357
  fps total                   : 15,203
  epoch                       : 1,986 / 2,000
  frames                      : 325,386,240


Policy 0: 
Timing:
  Play time               : 10.133 s
  Update time             : 0.692 s
  Time to train epoch     : 10.826 s


Statistics:
  fps step                    : 16,401
  fps step + policy inference : 16,169
  fps total                   : 15,135
  epoch                       : 1,987 / 2,000
  frames                      : 325,550,080


Policy 0: 
Timing:
  Play time               : 10.118 s
  Update time             : 0.715 s
  Time to train epoch     : 10.834 s


Statistics:
  fps step                    : 16,431
  fps step + policy inference : 16,192
  fps total                   : 15,123
  epoch                       : 1,988 / 2,000
  frames                      : 325,713,920


Policy 0: 
Timing:
  Play time               : 10.015 s
  Update time             : 0.773 s
  Time to train epoch     : 10.789 s


Statistics:
  fps step                    : 16,593
  fps step + policy inference : 16,359
  fps total                   : 15,186
  epoch                       : 1,989 / 2,000
  frames                      : 325,877,760


Policy 0: 
Timing:
  Play time               : 10.100 s
  Update time             : 0.813 s
  Time to train epoch     : 10.913 s


Statistics:
  fps step                    : 16,454
  fps step + policy inference : 16,222
  fps total                   : 15,013
  epoch                       : 1,990 / 2,000
  frames                      : 326,041,600


Policy 0: 
Timing:
  Play time               : 10.269 s
  Update time             : 0.729 s
  Time to train epoch     : 10.998 s


Statistics:
  fps step                    : 16,184
  fps step + policy inference : 15,955
  fps total                   : 14,897
  epoch                       : 1,991 / 2,000
  frames                      : 326,205,440


Policy 0: 
Timing:
  Play time               : 10.074 s
  Update time             : 0.679 s
  Time to train epoch     : 10.753 s


Statistics:
  fps step                    : 16,493
  fps step + policy inference : 16,263
  fps total                   : 15,237
  epoch                       : 1,992 / 2,000
  frames                      : 326,369,280


Policy 0: 
Timing:
  Play time               : 10.010 s
  Update time             : 0.684 s
  Time to train epoch     : 10.694 s


Statistics:
  fps step                    : 16,600
  fps step + policy inference : 16,367
  fps total                   : 15,320
  epoch                       : 1,993 / 2,000
  frames                      : 326,533,120


Policy 0: 
Timing:
  Play time               : 10.331 s
  Update time             : 0.847 s
  Time to train epoch     : 11.178 s


Statistics:
  fps step                    : 16,362
  fps step + policy inference : 15,859
  fps total                   : 14,657
  epoch                       : 1,994 / 2,000
  frames                      : 326,696,960


Policy 0: saving next best rewards:  [757.1]
=> saving checkpoint 'runs/hold_r11_dense1_seed2901/nn/hold_r11_dense1_seed2901.pth'

Timing:
  Play time               : 9.944 s
  Update time             : 0.825 s
  Time to train epoch     : 10.769 s


Statistics:
  fps step                    : 16,719
  fps step + policy inference : 16,476
  fps total                   : 15,214
  epoch                       : 1,995 / 2,000
  frames                      : 326,860,800


Policy 0: saving next best rewards:  [757.18]
=> saving checkpoint 'runs/hold_r11_dense1_seed2901/nn/hold_r11_dense1_seed2901.pth'

Timing:
  Play time               : 10.157 s
  Update time             : 0.721 s
  Time to train epoch     : 10.878 s


Statistics:
  fps step                    : 16,367
  fps step + policy inference : 16,131
  fps total                   : 15,061
  epoch                       : 1,996 / 2,000
  frames                      : 327,024,640


Policy 0: 
Timing:
  Play time               : 10.097 s
  Update time             : 0.733 s
  Time to train epoch     : 10.830 s


Statistics:
  fps step                    : 16,470
  fps step + policy inference : 16,226
  fps total                   : 15,128
  epoch                       : 1,997 / 2,000
  frames                      : 327,188,480


Policy 0: 
Timing:
  Play time               : 10.011 s
  Update time             : 0.668 s
  Time to train epoch     : 10.679 s


Statistics:
  fps step                    : 16,600
  fps step + policy inference : 16,366
  fps total                   : 15,343
  epoch                       : 1,998 / 2,000
  frames                      : 327,352,320


Policy 0: 
Timing:
  Play time               : 10.054 s
  Update time             : 0.728 s
  Time to train epoch     : 10.782 s


Statistics:
  fps step                    : 16,536
  fps step + policy inference : 16,296
  fps total                   : 15,196
  epoch                       : 1,999 / 2,000
  frames                      : 327,516,160


Policy 0: 
Timing:
  Play time               : 10.183 s
  Update time             : 0.862 s
  Time to train epoch     : 11.045 s


Statistics:
  fps step                    : 16,323
  fps step + policy inference : 16,089
  fps total                   : 14,834
  epoch                       : 2,000 / 2,000
  frames                      : 327,680,000


Policy 0: Saved recovery checkpoint runs/hold_r11_dense1_seed2901/checkpoints/epoch_002000.pth; evaluation_due=True
=> saving checkpoint 'runs/hold_r11_dense1_seed2901/nn/last_hold_r11_dense1_seed2901_ep_2000_rew__756.54_.pth'
MAX EPOCHS NUM!
