Importing module 'gym_38' (/home/wangjiarui/artgym-runtime/opt/isaacgym/python/isaacgym/_bindings/linux-x86_64/gym_38.so)
[Warning] [carb] unknown type for the object '/home/wangjiarui/artgym-runtime/opt/isaacgym/python/isaacgym/_bindings/linux-x86_64//libboost_python36.so' {d_type = 0x00000000}
[Warning] [carb] unknown type for the object '/home/wangjiarui/artgym-runtime/opt/isaacgym/python/isaacgym/_bindings/linux-x86_64//libboost_regex.so' {d_type = 0x00000000}
[Warning] [carb] unknown type for the object '/home/wangjiarui/artgym-runtime/opt/isaacgym/python/isaacgym/_bindings/linux-x86_64//libpython3.6m.so' {d_type = 0x00000000}
[Warning] [carb] unknown type for the object '/home/wangjiarui/artgym-runtime/opt/isaacgym/python/isaacgym/_bindings/linux-x86_64//libGLEW.so' {d_type = 0x00000000}
[Warning] [carb] unknown type for the object '/home/wangjiarui/artgym-runtime/opt/isaacgym/python/isaacgym/_bindings/linux-x86_64//libboost_atomic.so' {d_type = 0x00000000}
[Warning] [carb] unknown type for the object '/home/wangjiarui/artgym-runtime/opt/isaacgym/python/isaacgym/_bindings/linux-x86_64//libembree.so' {d_type = 0x00000000}
[Warning] [carb] unknown type for the object '/home/wangjiarui/artgym-runtime/opt/isaacgym/python/isaacgym/_bindings/linux-x86_64//libembree.so.2' {d_type = 0x00000000}
[Warning] [carb] unknown type for the object '/home/wangjiarui/artgym-runtime/opt/isaacgym/python/isaacgym/_bindings/linux-x86_64//libjemalloc.so' {d_type = 0x00000000}
[Warning] [carb] unknown type for the object '/home/wangjiarui/artgym-runtime/opt/isaacgym/python/isaacgym/_bindings/linux-x86_64//libboost_python27.so' {d_type = 0x00000000}
[Warning] [carb] unknown type for the object '/home/wangjiarui/artgym-runtime/opt/isaacgym/python/isaacgym/_bindings/linux-x86_64//libGLEW.so.2.0' {d_type = 0x00000000}
[Warning] [carb] unknown type for the object '/home/wangjiarui/artgym-runtime/opt/isaacgym/python/isaacgym/_bindings/linux-x86_64//libosdCPU.so' {d_type = 0x00000000}
[Warning] [carb] unknown type for the object '/home/wangjiarui/artgym-runtime/opt/isaacgym/python/isaacgym/_bindings/linux-x86_64//libboost_program_options.so' {d_type = 0x00000000}
[Warning] [carb] unknown type for the object '/home/wangjiarui/artgym-runtime/opt/isaacgym/python/isaacgym/_bindings/linux-x86_64//libosdGPU.so' {d_type = 0x00000000}
[Warning] [carb] unknown type for the object '/home/wangjiarui/artgym-runtime/opt/isaacgym/python/isaacgym/_bindings/linux-x86_64//libboost_thread.so' {d_type = 0x00000000}
[Warning] [carb] unknown type for the object '/home/wangjiarui/artgym-runtime/opt/isaacgym/python/isaacgym/_bindings/linux-x86_64//libboost_filesystem.so' {d_type = 0x00000000}
[Warning] [carb] unknown type for the object '/home/wangjiarui/artgym-runtime/opt/isaacgym/python/isaacgym/_bindings/linux-x86_64//libboost_date_time.so' {d_type = 0x00000000}
[Warning] [carb] unknown type for the object '/home/wangjiarui/artgym-runtime/opt/isaacgym/python/isaacgym/_bindings/linux-x86_64//libboost_system.so' {d_type = 0x00000000}
[Warning] [carb] unknown type for the object '/home/wangjiarui/artgym-runtime/opt/isaacgym/python/isaacgym/_bindings/linux-x86_64//libboost_python36.so' {d_type = 0x00000000}
[Warning] [carb] unknown type for the object '/home/wangjiarui/artgym-runtime/opt/isaacgym/python/isaacgym/_bindings/linux-x86_64//libboost_regex.so' {d_type = 0x00000000}
[Warning] [carb] unknown type for the object '/home/wangjiarui/artgym-runtime/opt/isaacgym/python/isaacgym/_bindings/linux-x86_64//libpython3.6m.so' {d_type = 0x00000000}
[Warning] [carb] unknown type for the object '/home/wangjiarui/artgym-runtime/opt/isaacgym/python/isaacgym/_bindings/linux-x86_64//libGLEW.so' {d_type = 0x00000000}
[Warning] [carb] unknown type for the object '/home/wangjiarui/artgym-runtime/opt/isaacgym/python/isaacgym/_bindings/linux-x86_64//libboost_atomic.so' {d_type = 0x00000000}
[Warning] [carb] unknown type for the object '/home/wangjiarui/artgym-runtime/opt/isaacgym/python/isaacgym/_bindings/linux-x86_64//libembree.so' {d_type = 0x00000000}
[Warning] [carb] unknown type for the object '/home/wangjiarui/artgym-runtime/opt/isaacgym/python/isaacgym/_bindings/linux-x86_64//libembree.so.2' {d_type = 0x00000000}
[Warning] [carb] unknown type for the object '/home/wangjiarui/artgym-runtime/opt/isaacgym/python/isaacgym/_bindings/linux-x86_64//libjemalloc.so' {d_type = 0x00000000}
[Warning] [carb] unknown type for the object '/home/wangjiarui/artgym-runtime/opt/isaacgym/python/isaacgym/_bindings/linux-x86_64//libboost_python27.so' {d_type = 0x00000000}
[Warning] [carb] unknown type for the object '/home/wangjiarui/artgym-runtime/opt/isaacgym/python/isaacgym/_bindings/linux-x86_64//libGLEW.so.2.0' {d_type = 0x00000000}
[Warning] [carb] unknown type for the object '/home/wangjiarui/artgym-runtime/opt/isaacgym/python/isaacgym/_bindings/linux-x86_64//libosdCPU.so' {d_type = 0x00000000}
[Warning] [carb] unknown type for the object '/home/wangjiarui/artgym-runtime/opt/isaacgym/python/isaacgym/_bindings/linux-x86_64//libboost_program_options.so' {d_type = 0x00000000}
[Warning] [carb] unknown type for the object '/home/wangjiarui/artgym-runtime/opt/isaacgym/python/isaacgym/_bindings/linux-x86_64//libosdGPU.so' {d_type = 0x00000000}
[Warning] [carb] unknown type for the object '/home/wangjiarui/artgym-runtime/opt/isaacgym/python/isaacgym/_bindings/linux-x86_64//libboost_thread.so' {d_type = 0x00000000}
[Warning] [carb] unknown type for the object '/home/wangjiarui/artgym-runtime/opt/isaacgym/python/isaacgym/_bindings/linux-x86_64//libboost_filesystem.so' {d_type = 0x00000000}
[Warning] [carb] unknown type for the object '/home/wangjiarui/artgym-runtime/opt/isaacgym/python/isaacgym/_bindings/linux-x86_64//libboost_date_time.so' {d_type = 0x00000000}
[Warning] [carb] unknown type for the object '/home/wangjiarui/artgym-runtime/opt/isaacgym/python/isaacgym/_bindings/linux-x86_64//libboost_system.so' {d_type = 0x00000000}
[Warning] [carb] unknown type for the object '/home/wangjiarui/artgym-runtime/opt/isaacgym/python/isaacgym/_bindings/linux-x86_64//libboost_python36.so' {d_type = 0x00000000}
[Warning] [carb] unknown type for the object '/home/wangjiarui/artgym-runtime/opt/isaacgym/python/isaacgym/_bindings/linux-x86_64//libboost_regex.so' {d_type = 0x00000000}
[Warning] [carb] unknown type for the object '/home/wangjiarui/artgym-runtime/opt/isaacgym/python/isaacgym/_bindings/linux-x86_64//libpython3.6m.so' {d_type = 0x00000000}
[Warning] [carb] unknown type for the object '/home/wangjiarui/artgym-runtime/opt/isaacgym/python/isaacgym/_bindings/linux-x86_64//libGLEW.so' {d_type = 0x00000000}
[Warning] [carb] unknown type for the object '/home/wangjiarui/artgym-runtime/opt/isaacgym/python/isaacgym/_bindings/linux-x86_64//libboost_atomic.so' {d_type = 0x00000000}
[Warning] [carb] unknown type for the object '/home/wangjiarui/artgym-runtime/opt/isaacgym/python/isaacgym/_bindings/linux-x86_64//libembree.so' {d_type = 0x00000000}
[Warning] [carb] unknown type for the object '/home/wangjiarui/artgym-runtime/opt/isaacgym/python/isaacgym/_bindings/linux-x86_64//libembree.so.2' {d_type = 0x00000000}
[Warning] [carb] unknown type for the object '/home/wangjiarui/artgym-runtime/opt/isaacgym/python/isaacgym/_bindings/linux-x86_64//libjemalloc.so' {d_type = 0x00000000}
[Warning] [carb] unknown type for the object '/home/wangjiarui/artgym-runtime/opt/isaacgym/python/isaacgym/_bindings/linux-x86_64//libboost_python27.so' {d_type = 0x00000000}
[Warning] [carb] unknown type for the object '/home/wangjiarui/artgym-runtime/opt/isaacgym/python/isaacgym/_bindings/linux-x86_64//libGLEW.so.2.0' {d_type = 0x00000000}
[Warning] [carb] unknown type for the object '/home/wangjiarui/artgym-runtime/opt/isaacgym/python/isaacgym/_bindings/linux-x86_64//libosdCPU.so' {d_type = 0x00000000}
[Warning] [carb] unknown type for the object '/home/wangjiarui/artgym-runtime/opt/isaacgym/python/isaacgym/_bindings/linux-x86_64//libboost_program_options.so' {d_type = 0x00000000}
[Warning] [carb] unknown type for the object '/home/wangjiarui/artgym-runtime/opt/isaacgym/python/isaacgym/_bindings/linux-x86_64//libosdGPU.so' {d_type = 0x00000000}
[Warning] [carb] unknown type for the object '/home/wangjiarui/artgym-runtime/opt/isaacgym/python/isaacgym/_bindings/linux-x86_64//libboost_thread.so' {d_type = 0x00000000}
[Warning] [carb] unknown type for the object '/home/wangjiarui/artgym-runtime/opt/isaacgym/python/isaacgym/_bindings/linux-x86_64//libboost_filesystem.so' {d_type = 0x00000000}
[Warning] [carb] unknown type for the object '/home/wangjiarui/artgym-runtime/opt/isaacgym/python/isaacgym/_bindings/linux-x86_64//libboost_date_time.so' {d_type = 0x00000000}
[Warning] [carb] unknown type for the object '/home/wangjiarui/artgym-runtime/opt/isaacgym/python/isaacgym/_bindings/linux-x86_64//libboost_system.so' {d_type = 0x00000000}
[Warning] [carb] unknown type for the object '/home/wangjiarui/artgym-runtime/opt/isaacgym/python/isaacgym/_bindings/linux-x86_64//libboost_python36.so' {d_type = 0x00000000}
[Warning] [carb] unknown type for the object '/home/wangjiarui/artgym-runtime/opt/isaacgym/python/isaacgym/_bindings/linux-x86_64//libboost_regex.so' {d_type = 0x00000000}
[Warning] [carb] unknown type for the object '/home/wangjiarui/artgym-runtime/opt/isaacgym/python/isaacgym/_bindings/linux-x86_64//libpython3.6m.so' {d_type = 0x00000000}
[Warning] [carb] unknown type for the object '/home/wangjiarui/artgym-runtime/opt/isaacgym/python/isaacgym/_bindings/linux-x86_64//libGLEW.so' {d_type = 0x00000000}
[Warning] [carb] unknown type for the object '/home/wangjiarui/artgym-runtime/opt/isaacgym/python/isaacgym/_bindings/linux-x86_64//libboost_atomic.so' {d_type = 0x00000000}
[Warning] [carb] unknown type for the object '/home/wangjiarui/artgym-runtime/opt/isaacgym/python/isaacgym/_bindings/linux-x86_64//libembree.so' {d_type = 0x00000000}
[Warning] [carb] unknown type for the object '/home/wangjiarui/artgym-runtime/opt/isaacgym/python/isaacgym/_bindings/linux-x86_64//libembree.so.2' {d_type = 0x00000000}
[Warning] [carb] unknown type for the object '/home/wangjiarui/artgym-runtime/opt/isaacgym/python/isaacgym/_bindings/linux-x86_64//libjemalloc.so' {d_type = 0x00000000}
[Warning] [carb] unknown type for the object '/home/wangjiarui/artgym-runtime/opt/isaacgym/python/isaacgym/_bindings/linux-x86_64//libboost_python27.so' {d_type = 0x00000000}
[Warning] [carb] unknown type for the object '/home/wangjiarui/artgym-runtime/opt/isaacgym/python/isaacgym/_bindings/linux-x86_64//libGLEW.so.2.0' {d_type = 0x00000000}
[Warning] [carb] unknown type for the object '/home/wangjiarui/artgym-runtime/opt/isaacgym/python/isaacgym/_bindings/linux-x86_64//libosdCPU.so' {d_type = 0x00000000}
[Warning] [carb] unknown type for the object '/home/wangjiarui/artgym-runtime/opt/isaacgym/python/isaacgym/_bindings/linux-x86_64//libboost_program_options.so' {d_type = 0x00000000}
[Warning] [carb] unknown type for the object '/home/wangjiarui/artgym-runtime/opt/isaacgym/python/isaacgym/_bindings/linux-x86_64//libosdGPU.so' {d_type = 0x00000000}
[Warning] [carb] unknown type for the object '/home/wangjiarui/artgym-runtime/opt/isaacgym/python/isaacgym/_bindings/linux-x86_64//libboost_thread.so' {d_type = 0x00000000}
[Warning] [carb] unknown type for the object '/home/wangjiarui/artgym-runtime/opt/isaacgym/python/isaacgym/_bindings/linux-x86_64//libboost_filesystem.so' {d_type = 0x00000000}
[Warning] [carb] unknown type for the object '/home/wangjiarui/artgym-runtime/opt/isaacgym/python/isaacgym/_bindings/linux-x86_64//libboost_date_time.so' {d_type = 0x00000000}
[Warning] [carb] unknown type for the object '/home/wangjiarui/artgym-runtime/opt/isaacgym/python/isaacgym/_bindings/linux-x86_64//libboost_system.so' {d_type = 0x00000000}
[Warning] [carb] unknown type for the object '/home/wangjiarui/artgym-runtime/opt/isaacgym/python/isaacgym/_bindings/linux-x86_64//libboost_python36.so' {d_type = 0x00000000}
[Warning] [carb] unknown type for the object '/home/wangjiarui/artgym-runtime/opt/isaacgym/python/isaacgym/_bindings/linux-x86_64//libboost_regex.so' {d_type = 0x00000000}
[Warning] [carb] unknown type for the object '/home/wangjiarui/artgym-runtime/opt/isaacgym/python/isaacgym/_bindings/linux-x86_64//libpython3.6m.so' {d_type = 0x00000000}
[Warning] [carb] unknown type for the object '/home/wangjiarui/artgym-runtime/opt/isaacgym/python/isaacgym/_bindings/linux-x86_64//libGLEW.so' {d_type = 0x00000000}
[Warning] [carb] unknown type for the object '/home/wangjiarui/artgym-runtime/opt/isaacgym/python/isaacgym/_bindings/linux-x86_64//libboost_atomic.so' {d_type = 0x00000000}
[Warning] [carb] unknown type for the object '/home/wangjiarui/artgym-runtime/opt/isaacgym/python/isaacgym/_bindings/linux-x86_64//libembree.so' {d_type = 0x00000000}
[Warning] [carb] unknown type for the object '/home/wangjiarui/artgym-runtime/opt/isaacgym/python/isaacgym/_bindings/linux-x86_64//libembree.so.2' {d_type = 0x00000000}
[Warning] [carb] unknown type for the object '/home/wangjiarui/artgym-runtime/opt/isaacgym/python/isaacgym/_bindings/linux-x86_64//libjemalloc.so' {d_type = 0x00000000}
[Warning] [carb] unknown type for the object '/home/wangjiarui/artgym-runtime/opt/isaacgym/python/isaacgym/_bindings/linux-x86_64//libboost_python27.so' {d_type = 0x00000000}
[Warning] [carb] unknown type for the object '/home/wangjiarui/artgym-runtime/opt/isaacgym/python/isaacgym/_bindings/linux-x86_64//libGLEW.so.2.0' {d_type = 0x00000000}
[Warning] [carb] unknown type for the object '/home/wangjiarui/artgym-runtime/opt/isaacgym/python/isaacgym/_bindings/linux-x86_64//libosdCPU.so' {d_type = 0x00000000}
[Warning] [carb] unknown type for the object '/home/wangjiarui/artgym-runtime/opt/isaacgym/python/isaacgym/_bindings/linux-x86_64//libboost_program_options.so' {d_type = 0x00000000}
[Warning] [carb] unknown type for the object '/home/wangjiarui/artgym-runtime/opt/isaacgym/python/isaacgym/_bindings/linux-x86_64//libosdGPU.so' {d_type = 0x00000000}
[Warning] [carb] unknown type for the object '/home/wangjiarui/artgym-runtime/opt/isaacgym/python/isaacgym/_bindings/linux-x86_64//libboost_thread.so' {d_type = 0x00000000}
[Warning] [carb] unknown type for the object '/home/wangjiarui/artgym-runtime/opt/isaacgym/python/isaacgym/_bindings/linux-x86_64//libboost_filesystem.so' {d_type = 0x00000000}
[Warning] [carb] unknown type for the object '/home/wangjiarui/artgym-runtime/opt/isaacgym/python/isaacgym/_bindings/linux-x86_64//libboost_date_time.so' {d_type = 0x00000000}
[Warning] [carb] unknown type for the object '/home/wangjiarui/artgym-runtime/opt/isaacgym/python/isaacgym/_bindings/linux-x86_64//libboost_system.so' {d_type = 0x00000000}
Setting GYM_USD_PLUG_INFO_PATH to /home/wangjiarui/artgym-runtime/opt/isaacgym/python/isaacgym/_bindings/linux-x86_64/usd/plugInfo.json
Gym has been unmaintained since 2022 and does not support NumPy 2.0 amongst other critical functionality.
Please upgrade to Gymnasium, the maintained drop-in replacement of Gym, or contact the authors of your software and request that they upgrade.
Users of this version of Gym should be able to simply replace 'import gym' with 'import gymnasium as gym' in the vast majority of cases.
See the migration guide at https://gymnasium.farama.org/introduction/migration_guide/ for additional information.
/home/wangjiarui/artgym-multigrasp-20260928/isaacgymenvs/train.py:81: Hydra14MigrationWarning: 
version_base="1.1" selects Hydra 1.1 compatibility behavior.
Hydra 1.4 will remove this compatibility behavior.
Before upgrading to Hydra 1.4, set version_base="1.3" and test your application.
See https://hydra.cc/docs/upgrades/1.3_to_1.4/prepare_for_1_4/ for preparation instructions.
  @hydra.main(version_base="1.1", config_name="config", config_path="./cfg")
/home/wangjiarui/artgym-runtime/lib/python3.8/site-packages/hydra/_internal/hydra.py:119: UserWarning: Future Hydra versions will no longer change working directory at job runtime by default.
See https://hydra.cc/docs/1.2/upgrades/1.1_to_1.2/changes_to_job_working_dir/ for more information.
  ret = run_job(
PyTorch version 2.1.0+cu121
Device count 1
/home/wangjiarui/artgym-runtime/opt/isaacgym/python/isaacgym/_bindings/src/gymtorch
Using /home/wangjiarui/.cache/torch_extensions/py38_cu121 as PyTorch extensions root...
Emitting ninja build file /home/wangjiarui/.cache/torch_extensions/py38_cu121/gymtorch/build.ninja...
Building extension module gymtorch...
Using envvar MAX_JOBS (2) as the number of workers...
ninja: no work to do.
Loading extension module gymtorch...
task: 
    name: wuji_multigrasp
    physics_engine: physx
    env: 
        numEnvs: 5120
        envSpacing: 0.75
        episodeLength: 600
        enableDebugVis: False
        aggregateMode: 0
        successHoldDurationSec: 0.3
        successHoldDurationRangeSec: [0.3, 0.3]
        maxConsecutiveSuccesses: 0
        goalSwitchTimeoutSec: 0.0
        jointNoise: 0.0
        dofSpeedScale: 1.0
        useRelativeControl: False
        graspSplit: train
        rewardWeightCurriculum: 
            ObjPosDeviation: -0.5
            ObjRotDeviation: -0.02
            StableContact: 0.0
        rewardWeightCurriculumSchedule: 
            warmupSteps: 200
            totalSteps: 2000
        binaryTactileThreshold: 0.05
        actionsMovingAverage: 1.0
        controlFrequencyInv: 4
        forceScale: 0.0
        forceProbRange: [0.001, 0.1]
        forceDecay: 0.99
        forceDecayInterval: 0.08
        policyObsDim: 111
        privilegedObsDim: 21
        studentInitObsDim: 55
        proprioHistoryLen: 50
        enableCameraSensors: False
        camera: 
            height: 1080
            width: 1920
            horizontal_fov: 75
            use_collision_geometry: True
            cam_pos: [0.0, 0.2, 1.0]
            cam_target: [0.0, -0.15, 0.5]
        rewardProtocol: corrected
        supportActionSpan: 0.04
        thumbActionStep: 0.025
        aliveReward: 0.1
        initialPoseNoise: 
            position_m: 0.0005
            joint_rad: 0.01
            rotation_vector_rad: 0.008726646259971648
            ramp_epochs: 0
        absolutePoseObjective: 
            coefficient: 1.0
            position_scale_m: 0.01
            rotation_scale_rad: 0.25
            ramp_epochs: 0
        commandPeriodSec: 2.0
        evaluationGoalTimeoutSec: 10.0
        trainingCommandDurationsSec: [2.0, 5.0]
        endpointHoldReward: 0.0
        trainingStates: research/multigrasp-20260928/data/more.npy
    task: 
        randomize: False
        randomization_params: 
    sim: 
        dt: 0.008333333333333333
        substeps: 4
        up_axis: z
        use_gpu_pipeline: True
        gravity: [0.0, 0.0, -9.81]
        physx: 
            num_threads: 4
            solver_type: 1
            use_gpu: True
            num_position_iterations: 16
            num_velocity_iterations: 4
            max_gpu_contact_pairs: 1048576
            num_subscenes: 0
            contact_offset: 0.002
            rest_offset: 0.0
            bounce_threshold_velocity: 0.2
            max_depenetration_velocity: 100.0
            default_buffer_size_multiplier: 2.0
            contact_collection: 2
object: 
    task: 
        success_threshold: 0.002
        rot_devia_threshold: 1.57
        pos_devia_threshold: 0.05
        goals: [0.04, 0.0]
        contact_num: 5
    asset: 
        type: knife
        asset_root: assets/objects/knife_wuji_bridge3_20260922
        instance_id_list: ['000']
        asset_file: mobility.urdf
        initDof: lower
        disgravity_part: []
        disfriction_part: []
        disrbforce_part: []
        dissimulate_part: []
    default_props: 
        mass: [0.029, 0.006]
        friction: 3.0
        dof_stiffness: 0.0
        dof_damping: 0.3
    randomization: 
        randomize: False
        dof_properties: 
            damping: 
                range: [0.7, 1.3]
                operation: scaling
                distribution: uniform
        rigid_body_properties: 
            by_body: 
                link_0: 
                    mass: 
                        range: [1.0, 5.0]
                        operation: scaling
                        distribution: uniform
                link_1: 
                    mass: 
                        range: [1.0, 2.0]
                        operation: scaling
                        distribution: uniform
        rigid_shape_properties: 
            friction: 
                num_buckets: 250
                range: [-1.0, 1.0]
                operation: additive
                distribution: uniform
    reward: 
        ObjPosDeviation: -0.5
        ObjRotDeviation: -0.02
        StableContact: 0.0
        HandQposDeviation: -0.001
        GoalDistance1: 1000.0
        GoalDistance2: 0.1
        Smooth: -1.0
        Drop: -25.0
        Success: 50.0
hand: 
    type: wuji
    asset: assets/hands/wuji_artbot/right.urdf
    self_collisions: True
    force_links: ['hand_r_thumb_pad_link', 'hand_r_index_pad_link', 'hand_r_middle_pad_link', 'hand_r_ring_pad_link', 'hand_r_pinky_pad_link']
    track_links: ['hand_r_thumb_pad_link', 'hand_r_index_pad_link', 'hand_r_middle_pad_link', 'hand_r_ring_pad_link', 'hand_r_pinky_pad_link']
    dof_names: ['hand_r_index_joint1', 'hand_r_index_joint2', 'hand_r_index_joint3', 'hand_r_index_joint4', 'hand_r_middle_joint1', 'hand_r_middle_joint2', 'hand_r_middle_joint3', 'hand_r_middle_joint4', 'hand_r_pinky_joint1', 'hand_r_pinky_joint2', 'hand_r_pinky_joint3', 'hand_r_pinky_joint4', 'hand_r_ring_joint1', 'hand_r_ring_joint2', 'hand_r_ring_joint3', 'hand_r_ring_joint4', 'hand_r_thumb_joint1', 'hand_r_thumb_joint2', 'hand_r_thumb_joint3', 'hand_r_thumb_joint4']
    dof_props: 
        stiffness: [0.37352218155860073, 0.45592448909027794, 0.24368366649522863, 0.18026971340925335, 0.3687093483646485, 0.4164253443634641, 0.22218607502059182, 0.19427606072023446, 0.3655325975433942, 0.41393113081120425, 0.22729367621965954, 0.1964723550341816, 0.35718151495111794, 0.42977315313086895, 0.24930151196247122, 0.2285032688178066, 0.40844710645048043, 0.6858601063643346, 0.2391112196099482, 0.20736128319711747]
        damping: [0.01882274330029718, 0.019798167597016643, 0.010477031953162727, 0.008240212147903584, 0.01848622487024593, 0.018032947229953678, 0.009592200014076666, 0.009152994605972402, 0.018616960278988272, 0.018732177029667153, 0.00951005441616486, 0.009017295241756363, 0.018376606800780005, 0.01867700966212433, 0.01059512121009555, 0.009917602877441107, 0.020882010257063675, 0.030610939996373314, 0.010181475050560962, 0.00909698844675045]
        friction: [0.0, 0.0, 0.0, 0.0, 0.0, 0.0, 0.0, 0.0, 0.0, 0.0, 0.0, 0.0, 0.0, 0.0, 0.0, 0.0, 0.0, 0.0, 0.0, 0.0]
        armature: [0.0005, 0.0002, 0.0002, 0.0002, 0.0005, 0.0002, 0.0002, 0.0002, 0.0005, 0.0002, 0.0002, 0.0002, 0.0005, 0.0002, 0.0002, 0.0002, 0.0005, 0.0005, 0.0002, 0.0002]
    task: 
        numActions: 20
        propDim: 40
        policyObsDim: 111
        studentInitObsDim: 55
    randomization: 
        randomize: False
    self_collision_mode: digit_filtered
train: 
    params: 
        seed: 2026092801
        algo: 
            name: a2c_continuous
        model: 
            name: continuous_a2c_logstd
        network: 
            name: actor_critic_sapg_priv
            separate: True
            space: 
                continuous: 
                    mu_activation: None
                    sigma_activation: None
                    mu_init: 
                        name: const_initializer
                        val: 0.0
                    sigma_init: 
                        name: const_initializer
                        val: -1.0
                    fixed_sigma: coef_cond
            mlp: 
                units: [512, 256, 128]
                activation: elu
                d2rl: False
                initializer: 
                    name: default
                regularizer: 
                    name: None
            rnn: 
                name: lstm
                units: 512
                layers: 1
                before_mlp: True
                layer_norm: True
            sapg_priv: 
                policy_obs_dim: 111
                privileged_obs_dim: 21
                critic_policy_contact_dim: 5
                expl_embedding_dim: 32
                encoder: 
                    units: [256, 128, 16]
                    activation: elu
                    initializer: 
                        name: default
                student_encoder: 
                    type: auto
                    init_dim: 55
                    proprio_encoder: 
                        units: [128, 64]
                        activation: elu
                        initializer: 
                            name: default
                    init_encoder: 
                        units: [128, 64]
                        activation: elu
                        initializer: 
                            name: default
                    temporal: 
                        type: tconv
                        hidden_size: 192
                        num_layers: 5
                        kernel_size: 3
                        dilation_growth: 2
                        activation: elu
                        dropout: 0.05
                    latent_head: 
                        units: [128]
                        activation: elu
                        initializer: 
                            name: default
        load_checkpoint: False
        load_path: 
        config: 
            name: mg_B_seed2801
            full_experiment_name: mg_B_seed2801
            env_name: rlgpu
            multi_gpu: False
            ppo: True
            mixed_precision: False
            normalize_input: True
            normalize_value: True
            value_bootstrap: False
            num_actors: 5120
            reward_shaper: 
                scale_value: 1.0
            normalize_advantage: True
            gamma: 0.998
            tau: 0.95
            learning_rate: 0.0002
            lr_schedule: adaptive
            schedule_type: standard
            kl_threshold: 0.016
            score_to_win: 100000
            max_epochs: 1000
            save_best_after: 50
            save_frequency: 250
            print_stats: True
            grad_norm: 1.0
            entropy_coef: 0
            truncate_grads: True
            e_clip: 0.2
            horizon_length: 32
            minibatch_size: 32768
            mini_epochs: 4
            critic_coef: 4
            clip_value: True
            seq_length: 32
            bounds_loss_coef: 0.0001
            defer_summaries_sec: 5
            summaries_interval_sec_min: 5
            summaries_interval_sec_max: 100
            expl_type: mixed_expl_learn_param
            player: 
                deterministic: True
                use_vecenv: True
                games_num: 1000000
                print_stats: False
            use_others_experience: lf
            off_policy_ratio: 1.0
            expl_reward_type: entropy
            expl_reward_coef_scale: 0.005
            expl_coef_block_size: 1024
            managed_checkpoints: True
            checkpoint_first_epoch: 10
            checkpoint_keep_recent: 10
            checkpoint_milestone_frequency: 500
            evaluation_frequency: 100000
pbt: 
    enabled: False
task_name: wuji_multigrasp
experiment: mg_B_seed2801
num_envs: 5120
seed: 2026092801
torch_deterministic: False
max_iterations: 1000
physics_engine: physx
pipeline: gpu
sim_device: cuda:0
rl_device: cuda:0
graphics_device_id: -1
num_threads: 4
solver_type: 1
num_subscenes: 0
test: False
checkpoint: 
sigma: 
multi_gpu: False
asset_dir: 
capture_video: False
capture_video_freq: 1500
capture_video_len: 100
force_render: False
headless: True
Setting seed: 2026092801
self.seed = 2026092801
Started to train
Exact experiment name requested from command line: mg_B_seed2801
/home/wangjiarui/artgym-runtime/lib/python3.8/site-packages/gym/spaces/box.py:127: UserWarning: [33mWARN: Box bound precision lowered by casting to float32[0m
  logger.warn(f"Box bound precision lowered by casting to {self.dtype}")
Not connected to PVD
+++ Using GPU PhysX
Physics Engine: PhysX
Physics Device: cuda:0
GPU Pipeline: enabled
Box(-1.0, 1.0, (20,), float32) Box(-inf, inf, (137,), float32)
seq_length: 32
current training device: cuda:0
num_minibatches: 5
build mlp: 21
build mlp: 21
build mlp: 512
build mlp: 512
RunningMeanStd:  (1,)
RunningMeanStd:  (137,)
/home/wangjiarui/artgym-multigrasp-20260928/rl_games/rl_games/algos_torch/torch_ext.py:347: UserWarning: To copy construct from a tensor, it is recommended to use sourceTensor.clone().detach() or sourceTensor.clone().detach().requires_grad_(True), rather than torch.tensor(sourceTensor).
  self.current_size = torch.tensor(size_sum, dtype = torch.int32)

Timing:
  Play time               : 12.544 s
  Update time             : 1.504 s
  Time to train epoch     : 14.048 s


Statistics:
  fps step                    : 13,430
  fps step + policy inference : 13,061
  fps total                   : 11,663
  epoch                       : 1 / 1,000
  frames                      : 163,840


Policy 0: 
Timing:
  Play time               : 12.196 s
  Update time             : 1.293 s
  Time to train epoch     : 13.489 s


Statistics:
  fps step                    : 13,637
  fps step + policy inference : 13,434
  fps total                   : 12,147
  epoch                       : 2 / 1,000
  frames                      : 327,680


Policy 0: 
Timing:
  Play time               : 12.080 s
  Update time             : 0.963 s
  Time to train epoch     : 13.043 s


Statistics:
  fps step                    : 13,760
  fps step + policy inference : 13,563
  fps total                   : 12,562
  epoch                       : 3 / 1,000
  frames                      : 491,520


Policy 0: 
Timing:
  Play time               : 12.136 s
  Update time             : 0.932 s
  Time to train epoch     : 13.068 s


Statistics:
  fps step                    : 13,684
  fps step + policy inference : 13,500
  fps total                   : 12,538
  epoch                       : 4 / 1,000
  frames                      : 655,360


Policy 0: 
Timing:
  Play time               : 12.171 s
  Update time             : 0.933 s
  Time to train epoch     : 13.104 s


Statistics:
  fps step                    : 13,645
  fps step + policy inference : 13,461
  fps total                   : 12,503
  epoch                       : 5 / 1,000
  frames                      : 819,200


Policy 0: 
Timing:
  Play time               : 12.159 s
  Update time             : 0.923 s
  Time to train epoch     : 13.081 s


Statistics:
  fps step                    : 13,654
  fps step + policy inference : 13,475
  fps total                   : 12,525
  epoch                       : 6 / 1,000
  frames                      : 983,040


Policy 0: 
Timing:
  Play time               : 12.182 s
  Update time             : 0.891 s
  Time to train epoch     : 13.073 s


Statistics:
  fps step                    : 13,629
  fps step + policy inference : 13,450
  fps total                   : 12,533
  epoch                       : 7 / 1,000
  frames                      : 1,146,880


Policy 0: 
Timing:
  Play time               : 12.161 s
  Update time             : 0.884 s
  Time to train epoch     : 13.045 s


Statistics:
  fps step                    : 13,643
  fps step + policy inference : 13,473
  fps total                   : 12,559
  epoch                       : 8 / 1,000
  frames                      : 1,310,720


Policy 0: 
Timing:
  Play time               : 12.181 s
  Update time             : 0.886 s
  Time to train epoch     : 13.067 s


Statistics:
  fps step                    : 13,623
  fps step + policy inference : 13,451
  fps total                   : 12,539
  epoch                       : 9 / 1,000
  frames                      : 1,474,560


Policy 0: 
Timing:
  Play time               : 12.132 s
  Update time             : 0.876 s
  Time to train epoch     : 13.008 s


Statistics:
  fps step                    : 13,677
  fps step + policy inference : 13,504
  fps total                   : 12,595
  epoch                       : 10 / 1,000
  frames                      : 1,638,400


Policy 0: saving next best rewards:  [-160.05]
=> saving checkpoint 'runs/mg_B_seed2801/nn/mg_B_seed2801.pth'
Saved recovery checkpoint runs/mg_B_seed2801/checkpoints/epoch_000010.pth; evaluation_due=True

Timing:
  Play time               : 12.059 s
  Update time             : 0.846 s
  Time to train epoch     : 12.905 s


Statistics:
  fps step                    : 13,760
  fps step + policy inference : 13,587
  fps total                   : 12,696
  epoch                       : 11 / 1,000
  frames                      : 1,802,240


Policy 0: 
Timing:
  Play time               : 12.104 s
  Update time             : 0.895 s
  Time to train epoch     : 12.999 s


Statistics:
  fps step                    : 13,712
  fps step + policy inference : 13,536
  fps total                   : 12,604
  epoch                       : 12 / 1,000
  frames                      : 1,966,080


Policy 0: 
Timing:
  Play time               : 12.100 s
  Update time             : 0.899 s
  Time to train epoch     : 12.999 s


Statistics:
  fps step                    : 13,719
  fps step + policy inference : 13,541
  fps total                   : 12,604
  epoch                       : 13 / 1,000
  frames                      : 2,129,920


Policy 0: 
Timing:
  Play time               : 12.127 s
  Update time             : 0.937 s
  Time to train epoch     : 13.064 s


Statistics:
  fps step                    : 13,692
  fps step + policy inference : 13,510
  fps total                   : 12,541
  epoch                       : 14 / 1,000
  frames                      : 2,293,760


Policy 0: 
Timing:
  Play time               : 12.130 s
  Update time             : 0.920 s
  Time to train epoch     : 13.050 s


Statistics:
  fps step                    : 13,685
  fps step + policy inference : 13,507
  fps total                   : 12,555
  epoch                       : 15 / 1,000
  frames                      : 2,457,600


Policy 0: 
Timing:
  Play time               : 12.277 s
  Update time             : 0.869 s
  Time to train epoch     : 13.146 s


Statistics:
  fps step                    : 13,522
  fps step + policy inference : 13,345
  fps total                   : 12,463
  epoch                       : 16 / 1,000
  frames                      : 2,621,440


Policy 0: 
Timing:
  Play time               : 12.141 s
  Update time             : 0.914 s
  Time to train epoch     : 13.055 s


Statistics:
  fps step                    : 13,673
  fps step + policy inference : 13,495
  fps total                   : 12,550
  epoch                       : 17 / 1,000
  frames                      : 2,785,280


Policy 0: 
Timing:
  Play time               : 12.185 s
  Update time             : 0.884 s
  Time to train epoch     : 13.069 s


Statistics:
  fps step                    : 13,623
  fps step + policy inference : 13,446
  fps total                   : 12,536
  epoch                       : 18 / 1,000
  frames                      : 2,949,120


Policy 0: 
Timing:
  Play time               : 12.339 s
  Update time             : 0.790 s
  Time to train epoch     : 13.129 s


Statistics:
  fps step                    : 13,590
  fps step + policy inference : 13,278
  fps total                   : 12,480
  epoch                       : 19 / 1,000
  frames                      : 3,112,960


Policy 0: 
Timing:
  Play time               : 12.048 s
  Update time             : 1.087 s
  Time to train epoch     : 13.135 s


Statistics:
  fps step                    : 13,804
  fps step + policy inference : 13,599
  fps total                   : 12,473
  epoch                       : 20 / 1,000
  frames                      : 3,276,800


Policy 0: 
Timing:
  Play time               : 11.985 s
  Update time             : 1.068 s
  Time to train epoch     : 13.053 s


Statistics:
  fps step                    : 13,869
  fps step + policy inference : 13,670
  fps total                   : 12,552
  epoch                       : 21 / 1,000
  frames                      : 3,440,640


Policy 0: 
Timing:
  Play time               : 11.952 s
  Update time             : 0.874 s
  Time to train epoch     : 12.826 s


Statistics:
  fps step                    : 13,900
  fps step + policy inference : 13,708
  fps total                   : 12,774
  epoch                       : 22 / 1,000
  frames                      : 3,604,480


Policy 0: 
Timing:
  Play time               : 11.932 s
  Update time             : 0.943 s
  Time to train epoch     : 12.874 s


Statistics:
  fps step                    : 13,916
  fps step + policy inference : 13,731
  fps total                   : 12,726
  epoch                       : 23 / 1,000
  frames                      : 3,768,320


Policy 0: 
Timing:
  Play time               : 11.928 s
  Update time             : 0.955 s
  Time to train epoch     : 12.883 s


Statistics:
  fps step                    : 13,916
  fps step + policy inference : 13,736
  fps total                   : 12,717
  epoch                       : 24 / 1,000
  frames                      : 3,932,160


Policy 0: 
Timing:
  Play time               : 11.903 s
  Update time             : 0.855 s
  Time to train epoch     : 12.758 s


Statistics:
  fps step                    : 13,950
  fps step + policy inference : 13,765
  fps total                   : 12,842
  epoch                       : 25 / 1,000
  frames                      : 4,096,000


Policy 0: 
Timing:
  Play time               : 11.853 s
  Update time             : 0.798 s
  Time to train epoch     : 12.651 s


Statistics:
  fps step                    : 14,009
  fps step + policy inference : 13,823
  fps total                   : 12,950
  epoch                       : 26 / 1,000
  frames                      : 4,259,840


Policy 0: 
Timing:
  Play time               : 11.781 s
  Update time             : 0.768 s
  Time to train epoch     : 12.550 s


Statistics:
  fps step                    : 14,089
  fps step + policy inference : 13,907
  fps total                   : 13,055
  epoch                       : 27 / 1,000
  frames                      : 4,423,680


Policy 0: 
Timing:
  Play time               : 11.792 s
  Update time             : 0.820 s
  Time to train epoch     : 12.611 s


Statistics:
  fps step                    : 14,078
  fps step + policy inference : 13,895
  fps total                   : 12,991
  epoch                       : 28 / 1,000
  frames                      : 4,587,520


Policy 0: 
Timing:
  Play time               : 11.813 s
  Update time             : 0.904 s
  Time to train epoch     : 12.717 s


Statistics:
  fps step                    : 14,055
  fps step + policy inference : 13,869
  fps total                   : 12,884
  epoch                       : 29 / 1,000
  frames                      : 4,751,360


Policy 0: 
Timing:
  Play time               : 11.751 s
  Update time             : 0.845 s
  Time to train epoch     : 12.595 s


Statistics:
  fps step                    : 14,134
  fps step + policy inference : 13,943
  fps total                   : 13,008
  epoch                       : 30 / 1,000
  frames                      : 4,915,200


Policy 0: 
Timing:
  Play time               : 11.757 s
  Update time             : 0.805 s
  Time to train epoch     : 12.562 s


Statistics:
  fps step                    : 14,125
  fps step + policy inference : 13,935
  fps total                   : 13,042
  epoch                       : 31 / 1,000
  frames                      : 5,079,040


Policy 0: 
Timing:
  Play time               : 11.776 s
  Update time             : 0.864 s
  Time to train epoch     : 12.640 s


Statistics:
  fps step                    : 14,103
  fps step + policy inference : 13,913
  fps total                   : 12,962
  epoch                       : 32 / 1,000
  frames                      : 5,242,880


Policy 0: 
Timing:
  Play time               : 11.860 s
  Update time             : 1.000 s
  Time to train epoch     : 12.860 s


Statistics:
  fps step                    : 14,009
  fps step + policy inference : 13,815
  fps total                   : 12,740
  epoch                       : 33 / 1,000
  frames                      : 5,406,720


Policy 0: 
Timing:
  Play time               : 11.865 s
  Update time             : 0.960 s
  Time to train epoch     : 12.825 s


Statistics:
  fps step                    : 13,997
  fps step + policy inference : 13,809
  fps total                   : 12,775
  epoch                       : 34 / 1,000
  frames                      : 5,570,560


Policy 0: 
Timing:
  Play time               : 11.900 s
  Update time             : 0.881 s
  Time to train epoch     : 12.781 s


Statistics:
  fps step                    : 13,962
  fps step + policy inference : 13,768
  fps total                   : 12,819
  epoch                       : 35 / 1,000
  frames                      : 5,734,400


Policy 0: 
Timing:
  Play time               : 11.914 s
  Update time             : 0.850 s
  Time to train epoch     : 12.763 s


Statistics:
  fps step                    : 13,944
  fps step + policy inference : 13,752
  fps total                   : 12,837
  epoch                       : 36 / 1,000
  frames                      : 5,898,240


Policy 0: 
Timing:
  Play time               : 11.888 s
  Update time             : 0.799 s
  Time to train epoch     : 12.687 s


Statistics:
  fps step                    : 13,967
  fps step + policy inference : 13,782
  fps total                   : 12,914
  epoch                       : 37 / 1,000
  frames                      : 6,062,080


Policy 0: 
Timing:
  Play time               : 12.016 s
  Update time             : 0.958 s
  Time to train epoch     : 12.973 s


Statistics:
  fps step                    : 13,940
  fps step + policy inference : 13,635
  fps total                   : 12,629
  epoch                       : 38 / 1,000
  frames                      : 6,225,920


Policy 0: 
Timing:
  Play time               : 11.901 s
  Update time             : 1.044 s
  Time to train epoch     : 12.945 s


Statistics:
  fps step                    : 13,968
  fps step + policy inference : 13,767
  fps total                   : 12,657
  epoch                       : 39 / 1,000
  frames                      : 6,389,760


Policy 0: 
Timing:
  Play time               : 11.903 s
  Update time             : 0.962 s
  Time to train epoch     : 12.866 s


Statistics:
  fps step                    : 13,962
  fps step + policy inference : 13,764
  fps total                   : 12,735
  epoch                       : 40 / 1,000
  frames                      : 6,553,600


Policy 0: 
Timing:
  Play time               : 11.861 s
  Update time             : 0.894 s
  Time to train epoch     : 12.755 s


Statistics:
  fps step                    : 14,011
  fps step + policy inference : 13,814
  fps total                   : 12,845
  epoch                       : 41 / 1,000
  frames                      : 6,717,440


Policy 0: 
Timing:
  Play time               : 11.868 s
  Update time             : 0.853 s
  Time to train epoch     : 12.721 s


Statistics:
  fps step                    : 14,001
  fps step + policy inference : 13,805
  fps total                   : 12,880
  epoch                       : 42 / 1,000
  frames                      : 6,881,280


Policy 0: 
Timing:
  Play time               : 11.856 s
  Update time             : 0.875 s
  Time to train epoch     : 12.731 s


Statistics:
  fps step                    : 14,010
  fps step + policy inference : 13,819
  fps total                   : 12,869
  epoch                       : 43 / 1,000
  frames                      : 7,045,120


Policy 0: 
Timing:
  Play time               : 11.919 s
  Update time             : 0.925 s
  Time to train epoch     : 12.844 s


Statistics:
  fps step                    : 13,941
  fps step + policy inference : 13,746
  fps total                   : 12,756
  epoch                       : 44 / 1,000
  frames                      : 7,208,960


Policy 0: 
Timing:
  Play time               : 11.879 s
  Update time             : 0.933 s
  Time to train epoch     : 12.812 s


Statistics:
  fps step                    : 13,985
  fps step + policy inference : 13,793
  fps total                   : 12,788
  epoch                       : 45 / 1,000
  frames                      : 7,372,800


Policy 0: 
Timing:
  Play time               : 11.883 s
  Update time             : 0.855 s
  Time to train epoch     : 12.738 s


Statistics:
  fps step                    : 13,976
  fps step + policy inference : 13,787
  fps total                   : 12,862
  epoch                       : 46 / 1,000
  frames                      : 7,536,640


Policy 0: 
Timing:
  Play time               : 11.905 s
  Update time             : 0.776 s
  Time to train epoch     : 12.681 s


Statistics:
  fps step                    : 13,943
  fps step + policy inference : 13,763
  fps total                   : 12,920
  epoch                       : 47 / 1,000
  frames                      : 7,700,480


Policy 0: 
Timing:
  Play time               : 11.922 s
  Update time             : 0.813 s
  Time to train epoch     : 12.735 s


Statistics:
  fps step                    : 13,932
  fps step + policy inference : 13,743
  fps total                   : 12,866
  epoch                       : 48 / 1,000
  frames                      : 7,864,320


Policy 0: 
Timing:
  Play time               : 11.878 s
  Update time             : 0.809 s
  Time to train epoch     : 12.687 s


Statistics:
  fps step                    : 13,985
  fps step + policy inference : 13,794
  fps total                   : 12,914
  epoch                       : 49 / 1,000
  frames                      : 8,028,160


Policy 0: 
Timing:
  Play time               : 11.849 s
  Update time             : 0.862 s
  Time to train epoch     : 12.711 s


Statistics:
  fps step                    : 14,020
  fps step + policy inference : 13,827
  fps total                   : 12,890
  epoch                       : 50 / 1,000
  frames                      : 8,192,000


Policy 0: 
Timing:
  Play time               : 11.890 s
  Update time             : 0.967 s
  Time to train epoch     : 12.857 s


Statistics:
  fps step                    : 13,974
  fps step + policy inference : 13,779
  fps total                   : 12,743
  epoch                       : 51 / 1,000
  frames                      : 8,355,840


Policy 0: 
Timing:
  Play time               : 11.910 s
  Update time             : 0.969 s
  Time to train epoch     : 12.880 s


Statistics:
  fps step                    : 13,947
  fps step + policy inference : 13,756
  fps total                   : 12,721
  epoch                       : 52 / 1,000
  frames                      : 8,519,680


Policy 0: 
Timing:
  Play time               : 11.909 s
  Update time             : 0.880 s
  Time to train epoch     : 12.789 s


Statistics:
  fps step                    : 13,956
  fps step + policy inference : 13,758
  fps total                   : 12,811
  epoch                       : 53 / 1,000
  frames                      : 8,683,520


Policy 0: 
Timing:
  Play time               : 11.896 s
  Update time             : 0.865 s
  Time to train epoch     : 12.761 s


Statistics:
  fps step                    : 13,966
  fps step + policy inference : 13,773
  fps total                   : 12,839
  epoch                       : 54 / 1,000
  frames                      : 8,847,360


Policy 0: 
Timing:
  Play time               : 11.925 s
  Update time             : 0.844 s
  Time to train epoch     : 12.769 s


Statistics:
  fps step                    : 13,929
  fps step + policy inference : 13,740
  fps total                   : 12,831
  epoch                       : 55 / 1,000
  frames                      : 9,011,200


Policy 0: 
Timing:
  Play time               : 11.925 s
  Update time             : 0.866 s
  Time to train epoch     : 12.791 s


Statistics:
  fps step                    : 13,922
  fps step + policy inference : 13,739
  fps total                   : 12,809
  epoch                       : 56 / 1,000
  frames                      : 9,175,040


Policy 0: 
Timing:
  Play time               : 12.045 s
  Update time             : 0.913 s
  Time to train epoch     : 12.958 s


Statistics:
  fps step                    : 13,888
  fps step + policy inference : 13,603
  fps total                   : 12,644
  epoch                       : 57 / 1,000
  frames                      : 9,338,880


Policy 0: 
Timing:
  Play time               : 11.904 s
  Update time             : 0.989 s
  Time to train epoch     : 12.893 s


Statistics:
  fps step                    : 13,961
  fps step + policy inference : 13,764
  fps total                   : 12,708
  epoch                       : 58 / 1,000
  frames                      : 9,502,720


Policy 0: 
Timing:
  Play time               : 11.864 s
  Update time             : 1.035 s
  Time to train epoch     : 12.899 s


Statistics:
  fps step                    : 14,004
  fps step + policy inference : 13,810
  fps total                   : 12,702
  epoch                       : 59 / 1,000
  frames                      : 9,666,560


Policy 0: 
Timing:
  Play time               : 11.866 s
  Update time             : 0.968 s
  Time to train epoch     : 12.833 s


Statistics:
  fps step                    : 14,001
  fps step + policy inference : 13,808
  fps total                   : 12,767
  epoch                       : 60 / 1,000
  frames                      : 9,830,400


Policy 0: 
Timing:
  Play time               : 11.851 s
  Update time             : 0.878 s
  Time to train epoch     : 12.730 s


Statistics:
  fps step                    : 14,014
  fps step + policy inference : 13,825
  fps total                   : 12,871
  epoch                       : 61 / 1,000
  frames                      : 9,994,240


Policy 0: 
Timing:
  Play time               : 11.897 s
  Update time             : 0.888 s
  Time to train epoch     : 12.784 s


Statistics:
  fps step                    : 13,963
  fps step + policy inference : 13,772
  fps total                   : 12,816
  epoch                       : 62 / 1,000
  frames                      : 10,158,080


Policy 0: saving next best rewards:  [-156.96]
=> saving checkpoint 'runs/mg_B_seed2801/nn/mg_B_seed2801.pth'

Timing:
  Play time               : 11.894 s
  Update time             : 0.849 s
  Time to train epoch     : 12.743 s


Statistics:
  fps step                    : 13,963
  fps step + policy inference : 13,775
  fps total                   : 12,857
  epoch                       : 63 / 1,000
  frames                      : 10,321,920


Policy 0: saving next best rewards:  [-154.11]
=> saving checkpoint 'runs/mg_B_seed2801/nn/mg_B_seed2801.pth'

Timing:
  Play time               : 11.970 s
  Update time             : 0.854 s
  Time to train epoch     : 12.824 s


Statistics:
  fps step                    : 13,873
  fps step + policy inference : 13,687
  fps total                   : 12,776
  epoch                       : 64 / 1,000
  frames                      : 10,485,760


Policy 0: saving next best rewards:  [-150.95]
=> saving checkpoint 'runs/mg_B_seed2801/nn/mg_B_seed2801.pth'

Timing:
  Play time               : 11.959 s
  Update time             : 0.850 s
  Time to train epoch     : 12.809 s


Statistics:
  fps step                    : 13,883
  fps step + policy inference : 13,700
  fps total                   : 12,791
  epoch                       : 65 / 1,000
  frames                      : 10,649,600


Policy 0: saving next best rewards:  [-148.38]
=> saving checkpoint 'runs/mg_B_seed2801/nn/mg_B_seed2801.pth'

Timing:
  Play time               : 11.977 s
  Update time             : 0.915 s
  Time to train epoch     : 12.891 s


Statistics:
  fps step                    : 13,863
  fps step + policy inference : 13,680
  fps total                   : 12,709
  epoch                       : 66 / 1,000
  frames                      : 10,813,440


Policy 0: saving next best rewards:  [-146.03]
=> saving checkpoint 'runs/mg_B_seed2801/nn/mg_B_seed2801.pth'

Timing:
  Play time               : 12.004 s
  Update time             : 0.960 s
  Time to train epoch     : 12.964 s


Statistics:
  fps step                    : 13,832
  fps step + policy inference : 13,649
  fps total                   : 12,638
  epoch                       : 67 / 1,000
  frames                      : 10,977,280


Policy 0: saving next best rewards:  [-142.39]
=> saving checkpoint 'runs/mg_B_seed2801/nn/mg_B_seed2801.pth'

Timing:
  Play time               : 12.002 s
  Update time             : 0.911 s
  Time to train epoch     : 12.913 s


Statistics:
  fps step                    : 13,835
  fps step + policy inference : 13,651
  fps total                   : 12,688
  epoch                       : 68 / 1,000
  frames                      : 11,141,120


Policy 0: saving next best rewards:  [-139.23]
=> saving checkpoint 'runs/mg_B_seed2801/nn/mg_B_seed2801.pth'

Timing:
  Play time               : 12.044 s
  Update time             : 0.871 s
  Time to train epoch     : 12.915 s


Statistics:
  fps step                    : 13,790
  fps step + policy inference : 13,603
  fps total                   : 12,686
  epoch                       : 69 / 1,000
  frames                      : 11,304,960


Policy 0: saving next best rewards:  [-135.66]
=> saving checkpoint 'runs/mg_B_seed2801/nn/mg_B_seed2801.pth'

Timing:
  Play time               : 12.018 s
  Update time             : 0.867 s
  Time to train epoch     : 12.885 s


Statistics:
  fps step                    : 13,818
  fps step + policy inference : 13,633
  fps total                   : 12,715
  epoch                       : 70 / 1,000
  frames                      : 11,468,800


Policy 0: saving next best rewards:  [-132.19]
=> saving checkpoint 'runs/mg_B_seed2801/nn/mg_B_seed2801.pth'

Timing:
  Play time               : 12.014 s
  Update time             : 0.861 s
  Time to train epoch     : 12.875 s


Statistics:
  fps step                    : 13,822
  fps step + policy inference : 13,637
  fps total                   : 12,725
  epoch                       : 71 / 1,000
  frames                      : 11,632,640


Policy 0: saving next best rewards:  [-129.08]
=> saving checkpoint 'runs/mg_B_seed2801/nn/mg_B_seed2801.pth'

Timing:
  Play time               : 12.021 s
  Update time             : 0.895 s
  Time to train epoch     : 12.916 s


Statistics:
  fps step                    : 13,818
  fps step + policy inference : 13,630
  fps total                   : 12,685
  epoch                       : 72 / 1,000
  frames                      : 11,796,480


Policy 0: saving next best rewards:  [-125.71]
=> saving checkpoint 'runs/mg_B_seed2801/nn/mg_B_seed2801.pth'

Timing:
  Play time               : 12.014 s
  Update time             : 0.968 s
  Time to train epoch     : 12.982 s


Statistics:
  fps step                    : 13,818
  fps step + policy inference : 13,637
  fps total                   : 12,621
  epoch                       : 73 / 1,000
  frames                      : 11,960,320


Policy 0: saving next best rewards:  [-123.84]
=> saving checkpoint 'runs/mg_B_seed2801/nn/mg_B_seed2801.pth'

Timing:
  Play time               : 12.031 s
  Update time             : 0.971 s
  Time to train epoch     : 13.002 s


Statistics:
  fps step                    : 13,802
  fps step + policy inference : 13,618
  fps total                   : 12,601
  epoch                       : 74 / 1,000
  frames                      : 12,124,160


Policy 0: saving next best rewards:  [-121.18]
=> saving checkpoint 'runs/mg_B_seed2801/nn/mg_B_seed2801.pth'

Timing:
  Play time               : 12.118 s
  Update time             : 0.894 s
  Time to train epoch     : 13.012 s


Statistics:
  fps step                    : 13,776
  fps step + policy inference : 13,520
  fps total                   : 12,592
  epoch                       : 75 / 1,000
  frames                      : 12,288,000


Policy 0: saving next best rewards:  [-95.07]
=> saving checkpoint 'runs/mg_B_seed2801/nn/mg_B_seed2801.pth'

Timing:
  Play time               : 12.243 s
  Update time             : 0.952 s
  Time to train epoch     : 13.195 s


Statistics:
  fps step                    : 13,568
  fps step + policy inference : 13,382
  fps total                   : 12,417
  epoch                       : 76 / 1,000
  frames                      : 12,451,840


Policy 0: saving next best rewards:  [-92.02]
=> saving checkpoint 'runs/mg_B_seed2801/nn/mg_B_seed2801.pth'

Timing:
  Play time               : 12.114 s
  Update time             : 0.928 s
  Time to train epoch     : 13.042 s


Statistics:
  fps step                    : 13,713
  fps step + policy inference : 13,525
  fps total                   : 12,563
  epoch                       : 77 / 1,000
  frames                      : 12,615,680


Policy 0: saving next best rewards:  [-88.66]
=> saving checkpoint 'runs/mg_B_seed2801/nn/mg_B_seed2801.pth'

Timing:
  Play time               : 12.008 s
  Update time             : 0.891 s
  Time to train epoch     : 12.899 s


Statistics:
  fps step                    : 13,832
  fps step + policy inference : 13,644
  fps total                   : 12,702
  epoch                       : 78 / 1,000
  frames                      : 12,779,520


Policy 0: saving next best rewards:  [-86.25]
=> saving checkpoint 'runs/mg_B_seed2801/nn/mg_B_seed2801.pth'

Timing:
  Play time               : 11.990 s
  Update time             : 0.966 s
  Time to train epoch     : 12.955 s


Statistics:
  fps step                    : 13,860
  fps step + policy inference : 13,665
  fps total                   : 12,646
  epoch                       : 79 / 1,000
  frames                      : 12,943,360


Policy 0: saving next best rewards:  [-83.69]
=> saving checkpoint 'runs/mg_B_seed2801/nn/mg_B_seed2801.pth'

Timing:
  Play time               : 12.011 s
  Update time             : 0.990 s
  Time to train epoch     : 13.001 s


Statistics:
  fps step                    : 13,830
  fps step + policy inference : 13,640
  fps total                   : 12,602
  epoch                       : 80 / 1,000
  frames                      : 13,107,200


Policy 0: saving next best rewards:  [-79.93]
=> saving checkpoint 'runs/mg_B_seed2801/nn/mg_B_seed2801.pth'

Timing:
  Play time               : 11.976 s
  Update time             : 0.992 s
  Time to train epoch     : 12.968 s


Statistics:
  fps step                    : 13,873
  fps step + policy inference : 13,680
  fps total                   : 12,634
  epoch                       : 81 / 1,000
  frames                      : 13,271,040


Policy 0: saving next best rewards:  [-77.03]
=> saving checkpoint 'runs/mg_B_seed2801/nn/mg_B_seed2801.pth'

Timing:
  Play time               : 11.934 s
  Update time             : 0.923 s
  Time to train epoch     : 12.857 s


Statistics:
  fps step                    : 13,920
  fps step + policy inference : 13,729
  fps total                   : 12,743
  epoch                       : 82 / 1,000
  frames                      : 13,434,880


Policy 0: saving next best rewards:  [-74.4]
=> saving checkpoint 'runs/mg_B_seed2801/nn/mg_B_seed2801.pth'

Timing:
  Play time               : 11.975 s
  Update time             : 0.901 s
  Time to train epoch     : 12.876 s


Statistics:
  fps step                    : 13,874
  fps step + policy inference : 13,682
  fps total                   : 12,725
  epoch                       : 83 / 1,000
  frames                      : 13,598,720


Policy 0: saving next best rewards:  [-71.57]
=> saving checkpoint 'runs/mg_B_seed2801/nn/mg_B_seed2801.pth'

Timing:
  Play time               : 11.985 s
  Update time             : 0.851 s
  Time to train epoch     : 12.835 s


Statistics:
  fps step                    : 13,857
  fps step + policy inference : 13,671
  fps total                   : 12,765
  epoch                       : 84 / 1,000
  frames                      : 13,762,560


Policy 0: saving next best rewards:  [-69.26]
=> saving checkpoint 'runs/mg_B_seed2801/nn/mg_B_seed2801.pth'

Timing:
  Play time               : 11.971 s
  Update time             : 0.844 s
  Time to train epoch     : 12.815 s


Statistics:
  fps step                    : 13,872
  fps step + policy inference : 13,686
  fps total                   : 12,785
  epoch                       : 85 / 1,000
  frames                      : 13,926,400


Policy 0: saving next best rewards:  [-67.61]
=> saving checkpoint 'runs/mg_B_seed2801/nn/mg_B_seed2801.pth'

Timing:
  Play time               : 11.970 s
  Update time             : 0.876 s
  Time to train epoch     : 12.845 s


Statistics:
  fps step                    : 13,876
  fps step + policy inference : 13,688
  fps total                   : 12,755
  epoch                       : 86 / 1,000
  frames                      : 14,090,240


Policy 0: saving next best rewards:  [-65.07]
=> saving checkpoint 'runs/mg_B_seed2801/nn/mg_B_seed2801.pth'

Timing:
  Play time               : 11.951 s
  Update time             : 0.885 s
  Time to train epoch     : 12.836 s


Statistics:
  fps step                    : 13,897
  fps step + policy inference : 13,709
  fps total                   : 12,764
  epoch                       : 87 / 1,000
  frames                      : 14,254,080


Policy 0: saving next best rewards:  [-63.45]
=> saving checkpoint 'runs/mg_B_seed2801/nn/mg_B_seed2801.pth'

Timing:
  Play time               : 11.955 s
  Update time             : 0.909 s
  Time to train epoch     : 12.864 s


Statistics:
  fps step                    : 13,893
  fps step + policy inference : 13,705
  fps total                   : 12,736
  epoch                       : 88 / 1,000
  frames                      : 14,417,920


Policy 0: saving next best rewards:  [-61.15]
=> saving checkpoint 'runs/mg_B_seed2801/nn/mg_B_seed2801.pth'

Timing:
  Play time               : 11.968 s
  Update time             : 1.002 s
  Time to train epoch     : 12.971 s


Statistics:
  fps step                    : 13,877
  fps step + policy inference : 13,689
  fps total                   : 12,632
  epoch                       : 89 / 1,000
  frames                      : 14,581,760


Policy 0: saving next best rewards:  [-58.49]
=> saving checkpoint 'runs/mg_B_seed2801/nn/mg_B_seed2801.pth'

Timing:
  Play time               : 11.999 s
  Update time             : 0.951 s
  Time to train epoch     : 12.950 s


Statistics:
  fps step                    : 13,844
  fps step + policy inference : 13,655
  fps total                   : 12,652
  epoch                       : 90 / 1,000
  frames                      : 14,745,600


Policy 0: saving next best rewards:  [-56.03]
=> saving checkpoint 'runs/mg_B_seed2801/nn/mg_B_seed2801.pth'

Timing:
  Play time               : 12.017 s
  Update time             : 0.912 s
  Time to train epoch     : 12.929 s


Statistics:
  fps step                    : 13,823
  fps step + policy inference : 13,634
  fps total                   : 12,672
  epoch                       : 91 / 1,000
  frames                      : 14,909,440


Policy 0: saving next best rewards:  [-53.11]
=> saving checkpoint 'runs/mg_B_seed2801/nn/mg_B_seed2801.pth'

Timing:
  Play time               : 12.018 s
  Update time             : 0.863 s
  Time to train epoch     : 12.881 s


Statistics:
  fps step                    : 13,820
  fps step + policy inference : 13,633
  fps total                   : 12,720
  epoch                       : 92 / 1,000
  frames                      : 15,073,280


Policy 0: saving next best rewards:  [-51.49]
=> saving checkpoint 'runs/mg_B_seed2801/nn/mg_B_seed2801.pth'

Timing:
  Play time               : 11.988 s
  Update time             : 0.844 s
  Time to train epoch     : 12.832 s


Statistics:
  fps step                    : 13,848
  fps step + policy inference : 13,667
  fps total                   : 12,768
  epoch                       : 93 / 1,000
  frames                      : 15,237,120


Policy 0: saving next best rewards:  [-49.53]
=> saving checkpoint 'runs/mg_B_seed2801/nn/mg_B_seed2801.pth'

Timing:
  Play time               : 12.069 s
  Update time             : 0.892 s
  Time to train epoch     : 12.961 s


Statistics:
  fps step                    : 13,821
  fps step + policy inference : 13,575
  fps total                   : 12,641
  epoch                       : 94 / 1,000
  frames                      : 15,400,960


Policy 0: saving next best rewards:  [-35.22]
=> saving checkpoint 'runs/mg_B_seed2801/nn/mg_B_seed2801.pth'

Timing:
  Play time               : 12.015 s
  Update time             : 0.986 s
  Time to train epoch     : 13.001 s


Statistics:
  fps step                    : 13,828
  fps step + policy inference : 13,637
  fps total                   : 12,602
  epoch                       : 95 / 1,000
  frames                      : 15,564,800


Policy 0: saving next best rewards:  [-32.9]
=> saving checkpoint 'runs/mg_B_seed2801/nn/mg_B_seed2801.pth'

Timing:
  Play time               : 12.020 s
  Update time             : 0.999 s
  Time to train epoch     : 13.019 s


Statistics:
  fps step                    : 13,819
  fps step + policy inference : 13,630
  fps total                   : 12,585
  epoch                       : 96 / 1,000
  frames                      : 15,728,640


Policy 0: saving next best rewards:  [-30.47]
=> saving checkpoint 'runs/mg_B_seed2801/nn/mg_B_seed2801.pth'

Timing:
  Play time               : 11.994 s
  Update time             : 0.966 s
  Time to train epoch     : 12.959 s


Statistics:
  fps step                    : 13,847
  fps step + policy inference : 13,661
  fps total                   : 12,643
  epoch                       : 97 / 1,000
  frames                      : 15,892,480


Policy 0: saving next best rewards:  [-28.59]
=> saving checkpoint 'runs/mg_B_seed2801/nn/mg_B_seed2801.pth'

Timing:
  Play time               : 12.004 s
  Update time             : 0.975 s
  Time to train epoch     : 12.979 s


Statistics:
  fps step                    : 13,840
  fps step + policy inference : 13,649
  fps total                   : 12,623
  epoch                       : 98 / 1,000
  frames                      : 16,056,320


Policy 0: saving next best rewards:  [-26.48]
=> saving checkpoint 'runs/mg_B_seed2801/nn/mg_B_seed2801.pth'

Timing:
  Play time               : 12.011 s
  Update time             : 0.883 s
  Time to train epoch     : 12.894 s


Statistics:
  fps step                    : 13,833
  fps step + policy inference : 13,641
  fps total                   : 12,706
  epoch                       : 99 / 1,000
  frames                      : 16,220,160


Policy 0: saving next best rewards:  [-23.35]
=> saving checkpoint 'runs/mg_B_seed2801/nn/mg_B_seed2801.pth'

Timing:
  Play time               : 11.966 s
  Update time             : 0.884 s
  Time to train epoch     : 12.849 s


Statistics:
  fps step                    : 13,882
  fps step + policy inference : 13,692
  fps total                   : 12,751
  epoch                       : 100 / 1,000
  frames                      : 16,384,000


Policy 0: saving next best rewards:  [-21.07]
=> saving checkpoint 'runs/mg_B_seed2801/nn/mg_B_seed2801.pth'

Timing:
  Play time               : 11.992 s
  Update time             : 0.879 s
  Time to train epoch     : 12.871 s


Statistics:
  fps step                    : 13,850
  fps step + policy inference : 13,662
  fps total                   : 12,729
  epoch                       : 101 / 1,000
  frames                      : 16,547,840


Policy 0: saving next best rewards:  [-19.08]
=> saving checkpoint 'runs/mg_B_seed2801/nn/mg_B_seed2801.pth'

Timing:
  Play time               : 11.972 s
  Update time             : 0.969 s
  Time to train epoch     : 12.942 s


Statistics:
  fps step                    : 13,873
  fps step + policy inference : 13,685
  fps total                   : 12,660
  epoch                       : 102 / 1,000
  frames                      : 16,711,680


Policy 0: saving next best rewards:  [-16.97]
=> saving checkpoint 'runs/mg_B_seed2801/nn/mg_B_seed2801.pth'

Timing:
  Play time               : 11.979 s
  Update time             : 1.004 s
  Time to train epoch     : 12.983 s


Statistics:
  fps step                    : 13,862
  fps step + policy inference : 13,677
  fps total                   : 12,619
  epoch                       : 103 / 1,000
  frames                      : 16,875,520


Policy 0: saving next best rewards:  [-14.8]
=> saving checkpoint 'runs/mg_B_seed2801/nn/mg_B_seed2801.pth'

Timing:
  Play time               : 11.958 s
  Update time             : 0.949 s
  Time to train epoch     : 12.906 s


Statistics:
  fps step                    : 13,888
  fps step + policy inference : 13,702
  fps total                   : 12,694
  epoch                       : 104 / 1,000
  frames                      : 17,039,360


Policy 0: saving next best rewards:  [-13.18]
=> saving checkpoint 'runs/mg_B_seed2801/nn/mg_B_seed2801.pth'

Timing:
  Play time               : 11.954 s
  Update time             : 0.852 s
  Time to train epoch     : 12.806 s


Statistics:
  fps step                    : 13,894
  fps step + policy inference : 13,706
  fps total                   : 12,794
  epoch                       : 105 / 1,000
  frames                      : 17,203,200


Policy 0: saving next best rewards:  [-11.54]
=> saving checkpoint 'runs/mg_B_seed2801/nn/mg_B_seed2801.pth'

Timing:
  Play time               : 11.966 s
  Update time             : 0.872 s
  Time to train epoch     : 12.838 s


Statistics:
  fps step                    : 13,878
  fps step + policy inference : 13,692
  fps total                   : 12,762
  epoch                       : 106 / 1,000
  frames                      : 17,367,040


Policy 0: saving next best rewards:  [-9.45]
=> saving checkpoint 'runs/mg_B_seed2801/nn/mg_B_seed2801.pth'

Timing:
  Play time               : 11.968 s
  Update time             : 0.891 s
  Time to train epoch     : 12.859 s


Statistics:
  fps step                    : 13,875
  fps step + policy inference : 13,690
  fps total                   : 12,742
  epoch                       : 107 / 1,000
  frames                      : 17,530,880


Policy 0: saving next best rewards:  [-7.77]
=> saving checkpoint 'runs/mg_B_seed2801/nn/mg_B_seed2801.pth'

Timing:
  Play time               : 11.978 s
  Update time             : 0.883 s
  Time to train epoch     : 12.861 s


Statistics:
  fps step                    : 13,866
  fps step + policy inference : 13,678
  fps total                   : 12,739
  epoch                       : 108 / 1,000
  frames                      : 17,694,720


Policy 0: saving next best rewards:  [-5.73]
=> saving checkpoint 'runs/mg_B_seed2801/nn/mg_B_seed2801.pth'

Timing:
  Play time               : 11.932 s
  Update time             : 0.899 s
  Time to train epoch     : 12.831 s


Statistics:
  fps step                    : 13,921
  fps step + policy inference : 13,731
  fps total                   : 12,770
  epoch                       : 109 / 1,000
  frames                      : 17,858,560


Policy 0: saving next best rewards:  [-3.84]
=> saving checkpoint 'runs/mg_B_seed2801/nn/mg_B_seed2801.pth'

Timing:
  Play time               : 11.912 s
  Update time             : 0.991 s
  Time to train epoch     : 12.903 s


Statistics:
  fps step                    : 13,948
  fps step + policy inference : 13,754
  fps total                   : 12,698
  epoch                       : 110 / 1,000
  frames                      : 18,022,400


Policy 0: saving next best rewards:  [-1.76]
=> saving checkpoint 'runs/mg_B_seed2801/nn/mg_B_seed2801.pth'

Timing:
  Play time               : 11.919 s
  Update time             : 0.991 s
  Time to train epoch     : 12.911 s


Statistics:
  fps step                    : 13,933
  fps step + policy inference : 13,746
  fps total                   : 12,690
  epoch                       : 111 / 1,000
  frames                      : 18,186,240


Policy 0: saving next best rewards:  [-0.59]
=> saving checkpoint 'runs/mg_B_seed2801/nn/mg_B_seed2801.pth'

Timing:
  Play time               : 11.907 s
  Update time             : 0.906 s
  Time to train epoch     : 12.813 s


Statistics:
  fps step                    : 13,945
  fps step + policy inference : 13,760
  fps total                   : 12,787
  epoch                       : 112 / 1,000
  frames                      : 18,350,080


Policy 0: saving next best rewards:  [0.88]
=> saving checkpoint 'runs/mg_B_seed2801/nn/mg_B_seed2801.pth'

Timing:
  Play time               : 12.058 s
  Update time             : 0.884 s
  Time to train epoch     : 12.942 s


Statistics:
  fps step                    : 13,825
  fps step + policy inference : 13,587
  fps total                   : 12,659
  epoch                       : 113 / 1,000
  frames                      : 18,513,920


Policy 0: saving next best rewards:  [10.43]
=> saving checkpoint 'runs/mg_B_seed2801/nn/mg_B_seed2801.pth'

Timing:
  Play time               : 11.993 s
  Update time             : 0.912 s
  Time to train epoch     : 12.905 s


Statistics:
  fps step                    : 13,853
  fps step + policy inference : 13,661
  fps total                   : 12,696
  epoch                       : 114 / 1,000
  frames                      : 18,677,760


Policy 0: saving next best rewards:  [12.17]
=> saving checkpoint 'runs/mg_B_seed2801/nn/mg_B_seed2801.pth'

Timing:
  Play time               : 11.985 s
  Update time             : 0.888 s
  Time to train epoch     : 12.873 s


Statistics:
  fps step                    : 13,860
  fps step + policy inference : 13,670
  fps total                   : 12,728
  epoch                       : 115 / 1,000
  frames                      : 18,841,600


Policy 0: saving next best rewards:  [14.18]
=> saving checkpoint 'runs/mg_B_seed2801/nn/mg_B_seed2801.pth'

Timing:
  Play time               : 11.982 s
  Update time             : 0.942 s
  Time to train epoch     : 12.924 s


Statistics:
  fps step                    : 13,862
  fps step + policy inference : 13,673
  fps total                   : 12,677
  epoch                       : 116 / 1,000
  frames                      : 19,005,440


Policy 0: saving next best rewards:  [15.84]
=> saving checkpoint 'runs/mg_B_seed2801/nn/mg_B_seed2801.pth'

Timing:
  Play time               : 12.023 s
  Update time             : 1.031 s
  Time to train epoch     : 13.054 s


Statistics:
  fps step                    : 13,819
  fps step + policy inference : 13,628
  fps total                   : 12,551
  epoch                       : 117 / 1,000
  frames                      : 19,169,280


Policy 0: saving next best rewards:  [17.96]
=> saving checkpoint 'runs/mg_B_seed2801/nn/mg_B_seed2801.pth'

Timing:
  Play time               : 12.028 s
  Update time             : 1.001 s
  Time to train epoch     : 13.030 s


Statistics:
  fps step                    : 13,808
  fps step + policy inference : 13,621
  fps total                   : 12,574
  epoch                       : 118 / 1,000
  frames                      : 19,333,120


Policy 0: saving next best rewards:  [19.86]
=> saving checkpoint 'runs/mg_B_seed2801/nn/mg_B_seed2801.pth'

Timing:
  Play time               : 12.037 s
  Update time             : 0.896 s
  Time to train epoch     : 12.932 s


Statistics:
  fps step                    : 13,798
  fps step + policy inference : 13,612
  fps total                   : 12,669
  epoch                       : 119 / 1,000
  frames                      : 19,496,960


Policy 0: saving next best rewards:  [21.4]
=> saving checkpoint 'runs/mg_B_seed2801/nn/mg_B_seed2801.pth'

Timing:
  Play time               : 11.986 s
  Update time             : 0.890 s
  Time to train epoch     : 12.876 s


Statistics:
  fps step                    : 13,859
  fps step + policy inference : 13,669
  fps total                   : 12,724
  epoch                       : 120 / 1,000
  frames                      : 19,660,800


Policy 0: saving next best rewards:  [23.45]
=> saving checkpoint 'runs/mg_B_seed2801/nn/mg_B_seed2801.pth'

Timing:
  Play time               : 11.971 s
  Update time             : 0.868 s
  Time to train epoch     : 12.839 s


Statistics:
  fps step                    : 13,875
  fps step + policy inference : 13,687
  fps total                   : 12,761
  epoch                       : 121 / 1,000
  frames                      : 19,824,640


Policy 0: saving next best rewards:  [24.97]
=> saving checkpoint 'runs/mg_B_seed2801/nn/mg_B_seed2801.pth'

Timing:
  Play time               : 11.977 s
  Update time             : 0.919 s
  Time to train epoch     : 12.896 s


Statistics:
  fps step                    : 13,867
  fps step + policy inference : 13,680
  fps total                   : 12,705
  epoch                       : 122 / 1,000
  frames                      : 19,988,480


Policy 0: saving next best rewards:  [26.25]
=> saving checkpoint 'runs/mg_B_seed2801/nn/mg_B_seed2801.pth'

Timing:
  Play time               : 11.954 s
  Update time             : 0.998 s
  Time to train epoch     : 12.952 s


Statistics:
  fps step                    : 13,894
  fps step + policy inference : 13,706
  fps total                   : 12,650
  epoch                       : 123 / 1,000
  frames                      : 20,152,320


Policy 0: saving next best rewards:  [28.11]
=> saving checkpoint 'runs/mg_B_seed2801/nn/mg_B_seed2801.pth'

Timing:
  Play time               : 11.970 s
  Update time             : 0.945 s
  Time to train epoch     : 12.915 s


Statistics:
  fps step                    : 13,871
  fps step + policy inference : 13,687
  fps total                   : 12,686
  epoch                       : 124 / 1,000
  frames                      : 20,316,160


Policy 0: saving next best rewards:  [29.31]
=> saving checkpoint 'runs/mg_B_seed2801/nn/mg_B_seed2801.pth'

Timing:
  Play time               : 11.990 s
  Update time             : 0.903 s
  Time to train epoch     : 12.893 s


Statistics:
  fps step                    : 13,852
  fps step + policy inference : 13,665
  fps total                   : 12,708
  epoch                       : 125 / 1,000
  frames                      : 20,480,000


Policy 0: saving next best rewards:  [30.56]
=> saving checkpoint 'runs/mg_B_seed2801/nn/mg_B_seed2801.pth'

Timing:
  Play time               : 11.958 s
  Update time             : 0.893 s
  Time to train epoch     : 12.851 s


Statistics:
  fps step                    : 13,890
  fps step + policy inference : 13,702
  fps total                   : 12,749
  epoch                       : 126 / 1,000
  frames                      : 20,643,840


Policy 0: saving next best rewards:  [31.83]
=> saving checkpoint 'runs/mg_B_seed2801/nn/mg_B_seed2801.pth'

Timing:
  Play time               : 11.977 s
  Update time             : 0.884 s
  Time to train epoch     : 12.861 s


Statistics:
  fps step                    : 13,869
  fps step + policy inference : 13,679
  fps total                   : 12,740
  epoch                       : 127 / 1,000
  frames                      : 20,807,680


Policy 0: saving next best rewards:  [33.62]
=> saving checkpoint 'runs/mg_B_seed2801/nn/mg_B_seed2801.pth'

Timing:
  Play time               : 11.993 s
  Update time             : 0.893 s
  Time to train epoch     : 12.886 s


Statistics:
  fps step                    : 13,851
  fps step + policy inference : 13,662
  fps total                   : 12,714
  epoch                       : 128 / 1,000
  frames                      : 20,971,520


Policy 0: saving next best rewards:  [35.27]
=> saving checkpoint 'runs/mg_B_seed2801/nn/mg_B_seed2801.pth'

Timing:
  Play time               : 12.025 s
  Update time             : 0.946 s
  Time to train epoch     : 12.972 s


Statistics:
  fps step                    : 13,813
  fps step + policy inference : 13,624
  fps total                   : 12,631
  epoch                       : 129 / 1,000
  frames                      : 21,135,360


Policy 0: saving next best rewards:  [36.37]
=> saving checkpoint 'runs/mg_B_seed2801/nn/mg_B_seed2801.pth'

Timing:
  Play time               : 11.975 s
  Update time             : 0.962 s
  Time to train epoch     : 12.937 s


Statistics:
  fps step                    : 13,868
  fps step + policy inference : 13,681
  fps total                   : 12,664
  epoch                       : 130 / 1,000
  frames                      : 21,299,200


Policy 0: saving next best rewards:  [37.55]
=> saving checkpoint 'runs/mg_B_seed2801/nn/mg_B_seed2801.pth'

Timing:
  Play time               : 11.979 s
  Update time             : 0.963 s
  Time to train epoch     : 12.942 s


Statistics:
  fps step                    : 13,866
  fps step + policy inference : 13,677
  fps total                   : 12,660
  epoch                       : 131 / 1,000
  frames                      : 21,463,040


Policy 0: saving next best rewards:  [38.88]
=> saving checkpoint 'runs/mg_B_seed2801/nn/mg_B_seed2801.pth'

Timing:
  Play time               : 12.049 s
  Update time             : 0.963 s
  Time to train epoch     : 13.013 s


Statistics:
  fps step                    : 13,830
  fps step + policy inference : 13,597
  fps total                   : 12,591
  epoch                       : 132 / 1,000
  frames                      : 21,626,880


Policy 0: saving next best rewards:  [44.85]
=> saving checkpoint 'runs/mg_B_seed2801/nn/mg_B_seed2801.pth'

Timing:
  Play time               : 12.016 s
  Update time             : 0.926 s
  Time to train epoch     : 12.942 s


Statistics:
  fps step                    : 13,826
  fps step + policy inference : 13,636
  fps total                   : 12,660
  epoch                       : 133 / 1,000
  frames                      : 21,790,720


Policy 0: saving next best rewards:  [46.61]
=> saving checkpoint 'runs/mg_B_seed2801/nn/mg_B_seed2801.pth'

Timing:
  Play time               : 12.003 s
  Update time             : 0.899 s
  Time to train epoch     : 12.902 s


Statistics:
  fps step                    : 13,839
  fps step + policy inference : 13,650
  fps total                   : 12,699
  epoch                       : 134 / 1,000
  frames                      : 21,954,560


Policy 0: saving next best rewards:  [47.94]
=> saving checkpoint 'runs/mg_B_seed2801/nn/mg_B_seed2801.pth'

Timing:
  Play time               : 12.013 s
  Update time             : 0.952 s
  Time to train epoch     : 12.965 s


Statistics:
  fps step                    : 13,829
  fps step + policy inference : 13,638
  fps total                   : 12,637
  epoch                       : 135 / 1,000
  frames                      : 22,118,400


Policy 0: saving next best rewards:  [49.47]
=> saving checkpoint 'runs/mg_B_seed2801/nn/mg_B_seed2801.pth'

Timing:
  Play time               : 12.007 s
  Update time             : 1.044 s
  Time to train epoch     : 13.051 s


Statistics:
  fps step                    : 13,837
  fps step + policy inference : 13,645
  fps total                   : 12,554
  epoch                       : 136 / 1,000
  frames                      : 22,282,240


Policy 0: saving next best rewards:  [51.09]
=> saving checkpoint 'runs/mg_B_seed2801/nn/mg_B_seed2801.pth'

Timing:
  Play time               : 12.005 s
  Update time             : 0.974 s
  Time to train epoch     : 12.979 s


Statistics:
  fps step                    : 13,834
  fps step + policy inference : 13,647
  fps total                   : 12,623
  epoch                       : 137 / 1,000
  frames                      : 22,446,080


Policy 0: saving next best rewards:  [52.9]
=> saving checkpoint 'runs/mg_B_seed2801/nn/mg_B_seed2801.pth'

Timing:
  Play time               : 11.997 s
  Update time             : 0.866 s
  Time to train epoch     : 12.863 s


Statistics:
  fps step                    : 13,843
  fps step + policy inference : 13,657
  fps total                   : 12,738
  epoch                       : 138 / 1,000
  frames                      : 22,609,920


Policy 0: saving next best rewards:  [54.39]
=> saving checkpoint 'runs/mg_B_seed2801/nn/mg_B_seed2801.pth'

Timing:
  Play time               : 12.011 s
  Update time             : 0.888 s
  Time to train epoch     : 12.899 s


Statistics:
  fps step                    : 13,830
  fps step + policy inference : 13,641
  fps total                   : 12,702
  epoch                       : 139 / 1,000
  frames                      : 22,773,760


Policy 0: saving next best rewards:  [56.13]
=> saving checkpoint 'runs/mg_B_seed2801/nn/mg_B_seed2801.pth'

Timing:
  Play time               : 12.020 s
  Update time             : 0.876 s
  Time to train epoch     : 12.897 s


Statistics:
  fps step                    : 13,819
  fps step + policy inference : 13,630
  fps total                   : 12,704
  epoch                       : 140 / 1,000
  frames                      : 22,937,600


Policy 0: saving next best rewards:  [56.96]
=> saving checkpoint 'runs/mg_B_seed2801/nn/mg_B_seed2801.pth'

Timing:
  Play time               : 12.055 s
  Update time             : 0.905 s
  Time to train epoch     : 12.960 s


Statistics:
  fps step                    : 13,774
  fps step + policy inference : 13,591
  fps total                   : 12,642
  epoch                       : 141 / 1,000
  frames                      : 23,101,440


Policy 0: saving next best rewards:  [57.79]
=> saving checkpoint 'runs/mg_B_seed2801/nn/mg_B_seed2801.pth'

Timing:
  Play time               : 12.059 s
  Update time             : 1.011 s
  Time to train epoch     : 13.070 s


Statistics:
  fps step                    : 13,774
  fps step + policy inference : 13,586
  fps total                   : 12,535
  epoch                       : 142 / 1,000
  frames                      : 23,265,280


Policy 0: saving next best rewards:  [58.61]
=> saving checkpoint 'runs/mg_B_seed2801/nn/mg_B_seed2801.pth'

Timing:
  Play time               : 12.077 s
  Update time             : 0.985 s
  Time to train epoch     : 13.062 s


Statistics:
  fps step                    : 13,749
  fps step + policy inference : 13,567
  fps total                   : 12,543
  epoch                       : 143 / 1,000
  frames                      : 23,429,120


Policy 0: saving next best rewards:  [59.27]
=> saving checkpoint 'runs/mg_B_seed2801/nn/mg_B_seed2801.pth'

Timing:
  Play time               : 12.017 s
  Update time             : 0.917 s
  Time to train epoch     : 12.935 s


Statistics:
  fps step                    : 13,821
  fps step + policy inference : 13,634
  fps total                   : 12,667
  epoch                       : 144 / 1,000
  frames                      : 23,592,960


Policy 0: saving next best rewards:  [60.44]
=> saving checkpoint 'runs/mg_B_seed2801/nn/mg_B_seed2801.pth'

Timing:
  Play time               : 12.017 s
  Update time             : 0.886 s
  Time to train epoch     : 12.902 s


Statistics:
  fps step                    : 13,821
  fps step + policy inference : 13,635
  fps total                   : 12,698
  epoch                       : 145 / 1,000
  frames                      : 23,756,800


Policy 0: saving next best rewards:  [61.31]
=> saving checkpoint 'runs/mg_B_seed2801/nn/mg_B_seed2801.pth'

Timing:
  Play time               : 12.004 s
  Update time             : 0.894 s
  Time to train epoch     : 12.898 s


Statistics:
  fps step                    : 13,835
  fps step + policy inference : 13,649
  fps total                   : 12,703
  epoch                       : 146 / 1,000
  frames                      : 23,920,640


Policy 0: saving next best rewards:  [62.05]
=> saving checkpoint 'runs/mg_B_seed2801/nn/mg_B_seed2801.pth'

Timing:
  Play time               : 11.981 s
  Update time             : 0.940 s
  Time to train epoch     : 12.921 s


Statistics:
  fps step                    : 13,870
  fps step + policy inference : 13,675
  fps total                   : 12,680
  epoch                       : 147 / 1,000
  frames                      : 24,084,480


Policy 0: saving next best rewards:  [63.62]
=> saving checkpoint 'runs/mg_B_seed2801/nn/mg_B_seed2801.pth'

Timing:
  Play time               : 12.020 s
  Update time             : 1.037 s
  Time to train epoch     : 13.057 s


Statistics:
  fps step                    : 13,823
  fps step + policy inference : 13,631
  fps total                   : 12,548
  epoch                       : 148 / 1,000
  frames                      : 24,248,320


Policy 0: saving next best rewards:  [64.62]
=> saving checkpoint 'runs/mg_B_seed2801/nn/mg_B_seed2801.pth'

Timing:
  Play time               : 12.033 s
  Update time             : 0.996 s
  Time to train epoch     : 13.029 s


Statistics:
  fps step                    : 13,804
  fps step + policy inference : 13,616
  fps total                   : 12,575
  epoch                       : 149 / 1,000
  frames                      : 24,412,160


Policy 0: saving next best rewards:  [65.64]
=> saving checkpoint 'runs/mg_B_seed2801/nn/mg_B_seed2801.pth'

Timing:
  Play time               : 12.037 s
  Update time             : 0.898 s
  Time to train epoch     : 12.935 s


Statistics:
  fps step                    : 13,839
  fps step + policy inference : 13,611
  fps total                   : 12,666
  epoch                       : 150 / 1,000
  frames                      : 24,576,000


Policy 0: saving next best rewards:  [69.49]
=> saving checkpoint 'runs/mg_B_seed2801/nn/mg_B_seed2801.pth'

Timing:
  Play time               : 12.030 s
  Update time             : 0.912 s
  Time to train epoch     : 12.942 s


Statistics:
  fps step                    : 13,809
  fps step + policy inference : 13,619
  fps total                   : 12,659
  epoch                       : 151 / 1,000
  frames                      : 24,739,840


Policy 0: saving next best rewards:  [70.88]
=> saving checkpoint 'runs/mg_B_seed2801/nn/mg_B_seed2801.pth'

Timing:
  Play time               : 12.010 s
  Update time             : 0.908 s
  Time to train epoch     : 12.918 s


Statistics:
  fps step                    : 13,836
  fps step + policy inference : 13,642
  fps total                   : 12,683
  epoch                       : 152 / 1,000
  frames                      : 24,903,680


Policy 0: saving next best rewards:  [71.93]
=> saving checkpoint 'runs/mg_B_seed2801/nn/mg_B_seed2801.pth'

Timing:
  Play time               : 12.009 s
  Update time             : 0.939 s
  Time to train epoch     : 12.949 s


Statistics:
  fps step                    : 13,830
  fps step + policy inference : 13,643
  fps total                   : 12,653
  epoch                       : 153 / 1,000
  frames                      : 25,067,520


Policy 0: saving next best rewards:  [72.75]
=> saving checkpoint 'runs/mg_B_seed2801/nn/mg_B_seed2801.pth'

Timing:
  Play time               : 12.027 s
  Update time             : 1.027 s
  Time to train epoch     : 13.053 s


Statistics:
  fps step                    : 13,814
  fps step + policy inference : 13,623
  fps total                   : 12,552
  epoch                       : 154 / 1,000
  frames                      : 25,231,360


Policy 0: saving next best rewards:  [73.88]
=> saving checkpoint 'runs/mg_B_seed2801/nn/mg_B_seed2801.pth'

Timing:
  Play time               : 12.070 s
  Update time             : 0.991 s
  Time to train epoch     : 13.062 s


Statistics:
  fps step                    : 13,760
  fps step + policy inference : 13,574
  fps total                   : 12,543
  epoch                       : 155 / 1,000
  frames                      : 25,395,200


Policy 0: saving next best rewards:  [74.31]
=> saving checkpoint 'runs/mg_B_seed2801/nn/mg_B_seed2801.pth'

Timing:
  Play time               : 12.050 s
  Update time             : 0.898 s
  Time to train epoch     : 12.948 s


Statistics:
  fps step                    : 13,784
  fps step + policy inference : 13,597
  fps total                   : 12,654
  epoch                       : 156 / 1,000
  frames                      : 25,559,040


Policy 0: saving next best rewards:  [75.3]
=> saving checkpoint 'runs/mg_B_seed2801/nn/mg_B_seed2801.pth'

Timing:
  Play time               : 12.039 s
  Update time             : 0.880 s
  Time to train epoch     : 12.919 s


Statistics:
  fps step                    : 13,795
  fps step + policy inference : 13,609
  fps total                   : 12,682
  epoch                       : 157 / 1,000
  frames                      : 25,722,880


Policy 0: saving next best rewards:  [76.01]
=> saving checkpoint 'runs/mg_B_seed2801/nn/mg_B_seed2801.pth'

Timing:
  Play time               : 12.048 s
  Update time             : 0.875 s
  Time to train epoch     : 12.923 s


Statistics:
  fps step                    : 13,787
  fps step + policy inference : 13,599
  fps total                   : 12,679
  epoch                       : 158 / 1,000
  frames                      : 25,886,720


Policy 0: saving next best rewards:  [77.25]
=> saving checkpoint 'runs/mg_B_seed2801/nn/mg_B_seed2801.pth'

Timing:
  Play time               : 12.053 s
  Update time             : 0.886 s
  Time to train epoch     : 12.939 s


Statistics:
  fps step                    : 13,780
  fps step + policy inference : 13,593
  fps total                   : 12,662
  epoch                       : 159 / 1,000
  frames                      : 26,050,560


Policy 0: saving next best rewards:  [78.54]
=> saving checkpoint 'runs/mg_B_seed2801/nn/mg_B_seed2801.pth'

Timing:
  Play time               : 12.046 s
  Update time             : 0.915 s
  Time to train epoch     : 12.961 s


Statistics:
  fps step                    : 13,787
  fps step + policy inference : 13,601
  fps total                   : 12,641
  epoch                       : 160 / 1,000
  frames                      : 26,214,400


Policy 0: saving next best rewards:  [79.35]
=> saving checkpoint 'runs/mg_B_seed2801/nn/mg_B_seed2801.pth'

Timing:
  Play time               : 12.035 s
  Update time             : 1.003 s
  Time to train epoch     : 13.039 s


Statistics:
  fps step                    : 13,800
  fps step + policy inference : 13,613
  fps total                   : 12,566
  epoch                       : 161 / 1,000
  frames                      : 26,378,240


Policy 0: saving next best rewards:  [80.21]
=> saving checkpoint 'runs/mg_B_seed2801/nn/mg_B_seed2801.pth'

Timing:
  Play time               : 12.052 s
  Update time             : 0.984 s
  Time to train epoch     : 13.036 s


Statistics:
  fps step                    : 13,781
  fps step + policy inference : 13,595
  fps total                   : 12,568
  epoch                       : 162 / 1,000
  frames                      : 26,542,080


Policy 0: saving next best rewards:  [80.89]
=> saving checkpoint 'runs/mg_B_seed2801/nn/mg_B_seed2801.pth'

Timing:
  Play time               : 12.081 s
  Update time             : 0.930 s
  Time to train epoch     : 13.011 s


Statistics:
  fps step                    : 13,748
  fps step + policy inference : 13,562
  fps total                   : 12,592
  epoch                       : 163 / 1,000
  frames                      : 26,705,920


Policy 0: saving next best rewards:  [81.18]
=> saving checkpoint 'runs/mg_B_seed2801/nn/mg_B_seed2801.pth'

Timing:
  Play time               : 12.058 s
  Update time             : 0.899 s
  Time to train epoch     : 12.956 s


Statistics:
  fps step                    : 13,779
  fps step + policy inference : 13,588
  fps total                   : 12,645
  epoch                       : 164 / 1,000
  frames                      : 26,869,760


Policy 0: saving next best rewards:  [81.79]
=> saving checkpoint 'runs/mg_B_seed2801/nn/mg_B_seed2801.pth'

Timing:
  Play time               : 12.090 s
  Update time             : 0.920 s
  Time to train epoch     : 13.010 s


Statistics:
  fps step                    : 13,753
  fps step + policy inference : 13,552
  fps total                   : 12,593
  epoch                       : 165 / 1,000
  frames                      : 27,033,600


Policy 0: saving next best rewards:  [82.35]
=> saving checkpoint 'runs/mg_B_seed2801/nn/mg_B_seed2801.pth'

Timing:
  Play time               : 12.087 s
  Update time             : 0.892 s
  Time to train epoch     : 12.979 s


Statistics:
  fps step                    : 13,746
  fps step + policy inference : 13,555
  fps total                   : 12,623
  epoch                       : 166 / 1,000
  frames                      : 27,197,440


Policy 0: saving next best rewards:  [83.21]
=> saving checkpoint 'runs/mg_B_seed2801/nn/mg_B_seed2801.pth'

Timing:
  Play time               : 12.060 s
  Update time             : 0.939 s
  Time to train epoch     : 12.999 s


Statistics:
  fps step                    : 13,777
  fps step + policy inference : 13,585
  fps total                   : 12,604
  epoch                       : 167 / 1,000
  frames                      : 27,361,280


Policy 0: saving next best rewards:  [84.]
=> saving checkpoint 'runs/mg_B_seed2801/nn/mg_B_seed2801.pth'

Timing:
  Play time               : 12.035 s
  Update time             : 0.995 s
  Time to train epoch     : 13.031 s


Statistics:
  fps step                    : 13,802
  fps step + policy inference : 13,613
  fps total                   : 12,573
  epoch                       : 168 / 1,000
  frames                      : 27,525,120


Policy 0: saving next best rewards:  [84.75]
=> saving checkpoint 'runs/mg_B_seed2801/nn/mg_B_seed2801.pth'

Timing:
  Play time               : 12.066 s
  Update time             : 1.021 s
  Time to train epoch     : 13.088 s


Statistics:
  fps step                    : 13,797
  fps step + policy inference : 13,578
  fps total                   : 12,519
  epoch                       : 169 / 1,000
  frames                      : 27,688,960


Policy 0: saving next best rewards:  [87.36]
=> saving checkpoint 'runs/mg_B_seed2801/nn/mg_B_seed2801.pth'

Timing:
  Play time               : 11.931 s
  Update time             : 0.970 s
  Time to train epoch     : 12.900 s


Statistics:
  fps step                    : 13,927
  fps step + policy inference : 13,733
  fps total                   : 12,700
  epoch                       : 170 / 1,000
  frames                      : 27,852,800


Policy 0: saving next best rewards:  [88.18]
=> saving checkpoint 'runs/mg_B_seed2801/nn/mg_B_seed2801.pth'

Timing:
  Play time               : 11.976 s
  Update time             : 0.897 s
  Time to train epoch     : 12.872 s


Statistics:
  fps step                    : 13,877
  fps step + policy inference : 13,681
  fps total                   : 12,728
  epoch                       : 171 / 1,000
  frames                      : 28,016,640


Policy 0: saving next best rewards:  [88.92]
=> saving checkpoint 'runs/mg_B_seed2801/nn/mg_B_seed2801.pth'

Timing:
  Play time               : 11.983 s
  Update time             : 0.888 s
  Time to train epoch     : 12.871 s


Statistics:
  fps step                    : 13,863
  fps step + policy inference : 13,673
  fps total                   : 12,730
  epoch                       : 172 / 1,000
  frames                      : 28,180,480


Policy 0: saving next best rewards:  [89.88]
=> saving checkpoint 'runs/mg_B_seed2801/nn/mg_B_seed2801.pth'

Timing:
  Play time               : 11.995 s
  Update time             : 0.900 s
  Time to train epoch     : 12.895 s


Statistics:
  fps step                    : 13,849
  fps step + policy inference : 13,659
  fps total                   : 12,706
  epoch                       : 173 / 1,000
  frames                      : 28,344,320


Policy 0: saving next best rewards:  [90.79]
=> saving checkpoint 'runs/mg_B_seed2801/nn/mg_B_seed2801.pth'

Timing:
  Play time               : 11.973 s
  Update time             : 0.885 s
  Time to train epoch     : 12.857 s


Statistics:
  fps step                    : 13,875
  fps step + policy inference : 13,684
  fps total                   : 12,743
  epoch                       : 174 / 1,000
  frames                      : 28,508,160


Policy 0: saving next best rewards:  [91.64]
=> saving checkpoint 'runs/mg_B_seed2801/nn/mg_B_seed2801.pth'

Timing:
  Play time               : 11.971 s
  Update time             : 0.929 s
  Time to train epoch     : 12.899 s


Statistics:
  fps step                    : 13,873
  fps step + policy inference : 13,687
  fps total                   : 12,702
  epoch                       : 175 / 1,000
  frames                      : 28,672,000


Policy 0: saving next best rewards:  [92.61]
=> saving checkpoint 'runs/mg_B_seed2801/nn/mg_B_seed2801.pth'

Timing:
  Play time               : 12.019 s
  Update time             : 1.023 s
  Time to train epoch     : 13.042 s


Statistics:
  fps step                    : 13,820
  fps step + policy inference : 13,632
  fps total                   : 12,562
  epoch                       : 176 / 1,000
  frames                      : 28,835,840


Policy 0: saving next best rewards:  [92.89]
=> saving checkpoint 'runs/mg_B_seed2801/nn/mg_B_seed2801.pth'

Timing:
  Play time               : 11.981 s
  Update time             : 0.995 s
  Time to train epoch     : 12.977 s


Statistics:
  fps step                    : 13,866
  fps step + policy inference : 13,675
  fps total                   : 12,626
  epoch                       : 177 / 1,000
  frames                      : 28,999,680


Policy 0: saving next best rewards:  [94.03]
=> saving checkpoint 'runs/mg_B_seed2801/nn/mg_B_seed2801.pth'

Timing:
  Play time               : 12.025 s
  Update time             : 0.908 s
  Time to train epoch     : 12.932 s


Statistics:
  fps step                    : 13,816
  fps step + policy inference : 13,625
  fps total                   : 12,669
  epoch                       : 178 / 1,000
  frames                      : 29,163,520


Policy 0: saving next best rewards:  [95.04]
=> saving checkpoint 'runs/mg_B_seed2801/nn/mg_B_seed2801.pth'

Timing:
  Play time               : 12.066 s
  Update time             : 1.063 s
  Time to train epoch     : 13.129 s


Statistics:
  fps step                    : 13,779
  fps step + policy inference : 13,579
  fps total                   : 12,479
  epoch                       : 179 / 1,000
  frames                      : 29,327,360


Policy 0: saving next best rewards:  [95.95]
=> saving checkpoint 'runs/mg_B_seed2801/nn/mg_B_seed2801.pth'

Timing:
  Play time               : 12.055 s
  Update time             : 0.884 s
  Time to train epoch     : 12.939 s


Statistics:
  fps step                    : 13,782
  fps step + policy inference : 13,591
  fps total                   : 12,663
  epoch                       : 180 / 1,000
  frames                      : 29,491,200


Policy 0: saving next best rewards:  [96.12]
=> saving checkpoint 'runs/mg_B_seed2801/nn/mg_B_seed2801.pth'

Timing:
  Play time               : 12.048 s
  Update time             : 0.906 s
  Time to train epoch     : 12.954 s


Statistics:
  fps step                    : 13,789
  fps step + policy inference : 13,599
  fps total                   : 12,648
  epoch                       : 181 / 1,000
  frames                      : 29,655,040


Policy 0: saving next best rewards:  [96.95]
=> saving checkpoint 'runs/mg_B_seed2801/nn/mg_B_seed2801.pth'

Timing:
  Play time               : 12.048 s
  Update time             : 0.965 s
  Time to train epoch     : 13.013 s


Statistics:
  fps step                    : 13,789
  fps step + policy inference : 13,599
  fps total                   : 12,591
  epoch                       : 182 / 1,000
  frames                      : 29,818,880


Policy 0: saving next best rewards:  [97.32]
=> saving checkpoint 'runs/mg_B_seed2801/nn/mg_B_seed2801.pth'

Timing:
  Play time               : 12.017 s
  Update time             : 1.005 s
  Time to train epoch     : 13.023 s


Statistics:
  fps step                    : 13,824
  fps step + policy inference : 13,634
  fps total                   : 12,581
  epoch                       : 183 / 1,000
  frames                      : 29,982,720


Policy 0: saving next best rewards:  [98.13]
=> saving checkpoint 'runs/mg_B_seed2801/nn/mg_B_seed2801.pth'

Timing:
  Play time               : 12.012 s
  Update time             : 0.962 s
  Time to train epoch     : 12.974 s


Statistics:
  fps step                    : 13,836
  fps step + policy inference : 13,640
  fps total                   : 12,628
  epoch                       : 184 / 1,000
  frames                      : 30,146,560


Policy 0: saving next best rewards:  [98.61]
=> saving checkpoint 'runs/mg_B_seed2801/nn/mg_B_seed2801.pth'

Timing:
  Play time               : 12.031 s
  Update time             : 0.940 s
  Time to train epoch     : 12.971 s


Statistics:
  fps step                    : 13,808
  fps step + policy inference : 13,618
  fps total                   : 12,631
  epoch                       : 185 / 1,000
  frames                      : 30,310,400


Policy 0: saving next best rewards:  [99.57]
=> saving checkpoint 'runs/mg_B_seed2801/nn/mg_B_seed2801.pth'

Timing:
  Play time               : 12.033 s
  Update time             : 0.913 s
  Time to train epoch     : 12.946 s


Statistics:
  fps step                    : 13,805
  fps step + policy inference : 13,616
  fps total                   : 12,656
  epoch                       : 186 / 1,000
  frames                      : 30,474,240


Policy 0: saving next best rewards:  [100.47]
=> saving checkpoint 'runs/mg_B_seed2801/nn/mg_B_seed2801.pth'

Timing:
  Play time               : 12.066 s
  Update time             : 0.883 s
  Time to train epoch     : 12.950 s


Statistics:
  fps step                    : 13,765
  fps step + policy inference : 13,579
  fps total                   : 12,652
  epoch                       : 187 / 1,000
  frames                      : 30,638,080


Policy 0: saving next best rewards:  [100.79]
=> saving checkpoint 'runs/mg_B_seed2801/nn/mg_B_seed2801.pth'

Timing:
  Play time               : 12.087 s
  Update time             : 0.918 s
  Time to train epoch     : 13.005 s


Statistics:
  fps step                    : 13,769
  fps step + policy inference : 13,555
  fps total                   : 12,598
  epoch                       : 188 / 1,000
  frames                      : 30,801,920


Policy 0: saving next best rewards:  [102.1]
=> saving checkpoint 'runs/mg_B_seed2801/nn/mg_B_seed2801.pth'

Timing:
  Play time               : 12.071 s
  Update time             : 0.963 s
  Time to train epoch     : 13.034 s


Statistics:
  fps step                    : 13,762
  fps step + policy inference : 13,573
  fps total                   : 12,571
  epoch                       : 189 / 1,000
  frames                      : 30,965,760


Policy 0: saving next best rewards:  [102.59]
=> saving checkpoint 'runs/mg_B_seed2801/nn/mg_B_seed2801.pth'

Timing:
  Play time               : 12.019 s
  Update time             : 0.978 s
  Time to train epoch     : 12.997 s


Statistics:
  fps step                    : 13,818
  fps step + policy inference : 13,632
  fps total                   : 12,606
  epoch                       : 190 / 1,000
  frames                      : 31,129,600


Policy 0: saving next best rewards:  [103.43]
=> saving checkpoint 'runs/mg_B_seed2801/nn/mg_B_seed2801.pth'

Timing:
  Play time               : 12.068 s
  Update time             : 0.962 s
  Time to train epoch     : 13.030 s


Statistics:
  fps step                    : 13,761
  fps step + policy inference : 13,576
  fps total                   : 12,574
  epoch                       : 191 / 1,000
  frames                      : 31,293,440


Policy 0: saving next best rewards:  [104.23]
=> saving checkpoint 'runs/mg_B_seed2801/nn/mg_B_seed2801.pth'

Timing:
  Play time               : 12.078 s
  Update time             : 0.960 s
  Time to train epoch     : 13.038 s


Statistics:
  fps step                    : 13,753
  fps step + policy inference : 13,565
  fps total                   : 12,567
  epoch                       : 192 / 1,000
  frames                      : 31,457,280


Policy 0: saving next best rewards:  [104.82]
=> saving checkpoint 'runs/mg_B_seed2801/nn/mg_B_seed2801.pth'

Timing:
  Play time               : 12.084 s
  Update time             : 0.900 s
  Time to train epoch     : 12.984 s


Statistics:
  fps step                    : 13,746
  fps step + policy inference : 13,558
  fps total                   : 12,618
  epoch                       : 193 / 1,000
  frames                      : 31,621,120


Policy 0: saving next best rewards:  [105.18]
=> saving checkpoint 'runs/mg_B_seed2801/nn/mg_B_seed2801.pth'

Timing:
  Play time               : 12.051 s
  Update time             : 0.892 s
  Time to train epoch     : 12.944 s


Statistics:
  fps step                    : 13,782
  fps step + policy inference : 13,595
  fps total                   : 12,658
  epoch                       : 194 / 1,000
  frames                      : 31,784,960


Policy 0: saving next best rewards:  [106.01]
=> saving checkpoint 'runs/mg_B_seed2801/nn/mg_B_seed2801.pth'

Timing:
  Play time               : 12.061 s
  Update time             : 0.966 s
  Time to train epoch     : 13.027 s


Statistics:
  fps step                    : 13,771
  fps step + policy inference : 13,584
  fps total                   : 12,577
  epoch                       : 195 / 1,000
  frames                      : 31,948,800


Policy 0: saving next best rewards:  [106.5]
=> saving checkpoint 'runs/mg_B_seed2801/nn/mg_B_seed2801.pth'

Timing:
  Play time               : 12.054 s
  Update time             : 1.021 s
  Time to train epoch     : 13.075 s


Statistics:
  fps step                    : 13,781
  fps step + policy inference : 13,592
  fps total                   : 12,531
  epoch                       : 196 / 1,000
  frames                      : 32,112,640


Policy 0: saving next best rewards:  [107.37]
=> saving checkpoint 'runs/mg_B_seed2801/nn/mg_B_seed2801.pth'

Timing:
  Play time               : 12.091 s
  Update time             : 0.973 s
  Time to train epoch     : 13.064 s


Statistics:
  fps step                    : 13,744
  fps step + policy inference : 13,551
  fps total                   : 12,541
  epoch                       : 197 / 1,000
  frames                      : 32,276,480


Policy 0: saving next best rewards:  [107.96]
=> saving checkpoint 'runs/mg_B_seed2801/nn/mg_B_seed2801.pth'

Timing:
  Play time               : 12.054 s
  Update time             : 0.928 s
  Time to train epoch     : 12.983 s


Statistics:
  fps step                    : 13,781
  fps step + policy inference : 13,592
  fps total                   : 12,620
  epoch                       : 198 / 1,000
  frames                      : 32,440,320


Policy 0: saving next best rewards:  [108.48]
=> saving checkpoint 'runs/mg_B_seed2801/nn/mg_B_seed2801.pth'

Timing:
  Play time               : 12.062 s
  Update time             : 0.899 s
  Time to train epoch     : 12.961 s


Statistics:
  fps step                    : 13,771
  fps step + policy inference : 13,583
  fps total                   : 12,641
  epoch                       : 199 / 1,000
  frames                      : 32,604,160


Policy 0: saving next best rewards:  [108.77]
=> saving checkpoint 'runs/mg_B_seed2801/nn/mg_B_seed2801.pth'

Timing:
  Play time               : 12.073 s
  Update time             : 0.886 s
  Time to train epoch     : 12.959 s


Statistics:
  fps step                    : 13,758
  fps step + policy inference : 13,570
  fps total                   : 12,643
  epoch                       : 200 / 1,000
  frames                      : 32,768,000


Policy 0: saving next best rewards:  [109.19]
=> saving checkpoint 'runs/mg_B_seed2801/nn/mg_B_seed2801.pth'

Timing:
  Play time               : 12.087 s
  Update time             : 0.883 s
  Time to train epoch     : 12.970 s


Statistics:
  fps step                    : 13,743
  fps step + policy inference : 13,555
  fps total                   : 12,632
  epoch                       : 201 / 1,000
  frames                      : 32,931,840


Policy 0: saving next best rewards:  [109.76]
=> saving checkpoint 'runs/mg_B_seed2801/nn/mg_B_seed2801.pth'

Timing:
  Play time               : 12.138 s
  Update time             : 0.907 s
  Time to train epoch     : 13.045 s


Statistics:
  fps step                    : 13,690
  fps step + policy inference : 13,498
  fps total                   : 12,560
  epoch                       : 202 / 1,000
  frames                      : 33,095,680


Policy 0: saving next best rewards:  [110.25]
=> saving checkpoint 'runs/mg_B_seed2801/nn/mg_B_seed2801.pth'

Timing:
  Play time               : 12.081 s
  Update time             : 0.949 s
  Time to train epoch     : 13.031 s


Statistics:
  fps step                    : 13,752
  fps step + policy inference : 13,561
  fps total                   : 12,573
  epoch                       : 203 / 1,000
  frames                      : 33,259,520


Policy 0: saving next best rewards:  [110.35]
=> saving checkpoint 'runs/mg_B_seed2801/nn/mg_B_seed2801.pth'

Timing:
  Play time               : 12.070 s
  Update time             : 1.052 s
  Time to train epoch     : 13.122 s


Statistics:
  fps step                    : 13,765
  fps step + policy inference : 13,574
  fps total                   : 12,486
  epoch                       : 204 / 1,000
  frames                      : 33,423,360


Policy 0: saving next best rewards:  [111.12]
=> saving checkpoint 'runs/mg_B_seed2801/nn/mg_B_seed2801.pth'

Timing:
  Play time               : 12.043 s
  Update time             : 0.976 s
  Time to train epoch     : 13.019 s


Statistics:
  fps step                    : 13,791
  fps step + policy inference : 13,604
  fps total                   : 12,585
  epoch                       : 205 / 1,000
  frames                      : 33,587,200


Policy 0: saving next best rewards:  [111.68]
=> saving checkpoint 'runs/mg_B_seed2801/nn/mg_B_seed2801.pth'

Timing:
  Play time               : 12.022 s
  Update time             : 0.898 s
  Time to train epoch     : 12.920 s


Statistics:
  fps step                    : 13,815
  fps step + policy inference : 13,629
  fps total                   : 12,681
  epoch                       : 206 / 1,000
  frames                      : 33,751,040


Policy 0: saving next best rewards:  [112.07]
=> saving checkpoint 'runs/mg_B_seed2801/nn/mg_B_seed2801.pth'

Timing:
  Play time               : 12.080 s
  Update time             : 0.903 s
  Time to train epoch     : 12.984 s


Statistics:
  fps step                    : 13,774
  fps step + policy inference : 13,563
  fps total                   : 12,619
  epoch                       : 207 / 1,000
  frames                      : 33,914,880


Policy 0: saving next best rewards:  [113.73]
=> saving checkpoint 'runs/mg_B_seed2801/nn/mg_B_seed2801.pth'

Timing:
  Play time               : 11.996 s
  Update time             : 0.908 s
  Time to train epoch     : 12.904 s


Statistics:
  fps step                    : 13,847
  fps step + policy inference : 13,657
  fps total                   : 12,697
  epoch                       : 208 / 1,000
  frames                      : 34,078,720


Policy 0: saving next best rewards:  [114.18]
=> saving checkpoint 'runs/mg_B_seed2801/nn/mg_B_seed2801.pth'

Timing:
  Play time               : 11.999 s
  Update time             : 0.965 s
  Time to train epoch     : 12.963 s


Statistics:
  fps step                    : 13,841
  fps step + policy inference : 13,655
  fps total                   : 12,639
  epoch                       : 209 / 1,000
  frames                      : 34,242,560


Policy 0: saving next best rewards:  [114.57]
=> saving checkpoint 'runs/mg_B_seed2801/nn/mg_B_seed2801.pth'

Timing:
  Play time               : 12.008 s
  Update time             : 1.010 s
  Time to train epoch     : 13.018 s


Statistics:
  fps step                    : 13,835
  fps step + policy inference : 13,644
  fps total                   : 12,586
  epoch                       : 210 / 1,000
  frames                      : 34,406,400


Policy 0: saving next best rewards:  [114.59]
=> saving checkpoint 'runs/mg_B_seed2801/nn/mg_B_seed2801.pth'

Timing:
  Play time               : 12.021 s
  Update time             : 0.983 s
  Time to train epoch     : 13.004 s


Statistics:
  fps step                    : 13,819
  fps step + policy inference : 13,630
  fps total                   : 12,599
  epoch                       : 211 / 1,000
  frames                      : 34,570,240


Policy 0: saving next best rewards:  [114.84]
=> saving checkpoint 'runs/mg_B_seed2801/nn/mg_B_seed2801.pth'

Timing:
  Play time               : 12.012 s
  Update time             : 0.924 s
  Time to train epoch     : 12.936 s


Statistics:
  fps step                    : 13,826
  fps step + policy inference : 13,640
  fps total                   : 12,665
  epoch                       : 212 / 1,000
  frames                      : 34,734,080


Policy 0: saving next best rewards:  [115.55]
=> saving checkpoint 'runs/mg_B_seed2801/nn/mg_B_seed2801.pth'

Timing:
  Play time               : 12.016 s
  Update time             : 0.887 s
  Time to train epoch     : 12.903 s


Statistics:
  fps step                    : 13,824
  fps step + policy inference : 13,635
  fps total                   : 12,697
  epoch                       : 213 / 1,000
  frames                      : 34,897,920


Policy 0: 
Timing:
  Play time               : 12.008 s
  Update time             : 0.869 s
  Time to train epoch     : 12.877 s


Statistics:
  fps step                    : 13,834
  fps step + policy inference : 13,644
  fps total                   : 12,723
  epoch                       : 214 / 1,000
  frames                      : 35,061,760


Policy 0: saving next best rewards:  [116.2]
=> saving checkpoint 'runs/mg_B_seed2801/nn/mg_B_seed2801.pth'

Timing:
  Play time               : 12.017 s
  Update time             : 0.886 s
  Time to train epoch     : 12.904 s


Statistics:
  fps step                    : 13,823
  fps step + policy inference : 13,634
  fps total                   : 12,697
  epoch                       : 215 / 1,000
  frames                      : 35,225,600


Policy 0: 
Timing:
  Play time               : 12.032 s
  Update time             : 0.958 s
  Time to train epoch     : 12.990 s


Statistics:
  fps step                    : 13,806
  fps step + policy inference : 13,617
  fps total                   : 12,613
  epoch                       : 216 / 1,000
  frames                      : 35,389,440


Policy 0: saving next best rewards:  [116.4]
=> saving checkpoint 'runs/mg_B_seed2801/nn/mg_B_seed2801.pth'

Timing:
  Play time               : 12.034 s
  Update time             : 1.012 s
  Time to train epoch     : 13.046 s


Statistics:
  fps step                    : 13,804
  fps step + policy inference : 13,614
  fps total                   : 12,558
  epoch                       : 217 / 1,000
  frames                      : 35,553,280


Policy 0: saving next best rewards:  [116.67]
=> saving checkpoint 'runs/mg_B_seed2801/nn/mg_B_seed2801.pth'

Timing:
  Play time               : 12.036 s
  Update time             : 0.963 s
  Time to train epoch     : 12.999 s


Statistics:
  fps step                    : 13,800
  fps step + policy inference : 13,613
  fps total                   : 12,604
  epoch                       : 218 / 1,000
  frames                      : 35,717,120


Policy 0: saving next best rewards:  [117.11]
=> saving checkpoint 'runs/mg_B_seed2801/nn/mg_B_seed2801.pth'

Timing:
  Play time               : 12.055 s
  Update time             : 0.950 s
  Time to train epoch     : 13.005 s


Statistics:
  fps step                    : 13,780
  fps step + policy inference : 13,591
  fps total                   : 12,598
  epoch                       : 219 / 1,000
  frames                      : 35,880,960


Policy 0: saving next best rewards:  [118.02]
=> saving checkpoint 'runs/mg_B_seed2801/nn/mg_B_seed2801.pth'

Timing:
  Play time               : 12.066 s
  Update time             : 0.894 s
  Time to train epoch     : 12.959 s


Statistics:
  fps step                    : 13,767
  fps step + policy inference : 13,579
  fps total                   : 12,643
  epoch                       : 220 / 1,000
  frames                      : 36,044,800


Policy 0: saving next best rewards:  [118.46]
=> saving checkpoint 'runs/mg_B_seed2801/nn/mg_B_seed2801.pth'

Timing:
  Play time               : 12.058 s
  Update time             : 0.908 s
  Time to train epoch     : 12.967 s


Statistics:
  fps step                    : 13,775
  fps step + policy inference : 13,587
  fps total                   : 12,635
  epoch                       : 221 / 1,000
  frames                      : 36,208,640


Policy 0: saving next best rewards:  [118.78]
=> saving checkpoint 'runs/mg_B_seed2801/nn/mg_B_seed2801.pth'

Timing:
  Play time               : 12.058 s
  Update time             : 0.936 s
  Time to train epoch     : 12.994 s


Statistics:
  fps step                    : 13,776
  fps step + policy inference : 13,588
  fps total                   : 12,609
  epoch                       : 222 / 1,000
  frames                      : 36,372,480


Policy 0: saving next best rewards:  [119.53]
=> saving checkpoint 'runs/mg_B_seed2801/nn/mg_B_seed2801.pth'

Timing:
  Play time               : 12.051 s
  Update time             : 0.935 s
  Time to train epoch     : 12.986 s


Statistics:
  fps step                    : 13,784
  fps step + policy inference : 13,595
  fps total                   : 12,616
  epoch                       : 223 / 1,000
  frames                      : 36,536,320


Policy 0: saving next best rewards:  [119.9]
=> saving checkpoint 'runs/mg_B_seed2801/nn/mg_B_seed2801.pth'

Timing:
  Play time               : 12.065 s
  Update time             : 0.985 s
  Time to train epoch     : 13.050 s


Statistics:
  fps step                    : 13,780
  fps step + policy inference : 13,580
  fps total                   : 12,555
  epoch                       : 224 / 1,000
  frames                      : 36,700,160


Policy 0: saving next best rewards:  [120.55]
=> saving checkpoint 'runs/mg_B_seed2801/nn/mg_B_seed2801.pth'

Timing:
  Play time               : 12.057 s
  Update time             : 1.022 s
  Time to train epoch     : 13.079 s


Statistics:
  fps step                    : 13,799
  fps step + policy inference : 13,589
  fps total                   : 12,527
  epoch                       : 225 / 1,000
  frames                      : 36,864,000


Policy 0: saving next best rewards:  [121.71]
=> saving checkpoint 'runs/mg_B_seed2801/nn/mg_B_seed2801.pth'

Timing:
  Play time               : 12.082 s
  Update time             : 0.953 s
  Time to train epoch     : 13.035 s


Statistics:
  fps step                    : 13,750
  fps step + policy inference : 13,561
  fps total                   : 12,569
  epoch                       : 226 / 1,000
  frames                      : 37,027,840


Policy 0: saving next best rewards:  [122.23]
=> saving checkpoint 'runs/mg_B_seed2801/nn/mg_B_seed2801.pth'

Timing:
  Play time               : 12.145 s
  Update time             : 0.918 s
  Time to train epoch     : 13.063 s


Statistics:
  fps step                    : 13,684
  fps step + policy inference : 13,490
  fps total                   : 12,542
  epoch                       : 227 / 1,000
  frames                      : 37,191,680


Policy 0: saving next best rewards:  [122.8]
=> saving checkpoint 'runs/mg_B_seed2801/nn/mg_B_seed2801.pth'

Timing:
  Play time               : 12.163 s
  Update time             : 0.892 s
  Time to train epoch     : 13.055 s


Statistics:
  fps step                    : 13,666
  fps step + policy inference : 13,470
  fps total                   : 12,550
  epoch                       : 228 / 1,000
  frames                      : 37,355,520


Policy 0: saving next best rewards:  [123.01]
=> saving checkpoint 'runs/mg_B_seed2801/nn/mg_B_seed2801.pth'

Timing:
  Play time               : 12.097 s
  Update time             : 0.889 s
  Time to train epoch     : 12.985 s


Statistics:
  fps step                    : 13,741
  fps step + policy inference : 13,544
  fps total                   : 12,617
  epoch                       : 229 / 1,000
  frames                      : 37,519,360


Policy 0: saving next best rewards:  [123.78]
=> saving checkpoint 'runs/mg_B_seed2801/nn/mg_B_seed2801.pth'

Timing:
  Play time               : 12.031 s
  Update time             : 0.939 s
  Time to train epoch     : 12.970 s


Statistics:
  fps step                    : 13,808
  fps step + policy inference : 13,618
  fps total                   : 12,632
  epoch                       : 230 / 1,000
  frames                      : 37,683,200


Policy 0: 
Timing:
  Play time               : 12.031 s
  Update time             : 0.973 s
  Time to train epoch     : 13.004 s


Statistics:
  fps step                    : 13,806
  fps step + policy inference : 13,618
  fps total                   : 12,599
  epoch                       : 231 / 1,000
  frames                      : 37,847,040


Policy 0: saving next best rewards:  [124.37]
=> saving checkpoint 'runs/mg_B_seed2801/nn/mg_B_seed2801.pth'

Timing:
  Play time               : 12.030 s
  Update time             : 1.004 s
  Time to train epoch     : 13.034 s


Statistics:
  fps step                    : 13,809
  fps step + policy inference : 13,619
  fps total                   : 12,570
  epoch                       : 232 / 1,000
  frames                      : 38,010,880


Policy 0: saving next best rewards:  [124.43]
=> saving checkpoint 'runs/mg_B_seed2801/nn/mg_B_seed2801.pth'

Timing:
  Play time               : 12.008 s
  Update time             : 0.953 s
  Time to train epoch     : 12.961 s


Statistics:
  fps step                    : 13,831
  fps step + policy inference : 13,644
  fps total                   : 12,641
  epoch                       : 233 / 1,000
  frames                      : 38,174,720


Policy 0: saving next best rewards:  [124.64]
=> saving checkpoint 'runs/mg_B_seed2801/nn/mg_B_seed2801.pth'

Timing:
  Play time               : 12.017 s
  Update time             : 0.897 s
  Time to train epoch     : 12.913 s


Statistics:
  fps step                    : 13,826
  fps step + policy inference : 13,634
  fps total                   : 12,688
  epoch                       : 234 / 1,000
  frames                      : 38,338,560


Policy 0: saving next best rewards:  [124.91]
=> saving checkpoint 'runs/mg_B_seed2801/nn/mg_B_seed2801.pth'

Timing:
  Play time               : 12.008 s
  Update time             : 0.917 s
  Time to train epoch     : 12.925 s


Statistics:
  fps step                    : 13,836
  fps step + policy inference : 13,645
  fps total                   : 12,677
  epoch                       : 235 / 1,000
  frames                      : 38,502,400


Policy 0: saving next best rewards:  [125.37]
=> saving checkpoint 'runs/mg_B_seed2801/nn/mg_B_seed2801.pth'

Timing:
  Play time               : 12.025 s
  Update time             : 0.878 s
  Time to train epoch     : 12.904 s


Statistics:
  fps step                    : 13,815
  fps step + policy inference : 13,625
  fps total                   : 12,697
  epoch                       : 236 / 1,000
  frames                      : 38,666,240


Policy 0: 
Timing:
  Play time               : 12.046 s
  Update time             : 0.908 s
  Time to train epoch     : 12.954 s


Statistics:
  fps step                    : 13,792
  fps step + policy inference : 13,601
  fps total                   : 12,648
  epoch                       : 237 / 1,000
  frames                      : 38,830,080


Policy 0: saving next best rewards:  [125.71]
=> saving checkpoint 'runs/mg_B_seed2801/nn/mg_B_seed2801.pth'

Timing:
  Play time               : 12.046 s
  Update time             : 0.968 s
  Time to train epoch     : 13.014 s


Statistics:
  fps step                    : 13,790
  fps step + policy inference : 13,601
  fps total                   : 12,589
  epoch                       : 238 / 1,000
  frames                      : 38,993,920


Policy 0: saving next best rewards:  [125.99]
=> saving checkpoint 'runs/mg_B_seed2801/nn/mg_B_seed2801.pth'

Timing:
  Play time               : 12.033 s
  Update time             : 1.010 s
  Time to train epoch     : 13.043 s


Statistics:
  fps step                    : 13,805
  fps step + policy inference : 13,616
  fps total                   : 12,562
  epoch                       : 239 / 1,000
  frames                      : 39,157,760


Policy 0: saving next best rewards:  [126.45]
=> saving checkpoint 'runs/mg_B_seed2801/nn/mg_B_seed2801.pth'

Timing:
  Play time               : 12.060 s
  Update time             : 1.023 s
  Time to train epoch     : 13.083 s


Statistics:
  fps step                    : 13,787
  fps step + policy inference : 13,585
  fps total                   : 12,523
  epoch                       : 240 / 1,000
  frames                      : 39,321,600


Policy 0: saving next best rewards:  [126.6]
=> saving checkpoint 'runs/mg_B_seed2801/nn/mg_B_seed2801.pth'

Timing:
  Play time               : 12.000 s
  Update time             : 0.911 s
  Time to train epoch     : 12.911 s


Statistics:
  fps step                    : 13,843
  fps step + policy inference : 13,653
  fps total                   : 12,690
  epoch                       : 241 / 1,000
  frames                      : 39,485,440


Policy 0: saving next best rewards:  [126.71]
=> saving checkpoint 'runs/mg_B_seed2801/nn/mg_B_seed2801.pth'

Timing:
  Play time               : 12.002 s
  Update time             : 0.899 s
  Time to train epoch     : 12.900 s


Statistics:
  fps step                    : 13,842
  fps step + policy inference : 13,652
  fps total                   : 12,700
  epoch                       : 242 / 1,000
  frames                      : 39,649,280


Policy 0: saving next best rewards:  [127.46]
=> saving checkpoint 'runs/mg_B_seed2801/nn/mg_B_seed2801.pth'

Timing:
  Play time               : 12.012 s
  Update time             : 0.883 s
  Time to train epoch     : 12.895 s


Statistics:
  fps step                    : 13,827
  fps step + policy inference : 13,640
  fps total                   : 12,706
  epoch                       : 243 / 1,000
  frames                      : 39,813,120


Policy 0: 
Timing:
  Play time               : 12.039 s
  Update time             : 0.909 s
  Time to train epoch     : 12.948 s


Statistics:
  fps step                    : 13,820
  fps step + policy inference : 13,609
  fps total                   : 12,653
  epoch                       : 244 / 1,000
  frames                      : 39,976,960


Policy 0: saving next best rewards:  [128.17]
=> saving checkpoint 'runs/mg_B_seed2801/nn/mg_B_seed2801.pth'

Timing:
  Play time               : 12.032 s
  Update time             : 0.898 s
  Time to train epoch     : 12.930 s


Statistics:
  fps step                    : 13,806
  fps step + policy inference : 13,617
  fps total                   : 12,671
  epoch                       : 245 / 1,000
  frames                      : 40,140,800


Policy 0: saving next best rewards:  [128.3]
=> saving checkpoint 'runs/mg_B_seed2801/nn/mg_B_seed2801.pth'

Timing:
  Play time               : 12.031 s
  Update time             : 0.989 s
  Time to train epoch     : 13.020 s


Statistics:
  fps step                    : 13,807
  fps step + policy inference : 13,618
  fps total                   : 12,583
  epoch                       : 246 / 1,000
  frames                      : 40,304,640


Policy 0: saving next best rewards:  [128.68]
=> saving checkpoint 'runs/mg_B_seed2801/nn/mg_B_seed2801.pth'

Timing:
  Play time               : 12.013 s
  Update time             : 0.982 s
  Time to train epoch     : 12.994 s


Statistics:
  fps step                    : 13,826
  fps step + policy inference : 13,639
  fps total                   : 12,608
  epoch                       : 247 / 1,000
  frames                      : 40,468,480


Policy 0: 
Timing:
  Play time               : 12.032 s
  Update time             : 0.978 s
  Time to train epoch     : 13.010 s


Statistics:
  fps step                    : 13,810
  fps step + policy inference : 13,617
  fps total                   : 12,593
  epoch                       : 248 / 1,000
  frames                      : 40,632,320


Policy 0: saving next best rewards:  [128.78]
=> saving checkpoint 'runs/mg_B_seed2801/nn/mg_B_seed2801.pth'

Timing:
  Play time               : 12.027 s
  Update time             : 0.925 s
  Time to train epoch     : 12.952 s


Statistics:
  fps step                    : 13,811
  fps step + policy inference : 13,622
  fps total                   : 12,650
  epoch                       : 249 / 1,000
  frames                      : 40,796,160


Policy 0: saving next best rewards:  [129.27]
=> saving checkpoint 'runs/mg_B_seed2801/nn/mg_B_seed2801.pth'

Timing:
  Play time               : 12.051 s
  Update time             : 0.897 s
  Time to train epoch     : 12.948 s


Statistics:
  fps step                    : 13,786
  fps step + policy inference : 13,595
  fps total                   : 12,654
  epoch                       : 250 / 1,000
  frames                      : 40,960,000


Policy 0: saving next best rewards:  [129.67]
=> saving checkpoint 'runs/mg_B_seed2801/nn/mg_B_seed2801.pth'
Saved recovery checkpoint runs/mg_B_seed2801/checkpoints/epoch_000250.pth; evaluation_due=False

Timing:
  Play time               : 12.027 s
  Update time             : 0.904 s
  Time to train epoch     : 12.931 s


Statistics:
  fps step                    : 13,808
  fps step + policy inference : 13,623
  fps total                   : 12,671
  epoch                       : 251 / 1,000
  frames                      : 41,123,840


Policy 0: saving next best rewards:  [130.]
=> saving checkpoint 'runs/mg_B_seed2801/nn/mg_B_seed2801.pth'

Timing:
  Play time               : 12.027 s
  Update time             : 0.889 s
  Time to train epoch     : 12.916 s


Statistics:
  fps step                    : 13,813
  fps step + policy inference : 13,622
  fps total                   : 12,685
  epoch                       : 252 / 1,000
  frames                      : 41,287,680


Policy 0: saving next best rewards:  [130.24]
=> saving checkpoint 'runs/mg_B_seed2801/nn/mg_B_seed2801.pth'

Timing:
  Play time               : 12.045 s
  Update time             : 0.893 s
  Time to train epoch     : 12.937 s


Statistics:
  fps step                    : 13,791
  fps step + policy inference : 13,603
  fps total                   : 12,664
  epoch                       : 253 / 1,000
  frames                      : 41,451,520


Policy 0: saving next best rewards:  [130.8]
=> saving checkpoint 'runs/mg_B_seed2801/nn/mg_B_seed2801.pth'

Timing:
  Play time               : 12.029 s
  Update time             : 1.014 s
  Time to train epoch     : 13.043 s


Statistics:
  fps step                    : 13,813
  fps step + policy inference : 13,620
  fps total                   : 12,562
  epoch                       : 254 / 1,000
  frames                      : 41,615,360


Policy 0: 
Timing:
  Play time               : 12.042 s
  Update time             : 1.013 s
  Time to train epoch     : 13.055 s


Statistics:
  fps step                    : 13,793
  fps step + policy inference : 13,606
  fps total                   : 12,550
  epoch                       : 255 / 1,000
  frames                      : 41,779,200


Policy 0: 
Timing:
  Play time               : 12.039 s
  Update time             : 0.951 s
  Time to train epoch     : 12.990 s


Statistics:
  fps step                    : 13,800
  fps step + policy inference : 13,609
  fps total                   : 12,613
  epoch                       : 256 / 1,000
  frames                      : 41,943,040


Policy 0: 
Timing:
  Play time               : 12.036 s
  Update time             : 0.912 s
  Time to train epoch     : 12.948 s


Statistics:
  fps step                    : 13,799
  fps step + policy inference : 13,612
  fps total                   : 12,653
  epoch                       : 257 / 1,000
  frames                      : 42,106,880


Policy 0: 
Timing:
  Play time               : 12.057 s
  Update time             : 0.903 s
  Time to train epoch     : 12.960 s


Statistics:
  fps step                    : 13,777
  fps step + policy inference : 13,589
  fps total                   : 12,642
  epoch                       : 258 / 1,000
  frames                      : 42,270,720


Policy 0: 
Timing:
  Play time               : 12.079 s
  Update time             : 0.888 s
  Time to train epoch     : 12.967 s


Statistics:
  fps step                    : 13,754
  fps step + policy inference : 13,564
  fps total                   : 12,636
  epoch                       : 259 / 1,000
  frames                      : 42,434,560


Policy 0: 
Timing:
  Play time               : 12.065 s
  Update time             : 0.907 s
  Time to train epoch     : 12.972 s


Statistics:
  fps step                    : 13,769
  fps step + policy inference : 13,580
  fps total                   : 12,630
  epoch                       : 260 / 1,000
  frames                      : 42,598,400


Policy 0: 
Timing:
  Play time               : 12.064 s
  Update time             : 0.945 s
  Time to train epoch     : 13.010 s


Statistics:
  fps step                    : 13,769
  fps step + policy inference : 13,581
  fps total                   : 12,594
  epoch                       : 261 / 1,000
  frames                      : 42,762,240


Policy 0: saving next best rewards:  [131.19]
=> saving checkpoint 'runs/mg_B_seed2801/nn/mg_B_seed2801.pth'

Timing:
  Play time               : 12.067 s
  Update time             : 1.004 s
  Time to train epoch     : 13.071 s


Statistics:
  fps step                    : 13,764
  fps step + policy inference : 13,577
  fps total                   : 12,534
  epoch                       : 262 / 1,000
  frames                      : 42,926,080


Policy 0: saving next best rewards:  [131.55]
=> saving checkpoint 'runs/mg_B_seed2801/nn/mg_B_seed2801.pth'

Timing:
  Play time               : 12.092 s
  Update time             : 1.032 s
  Time to train epoch     : 13.124 s


Statistics:
  fps step                    : 13,761
  fps step + policy inference : 13,549
  fps total                   : 12,484
  epoch                       : 263 / 1,000
  frames                      : 43,089,920


Policy 0: saving next best rewards:  [131.97]
=> saving checkpoint 'runs/mg_B_seed2801/nn/mg_B_seed2801.pth'

Timing:
  Play time               : 12.050 s
  Update time             : 0.914 s
  Time to train epoch     : 12.964 s


Statistics:
  fps step                    : 13,786
  fps step + policy inference : 13,597
  fps total                   : 12,639
  epoch                       : 264 / 1,000
  frames                      : 43,253,760


Policy 0: saving next best rewards:  [132.28]
=> saving checkpoint 'runs/mg_B_seed2801/nn/mg_B_seed2801.pth'

Timing:
  Play time               : 12.054 s
  Update time             : 0.895 s
  Time to train epoch     : 12.948 s


Statistics:
  fps step                    : 13,780
  fps step + policy inference : 13,593
  fps total                   : 12,653
  epoch                       : 265 / 1,000
  frames                      : 43,417,600


Policy 0: saving next best rewards:  [132.71]
=> saving checkpoint 'runs/mg_B_seed2801/nn/mg_B_seed2801.pth'

Timing:
  Play time               : 12.045 s
  Update time             : 0.896 s
  Time to train epoch     : 12.941 s


Statistics:
  fps step                    : 13,791
  fps step + policy inference : 13,602
  fps total                   : 12,660
  epoch                       : 266 / 1,000
  frames                      : 43,581,440


Policy 0: 
Timing:
  Play time               : 12.035 s
  Update time             : 0.929 s
  Time to train epoch     : 12.965 s


Statistics:
  fps step                    : 13,804
  fps step + policy inference : 13,613
  fps total                   : 12,638
  epoch                       : 267 / 1,000
  frames                      : 43,745,280


Policy 0: saving next best rewards:  [132.71]
=> saving checkpoint 'runs/mg_B_seed2801/nn/mg_B_seed2801.pth'

Timing:
  Play time               : 12.050 s
  Update time             : 0.948 s
  Time to train epoch     : 12.998 s


Statistics:
  fps step                    : 13,784
  fps step + policy inference : 13,597
  fps total                   : 12,605
  epoch                       : 268 / 1,000
  frames                      : 43,909,120


Policy 0: 
Timing:
  Play time               : 12.046 s
  Update time             : 1.029 s
  Time to train epoch     : 13.075 s


Statistics:
  fps step                    : 13,791
  fps step + policy inference : 13,601
  fps total                   : 12,531
  epoch                       : 269 / 1,000
  frames                      : 44,072,960


Policy 0: saving next best rewards:  [133.03]
=> saving checkpoint 'runs/mg_B_seed2801/nn/mg_B_seed2801.pth'

Timing:
  Play time               : 12.015 s
  Update time             : 0.977 s
  Time to train epoch     : 12.992 s


Statistics:
  fps step                    : 13,823
  fps step + policy inference : 13,636
  fps total                   : 12,611
  epoch                       : 270 / 1,000
  frames                      : 44,236,800


Policy 0: saving next best rewards:  [133.19]
=> saving checkpoint 'runs/mg_B_seed2801/nn/mg_B_seed2801.pth'

Timing:
  Play time               : 11.977 s
  Update time             : 0.898 s
  Time to train epoch     : 12.875 s


Statistics:
  fps step                    : 13,870
  fps step + policy inference : 13,679
  fps total                   : 12,725
  epoch                       : 271 / 1,000
  frames                      : 44,400,640


Policy 0: saving next best rewards:  [133.48]
=> saving checkpoint 'runs/mg_B_seed2801/nn/mg_B_seed2801.pth'

Timing:
  Play time               : 11.979 s
  Update time             : 0.909 s
  Time to train epoch     : 12.888 s


Statistics:
  fps step                    : 13,871
  fps step + policy inference : 13,677
  fps total                   : 12,712
  epoch                       : 272 / 1,000
  frames                      : 44,564,480


Policy 0: saving next best rewards:  [133.95]
=> saving checkpoint 'runs/mg_B_seed2801/nn/mg_B_seed2801.pth'

Timing:
  Play time               : 11.980 s
  Update time             : 0.900 s
  Time to train epoch     : 12.880 s


Statistics:
  fps step                    : 13,869
  fps step + policy inference : 13,676
  fps total                   : 12,720
  epoch                       : 273 / 1,000
  frames                      : 44,728,320


Policy 0: saving next best rewards:  [134.35]
=> saving checkpoint 'runs/mg_B_seed2801/nn/mg_B_seed2801.pth'

Timing:
  Play time               : 11.979 s
  Update time             : 0.885 s
  Time to train epoch     : 12.864 s


Statistics:
  fps step                    : 13,865
  fps step + policy inference : 13,677
  fps total                   : 12,736
  epoch                       : 274 / 1,000
  frames                      : 44,892,160


Policy 0: saving next best rewards:  [134.6]
=> saving checkpoint 'runs/mg_B_seed2801/nn/mg_B_seed2801.pth'

Timing:
  Play time               : 11.979 s
  Update time             : 0.905 s
  Time to train epoch     : 12.884 s


Statistics:
  fps step                    : 13,868
  fps step + policy inference : 13,678
  fps total                   : 12,716
  epoch                       : 275 / 1,000
  frames                      : 45,056,000


Policy 0: saving next best rewards:  [134.9]
=> saving checkpoint 'runs/mg_B_seed2801/nn/mg_B_seed2801.pth'

Timing:
  Play time               : 11.981 s
  Update time             : 0.974 s
  Time to train epoch     : 12.955 s


Statistics:
  fps step                    : 13,866
  fps step + policy inference : 13,675
  fps total                   : 12,647
  epoch                       : 276 / 1,000
  frames                      : 45,219,840


Policy 0: saving next best rewards:  [135.57]
=> saving checkpoint 'runs/mg_B_seed2801/nn/mg_B_seed2801.pth'

Timing:
  Play time               : 11.970 s
  Update time             : 1.021 s
  Time to train epoch     : 12.991 s


Statistics:
  fps step                    : 13,880
  fps step + policy inference : 13,688
  fps total                   : 12,612
  epoch                       : 277 / 1,000
  frames                      : 45,383,680


Policy 0: saving next best rewards:  [135.75]
=> saving checkpoint 'runs/mg_B_seed2801/nn/mg_B_seed2801.pth'

Timing:
  Play time               : 11.956 s
  Update time             : 0.992 s
  Time to train epoch     : 12.948 s


Statistics:
  fps step                    : 13,896
  fps step + policy inference : 13,704
  fps total                   : 12,654
  epoch                       : 278 / 1,000
  frames                      : 45,547,520


Policy 0: 
Timing:
  Play time               : 12.004 s
  Update time             : 0.927 s
  Time to train epoch     : 12.931 s


Statistics:
  fps step                    : 13,845
  fps step + policy inference : 13,649
  fps total                   : 12,670
  epoch                       : 279 / 1,000
  frames                      : 45,711,360


Policy 0: 
Timing:
  Play time               : 12.000 s
  Update time             : 0.903 s
  Time to train epoch     : 12.903 s


Statistics:
  fps step                    : 13,842
  fps step + policy inference : 13,654
  fps total                   : 12,698
  epoch                       : 280 / 1,000
  frames                      : 45,875,200


Policy 0: saving next best rewards:  [135.91]
=> saving checkpoint 'runs/mg_B_seed2801/nn/mg_B_seed2801.pth'

Timing:
  Play time               : 12.021 s
  Update time             : 0.905 s
  Time to train epoch     : 12.926 s


Statistics:
  fps step                    : 13,817
  fps step + policy inference : 13,629
  fps total                   : 12,675
  epoch                       : 281 / 1,000
  frames                      : 46,039,040


Policy 0: saving next best rewards:  [136.57]
=> saving checkpoint 'runs/mg_B_seed2801/nn/mg_B_seed2801.pth'

Timing:
  Play time               : 12.024 s
  Update time             : 0.920 s
  Time to train epoch     : 12.944 s


Statistics:
  fps step                    : 13,834
  fps step + policy inference : 13,626
  fps total                   : 12,658
  epoch                       : 282 / 1,000
  frames                      : 46,202,880


Policy 0: 
Timing:
  Play time               : 12.034 s
  Update time             : 0.975 s
  Time to train epoch     : 13.008 s


Statistics:
  fps step                    : 13,803
  fps step + policy inference : 13,615
  fps total                   : 12,595
  epoch                       : 283 / 1,000
  frames                      : 46,366,720


Policy 0: 
Timing:
  Play time               : 12.033 s
  Update time             : 1.028 s
  Time to train epoch     : 13.061 s


Statistics:
  fps step                    : 13,803
  fps step + policy inference : 13,616
  fps total                   : 12,544
  epoch                       : 284 / 1,000
  frames                      : 46,530,560


Policy 0: 
Timing:
  Play time               : 12.050 s
  Update time             : 0.964 s
  Time to train epoch     : 13.014 s


Statistics:
  fps step                    : 13,788
  fps step + policy inference : 13,596
  fps total                   : 12,589
  epoch                       : 285 / 1,000
  frames                      : 46,694,400


Policy 0: 
Timing:
  Play time               : 12.051 s
  Update time             : 0.896 s
  Time to train epoch     : 12.947 s


Statistics:
  fps step                    : 13,782
  fps step + policy inference : 13,596
  fps total                   : 12,654
  epoch                       : 286 / 1,000
  frames                      : 46,858,240


Policy 0: 
Timing:
  Play time               : 12.052 s
  Update time             : 0.902 s
  Time to train epoch     : 12.954 s


Statistics:
  fps step                    : 13,783
  fps step + policy inference : 13,595
  fps total                   : 12,648
  epoch                       : 287 / 1,000
  frames                      : 47,022,080


Policy 0: saving next best rewards:  [136.95]
=> saving checkpoint 'runs/mg_B_seed2801/nn/mg_B_seed2801.pth'

Timing:
  Play time               : 12.063 s
  Update time             : 0.962 s
  Time to train epoch     : 13.025 s


Statistics:
  fps step                    : 13,768
  fps step + policy inference : 13,582
  fps total                   : 12,579
  epoch                       : 288 / 1,000
  frames                      : 47,185,920


Policy 0: saving next best rewards:  [137.3]
=> saving checkpoint 'runs/mg_B_seed2801/nn/mg_B_seed2801.pth'

Timing:
  Play time               : 12.031 s
  Update time             : 1.040 s
  Time to train epoch     : 13.071 s


Statistics:
  fps step                    : 13,808
  fps step + policy inference : 13,619
  fps total                   : 12,535
  epoch                       : 289 / 1,000
  frames                      : 47,349,760


Policy 0: saving next best rewards:  [137.74]
=> saving checkpoint 'runs/mg_B_seed2801/nn/mg_B_seed2801.pth'

Timing:
  Play time               : 12.066 s
  Update time             : 0.989 s
  Time to train epoch     : 13.054 s


Statistics:
  fps step                    : 13,767
  fps step + policy inference : 13,579
  fps total                   : 12,551
  epoch                       : 290 / 1,000
  frames                      : 47,513,600


Policy 0: saving next best rewards:  [138.11]
=> saving checkpoint 'runs/mg_B_seed2801/nn/mg_B_seed2801.pth'

Timing:
  Play time               : 12.064 s
  Update time             : 0.893 s
  Time to train epoch     : 12.957 s


Statistics:
  fps step                    : 13,767
  fps step + policy inference : 13,581
  fps total                   : 12,645
  epoch                       : 291 / 1,000
  frames                      : 47,677,440


Policy 0: saving next best rewards:  [138.7]
=> saving checkpoint 'runs/mg_B_seed2801/nn/mg_B_seed2801.pth'

Timing:
  Play time               : 12.024 s
  Update time             : 0.894 s
  Time to train epoch     : 12.918 s


Statistics:
  fps step                    : 13,815
  fps step + policy inference : 13,627
  fps total                   : 12,683
  epoch                       : 292 / 1,000
  frames                      : 47,841,280


Policy 0: saving next best rewards:  [138.85]
=> saving checkpoint 'runs/mg_B_seed2801/nn/mg_B_seed2801.pth'

Timing:
  Play time               : 12.017 s
  Update time             : 0.904 s
  Time to train epoch     : 12.921 s


Statistics:
  fps step                    : 13,822
  fps step + policy inference : 13,634
  fps total                   : 12,680
  epoch                       : 293 / 1,000
  frames                      : 48,005,120


Policy 0: saving next best rewards:  [139.05]
=> saving checkpoint 'runs/mg_B_seed2801/nn/mg_B_seed2801.pth'

Timing:
  Play time               : 12.030 s
  Update time             : 0.899 s
  Time to train epoch     : 12.929 s


Statistics:
  fps step                    : 13,811
  fps step + policy inference : 13,619
  fps total                   : 12,672
  epoch                       : 294 / 1,000
  frames                      : 48,168,960


Policy 0: saving next best rewards:  [139.19]
=> saving checkpoint 'runs/mg_B_seed2801/nn/mg_B_seed2801.pth'

Timing:
  Play time               : 12.032 s
  Update time             : 0.922 s
  Time to train epoch     : 12.954 s


Statistics:
  fps step                    : 13,804
  fps step + policy inference : 13,617
  fps total                   : 12,648
  epoch                       : 295 / 1,000
  frames                      : 48,332,800


Policy 0: saving next best rewards:  [139.34]
=> saving checkpoint 'runs/mg_B_seed2801/nn/mg_B_seed2801.pth'

Timing:
  Play time               : 12.043 s
  Update time             : 0.951 s
  Time to train epoch     : 12.994 s


Statistics:
  fps step                    : 13,792
  fps step + policy inference : 13,605
  fps total                   : 12,609
  epoch                       : 296 / 1,000
  frames                      : 48,496,640


Policy 0: saving next best rewards:  [139.68]
=> saving checkpoint 'runs/mg_B_seed2801/nn/mg_B_seed2801.pth'

Timing:
  Play time               : 12.021 s
  Update time             : 1.012 s
  Time to train epoch     : 13.033 s


Statistics:
  fps step                    : 13,821
  fps step + policy inference : 13,629
  fps total                   : 12,571
  epoch                       : 297 / 1,000
  frames                      : 48,660,480


Policy 0: saving next best rewards:  [140.08]
=> saving checkpoint 'runs/mg_B_seed2801/nn/mg_B_seed2801.pth'

Timing:
  Play time               : 12.019 s
  Update time             : 0.966 s
  Time to train epoch     : 12.985 s


Statistics:
  fps step                    : 13,821
  fps step + policy inference : 13,632
  fps total                   : 12,617
  epoch                       : 298 / 1,000
  frames                      : 48,824,320


Policy 0: saving next best rewards:  [140.47]
=> saving checkpoint 'runs/mg_B_seed2801/nn/mg_B_seed2801.pth'

Timing:
  Play time               : 12.023 s
  Update time             : 0.931 s
  Time to train epoch     : 12.955 s


Statistics:
  fps step                    : 13,815
  fps step + policy inference : 13,627
  fps total                   : 12,647
  epoch                       : 299 / 1,000
  frames                      : 48,988,160


Policy 0: saving next best rewards:  [140.9]
=> saving checkpoint 'runs/mg_B_seed2801/nn/mg_B_seed2801.pth'

Timing:
  Play time               : 12.056 s
  Update time             : 0.892 s
  Time to train epoch     : 12.948 s


Statistics:
  fps step                    : 13,793
  fps step + policy inference : 13,590
  fps total                   : 12,653
  epoch                       : 300 / 1,000
  frames                      : 49,152,000


Policy 0: saving next best rewards:  [141.65]
=> saving checkpoint 'runs/mg_B_seed2801/nn/mg_B_seed2801.pth'

Timing:
  Play time               : 12.049 s
  Update time             : 0.912 s
  Time to train epoch     : 12.960 s


Statistics:
  fps step                    : 13,786
  fps step + policy inference : 13,598
  fps total                   : 12,642
  epoch                       : 301 / 1,000
  frames                      : 49,315,840


Policy 0: saving next best rewards:  [141.87]
=> saving checkpoint 'runs/mg_B_seed2801/nn/mg_B_seed2801.pth'

Timing:
  Play time               : 12.030 s
  Update time             : 0.942 s
  Time to train epoch     : 12.972 s


Statistics:
  fps step                    : 13,807
  fps step + policy inference : 13,619
  fps total                   : 12,630
  epoch                       : 302 / 1,000
  frames                      : 49,479,680


Policy 0: 
Timing:
  Play time               : 12.022 s
  Update time             : 0.998 s
  Time to train epoch     : 13.020 s


Statistics:
  fps step                    : 13,816
  fps step + policy inference : 13,629
  fps total                   : 12,584
  epoch                       : 303 / 1,000
  frames                      : 49,643,520


Policy 0: saving next best rewards:  [142.2]
=> saving checkpoint 'runs/mg_B_seed2801/nn/mg_B_seed2801.pth'

Timing:
  Play time               : 12.031 s
  Update time             : 1.018 s
  Time to train epoch     : 13.049 s


Statistics:
  fps step                    : 13,808
  fps step + policy inference : 13,619
  fps total                   : 12,556
  epoch                       : 304 / 1,000
  frames                      : 49,807,360


Policy 0: saving next best rewards:  [142.51]
=> saving checkpoint 'runs/mg_B_seed2801/nn/mg_B_seed2801.pth'

Timing:
  Play time               : 12.037 s
  Update time             : 0.933 s
  Time to train epoch     : 12.970 s


Statistics:
  fps step                    : 13,798
  fps step + policy inference : 13,611
  fps total                   : 12,632
  epoch                       : 305 / 1,000
  frames                      : 49,971,200


Policy 0: saving next best rewards:  [142.77]
=> saving checkpoint 'runs/mg_B_seed2801/nn/mg_B_seed2801.pth'

Timing:
  Play time               : 12.078 s
  Update time             : 0.898 s
  Time to train epoch     : 12.976 s


Statistics:
  fps step                    : 13,752
  fps step + policy inference : 13,565
  fps total                   : 12,627
  epoch                       : 306 / 1,000
  frames                      : 50,135,040


Policy 0: saving next best rewards:  [143.11]
=> saving checkpoint 'runs/mg_B_seed2801/nn/mg_B_seed2801.pth'

Timing:
  Play time               : 12.056 s
  Update time             : 0.876 s
  Time to train epoch     : 12.932 s


Statistics:
  fps step                    : 13,775
  fps step + policy inference : 13,590
  fps total                   : 12,669
  epoch                       : 307 / 1,000
  frames                      : 50,298,880


Policy 0: saving next best rewards:  [143.24]
=> saving checkpoint 'runs/mg_B_seed2801/nn/mg_B_seed2801.pth'

Timing:
  Play time               : 12.081 s
  Update time             : 0.904 s
  Time to train epoch     : 12.984 s


Statistics:
  fps step                    : 13,749
  fps step + policy inference : 13,562
  fps total                   : 12,618
  epoch                       : 308 / 1,000
  frames                      : 50,462,720


Policy 0: saving next best rewards:  [143.44]
=> saving checkpoint 'runs/mg_B_seed2801/nn/mg_B_seed2801.pth'

Timing:
  Play time               : 12.050 s
  Update time             : 0.903 s
  Time to train epoch     : 12.953 s


Statistics:
  fps step                    : 13,784
  fps step + policy inference : 13,596
  fps total                   : 12,648
  epoch                       : 309 / 1,000
  frames                      : 50,626,560


Policy 0: saving next best rewards:  [144.09]
=> saving checkpoint 'runs/mg_B_seed2801/nn/mg_B_seed2801.pth'

Timing:
  Play time               : 12.071 s
  Update time             : 0.990 s
  Time to train epoch     : 13.061 s


Statistics:
  fps step                    : 13,762
  fps step + policy inference : 13,573
  fps total                   : 12,544
  epoch                       : 310 / 1,000
  frames                      : 50,790,400


Policy 0: saving next best rewards:  [144.49]
=> saving checkpoint 'runs/mg_B_seed2801/nn/mg_B_seed2801.pth'

Timing:
  Play time               : 12.022 s
  Update time             : 1.021 s
  Time to train epoch     : 13.043 s


Statistics:
  fps step                    : 13,816
  fps step + policy inference : 13,629
  fps total                   : 12,562
  epoch                       : 311 / 1,000
  frames                      : 50,954,240


Policy 0: 
Timing:
  Play time               : 12.038 s
  Update time             : 0.948 s
  Time to train epoch     : 12.986 s


Statistics:
  fps step                    : 13,799
  fps step + policy inference : 13,611
  fps total                   : 12,617
  epoch                       : 312 / 1,000
  frames                      : 51,118,080


Policy 0: saving next best rewards:  [144.92]
=> saving checkpoint 'runs/mg_B_seed2801/nn/mg_B_seed2801.pth'

Timing:
  Play time               : 12.037 s
  Update time             : 0.932 s
  Time to train epoch     : 12.969 s


Statistics:
  fps step                    : 13,801
  fps step + policy inference : 13,611
  fps total                   : 12,634
  epoch                       : 313 / 1,000
  frames                      : 51,281,920


Policy 0: saving next best rewards:  [145.12]
=> saving checkpoint 'runs/mg_B_seed2801/nn/mg_B_seed2801.pth'

Timing:
  Play time               : 12.042 s
  Update time             : 0.895 s
  Time to train epoch     : 12.937 s


Statistics:
  fps step                    : 13,794
  fps step + policy inference : 13,606
  fps total                   : 12,665
  epoch                       : 314 / 1,000
  frames                      : 51,445,760


Policy 0: saving next best rewards:  [145.17]
=> saving checkpoint 'runs/mg_B_seed2801/nn/mg_B_seed2801.pth'

Timing:
  Play time               : 12.035 s
  Update time             : 0.901 s
  Time to train epoch     : 12.936 s


Statistics:
  fps step                    : 13,801
  fps step + policy inference : 13,614
  fps total                   : 12,665
  epoch                       : 315 / 1,000
  frames                      : 51,609,600


Policy 0: saving next best rewards:  [145.94]
=> saving checkpoint 'runs/mg_B_seed2801/nn/mg_B_seed2801.pth'

Timing:
  Play time               : 12.044 s
  Update time             : 0.894 s
  Time to train epoch     : 12.939 s


Statistics:
  fps step                    : 13,791
  fps step + policy inference : 13,603
  fps total                   : 12,663
  epoch                       : 316 / 1,000
  frames                      : 51,773,440


Policy 0: saving next best rewards:  [145.96]
=> saving checkpoint 'runs/mg_B_seed2801/nn/mg_B_seed2801.pth'

Timing:
  Play time               : 12.039 s
  Update time             : 0.895 s
  Time to train epoch     : 12.934 s


Statistics:
  fps step                    : 13,796
  fps step + policy inference : 13,609
  fps total                   : 12,667
  epoch                       : 317 / 1,000
  frames                      : 51,937,280


Policy 0: saving next best rewards:  [146.21]
=> saving checkpoint 'runs/mg_B_seed2801/nn/mg_B_seed2801.pth'

Timing:
  Play time               : 12.024 s
  Update time             : 0.986 s
  Time to train epoch     : 13.009 s


Statistics:
  fps step                    : 13,814
  fps step + policy inference : 13,627
  fps total                   : 12,594
  epoch                       : 318 / 1,000
  frames                      : 52,101,120


Policy 0: saving next best rewards:  [146.21]
=> saving checkpoint 'runs/mg_B_seed2801/nn/mg_B_seed2801.pth'

Timing:
  Play time               : 12.009 s
  Update time             : 1.059 s
  Time to train epoch     : 13.067 s


Statistics:
  fps step                    : 13,846
  fps step + policy inference : 13,643
  fps total                   : 12,538
  epoch                       : 319 / 1,000
  frames                      : 52,264,960


Policy 0: saving next best rewards:  [146.65]
=> saving checkpoint 'runs/mg_B_seed2801/nn/mg_B_seed2801.pth'

Timing:
  Play time               : 12.037 s
  Update time             : 0.945 s
  Time to train epoch     : 12.983 s


Statistics:
  fps step                    : 13,799
  fps step + policy inference : 13,611
  fps total                   : 12,620
  epoch                       : 320 / 1,000
  frames                      : 52,428,800


Policy 0: saving next best rewards:  [146.78]
=> saving checkpoint 'runs/mg_B_seed2801/nn/mg_B_seed2801.pth'

Timing:
  Play time               : 12.060 s
  Update time             : 0.909 s
  Time to train epoch     : 12.969 s


Statistics:
  fps step                    : 13,774
  fps step + policy inference : 13,585
  fps total                   : 12,633
  epoch                       : 321 / 1,000
  frames                      : 52,592,640


Policy 0: 
Timing:
  Play time               : 12.061 s
  Update time             : 0.867 s
  Time to train epoch     : 12.928 s


Statistics:
  fps step                    : 13,770
  fps step + policy inference : 13,584
  fps total                   : 12,673
  epoch                       : 322 / 1,000
  frames                      : 52,756,480


Policy 0: 
Timing:
  Play time               : 12.057 s
  Update time             : 0.910 s
  Time to train epoch     : 12.966 s


Statistics:
  fps step                    : 13,777
  fps step + policy inference : 13,589
  fps total                   : 12,636
  epoch                       : 323 / 1,000
  frames                      : 52,920,320


Policy 0: 
Timing:
  Play time               : 12.041 s
  Update time             : 0.897 s
  Time to train epoch     : 12.938 s


Statistics:
  fps step                    : 13,793
  fps step + policy inference : 13,607
  fps total                   : 12,663
  epoch                       : 324 / 1,000
  frames                      : 53,084,160


Policy 0: 
Timing:
  Play time               : 12.041 s
  Update time             : 0.963 s
  Time to train epoch     : 13.004 s


Statistics:
  fps step                    : 13,794
  fps step + policy inference : 13,607
  fps total                   : 12,599
  epoch                       : 325 / 1,000
  frames                      : 53,248,000


Policy 0: 
Timing:
  Play time               : 12.069 s
  Update time             : 0.995 s
  Time to train epoch     : 13.064 s


Statistics:
  fps step                    : 13,757
  fps step + policy inference : 13,575
  fps total                   : 12,541
  epoch                       : 326 / 1,000
  frames                      : 53,411,840


Policy 0: 
Timing:
  Play time               : 12.095 s
  Update time             : 0.954 s
  Time to train epoch     : 13.050 s


Statistics:
  fps step                    : 13,732
  fps step + policy inference : 13,546
  fps total                   : 12,555
  epoch                       : 327 / 1,000
  frames                      : 53,575,680


Policy 0: 
Timing:
  Play time               : 12.098 s
  Update time             : 0.886 s
  Time to train epoch     : 12.985 s


Statistics:
  fps step                    : 13,726
  fps step + policy inference : 13,543
  fps total                   : 12,618
  epoch                       : 328 / 1,000
  frames                      : 53,739,520


Policy 0: 
Timing:
  Play time               : 12.077 s
  Update time             : 0.904 s
  Time to train epoch     : 12.980 s


Statistics:
  fps step                    : 13,752
  fps step + policy inference : 13,567
  fps total                   : 12,622
  epoch                       : 329 / 1,000
  frames                      : 53,903,360


Policy 0: 
Timing:
  Play time               : 12.099 s
  Update time             : 0.891 s
  Time to train epoch     : 12.990 s


Statistics:
  fps step                    : 13,728
  fps step + policy inference : 13,542
  fps total                   : 12,613
  epoch                       : 330 / 1,000
  frames                      : 54,067,200


Policy 0: 
Timing:
  Play time               : 12.104 s
  Update time             : 0.903 s
  Time to train epoch     : 13.007 s


Statistics:
  fps step                    : 13,725
  fps step + policy inference : 13,536
  fps total                   : 12,597
  epoch                       : 331 / 1,000
  frames                      : 54,231,040


Policy 0: 
Timing:
  Play time               : 12.133 s
  Update time             : 0.925 s
  Time to train epoch     : 13.058 s


Statistics:
  fps step                    : 13,689
  fps step + policy inference : 13,504
  fps total                   : 12,547
  epoch                       : 332 / 1,000
  frames                      : 54,394,880


Policy 0: 
Timing:
  Play time               : 12.114 s
  Update time             : 0.994 s
  Time to train epoch     : 13.107 s


Statistics:
  fps step                    : 13,711
  fps step + policy inference : 13,525
  fps total                   : 12,500
  epoch                       : 333 / 1,000
  frames                      : 54,558,720


Policy 0: saving next best rewards:  [146.95]
=> saving checkpoint 'runs/mg_B_seed2801/nn/mg_B_seed2801.pth'

Timing:
  Play time               : 12.124 s
  Update time             : 1.055 s
  Time to train epoch     : 13.179 s


Statistics:
  fps step                    : 13,703
  fps step + policy inference : 13,514
  fps total                   : 12,432
  epoch                       : 334 / 1,000
  frames                      : 54,722,560


Policy 0: 
Timing:
  Play time               : 12.106 s
  Update time             : 0.943 s
  Time to train epoch     : 13.049 s


Statistics:
  fps step                    : 13,721
  fps step + policy inference : 13,534
  fps total                   : 12,556
  epoch                       : 335 / 1,000
  frames                      : 54,886,400


Policy 0: 
Timing:
  Play time               : 12.123 s
  Update time             : 0.917 s
  Time to train epoch     : 13.041 s


Statistics:
  fps step                    : 13,701
  fps step + policy inference : 13,515
  fps total                   : 12,564
  epoch                       : 336 / 1,000
  frames                      : 55,050,240


Policy 0: saving next best rewards:  [147.11]
=> saving checkpoint 'runs/mg_B_seed2801/nn/mg_B_seed2801.pth'

Timing:
  Play time               : 12.119 s
  Update time             : 0.891 s
  Time to train epoch     : 13.010 s


Statistics:
  fps step                    : 13,703
  fps step + policy inference : 13,519
  fps total                   : 12,593
  epoch                       : 337 / 1,000
  frames                      : 55,214,080


Policy 0: 
Timing:
  Play time               : 12.105 s
  Update time             : 0.941 s
  Time to train epoch     : 13.046 s


Statistics:
  fps step                    : 13,736
  fps step + policy inference : 13,535
  fps total                   : 12,559
  epoch                       : 338 / 1,000
  frames                      : 55,377,920


Policy 0: saving next best rewards:  [147.53]
=> saving checkpoint 'runs/mg_B_seed2801/nn/mg_B_seed2801.pth'

Timing:
  Play time               : 12.090 s
  Update time             : 0.966 s
  Time to train epoch     : 13.056 s


Statistics:
  fps step                    : 13,742
  fps step + policy inference : 13,552
  fps total                   : 12,549
  epoch                       : 339 / 1,000
  frames                      : 55,541,760


Policy 0: saving next best rewards:  [147.68]
=> saving checkpoint 'runs/mg_B_seed2801/nn/mg_B_seed2801.pth'

Timing:
  Play time               : 12.097 s
  Update time             : 1.003 s
  Time to train epoch     : 13.100 s


Statistics:
  fps step                    : 13,734
  fps step + policy inference : 13,544
  fps total                   : 12,507
  epoch                       : 340 / 1,000
  frames                      : 55,705,600


Policy 0: 
Timing:
  Play time               : 12.112 s
  Update time             : 0.971 s
  Time to train epoch     : 13.082 s


Statistics:
  fps step                    : 13,713
  fps step + policy inference : 13,528
  fps total                   : 12,524
  epoch                       : 341 / 1,000
  frames                      : 55,869,440


Policy 0: 
Timing:
  Play time               : 12.122 s
  Update time             : 0.907 s
  Time to train epoch     : 13.030 s


Statistics:
  fps step                    : 13,706
  fps step + policy inference : 13,515
  fps total                   : 12,574
  epoch                       : 342 / 1,000
  frames                      : 56,033,280


Policy 0: 
Timing:
  Play time               : 12.115 s
  Update time             : 0.877 s
  Time to train epoch     : 12.992 s


Statistics:
  fps step                    : 13,708
  fps step + policy inference : 13,524
  fps total                   : 12,610
  epoch                       : 343 / 1,000
  frames                      : 56,197,120


Policy 0: 
Timing:
  Play time               : 12.147 s
  Update time             : 0.893 s
  Time to train epoch     : 13.040 s


Statistics:
  fps step                    : 13,671
  fps step + policy inference : 13,488
  fps total                   : 12,564
  epoch                       : 344 / 1,000
  frames                      : 56,360,960


Policy 0: saving next best rewards:  [148.05]
=> saving checkpoint 'runs/mg_B_seed2801/nn/mg_B_seed2801.pth'

Timing:
  Play time               : 12.128 s
  Update time             : 0.934 s
  Time to train epoch     : 13.062 s


Statistics:
  fps step                    : 13,692
  fps step + policy inference : 13,509
  fps total                   : 12,543
  epoch                       : 345 / 1,000
  frames                      : 56,524,800


Policy 0: saving next best rewards:  [148.43]
=> saving checkpoint 'runs/mg_B_seed2801/nn/mg_B_seed2801.pth'

Timing:
  Play time               : 12.136 s
  Update time             : 0.979 s
  Time to train epoch     : 13.115 s


Statistics:
  fps step                    : 13,686
  fps step + policy inference : 13,500
  fps total                   : 12,492
  epoch                       : 346 / 1,000
  frames                      : 56,688,640


Policy 0: saving next best rewards:  [148.92]
=> saving checkpoint 'runs/mg_B_seed2801/nn/mg_B_seed2801.pth'

Timing:
  Play time               : 12.112 s
  Update time             : 1.029 s
  Time to train epoch     : 13.141 s


Statistics:
  fps step                    : 13,711
  fps step + policy inference : 13,527
  fps total                   : 12,468
  epoch                       : 347 / 1,000
  frames                      : 56,852,480


Policy 0: 
Timing:
  Play time               : 12.122 s
  Update time             : 0.959 s
  Time to train epoch     : 13.081 s


Statistics:
  fps step                    : 13,702
  fps step + policy inference : 13,516
  fps total                   : 12,525
  epoch                       : 348 / 1,000
  frames                      : 57,016,320


Policy 0: saving next best rewards:  [148.93]
=> saving checkpoint 'runs/mg_B_seed2801/nn/mg_B_seed2801.pth'

Timing:
  Play time               : 12.144 s
  Update time             : 0.905 s
  Time to train epoch     : 13.049 s


Statistics:
  fps step                    : 13,677
  fps step + policy inference : 13,491
  fps total                   : 12,556
  epoch                       : 349 / 1,000
  frames                      : 57,180,160


Policy 0: saving next best rewards:  [149.]
=> saving checkpoint 'runs/mg_B_seed2801/nn/mg_B_seed2801.pth'

Timing:
  Play time               : 12.097 s
  Update time             : 0.895 s
  Time to train epoch     : 12.992 s


Statistics:
  fps step                    : 13,730
  fps step + policy inference : 13,544
  fps total                   : 12,611
  epoch                       : 350 / 1,000
  frames                      : 57,344,000


Policy 0: saving next best rewards:  [149.07]
=> saving checkpoint 'runs/mg_B_seed2801/nn/mg_B_seed2801.pth'

Timing:
  Play time               : 12.115 s
  Update time             : 0.929 s
  Time to train epoch     : 13.044 s


Statistics:
  fps step                    : 13,709
  fps step + policy inference : 13,524
  fps total                   : 12,561
  epoch                       : 351 / 1,000
  frames                      : 57,507,840


Policy 0: saving next best rewards:  [149.62]
=> saving checkpoint 'runs/mg_B_seed2801/nn/mg_B_seed2801.pth'

Timing:
  Play time               : 12.121 s
  Update time             : 0.973 s
  Time to train epoch     : 13.094 s


Statistics:
  fps step                    : 13,701
  fps step + policy inference : 13,517
  fps total                   : 12,512
  epoch                       : 352 / 1,000
  frames                      : 57,671,680


Policy 0: saving next best rewards:  [149.92]
=> saving checkpoint 'runs/mg_B_seed2801/nn/mg_B_seed2801.pth'

Timing:
  Play time               : 12.136 s
  Update time             : 0.996 s
  Time to train epoch     : 13.131 s


Statistics:
  fps step                    : 13,687
  fps step + policy inference : 13,501
  fps total                   : 12,477
  epoch                       : 353 / 1,000
  frames                      : 57,835,520


Policy 0: saving next best rewards:  [150.]
=> saving checkpoint 'runs/mg_B_seed2801/nn/mg_B_seed2801.pth'

Timing:
  Play time               : 12.132 s
  Update time             : 0.966 s
  Time to train epoch     : 13.098 s


Statistics:
  fps step                    : 13,692
  fps step + policy inference : 13,504
  fps total                   : 12,509
  epoch                       : 354 / 1,000
  frames                      : 57,999,360


Policy 0: saving next best rewards:  [150.42]
=> saving checkpoint 'runs/mg_B_seed2801/nn/mg_B_seed2801.pth'

Timing:
  Play time               : 12.116 s
  Update time             : 0.899 s
  Time to train epoch     : 13.015 s


Statistics:
  fps step                    : 13,707
  fps step + policy inference : 13,523
  fps total                   : 12,589
  epoch                       : 355 / 1,000
  frames                      : 58,163,200


Policy 0: saving next best rewards:  [150.64]
=> saving checkpoint 'runs/mg_B_seed2801/nn/mg_B_seed2801.pth'

Timing:
  Play time               : 12.116 s
  Update time             : 0.908 s
  Time to train epoch     : 13.024 s


Statistics:
  fps step                    : 13,709
  fps step + policy inference : 13,523
  fps total                   : 12,580
  epoch                       : 356 / 1,000
  frames                      : 58,327,040


Policy 0: saving next best rewards:  [151.13]
=> saving checkpoint 'runs/mg_B_seed2801/nn/mg_B_seed2801.pth'

Timing:
  Play time               : 12.167 s
  Update time             : 0.929 s
  Time to train epoch     : 13.096 s


Statistics:
  fps step                    : 13,664
  fps step + policy inference : 13,466
  fps total                   : 12,511
  epoch                       : 357 / 1,000
  frames                      : 58,490,880


Policy 0: saving next best rewards:  [151.28]
=> saving checkpoint 'runs/mg_B_seed2801/nn/mg_B_seed2801.pth'

Timing:
  Play time               : 12.135 s
  Update time             : 0.886 s
  Time to train epoch     : 13.021 s


Statistics:
  fps step                    : 13,688
  fps step + policy inference : 13,502
  fps total                   : 12,583
  epoch                       : 358 / 1,000
  frames                      : 58,654,720


Policy 0: saving next best rewards:  [151.67]
=> saving checkpoint 'runs/mg_B_seed2801/nn/mg_B_seed2801.pth'

Timing:
  Play time               : 12.151 s
  Update time             : 0.912 s
  Time to train epoch     : 13.063 s


Statistics:
  fps step                    : 13,669
  fps step + policy inference : 13,483
  fps total                   : 12,542
  epoch                       : 359 / 1,000
  frames                      : 58,818,560


Policy 0: 
Timing:
  Play time               : 12.221 s
  Update time             : 0.996 s
  Time to train epoch     : 13.217 s


Statistics:
  fps step                    : 13,590
  fps step + policy inference : 13,406
  fps total                   : 12,396
  epoch                       : 360 / 1,000
  frames                      : 58,982,400


Policy 0: 
Timing:
  Play time               : 12.143 s
  Update time             : 1.044 s
  Time to train epoch     : 13.187 s


Statistics:
  fps step                    : 13,678
  fps step + policy inference : 13,492
  fps total                   : 12,424
  epoch                       : 361 / 1,000
  frames                      : 59,146,240


Policy 0: saving next best rewards:  [151.71]
=> saving checkpoint 'runs/mg_B_seed2801/nn/mg_B_seed2801.pth'

Timing:
  Play time               : 12.146 s
  Update time             : 0.947 s
  Time to train epoch     : 13.093 s


Statistics:
  fps step                    : 13,672
  fps step + policy inference : 13,489
  fps total                   : 12,514
  epoch                       : 362 / 1,000
  frames                      : 59,310,080


Policy 0: 
Timing:
  Play time               : 12.120 s
  Update time             : 0.904 s
  Time to train epoch     : 13.024 s


Statistics:
  fps step                    : 13,702
  fps step + policy inference : 13,518
  fps total                   : 12,580
  epoch                       : 363 / 1,000
  frames                      : 59,473,920


Policy 0: 
Timing:
  Play time               : 12.126 s
  Update time             : 0.893 s
  Time to train epoch     : 13.019 s


Statistics:
  fps step                    : 13,698
  fps step + policy inference : 13,511
  fps total                   : 12,585
  epoch                       : 364 / 1,000
  frames                      : 59,637,760


Policy 0: saving next best rewards:  [151.85]
=> saving checkpoint 'runs/mg_B_seed2801/nn/mg_B_seed2801.pth'

Timing:
  Play time               : 12.117 s
  Update time             : 0.871 s
  Time to train epoch     : 12.988 s


Statistics:
  fps step                    : 13,704
  fps step + policy inference : 13,522
  fps total                   : 12,615
  epoch                       : 365 / 1,000
  frames                      : 59,801,600


Policy 0: saving next best rewards:  [152.04]
=> saving checkpoint 'runs/mg_B_seed2801/nn/mg_B_seed2801.pth'

Timing:
  Play time               : 12.105 s
  Update time             : 0.884 s
  Time to train epoch     : 12.988 s


Statistics:
  fps step                    : 13,719
  fps step + policy inference : 13,535
  fps total                   : 12,614
  epoch                       : 366 / 1,000
  frames                      : 59,965,440


Policy 0: saving next best rewards:  [152.29]
=> saving checkpoint 'runs/mg_B_seed2801/nn/mg_B_seed2801.pth'

Timing:
  Play time               : 12.098 s
  Update time             : 0.981 s
  Time to train epoch     : 13.080 s


Statistics:
  fps step                    : 13,729
  fps step + policy inference : 13,542
  fps total                   : 12,526
  epoch                       : 367 / 1,000
  frames                      : 60,129,280


Policy 0: saving next best rewards:  [152.62]
=> saving checkpoint 'runs/mg_B_seed2801/nn/mg_B_seed2801.pth'

Timing:
  Play time               : 12.101 s
  Update time             : 1.027 s
  Time to train epoch     : 13.128 s


Statistics:
  fps step                    : 13,727
  fps step + policy inference : 13,539
  fps total                   : 12,480
  epoch                       : 368 / 1,000
  frames                      : 60,293,120


Policy 0: saving next best rewards:  [153.06]
=> saving checkpoint 'runs/mg_B_seed2801/nn/mg_B_seed2801.pth'

Timing:
  Play time               : 12.170 s
  Update time             : 0.950 s
  Time to train epoch     : 13.121 s


Statistics:
  fps step                    : 13,646
  fps step + policy inference : 13,462
  fps total                   : 12,487
  epoch                       : 369 / 1,000
  frames                      : 60,456,960


Policy 0: 
Timing:
  Play time               : 12.140 s
  Update time             : 0.914 s
  Time to train epoch     : 13.053 s


Statistics:
  fps step                    : 13,680
  fps step + policy inference : 13,496
  fps total                   : 12,551
  epoch                       : 370 / 1,000
  frames                      : 60,620,800


Policy 0: saving next best rewards:  [153.44]
=> saving checkpoint 'runs/mg_B_seed2801/nn/mg_B_seed2801.pth'

Timing:
  Play time               : 12.133 s
  Update time             : 0.889 s
  Time to train epoch     : 13.022 s


Statistics:
  fps step                    : 13,687
  fps step + policy inference : 13,503
  fps total                   : 12,582
  epoch                       : 371 / 1,000
  frames                      : 60,784,640


Policy 0: saving next best rewards:  [153.7]
=> saving checkpoint 'runs/mg_B_seed2801/nn/mg_B_seed2801.pth'

Timing:
  Play time               : 12.103 s
  Update time             : 0.882 s
  Time to train epoch     : 12.985 s


Statistics:
  fps step                    : 13,722
  fps step + policy inference : 13,537
  fps total                   : 12,618
  epoch                       : 372 / 1,000
  frames                      : 60,948,480


Policy 0: saving next best rewards:  [153.83]
=> saving checkpoint 'runs/mg_B_seed2801/nn/mg_B_seed2801.pth'

Timing:
  Play time               : 12.123 s
  Update time             : 0.939 s
  Time to train epoch     : 13.062 s


Statistics:
  fps step                    : 13,698
  fps step + policy inference : 13,515
  fps total                   : 12,543
  epoch                       : 373 / 1,000
  frames                      : 61,112,320


Policy 0: saving next best rewards:  [154.16]
=> saving checkpoint 'runs/mg_B_seed2801/nn/mg_B_seed2801.pth'

Timing:
  Play time               : 12.128 s
  Update time             : 0.983 s
  Time to train epoch     : 13.111 s


Statistics:
  fps step                    : 13,693
  fps step + policy inference : 13,510
  fps total                   : 12,496
  epoch                       : 374 / 1,000
  frames                      : 61,276,160


Policy 0: 
Timing:
  Play time               : 12.159 s
  Update time             : 1.023 s
  Time to train epoch     : 13.182 s


Statistics:
  fps step                    : 13,672
  fps step + policy inference : 13,475
  fps total                   : 12,429
  epoch                       : 375 / 1,000
  frames                      : 61,440,000


Policy 0: saving next best rewards:  [154.41]
=> saving checkpoint 'runs/mg_B_seed2801/nn/mg_B_seed2801.pth'

Timing:
  Play time               : 12.143 s
  Update time             : 0.967 s
  Time to train epoch     : 13.110 s


Statistics:
  fps step                    : 13,679
  fps step + policy inference : 13,493
  fps total                   : 12,498
  epoch                       : 376 / 1,000
  frames                      : 61,603,840


Policy 0: 
Timing:
  Play time               : 12.175 s
  Update time             : 0.911 s
  Time to train epoch     : 13.086 s


Statistics:
  fps step                    : 13,642
  fps step + policy inference : 13,457
  fps total                   : 12,520
  epoch                       : 377 / 1,000
  frames                      : 61,767,680


Policy 0: saving next best rewards:  [154.61]
=> saving checkpoint 'runs/mg_B_seed2801/nn/mg_B_seed2801.pth'

Timing:
  Play time               : 12.141 s
  Update time             : 0.889 s
  Time to train epoch     : 13.031 s


Statistics:
  fps step                    : 13,679
  fps step + policy inference : 13,494
  fps total                   : 12,574
  epoch                       : 378 / 1,000
  frames                      : 61,931,520


Policy 0: saving next best rewards:  [154.91]
=> saving checkpoint 'runs/mg_B_seed2801/nn/mg_B_seed2801.pth'

Timing:
  Play time               : 12.159 s
  Update time             : 0.916 s
  Time to train epoch     : 13.075 s


Statistics:
  fps step                    : 13,661
  fps step + policy inference : 13,474
  fps total                   : 12,530
  epoch                       : 379 / 1,000
  frames                      : 62,095,360


Policy 0: saving next best rewards:  [155.03]
=> saving checkpoint 'runs/mg_B_seed2801/nn/mg_B_seed2801.pth'

Timing:
  Play time               : 12.163 s
  Update time             : 0.909 s
  Time to train epoch     : 13.072 s


Statistics:
  fps step                    : 13,654
  fps step + policy inference : 13,470
  fps total                   : 12,534
  epoch                       : 380 / 1,000
  frames                      : 62,259,200


Policy 0: saving next best rewards:  [155.44]
=> saving checkpoint 'runs/mg_B_seed2801/nn/mg_B_seed2801.pth'

Timing:
  Play time               : 12.149 s
  Update time             : 0.958 s
  Time to train epoch     : 13.106 s


Statistics:
  fps step                    : 13,670
  fps step + policy inference : 13,486
  fps total                   : 12,501
  epoch                       : 381 / 1,000
  frames                      : 62,423,040


Policy 0: saving next best rewards:  [155.73]
=> saving checkpoint 'runs/mg_B_seed2801/nn/mg_B_seed2801.pth'

Timing:
  Play time               : 12.150 s
  Update time             : 1.011 s
  Time to train epoch     : 13.160 s


Statistics:
  fps step                    : 13,666
  fps step + policy inference : 13,485
  fps total                   : 12,450
  epoch                       : 382 / 1,000
  frames                      : 62,586,880


Policy 0: saving next best rewards:  [156.02]
=> saving checkpoint 'runs/mg_B_seed2801/nn/mg_B_seed2801.pth'

Timing:
  Play time               : 12.083 s
  Update time             : 0.957 s
  Time to train epoch     : 13.040 s


Statistics:
  fps step                    : 13,742
  fps step + policy inference : 13,560
  fps total                   : 12,565
  epoch                       : 383 / 1,000
  frames                      : 62,750,720


Policy 0: saving next best rewards:  [156.23]
=> saving checkpoint 'runs/mg_B_seed2801/nn/mg_B_seed2801.pth'

Timing:
  Play time               : 12.149 s
  Update time             : 0.894 s
  Time to train epoch     : 13.043 s


Statistics:
  fps step                    : 13,667
  fps step + policy inference : 13,485
  fps total                   : 12,561
  epoch                       : 384 / 1,000
  frames                      : 62,914,560


Policy 0: saving next best rewards:  [156.29]
=> saving checkpoint 'runs/mg_B_seed2801/nn/mg_B_seed2801.pth'

Timing:
  Play time               : 12.141 s
  Update time             : 0.900 s
  Time to train epoch     : 13.040 s


Statistics:
  fps step                    : 13,680
  fps step + policy inference : 13,495
  fps total                   : 12,564
  epoch                       : 385 / 1,000
  frames                      : 63,078,400


Policy 0: 
Timing:
  Play time               : 12.138 s
  Update time             : 0.881 s
  Time to train epoch     : 13.019 s


Statistics:
  fps step                    : 13,681
  fps step + policy inference : 13,498
  fps total                   : 12,585
  epoch                       : 386 / 1,000
  frames                      : 63,242,240


Policy 0: 
Timing:
  Play time               : 12.175 s
  Update time             : 0.934 s
  Time to train epoch     : 13.109 s


Statistics:
  fps step                    : 13,642
  fps step + policy inference : 13,457
  fps total                   : 12,499
  epoch                       : 387 / 1,000
  frames                      : 63,406,080


Policy 0: saving next best rewards:  [156.31]
=> saving checkpoint 'runs/mg_B_seed2801/nn/mg_B_seed2801.pth'

Timing:
  Play time               : 12.133 s
  Update time             : 0.986 s
  Time to train epoch     : 13.120 s


Statistics:
  fps step                    : 13,688
  fps step + policy inference : 13,503
  fps total                   : 12,488
  epoch                       : 388 / 1,000
  frames                      : 63,569,920


Policy 0: saving next best rewards:  [156.86]
=> saving checkpoint 'runs/mg_B_seed2801/nn/mg_B_seed2801.pth'

Timing:
  Play time               : 12.161 s
  Update time             : 0.994 s
  Time to train epoch     : 13.156 s


Statistics:
  fps step                    : 13,653
  fps step + policy inference : 13,472
  fps total                   : 12,454
  epoch                       : 389 / 1,000
  frames                      : 63,733,760


Policy 0: saving next best rewards:  [157.27]
=> saving checkpoint 'runs/mg_B_seed2801/nn/mg_B_seed2801.pth'

Timing:
  Play time               : 12.188 s
  Update time             : 0.934 s
  Time to train epoch     : 13.122 s


Statistics:
  fps step                    : 13,626
  fps step + policy inference : 13,442
  fps total                   : 12,486
  epoch                       : 390 / 1,000
  frames                      : 63,897,600


Policy 0: saving next best rewards:  [157.83]
=> saving checkpoint 'runs/mg_B_seed2801/nn/mg_B_seed2801.pth'

Timing:
  Play time               : 12.163 s
  Update time             : 0.906 s
  Time to train epoch     : 13.069 s


Statistics:
  fps step                    : 13,654
  fps step + policy inference : 13,471
  fps total                   : 12,537
  epoch                       : 391 / 1,000
  frames                      : 64,061,440


Policy 0: saving next best rewards:  [158.14]
=> saving checkpoint 'runs/mg_B_seed2801/nn/mg_B_seed2801.pth'

Timing:
  Play time               : 12.186 s
  Update time             : 0.900 s
  Time to train epoch     : 13.086 s


Statistics:
  fps step                    : 13,627
  fps step + policy inference : 13,445
  fps total                   : 12,520
  epoch                       : 392 / 1,000
  frames                      : 64,225,280


Policy 0: saving next best rewards:  [158.35]
=> saving checkpoint 'runs/mg_B_seed2801/nn/mg_B_seed2801.pth'

Timing:
  Play time               : 12.188 s
  Update time             : 0.899 s
  Time to train epoch     : 13.087 s


Statistics:
  fps step                    : 13,623
  fps step + policy inference : 13,443
  fps total                   : 12,520
  epoch                       : 393 / 1,000
  frames                      : 64,389,120


Policy 0: saving next best rewards:  [158.56]
=> saving checkpoint 'runs/mg_B_seed2801/nn/mg_B_seed2801.pth'

Timing:
  Play time               : 12.143 s
  Update time             : 0.997 s
  Time to train epoch     : 13.140 s


Statistics:
  fps step                    : 13,690
  fps step + policy inference : 13,492
  fps total                   : 12,469
  epoch                       : 394 / 1,000
  frames                      : 64,552,960


Policy 0: saving next best rewards:  [159.24]
=> saving checkpoint 'runs/mg_B_seed2801/nn/mg_B_seed2801.pth'

Timing:
  Play time               : 12.103 s
  Update time             : 1.034 s
  Time to train epoch     : 13.136 s


Statistics:
  fps step                    : 13,724
  fps step + policy inference : 13,538
  fps total                   : 12,472
  epoch                       : 395 / 1,000
  frames                      : 64,716,800


Policy 0: 
Timing:
  Play time               : 12.121 s
  Update time             : 0.970 s
  Time to train epoch     : 13.091 s


Statistics:
  fps step                    : 13,705
  fps step + policy inference : 13,517
  fps total                   : 12,515
  epoch                       : 396 / 1,000
  frames                      : 64,880,640


Policy 0: saving next best rewards:  [159.54]
=> saving checkpoint 'runs/mg_B_seed2801/nn/mg_B_seed2801.pth'

Timing:
  Play time               : 12.166 s
  Update time             : 0.912 s
  Time to train epoch     : 13.078 s


Statistics:
  fps step                    : 13,650
  fps step + policy inference : 13,467
  fps total                   : 12,528
  epoch                       : 397 / 1,000
  frames                      : 65,044,480


Policy 0: saving next best rewards:  [159.8]
=> saving checkpoint 'runs/mg_B_seed2801/nn/mg_B_seed2801.pth'

Timing:
  Play time               : 12.156 s
  Update time             : 0.902 s
  Time to train epoch     : 13.058 s


Statistics:
  fps step                    : 13,663
  fps step + policy inference : 13,478
  fps total                   : 12,547
  epoch                       : 398 / 1,000
  frames                      : 65,208,320


Policy 0: saving next best rewards:  [160.04]
=> saving checkpoint 'runs/mg_B_seed2801/nn/mg_B_seed2801.pth'

Timing:
  Play time               : 12.135 s
  Update time             : 0.983 s
  Time to train epoch     : 13.118 s


Statistics:
  fps step                    : 13,684
  fps step + policy inference : 13,502
  fps total                   : 12,490
  epoch                       : 399 / 1,000
  frames                      : 65,372,160


Policy 0: 
Timing:
  Play time               : 12.131 s
  Update time             : 1.012 s
  Time to train epoch     : 13.143 s


Statistics:
  fps step                    : 13,692
  fps step + policy inference : 13,506
  fps total                   : 12,466
  epoch                       : 400 / 1,000
  frames                      : 65,536,000


Policy 0: saving next best rewards:  [160.48]
=> saving checkpoint 'runs/mg_B_seed2801/nn/mg_B_seed2801.pth'

Timing:
  Play time               : 12.135 s
  Update time             : 0.974 s
  Time to train epoch     : 13.109 s


Statistics:
  fps step                    : 13,685
  fps step + policy inference : 13,502
  fps total                   : 12,499
  epoch                       : 401 / 1,000
  frames                      : 65,699,840


Policy 0: 
Timing:
  Play time               : 12.155 s
  Update time             : 0.923 s
  Time to train epoch     : 13.077 s


Statistics:
  fps step                    : 13,662
  fps step + policy inference : 13,480
  fps total                   : 12,529
  epoch                       : 402 / 1,000
  frames                      : 65,863,680


Policy 0: 
Timing:
  Play time               : 12.148 s
  Update time             : 0.887 s
  Time to train epoch     : 13.036 s


Statistics:
  fps step                    : 13,670
  fps step + policy inference : 13,487
  fps total                   : 12,569
  epoch                       : 403 / 1,000
  frames                      : 66,027,520


Policy 0: 
Timing:
  Play time               : 12.128 s
  Update time             : 0.887 s
  Time to train epoch     : 13.015 s


Statistics:
  fps step                    : 13,694
  fps step + policy inference : 13,509
  fps total                   : 12,588
  epoch                       : 404 / 1,000
  frames                      : 66,191,360


Policy 0: 
Timing:
  Play time               : 12.167 s
  Update time             : 0.878 s
  Time to train epoch     : 13.045 s


Statistics:
  fps step                    : 13,650
  fps step + policy inference : 13,466
  fps total                   : 12,559
  epoch                       : 405 / 1,000
  frames                      : 66,355,200


Policy 0: saving next best rewards:  [160.73]
=> saving checkpoint 'runs/mg_B_seed2801/nn/mg_B_seed2801.pth'

Timing:
  Play time               : 12.144 s
  Update time             : 0.928 s
  Time to train epoch     : 13.072 s


Statistics:
  fps step                    : 13,675
  fps step + policy inference : 13,492
  fps total                   : 12,534
  epoch                       : 406 / 1,000
  frames                      : 66,519,040


Policy 0: 
Timing:
  Play time               : 12.116 s
  Update time             : 1.029 s
  Time to train epoch     : 13.144 s


Statistics:
  fps step                    : 13,707
  fps step + policy inference : 13,523
  fps total                   : 12,465
  epoch                       : 407 / 1,000
  frames                      : 66,682,880


Policy 0: saving next best rewards:  [160.73]
=> saving checkpoint 'runs/mg_B_seed2801/nn/mg_B_seed2801.pth'

Timing:
  Play time               : 12.106 s
  Update time             : 0.999 s
  Time to train epoch     : 13.105 s


Statistics:
  fps step                    : 13,717
  fps step + policy inference : 13,534
  fps total                   : 12,502
  epoch                       : 408 / 1,000
  frames                      : 66,846,720


Policy 0: saving next best rewards:  [160.75]
=> saving checkpoint 'runs/mg_B_seed2801/nn/mg_B_seed2801.pth'

Timing:
  Play time               : 12.125 s
  Update time             : 0.913 s
  Time to train epoch     : 13.038 s


Statistics:
  fps step                    : 13,699
  fps step + policy inference : 13,513
  fps total                   : 12,566
  epoch                       : 409 / 1,000
  frames                      : 67,010,560


Policy 0: saving next best rewards:  [161.01]
=> saving checkpoint 'runs/mg_B_seed2801/nn/mg_B_seed2801.pth'

Timing:
  Play time               : 12.075 s
  Update time             : 0.903 s
  Time to train epoch     : 12.978 s


Statistics:
  fps step                    : 13,756
  fps step + policy inference : 13,569
  fps total                   : 12,625
  epoch                       : 410 / 1,000
  frames                      : 67,174,400


Policy 0: saving next best rewards:  [161.06]
=> saving checkpoint 'runs/mg_B_seed2801/nn/mg_B_seed2801.pth'

Timing:
  Play time               : 12.100 s
  Update time             : 0.909 s
  Time to train epoch     : 13.008 s


Statistics:
  fps step                    : 13,727
  fps step + policy inference : 13,541
  fps total                   : 12,595
  epoch                       : 411 / 1,000
  frames                      : 67,338,240


Policy 0: saving next best rewards:  [161.2]
=> saving checkpoint 'runs/mg_B_seed2801/nn/mg_B_seed2801.pth'

Timing:
  Play time               : 12.100 s
  Update time             : 0.878 s
  Time to train epoch     : 12.978 s


Statistics:
  fps step                    : 13,722
  fps step + policy inference : 13,540
  fps total                   : 12,624
  epoch                       : 412 / 1,000
  frames                      : 67,502,080


Policy 0: saving next best rewards:  [161.43]
=> saving checkpoint 'runs/mg_B_seed2801/nn/mg_B_seed2801.pth'

Timing:
  Play time               : 12.113 s
  Update time             : 0.925 s
  Time to train epoch     : 13.038 s


Statistics:
  fps step                    : 13,725
  fps step + policy inference : 13,526
  fps total                   : 12,566
  epoch                       : 413 / 1,000
  frames                      : 67,665,920


Policy 0: saving next best rewards:  [161.53]
=> saving checkpoint 'runs/mg_B_seed2801/nn/mg_B_seed2801.pth'

Timing:
  Play time               : 12.117 s
  Update time             : 1.007 s
  Time to train epoch     : 13.124 s


Statistics:
  fps step                    : 13,707
  fps step + policy inference : 13,522
  fps total                   : 12,484
  epoch                       : 414 / 1,000
  frames                      : 67,829,760


Policy 0: saving next best rewards:  [161.78]
=> saving checkpoint 'runs/mg_B_seed2801/nn/mg_B_seed2801.pth'

Timing:
  Play time               : 12.129 s
  Update time             : 1.028 s
  Time to train epoch     : 13.157 s


Statistics:
  fps step                    : 13,694
  fps step + policy inference : 13,508
  fps total                   : 12,453
  epoch                       : 415 / 1,000
  frames                      : 67,993,600


Policy 0: saving next best rewards:  [161.84]
=> saving checkpoint 'runs/mg_B_seed2801/nn/mg_B_seed2801.pth'

Timing:
  Play time               : 12.145 s
  Update time             : 0.933 s
  Time to train epoch     : 13.079 s


Statistics:
  fps step                    : 13,676
  fps step + policy inference : 13,490
  fps total                   : 12,527
  epoch                       : 416 / 1,000
  frames                      : 68,157,440


Policy 0: saving next best rewards:  [162.06]
=> saving checkpoint 'runs/mg_B_seed2801/nn/mg_B_seed2801.pth'

Timing:
  Play time               : 12.151 s
  Update time             : 0.912 s
  Time to train epoch     : 13.063 s


Statistics:
  fps step                    : 13,671
  fps step + policy inference : 13,484
  fps total                   : 12,542
  epoch                       : 417 / 1,000
  frames                      : 68,321,280


Policy 0: saving next best rewards:  [162.65]
=> saving checkpoint 'runs/mg_B_seed2801/nn/mg_B_seed2801.pth'

Timing:
  Play time               : 12.142 s
  Update time             : 0.887 s
  Time to train epoch     : 13.029 s


Statistics:
  fps step                    : 13,674
  fps step + policy inference : 13,493
  fps total                   : 12,575
  epoch                       : 418 / 1,000
  frames                      : 68,485,120


Policy 0: saving next best rewards:  [163.04]
=> saving checkpoint 'runs/mg_B_seed2801/nn/mg_B_seed2801.pth'

Timing:
  Play time               : 12.135 s
  Update time             : 0.914 s
  Time to train epoch     : 13.049 s


Statistics:
  fps step                    : 13,689
  fps step + policy inference : 13,501
  fps total                   : 12,556
  epoch                       : 419 / 1,000
  frames                      : 68,648,960


Policy 0: saving next best rewards:  [163.22]
=> saving checkpoint 'runs/mg_B_seed2801/nn/mg_B_seed2801.pth'

Timing:
  Play time               : 12.106 s
  Update time             : 0.926 s
  Time to train epoch     : 13.033 s


Statistics:
  fps step                    : 13,717
  fps step + policy inference : 13,534
  fps total                   : 12,572
  epoch                       : 420 / 1,000
  frames                      : 68,812,800


Policy 0: saving next best rewards:  [163.35]
=> saving checkpoint 'runs/mg_B_seed2801/nn/mg_B_seed2801.pth'

Timing:
  Play time               : 12.154 s
  Update time             : 1.010 s
  Time to train epoch     : 13.163 s


Statistics:
  fps step                    : 13,663
  fps step + policy inference : 13,480
  fps total                   : 12,447
  epoch                       : 421 / 1,000
  frames                      : 68,976,640


Policy 0: saving next best rewards:  [163.53]
=> saving checkpoint 'runs/mg_B_seed2801/nn/mg_B_seed2801.pth'

Timing:
  Play time               : 12.169 s
  Update time             : 0.974 s
  Time to train epoch     : 13.143 s


Statistics:
  fps step                    : 13,645
  fps step + policy inference : 13,464
  fps total                   : 12,466
  epoch                       : 422 / 1,000
  frames                      : 69,140,480


Policy 0: saving next best rewards:  [163.69]
=> saving checkpoint 'runs/mg_B_seed2801/nn/mg_B_seed2801.pth'

Timing:
  Play time               : 12.156 s
  Update time             : 0.919 s
  Time to train epoch     : 13.075 s


Statistics:
  fps step                    : 13,662
  fps step + policy inference : 13,478
  fps total                   : 12,531
  epoch                       : 423 / 1,000
  frames                      : 69,304,320


Policy 0: 
Timing:
  Play time               : 12.171 s
  Update time             : 0.895 s
  Time to train epoch     : 13.065 s


Statistics:
  fps step                    : 13,644
  fps step + policy inference : 13,462
  fps total                   : 12,540
  epoch                       : 424 / 1,000
  frames                      : 69,468,160


Policy 0: 
Timing:
  Play time               : 12.165 s
  Update time             : 0.914 s
  Time to train epoch     : 13.079 s


Statistics:
  fps step                    : 13,651
  fps step + policy inference : 13,468
  fps total                   : 12,527
  epoch                       : 425 / 1,000
  frames                      : 69,632,000


Policy 0: saving next best rewards:  [164.01]
=> saving checkpoint 'runs/mg_B_seed2801/nn/mg_B_seed2801.pth'

Timing:
  Play time               : 12.156 s
  Update time             : 0.901 s
  Time to train epoch     : 13.057 s


Statistics:
  fps step                    : 13,659
  fps step + policy inference : 13,478
  fps total                   : 12,548
  epoch                       : 426 / 1,000
  frames                      : 69,795,840


Policy 0: saving next best rewards:  [164.11]
=> saving checkpoint 'runs/mg_B_seed2801/nn/mg_B_seed2801.pth'

Timing:
  Play time               : 12.141 s
  Update time             : 0.905 s
  Time to train epoch     : 13.046 s


Statistics:
  fps step                    : 13,680
  fps step + policy inference : 13,494
  fps total                   : 12,559
  epoch                       : 427 / 1,000
  frames                      : 69,959,680


Policy 0: saving next best rewards:  [164.33]
=> saving checkpoint 'runs/mg_B_seed2801/nn/mg_B_seed2801.pth'

Timing:
  Play time               : 12.144 s
  Update time             : 0.977 s
  Time to train epoch     : 13.121 s


Statistics:
  fps step                    : 13,677
  fps step + policy inference : 13,491
  fps total                   : 12,487
  epoch                       : 428 / 1,000
  frames                      : 70,123,520


Policy 0: saving next best rewards:  [164.35]
=> saving checkpoint 'runs/mg_B_seed2801/nn/mg_B_seed2801.pth'

Timing:
  Play time               : 12.120 s
  Update time             : 1.013 s
  Time to train epoch     : 13.134 s


Statistics:
  fps step                    : 13,704
  fps step + policy inference : 13,518
  fps total                   : 12,475
  epoch                       : 429 / 1,000
  frames                      : 70,287,360


Policy 0: 
Timing:
  Play time               : 12.149 s
  Update time             : 0.955 s
  Time to train epoch     : 13.104 s


Statistics:
  fps step                    : 13,668
  fps step + policy inference : 13,486
  fps total                   : 12,503
  epoch                       : 430 / 1,000
  frames                      : 70,451,200


Policy 0: saving next best rewards:  [164.36]
=> saving checkpoint 'runs/mg_B_seed2801/nn/mg_B_seed2801.pth'

Timing:
  Play time               : 12.123 s
  Update time             : 0.926 s
  Time to train epoch     : 13.049 s


Statistics:
  fps step                    : 13,701
  fps step + policy inference : 13,515
  fps total                   : 12,555
  epoch                       : 431 / 1,000
  frames                      : 70,615,040


Policy 0: saving next best rewards:  [164.52]
=> saving checkpoint 'runs/mg_B_seed2801/nn/mg_B_seed2801.pth'

Timing:
  Play time               : 12.177 s
  Update time             : 0.909 s
  Time to train epoch     : 13.086 s


Statistics:
  fps step                    : 13,651
  fps step + policy inference : 13,455
  fps total                   : 12,521
  epoch                       : 432 / 1,000
  frames                      : 70,778,880


Policy 0: saving next best rewards:  [164.84]
=> saving checkpoint 'runs/mg_B_seed2801/nn/mg_B_seed2801.pth'

Timing:
  Play time               : 12.170 s
  Update time             : 0.902 s
  Time to train epoch     : 13.073 s


Statistics:
  fps step                    : 13,648
  fps step + policy inference : 13,462
  fps total                   : 12,533
  epoch                       : 433 / 1,000
  frames                      : 70,942,720


Policy 0: saving next best rewards:  [164.85]
=> saving checkpoint 'runs/mg_B_seed2801/nn/mg_B_seed2801.pth'

Timing:
  Play time               : 12.190 s
  Update time             : 0.915 s
  Time to train epoch     : 13.104 s


Statistics:
  fps step                    : 13,624
  fps step + policy inference : 13,441
  fps total                   : 12,503
  epoch                       : 434 / 1,000
  frames                      : 71,106,560


Policy 0: saving next best rewards:  [165.]
=> saving checkpoint 'runs/mg_B_seed2801/nn/mg_B_seed2801.pth'

Timing:
  Play time               : 12.191 s
  Update time             : 0.986 s
  Time to train epoch     : 13.177 s


Statistics:
  fps step                    : 13,621
  fps step + policy inference : 13,439
  fps total                   : 12,434
  epoch                       : 435 / 1,000
  frames                      : 71,270,400


Policy 0: saving next best rewards:  [165.41]
=> saving checkpoint 'runs/mg_B_seed2801/nn/mg_B_seed2801.pth'

Timing:
  Play time               : 12.286 s
  Update time             : 1.036 s
  Time to train epoch     : 13.322 s


Statistics:
  fps step                    : 13,519
  fps step + policy inference : 13,336
  fps total                   : 12,298
  epoch                       : 436 / 1,000
  frames                      : 71,434,240


Policy 0: 
Timing:
  Play time               : 12.162 s
  Update time             : 1.044 s
  Time to train epoch     : 13.206 s


Statistics:
  fps step                    : 13,655
  fps step + policy inference : 13,471
  fps total                   : 12,406
  epoch                       : 437 / 1,000
  frames                      : 71,598,080


Policy 0: 
Timing:
  Play time               : 12.134 s
  Update time             : 1.037 s
  Time to train epoch     : 13.172 s


Statistics:
  fps step                    : 13,688
  fps step + policy inference : 13,502
  fps total                   : 12,439
  epoch                       : 438 / 1,000
  frames                      : 71,761,920


Policy 0: saving next best rewards:  [165.51]
=> saving checkpoint 'runs/mg_B_seed2801/nn/mg_B_seed2801.pth'

Timing:
  Play time               : 12.150 s
  Update time             : 1.030 s
  Time to train epoch     : 13.180 s


Statistics:
  fps step                    : 13,667
  fps step + policy inference : 13,485
  fps total                   : 12,431
  epoch                       : 439 / 1,000
  frames                      : 71,925,760


Policy 0: saving next best rewards:  [165.99]
=> saving checkpoint 'runs/mg_B_seed2801/nn/mg_B_seed2801.pth'

Timing:
  Play time               : 12.154 s
  Update time             : 1.027 s
  Time to train epoch     : 13.181 s


Statistics:
  fps step                    : 13,663
  fps step + policy inference : 13,481
  fps total                   : 12,430
  epoch                       : 440 / 1,000
  frames                      : 72,089,600


Policy 0: saving next best rewards:  [166.19]
=> saving checkpoint 'runs/mg_B_seed2801/nn/mg_B_seed2801.pth'

Timing:
  Play time               : 12.167 s
  Update time             : 0.897 s
  Time to train epoch     : 13.064 s


Statistics:
  fps step                    : 13,646
  fps step + policy inference : 13,466
  fps total                   : 12,541
  epoch                       : 441 / 1,000
  frames                      : 72,253,440


Policy 0: saving next best rewards:  [166.31]
=> saving checkpoint 'runs/mg_B_seed2801/nn/mg_B_seed2801.pth'

Timing:
  Play time               : 12.208 s
  Update time             : 1.003 s
  Time to train epoch     : 13.211 s


Statistics:
  fps step                    : 13,606
  fps step + policy inference : 13,421
  fps total                   : 12,401
  epoch                       : 442 / 1,000
  frames                      : 72,417,280


Policy 0: saving next best rewards:  [166.44]
=> saving checkpoint 'runs/mg_B_seed2801/nn/mg_B_seed2801.pth'

Timing:
  Play time               : 12.166 s
  Update time             : 1.033 s
  Time to train epoch     : 13.199 s


Statistics:
  fps step                    : 13,649
  fps step + policy inference : 13,468
  fps total                   : 12,413
  epoch                       : 443 / 1,000
  frames                      : 72,581,120


Policy 0: 
Timing:
  Play time               : 12.163 s
  Update time             : 0.930 s
  Time to train epoch     : 13.093 s


Statistics:
  fps step                    : 13,655
  fps step + policy inference : 13,470
  fps total                   : 12,513
  epoch                       : 444 / 1,000
  frames                      : 72,744,960


Policy 0: 
Timing:
  Play time               : 12.158 s
  Update time             : 0.877 s
  Time to train epoch     : 13.035 s


Statistics:
  fps step                    : 13,657
  fps step + policy inference : 13,476
  fps total                   : 12,569
  epoch                       : 445 / 1,000
  frames                      : 72,908,800


Policy 0: 
Timing:
  Play time               : 12.190 s
  Update time             : 0.933 s
  Time to train epoch     : 13.123 s


Statistics:
  fps step                    : 13,625
  fps step + policy inference : 13,440
  fps total                   : 12,485
  epoch                       : 446 / 1,000
  frames                      : 73,072,640


Policy 0: 
Timing:
  Play time               : 12.236 s
  Update time             : 0.993 s
  Time to train epoch     : 13.229 s


Statistics:
  fps step                    : 13,572
  fps step + policy inference : 13,390
  fps total                   : 12,385
  epoch                       : 447 / 1,000
  frames                      : 73,236,480


Policy 0: 
Timing:
  Play time               : 12.232 s
  Update time             : 1.049 s
  Time to train epoch     : 13.281 s


Statistics:
  fps step                    : 13,573
  fps step + policy inference : 13,394
  fps total                   : 12,336
  epoch                       : 448 / 1,000
  frames                      : 73,400,320


Policy 0: 
Timing:
  Play time               : 12.210 s
  Update time             : 0.964 s
  Time to train epoch     : 13.174 s


Statistics:
  fps step                    : 13,600
  fps step + policy inference : 13,418
  fps total                   : 12,436
  epoch                       : 449 / 1,000
  frames                      : 73,564,160


Policy 0: 
Timing:
  Play time               : 12.176 s
  Update time             : 0.920 s
  Time to train epoch     : 13.096 s


Statistics:
  fps step                    : 13,650
  fps step + policy inference : 13,456
  fps total                   : 12,511
  epoch                       : 450 / 1,000
  frames                      : 73,728,000


Policy 0: saving next best rewards:  [166.73]
=> saving checkpoint 'runs/mg_B_seed2801/nn/mg_B_seed2801.pth'

Timing:
  Play time               : 12.150 s
  Update time             : 0.901 s
  Time to train epoch     : 13.051 s


Statistics:
  fps step                    : 13,671
  fps step + policy inference : 13,485
  fps total                   : 12,554
  epoch                       : 451 / 1,000
  frames                      : 73,891,840


Policy 0: 
Timing:
  Play time               : 12.166 s
  Update time             : 0.908 s
  Time to train epoch     : 13.074 s


Statistics:
  fps step                    : 13,651
  fps step + policy inference : 13,467
  fps total                   : 12,532
  epoch                       : 452 / 1,000
  frames                      : 74,055,680


Policy 0: saving next best rewards:  [166.76]
=> saving checkpoint 'runs/mg_B_seed2801/nn/mg_B_seed2801.pth'

Timing:
  Play time               : 12.151 s
  Update time             : 1.000 s
  Time to train epoch     : 13.152 s


Statistics:
  fps step                    : 13,667
  fps step + policy inference : 13,483
  fps total                   : 12,458
  epoch                       : 453 / 1,000
  frames                      : 74,219,520


Policy 0: 
Timing:
  Play time               : 12.150 s
  Update time             : 1.061 s
  Time to train epoch     : 13.211 s


Statistics:
  fps step                    : 13,668
  fps step + policy inference : 13,484
  fps total                   : 12,402
  epoch                       : 454 / 1,000
  frames                      : 74,383,360


Policy 0: 
Timing:
  Play time               : 12.191 s
  Update time             : 0.954 s
  Time to train epoch     : 13.145 s


Statistics:
  fps step                    : 13,623
  fps step + policy inference : 13,439
  fps total                   : 12,464
  epoch                       : 455 / 1,000
  frames                      : 74,547,200


Policy 0: saving next best rewards:  [166.94]
=> saving checkpoint 'runs/mg_B_seed2801/nn/mg_B_seed2801.pth'

Timing:
  Play time               : 12.203 s
  Update time             : 0.898 s
  Time to train epoch     : 13.101 s


Statistics:
  fps step                    : 13,612
  fps step + policy inference : 13,426
  fps total                   : 12,506
  epoch                       : 456 / 1,000
  frames                      : 74,711,040


Policy 0: 
Timing:
  Play time               : 12.171 s
  Update time             : 0.900 s
  Time to train epoch     : 13.071 s


Statistics:
  fps step                    : 13,642
  fps step + policy inference : 13,461
  fps total                   : 12,535
  epoch                       : 457 / 1,000
  frames                      : 74,874,880


Policy 0: 
Timing:
  Play time               : 12.155 s
  Update time             : 0.868 s
  Time to train epoch     : 13.023 s


Statistics:
  fps step                    : 13,659
  fps step + policy inference : 13,479
  fps total                   : 12,581
  epoch                       : 458 / 1,000
  frames                      : 75,038,720


Policy 0: 
Timing:
  Play time               : 12.136 s
  Update time             : 0.940 s
  Time to train epoch     : 13.076 s


Statistics:
  fps step                    : 13,681
  fps step + policy inference : 13,501
  fps total                   : 12,530
  epoch                       : 459 / 1,000
  frames                      : 75,202,560


Policy 0: 
Timing:
  Play time               : 12.180 s
  Update time             : 1.003 s
  Time to train epoch     : 13.183 s


Statistics:
  fps step                    : 13,636
  fps step + policy inference : 13,451
  fps total                   : 12,428
  epoch                       : 460 / 1,000
  frames                      : 75,366,400


Policy 0: 
Timing:
  Play time               : 12.181 s
  Update time             : 1.000 s
  Time to train epoch     : 13.181 s


Statistics:
  fps step                    : 13,633
  fps step + policy inference : 13,450
  fps total                   : 12,430
  epoch                       : 461 / 1,000
  frames                      : 75,530,240


Policy 0: 
Timing:
  Play time               : 12.185 s
  Update time             : 0.929 s
  Time to train epoch     : 13.114 s


Statistics:
  fps step                    : 13,630
  fps step + policy inference : 13,447
  fps total                   : 12,494
  epoch                       : 462 / 1,000
  frames                      : 75,694,080


Policy 0: 
Timing:
  Play time               : 12.189 s
  Update time             : 0.913 s
  Time to train epoch     : 13.102 s


Statistics:
  fps step                    : 13,623
  fps step + policy inference : 13,441
  fps total                   : 12,505
  epoch                       : 463 / 1,000
  frames                      : 75,857,920


Policy 0: 
Timing:
  Play time               : 12.127 s
  Update time             : 0.863 s
  Time to train epoch     : 12.990 s


Statistics:
  fps step                    : 13,693
  fps step + policy inference : 13,511
  fps total                   : 12,613
  epoch                       : 464 / 1,000
  frames                      : 76,021,760


Policy 0: 
Timing:
  Play time               : 12.144 s
  Update time             : 0.947 s
  Time to train epoch     : 13.091 s


Statistics:
  fps step                    : 13,677
  fps step + policy inference : 13,491
  fps total                   : 12,515
  epoch                       : 465 / 1,000
  frames                      : 76,185,600


Policy 0: 
Timing:
  Play time               : 12.130 s
  Update time             : 0.986 s
  Time to train epoch     : 13.116 s


Statistics:
  fps step                    : 13,690
  fps step + policy inference : 13,507
  fps total                   : 12,492
  epoch                       : 466 / 1,000
  frames                      : 76,349,440


Policy 0: 
Timing:
  Play time               : 12.168 s
  Update time             : 1.006 s
  Time to train epoch     : 13.175 s


Statistics:
  fps step                    : 13,647
  fps step + policy inference : 13,464
  fps total                   : 12,436
  epoch                       : 467 / 1,000
  frames                      : 76,513,280


Policy 0: 
Timing:
  Play time               : 12.215 s
  Update time             : 0.960 s
  Time to train epoch     : 13.176 s


Statistics:
  fps step                    : 13,597
  fps step + policy inference : 13,413
  fps total                   : 12,435
  epoch                       : 468 / 1,000
  frames                      : 76,677,120


Policy 0: 
Timing:
  Play time               : 12.252 s
  Update time             : 0.930 s
  Time to train epoch     : 13.182 s


Statistics:
  fps step                    : 13,577
  fps step + policy inference : 13,373
  fps total                   : 12,429
  epoch                       : 469 / 1,000
  frames                      : 76,840,960


Policy 0: 
Timing:
  Play time               : 12.198 s
  Update time             : 0.908 s
  Time to train epoch     : 13.106 s


Statistics:
  fps step                    : 13,625
  fps step + policy inference : 13,432
  fps total                   : 12,501
  epoch                       : 470 / 1,000
  frames                      : 77,004,800


Policy 0: 
Timing:
  Play time               : 12.229 s
  Update time             : 0.909 s
  Time to train epoch     : 13.138 s


Statistics:
  fps step                    : 13,589
  fps step + policy inference : 13,397
  fps total                   : 12,470
  epoch                       : 471 / 1,000
  frames                      : 77,168,640


Policy 0: 
Timing:
  Play time               : 12.197 s
  Update time             : 0.972 s
  Time to train epoch     : 13.169 s


Statistics:
  fps step                    : 13,617
  fps step + policy inference : 13,433
  fps total                   : 12,441
  epoch                       : 472 / 1,000
  frames                      : 77,332,480


Policy 0: 
Timing:
  Play time               : 12.169 s
  Update time             : 1.054 s
  Time to train epoch     : 13.223 s


Statistics:
  fps step                    : 13,648
  fps step + policy inference : 13,464
  fps total                   : 12,390
  epoch                       : 473 / 1,000
  frames                      : 77,496,320


Policy 0: 
Timing:
  Play time               : 12.186 s
  Update time             : 0.975 s
  Time to train epoch     : 13.161 s


Statistics:
  fps step                    : 13,631
  fps step + policy inference : 13,445
  fps total                   : 12,449
  epoch                       : 474 / 1,000
  frames                      : 77,660,160


Policy 0: 
Timing:
  Play time               : 12.192 s
  Update time             : 0.904 s
  Time to train epoch     : 13.096 s


Statistics:
  fps step                    : 13,621
  fps step + policy inference : 13,438
  fps total                   : 12,511
  epoch                       : 475 / 1,000
  frames                      : 77,824,000


Policy 0: 
Timing:
  Play time               : 12.162 s
  Update time             : 0.871 s
  Time to train epoch     : 13.033 s


Statistics:
  fps step                    : 13,654
  fps step + policy inference : 13,471
  fps total                   : 12,571
  epoch                       : 476 / 1,000
  frames                      : 77,987,840


Policy 0: 
Timing:
  Play time               : 12.206 s
  Update time             : 0.900 s
  Time to train epoch     : 13.106 s


Statistics:
  fps step                    : 13,603
  fps step + policy inference : 13,422
  fps total                   : 12,501
  epoch                       : 477 / 1,000
  frames                      : 78,151,680


Policy 0: 
Timing:
  Play time               : 12.174 s
  Update time             : 0.876 s
  Time to train epoch     : 13.050 s


Statistics:
  fps step                    : 13,638
  fps step + policy inference : 13,458
  fps total                   : 12,555
  epoch                       : 478 / 1,000
  frames                      : 78,315,520


Policy 0: 
Timing:
  Play time               : 12.179 s
  Update time             : 0.952 s
  Time to train epoch     : 13.131 s


Statistics:
  fps step                    : 13,636
  fps step + policy inference : 13,453
  fps total                   : 12,478
  epoch                       : 479 / 1,000
  frames                      : 78,479,360


Policy 0: 
Timing:
  Play time               : 12.182 s
  Update time             : 1.039 s
  Time to train epoch     : 13.221 s


Statistics:
  fps step                    : 13,633
  fps step + policy inference : 13,449
  fps total                   : 12,392
  epoch                       : 480 / 1,000
  frames                      : 78,643,200


Policy 0: 
Timing:
  Play time               : 12.159 s
  Update time             : 0.976 s
  Time to train epoch     : 13.135 s


Statistics:
  fps step                    : 13,659
  fps step + policy inference : 13,475
  fps total                   : 12,474
  epoch                       : 481 / 1,000
  frames                      : 78,807,040


Policy 0: saving next best rewards:  [166.98]
=> saving checkpoint 'runs/mg_B_seed2801/nn/mg_B_seed2801.pth'

Timing:
  Play time               : 12.178 s
  Update time             : 0.895 s
  Time to train epoch     : 13.073 s


Statistics:
  fps step                    : 13,636
  fps step + policy inference : 13,453
  fps total                   : 12,533
  epoch                       : 482 / 1,000
  frames                      : 78,970,880


Policy 0: saving next best rewards:  [167.06]
=> saving checkpoint 'runs/mg_B_seed2801/nn/mg_B_seed2801.pth'

Timing:
  Play time               : 12.179 s
  Update time             : 0.908 s
  Time to train epoch     : 13.087 s


Statistics:
  fps step                    : 13,636
  fps step + policy inference : 13,453
  fps total                   : 12,519
  epoch                       : 483 / 1,000
  frames                      : 79,134,720


Policy 0: saving next best rewards:  [167.35]
=> saving checkpoint 'runs/mg_B_seed2801/nn/mg_B_seed2801.pth'

Timing:
  Play time               : 12.186 s
  Update time             : 0.904 s
  Time to train epoch     : 13.090 s


Statistics:
  fps step                    : 13,630
  fps step + policy inference : 13,445
  fps total                   : 12,517
  epoch                       : 484 / 1,000
  frames                      : 79,298,560


Policy 0: 
Timing:
  Play time               : 12.149 s
  Update time             : 0.932 s
  Time to train epoch     : 13.082 s


Statistics:
  fps step                    : 13,672
  fps step + policy inference : 13,486
  fps total                   : 12,524
  epoch                       : 485 / 1,000
  frames                      : 79,462,400


Policy 0: saving next best rewards:  [167.56]
=> saving checkpoint 'runs/mg_B_seed2801/nn/mg_B_seed2801.pth'

Timing:
  Play time               : 12.128 s
  Update time             : 1.001 s
  Time to train epoch     : 13.129 s


Statistics:
  fps step                    : 13,692
  fps step + policy inference : 13,509
  fps total                   : 12,479
  epoch                       : 486 / 1,000
  frames                      : 79,626,240


Policy 0: 
Timing:
  Play time               : 12.174 s
  Update time             : 0.996 s
  Time to train epoch     : 13.170 s


Statistics:
  fps step                    : 13,642
  fps step + policy inference : 13,458
  fps total                   : 12,440
  epoch                       : 487 / 1,000
  frames                      : 79,790,080


Policy 0: saving next best rewards:  [167.68]
=> saving checkpoint 'runs/mg_B_seed2801/nn/mg_B_seed2801.pth'

Timing:
  Play time               : 12.208 s
  Update time             : 0.949 s
  Time to train epoch     : 13.157 s


Statistics:
  fps step                    : 13,614
  fps step + policy inference : 13,421
  fps total                   : 12,453
  epoch                       : 488 / 1,000
  frames                      : 79,953,920


Policy 0: saving next best rewards:  [167.8]
=> saving checkpoint 'runs/mg_B_seed2801/nn/mg_B_seed2801.pth'

Timing:
  Play time               : 12.216 s
  Update time             : 0.901 s
  Time to train epoch     : 13.118 s


Statistics:
  fps step                    : 13,595
  fps step + policy inference : 13,412
  fps total                   : 12,490
  epoch                       : 489 / 1,000
  frames                      : 80,117,760


Policy 0: 
Timing:
  Play time               : 12.214 s
  Update time             : 0.916 s
  Time to train epoch     : 13.130 s


Statistics:
  fps step                    : 13,598
  fps step + policy inference : 13,415
  fps total                   : 12,479
  epoch                       : 490 / 1,000
  frames                      : 80,281,600


Policy 0: 
Timing:
  Play time               : 12.159 s
  Update time             : 0.889 s
  Time to train epoch     : 13.047 s


Statistics:
  fps step                    : 13,659
  fps step + policy inference : 13,475
  fps total                   : 12,557
  epoch                       : 491 / 1,000
  frames                      : 80,445,440


Policy 0: 
Timing:
  Play time               : 12.128 s
  Update time             : 0.903 s
  Time to train epoch     : 13.031 s


Statistics:
  fps step                    : 13,696
  fps step + policy inference : 13,509
  fps total                   : 12,573
  epoch                       : 492 / 1,000
  frames                      : 80,609,280


Policy 0: 
Timing:
  Play time               : 12.125 s
  Update time             : 0.884 s
  Time to train epoch     : 13.009 s


Statistics:
  fps step                    : 13,695
  fps step + policy inference : 13,512
  fps total                   : 12,594
  epoch                       : 493 / 1,000
  frames                      : 80,773,120


Policy 0: 
Timing:
  Play time               : 12.136 s
  Update time             : 0.971 s
  Time to train epoch     : 13.107 s


Statistics:
  fps step                    : 13,686
  fps step + policy inference : 13,500
  fps total                   : 12,500
  epoch                       : 494 / 1,000
  frames                      : 80,936,960


Policy 0: 
Timing:
  Play time               : 12.132 s
  Update time             : 1.011 s
  Time to train epoch     : 13.143 s


Statistics:
  fps step                    : 13,685
  fps step + policy inference : 13,505
  fps total                   : 12,466
  epoch                       : 495 / 1,000
  frames                      : 81,100,800


Policy 0: saving next best rewards:  [168.16]
=> saving checkpoint 'runs/mg_B_seed2801/nn/mg_B_seed2801.pth'

Timing:
  Play time               : 12.123 s
  Update time             : 0.972 s
  Time to train epoch     : 13.095 s


Statistics:
  fps step                    : 13,697
  fps step + policy inference : 13,515
  fps total                   : 12,512
  epoch                       : 496 / 1,000
  frames                      : 81,264,640


Policy 0: saving next best rewards:  [168.29]
=> saving checkpoint 'runs/mg_B_seed2801/nn/mg_B_seed2801.pth'

Timing:
  Play time               : 12.134 s
  Update time             : 0.894 s
  Time to train epoch     : 13.028 s


Statistics:
  fps step                    : 13,684
  fps step + policy inference : 13,503
  fps total                   : 12,576
  epoch                       : 497 / 1,000
  frames                      : 81,428,480


Policy 0: 
Timing:
  Play time               : 12.143 s
  Update time             : 0.898 s
  Time to train epoch     : 13.041 s


Statistics:
  fps step                    : 13,676
  fps step + policy inference : 13,492
  fps total                   : 12,563
  epoch                       : 498 / 1,000
  frames                      : 81,592,320


Policy 0: 
Timing:
  Play time               : 12.136 s
  Update time             : 0.906 s
  Time to train epoch     : 13.041 s


Statistics:
  fps step                    : 13,685
  fps step + policy inference : 13,501
  fps total                   : 12,563
  epoch                       : 499 / 1,000
  frames                      : 81,756,160


Policy 0: 
Timing:
  Play time               : 12.117 s
  Update time             : 0.929 s
  Time to train epoch     : 13.046 s


Statistics:
  fps step                    : 13,704
  fps step + policy inference : 13,521
  fps total                   : 12,558
  epoch                       : 500 / 1,000
  frames                      : 81,920,000


Policy 0: Saved recovery checkpoint runs/mg_B_seed2801/checkpoints/epoch_000500.pth; evaluation_due=False

Timing:
  Play time               : 12.125 s
  Update time             : 1.018 s
  Time to train epoch     : 13.143 s


Statistics:
  fps step                    : 13,696
  fps step + policy inference : 13,512
  fps total                   : 12,466
  epoch                       : 501 / 1,000
  frames                      : 82,083,840


Policy 0: 
Timing:
  Play time               : 12.173 s
  Update time             : 0.977 s
  Time to train epoch     : 13.150 s


Statistics:
  fps step                    : 13,642
  fps step + policy inference : 13,459
  fps total                   : 12,459
  epoch                       : 502 / 1,000
  frames                      : 82,247,680


Policy 0: 
Timing:
  Play time               : 12.194 s
  Update time             : 0.938 s
  Time to train epoch     : 13.132 s


Statistics:
  fps step                    : 13,620
  fps step + policy inference : 13,436
  fps total                   : 12,477
  epoch                       : 503 / 1,000
  frames                      : 82,411,520


Policy 0: 
Timing:
  Play time               : 12.239 s
  Update time             : 0.919 s
  Time to train epoch     : 13.159 s


Statistics:
  fps step                    : 13,568
  fps step + policy inference : 13,386
  fps total                   : 12,451
  epoch                       : 504 / 1,000
  frames                      : 82,575,360


Policy 0: 
Timing:
  Play time               : 12.165 s
  Update time             : 0.888 s
  Time to train epoch     : 13.054 s


Statistics:
  fps step                    : 13,649
  fps step + policy inference : 13,468
  fps total                   : 12,551
  epoch                       : 505 / 1,000
  frames                      : 82,739,200


Policy 0: 
Timing:
  Play time               : 12.123 s
  Update time             : 0.913 s
  Time to train epoch     : 13.035 s


Statistics:
  fps step                    : 13,702
  fps step + policy inference : 13,515
  fps total                   : 12,569
  epoch                       : 506 / 1,000
  frames                      : 82,903,040


Policy 0: 
Timing:
  Play time               : 12.148 s
  Update time             : 0.908 s
  Time to train epoch     : 13.055 s


Statistics:
  fps step                    : 13,682
  fps step + policy inference : 13,487
  fps total                   : 12,550
  epoch                       : 507 / 1,000
  frames                      : 83,066,880


Policy 0: 
Timing:
  Play time               : 12.125 s
  Update time             : 0.947 s
  Time to train epoch     : 13.072 s


Statistics:
  fps step                    : 13,698
  fps step + policy inference : 13,512
  fps total                   : 12,533
  epoch                       : 508 / 1,000
  frames                      : 83,230,720


Policy 0: 
Timing:
  Play time               : 12.083 s
  Update time             : 1.020 s
  Time to train epoch     : 13.103 s


Statistics:
  fps step                    : 13,747
  fps step + policy inference : 13,559
  fps total                   : 12,504
  epoch                       : 509 / 1,000
  frames                      : 83,394,560


Policy 0: saving next best rewards:  [168.34]
=> saving checkpoint 'runs/mg_B_seed2801/nn/mg_B_seed2801.pth'

Timing:
  Play time               : 12.144 s
  Update time             : 1.019 s
  Time to train epoch     : 13.163 s


Statistics:
  fps step                    : 13,678
  fps step + policy inference : 13,491
  fps total                   : 12,447
  epoch                       : 510 / 1,000
  frames                      : 83,558,400


Policy 0: 
Timing:
  Play time               : 12.174 s
  Update time             : 0.928 s
  Time to train epoch     : 13.102 s


Statistics:
  fps step                    : 13,641
  fps step + policy inference : 13,458
  fps total                   : 12,505
  epoch                       : 511 / 1,000
  frames                      : 83,722,240


Policy 0: 
Timing:
  Play time               : 12.157 s
  Update time             : 0.915 s
  Time to train epoch     : 13.072 s


Statistics:
  fps step                    : 13,662
  fps step + policy inference : 13,477
  fps total                   : 12,534
  epoch                       : 512 / 1,000
  frames                      : 83,886,080


Policy 0: 
Timing:
  Play time               : 12.140 s
  Update time             : 0.892 s
  Time to train epoch     : 13.032 s


Statistics:
  fps step                    : 13,680
  fps step + policy inference : 13,496
  fps total                   : 12,572
  epoch                       : 513 / 1,000
  frames                      : 84,049,920


Policy 0: 
Timing:
  Play time               : 12.163 s
  Update time             : 0.888 s
  Time to train epoch     : 13.051 s


Statistics:
  fps step                    : 13,650
  fps step + policy inference : 13,470
  fps total                   : 12,554
  epoch                       : 514 / 1,000
  frames                      : 84,213,760


Policy 0: 
Timing:
  Play time               : 12.172 s
  Update time             : 0.968 s
  Time to train epoch     : 13.141 s


Statistics:
  fps step                    : 13,640
  fps step + policy inference : 13,460
  fps total                   : 12,468
  epoch                       : 515 / 1,000
  frames                      : 84,377,600


Policy 0: 
Timing:
  Play time               : 12.139 s
  Update time             : 0.977 s
  Time to train epoch     : 13.115 s


Statistics:
  fps step                    : 13,680
  fps step + policy inference : 13,497
  fps total                   : 12,492
  epoch                       : 516 / 1,000
  frames                      : 84,541,440


Policy 0: 
Timing:
  Play time               : 12.163 s
  Update time             : 0.988 s
  Time to train epoch     : 13.152 s


Statistics:
  fps step                    : 13,653
  fps step + policy inference : 13,470
  fps total                   : 12,458
  epoch                       : 517 / 1,000
  frames                      : 84,705,280


Policy 0: saving next best rewards:  [168.52]
=> saving checkpoint 'runs/mg_B_seed2801/nn/mg_B_seed2801.pth'

Timing:
  Play time               : 12.159 s
  Update time             : 0.924 s
  Time to train epoch     : 13.083 s


Statistics:
  fps step                    : 13,657
  fps step + policy inference : 13,474
  fps total                   : 12,523
  epoch                       : 518 / 1,000
  frames                      : 84,869,120


Policy 0: saving next best rewards:  [168.77]
=> saving checkpoint 'runs/mg_B_seed2801/nn/mg_B_seed2801.pth'

Timing:
  Play time               : 12.181 s
  Update time             : 0.900 s
  Time to train epoch     : 13.081 s


Statistics:
  fps step                    : 13,632
  fps step + policy inference : 13,450
  fps total                   : 12,525
  epoch                       : 519 / 1,000
  frames                      : 85,032,960


Policy 0: 
Timing:
  Play time               : 12.216 s
  Update time             : 0.877 s
  Time to train epoch     : 13.093 s


Statistics:
  fps step                    : 13,593
  fps step + policy inference : 13,412
  fps total                   : 12,513
  epoch                       : 520 / 1,000
  frames                      : 85,196,800


Policy 0: 
Timing:
  Play time               : 12.216 s
  Update time             : 0.899 s
  Time to train epoch     : 13.115 s


Statistics:
  fps step                    : 13,594
  fps step + policy inference : 13,412
  fps total                   : 12,493
  epoch                       : 521 / 1,000
  frames                      : 85,360,640


Policy 0: 
Timing:
  Play time               : 12.199 s
  Update time             : 0.971 s
  Time to train epoch     : 13.170 s


Statistics:
  fps step                    : 13,615
  fps step + policy inference : 13,431
  fps total                   : 12,441
  epoch                       : 522 / 1,000
  frames                      : 85,524,480


Policy 0: 
Timing:
  Play time               : 12.199 s
  Update time             : 1.046 s
  Time to train epoch     : 13.246 s


Statistics:
  fps step                    : 13,612
  fps step + policy inference : 13,430
  fps total                   : 12,369
  epoch                       : 523 / 1,000
  frames                      : 85,688,320


Policy 0: 
Timing:
  Play time               : 12.197 s
  Update time             : 0.968 s
  Time to train epoch     : 13.165 s


Statistics:
  fps step                    : 13,615
  fps step + policy inference : 13,433
  fps total                   : 12,446
  epoch                       : 524 / 1,000
  frames                      : 85,852,160


Policy 0: 
Timing:
  Play time               : 12.193 s
  Update time             : 0.910 s
  Time to train epoch     : 13.103 s


Statistics:
  fps step                    : 13,632
  fps step + policy inference : 13,437
  fps total                   : 12,504
  epoch                       : 525 / 1,000
  frames                      : 86,016,000


Policy 0: 
Timing:
  Play time               : 12.183 s
  Update time             : 0.898 s
  Time to train epoch     : 13.081 s


Statistics:
  fps step                    : 13,631
  fps step + policy inference : 13,448
  fps total                   : 12,525
  epoch                       : 526 / 1,000
  frames                      : 86,179,840


Policy 0: 
Timing:
  Play time               : 12.173 s
  Update time             : 0.898 s
  Time to train epoch     : 13.071 s


Statistics:
  fps step                    : 13,641
  fps step + policy inference : 13,459
  fps total                   : 12,534
  epoch                       : 527 / 1,000
  frames                      : 86,343,680


Policy 0: 
Timing:
  Play time               : 12.207 s
  Update time             : 0.927 s
  Time to train epoch     : 13.134 s


Statistics:
  fps step                    : 13,604
  fps step + policy inference : 13,422
  fps total                   : 12,475
  epoch                       : 528 / 1,000
  frames                      : 86,507,520


Policy 0: saving next best rewards:  [168.82]
=> saving checkpoint 'runs/mg_B_seed2801/nn/mg_B_seed2801.pth'

Timing:
  Play time               : 12.177 s
  Update time             : 1.016 s
  Time to train epoch     : 13.193 s


Statistics:
  fps step                    : 13,639
  fps step + policy inference : 13,455
  fps total                   : 12,419
  epoch                       : 529 / 1,000
  frames                      : 86,671,360


Policy 0: saving next best rewards:  [169.03]
=> saving checkpoint 'runs/mg_B_seed2801/nn/mg_B_seed2801.pth'

Timing:
  Play time               : 12.153 s
  Update time             : 0.993 s
  Time to train epoch     : 13.146 s


Statistics:
  fps step                    : 13,664
  fps step + policy inference : 13,481
  fps total                   : 12,463
  epoch                       : 530 / 1,000
  frames                      : 86,835,200


Policy 0: saving next best rewards:  [169.3]
=> saving checkpoint 'runs/mg_B_seed2801/nn/mg_B_seed2801.pth'

Timing:
  Play time               : 12.151 s
  Update time             : 0.944 s
  Time to train epoch     : 13.095 s


Statistics:
  fps step                    : 13,668
  fps step + policy inference : 13,484
  fps total                   : 12,512
  epoch                       : 531 / 1,000
  frames                      : 86,999,040


Policy 0: 
Timing:
  Play time               : 12.135 s
  Update time             : 0.884 s
  Time to train epoch     : 13.019 s


Statistics:
  fps step                    : 13,681
  fps step + policy inference : 13,502
  fps total                   : 12,585
  epoch                       : 532 / 1,000
  frames                      : 87,162,880


Policy 0: 
Timing:
  Play time               : 12.199 s
  Update time             : 0.889 s
  Time to train epoch     : 13.088 s


Statistics:
  fps step                    : 13,609
  fps step + policy inference : 13,431
  fps total                   : 12,518
  epoch                       : 533 / 1,000
  frames                      : 87,326,720


Policy 0: 
Timing:
  Play time               : 12.206 s
  Update time             : 0.881 s
  Time to train epoch     : 13.087 s


Statistics:
  fps step                    : 13,602
  fps step + policy inference : 13,423
  fps total                   : 12,520
  epoch                       : 534 / 1,000
  frames                      : 87,490,560


Policy 0: saving next best rewards:  [169.3]
=> saving checkpoint 'runs/mg_B_seed2801/nn/mg_B_seed2801.pth'

Timing:
  Play time               : 12.149 s
  Update time             : 0.922 s
  Time to train epoch     : 13.071 s


Statistics:
  fps step                    : 13,668
  fps step + policy inference : 13,486
  fps total                   : 12,535
  epoch                       : 535 / 1,000
  frames                      : 87,654,400


Policy 0: saving next best rewards:  [169.42]
=> saving checkpoint 'runs/mg_B_seed2801/nn/mg_B_seed2801.pth'

Timing:
  Play time               : 12.222 s
  Update time             : 1.009 s
  Time to train epoch     : 13.231 s


Statistics:
  fps step                    : 13,587
  fps step + policy inference : 13,406
  fps total                   : 12,383
  epoch                       : 536 / 1,000
  frames                      : 87,818,240


Policy 0: 
Timing:
  Play time               : 12.262 s
  Update time             : 1.008 s
  Time to train epoch     : 13.270 s


Statistics:
  fps step                    : 13,541
  fps step + policy inference : 13,361
  fps total                   : 12,347
  epoch                       : 537 / 1,000
  frames                      : 87,982,080


Policy 0: 
Timing:
  Play time               : 12.290 s
  Update time             : 0.932 s
  Time to train epoch     : 13.222 s


Statistics:
  fps step                    : 13,511
  fps step + policy inference : 13,331
  fps total                   : 12,391
  epoch                       : 538 / 1,000
  frames                      : 88,145,920


Policy 0: 
Timing:
  Play time               : 12.262 s
  Update time             : 0.897 s
  Time to train epoch     : 13.160 s


Statistics:
  fps step                    : 13,541
  fps step + policy inference : 13,361
  fps total                   : 12,450
  epoch                       : 539 / 1,000
  frames                      : 88,309,760


Policy 0: 
Timing:
  Play time               : 12.232 s
  Update time             : 0.917 s
  Time to train epoch     : 13.149 s


Statistics:
  fps step                    : 13,578
  fps step + policy inference : 13,395
  fps total                   : 12,460
  epoch                       : 540 / 1,000
  frames                      : 88,473,600


Policy 0: 
Timing:
  Play time               : 12.193 s
  Update time             : 0.898 s
  Time to train epoch     : 13.091 s


Statistics:
  fps step                    : 13,621
  fps step + policy inference : 13,437
  fps total                   : 12,516
  epoch                       : 541 / 1,000
  frames                      : 88,637,440


Policy 0: saving next best rewards:  [169.49]
=> saving checkpoint 'runs/mg_B_seed2801/nn/mg_B_seed2801.pth'

Timing:
  Play time               : 12.148 s
  Update time             : 0.924 s
  Time to train epoch     : 13.073 s


Statistics:
  fps step                    : 13,670
  fps step + policy inference : 13,486
  fps total                   : 12,533
  epoch                       : 542 / 1,000
  frames                      : 88,801,280


Policy 0: 
Timing:
  Play time               : 12.132 s
  Update time             : 0.966 s
  Time to train epoch     : 13.098 s


Statistics:
  fps step                    : 13,688
  fps step + policy inference : 13,504
  fps total                   : 12,508
  epoch                       : 543 / 1,000
  frames                      : 88,965,120


Policy 0: saving next best rewards:  [169.79]
=> saving checkpoint 'runs/mg_B_seed2801/nn/mg_B_seed2801.pth'

Timing:
  Play time               : 12.134 s
  Update time             : 1.035 s
  Time to train epoch     : 13.170 s


Statistics:
  fps step                    : 13,696
  fps step + policy inference : 13,502
  fps total                   : 12,441
  epoch                       : 544 / 1,000
  frames                      : 89,128,960


Policy 0: saving next best rewards:  [169.99]
=> saving checkpoint 'runs/mg_B_seed2801/nn/mg_B_seed2801.pth'

Timing:
  Play time               : 12.152 s
  Update time             : 0.986 s
  Time to train epoch     : 13.138 s


Statistics:
  fps step                    : 13,667
  fps step + policy inference : 13,483
  fps total                   : 12,471
  epoch                       : 545 / 1,000
  frames                      : 89,292,800


Policy 0: saving next best rewards:  [170.36]
=> saving checkpoint 'runs/mg_B_seed2801/nn/mg_B_seed2801.pth'

Timing:
  Play time               : 12.186 s
  Update time             : 0.926 s
  Time to train epoch     : 13.112 s


Statistics:
  fps step                    : 13,631
  fps step + policy inference : 13,445
  fps total                   : 12,496
  epoch                       : 546 / 1,000
  frames                      : 89,456,640


Policy 0: 
Timing:
  Play time               : 12.191 s
  Update time             : 0.906 s
  Time to train epoch     : 13.097 s


Statistics:
  fps step                    : 13,623
  fps step + policy inference : 13,440
  fps total                   : 12,510
  epoch                       : 547 / 1,000
  frames                      : 89,620,480


Policy 0: 
Timing:
  Play time               : 12.126 s
  Update time             : 0.881 s
  Time to train epoch     : 13.006 s


Statistics:
  fps step                    : 13,698
  fps step + policy inference : 13,512
  fps total                   : 12,597
  epoch                       : 548 / 1,000
  frames                      : 89,784,320


Policy 0: saving next best rewards:  [170.46]
=> saving checkpoint 'runs/mg_B_seed2801/nn/mg_B_seed2801.pth'

Timing:
  Play time               : 12.142 s
  Update time             : 0.921 s
  Time to train epoch     : 13.062 s


Statistics:
  fps step                    : 13,678
  fps step + policy inference : 13,494
  fps total                   : 12,543
  epoch                       : 549 / 1,000
  frames                      : 89,948,160


Policy 0: 
Timing:
  Play time               : 12.156 s
  Update time             : 1.013 s
  Time to train epoch     : 13.169 s


Statistics:
  fps step                    : 13,663
  fps step + policy inference : 13,478
  fps total                   : 12,441
  epoch                       : 550 / 1,000
  frames                      : 90,112,000


Policy 0: 
Timing:
  Play time               : 12.142 s
  Update time             : 1.005 s
  Time to train epoch     : 13.147 s


Statistics:
  fps step                    : 13,675
  fps step + policy inference : 13,494
  fps total                   : 12,462
  epoch                       : 551 / 1,000
  frames                      : 90,275,840


Policy 0: 
Timing:
  Play time               : 12.121 s
  Update time             : 0.923 s
  Time to train epoch     : 13.044 s


Statistics:
  fps step                    : 13,700
  fps step + policy inference : 13,517
  fps total                   : 12,560
  epoch                       : 552 / 1,000
  frames                      : 90,439,680


Policy 0: saving next best rewards:  [170.52]
=> saving checkpoint 'runs/mg_B_seed2801/nn/mg_B_seed2801.pth'

Timing:
  Play time               : 12.120 s
  Update time             : 0.876 s
  Time to train epoch     : 12.997 s


Statistics:
  fps step                    : 13,699
  fps step + policy inference : 13,518
  fps total                   : 12,606
  epoch                       : 553 / 1,000
  frames                      : 90,603,520


Policy 0: saving next best rewards:  [170.69]
=> saving checkpoint 'runs/mg_B_seed2801/nn/mg_B_seed2801.pth'

Timing:
  Play time               : 12.173 s
  Update time             : 0.910 s
  Time to train epoch     : 13.083 s


Statistics:
  fps step                    : 13,639
  fps step + policy inference : 13,459
  fps total                   : 12,523
  epoch                       : 554 / 1,000
  frames                      : 90,767,360


Policy 0: 
Timing:
  Play time               : 12.161 s
  Update time             : 0.923 s
  Time to train epoch     : 13.084 s


Statistics:
  fps step                    : 13,657
  fps step + policy inference : 13,472
  fps total                   : 12,522
  epoch                       : 555 / 1,000
  frames                      : 90,931,200


Policy 0: saving next best rewards:  [170.94]
=> saving checkpoint 'runs/mg_B_seed2801/nn/mg_B_seed2801.pth'

Timing:
  Play time               : 12.170 s
  Update time             : 0.953 s
  Time to train epoch     : 13.123 s


Statistics:
  fps step                    : 13,646
  fps step + policy inference : 13,462
  fps total                   : 12,485
  epoch                       : 556 / 1,000
  frames                      : 91,095,040


Policy 0: 
Timing:
  Play time               : 12.118 s
  Update time             : 0.982 s
  Time to train epoch     : 13.099 s


Statistics:
  fps step                    : 13,704
  fps step + policy inference : 13,521
  fps total                   : 12,507
  epoch                       : 557 / 1,000
  frames                      : 91,258,880


Policy 0: saving next best rewards:  [171.03]
=> saving checkpoint 'runs/mg_B_seed2801/nn/mg_B_seed2801.pth'

Timing:
  Play time               : 12.143 s
  Update time             : 0.971 s
  Time to train epoch     : 13.114 s


Statistics:
  fps step                    : 13,678
  fps step + policy inference : 13,492
  fps total                   : 12,494
  epoch                       : 558 / 1,000
  frames                      : 91,422,720


Policy 0: saving next best rewards:  [171.22]
=> saving checkpoint 'runs/mg_B_seed2801/nn/mg_B_seed2801.pth'

Timing:
  Play time               : 12.138 s
  Update time             : 0.934 s
  Time to train epoch     : 13.072 s


Statistics:
  fps step                    : 13,683
  fps step + policy inference : 13,498
  fps total                   : 12,534
  epoch                       : 559 / 1,000
  frames                      : 91,586,560


Policy 0: saving next best rewards:  [171.48]
=> saving checkpoint 'runs/mg_B_seed2801/nn/mg_B_seed2801.pth'

Timing:
  Play time               : 12.115 s
  Update time             : 0.913 s
  Time to train epoch     : 13.028 s


Statistics:
  fps step                    : 13,708
  fps step + policy inference : 13,524
  fps total                   : 12,576
  epoch                       : 560 / 1,000
  frames                      : 91,750,400


Policy 0: saving next best rewards:  [171.66]
=> saving checkpoint 'runs/mg_B_seed2801/nn/mg_B_seed2801.pth'

Timing:
  Play time               : 12.133 s
  Update time             : 0.894 s
  Time to train epoch     : 13.027 s


Statistics:
  fps step                    : 13,688
  fps step + policy inference : 13,504
  fps total                   : 12,577
  epoch                       : 561 / 1,000
  frames                      : 91,914,240


Policy 0: saving next best rewards:  [171.72]
=> saving checkpoint 'runs/mg_B_seed2801/nn/mg_B_seed2801.pth'

Timing:
  Play time               : 12.165 s
  Update time             : 0.896 s
  Time to train epoch     : 13.061 s


Statistics:
  fps step                    : 13,649
  fps step + policy inference : 13,468
  fps total                   : 12,544
  epoch                       : 562 / 1,000
  frames                      : 92,078,080


Policy 0: 
Timing:
  Play time               : 12.173 s
  Update time             : 0.916 s
  Time to train epoch     : 13.089 s


Statistics:
  fps step                    : 13,652
  fps step + policy inference : 13,459
  fps total                   : 12,517
  epoch                       : 563 / 1,000
  frames                      : 92,241,920


Policy 0: saving next best rewards:  [171.72]
=> saving checkpoint 'runs/mg_B_seed2801/nn/mg_B_seed2801.pth'

Timing:
  Play time               : 12.114 s
  Update time             : 0.919 s
  Time to train epoch     : 13.032 s


Statistics:
  fps step                    : 13,711
  fps step + policy inference : 13,525
  fps total                   : 12,572
  epoch                       : 564 / 1,000
  frames                      : 92,405,760


Policy 0: saving next best rewards:  [171.95]
=> saving checkpoint 'runs/mg_B_seed2801/nn/mg_B_seed2801.pth'

Timing:
  Play time               : 12.071 s
  Update time             : 0.981 s
  Time to train epoch     : 13.052 s


Statistics:
  fps step                    : 13,759
  fps step + policy inference : 13,573
  fps total                   : 12,552
  epoch                       : 565 / 1,000
  frames                      : 92,569,600


Policy 0: 
Timing:
  Play time               : 12.068 s
  Update time             : 1.005 s
  Time to train epoch     : 13.072 s


Statistics:
  fps step                    : 13,764
  fps step + policy inference : 13,577
  fps total                   : 12,533
  epoch                       : 566 / 1,000
  frames                      : 92,733,440


Policy 0: saving next best rewards:  [172.17]
=> saving checkpoint 'runs/mg_B_seed2801/nn/mg_B_seed2801.pth'

Timing:
  Play time               : 12.073 s
  Update time             : 0.956 s
  Time to train epoch     : 13.029 s


Statistics:
  fps step                    : 13,757
  fps step + policy inference : 13,571
  fps total                   : 12,575
  epoch                       : 567 / 1,000
  frames                      : 92,897,280


Policy 0: 
Timing:
  Play time               : 12.053 s
  Update time             : 0.893 s
  Time to train epoch     : 12.946 s


Statistics:
  fps step                    : 13,779
  fps step + policy inference : 13,593
  fps total                   : 12,656
  epoch                       : 568 / 1,000
  frames                      : 93,061,120


Policy 0: 
Timing:
  Play time               : 12.081 s
  Update time             : 0.897 s
  Time to train epoch     : 12.978 s


Statistics:
  fps step                    : 13,747
  fps step + policy inference : 13,562
  fps total                   : 12,625
  epoch                       : 569 / 1,000
  frames                      : 93,224,960


Policy 0: saving next best rewards:  [172.45]
=> saving checkpoint 'runs/mg_B_seed2801/nn/mg_B_seed2801.pth'

Timing:
  Play time               : 12.058 s
  Update time             : 0.914 s
  Time to train epoch     : 12.972 s


Statistics:
  fps step                    : 13,769
  fps step + policy inference : 13,588
  fps total                   : 12,631
  epoch                       : 570 / 1,000
  frames                      : 93,388,800


Policy 0: saving next best rewards:  [172.47]
=> saving checkpoint 'runs/mg_B_seed2801/nn/mg_B_seed2801.pth'

Timing:
  Play time               : 12.063 s
  Update time             : 0.984 s
  Time to train epoch     : 13.047 s


Statistics:
  fps step                    : 13,767
  fps step + policy inference : 13,582
  fps total                   : 12,558
  epoch                       : 571 / 1,000
  frames                      : 93,552,640


Policy 0: saving next best rewards:  [172.73]
=> saving checkpoint 'runs/mg_B_seed2801/nn/mg_B_seed2801.pth'

Timing:
  Play time               : 12.071 s
  Update time             : 0.988 s
  Time to train epoch     : 13.058 s


Statistics:
  fps step                    : 13,757
  fps step + policy inference : 13,573
  fps total                   : 12,547
  epoch                       : 572 / 1,000
  frames                      : 93,716,480


Policy 0: 
Timing:
  Play time               : 12.067 s
  Update time             : 0.934 s
  Time to train epoch     : 13.001 s


Statistics:
  fps step                    : 13,761
  fps step + policy inference : 13,577
  fps total                   : 12,602
  epoch                       : 573 / 1,000
  frames                      : 93,880,320


Policy 0: 
Timing:
  Play time               : 12.073 s
  Update time             : 0.914 s
  Time to train epoch     : 12.986 s


Statistics:
  fps step                    : 13,757
  fps step + policy inference : 13,571
  fps total                   : 12,616
  epoch                       : 574 / 1,000
  frames                      : 94,044,160


Policy 0: 
Timing:
  Play time               : 12.103 s
  Update time             : 0.887 s
  Time to train epoch     : 12.990 s


Statistics:
  fps step                    : 13,721
  fps step + policy inference : 13,537
  fps total                   : 12,613
  epoch                       : 575 / 1,000
  frames                      : 94,208,000


Policy 0: 
Timing:
  Play time               : 12.063 s
  Update time             : 0.884 s
  Time to train epoch     : 12.947 s


Statistics:
  fps step                    : 13,767
  fps step + policy inference : 13,582
  fps total                   : 12,655
  epoch                       : 576 / 1,000
  frames                      : 94,371,840


Policy 0: 
Timing:
  Play time               : 12.114 s
  Update time             : 0.868 s
  Time to train epoch     : 12.981 s


Statistics:
  fps step                    : 13,709
  fps step + policy inference : 13,525
  fps total                   : 12,621
  epoch                       : 577 / 1,000
  frames                      : 94,535,680


Policy 0: 
Timing:
  Play time               : 12.097 s
  Update time             : 0.956 s
  Time to train epoch     : 13.054 s


Statistics:
  fps step                    : 13,729
  fps step + policy inference : 13,543
  fps total                   : 12,551
  epoch                       : 578 / 1,000
  frames                      : 94,699,520


Policy 0: 
Timing:
  Play time               : 12.042 s
  Update time             : 1.005 s
  Time to train epoch     : 13.047 s


Statistics:
  fps step                    : 13,797
  fps step + policy inference : 13,605
  fps total                   : 12,558
  epoch                       : 579 / 1,000
  frames                      : 94,863,360


Policy 0: 
Timing:
  Play time               : 12.058 s
  Update time             : 0.995 s
  Time to train epoch     : 13.053 s


Statistics:
  fps step                    : 13,771
  fps step + policy inference : 13,587
  fps total                   : 12,552
  epoch                       : 580 / 1,000
  frames                      : 95,027,200


Policy 0: 
Timing:
  Play time               : 12.020 s
  Update time             : 0.945 s
  Time to train epoch     : 12.965 s


Statistics:
  fps step                    : 13,819
  fps step + policy inference : 13,630
  fps total                   : 12,637
  epoch                       : 581 / 1,000
  frames                      : 95,191,040


Policy 0: 
Timing:
  Play time               : 12.096 s
  Update time             : 0.915 s
  Time to train epoch     : 13.010 s


Statistics:
  fps step                    : 13,741
  fps step + policy inference : 13,545
  fps total                   : 12,593
  epoch                       : 582 / 1,000
  frames                      : 95,354,880


Policy 0: 
Timing:
  Play time               : 12.106 s
  Update time             : 0.917 s
  Time to train epoch     : 13.023 s


Statistics:
  fps step                    : 13,719
  fps step + policy inference : 13,534
  fps total                   : 12,581
  epoch                       : 583 / 1,000
  frames                      : 95,518,720


Policy 0: 
Timing:
  Play time               : 12.083 s
  Update time             : 0.900 s
  Time to train epoch     : 12.983 s


Statistics:
  fps step                    : 13,747
  fps step + policy inference : 13,559
  fps total                   : 12,619
  epoch                       : 584 / 1,000
  frames                      : 95,682,560


Policy 0: 
Timing:
  Play time               : 12.140 s
  Update time             : 0.906 s
  Time to train epoch     : 13.046 s


Statistics:
  fps step                    : 13,682
  fps step + policy inference : 13,496
  fps total                   : 12,559
  epoch                       : 585 / 1,000
  frames                      : 95,846,400


Policy 0: 
Timing:
  Play time               : 12.154 s
  Update time             : 0.884 s
  Time to train epoch     : 13.038 s


Statistics:
  fps step                    : 13,662
  fps step + policy inference : 13,480
  fps total                   : 12,566
  epoch                       : 586 / 1,000
  frames                      : 96,010,240


Policy 0: 
Timing:
  Play time               : 12.119 s
  Update time             : 0.926 s
  Time to train epoch     : 13.045 s


Statistics:
  fps step                    : 13,703
  fps step + policy inference : 13,519
  fps total                   : 12,559
  epoch                       : 587 / 1,000
  frames                      : 96,174,080


Policy 0: 
Timing:
  Play time               : 12.104 s
  Update time             : 0.970 s
  Time to train epoch     : 13.075 s


Statistics:
  fps step                    : 13,720
  fps step + policy inference : 13,536
  fps total                   : 12,531
  epoch                       : 588 / 1,000
  frames                      : 96,337,920


Policy 0: 
Timing:
  Play time               : 12.133 s
  Update time             : 0.977 s
  Time to train epoch     : 13.110 s


Statistics:
  fps step                    : 13,684
  fps step + policy inference : 13,504
  fps total                   : 12,497
  epoch                       : 589 / 1,000
  frames                      : 96,501,760


Policy 0: 
Timing:
  Play time               : 12.151 s
  Update time             : 0.952 s
  Time to train epoch     : 13.102 s


Statistics:
  fps step                    : 13,667
  fps step + policy inference : 13,484
  fps total                   : 12,504
  epoch                       : 590 / 1,000
  frames                      : 96,665,600


Policy 0: 
Timing:
  Play time               : 12.140 s
  Update time             : 0.912 s
  Time to train epoch     : 13.052 s


Statistics:
  fps step                    : 13,676
  fps step + policy inference : 13,496
  fps total                   : 12,553
  epoch                       : 591 / 1,000
  frames                      : 96,829,440


Policy 0: 
Timing:
  Play time               : 12.157 s
  Update time             : 0.897 s
  Time to train epoch     : 13.054 s


Statistics:
  fps step                    : 13,660
  fps step + policy inference : 13,477
  fps total                   : 12,551
  epoch                       : 592 / 1,000
  frames                      : 96,993,280


Policy 0: 
Timing:
  Play time               : 12.148 s
  Update time             : 0.912 s
  Time to train epoch     : 13.060 s


Statistics:
  fps step                    : 13,670
  fps step + policy inference : 13,487
  fps total                   : 12,545
  epoch                       : 593 / 1,000
  frames                      : 97,157,120


Policy 0: 
Timing:
  Play time               : 12.113 s
  Update time             : 0.892 s
  Time to train epoch     : 13.004 s


Statistics:
  fps step                    : 13,711
  fps step + policy inference : 13,526
  fps total                   : 12,599
  epoch                       : 594 / 1,000
  frames                      : 97,320,960


Policy 0: 
Timing:
  Play time               : 12.140 s
  Update time             : 0.883 s
  Time to train epoch     : 13.022 s


Statistics:
  fps step                    : 13,679
  fps step + policy inference : 13,496
  fps total                   : 12,582
  epoch                       : 595 / 1,000
  frames                      : 97,484,800


Policy 0: 
Timing:
  Play time               : 12.147 s
  Update time             : 0.941 s
  Time to train epoch     : 13.088 s


Statistics:
  fps step                    : 13,674
  fps step + policy inference : 13,488
  fps total                   : 12,518
  epoch                       : 596 / 1,000
  frames                      : 97,648,640


Policy 0: 
Timing:
  Play time               : 12.164 s
  Update time             : 0.972 s
  Time to train epoch     : 13.135 s


Statistics:
  fps step                    : 13,653
  fps step + policy inference : 13,469
  fps total                   : 12,473
  epoch                       : 597 / 1,000
  frames                      : 97,812,480


Policy 0: saving next best rewards:  [172.89]
=> saving checkpoint 'runs/mg_B_seed2801/nn/mg_B_seed2801.pth'

Timing:
  Play time               : 12.189 s
  Update time             : 1.027 s
  Time to train epoch     : 13.216 s


Statistics:
  fps step                    : 13,625
  fps step + policy inference : 13,442
  fps total                   : 12,397
  epoch                       : 598 / 1,000
  frames                      : 97,976,320


Policy 0: saving next best rewards:  [173.22]
=> saving checkpoint 'runs/mg_B_seed2801/nn/mg_B_seed2801.pth'

Timing:
  Play time               : 12.163 s
  Update time             : 0.969 s
  Time to train epoch     : 13.132 s


Statistics:
  fps step                    : 13,654
  fps step + policy inference : 13,471
  fps total                   : 12,477
  epoch                       : 599 / 1,000
  frames                      : 98,140,160


Policy 0: 
Timing:
  Play time               : 12.164 s
  Update time             : 0.924 s
  Time to train epoch     : 13.088 s


Statistics:
  fps step                    : 13,662
  fps step + policy inference : 13,469
  fps total                   : 12,519
  epoch                       : 600 / 1,000
  frames                      : 98,304,000


Policy 0: 
Timing:
  Play time               : 12.115 s
  Update time             : 0.893 s
  Time to train epoch     : 13.008 s


Statistics:
  fps step                    : 13,708
  fps step + policy inference : 13,523
  fps total                   : 12,595
  epoch                       : 601 / 1,000
  frames                      : 98,467,840


Policy 0: saving next best rewards:  [173.23]
=> saving checkpoint 'runs/mg_B_seed2801/nn/mg_B_seed2801.pth'

Timing:
  Play time               : 12.150 s
  Update time             : 0.915 s
  Time to train epoch     : 13.064 s


Statistics:
  fps step                    : 13,670
  fps step + policy inference : 13,485
  fps total                   : 12,541
  epoch                       : 602 / 1,000
  frames                      : 98,631,680


Policy 0: saving next best rewards:  [173.37]
=> saving checkpoint 'runs/mg_B_seed2801/nn/mg_B_seed2801.pth'

Timing:
  Play time               : 12.119 s
  Update time             : 0.941 s
  Time to train epoch     : 13.060 s


Statistics:
  fps step                    : 13,704
  fps step + policy inference : 13,519
  fps total                   : 12,545
  epoch                       : 603 / 1,000
  frames                      : 98,795,520


Policy 0: saving next best rewards:  [173.41]
=> saving checkpoint 'runs/mg_B_seed2801/nn/mg_B_seed2801.pth'

Timing:
  Play time               : 12.096 s
  Update time             : 0.993 s
  Time to train epoch     : 13.089 s


Statistics:
  fps step                    : 13,731
  fps step + policy inference : 13,545
  fps total                   : 12,518
  epoch                       : 604 / 1,000
  frames                      : 98,959,360


Policy 0: saving next best rewards:  [173.99]
=> saving checkpoint 'runs/mg_B_seed2801/nn/mg_B_seed2801.pth'

Timing:
  Play time               : 12.130 s
  Update time             : 0.988 s
  Time to train epoch     : 13.117 s


Statistics:
  fps step                    : 13,692
  fps step + policy inference : 13,508
  fps total                   : 12,490
  epoch                       : 605 / 1,000
  frames                      : 99,123,200


Policy 0: saving next best rewards:  [174.24]
=> saving checkpoint 'runs/mg_B_seed2801/nn/mg_B_seed2801.pth'

Timing:
  Play time               : 12.174 s
  Update time             : 0.917 s
  Time to train epoch     : 13.091 s


Statistics:
  fps step                    : 13,643
  fps step + policy inference : 13,458
  fps total                   : 12,515
  epoch                       : 606 / 1,000
  frames                      : 99,287,040


Policy 0: saving next best rewards:  [174.3]
=> saving checkpoint 'runs/mg_B_seed2801/nn/mg_B_seed2801.pth'

Timing:
  Play time               : 12.191 s
  Update time             : 0.894 s
  Time to train epoch     : 13.086 s


Statistics:
  fps step                    : 13,619
  fps step + policy inference : 13,439
  fps total                   : 12,521
  epoch                       : 607 / 1,000
  frames                      : 99,450,880


Policy 0: saving next best rewards:  [174.42]
=> saving checkpoint 'runs/mg_B_seed2801/nn/mg_B_seed2801.pth'

Timing:
  Play time               : 12.116 s
  Update time             : 0.885 s
  Time to train epoch     : 13.002 s


Statistics:
  fps step                    : 13,705
  fps step + policy inference : 13,522
  fps total                   : 12,601
  epoch                       : 608 / 1,000
  frames                      : 99,614,720


Policy 0: 
Timing:
  Play time               : 12.117 s
  Update time             : 0.941 s
  Time to train epoch     : 13.058 s


Statistics:
  fps step                    : 13,703
  fps step + policy inference : 13,521
  fps total                   : 12,547
  epoch                       : 609 / 1,000
  frames                      : 99,778,560


Policy 0: 
Timing:
  Play time               : 12.137 s
  Update time             : 1.008 s
  Time to train epoch     : 13.145 s


Statistics:
  fps step                    : 13,683
  fps step + policy inference : 13,499
  fps total                   : 12,464
  epoch                       : 610 / 1,000
  frames                      : 99,942,400


Policy 0: 
Timing:
  Play time               : 12.110 s
  Update time             : 1.011 s
  Time to train epoch     : 13.121 s


Statistics:
  fps step                    : 13,715
  fps step + policy inference : 13,530
  fps total                   : 12,487
  epoch                       : 611 / 1,000
  frames                      : 100,106,240


Policy 0: 
Timing:
  Play time               : 12.088 s
  Update time             : 0.935 s
  Time to train epoch     : 13.023 s


Statistics:
  fps step                    : 13,741
  fps step + policy inference : 13,554
  fps total                   : 12,581
  epoch                       : 612 / 1,000
  frames                      : 100,270,080


Policy 0: 
Timing:
  Play time               : 12.123 s
  Update time             : 0.899 s
  Time to train epoch     : 13.023 s


Statistics:
  fps step                    : 13,699
  fps step + policy inference : 13,515
  fps total                   : 12,581
  epoch                       : 613 / 1,000
  frames                      : 100,433,920


Policy 0: 
Timing:
  Play time               : 12.150 s
  Update time             : 0.901 s
  Time to train epoch     : 13.051 s


Statistics:
  fps step                    : 13,668
  fps step + policy inference : 13,484
  fps total                   : 12,554
  epoch                       : 614 / 1,000
  frames                      : 100,597,760


Policy 0: 
Timing:
  Play time               : 12.219 s
  Update time             : 0.958 s
  Time to train epoch     : 13.177 s


Statistics:
  fps step                    : 13,593
  fps step + policy inference : 13,409
  fps total                   : 12,433
  epoch                       : 615 / 1,000
  frames                      : 100,761,600


Policy 0: 
Timing:
  Play time               : 12.190 s
  Update time             : 1.022 s
  Time to train epoch     : 13.212 s


Statistics:
  fps step                    : 13,624
  fps step + policy inference : 13,441
  fps total                   : 12,401
  epoch                       : 616 / 1,000
  frames                      : 100,925,440


Policy 0: saving next best rewards:  [174.44]
=> saving checkpoint 'runs/mg_B_seed2801/nn/mg_B_seed2801.pth'

Timing:
  Play time               : 12.173 s
  Update time             : 1.024 s
  Time to train epoch     : 13.197 s


Statistics:
  fps step                    : 13,641
  fps step + policy inference : 13,459
  fps total                   : 12,415
  epoch                       : 617 / 1,000
  frames                      : 101,089,280


Policy 0: saving next best rewards:  [174.61]
=> saving checkpoint 'runs/mg_B_seed2801/nn/mg_B_seed2801.pth'

Timing:
  Play time               : 12.162 s
  Update time             : 0.937 s
  Time to train epoch     : 13.099 s


Statistics:
  fps step                    : 13,659
  fps step + policy inference : 13,471
  fps total                   : 12,508
  epoch                       : 618 / 1,000
  frames                      : 101,253,120


Policy 0: saving next best rewards:  [174.66]
=> saving checkpoint 'runs/mg_B_seed2801/nn/mg_B_seed2801.pth'

Timing:
  Play time               : 12.184 s
  Update time             : 0.893 s
  Time to train epoch     : 13.077 s


Statistics:
  fps step                    : 13,639
  fps step + policy inference : 13,447
  fps total                   : 12,529
  epoch                       : 619 / 1,000
  frames                      : 101,416,960


Policy 0: saving next best rewards:  [174.71]
=> saving checkpoint 'runs/mg_B_seed2801/nn/mg_B_seed2801.pth'

Timing:
  Play time               : 12.191 s
  Update time             : 0.889 s
  Time to train epoch     : 13.080 s


Statistics:
  fps step                    : 13,623
  fps step + policy inference : 13,440
  fps total                   : 12,526
  epoch                       : 620 / 1,000
  frames                      : 101,580,800


Policy 0: saving next best rewards:  [174.86]
=> saving checkpoint 'runs/mg_B_seed2801/nn/mg_B_seed2801.pth'

Timing:
  Play time               : 12.210 s
  Update time             : 0.967 s
  Time to train epoch     : 13.177 s


Statistics:
  fps step                    : 13,605
  fps step + policy inference : 13,419
  fps total                   : 12,434
  epoch                       : 621 / 1,000
  frames                      : 101,744,640


Policy 0: 
Timing:
  Play time               : 12.193 s
  Update time             : 1.029 s
  Time to train epoch     : 13.222 s


Statistics:
  fps step                    : 13,621
  fps step + policy inference : 13,437
  fps total                   : 12,391
  epoch                       : 622 / 1,000
  frames                      : 101,908,480


Policy 0: saving next best rewards:  [175.25]
=> saving checkpoint 'runs/mg_B_seed2801/nn/mg_B_seed2801.pth'

Timing:
  Play time               : 12.195 s
  Update time             : 0.998 s
  Time to train epoch     : 13.192 s


Statistics:
  fps step                    : 13,618
  fps step + policy inference : 13,435
  fps total                   : 12,419
  epoch                       : 623 / 1,000
  frames                      : 102,072,320


Policy 0: saving next best rewards:  [175.41]
=> saving checkpoint 'runs/mg_B_seed2801/nn/mg_B_seed2801.pth'

Timing:
  Play time               : 12.155 s
  Update time             : 0.922 s
  Time to train epoch     : 13.077 s


Statistics:
  fps step                    : 13,664
  fps step + policy inference : 13,479
  fps total                   : 12,529
  epoch                       : 624 / 1,000
  frames                      : 102,236,160


Policy 0: saving next best rewards:  [175.69]
=> saving checkpoint 'runs/mg_B_seed2801/nn/mg_B_seed2801.pth'

Timing:
  Play time               : 12.179 s
  Update time             : 0.908 s
  Time to train epoch     : 13.087 s


Statistics:
  fps step                    : 13,639
  fps step + policy inference : 13,453
  fps total                   : 12,519
  epoch                       : 625 / 1,000
  frames                      : 102,400,000


Policy 0: 
Timing:
  Play time               : 12.191 s
  Update time             : 0.866 s
  Time to train epoch     : 13.057 s


Statistics:
  fps step                    : 13,618
  fps step + policy inference : 13,440
  fps total                   : 12,548
  epoch                       : 626 / 1,000
  frames                      : 102,563,840


Policy 0: saving next best rewards:  [175.73]
=> saving checkpoint 'runs/mg_B_seed2801/nn/mg_B_seed2801.pth'

Timing:
  Play time               : 12.243 s
  Update time             : 0.903 s
  Time to train epoch     : 13.146 s


Statistics:
  fps step                    : 13,562
  fps step + policy inference : 13,382
  fps total                   : 12,463
  epoch                       : 627 / 1,000
  frames                      : 102,727,680


Policy 0: saving next best rewards:  [175.85]
=> saving checkpoint 'runs/mg_B_seed2801/nn/mg_B_seed2801.pth'

Timing:
  Play time               : 12.263 s
  Update time             : 0.986 s
  Time to train epoch     : 13.249 s


Statistics:
  fps step                    : 13,539
  fps step + policy inference : 13,361
  fps total                   : 12,367
  epoch                       : 628 / 1,000
  frames                      : 102,891,520


Policy 0: saving next best rewards:  [176.03]
=> saving checkpoint 'runs/mg_B_seed2801/nn/mg_B_seed2801.pth'

Timing:
  Play time               : 12.273 s
  Update time             : 1.037 s
  Time to train epoch     : 13.310 s


Statistics:
  fps step                    : 13,528
  fps step + policy inference : 13,349
  fps total                   : 12,310
  epoch                       : 629 / 1,000
  frames                      : 103,055,360


Policy 0: saving next best rewards:  [176.14]
=> saving checkpoint 'runs/mg_B_seed2801/nn/mg_B_seed2801.pth'

Timing:
  Play time               : 12.241 s
  Update time             : 0.975 s
  Time to train epoch     : 13.216 s


Statistics:
  fps step                    : 13,567
  fps step + policy inference : 13,384
  fps total                   : 12,397
  epoch                       : 630 / 1,000
  frames                      : 103,219,200


Policy 0: saving next best rewards:  [176.29]
=> saving checkpoint 'runs/mg_B_seed2801/nn/mg_B_seed2801.pth'

Timing:
  Play time               : 12.214 s
  Update time             : 0.889 s
  Time to train epoch     : 13.103 s


Statistics:
  fps step                    : 13,597
  fps step + policy inference : 13,414
  fps total                   : 12,504
  epoch                       : 631 / 1,000
  frames                      : 103,383,040


Policy 0: saving next best rewards:  [176.59]
=> saving checkpoint 'runs/mg_B_seed2801/nn/mg_B_seed2801.pth'

Timing:
  Play time               : 12.202 s
  Update time             : 0.893 s
  Time to train epoch     : 13.095 s


Statistics:
  fps step                    : 13,607
  fps step + policy inference : 13,427
  fps total                   : 12,512
  epoch                       : 632 / 1,000
  frames                      : 103,546,880


Policy 0: saving next best rewards:  [176.94]
=> saving checkpoint 'runs/mg_B_seed2801/nn/mg_B_seed2801.pth'

Timing:
  Play time               : 12.165 s
  Update time             : 0.964 s
  Time to train epoch     : 13.130 s


Statistics:
  fps step                    : 13,653
  fps step + policy inference : 13,468
  fps total                   : 12,479
  epoch                       : 633 / 1,000
  frames                      : 103,710,720


Policy 0: saving next best rewards:  [177.38]
=> saving checkpoint 'runs/mg_B_seed2801/nn/mg_B_seed2801.pth'

Timing:
  Play time               : 12.148 s
  Update time             : 0.957 s
  Time to train epoch     : 13.105 s


Statistics:
  fps step                    : 13,671
  fps step + policy inference : 13,487
  fps total                   : 12,502
  epoch                       : 634 / 1,000
  frames                      : 103,874,560


Policy 0: 
Timing:
  Play time               : 12.203 s
  Update time             : 0.964 s
  Time to train epoch     : 13.167 s


Statistics:
  fps step                    : 13,612
  fps step + policy inference : 13,426
  fps total                   : 12,444
  epoch                       : 635 / 1,000
  frames                      : 104,038,400


Policy 0: 
Timing:
  Play time               : 12.264 s
  Update time             : 0.991 s
  Time to train epoch     : 13.255 s


Statistics:
  fps step                    : 13,541
  fps step + policy inference : 13,360
  fps total                   : 12,361
  epoch                       : 636 / 1,000
  frames                      : 104,202,240


Policy 0: saving next best rewards:  [177.61]
=> saving checkpoint 'runs/mg_B_seed2801/nn/mg_B_seed2801.pth'

Timing:
  Play time               : 12.264 s
  Update time             : 0.940 s
  Time to train epoch     : 13.204 s


Statistics:
  fps step                    : 13,542
  fps step + policy inference : 13,360
  fps total                   : 12,409
  epoch                       : 637 / 1,000
  frames                      : 104,366,080


Policy 0: saving next best rewards:  [177.75]
=> saving checkpoint 'runs/mg_B_seed2801/nn/mg_B_seed2801.pth'

Timing:
  Play time               : 12.287 s
  Update time             : 0.913 s
  Time to train epoch     : 13.200 s


Statistics:
  fps step                    : 13,524
  fps step + policy inference : 13,335
  fps total                   : 12,412
  epoch                       : 638 / 1,000
  frames                      : 104,529,920


Policy 0: saving next best rewards:  [178.28]
=> saving checkpoint 'runs/mg_B_seed2801/nn/mg_B_seed2801.pth'

Timing:
  Play time               : 12.223 s
  Update time             : 0.895 s
  Time to train epoch     : 13.118 s


Statistics:
  fps step                    : 13,584
  fps step + policy inference : 13,404
  fps total                   : 12,489
  epoch                       : 639 / 1,000
  frames                      : 104,693,760


Policy 0: saving next best rewards:  [178.5]
=> saving checkpoint 'runs/mg_B_seed2801/nn/mg_B_seed2801.pth'

Timing:
  Play time               : 12.181 s
  Update time             : 0.940 s
  Time to train epoch     : 13.121 s


Statistics:
  fps step                    : 13,636
  fps step + policy inference : 13,451
  fps total                   : 12,487
  epoch                       : 640 / 1,000
  frames                      : 104,857,600


Policy 0: saving next best rewards:  [178.82]
=> saving checkpoint 'runs/mg_B_seed2801/nn/mg_B_seed2801.pth'

Timing:
  Play time               : 12.151 s
  Update time             : 1.003 s
  Time to train epoch     : 13.154 s


Statistics:
  fps step                    : 13,668
  fps step + policy inference : 13,484
  fps total                   : 12,456
  epoch                       : 641 / 1,000
  frames                      : 105,021,440


Policy 0: saving next best rewards:  [179.28]
=> saving checkpoint 'runs/mg_B_seed2801/nn/mg_B_seed2801.pth'

Timing:
  Play time               : 12.160 s
  Update time             : 1.034 s
  Time to train epoch     : 13.193 s


Statistics:
  fps step                    : 13,659
  fps step + policy inference : 13,474
  fps total                   : 12,418
  epoch                       : 642 / 1,000
  frames                      : 105,185,280


Policy 0: 
Timing:
  Play time               : 12.205 s
  Update time             : 0.935 s
  Time to train epoch     : 13.140 s


Statistics:
  fps step                    : 13,606
  fps step + policy inference : 13,424
  fps total                   : 12,469
  epoch                       : 643 / 1,000
  frames                      : 105,349,120


Policy 0: 
Timing:
  Play time               : 12.140 s
  Update time             : 0.909 s
  Time to train epoch     : 13.049 s


Statistics:
  fps step                    : 13,683
  fps step + policy inference : 13,496
  fps total                   : 12,556
  epoch                       : 644 / 1,000
  frames                      : 105,512,960


Policy 0: saving next best rewards:  [179.32]
=> saving checkpoint 'runs/mg_B_seed2801/nn/mg_B_seed2801.pth'

Timing:
  Play time               : 12.175 s
  Update time             : 0.877 s
  Time to train epoch     : 13.052 s


Statistics:
  fps step                    : 13,635
  fps step + policy inference : 13,457
  fps total                   : 12,552
  epoch                       : 645 / 1,000
  frames                      : 105,676,800


Policy 0: 
Timing:
  Play time               : 12.171 s
  Update time             : 0.903 s
  Time to train epoch     : 13.074 s


Statistics:
  fps step                    : 13,645
  fps step + policy inference : 13,461
  fps total                   : 12,532
  epoch                       : 646 / 1,000
  frames                      : 105,840,640


Policy 0: saving next best rewards:  [179.55]
=> saving checkpoint 'runs/mg_B_seed2801/nn/mg_B_seed2801.pth'

Timing:
  Play time               : 12.171 s
  Update time             : 0.957 s
  Time to train epoch     : 13.129 s


Statistics:
  fps step                    : 13,646
  fps step + policy inference : 13,461
  fps total                   : 12,480
  epoch                       : 647 / 1,000
  frames                      : 106,004,480


Policy 0: saving next best rewards:  [179.57]
=> saving checkpoint 'runs/mg_B_seed2801/nn/mg_B_seed2801.pth'

Timing:
  Play time               : 12.146 s
  Update time             : 1.004 s
  Time to train epoch     : 13.149 s


Statistics:
  fps step                    : 13,675
  fps step + policy inference : 13,490
  fps total                   : 12,460
  epoch                       : 648 / 1,000
  frames                      : 106,168,320


Policy 0: saving next best rewards:  [179.58]
=> saving checkpoint 'runs/mg_B_seed2801/nn/mg_B_seed2801.pth'

Timing:
  Play time               : 12.151 s
  Update time             : 0.968 s
  Time to train epoch     : 13.119 s


Statistics:
  fps step                    : 13,667
  fps step + policy inference : 13,484
  fps total                   : 12,489
  epoch                       : 649 / 1,000
  frames                      : 106,332,160


Policy 0: saving next best rewards:  [179.69]
=> saving checkpoint 'runs/mg_B_seed2801/nn/mg_B_seed2801.pth'

Timing:
  Play time               : 12.151 s
  Update time             : 0.945 s
  Time to train epoch     : 13.096 s


Statistics:
  fps step                    : 13,668
  fps step + policy inference : 13,484
  fps total                   : 12,510
  epoch                       : 650 / 1,000
  frames                      : 106,496,000


Policy 0: 
Timing:
  Play time               : 12.160 s
  Update time             : 0.902 s
  Time to train epoch     : 13.062 s


Statistics:
  fps step                    : 13,657
  fps step + policy inference : 13,474
  fps total                   : 12,543
  epoch                       : 651 / 1,000
  frames                      : 106,659,840


Policy 0: 
Timing:
  Play time               : 12.134 s
  Update time             : 0.926 s
  Time to train epoch     : 13.060 s


Statistics:
  fps step                    : 13,690
  fps step + policy inference : 13,502
  fps total                   : 12,545
  epoch                       : 652 / 1,000
  frames                      : 106,823,680


Policy 0: saving next best rewards:  [179.73]
=> saving checkpoint 'runs/mg_B_seed2801/nn/mg_B_seed2801.pth'

Timing:
  Play time               : 12.159 s
  Update time             : 0.929 s
  Time to train epoch     : 13.088 s


Statistics:
  fps step                    : 13,662
  fps step + policy inference : 13,475
  fps total                   : 12,519
  epoch                       : 653 / 1,000
  frames                      : 106,987,520


Policy 0: 
Timing:
  Play time               : 12.176 s
  Update time             : 0.980 s
  Time to train epoch     : 13.156 s


Statistics:
  fps step                    : 13,642
  fps step + policy inference : 13,456
  fps total                   : 12,454
  epoch                       : 654 / 1,000
  frames                      : 107,151,360


Policy 0: saving next best rewards:  [179.82]
=> saving checkpoint 'runs/mg_B_seed2801/nn/mg_B_seed2801.pth'

Timing:
  Play time               : 12.228 s
  Update time             : 1.014 s
  Time to train epoch     : 13.242 s


Statistics:
  fps step                    : 13,581
  fps step + policy inference : 13,399
  fps total                   : 12,372
  epoch                       : 655 / 1,000
  frames                      : 107,315,200


Policy 0: saving next best rewards:  [180.07]
=> saving checkpoint 'runs/mg_B_seed2801/nn/mg_B_seed2801.pth'

Timing:
  Play time               : 12.200 s
  Update time             : 0.988 s
  Time to train epoch     : 13.188 s


Statistics:
  fps step                    : 13,615
  fps step + policy inference : 13,430
  fps total                   : 12,424
  epoch                       : 656 / 1,000
  frames                      : 107,479,040


Policy 0: 
Timing:
  Play time               : 12.164 s
  Update time             : 0.913 s
  Time to train epoch     : 13.077 s


Statistics:
  fps step                    : 13,661
  fps step + policy inference : 13,469
  fps total                   : 12,529
  epoch                       : 657 / 1,000
  frames                      : 107,642,880


Policy 0: 
Timing:
  Play time               : 12.089 s
  Update time             : 0.906 s
  Time to train epoch     : 12.995 s


Statistics:
  fps step                    : 13,738
  fps step + policy inference : 13,553
  fps total                   : 12,608
  epoch                       : 658 / 1,000
  frames                      : 107,806,720


Policy 0: 
Timing:
  Play time               : 12.142 s
  Update time             : 0.901 s
  Time to train epoch     : 13.043 s


Statistics:
  fps step                    : 13,681
  fps step + policy inference : 13,494
  fps total                   : 12,562
  epoch                       : 659 / 1,000
  frames                      : 107,970,560


Policy 0: saving next best rewards:  [180.15]
=> saving checkpoint 'runs/mg_B_seed2801/nn/mg_B_seed2801.pth'

Timing:
  Play time               : 12.087 s
  Update time             : 0.916 s
  Time to train epoch     : 13.003 s


Statistics:
  fps step                    : 13,742
  fps step + policy inference : 13,555
  fps total                   : 12,600
  epoch                       : 660 / 1,000
  frames                      : 108,134,400


Policy 0: 
Timing:
  Play time               : 12.077 s
  Update time             : 0.988 s
  Time to train epoch     : 13.065 s


Statistics:
  fps step                    : 13,753
  fps step + policy inference : 13,567
  fps total                   : 12,541
  epoch                       : 661 / 1,000
  frames                      : 108,298,240


Policy 0: saving next best rewards:  [180.56]
=> saving checkpoint 'runs/mg_B_seed2801/nn/mg_B_seed2801.pth'

Timing:
  Play time               : 12.123 s
  Update time             : 0.994 s
  Time to train epoch     : 13.116 s


Statistics:
  fps step                    : 13,702
  fps step + policy inference : 13,515
  fps total                   : 12,491
  epoch                       : 662 / 1,000
  frames                      : 108,462,080


Policy 0: saving next best rewards:  [181.01]
=> saving checkpoint 'runs/mg_B_seed2801/nn/mg_B_seed2801.pth'

Timing:
  Play time               : 12.098 s
  Update time             : 0.982 s
  Time to train epoch     : 13.081 s


Statistics:
  fps step                    : 13,728
  fps step + policy inference : 13,542
  fps total                   : 12,525
  epoch                       : 663 / 1,000
  frames                      : 108,625,920


Policy 0: saving next best rewards:  [181.41]
=> saving checkpoint 'runs/mg_B_seed2801/nn/mg_B_seed2801.pth'

Timing:
  Play time               : 12.120 s
  Update time             : 0.909 s
  Time to train epoch     : 13.029 s


Statistics:
  fps step                    : 13,699
  fps step + policy inference : 13,518
  fps total                   : 12,575
  epoch                       : 664 / 1,000
  frames                      : 108,789,760


Policy 0: 
Timing:
  Play time               : 12.122 s
  Update time             : 0.884 s
  Time to train epoch     : 13.006 s


Statistics:
  fps step                    : 13,702
  fps step + policy inference : 13,516
  fps total                   : 12,597
  epoch                       : 665 / 1,000
  frames                      : 108,953,600


Policy 0: 
Timing:
  Play time               : 12.122 s
  Update time             : 0.895 s
  Time to train epoch     : 13.017 s


Statistics:
  fps step                    : 13,700
  fps step + policy inference : 13,516
  fps total                   : 12,587
  epoch                       : 666 / 1,000
  frames                      : 109,117,440


Policy 0: saving next best rewards:  [181.48]
=> saving checkpoint 'runs/mg_B_seed2801/nn/mg_B_seed2801.pth'

Timing:
  Play time               : 12.146 s
  Update time             : 0.914 s
  Time to train epoch     : 13.060 s


Statistics:
  fps step                    : 13,677
  fps step + policy inference : 13,490
  fps total                   : 12,546
  epoch                       : 667 / 1,000
  frames                      : 109,281,280


Policy 0: 
Timing:
  Play time               : 12.167 s
  Update time             : 0.961 s
  Time to train epoch     : 13.128 s


Statistics:
  fps step                    : 13,650
  fps step + policy inference : 13,466
  fps total                   : 12,480
  epoch                       : 668 / 1,000
  frames                      : 109,445,120


Policy 0: saving next best rewards:  [181.77]
=> saving checkpoint 'runs/mg_B_seed2801/nn/mg_B_seed2801.pth'

Timing:
  Play time               : 12.148 s
  Update time             : 1.045 s
  Time to train epoch     : 13.192 s


Statistics:
  fps step                    : 13,672
  fps step + policy inference : 13,487
  fps total                   : 12,419
  epoch                       : 669 / 1,000
  frames                      : 109,608,960


Policy 0: 
Timing:
  Play time               : 12.139 s
  Update time             : 0.983 s
  Time to train epoch     : 13.121 s


Statistics:
  fps step                    : 13,680
  fps step + policy inference : 13,497
  fps total                   : 12,486
  epoch                       : 670 / 1,000
  frames                      : 109,772,800


Policy 0: saving next best rewards:  [181.79]
=> saving checkpoint 'runs/mg_B_seed2801/nn/mg_B_seed2801.pth'

Timing:
  Play time               : 12.147 s
  Update time             : 0.916 s
  Time to train epoch     : 13.063 s


Statistics:
  fps step                    : 13,676
  fps step + policy inference : 13,489
  fps total                   : 12,542
  epoch                       : 671 / 1,000
  frames                      : 109,936,640


Policy 0: saving next best rewards:  [181.92]
=> saving checkpoint 'runs/mg_B_seed2801/nn/mg_B_seed2801.pth'

Timing:
  Play time               : 12.167 s
  Update time             : 0.932 s
  Time to train epoch     : 13.099 s


Statistics:
  fps step                    : 13,654
  fps step + policy inference : 13,466
  fps total                   : 12,508
  epoch                       : 672 / 1,000
  frames                      : 110,100,480


Policy 0: saving next best rewards:  [182.27]
=> saving checkpoint 'runs/mg_B_seed2801/nn/mg_B_seed2801.pth'

Timing:
  Play time               : 12.186 s
  Update time             : 0.902 s
  Time to train epoch     : 13.088 s


Statistics:
  fps step                    : 13,629
  fps step + policy inference : 13,445
  fps total                   : 12,518
  epoch                       : 673 / 1,000
  frames                      : 110,264,320


Policy 0: 
Timing:
  Play time               : 12.130 s
  Update time             : 0.921 s
  Time to train epoch     : 13.052 s


Statistics:
  fps step                    : 13,693
  fps step + policy inference : 13,507
  fps total                   : 12,553
  epoch                       : 674 / 1,000
  frames                      : 110,428,160


Policy 0: 
Timing:
  Play time               : 12.113 s
  Update time             : 0.995 s
  Time to train epoch     : 13.108 s


Statistics:
  fps step                    : 13,721
  fps step + policy inference : 13,526
  fps total                   : 12,499
  epoch                       : 675 / 1,000
  frames                      : 110,592,000


Policy 0: 
Timing:
  Play time               : 12.136 s
  Update time             : 1.038 s
  Time to train epoch     : 13.174 s


Statistics:
  fps step                    : 13,687
  fps step + policy inference : 13,501
  fps total                   : 12,437
  epoch                       : 676 / 1,000
  frames                      : 110,755,840


Policy 0: 
Timing:
  Play time               : 12.151 s
  Update time             : 0.977 s
  Time to train epoch     : 13.127 s


Statistics:
  fps step                    : 13,669
  fps step + policy inference : 13,484
  fps total                   : 12,481
  epoch                       : 677 / 1,000
  frames                      : 110,919,680


Policy 0: 
Timing:
  Play time               : 12.181 s
  Update time             : 0.896 s
  Time to train epoch     : 13.077 s


Statistics:
  fps step                    : 13,635
  fps step + policy inference : 13,450
  fps total                   : 12,528
  epoch                       : 678 / 1,000
  frames                      : 111,083,520


Policy 0: 
Timing:
  Play time               : 12.151 s
  Update time             : 0.907 s
  Time to train epoch     : 13.058 s


Statistics:
  fps step                    : 13,668
  fps step + policy inference : 13,484
  fps total                   : 12,547
  epoch                       : 679 / 1,000
  frames                      : 111,247,360


Policy 0: 
Timing:
  Play time               : 12.159 s
  Update time             : 0.905 s
  Time to train epoch     : 13.064 s


Statistics:
  fps step                    : 13,658
  fps step + policy inference : 13,475
  fps total                   : 12,541
  epoch                       : 680 / 1,000
  frames                      : 111,411,200


Policy 0: 
Timing:
  Play time               : 12.174 s
  Update time             : 0.918 s
  Time to train epoch     : 13.092 s


Statistics:
  fps step                    : 13,644
  fps step + policy inference : 13,458
  fps total                   : 12,515
  epoch                       : 681 / 1,000
  frames                      : 111,575,040


Policy 0: 
Timing:
  Play time               : 12.132 s
  Update time             : 1.011 s
  Time to train epoch     : 13.143 s


Statistics:
  fps step                    : 13,686
  fps step + policy inference : 13,505
  fps total                   : 12,466
  epoch                       : 682 / 1,000
  frames                      : 111,738,880


Policy 0: 
Timing:
  Play time               : 12.171 s
  Update time             : 1.032 s
  Time to train epoch     : 13.203 s


Statistics:
  fps step                    : 13,642
  fps step + policy inference : 13,461
  fps total                   : 12,409
  epoch                       : 683 / 1,000
  frames                      : 111,902,720


Policy 0: 
Timing:
  Play time               : 12.207 s
  Update time             : 0.926 s
  Time to train epoch     : 13.133 s


Statistics:
  fps step                    : 13,602
  fps step + policy inference : 13,422
  fps total                   : 12,475
  epoch                       : 684 / 1,000
  frames                      : 112,066,560


Policy 0: 
Timing:
  Play time               : 12.177 s
  Update time             : 0.922 s
  Time to train epoch     : 13.099 s


Statistics:
  fps step                    : 13,639
  fps step + policy inference : 13,455
  fps total                   : 12,508
  epoch                       : 685 / 1,000
  frames                      : 112,230,400


Policy 0: 
Timing:
  Play time               : 12.171 s
  Update time             : 0.905 s
  Time to train epoch     : 13.076 s


Statistics:
  fps step                    : 13,647
  fps step + policy inference : 13,461
  fps total                   : 12,529
  epoch                       : 686 / 1,000
  frames                      : 112,394,240


Policy 0: 
Timing:
  Play time               : 12.179 s
  Update time             : 0.901 s
  Time to train epoch     : 13.079 s


Statistics:
  fps step                    : 13,636
  fps step + policy inference : 13,453
  fps total                   : 12,527
  epoch                       : 687 / 1,000
  frames                      : 112,558,080


Policy 0: 
Timing:
  Play time               : 12.144 s
  Update time             : 0.912 s
  Time to train epoch     : 13.056 s


Statistics:
  fps step                    : 13,674
  fps step + policy inference : 13,491
  fps total                   : 12,549
  epoch                       : 688 / 1,000
  frames                      : 112,721,920


Policy 0: 
Timing:
  Play time               : 12.142 s
  Update time             : 0.938 s
  Time to train epoch     : 13.080 s


Statistics:
  fps step                    : 13,676
  fps step + policy inference : 13,493
  fps total                   : 12,526
  epoch                       : 689 / 1,000
  frames                      : 112,885,760


Policy 0: saving next best rewards:  [182.4]
=> saving checkpoint 'runs/mg_B_seed2801/nn/mg_B_seed2801.pth'

Timing:
  Play time               : 12.120 s
  Update time             : 0.980 s
  Time to train epoch     : 13.099 s


Statistics:
  fps step                    : 13,705
  fps step + policy inference : 13,519
  fps total                   : 12,508
  epoch                       : 690 / 1,000
  frames                      : 113,049,600


Policy 0: saving next best rewards:  [182.83]
=> saving checkpoint 'runs/mg_B_seed2801/nn/mg_B_seed2801.pth'

Timing:
  Play time               : 12.186 s
  Update time             : 1.019 s
  Time to train epoch     : 13.205 s


Statistics:
  fps step                    : 13,629
  fps step + policy inference : 13,445
  fps total                   : 12,408
  epoch                       : 691 / 1,000
  frames                      : 113,213,440


Policy 0: saving next best rewards:  [183.16]
=> saving checkpoint 'runs/mg_B_seed2801/nn/mg_B_seed2801.pth'

Timing:
  Play time               : 12.161 s
  Update time             : 0.947 s
  Time to train epoch     : 13.108 s


Statistics:
  fps step                    : 13,655
  fps step + policy inference : 13,472
  fps total                   : 12,499
  epoch                       : 692 / 1,000
  frames                      : 113,377,280


Policy 0: 
Timing:
  Play time               : 12.141 s
  Update time             : 0.908 s
  Time to train epoch     : 13.049 s


Statistics:
  fps step                    : 13,682
  fps step + policy inference : 13,495
  fps total                   : 12,556
  epoch                       : 693 / 1,000
  frames                      : 113,541,120


Policy 0: saving next best rewards:  [183.43]
=> saving checkpoint 'runs/mg_B_seed2801/nn/mg_B_seed2801.pth'

Timing:
  Play time               : 12.168 s
  Update time             : 0.900 s
  Time to train epoch     : 13.068 s


Statistics:
  fps step                    : 13,657
  fps step + policy inference : 13,464
  fps total                   : 12,537
  epoch                       : 694 / 1,000
  frames                      : 113,704,960


Policy 0: saving next best rewards:  [183.96]
=> saving checkpoint 'runs/mg_B_seed2801/nn/mg_B_seed2801.pth'

Timing:
  Play time               : 12.130 s
  Update time             : 0.903 s
  Time to train epoch     : 13.033 s


Statistics:
  fps step                    : 13,690
  fps step + policy inference : 13,507
  fps total                   : 12,571
  epoch                       : 695 / 1,000
  frames                      : 113,868,800


Policy 0: saving next best rewards:  [184.12]
=> saving checkpoint 'runs/mg_B_seed2801/nn/mg_B_seed2801.pth'

Timing:
  Play time               : 12.185 s
  Update time             : 0.945 s
  Time to train epoch     : 13.130 s


Statistics:
  fps step                    : 13,634
  fps step + policy inference : 13,446
  fps total                   : 12,479
  epoch                       : 696 / 1,000
  frames                      : 114,032,640


Policy 0: saving next best rewards:  [184.37]
=> saving checkpoint 'runs/mg_B_seed2801/nn/mg_B_seed2801.pth'

Timing:
  Play time               : 12.185 s
  Update time             : 1.003 s
  Time to train epoch     : 13.189 s


Statistics:
  fps step                    : 13,629
  fps step + policy inference : 13,446
  fps total                   : 12,423
  epoch                       : 697 / 1,000
  frames                      : 114,196,480


Policy 0: 
Timing:
  Play time               : 12.188 s
  Update time             : 1.020 s
  Time to train epoch     : 13.208 s


Statistics:
  fps step                    : 13,626
  fps step + policy inference : 13,443
  fps total                   : 12,404
  epoch                       : 698 / 1,000
  frames                      : 114,360,320


Policy 0: saving next best rewards:  [184.49]
=> saving checkpoint 'runs/mg_B_seed2801/nn/mg_B_seed2801.pth'

Timing:
  Play time               : 12.249 s
  Update time             : 0.934 s
  Time to train epoch     : 13.184 s


Statistics:
  fps step                    : 13,557
  fps step + policy inference : 13,375
  fps total                   : 12,427
  epoch                       : 699 / 1,000
  frames                      : 114,524,160


Policy 0: saving next best rewards:  [184.92]
=> saving checkpoint 'runs/mg_B_seed2801/nn/mg_B_seed2801.pth'

Timing:
  Play time               : 12.191 s
  Update time             : 0.921 s
  Time to train epoch     : 13.113 s


Statistics:
  fps step                    : 13,630
  fps step + policy inference : 13,439
  fps total                   : 12,495
  epoch                       : 700 / 1,000
  frames                      : 114,688,000


Policy 0: saving next best rewards:  [185.1]
=> saving checkpoint 'runs/mg_B_seed2801/nn/mg_B_seed2801.pth'

Timing:
  Play time               : 12.200 s
  Update time             : 0.878 s
  Time to train epoch     : 13.078 s


Statistics:
  fps step                    : 13,609
  fps step + policy inference : 13,429
  fps total                   : 12,528
  epoch                       : 701 / 1,000
  frames                      : 114,851,840


Policy 0: saving next best rewards:  [185.4]
=> saving checkpoint 'runs/mg_B_seed2801/nn/mg_B_seed2801.pth'

Timing:
  Play time               : 12.234 s
  Update time             : 0.924 s
  Time to train epoch     : 13.157 s


Statistics:
  fps step                    : 13,572
  fps step + policy inference : 13,393
  fps total                   : 12,452
  epoch                       : 702 / 1,000
  frames                      : 115,015,680


Policy 0: saving next best rewards:  [185.6]
=> saving checkpoint 'runs/mg_B_seed2801/nn/mg_B_seed2801.pth'

Timing:
  Play time               : 12.212 s
  Update time             : 1.012 s
  Time to train epoch     : 13.224 s


Statistics:
  fps step                    : 13,599
  fps step + policy inference : 13,417
  fps total                   : 12,390
  epoch                       : 703 / 1,000
  frames                      : 115,179,520


Policy 0: saving next best rewards:  [185.73]
=> saving checkpoint 'runs/mg_B_seed2801/nn/mg_B_seed2801.pth'

Timing:
  Play time               : 12.196 s
  Update time             : 1.018 s
  Time to train epoch     : 13.213 s


Statistics:
  fps step                    : 13,617
  fps step + policy inference : 13,434
  fps total                   : 12,400
  epoch                       : 704 / 1,000
  frames                      : 115,343,360


Policy 0: saving next best rewards:  [185.87]
=> saving checkpoint 'runs/mg_B_seed2801/nn/mg_B_seed2801.pth'

Timing:
  Play time               : 12.179 s
  Update time             : 0.918 s
  Time to train epoch     : 13.097 s


Statistics:
  fps step                    : 13,638
  fps step + policy inference : 13,452
  fps total                   : 12,510
  epoch                       : 705 / 1,000
  frames                      : 115,507,200


Policy 0: saving next best rewards:  [185.99]
=> saving checkpoint 'runs/mg_B_seed2801/nn/mg_B_seed2801.pth'

Timing:
  Play time               : 12.152 s
  Update time             : 0.895 s
  Time to train epoch     : 13.047 s


Statistics:
  fps step                    : 13,667
  fps step + policy inference : 13,483
  fps total                   : 12,558
  epoch                       : 706 / 1,000
  frames                      : 115,671,040


Policy 0: saving next best rewards:  [186.17]
=> saving checkpoint 'runs/mg_B_seed2801/nn/mg_B_seed2801.pth'

Timing:
  Play time               : 12.166 s
  Update time             : 0.888 s
  Time to train epoch     : 13.054 s


Statistics:
  fps step                    : 13,651
  fps step + policy inference : 13,468
  fps total                   : 12,551
  epoch                       : 707 / 1,000
  frames                      : 115,834,880


Policy 0: 
Timing:
  Play time               : 12.231 s
  Update time             : 0.928 s
  Time to train epoch     : 13.158 s


Statistics:
  fps step                    : 13,576
  fps step + policy inference : 13,396
  fps total                   : 12,452
  epoch                       : 708 / 1,000
  frames                      : 115,998,720


Policy 0: 
Timing:
  Play time               : 12.167 s
  Update time             : 1.060 s
  Time to train epoch     : 13.228 s


Statistics:
  fps step                    : 13,651
  fps step + policy inference : 13,466
  fps total                   : 12,386
  epoch                       : 709 / 1,000
  frames                      : 116,162,560


Policy 0: saving next best rewards:  [186.23]
=> saving checkpoint 'runs/mg_B_seed2801/nn/mg_B_seed2801.pth'

Timing:
  Play time               : 12.183 s
  Update time             : 1.029 s
  Time to train epoch     : 13.212 s


Statistics:
  fps step                    : 13,633
  fps step + policy inference : 13,449
  fps total                   : 12,401
  epoch                       : 710 / 1,000
  frames                      : 116,326,400


Policy 0: saving next best rewards:  [186.33]
=> saving checkpoint 'runs/mg_B_seed2801/nn/mg_B_seed2801.pth'

Timing:
  Play time               : 12.229 s
  Update time             : 0.934 s
  Time to train epoch     : 13.163 s


Statistics:
  fps step                    : 13,582
  fps step + policy inference : 13,398
  fps total                   : 12,447
  epoch                       : 711 / 1,000
  frames                      : 116,490,240


Policy 0: saving next best rewards:  [186.42]
=> saving checkpoint 'runs/mg_B_seed2801/nn/mg_B_seed2801.pth'

Timing:
  Play time               : 12.240 s
  Update time             : 0.898 s
  Time to train epoch     : 13.139 s


Statistics:
  fps step                    : 13,571
  fps step + policy inference : 13,385
  fps total                   : 12,470
  epoch                       : 712 / 1,000
  frames                      : 116,654,080


Policy 0: 
Timing:
  Play time               : 12.253 s
  Update time             : 0.907 s
  Time to train epoch     : 13.161 s


Statistics:
  fps step                    : 13,560
  fps step + policy inference : 13,371
  fps total                   : 12,449
  epoch                       : 713 / 1,000
  frames                      : 116,817,920


Policy 0: saving next best rewards:  [186.68]
=> saving checkpoint 'runs/mg_B_seed2801/nn/mg_B_seed2801.pth'

Timing:
  Play time               : 12.249 s
  Update time             : 0.895 s
  Time to train epoch     : 13.144 s


Statistics:
  fps step                    : 13,559
  fps step + policy inference : 13,376
  fps total                   : 12,465
  epoch                       : 714 / 1,000
  frames                      : 116,981,760


Policy 0: 
Timing:
  Play time               : 12.230 s
  Update time             : 0.936 s
  Time to train epoch     : 13.166 s


Statistics:
  fps step                    : 13,581
  fps step + policy inference : 13,396
  fps total                   : 12,444
  epoch                       : 715 / 1,000
  frames                      : 117,145,600


Policy 0: 
Timing:
  Play time               : 12.289 s
  Update time             : 1.016 s
  Time to train epoch     : 13.305 s


Statistics:
  fps step                    : 13,512
  fps step + policy inference : 13,332
  fps total                   : 12,314
  epoch                       : 716 / 1,000
  frames                      : 117,309,440


Policy 0: 
Timing:
  Play time               : 12.312 s
  Update time             : 1.020 s
  Time to train epoch     : 13.332 s


Statistics:
  fps step                    : 13,487
  fps step + policy inference : 13,307
  fps total                   : 12,289
  epoch                       : 717 / 1,000
  frames                      : 117,473,280


Policy 0: 
Timing:
  Play time               : 12.230 s
  Update time             : 0.923 s
  Time to train epoch     : 13.154 s


Statistics:
  fps step                    : 13,575
  fps step + policy inference : 13,396
  fps total                   : 12,456
  epoch                       : 718 / 1,000
  frames                      : 117,637,120


Policy 0: 
Timing:
  Play time               : 12.173 s
  Update time             : 0.920 s
  Time to train epoch     : 13.093 s


Statistics:
  fps step                    : 13,646
  fps step + policy inference : 13,459
  fps total                   : 12,514
  epoch                       : 719 / 1,000
  frames                      : 117,800,960


Policy 0: 
Timing:
  Play time               : 12.193 s
  Update time             : 0.873 s
  Time to train epoch     : 13.066 s


Statistics:
  fps step                    : 13,615
  fps step + policy inference : 13,437
  fps total                   : 12,539
  epoch                       : 720 / 1,000
  frames                      : 117,964,800


Policy 0: 
Timing:
  Play time               : 12.196 s
  Update time             : 0.893 s
  Time to train epoch     : 13.089 s


Statistics:
  fps step                    : 13,615
  fps step + policy inference : 13,434
  fps total                   : 12,517
  epoch                       : 721 / 1,000
  frames                      : 118,128,640


Policy 0: 
Timing:
  Play time               : 12.173 s
  Update time             : 0.935 s
  Time to train epoch     : 13.108 s


Statistics:
  fps step                    : 13,642
  fps step + policy inference : 13,459
  fps total                   : 12,500
  epoch                       : 722 / 1,000
  frames                      : 118,292,480


Policy 0: 
Timing:
  Play time               : 12.194 s
  Update time             : 0.962 s
  Time to train epoch     : 13.155 s


Statistics:
  fps step                    : 13,618
  fps step + policy inference : 13,437
  fps total                   : 12,454
  epoch                       : 723 / 1,000
  frames                      : 118,456,320


Policy 0: saving next best rewards:  [186.68]
=> saving checkpoint 'runs/mg_B_seed2801/nn/mg_B_seed2801.pth'

Timing:
  Play time               : 12.198 s
  Update time             : 1.008 s
  Time to train epoch     : 13.206 s


Statistics:
  fps step                    : 13,614
  fps step + policy inference : 13,432
  fps total                   : 12,407
  epoch                       : 724 / 1,000
  frames                      : 118,620,160


Policy 0: 
Timing:
  Play time               : 12.191 s
  Update time             : 0.958 s
  Time to train epoch     : 13.149 s


Statistics:
  fps step                    : 13,620
  fps step + policy inference : 13,439
  fps total                   : 12,461
  epoch                       : 725 / 1,000
  frames                      : 118,784,000


Policy 0: saving next best rewards:  [186.84]
=> saving checkpoint 'runs/mg_B_seed2801/nn/mg_B_seed2801.pth'

Timing:
  Play time               : 12.217 s
  Update time             : 0.919 s
  Time to train epoch     : 13.136 s


Statistics:
  fps step                    : 13,593
  fps step + policy inference : 13,411
  fps total                   : 12,472
  epoch                       : 726 / 1,000
  frames                      : 118,947,840


Policy 0: 
Timing:
  Play time               : 12.231 s
  Update time             : 0.934 s
  Time to train epoch     : 13.165 s


Statistics:
  fps step                    : 13,578
  fps step + policy inference : 13,396
  fps total                   : 12,445
  epoch                       : 727 / 1,000
  frames                      : 119,111,680


Policy 0: 
Timing:
  Play time               : 12.248 s
  Update time             : 0.904 s
  Time to train epoch     : 13.152 s


Statistics:
  fps step                    : 13,558
  fps step + policy inference : 13,376
  fps total                   : 12,457
  epoch                       : 728 / 1,000
  frames                      : 119,275,520


Policy 0: 
Timing:
  Play time               : 12.225 s
  Update time             : 0.895 s
  Time to train epoch     : 13.120 s


Statistics:
  fps step                    : 13,584
  fps step + policy inference : 13,402
  fps total                   : 12,487
  epoch                       : 729 / 1,000
  frames                      : 119,439,360


Policy 0: 
Timing:
  Play time               : 12.227 s
  Update time             : 0.981 s
  Time to train epoch     : 13.207 s


Statistics:
  fps step                    : 13,582
  fps step + policy inference : 13,400
  fps total                   : 12,405
  epoch                       : 730 / 1,000
  frames                      : 119,603,200


Policy 0: 
Timing:
  Play time               : 12.183 s
  Update time             : 1.047 s
  Time to train epoch     : 13.230 s


Statistics:
  fps step                    : 13,634
  fps step + policy inference : 13,448
  fps total                   : 12,384
  epoch                       : 731 / 1,000
  frames                      : 119,767,040


Policy 0: 
Timing:
  Play time               : 12.193 s
  Update time             : 0.986 s
  Time to train epoch     : 13.179 s


Statistics:
  fps step                    : 13,627
  fps step + policy inference : 13,437
  fps total                   : 12,432
  epoch                       : 732 / 1,000
  frames                      : 119,930,880


Policy 0: 
Timing:
  Play time               : 12.196 s
  Update time             : 0.926 s
  Time to train epoch     : 13.122 s


Statistics:
  fps step                    : 13,618
  fps step + policy inference : 13,434
  fps total                   : 12,486
  epoch                       : 733 / 1,000
  frames                      : 120,094,720


Policy 0: 
Timing:
  Play time               : 12.240 s
  Update time             : 0.892 s
  Time to train epoch     : 13.132 s


Statistics:
  fps step                    : 13,567
  fps step + policy inference : 13,386
  fps total                   : 12,476
  epoch                       : 734 / 1,000
  frames                      : 120,258,560


Policy 0: 
Timing:
  Play time               : 12.314 s
  Update time             : 0.891 s
  Time to train epoch     : 13.205 s


Statistics:
  fps step                    : 13,483
  fps step + policy inference : 13,305
  fps total                   : 12,408
  epoch                       : 735 / 1,000
  frames                      : 120,422,400


Policy 0: 
Timing:
  Play time               : 12.349 s
  Update time             : 0.927 s
  Time to train epoch     : 13.276 s


Statistics:
  fps step                    : 13,449
  fps step + policy inference : 13,267
  fps total                   : 12,341
  epoch                       : 736 / 1,000
  frames                      : 120,586,240


Policy 0: 
Timing:
  Play time               : 12.386 s
  Update time             : 1.006 s
  Time to train epoch     : 13.393 s


Statistics:
  fps step                    : 13,405
  fps step + policy inference : 13,228
  fps total                   : 12,234
  epoch                       : 737 / 1,000
  frames                      : 120,750,080


Policy 0: 
Timing:
  Play time               : 12.244 s
  Update time             : 1.036 s
  Time to train epoch     : 13.280 s


Statistics:
  fps step                    : 13,572
  fps step + policy inference : 13,381
  fps total                   : 12,338
  epoch                       : 738 / 1,000
  frames                      : 120,913,920


Policy 0: 
Timing:
  Play time               : 12.151 s
  Update time             : 0.920 s
  Time to train epoch     : 13.071 s


Statistics:
  fps step                    : 13,664
  fps step + policy inference : 13,483
  fps total                   : 12,534
  epoch                       : 739 / 1,000
  frames                      : 121,077,760


Policy 0: 
Timing:
  Play time               : 12.179 s
  Update time             : 0.875 s
  Time to train epoch     : 13.054 s


Statistics:
  fps step                    : 13,635
  fps step + policy inference : 13,453
  fps total                   : 12,551
  epoch                       : 740 / 1,000
  frames                      : 121,241,600


Policy 0: 
Timing:
  Play time               : 12.156 s
  Update time             : 0.895 s
  Time to train epoch     : 13.050 s


Statistics:
  fps step                    : 13,660
  fps step + policy inference : 13,479
  fps total                   : 12,554
  epoch                       : 741 / 1,000
  frames                      : 121,405,440


Policy 0: 
Timing:
  Play time               : 12.219 s
  Update time             : 0.918 s
  Time to train epoch     : 13.137 s


Statistics:
  fps step                    : 13,593
  fps step + policy inference : 13,408
  fps total                   : 12,472
  epoch                       : 742 / 1,000
  frames                      : 121,569,280


Policy 0: 
Timing:
  Play time               : 12.220 s
  Update time             : 0.955 s
  Time to train epoch     : 13.174 s


Statistics:
  fps step                    : 13,591
  fps step + policy inference : 13,408
  fps total                   : 12,436
  epoch                       : 743 / 1,000
  frames                      : 121,733,120


Policy 0: 
Timing:
  Play time               : 12.177 s
  Update time             : 1.026 s
  Time to train epoch     : 13.203 s


Statistics:
  fps step                    : 13,640
  fps step + policy inference : 13,455
  fps total                   : 12,409
  epoch                       : 744 / 1,000
  frames                      : 121,896,960


Policy 0: 
Timing:
  Play time               : 12.175 s
  Update time             : 0.991 s
  Time to train epoch     : 13.166 s


Statistics:
  fps step                    : 13,639
  fps step + policy inference : 13,457
  fps total                   : 12,445
  epoch                       : 745 / 1,000
  frames                      : 122,060,800


Policy 0: 
Timing:
  Play time               : 12.178 s
  Update time             : 0.916 s
  Time to train epoch     : 13.094 s


Statistics:
  fps step                    : 13,638
  fps step + policy inference : 13,454
  fps total                   : 12,512
  epoch                       : 746 / 1,000
  frames                      : 122,224,640


Policy 0: 
Timing:
  Play time               : 12.158 s
  Update time             : 0.919 s
  Time to train epoch     : 13.077 s


Statistics:
  fps step                    : 13,661
  fps step + policy inference : 13,476
  fps total                   : 12,529
  epoch                       : 747 / 1,000
  frames                      : 122,388,480


Policy 0: 
Timing:
  Play time               : 12.156 s
  Update time             : 0.906 s
  Time to train epoch     : 13.062 s


Statistics:
  fps step                    : 13,661
  fps step + policy inference : 13,478
  fps total                   : 12,543
  epoch                       : 748 / 1,000
  frames                      : 122,552,320


Policy 0: 
Timing:
  Play time               : 12.179 s
  Update time             : 0.912 s
  Time to train epoch     : 13.090 s


Statistics:
  fps step                    : 13,639
  fps step + policy inference : 13,453
  fps total                   : 12,516
  epoch                       : 749 / 1,000
  frames                      : 122,716,160


Policy 0: 
Timing:
  Play time               : 12.181 s
  Update time             : 0.943 s
  Time to train epoch     : 13.124 s


Statistics:
  fps step                    : 13,642
  fps step + policy inference : 13,451
  fps total                   : 12,484
  epoch                       : 750 / 1,000
  frames                      : 122,880,000


Policy 0: Saved recovery checkpoint runs/mg_B_seed2801/checkpoints/epoch_000750.pth; evaluation_due=False

Timing:
  Play time               : 12.189 s
  Update time             : 1.017 s
  Time to train epoch     : 13.206 s


Statistics:
  fps step                    : 13,624
  fps step + policy inference : 13,442
  fps total                   : 12,407
  epoch                       : 751 / 1,000
  frames                      : 123,043,840


Policy 0: 
Timing:
  Play time               : 12.187 s
  Update time             : 1.016 s
  Time to train epoch     : 13.204 s


Statistics:
  fps step                    : 13,627
  fps step + policy inference : 13,443
  fps total                   : 12,409
  epoch                       : 752 / 1,000
  frames                      : 123,207,680


Policy 0: 
Timing:
  Play time               : 12.174 s
  Update time             : 0.933 s
  Time to train epoch     : 13.107 s


Statistics:
  fps step                    : 13,642
  fps step + policy inference : 13,458
  fps total                   : 12,500
  epoch                       : 753 / 1,000
  frames                      : 123,371,520


Policy 0: 
Timing:
  Play time               : 12.161 s
  Update time             : 0.905 s
  Time to train epoch     : 13.067 s


Statistics:
  fps step                    : 13,655
  fps step + policy inference : 13,472
  fps total                   : 12,539
  epoch                       : 754 / 1,000
  frames                      : 123,535,360


Policy 0: 
Timing:
  Play time               : 12.194 s
  Update time             : 0.896 s
  Time to train epoch     : 13.090 s


Statistics:
  fps step                    : 13,621
  fps step + policy inference : 13,436
  fps total                   : 12,516
  epoch                       : 755 / 1,000
  frames                      : 123,699,200


Policy 0: 
Timing:
  Play time               : 12.218 s
  Update time             : 0.921 s
  Time to train epoch     : 13.139 s


Statistics:
  fps step                    : 13,594
  fps step + policy inference : 13,410
  fps total                   : 12,470
  epoch                       : 756 / 1,000
  frames                      : 123,863,040


Policy 0: 
Timing:
  Play time               : 12.195 s
  Update time             : 1.003 s
  Time to train epoch     : 13.198 s


Statistics:
  fps step                    : 13,617
  fps step + policy inference : 13,435
  fps total                   : 12,414
  epoch                       : 757 / 1,000
  frames                      : 124,026,880


Policy 0: 
Timing:
  Play time               : 12.203 s
  Update time             : 1.021 s
  Time to train epoch     : 13.224 s


Statistics:
  fps step                    : 13,608
  fps step + policy inference : 13,426
  fps total                   : 12,390
  epoch                       : 758 / 1,000
  frames                      : 124,190,720


Policy 0: 
Timing:
  Play time               : 12.273 s
  Update time             : 0.913 s
  Time to train epoch     : 13.186 s


Statistics:
  fps step                    : 13,528
  fps step + policy inference : 13,349
  fps total                   : 12,425
  epoch                       : 759 / 1,000
  frames                      : 124,354,560


Policy 0: 
Timing:
  Play time               : 12.385 s
  Update time             : 0.905 s
  Time to train epoch     : 13.290 s


Statistics:
  fps step                    : 13,408
  fps step + policy inference : 13,229
  fps total                   : 12,328
  epoch                       : 760 / 1,000
  frames                      : 124,518,400


Policy 0: 
Timing:
  Play time               : 12.486 s
  Update time             : 0.904 s
  Time to train epoch     : 13.390 s


Statistics:
  fps step                    : 13,299
  fps step + policy inference : 13,122
  fps total                   : 12,236
  epoch                       : 761 / 1,000
  frames                      : 124,682,240


Policy 0: 
Timing:
  Play time               : 12.347 s
  Update time             : 0.906 s
  Time to train epoch     : 13.254 s


Statistics:
  fps step                    : 13,449
  fps step + policy inference : 13,270
  fps total                   : 12,362
  epoch                       : 762 / 1,000
  frames                      : 124,846,080


Policy 0: 
Timing:
  Play time               : 12.316 s
  Update time             : 0.955 s
  Time to train epoch     : 13.272 s


Statistics:
  fps step                    : 13,482
  fps step + policy inference : 13,303
  fps total                   : 12,345
  epoch                       : 763 / 1,000
  frames                      : 125,009,920


Policy 0: 
Timing:
  Play time               : 12.559 s
  Update time             : 0.980 s
  Time to train epoch     : 13.539 s


Statistics:
  fps step                    : 13,219
  fps step + policy inference : 13,046
  fps total                   : 12,101
  epoch                       : 764 / 1,000
  frames                      : 125,173,760


Policy 0: 
Timing:
  Play time               : 12.293 s
  Update time             : 1.022 s
  Time to train epoch     : 13.315 s


Statistics:
  fps step                    : 13,507
  fps step + policy inference : 13,328
  fps total                   : 12,305
  epoch                       : 765 / 1,000
  frames                      : 125,337,600


Policy 0: 
Timing:
  Play time               : 12.221 s
  Update time             : 0.960 s
  Time to train epoch     : 13.181 s


Statistics:
  fps step                    : 13,586
  fps step + policy inference : 13,406
  fps total                   : 12,430
  epoch                       : 766 / 1,000
  frames                      : 125,501,440


Policy 0: saving next best rewards:  [186.95]
=> saving checkpoint 'runs/mg_B_seed2801/nn/mg_B_seed2801.pth'

Timing:
  Play time               : 12.281 s
  Update time             : 0.905 s
  Time to train epoch     : 13.186 s


Statistics:
  fps step                    : 13,522
  fps step + policy inference : 13,340
  fps total                   : 12,425
  epoch                       : 767 / 1,000
  frames                      : 125,665,280


Policy 0: saving next best rewards:  [187.16]
=> saving checkpoint 'runs/mg_B_seed2801/nn/mg_B_seed2801.pth'

Timing:
  Play time               : 12.278 s
  Update time             : 0.905 s
  Time to train epoch     : 13.183 s


Statistics:
  fps step                    : 13,525
  fps step + policy inference : 13,345
  fps total                   : 12,429
  epoch                       : 768 / 1,000
  frames                      : 125,829,120


Policy 0: saving next best rewards:  [187.22]
=> saving checkpoint 'runs/mg_B_seed2801/nn/mg_B_seed2801.pth'

Timing:
  Play time               : 12.209 s
  Update time             : 0.896 s
  Time to train epoch     : 13.105 s


Statistics:
  fps step                    : 13,607
  fps step + policy inference : 13,420
  fps total                   : 12,502
  epoch                       : 769 / 1,000
  frames                      : 125,992,960


Policy 0: saving next best rewards:  [187.5]
=> saving checkpoint 'runs/mg_B_seed2801/nn/mg_B_seed2801.pth'

Timing:
  Play time               : 12.208 s
  Update time             : 0.898 s
  Time to train epoch     : 13.106 s


Statistics:
  fps step                    : 13,601
  fps step + policy inference : 13,421
  fps total                   : 12,501
  epoch                       : 770 / 1,000
  frames                      : 126,156,800


Policy 0: 
Timing:
  Play time               : 12.212 s
  Update time             : 0.937 s
  Time to train epoch     : 13.149 s


Statistics:
  fps step                    : 13,603
  fps step + policy inference : 13,416
  fps total                   : 12,460
  epoch                       : 771 / 1,000
  frames                      : 126,320,640


Policy 0: saving next best rewards:  [187.95]
=> saving checkpoint 'runs/mg_B_seed2801/nn/mg_B_seed2801.pth'

Timing:
  Play time               : 12.253 s
  Update time             : 1.009 s
  Time to train epoch     : 13.261 s


Statistics:
  fps step                    : 13,554
  fps step + policy inference : 13,372
  fps total                   : 12,355
  epoch                       : 772 / 1,000
  frames                      : 126,484,480


Policy 0: saving next best rewards:  [188.08]
=> saving checkpoint 'runs/mg_B_seed2801/nn/mg_B_seed2801.pth'

Timing:
  Play time               : 12.450 s
  Update time             : 1.035 s
  Time to train epoch     : 13.485 s


Statistics:
  fps step                    : 13,334
  fps step + policy inference : 13,159
  fps total                   : 12,150
  epoch                       : 773 / 1,000
  frames                      : 126,648,320


Policy 0: 
Timing:
  Play time               : 12.493 s
  Update time             : 0.927 s
  Time to train epoch     : 13.420 s


Statistics:
  fps step                    : 13,286
  fps step + policy inference : 13,114
  fps total                   : 12,209
  epoch                       : 774 / 1,000
  frames                      : 126,812,160


Policy 0: 
Timing:
  Play time               : 12.422 s
  Update time             : 0.891 s
  Time to train epoch     : 13.313 s


Statistics:
  fps step                    : 13,366
  fps step + policy inference : 13,189
  fps total                   : 12,306
  epoch                       : 775 / 1,000
  frames                      : 126,976,000


Policy 0: 
Timing:
  Play time               : 12.157 s
  Update time             : 0.888 s
  Time to train epoch     : 13.045 s


Statistics:
  fps step                    : 13,659
  fps step + policy inference : 13,477
  fps total                   : 12,559
  epoch                       : 776 / 1,000
  frames                      : 127,139,840


Policy 0: 
Timing:
  Play time               : 12.204 s
  Update time             : 0.875 s
  Time to train epoch     : 13.079 s


Statistics:
  fps step                    : 13,604
  fps step + policy inference : 13,425
  fps total                   : 12,527
  epoch                       : 777 / 1,000
  frames                      : 127,303,680


Policy 0: 
Timing:
  Play time               : 12.207 s
  Update time             : 0.939 s
  Time to train epoch     : 13.146 s


Statistics:
  fps step                    : 13,600
  fps step + policy inference : 13,421
  fps total                   : 12,463
  epoch                       : 778 / 1,000
  frames                      : 127,467,520


Policy 0: 
Timing:
  Play time               : 12.215 s
  Update time             : 1.022 s
  Time to train epoch     : 13.237 s


Statistics:
  fps step                    : 13,594
  fps step + policy inference : 13,413
  fps total                   : 12,377
  epoch                       : 779 / 1,000
  frames                      : 127,631,360


Policy 0: 
Timing:
  Play time               : 12.199 s
  Update time             : 1.005 s
  Time to train epoch     : 13.204 s


Statistics:
  fps step                    : 13,613
  fps step + policy inference : 13,431
  fps total                   : 12,408
  epoch                       : 780 / 1,000
  frames                      : 127,795,200


Policy 0: 
Timing:
  Play time               : 12.196 s
  Update time             : 0.944 s
  Time to train epoch     : 13.141 s


Statistics:
  fps step                    : 13,613
  fps step + policy inference : 13,434
  fps total                   : 12,468
  epoch                       : 781 / 1,000
  frames                      : 127,959,040


Policy 0: 
Timing:
  Play time               : 12.258 s
  Update time             : 0.898 s
  Time to train epoch     : 13.156 s


Statistics:
  fps step                    : 13,547
  fps step + policy inference : 13,366
  fps total                   : 12,454
  epoch                       : 782 / 1,000
  frames                      : 128,122,880


Policy 0: 
Timing:
  Play time               : 12.264 s
  Update time             : 0.904 s
  Time to train epoch     : 13.167 s


Statistics:
  fps step                    : 13,542
  fps step + policy inference : 13,360
  fps total                   : 12,443
  epoch                       : 783 / 1,000
  frames                      : 128,286,720


Policy 0: 
Timing:
  Play time               : 12.208 s
  Update time             : 0.911 s
  Time to train epoch     : 13.120 s


Statistics:
  fps step                    : 13,601
  fps step + policy inference : 13,420
  fps total                   : 12,488
  epoch                       : 784 / 1,000
  frames                      : 128,450,560


Policy 0: 
Timing:
  Play time               : 12.250 s
  Update time             : 0.962 s
  Time to train epoch     : 13.212 s


Statistics:
  fps step                    : 13,554
  fps step + policy inference : 13,375
  fps total                   : 12,401
  epoch                       : 785 / 1,000
  frames                      : 128,614,400


Policy 0: 
Timing:
  Play time               : 12.204 s
  Update time             : 1.019 s
  Time to train epoch     : 13.223 s


Statistics:
  fps step                    : 13,609
  fps step + policy inference : 13,425
  fps total                   : 12,390
  epoch                       : 786 / 1,000
  frames                      : 128,778,240


Policy 0: 
Timing:
  Play time               : 12.231 s
  Update time             : 0.990 s
  Time to train epoch     : 13.221 s


Statistics:
  fps step                    : 13,578
  fps step + policy inference : 13,395
  fps total                   : 12,392
  epoch                       : 787 / 1,000
  frames                      : 128,942,080


Policy 0: 
Timing:
  Play time               : 12.266 s
  Update time             : 0.915 s
  Time to train epoch     : 13.181 s


Statistics:
  fps step                    : 13,544
  fps step + policy inference : 13,357
  fps total                   : 12,430
  epoch                       : 788 / 1,000
  frames                      : 129,105,920


Policy 0: 
Timing:
  Play time               : 12.257 s
  Update time             : 0.930 s
  Time to train epoch     : 13.188 s


Statistics:
  fps step                    : 13,548
  fps step + policy inference : 13,367
  fps total                   : 12,424
  epoch                       : 789 / 1,000
  frames                      : 129,269,760


Policy 0: 
Timing:
  Play time               : 12.230 s
  Update time             : 0.910 s
  Time to train epoch     : 13.140 s


Statistics:
  fps step                    : 13,579
  fps step + policy inference : 13,397
  fps total                   : 12,469
  epoch                       : 790 / 1,000
  frames                      : 129,433,600


Policy 0: 
Timing:
  Play time               : 12.224 s
  Update time             : 0.929 s
  Time to train epoch     : 13.153 s


Statistics:
  fps step                    : 13,582
  fps step + policy inference : 13,403
  fps total                   : 12,457
  epoch                       : 791 / 1,000
  frames                      : 129,597,440


Policy 0: 
Timing:
  Play time               : 12.254 s
  Update time             : 1.102 s
  Time to train epoch     : 13.356 s


Statistics:
  fps step                    : 13,557
  fps step + policy inference : 13,370
  fps total                   : 12,267
  epoch                       : 792 / 1,000
  frames                      : 129,761,280


Policy 0: 
Timing:
  Play time               : 12.231 s
  Update time             : 1.002 s
  Time to train epoch     : 13.233 s


Statistics:
  fps step                    : 13,575
  fps step + policy inference : 13,395
  fps total                   : 12,381
  epoch                       : 793 / 1,000
  frames                      : 129,925,120


Policy 0: 
Timing:
  Play time               : 12.254 s
  Update time             : 0.948 s
  Time to train epoch     : 13.202 s


Statistics:
  fps step                    : 13,555
  fps step + policy inference : 13,371
  fps total                   : 12,411
  epoch                       : 794 / 1,000
  frames                      : 130,088,960


Policy 0: 
Timing:
  Play time               : 12.224 s
  Update time             : 0.869 s
  Time to train epoch     : 13.093 s


Statistics:
  fps step                    : 13,585
  fps step + policy inference : 13,403
  fps total                   : 12,514
  epoch                       : 795 / 1,000
  frames                      : 130,252,800


Policy 0: 
Timing:
  Play time               : 12.235 s
  Update time             : 0.902 s
  Time to train epoch     : 13.137 s


Statistics:
  fps step                    : 13,572
  fps step + policy inference : 13,392
  fps total                   : 12,472
  epoch                       : 796 / 1,000
  frames                      : 130,416,640


Policy 0: 
Timing:
  Play time               : 12.204 s
  Update time             : 0.939 s
  Time to train epoch     : 13.143 s


Statistics:
  fps step                    : 13,610
  fps step + policy inference : 13,425
  fps total                   : 12,466
  epoch                       : 797 / 1,000
  frames                      : 130,580,480


Policy 0: 
Timing:
  Play time               : 12.216 s
  Update time             : 0.977 s
  Time to train epoch     : 13.193 s


Statistics:
  fps step                    : 13,596
  fps step + policy inference : 13,412
  fps total                   : 12,419
  epoch                       : 798 / 1,000
  frames                      : 130,744,320


Policy 0: 
Timing:
  Play time               : 12.196 s
  Update time             : 1.014 s
  Time to train epoch     : 13.210 s


Statistics:
  fps step                    : 13,618
  fps step + policy inference : 13,434
  fps total                   : 12,403
  epoch                       : 799 / 1,000
  frames                      : 130,908,160


Policy 0: 
Timing:
  Play time               : 12.191 s
  Update time             : 0.953 s
  Time to train epoch     : 13.143 s


Statistics:
  fps step                    : 13,621
  fps step + policy inference : 13,440
  fps total                   : 12,466
  epoch                       : 800 / 1,000
  frames                      : 131,072,000


Policy 0: saving next best rewards:  [188.22]
=> saving checkpoint 'runs/mg_B_seed2801/nn/mg_B_seed2801.pth'

Timing:
  Play time               : 12.179 s
  Update time             : 0.920 s
  Time to train epoch     : 13.099 s


Statistics:
  fps step                    : 13,635
  fps step + policy inference : 13,452
  fps total                   : 12,508
  epoch                       : 801 / 1,000
  frames                      : 131,235,840


Policy 0: saving next best rewards:  [188.44]
=> saving checkpoint 'runs/mg_B_seed2801/nn/mg_B_seed2801.pth'

Timing:
  Play time               : 12.202 s
  Update time             : 0.886 s
  Time to train epoch     : 13.088 s


Statistics:
  fps step                    : 13,609
  fps step + policy inference : 13,427
  fps total                   : 12,518
  epoch                       : 802 / 1,000
  frames                      : 131,399,680


Policy 0: saving next best rewards:  [188.75]
=> saving checkpoint 'runs/mg_B_seed2801/nn/mg_B_seed2801.pth'

Timing:
  Play time               : 12.186 s
  Update time             : 0.910 s
  Time to train epoch     : 13.095 s


Statistics:
  fps step                    : 13,627
  fps step + policy inference : 13,445
  fps total                   : 12,511
  epoch                       : 803 / 1,000
  frames                      : 131,563,520


Policy 0: 
Timing:
  Play time               : 12.240 s
  Update time             : 0.966 s
  Time to train epoch     : 13.206 s


Statistics:
  fps step                    : 13,568
  fps step + policy inference : 13,386
  fps total                   : 12,407
  epoch                       : 804 / 1,000
  frames                      : 131,727,360


Policy 0: 
Timing:
  Play time               : 12.273 s
  Update time             : 1.044 s
  Time to train epoch     : 13.318 s


Statistics:
  fps step                    : 13,531
  fps step + policy inference : 13,349
  fps total                   : 12,302
  epoch                       : 805 / 1,000
  frames                      : 131,891,200


Policy 0: 
Timing:
  Play time               : 12.252 s
  Update time             : 1.009 s
  Time to train epoch     : 13.261 s


Statistics:
  fps step                    : 13,563
  fps step + policy inference : 13,373
  fps total                   : 12,355
  epoch                       : 806 / 1,000
  frames                      : 132,055,040


Policy 0: saving next best rewards:  [188.77]
=> saving checkpoint 'runs/mg_B_seed2801/nn/mg_B_seed2801.pth'

Timing:
  Play time               : 12.237 s
  Update time             : 0.928 s
  Time to train epoch     : 13.165 s


Statistics:
  fps step                    : 13,578
  fps step + policy inference : 13,389
  fps total                   : 12,445
  epoch                       : 807 / 1,000
  frames                      : 132,218,880


Policy 0: saving next best rewards:  [189.13]
=> saving checkpoint 'runs/mg_B_seed2801/nn/mg_B_seed2801.pth'

Timing:
  Play time               : 12.237 s
  Update time             : 0.904 s
  Time to train epoch     : 13.141 s


Statistics:
  fps step                    : 13,573
  fps step + policy inference : 13,389
  fps total                   : 12,468
  epoch                       : 808 / 1,000
  frames                      : 132,382,720


Policy 0: 
Timing:
  Play time               : 12.235 s
  Update time             : 0.904 s
  Time to train epoch     : 13.139 s


Statistics:
  fps step                    : 13,574
  fps step + policy inference : 13,391
  fps total                   : 12,469
  epoch                       : 809 / 1,000
  frames                      : 132,546,560


Policy 0: saving next best rewards:  [189.3]
=> saving checkpoint 'runs/mg_B_seed2801/nn/mg_B_seed2801.pth'

Timing:
  Play time               : 12.213 s
  Update time             : 0.886 s
  Time to train epoch     : 13.099 s


Statistics:
  fps step                    : 13,597
  fps step + policy inference : 13,416
  fps total                   : 12,508
  epoch                       : 810 / 1,000
  frames                      : 132,710,400


Policy 0: 
Timing:
  Play time               : 12.253 s
  Update time             : 0.975 s
  Time to train epoch     : 13.228 s


Statistics:
  fps step                    : 13,555
  fps step + policy inference : 13,372
  fps total                   : 12,386
  epoch                       : 811 / 1,000
  frames                      : 132,874,240


Policy 0: 
Timing:
  Play time               : 12.516 s
  Update time             : 1.029 s
  Time to train epoch     : 13.546 s


Statistics:
  fps step                    : 13,264
  fps step + policy inference : 13,090
  fps total                   : 12,095
  epoch                       : 812 / 1,000
  frames                      : 133,038,080


Policy 0: 
Timing:
  Play time               : 12.229 s
  Update time             : 0.990 s
  Time to train epoch     : 13.219 s


Statistics:
  fps step                    : 13,581
  fps step + policy inference : 13,398
  fps total                   : 12,394
  epoch                       : 813 / 1,000
  frames                      : 133,201,920


Policy 0: 
Timing:
  Play time               : 12.228 s
  Update time             : 0.932 s
  Time to train epoch     : 13.160 s


Statistics:
  fps step                    : 13,578
  fps step + policy inference : 13,399
  fps total                   : 12,450
  epoch                       : 814 / 1,000
  frames                      : 133,365,760


Policy 0: 
Timing:
  Play time               : 12.379 s
  Update time             : 0.916 s
  Time to train epoch     : 13.295 s


Statistics:
  fps step                    : 13,414
  fps step + policy inference : 13,235
  fps total                   : 12,323
  epoch                       : 815 / 1,000
  frames                      : 133,529,600


Policy 0: 
Timing:
  Play time               : 12.603 s
  Update time             : 0.888 s
  Time to train epoch     : 13.491 s


Statistics:
  fps step                    : 13,181
  fps step + policy inference : 13,001
  fps total                   : 12,145
  epoch                       : 816 / 1,000
  frames                      : 133,693,440


Policy 0: 
Timing:
  Play time               : 12.618 s
  Update time             : 0.897 s
  Time to train epoch     : 13.516 s


Statistics:
  fps step                    : 13,164
  fps step + policy inference : 12,984
  fps total                   : 12,122
  epoch                       : 817 / 1,000
  frames                      : 133,857,280


Policy 0: saving next best rewards:  [189.51]
=> saving checkpoint 'runs/mg_B_seed2801/nn/mg_B_seed2801.pth'

Timing:
  Play time               : 12.445 s
  Update time             : 0.901 s
  Time to train epoch     : 13.346 s


Statistics:
  fps step                    : 13,349
  fps step + policy inference : 13,165
  fps total                   : 12,276
  epoch                       : 818 / 1,000
  frames                      : 134,021,120


Policy 0: saving next best rewards:  [189.68]
=> saving checkpoint 'runs/mg_B_seed2801/nn/mg_B_seed2801.pth'

Timing:
  Play time               : 12.265 s
  Update time             : 0.981 s
  Time to train epoch     : 13.245 s


Statistics:
  fps step                    : 13,545
  fps step + policy inference : 13,359
  fps total                   : 12,370
  epoch                       : 819 / 1,000
  frames                      : 134,184,960


Policy 0: saving next best rewards:  [189.73]
=> saving checkpoint 'runs/mg_B_seed2801/nn/mg_B_seed2801.pth'

Timing:
  Play time               : 12.363 s
  Update time             : 1.040 s
  Time to train epoch     : 13.403 s


Statistics:
  fps step                    : 13,433
  fps step + policy inference : 13,253
  fps total                   : 12,224
  epoch                       : 820 / 1,000
  frames                      : 134,348,800


Policy 0: 
Timing:
  Play time               : 12.531 s
  Update time             : 0.989 s
  Time to train epoch     : 13.519 s


Statistics:
  fps step                    : 13,254
  fps step + policy inference : 13,075
  fps total                   : 12,119
  epoch                       : 821 / 1,000
  frames                      : 134,512,640


Policy 0: saving next best rewards:  [190.01]
=> saving checkpoint 'runs/mg_B_seed2801/nn/mg_B_seed2801.pth'

Timing:
  Play time               : 12.531 s
  Update time             : 0.915 s
  Time to train epoch     : 13.446 s


Statistics:
  fps step                    : 13,253
  fps step + policy inference : 13,075
  fps total                   : 12,185
  epoch                       : 822 / 1,000
  frames                      : 134,676,480


Policy 0: 
Timing:
  Play time               : 12.321 s
  Update time             : 0.919 s
  Time to train epoch     : 13.241 s


Statistics:
  fps step                    : 13,483
  fps step + policy inference : 13,297
  fps total                   : 12,374
  epoch                       : 823 / 1,000
  frames                      : 134,840,320


Policy 0: 
Timing:
  Play time               : 12.245 s
  Update time             : 0.897 s
  Time to train epoch     : 13.142 s


Statistics:
  fps step                    : 13,567
  fps step + policy inference : 13,380
  fps total                   : 12,467
  epoch                       : 824 / 1,000
  frames                      : 135,004,160


Policy 0: 
Timing:
  Play time               : 12.220 s
  Update time             : 0.925 s
  Time to train epoch     : 13.144 s


Statistics:
  fps step                    : 13,604
  fps step + policy inference : 13,408
  fps total                   : 12,465
  epoch                       : 825 / 1,000
  frames                      : 135,168,000


Policy 0: 
Timing:
  Play time               : 12.196 s
  Update time             : 0.996 s
  Time to train epoch     : 13.192 s


Statistics:
  fps step                    : 13,621
  fps step + policy inference : 13,434
  fps total                   : 12,420
  epoch                       : 826 / 1,000
  frames                      : 135,331,840


Policy 0: 
Timing:
  Play time               : 12.371 s
  Update time             : 1.057 s
  Time to train epoch     : 13.428 s


Statistics:
  fps step                    : 13,428
  fps step + policy inference : 13,244
  fps total                   : 12,202
  epoch                       : 827 / 1,000
  frames                      : 135,495,680


Policy 0: 
Timing:
  Play time               : 12.260 s
  Update time             : 0.957 s
  Time to train epoch     : 13.217 s


Statistics:
  fps step                    : 13,549
  fps step + policy inference : 13,364
  fps total                   : 12,396
  epoch                       : 828 / 1,000
  frames                      : 135,659,520


Policy 0: 
Timing:
  Play time               : 12.396 s
  Update time             : 0.981 s
  Time to train epoch     : 13.377 s


Statistics:
  fps step                    : 13,400
  fps step + policy inference : 13,217
  fps total                   : 12,248
  epoch                       : 829 / 1,000
  frames                      : 135,823,360


Policy 0: 
Timing:
  Play time               : 12.558 s
  Update time             : 0.907 s
  Time to train epoch     : 13.465 s


Statistics:
  fps step                    : 13,226
  fps step + policy inference : 13,047
  fps total                   : 12,168
  epoch                       : 830 / 1,000
  frames                      : 135,987,200


Policy 0: 
Timing:
  Play time               : 12.510 s
  Update time             : 0.902 s
  Time to train epoch     : 13.412 s


Statistics:
  fps step                    : 13,277
  fps step + policy inference : 13,096
  fps total                   : 12,216
  epoch                       : 831 / 1,000
  frames                      : 136,151,040


Policy 0: 
Timing:
  Play time               : 12.266 s
  Update time             : 0.988 s
  Time to train epoch     : 13.254 s


Statistics:
  fps step                    : 13,543
  fps step + policy inference : 13,357
  fps total                   : 12,362
  epoch                       : 832 / 1,000
  frames                      : 136,314,880


Policy 0: 
Timing:
  Play time               : 12.256 s
  Update time             : 1.027 s
  Time to train epoch     : 13.283 s


Statistics:
  fps step                    : 13,560
  fps step + policy inference : 13,368
  fps total                   : 12,335
  epoch                       : 833 / 1,000
  frames                      : 136,478,720


Policy 0: 
Timing:
  Play time               : 12.268 s
  Update time             : 0.971 s
  Time to train epoch     : 13.239 s


Statistics:
  fps step                    : 13,542
  fps step + policy inference : 13,355
  fps total                   : 12,376
  epoch                       : 834 / 1,000
  frames                      : 136,642,560


Policy 0: saving next best rewards:  [190.13]
=> saving checkpoint 'runs/mg_B_seed2801/nn/mg_B_seed2801.pth'

Timing:
  Play time               : 12.298 s
  Update time             : 0.903 s
  Time to train epoch     : 13.200 s


Statistics:
  fps step                    : 13,509
  fps step + policy inference : 13,323
  fps total                   : 12,412
  epoch                       : 835 / 1,000
  frames                      : 136,806,400


Policy 0: saving next best rewards:  [190.44]
=> saving checkpoint 'runs/mg_B_seed2801/nn/mg_B_seed2801.pth'

Timing:
  Play time               : 12.299 s
  Update time             : 0.896 s
  Time to train epoch     : 13.195 s


Statistics:
  fps step                    : 13,505
  fps step + policy inference : 13,321
  fps total                   : 12,417
  epoch                       : 836 / 1,000
  frames                      : 136,970,240


Policy 0: 
Timing:
  Play time               : 12.315 s
  Update time             : 0.900 s
  Time to train epoch     : 13.215 s


Statistics:
  fps step                    : 13,490
  fps step + policy inference : 13,304
  fps total                   : 12,398
  epoch                       : 837 / 1,000
  frames                      : 137,134,080


Policy 0: 
Timing:
  Play time               : 12.277 s
  Update time             : 0.919 s
  Time to train epoch     : 13.196 s


Statistics:
  fps step                    : 13,530
  fps step + policy inference : 13,345
  fps total                   : 12,416
  epoch                       : 838 / 1,000
  frames                      : 137,297,920


Policy 0: 
Timing:
  Play time               : 12.244 s
  Update time             : 0.998 s
  Time to train epoch     : 13.241 s


Statistics:
  fps step                    : 13,567
  fps step + policy inference : 13,382
  fps total                   : 12,373
  epoch                       : 839 / 1,000
  frames                      : 137,461,760


Policy 0: 
Timing:
  Play time               : 12.278 s
  Update time             : 1.044 s
  Time to train epoch     : 13.322 s


Statistics:
  fps step                    : 13,532
  fps step + policy inference : 13,344
  fps total                   : 12,298
  epoch                       : 840 / 1,000
  frames                      : 137,625,600


Policy 0: 
Timing:
  Play time               : 12.277 s
  Update time             : 0.956 s
  Time to train epoch     : 13.233 s


Statistics:
  fps step                    : 13,531
  fps step + policy inference : 13,345
  fps total                   : 12,381
  epoch                       : 841 / 1,000
  frames                      : 137,789,440


Policy 0: 
Timing:
  Play time               : 12.295 s
  Update time             : 0.919 s
  Time to train epoch     : 13.214 s


Statistics:
  fps step                    : 13,514
  fps step + policy inference : 13,325
  fps total                   : 12,399
  epoch                       : 842 / 1,000
  frames                      : 137,953,280


Policy 0: 
Timing:
  Play time               : 12.285 s
  Update time             : 0.906 s
  Time to train epoch     : 13.191 s


Statistics:
  fps step                    : 13,523
  fps step + policy inference : 13,337
  fps total                   : 12,420
  epoch                       : 843 / 1,000
  frames                      : 138,117,120


Policy 0: 
Timing:
  Play time               : 12.281 s
  Update time             : 0.893 s
  Time to train epoch     : 13.174 s


Statistics:
  fps step                    : 13,534
  fps step + policy inference : 13,341
  fps total                   : 12,437
  epoch                       : 844 / 1,000
  frames                      : 138,280,960


Policy 0: 
Timing:
  Play time               : 12.274 s
  Update time             : 0.984 s
  Time to train epoch     : 13.258 s


Statistics:
  fps step                    : 13,536
  fps step + policy inference : 13,348
  fps total                   : 12,358
  epoch                       : 845 / 1,000
  frames                      : 138,444,800


Policy 0: 
Timing:
  Play time               : 12.248 s
  Update time             : 1.032 s
  Time to train epoch     : 13.280 s


Statistics:
  fps step                    : 13,567
  fps step + policy inference : 13,377
  fps total                   : 12,337
  epoch                       : 846 / 1,000
  frames                      : 138,608,640


Policy 0: 
Timing:
  Play time               : 12.287 s
  Update time             : 0.969 s
  Time to train epoch     : 13.256 s


Statistics:
  fps step                    : 13,518
  fps step + policy inference : 13,334
  fps total                   : 12,360
  epoch                       : 847 / 1,000
  frames                      : 138,772,480


Policy 0: saving next best rewards:  [190.5]
=> saving checkpoint 'runs/mg_B_seed2801/nn/mg_B_seed2801.pth'

Timing:
  Play time               : 12.298 s
  Update time             : 0.944 s
  Time to train epoch     : 13.241 s


Statistics:
  fps step                    : 13,519
  fps step + policy inference : 13,323
  fps total                   : 12,373
  epoch                       : 848 / 1,000
  frames                      : 138,936,320


Policy 0: 
Timing:
  Play time               : 12.261 s
  Update time             : 0.926 s
  Time to train epoch     : 13.186 s


Statistics:
  fps step                    : 13,552
  fps step + policy inference : 13,363
  fps total                   : 12,425
  epoch                       : 849 / 1,000
  frames                      : 139,100,160


Policy 0: 
Timing:
  Play time               : 12.250 s
  Update time             : 0.898 s
  Time to train epoch     : 13.148 s


Statistics:
  fps step                    : 13,564
  fps step + policy inference : 13,375
  fps total                   : 12,462
  epoch                       : 850 / 1,000
  frames                      : 139,264,000


Policy 0: saving next best rewards:  [190.57]
=> saving checkpoint 'runs/mg_B_seed2801/nn/mg_B_seed2801.pth'

Timing:
  Play time               : 12.251 s
  Update time             : 0.880 s
  Time to train epoch     : 13.131 s


Statistics:
  fps step                    : 13,560
  fps step + policy inference : 13,374
  fps total                   : 12,478
  epoch                       : 851 / 1,000
  frames                      : 139,427,840


Policy 0: saving next best rewards:  [190.77]
=> saving checkpoint 'runs/mg_B_seed2801/nn/mg_B_seed2801.pth'

Timing:
  Play time               : 12.253 s
  Update time             : 0.888 s
  Time to train epoch     : 13.141 s


Statistics:
  fps step                    : 13,559
  fps step + policy inference : 13,371
  fps total                   : 12,468
  epoch                       : 852 / 1,000
  frames                      : 139,591,680


Policy 0: 
Timing:
  Play time               : 12.241 s
  Update time             : 0.944 s
  Time to train epoch     : 13.185 s


Statistics:
  fps step                    : 13,570
  fps step + policy inference : 13,385
  fps total                   : 12,426
  epoch                       : 853 / 1,000
  frames                      : 139,755,520


Policy 0: 
Timing:
  Play time               : 12.230 s
  Update time             : 1.012 s
  Time to train epoch     : 13.242 s


Statistics:
  fps step                    : 13,585
  fps step + policy inference : 13,397
  fps total                   : 12,373
  epoch                       : 854 / 1,000
  frames                      : 139,919,360


Policy 0: 
Timing:
  Play time               : 12.250 s
  Update time             : 1.008 s
  Time to train epoch     : 13.258 s


Statistics:
  fps step                    : 13,562
  fps step + policy inference : 13,375
  fps total                   : 12,358
  epoch                       : 855 / 1,000
  frames                      : 140,083,200


Policy 0: 
Timing:
  Play time               : 12.263 s
  Update time             : 0.931 s
  Time to train epoch     : 13.194 s


Statistics:
  fps step                    : 13,547
  fps step + policy inference : 13,361
  fps total                   : 12,417
  epoch                       : 856 / 1,000
  frames                      : 140,247,040


Policy 0: saving next best rewards:  [190.79]
=> saving checkpoint 'runs/mg_B_seed2801/nn/mg_B_seed2801.pth'

Timing:
  Play time               : 12.282 s
  Update time             : 0.894 s
  Time to train epoch     : 13.176 s


Statistics:
  fps step                    : 13,526
  fps step + policy inference : 13,339
  fps total                   : 12,435
  epoch                       : 857 / 1,000
  frames                      : 140,410,880


Policy 0: saving next best rewards:  [191.17]
=> saving checkpoint 'runs/mg_B_seed2801/nn/mg_B_seed2801.pth'

Timing:
  Play time               : 12.288 s
  Update time             : 0.917 s
  Time to train epoch     : 13.204 s


Statistics:
  fps step                    : 13,528
  fps step + policy inference : 13,334
  fps total                   : 12,408
  epoch                       : 858 / 1,000
  frames                      : 140,574,720


Policy 0: 
Timing:
  Play time               : 12.275 s
  Update time             : 0.901 s
  Time to train epoch     : 13.176 s


Statistics:
  fps step                    : 13,535
  fps step + policy inference : 13,348
  fps total                   : 12,435
  epoch                       : 859 / 1,000
  frames                      : 140,738,560


Policy 0: 
Timing:
  Play time               : 12.273 s
  Update time             : 0.954 s
  Time to train epoch     : 13.228 s


Statistics:
  fps step                    : 13,538
  fps step + policy inference : 13,349
  fps total                   : 12,386
  epoch                       : 860 / 1,000
  frames                      : 140,902,400


Policy 0: 
Timing:
  Play time               : 12.283 s
  Update time             : 1.003 s
  Time to train epoch     : 13.286 s


Statistics:
  fps step                    : 13,528
  fps step + policy inference : 13,339
  fps total                   : 12,332
  epoch                       : 861 / 1,000
  frames                      : 141,066,240


Policy 0: 
Timing:
  Play time               : 12.218 s
  Update time             : 1.021 s
  Time to train epoch     : 13.239 s


Statistics:
  fps step                    : 13,600
  fps step + policy inference : 13,409
  fps total                   : 12,375
  epoch                       : 862 / 1,000
  frames                      : 141,230,080


Policy 0: 
Timing:
  Play time               : 12.255 s
  Update time             : 0.944 s
  Time to train epoch     : 13.199 s


Statistics:
  fps step                    : 13,562
  fps step + policy inference : 13,369
  fps total                   : 12,413
  epoch                       : 863 / 1,000
  frames                      : 141,393,920


Policy 0: 
Timing:
  Play time               : 12.207 s
  Update time             : 0.968 s
  Time to train epoch     : 13.175 s


Statistics:
  fps step                    : 13,612
  fps step + policy inference : 13,421
  fps total                   : 12,436
  epoch                       : 864 / 1,000
  frames                      : 141,557,760


Policy 0: 
Timing:
  Play time               : 12.219 s
  Update time             : 0.893 s
  Time to train epoch     : 13.113 s


Statistics:
  fps step                    : 13,596
  fps step + policy inference : 13,408
  fps total                   : 12,495
  epoch                       : 865 / 1,000
  frames                      : 141,721,600


Policy 0: 
Timing:
  Play time               : 12.235 s
  Update time             : 0.890 s
  Time to train epoch     : 13.125 s


Statistics:
  fps step                    : 13,577
  fps step + policy inference : 13,391
  fps total                   : 12,483
  epoch                       : 866 / 1,000
  frames                      : 141,885,440


Policy 0: 
Timing:
  Play time               : 12.241 s
  Update time             : 0.920 s
  Time to train epoch     : 13.160 s


Statistics:
  fps step                    : 13,573
  fps step + policy inference : 13,385
  fps total                   : 12,449
  epoch                       : 867 / 1,000
  frames                      : 142,049,280


Policy 0: 
Timing:
  Play time               : 12.205 s
  Update time             : 0.933 s
  Time to train epoch     : 13.138 s


Statistics:
  fps step                    : 13,611
  fps step + policy inference : 13,424
  fps total                   : 12,470
  epoch                       : 868 / 1,000
  frames                      : 142,213,120


Policy 0: 
Timing:
  Play time               : 12.281 s
  Update time             : 0.995 s
  Time to train epoch     : 13.275 s


Statistics:
  fps step                    : 13,534
  fps step + policy inference : 13,341
  fps total                   : 12,342
  epoch                       : 869 / 1,000
  frames                      : 142,376,960


Policy 0: 
Timing:
  Play time               : 12.237 s
  Update time             : 0.988 s
  Time to train epoch     : 13.225 s


Statistics:
  fps step                    : 13,577
  fps step + policy inference : 13,389
  fps total                   : 12,388
  epoch                       : 870 / 1,000
  frames                      : 142,540,800


Policy 0: 
Timing:
  Play time               : 12.281 s
  Update time             : 0.961 s
  Time to train epoch     : 13.242 s


Statistics:
  fps step                    : 13,527
  fps step + policy inference : 13,340
  fps total                   : 12,373
  epoch                       : 871 / 1,000
  frames                      : 142,704,640


Policy 0: 
Timing:
  Play time               : 12.279 s
  Update time             : 0.890 s
  Time to train epoch     : 13.169 s


Statistics:
  fps step                    : 13,530
  fps step + policy inference : 13,343
  fps total                   : 12,442
  epoch                       : 872 / 1,000
  frames                      : 142,868,480


Policy 0: 
Timing:
  Play time               : 12.267 s
  Update time             : 0.904 s
  Time to train epoch     : 13.171 s


Statistics:
  fps step                    : 13,544
  fps step + policy inference : 13,357
  fps total                   : 12,440
  epoch                       : 873 / 1,000
  frames                      : 143,032,320


Policy 0: 
Timing:
  Play time               : 12.233 s
  Update time             : 0.968 s
  Time to train epoch     : 13.201 s


Statistics:
  fps step                    : 13,581
  fps step + policy inference : 13,393
  fps total                   : 12,411
  epoch                       : 874 / 1,000
  frames                      : 143,196,160


Policy 0: 
Timing:
  Play time               : 12.227 s
  Update time             : 1.050 s
  Time to train epoch     : 13.277 s


Statistics:
  fps step                    : 13,590
  fps step + policy inference : 13,400
  fps total                   : 12,340
  epoch                       : 875 / 1,000
  frames                      : 143,360,000


Policy 0: 
Timing:
  Play time               : 12.215 s
  Update time             : 0.997 s
  Time to train epoch     : 13.211 s


Statistics:
  fps step                    : 13,601
  fps step + policy inference : 13,414
  fps total                   : 12,401
  epoch                       : 876 / 1,000
  frames                      : 143,523,840


Policy 0: 
Timing:
  Play time               : 12.225 s
  Update time             : 0.929 s
  Time to train epoch     : 13.154 s


Statistics:
  fps step                    : 13,593
  fps step + policy inference : 13,402
  fps total                   : 12,456
  epoch                       : 877 / 1,000
  frames                      : 143,687,680


Policy 0: 
Timing:
  Play time               : 12.241 s
  Update time             : 0.931 s
  Time to train epoch     : 13.172 s


Statistics:
  fps step                    : 13,573
  fps step + policy inference : 13,385
  fps total                   : 12,439
  epoch                       : 878 / 1,000
  frames                      : 143,851,520


Policy 0: 
Timing:
  Play time               : 12.226 s
  Update time             : 0.916 s
  Time to train epoch     : 13.142 s


Statistics:
  fps step                    : 13,593
  fps step + policy inference : 13,401
  fps total                   : 12,467
  epoch                       : 879 / 1,000
  frames                      : 144,015,360


Policy 0: 
Timing:
  Play time               : 12.271 s
  Update time             : 0.933 s
  Time to train epoch     : 13.204 s


Statistics:
  fps step                    : 13,539
  fps step + policy inference : 13,352
  fps total                   : 12,408
  epoch                       : 880 / 1,000
  frames                      : 144,179,200


Policy 0: 
Timing:
  Play time               : 12.264 s
  Update time             : 0.989 s
  Time to train epoch     : 13.253 s


Statistics:
  fps step                    : 13,548
  fps step + policy inference : 13,360
  fps total                   : 12,363
  epoch                       : 881 / 1,000
  frames                      : 144,343,040


Policy 0: 
Timing:
  Play time               : 12.242 s
  Update time             : 1.005 s
  Time to train epoch     : 13.247 s


Statistics:
  fps step                    : 13,577
  fps step + policy inference : 13,383
  fps total                   : 12,368
  epoch                       : 882 / 1,000
  frames                      : 144,506,880


Policy 0: 
Timing:
  Play time               : 12.221 s
  Update time             : 1.007 s
  Time to train epoch     : 13.228 s


Statistics:
  fps step                    : 13,597
  fps step + policy inference : 13,406
  fps total                   : 12,386
  epoch                       : 883 / 1,000
  frames                      : 144,670,720


Policy 0: 
Timing:
  Play time               : 12.250 s
  Update time             : 0.891 s
  Time to train epoch     : 13.141 s


Statistics:
  fps step                    : 13,561
  fps step + policy inference : 13,375
  fps total                   : 12,468
  epoch                       : 884 / 1,000
  frames                      : 144,834,560


Policy 0: 
Timing:
  Play time               : 12.260 s
  Update time             : 0.899 s
  Time to train epoch     : 13.159 s


Statistics:
  fps step                    : 13,547
  fps step + policy inference : 13,364
  fps total                   : 12,451
  epoch                       : 885 / 1,000
  frames                      : 144,998,400


Policy 0: 
Timing:
  Play time               : 12.226 s
  Update time             : 0.897 s
  Time to train epoch     : 13.123 s


Statistics:
  fps step                    : 13,584
  fps step + policy inference : 13,401
  fps total                   : 12,485
  epoch                       : 886 / 1,000
  frames                      : 145,162,240


Policy 0: 
Timing:
  Play time               : 12.288 s
  Update time             : 0.901 s
  Time to train epoch     : 13.189 s


Statistics:
  fps step                    : 13,515
  fps step + policy inference : 13,333
  fps total                   : 12,422
  epoch                       : 887 / 1,000
  frames                      : 145,326,080


Policy 0: 
Timing:
  Play time               : 12.275 s
  Update time             : 0.987 s
  Time to train epoch     : 13.262 s


Statistics:
  fps step                    : 13,529
  fps step + policy inference : 13,347
  fps total                   : 12,354
  epoch                       : 888 / 1,000
  frames                      : 145,489,920


Policy 0: 
Timing:
  Play time               : 12.252 s
  Update time             : 1.023 s
  Time to train epoch     : 13.274 s


Statistics:
  fps step                    : 13,556
  fps step + policy inference : 13,373
  fps total                   : 12,343
  epoch                       : 889 / 1,000
  frames                      : 145,653,760


Policy 0: 
Timing:
  Play time               : 12.259 s
  Update time             : 0.954 s
  Time to train epoch     : 13.213 s


Statistics:
  fps step                    : 13,548
  fps step + policy inference : 13,365
  fps total                   : 12,400
  epoch                       : 890 / 1,000
  frames                      : 145,817,600


Policy 0: 
Timing:
  Play time               : 12.208 s
  Update time             : 0.915 s
  Time to train epoch     : 13.123 s


Statistics:
  fps step                    : 13,604
  fps step + policy inference : 13,421
  fps total                   : 12,485
  epoch                       : 891 / 1,000
  frames                      : 145,981,440


Policy 0: 
Timing:
  Play time               : 12.148 s
  Update time             : 0.895 s
  Time to train epoch     : 13.042 s


Statistics:
  fps step                    : 13,671
  fps step + policy inference : 13,487
  fps total                   : 12,562
  epoch                       : 892 / 1,000
  frames                      : 146,145,280


Policy 0: 
Timing:
  Play time               : 12.245 s
  Update time             : 0.888 s
  Time to train epoch     : 13.133 s


Statistics:
  fps step                    : 13,564
  fps step + policy inference : 13,380
  fps total                   : 12,475
  epoch                       : 893 / 1,000
  frames                      : 146,309,120


Policy 0: 
Timing:
  Play time               : 12.246 s
  Update time             : 0.902 s
  Time to train epoch     : 13.148 s


Statistics:
  fps step                    : 13,560
  fps step + policy inference : 13,379
  fps total                   : 12,461
  epoch                       : 894 / 1,000
  frames                      : 146,472,960


Policy 0: 
Timing:
  Play time               : 12.200 s
  Update time             : 0.929 s
  Time to train epoch     : 13.129 s


Statistics:
  fps step                    : 13,616
  fps step + policy inference : 13,430
  fps total                   : 12,480
  epoch                       : 895 / 1,000
  frames                      : 146,636,800


Policy 0: 
Timing:
  Play time               : 12.221 s
  Update time             : 1.026 s
  Time to train epoch     : 13.247 s


Statistics:
  fps step                    : 13,589
  fps step + policy inference : 13,406
  fps total                   : 12,368
  epoch                       : 896 / 1,000
  frames                      : 146,800,640


Policy 0: 
Timing:
  Play time               : 12.163 s
  Update time             : 1.010 s
  Time to train epoch     : 13.173 s


Statistics:
  fps step                    : 13,653
  fps step + policy inference : 13,470
  fps total                   : 12,437
  epoch                       : 897 / 1,000
  frames                      : 146,964,480


Policy 0: 
Timing:
  Play time               : 12.441 s
  Update time             : 0.939 s
  Time to train epoch     : 13.380 s


Statistics:
  fps step                    : 13,346
  fps step + policy inference : 13,169
  fps total                   : 12,246
  epoch                       : 898 / 1,000
  frames                      : 147,128,320


Policy 0: 
Timing:
  Play time               : 12.284 s
  Update time             : 0.906 s
  Time to train epoch     : 13.191 s


Statistics:
  fps step                    : 13,516
  fps step + policy inference : 13,337
  fps total                   : 12,421
  epoch                       : 899 / 1,000
  frames                      : 147,292,160


Policy 0: 
Timing:
  Play time               : 12.409 s
  Update time             : 0.969 s
  Time to train epoch     : 13.377 s


Statistics:
  fps step                    : 13,384
  fps step + policy inference : 13,204
  fps total                   : 12,248
  epoch                       : 900 / 1,000
  frames                      : 147,456,000


Policy 0: 
Timing:
  Play time               : 12.362 s
  Update time             : 0.886 s
  Time to train epoch     : 13.248 s


Statistics:
  fps step                    : 13,429
  fps step + policy inference : 13,254
  fps total                   : 12,367
  epoch                       : 901 / 1,000
  frames                      : 147,619,840


Policy 0: 
Timing:
  Play time               : 12.231 s
  Update time             : 0.957 s
  Time to train epoch     : 13.188 s


Statistics:
  fps step                    : 13,578
  fps step + policy inference : 13,395
  fps total                   : 12,423
  epoch                       : 902 / 1,000
  frames                      : 147,783,680


Policy 0: 
Timing:
  Play time               : 12.241 s
  Update time             : 0.977 s
  Time to train epoch     : 13.218 s


Statistics:
  fps step                    : 13,565
  fps step + policy inference : 13,384
  fps total                   : 12,395
  epoch                       : 903 / 1,000
  frames                      : 147,947,520


Policy 0: 
Timing:
  Play time               : 12.211 s
  Update time             : 0.994 s
  Time to train epoch     : 13.205 s


Statistics:
  fps step                    : 13,598
  fps step + policy inference : 13,417
  fps total                   : 12,407
  epoch                       : 904 / 1,000
  frames                      : 148,111,360


Policy 0: 
Timing:
  Play time               : 12.198 s
  Update time             : 0.969 s
  Time to train epoch     : 13.167 s


Statistics:
  fps step                    : 13,611
  fps step + policy inference : 13,431
  fps total                   : 12,443
  epoch                       : 905 / 1,000
  frames                      : 148,275,200


Policy 0: 
Timing:
  Play time               : 12.197 s
  Update time             : 0.898 s
  Time to train epoch     : 13.095 s


Statistics:
  fps step                    : 13,618
  fps step + policy inference : 13,433
  fps total                   : 12,512
  epoch                       : 906 / 1,000
  frames                      : 148,439,040


Policy 0: 
Timing:
  Play time               : 12.171 s
  Update time             : 0.908 s
  Time to train epoch     : 13.079 s


Statistics:
  fps step                    : 13,642
  fps step + policy inference : 13,462
  fps total                   : 12,527
  epoch                       : 907 / 1,000
  frames                      : 148,602,880


Policy 0: 
Timing:
  Play time               : 12.130 s
  Update time             : 0.894 s
  Time to train epoch     : 13.025 s


Statistics:
  fps step                    : 13,689
  fps step + policy inference : 13,507
  fps total                   : 12,579
  epoch                       : 908 / 1,000
  frames                      : 148,766,720


Policy 0: 
Timing:
  Play time               : 12.169 s
  Update time             : 0.956 s
  Time to train epoch     : 13.125 s


Statistics:
  fps step                    : 13,644
  fps step + policy inference : 13,464
  fps total                   : 12,483
  epoch                       : 909 / 1,000
  frames                      : 148,930,560


Policy 0: 
Timing:
  Play time               : 12.218 s
  Update time             : 0.989 s
  Time to train epoch     : 13.207 s


Statistics:
  fps step                    : 13,594
  fps step + policy inference : 13,410
  fps total                   : 12,405
  epoch                       : 910 / 1,000
  frames                      : 149,094,400


Policy 0: 
Timing:
  Play time               : 12.166 s
  Update time             : 0.975 s
  Time to train epoch     : 13.142 s


Statistics:
  fps step                    : 13,649
  fps step + policy inference : 13,467
  fps total                   : 12,467
  epoch                       : 911 / 1,000
  frames                      : 149,258,240


Policy 0: saving next best rewards:  [191.41]
=> saving checkpoint 'runs/mg_B_seed2801/nn/mg_B_seed2801.pth'

Timing:
  Play time               : 12.165 s
  Update time             : 0.945 s
  Time to train epoch     : 13.109 s


Statistics:
  fps step                    : 13,650
  fps step + policy inference : 13,469
  fps total                   : 12,498
  epoch                       : 912 / 1,000
  frames                      : 149,422,080


Policy 0: 
Timing:
  Play time               : 12.187 s
  Update time             : 0.888 s
  Time to train epoch     : 13.075 s


Statistics:
  fps step                    : 13,626
  fps step + policy inference : 13,444
  fps total                   : 12,531
  epoch                       : 913 / 1,000
  frames                      : 149,585,920


Policy 0: 
Timing:
  Play time               : 12.232 s
  Update time             : 0.910 s
  Time to train epoch     : 13.143 s


Statistics:
  fps step                    : 13,577
  fps step + policy inference : 13,394
  fps total                   : 12,466
  epoch                       : 914 / 1,000
  frames                      : 149,749,760


Policy 0: 
Timing:
  Play time               : 12.213 s
  Update time             : 0.899 s
  Time to train epoch     : 13.112 s


Statistics:
  fps step                    : 13,597
  fps step + policy inference : 13,415
  fps total                   : 12,495
  epoch                       : 915 / 1,000
  frames                      : 149,913,600


Policy 0: 
Timing:
  Play time               : 12.194 s
  Update time             : 0.911 s
  Time to train epoch     : 13.105 s


Statistics:
  fps step                    : 13,618
  fps step + policy inference : 13,436
  fps total                   : 12,502
  epoch                       : 916 / 1,000
  frames                      : 150,077,440


Policy 0: 
Timing:
  Play time               : 12.194 s
  Update time             : 0.954 s
  Time to train epoch     : 13.147 s


Statistics:
  fps step                    : 13,617
  fps step + policy inference : 13,436
  fps total                   : 12,462
  epoch                       : 917 / 1,000
  frames                      : 150,241,280


Policy 0: 
Timing:
  Play time               : 12.194 s
  Update time             : 1.014 s
  Time to train epoch     : 13.208 s


Statistics:
  fps step                    : 13,621
  fps step + policy inference : 13,436
  fps total                   : 12,405
  epoch                       : 918 / 1,000
  frames                      : 150,405,120


Policy 0: 
Timing:
  Play time               : 12.248 s
  Update time             : 0.981 s
  Time to train epoch     : 13.229 s


Statistics:
  fps step                    : 13,564
  fps step + policy inference : 13,376
  fps total                   : 12,385
  epoch                       : 919 / 1,000
  frames                      : 150,568,960


Policy 0: 
Timing:
  Play time               : 12.273 s
  Update time             : 0.907 s
  Time to train epoch     : 13.180 s


Statistics:
  fps step                    : 13,529
  fps step + policy inference : 13,349
  fps total                   : 12,431
  epoch                       : 920 / 1,000
  frames                      : 150,732,800


Policy 0: 
Timing:
  Play time               : 12.185 s
  Update time             : 0.901 s
  Time to train epoch     : 13.086 s


Statistics:
  fps step                    : 13,631
  fps step + policy inference : 13,446
  fps total                   : 12,520
  epoch                       : 921 / 1,000
  frames                      : 150,896,640


Policy 0: 
Timing:
  Play time               : 12.168 s
  Update time             : 0.887 s
  Time to train epoch     : 13.054 s


Statistics:
  fps step                    : 13,648
  fps step + policy inference : 13,465
  fps total                   : 12,551
  epoch                       : 922 / 1,000
  frames                      : 151,060,480


Policy 0: 
Timing:
  Play time               : 12.165 s
  Update time             : 0.927 s
  Time to train epoch     : 13.093 s


Statistics:
  fps step                    : 13,652
  fps step + policy inference : 13,468
  fps total                   : 12,514
  epoch                       : 923 / 1,000
  frames                      : 151,224,320


Policy 0: 
Timing:
  Play time               : 12.173 s
  Update time             : 0.983 s
  Time to train epoch     : 13.157 s


Statistics:
  fps step                    : 13,639
  fps step + policy inference : 13,459
  fps total                   : 12,453
  epoch                       : 924 / 1,000
  frames                      : 151,388,160


Policy 0: 
Timing:
  Play time               : 12.181 s
  Update time             : 1.004 s
  Time to train epoch     : 13.185 s


Statistics:
  fps step                    : 13,631
  fps step + policy inference : 13,450
  fps total                   : 12,426
  epoch                       : 925 / 1,000
  frames                      : 151,552,000


Policy 0: 
Timing:
  Play time               : 12.235 s
  Update time             : 0.957 s
  Time to train epoch     : 13.192 s


Statistics:
  fps step                    : 13,574
  fps step + policy inference : 13,391
  fps total                   : 12,419
  epoch                       : 926 / 1,000
  frames                      : 151,715,840


Policy 0: 
Timing:
  Play time               : 12.201 s
  Update time             : 0.913 s
  Time to train epoch     : 13.113 s


Statistics:
  fps step                    : 13,609
  fps step + policy inference : 13,429
  fps total                   : 12,494
  epoch                       : 927 / 1,000
  frames                      : 151,879,680


Policy 0: 
Timing:
  Play time               : 12.146 s
  Update time             : 0.891 s
  Time to train epoch     : 13.038 s


Statistics:
  fps step                    : 13,670
  fps step + policy inference : 13,489
  fps total                   : 12,567
  epoch                       : 928 / 1,000
  frames                      : 152,043,520


Policy 0: 
Timing:
  Play time               : 12.169 s
  Update time             : 0.914 s
  Time to train epoch     : 13.083 s


Statistics:
  fps step                    : 13,648
  fps step + policy inference : 13,464
  fps total                   : 12,524
  epoch                       : 929 / 1,000
  frames                      : 152,207,360


Policy 0: 
Timing:
  Play time               : 12.246 s
  Update time             : 0.922 s
  Time to train epoch     : 13.168 s


Statistics:
  fps step                    : 13,558
  fps step + policy inference : 13,379
  fps total                   : 12,443
  epoch                       : 930 / 1,000
  frames                      : 152,371,200


Policy 0: 
Timing:
  Play time               : 12.192 s
  Update time             : 0.982 s
  Time to train epoch     : 13.174 s


Statistics:
  fps step                    : 13,618
  fps step + policy inference : 13,438
  fps total                   : 12,436
  epoch                       : 931 / 1,000
  frames                      : 152,535,040


Policy 0: 
Timing:
  Play time               : 12.229 s
  Update time             : 1.020 s
  Time to train epoch     : 13.249 s


Statistics:
  fps step                    : 13,578
  fps step + policy inference : 13,398
  fps total                   : 12,366
  epoch                       : 932 / 1,000
  frames                      : 152,698,880


Policy 0: 
Timing:
  Play time               : 12.254 s
  Update time             : 1.001 s
  Time to train epoch     : 13.255 s


Statistics:
  fps step                    : 13,550
  fps step + policy inference : 13,370
  fps total                   : 12,360
  epoch                       : 933 / 1,000
  frames                      : 152,862,720


Policy 0: 
Timing:
  Play time               : 12.278 s
  Update time             : 0.960 s
  Time to train epoch     : 13.238 s


Statistics:
  fps step                    : 13,528
  fps step + policy inference : 13,344
  fps total                   : 12,377
  epoch                       : 934 / 1,000
  frames                      : 153,026,560


Policy 0: 
Timing:
  Play time               : 12.218 s
  Update time             : 0.881 s
  Time to train epoch     : 13.100 s


Statistics:
  fps step                    : 13,590
  fps step + policy inference : 13,410
  fps total                   : 12,507
  epoch                       : 935 / 1,000
  frames                      : 153,190,400


Policy 0: 
Timing:
  Play time               : 12.146 s
  Update time             : 0.908 s
  Time to train epoch     : 13.054 s


Statistics:
  fps step                    : 13,671
  fps step + policy inference : 13,490
  fps total                   : 12,551
  epoch                       : 936 / 1,000
  frames                      : 153,354,240


Policy 0: 
Timing:
  Play time               : 12.198 s
  Update time             : 0.940 s
  Time to train epoch     : 13.138 s


Statistics:
  fps step                    : 13,614
  fps step + policy inference : 13,432
  fps total                   : 12,471
  epoch                       : 937 / 1,000
  frames                      : 153,518,080


Policy 0: 
Timing:
  Play time               : 12.207 s
  Update time             : 0.986 s
  Time to train epoch     : 13.193 s


Statistics:
  fps step                    : 13,610
  fps step + policy inference : 13,422
  fps total                   : 12,418
  epoch                       : 938 / 1,000
  frames                      : 153,681,920


Policy 0: 
Timing:
  Play time               : 12.204 s
  Update time             : 1.045 s
  Time to train epoch     : 13.249 s


Statistics:
  fps step                    : 13,607
  fps step + policy inference : 13,425
  fps total                   : 12,366
  epoch                       : 939 / 1,000
  frames                      : 153,845,760


Policy 0: 
Timing:
  Play time               : 12.188 s
  Update time             : 0.969 s
  Time to train epoch     : 13.157 s


Statistics:
  fps step                    : 13,623
  fps step + policy inference : 13,443
  fps total                   : 12,453
  epoch                       : 940 / 1,000
  frames                      : 154,009,600


Policy 0: 
Timing:
  Play time               : 12.208 s
  Update time             : 0.905 s
  Time to train epoch     : 13.112 s


Statistics:
  fps step                    : 13,602
  fps step + policy inference : 13,421
  fps total                   : 12,495
  epoch                       : 941 / 1,000
  frames                      : 154,173,440


Policy 0: 
Timing:
  Play time               : 12.297 s
  Update time             : 0.954 s
  Time to train epoch     : 13.251 s


Statistics:
  fps step                    : 13,507
  fps step + policy inference : 13,324
  fps total                   : 12,365
  epoch                       : 942 / 1,000
  frames                      : 154,337,280


Policy 0: 
Timing:
  Play time               : 12.478 s
  Update time             : 0.940 s
  Time to train epoch     : 13.418 s


Statistics:
  fps step                    : 13,301
  fps step + policy inference : 13,130
  fps total                   : 12,211
  epoch                       : 943 / 1,000
  frames                      : 154,501,120


Policy 0: 
Timing:
  Play time               : 12.486 s
  Update time             : 0.922 s
  Time to train epoch     : 13.408 s


Statistics:
  fps step                    : 13,297
  fps step + policy inference : 13,122
  fps total                   : 12,219
  epoch                       : 944 / 1,000
  frames                      : 154,664,960


Policy 0: 
Timing:
  Play time               : 12.189 s
  Update time             : 0.981 s
  Time to train epoch     : 13.170 s


Statistics:
  fps step                    : 13,631
  fps step + policy inference : 13,442
  fps total                   : 12,441
  epoch                       : 945 / 1,000
  frames                      : 154,828,800


Policy 0: 
Timing:
  Play time               : 12.195 s
  Update time             : 1.032 s
  Time to train epoch     : 13.227 s


Statistics:
  fps step                    : 13,621
  fps step + policy inference : 13,434
  fps total                   : 12,386
  epoch                       : 946 / 1,000
  frames                      : 154,992,640


Policy 0: 
Timing:
  Play time               : 12.171 s
  Update time             : 0.930 s
  Time to train epoch     : 13.100 s


Statistics:
  fps step                    : 13,643
  fps step + policy inference : 13,462
  fps total                   : 12,507
  epoch                       : 947 / 1,000
  frames                      : 155,156,480


Policy 0: 
Timing:
  Play time               : 12.126 s
  Update time             : 0.906 s
  Time to train epoch     : 13.032 s


Statistics:
  fps step                    : 13,696
  fps step + policy inference : 13,511
  fps total                   : 12,572
  epoch                       : 948 / 1,000
  frames                      : 155,320,320


Policy 0: 
Timing:
  Play time               : 12.173 s
  Update time             : 0.893 s
  Time to train epoch     : 13.066 s


Statistics:
  fps step                    : 13,640
  fps step + policy inference : 13,460
  fps total                   : 12,540
  epoch                       : 949 / 1,000
  frames                      : 155,484,160


Policy 0: 
Timing:
  Play time               : 12.186 s
  Update time             : 0.893 s
  Time to train epoch     : 13.078 s


Statistics:
  fps step                    : 13,627
  fps step + policy inference : 13,445
  fps total                   : 12,528
  epoch                       : 950 / 1,000
  frames                      : 155,648,000


Policy 0: 
Timing:
  Play time               : 12.126 s
  Update time             : 0.931 s
  Time to train epoch     : 13.057 s


Statistics:
  fps step                    : 13,692
  fps step + policy inference : 13,511
  fps total                   : 12,548
  epoch                       : 951 / 1,000
  frames                      : 155,811,840


Policy 0: 
Timing:
  Play time               : 12.173 s
  Update time             : 1.020 s
  Time to train epoch     : 13.192 s


Statistics:
  fps step                    : 13,643
  fps step + policy inference : 13,460
  fps total                   : 12,419
  epoch                       : 952 / 1,000
  frames                      : 155,975,680


Policy 0: 
Timing:
  Play time               : 12.139 s
  Update time             : 1.021 s
  Time to train epoch     : 13.160 s


Statistics:
  fps step                    : 13,679
  fps step + policy inference : 13,497
  fps total                   : 12,450
  epoch                       : 953 / 1,000
  frames                      : 156,139,520


Policy 0: 
Timing:
  Play time               : 12.225 s
  Update time             : 0.960 s
  Time to train epoch     : 13.185 s


Statistics:
  fps step                    : 13,589
  fps step + policy inference : 13,402
  fps total                   : 12,426
  epoch                       : 954 / 1,000
  frames                      : 156,303,360


Policy 0: 
Timing:
  Play time               : 12.258 s
  Update time             : 0.908 s
  Time to train epoch     : 13.166 s


Statistics:
  fps step                    : 13,545
  fps step + policy inference : 13,366
  fps total                   : 12,444
  epoch                       : 955 / 1,000
  frames                      : 156,467,200


Policy 0: saving next best rewards:  [191.5]
=> saving checkpoint 'runs/mg_B_seed2801/nn/mg_B_seed2801.pth'

Timing:
  Play time               : 12.196 s
  Update time             : 0.910 s
  Time to train epoch     : 13.107 s


Statistics:
  fps step                    : 13,616
  fps step + policy inference : 13,434
  fps total                   : 12,501
  epoch                       : 956 / 1,000
  frames                      : 156,631,040


Policy 0: saving next best rewards:  [191.67]
=> saving checkpoint 'runs/mg_B_seed2801/nn/mg_B_seed2801.pth'

Timing:
  Play time               : 12.202 s
  Update time             : 0.935 s
  Time to train epoch     : 13.137 s


Statistics:
  fps step                    : 13,613
  fps step + policy inference : 13,427
  fps total                   : 12,472
  epoch                       : 957 / 1,000
  frames                      : 156,794,880


Policy 0: 
Timing:
  Play time               : 12.210 s
  Update time             : 1.028 s
  Time to train epoch     : 13.237 s


Statistics:
  fps step                    : 13,601
  fps step + policy inference : 13,419
  fps total                   : 12,377
  epoch                       : 958 / 1,000
  frames                      : 156,958,720


Policy 0: 
Timing:
  Play time               : 12.199 s
  Update time             : 1.018 s
  Time to train epoch     : 13.217 s


Statistics:
  fps step                    : 13,618
  fps step + policy inference : 13,431
  fps total                   : 12,397
  epoch                       : 959 / 1,000
  frames                      : 157,122,560


Policy 0: 
Timing:
  Play time               : 12.210 s
  Update time             : 0.907 s
  Time to train epoch     : 13.116 s


Statistics:
  fps step                    : 13,598
  fps step + policy inference : 13,419
  fps total                   : 12,491
  epoch                       : 960 / 1,000
  frames                      : 157,286,400


Policy 0: 
Timing:
  Play time               : 12.146 s
  Update time             : 0.901 s
  Time to train epoch     : 13.047 s


Statistics:
  fps step                    : 13,673
  fps step + policy inference : 13,489
  fps total                   : 12,558
  epoch                       : 961 / 1,000
  frames                      : 157,450,240


Policy 0: 
Timing:
  Play time               : 12.123 s
  Update time             : 0.885 s
  Time to train epoch     : 13.009 s


Statistics:
  fps step                    : 13,700
  fps step + policy inference : 13,514
  fps total                   : 12,595
  epoch                       : 962 / 1,000
  frames                      : 157,614,080


Policy 0: 
Timing:
  Play time               : 12.169 s
  Update time             : 0.888 s
  Time to train epoch     : 13.056 s


Statistics:
  fps step                    : 13,651
  fps step + policy inference : 13,464
  fps total                   : 12,549
  epoch                       : 963 / 1,000
  frames                      : 157,777,920


Policy 0: 
Timing:
  Play time               : 12.248 s
  Update time             : 0.925 s
  Time to train epoch     : 13.174 s


Statistics:
  fps step                    : 13,555
  fps step + policy inference : 13,376
  fps total                   : 12,437
  epoch                       : 964 / 1,000
  frames                      : 157,941,760


Policy 0: 
Timing:
  Play time               : 12.294 s
  Update time             : 0.991 s
  Time to train epoch     : 13.285 s


Statistics:
  fps step                    : 13,502
  fps step + policy inference : 13,327
  fps total                   : 12,333
  epoch                       : 965 / 1,000
  frames                      : 158,105,600


Policy 0: saving next best rewards:  [191.76]
=> saving checkpoint 'runs/mg_B_seed2801/nn/mg_B_seed2801.pth'

Timing:
  Play time               : 12.305 s
  Update time             : 1.009 s
  Time to train epoch     : 13.315 s


Statistics:
  fps step                    : 13,495
  fps step + policy inference : 13,315
  fps total                   : 12,305
  epoch                       : 966 / 1,000
  frames                      : 158,269,440


Policy 0: 
Timing:
  Play time               : 12.272 s
  Update time             : 0.956 s
  Time to train epoch     : 13.228 s


Statistics:
  fps step                    : 13,530
  fps step + policy inference : 13,351
  fps total                   : 12,385
  epoch                       : 967 / 1,000
  frames                      : 158,433,280


Policy 0: 
Timing:
  Play time               : 12.233 s
  Update time             : 0.890 s
  Time to train epoch     : 13.123 s


Statistics:
  fps step                    : 13,573
  fps step + policy inference : 13,393
  fps total                   : 12,485
  epoch                       : 968 / 1,000
  frames                      : 158,597,120


Policy 0: 
Timing:
  Play time               : 12.208 s
  Update time             : 0.877 s
  Time to train epoch     : 13.084 s


Statistics:
  fps step                    : 13,602
  fps step + policy inference : 13,421
  fps total                   : 12,522
  epoch                       : 969 / 1,000
  frames                      : 158,760,960


Policy 0: 
Timing:
  Play time               : 12.194 s
  Update time             : 0.900 s
  Time to train epoch     : 13.094 s


Statistics:
  fps step                    : 13,617
  fps step + policy inference : 13,437
  fps total                   : 12,513
  epoch                       : 970 / 1,000
  frames                      : 158,924,800


Policy 0: 
Timing:
  Play time               : 12.170 s
  Update time             : 0.989 s
  Time to train epoch     : 13.159 s


Statistics:
  fps step                    : 13,645
  fps step + policy inference : 13,463
  fps total                   : 12,451
  epoch                       : 971 / 1,000
  frames                      : 159,088,640


Policy 0: saving next best rewards:  [191.83]
=> saving checkpoint 'runs/mg_B_seed2801/nn/mg_B_seed2801.pth'

Timing:
  Play time               : 12.190 s
  Update time             : 1.034 s
  Time to train epoch     : 13.223 s


Statistics:
  fps step                    : 13,623
  fps step + policy inference : 13,441
  fps total                   : 12,390
  epoch                       : 972 / 1,000
  frames                      : 159,252,480


Policy 0: saving next best rewards:  [192.06]
=> saving checkpoint 'runs/mg_B_seed2801/nn/mg_B_seed2801.pth'

Timing:
  Play time               : 12.203 s
  Update time             : 0.979 s
  Time to train epoch     : 13.183 s


Statistics:
  fps step                    : 13,609
  fps step + policy inference : 13,426
  fps total                   : 12,429
  epoch                       : 973 / 1,000
  frames                      : 159,416,320


Policy 0: saving next best rewards:  [192.14]
=> saving checkpoint 'runs/mg_B_seed2801/nn/mg_B_seed2801.pth'

Timing:
  Play time               : 12.206 s
  Update time             : 0.960 s
  Time to train epoch     : 13.166 s


Statistics:
  fps step                    : 13,604
  fps step + policy inference : 13,423
  fps total                   : 12,444
  epoch                       : 974 / 1,000
  frames                      : 159,580,160


Policy 0: 
Timing:
  Play time               : 12.215 s
  Update time             : 0.910 s
  Time to train epoch     : 13.125 s


Statistics:
  fps step                    : 13,603
  fps step + policy inference : 13,413
  fps total                   : 12,483
  epoch                       : 975 / 1,000
  frames                      : 159,744,000


Policy 0: 
Timing:
  Play time               : 12.227 s
  Update time             : 0.912 s
  Time to train epoch     : 13.139 s


Statistics:
  fps step                    : 13,580
  fps step + policy inference : 13,400
  fps total                   : 12,470
  epoch                       : 976 / 1,000
  frames                      : 159,907,840


Policy 0: saving next best rewards:  [192.23]
=> saving checkpoint 'runs/mg_B_seed2801/nn/mg_B_seed2801.pth'

Timing:
  Play time               : 12.247 s
  Update time             : 0.912 s
  Time to train epoch     : 13.159 s


Statistics:
  fps step                    : 13,561
  fps step + policy inference : 13,378
  fps total                   : 12,451
  epoch                       : 977 / 1,000
  frames                      : 160,071,680


Policy 0: 
Timing:
  Play time               : 12.255 s
  Update time             : 0.929 s
  Time to train epoch     : 13.183 s


Statistics:
  fps step                    : 13,549
  fps step + policy inference : 13,369
  fps total                   : 12,428
  epoch                       : 978 / 1,000
  frames                      : 160,235,520


Policy 0: 
Timing:
  Play time               : 12.193 s
  Update time             : 1.038 s
  Time to train epoch     : 13.231 s


Statistics:
  fps step                    : 13,621
  fps step + policy inference : 13,437
  fps total                   : 12,383
  epoch                       : 979 / 1,000
  frames                      : 160,399,360


Policy 0: 
Timing:
  Play time               : 12.201 s
  Update time             : 1.016 s
  Time to train epoch     : 13.216 s


Statistics:
  fps step                    : 13,609
  fps step + policy inference : 13,429
  fps total                   : 12,397
  epoch                       : 980 / 1,000
  frames                      : 160,563,200


Policy 0: 
Timing:
  Play time               : 12.236 s
  Update time             : 0.939 s
  Time to train epoch     : 13.175 s


Statistics:
  fps step                    : 13,569
  fps step + policy inference : 13,390
  fps total                   : 12,436
  epoch                       : 981 / 1,000
  frames                      : 160,727,040


Policy 0: 
Timing:
  Play time               : 12.217 s
  Update time             : 0.915 s
  Time to train epoch     : 13.132 s


Statistics:
  fps step                    : 13,591
  fps step + policy inference : 13,410
  fps total                   : 12,476
  epoch                       : 982 / 1,000
  frames                      : 160,890,880


Policy 0: 
Timing:
  Play time               : 12.195 s
  Update time             : 0.889 s
  Time to train epoch     : 13.084 s


Statistics:
  fps step                    : 13,617
  fps step + policy inference : 13,436
  fps total                   : 12,522
  epoch                       : 983 / 1,000
  frames                      : 161,054,720


Policy 0: 
Timing:
  Play time               : 12.193 s
  Update time             : 0.955 s
  Time to train epoch     : 13.148 s


Statistics:
  fps step                    : 13,616
  fps step + policy inference : 13,437
  fps total                   : 12,462
  epoch                       : 984 / 1,000
  frames                      : 161,218,560


Policy 0: 
Timing:
  Play time               : 12.216 s
  Update time             : 1.028 s
  Time to train epoch     : 13.244 s


Statistics:
  fps step                    : 13,592
  fps step + policy inference : 13,412
  fps total                   : 12,371
  epoch                       : 985 / 1,000
  frames                      : 161,382,400


Policy 0: 
Timing:
  Play time               : 12.214 s
  Update time             : 0.976 s
  Time to train epoch     : 13.189 s


Statistics:
  fps step                    : 13,594
  fps step + policy inference : 13,415
  fps total                   : 12,422
  epoch                       : 986 / 1,000
  frames                      : 161,546,240


Policy 0: 
Timing:
  Play time               : 12.193 s
  Update time             : 0.924 s
  Time to train epoch     : 13.117 s


Statistics:
  fps step                    : 13,615
  fps step + policy inference : 13,437
  fps total                   : 12,491
  epoch                       : 987 / 1,000
  frames                      : 161,710,080


Policy 0: 
Timing:
  Play time               : 12.123 s
  Update time             : 0.892 s
  Time to train epoch     : 13.015 s


Statistics:
  fps step                    : 13,694
  fps step + policy inference : 13,515
  fps total                   : 12,589
  epoch                       : 988 / 1,000
  frames                      : 161,873,920


Policy 0: 
Timing:
  Play time               : 12.173 s
  Update time             : 0.907 s
  Time to train epoch     : 13.079 s


Statistics:
  fps step                    : 13,642
  fps step + policy inference : 13,460
  fps total                   : 12,526
  epoch                       : 989 / 1,000
  frames                      : 162,037,760


Policy 0: 
Timing:
  Play time               : 12.180 s
  Update time             : 0.949 s
  Time to train epoch     : 13.129 s


Statistics:
  fps step                    : 13,633
  fps step + policy inference : 13,451
  fps total                   : 12,479
  epoch                       : 990 / 1,000
  frames                      : 162,201,600


Policy 0: 
Timing:
  Play time               : 12.162 s
  Update time             : 0.982 s
  Time to train epoch     : 13.145 s


Statistics:
  fps step                    : 13,652
  fps step + policy inference : 13,471
  fps total                   : 12,464
  epoch                       : 991 / 1,000
  frames                      : 162,365,440


Policy 0: 
Timing:
  Play time               : 12.203 s
  Update time             : 1.011 s
  Time to train epoch     : 13.214 s


Statistics:
  fps step                    : 13,609
  fps step + policy inference : 13,426
  fps total                   : 12,399
  epoch                       : 992 / 1,000
  frames                      : 162,529,280


Policy 0: 
Timing:
  Play time               : 12.186 s
  Update time             : 1.003 s
  Time to train epoch     : 13.189 s


Statistics:
  fps step                    : 13,627
  fps step + policy inference : 13,445
  fps total                   : 12,423
  epoch                       : 993 / 1,000
  frames                      : 162,693,120


Policy 0: 
Timing:
  Play time               : 12.167 s
  Update time             : 0.908 s
  Time to train epoch     : 13.075 s


Statistics:
  fps step                    : 13,651
  fps step + policy inference : 13,466
  fps total                   : 12,531
  epoch                       : 994 / 1,000
  frames                      : 162,856,960


Policy 0: 
Timing:
  Play time               : 12.190 s
  Update time             : 0.908 s
  Time to train epoch     : 13.097 s


Statistics:
  fps step                    : 13,620
  fps step + policy inference : 13,441
  fps total                   : 12,509
  epoch                       : 995 / 1,000
  frames                      : 163,020,800


Policy 0: 
Timing:
  Play time               : 12.182 s
  Update time             : 0.910 s
  Time to train epoch     : 13.092 s


Statistics:
  fps step                    : 13,633
  fps step + policy inference : 13,449
  fps total                   : 12,514
  epoch                       : 996 / 1,000
  frames                      : 163,184,640


Policy 0: 
Timing:
  Play time               : 12.165 s
  Update time             : 0.945 s
  Time to train epoch     : 13.110 s


Statistics:
  fps step                    : 13,651
  fps step + policy inference : 13,468
  fps total                   : 12,497
  epoch                       : 997 / 1,000
  frames                      : 163,348,480


Policy 0: 
Timing:
  Play time               : 12.145 s
  Update time             : 1.036 s
  Time to train epoch     : 13.181 s


Statistics:
  fps step                    : 13,675
  fps step + policy inference : 13,490
  fps total                   : 12,430
  epoch                       : 998 / 1,000
  frames                      : 163,512,320


Policy 0: 
Timing:
  Play time               : 12.171 s
  Update time             : 0.994 s
  Time to train epoch     : 13.165 s


Statistics:
  fps step                    : 13,643
  fps step + policy inference : 13,462
  fps total                   : 12,445
  epoch                       : 999 / 1,000
  frames                      : 163,676,160


Policy 0: 
Timing:
  Play time               : 12.194 s
  Update time             : 0.927 s
  Time to train epoch     : 13.121 s


Statistics:
  fps step                    : 13,616
  fps step + policy inference : 13,436
  fps total                   : 12,486
  epoch                       : 1,000 / 1,000
  frames                      : 163,840,000


Policy 0: Saved recovery checkpoint runs/mg_B_seed2801/checkpoints/epoch_001000.pth; evaluation_due=True
=> saving checkpoint 'runs/mg_B_seed2801/nn/last_mg_B_seed2801_ep_1000_rew__190.78_.pth'
MAX EPOCHS NUM!
