Importing module 'gym_38' (/home/wangjiarui/artgym-runtime/opt/isaacgym/python/isaacgym/_bindings/linux-x86_64/gym_38.so)
[Warning] [carb] unknown type for the object '/home/wangjiarui/artgym-runtime/opt/isaacgym/python/isaacgym/_bindings/linux-x86_64//libboost_python36.so' {d_type = 0x00000000}
[Warning] [carb] unknown type for the object '/home/wangjiarui/artgym-runtime/opt/isaacgym/python/isaacgym/_bindings/linux-x86_64//libboost_regex.so' {d_type = 0x00000000}
[Warning] [carb] unknown type for the object '/home/wangjiarui/artgym-runtime/opt/isaacgym/python/isaacgym/_bindings/linux-x86_64//libpython3.6m.so' {d_type = 0x00000000}
[Warning] [carb] unknown type for the object '/home/wangjiarui/artgym-runtime/opt/isaacgym/python/isaacgym/_bindings/linux-x86_64//libGLEW.so' {d_type = 0x00000000}
[Warning] [carb] unknown type for the object '/home/wangjiarui/artgym-runtime/opt/isaacgym/python/isaacgym/_bindings/linux-x86_64//libboost_atomic.so' {d_type = 0x00000000}
[Warning] [carb] unknown type for the object '/home/wangjiarui/artgym-runtime/opt/isaacgym/python/isaacgym/_bindings/linux-x86_64//libembree.so' {d_type = 0x00000000}
[Warning] [carb] unknown type for the object '/home/wangjiarui/artgym-runtime/opt/isaacgym/python/isaacgym/_bindings/linux-x86_64//libembree.so.2' {d_type = 0x00000000}
[Warning] [carb] unknown type for the object '/home/wangjiarui/artgym-runtime/opt/isaacgym/python/isaacgym/_bindings/linux-x86_64//libjemalloc.so' {d_type = 0x00000000}
[Warning] [carb] unknown type for the object '/home/wangjiarui/artgym-runtime/opt/isaacgym/python/isaacgym/_bindings/linux-x86_64//libboost_python27.so' {d_type = 0x00000000}
[Warning] [carb] unknown type for the object '/home/wangjiarui/artgym-runtime/opt/isaacgym/python/isaacgym/_bindings/linux-x86_64//libGLEW.so.2.0' {d_type = 0x00000000}
[Warning] [carb] unknown type for the object '/home/wangjiarui/artgym-runtime/opt/isaacgym/python/isaacgym/_bindings/linux-x86_64//libosdCPU.so' {d_type = 0x00000000}
[Warning] [carb] unknown type for the object '/home/wangjiarui/artgym-runtime/opt/isaacgym/python/isaacgym/_bindings/linux-x86_64//libboost_program_options.so' {d_type = 0x00000000}
[Warning] [carb] unknown type for the object '/home/wangjiarui/artgym-runtime/opt/isaacgym/python/isaacgym/_bindings/linux-x86_64//libosdGPU.so' {d_type = 0x00000000}
[Warning] [carb] unknown type for the object '/home/wangjiarui/artgym-runtime/opt/isaacgym/python/isaacgym/_bindings/linux-x86_64//libboost_thread.so' {d_type = 0x00000000}
[Warning] [carb] unknown type for the object '/home/wangjiarui/artgym-runtime/opt/isaacgym/python/isaacgym/_bindings/linux-x86_64//libboost_filesystem.so' {d_type = 0x00000000}
[Warning] [carb] unknown type for the object '/home/wangjiarui/artgym-runtime/opt/isaacgym/python/isaacgym/_bindings/linux-x86_64//libboost_date_time.so' {d_type = 0x00000000}
[Warning] [carb] unknown type for the object '/home/wangjiarui/artgym-runtime/opt/isaacgym/python/isaacgym/_bindings/linux-x86_64//libboost_system.so' {d_type = 0x00000000}
[Warning] [carb] unknown type for the object '/home/wangjiarui/artgym-runtime/opt/isaacgym/python/isaacgym/_bindings/linux-x86_64//libboost_python36.so' {d_type = 0x00000000}
[Warning] [carb] unknown type for the object '/home/wangjiarui/artgym-runtime/opt/isaacgym/python/isaacgym/_bindings/linux-x86_64//libboost_regex.so' {d_type = 0x00000000}
[Warning] [carb] unknown type for the object '/home/wangjiarui/artgym-runtime/opt/isaacgym/python/isaacgym/_bindings/linux-x86_64//libpython3.6m.so' {d_type = 0x00000000}
[Warning] [carb] unknown type for the object '/home/wangjiarui/artgym-runtime/opt/isaacgym/python/isaacgym/_bindings/linux-x86_64//libGLEW.so' {d_type = 0x00000000}
[Warning] [carb] unknown type for the object '/home/wangjiarui/artgym-runtime/opt/isaacgym/python/isaacgym/_bindings/linux-x86_64//libboost_atomic.so' {d_type = 0x00000000}
[Warning] [carb] unknown type for the object '/home/wangjiarui/artgym-runtime/opt/isaacgym/python/isaacgym/_bindings/linux-x86_64//libembree.so' {d_type = 0x00000000}
[Warning] [carb] unknown type for the object '/home/wangjiarui/artgym-runtime/opt/isaacgym/python/isaacgym/_bindings/linux-x86_64//libembree.so.2' {d_type = 0x00000000}
[Warning] [carb] unknown type for the object '/home/wangjiarui/artgym-runtime/opt/isaacgym/python/isaacgym/_bindings/linux-x86_64//libjemalloc.so' {d_type = 0x00000000}
[Warning] [carb] unknown type for the object '/home/wangjiarui/artgym-runtime/opt/isaacgym/python/isaacgym/_bindings/linux-x86_64//libboost_python27.so' {d_type = 0x00000000}
[Warning] [carb] unknown type for the object '/home/wangjiarui/artgym-runtime/opt/isaacgym/python/isaacgym/_bindings/linux-x86_64//libGLEW.so.2.0' {d_type = 0x00000000}
[Warning] [carb] unknown type for the object '/home/wangjiarui/artgym-runtime/opt/isaacgym/python/isaacgym/_bindings/linux-x86_64//libosdCPU.so' {d_type = 0x00000000}
[Warning] [carb] unknown type for the object '/home/wangjiarui/artgym-runtime/opt/isaacgym/python/isaacgym/_bindings/linux-x86_64//libboost_program_options.so' {d_type = 0x00000000}
[Warning] [carb] unknown type for the object '/home/wangjiarui/artgym-runtime/opt/isaacgym/python/isaacgym/_bindings/linux-x86_64//libosdGPU.so' {d_type = 0x00000000}
[Warning] [carb] unknown type for the object '/home/wangjiarui/artgym-runtime/opt/isaacgym/python/isaacgym/_bindings/linux-x86_64//libboost_thread.so' {d_type = 0x00000000}
[Warning] [carb] unknown type for the object '/home/wangjiarui/artgym-runtime/opt/isaacgym/python/isaacgym/_bindings/linux-x86_64//libboost_filesystem.so' {d_type = 0x00000000}
[Warning] [carb] unknown type for the object '/home/wangjiarui/artgym-runtime/opt/isaacgym/python/isaacgym/_bindings/linux-x86_64//libboost_date_time.so' {d_type = 0x00000000}
[Warning] [carb] unknown type for the object '/home/wangjiarui/artgym-runtime/opt/isaacgym/python/isaacgym/_bindings/linux-x86_64//libboost_system.so' {d_type = 0x00000000}
[Warning] [carb] unknown type for the object '/home/wangjiarui/artgym-runtime/opt/isaacgym/python/isaacgym/_bindings/linux-x86_64//libboost_python36.so' {d_type = 0x00000000}
[Warning] [carb] unknown type for the object '/home/wangjiarui/artgym-runtime/opt/isaacgym/python/isaacgym/_bindings/linux-x86_64//libboost_regex.so' {d_type = 0x00000000}
[Warning] [carb] unknown type for the object '/home/wangjiarui/artgym-runtime/opt/isaacgym/python/isaacgym/_bindings/linux-x86_64//libpython3.6m.so' {d_type = 0x00000000}
[Warning] [carb] unknown type for the object '/home/wangjiarui/artgym-runtime/opt/isaacgym/python/isaacgym/_bindings/linux-x86_64//libGLEW.so' {d_type = 0x00000000}
[Warning] [carb] unknown type for the object '/home/wangjiarui/artgym-runtime/opt/isaacgym/python/isaacgym/_bindings/linux-x86_64//libboost_atomic.so' {d_type = 0x00000000}
[Warning] [carb] unknown type for the object '/home/wangjiarui/artgym-runtime/opt/isaacgym/python/isaacgym/_bindings/linux-x86_64//libembree.so' {d_type = 0x00000000}
[Warning] [carb] unknown type for the object '/home/wangjiarui/artgym-runtime/opt/isaacgym/python/isaacgym/_bindings/linux-x86_64//libembree.so.2' {d_type = 0x00000000}
[Warning] [carb] unknown type for the object '/home/wangjiarui/artgym-runtime/opt/isaacgym/python/isaacgym/_bindings/linux-x86_64//libjemalloc.so' {d_type = 0x00000000}
[Warning] [carb] unknown type for the object '/home/wangjiarui/artgym-runtime/opt/isaacgym/python/isaacgym/_bindings/linux-x86_64//libboost_python27.so' {d_type = 0x00000000}
[Warning] [carb] unknown type for the object '/home/wangjiarui/artgym-runtime/opt/isaacgym/python/isaacgym/_bindings/linux-x86_64//libGLEW.so.2.0' {d_type = 0x00000000}
[Warning] [carb] unknown type for the object '/home/wangjiarui/artgym-runtime/opt/isaacgym/python/isaacgym/_bindings/linux-x86_64//libosdCPU.so' {d_type = 0x00000000}
[Warning] [carb] unknown type for the object '/home/wangjiarui/artgym-runtime/opt/isaacgym/python/isaacgym/_bindings/linux-x86_64//libboost_program_options.so' {d_type = 0x00000000}
[Warning] [carb] unknown type for the object '/home/wangjiarui/artgym-runtime/opt/isaacgym/python/isaacgym/_bindings/linux-x86_64//libosdGPU.so' {d_type = 0x00000000}
[Warning] [carb] unknown type for the object '/home/wangjiarui/artgym-runtime/opt/isaacgym/python/isaacgym/_bindings/linux-x86_64//libboost_thread.so' {d_type = 0x00000000}
[Warning] [carb] unknown type for the object '/home/wangjiarui/artgym-runtime/opt/isaacgym/python/isaacgym/_bindings/linux-x86_64//libboost_filesystem.so' {d_type = 0x00000000}
[Warning] [carb] unknown type for the object '/home/wangjiarui/artgym-runtime/opt/isaacgym/python/isaacgym/_bindings/linux-x86_64//libboost_date_time.so' {d_type = 0x00000000}
[Warning] [carb] unknown type for the object '/home/wangjiarui/artgym-runtime/opt/isaacgym/python/isaacgym/_bindings/linux-x86_64//libboost_system.so' {d_type = 0x00000000}
[Warning] [carb] unknown type for the object '/home/wangjiarui/artgym-runtime/opt/isaacgym/python/isaacgym/_bindings/linux-x86_64//libboost_python36.so' {d_type = 0x00000000}
[Warning] [carb] unknown type for the object '/home/wangjiarui/artgym-runtime/opt/isaacgym/python/isaacgym/_bindings/linux-x86_64//libboost_regex.so' {d_type = 0x00000000}
[Warning] [carb] unknown type for the object '/home/wangjiarui/artgym-runtime/opt/isaacgym/python/isaacgym/_bindings/linux-x86_64//libpython3.6m.so' {d_type = 0x00000000}
[Warning] [carb] unknown type for the object '/home/wangjiarui/artgym-runtime/opt/isaacgym/python/isaacgym/_bindings/linux-x86_64//libGLEW.so' {d_type = 0x00000000}
[Warning] [carb] unknown type for the object '/home/wangjiarui/artgym-runtime/opt/isaacgym/python/isaacgym/_bindings/linux-x86_64//libboost_atomic.so' {d_type = 0x00000000}
[Warning] [carb] unknown type for the object '/home/wangjiarui/artgym-runtime/opt/isaacgym/python/isaacgym/_bindings/linux-x86_64//libembree.so' {d_type = 0x00000000}
[Warning] [carb] unknown type for the object '/home/wangjiarui/artgym-runtime/opt/isaacgym/python/isaacgym/_bindings/linux-x86_64//libembree.so.2' {d_type = 0x00000000}
[Warning] [carb] unknown type for the object '/home/wangjiarui/artgym-runtime/opt/isaacgym/python/isaacgym/_bindings/linux-x86_64//libjemalloc.so' {d_type = 0x00000000}
[Warning] [carb] unknown type for the object '/home/wangjiarui/artgym-runtime/opt/isaacgym/python/isaacgym/_bindings/linux-x86_64//libboost_python27.so' {d_type = 0x00000000}
[Warning] [carb] unknown type for the object '/home/wangjiarui/artgym-runtime/opt/isaacgym/python/isaacgym/_bindings/linux-x86_64//libGLEW.so.2.0' {d_type = 0x00000000}
[Warning] [carb] unknown type for the object '/home/wangjiarui/artgym-runtime/opt/isaacgym/python/isaacgym/_bindings/linux-x86_64//libosdCPU.so' {d_type = 0x00000000}
[Warning] [carb] unknown type for the object '/home/wangjiarui/artgym-runtime/opt/isaacgym/python/isaacgym/_bindings/linux-x86_64//libboost_program_options.so' {d_type = 0x00000000}
[Warning] [carb] unknown type for the object '/home/wangjiarui/artgym-runtime/opt/isaacgym/python/isaacgym/_bindings/linux-x86_64//libosdGPU.so' {d_type = 0x00000000}
[Warning] [carb] unknown type for the object '/home/wangjiarui/artgym-runtime/opt/isaacgym/python/isaacgym/_bindings/linux-x86_64//libboost_thread.so' {d_type = 0x00000000}
[Warning] [carb] unknown type for the object '/home/wangjiarui/artgym-runtime/opt/isaacgym/python/isaacgym/_bindings/linux-x86_64//libboost_filesystem.so' {d_type = 0x00000000}
[Warning] [carb] unknown type for the object '/home/wangjiarui/artgym-runtime/opt/isaacgym/python/isaacgym/_bindings/linux-x86_64//libboost_date_time.so' {d_type = 0x00000000}
[Warning] [carb] unknown type for the object '/home/wangjiarui/artgym-runtime/opt/isaacgym/python/isaacgym/_bindings/linux-x86_64//libboost_system.so' {d_type = 0x00000000}
[Warning] [carb] unknown type for the object '/home/wangjiarui/artgym-runtime/opt/isaacgym/python/isaacgym/_bindings/linux-x86_64//libboost_python36.so' {d_type = 0x00000000}
[Warning] [carb] unknown type for the object '/home/wangjiarui/artgym-runtime/opt/isaacgym/python/isaacgym/_bindings/linux-x86_64//libboost_regex.so' {d_type = 0x00000000}
[Warning] [carb] unknown type for the object '/home/wangjiarui/artgym-runtime/opt/isaacgym/python/isaacgym/_bindings/linux-x86_64//libpython3.6m.so' {d_type = 0x00000000}
[Warning] [carb] unknown type for the object '/home/wangjiarui/artgym-runtime/opt/isaacgym/python/isaacgym/_bindings/linux-x86_64//libGLEW.so' {d_type = 0x00000000}
[Warning] [carb] unknown type for the object '/home/wangjiarui/artgym-runtime/opt/isaacgym/python/isaacgym/_bindings/linux-x86_64//libboost_atomic.so' {d_type = 0x00000000}
[Warning] [carb] unknown type for the object '/home/wangjiarui/artgym-runtime/opt/isaacgym/python/isaacgym/_bindings/linux-x86_64//libembree.so' {d_type = 0x00000000}
[Warning] [carb] unknown type for the object '/home/wangjiarui/artgym-runtime/opt/isaacgym/python/isaacgym/_bindings/linux-x86_64//libembree.so.2' {d_type = 0x00000000}
[Warning] [carb] unknown type for the object '/home/wangjiarui/artgym-runtime/opt/isaacgym/python/isaacgym/_bindings/linux-x86_64//libjemalloc.so' {d_type = 0x00000000}
[Warning] [carb] unknown type for the object '/home/wangjiarui/artgym-runtime/opt/isaacgym/python/isaacgym/_bindings/linux-x86_64//libboost_python27.so' {d_type = 0x00000000}
[Warning] [carb] unknown type for the object '/home/wangjiarui/artgym-runtime/opt/isaacgym/python/isaacgym/_bindings/linux-x86_64//libGLEW.so.2.0' {d_type = 0x00000000}
[Warning] [carb] unknown type for the object '/home/wangjiarui/artgym-runtime/opt/isaacgym/python/isaacgym/_bindings/linux-x86_64//libosdCPU.so' {d_type = 0x00000000}
[Warning] [carb] unknown type for the object '/home/wangjiarui/artgym-runtime/opt/isaacgym/python/isaacgym/_bindings/linux-x86_64//libboost_program_options.so' {d_type = 0x00000000}
[Warning] [carb] unknown type for the object '/home/wangjiarui/artgym-runtime/opt/isaacgym/python/isaacgym/_bindings/linux-x86_64//libosdGPU.so' {d_type = 0x00000000}
[Warning] [carb] unknown type for the object '/home/wangjiarui/artgym-runtime/opt/isaacgym/python/isaacgym/_bindings/linux-x86_64//libboost_thread.so' {d_type = 0x00000000}
[Warning] [carb] unknown type for the object '/home/wangjiarui/artgym-runtime/opt/isaacgym/python/isaacgym/_bindings/linux-x86_64//libboost_filesystem.so' {d_type = 0x00000000}
[Warning] [carb] unknown type for the object '/home/wangjiarui/artgym-runtime/opt/isaacgym/python/isaacgym/_bindings/linux-x86_64//libboost_date_time.so' {d_type = 0x00000000}
[Warning] [carb] unknown type for the object '/home/wangjiarui/artgym-runtime/opt/isaacgym/python/isaacgym/_bindings/linux-x86_64//libboost_system.so' {d_type = 0x00000000}
Setting GYM_USD_PLUG_INFO_PATH to /home/wangjiarui/artgym-runtime/opt/isaacgym/python/isaacgym/_bindings/linux-x86_64/usd/plugInfo.json
Gym has been unmaintained since 2022 and does not support NumPy 2.0 amongst other critical functionality.
Please upgrade to Gymnasium, the maintained drop-in replacement of Gym, or contact the authors of your software and request that they upgrade.
Users of this version of Gym should be able to simply replace 'import gym' with 'import gymnasium as gym' in the vast majority of cases.
See the migration guide at https://gymnasium.farama.org/introduction/migration_guide/ for additional information.
/home/wangjiarui/artgym-multigrasp-20260928/isaacgymenvs/train.py:81: Hydra14MigrationWarning: 
version_base="1.1" selects Hydra 1.1 compatibility behavior.
Hydra 1.4 will remove this compatibility behavior.
Before upgrading to Hydra 1.4, set version_base="1.3" and test your application.
See https://hydra.cc/docs/upgrades/1.3_to_1.4/prepare_for_1_4/ for preparation instructions.
  @hydra.main(version_base="1.1", config_name="config", config_path="./cfg")
/home/wangjiarui/artgym-runtime/lib/python3.8/site-packages/hydra/_internal/hydra.py:119: UserWarning: Future Hydra versions will no longer change working directory at job runtime by default.
See https://hydra.cc/docs/1.2/upgrades/1.1_to_1.2/changes_to_job_working_dir/ for more information.
  ret = run_job(
PyTorch version 2.1.0+cu121
Device count 1
/home/wangjiarui/artgym-runtime/opt/isaacgym/python/isaacgym/_bindings/src/gymtorch
Using /home/wangjiarui/.cache/torch_extensions/py38_cu121 as PyTorch extensions root...
Emitting ninja build file /home/wangjiarui/.cache/torch_extensions/py38_cu121/gymtorch/build.ninja...
Building extension module gymtorch...
Using envvar MAX_JOBS (2) as the number of workers...
ninja: no work to do.
Loading extension module gymtorch...
task: 
    name: wuji_multigrasp
    physics_engine: physx
    env: 
        numEnvs: 5120
        envSpacing: 0.75
        episodeLength: 600
        enableDebugVis: False
        aggregateMode: 0
        successHoldDurationSec: 0.3
        successHoldDurationRangeSec: [0.3, 0.3]
        maxConsecutiveSuccesses: 0
        goalSwitchTimeoutSec: 0.0
        jointNoise: 0.0
        dofSpeedScale: 1.0
        useRelativeControl: False
        graspSplit: train
        rewardWeightCurriculum: 
            ObjPosDeviation: -0.5
            ObjRotDeviation: -0.02
            StableContact: 0.0
        rewardWeightCurriculumSchedule: 
            warmupSteps: 200
            totalSteps: 2000
        binaryTactileThreshold: 0.05
        actionsMovingAverage: 1.0
        controlFrequencyInv: 4
        forceScale: 0.0
        forceProbRange: [0.001, 0.1]
        forceDecay: 0.99
        forceDecayInterval: 0.08
        policyObsDim: 111
        privilegedObsDim: 21
        studentInitObsDim: 55
        proprioHistoryLen: 50
        enableCameraSensors: False
        camera: 
            height: 1080
            width: 1920
            horizontal_fov: 75
            use_collision_geometry: True
            cam_pos: [0.0, 0.2, 1.0]
            cam_target: [0.0, -0.15, 0.5]
        rewardProtocol: corrected
        supportActionSpan: 0.04
        thumbActionStep: 0.025
        aliveReward: 0.1
        initialPoseNoise: 
            position_m: 0.0005
            joint_rad: 0.01
            rotation_vector_rad: 0.008726646259971648
            ramp_epochs: 0
        absolutePoseObjective: 
            coefficient: 1.0
            position_scale_m: 0.01
            rotation_scale_rad: 0.25
            ramp_epochs: 0
        commandPeriodSec: 2.0
        evaluationGoalTimeoutSec: 10.0
        trainingCommandDurationsSec: [2.0, 5.0]
        endpointHoldReward: 0.0
        trainingStates: research/multigrasp-20260928/data/small.npy
    task: 
        randomize: False
        randomization_params: 
    sim: 
        dt: 0.008333333333333333
        substeps: 4
        up_axis: z
        use_gpu_pipeline: True
        gravity: [0.0, 0.0, -9.81]
        physx: 
            num_threads: 4
            solver_type: 1
            use_gpu: True
            num_position_iterations: 16
            num_velocity_iterations: 4
            max_gpu_contact_pairs: 1048576
            num_subscenes: 0
            contact_offset: 0.002
            rest_offset: 0.0
            bounce_threshold_velocity: 0.2
            max_depenetration_velocity: 100.0
            default_buffer_size_multiplier: 2.0
            contact_collection: 2
object: 
    task: 
        success_threshold: 0.002
        rot_devia_threshold: 1.57
        pos_devia_threshold: 0.05
        goals: [0.04, 0.0]
        contact_num: 5
    asset: 
        type: knife
        asset_root: assets/objects/knife_wuji_bridge3_20260922
        instance_id_list: ['000']
        asset_file: mobility.urdf
        initDof: lower
        disgravity_part: []
        disfriction_part: []
        disrbforce_part: []
        dissimulate_part: []
    default_props: 
        mass: [0.029, 0.006]
        friction: 3.0
        dof_stiffness: 0.0
        dof_damping: 0.3
    randomization: 
        randomize: False
        dof_properties: 
            damping: 
                range: [0.7, 1.3]
                operation: scaling
                distribution: uniform
        rigid_body_properties: 
            by_body: 
                link_0: 
                    mass: 
                        range: [1.0, 5.0]
                        operation: scaling
                        distribution: uniform
                link_1: 
                    mass: 
                        range: [1.0, 2.0]
                        operation: scaling
                        distribution: uniform
        rigid_shape_properties: 
            friction: 
                num_buckets: 250
                range: [-1.0, 1.0]
                operation: additive
                distribution: uniform
    reward: 
        ObjPosDeviation: -0.5
        ObjRotDeviation: -0.02
        StableContact: 0.0
        HandQposDeviation: -0.001
        GoalDistance1: 1000.0
        GoalDistance2: 0.1
        Smooth: -1.0
        Drop: -25.0
        Success: 50.0
hand: 
    type: wuji
    asset: assets/hands/wuji_artbot/right.urdf
    self_collisions: True
    force_links: ['hand_r_thumb_pad_link', 'hand_r_index_pad_link', 'hand_r_middle_pad_link', 'hand_r_ring_pad_link', 'hand_r_pinky_pad_link']
    track_links: ['hand_r_thumb_pad_link', 'hand_r_index_pad_link', 'hand_r_middle_pad_link', 'hand_r_ring_pad_link', 'hand_r_pinky_pad_link']
    dof_names: ['hand_r_index_joint1', 'hand_r_index_joint2', 'hand_r_index_joint3', 'hand_r_index_joint4', 'hand_r_middle_joint1', 'hand_r_middle_joint2', 'hand_r_middle_joint3', 'hand_r_middle_joint4', 'hand_r_pinky_joint1', 'hand_r_pinky_joint2', 'hand_r_pinky_joint3', 'hand_r_pinky_joint4', 'hand_r_ring_joint1', 'hand_r_ring_joint2', 'hand_r_ring_joint3', 'hand_r_ring_joint4', 'hand_r_thumb_joint1', 'hand_r_thumb_joint2', 'hand_r_thumb_joint3', 'hand_r_thumb_joint4']
    dof_props: 
        stiffness: [0.37352218155860073, 0.45592448909027794, 0.24368366649522863, 0.18026971340925335, 0.3687093483646485, 0.4164253443634641, 0.22218607502059182, 0.19427606072023446, 0.3655325975433942, 0.41393113081120425, 0.22729367621965954, 0.1964723550341816, 0.35718151495111794, 0.42977315313086895, 0.24930151196247122, 0.2285032688178066, 0.40844710645048043, 0.6858601063643346, 0.2391112196099482, 0.20736128319711747]
        damping: [0.01882274330029718, 0.019798167597016643, 0.010477031953162727, 0.008240212147903584, 0.01848622487024593, 0.018032947229953678, 0.009592200014076666, 0.009152994605972402, 0.018616960278988272, 0.018732177029667153, 0.00951005441616486, 0.009017295241756363, 0.018376606800780005, 0.01867700966212433, 0.01059512121009555, 0.009917602877441107, 0.020882010257063675, 0.030610939996373314, 0.010181475050560962, 0.00909698844675045]
        friction: [0.0, 0.0, 0.0, 0.0, 0.0, 0.0, 0.0, 0.0, 0.0, 0.0, 0.0, 0.0, 0.0, 0.0, 0.0, 0.0, 0.0, 0.0, 0.0, 0.0]
        armature: [0.0005, 0.0002, 0.0002, 0.0002, 0.0005, 0.0002, 0.0002, 0.0002, 0.0005, 0.0002, 0.0002, 0.0002, 0.0005, 0.0002, 0.0002, 0.0002, 0.0005, 0.0005, 0.0002, 0.0002]
    task: 
        numActions: 20
        propDim: 40
        policyObsDim: 111
        studentInitObsDim: 55
    randomization: 
        randomize: False
    self_collision_mode: digit_filtered
train: 
    params: 
        seed: 2026092801
        algo: 
            name: a2c_continuous
        model: 
            name: continuous_a2c_logstd
        network: 
            name: actor_critic_sapg_priv
            separate: True
            space: 
                continuous: 
                    mu_activation: None
                    sigma_activation: None
                    mu_init: 
                        name: const_initializer
                        val: 0.0
                    sigma_init: 
                        name: const_initializer
                        val: -1.0
                    fixed_sigma: coef_cond
            mlp: 
                units: [512, 256, 128]
                activation: elu
                d2rl: False
                initializer: 
                    name: default
                regularizer: 
                    name: None
            rnn: 
                name: lstm
                units: 512
                layers: 1
                before_mlp: True
                layer_norm: True
            sapg_priv: 
                policy_obs_dim: 111
                privileged_obs_dim: 21
                critic_policy_contact_dim: 5
                expl_embedding_dim: 32
                encoder: 
                    units: [256, 128, 16]
                    activation: elu
                    initializer: 
                        name: default
                student_encoder: 
                    type: auto
                    init_dim: 55
                    proprio_encoder: 
                        units: [128, 64]
                        activation: elu
                        initializer: 
                            name: default
                    init_encoder: 
                        units: [128, 64]
                        activation: elu
                        initializer: 
                            name: default
                    temporal: 
                        type: tconv
                        hidden_size: 192
                        num_layers: 5
                        kernel_size: 3
                        dilation_growth: 2
                        activation: elu
                        dropout: 0.05
                    latent_head: 
                        units: [128]
                        activation: elu
                        initializer: 
                            name: default
        load_checkpoint: False
        load_path: 
        config: 
            name: mg_A_seed2801
            full_experiment_name: mg_A_seed2801
            env_name: rlgpu
            multi_gpu: False
            ppo: True
            mixed_precision: False
            normalize_input: True
            normalize_value: True
            value_bootstrap: False
            num_actors: 5120
            reward_shaper: 
                scale_value: 1.0
            normalize_advantage: True
            gamma: 0.998
            tau: 0.95
            learning_rate: 0.0002
            lr_schedule: adaptive
            schedule_type: standard
            kl_threshold: 0.016
            score_to_win: 100000
            max_epochs: 1000
            save_best_after: 50
            save_frequency: 250
            print_stats: True
            grad_norm: 1.0
            entropy_coef: 0
            truncate_grads: True
            e_clip: 0.2
            horizon_length: 32
            minibatch_size: 32768
            mini_epochs: 4
            critic_coef: 4
            clip_value: True
            seq_length: 32
            bounds_loss_coef: 0.0001
            defer_summaries_sec: 5
            summaries_interval_sec_min: 5
            summaries_interval_sec_max: 100
            expl_type: mixed_expl_learn_param
            player: 
                deterministic: True
                use_vecenv: True
                games_num: 1000000
                print_stats: False
            use_others_experience: lf
            off_policy_ratio: 1.0
            expl_reward_type: entropy
            expl_reward_coef_scale: 0.005
            expl_coef_block_size: 1024
            managed_checkpoints: True
            checkpoint_first_epoch: 10
            checkpoint_keep_recent: 10
            checkpoint_milestone_frequency: 500
            evaluation_frequency: 100000
pbt: 
    enabled: False
task_name: wuji_multigrasp
experiment: mg_A_seed2801
num_envs: 5120
seed: 2026092801
torch_deterministic: False
max_iterations: 1000
physics_engine: physx
pipeline: gpu
sim_device: cuda:0
rl_device: cuda:0
graphics_device_id: -1
num_threads: 4
solver_type: 1
num_subscenes: 0
test: False
checkpoint: 
sigma: 
multi_gpu: False
asset_dir: 
capture_video: False
capture_video_freq: 1500
capture_video_len: 100
force_render: False
headless: True
Setting seed: 2026092801
self.seed = 2026092801
Started to train
Exact experiment name requested from command line: mg_A_seed2801
/home/wangjiarui/artgym-runtime/lib/python3.8/site-packages/gym/spaces/box.py:127: UserWarning: [33mWARN: Box bound precision lowered by casting to float32[0m
  logger.warn(f"Box bound precision lowered by casting to {self.dtype}")
Not connected to PVD
+++ Using GPU PhysX
Physics Engine: PhysX
Physics Device: cuda:0
GPU Pipeline: enabled
Box(-1.0, 1.0, (20,), float32) Box(-inf, inf, (137,), float32)
seq_length: 32
current training device: cuda:0
num_minibatches: 5
build mlp: 21
build mlp: 21
build mlp: 512
build mlp: 512
RunningMeanStd:  (1,)
RunningMeanStd:  (137,)
/home/wangjiarui/artgym-multigrasp-20260928/rl_games/rl_games/algos_torch/torch_ext.py:347: UserWarning: To copy construct from a tensor, it is recommended to use sourceTensor.clone().detach() or sourceTensor.clone().detach().requires_grad_(True), rather than torch.tensor(sourceTensor).
  self.current_size = torch.tensor(size_sum, dtype = torch.int32)

Timing:
  Play time               : 10.187 s
  Update time             : 1.480 s
  Time to train epoch     : 11.668 s


Statistics:
  fps step                    : 16,688
  fps step + policy inference : 16,083
  fps total                   : 14,042
  epoch                       : 1 / 1,000
  frames                      : 163,840


Policy 0: 
Timing:
  Play time               : 9.656 s
  Update time             : 1.298 s
  Time to train epoch     : 10.953 s


Statistics:
  fps step                    : 17,301
  fps step + policy inference : 16,968
  fps total                   : 14,958
  epoch                       : 2 / 1,000
  frames                      : 327,680


Policy 0: 
Timing:
  Play time               : 9.594 s
  Update time             : 1.022 s
  Time to train epoch     : 10.616 s


Statistics:
  fps step                    : 17,373
  fps step + policy inference : 17,078
  fps total                   : 15,434
  epoch                       : 3 / 1,000
  frames                      : 491,520


Policy 0: 
Timing:
  Play time               : 9.656 s
  Update time             : 0.840 s
  Time to train epoch     : 10.495 s


Statistics:
  fps step                    : 17,239
  fps step + policy inference : 16,969
  fps total                   : 15,611
  epoch                       : 4 / 1,000
  frames                      : 655,360


Policy 0: 
Timing:
  Play time               : 9.819 s
  Update time             : 0.830 s
  Time to train epoch     : 10.648 s


Statistics:
  fps step                    : 16,937
  fps step + policy inference : 16,686
  fps total                   : 15,386
  epoch                       : 5 / 1,000
  frames                      : 819,200


Policy 0: 
Timing:
  Play time               : 9.840 s
  Update time             : 0.813 s
  Time to train epoch     : 10.652 s


Statistics:
  fps step                    : 16,903
  fps step + policy inference : 16,651
  fps total                   : 15,381
  epoch                       : 6 / 1,000
  frames                      : 983,040


Policy 0: 
Timing:
  Play time               : 9.796 s
  Update time             : 0.793 s
  Time to train epoch     : 10.589 s


Statistics:
  fps step                    : 16,975
  fps step + policy inference : 16,725
  fps total                   : 15,473
  epoch                       : 7 / 1,000
  frames                      : 1,146,880


Policy 0: 
Timing:
  Play time               : 9.853 s
  Update time             : 0.838 s
  Time to train epoch     : 10.690 s


Statistics:
  fps step                    : 16,877
  fps step + policy inference : 16,629
  fps total                   : 15,326
  epoch                       : 8 / 1,000
  frames                      : 1,310,720


Policy 0: 
Timing:
  Play time               : 9.921 s
  Update time             : 0.708 s
  Time to train epoch     : 10.629 s


Statistics:
  fps step                    : 16,762
  fps step + policy inference : 16,514
  fps total                   : 15,415
  epoch                       : 9 / 1,000
  frames                      : 1,474,560


Policy 0: 
Timing:
  Play time               : 9.945 s
  Update time             : 0.753 s
  Time to train epoch     : 10.698 s


Statistics:
  fps step                    : 16,727
  fps step + policy inference : 16,475
  fps total                   : 15,315
  epoch                       : 10 / 1,000
  frames                      : 1,638,400


Policy 0: saving next best rewards:  [-76.63]
=> saving checkpoint 'runs/mg_A_seed2801/nn/mg_A_seed2801.pth'
Saved recovery checkpoint runs/mg_A_seed2801/checkpoints/epoch_000010.pth; evaluation_due=True

Timing:
  Play time               : 10.047 s
  Update time             : 0.899 s
  Time to train epoch     : 10.946 s


Statistics:
  fps step                    : 16,565
  fps step + policy inference : 16,307
  fps total                   : 14,968
  epoch                       : 11 / 1,000
  frames                      : 1,802,240


Policy 0: 
Timing:
  Play time               : 10.219 s
  Update time             : 0.836 s
  Time to train epoch     : 11.055 s


Statistics:
  fps step                    : 16,272
  fps step + policy inference : 16,032
  fps total                   : 14,820
  epoch                       : 12 / 1,000
  frames                      : 1,966,080


Policy 0: 
Timing:
  Play time               : 10.061 s
  Update time             : 0.683 s
  Time to train epoch     : 10.744 s


Statistics:
  fps step                    : 16,525
  fps step + policy inference : 16,284
  fps total                   : 15,249
  epoch                       : 13 / 1,000
  frames                      : 2,129,920


Policy 0: 
Timing:
  Play time               : 10.065 s
  Update time             : 0.712 s
  Time to train epoch     : 10.777 s


Statistics:
  fps step                    : 16,528
  fps step + policy inference : 16,278
  fps total                   : 15,202
  epoch                       : 14 / 1,000
  frames                      : 2,293,760


Policy 0: 
Timing:
  Play time               : 10.072 s
  Update time             : 0.800 s
  Time to train epoch     : 10.872 s


Statistics:
  fps step                    : 16,514
  fps step + policy inference : 16,267
  fps total                   : 15,070
  epoch                       : 15 / 1,000
  frames                      : 2,457,600


Policy 0: 
Timing:
  Play time               : 9.927 s
  Update time             : 0.814 s
  Time to train epoch     : 10.742 s


Statistics:
  fps step                    : 16,752
  fps step + policy inference : 16,504
  fps total                   : 15,253
  epoch                       : 16 / 1,000
  frames                      : 2,621,440


Policy 0: 
Timing:
  Play time               : 10.094 s
  Update time             : 0.758 s
  Time to train epoch     : 10.852 s


Statistics:
  fps step                    : 16,476
  fps step + policy inference : 16,232
  fps total                   : 15,098
  epoch                       : 17 / 1,000
  frames                      : 2,785,280


Policy 0: 
Timing:
  Play time               : 9.999 s
  Update time             : 0.730 s
  Time to train epoch     : 10.729 s


Statistics:
  fps step                    : 16,638
  fps step + policy inference : 16,386
  fps total                   : 15,271
  epoch                       : 18 / 1,000
  frames                      : 2,949,120


Policy 0: 
Timing:
  Play time               : 10.173 s
  Update time             : 0.751 s
  Time to train epoch     : 10.923 s


Statistics:
  fps step                    : 16,559
  fps step + policy inference : 16,106
  fps total                   : 14,999
  epoch                       : 19 / 1,000
  frames                      : 3,112,960


Policy 0: 
Timing:
  Play time               : 9.846 s
  Update time             : 0.966 s
  Time to train epoch     : 10.812 s


Statistics:
  fps step                    : 16,975
  fps step + policy inference : 16,640
  fps total                   : 15,154
  epoch                       : 20 / 1,000
  frames                      : 3,276,800


Policy 0: saving next best rewards:  [-67.56]
=> saving checkpoint 'runs/mg_A_seed2801/nn/mg_A_seed2801.pth'

Timing:
  Play time               : 9.718 s
  Update time             : 0.929 s
  Time to train epoch     : 10.648 s


Statistics:
  fps step                    : 17,162
  fps step + policy inference : 16,859
  fps total                   : 15,387
  epoch                       : 21 / 1,000
  frames                      : 3,440,640


Policy 0: saving next best rewards:  [-64.42]
=> saving checkpoint 'runs/mg_A_seed2801/nn/mg_A_seed2801.pth'

Timing:
  Play time               : 9.550 s
  Update time             : 0.890 s
  Time to train epoch     : 10.440 s


Statistics:
  fps step                    : 17,447
  fps step + policy inference : 17,156
  fps total                   : 15,694
  epoch                       : 22 / 1,000
  frames                      : 3,604,480


Policy 0: saving next best rewards:  [-60.97]
=> saving checkpoint 'runs/mg_A_seed2801/nn/mg_A_seed2801.pth'

Timing:
  Play time               : 9.591 s
  Update time             : 0.851 s
  Time to train epoch     : 10.442 s


Statistics:
  fps step                    : 17,363
  fps step + policy inference : 17,083
  fps total                   : 15,690
  epoch                       : 23 / 1,000
  frames                      : 3,768,320


Policy 0: saving next best rewards:  [-59.37]
=> saving checkpoint 'runs/mg_A_seed2801/nn/mg_A_seed2801.pth'

Timing:
  Play time               : 9.469 s
  Update time             : 0.802 s
  Time to train epoch     : 10.271 s


Statistics:
  fps step                    : 17,568
  fps step + policy inference : 17,303
  fps total                   : 15,952
  epoch                       : 24 / 1,000
  frames                      : 3,932,160


Policy 0: saving next best rewards:  [-59.13]
=> saving checkpoint 'runs/mg_A_seed2801/nn/mg_A_seed2801.pth'

Timing:
  Play time               : 9.874 s
  Update time             : 0.700 s
  Time to train epoch     : 10.574 s


Statistics:
  fps step                    : 16,845
  fps step + policy inference : 16,593
  fps total                   : 15,495
  epoch                       : 25 / 1,000
  frames                      : 4,096,000


Policy 0: saving next best rewards:  [-57.93]
=> saving checkpoint 'runs/mg_A_seed2801/nn/mg_A_seed2801.pth'

Timing:
  Play time               : 9.884 s
  Update time             : 0.692 s
  Time to train epoch     : 10.576 s


Statistics:
  fps step                    : 16,824
  fps step + policy inference : 16,576
  fps total                   : 15,491
  epoch                       : 26 / 1,000
  frames                      : 4,259,840


Policy 0: saving next best rewards:  [-57.39]
=> saving checkpoint 'runs/mg_A_seed2801/nn/mg_A_seed2801.pth'

Timing:
  Play time               : 9.742 s
  Update time             : 0.701 s
  Time to train epoch     : 10.443 s


Statistics:
  fps step                    : 17,078
  fps step + policy inference : 16,817
  fps total                   : 15,688
  epoch                       : 27 / 1,000
  frames                      : 4,423,680


Policy 0: saving next best rewards:  [-56.44]
=> saving checkpoint 'runs/mg_A_seed2801/nn/mg_A_seed2801.pth'

Timing:
  Play time               : 9.812 s
  Update time             : 0.761 s
  Time to train epoch     : 10.574 s


Statistics:
  fps step                    : 16,975
  fps step + policy inference : 16,697
  fps total                   : 15,495
  epoch                       : 28 / 1,000
  frames                      : 4,587,520


Policy 0: saving next best rewards:  [-54.32]
=> saving checkpoint 'runs/mg_A_seed2801/nn/mg_A_seed2801.pth'

Timing:
  Play time               : 9.739 s
  Update time             : 0.786 s
  Time to train epoch     : 10.525 s


Statistics:
  fps step                    : 17,088
  fps step + policy inference : 16,823
  fps total                   : 15,567
  epoch                       : 29 / 1,000
  frames                      : 4,751,360


Policy 0: saving next best rewards:  [-52.58]
=> saving checkpoint 'runs/mg_A_seed2801/nn/mg_A_seed2801.pth'

Timing:
  Play time               : 9.790 s
  Update time             : 0.872 s
  Time to train epoch     : 10.662 s


Statistics:
  fps step                    : 17,003
  fps step + policy inference : 16,736
  fps total                   : 15,367
  epoch                       : 30 / 1,000
  frames                      : 4,915,200


Policy 0: saving next best rewards:  [-50.16]
=> saving checkpoint 'runs/mg_A_seed2801/nn/mg_A_seed2801.pth'

Timing:
  Play time               : 9.855 s
  Update time             : 0.829 s
  Time to train epoch     : 10.684 s


Statistics:
  fps step                    : 16,889
  fps step + policy inference : 16,625
  fps total                   : 15,335
  epoch                       : 31 / 1,000
  frames                      : 5,079,040


Policy 0: saving next best rewards:  [-48.24]
=> saving checkpoint 'runs/mg_A_seed2801/nn/mg_A_seed2801.pth'

Timing:
  Play time               : 9.776 s
  Update time             : 0.760 s
  Time to train epoch     : 10.536 s


Statistics:
  fps step                    : 17,025
  fps step + policy inference : 16,759
  fps total                   : 15,550
  epoch                       : 32 / 1,000
  frames                      : 5,242,880


Policy 0: saving next best rewards:  [-46.51]
=> saving checkpoint 'runs/mg_A_seed2801/nn/mg_A_seed2801.pth'

Timing:
  Play time               : 9.894 s
  Update time             : 0.790 s
  Time to train epoch     : 10.684 s


Statistics:
  fps step                    : 16,851
  fps step + policy inference : 16,560
  fps total                   : 15,335
  epoch                       : 33 / 1,000
  frames                      : 5,406,720


Policy 0: saving next best rewards:  [-44.19]
=> saving checkpoint 'runs/mg_A_seed2801/nn/mg_A_seed2801.pth'

Timing:
  Play time               : 9.877 s
  Update time             : 0.701 s
  Time to train epoch     : 10.578 s


Statistics:
  fps step                    : 16,846
  fps step + policy inference : 16,589
  fps total                   : 15,489
  epoch                       : 34 / 1,000
  frames                      : 5,570,560


Policy 0: saving next best rewards:  [-42.68]
=> saving checkpoint 'runs/mg_A_seed2801/nn/mg_A_seed2801.pth'

Timing:
  Play time               : 9.854 s
  Update time             : 0.747 s
  Time to train epoch     : 10.601 s


Statistics:
  fps step                    : 16,893
  fps step + policy inference : 16,627
  fps total                   : 15,456
  epoch                       : 35 / 1,000
  frames                      : 5,734,400


Policy 0: saving next best rewards:  [-40.21]
=> saving checkpoint 'runs/mg_A_seed2801/nn/mg_A_seed2801.pth'

Timing:
  Play time               : 9.799 s
  Update time             : 0.783 s
  Time to train epoch     : 10.582 s


Statistics:
  fps step                    : 16,989
  fps step + policy inference : 16,720
  fps total                   : 15,482
  epoch                       : 36 / 1,000
  frames                      : 5,898,240


Policy 0: saving next best rewards:  [-37.56]
=> saving checkpoint 'runs/mg_A_seed2801/nn/mg_A_seed2801.pth'

Timing:
  Play time               : 9.949 s
  Update time             : 0.834 s
  Time to train epoch     : 10.783 s


Statistics:
  fps step                    : 16,729
  fps step + policy inference : 16,468
  fps total                   : 15,194
  epoch                       : 37 / 1,000
  frames                      : 6,062,080


Policy 0: saving next best rewards:  [-35.14]
=> saving checkpoint 'runs/mg_A_seed2801/nn/mg_A_seed2801.pth'

Timing:
  Play time               : 10.032 s
  Update time             : 0.911 s
  Time to train epoch     : 10.943 s


Statistics:
  fps step                    : 16,806
  fps step + policy inference : 16,332
  fps total                   : 14,972
  epoch                       : 38 / 1,000
  frames                      : 6,225,920


Policy 0: saving next best rewards:  [15.95]
=> saving checkpoint 'runs/mg_A_seed2801/nn/mg_A_seed2801.pth'

Timing:
  Play time               : 9.718 s
  Update time             : 0.991 s
  Time to train epoch     : 10.709 s


Statistics:
  fps step                    : 17,184
  fps step + policy inference : 16,859
  fps total                   : 15,299
  epoch                       : 39 / 1,000
  frames                      : 6,389,760


Policy 0: saving next best rewards:  [21.11]
=> saving checkpoint 'runs/mg_A_seed2801/nn/mg_A_seed2801.pth'

Timing:
  Play time               : 9.676 s
  Update time             : 0.948 s
  Time to train epoch     : 10.624 s


Statistics:
  fps step                    : 17,221
  fps step + policy inference : 16,933
  fps total                   : 15,421
  epoch                       : 40 / 1,000
  frames                      : 6,553,600


Policy 0: saving next best rewards:  [24.36]
=> saving checkpoint 'runs/mg_A_seed2801/nn/mg_A_seed2801.pth'

Timing:
  Play time               : 9.824 s
  Update time             : 0.752 s
  Time to train epoch     : 10.576 s


Statistics:
  fps step                    : 16,941
  fps step + policy inference : 16,678
  fps total                   : 15,492
  epoch                       : 41 / 1,000
  frames                      : 6,717,440


Policy 0: saving next best rewards:  [25.83]
=> saving checkpoint 'runs/mg_A_seed2801/nn/mg_A_seed2801.pth'

Timing:
  Play time               : 9.788 s
  Update time             : 0.733 s
  Time to train epoch     : 10.521 s


Statistics:
  fps step                    : 16,996
  fps step + policy inference : 16,739
  fps total                   : 15,573
  epoch                       : 42 / 1,000
  frames                      : 6,881,280


Policy 0: saving next best rewards:  [26.99]
=> saving checkpoint 'runs/mg_A_seed2801/nn/mg_A_seed2801.pth'

Timing:
  Play time               : 9.705 s
  Update time             : 0.716 s
  Time to train epoch     : 10.422 s


Statistics:
  fps step                    : 17,132
  fps step + policy inference : 16,882
  fps total                   : 15,721
  epoch                       : 43 / 1,000
  frames                      : 7,045,120


Policy 0: saving next best rewards:  [27.37]
=> saving checkpoint 'runs/mg_A_seed2801/nn/mg_A_seed2801.pth'

Timing:
  Play time               : 9.708 s
  Update time             : 0.757 s
  Time to train epoch     : 10.466 s


Statistics:
  fps step                    : 17,136
  fps step + policy inference : 16,876
  fps total                   : 15,655
  epoch                       : 44 / 1,000
  frames                      : 7,208,960


Policy 0: saving next best rewards:  [28.05]
=> saving checkpoint 'runs/mg_A_seed2801/nn/mg_A_seed2801.pth'

Timing:
  Play time               : 9.775 s
  Update time             : 0.852 s
  Time to train epoch     : 10.628 s


Statistics:
  fps step                    : 17,015
  fps step + policy inference : 16,760
  fps total                   : 15,416
  epoch                       : 45 / 1,000
  frames                      : 7,372,800


Policy 0: saving next best rewards:  [28.44]
=> saving checkpoint 'runs/mg_A_seed2801/nn/mg_A_seed2801.pth'

Timing:
  Play time               : 9.719 s
  Update time             : 0.800 s
  Time to train epoch     : 10.519 s


Statistics:
  fps step                    : 17,124
  fps step + policy inference : 16,858
  fps total                   : 15,576
  epoch                       : 46 / 1,000
  frames                      : 7,536,640


Policy 0: saving next best rewards:  [28.92]
=> saving checkpoint 'runs/mg_A_seed2801/nn/mg_A_seed2801.pth'

Timing:
  Play time               : 9.657 s
  Update time             : 0.776 s
  Time to train epoch     : 10.433 s


Statistics:
  fps step                    : 17,246
  fps step + policy inference : 16,966
  fps total                   : 15,704
  epoch                       : 47 / 1,000
  frames                      : 7,700,480


Policy 0: saving next best rewards:  [30.86]
=> saving checkpoint 'runs/mg_A_seed2801/nn/mg_A_seed2801.pth'

Timing:
  Play time               : 9.789 s
  Update time             : 0.749 s
  Time to train epoch     : 10.538 s


Statistics:
  fps step                    : 17,002
  fps step + policy inference : 16,736
  fps total                   : 15,547
  epoch                       : 48 / 1,000
  frames                      : 7,864,320


Policy 0: saving next best rewards:  [32.17]
=> saving checkpoint 'runs/mg_A_seed2801/nn/mg_A_seed2801.pth'

Timing:
  Play time               : 9.956 s
  Update time             : 0.779 s
  Time to train epoch     : 10.735 s


Statistics:
  fps step                    : 16,716
  fps step + policy inference : 16,456
  fps total                   : 15,262
  epoch                       : 49 / 1,000
  frames                      : 8,028,160


Policy 0: saving next best rewards:  [33.97]
=> saving checkpoint 'runs/mg_A_seed2801/nn/mg_A_seed2801.pth'

Timing:
  Play time               : 9.923 s
  Update time             : 0.825 s
  Time to train epoch     : 10.748 s


Statistics:
  fps step                    : 16,781
  fps step + policy inference : 16,512
  fps total                   : 15,244
  epoch                       : 50 / 1,000
  frames                      : 8,192,000


Policy 0: saving next best rewards:  [35.92]
=> saving checkpoint 'runs/mg_A_seed2801/nn/mg_A_seed2801.pth'

Timing:
  Play time               : 9.883 s
  Update time             : 0.827 s
  Time to train epoch     : 10.710 s


Statistics:
  fps step                    : 16,837
  fps step + policy inference : 16,578
  fps total                   : 15,298
  epoch                       : 51 / 1,000
  frames                      : 8,355,840


Policy 0: saving next best rewards:  [37.51]
=> saving checkpoint 'runs/mg_A_seed2801/nn/mg_A_seed2801.pth'

Timing:
  Play time               : 9.902 s
  Update time             : 0.874 s
  Time to train epoch     : 10.776 s


Statistics:
  fps step                    : 16,814
  fps step + policy inference : 16,546
  fps total                   : 15,204
  epoch                       : 52 / 1,000
  frames                      : 8,519,680


Policy 0: saving next best rewards:  [39.33]
=> saving checkpoint 'runs/mg_A_seed2801/nn/mg_A_seed2801.pth'

Timing:
  Play time               : 9.688 s
  Update time             : 0.804 s
  Time to train epoch     : 10.492 s


Statistics:
  fps step                    : 17,175
  fps step + policy inference : 16,911
  fps total                   : 15,615
  epoch                       : 53 / 1,000
  frames                      : 8,683,520


Policy 0: saving next best rewards:  [40.29]
=> saving checkpoint 'runs/mg_A_seed2801/nn/mg_A_seed2801.pth'

Timing:
  Play time               : 9.751 s
  Update time             : 0.788 s
  Time to train epoch     : 10.539 s


Statistics:
  fps step                    : 17,075
  fps step + policy inference : 16,803
  fps total                   : 15,546
  epoch                       : 54 / 1,000
  frames                      : 8,847,360


Policy 0: saving next best rewards:  [41.99]
=> saving checkpoint 'runs/mg_A_seed2801/nn/mg_A_seed2801.pth'

Timing:
  Play time               : 9.842 s
  Update time             : 0.783 s
  Time to train epoch     : 10.625 s


Statistics:
  fps step                    : 16,916
  fps step + policy inference : 16,647
  fps total                   : 15,420
  epoch                       : 55 / 1,000
  frames                      : 9,011,200


Policy 0: saving next best rewards:  [44.28]
=> saving checkpoint 'runs/mg_A_seed2801/nn/mg_A_seed2801.pth'

Timing:
  Play time               : 9.747 s
  Update time             : 0.755 s
  Time to train epoch     : 10.502 s


Statistics:
  fps step                    : 17,078
  fps step + policy inference : 16,810
  fps total                   : 15,600
  epoch                       : 56 / 1,000
  frames                      : 9,175,040


Policy 0: saving next best rewards:  [45.59]
=> saving checkpoint 'runs/mg_A_seed2801/nn/mg_A_seed2801.pth'

Timing:
  Play time               : 9.864 s
  Update time             : 0.914 s
  Time to train epoch     : 10.778 s


Statistics:
  fps step                    : 17,100
  fps step + policy inference : 16,610
  fps total                   : 15,201
  epoch                       : 57 / 1,000
  frames                      : 9,338,880


Policy 0: saving next best rewards:  [75.03]
=> saving checkpoint 'runs/mg_A_seed2801/nn/mg_A_seed2801.pth'

Timing:
  Play time               : 9.703 s
  Update time             : 0.953 s
  Time to train epoch     : 10.656 s


Statistics:
  fps step                    : 17,194
  fps step + policy inference : 16,885
  fps total                   : 15,376
  epoch                       : 58 / 1,000
  frames                      : 9,502,720


Policy 0: saving next best rewards:  [78.34]
=> saving checkpoint 'runs/mg_A_seed2801/nn/mg_A_seed2801.pth'

Timing:
  Play time               : 9.686 s
  Update time             : 0.884 s
  Time to train epoch     : 10.570 s


Statistics:
  fps step                    : 17,198
  fps step + policy inference : 16,914
  fps total                   : 15,500
  epoch                       : 59 / 1,000
  frames                      : 9,666,560


Policy 0: saving next best rewards:  [79.87]
=> saving checkpoint 'runs/mg_A_seed2801/nn/mg_A_seed2801.pth'

Timing:
  Play time               : 9.609 s
  Update time             : 0.763 s
  Time to train epoch     : 10.372 s


Statistics:
  fps step                    : 17,316
  fps step + policy inference : 17,051
  fps total                   : 15,797
  epoch                       : 60 / 1,000
  frames                      : 9,830,400


Policy 0: saving next best rewards:  [80.62]
=> saving checkpoint 'runs/mg_A_seed2801/nn/mg_A_seed2801.pth'

Timing:
  Play time               : 9.635 s
  Update time             : 0.764 s
  Time to train epoch     : 10.399 s


Statistics:
  fps step                    : 17,270
  fps step + policy inference : 17,004
  fps total                   : 15,755
  epoch                       : 61 / 1,000
  frames                      : 9,994,240


Policy 0: saving next best rewards:  [81.09]
=> saving checkpoint 'runs/mg_A_seed2801/nn/mg_A_seed2801.pth'

Timing:
  Play time               : 9.643 s
  Update time             : 0.836 s
  Time to train epoch     : 10.480 s


Statistics:
  fps step                    : 17,249
  fps step + policy inference : 16,990
  fps total                   : 15,634
  epoch                       : 62 / 1,000
  frames                      : 10,158,080


Policy 0: saving next best rewards:  [81.26]
=> saving checkpoint 'runs/mg_A_seed2801/nn/mg_A_seed2801.pth'

Timing:
  Play time               : 9.693 s
  Update time             : 0.835 s
  Time to train epoch     : 10.528 s


Statistics:
  fps step                    : 17,165
  fps step + policy inference : 16,903
  fps total                   : 15,563
  epoch                       : 63 / 1,000
  frames                      : 10,321,920


Policy 0: saving next best rewards:  [81.85]
=> saving checkpoint 'runs/mg_A_seed2801/nn/mg_A_seed2801.pth'

Timing:
  Play time               : 9.710 s
  Update time             : 0.796 s
  Time to train epoch     : 10.506 s


Statistics:
  fps step                    : 17,132
  fps step + policy inference : 16,874
  fps total                   : 15,595
  epoch                       : 64 / 1,000
  frames                      : 10,485,760


Policy 0: saving next best rewards:  [82.18]
=> saving checkpoint 'runs/mg_A_seed2801/nn/mg_A_seed2801.pth'

Timing:
  Play time               : 9.664 s
  Update time             : 0.754 s
  Time to train epoch     : 10.418 s


Statistics:
  fps step                    : 17,221
  fps step + policy inference : 16,954
  fps total                   : 15,727
  epoch                       : 65 / 1,000
  frames                      : 10,649,600


Policy 0: saving next best rewards:  [82.88]
=> saving checkpoint 'runs/mg_A_seed2801/nn/mg_A_seed2801.pth'

Timing:
  Play time               : 9.631 s
  Update time             : 0.771 s
  Time to train epoch     : 10.402 s


Statistics:
  fps step                    : 17,286
  fps step + policy inference : 17,012
  fps total                   : 15,751
  epoch                       : 66 / 1,000
  frames                      : 10,813,440


Policy 0: saving next best rewards:  [84.52]
=> saving checkpoint 'runs/mg_A_seed2801/nn/mg_A_seed2801.pth'

Timing:
  Play time               : 9.685 s
  Update time             : 0.774 s
  Time to train epoch     : 10.458 s


Statistics:
  fps step                    : 17,186
  fps step + policy inference : 16,918
  fps total                   : 15,666
  epoch                       : 67 / 1,000
  frames                      : 10,977,280


Policy 0: saving next best rewards:  [85.59]
=> saving checkpoint 'runs/mg_A_seed2801/nn/mg_A_seed2801.pth'

Timing:
  Play time               : 9.743 s
  Update time             : 0.796 s
  Time to train epoch     : 10.540 s


Statistics:
  fps step                    : 17,082
  fps step + policy inference : 16,816
  fps total                   : 15,545
  epoch                       : 68 / 1,000
  frames                      : 11,141,120


Policy 0: saving next best rewards:  [86.87]
=> saving checkpoint 'runs/mg_A_seed2801/nn/mg_A_seed2801.pth'

Timing:
  Play time               : 9.801 s
  Update time             : 0.811 s
  Time to train epoch     : 10.612 s


Statistics:
  fps step                    : 16,984
  fps step + policy inference : 16,717
  fps total                   : 15,439
  epoch                       : 69 / 1,000
  frames                      : 11,304,960


Policy 0: saving next best rewards:  [88.39]
=> saving checkpoint 'runs/mg_A_seed2801/nn/mg_A_seed2801.pth'

Timing:
  Play time               : 9.760 s
  Update time             : 0.817 s
  Time to train epoch     : 10.576 s


Statistics:
  fps step                    : 17,054
  fps step + policy inference : 16,788
  fps total                   : 15,491
  epoch                       : 70 / 1,000
  frames                      : 11,468,800


Policy 0: saving next best rewards:  [90.02]
=> saving checkpoint 'runs/mg_A_seed2801/nn/mg_A_seed2801.pth'

Timing:
  Play time               : 9.814 s
  Update time             : 0.836 s
  Time to train epoch     : 10.650 s


Statistics:
  fps step                    : 16,962
  fps step + policy inference : 16,695
  fps total                   : 15,383
  epoch                       : 71 / 1,000
  frames                      : 11,632,640


Policy 0: saving next best rewards:  [91.42]
=> saving checkpoint 'runs/mg_A_seed2801/nn/mg_A_seed2801.pth'

Timing:
  Play time               : 9.724 s
  Update time             : 0.803 s
  Time to train epoch     : 10.527 s


Statistics:
  fps step                    : 17,114
  fps step + policy inference : 16,849
  fps total                   : 15,564
  epoch                       : 72 / 1,000
  frames                      : 11,796,480


Policy 0: saving next best rewards:  [92.69]
=> saving checkpoint 'runs/mg_A_seed2801/nn/mg_A_seed2801.pth'

Timing:
  Play time               : 9.699 s
  Update time             : 0.852 s
  Time to train epoch     : 10.551 s


Statistics:
  fps step                    : 17,164
  fps step + policy inference : 16,892
  fps total                   : 15,528
  epoch                       : 73 / 1,000
  frames                      : 11,960,320


Policy 0: saving next best rewards:  [94.23]
=> saving checkpoint 'runs/mg_A_seed2801/nn/mg_A_seed2801.pth'

Timing:
  Play time               : 9.812 s
  Update time             : 0.864 s
  Time to train epoch     : 10.676 s


Statistics:
  fps step                    : 16,968
  fps step + policy inference : 16,698
  fps total                   : 15,347
  epoch                       : 74 / 1,000
  frames                      : 12,124,160


Policy 0: saving next best rewards:  [96.28]
=> saving checkpoint 'runs/mg_A_seed2801/nn/mg_A_seed2801.pth'

Timing:
  Play time               : 9.889 s
  Update time             : 0.836 s
  Time to train epoch     : 10.724 s


Statistics:
  fps step                    : 16,999
  fps step + policy inference : 16,569
  fps total                   : 15,277
  epoch                       : 75 / 1,000
  frames                      : 12,288,000


Policy 0: saving next best rewards:  [116.54]
=> saving checkpoint 'runs/mg_A_seed2801/nn/mg_A_seed2801.pth'

Timing:
  Play time               : 9.903 s
  Update time             : 0.956 s
  Time to train epoch     : 10.859 s


Statistics:
  fps step                    : 16,859
  fps step + policy inference : 16,545
  fps total                   : 15,088
  epoch                       : 76 / 1,000
  frames                      : 12,451,840


Policy 0: saving next best rewards:  [120.92]
=> saving checkpoint 'runs/mg_A_seed2801/nn/mg_A_seed2801.pth'

Timing:
  Play time               : 9.919 s
  Update time             : 0.938 s
  Time to train epoch     : 10.856 s


Statistics:
  fps step                    : 16,805
  fps step + policy inference : 16,518
  fps total                   : 15,092
  epoch                       : 77 / 1,000
  frames                      : 12,615,680


Policy 0: saving next best rewards:  [123.68]
=> saving checkpoint 'runs/mg_A_seed2801/nn/mg_A_seed2801.pth'

Timing:
  Play time               : 9.843 s
  Update time             : 0.877 s
  Time to train epoch     : 10.720 s


Statistics:
  fps step                    : 16,915
  fps step + policy inference : 16,645
  fps total                   : 15,283
  epoch                       : 78 / 1,000
  frames                      : 12,779,520


Policy 0: saving next best rewards:  [125.1]
=> saving checkpoint 'runs/mg_A_seed2801/nn/mg_A_seed2801.pth'

Timing:
  Play time               : 9.853 s
  Update time             : 0.782 s
  Time to train epoch     : 10.635 s


Statistics:
  fps step                    : 16,881
  fps step + policy inference : 16,628
  fps total                   : 15,405
  epoch                       : 79 / 1,000
  frames                      : 12,943,360


Policy 0: saving next best rewards:  [125.53]
=> saving checkpoint 'runs/mg_A_seed2801/nn/mg_A_seed2801.pth'

Timing:
  Play time               : 9.789 s
  Update time             : 0.889 s
  Time to train epoch     : 10.679 s


Statistics:
  fps step                    : 16,996
  fps step + policy inference : 16,737
  fps total                   : 15,343
  epoch                       : 80 / 1,000
  frames                      : 13,107,200


Policy 0: saving next best rewards:  [126.03]
=> saving checkpoint 'runs/mg_A_seed2801/nn/mg_A_seed2801.pth'

Timing:
  Play time               : 9.603 s
  Update time             : 0.832 s
  Time to train epoch     : 10.435 s


Statistics:
  fps step                    : 17,327
  fps step + policy inference : 17,062
  fps total                   : 15,702
  epoch                       : 81 / 1,000
  frames                      : 13,271,040


Policy 0: saving next best rewards:  [126.46]
=> saving checkpoint 'runs/mg_A_seed2801/nn/mg_A_seed2801.pth'

Timing:
  Play time               : 9.576 s
  Update time             : 0.749 s
  Time to train epoch     : 10.324 s


Statistics:
  fps step                    : 17,379
  fps step + policy inference : 17,110
  fps total                   : 15,869
  epoch                       : 82 / 1,000
  frames                      : 13,434,880


Policy 0: saving next best rewards:  [127.16]
=> saving checkpoint 'runs/mg_A_seed2801/nn/mg_A_seed2801.pth'

Timing:
  Play time               : 9.651 s
  Update time             : 0.739 s
  Time to train epoch     : 10.391 s


Statistics:
  fps step                    : 17,239
  fps step + policy inference : 16,976
  fps total                   : 15,768
  epoch                       : 83 / 1,000
  frames                      : 13,598,720


Policy 0: saving next best rewards:  [127.67]
=> saving checkpoint 'runs/mg_A_seed2801/nn/mg_A_seed2801.pth'

Timing:
  Play time               : 9.632 s
  Update time             : 0.768 s
  Time to train epoch     : 10.400 s


Statistics:
  fps step                    : 17,285
  fps step + policy inference : 17,011
  fps total                   : 15,754
  epoch                       : 84 / 1,000
  frames                      : 13,762,560


Policy 0: saving next best rewards:  [128.53]
=> saving checkpoint 'runs/mg_A_seed2801/nn/mg_A_seed2801.pth'

Timing:
  Play time               : 9.711 s
  Update time             : 0.765 s
  Time to train epoch     : 10.476 s


Statistics:
  fps step                    : 17,139
  fps step + policy inference : 16,872
  fps total                   : 15,639
  epoch                       : 85 / 1,000
  frames                      : 13,926,400


Policy 0: saving next best rewards:  [129.77]
=> saving checkpoint 'runs/mg_A_seed2801/nn/mg_A_seed2801.pth'

Timing:
  Play time               : 9.979 s
  Update time             : 0.834 s
  Time to train epoch     : 10.813 s


Statistics:
  fps step                    : 16,679
  fps step + policy inference : 16,418
  fps total                   : 15,152
  epoch                       : 86 / 1,000
  frames                      : 14,090,240


Policy 0: saving next best rewards:  [130.69]
=> saving checkpoint 'runs/mg_A_seed2801/nn/mg_A_seed2801.pth'

Timing:
  Play time               : 9.987 s
  Update time             : 0.846 s
  Time to train epoch     : 10.833 s


Statistics:
  fps step                    : 16,663
  fps step + policy inference : 16,406
  fps total                   : 15,125
  epoch                       : 87 / 1,000
  frames                      : 14,254,080


Policy 0: saving next best rewards:  [132.09]
=> saving checkpoint 'runs/mg_A_seed2801/nn/mg_A_seed2801.pth'

Timing:
  Play time               : 9.855 s
  Update time             : 0.829 s
  Time to train epoch     : 10.684 s


Statistics:
  fps step                    : 16,887
  fps step + policy inference : 16,625
  fps total                   : 15,336
  epoch                       : 88 / 1,000
  frames                      : 14,417,920


Policy 0: saving next best rewards:  [133.21]
=> saving checkpoint 'runs/mg_A_seed2801/nn/mg_A_seed2801.pth'

Timing:
  Play time               : 9.988 s
  Update time             : 0.912 s
  Time to train epoch     : 10.900 s


Statistics:
  fps step                    : 16,667
  fps step + policy inference : 16,404
  fps total                   : 15,032
  epoch                       : 89 / 1,000
  frames                      : 14,581,760


Policy 0: saving next best rewards:  [134.98]
=> saving checkpoint 'runs/mg_A_seed2801/nn/mg_A_seed2801.pth'

Timing:
  Play time               : 9.973 s
  Update time             : 0.837 s
  Time to train epoch     : 10.810 s


Statistics:
  fps step                    : 16,687
  fps step + policy inference : 16,429
  fps total                   : 15,157
  epoch                       : 90 / 1,000
  frames                      : 14,745,600


Policy 0: saving next best rewards:  [136.44]
=> saving checkpoint 'runs/mg_A_seed2801/nn/mg_A_seed2801.pth'

Timing:
  Play time               : 10.130 s
  Update time             : 0.790 s
  Time to train epoch     : 10.920 s


Statistics:
  fps step                    : 16,419
  fps step + policy inference : 16,173
  fps total                   : 15,003
  epoch                       : 91 / 1,000
  frames                      : 14,909,440


Policy 0: saving next best rewards:  [137.78]
=> saving checkpoint 'runs/mg_A_seed2801/nn/mg_A_seed2801.pth'

Timing:
  Play time               : 10.186 s
  Update time             : 0.809 s
  Time to train epoch     : 10.995 s


Statistics:
  fps step                    : 16,336
  fps step + policy inference : 16,085
  fps total                   : 14,901
  epoch                       : 92 / 1,000
  frames                      : 15,073,280


Policy 0: saving next best rewards:  [139.43]
=> saving checkpoint 'runs/mg_A_seed2801/nn/mg_A_seed2801.pth'

Timing:
  Play time               : 10.208 s
  Update time             : 0.841 s
  Time to train epoch     : 11.049 s


Statistics:
  fps step                    : 16,301
  fps step + policy inference : 16,049
  fps total                   : 14,828
  epoch                       : 93 / 1,000
  frames                      : 15,237,120


Policy 0: saving next best rewards:  [141.17]
=> saving checkpoint 'runs/mg_A_seed2801/nn/mg_A_seed2801.pth'

Timing:
  Play time               : 10.305 s
  Update time             : 0.834 s
  Time to train epoch     : 11.139 s


Statistics:
  fps step                    : 16,298
  fps step + policy inference : 15,898
  fps total                   : 14,708
  epoch                       : 94 / 1,000
  frames                      : 15,400,960


Policy 0: saving next best rewards:  [156.93]
=> saving checkpoint 'runs/mg_A_seed2801/nn/mg_A_seed2801.pth'

Timing:
  Play time               : 10.234 s
  Update time             : 0.957 s
  Time to train epoch     : 11.191 s


Statistics:
  fps step                    : 16,301
  fps step + policy inference : 16,009
  fps total                   : 14,640
  epoch                       : 95 / 1,000
  frames                      : 15,564,800


Policy 0: saving next best rewards:  [161.22]
=> saving checkpoint 'runs/mg_A_seed2801/nn/mg_A_seed2801.pth'

Timing:
  Play time               : 10.166 s
  Update time             : 0.913 s
  Time to train epoch     : 11.079 s


Statistics:
  fps step                    : 16,379
  fps step + policy inference : 16,116
  fps total                   : 14,789
  epoch                       : 96 / 1,000
  frames                      : 15,728,640


Policy 0: saving next best rewards:  [162.74]
=> saving checkpoint 'runs/mg_A_seed2801/nn/mg_A_seed2801.pth'

Timing:
  Play time               : 10.156 s
  Update time             : 0.807 s
  Time to train epoch     : 10.963 s


Statistics:
  fps step                    : 16,384
  fps step + policy inference : 16,132
  fps total                   : 14,945
  epoch                       : 97 / 1,000
  frames                      : 15,892,480


Policy 0: saving next best rewards:  [163.68]
=> saving checkpoint 'runs/mg_A_seed2801/nn/mg_A_seed2801.pth'

Timing:
  Play time               : 10.079 s
  Update time             : 0.793 s
  Time to train epoch     : 10.872 s


Statistics:
  fps step                    : 16,498
  fps step + policy inference : 16,256
  fps total                   : 15,070
  epoch                       : 98 / 1,000
  frames                      : 16,056,320


Policy 0: saving next best rewards:  [163.94]
=> saving checkpoint 'runs/mg_A_seed2801/nn/mg_A_seed2801.pth'

Timing:
  Play time               : 9.686 s
  Update time             : 0.830 s
  Time to train epoch     : 10.516 s


Statistics:
  fps step                    : 17,176
  fps step + policy inference : 16,915
  fps total                   : 15,580
  epoch                       : 99 / 1,000
  frames                      : 16,220,160


Policy 0: saving next best rewards:  [164.46]
=> saving checkpoint 'runs/mg_A_seed2801/nn/mg_A_seed2801.pth'

Timing:
  Play time               : 9.586 s
  Update time             : 0.832 s
  Time to train epoch     : 10.418 s


Statistics:
  fps step                    : 17,360
  fps step + policy inference : 17,092
  fps total                   : 15,727
  epoch                       : 100 / 1,000
  frames                      : 16,384,000


Policy 0: saving next best rewards:  [165.04]
=> saving checkpoint 'runs/mg_A_seed2801/nn/mg_A_seed2801.pth'

Timing:
  Play time               : 9.584 s
  Update time             : 0.779 s
  Time to train epoch     : 10.363 s


Statistics:
  fps step                    : 17,364
  fps step + policy inference : 17,095
  fps total                   : 15,810
  epoch                       : 101 / 1,000
  frames                      : 16,547,840


Policy 0: saving next best rewards:  [165.49]
=> saving checkpoint 'runs/mg_A_seed2801/nn/mg_A_seed2801.pth'

Timing:
  Play time               : 9.693 s
  Update time             : 0.755 s
  Time to train epoch     : 10.448 s


Statistics:
  fps step                    : 17,167
  fps step + policy inference : 16,902
  fps total                   : 15,681
  epoch                       : 102 / 1,000
  frames                      : 16,711,680


Policy 0: saving next best rewards:  [165.83]
=> saving checkpoint 'runs/mg_A_seed2801/nn/mg_A_seed2801.pth'

Timing:
  Play time               : 9.657 s
  Update time             : 0.779 s
  Time to train epoch     : 10.436 s


Statistics:
  fps step                    : 17,243
  fps step + policy inference : 16,966
  fps total                   : 15,700
  epoch                       : 103 / 1,000
  frames                      : 16,875,520


Policy 0: saving next best rewards:  [166.99]
=> saving checkpoint 'runs/mg_A_seed2801/nn/mg_A_seed2801.pth'

Timing:
  Play time               : 9.724 s
  Update time             : 0.793 s
  Time to train epoch     : 10.517 s


Statistics:
  fps step                    : 17,123
  fps step + policy inference : 16,850
  fps total                   : 15,579
  epoch                       : 104 / 1,000
  frames                      : 17,039,360


Policy 0: saving next best rewards:  [167.66]
=> saving checkpoint 'runs/mg_A_seed2801/nn/mg_A_seed2801.pth'

Timing:
  Play time               : 9.774 s
  Update time             : 0.845 s
  Time to train epoch     : 10.619 s


Statistics:
  fps step                    : 17,032
  fps step + policy inference : 16,763
  fps total                   : 15,428
  epoch                       : 105 / 1,000
  frames                      : 17,203,200


Policy 0: saving next best rewards:  [168.55]
=> saving checkpoint 'runs/mg_A_seed2801/nn/mg_A_seed2801.pth'

Timing:
  Play time               : 9.710 s
  Update time             : 0.876 s
  Time to train epoch     : 10.586 s


Statistics:
  fps step                    : 17,151
  fps step + policy inference : 16,874
  fps total                   : 15,477
  epoch                       : 106 / 1,000
  frames                      : 17,367,040


Policy 0: saving next best rewards:  [169.72]
=> saving checkpoint 'runs/mg_A_seed2801/nn/mg_A_seed2801.pth'

Timing:
  Play time               : 9.642 s
  Update time             : 0.882 s
  Time to train epoch     : 10.524 s


Statistics:
  fps step                    : 17,271
  fps step + policy inference : 16,993
  fps total                   : 15,569
  epoch                       : 107 / 1,000
  frames                      : 17,530,880


Policy 0: saving next best rewards:  [170.95]
=> saving checkpoint 'runs/mg_A_seed2801/nn/mg_A_seed2801.pth'

Timing:
  Play time               : 9.788 s
  Update time             : 0.880 s
  Time to train epoch     : 10.668 s


Statistics:
  fps step                    : 17,019
  fps step + policy inference : 16,739
  fps total                   : 15,358
  epoch                       : 108 / 1,000
  frames                      : 17,694,720


Policy 0: saving next best rewards:  [172.38]
=> saving checkpoint 'runs/mg_A_seed2801/nn/mg_A_seed2801.pth'

Timing:
  Play time               : 9.888 s
  Update time             : 0.909 s
  Time to train epoch     : 10.797 s


Statistics:
  fps step                    : 16,838
  fps step + policy inference : 16,570
  fps total                   : 15,175
  epoch                       : 109 / 1,000
  frames                      : 17,858,560


Policy 0: saving next best rewards:  [173.38]
=> saving checkpoint 'runs/mg_A_seed2801/nn/mg_A_seed2801.pth'

Timing:
  Play time               : 9.741 s
  Update time             : 0.957 s
  Time to train epoch     : 10.697 s


Statistics:
  fps step                    : 17,097
  fps step + policy inference : 16,820
  fps total                   : 15,316
  epoch                       : 110 / 1,000
  frames                      : 18,022,400


Policy 0: saving next best rewards:  [174.78]
=> saving checkpoint 'runs/mg_A_seed2801/nn/mg_A_seed2801.pth'

Timing:
  Play time               : 9.771 s
  Update time             : 0.975 s
  Time to train epoch     : 10.746 s


Statistics:
  fps step                    : 17,048
  fps step + policy inference : 16,768
  fps total                   : 15,247
  epoch                       : 111 / 1,000
  frames                      : 18,186,240


Policy 0: saving next best rewards:  [176.32]
=> saving checkpoint 'runs/mg_A_seed2801/nn/mg_A_seed2801.pth'

Timing:
  Play time               : 9.724 s
  Update time             : 0.856 s
  Time to train epoch     : 10.580 s


Statistics:
  fps step                    : 17,128
  fps step + policy inference : 16,848
  fps total                   : 15,485
  epoch                       : 112 / 1,000
  frames                      : 18,350,080


Policy 0: saving next best rewards:  [178.06]
=> saving checkpoint 'runs/mg_A_seed2801/nn/mg_A_seed2801.pth'

Timing:
  Play time               : 9.922 s
  Update time             : 0.946 s
  Time to train epoch     : 10.868 s


Statistics:
  fps step                    : 16,965
  fps step + policy inference : 16,513
  fps total                   : 15,076
  epoch                       : 113 / 1,000
  frames                      : 18,513,920


Policy 0: saving next best rewards:  [191.8]
=> saving checkpoint 'runs/mg_A_seed2801/nn/mg_A_seed2801.pth'

Timing:
  Play time               : 9.881 s
  Update time             : 1.129 s
  Time to train epoch     : 11.010 s


Statistics:
  fps step                    : 16,889
  fps step + policy inference : 16,582
  fps total                   : 14,881
  epoch                       : 114 / 1,000
  frames                      : 18,677,760


Policy 0: saving next best rewards:  [194.67]
=> saving checkpoint 'runs/mg_A_seed2801/nn/mg_A_seed2801.pth'

Timing:
  Play time               : 9.933 s
  Update time             : 0.977 s
  Time to train epoch     : 10.910 s


Statistics:
  fps step                    : 16,769
  fps step + policy inference : 16,495
  fps total                   : 15,017
  epoch                       : 115 / 1,000
  frames                      : 18,841,600


Policy 0: saving next best rewards:  [195.92]
=> saving checkpoint 'runs/mg_A_seed2801/nn/mg_A_seed2801.pth'

Timing:
  Play time               : 9.744 s
  Update time             : 0.797 s
  Time to train epoch     : 10.541 s


Statistics:
  fps step                    : 17,088
  fps step + policy inference : 16,815
  fps total                   : 15,544
  epoch                       : 116 / 1,000
  frames                      : 19,005,440


Policy 0: saving next best rewards:  [196.56]
=> saving checkpoint 'runs/mg_A_seed2801/nn/mg_A_seed2801.pth'

Timing:
  Play time               : 9.708 s
  Update time             : 0.749 s
  Time to train epoch     : 10.458 s


Statistics:
  fps step                    : 17,141
  fps step + policy inference : 16,877
  fps total                   : 15,667
  epoch                       : 117 / 1,000
  frames                      : 19,169,280


Policy 0: saving next best rewards:  [196.81]
=> saving checkpoint 'runs/mg_A_seed2801/nn/mg_A_seed2801.pth'

Timing:
  Play time               : 9.682 s
  Update time             : 0.837 s
  Time to train epoch     : 10.519 s


Statistics:
  fps step                    : 17,191
  fps step + policy inference : 16,923
  fps total                   : 15,576
  epoch                       : 118 / 1,000
  frames                      : 19,333,120


Policy 0: saving next best rewards:  [197.31]
=> saving checkpoint 'runs/mg_A_seed2801/nn/mg_A_seed2801.pth'

Timing:
  Play time               : 9.695 s
  Update time             : 0.869 s
  Time to train epoch     : 10.563 s


Statistics:
  fps step                    : 17,165
  fps step + policy inference : 16,900
  fps total                   : 15,510
  epoch                       : 119 / 1,000
  frames                      : 19,496,960


Policy 0: saving next best rewards:  [197.73]
=> saving checkpoint 'runs/mg_A_seed2801/nn/mg_A_seed2801.pth'

Timing:
  Play time               : 9.853 s
  Update time             : 0.805 s
  Time to train epoch     : 10.658 s


Statistics:
  fps step                    : 16,880
  fps step + policy inference : 16,628
  fps total                   : 15,372
  epoch                       : 120 / 1,000
  frames                      : 19,660,800


Policy 0: saving next best rewards:  [198.12]
=> saving checkpoint 'runs/mg_A_seed2801/nn/mg_A_seed2801.pth'

Timing:
  Play time               : 10.025 s
  Update time             : 0.763 s
  Time to train epoch     : 10.788 s


Statistics:
  fps step                    : 16,597
  fps step + policy inference : 16,343
  fps total                   : 15,187
  epoch                       : 121 / 1,000
  frames                      : 19,824,640


Policy 0: saving next best rewards:  [198.63]
=> saving checkpoint 'runs/mg_A_seed2801/nn/mg_A_seed2801.pth'

Timing:
  Play time               : 9.973 s
  Update time             : 0.784 s
  Time to train epoch     : 10.758 s


Statistics:
  fps step                    : 16,679
  fps step + policy inference : 16,428
  fps total                   : 15,230
  epoch                       : 122 / 1,000
  frames                      : 19,988,480


Policy 0: saving next best rewards:  [199.47]
=> saving checkpoint 'runs/mg_A_seed2801/nn/mg_A_seed2801.pth'

Timing:
  Play time               : 9.999 s
  Update time             : 0.785 s
  Time to train epoch     : 10.784 s


Statistics:
  fps step                    : 16,644
  fps step + policy inference : 16,386
  fps total                   : 15,193
  epoch                       : 123 / 1,000
  frames                      : 20,152,320


Policy 0: saving next best rewards:  [200.23]
=> saving checkpoint 'runs/mg_A_seed2801/nn/mg_A_seed2801.pth'

Timing:
  Play time               : 10.016 s
  Update time             : 0.855 s
  Time to train epoch     : 10.871 s


Statistics:
  fps step                    : 16,610
  fps step + policy inference : 16,358
  fps total                   : 15,071
  epoch                       : 124 / 1,000
  frames                      : 20,316,160


Policy 0: saving next best rewards:  [200.94]
=> saving checkpoint 'runs/mg_A_seed2801/nn/mg_A_seed2801.pth'

Timing:
  Play time               : 10.005 s
  Update time             : 0.942 s
  Time to train epoch     : 10.947 s


Statistics:
  fps step                    : 16,633
  fps step + policy inference : 16,375
  fps total                   : 14,967
  epoch                       : 125 / 1,000
  frames                      : 20,480,000


Policy 0: saving next best rewards:  [202.11]
=> saving checkpoint 'runs/mg_A_seed2801/nn/mg_A_seed2801.pth'

Timing:
  Play time               : 9.839 s
  Update time             : 0.859 s
  Time to train epoch     : 10.698 s


Statistics:
  fps step                    : 16,918
  fps step + policy inference : 16,653
  fps total                   : 15,315
  epoch                       : 126 / 1,000
  frames                      : 20,643,840


Policy 0: saving next best rewards:  [202.97]
=> saving checkpoint 'runs/mg_A_seed2801/nn/mg_A_seed2801.pth'

Timing:
  Play time               : 9.965 s
  Update time             : 0.846 s
  Time to train epoch     : 10.810 s


Statistics:
  fps step                    : 16,705
  fps step + policy inference : 16,442
  fps total                   : 15,156
  epoch                       : 127 / 1,000
  frames                      : 20,807,680


Policy 0: saving next best rewards:  [204.]
=> saving checkpoint 'runs/mg_A_seed2801/nn/mg_A_seed2801.pth'

Timing:
  Play time               : 9.997 s
  Update time             : 0.760 s
  Time to train epoch     : 10.757 s


Statistics:
  fps step                    : 16,639
  fps step + policy inference : 16,389
  fps total                   : 15,231
  epoch                       : 128 / 1,000
  frames                      : 20,971,520


Policy 0: saving next best rewards:  [204.79]
=> saving checkpoint 'runs/mg_A_seed2801/nn/mg_A_seed2801.pth'

Timing:
  Play time               : 10.011 s
  Update time             : 0.844 s
  Time to train epoch     : 10.854 s


Statistics:
  fps step                    : 16,625
  fps step + policy inference : 16,366
  fps total                   : 15,094
  epoch                       : 129 / 1,000
  frames                      : 21,135,360


Policy 0: saving next best rewards:  [205.91]
=> saving checkpoint 'runs/mg_A_seed2801/nn/mg_A_seed2801.pth'

Timing:
  Play time               : 10.017 s
  Update time             : 0.842 s
  Time to train epoch     : 10.859 s


Statistics:
  fps step                    : 16,620
  fps step + policy inference : 16,357
  fps total                   : 15,088
  epoch                       : 130 / 1,000
  frames                      : 21,299,200


Policy 0: saving next best rewards:  [207.37]
=> saving checkpoint 'runs/mg_A_seed2801/nn/mg_A_seed2801.pth'

Timing:
  Play time               : 10.034 s
  Update time             : 0.816 s
  Time to train epoch     : 10.850 s


Statistics:
  fps step                    : 16,589
  fps step + policy inference : 16,329
  fps total                   : 15,101
  epoch                       : 131 / 1,000
  frames                      : 21,463,040


Policy 0: saving next best rewards:  [208.54]
=> saving checkpoint 'runs/mg_A_seed2801/nn/mg_A_seed2801.pth'

Timing:
  Play time               : 10.018 s
  Update time             : 0.951 s
  Time to train epoch     : 10.969 s


Statistics:
  fps step                    : 16,801
  fps step + policy inference : 16,354
  fps total                   : 14,937
  epoch                       : 132 / 1,000
  frames                      : 21,626,880


Policy 0: saving next best rewards:  [219.98]
=> saving checkpoint 'runs/mg_A_seed2801/nn/mg_A_seed2801.pth'

Timing:
  Play time               : 9.762 s
  Update time             : 1.076 s
  Time to train epoch     : 10.838 s


Statistics:
  fps step                    : 17,089
  fps step + policy inference : 16,784
  fps total                   : 15,117
  epoch                       : 133 / 1,000
  frames                      : 21,790,720


Policy 0: saving next best rewards:  [221.75]
=> saving checkpoint 'runs/mg_A_seed2801/nn/mg_A_seed2801.pth'

Timing:
  Play time               : 9.727 s
  Update time             : 0.992 s
  Time to train epoch     : 10.719 s


Statistics:
  fps step                    : 17,123
  fps step + policy inference : 16,844
  fps total                   : 15,286
  epoch                       : 134 / 1,000
  frames                      : 21,954,560


Policy 0: saving next best rewards:  [222.9]
=> saving checkpoint 'runs/mg_A_seed2801/nn/mg_A_seed2801.pth'

Timing:
  Play time               : 9.638 s
  Update time             : 0.786 s
  Time to train epoch     : 10.424 s


Statistics:
  fps step                    : 17,264
  fps step + policy inference : 17,000
  fps total                   : 15,718
  epoch                       : 135 / 1,000
  frames                      : 22,118,400


Policy 0: saving next best rewards:  [223.51]
=> saving checkpoint 'runs/mg_A_seed2801/nn/mg_A_seed2801.pth'

Timing:
  Play time               : 9.673 s
  Update time             : 0.739 s
  Time to train epoch     : 10.412 s


Statistics:
  fps step                    : 17,201
  fps step + policy inference : 16,937
  fps total                   : 15,735
  epoch                       : 136 / 1,000
  frames                      : 22,282,240


Policy 0: saving next best rewards:  [223.92]
=> saving checkpoint 'runs/mg_A_seed2801/nn/mg_A_seed2801.pth'

Timing:
  Play time               : 9.699 s
  Update time             : 0.737 s
  Time to train epoch     : 10.436 s


Statistics:
  fps step                    : 17,153
  fps step + policy inference : 16,893
  fps total                   : 15,700
  epoch                       : 137 / 1,000
  frames                      : 22,446,080


Policy 0: saving next best rewards:  [224.21]
=> saving checkpoint 'runs/mg_A_seed2801/nn/mg_A_seed2801.pth'

Timing:
  Play time               : 9.702 s
  Update time             : 0.746 s
  Time to train epoch     : 10.447 s


Statistics:
  fps step                    : 17,150
  fps step + policy inference : 16,888
  fps total                   : 15,683
  epoch                       : 138 / 1,000
  frames                      : 22,609,920


Policy 0: saving next best rewards:  [224.76]
=> saving checkpoint 'runs/mg_A_seed2801/nn/mg_A_seed2801.pth'

Timing:
  Play time               : 9.725 s
  Update time             : 0.766 s
  Time to train epoch     : 10.491 s


Statistics:
  fps step                    : 17,103
  fps step + policy inference : 16,848
  fps total                   : 15,618
  epoch                       : 139 / 1,000
  frames                      : 22,773,760


Policy 0: saving next best rewards:  [225.04]
=> saving checkpoint 'runs/mg_A_seed2801/nn/mg_A_seed2801.pth'

Timing:
  Play time               : 9.730 s
  Update time             : 0.748 s
  Time to train epoch     : 10.478 s


Statistics:
  fps step                    : 17,101
  fps step + policy inference : 16,839
  fps total                   : 15,637
  epoch                       : 140 / 1,000
  frames                      : 22,937,600


Policy 0: saving next best rewards:  [225.61]
=> saving checkpoint 'runs/mg_A_seed2801/nn/mg_A_seed2801.pth'

Timing:
  Play time               : 9.737 s
  Update time             : 0.766 s
  Time to train epoch     : 10.502 s


Statistics:
  fps step                    : 17,094
  fps step + policy inference : 16,827
  fps total                   : 15,600
  epoch                       : 141 / 1,000
  frames                      : 23,101,440


Policy 0: saving next best rewards:  [226.53]
=> saving checkpoint 'runs/mg_A_seed2801/nn/mg_A_seed2801.pth'

Timing:
  Play time               : 9.748 s
  Update time             : 0.829 s
  Time to train epoch     : 10.577 s


Statistics:
  fps step                    : 17,078
  fps step + policy inference : 16,808
  fps total                   : 15,490
  epoch                       : 142 / 1,000
  frames                      : 23,265,280


Policy 0: saving next best rewards:  [227.31]
=> saving checkpoint 'runs/mg_A_seed2801/nn/mg_A_seed2801.pth'

Timing:
  Play time               : 9.762 s
  Update time             : 0.892 s
  Time to train epoch     : 10.654 s


Statistics:
  fps step                    : 17,052
  fps step + policy inference : 16,784
  fps total                   : 15,379
  epoch                       : 143 / 1,000
  frames                      : 23,429,120


Policy 0: saving next best rewards:  [228.01]
=> saving checkpoint 'runs/mg_A_seed2801/nn/mg_A_seed2801.pth'

Timing:
  Play time               : 9.755 s
  Update time             : 0.895 s
  Time to train epoch     : 10.650 s


Statistics:
  fps step                    : 17,064
  fps step + policy inference : 16,796
  fps total                   : 15,385
  epoch                       : 144 / 1,000
  frames                      : 23,592,960


Policy 0: saving next best rewards:  [228.97]
=> saving checkpoint 'runs/mg_A_seed2801/nn/mg_A_seed2801.pth'

Timing:
  Play time               : 9.739 s
  Update time             : 0.865 s
  Time to train epoch     : 10.604 s


Statistics:
  fps step                    : 17,101
  fps step + policy inference : 16,823
  fps total                   : 15,450
  epoch                       : 145 / 1,000
  frames                      : 23,756,800


Policy 0: saving next best rewards:  [229.84]
=> saving checkpoint 'runs/mg_A_seed2801/nn/mg_A_seed2801.pth'

Timing:
  Play time               : 9.741 s
  Update time             : 0.794 s
  Time to train epoch     : 10.535 s


Statistics:
  fps step                    : 17,092
  fps step + policy inference : 16,819
  fps total                   : 15,552
  epoch                       : 146 / 1,000
  frames                      : 23,920,640


Policy 0: saving next best rewards:  [230.42]
=> saving checkpoint 'runs/mg_A_seed2801/nn/mg_A_seed2801.pth'

Timing:
  Play time               : 9.722 s
  Update time             : 0.787 s
  Time to train epoch     : 10.509 s


Statistics:
  fps step                    : 17,125
  fps step + policy inference : 16,853
  fps total                   : 15,590
  epoch                       : 147 / 1,000
  frames                      : 24,084,480


Policy 0: saving next best rewards:  [231.25]
=> saving checkpoint 'runs/mg_A_seed2801/nn/mg_A_seed2801.pth'

Timing:
  Play time               : 9.753 s
  Update time             : 0.813 s
  Time to train epoch     : 10.566 s


Statistics:
  fps step                    : 17,071
  fps step + policy inference : 16,800
  fps total                   : 15,507
  epoch                       : 148 / 1,000
  frames                      : 24,248,320


Policy 0: saving next best rewards:  [232.56]
=> saving checkpoint 'runs/mg_A_seed2801/nn/mg_A_seed2801.pth'

Timing:
  Play time               : 9.776 s
  Update time             : 0.812 s
  Time to train epoch     : 10.588 s


Statistics:
  fps step                    : 17,032
  fps step + policy inference : 16,760
  fps total                   : 15,474
  epoch                       : 149 / 1,000
  frames                      : 24,412,160


Policy 0: saving next best rewards:  [234.05]
=> saving checkpoint 'runs/mg_A_seed2801/nn/mg_A_seed2801.pth'

Timing:
  Play time               : 9.860 s
  Update time             : 0.902 s
  Time to train epoch     : 10.762 s


Statistics:
  fps step                    : 17,041
  fps step + policy inference : 16,616
  fps total                   : 15,223
  epoch                       : 150 / 1,000
  frames                      : 24,576,000


Policy 0: saving next best rewards:  [240.75]
=> saving checkpoint 'runs/mg_A_seed2801/nn/mg_A_seed2801.pth'

Timing:
  Play time               : 9.801 s
  Update time             : 1.053 s
  Time to train epoch     : 10.854 s


Statistics:
  fps step                    : 17,040
  fps step + policy inference : 16,717
  fps total                   : 15,095
  epoch                       : 151 / 1,000
  frames                      : 24,739,840


Policy 0: saving next best rewards:  [243.77]
=> saving checkpoint 'runs/mg_A_seed2801/nn/mg_A_seed2801.pth'

Timing:
  Play time               : 9.773 s
  Update time             : 0.978 s
  Time to train epoch     : 10.752 s


Statistics:
  fps step                    : 17,055
  fps step + policy inference : 16,764
  fps total                   : 15,238
  epoch                       : 152 / 1,000
  frames                      : 24,903,680


Policy 0: saving next best rewards:  [245.05]
=> saving checkpoint 'runs/mg_A_seed2801/nn/mg_A_seed2801.pth'

Timing:
  Play time               : 9.636 s
  Update time             : 0.914 s
  Time to train epoch     : 10.550 s


Statistics:
  fps step                    : 17,284
  fps step + policy inference : 17,003
  fps total                   : 15,531
  epoch                       : 153 / 1,000
  frames                      : 25,067,520


Policy 0: saving next best rewards:  [245.83]
=> saving checkpoint 'runs/mg_A_seed2801/nn/mg_A_seed2801.pth'

Timing:
  Play time               : 9.565 s
  Update time             : 0.765 s
  Time to train epoch     : 10.330 s


Statistics:
  fps step                    : 17,392
  fps step + policy inference : 17,129
  fps total                   : 15,861
  epoch                       : 154 / 1,000
  frames                      : 25,231,360


Policy 0: saving next best rewards:  [246.11]
=> saving checkpoint 'runs/mg_A_seed2801/nn/mg_A_seed2801.pth'

Timing:
  Play time               : 9.641 s
  Update time             : 0.731 s
  Time to train epoch     : 10.372 s


Statistics:
  fps step                    : 17,254
  fps step + policy inference : 16,994
  fps total                   : 15,796
  epoch                       : 155 / 1,000
  frames                      : 25,395,200


Policy 0: saving next best rewards:  [246.47]
=> saving checkpoint 'runs/mg_A_seed2801/nn/mg_A_seed2801.pth'

Timing:
  Play time               : 9.712 s
  Update time             : 0.771 s
  Time to train epoch     : 10.483 s


Statistics:
  fps step                    : 17,132
  fps step + policy inference : 16,870
  fps total                   : 15,628
  epoch                       : 156 / 1,000
  frames                      : 25,559,040


Policy 0: saving next best rewards:  [246.97]
=> saving checkpoint 'runs/mg_A_seed2801/nn/mg_A_seed2801.pth'

Timing:
  Play time               : 9.717 s
  Update time             : 0.740 s
  Time to train epoch     : 10.457 s


Statistics:
  fps step                    : 17,123
  fps step + policy inference : 16,861
  fps total                   : 15,668
  epoch                       : 157 / 1,000
  frames                      : 25,722,880


Policy 0: saving next best rewards:  [247.49]
=> saving checkpoint 'runs/mg_A_seed2801/nn/mg_A_seed2801.pth'

Timing:
  Play time               : 9.738 s
  Update time             : 0.747 s
  Time to train epoch     : 10.485 s


Statistics:
  fps step                    : 17,087
  fps step + policy inference : 16,824
  fps total                   : 15,626
  epoch                       : 158 / 1,000
  frames                      : 25,886,720


Policy 0: 
Timing:
  Play time               : 9.748 s
  Update time             : 0.761 s
  Time to train epoch     : 10.510 s


Statistics:
  fps step                    : 17,075
  fps step + policy inference : 16,807
  fps total                   : 15,590
  epoch                       : 159 / 1,000
  frames                      : 26,050,560


Policy 0: saving next best rewards:  [248.35]
=> saving checkpoint 'runs/mg_A_seed2801/nn/mg_A_seed2801.pth'

Timing:
  Play time               : 9.700 s
  Update time             : 0.770 s
  Time to train epoch     : 10.470 s


Statistics:
  fps step                    : 17,165
  fps step + policy inference : 16,892
  fps total                   : 15,649
  epoch                       : 160 / 1,000
  frames                      : 26,214,400


Policy 0: saving next best rewards:  [249.16]
=> saving checkpoint 'runs/mg_A_seed2801/nn/mg_A_seed2801.pth'

Timing:
  Play time               : 9.761 s
  Update time             : 0.810 s
  Time to train epoch     : 10.571 s


Statistics:
  fps step                    : 17,062
  fps step + policy inference : 16,785
  fps total                   : 15,499
  epoch                       : 161 / 1,000
  frames                      : 26,378,240


Policy 0: saving next best rewards:  [249.8]
=> saving checkpoint 'runs/mg_A_seed2801/nn/mg_A_seed2801.pth'

Timing:
  Play time               : 9.747 s
  Update time             : 0.807 s
  Time to train epoch     : 10.554 s


Statistics:
  fps step                    : 17,076
  fps step + policy inference : 16,809
  fps total                   : 15,524
  epoch                       : 162 / 1,000
  frames                      : 26,542,080


Policy 0: saving next best rewards:  [250.41]
=> saving checkpoint 'runs/mg_A_seed2801/nn/mg_A_seed2801.pth'

Timing:
  Play time               : 9.767 s
  Update time             : 0.852 s
  Time to train epoch     : 10.619 s


Statistics:
  fps step                    : 17,042
  fps step + policy inference : 16,774
  fps total                   : 15,429
  epoch                       : 163 / 1,000
  frames                      : 26,705,920


Policy 0: saving next best rewards:  [251.05]
=> saving checkpoint 'runs/mg_A_seed2801/nn/mg_A_seed2801.pth'

Timing:
  Play time               : 9.742 s
  Update time             : 0.915 s
  Time to train epoch     : 10.657 s


Statistics:
  fps step                    : 17,092
  fps step + policy inference : 16,818
  fps total                   : 15,374
  epoch                       : 164 / 1,000
  frames                      : 26,869,760


Policy 0: saving next best rewards:  [252.17]
=> saving checkpoint 'runs/mg_A_seed2801/nn/mg_A_seed2801.pth'

Timing:
  Play time               : 9.749 s
  Update time             : 0.897 s
  Time to train epoch     : 10.647 s


Statistics:
  fps step                    : 17,075
  fps step + policy inference : 16,805
  fps total                   : 15,389
  epoch                       : 165 / 1,000
  frames                      : 27,033,600


Policy 0: saving next best rewards:  [253.01]
=> saving checkpoint 'runs/mg_A_seed2801/nn/mg_A_seed2801.pth'

Timing:
  Play time               : 9.751 s
  Update time             : 0.862 s
  Time to train epoch     : 10.613 s


Statistics:
  fps step                    : 17,068
  fps step + policy inference : 16,802
  fps total                   : 15,437
  epoch                       : 166 / 1,000
  frames                      : 27,197,440


Policy 0: saving next best rewards:  [253.64]
=> saving checkpoint 'runs/mg_A_seed2801/nn/mg_A_seed2801.pth'

Timing:
  Play time               : 9.762 s
  Update time             : 0.817 s
  Time to train epoch     : 10.579 s


Statistics:
  fps step                    : 17,057
  fps step + policy inference : 16,783
  fps total                   : 15,488
  epoch                       : 167 / 1,000
  frames                      : 27,361,280


Policy 0: saving next best rewards:  [254.78]
=> saving checkpoint 'runs/mg_A_seed2801/nn/mg_A_seed2801.pth'

Timing:
  Play time               : 9.817 s
  Update time             : 0.815 s
  Time to train epoch     : 10.632 s


Statistics:
  fps step                    : 16,964
  fps step + policy inference : 16,690
  fps total                   : 15,410
  epoch                       : 168 / 1,000
  frames                      : 27,525,120


Policy 0: saving next best rewards:  [256.14]
=> saving checkpoint 'runs/mg_A_seed2801/nn/mg_A_seed2801.pth'

Timing:
  Play time               : 9.883 s
  Update time             : 0.870 s
  Time to train epoch     : 10.753 s


Statistics:
  fps step                    : 17,006
  fps step + policy inference : 16,578
  fps total                   : 15,237
  epoch                       : 169 / 1,000
  frames                      : 27,688,960


Policy 0: saving next best rewards:  [263.]
=> saving checkpoint 'runs/mg_A_seed2801/nn/mg_A_seed2801.pth'

Timing:
  Play time               : 9.855 s
  Update time             : 0.984 s
  Time to train epoch     : 10.839 s


Statistics:
  fps step                    : 16,939
  fps step + policy inference : 16,624
  fps total                   : 15,115
  epoch                       : 170 / 1,000
  frames                      : 27,852,800


Policy 0: saving next best rewards:  [264.52]
=> saving checkpoint 'runs/mg_A_seed2801/nn/mg_A_seed2801.pth'

Timing:
  Play time               : 9.858 s
  Update time             : 1.026 s
  Time to train epoch     : 10.885 s


Statistics:
  fps step                    : 16,900
  fps step + policy inference : 16,620
  fps total                   : 15,052
  epoch                       : 171 / 1,000
  frames                      : 28,016,640


Policy 0: saving next best rewards:  [265.47]
=> saving checkpoint 'runs/mg_A_seed2801/nn/mg_A_seed2801.pth'

Timing:
  Play time               : 9.749 s
  Update time             : 0.934 s
  Time to train epoch     : 10.683 s


Statistics:
  fps step                    : 17,078
  fps step + policy inference : 16,805
  fps total                   : 15,336
  epoch                       : 172 / 1,000
  frames                      : 28,180,480


Policy 0: saving next best rewards:  [266.35]
=> saving checkpoint 'runs/mg_A_seed2801/nn/mg_A_seed2801.pth'

Timing:
  Play time               : 9.723 s
  Update time             : 0.835 s
  Time to train epoch     : 10.558 s


Statistics:
  fps step                    : 17,105
  fps step + policy inference : 16,850
  fps total                   : 15,518
  epoch                       : 173 / 1,000
  frames                      : 28,344,320


Policy 0: saving next best rewards:  [266.44]
=> saving checkpoint 'runs/mg_A_seed2801/nn/mg_A_seed2801.pth'

Timing:
  Play time               : 9.733 s
  Update time             : 0.736 s
  Time to train epoch     : 10.469 s


Statistics:
  fps step                    : 17,096
  fps step + policy inference : 16,834
  fps total                   : 15,650
  epoch                       : 174 / 1,000
  frames                      : 28,508,160


Policy 0: saving next best rewards:  [266.69]
=> saving checkpoint 'runs/mg_A_seed2801/nn/mg_A_seed2801.pth'

Timing:
  Play time               : 9.720 s
  Update time             : 0.749 s
  Time to train epoch     : 10.469 s


Statistics:
  fps step                    : 17,118
  fps step + policy inference : 16,856
  fps total                   : 15,649
  epoch                       : 175 / 1,000
  frames                      : 28,672,000


Policy 0: saving next best rewards:  [266.85]
=> saving checkpoint 'runs/mg_A_seed2801/nn/mg_A_seed2801.pth'

Timing:
  Play time               : 9.709 s
  Update time             : 0.773 s
  Time to train epoch     : 10.482 s


Statistics:
  fps step                    : 17,135
  fps step + policy inference : 16,874
  fps total                   : 15,631
  epoch                       : 176 / 1,000
  frames                      : 28,835,840


Policy 0: 
Timing:
  Play time               : 9.793 s
  Update time             : 0.805 s
  Time to train epoch     : 10.598 s


Statistics:
  fps step                    : 16,989
  fps step + policy inference : 16,730
  fps total                   : 15,459
  epoch                       : 177 / 1,000
  frames                      : 28,999,680


Policy 0: 
Timing:
  Play time               : 9.753 s
  Update time             : 0.787 s
  Time to train epoch     : 10.540 s


Statistics:
  fps step                    : 17,069
  fps step + policy inference : 16,799
  fps total                   : 15,544
  epoch                       : 178 / 1,000
  frames                      : 29,163,520


Policy 0: saving next best rewards:  [266.9]
=> saving checkpoint 'runs/mg_A_seed2801/nn/mg_A_seed2801.pth'

Timing:
  Play time               : 9.718 s
  Update time             : 0.801 s
  Time to train epoch     : 10.519 s


Statistics:
  fps step                    : 17,131
  fps step + policy inference : 16,860
  fps total                   : 15,576
  epoch                       : 179 / 1,000
  frames                      : 29,327,360


Policy 0: saving next best rewards:  [267.59]
=> saving checkpoint 'runs/mg_A_seed2801/nn/mg_A_seed2801.pth'

Timing:
  Play time               : 9.742 s
  Update time             : 0.911 s
  Time to train epoch     : 10.653 s


Statistics:
  fps step                    : 17,086
  fps step + policy inference : 16,818
  fps total                   : 15,380
  epoch                       : 180 / 1,000
  frames                      : 29,491,200


Policy 0: saving next best rewards:  [268.62]
=> saving checkpoint 'runs/mg_A_seed2801/nn/mg_A_seed2801.pth'

Timing:
  Play time               : 9.725 s
  Update time             : 0.916 s
  Time to train epoch     : 10.641 s


Statistics:
  fps step                    : 17,117
  fps step + policy inference : 16,848
  fps total                   : 15,397
  epoch                       : 181 / 1,000
  frames                      : 29,655,040


Policy 0: saving next best rewards:  [269.62]
=> saving checkpoint 'runs/mg_A_seed2801/nn/mg_A_seed2801.pth'

Timing:
  Play time               : 9.708 s
  Update time             : 0.825 s
  Time to train epoch     : 10.533 s


Statistics:
  fps step                    : 17,150
  fps step + policy inference : 16,877
  fps total                   : 15,555
  epoch                       : 182 / 1,000
  frames                      : 29,818,880


Policy 0: saving next best rewards:  [270.35]
=> saving checkpoint 'runs/mg_A_seed2801/nn/mg_A_seed2801.pth'

Timing:
  Play time               : 9.726 s
  Update time             : 0.874 s
  Time to train epoch     : 10.599 s


Statistics:
  fps step                    : 17,122
  fps step + policy inference : 16,846
  fps total                   : 15,458
  epoch                       : 183 / 1,000
  frames                      : 29,982,720


Policy 0: saving next best rewards:  [271.11]
=> saving checkpoint 'runs/mg_A_seed2801/nn/mg_A_seed2801.pth'

Timing:
  Play time               : 9.748 s
  Update time             : 0.766 s
  Time to train epoch     : 10.514 s


Statistics:
  fps step                    : 17,074
  fps step + policy inference : 16,808
  fps total                   : 15,583
  epoch                       : 184 / 1,000
  frames                      : 30,146,560


Policy 0: saving next best rewards:  [272.01]
=> saving checkpoint 'runs/mg_A_seed2801/nn/mg_A_seed2801.pth'

Timing:
  Play time               : 9.729 s
  Update time             : 0.798 s
  Time to train epoch     : 10.527 s


Statistics:
  fps step                    : 17,115
  fps step + policy inference : 16,840
  fps total                   : 15,564
  epoch                       : 185 / 1,000
  frames                      : 30,310,400


Policy 0: saving next best rewards:  [272.98]
=> saving checkpoint 'runs/mg_A_seed2801/nn/mg_A_seed2801.pth'

Timing:
  Play time               : 9.779 s
  Update time             : 0.854 s
  Time to train epoch     : 10.633 s


Statistics:
  fps step                    : 17,026
  fps step + policy inference : 16,754
  fps total                   : 15,409
  epoch                       : 186 / 1,000
  frames                      : 30,474,240


Policy 0: saving next best rewards:  [274.33]
=> saving checkpoint 'runs/mg_A_seed2801/nn/mg_A_seed2801.pth'

Timing:
  Play time               : 9.782 s
  Update time             : 0.860 s
  Time to train epoch     : 10.643 s


Statistics:
  fps step                    : 17,028
  fps step + policy inference : 16,749
  fps total                   : 15,395
  epoch                       : 187 / 1,000
  frames                      : 30,638,080


Policy 0: saving next best rewards:  [275.92]
=> saving checkpoint 'runs/mg_A_seed2801/nn/mg_A_seed2801.pth'

Timing:
  Play time               : 9.910 s
  Update time             : 0.982 s
  Time to train epoch     : 10.892 s


Statistics:
  fps step                    : 16,975
  fps step + policy inference : 16,533
  fps total                   : 15,043
  epoch                       : 188 / 1,000
  frames                      : 30,801,920


Policy 0: saving next best rewards:  [284.09]
=> saving checkpoint 'runs/mg_A_seed2801/nn/mg_A_seed2801.pth'

Timing:
  Play time               : 9.791 s
  Update time             : 1.066 s
  Time to train epoch     : 10.857 s


Statistics:
  fps step                    : 17,050
  fps step + policy inference : 16,735
  fps total                   : 15,091
  epoch                       : 189 / 1,000
  frames                      : 30,965,760


Policy 0: saving next best rewards:  [286.08]
=> saving checkpoint 'runs/mg_A_seed2801/nn/mg_A_seed2801.pth'

Timing:
  Play time               : 9.750 s
  Update time             : 0.968 s
  Time to train epoch     : 10.719 s


Statistics:
  fps step                    : 17,086
  fps step + policy inference : 16,804
  fps total                   : 15,285
  epoch                       : 190 / 1,000
  frames                      : 31,129,600


Policy 0: saving next best rewards:  [286.53]
=> saving checkpoint 'runs/mg_A_seed2801/nn/mg_A_seed2801.pth'

Timing:
  Play time               : 9.621 s
  Update time             : 0.791 s
  Time to train epoch     : 10.412 s


Statistics:
  fps step                    : 17,303
  fps step + policy inference : 17,029
  fps total                   : 15,736
  epoch                       : 191 / 1,000
  frames                      : 31,293,440


Policy 0: saving next best rewards:  [287.26]
=> saving checkpoint 'runs/mg_A_seed2801/nn/mg_A_seed2801.pth'

Timing:
  Play time               : 9.638 s
  Update time             : 0.733 s
  Time to train epoch     : 10.371 s


Statistics:
  fps step                    : 17,265
  fps step + policy inference : 16,999
  fps total                   : 15,798
  epoch                       : 192 / 1,000
  frames                      : 31,457,280


Policy 0: saving next best rewards:  [287.36]
=> saving checkpoint 'runs/mg_A_seed2801/nn/mg_A_seed2801.pth'

Timing:
  Play time               : 9.652 s
  Update time             : 0.743 s
  Time to train epoch     : 10.395 s


Statistics:
  fps step                    : 17,246
  fps step + policy inference : 16,975
  fps total                   : 15,762
  epoch                       : 193 / 1,000
  frames                      : 31,621,120


Policy 0: saving next best rewards:  [287.92]
=> saving checkpoint 'runs/mg_A_seed2801/nn/mg_A_seed2801.pth'

Timing:
  Play time               : 9.643 s
  Update time             : 0.750 s
  Time to train epoch     : 10.393 s


Statistics:
  fps step                    : 17,252
  fps step + policy inference : 16,990
  fps total                   : 15,764
  epoch                       : 194 / 1,000
  frames                      : 31,784,960


Policy 0: 
Timing:
  Play time               : 9.659 s
  Update time             : 0.760 s
  Time to train epoch     : 10.419 s


Statistics:
  fps step                    : 17,226
  fps step + policy inference : 16,962
  fps total                   : 15,725
  epoch                       : 195 / 1,000
  frames                      : 31,948,800


Policy 0: saving next best rewards:  [288.34]
=> saving checkpoint 'runs/mg_A_seed2801/nn/mg_A_seed2801.pth'

Timing:
  Play time               : 9.757 s
  Update time             : 0.785 s
  Time to train epoch     : 10.542 s


Statistics:
  fps step                    : 17,056
  fps step + policy inference : 16,791
  fps total                   : 15,541
  epoch                       : 196 / 1,000
  frames                      : 32,112,640


Policy 0: saving next best rewards:  [288.85]
=> saving checkpoint 'runs/mg_A_seed2801/nn/mg_A_seed2801.pth'

Timing:
  Play time               : 9.722 s
  Update time             : 0.839 s
  Time to train epoch     : 10.562 s


Statistics:
  fps step                    : 17,121
  fps step + policy inference : 16,852
  fps total                   : 15,513
  epoch                       : 197 / 1,000
  frames                      : 32,276,480


Policy 0: saving next best rewards:  [289.69]
=> saving checkpoint 'runs/mg_A_seed2801/nn/mg_A_seed2801.pth'

Timing:
  Play time               : 9.721 s
  Update time             : 0.901 s
  Time to train epoch     : 10.623 s


Statistics:
  fps step                    : 17,128
  fps step + policy inference : 16,854
  fps total                   : 15,424
  epoch                       : 198 / 1,000
  frames                      : 32,440,320


Policy 0: saving next best rewards:  [290.7]
=> saving checkpoint 'runs/mg_A_seed2801/nn/mg_A_seed2801.pth'

Timing:
  Play time               : 9.751 s
  Update time             : 0.882 s
  Time to train epoch     : 10.632 s


Statistics:
  fps step                    : 17,068
  fps step + policy inference : 16,803
  fps total                   : 15,410
  epoch                       : 199 / 1,000
  frames                      : 32,604,160


Policy 0: saving next best rewards:  [291.31]
=> saving checkpoint 'runs/mg_A_seed2801/nn/mg_A_seed2801.pth'

Timing:
  Play time               : 9.756 s
  Update time             : 0.840 s
  Time to train epoch     : 10.596 s


Statistics:
  fps step                    : 17,065
  fps step + policy inference : 16,794
  fps total                   : 15,463
  epoch                       : 200 / 1,000
  frames                      : 32,768,000


Policy 0: saving next best rewards:  [291.41]
=> saving checkpoint 'runs/mg_A_seed2801/nn/mg_A_seed2801.pth'

Timing:
  Play time               : 9.699 s
  Update time             : 0.799 s
  Time to train epoch     : 10.498 s


Statistics:
  fps step                    : 17,169
  fps step + policy inference : 16,893
  fps total                   : 15,607
  epoch                       : 201 / 1,000
  frames                      : 32,931,840


Policy 0: saving next best rewards:  [291.96]
=> saving checkpoint 'runs/mg_A_seed2801/nn/mg_A_seed2801.pth'

Timing:
  Play time               : 9.756 s
  Update time             : 0.810 s
  Time to train epoch     : 10.566 s


Statistics:
  fps step                    : 17,066
  fps step + policy inference : 16,794
  fps total                   : 15,506
  epoch                       : 202 / 1,000
  frames                      : 33,095,680


Policy 0: saving next best rewards:  [292.95]
=> saving checkpoint 'runs/mg_A_seed2801/nn/mg_A_seed2801.pth'

Timing:
  Play time               : 9.672 s
  Update time             : 0.752 s
  Time to train epoch     : 10.424 s


Statistics:
  fps step                    : 17,213
  fps step + policy inference : 16,940
  fps total                   : 15,718
  epoch                       : 203 / 1,000
  frames                      : 33,259,520


Policy 0: saving next best rewards:  [293.55]
=> saving checkpoint 'runs/mg_A_seed2801/nn/mg_A_seed2801.pth'

Timing:
  Play time               : 9.615 s
  Update time             : 0.864 s
  Time to train epoch     : 10.479 s


Statistics:
  fps step                    : 17,320
  fps step + policy inference : 17,040
  fps total                   : 15,635
  epoch                       : 204 / 1,000
  frames                      : 33,423,360


Policy 0: saving next best rewards:  [294.21]
=> saving checkpoint 'runs/mg_A_seed2801/nn/mg_A_seed2801.pth'

Timing:
  Play time               : 9.725 s
  Update time             : 1.013 s
  Time to train epoch     : 10.737 s


Statistics:
  fps step                    : 17,125
  fps step + policy inference : 16,848
  fps total                   : 15,259
  epoch                       : 205 / 1,000
  frames                      : 33,587,200


Policy 0: saving next best rewards:  [295.61]
=> saving checkpoint 'runs/mg_A_seed2801/nn/mg_A_seed2801.pth'

Timing:
  Play time               : 9.785 s
  Update time             : 0.916 s
  Time to train epoch     : 10.701 s


Statistics:
  fps step                    : 17,019
  fps step + policy inference : 16,745
  fps total                   : 15,311
  epoch                       : 206 / 1,000
  frames                      : 33,751,040


Policy 0: saving next best rewards:  [296.47]
=> saving checkpoint 'runs/mg_A_seed2801/nn/mg_A_seed2801.pth'

Timing:
  Play time               : 9.913 s
  Update time             : 0.947 s
  Time to train epoch     : 10.860 s


Statistics:
  fps step                    : 16,978
  fps step + policy inference : 16,528
  fps total                   : 15,087
  epoch                       : 207 / 1,000
  frames                      : 33,914,880


Policy 0: saving next best rewards:  [306.08]
=> saving checkpoint 'runs/mg_A_seed2801/nn/mg_A_seed2801.pth'

Timing:
  Play time               : 9.771 s
  Update time             : 0.970 s
  Time to train epoch     : 10.741 s


Statistics:
  fps step                    : 17,072
  fps step + policy inference : 16,768
  fps total                   : 15,254
  epoch                       : 208 / 1,000
  frames                      : 34,078,720


Policy 0: saving next best rewards:  [307.71]
=> saving checkpoint 'runs/mg_A_seed2801/nn/mg_A_seed2801.pth'

Timing:
  Play time               : 9.724 s
  Update time             : 0.886 s
  Time to train epoch     : 10.610 s


Statistics:
  fps step                    : 17,126
  fps step + policy inference : 16,849
  fps total                   : 15,442
  epoch                       : 209 / 1,000
  frames                      : 34,242,560


Policy 0: saving next best rewards:  [308.45]
=> saving checkpoint 'runs/mg_A_seed2801/nn/mg_A_seed2801.pth'

Timing:
  Play time               : 9.612 s
  Update time             : 0.786 s
  Time to train epoch     : 10.399 s


Statistics:
  fps step                    : 17,311
  fps step + policy inference : 17,045
  fps total                   : 15,756
  epoch                       : 210 / 1,000
  frames                      : 34,406,400


Policy 0: saving next best rewards:  [308.91]
=> saving checkpoint 'runs/mg_A_seed2801/nn/mg_A_seed2801.pth'

Timing:
  Play time               : 9.672 s
  Update time             : 0.789 s
  Time to train epoch     : 10.460 s


Statistics:
  fps step                    : 17,204
  fps step + policy inference : 16,940
  fps total                   : 15,663
  epoch                       : 211 / 1,000
  frames                      : 34,570,240


Policy 0: saving next best rewards:  [309.36]
=> saving checkpoint 'runs/mg_A_seed2801/nn/mg_A_seed2801.pth'

Timing:
  Play time               : 9.692 s
  Update time             : 0.827 s
  Time to train epoch     : 10.519 s


Statistics:
  fps step                    : 17,165
  fps step + policy inference : 16,905
  fps total                   : 15,576
  epoch                       : 212 / 1,000
  frames                      : 34,734,080


Policy 0: 
Timing:
  Play time               : 9.682 s
  Update time             : 0.810 s
  Time to train epoch     : 10.491 s


Statistics:
  fps step                    : 17,187
  fps step + policy inference : 16,922
  fps total                   : 15,616
  epoch                       : 213 / 1,000
  frames                      : 34,897,920


Policy 0: saving next best rewards:  [309.57]
=> saving checkpoint 'runs/mg_A_seed2801/nn/mg_A_seed2801.pth'

Timing:
  Play time               : 9.669 s
  Update time             : 0.825 s
  Time to train epoch     : 10.494 s


Statistics:
  fps step                    : 17,204
  fps step + policy inference : 16,945
  fps total                   : 15,613
  epoch                       : 214 / 1,000
  frames                      : 35,061,760


Policy 0: saving next best rewards:  [309.6]
=> saving checkpoint 'runs/mg_A_seed2801/nn/mg_A_seed2801.pth'

Timing:
  Play time               : 9.749 s
  Update time             : 0.793 s
  Time to train epoch     : 10.542 s


Statistics:
  fps step                    : 17,070
  fps step + policy inference : 16,806
  fps total                   : 15,542
  epoch                       : 215 / 1,000
  frames                      : 35,225,600


Policy 0: saving next best rewards:  [309.95]
=> saving checkpoint 'runs/mg_A_seed2801/nn/mg_A_seed2801.pth'

Timing:
  Play time               : 9.760 s
  Update time             : 0.803 s
  Time to train epoch     : 10.564 s


Statistics:
  fps step                    : 17,059
  fps step + policy inference : 16,786
  fps total                   : 15,510
  epoch                       : 216 / 1,000
  frames                      : 35,389,440


Policy 0: saving next best rewards:  [310.38]
=> saving checkpoint 'runs/mg_A_seed2801/nn/mg_A_seed2801.pth'

Timing:
  Play time               : 9.714 s
  Update time             : 0.798 s
  Time to train epoch     : 10.512 s


Statistics:
  fps step                    : 17,139
  fps step + policy inference : 16,866
  fps total                   : 15,586
  epoch                       : 217 / 1,000
  frames                      : 35,553,280


Policy 0: saving next best rewards:  [311.29]
=> saving checkpoint 'runs/mg_A_seed2801/nn/mg_A_seed2801.pth'

Timing:
  Play time               : 9.738 s
  Update time             : 0.808 s
  Time to train epoch     : 10.547 s


Statistics:
  fps step                    : 17,092
  fps step + policy inference : 16,824
  fps total                   : 15,535
  epoch                       : 218 / 1,000
  frames                      : 35,717,120


Policy 0: saving next best rewards:  [312.02]
=> saving checkpoint 'runs/mg_A_seed2801/nn/mg_A_seed2801.pth'

Timing:
  Play time               : 9.726 s
  Update time             : 0.820 s
  Time to train epoch     : 10.545 s


Statistics:
  fps step                    : 17,118
  fps step + policy inference : 16,846
  fps total                   : 15,537
  epoch                       : 219 / 1,000
  frames                      : 35,880,960


Policy 0: saving next best rewards:  [312.55]
=> saving checkpoint 'runs/mg_A_seed2801/nn/mg_A_seed2801.pth'

Timing:
  Play time               : 9.723 s
  Update time             : 0.832 s
  Time to train epoch     : 10.555 s


Statistics:
  fps step                    : 17,123
  fps step + policy inference : 16,850
  fps total                   : 15,522
  epoch                       : 220 / 1,000
  frames                      : 36,044,800


Policy 0: saving next best rewards:  [313.45]
=> saving checkpoint 'runs/mg_A_seed2801/nn/mg_A_seed2801.pth'

Timing:
  Play time               : 9.738 s
  Update time             : 0.873 s
  Time to train epoch     : 10.610 s


Statistics:
  fps step                    : 17,097
  fps step + policy inference : 16,825
  fps total                   : 15,442
  epoch                       : 221 / 1,000
  frames                      : 36,208,640


Policy 0: saving next best rewards:  [314.63]
=> saving checkpoint 'runs/mg_A_seed2801/nn/mg_A_seed2801.pth'

Timing:
  Play time               : 9.694 s
  Update time             : 0.851 s
  Time to train epoch     : 10.545 s


Statistics:
  fps step                    : 17,170
  fps step + policy inference : 16,902
  fps total                   : 15,538
  epoch                       : 222 / 1,000
  frames                      : 36,372,480


Policy 0: saving next best rewards:  [315.41]
=> saving checkpoint 'runs/mg_A_seed2801/nn/mg_A_seed2801.pth'

Timing:
  Play time               : 9.700 s
  Update time             : 0.862 s
  Time to train epoch     : 10.562 s


Statistics:
  fps step                    : 17,166
  fps step + policy inference : 16,891
  fps total                   : 15,512
  epoch                       : 223 / 1,000
  frames                      : 36,536,320


Policy 0: saving next best rewards:  [316.44]
=> saving checkpoint 'runs/mg_A_seed2801/nn/mg_A_seed2801.pth'

Timing:
  Play time               : 9.765 s
  Update time             : 0.872 s
  Time to train epoch     : 10.637 s


Statistics:
  fps step                    : 17,053
  fps step + policy inference : 16,778
  fps total                   : 15,403
  epoch                       : 224 / 1,000
  frames                      : 36,700,160


Policy 0: saving next best rewards:  [317.15]
=> saving checkpoint 'runs/mg_A_seed2801/nn/mg_A_seed2801.pth'

Timing:
  Play time               : 9.849 s
  Update time             : 0.817 s
  Time to train epoch     : 10.666 s


Statistics:
  fps step                    : 17,053
  fps step + policy inference : 16,636
  fps total                   : 15,361
  epoch                       : 225 / 1,000
  frames                      : 36,864,000


Policy 0: saving next best rewards:  [325.06]
=> saving checkpoint 'runs/mg_A_seed2801/nn/mg_A_seed2801.pth'

Timing:
  Play time               : 9.984 s
  Update time             : 1.086 s
  Time to train epoch     : 11.071 s


Statistics:
  fps step                    : 16,721
  fps step + policy inference : 16,409
  fps total                   : 14,800
  epoch                       : 226 / 1,000
  frames                      : 37,027,840


Policy 0: saving next best rewards:  [328.2]
=> saving checkpoint 'runs/mg_A_seed2801/nn/mg_A_seed2801.pth'

Timing:
  Play time               : 9.752 s
  Update time             : 0.942 s
  Time to train epoch     : 10.694 s


Statistics:
  fps step                    : 17,098
  fps step + policy inference : 16,800
  fps total                   : 15,321
  epoch                       : 227 / 1,000
  frames                      : 37,191,680


Policy 0: saving next best rewards:  [329.18]
=> saving checkpoint 'runs/mg_A_seed2801/nn/mg_A_seed2801.pth'

Timing:
  Play time               : 9.713 s
  Update time             : 0.909 s
  Time to train epoch     : 10.622 s


Statistics:
  fps step                    : 17,149
  fps step + policy inference : 16,868
  fps total                   : 15,425
  epoch                       : 228 / 1,000
  frames                      : 37,355,520


Policy 0: saving next best rewards:  [330.5]
=> saving checkpoint 'runs/mg_A_seed2801/nn/mg_A_seed2801.pth'

Timing:
  Play time               : 9.694 s
  Update time             : 0.798 s
  Time to train epoch     : 10.491 s


Statistics:
  fps step                    : 17,159
  fps step + policy inference : 16,902
  fps total                   : 15,617
  epoch                       : 229 / 1,000
  frames                      : 37,519,360


Policy 0: 
Timing:
  Play time               : 9.717 s
  Update time             : 0.849 s
  Time to train epoch     : 10.566 s


Statistics:
  fps step                    : 17,124
  fps step + policy inference : 16,861
  fps total                   : 15,506
  epoch                       : 230 / 1,000
  frames                      : 37,683,200


Policy 0: saving next best rewards:  [330.78]
=> saving checkpoint 'runs/mg_A_seed2801/nn/mg_A_seed2801.pth'

Timing:
  Play time               : 9.686 s
  Update time             : 0.852 s
  Time to train epoch     : 10.537 s


Statistics:
  fps step                    : 17,184
  fps step + policy inference : 16,916
  fps total                   : 15,549
  epoch                       : 231 / 1,000
  frames                      : 37,847,040


Policy 0: 
Timing:
  Play time               : 9.592 s
  Update time             : 0.783 s
  Time to train epoch     : 10.376 s


Statistics:
  fps step                    : 17,351
  fps step + policy inference : 17,081
  fps total                   : 15,791
  epoch                       : 232 / 1,000
  frames                      : 38,010,880


Policy 0: saving next best rewards:  [330.78]
=> saving checkpoint 'runs/mg_A_seed2801/nn/mg_A_seed2801.pth'

Timing:
  Play time               : 9.704 s
  Update time             : 0.799 s
  Time to train epoch     : 10.503 s


Statistics:
  fps step                    : 17,147
  fps step + policy inference : 16,884
  fps total                   : 15,599
  epoch                       : 233 / 1,000
  frames                      : 38,174,720


Policy 0: saving next best rewards:  [330.89]
=> saving checkpoint 'runs/mg_A_seed2801/nn/mg_A_seed2801.pth'

Timing:
  Play time               : 9.706 s
  Update time             : 0.781 s
  Time to train epoch     : 10.487 s


Statistics:
  fps step                    : 17,154
  fps step + policy inference : 16,881
  fps total                   : 15,624
  epoch                       : 234 / 1,000
  frames                      : 38,338,560


Policy 0: saving next best rewards:  [331.]
=> saving checkpoint 'runs/mg_A_seed2801/nn/mg_A_seed2801.pth'

Timing:
  Play time               : 9.695 s
  Update time             : 0.774 s
  Time to train epoch     : 10.469 s


Statistics:
  fps step                    : 17,173
  fps step + policy inference : 16,900
  fps total                   : 15,651
  epoch                       : 235 / 1,000
  frames                      : 38,502,400


Policy 0: saving next best rewards:  [331.69]
=> saving checkpoint 'runs/mg_A_seed2801/nn/mg_A_seed2801.pth'

Timing:
  Play time               : 9.728 s
  Update time             : 0.823 s
  Time to train epoch     : 10.551 s


Statistics:
  fps step                    : 17,120
  fps step + policy inference : 16,842
  fps total                   : 15,528
  epoch                       : 236 / 1,000
  frames                      : 38,666,240


Policy 0: saving next best rewards:  [332.25]
=> saving checkpoint 'runs/mg_A_seed2801/nn/mg_A_seed2801.pth'

Timing:
  Play time               : 9.716 s
  Update time             : 0.817 s
  Time to train epoch     : 10.532 s


Statistics:
  fps step                    : 17,136
  fps step + policy inference : 16,864
  fps total                   : 15,556
  epoch                       : 237 / 1,000
  frames                      : 38,830,080


Policy 0: saving next best rewards:  [332.81]
=> saving checkpoint 'runs/mg_A_seed2801/nn/mg_A_seed2801.pth'

Timing:
  Play time               : 9.685 s
  Update time             : 0.857 s
  Time to train epoch     : 10.543 s


Statistics:
  fps step                    : 17,195
  fps step + policy inference : 16,916
  fps total                   : 15,541
  epoch                       : 238 / 1,000
  frames                      : 38,993,920


Policy 0: saving next best rewards:  [333.57]
=> saving checkpoint 'runs/mg_A_seed2801/nn/mg_A_seed2801.pth'

Timing:
  Play time               : 9.743 s
  Update time             : 0.936 s
  Time to train epoch     : 10.679 s


Statistics:
  fps step                    : 17,093
  fps step + policy inference : 16,816
  fps total                   : 15,343
  epoch                       : 239 / 1,000
  frames                      : 39,157,760


Policy 0: saving next best rewards:  [334.39]
=> saving checkpoint 'runs/mg_A_seed2801/nn/mg_A_seed2801.pth'

Timing:
  Play time               : 9.720 s
  Update time             : 0.880 s
  Time to train epoch     : 10.599 s


Statistics:
  fps step                    : 17,130
  fps step + policy inference : 16,856
  fps total                   : 15,458
  epoch                       : 240 / 1,000
  frames                      : 39,321,600


Policy 0: saving next best rewards:  [334.84]
=> saving checkpoint 'runs/mg_A_seed2801/nn/mg_A_seed2801.pth'

Timing:
  Play time               : 9.746 s
  Update time             : 0.837 s
  Time to train epoch     : 10.582 s


Statistics:
  fps step                    : 17,085
  fps step + policy inference : 16,812
  fps total                   : 15,483
  epoch                       : 241 / 1,000
  frames                      : 39,485,440


Policy 0: saving next best rewards:  [335.24]
=> saving checkpoint 'runs/mg_A_seed2801/nn/mg_A_seed2801.pth'

Timing:
  Play time               : 9.859 s
  Update time             : 0.843 s
  Time to train epoch     : 10.702 s


Statistics:
  fps step                    : 16,890
  fps step + policy inference : 16,619
  fps total                   : 15,310
  epoch                       : 242 / 1,000
  frames                      : 39,649,280


Policy 0: saving next best rewards:  [336.68]
=> saving checkpoint 'runs/mg_A_seed2801/nn/mg_A_seed2801.pth'

Timing:
  Play time               : 9.723 s
  Update time             : 0.831 s
  Time to train epoch     : 10.553 s


Statistics:
  fps step                    : 17,131
  fps step + policy inference : 16,851
  fps total                   : 15,525
  epoch                       : 243 / 1,000
  frames                      : 39,813,120


Policy 0: saving next best rewards:  [337.59]
=> saving checkpoint 'runs/mg_A_seed2801/nn/mg_A_seed2801.pth'

Timing:
  Play time               : 9.830 s
  Update time             : 0.876 s
  Time to train epoch     : 10.706 s


Statistics:
  fps step                    : 17,102
  fps step + policy inference : 16,667
  fps total                   : 15,303
  epoch                       : 244 / 1,000
  frames                      : 39,976,960


Policy 0: saving next best rewards:  [344.06]
=> saving checkpoint 'runs/mg_A_seed2801/nn/mg_A_seed2801.pth'

Timing:
  Play time               : 9.813 s
  Update time             : 0.959 s
  Time to train epoch     : 10.773 s


Statistics:
  fps step                    : 17,016
  fps step + policy inference : 16,696
  fps total                   : 15,209
  epoch                       : 245 / 1,000
  frames                      : 40,140,800


Policy 0: saving next best rewards:  [346.91]
=> saving checkpoint 'runs/mg_A_seed2801/nn/mg_A_seed2801.pth'

Timing:
  Play time               : 9.697 s
  Update time             : 0.935 s
  Time to train epoch     : 10.632 s


Statistics:
  fps step                    : 17,189
  fps step + policy inference : 16,895
  fps total                   : 15,410
  epoch                       : 246 / 1,000
  frames                      : 40,304,640


Policy 0: saving next best rewards:  [347.09]
=> saving checkpoint 'runs/mg_A_seed2801/nn/mg_A_seed2801.pth'

Timing:
  Play time               : 9.644 s
  Update time             : 0.948 s
  Time to train epoch     : 10.592 s


Statistics:
  fps step                    : 17,270
  fps step + policy inference : 16,988
  fps total                   : 15,468
  epoch                       : 247 / 1,000
  frames                      : 40,468,480


Policy 0: saving next best rewards:  [347.29]
=> saving checkpoint 'runs/mg_A_seed2801/nn/mg_A_seed2801.pth'

Timing:
  Play time               : 9.631 s
  Update time             : 0.842 s
  Time to train epoch     : 10.474 s


Statistics:
  fps step                    : 17,277
  fps step + policy inference : 17,011
  fps total                   : 15,643
  epoch                       : 248 / 1,000
  frames                      : 40,632,320


Policy 0: saving next best rewards:  [347.5]
=> saving checkpoint 'runs/mg_A_seed2801/nn/mg_A_seed2801.pth'

Timing:
  Play time               : 9.623 s
  Update time             : 0.774 s
  Time to train epoch     : 10.396 s


Statistics:
  fps step                    : 17,291
  fps step + policy inference : 17,026
  fps total                   : 15,759
  epoch                       : 249 / 1,000
  frames                      : 40,796,160


Policy 0: saving next best rewards:  [347.59]
=> saving checkpoint 'runs/mg_A_seed2801/nn/mg_A_seed2801.pth'

Timing:
  Play time               : 9.621 s
  Update time             : 0.775 s
  Time to train epoch     : 10.397 s


Statistics:
  fps step                    : 17,294
  fps step + policy inference : 17,029
  fps total                   : 15,759
  epoch                       : 250 / 1,000
  frames                      : 40,960,000


Policy 0: saving next best rewards:  [348.19]
=> saving checkpoint 'runs/mg_A_seed2801/nn/mg_A_seed2801.pth'
Saved recovery checkpoint runs/mg_A_seed2801/checkpoints/epoch_000250.pth; evaluation_due=False

Timing:
  Play time               : 9.652 s
  Update time             : 0.785 s
  Time to train epoch     : 10.436 s


Statistics:
  fps step                    : 17,245
  fps step + policy inference : 16,975
  fps total                   : 15,699
  epoch                       : 251 / 1,000
  frames                      : 41,123,840


Policy 0: saving next best rewards:  [348.53]
=> saving checkpoint 'runs/mg_A_seed2801/nn/mg_A_seed2801.pth'

Timing:
  Play time               : 9.675 s
  Update time             : 0.771 s
  Time to train epoch     : 10.446 s


Statistics:
  fps step                    : 17,204
  fps step + policy inference : 16,934
  fps total                   : 15,684
  epoch                       : 252 / 1,000
  frames                      : 41,287,680


Policy 0: saving next best rewards:  [348.71]
=> saving checkpoint 'runs/mg_A_seed2801/nn/mg_A_seed2801.pth'

Timing:
  Play time               : 9.616 s
  Update time             : 0.775 s
  Time to train epoch     : 10.391 s


Statistics:
  fps step                    : 17,317
  fps step + policy inference : 17,039
  fps total                   : 15,768
  epoch                       : 253 / 1,000
  frames                      : 41,451,520


Policy 0: saving next best rewards:  [349.22]
=> saving checkpoint 'runs/mg_A_seed2801/nn/mg_A_seed2801.pth'

Timing:
  Play time               : 9.690 s
  Update time             : 0.785 s
  Time to train epoch     : 10.475 s


Statistics:
  fps step                    : 17,187
  fps step + policy inference : 16,908
  fps total                   : 15,641
  epoch                       : 254 / 1,000
  frames                      : 41,615,360


Policy 0: 
Timing:
  Play time               : 9.735 s
  Update time             : 0.865 s
  Time to train epoch     : 10.599 s


Statistics:
  fps step                    : 17,106
  fps step + policy inference : 16,831
  fps total                   : 15,458
  epoch                       : 255 / 1,000
  frames                      : 41,779,200


Policy 0: saving next best rewards:  [349.69]
=> saving checkpoint 'runs/mg_A_seed2801/nn/mg_A_seed2801.pth'

Timing:
  Play time               : 9.730 s
  Update time             : 0.936 s
  Time to train epoch     : 10.666 s


Statistics:
  fps step                    : 17,119
  fps step + policy inference : 16,839
  fps total                   : 15,361
  epoch                       : 256 / 1,000
  frames                      : 41,943,040


Policy 0: saving next best rewards:  [350.32]
=> saving checkpoint 'runs/mg_A_seed2801/nn/mg_A_seed2801.pth'

Timing:
  Play time               : 9.613 s
  Update time             : 0.909 s
  Time to train epoch     : 10.522 s


Statistics:
  fps step                    : 17,322
  fps step + policy inference : 17,043
  fps total                   : 15,571
  epoch                       : 257 / 1,000
  frames                      : 42,106,880


Policy 0: saving next best rewards:  [350.87]
=> saving checkpoint 'runs/mg_A_seed2801/nn/mg_A_seed2801.pth'

Timing:
  Play time               : 9.692 s
  Update time             : 0.866 s
  Time to train epoch     : 10.558 s


Statistics:
  fps step                    : 17,186
  fps step + policy inference : 16,905
  fps total                   : 15,519
  epoch                       : 258 / 1,000
  frames                      : 42,270,720


Policy 0: saving next best rewards:  [351.55]
=> saving checkpoint 'runs/mg_A_seed2801/nn/mg_A_seed2801.pth'

Timing:
  Play time               : 9.659 s
  Update time             : 0.778 s
  Time to train epoch     : 10.437 s


Statistics:
  fps step                    : 17,238
  fps step + policy inference : 16,962
  fps total                   : 15,697
  epoch                       : 259 / 1,000
  frames                      : 42,434,560


Policy 0: saving next best rewards:  [352.07]
=> saving checkpoint 'runs/mg_A_seed2801/nn/mg_A_seed2801.pth'

Timing:
  Play time               : 9.531 s
  Update time             : 0.809 s
  Time to train epoch     : 10.340 s


Statistics:
  fps step                    : 17,477
  fps step + policy inference : 17,189
  fps total                   : 15,845
  epoch                       : 260 / 1,000
  frames                      : 42,598,400


Policy 0: saving next best rewards:  [352.54]
=> saving checkpoint 'runs/mg_A_seed2801/nn/mg_A_seed2801.pth'

Timing:
  Play time               : 9.629 s
  Update time             : 0.813 s
  Time to train epoch     : 10.442 s


Statistics:
  fps step                    : 17,299
  fps step + policy inference : 17,015
  fps total                   : 15,691
  epoch                       : 261 / 1,000
  frames                      : 42,762,240


Policy 0: saving next best rewards:  [353.33]
=> saving checkpoint 'runs/mg_A_seed2801/nn/mg_A_seed2801.pth'

Timing:
  Play time               : 9.709 s
  Update time             : 0.849 s
  Time to train epoch     : 10.558 s


Statistics:
  fps step                    : 17,157
  fps step + policy inference : 16,875
  fps total                   : 15,518
  epoch                       : 262 / 1,000
  frames                      : 42,926,080


Policy 0: saving next best rewards:  [354.01]
=> saving checkpoint 'runs/mg_A_seed2801/nn/mg_A_seed2801.pth'

Timing:
  Play time               : 9.778 s
  Update time             : 1.002 s
  Time to train epoch     : 10.780 s


Statistics:
  fps step                    : 17,206
  fps step + policy inference : 16,755
  fps total                   : 15,198
  epoch                       : 263 / 1,000
  frames                      : 43,089,920


Policy 0: saving next best rewards:  [358.91]
=> saving checkpoint 'runs/mg_A_seed2801/nn/mg_A_seed2801.pth'

Timing:
  Play time               : 9.653 s
  Update time             : 1.133 s
  Time to train epoch     : 10.786 s


Statistics:
  fps step                    : 17,295
  fps step + policy inference : 16,974
  fps total                   : 15,191
  epoch                       : 264 / 1,000
  frames                      : 43,253,760


Policy 0: saving next best rewards:  [360.54]
=> saving checkpoint 'runs/mg_A_seed2801/nn/mg_A_seed2801.pth'

Timing:
  Play time               : 9.648 s
  Update time             : 0.953 s
  Time to train epoch     : 10.601 s


Statistics:
  fps step                    : 17,274
  fps step + policy inference : 16,981
  fps total                   : 15,454
  epoch                       : 265 / 1,000
  frames                      : 43,417,600


Policy 0: saving next best rewards:  [361.33]
=> saving checkpoint 'runs/mg_A_seed2801/nn/mg_A_seed2801.pth'

Timing:
  Play time               : 9.655 s
  Update time             : 0.825 s
  Time to train epoch     : 10.480 s


Statistics:
  fps step                    : 17,247
  fps step + policy inference : 16,969
  fps total                   : 15,633
  epoch                       : 266 / 1,000
  frames                      : 43,581,440


Policy 0: saving next best rewards:  [361.55]
=> saving checkpoint 'runs/mg_A_seed2801/nn/mg_A_seed2801.pth'

Timing:
  Play time               : 9.665 s
  Update time             : 0.727 s
  Time to train epoch     : 10.392 s


Statistics:
  fps step                    : 17,213
  fps step + policy inference : 16,951
  fps total                   : 15,766
  epoch                       : 267 / 1,000
  frames                      : 43,745,280


Policy 0: saving next best rewards:  [361.79]
=> saving checkpoint 'runs/mg_A_seed2801/nn/mg_A_seed2801.pth'

Timing:
  Play time               : 9.538 s
  Update time             : 0.749 s
  Time to train epoch     : 10.287 s


Statistics:
  fps step                    : 17,450
  fps step + policy inference : 17,177
  fps total                   : 15,926
  epoch                       : 268 / 1,000
  frames                      : 43,909,120


Policy 0: saving next best rewards:  [362.16]
=> saving checkpoint 'runs/mg_A_seed2801/nn/mg_A_seed2801.pth'

Timing:
  Play time               : 9.629 s
  Update time             : 0.766 s
  Time to train epoch     : 10.394 s


Statistics:
  fps step                    : 17,283
  fps step + policy inference : 17,016
  fps total                   : 15,762
  epoch                       : 269 / 1,000
  frames                      : 44,072,960


Policy 0: saving next best rewards:  [362.33]
=> saving checkpoint 'runs/mg_A_seed2801/nn/mg_A_seed2801.pth'

Timing:
  Play time               : 9.732 s
  Update time             : 0.843 s
  Time to train epoch     : 10.575 s


Statistics:
  fps step                    : 17,096
  fps step + policy inference : 16,835
  fps total                   : 15,494
  epoch                       : 270 / 1,000
  frames                      : 44,236,800


Policy 0: saving next best rewards:  [362.54]
=> saving checkpoint 'runs/mg_A_seed2801/nn/mg_A_seed2801.pth'

Timing:
  Play time               : 9.763 s
  Update time             : 0.854 s
  Time to train epoch     : 10.616 s


Statistics:
  fps step                    : 17,049
  fps step + policy inference : 16,782
  fps total                   : 15,433
  epoch                       : 271 / 1,000
  frames                      : 44,400,640


Policy 0: saving next best rewards:  [362.93]
=> saving checkpoint 'runs/mg_A_seed2801/nn/mg_A_seed2801.pth'

Timing:
  Play time               : 9.732 s
  Update time             : 0.918 s
  Time to train epoch     : 10.650 s


Statistics:
  fps step                    : 17,109
  fps step + policy inference : 16,834
  fps total                   : 15,384
  epoch                       : 272 / 1,000
  frames                      : 44,564,480


Policy 0: 
Timing:
  Play time               : 9.720 s
  Update time             : 0.851 s
  Time to train epoch     : 10.572 s


Statistics:
  fps step                    : 17,131
  fps step + policy inference : 16,855
  fps total                   : 15,498
  epoch                       : 273 / 1,000
  frames                      : 44,728,320


Policy 0: 
Timing:
  Play time               : 9.749 s
  Update time             : 0.815 s
  Time to train epoch     : 10.564 s


Statistics:
  fps step                    : 17,074
  fps step + policy inference : 16,806
  fps total                   : 15,509
  epoch                       : 274 / 1,000
  frames                      : 44,892,160


Policy 0: saving next best rewards:  [363.09]
=> saving checkpoint 'runs/mg_A_seed2801/nn/mg_A_seed2801.pth'

Timing:
  Play time               : 9.672 s
  Update time             : 0.804 s
  Time to train epoch     : 10.476 s


Statistics:
  fps step                    : 17,218
  fps step + policy inference : 16,940
  fps total                   : 15,639
  epoch                       : 275 / 1,000
  frames                      : 45,056,000


Policy 0: saving next best rewards:  [363.5]
=> saving checkpoint 'runs/mg_A_seed2801/nn/mg_A_seed2801.pth'

Timing:
  Play time               : 9.637 s
  Update time             : 0.803 s
  Time to train epoch     : 10.441 s


Statistics:
  fps step                    : 17,280
  fps step + policy inference : 17,001
  fps total                   : 15,693
  epoch                       : 276 / 1,000
  frames                      : 45,219,840


Policy 0: saving next best rewards:  [364.04]
=> saving checkpoint 'runs/mg_A_seed2801/nn/mg_A_seed2801.pth'

Timing:
  Play time               : 9.742 s
  Update time             : 0.847 s
  Time to train epoch     : 10.589 s


Statistics:
  fps step                    : 17,094
  fps step + policy inference : 16,819
  fps total                   : 15,473
  epoch                       : 277 / 1,000
  frames                      : 45,383,680


Policy 0: saving next best rewards:  [364.74]
=> saving checkpoint 'runs/mg_A_seed2801/nn/mg_A_seed2801.pth'

Timing:
  Play time               : 9.725 s
  Update time             : 0.812 s
  Time to train epoch     : 10.538 s


Statistics:
  fps step                    : 17,116
  fps step + policy inference : 16,847
  fps total                   : 15,548
  epoch                       : 278 / 1,000
  frames                      : 45,547,520


Policy 0: 
Timing:
  Play time               : 9.630 s
  Update time             : 0.950 s
  Time to train epoch     : 10.580 s


Statistics:
  fps step                    : 17,296
  fps step + policy inference : 17,013
  fps total                   : 15,485
  epoch                       : 279 / 1,000
  frames                      : 45,711,360


Policy 0: saving next best rewards:  [365.63]
=> saving checkpoint 'runs/mg_A_seed2801/nn/mg_A_seed2801.pth'

Timing:
  Play time               : 9.739 s
  Update time             : 0.960 s
  Time to train epoch     : 10.699 s


Statistics:
  fps step                    : 17,111
  fps step + policy inference : 16,824
  fps total                   : 15,314
  epoch                       : 280 / 1,000
  frames                      : 45,875,200


Policy 0: saving next best rewards:  [367.05]
=> saving checkpoint 'runs/mg_A_seed2801/nn/mg_A_seed2801.pth'

Timing:
  Play time               : 9.818 s
  Update time             : 0.866 s
  Time to train epoch     : 10.684 s


Statistics:
  fps step                    : 16,976
  fps step + policy inference : 16,688
  fps total                   : 15,335
  epoch                       : 281 / 1,000
  frames                      : 46,039,040


Policy 0: saving next best rewards:  [367.84]
=> saving checkpoint 'runs/mg_A_seed2801/nn/mg_A_seed2801.pth'

Timing:
  Play time               : 9.902 s
  Update time             : 0.932 s
  Time to train epoch     : 10.833 s


Statistics:
  fps step                    : 16,993
  fps step + policy inference : 16,547
  fps total                   : 15,123
  epoch                       : 282 / 1,000
  frames                      : 46,202,880


Policy 0: saving next best rewards:  [372.55]
=> saving checkpoint 'runs/mg_A_seed2801/nn/mg_A_seed2801.pth'

Timing:
  Play time               : 9.811 s
  Update time             : 0.968 s
  Time to train epoch     : 10.780 s


Statistics:
  fps step                    : 17,003
  fps step + policy inference : 16,699
  fps total                   : 15,199
  epoch                       : 283 / 1,000
  frames                      : 46,366,720


Policy 0: saving next best rewards:  [373.51]
=> saving checkpoint 'runs/mg_A_seed2801/nn/mg_A_seed2801.pth'

Timing:
  Play time               : 9.778 s
  Update time             : 0.897 s
  Time to train epoch     : 10.675 s


Statistics:
  fps step                    : 17,041
  fps step + policy inference : 16,756
  fps total                   : 15,348
  epoch                       : 284 / 1,000
  frames                      : 46,530,560


Policy 0: saving next best rewards:  [373.99]
=> saving checkpoint 'runs/mg_A_seed2801/nn/mg_A_seed2801.pth'

Timing:
  Play time               : 9.730 s
  Update time             : 0.783 s
  Time to train epoch     : 10.513 s


Statistics:
  fps step                    : 17,114
  fps step + policy inference : 16,838
  fps total                   : 15,584
  epoch                       : 285 / 1,000
  frames                      : 46,694,400


Policy 0: 
Timing:
  Play time               : 9.651 s
  Update time             : 0.739 s
  Time to train epoch     : 10.390 s


Statistics:
  fps step                    : 17,256
  fps step + policy inference : 16,976
  fps total                   : 15,768
  epoch                       : 286 / 1,000
  frames                      : 46,858,240


Policy 0: saving next best rewards:  [374.16]
=> saving checkpoint 'runs/mg_A_seed2801/nn/mg_A_seed2801.pth'

Timing:
  Play time               : 9.633 s
  Update time             : 0.799 s
  Time to train epoch     : 10.432 s


Statistics:
  fps step                    : 17,285
  fps step + policy inference : 17,008
  fps total                   : 15,705
  epoch                       : 287 / 1,000
  frames                      : 47,022,080


Policy 0: saving next best rewards:  [374.31]
=> saving checkpoint 'runs/mg_A_seed2801/nn/mg_A_seed2801.pth'

Timing:
  Play time               : 9.752 s
  Update time             : 0.820 s
  Time to train epoch     : 10.572 s


Statistics:
  fps step                    : 17,085
  fps step + policy inference : 16,801
  fps total                   : 15,497
  epoch                       : 288 / 1,000
  frames                      : 47,185,920


Policy 0: saving next best rewards:  [374.44]
=> saving checkpoint 'runs/mg_A_seed2801/nn/mg_A_seed2801.pth'

Timing:
  Play time               : 9.781 s
  Update time             : 0.916 s
  Time to train epoch     : 10.697 s


Statistics:
  fps step                    : 17,033
  fps step + policy inference : 16,751
  fps total                   : 15,317
  epoch                       : 289 / 1,000
  frames                      : 47,349,760


Policy 0: saving next best rewards:  [374.77]
=> saving checkpoint 'runs/mg_A_seed2801/nn/mg_A_seed2801.pth'

Timing:
  Play time               : 9.961 s
  Update time             : 0.902 s
  Time to train epoch     : 10.862 s


Statistics:
  fps step                    : 16,720
  fps step + policy inference : 16,449
  fps total                   : 15,083
  epoch                       : 290 / 1,000
  frames                      : 47,513,600


Policy 0: saving next best rewards:  [374.83]
=> saving checkpoint 'runs/mg_A_seed2801/nn/mg_A_seed2801.pth'

Timing:
  Play time               : 9.845 s
  Update time             : 0.963 s
  Time to train epoch     : 10.808 s


Statistics:
  fps step                    : 16,934
  fps step + policy inference : 16,641
  fps total                   : 15,159
  epoch                       : 291 / 1,000
  frames                      : 47,677,440


Policy 0: saving next best rewards:  [375.03]
=> saving checkpoint 'runs/mg_A_seed2801/nn/mg_A_seed2801.pth'

Timing:
  Play time               : 9.690 s
  Update time             : 0.972 s
  Time to train epoch     : 10.661 s


Statistics:
  fps step                    : 17,205
  fps step + policy inference : 16,909
  fps total                   : 15,368
  epoch                       : 292 / 1,000
  frames                      : 47,841,280


Policy 0: saving next best rewards:  [375.25]
=> saving checkpoint 'runs/mg_A_seed2801/nn/mg_A_seed2801.pth'

Timing:
  Play time               : 9.622 s
  Update time             : 0.886 s
  Time to train epoch     : 10.508 s


Statistics:
  fps step                    : 17,325
  fps step + policy inference : 17,028
  fps total                   : 15,592
  epoch                       : 293 / 1,000
  frames                      : 48,005,120


Policy 0: saving next best rewards:  [375.63]
=> saving checkpoint 'runs/mg_A_seed2801/nn/mg_A_seed2801.pth'

Timing:
  Play time               : 9.588 s
  Update time             : 0.969 s
  Time to train epoch     : 10.556 s


Statistics:
  fps step                    : 17,368
  fps step + policy inference : 17,088
  fps total                   : 15,520
  epoch                       : 294 / 1,000
  frames                      : 48,168,960


Policy 0: saving next best rewards:  [375.99]
=> saving checkpoint 'runs/mg_A_seed2801/nn/mg_A_seed2801.pth'

Timing:
  Play time               : 9.596 s
  Update time             : 0.956 s
  Time to train epoch     : 10.552 s


Statistics:
  fps step                    : 17,359
  fps step + policy inference : 17,073
  fps total                   : 15,527
  epoch                       : 295 / 1,000
  frames                      : 48,332,800


Policy 0: saving next best rewards:  [376.35]
=> saving checkpoint 'runs/mg_A_seed2801/nn/mg_A_seed2801.pth'

Timing:
  Play time               : 9.788 s
  Update time             : 0.795 s
  Time to train epoch     : 10.584 s


Statistics:
  fps step                    : 17,013
  fps step + policy inference : 16,738
  fps total                   : 15,481
  epoch                       : 296 / 1,000
  frames                      : 48,496,640


Policy 0: saving next best rewards:  [376.83]
=> saving checkpoint 'runs/mg_A_seed2801/nn/mg_A_seed2801.pth'

Timing:
  Play time               : 9.805 s
  Update time             : 0.798 s
  Time to train epoch     : 10.603 s


Statistics:
  fps step                    : 16,980
  fps step + policy inference : 16,709
  fps total                   : 15,452
  epoch                       : 297 / 1,000
  frames                      : 48,660,480


Policy 0: saving next best rewards:  [377.16]
=> saving checkpoint 'runs/mg_A_seed2801/nn/mg_A_seed2801.pth'

Timing:
  Play time               : 9.800 s
  Update time             : 0.986 s
  Time to train epoch     : 10.786 s


Statistics:
  fps step                    : 16,991
  fps step + policy inference : 16,718
  fps total                   : 15,190
  epoch                       : 298 / 1,000
  frames                      : 48,824,320


Policy 0: saving next best rewards:  [377.42]
=> saving checkpoint 'runs/mg_A_seed2801/nn/mg_A_seed2801.pth'

Timing:
  Play time               : 9.889 s
  Update time             : 0.925 s
  Time to train epoch     : 10.814 s


Statistics:
  fps step                    : 16,849
  fps step + policy inference : 16,569
  fps total                   : 15,151
  epoch                       : 299 / 1,000
  frames                      : 48,988,160


Policy 0: saving next best rewards:  [378.15]
=> saving checkpoint 'runs/mg_A_seed2801/nn/mg_A_seed2801.pth'

Timing:
  Play time               : 9.831 s
  Update time             : 0.877 s
  Time to train epoch     : 10.708 s


Statistics:
  fps step                    : 17,085
  fps step + policy inference : 16,666
  fps total                   : 15,301
  epoch                       : 300 / 1,000
  frames                      : 49,152,000


Policy 0: saving next best rewards:  [381.3]
=> saving checkpoint 'runs/mg_A_seed2801/nn/mg_A_seed2801.pth'

Timing:
  Play time               : 9.728 s
  Update time             : 0.953 s
  Time to train epoch     : 10.681 s


Statistics:
  fps step                    : 17,182
  fps step + policy inference : 16,843
  fps total                   : 15,339
  epoch                       : 301 / 1,000
  frames                      : 49,315,840


Policy 0: saving next best rewards:  [382.14]
=> saving checkpoint 'runs/mg_A_seed2801/nn/mg_A_seed2801.pth'

Timing:
  Play time               : 9.767 s
  Update time             : 0.958 s
  Time to train epoch     : 10.725 s


Statistics:
  fps step                    : 17,073
  fps step + policy inference : 16,775
  fps total                   : 15,277
  epoch                       : 302 / 1,000
  frames                      : 49,479,680


Policy 0: saving next best rewards:  [382.55]
=> saving checkpoint 'runs/mg_A_seed2801/nn/mg_A_seed2801.pth'

Timing:
  Play time               : 9.725 s
  Update time             : 0.869 s
  Time to train epoch     : 10.594 s


Statistics:
  fps step                    : 17,129
  fps step + policy inference : 16,847
  fps total                   : 15,465
  epoch                       : 303 / 1,000
  frames                      : 49,643,520


Policy 0: saving next best rewards:  [382.65]
=> saving checkpoint 'runs/mg_A_seed2801/nn/mg_A_seed2801.pth'

Timing:
  Play time               : 9.552 s
  Update time             : 0.788 s
  Time to train epoch     : 10.340 s


Statistics:
  fps step                    : 17,423
  fps step + policy inference : 17,152
  fps total                   : 15,846
  epoch                       : 304 / 1,000
  frames                      : 49,807,360


Policy 0: 
Timing:
  Play time               : 9.544 s
  Update time             : 0.835 s
  Time to train epoch     : 10.380 s


Statistics:
  fps step                    : 17,437
  fps step + policy inference : 17,166
  fps total                   : 15,784
  epoch                       : 305 / 1,000
  frames                      : 49,971,200


Policy 0: saving next best rewards:  [382.92]
=> saving checkpoint 'runs/mg_A_seed2801/nn/mg_A_seed2801.pth'

Timing:
  Play time               : 9.505 s
  Update time             : 0.860 s
  Time to train epoch     : 10.365 s


Statistics:
  fps step                    : 17,511
  fps step + policy inference : 17,237
  fps total                   : 15,807
  epoch                       : 306 / 1,000
  frames                      : 50,135,040


Policy 0: saving next best rewards:  [382.96]
=> saving checkpoint 'runs/mg_A_seed2801/nn/mg_A_seed2801.pth'

Timing:
  Play time               : 9.571 s
  Update time             : 0.813 s
  Time to train epoch     : 10.384 s


Statistics:
  fps step                    : 17,392
  fps step + policy inference : 17,118
  fps total                   : 15,778
  epoch                       : 307 / 1,000
  frames                      : 50,298,880


Policy 0: saving next best rewards:  [383.14]
=> saving checkpoint 'runs/mg_A_seed2801/nn/mg_A_seed2801.pth'

Timing:
  Play time               : 9.620 s
  Update time             : 0.802 s
  Time to train epoch     : 10.421 s


Statistics:
  fps step                    : 17,306
  fps step + policy inference : 17,032
  fps total                   : 15,721
  epoch                       : 308 / 1,000
  frames                      : 50,462,720


Policy 0: saving next best rewards:  [383.38]
=> saving checkpoint 'runs/mg_A_seed2801/nn/mg_A_seed2801.pth'

Timing:
  Play time               : 9.601 s
  Update time             : 0.786 s
  Time to train epoch     : 10.387 s


Statistics:
  fps step                    : 17,344
  fps step + policy inference : 17,065
  fps total                   : 15,773
  epoch                       : 309 / 1,000
  frames                      : 50,626,560


Policy 0: saving next best rewards:  [383.47]
=> saving checkpoint 'runs/mg_A_seed2801/nn/mg_A_seed2801.pth'

Timing:
  Play time               : 9.667 s
  Update time             : 0.756 s
  Time to train epoch     : 10.423 s


Statistics:
  fps step                    : 17,226
  fps step + policy inference : 16,949
  fps total                   : 15,720
  epoch                       : 310 / 1,000
  frames                      : 50,790,400


Policy 0: saving next best rewards:  [384.05]
=> saving checkpoint 'runs/mg_A_seed2801/nn/mg_A_seed2801.pth'

Timing:
  Play time               : 9.569 s
  Update time             : 0.824 s
  Time to train epoch     : 10.393 s


Statistics:
  fps step                    : 17,409
  fps step + policy inference : 17,122
  fps total                   : 15,764
  epoch                       : 311 / 1,000
  frames                      : 50,954,240


Policy 0: saving next best rewards:  [384.64]
=> saving checkpoint 'runs/mg_A_seed2801/nn/mg_A_seed2801.pth'

Timing:
  Play time               : 9.580 s
  Update time             : 0.910 s
  Time to train epoch     : 10.490 s


Statistics:
  fps step                    : 17,384
  fps step + policy inference : 17,102
  fps total                   : 15,618
  epoch                       : 312 / 1,000
  frames                      : 51,118,080


Policy 0: saving next best rewards:  [384.89]
=> saving checkpoint 'runs/mg_A_seed2801/nn/mg_A_seed2801.pth'

Timing:
  Play time               : 9.659 s
  Update time             : 0.961 s
  Time to train epoch     : 10.620 s


Statistics:
  fps step                    : 17,241
  fps step + policy inference : 16,962
  fps total                   : 15,428
  epoch                       : 313 / 1,000
  frames                      : 51,281,920


Policy 0: saving next best rewards:  [385.05]
=> saving checkpoint 'runs/mg_A_seed2801/nn/mg_A_seed2801.pth'

Timing:
  Play time               : 9.716 s
  Update time             : 0.970 s
  Time to train epoch     : 10.686 s


Statistics:
  fps step                    : 17,144
  fps step + policy inference : 16,864
  fps total                   : 15,332
  epoch                       : 314 / 1,000
  frames                      : 51,445,760


Policy 0: saving next best rewards:  [385.58]
=> saving checkpoint 'runs/mg_A_seed2801/nn/mg_A_seed2801.pth'

Timing:
  Play time               : 9.782 s
  Update time             : 0.967 s
  Time to train epoch     : 10.749 s


Statistics:
  fps step                    : 17,022
  fps step + policy inference : 16,749
  fps total                   : 15,242
  epoch                       : 315 / 1,000
  frames                      : 51,609,600


Policy 0: 
Timing:
  Play time               : 9.744 s
  Update time             : 0.824 s
  Time to train epoch     : 10.567 s


Statistics:
  fps step                    : 17,090
  fps step + policy inference : 16,815
  fps total                   : 15,504
  epoch                       : 316 / 1,000
  frames                      : 51,773,440


Policy 0: saving next best rewards:  [385.64]
=> saving checkpoint 'runs/mg_A_seed2801/nn/mg_A_seed2801.pth'

Timing:
  Play time               : 9.811 s
  Update time             : 0.879 s
  Time to train epoch     : 10.690 s


Statistics:
  fps step                    : 16,977
  fps step + policy inference : 16,699
  fps total                   : 15,326
  epoch                       : 317 / 1,000
  frames                      : 51,937,280


Policy 0: saving next best rewards:  [386.44]
=> saving checkpoint 'runs/mg_A_seed2801/nn/mg_A_seed2801.pth'

Timing:
  Play time               : 9.761 s
  Update time             : 0.986 s
  Time to train epoch     : 10.747 s


Statistics:
  fps step                    : 17,065
  fps step + policy inference : 16,785
  fps total                   : 15,245
  epoch                       : 318 / 1,000
  frames                      : 52,101,120


Policy 0: saving next best rewards:  [387.24]
=> saving checkpoint 'runs/mg_A_seed2801/nn/mg_A_seed2801.pth'

Timing:
  Play time               : 9.730 s
  Update time             : 0.992 s
  Time to train epoch     : 10.723 s


Statistics:
  fps step                    : 17,274
  fps step + policy inference : 16,838
  fps total                   : 15,280
  epoch                       : 319 / 1,000
  frames                      : 52,264,960


Policy 0: saving next best rewards:  [390.03]
=> saving checkpoint 'runs/mg_A_seed2801/nn/mg_A_seed2801.pth'

Timing:
  Play time               : 9.820 s
  Update time             : 0.965 s
  Time to train epoch     : 10.785 s


Statistics:
  fps step                    : 17,002
  fps step + policy inference : 16,684
  fps total                   : 15,191
  epoch                       : 320 / 1,000
  frames                      : 52,428,800


Policy 0: saving next best rewards:  [390.75]
=> saving checkpoint 'runs/mg_A_seed2801/nn/mg_A_seed2801.pth'

Timing:
  Play time               : 9.753 s
  Update time             : 0.955 s
  Time to train epoch     : 10.708 s


Statistics:
  fps step                    : 17,088
  fps step + policy inference : 16,799
  fps total                   : 15,300
  epoch                       : 321 / 1,000
  frames                      : 52,592,640


Policy 0: saving next best rewards:  [391.1]
=> saving checkpoint 'runs/mg_A_seed2801/nn/mg_A_seed2801.pth'

Timing:
  Play time               : 9.623 s
  Update time             : 0.924 s
  Time to train epoch     : 10.547 s


Statistics:
  fps step                    : 17,311
  fps step + policy inference : 17,027
  fps total                   : 15,535
  epoch                       : 322 / 1,000
  frames                      : 52,756,480


Policy 0: saving next best rewards:  [392.01]
=> saving checkpoint 'runs/mg_A_seed2801/nn/mg_A_seed2801.pth'

Timing:
  Play time               : 9.542 s
  Update time             : 0.853 s
  Time to train epoch     : 10.395 s


Statistics:
  fps step                    : 17,445
  fps step + policy inference : 17,170
  fps total                   : 15,762
  epoch                       : 323 / 1,000
  frames                      : 52,920,320


Policy 0: saving next best rewards:  [392.03]
=> saving checkpoint 'runs/mg_A_seed2801/nn/mg_A_seed2801.pth'

Timing:
  Play time               : 9.575 s
  Update time             : 0.811 s
  Time to train epoch     : 10.385 s


Statistics:
  fps step                    : 17,381
  fps step + policy inference : 17,112
  fps total                   : 15,776
  epoch                       : 324 / 1,000
  frames                      : 53,084,160


Policy 0: 
Timing:
  Play time               : 9.553 s
  Update time             : 0.772 s
  Time to train epoch     : 10.325 s


Statistics:
  fps step                    : 17,428
  fps step + policy inference : 17,151
  fps total                   : 15,868
  epoch                       : 325 / 1,000
  frames                      : 53,248,000


Policy 0: 
Timing:
  Play time               : 9.604 s
  Update time             : 0.765 s
  Time to train epoch     : 10.369 s


Statistics:
  fps step                    : 17,330
  fps step + policy inference : 17,060
  fps total                   : 15,802
  epoch                       : 326 / 1,000
  frames                      : 53,411,840


Policy 0: 
Timing:
  Play time               : 9.605 s
  Update time             : 0.767 s
  Time to train epoch     : 10.372 s


Statistics:
  fps step                    : 17,330
  fps step + policy inference : 17,057
  fps total                   : 15,796
  epoch                       : 327 / 1,000
  frames                      : 53,575,680


Policy 0: 
Timing:
  Play time               : 9.609 s
  Update time             : 0.866 s
  Time to train epoch     : 10.474 s


Statistics:
  fps step                    : 17,332
  fps step + policy inference : 17,051
  fps total                   : 15,642
  epoch                       : 328 / 1,000
  frames                      : 53,739,520


Policy 0: 
Timing:
  Play time               : 9.606 s
  Update time             : 0.939 s
  Time to train epoch     : 10.545 s


Statistics:
  fps step                    : 17,344
  fps step + policy inference : 17,056
  fps total                   : 15,537
  epoch                       : 329 / 1,000
  frames                      : 53,903,360


Policy 0: saving next best rewards:  [392.43]
=> saving checkpoint 'runs/mg_A_seed2801/nn/mg_A_seed2801.pth'

Timing:
  Play time               : 9.631 s
  Update time             : 0.912 s
  Time to train epoch     : 10.543 s


Statistics:
  fps step                    : 17,290
  fps step + policy inference : 17,012
  fps total                   : 15,540
  epoch                       : 330 / 1,000
  frames                      : 54,067,200


Policy 0: saving next best rewards:  [392.88]
=> saving checkpoint 'runs/mg_A_seed2801/nn/mg_A_seed2801.pth'

Timing:
  Play time               : 9.701 s
  Update time             : 0.836 s
  Time to train epoch     : 10.536 s


Statistics:
  fps step                    : 17,166
  fps step + policy inference : 16,890
  fps total                   : 15,550
  epoch                       : 331 / 1,000
  frames                      : 54,231,040


Policy 0: saving next best rewards:  [393.16]
=> saving checkpoint 'runs/mg_A_seed2801/nn/mg_A_seed2801.pth'

Timing:
  Play time               : 9.541 s
  Update time             : 0.801 s
  Time to train epoch     : 10.342 s


Statistics:
  fps step                    : 17,459
  fps step + policy inference : 17,172
  fps total                   : 15,843
  epoch                       : 332 / 1,000
  frames                      : 54,394,880


Policy 0: saving next best rewards:  [393.33]
=> saving checkpoint 'runs/mg_A_seed2801/nn/mg_A_seed2801.pth'

Timing:
  Play time               : 9.606 s
  Update time             : 0.799 s
  Time to train epoch     : 10.405 s


Statistics:
  fps step                    : 17,342
  fps step + policy inference : 17,056
  fps total                   : 15,747
  epoch                       : 333 / 1,000
  frames                      : 54,558,720


Policy 0: saving next best rewards:  [393.74]
=> saving checkpoint 'runs/mg_A_seed2801/nn/mg_A_seed2801.pth'

Timing:
  Play time               : 9.679 s
  Update time             : 0.794 s
  Time to train epoch     : 10.473 s


Statistics:
  fps step                    : 17,201
  fps step + policy inference : 16,927
  fps total                   : 15,643
  epoch                       : 334 / 1,000
  frames                      : 54,722,560


Policy 0: saving next best rewards:  [394.14]
=> saving checkpoint 'runs/mg_A_seed2801/nn/mg_A_seed2801.pth'

Timing:
  Play time               : 9.688 s
  Update time             : 0.846 s
  Time to train epoch     : 10.534 s


Statistics:
  fps step                    : 17,191
  fps step + policy inference : 16,912
  fps total                   : 15,553
  epoch                       : 335 / 1,000
  frames                      : 54,886,400


Policy 0: 
Timing:
  Play time               : 9.701 s
  Update time             : 0.886 s
  Time to train epoch     : 10.587 s


Statistics:
  fps step                    : 17,170
  fps step + policy inference : 16,889
  fps total                   : 15,476
  epoch                       : 336 / 1,000
  frames                      : 55,050,240


Policy 0: saving next best rewards:  [394.43]
=> saving checkpoint 'runs/mg_A_seed2801/nn/mg_A_seed2801.pth'

Timing:
  Play time               : 9.709 s
  Update time             : 0.927 s
  Time to train epoch     : 10.636 s


Statistics:
  fps step                    : 17,157
  fps step + policy inference : 16,875
  fps total                   : 15,404
  epoch                       : 337 / 1,000
  frames                      : 55,214,080


Policy 0: saving next best rewards:  [394.61]
=> saving checkpoint 'runs/mg_A_seed2801/nn/mg_A_seed2801.pth'

Timing:
  Play time               : 9.738 s
  Update time             : 0.976 s
  Time to train epoch     : 10.713 s


Statistics:
  fps step                    : 17,275
  fps step + policy inference : 16,825
  fps total                   : 15,293
  epoch                       : 338 / 1,000
  frames                      : 55,377,920


Policy 0: saving next best rewards:  [399.46]
=> saving checkpoint 'runs/mg_A_seed2801/nn/mg_A_seed2801.pth'

Timing:
  Play time               : 9.645 s
  Update time             : 0.989 s
  Time to train epoch     : 10.634 s


Statistics:
  fps step                    : 17,309
  fps step + policy inference : 16,987
  fps total                   : 15,407
  epoch                       : 339 / 1,000
  frames                      : 55,541,760


Policy 0: saving next best rewards:  [399.83]
=> saving checkpoint 'runs/mg_A_seed2801/nn/mg_A_seed2801.pth'

Timing:
  Play time               : 9.604 s
  Update time             : 0.905 s
  Time to train epoch     : 10.509 s


Statistics:
  fps step                    : 17,353
  fps step + policy inference : 17,059
  fps total                   : 15,590
  epoch                       : 340 / 1,000
  frames                      : 55,705,600


Policy 0: saving next best rewards:  [399.98]
=> saving checkpoint 'runs/mg_A_seed2801/nn/mg_A_seed2801.pth'

Timing:
  Play time               : 9.554 s
  Update time             : 0.808 s
  Time to train epoch     : 10.362 s


Statistics:
  fps step                    : 17,431
  fps step + policy inference : 17,149
  fps total                   : 15,811
  epoch                       : 341 / 1,000
  frames                      : 55,869,440


Policy 0: saving next best rewards:  [400.11]
=> saving checkpoint 'runs/mg_A_seed2801/nn/mg_A_seed2801.pth'

Timing:
  Play time               : 9.611 s
  Update time             : 0.745 s
  Time to train epoch     : 10.356 s


Statistics:
  fps step                    : 17,311
  fps step + policy inference : 17,047
  fps total                   : 15,822
  epoch                       : 342 / 1,000
  frames                      : 56,033,280


Policy 0: saving next best rewards:  [400.27]
=> saving checkpoint 'runs/mg_A_seed2801/nn/mg_A_seed2801.pth'

Timing:
  Play time               : 9.687 s
  Update time             : 0.766 s
  Time to train epoch     : 10.453 s


Statistics:
  fps step                    : 17,181
  fps step + policy inference : 16,914
  fps total                   : 15,675
  epoch                       : 343 / 1,000
  frames                      : 56,197,120


Policy 0: saving next best rewards:  [400.37]
=> saving checkpoint 'runs/mg_A_seed2801/nn/mg_A_seed2801.pth'

Timing:
  Play time               : 9.587 s
  Update time             : 0.775 s
  Time to train epoch     : 10.362 s


Statistics:
  fps step                    : 17,361
  fps step + policy inference : 17,090
  fps total                   : 15,811
  epoch                       : 344 / 1,000
  frames                      : 56,360,960


Policy 0: 
Timing:
  Play time               : 9.528 s
  Update time             : 0.879 s
  Time to train epoch     : 10.407 s


Statistics:
  fps step                    : 17,468
  fps step + policy inference : 17,196
  fps total                   : 15,744
  epoch                       : 345 / 1,000
  frames                      : 56,524,800


Policy 0: saving next best rewards:  [400.51]
=> saving checkpoint 'runs/mg_A_seed2801/nn/mg_A_seed2801.pth'

Timing:
  Play time               : 9.568 s
  Update time             : 0.870 s
  Time to train epoch     : 10.438 s


Statistics:
  fps step                    : 17,402
  fps step + policy inference : 17,124
  fps total                   : 15,697
  epoch                       : 346 / 1,000
  frames                      : 56,688,640


Policy 0: saving next best rewards:  [400.81]
=> saving checkpoint 'runs/mg_A_seed2801/nn/mg_A_seed2801.pth'

Timing:
  Play time               : 9.619 s
  Update time             : 0.875 s
  Time to train epoch     : 10.494 s


Statistics:
  fps step                    : 17,314
  fps step + policy inference : 17,033
  fps total                   : 15,613
  epoch                       : 347 / 1,000
  frames                      : 56,852,480


Policy 0: saving next best rewards:  [401.37]
=> saving checkpoint 'runs/mg_A_seed2801/nn/mg_A_seed2801.pth'

Timing:
  Play time               : 9.794 s
  Update time             : 0.882 s
  Time to train epoch     : 10.677 s


Statistics:
  fps step                    : 16,999
  fps step + policy inference : 16,728
  fps total                   : 15,346
  epoch                       : 348 / 1,000
  frames                      : 57,016,320


Policy 0: saving next best rewards:  [401.66]
=> saving checkpoint 'runs/mg_A_seed2801/nn/mg_A_seed2801.pth'

Timing:
  Play time               : 9.904 s
  Update time             : 0.822 s
  Time to train epoch     : 10.726 s


Statistics:
  fps step                    : 16,810
  fps step + policy inference : 16,543
  fps total                   : 15,275
  epoch                       : 349 / 1,000
  frames                      : 57,180,160


Policy 0: saving next best rewards:  [402.11]
=> saving checkpoint 'runs/mg_A_seed2801/nn/mg_A_seed2801.pth'

Timing:
  Play time               : 9.577 s
  Update time             : 0.867 s
  Time to train epoch     : 10.443 s


Statistics:
  fps step                    : 17,394
  fps step + policy inference : 17,109
  fps total                   : 15,689
  epoch                       : 350 / 1,000
  frames                      : 57,344,000


Policy 0: saving next best rewards:  [402.69]
=> saving checkpoint 'runs/mg_A_seed2801/nn/mg_A_seed2801.pth'

Timing:
  Play time               : 9.539 s
  Update time             : 0.800 s
  Time to train epoch     : 10.339 s


Statistics:
  fps step                    : 17,460
  fps step + policy inference : 17,176
  fps total                   : 15,847
  epoch                       : 351 / 1,000
  frames                      : 57,507,840


Policy 0: saving next best rewards:  [402.7]
=> saving checkpoint 'runs/mg_A_seed2801/nn/mg_A_seed2801.pth'

Timing:
  Play time               : 9.601 s
  Update time             : 0.831 s
  Time to train epoch     : 10.432 s


Statistics:
  fps step                    : 17,348
  fps step + policy inference : 17,064
  fps total                   : 15,705
  epoch                       : 352 / 1,000
  frames                      : 57,671,680


Policy 0: saving next best rewards:  [403.03]
=> saving checkpoint 'runs/mg_A_seed2801/nn/mg_A_seed2801.pth'

Timing:
  Play time               : 9.651 s
  Update time             : 0.931 s
  Time to train epoch     : 10.581 s


Statistics:
  fps step                    : 17,257
  fps step + policy inference : 16,977
  fps total                   : 15,484
  epoch                       : 353 / 1,000
  frames                      : 57,835,520


Policy 0: saving next best rewards:  [403.47]
=> saving checkpoint 'runs/mg_A_seed2801/nn/mg_A_seed2801.pth'

Timing:
  Play time               : 9.617 s
  Update time             : 0.942 s
  Time to train epoch     : 10.560 s


Statistics:
  fps step                    : 17,316
  fps step + policy inference : 17,036
  fps total                   : 15,516
  epoch                       : 354 / 1,000
  frames                      : 57,999,360


Policy 0: saving next best rewards:  [403.96]
=> saving checkpoint 'runs/mg_A_seed2801/nn/mg_A_seed2801.pth'

Timing:
  Play time               : 9.655 s
  Update time             : 1.023 s
  Time to train epoch     : 10.678 s


Statistics:
  fps step                    : 17,256
  fps step + policy inference : 16,969
  fps total                   : 15,343
  epoch                       : 355 / 1,000
  frames                      : 58,163,200


Policy 0: saving next best rewards:  [404.33]
=> saving checkpoint 'runs/mg_A_seed2801/nn/mg_A_seed2801.pth'

Timing:
  Play time               : 9.622 s
  Update time             : 1.011 s
  Time to train epoch     : 10.633 s


Statistics:
  fps step                    : 17,315
  fps step + policy inference : 17,028
  fps total                   : 15,409
  epoch                       : 356 / 1,000
  frames                      : 58,327,040


Policy 0: saving next best rewards:  [404.98]
=> saving checkpoint 'runs/mg_A_seed2801/nn/mg_A_seed2801.pth'

Timing:
  Play time               : 9.887 s
  Update time             : 1.094 s
  Time to train epoch     : 10.981 s


Statistics:
  fps step                    : 17,021
  fps step + policy inference : 16,571
  fps total                   : 14,921
  epoch                       : 357 / 1,000
  frames                      : 58,490,880


Policy 0: saving next best rewards:  [407.23]
=> saving checkpoint 'runs/mg_A_seed2801/nn/mg_A_seed2801.pth'

Timing:
  Play time               : 9.704 s
  Update time             : 1.109 s
  Time to train epoch     : 10.812 s


Statistics:
  fps step                    : 17,196
  fps step + policy inference : 16,884
  fps total                   : 15,153
  epoch                       : 358 / 1,000
  frames                      : 58,654,720


Policy 0: saving next best rewards:  [408.12]
=> saving checkpoint 'runs/mg_A_seed2801/nn/mg_A_seed2801.pth'

Timing:
  Play time               : 9.558 s
  Update time             : 0.906 s
  Time to train epoch     : 10.464 s


Statistics:
  fps step                    : 17,434
  fps step + policy inference : 17,143
  fps total                   : 15,658
  epoch                       : 359 / 1,000
  frames                      : 58,818,560


Policy 0: 
Timing:
  Play time               : 9.503 s
  Update time             : 0.922 s
  Time to train epoch     : 10.425 s


Statistics:
  fps step                    : 17,521
  fps step + policy inference : 17,240
  fps total                   : 15,716
  epoch                       : 360 / 1,000
  frames                      : 58,982,400


Policy 0: saving next best rewards:  [408.15]
=> saving checkpoint 'runs/mg_A_seed2801/nn/mg_A_seed2801.pth'

Timing:
  Play time               : 9.496 s
  Update time             : 0.895 s
  Time to train epoch     : 10.391 s


Statistics:
  fps step                    : 17,527
  fps step + policy inference : 17,253
  fps total                   : 15,768
  epoch                       : 361 / 1,000
  frames                      : 59,146,240


Policy 0: saving next best rewards:  [408.25]
=> saving checkpoint 'runs/mg_A_seed2801/nn/mg_A_seed2801.pth'

Timing:
  Play time               : 9.495 s
  Update time             : 0.775 s
  Time to train epoch     : 10.271 s


Statistics:
  fps step                    : 17,528
  fps step + policy inference : 17,255
  fps total                   : 15,952
  epoch                       : 362 / 1,000
  frames                      : 59,310,080


Policy 0: saving next best rewards:  [408.38]
=> saving checkpoint 'runs/mg_A_seed2801/nn/mg_A_seed2801.pth'

Timing:
  Play time               : 9.502 s
  Update time             : 0.844 s
  Time to train epoch     : 10.347 s


Statistics:
  fps step                    : 17,525
  fps step + policy inference : 17,242
  fps total                   : 15,835
  epoch                       : 363 / 1,000
  frames                      : 59,473,920


Policy 0: 
Timing:
  Play time               : 9.564 s
  Update time             : 0.882 s
  Time to train epoch     : 10.445 s


Statistics:
  fps step                    : 17,403
  fps step + policy inference : 17,132
  fps total                   : 15,686
  epoch                       : 364 / 1,000
  frames                      : 59,637,760


Policy 0: 
Timing:
  Play time               : 9.608 s
  Update time             : 0.894 s
  Time to train epoch     : 10.502 s


Statistics:
  fps step                    : 17,328
  fps step + policy inference : 17,053
  fps total                   : 15,601
  epoch                       : 365 / 1,000
  frames                      : 59,801,600


Policy 0: saving next best rewards:  [408.52]
=> saving checkpoint 'runs/mg_A_seed2801/nn/mg_A_seed2801.pth'

Timing:
  Play time               : 9.575 s
  Update time             : 0.848 s
  Time to train epoch     : 10.423 s


Statistics:
  fps step                    : 17,400
  fps step + policy inference : 17,112
  fps total                   : 15,719
  epoch                       : 366 / 1,000
  frames                      : 59,965,440


Policy 0: 
Timing:
  Play time               : 9.558 s
  Update time             : 0.814 s
  Time to train epoch     : 10.372 s


Statistics:
  fps step                    : 17,434
  fps step + policy inference : 17,142
  fps total                   : 15,797
  epoch                       : 367 / 1,000
  frames                      : 60,129,280


Policy 0: 
Timing:
  Play time               : 9.596 s
  Update time             : 0.813 s
  Time to train epoch     : 10.410 s


Statistics:
  fps step                    : 17,353
  fps step + policy inference : 17,073
  fps total                   : 15,739
  epoch                       : 368 / 1,000
  frames                      : 60,293,120


Policy 0: 
Timing:
  Play time               : 9.540 s
  Update time             : 0.800 s
  Time to train epoch     : 10.341 s


Statistics:
  fps step                    : 17,456
  fps step + policy inference : 17,174
  fps total                   : 15,844
  epoch                       : 369 / 1,000
  frames                      : 60,456,960


Policy 0: saving next best rewards:  [408.74]
=> saving checkpoint 'runs/mg_A_seed2801/nn/mg_A_seed2801.pth'

Timing:
  Play time               : 9.551 s
  Update time             : 0.827 s
  Time to train epoch     : 10.379 s


Statistics:
  fps step                    : 17,438
  fps step + policy inference : 17,153
  fps total                   : 15,786
  epoch                       : 370 / 1,000
  frames                      : 60,620,800


Policy 0: saving next best rewards:  [409.23]
=> saving checkpoint 'runs/mg_A_seed2801/nn/mg_A_seed2801.pth'

Timing:
  Play time               : 9.564 s
  Update time             : 0.818 s
  Time to train epoch     : 10.382 s


Statistics:
  fps step                    : 17,423
  fps step + policy inference : 17,131
  fps total                   : 15,781
  epoch                       : 371 / 1,000
  frames                      : 60,784,640


Policy 0: saving next best rewards:  [409.89]
=> saving checkpoint 'runs/mg_A_seed2801/nn/mg_A_seed2801.pth'

Timing:
  Play time               : 9.556 s
  Update time             : 0.816 s
  Time to train epoch     : 10.372 s


Statistics:
  fps step                    : 17,427
  fps step + policy inference : 17,145
  fps total                   : 15,797
  epoch                       : 372 / 1,000
  frames                      : 60,948,480


Policy 0: saving next best rewards:  [410.19]
=> saving checkpoint 'runs/mg_A_seed2801/nn/mg_A_seed2801.pth'

Timing:
  Play time               : 9.632 s
  Update time             : 0.914 s
  Time to train epoch     : 10.546 s


Statistics:
  fps step                    : 17,288
  fps step + policy inference : 17,010
  fps total                   : 15,535
  epoch                       : 373 / 1,000
  frames                      : 61,112,320


Policy 0: saving next best rewards:  [410.95]
=> saving checkpoint 'runs/mg_A_seed2801/nn/mg_A_seed2801.pth'

Timing:
  Play time               : 9.738 s
  Update time             : 0.945 s
  Time to train epoch     : 10.684 s


Statistics:
  fps step                    : 17,107
  fps step + policy inference : 16,824
  fps total                   : 15,336
  epoch                       : 374 / 1,000
  frames                      : 61,276,160


Policy 0: saving next best rewards:  [411.25]
=> saving checkpoint 'runs/mg_A_seed2801/nn/mg_A_seed2801.pth'

Timing:
  Play time               : 9.796 s
  Update time             : 0.914 s
  Time to train epoch     : 10.710 s


Statistics:
  fps step                    : 17,137
  fps step + policy inference : 16,725
  fps total                   : 15,299
  epoch                       : 375 / 1,000
  frames                      : 61,440,000


Policy 0: saving next best rewards:  [414.99]
=> saving checkpoint 'runs/mg_A_seed2801/nn/mg_A_seed2801.pth'

Timing:
  Play time               : 9.867 s
  Update time             : 0.964 s
  Time to train epoch     : 10.831 s


Statistics:
  fps step                    : 16,929
  fps step + policy inference : 16,604
  fps total                   : 15,127
  epoch                       : 376 / 1,000
  frames                      : 61,603,840


Policy 0: saving next best rewards:  [415.36]
=> saving checkpoint 'runs/mg_A_seed2801/nn/mg_A_seed2801.pth'

Timing:
  Play time               : 9.789 s
  Update time             : 0.927 s
  Time to train epoch     : 10.716 s


Statistics:
  fps step                    : 17,035
  fps step + policy inference : 16,737
  fps total                   : 15,289
  epoch                       : 377 / 1,000
  frames                      : 61,767,680


Policy 0: saving next best rewards:  [415.67]
=> saving checkpoint 'runs/mg_A_seed2801/nn/mg_A_seed2801.pth'

Timing:
  Play time               : 9.773 s
  Update time             : 0.877 s
  Time to train epoch     : 10.650 s


Statistics:
  fps step                    : 17,046
  fps step + policy inference : 16,765
  fps total                   : 15,384
  epoch                       : 378 / 1,000
  frames                      : 61,931,520


Policy 0: saving next best rewards:  [416.03]
=> saving checkpoint 'runs/mg_A_seed2801/nn/mg_A_seed2801.pth'

Timing:
  Play time               : 9.740 s
  Update time             : 0.747 s
  Time to train epoch     : 10.487 s


Statistics:
  fps step                    : 17,083
  fps step + policy inference : 16,822
  fps total                   : 15,624
  epoch                       : 379 / 1,000
  frames                      : 62,095,360


Policy 0: saving next best rewards:  [416.05]
=> saving checkpoint 'runs/mg_A_seed2801/nn/mg_A_seed2801.pth'

Timing:
  Play time               : 9.760 s
  Update time             : 0.750 s
  Time to train epoch     : 10.509 s


Statistics:
  fps step                    : 17,046
  fps step + policy inference : 16,788
  fps total                   : 15,590
  epoch                       : 380 / 1,000
  frames                      : 62,259,200


Policy 0: saving next best rewards:  [416.1]
=> saving checkpoint 'runs/mg_A_seed2801/nn/mg_A_seed2801.pth'

Timing:
  Play time               : 9.677 s
  Update time             : 0.781 s
  Time to train epoch     : 10.458 s


Statistics:
  fps step                    : 17,199
  fps step + policy inference : 16,932
  fps total                   : 15,667
  epoch                       : 381 / 1,000
  frames                      : 62,423,040


Policy 0: saving next best rewards:  [416.29]
=> saving checkpoint 'runs/mg_A_seed2801/nn/mg_A_seed2801.pth'

Timing:
  Play time               : 9.679 s
  Update time             : 0.763 s
  Time to train epoch     : 10.442 s


Statistics:
  fps step                    : 17,214
  fps step + policy inference : 16,927
  fps total                   : 15,691
  epoch                       : 382 / 1,000
  frames                      : 62,586,880


Policy 0: 
Timing:
  Play time               : 9.690 s
  Update time             : 0.800 s
  Time to train epoch     : 10.490 s


Statistics:
  fps step                    : 17,173
  fps step + policy inference : 16,907
  fps total                   : 15,618
  epoch                       : 383 / 1,000
  frames                      : 62,750,720


Policy 0: 
Timing:
  Play time               : 9.678 s
  Update time             : 0.830 s
  Time to train epoch     : 10.508 s


Statistics:
  fps step                    : 17,201
  fps step + policy inference : 16,930
  fps total                   : 15,592
  epoch                       : 384 / 1,000
  frames                      : 62,914,560


Policy 0: 
Timing:
  Play time               : 9.687 s
  Update time             : 0.878 s
  Time to train epoch     : 10.565 s


Statistics:
  fps step                    : 17,190
  fps step + policy inference : 16,914
  fps total                   : 15,508
  epoch                       : 385 / 1,000
  frames                      : 63,078,400


Policy 0: 
Timing:
  Play time               : 9.698 s
  Update time             : 0.920 s
  Time to train epoch     : 10.618 s


Statistics:
  fps step                    : 17,174
  fps step + policy inference : 16,894
  fps total                   : 15,430
  epoch                       : 386 / 1,000
  frames                      : 63,242,240


Policy 0: saving next best rewards:  [416.48]
=> saving checkpoint 'runs/mg_A_seed2801/nn/mg_A_seed2801.pth'

Timing:
  Play time               : 9.683 s
  Update time             : 0.876 s
  Time to train epoch     : 10.560 s


Statistics:
  fps step                    : 17,196
  fps step + policy inference : 16,920
  fps total                   : 15,516
  epoch                       : 387 / 1,000
  frames                      : 63,406,080


Policy 0: saving next best rewards:  [416.71]
=> saving checkpoint 'runs/mg_A_seed2801/nn/mg_A_seed2801.pth'

Timing:
  Play time               : 9.673 s
  Update time             : 0.839 s
  Time to train epoch     : 10.511 s


Statistics:
  fps step                    : 17,213
  fps step + policy inference : 16,938
  fps total                   : 15,587
  epoch                       : 388 / 1,000
  frames                      : 63,569,920


Policy 0: 
Timing:
  Play time               : 9.673 s
  Update time             : 0.857 s
  Time to train epoch     : 10.531 s


Statistics:
  fps step                    : 17,217
  fps step + policy inference : 16,938
  fps total                   : 15,558
  epoch                       : 389 / 1,000
  frames                      : 63,733,760


Policy 0: saving next best rewards:  [417.24]
=> saving checkpoint 'runs/mg_A_seed2801/nn/mg_A_seed2801.pth'

Timing:
  Play time               : 9.698 s
  Update time             : 0.789 s
  Time to train epoch     : 10.486 s


Statistics:
  fps step                    : 17,170
  fps step + policy inference : 16,894
  fps total                   : 15,624
  epoch                       : 390 / 1,000
  frames                      : 63,897,600


Policy 0: saving next best rewards:  [417.45]
=> saving checkpoint 'runs/mg_A_seed2801/nn/mg_A_seed2801.pth'

Timing:
  Play time               : 9.668 s
  Update time             : 0.803 s
  Time to train epoch     : 10.471 s


Statistics:
  fps step                    : 17,226
  fps step + policy inference : 16,947
  fps total                   : 15,648
  epoch                       : 391 / 1,000
  frames                      : 64,061,440


Policy 0: saving next best rewards:  [418.18]
=> saving checkpoint 'runs/mg_A_seed2801/nn/mg_A_seed2801.pth'

Timing:
  Play time               : 9.617 s
  Update time             : 0.838 s
  Time to train epoch     : 10.454 s


Statistics:
  fps step                    : 17,319
  fps step + policy inference : 17,037
  fps total                   : 15,672
  epoch                       : 392 / 1,000
  frames                      : 64,225,280


Policy 0: 
Timing:
  Play time               : 9.655 s
  Update time             : 0.834 s
  Time to train epoch     : 10.489 s


Statistics:
  fps step                    : 17,253
  fps step + policy inference : 16,969
  fps total                   : 15,619
  epoch                       : 393 / 1,000
  frames                      : 64,389,120


Policy 0: saving next best rewards:  [418.54]
=> saving checkpoint 'runs/mg_A_seed2801/nn/mg_A_seed2801.pth'

Timing:
  Play time               : 9.759 s
  Update time             : 0.885 s
  Time to train epoch     : 10.644 s


Statistics:
  fps step                    : 17,221
  fps step + policy inference : 16,789
  fps total                   : 15,393
  epoch                       : 394 / 1,000
  frames                      : 64,552,960


Policy 0: saving next best rewards:  [421.34]
=> saving checkpoint 'runs/mg_A_seed2801/nn/mg_A_seed2801.pth'

Timing:
  Play time               : 9.636 s
  Update time             : 0.977 s
  Time to train epoch     : 10.613 s


Statistics:
  fps step                    : 17,333
  fps step + policy inference : 17,002
  fps total                   : 15,437
  epoch                       : 395 / 1,000
  frames                      : 64,716,800


Policy 0: saving next best rewards:  [421.61]
=> saving checkpoint 'runs/mg_A_seed2801/nn/mg_A_seed2801.pth'

Timing:
  Play time               : 9.661 s
  Update time             : 0.973 s
  Time to train epoch     : 10.634 s


Statistics:
  fps step                    : 17,252
  fps step + policy inference : 16,958
  fps total                   : 15,406
  epoch                       : 396 / 1,000
  frames                      : 64,880,640


Policy 0: saving next best rewards:  [421.87]
=> saving checkpoint 'runs/mg_A_seed2801/nn/mg_A_seed2801.pth'

Timing:
  Play time               : 9.631 s
  Update time             : 0.836 s
  Time to train epoch     : 10.467 s


Statistics:
  fps step                    : 17,294
  fps step + policy inference : 17,011
  fps total                   : 15,653
  epoch                       : 397 / 1,000
  frames                      : 65,044,480


Policy 0: saving next best rewards:  [422.3]
=> saving checkpoint 'runs/mg_A_seed2801/nn/mg_A_seed2801.pth'

Timing:
  Play time               : 9.599 s
  Update time             : 0.739 s
  Time to train epoch     : 10.338 s


Statistics:
  fps step                    : 17,332
  fps step + policy inference : 17,068
  fps total                   : 15,848
  epoch                       : 398 / 1,000
  frames                      : 65,208,320


Policy 0: 
Timing:
  Play time               : 9.614 s
  Update time             : 0.812 s
  Time to train epoch     : 10.427 s


Statistics:
  fps step                    : 17,306
  fps step + policy inference : 17,042
  fps total                   : 15,714
  epoch                       : 399 / 1,000
  frames                      : 65,372,160


Policy 0: 
Timing:
  Play time               : 9.616 s
  Update time             : 0.900 s
  Time to train epoch     : 10.516 s


Statistics:
  fps step                    : 17,309
  fps step + policy inference : 17,039
  fps total                   : 15,580
  epoch                       : 400 / 1,000
  frames                      : 65,536,000


Policy 0: 
Timing:
  Play time               : 9.599 s
  Update time             : 0.875 s
  Time to train epoch     : 10.474 s


Statistics:
  fps step                    : 17,344
  fps step + policy inference : 17,068
  fps total                   : 15,642
  epoch                       : 401 / 1,000
  frames                      : 65,699,840


Policy 0: 
Timing:
  Play time               : 9.667 s
  Update time             : 0.842 s
  Time to train epoch     : 10.509 s


Statistics:
  fps step                    : 17,217
  fps step + policy inference : 16,948
  fps total                   : 15,590
  epoch                       : 402 / 1,000
  frames                      : 65,863,680


Policy 0: saving next best rewards:  [422.41]
=> saving checkpoint 'runs/mg_A_seed2801/nn/mg_A_seed2801.pth'

Timing:
  Play time               : 9.682 s
  Update time             : 0.800 s
  Time to train epoch     : 10.483 s


Statistics:
  fps step                    : 17,198
  fps step + policy inference : 16,922
  fps total                   : 15,630
  epoch                       : 403 / 1,000
  frames                      : 66,027,520


Policy 0: saving next best rewards:  [422.63]
=> saving checkpoint 'runs/mg_A_seed2801/nn/mg_A_seed2801.pth'

Timing:
  Play time               : 9.648 s
  Update time             : 0.796 s
  Time to train epoch     : 10.445 s


Statistics:
  fps step                    : 17,262
  fps step + policy inference : 16,981
  fps total                   : 15,686
  epoch                       : 404 / 1,000
  frames                      : 66,191,360


Policy 0: saving next best rewards:  [422.75]
=> saving checkpoint 'runs/mg_A_seed2801/nn/mg_A_seed2801.pth'

Timing:
  Play time               : 9.748 s
  Update time             : 0.825 s
  Time to train epoch     : 10.572 s


Statistics:
  fps step                    : 17,102
  fps step + policy inference : 16,808
  fps total                   : 15,497
  epoch                       : 405 / 1,000
  frames                      : 66,355,200


Policy 0: saving next best rewards:  [423.22]
=> saving checkpoint 'runs/mg_A_seed2801/nn/mg_A_seed2801.pth'

Timing:
  Play time               : 9.650 s
  Update time             : 0.865 s
  Time to train epoch     : 10.514 s


Statistics:
  fps step                    : 17,257
  fps step + policy inference : 16,979
  fps total                   : 15,582
  epoch                       : 406 / 1,000
  frames                      : 66,519,040


Policy 0: saving next best rewards:  [423.84]
=> saving checkpoint 'runs/mg_A_seed2801/nn/mg_A_seed2801.pth'

Timing:
  Play time               : 9.609 s
  Update time             : 0.809 s
  Time to train epoch     : 10.418 s


Statistics:
  fps step                    : 17,330
  fps step + policy inference : 17,050
  fps total                   : 15,727
  epoch                       : 407 / 1,000
  frames                      : 66,682,880


Policy 0: saving next best rewards:  [423.91]
=> saving checkpoint 'runs/mg_A_seed2801/nn/mg_A_seed2801.pth'

Timing:
  Play time               : 9.658 s
  Update time             : 0.809 s
  Time to train epoch     : 10.467 s


Statistics:
  fps step                    : 17,247
  fps step + policy inference : 16,964
  fps total                   : 15,652
  epoch                       : 408 / 1,000
  frames                      : 66,846,720


Policy 0: saving next best rewards:  [424.34]
=> saving checkpoint 'runs/mg_A_seed2801/nn/mg_A_seed2801.pth'

Timing:
  Play time               : 9.697 s
  Update time             : 0.802 s
  Time to train epoch     : 10.499 s


Statistics:
  fps step                    : 17,169
  fps step + policy inference : 16,896
  fps total                   : 15,605
  epoch                       : 409 / 1,000
  frames                      : 67,010,560


Policy 0: saving next best rewards:  [424.63]
=> saving checkpoint 'runs/mg_A_seed2801/nn/mg_A_seed2801.pth'

Timing:
  Play time               : 9.679 s
  Update time             : 0.870 s
  Time to train epoch     : 10.549 s


Statistics:
  fps step                    : 17,209
  fps step + policy inference : 16,928
  fps total                   : 15,531
  epoch                       : 410 / 1,000
  frames                      : 67,174,400


Policy 0: saving next best rewards:  [425.11]
=> saving checkpoint 'runs/mg_A_seed2801/nn/mg_A_seed2801.pth'

Timing:
  Play time               : 9.736 s
  Update time             : 0.927 s
  Time to train epoch     : 10.662 s


Statistics:
  fps step                    : 17,108
  fps step + policy inference : 16,829
  fps total                   : 15,366
  epoch                       : 411 / 1,000
  frames                      : 67,338,240


Policy 0: saving next best rewards:  [425.77]
=> saving checkpoint 'runs/mg_A_seed2801/nn/mg_A_seed2801.pth'

Timing:
  Play time               : 9.823 s
  Update time             : 0.947 s
  Time to train epoch     : 10.770 s


Statistics:
  fps step                    : 16,959
  fps step + policy inference : 16,679
  fps total                   : 15,212
  epoch                       : 412 / 1,000
  frames                      : 67,502,080


Policy 0: saving next best rewards:  [426.51]
=> saving checkpoint 'runs/mg_A_seed2801/nn/mg_A_seed2801.pth'

Timing:
  Play time               : 9.861 s
  Update time             : 0.973 s
  Time to train epoch     : 10.834 s


Statistics:
  fps step                    : 17,052
  fps step + policy inference : 16,615
  fps total                   : 15,123
  epoch                       : 413 / 1,000
  frames                      : 67,665,920


Policy 0: saving next best rewards:  [430.68]
=> saving checkpoint 'runs/mg_A_seed2801/nn/mg_A_seed2801.pth'

Timing:
  Play time               : 9.740 s
  Update time             : 0.966 s
  Time to train epoch     : 10.706 s


Statistics:
  fps step                    : 17,136
  fps step + policy inference : 16,821
  fps total                   : 15,304
  epoch                       : 414 / 1,000
  frames                      : 67,829,760


Policy 0: saving next best rewards:  [431.06]
=> saving checkpoint 'runs/mg_A_seed2801/nn/mg_A_seed2801.pth'

Timing:
  Play time               : 9.668 s
  Update time             : 0.912 s
  Time to train epoch     : 10.581 s


Statistics:
  fps step                    : 17,237
  fps step + policy inference : 16,946
  fps total                   : 15,485
  epoch                       : 415 / 1,000
  frames                      : 67,993,600


Policy 0: saving next best rewards:  [431.19]
=> saving checkpoint 'runs/mg_A_seed2801/nn/mg_A_seed2801.pth'

Timing:
  Play time               : 9.571 s
  Update time             : 0.802 s
  Time to train epoch     : 10.373 s


Statistics:
  fps step                    : 17,397
  fps step + policy inference : 17,118
  fps total                   : 15,795
  epoch                       : 416 / 1,000
  frames                      : 68,157,440


Policy 0: saving next best rewards:  [431.78]
=> saving checkpoint 'runs/mg_A_seed2801/nn/mg_A_seed2801.pth'

Timing:
  Play time               : 9.559 s
  Update time             : 0.738 s
  Time to train epoch     : 10.297 s


Statistics:
  fps step                    : 17,407
  fps step + policy inference : 17,140
  fps total                   : 15,911
  epoch                       : 417 / 1,000
  frames                      : 68,321,280


Policy 0: 
Timing:
  Play time               : 9.613 s
  Update time             : 0.750 s
  Time to train epoch     : 10.363 s


Statistics:
  fps step                    : 17,313
  fps step + policy inference : 17,043
  fps total                   : 15,809
  epoch                       : 418 / 1,000
  frames                      : 68,485,120


Policy 0: saving next best rewards:  [431.92]
=> saving checkpoint 'runs/mg_A_seed2801/nn/mg_A_seed2801.pth'

Timing:
  Play time               : 9.615 s
  Update time             : 0.761 s
  Time to train epoch     : 10.376 s


Statistics:
  fps step                    : 17,310
  fps step + policy inference : 17,040
  fps total                   : 15,791
  epoch                       : 419 / 1,000
  frames                      : 68,648,960


Policy 0: saving next best rewards:  [432.05]
=> saving checkpoint 'runs/mg_A_seed2801/nn/mg_A_seed2801.pth'

Timing:
  Play time               : 9.682 s
  Update time             : 0.775 s
  Time to train epoch     : 10.457 s


Statistics:
  fps step                    : 17,189
  fps step + policy inference : 16,922
  fps total                   : 15,668
  epoch                       : 420 / 1,000
  frames                      : 68,812,800


Policy 0: saving next best rewards:  [432.07]
=> saving checkpoint 'runs/mg_A_seed2801/nn/mg_A_seed2801.pth'

Timing:
  Play time               : 9.694 s
  Update time             : 0.790 s
  Time to train epoch     : 10.484 s


Statistics:
  fps step                    : 17,170
  fps step + policy inference : 16,901
  fps total                   : 15,627
  epoch                       : 421 / 1,000
  frames                      : 68,976,640


Policy 0: saving next best rewards:  [432.23]
=> saving checkpoint 'runs/mg_A_seed2801/nn/mg_A_seed2801.pth'

Timing:
  Play time               : 9.658 s
  Update time             : 0.813 s
  Time to train epoch     : 10.471 s


Statistics:
  fps step                    : 17,242
  fps step + policy inference : 16,965
  fps total                   : 15,647
  epoch                       : 422 / 1,000
  frames                      : 69,140,480


Policy 0: saving next best rewards:  [432.42]
=> saving checkpoint 'runs/mg_A_seed2801/nn/mg_A_seed2801.pth'

Timing:
  Play time               : 9.721 s
  Update time             : 0.861 s
  Time to train epoch     : 10.582 s


Statistics:
  fps step                    : 17,132
  fps step + policy inference : 16,855
  fps total                   : 15,484
  epoch                       : 423 / 1,000
  frames                      : 69,304,320


Policy 0: saving next best rewards:  [432.74]
=> saving checkpoint 'runs/mg_A_seed2801/nn/mg_A_seed2801.pth'

Timing:
  Play time               : 9.726 s
  Update time             : 0.913 s
  Time to train epoch     : 10.640 s


Statistics:
  fps step                    : 17,117
  fps step + policy inference : 16,845
  fps total                   : 15,399
  epoch                       : 424 / 1,000
  frames                      : 69,468,160


Policy 0: saving next best rewards:  [432.98]
=> saving checkpoint 'runs/mg_A_seed2801/nn/mg_A_seed2801.pth'

Timing:
  Play time               : 9.680 s
  Update time             : 0.911 s
  Time to train epoch     : 10.591 s


Statistics:
  fps step                    : 17,203
  fps step + policy inference : 16,925
  fps total                   : 15,470
  epoch                       : 425 / 1,000
  frames                      : 69,632,000


Policy 0: saving next best rewards:  [433.25]
=> saving checkpoint 'runs/mg_A_seed2801/nn/mg_A_seed2801.pth'

Timing:
  Play time               : 9.718 s
  Update time             : 0.838 s
  Time to train epoch     : 10.556 s


Statistics:
  fps step                    : 17,136
  fps step + policy inference : 16,859
  fps total                   : 15,520
  epoch                       : 426 / 1,000
  frames                      : 69,795,840


Policy 0: saving next best rewards:  [433.71]
=> saving checkpoint 'runs/mg_A_seed2801/nn/mg_A_seed2801.pth'

Timing:
  Play time               : 9.685 s
  Update time             : 0.821 s
  Time to train epoch     : 10.506 s


Statistics:
  fps step                    : 17,196
  fps step + policy inference : 16,917
  fps total                   : 15,594
  epoch                       : 427 / 1,000
  frames                      : 69,959,680


Policy 0: saving next best rewards:  [434.31]
=> saving checkpoint 'runs/mg_A_seed2801/nn/mg_A_seed2801.pth'

Timing:
  Play time               : 9.695 s
  Update time             : 0.784 s
  Time to train epoch     : 10.479 s


Statistics:
  fps step                    : 17,174
  fps step + policy inference : 16,899
  fps total                   : 15,635
  epoch                       : 428 / 1,000
  frames                      : 70,123,520


Policy 0: 
Timing:
  Play time               : 9.763 s
  Update time             : 0.823 s
  Time to train epoch     : 10.586 s


Statistics:
  fps step                    : 17,057
  fps step + policy inference : 16,782
  fps total                   : 15,477
  epoch                       : 429 / 1,000
  frames                      : 70,287,360


Policy 0: saving next best rewards:  [434.73]
=> saving checkpoint 'runs/mg_A_seed2801/nn/mg_A_seed2801.pth'

Timing:
  Play time               : 9.797 s
  Update time             : 0.838 s
  Time to train epoch     : 10.634 s


Statistics:
  fps step                    : 17,004
  fps step + policy inference : 16,724
  fps total                   : 15,407
  epoch                       : 430 / 1,000
  frames                      : 70,451,200


Policy 0: saving next best rewards:  [435.56]
=> saving checkpoint 'runs/mg_A_seed2801/nn/mg_A_seed2801.pth'

Timing:
  Play time               : 9.785 s
  Update time             : 0.900 s
  Time to train epoch     : 10.685 s


Statistics:
  fps step                    : 17,021
  fps step + policy inference : 16,745
  fps total                   : 15,334
  epoch                       : 431 / 1,000
  frames                      : 70,615,040


Policy 0: saving next best rewards:  [436.35]
=> saving checkpoint 'runs/mg_A_seed2801/nn/mg_A_seed2801.pth'

Timing:
  Play time               : 9.907 s
  Update time             : 0.938 s
  Time to train epoch     : 10.845 s


Statistics:
  fps step                    : 16,979
  fps step + policy inference : 16,538
  fps total                   : 15,108
  epoch                       : 432 / 1,000
  frames                      : 70,778,880


Policy 0: saving next best rewards:  [440.21]
=> saving checkpoint 'runs/mg_A_seed2801/nn/mg_A_seed2801.pth'

Timing:
  Play time               : 9.854 s
  Update time             : 0.964 s
  Time to train epoch     : 10.818 s


Statistics:
  fps step                    : 16,926
  fps step + policy inference : 16,626
  fps total                   : 15,145
  epoch                       : 433 / 1,000
  frames                      : 70,942,720


Policy 0: saving next best rewards:  [440.5]
=> saving checkpoint 'runs/mg_A_seed2801/nn/mg_A_seed2801.pth'

Timing:
  Play time               : 9.751 s
  Update time             : 0.940 s
  Time to train epoch     : 10.691 s


Statistics:
  fps step                    : 17,086
  fps step + policy inference : 16,802
  fps total                   : 15,325
  epoch                       : 434 / 1,000
  frames                      : 71,106,560


Policy 0: saving next best rewards:  [440.88]
=> saving checkpoint 'runs/mg_A_seed2801/nn/mg_A_seed2801.pth'

Timing:
  Play time               : 9.670 s
  Update time             : 0.879 s
  Time to train epoch     : 10.549 s


Statistics:
  fps step                    : 17,213
  fps step + policy inference : 16,943
  fps total                   : 15,532
  epoch                       : 435 / 1,000
  frames                      : 71,270,400


Policy 0: saving next best rewards:  [441.1]
=> saving checkpoint 'runs/mg_A_seed2801/nn/mg_A_seed2801.pth'

Timing:
  Play time               : 9.659 s
  Update time             : 0.835 s
  Time to train epoch     : 10.494 s


Statistics:
  fps step                    : 17,227
  fps step + policy inference : 16,962
  fps total                   : 15,612
  epoch                       : 436 / 1,000
  frames                      : 71,434,240


Policy 0: 
Timing:
  Play time               : 9.701 s
  Update time             : 0.823 s
  Time to train epoch     : 10.524 s


Statistics:
  fps step                    : 17,153
  fps step + policy inference : 16,889
  fps total                   : 15,568
  epoch                       : 437 / 1,000
  frames                      : 71,598,080


Policy 0: saving next best rewards:  [441.21]
=> saving checkpoint 'runs/mg_A_seed2801/nn/mg_A_seed2801.pth'

Timing:
  Play time               : 9.682 s
  Update time             : 0.808 s
  Time to train epoch     : 10.490 s


Statistics:
  fps step                    : 17,190
  fps step + policy inference : 16,922
  fps total                   : 15,619
  epoch                       : 438 / 1,000
  frames                      : 71,761,920


Policy 0: saving next best rewards:  [441.42]
=> saving checkpoint 'runs/mg_A_seed2801/nn/mg_A_seed2801.pth'

Timing:
  Play time               : 9.680 s
  Update time             : 0.767 s
  Time to train epoch     : 10.447 s


Statistics:
  fps step                    : 17,191
  fps step + policy inference : 16,925
  fps total                   : 15,683
  epoch                       : 439 / 1,000
  frames                      : 71,925,760


Policy 0: 
Timing:
  Play time               : 9.710 s
  Update time             : 0.778 s
  Time to train epoch     : 10.487 s


Statistics:
  fps step                    : 17,144
  fps step + policy inference : 16,874
  fps total                   : 15,623
  epoch                       : 440 / 1,000
  frames                      : 72,089,600


Policy 0: saving next best rewards:  [441.78]
=> saving checkpoint 'runs/mg_A_seed2801/nn/mg_A_seed2801.pth'

Timing:
  Play time               : 9.668 s
  Update time             : 0.800 s
  Time to train epoch     : 10.469 s


Statistics:
  fps step                    : 17,231
  fps step + policy inference : 16,946
  fps total                   : 15,651
  epoch                       : 441 / 1,000
  frames                      : 72,253,440


Policy 0: saving next best rewards:  [442.15]
=> saving checkpoint 'runs/mg_A_seed2801/nn/mg_A_seed2801.pth'

Timing:
  Play time               : 9.742 s
  Update time             : 0.795 s
  Time to train epoch     : 10.537 s


Statistics:
  fps step                    : 17,093
  fps step + policy inference : 16,818
  fps total                   : 15,549
  epoch                       : 442 / 1,000
  frames                      : 72,417,280


Policy 0: saving next best rewards:  [442.68]
=> saving checkpoint 'runs/mg_A_seed2801/nn/mg_A_seed2801.pth'

Timing:
  Play time               : 9.773 s
  Update time             : 0.828 s
  Time to train epoch     : 10.601 s


Statistics:
  fps step                    : 17,035
  fps step + policy inference : 16,765
  fps total                   : 15,455
  epoch                       : 443 / 1,000
  frames                      : 72,581,120


Policy 0: saving next best rewards:  [443.04]
=> saving checkpoint 'runs/mg_A_seed2801/nn/mg_A_seed2801.pth'

Timing:
  Play time               : 9.700 s
  Update time             : 0.807 s
  Time to train epoch     : 10.507 s


Statistics:
  fps step                    : 17,163
  fps step + policy inference : 16,891
  fps total                   : 15,594
  epoch                       : 444 / 1,000
  frames                      : 72,744,960


Policy 0: saving next best rewards:  [443.23]
=> saving checkpoint 'runs/mg_A_seed2801/nn/mg_A_seed2801.pth'

Timing:
  Play time               : 9.694 s
  Update time             : 0.845 s
  Time to train epoch     : 10.539 s


Statistics:
  fps step                    : 17,181
  fps step + policy inference : 16,902
  fps total                   : 15,546
  epoch                       : 445 / 1,000
  frames                      : 72,908,800


Policy 0: saving next best rewards:  [443.73]
=> saving checkpoint 'runs/mg_A_seed2801/nn/mg_A_seed2801.pth'

Timing:
  Play time               : 9.787 s
  Update time             : 0.848 s
  Time to train epoch     : 10.636 s


Statistics:
  fps step                    : 17,021
  fps step + policy inference : 16,740
  fps total                   : 15,405
  epoch                       : 446 / 1,000
  frames                      : 73,072,640


Policy 0: saving next best rewards:  [444.32]
=> saving checkpoint 'runs/mg_A_seed2801/nn/mg_A_seed2801.pth'

Timing:
  Play time               : 9.747 s
  Update time             : 0.880 s
  Time to train epoch     : 10.627 s


Statistics:
  fps step                    : 17,081
  fps step + policy inference : 16,808
  fps total                   : 15,417
  epoch                       : 447 / 1,000
  frames                      : 73,236,480


Policy 0: saving next best rewards:  [444.78]
=> saving checkpoint 'runs/mg_A_seed2801/nn/mg_A_seed2801.pth'

Timing:
  Play time               : 9.740 s
  Update time             : 0.942 s
  Time to train epoch     : 10.682 s


Statistics:
  fps step                    : 17,095
  fps step + policy inference : 16,821
  fps total                   : 15,338
  epoch                       : 448 / 1,000
  frames                      : 73,400,320


Policy 0: saving next best rewards:  [445.32]
=> saving checkpoint 'runs/mg_A_seed2801/nn/mg_A_seed2801.pth'

Timing:
  Play time               : 9.807 s
  Update time             : 0.859 s
  Time to train epoch     : 10.666 s


Statistics:
  fps step                    : 16,984
  fps step + policy inference : 16,706
  fps total                   : 15,361
  epoch                       : 449 / 1,000
  frames                      : 73,564,160


Policy 0: saving next best rewards:  [445.99]
=> saving checkpoint 'runs/mg_A_seed2801/nn/mg_A_seed2801.pth'

Timing:
  Play time               : 9.866 s
  Update time             : 0.876 s
  Time to train epoch     : 10.742 s


Statistics:
  fps step                    : 17,008
  fps step + policy inference : 16,606
  fps total                   : 15,252
  epoch                       : 450 / 1,000
  frames                      : 73,728,000


Policy 0: saving next best rewards:  [449.52]
=> saving checkpoint 'runs/mg_A_seed2801/nn/mg_A_seed2801.pth'

Timing:
  Play time               : 9.843 s
  Update time             : 0.958 s
  Time to train epoch     : 10.802 s


Statistics:
  fps step                    : 16,970
  fps step + policy inference : 16,645
  fps total                   : 15,168
  epoch                       : 451 / 1,000
  frames                      : 73,891,840


Policy 0: saving next best rewards:  [450.5]
=> saving checkpoint 'runs/mg_A_seed2801/nn/mg_A_seed2801.pth'

Timing:
  Play time               : 9.847 s
  Update time             : 0.959 s
  Time to train epoch     : 10.805 s


Statistics:
  fps step                    : 16,931
  fps step + policy inference : 16,639
  fps total                   : 15,163
  epoch                       : 452 / 1,000
  frames                      : 74,055,680


Policy 0: saving next best rewards:  [450.92]
=> saving checkpoint 'runs/mg_A_seed2801/nn/mg_A_seed2801.pth'

Timing:
  Play time               : 9.753 s
  Update time             : 0.871 s
  Time to train epoch     : 10.624 s


Statistics:
  fps step                    : 17,084
  fps step + policy inference : 16,800
  fps total                   : 15,422
  epoch                       : 453 / 1,000
  frames                      : 74,219,520


Policy 0: saving next best rewards:  [451.53]
=> saving checkpoint 'runs/mg_A_seed2801/nn/mg_A_seed2801.pth'

Timing:
  Play time               : 9.669 s
  Update time             : 0.754 s
  Time to train epoch     : 10.424 s


Statistics:
  fps step                    : 17,206
  fps step + policy inference : 16,944
  fps total                   : 15,718
  epoch                       : 454 / 1,000
  frames                      : 74,383,360


Policy 0: saving next best rewards:  [451.77]
=> saving checkpoint 'runs/mg_A_seed2801/nn/mg_A_seed2801.pth'

Timing:
  Play time               : 9.703 s
  Update time             : 0.744 s
  Time to train epoch     : 10.447 s


Statistics:
  fps step                    : 17,147
  fps step + policy inference : 16,886
  fps total                   : 15,684
  epoch                       : 455 / 1,000
  frames                      : 74,547,200


Policy 0: saving next best rewards:  [451.92]
=> saving checkpoint 'runs/mg_A_seed2801/nn/mg_A_seed2801.pth'

Timing:
  Play time               : 9.678 s
  Update time             : 0.746 s
  Time to train epoch     : 10.424 s


Statistics:
  fps step                    : 17,196
  fps step + policy inference : 16,930
  fps total                   : 15,717
  epoch                       : 456 / 1,000
  frames                      : 74,711,040


Policy 0: saving next best rewards:  [452.1]
=> saving checkpoint 'runs/mg_A_seed2801/nn/mg_A_seed2801.pth'

Timing:
  Play time               : 9.760 s
  Update time             : 0.802 s
  Time to train epoch     : 10.562 s


Statistics:
  fps step                    : 17,053
  fps step + policy inference : 16,786
  fps total                   : 15,512
  epoch                       : 457 / 1,000
  frames                      : 74,874,880


Policy 0: saving next best rewards:  [452.42]
=> saving checkpoint 'runs/mg_A_seed2801/nn/mg_A_seed2801.pth'

Timing:
  Play time               : 9.721 s
  Update time             : 0.858 s
  Time to train epoch     : 10.579 s


Statistics:
  fps step                    : 17,122
  fps step + policy inference : 16,854
  fps total                   : 15,488
  epoch                       : 458 / 1,000
  frames                      : 75,038,720


Policy 0: 
Timing:
  Play time               : 9.737 s
  Update time             : 0.855 s
  Time to train epoch     : 10.592 s


Statistics:
  fps step                    : 17,094
  fps step + policy inference : 16,826
  fps total                   : 15,468
  epoch                       : 459 / 1,000
  frames                      : 75,202,560


Policy 0: saving next best rewards:  [452.99]
=> saving checkpoint 'runs/mg_A_seed2801/nn/mg_A_seed2801.pth'

Timing:
  Play time               : 9.768 s
  Update time             : 0.861 s
  Time to train epoch     : 10.629 s


Statistics:
  fps step                    : 17,044
  fps step + policy inference : 16,773
  fps total                   : 15,414
  epoch                       : 460 / 1,000
  frames                      : 75,366,400


Policy 0: saving next best rewards:  [453.36]
=> saving checkpoint 'runs/mg_A_seed2801/nn/mg_A_seed2801.pth'

Timing:
  Play time               : 9.793 s
  Update time             : 0.845 s
  Time to train epoch     : 10.637 s


Statistics:
  fps step                    : 17,013
  fps step + policy inference : 16,730
  fps total                   : 15,402
  epoch                       : 461 / 1,000
  frames                      : 75,530,240


Policy 0: saving next best rewards:  [453.68]
=> saving checkpoint 'runs/mg_A_seed2801/nn/mg_A_seed2801.pth'

Timing:
  Play time               : 9.798 s
  Update time             : 0.838 s
  Time to train epoch     : 10.636 s


Statistics:
  fps step                    : 16,987
  fps step + policy inference : 16,721
  fps total                   : 15,405
  epoch                       : 462 / 1,000
  frames                      : 75,694,080


Policy 0: saving next best rewards:  [454.27]
=> saving checkpoint 'runs/mg_A_seed2801/nn/mg_A_seed2801.pth'

Timing:
  Play time               : 9.779 s
  Update time             : 0.807 s
  Time to train epoch     : 10.586 s


Statistics:
  fps step                    : 17,024
  fps step + policy inference : 16,754
  fps total                   : 15,477
  epoch                       : 463 / 1,000
  frames                      : 75,857,920


Policy 0: saving next best rewards:  [454.53]
=> saving checkpoint 'runs/mg_A_seed2801/nn/mg_A_seed2801.pth'

Timing:
  Play time               : 9.787 s
  Update time             : 0.796 s
  Time to train epoch     : 10.583 s


Statistics:
  fps step                    : 17,017
  fps step + policy inference : 16,741
  fps total                   : 15,482
  epoch                       : 464 / 1,000
  frames                      : 76,021,760


Policy 0: saving next best rewards:  [455.23]
=> saving checkpoint 'runs/mg_A_seed2801/nn/mg_A_seed2801.pth'

Timing:
  Play time               : 9.774 s
  Update time             : 0.793 s
  Time to train epoch     : 10.567 s


Statistics:
  fps step                    : 17,036
  fps step + policy inference : 16,763
  fps total                   : 15,505
  epoch                       : 465 / 1,000
  frames                      : 76,185,600


Policy 0: saving next best rewards:  [455.32]
=> saving checkpoint 'runs/mg_A_seed2801/nn/mg_A_seed2801.pth'

Timing:
  Play time               : 9.797 s
  Update time             : 0.816 s
  Time to train epoch     : 10.613 s


Statistics:
  fps step                    : 16,994
  fps step + policy inference : 16,723
  fps total                   : 15,437
  epoch                       : 466 / 1,000
  frames                      : 76,349,440


Policy 0: saving next best rewards:  [455.63]
=> saving checkpoint 'runs/mg_A_seed2801/nn/mg_A_seed2801.pth'

Timing:
  Play time               : 9.781 s
  Update time             : 0.837 s
  Time to train epoch     : 10.618 s


Statistics:
  fps step                    : 17,021
  fps step + policy inference : 16,751
  fps total                   : 15,431
  epoch                       : 467 / 1,000
  frames                      : 76,513,280


Policy 0: saving next best rewards:  [456.01]
=> saving checkpoint 'runs/mg_A_seed2801/nn/mg_A_seed2801.pth'

Timing:
  Play time               : 9.807 s
  Update time             : 0.816 s
  Time to train epoch     : 10.623 s


Statistics:
  fps step                    : 16,984
  fps step + policy inference : 16,706
  fps total                   : 15,423
  epoch                       : 468 / 1,000
  frames                      : 76,677,120


Policy 0: saving next best rewards:  [456.43]
=> saving checkpoint 'runs/mg_A_seed2801/nn/mg_A_seed2801.pth'

Timing:
  Play time               : 9.886 s
  Update time             : 0.938 s
  Time to train epoch     : 10.824 s


Statistics:
  fps step                    : 16,991
  fps step + policy inference : 16,573
  fps total                   : 15,137
  epoch                       : 469 / 1,000
  frames                      : 76,840,960


Policy 0: saving next best rewards:  [459.78]
=> saving checkpoint 'runs/mg_A_seed2801/nn/mg_A_seed2801.pth'

Timing:
  Play time               : 9.829 s
  Update time             : 1.044 s
  Time to train epoch     : 10.873 s


Statistics:
  fps step                    : 16,988
  fps step + policy inference : 16,669
  fps total                   : 15,068
  epoch                       : 470 / 1,000
  frames                      : 77,004,800


Policy 0: saving next best rewards:  [460.43]
=> saving checkpoint 'runs/mg_A_seed2801/nn/mg_A_seed2801.pth'

Timing:
  Play time               : 9.828 s
  Update time             : 1.005 s
  Time to train epoch     : 10.832 s


Statistics:
  fps step                    : 16,958
  fps step + policy inference : 16,671
  fps total                   : 15,125
  epoch                       : 471 / 1,000
  frames                      : 77,168,640


Policy 0: saving next best rewards:  [460.51]
=> saving checkpoint 'runs/mg_A_seed2801/nn/mg_A_seed2801.pth'

Timing:
  Play time               : 9.787 s
  Update time             : 0.923 s
  Time to train epoch     : 10.710 s


Statistics:
  fps step                    : 17,017
  fps step + policy inference : 16,740
  fps total                   : 15,298
  epoch                       : 472 / 1,000
  frames                      : 77,332,480


Policy 0: saving next best rewards:  [460.86]
=> saving checkpoint 'runs/mg_A_seed2801/nn/mg_A_seed2801.pth'

Timing:
  Play time               : 9.737 s
  Update time             : 0.779 s
  Time to train epoch     : 10.516 s


Statistics:
  fps step                    : 17,086
  fps step + policy inference : 16,826
  fps total                   : 15,581
  epoch                       : 473 / 1,000
  frames                      : 77,496,320


Policy 0: saving next best rewards:  [461.15]
=> saving checkpoint 'runs/mg_A_seed2801/nn/mg_A_seed2801.pth'

Timing:
  Play time               : 9.748 s
  Update time             : 0.752 s
  Time to train epoch     : 10.500 s


Statistics:
  fps step                    : 17,067
  fps step + policy inference : 16,808
  fps total                   : 15,603
  epoch                       : 474 / 1,000
  frames                      : 77,660,160


Policy 0: 
Timing:
  Play time               : 9.992 s
  Update time             : 0.792 s
  Time to train epoch     : 10.784 s


Statistics:
  fps step                    : 16,646
  fps step + policy inference : 16,396
  fps total                   : 15,192
  epoch                       : 475 / 1,000
  frames                      : 77,824,000


Policy 0: saving next best rewards:  [461.32]
=> saving checkpoint 'runs/mg_A_seed2801/nn/mg_A_seed2801.pth'

Timing:
  Play time               : 9.911 s
  Update time             : 0.850 s
  Time to train epoch     : 10.760 s


Statistics:
  fps step                    : 16,786
  fps step + policy inference : 16,531
  fps total                   : 15,226
  epoch                       : 476 / 1,000
  frames                      : 77,987,840


Policy 0: saving next best rewards:  [461.79]
=> saving checkpoint 'runs/mg_A_seed2801/nn/mg_A_seed2801.pth'

Timing:
  Play time               : 10.033 s
  Update time             : 0.769 s
  Time to train epoch     : 10.803 s


Statistics:
  fps step                    : 16,581
  fps step + policy inference : 16,330
  fps total                   : 15,167
  epoch                       : 477 / 1,000
  frames                      : 78,151,680


Policy 0: saving next best rewards:  [462.23]
=> saving checkpoint 'runs/mg_A_seed2801/nn/mg_A_seed2801.pth'

Timing:
  Play time               : 9.998 s
  Update time             : 0.842 s
  Time to train epoch     : 10.840 s


Statistics:
  fps step                    : 16,746
  fps step + policy inference : 16,387
  fps total                   : 15,114
  epoch                       : 478 / 1,000
  frames                      : 78,315,520


Policy 0: saving next best rewards:  [462.74]
=> saving checkpoint 'runs/mg_A_seed2801/nn/mg_A_seed2801.pth'

Timing:
  Play time               : 9.804 s
  Update time             : 0.829 s
  Time to train epoch     : 10.633 s


Statistics:
  fps step                    : 16,982
  fps step + policy inference : 16,712
  fps total                   : 15,408
  epoch                       : 479 / 1,000
  frames                      : 78,479,360


Policy 0: saving next best rewards:  [462.91]
=> saving checkpoint 'runs/mg_A_seed2801/nn/mg_A_seed2801.pth'

Timing:
  Play time               : 9.781 s
  Update time             : 0.864 s
  Time to train epoch     : 10.645 s


Statistics:
  fps step                    : 17,019
  fps step + policy inference : 16,751
  fps total                   : 15,391
  epoch                       : 480 / 1,000
  frames                      : 78,643,200


Policy 0: saving next best rewards:  [463.01]
=> saving checkpoint 'runs/mg_A_seed2801/nn/mg_A_seed2801.pth'

Timing:
  Play time               : 9.817 s
  Update time             : 0.890 s
  Time to train epoch     : 10.707 s


Statistics:
  fps step                    : 16,959
  fps step + policy inference : 16,689
  fps total                   : 15,302
  epoch                       : 481 / 1,000
  frames                      : 78,807,040


Policy 0: saving next best rewards:  [463.1]
=> saving checkpoint 'runs/mg_A_seed2801/nn/mg_A_seed2801.pth'

Timing:
  Play time               : 9.796 s
  Update time             : 0.888 s
  Time to train epoch     : 10.684 s


Statistics:
  fps step                    : 16,996
  fps step + policy inference : 16,725
  fps total                   : 15,336
  epoch                       : 482 / 1,000
  frames                      : 78,970,880


Policy 0: saving next best rewards:  [463.46]
=> saving checkpoint 'runs/mg_A_seed2801/nn/mg_A_seed2801.pth'

Timing:
  Play time               : 9.745 s
  Update time             : 0.874 s
  Time to train epoch     : 10.619 s


Statistics:
  fps step                    : 17,089
  fps step + policy inference : 16,812
  fps total                   : 15,429
  epoch                       : 483 / 1,000
  frames                      : 79,134,720


Policy 0: saving next best rewards:  [463.71]
=> saving checkpoint 'runs/mg_A_seed2801/nn/mg_A_seed2801.pth'

Timing:
  Play time               : 9.793 s
  Update time             : 0.818 s
  Time to train epoch     : 10.612 s


Statistics:
  fps step                    : 17,002
  fps step + policy inference : 16,730
  fps total                   : 15,440
  epoch                       : 484 / 1,000
  frames                      : 79,298,560


Policy 0: saving next best rewards:  [463.97]
=> saving checkpoint 'runs/mg_A_seed2801/nn/mg_A_seed2801.pth'

Timing:
  Play time               : 9.782 s
  Update time             : 0.812 s
  Time to train epoch     : 10.594 s


Statistics:
  fps step                    : 17,023
  fps step + policy inference : 16,749
  fps total                   : 15,466
  epoch                       : 485 / 1,000
  frames                      : 79,462,400


Policy 0: saving next best rewards:  [464.18]
=> saving checkpoint 'runs/mg_A_seed2801/nn/mg_A_seed2801.pth'

Timing:
  Play time               : 9.793 s
  Update time             : 0.815 s
  Time to train epoch     : 10.608 s


Statistics:
  fps step                    : 17,007
  fps step + policy inference : 16,730
  fps total                   : 15,446
  epoch                       : 486 / 1,000
  frames                      : 79,626,240


Policy 0: saving next best rewards:  [464.48]
=> saving checkpoint 'runs/mg_A_seed2801/nn/mg_A_seed2801.pth'

Timing:
  Play time               : 9.803 s
  Update time             : 0.855 s
  Time to train epoch     : 10.658 s


Statistics:
  fps step                    : 16,991
  fps step + policy inference : 16,713
  fps total                   : 15,372
  epoch                       : 487 / 1,000
  frames                      : 79,790,080


Policy 0: saving next best rewards:  [465.04]
=> saving checkpoint 'runs/mg_A_seed2801/nn/mg_A_seed2801.pth'

Timing:
  Play time               : 9.923 s
  Update time             : 0.923 s
  Time to train epoch     : 10.845 s


Statistics:
  fps step                    : 16,940
  fps step + policy inference : 16,512
  fps total                   : 15,107
  epoch                       : 488 / 1,000
  frames                      : 79,953,920


Policy 0: saving next best rewards:  [467.13]
=> saving checkpoint 'runs/mg_A_seed2801/nn/mg_A_seed2801.pth'

Timing:
  Play time               : 9.850 s
  Update time             : 0.951 s
  Time to train epoch     : 10.801 s


Statistics:
  fps step                    : 16,941
  fps step + policy inference : 16,633
  fps total                   : 15,169
  epoch                       : 489 / 1,000
  frames                      : 80,117,760


Policy 0: saving next best rewards:  [467.68]
=> saving checkpoint 'runs/mg_A_seed2801/nn/mg_A_seed2801.pth'

Timing:
  Play time               : 9.811 s
  Update time             : 0.973 s
  Time to train epoch     : 10.784 s


Statistics:
  fps step                    : 16,983
  fps step + policy inference : 16,699
  fps total                   : 15,193
  epoch                       : 490 / 1,000
  frames                      : 80,281,600


Policy 0: 
Timing:
  Play time               : 9.763 s
  Update time             : 0.872 s
  Time to train epoch     : 10.635 s


Statistics:
  fps step                    : 17,051
  fps step + policy inference : 16,781
  fps total                   : 15,405
  epoch                       : 491 / 1,000
  frames                      : 80,445,440


Policy 0: 
Timing:
  Play time               : 9.754 s
  Update time             : 0.798 s
  Time to train epoch     : 10.552 s


Statistics:
  fps step                    : 17,057
  fps step + policy inference : 16,797
  fps total                   : 15,527
  epoch                       : 492 / 1,000
  frames                      : 80,609,280


Policy 0: 
Timing:
  Play time               : 9.751 s
  Update time             : 0.842 s
  Time to train epoch     : 10.593 s


Statistics:
  fps step                    : 17,065
  fps step + policy inference : 16,802
  fps total                   : 15,467
  epoch                       : 493 / 1,000
  frames                      : 80,773,120


Policy 0: 
Timing:
  Play time               : 9.736 s
  Update time             : 0.803 s
  Time to train epoch     : 10.539 s


Statistics:
  fps step                    : 17,092
  fps step + policy inference : 16,828
  fps total                   : 15,546
  epoch                       : 494 / 1,000
  frames                      : 80,936,960


Policy 0: 
Timing:
  Play time               : 9.736 s
  Update time             : 0.785 s
  Time to train epoch     : 10.521 s


Statistics:
  fps step                    : 17,092
  fps step + policy inference : 16,828
  fps total                   : 15,573
  epoch                       : 495 / 1,000
  frames                      : 81,100,800


Policy 0: 
Timing:
  Play time               : 9.777 s
  Update time             : 0.777 s
  Time to train epoch     : 10.554 s


Statistics:
  fps step                    : 17,031
  fps step + policy inference : 16,757
  fps total                   : 15,523
  epoch                       : 496 / 1,000
  frames                      : 81,264,640


Policy 0: saving next best rewards:  [467.73]
=> saving checkpoint 'runs/mg_A_seed2801/nn/mg_A_seed2801.pth'

Timing:
  Play time               : 9.787 s
  Update time             : 0.794 s
  Time to train epoch     : 10.581 s


Statistics:
  fps step                    : 17,014
  fps step + policy inference : 16,741
  fps total                   : 15,485
  epoch                       : 497 / 1,000
  frames                      : 81,428,480


Policy 0: 
Timing:
  Play time               : 9.799 s
  Update time             : 0.818 s
  Time to train epoch     : 10.617 s


Statistics:
  fps step                    : 16,994
  fps step + policy inference : 16,720
  fps total                   : 15,431
  epoch                       : 498 / 1,000
  frames                      : 81,592,320


Policy 0: 
Timing:
  Play time               : 9.797 s
  Update time             : 0.811 s
  Time to train epoch     : 10.609 s


Statistics:
  fps step                    : 16,989
  fps step + policy inference : 16,723
  fps total                   : 15,444
  epoch                       : 499 / 1,000
  frames                      : 81,756,160


Policy 0: 
Timing:
  Play time               : 9.806 s
  Update time             : 0.797 s
  Time to train epoch     : 10.603 s


Statistics:
  fps step                    : 16,983
  fps step + policy inference : 16,709
  fps total                   : 15,453
  epoch                       : 500 / 1,000
  frames                      : 81,920,000


Policy 0: Saved recovery checkpoint runs/mg_A_seed2801/checkpoints/epoch_000500.pth; evaluation_due=False

Timing:
  Play time               : 9.778 s
  Update time             : 0.843 s
  Time to train epoch     : 10.622 s


Statistics:
  fps step                    : 17,026
  fps step + policy inference : 16,755
  fps total                   : 15,425
  epoch                       : 501 / 1,000
  frames                      : 82,083,840


Policy 0: 
Timing:
  Play time               : 9.769 s
  Update time             : 0.807 s
  Time to train epoch     : 10.576 s


Statistics:
  fps step                    : 17,045
  fps step + policy inference : 16,771
  fps total                   : 15,491
  epoch                       : 502 / 1,000
  frames                      : 82,247,680


Policy 0: saving next best rewards:  [468.06]
=> saving checkpoint 'runs/mg_A_seed2801/nn/mg_A_seed2801.pth'

Timing:
  Play time               : 9.766 s
  Update time             : 0.857 s
  Time to train epoch     : 10.623 s


Statistics:
  fps step                    : 17,048
  fps step + policy inference : 16,776
  fps total                   : 15,422
  epoch                       : 503 / 1,000
  frames                      : 82,411,520


Policy 0: 
Timing:
  Play time               : 9.769 s
  Update time             : 0.910 s
  Time to train epoch     : 10.679 s


Statistics:
  fps step                    : 17,045
  fps step + policy inference : 16,771
  fps total                   : 15,342
  epoch                       : 504 / 1,000
  frames                      : 82,575,360


Policy 0: 
Timing:
  Play time               : 9.791 s
  Update time             : 0.951 s
  Time to train epoch     : 10.742 s


Statistics:
  fps step                    : 17,012
  fps step + policy inference : 16,734
  fps total                   : 15,253
  epoch                       : 505 / 1,000
  frames                      : 82,739,200


Policy 0: saving next best rewards:  [468.44]
=> saving checkpoint 'runs/mg_A_seed2801/nn/mg_A_seed2801.pth'

Timing:
  Play time               : 9.805 s
  Update time             : 0.901 s
  Time to train epoch     : 10.706 s


Statistics:
  fps step                    : 16,987
  fps step + policy inference : 16,710
  fps total                   : 15,304
  epoch                       : 506 / 1,000
  frames                      : 82,903,040


Policy 0: saving next best rewards:  [468.52]
=> saving checkpoint 'runs/mg_A_seed2801/nn/mg_A_seed2801.pth'

Timing:
  Play time               : 9.905 s
  Update time             : 0.946 s
  Time to train epoch     : 10.851 s


Statistics:
  fps step                    : 16,980
  fps step + policy inference : 16,541
  fps total                   : 15,100
  epoch                       : 507 / 1,000
  frames                      : 83,066,880


Policy 0: saving next best rewards:  [470.58]
=> saving checkpoint 'runs/mg_A_seed2801/nn/mg_A_seed2801.pth'

Timing:
  Play time               : 9.846 s
  Update time             : 0.945 s
  Time to train epoch     : 10.791 s


Statistics:
  fps step                    : 16,945
  fps step + policy inference : 16,639
  fps total                   : 15,183
  epoch                       : 508 / 1,000
  frames                      : 83,230,720


Policy 0: saving next best rewards:  [470.69]
=> saving checkpoint 'runs/mg_A_seed2801/nn/mg_A_seed2801.pth'

Timing:
  Play time               : 9.794 s
  Update time             : 0.913 s
  Time to train epoch     : 10.707 s


Statistics:
  fps step                    : 17,011
  fps step + policy inference : 16,728
  fps total                   : 15,302
  epoch                       : 509 / 1,000
  frames                      : 83,394,560


Policy 0: saving next best rewards:  [470.78]
=> saving checkpoint 'runs/mg_A_seed2801/nn/mg_A_seed2801.pth'

Timing:
  Play time               : 9.749 s
  Update time             : 0.799 s
  Time to train epoch     : 10.548 s


Statistics:
  fps step                    : 17,072
  fps step + policy inference : 16,806
  fps total                   : 15,533
  epoch                       : 510 / 1,000
  frames                      : 83,558,400


Policy 0: saving next best rewards:  [471.]
=> saving checkpoint 'runs/mg_A_seed2801/nn/mg_A_seed2801.pth'

Timing:
  Play time               : 9.780 s
  Update time             : 0.744 s
  Time to train epoch     : 10.524 s


Statistics:
  fps step                    : 17,013
  fps step + policy inference : 16,753
  fps total                   : 15,568
  epoch                       : 511 / 1,000
  frames                      : 83,722,240


Policy 0: 
Timing:
  Play time               : 9.772 s
  Update time             : 0.789 s
  Time to train epoch     : 10.562 s


Statistics:
  fps step                    : 17,036
  fps step + policy inference : 16,765
  fps total                   : 15,513
  epoch                       : 512 / 1,000
  frames                      : 83,886,080


Policy 0: 
Timing:
  Play time               : 9.726 s
  Update time             : 0.822 s
  Time to train epoch     : 10.548 s


Statistics:
  fps step                    : 17,111
  fps step + policy inference : 16,846
  fps total                   : 15,533
  epoch                       : 513 / 1,000
  frames                      : 84,049,920


Policy 0: saving next best rewards:  [471.04]
=> saving checkpoint 'runs/mg_A_seed2801/nn/mg_A_seed2801.pth'

Timing:
  Play time               : 9.763 s
  Update time             : 0.827 s
  Time to train epoch     : 10.590 s


Statistics:
  fps step                    : 17,042
  fps step + policy inference : 16,781
  fps total                   : 15,471
  epoch                       : 514 / 1,000
  frames                      : 84,213,760


Policy 0: saving next best rewards:  [471.14]
=> saving checkpoint 'runs/mg_A_seed2801/nn/mg_A_seed2801.pth'

Timing:
  Play time               : 9.766 s
  Update time             : 0.874 s
  Time to train epoch     : 10.640 s


Statistics:
  fps step                    : 17,046
  fps step + policy inference : 16,777
  fps total                   : 15,398
  epoch                       : 515 / 1,000
  frames                      : 84,377,600


Policy 0: saving next best rewards:  [471.27]
=> saving checkpoint 'runs/mg_A_seed2801/nn/mg_A_seed2801.pth'

Timing:
  Play time               : 9.779 s
  Update time             : 0.897 s
  Time to train epoch     : 10.677 s


Statistics:
  fps step                    : 17,028
  fps step + policy inference : 16,754
  fps total                   : 15,346
  epoch                       : 516 / 1,000
  frames                      : 84,541,440


Policy 0: 
Timing:
  Play time               : 9.789 s
  Update time             : 0.873 s
  Time to train epoch     : 10.661 s


Statistics:
  fps step                    : 17,008
  fps step + policy inference : 16,737
  fps total                   : 15,368
  epoch                       : 517 / 1,000
  frames                      : 84,705,280


Policy 0: saving next best rewards:  [471.4]
=> saving checkpoint 'runs/mg_A_seed2801/nn/mg_A_seed2801.pth'

Timing:
  Play time               : 9.776 s
  Update time             : 0.832 s
  Time to train epoch     : 10.608 s


Statistics:
  fps step                    : 17,029
  fps step + policy inference : 16,759
  fps total                   : 15,445
  epoch                       : 518 / 1,000
  frames                      : 84,869,120


Policy 0: saving next best rewards:  [471.55]
=> saving checkpoint 'runs/mg_A_seed2801/nn/mg_A_seed2801.pth'

Timing:
  Play time               : 9.792 s
  Update time             : 0.818 s
  Time to train epoch     : 10.610 s


Statistics:
  fps step                    : 17,004
  fps step + policy inference : 16,732
  fps total                   : 15,442
  epoch                       : 519 / 1,000
  frames                      : 85,032,960


Policy 0: saving next best rewards:  [472.14]
=> saving checkpoint 'runs/mg_A_seed2801/nn/mg_A_seed2801.pth'

Timing:
  Play time               : 9.780 s
  Update time             : 0.808 s
  Time to train epoch     : 10.588 s


Statistics:
  fps step                    : 17,025
  fps step + policy inference : 16,752
  fps total                   : 15,475
  epoch                       : 520 / 1,000
  frames                      : 85,196,800


Policy 0: saving next best rewards:  [472.68]
=> saving checkpoint 'runs/mg_A_seed2801/nn/mg_A_seed2801.pth'

Timing:
  Play time               : 9.806 s
  Update time             : 0.810 s
  Time to train epoch     : 10.616 s


Statistics:
  fps step                    : 16,983
  fps step + policy inference : 16,708
  fps total                   : 15,433
  epoch                       : 521 / 1,000
  frames                      : 85,360,640


Policy 0: saving next best rewards:  [472.86]
=> saving checkpoint 'runs/mg_A_seed2801/nn/mg_A_seed2801.pth'

Timing:
  Play time               : 9.805 s
  Update time             : 0.789 s
  Time to train epoch     : 10.594 s


Statistics:
  fps step                    : 16,981
  fps step + policy inference : 16,710
  fps total                   : 15,466
  epoch                       : 522 / 1,000
  frames                      : 85,524,480


Policy 0: saving next best rewards:  [473.19]
=> saving checkpoint 'runs/mg_A_seed2801/nn/mg_A_seed2801.pth'

Timing:
  Play time               : 9.789 s
  Update time             : 0.827 s
  Time to train epoch     : 10.616 s


Statistics:
  fps step                    : 17,008
  fps step + policy inference : 16,737
  fps total                   : 15,433
  epoch                       : 523 / 1,000
  frames                      : 85,688,320


Policy 0: saving next best rewards:  [473.62]
=> saving checkpoint 'runs/mg_A_seed2801/nn/mg_A_seed2801.pth'

Timing:
  Play time               : 9.806 s
  Update time             : 0.868 s
  Time to train epoch     : 10.674 s


Statistics:
  fps step                    : 16,983
  fps step + policy inference : 16,708
  fps total                   : 15,349
  epoch                       : 524 / 1,000
  frames                      : 85,852,160


Policy 0: saving next best rewards:  [473.92]
=> saving checkpoint 'runs/mg_A_seed2801/nn/mg_A_seed2801.pth'

Timing:
  Play time               : 9.861 s
  Update time             : 0.876 s
  Time to train epoch     : 10.737 s


Statistics:
  fps step                    : 17,017
  fps step + policy inference : 16,615
  fps total                   : 15,259
  epoch                       : 525 / 1,000
  frames                      : 86,016,000


Policy 0: saving next best rewards:  [475.5]
=> saving checkpoint 'runs/mg_A_seed2801/nn/mg_A_seed2801.pth'

Timing:
  Play time               : 9.857 s
  Update time             : 1.006 s
  Time to train epoch     : 10.863 s


Statistics:
  fps step                    : 16,948
  fps step + policy inference : 16,622
  fps total                   : 15,083
  epoch                       : 526 / 1,000
  frames                      : 86,179,840


Policy 0: saving next best rewards:  [475.72]
=> saving checkpoint 'runs/mg_A_seed2801/nn/mg_A_seed2801.pth'

Timing:
  Play time               : 9.825 s
  Update time             : 0.988 s
  Time to train epoch     : 10.812 s


Statistics:
  fps step                    : 16,972
  fps step + policy inference : 16,677
  fps total                   : 15,153
  epoch                       : 527 / 1,000
  frames                      : 86,343,680


Policy 0: saving next best rewards:  [475.84]
=> saving checkpoint 'runs/mg_A_seed2801/nn/mg_A_seed2801.pth'

Timing:
  Play time               : 9.776 s
  Update time             : 0.948 s
  Time to train epoch     : 10.724 s


Statistics:
  fps step                    : 17,039
  fps step + policy inference : 16,760
  fps total                   : 15,278
  epoch                       : 528 / 1,000
  frames                      : 86,507,520


Policy 0: saving next best rewards:  [476.05]
=> saving checkpoint 'runs/mg_A_seed2801/nn/mg_A_seed2801.pth'

Timing:
  Play time               : 9.709 s
  Update time             : 0.831 s
  Time to train epoch     : 10.540 s


Statistics:
  fps step                    : 17,138
  fps step + policy inference : 16,875
  fps total                   : 15,544
  epoch                       : 529 / 1,000
  frames                      : 86,671,360


Policy 0: saving next best rewards:  [476.08]
=> saving checkpoint 'runs/mg_A_seed2801/nn/mg_A_seed2801.pth'

Timing:
  Play time               : 9.740 s
  Update time             : 0.796 s
  Time to train epoch     : 10.535 s


Statistics:
  fps step                    : 17,083
  fps step + policy inference : 16,821
  fps total                   : 15,551
  epoch                       : 530 / 1,000
  frames                      : 86,835,200


Policy 0: saving next best rewards:  [476.11]
=> saving checkpoint 'runs/mg_A_seed2801/nn/mg_A_seed2801.pth'

Timing:
  Play time               : 9.753 s
  Update time             : 0.782 s
  Time to train epoch     : 10.535 s


Statistics:
  fps step                    : 17,070
  fps step + policy inference : 16,799
  fps total                   : 15,551
  epoch                       : 531 / 1,000
  frames                      : 86,999,040


Policy 0: 
Timing:
  Play time               : 9.811 s
  Update time             : 0.796 s
  Time to train epoch     : 10.607 s


Statistics:
  fps step                    : 16,960
  fps step + policy inference : 16,700
  fps total                   : 15,447
  epoch                       : 532 / 1,000
  frames                      : 87,162,880


Policy 0: 
Timing:
  Play time               : 9.800 s
  Update time             : 0.793 s
  Time to train epoch     : 10.593 s


Statistics:
  fps step                    : 16,982
  fps step + policy inference : 16,719
  fps total                   : 15,467
  epoch                       : 533 / 1,000
  frames                      : 87,326,720


Policy 0: 
Timing:
  Play time               : 9.765 s
  Update time             : 0.782 s
  Time to train epoch     : 10.548 s


Statistics:
  fps step                    : 17,048
  fps step + policy inference : 16,778
  fps total                   : 15,533
  epoch                       : 534 / 1,000
  frames                      : 87,490,560


Policy 0: saving next best rewards:  [476.28]
=> saving checkpoint 'runs/mg_A_seed2801/nn/mg_A_seed2801.pth'

Timing:
  Play time               : 9.779 s
  Update time             : 0.804 s
  Time to train epoch     : 10.582 s


Statistics:
  fps step                    : 17,027
  fps step + policy inference : 16,755
  fps total                   : 15,483
  epoch                       : 535 / 1,000
  frames                      : 87,654,400


Policy 0: saving next best rewards:  [476.55]
=> saving checkpoint 'runs/mg_A_seed2801/nn/mg_A_seed2801.pth'

Timing:
  Play time               : 9.787 s
  Update time             : 0.822 s
  Time to train epoch     : 10.609 s


Statistics:
  fps step                    : 17,011
  fps step + policy inference : 16,740
  fps total                   : 15,443
  epoch                       : 536 / 1,000
  frames                      : 87,818,240


Policy 0: 
Timing:
  Play time               : 9.779 s
  Update time             : 0.790 s
  Time to train epoch     : 10.569 s


Statistics:
  fps step                    : 17,024
  fps step + policy inference : 16,755
  fps total                   : 15,502
  epoch                       : 537 / 1,000
  frames                      : 87,982,080


Policy 0: 
Timing:
  Play time               : 9.781 s
  Update time             : 0.827 s
  Time to train epoch     : 10.607 s


Statistics:
  fps step                    : 17,021
  fps step + policy inference : 16,752
  fps total                   : 15,446
  epoch                       : 538 / 1,000
  frames                      : 88,145,920


Policy 0: saving next best rewards:  [476.57]
=> saving checkpoint 'runs/mg_A_seed2801/nn/mg_A_seed2801.pth'

Timing:
  Play time               : 9.793 s
  Update time             : 0.882 s
  Time to train epoch     : 10.675 s


Statistics:
  fps step                    : 17,006
  fps step + policy inference : 16,730
  fps total                   : 15,348
  epoch                       : 539 / 1,000
  frames                      : 88,309,760


Policy 0: saving next best rewards:  [476.7]
=> saving checkpoint 'runs/mg_A_seed2801/nn/mg_A_seed2801.pth'

Timing:
  Play time               : 9.866 s
  Update time             : 0.880 s
  Time to train epoch     : 10.746 s


Statistics:
  fps step                    : 16,873
  fps step + policy inference : 16,606
  fps total                   : 15,247
  epoch                       : 540 / 1,000
  frames                      : 88,473,600


Policy 0: saving next best rewards:  [476.98]
=> saving checkpoint 'runs/mg_A_seed2801/nn/mg_A_seed2801.pth'

Timing:
  Play time               : 9.796 s
  Update time             : 0.922 s
  Time to train epoch     : 10.717 s


Statistics:
  fps step                    : 17,001
  fps step + policy inference : 16,726
  fps total                   : 15,288
  epoch                       : 541 / 1,000
  frames                      : 88,637,440


Policy 0: saving next best rewards:  [477.22]
=> saving checkpoint 'runs/mg_A_seed2801/nn/mg_A_seed2801.pth'

Timing:
  Play time               : 9.760 s
  Update time             : 0.876 s
  Time to train epoch     : 10.636 s


Statistics:
  fps step                    : 17,058
  fps step + policy inference : 16,787
  fps total                   : 15,404
  epoch                       : 542 / 1,000
  frames                      : 88,801,280


Policy 0: saving next best rewards:  [477.23]
=> saving checkpoint 'runs/mg_A_seed2801/nn/mg_A_seed2801.pth'

Timing:
  Play time               : 9.779 s
  Update time             : 0.848 s
  Time to train epoch     : 10.627 s


Statistics:
  fps step                    : 17,031
  fps step + policy inference : 16,754
  fps total                   : 15,418
  epoch                       : 543 / 1,000
  frames                      : 88,965,120


Policy 0: saving next best rewards:  [477.64]
=> saving checkpoint 'runs/mg_A_seed2801/nn/mg_A_seed2801.pth'

Timing:
  Play time               : 9.959 s
  Update time             : 0.882 s
  Time to train epoch     : 10.841 s


Statistics:
  fps step                    : 16,858
  fps step + policy inference : 16,451
  fps total                   : 15,113
  epoch                       : 544 / 1,000
  frames                      : 89,128,960


Policy 0: saving next best rewards:  [480.12]
=> saving checkpoint 'runs/mg_A_seed2801/nn/mg_A_seed2801.pth'

Timing:
  Play time               : 10.003 s
  Update time             : 1.020 s
  Time to train epoch     : 11.023 s


Statistics:
  fps step                    : 16,688
  fps step + policy inference : 16,379
  fps total                   : 14,864
  epoch                       : 545 / 1,000
  frames                      : 89,292,800


Policy 0: 
Timing:
  Play time               : 10.080 s
  Update time             : 0.925 s
  Time to train epoch     : 11.005 s


Statistics:
  fps step                    : 16,526
  fps step + policy inference : 16,254
  fps total                   : 14,888
  epoch                       : 546 / 1,000
  frames                      : 89,456,640


Policy 0: 
Timing:
  Play time               : 10.058 s
  Update time             : 0.853 s
  Time to train epoch     : 10.911 s


Statistics:
  fps step                    : 16,548
  fps step + policy inference : 16,289
  fps total                   : 15,016
  epoch                       : 547 / 1,000
  frames                      : 89,620,480


Policy 0: saving next best rewards:  [480.4]
=> saving checkpoint 'runs/mg_A_seed2801/nn/mg_A_seed2801.pth'

Timing:
  Play time               : 9.957 s
  Update time             : 0.771 s
  Time to train epoch     : 10.729 s


Statistics:
  fps step                    : 16,705
  fps step + policy inference : 16,454
  fps total                   : 15,271
  epoch                       : 548 / 1,000
  frames                      : 89,784,320


Policy 0: saving next best rewards:  [480.51]
=> saving checkpoint 'runs/mg_A_seed2801/nn/mg_A_seed2801.pth'

Timing:
  Play time               : 10.148 s
  Update time             : 0.737 s
  Time to train epoch     : 10.885 s


Statistics:
  fps step                    : 16,385
  fps step + policy inference : 16,145
  fps total                   : 15,052
  epoch                       : 549 / 1,000
  frames                      : 89,948,160


Policy 0: saving next best rewards:  [480.63]
=> saving checkpoint 'runs/mg_A_seed2801/nn/mg_A_seed2801.pth'

Timing:
  Play time               : 10.123 s
  Update time             : 0.823 s
  Time to train epoch     : 10.946 s


Statistics:
  fps step                    : 16,428
  fps step + policy inference : 16,185
  fps total                   : 14,968
  epoch                       : 550 / 1,000
  frames                      : 90,112,000


Policy 0: 
Timing:
  Play time               : 9.989 s
  Update time             : 0.830 s
  Time to train epoch     : 10.819 s


Statistics:
  fps step                    : 16,656
  fps step + policy inference : 16,402
  fps total                   : 15,144
  epoch                       : 551 / 1,000
  frames                      : 90,275,840


Policy 0: saving next best rewards:  [480.84]
=> saving checkpoint 'runs/mg_A_seed2801/nn/mg_A_seed2801.pth'

Timing:
  Play time               : 9.921 s
  Update time             : 0.852 s
  Time to train epoch     : 10.773 s


Statistics:
  fps step                    : 16,769
  fps step + policy inference : 16,515
  fps total                   : 15,208
  epoch                       : 552 / 1,000
  frames                      : 90,439,680


Policy 0: 
Timing:
  Play time               : 9.940 s
  Update time             : 0.846 s
  Time to train epoch     : 10.786 s


Statistics:
  fps step                    : 16,744
  fps step + policy inference : 16,482
  fps total                   : 15,190
  epoch                       : 553 / 1,000
  frames                      : 90,603,520


Policy 0: 
Timing:
  Play time               : 9.911 s
  Update time             : 0.879 s
  Time to train epoch     : 10.790 s


Statistics:
  fps step                    : 16,802
  fps step + policy inference : 16,531
  fps total                   : 15,184
  epoch                       : 554 / 1,000
  frames                      : 90,767,360


Policy 0: 
Timing:
  Play time               : 9.787 s
  Update time             : 0.851 s
  Time to train epoch     : 10.638 s


Statistics:
  fps step                    : 17,008
  fps step + policy inference : 16,741
  fps total                   : 15,402
  epoch                       : 555 / 1,000
  frames                      : 90,931,200


Policy 0: 
Timing:
  Play time               : 9.806 s
  Update time             : 0.802 s
  Time to train epoch     : 10.608 s


Statistics:
  fps step                    : 16,982
  fps step + policy inference : 16,707
  fps total                   : 15,445
  epoch                       : 556 / 1,000
  frames                      : 91,095,040


Policy 0: 
Timing:
  Play time               : 9.805 s
  Update time             : 0.809 s
  Time to train epoch     : 10.614 s


Statistics:
  fps step                    : 16,983
  fps step + policy inference : 16,709
  fps total                   : 15,436
  epoch                       : 557 / 1,000
  frames                      : 91,258,880


Policy 0: 
Timing:
  Play time               : 9.784 s
  Update time             : 0.816 s
  Time to train epoch     : 10.600 s


Statistics:
  fps step                    : 17,022
  fps step + policy inference : 16,745
  fps total                   : 15,457
  epoch                       : 558 / 1,000
  frames                      : 91,422,720


Policy 0: 
Timing:
  Play time               : 9.776 s
  Update time             : 0.811 s
  Time to train epoch     : 10.588 s


Statistics:
  fps step                    : 17,030
  fps step + policy inference : 16,759
  fps total                   : 15,475
  epoch                       : 559 / 1,000
  frames                      : 91,586,560


Policy 0: 
Timing:
  Play time               : 9.788 s
  Update time             : 0.830 s
  Time to train epoch     : 10.618 s


Statistics:
  fps step                    : 17,015
  fps step + policy inference : 16,739
  fps total                   : 15,431
  epoch                       : 560 / 1,000
  frames                      : 91,750,400


Policy 0: 
Timing:
  Play time               : 9.794 s
  Update time             : 0.863 s
  Time to train epoch     : 10.656 s


Statistics:
  fps step                    : 17,004
  fps step + policy inference : 16,729
  fps total                   : 15,375
  epoch                       : 561 / 1,000
  frames                      : 91,914,240


Policy 0: 
Timing:
  Play time               : 9.784 s
  Update time             : 0.903 s
  Time to train epoch     : 10.687 s


Statistics:
  fps step                    : 17,024
  fps step + policy inference : 16,746
  fps total                   : 15,331
  epoch                       : 562 / 1,000
  frames                      : 92,078,080


Policy 0: 
Timing:
  Play time               : 9.900 s
  Update time             : 1.021 s
  Time to train epoch     : 10.921 s


Statistics:
  fps step                    : 16,975
  fps step + policy inference : 16,549
  fps total                   : 15,002
  epoch                       : 563 / 1,000
  frames                      : 92,241,920


Policy 0: saving next best rewards:  [482.99]
=> saving checkpoint 'runs/mg_A_seed2801/nn/mg_A_seed2801.pth'

Timing:
  Play time               : 9.860 s
  Update time             : 1.061 s
  Time to train epoch     : 10.921 s


Statistics:
  fps step                    : 16,922
  fps step + policy inference : 16,616
  fps total                   : 15,003
  epoch                       : 564 / 1,000
  frames                      : 92,405,760


Policy 0: saving next best rewards:  [483.62]
=> saving checkpoint 'runs/mg_A_seed2801/nn/mg_A_seed2801.pth'

Timing:
  Play time               : 9.826 s
  Update time             : 0.957 s
  Time to train epoch     : 10.784 s


Statistics:
  fps step                    : 16,956
  fps step + policy inference : 16,673
  fps total                   : 15,193
  epoch                       : 565 / 1,000
  frames                      : 92,569,600


Policy 0: 
Timing:
  Play time               : 9.799 s
  Update time             : 0.831 s
  Time to train epoch     : 10.629 s


Statistics:
  fps step                    : 16,988
  fps step + policy inference : 16,720
  fps total                   : 15,414
  epoch                       : 566 / 1,000
  frames                      : 92,733,440


Policy 0: saving next best rewards:  [483.65]
=> saving checkpoint 'runs/mg_A_seed2801/nn/mg_A_seed2801.pth'

Timing:
  Play time               : 9.746 s
  Update time             : 0.741 s
  Time to train epoch     : 10.486 s


Statistics:
  fps step                    : 17,073
  fps step + policy inference : 16,812
  fps total                   : 15,624
  epoch                       : 567 / 1,000
  frames                      : 92,897,280


Policy 0: saving next best rewards:  [483.72]
=> saving checkpoint 'runs/mg_A_seed2801/nn/mg_A_seed2801.pth'

Timing:
  Play time               : 9.806 s
  Update time             : 0.769 s
  Time to train epoch     : 10.575 s


Statistics:
  fps step                    : 16,964
  fps step + policy inference : 16,708
  fps total                   : 15,494
  epoch                       : 568 / 1,000
  frames                      : 93,061,120


Policy 0: saving next best rewards:  [483.89]
=> saving checkpoint 'runs/mg_A_seed2801/nn/mg_A_seed2801.pth'

Timing:
  Play time               : 9.948 s
  Update time             : 0.844 s
  Time to train epoch     : 10.792 s


Statistics:
  fps step                    : 16,719
  fps step + policy inference : 16,469
  fps total                   : 15,181
  epoch                       : 569 / 1,000
  frames                      : 93,224,960


Policy 0: saving next best rewards:  [484.12]
=> saving checkpoint 'runs/mg_A_seed2801/nn/mg_A_seed2801.pth'

Timing:
  Play time               : 9.744 s
  Update time             : 0.771 s
  Time to train epoch     : 10.515 s


Statistics:
  fps step                    : 17,075
  fps step + policy inference : 16,814
  fps total                   : 15,581
  epoch                       : 570 / 1,000
  frames                      : 93,388,800


Policy 0: saving next best rewards:  [484.32]
=> saving checkpoint 'runs/mg_A_seed2801/nn/mg_A_seed2801.pth'

Timing:
  Play time               : 9.778 s
  Update time             : 0.760 s
  Time to train epoch     : 10.538 s


Statistics:
  fps step                    : 17,018
  fps step + policy inference : 16,757
  fps total                   : 15,548
  epoch                       : 571 / 1,000
  frames                      : 93,552,640


Policy 0: 
Timing:
  Play time               : 9.774 s
  Update time             : 0.865 s
  Time to train epoch     : 10.640 s


Statistics:
  fps step                    : 17,032
  fps step + policy inference : 16,762
  fps total                   : 15,399
  epoch                       : 572 / 1,000
  frames                      : 93,716,480


Policy 0: 
Timing:
  Play time               : 9.791 s
  Update time             : 0.890 s
  Time to train epoch     : 10.681 s


Statistics:
  fps step                    : 17,002
  fps step + policy inference : 16,733
  fps total                   : 15,339
  epoch                       : 573 / 1,000
  frames                      : 93,880,320


Policy 0: saving next best rewards:  [484.42]
=> saving checkpoint 'runs/mg_A_seed2801/nn/mg_A_seed2801.pth'

Timing:
  Play time               : 9.802 s
  Update time             : 0.906 s
  Time to train epoch     : 10.708 s


Statistics:
  fps step                    : 16,980
  fps step + policy inference : 16,715
  fps total                   : 15,301
  epoch                       : 574 / 1,000
  frames                      : 94,044,160


Policy 0: saving next best rewards:  [484.65]
=> saving checkpoint 'runs/mg_A_seed2801/nn/mg_A_seed2801.pth'

Timing:
  Play time               : 9.788 s
  Update time             : 0.871 s
  Time to train epoch     : 10.659 s


Statistics:
  fps step                    : 17,012
  fps step + policy inference : 16,738
  fps total                   : 15,371
  epoch                       : 575 / 1,000
  frames                      : 94,208,000


Policy 0: saving next best rewards:  [485.12]
=> saving checkpoint 'runs/mg_A_seed2801/nn/mg_A_seed2801.pth'

Timing:
  Play time               : 9.806 s
  Update time             : 0.822 s
  Time to train epoch     : 10.628 s


Statistics:
  fps step                    : 16,978
  fps step + policy inference : 16,707
  fps total                   : 15,415
  epoch                       : 576 / 1,000
  frames                      : 94,371,840


Policy 0: saving next best rewards:  [485.23]
=> saving checkpoint 'runs/mg_A_seed2801/nn/mg_A_seed2801.pth'

Timing:
  Play time               : 9.822 s
  Update time             : 0.820 s
  Time to train epoch     : 10.643 s


Statistics:
  fps step                    : 16,958
  fps step + policy inference : 16,681
  fps total                   : 15,395
  epoch                       : 577 / 1,000
  frames                      : 94,535,680


Policy 0: saving next best rewards:  [485.62]
=> saving checkpoint 'runs/mg_A_seed2801/nn/mg_A_seed2801.pth'

Timing:
  Play time               : 9.811 s
  Update time             : 0.798 s
  Time to train epoch     : 10.608 s


Statistics:
  fps step                    : 16,972
  fps step + policy inference : 16,700
  fps total                   : 15,445
  epoch                       : 578 / 1,000
  frames                      : 94,699,520


Policy 0: 
Timing:
  Play time               : 9.787 s
  Update time             : 0.823 s
  Time to train epoch     : 10.609 s


Statistics:
  fps step                    : 17,011
  fps step + policy inference : 16,741
  fps total                   : 15,443
  epoch                       : 579 / 1,000
  frames                      : 94,863,360


Policy 0: 
Timing:
  Play time               : 9.815 s
  Update time             : 0.838 s
  Time to train epoch     : 10.653 s


Statistics:
  fps step                    : 16,971
  fps step + policy inference : 16,693
  fps total                   : 15,380
  epoch                       : 580 / 1,000
  frames                      : 95,027,200


Policy 0: 
Timing:
  Play time               : 9.817 s
  Update time             : 0.860 s
  Time to train epoch     : 10.677 s


Statistics:
  fps step                    : 16,965
  fps step + policy inference : 16,690
  fps total                   : 15,345
  epoch                       : 581 / 1,000
  frames                      : 95,191,040


Policy 0: 
Timing:
  Play time               : 9.925 s
  Update time             : 0.973 s
  Time to train epoch     : 10.898 s


Statistics:
  fps step                    : 16,943
  fps step + policy inference : 16,508
  fps total                   : 15,033
  epoch                       : 582 / 1,000
  frames                      : 95,354,880


Policy 0: saving next best rewards:  [488.53]
=> saving checkpoint 'runs/mg_A_seed2801/nn/mg_A_seed2801.pth'

Timing:
  Play time               : 9.856 s
  Update time             : 0.973 s
  Time to train epoch     : 10.829 s


Statistics:
  fps step                    : 16,920
  fps step + policy inference : 16,623
  fps total                   : 15,130
  epoch                       : 583 / 1,000
  frames                      : 95,518,720


Policy 0: 
Timing:
  Play time               : 9.796 s
  Update time             : 0.952 s
  Time to train epoch     : 10.748 s


Statistics:
  fps step                    : 17,005
  fps step + policy inference : 16,725
  fps total                   : 15,244
  epoch                       : 584 / 1,000
  frames                      : 95,682,560


Policy 0: saving next best rewards:  [488.75]
=> saving checkpoint 'runs/mg_A_seed2801/nn/mg_A_seed2801.pth'

Timing:
  Play time               : 9.741 s
  Update time             : 0.903 s
  Time to train epoch     : 10.644 s


Statistics:
  fps step                    : 17,086
  fps step + policy inference : 16,820
  fps total                   : 15,392
  epoch                       : 585 / 1,000
  frames                      : 95,846,400


Policy 0: 
Timing:
  Play time               : 9.742 s
  Update time             : 0.815 s
  Time to train epoch     : 10.557 s


Statistics:
  fps step                    : 17,080
  fps step + policy inference : 16,819
  fps total                   : 15,520
  epoch                       : 586 / 1,000
  frames                      : 96,010,240


Policy 0: 
Timing:
  Play time               : 9.770 s
  Update time             : 0.783 s
  Time to train epoch     : 10.553 s


Statistics:
  fps step                    : 17,030
  fps step + policy inference : 16,769
  fps total                   : 15,525
  epoch                       : 587 / 1,000
  frames                      : 96,174,080


Policy 0: saving next best rewards:  [488.89]
=> saving checkpoint 'runs/mg_A_seed2801/nn/mg_A_seed2801.pth'

Timing:
  Play time               : 9.775 s
  Update time             : 0.804 s
  Time to train epoch     : 10.579 s


Statistics:
  fps step                    : 17,024
  fps step + policy inference : 16,761
  fps total                   : 15,488
  epoch                       : 588 / 1,000
  frames                      : 96,337,920


Policy 0: saving next best rewards:  [489.05]
=> saving checkpoint 'runs/mg_A_seed2801/nn/mg_A_seed2801.pth'

Timing:
  Play time               : 9.758 s
  Update time             : 0.769 s
  Time to train epoch     : 10.527 s


Statistics:
  fps step                    : 17,049
  fps step + policy inference : 16,790
  fps total                   : 15,564
  epoch                       : 589 / 1,000
  frames                      : 96,501,760


Policy 0: 
Timing:
  Play time               : 9.776 s
  Update time             : 0.768 s
  Time to train epoch     : 10.543 s


Statistics:
  fps step                    : 17,024
  fps step + policy inference : 16,760
  fps total                   : 15,540
  epoch                       : 590 / 1,000
  frames                      : 96,665,600


Policy 0: saving next best rewards:  [489.39]
=> saving checkpoint 'runs/mg_A_seed2801/nn/mg_A_seed2801.pth'

Timing:
  Play time               : 9.772 s
  Update time             : 0.803 s
  Time to train epoch     : 10.575 s


Statistics:
  fps step                    : 17,040
  fps step + policy inference : 16,766
  fps total                   : 15,494
  epoch                       : 591 / 1,000
  frames                      : 96,829,440


Policy 0: saving next best rewards:  [489.6]
=> saving checkpoint 'runs/mg_A_seed2801/nn/mg_A_seed2801.pth'

Timing:
  Play time               : 9.789 s
  Update time             : 0.807 s
  Time to train epoch     : 10.595 s


Statistics:
  fps step                    : 17,008
  fps step + policy inference : 16,738
  fps total                   : 15,464
  epoch                       : 592 / 1,000
  frames                      : 96,993,280


Policy 0: saving next best rewards:  [490.08]
=> saving checkpoint 'runs/mg_A_seed2801/nn/mg_A_seed2801.pth'

Timing:
  Play time               : 9.795 s
  Update time             : 0.858 s
  Time to train epoch     : 10.653 s


Statistics:
  fps step                    : 16,997
  fps step + policy inference : 16,727
  fps total                   : 15,380
  epoch                       : 593 / 1,000
  frames                      : 97,157,120


Policy 0: saving next best rewards:  [490.15]
=> saving checkpoint 'runs/mg_A_seed2801/nn/mg_A_seed2801.pth'

Timing:
  Play time               : 9.810 s
  Update time             : 0.880 s
  Time to train epoch     : 10.690 s


Statistics:
  fps step                    : 16,968
  fps step + policy inference : 16,701
  fps total                   : 15,326
  epoch                       : 594 / 1,000
  frames                      : 97,320,960


Policy 0: saving next best rewards:  [490.22]
=> saving checkpoint 'runs/mg_A_seed2801/nn/mg_A_seed2801.pth'

Timing:
  Play time               : 9.788 s
  Update time             : 0.884 s
  Time to train epoch     : 10.671 s


Statistics:
  fps step                    : 17,015
  fps step + policy inference : 16,739
  fps total                   : 15,353
  epoch                       : 595 / 1,000
  frames                      : 97,484,800


Policy 0: 
Timing:
  Play time               : 9.788 s
  Update time             : 0.909 s
  Time to train epoch     : 10.698 s


Statistics:
  fps step                    : 17,012
  fps step + policy inference : 16,738
  fps total                   : 15,315
  epoch                       : 596 / 1,000
  frames                      : 97,648,640


Policy 0: 
Timing:
  Play time               : 9.777 s
  Update time             : 0.831 s
  Time to train epoch     : 10.607 s


Statistics:
  fps step                    : 17,028
  fps step + policy inference : 16,758
  fps total                   : 15,446
  epoch                       : 597 / 1,000
  frames                      : 97,812,480


Policy 0: 
Timing:
  Play time               : 9.771 s
  Update time             : 0.845 s
  Time to train epoch     : 10.616 s


Statistics:
  fps step                    : 17,039
  fps step + policy inference : 16,768
  fps total                   : 15,433
  epoch                       : 598 / 1,000
  frames                      : 97,976,320


Policy 0: 
Timing:
  Play time               : 9.788 s
  Update time             : 0.837 s
  Time to train epoch     : 10.624 s


Statistics:
  fps step                    : 17,014
  fps step + policy inference : 16,739
  fps total                   : 15,421
  epoch                       : 599 / 1,000
  frames                      : 98,140,160


Policy 0: 
Timing:
  Play time               : 9.876 s
  Update time             : 0.885 s
  Time to train epoch     : 10.761 s


Statistics:
  fps step                    : 16,984
  fps step + policy inference : 16,590
  fps total                   : 15,225
  epoch                       : 600 / 1,000
  frames                      : 98,304,000


Policy 0: 
Timing:
  Play time               : 9.860 s
  Update time             : 0.954 s
  Time to train epoch     : 10.813 s


Statistics:
  fps step                    : 16,942
  fps step + policy inference : 16,617
  fps total                   : 15,152
  epoch                       : 601 / 1,000
  frames                      : 98,467,840


Policy 0: 
Timing:
  Play time               : 9.855 s
  Update time             : 0.929 s
  Time to train epoch     : 10.784 s


Statistics:
  fps step                    : 16,918
  fps step + policy inference : 16,625
  fps total                   : 15,192
  epoch                       : 602 / 1,000
  frames                      : 98,631,680


Policy 0: saving next best rewards:  [490.28]
=> saving checkpoint 'runs/mg_A_seed2801/nn/mg_A_seed2801.pth'

Timing:
  Play time               : 9.808 s
  Update time             : 0.925 s
  Time to train epoch     : 10.733 s


Statistics:
  fps step                    : 16,983
  fps step + policy inference : 16,705
  fps total                   : 15,265
  epoch                       : 603 / 1,000
  frames                      : 98,795,520


Policy 0: saving next best rewards:  [490.39]
=> saving checkpoint 'runs/mg_A_seed2801/nn/mg_A_seed2801.pth'

Timing:
  Play time               : 9.766 s
  Update time             : 0.822 s
  Time to train epoch     : 10.588 s


Statistics:
  fps step                    : 17,038
  fps step + policy inference : 16,777
  fps total                   : 15,474
  epoch                       : 604 / 1,000
  frames                      : 98,959,360


Policy 0: saving next best rewards:  [490.47]
=> saving checkpoint 'runs/mg_A_seed2801/nn/mg_A_seed2801.pth'

Timing:
  Play time               : 9.772 s
  Update time             : 0.826 s
  Time to train epoch     : 10.599 s


Statistics:
  fps step                    : 17,024
  fps step + policy inference : 16,765
  fps total                   : 15,458
  epoch                       : 605 / 1,000
  frames                      : 99,123,200


Policy 0: saving next best rewards:  [490.65]
=> saving checkpoint 'runs/mg_A_seed2801/nn/mg_A_seed2801.pth'

Timing:
  Play time               : 9.775 s
  Update time             : 0.832 s
  Time to train epoch     : 10.607 s


Statistics:
  fps step                    : 17,023
  fps step + policy inference : 16,761
  fps total                   : 15,447
  epoch                       : 606 / 1,000
  frames                      : 99,287,040


Policy 0: saving next best rewards:  [490.76]
=> saving checkpoint 'runs/mg_A_seed2801/nn/mg_A_seed2801.pth'

Timing:
  Play time               : 9.766 s
  Update time             : 0.877 s
  Time to train epoch     : 10.643 s


Statistics:
  fps step                    : 17,036
  fps step + policy inference : 16,777
  fps total                   : 15,394
  epoch                       : 607 / 1,000
  frames                      : 99,450,880


Policy 0: saving next best rewards:  [490.87]
=> saving checkpoint 'runs/mg_A_seed2801/nn/mg_A_seed2801.pth'

Timing:
  Play time               : 9.808 s
  Update time             : 0.798 s
  Time to train epoch     : 10.606 s


Statistics:
  fps step                    : 16,967
  fps step + policy inference : 16,705
  fps total                   : 15,448
  epoch                       : 608 / 1,000
  frames                      : 99,614,720


Policy 0: 
Timing:
  Play time               : 9.806 s
  Update time             : 0.794 s
  Time to train epoch     : 10.600 s


Statistics:
  fps step                    : 16,976
  fps step + policy inference : 16,707
  fps total                   : 15,456
  epoch                       : 609 / 1,000
  frames                      : 99,778,560


Policy 0: saving next best rewards:  [490.9]
=> saving checkpoint 'runs/mg_A_seed2801/nn/mg_A_seed2801.pth'

Timing:
  Play time               : 9.769 s
  Update time             : 0.809 s
  Time to train epoch     : 10.578 s


Statistics:
  fps step                    : 17,041
  fps step + policy inference : 16,772
  fps total                   : 15,489
  epoch                       : 610 / 1,000
  frames                      : 99,942,400


Policy 0: 
Timing:
  Play time               : 9.798 s
  Update time             : 0.808 s
  Time to train epoch     : 10.606 s


Statistics:
  fps step                    : 16,990
  fps step + policy inference : 16,721
  fps total                   : 15,448
  epoch                       : 611 / 1,000
  frames                      : 100,106,240


Policy 0: 
Timing:
  Play time               : 9.801 s
  Update time             : 0.810 s
  Time to train epoch     : 10.611 s


Statistics:
  fps step                    : 16,985
  fps step + policy inference : 16,716
  fps total                   : 15,440
  epoch                       : 612 / 1,000
  frames                      : 100,270,080


Policy 0: 
Timing:
  Play time               : 9.774 s
  Update time             : 0.839 s
  Time to train epoch     : 10.613 s


Statistics:
  fps step                    : 17,031
  fps step + policy inference : 16,763
  fps total                   : 15,438
  epoch                       : 613 / 1,000
  frames                      : 100,433,920


Policy 0: 
Timing:
  Play time               : 9.792 s
  Update time             : 0.907 s
  Time to train epoch     : 10.699 s


Statistics:
  fps step                    : 17,008
  fps step + policy inference : 16,732
  fps total                   : 15,313
  epoch                       : 614 / 1,000
  frames                      : 100,597,760


Policy 0: 
Timing:
  Play time               : 9.812 s
  Update time             : 0.950 s
  Time to train epoch     : 10.762 s


Statistics:
  fps step                    : 16,969
  fps step + policy inference : 16,698
  fps total                   : 15,223
  epoch                       : 615 / 1,000
  frames                      : 100,761,600


Policy 0: 
Timing:
  Play time               : 9.796 s
  Update time             : 0.903 s
  Time to train epoch     : 10.700 s


Statistics:
  fps step                    : 17,000
  fps step + policy inference : 16,725
  fps total                   : 15,313
  epoch                       : 616 / 1,000
  frames                      : 100,925,440


Policy 0: 
Timing:
  Play time               : 9.780 s
  Update time             : 0.821 s
  Time to train epoch     : 10.600 s


Statistics:
  fps step                    : 17,024
  fps step + policy inference : 16,753
  fps total                   : 15,456
  epoch                       : 617 / 1,000
  frames                      : 101,089,280


Policy 0: 
Timing:
  Play time               : 9.801 s
  Update time             : 0.868 s
  Time to train epoch     : 10.669 s


Statistics:
  fps step                    : 16,989
  fps step + policy inference : 16,716
  fps total                   : 15,356
  epoch                       : 618 / 1,000
  frames                      : 101,253,120


Policy 0: 
Timing:
  Play time               : 9.902 s
  Update time             : 0.882 s
  Time to train epoch     : 10.784 s


Statistics:
  fps step                    : 16,961
  fps step + policy inference : 16,547
  fps total                   : 15,193
  epoch                       : 619 / 1,000
  frames                      : 101,416,960


Policy 0: saving next best rewards:  [491.2]
=> saving checkpoint 'runs/mg_A_seed2801/nn/mg_A_seed2801.pth'

Timing:
  Play time               : 9.847 s
  Update time             : 0.958 s
  Time to train epoch     : 10.804 s


Statistics:
  fps step                    : 16,953
  fps step + policy inference : 16,639
  fps total                   : 15,164
  epoch                       : 620 / 1,000
  frames                      : 101,580,800


Policy 0: saving next best rewards:  [491.68]
=> saving checkpoint 'runs/mg_A_seed2801/nn/mg_A_seed2801.pth'

Timing:
  Play time               : 9.850 s
  Update time             : 0.935 s
  Time to train epoch     : 10.785 s


Statistics:
  fps step                    : 16,917
  fps step + policy inference : 16,633
  fps total                   : 15,191
  epoch                       : 621 / 1,000
  frames                      : 101,744,640


Policy 0: saving next best rewards:  [491.73]
=> saving checkpoint 'runs/mg_A_seed2801/nn/mg_A_seed2801.pth'

Timing:
  Play time               : 9.810 s
  Update time             : 0.881 s
  Time to train epoch     : 10.691 s


Statistics:
  fps step                    : 16,976
  fps step + policy inference : 16,702
  fps total                   : 15,325
  epoch                       : 622 / 1,000
  frames                      : 101,908,480


Policy 0: saving next best rewards:  [491.84]
=> saving checkpoint 'runs/mg_A_seed2801/nn/mg_A_seed2801.pth'

Timing:
  Play time               : 9.751 s
  Update time             : 0.742 s
  Time to train epoch     : 10.494 s


Statistics:
  fps step                    : 17,062
  fps step + policy inference : 16,802
  fps total                   : 15,613
  epoch                       : 623 / 1,000
  frames                      : 102,072,320


Policy 0: 
Timing:
  Play time               : 9.763 s
  Update time             : 0.736 s
  Time to train epoch     : 10.499 s


Statistics:
  fps step                    : 17,038
  fps step + policy inference : 16,781
  fps total                   : 15,605
  epoch                       : 624 / 1,000
  frames                      : 102,236,160


Policy 0: 
Timing:
  Play time               : 9.800 s
  Update time             : 0.907 s
  Time to train epoch     : 10.707 s


Statistics:
  fps step                    : 16,978
  fps step + policy inference : 16,718
  fps total                   : 15,301
  epoch                       : 625 / 1,000
  frames                      : 102,400,000


Policy 0: 
Timing:
  Play time               : 9.763 s
  Update time             : 0.894 s
  Time to train epoch     : 10.657 s


Statistics:
  fps step                    : 17,039
  fps step + policy inference : 16,782
  fps total                   : 15,374
  epoch                       : 626 / 1,000
  frames                      : 102,563,840


Policy 0: 
Timing:
  Play time               : 9.837 s
  Update time             : 0.844 s
  Time to train epoch     : 10.681 s


Statistics:
  fps step                    : 16,916
  fps step + policy inference : 16,656
  fps total                   : 15,339
  epoch                       : 627 / 1,000
  frames                      : 102,727,680


Policy 0: 
Timing:
  Play time               : 9.813 s
  Update time             : 0.811 s
  Time to train epoch     : 10.624 s


Statistics:
  fps step                    : 16,964
  fps step + policy inference : 16,696
  fps total                   : 15,422
  epoch                       : 628 / 1,000
  frames                      : 102,891,520


Policy 0: saving next best rewards:  [491.86]
=> saving checkpoint 'runs/mg_A_seed2801/nn/mg_A_seed2801.pth'

Timing:
  Play time               : 9.793 s
  Update time             : 0.806 s
  Time to train epoch     : 10.599 s


Statistics:
  fps step                    : 17,000
  fps step + policy inference : 16,730
  fps total                   : 15,458
  epoch                       : 629 / 1,000
  frames                      : 103,055,360


Policy 0: 
Timing:
  Play time               : 9.825 s
  Update time             : 0.830 s
  Time to train epoch     : 10.656 s


Statistics:
  fps step                    : 16,941
  fps step + policy inference : 16,675
  fps total                   : 15,376
  epoch                       : 630 / 1,000
  frames                      : 103,219,200


Policy 0: 
Timing:
  Play time               : 9.802 s
  Update time             : 0.812 s
  Time to train epoch     : 10.614 s


Statistics:
  fps step                    : 16,985
  fps step + policy inference : 16,715
  fps total                   : 15,436
  epoch                       : 631 / 1,000
  frames                      : 103,383,040


Policy 0: 
Timing:
  Play time               : 9.775 s
  Update time             : 0.800 s
  Time to train epoch     : 10.575 s


Statistics:
  fps step                    : 17,034
  fps step + policy inference : 16,762
  fps total                   : 15,493
  epoch                       : 632 / 1,000
  frames                      : 103,546,880


Policy 0: 
Timing:
  Play time               : 9.858 s
  Update time             : 0.873 s
  Time to train epoch     : 10.731 s


Statistics:
  fps step                    : 16,893
  fps step + policy inference : 16,620
  fps total                   : 15,268
  epoch                       : 633 / 1,000
  frames                      : 103,710,720


Policy 0: 
Timing:
  Play time               : 9.850 s
  Update time             : 0.805 s
  Time to train epoch     : 10.654 s


Statistics:
  fps step                    : 16,896
  fps step + policy inference : 16,634
  fps total                   : 15,378
  epoch                       : 634 / 1,000
  frames                      : 103,874,560


Policy 0: 
Timing:
  Play time               : 9.899 s
  Update time             : 0.854 s
  Time to train epoch     : 10.753 s


Statistics:
  fps step                    : 16,821
  fps step + policy inference : 16,552
  fps total                   : 15,237
  epoch                       : 635 / 1,000
  frames                      : 104,038,400


Policy 0: 
Timing:
  Play time               : 9.894 s
  Update time             : 0.886 s
  Time to train epoch     : 10.780 s


Statistics:
  fps step                    : 16,826
  fps step + policy inference : 16,559
  fps total                   : 15,198
  epoch                       : 636 / 1,000
  frames                      : 104,202,240


Policy 0: 
Timing:
  Play time               : 9.825 s
  Update time             : 0.875 s
  Time to train epoch     : 10.701 s


Statistics:
  fps step                    : 16,948
  fps step + policy inference : 16,675
  fps total                   : 15,311
  epoch                       : 637 / 1,000
  frames                      : 104,366,080


Policy 0: 
Timing:
  Play time               : 9.949 s
  Update time             : 0.980 s
  Time to train epoch     : 10.929 s


Statistics:
  fps step                    : 16,887
  fps step + policy inference : 16,468
  fps total                   : 14,991
  epoch                       : 638 / 1,000
  frames                      : 104,529,920


Policy 0: 
Timing:
  Play time               : 9.866 s
  Update time             : 1.017 s
  Time to train epoch     : 10.883 s


Statistics:
  fps step                    : 16,909
  fps step + policy inference : 16,607
  fps total                   : 15,055
  epoch                       : 639 / 1,000
  frames                      : 104,693,760


Policy 0: 
Timing:
  Play time               : 9.811 s
  Update time             : 0.933 s
  Time to train epoch     : 10.744 s


Statistics:
  fps step                    : 16,979
  fps step + policy inference : 16,699
  fps total                   : 15,249
  epoch                       : 640 / 1,000
  frames                      : 104,857,600


Policy 0: 
Timing:
  Play time               : 9.780 s
  Update time             : 0.817 s
  Time to train epoch     : 10.597 s


Statistics:
  fps step                    : 17,022
  fps step + policy inference : 16,753
  fps total                   : 15,461
  epoch                       : 641 / 1,000
  frames                      : 105,021,440


Policy 0: saving next best rewards:  [491.9]
=> saving checkpoint 'runs/mg_A_seed2801/nn/mg_A_seed2801.pth'

Timing:
  Play time               : 9.745 s
  Update time             : 0.758 s
  Time to train epoch     : 10.503 s


Statistics:
  fps step                    : 17,071
  fps step + policy inference : 16,812
  fps total                   : 15,599
  epoch                       : 642 / 1,000
  frames                      : 105,185,280


Policy 0: saving next best rewards:  [491.97]
=> saving checkpoint 'runs/mg_A_seed2801/nn/mg_A_seed2801.pth'

Timing:
  Play time               : 9.769 s
  Update time             : 0.743 s
  Time to train epoch     : 10.513 s


Statistics:
  fps step                    : 17,030
  fps step + policy inference : 16,771
  fps total                   : 15,585
  epoch                       : 643 / 1,000
  frames                      : 105,349,120


Policy 0: saving next best rewards:  [492.2]
=> saving checkpoint 'runs/mg_A_seed2801/nn/mg_A_seed2801.pth'

Timing:
  Play time               : 9.744 s
  Update time             : 0.767 s
  Time to train epoch     : 10.511 s


Statistics:
  fps step                    : 17,075
  fps step + policy inference : 16,815
  fps total                   : 15,587
  epoch                       : 644 / 1,000
  frames                      : 105,512,960


Policy 0: saving next best rewards:  [492.24]
=> saving checkpoint 'runs/mg_A_seed2801/nn/mg_A_seed2801.pth'

Timing:
  Play time               : 9.755 s
  Update time             : 0.770 s
  Time to train epoch     : 10.525 s


Statistics:
  fps step                    : 17,051
  fps step + policy inference : 16,796
  fps total                   : 15,566
  epoch                       : 645 / 1,000
  frames                      : 105,676,800


Policy 0: saving next best rewards:  [492.37]
=> saving checkpoint 'runs/mg_A_seed2801/nn/mg_A_seed2801.pth'

Timing:
  Play time               : 9.787 s
  Update time             : 0.772 s
  Time to train epoch     : 10.559 s


Statistics:
  fps step                    : 17,003
  fps step + policy inference : 16,741
  fps total                   : 15,517
  epoch                       : 646 / 1,000
  frames                      : 105,840,640


Policy 0: 
Timing:
  Play time               : 9.783 s
  Update time             : 0.885 s
  Time to train epoch     : 10.668 s


Statistics:
  fps step                    : 17,017
  fps step + policy inference : 16,748
  fps total                   : 15,358
  epoch                       : 647 / 1,000
  frames                      : 106,004,480


Policy 0: 
Timing:
  Play time               : 9.793 s
  Update time             : 0.921 s
  Time to train epoch     : 10.714 s


Statistics:
  fps step                    : 16,998
  fps step + policy inference : 16,730
  fps total                   : 15,292
  epoch                       : 648 / 1,000
  frames                      : 106,168,320


Policy 0: 
Timing:
  Play time               : 9.796 s
  Update time             : 0.858 s
  Time to train epoch     : 10.654 s


Statistics:
  fps step                    : 16,989
  fps step + policy inference : 16,726
  fps total                   : 15,378
  epoch                       : 649 / 1,000
  frames                      : 106,332,160


Policy 0: 
Timing:
  Play time               : 9.810 s
  Update time             : 0.832 s
  Time to train epoch     : 10.642 s


Statistics:
  fps step                    : 16,971
  fps step + policy inference : 16,702
  fps total                   : 15,396
  epoch                       : 650 / 1,000
  frames                      : 106,496,000


Policy 0: 
Timing:
  Play time               : 9.793 s
  Update time             : 0.809 s
  Time to train epoch     : 10.602 s


Statistics:
  fps step                    : 17,007
  fps step + policy inference : 16,731
  fps total                   : 15,453
  epoch                       : 651 / 1,000
  frames                      : 106,659,840


Policy 0: 
Timing:
  Play time               : 9.830 s
  Update time             : 0.824 s
  Time to train epoch     : 10.655 s


Statistics:
  fps step                    : 16,941
  fps step + policy inference : 16,667
  fps total                   : 15,377
  epoch                       : 652 / 1,000
  frames                      : 106,823,680


Policy 0: 
Timing:
  Play time               : 9.776 s
  Update time             : 0.783 s
  Time to train epoch     : 10.560 s


Statistics:
  fps step                    : 17,028
  fps step + policy inference : 16,759
  fps total                   : 15,516
  epoch                       : 653 / 1,000
  frames                      : 106,987,520


Policy 0: 
Timing:
  Play time               : 9.760 s
  Update time             : 0.824 s
  Time to train epoch     : 10.585 s


Statistics:
  fps step                    : 17,057
  fps step + policy inference : 16,786
  fps total                   : 15,479
  epoch                       : 654 / 1,000
  frames                      : 107,151,360


Policy 0: 
Timing:
  Play time               : 9.809 s
  Update time             : 0.859 s
  Time to train epoch     : 10.668 s


Statistics:
  fps step                    : 16,979
  fps step + policy inference : 16,703
  fps total                   : 15,358
  epoch                       : 655 / 1,000
  frames                      : 107,315,200


Policy 0: 
Timing:
  Play time               : 9.808 s
  Update time             : 0.883 s
  Time to train epoch     : 10.691 s


Statistics:
  fps step                    : 16,980
  fps step + policy inference : 16,705
  fps total                   : 15,325
  epoch                       : 656 / 1,000
  frames                      : 107,479,040


Policy 0: 
Timing:
  Play time               : 9.921 s
  Update time             : 0.997 s
  Time to train epoch     : 10.918 s


Statistics:
  fps step                    : 16,945
  fps step + policy inference : 16,515
  fps total                   : 15,007
  epoch                       : 657 / 1,000
  frames                      : 107,642,880


Policy 0: 
Timing:
  Play time               : 9.865 s
  Update time             : 1.058 s
  Time to train epoch     : 10.923 s


Statistics:
  fps step                    : 16,903
  fps step + policy inference : 16,608
  fps total                   : 15,000
  epoch                       : 658 / 1,000
  frames                      : 107,806,720


Policy 0: 
Timing:
  Play time               : 9.828 s
  Update time             : 0.978 s
  Time to train epoch     : 10.807 s


Statistics:
  fps step                    : 16,947
  fps step + policy inference : 16,670
  fps total                   : 15,161
  epoch                       : 659 / 1,000
  frames                      : 107,970,560


Policy 0: 
Timing:
  Play time               : 9.753 s
  Update time             : 0.822 s
  Time to train epoch     : 10.575 s


Statistics:
  fps step                    : 17,063
  fps step + policy inference : 16,799
  fps total                   : 15,493
  epoch                       : 660 / 1,000
  frames                      : 108,134,400


Policy 0: 
Timing:
  Play time               : 9.763 s
  Update time             : 0.768 s
  Time to train epoch     : 10.532 s


Statistics:
  fps step                    : 17,040
  fps step + policy inference : 16,782
  fps total                   : 15,557
  epoch                       : 661 / 1,000
  frames                      : 108,298,240


Policy 0: 
Timing:
  Play time               : 9.756 s
  Update time             : 0.762 s
  Time to train epoch     : 10.517 s


Statistics:
  fps step                    : 17,058
  fps step + policy inference : 16,794
  fps total                   : 15,578
  epoch                       : 662 / 1,000
  frames                      : 108,462,080


Policy 0: 
Timing:
  Play time               : 9.762 s
  Update time             : 0.779 s
  Time to train epoch     : 10.541 s


Statistics:
  fps step                    : 17,044
  fps step + policy inference : 16,784
  fps total                   : 15,544
  epoch                       : 663 / 1,000
  frames                      : 108,625,920


Policy 0: 
Timing:
  Play time               : 9.755 s
  Update time             : 0.778 s
  Time to train epoch     : 10.533 s


Statistics:
  fps step                    : 17,053
  fps step + policy inference : 16,796
  fps total                   : 15,555
  epoch                       : 664 / 1,000
  frames                      : 108,789,760


Policy 0: 
Timing:
  Play time               : 9.772 s
  Update time             : 0.811 s
  Time to train epoch     : 10.582 s


Statistics:
  fps step                    : 17,031
  fps step + policy inference : 16,767
  fps total                   : 15,482
  epoch                       : 665 / 1,000
  frames                      : 108,953,600


Policy 0: 
Timing:
  Play time               : 9.760 s
  Update time             : 0.803 s
  Time to train epoch     : 10.563 s


Statistics:
  fps step                    : 17,058
  fps step + policy inference : 16,787
  fps total                   : 15,511
  epoch                       : 666 / 1,000
  frames                      : 109,117,440


Policy 0: 
Timing:
  Play time               : 9.813 s
  Update time             : 0.853 s
  Time to train epoch     : 10.666 s


Statistics:
  fps step                    : 16,965
  fps step + policy inference : 16,696
  fps total                   : 15,361
  epoch                       : 667 / 1,000
  frames                      : 109,281,280


Policy 0: 
Timing:
  Play time               : 9.818 s
  Update time             : 0.930 s
  Time to train epoch     : 10.748 s


Statistics:
  fps step                    : 16,955
  fps step + policy inference : 16,688
  fps total                   : 15,244
  epoch                       : 668 / 1,000
  frames                      : 109,445,120


Policy 0: 
Timing:
  Play time               : 9.813 s
  Update time             : 0.945 s
  Time to train epoch     : 10.758 s


Statistics:
  fps step                    : 16,967
  fps step + policy inference : 16,697
  fps total                   : 15,230
  epoch                       : 669 / 1,000
  frames                      : 109,608,960


Policy 0: 
Timing:
  Play time               : 9.789 s
  Update time             : 0.838 s
  Time to train epoch     : 10.627 s


Statistics:
  fps step                    : 17,008
  fps step + policy inference : 16,737
  fps total                   : 15,417
  epoch                       : 670 / 1,000
  frames                      : 109,772,800


Policy 0: 
Timing:
  Play time               : 9.852 s
  Update time             : 0.857 s
  Time to train epoch     : 10.709 s


Statistics:
  fps step                    : 16,910
  fps step + policy inference : 16,630
  fps total                   : 15,299
  epoch                       : 671 / 1,000
  frames                      : 109,936,640


Policy 0: 
Timing:
  Play time               : 9.796 s
  Update time             : 0.808 s
  Time to train epoch     : 10.604 s


Statistics:
  fps step                    : 17,005
  fps step + policy inference : 16,725
  fps total                   : 15,450
  epoch                       : 672 / 1,000
  frames                      : 110,100,480


Policy 0: 
Timing:
  Play time               : 9.792 s
  Update time             : 0.812 s
  Time to train epoch     : 10.604 s


Statistics:
  fps step                    : 17,009
  fps step + policy inference : 16,732
  fps total                   : 15,451
  epoch                       : 673 / 1,000
  frames                      : 110,264,320


Policy 0: 
Timing:
  Play time               : 9.820 s
  Update time             : 0.833 s
  Time to train epoch     : 10.653 s


Statistics:
  fps step                    : 16,956
  fps step + policy inference : 16,683
  fps total                   : 15,379
  epoch                       : 674 / 1,000
  frames                      : 110,428,160


Policy 0: 
Timing:
  Play time               : 9.880 s
  Update time             : 0.862 s
  Time to train epoch     : 10.742 s


Statistics:
  fps step                    : 16,976
  fps step + policy inference : 16,583
  fps total                   : 15,253
  epoch                       : 675 / 1,000
  frames                      : 110,592,000


Policy 0: 
Timing:
  Play time               : 9.890 s
  Update time             : 0.971 s
  Time to train epoch     : 10.861 s


Statistics:
  fps step                    : 16,887
  fps step + policy inference : 16,566
  fps total                   : 15,085
  epoch                       : 676 / 1,000
  frames                      : 110,755,840


Policy 0: 
Timing:
  Play time               : 9.868 s
  Update time             : 0.975 s
  Time to train epoch     : 10.843 s


Statistics:
  fps step                    : 16,894
  fps step + policy inference : 16,603
  fps total                   : 15,110
  epoch                       : 677 / 1,000
  frames                      : 110,919,680


Policy 0: 
Timing:
  Play time               : 9.787 s
  Update time             : 0.999 s
  Time to train epoch     : 10.786 s


Statistics:
  fps step                    : 17,016
  fps step + policy inference : 16,741
  fps total                   : 15,190
  epoch                       : 678 / 1,000
  frames                      : 111,083,520


Policy 0: 
Timing:
  Play time               : 9.769 s
  Update time             : 0.851 s
  Time to train epoch     : 10.620 s


Statistics:
  fps step                    : 17,035
  fps step + policy inference : 16,772
  fps total                   : 15,428
  epoch                       : 679 / 1,000
  frames                      : 111,247,360


Policy 0: 
Timing:
  Play time               : 9.770 s
  Update time             : 0.791 s
  Time to train epoch     : 10.561 s


Statistics:
  fps step                    : 17,034
  fps step + policy inference : 16,770
  fps total                   : 15,514
  epoch                       : 680 / 1,000
  frames                      : 111,411,200


Policy 0: 
Timing:
  Play time               : 9.754 s
  Update time             : 0.774 s
  Time to train epoch     : 10.528 s


Statistics:
  fps step                    : 17,057
  fps step + policy inference : 16,797
  fps total                   : 15,563
  epoch                       : 681 / 1,000
  frames                      : 111,575,040


Policy 0: 
Timing:
  Play time               : 9.735 s
  Update time             : 0.756 s
  Time to train epoch     : 10.491 s


Statistics:
  fps step                    : 17,086
  fps step + policy inference : 16,830
  fps total                   : 15,618
  epoch                       : 682 / 1,000
  frames                      : 111,738,880


Policy 0: 
Timing:
  Play time               : 9.785 s
  Update time             : 0.797 s
  Time to train epoch     : 10.581 s


Statistics:
  fps step                    : 17,006
  fps step + policy inference : 16,745
  fps total                   : 15,484
  epoch                       : 683 / 1,000
  frames                      : 111,902,720


Policy 0: 
Timing:
  Play time               : 9.800 s
  Update time             : 0.790 s
  Time to train epoch     : 10.591 s


Statistics:
  fps step                    : 16,986
  fps step + policy inference : 16,718
  fps total                   : 15,470
  epoch                       : 684 / 1,000
  frames                      : 112,066,560


Policy 0: 
Timing:
  Play time               : 9.773 s
  Update time             : 0.801 s
  Time to train epoch     : 10.574 s


Statistics:
  fps step                    : 17,031
  fps step + policy inference : 16,764
  fps total                   : 15,495
  epoch                       : 685 / 1,000
  frames                      : 112,230,400


Policy 0: 
Timing:
  Play time               : 9.804 s
  Update time             : 0.849 s
  Time to train epoch     : 10.653 s


Statistics:
  fps step                    : 16,981
  fps step + policy inference : 16,712
  fps total                   : 15,379
  epoch                       : 686 / 1,000
  frames                      : 112,394,240


Policy 0: 
Timing:
  Play time               : 9.788 s
  Update time             : 0.817 s
  Time to train epoch     : 10.605 s


Statistics:
  fps step                    : 17,007
  fps step + policy inference : 16,740
  fps total                   : 15,450
  epoch                       : 687 / 1,000
  frames                      : 112,558,080


Policy 0: 
Timing:
  Play time               : 9.790 s
  Update time             : 0.817 s
  Time to train epoch     : 10.607 s


Statistics:
  fps step                    : 17,006
  fps step + policy inference : 16,736
  fps total                   : 15,446
  epoch                       : 688 / 1,000
  frames                      : 112,721,920


Policy 0: 
Timing:
  Play time               : 9.791 s
  Update time             : 0.903 s
  Time to train epoch     : 10.694 s


Statistics:
  fps step                    : 17,014
  fps step + policy inference : 16,735
  fps total                   : 15,321
  epoch                       : 689 / 1,000
  frames                      : 112,885,760


Policy 0: 
Timing:
  Play time               : 9.782 s
  Update time             : 0.897 s
  Time to train epoch     : 10.678 s


Statistics:
  fps step                    : 17,021
  fps step + policy inference : 16,750
  fps total                   : 15,343
  epoch                       : 690 / 1,000
  frames                      : 113,049,600


Policy 0: 
Timing:
  Play time               : 9.795 s
  Update time             : 0.905 s
  Time to train epoch     : 10.699 s


Statistics:
  fps step                    : 17,001
  fps step + policy inference : 16,728
  fps total                   : 15,313
  epoch                       : 691 / 1,000
  frames                      : 113,213,440


Policy 0: 
Timing:
  Play time               : 9.771 s
  Update time             : 0.865 s
  Time to train epoch     : 10.636 s


Statistics:
  fps step                    : 17,040
  fps step + policy inference : 16,769
  fps total                   : 15,404
  epoch                       : 692 / 1,000
  frames                      : 113,377,280


Policy 0: 
Timing:
  Play time               : 9.802 s
  Update time             : 0.842 s
  Time to train epoch     : 10.644 s


Statistics:
  fps step                    : 16,989
  fps step + policy inference : 16,715
  fps total                   : 15,393
  epoch                       : 693 / 1,000
  frames                      : 113,541,120


Policy 0: 
Timing:
  Play time               : 9.874 s
  Update time             : 0.920 s
  Time to train epoch     : 10.794 s


Statistics:
  fps step                    : 17,004
  fps step + policy inference : 16,593
  fps total                   : 15,178
  epoch                       : 694 / 1,000
  frames                      : 113,704,960


Policy 0: 
Timing:
  Play time               : 9.870 s
  Update time             : 0.958 s
  Time to train epoch     : 10.828 s


Statistics:
  fps step                    : 16,914
  fps step + policy inference : 16,600
  fps total                   : 15,131
  epoch                       : 695 / 1,000
  frames                      : 113,868,800


Policy 0: 
Timing:
  Play time               : 9.832 s
  Update time             : 0.923 s
  Time to train epoch     : 10.755 s


Statistics:
  fps step                    : 16,952
  fps step + policy inference : 16,664
  fps total                   : 15,234
  epoch                       : 696 / 1,000
  frames                      : 114,032,640


Policy 0: 
Timing:
  Play time               : 9.795 s
  Update time             : 0.862 s
  Time to train epoch     : 10.657 s


Statistics:
  fps step                    : 17,000
  fps step + policy inference : 16,727
  fps total                   : 15,374
  epoch                       : 697 / 1,000
  frames                      : 114,196,480


Policy 0: 
Timing:
  Play time               : 9.731 s
  Update time             : 0.753 s
  Time to train epoch     : 10.484 s


Statistics:
  fps step                    : 17,096
  fps step + policy inference : 16,837
  fps total                   : 15,627
  epoch                       : 698 / 1,000
  frames                      : 114,360,320


Policy 0: 
Timing:
  Play time               : 9.733 s
  Update time             : 0.746 s
  Time to train epoch     : 10.479 s


Statistics:
  fps step                    : 17,092
  fps step + policy inference : 16,834
  fps total                   : 15,635
  epoch                       : 699 / 1,000
  frames                      : 114,524,160


Policy 0: 
Timing:
  Play time               : 9.768 s
  Update time             : 0.849 s
  Time to train epoch     : 10.616 s


Statistics:
  fps step                    : 17,035
  fps step + policy inference : 16,774
  fps total                   : 15,433
  epoch                       : 700 / 1,000
  frames                      : 114,688,000


Policy 0: 
Timing:
  Play time               : 9.749 s
  Update time             : 0.860 s
  Time to train epoch     : 10.609 s


Statistics:
  fps step                    : 17,063
  fps step + policy inference : 16,805
  fps total                   : 15,443
  epoch                       : 701 / 1,000
  frames                      : 114,851,840


Policy 0: 
Timing:
  Play time               : 9.788 s
  Update time             : 0.883 s
  Time to train epoch     : 10.672 s


Statistics:
  fps step                    : 17,000
  fps step + policy inference : 16,738
  fps total                   : 15,353
  epoch                       : 702 / 1,000
  frames                      : 115,015,680


Policy 0: 
Timing:
  Play time               : 9.791 s
  Update time             : 0.868 s
  Time to train epoch     : 10.659 s


Statistics:
  fps step                    : 17,008
  fps step + policy inference : 16,734
  fps total                   : 15,372
  epoch                       : 703 / 1,000
  frames                      : 115,179,520


Policy 0: 
Timing:
  Play time               : 9.768 s
  Update time             : 0.845 s
  Time to train epoch     : 10.613 s


Statistics:
  fps step                    : 17,043
  fps step + policy inference : 16,773
  fps total                   : 15,437
  epoch                       : 704 / 1,000
  frames                      : 115,343,360


Policy 0: 
Timing:
  Play time               : 9.795 s
  Update time             : 0.831 s
  Time to train epoch     : 10.626 s


Statistics:
  fps step                    : 16,993
  fps step + policy inference : 16,727
  fps total                   : 15,418
  epoch                       : 705 / 1,000
  frames                      : 115,507,200


Policy 0: 
Timing:
  Play time               : 9.817 s
  Update time             : 0.796 s
  Time to train epoch     : 10.613 s


Statistics:
  fps step                    : 16,957
  fps step + policy inference : 16,690
  fps total                   : 15,438
  epoch                       : 706 / 1,000
  frames                      : 115,671,040


Policy 0: 
Timing:
  Play time               : 9.768 s
  Update time             : 0.859 s
  Time to train epoch     : 10.627 s


Statistics:
  fps step                    : 17,044
  fps step + policy inference : 16,773
  fps total                   : 15,417
  epoch                       : 707 / 1,000
  frames                      : 115,834,880


Policy 0: 
Timing:
  Play time               : 9.814 s
  Update time             : 0.828 s
  Time to train epoch     : 10.642 s


Statistics:
  fps step                    : 16,967
  fps step + policy inference : 16,694
  fps total                   : 15,396
  epoch                       : 708 / 1,000
  frames                      : 115,998,720


Policy 0: 
Timing:
  Play time               : 9.804 s
  Update time             : 0.790 s
  Time to train epoch     : 10.594 s


Statistics:
  fps step                    : 16,978
  fps step + policy inference : 16,711
  fps total                   : 15,465
  epoch                       : 709 / 1,000
  frames                      : 116,162,560


Policy 0: 
Timing:
  Play time               : 9.767 s
  Update time             : 0.888 s
  Time to train epoch     : 10.655 s


Statistics:
  fps step                    : 17,051
  fps step + policy inference : 16,775
  fps total                   : 15,377
  epoch                       : 710 / 1,000
  frames                      : 116,326,400


Policy 0: 
Timing:
  Play time               : 9.781 s
  Update time             : 0.915 s
  Time to train epoch     : 10.696 s


Statistics:
  fps step                    : 17,025
  fps step + policy inference : 16,752
  fps total                   : 15,318
  epoch                       : 711 / 1,000
  frames                      : 116,490,240


Policy 0: 
Timing:
  Play time               : 9.822 s
  Update time             : 0.936 s
  Time to train epoch     : 10.758 s


Statistics:
  fps step                    : 16,955
  fps step + policy inference : 16,680
  fps total                   : 15,229
  epoch                       : 712 / 1,000
  frames                      : 116,654,080


Policy 0: 
Timing:
  Play time               : 9.904 s
  Update time             : 0.960 s
  Time to train epoch     : 10.864 s


Statistics:
  fps step                    : 16,961
  fps step + policy inference : 16,543
  fps total                   : 15,081
  epoch                       : 713 / 1,000
  frames                      : 116,817,920


Policy 0: 
Timing:
  Play time               : 9.835 s
  Update time             : 0.976 s
  Time to train epoch     : 10.811 s


Statistics:
  fps step                    : 16,961
  fps step + policy inference : 16,659
  fps total                   : 15,155
  epoch                       : 714 / 1,000
  frames                      : 116,981,760


Policy 0: 
Timing:
  Play time               : 9.813 s
  Update time             : 0.910 s
  Time to train epoch     : 10.723 s


Statistics:
  fps step                    : 16,979
  fps step + policy inference : 16,696
  fps total                   : 15,280
  epoch                       : 715 / 1,000
  frames                      : 117,145,600


Policy 0: 
Timing:
  Play time               : 9.768 s
  Update time             : 0.815 s
  Time to train epoch     : 10.583 s


Statistics:
  fps step                    : 17,044
  fps step + policy inference : 16,773
  fps total                   : 15,481
  epoch                       : 716 / 1,000
  frames                      : 117,309,440


Policy 0: 
Timing:
  Play time               : 9.713 s
  Update time             : 0.765 s
  Time to train epoch     : 10.478 s


Statistics:
  fps step                    : 17,129
  fps step + policy inference : 16,868
  fps total                   : 15,637
  epoch                       : 717 / 1,000
  frames                      : 117,473,280


Policy 0: 
Timing:
  Play time               : 9.785 s
  Update time             : 0.755 s
  Time to train epoch     : 10.541 s


Statistics:
  fps step                    : 17,000
  fps step + policy inference : 16,743
  fps total                   : 15,544
  epoch                       : 718 / 1,000
  frames                      : 117,637,120


Policy 0: 
Timing:
  Play time               : 9.875 s
  Update time             : 0.926 s
  Time to train epoch     : 10.801 s


Statistics:
  fps step                    : 16,851
  fps step + policy inference : 16,591
  fps total                   : 15,169
  epoch                       : 719 / 1,000
  frames                      : 117,800,960


Policy 0: 
Timing:
  Play time               : 9.787 s
  Update time             : 0.925 s
  Time to train epoch     : 10.713 s


Statistics:
  fps step                    : 17,002
  fps step + policy inference : 16,740
  fps total                   : 15,294
  epoch                       : 720 / 1,000
  frames                      : 117,964,800


Policy 0: 
Timing:
  Play time               : 9.817 s
  Update time             : 0.861 s
  Time to train epoch     : 10.677 s


Statistics:
  fps step                    : 16,954
  fps step + policy inference : 16,690
  fps total                   : 15,345
  epoch                       : 721 / 1,000
  frames                      : 118,128,640


Policy 0: 
Timing:
  Play time               : 9.783 s
  Update time             : 0.967 s
  Time to train epoch     : 10.750 s


Statistics:
  fps step                    : 17,017
  fps step + policy inference : 16,748
  fps total                   : 15,240
  epoch                       : 722 / 1,000
  frames                      : 118,292,480


Policy 0: 
Timing:
  Play time               : 9.778 s
  Update time             : 0.896 s
  Time to train epoch     : 10.674 s


Statistics:
  fps step                    : 17,027
  fps step + policy inference : 16,756
  fps total                   : 15,349
  epoch                       : 723 / 1,000
  frames                      : 118,456,320


Policy 0: 
Timing:
  Play time               : 9.797 s
  Update time             : 0.817 s
  Time to train epoch     : 10.613 s


Statistics:
  fps step                    : 16,990
  fps step + policy inference : 16,724
  fps total                   : 15,437
  epoch                       : 724 / 1,000
  frames                      : 118,620,160


Policy 0: 
Timing:
  Play time               : 9.805 s
  Update time             : 0.842 s
  Time to train epoch     : 10.646 s


Statistics:
  fps step                    : 16,981
  fps step + policy inference : 16,710
  fps total                   : 15,389
  epoch                       : 725 / 1,000
  frames                      : 118,784,000


Policy 0: 
Timing:
  Play time               : 9.765 s
  Update time             : 0.934 s
  Time to train epoch     : 10.698 s


Statistics:
  fps step                    : 17,049
  fps step + policy inference : 16,779
  fps total                   : 15,315
  epoch                       : 726 / 1,000
  frames                      : 118,947,840


Policy 0: 
Timing:
  Play time               : 9.801 s
  Update time             : 0.919 s
  Time to train epoch     : 10.720 s


Statistics:
  fps step                    : 16,988
  fps step + policy inference : 16,716
  fps total                   : 15,283
  epoch                       : 727 / 1,000
  frames                      : 119,111,680


Policy 0: 
Timing:
  Play time               : 9.767 s
  Update time             : 0.828 s
  Time to train epoch     : 10.595 s


Statistics:
  fps step                    : 17,044
  fps step + policy inference : 16,774
  fps total                   : 15,463
  epoch                       : 728 / 1,000
  frames                      : 119,275,520


Policy 0: 
Timing:
  Play time               : 9.781 s
  Update time             : 0.861 s
  Time to train epoch     : 10.643 s


Statistics:
  fps step                    : 17,021
  fps step + policy inference : 16,750
  fps total                   : 15,395
  epoch                       : 729 / 1,000
  frames                      : 119,439,360


Policy 0: 
Timing:
  Play time               : 9.800 s
  Update time             : 0.857 s
  Time to train epoch     : 10.657 s


Statistics:
  fps step                    : 16,991
  fps step + policy inference : 16,718
  fps total                   : 15,373
  epoch                       : 730 / 1,000
  frames                      : 119,603,200


Policy 0: 
Timing:
  Play time               : 9.789 s
  Update time             : 0.881 s
  Time to train epoch     : 10.670 s


Statistics:
  fps step                    : 17,013
  fps step + policy inference : 16,737
  fps total                   : 15,355
  epoch                       : 731 / 1,000
  frames                      : 119,767,040


Policy 0: 
Timing:
  Play time               : 9.930 s
  Update time             : 1.055 s
  Time to train epoch     : 10.985 s


Statistics:
  fps step                    : 16,926
  fps step + policy inference : 16,500
  fps total                   : 14,915
  epoch                       : 732 / 1,000
  frames                      : 119,930,880


Policy 0: 
Timing:
  Play time               : 9.840 s
  Update time             : 1.084 s
  Time to train epoch     : 10.924 s


Statistics:
  fps step                    : 16,946
  fps step + policy inference : 16,650
  fps total                   : 14,998
  epoch                       : 733 / 1,000
  frames                      : 120,094,720


Policy 0: 
Timing:
  Play time               : 9.788 s
  Update time             : 0.932 s
  Time to train epoch     : 10.719 s


Statistics:
  fps step                    : 17,021
  fps step + policy inference : 16,740
  fps total                   : 15,284
  epoch                       : 734 / 1,000
  frames                      : 120,258,560


Policy 0: 
Timing:
  Play time               : 9.734 s
  Update time             : 0.801 s
  Time to train epoch     : 10.535 s


Statistics:
  fps step                    : 17,098
  fps step + policy inference : 16,832
  fps total                   : 15,553
  epoch                       : 735 / 1,000
  frames                      : 120,422,400


Policy 0: 
Timing:
  Play time               : 9.732 s
  Update time             : 0.758 s
  Time to train epoch     : 10.490 s


Statistics:
  fps step                    : 17,096
  fps step + policy inference : 16,835
  fps total                   : 15,618
  epoch                       : 736 / 1,000
  frames                      : 120,586,240


Policy 0: 
Timing:
  Play time               : 9.732 s
  Update time             : 0.758 s
  Time to train epoch     : 10.490 s


Statistics:
  fps step                    : 17,096
  fps step + policy inference : 16,836
  fps total                   : 15,619
  epoch                       : 737 / 1,000
  frames                      : 120,750,080


Policy 0: 
Timing:
  Play time               : 9.718 s
  Update time             : 0.824 s
  Time to train epoch     : 10.541 s


Statistics:
  fps step                    : 17,119
  fps step + policy inference : 16,860
  fps total                   : 15,542
  epoch                       : 738 / 1,000
  frames                      : 120,913,920


Policy 0: 
Timing:
  Play time               : 9.766 s
  Update time             : 0.857 s
  Time to train epoch     : 10.623 s


Statistics:
  fps step                    : 17,033
  fps step + policy inference : 16,777
  fps total                   : 15,423
  epoch                       : 739 / 1,000
  frames                      : 121,077,760


Policy 0: 
Timing:
  Play time               : 9.788 s
  Update time             : 0.881 s
  Time to train epoch     : 10.669 s


Statistics:
  fps step                    : 17,004
  fps step + policy inference : 16,739
  fps total                   : 15,356
  epoch                       : 740 / 1,000
  frames                      : 121,241,600


Policy 0: 
Timing:
  Play time               : 9.769 s
  Update time             : 0.902 s
  Time to train epoch     : 10.671 s


Statistics:
  fps step                    : 17,043
  fps step + policy inference : 16,771
  fps total                   : 15,353
  epoch                       : 741 / 1,000
  frames                      : 121,405,440


Policy 0: 
Timing:
  Play time               : 9.787 s
  Update time             : 0.840 s
  Time to train epoch     : 10.627 s


Statistics:
  fps step                    : 17,006
  fps step + policy inference : 16,741
  fps total                   : 15,417
  epoch                       : 742 / 1,000
  frames                      : 121,569,280


Policy 0: 
Timing:
  Play time               : 9.770 s
  Update time             : 0.830 s
  Time to train epoch     : 10.600 s


Statistics:
  fps step                    : 17,037
  fps step + policy inference : 16,770
  fps total                   : 15,457
  epoch                       : 743 / 1,000
  frames                      : 121,733,120


Policy 0: 
Timing:
  Play time               : 9.763 s
  Update time             : 0.822 s
  Time to train epoch     : 10.585 s


Statistics:
  fps step                    : 17,051
  fps step + policy inference : 16,782
  fps total                   : 15,478
  epoch                       : 744 / 1,000
  frames                      : 121,896,960


Policy 0: 
Timing:
  Play time               : 9.746 s
  Update time             : 0.822 s
  Time to train epoch     : 10.569 s


Statistics:
  fps step                    : 17,085
  fps step + policy inference : 16,811
  fps total                   : 15,503
  epoch                       : 745 / 1,000
  frames                      : 122,060,800


Policy 0: 
Timing:
  Play time               : 9.789 s
  Update time             : 0.809 s
  Time to train epoch     : 10.598 s


Statistics:
  fps step                    : 17,008
  fps step + policy inference : 16,736
  fps total                   : 15,459
  epoch                       : 746 / 1,000
  frames                      : 122,224,640


Policy 0: 
Timing:
  Play time               : 9.751 s
  Update time             : 0.784 s
  Time to train epoch     : 10.535 s


Statistics:
  fps step                    : 17,073
  fps step + policy inference : 16,802
  fps total                   : 15,553
  epoch                       : 747 / 1,000
  frames                      : 122,388,480


Policy 0: 
Timing:
  Play time               : 9.749 s
  Update time             : 0.831 s
  Time to train epoch     : 10.580 s


Statistics:
  fps step                    : 17,078
  fps step + policy inference : 16,806
  fps total                   : 15,486
  epoch                       : 748 / 1,000
  frames                      : 122,552,320


Policy 0: 
Timing:
  Play time               : 9.793 s
  Update time             : 0.856 s
  Time to train epoch     : 10.649 s


Statistics:
  fps step                    : 17,003
  fps step + policy inference : 16,730
  fps total                   : 15,386
  epoch                       : 749 / 1,000
  frames                      : 122,716,160


Policy 0: 
Timing:
  Play time               : 9.829 s
  Update time             : 0.888 s
  Time to train epoch     : 10.716 s


Statistics:
  fps step                    : 17,062
  fps step + policy inference : 16,669
  fps total                   : 15,289
  epoch                       : 750 / 1,000
  frames                      : 122,880,000


Policy 0: Saved recovery checkpoint runs/mg_A_seed2801/checkpoints/epoch_000750.pth; evaluation_due=False

Timing:
  Play time               : 9.839 s
  Update time             : 1.030 s
  Time to train epoch     : 10.869 s


Statistics:
  fps step                    : 16,976
  fps step + policy inference : 16,653
  fps total                   : 15,075
  epoch                       : 751 / 1,000
  frames                      : 123,043,840


Policy 0: 
Timing:
  Play time               : 9.827 s
  Update time             : 1.063 s
  Time to train epoch     : 10.890 s


Statistics:
  fps step                    : 16,963
  fps step + policy inference : 16,672
  fps total                   : 15,045
  epoch                       : 752 / 1,000
  frames                      : 123,207,680


Policy 0: 
Timing:
  Play time               : 9.754 s
  Update time             : 0.947 s
  Time to train epoch     : 10.701 s


Statistics:
  fps step                    : 17,077
  fps step + policy inference : 16,797
  fps total                   : 15,310
  epoch                       : 753 / 1,000
  frames                      : 123,371,520


Policy 0: 
Timing:
  Play time               : 9.691 s
  Update time             : 0.795 s
  Time to train epoch     : 10.486 s


Statistics:
  fps step                    : 17,166
  fps step + policy inference : 16,907
  fps total                   : 15,624
  epoch                       : 754 / 1,000
  frames                      : 123,535,360


Policy 0: 
Timing:
  Play time               : 9.702 s
  Update time             : 0.786 s
  Time to train epoch     : 10.488 s


Statistics:
  fps step                    : 17,152
  fps step + policy inference : 16,887
  fps total                   : 15,621
  epoch                       : 755 / 1,000
  frames                      : 123,699,200


Policy 0: 
Timing:
  Play time               : 9.731 s
  Update time             : 0.768 s
  Time to train epoch     : 10.499 s


Statistics:
  fps step                    : 17,098
  fps step + policy inference : 16,836
  fps total                   : 15,605
  epoch                       : 756 / 1,000
  frames                      : 123,863,040


Policy 0: 
Timing:
  Play time               : 9.697 s
  Update time             : 0.786 s
  Time to train epoch     : 10.484 s


Statistics:
  fps step                    : 17,156
  fps step + policy inference : 16,896
  fps total                   : 15,628
  epoch                       : 757 / 1,000
  frames                      : 124,026,880


Policy 0: 
Timing:
  Play time               : 9.767 s
  Update time             : 0.803 s
  Time to train epoch     : 10.570 s


Statistics:
  fps step                    : 17,033
  fps step + policy inference : 16,775
  fps total                   : 15,501
  epoch                       : 758 / 1,000
  frames                      : 124,190,720


Policy 0: 
Timing:
  Play time               : 9.798 s
  Update time             : 0.800 s
  Time to train epoch     : 10.598 s


Statistics:
  fps step                    : 16,991
  fps step + policy inference : 16,722
  fps total                   : 15,460
  epoch                       : 759 / 1,000
  frames                      : 124,354,560


Policy 0: 
Timing:
  Play time               : 9.738 s
  Update time             : 0.816 s
  Time to train epoch     : 10.554 s


Statistics:
  fps step                    : 17,095
  fps step + policy inference : 16,826
  fps total                   : 15,524
  epoch                       : 760 / 1,000
  frames                      : 124,518,400


Policy 0: 
Timing:
  Play time               : 9.777 s
  Update time             : 0.829 s
  Time to train epoch     : 10.606 s


Statistics:
  fps step                    : 17,026
  fps step + policy inference : 16,758
  fps total                   : 15,448
  epoch                       : 761 / 1,000
  frames                      : 124,682,240


Policy 0: 
Timing:
  Play time               : 9.795 s
  Update time             : 0.876 s
  Time to train epoch     : 10.671 s


Statistics:
  fps step                    : 16,993
  fps step + policy inference : 16,727
  fps total                   : 15,354
  epoch                       : 762 / 1,000
  frames                      : 124,846,080


Policy 0: 
Timing:
  Play time               : 9.748 s
  Update time             : 0.870 s
  Time to train epoch     : 10.618 s


Statistics:
  fps step                    : 17,077
  fps step + policy inference : 16,808
  fps total                   : 15,430
  epoch                       : 763 / 1,000
  frames                      : 125,009,920


Policy 0: 
Timing:
  Play time               : 9.770 s
  Update time             : 0.878 s
  Time to train epoch     : 10.648 s


Statistics:
  fps step                    : 17,046
  fps step + policy inference : 16,769
  fps total                   : 15,387
  epoch                       : 764 / 1,000
  frames                      : 125,173,760


Policy 0: 
Timing:
  Play time               : 9.767 s
  Update time             : 0.896 s
  Time to train epoch     : 10.663 s


Statistics:
  fps step                    : 17,051
  fps step + policy inference : 16,775
  fps total                   : 15,365
  epoch                       : 765 / 1,000
  frames                      : 125,337,600


Policy 0: 
Timing:
  Play time               : 9.778 s
  Update time             : 0.859 s
  Time to train epoch     : 10.637 s


Statistics:
  fps step                    : 17,027
  fps step + policy inference : 16,756
  fps total                   : 15,403
  epoch                       : 766 / 1,000
  frames                      : 125,501,440


Policy 0: saving next best rewards:  [492.38]
=> saving checkpoint 'runs/mg_A_seed2801/nn/mg_A_seed2801.pth'

Timing:
  Play time               : 9.770 s
  Update time             : 0.832 s
  Time to train epoch     : 10.601 s


Statistics:
  fps step                    : 17,043
  fps step + policy inference : 16,770
  fps total                   : 15,455
  epoch                       : 767 / 1,000
  frames                      : 125,665,280


Policy 0: saving next best rewards:  [492.62]
=> saving checkpoint 'runs/mg_A_seed2801/nn/mg_A_seed2801.pth'

Timing:
  Play time               : 9.828 s
  Update time             : 0.839 s
  Time to train epoch     : 10.666 s


Statistics:
  fps step                    : 16,942
  fps step + policy inference : 16,672
  fps total                   : 15,361
  epoch                       : 768 / 1,000
  frames                      : 125,829,120


Policy 0: 
Timing:
  Play time               : 9.883 s
  Update time             : 0.894 s
  Time to train epoch     : 10.776 s


Statistics:
  fps step                    : 16,984
  fps step + policy inference : 16,579
  fps total                   : 15,204
  epoch                       : 769 / 1,000
  frames                      : 125,992,960


Policy 0: saving next best rewards:  [493.41]
=> saving checkpoint 'runs/mg_A_seed2801/nn/mg_A_seed2801.pth'

Timing:
  Play time               : 9.831 s
  Update time             : 0.976 s
  Time to train epoch     : 10.807 s


Statistics:
  fps step                    : 16,977
  fps step + policy inference : 16,665
  fps total                   : 15,160
  epoch                       : 770 / 1,000
  frames                      : 126,156,800


Policy 0: saving next best rewards:  [493.81]
=> saving checkpoint 'runs/mg_A_seed2801/nn/mg_A_seed2801.pth'

Timing:
  Play time               : 9.802 s
  Update time             : 0.918 s
  Time to train epoch     : 10.720 s


Statistics:
  fps step                    : 17,003
  fps step + policy inference : 16,715
  fps total                   : 15,283
  epoch                       : 771 / 1,000
  frames                      : 126,320,640


Policy 0: saving next best rewards:  [494.13]
=> saving checkpoint 'runs/mg_A_seed2801/nn/mg_A_seed2801.pth'

Timing:
  Play time               : 9.752 s
  Update time             : 0.875 s
  Time to train epoch     : 10.626 s


Statistics:
  fps step                    : 17,073
  fps step + policy inference : 16,801
  fps total                   : 15,418
  epoch                       : 772 / 1,000
  frames                      : 126,484,480


Policy 0: saving next best rewards:  [494.32]
=> saving checkpoint 'runs/mg_A_seed2801/nn/mg_A_seed2801.pth'

Timing:
  Play time               : 9.731 s
  Update time             : 0.811 s
  Time to train epoch     : 10.542 s


Statistics:
  fps step                    : 17,099
  fps step + policy inference : 16,837
  fps total                   : 15,542
  epoch                       : 773 / 1,000
  frames                      : 126,648,320


Policy 0: saving next best rewards:  [494.42]
=> saving checkpoint 'runs/mg_A_seed2801/nn/mg_A_seed2801.pth'

Timing:
  Play time               : 9.711 s
  Update time             : 0.845 s
  Time to train epoch     : 10.556 s


Statistics:
  fps step                    : 17,131
  fps step + policy inference : 16,871
  fps total                   : 15,520
  epoch                       : 774 / 1,000
  frames                      : 126,812,160


Policy 0: 
Timing:
  Play time               : 9.734 s
  Update time             : 0.900 s
  Time to train epoch     : 10.634 s


Statistics:
  fps step                    : 17,094
  fps step + policy inference : 16,831
  fps total                   : 15,407
  epoch                       : 775 / 1,000
  frames                      : 126,976,000


Policy 0: 
Timing:
  Play time               : 9.741 s
  Update time             : 0.856 s
  Time to train epoch     : 10.598 s


Statistics:
  fps step                    : 17,077
  fps step + policy inference : 16,819
  fps total                   : 15,460
  epoch                       : 776 / 1,000
  frames                      : 127,139,840


Policy 0: 
Timing:
  Play time               : 9.773 s
  Update time             : 0.799 s
  Time to train epoch     : 10.572 s


Statistics:
  fps step                    : 17,025
  fps step + policy inference : 16,764
  fps total                   : 15,498
  epoch                       : 777 / 1,000
  frames                      : 127,303,680


Policy 0: 
Timing:
  Play time               : 9.775 s
  Update time             : 0.810 s
  Time to train epoch     : 10.584 s


Statistics:
  fps step                    : 17,030
  fps step + policy inference : 16,762
  fps total                   : 15,479
  epoch                       : 778 / 1,000
  frames                      : 127,467,520


Policy 0: 
Timing:
  Play time               : 9.764 s
  Update time             : 0.824 s
  Time to train epoch     : 10.589 s


Statistics:
  fps step                    : 17,047
  fps step + policy inference : 16,780
  fps total                   : 15,473
  epoch                       : 779 / 1,000
  frames                      : 127,631,360


Policy 0: 
Timing:
  Play time               : 9.771 s
  Update time             : 0.831 s
  Time to train epoch     : 10.603 s


Statistics:
  fps step                    : 17,033
  fps step + policy inference : 16,767
  fps total                   : 15,453
  epoch                       : 780 / 1,000
  frames                      : 127,795,200


Policy 0: 
Timing:
  Play time               : 9.796 s
  Update time             : 0.811 s
  Time to train epoch     : 10.607 s


Statistics:
  fps step                    : 16,993
  fps step + policy inference : 16,726
  fps total                   : 15,447
  epoch                       : 781 / 1,000
  frames                      : 127,959,040


Policy 0: 
Timing:
  Play time               : 9.754 s
  Update time             : 0.842 s
  Time to train epoch     : 10.597 s


Statistics:
  fps step                    : 17,067
  fps step + policy inference : 16,797
  fps total                   : 15,462
  epoch                       : 782 / 1,000
  frames                      : 128,122,880


Policy 0: 
Timing:
  Play time               : 9.785 s
  Update time             : 0.825 s
  Time to train epoch     : 10.610 s


Statistics:
  fps step                    : 17,015
  fps step + policy inference : 16,743
  fps total                   : 15,442
  epoch                       : 783 / 1,000
  frames                      : 128,286,720


Policy 0: 
Timing:
  Play time               : 9.776 s
  Update time             : 0.846 s
  Time to train epoch     : 10.623 s


Statistics:
  fps step                    : 17,027
  fps step + policy inference : 16,759
  fps total                   : 15,423
  epoch                       : 784 / 1,000
  frames                      : 128,450,560


Policy 0: 
Timing:
  Play time               : 9.762 s
  Update time             : 0.899 s
  Time to train epoch     : 10.661 s


Statistics:
  fps step                    : 17,059
  fps step + policy inference : 16,784
  fps total                   : 15,369
  epoch                       : 785 / 1,000
  frames                      : 128,614,400


Policy 0: 
Timing:
  Play time               : 9.774 s
  Update time             : 0.932 s
  Time to train epoch     : 10.705 s


Statistics:
  fps step                    : 17,037
  fps step + policy inference : 16,763
  fps total                   : 15,304
  epoch                       : 786 / 1,000
  frames                      : 128,778,240


Policy 0: 
Timing:
  Play time               : 9.780 s
  Update time             : 0.871 s
  Time to train epoch     : 10.651 s


Statistics:
  fps step                    : 17,026
  fps step + policy inference : 16,753
  fps total                   : 15,383
  epoch                       : 787 / 1,000
  frames                      : 128,942,080


Policy 0: 
Timing:
  Play time               : 9.953 s
  Update time             : 0.937 s
  Time to train epoch     : 10.890 s


Statistics:
  fps step                    : 16,872
  fps step + policy inference : 16,461
  fps total                   : 15,045
  epoch                       : 788 / 1,000
  frames                      : 129,105,920


Policy 0: 
Timing:
  Play time               : 9.835 s
  Update time             : 0.957 s
  Time to train epoch     : 10.792 s


Statistics:
  fps step                    : 16,962
  fps step + policy inference : 16,658
  fps total                   : 15,181
  epoch                       : 789 / 1,000
  frames                      : 129,269,760


Policy 0: 
Timing:
  Play time               : 9.763 s
  Update time             : 0.902 s
  Time to train epoch     : 10.665 s


Statistics:
  fps step                    : 17,066
  fps step + policy inference : 16,782
  fps total                   : 15,362
  epoch                       : 790 / 1,000
  frames                      : 129,433,600


Policy 0: 
Timing:
  Play time               : 9.768 s
  Update time             : 0.824 s
  Time to train epoch     : 10.591 s


Statistics:
  fps step                    : 17,044
  fps step + policy inference : 16,774
  fps total                   : 15,469
  epoch                       : 791 / 1,000
  frames                      : 129,597,440


Policy 0: 
Timing:
  Play time               : 9.693 s
  Update time             : 0.766 s
  Time to train epoch     : 10.459 s


Statistics:
  fps step                    : 17,164
  fps step + policy inference : 16,903
  fps total                   : 15,664
  epoch                       : 792 / 1,000
  frames                      : 129,761,280


Policy 0: 
Timing:
  Play time               : 9.697 s
  Update time             : 0.774 s
  Time to train epoch     : 10.471 s


Statistics:
  fps step                    : 17,155
  fps step + policy inference : 16,896
  fps total                   : 15,646
  epoch                       : 793 / 1,000
  frames                      : 129,925,120


Policy 0: 
Timing:
  Play time               : 9.725 s
  Update time             : 0.776 s
  Time to train epoch     : 10.501 s


Statistics:
  fps step                    : 17,109
  fps step + policy inference : 16,847
  fps total                   : 15,603
  epoch                       : 794 / 1,000
  frames                      : 130,088,960


Policy 0: 
Timing:
  Play time               : 9.728 s
  Update time             : 0.773 s
  Time to train epoch     : 10.500 s


Statistics:
  fps step                    : 17,102
  fps step + policy inference : 16,843
  fps total                   : 15,603
  epoch                       : 795 / 1,000
  frames                      : 130,252,800


Policy 0: 
Timing:
  Play time               : 9.757 s
  Update time             : 0.770 s
  Time to train epoch     : 10.528 s


Statistics:
  fps step                    : 17,053
  fps step + policy inference : 16,791
  fps total                   : 15,563
  epoch                       : 796 / 1,000
  frames                      : 130,416,640


Policy 0: 
Timing:
  Play time               : 9.733 s
  Update time             : 0.845 s
  Time to train epoch     : 10.578 s


Statistics:
  fps step                    : 17,107
  fps step + policy inference : 16,833
  fps total                   : 15,489
  epoch                       : 797 / 1,000
  frames                      : 130,580,480


Policy 0: 
Timing:
  Play time               : 9.759 s
  Update time             : 0.870 s
  Time to train epoch     : 10.628 s


Statistics:
  fps step                    : 17,059
  fps step + policy inference : 16,789
  fps total                   : 15,416
  epoch                       : 798 / 1,000
  frames                      : 130,744,320


Policy 0: 
Timing:
  Play time               : 9.775 s
  Update time             : 0.860 s
  Time to train epoch     : 10.635 s


Statistics:
  fps step                    : 17,025
  fps step + policy inference : 16,761
  fps total                   : 15,406
  epoch                       : 799 / 1,000
  frames                      : 130,908,160


Policy 0: 
Timing:
  Play time               : 9.743 s
  Update time             : 0.876 s
  Time to train epoch     : 10.619 s


Statistics:
  fps step                    : 17,087
  fps step + policy inference : 16,817
  fps total                   : 15,429
  epoch                       : 800 / 1,000
  frames                      : 131,072,000


Policy 0: 
Timing:
  Play time               : 9.757 s
  Update time             : 0.913 s
  Time to train epoch     : 10.671 s


Statistics:
  fps step                    : 17,062
  fps step + policy inference : 16,791
  fps total                   : 15,354
  epoch                       : 801 / 1,000
  frames                      : 131,235,840


Policy 0: 
Timing:
  Play time               : 9.791 s
  Update time             : 0.878 s
  Time to train epoch     : 10.669 s


Statistics:
  fps step                    : 17,007
  fps step + policy inference : 16,733
  fps total                   : 15,356
  epoch                       : 802 / 1,000
  frames                      : 131,399,680


Policy 0: 
Timing:
  Play time               : 9.781 s
  Update time             : 0.793 s
  Time to train epoch     : 10.575 s


Statistics:
  fps step                    : 17,022
  fps step + policy inference : 16,751
  fps total                   : 15,494
  epoch                       : 803 / 1,000
  frames                      : 131,563,520


Policy 0: 
Timing:
  Play time               : 9.753 s
  Update time             : 0.873 s
  Time to train epoch     : 10.626 s


Statistics:
  fps step                    : 17,068
  fps step + policy inference : 16,799
  fps total                   : 15,418
  epoch                       : 804 / 1,000
  frames                      : 131,727,360


Policy 0: 
Timing:
  Play time               : 9.801 s
  Update time             : 0.833 s
  Time to train epoch     : 10.634 s


Statistics:
  fps step                    : 16,992
  fps step + policy inference : 16,717
  fps total                   : 15,407
  epoch                       : 805 / 1,000
  frames                      : 131,891,200


Policy 0: 
Timing:
  Play time               : 9.815 s
  Update time             : 0.854 s
  Time to train epoch     : 10.669 s


Statistics:
  fps step                    : 16,967
  fps step + policy inference : 16,693
  fps total                   : 15,356
  epoch                       : 806 / 1,000
  frames                      : 132,055,040


Policy 0: 
Timing:
  Play time               : 9.877 s
  Update time             : 0.924 s
  Time to train epoch     : 10.802 s


Statistics:
  fps step                    : 17,015
  fps step + policy inference : 16,587
  fps total                   : 15,168
  epoch                       : 807 / 1,000
  frames                      : 132,218,880


Policy 0: 
Timing:
  Play time               : 9.825 s
  Update time             : 0.948 s
  Time to train epoch     : 10.773 s


Statistics:
  fps step                    : 16,973
  fps step + policy inference : 16,676
  fps total                   : 15,209
  epoch                       : 808 / 1,000
  frames                      : 132,382,720


Policy 0: 
Timing:
  Play time               : 9.758 s
  Update time             : 0.889 s
  Time to train epoch     : 10.647 s


Statistics:
  fps step                    : 17,072
  fps step + policy inference : 16,791
  fps total                   : 15,389
  epoch                       : 809 / 1,000
  frames                      : 132,546,560


Policy 0: 
Timing:
  Play time               : 9.709 s
  Update time             : 0.838 s
  Time to train epoch     : 10.547 s


Statistics:
  fps step                    : 17,142
  fps step + policy inference : 16,875
  fps total                   : 15,534
  epoch                       : 810 / 1,000
  frames                      : 132,710,400


Policy 0: 
Timing:
  Play time               : 9.722 s
  Update time             : 0.858 s
  Time to train epoch     : 10.580 s


Statistics:
  fps step                    : 17,112
  fps step + policy inference : 16,852
  fps total                   : 15,486
  epoch                       : 811 / 1,000
  frames                      : 132,874,240


Policy 0: 
Timing:
  Play time               : 9.703 s
  Update time             : 0.886 s
  Time to train epoch     : 10.589 s


Statistics:
  fps step                    : 17,148
  fps step + policy inference : 16,886
  fps total                   : 15,473
  epoch                       : 812 / 1,000
  frames                      : 133,038,080


Policy 0: 
Timing:
  Play time               : 9.720 s
  Update time             : 0.831 s
  Time to train epoch     : 10.551 s


Statistics:
  fps step                    : 17,130
  fps step + policy inference : 16,857
  fps total                   : 15,529
  epoch                       : 813 / 1,000
  frames                      : 133,201,920


Policy 0: 
Timing:
  Play time               : 9.747 s
  Update time             : 0.785 s
  Time to train epoch     : 10.532 s


Statistics:
  fps step                    : 17,067
  fps step + policy inference : 16,809
  fps total                   : 15,556
  epoch                       : 814 / 1,000
  frames                      : 133,365,760


Policy 0: 
Timing:
  Play time               : 9.769 s
  Update time             : 0.843 s
  Time to train epoch     : 10.612 s


Statistics:
  fps step                    : 17,034
  fps step + policy inference : 16,772
  fps total                   : 15,440
  epoch                       : 815 / 1,000
  frames                      : 133,529,600


Policy 0: 
Timing:
  Play time               : 9.740 s
  Update time             : 0.812 s
  Time to train epoch     : 10.552 s


Statistics:
  fps step                    : 17,096
  fps step + policy inference : 16,821
  fps total                   : 15,527
  epoch                       : 816 / 1,000
  frames                      : 133,693,440


Policy 0: 
Timing:
  Play time               : 9.761 s
  Update time             : 0.828 s
  Time to train epoch     : 10.589 s


Statistics:
  fps step                    : 17,053
  fps step + policy inference : 16,785
  fps total                   : 15,473
  epoch                       : 817 / 1,000
  frames                      : 133,857,280


Policy 0: 
Timing:
  Play time               : 9.789 s
  Update time             : 0.864 s
  Time to train epoch     : 10.653 s


Statistics:
  fps step                    : 17,004
  fps step + policy inference : 16,737
  fps total                   : 15,380
  epoch                       : 818 / 1,000
  frames                      : 134,021,120


Policy 0: 
Timing:
  Play time               : 9.749 s
  Update time             : 0.806 s
  Time to train epoch     : 10.555 s


Statistics:
  fps step                    : 17,075
  fps step + policy inference : 16,806
  fps total                   : 15,523
  epoch                       : 819 / 1,000
  frames                      : 134,184,960


Policy 0: 
Timing:
  Play time               : 9.758 s
  Update time             : 0.865 s
  Time to train epoch     : 10.624 s


Statistics:
  fps step                    : 17,061
  fps step + policy inference : 16,789
  fps total                   : 15,422
  epoch                       : 820 / 1,000
  frames                      : 134,348,800


Policy 0: 
Timing:
  Play time               : 9.860 s
  Update time             : 0.926 s
  Time to train epoch     : 10.785 s


Statistics:
  fps step                    : 16,889
  fps step + policy inference : 16,617
  fps total                   : 15,191
  epoch                       : 821 / 1,000
  frames                      : 134,512,640


Policy 0: 
Timing:
  Play time               : 9.830 s
  Update time             : 0.928 s
  Time to train epoch     : 10.758 s


Statistics:
  fps step                    : 16,933
  fps step + policy inference : 16,667
  fps total                   : 15,230
  epoch                       : 822 / 1,000
  frames                      : 134,676,480


Policy 0: 
Timing:
  Play time               : 9.793 s
  Update time             : 0.861 s
  Time to train epoch     : 10.653 s


Statistics:
  fps step                    : 17,002
  fps step + policy inference : 16,731
  fps total                   : 15,379
  epoch                       : 823 / 1,000
  frames                      : 134,840,320


Policy 0: 
Timing:
  Play time               : 9.820 s
  Update time             : 0.845 s
  Time to train epoch     : 10.665 s


Statistics:
  fps step                    : 16,957
  fps step + policy inference : 16,684
  fps total                   : 15,362
  epoch                       : 824 / 1,000
  frames                      : 135,004,160


Policy 0: 
Timing:
  Play time               : 9.879 s
  Update time             : 0.884 s
  Time to train epoch     : 10.763 s


Statistics:
  fps step                    : 16,971
  fps step + policy inference : 16,585
  fps total                   : 15,223
  epoch                       : 825 / 1,000
  frames                      : 135,168,000


Policy 0: 
Timing:
  Play time               : 9.864 s
  Update time             : 0.963 s
  Time to train epoch     : 10.827 s


Statistics:
  fps step                    : 16,931
  fps step + policy inference : 16,610
  fps total                   : 15,132
  epoch                       : 826 / 1,000
  frames                      : 135,331,840


Policy 0: 
Timing:
  Play time               : 9.794 s
  Update time             : 0.938 s
  Time to train epoch     : 10.732 s


Statistics:
  fps step                    : 17,019
  fps step + policy inference : 16,728
  fps total                   : 15,266
  epoch                       : 827 / 1,000
  frames                      : 135,495,680


Policy 0: 
Timing:
  Play time               : 9.747 s
  Update time             : 0.911 s
  Time to train epoch     : 10.659 s


Statistics:
  fps step                    : 17,087
  fps step + policy inference : 16,809
  fps total                   : 15,372
  epoch                       : 828 / 1,000
  frames                      : 135,659,520


Policy 0: 
Timing:
  Play time               : 9.700 s
  Update time             : 0.859 s
  Time to train epoch     : 10.559 s


Statistics:
  fps step                    : 17,151
  fps step + policy inference : 16,891
  fps total                   : 15,517
  epoch                       : 829 / 1,000
  frames                      : 135,823,360


Policy 0: 
Timing:
  Play time               : 9.702 s
  Update time             : 0.879 s
  Time to train epoch     : 10.581 s


Statistics:
  fps step                    : 17,147
  fps step + policy inference : 16,887
  fps total                   : 15,484
  epoch                       : 830 / 1,000
  frames                      : 135,987,200


Policy 0: 
Timing:
  Play time               : 9.707 s
  Update time             : 0.845 s
  Time to train epoch     : 10.552 s


Statistics:
  fps step                    : 17,142
  fps step + policy inference : 16,878
  fps total                   : 15,526
  epoch                       : 831 / 1,000
  frames                      : 136,151,040


Policy 0: 
Timing:
  Play time               : 9.708 s
  Update time             : 0.777 s
  Time to train epoch     : 10.485 s


Statistics:
  fps step                    : 17,137
  fps step + policy inference : 16,876
  fps total                   : 15,626
  epoch                       : 832 / 1,000
  frames                      : 136,314,880


Policy 0: 
Timing:
  Play time               : 9.753 s
  Update time             : 0.818 s
  Time to train epoch     : 10.572 s


Statistics:
  fps step                    : 17,059
  fps step + policy inference : 16,798
  fps total                   : 15,498
  epoch                       : 833 / 1,000
  frames                      : 136,478,720


Policy 0: 
Timing:
  Play time               : 9.745 s
  Update time             : 0.791 s
  Time to train epoch     : 10.536 s


Statistics:
  fps step                    : 17,083
  fps step + policy inference : 16,813
  fps total                   : 15,551
  epoch                       : 834 / 1,000
  frames                      : 136,642,560


Policy 0: 
Timing:
  Play time               : 9.726 s
  Update time             : 0.798 s
  Time to train epoch     : 10.524 s


Statistics:
  fps step                    : 17,120
  fps step + policy inference : 16,846
  fps total                   : 15,568
  epoch                       : 835 / 1,000
  frames                      : 136,806,400


Policy 0: 
Timing:
  Play time               : 9.750 s
  Update time             : 0.816 s
  Time to train epoch     : 10.566 s


Statistics:
  fps step                    : 17,074
  fps step + policy inference : 16,804
  fps total                   : 15,506
  epoch                       : 836 / 1,000
  frames                      : 136,970,240


Policy 0: 
Timing:
  Play time               : 9.773 s
  Update time             : 0.817 s
  Time to train epoch     : 10.590 s


Statistics:
  fps step                    : 17,035
  fps step + policy inference : 16,765
  fps total                   : 15,471
  epoch                       : 837 / 1,000
  frames                      : 137,134,080


Policy 0: 
Timing:
  Play time               : 9.758 s
  Update time             : 0.832 s
  Time to train epoch     : 10.590 s


Statistics:
  fps step                    : 17,057
  fps step + policy inference : 16,790
  fps total                   : 15,471
  epoch                       : 838 / 1,000
  frames                      : 137,297,920


Policy 0: 
Timing:
  Play time               : 9.752 s
  Update time             : 0.865 s
  Time to train epoch     : 10.617 s


Statistics:
  fps step                    : 17,075
  fps step + policy inference : 16,800
  fps total                   : 15,431
  epoch                       : 839 / 1,000
  frames                      : 137,461,760


Policy 0: 
Timing:
  Play time               : 9.755 s
  Update time             : 0.873 s
  Time to train epoch     : 10.628 s


Statistics:
  fps step                    : 17,069
  fps step + policy inference : 16,795
  fps total                   : 15,416
  epoch                       : 840 / 1,000
  frames                      : 137,625,600


Policy 0: 
Timing:
  Play time               : 9.752 s
  Update time             : 0.897 s
  Time to train epoch     : 10.649 s


Statistics:
  fps step                    : 17,075
  fps step + policy inference : 16,800
  fps total                   : 15,386
  epoch                       : 841 / 1,000
  frames                      : 137,789,440


Policy 0: 
Timing:
  Play time               : 9.727 s
  Update time             : 0.902 s
  Time to train epoch     : 10.630 s


Statistics:
  fps step                    : 17,116
  fps step + policy inference : 16,843
  fps total                   : 15,413
  epoch                       : 842 / 1,000
  frames                      : 137,953,280


Policy 0: 
Timing:
  Play time               : 9.801 s
  Update time             : 0.850 s
  Time to train epoch     : 10.651 s


Statistics:
  fps step                    : 16,990
  fps step + policy inference : 16,717
  fps total                   : 15,383
  epoch                       : 843 / 1,000
  frames                      : 138,117,120


Policy 0: 
Timing:
  Play time               : 9.895 s
  Update time             : 0.939 s
  Time to train epoch     : 10.835 s


Statistics:
  fps step                    : 16,960
  fps step + policy inference : 16,557
  fps total                   : 15,122
  epoch                       : 844 / 1,000
  frames                      : 138,280,960


Policy 0: 
Timing:
  Play time               : 9.811 s
  Update time             : 0.955 s
  Time to train epoch     : 10.766 s


Statistics:
  fps step                    : 17,017
  fps step + policy inference : 16,699
  fps total                   : 15,219
  epoch                       : 845 / 1,000
  frames                      : 138,444,800


Policy 0: 
Timing:
  Play time               : 9.769 s
  Update time             : 0.923 s
  Time to train epoch     : 10.691 s


Statistics:
  fps step                    : 17,063
  fps step + policy inference : 16,772
  fps total                   : 15,325
  epoch                       : 846 / 1,000
  frames                      : 138,608,640


Policy 0: 
Timing:
  Play time               : 9.725 s
  Update time             : 0.871 s
  Time to train epoch     : 10.596 s


Statistics:
  fps step                    : 17,125
  fps step + policy inference : 16,848
  fps total                   : 15,463
  epoch                       : 847 / 1,000
  frames                      : 138,772,480


Policy 0: 
Timing:
  Play time               : 9.689 s
  Update time             : 0.787 s
  Time to train epoch     : 10.476 s


Statistics:
  fps step                    : 17,172
  fps step + policy inference : 16,910
  fps total                   : 15,639
  epoch                       : 848 / 1,000
  frames                      : 138,936,320


Policy 0: 
Timing:
  Play time               : 9.710 s
  Update time             : 0.750 s
  Time to train epoch     : 10.460 s


Statistics:
  fps step                    : 17,135
  fps step + policy inference : 16,874
  fps total                   : 15,663
  epoch                       : 849 / 1,000
  frames                      : 139,100,160


Policy 0: 
Timing:
  Play time               : 9.725 s
  Update time             : 0.786 s
  Time to train epoch     : 10.511 s


Statistics:
  fps step                    : 17,110
  fps step + policy inference : 16,847
  fps total                   : 15,587
  epoch                       : 850 / 1,000
  frames                      : 139,264,000


Policy 0: 
Timing:
  Play time               : 9.689 s
  Update time             : 0.852 s
  Time to train epoch     : 10.542 s


Statistics:
  fps step                    : 17,172
  fps step + policy inference : 16,909
  fps total                   : 15,542
  epoch                       : 851 / 1,000
  frames                      : 139,427,840


Policy 0: 
Timing:
  Play time               : 9.727 s
  Update time             : 0.867 s
  Time to train epoch     : 10.594 s


Statistics:
  fps step                    : 17,106
  fps step + policy inference : 16,843
  fps total                   : 15,465
  epoch                       : 852 / 1,000
  frames                      : 139,591,680


Policy 0: 
Timing:
  Play time               : 9.765 s
  Update time             : 0.885 s
  Time to train epoch     : 10.650 s


Statistics:
  fps step                    : 17,052
  fps step + policy inference : 16,778
  fps total                   : 15,385
  epoch                       : 853 / 1,000
  frames                      : 139,755,520


Policy 0: 
Timing:
  Play time               : 9.743 s
  Update time             : 0.858 s
  Time to train epoch     : 10.601 s


Statistics:
  fps step                    : 17,087
  fps step + policy inference : 16,817
  fps total                   : 15,455
  epoch                       : 854 / 1,000
  frames                      : 139,919,360


Policy 0: 
Timing:
  Play time               : 9.752 s
  Update time             : 0.834 s
  Time to train epoch     : 10.586 s


Statistics:
  fps step                    : 17,070
  fps step + policy inference : 16,800
  fps total                   : 15,477
  epoch                       : 855 / 1,000
  frames                      : 140,083,200


Policy 0: 
Timing:
  Play time               : 9.772 s
  Update time             : 0.795 s
  Time to train epoch     : 10.568 s


Statistics:
  fps step                    : 17,037
  fps step + policy inference : 16,766
  fps total                   : 15,504
  epoch                       : 856 / 1,000
  frames                      : 140,247,040


Policy 0: 
Timing:
  Play time               : 9.718 s
  Update time             : 0.786 s
  Time to train epoch     : 10.504 s


Statistics:
  fps step                    : 17,135
  fps step + policy inference : 16,859
  fps total                   : 15,598
  epoch                       : 857 / 1,000
  frames                      : 140,410,880


Policy 0: 
Timing:
  Play time               : 9.761 s
  Update time             : 0.841 s
  Time to train epoch     : 10.602 s


Statistics:
  fps step                    : 17,063
  fps step + policy inference : 16,785
  fps total                   : 15,454
  epoch                       : 858 / 1,000
  frames                      : 140,574,720


Policy 0: 
Timing:
  Play time               : 9.773 s
  Update time             : 0.799 s
  Time to train epoch     : 10.572 s


Statistics:
  fps step                    : 17,032
  fps step + policy inference : 16,764
  fps total                   : 15,498
  epoch                       : 859 / 1,000
  frames                      : 140,738,560


Policy 0: 
Timing:
  Play time               : 9.783 s
  Update time             : 0.827 s
  Time to train epoch     : 10.610 s


Statistics:
  fps step                    : 17,021
  fps step + policy inference : 16,747
  fps total                   : 15,442
  epoch                       : 860 / 1,000
  frames                      : 140,902,400


Policy 0: 
Timing:
  Play time               : 9.772 s
  Update time             : 0.842 s
  Time to train epoch     : 10.614 s


Statistics:
  fps step                    : 17,046
  fps step + policy inference : 16,766
  fps total                   : 15,436
  epoch                       : 861 / 1,000
  frames                      : 141,066,240


Policy 0: 
Timing:
  Play time               : 9.766 s
  Update time             : 0.958 s
  Time to train epoch     : 10.724 s


Statistics:
  fps step                    : 17,052
  fps step + policy inference : 16,776
  fps total                   : 15,278
  epoch                       : 862 / 1,000
  frames                      : 141,230,080


Policy 0: 
Timing:
  Play time               : 10.021 s
  Update time             : 1.019 s
  Time to train epoch     : 11.040 s


Statistics:
  fps step                    : 16,758
  fps step + policy inference : 16,349
  fps total                   : 14,840
  epoch                       : 863 / 1,000
  frames                      : 141,393,920


Policy 0: saving next best rewards:  [494.59]
=> saving checkpoint 'runs/mg_A_seed2801/nn/mg_A_seed2801.pth'

Timing:
  Play time               : 9.818 s
  Update time             : 1.052 s
  Time to train epoch     : 10.870 s


Statistics:
  fps step                    : 16,995
  fps step + policy inference : 16,688
  fps total                   : 15,073
  epoch                       : 864 / 1,000
  frames                      : 141,557,760


Policy 0: 
Timing:
  Play time               : 9.742 s
  Update time             : 0.961 s
  Time to train epoch     : 10.703 s


Statistics:
  fps step                    : 17,105
  fps step + policy inference : 16,817
  fps total                   : 15,307
  epoch                       : 865 / 1,000
  frames                      : 141,721,600


Policy 0: 
Timing:
  Play time               : 9.707 s
  Update time             : 0.835 s
  Time to train epoch     : 10.541 s


Statistics:
  fps step                    : 17,154
  fps step + policy inference : 16,879
  fps total                   : 15,542
  epoch                       : 866 / 1,000
  frames                      : 141,885,440


Policy 0: 
Timing:
  Play time               : 9.687 s
  Update time             : 0.769 s
  Time to train epoch     : 10.456 s


Statistics:
  fps step                    : 17,178
  fps step + policy inference : 16,913
  fps total                   : 15,669
  epoch                       : 867 / 1,000
  frames                      : 142,049,280


Policy 0: 
Timing:
  Play time               : 9.714 s
  Update time             : 0.760 s
  Time to train epoch     : 10.474 s


Statistics:
  fps step                    : 17,133
  fps step + policy inference : 16,866
  fps total                   : 15,643
  epoch                       : 868 / 1,000
  frames                      : 142,213,120


Policy 0: 
Timing:
  Play time               : 9.748 s
  Update time             : 0.818 s
  Time to train epoch     : 10.566 s


Statistics:
  fps step                    : 17,086
  fps step + policy inference : 16,807
  fps total                   : 15,507
  epoch                       : 869 / 1,000
  frames                      : 142,376,960


Policy 0: 
Timing:
  Play time               : 9.703 s
  Update time             : 0.773 s
  Time to train epoch     : 10.475 s


Statistics:
  fps step                    : 17,146
  fps step + policy inference : 16,886
  fps total                   : 15,640
  epoch                       : 870 / 1,000
  frames                      : 142,540,800


Policy 0: 
Timing:
  Play time               : 9.722 s
  Update time             : 0.762 s
  Time to train epoch     : 10.483 s


Statistics:
  fps step                    : 17,115
  fps step + policy inference : 16,853
  fps total                   : 15,629
  epoch                       : 871 / 1,000
  frames                      : 142,704,640


Policy 0: 
Timing:
  Play time               : 9.737 s
  Update time             : 0.810 s
  Time to train epoch     : 10.547 s


Statistics:
  fps step                    : 17,104
  fps step + policy inference : 16,826
  fps total                   : 15,535
  epoch                       : 872 / 1,000
  frames                      : 142,868,480


Policy 0: saving next best rewards:  [494.77]
=> saving checkpoint 'runs/mg_A_seed2801/nn/mg_A_seed2801.pth'

Timing:
  Play time               : 9.734 s
  Update time             : 0.859 s
  Time to train epoch     : 10.594 s


Statistics:
  fps step                    : 17,104
  fps step + policy inference : 16,831
  fps total                   : 15,466
  epoch                       : 873 / 1,000
  frames                      : 143,032,320


Policy 0: saving next best rewards:  [494.99]
=> saving checkpoint 'runs/mg_A_seed2801/nn/mg_A_seed2801.pth'

Timing:
  Play time               : 9.761 s
  Update time             : 0.896 s
  Time to train epoch     : 10.657 s


Statistics:
  fps step                    : 17,052
  fps step + policy inference : 16,785
  fps total                   : 15,374
  epoch                       : 874 / 1,000
  frames                      : 143,196,160


Policy 0: saving next best rewards:  [495.07]
=> saving checkpoint 'runs/mg_A_seed2801/nn/mg_A_seed2801.pth'

Timing:
  Play time               : 9.748 s
  Update time             : 0.897 s
  Time to train epoch     : 10.645 s


Statistics:
  fps step                    : 17,075
  fps step + policy inference : 16,808
  fps total                   : 15,391
  epoch                       : 875 / 1,000
  frames                      : 143,360,000


Policy 0: 
Timing:
  Play time               : 9.738 s
  Update time             : 0.907 s
  Time to train epoch     : 10.645 s


Statistics:
  fps step                    : 17,099
  fps step + policy inference : 16,825
  fps total                   : 15,391
  epoch                       : 876 / 1,000
  frames                      : 143,523,840


Policy 0: 
Timing:
  Play time               : 9.738 s
  Update time             : 0.872 s
  Time to train epoch     : 10.610 s


Statistics:
  fps step                    : 17,103
  fps step + policy inference : 16,825
  fps total                   : 15,442
  epoch                       : 877 / 1,000
  frames                      : 143,687,680


Policy 0: saving next best rewards:  [495.15]
=> saving checkpoint 'runs/mg_A_seed2801/nn/mg_A_seed2801.pth'

Timing:
  Play time               : 9.752 s
  Update time             : 0.806 s
  Time to train epoch     : 10.558 s


Statistics:
  fps step                    : 17,072
  fps step + policy inference : 16,801
  fps total                   : 15,518
  epoch                       : 878 / 1,000
  frames                      : 143,851,520


Policy 0: saving next best rewards:  [495.26]
=> saving checkpoint 'runs/mg_A_seed2801/nn/mg_A_seed2801.pth'

Timing:
  Play time               : 9.710 s
  Update time             : 0.856 s
  Time to train epoch     : 10.566 s


Statistics:
  fps step                    : 17,149
  fps step + policy inference : 16,874
  fps total                   : 15,506
  epoch                       : 879 / 1,000
  frames                      : 144,015,360


Policy 0: saving next best rewards:  [495.47]
=> saving checkpoint 'runs/mg_A_seed2801/nn/mg_A_seed2801.pth'

Timing:
  Play time               : 9.771 s
  Update time             : 0.822 s
  Time to train epoch     : 10.593 s


Statistics:
  fps step                    : 17,046
  fps step + policy inference : 16,768
  fps total                   : 15,467
  epoch                       : 880 / 1,000
  frames                      : 144,179,200


Policy 0: 
Timing:
  Play time               : 9.766 s
  Update time             : 0.838 s
  Time to train epoch     : 10.605 s


Statistics:
  fps step                    : 17,054
  fps step + policy inference : 16,776
  fps total                   : 15,450
  epoch                       : 881 / 1,000
  frames                      : 144,343,040


Policy 0: 
Timing:
  Play time               : 9.867 s
  Update time             : 0.932 s
  Time to train epoch     : 10.798 s


Statistics:
  fps step                    : 17,032
  fps step + policy inference : 16,606
  fps total                   : 15,173
  epoch                       : 882 / 1,000
  frames                      : 144,506,880


Policy 0: 
Timing:
  Play time               : 9.765 s
  Update time             : 0.953 s
  Time to train epoch     : 10.718 s


Statistics:
  fps step                    : 17,080
  fps step + policy inference : 16,778
  fps total                   : 15,287
  epoch                       : 883 / 1,000
  frames                      : 144,670,720


Policy 0: 
Timing:
  Play time               : 9.751 s
  Update time             : 0.927 s
  Time to train epoch     : 10.678 s


Statistics:
  fps step                    : 17,085
  fps step + policy inference : 16,802
  fps total                   : 15,343
  epoch                       : 884 / 1,000
  frames                      : 144,834,560


Policy 0: 
Timing:
  Play time               : 9.678 s
  Update time             : 0.844 s
  Time to train epoch     : 10.521 s


Statistics:
  fps step                    : 17,201
  fps step + policy inference : 16,930
  fps total                   : 15,572
  epoch                       : 885 / 1,000
  frames                      : 144,998,400


Policy 0: 
Timing:
  Play time               : 9.690 s
  Update time             : 0.801 s
  Time to train epoch     : 10.492 s


Statistics:
  fps step                    : 17,168
  fps step + policy inference : 16,907
  fps total                   : 15,616
  epoch                       : 886 / 1,000
  frames                      : 145,162,240


Policy 0: 
Timing:
  Play time               : 9.656 s
  Update time             : 0.815 s
  Time to train epoch     : 10.470 s


Statistics:
  fps step                    : 17,235
  fps step + policy inference : 16,969
  fps total                   : 15,648
  epoch                       : 887 / 1,000
  frames                      : 145,326,080


Policy 0: 
Timing:
  Play time               : 9.680 s
  Update time             : 0.845 s
  Time to train epoch     : 10.526 s


Statistics:
  fps step                    : 17,192
  fps step + policy inference : 16,925
  fps total                   : 15,566
  epoch                       : 888 / 1,000
  frames                      : 145,489,920


Policy 0: 
Timing:
  Play time               : 9.691 s
  Update time             : 0.837 s
  Time to train epoch     : 10.528 s


Statistics:
  fps step                    : 17,168
  fps step + policy inference : 16,907
  fps total                   : 15,563
  epoch                       : 889 / 1,000
  frames                      : 145,653,760


Policy 0: 
Timing:
  Play time               : 9.747 s
  Update time             : 0.835 s
  Time to train epoch     : 10.582 s


Statistics:
  fps step                    : 17,076
  fps step + policy inference : 16,809
  fps total                   : 15,483
  epoch                       : 890 / 1,000
  frames                      : 145,817,600


Policy 0: 
Timing:
  Play time               : 9.714 s
  Update time             : 0.830 s
  Time to train epoch     : 10.544 s


Statistics:
  fps step                    : 17,142
  fps step + policy inference : 16,866
  fps total                   : 15,538
  epoch                       : 891 / 1,000
  frames                      : 145,981,440


Policy 0: 
Timing:
  Play time               : 9.733 s
  Update time             : 0.829 s
  Time to train epoch     : 10.561 s


Statistics:
  fps step                    : 17,106
  fps step + policy inference : 16,834
  fps total                   : 15,513
  epoch                       : 892 / 1,000
  frames                      : 146,145,280


Policy 0: 
Timing:
  Play time               : 9.748 s
  Update time             : 0.821 s
  Time to train epoch     : 10.570 s


Statistics:
  fps step                    : 17,077
  fps step + policy inference : 16,807
  fps total                   : 15,501
  epoch                       : 893 / 1,000
  frames                      : 146,309,120


Policy 0: 
Timing:
  Play time               : 9.710 s
  Update time             : 0.829 s
  Time to train epoch     : 10.539 s


Statistics:
  fps step                    : 17,145
  fps step + policy inference : 16,874
  fps total                   : 15,547
  epoch                       : 894 / 1,000
  frames                      : 146,472,960


Policy 0: 
Timing:
  Play time               : 9.694 s
  Update time             : 0.842 s
  Time to train epoch     : 10.535 s


Statistics:
  fps step                    : 17,178
  fps step + policy inference : 16,902
  fps total                   : 15,552
  epoch                       : 895 / 1,000
  frames                      : 146,636,800


Policy 0: 
Timing:
  Play time               : 9.750 s
  Update time             : 0.812 s
  Time to train epoch     : 10.562 s


Statistics:
  fps step                    : 17,080
  fps step + policy inference : 16,804
  fps total                   : 15,512
  epoch                       : 896 / 1,000
  frames                      : 146,800,640


Policy 0: 
Timing:
  Play time               : 9.728 s
  Update time             : 0.808 s
  Time to train epoch     : 10.536 s


Statistics:
  fps step                    : 17,113
  fps step + policy inference : 16,843
  fps total                   : 15,550
  epoch                       : 897 / 1,000
  frames                      : 146,964,480


Policy 0: 
Timing:
  Play time               : 9.692 s
  Update time             : 0.873 s
  Time to train epoch     : 10.565 s


Statistics:
  fps step                    : 17,180
  fps step + policy inference : 16,904
  fps total                   : 15,508
  epoch                       : 898 / 1,000
  frames                      : 147,128,320


Policy 0: 
Timing:
  Play time               : 9.756 s
  Update time             : 0.830 s
  Time to train epoch     : 10.586 s


Statistics:
  fps step                    : 17,067
  fps step + policy inference : 16,794
  fps total                   : 15,477
  epoch                       : 899 / 1,000
  frames                      : 147,292,160


Policy 0: 
Timing:
  Play time               : 9.813 s
  Update time             : 0.908 s
  Time to train epoch     : 10.721 s


Statistics:
  fps step                    : 17,085
  fps step + policy inference : 16,696
  fps total                   : 15,282
  epoch                       : 900 / 1,000
  frames                      : 147,456,000


Policy 0: 
Timing:
  Play time               : 9.810 s
  Update time             : 1.047 s
  Time to train epoch     : 10.856 s


Statistics:
  fps step                    : 17,032
  fps step + policy inference : 16,702
  fps total                   : 15,092
  epoch                       : 901 / 1,000
  frames                      : 147,619,840


Policy 0: 
Timing:
  Play time               : 9.781 s
  Update time             : 1.042 s
  Time to train epoch     : 10.823 s


Statistics:
  fps step                    : 17,043
  fps step + policy inference : 16,751
  fps total                   : 15,138
  epoch                       : 902 / 1,000
  frames                      : 147,783,680


Policy 0: saving next best rewards:  [495.56]
=> saving checkpoint 'runs/mg_A_seed2801/nn/mg_A_seed2801.pth'

Timing:
  Play time               : 9.725 s
  Update time             : 0.917 s
  Time to train epoch     : 10.642 s


Statistics:
  fps step                    : 17,128
  fps step + policy inference : 16,848
  fps total                   : 15,396
  epoch                       : 903 / 1,000
  frames                      : 147,947,520


Policy 0: saving next best rewards:  [495.73]
=> saving checkpoint 'runs/mg_A_seed2801/nn/mg_A_seed2801.pth'

Timing:
  Play time               : 9.665 s
  Update time             : 0.803 s
  Time to train epoch     : 10.468 s


Statistics:
  fps step                    : 17,213
  fps step + policy inference : 16,951
  fps total                   : 15,651
  epoch                       : 904 / 1,000
  frames                      : 148,111,360


Policy 0: saving next best rewards:  [495.89]
=> saving checkpoint 'runs/mg_A_seed2801/nn/mg_A_seed2801.pth'

Timing:
  Play time               : 9.665 s
  Update time             : 0.800 s
  Time to train epoch     : 10.464 s


Statistics:
  fps step                    : 17,216
  fps step + policy inference : 16,952
  fps total                   : 15,657
  epoch                       : 905 / 1,000
  frames                      : 148,275,200


Policy 0: 
Timing:
  Play time               : 9.693 s
  Update time             : 0.780 s
  Time to train epoch     : 10.473 s


Statistics:
  fps step                    : 17,169
  fps step + policy inference : 16,903
  fps total                   : 15,644
  epoch                       : 906 / 1,000
  frames                      : 148,439,040


Policy 0: 
Timing:
  Play time               : 9.689 s
  Update time             : 0.804 s
  Time to train epoch     : 10.494 s


Statistics:
  fps step                    : 17,171
  fps step + policy inference : 16,909
  fps total                   : 15,613
  epoch                       : 907 / 1,000
  frames                      : 148,602,880


Policy 0: 
Timing:
  Play time               : 9.703 s
  Update time             : 0.786 s
  Time to train epoch     : 10.489 s


Statistics:
  fps step                    : 17,148
  fps step + policy inference : 16,885
  fps total                   : 15,620
  epoch                       : 908 / 1,000
  frames                      : 148,766,720


Policy 0: 
Timing:
  Play time               : 9.739 s
  Update time             : 0.821 s
  Time to train epoch     : 10.561 s


Statistics:
  fps step                    : 17,094
  fps step + policy inference : 16,822
  fps total                   : 15,514
  epoch                       : 909 / 1,000
  frames                      : 148,930,560


Policy 0: 
Timing:
  Play time               : 9.719 s
  Update time             : 0.857 s
  Time to train epoch     : 10.575 s


Statistics:
  fps step                    : 17,130
  fps step + policy inference : 16,858
  fps total                   : 15,493
  epoch                       : 910 / 1,000
  frames                      : 149,094,400


Policy 0: 
Timing:
  Play time               : 9.718 s
  Update time             : 0.903 s
  Time to train epoch     : 10.621 s


Statistics:
  fps step                    : 17,132
  fps step + policy inference : 16,860
  fps total                   : 15,427
  epoch                       : 911 / 1,000
  frames                      : 149,258,240


Policy 0: 
Timing:
  Play time               : 9.738 s
  Update time             : 0.883 s
  Time to train epoch     : 10.621 s


Statistics:
  fps step                    : 17,094
  fps step + policy inference : 16,824
  fps total                   : 15,426
  epoch                       : 912 / 1,000
  frames                      : 149,422,080


Policy 0: 
Timing:
  Play time               : 9.698 s
  Update time             : 0.865 s
  Time to train epoch     : 10.563 s


Statistics:
  fps step                    : 17,165
  fps step + policy inference : 16,893
  fps total                   : 15,511
  epoch                       : 913 / 1,000
  frames                      : 149,585,920


Policy 0: saving next best rewards:  [495.9]
=> saving checkpoint 'runs/mg_A_seed2801/nn/mg_A_seed2801.pth'

Timing:
  Play time               : 9.712 s
  Update time             : 0.896 s
  Time to train epoch     : 10.609 s


Statistics:
  fps step                    : 17,147
  fps step + policy inference : 16,869
  fps total                   : 15,444
  epoch                       : 914 / 1,000
  frames                      : 149,749,760


Policy 0: 
Timing:
  Play time               : 9.744 s
  Update time             : 0.816 s
  Time to train epoch     : 10.560 s


Statistics:
  fps step                    : 17,098
  fps step + policy inference : 16,815
  fps total                   : 15,515
  epoch                       : 915 / 1,000
  frames                      : 149,913,600


Policy 0: 
Timing:
  Play time               : 9.718 s
  Update time             : 0.820 s
  Time to train epoch     : 10.538 s


Statistics:
  fps step                    : 17,135
  fps step + policy inference : 16,859
  fps total                   : 15,548
  epoch                       : 916 / 1,000
  frames                      : 150,077,440


Policy 0: 
Timing:
  Play time               : 9.694 s
  Update time             : 0.849 s
  Time to train epoch     : 10.543 s


Statistics:
  fps step                    : 17,180
  fps step + policy inference : 16,902
  fps total                   : 15,540
  epoch                       : 917 / 1,000
  frames                      : 150,241,280


Policy 0: 
Timing:
  Play time               : 9.747 s
  Update time             : 0.834 s
  Time to train epoch     : 10.581 s


Statistics:
  fps step                    : 17,082
  fps step + policy inference : 16,810
  fps total                   : 15,484
  epoch                       : 918 / 1,000
  frames                      : 150,405,120


Policy 0: 
Timing:
  Play time               : 9.825 s
  Update time             : 0.888 s
  Time to train epoch     : 10.713 s


Statistics:
  fps step                    : 17,082
  fps step + policy inference : 16,676
  fps total                   : 15,294
  epoch                       : 919 / 1,000
  frames                      : 150,568,960


Policy 0: 
Timing:
  Play time               : 9.796 s
  Update time             : 0.956 s
  Time to train epoch     : 10.752 s


Statistics:
  fps step                    : 17,042
  fps step + policy inference : 16,725
  fps total                   : 15,238
  epoch                       : 920 / 1,000
  frames                      : 150,732,800


Policy 0: 
Timing:
  Play time               : 9.750 s
  Update time             : 0.984 s
  Time to train epoch     : 10.734 s


Statistics:
  fps step                    : 17,093
  fps step + policy inference : 16,804
  fps total                   : 15,263
  epoch                       : 921 / 1,000
  frames                      : 150,896,640


Policy 0: 
Timing:
  Play time               : 9.729 s
  Update time             : 0.891 s
  Time to train epoch     : 10.620 s


Statistics:
  fps step                    : 17,120
  fps step + policy inference : 16,840
  fps total                   : 15,428
  epoch                       : 922 / 1,000
  frames                      : 151,060,480


Policy 0: 
Timing:
  Play time               : 9.679 s
  Update time             : 0.881 s
  Time to train epoch     : 10.560 s


Statistics:
  fps step                    : 17,192
  fps step + policy inference : 16,927
  fps total                   : 15,515
  epoch                       : 923 / 1,000
  frames                      : 151,224,320


Policy 0: 
Timing:
  Play time               : 9.720 s
  Update time             : 0.869 s
  Time to train epoch     : 10.589 s


Statistics:
  fps step                    : 17,115
  fps step + policy inference : 16,856
  fps total                   : 15,473
  epoch                       : 924 / 1,000
  frames                      : 151,388,160


Policy 0: 
Timing:
  Play time               : 9.700 s
  Update time             : 0.825 s
  Time to train epoch     : 10.525 s


Statistics:
  fps step                    : 17,158
  fps step + policy inference : 16,890
  fps total                   : 15,567
  epoch                       : 925 / 1,000
  frames                      : 151,552,000


Policy 0: 
Timing:
  Play time               : 9.688 s
  Update time             : 0.790 s
  Time to train epoch     : 10.478 s


Statistics:
  fps step                    : 17,174
  fps step + policy inference : 16,912
  fps total                   : 15,637
  epoch                       : 926 / 1,000
  frames                      : 151,715,840


Policy 0: 
Timing:
  Play time               : 9.734 s
  Update time             : 0.801 s
  Time to train epoch     : 10.535 s


Statistics:
  fps step                    : 17,098
  fps step + policy inference : 16,832
  fps total                   : 15,552
  epoch                       : 927 / 1,000
  frames                      : 151,879,680


Policy 0: 
Timing:
  Play time               : 9.734 s
  Update time             : 0.810 s
  Time to train epoch     : 10.544 s


Statistics:
  fps step                    : 17,107
  fps step + policy inference : 16,831
  fps total                   : 15,538
  epoch                       : 928 / 1,000
  frames                      : 152,043,520


Policy 0: 
Timing:
  Play time               : 9.717 s
  Update time             : 0.810 s
  Time to train epoch     : 10.528 s


Statistics:
  fps step                    : 17,134
  fps step + policy inference : 16,860
  fps total                   : 15,562
  epoch                       : 929 / 1,000
  frames                      : 152,207,360


Policy 0: 
Timing:
  Play time               : 9.747 s
  Update time             : 0.802 s
  Time to train epoch     : 10.550 s


Statistics:
  fps step                    : 17,076
  fps step + policy inference : 16,809
  fps total                   : 15,530
  epoch                       : 930 / 1,000
  frames                      : 152,371,200


Policy 0: 
Timing:
  Play time               : 9.738 s
  Update time             : 0.817 s
  Time to train epoch     : 10.554 s


Statistics:
  fps step                    : 17,097
  fps step + policy inference : 16,825
  fps total                   : 15,524
  epoch                       : 931 / 1,000
  frames                      : 152,535,040


Policy 0: 
Timing:
  Play time               : 9.715 s
  Update time             : 0.822 s
  Time to train epoch     : 10.538 s


Statistics:
  fps step                    : 17,141
  fps step + policy inference : 16,864
  fps total                   : 15,548
  epoch                       : 932 / 1,000
  frames                      : 152,698,880


Policy 0: 
Timing:
  Play time               : 9.738 s
  Update time             : 0.837 s
  Time to train epoch     : 10.575 s


Statistics:
  fps step                    : 17,107
  fps step + policy inference : 16,825
  fps total                   : 15,494
  epoch                       : 933 / 1,000
  frames                      : 152,862,720


Policy 0: 
Timing:
  Play time               : 9.734 s
  Update time             : 0.841 s
  Time to train epoch     : 10.575 s


Statistics:
  fps step                    : 17,102
  fps step + policy inference : 16,831
  fps total                   : 15,493
  epoch                       : 934 / 1,000
  frames                      : 153,026,560


Policy 0: 
Timing:
  Play time               : 9.699 s
  Update time             : 0.896 s
  Time to train epoch     : 10.596 s


Statistics:
  fps step                    : 17,171
  fps step + policy inference : 16,892
  fps total                   : 15,463
  epoch                       : 935 / 1,000
  frames                      : 153,190,400


Policy 0: 
Timing:
  Play time               : 9.729 s
  Update time             : 0.954 s
  Time to train epoch     : 10.683 s


Statistics:
  fps step                    : 17,121
  fps step + policy inference : 16,840
  fps total                   : 15,337
  epoch                       : 936 / 1,000
  frames                      : 153,354,240


Policy 0: 
Timing:
  Play time               : 9.749 s
  Update time             : 0.905 s
  Time to train epoch     : 10.654 s


Statistics:
  fps step                    : 17,080
  fps step + policy inference : 16,806
  fps total                   : 15,378
  epoch                       : 937 / 1,000
  frames                      : 153,518,080


Policy 0: 
Timing:
  Play time               : 9.828 s
  Update time             : 0.929 s
  Time to train epoch     : 10.757 s


Statistics:
  fps step                    : 17,088
  fps step + policy inference : 16,670
  fps total                   : 15,231
  epoch                       : 938 / 1,000
  frames                      : 153,681,920


Policy 0: 
Timing:
  Play time               : 9.784 s
  Update time             : 0.982 s
  Time to train epoch     : 10.766 s


Statistics:
  fps step                    : 17,052
  fps step + policy inference : 16,746
  fps total                   : 15,218
  epoch                       : 939 / 1,000
  frames                      : 153,845,760


Policy 0: 
Timing:
  Play time               : 9.725 s
  Update time             : 0.900 s
  Time to train epoch     : 10.624 s


Statistics:
  fps step                    : 17,132
  fps step + policy inference : 16,848
  fps total                   : 15,421
  epoch                       : 940 / 1,000
  frames                      : 154,009,600


Policy 0: 
Timing:
  Play time               : 9.677 s
  Update time             : 0.823 s
  Time to train epoch     : 10.499 s


Statistics:
  fps step                    : 17,205
  fps step + policy inference : 16,931
  fps total                   : 15,605
  epoch                       : 941 / 1,000
  frames                      : 154,173,440


Policy 0: 
Timing:
  Play time               : 9.656 s
  Update time             : 0.760 s
  Time to train epoch     : 10.415 s


Statistics:
  fps step                    : 17,233
  fps step + policy inference : 16,968
  fps total                   : 15,731
  epoch                       : 942 / 1,000
  frames                      : 154,337,280


Policy 0: 
Timing:
  Play time               : 9.706 s
  Update time             : 0.772 s
  Time to train epoch     : 10.478 s


Statistics:
  fps step                    : 17,140
  fps step + policy inference : 16,881
  fps total                   : 15,637
  epoch                       : 943 / 1,000
  frames                      : 154,501,120


Policy 0: 
Timing:
  Play time               : 9.701 s
  Update time             : 0.805 s
  Time to train epoch     : 10.506 s


Statistics:
  fps step                    : 17,156
  fps step + policy inference : 16,889
  fps total                   : 15,595
  epoch                       : 944 / 1,000
  frames                      : 154,664,960


Policy 0: 
Timing:
  Play time               : 9.681 s
  Update time             : 0.852 s
  Time to train epoch     : 10.533 s


Statistics:
  fps step                    : 17,186
  fps step + policy inference : 16,924
  fps total                   : 15,554
  epoch                       : 945 / 1,000
  frames                      : 154,828,800


Policy 0: 
Timing:
  Play time               : 9.705 s
  Update time             : 0.895 s
  Time to train epoch     : 10.600 s


Statistics:
  fps step                    : 17,150
  fps step + policy inference : 16,882
  fps total                   : 15,456
  epoch                       : 946 / 1,000
  frames                      : 154,992,640


Policy 0: 
Timing:
  Play time               : 9.713 s
  Update time             : 0.879 s
  Time to train epoch     : 10.592 s


Statistics:
  fps step                    : 17,146
  fps step + policy inference : 16,868
  fps total                   : 15,468
  epoch                       : 947 / 1,000
  frames                      : 155,156,480


Policy 0: 
Timing:
  Play time               : 9.710 s
  Update time             : 0.837 s
  Time to train epoch     : 10.547 s


Statistics:
  fps step                    : 17,150
  fps step + policy inference : 16,874
  fps total                   : 15,534
  epoch                       : 948 / 1,000
  frames                      : 155,320,320


Policy 0: 
Timing:
  Play time               : 9.726 s
  Update time             : 0.814 s
  Time to train epoch     : 10.540 s


Statistics:
  fps step                    : 17,116
  fps step + policy inference : 16,845
  fps total                   : 15,545
  epoch                       : 949 / 1,000
  frames                      : 155,484,160


Policy 0: 
Timing:
  Play time               : 9.774 s
  Update time             : 0.834 s
  Time to train epoch     : 10.608 s


Statistics:
  fps step                    : 17,034
  fps step + policy inference : 16,763
  fps total                   : 15,445
  epoch                       : 950 / 1,000
  frames                      : 155,648,000


Policy 0: saving next best rewards:  [496.25]
=> saving checkpoint 'runs/mg_A_seed2801/nn/mg_A_seed2801.pth'

Timing:
  Play time               : 9.747 s
  Update time             : 0.851 s
  Time to train epoch     : 10.598 s


Statistics:
  fps step                    : 17,084
  fps step + policy inference : 16,809
  fps total                   : 15,459
  epoch                       : 951 / 1,000
  frames                      : 155,811,840


Policy 0: 
Timing:
  Play time               : 9.731 s
  Update time             : 0.822 s
  Time to train epoch     : 10.553 s


Statistics:
  fps step                    : 17,116
  fps step + policy inference : 16,837
  fps total                   : 15,525
  epoch                       : 952 / 1,000
  frames                      : 155,975,680


Policy 0: saving next best rewards:  [496.43]
=> saving checkpoint 'runs/mg_A_seed2801/nn/mg_A_seed2801.pth'

Timing:
  Play time               : 9.714 s
  Update time             : 0.827 s
  Time to train epoch     : 10.542 s


Statistics:
  fps step                    : 17,140
  fps step + policy inference : 16,866
  fps total                   : 15,542
  epoch                       : 953 / 1,000
  frames                      : 156,139,520


Policy 0: saving next best rewards:  [496.58]
=> saving checkpoint 'runs/mg_A_seed2801/nn/mg_A_seed2801.pth'

Timing:
  Play time               : 9.710 s
  Update time             : 0.836 s
  Time to train epoch     : 10.546 s


Statistics:
  fps step                    : 17,148
  fps step + policy inference : 16,873
  fps total                   : 15,536
  epoch                       : 954 / 1,000
  frames                      : 156,303,360


Policy 0: saving next best rewards:  [497.04]
=> saving checkpoint 'runs/mg_A_seed2801/nn/mg_A_seed2801.pth'

Timing:
  Play time               : 9.708 s
  Update time             : 0.884 s
  Time to train epoch     : 10.592 s


Statistics:
  fps step                    : 17,158
  fps step + policy inference : 16,877
  fps total                   : 15,469
  epoch                       : 955 / 1,000
  frames                      : 156,467,200


Policy 0: 
Timing:
  Play time               : 9.870 s
  Update time             : 0.966 s
  Time to train epoch     : 10.835 s


Statistics:
  fps step                    : 16,871
  fps step + policy inference : 16,600
  fps total                   : 15,121
  epoch                       : 956 / 1,000
  frames                      : 156,631,040


Policy 0: 
Timing:
  Play time               : 9.867 s
  Update time             : 1.024 s
  Time to train epoch     : 10.891 s


Statistics:
  fps step                    : 17,027
  fps step + policy inference : 16,604
  fps total                   : 15,044
  epoch                       : 957 / 1,000
  frames                      : 156,794,880


Policy 0: 
Timing:
  Play time               : 9.779 s
  Update time             : 1.043 s
  Time to train epoch     : 10.822 s


Statistics:
  fps step                    : 17,055
  fps step + policy inference : 16,755
  fps total                   : 15,140
  epoch                       : 958 / 1,000
  frames                      : 156,958,720


Policy 0: saving next best rewards:  [497.49]
=> saving checkpoint 'runs/mg_A_seed2801/nn/mg_A_seed2801.pth'

Timing:
  Play time               : 9.720 s
  Update time             : 0.942 s
  Time to train epoch     : 10.662 s


Statistics:
  fps step                    : 17,138
  fps step + policy inference : 16,856
  fps total                   : 15,367
  epoch                       : 959 / 1,000
  frames                      : 157,122,560


Policy 0: 
Timing:
  Play time               : 9.649 s
  Update time             : 0.806 s
  Time to train epoch     : 10.456 s


Statistics:
  fps step                    : 17,248
  fps step + policy inference : 16,979
  fps total                   : 15,670
  epoch                       : 960 / 1,000
  frames                      : 157,286,400


Policy 0: 
Timing:
  Play time               : 9.666 s
  Update time             : 0.785 s
  Time to train epoch     : 10.451 s


Statistics:
  fps step                    : 17,215
  fps step + policy inference : 16,951
  fps total                   : 15,677
  epoch                       : 961 / 1,000
  frames                      : 157,450,240


Policy 0: 
Timing:
  Play time               : 9.664 s
  Update time             : 0.757 s
  Time to train epoch     : 10.420 s


Statistics:
  fps step                    : 17,224
  fps step + policy inference : 16,954
  fps total                   : 15,723
  epoch                       : 962 / 1,000
  frames                      : 157,614,080


Policy 0: 
Timing:
  Play time               : 9.713 s
  Update time             : 0.800 s
  Time to train epoch     : 10.512 s


Statistics:
  fps step                    : 17,135
  fps step + policy inference : 16,869
  fps total                   : 15,585
  epoch                       : 963 / 1,000
  frames                      : 157,777,920


Policy 0: 
Timing:
  Play time               : 9.685 s
  Update time             : 0.774 s
  Time to train epoch     : 10.459 s


Statistics:
  fps step                    : 17,180
  fps step + policy inference : 16,917
  fps total                   : 15,665
  epoch                       : 964 / 1,000
  frames                      : 157,941,760


Policy 0: 
Timing:
  Play time               : 9.699 s
  Update time             : 0.791 s
  Time to train epoch     : 10.491 s


Statistics:
  fps step                    : 17,163
  fps step + policy inference : 16,892
  fps total                   : 15,618
  epoch                       : 965 / 1,000
  frames                      : 158,105,600


Policy 0: 
Timing:
  Play time               : 9.699 s
  Update time             : 0.801 s
  Time to train epoch     : 10.499 s


Statistics:
  fps step                    : 17,169
  fps step + policy inference : 16,893
  fps total                   : 15,605
  epoch                       : 966 / 1,000
  frames                      : 158,269,440


Policy 0: 
Timing:
  Play time               : 9.732 s
  Update time             : 0.815 s
  Time to train epoch     : 10.548 s


Statistics:
  fps step                    : 17,104
  fps step + policy inference : 16,834
  fps total                   : 15,533
  epoch                       : 967 / 1,000
  frames                      : 158,433,280


Policy 0: 
Timing:
  Play time               : 9.740 s
  Update time             : 0.832 s
  Time to train epoch     : 10.572 s


Statistics:
  fps step                    : 17,092
  fps step + policy inference : 16,821
  fps total                   : 15,497
  epoch                       : 968 / 1,000
  frames                      : 158,597,120


Policy 0: saving next best rewards:  [497.55]
=> saving checkpoint 'runs/mg_A_seed2801/nn/mg_A_seed2801.pth'

Timing:
  Play time               : 9.711 s
  Update time             : 0.901 s
  Time to train epoch     : 10.612 s


Statistics:
  fps step                    : 17,141
  fps step + policy inference : 16,871
  fps total                   : 15,439
  epoch                       : 969 / 1,000
  frames                      : 158,760,960


Policy 0: saving next best rewards:  [497.63]
=> saving checkpoint 'runs/mg_A_seed2801/nn/mg_A_seed2801.pth'

Timing:
  Play time               : 9.711 s
  Update time             : 0.916 s
  Time to train epoch     : 10.627 s


Statistics:
  fps step                    : 17,147
  fps step + policy inference : 16,871
  fps total                   : 15,417
  epoch                       : 970 / 1,000
  frames                      : 158,924,800


Policy 0: saving next best rewards:  [497.8]
=> saving checkpoint 'runs/mg_A_seed2801/nn/mg_A_seed2801.pth'

Timing:
  Play time               : 9.728 s
  Update time             : 0.923 s
  Time to train epoch     : 10.651 s


Statistics:
  fps step                    : 17,119
  fps step + policy inference : 16,842
  fps total                   : 15,383
  epoch                       : 971 / 1,000
  frames                      : 159,088,640


Policy 0: 
Timing:
  Play time               : 9.702 s
  Update time             : 0.862 s
  Time to train epoch     : 10.564 s


Statistics:
  fps step                    : 17,161
  fps step + policy inference : 16,888
  fps total                   : 15,509
  epoch                       : 972 / 1,000
  frames                      : 159,252,480


Policy 0: 
Timing:
  Play time               : 9.686 s
  Update time             : 0.842 s
  Time to train epoch     : 10.528 s


Statistics:
  fps step                    : 17,193
  fps step + policy inference : 16,915
  fps total                   : 15,563
  epoch                       : 973 / 1,000
  frames                      : 159,416,320


Policy 0: 
Timing:
  Play time               : 9.729 s
  Update time             : 0.827 s
  Time to train epoch     : 10.556 s


Statistics:
  fps step                    : 17,115
  fps step + policy inference : 16,840
  fps total                   : 15,521
  epoch                       : 974 / 1,000
  frames                      : 159,580,160


Policy 0: 
Timing:
  Play time               : 9.799 s
  Update time             : 0.879 s
  Time to train epoch     : 10.678 s


Statistics:
  fps step                    : 17,116
  fps step + policy inference : 16,720
  fps total                   : 15,344
  epoch                       : 975 / 1,000
  frames                      : 159,744,000


Policy 0: 
Timing:
  Play time               : 9.792 s
  Update time             : 0.985 s
  Time to train epoch     : 10.777 s


Statistics:
  fps step                    : 17,061
  fps step + policy inference : 16,732
  fps total                   : 15,202
  epoch                       : 976 / 1,000
  frames                      : 159,907,840


Policy 0: 
Timing:
  Play time               : 9.712 s
  Update time             : 0.941 s
  Time to train epoch     : 10.652 s


Statistics:
  fps step                    : 17,164
  fps step + policy inference : 16,871
  fps total                   : 15,381
  epoch                       : 977 / 1,000
  frames                      : 160,071,680


Policy 0: 
Timing:
  Play time               : 9.702 s
  Update time             : 0.883 s
  Time to train epoch     : 10.586 s


Statistics:
  fps step                    : 17,169
  fps step + policy inference : 16,887
  fps total                   : 15,478
  epoch                       : 978 / 1,000
  frames                      : 160,235,520


Policy 0: 
Timing:
  Play time               : 9.648 s
  Update time             : 0.774 s
  Time to train epoch     : 10.422 s


Statistics:
  fps step                    : 17,247
  fps step + policy inference : 16,982
  fps total                   : 15,721
  epoch                       : 979 / 1,000
  frames                      : 160,399,360


Policy 0: 
Timing:
  Play time               : 9.654 s
  Update time             : 0.791 s
  Time to train epoch     : 10.445 s


Statistics:
  fps step                    : 17,233
  fps step + policy inference : 16,971
  fps total                   : 15,686
  epoch                       : 980 / 1,000
  frames                      : 160,563,200


Policy 0: 
Timing:
  Play time               : 9.685 s
  Update time             : 0.855 s
  Time to train epoch     : 10.540 s


Statistics:
  fps step                    : 17,184
  fps step + policy inference : 16,917
  fps total                   : 15,544
  epoch                       : 981 / 1,000
  frames                      : 160,727,040


Policy 0: 
Timing:
  Play time               : 9.660 s
  Update time             : 0.883 s
  Time to train epoch     : 10.543 s


Statistics:
  fps step                    : 17,231
  fps step + policy inference : 16,960
  fps total                   : 15,540
  epoch                       : 982 / 1,000
  frames                      : 160,890,880


Policy 0: 
Timing:
  Play time               : 9.709 s
  Update time             : 0.864 s
  Time to train epoch     : 10.573 s


Statistics:
  fps step                    : 17,140
  fps step + policy inference : 16,875
  fps total                   : 15,495
  epoch                       : 983 / 1,000
  frames                      : 161,054,720


Policy 0: 
Timing:
  Play time               : 9.701 s
  Update time             : 0.789 s
  Time to train epoch     : 10.491 s


Statistics:
  fps step                    : 17,162
  fps step + policy inference : 16,888
  fps total                   : 15,617
  epoch                       : 984 / 1,000
  frames                      : 161,218,560


Policy 0: 
Timing:
  Play time               : 9.700 s
  Update time             : 0.817 s
  Time to train epoch     : 10.517 s


Statistics:
  fps step                    : 17,165
  fps step + policy inference : 16,890
  fps total                   : 15,578
  epoch                       : 985 / 1,000
  frames                      : 161,382,400


Policy 0: 
Timing:
  Play time               : 9.714 s
  Update time             : 0.812 s
  Time to train epoch     : 10.525 s


Statistics:
  fps step                    : 17,142
  fps step + policy inference : 16,867
  fps total                   : 15,566
  epoch                       : 986 / 1,000
  frames                      : 161,546,240


Policy 0: 
Timing:
  Play time               : 9.699 s
  Update time             : 0.860 s
  Time to train epoch     : 10.560 s


Statistics:
  fps step                    : 17,165
  fps step + policy inference : 16,892
  fps total                   : 15,515
  epoch                       : 987 / 1,000
  frames                      : 161,710,080


Policy 0: 
Timing:
  Play time               : 9.698 s
  Update time             : 0.809 s
  Time to train epoch     : 10.508 s


Statistics:
  fps step                    : 17,166
  fps step + policy inference : 16,894
  fps total                   : 15,592
  epoch                       : 988 / 1,000
  frames                      : 161,873,920


Policy 0: 
Timing:
  Play time               : 9.701 s
  Update time             : 0.837 s
  Time to train epoch     : 10.539 s


Statistics:
  fps step                    : 17,168
  fps step + policy inference : 16,889
  fps total                   : 15,547
  epoch                       : 989 / 1,000
  frames                      : 162,037,760


Policy 0: 
Timing:
  Play time               : 9.725 s
  Update time             : 0.822 s
  Time to train epoch     : 10.548 s


Statistics:
  fps step                    : 17,125
  fps step + policy inference : 16,847
  fps total                   : 15,533
  epoch                       : 990 / 1,000
  frames                      : 162,201,600


Policy 0: 
Timing:
  Play time               : 9.703 s
  Update time             : 0.849 s
  Time to train epoch     : 10.553 s


Statistics:
  fps step                    : 17,164
  fps step + policy inference : 16,885
  fps total                   : 15,526
  epoch                       : 991 / 1,000
  frames                      : 162,365,440


Policy 0: 
Timing:
  Play time               : 9.683 s
  Update time             : 0.881 s
  Time to train epoch     : 10.564 s


Statistics:
  fps step                    : 17,201
  fps step + policy inference : 16,921
  fps total                   : 15,510
  epoch                       : 992 / 1,000
  frames                      : 162,529,280


Policy 0: 
Timing:
  Play time               : 9.729 s
  Update time             : 0.896 s
  Time to train epoch     : 10.625 s


Statistics:
  fps step                    : 17,117
  fps step + policy inference : 16,840
  fps total                   : 15,420
  epoch                       : 993 / 1,000
  frames                      : 162,693,120


Policy 0: 
Timing:
  Play time               : 9.799 s
  Update time             : 0.960 s
  Time to train epoch     : 10.759 s


Statistics:
  fps step                    : 17,127
  fps step + policy inference : 16,721
  fps total                   : 15,228
  epoch                       : 994 / 1,000
  frames                      : 162,856,960


Policy 0: 
Timing:
  Play time               : 9.760 s
  Update time             : 1.031 s
  Time to train epoch     : 10.791 s


Statistics:
  fps step                    : 17,105
  fps step + policy inference : 16,786
  fps total                   : 15,183
  epoch                       : 995 / 1,000
  frames                      : 163,020,800


Policy 0: 
Timing:
  Play time               : 9.733 s
  Update time             : 0.960 s
  Time to train epoch     : 10.694 s


Statistics:
  fps step                    : 17,123
  fps step + policy inference : 16,833
  fps total                   : 15,321
  epoch                       : 996 / 1,000
  frames                      : 163,184,640


Policy 0: 
Timing:
  Play time               : 9.681 s
  Update time             : 0.887 s
  Time to train epoch     : 10.568 s


Statistics:
  fps step                    : 17,206
  fps step + policy inference : 16,925
  fps total                   : 15,504
  epoch                       : 997 / 1,000
  frames                      : 163,348,480


Policy 0: 
Timing:
  Play time               : 9.649 s
  Update time             : 0.762 s
  Time to train epoch     : 10.411 s


Statistics:
  fps step                    : 17,244
  fps step + policy inference : 16,980
  fps total                   : 15,737
  epoch                       : 998 / 1,000
  frames                      : 163,512,320


Policy 0: 
Timing:
  Play time               : 9.661 s
  Update time             : 0.769 s
  Time to train epoch     : 10.430 s


Statistics:
  fps step                    : 17,222
  fps step + policy inference : 16,959
  fps total                   : 15,709
  epoch                       : 999 / 1,000
  frames                      : 163,676,160


Policy 0: 
Timing:
  Play time               : 9.695 s
  Update time             : 0.793 s
  Time to train epoch     : 10.488 s


Statistics:
  fps step                    : 17,169
  fps step + policy inference : 16,900
  fps total                   : 15,622
  epoch                       : 1,000 / 1,000
  frames                      : 163,840,000


Policy 0: Saved recovery checkpoint runs/mg_A_seed2801/checkpoints/epoch_001000.pth; evaluation_due=True
=> saving checkpoint 'runs/mg_A_seed2801/nn/last_mg_A_seed2801_ep_1000_rew__494.08_.pth'
MAX EPOCHS NUM!
