role,geometry,model,protocol,source,attempt_row,env,success,body_stable,alive_full,failure,max_drift_m,max_rotation_rad,first_body_breach_s,first_arrival_s,max_extension_fraction,travel_range_fraction,valid_open_close_cycles,commands_reached,endpoint_holds,cohort_sha256,trace_sha256,mean_abs_slider_error_m,max_abs_slider_error_m,worst_stage_tail_mean_error_m
legal parent,L110,student,F,0,0,0,True,True,True,,0.005013709422200918,0.17740432918071747,,1.8333333333333333,1.0,1.0,10,20,,d57117f935488f3c2a3ac65ab532d4b9fc93fe8f17bb792884a115def11dca28,ab8ee1784a0ac62feab1823d141acb933682b7e2909d7095d798b713ac1eb911,0.0074457344599068165,0.03999999910593033,
legal parent,L110,student,F,0,1,1,True,True,True,,0.005176315549761057,0.16846607625484467,,1.8333333333333333,1.0,1.0,10,20,,d57117f935488f3c2a3ac65ab532d4b9fc93fe8f17bb792884a115def11dca28,ab8ee1784a0ac62feab1823d141acb933682b7e2909d7095d798b713ac1eb911,0.007564335595816374,0.0403229221701622,
legal parent,L110,student,F,0,2,2,True,True,True,,0.004901400301605463,0.16079123318195343,,1.8333333333333333,1.0,1.0,10,20,,d57117f935488f3c2a3ac65ab532d4b9fc93fe8f17bb792884a115def11dca28,ab8ee1784a0ac62feab1823d141acb933682b7e2909d7095d798b713ac1eb911,0.007472907658666372,0.04011359065771103,
legal parent,L110,student,F,0,3,3,True,True,True,,0.005618009716272354,0.18904778361320496,,1.8666666666666667,1.0,1.0,10,20,,d57117f935488f3c2a3ac65ab532d4b9fc93fe8f17bb792884a115def11dca28,ab8ee1784a0ac62feab1823d141acb933682b7e2909d7095d798b713ac1eb911,0.007355211768299341,0.03999999910593033,
legal parent,L110,student,F,0,4,4,True,True,True,,0.0053517138585448265,0.17514266073703766,,1.8333333333333333,1.0,1.0,10,20,,d57117f935488f3c2a3ac65ab532d4b9fc93fe8f17bb792884a115def11dca28,ab8ee1784a0ac62feab1823d141acb933682b7e2909d7095d798b713ac1eb911,0.007498482242226601,0.04225410893559456,
legal parent,L110,student,F,0,5,5,True,False,True,body/invalid,0.008680707775056362,0.7519873380661011,35.9,1.8666666666666667,1.0,1.0,10,20,,d57117f935488f3c2a3ac65ab532d4b9fc93fe8f17bb792884a115def11dca28,ab8ee1784a0ac62feab1823d141acb933682b7e2909d7095d798b713ac1eb911,0.007984910160303116,0.04398074746131897,
legal parent,L110,student,F,0,6,6,True,True,True,,0.004505909979343414,0.16190595924854279,,1.8333333333333333,1.0,1.0,10,20,,d57117f935488f3c2a3ac65ab532d4b9fc93fe8f17bb792884a115def11dca28,ab8ee1784a0ac62feab1823d141acb933682b7e2909d7095d798b713ac1eb911,0.007328360807150602,0.04078071936964989,
legal parent,L110,student,F,0,7,7,True,True,True,,0.005076237488538027,0.17008788883686066,,1.8666666666666667,1.0,1.0,10,20,,d57117f935488f3c2a3ac65ab532d4b9fc93fe8f17bb792884a115def11dca28,ab8ee1784a0ac62feab1823d141acb933682b7e2909d7095d798b713ac1eb911,0.00725992675870657,0.0400485135614872,
legal parent,L110,student,F,0,8,8,True,True,True,,0.005533854477107525,0.20344865322113037,,1.8333333333333333,1.0,1.0,10,20,,d57117f935488f3c2a3ac65ab532d4b9fc93fe8f17bb792884a115def11dca28,ab8ee1784a0ac62feab1823d141acb933682b7e2909d7095d798b713ac1eb911,0.0075457110069692135,0.04027167707681656,
legal parent,L110,student,F,0,9,9,True,True,True,,0.00569042656570673,0.18054942786693573,,1.8333333333333333,1.0,1.0,10,20,,d57117f935488f3c2a3ac65ab532d4b9fc93fe8f17bb792884a115def11dca28,ab8ee1784a0ac62feab1823d141acb933682b7e2909d7095d798b713ac1eb911,0.00752777187153697,0.040609002113342285,
legal parent,L110,student,F,0,10,10,True,False,True,body/invalid,0.02120235376060009,0.7704269886016846,25.5,1.8666666666666667,1.0,1.0,9,18,,d57117f935488f3c2a3ac65ab532d4b9fc93fe8f17bb792884a115def11dca28,ab8ee1784a0ac62feab1823d141acb933682b7e2909d7095d798b713ac1eb911,0.011483498848974705,0.04065043851733208,
legal parent,L110,student,F,0,11,11,True,True,True,,0.005285792518407106,0.16524222493171692,,1.8333333333333333,1.0,1.0,10,20,,d57117f935488f3c2a3ac65ab532d4b9fc93fe8f17bb792884a115def11dca28,ab8ee1784a0ac62feab1823d141acb933682b7e2909d7095d798b713ac1eb911,0.007501497399061918,0.042298391461372375,
legal parent,L110,student,F,0,12,12,True,True,True,,0.005011269822716713,0.16462953388690948,,1.8666666666666667,1.0,1.0,10,20,,d57117f935488f3c2a3ac65ab532d4b9fc93fe8f17bb792884a115def11dca28,ab8ee1784a0ac62feab1823d141acb933682b7e2909d7095d798b713ac1eb911,0.007467282470315695,0.040376536548137665,
legal parent,L110,student,F,0,13,13,True,True,True,,0.004926367662847042,0.16577021777629852,,1.8333333333333333,1.0,1.0,10,20,,d57117f935488f3c2a3ac65ab532d4b9fc93fe8f17bb792884a115def11dca28,ab8ee1784a0ac62feab1823d141acb933682b7e2909d7095d798b713ac1eb911,0.007792594376951456,0.0400405079126358,
legal parent,L110,student,F,0,14,14,True,True,True,,0.005163812078535557,0.17182700335979462,,1.8666666666666667,1.0,1.0,10,20,,d57117f935488f3c2a3ac65ab532d4b9fc93fe8f17bb792884a115def11dca28,ab8ee1784a0ac62feab1823d141acb933682b7e2909d7095d798b713ac1eb911,0.007468864321708679,0.04011199623346329,
legal parent,L110,student,F,0,15,15,True,True,True,,0.004877828061580658,0.16421151161193848,,1.8333333333333333,1.0,1.0,10,20,,d57117f935488f3c2a3ac65ab532d4b9fc93fe8f17bb792884a115def11dca28,ab8ee1784a0ac62feab1823d141acb933682b7e2909d7095d798b713ac1eb911,0.007405396085232496,0.040020279586315155,
legal parent,L110,student,F,0,16,16,True,True,True,,0.005486628040671349,0.1652926355600357,,1.8333333333333333,1.0,1.0,10,20,,d57117f935488f3c2a3ac65ab532d4b9fc93fe8f17bb792884a115def11dca28,ab8ee1784a0ac62feab1823d141acb933682b7e2909d7095d798b713ac1eb911,0.0077701471745967865,0.04092803969979286,
legal parent,L110,student,F,0,17,17,True,False,True,body/invalid,0.00620373897254467,0.33941319584846497,35.9,1.8333333333333333,1.0,1.0,10,20,,d57117f935488f3c2a3ac65ab532d4b9fc93fe8f17bb792884a115def11dca28,ab8ee1784a0ac62feab1823d141acb933682b7e2909d7095d798b713ac1eb911,0.007484814152121544,0.04190019890666008,
legal parent,L110,student,F,0,18,18,True,True,True,,0.005582309328019619,0.16159556806087494,,1.8333333333333333,1.0,1.0,10,20,,d57117f935488f3c2a3ac65ab532d4b9fc93fe8f17bb792884a115def11dca28,ab8ee1784a0ac62feab1823d141acb933682b7e2909d7095d798b713ac1eb911,0.007639485877007246,0.03999999910593033,
legal parent,L110,student,F,0,19,19,True,True,True,,0.005355591420084238,0.19068580865859985,,1.8333333333333333,1.0,1.0,10,20,,d57117f935488f3c2a3ac65ab532d4b9fc93fe8f17bb792884a115def11dca28,ab8ee1784a0ac62feab1823d141acb933682b7e2909d7095d798b713ac1eb911,0.0074786171317100525,0.03999999910593033,
legal parent,L110,student,F,0,20,20,True,True,True,,0.0052571529522538185,0.15780006349086761,,1.8666666666666667,1.0,1.0,10,20,,d57117f935488f3c2a3ac65ab532d4b9fc93fe8f17bb792884a115def11dca28,ab8ee1784a0ac62feab1823d141acb933682b7e2909d7095d798b713ac1eb911,0.007584347855299711,0.04038246348500252,
legal parent,L110,student,F,0,21,21,True,True,True,,0.005350698716938496,0.159701406955719,,1.8333333333333333,1.0,1.0,10,20,,d57117f935488f3c2a3ac65ab532d4b9fc93fe8f17bb792884a115def11dca28,ab8ee1784a0ac62feab1823d141acb933682b7e2909d7095d798b713ac1eb911,0.007751217111945152,0.04005734622478485,
legal parent,L110,student,F,0,22,22,True,True,True,,0.004675585310906172,0.18675217032432556,,1.8333333333333333,1.0,1.0,10,20,,d57117f935488f3c2a3ac65ab532d4b9fc93fe8f17bb792884a115def11dca28,ab8ee1784a0ac62feab1823d141acb933682b7e2909d7095d798b713ac1eb911,0.0072534880600869656,0.04012602940201759,
legal parent,L110,student,F,0,23,23,True,True,True,,0.005065280478447676,0.15321756899356842,,1.8333333333333333,1.0,1.0,10,20,,d57117f935488f3c2a3ac65ab532d4b9fc93fe8f17bb792884a115def11dca28,ab8ee1784a0ac62feab1823d141acb933682b7e2909d7095d798b713ac1eb911,0.00736983073875308,0.04174170643091202,
legal parent,L110,student,F,0,24,24,True,True,True,,0.005097321700304747,0.15983819961547852,,1.8666666666666667,1.0,1.0,10,20,,d57117f935488f3c2a3ac65ab532d4b9fc93fe8f17bb792884a115def11dca28,ab8ee1784a0ac62feab1823d141acb933682b7e2909d7095d798b713ac1eb911,0.0076650697737932205,0.04031454399228096,
legal parent,L110,student,F,0,25,25,True,True,True,,0.004857090767472982,0.1654791235923767,,1.8333333333333333,1.0,1.0,10,20,,d57117f935488f3c2a3ac65ab532d4b9fc93fe8f17bb792884a115def11dca28,ab8ee1784a0ac62feab1823d141acb933682b7e2909d7095d798b713ac1eb911,0.007239281199872494,0.03999999910593033,
legal parent,L110,student,F,0,26,26,True,True,True,,0.00594919640570879,0.16925543546676636,,1.8666666666666667,1.0,1.0,10,20,,d57117f935488f3c2a3ac65ab532d4b9fc93fe8f17bb792884a115def11dca28,ab8ee1784a0ac62feab1823d141acb933682b7e2909d7095d798b713ac1eb911,0.007582983933389187,0.04031088948249817,
legal parent,L110,student,F,0,28,27,True,True,True,,0.005076904781162739,0.1721421778202057,,1.8666666666666667,1.0,1.0,10,20,,d57117f935488f3c2a3ac65ab532d4b9fc93fe8f17bb792884a115def11dca28,ab8ee1784a0ac62feab1823d141acb933682b7e2909d7095d798b713ac1eb911,0.007525203283876181,0.040440499782562256,
legal parent,L110,student,F,0,29,28,True,True,True,,0.005378968082368374,0.16028492152690887,,1.8666666666666667,1.0,1.0,10,20,,d57117f935488f3c2a3ac65ab532d4b9fc93fe8f17bb792884a115def11dca28,ab8ee1784a0ac62feab1823d141acb933682b7e2909d7095d798b713ac1eb911,0.00785696879029274,0.04019790515303612,
legal parent,L110,student,F,0,30,29,True,True,True,,0.005074857734143734,0.1818152815103531,,1.8333333333333333,1.0,1.0,10,20,,d57117f935488f3c2a3ac65ab532d4b9fc93fe8f17bb792884a115def11dca28,ab8ee1784a0ac62feab1823d141acb933682b7e2909d7095d798b713ac1eb911,0.007155885919928551,0.040126048028469086,
legal parent,L110,student,F,0,31,30,True,True,True,,0.005555612966418266,0.1943216621875763,,1.8333333333333333,1.0,1.0,10,20,,d57117f935488f3c2a3ac65ab532d4b9fc93fe8f17bb792884a115def11dca28,ab8ee1784a0ac62feab1823d141acb933682b7e2909d7095d798b713ac1eb911,0.007407196331769228,0.03999999910593033,
legal parent,L110,student,F,0,32,31,True,True,True,,0.005609538871794939,0.15867972373962402,,1.8333333333333333,1.0,1.0,10,20,,d57117f935488f3c2a3ac65ab532d4b9fc93fe8f17bb792884a115def11dca28,ab8ee1784a0ac62feab1823d141acb933682b7e2909d7095d798b713ac1eb911,0.007318876683712006,0.03999999910593033,
legal parent,L110,student,F,0,33,32,True,True,True,,0.005823728162795305,0.159310981631279,,1.8666666666666667,1.0,1.0,10,20,,d57117f935488f3c2a3ac65ab532d4b9fc93fe8f17bb792884a115def11dca28,ab8ee1784a0ac62feab1823d141acb933682b7e2909d7095d798b713ac1eb911,0.007447803858667612,0.040705520659685135,
legal parent,L110,student,F,0,34,33,True,True,True,,0.005273513030260801,0.20405660569667816,,1.8666666666666667,1.0,1.0,10,20,,d57117f935488f3c2a3ac65ab532d4b9fc93fe8f17bb792884a115def11dca28,ab8ee1784a0ac62feab1823d141acb933682b7e2909d7095d798b713ac1eb911,0.007290448993444443,0.04071320965886116,
legal parent,L110,student,F,0,35,34,True,True,True,,0.00465019466355443,0.17700287699699402,,1.8333333333333333,1.0,1.0,10,20,,d57117f935488f3c2a3ac65ab532d4b9fc93fe8f17bb792884a115def11dca28,ab8ee1784a0ac62feab1823d141acb933682b7e2909d7095d798b713ac1eb911,0.007373889442533255,0.03999999910593033,
legal parent,L110,student,F,0,37,35,True,True,True,,0.005483656190335751,0.15639296174049377,,1.8333333333333333,1.0,1.0,10,20,,d57117f935488f3c2a3ac65ab532d4b9fc93fe8f17bb792884a115def11dca28,ab8ee1784a0ac62feab1823d141acb933682b7e2909d7095d798b713ac1eb911,0.007768537383526564,0.04196243733167648,
legal parent,L110,student,F,0,38,36,True,True,True,,0.004893858917057514,0.17712010443210602,,1.8666666666666667,1.0,1.0,10,20,,d57117f935488f3c2a3ac65ab532d4b9fc93fe8f17bb792884a115def11dca28,ab8ee1784a0ac62feab1823d141acb933682b7e2909d7095d798b713ac1eb911,0.007301931269466877,0.04004843533039093,
legal parent,L110,student,F,0,40,37,True,True,True,,0.00545782083645463,0.1625707745552063,,1.8666666666666667,1.0,1.0,10,20,,d57117f935488f3c2a3ac65ab532d4b9fc93fe8f17bb792884a115def11dca28,ab8ee1784a0ac62feab1823d141acb933682b7e2909d7095d798b713ac1eb911,0.007455564569681883,0.040243472903966904,
legal parent,L110,student,F,0,41,38,True,True,True,,0.0049371132627129555,0.16436134278774261,,1.8666666666666667,1.0,1.0,10,20,,d57117f935488f3c2a3ac65ab532d4b9fc93fe8f17bb792884a115def11dca28,ab8ee1784a0ac62feab1823d141acb933682b7e2909d7095d798b713ac1eb911,0.007681107614189386,0.04065439850091934,
legal parent,L110,student,F,0,42,39,True,True,True,,0.0051856921054422855,0.20368622243404388,,1.8333333333333333,1.0,1.0,10,20,,d57117f935488f3c2a3ac65ab532d4b9fc93fe8f17bb792884a115def11dca28,ab8ee1784a0ac62feab1823d141acb933682b7e2909d7095d798b713ac1eb911,0.007292529568076134,0.040154874324798584,
legal parent,L110,student,F,0,43,40,True,True,True,,0.0052836001850664616,0.17691604793071747,,1.8333333333333333,1.0,1.0,10,20,,d57117f935488f3c2a3ac65ab532d4b9fc93fe8f17bb792884a115def11dca28,ab8ee1784a0ac62feab1823d141acb933682b7e2909d7095d798b713ac1eb911,0.007433533668518066,0.04231782257556915,
legal parent,L110,student,F,0,44,41,True,True,True,,0.005371187813580036,0.16072513163089752,,1.8333333333333333,1.0,1.0,10,20,,d57117f935488f3c2a3ac65ab532d4b9fc93fe8f17bb792884a115def11dca28,ab8ee1784a0ac62feab1823d141acb933682b7e2909d7095d798b713ac1eb911,0.007677702698856592,0.041250742971897125,
legal parent,L110,student,F,0,45,42,True,True,True,,0.004798159934580326,0.18907742202281952,,1.8333333333333333,1.0,1.0,10,20,,d57117f935488f3c2a3ac65ab532d4b9fc93fe8f17bb792884a115def11dca28,ab8ee1784a0ac62feab1823d141acb933682b7e2909d7095d798b713ac1eb911,0.007554285693913698,0.040289923548698425,
legal parent,L110,student,F,0,46,43,True,True,True,,0.004696900490671396,0.16290611028671265,,1.8333333333333333,1.0,1.0,10,20,,d57117f935488f3c2a3ac65ab532d4b9fc93fe8f17bb792884a115def11dca28,ab8ee1784a0ac62feab1823d141acb933682b7e2909d7095d798b713ac1eb911,0.007494994904845953,0.03999999910593033,
legal parent,L110,student,F,0,47,44,True,False,True,body/invalid,0.0058081201277673244,0.27634507417678833,39.766666666666666,1.8333333333333333,1.0,1.0,10,20,,d57117f935488f3c2a3ac65ab532d4b9fc93fe8f17bb792884a115def11dca28,ab8ee1784a0ac62feab1823d141acb933682b7e2909d7095d798b713ac1eb911,0.007658073212951422,0.042756348848342896,
legal parent,L110,student,F,0,48,45,True,True,True,,0.005845935549587011,0.16272222995758057,,1.8666666666666667,1.0,1.0,10,20,,d57117f935488f3c2a3ac65ab532d4b9fc93fe8f17bb792884a115def11dca28,ab8ee1784a0ac62feab1823d141acb933682b7e2909d7095d798b713ac1eb911,0.007664939388632774,0.04005173593759537,
legal parent,L110,student,F,0,49,46,True,True,True,,0.005643169395625591,0.1704016923904419,,1.8333333333333333,1.0,1.0,10,20,,d57117f935488f3c2a3ac65ab532d4b9fc93fe8f17bb792884a115def11dca28,ab8ee1784a0ac62feab1823d141acb933682b7e2909d7095d798b713ac1eb911,0.0073214187286794186,0.03999999910593033,
legal parent,L110,student,F,0,50,47,True,True,True,,0.004924924578517675,0.16352105140686035,,1.8333333333333333,1.0,1.0,10,20,,d57117f935488f3c2a3ac65ab532d4b9fc93fe8f17bb792884a115def11dca28,ab8ee1784a0ac62feab1823d141acb933682b7e2909d7095d798b713ac1eb911,0.007525165099650621,0.04004858806729317,
legal parent,L110,student,F,0,51,48,True,True,True,,0.0055038658902049065,0.17280733585357666,,1.8333333333333333,1.0,1.0,10,20,,d57117f935488f3c2a3ac65ab532d4b9fc93fe8f17bb792884a115def11dca28,ab8ee1784a0ac62feab1823d141acb933682b7e2909d7095d798b713ac1eb911,0.0074517386965453625,0.04034930467605591,
legal parent,L110,student,F,0,52,49,True,True,True,,0.005282751750200987,0.15419724583625793,,1.8333333333333333,1.0,1.0,10,20,,d57117f935488f3c2a3ac65ab532d4b9fc93fe8f17bb792884a115def11dca28,ab8ee1784a0ac62feab1823d141acb933682b7e2909d7095d798b713ac1eb911,0.007571958005428314,0.04029805585741997,
legal parent,L110,student,F,0,53,50,True,True,True,,0.005164210684597492,0.18599537014961243,,1.8333333333333333,1.0,1.0,10,20,,d57117f935488f3c2a3ac65ab532d4b9fc93fe8f17bb792884a115def11dca28,ab8ee1784a0ac62feab1823d141acb933682b7e2909d7095d798b713ac1eb911,0.0072981673292815685,0.03999999910593033,
legal parent,L110,student,F,0,54,51,True,True,True,,0.005367105361074209,0.16136528551578522,,1.8333333333333333,1.0,1.0,10,20,,d57117f935488f3c2a3ac65ab532d4b9fc93fe8f17bb792884a115def11dca28,ab8ee1784a0ac62feab1823d141acb933682b7e2909d7095d798b713ac1eb911,0.0075292871333658695,0.042289603501558304,
legal parent,L110,student,F,0,55,52,True,True,True,,0.004564236383885145,0.16377052664756775,,1.8666666666666667,1.0,1.0,10,20,,d57117f935488f3c2a3ac65ab532d4b9fc93fe8f17bb792884a115def11dca28,ab8ee1784a0ac62feab1823d141acb933682b7e2909d7095d798b713ac1eb911,0.007377037778496742,0.03999999910593033,
legal parent,L110,student,F,0,56,53,True,True,True,,0.004452113527804613,0.1772928684949875,,1.8666666666666667,1.0,1.0,10,20,,d57117f935488f3c2a3ac65ab532d4b9fc93fe8f17bb792884a115def11dca28,ab8ee1784a0ac62feab1823d141acb933682b7e2909d7095d798b713ac1eb911,0.007240114267915487,0.03999999910593033,
legal parent,L110,student,F,0,57,54,True,True,True,,0.004924708046019077,0.18998919427394867,,1.8666666666666667,1.0,1.0,10,20,,d57117f935488f3c2a3ac65ab532d4b9fc93fe8f17bb792884a115def11dca28,ab8ee1784a0ac62feab1823d141acb933682b7e2909d7095d798b713ac1eb911,0.007536610588431358,0.040321920067071915,
legal parent,L110,student,F,0,58,55,True,True,True,,0.005208159796893597,0.17830641567707062,,1.8333333333333333,1.0,1.0,10,20,,d57117f935488f3c2a3ac65ab532d4b9fc93fe8f17bb792884a115def11dca28,ab8ee1784a0ac62feab1823d141acb933682b7e2909d7095d798b713ac1eb911,0.007736892905086279,0.04099038988351822,
legal parent,L110,student,F,0,59,56,True,True,True,,0.005307163577526808,0.1571647673845291,,1.8666666666666667,1.0,1.0,10,20,,d57117f935488f3c2a3ac65ab532d4b9fc93fe8f17bb792884a115def11dca28,ab8ee1784a0ac62feab1823d141acb933682b7e2909d7095d798b713ac1eb911,0.007652195170521736,0.040594879537820816,
legal parent,L110,student,F,0,61,57,True,True,True,,0.004967506043612957,0.18801751732826233,,1.8666666666666667,1.0,1.0,10,20,,d57117f935488f3c2a3ac65ab532d4b9fc93fe8f17bb792884a115def11dca28,ab8ee1784a0ac62feab1823d141acb933682b7e2909d7095d798b713ac1eb911,0.007213420234620571,0.03999999910593033,
legal parent,L110,student,F,0,62,58,True,True,True,,0.005089083686470985,0.15498653054237366,,1.8333333333333333,1.0,1.0,10,20,,d57117f935488f3c2a3ac65ab532d4b9fc93fe8f17bb792884a115def11dca28,ab8ee1784a0ac62feab1823d141acb933682b7e2909d7095d798b713ac1eb911,0.007529363501816988,0.04127024859189987,
legal parent,L110,student,F,0,63,59,True,True,True,,0.004547978285700083,0.21668711304664612,,1.8333333333333333,1.0,1.0,10,20,,d57117f935488f3c2a3ac65ab532d4b9fc93fe8f17bb792884a115def11dca28,ab8ee1784a0ac62feab1823d141acb933682b7e2909d7095d798b713ac1eb911,0.0071418103761971,0.03999999910593033,
legal parent,L110,student,F,0,64,60,True,True,True,,0.005390697158873081,0.16438895463943481,,1.8333333333333333,1.0,1.0,10,20,,d57117f935488f3c2a3ac65ab532d4b9fc93fe8f17bb792884a115def11dca28,ab8ee1784a0ac62feab1823d141acb933682b7e2909d7095d798b713ac1eb911,0.0075501976534724236,0.04047359526157379,
legal parent,L110,student,F,0,65,61,True,True,True,,0.004632443189620972,0.1731749325990677,,1.8333333333333333,1.0,1.0,10,20,,d57117f935488f3c2a3ac65ab532d4b9fc93fe8f17bb792884a115def11dca28,ab8ee1784a0ac62feab1823d141acb933682b7e2909d7095d798b713ac1eb911,0.007239073980599642,0.04090481251478195,
legal parent,L110,student,F,0,66,62,True,True,True,,0.005623121280223131,0.1494523137807846,,1.8333333333333333,1.0,1.0,10,20,,d57117f935488f3c2a3ac65ab532d4b9fc93fe8f17bb792884a115def11dca28,ab8ee1784a0ac62feab1823d141acb933682b7e2909d7095d798b713ac1eb911,0.007540781516581774,0.04019755870103836,
legal parent,L110,student,F,0,67,63,True,True,True,,0.005206632427871227,0.1541416496038437,,1.8333333333333333,1.0,1.0,10,20,,d57117f935488f3c2a3ac65ab532d4b9fc93fe8f17bb792884a115def11dca28,ab8ee1784a0ac62feab1823d141acb933682b7e2909d7095d798b713ac1eb911,0.007649245206266642,0.03999999910593033,
legal parent,L110,student,F,1,192,64,True,False,True,body/invalid,0.005653718486428261,0.2589919865131378,14.366666666666667,1.8333333333333333,1.0,1.0,9,19,,d57117f935488f3c2a3ac65ab532d4b9fc93fe8f17bb792884a115def11dca28,ab8ee1784a0ac62feab1823d141acb933682b7e2909d7095d798b713ac1eb911,0.009278785437345505,0.04138195142149925,
legal parent,L110,student,F,1,193,65,True,True,True,,0.005416425876319408,0.24426743388175964,,1.8666666666666667,1.0,1.0,9,19,,d57117f935488f3c2a3ac65ab532d4b9fc93fe8f17bb792884a115def11dca28,ab8ee1784a0ac62feab1823d141acb933682b7e2909d7095d798b713ac1eb911,0.009883132763206959,0.041908472776412964,
legal parent,L110,student,F,1,194,66,True,True,True,,0.005572577007114887,0.22341321408748627,,1.8333333333333333,1.0,1.0,9,19,,d57117f935488f3c2a3ac65ab532d4b9fc93fe8f17bb792884a115def11dca28,ab8ee1784a0ac62feab1823d141acb933682b7e2909d7095d798b713ac1eb911,0.009726554155349731,0.04252157360315323,
legal parent,L110,student,F,1,195,67,True,True,True,,0.00610601669177413,0.24188748002052307,,1.8333333333333333,1.0,1.0,9,19,,d57117f935488f3c2a3ac65ab532d4b9fc93fe8f17bb792884a115def11dca28,ab8ee1784a0ac62feab1823d141acb933682b7e2909d7095d798b713ac1eb911,0.009820696897804737,0.042865727096796036,
legal parent,L110,student,F,1,196,68,True,False,True,body/invalid,0.006066370755434036,0.25579211115837097,14.433333333333334,1.8333333333333333,1.0,1.0,9,19,,d57117f935488f3c2a3ac65ab532d4b9fc93fe8f17bb792884a115def11dca28,ab8ee1784a0ac62feab1823d141acb933682b7e2909d7095d798b713ac1eb911,0.009684000164270401,0.04245549440383911,
legal parent,L110,student,F,1,197,69,True,False,True,body/invalid,0.005689261481165886,0.25986307859420776,26.8,1.8333333333333333,1.0,1.0,9,19,,d57117f935488f3c2a3ac65ab532d4b9fc93fe8f17bb792884a115def11dca28,ab8ee1784a0ac62feab1823d141acb933682b7e2909d7095d798b713ac1eb911,0.009302936494350433,0.040955252945423126,
legal parent,L110,student,F,1,198,70,True,False,True,body/invalid,0.006192807573825121,0.2554616928100586,6.133333333333334,1.8333333333333333,1.0,1.0,9,19,,d57117f935488f3c2a3ac65ab532d4b9fc93fe8f17bb792884a115def11dca28,ab8ee1784a0ac62feab1823d141acb933682b7e2909d7095d798b713ac1eb911,0.009750369004905224,0.04318983852863312,
legal parent,L110,student,F,1,199,71,True,False,True,body/invalid,0.005876478739082813,0.25101596117019653,39.166666666666664,1.8666666666666667,1.0,1.0,9,19,,d57117f935488f3c2a3ac65ab532d4b9fc93fe8f17bb792884a115def11dca28,ab8ee1784a0ac62feab1823d141acb933682b7e2909d7095d798b713ac1eb911,0.00945205893367529,0.04206990450620651,
legal parent,L110,student,F,1,200,72,True,True,True,,0.006031431257724762,0.24903015792369843,,1.8666666666666667,1.0,1.0,9,19,,d57117f935488f3c2a3ac65ab532d4b9fc93fe8f17bb792884a115def11dca28,ab8ee1784a0ac62feab1823d141acb933682b7e2909d7095d798b713ac1eb911,0.009639168158173561,0.042572882026433945,
legal parent,L110,student,F,1,201,73,True,True,True,,0.006044973153620958,0.2236117720603943,,1.8333333333333333,1.0,1.0,9,19,,d57117f935488f3c2a3ac65ab532d4b9fc93fe8f17bb792884a115def11dca28,ab8ee1784a0ac62feab1823d141acb933682b7e2909d7095d798b713ac1eb911,0.009580987505614758,0.0427682101726532,
legal parent,L110,student,F,1,202,74,True,True,True,,0.005883980542421341,0.21586492657661438,,1.8666666666666667,1.0,1.0,9,19,,d57117f935488f3c2a3ac65ab532d4b9fc93fe8f17bb792884a115def11dca28,ab8ee1784a0ac62feab1823d141acb933682b7e2909d7095d798b713ac1eb911,0.009591910056769848,0.0419151708483696,
legal parent,L110,student,F,1,203,75,True,True,True,,0.006194198504090309,0.24377743899822235,,1.8666666666666667,1.0,1.0,9,19,,d57117f935488f3c2a3ac65ab532d4b9fc93fe8f17bb792884a115def11dca28,ab8ee1784a0ac62feab1823d141acb933682b7e2909d7095d798b713ac1eb911,0.009402474388480186,0.04176323115825653,
legal parent,L110,student,F,1,204,76,True,True,True,,0.005451504606753588,0.2366221398115158,,1.8666666666666667,1.0,1.0,9,19,,d57117f935488f3c2a3ac65ab532d4b9fc93fe8f17bb792884a115def11dca28,ab8ee1784a0ac62feab1823d141acb933682b7e2909d7095d798b713ac1eb911,0.009595069102942944,0.041797935962677,
legal parent,L110,student,F,1,205,77,True,True,True,,0.00551899429410696,0.2440216988325119,,1.8333333333333333,1.0,1.0,9,19,,d57117f935488f3c2a3ac65ab532d4b9fc93fe8f17bb792884a115def11dca28,ab8ee1784a0ac62feab1823d141acb933682b7e2909d7095d798b713ac1eb911,0.00959149282425642,0.042027268558740616,
legal parent,L110,student,F,1,206,78,True,True,True,,0.005659439601004124,0.23524868488311768,,1.8333333333333333,1.0,1.0,9,19,,d57117f935488f3c2a3ac65ab532d4b9fc93fe8f17bb792884a115def11dca28,ab8ee1784a0ac62feab1823d141acb933682b7e2909d7095d798b713ac1eb911,0.009619557298719883,0.0417042039334774,
legal parent,L110,student,F,1,207,79,True,True,True,,0.005561047699302435,0.23516622185707092,,1.8666666666666667,1.0,1.0,9,19,,d57117f935488f3c2a3ac65ab532d4b9fc93fe8f17bb792884a115def11dca28,ab8ee1784a0ac62feab1823d141acb933682b7e2909d7095d798b713ac1eb911,0.00959623884409666,0.04227709397673607,
legal parent,L110,student,F,1,209,80,True,True,True,,0.005019216798245907,0.2231949418783188,,1.8333333333333333,1.0,1.0,9,19,,d57117f935488f3c2a3ac65ab532d4b9fc93fe8f17bb792884a115def11dca28,ab8ee1784a0ac62feab1823d141acb933682b7e2909d7095d798b713ac1eb911,0.009472835808992386,0.042074304074048996,
legal parent,L110,student,F,1,210,81,True,True,True,,0.005077344365417957,0.2322355955839157,,1.8333333333333333,1.0,1.0,9,19,,d57117f935488f3c2a3ac65ab532d4b9fc93fe8f17bb792884a115def11dca28,ab8ee1784a0ac62feab1823d141acb933682b7e2909d7095d798b713ac1eb911,0.009547616355121136,0.04217018932104111,
legal parent,L110,student,F,1,211,82,True,True,True,,0.005665918812155724,0.2460733950138092,,1.8666666666666667,1.0,1.0,9,19,,d57117f935488f3c2a3ac65ab532d4b9fc93fe8f17bb792884a115def11dca28,ab8ee1784a0ac62feab1823d141acb933682b7e2909d7095d798b713ac1eb911,0.009474774822592735,0.04275942221283913,
legal parent,L110,student,F,1,212,83,True,True,True,,0.005773088429123163,0.23251767456531525,,1.8333333333333333,1.0,1.0,9,19,,d57117f935488f3c2a3ac65ab532d4b9fc93fe8f17bb792884a115def11dca28,ab8ee1784a0ac62feab1823d141acb933682b7e2909d7095d798b713ac1eb911,0.009784494526684284,0.04199257865548134,
legal parent,L110,student,F,1,213,84,True,True,True,,0.005713856779038906,0.2432524859905243,,1.8333333333333333,1.0,1.0,9,19,,d57117f935488f3c2a3ac65ab532d4b9fc93fe8f17bb792884a115def11dca28,ab8ee1784a0ac62feab1823d141acb933682b7e2909d7095d798b713ac1eb911,0.009299750439822674,0.04152190312743187,
legal parent,L110,student,F,1,214,85,True,True,True,,0.0055735972709953785,0.23207031190395355,,1.8666666666666667,1.0,1.0,9,19,,d57117f935488f3c2a3ac65ab532d4b9fc93fe8f17bb792884a115def11dca28,ab8ee1784a0ac62feab1823d141acb933682b7e2909d7095d798b713ac1eb911,0.009732409380376339,0.04218930006027222,
legal parent,L110,student,F,1,215,86,True,True,True,,0.006039052736014128,0.2356610745191574,,1.8666666666666667,1.0,1.0,9,19,,d57117f935488f3c2a3ac65ab532d4b9fc93fe8f17bb792884a115def11dca28,ab8ee1784a0ac62feab1823d141acb933682b7e2909d7095d798b713ac1eb911,0.009393233805894852,0.04117000475525856,
legal parent,L110,student,F,1,216,87,True,False,True,body/invalid,0.006954168900847435,0.35614854097366333,0.9333333333333333,1.8333333333333333,1.0,1.0,9,19,,d57117f935488f3c2a3ac65ab532d4b9fc93fe8f17bb792884a115def11dca28,ab8ee1784a0ac62feab1823d141acb933682b7e2909d7095d798b713ac1eb911,0.010032671503722668,0.045551106333732605,
legal parent,L110,student,F,1,217,88,True,False,True,body/invalid,0.006275161635130644,0.25185272097587585,22.733333333333334,1.8333333333333333,1.0,1.0,9,19,,d57117f935488f3c2a3ac65ab532d4b9fc93fe8f17bb792884a115def11dca28,ab8ee1784a0ac62feab1823d141acb933682b7e2909d7095d798b713ac1eb911,0.009499667212367058,0.04197714850306511,
legal parent,L110,student,F,1,218,89,True,False,True,body/invalid,0.006039975211024284,0.2524716556072235,9.7,1.8333333333333333,1.0,1.0,9,19,,d57117f935488f3c2a3ac65ab532d4b9fc93fe8f17bb792884a115def11dca28,ab8ee1784a0ac62feab1823d141acb933682b7e2909d7095d798b713ac1eb911,0.009589999914169312,0.04247916862368584,
legal parent,L110,student,F,1,219,90,True,False,True,body/invalid,0.00590143445879221,0.25134339928627014,21.366666666666667,1.8666666666666667,1.0,1.0,9,19,,d57117f935488f3c2a3ac65ab532d4b9fc93fe8f17bb792884a115def11dca28,ab8ee1784a0ac62feab1823d141acb933682b7e2909d7095d798b713ac1eb911,0.009593065828084946,0.042014703154563904,
legal parent,L110,student,F,1,220,91,True,True,True,,0.005885584279894829,0.22432541847229004,,1.8333333333333333,1.0,1.0,9,19,,d57117f935488f3c2a3ac65ab532d4b9fc93fe8f17bb792884a115def11dca28,ab8ee1784a0ac62feab1823d141acb933682b7e2909d7095d798b713ac1eb911,0.009940415620803833,0.04353705048561096,
legal parent,L110,student,F,1,221,92,True,False,True,body/invalid,0.005842803046107292,0.2609979212284088,14.5,1.8333333333333333,1.0,1.0,9,19,,d57117f935488f3c2a3ac65ab532d4b9fc93fe8f17bb792884a115def11dca28,ab8ee1784a0ac62feab1823d141acb933682b7e2909d7095d798b713ac1eb911,0.009319395758211613,0.041419900953769684,
legal parent,L110,student,F,1,222,93,True,True,True,,0.005928135477006435,0.24895046651363373,,1.8666666666666667,1.0,1.0,9,19,,d57117f935488f3c2a3ac65ab532d4b9fc93fe8f17bb792884a115def11dca28,ab8ee1784a0ac62feab1823d141acb933682b7e2909d7095d798b713ac1eb911,0.009431390091776848,0.04149070382118225,
legal parent,L110,student,F,1,223,94,True,True,True,,0.005464988294988871,0.23979394137859344,,1.8666666666666667,1.0,1.0,9,19,,d57117f935488f3c2a3ac65ab532d4b9fc93fe8f17bb792884a115def11dca28,ab8ee1784a0ac62feab1823d141acb933682b7e2909d7095d798b713ac1eb911,0.009565446525812149,0.04190463945269585,
legal parent,L110,student,F,1,224,95,True,False,True,body/invalid,0.005571611691266298,0.256305992603302,14.466666666666667,1.8333333333333333,1.0,1.0,9,19,,d57117f935488f3c2a3ac65ab532d4b9fc93fe8f17bb792884a115def11dca28,ab8ee1784a0ac62feab1823d141acb933682b7e2909d7095d798b713ac1eb911,0.009406658820807934,0.04166875034570694,
legal parent,L110,student,F,1,225,96,True,False,True,body/invalid,0.0069163087755441666,0.2714197337627411,34.93333333333333,1.8666666666666667,1.0,1.0,9,19,,d57117f935488f3c2a3ac65ab532d4b9fc93fe8f17bb792884a115def11dca28,ab8ee1784a0ac62feab1823d141acb933682b7e2909d7095d798b713ac1eb911,0.009848308749496937,0.045438364148139954,
legal parent,L110,student,F,1,226,97,True,False,True,body/invalid,0.005894399713724852,0.253004252910614,18.033333333333335,1.8333333333333333,1.0,1.0,9,19,,d57117f935488f3c2a3ac65ab532d4b9fc93fe8f17bb792884a115def11dca28,ab8ee1784a0ac62feab1823d141acb933682b7e2909d7095d798b713ac1eb911,0.009194147773087025,0.04130351543426514,
legal parent,L110,student,F,1,227,98,True,False,True,body/invalid,0.005863105412572622,0.26742860674858093,10.533333333333333,1.8333333333333333,1.0,1.0,9,19,,d57117f935488f3c2a3ac65ab532d4b9fc93fe8f17bb792884a115def11dca28,ab8ee1784a0ac62feab1823d141acb933682b7e2909d7095d798b713ac1eb911,0.00911942683160305,0.04140647128224373,
legal parent,L110,student,F,1,228,99,True,False,True,body/invalid,0.005963532719761133,0.2521861791610718,22.7,1.8333333333333333,1.0,1.0,9,19,,d57117f935488f3c2a3ac65ab532d4b9fc93fe8f17bb792884a115def11dca28,ab8ee1784a0ac62feab1823d141acb933682b7e2909d7095d798b713ac1eb911,0.009352891705930233,0.04119247570633888,
legal parent,L110,student,F,1,229,100,True,False,True,body/invalid,0.005582273937761784,0.25839051604270935,29.633333333333333,1.8333333333333333,1.0,1.0,9,19,,d57117f935488f3c2a3ac65ab532d4b9fc93fe8f17bb792884a115def11dca28,ab8ee1784a0ac62feab1823d141acb933682b7e2909d7095d798b713ac1eb911,0.008966897614300251,0.04136611521244049,
legal parent,L110,student,F,1,230,101,True,False,True,body/invalid,0.007063539698719978,0.2694990634918213,26.833333333333332,1.8666666666666667,1.0,1.0,9,19,,d57117f935488f3c2a3ac65ab532d4b9fc93fe8f17bb792884a115def11dca28,ab8ee1784a0ac62feab1823d141acb933682b7e2909d7095d798b713ac1eb911,0.010001708753407001,0.044198114424943924,
legal parent,L110,student,F,1,231,102,True,False,True,body/invalid,0.0057587879709899426,0.2531348466873169,6.133333333333334,1.8666666666666667,1.0,1.0,9,19,,d57117f935488f3c2a3ac65ab532d4b9fc93fe8f17bb792884a115def11dca28,ab8ee1784a0ac62feab1823d141acb933682b7e2909d7095d798b713ac1eb911,0.009953978471457958,0.04248461872339249,
legal parent,L110,student,F,1,232,103,True,False,True,body/invalid,0.006700648460537195,0.26313742995262146,35.36666666666667,1.8333333333333333,1.0,1.0,9,19,,d57117f935488f3c2a3ac65ab532d4b9fc93fe8f17bb792884a115def11dca28,ab8ee1784a0ac62feab1823d141acb933682b7e2909d7095d798b713ac1eb911,0.00913537759333849,0.04122818633913994,
legal parent,L110,student,F,1,233,104,True,False,True,body/invalid,0.005978771951049566,0.27025529742240906,22.9,1.8666666666666667,1.0,1.0,9,19,,d57117f935488f3c2a3ac65ab532d4b9fc93fe8f17bb792884a115def11dca28,ab8ee1784a0ac62feab1823d141acb933682b7e2909d7095d798b713ac1eb911,0.009015130810439587,0.04107113182544708,
legal parent,L110,student,F,1,234,105,True,False,True,body/invalid,0.005615552421659231,0.2553793787956238,22.7,1.8666666666666667,1.0,1.0,9,19,,d57117f935488f3c2a3ac65ab532d4b9fc93fe8f17bb792884a115def11dca28,ab8ee1784a0ac62feab1823d141acb933682b7e2909d7095d798b713ac1eb911,0.009499020874500275,0.0415530800819397,
legal parent,L110,student,F,1,235,106,True,False,True,body/invalid,0.005759216379374266,0.25794076919555664,14.5,1.8333333333333333,1.0,1.0,9,19,,d57117f935488f3c2a3ac65ab532d4b9fc93fe8f17bb792884a115def11dca28,ab8ee1784a0ac62feab1823d141acb933682b7e2909d7095d798b713ac1eb911,0.009530195035040379,0.04153373837471008,
legal parent,L110,student,F,1,236,107,True,False,True,body/invalid,0.006185950245708227,0.2640201449394226,14.433333333333334,1.8666666666666667,1.0,1.0,9,19,,d57117f935488f3c2a3ac65ab532d4b9fc93fe8f17bb792884a115def11dca28,ab8ee1784a0ac62feab1823d141acb933682b7e2909d7095d798b713ac1eb911,0.009158080443739891,0.04158546403050423,
legal parent,L110,student,F,1,237,108,True,True,True,,0.0057638175785541534,0.24173156917095184,,1.8666666666666667,1.0,1.0,9,19,,d57117f935488f3c2a3ac65ab532d4b9fc93fe8f17bb792884a115def11dca28,ab8ee1784a0ac62feab1823d141acb933682b7e2909d7095d798b713ac1eb911,0.009841940365731716,0.04240086302161217,
legal parent,L110,student,F,1,238,109,True,True,True,,0.006065439898520708,0.24328650534152985,,1.8666666666666667,1.0,1.0,9,19,,d57117f935488f3c2a3ac65ab532d4b9fc93fe8f17bb792884a115def11dca28,ab8ee1784a0ac62feab1823d141acb933682b7e2909d7095d798b713ac1eb911,0.009327312931418419,0.04193166270852089,
legal parent,L110,student,F,1,239,110,True,True,True,,0.006069375202059746,0.24236761033535004,,1.8666666666666667,1.0,1.0,9,19,,d57117f935488f3c2a3ac65ab532d4b9fc93fe8f17bb792884a115def11dca28,ab8ee1784a0ac62feab1823d141acb933682b7e2909d7095d798b713ac1eb911,0.00968021061271429,0.04228529334068298,
legal parent,L110,student,F,1,240,111,True,False,True,body/invalid,0.005991203244775534,0.25990790128707886,26.7,1.8666666666666667,1.0,1.0,9,19,,d57117f935488f3c2a3ac65ab532d4b9fc93fe8f17bb792884a115def11dca28,ab8ee1784a0ac62feab1823d141acb933682b7e2909d7095d798b713ac1eb911,0.009413201361894608,0.04175775498151779,
legal parent,L110,student,F,1,241,112,True,False,True,body/invalid,0.006250592879951,0.26448169350624084,6.166666666666667,1.8333333333333333,1.0,1.0,9,19,,d57117f935488f3c2a3ac65ab532d4b9fc93fe8f17bb792884a115def11dca28,ab8ee1784a0ac62feab1823d141acb933682b7e2909d7095d798b713ac1eb911,0.009483334608376026,0.04289114102721214,
legal parent,L110,student,F,1,242,113,True,False,True,body/invalid,0.006152037531137466,0.25069403648376465,39.333333333333336,1.8333333333333333,1.0,1.0,9,19,,d57117f935488f3c2a3ac65ab532d4b9fc93fe8f17bb792884a115def11dca28,ab8ee1784a0ac62feab1823d141acb933682b7e2909d7095d798b713ac1eb911,0.009783762507140636,0.04361824691295624,
legal parent,L110,student,F,1,243,114,True,False,True,body/invalid,0.005947964731603861,0.26395517587661743,18.6,1.8666666666666667,1.0,1.0,9,19,,d57117f935488f3c2a3ac65ab532d4b9fc93fe8f17bb792884a115def11dca28,ab8ee1784a0ac62feab1823d141acb933682b7e2909d7095d798b713ac1eb911,0.009442887268960476,0.04170001670718193,
legal parent,L110,student,F,1,244,115,True,False,True,body/invalid,0.005483213346451521,0.25592130422592163,14.533333333333333,1.8333333333333333,1.0,1.0,9,19,,d57117f935488f3c2a3ac65ab532d4b9fc93fe8f17bb792884a115def11dca28,ab8ee1784a0ac62feab1823d141acb933682b7e2909d7095d798b713ac1eb911,0.009923052974045277,0.04247698932886124,
legal parent,L110,student,F,1,245,116,True,True,True,,0.006140995305031538,0.24470753967761993,,1.8333333333333333,1.0,1.0,9,19,,d57117f935488f3c2a3ac65ab532d4b9fc93fe8f17bb792884a115def11dca28,ab8ee1784a0ac62feab1823d141acb933682b7e2909d7095d798b713ac1eb911,0.0095672020688653,0.04170409217476845,
legal parent,L110,student,F,1,246,117,True,True,True,,0.005694684572517872,0.24787701666355133,,1.8333333333333333,1.0,1.0,9,19,,d57117f935488f3c2a3ac65ab532d4b9fc93fe8f17bb792884a115def11dca28,ab8ee1784a0ac62feab1823d141acb933682b7e2909d7095d798b713ac1eb911,0.009288711473345757,0.04180346429347992,
legal parent,L110,student,F,1,247,118,True,True,True,,0.005854124203324318,0.2353828400373459,,1.8666666666666667,1.0,1.0,9,19,,d57117f935488f3c2a3ac65ab532d4b9fc93fe8f17bb792884a115def11dca28,ab8ee1784a0ac62feab1823d141acb933682b7e2909d7095d798b713ac1eb911,0.009898514486849308,0.042230233550071716,
legal parent,L110,student,F,1,248,119,True,True,True,,0.005713846068829298,0.23099356889724731,,1.8333333333333333,1.0,1.0,9,19,,d57117f935488f3c2a3ac65ab532d4b9fc93fe8f17bb792884a115def11dca28,ab8ee1784a0ac62feab1823d141acb933682b7e2909d7095d798b713ac1eb911,0.009615137241780758,0.042224202305078506,
legal parent,L110,student,F,1,249,120,True,False,True,body/invalid,0.00529181445017457,0.2530200481414795,35.3,1.8333333333333333,1.0,1.0,9,19,,d57117f935488f3c2a3ac65ab532d4b9fc93fe8f17bb792884a115def11dca28,ab8ee1784a0ac62feab1823d141acb933682b7e2909d7095d798b713ac1eb911,0.009545785374939442,0.04153510555624962,
legal parent,L110,student,F,1,250,121,True,False,True,body/invalid,0.005897777155041695,0.2586381435394287,4.6,1.8333333333333333,1.0,1.0,9,19,,d57117f935488f3c2a3ac65ab532d4b9fc93fe8f17bb792884a115def11dca28,ab8ee1784a0ac62feab1823d141acb933682b7e2909d7095d798b713ac1eb911,0.009211946278810501,0.041679497808218,
legal parent,L110,student,F,1,251,122,True,True,True,,0.006192127708345652,0.2113182693719864,,1.8666666666666667,1.0,1.0,9,19,,d57117f935488f3c2a3ac65ab532d4b9fc93fe8f17bb792884a115def11dca28,ab8ee1784a0ac62feab1823d141acb933682b7e2909d7095d798b713ac1eb911,0.009546900168061256,0.04184630513191223,
legal parent,L110,student,F,1,252,123,True,True,True,,0.0071466597728431225,0.23985548317432404,,1.8666666666666667,1.0,1.0,9,19,,d57117f935488f3c2a3ac65ab532d4b9fc93fe8f17bb792884a115def11dca28,ab8ee1784a0ac62feab1823d141acb933682b7e2909d7095d798b713ac1eb911,0.00981092918664217,0.0458943247795105,
legal parent,L110,student,F,1,253,124,True,True,True,,0.006106960587203503,0.23377183079719543,,1.8666666666666667,1.0,1.0,9,19,,d57117f935488f3c2a3ac65ab532d4b9fc93fe8f17bb792884a115def11dca28,ab8ee1784a0ac62feab1823d141acb933682b7e2909d7095d798b713ac1eb911,0.00958465225994587,0.0419577993452549,
legal parent,L110,student,F,1,254,125,True,False,True,body/invalid,0.006148100830614567,0.25024205446243286,14.466666666666667,1.8333333333333333,1.0,1.0,9,19,,d57117f935488f3c2a3ac65ab532d4b9fc93fe8f17bb792884a115def11dca28,ab8ee1784a0ac62feab1823d141acb933682b7e2909d7095d798b713ac1eb911,0.009607726708054543,0.04242120310664177,
legal parent,L110,student,F,1,255,126,True,True,True,,0.005686976481229067,0.23703306913375854,,1.8666666666666667,1.0,1.0,9,19,,d57117f935488f3c2a3ac65ab532d4b9fc93fe8f17bb792884a115def11dca28,ab8ee1784a0ac62feab1823d141acb933682b7e2909d7095d798b713ac1eb911,0.009887550957500935,0.042835578322410583,
legal parent,L110,student,F,1,256,127,True,True,True,,0.00555198872461915,0.24916061758995056,,1.8333333333333333,1.0,1.0,9,19,,d57117f935488f3c2a3ac65ab532d4b9fc93fe8f17bb792884a115def11dca28,ab8ee1784a0ac62feab1823d141acb933682b7e2909d7095d798b713ac1eb911,0.009730302728712559,0.041891857981681824,
legal parent,L110,student,F,2,384,128,True,True,True,,0.00460442528128624,0.15625816583633423,,2.066666666666667,1.0,1.0,9,19,,d57117f935488f3c2a3ac65ab532d4b9fc93fe8f17bb792884a115def11dca28,ab8ee1784a0ac62feab1823d141acb933682b7e2909d7095d798b713ac1eb911,0.009736436419188976,0.04340093582868576,
legal parent,L110,student,F,2,385,129,True,True,True,,0.004259788431227207,0.1489885449409485,,2.066666666666667,1.0,1.0,9,19,,d57117f935488f3c2a3ac65ab532d4b9fc93fe8f17bb792884a115def11dca28,ab8ee1784a0ac62feab1823d141acb933682b7e2909d7095d798b713ac1eb911,0.009507037699222565,0.04195934906601906,
legal parent,L110,student,F,2,386,130,True,True,True,,0.004168466664850712,0.13009893894195557,,2.1,1.0,1.0,9,19,,d57117f935488f3c2a3ac65ab532d4b9fc93fe8f17bb792884a115def11dca28,ab8ee1784a0ac62feab1823d141acb933682b7e2909d7095d798b713ac1eb911,0.009732283651828766,0.04150194674730301,
legal parent,L110,student,F,2,387,131,True,True,True,,0.004031636752188206,0.14200033247470856,,2.066666666666667,1.0,1.0,9,19,,d57117f935488f3c2a3ac65ab532d4b9fc93fe8f17bb792884a115def11dca28,ab8ee1784a0ac62feab1823d141acb933682b7e2909d7095d798b713ac1eb911,0.00965991523116827,0.042169760912656784,
legal parent,L110,student,F,2,388,132,True,True,True,,0.0035678576678037643,0.12245558202266693,,2.1,1.0,1.0,9,19,,d57117f935488f3c2a3ac65ab532d4b9fc93fe8f17bb792884a115def11dca28,ab8ee1784a0ac62feab1823d141acb933682b7e2909d7095d798b713ac1eb911,0.009483818896114826,0.040603503584861755,
legal parent,L110,student,F,2,389,133,True,True,True,,0.004353312775492668,0.15106193721294403,,2.1,1.0,1.0,9,19,,d57117f935488f3c2a3ac65ab532d4b9fc93fe8f17bb792884a115def11dca28,ab8ee1784a0ac62feab1823d141acb933682b7e2909d7095d798b713ac1eb911,0.009814753197133541,0.04248906299471855,
legal parent,L110,student,F,2,390,134,True,True,True,,0.003885723650455475,0.13133618235588074,,2.066666666666667,1.0,1.0,9,19,,d57117f935488f3c2a3ac65ab532d4b9fc93fe8f17bb792884a115def11dca28,ab8ee1784a0ac62feab1823d141acb933682b7e2909d7095d798b713ac1eb911,0.009018473327159882,0.040858104825019836,
legal parent,L110,student,F,2,391,135,True,True,True,,0.004162753466516733,0.14188505709171295,,2.1,1.0,1.0,9,19,,d57117f935488f3c2a3ac65ab532d4b9fc93fe8f17bb792884a115def11dca28,ab8ee1784a0ac62feab1823d141acb933682b7e2909d7095d798b713ac1eb911,0.009495162405073643,0.041157156229019165,
legal parent,L110,student,F,2,392,136,True,True,True,,0.004233579616993666,0.1431105136871338,,2.1,1.0,1.0,9,19,,d57117f935488f3c2a3ac65ab532d4b9fc93fe8f17bb792884a115def11dca28,ab8ee1784a0ac62feab1823d141acb933682b7e2909d7095d798b713ac1eb911,0.009557857178151608,0.0419592410326004,
legal parent,L110,student,F,2,393,137,True,True,True,,0.004533317405730486,0.13538408279418945,,2.066666666666667,1.0,1.0,9,19,,d57117f935488f3c2a3ac65ab532d4b9fc93fe8f17bb792884a115def11dca28,ab8ee1784a0ac62feab1823d141acb933682b7e2909d7095d798b713ac1eb911,0.009228004142642021,0.04115050658583641,
legal parent,L110,student,F,2,394,138,True,True,True,,0.004449908155947924,0.14274342358112335,,2.066666666666667,1.0,1.0,9,19,,d57117f935488f3c2a3ac65ab532d4b9fc93fe8f17bb792884a115def11dca28,ab8ee1784a0ac62feab1823d141acb933682b7e2909d7095d798b713ac1eb911,0.009297451935708523,0.040928080677986145,
legal parent,L110,student,F,2,395,139,True,True,True,,0.00419232714921236,0.13047170639038086,,2.1,1.0,1.0,9,19,,d57117f935488f3c2a3ac65ab532d4b9fc93fe8f17bb792884a115def11dca28,ab8ee1784a0ac62feab1823d141acb933682b7e2909d7095d798b713ac1eb911,0.009316983632743359,0.04084588587284088,
legal parent,L110,student,F,2,396,140,True,True,True,,0.0035813595168292522,0.11795744299888611,,2.1,1.0,1.0,9,19,,d57117f935488f3c2a3ac65ab532d4b9fc93fe8f17bb792884a115def11dca28,ab8ee1784a0ac62feab1823d141acb933682b7e2909d7095d798b713ac1eb911,0.009726912714540958,0.04219392314553261,
legal parent,L110,student,F,2,397,141,True,True,True,,0.0034127768594771624,0.12589821219444275,,2.066666666666667,1.0,1.0,9,19,,d57117f935488f3c2a3ac65ab532d4b9fc93fe8f17bb792884a115def11dca28,ab8ee1784a0ac62feab1823d141acb933682b7e2909d7095d798b713ac1eb911,0.009344363585114479,0.04226032271981239,
legal parent,L110,student,F,2,398,142,True,True,True,,0.004214848391711712,0.11730998754501343,,2.066666666666667,1.0,1.0,9,19,,d57117f935488f3c2a3ac65ab532d4b9fc93fe8f17bb792884a115def11dca28,ab8ee1784a0ac62feab1823d141acb933682b7e2909d7095d798b713ac1eb911,0.009660984389483929,0.04228804633021355,
legal parent,L110,student,F,2,399,143,True,False,True,body/invalid,0.009193569421768188,0.25866422057151794,39.9,2.1,1.0,1.0,9,19,,d57117f935488f3c2a3ac65ab532d4b9fc93fe8f17bb792884a115def11dca28,ab8ee1784a0ac62feab1823d141acb933682b7e2909d7095d798b713ac1eb911,0.009861202910542488,0.04433082416653633,
legal parent,L110,student,F,2,400,144,True,True,True,,0.004437466152012348,0.14089791476726532,,2.066666666666667,1.0,1.0,9,19,,d57117f935488f3c2a3ac65ab532d4b9fc93fe8f17bb792884a115def11dca28,ab8ee1784a0ac62feab1823d141acb933682b7e2909d7095d798b713ac1eb911,0.008920093066990376,0.04064100235700607,
legal parent,L110,student,F,2,401,145,True,True,True,,0.004297757986932993,0.1349712312221527,,2.1,1.0,1.0,9,19,,d57117f935488f3c2a3ac65ab532d4b9fc93fe8f17bb792884a115def11dca28,ab8ee1784a0ac62feab1823d141acb933682b7e2909d7095d798b713ac1eb911,0.009140013717114925,0.04118574038147926,
legal parent,L110,student,F,2,402,146,True,True,True,,0.0039970409125089645,0.13380149006843567,,2.1,1.0,1.0,9,19,,d57117f935488f3c2a3ac65ab532d4b9fc93fe8f17bb792884a115def11dca28,ab8ee1784a0ac62feab1823d141acb933682b7e2909d7095d798b713ac1eb911,0.009653792716562748,0.04198899120092392,
legal parent,L110,student,F,2,403,147,True,True,True,,0.004107494838535786,0.15956459939479828,,2.066666666666667,1.0,1.0,9,19,,d57117f935488f3c2a3ac65ab532d4b9fc93fe8f17bb792884a115def11dca28,ab8ee1784a0ac62feab1823d141acb933682b7e2909d7095d798b713ac1eb911,0.009221970103681087,0.04217264801263809,
legal parent,L110,student,F,2,404,148,True,True,True,,0.0036284613888710737,0.1325037181377411,,2.066666666666667,1.0,1.0,9,19,,d57117f935488f3c2a3ac65ab532d4b9fc93fe8f17bb792884a115def11dca28,ab8ee1784a0ac62feab1823d141acb933682b7e2909d7095d798b713ac1eb911,0.009469833225011826,0.041304562240839005,
legal parent,L110,student,F,2,405,149,True,True,True,,0.003724353387951851,0.15463969111442566,,2.066666666666667,1.0,1.0,9,19,,d57117f935488f3c2a3ac65ab532d4b9fc93fe8f17bb792884a115def11dca28,ab8ee1784a0ac62feab1823d141acb933682b7e2909d7095d798b713ac1eb911,0.008645450696349144,0.04276486486196518,
legal parent,L110,student,F,2,406,150,True,True,True,,0.004717965144664049,0.13314075767993927,,2.066666666666667,1.0,1.0,9,19,,d57117f935488f3c2a3ac65ab532d4b9fc93fe8f17bb792884a115def11dca28,ab8ee1784a0ac62feab1823d141acb933682b7e2909d7095d798b713ac1eb911,0.008809580467641354,0.041696697473526,
legal parent,L110,student,F,2,407,151,True,True,True,,0.003883686615154147,0.13085299730300903,,2.1,1.0,1.0,9,19,,d57117f935488f3c2a3ac65ab532d4b9fc93fe8f17bb792884a115def11dca28,ab8ee1784a0ac62feab1823d141acb933682b7e2909d7095d798b713ac1eb911,0.009565180167555809,0.04088049381971359,
legal parent,L110,student,F,2,408,152,True,True,True,,0.0041497619822621346,0.14497147500514984,,2.066666666666667,1.0,1.0,9,19,,d57117f935488f3c2a3ac65ab532d4b9fc93fe8f17bb792884a115def11dca28,ab8ee1784a0ac62feab1823d141acb933682b7e2909d7095d798b713ac1eb911,0.009309940971434116,0.04220244288444519,
legal parent,L110,student,F,2,409,153,True,True,True,,0.003913448192179203,0.1235908567905426,,2.1,1.0,1.0,9,19,,d57117f935488f3c2a3ac65ab532d4b9fc93fe8f17bb792884a115def11dca28,ab8ee1784a0ac62feab1823d141acb933682b7e2909d7095d798b713ac1eb911,0.009635371156036854,0.04168102517724037,
legal parent,L110,student,F,2,410,154,True,True,True,,0.004073454067111015,0.15765075385570526,,2.1,1.0,1.0,9,19,,d57117f935488f3c2a3ac65ab532d4b9fc93fe8f17bb792884a115def11dca28,ab8ee1784a0ac62feab1823d141acb933682b7e2909d7095d798b713ac1eb911,0.009562124498188496,0.0429004542529583,
legal parent,L110,student,F,2,411,155,True,True,True,,0.004556376487016678,0.1414736807346344,,2.1,1.0,1.0,9,19,,d57117f935488f3c2a3ac65ab532d4b9fc93fe8f17bb792884a115def11dca28,ab8ee1784a0ac62feab1823d141acb933682b7e2909d7095d798b713ac1eb911,0.009832382202148438,0.04361685737967491,
legal parent,L110,student,F,2,412,156,True,True,True,,0.00430684769526124,0.13259312510490417,,2.066666666666667,1.0,1.0,9,19,,d57117f935488f3c2a3ac65ab532d4b9fc93fe8f17bb792884a115def11dca28,ab8ee1784a0ac62feab1823d141acb933682b7e2909d7095d798b713ac1eb911,0.00924573466181755,0.040142230689525604,
legal parent,L110,student,F,2,413,157,True,True,True,,0.00395054230466485,0.1369074583053589,,2.066666666666667,1.0,1.0,9,19,,d57117f935488f3c2a3ac65ab532d4b9fc93fe8f17bb792884a115def11dca28,ab8ee1784a0ac62feab1823d141acb933682b7e2909d7095d798b713ac1eb911,0.008983569219708443,0.0410635806620121,
legal parent,L110,student,F,2,414,158,True,True,True,,0.003902596887201071,0.13712331652641296,,2.1,1.0,1.0,9,19,,d57117f935488f3c2a3ac65ab532d4b9fc93fe8f17bb792884a115def11dca28,ab8ee1784a0ac62feab1823d141acb933682b7e2909d7095d798b713ac1eb911,0.009555310942232609,0.0406426377594471,
legal parent,L110,student,F,2,415,159,True,True,True,,0.004248123150318861,0.15730105340480804,,2.033333333333333,1.0,1.0,10,20,,d57117f935488f3c2a3ac65ab532d4b9fc93fe8f17bb792884a115def11dca28,ab8ee1784a0ac62feab1823d141acb933682b7e2909d7095d798b713ac1eb911,0.008791311644017696,0.044935192912817,
legal parent,L110,student,F,2,416,160,True,True,True,,0.0046059200540184975,0.1636962592601776,,2.033333333333333,1.0,1.0,9,19,,d57117f935488f3c2a3ac65ab532d4b9fc93fe8f17bb792884a115def11dca28,ab8ee1784a0ac62feab1823d141acb933682b7e2909d7095d798b713ac1eb911,0.009075053967535496,0.04383920133113861,
legal parent,L110,student,F,2,417,161,True,True,True,,0.0038866617251187563,0.12441115826368332,,2.066666666666667,1.0,1.0,9,19,,d57117f935488f3c2a3ac65ab532d4b9fc93fe8f17bb792884a115def11dca28,ab8ee1784a0ac62feab1823d141acb933682b7e2909d7095d798b713ac1eb911,0.009474551305174828,0.041723959147930145,
legal parent,L110,student,F,2,419,162,True,True,True,,0.004127653781324625,0.18857933580875397,,2.066666666666667,1.0,1.0,9,19,,d57117f935488f3c2a3ac65ab532d4b9fc93fe8f17bb792884a115def11dca28,ab8ee1784a0ac62feab1823d141acb933682b7e2909d7095d798b713ac1eb911,0.00965909380465746,0.04273173585534096,
legal parent,L110,student,F,2,420,163,True,True,True,,0.004636898171156645,0.1692986786365509,,2.033333333333333,1.0,1.0,9,19,,d57117f935488f3c2a3ac65ab532d4b9fc93fe8f17bb792884a115def11dca28,ab8ee1784a0ac62feab1823d141acb933682b7e2909d7095d798b713ac1eb911,0.008638492785394192,0.04325820505619049,
legal parent,L110,student,F,2,421,164,True,True,True,,0.004281369037926197,0.14936043322086334,,2.1,1.0,1.0,9,19,,d57117f935488f3c2a3ac65ab532d4b9fc93fe8f17bb792884a115def11dca28,ab8ee1784a0ac62feab1823d141acb933682b7e2909d7095d798b713ac1eb911,0.009916611947119236,0.045690346509218216,
legal parent,L110,student,F,2,422,165,True,True,True,,0.004160407930612564,0.17336903512477875,,2.033333333333333,1.0,1.0,10,20,,d57117f935488f3c2a3ac65ab532d4b9fc93fe8f17bb792884a115def11dca28,ab8ee1784a0ac62feab1823d141acb933682b7e2909d7095d798b713ac1eb911,0.008900802582502365,0.044090304523706436,
legal parent,L110,student,F,2,423,166,True,True,True,,0.004309718031436205,0.14364995062351227,,2.066666666666667,1.0,1.0,9,19,,d57117f935488f3c2a3ac65ab532d4b9fc93fe8f17bb792884a115def11dca28,ab8ee1784a0ac62feab1823d141acb933682b7e2909d7095d798b713ac1eb911,0.009354989975690842,0.04290250316262245,
legal parent,L110,student,F,2,425,167,True,True,True,,0.004166284576058388,0.14970290660858154,,2.066666666666667,1.0,1.0,9,19,,d57117f935488f3c2a3ac65ab532d4b9fc93fe8f17bb792884a115def11dca28,ab8ee1784a0ac62feab1823d141acb933682b7e2909d7095d798b713ac1eb911,0.009296541102230549,0.04209212213754654,
legal parent,L110,student,F,2,426,168,True,True,True,,0.00352487713098526,0.12538360059261322,,2.1,1.0,1.0,9,19,,d57117f935488f3c2a3ac65ab532d4b9fc93fe8f17bb792884a115def11dca28,ab8ee1784a0ac62feab1823d141acb933682b7e2909d7095d798b713ac1eb911,0.009268720634281635,0.04128590598702431,
legal parent,L110,student,F,2,427,169,True,True,True,,0.0044236741960048676,0.15265020728111267,,2.033333333333333,1.0,1.0,9,19,,d57117f935488f3c2a3ac65ab532d4b9fc93fe8f17bb792884a115def11dca28,ab8ee1784a0ac62feab1823d141acb933682b7e2909d7095d798b713ac1eb911,0.00916738249361515,0.04431764408946037,
legal parent,L110,student,F,2,428,170,True,True,True,,0.004016396123915911,0.14432492852210999,,2.066666666666667,1.0,1.0,9,19,,d57117f935488f3c2a3ac65ab532d4b9fc93fe8f17bb792884a115def11dca28,ab8ee1784a0ac62feab1823d141acb933682b7e2909d7095d798b713ac1eb911,0.009159602224826813,0.040527988225221634,
legal parent,L110,student,F,2,429,171,True,False,False,body/invalid,0.034605722874403,2.224848747253418,9.4,2.1,1.0,1.0,2,4,,d57117f935488f3c2a3ac65ab532d4b9fc93fe8f17bb792884a115def11dca28,ab8ee1784a0ac62feab1823d141acb933682b7e2909d7095d798b713ac1eb911,0.015291980467736721,0.04113885760307312,
legal parent,L110,student,F,2,430,172,True,True,True,,0.004071719944477081,0.12677793204784393,,2.1,1.0,1.0,9,19,,d57117f935488f3c2a3ac65ab532d4b9fc93fe8f17bb792884a115def11dca28,ab8ee1784a0ac62feab1823d141acb933682b7e2909d7095d798b713ac1eb911,0.009441784583032131,0.04116847366094589,
legal parent,L110,student,F,2,431,173,True,True,True,,0.004424798768013716,0.1662757843732834,,2.0,1.0,1.0,9,19,,d57117f935488f3c2a3ac65ab532d4b9fc93fe8f17bb792884a115def11dca28,ab8ee1784a0ac62feab1823d141acb933682b7e2909d7095d798b713ac1eb911,0.009061947464942932,0.04597068578004837,
legal parent,L110,student,F,2,432,174,True,True,True,,0.004192500375211239,0.14670099318027496,,2.066666666666667,1.0,1.0,9,19,,d57117f935488f3c2a3ac65ab532d4b9fc93fe8f17bb792884a115def11dca28,ab8ee1784a0ac62feab1823d141acb933682b7e2909d7095d798b713ac1eb911,0.009618383832275867,0.041759662330150604,
legal parent,L110,student,F,2,433,175,True,True,True,,0.004336351528763771,0.14279943704605103,,2.066666666666667,1.0,1.0,9,19,,d57117f935488f3c2a3ac65ab532d4b9fc93fe8f17bb792884a115def11dca28,ab8ee1784a0ac62feab1823d141acb933682b7e2909d7095d798b713ac1eb911,0.009311879053711891,0.040707044303417206,
legal parent,L110,student,F,2,434,176,True,True,True,,0.003873117733746767,0.14056409895420074,,2.066666666666667,1.0,1.0,9,19,,d57117f935488f3c2a3ac65ab532d4b9fc93fe8f17bb792884a115def11dca28,ab8ee1784a0ac62feab1823d141acb933682b7e2909d7095d798b713ac1eb911,0.009697730652987957,0.041309911757707596,
legal parent,L110,student,F,2,435,177,True,True,True,,0.005156069062650204,0.1623598337173462,,2.066666666666667,1.0,1.0,9,19,,d57117f935488f3c2a3ac65ab532d4b9fc93fe8f17bb792884a115def11dca28,ab8ee1784a0ac62feab1823d141acb933682b7e2909d7095d798b713ac1eb911,0.00875924713909626,0.044015072286129,
legal parent,L110,student,F,2,436,178,True,True,True,,0.004674812778830528,0.16013780236244202,,2.066666666666667,1.0,1.0,9,19,,d57117f935488f3c2a3ac65ab532d4b9fc93fe8f17bb792884a115def11dca28,ab8ee1784a0ac62feab1823d141acb933682b7e2909d7095d798b713ac1eb911,0.009296799078583717,0.0414978452026844,
legal parent,L110,student,F,2,437,179,True,True,True,,0.004151163622736931,0.12148008495569229,,2.066666666666667,1.0,1.0,9,19,,d57117f935488f3c2a3ac65ab532d4b9fc93fe8f17bb792884a115def11dca28,ab8ee1784a0ac62feab1823d141acb933682b7e2909d7095d798b713ac1eb911,0.009276110678911209,0.0410943403840065,
legal parent,L110,student,F,2,439,180,True,False,True,body/invalid,0.012239640578627586,0.4255335032939911,31.933333333333334,2.1,1.0,1.0,9,18,,d57117f935488f3c2a3ac65ab532d4b9fc93fe8f17bb792884a115def11dca28,ab8ee1784a0ac62feab1823d141acb933682b7e2909d7095d798b713ac1eb911,0.010686437599360943,0.04455600306391716,
legal parent,L110,student,F,2,440,181,True,True,True,,0.004386873450130224,0.1509116142988205,,2.1,1.0,1.0,9,19,,d57117f935488f3c2a3ac65ab532d4b9fc93fe8f17bb792884a115def11dca28,ab8ee1784a0ac62feab1823d141acb933682b7e2909d7095d798b713ac1eb911,0.009283344261348248,0.044220440089702606,
legal parent,L110,student,F,2,441,182,True,True,True,,0.004233547952026129,0.15040288865566254,,2.1,1.0,1.0,9,19,,d57117f935488f3c2a3ac65ab532d4b9fc93fe8f17bb792884a115def11dca28,ab8ee1784a0ac62feab1823d141acb933682b7e2909d7095d798b713ac1eb911,0.00938902422785759,0.043609920889139175,
legal parent,L110,student,F,2,442,183,True,True,True,,0.004026276525110006,0.12841922044754028,,2.1,1.0,1.0,9,19,,d57117f935488f3c2a3ac65ab532d4b9fc93fe8f17bb792884a115def11dca28,ab8ee1784a0ac62feab1823d141acb933682b7e2909d7095d798b713ac1eb911,0.009648912586271763,0.040896978229284286,
legal parent,L110,student,F,2,444,184,True,True,True,,0.004224838223308325,0.15647345781326294,,2.0,1.0,1.0,9,19,,d57117f935488f3c2a3ac65ab532d4b9fc93fe8f17bb792884a115def11dca28,ab8ee1784a0ac62feab1823d141acb933682b7e2909d7095d798b713ac1eb911,0.009213972836732864,0.04683788865804672,
legal parent,L110,student,F,2,445,185,True,True,True,,0.003907313104718924,0.13319604098796844,,2.066666666666667,1.0,1.0,9,19,,d57117f935488f3c2a3ac65ab532d4b9fc93fe8f17bb792884a115def11dca28,ab8ee1784a0ac62feab1823d141acb933682b7e2909d7095d798b713ac1eb911,0.008865646086633205,0.04328170418739319,
legal parent,L110,student,F,2,446,186,True,True,True,,0.003668447257950902,0.11990936845541,,2.066666666666667,1.0,1.0,9,19,,d57117f935488f3c2a3ac65ab532d4b9fc93fe8f17bb792884a115def11dca28,ab8ee1784a0ac62feab1823d141acb933682b7e2909d7095d798b713ac1eb911,0.009694667533040047,0.04108722507953644,
legal parent,L110,student,F,2,447,187,True,True,True,,0.004422846250236034,0.15111814439296722,,2.1,1.0,1.0,9,19,,d57117f935488f3c2a3ac65ab532d4b9fc93fe8f17bb792884a115def11dca28,ab8ee1784a0ac62feab1823d141acb933682b7e2909d7095d798b713ac1eb911,0.00918913260102272,0.04253188148140907,
legal parent,L110,student,F,2,448,188,True,True,True,,0.004254164174199104,0.14446668326854706,,2.1,1.0,1.0,9,19,,d57117f935488f3c2a3ac65ab532d4b9fc93fe8f17bb792884a115def11dca28,ab8ee1784a0ac62feab1823d141acb933682b7e2909d7095d798b713ac1eb911,0.009039201773703098,0.0416778102517128,
legal parent,L110,student,F,2,449,189,True,True,True,,0.003888600505888462,0.12904804944992065,,2.066666666666667,1.0,1.0,9,19,,d57117f935488f3c2a3ac65ab532d4b9fc93fe8f17bb792884a115def11dca28,ab8ee1784a0ac62feab1823d141acb933682b7e2909d7095d798b713ac1eb911,0.009084810502827168,0.04119342565536499,
legal parent,L110,student,F,2,450,190,True,True,True,,0.004231064114719629,0.15403981506824493,,2.1,1.0,1.0,9,19,,d57117f935488f3c2a3ac65ab532d4b9fc93fe8f17bb792884a115def11dca28,ab8ee1784a0ac62feab1823d141acb933682b7e2909d7095d798b713ac1eb911,0.01004505343735218,0.043772660195827484,
legal parent,L110,student,F,2,451,191,True,True,True,,0.004132154397666454,0.1563962996006012,,2.1,1.0,1.0,9,19,,d57117f935488f3c2a3ac65ab532d4b9fc93fe8f17bb792884a115def11dca28,ab8ee1784a0ac62feab1823d141acb933682b7e2909d7095d798b713ac1eb911,0.00958971120417118,0.04164394736289978,
privileged diagnostic after2s,L110,student_teacher_latent_2.0s,F,0,0,0,True,True,True,,0.005135605111718178,0.17250865697860718,,1.8333333333333333,1.0,1.0,10,20,,d57117f935488f3c2a3ac65ab532d4b9fc93fe8f17bb792884a115def11dca28,16c60b1ad5d32bc48ffa9f9c93f84095a0968c3759510301d62c72dc179aa1e1,0.0075313979759812355,0.03999999910593033,
privileged diagnostic after2s,L110,student_teacher_latent_2.0s,F,0,1,1,True,True,True,,0.004944584332406521,0.17441865801811218,,1.8333333333333333,1.0,1.0,10,20,,d57117f935488f3c2a3ac65ab532d4b9fc93fe8f17bb792884a115def11dca28,16c60b1ad5d32bc48ffa9f9c93f84095a0968c3759510301d62c72dc179aa1e1,0.0075409505516290665,0.0403229221701622,
privileged diagnostic after2s,L110,student_teacher_latent_2.0s,F,0,2,2,True,True,True,,0.005001095123589039,0.16364318132400513,,1.8333333333333333,1.0,1.0,10,20,,d57117f935488f3c2a3ac65ab532d4b9fc93fe8f17bb792884a115def11dca28,16c60b1ad5d32bc48ffa9f9c93f84095a0968c3759510301d62c72dc179aa1e1,0.007533470634371042,0.04011359065771103,
privileged diagnostic after2s,L110,student_teacher_latent_2.0s,F,0,3,3,True,True,True,,0.005849654320627451,0.18904778361320496,,1.8666666666666667,1.0,1.0,10,20,,d57117f935488f3c2a3ac65ab532d4b9fc93fe8f17bb792884a115def11dca28,16c60b1ad5d32bc48ffa9f9c93f84095a0968c3759510301d62c72dc179aa1e1,0.007202989887446165,0.03999999910593033,
privileged diagnostic after2s,L110,student_teacher_latent_2.0s,F,0,4,4,True,True,True,,0.005576044321060181,0.1734723001718521,,1.8333333333333333,1.0,1.0,10,20,,d57117f935488f3c2a3ac65ab532d4b9fc93fe8f17bb792884a115def11dca28,16c60b1ad5d32bc48ffa9f9c93f84095a0968c3759510301d62c72dc179aa1e1,0.007746572606265545,0.04083853214979172,
privileged diagnostic after2s,L110,student_teacher_latent_2.0s,F,0,5,5,True,True,True,,0.006352244410663843,0.17844069004058838,,1.8666666666666667,1.0,1.0,10,20,,d57117f935488f3c2a3ac65ab532d4b9fc93fe8f17bb792884a115def11dca28,16c60b1ad5d32bc48ffa9f9c93f84095a0968c3759510301d62c72dc179aa1e1,0.007935905829071999,0.04093881696462631,
privileged diagnostic after2s,L110,student_teacher_latent_2.0s,F,0,6,6,True,True,True,,0.004678019322454929,0.16564835608005524,,1.8333333333333333,1.0,1.0,10,20,,d57117f935488f3c2a3ac65ab532d4b9fc93fe8f17bb792884a115def11dca28,16c60b1ad5d32bc48ffa9f9c93f84095a0968c3759510301d62c72dc179aa1e1,0.007340273819863796,0.04078071936964989,
privileged diagnostic after2s,L110,student_teacher_latent_2.0s,F,0,7,7,True,True,True,,0.005109735764563084,0.17098842561244965,,1.8666666666666667,1.0,1.0,10,20,,d57117f935488f3c2a3ac65ab532d4b9fc93fe8f17bb792884a115def11dca28,16c60b1ad5d32bc48ffa9f9c93f84095a0968c3759510301d62c72dc179aa1e1,0.0073260348290205,0.0400485135614872,
privileged diagnostic after2s,L110,student_teacher_latent_2.0s,F,0,8,8,True,True,True,,0.005108237732201815,0.1795225292444229,,1.8333333333333333,1.0,1.0,10,20,,d57117f935488f3c2a3ac65ab532d4b9fc93fe8f17bb792884a115def11dca28,16c60b1ad5d32bc48ffa9f9c93f84095a0968c3759510301d62c72dc179aa1e1,0.007264420390129089,0.04027167707681656,
privileged diagnostic after2s,L110,student_teacher_latent_2.0s,F,0,9,9,True,True,True,,0.005627261474728584,0.19218809902668,,1.8333333333333333,1.0,1.0,10,20,,d57117f935488f3c2a3ac65ab532d4b9fc93fe8f17bb792884a115def11dca28,16c60b1ad5d32bc48ffa9f9c93f84095a0968c3759510301d62c72dc179aa1e1,0.007408201694488525,0.040609002113342285,
privileged diagnostic after2s,L110,student_teacher_latent_2.0s,F,0,10,10,True,True,True,,0.005271392874419689,0.18124476075172424,,1.8666666666666667,1.0,1.0,10,20,,d57117f935488f3c2a3ac65ab532d4b9fc93fe8f17bb792884a115def11dca28,16c60b1ad5d32bc48ffa9f9c93f84095a0968c3759510301d62c72dc179aa1e1,0.0073788221925497055,0.04065043851733208,
privileged diagnostic after2s,L110,student_teacher_latent_2.0s,F,0,11,11,True,True,True,,0.005148767959326506,0.17969588935375214,,1.8333333333333333,1.0,1.0,10,20,,d57117f935488f3c2a3ac65ab532d4b9fc93fe8f17bb792884a115def11dca28,16c60b1ad5d32bc48ffa9f9c93f84095a0968c3759510301d62c72dc179aa1e1,0.0072395699098706245,0.042298391461372375,
privileged diagnostic after2s,L110,student_teacher_latent_2.0s,F,0,12,12,True,True,True,,0.004735724534839392,0.17382144927978516,,1.8666666666666667,1.0,1.0,10,20,,d57117f935488f3c2a3ac65ab532d4b9fc93fe8f17bb792884a115def11dca28,16c60b1ad5d32bc48ffa9f9c93f84095a0968c3759510301d62c72dc179aa1e1,0.007375256158411503,0.040376536548137665,
privileged diagnostic after2s,L110,student_teacher_latent_2.0s,F,0,13,13,True,True,True,,0.00484723225235939,0.15543565154075623,,1.8333333333333333,1.0,1.0,10,20,,d57117f935488f3c2a3ac65ab532d4b9fc93fe8f17bb792884a115def11dca28,16c60b1ad5d32bc48ffa9f9c93f84095a0968c3759510301d62c72dc179aa1e1,0.007860192097723484,0.0400405079126358,
privileged diagnostic after2s,L110,student_teacher_latent_2.0s,F,0,14,14,True,True,True,,0.005035084672272205,0.17956915497779846,,1.8666666666666667,1.0,1.0,10,20,,d57117f935488f3c2a3ac65ab532d4b9fc93fe8f17bb792884a115def11dca28,16c60b1ad5d32bc48ffa9f9c93f84095a0968c3759510301d62c72dc179aa1e1,0.007499351631850004,0.04011199623346329,
privileged diagnostic after2s,L110,student_teacher_latent_2.0s,F,0,15,15,True,True,True,,0.004664119333028793,0.1554490625858307,,1.8333333333333333,1.0,1.0,10,20,,d57117f935488f3c2a3ac65ab532d4b9fc93fe8f17bb792884a115def11dca28,16c60b1ad5d32bc48ffa9f9c93f84095a0968c3759510301d62c72dc179aa1e1,0.007370692677795887,0.040020279586315155,
privileged diagnostic after2s,L110,student_teacher_latent_2.0s,F,0,16,16,True,True,True,,0.005634812172502279,0.17888721823692322,,1.8333333333333333,1.0,1.0,10,20,,d57117f935488f3c2a3ac65ab532d4b9fc93fe8f17bb792884a115def11dca28,16c60b1ad5d32bc48ffa9f9c93f84095a0968c3759510301d62c72dc179aa1e1,0.007804392371326685,0.04092803969979286,
privileged diagnostic after2s,L110,student_teacher_latent_2.0s,F,0,17,17,True,True,True,,0.005796258803457022,0.16626927256584167,,1.8333333333333333,1.0,1.0,10,20,,d57117f935488f3c2a3ac65ab532d4b9fc93fe8f17bb792884a115def11dca28,16c60b1ad5d32bc48ffa9f9c93f84095a0968c3759510301d62c72dc179aa1e1,0.007425932679325342,0.04088953509926796,
privileged diagnostic after2s,L110,student_teacher_latent_2.0s,F,0,18,18,True,True,True,,0.005580278113484383,0.15906870365142822,,1.8333333333333333,1.0,1.0,10,20,,d57117f935488f3c2a3ac65ab532d4b9fc93fe8f17bb792884a115def11dca28,16c60b1ad5d32bc48ffa9f9c93f84095a0968c3759510301d62c72dc179aa1e1,0.007790921721607447,0.03999999910593033,
privileged diagnostic after2s,L110,student_teacher_latent_2.0s,F,0,19,19,True,True,True,,0.005136310588568449,0.16801971197128296,,1.8333333333333333,1.0,1.0,10,20,,d57117f935488f3c2a3ac65ab532d4b9fc93fe8f17bb792884a115def11dca28,16c60b1ad5d32bc48ffa9f9c93f84095a0968c3759510301d62c72dc179aa1e1,0.007323223631829023,0.03999999910593033,
privileged diagnostic after2s,L110,student_teacher_latent_2.0s,F,0,20,20,True,True,True,,0.005271488800644875,0.16853708028793335,,1.8666666666666667,1.0,1.0,10,20,,d57117f935488f3c2a3ac65ab532d4b9fc93fe8f17bb792884a115def11dca28,16c60b1ad5d32bc48ffa9f9c93f84095a0968c3759510301d62c72dc179aa1e1,0.007597083225846291,0.04038246348500252,
privileged diagnostic after2s,L110,student_teacher_latent_2.0s,F,0,21,21,True,True,True,,0.005289826542139053,0.1543971747159958,,1.8333333333333333,1.0,1.0,10,20,,d57117f935488f3c2a3ac65ab532d4b9fc93fe8f17bb792884a115def11dca28,16c60b1ad5d32bc48ffa9f9c93f84095a0968c3759510301d62c72dc179aa1e1,0.007730379234999418,0.04005734622478485,
privileged diagnostic after2s,L110,student_teacher_latent_2.0s,F,0,22,22,True,True,True,,0.004635723307728767,0.18675217032432556,,1.8333333333333333,1.0,1.0,10,20,,d57117f935488f3c2a3ac65ab532d4b9fc93fe8f17bb792884a115def11dca28,16c60b1ad5d32bc48ffa9f9c93f84095a0968c3759510301d62c72dc179aa1e1,0.007207692600786686,0.04004393890500069,
privileged diagnostic after2s,L110,student_teacher_latent_2.0s,F,0,23,23,True,True,True,,0.005432883743196726,0.17257121205329895,,1.8333333333333333,1.0,1.0,10,20,,d57117f935488f3c2a3ac65ab532d4b9fc93fe8f17bb792884a115def11dca28,16c60b1ad5d32bc48ffa9f9c93f84095a0968c3759510301d62c72dc179aa1e1,0.007654087617993355,0.04174170643091202,
privileged diagnostic after2s,L110,student_teacher_latent_2.0s,F,0,24,24,True,True,True,,0.00527707114815712,0.15276291966438293,,1.8666666666666667,1.0,1.0,10,20,,d57117f935488f3c2a3ac65ab532d4b9fc93fe8f17bb792884a115def11dca28,16c60b1ad5d32bc48ffa9f9c93f84095a0968c3759510301d62c72dc179aa1e1,0.007832867093384266,0.040491070598363876,
privileged diagnostic after2s,L110,student_teacher_latent_2.0s,F,0,25,25,True,True,True,,0.004685421008616686,0.14792461693286896,,1.8333333333333333,1.0,1.0,10,20,,d57117f935488f3c2a3ac65ab532d4b9fc93fe8f17bb792884a115def11dca28,16c60b1ad5d32bc48ffa9f9c93f84095a0968c3759510301d62c72dc179aa1e1,0.007202836684882641,0.04005827754735947,
privileged diagnostic after2s,L110,student_teacher_latent_2.0s,F,0,26,26,True,True,True,,0.006007898133248091,0.17261902987957,,1.8666666666666667,1.0,1.0,10,20,,d57117f935488f3c2a3ac65ab532d4b9fc93fe8f17bb792884a115def11dca28,16c60b1ad5d32bc48ffa9f9c93f84095a0968c3759510301d62c72dc179aa1e1,0.007705925963819027,0.04031088948249817,
privileged diagnostic after2s,L110,student_teacher_latent_2.0s,F,0,28,27,True,True,True,,0.005366961471736431,0.169229656457901,,1.8666666666666667,1.0,1.0,10,20,,d57117f935488f3c2a3ac65ab532d4b9fc93fe8f17bb792884a115def11dca28,16c60b1ad5d32bc48ffa9f9c93f84095a0968c3759510301d62c72dc179aa1e1,0.007697025779634714,0.040440499782562256,
privileged diagnostic after2s,L110,student_teacher_latent_2.0s,F,0,29,28,True,True,True,,0.005429333541542292,0.15883293747901917,,1.8666666666666667,1.0,1.0,10,20,,d57117f935488f3c2a3ac65ab532d4b9fc93fe8f17bb792884a115def11dca28,16c60b1ad5d32bc48ffa9f9c93f84095a0968c3759510301d62c72dc179aa1e1,0.007888803258538246,0.040112316608428955,
privileged diagnostic after2s,L110,student_teacher_latent_2.0s,F,0,30,29,True,True,True,,0.004862154368311167,0.18386974930763245,,1.8333333333333333,1.0,1.0,10,20,,d57117f935488f3c2a3ac65ab532d4b9fc93fe8f17bb792884a115def11dca28,16c60b1ad5d32bc48ffa9f9c93f84095a0968c3759510301d62c72dc179aa1e1,0.007016251794993877,0.040126048028469086,
privileged diagnostic after2s,L110,student_teacher_latent_2.0s,F,0,31,30,True,True,True,,0.0050598434172570705,0.18143314123153687,,1.8333333333333333,1.0,1.0,10,20,,d57117f935488f3c2a3ac65ab532d4b9fc93fe8f17bb792884a115def11dca28,16c60b1ad5d32bc48ffa9f9c93f84095a0968c3759510301d62c72dc179aa1e1,0.006927316077053547,0.03999999910593033,
privileged diagnostic after2s,L110,student_teacher_latent_2.0s,F,0,32,31,True,True,True,,0.00567324785515666,0.15796400606632233,,1.8333333333333333,1.0,1.0,10,20,,d57117f935488f3c2a3ac65ab532d4b9fc93fe8f17bb792884a115def11dca28,16c60b1ad5d32bc48ffa9f9c93f84095a0968c3759510301d62c72dc179aa1e1,0.007385992910712957,0.03999999910593033,
privileged diagnostic after2s,L110,student_teacher_latent_2.0s,F,0,33,32,True,True,True,,0.005855708383023739,0.1426505148410797,,1.8666666666666667,1.0,1.0,10,20,,d57117f935488f3c2a3ac65ab532d4b9fc93fe8f17bb792884a115def11dca28,16c60b1ad5d32bc48ffa9f9c93f84095a0968c3759510301d62c72dc179aa1e1,0.007446617353707552,0.040705520659685135,
privileged diagnostic after2s,L110,student_teacher_latent_2.0s,F,0,34,33,True,True,True,,0.00503372261300683,0.17950968444347382,,1.8666666666666667,1.0,1.0,10,20,,d57117f935488f3c2a3ac65ab532d4b9fc93fe8f17bb792884a115def11dca28,16c60b1ad5d32bc48ffa9f9c93f84095a0968c3759510301d62c72dc179aa1e1,0.00723863672465086,0.04071320965886116,
privileged diagnostic after2s,L110,student_teacher_latent_2.0s,F,0,35,34,True,True,True,,0.004619793500751257,0.17197822034358978,,1.8333333333333333,1.0,1.0,10,20,,d57117f935488f3c2a3ac65ab532d4b9fc93fe8f17bb792884a115def11dca28,16c60b1ad5d32bc48ffa9f9c93f84095a0968c3759510301d62c72dc179aa1e1,0.007367254700511694,0.03999999910593033,
privileged diagnostic after2s,L110,student_teacher_latent_2.0s,F,0,37,35,True,True,True,,0.005337647162377834,0.15547184646129608,,1.8333333333333333,1.0,1.0,10,20,,d57117f935488f3c2a3ac65ab532d4b9fc93fe8f17bb792884a115def11dca28,16c60b1ad5d32bc48ffa9f9c93f84095a0968c3759510301d62c72dc179aa1e1,0.007762964349240065,0.040239714086055756,
privileged diagnostic after2s,L110,student_teacher_latent_2.0s,F,0,38,36,True,True,True,,0.005204794928431511,0.16956071555614471,,1.8666666666666667,1.0,1.0,10,20,,d57117f935488f3c2a3ac65ab532d4b9fc93fe8f17bb792884a115def11dca28,16c60b1ad5d32bc48ffa9f9c93f84095a0968c3759510301d62c72dc179aa1e1,0.0073386747390031815,0.04004843533039093,
privileged diagnostic after2s,L110,student_teacher_latent_2.0s,F,0,40,37,True,True,True,,0.005386297591030598,0.1524350792169571,,1.8666666666666667,1.0,1.0,10,20,,d57117f935488f3c2a3ac65ab532d4b9fc93fe8f17bb792884a115def11dca28,16c60b1ad5d32bc48ffa9f9c93f84095a0968c3759510301d62c72dc179aa1e1,0.007500099949538708,0.040243472903966904,
privileged diagnostic after2s,L110,student_teacher_latent_2.0s,F,0,41,38,True,True,True,,0.004735581576824188,0.17641186714172363,,1.8666666666666667,1.0,1.0,10,20,,d57117f935488f3c2a3ac65ab532d4b9fc93fe8f17bb792884a115def11dca28,16c60b1ad5d32bc48ffa9f9c93f84095a0968c3759510301d62c72dc179aa1e1,0.0078009311109781265,0.04065439850091934,
privileged diagnostic after2s,L110,student_teacher_latent_2.0s,F,0,42,39,True,True,True,,0.004996397532522678,0.20368622243404388,,1.8333333333333333,1.0,1.0,10,20,,d57117f935488f3c2a3ac65ab532d4b9fc93fe8f17bb792884a115def11dca28,16c60b1ad5d32bc48ffa9f9c93f84095a0968c3759510301d62c72dc179aa1e1,0.0072942981496453285,0.040154874324798584,
privileged diagnostic after2s,L110,student_teacher_latent_2.0s,F,0,43,40,True,True,True,,0.005351207684725523,0.17373213171958923,,1.8333333333333333,1.0,1.0,10,20,,d57117f935488f3c2a3ac65ab532d4b9fc93fe8f17bb792884a115def11dca28,16c60b1ad5d32bc48ffa9f9c93f84095a0968c3759510301d62c72dc179aa1e1,0.007552504539489746,0.04231782257556915,
privileged diagnostic after2s,L110,student_teacher_latent_2.0s,F,0,44,41,True,True,True,,0.005018751136958599,0.16072513163089752,,1.8333333333333333,1.0,1.0,10,20,,d57117f935488f3c2a3ac65ab532d4b9fc93fe8f17bb792884a115def11dca28,16c60b1ad5d32bc48ffa9f9c93f84095a0968c3759510301d62c72dc179aa1e1,0.0077681769616901875,0.04067898169159889,
privileged diagnostic after2s,L110,student_teacher_latent_2.0s,F,0,45,42,True,True,True,,0.004669255577027798,0.18878225982189178,,1.8333333333333333,1.0,1.0,10,20,,d57117f935488f3c2a3ac65ab532d4b9fc93fe8f17bb792884a115def11dca28,16c60b1ad5d32bc48ffa9f9c93f84095a0968c3759510301d62c72dc179aa1e1,0.007374501321464777,0.040289923548698425,
privileged diagnostic after2s,L110,student_teacher_latent_2.0s,F,0,46,43,True,True,True,,0.004600064363330603,0.15782581269741058,,1.8333333333333333,1.0,1.0,10,20,,d57117f935488f3c2a3ac65ab532d4b9fc93fe8f17bb792884a115def11dca28,16c60b1ad5d32bc48ffa9f9c93f84095a0968c3759510301d62c72dc179aa1e1,0.0075661800801754,0.03999999910593033,
privileged diagnostic after2s,L110,student_teacher_latent_2.0s,F,0,47,44,True,True,True,,0.00565561605617404,0.16483868658542633,,1.8333333333333333,1.0,1.0,10,20,,d57117f935488f3c2a3ac65ab532d4b9fc93fe8f17bb792884a115def11dca28,16c60b1ad5d32bc48ffa9f9c93f84095a0968c3759510301d62c72dc179aa1e1,0.007861986756324768,0.0411393903195858,
privileged diagnostic after2s,L110,student_teacher_latent_2.0s,F,0,48,45,True,True,True,,0.005630834028124809,0.15980012714862823,,1.8666666666666667,1.0,1.0,10,20,,d57117f935488f3c2a3ac65ab532d4b9fc93fe8f17bb792884a115def11dca28,16c60b1ad5d32bc48ffa9f9c93f84095a0968c3759510301d62c72dc179aa1e1,0.007602779660373926,0.04005173593759537,
privileged diagnostic after2s,L110,student_teacher_latent_2.0s,F,0,49,46,True,True,True,,0.005908660124987364,0.17472369968891144,,1.8333333333333333,1.0,1.0,10,20,,d57117f935488f3c2a3ac65ab532d4b9fc93fe8f17bb792884a115def11dca28,16c60b1ad5d32bc48ffa9f9c93f84095a0968c3759510301d62c72dc179aa1e1,0.007456742227077484,0.03999999910593033,
privileged diagnostic after2s,L110,student_teacher_latent_2.0s,F,0,50,47,True,True,True,,0.005110837519168854,0.16683988273143768,,1.8333333333333333,1.0,1.0,10,20,,d57117f935488f3c2a3ac65ab532d4b9fc93fe8f17bb792884a115def11dca28,16c60b1ad5d32bc48ffa9f9c93f84095a0968c3759510301d62c72dc179aa1e1,0.007617761380970478,0.04004858806729317,
privileged diagnostic after2s,L110,student_teacher_latent_2.0s,F,0,51,48,True,True,True,,0.005599920637905598,0.17853842675685883,,1.8333333333333333,1.0,1.0,10,20,,d57117f935488f3c2a3ac65ab532d4b9fc93fe8f17bb792884a115def11dca28,16c60b1ad5d32bc48ffa9f9c93f84095a0968c3759510301d62c72dc179aa1e1,0.007590284571051598,0.04034930467605591,
privileged diagnostic after2s,L110,student_teacher_latent_2.0s,F,0,52,49,True,True,True,,0.005311984568834305,0.15262728929519653,,1.8333333333333333,1.0,1.0,10,20,,d57117f935488f3c2a3ac65ab532d4b9fc93fe8f17bb792884a115def11dca28,16c60b1ad5d32bc48ffa9f9c93f84095a0968c3759510301d62c72dc179aa1e1,0.007660973817110062,0.04029805585741997,
privileged diagnostic after2s,L110,student_teacher_latent_2.0s,F,0,53,50,True,True,True,,0.004808321129530668,0.18599537014961243,,1.8333333333333333,1.0,1.0,10,20,,d57117f935488f3c2a3ac65ab532d4b9fc93fe8f17bb792884a115def11dca28,16c60b1ad5d32bc48ffa9f9c93f84095a0968c3759510301d62c72dc179aa1e1,0.00721491826698184,0.03999999910593033,
privileged diagnostic after2s,L110,student_teacher_latent_2.0s,F,0,54,51,True,True,True,,0.005585342645645142,0.17226992547512054,,1.8333333333333333,1.0,1.0,10,20,,d57117f935488f3c2a3ac65ab532d4b9fc93fe8f17bb792884a115def11dca28,16c60b1ad5d32bc48ffa9f9c93f84095a0968c3759510301d62c72dc179aa1e1,0.0077124834060668945,0.042289603501558304,
privileged diagnostic after2s,L110,student_teacher_latent_2.0s,F,0,55,52,True,True,True,,0.004411069676280022,0.16504861414432526,,1.8666666666666667,1.0,1.0,10,20,,d57117f935488f3c2a3ac65ab532d4b9fc93fe8f17bb792884a115def11dca28,16c60b1ad5d32bc48ffa9f9c93f84095a0968c3759510301d62c72dc179aa1e1,0.0074092429131269455,0.03999999910593033,
privileged diagnostic after2s,L110,student_teacher_latent_2.0s,F,0,56,53,True,True,True,,0.004726343788206577,0.16994978487491608,,1.8666666666666667,1.0,1.0,10,20,,d57117f935488f3c2a3ac65ab532d4b9fc93fe8f17bb792884a115def11dca28,16c60b1ad5d32bc48ffa9f9c93f84095a0968c3759510301d62c72dc179aa1e1,0.007348592858761549,0.03999999910593033,
privileged diagnostic after2s,L110,student_teacher_latent_2.0s,F,0,57,54,True,True,True,,0.004738465882837772,0.18998919427394867,,1.8666666666666667,1.0,1.0,10,20,,d57117f935488f3c2a3ac65ab532d4b9fc93fe8f17bb792884a115def11dca28,16c60b1ad5d32bc48ffa9f9c93f84095a0968c3759510301d62c72dc179aa1e1,0.007455714512616396,0.040321920067071915,
privileged diagnostic after2s,L110,student_teacher_latent_2.0s,F,0,58,55,True,True,True,,0.005141929257661104,0.17010758817195892,,1.8333333333333333,1.0,1.0,10,20,,d57117f935488f3c2a3ac65ab532d4b9fc93fe8f17bb792884a115def11dca28,16c60b1ad5d32bc48ffa9f9c93f84095a0968c3759510301d62c72dc179aa1e1,0.00787043571472168,0.04099038988351822,
privileged diagnostic after2s,L110,student_teacher_latent_2.0s,F,0,59,56,True,True,True,,0.005332577042281628,0.1555582582950592,,1.8666666666666667,1.0,1.0,10,20,,d57117f935488f3c2a3ac65ab532d4b9fc93fe8f17bb792884a115def11dca28,16c60b1ad5d32bc48ffa9f9c93f84095a0968c3759510301d62c72dc179aa1e1,0.007821829989552498,0.040594879537820816,
privileged diagnostic after2s,L110,student_teacher_latent_2.0s,F,0,61,57,True,True,True,,0.004895419348031282,0.1869102269411087,,1.8666666666666667,1.0,1.0,10,20,,d57117f935488f3c2a3ac65ab532d4b9fc93fe8f17bb792884a115def11dca28,16c60b1ad5d32bc48ffa9f9c93f84095a0968c3759510301d62c72dc179aa1e1,0.007146493531763554,0.03999999910593033,
privileged diagnostic after2s,L110,student_teacher_latent_2.0s,F,0,62,58,True,True,True,,0.005030455067753792,0.17258906364440918,,1.8333333333333333,1.0,1.0,10,20,,d57117f935488f3c2a3ac65ab532d4b9fc93fe8f17bb792884a115def11dca28,16c60b1ad5d32bc48ffa9f9c93f84095a0968c3759510301d62c72dc179aa1e1,0.007673118729144335,0.04127024859189987,
privileged diagnostic after2s,L110,student_teacher_latent_2.0s,F,0,63,59,True,True,True,,0.004503813572227955,0.21668711304664612,,1.8333333333333333,1.0,1.0,10,20,,d57117f935488f3c2a3ac65ab532d4b9fc93fe8f17bb792884a115def11dca28,16c60b1ad5d32bc48ffa9f9c93f84095a0968c3759510301d62c72dc179aa1e1,0.007125793490558863,0.03999999910593033,
privileged diagnostic after2s,L110,student_teacher_latent_2.0s,F,0,64,60,True,True,True,,0.0053157322108745575,0.16404663026332855,,1.8333333333333333,1.0,1.0,10,20,,d57117f935488f3c2a3ac65ab532d4b9fc93fe8f17bb792884a115def11dca28,16c60b1ad5d32bc48ffa9f9c93f84095a0968c3759510301d62c72dc179aa1e1,0.007571648806333542,0.04047359526157379,
privileged diagnostic after2s,L110,student_teacher_latent_2.0s,F,0,65,61,True,True,True,,0.004560872446745634,0.15970194339752197,,1.8333333333333333,1.0,1.0,10,20,,d57117f935488f3c2a3ac65ab532d4b9fc93fe8f17bb792884a115def11dca28,16c60b1ad5d32bc48ffa9f9c93f84095a0968c3759510301d62c72dc179aa1e1,0.007116416469216347,0.04090481251478195,
privileged diagnostic after2s,L110,student_teacher_latent_2.0s,F,0,66,62,True,True,True,,0.00561355659738183,0.1540917307138443,,1.8333333333333333,1.0,1.0,10,20,,d57117f935488f3c2a3ac65ab532d4b9fc93fe8f17bb792884a115def11dca28,16c60b1ad5d32bc48ffa9f9c93f84095a0968c3759510301d62c72dc179aa1e1,0.0076415203511714935,0.04019755870103836,
privileged diagnostic after2s,L110,student_teacher_latent_2.0s,F,0,67,63,True,True,True,,0.004833926912397146,0.1471189558506012,,1.8333333333333333,1.0,1.0,10,20,,d57117f935488f3c2a3ac65ab532d4b9fc93fe8f17bb792884a115def11dca28,16c60b1ad5d32bc48ffa9f9c93f84095a0968c3759510301d62c72dc179aa1e1,0.0076211136765778065,0.040284980088472366,
privileged diagnostic after2s,L110,student_teacher_latent_2.0s,F,1,192,64,True,True,True,,0.005273608025163412,0.22420822083950043,,1.8333333333333333,1.0,1.0,9,19,,d57117f935488f3c2a3ac65ab532d4b9fc93fe8f17bb792884a115def11dca28,16c60b1ad5d32bc48ffa9f9c93f84095a0968c3759510301d62c72dc179aa1e1,0.00909364689141512,0.04151226952672005,
privileged diagnostic after2s,L110,student_teacher_latent_2.0s,F,1,193,65,True,True,True,,0.005368609447032213,0.22574709355831146,,1.8666666666666667,1.0,1.0,9,19,,d57117f935488f3c2a3ac65ab532d4b9fc93fe8f17bb792884a115def11dca28,16c60b1ad5d32bc48ffa9f9c93f84095a0968c3759510301d62c72dc179aa1e1,0.009334536269307137,0.0416024774312973,
privileged diagnostic after2s,L110,student_teacher_latent_2.0s,F,1,194,66,True,True,True,,0.005999037064611912,0.23020291328430176,,1.8333333333333333,1.0,1.0,9,19,,d57117f935488f3c2a3ac65ab532d4b9fc93fe8f17bb792884a115def11dca28,16c60b1ad5d32bc48ffa9f9c93f84095a0968c3759510301d62c72dc179aa1e1,0.009122260846197605,0.04159562662243843,
privileged diagnostic after2s,L110,student_teacher_latent_2.0s,F,1,195,67,True,True,True,,0.005531973671168089,0.2340850979089737,,1.8333333333333333,1.0,1.0,9,19,,d57117f935488f3c2a3ac65ab532d4b9fc93fe8f17bb792884a115def11dca28,16c60b1ad5d32bc48ffa9f9c93f84095a0968c3759510301d62c72dc179aa1e1,0.009319425560534,0.04118512570858002,
privileged diagnostic after2s,L110,student_teacher_latent_2.0s,F,1,196,68,True,False,True,body/invalid,0.0061585125513374805,0.25491586327552795,30.8,1.8333333333333333,1.0,1.0,9,19,,d57117f935488f3c2a3ac65ab532d4b9fc93fe8f17bb792884a115def11dca28,16c60b1ad5d32bc48ffa9f9c93f84095a0968c3759510301d62c72dc179aa1e1,0.009179778397083282,0.041468750685453415,
privileged diagnostic after2s,L110,student_teacher_latent_2.0s,F,1,197,69,True,True,True,,0.00542648509144783,0.22711841762065887,,1.8333333333333333,1.0,1.0,9,19,,d57117f935488f3c2a3ac65ab532d4b9fc93fe8f17bb792884a115def11dca28,16c60b1ad5d32bc48ffa9f9c93f84095a0968c3759510301d62c72dc179aa1e1,0.009112996980547905,0.041145313531160355,
privileged diagnostic after2s,L110,student_teacher_latent_2.0s,F,1,198,70,True,True,True,,0.006247020326554775,0.24506644904613495,,1.8333333333333333,1.0,1.0,9,19,,d57117f935488f3c2a3ac65ab532d4b9fc93fe8f17bb792884a115def11dca28,16c60b1ad5d32bc48ffa9f9c93f84095a0968c3759510301d62c72dc179aa1e1,0.009263568557798862,0.042206548154354095,
privileged diagnostic after2s,L110,student_teacher_latent_2.0s,F,1,199,71,True,True,True,,0.006146743893623352,0.24587807059288025,,1.8666666666666667,1.0,1.0,9,19,,d57117f935488f3c2a3ac65ab532d4b9fc93fe8f17bb792884a115def11dca28,16c60b1ad5d32bc48ffa9f9c93f84095a0968c3759510301d62c72dc179aa1e1,0.009119437076151371,0.041329361498355865,
privileged diagnostic after2s,L110,student_teacher_latent_2.0s,F,1,200,72,True,True,True,,0.006104196421802044,0.23742729425430298,,1.8666666666666667,1.0,1.0,9,19,,d57117f935488f3c2a3ac65ab532d4b9fc93fe8f17bb792884a115def11dca28,16c60b1ad5d32bc48ffa9f9c93f84095a0968c3759510301d62c72dc179aa1e1,0.009367531165480614,0.041812848299741745,
privileged diagnostic after2s,L110,student_teacher_latent_2.0s,F,1,201,73,True,True,True,,0.006049370393157005,0.2207319438457489,,1.8333333333333333,1.0,1.0,9,19,,d57117f935488f3c2a3ac65ab532d4b9fc93fe8f17bb792884a115def11dca28,16c60b1ad5d32bc48ffa9f9c93f84095a0968c3759510301d62c72dc179aa1e1,0.00940797757357359,0.04168197512626648,
privileged diagnostic after2s,L110,student_teacher_latent_2.0s,F,1,202,74,True,True,True,,0.005745674017816782,0.20232820510864258,,1.8666666666666667,1.0,1.0,9,19,,d57117f935488f3c2a3ac65ab532d4b9fc93fe8f17bb792884a115def11dca28,16c60b1ad5d32bc48ffa9f9c93f84095a0968c3759510301d62c72dc179aa1e1,0.009421112015843391,0.04155818372964859,
privileged diagnostic after2s,L110,student_teacher_latent_2.0s,F,1,203,75,True,True,True,,0.00554070295765996,0.2351805567741394,,1.8666666666666667,1.0,1.0,9,19,,d57117f935488f3c2a3ac65ab532d4b9fc93fe8f17bb792884a115def11dca28,16c60b1ad5d32bc48ffa9f9c93f84095a0968c3759510301d62c72dc179aa1e1,0.00912474188953638,0.0411980003118515,
privileged diagnostic after2s,L110,student_teacher_latent_2.0s,F,1,204,76,True,True,True,,0.005385034717619419,0.21446597576141357,,1.8666666666666667,1.0,1.0,9,19,,d57117f935488f3c2a3ac65ab532d4b9fc93fe8f17bb792884a115def11dca28,16c60b1ad5d32bc48ffa9f9c93f84095a0968c3759510301d62c72dc179aa1e1,0.00937595870345831,0.04133203253149986,
privileged diagnostic after2s,L110,student_teacher_latent_2.0s,F,1,205,77,True,True,True,,0.0052854265086352825,0.2248307317495346,,1.8333333333333333,1.0,1.0,9,19,,d57117f935488f3c2a3ac65ab532d4b9fc93fe8f17bb792884a115def11dca28,16c60b1ad5d32bc48ffa9f9c93f84095a0968c3759510301d62c72dc179aa1e1,0.009148185141384602,0.04085811972618103,
privileged diagnostic after2s,L110,student_teacher_latent_2.0s,F,1,206,78,True,True,True,,0.005652656778693199,0.21534624695777893,,1.8333333333333333,1.0,1.0,9,19,,d57117f935488f3c2a3ac65ab532d4b9fc93fe8f17bb792884a115def11dca28,16c60b1ad5d32bc48ffa9f9c93f84095a0968c3759510301d62c72dc179aa1e1,0.009323076345026493,0.041220586746931076,
privileged diagnostic after2s,L110,student_teacher_latent_2.0s,F,1,207,79,True,True,True,,0.005577474366873503,0.23516622185707092,,1.8666666666666667,1.0,1.0,9,19,,d57117f935488f3c2a3ac65ab532d4b9fc93fe8f17bb792884a115def11dca28,16c60b1ad5d32bc48ffa9f9c93f84095a0968c3759510301d62c72dc179aa1e1,0.009200042113661766,0.04118729010224342,
privileged diagnostic after2s,L110,student_teacher_latent_2.0s,F,1,209,80,True,False,True,body/invalid,0.005338619463145733,0.2526419758796692,39.233333333333334,1.8333333333333333,1.0,1.0,9,19,,d57117f935488f3c2a3ac65ab532d4b9fc93fe8f17bb792884a115def11dca28,16c60b1ad5d32bc48ffa9f9c93f84095a0968c3759510301d62c72dc179aa1e1,0.008886296302080154,0.04136805981397629,
privileged diagnostic after2s,L110,student_teacher_latent_2.0s,F,1,210,81,True,True,True,,0.00512065039947629,0.2316463142633438,,1.8333333333333333,1.0,1.0,9,19,,d57117f935488f3c2a3ac65ab532d4b9fc93fe8f17bb792884a115def11dca28,16c60b1ad5d32bc48ffa9f9c93f84095a0968c3759510301d62c72dc179aa1e1,0.00900622271001339,0.0417780727148056,
privileged diagnostic after2s,L110,student_teacher_latent_2.0s,F,1,211,82,True,True,True,,0.005548928864300251,0.23488730192184448,,1.8666666666666667,1.0,1.0,9,19,,d57117f935488f3c2a3ac65ab532d4b9fc93fe8f17bb792884a115def11dca28,16c60b1ad5d32bc48ffa9f9c93f84095a0968c3759510301d62c72dc179aa1e1,0.009215698577463627,0.04118993878364563,
privileged diagnostic after2s,L110,student_teacher_latent_2.0s,F,1,212,83,True,True,True,,0.0055964021012187,0.22178539633750916,,1.8333333333333333,1.0,1.0,9,19,,d57117f935488f3c2a3ac65ab532d4b9fc93fe8f17bb792884a115def11dca28,16c60b1ad5d32bc48ffa9f9c93f84095a0968c3759510301d62c72dc179aa1e1,0.009026778861880302,0.04154243692755699,
privileged diagnostic after2s,L110,student_teacher_latent_2.0s,F,1,213,84,True,True,True,,0.00549702811986208,0.22590695321559906,,1.8333333333333333,1.0,1.0,9,19,,d57117f935488f3c2a3ac65ab532d4b9fc93fe8f17bb792884a115def11dca28,16c60b1ad5d32bc48ffa9f9c93f84095a0968c3759510301d62c72dc179aa1e1,0.009303328581154346,0.04152190312743187,
privileged diagnostic after2s,L110,student_teacher_latent_2.0s,F,1,214,85,True,True,True,,0.005401460453867912,0.21883825957775116,,1.8666666666666667,1.0,1.0,9,19,,d57117f935488f3c2a3ac65ab532d4b9fc93fe8f17bb792884a115def11dca28,16c60b1ad5d32bc48ffa9f9c93f84095a0968c3759510301d62c72dc179aa1e1,0.009502120316028595,0.04131482169032097,
privileged diagnostic after2s,L110,student_teacher_latent_2.0s,F,1,215,86,True,True,True,,0.005473708733916283,0.2169901579618454,,1.8666666666666667,1.0,1.0,9,19,,d57117f935488f3c2a3ac65ab532d4b9fc93fe8f17bb792884a115def11dca28,16c60b1ad5d32bc48ffa9f9c93f84095a0968c3759510301d62c72dc179aa1e1,0.009057738818228245,0.04103635996580124,
privileged diagnostic after2s,L110,student_teacher_latent_2.0s,F,1,216,87,True,False,True,body/invalid,0.006548786535859108,0.28518497943878174,0.9333333333333333,1.8333333333333333,1.0,1.0,9,19,,d57117f935488f3c2a3ac65ab532d4b9fc93fe8f17bb792884a115def11dca28,16c60b1ad5d32bc48ffa9f9c93f84095a0968c3759510301d62c72dc179aa1e1,0.00949330534785986,0.04120930656790733,
privileged diagnostic after2s,L110,student_teacher_latent_2.0s,F,1,217,88,True,True,True,,0.006086126435548067,0.23250925540924072,,1.8333333333333333,1.0,1.0,9,19,,d57117f935488f3c2a3ac65ab532d4b9fc93fe8f17bb792884a115def11dca28,16c60b1ad5d32bc48ffa9f9c93f84095a0968c3759510301d62c72dc179aa1e1,0.009238393977284431,0.041545022279024124,
privileged diagnostic after2s,L110,student_teacher_latent_2.0s,F,1,218,89,True,False,True,body/invalid,0.006189506500959396,0.25415876507759094,38.96666666666667,1.8333333333333333,1.0,1.0,9,19,,d57117f935488f3c2a3ac65ab532d4b9fc93fe8f17bb792884a115def11dca28,16c60b1ad5d32bc48ffa9f9c93f84095a0968c3759510301d62c72dc179aa1e1,0.008620260283350945,0.04175868257880211,
privileged diagnostic after2s,L110,student_teacher_latent_2.0s,F,1,219,90,True,True,True,,0.005675122607499361,0.2313382625579834,,1.8666666666666667,1.0,1.0,9,19,,d57117f935488f3c2a3ac65ab532d4b9fc93fe8f17bb792884a115def11dca28,16c60b1ad5d32bc48ffa9f9c93f84095a0968c3759510301d62c72dc179aa1e1,0.00925229862332344,0.04154958575963974,
privileged diagnostic after2s,L110,student_teacher_latent_2.0s,F,1,220,91,True,True,True,,0.00594214117154479,0.2261619120836258,,1.8333333333333333,1.0,1.0,9,19,,d57117f935488f3c2a3ac65ab532d4b9fc93fe8f17bb792884a115def11dca28,16c60b1ad5d32bc48ffa9f9c93f84095a0968c3759510301d62c72dc179aa1e1,0.009396141394972801,0.041524164378643036,
privileged diagnostic after2s,L110,student_teacher_latent_2.0s,F,1,221,92,True,True,True,,0.0060186549089848995,0.2406204789876938,,1.8333333333333333,1.0,1.0,9,19,,d57117f935488f3c2a3ac65ab532d4b9fc93fe8f17bb792884a115def11dca28,16c60b1ad5d32bc48ffa9f9c93f84095a0968c3759510301d62c72dc179aa1e1,0.008644253015518188,0.041350312530994415,
privileged diagnostic after2s,L110,student_teacher_latent_2.0s,F,1,222,93,True,True,True,,0.005949338898062706,0.23202571272850037,,1.8666666666666667,1.0,1.0,9,19,,d57117f935488f3c2a3ac65ab532d4b9fc93fe8f17bb792884a115def11dca28,16c60b1ad5d32bc48ffa9f9c93f84095a0968c3759510301d62c72dc179aa1e1,0.00879673007875681,0.04128698632121086,
privileged diagnostic after2s,L110,student_teacher_latent_2.0s,F,1,223,94,True,True,True,,0.005511291325092316,0.23471911251544952,,1.8666666666666667,1.0,1.0,9,19,,d57117f935488f3c2a3ac65ab532d4b9fc93fe8f17bb792884a115def11dca28,16c60b1ad5d32bc48ffa9f9c93f84095a0968c3759510301d62c72dc179aa1e1,0.008889663964509964,0.040873780846595764,
privileged diagnostic after2s,L110,student_teacher_latent_2.0s,F,1,224,95,True,True,True,,0.005298728588968515,0.22935223579406738,,1.8333333333333333,1.0,1.0,9,19,,d57117f935488f3c2a3ac65ab532d4b9fc93fe8f17bb792884a115def11dca28,16c60b1ad5d32bc48ffa9f9c93f84095a0968c3759510301d62c72dc179aa1e1,0.009057166054844856,0.04118180274963379,
privileged diagnostic after2s,L110,student_teacher_latent_2.0s,F,1,225,96,True,False,True,body/invalid,0.00679481215775013,0.2561321258544922,38.666666666666664,1.8666666666666667,1.0,1.0,9,19,,d57117f935488f3c2a3ac65ab532d4b9fc93fe8f17bb792884a115def11dca28,16c60b1ad5d32bc48ffa9f9c93f84095a0968c3759510301d62c72dc179aa1e1,0.00909287016838789,0.042376406490802765,
privileged diagnostic after2s,L110,student_teacher_latent_2.0s,F,1,226,97,True,False,True,body/invalid,0.0059367637149989605,0.275284081697464,38.8,1.8333333333333333,1.0,1.0,9,19,,d57117f935488f3c2a3ac65ab532d4b9fc93fe8f17bb792884a115def11dca28,16c60b1ad5d32bc48ffa9f9c93f84095a0968c3759510301d62c72dc179aa1e1,0.008468128740787506,0.04129733890295029,
privileged diagnostic after2s,L110,student_teacher_latent_2.0s,F,1,227,98,True,True,True,,0.005269504617899656,0.21018147468566895,,1.8333333333333333,1.0,1.0,9,19,,d57117f935488f3c2a3ac65ab532d4b9fc93fe8f17bb792884a115def11dca28,16c60b1ad5d32bc48ffa9f9c93f84095a0968c3759510301d62c72dc179aa1e1,0.00929159577935934,0.04138079285621643,
privileged diagnostic after2s,L110,student_teacher_latent_2.0s,F,1,228,99,True,True,True,,0.005810283590108156,0.22960801422595978,,1.8333333333333333,1.0,1.0,9,19,,d57117f935488f3c2a3ac65ab532d4b9fc93fe8f17bb792884a115def11dca28,16c60b1ad5d32bc48ffa9f9c93f84095a0968c3759510301d62c72dc179aa1e1,0.00903383456170559,0.04103097692131996,
privileged diagnostic after2s,L110,student_teacher_latent_2.0s,F,1,229,100,True,True,True,,0.0055176508612930775,0.2336641252040863,,1.8333333333333333,1.0,1.0,9,19,,d57117f935488f3c2a3ac65ab532d4b9fc93fe8f17bb792884a115def11dca28,16c60b1ad5d32bc48ffa9f9c93f84095a0968c3759510301d62c72dc179aa1e1,0.008725031279027462,0.040880102664232254,
privileged diagnostic after2s,L110,student_teacher_latent_2.0s,F,1,230,101,True,True,True,,0.00674126110970974,0.24195024371147156,,1.8666666666666667,1.0,1.0,10,20,,d57117f935488f3c2a3ac65ab532d4b9fc93fe8f17bb792884a115def11dca28,16c60b1ad5d32bc48ffa9f9c93f84095a0968c3759510301d62c72dc179aa1e1,0.009022269397974014,0.044198114424943924,
privileged diagnostic after2s,L110,student_teacher_latent_2.0s,F,1,231,102,True,True,True,,0.005804700311273336,0.23404285311698914,,1.8666666666666667,1.0,1.0,9,19,,d57117f935488f3c2a3ac65ab532d4b9fc93fe8f17bb792884a115def11dca28,16c60b1ad5d32bc48ffa9f9c93f84095a0968c3759510301d62c72dc179aa1e1,0.009229065850377083,0.04095544293522835,
privileged diagnostic after2s,L110,student_teacher_latent_2.0s,F,1,232,103,True,True,True,,0.006171457469463348,0.23828797042369843,,1.8333333333333333,1.0,1.0,9,19,,d57117f935488f3c2a3ac65ab532d4b9fc93fe8f17bb792884a115def11dca28,16c60b1ad5d32bc48ffa9f9c93f84095a0968c3759510301d62c72dc179aa1e1,0.009019184857606888,0.041525959968566895,
privileged diagnostic after2s,L110,student_teacher_latent_2.0s,F,1,233,104,True,True,True,,0.005753053352236748,0.22506631910800934,,1.8666666666666667,1.0,1.0,9,19,,d57117f935488f3c2a3ac65ab532d4b9fc93fe8f17bb792884a115def11dca28,16c60b1ad5d32bc48ffa9f9c93f84095a0968c3759510301d62c72dc179aa1e1,0.009380551055073738,0.041396789252758026,
privileged diagnostic after2s,L110,student_teacher_latent_2.0s,F,1,234,105,True,True,True,,0.005448741372674704,0.22148968279361725,,1.8666666666666667,1.0,1.0,9,19,,d57117f935488f3c2a3ac65ab532d4b9fc93fe8f17bb792884a115def11dca28,16c60b1ad5d32bc48ffa9f9c93f84095a0968c3759510301d62c72dc179aa1e1,0.009355840273201466,0.0415530800819397,
privileged diagnostic after2s,L110,student_teacher_latent_2.0s,F,1,235,106,True,True,True,,0.005175663623958826,0.22515663504600525,,1.8333333333333333,1.0,1.0,9,19,,d57117f935488f3c2a3ac65ab532d4b9fc93fe8f17bb792884a115def11dca28,16c60b1ad5d32bc48ffa9f9c93f84095a0968c3759510301d62c72dc179aa1e1,0.00927652232348919,0.04103831946849823,
privileged diagnostic after2s,L110,student_teacher_latent_2.0s,F,1,236,107,True,False,True,body/invalid,0.0062018209137022495,0.2542229890823364,39.166666666666664,1.8666666666666667,1.0,1.0,9,19,,d57117f935488f3c2a3ac65ab532d4b9fc93fe8f17bb792884a115def11dca28,16c60b1ad5d32bc48ffa9f9c93f84095a0968c3759510301d62c72dc179aa1e1,0.00888521783053875,0.0414159819483757,
privileged diagnostic after2s,L110,student_teacher_latent_2.0s,F,1,237,108,True,True,True,,0.005523290950804949,0.20896010100841522,,1.8666666666666667,1.0,1.0,9,19,,d57117f935488f3c2a3ac65ab532d4b9fc93fe8f17bb792884a115def11dca28,16c60b1ad5d32bc48ffa9f9c93f84095a0968c3759510301d62c72dc179aa1e1,0.00911206565797329,0.04169966280460358,
privileged diagnostic after2s,L110,student_teacher_latent_2.0s,F,1,238,109,True,True,True,,0.005826208740472794,0.23201815783977509,,1.8666666666666667,1.0,1.0,9,19,,d57117f935488f3c2a3ac65ab532d4b9fc93fe8f17bb792884a115def11dca28,16c60b1ad5d32bc48ffa9f9c93f84095a0968c3759510301d62c72dc179aa1e1,0.009107825346291065,0.041069112718105316,
privileged diagnostic after2s,L110,student_teacher_latent_2.0s,F,1,239,110,True,False,True,body/invalid,0.005879394710063934,0.2504279315471649,39.233333333333334,1.8666666666666667,1.0,1.0,9,19,,d57117f935488f3c2a3ac65ab532d4b9fc93fe8f17bb792884a115def11dca28,16c60b1ad5d32bc48ffa9f9c93f84095a0968c3759510301d62c72dc179aa1e1,0.008932630531489849,0.041542619466781616,
privileged diagnostic after2s,L110,student_teacher_latent_2.0s,F,1,240,111,True,True,True,,0.006633852142840624,0.24812880158424377,,1.8666666666666667,1.0,1.0,9,19,,d57117f935488f3c2a3ac65ab532d4b9fc93fe8f17bb792884a115def11dca28,16c60b1ad5d32bc48ffa9f9c93f84095a0968c3759510301d62c72dc179aa1e1,0.00911807082593441,0.04224569723010063,
privileged diagnostic after2s,L110,student_teacher_latent_2.0s,F,1,241,112,True,True,True,,0.00630341749638319,0.23555947840213776,,1.8333333333333333,1.0,1.0,9,19,,d57117f935488f3c2a3ac65ab532d4b9fc93fe8f17bb792884a115def11dca28,16c60b1ad5d32bc48ffa9f9c93f84095a0968c3759510301d62c72dc179aa1e1,0.009447021409869194,0.04197003319859505,
privileged diagnostic after2s,L110,student_teacher_latent_2.0s,F,1,242,113,True,True,True,,0.005890973843634129,0.23344500362873077,,1.8333333333333333,1.0,1.0,9,19,,d57117f935488f3c2a3ac65ab532d4b9fc93fe8f17bb792884a115def11dca28,16c60b1ad5d32bc48ffa9f9c93f84095a0968c3759510301d62c72dc179aa1e1,0.009507298469543457,0.04154827073216438,
privileged diagnostic after2s,L110,student_teacher_latent_2.0s,F,1,243,114,True,True,True,,0.005809366703033447,0.2413196712732315,,1.8666666666666667,1.0,1.0,9,19,,d57117f935488f3c2a3ac65ab532d4b9fc93fe8f17bb792884a115def11dca28,16c60b1ad5d32bc48ffa9f9c93f84095a0968c3759510301d62c72dc179aa1e1,0.009165587835013866,0.040971871465444565,
privileged diagnostic after2s,L110,student_teacher_latent_2.0s,F,1,244,115,True,True,True,,0.0053385584615170956,0.2411806583404541,,1.8333333333333333,1.0,1.0,9,19,,d57117f935488f3c2a3ac65ab532d4b9fc93fe8f17bb792884a115def11dca28,16c60b1ad5d32bc48ffa9f9c93f84095a0968c3759510301d62c72dc179aa1e1,0.008910439908504486,0.0412609688937664,
privileged diagnostic after2s,L110,student_teacher_latent_2.0s,F,1,245,116,True,True,True,,0.00596770690754056,0.23625004291534424,,1.8333333333333333,1.0,1.0,9,19,,d57117f935488f3c2a3ac65ab532d4b9fc93fe8f17bb792884a115def11dca28,16c60b1ad5d32bc48ffa9f9c93f84095a0968c3759510301d62c72dc179aa1e1,0.009174646809697151,0.04140486568212509,
privileged diagnostic after2s,L110,student_teacher_latent_2.0s,F,1,246,117,True,True,True,,0.005409157369285822,0.2231963723897934,,1.8333333333333333,1.0,1.0,9,19,,d57117f935488f3c2a3ac65ab532d4b9fc93fe8f17bb792884a115def11dca28,16c60b1ad5d32bc48ffa9f9c93f84095a0968c3759510301d62c72dc179aa1e1,0.00910109467804432,0.0414578951895237,
privileged diagnostic after2s,L110,student_teacher_latent_2.0s,F,1,247,118,True,True,True,,0.005720778834074736,0.22950080037117004,,1.8666666666666667,1.0,1.0,9,19,,d57117f935488f3c2a3ac65ab532d4b9fc93fe8f17bb792884a115def11dca28,16c60b1ad5d32bc48ffa9f9c93f84095a0968c3759510301d62c72dc179aa1e1,0.009271299466490746,0.04101996868848801,
privileged diagnostic after2s,L110,student_teacher_latent_2.0s,F,1,248,119,True,True,True,,0.005773582495748997,0.21738417446613312,,1.8333333333333333,1.0,1.0,9,19,,d57117f935488f3c2a3ac65ab532d4b9fc93fe8f17bb792884a115def11dca28,16c60b1ad5d32bc48ffa9f9c93f84095a0968c3759510301d62c72dc179aa1e1,0.009041417390108109,0.04108366370201111,
privileged diagnostic after2s,L110,student_teacher_latent_2.0s,F,1,249,120,True,True,True,,0.005127061158418655,0.2144472897052765,,1.8333333333333333,1.0,1.0,9,19,,d57117f935488f3c2a3ac65ab532d4b9fc93fe8f17bb792884a115def11dca28,16c60b1ad5d32bc48ffa9f9c93f84095a0968c3759510301d62c72dc179aa1e1,0.009376092813909054,0.04147295653820038,
privileged diagnostic after2s,L110,student_teacher_latent_2.0s,F,1,250,121,True,True,True,,0.005910136271268129,0.24330705404281616,,1.8333333333333333,1.0,1.0,9,19,,d57117f935488f3c2a3ac65ab532d4b9fc93fe8f17bb792884a115def11dca28,16c60b1ad5d32bc48ffa9f9c93f84095a0968c3759510301d62c72dc179aa1e1,0.009104914963245392,0.04130461439490318,
privileged diagnostic after2s,L110,student_teacher_latent_2.0s,F,1,251,122,True,True,True,,0.005755674093961716,0.21381507813930511,,1.8666666666666667,1.0,1.0,9,19,,d57117f935488f3c2a3ac65ab532d4b9fc93fe8f17bb792884a115def11dca28,16c60b1ad5d32bc48ffa9f9c93f84095a0968c3759510301d62c72dc179aa1e1,0.009267625398933887,0.04184630513191223,
privileged diagnostic after2s,L110,student_teacher_latent_2.0s,F,1,252,123,True,True,True,,0.0067367106676101685,0.2445211410522461,,1.8666666666666667,1.0,1.0,9,19,,d57117f935488f3c2a3ac65ab532d4b9fc93fe8f17bb792884a115def11dca28,16c60b1ad5d32bc48ffa9f9c93f84095a0968c3759510301d62c72dc179aa1e1,0.009067299775779247,0.04265601187944412,
privileged diagnostic after2s,L110,student_teacher_latent_2.0s,F,1,253,124,True,True,True,,0.005815287120640278,0.21257320046424866,,1.8666666666666667,1.0,1.0,9,19,,d57117f935488f3c2a3ac65ab532d4b9fc93fe8f17bb792884a115def11dca28,16c60b1ad5d32bc48ffa9f9c93f84095a0968c3759510301d62c72dc179aa1e1,0.009173987433314323,0.04088014364242554,
privileged diagnostic after2s,L110,student_teacher_latent_2.0s,F,1,254,125,True,True,True,,0.0058584087528288364,0.22213518619537354,,1.8333333333333333,1.0,1.0,9,19,,d57117f935488f3c2a3ac65ab532d4b9fc93fe8f17bb792884a115def11dca28,16c60b1ad5d32bc48ffa9f9c93f84095a0968c3759510301d62c72dc179aa1e1,0.009286878630518913,0.041290074586868286,
privileged diagnostic after2s,L110,student_teacher_latent_2.0s,F,1,255,126,True,True,True,,0.005474472884088755,0.20747767388820648,,1.8666666666666667,1.0,1.0,9,19,,d57117f935488f3c2a3ac65ab532d4b9fc93fe8f17bb792884a115def11dca28,16c60b1ad5d32bc48ffa9f9c93f84095a0968c3759510301d62c72dc179aa1e1,0.00930821057409048,0.04207055643200874,
privileged diagnostic after2s,L110,student_teacher_latent_2.0s,F,1,256,127,True,True,True,,0.005121189169585705,0.22728660702705383,,1.8333333333333333,1.0,1.0,9,19,,d57117f935488f3c2a3ac65ab532d4b9fc93fe8f17bb792884a115def11dca28,16c60b1ad5d32bc48ffa9f9c93f84095a0968c3759510301d62c72dc179aa1e1,0.009331930428743362,0.04088675230741501,
privileged diagnostic after2s,L110,student_teacher_latent_2.0s,F,2,384,128,True,False,False,body/invalid,0.03192802518606186,2.230679750442505,38.666666666666664,2.066666666666667,1.0,1.0,9,18,,d57117f935488f3c2a3ac65ab532d4b9fc93fe8f17bb792884a115def11dca28,16c60b1ad5d32bc48ffa9f9c93f84095a0968c3759510301d62c72dc179aa1e1,0.00891218800097704,0.04068166762590408,
privileged diagnostic after2s,L110,student_teacher_latent_2.0s,F,2,385,129,True,True,True,,0.004380973521620035,0.14846010506153107,,2.066666666666667,1.0,1.0,9,19,,d57117f935488f3c2a3ac65ab532d4b9fc93fe8f17bb792884a115def11dca28,16c60b1ad5d32bc48ffa9f9c93f84095a0968c3759510301d62c72dc179aa1e1,0.009240765124559402,0.040283191949129105,
privileged diagnostic after2s,L110,student_teacher_latent_2.0s,F,2,386,130,True,False,True,body/invalid,0.010268758051097393,0.34011268615722656,31.633333333333333,2.1,1.0,1.0,9,19,,d57117f935488f3c2a3ac65ab532d4b9fc93fe8f17bb792884a115def11dca28,16c60b1ad5d32bc48ffa9f9c93f84095a0968c3759510301d62c72dc179aa1e1,0.009397987276315689,0.04101235419511795,
privileged diagnostic after2s,L110,student_teacher_latent_2.0s,F,2,387,131,True,False,False,body/invalid,0.030686214566230774,1.852417230606079,32.6,2.066666666666667,1.0,1.0,7,15,,d57117f935488f3c2a3ac65ab532d4b9fc93fe8f17bb792884a115def11dca28,16c60b1ad5d32bc48ffa9f9c93f84095a0968c3759510301d62c72dc179aa1e1,0.008849126286804676,0.04088563099503517,
privileged diagnostic after2s,L110,student_teacher_latent_2.0s,F,2,388,132,True,False,False,body/invalid,0.04010068252682686,2.1719677448272705,30.3,2.1,1.0,1.0,7,14,,d57117f935488f3c2a3ac65ab532d4b9fc93fe8f17bb792884a115def11dca28,16c60b1ad5d32bc48ffa9f9c93f84095a0968c3759510301d62c72dc179aa1e1,0.009029555134475231,0.040339045226573944,
privileged diagnostic after2s,L110,student_teacher_latent_2.0s,F,2,389,133,True,True,True,,0.004875939339399338,0.16989026963710785,,2.1,1.0,1.0,9,19,,d57117f935488f3c2a3ac65ab532d4b9fc93fe8f17bb792884a115def11dca28,16c60b1ad5d32bc48ffa9f9c93f84095a0968c3759510301d62c72dc179aa1e1,0.009288855828344822,0.04038303717970848,
privileged diagnostic after2s,L110,student_teacher_latent_2.0s,F,2,390,134,True,False,False,body/invalid,0.03226777911186218,2.078258514404297,28.133333333333333,2.066666666666667,1.0,1.0,6,13,,d57117f935488f3c2a3ac65ab532d4b9fc93fe8f17bb792884a115def11dca28,16c60b1ad5d32bc48ffa9f9c93f84095a0968c3759510301d62c72dc179aa1e1,0.008745294064283371,0.04049383103847504,
privileged diagnostic after2s,L110,student_teacher_latent_2.0s,F,2,391,135,True,False,False,body/invalid,0.03245633840560913,1.7894141674041748,28.6,2.1,1.0,1.0,6,13,,d57117f935488f3c2a3ac65ab532d4b9fc93fe8f17bb792884a115def11dca28,16c60b1ad5d32bc48ffa9f9c93f84095a0968c3759510301d62c72dc179aa1e1,0.008788329549133778,0.04040226712822914,
privileged diagnostic after2s,L110,student_teacher_latent_2.0s,F,2,392,136,True,True,True,,0.0052091022953391075,0.22554796934127808,,2.1,1.0,1.0,9,19,,d57117f935488f3c2a3ac65ab532d4b9fc93fe8f17bb792884a115def11dca28,16c60b1ad5d32bc48ffa9f9c93f84095a0968c3759510301d62c72dc179aa1e1,0.009001490660011768,0.04043465480208397,
privileged diagnostic after2s,L110,student_teacher_latent_2.0s,F,2,393,137,True,False,False,body/invalid,0.034027427434921265,2.2366111278533936,30.2,2.066666666666667,1.0,1.0,7,14,,d57117f935488f3c2a3ac65ab532d4b9fc93fe8f17bb792884a115def11dca28,16c60b1ad5d32bc48ffa9f9c93f84095a0968c3759510301d62c72dc179aa1e1,0.008706917986273766,0.04056612402200699,
privileged diagnostic after2s,L110,student_teacher_latent_2.0s,F,2,394,138,True,False,False,body/invalid,0.027217408642172813,2.1198644638061523,32.93333333333333,2.066666666666667,1.0,1.0,9,18,,d57117f935488f3c2a3ac65ab532d4b9fc93fe8f17bb792884a115def11dca28,16c60b1ad5d32bc48ffa9f9c93f84095a0968c3759510301d62c72dc179aa1e1,0.009161178953945637,0.042881209403276443,
privileged diagnostic after2s,L110,student_teacher_latent_2.0s,F,2,395,139,True,True,True,,0.004368685185909271,0.13904395699501038,,2.1,1.0,1.0,9,19,,d57117f935488f3c2a3ac65ab532d4b9fc93fe8f17bb792884a115def11dca28,16c60b1ad5d32bc48ffa9f9c93f84095a0968c3759510301d62c72dc179aa1e1,0.008992117829620838,0.040513694286346436,
privileged diagnostic after2s,L110,student_teacher_latent_2.0s,F,2,396,140,True,False,False,body/invalid,0.03397032991051674,2.209563970565796,28.233333333333334,2.1,1.0,1.0,6,13,,d57117f935488f3c2a3ac65ab532d4b9fc93fe8f17bb792884a115def11dca28,16c60b1ad5d32bc48ffa9f9c93f84095a0968c3759510301d62c72dc179aa1e1,0.008735444396734238,0.04078510403633118,
privileged diagnostic after2s,L110,student_teacher_latent_2.0s,F,2,397,141,True,False,False,body/invalid,0.028876984491944313,2.0774693489074707,28.266666666666666,2.066666666666667,1.0,1.0,6,13,,d57117f935488f3c2a3ac65ab532d4b9fc93fe8f17bb792884a115def11dca28,16c60b1ad5d32bc48ffa9f9c93f84095a0968c3759510301d62c72dc179aa1e1,0.008563250303268433,0.04197416454553604,
privileged diagnostic after2s,L110,student_teacher_latent_2.0s,F,2,398,142,True,True,True,,0.004315923433750868,0.13622413575649261,,2.066666666666667,1.0,1.0,9,19,,d57117f935488f3c2a3ac65ab532d4b9fc93fe8f17bb792884a115def11dca28,16c60b1ad5d32bc48ffa9f9c93f84095a0968c3759510301d62c72dc179aa1e1,0.008915901184082031,0.040223605930805206,
privileged diagnostic after2s,L110,student_teacher_latent_2.0s,F,2,399,143,True,False,False,body/invalid,0.035687416791915894,2.240647077560425,35.63333333333333,2.1,1.0,1.0,8,17,,d57117f935488f3c2a3ac65ab532d4b9fc93fe8f17bb792884a115def11dca28,16c60b1ad5d32bc48ffa9f9c93f84095a0968c3759510301d62c72dc179aa1e1,0.008920499123632908,0.04056546837091446,
privileged diagnostic after2s,L110,student_teacher_latent_2.0s,F,2,400,144,True,False,True,body/invalid,0.028753502294421196,1.4985978603363037,39.93333333333333,2.066666666666667,1.0,1.0,9,19,,d57117f935488f3c2a3ac65ab532d4b9fc93fe8f17bb792884a115def11dca28,16c60b1ad5d32bc48ffa9f9c93f84095a0968c3759510301d62c72dc179aa1e1,0.008650973439216614,0.0405089445412159,
privileged diagnostic after2s,L110,student_teacher_latent_2.0s,F,2,401,145,True,False,False,body/invalid,0.027004951611161232,1.8902322053909302,27.733333333333334,2.1,1.0,1.0,6,13,,d57117f935488f3c2a3ac65ab532d4b9fc93fe8f17bb792884a115def11dca28,16c60b1ad5d32bc48ffa9f9c93f84095a0968c3759510301d62c72dc179aa1e1,0.008742147125303745,0.0405883714556694,
privileged diagnostic after2s,L110,student_teacher_latent_2.0s,F,2,402,146,True,False,False,body/invalid,0.03214538097381592,1.7550731897354126,28.866666666666667,2.1,1.0,1.0,7,14,,d57117f935488f3c2a3ac65ab532d4b9fc93fe8f17bb792884a115def11dca28,16c60b1ad5d32bc48ffa9f9c93f84095a0968c3759510301d62c72dc179aa1e1,0.009186770766973495,0.04065312072634697,
privileged diagnostic after2s,L110,student_teacher_latent_2.0s,F,2,403,147,True,False,False,body/invalid,0.03121754340827465,2.173372745513916,25.733333333333334,2.066666666666667,1.0,1.0,6,12,,d57117f935488f3c2a3ac65ab532d4b9fc93fe8f17bb792884a115def11dca28,16c60b1ad5d32bc48ffa9f9c93f84095a0968c3759510301d62c72dc179aa1e1,0.00874442607164383,0.04035370796918869,
privileged diagnostic after2s,L110,student_teacher_latent_2.0s,F,2,404,148,True,False,False,body/invalid,0.025650890544056892,1.7601348161697388,29.066666666666666,2.066666666666667,1.0,1.0,7,14,,d57117f935488f3c2a3ac65ab532d4b9fc93fe8f17bb792884a115def11dca28,16c60b1ad5d32bc48ffa9f9c93f84095a0968c3759510301d62c72dc179aa1e1,0.009145712479948997,0.04040827974677086,
privileged diagnostic after2s,L110,student_teacher_latent_2.0s,F,2,405,149,True,True,True,,0.004027676302939653,0.14447486400604248,,2.066666666666667,1.0,1.0,9,19,,d57117f935488f3c2a3ac65ab532d4b9fc93fe8f17bb792884a115def11dca28,16c60b1ad5d32bc48ffa9f9c93f84095a0968c3759510301d62c72dc179aa1e1,0.009077777154743671,0.04053559899330139,
privileged diagnostic after2s,L110,student_teacher_latent_2.0s,F,2,406,150,True,True,True,,0.004755766596645117,0.15607377886772156,,2.066666666666667,1.0,1.0,9,19,,d57117f935488f3c2a3ac65ab532d4b9fc93fe8f17bb792884a115def11dca28,16c60b1ad5d32bc48ffa9f9c93f84095a0968c3759510301d62c72dc179aa1e1,0.008557641878724098,0.04009837657213211,
privileged diagnostic after2s,L110,student_teacher_latent_2.0s,F,2,407,151,True,True,True,,0.004121188074350357,0.14320333302021027,,2.1,1.0,1.0,9,19,,d57117f935488f3c2a3ac65ab532d4b9fc93fe8f17bb792884a115def11dca28,16c60b1ad5d32bc48ffa9f9c93f84095a0968c3759510301d62c72dc179aa1e1,0.009100526571273804,0.040590330958366394,
privileged diagnostic after2s,L110,student_teacher_latent_2.0s,F,2,408,152,True,False,False,body/invalid,0.03215262293815613,2.2400286197662354,29.933333333333334,2.066666666666667,1.0,1.0,7,14,,d57117f935488f3c2a3ac65ab532d4b9fc93fe8f17bb792884a115def11dca28,16c60b1ad5d32bc48ffa9f9c93f84095a0968c3759510301d62c72dc179aa1e1,0.0088041415438056,0.04057770222425461,
privileged diagnostic after2s,L110,student_teacher_latent_2.0s,F,2,409,153,True,True,True,,0.0038580570835620165,0.1251811534166336,,2.1,1.0,1.0,9,19,,d57117f935488f3c2a3ac65ab532d4b9fc93fe8f17bb792884a115def11dca28,16c60b1ad5d32bc48ffa9f9c93f84095a0968c3759510301d62c72dc179aa1e1,0.009103776887059212,0.03999999910593033,
privileged diagnostic after2s,L110,student_teacher_latent_2.0s,F,2,410,154,True,False,False,body/invalid,0.01816577836871147,1.634078025817871,32.0,2.1,1.0,1.0,7,15,,d57117f935488f3c2a3ac65ab532d4b9fc93fe8f17bb792884a115def11dca28,16c60b1ad5d32bc48ffa9f9c93f84095a0968c3759510301d62c72dc179aa1e1,0.008719499222934246,0.04113360866904259,
privileged diagnostic after2s,L110,student_teacher_latent_2.0s,F,2,411,155,True,True,True,,0.004663905594497919,0.1725051999092102,,2.1,1.0,1.0,9,19,,d57117f935488f3c2a3ac65ab532d4b9fc93fe8f17bb792884a115def11dca28,16c60b1ad5d32bc48ffa9f9c93f84095a0968c3759510301d62c72dc179aa1e1,0.009033506736159325,0.0408596396446228,
privileged diagnostic after2s,L110,student_teacher_latent_2.0s,F,2,412,156,True,True,True,,0.004598344676196575,0.1877945065498352,,2.066666666666667,1.0,1.0,9,19,,d57117f935488f3c2a3ac65ab532d4b9fc93fe8f17bb792884a115def11dca28,16c60b1ad5d32bc48ffa9f9c93f84095a0968c3759510301d62c72dc179aa1e1,0.009080405347049236,0.04061020538210869,
privileged diagnostic after2s,L110,student_teacher_latent_2.0s,F,2,413,157,True,False,False,body/invalid,0.025996863842010498,1.9791321754455566,35.86666666666667,2.066666666666667,1.0,1.0,8,17,,d57117f935488f3c2a3ac65ab532d4b9fc93fe8f17bb792884a115def11dca28,16c60b1ad5d32bc48ffa9f9c93f84095a0968c3759510301d62c72dc179aa1e1,0.00848351139575243,0.040055226534605026,
privileged diagnostic after2s,L110,student_teacher_latent_2.0s,F,2,414,158,True,True,True,,0.003994383383542299,0.15547075867652893,,2.1,1.0,1.0,9,19,,d57117f935488f3c2a3ac65ab532d4b9fc93fe8f17bb792884a115def11dca28,16c60b1ad5d32bc48ffa9f9c93f84095a0968c3759510301d62c72dc179aa1e1,0.009106587618589401,0.04037746042013168,
privileged diagnostic after2s,L110,student_teacher_latent_2.0s,F,2,415,159,True,True,True,,0.0041853585280478,0.15972456336021423,,2.033333333333333,1.0,1.0,10,20,,d57117f935488f3c2a3ac65ab532d4b9fc93fe8f17bb792884a115def11dca28,16c60b1ad5d32bc48ffa9f9c93f84095a0968c3759510301d62c72dc179aa1e1,0.008482346311211586,0.042349107563495636,
privileged diagnostic after2s,L110,student_teacher_latent_2.0s,F,2,416,160,True,True,True,,0.004768540617078543,0.16756998002529144,,2.033333333333333,1.0,1.0,10,20,,d57117f935488f3c2a3ac65ab532d4b9fc93fe8f17bb792884a115def11dca28,16c60b1ad5d32bc48ffa9f9c93f84095a0968c3759510301d62c72dc179aa1e1,0.00865726638585329,0.04258836805820465,
privileged diagnostic after2s,L110,student_teacher_latent_2.0s,F,2,417,161,True,True,True,,0.004318508319556713,0.13733190298080444,,2.066666666666667,1.0,1.0,9,19,,d57117f935488f3c2a3ac65ab532d4b9fc93fe8f17bb792884a115def11dca28,16c60b1ad5d32bc48ffa9f9c93f84095a0968c3759510301d62c72dc179aa1e1,0.008774124085903168,0.0409921295940876,
privileged diagnostic after2s,L110,student_teacher_latent_2.0s,F,2,419,162,True,False,False,body/invalid,0.0371401309967041,2.0688910484313965,28.366666666666667,2.066666666666667,1.0,1.0,6,13,,d57117f935488f3c2a3ac65ab532d4b9fc93fe8f17bb792884a115def11dca28,16c60b1ad5d32bc48ffa9f9c93f84095a0968c3759510301d62c72dc179aa1e1,0.008777140639722347,0.040788792073726654,
privileged diagnostic after2s,L110,student_teacher_latent_2.0s,F,2,420,163,True,True,True,,0.004596670623868704,0.16988824307918549,,2.033333333333333,1.0,1.0,10,20,,d57117f935488f3c2a3ac65ab532d4b9fc93fe8f17bb792884a115def11dca28,16c60b1ad5d32bc48ffa9f9c93f84095a0968c3759510301d62c72dc179aa1e1,0.008588970638811588,0.042644523084163666,
privileged diagnostic after2s,L110,student_teacher_latent_2.0s,F,2,421,164,True,False,False,body/invalid,0.03338174521923065,2.239448070526123,26.566666666666666,2.1,1.0,1.0,6,12,,d57117f935488f3c2a3ac65ab532d4b9fc93fe8f17bb792884a115def11dca28,16c60b1ad5d32bc48ffa9f9c93f84095a0968c3759510301d62c72dc179aa1e1,0.009031377732753754,0.04103367030620575,
privileged diagnostic after2s,L110,student_teacher_latent_2.0s,F,2,422,165,True,True,True,,0.0041114529594779015,0.17274077236652374,,2.033333333333333,1.0,1.0,10,20,,d57117f935488f3c2a3ac65ab532d4b9fc93fe8f17bb792884a115def11dca28,16c60b1ad5d32bc48ffa9f9c93f84095a0968c3759510301d62c72dc179aa1e1,0.008452835492789745,0.043508611619472504,
privileged diagnostic after2s,L110,student_teacher_latent_2.0s,F,2,423,166,True,False,False,body/invalid,0.03666294738650322,2.2660934925079346,39.833333333333336,2.066666666666667,1.0,1.0,9,19,,d57117f935488f3c2a3ac65ab532d4b9fc93fe8f17bb792884a115def11dca28,16c60b1ad5d32bc48ffa9f9c93f84095a0968c3759510301d62c72dc179aa1e1,0.008682845160365105,0.0406494140625,
privileged diagnostic after2s,L110,student_teacher_latent_2.0s,F,2,425,167,True,True,True,,0.004066747147589922,0.13342349231243134,,2.066666666666667,1.0,1.0,9,19,,d57117f935488f3c2a3ac65ab532d4b9fc93fe8f17bb792884a115def11dca28,16c60b1ad5d32bc48ffa9f9c93f84095a0968c3759510301d62c72dc179aa1e1,0.008718571625649929,0.040647827088832855,
privileged diagnostic after2s,L110,student_teacher_latent_2.0s,F,2,426,168,True,True,True,,0.003625578014180064,0.1310753971338272,,2.1,1.0,1.0,9,19,,d57117f935488f3c2a3ac65ab532d4b9fc93fe8f17bb792884a115def11dca28,16c60b1ad5d32bc48ffa9f9c93f84095a0968c3759510301d62c72dc179aa1e1,0.008714676834642887,0.04060576856136322,
privileged diagnostic after2s,L110,student_teacher_latent_2.0s,F,2,427,169,True,False,False,body/invalid,0.03276588022708893,2.207120418548584,31.5,2.033333333333333,1.0,1.0,7,15,,d57117f935488f3c2a3ac65ab532d4b9fc93fe8f17bb792884a115def11dca28,16c60b1ad5d32bc48ffa9f9c93f84095a0968c3759510301d62c72dc179aa1e1,0.008735956624150276,0.04280821606516838,
privileged diagnostic after2s,L110,student_teacher_latent_2.0s,F,2,428,170,True,True,True,,0.005632047541439533,0.20607401430606842,,2.066666666666667,1.0,1.0,9,19,,d57117f935488f3c2a3ac65ab532d4b9fc93fe8f17bb792884a115def11dca28,16c60b1ad5d32bc48ffa9f9c93f84095a0968c3759510301d62c72dc179aa1e1,0.008766725659370422,0.04053370654582977,
privileged diagnostic after2s,L110,student_teacher_latent_2.0s,F,2,429,171,True,True,True,,0.004535823129117489,0.16464020311832428,,2.1,1.0,1.0,9,19,,d57117f935488f3c2a3ac65ab532d4b9fc93fe8f17bb792884a115def11dca28,16c60b1ad5d32bc48ffa9f9c93f84095a0968c3759510301d62c72dc179aa1e1,0.008963411673903465,0.04063030332326889,
privileged diagnostic after2s,L110,student_teacher_latent_2.0s,F,2,430,172,True,False,False,body/invalid,0.028088636696338654,2.010493755340576,24.5,2.1,1.0,1.0,6,12,,d57117f935488f3c2a3ac65ab532d4b9fc93fe8f17bb792884a115def11dca28,16c60b1ad5d32bc48ffa9f9c93f84095a0968c3759510301d62c72dc179aa1e1,0.008776534348726273,0.040742889046669006,
privileged diagnostic after2s,L110,student_teacher_latent_2.0s,F,2,431,173,True,True,True,,0.00427961815148592,0.16476887464523315,,2.0,1.0,1.0,10,20,,d57117f935488f3c2a3ac65ab532d4b9fc93fe8f17bb792884a115def11dca28,16c60b1ad5d32bc48ffa9f9c93f84095a0968c3759510301d62c72dc179aa1e1,0.008234759792685509,0.04290024936199188,
privileged diagnostic after2s,L110,student_teacher_latent_2.0s,F,2,432,174,True,True,True,,0.004276216495782137,0.16654494404792786,,2.066666666666667,1.0,1.0,9,19,,d57117f935488f3c2a3ac65ab532d4b9fc93fe8f17bb792884a115def11dca28,16c60b1ad5d32bc48ffa9f9c93f84095a0968c3759510301d62c72dc179aa1e1,0.008995790034532547,0.04071398079395294,
privileged diagnostic after2s,L110,student_teacher_latent_2.0s,F,2,433,175,True,False,False,body/invalid,0.026862138882279396,2.021916389465332,36.6,2.066666666666667,1.0,1.0,8,17,,d57117f935488f3c2a3ac65ab532d4b9fc93fe8f17bb792884a115def11dca28,16c60b1ad5d32bc48ffa9f9c93f84095a0968c3759510301d62c72dc179aa1e1,0.008920055814087391,0.040406834334135056,
privileged diagnostic after2s,L110,student_teacher_latent_2.0s,F,2,434,176,True,False,False,body/invalid,0.0352151058614254,1.879179835319519,32.333333333333336,2.066666666666667,1.0,1.0,7,15,,d57117f935488f3c2a3ac65ab532d4b9fc93fe8f17bb792884a115def11dca28,16c60b1ad5d32bc48ffa9f9c93f84095a0968c3759510301d62c72dc179aa1e1,0.008815765380859375,0.04056822508573532,
privileged diagnostic after2s,L110,student_teacher_latent_2.0s,F,2,435,177,True,True,True,,0.004744912497699261,0.1494850218296051,,2.066666666666667,1.0,1.0,9,19,,d57117f935488f3c2a3ac65ab532d4b9fc93fe8f17bb792884a115def11dca28,16c60b1ad5d32bc48ffa9f9c93f84095a0968c3759510301d62c72dc179aa1e1,0.008684936910867691,0.04037148132920265,
privileged diagnostic after2s,L110,student_teacher_latent_2.0s,F,2,436,178,True,True,True,,0.004558805376291275,0.15008684992790222,,2.066666666666667,1.0,1.0,9,19,,d57117f935488f3c2a3ac65ab532d4b9fc93fe8f17bb792884a115def11dca28,16c60b1ad5d32bc48ffa9f9c93f84095a0968c3759510301d62c72dc179aa1e1,0.00901955459266901,0.04046183452010155,
privileged diagnostic after2s,L110,student_teacher_latent_2.0s,F,2,437,179,True,True,True,,0.005066908895969391,0.20744286477565765,,2.066666666666667,1.0,1.0,9,19,,d57117f935488f3c2a3ac65ab532d4b9fc93fe8f17bb792884a115def11dca28,16c60b1ad5d32bc48ffa9f9c93f84095a0968c3759510301d62c72dc179aa1e1,0.008854794315993786,0.04094434157013893,
privileged diagnostic after2s,L110,student_teacher_latent_2.0s,F,2,439,180,True,False,False,body/invalid,0.026585372164845467,1.851832628250122,21.033333333333335,2.1,1.0,1.0,6,12,,d57117f935488f3c2a3ac65ab532d4b9fc93fe8f17bb792884a115def11dca28,16c60b1ad5d32bc48ffa9f9c93f84095a0968c3759510301d62c72dc179aa1e1,0.0091667165979743,0.04148571938276291,
privileged diagnostic after2s,L110,student_teacher_latent_2.0s,F,2,440,181,True,True,True,,0.004199877381324768,0.15052300691604614,,2.1,1.0,1.0,9,19,,d57117f935488f3c2a3ac65ab532d4b9fc93fe8f17bb792884a115def11dca28,16c60b1ad5d32bc48ffa9f9c93f84095a0968c3759510301d62c72dc179aa1e1,0.008967764675617218,0.04010472446680069,
privileged diagnostic after2s,L110,student_teacher_latent_2.0s,F,2,441,182,True,True,True,,0.0044493707828223705,0.16054120659828186,,2.1,1.0,1.0,9,19,,d57117f935488f3c2a3ac65ab532d4b9fc93fe8f17bb792884a115def11dca28,16c60b1ad5d32bc48ffa9f9c93f84095a0968c3759510301d62c72dc179aa1e1,0.009002947248518467,0.04031858965754509,
privileged diagnostic after2s,L110,student_teacher_latent_2.0s,F,2,442,183,True,True,True,,0.004673262592405081,0.19528891146183014,,2.1,1.0,1.0,9,19,,d57117f935488f3c2a3ac65ab532d4b9fc93fe8f17bb792884a115def11dca28,16c60b1ad5d32bc48ffa9f9c93f84095a0968c3759510301d62c72dc179aa1e1,0.009169425815343857,0.04021838679909706,
privileged diagnostic after2s,L110,student_teacher_latent_2.0s,F,2,444,184,True,True,True,,0.004005280788987875,0.1541389375925064,,2.0,1.0,1.0,10,20,,d57117f935488f3c2a3ac65ab532d4b9fc93fe8f17bb792884a115def11dca28,16c60b1ad5d32bc48ffa9f9c93f84095a0968c3759510301d62c72dc179aa1e1,0.00858495756983757,0.043050285428762436,
privileged diagnostic after2s,L110,student_teacher_latent_2.0s,F,2,445,185,True,True,True,,0.003958747256547213,0.14298178255558014,,2.066666666666667,1.0,1.0,9,19,,d57117f935488f3c2a3ac65ab532d4b9fc93fe8f17bb792884a115def11dca28,16c60b1ad5d32bc48ffa9f9c93f84095a0968c3759510301d62c72dc179aa1e1,0.008548082783818245,0.03999999910593033,
privileged diagnostic after2s,L110,student_teacher_latent_2.0s,F,2,446,186,True,False,False,body/invalid,0.03639764338731766,2.3562493324279785,36.8,2.066666666666667,1.0,1.0,9,18,,d57117f935488f3c2a3ac65ab532d4b9fc93fe8f17bb792884a115def11dca28,16c60b1ad5d32bc48ffa9f9c93f84095a0968c3759510301d62c72dc179aa1e1,0.008907794952392578,0.04097551852464676,
privileged diagnostic after2s,L110,student_teacher_latent_2.0s,F,2,447,187,True,False,True,body/invalid,0.010049305856227875,0.3314415514469147,30.866666666666667,2.1,1.0,1.0,9,19,,d57117f935488f3c2a3ac65ab532d4b9fc93fe8f17bb792884a115def11dca28,16c60b1ad5d32bc48ffa9f9c93f84095a0968c3759510301d62c72dc179aa1e1,0.009283192455768585,0.04040863737463951,
privileged diagnostic after2s,L110,student_teacher_latent_2.0s,F,2,448,188,True,False,False,body/invalid,0.03698626533150673,2.289808750152588,28.166666666666668,2.1,1.0,1.0,6,13,,d57117f935488f3c2a3ac65ab532d4b9fc93fe8f17bb792884a115def11dca28,16c60b1ad5d32bc48ffa9f9c93f84095a0968c3759510301d62c72dc179aa1e1,0.008637047372758389,0.040799580514431,
privileged diagnostic after2s,L110,student_teacher_latent_2.0s,F,2,449,189,True,False,False,body/invalid,0.03197817504405975,2.2270445823669434,36.0,2.066666666666667,1.0,1.0,8,17,,d57117f935488f3c2a3ac65ab532d4b9fc93fe8f17bb792884a115def11dca28,16c60b1ad5d32bc48ffa9f9c93f84095a0968c3759510301d62c72dc179aa1e1,0.008792662061750889,0.04101904481649399,
privileged diagnostic after2s,L110,student_teacher_latent_2.0s,F,2,450,190,True,False,False,body/invalid,0.04304834455251694,2.157874584197998,24.3,2.1,1.0,1.0,5,11,,d57117f935488f3c2a3ac65ab532d4b9fc93fe8f17bb792884a115def11dca28,16c60b1ad5d32bc48ffa9f9c93f84095a0968c3759510301d62c72dc179aa1e1,0.00884259957820177,0.04193494841456413,
privileged diagnostic after2s,L110,student_teacher_latent_2.0s,F,2,451,191,True,True,True,,0.003916067536920309,0.1361042708158493,,2.1,1.0,1.0,9,19,,d57117f935488f3c2a3ac65ab532d4b9fc93fe8f17bb792884a115def11dca28,16c60b1ad5d32bc48ffa9f9c93f84095a0968c3759510301d62c72dc179aa1e1,0.00877960491925478,0.03999999910593033,
legal parent,W120,student,F,0,0,0,True,True,True,,0.00511062890291214,0.16873984038829803,,1.8333333333333333,0.9995809746906161,0.9995809756219387,10,20,,bc1951327f3fed7380cca9b613e6806605fe93db8a246f283b9d548b6228bc85,f2609bf74f2364c861b817763470a1075046c5b64dfb6742d28b4584c1401cff,0.00751683721318841,0.03999999910593033,
legal parent,W120,student,F,0,1,1,True,True,True,,0.005288308952003717,0.15616042912006378,,1.8333333333333333,1.0,1.0,10,20,,bc1951327f3fed7380cca9b613e6806605fe93db8a246f283b9d548b6228bc85,f2609bf74f2364c861b817763470a1075046c5b64dfb6742d28b4584c1401cff,0.007538289297372103,0.03999999910593033,
legal parent,W120,student,F,0,2,2,True,True,True,,0.004835952538996935,0.15557195246219635,,1.8333333333333333,0.9969817814417183,0.9969817474484444,10,20,,bc1951327f3fed7380cca9b613e6806605fe93db8a246f283b9d548b6228bc85,f2609bf74f2364c861b817763470a1075046c5b64dfb6742d28b4584c1401cff,0.007760542910546064,0.03999999910593033,
legal parent,W120,student,F,0,3,3,True,True,True,,0.004874520469456911,0.18627110123634338,,1.8666666666666667,1.0,1.0,10,20,,bc1951327f3fed7380cca9b613e6806605fe93db8a246f283b9d548b6228bc85,f2609bf74f2364c861b817763470a1075046c5b64dfb6742d28b4584c1401cff,0.007430582772940397,0.03999999910593033,
legal parent,W120,student,F,0,4,4,True,True,True,,0.005419692490249872,0.1950029581785202,,1.8333333333333333,1.0,1.0,10,20,,bc1951327f3fed7380cca9b613e6806605fe93db8a246f283b9d548b6228bc85,f2609bf74f2364c861b817763470a1075046c5b64dfb6742d28b4584c1401cff,0.007470780052244663,0.03999999910593033,
legal parent,W120,student,F,0,5,5,True,True,True,,0.00568328658118844,0.1977834850549698,,1.8333333333333333,1.0,1.0,10,20,,bc1951327f3fed7380cca9b613e6806605fe93db8a246f283b9d548b6228bc85,f2609bf74f2364c861b817763470a1075046c5b64dfb6742d28b4584c1401cff,0.007375831715762615,0.03999999910593033,
legal parent,W120,student,F,0,6,6,True,True,True,,0.00490560382604599,0.15839700400829315,,1.8333333333333333,1.0,1.0,10,20,,bc1951327f3fed7380cca9b613e6806605fe93db8a246f283b9d548b6228bc85,f2609bf74f2364c861b817763470a1075046c5b64dfb6742d28b4584c1401cff,0.007611826993525028,0.03999999910593033,
legal parent,W120,student,F,0,7,7,True,True,True,,0.005347488448023796,0.1557745486497879,,1.8666666666666667,0.995327414944768,0.9953273460268974,10,20,,bc1951327f3fed7380cca9b613e6806605fe93db8a246f283b9d548b6228bc85,f2609bf74f2364c861b817763470a1075046c5b64dfb6742d28b4584c1401cff,0.007568940985947847,0.03999999910593033,
legal parent,W120,student,F,0,8,8,True,True,True,,0.00529189920052886,0.16183458268642426,,1.8333333333333333,0.9829031177796423,0.9829031303524971,10,20,,bc1951327f3fed7380cca9b613e6806605fe93db8a246f283b9d548b6228bc85,f2609bf74f2364c861b817763470a1075046c5b64dfb6742d28b4584c1401cff,0.007869534194469452,0.03999999910593033,
legal parent,W120,student,F,0,9,9,True,True,True,,0.0057020108215510845,0.14700408279895782,,1.8333333333333333,0.9876982416026294,0.9876982308924198,10,20,,bc1951327f3fed7380cca9b613e6806605fe93db8a246f283b9d548b6228bc85,f2609bf74f2364c861b817763470a1075046c5b64dfb6742d28b4584c1401cff,0.007677156012505293,0.03999999910593033,
legal parent,W120,student,F,0,10,10,True,True,True,,0.005266261752694845,0.15193167328834534,,1.8666666666666667,1.0,1.0,10,20,,bc1951327f3fed7380cca9b613e6806605fe93db8a246f283b9d548b6228bc85,f2609bf74f2364c861b817763470a1075046c5b64dfb6742d28b4584c1401cff,0.007427176460623741,0.03999999910593033,
legal parent,W120,student,F,0,11,11,True,True,True,,0.005376240238547325,0.1750754863023758,,1.8666666666666667,1.0,1.0,10,20,,bc1951327f3fed7380cca9b613e6806605fe93db8a246f283b9d548b6228bc85,f2609bf74f2364c861b817763470a1075046c5b64dfb6742d28b4584c1401cff,0.007382650393992662,0.03999999910593033,
legal parent,W120,student,F,0,12,12,True,True,True,,0.005270765628665686,0.150506854057312,,1.8333333333333333,1.0,1.0,10,20,,bc1951327f3fed7380cca9b613e6806605fe93db8a246f283b9d548b6228bc85,f2609bf74f2364c861b817763470a1075046c5b64dfb6742d28b4584c1401cff,0.007763916626572609,0.03999999910593033,
legal parent,W120,student,F,0,13,13,True,True,True,,0.005116760730743408,0.15821488201618195,,1.8333333333333333,1.0,1.0,10,20,,bc1951327f3fed7380cca9b613e6806605fe93db8a246f283b9d548b6228bc85,f2609bf74f2364c861b817763470a1075046c5b64dfb6742d28b4584c1401cff,0.00776603864505887,0.03999999910593033,
legal parent,W120,student,F,0,14,14,True,True,True,,0.0055322772823274136,0.15399794280529022,,1.8333333333333333,1.0,1.0,10,20,,bc1951327f3fed7380cca9b613e6806605fe93db8a246f283b9d548b6228bc85,f2609bf74f2364c861b817763470a1075046c5b64dfb6742d28b4584c1401cff,0.007750330027192831,0.03999999910593033,
legal parent,W120,student,F,0,15,15,True,True,True,,0.005094782914966345,0.14389194548130035,,1.8333333333333333,1.0,1.0,10,20,,bc1951327f3fed7380cca9b613e6806605fe93db8a246f283b9d548b6228bc85,f2609bf74f2364c861b817763470a1075046c5b64dfb6742d28b4584c1401cff,0.007902532815933228,0.03999999910593033,
legal parent,W120,student,F,0,16,16,True,True,True,,0.005483325105160475,0.16035662591457367,,1.8333333333333333,1.0,1.0,10,20,,bc1951327f3fed7380cca9b613e6806605fe93db8a246f283b9d548b6228bc85,f2609bf74f2364c861b817763470a1075046c5b64dfb6742d28b4584c1401cff,0.007580069825053215,0.04019403085112572,
legal parent,W120,student,F,0,17,17,True,True,True,,0.0057470607571303844,0.21574144065380096,,1.8333333333333333,0.9906377866864204,0.9906377643346786,10,20,,bc1951327f3fed7380cca9b613e6806605fe93db8a246f283b9d548b6228bc85,f2609bf74f2364c861b817763470a1075046c5b64dfb6742d28b4584c1401cff,0.007730024866759777,0.03999999910593033,
legal parent,W120,student,F,0,18,18,True,True,True,,0.005653138738125563,0.15755045413970947,,1.8333333333333333,0.9956043204292655,0.9956043213605881,10,20,,bc1951327f3fed7380cca9b613e6806605fe93db8a246f283b9d548b6228bc85,f2609bf74f2364c861b817763470a1075046c5b64dfb6742d28b4584c1401cff,0.0077747441828250885,0.03999999910593033,
legal parent,W120,student,F,0,19,19,True,True,True,,0.005372905172407627,0.16798759996891022,,1.8333333333333333,0.9855615198612213,0.9855614975094795,10,20,,bc1951327f3fed7380cca9b613e6806605fe93db8a246f283b9d548b6228bc85,f2609bf74f2364c861b817763470a1075046c5b64dfb6742d28b4584c1401cff,0.00786160584539175,0.03999999910593033,
legal parent,W120,student,F,0,20,20,True,True,True,,0.005350132007151842,0.16096530854701996,,1.8333333333333333,1.0,1.0,10,20,,bc1951327f3fed7380cca9b613e6806605fe93db8a246f283b9d548b6228bc85,f2609bf74f2364c861b817763470a1075046c5b64dfb6742d28b4584c1401cff,0.007542910519987345,0.03999999910593033,
legal parent,W120,student,F,0,21,21,True,True,True,,0.005186356138437986,0.15297971665859222,,1.8333333333333333,1.0,1.0,10,20,,bc1951327f3fed7380cca9b613e6806605fe93db8a246f283b9d548b6228bc85,f2609bf74f2364c861b817763470a1075046c5b64dfb6742d28b4584c1401cff,0.007667243480682373,0.03999999910593033,
legal parent,W120,student,F,0,22,22,True,True,True,,0.004711969289928675,0.17930513620376587,,1.8333333333333333,1.0,1.0,10,20,,bc1951327f3fed7380cca9b613e6806605fe93db8a246f283b9d548b6228bc85,f2609bf74f2364c861b817763470a1075046c5b64dfb6742d28b4584c1401cff,0.007354763336479664,0.03999999910593033,
legal parent,W120,student,F,0,23,23,True,True,True,,0.005376659799367189,0.15336152911186218,,1.8333333333333333,1.0,1.0,10,20,,bc1951327f3fed7380cca9b613e6806605fe93db8a246f283b9d548b6228bc85,f2609bf74f2364c861b817763470a1075046c5b64dfb6742d28b4584c1401cff,0.007418423425406218,0.03999999910593033,
legal parent,W120,student,F,0,24,24,True,True,True,,0.005249562673270702,0.15668322145938873,,1.8333333333333333,1.0,1.0,10,20,,bc1951327f3fed7380cca9b613e6806605fe93db8a246f283b9d548b6228bc85,f2609bf74f2364c861b817763470a1075046c5b64dfb6742d28b4584c1401cff,0.008054573088884354,0.03999999910593033,
legal parent,W120,student,F,0,25,25,True,True,True,,0.0054529872722923756,0.16451482474803925,,1.8333333333333333,1.0,1.0,10,20,,bc1951327f3fed7380cca9b613e6806605fe93db8a246f283b9d548b6228bc85,f2609bf74f2364c861b817763470a1075046c5b64dfb6742d28b4584c1401cff,0.007353612687438726,0.03999999910593033,
legal parent,W120,student,F,0,26,26,True,True,True,,0.005697972606867552,0.15702185034751892,,1.8333333333333333,0.994526884984225,0.9945268742740154,10,20,,bc1951327f3fed7380cca9b613e6806605fe93db8a246f283b9d548b6228bc85,f2609bf74f2364c861b817763470a1075046c5b64dfb6742d28b4584c1401cff,0.007633707486093044,0.03999999910593033,
legal parent,W120,student,F,0,28,27,True,True,True,,0.005433602724224329,0.1715766340494156,,1.8333333333333333,1.0,1.0,10,20,,bc1951327f3fed7380cca9b613e6806605fe93db8a246f283b9d548b6228bc85,f2609bf74f2364c861b817763470a1075046c5b64dfb6742d28b4584c1401cff,0.007725289557129145,0.03999999910593033,
legal parent,W120,student,F,0,29,28,True,True,True,,0.005506208166480064,0.16787980496883392,,1.8333333333333333,1.0,1.0,10,20,,bc1951327f3fed7380cca9b613e6806605fe93db8a246f283b9d548b6228bc85,f2609bf74f2364c861b817763470a1075046c5b64dfb6742d28b4584c1401cff,0.007797360420227051,0.03999999910593033,
legal parent,W120,student,F,0,30,29,True,True,True,,0.005470081232488155,0.14280834794044495,,1.8333333333333333,1.0,1.0,10,20,,bc1951327f3fed7380cca9b613e6806605fe93db8a246f283b9d548b6228bc85,f2609bf74f2364c861b817763470a1075046c5b64dfb6742d28b4584c1401cff,0.007157833781093359,0.03999999910593033,
legal parent,W120,student,F,0,31,30,True,True,True,,0.0055790129117667675,0.1671338528394699,,1.8333333333333333,0.9842633260414004,0.984263326972723,10,20,,bc1951327f3fed7380cca9b613e6806605fe93db8a246f283b9d548b6228bc85,f2609bf74f2364c861b817763470a1075046c5b64dfb6742d28b4584c1401cff,0.007785874884575605,0.03999999910593033,
legal parent,W120,student,F,0,32,31,True,True,True,,0.005933824926614761,0.1654626876115799,,1.8333333333333333,0.9865464167669415,0.9865463711321354,10,20,,bc1951327f3fed7380cca9b613e6806605fe93db8a246f283b9d548b6228bc85,f2609bf74f2364c861b817763470a1075046c5b64dfb6742d28b4584c1401cff,0.0076346383430063725,0.03999999910593033,
legal parent,W120,student,F,0,33,32,True,True,True,,0.0060028256848454475,0.16143903136253357,,1.8333333333333333,1.0,1.0,10,20,,bc1951327f3fed7380cca9b613e6806605fe93db8a246f283b9d548b6228bc85,f2609bf74f2364c861b817763470a1075046c5b64dfb6742d28b4584c1401cff,0.007479531690478325,0.04056742042303085,
legal parent,W120,student,F,0,34,33,True,True,True,,0.005642413627356291,0.16215768456459045,,1.8666666666666667,0.9998305574990809,0.9998305700719357,10,20,,bc1951327f3fed7380cca9b613e6806605fe93db8a246f283b9d548b6228bc85,f2609bf74f2364c861b817763470a1075046c5b64dfb6742d28b4584c1401cff,0.007674189284443855,0.03999999910593033,
legal parent,W120,student,F,0,35,34,True,True,True,,0.0048400904051959515,0.16328799724578857,,1.8333333333333333,1.0,1.0,10,20,,bc1951327f3fed7380cca9b613e6806605fe93db8a246f283b9d548b6228bc85,f2609bf74f2364c861b817763470a1075046c5b64dfb6742d28b4584c1401cff,0.0076054772362113,0.03999999910593033,
legal parent,W120,student,F,0,37,35,True,True,True,,0.0050709443166852,0.15259353816509247,,1.8333333333333333,1.0,1.0,10,20,,bc1951327f3fed7380cca9b613e6806605fe93db8a246f283b9d548b6228bc85,f2609bf74f2364c861b817763470a1075046c5b64dfb6742d28b4584c1401cff,0.007638134993612766,0.03999999910593033,
legal parent,W120,student,F,0,38,36,True,True,True,,0.004919837694615126,0.1446595937013626,,1.8666666666666667,0.9945120071060956,0.9945119731128216,10,20,,bc1951327f3fed7380cca9b613e6806605fe93db8a246f283b9d548b6228bc85,f2609bf74f2364c861b817763470a1075046c5b64dfb6742d28b4584c1401cff,0.0073969666846096516,0.03999999910593033,
legal parent,W120,student,F,0,40,37,True,True,True,,0.005446155555546284,0.15259455144405365,,1.8333333333333333,1.0,1.0,10,20,,bc1951327f3fed7380cca9b613e6806605fe93db8a246f283b9d548b6228bc85,f2609bf74f2364c861b817763470a1075046c5b64dfb6742d28b4584c1401cff,0.0074197580106556416,0.04018673673272133,
legal parent,W120,student,F,0,41,38,True,True,True,,0.0052645280957221985,0.14865125715732574,,1.8333333333333333,1.0,1.0,10,20,,bc1951327f3fed7380cca9b613e6806605fe93db8a246f283b9d548b6228bc85,f2609bf74f2364c861b817763470a1075046c5b64dfb6742d28b4584c1401cff,0.007618520874530077,0.03999999910593033,
legal parent,W120,student,F,0,42,39,True,True,True,,0.005095002241432667,0.187409445643425,,1.8333333333333333,0.9967871699482203,0.9967871010303497,10,20,,bc1951327f3fed7380cca9b613e6806605fe93db8a246f283b9d548b6228bc85,f2609bf74f2364c861b817763470a1075046c5b64dfb6742d28b4584c1401cff,0.007393142208456993,0.03999999910593033,
legal parent,W120,student,F,0,43,40,True,True,True,,0.005310093984007835,0.14994317293167114,,1.8333333333333333,1.0,1.0,10,20,,bc1951327f3fed7380cca9b613e6806605fe93db8a246f283b9d548b6228bc85,f2609bf74f2364c861b817763470a1075046c5b64dfb6742d28b4584c1401cff,0.0073636602610349655,0.03999999910593033,
legal parent,W120,student,F,0,44,41,True,True,True,,0.0054196580313146114,0.15548524260520935,,1.8333333333333333,1.0,1.0,10,20,,bc1951327f3fed7380cca9b613e6806605fe93db8a246f283b9d548b6228bc85,f2609bf74f2364c861b817763470a1075046c5b64dfb6742d28b4584c1401cff,0.0078032598830759525,0.03999999910593033,
legal parent,W120,student,F,0,45,42,True,True,True,,0.004917067941278219,0.15585051476955414,,1.8333333333333333,1.0,1.0,10,20,,bc1951327f3fed7380cca9b613e6806605fe93db8a246f283b9d548b6228bc85,f2609bf74f2364c861b817763470a1075046c5b64dfb6742d28b4584c1401cff,0.007292925380170345,0.03999999910593033,
legal parent,W120,student,F,0,46,43,True,True,True,,0.0052915820851922035,0.15814007818698883,,1.8333333333333333,0.992314784321934,0.9923147968947887,10,20,,bc1951327f3fed7380cca9b613e6806605fe93db8a246f283b9d548b6228bc85,f2609bf74f2364c861b817763470a1075046c5b64dfb6742d28b4584c1401cff,0.007693441119045019,0.03999999910593033,
legal parent,W120,student,F,0,47,44,True,True,True,,0.005213354714214802,0.1779254972934723,,1.8333333333333333,1.0,1.0,10,20,,bc1951327f3fed7380cca9b613e6806605fe93db8a246f283b9d548b6228bc85,f2609bf74f2364c861b817763470a1075046c5b64dfb6742d28b4584c1401cff,0.007369404658675194,0.03999999910593033,
legal parent,W120,student,F,0,48,45,True,True,True,,0.005919307470321655,0.15567190945148468,,1.8333333333333333,1.0,1.0,10,20,,bc1951327f3fed7380cca9b613e6806605fe93db8a246f283b9d548b6228bc85,f2609bf74f2364c861b817763470a1075046c5b64dfb6742d28b4584c1401cff,0.007713028695434332,0.03999999910593033,
legal parent,W120,student,F,0,49,46,True,True,True,,0.005784782115370035,0.14181958138942719,,1.8333333333333333,0.98496895423159,0.9849688969552517,10,20,,bc1951327f3fed7380cca9b613e6806605fe93db8a246f283b9d548b6228bc85,f2609bf74f2364c861b817763470a1075046c5b64dfb6742d28b4584c1401cff,0.007580474950373173,0.03999999910593033,
legal parent,W120,student,F,0,50,47,True,True,True,,0.00515765743330121,0.1545138955116272,,1.8333333333333333,0.9949860153719783,0.9949860163033009,10,20,,bc1951327f3fed7380cca9b613e6806605fe93db8a246f283b9d548b6228bc85,f2609bf74f2364c861b817763470a1075046c5b64dfb6742d28b4584c1401cff,0.00777878612279892,0.03999999910593033,
legal parent,W120,student,F,0,51,48,True,True,True,,0.005406225565820932,0.15032550692558289,,1.8333333333333333,0.994385102763772,0.9943850338459015,10,20,,bc1951327f3fed7380cca9b613e6806605fe93db8a246f283b9d548b6228bc85,f2609bf74f2364c861b817763470a1075046c5b64dfb6742d28b4584c1401cff,0.0075850579887628555,0.03999999910593033,
legal parent,W120,student,F,0,52,49,True,True,True,,0.005540594458580017,0.1616661101579666,,1.8333333333333333,1.0,1.0,10,20,,bc1951327f3fed7380cca9b613e6806605fe93db8a246f283b9d548b6228bc85,f2609bf74f2364c861b817763470a1075046c5b64dfb6742d28b4584c1401cff,0.007765973452478647,0.03999999910593033,
legal parent,W120,student,F,0,53,50,True,True,True,,0.0054178740829229355,0.15997210144996643,,1.8333333333333333,0.9979272484779358,0.997927226126194,10,20,,bc1951327f3fed7380cca9b613e6806605fe93db8a246f283b9d548b6228bc85,f2609bf74f2364c861b817763470a1075046c5b64dfb6742d28b4584c1401cff,0.007559490390121937,0.03999999910593033,
legal parent,W120,student,F,0,54,51,True,True,True,,0.005608625244349241,0.16514302790164948,,1.8333333333333333,1.0,1.0,10,20,,bc1951327f3fed7380cca9b613e6806605fe93db8a246f283b9d548b6228bc85,f2609bf74f2364c861b817763470a1075046c5b64dfb6742d28b4584c1401cff,0.007678629364818335,0.040878426283597946,
legal parent,W120,student,F,0,55,52,True,True,True,,0.005596760660409927,0.24066400527954102,,1.8666666666666667,0.9887767247855663,0.9887767024338245,10,20,,bc1951327f3fed7380cca9b613e6806605fe93db8a246f283b9d548b6228bc85,f2609bf74f2364c861b817763470a1075046c5b64dfb6742d28b4584c1401cff,0.007847033441066742,0.03999999910593033,
legal parent,W120,student,F,0,56,53,True,True,True,,0.004675217904150486,0.17028860747814178,,1.8333333333333333,0.9938472406938672,0.993847195059061,10,20,,bc1951327f3fed7380cca9b613e6806605fe93db8a246f283b9d548b6228bc85,f2609bf74f2364c861b817763470a1075046c5b64dfb6742d28b4584c1401cff,0.007484931033104658,0.03999999910593033,
legal parent,W120,student,F,0,57,54,True,True,True,,0.005106680560857058,0.17588181793689728,,1.8666666666666667,1.0,1.0,10,20,,bc1951327f3fed7380cca9b613e6806605fe93db8a246f283b9d548b6228bc85,f2609bf74f2364c861b817763470a1075046c5b64dfb6742d28b4584c1401cff,0.007590338587760925,0.03999999910593033,
legal parent,W120,student,F,0,58,55,True,True,True,,0.005228041205555201,0.15819428861141205,,1.8333333333333333,1.0,1.0,10,20,,bc1951327f3fed7380cca9b613e6806605fe93db8a246f283b9d548b6228bc85,f2609bf74f2364c861b817763470a1075046c5b64dfb6742d28b4584c1401cff,0.0075461482629179955,0.04048622399568558,
legal parent,W120,student,F,0,59,56,True,True,True,,0.0052701374515891075,0.16200925409793854,,1.8333333333333333,1.0,1.0,10,20,,bc1951327f3fed7380cca9b613e6806605fe93db8a246f283b9d548b6228bc85,f2609bf74f2364c861b817763470a1075046c5b64dfb6742d28b4584c1401cff,0.007596682757139206,0.03999999910593033,
legal parent,W120,student,F,0,61,57,True,True,True,,0.005096028558909893,0.16326837241649628,,1.8333333333333333,0.9984522233717144,0.9984522126615047,10,20,,bc1951327f3fed7380cca9b613e6806605fe93db8a246f283b9d548b6228bc85,f2609bf74f2364c861b817763470a1075046c5b64dfb6742d28b4584c1401cff,0.00727861188352108,0.03999999910593033,
legal parent,W120,student,F,0,62,58,True,True,True,,0.005284618586301804,0.17454789578914642,,1.8333333333333333,1.0,1.0,10,20,,bc1951327f3fed7380cca9b613e6806605fe93db8a246f283b9d548b6228bc85,f2609bf74f2364c861b817763470a1075046c5b64dfb6742d28b4584c1401cff,0.00763904582709074,0.04002125933766365,
legal parent,W120,student,F,0,63,59,True,True,True,,0.00448583485558629,0.20234543085098267,,1.8333333333333333,0.9983689980581403,0.9983689524233341,10,20,,bc1951327f3fed7380cca9b613e6806605fe93db8a246f283b9d548b6228bc85,f2609bf74f2364c861b817763470a1075046c5b64dfb6742d28b4584c1401cff,0.007398108020424843,0.03999999910593033,
legal parent,W120,student,F,0,64,60,True,True,True,,0.005287380889058113,0.16189293563365936,,1.8333333333333333,0.9991663382388651,0.9991663508117199,10,20,,bc1951327f3fed7380cca9b613e6806605fe93db8a246f283b9d548b6228bc85,f2609bf74f2364c861b817763470a1075046c5b64dfb6742d28b4584c1401cff,0.0073448545299470425,0.03999999910593033,
legal parent,W120,student,F,0,65,61,True,True,True,,0.004966746084392071,0.1700337529182434,,1.8333333333333333,0.989519000519067,0.9895189665257931,10,20,,bc1951327f3fed7380cca9b613e6806605fe93db8a246f283b9d548b6228bc85,f2609bf74f2364c861b817763470a1075046c5b64dfb6742d28b4584c1401cff,0.007568811532109976,0.03999999910593033,
legal parent,W120,student,F,0,66,62,True,True,True,,0.005910384934395552,0.15668849647045135,,1.8333333333333333,1.0,1.0,10,20,,bc1951327f3fed7380cca9b613e6806605fe93db8a246f283b9d548b6228bc85,f2609bf74f2364c861b817763470a1075046c5b64dfb6742d28b4584c1401cff,0.007255911827087402,0.03999999910593033,
legal parent,W120,student,F,0,67,63,True,True,True,,0.005792320240288973,0.17405050992965698,,1.8333333333333333,0.994000478181988,0.9940004907548428,10,20,,bc1951327f3fed7380cca9b613e6806605fe93db8a246f283b9d548b6228bc85,f2609bf74f2364c861b817763470a1075046c5b64dfb6742d28b4584c1401cff,0.007884940132498741,0.03999999910593033,
legal parent,W120,student,F,1,192,64,True,True,True,,0.005042396020144224,0.23147565126419067,,1.8333333333333333,1.0,1.0,9,19,,bc1951327f3fed7380cca9b613e6806605fe93db8a246f283b9d548b6228bc85,f2609bf74f2364c861b817763470a1075046c5b64dfb6742d28b4584c1401cff,0.008919225074350834,0.04059073328971863,
legal parent,W120,student,F,1,193,65,True,True,True,,0.004853151738643646,0.21271882951259613,,1.8666666666666667,1.0,1.0,9,19,,bc1951327f3fed7380cca9b613e6806605fe93db8a246f283b9d548b6228bc85,f2609bf74f2364c861b817763470a1075046c5b64dfb6742d28b4584c1401cff,0.008997603319585323,0.03999999910593033,
legal parent,W120,student,F,1,194,66,True,True,True,,0.004899969324469566,0.20776131749153137,,1.8333333333333333,1.0,1.0,9,19,,bc1951327f3fed7380cca9b613e6806605fe93db8a246f283b9d548b6228bc85,f2609bf74f2364c861b817763470a1075046c5b64dfb6742d28b4584c1401cff,0.009215069003403187,0.041705191135406494,
legal parent,W120,student,F,1,195,67,True,True,True,,0.005089715588837862,0.22367216646671295,,1.8333333333333333,1.0,1.0,9,19,,bc1951327f3fed7380cca9b613e6806605fe93db8a246f283b9d548b6228bc85,f2609bf74f2364c861b817763470a1075046c5b64dfb6742d28b4584c1401cff,0.009836077690124512,0.04624451324343681,
legal parent,W120,student,F,1,196,68,True,False,True,body/invalid,0.0054697697050869465,0.33575573563575745,37.333333333333336,1.8333333333333333,1.0,1.0,9,19,,bc1951327f3fed7380cca9b613e6806605fe93db8a246f283b9d548b6228bc85,f2609bf74f2364c861b817763470a1075046c5b64dfb6742d28b4584c1401cff,0.009029954671859741,0.044537704437971115,
legal parent,W120,student,F,1,197,69,True,True,True,,0.005111084319651127,0.21222101151943207,,1.8333333333333333,1.0,1.0,9,19,,bc1951327f3fed7380cca9b613e6806605fe93db8a246f283b9d548b6228bc85,f2609bf74f2364c861b817763470a1075046c5b64dfb6742d28b4584c1401cff,0.009023365564644337,0.043458208441734314,
legal parent,W120,student,F,1,198,70,True,True,True,,0.005465351510792971,0.23858250677585602,,1.8333333333333333,1.0,1.0,9,19,,bc1951327f3fed7380cca9b613e6806605fe93db8a246f283b9d548b6228bc85,f2609bf74f2364c861b817763470a1075046c5b64dfb6742d28b4584c1401cff,0.009113701991736889,0.045874763280153275,
legal parent,W120,student,F,1,199,71,True,False,True,body/invalid,0.005585691425949335,0.27913036942481995,37.86666666666667,1.8666666666666667,1.0,1.0,9,19,,bc1951327f3fed7380cca9b613e6806605fe93db8a246f283b9d548b6228bc85,f2609bf74f2364c861b817763470a1075046c5b64dfb6742d28b4584c1401cff,0.009446731768548489,0.04793078079819679,
legal parent,W120,student,F,1,200,72,True,True,True,,0.004870879929512739,0.21971270442008972,,1.8666666666666667,1.0,1.0,9,19,,bc1951327f3fed7380cca9b613e6806605fe93db8a246f283b9d548b6228bc85,f2609bf74f2364c861b817763470a1075046c5b64dfb6742d28b4584c1401cff,0.009283236227929592,0.04581053927540779,
legal parent,W120,student,F,1,201,73,True,False,True,body/invalid,0.004917727317661047,0.2632831931114197,38.36666666666667,1.8333333333333333,1.0,1.0,9,19,,bc1951327f3fed7380cca9b613e6806605fe93db8a246f283b9d548b6228bc85,f2609bf74f2364c861b817763470a1075046c5b64dfb6742d28b4584c1401cff,0.009247192181646824,0.0456087589263916,
legal parent,W120,student,F,1,202,74,True,True,True,,0.00521099241450429,0.2032076120376587,,1.8666666666666667,1.0,1.0,9,19,,bc1951327f3fed7380cca9b613e6806605fe93db8a246f283b9d548b6228bc85,f2609bf74f2364c861b817763470a1075046c5b64dfb6742d28b4584c1401cff,0.009394259192049503,0.04236095771193504,
legal parent,W120,student,F,1,203,75,True,True,True,,0.005524846725165844,0.21061614155769348,,1.8666666666666667,1.0,1.0,9,19,,bc1951327f3fed7380cca9b613e6806605fe93db8a246f283b9d548b6228bc85,f2609bf74f2364c861b817763470a1075046c5b64dfb6742d28b4584c1401cff,0.009057709015905857,0.04205420985817909,
legal parent,W120,student,F,1,204,76,True,True,True,,0.004670022986829281,0.19599603116512299,,1.8666666666666667,1.0,1.0,9,19,,bc1951327f3fed7380cca9b613e6806605fe93db8a246f283b9d548b6228bc85,f2609bf74f2364c861b817763470a1075046c5b64dfb6742d28b4584c1401cff,0.009215141646564007,0.041365716606378555,
legal parent,W120,student,F,1,205,77,True,True,True,,0.00471663661301136,0.20465701818466187,,1.8333333333333333,1.0,1.0,9,19,,bc1951327f3fed7380cca9b613e6806605fe93db8a246f283b9d548b6228bc85,f2609bf74f2364c861b817763470a1075046c5b64dfb6742d28b4584c1401cff,0.00923253782093525,0.04269171506166458,
legal parent,W120,student,F,1,206,78,True,True,True,,0.005089990794658661,0.20348510146141052,,1.8333333333333333,1.0,1.0,9,19,,bc1951327f3fed7380cca9b613e6806605fe93db8a246f283b9d548b6228bc85,f2609bf74f2364c861b817763470a1075046c5b64dfb6742d28b4584c1401cff,0.009125893004238605,0.041951216757297516,
legal parent,W120,student,F,1,207,79,True,True,True,,0.005040935706347227,0.22205296158790588,,1.8333333333333333,1.0,1.0,9,19,,bc1951327f3fed7380cca9b613e6806605fe93db8a246f283b9d548b6228bc85,f2609bf74f2364c861b817763470a1075046c5b64dfb6742d28b4584c1401cff,0.009503202512860298,0.04330817237496376,
legal parent,W120,student,F,1,209,80,True,True,True,,0.005270252004265785,0.21544203162193298,,1.8333333333333333,1.0,1.0,9,19,,bc1951327f3fed7380cca9b613e6806605fe93db8a246f283b9d548b6228bc85,f2609bf74f2364c861b817763470a1075046c5b64dfb6742d28b4584c1401cff,0.009063025936484337,0.042509838938713074,
legal parent,W120,student,F,1,210,81,True,True,True,,0.00482215266674757,0.21739521622657776,,1.8333333333333333,1.0,1.0,9,19,,bc1951327f3fed7380cca9b613e6806605fe93db8a246f283b9d548b6228bc85,f2609bf74f2364c861b817763470a1075046c5b64dfb6742d28b4584c1401cff,0.009698835201561451,0.045406073331832886,
legal parent,W120,student,F,1,211,82,True,True,True,,0.005048226099461317,0.20591750741004944,,1.8333333333333333,1.0,1.0,9,19,,bc1951327f3fed7380cca9b613e6806605fe93db8a246f283b9d548b6228bc85,f2609bf74f2364c861b817763470a1075046c5b64dfb6742d28b4584c1401cff,0.009659277275204659,0.043413110077381134,
legal parent,W120,student,F,1,212,83,True,True,True,,0.005338871851563454,0.24174678325653076,,1.8333333333333333,1.0,1.0,9,19,,bc1951327f3fed7380cca9b613e6806605fe93db8a246f283b9d548b6228bc85,f2609bf74f2364c861b817763470a1075046c5b64dfb6742d28b4584c1401cff,0.009499505162239075,0.043297044932842255,
legal parent,W120,student,F,1,213,84,True,True,True,,0.00483496580272913,0.22236540913581848,,1.8333333333333333,1.0,1.0,9,19,,bc1951327f3fed7380cca9b613e6806605fe93db8a246f283b9d548b6228bc85,f2609bf74f2364c861b817763470a1075046c5b64dfb6742d28b4584c1401cff,0.008882283233106136,0.042505260556936264,
legal parent,W120,student,F,1,214,85,True,True,True,,0.005108203273266554,0.22214995324611664,,1.8666666666666667,1.0,1.0,9,19,,bc1951327f3fed7380cca9b613e6806605fe93db8a246f283b9d548b6228bc85,f2609bf74f2364c861b817763470a1075046c5b64dfb6742d28b4584c1401cff,0.009539161808788776,0.04651739448308945,
legal parent,W120,student,F,1,215,86,True,True,True,,0.005495328456163406,0.2107335329055786,,1.8333333333333333,1.0,1.0,9,19,,bc1951327f3fed7380cca9b613e6806605fe93db8a246f283b9d548b6228bc85,f2609bf74f2364c861b817763470a1075046c5b64dfb6742d28b4584c1401cff,0.00908886268734932,0.040748029947280884,
legal parent,W120,student,F,1,216,87,True,True,True,,0.0052346717566251755,0.24187465012073517,,1.8333333333333333,1.0,1.0,9,19,,bc1951327f3fed7380cca9b613e6806605fe93db8a246f283b9d548b6228bc85,f2609bf74f2364c861b817763470a1075046c5b64dfb6742d28b4584c1401cff,0.009267516434192657,0.043017588555812836,
legal parent,W120,student,F,1,217,88,True,True,True,,0.005336445290595293,0.21484915912151337,,1.8333333333333333,1.0,1.0,9,19,,bc1951327f3fed7380cca9b613e6806605fe93db8a246f283b9d548b6228bc85,f2609bf74f2364c861b817763470a1075046c5b64dfb6742d28b4584c1401cff,0.009010213427245617,0.041068293154239655,
legal parent,W120,student,F,1,218,89,True,False,True,body/invalid,0.005538973957300186,0.36421072483062744,25.633333333333333,1.8333333333333333,1.0,1.0,9,19,,bc1951327f3fed7380cca9b613e6806605fe93db8a246f283b9d548b6228bc85,f2609bf74f2364c861b817763470a1075046c5b64dfb6742d28b4584c1401cff,0.009233204647898674,0.046220794320106506,
legal parent,W120,student,F,1,219,90,True,True,True,,0.005014586728066206,0.22153431177139282,,1.8666666666666667,1.0,1.0,9,19,,bc1951327f3fed7380cca9b613e6806605fe93db8a246f283b9d548b6228bc85,f2609bf74f2364c861b817763470a1075046c5b64dfb6742d28b4584c1401cff,0.009061228483915329,0.03999999910593033,
legal parent,W120,student,F,1,220,91,True,True,True,,0.004939955193549395,0.2048434317111969,,1.8333333333333333,1.0,1.0,9,19,,bc1951327f3fed7380cca9b613e6806605fe93db8a246f283b9d548b6228bc85,f2609bf74f2364c861b817763470a1075046c5b64dfb6742d28b4584c1401cff,0.009429634548723698,0.04321662709116936,
legal parent,W120,student,F,1,221,92,True,True,True,,0.005028790328651667,0.2482534795999527,,1.8333333333333333,1.0,1.0,9,19,,bc1951327f3fed7380cca9b613e6806605fe93db8a246f283b9d548b6228bc85,f2609bf74f2364c861b817763470a1075046c5b64dfb6742d28b4584c1401cff,0.009001323021948338,0.04504340514540672,
legal parent,W120,student,F,1,222,93,True,True,True,,0.005330775398761034,0.24786411225795746,,1.8666666666666667,1.0,1.0,9,19,,bc1951327f3fed7380cca9b613e6806605fe93db8a246f283b9d548b6228bc85,f2609bf74f2364c861b817763470a1075046c5b64dfb6742d28b4584c1401cff,0.009407734498381615,0.04270181432366371,
legal parent,W120,student,F,1,223,94,True,False,True,body/invalid,0.005143029615283012,0.26883095502853394,37.86666666666667,1.8666666666666667,1.0,1.0,9,19,,bc1951327f3fed7380cca9b613e6806605fe93db8a246f283b9d548b6228bc85,f2609bf74f2364c861b817763470a1075046c5b64dfb6742d28b4584c1401cff,0.009203420951962471,0.04447702690958977,
legal parent,W120,student,F,1,224,95,True,True,True,,0.0047727320343256,0.2023629993200302,,1.8333333333333333,1.0,1.0,9,19,,bc1951327f3fed7380cca9b613e6806605fe93db8a246f283b9d548b6228bc85,f2609bf74f2364c861b817763470a1075046c5b64dfb6742d28b4584c1401cff,0.009187981486320496,0.042018186300992966,
legal parent,W120,student,F,1,225,96,True,False,True,body/invalid,0.004999407101422548,0.2683899998664856,30.566666666666666,1.8666666666666667,1.0,1.0,10,20,,bc1951327f3fed7380cca9b613e6806605fe93db8a246f283b9d548b6228bc85,f2609bf74f2364c861b817763470a1075046c5b64dfb6742d28b4584c1401cff,0.00946022104471922,0.0440729558467865,
legal parent,W120,student,F,1,226,97,True,True,True,,0.004664546810090542,0.21611499786376953,,1.8333333333333333,1.0,1.0,9,19,,bc1951327f3fed7380cca9b613e6806605fe93db8a246f283b9d548b6228bc85,f2609bf74f2364c861b817763470a1075046c5b64dfb6742d28b4584c1401cff,0.00889352336525917,0.04033545032143593,
legal parent,W120,student,F,1,227,98,True,True,True,,0.004722066689282656,0.2084840089082718,,1.8333333333333333,1.0,1.0,9,19,,bc1951327f3fed7380cca9b613e6806605fe93db8a246f283b9d548b6228bc85,f2609bf74f2364c861b817763470a1075046c5b64dfb6742d28b4584c1401cff,0.00909586250782013,0.04188228026032448,
legal parent,W120,student,F,1,228,99,True,True,True,,0.005172708537429571,0.24020668864250183,,1.8333333333333333,1.0,1.0,9,19,,bc1951327f3fed7380cca9b613e6806605fe93db8a246f283b9d548b6228bc85,f2609bf74f2364c861b817763470a1075046c5b64dfb6742d28b4584c1401cff,0.008806166239082813,0.041361939162015915,
legal parent,W120,student,F,1,229,100,True,False,True,body/invalid,0.005728661548346281,0.375834196805954,25.566666666666666,1.8333333333333333,1.0,1.0,9,19,,bc1951327f3fed7380cca9b613e6806605fe93db8a246f283b9d548b6228bc85,f2609bf74f2364c861b817763470a1075046c5b64dfb6742d28b4584c1401cff,0.009385081939399242,0.04569721966981888,
legal parent,W120,student,F,1,230,101,True,True,True,,0.005174438469111919,0.23209509253501892,,1.8666666666666667,1.0,1.0,10,20,,bc1951327f3fed7380cca9b613e6806605fe93db8a246f283b9d548b6228bc85,f2609bf74f2364c861b817763470a1075046c5b64dfb6742d28b4584c1401cff,0.009285335429012775,0.04332790523767471,
legal parent,W120,student,F,1,231,102,True,True,True,,0.005476825870573521,0.2315865010023117,,1.8333333333333333,1.0,1.0,9,19,,bc1951327f3fed7380cca9b613e6806605fe93db8a246f283b9d548b6228bc85,f2609bf74f2364c861b817763470a1075046c5b64dfb6742d28b4584c1401cff,0.009662340395152569,0.043972089886665344,
legal parent,W120,student,F,1,232,103,True,True,True,,0.005575451068580151,0.2089923471212387,,1.8333333333333333,1.0,1.0,10,20,,bc1951327f3fed7380cca9b613e6806605fe93db8a246f283b9d548b6228bc85,f2609bf74f2364c861b817763470a1075046c5b64dfb6742d28b4584c1401cff,0.00907464511692524,0.0426805317401886,
legal parent,W120,student,F,1,233,104,True,True,True,,0.005568216554820538,0.20796725153923035,,1.8666666666666667,1.0,1.0,9,19,,bc1951327f3fed7380cca9b613e6806605fe93db8a246f283b9d548b6228bc85,f2609bf74f2364c861b817763470a1075046c5b64dfb6742d28b4584c1401cff,0.009084587916731834,0.041390322148799896,
legal parent,W120,student,F,1,234,105,True,True,True,,0.005098274443298578,0.21533681452274323,,1.8666666666666667,1.0,1.0,9,19,,bc1951327f3fed7380cca9b613e6806605fe93db8a246f283b9d548b6228bc85,f2609bf74f2364c861b817763470a1075046c5b64dfb6742d28b4584c1401cff,0.009284844622015953,0.04205415025353432,
legal parent,W120,student,F,1,235,106,True,True,True,,0.004844314884394407,0.22634738683700562,,1.8333333333333333,1.0,1.0,9,19,,bc1951327f3fed7380cca9b613e6806605fe93db8a246f283b9d548b6228bc85,f2609bf74f2364c861b817763470a1075046c5b64dfb6742d28b4584c1401cff,0.00909292884171009,0.040524549782276154,
legal parent,W120,student,F,1,236,107,True,True,True,,0.00548191275447607,0.22488532960414886,,1.8666666666666667,1.0,1.0,9,19,,bc1951327f3fed7380cca9b613e6806605fe93db8a246f283b9d548b6228bc85,f2609bf74f2364c861b817763470a1075046c5b64dfb6742d28b4584c1401cff,0.009207220748066902,0.04443945735692978,
legal parent,W120,student,F,1,237,108,True,True,True,,0.005074713379144669,0.22226597368717194,,1.8666666666666667,1.0,1.0,9,19,,bc1951327f3fed7380cca9b613e6806605fe93db8a246f283b9d548b6228bc85,f2609bf74f2364c861b817763470a1075046c5b64dfb6742d28b4584c1401cff,0.009371119551360607,0.044603243470191956,
legal parent,W120,student,F,1,238,109,True,True,True,,0.0049499464221298695,0.1946599930524826,,1.8666666666666667,1.0,1.0,9,19,,bc1951327f3fed7380cca9b613e6806605fe93db8a246f283b9d548b6228bc85,f2609bf74f2364c861b817763470a1075046c5b64dfb6742d28b4584c1401cff,0.009351646527647972,0.04271657019853592,
legal parent,W120,student,F,1,239,110,True,True,True,,0.005014869850128889,0.21725499629974365,,1.8333333333333333,1.0,1.0,9,19,,bc1951327f3fed7380cca9b613e6806605fe93db8a246f283b9d548b6228bc85,f2609bf74f2364c861b817763470a1075046c5b64dfb6742d28b4584c1401cff,0.009071987122297287,0.040744710713624954,
legal parent,W120,student,F,1,240,111,True,True,True,,0.005211352836340666,0.22616980969905853,,1.8666666666666667,1.0,1.0,9,19,,bc1951327f3fed7380cca9b613e6806605fe93db8a246f283b9d548b6228bc85,f2609bf74f2364c861b817763470a1075046c5b64dfb6742d28b4584c1401cff,0.008960256353020668,0.03999999910593033,
legal parent,W120,student,F,1,241,112,True,True,True,,0.0055828089825809,0.2075706124305725,,1.8333333333333333,1.0,1.0,9,19,,bc1951327f3fed7380cca9b613e6806605fe93db8a246f283b9d548b6228bc85,f2609bf74f2364c861b817763470a1075046c5b64dfb6742d28b4584c1401cff,0.009499850682914257,0.044337477535009384,
legal parent,W120,student,F,1,242,113,True,True,True,,0.00491399597376585,0.2123924344778061,,1.8666666666666667,1.0,1.0,9,19,,bc1951327f3fed7380cca9b613e6806605fe93db8a246f283b9d548b6228bc85,f2609bf74f2364c861b817763470a1075046c5b64dfb6742d28b4584c1401cff,0.009388703852891922,0.04317339509725571,
legal parent,W120,student,F,1,243,114,True,True,True,,0.005200829356908798,0.2220650017261505,,1.8666666666666667,1.0,1.0,9,19,,bc1951327f3fed7380cca9b613e6806605fe93db8a246f283b9d548b6228bc85,f2609bf74f2364c861b817763470a1075046c5b64dfb6742d28b4584c1401cff,0.009063604287803173,0.04208482429385185,
legal parent,W120,student,F,1,244,115,True,True,True,,0.005215195938944817,0.24255335330963135,,1.8333333333333333,1.0,1.0,9,19,,bc1951327f3fed7380cca9b613e6806605fe93db8a246f283b9d548b6228bc85,f2609bf74f2364c861b817763470a1075046c5b64dfb6742d28b4584c1401cff,0.009334610775113106,0.04558878391981125,
legal parent,W120,student,F,1,245,116,True,True,True,,0.005616469774395227,0.22046330571174622,,1.8666666666666667,1.0,1.0,9,19,,bc1951327f3fed7380cca9b613e6806605fe93db8a246f283b9d548b6228bc85,f2609bf74f2364c861b817763470a1075046c5b64dfb6742d28b4584c1401cff,0.009241709485650063,0.041924849152565,
legal parent,W120,student,F,1,246,117,True,True,True,,0.005222117993980646,0.20556293427944183,,1.8333333333333333,1.0,1.0,9,19,,bc1951327f3fed7380cca9b613e6806605fe93db8a246f283b9d548b6228bc85,f2609bf74f2364c861b817763470a1075046c5b64dfb6742d28b4584c1401cff,0.009213262237608433,0.04291628301143646,
legal parent,W120,student,F,1,247,118,True,True,True,,0.004649222828447819,0.21672804653644562,,1.8666666666666667,1.0,1.0,9,19,,bc1951327f3fed7380cca9b613e6806605fe93db8a246f283b9d548b6228bc85,f2609bf74f2364c861b817763470a1075046c5b64dfb6742d28b4584c1401cff,0.009089224971830845,0.04058338701725006,
legal parent,W120,student,F,1,248,119,True,True,True,,0.005329783074557781,0.24952332675457,,1.8333333333333333,1.0,1.0,9,19,,bc1951327f3fed7380cca9b613e6806605fe93db8a246f283b9d548b6228bc85,f2609bf74f2364c861b817763470a1075046c5b64dfb6742d28b4584c1401cff,0.009234905242919922,0.045528851449489594,
legal parent,W120,student,F,1,249,120,True,False,True,body/invalid,0.004671847447752953,0.2749987244606018,34.4,1.8333333333333333,1.0,1.0,9,19,,bc1951327f3fed7380cca9b613e6806605fe93db8a246f283b9d548b6228bc85,f2609bf74f2364c861b817763470a1075046c5b64dfb6742d28b4584c1401cff,0.009264403954148293,0.043595269322395325,
legal parent,W120,student,F,1,250,121,True,True,True,,0.005299023352563381,0.22691558301448822,,1.8333333333333333,1.0,1.0,9,19,,bc1951327f3fed7380cca9b613e6806605fe93db8a246f283b9d548b6228bc85,f2609bf74f2364c861b817763470a1075046c5b64dfb6742d28b4584c1401cff,0.009058027528226376,0.041679270565509796,
legal parent,W120,student,F,1,251,122,True,True,True,,0.005394615698605776,0.20405612885951996,,1.8666666666666667,1.0,1.0,9,19,,bc1951327f3fed7380cca9b613e6806605fe93db8a246f283b9d548b6228bc85,f2609bf74f2364c861b817763470a1075046c5b64dfb6742d28b4584c1401cff,0.009346498176455498,0.041694071143865585,
legal parent,W120,student,F,1,252,123,True,True,True,,0.005308924242854118,0.20294970273971558,,1.8333333333333333,1.0,1.0,9,19,,bc1951327f3fed7380cca9b613e6806605fe93db8a246f283b9d548b6228bc85,f2609bf74f2364c861b817763470a1075046c5b64dfb6742d28b4584c1401cff,0.009311803616583347,0.04258308559656143,
legal parent,W120,student,F,1,253,124,True,True,True,,0.005531673319637775,0.22287335991859436,,1.8666666666666667,1.0,1.0,9,19,,bc1951327f3fed7380cca9b613e6806605fe93db8a246f283b9d548b6228bc85,f2609bf74f2364c861b817763470a1075046c5b64dfb6742d28b4584c1401cff,0.008986270986497402,0.04180396348237991,
legal parent,W120,student,F,1,254,125,True,True,True,,0.005400876048952341,0.20888648927211761,,1.8333333333333333,1.0,1.0,9,19,,bc1951327f3fed7380cca9b613e6806605fe93db8a246f283b9d548b6228bc85,f2609bf74f2364c861b817763470a1075046c5b64dfb6742d28b4584c1401cff,0.009278359822928905,0.04241134598851204,
legal parent,W120,student,F,1,255,126,True,True,True,,0.00491223344579339,0.1884540468454361,,1.8333333333333333,1.0,1.0,9,19,,bc1951327f3fed7380cca9b613e6806605fe93db8a246f283b9d548b6228bc85,f2609bf74f2364c861b817763470a1075046c5b64dfb6742d28b4584c1401cff,0.009464231319725513,0.04252658784389496,
legal parent,W120,student,F,1,256,127,True,True,True,,0.004801965784281492,0.20009535551071167,,1.8333333333333333,1.0,1.0,9,19,,bc1951327f3fed7380cca9b613e6806605fe93db8a246f283b9d548b6228bc85,f2609bf74f2364c861b817763470a1075046c5b64dfb6742d28b4584c1401cff,0.00946972705423832,0.0424700528383255,
legal parent,W120,student,F,2,384,128,True,True,True,,0.0042260680347681046,0.1517358422279358,,2.066666666666667,1.0,1.0,9,19,,bc1951327f3fed7380cca9b613e6806605fe93db8a246f283b9d548b6228bc85,f2609bf74f2364c861b817763470a1075046c5b64dfb6742d28b4584c1401cff,0.009100326336920261,0.04004407674074173,
legal parent,W120,student,F,2,385,129,True,True,True,,0.004037731792777777,0.1510242074728012,,2.066666666666667,0.9956134124659002,0.9956133551895618,9,19,,bc1951327f3fed7380cca9b613e6806605fe93db8a246f283b9d548b6228bc85,f2609bf74f2364c861b817763470a1075046c5b64dfb6742d28b4584c1401cff,0.008974962867796421,0.03999999910593033,
legal parent,W120,student,F,2,386,130,True,True,True,,0.00393323041498661,0.13722781836986542,,2.066666666666667,1.0,1.0,9,19,,bc1951327f3fed7380cca9b613e6806605fe93db8a246f283b9d548b6228bc85,f2609bf74f2364c861b817763470a1075046c5b64dfb6742d28b4584c1401cff,0.008862916380167007,0.04006059095263481,
legal parent,W120,student,F,2,387,131,True,True,True,,0.004005009308457375,0.14483222365379333,,2.066666666666667,1.0,1.0,9,19,,bc1951327f3fed7380cca9b613e6806605fe93db8a246f283b9d548b6228bc85,f2609bf74f2364c861b817763470a1075046c5b64dfb6742d28b4584c1401cff,0.008877649903297424,0.03999999910593033,
legal parent,W120,student,F,2,388,132,True,True,True,,0.0034264815039932728,0.13312335312366486,,2.1,0.9910519458353519,0.9910519234836102,9,19,,bc1951327f3fed7380cca9b613e6806605fe93db8a246f283b9d548b6228bc85,f2609bf74f2364c861b817763470a1075046c5b64dfb6742d28b4584c1401cff,0.009067895822227001,0.03999999910593033,
legal parent,W120,student,F,2,389,133,True,True,True,,0.003994773142039776,0.15799324214458466,,2.1,0.9944317387416959,0.9944316931068897,9,19,,bc1951327f3fed7380cca9b613e6806605fe93db8a246f283b9d548b6228bc85,f2609bf74f2364c861b817763470a1075046c5b64dfb6742d28b4584c1401cff,0.009115751832723618,0.03999999910593033,
legal parent,W120,student,F,2,390,134,True,True,True,,0.004077474121004343,0.166950985789299,,2.0,1.0,1.0,10,20,,bc1951327f3fed7380cca9b613e6806605fe93db8a246f283b9d548b6228bc85,f2609bf74f2364c861b817763470a1075046c5b64dfb6742d28b4584c1401cff,0.008029048331081867,0.041188910603523254,
legal parent,W120,student,F,2,391,135,True,True,True,,0.003970914985984564,0.1467963606119156,,2.1,0.9904321506619453,0.9904321283102036,9,19,,bc1951327f3fed7380cca9b613e6806605fe93db8a246f283b9d548b6228bc85,f2609bf74f2364c861b817763470a1075046c5b64dfb6742d28b4584c1401cff,0.008775493130087852,0.03999999910593033,
legal parent,W120,student,F,2,392,136,True,True,True,,0.004051254130899906,0.1528131514787674,,2.066666666666667,0.990528600756079,0.9905286133289337,9,19,,bc1951327f3fed7380cca9b613e6806605fe93db8a246f283b9d548b6228bc85,f2609bf74f2364c861b817763470a1075046c5b64dfb6742d28b4584c1401cff,0.008907690644264221,0.03999999910593033,
legal parent,W120,student,F,2,393,137,True,True,True,,0.004582812078297138,0.14034827053546906,,2.066666666666667,0.9935679137706757,0.9935678914189339,9,19,,bc1951327f3fed7380cca9b613e6806605fe93db8a246f283b9d548b6228bc85,f2609bf74f2364c861b817763470a1075046c5b64dfb6742d28b4584c1401cff,0.008732547983527184,0.03999999910593033,
legal parent,W120,student,F,2,394,138,True,True,True,,0.004400096368044615,0.14629477262496948,,2.066666666666667,0.9790542293339968,0.9790541604161263,9,19,,bc1951327f3fed7380cca9b613e6806605fe93db8a246f283b9d548b6228bc85,f2609bf74f2364c861b817763470a1075046c5b64dfb6742d28b4584c1401cff,0.008951191790401936,0.03999999910593033,
legal parent,W120,student,F,2,395,139,True,True,True,,0.004228419624269009,0.13722632825374603,,2.066666666666667,0.9978546518832445,0.997854582965374,9,19,,bc1951327f3fed7380cca9b613e6806605fe93db8a246f283b9d548b6228bc85,f2609bf74f2364c861b817763470a1075046c5b64dfb6742d28b4584c1401cff,0.008702533319592476,0.03999999910593033,
legal parent,W120,student,F,2,396,140,True,True,True,,0.0036935119424015284,0.12862855195999146,,2.066666666666667,0.99261274933815,0.9926127269864082,9,19,,bc1951327f3fed7380cca9b613e6806605fe93db8a246f283b9d548b6228bc85,f2609bf74f2364c861b817763470a1075046c5b64dfb6742d28b4584c1401cff,0.008775674737989902,0.03999999910593033,
legal parent,W120,student,F,2,397,141,True,True,True,,0.003375427098944783,0.12666916847229004,,2.066666666666667,1.0,1.0,9,19,,bc1951327f3fed7380cca9b613e6806605fe93db8a246f283b9d548b6228bc85,f2609bf74f2364c861b817763470a1075046c5b64dfb6742d28b4584c1401cff,0.00855289027094841,0.03999999910593033,
legal parent,W120,student,F,2,398,142,True,True,True,,0.004005288705229759,0.12353279441595078,,2.066666666666667,0.99137845588848,0.9913784451782703,9,19,,bc1951327f3fed7380cca9b613e6806605fe93db8a246f283b9d548b6228bc85,f2609bf74f2364c861b817763470a1075046c5b64dfb6742d28b4584c1401cff,0.008949307724833488,0.03999999910593033,
legal parent,W120,student,F,2,399,143,True,True,True,,0.00418976740911603,0.14868895709514618,,2.066666666666667,1.0,1.0,9,19,,bc1951327f3fed7380cca9b613e6806605fe93db8a246f283b9d548b6228bc85,f2609bf74f2364c861b817763470a1075046c5b64dfb6742d28b4584c1401cff,0.008695746771991253,0.04021298885345459,
legal parent,W120,student,F,2,400,144,True,True,True,,0.0039182137697935104,0.17074429988861084,,2.0,1.0,1.0,9,19,,bc1951327f3fed7380cca9b613e6806605fe93db8a246f283b9d548b6228bc85,f2609bf74f2364c861b817763470a1075046c5b64dfb6742d28b4584c1401cff,0.008469275198876858,0.042889922857284546,
legal parent,W120,student,F,2,401,145,True,True,True,,0.004190039820969105,0.12813812494277954,,2.066666666666667,0.989078741054982,0.9890787303447723,9,19,,bc1951327f3fed7380cca9b613e6806605fe93db8a246f283b9d548b6228bc85,f2609bf74f2364c861b817763470a1075046c5b64dfb6742d28b4584c1401cff,0.00865949783474207,0.03999999910593033,
legal parent,W120,student,F,2,402,146,True,True,True,,0.0038710287772119045,0.1447785496711731,,2.1,0.9949469114653766,0.994946900755167,9,19,,bc1951327f3fed7380cca9b613e6806605fe93db8a246f283b9d548b6228bc85,f2609bf74f2364c861b817763470a1075046c5b64dfb6742d28b4584c1401cff,0.00902008730918169,0.03999999910593033,
legal parent,W120,student,F,2,403,147,True,True,True,,0.004031932447105646,0.15021952986717224,,2.066666666666667,1.0,1.0,9,19,,bc1951327f3fed7380cca9b613e6806605fe93db8a246f283b9d548b6228bc85,f2609bf74f2364c861b817763470a1075046c5b64dfb6742d28b4584c1401cff,0.008380334824323654,0.040626756846904755,
legal parent,W120,student,F,2,404,148,True,True,True,,0.003956658765673637,0.1341053545475006,,2.066666666666667,0.9910050421021879,0.9910049848258495,9,19,,bc1951327f3fed7380cca9b613e6806605fe93db8a246f283b9d548b6228bc85,f2609bf74f2364c861b817763470a1075046c5b64dfb6742d28b4584c1401cff,0.008625982329249382,0.03999999910593033,
legal parent,W120,student,F,2,405,149,True,True,True,,0.0034931832924485207,0.175556018948555,,2.033333333333333,1.0,1.0,10,20,,bc1951327f3fed7380cca9b613e6806605fe93db8a246f283b9d548b6228bc85,f2609bf74f2364c861b817763470a1075046c5b64dfb6742d28b4584c1401cff,0.007970117032527924,0.041126497089862823,
legal parent,W120,student,F,2,406,150,True,True,True,,0.004307922441512346,0.1262650489807129,,2.066666666666667,0.9769347021356225,0.9769346565008163,9,19,,bc1951327f3fed7380cca9b613e6806605fe93db8a246f283b9d548b6228bc85,f2609bf74f2364c861b817763470a1075046c5b64dfb6742d28b4584c1401cff,0.008536775596439838,0.03999999910593033,
legal parent,W120,student,F,2,407,151,True,True,True,,0.0036791348829865456,0.11851372569799423,,2.1,0.9796131160110235,0.9796131402254105,9,19,,bc1951327f3fed7380cca9b613e6806605fe93db8a246f283b9d548b6228bc85,f2609bf74f2364c861b817763470a1075046c5b64dfb6742d28b4584c1401cff,0.009246216155588627,0.03999999910593033,
legal parent,W120,student,F,2,408,152,True,True,True,,0.004069248680025339,0.14910705387592316,,2.066666666666667,1.0,1.0,9,19,,bc1951327f3fed7380cca9b613e6806605fe93db8a246f283b9d548b6228bc85,f2609bf74f2364c861b817763470a1075046c5b64dfb6742d28b4584c1401cff,0.008506403304636478,0.03999999910593033,
legal parent,W120,student,F,2,409,153,True,True,True,,0.003994210157543421,0.12568345665931702,,2.066666666666667,0.9974572448991239,0.9974571876227856,9,19,,bc1951327f3fed7380cca9b613e6806605fe93db8a246f283b9d548b6228bc85,f2609bf74f2364c861b817763470a1075046c5b64dfb6742d28b4584c1401cff,0.008875038474798203,0.03999999910593033,
legal parent,W120,student,F,2,410,154,True,True,True,,0.003909957595169544,0.14006315171718597,,2.066666666666667,1.0,1.0,9,19,,bc1951327f3fed7380cca9b613e6806605fe93db8a246f283b9d548b6228bc85,f2609bf74f2364c861b817763470a1075046c5b64dfb6742d28b4584c1401cff,0.008541817776858807,0.03999999910593033,
legal parent,W120,student,F,2,411,155,True,True,True,,0.004106540232896805,0.13032077252864838,,2.066666666666667,0.9960370711050928,0.9960370138287544,9,19,,bc1951327f3fed7380cca9b613e6806605fe93db8a246f283b9d548b6228bc85,f2609bf74f2364c861b817763470a1075046c5b64dfb6742d28b4584c1401cff,0.00894267950206995,0.03999999910593033,
legal parent,W120,student,F,2,412,156,True,True,True,,0.0040328241884708405,0.1258067786693573,,2.066666666666667,0.975909455679357,0.9759094566106796,9,19,,bc1951327f3fed7380cca9b613e6806605fe93db8a246f283b9d548b6228bc85,f2609bf74f2364c861b817763470a1075046c5b64dfb6742d28b4584c1401cff,0.0088566355407238,0.03999999910593033,
legal parent,W120,student,F,2,413,157,True,True,True,,0.003857619361951947,0.12078216671943665,,2.066666666666667,0.9812666443176568,0.9812666103243828,9,19,,bc1951327f3fed7380cca9b613e6806605fe93db8a246f283b9d548b6228bc85,f2609bf74f2364c861b817763470a1075046c5b64dfb6742d28b4584c1401cff,0.008372864685952663,0.03999999910593033,
legal parent,W120,student,F,2,414,158,True,True,True,,0.0036913149524480104,0.14176097512245178,,2.1,0.9835823429748416,0.9835823439061642,9,19,,bc1951327f3fed7380cca9b613e6806605fe93db8a246f283b9d548b6228bc85,f2609bf74f2364c861b817763470a1075046c5b64dfb6742d28b4584c1401cff,0.008891087025403976,0.03999999910593033,
legal parent,W120,student,F,2,415,159,True,True,True,,0.0039465781301259995,0.16127833724021912,,2.033333333333333,1.0,1.0,10,20,,bc1951327f3fed7380cca9b613e6806605fe93db8a246f283b9d548b6228bc85,f2609bf74f2364c861b817763470a1075046c5b64dfb6742d28b4584c1401cff,0.00804724171757698,0.040939804166555405,
legal parent,W120,student,F,2,416,160,True,True,True,,0.00452608335763216,0.17718732357025146,,2.033333333333333,1.0,1.0,9,19,,bc1951327f3fed7380cca9b613e6806605fe93db8a246f283b9d548b6228bc85,f2609bf74f2364c861b817763470a1075046c5b64dfb6742d28b4584c1401cff,0.008493529632687569,0.04116193205118179,
legal parent,W120,student,F,2,417,161,True,True,True,,0.003993614111095667,0.13577397167682648,,2.066666666666667,1.0,1.0,9,19,,bc1951327f3fed7380cca9b613e6806605fe93db8a246f283b9d548b6228bc85,f2609bf74f2364c861b817763470a1075046c5b64dfb6742d28b4584c1401cff,0.008655979298055172,0.03999999910593033,
legal parent,W120,student,F,2,419,162,True,True,True,,0.004130419809371233,0.14308670163154602,,2.066666666666667,0.9934157007373869,0.9934157133102417,9,19,,bc1951327f3fed7380cca9b613e6806605fe93db8a246f283b9d548b6228bc85,f2609bf74f2364c861b817763470a1075046c5b64dfb6742d28b4584c1401cff,0.008918022736907005,0.03999999910593033,
legal parent,W120,student,F,2,420,163,True,True,True,,0.004664506763219833,0.1913774162530899,,2.0,1.0,1.0,10,20,,bc1951327f3fed7380cca9b613e6806605fe93db8a246f283b9d548b6228bc85,f2609bf74f2364c861b817763470a1075046c5b64dfb6742d28b4584c1401cff,0.007974456064403057,0.04104289412498474,
legal parent,W120,student,F,2,421,164,True,True,True,,0.00421606982126832,0.15131941437721252,,2.066666666666667,1.0,1.0,9,19,,bc1951327f3fed7380cca9b613e6806605fe93db8a246f283b9d548b6228bc85,f2609bf74f2364c861b817763470a1075046c5b64dfb6742d28b4584c1401cff,0.00860254094004631,0.03999999910593033,
legal parent,W120,student,F,2,422,165,True,True,True,,0.003900352865457535,0.16025476157665253,,2.066666666666667,1.0,1.0,9,19,,bc1951327f3fed7380cca9b613e6806605fe93db8a246f283b9d548b6228bc85,f2609bf74f2364c861b817763470a1075046c5b64dfb6742d28b4584c1401cff,0.008393043652176857,0.0402388796210289,
legal parent,W120,student,F,2,423,166,True,True,True,,0.004297521430999041,0.12879382073879242,,2.066666666666667,0.9881344148889184,0.9881343692541122,9,19,,bc1951327f3fed7380cca9b613e6806605fe93db8a246f283b9d548b6228bc85,f2609bf74f2364c861b817763470a1075046c5b64dfb6742d28b4584c1401cff,0.008593537844717503,0.03999999910593033,
legal parent,W120,student,F,2,425,167,True,True,True,,0.004003038164228201,0.14872822165489197,,2.066666666666667,1.0,1.0,9,19,,bc1951327f3fed7380cca9b613e6806605fe93db8a246f283b9d548b6228bc85,f2609bf74f2364c861b817763470a1075046c5b64dfb6742d28b4584c1401cff,0.008139163255691528,0.040787480771541595,
legal parent,W120,student,F,2,426,168,True,True,True,,0.0032381098717451096,0.12097618728876114,,2.066666666666667,0.9925147276371717,0.9925147518515587,9,19,,bc1951327f3fed7380cca9b613e6806605fe93db8a246f283b9d548b6228bc85,f2609bf74f2364c861b817763470a1075046c5b64dfb6742d28b4584c1401cff,0.008895425125956535,0.03999999910593033,
legal parent,W120,student,F,2,427,169,True,True,True,,0.0040162899531424046,0.1349184811115265,,2.066666666666667,1.0,1.0,9,19,,bc1951327f3fed7380cca9b613e6806605fe93db8a246f283b9d548b6228bc85,f2609bf74f2364c861b817763470a1075046c5b64dfb6742d28b4584c1401cff,0.00839268695563078,0.03999999910593033,
legal parent,W120,student,F,2,428,170,True,True,True,,0.003806662280112505,0.14595992863178253,,2.066666666666667,0.9838054529391229,0.9838053956627846,9,19,,bc1951327f3fed7380cca9b613e6806605fe93db8a246f283b9d548b6228bc85,f2609bf74f2364c861b817763470a1075046c5b64dfb6742d28b4584c1401cff,0.008794127963483334,0.03999999910593033,
legal parent,W120,student,F,2,429,171,True,True,True,,0.004037750419229269,0.15220120549201965,,2.066666666666667,0.9984150170348585,0.9984149597585201,9,19,,bc1951327f3fed7380cca9b613e6806605fe93db8a246f283b9d548b6228bc85,f2609bf74f2364c861b817763470a1075046c5b64dfb6742d28b4584c1401cff,0.008656978607177734,0.03999999910593033,
legal parent,W120,student,F,2,430,172,True,True,True,,0.003902085591107607,0.1297038495540619,,2.066666666666667,0.9948745360597968,0.9948745369911194,9,19,,bc1951327f3fed7380cca9b613e6806605fe93db8a246f283b9d548b6228bc85,f2609bf74f2364c861b817763470a1075046c5b64dfb6742d28b4584c1401cff,0.008843954652547836,0.03999999910593033,
legal parent,W120,student,F,2,431,173,True,True,True,,0.004206150770187378,0.1443069875240326,,2.066666666666667,0.9804539023898542,0.9804538451135159,9,19,,bc1951327f3fed7380cca9b613e6806605fe93db8a246f283b9d548b6228bc85,f2609bf74f2364c861b817763470a1075046c5b64dfb6742d28b4584c1401cff,0.008530928753316402,0.03999999910593033,
legal parent,W120,student,F,2,432,174,True,True,True,,0.004482129588723183,0.14928947389125824,,2.066666666666667,0.9890613951720297,0.9890614077448845,9,19,,bc1951327f3fed7380cca9b613e6806605fe93db8a246f283b9d548b6228bc85,f2609bf74f2364c861b817763470a1075046c5b64dfb6742d28b4584c1401cff,0.008729883469641209,0.03999999910593033,
legal parent,W120,student,F,2,433,175,True,True,True,,0.0043703229166567326,0.15107132494449615,,2.066666666666667,0.9887809506617486,0.9887808933854103,9,19,,bc1951327f3fed7380cca9b613e6806605fe93db8a246f283b9d548b6228bc85,f2609bf74f2364c861b817763470a1075046c5b64dfb6742d28b4584c1401cff,0.0087896678596735,0.03999999910593033,
legal parent,W120,student,F,2,434,176,True,True,True,,0.0038663456216454506,0.14227434992790222,,2.066666666666667,0.9998001148924232,0.9998001158237457,9,19,,bc1951327f3fed7380cca9b613e6806605fe93db8a246f283b9d548b6228bc85,f2609bf74f2364c861b817763470a1075046c5b64dfb6742d28b4584c1401cff,0.008841998875141144,0.03999999910593033,
legal parent,W120,student,F,2,435,177,True,True,True,,0.004633178003132343,0.12982025742530823,,2.066666666666667,0.9594771419651806,0.9594771079719067,9,19,,bc1951327f3fed7380cca9b613e6806605fe93db8a246f283b9d548b6228bc85,f2609bf74f2364c861b817763470a1075046c5b64dfb6742d28b4584c1401cff,0.008586501702666283,0.03999999910593033,
legal parent,W120,student,F,2,436,178,True,True,True,,0.004463231656700373,0.15591178834438324,,2.066666666666667,0.9857768067158759,0.9857768192887306,9,19,,bc1951327f3fed7380cca9b613e6806605fe93db8a246f283b9d548b6228bc85,f2609bf74f2364c861b817763470a1075046c5b64dfb6742d28b4584c1401cff,0.008865630254149437,0.03999999910593033,
legal parent,W120,student,F,2,437,179,True,True,True,,0.0042074620723724365,0.11953717470169067,,2.066666666666667,0.9882175703532994,0.9882175363600254,9,19,,bc1951327f3fed7380cca9b613e6806605fe93db8a246f283b9d548b6228bc85,f2609bf74f2364c861b817763470a1075046c5b64dfb6742d28b4584c1401cff,0.008847705088555813,0.03999999910593033,
legal parent,W120,student,F,2,439,180,True,True,True,,0.003613912034779787,0.13864408433437347,,2.066666666666667,0.9986609909683466,0.9986609220504761,9,19,,bc1951327f3fed7380cca9b613e6806605fe93db8a246f283b9d548b6228bc85,f2609bf74f2364c861b817763470a1075046c5b64dfb6742d28b4584c1401cff,0.009108246304094791,0.03999999910593033,
legal parent,W120,student,F,2,440,181,True,True,True,,0.004128247499465942,0.136245995759964,,2.066666666666667,0.9759054859168828,0.9759054519236088,9,19,,bc1951327f3fed7380cca9b613e6806605fe93db8a246f283b9d548b6228bc85,f2609bf74f2364c861b817763470a1075046c5b64dfb6742d28b4584c1401cff,0.008954907767474651,0.03999999910593033,
legal parent,W120,student,F,2,441,182,True,True,True,,0.00423634797334671,0.14211484789848328,,2.066666666666667,0.9892865074798465,0.989286508411169,9,19,,bc1951327f3fed7380cca9b613e6806605fe93db8a246f283b9d548b6228bc85,f2609bf74f2364c861b817763470a1075046c5b64dfb6742d28b4584c1401cff,0.008829506114125252,0.03999999910593033,
legal parent,W120,student,F,2,442,183,True,True,True,,0.0042686122469604015,0.13228797912597656,,2.1,0.9911688850261271,0.9911688975989819,9,19,,bc1951327f3fed7380cca9b613e6806605fe93db8a246f283b9d548b6228bc85,f2609bf74f2364c861b817763470a1075046c5b64dfb6742d28b4584c1401cff,0.008548926562070847,0.03999999910593033,
legal parent,W120,student,F,2,444,184,True,True,True,,0.004290617536753416,0.16913312673568726,,2.0,1.0,1.0,10,20,,bc1951327f3fed7380cca9b613e6806605fe93db8a246f283b9d548b6228bc85,f2609bf74f2364c861b817763470a1075046c5b64dfb6742d28b4584c1401cff,0.008120521903038025,0.042506176978349686,
legal parent,W120,student,F,2,445,185,True,True,True,,0.0038349423557519913,0.12964609265327454,,2.066666666666667,0.9824076425284147,0.9824076667428017,9,19,,bc1951327f3fed7380cca9b613e6806605fe93db8a246f283b9d548b6228bc85,f2609bf74f2364c861b817763470a1075046c5b64dfb6742d28b4584c1401cff,0.008233859203755856,0.03999999910593033,
legal parent,W120,student,F,2,446,186,True,True,True,,0.0033898295368999243,0.12862972915172577,,2.066666666666667,1.0,1.0,9,19,,bc1951327f3fed7380cca9b613e6806605fe93db8a246f283b9d548b6228bc85,f2609bf74f2364c861b817763470a1075046c5b64dfb6742d28b4584c1401cff,0.008970420807600021,0.03999999910593033,
legal parent,W120,student,F,2,447,187,True,True,True,,0.0039710067212581635,0.14752337336540222,,2.1,0.9969185329973698,0.996918510645628,9,19,,bc1951327f3fed7380cca9b613e6806605fe93db8a246f283b9d548b6228bc85,f2609bf74f2364c861b817763470a1075046c5b64dfb6742d28b4584c1401cff,0.00873607024550438,0.03999999910593033,
legal parent,W120,student,F,2,448,188,True,True,True,,0.0042754304595291615,0.1452035754919052,,2.066666666666667,0.9845462269149721,0.9845461696386337,9,19,,bc1951327f3fed7380cca9b613e6806605fe93db8a246f283b9d548b6228bc85,f2609bf74f2364c861b817763470a1075046c5b64dfb6742d28b4584c1401cff,0.008334020152688026,0.03999999910593033,
legal parent,W120,student,F,2,449,189,True,True,True,,0.0038191324565559626,0.12385248392820358,,2.066666666666667,0.9938164371997118,0.9938163682818413,9,19,,bc1951327f3fed7380cca9b613e6806605fe93db8a246f283b9d548b6228bc85,f2609bf74f2364c861b817763470a1075046c5b64dfb6742d28b4584c1401cff,0.008524834178388119,0.03999999910593033,
legal parent,W120,student,F,2,450,190,True,True,True,,0.003932510502636433,0.1484270691871643,,2.066666666666667,1.0,1.0,9,19,,bc1951327f3fed7380cca9b613e6806605fe93db8a246f283b9d548b6228bc85,f2609bf74f2364c861b817763470a1075046c5b64dfb6742d28b4584c1401cff,0.008730650879442692,0.04010239243507385,
legal parent,W120,student,F,2,451,191,True,True,True,,0.0038493138272315264,0.13463179767131805,,2.066666666666667,0.9896665220148861,0.9896664880216122,9,19,,bc1951327f3fed7380cca9b613e6806605fe93db8a246f283b9d548b6228bc85,f2609bf74f2364c861b817763470a1075046c5b64dfb6742d28b4584c1401cff,0.008646590635180473,0.03999999910593033,
legal parent,W120,student,F,3,579,192,False,False,False,body/invalid,0.05634944513440132,1.857187271118164,1.2333333333333334,,1.0,1.0,0,0,,bc1951327f3fed7380cca9b613e6806605fe93db8a246f283b9d548b6228bc85,f2609bf74f2364c861b817763470a1075046c5b64dfb6742d28b4584c1401cff,0.012231915257871151,0.03999263793230057,
legal parent,W120,student,F,3,580,193,False,False,False,body/invalid,0.056616976857185364,1.7409073114395142,1.9,1.8333333333333333,1.0,1.0,0,1,,bc1951327f3fed7380cca9b613e6806605fe93db8a246f283b9d548b6228bc85,f2609bf74f2364c861b817763470a1075046c5b64dfb6742d28b4584c1401cff,0.01197710819542408,0.04421968013048172,
legal parent,W120,student,F,3,583,194,True,False,True,body/invalid,0.01887720450758934,0.48151683807373047,1.9333333333333333,1.8333333333333333,1.0,1.0,1,2,,bc1951327f3fed7380cca9b613e6806605fe93db8a246f283b9d548b6228bc85,f2609bf74f2364c861b817763470a1075046c5b64dfb6742d28b4584c1401cff,0.03696369752287865,0.04230045899748802,
legal parent,W120,student,F,3,585,195,False,False,False,body/invalid,0.058619480580091476,2.130197525024414,1.6666666666666667,,1.0,1.0,0,0,,bc1951327f3fed7380cca9b613e6806605fe93db8a246f283b9d548b6228bc85,f2609bf74f2364c861b817763470a1075046c5b64dfb6742d28b4584c1401cff,0.010477564297616482,0.03997252136468887,
legal parent,W120,student,F,3,586,196,True,False,False,body/invalid,0.04824097082018852,2.0409913063049316,2.6333333333333333,1.8333333333333333,1.0,1.0,1,2,,bc1951327f3fed7380cca9b613e6806605fe93db8a246f283b9d548b6228bc85,f2609bf74f2364c861b817763470a1075046c5b64dfb6742d28b4584c1401cff,0.011339484713971615,0.040831953287124634,
legal parent,W120,student,F,3,587,197,False,False,False,body/invalid,0.055477358400821686,1.9202136993408203,1.7333333333333334,,1.0,1.0,0,0,,bc1951327f3fed7380cca9b613e6806605fe93db8a246f283b9d548b6228bc85,f2609bf74f2364c861b817763470a1075046c5b64dfb6742d28b4584c1401cff,0.009029939770698547,0.040000006556510925,
legal parent,W120,student,F,3,590,198,True,False,True,body/invalid,0.0162418894469738,0.4621674716472626,1.8,1.8333333333333333,1.0,1.0,1,2,,bc1951327f3fed7380cca9b613e6806605fe93db8a246f283b9d548b6228bc85,f2609bf74f2364c861b817763470a1075046c5b64dfb6742d28b4584c1401cff,0.036987725645303726,0.040000006556510925,
legal parent,W120,student,F,3,592,199,False,False,False,body/invalid,0.057184793055057526,1.883211612701416,1.6666666666666667,,1.0,1.0,0,0,,bc1951327f3fed7380cca9b613e6806605fe93db8a246f283b9d548b6228bc85,f2609bf74f2364c861b817763470a1075046c5b64dfb6742d28b4584c1401cff,0.009767785668373108,0.040000006556510925,
legal parent,W120,student,F,3,593,200,False,False,False,body/invalid,0.025761976838111877,1.7003062963485718,1.5666666666666667,,1.0,1.0,0,0,,bc1951327f3fed7380cca9b613e6806605fe93db8a246f283b9d548b6228bc85,f2609bf74f2364c861b817763470a1075046c5b64dfb6742d28b4584c1401cff,0.010255654342472553,0.040000006556510925,
legal parent,W120,student,F,3,594,201,True,False,False,body/invalid,0.05424745753407478,2.104949951171875,10.066666666666666,1.8333333333333333,1.0,1.0,2,5,,bc1951327f3fed7380cca9b613e6806605fe93db8a246f283b9d548b6228bc85,f2609bf74f2364c861b817763470a1075046c5b64dfb6742d28b4584c1401cff,0.011435912922024727,0.04999999329447746,
legal parent,W120,student,F,3,595,202,True,False,False,body/invalid,0.027571232989430428,1.6253979206085205,2.8,1.8333333333333333,1.0,1.0,1,2,,bc1951327f3fed7380cca9b613e6806605fe93db8a246f283b9d548b6228bc85,f2609bf74f2364c861b817763470a1075046c5b64dfb6742d28b4584c1401cff,0.011014319024980068,0.04320641979575157,
legal parent,W120,student,F,3,597,203,True,False,False,body/invalid,0.05710293725132942,2.0971879959106445,6.166666666666667,1.8333333333333333,1.0,1.0,1,3,,bc1951327f3fed7380cca9b613e6806605fe93db8a246f283b9d548b6228bc85,f2609bf74f2364c861b817763470a1075046c5b64dfb6742d28b4584c1401cff,0.012100676074624062,0.04894551634788513,
legal parent,W120,student,F,3,599,204,False,False,False,body/invalid,0.03665606305003166,1.964016318321228,2.2666666666666666,,1.0,1.0,0,0,,bc1951327f3fed7380cca9b613e6806605fe93db8a246f283b9d548b6228bc85,f2609bf74f2364c861b817763470a1075046c5b64dfb6742d28b4584c1401cff,0.015313766896724701,0.040000006556510925,
legal parent,W120,student,F,3,604,205,True,False,False,body/invalid,0.05411727353930473,2.2538959980010986,2.7666666666666666,1.8333333333333333,1.0,1.0,1,2,,bc1951327f3fed7380cca9b613e6806605fe93db8a246f283b9d548b6228bc85,f2609bf74f2364c861b817763470a1075046c5b64dfb6742d28b4584c1401cff,0.010356694459915161,0.04069142043590546,
legal parent,W120,student,F,3,605,206,False,False,False,body/invalid,0.05444997921586037,1.7768347263336182,1.7333333333333334,,1.0,1.0,0,0,,bc1951327f3fed7380cca9b613e6806605fe93db8a246f283b9d548b6228bc85,f2609bf74f2364c861b817763470a1075046c5b64dfb6742d28b4584c1401cff,0.008793998509645462,0.03993723541498184,
legal parent,W120,student,F,3,607,207,True,False,False,body/invalid,0.02829471416771412,2.0883636474609375,2.7,1.8333333333333333,1.0,1.0,1,2,,bc1951327f3fed7380cca9b613e6806605fe93db8a246f283b9d548b6228bc85,f2609bf74f2364c861b817763470a1075046c5b64dfb6742d28b4584c1401cff,0.009389335289597511,0.040000006556510925,
legal parent,W120,student,F,3,610,208,True,False,True,body/invalid,0.01782847009599209,0.46698319911956787,8.333333333333334,1.8333333333333333,1.0,1.0,1,2,,bc1951327f3fed7380cca9b613e6806605fe93db8a246f283b9d548b6228bc85,f2609bf74f2364c861b817763470a1075046c5b64dfb6742d28b4584c1401cff,0.0369129404425621,0.043275367468595505,
legal parent,W120,student,F,3,611,209,False,False,False,body/invalid,0.05144204571843147,1.842536211013794,1.7,1.8333333333333333,1.0,1.0,0,1,,bc1951327f3fed7380cca9b613e6806605fe93db8a246f283b9d548b6228bc85,f2609bf74f2364c861b817763470a1075046c5b64dfb6742d28b4584c1401cff,0.010133696720004082,0.04364389926195145,
legal parent,W120,student,F,3,612,210,False,False,False,body/invalid,0.058373525738716125,2.035214424133301,1.2666666666666666,,1.0,1.0,0,0,,bc1951327f3fed7380cca9b613e6806605fe93db8a246f283b9d548b6228bc85,f2609bf74f2364c861b817763470a1075046c5b64dfb6742d28b4584c1401cff,0.012466398999094963,0.03960278257727623,
legal parent,W120,student,F,3,614,211,True,False,False,body/invalid,0.048336684703826904,1.6854113340377808,5.033333333333333,1.8333333333333333,1.0,1.0,1,2,,bc1951327f3fed7380cca9b613e6806605fe93db8a246f283b9d548b6228bc85,f2609bf74f2364c861b817763470a1075046c5b64dfb6742d28b4584c1401cff,0.0101210568100214,0.049220576882362366,
legal parent,W120,student,F,3,617,212,True,False,False,body/invalid,0.05341615527868271,2.134578227996826,3.8333333333333335,1.8333333333333333,1.0,1.0,1,2,,bc1951327f3fed7380cca9b613e6806605fe93db8a246f283b9d548b6228bc85,f2609bf74f2364c861b817763470a1075046c5b64dfb6742d28b4584c1401cff,0.014457506127655506,0.04999999329447746,
legal parent,W120,student,F,3,618,213,True,False,False,body/invalid,0.05362999066710472,1.5816692113876343,1.8333333333333333,1.8666666666666667,1.0,1.0,1,2,,bc1951327f3fed7380cca9b613e6806605fe93db8a246f283b9d548b6228bc85,f2609bf74f2364c861b817763470a1075046c5b64dfb6742d28b4584c1401cff,0.02493344619870186,0.040000006556510925,
legal parent,W120,student,F,3,619,214,True,False,False,body/invalid,0.05133038014173508,1.9833537340164185,3.1666666666666665,1.8333333333333333,1.0,1.0,2,4,,bc1951327f3fed7380cca9b613e6806605fe93db8a246f283b9d548b6228bc85,f2609bf74f2364c861b817763470a1075046c5b64dfb6742d28b4584c1401cff,0.0108530567958951,0.04745093360543251,
legal parent,W120,student,F,3,620,215,True,True,True,,0.0073433746583759785,0.20950227975845337,,1.8333333333333333,1.0,1.0,1,2,,bc1951327f3fed7380cca9b613e6806605fe93db8a246f283b9d548b6228bc85,f2609bf74f2364c861b817763470a1075046c5b64dfb6742d28b4584c1401cff,0.03691062703728676,0.04253804683685303,
legal parent,W120,student,F,3,623,216,True,False,False,body/invalid,0.034675437957048416,1.6421254873275757,1.8333333333333333,1.8333333333333333,1.0,1.0,1,2,,bc1951327f3fed7380cca9b613e6806605fe93db8a246f283b9d548b6228bc85,f2609bf74f2364c861b817763470a1075046c5b64dfb6742d28b4584c1401cff,0.015804629772901535,0.04820892959833145,
legal parent,W120,student,F,3,626,217,False,False,False,body/invalid,0.046078361570835114,1.8929437398910522,1.2666666666666666,,1.0,1.0,0,0,,bc1951327f3fed7380cca9b613e6806605fe93db8a246f283b9d548b6228bc85,f2609bf74f2364c861b817763470a1075046c5b64dfb6742d28b4584c1401cff,0.01092385035008192,0.040000006556510925,
legal parent,W120,student,F,3,627,218,False,False,False,body/invalid,0.048930272459983826,1.86236572265625,1.4,,1.0,1.0,0,0,,bc1951327f3fed7380cca9b613e6806605fe93db8a246f283b9d548b6228bc85,f2609bf74f2364c861b817763470a1075046c5b64dfb6742d28b4584c1401cff,0.010055428370833397,0.040000006556510925,
legal parent,W120,student,F,3,632,219,False,False,False,body/invalid,0.05682018771767616,1.9377480745315552,1.4666666666666666,,1.0,1.0,0,0,,bc1951327f3fed7380cca9b613e6806605fe93db8a246f283b9d548b6228bc85,f2609bf74f2364c861b817763470a1075046c5b64dfb6742d28b4584c1401cff,0.0109556270763278,0.03999998793005943,
legal parent,W120,student,F,3,637,220,False,False,False,body/invalid,0.05806039646267891,2.024930477142334,1.6666666666666667,,1.0,1.0,0,0,,bc1951327f3fed7380cca9b613e6806605fe93db8a246f283b9d548b6228bc85,f2609bf74f2364c861b817763470a1075046c5b64dfb6742d28b4584c1401cff,0.009502789936959743,0.03997214511036873,
legal parent,W120,student,F,3,638,221,True,False,False,body/invalid,0.042737048119306564,2.110872268676758,9.1,1.8333333333333333,1.0,1.0,2,4,,bc1951327f3fed7380cca9b613e6806605fe93db8a246f283b9d548b6228bc85,f2609bf74f2364c861b817763470a1075046c5b64dfb6742d28b4584c1401cff,0.010676604695618153,0.04999999329447746,
legal parent,W120,student,F,3,639,222,True,False,False,body/invalid,0.05457830801606178,1.8563657999038696,21.1,1.8333333333333333,1.0,1.0,5,11,,bc1951327f3fed7380cca9b613e6806605fe93db8a246f283b9d548b6228bc85,f2609bf74f2364c861b817763470a1075046c5b64dfb6742d28b4584c1401cff,0.009801527485251427,0.049131348729133606,
legal parent,W120,student,F,3,643,223,False,False,False,body/invalid,0.058035820722579956,2.1177406311035156,1.6,,1.0,1.0,0,0,,bc1951327f3fed7380cca9b613e6806605fe93db8a246f283b9d548b6228bc85,f2609bf74f2364c861b817763470a1075046c5b64dfb6742d28b4584c1401cff,0.009801874868571758,0.03999566286802292,
legal parent,W120,student,F,3,647,224,False,False,False,body/invalid,0.05629435181617737,2.0411534309387207,2.033333333333333,,1.0,1.0,0,0,,bc1951327f3fed7380cca9b613e6806605fe93db8a246f283b9d548b6228bc85,f2609bf74f2364c861b817763470a1075046c5b64dfb6742d28b4584c1401cff,0.011945784091949463,0.03999992832541466,
legal parent,W120,student,F,3,650,225,True,False,False,body/invalid,0.05332913249731064,1.9837048053741455,20.966666666666665,1.8333333333333333,1.0,1.0,5,11,,bc1951327f3fed7380cca9b613e6806605fe93db8a246f283b9d548b6228bc85,f2609bf74f2364c861b817763470a1075046c5b64dfb6742d28b4584c1401cff,0.008569074794650078,0.0461997464299202,
legal parent,W120,student,F,3,653,226,False,False,False,body/invalid,0.05471058189868927,2.244234085083008,1.7333333333333334,1.8333333333333333,1.0,1.0,0,1,,bc1951327f3fed7380cca9b613e6806605fe93db8a246f283b9d548b6228bc85,f2609bf74f2364c861b817763470a1075046c5b64dfb6742d28b4584c1401cff,0.010257037356495857,0.040000006556510925,
legal parent,W120,student,F,3,657,227,False,False,False,body/invalid,0.05066768452525139,1.8462520837783813,1.6666666666666667,,1.0,1.0,0,0,,bc1951327f3fed7380cca9b613e6806605fe93db8a246f283b9d548b6228bc85,f2609bf74f2364c861b817763470a1075046c5b64dfb6742d28b4584c1401cff,0.010311475954949856,0.03999447077512741,
legal parent,W120,student,F,3,658,228,True,False,False,body/invalid,0.05090226233005524,1.775972843170166,5.4,1.8333333333333333,1.0,1.0,1,2,,bc1951327f3fed7380cca9b613e6806605fe93db8a246f283b9d548b6228bc85,f2609bf74f2364c861b817763470a1075046c5b64dfb6742d28b4584c1401cff,0.012542175129055977,0.04999999329447746,
legal parent,W120,student,F,3,659,229,True,False,False,body/invalid,0.05742297321557999,2.0191261768341064,33.333333333333336,1.8333333333333333,1.0,1.0,3,6,,bc1951327f3fed7380cca9b613e6806605fe93db8a246f283b9d548b6228bc85,f2609bf74f2364c861b817763470a1075046c5b64dfb6742d28b4584c1401cff,0.011351426132023335,0.049740031361579895,
legal parent,W120,student,F,3,661,230,False,False,False,body/invalid,0.04829138517379761,1.7453465461730957,1.8,,1.0,1.0,0,0,,bc1951327f3fed7380cca9b613e6806605fe93db8a246f283b9d548b6228bc85,f2609bf74f2364c861b817763470a1075046c5b64dfb6742d28b4584c1401cff,0.009495537728071213,0.040000006556510925,
legal parent,W120,student,F,3,662,231,False,False,False,body/invalid,0.05033605918288231,1.2521395683288574,0.5333333333333333,,1.0,1.0,0,0,,bc1951327f3fed7380cca9b613e6806605fe93db8a246f283b9d548b6228bc85,f2609bf74f2364c861b817763470a1075046c5b64dfb6742d28b4584c1401cff,0.013490033335983753,0.040000006556510925,
legal parent,W120,student,F,3,664,232,False,False,False,body/invalid,0.04788188636302948,1.8298746347427368,0.8666666666666667,,1.0,1.0,0,0,,bc1951327f3fed7380cca9b613e6806605fe93db8a246f283b9d548b6228bc85,f2609bf74f2364c861b817763470a1075046c5b64dfb6742d28b4584c1401cff,0.014054463244974613,0.040000006556510925,
legal parent,W120,student,F,3,666,233,False,False,False,body/invalid,0.05768534541130066,2.1474056243896484,1.4333333333333333,,1.0,1.0,0,0,,bc1951327f3fed7380cca9b613e6806605fe93db8a246f283b9d548b6228bc85,f2609bf74f2364c861b817763470a1075046c5b64dfb6742d28b4584c1401cff,0.011516178958117962,0.03809042274951935,
legal parent,W120,student,F,3,669,234,True,False,False,body/invalid,0.048426587134599686,2.594965934753418,5.766666666666667,1.8333333333333333,1.0,1.0,1,3,,bc1951327f3fed7380cca9b613e6806605fe93db8a246f283b9d548b6228bc85,f2609bf74f2364c861b817763470a1075046c5b64dfb6742d28b4584c1401cff,0.012389503419399261,0.04999999329447746,
legal parent,W120,student,F,3,672,235,False,False,False,body/invalid,0.05152789503335953,1.994869589805603,1.7333333333333334,1.8333333333333333,1.0,1.0,0,1,,bc1951327f3fed7380cca9b613e6806605fe93db8a246f283b9d548b6228bc85,f2609bf74f2364c861b817763470a1075046c5b64dfb6742d28b4584c1401cff,0.010471507906913757,0.040000006556510925,
legal parent,W120,student,F,3,673,236,True,False,False,body/invalid,0.054608117789030075,2.035856008529663,13.666666666666666,1.8333333333333333,1.0,1.0,3,7,,bc1951327f3fed7380cca9b613e6806605fe93db8a246f283b9d548b6228bc85,f2609bf74f2364c861b817763470a1075046c5b64dfb6742d28b4584c1401cff,0.009722801856696606,0.04999999329447746,
legal parent,W120,student,F,3,675,237,True,False,False,body/invalid,0.05819571390748024,1.6827713251113892,3.1666666666666665,1.8333333333333333,1.0,1.0,1,2,,bc1951327f3fed7380cca9b613e6806605fe93db8a246f283b9d548b6228bc85,f2609bf74f2364c861b817763470a1075046c5b64dfb6742d28b4584c1401cff,0.011493763886392117,0.04275718331336975,
legal parent,W120,student,F,3,676,238,True,False,False,body/invalid,0.04734370857477188,3.037773370742798,5.933333333333334,1.8333333333333333,1.0,1.0,1,2,,bc1951327f3fed7380cca9b613e6806605fe93db8a246f283b9d548b6228bc85,f2609bf74f2364c861b817763470a1075046c5b64dfb6742d28b4584c1401cff,0.010710669681429863,0.045869432389736176,
legal parent,W120,student,F,3,677,239,False,False,False,body/invalid,0.052691999822854996,2.1350536346435547,1.7666666666666666,1.8333333333333333,1.0,1.0,0,1,,bc1951327f3fed7380cca9b613e6806605fe93db8a246f283b9d548b6228bc85,f2609bf74f2364c861b817763470a1075046c5b64dfb6742d28b4584c1401cff,0.011226911097764969,0.04480423405766487,
legal parent,W120,student,F,3,679,240,False,False,False,body/invalid,0.04936142638325691,1.7713332176208496,2.066666666666667,,1.0,1.0,0,0,,bc1951327f3fed7380cca9b613e6806605fe93db8a246f283b9d548b6228bc85,f2609bf74f2364c861b817763470a1075046c5b64dfb6742d28b4584c1401cff,0.014071062207221985,0.040000006556510925,
legal parent,W120,student,F,3,680,241,False,False,False,body/invalid,0.0418478399515152,1.7158113718032837,1.6333333333333333,,1.0,1.0,0,0,,bc1951327f3fed7380cca9b613e6806605fe93db8a246f283b9d548b6228bc85,f2609bf74f2364c861b817763470a1075046c5b64dfb6742d28b4584c1401cff,0.009573735296726227,0.03923014923930168,
legal parent,W120,student,F,3,682,242,True,False,True,body/invalid,0.01791570335626602,0.5751345753669739,13.4,1.8333333333333333,1.0,1.0,4,8,,bc1951327f3fed7380cca9b613e6806605fe93db8a246f283b9d548b6228bc85,f2609bf74f2364c861b817763470a1075046c5b64dfb6742d28b4584c1401cff,0.027982987463474274,0.04999999329447746,
legal parent,W120,student,F,3,683,243,False,False,False,body/invalid,0.0287917647510767,1.5797055959701538,1.8,1.8333333333333333,1.0,1.0,0,1,,bc1951327f3fed7380cca9b613e6806605fe93db8a246f283b9d548b6228bc85,f2609bf74f2364c861b817763470a1075046c5b64dfb6742d28b4584c1401cff,0.00983692891895771,0.040000006556510925,
legal parent,W120,student,F,3,685,244,False,False,False,body/invalid,0.05786629021167755,2.274118185043335,1.6666666666666667,,1.0,1.0,0,0,,bc1951327f3fed7380cca9b613e6806605fe93db8a246f283b9d548b6228bc85,f2609bf74f2364c861b817763470a1075046c5b64dfb6742d28b4584c1401cff,0.008588531985878944,0.040000006556510925,
legal parent,W120,student,F,3,686,245,False,False,False,body/invalid,0.04752175509929657,1.8609434366226196,1.5,,1.0,1.0,0,0,,bc1951327f3fed7380cca9b613e6806605fe93db8a246f283b9d548b6228bc85,f2609bf74f2364c861b817763470a1075046c5b64dfb6742d28b4584c1401cff,0.00959102064371109,0.040000006556510925,
legal parent,W120,student,F,3,691,246,True,False,False,body/invalid,0.02559596672654152,1.5880653858184814,2.9,1.8333333333333333,1.0,1.0,1,2,,bc1951327f3fed7380cca9b613e6806605fe93db8a246f283b9d548b6228bc85,f2609bf74f2364c861b817763470a1075046c5b64dfb6742d28b4584c1401cff,0.009912749752402306,0.04226875305175781,
legal parent,W120,student,F,3,692,247,True,False,True,body/invalid,0.022577952593564987,0.8914031982421875,2.8,1.8333333333333333,1.0,1.0,2,4,,bc1951327f3fed7380cca9b613e6806605fe93db8a246f283b9d548b6228bc85,f2609bf74f2364c861b817763470a1075046c5b64dfb6742d28b4584c1401cff,0.0339139923453331,0.04024868458509445,
legal parent,W120,student,F,3,693,248,True,False,False,body/invalid,0.058269940316677094,2.1820571422576904,5.6,1.8333333333333333,1.0,1.0,1,3,,bc1951327f3fed7380cca9b613e6806605fe93db8a246f283b9d548b6228bc85,f2609bf74f2364c861b817763470a1075046c5b64dfb6742d28b4584c1401cff,0.010671124793589115,0.04637279361486435,
legal parent,W120,student,F,3,696,249,True,True,True,,0.009107583202421665,0.2419651299715042,,1.8333333333333333,1.0,1.0,1,2,,bc1951327f3fed7380cca9b613e6806605fe93db8a246f283b9d548b6228bc85,f2609bf74f2364c861b817763470a1075046c5b64dfb6742d28b4584c1401cff,0.03694643825292587,0.049949176609516144,
legal parent,W120,student,F,3,697,250,True,False,False,body/invalid,0.05030597746372223,1.170989751815796,16.633333333333333,1.8333333333333333,1.0,1.0,4,9,,bc1951327f3fed7380cca9b613e6806605fe93db8a246f283b9d548b6228bc85,f2609bf74f2364c861b817763470a1075046c5b64dfb6742d28b4584c1401cff,0.009945053607225418,0.04999999329447746,
legal parent,W120,student,F,3,699,251,False,False,False,body/invalid,0.049145542085170746,1.9236092567443848,1.7,,1.0,1.0,0,0,,bc1951327f3fed7380cca9b613e6806605fe93db8a246f283b9d548b6228bc85,f2609bf74f2364c861b817763470a1075046c5b64dfb6742d28b4584c1401cff,0.009676187299191952,0.040000006556510925,
legal parent,W120,student,F,3,701,252,True,False,True,body/invalid,0.013936564326286316,0.32052046060562134,1.7666666666666666,1.8333333333333333,1.0,1.0,1,2,,bc1951327f3fed7380cca9b613e6806605fe93db8a246f283b9d548b6228bc85,f2609bf74f2364c861b817763470a1075046c5b64dfb6742d28b4584c1401cff,0.036941833794116974,0.04450695961713791,
legal parent,W120,student,F,3,702,253,False,False,False,body/invalid,0.04603303596377373,1.5928640365600586,1.5333333333333334,,1.0,1.0,0,0,,bc1951327f3fed7380cca9b613e6806605fe93db8a246f283b9d548b6228bc85,f2609bf74f2364c861b817763470a1075046c5b64dfb6742d28b4584c1401cff,0.011457390151917934,0.040000006556510925,
legal parent,W120,student,F,3,706,254,True,False,False,body/invalid,0.05350392684340477,1.7718009948730469,5.566666666666666,1.8666666666666667,1.0,1.0,1,3,,bc1951327f3fed7380cca9b613e6806605fe93db8a246f283b9d548b6228bc85,f2609bf74f2364c861b817763470a1075046c5b64dfb6742d28b4584c1401cff,0.008364205248653889,0.04733335226774216,
legal parent,W120,student,F,3,708,255,True,False,False,body/invalid,0.060356397181749344,1.8418419361114502,7.633333333333334,1.8333333333333333,1.0,1.0,2,4,,bc1951327f3fed7380cca9b613e6806605fe93db8a246f283b9d548b6228bc85,f2609bf74f2364c861b817763470a1075046c5b64dfb6742d28b4584c1401cff,0.011684036813676357,0.047661058604717255,
privileged diagnostic after2s,W120,student_teacher_latent_2.0s,F,0,0,0,True,True,True,,0.005008052568882704,0.15397286415100098,,1.8333333333333333,0.9968732474371791,0.9968732483685017,10,20,,bc1951327f3fed7380cca9b613e6806605fe93db8a246f283b9d548b6228bc85,aec5e3cc09d2c9f0e7f7c280ca11ceeaeb35bb306ccf894e7571e84c449f0930,0.007605328690260649,0.03999999910593033,
privileged diagnostic after2s,W120,student_teacher_latent_2.0s,F,0,1,1,True,True,True,,0.004830918740481138,0.15377995371818542,,1.8333333333333333,1.0,1.0,10,20,,bc1951327f3fed7380cca9b613e6806605fe93db8a246f283b9d548b6228bc85,aec5e3cc09d2c9f0e7f7c280ca11ceeaeb35bb306ccf894e7571e84c449f0930,0.007737691979855299,0.03999999910593033,
privileged diagnostic after2s,W120,student_teacher_latent_2.0s,F,0,2,2,True,True,True,,0.004968992900103331,0.1612057387828827,,1.8333333333333333,0.9969817814417183,0.9969817474484444,10,20,,bc1951327f3fed7380cca9b613e6806605fe93db8a246f283b9d548b6228bc85,aec5e3cc09d2c9f0e7f7c280ca11ceeaeb35bb306ccf894e7571e84c449f0930,0.007724524941295385,0.03999999910593033,
privileged diagnostic after2s,W120,student_teacher_latent_2.0s,F,0,3,3,True,True,True,,0.00498048635199666,0.18627110123634338,,1.8666666666666667,0.9957236112095416,0.9957236237823963,10,20,,bc1951327f3fed7380cca9b613e6806605fe93db8a246f283b9d548b6228bc85,aec5e3cc09d2c9f0e7f7c280ca11ceeaeb35bb306ccf894e7571e84c449f0930,0.007666525896638632,0.03999999910593033,
privileged diagnostic after2s,W120,student_teacher_latent_2.0s,F,0,4,4,True,True,True,,0.005830082576721907,0.16160885989665985,,1.8333333333333333,1.0,1.0,10,20,,bc1951327f3fed7380cca9b613e6806605fe93db8a246f283b9d548b6228bc85,aec5e3cc09d2c9f0e7f7c280ca11ceeaeb35bb306ccf894e7571e84c449f0930,0.007635466288775206,0.040708161890506744,
privileged diagnostic after2s,W120,student_teacher_latent_2.0s,F,0,5,5,True,True,True,,0.006112780887633562,0.17424876987934113,,1.8333333333333333,1.0,1.0,10,20,,bc1951327f3fed7380cca9b613e6806605fe93db8a246f283b9d548b6228bc85,aec5e3cc09d2c9f0e7f7c280ca11ceeaeb35bb306ccf894e7571e84c449f0930,0.007621830329298973,0.03999999910593033,
privileged diagnostic after2s,W120,student_teacher_latent_2.0s,F,0,6,6,True,True,True,,0.004903913009911776,0.1656610369682312,,1.8333333333333333,1.0,1.0,10,20,,bc1951327f3fed7380cca9b613e6806605fe93db8a246f283b9d548b6228bc85,aec5e3cc09d2c9f0e7f7c280ca11ceeaeb35bb306ccf894e7571e84c449f0930,0.007741000037640333,0.03999999910593033,
privileged diagnostic after2s,W120,student_teacher_latent_2.0s,F,0,7,7,True,True,True,,0.005132252816110849,0.14219245314598083,,1.8666666666666667,0.9911680934019387,0.9911680594086647,10,20,,bc1951327f3fed7380cca9b613e6806605fe93db8a246f283b9d548b6228bc85,aec5e3cc09d2c9f0e7f7c280ca11ceeaeb35bb306ccf894e7571e84c449f0930,0.007709063123911619,0.03999999910593033,
privileged diagnostic after2s,W120,student_teacher_latent_2.0s,F,0,8,8,True,True,True,,0.004955931566655636,0.15439234673976898,,1.8333333333333333,1.0,1.0,10,20,,bc1951327f3fed7380cca9b613e6806605fe93db8a246f283b9d548b6228bc85,aec5e3cc09d2c9f0e7f7c280ca11ceeaeb35bb306ccf894e7571e84c449f0930,0.007557889446616173,0.03999999910593033,
privileged diagnostic after2s,W120,student_teacher_latent_2.0s,F,0,9,9,True,True,True,,0.0056095123291015625,0.1701609045267105,,1.8333333333333333,0.9952229904010892,0.995222944766283,10,20,,bc1951327f3fed7380cca9b613e6806605fe93db8a246f283b9d548b6228bc85,aec5e3cc09d2c9f0e7f7c280ca11ceeaeb35bb306ccf894e7571e84c449f0930,0.007675619330257177,0.03999999910593033,
privileged diagnostic after2s,W120,student_teacher_latent_2.0s,F,0,10,10,True,True,True,,0.005544091109186411,0.15196722745895386,,1.8666666666666667,1.0,1.0,10,20,,bc1951327f3fed7380cca9b613e6806605fe93db8a246f283b9d548b6228bc85,aec5e3cc09d2c9f0e7f7c280ca11ceeaeb35bb306ccf894e7571e84c449f0930,0.007484056055545807,0.03999999910593033,
privileged diagnostic after2s,W120,student_teacher_latent_2.0s,F,0,11,11,True,True,True,,0.005746752955019474,0.16970479488372803,,1.8666666666666667,1.0,1.0,10,20,,bc1951327f3fed7380cca9b613e6806605fe93db8a246f283b9d548b6228bc85,aec5e3cc09d2c9f0e7f7c280ca11ceeaeb35bb306ccf894e7571e84c449f0930,0.007548243273049593,0.04010149464011192,
privileged diagnostic after2s,W120,student_teacher_latent_2.0s,F,0,12,12,True,True,True,,0.005567588843405247,0.15393784642219543,,1.8333333333333333,1.0,1.0,10,20,,bc1951327f3fed7380cca9b613e6806605fe93db8a246f283b9d548b6228bc85,aec5e3cc09d2c9f0e7f7c280ca11ceeaeb35bb306ccf894e7571e84c449f0930,0.0076044416055083275,0.04023364558815956,
privileged diagnostic after2s,W120,student_teacher_latent_2.0s,F,0,13,13,True,True,True,,0.005374204367399216,0.15559126436710358,,1.8333333333333333,1.0,1.0,10,20,,bc1951327f3fed7380cca9b613e6806605fe93db8a246f283b9d548b6228bc85,aec5e3cc09d2c9f0e7f7c280ca11ceeaeb35bb306ccf894e7571e84c449f0930,0.007776985876262188,0.03999999910593033,
privileged diagnostic after2s,W120,student_teacher_latent_2.0s,F,0,14,14,True,True,True,,0.005144144408404827,0.15399794280529022,,1.8333333333333333,1.0,1.0,10,20,,bc1951327f3fed7380cca9b613e6806605fe93db8a246f283b9d548b6228bc85,aec5e3cc09d2c9f0e7f7c280ca11ceeaeb35bb306ccf894e7571e84c449f0930,0.007551969029009342,0.03999999910593033,
privileged diagnostic after2s,W120,student_teacher_latent_2.0s,F,0,15,15,True,True,True,,0.005118762142956257,0.14938656985759735,,1.8333333333333333,1.0,1.0,10,20,,bc1951327f3fed7380cca9b613e6806605fe93db8a246f283b9d548b6228bc85,aec5e3cc09d2c9f0e7f7c280ca11ceeaeb35bb306ccf894e7571e84c449f0930,0.007687659934163094,0.03999999910593033,
privileged diagnostic after2s,W120,student_teacher_latent_2.0s,F,0,16,16,True,True,True,,0.005549490451812744,0.16861166059970856,,1.8333333333333333,1.0,1.0,10,20,,bc1951327f3fed7380cca9b613e6806605fe93db8a246f283b9d548b6228bc85,aec5e3cc09d2c9f0e7f7c280ca11ceeaeb35bb306ccf894e7571e84c449f0930,0.007777659222483635,0.03999999910593033,
privileged diagnostic after2s,W120,student_teacher_latent_2.0s,F,0,17,17,True,True,True,,0.005610953085124493,0.15406592190265656,,1.8333333333333333,1.0,1.0,10,20,,bc1951327f3fed7380cca9b613e6806605fe93db8a246f283b9d548b6228bc85,aec5e3cc09d2c9f0e7f7c280ca11ceeaeb35bb306ccf894e7571e84c449f0930,0.007532328832894564,0.04021754488348961,
privileged diagnostic after2s,W120,student_teacher_latent_2.0s,F,0,18,18,True,True,True,,0.005571251735091209,0.1515009105205536,,1.8333333333333333,0.9956043204292655,0.9956043213605881,10,20,,bc1951327f3fed7380cca9b613e6806605fe93db8a246f283b9d548b6228bc85,aec5e3cc09d2c9f0e7f7c280ca11ceeaeb35bb306ccf894e7571e84c449f0930,0.007807211950421333,0.03999999910593033,
privileged diagnostic after2s,W120,student_teacher_latent_2.0s,F,0,19,19,True,True,True,,0.005492441821843386,0.14693191647529602,,1.8333333333333333,1.0,1.0,10,20,,bc1951327f3fed7380cca9b613e6806605fe93db8a246f283b9d548b6228bc85,aec5e3cc09d2c9f0e7f7c280ca11ceeaeb35bb306ccf894e7571e84c449f0930,0.007656553760170937,0.03999999910593033,
privileged diagnostic after2s,W120,student_teacher_latent_2.0s,F,0,20,20,True,True,True,,0.005537606310099363,0.1556147336959839,,1.8333333333333333,1.0,1.0,10,20,,bc1951327f3fed7380cca9b613e6806605fe93db8a246f283b9d548b6228bc85,aec5e3cc09d2c9f0e7f7c280ca11ceeaeb35bb306ccf894e7571e84c449f0930,0.007671148981899023,0.03999999910593033,
privileged diagnostic after2s,W120,student_teacher_latent_2.0s,F,0,21,21,True,True,True,,0.005115044303238392,0.15105552971363068,,1.8333333333333333,1.0,1.0,10,20,,bc1951327f3fed7380cca9b613e6806605fe93db8a246f283b9d548b6228bc85,aec5e3cc09d2c9f0e7f7c280ca11ceeaeb35bb306ccf894e7571e84c449f0930,0.007821189239621162,0.03999999910593033,
privileged diagnostic after2s,W120,student_teacher_latent_2.0s,F,0,22,22,True,True,True,,0.004615590441972017,0.19044075906276703,,1.8333333333333333,0.9938844935968518,0.9938844479620457,10,20,,bc1951327f3fed7380cca9b613e6806605fe93db8a246f283b9d548b6228bc85,aec5e3cc09d2c9f0e7f7c280ca11ceeaeb35bb306ccf894e7571e84c449f0930,0.007519550155848265,0.03999999910593033,
privileged diagnostic after2s,W120,student_teacher_latent_2.0s,F,0,23,23,True,True,True,,0.005445926450192928,0.16094321012496948,,1.8333333333333333,0.9987555551342666,0.998755544424057,10,20,,bc1951327f3fed7380cca9b613e6806605fe93db8a246f283b9d548b6228bc85,aec5e3cc09d2c9f0e7f7c280ca11ceeaeb35bb306ccf894e7571e84c449f0930,0.007638899609446526,0.03999999910593033,
privileged diagnostic after2s,W120,student_teacher_latent_2.0s,F,0,24,24,True,True,True,,0.005217473488301039,0.14589981734752655,,1.8333333333333333,1.0,1.0,10,20,,bc1951327f3fed7380cca9b613e6806605fe93db8a246f283b9d548b6228bc85,aec5e3cc09d2c9f0e7f7c280ca11ceeaeb35bb306ccf894e7571e84c449f0930,0.007802398409694433,0.03999999910593033,
privileged diagnostic after2s,W120,student_teacher_latent_2.0s,F,0,25,25,True,True,True,,0.005170251242816448,0.17065498232841492,,1.8333333333333333,0.9980411143042147,0.9980411268770695,10,20,,bc1951327f3fed7380cca9b613e6806605fe93db8a246f283b9d548b6228bc85,aec5e3cc09d2c9f0e7f7c280ca11ceeaeb35bb306ccf894e7571e84c449f0930,0.007575518451631069,0.03999999910593033,
privileged diagnostic after2s,W120,student_teacher_latent_2.0s,F,0,26,26,True,True,True,,0.0065247374586761,0.14359575510025024,,1.8333333333333333,1.0,1.0,10,20,,bc1951327f3fed7380cca9b613e6806605fe93db8a246f283b9d548b6228bc85,aec5e3cc09d2c9f0e7f7c280ca11ceeaeb35bb306ccf894e7571e84c449f0930,0.007649433799088001,0.04047700762748718,
privileged diagnostic after2s,W120,student_teacher_latent_2.0s,F,0,28,27,True,True,True,,0.005407951306551695,0.153703972697258,,1.8333333333333333,1.0,1.0,10,20,,bc1951327f3fed7380cca9b613e6806605fe93db8a246f283b9d548b6228bc85,aec5e3cc09d2c9f0e7f7c280ca11ceeaeb35bb306ccf894e7571e84c449f0930,0.007761508692055941,0.03999999910593033,
privileged diagnostic after2s,W120,student_teacher_latent_2.0s,F,0,29,28,True,True,True,,0.005511091090738773,0.16756270825862885,,1.8333333333333333,1.0,1.0,10,20,,bc1951327f3fed7380cca9b613e6806605fe93db8a246f283b9d548b6228bc85,aec5e3cc09d2c9f0e7f7c280ca11ceeaeb35bb306ccf894e7571e84c449f0930,0.007820995524525642,0.03999999910593033,
privileged diagnostic after2s,W120,student_teacher_latent_2.0s,F,0,30,29,True,True,True,,0.005205465480685234,0.1673678755760193,,1.8333333333333333,0.9961233115755022,0.9961232542991638,10,20,,bc1951327f3fed7380cca9b613e6806605fe93db8a246f283b9d548b6228bc85,aec5e3cc09d2c9f0e7f7c280ca11ceeaeb35bb306ccf894e7571e84c449f0930,0.007507347967475653,0.03999999910593033,
privileged diagnostic after2s,W120,student_teacher_latent_2.0s,F,0,31,30,True,True,True,,0.005256366450339556,0.155593603849411,,1.8333333333333333,0.9967872514389455,0.9967871941626072,10,20,,bc1951327f3fed7380cca9b613e6806605fe93db8a246f283b9d548b6228bc85,aec5e3cc09d2c9f0e7f7c280ca11ceeaeb35bb306ccf894e7571e84c449f0930,0.007602256257086992,0.03999999910593033,
privileged diagnostic after2s,W120,student_teacher_latent_2.0s,F,0,32,31,True,True,True,,0.0058663333766162395,0.15616460144519806,,1.8333333333333333,0.9966410803608596,0.99664106965065,10,20,,bc1951327f3fed7380cca9b613e6806605fe93db8a246f283b9d548b6228bc85,aec5e3cc09d2c9f0e7f7c280ca11ceeaeb35bb306ccf894e7571e84c449f0930,0.0076396227814257145,0.03999999910593033,
privileged diagnostic after2s,W120,student_teacher_latent_2.0s,F,0,33,32,True,True,True,,0.00611675251275301,0.1464136838912964,,1.8333333333333333,1.0,1.0,10,20,,bc1951327f3fed7380cca9b613e6806605fe93db8a246f283b9d548b6228bc85,aec5e3cc09d2c9f0e7f7c280ca11ceeaeb35bb306ccf894e7571e84c449f0930,0.007578026503324509,0.04024958610534668,
privileged diagnostic after2s,W120,student_teacher_latent_2.0s,F,0,34,33,True,True,True,,0.005180953070521355,0.1625090092420578,,1.8666666666666667,0.9998305574990809,0.9998305700719357,10,20,,bc1951327f3fed7380cca9b613e6806605fe93db8a246f283b9d548b6228bc85,aec5e3cc09d2c9f0e7f7c280ca11ceeaeb35bb306ccf894e7571e84c449f0930,0.007730425335466862,0.03999999910593033,
privileged diagnostic after2s,W120,student_teacher_latent_2.0s,F,0,35,34,True,True,True,,0.004628696944564581,0.16680891811847687,,1.8333333333333333,0.9969073571264744,0.9969073347747326,10,20,,bc1951327f3fed7380cca9b613e6806605fe93db8a246f283b9d548b6228bc85,aec5e3cc09d2c9f0e7f7c280ca11ceeaeb35bb306ccf894e7571e84c449f0930,0.007726782001554966,0.03999999910593033,
privileged diagnostic after2s,W120,student_teacher_latent_2.0s,F,0,37,35,True,True,True,,0.005152741447091103,0.15464158356189728,,1.8333333333333333,1.0,1.0,10,20,,bc1951327f3fed7380cca9b613e6806605fe93db8a246f283b9d548b6228bc85,aec5e3cc09d2c9f0e7f7c280ca11ceeaeb35bb306ccf894e7571e84c449f0930,0.007730463985353708,0.03999999910593033,
privileged diagnostic after2s,W120,student_teacher_latent_2.0s,F,0,38,36,True,True,True,,0.005032048095017672,0.14780615270137787,,1.8666666666666667,0.9945120071060956,0.9945119731128216,10,20,,bc1951327f3fed7380cca9b613e6806605fe93db8a246f283b9d548b6228bc85,aec5e3cc09d2c9f0e7f7c280ca11ceeaeb35bb306ccf894e7571e84c449f0930,0.007448848802596331,0.03999999910593033,
privileged diagnostic after2s,W120,student_teacher_latent_2.0s,F,0,40,37,True,True,True,,0.005521472543478012,0.1542486846446991,,1.8333333333333333,1.0,1.0,10,20,,bc1951327f3fed7380cca9b613e6806605fe93db8a246f283b9d548b6228bc85,aec5e3cc09d2c9f0e7f7c280ca11ceeaeb35bb306ccf894e7571e84c449f0930,0.007532259449362755,0.04018673673272133,
privileged diagnostic after2s,W120,student_teacher_latent_2.0s,F,0,41,38,True,True,True,,0.004983542021363974,0.17600861191749573,,1.8333333333333333,1.0,1.0,10,20,,bc1951327f3fed7380cca9b613e6806605fe93db8a246f283b9d548b6228bc85,aec5e3cc09d2c9f0e7f7c280ca11ceeaeb35bb306ccf894e7571e84c449f0930,0.007596258539706469,0.04008166864514351,
privileged diagnostic after2s,W120,student_teacher_latent_2.0s,F,0,42,39,True,True,True,,0.004973737522959709,0.187409445643425,,1.8333333333333333,0.9967871699482203,0.9967871010303497,10,20,,bc1951327f3fed7380cca9b613e6806605fe93db8a246f283b9d548b6228bc85,aec5e3cc09d2c9f0e7f7c280ca11ceeaeb35bb306ccf894e7571e84c449f0930,0.007622615434229374,0.03999999910593033,
privileged diagnostic after2s,W120,student_teacher_latent_2.0s,F,0,43,40,True,True,True,,0.005239480175077915,0.1633462756872177,,1.8333333333333333,1.0,1.0,10,20,,bc1951327f3fed7380cca9b613e6806605fe93db8a246f283b9d548b6228bc85,aec5e3cc09d2c9f0e7f7c280ca11ceeaeb35bb306ccf894e7571e84c449f0930,0.0075897956266999245,0.03999999910593033,
privileged diagnostic after2s,W120,student_teacher_latent_2.0s,F,0,44,41,True,True,True,,0.004958156496286392,0.15033620595932007,,1.8333333333333333,1.0,1.0,10,20,,bc1951327f3fed7380cca9b613e6806605fe93db8a246f283b9d548b6228bc85,aec5e3cc09d2c9f0e7f7c280ca11ceeaeb35bb306ccf894e7571e84c449f0930,0.007788041606545448,0.03999999910593033,
privileged diagnostic after2s,W120,student_teacher_latent_2.0s,F,0,45,42,True,True,True,,0.0045873792842030525,0.16091865301132202,,1.8333333333333333,0.9957848223857582,0.9957848116755486,10,20,,bc1951327f3fed7380cca9b613e6806605fe93db8a246f283b9d548b6228bc85,aec5e3cc09d2c9f0e7f7c280ca11ceeaeb35bb306ccf894e7571e84c449f0930,0.007550262380391359,0.03999999910593033,
privileged diagnostic after2s,W120,student_teacher_latent_2.0s,F,0,46,43,True,True,True,,0.0049675446934998035,0.1610245406627655,,1.8333333333333333,1.0,1.0,10,20,,bc1951327f3fed7380cca9b613e6806605fe93db8a246f283b9d548b6228bc85,aec5e3cc09d2c9f0e7f7c280ca11ceeaeb35bb306ccf894e7571e84c449f0930,0.007737191393971443,0.03999999910593033,
privileged diagnostic after2s,W120,student_teacher_latent_2.0s,F,0,47,44,True,True,True,,0.005810148548334837,0.14213787019252777,,1.8333333333333333,1.0,1.0,10,20,,bc1951327f3fed7380cca9b613e6806605fe93db8a246f283b9d548b6228bc85,aec5e3cc09d2c9f0e7f7c280ca11ceeaeb35bb306ccf894e7571e84c449f0930,0.007591031491756439,0.040614090859889984,
privileged diagnostic after2s,W120,student_teacher_latent_2.0s,F,0,48,45,True,True,True,,0.005712683778256178,0.14969855546951294,,1.8333333333333333,1.0,1.0,10,20,,bc1951327f3fed7380cca9b613e6806605fe93db8a246f283b9d548b6228bc85,aec5e3cc09d2c9f0e7f7c280ca11ceeaeb35bb306ccf894e7571e84c449f0930,0.007591594010591507,0.03999999910593033,
privileged diagnostic after2s,W120,student_teacher_latent_2.0s,F,0,49,46,True,True,True,,0.005808243062347174,0.16765053570270538,,1.8333333333333333,0.9870805186219513,0.9870804846286774,10,20,,bc1951327f3fed7380cca9b613e6806605fe93db8a246f283b9d548b6228bc85,aec5e3cc09d2c9f0e7f7c280ca11ceeaeb35bb306ccf894e7571e84c449f0930,0.007656750734895468,0.03999999910593033,
privileged diagnostic after2s,W120,student_teacher_latent_2.0s,F,0,50,47,True,True,True,,0.00518752122297883,0.15021458268165588,,1.8333333333333333,0.9949860153719783,0.9949860163033009,10,20,,bc1951327f3fed7380cca9b613e6806605fe93db8a246f283b9d548b6228bc85,aec5e3cc09d2c9f0e7f7c280ca11ceeaeb35bb306ccf894e7571e84c449f0930,0.007770150434225798,0.03999999910593033,
privileged diagnostic after2s,W120,student_teacher_latent_2.0s,F,0,51,48,True,True,True,,0.005530370865017176,0.16307900846004486,,1.8333333333333333,0.9972556019201875,0.9972555562853813,10,20,,bc1951327f3fed7380cca9b613e6806605fe93db8a246f283b9d548b6228bc85,aec5e3cc09d2c9f0e7f7c280ca11ceeaeb35bb306ccf894e7571e84c449f0930,0.007620747666805983,0.03999999910593033,
privileged diagnostic after2s,W120,student_teacher_latent_2.0s,F,0,52,49,True,True,True,,0.005638173781335354,0.15822702646255493,,1.8333333333333333,1.0,1.0,10,20,,bc1951327f3fed7380cca9b613e6806605fe93db8a246f283b9d548b6228bc85,aec5e3cc09d2c9f0e7f7c280ca11ceeaeb35bb306ccf894e7571e84c449f0930,0.007835302501916885,0.03999999910593033,
privileged diagnostic after2s,W120,student_teacher_latent_2.0s,F,0,53,50,True,True,True,,0.005341039039194584,0.1609216183423996,,1.8333333333333333,0.9979272484779358,0.997927226126194,10,20,,bc1951327f3fed7380cca9b613e6806605fe93db8a246f283b9d548b6228bc85,aec5e3cc09d2c9f0e7f7c280ca11ceeaeb35bb306ccf894e7571e84c449f0930,0.007679022382944822,0.03999999910593033,
privileged diagnostic after2s,W120,student_teacher_latent_2.0s,F,0,54,51,True,True,True,,0.0054721650667488575,0.15808656811714172,,1.8333333333333333,1.0,1.0,10,20,,bc1951327f3fed7380cca9b613e6806605fe93db8a246f283b9d548b6228bc85,aec5e3cc09d2c9f0e7f7c280ca11ceeaeb35bb306ccf894e7571e84c449f0930,0.007517694029957056,0.040878426283597946,
privileged diagnostic after2s,W120,student_teacher_latent_2.0s,F,0,55,52,True,True,True,,0.004776636604219675,0.16033904254436493,,1.8666666666666667,0.996955634560436,0.9969555772840977,10,20,,bc1951327f3fed7380cca9b613e6806605fe93db8a246f283b9d548b6228bc85,aec5e3cc09d2c9f0e7f7c280ca11ceeaeb35bb306ccf894e7571e84c449f0930,0.007724524475634098,0.03999999910593033,
privileged diagnostic after2s,W120,student_teacher_latent_2.0s,F,0,56,53,True,True,True,,0.0053973449394106865,0.1516360491514206,,1.8333333333333333,1.0,1.0,10,20,,bc1951327f3fed7380cca9b613e6806605fe93db8a246f283b9d548b6228bc85,aec5e3cc09d2c9f0e7f7c280ca11ceeaeb35bb306ccf894e7571e84c449f0930,0.007576112635433674,0.03999999910593033,
privileged diagnostic after2s,W120,student_teacher_latent_2.0s,F,0,57,54,True,True,True,,0.005621584132313728,0.17588181793689728,,1.8666666666666667,1.0,1.0,10,20,,bc1951327f3fed7380cca9b613e6806605fe93db8a246f283b9d548b6228bc85,aec5e3cc09d2c9f0e7f7c280ca11ceeaeb35bb306ccf894e7571e84c449f0930,0.00764918327331543,0.04014156758785248,
privileged diagnostic after2s,W120,student_teacher_latent_2.0s,F,0,58,55,True,True,True,,0.005029777064919472,0.16103415191173553,,1.8333333333333333,1.0,1.0,10,20,,bc1951327f3fed7380cca9b613e6806605fe93db8a246f283b9d548b6228bc85,aec5e3cc09d2c9f0e7f7c280ca11ceeaeb35bb306ccf894e7571e84c449f0930,0.007714030798524618,0.04048622399568558,
privileged diagnostic after2s,W120,student_teacher_latent_2.0s,F,0,59,56,True,True,True,,0.005328504368662834,0.15901319682598114,,1.8333333333333333,1.0,1.0,10,20,,bc1951327f3fed7380cca9b613e6806605fe93db8a246f283b9d548b6228bc85,aec5e3cc09d2c9f0e7f7c280ca11ceeaeb35bb306ccf894e7571e84c449f0930,0.007793256547302008,0.03999999910593033,
privileged diagnostic after2s,W120,student_teacher_latent_2.0s,F,0,61,57,True,True,True,,0.004955206532031298,0.17575637996196747,,1.8333333333333333,0.9917236855253577,0.9917236864566803,10,20,,bc1951327f3fed7380cca9b613e6806605fe93db8a246f283b9d548b6228bc85,aec5e3cc09d2c9f0e7f7c280ca11ceeaeb35bb306ccf894e7571e84c449f0930,0.007561680395156145,0.03999999910593033,
privileged diagnostic after2s,W120,student_teacher_latent_2.0s,F,0,62,58,True,True,True,,0.004924664739519358,0.1539914608001709,,1.8333333333333333,1.0,1.0,10,20,,bc1951327f3fed7380cca9b613e6806605fe93db8a246f283b9d548b6228bc85,aec5e3cc09d2c9f0e7f7c280ca11ceeaeb35bb306ccf894e7571e84c449f0930,0.007583416532725096,0.04002125933766365,
privileged diagnostic after2s,W120,student_teacher_latent_2.0s,F,0,63,59,True,True,True,,0.004442291334271431,0.20234543085098267,,1.8333333333333333,0.9983689980581403,0.9983689524233341,10,20,,bc1951327f3fed7380cca9b613e6806605fe93db8a246f283b9d548b6228bc85,aec5e3cc09d2c9f0e7f7c280ca11ceeaeb35bb306ccf894e7571e84c449f0930,0.007498507387936115,0.03999999910593033,
privileged diagnostic after2s,W120,student_teacher_latent_2.0s,F,0,64,60,True,True,True,,0.0052082715556025505,0.164512038230896,,1.8333333333333333,0.9915059772320092,0.9915059432387352,10,20,,bc1951327f3fed7380cca9b613e6806605fe93db8a246f283b9d548b6228bc85,aec5e3cc09d2c9f0e7f7c280ca11ceeaeb35bb306ccf894e7571e84c449f0930,0.007803768385201693,0.03999999910593033,
privileged diagnostic after2s,W120,student_teacher_latent_2.0s,F,0,65,61,True,True,True,,0.004714123904705048,0.15006467700004578,,1.8333333333333333,0.9959667446091771,0.995966698974371,10,20,,bc1951327f3fed7380cca9b613e6806605fe93db8a246f283b9d548b6228bc85,aec5e3cc09d2c9f0e7f7c280ca11ceeaeb35bb306ccf894e7571e84c449f0930,0.007388168014585972,0.03999999910593033,
privileged diagnostic after2s,W120,student_teacher_latent_2.0s,F,0,66,62,True,True,True,,0.005715262610465288,0.15261755883693695,,1.8333333333333333,1.0,1.0,10,20,,bc1951327f3fed7380cca9b613e6806605fe93db8a246f283b9d548b6228bc85,aec5e3cc09d2c9f0e7f7c280ca11ceeaeb35bb306ccf894e7571e84c449f0930,0.007613261695951223,0.03999999910593033,
privileged diagnostic after2s,W120,student_teacher_latent_2.0s,F,0,67,63,True,True,True,,0.005286520812660456,0.1539139747619629,,1.8333333333333333,1.0,1.0,10,20,,bc1951327f3fed7380cca9b613e6806605fe93db8a246f283b9d548b6228bc85,aec5e3cc09d2c9f0e7f7c280ca11ceeaeb35bb306ccf894e7571e84c449f0930,0.007632665801793337,0.03999999910593033,
privileged diagnostic after2s,W120,student_teacher_latent_2.0s,F,1,192,64,True,False,True,body/invalid,0.0050801802426576614,0.2508998513221741,38.733333333333334,1.8333333333333333,1.0,1.0,9,19,,bc1951327f3fed7380cca9b613e6806605fe93db8a246f283b9d548b6228bc85,aec5e3cc09d2c9f0e7f7c280ca11ceeaeb35bb306ccf894e7571e84c449f0930,0.008273215033113956,0.04053274169564247,
privileged diagnostic after2s,W120,student_teacher_latent_2.0s,F,1,193,65,True,True,True,,0.004825294483453035,0.19689366221427917,,1.8666666666666667,1.0,1.0,9,19,,bc1951327f3fed7380cca9b613e6806605fe93db8a246f283b9d548b6228bc85,aec5e3cc09d2c9f0e7f7c280ca11ceeaeb35bb306ccf894e7571e84c449f0930,0.00894053652882576,0.04031435027718544,
privileged diagnostic after2s,W120,student_teacher_latent_2.0s,F,1,194,66,True,True,True,,0.00515174213796854,0.21025781333446503,,1.8333333333333333,1.0,1.0,9,19,,bc1951327f3fed7380cca9b613e6806605fe93db8a246f283b9d548b6228bc85,aec5e3cc09d2c9f0e7f7c280ca11ceeaeb35bb306ccf894e7571e84c449f0930,0.008713123388588428,0.04050474986433983,
privileged diagnostic after2s,W120,student_teacher_latent_2.0s,F,1,195,67,True,True,True,,0.005356816574931145,0.24763841927051544,,1.8333333333333333,1.0,1.0,9,19,,bc1951327f3fed7380cca9b613e6806605fe93db8a246f283b9d548b6228bc85,aec5e3cc09d2c9f0e7f7c280ca11ceeaeb35bb306ccf894e7571e84c449f0930,0.00856330431997776,0.04034581780433655,
privileged diagnostic after2s,W120,student_teacher_latent_2.0s,F,1,196,68,True,False,True,body/invalid,0.005514596588909626,0.25930649042129517,30.833333333333332,1.8333333333333333,1.0,1.0,9,19,,bc1951327f3fed7380cca9b613e6806605fe93db8a246f283b9d548b6228bc85,aec5e3cc09d2c9f0e7f7c280ca11ceeaeb35bb306ccf894e7571e84c449f0930,0.00822556484490633,0.04035366699099541,
privileged diagnostic after2s,W120,student_teacher_latent_2.0s,F,1,197,69,True,True,True,,0.005235794000327587,0.23269738256931305,,1.8333333333333333,1.0,1.0,9,19,,bc1951327f3fed7380cca9b613e6806605fe93db8a246f283b9d548b6228bc85,aec5e3cc09d2c9f0e7f7c280ca11ceeaeb35bb306ccf894e7571e84c449f0930,0.008443809114396572,0.04030332714319229,
privileged diagnostic after2s,W120,student_teacher_latent_2.0s,F,1,198,70,True,False,True,body/invalid,0.005939189810305834,0.259132444858551,34.93333333333333,1.8333333333333333,1.0,1.0,9,19,,bc1951327f3fed7380cca9b613e6806605fe93db8a246f283b9d548b6228bc85,aec5e3cc09d2c9f0e7f7c280ca11ceeaeb35bb306ccf894e7571e84c449f0930,0.008425548672676086,0.040620677173137665,
privileged diagnostic after2s,W120,student_teacher_latent_2.0s,F,1,199,71,True,True,True,,0.005653072614222765,0.2349478006362915,,1.8666666666666667,1.0,1.0,9,19,,bc1951327f3fed7380cca9b613e6806605fe93db8a246f283b9d548b6228bc85,aec5e3cc09d2c9f0e7f7c280ca11ceeaeb35bb306ccf894e7571e84c449f0930,0.008212520740926266,0.04043407738208771,
privileged diagnostic after2s,W120,student_teacher_latent_2.0s,F,1,200,72,True,False,True,body/invalid,0.005497209262102842,0.25374457240104675,34.86666666666667,1.8666666666666667,1.0,1.0,9,19,,bc1951327f3fed7380cca9b613e6806605fe93db8a246f283b9d548b6228bc85,aec5e3cc09d2c9f0e7f7c280ca11ceeaeb35bb306ccf894e7571e84c449f0930,0.008341047912836075,0.040662385523319244,
privileged diagnostic after2s,W120,student_teacher_latent_2.0s,F,1,201,73,True,False,True,body/invalid,0.005173483397811651,0.25329819321632385,31.033333333333335,1.8333333333333333,1.0,1.0,9,19,,bc1951327f3fed7380cca9b613e6806605fe93db8a246f283b9d548b6228bc85,aec5e3cc09d2c9f0e7f7c280ca11ceeaeb35bb306ccf894e7571e84c449f0930,0.008380899205803871,0.04041571915149689,
privileged diagnostic after2s,W120,student_teacher_latent_2.0s,F,1,202,74,True,True,True,,0.005720547866076231,0.24867357313632965,,1.8666666666666667,1.0,1.0,9,19,,bc1951327f3fed7380cca9b613e6806605fe93db8a246f283b9d548b6228bc85,aec5e3cc09d2c9f0e7f7c280ca11ceeaeb35bb306ccf894e7571e84c449f0930,0.00860357005149126,0.04048697277903557,
privileged diagnostic after2s,W120,student_teacher_latent_2.0s,F,1,203,75,True,True,True,,0.005929701495915651,0.24466761946678162,,1.8666666666666667,1.0,1.0,9,19,,bc1951327f3fed7380cca9b613e6806605fe93db8a246f283b9d548b6228bc85,aec5e3cc09d2c9f0e7f7c280ca11ceeaeb35bb306ccf894e7571e84c449f0930,0.008127662353217602,0.040409207344055176,
privileged diagnostic after2s,W120,student_teacher_latent_2.0s,F,1,204,76,True,True,True,,0.004963404964655638,0.1875833123922348,,1.8666666666666667,1.0,1.0,9,19,,bc1951327f3fed7380cca9b613e6806605fe93db8a246f283b9d548b6228bc85,aec5e3cc09d2c9f0e7f7c280ca11ceeaeb35bb306ccf894e7571e84c449f0930,0.008835302665829659,0.040625397115945816,
privileged diagnostic after2s,W120,student_teacher_latent_2.0s,F,1,205,77,True,True,True,,0.005003680475056171,0.22360409796237946,,1.8333333333333333,1.0,1.0,9,19,,bc1951327f3fed7380cca9b613e6806605fe93db8a246f283b9d548b6228bc85,aec5e3cc09d2c9f0e7f7c280ca11ceeaeb35bb306ccf894e7571e84c449f0930,0.008783684112131596,0.04011838510632515,
privileged diagnostic after2s,W120,student_teacher_latent_2.0s,F,1,206,78,True,True,True,,0.005234495270997286,0.24364487826824188,,1.8333333333333333,1.0,1.0,9,19,,bc1951327f3fed7380cca9b613e6806605fe93db8a246f283b9d548b6228bc85,aec5e3cc09d2c9f0e7f7c280ca11ceeaeb35bb306ccf894e7571e84c449f0930,0.00857889000326395,0.04059276729822159,
privileged diagnostic after2s,W120,student_teacher_latent_2.0s,F,1,207,79,True,False,True,body/invalid,0.005701417103409767,0.25339677929878235,39.166666666666664,1.8333333333333333,1.0,1.0,9,19,,bc1951327f3fed7380cca9b613e6806605fe93db8a246f283b9d548b6228bc85,aec5e3cc09d2c9f0e7f7c280ca11ceeaeb35bb306ccf894e7571e84c449f0930,0.008726054802536964,0.04064406454563141,
privileged diagnostic after2s,W120,student_teacher_latent_2.0s,F,1,209,80,True,True,True,,0.005013521295040846,0.24653756618499756,,1.8333333333333333,1.0,1.0,9,19,,bc1951327f3fed7380cca9b613e6806605fe93db8a246f283b9d548b6228bc85,aec5e3cc09d2c9f0e7f7c280ca11ceeaeb35bb306ccf894e7571e84c449f0930,0.008608339354395866,0.04066963866353035,
privileged diagnostic after2s,W120,student_teacher_latent_2.0s,F,1,210,81,True,True,True,,0.0049589043483138084,0.23461805284023285,,1.8333333333333333,1.0,1.0,9,19,,bc1951327f3fed7380cca9b613e6806605fe93db8a246f283b9d548b6228bc85,aec5e3cc09d2c9f0e7f7c280ca11ceeaeb35bb306ccf894e7571e84c449f0930,0.008633874356746674,0.04098478704690933,
privileged diagnostic after2s,W120,student_teacher_latent_2.0s,F,1,211,82,True,False,True,body/invalid,0.005591305438429117,0.252002477645874,39.03333333333333,1.8333333333333333,1.0,1.0,9,19,,bc1951327f3fed7380cca9b613e6806605fe93db8a246f283b9d548b6228bc85,aec5e3cc09d2c9f0e7f7c280ca11ceeaeb35bb306ccf894e7571e84c449f0930,0.008594708517193794,0.04056546092033386,
privileged diagnostic after2s,W120,student_teacher_latent_2.0s,F,1,212,83,True,True,True,,0.005530607886612415,0.24260516464710236,,1.8333333333333333,1.0,1.0,9,19,,bc1951327f3fed7380cca9b613e6806605fe93db8a246f283b9d548b6228bc85,aec5e3cc09d2c9f0e7f7c280ca11ceeaeb35bb306ccf894e7571e84c449f0930,0.008239222690463066,0.040631067007780075,
privileged diagnostic after2s,W120,student_teacher_latent_2.0s,F,1,213,84,True,True,True,,0.00527616823092103,0.22307606041431427,,1.8333333333333333,1.0,1.0,9,19,,bc1951327f3fed7380cca9b613e6806605fe93db8a246f283b9d548b6228bc85,aec5e3cc09d2c9f0e7f7c280ca11ceeaeb35bb306ccf894e7571e84c449f0930,0.008655058220028877,0.04050876200199127,
privileged diagnostic after2s,W120,student_teacher_latent_2.0s,F,1,214,85,True,True,True,,0.005634836852550507,0.24529924988746643,,1.8666666666666667,1.0,1.0,9,19,,bc1951327f3fed7380cca9b613e6806605fe93db8a246f283b9d548b6228bc85,aec5e3cc09d2c9f0e7f7c280ca11ceeaeb35bb306ccf894e7571e84c449f0930,0.00835752859711647,0.04101705551147461,
privileged diagnostic after2s,W120,student_teacher_latent_2.0s,F,1,215,86,True,True,True,,0.005657368805259466,0.2399025559425354,,1.8333333333333333,1.0,1.0,9,19,,bc1951327f3fed7380cca9b613e6806605fe93db8a246f283b9d548b6228bc85,aec5e3cc09d2c9f0e7f7c280ca11ceeaeb35bb306ccf894e7571e84c449f0930,0.008441193960607052,0.04051126912236214,
privileged diagnostic after2s,W120,student_teacher_latent_2.0s,F,1,216,87,True,True,True,,0.005459020845592022,0.2463148981332779,,1.8333333333333333,1.0,1.0,9,19,,bc1951327f3fed7380cca9b613e6806605fe93db8a246f283b9d548b6228bc85,aec5e3cc09d2c9f0e7f7c280ca11ceeaeb35bb306ccf894e7571e84c449f0930,0.008535681292414665,0.040331169962882996,
privileged diagnostic after2s,W120,student_teacher_latent_2.0s,F,1,217,88,True,True,True,,0.005667757708579302,0.23884710669517517,,1.8333333333333333,1.0,1.0,9,19,,bc1951327f3fed7380cca9b613e6806605fe93db8a246f283b9d548b6228bc85,aec5e3cc09d2c9f0e7f7c280ca11ceeaeb35bb306ccf894e7571e84c449f0930,0.008489531464874744,0.04037759080529213,
privileged diagnostic after2s,W120,student_teacher_latent_2.0s,F,1,218,89,True,True,True,,0.005529532674700022,0.2393903136253357,,1.8333333333333333,1.0,1.0,10,20,,bc1951327f3fed7380cca9b613e6806605fe93db8a246f283b9d548b6228bc85,aec5e3cc09d2c9f0e7f7c280ca11ceeaeb35bb306ccf894e7571e84c449f0930,0.00809012446552515,0.040642909705638885,
privileged diagnostic after2s,W120,student_teacher_latent_2.0s,F,1,219,90,True,True,True,,0.005294674076139927,0.19243183732032776,,1.8666666666666667,1.0,1.0,9,19,,bc1951327f3fed7380cca9b613e6806605fe93db8a246f283b9d548b6228bc85,aec5e3cc09d2c9f0e7f7c280ca11ceeaeb35bb306ccf894e7571e84c449f0930,0.008792545646429062,0.04013397544622421,
privileged diagnostic after2s,W120,student_teacher_latent_2.0s,F,1,220,91,True,True,True,,0.0053923483937978745,0.24230945110321045,,1.8333333333333333,1.0,1.0,9,19,,bc1951327f3fed7380cca9b613e6806605fe93db8a246f283b9d548b6228bc85,aec5e3cc09d2c9f0e7f7c280ca11ceeaeb35bb306ccf894e7571e84c449f0930,0.008476702496409416,0.04056693986058235,
privileged diagnostic after2s,W120,student_teacher_latent_2.0s,F,1,221,92,True,True,True,,0.005246518645435572,0.24015457928180695,,1.8333333333333333,1.0,1.0,9,19,,bc1951327f3fed7380cca9b613e6806605fe93db8a246f283b9d548b6228bc85,aec5e3cc09d2c9f0e7f7c280ca11ceeaeb35bb306ccf894e7571e84c449f0930,0.008286734111607075,0.04016906023025513,
privileged diagnostic after2s,W120,student_teacher_latent_2.0s,F,1,222,93,True,True,True,,0.005500436760485172,0.24342061579227448,,1.8666666666666667,1.0,1.0,9,19,,bc1951327f3fed7380cca9b613e6806605fe93db8a246f283b9d548b6228bc85,aec5e3cc09d2c9f0e7f7c280ca11ceeaeb35bb306ccf894e7571e84c449f0930,0.00818691123276949,0.04008936136960983,
privileged diagnostic after2s,W120,student_teacher_latent_2.0s,F,1,223,94,True,True,True,,0.005505331326276064,0.23645234107971191,,1.8666666666666667,1.0,1.0,9,19,,bc1951327f3fed7380cca9b613e6806605fe93db8a246f283b9d548b6228bc85,aec5e3cc09d2c9f0e7f7c280ca11ceeaeb35bb306ccf894e7571e84c449f0930,0.008140039630234241,0.04012752324342728,
privileged diagnostic after2s,W120,student_teacher_latent_2.0s,F,1,224,95,True,True,True,,0.0051012118346989155,0.20145286619663239,,1.8333333333333333,1.0,1.0,9,19,,bc1951327f3fed7380cca9b613e6806605fe93db8a246f283b9d548b6228bc85,aec5e3cc09d2c9f0e7f7c280ca11ceeaeb35bb306ccf894e7571e84c449f0930,0.008642077445983887,0.04013221710920334,
privileged diagnostic after2s,W120,student_teacher_latent_2.0s,F,1,225,96,True,True,True,,0.005229863338172436,0.210724875330925,,1.8666666666666667,1.0,1.0,10,20,,bc1951327f3fed7380cca9b613e6806605fe93db8a246f283b9d548b6228bc85,aec5e3cc09d2c9f0e7f7c280ca11ceeaeb35bb306ccf894e7571e84c449f0930,0.008706752210855484,0.041617460548877716,
privileged diagnostic after2s,W120,student_teacher_latent_2.0s,F,1,226,97,True,True,True,,0.005531674716621637,0.24433781206607819,,1.8333333333333333,1.0,1.0,10,20,,bc1951327f3fed7380cca9b613e6806605fe93db8a246f283b9d548b6228bc85,aec5e3cc09d2c9f0e7f7c280ca11ceeaeb35bb306ccf894e7571e84c449f0930,0.008106359280645847,0.04048701003193855,
privileged diagnostic after2s,W120,student_teacher_latent_2.0s,F,1,227,98,True,True,True,,0.0049492972902953625,0.19118943810462952,,1.8333333333333333,1.0,1.0,9,19,,bc1951327f3fed7380cca9b613e6806605fe93db8a246f283b9d548b6228bc85,aec5e3cc09d2c9f0e7f7c280ca11ceeaeb35bb306ccf894e7571e84c449f0930,0.008926892653107643,0.04044792428612709,
privileged diagnostic after2s,W120,student_teacher_latent_2.0s,F,1,228,99,True,True,True,,0.005436950363218784,0.2393365353345871,,1.8333333333333333,1.0,1.0,10,20,,bc1951327f3fed7380cca9b613e6806605fe93db8a246f283b9d548b6228bc85,aec5e3cc09d2c9f0e7f7c280ca11ceeaeb35bb306ccf894e7571e84c449f0930,0.008095022290945053,0.040906231850385666,
privileged diagnostic after2s,W120,student_teacher_latent_2.0s,F,1,229,100,True,True,True,,0.005473379977047443,0.24580451846122742,,1.8333333333333333,1.0,1.0,10,20,,bc1951327f3fed7380cca9b613e6806605fe93db8a246f283b9d548b6228bc85,aec5e3cc09d2c9f0e7f7c280ca11ceeaeb35bb306ccf894e7571e84c449f0930,0.008026865310966969,0.04007139429450035,
privileged diagnostic after2s,W120,student_teacher_latent_2.0s,F,1,230,101,True,True,True,,0.005847390741109848,0.24584148824214935,,1.8666666666666667,1.0,1.0,10,20,,bc1951327f3fed7380cca9b613e6806605fe93db8a246f283b9d548b6228bc85,aec5e3cc09d2c9f0e7f7c280ca11ceeaeb35bb306ccf894e7571e84c449f0930,0.008290599100291729,0.04104027897119522,
privileged diagnostic after2s,W120,student_teacher_latent_2.0s,F,1,231,102,True,True,True,,0.005685613956302404,0.2465433031320572,,1.8333333333333333,1.0,1.0,9,19,,bc1951327f3fed7380cca9b613e6806605fe93db8a246f283b9d548b6228bc85,aec5e3cc09d2c9f0e7f7c280ca11ceeaeb35bb306ccf894e7571e84c449f0930,0.008722159080207348,0.040646858513355255,
privileged diagnostic after2s,W120,student_teacher_latent_2.0s,F,1,232,103,True,False,True,body/invalid,0.005740453489124775,0.25756528973579407,34.766666666666666,1.8333333333333333,1.0,1.0,9,19,,bc1951327f3fed7380cca9b613e6806605fe93db8a246f283b9d548b6228bc85,aec5e3cc09d2c9f0e7f7c280ca11ceeaeb35bb306ccf894e7571e84c449f0930,0.008235999383032322,0.04101555049419403,
privileged diagnostic after2s,W120,student_teacher_latent_2.0s,F,1,233,104,True,True,True,,0.005753610748797655,0.24548475444316864,,1.8666666666666667,1.0,1.0,9,19,,bc1951327f3fed7380cca9b613e6806605fe93db8a246f283b9d548b6228bc85,aec5e3cc09d2c9f0e7f7c280ca11ceeaeb35bb306ccf894e7571e84c449f0930,0.008526595309376717,0.040487080812454224,
privileged diagnostic after2s,W120,student_teacher_latent_2.0s,F,1,234,105,True,True,True,,0.005584346130490303,0.2491251677274704,,1.8666666666666667,1.0,1.0,9,19,,bc1951327f3fed7380cca9b613e6806605fe93db8a246f283b9d548b6228bc85,aec5e3cc09d2c9f0e7f7c280ca11ceeaeb35bb306ccf894e7571e84c449f0930,0.008534139022231102,0.04032028093934059,
privileged diagnostic after2s,W120,student_teacher_latent_2.0s,F,1,235,106,True,True,True,,0.00498765055090189,0.20462407171726227,,1.8333333333333333,1.0,1.0,9,19,,bc1951327f3fed7380cca9b613e6806605fe93db8a246f283b9d548b6228bc85,aec5e3cc09d2c9f0e7f7c280ca11ceeaeb35bb306ccf894e7571e84c449f0930,0.008639794774353504,0.04043402150273323,
privileged diagnostic after2s,W120,student_teacher_latent_2.0s,F,1,236,107,True,True,True,,0.005653673317283392,0.2290932983160019,,1.8666666666666667,1.0,1.0,10,20,,bc1951327f3fed7380cca9b613e6806605fe93db8a246f283b9d548b6228bc85,aec5e3cc09d2c9f0e7f7c280ca11ceeaeb35bb306ccf894e7571e84c449f0930,0.008147778920829296,0.04035621136426926,
privileged diagnostic after2s,W120,student_teacher_latent_2.0s,F,1,237,108,True,True,True,,0.005326396320015192,0.22904877364635468,,1.8666666666666667,1.0,1.0,9,19,,bc1951327f3fed7380cca9b613e6806605fe93db8a246f283b9d548b6228bc85,aec5e3cc09d2c9f0e7f7c280ca11ceeaeb35bb306ccf894e7571e84c449f0930,0.008289558812975883,0.04108402878046036,
privileged diagnostic after2s,W120,student_teacher_latent_2.0s,F,1,238,109,True,True,True,,0.005349853541702032,0.2385910451412201,,1.8666666666666667,1.0,1.0,9,19,,bc1951327f3fed7380cca9b613e6806605fe93db8a246f283b9d548b6228bc85,aec5e3cc09d2c9f0e7f7c280ca11ceeaeb35bb306ccf894e7571e84c449f0930,0.008599729277193546,0.040273211896419525,
privileged diagnostic after2s,W120,student_teacher_latent_2.0s,F,1,239,110,True,True,True,,0.005266050808131695,0.2278040200471878,,1.8333333333333333,1.0,1.0,9,19,,bc1951327f3fed7380cca9b613e6806605fe93db8a246f283b9d548b6228bc85,aec5e3cc09d2c9f0e7f7c280ca11ceeaeb35bb306ccf894e7571e84c449f0930,0.008737082593142986,0.04025113582611084,
privileged diagnostic after2s,W120,student_teacher_latent_2.0s,F,1,240,111,True,True,True,,0.005258169025182724,0.19827209413051605,,1.8666666666666667,1.0,1.0,9,19,,bc1951327f3fed7380cca9b613e6806605fe93db8a246f283b9d548b6228bc85,aec5e3cc09d2c9f0e7f7c280ca11ceeaeb35bb306ccf894e7571e84c449f0930,0.008783075027167797,0.040216729044914246,
privileged diagnostic after2s,W120,student_teacher_latent_2.0s,F,1,241,112,True,True,True,,0.005824131425470114,0.24132311344146729,,1.8333333333333333,1.0,1.0,9,19,,bc1951327f3fed7380cca9b613e6806605fe93db8a246f283b9d548b6228bc85,aec5e3cc09d2c9f0e7f7c280ca11ceeaeb35bb306ccf894e7571e84c449f0930,0.008431077003479004,0.04023590683937073,
privileged diagnostic after2s,W120,student_teacher_latent_2.0s,F,1,242,113,True,True,True,,0.005266562104225159,0.2351689487695694,,1.8666666666666667,1.0,1.0,9,19,,bc1951327f3fed7380cca9b613e6806605fe93db8a246f283b9d548b6228bc85,aec5e3cc09d2c9f0e7f7c280ca11ceeaeb35bb306ccf894e7571e84c449f0930,0.008309836499392986,0.04032329469919205,
privileged diagnostic after2s,W120,student_teacher_latent_2.0s,F,1,243,114,True,True,True,,0.005575504153966904,0.2421720027923584,,1.8666666666666667,1.0,1.0,9,19,,bc1951327f3fed7380cca9b613e6806605fe93db8a246f283b9d548b6228bc85,aec5e3cc09d2c9f0e7f7c280ca11ceeaeb35bb306ccf894e7571e84c449f0930,0.008186601102352142,0.040239352732896805,
privileged diagnostic after2s,W120,student_teacher_latent_2.0s,F,1,244,115,True,True,True,,0.005238218232989311,0.23432765901088715,,1.8333333333333333,1.0,1.0,9,19,,bc1951327f3fed7380cca9b613e6806605fe93db8a246f283b9d548b6228bc85,aec5e3cc09d2c9f0e7f7c280ca11ceeaeb35bb306ccf894e7571e84c449f0930,0.008226566016674042,0.04014105349779129,
privileged diagnostic after2s,W120,student_teacher_latent_2.0s,F,1,245,116,True,True,True,,0.005860037636011839,0.2484036237001419,,1.8666666666666667,1.0,1.0,9,19,,bc1951327f3fed7380cca9b613e6806605fe93db8a246f283b9d548b6228bc85,aec5e3cc09d2c9f0e7f7c280ca11ceeaeb35bb306ccf894e7571e84c449f0930,0.008415759541094303,0.04047313705086708,
privileged diagnostic after2s,W120,student_teacher_latent_2.0s,F,1,246,117,True,True,True,,0.005390063393861055,0.23496535420417786,,1.8333333333333333,1.0,1.0,9,19,,bc1951327f3fed7380cca9b613e6806605fe93db8a246f283b9d548b6228bc85,aec5e3cc09d2c9f0e7f7c280ca11ceeaeb35bb306ccf894e7571e84c449f0930,0.008172080852091312,0.040733758360147476,
privileged diagnostic after2s,W120,student_teacher_latent_2.0s,F,1,247,118,True,True,True,,0.004730678163468838,0.21672804653644562,,1.8666666666666667,1.0,1.0,9,19,,bc1951327f3fed7380cca9b613e6806605fe93db8a246f283b9d548b6228bc85,aec5e3cc09d2c9f0e7f7c280ca11ceeaeb35bb306ccf894e7571e84c449f0930,0.009169559925794601,0.03999999910593033,
privileged diagnostic after2s,W120,student_teacher_latent_2.0s,F,1,248,119,True,True,True,,0.0053144763223826885,0.2107688933610916,,1.8333333333333333,1.0,1.0,9,19,,bc1951327f3fed7380cca9b613e6806605fe93db8a246f283b9d548b6228bc85,aec5e3cc09d2c9f0e7f7c280ca11ceeaeb35bb306ccf894e7571e84c449f0930,0.00863548181951046,0.04035014659166336,
privileged diagnostic after2s,W120,student_teacher_latent_2.0s,F,1,249,120,True,True,True,,0.004662422928959131,0.24026164412498474,,1.8333333333333333,1.0,1.0,9,19,,bc1951327f3fed7380cca9b613e6806605fe93db8a246f283b9d548b6228bc85,aec5e3cc09d2c9f0e7f7c280ca11ceeaeb35bb306ccf894e7571e84c449f0930,0.009165734052658081,0.04031924903392792,
privileged diagnostic after2s,W120,student_teacher_latent_2.0s,F,1,250,121,True,True,True,,0.005652472376823425,0.23399291932582855,,1.8333333333333333,1.0,1.0,9,19,,bc1951327f3fed7380cca9b613e6806605fe93db8a246f283b9d548b6228bc85,aec5e3cc09d2c9f0e7f7c280ca11ceeaeb35bb306ccf894e7571e84c449f0930,0.00836245995014906,0.04013744741678238,
privileged diagnostic after2s,W120,student_teacher_latent_2.0s,F,1,251,122,True,True,True,,0.005896592512726784,0.20260363817214966,,1.8666666666666667,1.0,1.0,9,19,,bc1951327f3fed7380cca9b613e6806605fe93db8a246f283b9d548b6228bc85,aec5e3cc09d2c9f0e7f7c280ca11ceeaeb35bb306ccf894e7571e84c449f0930,0.00876150093972683,0.04053027927875519,
privileged diagnostic after2s,W120,student_teacher_latent_2.0s,F,1,252,123,True,True,True,,0.005379843059927225,0.221431702375412,,1.8333333333333333,1.0,1.0,9,19,,bc1951327f3fed7380cca9b613e6806605fe93db8a246f283b9d548b6228bc85,aec5e3cc09d2c9f0e7f7c280ca11ceeaeb35bb306ccf894e7571e84c449f0930,0.00857475958764553,0.041562147438526154,
privileged diagnostic after2s,W120,student_teacher_latent_2.0s,F,1,253,124,True,True,True,,0.005796421784907579,0.20358304679393768,,1.8666666666666667,1.0,1.0,9,19,,bc1951327f3fed7380cca9b613e6806605fe93db8a246f283b9d548b6228bc85,aec5e3cc09d2c9f0e7f7c280ca11ceeaeb35bb306ccf894e7571e84c449f0930,0.008688398636877537,0.040230996906757355,
privileged diagnostic after2s,W120,student_teacher_latent_2.0s,F,1,254,125,True,True,True,,0.005443749483674765,0.21929150819778442,,1.8333333333333333,1.0,1.0,9,19,,bc1951327f3fed7380cca9b613e6806605fe93db8a246f283b9d548b6228bc85,aec5e3cc09d2c9f0e7f7c280ca11ceeaeb35bb306ccf894e7571e84c449f0930,0.008306670002639294,0.04031773656606674,
privileged diagnostic after2s,W120,student_teacher_latent_2.0s,F,1,255,126,True,True,True,,0.005128137767314911,0.19129174947738647,,1.8333333333333333,1.0,1.0,9,19,,bc1951327f3fed7380cca9b613e6806605fe93db8a246f283b9d548b6228bc85,aec5e3cc09d2c9f0e7f7c280ca11ceeaeb35bb306ccf894e7571e84c449f0930,0.008793730288743973,0.04125220328569412,
privileged diagnostic after2s,W120,student_teacher_latent_2.0s,F,1,256,127,True,True,True,,0.005019458942115307,0.2238306999206543,,1.8333333333333333,1.0,1.0,9,19,,bc1951327f3fed7380cca9b613e6806605fe93db8a246f283b9d548b6228bc85,aec5e3cc09d2c9f0e7f7c280ca11ceeaeb35bb306ccf894e7571e84c449f0930,0.008696209639310837,0.040172357112169266,
privileged diagnostic after2s,W120,student_teacher_latent_2.0s,F,2,384,128,True,True,True,,0.004316155798733234,0.15822775661945343,,2.066666666666667,0.9905690550804138,0.990569032728672,9,19,,bc1951327f3fed7380cca9b613e6806605fe93db8a246f283b9d548b6228bc85,aec5e3cc09d2c9f0e7f7c280ca11ceeaeb35bb306ccf894e7571e84c449f0930,0.009043833240866661,0.03999999910593033,
privileged diagnostic after2s,W120,student_teacher_latent_2.0s,F,2,385,129,True,False,False,body/invalid,0.039374757558107376,2.2962450981140137,35.5,2.066666666666667,0.99349529389292,0.9934952482581139,8,17,,bc1951327f3fed7380cca9b613e6806605fe93db8a246f283b9d548b6228bc85,aec5e3cc09d2c9f0e7f7c280ca11ceeaeb35bb306ccf894e7571e84c449f0930,0.008902061730623245,0.03999999910593033,
privileged diagnostic after2s,W120,student_teacher_latent_2.0s,F,2,386,130,True,True,True,,0.003401370020583272,0.14372804760932922,,2.066666666666667,0.9898517038673162,0.9898517280817032,9,19,,bc1951327f3fed7380cca9b613e6806605fe93db8a246f283b9d548b6228bc85,aec5e3cc09d2c9f0e7f7c280ca11ceeaeb35bb306ccf894e7571e84c449f0930,0.009396149776875973,0.03999999910593033,
privileged diagnostic after2s,W120,student_teacher_latent_2.0s,F,2,387,131,True,True,True,,0.0037995243910700083,0.1527068018913269,,2.066666666666667,0.9941583024337888,0.9941582567989826,9,19,,bc1951327f3fed7380cca9b613e6806605fe93db8a246f283b9d548b6228bc85,aec5e3cc09d2c9f0e7f7c280ca11ceeaeb35bb306ccf894e7571e84c449f0930,0.008865066803991795,0.03999999910593033,
privileged diagnostic after2s,W120,student_teacher_latent_2.0s,F,2,388,132,True,False,False,body/invalid,0.041895508766174316,2.2348897457122803,36.6,2.1,1.0,1.0,8,17,,bc1951327f3fed7380cca9b613e6806605fe93db8a246f283b9d548b6228bc85,aec5e3cc09d2c9f0e7f7c280ca11ceeaeb35bb306ccf894e7571e84c449f0930,0.008712198585271835,0.03999999910593033,
privileged diagnostic after2s,W120,student_teacher_latent_2.0s,F,2,389,133,True,True,True,,0.004901136737316847,0.20719145238399506,,2.1,0.9985128873959184,0.9985128417611122,9,19,,bc1951327f3fed7380cca9b613e6806605fe93db8a246f283b9d548b6228bc85,aec5e3cc09d2c9f0e7f7c280ca11ceeaeb35bb306ccf894e7571e84c449f0930,0.009177121333777905,0.03999999910593033,
privileged diagnostic after2s,W120,student_teacher_latent_2.0s,F,2,390,134,True,True,True,,0.004019547253847122,0.1760469675064087,,2.0,1.0,1.0,10,20,,bc1951327f3fed7380cca9b613e6806605fe93db8a246f283b9d548b6228bc85,aec5e3cc09d2c9f0e7f7c280ca11ceeaeb35bb306ccf894e7571e84c449f0930,0.007663804572075605,0.04073571041226387,
privileged diagnostic after2s,W120,student_teacher_latent_2.0s,F,2,391,135,True,False,False,body/invalid,0.03308847174048424,2.1983160972595215,24.233333333333334,2.1,0.9839924392290413,0.9839924052357674,5,11,,bc1951327f3fed7380cca9b613e6806605fe93db8a246f283b9d548b6228bc85,aec5e3cc09d2c9f0e7f7c280ca11ceeaeb35bb306ccf894e7571e84c449f0930,0.008757400326430798,0.03999999910593033,
privileged diagnostic after2s,W120,student_teacher_latent_2.0s,F,2,392,136,True,False,False,body/invalid,0.03413523733615875,1.8332762718200684,38.0,2.066666666666667,1.0,1.0,9,18,,bc1951327f3fed7380cca9b613e6806605fe93db8a246f283b9d548b6228bc85,aec5e3cc09d2c9f0e7f7c280ca11ceeaeb35bb306ccf894e7571e84c449f0930,0.009042132645845413,0.03999999910593033,
privileged diagnostic after2s,W120,student_teacher_latent_2.0s,F,2,393,137,True,False,False,body/invalid,0.03047497570514679,1.6395784616470337,25.966666666666665,2.066666666666667,0.9958824715577066,0.9958824142813683,6,12,,bc1951327f3fed7380cca9b613e6806605fe93db8a246f283b9d548b6228bc85,aec5e3cc09d2c9f0e7f7c280ca11ceeaeb35bb306ccf894e7571e84c449f0930,0.008885882794857025,0.03999999910593033,
privileged diagnostic after2s,W120,student_teacher_latent_2.0s,F,2,394,138,True,True,True,,0.004032868426293135,0.1601693481206894,,2.066666666666667,0.9900696449913085,0.9900696575641632,9,19,,bc1951327f3fed7380cca9b613e6806605fe93db8a246f283b9d548b6228bc85,aec5e3cc09d2c9f0e7f7c280ca11ceeaeb35bb306ccf894e7571e84c449f0930,0.00918344222009182,0.03999999910593033,
privileged diagnostic after2s,W120,student_teacher_latent_2.0s,F,2,395,139,True,True,True,,0.003954723943024874,0.14404535293579102,,2.066666666666667,0.9875942710787058,0.9875942021608353,9,19,,bc1951327f3fed7380cca9b613e6806605fe93db8a246f283b9d548b6228bc85,aec5e3cc09d2c9f0e7f7c280ca11ceeaeb35bb306ccf894e7571e84c449f0930,0.008861223235726357,0.03999999910593033,
privileged diagnostic after2s,W120,student_teacher_latent_2.0s,F,2,396,140,True,False,False,body/invalid,0.030869534239172935,2.1007156372070312,24.133333333333333,2.066666666666667,0.9963498557917774,0.9963498450815678,5,11,,bc1951327f3fed7380cca9b613e6806605fe93db8a246f283b9d548b6228bc85,aec5e3cc09d2c9f0e7f7c280ca11ceeaeb35bb306ccf894e7571e84c449f0930,0.008496875874698162,0.03999999910593033,
privileged diagnostic after2s,W120,student_teacher_latent_2.0s,F,2,397,141,True,False,False,body/invalid,0.04675712436437607,2.2363712787628174,31.733333333333334,2.066666666666667,1.0,1.0,7,15,,bc1951327f3fed7380cca9b613e6806605fe93db8a246f283b9d548b6228bc85,aec5e3cc09d2c9f0e7f7c280ca11ceeaeb35bb306ccf894e7571e84c449f0930,0.008563194423913956,0.03999999910593033,
privileged diagnostic after2s,W120,student_teacher_latent_2.0s,F,2,398,142,True,True,True,,0.004086928442120552,0.13659586012363434,,2.066666666666667,0.9824646161869168,0.9824645705521107,9,19,,bc1951327f3fed7380cca9b613e6806605fe93db8a246f283b9d548b6228bc85,aec5e3cc09d2c9f0e7f7c280ca11ceeaeb35bb306ccf894e7571e84c449f0930,0.008932220749557018,0.03999999910593033,
privileged diagnostic after2s,W120,student_teacher_latent_2.0s,F,2,399,143,True,False,False,body/invalid,0.03535410761833191,1.9513158798217773,33.333333333333336,2.066666666666667,1.0,1.0,8,16,,bc1951327f3fed7380cca9b613e6806605fe93db8a246f283b9d548b6228bc85,aec5e3cc09d2c9f0e7f7c280ca11ceeaeb35bb306ccf894e7571e84c449f0930,0.008621315471827984,0.03999999910593033,
privileged diagnostic after2s,W120,student_teacher_latent_2.0s,F,2,400,144,True,True,True,,0.0038826672825962305,0.16990815103054047,,2.0,1.0,1.0,10,20,,bc1951327f3fed7380cca9b613e6806605fe93db8a246f283b9d548b6228bc85,aec5e3cc09d2c9f0e7f7c280ca11ceeaeb35bb306ccf894e7571e84c449f0930,0.008091283030807972,0.042802345007658005,
privileged diagnostic after2s,W120,student_teacher_latent_2.0s,F,2,401,145,True,False,False,body/invalid,0.011752107180655003,1.5739250183105469,18.533333333333335,2.066666666666667,1.0,1.0,4,9,,bc1951327f3fed7380cca9b613e6806605fe93db8a246f283b9d548b6228bc85,aec5e3cc09d2c9f0e7f7c280ca11ceeaeb35bb306ccf894e7571e84c449f0930,0.010036760941147804,0.05000000074505806,
privileged diagnostic after2s,W120,student_teacher_latent_2.0s,F,2,402,146,True,False,False,body/invalid,0.03765060752630234,1.7345073223114014,36.233333333333334,2.1,0.9947008909657598,0.9947008453309536,8,17,,bc1951327f3fed7380cca9b613e6806605fe93db8a246f283b9d548b6228bc85,aec5e3cc09d2c9f0e7f7c280ca11ceeaeb35bb306ccf894e7571e84c449f0930,0.00891110673546791,0.03999999910593033,
privileged diagnostic after2s,W120,student_teacher_latent_2.0s,F,2,403,147,True,False,False,body/invalid,0.038242362439632416,1.9969252347946167,22.9,2.066666666666667,0.991667631547898,0.9916676208376884,5,11,,bc1951327f3fed7380cca9b613e6806605fe93db8a246f283b9d548b6228bc85,aec5e3cc09d2c9f0e7f7c280ca11ceeaeb35bb306ccf894e7571e84c449f0930,0.008884548209607601,0.03999999910593033,
privileged diagnostic after2s,W120,student_teacher_latent_2.0s,F,2,404,148,True,False,False,body/invalid,0.029895782470703125,2.1416635513305664,31.833333333333332,2.066666666666667,0.9982060049660504,0.9982059709727764,7,15,,bc1951327f3fed7380cca9b613e6806605fe93db8a246f283b9d548b6228bc85,aec5e3cc09d2c9f0e7f7c280ca11ceeaeb35bb306ccf894e7571e84c449f0930,0.008566328324377537,0.03999999910593033,
privileged diagnostic after2s,W120,student_teacher_latent_2.0s,F,2,405,149,True,True,True,,0.003558874363079667,0.17730247974395752,,2.033333333333333,1.0,1.0,10,20,,bc1951327f3fed7380cca9b613e6806605fe93db8a246f283b9d548b6228bc85,aec5e3cc09d2c9f0e7f7c280ca11ceeaeb35bb306ccf894e7571e84c449f0930,0.007928425446152687,0.04082980006933212,
privileged diagnostic after2s,W120,student_teacher_latent_2.0s,F,2,406,150,True,False,False,body/invalid,0.028650734573602676,1.895371437072754,30.733333333333334,2.066666666666667,0.9957713414914906,0.9957713074982166,7,15,,bc1951327f3fed7380cca9b613e6806605fe93db8a246f283b9d548b6228bc85,aec5e3cc09d2c9f0e7f7c280ca11ceeaeb35bb306ccf894e7571e84c449f0930,0.008813056163489819,0.03999999910593033,
privileged diagnostic after2s,W120,student_teacher_latent_2.0s,F,2,407,151,True,True,True,,0.0034836477134376764,0.1359120011329651,,2.1,0.9796131160110235,0.9796131402254105,9,19,,bc1951327f3fed7380cca9b613e6806605fe93db8a246f283b9d548b6228bc85,aec5e3cc09d2c9f0e7f7c280ca11ceeaeb35bb306ccf894e7571e84c449f0930,0.009151218459010124,0.03999999910593033,
privileged diagnostic after2s,W120,student_teacher_latent_2.0s,F,2,408,152,True,False,False,body/invalid,0.03116699494421482,2.037384033203125,30.5,2.066666666666667,0.9992442782968283,0.9992443025112152,7,15,,bc1951327f3fed7380cca9b613e6806605fe93db8a246f283b9d548b6228bc85,aec5e3cc09d2c9f0e7f7c280ca11ceeaeb35bb306ccf894e7571e84c449f0930,0.008821963332593441,0.03999999910593033,
privileged diagnostic after2s,W120,student_teacher_latent_2.0s,F,2,409,153,True,True,True,,0.004120019730180502,0.1373194307088852,,2.066666666666667,0.98839768813923,0.988397654145956,9,19,,bc1951327f3fed7380cca9b613e6806605fe93db8a246f283b9d548b6228bc85,aec5e3cc09d2c9f0e7f7c280ca11ceeaeb35bb306ccf894e7571e84c449f0930,0.008959056809544563,0.03999999910593033,
privileged diagnostic after2s,W120,student_teacher_latent_2.0s,F,2,410,154,True,False,False,body/invalid,0.03675609827041626,2.313682794570923,26.666666666666668,2.066666666666667,1.0,1.0,6,13,,bc1951327f3fed7380cca9b613e6806605fe93db8a246f283b9d548b6228bc85,aec5e3cc09d2c9f0e7f7c280ca11ceeaeb35bb306ccf894e7571e84c449f0930,0.0089369872584939,0.03999999910593033,
privileged diagnostic after2s,W120,student_teacher_latent_2.0s,F,2,411,155,True,True,True,,0.005043783225119114,0.23672962188720703,,2.066666666666667,0.9997834558598697,0.9997834451496601,9,19,,bc1951327f3fed7380cca9b613e6806605fe93db8a246f283b9d548b6228bc85,aec5e3cc09d2c9f0e7f7c280ca11ceeaeb35bb306ccf894e7571e84c449f0930,0.008862301707267761,0.03999999910593033,
privileged diagnostic after2s,W120,student_teacher_latent_2.0s,F,2,412,156,True,True,True,,0.003984097391366959,0.1444026231765747,,2.066666666666667,0.9832135625183582,0.9832135401666164,9,19,,bc1951327f3fed7380cca9b613e6806605fe93db8a246f283b9d548b6228bc85,aec5e3cc09d2c9f0e7f7c280ca11ceeaeb35bb306ccf894e7571e84c449f0930,0.00894895102828741,0.03999999910593033,
privileged diagnostic after2s,W120,student_teacher_latent_2.0s,F,2,413,157,True,True,True,,0.0041604237630963326,0.20657171308994293,,2.066666666666667,0.9939479166641831,0.993947871029377,9,19,,bc1951327f3fed7380cca9b613e6806605fe93db8a246f283b9d548b6228bc85,aec5e3cc09d2c9f0e7f7c280ca11ceeaeb35bb306ccf894e7571e84c449f0930,0.008567879907786846,0.03999999910593033,
privileged diagnostic after2s,W120,student_teacher_latent_2.0s,F,2,414,158,True,True,True,,0.0044969115406274796,0.20676235854625702,,2.1,0.9924097559414804,0.9924096986651421,9,19,,bc1951327f3fed7380cca9b613e6806605fe93db8a246f283b9d548b6228bc85,aec5e3cc09d2c9f0e7f7c280ca11ceeaeb35bb306ccf894e7571e84c449f0930,0.008990063332021236,0.03999999910593033,
privileged diagnostic after2s,W120,student_teacher_latent_2.0s,F,2,415,159,True,True,True,,0.004043009132146835,0.17420953512191772,,2.033333333333333,1.0,1.0,10,20,,bc1951327f3fed7380cca9b613e6806605fe93db8a246f283b9d548b6228bc85,aec5e3cc09d2c9f0e7f7c280ca11ceeaeb35bb306ccf894e7571e84c449f0930,0.007742495741695166,0.04071404039859772,
privileged diagnostic after2s,W120,student_teacher_latent_2.0s,F,2,416,160,True,True,True,,0.0047903708182275295,0.1765713095664978,,2.033333333333333,1.0,1.0,9,19,,bc1951327f3fed7380cca9b613e6806605fe93db8a246f283b9d548b6228bc85,aec5e3cc09d2c9f0e7f7c280ca11ceeaeb35bb306ccf894e7571e84c449f0930,0.008245534263551235,0.04093170538544655,
privileged diagnostic after2s,W120,student_teacher_latent_2.0s,F,2,417,161,True,False,False,body/invalid,0.03755132481455803,2.1968302726745605,34.2,2.066666666666667,1.0,1.0,8,16,,bc1951327f3fed7380cca9b613e6806605fe93db8a246f283b9d548b6228bc85,aec5e3cc09d2c9f0e7f7c280ca11ceeaeb35bb306ccf894e7571e84c449f0930,0.008760949596762657,0.03999999910593033,
privileged diagnostic after2s,W120,student_teacher_latent_2.0s,F,2,419,162,True,False,False,body/invalid,0.023004448041319847,1.6125277280807495,34.53333333333333,2.066666666666667,1.0,1.0,8,17,,bc1951327f3fed7380cca9b613e6806605fe93db8a246f283b9d548b6228bc85,aec5e3cc09d2c9f0e7f7c280ca11ceeaeb35bb306ccf894e7571e84c449f0930,0.008973988704383373,0.03999999910593033,
privileged diagnostic after2s,W120,student_teacher_latent_2.0s,F,2,420,163,True,True,True,,0.0048175230622291565,0.18470816314220428,,2.0,1.0,1.0,10,20,,bc1951327f3fed7380cca9b613e6806605fe93db8a246f283b9d548b6228bc85,aec5e3cc09d2c9f0e7f7c280ca11ceeaeb35bb306ccf894e7571e84c449f0930,0.007955542765557766,0.04107727110385895,
privileged diagnostic after2s,W120,student_teacher_latent_2.0s,F,2,421,164,True,False,False,body/invalid,0.03465564548969269,2.094907760620117,24.166666666666668,2.066666666666667,0.9973303405568004,0.9973303414881229,5,11,,bc1951327f3fed7380cca9b613e6806605fe93db8a246f283b9d548b6228bc85,aec5e3cc09d2c9f0e7f7c280ca11ceeaeb35bb306ccf894e7571e84c449f0930,0.008664879016578197,0.03999999910593033,
privileged diagnostic after2s,W120,student_teacher_latent_2.0s,F,2,422,165,True,False,False,body/invalid,0.03621997684240341,1.6918317079544067,36.06666666666667,2.066666666666667,1.0,1.0,8,17,,bc1951327f3fed7380cca9b613e6806605fe93db8a246f283b9d548b6228bc85,aec5e3cc09d2c9f0e7f7c280ca11ceeaeb35bb306ccf894e7571e84c449f0930,0.008675014600157738,0.04005194827914238,
privileged diagnostic after2s,W120,student_teacher_latent_2.0s,F,2,423,166,True,False,False,body/invalid,0.043295010924339294,2.150078773498535,31.366666666666667,2.066666666666667,0.9993251287378371,0.9993251413106918,7,15,,bc1951327f3fed7380cca9b613e6806605fe93db8a246f283b9d548b6228bc85,aec5e3cc09d2c9f0e7f7c280ca11ceeaeb35bb306ccf894e7571e84c449f0930,0.008406927809119225,0.03999999910593033,
privileged diagnostic after2s,W120,student_teacher_latent_2.0s,F,2,425,167,True,True,True,,0.003937863279134035,0.1478569656610489,,2.066666666666667,0.9851110856980085,0.9851111099123955,9,19,,bc1951327f3fed7380cca9b613e6806605fe93db8a246f283b9d548b6228bc85,aec5e3cc09d2c9f0e7f7c280ca11ceeaeb35bb306ccf894e7571e84c449f0930,0.008652095682919025,0.03999999910593033,
privileged diagnostic after2s,W120,student_teacher_latent_2.0s,F,2,426,168,True,True,True,,0.0032606704626232386,0.13598570227622986,,2.066666666666667,0.9925147276371717,0.9925147518515587,9,19,,bc1951327f3fed7380cca9b613e6806605fe93db8a246f283b9d548b6228bc85,aec5e3cc09d2c9f0e7f7c280ca11ceeaeb35bb306ccf894e7571e84c449f0930,0.008874213322997093,0.03999999910593033,
privileged diagnostic after2s,W120,student_teacher_latent_2.0s,F,2,427,169,True,False,False,body/invalid,0.03762684389948845,2.3019864559173584,27.466666666666665,2.066666666666667,1.0,1.0,6,13,,bc1951327f3fed7380cca9b613e6806605fe93db8a246f283b9d548b6228bc85,aec5e3cc09d2c9f0e7f7c280ca11ceeaeb35bb306ccf894e7571e84c449f0930,0.0082823745906353,0.03999999910593033,
privileged diagnostic after2s,W120,student_teacher_latent_2.0s,F,2,428,170,True,False,True,body/invalid,0.010354241356253624,0.3927081525325775,34.233333333333334,2.066666666666667,1.0,1.0,9,19,,bc1951327f3fed7380cca9b613e6806605fe93db8a246f283b9d548b6228bc85,aec5e3cc09d2c9f0e7f7c280ca11ceeaeb35bb306ccf894e7571e84c449f0930,0.00897689163684845,0.03999999910593033,
privileged diagnostic after2s,W120,student_teacher_latent_2.0s,F,2,429,171,True,True,True,,0.004050255287438631,0.16476064920425415,,2.066666666666667,0.9899535323493183,0.9899535216391087,9,19,,bc1951327f3fed7380cca9b613e6806605fe93db8a246f283b9d548b6228bc85,aec5e3cc09d2c9f0e7f7c280ca11ceeaeb35bb306ccf894e7571e84c449f0930,0.008758123964071274,0.03999999910593033,
privileged diagnostic after2s,W120,student_teacher_latent_2.0s,F,2,430,172,True,False,False,body/invalid,0.03908425569534302,2.2264678478240967,29.4,2.066666666666667,0.9948745360597968,0.9948745369911194,7,14,,bc1951327f3fed7380cca9b613e6806605fe93db8a246f283b9d548b6228bc85,aec5e3cc09d2c9f0e7f7c280ca11ceeaeb35bb306ccf894e7571e84c449f0930,0.008786162361502647,0.03999999910593033,
privileged diagnostic after2s,W120,student_teacher_latent_2.0s,F,2,431,173,True,False,False,body/invalid,0.037668246775865555,2.031296730041504,38.63333333333333,2.066666666666667,1.0,1.0,9,19,,bc1951327f3fed7380cca9b613e6806605fe93db8a246f283b9d548b6228bc85,aec5e3cc09d2c9f0e7f7c280ca11ceeaeb35bb306ccf894e7571e84c449f0930,0.008790998719632626,0.040077611804008484,
privileged diagnostic after2s,W120,student_teacher_latent_2.0s,F,2,432,174,True,True,True,,0.004154580645263195,0.15891294181346893,,2.066666666666667,0.9753114534541965,0.975311454385519,9,19,,bc1951327f3fed7380cca9b613e6806605fe93db8a246f283b9d548b6228bc85,aec5e3cc09d2c9f0e7f7c280ca11ceeaeb35bb306ccf894e7571e84c449f0930,0.008825726807117462,0.03999999910593033,
privileged diagnostic after2s,W120,student_teacher_latent_2.0s,F,2,433,175,True,False,False,body/invalid,0.03571045398712158,2.303593397140503,36.13333333333333,2.066666666666667,0.999125231988728,0.9991251863539219,8,17,,bc1951327f3fed7380cca9b613e6806605fe93db8a246f283b9d548b6228bc85,aec5e3cc09d2c9f0e7f7c280ca11ceeaeb35bb306ccf894e7571e84c449f0930,0.008861609734594822,0.03999999910593033,
privileged diagnostic after2s,W120,student_teacher_latent_2.0s,F,2,434,176,True,False,False,body/invalid,0.0369940921664238,2.3987011909484863,26.9,2.066666666666667,0.9886883539147675,0.9886883199214935,6,13,,bc1951327f3fed7380cca9b613e6806605fe93db8a246f283b9d548b6228bc85,aec5e3cc09d2c9f0e7f7c280ca11ceeaeb35bb306ccf894e7571e84c449f0930,0.009121284820139408,0.03999999910593033,
privileged diagnostic after2s,W120,student_teacher_latent_2.0s,F,2,435,177,True,False,False,body/invalid,0.03866153955459595,2.117518901824951,29.566666666666666,2.066666666666667,0.9920659582130611,0.9920659475028515,7,14,,bc1951327f3fed7380cca9b613e6806605fe93db8a246f283b9d548b6228bc85,aec5e3cc09d2c9f0e7f7c280ca11ceeaeb35bb306ccf894e7571e84c449f0930,0.008872240781784058,0.03999999910593033,
privileged diagnostic after2s,W120,student_teacher_latent_2.0s,F,2,436,178,True,False,False,body/invalid,0.033538684248924255,2.018367052078247,34.8,2.066666666666667,0.9848546809516847,0.9848546236753464,8,17,,bc1951327f3fed7380cca9b613e6806605fe93db8a246f283b9d548b6228bc85,aec5e3cc09d2c9f0e7f7c280ca11ceeaeb35bb306ccf894e7571e84c449f0930,0.009126846678555012,0.03999999910593033,
privileged diagnostic after2s,W120,student_teacher_latent_2.0s,F,2,437,179,True,True,True,,0.004029270261526108,0.1628796011209488,,2.066666666666667,0.9964078888297081,0.9964078664779663,9,19,,bc1951327f3fed7380cca9b613e6806605fe93db8a246f283b9d548b6228bc85,aec5e3cc09d2c9f0e7f7c280ca11ceeaeb35bb306ccf894e7571e84c449f0930,0.00904787052422762,0.03999999910593033,
privileged diagnostic after2s,W120,student_teacher_latent_2.0s,F,2,439,180,True,False,False,body/invalid,0.03814622014760971,2.410214424133301,24.3,2.066666666666667,1.0,1.0,5,11,,bc1951327f3fed7380cca9b613e6806605fe93db8a246f283b9d548b6228bc85,aec5e3cc09d2c9f0e7f7c280ca11ceeaeb35bb306ccf894e7571e84c449f0930,0.008929964154958725,0.03999999910593033,
privileged diagnostic after2s,W120,student_teacher_latent_2.0s,F,2,440,181,True,True,True,,0.003956983797252178,0.1475730687379837,,2.066666666666667,0.9759054859168828,0.9759054519236088,9,19,,bc1951327f3fed7380cca9b613e6806605fe93db8a246f283b9d548b6228bc85,aec5e3cc09d2c9f0e7f7c280ca11ceeaeb35bb306ccf894e7571e84c449f0930,0.00917138159275055,0.03999999910593033,
privileged diagnostic after2s,W120,student_teacher_latent_2.0s,F,2,441,182,True,True,True,,0.004121644422411919,0.14901091158390045,,2.066666666666667,0.9887430109083652,0.9887429885566235,9,19,,bc1951327f3fed7380cca9b613e6806605fe93db8a246f283b9d548b6228bc85,aec5e3cc09d2c9f0e7f7c280ca11ceeaeb35bb306ccf894e7571e84c449f0930,0.00881053414195776,0.03999999910593033,
privileged diagnostic after2s,W120,student_teacher_latent_2.0s,F,2,442,183,True,True,True,,0.003846232546493411,0.1419445127248764,,2.1,0.9752667034044862,0.97526665776968,9,19,,bc1951327f3fed7380cca9b613e6806605fe93db8a246f283b9d548b6228bc85,aec5e3cc09d2c9f0e7f7c280ca11ceeaeb35bb306ccf894e7571e84c449f0930,0.009090018458664417,0.03999999910593033,
privileged diagnostic after2s,W120,student_teacher_latent_2.0s,F,2,444,184,True,True,True,,0.004470325540751219,0.1733066588640213,,2.0,1.0,1.0,10,20,,bc1951327f3fed7380cca9b613e6806605fe93db8a246f283b9d548b6228bc85,aec5e3cc09d2c9f0e7f7c280ca11ceeaeb35bb306ccf894e7571e84c449f0930,0.007756976410746574,0.041192859411239624,
privileged diagnostic after2s,W120,student_teacher_latent_2.0s,F,2,445,185,True,True,True,,0.0038876512553542852,0.14907388389110565,,2.066666666666667,0.9770545866340399,0.9770546108484268,9,19,,bc1951327f3fed7380cca9b613e6806605fe93db8a246f283b9d548b6228bc85,aec5e3cc09d2c9f0e7f7c280ca11ceeaeb35bb306ccf894e7571e84c449f0930,0.00858715083450079,0.03999999910593033,
privileged diagnostic after2s,W120,student_teacher_latent_2.0s,F,2,446,186,True,True,True,,0.003210816765204072,0.13201738893985748,,2.066666666666667,1.0,1.0,9,19,,bc1951327f3fed7380cca9b613e6806605fe93db8a246f283b9d548b6228bc85,aec5e3cc09d2c9f0e7f7c280ca11ceeaeb35bb306ccf894e7571e84c449f0930,0.008896875195205212,0.03999999910593033,
privileged diagnostic after2s,W120,student_teacher_latent_2.0s,F,2,447,187,True,True,True,,0.005066767334938049,0.21424955129623413,,2.1,0.9903266550973058,0.9903266094624996,9,19,,bc1951327f3fed7380cca9b613e6806605fe93db8a246f283b9d548b6228bc85,aec5e3cc09d2c9f0e7f7c280ca11ceeaeb35bb306ccf894e7571e84c449f0930,0.009109629318118095,0.03999999910593033,
privileged diagnostic after2s,W120,student_teacher_latent_2.0s,F,2,448,188,True,False,False,body/invalid,0.039744213223457336,2.0658726692199707,26.433333333333334,2.066666666666667,0.9867942533455789,0.9867941960692406,6,13,,bc1951327f3fed7380cca9b613e6806605fe93db8a246f283b9d548b6228bc85,aec5e3cc09d2c9f0e7f7c280ca11ceeaeb35bb306ccf894e7571e84c449f0930,0.008804564364254475,0.03999999910593033,
privileged diagnostic after2s,W120,student_teacher_latent_2.0s,F,2,449,189,True,False,False,body/invalid,0.03953591734170914,2.1418535709381104,38.9,2.066666666666667,0.9891141545958817,0.9891141206026077,9,19,,bc1951327f3fed7380cca9b613e6806605fe93db8a246f283b9d548b6228bc85,aec5e3cc09d2c9f0e7f7c280ca11ceeaeb35bb306ccf894e7571e84c449f0930,0.008941112086176872,0.03999999910593033,
privileged diagnostic after2s,W120,student_teacher_latent_2.0s,F,2,450,190,True,False,False,body/invalid,0.03599219024181366,2.155348062515259,31.766666666666666,2.066666666666667,1.0,1.0,7,15,,bc1951327f3fed7380cca9b613e6806605fe93db8a246f283b9d548b6228bc85,aec5e3cc09d2c9f0e7f7c280ca11ceeaeb35bb306ccf894e7571e84c449f0930,0.008871732279658318,0.040034789592027664,
privileged diagnostic after2s,W120,student_teacher_latent_2.0s,F,2,451,191,True,False,False,body/invalid,0.03995369374752045,2.343898296356201,35.1,2.066666666666667,0.9963972368277609,0.9963972494006157,8,17,,bc1951327f3fed7380cca9b613e6806605fe93db8a246f283b9d548b6228bc85,aec5e3cc09d2c9f0e7f7c280ca11ceeaeb35bb306ccf894e7571e84c449f0930,0.008790661580860615,0.03999999910593033,
privileged diagnostic after2s,W120,student_teacher_latent_2.0s,F,3,579,192,False,False,False,body/invalid,0.05634944513440132,1.857187271118164,1.2333333333333334,,1.0,1.0,0,0,,bc1951327f3fed7380cca9b613e6806605fe93db8a246f283b9d548b6228bc85,aec5e3cc09d2c9f0e7f7c280ca11ceeaeb35bb306ccf894e7571e84c449f0930,0.012231915257871151,0.03999263793230057,
privileged diagnostic after2s,W120,student_teacher_latent_2.0s,F,3,580,193,False,False,False,body/invalid,0.056616976857185364,1.7409073114395142,1.9,1.8333333333333333,1.0,1.0,0,1,,bc1951327f3fed7380cca9b613e6806605fe93db8a246f283b9d548b6228bc85,aec5e3cc09d2c9f0e7f7c280ca11ceeaeb35bb306ccf894e7571e84c449f0930,0.01197710819542408,0.04421968013048172,
privileged diagnostic after2s,W120,student_teacher_latent_2.0s,F,3,583,194,False,False,False,body/invalid,0.05252247676253319,2.7462313175201416,1.9333333333333333,1.8333333333333333,1.0,1.0,0,1,,bc1951327f3fed7380cca9b613e6806605fe93db8a246f283b9d548b6228bc85,aec5e3cc09d2c9f0e7f7c280ca11ceeaeb35bb306ccf894e7571e84c449f0930,0.01108229998499155,0.04230045899748802,
privileged diagnostic after2s,W120,student_teacher_latent_2.0s,F,3,585,195,False,False,False,body/invalid,0.058619480580091476,2.130197525024414,1.6666666666666667,,1.0,1.0,0,0,,bc1951327f3fed7380cca9b613e6806605fe93db8a246f283b9d548b6228bc85,aec5e3cc09d2c9f0e7f7c280ca11ceeaeb35bb306ccf894e7571e84c449f0930,0.010477564297616482,0.03997252136468887,
privileged diagnostic after2s,W120,student_teacher_latent_2.0s,F,3,586,196,True,True,True,,0.004415776114910841,0.1358579695224762,,1.8333333333333333,1.0,1.0,10,20,,bc1951327f3fed7380cca9b613e6806605fe93db8a246f283b9d548b6228bc85,aec5e3cc09d2c9f0e7f7c280ca11ceeaeb35bb306ccf894e7571e84c449f0930,0.007658066693693399,0.040831953287124634,
privileged diagnostic after2s,W120,student_teacher_latent_2.0s,F,3,587,197,False,False,False,body/invalid,0.055477358400821686,1.9202136993408203,1.7333333333333334,,1.0,1.0,0,0,,bc1951327f3fed7380cca9b613e6806605fe93db8a246f283b9d548b6228bc85,aec5e3cc09d2c9f0e7f7c280ca11ceeaeb35bb306ccf894e7571e84c449f0930,0.009029939770698547,0.040000006556510925,
privileged diagnostic after2s,W120,student_teacher_latent_2.0s,F,3,590,198,False,False,False,body/invalid,0.05149438604712486,1.9995883703231812,1.8,1.8333333333333333,1.0,1.0,0,1,,bc1951327f3fed7380cca9b613e6806605fe93db8a246f283b9d548b6228bc85,aec5e3cc09d2c9f0e7f7c280ca11ceeaeb35bb306ccf894e7571e84c449f0930,0.010914614424109459,0.03975414112210274,
privileged diagnostic after2s,W120,student_teacher_latent_2.0s,F,3,592,199,False,False,False,body/invalid,0.057184793055057526,1.883211612701416,1.6666666666666667,,1.0,1.0,0,0,,bc1951327f3fed7380cca9b613e6806605fe93db8a246f283b9d548b6228bc85,aec5e3cc09d2c9f0e7f7c280ca11ceeaeb35bb306ccf894e7571e84c449f0930,0.009767785668373108,0.040000006556510925,
privileged diagnostic after2s,W120,student_teacher_latent_2.0s,F,3,593,200,False,False,False,body/invalid,0.025761976838111877,1.7003062963485718,1.5666666666666667,,1.0,1.0,0,0,,bc1951327f3fed7380cca9b613e6806605fe93db8a246f283b9d548b6228bc85,aec5e3cc09d2c9f0e7f7c280ca11ceeaeb35bb306ccf894e7571e84c449f0930,0.010255654342472553,0.040000006556510925,
privileged diagnostic after2s,W120,student_teacher_latent_2.0s,F,3,594,201,True,True,True,,0.004126931075006723,0.14910463988780975,,1.8333333333333333,1.0,1.0,10,21,,bc1951327f3fed7380cca9b613e6806605fe93db8a246f283b9d548b6228bc85,aec5e3cc09d2c9f0e7f7c280ca11ceeaeb35bb306ccf894e7571e84c449f0930,0.007225696463137865,0.04999999329447746,
privileged diagnostic after2s,W120,student_teacher_latent_2.0s,F,3,595,202,True,True,True,,0.004283110145479441,0.1022748351097107,,1.8333333333333333,1.0,1.0,10,21,,bc1951327f3fed7380cca9b613e6806605fe93db8a246f283b9d548b6228bc85,aec5e3cc09d2c9f0e7f7c280ca11ceeaeb35bb306ccf894e7571e84c449f0930,0.00665456335991621,0.04320641979575157,
privileged diagnostic after2s,W120,student_teacher_latent_2.0s,F,3,597,203,True,True,True,,0.004088536836206913,0.10315301269292831,,1.8333333333333333,1.0,1.0,10,21,,bc1951327f3fed7380cca9b613e6806605fe93db8a246f283b9d548b6228bc85,aec5e3cc09d2c9f0e7f7c280ca11ceeaeb35bb306ccf894e7571e84c449f0930,0.006777034606784582,0.04894551634788513,
privileged diagnostic after2s,W120,student_teacher_latent_2.0s,F,3,599,204,False,False,False,body/invalid,0.04441020265221596,1.768575668334961,2.466666666666667,,1.0,1.0,0,0,,bc1951327f3fed7380cca9b613e6806605fe93db8a246f283b9d548b6228bc85,aec5e3cc09d2c9f0e7f7c280ca11ceeaeb35bb306ccf894e7571e84c449f0930,0.01705051399767399,0.040000006556510925,
privileged diagnostic after2s,W120,student_teacher_latent_2.0s,F,3,604,205,True,True,True,,0.00476150494068861,0.1458512395620346,,1.8333333333333333,1.0,1.0,10,20,,bc1951327f3fed7380cca9b613e6806605fe93db8a246f283b9d548b6228bc85,aec5e3cc09d2c9f0e7f7c280ca11ceeaeb35bb306ccf894e7571e84c449f0930,0.007283151149749756,0.04069142043590546,
privileged diagnostic after2s,W120,student_teacher_latent_2.0s,F,3,605,206,False,False,False,body/invalid,0.05444997921586037,1.7768347263336182,1.7333333333333334,,1.0,1.0,0,0,,bc1951327f3fed7380cca9b613e6806605fe93db8a246f283b9d548b6228bc85,aec5e3cc09d2c9f0e7f7c280ca11ceeaeb35bb306ccf894e7571e84c449f0930,0.008793998509645462,0.03993723541498184,
privileged diagnostic after2s,W120,student_teacher_latent_2.0s,F,3,607,207,True,True,True,,0.003913435619324446,0.11814095079898834,,1.8333333333333333,1.0,1.0,10,20,,bc1951327f3fed7380cca9b613e6806605fe93db8a246f283b9d548b6228bc85,aec5e3cc09d2c9f0e7f7c280ca11ceeaeb35bb306ccf894e7571e84c449f0930,0.0070351408794522285,0.040000006556510925,
privileged diagnostic after2s,W120,student_teacher_latent_2.0s,F,3,610,208,False,False,False,body/invalid,0.05388636887073517,1.420913815498352,2.8333333333333335,1.8333333333333333,1.0,1.0,0,1,,bc1951327f3fed7380cca9b613e6806605fe93db8a246f283b9d548b6228bc85,aec5e3cc09d2c9f0e7f7c280ca11ceeaeb35bb306ccf894e7571e84c449f0930,0.010512727312743664,0.043275367468595505,
privileged diagnostic after2s,W120,student_teacher_latent_2.0s,F,3,611,209,False,False,False,body/invalid,0.05144204571843147,1.842536211013794,1.7,1.8333333333333333,1.0,1.0,0,1,,bc1951327f3fed7380cca9b613e6806605fe93db8a246f283b9d548b6228bc85,aec5e3cc09d2c9f0e7f7c280ca11ceeaeb35bb306ccf894e7571e84c449f0930,0.010133696720004082,0.04364389926195145,
privileged diagnostic after2s,W120,student_teacher_latent_2.0s,F,3,612,210,False,False,False,body/invalid,0.058373525738716125,2.035214424133301,1.2666666666666666,,1.0,1.0,0,0,,bc1951327f3fed7380cca9b613e6806605fe93db8a246f283b9d548b6228bc85,aec5e3cc09d2c9f0e7f7c280ca11ceeaeb35bb306ccf894e7571e84c449f0930,0.012466398999094963,0.03960278257727623,
privileged diagnostic after2s,W120,student_teacher_latent_2.0s,F,3,614,211,True,True,True,,0.0068534621968865395,0.16579067707061768,,1.8333333333333333,1.0,1.0,6,12,,bc1951327f3fed7380cca9b613e6806605fe93db8a246f283b9d548b6228bc85,aec5e3cc09d2c9f0e7f7c280ca11ceeaeb35bb306ccf894e7571e84c449f0930,0.020974209532141685,0.049220576882362366,
privileged diagnostic after2s,W120,student_teacher_latent_2.0s,F,3,617,212,True,True,True,,0.006728159263730049,0.17767323553562164,,1.8333333333333333,1.0,1.0,10,20,,bc1951327f3fed7380cca9b613e6806605fe93db8a246f283b9d548b6228bc85,aec5e3cc09d2c9f0e7f7c280ca11ceeaeb35bb306ccf894e7571e84c449f0930,0.007870598696172237,0.04999999329447746,
privileged diagnostic after2s,W120,student_teacher_latent_2.0s,F,3,618,213,False,False,False,body/invalid,0.05153397098183632,1.42908775806427,1.8333333333333333,1.8666666666666667,1.0,1.0,0,1,,bc1951327f3fed7380cca9b613e6806605fe93db8a246f283b9d548b6228bc85,aec5e3cc09d2c9f0e7f7c280ca11ceeaeb35bb306ccf894e7571e84c449f0930,0.010075693018734455,0.040000006556510925,
privileged diagnostic after2s,W120,student_teacher_latent_2.0s,F,3,619,214,True,True,True,,0.003892571432515979,0.1441347599029541,,1.8333333333333333,1.0,1.0,10,21,,bc1951327f3fed7380cca9b613e6806605fe93db8a246f283b9d548b6228bc85,aec5e3cc09d2c9f0e7f7c280ca11ceeaeb35bb306ccf894e7571e84c449f0930,0.0069201127626001835,0.04075457155704498,
privileged diagnostic after2s,W120,student_teacher_latent_2.0s,F,3,620,215,True,False,False,body/invalid,0.04530894011259079,1.8126397132873535,9.8,1.8333333333333333,1.0,1.0,1,2,,bc1951327f3fed7380cca9b613e6806605fe93db8a246f283b9d548b6228bc85,aec5e3cc09d2c9f0e7f7c280ca11ceeaeb35bb306ccf894e7571e84c449f0930,0.027825232595205307,0.04253804683685303,
privileged diagnostic after2s,W120,student_teacher_latent_2.0s,F,3,623,216,False,False,False,body/invalid,0.0356481559574604,1.633912444114685,1.8333333333333333,1.8333333333333333,1.0,1.0,0,1,,bc1951327f3fed7380cca9b613e6806605fe93db8a246f283b9d548b6228bc85,aec5e3cc09d2c9f0e7f7c280ca11ceeaeb35bb306ccf894e7571e84c449f0930,0.0162122193723917,0.04820892959833145,
privileged diagnostic after2s,W120,student_teacher_latent_2.0s,F,3,626,217,False,False,False,body/invalid,0.046078361570835114,1.8929437398910522,1.2666666666666666,,1.0,1.0,0,0,,bc1951327f3fed7380cca9b613e6806605fe93db8a246f283b9d548b6228bc85,aec5e3cc09d2c9f0e7f7c280ca11ceeaeb35bb306ccf894e7571e84c449f0930,0.01092385035008192,0.040000006556510925,
privileged diagnostic after2s,W120,student_teacher_latent_2.0s,F,3,627,218,False,False,False,body/invalid,0.048930272459983826,1.86236572265625,1.4,,1.0,1.0,0,0,,bc1951327f3fed7380cca9b613e6806605fe93db8a246f283b9d548b6228bc85,aec5e3cc09d2c9f0e7f7c280ca11ceeaeb35bb306ccf894e7571e84c449f0930,0.010055428370833397,0.040000006556510925,
privileged diagnostic after2s,W120,student_teacher_latent_2.0s,F,3,632,219,False,False,False,body/invalid,0.05682018771767616,1.9377480745315552,1.4666666666666666,,1.0,1.0,0,0,,bc1951327f3fed7380cca9b613e6806605fe93db8a246f283b9d548b6228bc85,aec5e3cc09d2c9f0e7f7c280ca11ceeaeb35bb306ccf894e7571e84c449f0930,0.0109556270763278,0.03999998793005943,
privileged diagnostic after2s,W120,student_teacher_latent_2.0s,F,3,637,220,False,False,False,body/invalid,0.05806039646267891,2.024930477142334,1.6666666666666667,,1.0,1.0,0,0,,bc1951327f3fed7380cca9b613e6806605fe93db8a246f283b9d548b6228bc85,aec5e3cc09d2c9f0e7f7c280ca11ceeaeb35bb306ccf894e7571e84c449f0930,0.009502789936959743,0.03997214511036873,
privileged diagnostic after2s,W120,student_teacher_latent_2.0s,F,3,638,221,True,True,True,,0.00461999699473381,0.14031437039375305,,1.8333333333333333,1.0,1.0,11,22,,bc1951327f3fed7380cca9b613e6806605fe93db8a246f283b9d548b6228bc85,aec5e3cc09d2c9f0e7f7c280ca11ceeaeb35bb306ccf894e7571e84c449f0930,0.0056485505774617195,0.04578433185815811,
privileged diagnostic after2s,W120,student_teacher_latent_2.0s,F,3,639,222,True,True,True,,0.0039048423059284687,0.09303846210241318,,1.8333333333333333,1.0,1.0,10,21,,bc1951327f3fed7380cca9b613e6806605fe93db8a246f283b9d548b6228bc85,aec5e3cc09d2c9f0e7f7c280ca11ceeaeb35bb306ccf894e7571e84c449f0930,0.006047453731298447,0.04384994879364967,
privileged diagnostic after2s,W120,student_teacher_latent_2.0s,F,3,643,223,False,False,False,body/invalid,0.058035820722579956,2.1177406311035156,1.6,,1.0,1.0,0,0,,bc1951327f3fed7380cca9b613e6806605fe93db8a246f283b9d548b6228bc85,aec5e3cc09d2c9f0e7f7c280ca11ceeaeb35bb306ccf894e7571e84c449f0930,0.009801874868571758,0.03999566286802292,
privileged diagnostic after2s,W120,student_teacher_latent_2.0s,F,3,647,224,False,False,False,body/invalid,0.056276168674230576,2.072187900543213,2.033333333333333,,1.0,1.0,0,0,,bc1951327f3fed7380cca9b613e6806605fe93db8a246f283b9d548b6228bc85,aec5e3cc09d2c9f0e7f7c280ca11ceeaeb35bb306ccf894e7571e84c449f0930,0.011945370584726334,0.03999992832541466,
privileged diagnostic after2s,W120,student_teacher_latent_2.0s,F,3,650,225,True,True,True,,0.0038507303688675165,0.09771676361560822,,1.8333333333333333,1.0,1.0,10,20,,bc1951327f3fed7380cca9b613e6806605fe93db8a246f283b9d548b6228bc85,aec5e3cc09d2c9f0e7f7c280ca11ceeaeb35bb306ccf894e7571e84c449f0930,0.007683298550546169,0.04225216060876846,
privileged diagnostic after2s,W120,student_teacher_latent_2.0s,F,3,653,226,False,False,False,body/invalid,0.05471058189868927,2.244234085083008,1.7333333333333334,1.8333333333333333,1.0,1.0,0,1,,bc1951327f3fed7380cca9b613e6806605fe93db8a246f283b9d548b6228bc85,aec5e3cc09d2c9f0e7f7c280ca11ceeaeb35bb306ccf894e7571e84c449f0930,0.010257037356495857,0.040000006556510925,
privileged diagnostic after2s,W120,student_teacher_latent_2.0s,F,3,657,227,False,False,False,body/invalid,0.05066768452525139,1.8462520837783813,1.6666666666666667,,1.0,1.0,0,0,,bc1951327f3fed7380cca9b613e6806605fe93db8a246f283b9d548b6228bc85,aec5e3cc09d2c9f0e7f7c280ca11ceeaeb35bb306ccf894e7571e84c449f0930,0.010311475954949856,0.03999447077512741,
privileged diagnostic after2s,W120,student_teacher_latent_2.0s,F,3,658,228,True,True,True,,0.00556416530162096,0.18531909584999084,,1.8333333333333333,1.0,1.0,3,6,,bc1951327f3fed7380cca9b613e6806605fe93db8a246f283b9d548b6228bc85,aec5e3cc09d2c9f0e7f7c280ca11ceeaeb35bb306ccf894e7571e84c449f0930,0.0308517012745142,0.04999999329447746,
privileged diagnostic after2s,W120,student_teacher_latent_2.0s,F,3,659,229,True,True,True,,0.0059746247716248035,0.13777050375938416,,1.8333333333333333,1.0,1.0,2,4,,bc1951327f3fed7380cca9b613e6806605fe93db8a246f283b9d548b6228bc85,aec5e3cc09d2c9f0e7f7c280ca11ceeaeb35bb306ccf894e7571e84c449f0930,0.033873721957206726,0.045866187661886215,
privileged diagnostic after2s,W120,student_teacher_latent_2.0s,F,3,661,230,False,False,False,body/invalid,0.04829138517379761,1.7453465461730957,1.8,,1.0,1.0,0,0,,bc1951327f3fed7380cca9b613e6806605fe93db8a246f283b9d548b6228bc85,aec5e3cc09d2c9f0e7f7c280ca11ceeaeb35bb306ccf894e7571e84c449f0930,0.009495537728071213,0.040000006556510925,
privileged diagnostic after2s,W120,student_teacher_latent_2.0s,F,3,662,231,False,False,False,body/invalid,0.05033605918288231,1.2521395683288574,0.5333333333333333,,1.0,1.0,0,0,,bc1951327f3fed7380cca9b613e6806605fe93db8a246f283b9d548b6228bc85,aec5e3cc09d2c9f0e7f7c280ca11ceeaeb35bb306ccf894e7571e84c449f0930,0.013490033335983753,0.040000006556510925,
privileged diagnostic after2s,W120,student_teacher_latent_2.0s,F,3,664,232,False,False,False,body/invalid,0.04788188636302948,1.8298746347427368,0.8666666666666667,,1.0,1.0,0,0,,bc1951327f3fed7380cca9b613e6806605fe93db8a246f283b9d548b6228bc85,aec5e3cc09d2c9f0e7f7c280ca11ceeaeb35bb306ccf894e7571e84c449f0930,0.014054463244974613,0.040000006556510925,
privileged diagnostic after2s,W120,student_teacher_latent_2.0s,F,3,666,233,False,False,False,body/invalid,0.05768534541130066,2.1474056243896484,1.4333333333333333,,1.0,1.0,0,0,,bc1951327f3fed7380cca9b613e6806605fe93db8a246f283b9d548b6228bc85,aec5e3cc09d2c9f0e7f7c280ca11ceeaeb35bb306ccf894e7571e84c449f0930,0.011516178958117962,0.03809042274951935,
privileged diagnostic after2s,W120,student_teacher_latent_2.0s,F,3,669,234,True,True,True,,0.0052785445004701614,0.17290076613426208,,1.8333333333333333,1.0,1.0,10,21,,bc1951327f3fed7380cca9b613e6806605fe93db8a246f283b9d548b6228bc85,aec5e3cc09d2c9f0e7f7c280ca11ceeaeb35bb306ccf894e7571e84c449f0930,0.006425587926059961,0.04999999329447746,
privileged diagnostic after2s,W120,student_teacher_latent_2.0s,F,3,672,235,False,False,False,body/invalid,0.05152789503335953,1.994869589805603,1.7333333333333334,1.8333333333333333,1.0,1.0,0,1,,bc1951327f3fed7380cca9b613e6806605fe93db8a246f283b9d548b6228bc85,aec5e3cc09d2c9f0e7f7c280ca11ceeaeb35bb306ccf894e7571e84c449f0930,0.010471507906913757,0.040000006556510925,
privileged diagnostic after2s,W120,student_teacher_latent_2.0s,F,3,673,236,True,True,True,,0.0036697944160550833,0.12480368465185165,,1.8333333333333333,1.0,1.0,10,21,,bc1951327f3fed7380cca9b613e6806605fe93db8a246f283b9d548b6228bc85,aec5e3cc09d2c9f0e7f7c280ca11ceeaeb35bb306ccf894e7571e84c449f0930,0.005839534569531679,0.04303392022848129,
privileged diagnostic after2s,W120,student_teacher_latent_2.0s,F,3,675,237,True,True,True,,0.004205306526273489,0.10711517930030823,,1.8333333333333333,1.0,1.0,10,21,,bc1951327f3fed7380cca9b613e6806605fe93db8a246f283b9d548b6228bc85,aec5e3cc09d2c9f0e7f7c280ca11ceeaeb35bb306ccf894e7571e84c449f0930,0.0064021265134215355,0.04275718331336975,
privileged diagnostic after2s,W120,student_teacher_latent_2.0s,F,3,676,238,True,True,True,,0.004380668979138136,0.10093279927968979,,1.8333333333333333,1.0,1.0,10,20,,bc1951327f3fed7380cca9b613e6806605fe93db8a246f283b9d548b6228bc85,aec5e3cc09d2c9f0e7f7c280ca11ceeaeb35bb306ccf894e7571e84c449f0930,0.007769095245748758,0.045869432389736176,
privileged diagnostic after2s,W120,student_teacher_latent_2.0s,F,3,677,239,False,False,False,body/invalid,0.052691999822854996,2.1350536346435547,1.7666666666666666,1.8333333333333333,1.0,1.0,0,1,,bc1951327f3fed7380cca9b613e6806605fe93db8a246f283b9d548b6228bc85,aec5e3cc09d2c9f0e7f7c280ca11ceeaeb35bb306ccf894e7571e84c449f0930,0.011226911097764969,0.04480423405766487,
privileged diagnostic after2s,W120,student_teacher_latent_2.0s,F,3,679,240,False,False,False,body/invalid,0.05141378194093704,1.6095513105392456,2.1,,1.0,1.0,0,0,,bc1951327f3fed7380cca9b613e6806605fe93db8a246f283b9d548b6228bc85,aec5e3cc09d2c9f0e7f7c280ca11ceeaeb35bb306ccf894e7571e84c449f0930,0.015892645344138145,0.040000006556510925,
privileged diagnostic after2s,W120,student_teacher_latent_2.0s,F,3,680,241,False,False,False,body/invalid,0.0418478399515152,1.7158113718032837,1.6333333333333333,,1.0,1.0,0,0,,bc1951327f3fed7380cca9b613e6806605fe93db8a246f283b9d548b6228bc85,aec5e3cc09d2c9f0e7f7c280ca11ceeaeb35bb306ccf894e7571e84c449f0930,0.009573735296726227,0.03923014923930168,
privileged diagnostic after2s,W120,student_teacher_latent_2.0s,F,3,682,242,True,True,True,,0.003222918836399913,0.09093920141458511,,1.8333333333333333,1.0,1.0,10,21,,bc1951327f3fed7380cca9b613e6806605fe93db8a246f283b9d548b6228bc85,aec5e3cc09d2c9f0e7f7c280ca11ceeaeb35bb306ccf894e7571e84c449f0930,0.005691957660019398,0.045037753880023956,
privileged diagnostic after2s,W120,student_teacher_latent_2.0s,F,3,683,243,False,False,False,body/invalid,0.0287917647510767,1.5797055959701538,1.8,1.8333333333333333,1.0,1.0,0,1,,bc1951327f3fed7380cca9b613e6806605fe93db8a246f283b9d548b6228bc85,aec5e3cc09d2c9f0e7f7c280ca11ceeaeb35bb306ccf894e7571e84c449f0930,0.00983692891895771,0.040000006556510925,
privileged diagnostic after2s,W120,student_teacher_latent_2.0s,F,3,685,244,False,False,False,body/invalid,0.05786629021167755,2.274118185043335,1.6666666666666667,,1.0,1.0,0,0,,bc1951327f3fed7380cca9b613e6806605fe93db8a246f283b9d548b6228bc85,aec5e3cc09d2c9f0e7f7c280ca11ceeaeb35bb306ccf894e7571e84c449f0930,0.008588531985878944,0.040000006556510925,
privileged diagnostic after2s,W120,student_teacher_latent_2.0s,F,3,686,245,False,False,False,body/invalid,0.04752175509929657,1.8609434366226196,1.5,,1.0,1.0,0,0,,bc1951327f3fed7380cca9b613e6806605fe93db8a246f283b9d548b6228bc85,aec5e3cc09d2c9f0e7f7c280ca11ceeaeb35bb306ccf894e7571e84c449f0930,0.00959102064371109,0.040000006556510925,
privileged diagnostic after2s,W120,student_teacher_latent_2.0s,F,3,691,246,True,True,True,,0.004138249438256025,0.10081806778907776,,1.8333333333333333,1.0,1.0,10,21,,bc1951327f3fed7380cca9b613e6806605fe93db8a246f283b9d548b6228bc85,aec5e3cc09d2c9f0e7f7c280ca11ceeaeb35bb306ccf894e7571e84c449f0930,0.007166724186390638,0.04226875305175781,
privileged diagnostic after2s,W120,student_teacher_latent_2.0s,F,3,692,247,True,True,True,,0.0036278238985687494,0.10349079221487045,,1.8333333333333333,1.0,1.0,10,21,,bc1951327f3fed7380cca9b613e6806605fe93db8a246f283b9d548b6228bc85,aec5e3cc09d2c9f0e7f7c280ca11ceeaeb35bb306ccf894e7571e84c449f0930,0.006345535162836313,0.04024868458509445,
privileged diagnostic after2s,W120,student_teacher_latent_2.0s,F,3,693,248,True,True,True,,0.004931100644171238,0.19743655622005463,,1.8333333333333333,1.0,1.0,10,21,,bc1951327f3fed7380cca9b613e6806605fe93db8a246f283b9d548b6228bc85,aec5e3cc09d2c9f0e7f7c280ca11ceeaeb35bb306ccf894e7571e84c449f0930,0.00669880723580718,0.04637279361486435,
privileged diagnostic after2s,W120,student_teacher_latent_2.0s,F,3,696,249,False,False,False,body/invalid,0.04421545937657356,1.8496981859207153,2.933333333333333,1.8333333333333333,1.0,1.0,0,1,,bc1951327f3fed7380cca9b613e6806605fe93db8a246f283b9d548b6228bc85,aec5e3cc09d2c9f0e7f7c280ca11ceeaeb35bb306ccf894e7571e84c449f0930,0.011855619959533215,0.049949176609516144,
privileged diagnostic after2s,W120,student_teacher_latent_2.0s,F,3,697,250,True,True,True,,0.0037971362471580505,0.14966288208961487,,1.8333333333333333,1.0,1.0,11,22,,bc1951327f3fed7380cca9b613e6806605fe93db8a246f283b9d548b6228bc85,aec5e3cc09d2c9f0e7f7c280ca11ceeaeb35bb306ccf894e7571e84c449f0930,0.0055420598946511745,0.04688392952084541,
privileged diagnostic after2s,W120,student_teacher_latent_2.0s,F,3,699,251,False,False,False,body/invalid,0.049145542085170746,1.9236092567443848,1.7,,1.0,1.0,0,0,,bc1951327f3fed7380cca9b613e6806605fe93db8a246f283b9d548b6228bc85,aec5e3cc09d2c9f0e7f7c280ca11ceeaeb35bb306ccf894e7571e84c449f0930,0.009676187299191952,0.040000006556510925,
privileged diagnostic after2s,W120,student_teacher_latent_2.0s,F,3,701,252,False,False,False,body/invalid,0.05671793967485428,1.841421365737915,1.7666666666666666,1.8333333333333333,1.0,1.0,0,1,,bc1951327f3fed7380cca9b613e6806605fe93db8a246f283b9d548b6228bc85,aec5e3cc09d2c9f0e7f7c280ca11ceeaeb35bb306ccf894e7571e84c449f0930,0.014801926910877228,0.04450695961713791,
privileged diagnostic after2s,W120,student_teacher_latent_2.0s,F,3,702,253,False,False,False,body/invalid,0.04603303596377373,1.5928640365600586,1.5333333333333334,,1.0,1.0,0,0,,bc1951327f3fed7380cca9b613e6806605fe93db8a246f283b9d548b6228bc85,aec5e3cc09d2c9f0e7f7c280ca11ceeaeb35bb306ccf894e7571e84c449f0930,0.011457390151917934,0.040000006556510925,
privileged diagnostic after2s,W120,student_teacher_latent_2.0s,F,3,706,254,True,True,True,,0.0049651749432086945,0.11239424347877502,,1.8666666666666667,1.0,1.0,2,4,,bc1951327f3fed7380cca9b613e6806605fe93db8a246f283b9d548b6228bc85,aec5e3cc09d2c9f0e7f7c280ca11ceeaeb35bb306ccf894e7571e84c449f0930,0.03368186578154564,0.04313439875841141,
privileged diagnostic after2s,W120,student_teacher_latent_2.0s,F,3,708,255,True,True,True,,0.003942448645830154,0.09692811965942383,,1.8333333333333333,1.0,1.0,10,21,,bc1951327f3fed7380cca9b613e6806605fe93db8a246f283b9d548b6228bc85,aec5e3cc09d2c9f0e7f7c280ca11ceeaeb35bb306ccf894e7571e84c449f0930,0.0070699905045330524,0.047661058604717255,
