model,protocol,source,trial,success,body_stable,alive,first_body_breach_sec,endpoint_holds,cycles,cohort_sha256
teacher,S2,0,0,True,True,True,20.0,1111111111,,a47be7464659f75e69ef6f7165a7b057a0fd433ed180af76723f9bb5e1576a82
teacher,S2,0,1,True,True,True,20.0,1111111111,,a47be7464659f75e69ef6f7165a7b057a0fd433ed180af76723f9bb5e1576a82
teacher,S2,0,2,True,True,True,20.0,1111111111,,a47be7464659f75e69ef6f7165a7b057a0fd433ed180af76723f9bb5e1576a82
teacher,S2,0,3,True,True,True,20.0,1111111111,,a47be7464659f75e69ef6f7165a7b057a0fd433ed180af76723f9bb5e1576a82
teacher,S2,0,4,True,True,True,20.0,1111111111,,a47be7464659f75e69ef6f7165a7b057a0fd433ed180af76723f9bb5e1576a82
teacher,S2,0,5,True,True,True,20.0,1111111111,,a47be7464659f75e69ef6f7165a7b057a0fd433ed180af76723f9bb5e1576a82
teacher,S2,0,6,True,True,True,20.0,1111111111,,a47be7464659f75e69ef6f7165a7b057a0fd433ed180af76723f9bb5e1576a82
teacher,S2,0,7,True,True,True,20.0,1111111111,,a47be7464659f75e69ef6f7165a7b057a0fd433ed180af76723f9bb5e1576a82
teacher,S2,0,8,True,True,True,20.0,1111111111,,a47be7464659f75e69ef6f7165a7b057a0fd433ed180af76723f9bb5e1576a82
teacher,S2,0,9,True,True,True,20.0,1111111111,,a47be7464659f75e69ef6f7165a7b057a0fd433ed180af76723f9bb5e1576a82
teacher,S2,0,10,True,True,True,20.0,1111111111,,a47be7464659f75e69ef6f7165a7b057a0fd433ed180af76723f9bb5e1576a82
teacher,S2,0,11,True,True,True,20.0,1111111111,,a47be7464659f75e69ef6f7165a7b057a0fd433ed180af76723f9bb5e1576a82
teacher,S2,0,12,True,True,True,20.0,1111111111,,a47be7464659f75e69ef6f7165a7b057a0fd433ed180af76723f9bb5e1576a82
teacher,S2,0,13,True,True,True,20.0,1111111111,,a47be7464659f75e69ef6f7165a7b057a0fd433ed180af76723f9bb5e1576a82
teacher,S2,0,14,True,True,True,20.0,1111111111,,a47be7464659f75e69ef6f7165a7b057a0fd433ed180af76723f9bb5e1576a82
teacher,S2,0,15,True,True,True,20.0,1111111111,,a47be7464659f75e69ef6f7165a7b057a0fd433ed180af76723f9bb5e1576a82
teacher,S2,0,16,True,True,True,20.0,1111111111,,a47be7464659f75e69ef6f7165a7b057a0fd433ed180af76723f9bb5e1576a82
teacher,S2,0,17,True,True,True,20.0,1111111111,,a47be7464659f75e69ef6f7165a7b057a0fd433ed180af76723f9bb5e1576a82
teacher,S2,0,18,True,True,True,20.0,1111111111,,a47be7464659f75e69ef6f7165a7b057a0fd433ed180af76723f9bb5e1576a82
teacher,S2,0,19,True,True,True,20.0,1111111111,,a47be7464659f75e69ef6f7165a7b057a0fd433ed180af76723f9bb5e1576a82
teacher,S2,0,20,True,True,True,20.0,1111111111,,a47be7464659f75e69ef6f7165a7b057a0fd433ed180af76723f9bb5e1576a82
teacher,S2,0,21,True,True,True,20.0,1111111111,,a47be7464659f75e69ef6f7165a7b057a0fd433ed180af76723f9bb5e1576a82
teacher,S2,0,22,True,True,True,20.0,1111111111,,a47be7464659f75e69ef6f7165a7b057a0fd433ed180af76723f9bb5e1576a82
teacher,S2,0,23,True,True,True,20.0,1111111111,,a47be7464659f75e69ef6f7165a7b057a0fd433ed180af76723f9bb5e1576a82
teacher,S2,0,24,True,True,True,20.0,1111111111,,a47be7464659f75e69ef6f7165a7b057a0fd433ed180af76723f9bb5e1576a82
teacher,S2,0,25,True,True,True,20.0,1111111111,,a47be7464659f75e69ef6f7165a7b057a0fd433ed180af76723f9bb5e1576a82
teacher,S2,0,26,True,True,True,20.0,1111111111,,a47be7464659f75e69ef6f7165a7b057a0fd433ed180af76723f9bb5e1576a82
teacher,S2,0,27,True,True,True,20.0,1111111111,,a47be7464659f75e69ef6f7165a7b057a0fd433ed180af76723f9bb5e1576a82
teacher,S2,0,28,True,True,True,20.0,1111111111,,a47be7464659f75e69ef6f7165a7b057a0fd433ed180af76723f9bb5e1576a82
teacher,S2,0,29,True,True,True,20.0,1111111111,,a47be7464659f75e69ef6f7165a7b057a0fd433ed180af76723f9bb5e1576a82
teacher,S2,0,30,True,True,True,20.0,1111111111,,a47be7464659f75e69ef6f7165a7b057a0fd433ed180af76723f9bb5e1576a82
teacher,S2,0,31,True,True,True,20.0,1111111111,,a47be7464659f75e69ef6f7165a7b057a0fd433ed180af76723f9bb5e1576a82
teacher,S2,0,32,True,True,True,20.0,1111111111,,a47be7464659f75e69ef6f7165a7b057a0fd433ed180af76723f9bb5e1576a82
teacher,S2,0,33,True,True,True,20.0,1111111111,,a47be7464659f75e69ef6f7165a7b057a0fd433ed180af76723f9bb5e1576a82
teacher,S2,0,34,True,True,True,20.0,1111111111,,a47be7464659f75e69ef6f7165a7b057a0fd433ed180af76723f9bb5e1576a82
teacher,S2,0,35,True,True,True,20.0,1111111111,,a47be7464659f75e69ef6f7165a7b057a0fd433ed180af76723f9bb5e1576a82
teacher,S2,0,36,True,True,True,20.0,1111111111,,a47be7464659f75e69ef6f7165a7b057a0fd433ed180af76723f9bb5e1576a82
teacher,S2,0,37,True,True,True,20.0,1111111111,,a47be7464659f75e69ef6f7165a7b057a0fd433ed180af76723f9bb5e1576a82
teacher,S2,0,38,True,True,True,20.0,1111111111,,a47be7464659f75e69ef6f7165a7b057a0fd433ed180af76723f9bb5e1576a82
teacher,S2,0,39,True,True,True,20.0,1111111111,,a47be7464659f75e69ef6f7165a7b057a0fd433ed180af76723f9bb5e1576a82
teacher,S2,0,40,True,True,True,20.0,1111111111,,a47be7464659f75e69ef6f7165a7b057a0fd433ed180af76723f9bb5e1576a82
teacher,S2,0,41,True,True,True,20.0,1111111111,,a47be7464659f75e69ef6f7165a7b057a0fd433ed180af76723f9bb5e1576a82
teacher,S2,0,42,True,True,True,20.0,1111111111,,a47be7464659f75e69ef6f7165a7b057a0fd433ed180af76723f9bb5e1576a82
teacher,S2,0,43,True,True,True,20.0,1111111111,,a47be7464659f75e69ef6f7165a7b057a0fd433ed180af76723f9bb5e1576a82
teacher,S2,0,44,True,True,True,20.0,1111111111,,a47be7464659f75e69ef6f7165a7b057a0fd433ed180af76723f9bb5e1576a82
teacher,S2,0,45,True,True,True,20.0,1111111111,,a47be7464659f75e69ef6f7165a7b057a0fd433ed180af76723f9bb5e1576a82
teacher,S2,0,46,True,True,True,20.0,1111111111,,a47be7464659f75e69ef6f7165a7b057a0fd433ed180af76723f9bb5e1576a82
teacher,S2,0,47,True,True,True,20.0,1111111111,,a47be7464659f75e69ef6f7165a7b057a0fd433ed180af76723f9bb5e1576a82
teacher,S2,0,48,True,True,True,20.0,1111111111,,a47be7464659f75e69ef6f7165a7b057a0fd433ed180af76723f9bb5e1576a82
teacher,S2,0,49,True,True,True,20.0,1111111111,,a47be7464659f75e69ef6f7165a7b057a0fd433ed180af76723f9bb5e1576a82
teacher,S2,0,50,True,True,True,20.0,1111111111,,a47be7464659f75e69ef6f7165a7b057a0fd433ed180af76723f9bb5e1576a82
teacher,S2,0,51,True,True,True,20.0,1111111111,,a47be7464659f75e69ef6f7165a7b057a0fd433ed180af76723f9bb5e1576a82
teacher,S2,0,52,True,True,True,20.0,1111111111,,a47be7464659f75e69ef6f7165a7b057a0fd433ed180af76723f9bb5e1576a82
teacher,S2,0,53,True,True,True,20.0,1111111111,,a47be7464659f75e69ef6f7165a7b057a0fd433ed180af76723f9bb5e1576a82
teacher,S2,0,54,True,True,True,20.0,1111111111,,a47be7464659f75e69ef6f7165a7b057a0fd433ed180af76723f9bb5e1576a82
teacher,S2,0,55,True,True,True,20.0,1111111111,,a47be7464659f75e69ef6f7165a7b057a0fd433ed180af76723f9bb5e1576a82
teacher,S2,0,56,True,True,True,20.0,1111111111,,a47be7464659f75e69ef6f7165a7b057a0fd433ed180af76723f9bb5e1576a82
teacher,S2,0,57,True,True,True,20.0,1111111111,,a47be7464659f75e69ef6f7165a7b057a0fd433ed180af76723f9bb5e1576a82
teacher,S2,0,58,True,True,True,20.0,1111111111,,a47be7464659f75e69ef6f7165a7b057a0fd433ed180af76723f9bb5e1576a82
teacher,S2,0,59,True,True,True,20.0,1111111111,,a47be7464659f75e69ef6f7165a7b057a0fd433ed180af76723f9bb5e1576a82
teacher,S2,0,60,True,True,True,20.0,1111111111,,a47be7464659f75e69ef6f7165a7b057a0fd433ed180af76723f9bb5e1576a82
teacher,S2,0,61,True,True,True,20.0,1111111111,,a47be7464659f75e69ef6f7165a7b057a0fd433ed180af76723f9bb5e1576a82
teacher,S2,0,62,True,True,True,20.0,1111111111,,a47be7464659f75e69ef6f7165a7b057a0fd433ed180af76723f9bb5e1576a82
teacher,S2,0,63,True,True,True,20.0,1111111111,,a47be7464659f75e69ef6f7165a7b057a0fd433ed180af76723f9bb5e1576a82
teacher,S2,0,64,True,True,True,20.0,1111111111,,a47be7464659f75e69ef6f7165a7b057a0fd433ed180af76723f9bb5e1576a82
teacher,S2,0,65,True,True,True,20.0,1111111111,,a47be7464659f75e69ef6f7165a7b057a0fd433ed180af76723f9bb5e1576a82
teacher,S2,0,66,True,True,True,20.0,1111111111,,a47be7464659f75e69ef6f7165a7b057a0fd433ed180af76723f9bb5e1576a82
teacher,S2,0,67,True,True,True,20.0,1111111111,,a47be7464659f75e69ef6f7165a7b057a0fd433ed180af76723f9bb5e1576a82
teacher,S2,0,68,True,True,True,20.0,1111111111,,a47be7464659f75e69ef6f7165a7b057a0fd433ed180af76723f9bb5e1576a82
teacher,S2,0,69,True,True,True,20.0,1111111111,,a47be7464659f75e69ef6f7165a7b057a0fd433ed180af76723f9bb5e1576a82
teacher,S2,0,70,True,True,True,20.0,1111111111,,a47be7464659f75e69ef6f7165a7b057a0fd433ed180af76723f9bb5e1576a82
teacher,S2,0,71,True,True,True,20.0,1111111111,,a47be7464659f75e69ef6f7165a7b057a0fd433ed180af76723f9bb5e1576a82
teacher,S2,0,72,True,True,True,20.0,1111111111,,a47be7464659f75e69ef6f7165a7b057a0fd433ed180af76723f9bb5e1576a82
teacher,S2,0,73,True,True,True,20.0,1111111111,,a47be7464659f75e69ef6f7165a7b057a0fd433ed180af76723f9bb5e1576a82
teacher,S2,0,74,True,True,True,20.0,1111111111,,a47be7464659f75e69ef6f7165a7b057a0fd433ed180af76723f9bb5e1576a82
teacher,S2,0,75,True,True,True,20.0,1111111111,,a47be7464659f75e69ef6f7165a7b057a0fd433ed180af76723f9bb5e1576a82
teacher,S2,0,76,True,True,True,20.0,1111111111,,a47be7464659f75e69ef6f7165a7b057a0fd433ed180af76723f9bb5e1576a82
teacher,S2,0,77,True,True,True,20.0,1111111111,,a47be7464659f75e69ef6f7165a7b057a0fd433ed180af76723f9bb5e1576a82
teacher,S2,0,78,True,True,True,20.0,1111111111,,a47be7464659f75e69ef6f7165a7b057a0fd433ed180af76723f9bb5e1576a82
teacher,S2,0,79,True,True,True,20.0,1111111111,,a47be7464659f75e69ef6f7165a7b057a0fd433ed180af76723f9bb5e1576a82
teacher,S2,0,80,True,True,True,20.0,1111111111,,a47be7464659f75e69ef6f7165a7b057a0fd433ed180af76723f9bb5e1576a82
teacher,S2,0,81,True,True,True,20.0,1111111111,,a47be7464659f75e69ef6f7165a7b057a0fd433ed180af76723f9bb5e1576a82
teacher,S2,0,82,True,True,True,20.0,1111111111,,a47be7464659f75e69ef6f7165a7b057a0fd433ed180af76723f9bb5e1576a82
teacher,S2,0,83,True,True,True,20.0,1111111111,,a47be7464659f75e69ef6f7165a7b057a0fd433ed180af76723f9bb5e1576a82
teacher,S2,0,84,True,True,True,20.0,1111111111,,a47be7464659f75e69ef6f7165a7b057a0fd433ed180af76723f9bb5e1576a82
teacher,S2,0,85,True,True,True,20.0,1111111111,,a47be7464659f75e69ef6f7165a7b057a0fd433ed180af76723f9bb5e1576a82
teacher,S2,0,86,True,True,True,20.0,1111111111,,a47be7464659f75e69ef6f7165a7b057a0fd433ed180af76723f9bb5e1576a82
teacher,S2,0,87,True,True,True,20.0,1111111111,,a47be7464659f75e69ef6f7165a7b057a0fd433ed180af76723f9bb5e1576a82
teacher,S2,0,88,True,True,True,20.0,1111111111,,a47be7464659f75e69ef6f7165a7b057a0fd433ed180af76723f9bb5e1576a82
teacher,S2,0,89,True,True,True,20.0,1111111111,,a47be7464659f75e69ef6f7165a7b057a0fd433ed180af76723f9bb5e1576a82
teacher,S2,0,90,True,True,True,20.0,1111111111,,a47be7464659f75e69ef6f7165a7b057a0fd433ed180af76723f9bb5e1576a82
teacher,S2,0,91,True,True,True,20.0,1111111111,,a47be7464659f75e69ef6f7165a7b057a0fd433ed180af76723f9bb5e1576a82
teacher,S2,0,92,True,True,True,20.0,1111111111,,a47be7464659f75e69ef6f7165a7b057a0fd433ed180af76723f9bb5e1576a82
teacher,S2,0,93,True,True,True,20.0,1111111111,,a47be7464659f75e69ef6f7165a7b057a0fd433ed180af76723f9bb5e1576a82
teacher,S2,0,94,True,True,True,20.0,1111111111,,a47be7464659f75e69ef6f7165a7b057a0fd433ed180af76723f9bb5e1576a82
teacher,S2,0,95,True,True,True,20.0,1111111111,,a47be7464659f75e69ef6f7165a7b057a0fd433ed180af76723f9bb5e1576a82
teacher,S2,0,96,True,True,True,20.0,1111111111,,a47be7464659f75e69ef6f7165a7b057a0fd433ed180af76723f9bb5e1576a82
teacher,S2,0,97,True,True,True,20.0,1111111111,,a47be7464659f75e69ef6f7165a7b057a0fd433ed180af76723f9bb5e1576a82
teacher,S2,0,98,True,True,True,20.0,1111111111,,a47be7464659f75e69ef6f7165a7b057a0fd433ed180af76723f9bb5e1576a82
teacher,S2,0,99,True,True,True,20.0,1111111111,,a47be7464659f75e69ef6f7165a7b057a0fd433ed180af76723f9bb5e1576a82
teacher,S2,0,100,True,True,True,20.0,1111111111,,a47be7464659f75e69ef6f7165a7b057a0fd433ed180af76723f9bb5e1576a82
teacher,S2,0,101,True,True,True,20.0,1111111111,,a47be7464659f75e69ef6f7165a7b057a0fd433ed180af76723f9bb5e1576a82
teacher,S2,0,102,True,True,True,20.0,1111111111,,a47be7464659f75e69ef6f7165a7b057a0fd433ed180af76723f9bb5e1576a82
teacher,S2,0,103,True,True,True,20.0,1111111111,,a47be7464659f75e69ef6f7165a7b057a0fd433ed180af76723f9bb5e1576a82
teacher,S2,0,104,True,True,True,20.0,1111111111,,a47be7464659f75e69ef6f7165a7b057a0fd433ed180af76723f9bb5e1576a82
teacher,S2,0,105,True,True,True,20.0,1111111111,,a47be7464659f75e69ef6f7165a7b057a0fd433ed180af76723f9bb5e1576a82
teacher,S2,0,106,True,True,True,20.0,1111111111,,a47be7464659f75e69ef6f7165a7b057a0fd433ed180af76723f9bb5e1576a82
teacher,S2,0,107,True,True,True,20.0,1111111111,,a47be7464659f75e69ef6f7165a7b057a0fd433ed180af76723f9bb5e1576a82
teacher,S2,0,108,True,True,True,20.0,1111111111,,a47be7464659f75e69ef6f7165a7b057a0fd433ed180af76723f9bb5e1576a82
teacher,S2,0,109,True,True,True,20.0,1111111111,,a47be7464659f75e69ef6f7165a7b057a0fd433ed180af76723f9bb5e1576a82
teacher,S2,0,110,True,True,True,20.0,1111111111,,a47be7464659f75e69ef6f7165a7b057a0fd433ed180af76723f9bb5e1576a82
teacher,S2,0,111,True,True,True,20.0,1111111111,,a47be7464659f75e69ef6f7165a7b057a0fd433ed180af76723f9bb5e1576a82
teacher,S2,0,112,True,True,True,20.0,1111111111,,a47be7464659f75e69ef6f7165a7b057a0fd433ed180af76723f9bb5e1576a82
teacher,S2,0,113,True,True,True,20.0,1111111111,,a47be7464659f75e69ef6f7165a7b057a0fd433ed180af76723f9bb5e1576a82
teacher,S2,0,114,True,True,True,20.0,1111111111,,a47be7464659f75e69ef6f7165a7b057a0fd433ed180af76723f9bb5e1576a82
teacher,S2,0,115,True,True,True,20.0,1111111111,,a47be7464659f75e69ef6f7165a7b057a0fd433ed180af76723f9bb5e1576a82
teacher,S2,0,116,True,True,True,20.0,1111111111,,a47be7464659f75e69ef6f7165a7b057a0fd433ed180af76723f9bb5e1576a82
teacher,S2,0,117,True,True,True,20.0,1111111111,,a47be7464659f75e69ef6f7165a7b057a0fd433ed180af76723f9bb5e1576a82
teacher,S2,0,118,True,True,True,20.0,1111111111,,a47be7464659f75e69ef6f7165a7b057a0fd433ed180af76723f9bb5e1576a82
teacher,S2,0,119,True,True,True,20.0,1111111111,,a47be7464659f75e69ef6f7165a7b057a0fd433ed180af76723f9bb5e1576a82
teacher,S2,0,120,True,True,True,20.0,1111111111,,a47be7464659f75e69ef6f7165a7b057a0fd433ed180af76723f9bb5e1576a82
teacher,S2,0,121,True,True,True,20.0,1111111111,,a47be7464659f75e69ef6f7165a7b057a0fd433ed180af76723f9bb5e1576a82
teacher,S2,0,122,True,True,True,20.0,1111111111,,a47be7464659f75e69ef6f7165a7b057a0fd433ed180af76723f9bb5e1576a82
teacher,S2,0,123,True,True,True,20.0,1111111111,,a47be7464659f75e69ef6f7165a7b057a0fd433ed180af76723f9bb5e1576a82
teacher,S2,0,124,True,True,True,20.0,1111111111,,a47be7464659f75e69ef6f7165a7b057a0fd433ed180af76723f9bb5e1576a82
teacher,S2,0,125,True,True,True,20.0,1111111111,,a47be7464659f75e69ef6f7165a7b057a0fd433ed180af76723f9bb5e1576a82
teacher,S2,0,126,True,True,True,20.0,1111111111,,a47be7464659f75e69ef6f7165a7b057a0fd433ed180af76723f9bb5e1576a82
teacher,S2,0,127,True,True,True,20.0,1111111111,,a47be7464659f75e69ef6f7165a7b057a0fd433ed180af76723f9bb5e1576a82
teacher,S2,1,0,True,True,True,20.0,1111111111,,a47be7464659f75e69ef6f7165a7b057a0fd433ed180af76723f9bb5e1576a82
teacher,S2,1,1,True,True,True,20.0,1111111111,,a47be7464659f75e69ef6f7165a7b057a0fd433ed180af76723f9bb5e1576a82
teacher,S2,1,2,True,True,True,20.0,1111111111,,a47be7464659f75e69ef6f7165a7b057a0fd433ed180af76723f9bb5e1576a82
teacher,S2,1,3,True,True,True,20.0,1111111111,,a47be7464659f75e69ef6f7165a7b057a0fd433ed180af76723f9bb5e1576a82
teacher,S2,1,4,True,True,True,20.0,1111111111,,a47be7464659f75e69ef6f7165a7b057a0fd433ed180af76723f9bb5e1576a82
teacher,S2,1,5,True,True,True,20.0,1111111111,,a47be7464659f75e69ef6f7165a7b057a0fd433ed180af76723f9bb5e1576a82
teacher,S2,1,6,True,True,True,20.0,1111111111,,a47be7464659f75e69ef6f7165a7b057a0fd433ed180af76723f9bb5e1576a82
teacher,S2,1,7,True,True,True,20.0,1111111111,,a47be7464659f75e69ef6f7165a7b057a0fd433ed180af76723f9bb5e1576a82
teacher,S2,1,8,True,True,True,20.0,1111111111,,a47be7464659f75e69ef6f7165a7b057a0fd433ed180af76723f9bb5e1576a82
teacher,S2,1,9,True,True,True,20.0,1111111111,,a47be7464659f75e69ef6f7165a7b057a0fd433ed180af76723f9bb5e1576a82
teacher,S2,1,10,True,True,True,20.0,1111111111,,a47be7464659f75e69ef6f7165a7b057a0fd433ed180af76723f9bb5e1576a82
teacher,S2,1,11,True,True,True,20.0,1111111111,,a47be7464659f75e69ef6f7165a7b057a0fd433ed180af76723f9bb5e1576a82
teacher,S2,1,12,True,True,True,20.0,1111111111,,a47be7464659f75e69ef6f7165a7b057a0fd433ed180af76723f9bb5e1576a82
teacher,S2,1,13,True,True,True,20.0,1111111111,,a47be7464659f75e69ef6f7165a7b057a0fd433ed180af76723f9bb5e1576a82
teacher,S2,1,14,True,True,True,20.0,1111111111,,a47be7464659f75e69ef6f7165a7b057a0fd433ed180af76723f9bb5e1576a82
teacher,S2,1,15,True,True,True,20.0,1111111111,,a47be7464659f75e69ef6f7165a7b057a0fd433ed180af76723f9bb5e1576a82
teacher,S2,1,16,True,True,True,20.0,1111111111,,a47be7464659f75e69ef6f7165a7b057a0fd433ed180af76723f9bb5e1576a82
teacher,S2,1,17,True,True,True,20.0,1111111111,,a47be7464659f75e69ef6f7165a7b057a0fd433ed180af76723f9bb5e1576a82
teacher,S2,1,18,True,True,True,20.0,1111111111,,a47be7464659f75e69ef6f7165a7b057a0fd433ed180af76723f9bb5e1576a82
teacher,S2,1,19,True,True,True,20.0,1111111111,,a47be7464659f75e69ef6f7165a7b057a0fd433ed180af76723f9bb5e1576a82
teacher,S2,1,20,True,True,True,20.0,1111111111,,a47be7464659f75e69ef6f7165a7b057a0fd433ed180af76723f9bb5e1576a82
teacher,S2,1,21,True,True,True,20.0,1111111111,,a47be7464659f75e69ef6f7165a7b057a0fd433ed180af76723f9bb5e1576a82
teacher,S2,1,22,True,True,True,20.0,1111111111,,a47be7464659f75e69ef6f7165a7b057a0fd433ed180af76723f9bb5e1576a82
teacher,S2,1,23,True,True,True,20.0,1111111111,,a47be7464659f75e69ef6f7165a7b057a0fd433ed180af76723f9bb5e1576a82
teacher,S2,1,24,True,True,True,20.0,1111111111,,a47be7464659f75e69ef6f7165a7b057a0fd433ed180af76723f9bb5e1576a82
teacher,S2,1,25,True,True,True,20.0,1111111111,,a47be7464659f75e69ef6f7165a7b057a0fd433ed180af76723f9bb5e1576a82
teacher,S2,1,26,True,True,True,20.0,1111111111,,a47be7464659f75e69ef6f7165a7b057a0fd433ed180af76723f9bb5e1576a82
teacher,S2,1,27,True,True,True,20.0,1111111111,,a47be7464659f75e69ef6f7165a7b057a0fd433ed180af76723f9bb5e1576a82
teacher,S2,1,28,True,True,True,20.0,1111111111,,a47be7464659f75e69ef6f7165a7b057a0fd433ed180af76723f9bb5e1576a82
teacher,S2,1,29,True,True,True,20.0,1111111111,,a47be7464659f75e69ef6f7165a7b057a0fd433ed180af76723f9bb5e1576a82
teacher,S2,1,30,True,True,True,20.0,1111111111,,a47be7464659f75e69ef6f7165a7b057a0fd433ed180af76723f9bb5e1576a82
teacher,S2,1,31,True,True,True,20.0,1111111111,,a47be7464659f75e69ef6f7165a7b057a0fd433ed180af76723f9bb5e1576a82
teacher,S2,1,32,True,True,True,20.0,1111111111,,a47be7464659f75e69ef6f7165a7b057a0fd433ed180af76723f9bb5e1576a82
teacher,S2,1,33,True,True,True,20.0,1111111111,,a47be7464659f75e69ef6f7165a7b057a0fd433ed180af76723f9bb5e1576a82
teacher,S2,1,34,True,True,True,20.0,1111111111,,a47be7464659f75e69ef6f7165a7b057a0fd433ed180af76723f9bb5e1576a82
teacher,S2,1,35,True,True,True,20.0,1111111111,,a47be7464659f75e69ef6f7165a7b057a0fd433ed180af76723f9bb5e1576a82
teacher,S2,1,36,True,True,True,20.0,1111111111,,a47be7464659f75e69ef6f7165a7b057a0fd433ed180af76723f9bb5e1576a82
teacher,S2,1,37,True,True,True,20.0,1111111111,,a47be7464659f75e69ef6f7165a7b057a0fd433ed180af76723f9bb5e1576a82
teacher,S2,1,38,True,True,True,20.0,1111111111,,a47be7464659f75e69ef6f7165a7b057a0fd433ed180af76723f9bb5e1576a82
teacher,S2,1,39,True,True,True,20.0,1111111111,,a47be7464659f75e69ef6f7165a7b057a0fd433ed180af76723f9bb5e1576a82
teacher,S2,1,40,True,True,True,20.0,1111111111,,a47be7464659f75e69ef6f7165a7b057a0fd433ed180af76723f9bb5e1576a82
teacher,S2,1,41,True,True,True,20.0,1111111111,,a47be7464659f75e69ef6f7165a7b057a0fd433ed180af76723f9bb5e1576a82
teacher,S2,1,42,True,True,True,20.0,1111111111,,a47be7464659f75e69ef6f7165a7b057a0fd433ed180af76723f9bb5e1576a82
teacher,S2,1,43,True,True,True,20.0,1111111111,,a47be7464659f75e69ef6f7165a7b057a0fd433ed180af76723f9bb5e1576a82
teacher,S2,1,44,True,True,True,20.0,1111111111,,a47be7464659f75e69ef6f7165a7b057a0fd433ed180af76723f9bb5e1576a82
teacher,S2,1,45,True,True,True,20.0,1111111111,,a47be7464659f75e69ef6f7165a7b057a0fd433ed180af76723f9bb5e1576a82
teacher,S2,1,46,True,True,True,20.0,1111111111,,a47be7464659f75e69ef6f7165a7b057a0fd433ed180af76723f9bb5e1576a82
teacher,S2,1,47,True,True,True,20.0,1111111111,,a47be7464659f75e69ef6f7165a7b057a0fd433ed180af76723f9bb5e1576a82
teacher,S2,1,48,True,True,True,20.0,1111111111,,a47be7464659f75e69ef6f7165a7b057a0fd433ed180af76723f9bb5e1576a82
teacher,S2,1,49,True,True,True,20.0,1111111111,,a47be7464659f75e69ef6f7165a7b057a0fd433ed180af76723f9bb5e1576a82
teacher,S2,1,50,True,True,True,20.0,1111111111,,a47be7464659f75e69ef6f7165a7b057a0fd433ed180af76723f9bb5e1576a82
teacher,S2,1,51,True,True,True,20.0,1111111111,,a47be7464659f75e69ef6f7165a7b057a0fd433ed180af76723f9bb5e1576a82
teacher,S2,1,52,True,True,True,20.0,1111111111,,a47be7464659f75e69ef6f7165a7b057a0fd433ed180af76723f9bb5e1576a82
teacher,S2,1,53,True,True,True,20.0,1111111111,,a47be7464659f75e69ef6f7165a7b057a0fd433ed180af76723f9bb5e1576a82
teacher,S2,1,54,True,True,True,20.0,1111111111,,a47be7464659f75e69ef6f7165a7b057a0fd433ed180af76723f9bb5e1576a82
teacher,S2,1,55,True,True,True,20.0,1111111111,,a47be7464659f75e69ef6f7165a7b057a0fd433ed180af76723f9bb5e1576a82
teacher,S2,1,56,True,True,True,20.0,1111111111,,a47be7464659f75e69ef6f7165a7b057a0fd433ed180af76723f9bb5e1576a82
teacher,S2,1,57,True,True,True,20.0,1111111111,,a47be7464659f75e69ef6f7165a7b057a0fd433ed180af76723f9bb5e1576a82
teacher,S2,1,58,True,True,True,20.0,1111111111,,a47be7464659f75e69ef6f7165a7b057a0fd433ed180af76723f9bb5e1576a82
teacher,S2,1,59,True,True,True,20.0,1111111111,,a47be7464659f75e69ef6f7165a7b057a0fd433ed180af76723f9bb5e1576a82
teacher,S2,1,60,True,True,True,20.0,1111111111,,a47be7464659f75e69ef6f7165a7b057a0fd433ed180af76723f9bb5e1576a82
teacher,S2,1,61,True,True,True,20.0,1111111111,,a47be7464659f75e69ef6f7165a7b057a0fd433ed180af76723f9bb5e1576a82
teacher,S2,1,62,True,True,True,20.0,1111111111,,a47be7464659f75e69ef6f7165a7b057a0fd433ed180af76723f9bb5e1576a82
teacher,S2,1,63,True,True,True,20.0,1111111111,,a47be7464659f75e69ef6f7165a7b057a0fd433ed180af76723f9bb5e1576a82
teacher,S2,1,64,True,True,True,20.0,1111111111,,a47be7464659f75e69ef6f7165a7b057a0fd433ed180af76723f9bb5e1576a82
teacher,S2,1,65,True,True,True,20.0,1111111111,,a47be7464659f75e69ef6f7165a7b057a0fd433ed180af76723f9bb5e1576a82
teacher,S2,1,66,True,True,True,20.0,1111111111,,a47be7464659f75e69ef6f7165a7b057a0fd433ed180af76723f9bb5e1576a82
teacher,S2,1,67,True,True,True,20.0,1111111111,,a47be7464659f75e69ef6f7165a7b057a0fd433ed180af76723f9bb5e1576a82
teacher,S2,1,68,True,True,True,20.0,1111111111,,a47be7464659f75e69ef6f7165a7b057a0fd433ed180af76723f9bb5e1576a82
teacher,S2,1,69,True,True,True,20.0,1111111111,,a47be7464659f75e69ef6f7165a7b057a0fd433ed180af76723f9bb5e1576a82
teacher,S2,1,70,True,True,True,20.0,1111111111,,a47be7464659f75e69ef6f7165a7b057a0fd433ed180af76723f9bb5e1576a82
teacher,S2,1,71,True,True,True,20.0,1111111111,,a47be7464659f75e69ef6f7165a7b057a0fd433ed180af76723f9bb5e1576a82
teacher,S2,1,72,True,True,True,20.0,1111111111,,a47be7464659f75e69ef6f7165a7b057a0fd433ed180af76723f9bb5e1576a82
teacher,S2,1,73,True,True,True,20.0,1111111111,,a47be7464659f75e69ef6f7165a7b057a0fd433ed180af76723f9bb5e1576a82
teacher,S2,1,74,True,True,True,20.0,1111111111,,a47be7464659f75e69ef6f7165a7b057a0fd433ed180af76723f9bb5e1576a82
teacher,S2,1,75,True,True,True,20.0,1111111111,,a47be7464659f75e69ef6f7165a7b057a0fd433ed180af76723f9bb5e1576a82
teacher,S2,1,76,True,True,True,20.0,1111111111,,a47be7464659f75e69ef6f7165a7b057a0fd433ed180af76723f9bb5e1576a82
teacher,S2,1,77,True,True,True,20.0,1111111111,,a47be7464659f75e69ef6f7165a7b057a0fd433ed180af76723f9bb5e1576a82
teacher,S2,1,78,True,True,True,20.0,1111111111,,a47be7464659f75e69ef6f7165a7b057a0fd433ed180af76723f9bb5e1576a82
teacher,S2,1,79,True,True,True,20.0,1111111111,,a47be7464659f75e69ef6f7165a7b057a0fd433ed180af76723f9bb5e1576a82
teacher,S2,1,80,False,False,True,18.5,1111111111,,a47be7464659f75e69ef6f7165a7b057a0fd433ed180af76723f9bb5e1576a82
teacher,S2,1,81,True,True,True,20.0,1111111111,,a47be7464659f75e69ef6f7165a7b057a0fd433ed180af76723f9bb5e1576a82
teacher,S2,1,82,True,True,True,20.0,1111111111,,a47be7464659f75e69ef6f7165a7b057a0fd433ed180af76723f9bb5e1576a82
teacher,S2,1,83,True,True,True,20.0,1111111111,,a47be7464659f75e69ef6f7165a7b057a0fd433ed180af76723f9bb5e1576a82
teacher,S2,1,84,True,True,True,20.0,1111111111,,a47be7464659f75e69ef6f7165a7b057a0fd433ed180af76723f9bb5e1576a82
teacher,S2,1,85,True,True,True,20.0,1111111111,,a47be7464659f75e69ef6f7165a7b057a0fd433ed180af76723f9bb5e1576a82
teacher,S2,1,86,True,True,True,20.0,1111111111,,a47be7464659f75e69ef6f7165a7b057a0fd433ed180af76723f9bb5e1576a82
teacher,S2,1,87,True,True,True,20.0,1111111111,,a47be7464659f75e69ef6f7165a7b057a0fd433ed180af76723f9bb5e1576a82
teacher,S2,1,88,True,True,True,20.0,1111111111,,a47be7464659f75e69ef6f7165a7b057a0fd433ed180af76723f9bb5e1576a82
teacher,S2,1,89,True,True,True,20.0,1111111111,,a47be7464659f75e69ef6f7165a7b057a0fd433ed180af76723f9bb5e1576a82
teacher,S2,1,90,True,True,True,20.0,1111111111,,a47be7464659f75e69ef6f7165a7b057a0fd433ed180af76723f9bb5e1576a82
teacher,S2,1,91,True,True,True,20.0,1111111111,,a47be7464659f75e69ef6f7165a7b057a0fd433ed180af76723f9bb5e1576a82
teacher,S2,1,92,True,True,True,20.0,1111111111,,a47be7464659f75e69ef6f7165a7b057a0fd433ed180af76723f9bb5e1576a82
teacher,S2,1,93,True,True,True,20.0,1111111111,,a47be7464659f75e69ef6f7165a7b057a0fd433ed180af76723f9bb5e1576a82
teacher,S2,1,94,True,True,True,20.0,1111111111,,a47be7464659f75e69ef6f7165a7b057a0fd433ed180af76723f9bb5e1576a82
teacher,S2,1,95,True,True,True,20.0,1111111111,,a47be7464659f75e69ef6f7165a7b057a0fd433ed180af76723f9bb5e1576a82
teacher,S2,1,96,True,True,True,20.0,1111111111,,a47be7464659f75e69ef6f7165a7b057a0fd433ed180af76723f9bb5e1576a82
teacher,S2,1,97,True,True,True,20.0,1111111111,,a47be7464659f75e69ef6f7165a7b057a0fd433ed180af76723f9bb5e1576a82
teacher,S2,1,98,True,True,True,20.0,1111111111,,a47be7464659f75e69ef6f7165a7b057a0fd433ed180af76723f9bb5e1576a82
teacher,S2,1,99,True,True,True,20.0,1111111111,,a47be7464659f75e69ef6f7165a7b057a0fd433ed180af76723f9bb5e1576a82
teacher,S2,1,100,True,True,True,20.0,1111111111,,a47be7464659f75e69ef6f7165a7b057a0fd433ed180af76723f9bb5e1576a82
teacher,S2,1,101,True,True,True,20.0,1111111111,,a47be7464659f75e69ef6f7165a7b057a0fd433ed180af76723f9bb5e1576a82
teacher,S2,1,102,True,True,True,20.0,1111111111,,a47be7464659f75e69ef6f7165a7b057a0fd433ed180af76723f9bb5e1576a82
teacher,S2,1,103,True,True,True,20.0,1111111111,,a47be7464659f75e69ef6f7165a7b057a0fd433ed180af76723f9bb5e1576a82
teacher,S2,1,104,True,True,True,20.0,1111111111,,a47be7464659f75e69ef6f7165a7b057a0fd433ed180af76723f9bb5e1576a82
teacher,S2,1,105,True,True,True,20.0,1111111111,,a47be7464659f75e69ef6f7165a7b057a0fd433ed180af76723f9bb5e1576a82
teacher,S2,1,106,True,True,True,20.0,1111111111,,a47be7464659f75e69ef6f7165a7b057a0fd433ed180af76723f9bb5e1576a82
teacher,S2,1,107,True,True,True,20.0,1111111111,,a47be7464659f75e69ef6f7165a7b057a0fd433ed180af76723f9bb5e1576a82
teacher,S2,1,108,True,True,True,20.0,1111111111,,a47be7464659f75e69ef6f7165a7b057a0fd433ed180af76723f9bb5e1576a82
teacher,S2,1,109,True,True,True,20.0,1111111111,,a47be7464659f75e69ef6f7165a7b057a0fd433ed180af76723f9bb5e1576a82
teacher,S2,1,110,True,True,True,20.0,1111111111,,a47be7464659f75e69ef6f7165a7b057a0fd433ed180af76723f9bb5e1576a82
teacher,S2,1,111,True,True,True,20.0,1111111111,,a47be7464659f75e69ef6f7165a7b057a0fd433ed180af76723f9bb5e1576a82
teacher,S2,1,112,True,True,True,20.0,1111111111,,a47be7464659f75e69ef6f7165a7b057a0fd433ed180af76723f9bb5e1576a82
teacher,S2,1,113,True,True,True,20.0,1111111111,,a47be7464659f75e69ef6f7165a7b057a0fd433ed180af76723f9bb5e1576a82
teacher,S2,1,114,True,True,True,20.0,1111111111,,a47be7464659f75e69ef6f7165a7b057a0fd433ed180af76723f9bb5e1576a82
teacher,S2,1,115,True,True,True,20.0,1111111111,,a47be7464659f75e69ef6f7165a7b057a0fd433ed180af76723f9bb5e1576a82
teacher,S2,1,116,True,True,True,20.0,1111111111,,a47be7464659f75e69ef6f7165a7b057a0fd433ed180af76723f9bb5e1576a82
teacher,S2,1,117,True,True,True,20.0,1111111111,,a47be7464659f75e69ef6f7165a7b057a0fd433ed180af76723f9bb5e1576a82
teacher,S2,1,118,True,True,True,20.0,1111111111,,a47be7464659f75e69ef6f7165a7b057a0fd433ed180af76723f9bb5e1576a82
teacher,S2,1,119,True,True,True,20.0,1111111111,,a47be7464659f75e69ef6f7165a7b057a0fd433ed180af76723f9bb5e1576a82
teacher,S2,1,120,True,True,True,20.0,1111111111,,a47be7464659f75e69ef6f7165a7b057a0fd433ed180af76723f9bb5e1576a82
teacher,S2,1,121,True,True,True,20.0,1111111111,,a47be7464659f75e69ef6f7165a7b057a0fd433ed180af76723f9bb5e1576a82
teacher,S2,1,122,True,True,True,20.0,1111111111,,a47be7464659f75e69ef6f7165a7b057a0fd433ed180af76723f9bb5e1576a82
teacher,S2,1,123,True,True,True,20.0,1111111111,,a47be7464659f75e69ef6f7165a7b057a0fd433ed180af76723f9bb5e1576a82
teacher,S2,1,124,True,True,True,20.0,1111111111,,a47be7464659f75e69ef6f7165a7b057a0fd433ed180af76723f9bb5e1576a82
teacher,S2,1,125,True,True,True,20.0,1111111111,,a47be7464659f75e69ef6f7165a7b057a0fd433ed180af76723f9bb5e1576a82
teacher,S2,1,126,True,True,True,20.0,1111111111,,a47be7464659f75e69ef6f7165a7b057a0fd433ed180af76723f9bb5e1576a82
teacher,S2,1,127,True,True,True,20.0,1111111111,,a47be7464659f75e69ef6f7165a7b057a0fd433ed180af76723f9bb5e1576a82
teacher,S2,2,0,True,True,True,20.0,1111111111,,a47be7464659f75e69ef6f7165a7b057a0fd433ed180af76723f9bb5e1576a82
teacher,S2,2,1,True,True,True,20.0,1111111111,,a47be7464659f75e69ef6f7165a7b057a0fd433ed180af76723f9bb5e1576a82
teacher,S2,2,2,True,True,True,20.0,1111111111,,a47be7464659f75e69ef6f7165a7b057a0fd433ed180af76723f9bb5e1576a82
teacher,S2,2,3,True,True,True,20.0,1111111111,,a47be7464659f75e69ef6f7165a7b057a0fd433ed180af76723f9bb5e1576a82
teacher,S2,2,4,True,True,True,20.0,1111111111,,a47be7464659f75e69ef6f7165a7b057a0fd433ed180af76723f9bb5e1576a82
teacher,S2,2,5,True,True,True,20.0,1111111111,,a47be7464659f75e69ef6f7165a7b057a0fd433ed180af76723f9bb5e1576a82
teacher,S2,2,6,True,True,True,20.0,1111111111,,a47be7464659f75e69ef6f7165a7b057a0fd433ed180af76723f9bb5e1576a82
teacher,S2,2,7,True,True,True,20.0,1111111111,,a47be7464659f75e69ef6f7165a7b057a0fd433ed180af76723f9bb5e1576a82
teacher,S2,2,8,True,True,True,20.0,1111111111,,a47be7464659f75e69ef6f7165a7b057a0fd433ed180af76723f9bb5e1576a82
teacher,S2,2,9,True,True,True,20.0,1111111111,,a47be7464659f75e69ef6f7165a7b057a0fd433ed180af76723f9bb5e1576a82
teacher,S2,2,10,True,True,True,20.0,1111111111,,a47be7464659f75e69ef6f7165a7b057a0fd433ed180af76723f9bb5e1576a82
teacher,S2,2,11,True,True,True,20.0,1111111111,,a47be7464659f75e69ef6f7165a7b057a0fd433ed180af76723f9bb5e1576a82
teacher,S2,2,12,True,True,True,20.0,1111111111,,a47be7464659f75e69ef6f7165a7b057a0fd433ed180af76723f9bb5e1576a82
teacher,S2,2,13,False,True,True,20.0,1111111110,,a47be7464659f75e69ef6f7165a7b057a0fd433ed180af76723f9bb5e1576a82
teacher,S2,2,14,True,True,True,20.0,1111111111,,a47be7464659f75e69ef6f7165a7b057a0fd433ed180af76723f9bb5e1576a82
teacher,S2,2,15,True,True,True,20.0,1111111111,,a47be7464659f75e69ef6f7165a7b057a0fd433ed180af76723f9bb5e1576a82
teacher,S2,2,16,True,True,True,20.0,1111111111,,a47be7464659f75e69ef6f7165a7b057a0fd433ed180af76723f9bb5e1576a82
teacher,S2,2,17,True,True,True,20.0,1111111111,,a47be7464659f75e69ef6f7165a7b057a0fd433ed180af76723f9bb5e1576a82
teacher,S2,2,18,True,True,True,20.0,1111111111,,a47be7464659f75e69ef6f7165a7b057a0fd433ed180af76723f9bb5e1576a82
teacher,S2,2,19,True,True,True,20.0,1111111111,,a47be7464659f75e69ef6f7165a7b057a0fd433ed180af76723f9bb5e1576a82
teacher,S2,2,20,True,True,True,20.0,1111111111,,a47be7464659f75e69ef6f7165a7b057a0fd433ed180af76723f9bb5e1576a82
teacher,S2,2,21,True,True,True,20.0,1111111111,,a47be7464659f75e69ef6f7165a7b057a0fd433ed180af76723f9bb5e1576a82
teacher,S2,2,22,True,True,True,20.0,1111111111,,a47be7464659f75e69ef6f7165a7b057a0fd433ed180af76723f9bb5e1576a82
teacher,S2,2,23,True,True,True,20.0,1111111111,,a47be7464659f75e69ef6f7165a7b057a0fd433ed180af76723f9bb5e1576a82
teacher,S2,2,24,True,True,True,20.0,1111111111,,a47be7464659f75e69ef6f7165a7b057a0fd433ed180af76723f9bb5e1576a82
teacher,S2,2,25,True,True,True,20.0,1111111111,,a47be7464659f75e69ef6f7165a7b057a0fd433ed180af76723f9bb5e1576a82
teacher,S2,2,26,True,True,True,20.0,1111111111,,a47be7464659f75e69ef6f7165a7b057a0fd433ed180af76723f9bb5e1576a82
teacher,S2,2,27,True,True,True,20.0,1111111111,,a47be7464659f75e69ef6f7165a7b057a0fd433ed180af76723f9bb5e1576a82
teacher,S2,2,28,True,True,True,20.0,1111111111,,a47be7464659f75e69ef6f7165a7b057a0fd433ed180af76723f9bb5e1576a82
teacher,S2,2,29,True,True,True,20.0,1111111111,,a47be7464659f75e69ef6f7165a7b057a0fd433ed180af76723f9bb5e1576a82
teacher,S2,2,30,True,True,True,20.0,1111111111,,a47be7464659f75e69ef6f7165a7b057a0fd433ed180af76723f9bb5e1576a82
teacher,S2,2,31,True,True,True,20.0,1111111111,,a47be7464659f75e69ef6f7165a7b057a0fd433ed180af76723f9bb5e1576a82
teacher,S2,2,32,True,True,True,20.0,1111111111,,a47be7464659f75e69ef6f7165a7b057a0fd433ed180af76723f9bb5e1576a82
teacher,S2,2,33,True,True,True,20.0,1111111111,,a47be7464659f75e69ef6f7165a7b057a0fd433ed180af76723f9bb5e1576a82
teacher,S2,2,34,True,True,True,20.0,1111111111,,a47be7464659f75e69ef6f7165a7b057a0fd433ed180af76723f9bb5e1576a82
teacher,S2,2,35,True,True,True,20.0,1111111111,,a47be7464659f75e69ef6f7165a7b057a0fd433ed180af76723f9bb5e1576a82
teacher,S2,2,36,True,True,True,20.0,1111111111,,a47be7464659f75e69ef6f7165a7b057a0fd433ed180af76723f9bb5e1576a82
teacher,S2,2,37,True,True,True,20.0,1111111111,,a47be7464659f75e69ef6f7165a7b057a0fd433ed180af76723f9bb5e1576a82
teacher,S2,2,38,True,True,True,20.0,1111111111,,a47be7464659f75e69ef6f7165a7b057a0fd433ed180af76723f9bb5e1576a82
teacher,S2,2,39,True,True,True,20.0,1111111111,,a47be7464659f75e69ef6f7165a7b057a0fd433ed180af76723f9bb5e1576a82
teacher,S2,2,40,True,True,True,20.0,1111111111,,a47be7464659f75e69ef6f7165a7b057a0fd433ed180af76723f9bb5e1576a82
teacher,S2,2,41,True,True,True,20.0,1111111111,,a47be7464659f75e69ef6f7165a7b057a0fd433ed180af76723f9bb5e1576a82
teacher,S2,2,42,True,True,True,20.0,1111111111,,a47be7464659f75e69ef6f7165a7b057a0fd433ed180af76723f9bb5e1576a82
teacher,S2,2,43,True,True,True,20.0,1111111111,,a47be7464659f75e69ef6f7165a7b057a0fd433ed180af76723f9bb5e1576a82
teacher,S2,2,44,True,True,True,20.0,1111111111,,a47be7464659f75e69ef6f7165a7b057a0fd433ed180af76723f9bb5e1576a82
teacher,S2,2,45,True,True,True,20.0,1111111111,,a47be7464659f75e69ef6f7165a7b057a0fd433ed180af76723f9bb5e1576a82
teacher,S2,2,46,True,True,True,20.0,1111111111,,a47be7464659f75e69ef6f7165a7b057a0fd433ed180af76723f9bb5e1576a82
teacher,S2,2,47,True,True,True,20.0,1111111111,,a47be7464659f75e69ef6f7165a7b057a0fd433ed180af76723f9bb5e1576a82
teacher,S2,2,48,True,True,True,20.0,1111111111,,a47be7464659f75e69ef6f7165a7b057a0fd433ed180af76723f9bb5e1576a82
teacher,S2,2,49,True,True,True,20.0,1111111111,,a47be7464659f75e69ef6f7165a7b057a0fd433ed180af76723f9bb5e1576a82
teacher,S2,2,50,True,True,True,20.0,1111111111,,a47be7464659f75e69ef6f7165a7b057a0fd433ed180af76723f9bb5e1576a82
teacher,S2,2,51,True,True,True,20.0,1111111111,,a47be7464659f75e69ef6f7165a7b057a0fd433ed180af76723f9bb5e1576a82
teacher,S2,2,52,True,True,True,20.0,1111111111,,a47be7464659f75e69ef6f7165a7b057a0fd433ed180af76723f9bb5e1576a82
teacher,S2,2,53,True,True,True,20.0,1111111111,,a47be7464659f75e69ef6f7165a7b057a0fd433ed180af76723f9bb5e1576a82
teacher,S2,2,54,True,True,True,20.0,1111111111,,a47be7464659f75e69ef6f7165a7b057a0fd433ed180af76723f9bb5e1576a82
teacher,S2,2,55,True,True,True,20.0,1111111111,,a47be7464659f75e69ef6f7165a7b057a0fd433ed180af76723f9bb5e1576a82
teacher,S2,2,56,True,True,True,20.0,1111111111,,a47be7464659f75e69ef6f7165a7b057a0fd433ed180af76723f9bb5e1576a82
teacher,S2,2,57,True,True,True,20.0,1111111111,,a47be7464659f75e69ef6f7165a7b057a0fd433ed180af76723f9bb5e1576a82
teacher,S2,2,58,True,True,True,20.0,1111111111,,a47be7464659f75e69ef6f7165a7b057a0fd433ed180af76723f9bb5e1576a82
teacher,S2,2,59,True,True,True,20.0,1111111111,,a47be7464659f75e69ef6f7165a7b057a0fd433ed180af76723f9bb5e1576a82
teacher,S2,2,60,True,True,True,20.0,1111111111,,a47be7464659f75e69ef6f7165a7b057a0fd433ed180af76723f9bb5e1576a82
teacher,S2,2,61,True,True,True,20.0,1111111111,,a47be7464659f75e69ef6f7165a7b057a0fd433ed180af76723f9bb5e1576a82
teacher,S2,2,62,True,True,True,20.0,1111111111,,a47be7464659f75e69ef6f7165a7b057a0fd433ed180af76723f9bb5e1576a82
teacher,S2,2,63,True,True,True,20.0,1111111111,,a47be7464659f75e69ef6f7165a7b057a0fd433ed180af76723f9bb5e1576a82
teacher,S2,2,64,True,True,True,20.0,1111111111,,a47be7464659f75e69ef6f7165a7b057a0fd433ed180af76723f9bb5e1576a82
teacher,S2,2,65,True,True,True,20.0,1111111111,,a47be7464659f75e69ef6f7165a7b057a0fd433ed180af76723f9bb5e1576a82
teacher,S2,2,66,True,True,True,20.0,1111111111,,a47be7464659f75e69ef6f7165a7b057a0fd433ed180af76723f9bb5e1576a82
teacher,S2,2,67,True,True,True,20.0,1111111111,,a47be7464659f75e69ef6f7165a7b057a0fd433ed180af76723f9bb5e1576a82
teacher,S2,2,68,True,True,True,20.0,1111111111,,a47be7464659f75e69ef6f7165a7b057a0fd433ed180af76723f9bb5e1576a82
teacher,S2,2,69,True,True,True,20.0,1111111111,,a47be7464659f75e69ef6f7165a7b057a0fd433ed180af76723f9bb5e1576a82
teacher,S2,2,70,True,True,True,20.0,1111111111,,a47be7464659f75e69ef6f7165a7b057a0fd433ed180af76723f9bb5e1576a82
teacher,S2,2,71,True,True,True,20.0,1111111111,,a47be7464659f75e69ef6f7165a7b057a0fd433ed180af76723f9bb5e1576a82
teacher,S2,2,72,True,True,True,20.0,1111111111,,a47be7464659f75e69ef6f7165a7b057a0fd433ed180af76723f9bb5e1576a82
teacher,S2,2,73,True,True,True,20.0,1111111111,,a47be7464659f75e69ef6f7165a7b057a0fd433ed180af76723f9bb5e1576a82
teacher,S2,2,74,True,True,True,20.0,1111111111,,a47be7464659f75e69ef6f7165a7b057a0fd433ed180af76723f9bb5e1576a82
teacher,S2,2,75,True,True,True,20.0,1111111111,,a47be7464659f75e69ef6f7165a7b057a0fd433ed180af76723f9bb5e1576a82
teacher,S2,2,76,True,True,True,20.0,1111111111,,a47be7464659f75e69ef6f7165a7b057a0fd433ed180af76723f9bb5e1576a82
teacher,S2,2,77,True,True,True,20.0,1111111111,,a47be7464659f75e69ef6f7165a7b057a0fd433ed180af76723f9bb5e1576a82
teacher,S2,2,78,True,True,True,20.0,1111111111,,a47be7464659f75e69ef6f7165a7b057a0fd433ed180af76723f9bb5e1576a82
teacher,S2,2,79,True,True,True,20.0,1111111111,,a47be7464659f75e69ef6f7165a7b057a0fd433ed180af76723f9bb5e1576a82
teacher,S2,2,80,True,True,True,20.0,1111111111,,a47be7464659f75e69ef6f7165a7b057a0fd433ed180af76723f9bb5e1576a82
teacher,S2,2,81,True,True,True,20.0,1111111111,,a47be7464659f75e69ef6f7165a7b057a0fd433ed180af76723f9bb5e1576a82
teacher,S2,2,82,True,True,True,20.0,1111111111,,a47be7464659f75e69ef6f7165a7b057a0fd433ed180af76723f9bb5e1576a82
teacher,S2,2,83,True,True,True,20.0,1111111111,,a47be7464659f75e69ef6f7165a7b057a0fd433ed180af76723f9bb5e1576a82
teacher,S2,2,84,True,True,True,20.0,1111111111,,a47be7464659f75e69ef6f7165a7b057a0fd433ed180af76723f9bb5e1576a82
teacher,S2,2,85,True,True,True,20.0,1111111111,,a47be7464659f75e69ef6f7165a7b057a0fd433ed180af76723f9bb5e1576a82
teacher,S2,2,86,True,True,True,20.0,1111111111,,a47be7464659f75e69ef6f7165a7b057a0fd433ed180af76723f9bb5e1576a82
teacher,S2,2,87,True,True,True,20.0,1111111111,,a47be7464659f75e69ef6f7165a7b057a0fd433ed180af76723f9bb5e1576a82
teacher,S2,2,88,True,True,True,20.0,1111111111,,a47be7464659f75e69ef6f7165a7b057a0fd433ed180af76723f9bb5e1576a82
teacher,S2,2,89,True,True,True,20.0,1111111111,,a47be7464659f75e69ef6f7165a7b057a0fd433ed180af76723f9bb5e1576a82
teacher,S2,2,90,True,True,True,20.0,1111111111,,a47be7464659f75e69ef6f7165a7b057a0fd433ed180af76723f9bb5e1576a82
teacher,S2,2,91,True,True,True,20.0,1111111111,,a47be7464659f75e69ef6f7165a7b057a0fd433ed180af76723f9bb5e1576a82
teacher,S2,2,92,True,True,True,20.0,1111111111,,a47be7464659f75e69ef6f7165a7b057a0fd433ed180af76723f9bb5e1576a82
teacher,S2,2,93,False,True,True,20.0,1111110000,,a47be7464659f75e69ef6f7165a7b057a0fd433ed180af76723f9bb5e1576a82
teacher,S2,2,94,True,True,True,20.0,1111111111,,a47be7464659f75e69ef6f7165a7b057a0fd433ed180af76723f9bb5e1576a82
teacher,S2,2,95,True,True,True,20.0,1111111111,,a47be7464659f75e69ef6f7165a7b057a0fd433ed180af76723f9bb5e1576a82
teacher,S2,2,96,True,True,True,20.0,1111111111,,a47be7464659f75e69ef6f7165a7b057a0fd433ed180af76723f9bb5e1576a82
teacher,S2,2,97,True,True,True,20.0,1111111111,,a47be7464659f75e69ef6f7165a7b057a0fd433ed180af76723f9bb5e1576a82
teacher,S2,2,98,True,True,True,20.0,1111111111,,a47be7464659f75e69ef6f7165a7b057a0fd433ed180af76723f9bb5e1576a82
teacher,S2,2,99,True,True,True,20.0,1111111111,,a47be7464659f75e69ef6f7165a7b057a0fd433ed180af76723f9bb5e1576a82
teacher,S2,2,100,True,True,True,20.0,1111111111,,a47be7464659f75e69ef6f7165a7b057a0fd433ed180af76723f9bb5e1576a82
teacher,S2,2,101,True,True,True,20.0,1111111111,,a47be7464659f75e69ef6f7165a7b057a0fd433ed180af76723f9bb5e1576a82
teacher,S2,2,102,True,True,True,20.0,1111111111,,a47be7464659f75e69ef6f7165a7b057a0fd433ed180af76723f9bb5e1576a82
teacher,S2,2,103,True,True,True,20.0,1111111111,,a47be7464659f75e69ef6f7165a7b057a0fd433ed180af76723f9bb5e1576a82
teacher,S2,2,104,True,True,True,20.0,1111111111,,a47be7464659f75e69ef6f7165a7b057a0fd433ed180af76723f9bb5e1576a82
teacher,S2,2,105,True,True,True,20.0,1111111111,,a47be7464659f75e69ef6f7165a7b057a0fd433ed180af76723f9bb5e1576a82
teacher,S2,2,106,True,True,True,20.0,1111111111,,a47be7464659f75e69ef6f7165a7b057a0fd433ed180af76723f9bb5e1576a82
teacher,S2,2,107,True,True,True,20.0,1111111111,,a47be7464659f75e69ef6f7165a7b057a0fd433ed180af76723f9bb5e1576a82
teacher,S2,2,108,True,True,True,20.0,1111111111,,a47be7464659f75e69ef6f7165a7b057a0fd433ed180af76723f9bb5e1576a82
teacher,S2,2,109,True,True,True,20.0,1111111111,,a47be7464659f75e69ef6f7165a7b057a0fd433ed180af76723f9bb5e1576a82
teacher,S2,2,110,True,True,True,20.0,1111111111,,a47be7464659f75e69ef6f7165a7b057a0fd433ed180af76723f9bb5e1576a82
teacher,S2,2,111,True,True,True,20.0,1111111111,,a47be7464659f75e69ef6f7165a7b057a0fd433ed180af76723f9bb5e1576a82
teacher,S2,2,112,True,True,True,20.0,1111111111,,a47be7464659f75e69ef6f7165a7b057a0fd433ed180af76723f9bb5e1576a82
teacher,S2,2,113,True,True,True,20.0,1111111111,,a47be7464659f75e69ef6f7165a7b057a0fd433ed180af76723f9bb5e1576a82
teacher,S2,2,114,True,True,True,20.0,1111111111,,a47be7464659f75e69ef6f7165a7b057a0fd433ed180af76723f9bb5e1576a82
teacher,S2,2,115,True,True,True,20.0,1111111111,,a47be7464659f75e69ef6f7165a7b057a0fd433ed180af76723f9bb5e1576a82
teacher,S2,2,116,True,True,True,20.0,1111111111,,a47be7464659f75e69ef6f7165a7b057a0fd433ed180af76723f9bb5e1576a82
teacher,S2,2,117,True,True,True,20.0,1111111111,,a47be7464659f75e69ef6f7165a7b057a0fd433ed180af76723f9bb5e1576a82
teacher,S2,2,118,True,True,True,20.0,1111111111,,a47be7464659f75e69ef6f7165a7b057a0fd433ed180af76723f9bb5e1576a82
teacher,S2,2,119,True,True,True,20.0,1111111111,,a47be7464659f75e69ef6f7165a7b057a0fd433ed180af76723f9bb5e1576a82
teacher,S2,2,120,True,True,True,20.0,1111111111,,a47be7464659f75e69ef6f7165a7b057a0fd433ed180af76723f9bb5e1576a82
teacher,S2,2,121,True,True,True,20.0,1111111111,,a47be7464659f75e69ef6f7165a7b057a0fd433ed180af76723f9bb5e1576a82
teacher,S2,2,122,True,True,True,20.0,1111111111,,a47be7464659f75e69ef6f7165a7b057a0fd433ed180af76723f9bb5e1576a82
teacher,S2,2,123,True,True,True,20.0,1111111111,,a47be7464659f75e69ef6f7165a7b057a0fd433ed180af76723f9bb5e1576a82
teacher,S2,2,124,True,True,True,20.0,1111111111,,a47be7464659f75e69ef6f7165a7b057a0fd433ed180af76723f9bb5e1576a82
teacher,S2,2,125,True,True,True,20.0,1111111111,,a47be7464659f75e69ef6f7165a7b057a0fd433ed180af76723f9bb5e1576a82
teacher,S2,2,126,True,True,True,20.0,1111111111,,a47be7464659f75e69ef6f7165a7b057a0fd433ed180af76723f9bb5e1576a82
teacher,S2,2,127,True,True,True,20.0,1111111111,,a47be7464659f75e69ef6f7165a7b057a0fd433ed180af76723f9bb5e1576a82
teacher,S2,3,0,True,True,True,20.0,1111111111,,a47be7464659f75e69ef6f7165a7b057a0fd433ed180af76723f9bb5e1576a82
teacher,S2,3,1,True,True,True,20.0,1111111111,,a47be7464659f75e69ef6f7165a7b057a0fd433ed180af76723f9bb5e1576a82
teacher,S2,3,2,True,True,True,20.0,1111111111,,a47be7464659f75e69ef6f7165a7b057a0fd433ed180af76723f9bb5e1576a82
teacher,S2,3,3,True,True,True,20.0,1111111111,,a47be7464659f75e69ef6f7165a7b057a0fd433ed180af76723f9bb5e1576a82
teacher,S2,3,4,True,True,True,20.0,1111111111,,a47be7464659f75e69ef6f7165a7b057a0fd433ed180af76723f9bb5e1576a82
teacher,S2,3,5,True,True,True,20.0,1111111111,,a47be7464659f75e69ef6f7165a7b057a0fd433ed180af76723f9bb5e1576a82
teacher,S2,3,6,True,True,True,20.0,1111111111,,a47be7464659f75e69ef6f7165a7b057a0fd433ed180af76723f9bb5e1576a82
teacher,S2,3,7,False,True,True,20.0,1111111101,,a47be7464659f75e69ef6f7165a7b057a0fd433ed180af76723f9bb5e1576a82
teacher,S2,3,8,True,True,True,20.0,1111111111,,a47be7464659f75e69ef6f7165a7b057a0fd433ed180af76723f9bb5e1576a82
teacher,S2,3,9,True,True,True,20.0,1111111111,,a47be7464659f75e69ef6f7165a7b057a0fd433ed180af76723f9bb5e1576a82
teacher,S2,3,10,True,True,True,20.0,1111111111,,a47be7464659f75e69ef6f7165a7b057a0fd433ed180af76723f9bb5e1576a82
teacher,S2,3,11,False,True,True,20.0,1101010101,,a47be7464659f75e69ef6f7165a7b057a0fd433ed180af76723f9bb5e1576a82
teacher,S2,3,12,False,True,True,20.0,1011111111,,a47be7464659f75e69ef6f7165a7b057a0fd433ed180af76723f9bb5e1576a82
teacher,S2,3,13,True,True,True,20.0,1111111111,,a47be7464659f75e69ef6f7165a7b057a0fd433ed180af76723f9bb5e1576a82
teacher,S2,3,14,True,True,True,20.0,1111111111,,a47be7464659f75e69ef6f7165a7b057a0fd433ed180af76723f9bb5e1576a82
teacher,S2,3,15,True,True,True,20.0,1111111111,,a47be7464659f75e69ef6f7165a7b057a0fd433ed180af76723f9bb5e1576a82
teacher,S2,3,16,True,True,True,20.0,1111111111,,a47be7464659f75e69ef6f7165a7b057a0fd433ed180af76723f9bb5e1576a82
teacher,S2,3,17,True,True,True,20.0,1111111111,,a47be7464659f75e69ef6f7165a7b057a0fd433ed180af76723f9bb5e1576a82
teacher,S2,3,18,True,True,True,20.0,1111111111,,a47be7464659f75e69ef6f7165a7b057a0fd433ed180af76723f9bb5e1576a82
teacher,S2,3,19,True,True,True,20.0,1111111111,,a47be7464659f75e69ef6f7165a7b057a0fd433ed180af76723f9bb5e1576a82
teacher,S2,3,20,True,True,True,20.0,1111111111,,a47be7464659f75e69ef6f7165a7b057a0fd433ed180af76723f9bb5e1576a82
teacher,S2,3,21,True,True,True,20.0,1111111111,,a47be7464659f75e69ef6f7165a7b057a0fd433ed180af76723f9bb5e1576a82
teacher,S2,3,22,True,True,True,20.0,1111111111,,a47be7464659f75e69ef6f7165a7b057a0fd433ed180af76723f9bb5e1576a82
teacher,S2,3,23,True,True,True,20.0,1111111111,,a47be7464659f75e69ef6f7165a7b057a0fd433ed180af76723f9bb5e1576a82
teacher,S2,3,24,True,True,True,20.0,1111111111,,a47be7464659f75e69ef6f7165a7b057a0fd433ed180af76723f9bb5e1576a82
teacher,S2,3,25,True,True,True,20.0,1111111111,,a47be7464659f75e69ef6f7165a7b057a0fd433ed180af76723f9bb5e1576a82
teacher,S2,3,26,True,True,True,20.0,1111111111,,a47be7464659f75e69ef6f7165a7b057a0fd433ed180af76723f9bb5e1576a82
teacher,S2,3,27,True,True,True,20.0,1111111111,,a47be7464659f75e69ef6f7165a7b057a0fd433ed180af76723f9bb5e1576a82
teacher,S2,3,28,True,True,True,20.0,1111111111,,a47be7464659f75e69ef6f7165a7b057a0fd433ed180af76723f9bb5e1576a82
teacher,S2,3,29,True,True,True,20.0,1111111111,,a47be7464659f75e69ef6f7165a7b057a0fd433ed180af76723f9bb5e1576a82
teacher,S2,3,30,True,True,True,20.0,1111111111,,a47be7464659f75e69ef6f7165a7b057a0fd433ed180af76723f9bb5e1576a82
teacher,S2,3,31,True,True,True,20.0,1111111111,,a47be7464659f75e69ef6f7165a7b057a0fd433ed180af76723f9bb5e1576a82
teacher,S2,3,32,True,True,True,20.0,1111111111,,a47be7464659f75e69ef6f7165a7b057a0fd433ed180af76723f9bb5e1576a82
teacher,S2,3,33,True,True,True,20.0,1111111111,,a47be7464659f75e69ef6f7165a7b057a0fd433ed180af76723f9bb5e1576a82
teacher,S2,3,34,False,True,True,20.0,1111110101,,a47be7464659f75e69ef6f7165a7b057a0fd433ed180af76723f9bb5e1576a82
teacher,S2,3,35,True,True,True,20.0,1111111111,,a47be7464659f75e69ef6f7165a7b057a0fd433ed180af76723f9bb5e1576a82
teacher,S2,3,36,False,True,True,20.0,1111110101,,a47be7464659f75e69ef6f7165a7b057a0fd433ed180af76723f9bb5e1576a82
teacher,S2,3,37,True,True,True,20.0,1111111111,,a47be7464659f75e69ef6f7165a7b057a0fd433ed180af76723f9bb5e1576a82
teacher,S2,3,38,True,True,True,20.0,1111111111,,a47be7464659f75e69ef6f7165a7b057a0fd433ed180af76723f9bb5e1576a82
teacher,S2,3,39,True,True,True,20.0,1111111111,,a47be7464659f75e69ef6f7165a7b057a0fd433ed180af76723f9bb5e1576a82
teacher,S2,3,40,True,True,True,20.0,1111111111,,a47be7464659f75e69ef6f7165a7b057a0fd433ed180af76723f9bb5e1576a82
teacher,S2,3,41,True,True,True,20.0,1111111111,,a47be7464659f75e69ef6f7165a7b057a0fd433ed180af76723f9bb5e1576a82
teacher,S2,3,42,True,True,True,20.0,1111111111,,a47be7464659f75e69ef6f7165a7b057a0fd433ed180af76723f9bb5e1576a82
teacher,S2,3,43,True,True,True,20.0,1111111111,,a47be7464659f75e69ef6f7165a7b057a0fd433ed180af76723f9bb5e1576a82
teacher,S2,3,44,False,True,True,20.0,1111110111,,a47be7464659f75e69ef6f7165a7b057a0fd433ed180af76723f9bb5e1576a82
teacher,S2,3,45,False,True,True,20.0,1111111101,,a47be7464659f75e69ef6f7165a7b057a0fd433ed180af76723f9bb5e1576a82
teacher,S2,3,46,True,True,True,20.0,1111111111,,a47be7464659f75e69ef6f7165a7b057a0fd433ed180af76723f9bb5e1576a82
teacher,S2,3,47,True,True,True,20.0,1111111111,,a47be7464659f75e69ef6f7165a7b057a0fd433ed180af76723f9bb5e1576a82
teacher,S2,3,48,False,False,False,8.766666666666667,1111000000,,a47be7464659f75e69ef6f7165a7b057a0fd433ed180af76723f9bb5e1576a82
teacher,S2,3,49,True,True,True,20.0,1111111111,,a47be7464659f75e69ef6f7165a7b057a0fd433ed180af76723f9bb5e1576a82
teacher,S2,3,50,False,True,True,20.0,1101010101,,a47be7464659f75e69ef6f7165a7b057a0fd433ed180af76723f9bb5e1576a82
teacher,S2,3,51,True,True,True,20.0,1111111111,,a47be7464659f75e69ef6f7165a7b057a0fd433ed180af76723f9bb5e1576a82
teacher,S2,3,52,True,True,True,20.0,1111111111,,a47be7464659f75e69ef6f7165a7b057a0fd433ed180af76723f9bb5e1576a82
teacher,S2,3,53,True,True,True,20.0,1111111111,,a47be7464659f75e69ef6f7165a7b057a0fd433ed180af76723f9bb5e1576a82
teacher,S2,3,54,True,True,True,20.0,1111111111,,a47be7464659f75e69ef6f7165a7b057a0fd433ed180af76723f9bb5e1576a82
teacher,S2,3,55,True,True,True,20.0,1111111111,,a47be7464659f75e69ef6f7165a7b057a0fd433ed180af76723f9bb5e1576a82
teacher,S2,3,56,True,True,True,20.0,1111111111,,a47be7464659f75e69ef6f7165a7b057a0fd433ed180af76723f9bb5e1576a82
teacher,S2,3,57,True,True,True,20.0,1111111111,,a47be7464659f75e69ef6f7165a7b057a0fd433ed180af76723f9bb5e1576a82
teacher,S2,3,58,True,True,True,20.0,1111111111,,a47be7464659f75e69ef6f7165a7b057a0fd433ed180af76723f9bb5e1576a82
teacher,S2,3,59,True,True,True,20.0,1111111111,,a47be7464659f75e69ef6f7165a7b057a0fd433ed180af76723f9bb5e1576a82
teacher,S2,3,60,True,True,True,20.0,1111111111,,a47be7464659f75e69ef6f7165a7b057a0fd433ed180af76723f9bb5e1576a82
teacher,S2,3,61,True,True,True,20.0,1111111111,,a47be7464659f75e69ef6f7165a7b057a0fd433ed180af76723f9bb5e1576a82
teacher,S2,3,62,True,True,True,20.0,1111111111,,a47be7464659f75e69ef6f7165a7b057a0fd433ed180af76723f9bb5e1576a82
teacher,S2,3,63,False,True,True,20.0,1111010101,,a47be7464659f75e69ef6f7165a7b057a0fd433ed180af76723f9bb5e1576a82
teacher,S2,3,64,False,True,True,20.0,1111111101,,a47be7464659f75e69ef6f7165a7b057a0fd433ed180af76723f9bb5e1576a82
teacher,S2,3,65,True,True,True,20.0,1111111111,,a47be7464659f75e69ef6f7165a7b057a0fd433ed180af76723f9bb5e1576a82
teacher,S2,3,66,True,True,True,20.0,1111111111,,a47be7464659f75e69ef6f7165a7b057a0fd433ed180af76723f9bb5e1576a82
teacher,S2,3,67,True,True,True,20.0,1111111111,,a47be7464659f75e69ef6f7165a7b057a0fd433ed180af76723f9bb5e1576a82
teacher,S2,3,68,True,True,True,20.0,1111111111,,a47be7464659f75e69ef6f7165a7b057a0fd433ed180af76723f9bb5e1576a82
teacher,S2,3,69,True,True,True,20.0,1111111111,,a47be7464659f75e69ef6f7165a7b057a0fd433ed180af76723f9bb5e1576a82
teacher,S2,3,70,True,True,True,20.0,1111111111,,a47be7464659f75e69ef6f7165a7b057a0fd433ed180af76723f9bb5e1576a82
teacher,S2,3,71,True,True,True,20.0,1111111111,,a47be7464659f75e69ef6f7165a7b057a0fd433ed180af76723f9bb5e1576a82
teacher,S2,3,72,True,True,True,20.0,1111111111,,a47be7464659f75e69ef6f7165a7b057a0fd433ed180af76723f9bb5e1576a82
teacher,S2,3,73,True,True,True,20.0,1111111111,,a47be7464659f75e69ef6f7165a7b057a0fd433ed180af76723f9bb5e1576a82
teacher,S2,3,74,True,True,True,20.0,1111111111,,a47be7464659f75e69ef6f7165a7b057a0fd433ed180af76723f9bb5e1576a82
teacher,S2,3,75,True,True,True,20.0,1111111111,,a47be7464659f75e69ef6f7165a7b057a0fd433ed180af76723f9bb5e1576a82
teacher,S2,3,76,True,True,True,20.0,1111111111,,a47be7464659f75e69ef6f7165a7b057a0fd433ed180af76723f9bb5e1576a82
teacher,S2,3,77,False,True,True,20.0,1111011111,,a47be7464659f75e69ef6f7165a7b057a0fd433ed180af76723f9bb5e1576a82
teacher,S2,3,78,False,True,True,20.0,1101010101,,a47be7464659f75e69ef6f7165a7b057a0fd433ed180af76723f9bb5e1576a82
teacher,S2,3,79,True,True,True,20.0,1111111111,,a47be7464659f75e69ef6f7165a7b057a0fd433ed180af76723f9bb5e1576a82
teacher,S2,3,80,False,True,True,20.0,1111010101,,a47be7464659f75e69ef6f7165a7b057a0fd433ed180af76723f9bb5e1576a82
teacher,S2,3,81,False,True,True,20.0,1111010101,,a47be7464659f75e69ef6f7165a7b057a0fd433ed180af76723f9bb5e1576a82
teacher,S2,3,82,False,False,False,12.7,1111110000,,a47be7464659f75e69ef6f7165a7b057a0fd433ed180af76723f9bb5e1576a82
teacher,S2,3,83,True,True,True,20.0,1111111111,,a47be7464659f75e69ef6f7165a7b057a0fd433ed180af76723f9bb5e1576a82
teacher,S2,3,84,True,True,True,20.0,1111111111,,a47be7464659f75e69ef6f7165a7b057a0fd433ed180af76723f9bb5e1576a82
teacher,S2,3,85,True,True,True,20.0,1111111111,,a47be7464659f75e69ef6f7165a7b057a0fd433ed180af76723f9bb5e1576a82
teacher,S2,3,86,True,True,True,20.0,1111111111,,a47be7464659f75e69ef6f7165a7b057a0fd433ed180af76723f9bb5e1576a82
teacher,S2,3,87,True,True,True,20.0,1111111111,,a47be7464659f75e69ef6f7165a7b057a0fd433ed180af76723f9bb5e1576a82
teacher,S2,3,88,True,True,True,20.0,1111111111,,a47be7464659f75e69ef6f7165a7b057a0fd433ed180af76723f9bb5e1576a82
teacher,S2,3,89,False,True,True,20.0,1111111101,,a47be7464659f75e69ef6f7165a7b057a0fd433ed180af76723f9bb5e1576a82
teacher,S2,3,90,True,True,True,20.0,1111111111,,a47be7464659f75e69ef6f7165a7b057a0fd433ed180af76723f9bb5e1576a82
teacher,S2,3,91,False,True,True,20.0,1111110101,,a47be7464659f75e69ef6f7165a7b057a0fd433ed180af76723f9bb5e1576a82
teacher,S2,3,92,True,True,True,20.0,1111111111,,a47be7464659f75e69ef6f7165a7b057a0fd433ed180af76723f9bb5e1576a82
teacher,S2,3,93,True,True,True,20.0,1111111111,,a47be7464659f75e69ef6f7165a7b057a0fd433ed180af76723f9bb5e1576a82
teacher,S2,3,94,True,True,True,20.0,1111111111,,a47be7464659f75e69ef6f7165a7b057a0fd433ed180af76723f9bb5e1576a82
teacher,S2,3,95,True,True,True,20.0,1111111111,,a47be7464659f75e69ef6f7165a7b057a0fd433ed180af76723f9bb5e1576a82
teacher,S2,3,96,True,True,True,20.0,1111111111,,a47be7464659f75e69ef6f7165a7b057a0fd433ed180af76723f9bb5e1576a82
teacher,S2,3,97,True,True,True,20.0,1111111111,,a47be7464659f75e69ef6f7165a7b057a0fd433ed180af76723f9bb5e1576a82
teacher,S2,3,98,True,True,True,20.0,1111111111,,a47be7464659f75e69ef6f7165a7b057a0fd433ed180af76723f9bb5e1576a82
teacher,S2,3,99,True,True,True,20.0,1111111111,,a47be7464659f75e69ef6f7165a7b057a0fd433ed180af76723f9bb5e1576a82
teacher,S2,3,100,True,True,True,20.0,1111111111,,a47be7464659f75e69ef6f7165a7b057a0fd433ed180af76723f9bb5e1576a82
teacher,S2,3,101,True,True,True,20.0,1111111111,,a47be7464659f75e69ef6f7165a7b057a0fd433ed180af76723f9bb5e1576a82
teacher,S2,3,102,True,True,True,20.0,1111111111,,a47be7464659f75e69ef6f7165a7b057a0fd433ed180af76723f9bb5e1576a82
teacher,S2,3,103,True,True,True,20.0,1111111111,,a47be7464659f75e69ef6f7165a7b057a0fd433ed180af76723f9bb5e1576a82
teacher,S2,3,104,True,True,True,20.0,1111111111,,a47be7464659f75e69ef6f7165a7b057a0fd433ed180af76723f9bb5e1576a82
teacher,S2,3,105,True,True,True,20.0,1111111111,,a47be7464659f75e69ef6f7165a7b057a0fd433ed180af76723f9bb5e1576a82
teacher,S2,3,106,True,True,True,20.0,1111111111,,a47be7464659f75e69ef6f7165a7b057a0fd433ed180af76723f9bb5e1576a82
teacher,S2,3,107,True,True,True,20.0,1111111111,,a47be7464659f75e69ef6f7165a7b057a0fd433ed180af76723f9bb5e1576a82
teacher,S2,3,108,True,True,True,20.0,1111111111,,a47be7464659f75e69ef6f7165a7b057a0fd433ed180af76723f9bb5e1576a82
teacher,S2,3,109,True,True,True,20.0,1111111111,,a47be7464659f75e69ef6f7165a7b057a0fd433ed180af76723f9bb5e1576a82
teacher,S2,3,110,True,True,True,20.0,1111111111,,a47be7464659f75e69ef6f7165a7b057a0fd433ed180af76723f9bb5e1576a82
teacher,S2,3,111,True,True,True,20.0,1111111111,,a47be7464659f75e69ef6f7165a7b057a0fd433ed180af76723f9bb5e1576a82
teacher,S2,3,112,False,True,True,20.0,1011110000,,a47be7464659f75e69ef6f7165a7b057a0fd433ed180af76723f9bb5e1576a82
teacher,S2,3,113,True,True,True,20.0,1111111111,,a47be7464659f75e69ef6f7165a7b057a0fd433ed180af76723f9bb5e1576a82
teacher,S2,3,114,True,True,True,20.0,1111111111,,a47be7464659f75e69ef6f7165a7b057a0fd433ed180af76723f9bb5e1576a82
teacher,S2,3,115,False,True,True,20.0,1111111101,,a47be7464659f75e69ef6f7165a7b057a0fd433ed180af76723f9bb5e1576a82
teacher,S2,3,116,False,False,False,0.9,0000000000,,a47be7464659f75e69ef6f7165a7b057a0fd433ed180af76723f9bb5e1576a82
teacher,S2,3,117,True,True,True,20.0,1111111111,,a47be7464659f75e69ef6f7165a7b057a0fd433ed180af76723f9bb5e1576a82
teacher,S2,3,118,True,True,True,20.0,1111111111,,a47be7464659f75e69ef6f7165a7b057a0fd433ed180af76723f9bb5e1576a82
teacher,S2,3,119,True,True,True,20.0,1111111111,,a47be7464659f75e69ef6f7165a7b057a0fd433ed180af76723f9bb5e1576a82
teacher,S2,3,120,False,True,True,20.0,1111111101,,a47be7464659f75e69ef6f7165a7b057a0fd433ed180af76723f9bb5e1576a82
teacher,S2,3,121,True,True,True,20.0,1111111111,,a47be7464659f75e69ef6f7165a7b057a0fd433ed180af76723f9bb5e1576a82
teacher,S2,3,122,False,True,True,20.0,1111111101,,a47be7464659f75e69ef6f7165a7b057a0fd433ed180af76723f9bb5e1576a82
teacher,S2,3,123,True,True,True,20.0,1111111111,,a47be7464659f75e69ef6f7165a7b057a0fd433ed180af76723f9bb5e1576a82
teacher,S2,3,124,True,True,True,20.0,1111111111,,a47be7464659f75e69ef6f7165a7b057a0fd433ed180af76723f9bb5e1576a82
teacher,S2,3,125,True,True,True,20.0,1111111111,,a47be7464659f75e69ef6f7165a7b057a0fd433ed180af76723f9bb5e1576a82
teacher,S2,3,126,True,True,True,20.0,1111111111,,a47be7464659f75e69ef6f7165a7b057a0fd433ed180af76723f9bb5e1576a82
teacher,S2,3,127,True,True,True,20.0,1111111111,,a47be7464659f75e69ef6f7165a7b057a0fd433ed180af76723f9bb5e1576a82
teacher,S5,0,0,False,False,False,8.633333333333333,1000,,a47be7464659f75e69ef6f7165a7b057a0fd433ed180af76723f9bb5e1576a82
teacher,S5,0,1,True,True,True,20.0,1111,,a47be7464659f75e69ef6f7165a7b057a0fd433ed180af76723f9bb5e1576a82
teacher,S5,0,2,True,True,True,20.0,1111,,a47be7464659f75e69ef6f7165a7b057a0fd433ed180af76723f9bb5e1576a82
teacher,S5,0,3,True,True,True,20.0,1111,,a47be7464659f75e69ef6f7165a7b057a0fd433ed180af76723f9bb5e1576a82
teacher,S5,0,4,True,True,True,20.0,1111,,a47be7464659f75e69ef6f7165a7b057a0fd433ed180af76723f9bb5e1576a82
teacher,S5,0,5,True,True,True,20.0,1111,,a47be7464659f75e69ef6f7165a7b057a0fd433ed180af76723f9bb5e1576a82
teacher,S5,0,6,True,True,True,20.0,1111,,a47be7464659f75e69ef6f7165a7b057a0fd433ed180af76723f9bb5e1576a82
teacher,S5,0,7,True,True,True,20.0,1111,,a47be7464659f75e69ef6f7165a7b057a0fd433ed180af76723f9bb5e1576a82
teacher,S5,0,8,True,True,True,20.0,1111,,a47be7464659f75e69ef6f7165a7b057a0fd433ed180af76723f9bb5e1576a82
teacher,S5,0,9,True,True,True,20.0,1111,,a47be7464659f75e69ef6f7165a7b057a0fd433ed180af76723f9bb5e1576a82
teacher,S5,0,10,True,True,True,20.0,1111,,a47be7464659f75e69ef6f7165a7b057a0fd433ed180af76723f9bb5e1576a82
teacher,S5,0,11,True,True,True,20.0,1111,,a47be7464659f75e69ef6f7165a7b057a0fd433ed180af76723f9bb5e1576a82
teacher,S5,0,12,True,True,True,20.0,1111,,a47be7464659f75e69ef6f7165a7b057a0fd433ed180af76723f9bb5e1576a82
teacher,S5,0,13,True,True,True,20.0,1111,,a47be7464659f75e69ef6f7165a7b057a0fd433ed180af76723f9bb5e1576a82
teacher,S5,0,14,True,True,True,20.0,1111,,a47be7464659f75e69ef6f7165a7b057a0fd433ed180af76723f9bb5e1576a82
teacher,S5,0,15,True,True,True,20.0,1111,,a47be7464659f75e69ef6f7165a7b057a0fd433ed180af76723f9bb5e1576a82
teacher,S5,0,16,True,True,True,20.0,1111,,a47be7464659f75e69ef6f7165a7b057a0fd433ed180af76723f9bb5e1576a82
teacher,S5,0,17,True,True,True,20.0,1111,,a47be7464659f75e69ef6f7165a7b057a0fd433ed180af76723f9bb5e1576a82
teacher,S5,0,18,True,True,True,20.0,1111,,a47be7464659f75e69ef6f7165a7b057a0fd433ed180af76723f9bb5e1576a82
teacher,S5,0,19,True,True,True,20.0,1111,,a47be7464659f75e69ef6f7165a7b057a0fd433ed180af76723f9bb5e1576a82
teacher,S5,0,20,True,True,True,20.0,1111,,a47be7464659f75e69ef6f7165a7b057a0fd433ed180af76723f9bb5e1576a82
teacher,S5,0,21,True,True,True,20.0,1111,,a47be7464659f75e69ef6f7165a7b057a0fd433ed180af76723f9bb5e1576a82
teacher,S5,0,22,True,True,True,20.0,1111,,a47be7464659f75e69ef6f7165a7b057a0fd433ed180af76723f9bb5e1576a82
teacher,S5,0,23,True,True,True,20.0,1111,,a47be7464659f75e69ef6f7165a7b057a0fd433ed180af76723f9bb5e1576a82
teacher,S5,0,24,True,True,True,20.0,1111,,a47be7464659f75e69ef6f7165a7b057a0fd433ed180af76723f9bb5e1576a82
teacher,S5,0,25,True,True,True,20.0,1111,,a47be7464659f75e69ef6f7165a7b057a0fd433ed180af76723f9bb5e1576a82
teacher,S5,0,26,True,True,True,20.0,1111,,a47be7464659f75e69ef6f7165a7b057a0fd433ed180af76723f9bb5e1576a82
teacher,S5,0,27,True,True,True,20.0,1111,,a47be7464659f75e69ef6f7165a7b057a0fd433ed180af76723f9bb5e1576a82
teacher,S5,0,28,True,True,True,20.0,1111,,a47be7464659f75e69ef6f7165a7b057a0fd433ed180af76723f9bb5e1576a82
teacher,S5,0,29,True,True,True,20.0,1111,,a47be7464659f75e69ef6f7165a7b057a0fd433ed180af76723f9bb5e1576a82
teacher,S5,0,30,True,True,True,20.0,1111,,a47be7464659f75e69ef6f7165a7b057a0fd433ed180af76723f9bb5e1576a82
teacher,S5,0,31,True,True,True,20.0,1111,,a47be7464659f75e69ef6f7165a7b057a0fd433ed180af76723f9bb5e1576a82
teacher,S5,0,32,True,True,True,20.0,1111,,a47be7464659f75e69ef6f7165a7b057a0fd433ed180af76723f9bb5e1576a82
teacher,S5,0,33,True,True,True,20.0,1111,,a47be7464659f75e69ef6f7165a7b057a0fd433ed180af76723f9bb5e1576a82
teacher,S5,0,34,True,True,True,20.0,1111,,a47be7464659f75e69ef6f7165a7b057a0fd433ed180af76723f9bb5e1576a82
teacher,S5,0,35,True,True,True,20.0,1111,,a47be7464659f75e69ef6f7165a7b057a0fd433ed180af76723f9bb5e1576a82
teacher,S5,0,36,True,True,True,20.0,1111,,a47be7464659f75e69ef6f7165a7b057a0fd433ed180af76723f9bb5e1576a82
teacher,S5,0,37,True,True,True,20.0,1111,,a47be7464659f75e69ef6f7165a7b057a0fd433ed180af76723f9bb5e1576a82
teacher,S5,0,38,True,True,True,20.0,1111,,a47be7464659f75e69ef6f7165a7b057a0fd433ed180af76723f9bb5e1576a82
teacher,S5,0,39,True,True,True,20.0,1111,,a47be7464659f75e69ef6f7165a7b057a0fd433ed180af76723f9bb5e1576a82
teacher,S5,0,40,True,True,True,20.0,1111,,a47be7464659f75e69ef6f7165a7b057a0fd433ed180af76723f9bb5e1576a82
teacher,S5,0,41,True,True,True,20.0,1111,,a47be7464659f75e69ef6f7165a7b057a0fd433ed180af76723f9bb5e1576a82
teacher,S5,0,42,True,True,True,20.0,1111,,a47be7464659f75e69ef6f7165a7b057a0fd433ed180af76723f9bb5e1576a82
teacher,S5,0,43,True,True,True,20.0,1111,,a47be7464659f75e69ef6f7165a7b057a0fd433ed180af76723f9bb5e1576a82
teacher,S5,0,44,True,True,True,20.0,1111,,a47be7464659f75e69ef6f7165a7b057a0fd433ed180af76723f9bb5e1576a82
teacher,S5,0,45,True,True,True,20.0,1111,,a47be7464659f75e69ef6f7165a7b057a0fd433ed180af76723f9bb5e1576a82
teacher,S5,0,46,True,True,True,20.0,1111,,a47be7464659f75e69ef6f7165a7b057a0fd433ed180af76723f9bb5e1576a82
teacher,S5,0,47,True,True,True,20.0,1111,,a47be7464659f75e69ef6f7165a7b057a0fd433ed180af76723f9bb5e1576a82
teacher,S5,0,48,True,True,True,20.0,1111,,a47be7464659f75e69ef6f7165a7b057a0fd433ed180af76723f9bb5e1576a82
teacher,S5,0,49,True,True,True,20.0,1111,,a47be7464659f75e69ef6f7165a7b057a0fd433ed180af76723f9bb5e1576a82
teacher,S5,0,50,True,True,True,20.0,1111,,a47be7464659f75e69ef6f7165a7b057a0fd433ed180af76723f9bb5e1576a82
teacher,S5,0,51,True,True,True,20.0,1111,,a47be7464659f75e69ef6f7165a7b057a0fd433ed180af76723f9bb5e1576a82
teacher,S5,0,52,True,True,True,20.0,1111,,a47be7464659f75e69ef6f7165a7b057a0fd433ed180af76723f9bb5e1576a82
teacher,S5,0,53,True,True,True,20.0,1111,,a47be7464659f75e69ef6f7165a7b057a0fd433ed180af76723f9bb5e1576a82
teacher,S5,0,54,True,True,True,20.0,1111,,a47be7464659f75e69ef6f7165a7b057a0fd433ed180af76723f9bb5e1576a82
teacher,S5,0,55,True,True,True,20.0,1111,,a47be7464659f75e69ef6f7165a7b057a0fd433ed180af76723f9bb5e1576a82
teacher,S5,0,56,True,True,True,20.0,1111,,a47be7464659f75e69ef6f7165a7b057a0fd433ed180af76723f9bb5e1576a82
teacher,S5,0,57,True,True,True,20.0,1111,,a47be7464659f75e69ef6f7165a7b057a0fd433ed180af76723f9bb5e1576a82
teacher,S5,0,58,True,True,True,20.0,1111,,a47be7464659f75e69ef6f7165a7b057a0fd433ed180af76723f9bb5e1576a82
teacher,S5,0,59,True,True,True,20.0,1111,,a47be7464659f75e69ef6f7165a7b057a0fd433ed180af76723f9bb5e1576a82
teacher,S5,0,60,True,True,True,20.0,1111,,a47be7464659f75e69ef6f7165a7b057a0fd433ed180af76723f9bb5e1576a82
teacher,S5,0,61,True,True,True,20.0,1111,,a47be7464659f75e69ef6f7165a7b057a0fd433ed180af76723f9bb5e1576a82
teacher,S5,0,62,True,True,True,20.0,1111,,a47be7464659f75e69ef6f7165a7b057a0fd433ed180af76723f9bb5e1576a82
teacher,S5,0,63,True,True,True,20.0,1111,,a47be7464659f75e69ef6f7165a7b057a0fd433ed180af76723f9bb5e1576a82
teacher,S5,0,64,True,True,True,20.0,1111,,a47be7464659f75e69ef6f7165a7b057a0fd433ed180af76723f9bb5e1576a82
teacher,S5,0,65,True,True,True,20.0,1111,,a47be7464659f75e69ef6f7165a7b057a0fd433ed180af76723f9bb5e1576a82
teacher,S5,0,66,True,True,True,20.0,1111,,a47be7464659f75e69ef6f7165a7b057a0fd433ed180af76723f9bb5e1576a82
teacher,S5,0,67,True,True,True,20.0,1111,,a47be7464659f75e69ef6f7165a7b057a0fd433ed180af76723f9bb5e1576a82
teacher,S5,0,68,True,True,True,20.0,1111,,a47be7464659f75e69ef6f7165a7b057a0fd433ed180af76723f9bb5e1576a82
teacher,S5,0,69,True,True,True,20.0,1111,,a47be7464659f75e69ef6f7165a7b057a0fd433ed180af76723f9bb5e1576a82
teacher,S5,0,70,False,False,False,9.366666666666667,1000,,a47be7464659f75e69ef6f7165a7b057a0fd433ed180af76723f9bb5e1576a82
teacher,S5,0,71,True,True,True,20.0,1111,,a47be7464659f75e69ef6f7165a7b057a0fd433ed180af76723f9bb5e1576a82
teacher,S5,0,72,True,True,True,20.0,1111,,a47be7464659f75e69ef6f7165a7b057a0fd433ed180af76723f9bb5e1576a82
teacher,S5,0,73,True,True,True,20.0,1111,,a47be7464659f75e69ef6f7165a7b057a0fd433ed180af76723f9bb5e1576a82
teacher,S5,0,74,True,True,True,20.0,1111,,a47be7464659f75e69ef6f7165a7b057a0fd433ed180af76723f9bb5e1576a82
teacher,S5,0,75,True,True,True,20.0,1111,,a47be7464659f75e69ef6f7165a7b057a0fd433ed180af76723f9bb5e1576a82
teacher,S5,0,76,True,True,True,20.0,1111,,a47be7464659f75e69ef6f7165a7b057a0fd433ed180af76723f9bb5e1576a82
teacher,S5,0,77,True,True,True,20.0,1111,,a47be7464659f75e69ef6f7165a7b057a0fd433ed180af76723f9bb5e1576a82
teacher,S5,0,78,True,True,True,20.0,1111,,a47be7464659f75e69ef6f7165a7b057a0fd433ed180af76723f9bb5e1576a82
teacher,S5,0,79,True,True,True,20.0,1111,,a47be7464659f75e69ef6f7165a7b057a0fd433ed180af76723f9bb5e1576a82
teacher,S5,0,80,True,True,True,20.0,1111,,a47be7464659f75e69ef6f7165a7b057a0fd433ed180af76723f9bb5e1576a82
teacher,S5,0,81,True,True,True,20.0,1111,,a47be7464659f75e69ef6f7165a7b057a0fd433ed180af76723f9bb5e1576a82
teacher,S5,0,82,True,True,True,20.0,1111,,a47be7464659f75e69ef6f7165a7b057a0fd433ed180af76723f9bb5e1576a82
teacher,S5,0,83,True,True,True,20.0,1111,,a47be7464659f75e69ef6f7165a7b057a0fd433ed180af76723f9bb5e1576a82
teacher,S5,0,84,True,True,True,20.0,1111,,a47be7464659f75e69ef6f7165a7b057a0fd433ed180af76723f9bb5e1576a82
teacher,S5,0,85,True,True,True,20.0,1111,,a47be7464659f75e69ef6f7165a7b057a0fd433ed180af76723f9bb5e1576a82
teacher,S5,0,86,True,True,True,20.0,1111,,a47be7464659f75e69ef6f7165a7b057a0fd433ed180af76723f9bb5e1576a82
teacher,S5,0,87,True,True,True,20.0,1111,,a47be7464659f75e69ef6f7165a7b057a0fd433ed180af76723f9bb5e1576a82
teacher,S5,0,88,True,True,True,20.0,1111,,a47be7464659f75e69ef6f7165a7b057a0fd433ed180af76723f9bb5e1576a82
teacher,S5,0,89,True,True,True,20.0,1111,,a47be7464659f75e69ef6f7165a7b057a0fd433ed180af76723f9bb5e1576a82
teacher,S5,0,90,True,True,True,20.0,1111,,a47be7464659f75e69ef6f7165a7b057a0fd433ed180af76723f9bb5e1576a82
teacher,S5,0,91,True,True,True,20.0,1111,,a47be7464659f75e69ef6f7165a7b057a0fd433ed180af76723f9bb5e1576a82
teacher,S5,0,92,False,False,False,18.166666666666668,1110,,a47be7464659f75e69ef6f7165a7b057a0fd433ed180af76723f9bb5e1576a82
teacher,S5,0,93,True,True,True,20.0,1111,,a47be7464659f75e69ef6f7165a7b057a0fd433ed180af76723f9bb5e1576a82
teacher,S5,0,94,True,True,True,20.0,1111,,a47be7464659f75e69ef6f7165a7b057a0fd433ed180af76723f9bb5e1576a82
teacher,S5,0,95,True,True,True,20.0,1111,,a47be7464659f75e69ef6f7165a7b057a0fd433ed180af76723f9bb5e1576a82
teacher,S5,0,96,True,True,True,20.0,1111,,a47be7464659f75e69ef6f7165a7b057a0fd433ed180af76723f9bb5e1576a82
teacher,S5,0,97,True,True,True,20.0,1111,,a47be7464659f75e69ef6f7165a7b057a0fd433ed180af76723f9bb5e1576a82
teacher,S5,0,98,True,True,True,20.0,1111,,a47be7464659f75e69ef6f7165a7b057a0fd433ed180af76723f9bb5e1576a82
teacher,S5,0,99,True,True,True,20.0,1111,,a47be7464659f75e69ef6f7165a7b057a0fd433ed180af76723f9bb5e1576a82
teacher,S5,0,100,True,True,True,20.0,1111,,a47be7464659f75e69ef6f7165a7b057a0fd433ed180af76723f9bb5e1576a82
teacher,S5,0,101,True,True,True,20.0,1111,,a47be7464659f75e69ef6f7165a7b057a0fd433ed180af76723f9bb5e1576a82
teacher,S5,0,102,True,True,True,20.0,1111,,a47be7464659f75e69ef6f7165a7b057a0fd433ed180af76723f9bb5e1576a82
teacher,S5,0,103,True,True,True,20.0,1111,,a47be7464659f75e69ef6f7165a7b057a0fd433ed180af76723f9bb5e1576a82
teacher,S5,0,104,True,True,True,20.0,1111,,a47be7464659f75e69ef6f7165a7b057a0fd433ed180af76723f9bb5e1576a82
teacher,S5,0,105,True,True,True,20.0,1111,,a47be7464659f75e69ef6f7165a7b057a0fd433ed180af76723f9bb5e1576a82
teacher,S5,0,106,True,True,True,20.0,1111,,a47be7464659f75e69ef6f7165a7b057a0fd433ed180af76723f9bb5e1576a82
teacher,S5,0,107,True,True,True,20.0,1111,,a47be7464659f75e69ef6f7165a7b057a0fd433ed180af76723f9bb5e1576a82
teacher,S5,0,108,True,True,True,20.0,1111,,a47be7464659f75e69ef6f7165a7b057a0fd433ed180af76723f9bb5e1576a82
teacher,S5,0,109,True,True,True,20.0,1111,,a47be7464659f75e69ef6f7165a7b057a0fd433ed180af76723f9bb5e1576a82
teacher,S5,0,110,True,True,True,20.0,1111,,a47be7464659f75e69ef6f7165a7b057a0fd433ed180af76723f9bb5e1576a82
teacher,S5,0,111,True,True,True,20.0,1111,,a47be7464659f75e69ef6f7165a7b057a0fd433ed180af76723f9bb5e1576a82
teacher,S5,0,112,True,True,True,20.0,1111,,a47be7464659f75e69ef6f7165a7b057a0fd433ed180af76723f9bb5e1576a82
teacher,S5,0,113,True,True,True,20.0,1111,,a47be7464659f75e69ef6f7165a7b057a0fd433ed180af76723f9bb5e1576a82
teacher,S5,0,114,True,True,True,20.0,1111,,a47be7464659f75e69ef6f7165a7b057a0fd433ed180af76723f9bb5e1576a82
teacher,S5,0,115,True,True,True,20.0,1111,,a47be7464659f75e69ef6f7165a7b057a0fd433ed180af76723f9bb5e1576a82
teacher,S5,0,116,True,True,True,20.0,1111,,a47be7464659f75e69ef6f7165a7b057a0fd433ed180af76723f9bb5e1576a82
teacher,S5,0,117,True,True,True,20.0,1111,,a47be7464659f75e69ef6f7165a7b057a0fd433ed180af76723f9bb5e1576a82
teacher,S5,0,118,True,True,True,20.0,1111,,a47be7464659f75e69ef6f7165a7b057a0fd433ed180af76723f9bb5e1576a82
teacher,S5,0,119,True,True,True,20.0,1111,,a47be7464659f75e69ef6f7165a7b057a0fd433ed180af76723f9bb5e1576a82
teacher,S5,0,120,True,True,True,20.0,1111,,a47be7464659f75e69ef6f7165a7b057a0fd433ed180af76723f9bb5e1576a82
teacher,S5,0,121,True,True,True,20.0,1111,,a47be7464659f75e69ef6f7165a7b057a0fd433ed180af76723f9bb5e1576a82
teacher,S5,0,122,True,True,True,20.0,1111,,a47be7464659f75e69ef6f7165a7b057a0fd433ed180af76723f9bb5e1576a82
teacher,S5,0,123,True,True,True,20.0,1111,,a47be7464659f75e69ef6f7165a7b057a0fd433ed180af76723f9bb5e1576a82
teacher,S5,0,124,True,True,True,20.0,1111,,a47be7464659f75e69ef6f7165a7b057a0fd433ed180af76723f9bb5e1576a82
teacher,S5,0,125,True,True,True,20.0,1111,,a47be7464659f75e69ef6f7165a7b057a0fd433ed180af76723f9bb5e1576a82
teacher,S5,0,126,True,True,True,20.0,1111,,a47be7464659f75e69ef6f7165a7b057a0fd433ed180af76723f9bb5e1576a82
teacher,S5,0,127,True,True,True,20.0,1111,,a47be7464659f75e69ef6f7165a7b057a0fd433ed180af76723f9bb5e1576a82
teacher,S5,1,0,True,True,True,20.0,1111,,a47be7464659f75e69ef6f7165a7b057a0fd433ed180af76723f9bb5e1576a82
teacher,S5,1,1,True,True,True,20.0,1111,,a47be7464659f75e69ef6f7165a7b057a0fd433ed180af76723f9bb5e1576a82
teacher,S5,1,2,True,True,True,20.0,1111,,a47be7464659f75e69ef6f7165a7b057a0fd433ed180af76723f9bb5e1576a82
teacher,S5,1,3,True,True,True,20.0,1111,,a47be7464659f75e69ef6f7165a7b057a0fd433ed180af76723f9bb5e1576a82
teacher,S5,1,4,True,True,True,20.0,1111,,a47be7464659f75e69ef6f7165a7b057a0fd433ed180af76723f9bb5e1576a82
teacher,S5,1,5,True,True,True,20.0,1111,,a47be7464659f75e69ef6f7165a7b057a0fd433ed180af76723f9bb5e1576a82
teacher,S5,1,6,True,True,True,20.0,1111,,a47be7464659f75e69ef6f7165a7b057a0fd433ed180af76723f9bb5e1576a82
teacher,S5,1,7,True,True,True,20.0,1111,,a47be7464659f75e69ef6f7165a7b057a0fd433ed180af76723f9bb5e1576a82
teacher,S5,1,8,True,True,True,20.0,1111,,a47be7464659f75e69ef6f7165a7b057a0fd433ed180af76723f9bb5e1576a82
teacher,S5,1,9,True,True,True,20.0,1111,,a47be7464659f75e69ef6f7165a7b057a0fd433ed180af76723f9bb5e1576a82
teacher,S5,1,10,True,True,True,20.0,1111,,a47be7464659f75e69ef6f7165a7b057a0fd433ed180af76723f9bb5e1576a82
teacher,S5,1,11,True,True,True,20.0,1111,,a47be7464659f75e69ef6f7165a7b057a0fd433ed180af76723f9bb5e1576a82
teacher,S5,1,12,True,True,True,20.0,1111,,a47be7464659f75e69ef6f7165a7b057a0fd433ed180af76723f9bb5e1576a82
teacher,S5,1,13,True,True,True,20.0,1111,,a47be7464659f75e69ef6f7165a7b057a0fd433ed180af76723f9bb5e1576a82
teacher,S5,1,14,True,True,True,20.0,1111,,a47be7464659f75e69ef6f7165a7b057a0fd433ed180af76723f9bb5e1576a82
teacher,S5,1,15,True,True,True,20.0,1111,,a47be7464659f75e69ef6f7165a7b057a0fd433ed180af76723f9bb5e1576a82
teacher,S5,1,16,True,True,True,20.0,1111,,a47be7464659f75e69ef6f7165a7b057a0fd433ed180af76723f9bb5e1576a82
teacher,S5,1,17,True,True,True,20.0,1111,,a47be7464659f75e69ef6f7165a7b057a0fd433ed180af76723f9bb5e1576a82
teacher,S5,1,18,True,True,True,20.0,1111,,a47be7464659f75e69ef6f7165a7b057a0fd433ed180af76723f9bb5e1576a82
teacher,S5,1,19,True,True,True,20.0,1111,,a47be7464659f75e69ef6f7165a7b057a0fd433ed180af76723f9bb5e1576a82
teacher,S5,1,20,True,True,True,20.0,1111,,a47be7464659f75e69ef6f7165a7b057a0fd433ed180af76723f9bb5e1576a82
teacher,S5,1,21,True,True,True,20.0,1111,,a47be7464659f75e69ef6f7165a7b057a0fd433ed180af76723f9bb5e1576a82
teacher,S5,1,22,True,True,True,20.0,1111,,a47be7464659f75e69ef6f7165a7b057a0fd433ed180af76723f9bb5e1576a82
teacher,S5,1,23,True,True,True,20.0,1111,,a47be7464659f75e69ef6f7165a7b057a0fd433ed180af76723f9bb5e1576a82
teacher,S5,1,24,True,True,True,20.0,1111,,a47be7464659f75e69ef6f7165a7b057a0fd433ed180af76723f9bb5e1576a82
teacher,S5,1,25,True,True,True,20.0,1111,,a47be7464659f75e69ef6f7165a7b057a0fd433ed180af76723f9bb5e1576a82
teacher,S5,1,26,True,True,True,20.0,1111,,a47be7464659f75e69ef6f7165a7b057a0fd433ed180af76723f9bb5e1576a82
teacher,S5,1,27,True,True,True,20.0,1111,,a47be7464659f75e69ef6f7165a7b057a0fd433ed180af76723f9bb5e1576a82
teacher,S5,1,28,True,True,True,20.0,1111,,a47be7464659f75e69ef6f7165a7b057a0fd433ed180af76723f9bb5e1576a82
teacher,S5,1,29,True,True,True,20.0,1111,,a47be7464659f75e69ef6f7165a7b057a0fd433ed180af76723f9bb5e1576a82
teacher,S5,1,30,True,True,True,20.0,1111,,a47be7464659f75e69ef6f7165a7b057a0fd433ed180af76723f9bb5e1576a82
teacher,S5,1,31,True,True,True,20.0,1111,,a47be7464659f75e69ef6f7165a7b057a0fd433ed180af76723f9bb5e1576a82
teacher,S5,1,32,True,True,True,20.0,1111,,a47be7464659f75e69ef6f7165a7b057a0fd433ed180af76723f9bb5e1576a82
teacher,S5,1,33,True,True,True,20.0,1111,,a47be7464659f75e69ef6f7165a7b057a0fd433ed180af76723f9bb5e1576a82
teacher,S5,1,34,True,True,True,20.0,1111,,a47be7464659f75e69ef6f7165a7b057a0fd433ed180af76723f9bb5e1576a82
teacher,S5,1,35,True,True,True,20.0,1111,,a47be7464659f75e69ef6f7165a7b057a0fd433ed180af76723f9bb5e1576a82
teacher,S5,1,36,True,True,True,20.0,1111,,a47be7464659f75e69ef6f7165a7b057a0fd433ed180af76723f9bb5e1576a82
teacher,S5,1,37,True,True,True,20.0,1111,,a47be7464659f75e69ef6f7165a7b057a0fd433ed180af76723f9bb5e1576a82
teacher,S5,1,38,True,True,True,20.0,1111,,a47be7464659f75e69ef6f7165a7b057a0fd433ed180af76723f9bb5e1576a82
teacher,S5,1,39,True,True,True,20.0,1111,,a47be7464659f75e69ef6f7165a7b057a0fd433ed180af76723f9bb5e1576a82
teacher,S5,1,40,True,True,True,20.0,1111,,a47be7464659f75e69ef6f7165a7b057a0fd433ed180af76723f9bb5e1576a82
teacher,S5,1,41,True,True,True,20.0,1111,,a47be7464659f75e69ef6f7165a7b057a0fd433ed180af76723f9bb5e1576a82
teacher,S5,1,42,True,True,True,20.0,1111,,a47be7464659f75e69ef6f7165a7b057a0fd433ed180af76723f9bb5e1576a82
teacher,S5,1,43,True,True,True,20.0,1111,,a47be7464659f75e69ef6f7165a7b057a0fd433ed180af76723f9bb5e1576a82
teacher,S5,1,44,True,True,True,20.0,1111,,a47be7464659f75e69ef6f7165a7b057a0fd433ed180af76723f9bb5e1576a82
teacher,S5,1,45,True,True,True,20.0,1111,,a47be7464659f75e69ef6f7165a7b057a0fd433ed180af76723f9bb5e1576a82
teacher,S5,1,46,True,True,True,20.0,1111,,a47be7464659f75e69ef6f7165a7b057a0fd433ed180af76723f9bb5e1576a82
teacher,S5,1,47,True,True,True,20.0,1111,,a47be7464659f75e69ef6f7165a7b057a0fd433ed180af76723f9bb5e1576a82
teacher,S5,1,48,True,True,True,20.0,1111,,a47be7464659f75e69ef6f7165a7b057a0fd433ed180af76723f9bb5e1576a82
teacher,S5,1,49,True,True,True,20.0,1111,,a47be7464659f75e69ef6f7165a7b057a0fd433ed180af76723f9bb5e1576a82
teacher,S5,1,50,True,True,True,20.0,1111,,a47be7464659f75e69ef6f7165a7b057a0fd433ed180af76723f9bb5e1576a82
teacher,S5,1,51,True,True,True,20.0,1111,,a47be7464659f75e69ef6f7165a7b057a0fd433ed180af76723f9bb5e1576a82
teacher,S5,1,52,True,True,True,20.0,1111,,a47be7464659f75e69ef6f7165a7b057a0fd433ed180af76723f9bb5e1576a82
teacher,S5,1,53,True,True,True,20.0,1111,,a47be7464659f75e69ef6f7165a7b057a0fd433ed180af76723f9bb5e1576a82
teacher,S5,1,54,True,True,True,20.0,1111,,a47be7464659f75e69ef6f7165a7b057a0fd433ed180af76723f9bb5e1576a82
teacher,S5,1,55,True,True,True,20.0,1111,,a47be7464659f75e69ef6f7165a7b057a0fd433ed180af76723f9bb5e1576a82
teacher,S5,1,56,True,True,True,20.0,1111,,a47be7464659f75e69ef6f7165a7b057a0fd433ed180af76723f9bb5e1576a82
teacher,S5,1,57,True,True,True,20.0,1111,,a47be7464659f75e69ef6f7165a7b057a0fd433ed180af76723f9bb5e1576a82
teacher,S5,1,58,True,True,True,20.0,1111,,a47be7464659f75e69ef6f7165a7b057a0fd433ed180af76723f9bb5e1576a82
teacher,S5,1,59,True,True,True,20.0,1111,,a47be7464659f75e69ef6f7165a7b057a0fd433ed180af76723f9bb5e1576a82
teacher,S5,1,60,True,True,True,20.0,1111,,a47be7464659f75e69ef6f7165a7b057a0fd433ed180af76723f9bb5e1576a82
teacher,S5,1,61,True,True,True,20.0,1111,,a47be7464659f75e69ef6f7165a7b057a0fd433ed180af76723f9bb5e1576a82
teacher,S5,1,62,True,True,True,20.0,1111,,a47be7464659f75e69ef6f7165a7b057a0fd433ed180af76723f9bb5e1576a82
teacher,S5,1,63,True,True,True,20.0,1111,,a47be7464659f75e69ef6f7165a7b057a0fd433ed180af76723f9bb5e1576a82
teacher,S5,1,64,True,True,True,20.0,1111,,a47be7464659f75e69ef6f7165a7b057a0fd433ed180af76723f9bb5e1576a82
teacher,S5,1,65,True,True,True,20.0,1111,,a47be7464659f75e69ef6f7165a7b057a0fd433ed180af76723f9bb5e1576a82
teacher,S5,1,66,True,True,True,20.0,1111,,a47be7464659f75e69ef6f7165a7b057a0fd433ed180af76723f9bb5e1576a82
teacher,S5,1,67,True,True,True,20.0,1111,,a47be7464659f75e69ef6f7165a7b057a0fd433ed180af76723f9bb5e1576a82
teacher,S5,1,68,True,True,True,20.0,1111,,a47be7464659f75e69ef6f7165a7b057a0fd433ed180af76723f9bb5e1576a82
teacher,S5,1,69,True,True,True,20.0,1111,,a47be7464659f75e69ef6f7165a7b057a0fd433ed180af76723f9bb5e1576a82
teacher,S5,1,70,True,True,True,20.0,1111,,a47be7464659f75e69ef6f7165a7b057a0fd433ed180af76723f9bb5e1576a82
teacher,S5,1,71,True,True,True,20.0,1111,,a47be7464659f75e69ef6f7165a7b057a0fd433ed180af76723f9bb5e1576a82
teacher,S5,1,72,True,True,True,20.0,1111,,a47be7464659f75e69ef6f7165a7b057a0fd433ed180af76723f9bb5e1576a82
teacher,S5,1,73,True,True,True,20.0,1111,,a47be7464659f75e69ef6f7165a7b057a0fd433ed180af76723f9bb5e1576a82
teacher,S5,1,74,True,True,True,20.0,1111,,a47be7464659f75e69ef6f7165a7b057a0fd433ed180af76723f9bb5e1576a82
teacher,S5,1,75,True,True,True,20.0,1111,,a47be7464659f75e69ef6f7165a7b057a0fd433ed180af76723f9bb5e1576a82
teacher,S5,1,76,True,True,True,20.0,1111,,a47be7464659f75e69ef6f7165a7b057a0fd433ed180af76723f9bb5e1576a82
teacher,S5,1,77,True,True,True,20.0,1111,,a47be7464659f75e69ef6f7165a7b057a0fd433ed180af76723f9bb5e1576a82
teacher,S5,1,78,True,True,True,20.0,1111,,a47be7464659f75e69ef6f7165a7b057a0fd433ed180af76723f9bb5e1576a82
teacher,S5,1,79,True,True,True,20.0,1111,,a47be7464659f75e69ef6f7165a7b057a0fd433ed180af76723f9bb5e1576a82
teacher,S5,1,80,True,True,True,20.0,1111,,a47be7464659f75e69ef6f7165a7b057a0fd433ed180af76723f9bb5e1576a82
teacher,S5,1,81,True,True,True,20.0,1111,,a47be7464659f75e69ef6f7165a7b057a0fd433ed180af76723f9bb5e1576a82
teacher,S5,1,82,True,True,True,20.0,1111,,a47be7464659f75e69ef6f7165a7b057a0fd433ed180af76723f9bb5e1576a82
teacher,S5,1,83,True,True,True,20.0,1111,,a47be7464659f75e69ef6f7165a7b057a0fd433ed180af76723f9bb5e1576a82
teacher,S5,1,84,True,True,True,20.0,1111,,a47be7464659f75e69ef6f7165a7b057a0fd433ed180af76723f9bb5e1576a82
teacher,S5,1,85,True,True,True,20.0,1111,,a47be7464659f75e69ef6f7165a7b057a0fd433ed180af76723f9bb5e1576a82
teacher,S5,1,86,True,True,True,20.0,1111,,a47be7464659f75e69ef6f7165a7b057a0fd433ed180af76723f9bb5e1576a82
teacher,S5,1,87,True,True,True,20.0,1111,,a47be7464659f75e69ef6f7165a7b057a0fd433ed180af76723f9bb5e1576a82
teacher,S5,1,88,True,True,True,20.0,1111,,a47be7464659f75e69ef6f7165a7b057a0fd433ed180af76723f9bb5e1576a82
teacher,S5,1,89,True,True,True,20.0,1111,,a47be7464659f75e69ef6f7165a7b057a0fd433ed180af76723f9bb5e1576a82
teacher,S5,1,90,True,True,True,20.0,1111,,a47be7464659f75e69ef6f7165a7b057a0fd433ed180af76723f9bb5e1576a82
teacher,S5,1,91,True,True,True,20.0,1111,,a47be7464659f75e69ef6f7165a7b057a0fd433ed180af76723f9bb5e1576a82
teacher,S5,1,92,True,True,True,20.0,1111,,a47be7464659f75e69ef6f7165a7b057a0fd433ed180af76723f9bb5e1576a82
teacher,S5,1,93,True,True,True,20.0,1111,,a47be7464659f75e69ef6f7165a7b057a0fd433ed180af76723f9bb5e1576a82
teacher,S5,1,94,True,True,True,20.0,1111,,a47be7464659f75e69ef6f7165a7b057a0fd433ed180af76723f9bb5e1576a82
teacher,S5,1,95,True,True,True,20.0,1111,,a47be7464659f75e69ef6f7165a7b057a0fd433ed180af76723f9bb5e1576a82
teacher,S5,1,96,True,True,True,20.0,1111,,a47be7464659f75e69ef6f7165a7b057a0fd433ed180af76723f9bb5e1576a82
teacher,S5,1,97,True,True,True,20.0,1111,,a47be7464659f75e69ef6f7165a7b057a0fd433ed180af76723f9bb5e1576a82
teacher,S5,1,98,True,True,True,20.0,1111,,a47be7464659f75e69ef6f7165a7b057a0fd433ed180af76723f9bb5e1576a82
teacher,S5,1,99,True,True,True,20.0,1111,,a47be7464659f75e69ef6f7165a7b057a0fd433ed180af76723f9bb5e1576a82
teacher,S5,1,100,True,True,True,20.0,1111,,a47be7464659f75e69ef6f7165a7b057a0fd433ed180af76723f9bb5e1576a82
teacher,S5,1,101,True,True,True,20.0,1111,,a47be7464659f75e69ef6f7165a7b057a0fd433ed180af76723f9bb5e1576a82
teacher,S5,1,102,True,True,True,20.0,1111,,a47be7464659f75e69ef6f7165a7b057a0fd433ed180af76723f9bb5e1576a82
teacher,S5,1,103,True,True,True,20.0,1111,,a47be7464659f75e69ef6f7165a7b057a0fd433ed180af76723f9bb5e1576a82
teacher,S5,1,104,True,True,True,20.0,1111,,a47be7464659f75e69ef6f7165a7b057a0fd433ed180af76723f9bb5e1576a82
teacher,S5,1,105,True,True,True,20.0,1111,,a47be7464659f75e69ef6f7165a7b057a0fd433ed180af76723f9bb5e1576a82
teacher,S5,1,106,True,True,True,20.0,1111,,a47be7464659f75e69ef6f7165a7b057a0fd433ed180af76723f9bb5e1576a82
teacher,S5,1,107,True,True,True,20.0,1111,,a47be7464659f75e69ef6f7165a7b057a0fd433ed180af76723f9bb5e1576a82
teacher,S5,1,108,True,True,True,20.0,1111,,a47be7464659f75e69ef6f7165a7b057a0fd433ed180af76723f9bb5e1576a82
teacher,S5,1,109,True,True,True,20.0,1111,,a47be7464659f75e69ef6f7165a7b057a0fd433ed180af76723f9bb5e1576a82
teacher,S5,1,110,True,True,True,20.0,1111,,a47be7464659f75e69ef6f7165a7b057a0fd433ed180af76723f9bb5e1576a82
teacher,S5,1,111,True,True,True,20.0,1111,,a47be7464659f75e69ef6f7165a7b057a0fd433ed180af76723f9bb5e1576a82
teacher,S5,1,112,True,True,True,20.0,1111,,a47be7464659f75e69ef6f7165a7b057a0fd433ed180af76723f9bb5e1576a82
teacher,S5,1,113,True,True,True,20.0,1111,,a47be7464659f75e69ef6f7165a7b057a0fd433ed180af76723f9bb5e1576a82
teacher,S5,1,114,True,True,True,20.0,1111,,a47be7464659f75e69ef6f7165a7b057a0fd433ed180af76723f9bb5e1576a82
teacher,S5,1,115,True,True,True,20.0,1111,,a47be7464659f75e69ef6f7165a7b057a0fd433ed180af76723f9bb5e1576a82
teacher,S5,1,116,True,True,True,20.0,1111,,a47be7464659f75e69ef6f7165a7b057a0fd433ed180af76723f9bb5e1576a82
teacher,S5,1,117,True,True,True,20.0,1111,,a47be7464659f75e69ef6f7165a7b057a0fd433ed180af76723f9bb5e1576a82
teacher,S5,1,118,True,True,True,20.0,1111,,a47be7464659f75e69ef6f7165a7b057a0fd433ed180af76723f9bb5e1576a82
teacher,S5,1,119,True,True,True,20.0,1111,,a47be7464659f75e69ef6f7165a7b057a0fd433ed180af76723f9bb5e1576a82
teacher,S5,1,120,True,True,True,20.0,1111,,a47be7464659f75e69ef6f7165a7b057a0fd433ed180af76723f9bb5e1576a82
teacher,S5,1,121,True,True,True,20.0,1111,,a47be7464659f75e69ef6f7165a7b057a0fd433ed180af76723f9bb5e1576a82
teacher,S5,1,122,True,True,True,20.0,1111,,a47be7464659f75e69ef6f7165a7b057a0fd433ed180af76723f9bb5e1576a82
teacher,S5,1,123,True,True,True,20.0,1111,,a47be7464659f75e69ef6f7165a7b057a0fd433ed180af76723f9bb5e1576a82
teacher,S5,1,124,True,True,True,20.0,1111,,a47be7464659f75e69ef6f7165a7b057a0fd433ed180af76723f9bb5e1576a82
teacher,S5,1,125,True,True,True,20.0,1111,,a47be7464659f75e69ef6f7165a7b057a0fd433ed180af76723f9bb5e1576a82
teacher,S5,1,126,True,True,True,20.0,1111,,a47be7464659f75e69ef6f7165a7b057a0fd433ed180af76723f9bb5e1576a82
teacher,S5,1,127,True,True,True,20.0,1111,,a47be7464659f75e69ef6f7165a7b057a0fd433ed180af76723f9bb5e1576a82
teacher,S5,2,0,True,True,True,20.0,1111,,a47be7464659f75e69ef6f7165a7b057a0fd433ed180af76723f9bb5e1576a82
teacher,S5,2,1,True,True,True,20.0,1111,,a47be7464659f75e69ef6f7165a7b057a0fd433ed180af76723f9bb5e1576a82
teacher,S5,2,2,True,True,True,20.0,1111,,a47be7464659f75e69ef6f7165a7b057a0fd433ed180af76723f9bb5e1576a82
teacher,S5,2,3,True,True,True,20.0,1111,,a47be7464659f75e69ef6f7165a7b057a0fd433ed180af76723f9bb5e1576a82
teacher,S5,2,4,True,True,True,20.0,1111,,a47be7464659f75e69ef6f7165a7b057a0fd433ed180af76723f9bb5e1576a82
teacher,S5,2,5,True,True,True,20.0,1111,,a47be7464659f75e69ef6f7165a7b057a0fd433ed180af76723f9bb5e1576a82
teacher,S5,2,6,True,True,True,20.0,1111,,a47be7464659f75e69ef6f7165a7b057a0fd433ed180af76723f9bb5e1576a82
teacher,S5,2,7,True,True,True,20.0,1111,,a47be7464659f75e69ef6f7165a7b057a0fd433ed180af76723f9bb5e1576a82
teacher,S5,2,8,True,True,True,20.0,1111,,a47be7464659f75e69ef6f7165a7b057a0fd433ed180af76723f9bb5e1576a82
teacher,S5,2,9,True,True,True,20.0,1111,,a47be7464659f75e69ef6f7165a7b057a0fd433ed180af76723f9bb5e1576a82
teacher,S5,2,10,True,True,True,20.0,1111,,a47be7464659f75e69ef6f7165a7b057a0fd433ed180af76723f9bb5e1576a82
teacher,S5,2,11,True,True,True,20.0,1111,,a47be7464659f75e69ef6f7165a7b057a0fd433ed180af76723f9bb5e1576a82
teacher,S5,2,12,True,True,True,20.0,1111,,a47be7464659f75e69ef6f7165a7b057a0fd433ed180af76723f9bb5e1576a82
teacher,S5,2,13,True,True,True,20.0,1111,,a47be7464659f75e69ef6f7165a7b057a0fd433ed180af76723f9bb5e1576a82
teacher,S5,2,14,True,True,True,20.0,1111,,a47be7464659f75e69ef6f7165a7b057a0fd433ed180af76723f9bb5e1576a82
teacher,S5,2,15,True,True,True,20.0,1111,,a47be7464659f75e69ef6f7165a7b057a0fd433ed180af76723f9bb5e1576a82
teacher,S5,2,16,True,True,True,20.0,1111,,a47be7464659f75e69ef6f7165a7b057a0fd433ed180af76723f9bb5e1576a82
teacher,S5,2,17,True,True,True,20.0,1111,,a47be7464659f75e69ef6f7165a7b057a0fd433ed180af76723f9bb5e1576a82
teacher,S5,2,18,True,True,True,20.0,1111,,a47be7464659f75e69ef6f7165a7b057a0fd433ed180af76723f9bb5e1576a82
teacher,S5,2,19,True,True,True,20.0,1111,,a47be7464659f75e69ef6f7165a7b057a0fd433ed180af76723f9bb5e1576a82
teacher,S5,2,20,True,True,True,20.0,1111,,a47be7464659f75e69ef6f7165a7b057a0fd433ed180af76723f9bb5e1576a82
teacher,S5,2,21,True,True,True,20.0,1111,,a47be7464659f75e69ef6f7165a7b057a0fd433ed180af76723f9bb5e1576a82
teacher,S5,2,22,True,True,True,20.0,1111,,a47be7464659f75e69ef6f7165a7b057a0fd433ed180af76723f9bb5e1576a82
teacher,S5,2,23,True,True,True,20.0,1111,,a47be7464659f75e69ef6f7165a7b057a0fd433ed180af76723f9bb5e1576a82
teacher,S5,2,24,True,True,True,20.0,1111,,a47be7464659f75e69ef6f7165a7b057a0fd433ed180af76723f9bb5e1576a82
teacher,S5,2,25,True,True,True,20.0,1111,,a47be7464659f75e69ef6f7165a7b057a0fd433ed180af76723f9bb5e1576a82
teacher,S5,2,26,True,True,True,20.0,1111,,a47be7464659f75e69ef6f7165a7b057a0fd433ed180af76723f9bb5e1576a82
teacher,S5,2,27,True,True,True,20.0,1111,,a47be7464659f75e69ef6f7165a7b057a0fd433ed180af76723f9bb5e1576a82
teacher,S5,2,28,True,True,True,20.0,1111,,a47be7464659f75e69ef6f7165a7b057a0fd433ed180af76723f9bb5e1576a82
teacher,S5,2,29,True,True,True,20.0,1111,,a47be7464659f75e69ef6f7165a7b057a0fd433ed180af76723f9bb5e1576a82
teacher,S5,2,30,True,True,True,20.0,1111,,a47be7464659f75e69ef6f7165a7b057a0fd433ed180af76723f9bb5e1576a82
teacher,S5,2,31,True,True,True,20.0,1111,,a47be7464659f75e69ef6f7165a7b057a0fd433ed180af76723f9bb5e1576a82
teacher,S5,2,32,True,True,True,20.0,1111,,a47be7464659f75e69ef6f7165a7b057a0fd433ed180af76723f9bb5e1576a82
teacher,S5,2,33,True,True,True,20.0,1111,,a47be7464659f75e69ef6f7165a7b057a0fd433ed180af76723f9bb5e1576a82
teacher,S5,2,34,True,True,True,20.0,1111,,a47be7464659f75e69ef6f7165a7b057a0fd433ed180af76723f9bb5e1576a82
teacher,S5,2,35,True,True,True,20.0,1111,,a47be7464659f75e69ef6f7165a7b057a0fd433ed180af76723f9bb5e1576a82
teacher,S5,2,36,True,True,True,20.0,1111,,a47be7464659f75e69ef6f7165a7b057a0fd433ed180af76723f9bb5e1576a82
teacher,S5,2,37,True,True,True,20.0,1111,,a47be7464659f75e69ef6f7165a7b057a0fd433ed180af76723f9bb5e1576a82
teacher,S5,2,38,True,True,True,20.0,1111,,a47be7464659f75e69ef6f7165a7b057a0fd433ed180af76723f9bb5e1576a82
teacher,S5,2,39,True,True,True,20.0,1111,,a47be7464659f75e69ef6f7165a7b057a0fd433ed180af76723f9bb5e1576a82
teacher,S5,2,40,True,True,True,20.0,1111,,a47be7464659f75e69ef6f7165a7b057a0fd433ed180af76723f9bb5e1576a82
teacher,S5,2,41,True,True,True,20.0,1111,,a47be7464659f75e69ef6f7165a7b057a0fd433ed180af76723f9bb5e1576a82
teacher,S5,2,42,True,True,True,20.0,1111,,a47be7464659f75e69ef6f7165a7b057a0fd433ed180af76723f9bb5e1576a82
teacher,S5,2,43,True,True,True,20.0,1111,,a47be7464659f75e69ef6f7165a7b057a0fd433ed180af76723f9bb5e1576a82
teacher,S5,2,44,True,True,True,20.0,1111,,a47be7464659f75e69ef6f7165a7b057a0fd433ed180af76723f9bb5e1576a82
teacher,S5,2,45,True,True,True,20.0,1111,,a47be7464659f75e69ef6f7165a7b057a0fd433ed180af76723f9bb5e1576a82
teacher,S5,2,46,True,True,True,20.0,1111,,a47be7464659f75e69ef6f7165a7b057a0fd433ed180af76723f9bb5e1576a82
teacher,S5,2,47,True,True,True,20.0,1111,,a47be7464659f75e69ef6f7165a7b057a0fd433ed180af76723f9bb5e1576a82
teacher,S5,2,48,True,True,True,20.0,1111,,a47be7464659f75e69ef6f7165a7b057a0fd433ed180af76723f9bb5e1576a82
teacher,S5,2,49,True,True,True,20.0,1111,,a47be7464659f75e69ef6f7165a7b057a0fd433ed180af76723f9bb5e1576a82
teacher,S5,2,50,True,True,True,20.0,1111,,a47be7464659f75e69ef6f7165a7b057a0fd433ed180af76723f9bb5e1576a82
teacher,S5,2,51,True,True,True,20.0,1111,,a47be7464659f75e69ef6f7165a7b057a0fd433ed180af76723f9bb5e1576a82
teacher,S5,2,52,True,True,True,20.0,1111,,a47be7464659f75e69ef6f7165a7b057a0fd433ed180af76723f9bb5e1576a82
teacher,S5,2,53,True,True,True,20.0,1111,,a47be7464659f75e69ef6f7165a7b057a0fd433ed180af76723f9bb5e1576a82
teacher,S5,2,54,True,True,True,20.0,1111,,a47be7464659f75e69ef6f7165a7b057a0fd433ed180af76723f9bb5e1576a82
teacher,S5,2,55,True,True,True,20.0,1111,,a47be7464659f75e69ef6f7165a7b057a0fd433ed180af76723f9bb5e1576a82
teacher,S5,2,56,True,True,True,20.0,1111,,a47be7464659f75e69ef6f7165a7b057a0fd433ed180af76723f9bb5e1576a82
teacher,S5,2,57,True,True,True,20.0,1111,,a47be7464659f75e69ef6f7165a7b057a0fd433ed180af76723f9bb5e1576a82
teacher,S5,2,58,True,True,True,20.0,1111,,a47be7464659f75e69ef6f7165a7b057a0fd433ed180af76723f9bb5e1576a82
teacher,S5,2,59,True,True,True,20.0,1111,,a47be7464659f75e69ef6f7165a7b057a0fd433ed180af76723f9bb5e1576a82
teacher,S5,2,60,True,True,True,20.0,1111,,a47be7464659f75e69ef6f7165a7b057a0fd433ed180af76723f9bb5e1576a82
teacher,S5,2,61,True,True,True,20.0,1111,,a47be7464659f75e69ef6f7165a7b057a0fd433ed180af76723f9bb5e1576a82
teacher,S5,2,62,True,True,True,20.0,1111,,a47be7464659f75e69ef6f7165a7b057a0fd433ed180af76723f9bb5e1576a82
teacher,S5,2,63,True,True,True,20.0,1111,,a47be7464659f75e69ef6f7165a7b057a0fd433ed180af76723f9bb5e1576a82
teacher,S5,2,64,True,True,True,20.0,1111,,a47be7464659f75e69ef6f7165a7b057a0fd433ed180af76723f9bb5e1576a82
teacher,S5,2,65,True,True,True,20.0,1111,,a47be7464659f75e69ef6f7165a7b057a0fd433ed180af76723f9bb5e1576a82
teacher,S5,2,66,True,True,True,20.0,1111,,a47be7464659f75e69ef6f7165a7b057a0fd433ed180af76723f9bb5e1576a82
teacher,S5,2,67,True,True,True,20.0,1111,,a47be7464659f75e69ef6f7165a7b057a0fd433ed180af76723f9bb5e1576a82
teacher,S5,2,68,True,True,True,20.0,1111,,a47be7464659f75e69ef6f7165a7b057a0fd433ed180af76723f9bb5e1576a82
teacher,S5,2,69,True,True,True,20.0,1111,,a47be7464659f75e69ef6f7165a7b057a0fd433ed180af76723f9bb5e1576a82
teacher,S5,2,70,False,False,False,13.033333333333333,1100,,a47be7464659f75e69ef6f7165a7b057a0fd433ed180af76723f9bb5e1576a82
teacher,S5,2,71,True,True,True,20.0,1111,,a47be7464659f75e69ef6f7165a7b057a0fd433ed180af76723f9bb5e1576a82
teacher,S5,2,72,True,True,True,20.0,1111,,a47be7464659f75e69ef6f7165a7b057a0fd433ed180af76723f9bb5e1576a82
teacher,S5,2,73,True,True,True,20.0,1111,,a47be7464659f75e69ef6f7165a7b057a0fd433ed180af76723f9bb5e1576a82
teacher,S5,2,74,True,True,True,20.0,1111,,a47be7464659f75e69ef6f7165a7b057a0fd433ed180af76723f9bb5e1576a82
teacher,S5,2,75,True,True,True,20.0,1111,,a47be7464659f75e69ef6f7165a7b057a0fd433ed180af76723f9bb5e1576a82
teacher,S5,2,76,True,True,True,20.0,1111,,a47be7464659f75e69ef6f7165a7b057a0fd433ed180af76723f9bb5e1576a82
teacher,S5,2,77,True,True,True,20.0,1111,,a47be7464659f75e69ef6f7165a7b057a0fd433ed180af76723f9bb5e1576a82
teacher,S5,2,78,True,True,True,20.0,1111,,a47be7464659f75e69ef6f7165a7b057a0fd433ed180af76723f9bb5e1576a82
teacher,S5,2,79,True,True,True,20.0,1111,,a47be7464659f75e69ef6f7165a7b057a0fd433ed180af76723f9bb5e1576a82
teacher,S5,2,80,True,True,True,20.0,1111,,a47be7464659f75e69ef6f7165a7b057a0fd433ed180af76723f9bb5e1576a82
teacher,S5,2,81,True,True,True,20.0,1111,,a47be7464659f75e69ef6f7165a7b057a0fd433ed180af76723f9bb5e1576a82
teacher,S5,2,82,True,True,True,20.0,1111,,a47be7464659f75e69ef6f7165a7b057a0fd433ed180af76723f9bb5e1576a82
teacher,S5,2,83,True,True,True,20.0,1111,,a47be7464659f75e69ef6f7165a7b057a0fd433ed180af76723f9bb5e1576a82
teacher,S5,2,84,True,True,True,20.0,1111,,a47be7464659f75e69ef6f7165a7b057a0fd433ed180af76723f9bb5e1576a82
teacher,S5,2,85,True,True,True,20.0,1111,,a47be7464659f75e69ef6f7165a7b057a0fd433ed180af76723f9bb5e1576a82
teacher,S5,2,86,True,True,True,20.0,1111,,a47be7464659f75e69ef6f7165a7b057a0fd433ed180af76723f9bb5e1576a82
teacher,S5,2,87,True,True,True,20.0,1111,,a47be7464659f75e69ef6f7165a7b057a0fd433ed180af76723f9bb5e1576a82
teacher,S5,2,88,True,True,True,20.0,1111,,a47be7464659f75e69ef6f7165a7b057a0fd433ed180af76723f9bb5e1576a82
teacher,S5,2,89,True,True,True,20.0,1111,,a47be7464659f75e69ef6f7165a7b057a0fd433ed180af76723f9bb5e1576a82
teacher,S5,2,90,True,True,True,20.0,1111,,a47be7464659f75e69ef6f7165a7b057a0fd433ed180af76723f9bb5e1576a82
teacher,S5,2,91,True,True,True,20.0,1111,,a47be7464659f75e69ef6f7165a7b057a0fd433ed180af76723f9bb5e1576a82
teacher,S5,2,92,True,True,True,20.0,1111,,a47be7464659f75e69ef6f7165a7b057a0fd433ed180af76723f9bb5e1576a82
teacher,S5,2,93,True,True,True,20.0,1111,,a47be7464659f75e69ef6f7165a7b057a0fd433ed180af76723f9bb5e1576a82
teacher,S5,2,94,True,True,True,20.0,1111,,a47be7464659f75e69ef6f7165a7b057a0fd433ed180af76723f9bb5e1576a82
teacher,S5,2,95,True,True,True,20.0,1111,,a47be7464659f75e69ef6f7165a7b057a0fd433ed180af76723f9bb5e1576a82
teacher,S5,2,96,True,True,True,20.0,1111,,a47be7464659f75e69ef6f7165a7b057a0fd433ed180af76723f9bb5e1576a82
teacher,S5,2,97,True,True,True,20.0,1111,,a47be7464659f75e69ef6f7165a7b057a0fd433ed180af76723f9bb5e1576a82
teacher,S5,2,98,True,True,True,20.0,1111,,a47be7464659f75e69ef6f7165a7b057a0fd433ed180af76723f9bb5e1576a82
teacher,S5,2,99,True,True,True,20.0,1111,,a47be7464659f75e69ef6f7165a7b057a0fd433ed180af76723f9bb5e1576a82
teacher,S5,2,100,True,True,True,20.0,1111,,a47be7464659f75e69ef6f7165a7b057a0fd433ed180af76723f9bb5e1576a82
teacher,S5,2,101,True,True,True,20.0,1111,,a47be7464659f75e69ef6f7165a7b057a0fd433ed180af76723f9bb5e1576a82
teacher,S5,2,102,True,True,True,20.0,1111,,a47be7464659f75e69ef6f7165a7b057a0fd433ed180af76723f9bb5e1576a82
teacher,S5,2,103,True,True,True,20.0,1111,,a47be7464659f75e69ef6f7165a7b057a0fd433ed180af76723f9bb5e1576a82
teacher,S5,2,104,True,True,True,20.0,1111,,a47be7464659f75e69ef6f7165a7b057a0fd433ed180af76723f9bb5e1576a82
teacher,S5,2,105,True,True,True,20.0,1111,,a47be7464659f75e69ef6f7165a7b057a0fd433ed180af76723f9bb5e1576a82
teacher,S5,2,106,True,True,True,20.0,1111,,a47be7464659f75e69ef6f7165a7b057a0fd433ed180af76723f9bb5e1576a82
teacher,S5,2,107,True,True,True,20.0,1111,,a47be7464659f75e69ef6f7165a7b057a0fd433ed180af76723f9bb5e1576a82
teacher,S5,2,108,True,True,True,20.0,1111,,a47be7464659f75e69ef6f7165a7b057a0fd433ed180af76723f9bb5e1576a82
teacher,S5,2,109,True,True,True,20.0,1111,,a47be7464659f75e69ef6f7165a7b057a0fd433ed180af76723f9bb5e1576a82
teacher,S5,2,110,True,True,True,20.0,1111,,a47be7464659f75e69ef6f7165a7b057a0fd433ed180af76723f9bb5e1576a82
teacher,S5,2,111,True,True,True,20.0,1111,,a47be7464659f75e69ef6f7165a7b057a0fd433ed180af76723f9bb5e1576a82
teacher,S5,2,112,True,True,True,20.0,1111,,a47be7464659f75e69ef6f7165a7b057a0fd433ed180af76723f9bb5e1576a82
teacher,S5,2,113,True,True,True,20.0,1111,,a47be7464659f75e69ef6f7165a7b057a0fd433ed180af76723f9bb5e1576a82
teacher,S5,2,114,True,True,True,20.0,1111,,a47be7464659f75e69ef6f7165a7b057a0fd433ed180af76723f9bb5e1576a82
teacher,S5,2,115,True,True,True,20.0,1111,,a47be7464659f75e69ef6f7165a7b057a0fd433ed180af76723f9bb5e1576a82
teacher,S5,2,116,True,True,True,20.0,1111,,a47be7464659f75e69ef6f7165a7b057a0fd433ed180af76723f9bb5e1576a82
teacher,S5,2,117,True,True,True,20.0,1111,,a47be7464659f75e69ef6f7165a7b057a0fd433ed180af76723f9bb5e1576a82
teacher,S5,2,118,True,True,True,20.0,1111,,a47be7464659f75e69ef6f7165a7b057a0fd433ed180af76723f9bb5e1576a82
teacher,S5,2,119,True,True,True,20.0,1111,,a47be7464659f75e69ef6f7165a7b057a0fd433ed180af76723f9bb5e1576a82
teacher,S5,2,120,True,True,True,20.0,1111,,a47be7464659f75e69ef6f7165a7b057a0fd433ed180af76723f9bb5e1576a82
teacher,S5,2,121,True,True,True,20.0,1111,,a47be7464659f75e69ef6f7165a7b057a0fd433ed180af76723f9bb5e1576a82
teacher,S5,2,122,True,True,True,20.0,1111,,a47be7464659f75e69ef6f7165a7b057a0fd433ed180af76723f9bb5e1576a82
teacher,S5,2,123,True,True,True,20.0,1111,,a47be7464659f75e69ef6f7165a7b057a0fd433ed180af76723f9bb5e1576a82
teacher,S5,2,124,True,True,True,20.0,1111,,a47be7464659f75e69ef6f7165a7b057a0fd433ed180af76723f9bb5e1576a82
teacher,S5,2,125,True,True,True,20.0,1111,,a47be7464659f75e69ef6f7165a7b057a0fd433ed180af76723f9bb5e1576a82
teacher,S5,2,126,True,True,True,20.0,1111,,a47be7464659f75e69ef6f7165a7b057a0fd433ed180af76723f9bb5e1576a82
teacher,S5,2,127,True,True,True,20.0,1111,,a47be7464659f75e69ef6f7165a7b057a0fd433ed180af76723f9bb5e1576a82
teacher,S5,3,0,True,True,True,20.0,1111,,a47be7464659f75e69ef6f7165a7b057a0fd433ed180af76723f9bb5e1576a82
teacher,S5,3,1,True,True,True,20.0,1111,,a47be7464659f75e69ef6f7165a7b057a0fd433ed180af76723f9bb5e1576a82
teacher,S5,3,2,True,True,True,20.0,1111,,a47be7464659f75e69ef6f7165a7b057a0fd433ed180af76723f9bb5e1576a82
teacher,S5,3,3,False,True,True,20.0,0101,,a47be7464659f75e69ef6f7165a7b057a0fd433ed180af76723f9bb5e1576a82
teacher,S5,3,4,True,True,True,20.0,1111,,a47be7464659f75e69ef6f7165a7b057a0fd433ed180af76723f9bb5e1576a82
teacher,S5,3,5,True,True,True,20.0,1111,,a47be7464659f75e69ef6f7165a7b057a0fd433ed180af76723f9bb5e1576a82
teacher,S5,3,6,True,True,True,20.0,1111,,a47be7464659f75e69ef6f7165a7b057a0fd433ed180af76723f9bb5e1576a82
teacher,S5,3,7,True,True,True,20.0,1111,,a47be7464659f75e69ef6f7165a7b057a0fd433ed180af76723f9bb5e1576a82
teacher,S5,3,8,True,True,True,20.0,1111,,a47be7464659f75e69ef6f7165a7b057a0fd433ed180af76723f9bb5e1576a82
teacher,S5,3,9,True,True,True,20.0,1111,,a47be7464659f75e69ef6f7165a7b057a0fd433ed180af76723f9bb5e1576a82
teacher,S5,3,10,True,True,True,20.0,1111,,a47be7464659f75e69ef6f7165a7b057a0fd433ed180af76723f9bb5e1576a82
teacher,S5,3,11,True,True,True,20.0,1111,,a47be7464659f75e69ef6f7165a7b057a0fd433ed180af76723f9bb5e1576a82
teacher,S5,3,12,False,True,True,20.0,0011,,a47be7464659f75e69ef6f7165a7b057a0fd433ed180af76723f9bb5e1576a82
teacher,S5,3,13,True,True,True,20.0,1111,,a47be7464659f75e69ef6f7165a7b057a0fd433ed180af76723f9bb5e1576a82
teacher,S5,3,14,True,True,True,20.0,1111,,a47be7464659f75e69ef6f7165a7b057a0fd433ed180af76723f9bb5e1576a82
teacher,S5,3,15,True,True,True,20.0,1111,,a47be7464659f75e69ef6f7165a7b057a0fd433ed180af76723f9bb5e1576a82
teacher,S5,3,16,True,True,True,20.0,1111,,a47be7464659f75e69ef6f7165a7b057a0fd433ed180af76723f9bb5e1576a82
teacher,S5,3,17,True,True,True,20.0,1111,,a47be7464659f75e69ef6f7165a7b057a0fd433ed180af76723f9bb5e1576a82
teacher,S5,3,18,True,True,True,20.0,1111,,a47be7464659f75e69ef6f7165a7b057a0fd433ed180af76723f9bb5e1576a82
teacher,S5,3,19,True,True,True,20.0,1111,,a47be7464659f75e69ef6f7165a7b057a0fd433ed180af76723f9bb5e1576a82
teacher,S5,3,20,True,True,True,20.0,1111,,a47be7464659f75e69ef6f7165a7b057a0fd433ed180af76723f9bb5e1576a82
teacher,S5,3,21,True,True,True,20.0,1111,,a47be7464659f75e69ef6f7165a7b057a0fd433ed180af76723f9bb5e1576a82
teacher,S5,3,22,True,True,True,20.0,1111,,a47be7464659f75e69ef6f7165a7b057a0fd433ed180af76723f9bb5e1576a82
teacher,S5,3,23,True,True,True,20.0,1111,,a47be7464659f75e69ef6f7165a7b057a0fd433ed180af76723f9bb5e1576a82
teacher,S5,3,24,True,True,True,20.0,1111,,a47be7464659f75e69ef6f7165a7b057a0fd433ed180af76723f9bb5e1576a82
teacher,S5,3,25,True,True,True,20.0,1111,,a47be7464659f75e69ef6f7165a7b057a0fd433ed180af76723f9bb5e1576a82
teacher,S5,3,26,True,True,True,20.0,1111,,a47be7464659f75e69ef6f7165a7b057a0fd433ed180af76723f9bb5e1576a82
teacher,S5,3,27,True,True,True,20.0,1111,,a47be7464659f75e69ef6f7165a7b057a0fd433ed180af76723f9bb5e1576a82
teacher,S5,3,28,True,True,True,20.0,1111,,a47be7464659f75e69ef6f7165a7b057a0fd433ed180af76723f9bb5e1576a82
teacher,S5,3,29,True,True,True,20.0,1111,,a47be7464659f75e69ef6f7165a7b057a0fd433ed180af76723f9bb5e1576a82
teacher,S5,3,30,True,True,True,20.0,1111,,a47be7464659f75e69ef6f7165a7b057a0fd433ed180af76723f9bb5e1576a82
teacher,S5,3,31,True,True,True,20.0,1111,,a47be7464659f75e69ef6f7165a7b057a0fd433ed180af76723f9bb5e1576a82
teacher,S5,3,32,True,True,True,20.0,1111,,a47be7464659f75e69ef6f7165a7b057a0fd433ed180af76723f9bb5e1576a82
teacher,S5,3,33,True,True,True,20.0,1111,,a47be7464659f75e69ef6f7165a7b057a0fd433ed180af76723f9bb5e1576a82
teacher,S5,3,34,True,True,True,20.0,1111,,a47be7464659f75e69ef6f7165a7b057a0fd433ed180af76723f9bb5e1576a82
teacher,S5,3,35,True,True,True,20.0,1111,,a47be7464659f75e69ef6f7165a7b057a0fd433ed180af76723f9bb5e1576a82
teacher,S5,3,36,True,True,True,20.0,1111,,a47be7464659f75e69ef6f7165a7b057a0fd433ed180af76723f9bb5e1576a82
teacher,S5,3,37,True,True,True,20.0,1111,,a47be7464659f75e69ef6f7165a7b057a0fd433ed180af76723f9bb5e1576a82
teacher,S5,3,38,True,True,True,20.0,1111,,a47be7464659f75e69ef6f7165a7b057a0fd433ed180af76723f9bb5e1576a82
teacher,S5,3,39,True,True,True,20.0,1111,,a47be7464659f75e69ef6f7165a7b057a0fd433ed180af76723f9bb5e1576a82
teacher,S5,3,40,True,True,True,20.0,1111,,a47be7464659f75e69ef6f7165a7b057a0fd433ed180af76723f9bb5e1576a82
teacher,S5,3,41,True,True,True,20.0,1111,,a47be7464659f75e69ef6f7165a7b057a0fd433ed180af76723f9bb5e1576a82
teacher,S5,3,42,True,True,True,20.0,1111,,a47be7464659f75e69ef6f7165a7b057a0fd433ed180af76723f9bb5e1576a82
teacher,S5,3,43,True,True,True,20.0,1111,,a47be7464659f75e69ef6f7165a7b057a0fd433ed180af76723f9bb5e1576a82
teacher,S5,3,44,True,True,True,20.0,1111,,a47be7464659f75e69ef6f7165a7b057a0fd433ed180af76723f9bb5e1576a82
teacher,S5,3,45,True,True,True,20.0,1111,,a47be7464659f75e69ef6f7165a7b057a0fd433ed180af76723f9bb5e1576a82
teacher,S5,3,46,True,True,True,20.0,1111,,a47be7464659f75e69ef6f7165a7b057a0fd433ed180af76723f9bb5e1576a82
teacher,S5,3,47,True,True,True,20.0,1111,,a47be7464659f75e69ef6f7165a7b057a0fd433ed180af76723f9bb5e1576a82
teacher,S5,3,48,True,True,True,20.0,1111,,a47be7464659f75e69ef6f7165a7b057a0fd433ed180af76723f9bb5e1576a82
teacher,S5,3,49,True,True,True,20.0,1111,,a47be7464659f75e69ef6f7165a7b057a0fd433ed180af76723f9bb5e1576a82
teacher,S5,3,50,False,True,True,20.0,1101,,a47be7464659f75e69ef6f7165a7b057a0fd433ed180af76723f9bb5e1576a82
teacher,S5,3,51,True,True,True,20.0,1111,,a47be7464659f75e69ef6f7165a7b057a0fd433ed180af76723f9bb5e1576a82
teacher,S5,3,52,True,True,True,20.0,1111,,a47be7464659f75e69ef6f7165a7b057a0fd433ed180af76723f9bb5e1576a82
teacher,S5,3,53,True,True,True,20.0,1111,,a47be7464659f75e69ef6f7165a7b057a0fd433ed180af76723f9bb5e1576a82
teacher,S5,3,54,False,True,True,20.0,0111,,a47be7464659f75e69ef6f7165a7b057a0fd433ed180af76723f9bb5e1576a82
teacher,S5,3,55,True,True,True,20.0,1111,,a47be7464659f75e69ef6f7165a7b057a0fd433ed180af76723f9bb5e1576a82
teacher,S5,3,56,False,True,True,20.0,0101,,a47be7464659f75e69ef6f7165a7b057a0fd433ed180af76723f9bb5e1576a82
teacher,S5,3,57,True,True,True,20.0,1111,,a47be7464659f75e69ef6f7165a7b057a0fd433ed180af76723f9bb5e1576a82
teacher,S5,3,58,True,True,True,20.0,1111,,a47be7464659f75e69ef6f7165a7b057a0fd433ed180af76723f9bb5e1576a82
teacher,S5,3,59,True,True,True,20.0,1111,,a47be7464659f75e69ef6f7165a7b057a0fd433ed180af76723f9bb5e1576a82
teacher,S5,3,60,True,True,True,20.0,1111,,a47be7464659f75e69ef6f7165a7b057a0fd433ed180af76723f9bb5e1576a82
teacher,S5,3,61,True,True,True,20.0,1111,,a47be7464659f75e69ef6f7165a7b057a0fd433ed180af76723f9bb5e1576a82
teacher,S5,3,62,True,True,True,20.0,1111,,a47be7464659f75e69ef6f7165a7b057a0fd433ed180af76723f9bb5e1576a82
teacher,S5,3,63,True,True,True,20.0,1111,,a47be7464659f75e69ef6f7165a7b057a0fd433ed180af76723f9bb5e1576a82
teacher,S5,3,64,True,True,True,20.0,1111,,a47be7464659f75e69ef6f7165a7b057a0fd433ed180af76723f9bb5e1576a82
teacher,S5,3,65,True,True,True,20.0,1111,,a47be7464659f75e69ef6f7165a7b057a0fd433ed180af76723f9bb5e1576a82
teacher,S5,3,66,False,True,True,20.0,0101,,a47be7464659f75e69ef6f7165a7b057a0fd433ed180af76723f9bb5e1576a82
teacher,S5,3,67,True,True,True,20.0,1111,,a47be7464659f75e69ef6f7165a7b057a0fd433ed180af76723f9bb5e1576a82
teacher,S5,3,68,True,True,True,20.0,1111,,a47be7464659f75e69ef6f7165a7b057a0fd433ed180af76723f9bb5e1576a82
teacher,S5,3,69,True,True,True,20.0,1111,,a47be7464659f75e69ef6f7165a7b057a0fd433ed180af76723f9bb5e1576a82
teacher,S5,3,70,True,True,True,20.0,1111,,a47be7464659f75e69ef6f7165a7b057a0fd433ed180af76723f9bb5e1576a82
teacher,S5,3,71,True,True,True,20.0,1111,,a47be7464659f75e69ef6f7165a7b057a0fd433ed180af76723f9bb5e1576a82
teacher,S5,3,72,True,True,True,20.0,1111,,a47be7464659f75e69ef6f7165a7b057a0fd433ed180af76723f9bb5e1576a82
teacher,S5,3,73,True,True,True,20.0,1111,,a47be7464659f75e69ef6f7165a7b057a0fd433ed180af76723f9bb5e1576a82
teacher,S5,3,74,True,True,True,20.0,1111,,a47be7464659f75e69ef6f7165a7b057a0fd433ed180af76723f9bb5e1576a82
teacher,S5,3,75,True,True,True,20.0,1111,,a47be7464659f75e69ef6f7165a7b057a0fd433ed180af76723f9bb5e1576a82
teacher,S5,3,76,True,True,True,20.0,1111,,a47be7464659f75e69ef6f7165a7b057a0fd433ed180af76723f9bb5e1576a82
teacher,S5,3,77,True,True,True,20.0,1111,,a47be7464659f75e69ef6f7165a7b057a0fd433ed180af76723f9bb5e1576a82
teacher,S5,3,78,True,True,True,20.0,1111,,a47be7464659f75e69ef6f7165a7b057a0fd433ed180af76723f9bb5e1576a82
teacher,S5,3,79,True,True,True,20.0,1111,,a47be7464659f75e69ef6f7165a7b057a0fd433ed180af76723f9bb5e1576a82
teacher,S5,3,80,False,True,True,20.0,1101,,a47be7464659f75e69ef6f7165a7b057a0fd433ed180af76723f9bb5e1576a82
teacher,S5,3,81,True,True,True,20.0,1111,,a47be7464659f75e69ef6f7165a7b057a0fd433ed180af76723f9bb5e1576a82
teacher,S5,3,82,True,True,True,20.0,1111,,a47be7464659f75e69ef6f7165a7b057a0fd433ed180af76723f9bb5e1576a82
teacher,S5,3,83,True,True,True,20.0,1111,,a47be7464659f75e69ef6f7165a7b057a0fd433ed180af76723f9bb5e1576a82
teacher,S5,3,84,True,True,True,20.0,1111,,a47be7464659f75e69ef6f7165a7b057a0fd433ed180af76723f9bb5e1576a82
teacher,S5,3,85,False,True,True,20.0,1101,,a47be7464659f75e69ef6f7165a7b057a0fd433ed180af76723f9bb5e1576a82
teacher,S5,3,86,True,True,True,20.0,1111,,a47be7464659f75e69ef6f7165a7b057a0fd433ed180af76723f9bb5e1576a82
teacher,S5,3,87,False,True,True,20.0,0111,,a47be7464659f75e69ef6f7165a7b057a0fd433ed180af76723f9bb5e1576a82
teacher,S5,3,88,True,True,True,20.0,1111,,a47be7464659f75e69ef6f7165a7b057a0fd433ed180af76723f9bb5e1576a82
teacher,S5,3,89,False,True,True,20.0,1101,,a47be7464659f75e69ef6f7165a7b057a0fd433ed180af76723f9bb5e1576a82
teacher,S5,3,90,True,True,True,20.0,1111,,a47be7464659f75e69ef6f7165a7b057a0fd433ed180af76723f9bb5e1576a82
teacher,S5,3,91,True,True,True,20.0,1111,,a47be7464659f75e69ef6f7165a7b057a0fd433ed180af76723f9bb5e1576a82
teacher,S5,3,92,False,True,True,20.0,1101,,a47be7464659f75e69ef6f7165a7b057a0fd433ed180af76723f9bb5e1576a82
teacher,S5,3,93,True,True,True,20.0,1111,,a47be7464659f75e69ef6f7165a7b057a0fd433ed180af76723f9bb5e1576a82
teacher,S5,3,94,True,True,True,20.0,1111,,a47be7464659f75e69ef6f7165a7b057a0fd433ed180af76723f9bb5e1576a82
teacher,S5,3,95,True,True,True,20.0,1111,,a47be7464659f75e69ef6f7165a7b057a0fd433ed180af76723f9bb5e1576a82
teacher,S5,3,96,True,True,True,20.0,1111,,a47be7464659f75e69ef6f7165a7b057a0fd433ed180af76723f9bb5e1576a82
teacher,S5,3,97,True,True,True,20.0,1111,,a47be7464659f75e69ef6f7165a7b057a0fd433ed180af76723f9bb5e1576a82
teacher,S5,3,98,True,True,True,20.0,1111,,a47be7464659f75e69ef6f7165a7b057a0fd433ed180af76723f9bb5e1576a82
teacher,S5,3,99,True,True,True,20.0,1111,,a47be7464659f75e69ef6f7165a7b057a0fd433ed180af76723f9bb5e1576a82
teacher,S5,3,100,True,True,True,20.0,1111,,a47be7464659f75e69ef6f7165a7b057a0fd433ed180af76723f9bb5e1576a82
teacher,S5,3,101,True,True,True,20.0,1111,,a47be7464659f75e69ef6f7165a7b057a0fd433ed180af76723f9bb5e1576a82
teacher,S5,3,102,True,True,True,20.0,1111,,a47be7464659f75e69ef6f7165a7b057a0fd433ed180af76723f9bb5e1576a82
teacher,S5,3,103,True,True,True,20.0,1111,,a47be7464659f75e69ef6f7165a7b057a0fd433ed180af76723f9bb5e1576a82
teacher,S5,3,104,False,True,True,20.0,0111,,a47be7464659f75e69ef6f7165a7b057a0fd433ed180af76723f9bb5e1576a82
teacher,S5,3,105,True,True,True,20.0,1111,,a47be7464659f75e69ef6f7165a7b057a0fd433ed180af76723f9bb5e1576a82
teacher,S5,3,106,False,True,True,20.0,0111,,a47be7464659f75e69ef6f7165a7b057a0fd433ed180af76723f9bb5e1576a82
teacher,S5,3,107,True,True,True,20.0,1111,,a47be7464659f75e69ef6f7165a7b057a0fd433ed180af76723f9bb5e1576a82
teacher,S5,3,108,True,True,True,20.0,1111,,a47be7464659f75e69ef6f7165a7b057a0fd433ed180af76723f9bb5e1576a82
teacher,S5,3,109,True,True,True,20.0,1111,,a47be7464659f75e69ef6f7165a7b057a0fd433ed180af76723f9bb5e1576a82
teacher,S5,3,110,True,True,True,20.0,1111,,a47be7464659f75e69ef6f7165a7b057a0fd433ed180af76723f9bb5e1576a82
teacher,S5,3,111,True,True,True,20.0,1111,,a47be7464659f75e69ef6f7165a7b057a0fd433ed180af76723f9bb5e1576a82
teacher,S5,3,112,False,True,True,20.0,0011,,a47be7464659f75e69ef6f7165a7b057a0fd433ed180af76723f9bb5e1576a82
teacher,S5,3,113,True,True,True,20.0,1111,,a47be7464659f75e69ef6f7165a7b057a0fd433ed180af76723f9bb5e1576a82
teacher,S5,3,114,False,True,True,20.0,0101,,a47be7464659f75e69ef6f7165a7b057a0fd433ed180af76723f9bb5e1576a82
teacher,S5,3,115,True,True,True,20.0,1111,,a47be7464659f75e69ef6f7165a7b057a0fd433ed180af76723f9bb5e1576a82
teacher,S5,3,116,False,False,False,0.9,0000,,a47be7464659f75e69ef6f7165a7b057a0fd433ed180af76723f9bb5e1576a82
teacher,S5,3,117,True,True,True,20.0,1111,,a47be7464659f75e69ef6f7165a7b057a0fd433ed180af76723f9bb5e1576a82
teacher,S5,3,118,True,True,True,20.0,1111,,a47be7464659f75e69ef6f7165a7b057a0fd433ed180af76723f9bb5e1576a82
teacher,S5,3,119,True,True,True,20.0,1111,,a47be7464659f75e69ef6f7165a7b057a0fd433ed180af76723f9bb5e1576a82
teacher,S5,3,120,True,True,True,20.0,1111,,a47be7464659f75e69ef6f7165a7b057a0fd433ed180af76723f9bb5e1576a82
teacher,S5,3,121,True,True,True,20.0,1111,,a47be7464659f75e69ef6f7165a7b057a0fd433ed180af76723f9bb5e1576a82
teacher,S5,3,122,True,True,True,20.0,1111,,a47be7464659f75e69ef6f7165a7b057a0fd433ed180af76723f9bb5e1576a82
teacher,S5,3,123,True,True,True,20.0,1111,,a47be7464659f75e69ef6f7165a7b057a0fd433ed180af76723f9bb5e1576a82
teacher,S5,3,124,True,True,True,20.0,1111,,a47be7464659f75e69ef6f7165a7b057a0fd433ed180af76723f9bb5e1576a82
teacher,S5,3,125,True,True,True,20.0,1111,,a47be7464659f75e69ef6f7165a7b057a0fd433ed180af76723f9bb5e1576a82
teacher,S5,3,126,True,True,True,20.0,1111,,a47be7464659f75e69ef6f7165a7b057a0fd433ed180af76723f9bb5e1576a82
teacher,S5,3,127,True,True,True,20.0,1111,,a47be7464659f75e69ef6f7165a7b057a0fd433ed180af76723f9bb5e1576a82
teacher,F,0,0,True,True,True,40.0,,10,a47be7464659f75e69ef6f7165a7b057a0fd433ed180af76723f9bb5e1576a82
teacher,F,0,1,True,True,True,40.0,,10,a47be7464659f75e69ef6f7165a7b057a0fd433ed180af76723f9bb5e1576a82
teacher,F,0,2,True,True,True,40.0,,10,a47be7464659f75e69ef6f7165a7b057a0fd433ed180af76723f9bb5e1576a82
teacher,F,0,3,True,True,True,40.0,,10,a47be7464659f75e69ef6f7165a7b057a0fd433ed180af76723f9bb5e1576a82
teacher,F,0,4,True,True,True,40.0,,10,a47be7464659f75e69ef6f7165a7b057a0fd433ed180af76723f9bb5e1576a82
teacher,F,0,5,True,True,True,40.0,,10,a47be7464659f75e69ef6f7165a7b057a0fd433ed180af76723f9bb5e1576a82
teacher,F,0,6,True,True,True,40.0,,10,a47be7464659f75e69ef6f7165a7b057a0fd433ed180af76723f9bb5e1576a82
teacher,F,0,7,True,True,True,40.0,,10,a47be7464659f75e69ef6f7165a7b057a0fd433ed180af76723f9bb5e1576a82
teacher,F,0,8,True,True,True,40.0,,10,a47be7464659f75e69ef6f7165a7b057a0fd433ed180af76723f9bb5e1576a82
teacher,F,0,9,True,True,True,40.0,,10,a47be7464659f75e69ef6f7165a7b057a0fd433ed180af76723f9bb5e1576a82
teacher,F,0,10,True,True,True,40.0,,10,a47be7464659f75e69ef6f7165a7b057a0fd433ed180af76723f9bb5e1576a82
teacher,F,0,11,True,True,True,40.0,,10,a47be7464659f75e69ef6f7165a7b057a0fd433ed180af76723f9bb5e1576a82
teacher,F,0,12,True,True,True,40.0,,10,a47be7464659f75e69ef6f7165a7b057a0fd433ed180af76723f9bb5e1576a82
teacher,F,0,13,True,True,True,40.0,,10,a47be7464659f75e69ef6f7165a7b057a0fd433ed180af76723f9bb5e1576a82
teacher,F,0,14,True,True,True,40.0,,10,a47be7464659f75e69ef6f7165a7b057a0fd433ed180af76723f9bb5e1576a82
teacher,F,0,15,True,True,True,40.0,,10,a47be7464659f75e69ef6f7165a7b057a0fd433ed180af76723f9bb5e1576a82
teacher,F,0,16,True,True,True,40.0,,10,a47be7464659f75e69ef6f7165a7b057a0fd433ed180af76723f9bb5e1576a82
teacher,F,0,17,True,True,True,40.0,,10,a47be7464659f75e69ef6f7165a7b057a0fd433ed180af76723f9bb5e1576a82
teacher,F,0,18,True,True,True,40.0,,10,a47be7464659f75e69ef6f7165a7b057a0fd433ed180af76723f9bb5e1576a82
teacher,F,0,19,True,True,True,40.0,,10,a47be7464659f75e69ef6f7165a7b057a0fd433ed180af76723f9bb5e1576a82
teacher,F,0,20,True,True,True,40.0,,10,a47be7464659f75e69ef6f7165a7b057a0fd433ed180af76723f9bb5e1576a82
teacher,F,0,21,True,True,True,40.0,,10,a47be7464659f75e69ef6f7165a7b057a0fd433ed180af76723f9bb5e1576a82
teacher,F,0,22,True,True,True,40.0,,10,a47be7464659f75e69ef6f7165a7b057a0fd433ed180af76723f9bb5e1576a82
teacher,F,0,23,True,True,True,40.0,,10,a47be7464659f75e69ef6f7165a7b057a0fd433ed180af76723f9bb5e1576a82
teacher,F,0,24,True,True,True,40.0,,10,a47be7464659f75e69ef6f7165a7b057a0fd433ed180af76723f9bb5e1576a82
teacher,F,0,25,True,True,True,40.0,,10,a47be7464659f75e69ef6f7165a7b057a0fd433ed180af76723f9bb5e1576a82
teacher,F,0,26,True,True,True,40.0,,10,a47be7464659f75e69ef6f7165a7b057a0fd433ed180af76723f9bb5e1576a82
teacher,F,0,27,True,True,True,40.0,,10,a47be7464659f75e69ef6f7165a7b057a0fd433ed180af76723f9bb5e1576a82
teacher,F,0,28,True,True,True,40.0,,10,a47be7464659f75e69ef6f7165a7b057a0fd433ed180af76723f9bb5e1576a82
teacher,F,0,29,True,True,True,40.0,,10,a47be7464659f75e69ef6f7165a7b057a0fd433ed180af76723f9bb5e1576a82
teacher,F,0,30,True,True,True,40.0,,10,a47be7464659f75e69ef6f7165a7b057a0fd433ed180af76723f9bb5e1576a82
teacher,F,0,31,True,True,True,40.0,,10,a47be7464659f75e69ef6f7165a7b057a0fd433ed180af76723f9bb5e1576a82
teacher,F,0,32,True,True,True,40.0,,10,a47be7464659f75e69ef6f7165a7b057a0fd433ed180af76723f9bb5e1576a82
teacher,F,0,33,True,True,True,40.0,,10,a47be7464659f75e69ef6f7165a7b057a0fd433ed180af76723f9bb5e1576a82
teacher,F,0,34,True,True,True,40.0,,10,a47be7464659f75e69ef6f7165a7b057a0fd433ed180af76723f9bb5e1576a82
teacher,F,0,35,True,True,True,40.0,,10,a47be7464659f75e69ef6f7165a7b057a0fd433ed180af76723f9bb5e1576a82
teacher,F,0,36,True,True,True,40.0,,10,a47be7464659f75e69ef6f7165a7b057a0fd433ed180af76723f9bb5e1576a82
teacher,F,0,37,True,True,True,40.0,,10,a47be7464659f75e69ef6f7165a7b057a0fd433ed180af76723f9bb5e1576a82
teacher,F,0,38,True,True,True,40.0,,10,a47be7464659f75e69ef6f7165a7b057a0fd433ed180af76723f9bb5e1576a82
teacher,F,0,39,True,True,True,40.0,,10,a47be7464659f75e69ef6f7165a7b057a0fd433ed180af76723f9bb5e1576a82
teacher,F,0,40,True,True,True,40.0,,10,a47be7464659f75e69ef6f7165a7b057a0fd433ed180af76723f9bb5e1576a82
teacher,F,0,41,True,True,True,40.0,,10,a47be7464659f75e69ef6f7165a7b057a0fd433ed180af76723f9bb5e1576a82
teacher,F,0,42,True,True,True,40.0,,10,a47be7464659f75e69ef6f7165a7b057a0fd433ed180af76723f9bb5e1576a82
teacher,F,0,43,True,True,True,40.0,,10,a47be7464659f75e69ef6f7165a7b057a0fd433ed180af76723f9bb5e1576a82
teacher,F,0,44,True,True,True,40.0,,10,a47be7464659f75e69ef6f7165a7b057a0fd433ed180af76723f9bb5e1576a82
teacher,F,0,45,True,True,True,40.0,,10,a47be7464659f75e69ef6f7165a7b057a0fd433ed180af76723f9bb5e1576a82
teacher,F,0,46,True,True,True,40.0,,10,a47be7464659f75e69ef6f7165a7b057a0fd433ed180af76723f9bb5e1576a82
teacher,F,0,47,True,True,True,40.0,,10,a47be7464659f75e69ef6f7165a7b057a0fd433ed180af76723f9bb5e1576a82
teacher,F,0,48,True,True,True,40.0,,10,a47be7464659f75e69ef6f7165a7b057a0fd433ed180af76723f9bb5e1576a82
teacher,F,0,49,True,True,True,40.0,,10,a47be7464659f75e69ef6f7165a7b057a0fd433ed180af76723f9bb5e1576a82
teacher,F,0,50,True,True,True,40.0,,10,a47be7464659f75e69ef6f7165a7b057a0fd433ed180af76723f9bb5e1576a82
teacher,F,0,51,True,True,True,40.0,,10,a47be7464659f75e69ef6f7165a7b057a0fd433ed180af76723f9bb5e1576a82
teacher,F,0,52,True,True,True,40.0,,10,a47be7464659f75e69ef6f7165a7b057a0fd433ed180af76723f9bb5e1576a82
teacher,F,0,53,True,True,True,40.0,,10,a47be7464659f75e69ef6f7165a7b057a0fd433ed180af76723f9bb5e1576a82
teacher,F,0,54,True,True,True,40.0,,10,a47be7464659f75e69ef6f7165a7b057a0fd433ed180af76723f9bb5e1576a82
teacher,F,0,55,True,True,True,40.0,,10,a47be7464659f75e69ef6f7165a7b057a0fd433ed180af76723f9bb5e1576a82
teacher,F,0,56,True,True,True,40.0,,10,a47be7464659f75e69ef6f7165a7b057a0fd433ed180af76723f9bb5e1576a82
teacher,F,0,57,True,True,True,40.0,,10,a47be7464659f75e69ef6f7165a7b057a0fd433ed180af76723f9bb5e1576a82
teacher,F,0,58,True,True,True,40.0,,10,a47be7464659f75e69ef6f7165a7b057a0fd433ed180af76723f9bb5e1576a82
teacher,F,0,59,True,True,True,40.0,,10,a47be7464659f75e69ef6f7165a7b057a0fd433ed180af76723f9bb5e1576a82
teacher,F,0,60,True,True,True,40.0,,10,a47be7464659f75e69ef6f7165a7b057a0fd433ed180af76723f9bb5e1576a82
teacher,F,0,61,True,True,True,40.0,,10,a47be7464659f75e69ef6f7165a7b057a0fd433ed180af76723f9bb5e1576a82
teacher,F,0,62,True,True,True,40.0,,10,a47be7464659f75e69ef6f7165a7b057a0fd433ed180af76723f9bb5e1576a82
teacher,F,0,63,True,True,True,40.0,,10,a47be7464659f75e69ef6f7165a7b057a0fd433ed180af76723f9bb5e1576a82
teacher,F,0,64,True,True,True,40.0,,10,a47be7464659f75e69ef6f7165a7b057a0fd433ed180af76723f9bb5e1576a82
teacher,F,0,65,True,True,True,40.0,,10,a47be7464659f75e69ef6f7165a7b057a0fd433ed180af76723f9bb5e1576a82
teacher,F,0,66,True,True,True,40.0,,10,a47be7464659f75e69ef6f7165a7b057a0fd433ed180af76723f9bb5e1576a82
teacher,F,0,67,True,True,True,40.0,,10,a47be7464659f75e69ef6f7165a7b057a0fd433ed180af76723f9bb5e1576a82
teacher,F,0,68,True,True,True,40.0,,10,a47be7464659f75e69ef6f7165a7b057a0fd433ed180af76723f9bb5e1576a82
teacher,F,0,69,True,True,True,40.0,,10,a47be7464659f75e69ef6f7165a7b057a0fd433ed180af76723f9bb5e1576a82
teacher,F,0,70,True,True,True,40.0,,10,a47be7464659f75e69ef6f7165a7b057a0fd433ed180af76723f9bb5e1576a82
teacher,F,0,71,True,True,True,40.0,,10,a47be7464659f75e69ef6f7165a7b057a0fd433ed180af76723f9bb5e1576a82
teacher,F,0,72,True,True,True,40.0,,10,a47be7464659f75e69ef6f7165a7b057a0fd433ed180af76723f9bb5e1576a82
teacher,F,0,73,True,True,True,40.0,,10,a47be7464659f75e69ef6f7165a7b057a0fd433ed180af76723f9bb5e1576a82
teacher,F,0,74,True,True,True,40.0,,10,a47be7464659f75e69ef6f7165a7b057a0fd433ed180af76723f9bb5e1576a82
teacher,F,0,75,True,True,True,40.0,,10,a47be7464659f75e69ef6f7165a7b057a0fd433ed180af76723f9bb5e1576a82
teacher,F,0,76,True,True,True,40.0,,10,a47be7464659f75e69ef6f7165a7b057a0fd433ed180af76723f9bb5e1576a82
teacher,F,0,77,True,True,True,40.0,,10,a47be7464659f75e69ef6f7165a7b057a0fd433ed180af76723f9bb5e1576a82
teacher,F,0,78,True,True,True,40.0,,10,a47be7464659f75e69ef6f7165a7b057a0fd433ed180af76723f9bb5e1576a82
teacher,F,0,79,True,True,True,40.0,,10,a47be7464659f75e69ef6f7165a7b057a0fd433ed180af76723f9bb5e1576a82
teacher,F,0,80,True,True,True,40.0,,10,a47be7464659f75e69ef6f7165a7b057a0fd433ed180af76723f9bb5e1576a82
teacher,F,0,81,True,True,True,40.0,,10,a47be7464659f75e69ef6f7165a7b057a0fd433ed180af76723f9bb5e1576a82
teacher,F,0,82,True,True,True,40.0,,10,a47be7464659f75e69ef6f7165a7b057a0fd433ed180af76723f9bb5e1576a82
teacher,F,0,83,True,True,True,40.0,,10,a47be7464659f75e69ef6f7165a7b057a0fd433ed180af76723f9bb5e1576a82
teacher,F,0,84,True,True,True,40.0,,10,a47be7464659f75e69ef6f7165a7b057a0fd433ed180af76723f9bb5e1576a82
teacher,F,0,85,True,True,True,40.0,,10,a47be7464659f75e69ef6f7165a7b057a0fd433ed180af76723f9bb5e1576a82
teacher,F,0,86,True,True,True,40.0,,10,a47be7464659f75e69ef6f7165a7b057a0fd433ed180af76723f9bb5e1576a82
teacher,F,0,87,True,True,True,40.0,,10,a47be7464659f75e69ef6f7165a7b057a0fd433ed180af76723f9bb5e1576a82
teacher,F,0,88,True,True,True,40.0,,10,a47be7464659f75e69ef6f7165a7b057a0fd433ed180af76723f9bb5e1576a82
teacher,F,0,89,True,True,True,40.0,,10,a47be7464659f75e69ef6f7165a7b057a0fd433ed180af76723f9bb5e1576a82
teacher,F,0,90,True,True,True,40.0,,10,a47be7464659f75e69ef6f7165a7b057a0fd433ed180af76723f9bb5e1576a82
teacher,F,0,91,True,True,True,40.0,,10,a47be7464659f75e69ef6f7165a7b057a0fd433ed180af76723f9bb5e1576a82
teacher,F,0,92,True,True,True,40.0,,10,a47be7464659f75e69ef6f7165a7b057a0fd433ed180af76723f9bb5e1576a82
teacher,F,0,93,True,True,True,40.0,,10,a47be7464659f75e69ef6f7165a7b057a0fd433ed180af76723f9bb5e1576a82
teacher,F,0,94,True,True,True,40.0,,10,a47be7464659f75e69ef6f7165a7b057a0fd433ed180af76723f9bb5e1576a82
teacher,F,0,95,True,True,True,40.0,,10,a47be7464659f75e69ef6f7165a7b057a0fd433ed180af76723f9bb5e1576a82
teacher,F,0,96,True,True,True,40.0,,10,a47be7464659f75e69ef6f7165a7b057a0fd433ed180af76723f9bb5e1576a82
teacher,F,0,97,True,True,True,40.0,,10,a47be7464659f75e69ef6f7165a7b057a0fd433ed180af76723f9bb5e1576a82
teacher,F,0,98,True,True,True,40.0,,10,a47be7464659f75e69ef6f7165a7b057a0fd433ed180af76723f9bb5e1576a82
teacher,F,0,99,True,True,True,40.0,,10,a47be7464659f75e69ef6f7165a7b057a0fd433ed180af76723f9bb5e1576a82
teacher,F,0,100,True,True,True,40.0,,10,a47be7464659f75e69ef6f7165a7b057a0fd433ed180af76723f9bb5e1576a82
teacher,F,0,101,True,True,True,40.0,,10,a47be7464659f75e69ef6f7165a7b057a0fd433ed180af76723f9bb5e1576a82
teacher,F,0,102,True,True,True,40.0,,10,a47be7464659f75e69ef6f7165a7b057a0fd433ed180af76723f9bb5e1576a82
teacher,F,0,103,True,True,True,40.0,,10,a47be7464659f75e69ef6f7165a7b057a0fd433ed180af76723f9bb5e1576a82
teacher,F,0,104,True,True,True,40.0,,10,a47be7464659f75e69ef6f7165a7b057a0fd433ed180af76723f9bb5e1576a82
teacher,F,0,105,True,True,True,40.0,,10,a47be7464659f75e69ef6f7165a7b057a0fd433ed180af76723f9bb5e1576a82
teacher,F,0,106,True,True,True,40.0,,10,a47be7464659f75e69ef6f7165a7b057a0fd433ed180af76723f9bb5e1576a82
teacher,F,0,107,True,True,True,40.0,,10,a47be7464659f75e69ef6f7165a7b057a0fd433ed180af76723f9bb5e1576a82
teacher,F,0,108,True,True,True,40.0,,10,a47be7464659f75e69ef6f7165a7b057a0fd433ed180af76723f9bb5e1576a82
teacher,F,0,109,True,True,True,40.0,,10,a47be7464659f75e69ef6f7165a7b057a0fd433ed180af76723f9bb5e1576a82
teacher,F,0,110,True,True,True,40.0,,10,a47be7464659f75e69ef6f7165a7b057a0fd433ed180af76723f9bb5e1576a82
teacher,F,0,111,True,True,True,40.0,,10,a47be7464659f75e69ef6f7165a7b057a0fd433ed180af76723f9bb5e1576a82
teacher,F,0,112,True,True,True,40.0,,10,a47be7464659f75e69ef6f7165a7b057a0fd433ed180af76723f9bb5e1576a82
teacher,F,0,113,True,True,True,40.0,,10,a47be7464659f75e69ef6f7165a7b057a0fd433ed180af76723f9bb5e1576a82
teacher,F,0,114,True,True,True,40.0,,10,a47be7464659f75e69ef6f7165a7b057a0fd433ed180af76723f9bb5e1576a82
teacher,F,0,115,True,True,True,40.0,,10,a47be7464659f75e69ef6f7165a7b057a0fd433ed180af76723f9bb5e1576a82
teacher,F,0,116,True,True,True,40.0,,10,a47be7464659f75e69ef6f7165a7b057a0fd433ed180af76723f9bb5e1576a82
teacher,F,0,117,True,True,True,40.0,,10,a47be7464659f75e69ef6f7165a7b057a0fd433ed180af76723f9bb5e1576a82
teacher,F,0,118,True,True,True,40.0,,10,a47be7464659f75e69ef6f7165a7b057a0fd433ed180af76723f9bb5e1576a82
teacher,F,0,119,True,True,True,40.0,,10,a47be7464659f75e69ef6f7165a7b057a0fd433ed180af76723f9bb5e1576a82
teacher,F,0,120,True,True,True,40.0,,10,a47be7464659f75e69ef6f7165a7b057a0fd433ed180af76723f9bb5e1576a82
teacher,F,0,121,True,True,True,40.0,,10,a47be7464659f75e69ef6f7165a7b057a0fd433ed180af76723f9bb5e1576a82
teacher,F,0,122,True,True,True,40.0,,10,a47be7464659f75e69ef6f7165a7b057a0fd433ed180af76723f9bb5e1576a82
teacher,F,0,123,True,True,True,40.0,,10,a47be7464659f75e69ef6f7165a7b057a0fd433ed180af76723f9bb5e1576a82
teacher,F,0,124,True,True,True,40.0,,10,a47be7464659f75e69ef6f7165a7b057a0fd433ed180af76723f9bb5e1576a82
teacher,F,0,125,True,True,True,40.0,,10,a47be7464659f75e69ef6f7165a7b057a0fd433ed180af76723f9bb5e1576a82
teacher,F,0,126,True,True,True,40.0,,10,a47be7464659f75e69ef6f7165a7b057a0fd433ed180af76723f9bb5e1576a82
teacher,F,0,127,True,True,True,40.0,,10,a47be7464659f75e69ef6f7165a7b057a0fd433ed180af76723f9bb5e1576a82
teacher,F,1,0,True,True,True,40.0,,9,a47be7464659f75e69ef6f7165a7b057a0fd433ed180af76723f9bb5e1576a82
teacher,F,1,1,True,True,True,40.0,,9,a47be7464659f75e69ef6f7165a7b057a0fd433ed180af76723f9bb5e1576a82
teacher,F,1,2,True,True,True,40.0,,9,a47be7464659f75e69ef6f7165a7b057a0fd433ed180af76723f9bb5e1576a82
teacher,F,1,3,True,True,True,40.0,,9,a47be7464659f75e69ef6f7165a7b057a0fd433ed180af76723f9bb5e1576a82
teacher,F,1,4,True,False,True,39.13333333333333,,9,a47be7464659f75e69ef6f7165a7b057a0fd433ed180af76723f9bb5e1576a82
teacher,F,1,5,True,False,True,34.833333333333336,,9,a47be7464659f75e69ef6f7165a7b057a0fd433ed180af76723f9bb5e1576a82
teacher,F,1,6,True,True,True,40.0,,9,a47be7464659f75e69ef6f7165a7b057a0fd433ed180af76723f9bb5e1576a82
teacher,F,1,7,True,False,True,38.86666666666667,,9,a47be7464659f75e69ef6f7165a7b057a0fd433ed180af76723f9bb5e1576a82
teacher,F,1,8,True,True,True,40.0,,9,a47be7464659f75e69ef6f7165a7b057a0fd433ed180af76723f9bb5e1576a82
teacher,F,1,9,True,True,True,40.0,,9,a47be7464659f75e69ef6f7165a7b057a0fd433ed180af76723f9bb5e1576a82
teacher,F,1,10,True,True,True,40.0,,9,a47be7464659f75e69ef6f7165a7b057a0fd433ed180af76723f9bb5e1576a82
teacher,F,1,11,True,True,True,40.0,,9,a47be7464659f75e69ef6f7165a7b057a0fd433ed180af76723f9bb5e1576a82
teacher,F,1,12,True,False,True,39.0,,9,a47be7464659f75e69ef6f7165a7b057a0fd433ed180af76723f9bb5e1576a82
teacher,F,1,13,True,True,True,40.0,,9,a47be7464659f75e69ef6f7165a7b057a0fd433ed180af76723f9bb5e1576a82
teacher,F,1,14,True,True,True,40.0,,9,a47be7464659f75e69ef6f7165a7b057a0fd433ed180af76723f9bb5e1576a82
teacher,F,1,15,True,True,True,40.0,,9,a47be7464659f75e69ef6f7165a7b057a0fd433ed180af76723f9bb5e1576a82
teacher,F,1,16,True,True,True,40.0,,9,a47be7464659f75e69ef6f7165a7b057a0fd433ed180af76723f9bb5e1576a82
teacher,F,1,17,True,True,True,40.0,,9,a47be7464659f75e69ef6f7165a7b057a0fd433ed180af76723f9bb5e1576a82
teacher,F,1,18,True,True,True,40.0,,9,a47be7464659f75e69ef6f7165a7b057a0fd433ed180af76723f9bb5e1576a82
teacher,F,1,19,True,True,True,40.0,,10,a47be7464659f75e69ef6f7165a7b057a0fd433ed180af76723f9bb5e1576a82
teacher,F,1,20,True,False,True,38.7,,9,a47be7464659f75e69ef6f7165a7b057a0fd433ed180af76723f9bb5e1576a82
teacher,F,1,21,True,True,True,40.0,,9,a47be7464659f75e69ef6f7165a7b057a0fd433ed180af76723f9bb5e1576a82
teacher,F,1,22,True,True,True,40.0,,9,a47be7464659f75e69ef6f7165a7b057a0fd433ed180af76723f9bb5e1576a82
teacher,F,1,23,True,True,True,40.0,,9,a47be7464659f75e69ef6f7165a7b057a0fd433ed180af76723f9bb5e1576a82
teacher,F,1,24,True,True,True,40.0,,9,a47be7464659f75e69ef6f7165a7b057a0fd433ed180af76723f9bb5e1576a82
teacher,F,1,25,True,True,True,40.0,,9,a47be7464659f75e69ef6f7165a7b057a0fd433ed180af76723f9bb5e1576a82
teacher,F,1,26,True,True,True,40.0,,9,a47be7464659f75e69ef6f7165a7b057a0fd433ed180af76723f9bb5e1576a82
teacher,F,1,27,True,True,True,40.0,,9,a47be7464659f75e69ef6f7165a7b057a0fd433ed180af76723f9bb5e1576a82
teacher,F,1,28,True,True,True,40.0,,9,a47be7464659f75e69ef6f7165a7b057a0fd433ed180af76723f9bb5e1576a82
teacher,F,1,29,True,True,True,40.0,,9,a47be7464659f75e69ef6f7165a7b057a0fd433ed180af76723f9bb5e1576a82
teacher,F,1,30,True,True,True,40.0,,9,a47be7464659f75e69ef6f7165a7b057a0fd433ed180af76723f9bb5e1576a82
teacher,F,1,31,True,False,True,34.833333333333336,,9,a47be7464659f75e69ef6f7165a7b057a0fd433ed180af76723f9bb5e1576a82
teacher,F,1,32,True,True,True,40.0,,9,a47be7464659f75e69ef6f7165a7b057a0fd433ed180af76723f9bb5e1576a82
teacher,F,1,33,True,True,True,40.0,,9,a47be7464659f75e69ef6f7165a7b057a0fd433ed180af76723f9bb5e1576a82
teacher,F,1,34,True,True,True,40.0,,9,a47be7464659f75e69ef6f7165a7b057a0fd433ed180af76723f9bb5e1576a82
teacher,F,1,35,True,True,True,40.0,,9,a47be7464659f75e69ef6f7165a7b057a0fd433ed180af76723f9bb5e1576a82
teacher,F,1,36,True,True,True,40.0,,9,a47be7464659f75e69ef6f7165a7b057a0fd433ed180af76723f9bb5e1576a82
teacher,F,1,37,True,True,True,40.0,,9,a47be7464659f75e69ef6f7165a7b057a0fd433ed180af76723f9bb5e1576a82
teacher,F,1,38,True,True,True,40.0,,9,a47be7464659f75e69ef6f7165a7b057a0fd433ed180af76723f9bb5e1576a82
teacher,F,1,39,True,True,True,40.0,,10,a47be7464659f75e69ef6f7165a7b057a0fd433ed180af76723f9bb5e1576a82
teacher,F,1,40,True,True,True,40.0,,9,a47be7464659f75e69ef6f7165a7b057a0fd433ed180af76723f9bb5e1576a82
teacher,F,1,41,True,True,True,40.0,,9,a47be7464659f75e69ef6f7165a7b057a0fd433ed180af76723f9bb5e1576a82
teacher,F,1,42,True,True,True,40.0,,9,a47be7464659f75e69ef6f7165a7b057a0fd433ed180af76723f9bb5e1576a82
teacher,F,1,43,True,True,True,40.0,,9,a47be7464659f75e69ef6f7165a7b057a0fd433ed180af76723f9bb5e1576a82
teacher,F,1,44,True,True,True,40.0,,9,a47be7464659f75e69ef6f7165a7b057a0fd433ed180af76723f9bb5e1576a82
teacher,F,1,45,True,True,True,40.0,,9,a47be7464659f75e69ef6f7165a7b057a0fd433ed180af76723f9bb5e1576a82
teacher,F,1,46,True,True,True,40.0,,9,a47be7464659f75e69ef6f7165a7b057a0fd433ed180af76723f9bb5e1576a82
teacher,F,1,47,True,False,True,34.1,,10,a47be7464659f75e69ef6f7165a7b057a0fd433ed180af76723f9bb5e1576a82
teacher,F,1,48,True,False,True,22.866666666666667,,9,a47be7464659f75e69ef6f7165a7b057a0fd433ed180af76723f9bb5e1576a82
teacher,F,1,49,True,True,True,40.0,,9,a47be7464659f75e69ef6f7165a7b057a0fd433ed180af76723f9bb5e1576a82
teacher,F,1,50,True,True,True,40.0,,9,a47be7464659f75e69ef6f7165a7b057a0fd433ed180af76723f9bb5e1576a82
teacher,F,1,51,True,True,True,40.0,,9,a47be7464659f75e69ef6f7165a7b057a0fd433ed180af76723f9bb5e1576a82
teacher,F,1,52,True,True,True,40.0,,9,a47be7464659f75e69ef6f7165a7b057a0fd433ed180af76723f9bb5e1576a82
teacher,F,1,53,True,True,True,40.0,,9,a47be7464659f75e69ef6f7165a7b057a0fd433ed180af76723f9bb5e1576a82
teacher,F,1,54,True,True,True,40.0,,9,a47be7464659f75e69ef6f7165a7b057a0fd433ed180af76723f9bb5e1576a82
teacher,F,1,55,True,True,True,40.0,,9,a47be7464659f75e69ef6f7165a7b057a0fd433ed180af76723f9bb5e1576a82
teacher,F,1,56,True,True,True,40.0,,9,a47be7464659f75e69ef6f7165a7b057a0fd433ed180af76723f9bb5e1576a82
teacher,F,1,57,True,True,True,40.0,,9,a47be7464659f75e69ef6f7165a7b057a0fd433ed180af76723f9bb5e1576a82
teacher,F,1,58,True,True,True,40.0,,9,a47be7464659f75e69ef6f7165a7b057a0fd433ed180af76723f9bb5e1576a82
teacher,F,1,59,True,True,True,40.0,,9,a47be7464659f75e69ef6f7165a7b057a0fd433ed180af76723f9bb5e1576a82
teacher,F,1,60,True,True,True,40.0,,9,a47be7464659f75e69ef6f7165a7b057a0fd433ed180af76723f9bb5e1576a82
teacher,F,1,61,True,True,True,40.0,,9,a47be7464659f75e69ef6f7165a7b057a0fd433ed180af76723f9bb5e1576a82
teacher,F,1,62,True,True,True,40.0,,9,a47be7464659f75e69ef6f7165a7b057a0fd433ed180af76723f9bb5e1576a82
teacher,F,1,63,True,True,True,40.0,,9,a47be7464659f75e69ef6f7165a7b057a0fd433ed180af76723f9bb5e1576a82
teacher,F,1,64,True,True,True,40.0,,9,a47be7464659f75e69ef6f7165a7b057a0fd433ed180af76723f9bb5e1576a82
teacher,F,1,65,True,True,True,40.0,,9,a47be7464659f75e69ef6f7165a7b057a0fd433ed180af76723f9bb5e1576a82
teacher,F,1,66,True,True,True,40.0,,9,a47be7464659f75e69ef6f7165a7b057a0fd433ed180af76723f9bb5e1576a82
teacher,F,1,67,True,False,True,34.93333333333333,,9,a47be7464659f75e69ef6f7165a7b057a0fd433ed180af76723f9bb5e1576a82
teacher,F,1,68,True,True,True,40.0,,9,a47be7464659f75e69ef6f7165a7b057a0fd433ed180af76723f9bb5e1576a82
teacher,F,1,69,True,True,True,40.0,,9,a47be7464659f75e69ef6f7165a7b057a0fd433ed180af76723f9bb5e1576a82
teacher,F,1,70,True,True,True,40.0,,9,a47be7464659f75e69ef6f7165a7b057a0fd433ed180af76723f9bb5e1576a82
teacher,F,1,71,True,False,True,34.63333333333333,,10,a47be7464659f75e69ef6f7165a7b057a0fd433ed180af76723f9bb5e1576a82
teacher,F,1,72,True,True,True,40.0,,9,a47be7464659f75e69ef6f7165a7b057a0fd433ed180af76723f9bb5e1576a82
teacher,F,1,73,True,True,True,40.0,,9,a47be7464659f75e69ef6f7165a7b057a0fd433ed180af76723f9bb5e1576a82
teacher,F,1,74,True,True,True,40.0,,9,a47be7464659f75e69ef6f7165a7b057a0fd433ed180af76723f9bb5e1576a82
teacher,F,1,75,True,True,True,40.0,,9,a47be7464659f75e69ef6f7165a7b057a0fd433ed180af76723f9bb5e1576a82
teacher,F,1,76,True,True,True,40.0,,9,a47be7464659f75e69ef6f7165a7b057a0fd433ed180af76723f9bb5e1576a82
teacher,F,1,77,True,True,True,40.0,,9,a47be7464659f75e69ef6f7165a7b057a0fd433ed180af76723f9bb5e1576a82
teacher,F,1,78,True,True,True,40.0,,9,a47be7464659f75e69ef6f7165a7b057a0fd433ed180af76723f9bb5e1576a82
teacher,F,1,79,True,False,True,38.833333333333336,,9,a47be7464659f75e69ef6f7165a7b057a0fd433ed180af76723f9bb5e1576a82
teacher,F,1,80,True,False,True,26.833333333333332,,9,a47be7464659f75e69ef6f7165a7b057a0fd433ed180af76723f9bb5e1576a82
teacher,F,1,81,True,True,True,40.0,,9,a47be7464659f75e69ef6f7165a7b057a0fd433ed180af76723f9bb5e1576a82
teacher,F,1,82,True,True,True,40.0,,9,a47be7464659f75e69ef6f7165a7b057a0fd433ed180af76723f9bb5e1576a82
teacher,F,1,83,True,True,True,40.0,,9,a47be7464659f75e69ef6f7165a7b057a0fd433ed180af76723f9bb5e1576a82
teacher,F,1,84,True,True,True,40.0,,9,a47be7464659f75e69ef6f7165a7b057a0fd433ed180af76723f9bb5e1576a82
teacher,F,1,85,True,False,True,38.266666666666666,,10,a47be7464659f75e69ef6f7165a7b057a0fd433ed180af76723f9bb5e1576a82
teacher,F,1,86,True,True,True,40.0,,9,a47be7464659f75e69ef6f7165a7b057a0fd433ed180af76723f9bb5e1576a82
teacher,F,1,87,True,True,True,40.0,,9,a47be7464659f75e69ef6f7165a7b057a0fd433ed180af76723f9bb5e1576a82
teacher,F,1,88,True,False,True,38.96666666666667,,9,a47be7464659f75e69ef6f7165a7b057a0fd433ed180af76723f9bb5e1576a82
teacher,F,1,89,True,True,True,40.0,,9,a47be7464659f75e69ef6f7165a7b057a0fd433ed180af76723f9bb5e1576a82
teacher,F,1,90,True,True,True,40.0,,9,a47be7464659f75e69ef6f7165a7b057a0fd433ed180af76723f9bb5e1576a82
teacher,F,1,91,True,True,True,40.0,,9,a47be7464659f75e69ef6f7165a7b057a0fd433ed180af76723f9bb5e1576a82
teacher,F,1,92,True,True,True,40.0,,9,a47be7464659f75e69ef6f7165a7b057a0fd433ed180af76723f9bb5e1576a82
teacher,F,1,93,True,True,True,40.0,,9,a47be7464659f75e69ef6f7165a7b057a0fd433ed180af76723f9bb5e1576a82
teacher,F,1,94,True,True,True,40.0,,9,a47be7464659f75e69ef6f7165a7b057a0fd433ed180af76723f9bb5e1576a82
teacher,F,1,95,True,True,True,40.0,,9,a47be7464659f75e69ef6f7165a7b057a0fd433ed180af76723f9bb5e1576a82
teacher,F,1,96,True,True,True,40.0,,9,a47be7464659f75e69ef6f7165a7b057a0fd433ed180af76723f9bb5e1576a82
teacher,F,1,97,True,True,True,40.0,,9,a47be7464659f75e69ef6f7165a7b057a0fd433ed180af76723f9bb5e1576a82
teacher,F,1,98,True,True,True,40.0,,9,a47be7464659f75e69ef6f7165a7b057a0fd433ed180af76723f9bb5e1576a82
teacher,F,1,99,True,True,True,40.0,,9,a47be7464659f75e69ef6f7165a7b057a0fd433ed180af76723f9bb5e1576a82
teacher,F,1,100,True,True,True,40.0,,9,a47be7464659f75e69ef6f7165a7b057a0fd433ed180af76723f9bb5e1576a82
teacher,F,1,101,True,False,True,35.3,,9,a47be7464659f75e69ef6f7165a7b057a0fd433ed180af76723f9bb5e1576a82
teacher,F,1,102,True,False,True,34.46666666666667,,10,a47be7464659f75e69ef6f7165a7b057a0fd433ed180af76723f9bb5e1576a82
teacher,F,1,103,True,True,True,40.0,,9,a47be7464659f75e69ef6f7165a7b057a0fd433ed180af76723f9bb5e1576a82
teacher,F,1,104,True,True,True,40.0,,9,a47be7464659f75e69ef6f7165a7b057a0fd433ed180af76723f9bb5e1576a82
teacher,F,1,105,True,True,True,40.0,,9,a47be7464659f75e69ef6f7165a7b057a0fd433ed180af76723f9bb5e1576a82
teacher,F,1,106,True,True,True,40.0,,9,a47be7464659f75e69ef6f7165a7b057a0fd433ed180af76723f9bb5e1576a82
teacher,F,1,107,True,True,True,40.0,,9,a47be7464659f75e69ef6f7165a7b057a0fd433ed180af76723f9bb5e1576a82
teacher,F,1,108,True,False,True,27.0,,9,a47be7464659f75e69ef6f7165a7b057a0fd433ed180af76723f9bb5e1576a82
teacher,F,1,109,True,True,True,40.0,,9,a47be7464659f75e69ef6f7165a7b057a0fd433ed180af76723f9bb5e1576a82
teacher,F,1,110,True,True,True,40.0,,9,a47be7464659f75e69ef6f7165a7b057a0fd433ed180af76723f9bb5e1576a82
teacher,F,1,111,True,True,True,40.0,,9,a47be7464659f75e69ef6f7165a7b057a0fd433ed180af76723f9bb5e1576a82
teacher,F,1,112,True,True,True,40.0,,9,a47be7464659f75e69ef6f7165a7b057a0fd433ed180af76723f9bb5e1576a82
teacher,F,1,113,True,True,True,40.0,,9,a47be7464659f75e69ef6f7165a7b057a0fd433ed180af76723f9bb5e1576a82
teacher,F,1,114,True,True,True,40.0,,9,a47be7464659f75e69ef6f7165a7b057a0fd433ed180af76723f9bb5e1576a82
teacher,F,1,115,True,False,True,27.1,,9,a47be7464659f75e69ef6f7165a7b057a0fd433ed180af76723f9bb5e1576a82
teacher,F,1,116,True,True,True,40.0,,9,a47be7464659f75e69ef6f7165a7b057a0fd433ed180af76723f9bb5e1576a82
teacher,F,1,117,True,False,True,30.8,,10,a47be7464659f75e69ef6f7165a7b057a0fd433ed180af76723f9bb5e1576a82
teacher,F,1,118,True,False,True,35.13333333333333,,9,a47be7464659f75e69ef6f7165a7b057a0fd433ed180af76723f9bb5e1576a82
teacher,F,1,119,True,True,True,40.0,,9,a47be7464659f75e69ef6f7165a7b057a0fd433ed180af76723f9bb5e1576a82
teacher,F,1,120,True,True,True,40.0,,9,a47be7464659f75e69ef6f7165a7b057a0fd433ed180af76723f9bb5e1576a82
teacher,F,1,121,True,True,True,40.0,,9,a47be7464659f75e69ef6f7165a7b057a0fd433ed180af76723f9bb5e1576a82
teacher,F,1,122,True,True,True,40.0,,9,a47be7464659f75e69ef6f7165a7b057a0fd433ed180af76723f9bb5e1576a82
teacher,F,1,123,True,True,True,40.0,,9,a47be7464659f75e69ef6f7165a7b057a0fd433ed180af76723f9bb5e1576a82
teacher,F,1,124,True,True,True,40.0,,9,a47be7464659f75e69ef6f7165a7b057a0fd433ed180af76723f9bb5e1576a82
teacher,F,1,125,True,True,True,40.0,,9,a47be7464659f75e69ef6f7165a7b057a0fd433ed180af76723f9bb5e1576a82
teacher,F,1,126,True,True,True,40.0,,9,a47be7464659f75e69ef6f7165a7b057a0fd433ed180af76723f9bb5e1576a82
teacher,F,1,127,True,True,True,40.0,,9,a47be7464659f75e69ef6f7165a7b057a0fd433ed180af76723f9bb5e1576a82
teacher,F,2,0,True,False,False,36.7,,8,a47be7464659f75e69ef6f7165a7b057a0fd433ed180af76723f9bb5e1576a82
teacher,F,2,1,True,True,True,40.0,,9,a47be7464659f75e69ef6f7165a7b057a0fd433ed180af76723f9bb5e1576a82
teacher,F,2,2,True,True,True,40.0,,9,a47be7464659f75e69ef6f7165a7b057a0fd433ed180af76723f9bb5e1576a82
teacher,F,2,3,True,False,False,36.46666666666667,,8,a47be7464659f75e69ef6f7165a7b057a0fd433ed180af76723f9bb5e1576a82
teacher,F,2,4,True,False,False,27.233333333333334,,6,a47be7464659f75e69ef6f7165a7b057a0fd433ed180af76723f9bb5e1576a82
teacher,F,2,5,True,True,True,40.0,,9,a47be7464659f75e69ef6f7165a7b057a0fd433ed180af76723f9bb5e1576a82
teacher,F,2,6,True,False,False,32.3,,7,a47be7464659f75e69ef6f7165a7b057a0fd433ed180af76723f9bb5e1576a82
teacher,F,2,7,True,False,True,30.3,,9,a47be7464659f75e69ef6f7165a7b057a0fd433ed180af76723f9bb5e1576a82
teacher,F,2,8,True,True,True,40.0,,9,a47be7464659f75e69ef6f7165a7b057a0fd433ed180af76723f9bb5e1576a82
teacher,F,2,9,True,False,False,28.333333333333332,,6,a47be7464659f75e69ef6f7165a7b057a0fd433ed180af76723f9bb5e1576a82
teacher,F,2,10,True,True,True,40.0,,9,a47be7464659f75e69ef6f7165a7b057a0fd433ed180af76723f9bb5e1576a82
teacher,F,2,11,True,True,True,40.0,,9,a47be7464659f75e69ef6f7165a7b057a0fd433ed180af76723f9bb5e1576a82
teacher,F,2,12,True,True,True,40.0,,9,a47be7464659f75e69ef6f7165a7b057a0fd433ed180af76723f9bb5e1576a82
teacher,F,2,13,True,True,True,40.0,,10,a47be7464659f75e69ef6f7165a7b057a0fd433ed180af76723f9bb5e1576a82
teacher,F,2,14,True,True,True,40.0,,9,a47be7464659f75e69ef6f7165a7b057a0fd433ed180af76723f9bb5e1576a82
teacher,F,2,15,True,False,True,38.7,,9,a47be7464659f75e69ef6f7165a7b057a0fd433ed180af76723f9bb5e1576a82
teacher,F,2,16,True,True,True,40.0,,9,a47be7464659f75e69ef6f7165a7b057a0fd433ed180af76723f9bb5e1576a82
teacher,F,2,17,True,True,True,40.0,,9,a47be7464659f75e69ef6f7165a7b057a0fd433ed180af76723f9bb5e1576a82
teacher,F,2,18,True,True,True,40.0,,9,a47be7464659f75e69ef6f7165a7b057a0fd433ed180af76723f9bb5e1576a82
teacher,F,2,19,True,False,True,39.93333333333333,,9,a47be7464659f75e69ef6f7165a7b057a0fd433ed180af76723f9bb5e1576a82
teacher,F,2,20,True,True,True,40.0,,9,a47be7464659f75e69ef6f7165a7b057a0fd433ed180af76723f9bb5e1576a82
teacher,F,2,21,True,True,True,40.0,,9,a47be7464659f75e69ef6f7165a7b057a0fd433ed180af76723f9bb5e1576a82
teacher,F,2,22,True,True,True,40.0,,10,a47be7464659f75e69ef6f7165a7b057a0fd433ed180af76723f9bb5e1576a82
teacher,F,2,23,True,True,True,40.0,,9,a47be7464659f75e69ef6f7165a7b057a0fd433ed180af76723f9bb5e1576a82
teacher,F,2,24,True,True,True,40.0,,9,a47be7464659f75e69ef6f7165a7b057a0fd433ed180af76723f9bb5e1576a82
teacher,F,2,25,True,True,True,40.0,,9,a47be7464659f75e69ef6f7165a7b057a0fd433ed180af76723f9bb5e1576a82
teacher,F,2,26,True,True,True,40.0,,9,a47be7464659f75e69ef6f7165a7b057a0fd433ed180af76723f9bb5e1576a82
teacher,F,2,27,True,True,True,40.0,,9,a47be7464659f75e69ef6f7165a7b057a0fd433ed180af76723f9bb5e1576a82
teacher,F,2,28,True,True,True,40.0,,9,a47be7464659f75e69ef6f7165a7b057a0fd433ed180af76723f9bb5e1576a82
teacher,F,2,29,True,True,True,40.0,,9,a47be7464659f75e69ef6f7165a7b057a0fd433ed180af76723f9bb5e1576a82
teacher,F,2,30,True,True,True,40.0,,9,a47be7464659f75e69ef6f7165a7b057a0fd433ed180af76723f9bb5e1576a82
teacher,F,2,31,True,True,True,40.0,,9,a47be7464659f75e69ef6f7165a7b057a0fd433ed180af76723f9bb5e1576a82
teacher,F,2,32,True,True,True,40.0,,9,a47be7464659f75e69ef6f7165a7b057a0fd433ed180af76723f9bb5e1576a82
teacher,F,2,33,True,True,True,40.0,,9,a47be7464659f75e69ef6f7165a7b057a0fd433ed180af76723f9bb5e1576a82
teacher,F,2,34,True,True,True,40.0,,9,a47be7464659f75e69ef6f7165a7b057a0fd433ed180af76723f9bb5e1576a82
teacher,F,2,35,True,True,True,40.0,,9,a47be7464659f75e69ef6f7165a7b057a0fd433ed180af76723f9bb5e1576a82
teacher,F,2,36,True,True,True,40.0,,9,a47be7464659f75e69ef6f7165a7b057a0fd433ed180af76723f9bb5e1576a82
teacher,F,2,37,True,True,True,40.0,,9,a47be7464659f75e69ef6f7165a7b057a0fd433ed180af76723f9bb5e1576a82
teacher,F,2,38,True,False,False,29.833333333333332,,7,a47be7464659f75e69ef6f7165a7b057a0fd433ed180af76723f9bb5e1576a82
teacher,F,2,39,True,True,True,40.0,,9,a47be7464659f75e69ef6f7165a7b057a0fd433ed180af76723f9bb5e1576a82
teacher,F,2,40,True,True,True,40.0,,9,a47be7464659f75e69ef6f7165a7b057a0fd433ed180af76723f9bb5e1576a82
teacher,F,2,41,True,True,True,40.0,,9,a47be7464659f75e69ef6f7165a7b057a0fd433ed180af76723f9bb5e1576a82
teacher,F,2,42,True,True,True,40.0,,9,a47be7464659f75e69ef6f7165a7b057a0fd433ed180af76723f9bb5e1576a82
teacher,F,2,43,True,True,True,40.0,,9,a47be7464659f75e69ef6f7165a7b057a0fd433ed180af76723f9bb5e1576a82
teacher,F,2,44,True,True,True,40.0,,9,a47be7464659f75e69ef6f7165a7b057a0fd433ed180af76723f9bb5e1576a82
teacher,F,2,45,True,True,True,40.0,,10,a47be7464659f75e69ef6f7165a7b057a0fd433ed180af76723f9bb5e1576a82
teacher,F,2,46,True,True,True,40.0,,9,a47be7464659f75e69ef6f7165a7b057a0fd433ed180af76723f9bb5e1576a82
teacher,F,2,47,True,True,True,40.0,,9,a47be7464659f75e69ef6f7165a7b057a0fd433ed180af76723f9bb5e1576a82
teacher,F,2,48,True,False,False,36.266666666666666,,8,a47be7464659f75e69ef6f7165a7b057a0fd433ed180af76723f9bb5e1576a82
teacher,F,2,49,True,True,True,40.0,,9,a47be7464659f75e69ef6f7165a7b057a0fd433ed180af76723f9bb5e1576a82
teacher,F,2,50,True,True,True,40.0,,9,a47be7464659f75e69ef6f7165a7b057a0fd433ed180af76723f9bb5e1576a82
teacher,F,2,51,True,True,True,40.0,,9,a47be7464659f75e69ef6f7165a7b057a0fd433ed180af76723f9bb5e1576a82
teacher,F,2,52,True,True,True,40.0,,9,a47be7464659f75e69ef6f7165a7b057a0fd433ed180af76723f9bb5e1576a82
teacher,F,2,53,True,True,True,40.0,,9,a47be7464659f75e69ef6f7165a7b057a0fd433ed180af76723f9bb5e1576a82
teacher,F,2,54,True,True,True,40.0,,9,a47be7464659f75e69ef6f7165a7b057a0fd433ed180af76723f9bb5e1576a82
teacher,F,2,55,True,True,True,40.0,,9,a47be7464659f75e69ef6f7165a7b057a0fd433ed180af76723f9bb5e1576a82
teacher,F,2,56,True,True,True,40.0,,9,a47be7464659f75e69ef6f7165a7b057a0fd433ed180af76723f9bb5e1576a82
teacher,F,2,57,True,False,False,37.06666666666667,,9,a47be7464659f75e69ef6f7165a7b057a0fd433ed180af76723f9bb5e1576a82
teacher,F,2,58,True,False,False,32.266666666666666,,7,a47be7464659f75e69ef6f7165a7b057a0fd433ed180af76723f9bb5e1576a82
teacher,F,2,59,True,True,True,40.0,,9,a47be7464659f75e69ef6f7165a7b057a0fd433ed180af76723f9bb5e1576a82
teacher,F,2,60,True,False,False,24.0,,5,a47be7464659f75e69ef6f7165a7b057a0fd433ed180af76723f9bb5e1576a82
teacher,F,2,61,True,True,True,40.0,,9,a47be7464659f75e69ef6f7165a7b057a0fd433ed180af76723f9bb5e1576a82
teacher,F,2,62,True,True,True,40.0,,9,a47be7464659f75e69ef6f7165a7b057a0fd433ed180af76723f9bb5e1576a82
teacher,F,2,63,True,True,True,40.0,,9,a47be7464659f75e69ef6f7165a7b057a0fd433ed180af76723f9bb5e1576a82
teacher,F,2,64,True,True,True,40.0,,9,a47be7464659f75e69ef6f7165a7b057a0fd433ed180af76723f9bb5e1576a82
teacher,F,2,65,True,True,True,40.0,,9,a47be7464659f75e69ef6f7165a7b057a0fd433ed180af76723f9bb5e1576a82
teacher,F,2,66,True,True,True,40.0,,9,a47be7464659f75e69ef6f7165a7b057a0fd433ed180af76723f9bb5e1576a82
teacher,F,2,67,True,True,True,40.0,,9,a47be7464659f75e69ef6f7165a7b057a0fd433ed180af76723f9bb5e1576a82
teacher,F,2,68,True,True,True,40.0,,9,a47be7464659f75e69ef6f7165a7b057a0fd433ed180af76723f9bb5e1576a82
teacher,F,2,69,True,True,True,40.0,,9,a47be7464659f75e69ef6f7165a7b057a0fd433ed180af76723f9bb5e1576a82
teacher,F,2,70,True,True,True,40.0,,9,a47be7464659f75e69ef6f7165a7b057a0fd433ed180af76723f9bb5e1576a82
teacher,F,2,71,True,True,True,40.0,,9,a47be7464659f75e69ef6f7165a7b057a0fd433ed180af76723f9bb5e1576a82
teacher,F,2,72,True,True,True,40.0,,9,a47be7464659f75e69ef6f7165a7b057a0fd433ed180af76723f9bb5e1576a82
teacher,F,2,73,True,False,False,36.03333333333333,,8,a47be7464659f75e69ef6f7165a7b057a0fd433ed180af76723f9bb5e1576a82
teacher,F,2,74,True,True,True,40.0,,9,a47be7464659f75e69ef6f7165a7b057a0fd433ed180af76723f9bb5e1576a82
teacher,F,2,75,True,True,True,40.0,,9,a47be7464659f75e69ef6f7165a7b057a0fd433ed180af76723f9bb5e1576a82
teacher,F,2,76,True,True,True,40.0,,9,a47be7464659f75e69ef6f7165a7b057a0fd433ed180af76723f9bb5e1576a82
teacher,F,2,77,True,False,False,28.3,,6,a47be7464659f75e69ef6f7165a7b057a0fd433ed180af76723f9bb5e1576a82
teacher,F,2,78,True,True,True,40.0,,9,a47be7464659f75e69ef6f7165a7b057a0fd433ed180af76723f9bb5e1576a82
teacher,F,2,79,True,False,False,37.266666666666666,,9,a47be7464659f75e69ef6f7165a7b057a0fd433ed180af76723f9bb5e1576a82
teacher,F,2,80,True,True,True,40.0,,9,a47be7464659f75e69ef6f7165a7b057a0fd433ed180af76723f9bb5e1576a82
teacher,F,2,81,True,True,True,40.0,,9,a47be7464659f75e69ef6f7165a7b057a0fd433ed180af76723f9bb5e1576a82
teacher,F,2,82,True,True,True,40.0,,9,a47be7464659f75e69ef6f7165a7b057a0fd433ed180af76723f9bb5e1576a82
teacher,F,2,83,True,True,True,40.0,,9,a47be7464659f75e69ef6f7165a7b057a0fd433ed180af76723f9bb5e1576a82
teacher,F,2,84,True,True,True,40.0,,9,a47be7464659f75e69ef6f7165a7b057a0fd433ed180af76723f9bb5e1576a82
teacher,F,2,85,True,True,True,40.0,,9,a47be7464659f75e69ef6f7165a7b057a0fd433ed180af76723f9bb5e1576a82
teacher,F,2,86,True,True,True,40.0,,9,a47be7464659f75e69ef6f7165a7b057a0fd433ed180af76723f9bb5e1576a82
teacher,F,2,87,True,True,True,40.0,,9,a47be7464659f75e69ef6f7165a7b057a0fd433ed180af76723f9bb5e1576a82
teacher,F,2,88,True,True,True,40.0,,10,a47be7464659f75e69ef6f7165a7b057a0fd433ed180af76723f9bb5e1576a82
teacher,F,2,89,True,True,True,40.0,,9,a47be7464659f75e69ef6f7165a7b057a0fd433ed180af76723f9bb5e1576a82
teacher,F,2,90,True,True,True,40.0,,10,a47be7464659f75e69ef6f7165a7b057a0fd433ed180af76723f9bb5e1576a82
teacher,F,2,91,True,True,True,40.0,,9,a47be7464659f75e69ef6f7165a7b057a0fd433ed180af76723f9bb5e1576a82
teacher,F,2,92,True,True,True,40.0,,9,a47be7464659f75e69ef6f7165a7b057a0fd433ed180af76723f9bb5e1576a82
teacher,F,2,93,True,True,True,40.0,,9,a47be7464659f75e69ef6f7165a7b057a0fd433ed180af76723f9bb5e1576a82
teacher,F,2,94,True,True,True,40.0,,9,a47be7464659f75e69ef6f7165a7b057a0fd433ed180af76723f9bb5e1576a82
teacher,F,2,95,True,True,True,40.0,,9,a47be7464659f75e69ef6f7165a7b057a0fd433ed180af76723f9bb5e1576a82
teacher,F,2,96,True,True,True,40.0,,9,a47be7464659f75e69ef6f7165a7b057a0fd433ed180af76723f9bb5e1576a82
teacher,F,2,97,True,True,True,40.0,,9,a47be7464659f75e69ef6f7165a7b057a0fd433ed180af76723f9bb5e1576a82
teacher,F,2,98,True,True,True,40.0,,9,a47be7464659f75e69ef6f7165a7b057a0fd433ed180af76723f9bb5e1576a82
teacher,F,2,99,True,True,True,40.0,,9,a47be7464659f75e69ef6f7165a7b057a0fd433ed180af76723f9bb5e1576a82
teacher,F,2,100,True,True,True,40.0,,9,a47be7464659f75e69ef6f7165a7b057a0fd433ed180af76723f9bb5e1576a82
teacher,F,2,101,True,True,True,40.0,,9,a47be7464659f75e69ef6f7165a7b057a0fd433ed180af76723f9bb5e1576a82
teacher,F,2,102,True,True,True,40.0,,9,a47be7464659f75e69ef6f7165a7b057a0fd433ed180af76723f9bb5e1576a82
teacher,F,2,103,True,True,True,40.0,,9,a47be7464659f75e69ef6f7165a7b057a0fd433ed180af76723f9bb5e1576a82
teacher,F,2,104,True,True,True,40.0,,9,a47be7464659f75e69ef6f7165a7b057a0fd433ed180af76723f9bb5e1576a82
teacher,F,2,105,True,True,True,40.0,,9,a47be7464659f75e69ef6f7165a7b057a0fd433ed180af76723f9bb5e1576a82
teacher,F,2,106,True,True,True,40.0,,9,a47be7464659f75e69ef6f7165a7b057a0fd433ed180af76723f9bb5e1576a82
teacher,F,2,107,True,True,True,40.0,,9,a47be7464659f75e69ef6f7165a7b057a0fd433ed180af76723f9bb5e1576a82
teacher,F,2,108,True,True,True,40.0,,9,a47be7464659f75e69ef6f7165a7b057a0fd433ed180af76723f9bb5e1576a82
teacher,F,2,109,True,True,True,40.0,,9,a47be7464659f75e69ef6f7165a7b057a0fd433ed180af76723f9bb5e1576a82
teacher,F,2,110,True,True,True,40.0,,9,a47be7464659f75e69ef6f7165a7b057a0fd433ed180af76723f9bb5e1576a82
teacher,F,2,111,True,False,False,36.666666666666664,,8,a47be7464659f75e69ef6f7165a7b057a0fd433ed180af76723f9bb5e1576a82
teacher,F,2,112,True,True,True,40.0,,9,a47be7464659f75e69ef6f7165a7b057a0fd433ed180af76723f9bb5e1576a82
teacher,F,2,113,True,False,False,38.4,,9,a47be7464659f75e69ef6f7165a7b057a0fd433ed180af76723f9bb5e1576a82
teacher,F,2,114,True,True,True,40.0,,9,a47be7464659f75e69ef6f7165a7b057a0fd433ed180af76723f9bb5e1576a82
teacher,F,2,115,True,True,True,40.0,,9,a47be7464659f75e69ef6f7165a7b057a0fd433ed180af76723f9bb5e1576a82
teacher,F,2,116,True,True,True,40.0,,9,a47be7464659f75e69ef6f7165a7b057a0fd433ed180af76723f9bb5e1576a82
teacher,F,2,117,True,True,True,40.0,,9,a47be7464659f75e69ef6f7165a7b057a0fd433ed180af76723f9bb5e1576a82
teacher,F,2,118,True,True,True,40.0,,9,a47be7464659f75e69ef6f7165a7b057a0fd433ed180af76723f9bb5e1576a82
teacher,F,2,119,True,True,True,40.0,,9,a47be7464659f75e69ef6f7165a7b057a0fd433ed180af76723f9bb5e1576a82
teacher,F,2,120,True,True,True,40.0,,9,a47be7464659f75e69ef6f7165a7b057a0fd433ed180af76723f9bb5e1576a82
teacher,F,2,121,True,True,True,40.0,,9,a47be7464659f75e69ef6f7165a7b057a0fd433ed180af76723f9bb5e1576a82
teacher,F,2,122,True,True,True,40.0,,9,a47be7464659f75e69ef6f7165a7b057a0fd433ed180af76723f9bb5e1576a82
teacher,F,2,123,True,True,True,40.0,,9,a47be7464659f75e69ef6f7165a7b057a0fd433ed180af76723f9bb5e1576a82
teacher,F,2,124,True,True,True,40.0,,9,a47be7464659f75e69ef6f7165a7b057a0fd433ed180af76723f9bb5e1576a82
teacher,F,2,125,True,True,True,40.0,,9,a47be7464659f75e69ef6f7165a7b057a0fd433ed180af76723f9bb5e1576a82
teacher,F,2,126,True,True,True,40.0,,10,a47be7464659f75e69ef6f7165a7b057a0fd433ed180af76723f9bb5e1576a82
teacher,F,2,127,True,False,False,9.333333333333334,,2,a47be7464659f75e69ef6f7165a7b057a0fd433ed180af76723f9bb5e1576a82
teacher,F,3,0,True,True,True,40.0,,10,a47be7464659f75e69ef6f7165a7b057a0fd433ed180af76723f9bb5e1576a82
teacher,F,3,1,True,True,True,40.0,,10,a47be7464659f75e69ef6f7165a7b057a0fd433ed180af76723f9bb5e1576a82
teacher,F,3,2,True,True,True,40.0,,10,a47be7464659f75e69ef6f7165a7b057a0fd433ed180af76723f9bb5e1576a82
teacher,F,3,3,True,True,True,40.0,,10,a47be7464659f75e69ef6f7165a7b057a0fd433ed180af76723f9bb5e1576a82
teacher,F,3,4,True,True,True,40.0,,10,a47be7464659f75e69ef6f7165a7b057a0fd433ed180af76723f9bb5e1576a82
teacher,F,3,5,True,True,True,40.0,,10,a47be7464659f75e69ef6f7165a7b057a0fd433ed180af76723f9bb5e1576a82
teacher,F,3,6,True,True,True,40.0,,10,a47be7464659f75e69ef6f7165a7b057a0fd433ed180af76723f9bb5e1576a82
teacher,F,3,7,True,True,True,40.0,,10,a47be7464659f75e69ef6f7165a7b057a0fd433ed180af76723f9bb5e1576a82
teacher,F,3,8,True,True,True,40.0,,10,a47be7464659f75e69ef6f7165a7b057a0fd433ed180af76723f9bb5e1576a82
teacher,F,3,9,True,True,True,40.0,,10,a47be7464659f75e69ef6f7165a7b057a0fd433ed180af76723f9bb5e1576a82
teacher,F,3,10,True,True,True,40.0,,10,a47be7464659f75e69ef6f7165a7b057a0fd433ed180af76723f9bb5e1576a82
teacher,F,3,11,True,True,True,40.0,,10,a47be7464659f75e69ef6f7165a7b057a0fd433ed180af76723f9bb5e1576a82
teacher,F,3,12,True,True,True,40.0,,10,a47be7464659f75e69ef6f7165a7b057a0fd433ed180af76723f9bb5e1576a82
teacher,F,3,13,True,True,True,40.0,,10,a47be7464659f75e69ef6f7165a7b057a0fd433ed180af76723f9bb5e1576a82
teacher,F,3,14,True,True,True,40.0,,10,a47be7464659f75e69ef6f7165a7b057a0fd433ed180af76723f9bb5e1576a82
teacher,F,3,15,True,True,True,40.0,,4,a47be7464659f75e69ef6f7165a7b057a0fd433ed180af76723f9bb5e1576a82
teacher,F,3,16,True,True,True,40.0,,10,a47be7464659f75e69ef6f7165a7b057a0fd433ed180af76723f9bb5e1576a82
teacher,F,3,17,True,True,True,40.0,,10,a47be7464659f75e69ef6f7165a7b057a0fd433ed180af76723f9bb5e1576a82
teacher,F,3,18,True,True,True,40.0,,10,a47be7464659f75e69ef6f7165a7b057a0fd433ed180af76723f9bb5e1576a82
teacher,F,3,19,True,True,True,40.0,,10,a47be7464659f75e69ef6f7165a7b057a0fd433ed180af76723f9bb5e1576a82
teacher,F,3,20,True,True,True,40.0,,10,a47be7464659f75e69ef6f7165a7b057a0fd433ed180af76723f9bb5e1576a82
teacher,F,3,21,True,True,True,40.0,,10,a47be7464659f75e69ef6f7165a7b057a0fd433ed180af76723f9bb5e1576a82
teacher,F,3,22,True,True,True,40.0,,4,a47be7464659f75e69ef6f7165a7b057a0fd433ed180af76723f9bb5e1576a82
teacher,F,3,23,True,True,True,40.0,,10,a47be7464659f75e69ef6f7165a7b057a0fd433ed180af76723f9bb5e1576a82
teacher,F,3,24,True,True,True,40.0,,10,a47be7464659f75e69ef6f7165a7b057a0fd433ed180af76723f9bb5e1576a82
teacher,F,3,25,True,True,True,40.0,,10,a47be7464659f75e69ef6f7165a7b057a0fd433ed180af76723f9bb5e1576a82
teacher,F,3,26,True,True,True,40.0,,10,a47be7464659f75e69ef6f7165a7b057a0fd433ed180af76723f9bb5e1576a82
teacher,F,3,27,True,True,True,40.0,,10,a47be7464659f75e69ef6f7165a7b057a0fd433ed180af76723f9bb5e1576a82
teacher,F,3,28,True,True,True,40.0,,10,a47be7464659f75e69ef6f7165a7b057a0fd433ed180af76723f9bb5e1576a82
teacher,F,3,29,True,True,True,40.0,,10,a47be7464659f75e69ef6f7165a7b057a0fd433ed180af76723f9bb5e1576a82
teacher,F,3,30,True,True,True,40.0,,10,a47be7464659f75e69ef6f7165a7b057a0fd433ed180af76723f9bb5e1576a82
teacher,F,3,31,True,True,True,40.0,,10,a47be7464659f75e69ef6f7165a7b057a0fd433ed180af76723f9bb5e1576a82
teacher,F,3,32,True,True,True,40.0,,10,a47be7464659f75e69ef6f7165a7b057a0fd433ed180af76723f9bb5e1576a82
teacher,F,3,33,True,True,True,40.0,,10,a47be7464659f75e69ef6f7165a7b057a0fd433ed180af76723f9bb5e1576a82
teacher,F,3,34,True,True,True,40.0,,10,a47be7464659f75e69ef6f7165a7b057a0fd433ed180af76723f9bb5e1576a82
teacher,F,3,35,True,True,True,40.0,,10,a47be7464659f75e69ef6f7165a7b057a0fd433ed180af76723f9bb5e1576a82
teacher,F,3,36,True,True,True,40.0,,10,a47be7464659f75e69ef6f7165a7b057a0fd433ed180af76723f9bb5e1576a82
teacher,F,3,37,True,True,True,40.0,,10,a47be7464659f75e69ef6f7165a7b057a0fd433ed180af76723f9bb5e1576a82
teacher,F,3,38,True,True,True,40.0,,10,a47be7464659f75e69ef6f7165a7b057a0fd433ed180af76723f9bb5e1576a82
teacher,F,3,39,True,True,True,40.0,,10,a47be7464659f75e69ef6f7165a7b057a0fd433ed180af76723f9bb5e1576a82
teacher,F,3,40,True,True,True,40.0,,7,a47be7464659f75e69ef6f7165a7b057a0fd433ed180af76723f9bb5e1576a82
teacher,F,3,41,True,True,True,40.0,,10,a47be7464659f75e69ef6f7165a7b057a0fd433ed180af76723f9bb5e1576a82
teacher,F,3,42,True,True,True,40.0,,10,a47be7464659f75e69ef6f7165a7b057a0fd433ed180af76723f9bb5e1576a82
teacher,F,3,43,True,True,True,40.0,,10,a47be7464659f75e69ef6f7165a7b057a0fd433ed180af76723f9bb5e1576a82
teacher,F,3,44,True,True,True,40.0,,10,a47be7464659f75e69ef6f7165a7b057a0fd433ed180af76723f9bb5e1576a82
teacher,F,3,45,True,True,True,40.0,,10,a47be7464659f75e69ef6f7165a7b057a0fd433ed180af76723f9bb5e1576a82
teacher,F,3,46,True,True,True,40.0,,3,a47be7464659f75e69ef6f7165a7b057a0fd433ed180af76723f9bb5e1576a82
teacher,F,3,47,True,True,True,40.0,,10,a47be7464659f75e69ef6f7165a7b057a0fd433ed180af76723f9bb5e1576a82
teacher,F,3,48,True,True,True,40.0,,9,a47be7464659f75e69ef6f7165a7b057a0fd433ed180af76723f9bb5e1576a82
teacher,F,3,49,True,True,True,40.0,,10,a47be7464659f75e69ef6f7165a7b057a0fd433ed180af76723f9bb5e1576a82
teacher,F,3,50,True,True,True,40.0,,1,a47be7464659f75e69ef6f7165a7b057a0fd433ed180af76723f9bb5e1576a82
teacher,F,3,51,True,True,True,40.0,,10,a47be7464659f75e69ef6f7165a7b057a0fd433ed180af76723f9bb5e1576a82
teacher,F,3,52,True,True,True,40.0,,10,a47be7464659f75e69ef6f7165a7b057a0fd433ed180af76723f9bb5e1576a82
teacher,F,3,53,True,True,True,40.0,,10,a47be7464659f75e69ef6f7165a7b057a0fd433ed180af76723f9bb5e1576a82
teacher,F,3,54,True,True,True,40.0,,3,a47be7464659f75e69ef6f7165a7b057a0fd433ed180af76723f9bb5e1576a82
teacher,F,3,55,True,True,True,40.0,,10,a47be7464659f75e69ef6f7165a7b057a0fd433ed180af76723f9bb5e1576a82
teacher,F,3,56,True,True,True,40.0,,10,a47be7464659f75e69ef6f7165a7b057a0fd433ed180af76723f9bb5e1576a82
teacher,F,3,57,True,True,True,40.0,,10,a47be7464659f75e69ef6f7165a7b057a0fd433ed180af76723f9bb5e1576a82
teacher,F,3,58,True,True,True,40.0,,10,a47be7464659f75e69ef6f7165a7b057a0fd433ed180af76723f9bb5e1576a82
teacher,F,3,59,True,True,True,40.0,,10,a47be7464659f75e69ef6f7165a7b057a0fd433ed180af76723f9bb5e1576a82
teacher,F,3,60,True,True,True,40.0,,10,a47be7464659f75e69ef6f7165a7b057a0fd433ed180af76723f9bb5e1576a82
teacher,F,3,61,True,True,True,40.0,,10,a47be7464659f75e69ef6f7165a7b057a0fd433ed180af76723f9bb5e1576a82
teacher,F,3,62,True,True,True,40.0,,10,a47be7464659f75e69ef6f7165a7b057a0fd433ed180af76723f9bb5e1576a82
teacher,F,3,63,True,False,False,11.666666666666666,,2,a47be7464659f75e69ef6f7165a7b057a0fd433ed180af76723f9bb5e1576a82
teacher,F,3,64,True,True,True,40.0,,10,a47be7464659f75e69ef6f7165a7b057a0fd433ed180af76723f9bb5e1576a82
teacher,F,3,65,True,True,True,40.0,,3,a47be7464659f75e69ef6f7165a7b057a0fd433ed180af76723f9bb5e1576a82
teacher,F,3,66,True,True,True,40.0,,10,a47be7464659f75e69ef6f7165a7b057a0fd433ed180af76723f9bb5e1576a82
teacher,F,3,67,True,True,True,40.0,,10,a47be7464659f75e69ef6f7165a7b057a0fd433ed180af76723f9bb5e1576a82
teacher,F,3,68,True,True,True,40.0,,10,a47be7464659f75e69ef6f7165a7b057a0fd433ed180af76723f9bb5e1576a82
teacher,F,3,69,True,True,True,40.0,,10,a47be7464659f75e69ef6f7165a7b057a0fd433ed180af76723f9bb5e1576a82
teacher,F,3,70,True,True,True,40.0,,10,a47be7464659f75e69ef6f7165a7b057a0fd433ed180af76723f9bb5e1576a82
teacher,F,3,71,True,True,True,40.0,,10,a47be7464659f75e69ef6f7165a7b057a0fd433ed180af76723f9bb5e1576a82
teacher,F,3,72,True,True,True,40.0,,10,a47be7464659f75e69ef6f7165a7b057a0fd433ed180af76723f9bb5e1576a82
teacher,F,3,73,True,True,True,40.0,,10,a47be7464659f75e69ef6f7165a7b057a0fd433ed180af76723f9bb5e1576a82
teacher,F,3,74,True,True,True,40.0,,10,a47be7464659f75e69ef6f7165a7b057a0fd433ed180af76723f9bb5e1576a82
teacher,F,3,75,True,True,True,40.0,,10,a47be7464659f75e69ef6f7165a7b057a0fd433ed180af76723f9bb5e1576a82
teacher,F,3,76,True,True,True,40.0,,10,a47be7464659f75e69ef6f7165a7b057a0fd433ed180af76723f9bb5e1576a82
teacher,F,3,77,True,True,True,40.0,,10,a47be7464659f75e69ef6f7165a7b057a0fd433ed180af76723f9bb5e1576a82
teacher,F,3,78,True,True,True,40.0,,10,a47be7464659f75e69ef6f7165a7b057a0fd433ed180af76723f9bb5e1576a82
teacher,F,3,79,True,True,True,40.0,,10,a47be7464659f75e69ef6f7165a7b057a0fd433ed180af76723f9bb5e1576a82
teacher,F,3,80,True,True,True,40.0,,2,a47be7464659f75e69ef6f7165a7b057a0fd433ed180af76723f9bb5e1576a82
teacher,F,3,81,True,True,True,40.0,,3,a47be7464659f75e69ef6f7165a7b057a0fd433ed180af76723f9bb5e1576a82
teacher,F,3,82,True,True,True,40.0,,5,a47be7464659f75e69ef6f7165a7b057a0fd433ed180af76723f9bb5e1576a82
teacher,F,3,83,True,True,True,40.0,,10,a47be7464659f75e69ef6f7165a7b057a0fd433ed180af76723f9bb5e1576a82
teacher,F,3,84,True,True,True,40.0,,10,a47be7464659f75e69ef6f7165a7b057a0fd433ed180af76723f9bb5e1576a82
teacher,F,3,85,True,True,True,40.0,,10,a47be7464659f75e69ef6f7165a7b057a0fd433ed180af76723f9bb5e1576a82
teacher,F,3,86,True,True,True,40.0,,10,a47be7464659f75e69ef6f7165a7b057a0fd433ed180af76723f9bb5e1576a82
teacher,F,3,87,True,True,True,40.0,,10,a47be7464659f75e69ef6f7165a7b057a0fd433ed180af76723f9bb5e1576a82
teacher,F,3,88,True,True,True,40.0,,10,a47be7464659f75e69ef6f7165a7b057a0fd433ed180af76723f9bb5e1576a82
teacher,F,3,89,True,True,True,40.0,,10,a47be7464659f75e69ef6f7165a7b057a0fd433ed180af76723f9bb5e1576a82
teacher,F,3,90,True,True,True,40.0,,10,a47be7464659f75e69ef6f7165a7b057a0fd433ed180af76723f9bb5e1576a82
teacher,F,3,91,True,True,True,40.0,,10,a47be7464659f75e69ef6f7165a7b057a0fd433ed180af76723f9bb5e1576a82
teacher,F,3,92,True,True,True,40.0,,10,a47be7464659f75e69ef6f7165a7b057a0fd433ed180af76723f9bb5e1576a82
teacher,F,3,93,True,True,True,40.0,,10,a47be7464659f75e69ef6f7165a7b057a0fd433ed180af76723f9bb5e1576a82
teacher,F,3,94,True,True,True,40.0,,10,a47be7464659f75e69ef6f7165a7b057a0fd433ed180af76723f9bb5e1576a82
teacher,F,3,95,True,True,True,40.0,,5,a47be7464659f75e69ef6f7165a7b057a0fd433ed180af76723f9bb5e1576a82
teacher,F,3,96,True,True,True,40.0,,3,a47be7464659f75e69ef6f7165a7b057a0fd433ed180af76723f9bb5e1576a82
teacher,F,3,97,True,True,True,40.0,,10,a47be7464659f75e69ef6f7165a7b057a0fd433ed180af76723f9bb5e1576a82
teacher,F,3,98,True,True,True,40.0,,10,a47be7464659f75e69ef6f7165a7b057a0fd433ed180af76723f9bb5e1576a82
teacher,F,3,99,True,True,True,40.0,,10,a47be7464659f75e69ef6f7165a7b057a0fd433ed180af76723f9bb5e1576a82
teacher,F,3,100,True,True,True,40.0,,2,a47be7464659f75e69ef6f7165a7b057a0fd433ed180af76723f9bb5e1576a82
teacher,F,3,101,True,True,True,40.0,,10,a47be7464659f75e69ef6f7165a7b057a0fd433ed180af76723f9bb5e1576a82
teacher,F,3,102,True,True,True,40.0,,10,a47be7464659f75e69ef6f7165a7b057a0fd433ed180af76723f9bb5e1576a82
teacher,F,3,103,True,True,True,40.0,,10,a47be7464659f75e69ef6f7165a7b057a0fd433ed180af76723f9bb5e1576a82
teacher,F,3,104,True,True,True,40.0,,10,a47be7464659f75e69ef6f7165a7b057a0fd433ed180af76723f9bb5e1576a82
teacher,F,3,105,True,True,True,40.0,,10,a47be7464659f75e69ef6f7165a7b057a0fd433ed180af76723f9bb5e1576a82
teacher,F,3,106,True,True,True,40.0,,10,a47be7464659f75e69ef6f7165a7b057a0fd433ed180af76723f9bb5e1576a82
teacher,F,3,107,True,True,True,40.0,,10,a47be7464659f75e69ef6f7165a7b057a0fd433ed180af76723f9bb5e1576a82
teacher,F,3,108,True,True,True,40.0,,10,a47be7464659f75e69ef6f7165a7b057a0fd433ed180af76723f9bb5e1576a82
teacher,F,3,109,True,True,True,40.0,,10,a47be7464659f75e69ef6f7165a7b057a0fd433ed180af76723f9bb5e1576a82
teacher,F,3,110,True,True,True,40.0,,10,a47be7464659f75e69ef6f7165a7b057a0fd433ed180af76723f9bb5e1576a82
teacher,F,3,111,True,True,True,40.0,,10,a47be7464659f75e69ef6f7165a7b057a0fd433ed180af76723f9bb5e1576a82
teacher,F,3,112,True,True,True,40.0,,5,a47be7464659f75e69ef6f7165a7b057a0fd433ed180af76723f9bb5e1576a82
teacher,F,3,113,True,True,True,40.0,,10,a47be7464659f75e69ef6f7165a7b057a0fd433ed180af76723f9bb5e1576a82
teacher,F,3,114,True,True,True,40.0,,10,a47be7464659f75e69ef6f7165a7b057a0fd433ed180af76723f9bb5e1576a82
teacher,F,3,115,True,True,True,40.0,,10,a47be7464659f75e69ef6f7165a7b057a0fd433ed180af76723f9bb5e1576a82
teacher,F,3,116,False,False,False,0.9,,0,a47be7464659f75e69ef6f7165a7b057a0fd433ed180af76723f9bb5e1576a82
teacher,F,3,117,True,False,False,31.333333333333332,,9,a47be7464659f75e69ef6f7165a7b057a0fd433ed180af76723f9bb5e1576a82
teacher,F,3,118,True,True,True,40.0,,10,a47be7464659f75e69ef6f7165a7b057a0fd433ed180af76723f9bb5e1576a82
teacher,F,3,119,True,True,True,40.0,,10,a47be7464659f75e69ef6f7165a7b057a0fd433ed180af76723f9bb5e1576a82
teacher,F,3,120,True,True,True,40.0,,10,a47be7464659f75e69ef6f7165a7b057a0fd433ed180af76723f9bb5e1576a82
teacher,F,3,121,True,True,True,40.0,,10,a47be7464659f75e69ef6f7165a7b057a0fd433ed180af76723f9bb5e1576a82
teacher,F,3,122,True,True,True,40.0,,10,a47be7464659f75e69ef6f7165a7b057a0fd433ed180af76723f9bb5e1576a82
teacher,F,3,123,True,True,True,40.0,,10,a47be7464659f75e69ef6f7165a7b057a0fd433ed180af76723f9bb5e1576a82
teacher,F,3,124,True,True,True,40.0,,10,a47be7464659f75e69ef6f7165a7b057a0fd433ed180af76723f9bb5e1576a82
teacher,F,3,125,True,True,True,40.0,,10,a47be7464659f75e69ef6f7165a7b057a0fd433ed180af76723f9bb5e1576a82
teacher,F,3,126,True,True,True,40.0,,10,a47be7464659f75e69ef6f7165a7b057a0fd433ed180af76723f9bb5e1576a82
teacher,F,3,127,True,True,True,40.0,,10,a47be7464659f75e69ef6f7165a7b057a0fd433ed180af76723f9bb5e1576a82
SA-real-51200,S2,0,0,True,True,True,20.0,1111111111,,a47be7464659f75e69ef6f7165a7b057a0fd433ed180af76723f9bb5e1576a82
SA-real-51200,S2,0,1,True,True,True,20.0,1111111111,,a47be7464659f75e69ef6f7165a7b057a0fd433ed180af76723f9bb5e1576a82
SA-real-51200,S2,0,2,True,True,True,20.0,1111111111,,a47be7464659f75e69ef6f7165a7b057a0fd433ed180af76723f9bb5e1576a82
SA-real-51200,S2,0,3,True,True,True,20.0,1111111111,,a47be7464659f75e69ef6f7165a7b057a0fd433ed180af76723f9bb5e1576a82
SA-real-51200,S2,0,4,True,True,True,20.0,1111111111,,a47be7464659f75e69ef6f7165a7b057a0fd433ed180af76723f9bb5e1576a82
SA-real-51200,S2,0,5,True,True,True,20.0,1111111111,,a47be7464659f75e69ef6f7165a7b057a0fd433ed180af76723f9bb5e1576a82
SA-real-51200,S2,0,6,True,True,True,20.0,1111111111,,a47be7464659f75e69ef6f7165a7b057a0fd433ed180af76723f9bb5e1576a82
SA-real-51200,S2,0,7,True,True,True,20.0,1111111111,,a47be7464659f75e69ef6f7165a7b057a0fd433ed180af76723f9bb5e1576a82
SA-real-51200,S2,0,8,True,True,True,20.0,1111111111,,a47be7464659f75e69ef6f7165a7b057a0fd433ed180af76723f9bb5e1576a82
SA-real-51200,S2,0,9,True,True,True,20.0,1111111111,,a47be7464659f75e69ef6f7165a7b057a0fd433ed180af76723f9bb5e1576a82
SA-real-51200,S2,0,10,True,True,True,20.0,1111111111,,a47be7464659f75e69ef6f7165a7b057a0fd433ed180af76723f9bb5e1576a82
SA-real-51200,S2,0,11,True,True,True,20.0,1111111111,,a47be7464659f75e69ef6f7165a7b057a0fd433ed180af76723f9bb5e1576a82
SA-real-51200,S2,0,12,True,True,True,20.0,1111111111,,a47be7464659f75e69ef6f7165a7b057a0fd433ed180af76723f9bb5e1576a82
SA-real-51200,S2,0,13,True,True,True,20.0,1111111111,,a47be7464659f75e69ef6f7165a7b057a0fd433ed180af76723f9bb5e1576a82
SA-real-51200,S2,0,14,True,True,True,20.0,1111111111,,a47be7464659f75e69ef6f7165a7b057a0fd433ed180af76723f9bb5e1576a82
SA-real-51200,S2,0,15,True,True,True,20.0,1111111111,,a47be7464659f75e69ef6f7165a7b057a0fd433ed180af76723f9bb5e1576a82
SA-real-51200,S2,0,16,True,True,True,20.0,1111111111,,a47be7464659f75e69ef6f7165a7b057a0fd433ed180af76723f9bb5e1576a82
SA-real-51200,S2,0,17,True,True,True,20.0,1111111111,,a47be7464659f75e69ef6f7165a7b057a0fd433ed180af76723f9bb5e1576a82
SA-real-51200,S2,0,18,True,True,True,20.0,1111111111,,a47be7464659f75e69ef6f7165a7b057a0fd433ed180af76723f9bb5e1576a82
SA-real-51200,S2,0,19,True,True,True,20.0,1111111111,,a47be7464659f75e69ef6f7165a7b057a0fd433ed180af76723f9bb5e1576a82
SA-real-51200,S2,0,20,True,True,True,20.0,1111111111,,a47be7464659f75e69ef6f7165a7b057a0fd433ed180af76723f9bb5e1576a82
SA-real-51200,S2,0,21,True,True,True,20.0,1111111111,,a47be7464659f75e69ef6f7165a7b057a0fd433ed180af76723f9bb5e1576a82
SA-real-51200,S2,0,22,True,True,True,20.0,1111111111,,a47be7464659f75e69ef6f7165a7b057a0fd433ed180af76723f9bb5e1576a82
SA-real-51200,S2,0,23,True,True,True,20.0,1111111111,,a47be7464659f75e69ef6f7165a7b057a0fd433ed180af76723f9bb5e1576a82
SA-real-51200,S2,0,24,True,True,True,20.0,1111111111,,a47be7464659f75e69ef6f7165a7b057a0fd433ed180af76723f9bb5e1576a82
SA-real-51200,S2,0,25,True,True,True,20.0,1111111111,,a47be7464659f75e69ef6f7165a7b057a0fd433ed180af76723f9bb5e1576a82
SA-real-51200,S2,0,26,True,True,True,20.0,1111111111,,a47be7464659f75e69ef6f7165a7b057a0fd433ed180af76723f9bb5e1576a82
SA-real-51200,S2,0,27,True,True,True,20.0,1111111111,,a47be7464659f75e69ef6f7165a7b057a0fd433ed180af76723f9bb5e1576a82
SA-real-51200,S2,0,28,True,True,True,20.0,1111111111,,a47be7464659f75e69ef6f7165a7b057a0fd433ed180af76723f9bb5e1576a82
SA-real-51200,S2,0,29,True,True,True,20.0,1111111111,,a47be7464659f75e69ef6f7165a7b057a0fd433ed180af76723f9bb5e1576a82
SA-real-51200,S2,0,30,True,True,True,20.0,1111111111,,a47be7464659f75e69ef6f7165a7b057a0fd433ed180af76723f9bb5e1576a82
SA-real-51200,S2,0,31,True,True,True,20.0,1111111111,,a47be7464659f75e69ef6f7165a7b057a0fd433ed180af76723f9bb5e1576a82
SA-real-51200,S2,0,32,False,True,True,20.0,1111111101,,a47be7464659f75e69ef6f7165a7b057a0fd433ed180af76723f9bb5e1576a82
SA-real-51200,S2,0,33,True,True,True,20.0,1111111111,,a47be7464659f75e69ef6f7165a7b057a0fd433ed180af76723f9bb5e1576a82
SA-real-51200,S2,0,34,True,True,True,20.0,1111111111,,a47be7464659f75e69ef6f7165a7b057a0fd433ed180af76723f9bb5e1576a82
SA-real-51200,S2,0,35,True,True,True,20.0,1111111111,,a47be7464659f75e69ef6f7165a7b057a0fd433ed180af76723f9bb5e1576a82
SA-real-51200,S2,0,36,True,True,True,20.0,1111111111,,a47be7464659f75e69ef6f7165a7b057a0fd433ed180af76723f9bb5e1576a82
SA-real-51200,S2,0,37,True,True,True,20.0,1111111111,,a47be7464659f75e69ef6f7165a7b057a0fd433ed180af76723f9bb5e1576a82
SA-real-51200,S2,0,38,True,True,True,20.0,1111111111,,a47be7464659f75e69ef6f7165a7b057a0fd433ed180af76723f9bb5e1576a82
SA-real-51200,S2,0,39,True,True,True,20.0,1111111111,,a47be7464659f75e69ef6f7165a7b057a0fd433ed180af76723f9bb5e1576a82
SA-real-51200,S2,0,40,True,True,True,20.0,1111111111,,a47be7464659f75e69ef6f7165a7b057a0fd433ed180af76723f9bb5e1576a82
SA-real-51200,S2,0,41,True,True,True,20.0,1111111111,,a47be7464659f75e69ef6f7165a7b057a0fd433ed180af76723f9bb5e1576a82
SA-real-51200,S2,0,42,True,True,True,20.0,1111111111,,a47be7464659f75e69ef6f7165a7b057a0fd433ed180af76723f9bb5e1576a82
SA-real-51200,S2,0,43,True,True,True,20.0,1111111111,,a47be7464659f75e69ef6f7165a7b057a0fd433ed180af76723f9bb5e1576a82
SA-real-51200,S2,0,44,True,True,True,20.0,1111111111,,a47be7464659f75e69ef6f7165a7b057a0fd433ed180af76723f9bb5e1576a82
SA-real-51200,S2,0,45,True,True,True,20.0,1111111111,,a47be7464659f75e69ef6f7165a7b057a0fd433ed180af76723f9bb5e1576a82
SA-real-51200,S2,0,46,True,True,True,20.0,1111111111,,a47be7464659f75e69ef6f7165a7b057a0fd433ed180af76723f9bb5e1576a82
SA-real-51200,S2,0,47,True,True,True,20.0,1111111111,,a47be7464659f75e69ef6f7165a7b057a0fd433ed180af76723f9bb5e1576a82
SA-real-51200,S2,0,48,True,True,True,20.0,1111111111,,a47be7464659f75e69ef6f7165a7b057a0fd433ed180af76723f9bb5e1576a82
SA-real-51200,S2,0,49,False,False,True,12.833333333333334,1111111111,,a47be7464659f75e69ef6f7165a7b057a0fd433ed180af76723f9bb5e1576a82
SA-real-51200,S2,0,50,True,True,True,20.0,1111111111,,a47be7464659f75e69ef6f7165a7b057a0fd433ed180af76723f9bb5e1576a82
SA-real-51200,S2,0,51,True,True,True,20.0,1111111111,,a47be7464659f75e69ef6f7165a7b057a0fd433ed180af76723f9bb5e1576a82
SA-real-51200,S2,0,52,True,True,True,20.0,1111111111,,a47be7464659f75e69ef6f7165a7b057a0fd433ed180af76723f9bb5e1576a82
SA-real-51200,S2,0,53,True,True,True,20.0,1111111111,,a47be7464659f75e69ef6f7165a7b057a0fd433ed180af76723f9bb5e1576a82
SA-real-51200,S2,0,54,True,True,True,20.0,1111111111,,a47be7464659f75e69ef6f7165a7b057a0fd433ed180af76723f9bb5e1576a82
SA-real-51200,S2,0,55,True,True,True,20.0,1111111111,,a47be7464659f75e69ef6f7165a7b057a0fd433ed180af76723f9bb5e1576a82
SA-real-51200,S2,0,56,True,True,True,20.0,1111111111,,a47be7464659f75e69ef6f7165a7b057a0fd433ed180af76723f9bb5e1576a82
SA-real-51200,S2,0,57,True,True,True,20.0,1111111111,,a47be7464659f75e69ef6f7165a7b057a0fd433ed180af76723f9bb5e1576a82
SA-real-51200,S2,0,58,True,True,True,20.0,1111111111,,a47be7464659f75e69ef6f7165a7b057a0fd433ed180af76723f9bb5e1576a82
SA-real-51200,S2,0,59,True,True,True,20.0,1111111111,,a47be7464659f75e69ef6f7165a7b057a0fd433ed180af76723f9bb5e1576a82
SA-real-51200,S2,0,60,True,True,True,20.0,1111111111,,a47be7464659f75e69ef6f7165a7b057a0fd433ed180af76723f9bb5e1576a82
SA-real-51200,S2,0,61,True,True,True,20.0,1111111111,,a47be7464659f75e69ef6f7165a7b057a0fd433ed180af76723f9bb5e1576a82
SA-real-51200,S2,0,62,True,True,True,20.0,1111111111,,a47be7464659f75e69ef6f7165a7b057a0fd433ed180af76723f9bb5e1576a82
SA-real-51200,S2,0,63,True,True,True,20.0,1111111111,,a47be7464659f75e69ef6f7165a7b057a0fd433ed180af76723f9bb5e1576a82
SA-real-51200,S2,0,64,True,True,True,20.0,1111111111,,a47be7464659f75e69ef6f7165a7b057a0fd433ed180af76723f9bb5e1576a82
SA-real-51200,S2,0,65,True,True,True,20.0,1111111111,,a47be7464659f75e69ef6f7165a7b057a0fd433ed180af76723f9bb5e1576a82
SA-real-51200,S2,0,66,True,True,True,20.0,1111111111,,a47be7464659f75e69ef6f7165a7b057a0fd433ed180af76723f9bb5e1576a82
SA-real-51200,S2,0,67,True,True,True,20.0,1111111111,,a47be7464659f75e69ef6f7165a7b057a0fd433ed180af76723f9bb5e1576a82
SA-real-51200,S2,0,68,True,True,True,20.0,1111111111,,a47be7464659f75e69ef6f7165a7b057a0fd433ed180af76723f9bb5e1576a82
SA-real-51200,S2,0,69,True,True,True,20.0,1111111111,,a47be7464659f75e69ef6f7165a7b057a0fd433ed180af76723f9bb5e1576a82
SA-real-51200,S2,0,70,True,True,True,20.0,1111111111,,a47be7464659f75e69ef6f7165a7b057a0fd433ed180af76723f9bb5e1576a82
SA-real-51200,S2,0,71,True,True,True,20.0,1111111111,,a47be7464659f75e69ef6f7165a7b057a0fd433ed180af76723f9bb5e1576a82
SA-real-51200,S2,0,72,True,True,True,20.0,1111111111,,a47be7464659f75e69ef6f7165a7b057a0fd433ed180af76723f9bb5e1576a82
SA-real-51200,S2,0,73,True,True,True,20.0,1111111111,,a47be7464659f75e69ef6f7165a7b057a0fd433ed180af76723f9bb5e1576a82
SA-real-51200,S2,0,74,True,True,True,20.0,1111111111,,a47be7464659f75e69ef6f7165a7b057a0fd433ed180af76723f9bb5e1576a82
SA-real-51200,S2,0,75,True,True,True,20.0,1111111111,,a47be7464659f75e69ef6f7165a7b057a0fd433ed180af76723f9bb5e1576a82
SA-real-51200,S2,0,76,True,True,True,20.0,1111111111,,a47be7464659f75e69ef6f7165a7b057a0fd433ed180af76723f9bb5e1576a82
SA-real-51200,S2,0,77,True,True,True,20.0,1111111111,,a47be7464659f75e69ef6f7165a7b057a0fd433ed180af76723f9bb5e1576a82
SA-real-51200,S2,0,78,True,True,True,20.0,1111111111,,a47be7464659f75e69ef6f7165a7b057a0fd433ed180af76723f9bb5e1576a82
SA-real-51200,S2,0,79,True,True,True,20.0,1111111111,,a47be7464659f75e69ef6f7165a7b057a0fd433ed180af76723f9bb5e1576a82
SA-real-51200,S2,0,80,True,True,True,20.0,1111111111,,a47be7464659f75e69ef6f7165a7b057a0fd433ed180af76723f9bb5e1576a82
SA-real-51200,S2,0,81,True,True,True,20.0,1111111111,,a47be7464659f75e69ef6f7165a7b057a0fd433ed180af76723f9bb5e1576a82
SA-real-51200,S2,0,82,True,True,True,20.0,1111111111,,a47be7464659f75e69ef6f7165a7b057a0fd433ed180af76723f9bb5e1576a82
SA-real-51200,S2,0,83,True,True,True,20.0,1111111111,,a47be7464659f75e69ef6f7165a7b057a0fd433ed180af76723f9bb5e1576a82
SA-real-51200,S2,0,84,True,True,True,20.0,1111111111,,a47be7464659f75e69ef6f7165a7b057a0fd433ed180af76723f9bb5e1576a82
SA-real-51200,S2,0,85,True,True,True,20.0,1111111111,,a47be7464659f75e69ef6f7165a7b057a0fd433ed180af76723f9bb5e1576a82
SA-real-51200,S2,0,86,True,True,True,20.0,1111111111,,a47be7464659f75e69ef6f7165a7b057a0fd433ed180af76723f9bb5e1576a82
SA-real-51200,S2,0,87,True,True,True,20.0,1111111111,,a47be7464659f75e69ef6f7165a7b057a0fd433ed180af76723f9bb5e1576a82
SA-real-51200,S2,0,88,True,True,True,20.0,1111111111,,a47be7464659f75e69ef6f7165a7b057a0fd433ed180af76723f9bb5e1576a82
SA-real-51200,S2,0,89,True,True,True,20.0,1111111111,,a47be7464659f75e69ef6f7165a7b057a0fd433ed180af76723f9bb5e1576a82
SA-real-51200,S2,0,90,True,True,True,20.0,1111111111,,a47be7464659f75e69ef6f7165a7b057a0fd433ed180af76723f9bb5e1576a82
SA-real-51200,S2,0,91,True,True,True,20.0,1111111111,,a47be7464659f75e69ef6f7165a7b057a0fd433ed180af76723f9bb5e1576a82
SA-real-51200,S2,0,92,True,True,True,20.0,1111111111,,a47be7464659f75e69ef6f7165a7b057a0fd433ed180af76723f9bb5e1576a82
SA-real-51200,S2,0,93,True,True,True,20.0,1111111111,,a47be7464659f75e69ef6f7165a7b057a0fd433ed180af76723f9bb5e1576a82
SA-real-51200,S2,0,94,True,True,True,20.0,1111111111,,a47be7464659f75e69ef6f7165a7b057a0fd433ed180af76723f9bb5e1576a82
SA-real-51200,S2,0,95,True,True,True,20.0,1111111111,,a47be7464659f75e69ef6f7165a7b057a0fd433ed180af76723f9bb5e1576a82
SA-real-51200,S2,0,96,True,True,True,20.0,1111111111,,a47be7464659f75e69ef6f7165a7b057a0fd433ed180af76723f9bb5e1576a82
SA-real-51200,S2,0,97,True,True,True,20.0,1111111111,,a47be7464659f75e69ef6f7165a7b057a0fd433ed180af76723f9bb5e1576a82
SA-real-51200,S2,0,98,True,True,True,20.0,1111111111,,a47be7464659f75e69ef6f7165a7b057a0fd433ed180af76723f9bb5e1576a82
SA-real-51200,S2,0,99,True,True,True,20.0,1111111111,,a47be7464659f75e69ef6f7165a7b057a0fd433ed180af76723f9bb5e1576a82
SA-real-51200,S2,0,100,True,True,True,20.0,1111111111,,a47be7464659f75e69ef6f7165a7b057a0fd433ed180af76723f9bb5e1576a82
SA-real-51200,S2,0,101,True,True,True,20.0,1111111111,,a47be7464659f75e69ef6f7165a7b057a0fd433ed180af76723f9bb5e1576a82
SA-real-51200,S2,0,102,True,True,True,20.0,1111111111,,a47be7464659f75e69ef6f7165a7b057a0fd433ed180af76723f9bb5e1576a82
SA-real-51200,S2,0,103,True,True,True,20.0,1111111111,,a47be7464659f75e69ef6f7165a7b057a0fd433ed180af76723f9bb5e1576a82
SA-real-51200,S2,0,104,True,True,True,20.0,1111111111,,a47be7464659f75e69ef6f7165a7b057a0fd433ed180af76723f9bb5e1576a82
SA-real-51200,S2,0,105,True,True,True,20.0,1111111111,,a47be7464659f75e69ef6f7165a7b057a0fd433ed180af76723f9bb5e1576a82
SA-real-51200,S2,0,106,True,True,True,20.0,1111111111,,a47be7464659f75e69ef6f7165a7b057a0fd433ed180af76723f9bb5e1576a82
SA-real-51200,S2,0,107,True,True,True,20.0,1111111111,,a47be7464659f75e69ef6f7165a7b057a0fd433ed180af76723f9bb5e1576a82
SA-real-51200,S2,0,108,True,True,True,20.0,1111111111,,a47be7464659f75e69ef6f7165a7b057a0fd433ed180af76723f9bb5e1576a82
SA-real-51200,S2,0,109,True,True,True,20.0,1111111111,,a47be7464659f75e69ef6f7165a7b057a0fd433ed180af76723f9bb5e1576a82
SA-real-51200,S2,0,110,True,True,True,20.0,1111111111,,a47be7464659f75e69ef6f7165a7b057a0fd433ed180af76723f9bb5e1576a82
SA-real-51200,S2,0,111,True,True,True,20.0,1111111111,,a47be7464659f75e69ef6f7165a7b057a0fd433ed180af76723f9bb5e1576a82
SA-real-51200,S2,0,112,True,True,True,20.0,1111111111,,a47be7464659f75e69ef6f7165a7b057a0fd433ed180af76723f9bb5e1576a82
SA-real-51200,S2,0,113,True,True,True,20.0,1111111111,,a47be7464659f75e69ef6f7165a7b057a0fd433ed180af76723f9bb5e1576a82
SA-real-51200,S2,0,114,True,True,True,20.0,1111111111,,a47be7464659f75e69ef6f7165a7b057a0fd433ed180af76723f9bb5e1576a82
SA-real-51200,S2,0,115,True,True,True,20.0,1111111111,,a47be7464659f75e69ef6f7165a7b057a0fd433ed180af76723f9bb5e1576a82
SA-real-51200,S2,0,116,True,True,True,20.0,1111111111,,a47be7464659f75e69ef6f7165a7b057a0fd433ed180af76723f9bb5e1576a82
SA-real-51200,S2,0,117,True,True,True,20.0,1111111111,,a47be7464659f75e69ef6f7165a7b057a0fd433ed180af76723f9bb5e1576a82
SA-real-51200,S2,0,118,True,True,True,20.0,1111111111,,a47be7464659f75e69ef6f7165a7b057a0fd433ed180af76723f9bb5e1576a82
SA-real-51200,S2,0,119,True,True,True,20.0,1111111111,,a47be7464659f75e69ef6f7165a7b057a0fd433ed180af76723f9bb5e1576a82
SA-real-51200,S2,0,120,True,True,True,20.0,1111111111,,a47be7464659f75e69ef6f7165a7b057a0fd433ed180af76723f9bb5e1576a82
SA-real-51200,S2,0,121,True,True,True,20.0,1111111111,,a47be7464659f75e69ef6f7165a7b057a0fd433ed180af76723f9bb5e1576a82
SA-real-51200,S2,0,122,True,True,True,20.0,1111111111,,a47be7464659f75e69ef6f7165a7b057a0fd433ed180af76723f9bb5e1576a82
SA-real-51200,S2,0,123,True,True,True,20.0,1111111111,,a47be7464659f75e69ef6f7165a7b057a0fd433ed180af76723f9bb5e1576a82
SA-real-51200,S2,0,124,True,True,True,20.0,1111111111,,a47be7464659f75e69ef6f7165a7b057a0fd433ed180af76723f9bb5e1576a82
SA-real-51200,S2,0,125,True,True,True,20.0,1111111111,,a47be7464659f75e69ef6f7165a7b057a0fd433ed180af76723f9bb5e1576a82
SA-real-51200,S2,0,126,True,True,True,20.0,1111111111,,a47be7464659f75e69ef6f7165a7b057a0fd433ed180af76723f9bb5e1576a82
SA-real-51200,S2,0,127,True,True,True,20.0,1111111111,,a47be7464659f75e69ef6f7165a7b057a0fd433ed180af76723f9bb5e1576a82
SA-real-51200,S2,1,0,True,True,True,20.0,1111111111,,a47be7464659f75e69ef6f7165a7b057a0fd433ed180af76723f9bb5e1576a82
SA-real-51200,S2,1,1,True,True,True,20.0,1111111111,,a47be7464659f75e69ef6f7165a7b057a0fd433ed180af76723f9bb5e1576a82
SA-real-51200,S2,1,2,True,True,True,20.0,1111111111,,a47be7464659f75e69ef6f7165a7b057a0fd433ed180af76723f9bb5e1576a82
SA-real-51200,S2,1,3,False,True,True,20.0,0111111101,,a47be7464659f75e69ef6f7165a7b057a0fd433ed180af76723f9bb5e1576a82
SA-real-51200,S2,1,4,True,True,True,20.0,1111111111,,a47be7464659f75e69ef6f7165a7b057a0fd433ed180af76723f9bb5e1576a82
SA-real-51200,S2,1,5,True,True,True,20.0,1111111111,,a47be7464659f75e69ef6f7165a7b057a0fd433ed180af76723f9bb5e1576a82
SA-real-51200,S2,1,6,True,True,True,20.0,1111111111,,a47be7464659f75e69ef6f7165a7b057a0fd433ed180af76723f9bb5e1576a82
SA-real-51200,S2,1,7,True,True,True,20.0,1111111111,,a47be7464659f75e69ef6f7165a7b057a0fd433ed180af76723f9bb5e1576a82
SA-real-51200,S2,1,8,True,True,True,20.0,1111111111,,a47be7464659f75e69ef6f7165a7b057a0fd433ed180af76723f9bb5e1576a82
SA-real-51200,S2,1,9,True,True,True,20.0,1111111111,,a47be7464659f75e69ef6f7165a7b057a0fd433ed180af76723f9bb5e1576a82
SA-real-51200,S2,1,10,False,True,True,20.0,0111111111,,a47be7464659f75e69ef6f7165a7b057a0fd433ed180af76723f9bb5e1576a82
SA-real-51200,S2,1,11,True,True,True,20.0,1111111111,,a47be7464659f75e69ef6f7165a7b057a0fd433ed180af76723f9bb5e1576a82
SA-real-51200,S2,1,12,True,True,True,20.0,1111111111,,a47be7464659f75e69ef6f7165a7b057a0fd433ed180af76723f9bb5e1576a82
SA-real-51200,S2,1,13,True,True,True,20.0,1111111111,,a47be7464659f75e69ef6f7165a7b057a0fd433ed180af76723f9bb5e1576a82
SA-real-51200,S2,1,14,True,True,True,20.0,1111111111,,a47be7464659f75e69ef6f7165a7b057a0fd433ed180af76723f9bb5e1576a82
SA-real-51200,S2,1,15,True,True,True,20.0,1111111111,,a47be7464659f75e69ef6f7165a7b057a0fd433ed180af76723f9bb5e1576a82
SA-real-51200,S2,1,16,True,True,True,20.0,1111111111,,a47be7464659f75e69ef6f7165a7b057a0fd433ed180af76723f9bb5e1576a82
SA-real-51200,S2,1,17,True,True,True,20.0,1111111111,,a47be7464659f75e69ef6f7165a7b057a0fd433ed180af76723f9bb5e1576a82
SA-real-51200,S2,1,18,True,True,True,20.0,1111111111,,a47be7464659f75e69ef6f7165a7b057a0fd433ed180af76723f9bb5e1576a82
SA-real-51200,S2,1,19,True,True,True,20.0,1111111111,,a47be7464659f75e69ef6f7165a7b057a0fd433ed180af76723f9bb5e1576a82
SA-real-51200,S2,1,20,True,True,True,20.0,1111111111,,a47be7464659f75e69ef6f7165a7b057a0fd433ed180af76723f9bb5e1576a82
SA-real-51200,S2,1,21,True,True,True,20.0,1111111111,,a47be7464659f75e69ef6f7165a7b057a0fd433ed180af76723f9bb5e1576a82
SA-real-51200,S2,1,22,True,True,True,20.0,1111111111,,a47be7464659f75e69ef6f7165a7b057a0fd433ed180af76723f9bb5e1576a82
SA-real-51200,S2,1,23,True,True,True,20.0,1111111111,,a47be7464659f75e69ef6f7165a7b057a0fd433ed180af76723f9bb5e1576a82
SA-real-51200,S2,1,24,True,True,True,20.0,1111111111,,a47be7464659f75e69ef6f7165a7b057a0fd433ed180af76723f9bb5e1576a82
SA-real-51200,S2,1,25,True,True,True,20.0,1111111111,,a47be7464659f75e69ef6f7165a7b057a0fd433ed180af76723f9bb5e1576a82
SA-real-51200,S2,1,26,True,True,True,20.0,1111111111,,a47be7464659f75e69ef6f7165a7b057a0fd433ed180af76723f9bb5e1576a82
SA-real-51200,S2,1,27,True,True,True,20.0,1111111111,,a47be7464659f75e69ef6f7165a7b057a0fd433ed180af76723f9bb5e1576a82
SA-real-51200,S2,1,28,True,True,True,20.0,1111111111,,a47be7464659f75e69ef6f7165a7b057a0fd433ed180af76723f9bb5e1576a82
SA-real-51200,S2,1,29,True,True,True,20.0,1111111111,,a47be7464659f75e69ef6f7165a7b057a0fd433ed180af76723f9bb5e1576a82
SA-real-51200,S2,1,30,True,True,True,20.0,1111111111,,a47be7464659f75e69ef6f7165a7b057a0fd433ed180af76723f9bb5e1576a82
SA-real-51200,S2,1,31,True,True,True,20.0,1111111111,,a47be7464659f75e69ef6f7165a7b057a0fd433ed180af76723f9bb5e1576a82
SA-real-51200,S2,1,32,True,True,True,20.0,1111111111,,a47be7464659f75e69ef6f7165a7b057a0fd433ed180af76723f9bb5e1576a82
SA-real-51200,S2,1,33,True,True,True,20.0,1111111111,,a47be7464659f75e69ef6f7165a7b057a0fd433ed180af76723f9bb5e1576a82
SA-real-51200,S2,1,34,True,True,True,20.0,1111111111,,a47be7464659f75e69ef6f7165a7b057a0fd433ed180af76723f9bb5e1576a82
SA-real-51200,S2,1,35,True,True,True,20.0,1111111111,,a47be7464659f75e69ef6f7165a7b057a0fd433ed180af76723f9bb5e1576a82
SA-real-51200,S2,1,36,True,True,True,20.0,1111111111,,a47be7464659f75e69ef6f7165a7b057a0fd433ed180af76723f9bb5e1576a82
SA-real-51200,S2,1,37,True,True,True,20.0,1111111111,,a47be7464659f75e69ef6f7165a7b057a0fd433ed180af76723f9bb5e1576a82
SA-real-51200,S2,1,38,True,True,True,20.0,1111111111,,a47be7464659f75e69ef6f7165a7b057a0fd433ed180af76723f9bb5e1576a82
SA-real-51200,S2,1,39,True,True,True,20.0,1111111111,,a47be7464659f75e69ef6f7165a7b057a0fd433ed180af76723f9bb5e1576a82
SA-real-51200,S2,1,40,False,True,True,20.0,1111111101,,a47be7464659f75e69ef6f7165a7b057a0fd433ed180af76723f9bb5e1576a82
SA-real-51200,S2,1,41,True,True,True,20.0,1111111111,,a47be7464659f75e69ef6f7165a7b057a0fd433ed180af76723f9bb5e1576a82
SA-real-51200,S2,1,42,True,True,True,20.0,1111111111,,a47be7464659f75e69ef6f7165a7b057a0fd433ed180af76723f9bb5e1576a82
SA-real-51200,S2,1,43,True,True,True,20.0,1111111111,,a47be7464659f75e69ef6f7165a7b057a0fd433ed180af76723f9bb5e1576a82
SA-real-51200,S2,1,44,True,True,True,20.0,1111111111,,a47be7464659f75e69ef6f7165a7b057a0fd433ed180af76723f9bb5e1576a82
SA-real-51200,S2,1,45,True,True,True,20.0,1111111111,,a47be7464659f75e69ef6f7165a7b057a0fd433ed180af76723f9bb5e1576a82
SA-real-51200,S2,1,46,True,True,True,20.0,1111111111,,a47be7464659f75e69ef6f7165a7b057a0fd433ed180af76723f9bb5e1576a82
SA-real-51200,S2,1,47,True,True,True,20.0,1111111111,,a47be7464659f75e69ef6f7165a7b057a0fd433ed180af76723f9bb5e1576a82
SA-real-51200,S2,1,48,True,True,True,20.0,1111111111,,a47be7464659f75e69ef6f7165a7b057a0fd433ed180af76723f9bb5e1576a82
SA-real-51200,S2,1,49,False,True,True,20.0,1111010101,,a47be7464659f75e69ef6f7165a7b057a0fd433ed180af76723f9bb5e1576a82
SA-real-51200,S2,1,50,True,True,True,20.0,1111111111,,a47be7464659f75e69ef6f7165a7b057a0fd433ed180af76723f9bb5e1576a82
SA-real-51200,S2,1,51,True,True,True,20.0,1111111111,,a47be7464659f75e69ef6f7165a7b057a0fd433ed180af76723f9bb5e1576a82
SA-real-51200,S2,1,52,True,True,True,20.0,1111111111,,a47be7464659f75e69ef6f7165a7b057a0fd433ed180af76723f9bb5e1576a82
SA-real-51200,S2,1,53,True,True,True,20.0,1111111111,,a47be7464659f75e69ef6f7165a7b057a0fd433ed180af76723f9bb5e1576a82
SA-real-51200,S2,1,54,True,True,True,20.0,1111111111,,a47be7464659f75e69ef6f7165a7b057a0fd433ed180af76723f9bb5e1576a82
SA-real-51200,S2,1,55,False,True,True,20.0,0111111101,,a47be7464659f75e69ef6f7165a7b057a0fd433ed180af76723f9bb5e1576a82
SA-real-51200,S2,1,56,True,True,True,20.0,1111111111,,a47be7464659f75e69ef6f7165a7b057a0fd433ed180af76723f9bb5e1576a82
SA-real-51200,S2,1,57,True,True,True,20.0,1111111111,,a47be7464659f75e69ef6f7165a7b057a0fd433ed180af76723f9bb5e1576a82
SA-real-51200,S2,1,58,True,True,True,20.0,1111111111,,a47be7464659f75e69ef6f7165a7b057a0fd433ed180af76723f9bb5e1576a82
SA-real-51200,S2,1,59,True,True,True,20.0,1111111111,,a47be7464659f75e69ef6f7165a7b057a0fd433ed180af76723f9bb5e1576a82
SA-real-51200,S2,1,60,True,True,True,20.0,1111111111,,a47be7464659f75e69ef6f7165a7b057a0fd433ed180af76723f9bb5e1576a82
SA-real-51200,S2,1,61,True,True,True,20.0,1111111111,,a47be7464659f75e69ef6f7165a7b057a0fd433ed180af76723f9bb5e1576a82
SA-real-51200,S2,1,62,True,True,True,20.0,1111111111,,a47be7464659f75e69ef6f7165a7b057a0fd433ed180af76723f9bb5e1576a82
SA-real-51200,S2,1,63,True,True,True,20.0,1111111111,,a47be7464659f75e69ef6f7165a7b057a0fd433ed180af76723f9bb5e1576a82
SA-real-51200,S2,1,64,True,True,True,20.0,1111111111,,a47be7464659f75e69ef6f7165a7b057a0fd433ed180af76723f9bb5e1576a82
SA-real-51200,S2,1,65,True,True,True,20.0,1111111111,,a47be7464659f75e69ef6f7165a7b057a0fd433ed180af76723f9bb5e1576a82
SA-real-51200,S2,1,66,True,True,True,20.0,1111111111,,a47be7464659f75e69ef6f7165a7b057a0fd433ed180af76723f9bb5e1576a82
SA-real-51200,S2,1,67,True,True,True,20.0,1111111111,,a47be7464659f75e69ef6f7165a7b057a0fd433ed180af76723f9bb5e1576a82
SA-real-51200,S2,1,68,True,True,True,20.0,1111111111,,a47be7464659f75e69ef6f7165a7b057a0fd433ed180af76723f9bb5e1576a82
SA-real-51200,S2,1,69,True,True,True,20.0,1111111111,,a47be7464659f75e69ef6f7165a7b057a0fd433ed180af76723f9bb5e1576a82
SA-real-51200,S2,1,70,True,True,True,20.0,1111111111,,a47be7464659f75e69ef6f7165a7b057a0fd433ed180af76723f9bb5e1576a82
SA-real-51200,S2,1,71,True,True,True,20.0,1111111111,,a47be7464659f75e69ef6f7165a7b057a0fd433ed180af76723f9bb5e1576a82
SA-real-51200,S2,1,72,True,True,True,20.0,1111111111,,a47be7464659f75e69ef6f7165a7b057a0fd433ed180af76723f9bb5e1576a82
SA-real-51200,S2,1,73,True,True,True,20.0,1111111111,,a47be7464659f75e69ef6f7165a7b057a0fd433ed180af76723f9bb5e1576a82
SA-real-51200,S2,1,74,True,True,True,20.0,1111111111,,a47be7464659f75e69ef6f7165a7b057a0fd433ed180af76723f9bb5e1576a82
SA-real-51200,S2,1,75,True,True,True,20.0,1111111111,,a47be7464659f75e69ef6f7165a7b057a0fd433ed180af76723f9bb5e1576a82
SA-real-51200,S2,1,76,True,True,True,20.0,1111111111,,a47be7464659f75e69ef6f7165a7b057a0fd433ed180af76723f9bb5e1576a82
SA-real-51200,S2,1,77,True,True,True,20.0,1111111111,,a47be7464659f75e69ef6f7165a7b057a0fd433ed180af76723f9bb5e1576a82
SA-real-51200,S2,1,78,True,True,True,20.0,1111111111,,a47be7464659f75e69ef6f7165a7b057a0fd433ed180af76723f9bb5e1576a82
SA-real-51200,S2,1,79,True,True,True,20.0,1111111111,,a47be7464659f75e69ef6f7165a7b057a0fd433ed180af76723f9bb5e1576a82
SA-real-51200,S2,1,80,True,True,True,20.0,1111111111,,a47be7464659f75e69ef6f7165a7b057a0fd433ed180af76723f9bb5e1576a82
SA-real-51200,S2,1,81,True,True,True,20.0,1111111111,,a47be7464659f75e69ef6f7165a7b057a0fd433ed180af76723f9bb5e1576a82
SA-real-51200,S2,1,82,True,True,True,20.0,1111111111,,a47be7464659f75e69ef6f7165a7b057a0fd433ed180af76723f9bb5e1576a82
SA-real-51200,S2,1,83,True,True,True,20.0,1111111111,,a47be7464659f75e69ef6f7165a7b057a0fd433ed180af76723f9bb5e1576a82
SA-real-51200,S2,1,84,True,True,True,20.0,1111111111,,a47be7464659f75e69ef6f7165a7b057a0fd433ed180af76723f9bb5e1576a82
SA-real-51200,S2,1,85,True,True,True,20.0,1111111111,,a47be7464659f75e69ef6f7165a7b057a0fd433ed180af76723f9bb5e1576a82
SA-real-51200,S2,1,86,True,True,True,20.0,1111111111,,a47be7464659f75e69ef6f7165a7b057a0fd433ed180af76723f9bb5e1576a82
SA-real-51200,S2,1,87,True,True,True,20.0,1111111111,,a47be7464659f75e69ef6f7165a7b057a0fd433ed180af76723f9bb5e1576a82
SA-real-51200,S2,1,88,True,True,True,20.0,1111111111,,a47be7464659f75e69ef6f7165a7b057a0fd433ed180af76723f9bb5e1576a82
SA-real-51200,S2,1,89,True,True,True,20.0,1111111111,,a47be7464659f75e69ef6f7165a7b057a0fd433ed180af76723f9bb5e1576a82
SA-real-51200,S2,1,90,True,True,True,20.0,1111111111,,a47be7464659f75e69ef6f7165a7b057a0fd433ed180af76723f9bb5e1576a82
SA-real-51200,S2,1,91,True,True,True,20.0,1111111111,,a47be7464659f75e69ef6f7165a7b057a0fd433ed180af76723f9bb5e1576a82
SA-real-51200,S2,1,92,True,True,True,20.0,1111111111,,a47be7464659f75e69ef6f7165a7b057a0fd433ed180af76723f9bb5e1576a82
SA-real-51200,S2,1,93,True,True,True,20.0,1111111111,,a47be7464659f75e69ef6f7165a7b057a0fd433ed180af76723f9bb5e1576a82
SA-real-51200,S2,1,94,True,True,True,20.0,1111111111,,a47be7464659f75e69ef6f7165a7b057a0fd433ed180af76723f9bb5e1576a82
SA-real-51200,S2,1,95,True,True,True,20.0,1111111111,,a47be7464659f75e69ef6f7165a7b057a0fd433ed180af76723f9bb5e1576a82
SA-real-51200,S2,1,96,True,True,True,20.0,1111111111,,a47be7464659f75e69ef6f7165a7b057a0fd433ed180af76723f9bb5e1576a82
SA-real-51200,S2,1,97,True,True,True,20.0,1111111111,,a47be7464659f75e69ef6f7165a7b057a0fd433ed180af76723f9bb5e1576a82
SA-real-51200,S2,1,98,True,True,True,20.0,1111111111,,a47be7464659f75e69ef6f7165a7b057a0fd433ed180af76723f9bb5e1576a82
SA-real-51200,S2,1,99,True,True,True,20.0,1111111111,,a47be7464659f75e69ef6f7165a7b057a0fd433ed180af76723f9bb5e1576a82
SA-real-51200,S2,1,100,True,True,True,20.0,1111111111,,a47be7464659f75e69ef6f7165a7b057a0fd433ed180af76723f9bb5e1576a82
SA-real-51200,S2,1,101,True,True,True,20.0,1111111111,,a47be7464659f75e69ef6f7165a7b057a0fd433ed180af76723f9bb5e1576a82
SA-real-51200,S2,1,102,True,True,True,20.0,1111111111,,a47be7464659f75e69ef6f7165a7b057a0fd433ed180af76723f9bb5e1576a82
SA-real-51200,S2,1,103,True,True,True,20.0,1111111111,,a47be7464659f75e69ef6f7165a7b057a0fd433ed180af76723f9bb5e1576a82
SA-real-51200,S2,1,104,True,True,True,20.0,1111111111,,a47be7464659f75e69ef6f7165a7b057a0fd433ed180af76723f9bb5e1576a82
SA-real-51200,S2,1,105,True,True,True,20.0,1111111111,,a47be7464659f75e69ef6f7165a7b057a0fd433ed180af76723f9bb5e1576a82
SA-real-51200,S2,1,106,True,True,True,20.0,1111111111,,a47be7464659f75e69ef6f7165a7b057a0fd433ed180af76723f9bb5e1576a82
SA-real-51200,S2,1,107,False,True,True,20.0,0111111111,,a47be7464659f75e69ef6f7165a7b057a0fd433ed180af76723f9bb5e1576a82
SA-real-51200,S2,1,108,True,True,True,20.0,1111111111,,a47be7464659f75e69ef6f7165a7b057a0fd433ed180af76723f9bb5e1576a82
SA-real-51200,S2,1,109,True,True,True,20.0,1111111111,,a47be7464659f75e69ef6f7165a7b057a0fd433ed180af76723f9bb5e1576a82
SA-real-51200,S2,1,110,True,True,True,20.0,1111111111,,a47be7464659f75e69ef6f7165a7b057a0fd433ed180af76723f9bb5e1576a82
SA-real-51200,S2,1,111,False,True,True,20.0,0111010101,,a47be7464659f75e69ef6f7165a7b057a0fd433ed180af76723f9bb5e1576a82
SA-real-51200,S2,1,112,True,True,True,20.0,1111111111,,a47be7464659f75e69ef6f7165a7b057a0fd433ed180af76723f9bb5e1576a82
SA-real-51200,S2,1,113,True,True,True,20.0,1111111111,,a47be7464659f75e69ef6f7165a7b057a0fd433ed180af76723f9bb5e1576a82
SA-real-51200,S2,1,114,True,True,True,20.0,1111111111,,a47be7464659f75e69ef6f7165a7b057a0fd433ed180af76723f9bb5e1576a82
SA-real-51200,S2,1,115,True,True,True,20.0,1111111111,,a47be7464659f75e69ef6f7165a7b057a0fd433ed180af76723f9bb5e1576a82
SA-real-51200,S2,1,116,True,True,True,20.0,1111111111,,a47be7464659f75e69ef6f7165a7b057a0fd433ed180af76723f9bb5e1576a82
SA-real-51200,S2,1,117,True,True,True,20.0,1111111111,,a47be7464659f75e69ef6f7165a7b057a0fd433ed180af76723f9bb5e1576a82
SA-real-51200,S2,1,118,False,False,True,18.133333333333333,1111111111,,a47be7464659f75e69ef6f7165a7b057a0fd433ed180af76723f9bb5e1576a82
SA-real-51200,S2,1,119,True,True,True,20.0,1111111111,,a47be7464659f75e69ef6f7165a7b057a0fd433ed180af76723f9bb5e1576a82
SA-real-51200,S2,1,120,True,True,True,20.0,1111111111,,a47be7464659f75e69ef6f7165a7b057a0fd433ed180af76723f9bb5e1576a82
SA-real-51200,S2,1,121,True,True,True,20.0,1111111111,,a47be7464659f75e69ef6f7165a7b057a0fd433ed180af76723f9bb5e1576a82
SA-real-51200,S2,1,122,True,True,True,20.0,1111111111,,a47be7464659f75e69ef6f7165a7b057a0fd433ed180af76723f9bb5e1576a82
SA-real-51200,S2,1,123,True,True,True,20.0,1111111111,,a47be7464659f75e69ef6f7165a7b057a0fd433ed180af76723f9bb5e1576a82
SA-real-51200,S2,1,124,True,True,True,20.0,1111111111,,a47be7464659f75e69ef6f7165a7b057a0fd433ed180af76723f9bb5e1576a82
SA-real-51200,S2,1,125,True,True,True,20.0,1111111111,,a47be7464659f75e69ef6f7165a7b057a0fd433ed180af76723f9bb5e1576a82
SA-real-51200,S2,1,126,True,True,True,20.0,1111111111,,a47be7464659f75e69ef6f7165a7b057a0fd433ed180af76723f9bb5e1576a82
SA-real-51200,S2,1,127,True,True,True,20.0,1111111111,,a47be7464659f75e69ef6f7165a7b057a0fd433ed180af76723f9bb5e1576a82
SA-real-51200,S2,2,0,True,True,True,20.0,1111111111,,a47be7464659f75e69ef6f7165a7b057a0fd433ed180af76723f9bb5e1576a82
SA-real-51200,S2,2,1,True,True,True,20.0,1111111111,,a47be7464659f75e69ef6f7165a7b057a0fd433ed180af76723f9bb5e1576a82
SA-real-51200,S2,2,2,True,True,True,20.0,1111111111,,a47be7464659f75e69ef6f7165a7b057a0fd433ed180af76723f9bb5e1576a82
SA-real-51200,S2,2,3,True,True,True,20.0,1111111111,,a47be7464659f75e69ef6f7165a7b057a0fd433ed180af76723f9bb5e1576a82
SA-real-51200,S2,2,4,True,True,True,20.0,1111111111,,a47be7464659f75e69ef6f7165a7b057a0fd433ed180af76723f9bb5e1576a82
SA-real-51200,S2,2,5,False,True,True,20.0,1101010101,,a47be7464659f75e69ef6f7165a7b057a0fd433ed180af76723f9bb5e1576a82
SA-real-51200,S2,2,6,True,True,True,20.0,1111111111,,a47be7464659f75e69ef6f7165a7b057a0fd433ed180af76723f9bb5e1576a82
SA-real-51200,S2,2,7,True,True,True,20.0,1111111111,,a47be7464659f75e69ef6f7165a7b057a0fd433ed180af76723f9bb5e1576a82
SA-real-51200,S2,2,8,True,True,True,20.0,1111111111,,a47be7464659f75e69ef6f7165a7b057a0fd433ed180af76723f9bb5e1576a82
SA-real-51200,S2,2,9,True,True,True,20.0,1111111111,,a47be7464659f75e69ef6f7165a7b057a0fd433ed180af76723f9bb5e1576a82
SA-real-51200,S2,2,10,True,True,True,20.0,1111111111,,a47be7464659f75e69ef6f7165a7b057a0fd433ed180af76723f9bb5e1576a82
SA-real-51200,S2,2,11,True,True,True,20.0,1111111111,,a47be7464659f75e69ef6f7165a7b057a0fd433ed180af76723f9bb5e1576a82
SA-real-51200,S2,2,12,True,True,True,20.0,1111111111,,a47be7464659f75e69ef6f7165a7b057a0fd433ed180af76723f9bb5e1576a82
SA-real-51200,S2,2,13,False,True,True,20.0,1111111101,,a47be7464659f75e69ef6f7165a7b057a0fd433ed180af76723f9bb5e1576a82
SA-real-51200,S2,2,14,True,True,True,20.0,1111111111,,a47be7464659f75e69ef6f7165a7b057a0fd433ed180af76723f9bb5e1576a82
SA-real-51200,S2,2,15,True,True,True,20.0,1111111111,,a47be7464659f75e69ef6f7165a7b057a0fd433ed180af76723f9bb5e1576a82
SA-real-51200,S2,2,16,True,True,True,20.0,1111111111,,a47be7464659f75e69ef6f7165a7b057a0fd433ed180af76723f9bb5e1576a82
SA-real-51200,S2,2,17,True,True,True,20.0,1111111111,,a47be7464659f75e69ef6f7165a7b057a0fd433ed180af76723f9bb5e1576a82
SA-real-51200,S2,2,18,True,True,True,20.0,1111111111,,a47be7464659f75e69ef6f7165a7b057a0fd433ed180af76723f9bb5e1576a82
SA-real-51200,S2,2,19,True,True,True,20.0,1111111111,,a47be7464659f75e69ef6f7165a7b057a0fd433ed180af76723f9bb5e1576a82
SA-real-51200,S2,2,20,True,True,True,20.0,1111111111,,a47be7464659f75e69ef6f7165a7b057a0fd433ed180af76723f9bb5e1576a82
SA-real-51200,S2,2,21,True,True,True,20.0,1111111111,,a47be7464659f75e69ef6f7165a7b057a0fd433ed180af76723f9bb5e1576a82
SA-real-51200,S2,2,22,False,True,True,20.0,1111111101,,a47be7464659f75e69ef6f7165a7b057a0fd433ed180af76723f9bb5e1576a82
SA-real-51200,S2,2,23,True,True,True,20.0,1111111111,,a47be7464659f75e69ef6f7165a7b057a0fd433ed180af76723f9bb5e1576a82
SA-real-51200,S2,2,24,False,True,True,20.0,1111011111,,a47be7464659f75e69ef6f7165a7b057a0fd433ed180af76723f9bb5e1576a82
SA-real-51200,S2,2,25,True,True,True,20.0,1111111111,,a47be7464659f75e69ef6f7165a7b057a0fd433ed180af76723f9bb5e1576a82
SA-real-51200,S2,2,26,True,True,True,20.0,1111111111,,a47be7464659f75e69ef6f7165a7b057a0fd433ed180af76723f9bb5e1576a82
SA-real-51200,S2,2,27,True,True,True,20.0,1111111111,,a47be7464659f75e69ef6f7165a7b057a0fd433ed180af76723f9bb5e1576a82
SA-real-51200,S2,2,28,True,True,True,20.0,1111111111,,a47be7464659f75e69ef6f7165a7b057a0fd433ed180af76723f9bb5e1576a82
SA-real-51200,S2,2,29,True,True,True,20.0,1111111111,,a47be7464659f75e69ef6f7165a7b057a0fd433ed180af76723f9bb5e1576a82
SA-real-51200,S2,2,30,True,True,True,20.0,1111111111,,a47be7464659f75e69ef6f7165a7b057a0fd433ed180af76723f9bb5e1576a82
SA-real-51200,S2,2,31,True,True,True,20.0,1111111111,,a47be7464659f75e69ef6f7165a7b057a0fd433ed180af76723f9bb5e1576a82
SA-real-51200,S2,2,32,True,True,True,20.0,1111111111,,a47be7464659f75e69ef6f7165a7b057a0fd433ed180af76723f9bb5e1576a82
SA-real-51200,S2,2,33,True,True,True,20.0,1111111111,,a47be7464659f75e69ef6f7165a7b057a0fd433ed180af76723f9bb5e1576a82
SA-real-51200,S2,2,34,True,True,True,20.0,1111111111,,a47be7464659f75e69ef6f7165a7b057a0fd433ed180af76723f9bb5e1576a82
SA-real-51200,S2,2,35,True,True,True,20.0,1111111111,,a47be7464659f75e69ef6f7165a7b057a0fd433ed180af76723f9bb5e1576a82
SA-real-51200,S2,2,36,True,True,True,20.0,1111111111,,a47be7464659f75e69ef6f7165a7b057a0fd433ed180af76723f9bb5e1576a82
SA-real-51200,S2,2,37,False,True,True,20.0,0111111111,,a47be7464659f75e69ef6f7165a7b057a0fd433ed180af76723f9bb5e1576a82
SA-real-51200,S2,2,38,True,True,True,20.0,1111111111,,a47be7464659f75e69ef6f7165a7b057a0fd433ed180af76723f9bb5e1576a82
SA-real-51200,S2,2,39,True,True,True,20.0,1111111111,,a47be7464659f75e69ef6f7165a7b057a0fd433ed180af76723f9bb5e1576a82
SA-real-51200,S2,2,40,True,True,True,20.0,1111111111,,a47be7464659f75e69ef6f7165a7b057a0fd433ed180af76723f9bb5e1576a82
SA-real-51200,S2,2,41,True,True,True,20.0,1111111111,,a47be7464659f75e69ef6f7165a7b057a0fd433ed180af76723f9bb5e1576a82
SA-real-51200,S2,2,42,True,True,True,20.0,1111111111,,a47be7464659f75e69ef6f7165a7b057a0fd433ed180af76723f9bb5e1576a82
SA-real-51200,S2,2,43,True,True,True,20.0,1111111111,,a47be7464659f75e69ef6f7165a7b057a0fd433ed180af76723f9bb5e1576a82
SA-real-51200,S2,2,44,True,True,True,20.0,1111111111,,a47be7464659f75e69ef6f7165a7b057a0fd433ed180af76723f9bb5e1576a82
SA-real-51200,S2,2,45,True,True,True,20.0,1111111111,,a47be7464659f75e69ef6f7165a7b057a0fd433ed180af76723f9bb5e1576a82
SA-real-51200,S2,2,46,True,True,True,20.0,1111111111,,a47be7464659f75e69ef6f7165a7b057a0fd433ed180af76723f9bb5e1576a82
SA-real-51200,S2,2,47,True,True,True,20.0,1111111111,,a47be7464659f75e69ef6f7165a7b057a0fd433ed180af76723f9bb5e1576a82
SA-real-51200,S2,2,48,True,True,True,20.0,1111111111,,a47be7464659f75e69ef6f7165a7b057a0fd433ed180af76723f9bb5e1576a82
SA-real-51200,S2,2,49,False,True,True,20.0,0111111111,,a47be7464659f75e69ef6f7165a7b057a0fd433ed180af76723f9bb5e1576a82
SA-real-51200,S2,2,50,True,True,True,20.0,1111111111,,a47be7464659f75e69ef6f7165a7b057a0fd433ed180af76723f9bb5e1576a82
SA-real-51200,S2,2,51,True,True,True,20.0,1111111111,,a47be7464659f75e69ef6f7165a7b057a0fd433ed180af76723f9bb5e1576a82
SA-real-51200,S2,2,52,True,True,True,20.0,1111111111,,a47be7464659f75e69ef6f7165a7b057a0fd433ed180af76723f9bb5e1576a82
SA-real-51200,S2,2,53,True,True,True,20.0,1111111111,,a47be7464659f75e69ef6f7165a7b057a0fd433ed180af76723f9bb5e1576a82
SA-real-51200,S2,2,54,True,True,True,20.0,1111111111,,a47be7464659f75e69ef6f7165a7b057a0fd433ed180af76723f9bb5e1576a82
SA-real-51200,S2,2,55,True,True,True,20.0,1111111111,,a47be7464659f75e69ef6f7165a7b057a0fd433ed180af76723f9bb5e1576a82
SA-real-51200,S2,2,56,False,True,True,20.0,0111111111,,a47be7464659f75e69ef6f7165a7b057a0fd433ed180af76723f9bb5e1576a82
SA-real-51200,S2,2,57,True,True,True,20.0,1111111111,,a47be7464659f75e69ef6f7165a7b057a0fd433ed180af76723f9bb5e1576a82
SA-real-51200,S2,2,58,True,True,True,20.0,1111111111,,a47be7464659f75e69ef6f7165a7b057a0fd433ed180af76723f9bb5e1576a82
SA-real-51200,S2,2,59,True,True,True,20.0,1111111111,,a47be7464659f75e69ef6f7165a7b057a0fd433ed180af76723f9bb5e1576a82
SA-real-51200,S2,2,60,True,True,True,20.0,1111111111,,a47be7464659f75e69ef6f7165a7b057a0fd433ed180af76723f9bb5e1576a82
SA-real-51200,S2,2,61,True,True,True,20.0,1111111111,,a47be7464659f75e69ef6f7165a7b057a0fd433ed180af76723f9bb5e1576a82
SA-real-51200,S2,2,62,True,True,True,20.0,1111111111,,a47be7464659f75e69ef6f7165a7b057a0fd433ed180af76723f9bb5e1576a82
SA-real-51200,S2,2,63,True,True,True,20.0,1111111111,,a47be7464659f75e69ef6f7165a7b057a0fd433ed180af76723f9bb5e1576a82
SA-real-51200,S2,2,64,True,True,True,20.0,1111111111,,a47be7464659f75e69ef6f7165a7b057a0fd433ed180af76723f9bb5e1576a82
SA-real-51200,S2,2,65,True,True,True,20.0,1111111111,,a47be7464659f75e69ef6f7165a7b057a0fd433ed180af76723f9bb5e1576a82
SA-real-51200,S2,2,66,True,True,True,20.0,1111111111,,a47be7464659f75e69ef6f7165a7b057a0fd433ed180af76723f9bb5e1576a82
SA-real-51200,S2,2,67,True,True,True,20.0,1111111111,,a47be7464659f75e69ef6f7165a7b057a0fd433ed180af76723f9bb5e1576a82
SA-real-51200,S2,2,68,True,True,True,20.0,1111111111,,a47be7464659f75e69ef6f7165a7b057a0fd433ed180af76723f9bb5e1576a82
SA-real-51200,S2,2,69,True,True,True,20.0,1111111111,,a47be7464659f75e69ef6f7165a7b057a0fd433ed180af76723f9bb5e1576a82
SA-real-51200,S2,2,70,True,True,True,20.0,1111111111,,a47be7464659f75e69ef6f7165a7b057a0fd433ed180af76723f9bb5e1576a82
SA-real-51200,S2,2,71,True,True,True,20.0,1111111111,,a47be7464659f75e69ef6f7165a7b057a0fd433ed180af76723f9bb5e1576a82
SA-real-51200,S2,2,72,True,True,True,20.0,1111111111,,a47be7464659f75e69ef6f7165a7b057a0fd433ed180af76723f9bb5e1576a82
SA-real-51200,S2,2,73,True,True,True,20.0,1111111111,,a47be7464659f75e69ef6f7165a7b057a0fd433ed180af76723f9bb5e1576a82
SA-real-51200,S2,2,74,False,True,True,20.0,0111111111,,a47be7464659f75e69ef6f7165a7b057a0fd433ed180af76723f9bb5e1576a82
SA-real-51200,S2,2,75,True,True,True,20.0,1111111111,,a47be7464659f75e69ef6f7165a7b057a0fd433ed180af76723f9bb5e1576a82
SA-real-51200,S2,2,76,True,True,True,20.0,1111111111,,a47be7464659f75e69ef6f7165a7b057a0fd433ed180af76723f9bb5e1576a82
SA-real-51200,S2,2,77,True,True,True,20.0,1111111111,,a47be7464659f75e69ef6f7165a7b057a0fd433ed180af76723f9bb5e1576a82
SA-real-51200,S2,2,78,True,True,True,20.0,1111111111,,a47be7464659f75e69ef6f7165a7b057a0fd433ed180af76723f9bb5e1576a82
SA-real-51200,S2,2,79,True,True,True,20.0,1111111111,,a47be7464659f75e69ef6f7165a7b057a0fd433ed180af76723f9bb5e1576a82
SA-real-51200,S2,2,80,True,True,True,20.0,1111111111,,a47be7464659f75e69ef6f7165a7b057a0fd433ed180af76723f9bb5e1576a82
SA-real-51200,S2,2,81,True,True,True,20.0,1111111111,,a47be7464659f75e69ef6f7165a7b057a0fd433ed180af76723f9bb5e1576a82
SA-real-51200,S2,2,82,True,True,True,20.0,1111111111,,a47be7464659f75e69ef6f7165a7b057a0fd433ed180af76723f9bb5e1576a82
SA-real-51200,S2,2,83,True,True,True,20.0,1111111111,,a47be7464659f75e69ef6f7165a7b057a0fd433ed180af76723f9bb5e1576a82
SA-real-51200,S2,2,84,True,True,True,20.0,1111111111,,a47be7464659f75e69ef6f7165a7b057a0fd433ed180af76723f9bb5e1576a82
SA-real-51200,S2,2,85,True,True,True,20.0,1111111111,,a47be7464659f75e69ef6f7165a7b057a0fd433ed180af76723f9bb5e1576a82
SA-real-51200,S2,2,86,True,True,True,20.0,1111111111,,a47be7464659f75e69ef6f7165a7b057a0fd433ed180af76723f9bb5e1576a82
SA-real-51200,S2,2,87,True,True,True,20.0,1111111111,,a47be7464659f75e69ef6f7165a7b057a0fd433ed180af76723f9bb5e1576a82
SA-real-51200,S2,2,88,False,True,True,20.0,1111111101,,a47be7464659f75e69ef6f7165a7b057a0fd433ed180af76723f9bb5e1576a82
SA-real-51200,S2,2,89,True,True,True,20.0,1111111111,,a47be7464659f75e69ef6f7165a7b057a0fd433ed180af76723f9bb5e1576a82
SA-real-51200,S2,2,90,True,True,True,20.0,1111111111,,a47be7464659f75e69ef6f7165a7b057a0fd433ed180af76723f9bb5e1576a82
SA-real-51200,S2,2,91,True,True,True,20.0,1111111111,,a47be7464659f75e69ef6f7165a7b057a0fd433ed180af76723f9bb5e1576a82
SA-real-51200,S2,2,92,True,True,True,20.0,1111111111,,a47be7464659f75e69ef6f7165a7b057a0fd433ed180af76723f9bb5e1576a82
SA-real-51200,S2,2,93,True,True,True,20.0,1111111111,,a47be7464659f75e69ef6f7165a7b057a0fd433ed180af76723f9bb5e1576a82
SA-real-51200,S2,2,94,True,True,True,20.0,1111111111,,a47be7464659f75e69ef6f7165a7b057a0fd433ed180af76723f9bb5e1576a82
SA-real-51200,S2,2,95,True,True,True,20.0,1111111111,,a47be7464659f75e69ef6f7165a7b057a0fd433ed180af76723f9bb5e1576a82
SA-real-51200,S2,2,96,True,True,True,20.0,1111111111,,a47be7464659f75e69ef6f7165a7b057a0fd433ed180af76723f9bb5e1576a82
SA-real-51200,S2,2,97,False,True,True,20.0,0111111111,,a47be7464659f75e69ef6f7165a7b057a0fd433ed180af76723f9bb5e1576a82
SA-real-51200,S2,2,98,True,True,True,20.0,1111111111,,a47be7464659f75e69ef6f7165a7b057a0fd433ed180af76723f9bb5e1576a82
SA-real-51200,S2,2,99,True,True,True,20.0,1111111111,,a47be7464659f75e69ef6f7165a7b057a0fd433ed180af76723f9bb5e1576a82
SA-real-51200,S2,2,100,False,True,True,20.0,1111111101,,a47be7464659f75e69ef6f7165a7b057a0fd433ed180af76723f9bb5e1576a82
SA-real-51200,S2,2,101,True,True,True,20.0,1111111111,,a47be7464659f75e69ef6f7165a7b057a0fd433ed180af76723f9bb5e1576a82
SA-real-51200,S2,2,102,True,True,True,20.0,1111111111,,a47be7464659f75e69ef6f7165a7b057a0fd433ed180af76723f9bb5e1576a82
SA-real-51200,S2,2,103,True,True,True,20.0,1111111111,,a47be7464659f75e69ef6f7165a7b057a0fd433ed180af76723f9bb5e1576a82
SA-real-51200,S2,2,104,True,True,True,20.0,1111111111,,a47be7464659f75e69ef6f7165a7b057a0fd433ed180af76723f9bb5e1576a82
SA-real-51200,S2,2,105,True,True,True,20.0,1111111111,,a47be7464659f75e69ef6f7165a7b057a0fd433ed180af76723f9bb5e1576a82
SA-real-51200,S2,2,106,True,True,True,20.0,1111111111,,a47be7464659f75e69ef6f7165a7b057a0fd433ed180af76723f9bb5e1576a82
SA-real-51200,S2,2,107,True,True,True,20.0,1111111111,,a47be7464659f75e69ef6f7165a7b057a0fd433ed180af76723f9bb5e1576a82
SA-real-51200,S2,2,108,True,True,True,20.0,1111111111,,a47be7464659f75e69ef6f7165a7b057a0fd433ed180af76723f9bb5e1576a82
SA-real-51200,S2,2,109,True,True,True,20.0,1111111111,,a47be7464659f75e69ef6f7165a7b057a0fd433ed180af76723f9bb5e1576a82
SA-real-51200,S2,2,110,True,True,True,20.0,1111111111,,a47be7464659f75e69ef6f7165a7b057a0fd433ed180af76723f9bb5e1576a82
SA-real-51200,S2,2,111,True,True,True,20.0,1111111111,,a47be7464659f75e69ef6f7165a7b057a0fd433ed180af76723f9bb5e1576a82
SA-real-51200,S2,2,112,True,True,True,20.0,1111111111,,a47be7464659f75e69ef6f7165a7b057a0fd433ed180af76723f9bb5e1576a82
SA-real-51200,S2,2,113,True,True,True,20.0,1111111111,,a47be7464659f75e69ef6f7165a7b057a0fd433ed180af76723f9bb5e1576a82
SA-real-51200,S2,2,114,True,True,True,20.0,1111111111,,a47be7464659f75e69ef6f7165a7b057a0fd433ed180af76723f9bb5e1576a82
SA-real-51200,S2,2,115,True,True,True,20.0,1111111111,,a47be7464659f75e69ef6f7165a7b057a0fd433ed180af76723f9bb5e1576a82
SA-real-51200,S2,2,116,True,True,True,20.0,1111111111,,a47be7464659f75e69ef6f7165a7b057a0fd433ed180af76723f9bb5e1576a82
SA-real-51200,S2,2,117,True,True,True,20.0,1111111111,,a47be7464659f75e69ef6f7165a7b057a0fd433ed180af76723f9bb5e1576a82
SA-real-51200,S2,2,118,True,True,True,20.0,1111111111,,a47be7464659f75e69ef6f7165a7b057a0fd433ed180af76723f9bb5e1576a82
SA-real-51200,S2,2,119,True,True,True,20.0,1111111111,,a47be7464659f75e69ef6f7165a7b057a0fd433ed180af76723f9bb5e1576a82
SA-real-51200,S2,2,120,True,True,True,20.0,1111111111,,a47be7464659f75e69ef6f7165a7b057a0fd433ed180af76723f9bb5e1576a82
SA-real-51200,S2,2,121,True,True,True,20.0,1111111111,,a47be7464659f75e69ef6f7165a7b057a0fd433ed180af76723f9bb5e1576a82
SA-real-51200,S2,2,122,True,True,True,20.0,1111111111,,a47be7464659f75e69ef6f7165a7b057a0fd433ed180af76723f9bb5e1576a82
SA-real-51200,S2,2,123,True,True,True,20.0,1111111111,,a47be7464659f75e69ef6f7165a7b057a0fd433ed180af76723f9bb5e1576a82
SA-real-51200,S2,2,124,True,True,True,20.0,1111111111,,a47be7464659f75e69ef6f7165a7b057a0fd433ed180af76723f9bb5e1576a82
SA-real-51200,S2,2,125,True,True,True,20.0,1111111111,,a47be7464659f75e69ef6f7165a7b057a0fd433ed180af76723f9bb5e1576a82
SA-real-51200,S2,2,126,True,True,True,20.0,1111111111,,a47be7464659f75e69ef6f7165a7b057a0fd433ed180af76723f9bb5e1576a82
SA-real-51200,S2,2,127,True,True,True,20.0,1111111111,,a47be7464659f75e69ef6f7165a7b057a0fd433ed180af76723f9bb5e1576a82
SA-real-51200,S2,3,0,False,True,True,20.0,1111111101,,a47be7464659f75e69ef6f7165a7b057a0fd433ed180af76723f9bb5e1576a82
SA-real-51200,S2,3,1,True,True,True,20.0,1111111111,,a47be7464659f75e69ef6f7165a7b057a0fd433ed180af76723f9bb5e1576a82
SA-real-51200,S2,3,2,True,True,True,20.0,1111111111,,a47be7464659f75e69ef6f7165a7b057a0fd433ed180af76723f9bb5e1576a82
SA-real-51200,S2,3,3,False,True,True,20.0,1101010101,,a47be7464659f75e69ef6f7165a7b057a0fd433ed180af76723f9bb5e1576a82
SA-real-51200,S2,3,4,False,True,True,20.0,1111010101,,a47be7464659f75e69ef6f7165a7b057a0fd433ed180af76723f9bb5e1576a82
SA-real-51200,S2,3,5,True,True,True,20.0,1111111111,,a47be7464659f75e69ef6f7165a7b057a0fd433ed180af76723f9bb5e1576a82
SA-real-51200,S2,3,6,True,True,True,20.0,1111111111,,a47be7464659f75e69ef6f7165a7b057a0fd433ed180af76723f9bb5e1576a82
SA-real-51200,S2,3,7,True,True,True,20.0,1111111111,,a47be7464659f75e69ef6f7165a7b057a0fd433ed180af76723f9bb5e1576a82
SA-real-51200,S2,3,8,False,True,True,20.0,1101010101,,a47be7464659f75e69ef6f7165a7b057a0fd433ed180af76723f9bb5e1576a82
SA-real-51200,S2,3,9,True,True,True,20.0,1111111111,,a47be7464659f75e69ef6f7165a7b057a0fd433ed180af76723f9bb5e1576a82
SA-real-51200,S2,3,10,False,True,True,20.0,1111110101,,a47be7464659f75e69ef6f7165a7b057a0fd433ed180af76723f9bb5e1576a82
SA-real-51200,S2,3,11,True,True,True,20.0,1111111111,,a47be7464659f75e69ef6f7165a7b057a0fd433ed180af76723f9bb5e1576a82
SA-real-51200,S2,3,12,False,True,True,20.0,0101010101,,a47be7464659f75e69ef6f7165a7b057a0fd433ed180af76723f9bb5e1576a82
SA-real-51200,S2,3,13,True,True,True,20.0,1111111111,,a47be7464659f75e69ef6f7165a7b057a0fd433ed180af76723f9bb5e1576a82
SA-real-51200,S2,3,14,True,True,True,20.0,1111111111,,a47be7464659f75e69ef6f7165a7b057a0fd433ed180af76723f9bb5e1576a82
SA-real-51200,S2,3,15,False,True,True,20.0,1101010101,,a47be7464659f75e69ef6f7165a7b057a0fd433ed180af76723f9bb5e1576a82
SA-real-51200,S2,3,16,True,True,True,20.0,1111111111,,a47be7464659f75e69ef6f7165a7b057a0fd433ed180af76723f9bb5e1576a82
SA-real-51200,S2,3,17,True,True,True,20.0,1111111111,,a47be7464659f75e69ef6f7165a7b057a0fd433ed180af76723f9bb5e1576a82
SA-real-51200,S2,3,18,False,True,True,20.0,1111111101,,a47be7464659f75e69ef6f7165a7b057a0fd433ed180af76723f9bb5e1576a82
SA-real-51200,S2,3,19,True,True,True,20.0,1111111111,,a47be7464659f75e69ef6f7165a7b057a0fd433ed180af76723f9bb5e1576a82
SA-real-51200,S2,3,20,True,True,True,20.0,1111111111,,a47be7464659f75e69ef6f7165a7b057a0fd433ed180af76723f9bb5e1576a82
SA-real-51200,S2,3,21,True,True,True,20.0,1111111111,,a47be7464659f75e69ef6f7165a7b057a0fd433ed180af76723f9bb5e1576a82
SA-real-51200,S2,3,22,True,True,True,20.0,1111111111,,a47be7464659f75e69ef6f7165a7b057a0fd433ed180af76723f9bb5e1576a82
SA-real-51200,S2,3,23,True,True,True,20.0,1111111111,,a47be7464659f75e69ef6f7165a7b057a0fd433ed180af76723f9bb5e1576a82
SA-real-51200,S2,3,24,False,True,True,20.0,1111010101,,a47be7464659f75e69ef6f7165a7b057a0fd433ed180af76723f9bb5e1576a82
SA-real-51200,S2,3,25,True,True,True,20.0,1111111111,,a47be7464659f75e69ef6f7165a7b057a0fd433ed180af76723f9bb5e1576a82
SA-real-51200,S2,3,26,False,False,False,0.4,0000000000,,a47be7464659f75e69ef6f7165a7b057a0fd433ed180af76723f9bb5e1576a82
SA-real-51200,S2,3,27,True,True,True,20.0,1111111111,,a47be7464659f75e69ef6f7165a7b057a0fd433ed180af76723f9bb5e1576a82
SA-real-51200,S2,3,28,True,True,True,20.0,1111111111,,a47be7464659f75e69ef6f7165a7b057a0fd433ed180af76723f9bb5e1576a82
SA-real-51200,S2,3,29,True,True,True,20.0,1111111111,,a47be7464659f75e69ef6f7165a7b057a0fd433ed180af76723f9bb5e1576a82
SA-real-51200,S2,3,30,True,True,True,20.0,1111111111,,a47be7464659f75e69ef6f7165a7b057a0fd433ed180af76723f9bb5e1576a82
SA-real-51200,S2,3,31,True,True,True,20.0,1111111111,,a47be7464659f75e69ef6f7165a7b057a0fd433ed180af76723f9bb5e1576a82
SA-real-51200,S2,3,32,True,True,True,20.0,1111111111,,a47be7464659f75e69ef6f7165a7b057a0fd433ed180af76723f9bb5e1576a82
SA-real-51200,S2,3,33,False,True,True,20.0,1111111101,,a47be7464659f75e69ef6f7165a7b057a0fd433ed180af76723f9bb5e1576a82
SA-real-51200,S2,3,34,False,True,True,20.0,1111111101,,a47be7464659f75e69ef6f7165a7b057a0fd433ed180af76723f9bb5e1576a82
SA-real-51200,S2,3,35,True,True,True,20.0,1111111111,,a47be7464659f75e69ef6f7165a7b057a0fd433ed180af76723f9bb5e1576a82
SA-real-51200,S2,3,36,True,True,True,20.0,1111111111,,a47be7464659f75e69ef6f7165a7b057a0fd433ed180af76723f9bb5e1576a82
SA-real-51200,S2,3,37,True,True,True,20.0,1111111111,,a47be7464659f75e69ef6f7165a7b057a0fd433ed180af76723f9bb5e1576a82
SA-real-51200,S2,3,38,False,True,True,20.0,1101111111,,a47be7464659f75e69ef6f7165a7b057a0fd433ed180af76723f9bb5e1576a82
SA-real-51200,S2,3,39,True,True,True,20.0,1111111111,,a47be7464659f75e69ef6f7165a7b057a0fd433ed180af76723f9bb5e1576a82
SA-real-51200,S2,3,40,False,False,True,14.566666666666666,0101010100,,a47be7464659f75e69ef6f7165a7b057a0fd433ed180af76723f9bb5e1576a82
SA-real-51200,S2,3,41,True,True,True,20.0,1111111111,,a47be7464659f75e69ef6f7165a7b057a0fd433ed180af76723f9bb5e1576a82
SA-real-51200,S2,3,42,True,True,True,20.0,1111111111,,a47be7464659f75e69ef6f7165a7b057a0fd433ed180af76723f9bb5e1576a82
SA-real-51200,S2,3,43,True,True,True,20.0,1111111111,,a47be7464659f75e69ef6f7165a7b057a0fd433ed180af76723f9bb5e1576a82
SA-real-51200,S2,3,44,True,True,True,20.0,1111111111,,a47be7464659f75e69ef6f7165a7b057a0fd433ed180af76723f9bb5e1576a82
SA-real-51200,S2,3,45,True,True,True,20.0,1111111111,,a47be7464659f75e69ef6f7165a7b057a0fd433ed180af76723f9bb5e1576a82
SA-real-51200,S2,3,46,True,True,True,20.0,1111111111,,a47be7464659f75e69ef6f7165a7b057a0fd433ed180af76723f9bb5e1576a82
SA-real-51200,S2,3,47,True,True,True,20.0,1111111111,,a47be7464659f75e69ef6f7165a7b057a0fd433ed180af76723f9bb5e1576a82
SA-real-51200,S2,3,48,False,False,False,16.833333333333332,1111110100,,a47be7464659f75e69ef6f7165a7b057a0fd433ed180af76723f9bb5e1576a82
SA-real-51200,S2,3,49,True,True,True,20.0,1111111111,,a47be7464659f75e69ef6f7165a7b057a0fd433ed180af76723f9bb5e1576a82
SA-real-51200,S2,3,50,False,True,True,20.0,1101010101,,a47be7464659f75e69ef6f7165a7b057a0fd433ed180af76723f9bb5e1576a82
SA-real-51200,S2,3,51,True,True,True,20.0,1111111111,,a47be7464659f75e69ef6f7165a7b057a0fd433ed180af76723f9bb5e1576a82
SA-real-51200,S2,3,52,False,True,True,20.0,1111110101,,a47be7464659f75e69ef6f7165a7b057a0fd433ed180af76723f9bb5e1576a82
SA-real-51200,S2,3,53,True,True,True,20.0,1111111111,,a47be7464659f75e69ef6f7165a7b057a0fd433ed180af76723f9bb5e1576a82
SA-real-51200,S2,3,54,True,True,True,20.0,1111111111,,a47be7464659f75e69ef6f7165a7b057a0fd433ed180af76723f9bb5e1576a82
SA-real-51200,S2,3,55,True,True,True,20.0,1111111111,,a47be7464659f75e69ef6f7165a7b057a0fd433ed180af76723f9bb5e1576a82
SA-real-51200,S2,3,56,True,True,True,20.0,1111111111,,a47be7464659f75e69ef6f7165a7b057a0fd433ed180af76723f9bb5e1576a82
SA-real-51200,S2,3,57,False,True,True,20.0,1111010101,,a47be7464659f75e69ef6f7165a7b057a0fd433ed180af76723f9bb5e1576a82
SA-real-51200,S2,3,58,True,True,True,20.0,1111111111,,a47be7464659f75e69ef6f7165a7b057a0fd433ed180af76723f9bb5e1576a82
SA-real-51200,S2,3,59,False,True,True,20.0,1111110101,,a47be7464659f75e69ef6f7165a7b057a0fd433ed180af76723f9bb5e1576a82
SA-real-51200,S2,3,60,True,True,True,20.0,1111111111,,a47be7464659f75e69ef6f7165a7b057a0fd433ed180af76723f9bb5e1576a82
SA-real-51200,S2,3,61,True,True,True,20.0,1111111111,,a47be7464659f75e69ef6f7165a7b057a0fd433ed180af76723f9bb5e1576a82
SA-real-51200,S2,3,62,True,True,True,20.0,1111111111,,a47be7464659f75e69ef6f7165a7b057a0fd433ed180af76723f9bb5e1576a82
SA-real-51200,S2,3,63,True,True,True,20.0,1111111111,,a47be7464659f75e69ef6f7165a7b057a0fd433ed180af76723f9bb5e1576a82
SA-real-51200,S2,3,64,False,True,True,20.0,1111111101,,a47be7464659f75e69ef6f7165a7b057a0fd433ed180af76723f9bb5e1576a82
SA-real-51200,S2,3,65,False,True,True,20.0,1111111101,,a47be7464659f75e69ef6f7165a7b057a0fd433ed180af76723f9bb5e1576a82
SA-real-51200,S2,3,66,False,True,True,20.0,1111110111,,a47be7464659f75e69ef6f7165a7b057a0fd433ed180af76723f9bb5e1576a82
SA-real-51200,S2,3,67,True,True,True,20.0,1111111111,,a47be7464659f75e69ef6f7165a7b057a0fd433ed180af76723f9bb5e1576a82
SA-real-51200,S2,3,68,True,True,True,20.0,1111111111,,a47be7464659f75e69ef6f7165a7b057a0fd433ed180af76723f9bb5e1576a82
SA-real-51200,S2,3,69,True,True,True,20.0,1111111111,,a47be7464659f75e69ef6f7165a7b057a0fd433ed180af76723f9bb5e1576a82
SA-real-51200,S2,3,70,True,True,True,20.0,1111111111,,a47be7464659f75e69ef6f7165a7b057a0fd433ed180af76723f9bb5e1576a82
SA-real-51200,S2,3,71,True,True,True,20.0,1111111111,,a47be7464659f75e69ef6f7165a7b057a0fd433ed180af76723f9bb5e1576a82
SA-real-51200,S2,3,72,True,True,True,20.0,1111111111,,a47be7464659f75e69ef6f7165a7b057a0fd433ed180af76723f9bb5e1576a82
SA-real-51200,S2,3,73,True,True,True,20.0,1111111111,,a47be7464659f75e69ef6f7165a7b057a0fd433ed180af76723f9bb5e1576a82
SA-real-51200,S2,3,74,True,True,True,20.0,1111111111,,a47be7464659f75e69ef6f7165a7b057a0fd433ed180af76723f9bb5e1576a82
SA-real-51200,S2,3,75,False,True,True,20.0,1111011111,,a47be7464659f75e69ef6f7165a7b057a0fd433ed180af76723f9bb5e1576a82
SA-real-51200,S2,3,76,True,True,True,20.0,1111111111,,a47be7464659f75e69ef6f7165a7b057a0fd433ed180af76723f9bb5e1576a82
SA-real-51200,S2,3,77,False,True,True,20.0,1111110111,,a47be7464659f75e69ef6f7165a7b057a0fd433ed180af76723f9bb5e1576a82
SA-real-51200,S2,3,78,True,True,True,20.0,1111111111,,a47be7464659f75e69ef6f7165a7b057a0fd433ed180af76723f9bb5e1576a82
SA-real-51200,S2,3,79,True,True,True,20.0,1111111111,,a47be7464659f75e69ef6f7165a7b057a0fd433ed180af76723f9bb5e1576a82
SA-real-51200,S2,3,80,True,True,True,20.0,1111111111,,a47be7464659f75e69ef6f7165a7b057a0fd433ed180af76723f9bb5e1576a82
SA-real-51200,S2,3,81,True,True,True,20.0,1111111111,,a47be7464659f75e69ef6f7165a7b057a0fd433ed180af76723f9bb5e1576a82
SA-real-51200,S2,3,82,True,True,True,20.0,1111111111,,a47be7464659f75e69ef6f7165a7b057a0fd433ed180af76723f9bb5e1576a82
SA-real-51200,S2,3,83,True,True,True,20.0,1111111111,,a47be7464659f75e69ef6f7165a7b057a0fd433ed180af76723f9bb5e1576a82
SA-real-51200,S2,3,84,True,True,True,20.0,1111111111,,a47be7464659f75e69ef6f7165a7b057a0fd433ed180af76723f9bb5e1576a82
SA-real-51200,S2,3,85,False,True,True,20.0,1111011111,,a47be7464659f75e69ef6f7165a7b057a0fd433ed180af76723f9bb5e1576a82
SA-real-51200,S2,3,86,True,True,True,20.0,1111111111,,a47be7464659f75e69ef6f7165a7b057a0fd433ed180af76723f9bb5e1576a82
SA-real-51200,S2,3,87,False,False,False,5.366666666666666,1100000000,,a47be7464659f75e69ef6f7165a7b057a0fd433ed180af76723f9bb5e1576a82
SA-real-51200,S2,3,88,True,True,True,20.0,1111111111,,a47be7464659f75e69ef6f7165a7b057a0fd433ed180af76723f9bb5e1576a82
SA-real-51200,S2,3,89,True,True,True,20.0,1111111111,,a47be7464659f75e69ef6f7165a7b057a0fd433ed180af76723f9bb5e1576a82
SA-real-51200,S2,3,90,True,True,True,20.0,1111111111,,a47be7464659f75e69ef6f7165a7b057a0fd433ed180af76723f9bb5e1576a82
SA-real-51200,S2,3,91,True,True,True,20.0,1111111111,,a47be7464659f75e69ef6f7165a7b057a0fd433ed180af76723f9bb5e1576a82
SA-real-51200,S2,3,92,True,True,True,20.0,1111111111,,a47be7464659f75e69ef6f7165a7b057a0fd433ed180af76723f9bb5e1576a82
SA-real-51200,S2,3,93,True,True,True,20.0,1111111111,,a47be7464659f75e69ef6f7165a7b057a0fd433ed180af76723f9bb5e1576a82
SA-real-51200,S2,3,94,True,True,True,20.0,1111111111,,a47be7464659f75e69ef6f7165a7b057a0fd433ed180af76723f9bb5e1576a82
SA-real-51200,S2,3,95,True,True,True,20.0,1111111111,,a47be7464659f75e69ef6f7165a7b057a0fd433ed180af76723f9bb5e1576a82
SA-real-51200,S2,3,96,False,False,False,5.433333333333334,1100000000,,a47be7464659f75e69ef6f7165a7b057a0fd433ed180af76723f9bb5e1576a82
SA-real-51200,S2,3,97,True,True,True,20.0,1111111111,,a47be7464659f75e69ef6f7165a7b057a0fd433ed180af76723f9bb5e1576a82
SA-real-51200,S2,3,98,True,True,True,20.0,1111111111,,a47be7464659f75e69ef6f7165a7b057a0fd433ed180af76723f9bb5e1576a82
SA-real-51200,S2,3,99,True,True,True,20.0,1111111111,,a47be7464659f75e69ef6f7165a7b057a0fd433ed180af76723f9bb5e1576a82
SA-real-51200,S2,3,100,True,True,True,20.0,1111111111,,a47be7464659f75e69ef6f7165a7b057a0fd433ed180af76723f9bb5e1576a82
SA-real-51200,S2,3,101,True,True,True,20.0,1111111111,,a47be7464659f75e69ef6f7165a7b057a0fd433ed180af76723f9bb5e1576a82
SA-real-51200,S2,3,102,True,True,True,20.0,1111111111,,a47be7464659f75e69ef6f7165a7b057a0fd433ed180af76723f9bb5e1576a82
SA-real-51200,S2,3,103,True,True,True,20.0,1111111111,,a47be7464659f75e69ef6f7165a7b057a0fd433ed180af76723f9bb5e1576a82
SA-real-51200,S2,3,104,False,True,True,20.0,1101010101,,a47be7464659f75e69ef6f7165a7b057a0fd433ed180af76723f9bb5e1576a82
SA-real-51200,S2,3,105,True,True,True,20.0,1111111111,,a47be7464659f75e69ef6f7165a7b057a0fd433ed180af76723f9bb5e1576a82
SA-real-51200,S2,3,106,False,True,True,20.0,1101010101,,a47be7464659f75e69ef6f7165a7b057a0fd433ed180af76723f9bb5e1576a82
SA-real-51200,S2,3,107,True,True,True,20.0,1111111111,,a47be7464659f75e69ef6f7165a7b057a0fd433ed180af76723f9bb5e1576a82
SA-real-51200,S2,3,108,True,True,True,20.0,1111111111,,a47be7464659f75e69ef6f7165a7b057a0fd433ed180af76723f9bb5e1576a82
SA-real-51200,S2,3,109,False,True,True,20.0,1111111101,,a47be7464659f75e69ef6f7165a7b057a0fd433ed180af76723f9bb5e1576a82
SA-real-51200,S2,3,110,False,True,True,20.0,1111010101,,a47be7464659f75e69ef6f7165a7b057a0fd433ed180af76723f9bb5e1576a82
SA-real-51200,S2,3,111,True,True,True,20.0,1111111111,,a47be7464659f75e69ef6f7165a7b057a0fd433ed180af76723f9bb5e1576a82
SA-real-51200,S2,3,112,False,True,True,20.0,0000010001,,a47be7464659f75e69ef6f7165a7b057a0fd433ed180af76723f9bb5e1576a82
SA-real-51200,S2,3,113,True,True,True,20.0,1111111111,,a47be7464659f75e69ef6f7165a7b057a0fd433ed180af76723f9bb5e1576a82
SA-real-51200,S2,3,114,True,True,True,20.0,1111111111,,a47be7464659f75e69ef6f7165a7b057a0fd433ed180af76723f9bb5e1576a82
SA-real-51200,S2,3,115,True,True,True,20.0,1111111111,,a47be7464659f75e69ef6f7165a7b057a0fd433ed180af76723f9bb5e1576a82
SA-real-51200,S2,3,116,False,False,False,0.0,0000000000,,a47be7464659f75e69ef6f7165a7b057a0fd433ed180af76723f9bb5e1576a82
SA-real-51200,S2,3,117,True,True,True,20.0,1111111111,,a47be7464659f75e69ef6f7165a7b057a0fd433ed180af76723f9bb5e1576a82
SA-real-51200,S2,3,118,True,True,True,20.0,1111111111,,a47be7464659f75e69ef6f7165a7b057a0fd433ed180af76723f9bb5e1576a82
SA-real-51200,S2,3,119,True,True,True,20.0,1111111111,,a47be7464659f75e69ef6f7165a7b057a0fd433ed180af76723f9bb5e1576a82
SA-real-51200,S2,3,120,False,False,False,2.2,1000000000,,a47be7464659f75e69ef6f7165a7b057a0fd433ed180af76723f9bb5e1576a82
SA-real-51200,S2,3,121,True,True,True,20.0,1111111111,,a47be7464659f75e69ef6f7165a7b057a0fd433ed180af76723f9bb5e1576a82
SA-real-51200,S2,3,122,True,True,True,20.0,1111111111,,a47be7464659f75e69ef6f7165a7b057a0fd433ed180af76723f9bb5e1576a82
SA-real-51200,S2,3,123,True,True,True,20.0,1111111111,,a47be7464659f75e69ef6f7165a7b057a0fd433ed180af76723f9bb5e1576a82
SA-real-51200,S2,3,124,True,True,True,20.0,1111111111,,a47be7464659f75e69ef6f7165a7b057a0fd433ed180af76723f9bb5e1576a82
SA-real-51200,S2,3,125,True,True,True,20.0,1111111111,,a47be7464659f75e69ef6f7165a7b057a0fd433ed180af76723f9bb5e1576a82
SA-real-51200,S2,3,126,False,True,True,20.0,1101110101,,a47be7464659f75e69ef6f7165a7b057a0fd433ed180af76723f9bb5e1576a82
SA-real-51200,S2,3,127,True,True,True,20.0,1111111111,,a47be7464659f75e69ef6f7165a7b057a0fd433ed180af76723f9bb5e1576a82
SA-real-51200,S5,0,0,True,True,True,20.0,1111,,a47be7464659f75e69ef6f7165a7b057a0fd433ed180af76723f9bb5e1576a82
SA-real-51200,S5,0,1,True,True,True,20.0,1111,,a47be7464659f75e69ef6f7165a7b057a0fd433ed180af76723f9bb5e1576a82
SA-real-51200,S5,0,2,True,True,True,20.0,1111,,a47be7464659f75e69ef6f7165a7b057a0fd433ed180af76723f9bb5e1576a82
SA-real-51200,S5,0,3,True,True,True,20.0,1111,,a47be7464659f75e69ef6f7165a7b057a0fd433ed180af76723f9bb5e1576a82
SA-real-51200,S5,0,4,True,True,True,20.0,1111,,a47be7464659f75e69ef6f7165a7b057a0fd433ed180af76723f9bb5e1576a82
SA-real-51200,S5,0,5,True,True,True,20.0,1111,,a47be7464659f75e69ef6f7165a7b057a0fd433ed180af76723f9bb5e1576a82
SA-real-51200,S5,0,6,True,True,True,20.0,1111,,a47be7464659f75e69ef6f7165a7b057a0fd433ed180af76723f9bb5e1576a82
SA-real-51200,S5,0,7,True,True,True,20.0,1111,,a47be7464659f75e69ef6f7165a7b057a0fd433ed180af76723f9bb5e1576a82
SA-real-51200,S5,0,8,True,True,True,20.0,1111,,a47be7464659f75e69ef6f7165a7b057a0fd433ed180af76723f9bb5e1576a82
SA-real-51200,S5,0,9,True,True,True,20.0,1111,,a47be7464659f75e69ef6f7165a7b057a0fd433ed180af76723f9bb5e1576a82
SA-real-51200,S5,0,10,True,True,True,20.0,1111,,a47be7464659f75e69ef6f7165a7b057a0fd433ed180af76723f9bb5e1576a82
SA-real-51200,S5,0,11,True,True,True,20.0,1111,,a47be7464659f75e69ef6f7165a7b057a0fd433ed180af76723f9bb5e1576a82
SA-real-51200,S5,0,12,True,True,True,20.0,1111,,a47be7464659f75e69ef6f7165a7b057a0fd433ed180af76723f9bb5e1576a82
SA-real-51200,S5,0,13,True,True,True,20.0,1111,,a47be7464659f75e69ef6f7165a7b057a0fd433ed180af76723f9bb5e1576a82
SA-real-51200,S5,0,14,True,True,True,20.0,1111,,a47be7464659f75e69ef6f7165a7b057a0fd433ed180af76723f9bb5e1576a82
SA-real-51200,S5,0,15,True,True,True,20.0,1111,,a47be7464659f75e69ef6f7165a7b057a0fd433ed180af76723f9bb5e1576a82
SA-real-51200,S5,0,16,True,True,True,20.0,1111,,a47be7464659f75e69ef6f7165a7b057a0fd433ed180af76723f9bb5e1576a82
SA-real-51200,S5,0,17,True,True,True,20.0,1111,,a47be7464659f75e69ef6f7165a7b057a0fd433ed180af76723f9bb5e1576a82
SA-real-51200,S5,0,18,True,True,True,20.0,1111,,a47be7464659f75e69ef6f7165a7b057a0fd433ed180af76723f9bb5e1576a82
SA-real-51200,S5,0,19,True,True,True,20.0,1111,,a47be7464659f75e69ef6f7165a7b057a0fd433ed180af76723f9bb5e1576a82
SA-real-51200,S5,0,20,True,True,True,20.0,1111,,a47be7464659f75e69ef6f7165a7b057a0fd433ed180af76723f9bb5e1576a82
SA-real-51200,S5,0,21,True,True,True,20.0,1111,,a47be7464659f75e69ef6f7165a7b057a0fd433ed180af76723f9bb5e1576a82
SA-real-51200,S5,0,22,True,True,True,20.0,1111,,a47be7464659f75e69ef6f7165a7b057a0fd433ed180af76723f9bb5e1576a82
SA-real-51200,S5,0,23,True,True,True,20.0,1111,,a47be7464659f75e69ef6f7165a7b057a0fd433ed180af76723f9bb5e1576a82
SA-real-51200,S5,0,24,True,True,True,20.0,1111,,a47be7464659f75e69ef6f7165a7b057a0fd433ed180af76723f9bb5e1576a82
SA-real-51200,S5,0,25,True,True,True,20.0,1111,,a47be7464659f75e69ef6f7165a7b057a0fd433ed180af76723f9bb5e1576a82
SA-real-51200,S5,0,26,True,True,True,20.0,1111,,a47be7464659f75e69ef6f7165a7b057a0fd433ed180af76723f9bb5e1576a82
SA-real-51200,S5,0,27,True,True,True,20.0,1111,,a47be7464659f75e69ef6f7165a7b057a0fd433ed180af76723f9bb5e1576a82
SA-real-51200,S5,0,28,True,True,True,20.0,1111,,a47be7464659f75e69ef6f7165a7b057a0fd433ed180af76723f9bb5e1576a82
SA-real-51200,S5,0,29,True,True,True,20.0,1111,,a47be7464659f75e69ef6f7165a7b057a0fd433ed180af76723f9bb5e1576a82
SA-real-51200,S5,0,30,True,True,True,20.0,1111,,a47be7464659f75e69ef6f7165a7b057a0fd433ed180af76723f9bb5e1576a82
SA-real-51200,S5,0,31,True,True,True,20.0,1111,,a47be7464659f75e69ef6f7165a7b057a0fd433ed180af76723f9bb5e1576a82
SA-real-51200,S5,0,32,True,True,True,20.0,1111,,a47be7464659f75e69ef6f7165a7b057a0fd433ed180af76723f9bb5e1576a82
SA-real-51200,S5,0,33,True,True,True,20.0,1111,,a47be7464659f75e69ef6f7165a7b057a0fd433ed180af76723f9bb5e1576a82
SA-real-51200,S5,0,34,True,True,True,20.0,1111,,a47be7464659f75e69ef6f7165a7b057a0fd433ed180af76723f9bb5e1576a82
SA-real-51200,S5,0,35,True,True,True,20.0,1111,,a47be7464659f75e69ef6f7165a7b057a0fd433ed180af76723f9bb5e1576a82
SA-real-51200,S5,0,36,True,True,True,20.0,1111,,a47be7464659f75e69ef6f7165a7b057a0fd433ed180af76723f9bb5e1576a82
SA-real-51200,S5,0,37,True,True,True,20.0,1111,,a47be7464659f75e69ef6f7165a7b057a0fd433ed180af76723f9bb5e1576a82
SA-real-51200,S5,0,38,True,True,True,20.0,1111,,a47be7464659f75e69ef6f7165a7b057a0fd433ed180af76723f9bb5e1576a82
SA-real-51200,S5,0,39,True,True,True,20.0,1111,,a47be7464659f75e69ef6f7165a7b057a0fd433ed180af76723f9bb5e1576a82
SA-real-51200,S5,0,40,True,True,True,20.0,1111,,a47be7464659f75e69ef6f7165a7b057a0fd433ed180af76723f9bb5e1576a82
SA-real-51200,S5,0,41,True,True,True,20.0,1111,,a47be7464659f75e69ef6f7165a7b057a0fd433ed180af76723f9bb5e1576a82
SA-real-51200,S5,0,42,True,True,True,20.0,1111,,a47be7464659f75e69ef6f7165a7b057a0fd433ed180af76723f9bb5e1576a82
SA-real-51200,S5,0,43,True,True,True,20.0,1111,,a47be7464659f75e69ef6f7165a7b057a0fd433ed180af76723f9bb5e1576a82
SA-real-51200,S5,0,44,True,True,True,20.0,1111,,a47be7464659f75e69ef6f7165a7b057a0fd433ed180af76723f9bb5e1576a82
SA-real-51200,S5,0,45,True,True,True,20.0,1111,,a47be7464659f75e69ef6f7165a7b057a0fd433ed180af76723f9bb5e1576a82
SA-real-51200,S5,0,46,True,True,True,20.0,1111,,a47be7464659f75e69ef6f7165a7b057a0fd433ed180af76723f9bb5e1576a82
SA-real-51200,S5,0,47,True,True,True,20.0,1111,,a47be7464659f75e69ef6f7165a7b057a0fd433ed180af76723f9bb5e1576a82
SA-real-51200,S5,0,48,True,True,True,20.0,1111,,a47be7464659f75e69ef6f7165a7b057a0fd433ed180af76723f9bb5e1576a82
SA-real-51200,S5,0,49,True,True,True,20.0,1111,,a47be7464659f75e69ef6f7165a7b057a0fd433ed180af76723f9bb5e1576a82
SA-real-51200,S5,0,50,True,True,True,20.0,1111,,a47be7464659f75e69ef6f7165a7b057a0fd433ed180af76723f9bb5e1576a82
SA-real-51200,S5,0,51,True,True,True,20.0,1111,,a47be7464659f75e69ef6f7165a7b057a0fd433ed180af76723f9bb5e1576a82
SA-real-51200,S5,0,52,True,True,True,20.0,1111,,a47be7464659f75e69ef6f7165a7b057a0fd433ed180af76723f9bb5e1576a82
SA-real-51200,S5,0,53,True,True,True,20.0,1111,,a47be7464659f75e69ef6f7165a7b057a0fd433ed180af76723f9bb5e1576a82
SA-real-51200,S5,0,54,True,True,True,20.0,1111,,a47be7464659f75e69ef6f7165a7b057a0fd433ed180af76723f9bb5e1576a82
SA-real-51200,S5,0,55,True,True,True,20.0,1111,,a47be7464659f75e69ef6f7165a7b057a0fd433ed180af76723f9bb5e1576a82
SA-real-51200,S5,0,56,True,True,True,20.0,1111,,a47be7464659f75e69ef6f7165a7b057a0fd433ed180af76723f9bb5e1576a82
SA-real-51200,S5,0,57,True,True,True,20.0,1111,,a47be7464659f75e69ef6f7165a7b057a0fd433ed180af76723f9bb5e1576a82
SA-real-51200,S5,0,58,True,True,True,20.0,1111,,a47be7464659f75e69ef6f7165a7b057a0fd433ed180af76723f9bb5e1576a82
SA-real-51200,S5,0,59,True,True,True,20.0,1111,,a47be7464659f75e69ef6f7165a7b057a0fd433ed180af76723f9bb5e1576a82
SA-real-51200,S5,0,60,True,True,True,20.0,1111,,a47be7464659f75e69ef6f7165a7b057a0fd433ed180af76723f9bb5e1576a82
SA-real-51200,S5,0,61,True,True,True,20.0,1111,,a47be7464659f75e69ef6f7165a7b057a0fd433ed180af76723f9bb5e1576a82
SA-real-51200,S5,0,62,True,True,True,20.0,1111,,a47be7464659f75e69ef6f7165a7b057a0fd433ed180af76723f9bb5e1576a82
SA-real-51200,S5,0,63,True,True,True,20.0,1111,,a47be7464659f75e69ef6f7165a7b057a0fd433ed180af76723f9bb5e1576a82
SA-real-51200,S5,0,64,False,False,False,17.733333333333334,1110,,a47be7464659f75e69ef6f7165a7b057a0fd433ed180af76723f9bb5e1576a82
SA-real-51200,S5,0,65,True,True,True,20.0,1111,,a47be7464659f75e69ef6f7165a7b057a0fd433ed180af76723f9bb5e1576a82
SA-real-51200,S5,0,66,True,True,True,20.0,1111,,a47be7464659f75e69ef6f7165a7b057a0fd433ed180af76723f9bb5e1576a82
SA-real-51200,S5,0,67,True,True,True,20.0,1111,,a47be7464659f75e69ef6f7165a7b057a0fd433ed180af76723f9bb5e1576a82
SA-real-51200,S5,0,68,True,True,True,20.0,1111,,a47be7464659f75e69ef6f7165a7b057a0fd433ed180af76723f9bb5e1576a82
SA-real-51200,S5,0,69,True,True,True,20.0,1111,,a47be7464659f75e69ef6f7165a7b057a0fd433ed180af76723f9bb5e1576a82
SA-real-51200,S5,0,70,True,True,True,20.0,1111,,a47be7464659f75e69ef6f7165a7b057a0fd433ed180af76723f9bb5e1576a82
SA-real-51200,S5,0,71,True,True,True,20.0,1111,,a47be7464659f75e69ef6f7165a7b057a0fd433ed180af76723f9bb5e1576a82
SA-real-51200,S5,0,72,True,True,True,20.0,1111,,a47be7464659f75e69ef6f7165a7b057a0fd433ed180af76723f9bb5e1576a82
SA-real-51200,S5,0,73,True,True,True,20.0,1111,,a47be7464659f75e69ef6f7165a7b057a0fd433ed180af76723f9bb5e1576a82
SA-real-51200,S5,0,74,True,True,True,20.0,1111,,a47be7464659f75e69ef6f7165a7b057a0fd433ed180af76723f9bb5e1576a82
SA-real-51200,S5,0,75,True,True,True,20.0,1111,,a47be7464659f75e69ef6f7165a7b057a0fd433ed180af76723f9bb5e1576a82
SA-real-51200,S5,0,76,True,True,True,20.0,1111,,a47be7464659f75e69ef6f7165a7b057a0fd433ed180af76723f9bb5e1576a82
SA-real-51200,S5,0,77,True,True,True,20.0,1111,,a47be7464659f75e69ef6f7165a7b057a0fd433ed180af76723f9bb5e1576a82
SA-real-51200,S5,0,78,True,True,True,20.0,1111,,a47be7464659f75e69ef6f7165a7b057a0fd433ed180af76723f9bb5e1576a82
SA-real-51200,S5,0,79,True,True,True,20.0,1111,,a47be7464659f75e69ef6f7165a7b057a0fd433ed180af76723f9bb5e1576a82
SA-real-51200,S5,0,80,True,True,True,20.0,1111,,a47be7464659f75e69ef6f7165a7b057a0fd433ed180af76723f9bb5e1576a82
SA-real-51200,S5,0,81,True,True,True,20.0,1111,,a47be7464659f75e69ef6f7165a7b057a0fd433ed180af76723f9bb5e1576a82
SA-real-51200,S5,0,82,True,True,True,20.0,1111,,a47be7464659f75e69ef6f7165a7b057a0fd433ed180af76723f9bb5e1576a82
SA-real-51200,S5,0,83,True,True,True,20.0,1111,,a47be7464659f75e69ef6f7165a7b057a0fd433ed180af76723f9bb5e1576a82
SA-real-51200,S5,0,84,True,True,True,20.0,1111,,a47be7464659f75e69ef6f7165a7b057a0fd433ed180af76723f9bb5e1576a82
SA-real-51200,S5,0,85,True,True,True,20.0,1111,,a47be7464659f75e69ef6f7165a7b057a0fd433ed180af76723f9bb5e1576a82
SA-real-51200,S5,0,86,True,True,True,20.0,1111,,a47be7464659f75e69ef6f7165a7b057a0fd433ed180af76723f9bb5e1576a82
SA-real-51200,S5,0,87,True,True,True,20.0,1111,,a47be7464659f75e69ef6f7165a7b057a0fd433ed180af76723f9bb5e1576a82
SA-real-51200,S5,0,88,True,True,True,20.0,1111,,a47be7464659f75e69ef6f7165a7b057a0fd433ed180af76723f9bb5e1576a82
SA-real-51200,S5,0,89,True,True,True,20.0,1111,,a47be7464659f75e69ef6f7165a7b057a0fd433ed180af76723f9bb5e1576a82
SA-real-51200,S5,0,90,True,True,True,20.0,1111,,a47be7464659f75e69ef6f7165a7b057a0fd433ed180af76723f9bb5e1576a82
SA-real-51200,S5,0,91,True,True,True,20.0,1111,,a47be7464659f75e69ef6f7165a7b057a0fd433ed180af76723f9bb5e1576a82
SA-real-51200,S5,0,92,False,False,False,18.9,1110,,a47be7464659f75e69ef6f7165a7b057a0fd433ed180af76723f9bb5e1576a82
SA-real-51200,S5,0,93,True,True,True,20.0,1111,,a47be7464659f75e69ef6f7165a7b057a0fd433ed180af76723f9bb5e1576a82
SA-real-51200,S5,0,94,True,True,True,20.0,1111,,a47be7464659f75e69ef6f7165a7b057a0fd433ed180af76723f9bb5e1576a82
SA-real-51200,S5,0,95,True,True,True,20.0,1111,,a47be7464659f75e69ef6f7165a7b057a0fd433ed180af76723f9bb5e1576a82
SA-real-51200,S5,0,96,True,True,True,20.0,1111,,a47be7464659f75e69ef6f7165a7b057a0fd433ed180af76723f9bb5e1576a82
SA-real-51200,S5,0,97,True,True,True,20.0,1111,,a47be7464659f75e69ef6f7165a7b057a0fd433ed180af76723f9bb5e1576a82
SA-real-51200,S5,0,98,True,True,True,20.0,1111,,a47be7464659f75e69ef6f7165a7b057a0fd433ed180af76723f9bb5e1576a82
SA-real-51200,S5,0,99,True,True,True,20.0,1111,,a47be7464659f75e69ef6f7165a7b057a0fd433ed180af76723f9bb5e1576a82
SA-real-51200,S5,0,100,True,True,True,20.0,1111,,a47be7464659f75e69ef6f7165a7b057a0fd433ed180af76723f9bb5e1576a82
SA-real-51200,S5,0,101,True,True,True,20.0,1111,,a47be7464659f75e69ef6f7165a7b057a0fd433ed180af76723f9bb5e1576a82
SA-real-51200,S5,0,102,True,True,True,20.0,1111,,a47be7464659f75e69ef6f7165a7b057a0fd433ed180af76723f9bb5e1576a82
SA-real-51200,S5,0,103,True,True,True,20.0,1111,,a47be7464659f75e69ef6f7165a7b057a0fd433ed180af76723f9bb5e1576a82
SA-real-51200,S5,0,104,True,True,True,20.0,1111,,a47be7464659f75e69ef6f7165a7b057a0fd433ed180af76723f9bb5e1576a82
SA-real-51200,S5,0,105,True,True,True,20.0,1111,,a47be7464659f75e69ef6f7165a7b057a0fd433ed180af76723f9bb5e1576a82
SA-real-51200,S5,0,106,True,True,True,20.0,1111,,a47be7464659f75e69ef6f7165a7b057a0fd433ed180af76723f9bb5e1576a82
SA-real-51200,S5,0,107,True,True,True,20.0,1111,,a47be7464659f75e69ef6f7165a7b057a0fd433ed180af76723f9bb5e1576a82
SA-real-51200,S5,0,108,True,True,True,20.0,1111,,a47be7464659f75e69ef6f7165a7b057a0fd433ed180af76723f9bb5e1576a82
SA-real-51200,S5,0,109,True,True,True,20.0,1111,,a47be7464659f75e69ef6f7165a7b057a0fd433ed180af76723f9bb5e1576a82
SA-real-51200,S5,0,110,True,True,True,20.0,1111,,a47be7464659f75e69ef6f7165a7b057a0fd433ed180af76723f9bb5e1576a82
SA-real-51200,S5,0,111,True,True,True,20.0,1111,,a47be7464659f75e69ef6f7165a7b057a0fd433ed180af76723f9bb5e1576a82
SA-real-51200,S5,0,112,True,True,True,20.0,1111,,a47be7464659f75e69ef6f7165a7b057a0fd433ed180af76723f9bb5e1576a82
SA-real-51200,S5,0,113,True,True,True,20.0,1111,,a47be7464659f75e69ef6f7165a7b057a0fd433ed180af76723f9bb5e1576a82
SA-real-51200,S5,0,114,True,True,True,20.0,1111,,a47be7464659f75e69ef6f7165a7b057a0fd433ed180af76723f9bb5e1576a82
SA-real-51200,S5,0,115,True,True,True,20.0,1111,,a47be7464659f75e69ef6f7165a7b057a0fd433ed180af76723f9bb5e1576a82
SA-real-51200,S5,0,116,True,True,True,20.0,1111,,a47be7464659f75e69ef6f7165a7b057a0fd433ed180af76723f9bb5e1576a82
SA-real-51200,S5,0,117,True,True,True,20.0,1111,,a47be7464659f75e69ef6f7165a7b057a0fd433ed180af76723f9bb5e1576a82
SA-real-51200,S5,0,118,True,True,True,20.0,1111,,a47be7464659f75e69ef6f7165a7b057a0fd433ed180af76723f9bb5e1576a82
SA-real-51200,S5,0,119,True,True,True,20.0,1111,,a47be7464659f75e69ef6f7165a7b057a0fd433ed180af76723f9bb5e1576a82
SA-real-51200,S5,0,120,True,True,True,20.0,1111,,a47be7464659f75e69ef6f7165a7b057a0fd433ed180af76723f9bb5e1576a82
SA-real-51200,S5,0,121,True,True,True,20.0,1111,,a47be7464659f75e69ef6f7165a7b057a0fd433ed180af76723f9bb5e1576a82
SA-real-51200,S5,0,122,True,True,True,20.0,1111,,a47be7464659f75e69ef6f7165a7b057a0fd433ed180af76723f9bb5e1576a82
SA-real-51200,S5,0,123,True,True,True,20.0,1111,,a47be7464659f75e69ef6f7165a7b057a0fd433ed180af76723f9bb5e1576a82
SA-real-51200,S5,0,124,True,True,True,20.0,1111,,a47be7464659f75e69ef6f7165a7b057a0fd433ed180af76723f9bb5e1576a82
SA-real-51200,S5,0,125,True,True,True,20.0,1111,,a47be7464659f75e69ef6f7165a7b057a0fd433ed180af76723f9bb5e1576a82
SA-real-51200,S5,0,126,True,True,True,20.0,1111,,a47be7464659f75e69ef6f7165a7b057a0fd433ed180af76723f9bb5e1576a82
SA-real-51200,S5,0,127,True,True,True,20.0,1111,,a47be7464659f75e69ef6f7165a7b057a0fd433ed180af76723f9bb5e1576a82
SA-real-51200,S5,1,0,True,True,True,20.0,1111,,a47be7464659f75e69ef6f7165a7b057a0fd433ed180af76723f9bb5e1576a82
SA-real-51200,S5,1,1,True,True,True,20.0,1111,,a47be7464659f75e69ef6f7165a7b057a0fd433ed180af76723f9bb5e1576a82
SA-real-51200,S5,1,2,True,True,True,20.0,1111,,a47be7464659f75e69ef6f7165a7b057a0fd433ed180af76723f9bb5e1576a82
SA-real-51200,S5,1,3,False,True,True,20.0,0111,,a47be7464659f75e69ef6f7165a7b057a0fd433ed180af76723f9bb5e1576a82
SA-real-51200,S5,1,4,True,True,True,20.0,1111,,a47be7464659f75e69ef6f7165a7b057a0fd433ed180af76723f9bb5e1576a82
SA-real-51200,S5,1,5,True,True,True,20.0,1111,,a47be7464659f75e69ef6f7165a7b057a0fd433ed180af76723f9bb5e1576a82
SA-real-51200,S5,1,6,True,True,True,20.0,1111,,a47be7464659f75e69ef6f7165a7b057a0fd433ed180af76723f9bb5e1576a82
SA-real-51200,S5,1,7,True,True,True,20.0,1111,,a47be7464659f75e69ef6f7165a7b057a0fd433ed180af76723f9bb5e1576a82
SA-real-51200,S5,1,8,True,True,True,20.0,1111,,a47be7464659f75e69ef6f7165a7b057a0fd433ed180af76723f9bb5e1576a82
SA-real-51200,S5,1,9,True,True,True,20.0,1111,,a47be7464659f75e69ef6f7165a7b057a0fd433ed180af76723f9bb5e1576a82
SA-real-51200,S5,1,10,True,True,True,20.0,1111,,a47be7464659f75e69ef6f7165a7b057a0fd433ed180af76723f9bb5e1576a82
SA-real-51200,S5,1,11,True,True,True,20.0,1111,,a47be7464659f75e69ef6f7165a7b057a0fd433ed180af76723f9bb5e1576a82
SA-real-51200,S5,1,12,True,True,True,20.0,1111,,a47be7464659f75e69ef6f7165a7b057a0fd433ed180af76723f9bb5e1576a82
SA-real-51200,S5,1,13,True,True,True,20.0,1111,,a47be7464659f75e69ef6f7165a7b057a0fd433ed180af76723f9bb5e1576a82
SA-real-51200,S5,1,14,True,True,True,20.0,1111,,a47be7464659f75e69ef6f7165a7b057a0fd433ed180af76723f9bb5e1576a82
SA-real-51200,S5,1,15,True,True,True,20.0,1111,,a47be7464659f75e69ef6f7165a7b057a0fd433ed180af76723f9bb5e1576a82
SA-real-51200,S5,1,16,True,True,True,20.0,1111,,a47be7464659f75e69ef6f7165a7b057a0fd433ed180af76723f9bb5e1576a82
SA-real-51200,S5,1,17,True,True,True,20.0,1111,,a47be7464659f75e69ef6f7165a7b057a0fd433ed180af76723f9bb5e1576a82
SA-real-51200,S5,1,18,True,True,True,20.0,1111,,a47be7464659f75e69ef6f7165a7b057a0fd433ed180af76723f9bb5e1576a82
SA-real-51200,S5,1,19,True,True,True,20.0,1111,,a47be7464659f75e69ef6f7165a7b057a0fd433ed180af76723f9bb5e1576a82
SA-real-51200,S5,1,20,True,True,True,20.0,1111,,a47be7464659f75e69ef6f7165a7b057a0fd433ed180af76723f9bb5e1576a82
SA-real-51200,S5,1,21,True,True,True,20.0,1111,,a47be7464659f75e69ef6f7165a7b057a0fd433ed180af76723f9bb5e1576a82
SA-real-51200,S5,1,22,True,True,True,20.0,1111,,a47be7464659f75e69ef6f7165a7b057a0fd433ed180af76723f9bb5e1576a82
SA-real-51200,S5,1,23,True,True,True,20.0,1111,,a47be7464659f75e69ef6f7165a7b057a0fd433ed180af76723f9bb5e1576a82
SA-real-51200,S5,1,24,True,True,True,20.0,1111,,a47be7464659f75e69ef6f7165a7b057a0fd433ed180af76723f9bb5e1576a82
SA-real-51200,S5,1,25,True,True,True,20.0,1111,,a47be7464659f75e69ef6f7165a7b057a0fd433ed180af76723f9bb5e1576a82
SA-real-51200,S5,1,26,True,True,True,20.0,1111,,a47be7464659f75e69ef6f7165a7b057a0fd433ed180af76723f9bb5e1576a82
SA-real-51200,S5,1,27,True,True,True,20.0,1111,,a47be7464659f75e69ef6f7165a7b057a0fd433ed180af76723f9bb5e1576a82
SA-real-51200,S5,1,28,True,True,True,20.0,1111,,a47be7464659f75e69ef6f7165a7b057a0fd433ed180af76723f9bb5e1576a82
SA-real-51200,S5,1,29,True,True,True,20.0,1111,,a47be7464659f75e69ef6f7165a7b057a0fd433ed180af76723f9bb5e1576a82
SA-real-51200,S5,1,30,True,True,True,20.0,1111,,a47be7464659f75e69ef6f7165a7b057a0fd433ed180af76723f9bb5e1576a82
SA-real-51200,S5,1,31,True,True,True,20.0,1111,,a47be7464659f75e69ef6f7165a7b057a0fd433ed180af76723f9bb5e1576a82
SA-real-51200,S5,1,32,True,True,True,20.0,1111,,a47be7464659f75e69ef6f7165a7b057a0fd433ed180af76723f9bb5e1576a82
SA-real-51200,S5,1,33,True,True,True,20.0,1111,,a47be7464659f75e69ef6f7165a7b057a0fd433ed180af76723f9bb5e1576a82
SA-real-51200,S5,1,34,True,True,True,20.0,1111,,a47be7464659f75e69ef6f7165a7b057a0fd433ed180af76723f9bb5e1576a82
SA-real-51200,S5,1,35,True,True,True,20.0,1111,,a47be7464659f75e69ef6f7165a7b057a0fd433ed180af76723f9bb5e1576a82
SA-real-51200,S5,1,36,True,True,True,20.0,1111,,a47be7464659f75e69ef6f7165a7b057a0fd433ed180af76723f9bb5e1576a82
SA-real-51200,S5,1,37,True,True,True,20.0,1111,,a47be7464659f75e69ef6f7165a7b057a0fd433ed180af76723f9bb5e1576a82
SA-real-51200,S5,1,38,True,True,True,20.0,1111,,a47be7464659f75e69ef6f7165a7b057a0fd433ed180af76723f9bb5e1576a82
SA-real-51200,S5,1,39,True,True,True,20.0,1111,,a47be7464659f75e69ef6f7165a7b057a0fd433ed180af76723f9bb5e1576a82
SA-real-51200,S5,1,40,True,True,True,20.0,1111,,a47be7464659f75e69ef6f7165a7b057a0fd433ed180af76723f9bb5e1576a82
SA-real-51200,S5,1,41,True,True,True,20.0,1111,,a47be7464659f75e69ef6f7165a7b057a0fd433ed180af76723f9bb5e1576a82
SA-real-51200,S5,1,42,True,True,True,20.0,1111,,a47be7464659f75e69ef6f7165a7b057a0fd433ed180af76723f9bb5e1576a82
SA-real-51200,S5,1,43,True,True,True,20.0,1111,,a47be7464659f75e69ef6f7165a7b057a0fd433ed180af76723f9bb5e1576a82
SA-real-51200,S5,1,44,True,True,True,20.0,1111,,a47be7464659f75e69ef6f7165a7b057a0fd433ed180af76723f9bb5e1576a82
SA-real-51200,S5,1,45,False,False,True,5.133333333333334,1111,,a47be7464659f75e69ef6f7165a7b057a0fd433ed180af76723f9bb5e1576a82
SA-real-51200,S5,1,46,True,True,True,20.0,1111,,a47be7464659f75e69ef6f7165a7b057a0fd433ed180af76723f9bb5e1576a82
SA-real-51200,S5,1,47,True,True,True,20.0,1111,,a47be7464659f75e69ef6f7165a7b057a0fd433ed180af76723f9bb5e1576a82
SA-real-51200,S5,1,48,True,True,True,20.0,1111,,a47be7464659f75e69ef6f7165a7b057a0fd433ed180af76723f9bb5e1576a82
SA-real-51200,S5,1,49,True,True,True,20.0,1111,,a47be7464659f75e69ef6f7165a7b057a0fd433ed180af76723f9bb5e1576a82
SA-real-51200,S5,1,50,True,True,True,20.0,1111,,a47be7464659f75e69ef6f7165a7b057a0fd433ed180af76723f9bb5e1576a82
SA-real-51200,S5,1,51,True,True,True,20.0,1111,,a47be7464659f75e69ef6f7165a7b057a0fd433ed180af76723f9bb5e1576a82
SA-real-51200,S5,1,52,True,True,True,20.0,1111,,a47be7464659f75e69ef6f7165a7b057a0fd433ed180af76723f9bb5e1576a82
SA-real-51200,S5,1,53,True,True,True,20.0,1111,,a47be7464659f75e69ef6f7165a7b057a0fd433ed180af76723f9bb5e1576a82
SA-real-51200,S5,1,54,True,True,True,20.0,1111,,a47be7464659f75e69ef6f7165a7b057a0fd433ed180af76723f9bb5e1576a82
SA-real-51200,S5,1,55,False,True,True,20.0,0111,,a47be7464659f75e69ef6f7165a7b057a0fd433ed180af76723f9bb5e1576a82
SA-real-51200,S5,1,56,True,True,True,20.0,1111,,a47be7464659f75e69ef6f7165a7b057a0fd433ed180af76723f9bb5e1576a82
SA-real-51200,S5,1,57,True,True,True,20.0,1111,,a47be7464659f75e69ef6f7165a7b057a0fd433ed180af76723f9bb5e1576a82
SA-real-51200,S5,1,58,True,True,True,20.0,1111,,a47be7464659f75e69ef6f7165a7b057a0fd433ed180af76723f9bb5e1576a82
SA-real-51200,S5,1,59,True,True,True,20.0,1111,,a47be7464659f75e69ef6f7165a7b057a0fd433ed180af76723f9bb5e1576a82
SA-real-51200,S5,1,60,True,True,True,20.0,1111,,a47be7464659f75e69ef6f7165a7b057a0fd433ed180af76723f9bb5e1576a82
SA-real-51200,S5,1,61,True,True,True,20.0,1111,,a47be7464659f75e69ef6f7165a7b057a0fd433ed180af76723f9bb5e1576a82
SA-real-51200,S5,1,62,False,True,True,20.0,0111,,a47be7464659f75e69ef6f7165a7b057a0fd433ed180af76723f9bb5e1576a82
SA-real-51200,S5,1,63,True,True,True,20.0,1111,,a47be7464659f75e69ef6f7165a7b057a0fd433ed180af76723f9bb5e1576a82
SA-real-51200,S5,1,64,True,True,True,20.0,1111,,a47be7464659f75e69ef6f7165a7b057a0fd433ed180af76723f9bb5e1576a82
SA-real-51200,S5,1,65,True,True,True,20.0,1111,,a47be7464659f75e69ef6f7165a7b057a0fd433ed180af76723f9bb5e1576a82
SA-real-51200,S5,1,66,True,True,True,20.0,1111,,a47be7464659f75e69ef6f7165a7b057a0fd433ed180af76723f9bb5e1576a82
SA-real-51200,S5,1,67,True,True,True,20.0,1111,,a47be7464659f75e69ef6f7165a7b057a0fd433ed180af76723f9bb5e1576a82
SA-real-51200,S5,1,68,True,True,True,20.0,1111,,a47be7464659f75e69ef6f7165a7b057a0fd433ed180af76723f9bb5e1576a82
SA-real-51200,S5,1,69,True,True,True,20.0,1111,,a47be7464659f75e69ef6f7165a7b057a0fd433ed180af76723f9bb5e1576a82
SA-real-51200,S5,1,70,True,True,True,20.0,1111,,a47be7464659f75e69ef6f7165a7b057a0fd433ed180af76723f9bb5e1576a82
SA-real-51200,S5,1,71,True,True,True,20.0,1111,,a47be7464659f75e69ef6f7165a7b057a0fd433ed180af76723f9bb5e1576a82
SA-real-51200,S5,1,72,True,True,True,20.0,1111,,a47be7464659f75e69ef6f7165a7b057a0fd433ed180af76723f9bb5e1576a82
SA-real-51200,S5,1,73,True,True,True,20.0,1111,,a47be7464659f75e69ef6f7165a7b057a0fd433ed180af76723f9bb5e1576a82
SA-real-51200,S5,1,74,True,True,True,20.0,1111,,a47be7464659f75e69ef6f7165a7b057a0fd433ed180af76723f9bb5e1576a82
SA-real-51200,S5,1,75,True,True,True,20.0,1111,,a47be7464659f75e69ef6f7165a7b057a0fd433ed180af76723f9bb5e1576a82
SA-real-51200,S5,1,76,True,True,True,20.0,1111,,a47be7464659f75e69ef6f7165a7b057a0fd433ed180af76723f9bb5e1576a82
SA-real-51200,S5,1,77,True,True,True,20.0,1111,,a47be7464659f75e69ef6f7165a7b057a0fd433ed180af76723f9bb5e1576a82
SA-real-51200,S5,1,78,True,True,True,20.0,1111,,a47be7464659f75e69ef6f7165a7b057a0fd433ed180af76723f9bb5e1576a82
SA-real-51200,S5,1,79,True,True,True,20.0,1111,,a47be7464659f75e69ef6f7165a7b057a0fd433ed180af76723f9bb5e1576a82
SA-real-51200,S5,1,80,True,True,True,20.0,1111,,a47be7464659f75e69ef6f7165a7b057a0fd433ed180af76723f9bb5e1576a82
SA-real-51200,S5,1,81,True,True,True,20.0,1111,,a47be7464659f75e69ef6f7165a7b057a0fd433ed180af76723f9bb5e1576a82
SA-real-51200,S5,1,82,True,True,True,20.0,1111,,a47be7464659f75e69ef6f7165a7b057a0fd433ed180af76723f9bb5e1576a82
SA-real-51200,S5,1,83,True,True,True,20.0,1111,,a47be7464659f75e69ef6f7165a7b057a0fd433ed180af76723f9bb5e1576a82
SA-real-51200,S5,1,84,True,True,True,20.0,1111,,a47be7464659f75e69ef6f7165a7b057a0fd433ed180af76723f9bb5e1576a82
SA-real-51200,S5,1,85,True,True,True,20.0,1111,,a47be7464659f75e69ef6f7165a7b057a0fd433ed180af76723f9bb5e1576a82
SA-real-51200,S5,1,86,True,True,True,20.0,1111,,a47be7464659f75e69ef6f7165a7b057a0fd433ed180af76723f9bb5e1576a82
SA-real-51200,S5,1,87,True,True,True,20.0,1111,,a47be7464659f75e69ef6f7165a7b057a0fd433ed180af76723f9bb5e1576a82
SA-real-51200,S5,1,88,True,True,True,20.0,1111,,a47be7464659f75e69ef6f7165a7b057a0fd433ed180af76723f9bb5e1576a82
SA-real-51200,S5,1,89,True,True,True,20.0,1111,,a47be7464659f75e69ef6f7165a7b057a0fd433ed180af76723f9bb5e1576a82
SA-real-51200,S5,1,90,True,True,True,20.0,1111,,a47be7464659f75e69ef6f7165a7b057a0fd433ed180af76723f9bb5e1576a82
SA-real-51200,S5,1,91,True,True,True,20.0,1111,,a47be7464659f75e69ef6f7165a7b057a0fd433ed180af76723f9bb5e1576a82
SA-real-51200,S5,1,92,True,True,True,20.0,1111,,a47be7464659f75e69ef6f7165a7b057a0fd433ed180af76723f9bb5e1576a82
SA-real-51200,S5,1,93,True,True,True,20.0,1111,,a47be7464659f75e69ef6f7165a7b057a0fd433ed180af76723f9bb5e1576a82
SA-real-51200,S5,1,94,True,True,True,20.0,1111,,a47be7464659f75e69ef6f7165a7b057a0fd433ed180af76723f9bb5e1576a82
SA-real-51200,S5,1,95,True,True,True,20.0,1111,,a47be7464659f75e69ef6f7165a7b057a0fd433ed180af76723f9bb5e1576a82
SA-real-51200,S5,1,96,True,True,True,20.0,1111,,a47be7464659f75e69ef6f7165a7b057a0fd433ed180af76723f9bb5e1576a82
SA-real-51200,S5,1,97,True,True,True,20.0,1111,,a47be7464659f75e69ef6f7165a7b057a0fd433ed180af76723f9bb5e1576a82
SA-real-51200,S5,1,98,True,True,True,20.0,1111,,a47be7464659f75e69ef6f7165a7b057a0fd433ed180af76723f9bb5e1576a82
SA-real-51200,S5,1,99,True,True,True,20.0,1111,,a47be7464659f75e69ef6f7165a7b057a0fd433ed180af76723f9bb5e1576a82
SA-real-51200,S5,1,100,True,True,True,20.0,1111,,a47be7464659f75e69ef6f7165a7b057a0fd433ed180af76723f9bb5e1576a82
SA-real-51200,S5,1,101,True,True,True,20.0,1111,,a47be7464659f75e69ef6f7165a7b057a0fd433ed180af76723f9bb5e1576a82
SA-real-51200,S5,1,102,True,True,True,20.0,1111,,a47be7464659f75e69ef6f7165a7b057a0fd433ed180af76723f9bb5e1576a82
SA-real-51200,S5,1,103,True,True,True,20.0,1111,,a47be7464659f75e69ef6f7165a7b057a0fd433ed180af76723f9bb5e1576a82
SA-real-51200,S5,1,104,True,True,True,20.0,1111,,a47be7464659f75e69ef6f7165a7b057a0fd433ed180af76723f9bb5e1576a82
SA-real-51200,S5,1,105,True,True,True,20.0,1111,,a47be7464659f75e69ef6f7165a7b057a0fd433ed180af76723f9bb5e1576a82
SA-real-51200,S5,1,106,True,True,True,20.0,1111,,a47be7464659f75e69ef6f7165a7b057a0fd433ed180af76723f9bb5e1576a82
SA-real-51200,S5,1,107,False,True,True,20.0,0111,,a47be7464659f75e69ef6f7165a7b057a0fd433ed180af76723f9bb5e1576a82
SA-real-51200,S5,1,108,True,True,True,20.0,1111,,a47be7464659f75e69ef6f7165a7b057a0fd433ed180af76723f9bb5e1576a82
SA-real-51200,S5,1,109,True,True,True,20.0,1111,,a47be7464659f75e69ef6f7165a7b057a0fd433ed180af76723f9bb5e1576a82
SA-real-51200,S5,1,110,True,True,True,20.0,1111,,a47be7464659f75e69ef6f7165a7b057a0fd433ed180af76723f9bb5e1576a82
SA-real-51200,S5,1,111,False,True,True,20.0,0111,,a47be7464659f75e69ef6f7165a7b057a0fd433ed180af76723f9bb5e1576a82
SA-real-51200,S5,1,112,True,True,True,20.0,1111,,a47be7464659f75e69ef6f7165a7b057a0fd433ed180af76723f9bb5e1576a82
SA-real-51200,S5,1,113,True,True,True,20.0,1111,,a47be7464659f75e69ef6f7165a7b057a0fd433ed180af76723f9bb5e1576a82
SA-real-51200,S5,1,114,True,True,True,20.0,1111,,a47be7464659f75e69ef6f7165a7b057a0fd433ed180af76723f9bb5e1576a82
SA-real-51200,S5,1,115,True,True,True,20.0,1111,,a47be7464659f75e69ef6f7165a7b057a0fd433ed180af76723f9bb5e1576a82
SA-real-51200,S5,1,116,True,True,True,20.0,1111,,a47be7464659f75e69ef6f7165a7b057a0fd433ed180af76723f9bb5e1576a82
SA-real-51200,S5,1,117,True,True,True,20.0,1111,,a47be7464659f75e69ef6f7165a7b057a0fd433ed180af76723f9bb5e1576a82
SA-real-51200,S5,1,118,True,True,True,20.0,1111,,a47be7464659f75e69ef6f7165a7b057a0fd433ed180af76723f9bb5e1576a82
SA-real-51200,S5,1,119,True,True,True,20.0,1111,,a47be7464659f75e69ef6f7165a7b057a0fd433ed180af76723f9bb5e1576a82
SA-real-51200,S5,1,120,True,True,True,20.0,1111,,a47be7464659f75e69ef6f7165a7b057a0fd433ed180af76723f9bb5e1576a82
SA-real-51200,S5,1,121,True,True,True,20.0,1111,,a47be7464659f75e69ef6f7165a7b057a0fd433ed180af76723f9bb5e1576a82
SA-real-51200,S5,1,122,True,True,True,20.0,1111,,a47be7464659f75e69ef6f7165a7b057a0fd433ed180af76723f9bb5e1576a82
SA-real-51200,S5,1,123,True,True,True,20.0,1111,,a47be7464659f75e69ef6f7165a7b057a0fd433ed180af76723f9bb5e1576a82
SA-real-51200,S5,1,124,True,True,True,20.0,1111,,a47be7464659f75e69ef6f7165a7b057a0fd433ed180af76723f9bb5e1576a82
SA-real-51200,S5,1,125,True,True,True,20.0,1111,,a47be7464659f75e69ef6f7165a7b057a0fd433ed180af76723f9bb5e1576a82
SA-real-51200,S5,1,126,False,True,True,20.0,0111,,a47be7464659f75e69ef6f7165a7b057a0fd433ed180af76723f9bb5e1576a82
SA-real-51200,S5,1,127,True,True,True,20.0,1111,,a47be7464659f75e69ef6f7165a7b057a0fd433ed180af76723f9bb5e1576a82
SA-real-51200,S5,2,0,True,True,True,20.0,1111,,a47be7464659f75e69ef6f7165a7b057a0fd433ed180af76723f9bb5e1576a82
SA-real-51200,S5,2,1,True,True,True,20.0,1111,,a47be7464659f75e69ef6f7165a7b057a0fd433ed180af76723f9bb5e1576a82
SA-real-51200,S5,2,2,True,True,True,20.0,1111,,a47be7464659f75e69ef6f7165a7b057a0fd433ed180af76723f9bb5e1576a82
SA-real-51200,S5,2,3,True,True,True,20.0,1111,,a47be7464659f75e69ef6f7165a7b057a0fd433ed180af76723f9bb5e1576a82
SA-real-51200,S5,2,4,True,True,True,20.0,1111,,a47be7464659f75e69ef6f7165a7b057a0fd433ed180af76723f9bb5e1576a82
SA-real-51200,S5,2,5,True,True,True,20.0,1111,,a47be7464659f75e69ef6f7165a7b057a0fd433ed180af76723f9bb5e1576a82
SA-real-51200,S5,2,6,True,True,True,20.0,1111,,a47be7464659f75e69ef6f7165a7b057a0fd433ed180af76723f9bb5e1576a82
SA-real-51200,S5,2,7,True,True,True,20.0,1111,,a47be7464659f75e69ef6f7165a7b057a0fd433ed180af76723f9bb5e1576a82
SA-real-51200,S5,2,8,True,True,True,20.0,1111,,a47be7464659f75e69ef6f7165a7b057a0fd433ed180af76723f9bb5e1576a82
SA-real-51200,S5,2,9,True,True,True,20.0,1111,,a47be7464659f75e69ef6f7165a7b057a0fd433ed180af76723f9bb5e1576a82
SA-real-51200,S5,2,10,True,True,True,20.0,1111,,a47be7464659f75e69ef6f7165a7b057a0fd433ed180af76723f9bb5e1576a82
SA-real-51200,S5,2,11,True,True,True,20.0,1111,,a47be7464659f75e69ef6f7165a7b057a0fd433ed180af76723f9bb5e1576a82
SA-real-51200,S5,2,12,True,True,True,20.0,1111,,a47be7464659f75e69ef6f7165a7b057a0fd433ed180af76723f9bb5e1576a82
SA-real-51200,S5,2,13,True,True,True,20.0,1111,,a47be7464659f75e69ef6f7165a7b057a0fd433ed180af76723f9bb5e1576a82
SA-real-51200,S5,2,14,True,True,True,20.0,1111,,a47be7464659f75e69ef6f7165a7b057a0fd433ed180af76723f9bb5e1576a82
SA-real-51200,S5,2,15,True,True,True,20.0,1111,,a47be7464659f75e69ef6f7165a7b057a0fd433ed180af76723f9bb5e1576a82
SA-real-51200,S5,2,16,True,True,True,20.0,1111,,a47be7464659f75e69ef6f7165a7b057a0fd433ed180af76723f9bb5e1576a82
SA-real-51200,S5,2,17,True,True,True,20.0,1111,,a47be7464659f75e69ef6f7165a7b057a0fd433ed180af76723f9bb5e1576a82
SA-real-51200,S5,2,18,True,True,True,20.0,1111,,a47be7464659f75e69ef6f7165a7b057a0fd433ed180af76723f9bb5e1576a82
SA-real-51200,S5,2,19,True,True,True,20.0,1111,,a47be7464659f75e69ef6f7165a7b057a0fd433ed180af76723f9bb5e1576a82
SA-real-51200,S5,2,20,True,True,True,20.0,1111,,a47be7464659f75e69ef6f7165a7b057a0fd433ed180af76723f9bb5e1576a82
SA-real-51200,S5,2,21,True,True,True,20.0,1111,,a47be7464659f75e69ef6f7165a7b057a0fd433ed180af76723f9bb5e1576a82
SA-real-51200,S5,2,22,True,True,True,20.0,1111,,a47be7464659f75e69ef6f7165a7b057a0fd433ed180af76723f9bb5e1576a82
SA-real-51200,S5,2,23,True,True,True,20.0,1111,,a47be7464659f75e69ef6f7165a7b057a0fd433ed180af76723f9bb5e1576a82
SA-real-51200,S5,2,24,True,True,True,20.0,1111,,a47be7464659f75e69ef6f7165a7b057a0fd433ed180af76723f9bb5e1576a82
SA-real-51200,S5,2,25,True,True,True,20.0,1111,,a47be7464659f75e69ef6f7165a7b057a0fd433ed180af76723f9bb5e1576a82
SA-real-51200,S5,2,26,True,True,True,20.0,1111,,a47be7464659f75e69ef6f7165a7b057a0fd433ed180af76723f9bb5e1576a82
SA-real-51200,S5,2,27,True,True,True,20.0,1111,,a47be7464659f75e69ef6f7165a7b057a0fd433ed180af76723f9bb5e1576a82
SA-real-51200,S5,2,28,True,True,True,20.0,1111,,a47be7464659f75e69ef6f7165a7b057a0fd433ed180af76723f9bb5e1576a82
SA-real-51200,S5,2,29,True,True,True,20.0,1111,,a47be7464659f75e69ef6f7165a7b057a0fd433ed180af76723f9bb5e1576a82
SA-real-51200,S5,2,30,True,True,True,20.0,1111,,a47be7464659f75e69ef6f7165a7b057a0fd433ed180af76723f9bb5e1576a82
SA-real-51200,S5,2,31,True,True,True,20.0,1111,,a47be7464659f75e69ef6f7165a7b057a0fd433ed180af76723f9bb5e1576a82
SA-real-51200,S5,2,32,True,True,True,20.0,1111,,a47be7464659f75e69ef6f7165a7b057a0fd433ed180af76723f9bb5e1576a82
SA-real-51200,S5,2,33,True,True,True,20.0,1111,,a47be7464659f75e69ef6f7165a7b057a0fd433ed180af76723f9bb5e1576a82
SA-real-51200,S5,2,34,True,True,True,20.0,1111,,a47be7464659f75e69ef6f7165a7b057a0fd433ed180af76723f9bb5e1576a82
SA-real-51200,S5,2,35,True,True,True,20.0,1111,,a47be7464659f75e69ef6f7165a7b057a0fd433ed180af76723f9bb5e1576a82
SA-real-51200,S5,2,36,True,True,True,20.0,1111,,a47be7464659f75e69ef6f7165a7b057a0fd433ed180af76723f9bb5e1576a82
SA-real-51200,S5,2,37,False,True,True,20.0,0111,,a47be7464659f75e69ef6f7165a7b057a0fd433ed180af76723f9bb5e1576a82
SA-real-51200,S5,2,38,False,True,True,20.0,1101,,a47be7464659f75e69ef6f7165a7b057a0fd433ed180af76723f9bb5e1576a82
SA-real-51200,S5,2,39,True,True,True,20.0,1111,,a47be7464659f75e69ef6f7165a7b057a0fd433ed180af76723f9bb5e1576a82
SA-real-51200,S5,2,40,True,True,True,20.0,1111,,a47be7464659f75e69ef6f7165a7b057a0fd433ed180af76723f9bb5e1576a82
SA-real-51200,S5,2,41,True,True,True,20.0,1111,,a47be7464659f75e69ef6f7165a7b057a0fd433ed180af76723f9bb5e1576a82
SA-real-51200,S5,2,42,True,True,True,20.0,1111,,a47be7464659f75e69ef6f7165a7b057a0fd433ed180af76723f9bb5e1576a82
SA-real-51200,S5,2,43,True,True,True,20.0,1111,,a47be7464659f75e69ef6f7165a7b057a0fd433ed180af76723f9bb5e1576a82
SA-real-51200,S5,2,44,True,True,True,20.0,1111,,a47be7464659f75e69ef6f7165a7b057a0fd433ed180af76723f9bb5e1576a82
SA-real-51200,S5,2,45,True,True,True,20.0,1111,,a47be7464659f75e69ef6f7165a7b057a0fd433ed180af76723f9bb5e1576a82
SA-real-51200,S5,2,46,True,True,True,20.0,1111,,a47be7464659f75e69ef6f7165a7b057a0fd433ed180af76723f9bb5e1576a82
SA-real-51200,S5,2,47,True,True,True,20.0,1111,,a47be7464659f75e69ef6f7165a7b057a0fd433ed180af76723f9bb5e1576a82
SA-real-51200,S5,2,48,True,True,True,20.0,1111,,a47be7464659f75e69ef6f7165a7b057a0fd433ed180af76723f9bb5e1576a82
SA-real-51200,S5,2,49,False,True,True,20.0,0111,,a47be7464659f75e69ef6f7165a7b057a0fd433ed180af76723f9bb5e1576a82
SA-real-51200,S5,2,50,True,True,True,20.0,1111,,a47be7464659f75e69ef6f7165a7b057a0fd433ed180af76723f9bb5e1576a82
SA-real-51200,S5,2,51,True,True,True,20.0,1111,,a47be7464659f75e69ef6f7165a7b057a0fd433ed180af76723f9bb5e1576a82
SA-real-51200,S5,2,52,True,True,True,20.0,1111,,a47be7464659f75e69ef6f7165a7b057a0fd433ed180af76723f9bb5e1576a82
SA-real-51200,S5,2,53,True,True,True,20.0,1111,,a47be7464659f75e69ef6f7165a7b057a0fd433ed180af76723f9bb5e1576a82
SA-real-51200,S5,2,54,True,True,True,20.0,1111,,a47be7464659f75e69ef6f7165a7b057a0fd433ed180af76723f9bb5e1576a82
SA-real-51200,S5,2,55,True,True,True,20.0,1111,,a47be7464659f75e69ef6f7165a7b057a0fd433ed180af76723f9bb5e1576a82
SA-real-51200,S5,2,56,False,True,True,20.0,0111,,a47be7464659f75e69ef6f7165a7b057a0fd433ed180af76723f9bb5e1576a82
SA-real-51200,S5,2,57,True,True,True,20.0,1111,,a47be7464659f75e69ef6f7165a7b057a0fd433ed180af76723f9bb5e1576a82
SA-real-51200,S5,2,58,True,True,True,20.0,1111,,a47be7464659f75e69ef6f7165a7b057a0fd433ed180af76723f9bb5e1576a82
SA-real-51200,S5,2,59,True,True,True,20.0,1111,,a47be7464659f75e69ef6f7165a7b057a0fd433ed180af76723f9bb5e1576a82
SA-real-51200,S5,2,60,True,True,True,20.0,1111,,a47be7464659f75e69ef6f7165a7b057a0fd433ed180af76723f9bb5e1576a82
SA-real-51200,S5,2,61,True,True,True,20.0,1111,,a47be7464659f75e69ef6f7165a7b057a0fd433ed180af76723f9bb5e1576a82
SA-real-51200,S5,2,62,True,True,True,20.0,1111,,a47be7464659f75e69ef6f7165a7b057a0fd433ed180af76723f9bb5e1576a82
SA-real-51200,S5,2,63,True,True,True,20.0,1111,,a47be7464659f75e69ef6f7165a7b057a0fd433ed180af76723f9bb5e1576a82
SA-real-51200,S5,2,64,True,True,True,20.0,1111,,a47be7464659f75e69ef6f7165a7b057a0fd433ed180af76723f9bb5e1576a82
SA-real-51200,S5,2,65,True,True,True,20.0,1111,,a47be7464659f75e69ef6f7165a7b057a0fd433ed180af76723f9bb5e1576a82
SA-real-51200,S5,2,66,True,True,True,20.0,1111,,a47be7464659f75e69ef6f7165a7b057a0fd433ed180af76723f9bb5e1576a82
SA-real-51200,S5,2,67,True,True,True,20.0,1111,,a47be7464659f75e69ef6f7165a7b057a0fd433ed180af76723f9bb5e1576a82
SA-real-51200,S5,2,68,True,True,True,20.0,1111,,a47be7464659f75e69ef6f7165a7b057a0fd433ed180af76723f9bb5e1576a82
SA-real-51200,S5,2,69,True,True,True,20.0,1111,,a47be7464659f75e69ef6f7165a7b057a0fd433ed180af76723f9bb5e1576a82
SA-real-51200,S5,2,70,True,True,True,20.0,1111,,a47be7464659f75e69ef6f7165a7b057a0fd433ed180af76723f9bb5e1576a82
SA-real-51200,S5,2,71,True,True,True,20.0,1111,,a47be7464659f75e69ef6f7165a7b057a0fd433ed180af76723f9bb5e1576a82
SA-real-51200,S5,2,72,True,True,True,20.0,1111,,a47be7464659f75e69ef6f7165a7b057a0fd433ed180af76723f9bb5e1576a82
SA-real-51200,S5,2,73,True,True,True,20.0,1111,,a47be7464659f75e69ef6f7165a7b057a0fd433ed180af76723f9bb5e1576a82
SA-real-51200,S5,2,74,False,True,True,20.0,0101,,a47be7464659f75e69ef6f7165a7b057a0fd433ed180af76723f9bb5e1576a82
SA-real-51200,S5,2,75,True,True,True,20.0,1111,,a47be7464659f75e69ef6f7165a7b057a0fd433ed180af76723f9bb5e1576a82
SA-real-51200,S5,2,76,True,True,True,20.0,1111,,a47be7464659f75e69ef6f7165a7b057a0fd433ed180af76723f9bb5e1576a82
SA-real-51200,S5,2,77,True,True,True,20.0,1111,,a47be7464659f75e69ef6f7165a7b057a0fd433ed180af76723f9bb5e1576a82
SA-real-51200,S5,2,78,True,True,True,20.0,1111,,a47be7464659f75e69ef6f7165a7b057a0fd433ed180af76723f9bb5e1576a82
SA-real-51200,S5,2,79,True,True,True,20.0,1111,,a47be7464659f75e69ef6f7165a7b057a0fd433ed180af76723f9bb5e1576a82
SA-real-51200,S5,2,80,True,True,True,20.0,1111,,a47be7464659f75e69ef6f7165a7b057a0fd433ed180af76723f9bb5e1576a82
SA-real-51200,S5,2,81,True,True,True,20.0,1111,,a47be7464659f75e69ef6f7165a7b057a0fd433ed180af76723f9bb5e1576a82
SA-real-51200,S5,2,82,True,True,True,20.0,1111,,a47be7464659f75e69ef6f7165a7b057a0fd433ed180af76723f9bb5e1576a82
SA-real-51200,S5,2,83,True,True,True,20.0,1111,,a47be7464659f75e69ef6f7165a7b057a0fd433ed180af76723f9bb5e1576a82
SA-real-51200,S5,2,84,True,True,True,20.0,1111,,a47be7464659f75e69ef6f7165a7b057a0fd433ed180af76723f9bb5e1576a82
SA-real-51200,S5,2,85,True,True,True,20.0,1111,,a47be7464659f75e69ef6f7165a7b057a0fd433ed180af76723f9bb5e1576a82
SA-real-51200,S5,2,86,True,True,True,20.0,1111,,a47be7464659f75e69ef6f7165a7b057a0fd433ed180af76723f9bb5e1576a82
SA-real-51200,S5,2,87,True,True,True,20.0,1111,,a47be7464659f75e69ef6f7165a7b057a0fd433ed180af76723f9bb5e1576a82
SA-real-51200,S5,2,88,True,True,True,20.0,1111,,a47be7464659f75e69ef6f7165a7b057a0fd433ed180af76723f9bb5e1576a82
SA-real-51200,S5,2,89,True,True,True,20.0,1111,,a47be7464659f75e69ef6f7165a7b057a0fd433ed180af76723f9bb5e1576a82
SA-real-51200,S5,2,90,True,True,True,20.0,1111,,a47be7464659f75e69ef6f7165a7b057a0fd433ed180af76723f9bb5e1576a82
SA-real-51200,S5,2,91,True,True,True,20.0,1111,,a47be7464659f75e69ef6f7165a7b057a0fd433ed180af76723f9bb5e1576a82
SA-real-51200,S5,2,92,True,True,True,20.0,1111,,a47be7464659f75e69ef6f7165a7b057a0fd433ed180af76723f9bb5e1576a82
SA-real-51200,S5,2,93,True,True,True,20.0,1111,,a47be7464659f75e69ef6f7165a7b057a0fd433ed180af76723f9bb5e1576a82
SA-real-51200,S5,2,94,True,True,True,20.0,1111,,a47be7464659f75e69ef6f7165a7b057a0fd433ed180af76723f9bb5e1576a82
SA-real-51200,S5,2,95,True,True,True,20.0,1111,,a47be7464659f75e69ef6f7165a7b057a0fd433ed180af76723f9bb5e1576a82
SA-real-51200,S5,2,96,True,True,True,20.0,1111,,a47be7464659f75e69ef6f7165a7b057a0fd433ed180af76723f9bb5e1576a82
SA-real-51200,S5,2,97,False,True,True,20.0,0111,,a47be7464659f75e69ef6f7165a7b057a0fd433ed180af76723f9bb5e1576a82
SA-real-51200,S5,2,98,True,True,True,20.0,1111,,a47be7464659f75e69ef6f7165a7b057a0fd433ed180af76723f9bb5e1576a82
SA-real-51200,S5,2,99,True,True,True,20.0,1111,,a47be7464659f75e69ef6f7165a7b057a0fd433ed180af76723f9bb5e1576a82
SA-real-51200,S5,2,100,True,True,True,20.0,1111,,a47be7464659f75e69ef6f7165a7b057a0fd433ed180af76723f9bb5e1576a82
SA-real-51200,S5,2,101,True,True,True,20.0,1111,,a47be7464659f75e69ef6f7165a7b057a0fd433ed180af76723f9bb5e1576a82
SA-real-51200,S5,2,102,True,True,True,20.0,1111,,a47be7464659f75e69ef6f7165a7b057a0fd433ed180af76723f9bb5e1576a82
SA-real-51200,S5,2,103,True,True,True,20.0,1111,,a47be7464659f75e69ef6f7165a7b057a0fd433ed180af76723f9bb5e1576a82
SA-real-51200,S5,2,104,True,True,True,20.0,1111,,a47be7464659f75e69ef6f7165a7b057a0fd433ed180af76723f9bb5e1576a82
SA-real-51200,S5,2,105,True,True,True,20.0,1111,,a47be7464659f75e69ef6f7165a7b057a0fd433ed180af76723f9bb5e1576a82
SA-real-51200,S5,2,106,True,True,True,20.0,1111,,a47be7464659f75e69ef6f7165a7b057a0fd433ed180af76723f9bb5e1576a82
SA-real-51200,S5,2,107,True,True,True,20.0,1111,,a47be7464659f75e69ef6f7165a7b057a0fd433ed180af76723f9bb5e1576a82
SA-real-51200,S5,2,108,True,True,True,20.0,1111,,a47be7464659f75e69ef6f7165a7b057a0fd433ed180af76723f9bb5e1576a82
SA-real-51200,S5,2,109,True,True,True,20.0,1111,,a47be7464659f75e69ef6f7165a7b057a0fd433ed180af76723f9bb5e1576a82
SA-real-51200,S5,2,110,True,True,True,20.0,1111,,a47be7464659f75e69ef6f7165a7b057a0fd433ed180af76723f9bb5e1576a82
SA-real-51200,S5,2,111,True,True,True,20.0,1111,,a47be7464659f75e69ef6f7165a7b057a0fd433ed180af76723f9bb5e1576a82
SA-real-51200,S5,2,112,True,True,True,20.0,1111,,a47be7464659f75e69ef6f7165a7b057a0fd433ed180af76723f9bb5e1576a82
SA-real-51200,S5,2,113,True,True,True,20.0,1111,,a47be7464659f75e69ef6f7165a7b057a0fd433ed180af76723f9bb5e1576a82
SA-real-51200,S5,2,114,True,True,True,20.0,1111,,a47be7464659f75e69ef6f7165a7b057a0fd433ed180af76723f9bb5e1576a82
SA-real-51200,S5,2,115,True,True,True,20.0,1111,,a47be7464659f75e69ef6f7165a7b057a0fd433ed180af76723f9bb5e1576a82
SA-real-51200,S5,2,116,True,True,True,20.0,1111,,a47be7464659f75e69ef6f7165a7b057a0fd433ed180af76723f9bb5e1576a82
SA-real-51200,S5,2,117,True,True,True,20.0,1111,,a47be7464659f75e69ef6f7165a7b057a0fd433ed180af76723f9bb5e1576a82
SA-real-51200,S5,2,118,True,True,True,20.0,1111,,a47be7464659f75e69ef6f7165a7b057a0fd433ed180af76723f9bb5e1576a82
SA-real-51200,S5,2,119,True,True,True,20.0,1111,,a47be7464659f75e69ef6f7165a7b057a0fd433ed180af76723f9bb5e1576a82
SA-real-51200,S5,2,120,True,True,True,20.0,1111,,a47be7464659f75e69ef6f7165a7b057a0fd433ed180af76723f9bb5e1576a82
SA-real-51200,S5,2,121,True,True,True,20.0,1111,,a47be7464659f75e69ef6f7165a7b057a0fd433ed180af76723f9bb5e1576a82
SA-real-51200,S5,2,122,True,True,True,20.0,1111,,a47be7464659f75e69ef6f7165a7b057a0fd433ed180af76723f9bb5e1576a82
SA-real-51200,S5,2,123,True,True,True,20.0,1111,,a47be7464659f75e69ef6f7165a7b057a0fd433ed180af76723f9bb5e1576a82
SA-real-51200,S5,2,124,True,True,True,20.0,1111,,a47be7464659f75e69ef6f7165a7b057a0fd433ed180af76723f9bb5e1576a82
SA-real-51200,S5,2,125,True,True,True,20.0,1111,,a47be7464659f75e69ef6f7165a7b057a0fd433ed180af76723f9bb5e1576a82
SA-real-51200,S5,2,126,True,True,True,20.0,1111,,a47be7464659f75e69ef6f7165a7b057a0fd433ed180af76723f9bb5e1576a82
SA-real-51200,S5,2,127,True,True,True,20.0,1111,,a47be7464659f75e69ef6f7165a7b057a0fd433ed180af76723f9bb5e1576a82
SA-real-51200,S5,3,0,True,True,True,20.0,1111,,a47be7464659f75e69ef6f7165a7b057a0fd433ed180af76723f9bb5e1576a82
SA-real-51200,S5,3,1,True,True,True,20.0,1111,,a47be7464659f75e69ef6f7165a7b057a0fd433ed180af76723f9bb5e1576a82
SA-real-51200,S5,3,2,True,True,True,20.0,1111,,a47be7464659f75e69ef6f7165a7b057a0fd433ed180af76723f9bb5e1576a82
SA-real-51200,S5,3,3,False,True,True,20.0,1101,,a47be7464659f75e69ef6f7165a7b057a0fd433ed180af76723f9bb5e1576a82
SA-real-51200,S5,3,4,True,True,True,20.0,1111,,a47be7464659f75e69ef6f7165a7b057a0fd433ed180af76723f9bb5e1576a82
SA-real-51200,S5,3,5,False,True,True,20.0,0111,,a47be7464659f75e69ef6f7165a7b057a0fd433ed180af76723f9bb5e1576a82
SA-real-51200,S5,3,6,True,True,True,20.0,1111,,a47be7464659f75e69ef6f7165a7b057a0fd433ed180af76723f9bb5e1576a82
SA-real-51200,S5,3,7,True,True,True,20.0,1111,,a47be7464659f75e69ef6f7165a7b057a0fd433ed180af76723f9bb5e1576a82
SA-real-51200,S5,3,8,True,True,True,20.0,1111,,a47be7464659f75e69ef6f7165a7b057a0fd433ed180af76723f9bb5e1576a82
SA-real-51200,S5,3,9,True,True,True,20.0,1111,,a47be7464659f75e69ef6f7165a7b057a0fd433ed180af76723f9bb5e1576a82
SA-real-51200,S5,3,10,True,True,True,20.0,1111,,a47be7464659f75e69ef6f7165a7b057a0fd433ed180af76723f9bb5e1576a82
SA-real-51200,S5,3,11,True,True,True,20.0,1111,,a47be7464659f75e69ef6f7165a7b057a0fd433ed180af76723f9bb5e1576a82
SA-real-51200,S5,3,12,False,True,True,20.0,0101,,a47be7464659f75e69ef6f7165a7b057a0fd433ed180af76723f9bb5e1576a82
SA-real-51200,S5,3,13,True,True,True,20.0,1111,,a47be7464659f75e69ef6f7165a7b057a0fd433ed180af76723f9bb5e1576a82
SA-real-51200,S5,3,14,True,True,True,20.0,1111,,a47be7464659f75e69ef6f7165a7b057a0fd433ed180af76723f9bb5e1576a82
SA-real-51200,S5,3,15,True,True,True,20.0,1111,,a47be7464659f75e69ef6f7165a7b057a0fd433ed180af76723f9bb5e1576a82
SA-real-51200,S5,3,16,True,True,True,20.0,1111,,a47be7464659f75e69ef6f7165a7b057a0fd433ed180af76723f9bb5e1576a82
SA-real-51200,S5,3,17,True,True,True,20.0,1111,,a47be7464659f75e69ef6f7165a7b057a0fd433ed180af76723f9bb5e1576a82
SA-real-51200,S5,3,18,True,True,True,20.0,1111,,a47be7464659f75e69ef6f7165a7b057a0fd433ed180af76723f9bb5e1576a82
SA-real-51200,S5,3,19,False,True,True,20.0,0101,,a47be7464659f75e69ef6f7165a7b057a0fd433ed180af76723f9bb5e1576a82
SA-real-51200,S5,3,20,True,True,True,20.0,1111,,a47be7464659f75e69ef6f7165a7b057a0fd433ed180af76723f9bb5e1576a82
SA-real-51200,S5,3,21,True,True,True,20.0,1111,,a47be7464659f75e69ef6f7165a7b057a0fd433ed180af76723f9bb5e1576a82
SA-real-51200,S5,3,22,False,True,True,20.0,0111,,a47be7464659f75e69ef6f7165a7b057a0fd433ed180af76723f9bb5e1576a82
SA-real-51200,S5,3,23,False,True,True,20.0,1101,,a47be7464659f75e69ef6f7165a7b057a0fd433ed180af76723f9bb5e1576a82
SA-real-51200,S5,3,24,False,True,True,20.0,0101,,a47be7464659f75e69ef6f7165a7b057a0fd433ed180af76723f9bb5e1576a82
SA-real-51200,S5,3,25,True,True,True,20.0,1111,,a47be7464659f75e69ef6f7165a7b057a0fd433ed180af76723f9bb5e1576a82
SA-real-51200,S5,3,26,False,False,False,0.4,0000,,a47be7464659f75e69ef6f7165a7b057a0fd433ed180af76723f9bb5e1576a82
SA-real-51200,S5,3,27,True,True,True,20.0,1111,,a47be7464659f75e69ef6f7165a7b057a0fd433ed180af76723f9bb5e1576a82
SA-real-51200,S5,3,28,True,True,True,20.0,1111,,a47be7464659f75e69ef6f7165a7b057a0fd433ed180af76723f9bb5e1576a82
SA-real-51200,S5,3,29,True,True,True,20.0,1111,,a47be7464659f75e69ef6f7165a7b057a0fd433ed180af76723f9bb5e1576a82
SA-real-51200,S5,3,30,False,True,True,20.0,0111,,a47be7464659f75e69ef6f7165a7b057a0fd433ed180af76723f9bb5e1576a82
SA-real-51200,S5,3,31,True,True,True,20.0,1111,,a47be7464659f75e69ef6f7165a7b057a0fd433ed180af76723f9bb5e1576a82
SA-real-51200,S5,3,32,True,True,True,20.0,1111,,a47be7464659f75e69ef6f7165a7b057a0fd433ed180af76723f9bb5e1576a82
SA-real-51200,S5,3,33,True,True,True,20.0,1111,,a47be7464659f75e69ef6f7165a7b057a0fd433ed180af76723f9bb5e1576a82
SA-real-51200,S5,3,34,True,True,True,20.0,1111,,a47be7464659f75e69ef6f7165a7b057a0fd433ed180af76723f9bb5e1576a82
SA-real-51200,S5,3,35,True,True,True,20.0,1111,,a47be7464659f75e69ef6f7165a7b057a0fd433ed180af76723f9bb5e1576a82
SA-real-51200,S5,3,36,True,True,True,20.0,1111,,a47be7464659f75e69ef6f7165a7b057a0fd433ed180af76723f9bb5e1576a82
SA-real-51200,S5,3,37,True,True,True,20.0,1111,,a47be7464659f75e69ef6f7165a7b057a0fd433ed180af76723f9bb5e1576a82
SA-real-51200,S5,3,38,False,True,True,20.0,1101,,a47be7464659f75e69ef6f7165a7b057a0fd433ed180af76723f9bb5e1576a82
SA-real-51200,S5,3,39,True,True,True,20.0,1111,,a47be7464659f75e69ef6f7165a7b057a0fd433ed180af76723f9bb5e1576a82
SA-real-51200,S5,3,40,False,False,False,6.533333333333333,0100,,a47be7464659f75e69ef6f7165a7b057a0fd433ed180af76723f9bb5e1576a82
SA-real-51200,S5,3,41,True,True,True,20.0,1111,,a47be7464659f75e69ef6f7165a7b057a0fd433ed180af76723f9bb5e1576a82
SA-real-51200,S5,3,42,True,True,True,20.0,1111,,a47be7464659f75e69ef6f7165a7b057a0fd433ed180af76723f9bb5e1576a82
SA-real-51200,S5,3,43,True,True,True,20.0,1111,,a47be7464659f75e69ef6f7165a7b057a0fd433ed180af76723f9bb5e1576a82
SA-real-51200,S5,3,44,True,True,True,20.0,1111,,a47be7464659f75e69ef6f7165a7b057a0fd433ed180af76723f9bb5e1576a82
SA-real-51200,S5,3,45,True,True,True,20.0,1111,,a47be7464659f75e69ef6f7165a7b057a0fd433ed180af76723f9bb5e1576a82
SA-real-51200,S5,3,46,True,True,True,20.0,1111,,a47be7464659f75e69ef6f7165a7b057a0fd433ed180af76723f9bb5e1576a82
SA-real-51200,S5,3,47,True,True,True,20.0,1111,,a47be7464659f75e69ef6f7165a7b057a0fd433ed180af76723f9bb5e1576a82
SA-real-51200,S5,3,48,False,True,True,20.0,1101,,a47be7464659f75e69ef6f7165a7b057a0fd433ed180af76723f9bb5e1576a82
SA-real-51200,S5,3,49,True,True,True,20.0,1111,,a47be7464659f75e69ef6f7165a7b057a0fd433ed180af76723f9bb5e1576a82
SA-real-51200,S5,3,50,False,True,True,20.0,1101,,a47be7464659f75e69ef6f7165a7b057a0fd433ed180af76723f9bb5e1576a82
SA-real-51200,S5,3,51,True,True,True,20.0,1111,,a47be7464659f75e69ef6f7165a7b057a0fd433ed180af76723f9bb5e1576a82
SA-real-51200,S5,3,52,False,True,True,20.0,0101,,a47be7464659f75e69ef6f7165a7b057a0fd433ed180af76723f9bb5e1576a82
SA-real-51200,S5,3,53,True,True,True,20.0,1111,,a47be7464659f75e69ef6f7165a7b057a0fd433ed180af76723f9bb5e1576a82
SA-real-51200,S5,3,54,True,True,True,20.0,1111,,a47be7464659f75e69ef6f7165a7b057a0fd433ed180af76723f9bb5e1576a82
SA-real-51200,S5,3,55,True,True,True,20.0,1111,,a47be7464659f75e69ef6f7165a7b057a0fd433ed180af76723f9bb5e1576a82
SA-real-51200,S5,3,56,True,True,True,20.0,1111,,a47be7464659f75e69ef6f7165a7b057a0fd433ed180af76723f9bb5e1576a82
SA-real-51200,S5,3,57,False,True,True,20.0,0101,,a47be7464659f75e69ef6f7165a7b057a0fd433ed180af76723f9bb5e1576a82
SA-real-51200,S5,3,58,True,True,True,20.0,1111,,a47be7464659f75e69ef6f7165a7b057a0fd433ed180af76723f9bb5e1576a82
SA-real-51200,S5,3,59,True,True,True,20.0,1111,,a47be7464659f75e69ef6f7165a7b057a0fd433ed180af76723f9bb5e1576a82
SA-real-51200,S5,3,60,True,True,True,20.0,1111,,a47be7464659f75e69ef6f7165a7b057a0fd433ed180af76723f9bb5e1576a82
SA-real-51200,S5,3,61,True,True,True,20.0,1111,,a47be7464659f75e69ef6f7165a7b057a0fd433ed180af76723f9bb5e1576a82
SA-real-51200,S5,3,62,True,True,True,20.0,1111,,a47be7464659f75e69ef6f7165a7b057a0fd433ed180af76723f9bb5e1576a82
SA-real-51200,S5,3,63,True,True,True,20.0,1111,,a47be7464659f75e69ef6f7165a7b057a0fd433ed180af76723f9bb5e1576a82
SA-real-51200,S5,3,64,True,True,True,20.0,1111,,a47be7464659f75e69ef6f7165a7b057a0fd433ed180af76723f9bb5e1576a82
SA-real-51200,S5,3,65,True,True,True,20.0,1111,,a47be7464659f75e69ef6f7165a7b057a0fd433ed180af76723f9bb5e1576a82
SA-real-51200,S5,3,66,False,True,True,20.0,1101,,a47be7464659f75e69ef6f7165a7b057a0fd433ed180af76723f9bb5e1576a82
SA-real-51200,S5,3,67,True,True,True,20.0,1111,,a47be7464659f75e69ef6f7165a7b057a0fd433ed180af76723f9bb5e1576a82
SA-real-51200,S5,3,68,True,True,True,20.0,1111,,a47be7464659f75e69ef6f7165a7b057a0fd433ed180af76723f9bb5e1576a82
SA-real-51200,S5,3,69,True,True,True,20.0,1111,,a47be7464659f75e69ef6f7165a7b057a0fd433ed180af76723f9bb5e1576a82
SA-real-51200,S5,3,70,True,True,True,20.0,1111,,a47be7464659f75e69ef6f7165a7b057a0fd433ed180af76723f9bb5e1576a82
SA-real-51200,S5,3,71,True,True,True,20.0,1111,,a47be7464659f75e69ef6f7165a7b057a0fd433ed180af76723f9bb5e1576a82
SA-real-51200,S5,3,72,True,True,True,20.0,1111,,a47be7464659f75e69ef6f7165a7b057a0fd433ed180af76723f9bb5e1576a82
SA-real-51200,S5,3,73,True,True,True,20.0,1111,,a47be7464659f75e69ef6f7165a7b057a0fd433ed180af76723f9bb5e1576a82
SA-real-51200,S5,3,74,True,True,True,20.0,1111,,a47be7464659f75e69ef6f7165a7b057a0fd433ed180af76723f9bb5e1576a82
SA-real-51200,S5,3,75,False,True,True,20.0,1101,,a47be7464659f75e69ef6f7165a7b057a0fd433ed180af76723f9bb5e1576a82
SA-real-51200,S5,3,76,True,True,True,20.0,1111,,a47be7464659f75e69ef6f7165a7b057a0fd433ed180af76723f9bb5e1576a82
SA-real-51200,S5,3,77,True,True,True,20.0,1111,,a47be7464659f75e69ef6f7165a7b057a0fd433ed180af76723f9bb5e1576a82
SA-real-51200,S5,3,78,True,True,True,20.0,1111,,a47be7464659f75e69ef6f7165a7b057a0fd433ed180af76723f9bb5e1576a82
SA-real-51200,S5,3,79,False,True,True,20.0,1101,,a47be7464659f75e69ef6f7165a7b057a0fd433ed180af76723f9bb5e1576a82
SA-real-51200,S5,3,80,True,True,True,20.0,1111,,a47be7464659f75e69ef6f7165a7b057a0fd433ed180af76723f9bb5e1576a82
SA-real-51200,S5,3,81,False,True,True,20.0,0111,,a47be7464659f75e69ef6f7165a7b057a0fd433ed180af76723f9bb5e1576a82
SA-real-51200,S5,3,82,True,True,True,20.0,1111,,a47be7464659f75e69ef6f7165a7b057a0fd433ed180af76723f9bb5e1576a82
SA-real-51200,S5,3,83,False,True,True,20.0,1101,,a47be7464659f75e69ef6f7165a7b057a0fd433ed180af76723f9bb5e1576a82
SA-real-51200,S5,3,84,False,True,True,20.0,0111,,a47be7464659f75e69ef6f7165a7b057a0fd433ed180af76723f9bb5e1576a82
SA-real-51200,S5,3,85,True,True,True,20.0,1111,,a47be7464659f75e69ef6f7165a7b057a0fd433ed180af76723f9bb5e1576a82
SA-real-51200,S5,3,86,True,True,True,20.0,1111,,a47be7464659f75e69ef6f7165a7b057a0fd433ed180af76723f9bb5e1576a82
SA-real-51200,S5,3,87,False,False,False,5.9,0000,,a47be7464659f75e69ef6f7165a7b057a0fd433ed180af76723f9bb5e1576a82
SA-real-51200,S5,3,88,True,True,True,20.0,1111,,a47be7464659f75e69ef6f7165a7b057a0fd433ed180af76723f9bb5e1576a82
SA-real-51200,S5,3,89,True,True,True,20.0,1111,,a47be7464659f75e69ef6f7165a7b057a0fd433ed180af76723f9bb5e1576a82
SA-real-51200,S5,3,90,True,True,True,20.0,1111,,a47be7464659f75e69ef6f7165a7b057a0fd433ed180af76723f9bb5e1576a82
SA-real-51200,S5,3,91,False,True,True,20.0,0111,,a47be7464659f75e69ef6f7165a7b057a0fd433ed180af76723f9bb5e1576a82
SA-real-51200,S5,3,92,True,True,True,20.0,1111,,a47be7464659f75e69ef6f7165a7b057a0fd433ed180af76723f9bb5e1576a82
SA-real-51200,S5,3,93,True,True,True,20.0,1111,,a47be7464659f75e69ef6f7165a7b057a0fd433ed180af76723f9bb5e1576a82
SA-real-51200,S5,3,94,False,True,True,20.0,0111,,a47be7464659f75e69ef6f7165a7b057a0fd433ed180af76723f9bb5e1576a82
SA-real-51200,S5,3,95,True,True,True,20.0,1111,,a47be7464659f75e69ef6f7165a7b057a0fd433ed180af76723f9bb5e1576a82
SA-real-51200,S5,3,96,False,True,True,20.0,0101,,a47be7464659f75e69ef6f7165a7b057a0fd433ed180af76723f9bb5e1576a82
SA-real-51200,S5,3,97,True,True,True,20.0,1111,,a47be7464659f75e69ef6f7165a7b057a0fd433ed180af76723f9bb5e1576a82
SA-real-51200,S5,3,98,True,True,True,20.0,1111,,a47be7464659f75e69ef6f7165a7b057a0fd433ed180af76723f9bb5e1576a82
SA-real-51200,S5,3,99,True,True,True,20.0,1111,,a47be7464659f75e69ef6f7165a7b057a0fd433ed180af76723f9bb5e1576a82
SA-real-51200,S5,3,100,True,True,True,20.0,1111,,a47be7464659f75e69ef6f7165a7b057a0fd433ed180af76723f9bb5e1576a82
SA-real-51200,S5,3,101,True,True,True,20.0,1111,,a47be7464659f75e69ef6f7165a7b057a0fd433ed180af76723f9bb5e1576a82
SA-real-51200,S5,3,102,True,True,True,20.0,1111,,a47be7464659f75e69ef6f7165a7b057a0fd433ed180af76723f9bb5e1576a82
SA-real-51200,S5,3,103,True,True,True,20.0,1111,,a47be7464659f75e69ef6f7165a7b057a0fd433ed180af76723f9bb5e1576a82
SA-real-51200,S5,3,104,True,True,True,20.0,1111,,a47be7464659f75e69ef6f7165a7b057a0fd433ed180af76723f9bb5e1576a82
SA-real-51200,S5,3,105,False,True,True,20.0,0111,,a47be7464659f75e69ef6f7165a7b057a0fd433ed180af76723f9bb5e1576a82
SA-real-51200,S5,3,106,True,True,True,20.0,1111,,a47be7464659f75e69ef6f7165a7b057a0fd433ed180af76723f9bb5e1576a82
SA-real-51200,S5,3,107,True,True,True,20.0,1111,,a47be7464659f75e69ef6f7165a7b057a0fd433ed180af76723f9bb5e1576a82
SA-real-51200,S5,3,108,False,True,True,20.0,0101,,a47be7464659f75e69ef6f7165a7b057a0fd433ed180af76723f9bb5e1576a82
SA-real-51200,S5,3,109,True,True,True,20.0,1111,,a47be7464659f75e69ef6f7165a7b057a0fd433ed180af76723f9bb5e1576a82
SA-real-51200,S5,3,110,True,True,True,20.0,1111,,a47be7464659f75e69ef6f7165a7b057a0fd433ed180af76723f9bb5e1576a82
SA-real-51200,S5,3,111,True,True,True,20.0,1111,,a47be7464659f75e69ef6f7165a7b057a0fd433ed180af76723f9bb5e1576a82
SA-real-51200,S5,3,112,False,True,True,20.0,0101,,a47be7464659f75e69ef6f7165a7b057a0fd433ed180af76723f9bb5e1576a82
SA-real-51200,S5,3,113,True,True,True,20.0,1111,,a47be7464659f75e69ef6f7165a7b057a0fd433ed180af76723f9bb5e1576a82
SA-real-51200,S5,3,114,True,True,True,20.0,1111,,a47be7464659f75e69ef6f7165a7b057a0fd433ed180af76723f9bb5e1576a82
SA-real-51200,S5,3,115,True,True,True,20.0,1111,,a47be7464659f75e69ef6f7165a7b057a0fd433ed180af76723f9bb5e1576a82
SA-real-51200,S5,3,116,False,False,False,0.0,0000,,a47be7464659f75e69ef6f7165a7b057a0fd433ed180af76723f9bb5e1576a82
SA-real-51200,S5,3,117,False,True,True,20.0,0101,,a47be7464659f75e69ef6f7165a7b057a0fd433ed180af76723f9bb5e1576a82
SA-real-51200,S5,3,118,True,True,True,20.0,1111,,a47be7464659f75e69ef6f7165a7b057a0fd433ed180af76723f9bb5e1576a82
SA-real-51200,S5,3,119,True,True,True,20.0,1111,,a47be7464659f75e69ef6f7165a7b057a0fd433ed180af76723f9bb5e1576a82
SA-real-51200,S5,3,120,True,True,True,20.0,1111,,a47be7464659f75e69ef6f7165a7b057a0fd433ed180af76723f9bb5e1576a82
SA-real-51200,S5,3,121,True,True,True,20.0,1111,,a47be7464659f75e69ef6f7165a7b057a0fd433ed180af76723f9bb5e1576a82
SA-real-51200,S5,3,122,True,True,True,20.0,1111,,a47be7464659f75e69ef6f7165a7b057a0fd433ed180af76723f9bb5e1576a82
SA-real-51200,S5,3,123,True,True,True,20.0,1111,,a47be7464659f75e69ef6f7165a7b057a0fd433ed180af76723f9bb5e1576a82
SA-real-51200,S5,3,124,False,True,True,20.0,0101,,a47be7464659f75e69ef6f7165a7b057a0fd433ed180af76723f9bb5e1576a82
SA-real-51200,S5,3,125,True,True,True,20.0,1111,,a47be7464659f75e69ef6f7165a7b057a0fd433ed180af76723f9bb5e1576a82
SA-real-51200,S5,3,126,True,True,True,20.0,1111,,a47be7464659f75e69ef6f7165a7b057a0fd433ed180af76723f9bb5e1576a82
SA-real-51200,S5,3,127,True,True,True,20.0,1111,,a47be7464659f75e69ef6f7165a7b057a0fd433ed180af76723f9bb5e1576a82
SA-real-51200,F,0,0,True,True,True,40.0,,10,a47be7464659f75e69ef6f7165a7b057a0fd433ed180af76723f9bb5e1576a82
SA-real-51200,F,0,1,True,True,True,40.0,,10,a47be7464659f75e69ef6f7165a7b057a0fd433ed180af76723f9bb5e1576a82
SA-real-51200,F,0,2,True,True,True,40.0,,10,a47be7464659f75e69ef6f7165a7b057a0fd433ed180af76723f9bb5e1576a82
SA-real-51200,F,0,3,True,True,True,40.0,,10,a47be7464659f75e69ef6f7165a7b057a0fd433ed180af76723f9bb5e1576a82
SA-real-51200,F,0,4,True,True,True,40.0,,10,a47be7464659f75e69ef6f7165a7b057a0fd433ed180af76723f9bb5e1576a82
SA-real-51200,F,0,5,True,True,True,40.0,,10,a47be7464659f75e69ef6f7165a7b057a0fd433ed180af76723f9bb5e1576a82
SA-real-51200,F,0,6,True,True,True,40.0,,10,a47be7464659f75e69ef6f7165a7b057a0fd433ed180af76723f9bb5e1576a82
SA-real-51200,F,0,7,True,True,True,40.0,,10,a47be7464659f75e69ef6f7165a7b057a0fd433ed180af76723f9bb5e1576a82
SA-real-51200,F,0,8,True,True,True,40.0,,10,a47be7464659f75e69ef6f7165a7b057a0fd433ed180af76723f9bb5e1576a82
SA-real-51200,F,0,9,True,False,True,33.166666666666664,,9,a47be7464659f75e69ef6f7165a7b057a0fd433ed180af76723f9bb5e1576a82
SA-real-51200,F,0,10,True,True,True,40.0,,10,a47be7464659f75e69ef6f7165a7b057a0fd433ed180af76723f9bb5e1576a82
SA-real-51200,F,0,11,True,True,True,40.0,,10,a47be7464659f75e69ef6f7165a7b057a0fd433ed180af76723f9bb5e1576a82
SA-real-51200,F,0,12,True,True,True,40.0,,10,a47be7464659f75e69ef6f7165a7b057a0fd433ed180af76723f9bb5e1576a82
SA-real-51200,F,0,13,True,True,True,40.0,,10,a47be7464659f75e69ef6f7165a7b057a0fd433ed180af76723f9bb5e1576a82
SA-real-51200,F,0,14,True,True,True,40.0,,10,a47be7464659f75e69ef6f7165a7b057a0fd433ed180af76723f9bb5e1576a82
SA-real-51200,F,0,15,True,True,True,40.0,,10,a47be7464659f75e69ef6f7165a7b057a0fd433ed180af76723f9bb5e1576a82
SA-real-51200,F,0,16,True,True,True,40.0,,10,a47be7464659f75e69ef6f7165a7b057a0fd433ed180af76723f9bb5e1576a82
SA-real-51200,F,0,17,True,True,True,40.0,,10,a47be7464659f75e69ef6f7165a7b057a0fd433ed180af76723f9bb5e1576a82
SA-real-51200,F,0,18,True,True,True,40.0,,10,a47be7464659f75e69ef6f7165a7b057a0fd433ed180af76723f9bb5e1576a82
SA-real-51200,F,0,19,True,True,True,40.0,,10,a47be7464659f75e69ef6f7165a7b057a0fd433ed180af76723f9bb5e1576a82
SA-real-51200,F,0,20,True,True,True,40.0,,10,a47be7464659f75e69ef6f7165a7b057a0fd433ed180af76723f9bb5e1576a82
SA-real-51200,F,0,21,True,True,True,40.0,,10,a47be7464659f75e69ef6f7165a7b057a0fd433ed180af76723f9bb5e1576a82
SA-real-51200,F,0,22,True,True,True,40.0,,10,a47be7464659f75e69ef6f7165a7b057a0fd433ed180af76723f9bb5e1576a82
SA-real-51200,F,0,23,True,True,True,40.0,,10,a47be7464659f75e69ef6f7165a7b057a0fd433ed180af76723f9bb5e1576a82
SA-real-51200,F,0,24,True,True,True,40.0,,10,a47be7464659f75e69ef6f7165a7b057a0fd433ed180af76723f9bb5e1576a82
SA-real-51200,F,0,25,True,True,True,40.0,,10,a47be7464659f75e69ef6f7165a7b057a0fd433ed180af76723f9bb5e1576a82
SA-real-51200,F,0,26,True,True,True,40.0,,10,a47be7464659f75e69ef6f7165a7b057a0fd433ed180af76723f9bb5e1576a82
SA-real-51200,F,0,27,True,True,True,40.0,,10,a47be7464659f75e69ef6f7165a7b057a0fd433ed180af76723f9bb5e1576a82
SA-real-51200,F,0,28,True,True,True,40.0,,10,a47be7464659f75e69ef6f7165a7b057a0fd433ed180af76723f9bb5e1576a82
SA-real-51200,F,0,29,True,True,True,40.0,,10,a47be7464659f75e69ef6f7165a7b057a0fd433ed180af76723f9bb5e1576a82
SA-real-51200,F,0,30,True,True,True,40.0,,10,a47be7464659f75e69ef6f7165a7b057a0fd433ed180af76723f9bb5e1576a82
SA-real-51200,F,0,31,True,True,True,40.0,,10,a47be7464659f75e69ef6f7165a7b057a0fd433ed180af76723f9bb5e1576a82
SA-real-51200,F,0,32,True,True,True,40.0,,10,a47be7464659f75e69ef6f7165a7b057a0fd433ed180af76723f9bb5e1576a82
SA-real-51200,F,0,33,True,True,True,40.0,,10,a47be7464659f75e69ef6f7165a7b057a0fd433ed180af76723f9bb5e1576a82
SA-real-51200,F,0,34,True,True,True,40.0,,10,a47be7464659f75e69ef6f7165a7b057a0fd433ed180af76723f9bb5e1576a82
SA-real-51200,F,0,35,True,True,True,40.0,,10,a47be7464659f75e69ef6f7165a7b057a0fd433ed180af76723f9bb5e1576a82
SA-real-51200,F,0,36,True,True,True,40.0,,10,a47be7464659f75e69ef6f7165a7b057a0fd433ed180af76723f9bb5e1576a82
SA-real-51200,F,0,37,True,True,True,40.0,,10,a47be7464659f75e69ef6f7165a7b057a0fd433ed180af76723f9bb5e1576a82
SA-real-51200,F,0,38,True,True,True,40.0,,10,a47be7464659f75e69ef6f7165a7b057a0fd433ed180af76723f9bb5e1576a82
SA-real-51200,F,0,39,True,True,True,40.0,,10,a47be7464659f75e69ef6f7165a7b057a0fd433ed180af76723f9bb5e1576a82
SA-real-51200,F,0,40,True,True,True,40.0,,10,a47be7464659f75e69ef6f7165a7b057a0fd433ed180af76723f9bb5e1576a82
SA-real-51200,F,0,41,True,True,True,40.0,,10,a47be7464659f75e69ef6f7165a7b057a0fd433ed180af76723f9bb5e1576a82
SA-real-51200,F,0,42,True,True,True,40.0,,10,a47be7464659f75e69ef6f7165a7b057a0fd433ed180af76723f9bb5e1576a82
SA-real-51200,F,0,43,True,True,True,40.0,,10,a47be7464659f75e69ef6f7165a7b057a0fd433ed180af76723f9bb5e1576a82
SA-real-51200,F,0,44,True,True,True,40.0,,10,a47be7464659f75e69ef6f7165a7b057a0fd433ed180af76723f9bb5e1576a82
SA-real-51200,F,0,45,True,False,False,27.633333333333333,,9,a47be7464659f75e69ef6f7165a7b057a0fd433ed180af76723f9bb5e1576a82
SA-real-51200,F,0,46,True,True,True,40.0,,10,a47be7464659f75e69ef6f7165a7b057a0fd433ed180af76723f9bb5e1576a82
SA-real-51200,F,0,47,True,True,True,40.0,,10,a47be7464659f75e69ef6f7165a7b057a0fd433ed180af76723f9bb5e1576a82
SA-real-51200,F,0,48,True,True,True,40.0,,10,a47be7464659f75e69ef6f7165a7b057a0fd433ed180af76723f9bb5e1576a82
SA-real-51200,F,0,49,True,False,True,16.0,,6,a47be7464659f75e69ef6f7165a7b057a0fd433ed180af76723f9bb5e1576a82
SA-real-51200,F,0,50,True,True,True,40.0,,10,a47be7464659f75e69ef6f7165a7b057a0fd433ed180af76723f9bb5e1576a82
SA-real-51200,F,0,51,True,True,True,40.0,,10,a47be7464659f75e69ef6f7165a7b057a0fd433ed180af76723f9bb5e1576a82
SA-real-51200,F,0,52,True,True,True,40.0,,10,a47be7464659f75e69ef6f7165a7b057a0fd433ed180af76723f9bb5e1576a82
SA-real-51200,F,0,53,True,True,True,40.0,,10,a47be7464659f75e69ef6f7165a7b057a0fd433ed180af76723f9bb5e1576a82
SA-real-51200,F,0,54,True,True,True,40.0,,10,a47be7464659f75e69ef6f7165a7b057a0fd433ed180af76723f9bb5e1576a82
SA-real-51200,F,0,55,True,True,True,40.0,,10,a47be7464659f75e69ef6f7165a7b057a0fd433ed180af76723f9bb5e1576a82
SA-real-51200,F,0,56,True,True,True,40.0,,10,a47be7464659f75e69ef6f7165a7b057a0fd433ed180af76723f9bb5e1576a82
SA-real-51200,F,0,57,True,True,True,40.0,,10,a47be7464659f75e69ef6f7165a7b057a0fd433ed180af76723f9bb5e1576a82
SA-real-51200,F,0,58,True,True,True,40.0,,10,a47be7464659f75e69ef6f7165a7b057a0fd433ed180af76723f9bb5e1576a82
SA-real-51200,F,0,59,True,True,True,40.0,,10,a47be7464659f75e69ef6f7165a7b057a0fd433ed180af76723f9bb5e1576a82
SA-real-51200,F,0,60,True,True,True,40.0,,10,a47be7464659f75e69ef6f7165a7b057a0fd433ed180af76723f9bb5e1576a82
SA-real-51200,F,0,61,True,True,True,40.0,,10,a47be7464659f75e69ef6f7165a7b057a0fd433ed180af76723f9bb5e1576a82
SA-real-51200,F,0,62,True,True,True,40.0,,10,a47be7464659f75e69ef6f7165a7b057a0fd433ed180af76723f9bb5e1576a82
SA-real-51200,F,0,63,True,True,True,40.0,,10,a47be7464659f75e69ef6f7165a7b057a0fd433ed180af76723f9bb5e1576a82
SA-real-51200,F,0,64,True,True,True,40.0,,10,a47be7464659f75e69ef6f7165a7b057a0fd433ed180af76723f9bb5e1576a82
SA-real-51200,F,0,65,True,True,True,40.0,,10,a47be7464659f75e69ef6f7165a7b057a0fd433ed180af76723f9bb5e1576a82
SA-real-51200,F,0,66,True,True,True,40.0,,10,a47be7464659f75e69ef6f7165a7b057a0fd433ed180af76723f9bb5e1576a82
SA-real-51200,F,0,67,True,True,True,40.0,,10,a47be7464659f75e69ef6f7165a7b057a0fd433ed180af76723f9bb5e1576a82
SA-real-51200,F,0,68,True,True,True,40.0,,10,a47be7464659f75e69ef6f7165a7b057a0fd433ed180af76723f9bb5e1576a82
SA-real-51200,F,0,69,True,True,True,40.0,,10,a47be7464659f75e69ef6f7165a7b057a0fd433ed180af76723f9bb5e1576a82
SA-real-51200,F,0,70,True,True,True,40.0,,10,a47be7464659f75e69ef6f7165a7b057a0fd433ed180af76723f9bb5e1576a82
SA-real-51200,F,0,71,True,True,True,40.0,,10,a47be7464659f75e69ef6f7165a7b057a0fd433ed180af76723f9bb5e1576a82
SA-real-51200,F,0,72,True,True,True,40.0,,10,a47be7464659f75e69ef6f7165a7b057a0fd433ed180af76723f9bb5e1576a82
SA-real-51200,F,0,73,True,True,True,40.0,,10,a47be7464659f75e69ef6f7165a7b057a0fd433ed180af76723f9bb5e1576a82
SA-real-51200,F,0,74,True,True,True,40.0,,10,a47be7464659f75e69ef6f7165a7b057a0fd433ed180af76723f9bb5e1576a82
SA-real-51200,F,0,75,True,True,True,40.0,,10,a47be7464659f75e69ef6f7165a7b057a0fd433ed180af76723f9bb5e1576a82
SA-real-51200,F,0,76,True,True,True,40.0,,10,a47be7464659f75e69ef6f7165a7b057a0fd433ed180af76723f9bb5e1576a82
SA-real-51200,F,0,77,True,True,True,40.0,,10,a47be7464659f75e69ef6f7165a7b057a0fd433ed180af76723f9bb5e1576a82
SA-real-51200,F,0,78,True,True,True,40.0,,10,a47be7464659f75e69ef6f7165a7b057a0fd433ed180af76723f9bb5e1576a82
SA-real-51200,F,0,79,True,True,True,40.0,,10,a47be7464659f75e69ef6f7165a7b057a0fd433ed180af76723f9bb5e1576a82
SA-real-51200,F,0,80,True,True,True,40.0,,10,a47be7464659f75e69ef6f7165a7b057a0fd433ed180af76723f9bb5e1576a82
SA-real-51200,F,0,81,True,True,True,40.0,,10,a47be7464659f75e69ef6f7165a7b057a0fd433ed180af76723f9bb5e1576a82
SA-real-51200,F,0,82,True,True,True,40.0,,10,a47be7464659f75e69ef6f7165a7b057a0fd433ed180af76723f9bb5e1576a82
SA-real-51200,F,0,83,True,True,True,40.0,,10,a47be7464659f75e69ef6f7165a7b057a0fd433ed180af76723f9bb5e1576a82
SA-real-51200,F,0,84,True,True,True,40.0,,10,a47be7464659f75e69ef6f7165a7b057a0fd433ed180af76723f9bb5e1576a82
SA-real-51200,F,0,85,True,True,True,40.0,,10,a47be7464659f75e69ef6f7165a7b057a0fd433ed180af76723f9bb5e1576a82
SA-real-51200,F,0,86,True,True,True,40.0,,10,a47be7464659f75e69ef6f7165a7b057a0fd433ed180af76723f9bb5e1576a82
SA-real-51200,F,0,87,True,True,True,40.0,,10,a47be7464659f75e69ef6f7165a7b057a0fd433ed180af76723f9bb5e1576a82
SA-real-51200,F,0,88,True,True,True,40.0,,10,a47be7464659f75e69ef6f7165a7b057a0fd433ed180af76723f9bb5e1576a82
SA-real-51200,F,0,89,True,True,True,40.0,,10,a47be7464659f75e69ef6f7165a7b057a0fd433ed180af76723f9bb5e1576a82
SA-real-51200,F,0,90,True,True,True,40.0,,10,a47be7464659f75e69ef6f7165a7b057a0fd433ed180af76723f9bb5e1576a82
SA-real-51200,F,0,91,True,True,True,40.0,,10,a47be7464659f75e69ef6f7165a7b057a0fd433ed180af76723f9bb5e1576a82
SA-real-51200,F,0,92,True,True,True,40.0,,10,a47be7464659f75e69ef6f7165a7b057a0fd433ed180af76723f9bb5e1576a82
SA-real-51200,F,0,93,True,True,True,40.0,,10,a47be7464659f75e69ef6f7165a7b057a0fd433ed180af76723f9bb5e1576a82
SA-real-51200,F,0,94,True,True,True,40.0,,10,a47be7464659f75e69ef6f7165a7b057a0fd433ed180af76723f9bb5e1576a82
SA-real-51200,F,0,95,True,True,True,40.0,,10,a47be7464659f75e69ef6f7165a7b057a0fd433ed180af76723f9bb5e1576a82
SA-real-51200,F,0,96,True,True,True,40.0,,10,a47be7464659f75e69ef6f7165a7b057a0fd433ed180af76723f9bb5e1576a82
SA-real-51200,F,0,97,True,False,True,32.233333333333334,,10,a47be7464659f75e69ef6f7165a7b057a0fd433ed180af76723f9bb5e1576a82
SA-real-51200,F,0,98,True,True,True,40.0,,10,a47be7464659f75e69ef6f7165a7b057a0fd433ed180af76723f9bb5e1576a82
SA-real-51200,F,0,99,True,True,True,40.0,,10,a47be7464659f75e69ef6f7165a7b057a0fd433ed180af76723f9bb5e1576a82
SA-real-51200,F,0,100,True,True,True,40.0,,10,a47be7464659f75e69ef6f7165a7b057a0fd433ed180af76723f9bb5e1576a82
SA-real-51200,F,0,101,True,True,True,40.0,,10,a47be7464659f75e69ef6f7165a7b057a0fd433ed180af76723f9bb5e1576a82
SA-real-51200,F,0,102,True,True,True,40.0,,10,a47be7464659f75e69ef6f7165a7b057a0fd433ed180af76723f9bb5e1576a82
SA-real-51200,F,0,103,True,True,True,40.0,,10,a47be7464659f75e69ef6f7165a7b057a0fd433ed180af76723f9bb5e1576a82
SA-real-51200,F,0,104,True,True,True,40.0,,10,a47be7464659f75e69ef6f7165a7b057a0fd433ed180af76723f9bb5e1576a82
SA-real-51200,F,0,105,True,True,True,40.0,,10,a47be7464659f75e69ef6f7165a7b057a0fd433ed180af76723f9bb5e1576a82
SA-real-51200,F,0,106,True,True,True,40.0,,10,a47be7464659f75e69ef6f7165a7b057a0fd433ed180af76723f9bb5e1576a82
SA-real-51200,F,0,107,True,True,True,40.0,,10,a47be7464659f75e69ef6f7165a7b057a0fd433ed180af76723f9bb5e1576a82
SA-real-51200,F,0,108,True,True,True,40.0,,10,a47be7464659f75e69ef6f7165a7b057a0fd433ed180af76723f9bb5e1576a82
SA-real-51200,F,0,109,True,True,True,40.0,,10,a47be7464659f75e69ef6f7165a7b057a0fd433ed180af76723f9bb5e1576a82
SA-real-51200,F,0,110,True,True,True,40.0,,10,a47be7464659f75e69ef6f7165a7b057a0fd433ed180af76723f9bb5e1576a82
SA-real-51200,F,0,111,True,True,True,40.0,,10,a47be7464659f75e69ef6f7165a7b057a0fd433ed180af76723f9bb5e1576a82
SA-real-51200,F,0,112,True,True,True,40.0,,10,a47be7464659f75e69ef6f7165a7b057a0fd433ed180af76723f9bb5e1576a82
SA-real-51200,F,0,113,True,True,True,40.0,,10,a47be7464659f75e69ef6f7165a7b057a0fd433ed180af76723f9bb5e1576a82
SA-real-51200,F,0,114,True,True,True,40.0,,10,a47be7464659f75e69ef6f7165a7b057a0fd433ed180af76723f9bb5e1576a82
SA-real-51200,F,0,115,True,True,True,40.0,,10,a47be7464659f75e69ef6f7165a7b057a0fd433ed180af76723f9bb5e1576a82
SA-real-51200,F,0,116,True,True,True,40.0,,10,a47be7464659f75e69ef6f7165a7b057a0fd433ed180af76723f9bb5e1576a82
SA-real-51200,F,0,117,True,True,True,40.0,,10,a47be7464659f75e69ef6f7165a7b057a0fd433ed180af76723f9bb5e1576a82
SA-real-51200,F,0,118,True,True,True,40.0,,10,a47be7464659f75e69ef6f7165a7b057a0fd433ed180af76723f9bb5e1576a82
SA-real-51200,F,0,119,True,True,True,40.0,,10,a47be7464659f75e69ef6f7165a7b057a0fd433ed180af76723f9bb5e1576a82
SA-real-51200,F,0,120,True,True,True,40.0,,10,a47be7464659f75e69ef6f7165a7b057a0fd433ed180af76723f9bb5e1576a82
SA-real-51200,F,0,121,True,True,True,40.0,,10,a47be7464659f75e69ef6f7165a7b057a0fd433ed180af76723f9bb5e1576a82
SA-real-51200,F,0,122,True,True,True,40.0,,10,a47be7464659f75e69ef6f7165a7b057a0fd433ed180af76723f9bb5e1576a82
SA-real-51200,F,0,123,True,True,True,40.0,,10,a47be7464659f75e69ef6f7165a7b057a0fd433ed180af76723f9bb5e1576a82
SA-real-51200,F,0,124,True,True,True,40.0,,10,a47be7464659f75e69ef6f7165a7b057a0fd433ed180af76723f9bb5e1576a82
SA-real-51200,F,0,125,True,True,True,40.0,,10,a47be7464659f75e69ef6f7165a7b057a0fd433ed180af76723f9bb5e1576a82
SA-real-51200,F,0,126,True,True,True,40.0,,10,a47be7464659f75e69ef6f7165a7b057a0fd433ed180af76723f9bb5e1576a82
SA-real-51200,F,0,127,True,True,True,40.0,,10,a47be7464659f75e69ef6f7165a7b057a0fd433ed180af76723f9bb5e1576a82
SA-real-51200,F,1,0,True,True,True,40.0,,9,a47be7464659f75e69ef6f7165a7b057a0fd433ed180af76723f9bb5e1576a82
SA-real-51200,F,1,1,True,True,True,40.0,,9,a47be7464659f75e69ef6f7165a7b057a0fd433ed180af76723f9bb5e1576a82
SA-real-51200,F,1,2,True,True,True,40.0,,9,a47be7464659f75e69ef6f7165a7b057a0fd433ed180af76723f9bb5e1576a82
SA-real-51200,F,1,3,True,True,True,40.0,,9,a47be7464659f75e69ef6f7165a7b057a0fd433ed180af76723f9bb5e1576a82
SA-real-51200,F,1,4,True,True,True,40.0,,9,a47be7464659f75e69ef6f7165a7b057a0fd433ed180af76723f9bb5e1576a82
SA-real-51200,F,1,5,True,True,True,40.0,,9,a47be7464659f75e69ef6f7165a7b057a0fd433ed180af76723f9bb5e1576a82
SA-real-51200,F,1,6,True,True,True,40.0,,9,a47be7464659f75e69ef6f7165a7b057a0fd433ed180af76723f9bb5e1576a82
SA-real-51200,F,1,7,True,True,True,40.0,,9,a47be7464659f75e69ef6f7165a7b057a0fd433ed180af76723f9bb5e1576a82
SA-real-51200,F,1,8,True,True,True,40.0,,9,a47be7464659f75e69ef6f7165a7b057a0fd433ed180af76723f9bb5e1576a82
SA-real-51200,F,1,9,True,True,True,40.0,,9,a47be7464659f75e69ef6f7165a7b057a0fd433ed180af76723f9bb5e1576a82
SA-real-51200,F,1,10,True,True,True,40.0,,9,a47be7464659f75e69ef6f7165a7b057a0fd433ed180af76723f9bb5e1576a82
SA-real-51200,F,1,11,True,True,True,40.0,,9,a47be7464659f75e69ef6f7165a7b057a0fd433ed180af76723f9bb5e1576a82
SA-real-51200,F,1,12,True,True,True,40.0,,9,a47be7464659f75e69ef6f7165a7b057a0fd433ed180af76723f9bb5e1576a82
SA-real-51200,F,1,13,True,True,True,40.0,,9,a47be7464659f75e69ef6f7165a7b057a0fd433ed180af76723f9bb5e1576a82
SA-real-51200,F,1,14,True,False,True,31.1,,9,a47be7464659f75e69ef6f7165a7b057a0fd433ed180af76723f9bb5e1576a82
SA-real-51200,F,1,15,True,True,True,40.0,,9,a47be7464659f75e69ef6f7165a7b057a0fd433ed180af76723f9bb5e1576a82
SA-real-51200,F,1,16,True,True,True,40.0,,9,a47be7464659f75e69ef6f7165a7b057a0fd433ed180af76723f9bb5e1576a82
SA-real-51200,F,1,17,True,False,True,30.166666666666668,,9,a47be7464659f75e69ef6f7165a7b057a0fd433ed180af76723f9bb5e1576a82
SA-real-51200,F,1,18,True,True,True,40.0,,9,a47be7464659f75e69ef6f7165a7b057a0fd433ed180af76723f9bb5e1576a82
SA-real-51200,F,1,19,True,True,True,40.0,,9,a47be7464659f75e69ef6f7165a7b057a0fd433ed180af76723f9bb5e1576a82
SA-real-51200,F,1,20,True,True,True,40.0,,9,a47be7464659f75e69ef6f7165a7b057a0fd433ed180af76723f9bb5e1576a82
SA-real-51200,F,1,21,True,True,True,40.0,,9,a47be7464659f75e69ef6f7165a7b057a0fd433ed180af76723f9bb5e1576a82
SA-real-51200,F,1,22,True,True,True,40.0,,9,a47be7464659f75e69ef6f7165a7b057a0fd433ed180af76723f9bb5e1576a82
SA-real-51200,F,1,23,True,True,True,40.0,,9,a47be7464659f75e69ef6f7165a7b057a0fd433ed180af76723f9bb5e1576a82
SA-real-51200,F,1,24,True,True,True,40.0,,9,a47be7464659f75e69ef6f7165a7b057a0fd433ed180af76723f9bb5e1576a82
SA-real-51200,F,1,25,True,True,True,40.0,,9,a47be7464659f75e69ef6f7165a7b057a0fd433ed180af76723f9bb5e1576a82
SA-real-51200,F,1,26,True,True,True,40.0,,9,a47be7464659f75e69ef6f7165a7b057a0fd433ed180af76723f9bb5e1576a82
SA-real-51200,F,1,27,True,True,True,40.0,,9,a47be7464659f75e69ef6f7165a7b057a0fd433ed180af76723f9bb5e1576a82
SA-real-51200,F,1,28,True,True,True,40.0,,9,a47be7464659f75e69ef6f7165a7b057a0fd433ed180af76723f9bb5e1576a82
SA-real-51200,F,1,29,True,True,True,40.0,,9,a47be7464659f75e69ef6f7165a7b057a0fd433ed180af76723f9bb5e1576a82
SA-real-51200,F,1,30,True,True,True,40.0,,9,a47be7464659f75e69ef6f7165a7b057a0fd433ed180af76723f9bb5e1576a82
SA-real-51200,F,1,31,True,False,True,31.033333333333335,,9,a47be7464659f75e69ef6f7165a7b057a0fd433ed180af76723f9bb5e1576a82
SA-real-51200,F,1,32,True,True,True,40.0,,9,a47be7464659f75e69ef6f7165a7b057a0fd433ed180af76723f9bb5e1576a82
SA-real-51200,F,1,33,True,True,True,40.0,,9,a47be7464659f75e69ef6f7165a7b057a0fd433ed180af76723f9bb5e1576a82
SA-real-51200,F,1,34,True,True,True,40.0,,9,a47be7464659f75e69ef6f7165a7b057a0fd433ed180af76723f9bb5e1576a82
SA-real-51200,F,1,35,True,True,True,40.0,,9,a47be7464659f75e69ef6f7165a7b057a0fd433ed180af76723f9bb5e1576a82
SA-real-51200,F,1,36,True,True,True,40.0,,9,a47be7464659f75e69ef6f7165a7b057a0fd433ed180af76723f9bb5e1576a82
SA-real-51200,F,1,37,True,True,True,40.0,,9,a47be7464659f75e69ef6f7165a7b057a0fd433ed180af76723f9bb5e1576a82
SA-real-51200,F,1,38,True,True,True,40.0,,9,a47be7464659f75e69ef6f7165a7b057a0fd433ed180af76723f9bb5e1576a82
SA-real-51200,F,1,39,True,True,True,40.0,,9,a47be7464659f75e69ef6f7165a7b057a0fd433ed180af76723f9bb5e1576a82
SA-real-51200,F,1,40,True,True,True,40.0,,9,a47be7464659f75e69ef6f7165a7b057a0fd433ed180af76723f9bb5e1576a82
SA-real-51200,F,1,41,True,True,True,40.0,,9,a47be7464659f75e69ef6f7165a7b057a0fd433ed180af76723f9bb5e1576a82
SA-real-51200,F,1,42,True,True,True,40.0,,9,a47be7464659f75e69ef6f7165a7b057a0fd433ed180af76723f9bb5e1576a82
SA-real-51200,F,1,43,True,True,True,40.0,,9,a47be7464659f75e69ef6f7165a7b057a0fd433ed180af76723f9bb5e1576a82
SA-real-51200,F,1,44,True,True,True,40.0,,9,a47be7464659f75e69ef6f7165a7b057a0fd433ed180af76723f9bb5e1576a82
SA-real-51200,F,1,45,True,True,True,40.0,,9,a47be7464659f75e69ef6f7165a7b057a0fd433ed180af76723f9bb5e1576a82
SA-real-51200,F,1,46,True,True,True,40.0,,9,a47be7464659f75e69ef6f7165a7b057a0fd433ed180af76723f9bb5e1576a82
SA-real-51200,F,1,47,True,True,True,40.0,,10,a47be7464659f75e69ef6f7165a7b057a0fd433ed180af76723f9bb5e1576a82
SA-real-51200,F,1,48,True,False,True,26.433333333333334,,9,a47be7464659f75e69ef6f7165a7b057a0fd433ed180af76723f9bb5e1576a82
SA-real-51200,F,1,49,True,True,True,40.0,,9,a47be7464659f75e69ef6f7165a7b057a0fd433ed180af76723f9bb5e1576a82
SA-real-51200,F,1,50,True,True,True,40.0,,9,a47be7464659f75e69ef6f7165a7b057a0fd433ed180af76723f9bb5e1576a82
SA-real-51200,F,1,51,True,True,True,40.0,,9,a47be7464659f75e69ef6f7165a7b057a0fd433ed180af76723f9bb5e1576a82
SA-real-51200,F,1,52,True,True,True,40.0,,9,a47be7464659f75e69ef6f7165a7b057a0fd433ed180af76723f9bb5e1576a82
SA-real-51200,F,1,53,True,False,True,30.233333333333334,,9,a47be7464659f75e69ef6f7165a7b057a0fd433ed180af76723f9bb5e1576a82
SA-real-51200,F,1,54,True,True,True,40.0,,9,a47be7464659f75e69ef6f7165a7b057a0fd433ed180af76723f9bb5e1576a82
SA-real-51200,F,1,55,True,True,True,40.0,,9,a47be7464659f75e69ef6f7165a7b057a0fd433ed180af76723f9bb5e1576a82
SA-real-51200,F,1,56,True,False,True,18.4,,9,a47be7464659f75e69ef6f7165a7b057a0fd433ed180af76723f9bb5e1576a82
SA-real-51200,F,1,57,True,False,True,34.9,,9,a47be7464659f75e69ef6f7165a7b057a0fd433ed180af76723f9bb5e1576a82
SA-real-51200,F,1,58,True,False,True,35.43333333333333,,9,a47be7464659f75e69ef6f7165a7b057a0fd433ed180af76723f9bb5e1576a82
SA-real-51200,F,1,59,True,True,True,40.0,,9,a47be7464659f75e69ef6f7165a7b057a0fd433ed180af76723f9bb5e1576a82
SA-real-51200,F,1,60,True,True,True,40.0,,9,a47be7464659f75e69ef6f7165a7b057a0fd433ed180af76723f9bb5e1576a82
SA-real-51200,F,1,61,True,True,True,40.0,,9,a47be7464659f75e69ef6f7165a7b057a0fd433ed180af76723f9bb5e1576a82
SA-real-51200,F,1,62,True,True,True,40.0,,9,a47be7464659f75e69ef6f7165a7b057a0fd433ed180af76723f9bb5e1576a82
SA-real-51200,F,1,63,True,True,True,40.0,,9,a47be7464659f75e69ef6f7165a7b057a0fd433ed180af76723f9bb5e1576a82
SA-real-51200,F,1,64,True,True,True,40.0,,9,a47be7464659f75e69ef6f7165a7b057a0fd433ed180af76723f9bb5e1576a82
SA-real-51200,F,1,65,True,True,True,40.0,,9,a47be7464659f75e69ef6f7165a7b057a0fd433ed180af76723f9bb5e1576a82
SA-real-51200,F,1,66,True,True,True,40.0,,9,a47be7464659f75e69ef6f7165a7b057a0fd433ed180af76723f9bb5e1576a82
SA-real-51200,F,1,67,True,True,True,40.0,,9,a47be7464659f75e69ef6f7165a7b057a0fd433ed180af76723f9bb5e1576a82
SA-real-51200,F,1,68,True,True,True,40.0,,9,a47be7464659f75e69ef6f7165a7b057a0fd433ed180af76723f9bb5e1576a82
SA-real-51200,F,1,69,True,False,True,26.766666666666666,,9,a47be7464659f75e69ef6f7165a7b057a0fd433ed180af76723f9bb5e1576a82
SA-real-51200,F,1,70,True,True,True,40.0,,9,a47be7464659f75e69ef6f7165a7b057a0fd433ed180af76723f9bb5e1576a82
SA-real-51200,F,1,71,True,False,True,30.133333333333333,,9,a47be7464659f75e69ef6f7165a7b057a0fd433ed180af76723f9bb5e1576a82
SA-real-51200,F,1,72,True,True,True,40.0,,9,a47be7464659f75e69ef6f7165a7b057a0fd433ed180af76723f9bb5e1576a82
SA-real-51200,F,1,73,True,True,True,40.0,,9,a47be7464659f75e69ef6f7165a7b057a0fd433ed180af76723f9bb5e1576a82
SA-real-51200,F,1,74,True,False,True,35.266666666666666,,9,a47be7464659f75e69ef6f7165a7b057a0fd433ed180af76723f9bb5e1576a82
SA-real-51200,F,1,75,True,True,True,40.0,,9,a47be7464659f75e69ef6f7165a7b057a0fd433ed180af76723f9bb5e1576a82
SA-real-51200,F,1,76,True,True,True,40.0,,9,a47be7464659f75e69ef6f7165a7b057a0fd433ed180af76723f9bb5e1576a82
SA-real-51200,F,1,77,True,True,True,40.0,,9,a47be7464659f75e69ef6f7165a7b057a0fd433ed180af76723f9bb5e1576a82
SA-real-51200,F,1,78,True,True,True,40.0,,9,a47be7464659f75e69ef6f7165a7b057a0fd433ed180af76723f9bb5e1576a82
SA-real-51200,F,1,79,True,True,True,40.0,,9,a47be7464659f75e69ef6f7165a7b057a0fd433ed180af76723f9bb5e1576a82
SA-real-51200,F,1,80,True,True,True,40.0,,9,a47be7464659f75e69ef6f7165a7b057a0fd433ed180af76723f9bb5e1576a82
SA-real-51200,F,1,81,True,True,True,40.0,,9,a47be7464659f75e69ef6f7165a7b057a0fd433ed180af76723f9bb5e1576a82
SA-real-51200,F,1,82,True,True,True,40.0,,9,a47be7464659f75e69ef6f7165a7b057a0fd433ed180af76723f9bb5e1576a82
SA-real-51200,F,1,83,True,True,True,40.0,,9,a47be7464659f75e69ef6f7165a7b057a0fd433ed180af76723f9bb5e1576a82
SA-real-51200,F,1,84,True,True,True,40.0,,9,a47be7464659f75e69ef6f7165a7b057a0fd433ed180af76723f9bb5e1576a82
SA-real-51200,F,1,85,True,False,True,38.4,,10,a47be7464659f75e69ef6f7165a7b057a0fd433ed180af76723f9bb5e1576a82
SA-real-51200,F,1,86,True,True,True,40.0,,9,a47be7464659f75e69ef6f7165a7b057a0fd433ed180af76723f9bb5e1576a82
SA-real-51200,F,1,87,True,True,True,40.0,,9,a47be7464659f75e69ef6f7165a7b057a0fd433ed180af76723f9bb5e1576a82
SA-real-51200,F,1,88,True,False,True,26.4,,9,a47be7464659f75e69ef6f7165a7b057a0fd433ed180af76723f9bb5e1576a82
SA-real-51200,F,1,89,True,True,True,40.0,,9,a47be7464659f75e69ef6f7165a7b057a0fd433ed180af76723f9bb5e1576a82
SA-real-51200,F,1,90,True,False,True,22.6,,9,a47be7464659f75e69ef6f7165a7b057a0fd433ed180af76723f9bb5e1576a82
SA-real-51200,F,1,91,True,True,True,40.0,,9,a47be7464659f75e69ef6f7165a7b057a0fd433ed180af76723f9bb5e1576a82
SA-real-51200,F,1,92,True,True,True,40.0,,9,a47be7464659f75e69ef6f7165a7b057a0fd433ed180af76723f9bb5e1576a82
SA-real-51200,F,1,93,True,True,True,40.0,,9,a47be7464659f75e69ef6f7165a7b057a0fd433ed180af76723f9bb5e1576a82
SA-real-51200,F,1,94,True,True,True,40.0,,9,a47be7464659f75e69ef6f7165a7b057a0fd433ed180af76723f9bb5e1576a82
SA-real-51200,F,1,95,True,False,True,22.5,,9,a47be7464659f75e69ef6f7165a7b057a0fd433ed180af76723f9bb5e1576a82
SA-real-51200,F,1,96,True,True,True,40.0,,9,a47be7464659f75e69ef6f7165a7b057a0fd433ed180af76723f9bb5e1576a82
SA-real-51200,F,1,97,True,True,True,40.0,,9,a47be7464659f75e69ef6f7165a7b057a0fd433ed180af76723f9bb5e1576a82
SA-real-51200,F,1,98,True,True,True,40.0,,9,a47be7464659f75e69ef6f7165a7b057a0fd433ed180af76723f9bb5e1576a82
SA-real-51200,F,1,99,True,True,True,40.0,,9,a47be7464659f75e69ef6f7165a7b057a0fd433ed180af76723f9bb5e1576a82
SA-real-51200,F,1,100,True,True,True,40.0,,9,a47be7464659f75e69ef6f7165a7b057a0fd433ed180af76723f9bb5e1576a82
SA-real-51200,F,1,101,True,False,True,35.333333333333336,,9,a47be7464659f75e69ef6f7165a7b057a0fd433ed180af76723f9bb5e1576a82
SA-real-51200,F,1,102,True,False,True,22.866666666666667,,9,a47be7464659f75e69ef6f7165a7b057a0fd433ed180af76723f9bb5e1576a82
SA-real-51200,F,1,103,True,True,True,40.0,,9,a47be7464659f75e69ef6f7165a7b057a0fd433ed180af76723f9bb5e1576a82
SA-real-51200,F,1,104,True,True,True,40.0,,9,a47be7464659f75e69ef6f7165a7b057a0fd433ed180af76723f9bb5e1576a82
SA-real-51200,F,1,105,True,True,True,40.0,,9,a47be7464659f75e69ef6f7165a7b057a0fd433ed180af76723f9bb5e1576a82
SA-real-51200,F,1,106,True,True,True,40.0,,9,a47be7464659f75e69ef6f7165a7b057a0fd433ed180af76723f9bb5e1576a82
SA-real-51200,F,1,107,True,True,True,40.0,,9,a47be7464659f75e69ef6f7165a7b057a0fd433ed180af76723f9bb5e1576a82
SA-real-51200,F,1,108,True,True,True,40.0,,9,a47be7464659f75e69ef6f7165a7b057a0fd433ed180af76723f9bb5e1576a82
SA-real-51200,F,1,109,True,True,True,40.0,,9,a47be7464659f75e69ef6f7165a7b057a0fd433ed180af76723f9bb5e1576a82
SA-real-51200,F,1,110,True,False,True,14.266666666666667,,9,a47be7464659f75e69ef6f7165a7b057a0fd433ed180af76723f9bb5e1576a82
SA-real-51200,F,1,111,True,True,True,40.0,,9,a47be7464659f75e69ef6f7165a7b057a0fd433ed180af76723f9bb5e1576a82
SA-real-51200,F,1,112,True,True,True,40.0,,9,a47be7464659f75e69ef6f7165a7b057a0fd433ed180af76723f9bb5e1576a82
SA-real-51200,F,1,113,True,True,True,40.0,,9,a47be7464659f75e69ef6f7165a7b057a0fd433ed180af76723f9bb5e1576a82
SA-real-51200,F,1,114,True,True,True,40.0,,9,a47be7464659f75e69ef6f7165a7b057a0fd433ed180af76723f9bb5e1576a82
SA-real-51200,F,1,115,True,True,True,40.0,,9,a47be7464659f75e69ef6f7165a7b057a0fd433ed180af76723f9bb5e1576a82
SA-real-51200,F,1,116,True,True,True,40.0,,9,a47be7464659f75e69ef6f7165a7b057a0fd433ed180af76723f9bb5e1576a82
SA-real-51200,F,1,117,True,False,True,39.36666666666667,,9,a47be7464659f75e69ef6f7165a7b057a0fd433ed180af76723f9bb5e1576a82
SA-real-51200,F,1,118,True,False,True,14.233333333333333,,9,a47be7464659f75e69ef6f7165a7b057a0fd433ed180af76723f9bb5e1576a82
SA-real-51200,F,1,119,True,False,True,22.466666666666665,,9,a47be7464659f75e69ef6f7165a7b057a0fd433ed180af76723f9bb5e1576a82
SA-real-51200,F,1,120,True,True,True,40.0,,9,a47be7464659f75e69ef6f7165a7b057a0fd433ed180af76723f9bb5e1576a82
SA-real-51200,F,1,121,True,True,True,40.0,,9,a47be7464659f75e69ef6f7165a7b057a0fd433ed180af76723f9bb5e1576a82
SA-real-51200,F,1,122,True,True,True,40.0,,9,a47be7464659f75e69ef6f7165a7b057a0fd433ed180af76723f9bb5e1576a82
SA-real-51200,F,1,123,True,True,True,40.0,,9,a47be7464659f75e69ef6f7165a7b057a0fd433ed180af76723f9bb5e1576a82
SA-real-51200,F,1,124,True,False,True,17.833333333333332,,9,a47be7464659f75e69ef6f7165a7b057a0fd433ed180af76723f9bb5e1576a82
SA-real-51200,F,1,125,True,True,True,40.0,,9,a47be7464659f75e69ef6f7165a7b057a0fd433ed180af76723f9bb5e1576a82
SA-real-51200,F,1,126,True,True,True,40.0,,9,a47be7464659f75e69ef6f7165a7b057a0fd433ed180af76723f9bb5e1576a82
SA-real-51200,F,1,127,True,True,True,40.0,,9,a47be7464659f75e69ef6f7165a7b057a0fd433ed180af76723f9bb5e1576a82
SA-real-51200,F,2,0,True,True,True,40.0,,9,a47be7464659f75e69ef6f7165a7b057a0fd433ed180af76723f9bb5e1576a82
SA-real-51200,F,2,1,True,True,True,40.0,,9,a47be7464659f75e69ef6f7165a7b057a0fd433ed180af76723f9bb5e1576a82
SA-real-51200,F,2,2,True,True,True,40.0,,9,a47be7464659f75e69ef6f7165a7b057a0fd433ed180af76723f9bb5e1576a82
SA-real-51200,F,2,3,True,True,True,40.0,,9,a47be7464659f75e69ef6f7165a7b057a0fd433ed180af76723f9bb5e1576a82
SA-real-51200,F,2,4,True,True,True,40.0,,9,a47be7464659f75e69ef6f7165a7b057a0fd433ed180af76723f9bb5e1576a82
SA-real-51200,F,2,5,True,True,True,40.0,,9,a47be7464659f75e69ef6f7165a7b057a0fd433ed180af76723f9bb5e1576a82
SA-real-51200,F,2,6,True,True,True,40.0,,9,a47be7464659f75e69ef6f7165a7b057a0fd433ed180af76723f9bb5e1576a82
SA-real-51200,F,2,7,True,True,True,40.0,,9,a47be7464659f75e69ef6f7165a7b057a0fd433ed180af76723f9bb5e1576a82
SA-real-51200,F,2,8,True,True,True,40.0,,9,a47be7464659f75e69ef6f7165a7b057a0fd433ed180af76723f9bb5e1576a82
SA-real-51200,F,2,9,True,True,True,40.0,,9,a47be7464659f75e69ef6f7165a7b057a0fd433ed180af76723f9bb5e1576a82
SA-real-51200,F,2,10,True,True,True,40.0,,9,a47be7464659f75e69ef6f7165a7b057a0fd433ed180af76723f9bb5e1576a82
SA-real-51200,F,2,11,True,True,True,40.0,,9,a47be7464659f75e69ef6f7165a7b057a0fd433ed180af76723f9bb5e1576a82
SA-real-51200,F,2,12,True,True,True,40.0,,9,a47be7464659f75e69ef6f7165a7b057a0fd433ed180af76723f9bb5e1576a82
SA-real-51200,F,2,13,True,True,True,40.0,,10,a47be7464659f75e69ef6f7165a7b057a0fd433ed180af76723f9bb5e1576a82
SA-real-51200,F,2,14,True,True,True,40.0,,9,a47be7464659f75e69ef6f7165a7b057a0fd433ed180af76723f9bb5e1576a82
SA-real-51200,F,2,15,True,True,True,40.0,,9,a47be7464659f75e69ef6f7165a7b057a0fd433ed180af76723f9bb5e1576a82
SA-real-51200,F,2,16,True,True,True,40.0,,9,a47be7464659f75e69ef6f7165a7b057a0fd433ed180af76723f9bb5e1576a82
SA-real-51200,F,2,17,True,True,True,40.0,,9,a47be7464659f75e69ef6f7165a7b057a0fd433ed180af76723f9bb5e1576a82
SA-real-51200,F,2,18,True,True,True,40.0,,9,a47be7464659f75e69ef6f7165a7b057a0fd433ed180af76723f9bb5e1576a82
SA-real-51200,F,2,19,True,True,True,40.0,,9,a47be7464659f75e69ef6f7165a7b057a0fd433ed180af76723f9bb5e1576a82
SA-real-51200,F,2,20,True,True,True,40.0,,9,a47be7464659f75e69ef6f7165a7b057a0fd433ed180af76723f9bb5e1576a82
SA-real-51200,F,2,21,True,True,True,40.0,,9,a47be7464659f75e69ef6f7165a7b057a0fd433ed180af76723f9bb5e1576a82
SA-real-51200,F,2,22,True,True,True,40.0,,9,a47be7464659f75e69ef6f7165a7b057a0fd433ed180af76723f9bb5e1576a82
SA-real-51200,F,2,23,True,True,True,40.0,,9,a47be7464659f75e69ef6f7165a7b057a0fd433ed180af76723f9bb5e1576a82
SA-real-51200,F,2,24,True,True,True,40.0,,9,a47be7464659f75e69ef6f7165a7b057a0fd433ed180af76723f9bb5e1576a82
SA-real-51200,F,2,25,True,True,True,40.0,,9,a47be7464659f75e69ef6f7165a7b057a0fd433ed180af76723f9bb5e1576a82
SA-real-51200,F,2,26,True,True,True,40.0,,9,a47be7464659f75e69ef6f7165a7b057a0fd433ed180af76723f9bb5e1576a82
SA-real-51200,F,2,27,True,True,True,40.0,,9,a47be7464659f75e69ef6f7165a7b057a0fd433ed180af76723f9bb5e1576a82
SA-real-51200,F,2,28,True,True,True,40.0,,9,a47be7464659f75e69ef6f7165a7b057a0fd433ed180af76723f9bb5e1576a82
SA-real-51200,F,2,29,True,True,True,40.0,,9,a47be7464659f75e69ef6f7165a7b057a0fd433ed180af76723f9bb5e1576a82
SA-real-51200,F,2,30,True,True,True,40.0,,9,a47be7464659f75e69ef6f7165a7b057a0fd433ed180af76723f9bb5e1576a82
SA-real-51200,F,2,31,True,True,True,40.0,,9,a47be7464659f75e69ef6f7165a7b057a0fd433ed180af76723f9bb5e1576a82
SA-real-51200,F,2,32,True,True,True,40.0,,9,a47be7464659f75e69ef6f7165a7b057a0fd433ed180af76723f9bb5e1576a82
SA-real-51200,F,2,33,True,True,True,40.0,,9,a47be7464659f75e69ef6f7165a7b057a0fd433ed180af76723f9bb5e1576a82
SA-real-51200,F,2,34,True,True,True,40.0,,9,a47be7464659f75e69ef6f7165a7b057a0fd433ed180af76723f9bb5e1576a82
SA-real-51200,F,2,35,True,True,True,40.0,,9,a47be7464659f75e69ef6f7165a7b057a0fd433ed180af76723f9bb5e1576a82
SA-real-51200,F,2,36,True,True,True,40.0,,9,a47be7464659f75e69ef6f7165a7b057a0fd433ed180af76723f9bb5e1576a82
SA-real-51200,F,2,37,True,True,True,40.0,,9,a47be7464659f75e69ef6f7165a7b057a0fd433ed180af76723f9bb5e1576a82
SA-real-51200,F,2,38,True,True,True,40.0,,9,a47be7464659f75e69ef6f7165a7b057a0fd433ed180af76723f9bb5e1576a82
SA-real-51200,F,2,39,True,True,True,40.0,,9,a47be7464659f75e69ef6f7165a7b057a0fd433ed180af76723f9bb5e1576a82
SA-real-51200,F,2,40,True,True,True,40.0,,9,a47be7464659f75e69ef6f7165a7b057a0fd433ed180af76723f9bb5e1576a82
SA-real-51200,F,2,41,True,True,True,40.0,,9,a47be7464659f75e69ef6f7165a7b057a0fd433ed180af76723f9bb5e1576a82
SA-real-51200,F,2,42,True,True,True,40.0,,9,a47be7464659f75e69ef6f7165a7b057a0fd433ed180af76723f9bb5e1576a82
SA-real-51200,F,2,43,True,True,True,40.0,,9,a47be7464659f75e69ef6f7165a7b057a0fd433ed180af76723f9bb5e1576a82
SA-real-51200,F,2,44,True,True,True,40.0,,9,a47be7464659f75e69ef6f7165a7b057a0fd433ed180af76723f9bb5e1576a82
SA-real-51200,F,2,45,True,True,True,40.0,,9,a47be7464659f75e69ef6f7165a7b057a0fd433ed180af76723f9bb5e1576a82
SA-real-51200,F,2,46,True,True,True,40.0,,9,a47be7464659f75e69ef6f7165a7b057a0fd433ed180af76723f9bb5e1576a82
SA-real-51200,F,2,47,True,True,True,40.0,,9,a47be7464659f75e69ef6f7165a7b057a0fd433ed180af76723f9bb5e1576a82
SA-real-51200,F,2,48,True,True,True,40.0,,9,a47be7464659f75e69ef6f7165a7b057a0fd433ed180af76723f9bb5e1576a82
SA-real-51200,F,2,49,True,True,True,40.0,,9,a47be7464659f75e69ef6f7165a7b057a0fd433ed180af76723f9bb5e1576a82
SA-real-51200,F,2,50,True,True,True,40.0,,9,a47be7464659f75e69ef6f7165a7b057a0fd433ed180af76723f9bb5e1576a82
SA-real-51200,F,2,51,True,True,True,40.0,,9,a47be7464659f75e69ef6f7165a7b057a0fd433ed180af76723f9bb5e1576a82
SA-real-51200,F,2,52,True,True,True,40.0,,9,a47be7464659f75e69ef6f7165a7b057a0fd433ed180af76723f9bb5e1576a82
SA-real-51200,F,2,53,True,True,True,40.0,,9,a47be7464659f75e69ef6f7165a7b057a0fd433ed180af76723f9bb5e1576a82
SA-real-51200,F,2,54,True,True,True,40.0,,9,a47be7464659f75e69ef6f7165a7b057a0fd433ed180af76723f9bb5e1576a82
SA-real-51200,F,2,55,True,True,True,40.0,,9,a47be7464659f75e69ef6f7165a7b057a0fd433ed180af76723f9bb5e1576a82
SA-real-51200,F,2,56,True,True,True,40.0,,9,a47be7464659f75e69ef6f7165a7b057a0fd433ed180af76723f9bb5e1576a82
SA-real-51200,F,2,57,True,True,True,40.0,,9,a47be7464659f75e69ef6f7165a7b057a0fd433ed180af76723f9bb5e1576a82
SA-real-51200,F,2,58,True,True,True,40.0,,9,a47be7464659f75e69ef6f7165a7b057a0fd433ed180af76723f9bb5e1576a82
SA-real-51200,F,2,59,True,True,True,40.0,,9,a47be7464659f75e69ef6f7165a7b057a0fd433ed180af76723f9bb5e1576a82
SA-real-51200,F,2,60,True,True,True,40.0,,9,a47be7464659f75e69ef6f7165a7b057a0fd433ed180af76723f9bb5e1576a82
SA-real-51200,F,2,61,True,True,True,40.0,,9,a47be7464659f75e69ef6f7165a7b057a0fd433ed180af76723f9bb5e1576a82
SA-real-51200,F,2,62,True,True,True,40.0,,9,a47be7464659f75e69ef6f7165a7b057a0fd433ed180af76723f9bb5e1576a82
SA-real-51200,F,2,63,True,True,True,40.0,,9,a47be7464659f75e69ef6f7165a7b057a0fd433ed180af76723f9bb5e1576a82
SA-real-51200,F,2,64,True,True,True,40.0,,9,a47be7464659f75e69ef6f7165a7b057a0fd433ed180af76723f9bb5e1576a82
SA-real-51200,F,2,65,True,True,True,40.0,,10,a47be7464659f75e69ef6f7165a7b057a0fd433ed180af76723f9bb5e1576a82
SA-real-51200,F,2,66,True,True,True,40.0,,9,a47be7464659f75e69ef6f7165a7b057a0fd433ed180af76723f9bb5e1576a82
SA-real-51200,F,2,67,True,True,True,40.0,,9,a47be7464659f75e69ef6f7165a7b057a0fd433ed180af76723f9bb5e1576a82
SA-real-51200,F,2,68,True,True,True,40.0,,10,a47be7464659f75e69ef6f7165a7b057a0fd433ed180af76723f9bb5e1576a82
SA-real-51200,F,2,69,True,True,True,40.0,,9,a47be7464659f75e69ef6f7165a7b057a0fd433ed180af76723f9bb5e1576a82
SA-real-51200,F,2,70,True,True,True,40.0,,9,a47be7464659f75e69ef6f7165a7b057a0fd433ed180af76723f9bb5e1576a82
SA-real-51200,F,2,71,True,True,True,40.0,,9,a47be7464659f75e69ef6f7165a7b057a0fd433ed180af76723f9bb5e1576a82
SA-real-51200,F,2,72,True,True,True,40.0,,9,a47be7464659f75e69ef6f7165a7b057a0fd433ed180af76723f9bb5e1576a82
SA-real-51200,F,2,73,True,True,True,40.0,,9,a47be7464659f75e69ef6f7165a7b057a0fd433ed180af76723f9bb5e1576a82
SA-real-51200,F,2,74,True,True,True,40.0,,9,a47be7464659f75e69ef6f7165a7b057a0fd433ed180af76723f9bb5e1576a82
SA-real-51200,F,2,75,True,True,True,40.0,,9,a47be7464659f75e69ef6f7165a7b057a0fd433ed180af76723f9bb5e1576a82
SA-real-51200,F,2,76,True,True,True,40.0,,9,a47be7464659f75e69ef6f7165a7b057a0fd433ed180af76723f9bb5e1576a82
SA-real-51200,F,2,77,True,True,True,40.0,,9,a47be7464659f75e69ef6f7165a7b057a0fd433ed180af76723f9bb5e1576a82
SA-real-51200,F,2,78,True,True,True,40.0,,9,a47be7464659f75e69ef6f7165a7b057a0fd433ed180af76723f9bb5e1576a82
SA-real-51200,F,2,79,True,True,True,40.0,,9,a47be7464659f75e69ef6f7165a7b057a0fd433ed180af76723f9bb5e1576a82
SA-real-51200,F,2,80,True,True,True,40.0,,9,a47be7464659f75e69ef6f7165a7b057a0fd433ed180af76723f9bb5e1576a82
SA-real-51200,F,2,81,True,True,True,40.0,,9,a47be7464659f75e69ef6f7165a7b057a0fd433ed180af76723f9bb5e1576a82
SA-real-51200,F,2,82,True,True,True,40.0,,9,a47be7464659f75e69ef6f7165a7b057a0fd433ed180af76723f9bb5e1576a82
SA-real-51200,F,2,83,True,True,True,40.0,,9,a47be7464659f75e69ef6f7165a7b057a0fd433ed180af76723f9bb5e1576a82
SA-real-51200,F,2,84,True,True,True,40.0,,9,a47be7464659f75e69ef6f7165a7b057a0fd433ed180af76723f9bb5e1576a82
SA-real-51200,F,2,85,True,True,True,40.0,,9,a47be7464659f75e69ef6f7165a7b057a0fd433ed180af76723f9bb5e1576a82
SA-real-51200,F,2,86,True,True,True,40.0,,9,a47be7464659f75e69ef6f7165a7b057a0fd433ed180af76723f9bb5e1576a82
SA-real-51200,F,2,87,True,True,True,40.0,,9,a47be7464659f75e69ef6f7165a7b057a0fd433ed180af76723f9bb5e1576a82
SA-real-51200,F,2,88,True,True,True,40.0,,10,a47be7464659f75e69ef6f7165a7b057a0fd433ed180af76723f9bb5e1576a82
SA-real-51200,F,2,89,True,True,True,40.0,,9,a47be7464659f75e69ef6f7165a7b057a0fd433ed180af76723f9bb5e1576a82
SA-real-51200,F,2,90,True,True,True,40.0,,9,a47be7464659f75e69ef6f7165a7b057a0fd433ed180af76723f9bb5e1576a82
SA-real-51200,F,2,91,True,True,True,40.0,,9,a47be7464659f75e69ef6f7165a7b057a0fd433ed180af76723f9bb5e1576a82
SA-real-51200,F,2,92,True,True,True,40.0,,9,a47be7464659f75e69ef6f7165a7b057a0fd433ed180af76723f9bb5e1576a82
SA-real-51200,F,2,93,True,True,True,40.0,,9,a47be7464659f75e69ef6f7165a7b057a0fd433ed180af76723f9bb5e1576a82
SA-real-51200,F,2,94,True,True,True,40.0,,9,a47be7464659f75e69ef6f7165a7b057a0fd433ed180af76723f9bb5e1576a82
SA-real-51200,F,2,95,True,True,True,40.0,,9,a47be7464659f75e69ef6f7165a7b057a0fd433ed180af76723f9bb5e1576a82
SA-real-51200,F,2,96,True,True,True,40.0,,9,a47be7464659f75e69ef6f7165a7b057a0fd433ed180af76723f9bb5e1576a82
SA-real-51200,F,2,97,True,True,True,40.0,,9,a47be7464659f75e69ef6f7165a7b057a0fd433ed180af76723f9bb5e1576a82
SA-real-51200,F,2,98,True,True,True,40.0,,9,a47be7464659f75e69ef6f7165a7b057a0fd433ed180af76723f9bb5e1576a82
SA-real-51200,F,2,99,True,True,True,40.0,,9,a47be7464659f75e69ef6f7165a7b057a0fd433ed180af76723f9bb5e1576a82
SA-real-51200,F,2,100,True,True,True,40.0,,9,a47be7464659f75e69ef6f7165a7b057a0fd433ed180af76723f9bb5e1576a82
SA-real-51200,F,2,101,True,True,True,40.0,,9,a47be7464659f75e69ef6f7165a7b057a0fd433ed180af76723f9bb5e1576a82
SA-real-51200,F,2,102,True,True,True,40.0,,9,a47be7464659f75e69ef6f7165a7b057a0fd433ed180af76723f9bb5e1576a82
SA-real-51200,F,2,103,True,True,True,40.0,,9,a47be7464659f75e69ef6f7165a7b057a0fd433ed180af76723f9bb5e1576a82
SA-real-51200,F,2,104,True,True,True,40.0,,9,a47be7464659f75e69ef6f7165a7b057a0fd433ed180af76723f9bb5e1576a82
SA-real-51200,F,2,105,True,True,True,40.0,,9,a47be7464659f75e69ef6f7165a7b057a0fd433ed180af76723f9bb5e1576a82
SA-real-51200,F,2,106,True,True,True,40.0,,9,a47be7464659f75e69ef6f7165a7b057a0fd433ed180af76723f9bb5e1576a82
SA-real-51200,F,2,107,True,True,True,40.0,,9,a47be7464659f75e69ef6f7165a7b057a0fd433ed180af76723f9bb5e1576a82
SA-real-51200,F,2,108,True,True,True,40.0,,9,a47be7464659f75e69ef6f7165a7b057a0fd433ed180af76723f9bb5e1576a82
SA-real-51200,F,2,109,True,True,True,40.0,,9,a47be7464659f75e69ef6f7165a7b057a0fd433ed180af76723f9bb5e1576a82
SA-real-51200,F,2,110,True,True,True,40.0,,9,a47be7464659f75e69ef6f7165a7b057a0fd433ed180af76723f9bb5e1576a82
SA-real-51200,F,2,111,True,True,True,40.0,,9,a47be7464659f75e69ef6f7165a7b057a0fd433ed180af76723f9bb5e1576a82
SA-real-51200,F,2,112,True,True,True,40.0,,9,a47be7464659f75e69ef6f7165a7b057a0fd433ed180af76723f9bb5e1576a82
SA-real-51200,F,2,113,True,True,True,40.0,,9,a47be7464659f75e69ef6f7165a7b057a0fd433ed180af76723f9bb5e1576a82
SA-real-51200,F,2,114,True,True,True,40.0,,9,a47be7464659f75e69ef6f7165a7b057a0fd433ed180af76723f9bb5e1576a82
SA-real-51200,F,2,115,True,True,True,40.0,,9,a47be7464659f75e69ef6f7165a7b057a0fd433ed180af76723f9bb5e1576a82
SA-real-51200,F,2,116,True,True,True,40.0,,9,a47be7464659f75e69ef6f7165a7b057a0fd433ed180af76723f9bb5e1576a82
SA-real-51200,F,2,117,True,True,True,40.0,,9,a47be7464659f75e69ef6f7165a7b057a0fd433ed180af76723f9bb5e1576a82
SA-real-51200,F,2,118,True,True,True,40.0,,9,a47be7464659f75e69ef6f7165a7b057a0fd433ed180af76723f9bb5e1576a82
SA-real-51200,F,2,119,True,True,True,40.0,,9,a47be7464659f75e69ef6f7165a7b057a0fd433ed180af76723f9bb5e1576a82
SA-real-51200,F,2,120,True,True,True,40.0,,9,a47be7464659f75e69ef6f7165a7b057a0fd433ed180af76723f9bb5e1576a82
SA-real-51200,F,2,121,True,True,True,40.0,,9,a47be7464659f75e69ef6f7165a7b057a0fd433ed180af76723f9bb5e1576a82
SA-real-51200,F,2,122,True,True,True,40.0,,9,a47be7464659f75e69ef6f7165a7b057a0fd433ed180af76723f9bb5e1576a82
SA-real-51200,F,2,123,True,True,True,40.0,,9,a47be7464659f75e69ef6f7165a7b057a0fd433ed180af76723f9bb5e1576a82
SA-real-51200,F,2,124,True,True,True,40.0,,9,a47be7464659f75e69ef6f7165a7b057a0fd433ed180af76723f9bb5e1576a82
SA-real-51200,F,2,125,True,True,True,40.0,,9,a47be7464659f75e69ef6f7165a7b057a0fd433ed180af76723f9bb5e1576a82
SA-real-51200,F,2,126,True,True,True,40.0,,10,a47be7464659f75e69ef6f7165a7b057a0fd433ed180af76723f9bb5e1576a82
SA-real-51200,F,2,127,True,True,True,40.0,,9,a47be7464659f75e69ef6f7165a7b057a0fd433ed180af76723f9bb5e1576a82
SA-real-51200,F,3,0,True,True,True,40.0,,10,a47be7464659f75e69ef6f7165a7b057a0fd433ed180af76723f9bb5e1576a82
SA-real-51200,F,3,1,True,True,True,40.0,,10,a47be7464659f75e69ef6f7165a7b057a0fd433ed180af76723f9bb5e1576a82
SA-real-51200,F,3,2,True,True,True,40.0,,10,a47be7464659f75e69ef6f7165a7b057a0fd433ed180af76723f9bb5e1576a82
SA-real-51200,F,3,3,True,True,True,40.0,,10,a47be7464659f75e69ef6f7165a7b057a0fd433ed180af76723f9bb5e1576a82
SA-real-51200,F,3,4,True,True,True,40.0,,10,a47be7464659f75e69ef6f7165a7b057a0fd433ed180af76723f9bb5e1576a82
SA-real-51200,F,3,5,True,True,True,40.0,,10,a47be7464659f75e69ef6f7165a7b057a0fd433ed180af76723f9bb5e1576a82
SA-real-51200,F,3,6,True,True,True,40.0,,10,a47be7464659f75e69ef6f7165a7b057a0fd433ed180af76723f9bb5e1576a82
SA-real-51200,F,3,7,True,False,False,7.7,,2,a47be7464659f75e69ef6f7165a7b057a0fd433ed180af76723f9bb5e1576a82
SA-real-51200,F,3,8,True,False,False,27.8,,7,a47be7464659f75e69ef6f7165a7b057a0fd433ed180af76723f9bb5e1576a82
SA-real-51200,F,3,9,True,True,True,40.0,,10,a47be7464659f75e69ef6f7165a7b057a0fd433ed180af76723f9bb5e1576a82
SA-real-51200,F,3,10,True,True,True,40.0,,10,a47be7464659f75e69ef6f7165a7b057a0fd433ed180af76723f9bb5e1576a82
SA-real-51200,F,3,11,True,True,True,40.0,,10,a47be7464659f75e69ef6f7165a7b057a0fd433ed180af76723f9bb5e1576a82
SA-real-51200,F,3,12,True,True,True,40.0,,10,a47be7464659f75e69ef6f7165a7b057a0fd433ed180af76723f9bb5e1576a82
SA-real-51200,F,3,13,True,True,True,40.0,,10,a47be7464659f75e69ef6f7165a7b057a0fd433ed180af76723f9bb5e1576a82
SA-real-51200,F,3,14,True,True,True,40.0,,10,a47be7464659f75e69ef6f7165a7b057a0fd433ed180af76723f9bb5e1576a82
SA-real-51200,F,3,15,True,True,True,40.0,,10,a47be7464659f75e69ef6f7165a7b057a0fd433ed180af76723f9bb5e1576a82
SA-real-51200,F,3,16,True,True,True,40.0,,10,a47be7464659f75e69ef6f7165a7b057a0fd433ed180af76723f9bb5e1576a82
SA-real-51200,F,3,17,True,True,True,40.0,,10,a47be7464659f75e69ef6f7165a7b057a0fd433ed180af76723f9bb5e1576a82
SA-real-51200,F,3,18,True,False,True,25.766666666666666,,4,a47be7464659f75e69ef6f7165a7b057a0fd433ed180af76723f9bb5e1576a82
SA-real-51200,F,3,19,True,True,True,40.0,,8,a47be7464659f75e69ef6f7165a7b057a0fd433ed180af76723f9bb5e1576a82
SA-real-51200,F,3,20,True,True,True,40.0,,10,a47be7464659f75e69ef6f7165a7b057a0fd433ed180af76723f9bb5e1576a82
SA-real-51200,F,3,21,True,True,True,40.0,,3,a47be7464659f75e69ef6f7165a7b057a0fd433ed180af76723f9bb5e1576a82
SA-real-51200,F,3,22,True,True,True,40.0,,3,a47be7464659f75e69ef6f7165a7b057a0fd433ed180af76723f9bb5e1576a82
SA-real-51200,F,3,23,True,True,True,40.0,,10,a47be7464659f75e69ef6f7165a7b057a0fd433ed180af76723f9bb5e1576a82
SA-real-51200,F,3,24,True,True,True,40.0,,10,a47be7464659f75e69ef6f7165a7b057a0fd433ed180af76723f9bb5e1576a82
SA-real-51200,F,3,25,True,True,True,40.0,,3,a47be7464659f75e69ef6f7165a7b057a0fd433ed180af76723f9bb5e1576a82
SA-real-51200,F,3,26,False,False,False,0.4,,0,a47be7464659f75e69ef6f7165a7b057a0fd433ed180af76723f9bb5e1576a82
SA-real-51200,F,3,27,True,True,True,40.0,,10,a47be7464659f75e69ef6f7165a7b057a0fd433ed180af76723f9bb5e1576a82
SA-real-51200,F,3,28,True,True,True,40.0,,10,a47be7464659f75e69ef6f7165a7b057a0fd433ed180af76723f9bb5e1576a82
SA-real-51200,F,3,29,True,True,True,40.0,,10,a47be7464659f75e69ef6f7165a7b057a0fd433ed180af76723f9bb5e1576a82
SA-real-51200,F,3,30,True,True,True,40.0,,10,a47be7464659f75e69ef6f7165a7b057a0fd433ed180af76723f9bb5e1576a82
SA-real-51200,F,3,31,True,True,True,40.0,,10,a47be7464659f75e69ef6f7165a7b057a0fd433ed180af76723f9bb5e1576a82
SA-real-51200,F,3,32,True,True,True,40.0,,10,a47be7464659f75e69ef6f7165a7b057a0fd433ed180af76723f9bb5e1576a82
SA-real-51200,F,3,33,True,True,True,40.0,,10,a47be7464659f75e69ef6f7165a7b057a0fd433ed180af76723f9bb5e1576a82
SA-real-51200,F,3,34,True,True,True,40.0,,10,a47be7464659f75e69ef6f7165a7b057a0fd433ed180af76723f9bb5e1576a82
SA-real-51200,F,3,35,True,True,True,40.0,,10,a47be7464659f75e69ef6f7165a7b057a0fd433ed180af76723f9bb5e1576a82
SA-real-51200,F,3,36,True,True,True,40.0,,10,a47be7464659f75e69ef6f7165a7b057a0fd433ed180af76723f9bb5e1576a82
SA-real-51200,F,3,37,True,True,True,40.0,,10,a47be7464659f75e69ef6f7165a7b057a0fd433ed180af76723f9bb5e1576a82
SA-real-51200,F,3,38,True,True,True,40.0,,10,a47be7464659f75e69ef6f7165a7b057a0fd433ed180af76723f9bb5e1576a82
SA-real-51200,F,3,39,True,True,True,40.0,,10,a47be7464659f75e69ef6f7165a7b057a0fd433ed180af76723f9bb5e1576a82
SA-real-51200,F,3,40,True,True,True,40.0,,9,a47be7464659f75e69ef6f7165a7b057a0fd433ed180af76723f9bb5e1576a82
SA-real-51200,F,3,41,True,True,True,40.0,,10,a47be7464659f75e69ef6f7165a7b057a0fd433ed180af76723f9bb5e1576a82
SA-real-51200,F,3,42,True,True,True,40.0,,10,a47be7464659f75e69ef6f7165a7b057a0fd433ed180af76723f9bb5e1576a82
SA-real-51200,F,3,43,True,True,True,40.0,,10,a47be7464659f75e69ef6f7165a7b057a0fd433ed180af76723f9bb5e1576a82
SA-real-51200,F,3,44,True,True,True,40.0,,10,a47be7464659f75e69ef6f7165a7b057a0fd433ed180af76723f9bb5e1576a82
SA-real-51200,F,3,45,True,True,True,40.0,,10,a47be7464659f75e69ef6f7165a7b057a0fd433ed180af76723f9bb5e1576a82
SA-real-51200,F,3,46,True,True,True,40.0,,10,a47be7464659f75e69ef6f7165a7b057a0fd433ed180af76723f9bb5e1576a82
SA-real-51200,F,3,47,True,True,True,40.0,,10,a47be7464659f75e69ef6f7165a7b057a0fd433ed180af76723f9bb5e1576a82
SA-real-51200,F,3,48,True,False,False,13.866666666666667,,3,a47be7464659f75e69ef6f7165a7b057a0fd433ed180af76723f9bb5e1576a82
SA-real-51200,F,3,49,True,True,True,40.0,,10,a47be7464659f75e69ef6f7165a7b057a0fd433ed180af76723f9bb5e1576a82
SA-real-51200,F,3,50,True,True,True,40.0,,1,a47be7464659f75e69ef6f7165a7b057a0fd433ed180af76723f9bb5e1576a82
SA-real-51200,F,3,51,True,False,False,5.866666666666666,,2,a47be7464659f75e69ef6f7165a7b057a0fd433ed180af76723f9bb5e1576a82
SA-real-51200,F,3,52,True,False,False,36.36666666666667,,9,a47be7464659f75e69ef6f7165a7b057a0fd433ed180af76723f9bb5e1576a82
SA-real-51200,F,3,53,True,False,False,32.266666666666666,,8,a47be7464659f75e69ef6f7165a7b057a0fd433ed180af76723f9bb5e1576a82
SA-real-51200,F,3,54,True,False,False,39.333333333333336,,10,a47be7464659f75e69ef6f7165a7b057a0fd433ed180af76723f9bb5e1576a82
SA-real-51200,F,3,55,True,True,True,40.0,,10,a47be7464659f75e69ef6f7165a7b057a0fd433ed180af76723f9bb5e1576a82
SA-real-51200,F,3,56,True,True,True,40.0,,10,a47be7464659f75e69ef6f7165a7b057a0fd433ed180af76723f9bb5e1576a82
SA-real-51200,F,3,57,True,True,True,40.0,,10,a47be7464659f75e69ef6f7165a7b057a0fd433ed180af76723f9bb5e1576a82
SA-real-51200,F,3,58,True,True,True,40.0,,10,a47be7464659f75e69ef6f7165a7b057a0fd433ed180af76723f9bb5e1576a82
SA-real-51200,F,3,59,True,True,True,40.0,,2,a47be7464659f75e69ef6f7165a7b057a0fd433ed180af76723f9bb5e1576a82
SA-real-51200,F,3,60,True,False,True,37.63333333333333,,10,a47be7464659f75e69ef6f7165a7b057a0fd433ed180af76723f9bb5e1576a82
SA-real-51200,F,3,61,True,True,True,40.0,,10,a47be7464659f75e69ef6f7165a7b057a0fd433ed180af76723f9bb5e1576a82
SA-real-51200,F,3,62,True,True,True,40.0,,8,a47be7464659f75e69ef6f7165a7b057a0fd433ed180af76723f9bb5e1576a82
SA-real-51200,F,3,63,True,True,True,40.0,,4,a47be7464659f75e69ef6f7165a7b057a0fd433ed180af76723f9bb5e1576a82
SA-real-51200,F,3,64,True,True,True,40.0,,4,a47be7464659f75e69ef6f7165a7b057a0fd433ed180af76723f9bb5e1576a82
SA-real-51200,F,3,65,True,True,True,40.0,,10,a47be7464659f75e69ef6f7165a7b057a0fd433ed180af76723f9bb5e1576a82
SA-real-51200,F,3,66,True,True,True,40.0,,10,a47be7464659f75e69ef6f7165a7b057a0fd433ed180af76723f9bb5e1576a82
SA-real-51200,F,3,67,True,False,False,31.2,,9,a47be7464659f75e69ef6f7165a7b057a0fd433ed180af76723f9bb5e1576a82
SA-real-51200,F,3,68,True,True,True,40.0,,10,a47be7464659f75e69ef6f7165a7b057a0fd433ed180af76723f9bb5e1576a82
SA-real-51200,F,3,69,True,True,True,40.0,,10,a47be7464659f75e69ef6f7165a7b057a0fd433ed180af76723f9bb5e1576a82
SA-real-51200,F,3,70,True,True,True,40.0,,10,a47be7464659f75e69ef6f7165a7b057a0fd433ed180af76723f9bb5e1576a82
SA-real-51200,F,3,71,True,True,True,40.0,,10,a47be7464659f75e69ef6f7165a7b057a0fd433ed180af76723f9bb5e1576a82
SA-real-51200,F,3,72,True,True,True,40.0,,10,a47be7464659f75e69ef6f7165a7b057a0fd433ed180af76723f9bb5e1576a82
SA-real-51200,F,3,73,True,True,True,40.0,,10,a47be7464659f75e69ef6f7165a7b057a0fd433ed180af76723f9bb5e1576a82
SA-real-51200,F,3,74,True,True,True,40.0,,10,a47be7464659f75e69ef6f7165a7b057a0fd433ed180af76723f9bb5e1576a82
SA-real-51200,F,3,75,True,True,True,40.0,,10,a47be7464659f75e69ef6f7165a7b057a0fd433ed180af76723f9bb5e1576a82
SA-real-51200,F,3,76,True,True,True,40.0,,10,a47be7464659f75e69ef6f7165a7b057a0fd433ed180af76723f9bb5e1576a82
SA-real-51200,F,3,77,True,True,True,40.0,,10,a47be7464659f75e69ef6f7165a7b057a0fd433ed180af76723f9bb5e1576a82
SA-real-51200,F,3,78,True,False,True,18.6,,6,a47be7464659f75e69ef6f7165a7b057a0fd433ed180af76723f9bb5e1576a82
SA-real-51200,F,3,79,True,True,True,40.0,,10,a47be7464659f75e69ef6f7165a7b057a0fd433ed180af76723f9bb5e1576a82
SA-real-51200,F,3,80,True,True,True,40.0,,10,a47be7464659f75e69ef6f7165a7b057a0fd433ed180af76723f9bb5e1576a82
SA-real-51200,F,3,81,True,True,True,40.0,,10,a47be7464659f75e69ef6f7165a7b057a0fd433ed180af76723f9bb5e1576a82
SA-real-51200,F,3,82,True,True,True,40.0,,10,a47be7464659f75e69ef6f7165a7b057a0fd433ed180af76723f9bb5e1576a82
SA-real-51200,F,3,83,True,True,True,40.0,,10,a47be7464659f75e69ef6f7165a7b057a0fd433ed180af76723f9bb5e1576a82
SA-real-51200,F,3,84,True,True,True,40.0,,10,a47be7464659f75e69ef6f7165a7b057a0fd433ed180af76723f9bb5e1576a82
SA-real-51200,F,3,85,True,True,True,40.0,,10,a47be7464659f75e69ef6f7165a7b057a0fd433ed180af76723f9bb5e1576a82
SA-real-51200,F,3,86,True,False,False,23.733333333333334,,4,a47be7464659f75e69ef6f7165a7b057a0fd433ed180af76723f9bb5e1576a82
SA-real-51200,F,3,87,True,False,False,4.8,,1,a47be7464659f75e69ef6f7165a7b057a0fd433ed180af76723f9bb5e1576a82
SA-real-51200,F,3,88,True,True,True,40.0,,10,a47be7464659f75e69ef6f7165a7b057a0fd433ed180af76723f9bb5e1576a82
SA-real-51200,F,3,89,True,True,True,40.0,,10,a47be7464659f75e69ef6f7165a7b057a0fd433ed180af76723f9bb5e1576a82
SA-real-51200,F,3,90,True,True,True,40.0,,10,a47be7464659f75e69ef6f7165a7b057a0fd433ed180af76723f9bb5e1576a82
SA-real-51200,F,3,91,True,True,True,40.0,,10,a47be7464659f75e69ef6f7165a7b057a0fd433ed180af76723f9bb5e1576a82
SA-real-51200,F,3,92,True,True,True,40.0,,10,a47be7464659f75e69ef6f7165a7b057a0fd433ed180af76723f9bb5e1576a82
SA-real-51200,F,3,93,True,True,True,40.0,,10,a47be7464659f75e69ef6f7165a7b057a0fd433ed180af76723f9bb5e1576a82
SA-real-51200,F,3,94,True,True,True,40.0,,10,a47be7464659f75e69ef6f7165a7b057a0fd433ed180af76723f9bb5e1576a82
SA-real-51200,F,3,95,True,True,True,40.0,,10,a47be7464659f75e69ef6f7165a7b057a0fd433ed180af76723f9bb5e1576a82
SA-real-51200,F,3,96,True,False,False,8.9,,2,a47be7464659f75e69ef6f7165a7b057a0fd433ed180af76723f9bb5e1576a82
SA-real-51200,F,3,97,True,True,True,40.0,,10,a47be7464659f75e69ef6f7165a7b057a0fd433ed180af76723f9bb5e1576a82
SA-real-51200,F,3,98,True,True,True,40.0,,10,a47be7464659f75e69ef6f7165a7b057a0fd433ed180af76723f9bb5e1576a82
SA-real-51200,F,3,99,True,True,True,40.0,,10,a47be7464659f75e69ef6f7165a7b057a0fd433ed180af76723f9bb5e1576a82
SA-real-51200,F,3,100,True,True,True,40.0,,10,a47be7464659f75e69ef6f7165a7b057a0fd433ed180af76723f9bb5e1576a82
SA-real-51200,F,3,101,True,True,True,40.0,,10,a47be7464659f75e69ef6f7165a7b057a0fd433ed180af76723f9bb5e1576a82
SA-real-51200,F,3,102,True,True,True,40.0,,10,a47be7464659f75e69ef6f7165a7b057a0fd433ed180af76723f9bb5e1576a82
SA-real-51200,F,3,103,True,True,True,40.0,,10,a47be7464659f75e69ef6f7165a7b057a0fd433ed180af76723f9bb5e1576a82
SA-real-51200,F,3,104,True,False,False,4.2,,1,a47be7464659f75e69ef6f7165a7b057a0fd433ed180af76723f9bb5e1576a82
SA-real-51200,F,3,105,True,True,True,40.0,,10,a47be7464659f75e69ef6f7165a7b057a0fd433ed180af76723f9bb5e1576a82
SA-real-51200,F,3,106,True,True,True,40.0,,10,a47be7464659f75e69ef6f7165a7b057a0fd433ed180af76723f9bb5e1576a82
SA-real-51200,F,3,107,True,True,True,40.0,,10,a47be7464659f75e69ef6f7165a7b057a0fd433ed180af76723f9bb5e1576a82
SA-real-51200,F,3,108,True,False,False,35.36666666666667,,9,a47be7464659f75e69ef6f7165a7b057a0fd433ed180af76723f9bb5e1576a82
SA-real-51200,F,3,109,True,True,True,40.0,,10,a47be7464659f75e69ef6f7165a7b057a0fd433ed180af76723f9bb5e1576a82
SA-real-51200,F,3,110,True,True,True,40.0,,10,a47be7464659f75e69ef6f7165a7b057a0fd433ed180af76723f9bb5e1576a82
SA-real-51200,F,3,111,True,True,True,40.0,,10,a47be7464659f75e69ef6f7165a7b057a0fd433ed180af76723f9bb5e1576a82
SA-real-51200,F,3,112,True,True,True,40.0,,9,a47be7464659f75e69ef6f7165a7b057a0fd433ed180af76723f9bb5e1576a82
SA-real-51200,F,3,113,True,True,True,40.0,,10,a47be7464659f75e69ef6f7165a7b057a0fd433ed180af76723f9bb5e1576a82
SA-real-51200,F,3,114,True,True,True,40.0,,10,a47be7464659f75e69ef6f7165a7b057a0fd433ed180af76723f9bb5e1576a82
SA-real-51200,F,3,115,True,True,True,40.0,,9,a47be7464659f75e69ef6f7165a7b057a0fd433ed180af76723f9bb5e1576a82
SA-real-51200,F,3,116,False,False,False,0.0,,0,a47be7464659f75e69ef6f7165a7b057a0fd433ed180af76723f9bb5e1576a82
SA-real-51200,F,3,117,True,True,True,40.0,,10,a47be7464659f75e69ef6f7165a7b057a0fd433ed180af76723f9bb5e1576a82
SA-real-51200,F,3,118,True,True,True,40.0,,10,a47be7464659f75e69ef6f7165a7b057a0fd433ed180af76723f9bb5e1576a82
SA-real-51200,F,3,119,True,True,True,40.0,,4,a47be7464659f75e69ef6f7165a7b057a0fd433ed180af76723f9bb5e1576a82
SA-real-51200,F,3,120,True,True,True,40.0,,10,a47be7464659f75e69ef6f7165a7b057a0fd433ed180af76723f9bb5e1576a82
SA-real-51200,F,3,121,True,True,True,40.0,,10,a47be7464659f75e69ef6f7165a7b057a0fd433ed180af76723f9bb5e1576a82
SA-real-51200,F,3,122,True,True,True,40.0,,10,a47be7464659f75e69ef6f7165a7b057a0fd433ed180af76723f9bb5e1576a82
SA-real-51200,F,3,123,True,True,True,40.0,,10,a47be7464659f75e69ef6f7165a7b057a0fd433ed180af76723f9bb5e1576a82
SA-real-51200,F,3,124,True,True,True,40.0,,8,a47be7464659f75e69ef6f7165a7b057a0fd433ed180af76723f9bb5e1576a82
SA-real-51200,F,3,125,True,True,True,40.0,,9,a47be7464659f75e69ef6f7165a7b057a0fd433ed180af76723f9bb5e1576a82
SA-real-51200,F,3,126,True,True,True,40.0,,10,a47be7464659f75e69ef6f7165a7b057a0fd433ed180af76723f9bb5e1576a82
SA-real-51200,F,3,127,True,True,True,40.0,,10,a47be7464659f75e69ef6f7165a7b057a0fd433ed180af76723f9bb5e1576a82
SA-real-70400,S2,0,0,True,True,True,20.0,1111111111,,a47be7464659f75e69ef6f7165a7b057a0fd433ed180af76723f9bb5e1576a82
SA-real-70400,S2,0,1,True,True,True,20.0,1111111111,,a47be7464659f75e69ef6f7165a7b057a0fd433ed180af76723f9bb5e1576a82
SA-real-70400,S2,0,2,False,True,True,20.0,1101111111,,a47be7464659f75e69ef6f7165a7b057a0fd433ed180af76723f9bb5e1576a82
SA-real-70400,S2,0,3,True,True,True,20.0,1111111111,,a47be7464659f75e69ef6f7165a7b057a0fd433ed180af76723f9bb5e1576a82
SA-real-70400,S2,0,4,False,True,True,20.0,0111111111,,a47be7464659f75e69ef6f7165a7b057a0fd433ed180af76723f9bb5e1576a82
SA-real-70400,S2,0,5,True,True,True,20.0,1111111111,,a47be7464659f75e69ef6f7165a7b057a0fd433ed180af76723f9bb5e1576a82
SA-real-70400,S2,0,6,True,True,True,20.0,1111111111,,a47be7464659f75e69ef6f7165a7b057a0fd433ed180af76723f9bb5e1576a82
SA-real-70400,S2,0,7,True,True,True,20.0,1111111111,,a47be7464659f75e69ef6f7165a7b057a0fd433ed180af76723f9bb5e1576a82
SA-real-70400,S2,0,8,True,True,True,20.0,1111111111,,a47be7464659f75e69ef6f7165a7b057a0fd433ed180af76723f9bb5e1576a82
SA-real-70400,S2,0,9,True,True,True,20.0,1111111111,,a47be7464659f75e69ef6f7165a7b057a0fd433ed180af76723f9bb5e1576a82
SA-real-70400,S2,0,10,True,True,True,20.0,1111111111,,a47be7464659f75e69ef6f7165a7b057a0fd433ed180af76723f9bb5e1576a82
SA-real-70400,S2,0,11,True,True,True,20.0,1111111111,,a47be7464659f75e69ef6f7165a7b057a0fd433ed180af76723f9bb5e1576a82
SA-real-70400,S2,0,12,True,True,True,20.0,1111111111,,a47be7464659f75e69ef6f7165a7b057a0fd433ed180af76723f9bb5e1576a82
SA-real-70400,S2,0,13,True,True,True,20.0,1111111111,,a47be7464659f75e69ef6f7165a7b057a0fd433ed180af76723f9bb5e1576a82
SA-real-70400,S2,0,14,True,True,True,20.0,1111111111,,a47be7464659f75e69ef6f7165a7b057a0fd433ed180af76723f9bb5e1576a82
SA-real-70400,S2,0,15,True,True,True,20.0,1111111111,,a47be7464659f75e69ef6f7165a7b057a0fd433ed180af76723f9bb5e1576a82
SA-real-70400,S2,0,16,False,True,True,20.0,0111111111,,a47be7464659f75e69ef6f7165a7b057a0fd433ed180af76723f9bb5e1576a82
SA-real-70400,S2,0,17,True,True,True,20.0,1111111111,,a47be7464659f75e69ef6f7165a7b057a0fd433ed180af76723f9bb5e1576a82
SA-real-70400,S2,0,18,False,True,True,20.0,1111110111,,a47be7464659f75e69ef6f7165a7b057a0fd433ed180af76723f9bb5e1576a82
SA-real-70400,S2,0,19,True,True,True,20.0,1111111111,,a47be7464659f75e69ef6f7165a7b057a0fd433ed180af76723f9bb5e1576a82
SA-real-70400,S2,0,20,True,True,True,20.0,1111111111,,a47be7464659f75e69ef6f7165a7b057a0fd433ed180af76723f9bb5e1576a82
SA-real-70400,S2,0,21,True,True,True,20.0,1111111111,,a47be7464659f75e69ef6f7165a7b057a0fd433ed180af76723f9bb5e1576a82
SA-real-70400,S2,0,22,True,True,True,20.0,1111111111,,a47be7464659f75e69ef6f7165a7b057a0fd433ed180af76723f9bb5e1576a82
SA-real-70400,S2,0,23,True,True,True,20.0,1111111111,,a47be7464659f75e69ef6f7165a7b057a0fd433ed180af76723f9bb5e1576a82
SA-real-70400,S2,0,24,True,True,True,20.0,1111111111,,a47be7464659f75e69ef6f7165a7b057a0fd433ed180af76723f9bb5e1576a82
SA-real-70400,S2,0,25,True,True,True,20.0,1111111111,,a47be7464659f75e69ef6f7165a7b057a0fd433ed180af76723f9bb5e1576a82
SA-real-70400,S2,0,26,True,True,True,20.0,1111111111,,a47be7464659f75e69ef6f7165a7b057a0fd433ed180af76723f9bb5e1576a82
SA-real-70400,S2,0,27,False,True,True,20.0,1111011101,,a47be7464659f75e69ef6f7165a7b057a0fd433ed180af76723f9bb5e1576a82
SA-real-70400,S2,0,28,True,True,True,20.0,1111111111,,a47be7464659f75e69ef6f7165a7b057a0fd433ed180af76723f9bb5e1576a82
SA-real-70400,S2,0,29,True,True,True,20.0,1111111111,,a47be7464659f75e69ef6f7165a7b057a0fd433ed180af76723f9bb5e1576a82
SA-real-70400,S2,0,30,True,True,True,20.0,1111111111,,a47be7464659f75e69ef6f7165a7b057a0fd433ed180af76723f9bb5e1576a82
SA-real-70400,S2,0,31,True,True,True,20.0,1111111111,,a47be7464659f75e69ef6f7165a7b057a0fd433ed180af76723f9bb5e1576a82
SA-real-70400,S2,0,32,True,True,True,20.0,1111111111,,a47be7464659f75e69ef6f7165a7b057a0fd433ed180af76723f9bb5e1576a82
SA-real-70400,S2,0,33,True,True,True,20.0,1111111111,,a47be7464659f75e69ef6f7165a7b057a0fd433ed180af76723f9bb5e1576a82
SA-real-70400,S2,0,34,True,True,True,20.0,1111111111,,a47be7464659f75e69ef6f7165a7b057a0fd433ed180af76723f9bb5e1576a82
SA-real-70400,S2,0,35,True,True,True,20.0,1111111111,,a47be7464659f75e69ef6f7165a7b057a0fd433ed180af76723f9bb5e1576a82
SA-real-70400,S2,0,36,True,True,True,20.0,1111111111,,a47be7464659f75e69ef6f7165a7b057a0fd433ed180af76723f9bb5e1576a82
SA-real-70400,S2,0,37,True,True,True,20.0,1111111111,,a47be7464659f75e69ef6f7165a7b057a0fd433ed180af76723f9bb5e1576a82
SA-real-70400,S2,0,38,True,True,True,20.0,1111111111,,a47be7464659f75e69ef6f7165a7b057a0fd433ed180af76723f9bb5e1576a82
SA-real-70400,S2,0,39,True,True,True,20.0,1111111111,,a47be7464659f75e69ef6f7165a7b057a0fd433ed180af76723f9bb5e1576a82
SA-real-70400,S2,0,40,True,True,True,20.0,1111111111,,a47be7464659f75e69ef6f7165a7b057a0fd433ed180af76723f9bb5e1576a82
SA-real-70400,S2,0,41,True,True,True,20.0,1111111111,,a47be7464659f75e69ef6f7165a7b057a0fd433ed180af76723f9bb5e1576a82
SA-real-70400,S2,0,42,True,True,True,20.0,1111111111,,a47be7464659f75e69ef6f7165a7b057a0fd433ed180af76723f9bb5e1576a82
SA-real-70400,S2,0,43,True,True,True,20.0,1111111111,,a47be7464659f75e69ef6f7165a7b057a0fd433ed180af76723f9bb5e1576a82
SA-real-70400,S2,0,44,False,True,True,20.0,0111111111,,a47be7464659f75e69ef6f7165a7b057a0fd433ed180af76723f9bb5e1576a82
SA-real-70400,S2,0,45,True,True,True,20.0,1111111111,,a47be7464659f75e69ef6f7165a7b057a0fd433ed180af76723f9bb5e1576a82
SA-real-70400,S2,0,46,False,True,True,20.0,1111010111,,a47be7464659f75e69ef6f7165a7b057a0fd433ed180af76723f9bb5e1576a82
SA-real-70400,S2,0,47,True,True,True,20.0,1111111111,,a47be7464659f75e69ef6f7165a7b057a0fd433ed180af76723f9bb5e1576a82
SA-real-70400,S2,0,48,True,True,True,20.0,1111111111,,a47be7464659f75e69ef6f7165a7b057a0fd433ed180af76723f9bb5e1576a82
SA-real-70400,S2,0,49,False,False,True,17.733333333333334,1111111101,,a47be7464659f75e69ef6f7165a7b057a0fd433ed180af76723f9bb5e1576a82
SA-real-70400,S2,0,50,True,True,True,20.0,1111111111,,a47be7464659f75e69ef6f7165a7b057a0fd433ed180af76723f9bb5e1576a82
SA-real-70400,S2,0,51,True,True,True,20.0,1111111111,,a47be7464659f75e69ef6f7165a7b057a0fd433ed180af76723f9bb5e1576a82
SA-real-70400,S2,0,52,True,True,True,20.0,1111111111,,a47be7464659f75e69ef6f7165a7b057a0fd433ed180af76723f9bb5e1576a82
SA-real-70400,S2,0,53,True,True,True,20.0,1111111111,,a47be7464659f75e69ef6f7165a7b057a0fd433ed180af76723f9bb5e1576a82
SA-real-70400,S2,0,54,True,True,True,20.0,1111111111,,a47be7464659f75e69ef6f7165a7b057a0fd433ed180af76723f9bb5e1576a82
SA-real-70400,S2,0,55,True,True,True,20.0,1111111111,,a47be7464659f75e69ef6f7165a7b057a0fd433ed180af76723f9bb5e1576a82
SA-real-70400,S2,0,56,True,True,True,20.0,1111111111,,a47be7464659f75e69ef6f7165a7b057a0fd433ed180af76723f9bb5e1576a82
SA-real-70400,S2,0,57,False,True,True,20.0,0111110111,,a47be7464659f75e69ef6f7165a7b057a0fd433ed180af76723f9bb5e1576a82
SA-real-70400,S2,0,58,True,True,True,20.0,1111111111,,a47be7464659f75e69ef6f7165a7b057a0fd433ed180af76723f9bb5e1576a82
SA-real-70400,S2,0,59,True,True,True,20.0,1111111111,,a47be7464659f75e69ef6f7165a7b057a0fd433ed180af76723f9bb5e1576a82
SA-real-70400,S2,0,60,True,True,True,20.0,1111111111,,a47be7464659f75e69ef6f7165a7b057a0fd433ed180af76723f9bb5e1576a82
SA-real-70400,S2,0,61,True,True,True,20.0,1111111111,,a47be7464659f75e69ef6f7165a7b057a0fd433ed180af76723f9bb5e1576a82
SA-real-70400,S2,0,62,True,True,True,20.0,1111111111,,a47be7464659f75e69ef6f7165a7b057a0fd433ed180af76723f9bb5e1576a82
SA-real-70400,S2,0,63,True,True,True,20.0,1111111111,,a47be7464659f75e69ef6f7165a7b057a0fd433ed180af76723f9bb5e1576a82
SA-real-70400,S2,0,64,True,True,True,20.0,1111111111,,a47be7464659f75e69ef6f7165a7b057a0fd433ed180af76723f9bb5e1576a82
SA-real-70400,S2,0,65,True,True,True,20.0,1111111111,,a47be7464659f75e69ef6f7165a7b057a0fd433ed180af76723f9bb5e1576a82
SA-real-70400,S2,0,66,True,True,True,20.0,1111111111,,a47be7464659f75e69ef6f7165a7b057a0fd433ed180af76723f9bb5e1576a82
SA-real-70400,S2,0,67,True,True,True,20.0,1111111111,,a47be7464659f75e69ef6f7165a7b057a0fd433ed180af76723f9bb5e1576a82
SA-real-70400,S2,0,68,True,True,True,20.0,1111111111,,a47be7464659f75e69ef6f7165a7b057a0fd433ed180af76723f9bb5e1576a82
SA-real-70400,S2,0,69,True,True,True,20.0,1111111111,,a47be7464659f75e69ef6f7165a7b057a0fd433ed180af76723f9bb5e1576a82
SA-real-70400,S2,0,70,True,True,True,20.0,1111111111,,a47be7464659f75e69ef6f7165a7b057a0fd433ed180af76723f9bb5e1576a82
SA-real-70400,S2,0,71,True,True,True,20.0,1111111111,,a47be7464659f75e69ef6f7165a7b057a0fd433ed180af76723f9bb5e1576a82
SA-real-70400,S2,0,72,False,True,True,20.0,1101111111,,a47be7464659f75e69ef6f7165a7b057a0fd433ed180af76723f9bb5e1576a82
SA-real-70400,S2,0,73,True,True,True,20.0,1111111111,,a47be7464659f75e69ef6f7165a7b057a0fd433ed180af76723f9bb5e1576a82
SA-real-70400,S2,0,74,True,True,True,20.0,1111111111,,a47be7464659f75e69ef6f7165a7b057a0fd433ed180af76723f9bb5e1576a82
SA-real-70400,S2,0,75,True,True,True,20.0,1111111111,,a47be7464659f75e69ef6f7165a7b057a0fd433ed180af76723f9bb5e1576a82
SA-real-70400,S2,0,76,True,True,True,20.0,1111111111,,a47be7464659f75e69ef6f7165a7b057a0fd433ed180af76723f9bb5e1576a82
SA-real-70400,S2,0,77,True,True,True,20.0,1111111111,,a47be7464659f75e69ef6f7165a7b057a0fd433ed180af76723f9bb5e1576a82
SA-real-70400,S2,0,78,True,True,True,20.0,1111111111,,a47be7464659f75e69ef6f7165a7b057a0fd433ed180af76723f9bb5e1576a82
SA-real-70400,S2,0,79,True,True,True,20.0,1111111111,,a47be7464659f75e69ef6f7165a7b057a0fd433ed180af76723f9bb5e1576a82
SA-real-70400,S2,0,80,True,True,True,20.0,1111111111,,a47be7464659f75e69ef6f7165a7b057a0fd433ed180af76723f9bb5e1576a82
SA-real-70400,S2,0,81,True,True,True,20.0,1111111111,,a47be7464659f75e69ef6f7165a7b057a0fd433ed180af76723f9bb5e1576a82
SA-real-70400,S2,0,82,True,True,True,20.0,1111111111,,a47be7464659f75e69ef6f7165a7b057a0fd433ed180af76723f9bb5e1576a82
SA-real-70400,S2,0,83,True,True,True,20.0,1111111111,,a47be7464659f75e69ef6f7165a7b057a0fd433ed180af76723f9bb5e1576a82
SA-real-70400,S2,0,84,True,True,True,20.0,1111111111,,a47be7464659f75e69ef6f7165a7b057a0fd433ed180af76723f9bb5e1576a82
SA-real-70400,S2,0,85,True,True,True,20.0,1111111111,,a47be7464659f75e69ef6f7165a7b057a0fd433ed180af76723f9bb5e1576a82
SA-real-70400,S2,0,86,True,True,True,20.0,1111111111,,a47be7464659f75e69ef6f7165a7b057a0fd433ed180af76723f9bb5e1576a82
SA-real-70400,S2,0,87,True,True,True,20.0,1111111111,,a47be7464659f75e69ef6f7165a7b057a0fd433ed180af76723f9bb5e1576a82
SA-real-70400,S2,0,88,True,True,True,20.0,1111111111,,a47be7464659f75e69ef6f7165a7b057a0fd433ed180af76723f9bb5e1576a82
SA-real-70400,S2,0,89,True,True,True,20.0,1111111111,,a47be7464659f75e69ef6f7165a7b057a0fd433ed180af76723f9bb5e1576a82
SA-real-70400,S2,0,90,True,True,True,20.0,1111111111,,a47be7464659f75e69ef6f7165a7b057a0fd433ed180af76723f9bb5e1576a82
SA-real-70400,S2,0,91,True,True,True,20.0,1111111111,,a47be7464659f75e69ef6f7165a7b057a0fd433ed180af76723f9bb5e1576a82
SA-real-70400,S2,0,92,True,True,True,20.0,1111111111,,a47be7464659f75e69ef6f7165a7b057a0fd433ed180af76723f9bb5e1576a82
SA-real-70400,S2,0,93,True,True,True,20.0,1111111111,,a47be7464659f75e69ef6f7165a7b057a0fd433ed180af76723f9bb5e1576a82
SA-real-70400,S2,0,94,True,True,True,20.0,1111111111,,a47be7464659f75e69ef6f7165a7b057a0fd433ed180af76723f9bb5e1576a82
SA-real-70400,S2,0,95,True,True,True,20.0,1111111111,,a47be7464659f75e69ef6f7165a7b057a0fd433ed180af76723f9bb5e1576a82
SA-real-70400,S2,0,96,True,True,True,20.0,1111111111,,a47be7464659f75e69ef6f7165a7b057a0fd433ed180af76723f9bb5e1576a82
SA-real-70400,S2,0,97,True,True,True,20.0,1111111111,,a47be7464659f75e69ef6f7165a7b057a0fd433ed180af76723f9bb5e1576a82
SA-real-70400,S2,0,98,True,True,True,20.0,1111111111,,a47be7464659f75e69ef6f7165a7b057a0fd433ed180af76723f9bb5e1576a82
SA-real-70400,S2,0,99,True,True,True,20.0,1111111111,,a47be7464659f75e69ef6f7165a7b057a0fd433ed180af76723f9bb5e1576a82
SA-real-70400,S2,0,100,True,True,True,20.0,1111111111,,a47be7464659f75e69ef6f7165a7b057a0fd433ed180af76723f9bb5e1576a82
SA-real-70400,S2,0,101,True,True,True,20.0,1111111111,,a47be7464659f75e69ef6f7165a7b057a0fd433ed180af76723f9bb5e1576a82
SA-real-70400,S2,0,102,True,True,True,20.0,1111111111,,a47be7464659f75e69ef6f7165a7b057a0fd433ed180af76723f9bb5e1576a82
SA-real-70400,S2,0,103,True,True,True,20.0,1111111111,,a47be7464659f75e69ef6f7165a7b057a0fd433ed180af76723f9bb5e1576a82
SA-real-70400,S2,0,104,True,True,True,20.0,1111111111,,a47be7464659f75e69ef6f7165a7b057a0fd433ed180af76723f9bb5e1576a82
SA-real-70400,S2,0,105,True,True,True,20.0,1111111111,,a47be7464659f75e69ef6f7165a7b057a0fd433ed180af76723f9bb5e1576a82
SA-real-70400,S2,0,106,False,True,True,20.0,0111111111,,a47be7464659f75e69ef6f7165a7b057a0fd433ed180af76723f9bb5e1576a82
SA-real-70400,S2,0,107,True,True,True,20.0,1111111111,,a47be7464659f75e69ef6f7165a7b057a0fd433ed180af76723f9bb5e1576a82
SA-real-70400,S2,0,108,True,True,True,20.0,1111111111,,a47be7464659f75e69ef6f7165a7b057a0fd433ed180af76723f9bb5e1576a82
SA-real-70400,S2,0,109,True,True,True,20.0,1111111111,,a47be7464659f75e69ef6f7165a7b057a0fd433ed180af76723f9bb5e1576a82
SA-real-70400,S2,0,110,True,True,True,20.0,1111111111,,a47be7464659f75e69ef6f7165a7b057a0fd433ed180af76723f9bb5e1576a82
SA-real-70400,S2,0,111,True,True,True,20.0,1111111111,,a47be7464659f75e69ef6f7165a7b057a0fd433ed180af76723f9bb5e1576a82
SA-real-70400,S2,0,112,True,True,True,20.0,1111111111,,a47be7464659f75e69ef6f7165a7b057a0fd433ed180af76723f9bb5e1576a82
SA-real-70400,S2,0,113,True,True,True,20.0,1111111111,,a47be7464659f75e69ef6f7165a7b057a0fd433ed180af76723f9bb5e1576a82
SA-real-70400,S2,0,114,True,True,True,20.0,1111111111,,a47be7464659f75e69ef6f7165a7b057a0fd433ed180af76723f9bb5e1576a82
SA-real-70400,S2,0,115,True,True,True,20.0,1111111111,,a47be7464659f75e69ef6f7165a7b057a0fd433ed180af76723f9bb5e1576a82
SA-real-70400,S2,0,116,True,True,True,20.0,1111111111,,a47be7464659f75e69ef6f7165a7b057a0fd433ed180af76723f9bb5e1576a82
SA-real-70400,S2,0,117,True,True,True,20.0,1111111111,,a47be7464659f75e69ef6f7165a7b057a0fd433ed180af76723f9bb5e1576a82
SA-real-70400,S2,0,118,True,True,True,20.0,1111111111,,a47be7464659f75e69ef6f7165a7b057a0fd433ed180af76723f9bb5e1576a82
SA-real-70400,S2,0,119,True,True,True,20.0,1111111111,,a47be7464659f75e69ef6f7165a7b057a0fd433ed180af76723f9bb5e1576a82
SA-real-70400,S2,0,120,True,True,True,20.0,1111111111,,a47be7464659f75e69ef6f7165a7b057a0fd433ed180af76723f9bb5e1576a82
SA-real-70400,S2,0,121,True,True,True,20.0,1111111111,,a47be7464659f75e69ef6f7165a7b057a0fd433ed180af76723f9bb5e1576a82
SA-real-70400,S2,0,122,True,True,True,20.0,1111111111,,a47be7464659f75e69ef6f7165a7b057a0fd433ed180af76723f9bb5e1576a82
SA-real-70400,S2,0,123,True,True,True,20.0,1111111111,,a47be7464659f75e69ef6f7165a7b057a0fd433ed180af76723f9bb5e1576a82
SA-real-70400,S2,0,124,False,True,True,20.0,0111111111,,a47be7464659f75e69ef6f7165a7b057a0fd433ed180af76723f9bb5e1576a82
SA-real-70400,S2,0,125,False,True,True,20.0,0111111111,,a47be7464659f75e69ef6f7165a7b057a0fd433ed180af76723f9bb5e1576a82
SA-real-70400,S2,0,126,False,True,True,20.0,0111111111,,a47be7464659f75e69ef6f7165a7b057a0fd433ed180af76723f9bb5e1576a82
SA-real-70400,S2,0,127,True,True,True,20.0,1111111111,,a47be7464659f75e69ef6f7165a7b057a0fd433ed180af76723f9bb5e1576a82
SA-real-70400,S2,1,0,True,True,True,20.0,1111111111,,a47be7464659f75e69ef6f7165a7b057a0fd433ed180af76723f9bb5e1576a82
SA-real-70400,S2,1,1,True,True,True,20.0,1111111111,,a47be7464659f75e69ef6f7165a7b057a0fd433ed180af76723f9bb5e1576a82
SA-real-70400,S2,1,2,True,True,True,20.0,1111111111,,a47be7464659f75e69ef6f7165a7b057a0fd433ed180af76723f9bb5e1576a82
SA-real-70400,S2,1,3,True,True,True,20.0,1111111111,,a47be7464659f75e69ef6f7165a7b057a0fd433ed180af76723f9bb5e1576a82
SA-real-70400,S2,1,4,True,True,True,20.0,1111111111,,a47be7464659f75e69ef6f7165a7b057a0fd433ed180af76723f9bb5e1576a82
SA-real-70400,S2,1,5,True,True,True,20.0,1111111111,,a47be7464659f75e69ef6f7165a7b057a0fd433ed180af76723f9bb5e1576a82
SA-real-70400,S2,1,6,True,True,True,20.0,1111111111,,a47be7464659f75e69ef6f7165a7b057a0fd433ed180af76723f9bb5e1576a82
SA-real-70400,S2,1,7,False,True,True,20.0,0111111111,,a47be7464659f75e69ef6f7165a7b057a0fd433ed180af76723f9bb5e1576a82
SA-real-70400,S2,1,8,True,True,True,20.0,1111111111,,a47be7464659f75e69ef6f7165a7b057a0fd433ed180af76723f9bb5e1576a82
SA-real-70400,S2,1,9,True,True,True,20.0,1111111111,,a47be7464659f75e69ef6f7165a7b057a0fd433ed180af76723f9bb5e1576a82
SA-real-70400,S2,1,10,True,True,True,20.0,1111111111,,a47be7464659f75e69ef6f7165a7b057a0fd433ed180af76723f9bb5e1576a82
SA-real-70400,S2,1,11,True,True,True,20.0,1111111111,,a47be7464659f75e69ef6f7165a7b057a0fd433ed180af76723f9bb5e1576a82
SA-real-70400,S2,1,12,True,True,True,20.0,1111111111,,a47be7464659f75e69ef6f7165a7b057a0fd433ed180af76723f9bb5e1576a82
SA-real-70400,S2,1,13,True,True,True,20.0,1111111111,,a47be7464659f75e69ef6f7165a7b057a0fd433ed180af76723f9bb5e1576a82
SA-real-70400,S2,1,14,True,True,True,20.0,1111111111,,a47be7464659f75e69ef6f7165a7b057a0fd433ed180af76723f9bb5e1576a82
SA-real-70400,S2,1,15,True,True,True,20.0,1111111111,,a47be7464659f75e69ef6f7165a7b057a0fd433ed180af76723f9bb5e1576a82
SA-real-70400,S2,1,16,True,True,True,20.0,1111111111,,a47be7464659f75e69ef6f7165a7b057a0fd433ed180af76723f9bb5e1576a82
SA-real-70400,S2,1,17,True,True,True,20.0,1111111111,,a47be7464659f75e69ef6f7165a7b057a0fd433ed180af76723f9bb5e1576a82
SA-real-70400,S2,1,18,True,True,True,20.0,1111111111,,a47be7464659f75e69ef6f7165a7b057a0fd433ed180af76723f9bb5e1576a82
SA-real-70400,S2,1,19,True,True,True,20.0,1111111111,,a47be7464659f75e69ef6f7165a7b057a0fd433ed180af76723f9bb5e1576a82
SA-real-70400,S2,1,20,True,True,True,20.0,1111111111,,a47be7464659f75e69ef6f7165a7b057a0fd433ed180af76723f9bb5e1576a82
SA-real-70400,S2,1,21,True,True,True,20.0,1111111111,,a47be7464659f75e69ef6f7165a7b057a0fd433ed180af76723f9bb5e1576a82
SA-real-70400,S2,1,22,True,True,True,20.0,1111111111,,a47be7464659f75e69ef6f7165a7b057a0fd433ed180af76723f9bb5e1576a82
SA-real-70400,S2,1,23,True,True,True,20.0,1111111111,,a47be7464659f75e69ef6f7165a7b057a0fd433ed180af76723f9bb5e1576a82
SA-real-70400,S2,1,24,True,True,True,20.0,1111111111,,a47be7464659f75e69ef6f7165a7b057a0fd433ed180af76723f9bb5e1576a82
SA-real-70400,S2,1,25,True,True,True,20.0,1111111111,,a47be7464659f75e69ef6f7165a7b057a0fd433ed180af76723f9bb5e1576a82
SA-real-70400,S2,1,26,True,True,True,20.0,1111111111,,a47be7464659f75e69ef6f7165a7b057a0fd433ed180af76723f9bb5e1576a82
SA-real-70400,S2,1,27,True,True,True,20.0,1111111111,,a47be7464659f75e69ef6f7165a7b057a0fd433ed180af76723f9bb5e1576a82
SA-real-70400,S2,1,28,False,False,True,18.533333333333335,1111111111,,a47be7464659f75e69ef6f7165a7b057a0fd433ed180af76723f9bb5e1576a82
SA-real-70400,S2,1,29,True,True,True,20.0,1111111111,,a47be7464659f75e69ef6f7165a7b057a0fd433ed180af76723f9bb5e1576a82
SA-real-70400,S2,1,30,True,True,True,20.0,1111111111,,a47be7464659f75e69ef6f7165a7b057a0fd433ed180af76723f9bb5e1576a82
SA-real-70400,S2,1,31,True,True,True,20.0,1111111111,,a47be7464659f75e69ef6f7165a7b057a0fd433ed180af76723f9bb5e1576a82
SA-real-70400,S2,1,32,True,True,True,20.0,1111111111,,a47be7464659f75e69ef6f7165a7b057a0fd433ed180af76723f9bb5e1576a82
SA-real-70400,S2,1,33,True,True,True,20.0,1111111111,,a47be7464659f75e69ef6f7165a7b057a0fd433ed180af76723f9bb5e1576a82
SA-real-70400,S2,1,34,True,True,True,20.0,1111111111,,a47be7464659f75e69ef6f7165a7b057a0fd433ed180af76723f9bb5e1576a82
SA-real-70400,S2,1,35,False,True,True,20.0,0101111111,,a47be7464659f75e69ef6f7165a7b057a0fd433ed180af76723f9bb5e1576a82
SA-real-70400,S2,1,36,True,True,True,20.0,1111111111,,a47be7464659f75e69ef6f7165a7b057a0fd433ed180af76723f9bb5e1576a82
SA-real-70400,S2,1,37,True,True,True,20.0,1111111111,,a47be7464659f75e69ef6f7165a7b057a0fd433ed180af76723f9bb5e1576a82
SA-real-70400,S2,1,38,False,True,True,20.0,0111111111,,a47be7464659f75e69ef6f7165a7b057a0fd433ed180af76723f9bb5e1576a82
SA-real-70400,S2,1,39,True,True,True,20.0,1111111111,,a47be7464659f75e69ef6f7165a7b057a0fd433ed180af76723f9bb5e1576a82
SA-real-70400,S2,1,40,True,True,True,20.0,1111111111,,a47be7464659f75e69ef6f7165a7b057a0fd433ed180af76723f9bb5e1576a82
SA-real-70400,S2,1,41,True,True,True,20.0,1111111111,,a47be7464659f75e69ef6f7165a7b057a0fd433ed180af76723f9bb5e1576a82
SA-real-70400,S2,1,42,True,True,True,20.0,1111111111,,a47be7464659f75e69ef6f7165a7b057a0fd433ed180af76723f9bb5e1576a82
SA-real-70400,S2,1,43,True,True,True,20.0,1111111111,,a47be7464659f75e69ef6f7165a7b057a0fd433ed180af76723f9bb5e1576a82
SA-real-70400,S2,1,44,True,True,True,20.0,1111111111,,a47be7464659f75e69ef6f7165a7b057a0fd433ed180af76723f9bb5e1576a82
SA-real-70400,S2,1,45,True,True,True,20.0,1111111111,,a47be7464659f75e69ef6f7165a7b057a0fd433ed180af76723f9bb5e1576a82
SA-real-70400,S2,1,46,False,True,True,20.0,0111111111,,a47be7464659f75e69ef6f7165a7b057a0fd433ed180af76723f9bb5e1576a82
SA-real-70400,S2,1,47,True,True,True,20.0,1111111111,,a47be7464659f75e69ef6f7165a7b057a0fd433ed180af76723f9bb5e1576a82
SA-real-70400,S2,1,48,True,True,True,20.0,1111111111,,a47be7464659f75e69ef6f7165a7b057a0fd433ed180af76723f9bb5e1576a82
SA-real-70400,S2,1,49,True,True,True,20.0,1111111111,,a47be7464659f75e69ef6f7165a7b057a0fd433ed180af76723f9bb5e1576a82
SA-real-70400,S2,1,50,True,True,True,20.0,1111111111,,a47be7464659f75e69ef6f7165a7b057a0fd433ed180af76723f9bb5e1576a82
SA-real-70400,S2,1,51,True,True,True,20.0,1111111111,,a47be7464659f75e69ef6f7165a7b057a0fd433ed180af76723f9bb5e1576a82
SA-real-70400,S2,1,52,True,True,True,20.0,1111111111,,a47be7464659f75e69ef6f7165a7b057a0fd433ed180af76723f9bb5e1576a82
SA-real-70400,S2,1,53,True,True,True,20.0,1111111111,,a47be7464659f75e69ef6f7165a7b057a0fd433ed180af76723f9bb5e1576a82
SA-real-70400,S2,1,54,True,True,True,20.0,1111111111,,a47be7464659f75e69ef6f7165a7b057a0fd433ed180af76723f9bb5e1576a82
SA-real-70400,S2,1,55,True,True,True,20.0,1111111111,,a47be7464659f75e69ef6f7165a7b057a0fd433ed180af76723f9bb5e1576a82
SA-real-70400,S2,1,56,False,True,True,20.0,0101011111,,a47be7464659f75e69ef6f7165a7b057a0fd433ed180af76723f9bb5e1576a82
SA-real-70400,S2,1,57,True,True,True,20.0,1111111111,,a47be7464659f75e69ef6f7165a7b057a0fd433ed180af76723f9bb5e1576a82
SA-real-70400,S2,1,58,True,True,True,20.0,1111111111,,a47be7464659f75e69ef6f7165a7b057a0fd433ed180af76723f9bb5e1576a82
SA-real-70400,S2,1,59,True,True,True,20.0,1111111111,,a47be7464659f75e69ef6f7165a7b057a0fd433ed180af76723f9bb5e1576a82
SA-real-70400,S2,1,60,False,True,True,20.0,0101111111,,a47be7464659f75e69ef6f7165a7b057a0fd433ed180af76723f9bb5e1576a82
SA-real-70400,S2,1,61,True,True,True,20.0,1111111111,,a47be7464659f75e69ef6f7165a7b057a0fd433ed180af76723f9bb5e1576a82
SA-real-70400,S2,1,62,True,True,True,20.0,1111111111,,a47be7464659f75e69ef6f7165a7b057a0fd433ed180af76723f9bb5e1576a82
SA-real-70400,S2,1,63,True,True,True,20.0,1111111111,,a47be7464659f75e69ef6f7165a7b057a0fd433ed180af76723f9bb5e1576a82
SA-real-70400,S2,1,64,False,True,True,20.0,0111111111,,a47be7464659f75e69ef6f7165a7b057a0fd433ed180af76723f9bb5e1576a82
SA-real-70400,S2,1,65,True,True,True,20.0,1111111111,,a47be7464659f75e69ef6f7165a7b057a0fd433ed180af76723f9bb5e1576a82
SA-real-70400,S2,1,66,True,True,True,20.0,1111111111,,a47be7464659f75e69ef6f7165a7b057a0fd433ed180af76723f9bb5e1576a82
SA-real-70400,S2,1,67,True,True,True,20.0,1111111111,,a47be7464659f75e69ef6f7165a7b057a0fd433ed180af76723f9bb5e1576a82
SA-real-70400,S2,1,68,True,True,True,20.0,1111111111,,a47be7464659f75e69ef6f7165a7b057a0fd433ed180af76723f9bb5e1576a82
SA-real-70400,S2,1,69,True,True,True,20.0,1111111111,,a47be7464659f75e69ef6f7165a7b057a0fd433ed180af76723f9bb5e1576a82
SA-real-70400,S2,1,70,True,True,True,20.0,1111111111,,a47be7464659f75e69ef6f7165a7b057a0fd433ed180af76723f9bb5e1576a82
SA-real-70400,S2,1,71,False,True,True,20.0,0101111111,,a47be7464659f75e69ef6f7165a7b057a0fd433ed180af76723f9bb5e1576a82
SA-real-70400,S2,1,72,True,True,True,20.0,1111111111,,a47be7464659f75e69ef6f7165a7b057a0fd433ed180af76723f9bb5e1576a82
SA-real-70400,S2,1,73,True,True,True,20.0,1111111111,,a47be7464659f75e69ef6f7165a7b057a0fd433ed180af76723f9bb5e1576a82
SA-real-70400,S2,1,74,True,True,True,20.0,1111111111,,a47be7464659f75e69ef6f7165a7b057a0fd433ed180af76723f9bb5e1576a82
SA-real-70400,S2,1,75,True,True,True,20.0,1111111111,,a47be7464659f75e69ef6f7165a7b057a0fd433ed180af76723f9bb5e1576a82
SA-real-70400,S2,1,76,True,True,True,20.0,1111111111,,a47be7464659f75e69ef6f7165a7b057a0fd433ed180af76723f9bb5e1576a82
SA-real-70400,S2,1,77,True,True,True,20.0,1111111111,,a47be7464659f75e69ef6f7165a7b057a0fd433ed180af76723f9bb5e1576a82
SA-real-70400,S2,1,78,True,True,True,20.0,1111111111,,a47be7464659f75e69ef6f7165a7b057a0fd433ed180af76723f9bb5e1576a82
SA-real-70400,S2,1,79,True,True,True,20.0,1111111111,,a47be7464659f75e69ef6f7165a7b057a0fd433ed180af76723f9bb5e1576a82
SA-real-70400,S2,1,80,False,False,True,18.533333333333335,1111111111,,a47be7464659f75e69ef6f7165a7b057a0fd433ed180af76723f9bb5e1576a82
SA-real-70400,S2,1,81,True,True,True,20.0,1111111111,,a47be7464659f75e69ef6f7165a7b057a0fd433ed180af76723f9bb5e1576a82
SA-real-70400,S2,1,82,True,True,True,20.0,1111111111,,a47be7464659f75e69ef6f7165a7b057a0fd433ed180af76723f9bb5e1576a82
SA-real-70400,S2,1,83,True,True,True,20.0,1111111111,,a47be7464659f75e69ef6f7165a7b057a0fd433ed180af76723f9bb5e1576a82
SA-real-70400,S2,1,84,True,True,True,20.0,1111111111,,a47be7464659f75e69ef6f7165a7b057a0fd433ed180af76723f9bb5e1576a82
SA-real-70400,S2,1,85,True,True,True,20.0,1111111111,,a47be7464659f75e69ef6f7165a7b057a0fd433ed180af76723f9bb5e1576a82
SA-real-70400,S2,1,86,False,True,True,20.0,0111111111,,a47be7464659f75e69ef6f7165a7b057a0fd433ed180af76723f9bb5e1576a82
SA-real-70400,S2,1,87,True,True,True,20.0,1111111111,,a47be7464659f75e69ef6f7165a7b057a0fd433ed180af76723f9bb5e1576a82
SA-real-70400,S2,1,88,True,True,True,20.0,1111111111,,a47be7464659f75e69ef6f7165a7b057a0fd433ed180af76723f9bb5e1576a82
SA-real-70400,S2,1,89,True,True,True,20.0,1111111111,,a47be7464659f75e69ef6f7165a7b057a0fd433ed180af76723f9bb5e1576a82
SA-real-70400,S2,1,90,True,True,True,20.0,1111111111,,a47be7464659f75e69ef6f7165a7b057a0fd433ed180af76723f9bb5e1576a82
SA-real-70400,S2,1,91,True,True,True,20.0,1111111111,,a47be7464659f75e69ef6f7165a7b057a0fd433ed180af76723f9bb5e1576a82
SA-real-70400,S2,1,92,True,True,True,20.0,1111111111,,a47be7464659f75e69ef6f7165a7b057a0fd433ed180af76723f9bb5e1576a82
SA-real-70400,S2,1,93,False,True,True,20.0,0111111111,,a47be7464659f75e69ef6f7165a7b057a0fd433ed180af76723f9bb5e1576a82
SA-real-70400,S2,1,94,True,True,True,20.0,1111111111,,a47be7464659f75e69ef6f7165a7b057a0fd433ed180af76723f9bb5e1576a82
SA-real-70400,S2,1,95,False,True,True,20.0,0111111111,,a47be7464659f75e69ef6f7165a7b057a0fd433ed180af76723f9bb5e1576a82
SA-real-70400,S2,1,96,True,True,True,20.0,1111111111,,a47be7464659f75e69ef6f7165a7b057a0fd433ed180af76723f9bb5e1576a82
SA-real-70400,S2,1,97,False,True,True,20.0,0101011111,,a47be7464659f75e69ef6f7165a7b057a0fd433ed180af76723f9bb5e1576a82
SA-real-70400,S2,1,98,True,True,True,20.0,1111111111,,a47be7464659f75e69ef6f7165a7b057a0fd433ed180af76723f9bb5e1576a82
SA-real-70400,S2,1,99,True,True,True,20.0,1111111111,,a47be7464659f75e69ef6f7165a7b057a0fd433ed180af76723f9bb5e1576a82
SA-real-70400,S2,1,100,True,True,True,20.0,1111111111,,a47be7464659f75e69ef6f7165a7b057a0fd433ed180af76723f9bb5e1576a82
SA-real-70400,S2,1,101,True,True,True,20.0,1111111111,,a47be7464659f75e69ef6f7165a7b057a0fd433ed180af76723f9bb5e1576a82
SA-real-70400,S2,1,102,False,False,True,17.8,0111010111,,a47be7464659f75e69ef6f7165a7b057a0fd433ed180af76723f9bb5e1576a82
SA-real-70400,S2,1,103,False,True,True,20.0,0111111111,,a47be7464659f75e69ef6f7165a7b057a0fd433ed180af76723f9bb5e1576a82
SA-real-70400,S2,1,104,False,True,True,20.0,0111111111,,a47be7464659f75e69ef6f7165a7b057a0fd433ed180af76723f9bb5e1576a82
SA-real-70400,S2,1,105,True,True,True,20.0,1111111111,,a47be7464659f75e69ef6f7165a7b057a0fd433ed180af76723f9bb5e1576a82
SA-real-70400,S2,1,106,True,True,True,20.0,1111111111,,a47be7464659f75e69ef6f7165a7b057a0fd433ed180af76723f9bb5e1576a82
SA-real-70400,S2,1,107,True,True,True,20.0,1111111111,,a47be7464659f75e69ef6f7165a7b057a0fd433ed180af76723f9bb5e1576a82
SA-real-70400,S2,1,108,True,True,True,20.0,1111111111,,a47be7464659f75e69ef6f7165a7b057a0fd433ed180af76723f9bb5e1576a82
SA-real-70400,S2,1,109,True,True,True,20.0,1111111111,,a47be7464659f75e69ef6f7165a7b057a0fd433ed180af76723f9bb5e1576a82
SA-real-70400,S2,1,110,True,True,True,20.0,1111111111,,a47be7464659f75e69ef6f7165a7b057a0fd433ed180af76723f9bb5e1576a82
SA-real-70400,S2,1,111,True,True,True,20.0,1111111111,,a47be7464659f75e69ef6f7165a7b057a0fd433ed180af76723f9bb5e1576a82
SA-real-70400,S2,1,112,True,True,True,20.0,1111111111,,a47be7464659f75e69ef6f7165a7b057a0fd433ed180af76723f9bb5e1576a82
SA-real-70400,S2,1,113,True,True,True,20.0,1111111111,,a47be7464659f75e69ef6f7165a7b057a0fd433ed180af76723f9bb5e1576a82
SA-real-70400,S2,1,114,True,True,True,20.0,1111111111,,a47be7464659f75e69ef6f7165a7b057a0fd433ed180af76723f9bb5e1576a82
SA-real-70400,S2,1,115,True,True,True,20.0,1111111111,,a47be7464659f75e69ef6f7165a7b057a0fd433ed180af76723f9bb5e1576a82
SA-real-70400,S2,1,116,True,True,True,20.0,1111111111,,a47be7464659f75e69ef6f7165a7b057a0fd433ed180af76723f9bb5e1576a82
SA-real-70400,S2,1,117,True,True,True,20.0,1111111111,,a47be7464659f75e69ef6f7165a7b057a0fd433ed180af76723f9bb5e1576a82
SA-real-70400,S2,1,118,False,True,True,20.0,0111111111,,a47be7464659f75e69ef6f7165a7b057a0fd433ed180af76723f9bb5e1576a82
SA-real-70400,S2,1,119,False,True,True,20.0,0111111111,,a47be7464659f75e69ef6f7165a7b057a0fd433ed180af76723f9bb5e1576a82
SA-real-70400,S2,1,120,True,True,True,20.0,1111111111,,a47be7464659f75e69ef6f7165a7b057a0fd433ed180af76723f9bb5e1576a82
SA-real-70400,S2,1,121,True,True,True,20.0,1111111111,,a47be7464659f75e69ef6f7165a7b057a0fd433ed180af76723f9bb5e1576a82
SA-real-70400,S2,1,122,True,True,True,20.0,1111111111,,a47be7464659f75e69ef6f7165a7b057a0fd433ed180af76723f9bb5e1576a82
SA-real-70400,S2,1,123,True,True,True,20.0,1111111111,,a47be7464659f75e69ef6f7165a7b057a0fd433ed180af76723f9bb5e1576a82
SA-real-70400,S2,1,124,False,True,True,20.0,0111111111,,a47be7464659f75e69ef6f7165a7b057a0fd433ed180af76723f9bb5e1576a82
SA-real-70400,S2,1,125,True,True,True,20.0,1111111111,,a47be7464659f75e69ef6f7165a7b057a0fd433ed180af76723f9bb5e1576a82
SA-real-70400,S2,1,126,True,True,True,20.0,1111111111,,a47be7464659f75e69ef6f7165a7b057a0fd433ed180af76723f9bb5e1576a82
SA-real-70400,S2,1,127,True,True,True,20.0,1111111111,,a47be7464659f75e69ef6f7165a7b057a0fd433ed180af76723f9bb5e1576a82
SA-real-70400,S2,2,0,True,True,True,20.0,1111111111,,a47be7464659f75e69ef6f7165a7b057a0fd433ed180af76723f9bb5e1576a82
SA-real-70400,S2,2,1,True,True,True,20.0,1111111111,,a47be7464659f75e69ef6f7165a7b057a0fd433ed180af76723f9bb5e1576a82
SA-real-70400,S2,2,2,True,True,True,20.0,1111111111,,a47be7464659f75e69ef6f7165a7b057a0fd433ed180af76723f9bb5e1576a82
SA-real-70400,S2,2,3,True,True,True,20.0,1111111111,,a47be7464659f75e69ef6f7165a7b057a0fd433ed180af76723f9bb5e1576a82
SA-real-70400,S2,2,4,True,True,True,20.0,1111111111,,a47be7464659f75e69ef6f7165a7b057a0fd433ed180af76723f9bb5e1576a82
SA-real-70400,S2,2,5,True,True,True,20.0,1111111111,,a47be7464659f75e69ef6f7165a7b057a0fd433ed180af76723f9bb5e1576a82
SA-real-70400,S2,2,6,True,True,True,20.0,1111111111,,a47be7464659f75e69ef6f7165a7b057a0fd433ed180af76723f9bb5e1576a82
SA-real-70400,S2,2,7,True,True,True,20.0,1111111111,,a47be7464659f75e69ef6f7165a7b057a0fd433ed180af76723f9bb5e1576a82
SA-real-70400,S2,2,8,True,True,True,20.0,1111111111,,a47be7464659f75e69ef6f7165a7b057a0fd433ed180af76723f9bb5e1576a82
SA-real-70400,S2,2,9,True,True,True,20.0,1111111111,,a47be7464659f75e69ef6f7165a7b057a0fd433ed180af76723f9bb5e1576a82
SA-real-70400,S2,2,10,True,True,True,20.0,1111111111,,a47be7464659f75e69ef6f7165a7b057a0fd433ed180af76723f9bb5e1576a82
SA-real-70400,S2,2,11,True,True,True,20.0,1111111111,,a47be7464659f75e69ef6f7165a7b057a0fd433ed180af76723f9bb5e1576a82
SA-real-70400,S2,2,12,True,True,True,20.0,1111111111,,a47be7464659f75e69ef6f7165a7b057a0fd433ed180af76723f9bb5e1576a82
SA-real-70400,S2,2,13,True,True,True,20.0,1111111111,,a47be7464659f75e69ef6f7165a7b057a0fd433ed180af76723f9bb5e1576a82
SA-real-70400,S2,2,14,True,True,True,20.0,1111111111,,a47be7464659f75e69ef6f7165a7b057a0fd433ed180af76723f9bb5e1576a82
SA-real-70400,S2,2,15,False,True,True,20.0,1111010101,,a47be7464659f75e69ef6f7165a7b057a0fd433ed180af76723f9bb5e1576a82
SA-real-70400,S2,2,16,True,True,True,20.0,1111111111,,a47be7464659f75e69ef6f7165a7b057a0fd433ed180af76723f9bb5e1576a82
SA-real-70400,S2,2,17,True,True,True,20.0,1111111111,,a47be7464659f75e69ef6f7165a7b057a0fd433ed180af76723f9bb5e1576a82
SA-real-70400,S2,2,18,True,True,True,20.0,1111111111,,a47be7464659f75e69ef6f7165a7b057a0fd433ed180af76723f9bb5e1576a82
SA-real-70400,S2,2,19,True,True,True,20.0,1111111111,,a47be7464659f75e69ef6f7165a7b057a0fd433ed180af76723f9bb5e1576a82
SA-real-70400,S2,2,20,True,True,True,20.0,1111111111,,a47be7464659f75e69ef6f7165a7b057a0fd433ed180af76723f9bb5e1576a82
SA-real-70400,S2,2,21,True,True,True,20.0,1111111111,,a47be7464659f75e69ef6f7165a7b057a0fd433ed180af76723f9bb5e1576a82
SA-real-70400,S2,2,22,True,True,True,20.0,1111111111,,a47be7464659f75e69ef6f7165a7b057a0fd433ed180af76723f9bb5e1576a82
SA-real-70400,S2,2,23,True,True,True,20.0,1111111111,,a47be7464659f75e69ef6f7165a7b057a0fd433ed180af76723f9bb5e1576a82
SA-real-70400,S2,2,24,True,True,True,20.0,1111111111,,a47be7464659f75e69ef6f7165a7b057a0fd433ed180af76723f9bb5e1576a82
SA-real-70400,S2,2,25,True,True,True,20.0,1111111111,,a47be7464659f75e69ef6f7165a7b057a0fd433ed180af76723f9bb5e1576a82
SA-real-70400,S2,2,26,True,True,True,20.0,1111111111,,a47be7464659f75e69ef6f7165a7b057a0fd433ed180af76723f9bb5e1576a82
SA-real-70400,S2,2,27,False,True,True,20.0,1101111111,,a47be7464659f75e69ef6f7165a7b057a0fd433ed180af76723f9bb5e1576a82
SA-real-70400,S2,2,28,True,True,True,20.0,1111111111,,a47be7464659f75e69ef6f7165a7b057a0fd433ed180af76723f9bb5e1576a82
SA-real-70400,S2,2,29,True,True,True,20.0,1111111111,,a47be7464659f75e69ef6f7165a7b057a0fd433ed180af76723f9bb5e1576a82
SA-real-70400,S2,2,30,True,True,True,20.0,1111111111,,a47be7464659f75e69ef6f7165a7b057a0fd433ed180af76723f9bb5e1576a82
SA-real-70400,S2,2,31,True,True,True,20.0,1111111111,,a47be7464659f75e69ef6f7165a7b057a0fd433ed180af76723f9bb5e1576a82
SA-real-70400,S2,2,32,True,True,True,20.0,1111111111,,a47be7464659f75e69ef6f7165a7b057a0fd433ed180af76723f9bb5e1576a82
SA-real-70400,S2,2,33,True,True,True,20.0,1111111111,,a47be7464659f75e69ef6f7165a7b057a0fd433ed180af76723f9bb5e1576a82
SA-real-70400,S2,2,34,False,True,True,20.0,1111110101,,a47be7464659f75e69ef6f7165a7b057a0fd433ed180af76723f9bb5e1576a82
SA-real-70400,S2,2,35,True,True,True,20.0,1111111111,,a47be7464659f75e69ef6f7165a7b057a0fd433ed180af76723f9bb5e1576a82
SA-real-70400,S2,2,36,True,True,True,20.0,1111111111,,a47be7464659f75e69ef6f7165a7b057a0fd433ed180af76723f9bb5e1576a82
SA-real-70400,S2,2,37,False,True,True,20.0,0111011111,,a47be7464659f75e69ef6f7165a7b057a0fd433ed180af76723f9bb5e1576a82
SA-real-70400,S2,2,38,True,True,True,20.0,1111111111,,a47be7464659f75e69ef6f7165a7b057a0fd433ed180af76723f9bb5e1576a82
SA-real-70400,S2,2,39,True,True,True,20.0,1111111111,,a47be7464659f75e69ef6f7165a7b057a0fd433ed180af76723f9bb5e1576a82
SA-real-70400,S2,2,40,True,True,True,20.0,1111111111,,a47be7464659f75e69ef6f7165a7b057a0fd433ed180af76723f9bb5e1576a82
SA-real-70400,S2,2,41,True,True,True,20.0,1111111111,,a47be7464659f75e69ef6f7165a7b057a0fd433ed180af76723f9bb5e1576a82
SA-real-70400,S2,2,42,True,True,True,20.0,1111111111,,a47be7464659f75e69ef6f7165a7b057a0fd433ed180af76723f9bb5e1576a82
SA-real-70400,S2,2,43,True,True,True,20.0,1111111111,,a47be7464659f75e69ef6f7165a7b057a0fd433ed180af76723f9bb5e1576a82
SA-real-70400,S2,2,44,True,True,True,20.0,1111111111,,a47be7464659f75e69ef6f7165a7b057a0fd433ed180af76723f9bb5e1576a82
SA-real-70400,S2,2,45,True,True,True,20.0,1111111111,,a47be7464659f75e69ef6f7165a7b057a0fd433ed180af76723f9bb5e1576a82
SA-real-70400,S2,2,46,True,True,True,20.0,1111111111,,a47be7464659f75e69ef6f7165a7b057a0fd433ed180af76723f9bb5e1576a82
SA-real-70400,S2,2,47,True,True,True,20.0,1111111111,,a47be7464659f75e69ef6f7165a7b057a0fd433ed180af76723f9bb5e1576a82
SA-real-70400,S2,2,48,True,True,True,20.0,1111111111,,a47be7464659f75e69ef6f7165a7b057a0fd433ed180af76723f9bb5e1576a82
SA-real-70400,S2,2,49,False,True,True,20.0,0111111111,,a47be7464659f75e69ef6f7165a7b057a0fd433ed180af76723f9bb5e1576a82
SA-real-70400,S2,2,50,True,True,True,20.0,1111111111,,a47be7464659f75e69ef6f7165a7b057a0fd433ed180af76723f9bb5e1576a82
SA-real-70400,S2,2,51,True,True,True,20.0,1111111111,,a47be7464659f75e69ef6f7165a7b057a0fd433ed180af76723f9bb5e1576a82
SA-real-70400,S2,2,52,False,True,True,20.0,0111111111,,a47be7464659f75e69ef6f7165a7b057a0fd433ed180af76723f9bb5e1576a82
SA-real-70400,S2,2,53,True,True,True,20.0,1111111111,,a47be7464659f75e69ef6f7165a7b057a0fd433ed180af76723f9bb5e1576a82
SA-real-70400,S2,2,54,True,True,True,20.0,1111111111,,a47be7464659f75e69ef6f7165a7b057a0fd433ed180af76723f9bb5e1576a82
SA-real-70400,S2,2,55,True,True,True,20.0,1111111111,,a47be7464659f75e69ef6f7165a7b057a0fd433ed180af76723f9bb5e1576a82
SA-real-70400,S2,2,56,True,True,True,20.0,1111111111,,a47be7464659f75e69ef6f7165a7b057a0fd433ed180af76723f9bb5e1576a82
SA-real-70400,S2,2,57,False,True,True,20.0,1101111111,,a47be7464659f75e69ef6f7165a7b057a0fd433ed180af76723f9bb5e1576a82
SA-real-70400,S2,2,58,True,True,True,20.0,1111111111,,a47be7464659f75e69ef6f7165a7b057a0fd433ed180af76723f9bb5e1576a82
SA-real-70400,S2,2,59,True,True,True,20.0,1111111111,,a47be7464659f75e69ef6f7165a7b057a0fd433ed180af76723f9bb5e1576a82
SA-real-70400,S2,2,60,True,True,True,20.0,1111111111,,a47be7464659f75e69ef6f7165a7b057a0fd433ed180af76723f9bb5e1576a82
SA-real-70400,S2,2,61,True,True,True,20.0,1111111111,,a47be7464659f75e69ef6f7165a7b057a0fd433ed180af76723f9bb5e1576a82
SA-real-70400,S2,2,62,True,True,True,20.0,1111111111,,a47be7464659f75e69ef6f7165a7b057a0fd433ed180af76723f9bb5e1576a82
SA-real-70400,S2,2,63,False,True,True,20.0,0111111111,,a47be7464659f75e69ef6f7165a7b057a0fd433ed180af76723f9bb5e1576a82
SA-real-70400,S2,2,64,True,True,True,20.0,1111111111,,a47be7464659f75e69ef6f7165a7b057a0fd433ed180af76723f9bb5e1576a82
SA-real-70400,S2,2,65,True,True,True,20.0,1111111111,,a47be7464659f75e69ef6f7165a7b057a0fd433ed180af76723f9bb5e1576a82
SA-real-70400,S2,2,66,True,True,True,20.0,1111111111,,a47be7464659f75e69ef6f7165a7b057a0fd433ed180af76723f9bb5e1576a82
SA-real-70400,S2,2,67,True,True,True,20.0,1111111111,,a47be7464659f75e69ef6f7165a7b057a0fd433ed180af76723f9bb5e1576a82
SA-real-70400,S2,2,68,True,True,True,20.0,1111111111,,a47be7464659f75e69ef6f7165a7b057a0fd433ed180af76723f9bb5e1576a82
SA-real-70400,S2,2,69,True,True,True,20.0,1111111111,,a47be7464659f75e69ef6f7165a7b057a0fd433ed180af76723f9bb5e1576a82
SA-real-70400,S2,2,70,True,True,True,20.0,1111111111,,a47be7464659f75e69ef6f7165a7b057a0fd433ed180af76723f9bb5e1576a82
SA-real-70400,S2,2,71,True,True,True,20.0,1111111111,,a47be7464659f75e69ef6f7165a7b057a0fd433ed180af76723f9bb5e1576a82
SA-real-70400,S2,2,72,True,True,True,20.0,1111111111,,a47be7464659f75e69ef6f7165a7b057a0fd433ed180af76723f9bb5e1576a82
SA-real-70400,S2,2,73,False,True,True,20.0,0101011111,,a47be7464659f75e69ef6f7165a7b057a0fd433ed180af76723f9bb5e1576a82
SA-real-70400,S2,2,74,False,True,True,20.0,0101110111,,a47be7464659f75e69ef6f7165a7b057a0fd433ed180af76723f9bb5e1576a82
SA-real-70400,S2,2,75,True,True,True,20.0,1111111111,,a47be7464659f75e69ef6f7165a7b057a0fd433ed180af76723f9bb5e1576a82
SA-real-70400,S2,2,76,True,True,True,20.0,1111111111,,a47be7464659f75e69ef6f7165a7b057a0fd433ed180af76723f9bb5e1576a82
SA-real-70400,S2,2,77,True,True,True,20.0,1111111111,,a47be7464659f75e69ef6f7165a7b057a0fd433ed180af76723f9bb5e1576a82
SA-real-70400,S2,2,78,True,True,True,20.0,1111111111,,a47be7464659f75e69ef6f7165a7b057a0fd433ed180af76723f9bb5e1576a82
SA-real-70400,S2,2,79,True,True,True,20.0,1111111111,,a47be7464659f75e69ef6f7165a7b057a0fd433ed180af76723f9bb5e1576a82
SA-real-70400,S2,2,80,True,True,True,20.0,1111111111,,a47be7464659f75e69ef6f7165a7b057a0fd433ed180af76723f9bb5e1576a82
SA-real-70400,S2,2,81,False,True,True,20.0,1111111101,,a47be7464659f75e69ef6f7165a7b057a0fd433ed180af76723f9bb5e1576a82
SA-real-70400,S2,2,82,True,True,True,20.0,1111111111,,a47be7464659f75e69ef6f7165a7b057a0fd433ed180af76723f9bb5e1576a82
SA-real-70400,S2,2,83,True,True,True,20.0,1111111111,,a47be7464659f75e69ef6f7165a7b057a0fd433ed180af76723f9bb5e1576a82
SA-real-70400,S2,2,84,True,True,True,20.0,1111111111,,a47be7464659f75e69ef6f7165a7b057a0fd433ed180af76723f9bb5e1576a82
SA-real-70400,S2,2,85,True,True,True,20.0,1111111111,,a47be7464659f75e69ef6f7165a7b057a0fd433ed180af76723f9bb5e1576a82
SA-real-70400,S2,2,86,True,True,True,20.0,1111111111,,a47be7464659f75e69ef6f7165a7b057a0fd433ed180af76723f9bb5e1576a82
SA-real-70400,S2,2,87,True,True,True,20.0,1111111111,,a47be7464659f75e69ef6f7165a7b057a0fd433ed180af76723f9bb5e1576a82
SA-real-70400,S2,2,88,True,True,True,20.0,1111111111,,a47be7464659f75e69ef6f7165a7b057a0fd433ed180af76723f9bb5e1576a82
SA-real-70400,S2,2,89,True,True,True,20.0,1111111111,,a47be7464659f75e69ef6f7165a7b057a0fd433ed180af76723f9bb5e1576a82
SA-real-70400,S2,2,90,True,True,True,20.0,1111111111,,a47be7464659f75e69ef6f7165a7b057a0fd433ed180af76723f9bb5e1576a82
SA-real-70400,S2,2,91,True,True,True,20.0,1111111111,,a47be7464659f75e69ef6f7165a7b057a0fd433ed180af76723f9bb5e1576a82
SA-real-70400,S2,2,92,True,True,True,20.0,1111111111,,a47be7464659f75e69ef6f7165a7b057a0fd433ed180af76723f9bb5e1576a82
SA-real-70400,S2,2,93,True,True,True,20.0,1111111111,,a47be7464659f75e69ef6f7165a7b057a0fd433ed180af76723f9bb5e1576a82
SA-real-70400,S2,2,94,True,True,True,20.0,1111111111,,a47be7464659f75e69ef6f7165a7b057a0fd433ed180af76723f9bb5e1576a82
SA-real-70400,S2,2,95,True,True,True,20.0,1111111111,,a47be7464659f75e69ef6f7165a7b057a0fd433ed180af76723f9bb5e1576a82
SA-real-70400,S2,2,96,False,True,True,20.0,1101010111,,a47be7464659f75e69ef6f7165a7b057a0fd433ed180af76723f9bb5e1576a82
SA-real-70400,S2,2,97,False,True,True,20.0,0111111111,,a47be7464659f75e69ef6f7165a7b057a0fd433ed180af76723f9bb5e1576a82
SA-real-70400,S2,2,98,True,True,True,20.0,1111111111,,a47be7464659f75e69ef6f7165a7b057a0fd433ed180af76723f9bb5e1576a82
SA-real-70400,S2,2,99,True,True,True,20.0,1111111111,,a47be7464659f75e69ef6f7165a7b057a0fd433ed180af76723f9bb5e1576a82
SA-real-70400,S2,2,100,True,True,True,20.0,1111111111,,a47be7464659f75e69ef6f7165a7b057a0fd433ed180af76723f9bb5e1576a82
SA-real-70400,S2,2,101,True,True,True,20.0,1111111111,,a47be7464659f75e69ef6f7165a7b057a0fd433ed180af76723f9bb5e1576a82
SA-real-70400,S2,2,102,False,True,True,20.0,1111111101,,a47be7464659f75e69ef6f7165a7b057a0fd433ed180af76723f9bb5e1576a82
SA-real-70400,S2,2,103,True,True,True,20.0,1111111111,,a47be7464659f75e69ef6f7165a7b057a0fd433ed180af76723f9bb5e1576a82
SA-real-70400,S2,2,104,False,True,True,20.0,1111111101,,a47be7464659f75e69ef6f7165a7b057a0fd433ed180af76723f9bb5e1576a82
SA-real-70400,S2,2,105,True,True,True,20.0,1111111111,,a47be7464659f75e69ef6f7165a7b057a0fd433ed180af76723f9bb5e1576a82
SA-real-70400,S2,2,106,True,True,True,20.0,1111111111,,a47be7464659f75e69ef6f7165a7b057a0fd433ed180af76723f9bb5e1576a82
SA-real-70400,S2,2,107,True,True,True,20.0,1111111111,,a47be7464659f75e69ef6f7165a7b057a0fd433ed180af76723f9bb5e1576a82
SA-real-70400,S2,2,108,True,True,True,20.0,1111111111,,a47be7464659f75e69ef6f7165a7b057a0fd433ed180af76723f9bb5e1576a82
SA-real-70400,S2,2,109,True,True,True,20.0,1111111111,,a47be7464659f75e69ef6f7165a7b057a0fd433ed180af76723f9bb5e1576a82
SA-real-70400,S2,2,110,True,True,True,20.0,1111111111,,a47be7464659f75e69ef6f7165a7b057a0fd433ed180af76723f9bb5e1576a82
SA-real-70400,S2,2,111,True,True,True,20.0,1111111111,,a47be7464659f75e69ef6f7165a7b057a0fd433ed180af76723f9bb5e1576a82
SA-real-70400,S2,2,112,True,True,True,20.0,1111111111,,a47be7464659f75e69ef6f7165a7b057a0fd433ed180af76723f9bb5e1576a82
SA-real-70400,S2,2,113,True,True,True,20.0,1111111111,,a47be7464659f75e69ef6f7165a7b057a0fd433ed180af76723f9bb5e1576a82
SA-real-70400,S2,2,114,True,True,True,20.0,1111111111,,a47be7464659f75e69ef6f7165a7b057a0fd433ed180af76723f9bb5e1576a82
SA-real-70400,S2,2,115,True,True,True,20.0,1111111111,,a47be7464659f75e69ef6f7165a7b057a0fd433ed180af76723f9bb5e1576a82
SA-real-70400,S2,2,116,True,True,True,20.0,1111111111,,a47be7464659f75e69ef6f7165a7b057a0fd433ed180af76723f9bb5e1576a82
SA-real-70400,S2,2,117,True,True,True,20.0,1111111111,,a47be7464659f75e69ef6f7165a7b057a0fd433ed180af76723f9bb5e1576a82
SA-real-70400,S2,2,118,True,True,True,20.0,1111111111,,a47be7464659f75e69ef6f7165a7b057a0fd433ed180af76723f9bb5e1576a82
SA-real-70400,S2,2,119,True,True,True,20.0,1111111111,,a47be7464659f75e69ef6f7165a7b057a0fd433ed180af76723f9bb5e1576a82
SA-real-70400,S2,2,120,True,True,True,20.0,1111111111,,a47be7464659f75e69ef6f7165a7b057a0fd433ed180af76723f9bb5e1576a82
SA-real-70400,S2,2,121,True,True,True,20.0,1111111111,,a47be7464659f75e69ef6f7165a7b057a0fd433ed180af76723f9bb5e1576a82
SA-real-70400,S2,2,122,True,True,True,20.0,1111111111,,a47be7464659f75e69ef6f7165a7b057a0fd433ed180af76723f9bb5e1576a82
SA-real-70400,S2,2,123,True,True,True,20.0,1111111111,,a47be7464659f75e69ef6f7165a7b057a0fd433ed180af76723f9bb5e1576a82
SA-real-70400,S2,2,124,True,True,True,20.0,1111111111,,a47be7464659f75e69ef6f7165a7b057a0fd433ed180af76723f9bb5e1576a82
SA-real-70400,S2,2,125,True,True,True,20.0,1111111111,,a47be7464659f75e69ef6f7165a7b057a0fd433ed180af76723f9bb5e1576a82
SA-real-70400,S2,2,126,True,True,True,20.0,1111111111,,a47be7464659f75e69ef6f7165a7b057a0fd433ed180af76723f9bb5e1576a82
SA-real-70400,S2,2,127,True,True,True,20.0,1111111111,,a47be7464659f75e69ef6f7165a7b057a0fd433ed180af76723f9bb5e1576a82
SA-real-70400,S2,3,0,False,True,True,20.0,1111010101,,a47be7464659f75e69ef6f7165a7b057a0fd433ed180af76723f9bb5e1576a82
SA-real-70400,S2,3,1,True,True,True,20.0,1111111111,,a47be7464659f75e69ef6f7165a7b057a0fd433ed180af76723f9bb5e1576a82
SA-real-70400,S2,3,2,True,True,True,20.0,1111111111,,a47be7464659f75e69ef6f7165a7b057a0fd433ed180af76723f9bb5e1576a82
SA-real-70400,S2,3,3,True,True,True,20.0,1111111111,,a47be7464659f75e69ef6f7165a7b057a0fd433ed180af76723f9bb5e1576a82
SA-real-70400,S2,3,4,True,True,True,20.0,1111111111,,a47be7464659f75e69ef6f7165a7b057a0fd433ed180af76723f9bb5e1576a82
SA-real-70400,S2,3,5,True,True,True,20.0,1111111111,,a47be7464659f75e69ef6f7165a7b057a0fd433ed180af76723f9bb5e1576a82
SA-real-70400,S2,3,6,True,True,True,20.0,1111111111,,a47be7464659f75e69ef6f7165a7b057a0fd433ed180af76723f9bb5e1576a82
SA-real-70400,S2,3,7,True,True,True,20.0,1111111111,,a47be7464659f75e69ef6f7165a7b057a0fd433ed180af76723f9bb5e1576a82
SA-real-70400,S2,3,8,False,True,True,20.0,1111110101,,a47be7464659f75e69ef6f7165a7b057a0fd433ed180af76723f9bb5e1576a82
SA-real-70400,S2,3,9,True,True,True,20.0,1111111111,,a47be7464659f75e69ef6f7165a7b057a0fd433ed180af76723f9bb5e1576a82
SA-real-70400,S2,3,10,True,True,True,20.0,1111111111,,a47be7464659f75e69ef6f7165a7b057a0fd433ed180af76723f9bb5e1576a82
SA-real-70400,S2,3,11,True,True,True,20.0,1111111111,,a47be7464659f75e69ef6f7165a7b057a0fd433ed180af76723f9bb5e1576a82
SA-real-70400,S2,3,12,False,True,True,20.0,0101010101,,a47be7464659f75e69ef6f7165a7b057a0fd433ed180af76723f9bb5e1576a82
SA-real-70400,S2,3,13,True,True,True,20.0,1111111111,,a47be7464659f75e69ef6f7165a7b057a0fd433ed180af76723f9bb5e1576a82
SA-real-70400,S2,3,14,True,True,True,20.0,1111111111,,a47be7464659f75e69ef6f7165a7b057a0fd433ed180af76723f9bb5e1576a82
SA-real-70400,S2,3,15,True,True,True,20.0,1111111111,,a47be7464659f75e69ef6f7165a7b057a0fd433ed180af76723f9bb5e1576a82
SA-real-70400,S2,3,16,True,True,True,20.0,1111111111,,a47be7464659f75e69ef6f7165a7b057a0fd433ed180af76723f9bb5e1576a82
SA-real-70400,S2,3,17,False,True,True,20.0,1111111101,,a47be7464659f75e69ef6f7165a7b057a0fd433ed180af76723f9bb5e1576a82
SA-real-70400,S2,3,18,True,True,True,20.0,1111111111,,a47be7464659f75e69ef6f7165a7b057a0fd433ed180af76723f9bb5e1576a82
SA-real-70400,S2,3,19,True,True,True,20.0,1111111111,,a47be7464659f75e69ef6f7165a7b057a0fd433ed180af76723f9bb5e1576a82
SA-real-70400,S2,3,20,True,True,True,20.0,1111111111,,a47be7464659f75e69ef6f7165a7b057a0fd433ed180af76723f9bb5e1576a82
SA-real-70400,S2,3,21,False,True,True,20.0,1111010101,,a47be7464659f75e69ef6f7165a7b057a0fd433ed180af76723f9bb5e1576a82
SA-real-70400,S2,3,22,True,True,True,20.0,1111111111,,a47be7464659f75e69ef6f7165a7b057a0fd433ed180af76723f9bb5e1576a82
SA-real-70400,S2,3,23,True,True,True,20.0,1111111111,,a47be7464659f75e69ef6f7165a7b057a0fd433ed180af76723f9bb5e1576a82
SA-real-70400,S2,3,24,True,True,True,20.0,1111111111,,a47be7464659f75e69ef6f7165a7b057a0fd433ed180af76723f9bb5e1576a82
SA-real-70400,S2,3,25,True,True,True,20.0,1111111111,,a47be7464659f75e69ef6f7165a7b057a0fd433ed180af76723f9bb5e1576a82
SA-real-70400,S2,3,26,False,False,False,2.2333333333333334,1000000000,,a47be7464659f75e69ef6f7165a7b057a0fd433ed180af76723f9bb5e1576a82
SA-real-70400,S2,3,27,True,True,True,20.0,1111111111,,a47be7464659f75e69ef6f7165a7b057a0fd433ed180af76723f9bb5e1576a82
SA-real-70400,S2,3,28,True,True,True,20.0,1111111111,,a47be7464659f75e69ef6f7165a7b057a0fd433ed180af76723f9bb5e1576a82
SA-real-70400,S2,3,29,True,True,True,20.0,1111111111,,a47be7464659f75e69ef6f7165a7b057a0fd433ed180af76723f9bb5e1576a82
SA-real-70400,S2,3,30,True,True,True,20.0,1111111111,,a47be7464659f75e69ef6f7165a7b057a0fd433ed180af76723f9bb5e1576a82
SA-real-70400,S2,3,31,False,True,True,20.0,1111010101,,a47be7464659f75e69ef6f7165a7b057a0fd433ed180af76723f9bb5e1576a82
SA-real-70400,S2,3,32,True,True,True,20.0,1111111111,,a47be7464659f75e69ef6f7165a7b057a0fd433ed180af76723f9bb5e1576a82
SA-real-70400,S2,3,33,True,True,True,20.0,1111111111,,a47be7464659f75e69ef6f7165a7b057a0fd433ed180af76723f9bb5e1576a82
SA-real-70400,S2,3,34,False,True,True,20.0,1111010001,,a47be7464659f75e69ef6f7165a7b057a0fd433ed180af76723f9bb5e1576a82
SA-real-70400,S2,3,35,False,False,False,2.2666666666666666,0100000000,,a47be7464659f75e69ef6f7165a7b057a0fd433ed180af76723f9bb5e1576a82
SA-real-70400,S2,3,36,True,True,True,20.0,1111111111,,a47be7464659f75e69ef6f7165a7b057a0fd433ed180af76723f9bb5e1576a82
SA-real-70400,S2,3,37,True,True,True,20.0,1111111111,,a47be7464659f75e69ef6f7165a7b057a0fd433ed180af76723f9bb5e1576a82
SA-real-70400,S2,3,38,False,True,True,20.0,1101010101,,a47be7464659f75e69ef6f7165a7b057a0fd433ed180af76723f9bb5e1576a82
SA-real-70400,S2,3,39,False,True,True,20.0,1111010101,,a47be7464659f75e69ef6f7165a7b057a0fd433ed180af76723f9bb5e1576a82
SA-real-70400,S2,3,40,False,True,True,20.0,1111110101,,a47be7464659f75e69ef6f7165a7b057a0fd433ed180af76723f9bb5e1576a82
SA-real-70400,S2,3,41,True,True,True,20.0,1111111111,,a47be7464659f75e69ef6f7165a7b057a0fd433ed180af76723f9bb5e1576a82
SA-real-70400,S2,3,42,True,True,True,20.0,1111111111,,a47be7464659f75e69ef6f7165a7b057a0fd433ed180af76723f9bb5e1576a82
SA-real-70400,S2,3,43,True,True,True,20.0,1111111111,,a47be7464659f75e69ef6f7165a7b057a0fd433ed180af76723f9bb5e1576a82
SA-real-70400,S2,3,44,True,True,True,20.0,1111111111,,a47be7464659f75e69ef6f7165a7b057a0fd433ed180af76723f9bb5e1576a82
SA-real-70400,S2,3,45,True,True,True,20.0,1111111111,,a47be7464659f75e69ef6f7165a7b057a0fd433ed180af76723f9bb5e1576a82
SA-real-70400,S2,3,46,True,True,True,20.0,1111111111,,a47be7464659f75e69ef6f7165a7b057a0fd433ed180af76723f9bb5e1576a82
SA-real-70400,S2,3,47,True,True,True,20.0,1111111111,,a47be7464659f75e69ef6f7165a7b057a0fd433ed180af76723f9bb5e1576a82
SA-real-70400,S2,3,48,True,True,True,20.0,1111111111,,a47be7464659f75e69ef6f7165a7b057a0fd433ed180af76723f9bb5e1576a82
SA-real-70400,S2,3,49,True,True,True,20.0,1111111111,,a47be7464659f75e69ef6f7165a7b057a0fd433ed180af76723f9bb5e1576a82
SA-real-70400,S2,3,50,False,True,True,20.0,1101010101,,a47be7464659f75e69ef6f7165a7b057a0fd433ed180af76723f9bb5e1576a82
SA-real-70400,S2,3,51,True,True,True,20.0,1111111111,,a47be7464659f75e69ef6f7165a7b057a0fd433ed180af76723f9bb5e1576a82
SA-real-70400,S2,3,52,True,True,True,20.0,1111111111,,a47be7464659f75e69ef6f7165a7b057a0fd433ed180af76723f9bb5e1576a82
SA-real-70400,S2,3,53,True,True,True,20.0,1111111111,,a47be7464659f75e69ef6f7165a7b057a0fd433ed180af76723f9bb5e1576a82
SA-real-70400,S2,3,54,True,True,True,20.0,1111111111,,a47be7464659f75e69ef6f7165a7b057a0fd433ed180af76723f9bb5e1576a82
SA-real-70400,S2,3,55,True,True,True,20.0,1111111111,,a47be7464659f75e69ef6f7165a7b057a0fd433ed180af76723f9bb5e1576a82
SA-real-70400,S2,3,56,False,True,True,20.0,1111111000,,a47be7464659f75e69ef6f7165a7b057a0fd433ed180af76723f9bb5e1576a82
SA-real-70400,S2,3,57,True,True,True,20.0,1111111111,,a47be7464659f75e69ef6f7165a7b057a0fd433ed180af76723f9bb5e1576a82
SA-real-70400,S2,3,58,False,True,True,20.0,1111110111,,a47be7464659f75e69ef6f7165a7b057a0fd433ed180af76723f9bb5e1576a82
SA-real-70400,S2,3,59,True,True,True,20.0,1111111111,,a47be7464659f75e69ef6f7165a7b057a0fd433ed180af76723f9bb5e1576a82
SA-real-70400,S2,3,60,False,True,True,20.0,1111111101,,a47be7464659f75e69ef6f7165a7b057a0fd433ed180af76723f9bb5e1576a82
SA-real-70400,S2,3,61,True,True,True,20.0,1111111111,,a47be7464659f75e69ef6f7165a7b057a0fd433ed180af76723f9bb5e1576a82
SA-real-70400,S2,3,62,True,True,True,20.0,1111111111,,a47be7464659f75e69ef6f7165a7b057a0fd433ed180af76723f9bb5e1576a82
SA-real-70400,S2,3,63,False,True,True,20.0,1111110101,,a47be7464659f75e69ef6f7165a7b057a0fd433ed180af76723f9bb5e1576a82
SA-real-70400,S2,3,64,True,True,True,20.0,1111111111,,a47be7464659f75e69ef6f7165a7b057a0fd433ed180af76723f9bb5e1576a82
SA-real-70400,S2,3,65,True,True,True,20.0,1111111111,,a47be7464659f75e69ef6f7165a7b057a0fd433ed180af76723f9bb5e1576a82
SA-real-70400,S2,3,66,False,True,True,20.0,0111110101,,a47be7464659f75e69ef6f7165a7b057a0fd433ed180af76723f9bb5e1576a82
SA-real-70400,S2,3,67,True,True,True,20.0,1111111111,,a47be7464659f75e69ef6f7165a7b057a0fd433ed180af76723f9bb5e1576a82
SA-real-70400,S2,3,68,False,False,False,2.1333333333333333,1000000000,,a47be7464659f75e69ef6f7165a7b057a0fd433ed180af76723f9bb5e1576a82
SA-real-70400,S2,3,69,True,True,True,20.0,1111111111,,a47be7464659f75e69ef6f7165a7b057a0fd433ed180af76723f9bb5e1576a82
SA-real-70400,S2,3,70,True,True,True,20.0,1111111111,,a47be7464659f75e69ef6f7165a7b057a0fd433ed180af76723f9bb5e1576a82
SA-real-70400,S2,3,71,True,True,True,20.0,1111111111,,a47be7464659f75e69ef6f7165a7b057a0fd433ed180af76723f9bb5e1576a82
SA-real-70400,S2,3,72,True,True,True,20.0,1111111111,,a47be7464659f75e69ef6f7165a7b057a0fd433ed180af76723f9bb5e1576a82
SA-real-70400,S2,3,73,True,True,True,20.0,1111111111,,a47be7464659f75e69ef6f7165a7b057a0fd433ed180af76723f9bb5e1576a82
SA-real-70400,S2,3,74,True,True,True,20.0,1111111111,,a47be7464659f75e69ef6f7165a7b057a0fd433ed180af76723f9bb5e1576a82
SA-real-70400,S2,3,75,False,True,True,20.0,1101010101,,a47be7464659f75e69ef6f7165a7b057a0fd433ed180af76723f9bb5e1576a82
SA-real-70400,S2,3,76,True,True,True,20.0,1111111111,,a47be7464659f75e69ef6f7165a7b057a0fd433ed180af76723f9bb5e1576a82
SA-real-70400,S2,3,77,True,True,True,20.0,1111111111,,a47be7464659f75e69ef6f7165a7b057a0fd433ed180af76723f9bb5e1576a82
SA-real-70400,S2,3,78,False,True,True,20.0,1111010101,,a47be7464659f75e69ef6f7165a7b057a0fd433ed180af76723f9bb5e1576a82
SA-real-70400,S2,3,79,True,True,True,20.0,1111111111,,a47be7464659f75e69ef6f7165a7b057a0fd433ed180af76723f9bb5e1576a82
SA-real-70400,S2,3,80,True,True,True,20.0,1111111111,,a47be7464659f75e69ef6f7165a7b057a0fd433ed180af76723f9bb5e1576a82
SA-real-70400,S2,3,81,False,True,True,20.0,1111111101,,a47be7464659f75e69ef6f7165a7b057a0fd433ed180af76723f9bb5e1576a82
SA-real-70400,S2,3,82,True,True,True,20.0,1111111111,,a47be7464659f75e69ef6f7165a7b057a0fd433ed180af76723f9bb5e1576a82
SA-real-70400,S2,3,83,True,True,True,20.0,1111111111,,a47be7464659f75e69ef6f7165a7b057a0fd433ed180af76723f9bb5e1576a82
SA-real-70400,S2,3,84,False,True,True,20.0,1111111101,,a47be7464659f75e69ef6f7165a7b057a0fd433ed180af76723f9bb5e1576a82
SA-real-70400,S2,3,85,True,True,True,20.0,1111111111,,a47be7464659f75e69ef6f7165a7b057a0fd433ed180af76723f9bb5e1576a82
SA-real-70400,S2,3,86,True,True,True,20.0,1111111111,,a47be7464659f75e69ef6f7165a7b057a0fd433ed180af76723f9bb5e1576a82
SA-real-70400,S2,3,87,False,False,False,1.0333333333333334,0000000000,,a47be7464659f75e69ef6f7165a7b057a0fd433ed180af76723f9bb5e1576a82
SA-real-70400,S2,3,88,False,True,True,20.0,1111010101,,a47be7464659f75e69ef6f7165a7b057a0fd433ed180af76723f9bb5e1576a82
SA-real-70400,S2,3,89,True,True,True,20.0,1111111111,,a47be7464659f75e69ef6f7165a7b057a0fd433ed180af76723f9bb5e1576a82
SA-real-70400,S2,3,90,True,True,True,20.0,1111111111,,a47be7464659f75e69ef6f7165a7b057a0fd433ed180af76723f9bb5e1576a82
SA-real-70400,S2,3,91,True,True,True,20.0,1111111111,,a47be7464659f75e69ef6f7165a7b057a0fd433ed180af76723f9bb5e1576a82
SA-real-70400,S2,3,92,True,True,True,20.0,1111111111,,a47be7464659f75e69ef6f7165a7b057a0fd433ed180af76723f9bb5e1576a82
SA-real-70400,S2,3,93,True,True,True,20.0,1111111111,,a47be7464659f75e69ef6f7165a7b057a0fd433ed180af76723f9bb5e1576a82
SA-real-70400,S2,3,94,True,True,True,20.0,1111111111,,a47be7464659f75e69ef6f7165a7b057a0fd433ed180af76723f9bb5e1576a82
SA-real-70400,S2,3,95,True,True,True,20.0,1111111111,,a47be7464659f75e69ef6f7165a7b057a0fd433ed180af76723f9bb5e1576a82
SA-real-70400,S2,3,96,True,True,True,20.0,1111111111,,a47be7464659f75e69ef6f7165a7b057a0fd433ed180af76723f9bb5e1576a82
SA-real-70400,S2,3,97,True,True,True,20.0,1111111111,,a47be7464659f75e69ef6f7165a7b057a0fd433ed180af76723f9bb5e1576a82
SA-real-70400,S2,3,98,True,True,True,20.0,1111111111,,a47be7464659f75e69ef6f7165a7b057a0fd433ed180af76723f9bb5e1576a82
SA-real-70400,S2,3,99,True,True,True,20.0,1111111111,,a47be7464659f75e69ef6f7165a7b057a0fd433ed180af76723f9bb5e1576a82
SA-real-70400,S2,3,100,False,True,True,20.0,1111011001,,a47be7464659f75e69ef6f7165a7b057a0fd433ed180af76723f9bb5e1576a82
SA-real-70400,S2,3,101,True,True,True,20.0,1111111111,,a47be7464659f75e69ef6f7165a7b057a0fd433ed180af76723f9bb5e1576a82
SA-real-70400,S2,3,102,False,True,True,20.0,1101010101,,a47be7464659f75e69ef6f7165a7b057a0fd433ed180af76723f9bb5e1576a82
SA-real-70400,S2,3,103,True,True,True,20.0,1111111111,,a47be7464659f75e69ef6f7165a7b057a0fd433ed180af76723f9bb5e1576a82
SA-real-70400,S2,3,104,True,True,True,20.0,1111111111,,a47be7464659f75e69ef6f7165a7b057a0fd433ed180af76723f9bb5e1576a82
SA-real-70400,S2,3,105,False,True,True,20.0,1111111101,,a47be7464659f75e69ef6f7165a7b057a0fd433ed180af76723f9bb5e1576a82
SA-real-70400,S2,3,106,True,True,True,20.0,1111111111,,a47be7464659f75e69ef6f7165a7b057a0fd433ed180af76723f9bb5e1576a82
SA-real-70400,S2,3,107,True,True,True,20.0,1111111111,,a47be7464659f75e69ef6f7165a7b057a0fd433ed180af76723f9bb5e1576a82
SA-real-70400,S2,3,108,True,True,True,20.0,1111111111,,a47be7464659f75e69ef6f7165a7b057a0fd433ed180af76723f9bb5e1576a82
SA-real-70400,S2,3,109,True,True,True,20.0,1111111111,,a47be7464659f75e69ef6f7165a7b057a0fd433ed180af76723f9bb5e1576a82
SA-real-70400,S2,3,110,False,True,True,20.0,1111010101,,a47be7464659f75e69ef6f7165a7b057a0fd433ed180af76723f9bb5e1576a82
SA-real-70400,S2,3,111,True,True,True,20.0,1111111111,,a47be7464659f75e69ef6f7165a7b057a0fd433ed180af76723f9bb5e1576a82
SA-real-70400,S2,3,112,False,False,True,0.0,0111111111,,a47be7464659f75e69ef6f7165a7b057a0fd433ed180af76723f9bb5e1576a82
SA-real-70400,S2,3,113,True,True,True,20.0,1111111111,,a47be7464659f75e69ef6f7165a7b057a0fd433ed180af76723f9bb5e1576a82
SA-real-70400,S2,3,114,True,True,True,20.0,1111111111,,a47be7464659f75e69ef6f7165a7b057a0fd433ed180af76723f9bb5e1576a82
SA-real-70400,S2,3,115,True,True,True,20.0,1111111111,,a47be7464659f75e69ef6f7165a7b057a0fd433ed180af76723f9bb5e1576a82
SA-real-70400,S2,3,116,False,False,False,2.3333333333333335,1100000000,,a47be7464659f75e69ef6f7165a7b057a0fd433ed180af76723f9bb5e1576a82
SA-real-70400,S2,3,117,True,True,True,20.0,1111111111,,a47be7464659f75e69ef6f7165a7b057a0fd433ed180af76723f9bb5e1576a82
SA-real-70400,S2,3,118,True,True,True,20.0,1111111111,,a47be7464659f75e69ef6f7165a7b057a0fd433ed180af76723f9bb5e1576a82
SA-real-70400,S2,3,119,True,True,True,20.0,1111111111,,a47be7464659f75e69ef6f7165a7b057a0fd433ed180af76723f9bb5e1576a82
SA-real-70400,S2,3,120,False,False,False,0.36666666666666664,0000000000,,a47be7464659f75e69ef6f7165a7b057a0fd433ed180af76723f9bb5e1576a82
SA-real-70400,S2,3,121,True,True,True,20.0,1111111111,,a47be7464659f75e69ef6f7165a7b057a0fd433ed180af76723f9bb5e1576a82
SA-real-70400,S2,3,122,True,True,True,20.0,1111111111,,a47be7464659f75e69ef6f7165a7b057a0fd433ed180af76723f9bb5e1576a82
SA-real-70400,S2,3,123,True,True,True,20.0,1111111111,,a47be7464659f75e69ef6f7165a7b057a0fd433ed180af76723f9bb5e1576a82
SA-real-70400,S2,3,124,False,False,True,2.2333333333333334,1101010101,,a47be7464659f75e69ef6f7165a7b057a0fd433ed180af76723f9bb5e1576a82
SA-real-70400,S2,3,125,True,True,True,20.0,1111111111,,a47be7464659f75e69ef6f7165a7b057a0fd433ed180af76723f9bb5e1576a82
SA-real-70400,S2,3,126,False,True,True,20.0,1111010101,,a47be7464659f75e69ef6f7165a7b057a0fd433ed180af76723f9bb5e1576a82
SA-real-70400,S2,3,127,True,True,True,20.0,1111111111,,a47be7464659f75e69ef6f7165a7b057a0fd433ed180af76723f9bb5e1576a82
SA-real-70400,S5,0,0,True,True,True,20.0,1111,,a47be7464659f75e69ef6f7165a7b057a0fd433ed180af76723f9bb5e1576a82
SA-real-70400,S5,0,1,True,True,True,20.0,1111,,a47be7464659f75e69ef6f7165a7b057a0fd433ed180af76723f9bb5e1576a82
SA-real-70400,S5,0,2,True,True,True,20.0,1111,,a47be7464659f75e69ef6f7165a7b057a0fd433ed180af76723f9bb5e1576a82
SA-real-70400,S5,0,3,True,True,True,20.0,1111,,a47be7464659f75e69ef6f7165a7b057a0fd433ed180af76723f9bb5e1576a82
SA-real-70400,S5,0,4,True,True,True,20.0,1111,,a47be7464659f75e69ef6f7165a7b057a0fd433ed180af76723f9bb5e1576a82
SA-real-70400,S5,0,5,True,True,True,20.0,1111,,a47be7464659f75e69ef6f7165a7b057a0fd433ed180af76723f9bb5e1576a82
SA-real-70400,S5,0,6,True,True,True,20.0,1111,,a47be7464659f75e69ef6f7165a7b057a0fd433ed180af76723f9bb5e1576a82
SA-real-70400,S5,0,7,True,True,True,20.0,1111,,a47be7464659f75e69ef6f7165a7b057a0fd433ed180af76723f9bb5e1576a82
SA-real-70400,S5,0,8,True,True,True,20.0,1111,,a47be7464659f75e69ef6f7165a7b057a0fd433ed180af76723f9bb5e1576a82
SA-real-70400,S5,0,9,True,True,True,20.0,1111,,a47be7464659f75e69ef6f7165a7b057a0fd433ed180af76723f9bb5e1576a82
SA-real-70400,S5,0,10,True,True,True,20.0,1111,,a47be7464659f75e69ef6f7165a7b057a0fd433ed180af76723f9bb5e1576a82
SA-real-70400,S5,0,11,True,True,True,20.0,1111,,a47be7464659f75e69ef6f7165a7b057a0fd433ed180af76723f9bb5e1576a82
SA-real-70400,S5,0,12,True,True,True,20.0,1111,,a47be7464659f75e69ef6f7165a7b057a0fd433ed180af76723f9bb5e1576a82
SA-real-70400,S5,0,13,True,True,True,20.0,1111,,a47be7464659f75e69ef6f7165a7b057a0fd433ed180af76723f9bb5e1576a82
SA-real-70400,S5,0,14,True,True,True,20.0,1111,,a47be7464659f75e69ef6f7165a7b057a0fd433ed180af76723f9bb5e1576a82
SA-real-70400,S5,0,15,True,True,True,20.0,1111,,a47be7464659f75e69ef6f7165a7b057a0fd433ed180af76723f9bb5e1576a82
SA-real-70400,S5,0,16,False,True,True,20.0,0111,,a47be7464659f75e69ef6f7165a7b057a0fd433ed180af76723f9bb5e1576a82
SA-real-70400,S5,0,17,False,True,True,20.0,0111,,a47be7464659f75e69ef6f7165a7b057a0fd433ed180af76723f9bb5e1576a82
SA-real-70400,S5,0,18,True,True,True,20.0,1111,,a47be7464659f75e69ef6f7165a7b057a0fd433ed180af76723f9bb5e1576a82
SA-real-70400,S5,0,19,False,True,True,20.0,0111,,a47be7464659f75e69ef6f7165a7b057a0fd433ed180af76723f9bb5e1576a82
SA-real-70400,S5,0,20,True,True,True,20.0,1111,,a47be7464659f75e69ef6f7165a7b057a0fd433ed180af76723f9bb5e1576a82
SA-real-70400,S5,0,21,True,True,True,20.0,1111,,a47be7464659f75e69ef6f7165a7b057a0fd433ed180af76723f9bb5e1576a82
SA-real-70400,S5,0,22,True,True,True,20.0,1111,,a47be7464659f75e69ef6f7165a7b057a0fd433ed180af76723f9bb5e1576a82
SA-real-70400,S5,0,23,True,True,True,20.0,1111,,a47be7464659f75e69ef6f7165a7b057a0fd433ed180af76723f9bb5e1576a82
SA-real-70400,S5,0,24,True,True,True,20.0,1111,,a47be7464659f75e69ef6f7165a7b057a0fd433ed180af76723f9bb5e1576a82
SA-real-70400,S5,0,25,True,True,True,20.0,1111,,a47be7464659f75e69ef6f7165a7b057a0fd433ed180af76723f9bb5e1576a82
SA-real-70400,S5,0,26,True,True,True,20.0,1111,,a47be7464659f75e69ef6f7165a7b057a0fd433ed180af76723f9bb5e1576a82
SA-real-70400,S5,0,27,True,True,True,20.0,1111,,a47be7464659f75e69ef6f7165a7b057a0fd433ed180af76723f9bb5e1576a82
SA-real-70400,S5,0,28,True,True,True,20.0,1111,,a47be7464659f75e69ef6f7165a7b057a0fd433ed180af76723f9bb5e1576a82
SA-real-70400,S5,0,29,True,True,True,20.0,1111,,a47be7464659f75e69ef6f7165a7b057a0fd433ed180af76723f9bb5e1576a82
SA-real-70400,S5,0,30,True,True,True,20.0,1111,,a47be7464659f75e69ef6f7165a7b057a0fd433ed180af76723f9bb5e1576a82
SA-real-70400,S5,0,31,True,True,True,20.0,1111,,a47be7464659f75e69ef6f7165a7b057a0fd433ed180af76723f9bb5e1576a82
SA-real-70400,S5,0,32,False,True,True,20.0,1101,,a47be7464659f75e69ef6f7165a7b057a0fd433ed180af76723f9bb5e1576a82
SA-real-70400,S5,0,33,True,True,True,20.0,1111,,a47be7464659f75e69ef6f7165a7b057a0fd433ed180af76723f9bb5e1576a82
SA-real-70400,S5,0,34,True,True,True,20.0,1111,,a47be7464659f75e69ef6f7165a7b057a0fd433ed180af76723f9bb5e1576a82
SA-real-70400,S5,0,35,True,True,True,20.0,1111,,a47be7464659f75e69ef6f7165a7b057a0fd433ed180af76723f9bb5e1576a82
SA-real-70400,S5,0,36,True,True,True,20.0,1111,,a47be7464659f75e69ef6f7165a7b057a0fd433ed180af76723f9bb5e1576a82
SA-real-70400,S5,0,37,True,True,True,20.0,1111,,a47be7464659f75e69ef6f7165a7b057a0fd433ed180af76723f9bb5e1576a82
SA-real-70400,S5,0,38,False,True,True,20.0,0111,,a47be7464659f75e69ef6f7165a7b057a0fd433ed180af76723f9bb5e1576a82
SA-real-70400,S5,0,39,True,True,True,20.0,1111,,a47be7464659f75e69ef6f7165a7b057a0fd433ed180af76723f9bb5e1576a82
SA-real-70400,S5,0,40,True,True,True,20.0,1111,,a47be7464659f75e69ef6f7165a7b057a0fd433ed180af76723f9bb5e1576a82
SA-real-70400,S5,0,41,True,True,True,20.0,1111,,a47be7464659f75e69ef6f7165a7b057a0fd433ed180af76723f9bb5e1576a82
SA-real-70400,S5,0,42,True,True,True,20.0,1111,,a47be7464659f75e69ef6f7165a7b057a0fd433ed180af76723f9bb5e1576a82
SA-real-70400,S5,0,43,True,True,True,20.0,1111,,a47be7464659f75e69ef6f7165a7b057a0fd433ed180af76723f9bb5e1576a82
SA-real-70400,S5,0,44,False,True,True,20.0,0111,,a47be7464659f75e69ef6f7165a7b057a0fd433ed180af76723f9bb5e1576a82
SA-real-70400,S5,0,45,True,True,True,20.0,1111,,a47be7464659f75e69ef6f7165a7b057a0fd433ed180af76723f9bb5e1576a82
SA-real-70400,S5,0,46,True,True,True,20.0,1111,,a47be7464659f75e69ef6f7165a7b057a0fd433ed180af76723f9bb5e1576a82
SA-real-70400,S5,0,47,True,True,True,20.0,1111,,a47be7464659f75e69ef6f7165a7b057a0fd433ed180af76723f9bb5e1576a82
SA-real-70400,S5,0,48,True,True,True,20.0,1111,,a47be7464659f75e69ef6f7165a7b057a0fd433ed180af76723f9bb5e1576a82
SA-real-70400,S5,0,49,False,True,True,20.0,0111,,a47be7464659f75e69ef6f7165a7b057a0fd433ed180af76723f9bb5e1576a82
SA-real-70400,S5,0,50,True,True,True,20.0,1111,,a47be7464659f75e69ef6f7165a7b057a0fd433ed180af76723f9bb5e1576a82
SA-real-70400,S5,0,51,True,True,True,20.0,1111,,a47be7464659f75e69ef6f7165a7b057a0fd433ed180af76723f9bb5e1576a82
SA-real-70400,S5,0,52,True,True,True,20.0,1111,,a47be7464659f75e69ef6f7165a7b057a0fd433ed180af76723f9bb5e1576a82
SA-real-70400,S5,0,53,True,True,True,20.0,1111,,a47be7464659f75e69ef6f7165a7b057a0fd433ed180af76723f9bb5e1576a82
SA-real-70400,S5,0,54,True,True,True,20.0,1111,,a47be7464659f75e69ef6f7165a7b057a0fd433ed180af76723f9bb5e1576a82
SA-real-70400,S5,0,55,True,True,True,20.0,1111,,a47be7464659f75e69ef6f7165a7b057a0fd433ed180af76723f9bb5e1576a82
SA-real-70400,S5,0,56,True,True,True,20.0,1111,,a47be7464659f75e69ef6f7165a7b057a0fd433ed180af76723f9bb5e1576a82
SA-real-70400,S5,0,57,False,True,True,20.0,0111,,a47be7464659f75e69ef6f7165a7b057a0fd433ed180af76723f9bb5e1576a82
SA-real-70400,S5,0,58,True,True,True,20.0,1111,,a47be7464659f75e69ef6f7165a7b057a0fd433ed180af76723f9bb5e1576a82
SA-real-70400,S5,0,59,True,True,True,20.0,1111,,a47be7464659f75e69ef6f7165a7b057a0fd433ed180af76723f9bb5e1576a82
SA-real-70400,S5,0,60,False,True,True,20.0,0111,,a47be7464659f75e69ef6f7165a7b057a0fd433ed180af76723f9bb5e1576a82
SA-real-70400,S5,0,61,True,True,True,20.0,1111,,a47be7464659f75e69ef6f7165a7b057a0fd433ed180af76723f9bb5e1576a82
SA-real-70400,S5,0,62,True,True,True,20.0,1111,,a47be7464659f75e69ef6f7165a7b057a0fd433ed180af76723f9bb5e1576a82
SA-real-70400,S5,0,63,True,True,True,20.0,1111,,a47be7464659f75e69ef6f7165a7b057a0fd433ed180af76723f9bb5e1576a82
SA-real-70400,S5,0,64,False,False,False,16.266666666666666,1110,,a47be7464659f75e69ef6f7165a7b057a0fd433ed180af76723f9bb5e1576a82
SA-real-70400,S5,0,65,True,True,True,20.0,1111,,a47be7464659f75e69ef6f7165a7b057a0fd433ed180af76723f9bb5e1576a82
SA-real-70400,S5,0,66,True,True,True,20.0,1111,,a47be7464659f75e69ef6f7165a7b057a0fd433ed180af76723f9bb5e1576a82
SA-real-70400,S5,0,67,True,True,True,20.0,1111,,a47be7464659f75e69ef6f7165a7b057a0fd433ed180af76723f9bb5e1576a82
SA-real-70400,S5,0,68,False,True,True,20.0,0111,,a47be7464659f75e69ef6f7165a7b057a0fd433ed180af76723f9bb5e1576a82
SA-real-70400,S5,0,69,True,True,True,20.0,1111,,a47be7464659f75e69ef6f7165a7b057a0fd433ed180af76723f9bb5e1576a82
SA-real-70400,S5,0,70,True,True,True,20.0,1111,,a47be7464659f75e69ef6f7165a7b057a0fd433ed180af76723f9bb5e1576a82
SA-real-70400,S5,0,71,True,True,True,20.0,1111,,a47be7464659f75e69ef6f7165a7b057a0fd433ed180af76723f9bb5e1576a82
SA-real-70400,S5,0,72,True,True,True,20.0,1111,,a47be7464659f75e69ef6f7165a7b057a0fd433ed180af76723f9bb5e1576a82
SA-real-70400,S5,0,73,True,True,True,20.0,1111,,a47be7464659f75e69ef6f7165a7b057a0fd433ed180af76723f9bb5e1576a82
SA-real-70400,S5,0,74,True,True,True,20.0,1111,,a47be7464659f75e69ef6f7165a7b057a0fd433ed180af76723f9bb5e1576a82
SA-real-70400,S5,0,75,False,True,True,20.0,0111,,a47be7464659f75e69ef6f7165a7b057a0fd433ed180af76723f9bb5e1576a82
SA-real-70400,S5,0,76,True,True,True,20.0,1111,,a47be7464659f75e69ef6f7165a7b057a0fd433ed180af76723f9bb5e1576a82
SA-real-70400,S5,0,77,True,True,True,20.0,1111,,a47be7464659f75e69ef6f7165a7b057a0fd433ed180af76723f9bb5e1576a82
SA-real-70400,S5,0,78,False,True,True,20.0,0111,,a47be7464659f75e69ef6f7165a7b057a0fd433ed180af76723f9bb5e1576a82
SA-real-70400,S5,0,79,True,True,True,20.0,1111,,a47be7464659f75e69ef6f7165a7b057a0fd433ed180af76723f9bb5e1576a82
SA-real-70400,S5,0,80,True,True,True,20.0,1111,,a47be7464659f75e69ef6f7165a7b057a0fd433ed180af76723f9bb5e1576a82
SA-real-70400,S5,0,81,True,True,True,20.0,1111,,a47be7464659f75e69ef6f7165a7b057a0fd433ed180af76723f9bb5e1576a82
SA-real-70400,S5,0,82,True,True,True,20.0,1111,,a47be7464659f75e69ef6f7165a7b057a0fd433ed180af76723f9bb5e1576a82
SA-real-70400,S5,0,83,True,True,True,20.0,1111,,a47be7464659f75e69ef6f7165a7b057a0fd433ed180af76723f9bb5e1576a82
SA-real-70400,S5,0,84,True,True,True,20.0,1111,,a47be7464659f75e69ef6f7165a7b057a0fd433ed180af76723f9bb5e1576a82
SA-real-70400,S5,0,85,True,True,True,20.0,1111,,a47be7464659f75e69ef6f7165a7b057a0fd433ed180af76723f9bb5e1576a82
SA-real-70400,S5,0,86,True,True,True,20.0,1111,,a47be7464659f75e69ef6f7165a7b057a0fd433ed180af76723f9bb5e1576a82
SA-real-70400,S5,0,87,True,True,True,20.0,1111,,a47be7464659f75e69ef6f7165a7b057a0fd433ed180af76723f9bb5e1576a82
SA-real-70400,S5,0,88,False,True,True,20.0,1101,,a47be7464659f75e69ef6f7165a7b057a0fd433ed180af76723f9bb5e1576a82
SA-real-70400,S5,0,89,True,True,True,20.0,1111,,a47be7464659f75e69ef6f7165a7b057a0fd433ed180af76723f9bb5e1576a82
SA-real-70400,S5,0,90,True,True,True,20.0,1111,,a47be7464659f75e69ef6f7165a7b057a0fd433ed180af76723f9bb5e1576a82
SA-real-70400,S5,0,91,True,True,True,20.0,1111,,a47be7464659f75e69ef6f7165a7b057a0fd433ed180af76723f9bb5e1576a82
SA-real-70400,S5,0,92,True,True,True,20.0,1111,,a47be7464659f75e69ef6f7165a7b057a0fd433ed180af76723f9bb5e1576a82
SA-real-70400,S5,0,93,True,True,True,20.0,1111,,a47be7464659f75e69ef6f7165a7b057a0fd433ed180af76723f9bb5e1576a82
SA-real-70400,S5,0,94,True,True,True,20.0,1111,,a47be7464659f75e69ef6f7165a7b057a0fd433ed180af76723f9bb5e1576a82
SA-real-70400,S5,0,95,True,True,True,20.0,1111,,a47be7464659f75e69ef6f7165a7b057a0fd433ed180af76723f9bb5e1576a82
SA-real-70400,S5,0,96,True,True,True,20.0,1111,,a47be7464659f75e69ef6f7165a7b057a0fd433ed180af76723f9bb5e1576a82
SA-real-70400,S5,0,97,True,True,True,20.0,1111,,a47be7464659f75e69ef6f7165a7b057a0fd433ed180af76723f9bb5e1576a82
SA-real-70400,S5,0,98,False,True,True,20.0,0111,,a47be7464659f75e69ef6f7165a7b057a0fd433ed180af76723f9bb5e1576a82
SA-real-70400,S5,0,99,False,True,True,20.0,0111,,a47be7464659f75e69ef6f7165a7b057a0fd433ed180af76723f9bb5e1576a82
SA-real-70400,S5,0,100,True,True,True,20.0,1111,,a47be7464659f75e69ef6f7165a7b057a0fd433ed180af76723f9bb5e1576a82
SA-real-70400,S5,0,101,True,True,True,20.0,1111,,a47be7464659f75e69ef6f7165a7b057a0fd433ed180af76723f9bb5e1576a82
SA-real-70400,S5,0,102,True,True,True,20.0,1111,,a47be7464659f75e69ef6f7165a7b057a0fd433ed180af76723f9bb5e1576a82
SA-real-70400,S5,0,103,True,True,True,20.0,1111,,a47be7464659f75e69ef6f7165a7b057a0fd433ed180af76723f9bb5e1576a82
SA-real-70400,S5,0,104,False,True,True,20.0,0111,,a47be7464659f75e69ef6f7165a7b057a0fd433ed180af76723f9bb5e1576a82
SA-real-70400,S5,0,105,False,True,True,20.0,0111,,a47be7464659f75e69ef6f7165a7b057a0fd433ed180af76723f9bb5e1576a82
SA-real-70400,S5,0,106,False,True,True,20.0,0111,,a47be7464659f75e69ef6f7165a7b057a0fd433ed180af76723f9bb5e1576a82
SA-real-70400,S5,0,107,False,True,True,20.0,0111,,a47be7464659f75e69ef6f7165a7b057a0fd433ed180af76723f9bb5e1576a82
SA-real-70400,S5,0,108,True,True,True,20.0,1111,,a47be7464659f75e69ef6f7165a7b057a0fd433ed180af76723f9bb5e1576a82
SA-real-70400,S5,0,109,True,True,True,20.0,1111,,a47be7464659f75e69ef6f7165a7b057a0fd433ed180af76723f9bb5e1576a82
SA-real-70400,S5,0,110,True,True,True,20.0,1111,,a47be7464659f75e69ef6f7165a7b057a0fd433ed180af76723f9bb5e1576a82
SA-real-70400,S5,0,111,True,True,True,20.0,1111,,a47be7464659f75e69ef6f7165a7b057a0fd433ed180af76723f9bb5e1576a82
SA-real-70400,S5,0,112,True,True,True,20.0,1111,,a47be7464659f75e69ef6f7165a7b057a0fd433ed180af76723f9bb5e1576a82
SA-real-70400,S5,0,113,True,True,True,20.0,1111,,a47be7464659f75e69ef6f7165a7b057a0fd433ed180af76723f9bb5e1576a82
SA-real-70400,S5,0,114,True,True,True,20.0,1111,,a47be7464659f75e69ef6f7165a7b057a0fd433ed180af76723f9bb5e1576a82
SA-real-70400,S5,0,115,True,True,True,20.0,1111,,a47be7464659f75e69ef6f7165a7b057a0fd433ed180af76723f9bb5e1576a82
SA-real-70400,S5,0,116,True,True,True,20.0,1111,,a47be7464659f75e69ef6f7165a7b057a0fd433ed180af76723f9bb5e1576a82
SA-real-70400,S5,0,117,True,True,True,20.0,1111,,a47be7464659f75e69ef6f7165a7b057a0fd433ed180af76723f9bb5e1576a82
SA-real-70400,S5,0,118,True,True,True,20.0,1111,,a47be7464659f75e69ef6f7165a7b057a0fd433ed180af76723f9bb5e1576a82
SA-real-70400,S5,0,119,True,True,True,20.0,1111,,a47be7464659f75e69ef6f7165a7b057a0fd433ed180af76723f9bb5e1576a82
SA-real-70400,S5,0,120,True,True,True,20.0,1111,,a47be7464659f75e69ef6f7165a7b057a0fd433ed180af76723f9bb5e1576a82
SA-real-70400,S5,0,121,True,True,True,20.0,1111,,a47be7464659f75e69ef6f7165a7b057a0fd433ed180af76723f9bb5e1576a82
SA-real-70400,S5,0,122,True,True,True,20.0,1111,,a47be7464659f75e69ef6f7165a7b057a0fd433ed180af76723f9bb5e1576a82
SA-real-70400,S5,0,123,True,True,True,20.0,1111,,a47be7464659f75e69ef6f7165a7b057a0fd433ed180af76723f9bb5e1576a82
SA-real-70400,S5,0,124,True,True,True,20.0,1111,,a47be7464659f75e69ef6f7165a7b057a0fd433ed180af76723f9bb5e1576a82
SA-real-70400,S5,0,125,False,True,True,20.0,0111,,a47be7464659f75e69ef6f7165a7b057a0fd433ed180af76723f9bb5e1576a82
SA-real-70400,S5,0,126,False,True,True,20.0,0111,,a47be7464659f75e69ef6f7165a7b057a0fd433ed180af76723f9bb5e1576a82
SA-real-70400,S5,0,127,True,True,True,20.0,1111,,a47be7464659f75e69ef6f7165a7b057a0fd433ed180af76723f9bb5e1576a82
SA-real-70400,S5,1,0,False,True,True,20.0,0101,,a47be7464659f75e69ef6f7165a7b057a0fd433ed180af76723f9bb5e1576a82
SA-real-70400,S5,1,1,True,True,True,20.0,1111,,a47be7464659f75e69ef6f7165a7b057a0fd433ed180af76723f9bb5e1576a82
SA-real-70400,S5,1,2,True,True,True,20.0,1111,,a47be7464659f75e69ef6f7165a7b057a0fd433ed180af76723f9bb5e1576a82
SA-real-70400,S5,1,3,True,True,True,20.0,1111,,a47be7464659f75e69ef6f7165a7b057a0fd433ed180af76723f9bb5e1576a82
SA-real-70400,S5,1,4,True,True,True,20.0,1111,,a47be7464659f75e69ef6f7165a7b057a0fd433ed180af76723f9bb5e1576a82
SA-real-70400,S5,1,5,True,True,True,20.0,1111,,a47be7464659f75e69ef6f7165a7b057a0fd433ed180af76723f9bb5e1576a82
SA-real-70400,S5,1,6,True,True,True,20.0,1111,,a47be7464659f75e69ef6f7165a7b057a0fd433ed180af76723f9bb5e1576a82
SA-real-70400,S5,1,7,False,True,True,20.0,0111,,a47be7464659f75e69ef6f7165a7b057a0fd433ed180af76723f9bb5e1576a82
SA-real-70400,S5,1,8,True,True,True,20.0,1111,,a47be7464659f75e69ef6f7165a7b057a0fd433ed180af76723f9bb5e1576a82
SA-real-70400,S5,1,9,True,True,True,20.0,1111,,a47be7464659f75e69ef6f7165a7b057a0fd433ed180af76723f9bb5e1576a82
SA-real-70400,S5,1,10,True,True,True,20.0,1111,,a47be7464659f75e69ef6f7165a7b057a0fd433ed180af76723f9bb5e1576a82
SA-real-70400,S5,1,11,True,True,True,20.0,1111,,a47be7464659f75e69ef6f7165a7b057a0fd433ed180af76723f9bb5e1576a82
SA-real-70400,S5,1,12,True,True,True,20.0,1111,,a47be7464659f75e69ef6f7165a7b057a0fd433ed180af76723f9bb5e1576a82
SA-real-70400,S5,1,13,True,True,True,20.0,1111,,a47be7464659f75e69ef6f7165a7b057a0fd433ed180af76723f9bb5e1576a82
SA-real-70400,S5,1,14,True,True,True,20.0,1111,,a47be7464659f75e69ef6f7165a7b057a0fd433ed180af76723f9bb5e1576a82
SA-real-70400,S5,1,15,True,True,True,20.0,1111,,a47be7464659f75e69ef6f7165a7b057a0fd433ed180af76723f9bb5e1576a82
SA-real-70400,S5,1,16,True,True,True,20.0,1111,,a47be7464659f75e69ef6f7165a7b057a0fd433ed180af76723f9bb5e1576a82
SA-real-70400,S5,1,17,False,True,True,20.0,0111,,a47be7464659f75e69ef6f7165a7b057a0fd433ed180af76723f9bb5e1576a82
SA-real-70400,S5,1,18,True,True,True,20.0,1111,,a47be7464659f75e69ef6f7165a7b057a0fd433ed180af76723f9bb5e1576a82
SA-real-70400,S5,1,19,True,True,True,20.0,1111,,a47be7464659f75e69ef6f7165a7b057a0fd433ed180af76723f9bb5e1576a82
SA-real-70400,S5,1,20,True,True,True,20.0,1111,,a47be7464659f75e69ef6f7165a7b057a0fd433ed180af76723f9bb5e1576a82
SA-real-70400,S5,1,21,True,True,True,20.0,1111,,a47be7464659f75e69ef6f7165a7b057a0fd433ed180af76723f9bb5e1576a82
SA-real-70400,S5,1,22,True,True,True,20.0,1111,,a47be7464659f75e69ef6f7165a7b057a0fd433ed180af76723f9bb5e1576a82
SA-real-70400,S5,1,23,True,True,True,20.0,1111,,a47be7464659f75e69ef6f7165a7b057a0fd433ed180af76723f9bb5e1576a82
SA-real-70400,S5,1,24,True,True,True,20.0,1111,,a47be7464659f75e69ef6f7165a7b057a0fd433ed180af76723f9bb5e1576a82
SA-real-70400,S5,1,25,True,True,True,20.0,1111,,a47be7464659f75e69ef6f7165a7b057a0fd433ed180af76723f9bb5e1576a82
SA-real-70400,S5,1,26,True,True,True,20.0,1111,,a47be7464659f75e69ef6f7165a7b057a0fd433ed180af76723f9bb5e1576a82
SA-real-70400,S5,1,27,True,True,True,20.0,1111,,a47be7464659f75e69ef6f7165a7b057a0fd433ed180af76723f9bb5e1576a82
SA-real-70400,S5,1,28,True,True,True,20.0,1111,,a47be7464659f75e69ef6f7165a7b057a0fd433ed180af76723f9bb5e1576a82
SA-real-70400,S5,1,29,True,True,True,20.0,1111,,a47be7464659f75e69ef6f7165a7b057a0fd433ed180af76723f9bb5e1576a82
SA-real-70400,S5,1,30,True,True,True,20.0,1111,,a47be7464659f75e69ef6f7165a7b057a0fd433ed180af76723f9bb5e1576a82
SA-real-70400,S5,1,31,True,True,True,20.0,1111,,a47be7464659f75e69ef6f7165a7b057a0fd433ed180af76723f9bb5e1576a82
SA-real-70400,S5,1,32,True,True,True,20.0,1111,,a47be7464659f75e69ef6f7165a7b057a0fd433ed180af76723f9bb5e1576a82
SA-real-70400,S5,1,33,True,True,True,20.0,1111,,a47be7464659f75e69ef6f7165a7b057a0fd433ed180af76723f9bb5e1576a82
SA-real-70400,S5,1,34,True,True,True,20.0,1111,,a47be7464659f75e69ef6f7165a7b057a0fd433ed180af76723f9bb5e1576a82
SA-real-70400,S5,1,35,True,True,True,20.0,1111,,a47be7464659f75e69ef6f7165a7b057a0fd433ed180af76723f9bb5e1576a82
SA-real-70400,S5,1,36,True,True,True,20.0,1111,,a47be7464659f75e69ef6f7165a7b057a0fd433ed180af76723f9bb5e1576a82
SA-real-70400,S5,1,37,True,True,True,20.0,1111,,a47be7464659f75e69ef6f7165a7b057a0fd433ed180af76723f9bb5e1576a82
SA-real-70400,S5,1,38,False,True,True,20.0,0111,,a47be7464659f75e69ef6f7165a7b057a0fd433ed180af76723f9bb5e1576a82
SA-real-70400,S5,1,39,True,True,True,20.0,1111,,a47be7464659f75e69ef6f7165a7b057a0fd433ed180af76723f9bb5e1576a82
SA-real-70400,S5,1,40,True,True,True,20.0,1111,,a47be7464659f75e69ef6f7165a7b057a0fd433ed180af76723f9bb5e1576a82
SA-real-70400,S5,1,41,True,True,True,20.0,1111,,a47be7464659f75e69ef6f7165a7b057a0fd433ed180af76723f9bb5e1576a82
SA-real-70400,S5,1,42,True,True,True,20.0,1111,,a47be7464659f75e69ef6f7165a7b057a0fd433ed180af76723f9bb5e1576a82
SA-real-70400,S5,1,43,True,True,True,20.0,1111,,a47be7464659f75e69ef6f7165a7b057a0fd433ed180af76723f9bb5e1576a82
SA-real-70400,S5,1,44,True,True,True,20.0,1111,,a47be7464659f75e69ef6f7165a7b057a0fd433ed180af76723f9bb5e1576a82
SA-real-70400,S5,1,45,False,True,True,20.0,0111,,a47be7464659f75e69ef6f7165a7b057a0fd433ed180af76723f9bb5e1576a82
SA-real-70400,S5,1,46,False,True,True,20.0,0111,,a47be7464659f75e69ef6f7165a7b057a0fd433ed180af76723f9bb5e1576a82
SA-real-70400,S5,1,47,False,True,True,20.0,1101,,a47be7464659f75e69ef6f7165a7b057a0fd433ed180af76723f9bb5e1576a82
SA-real-70400,S5,1,48,False,True,True,20.0,0111,,a47be7464659f75e69ef6f7165a7b057a0fd433ed180af76723f9bb5e1576a82
SA-real-70400,S5,1,49,True,True,True,20.0,1111,,a47be7464659f75e69ef6f7165a7b057a0fd433ed180af76723f9bb5e1576a82
SA-real-70400,S5,1,50,True,True,True,20.0,1111,,a47be7464659f75e69ef6f7165a7b057a0fd433ed180af76723f9bb5e1576a82
SA-real-70400,S5,1,51,True,True,True,20.0,1111,,a47be7464659f75e69ef6f7165a7b057a0fd433ed180af76723f9bb5e1576a82
SA-real-70400,S5,1,52,True,True,True,20.0,1111,,a47be7464659f75e69ef6f7165a7b057a0fd433ed180af76723f9bb5e1576a82
SA-real-70400,S5,1,53,True,True,True,20.0,1111,,a47be7464659f75e69ef6f7165a7b057a0fd433ed180af76723f9bb5e1576a82
SA-real-70400,S5,1,54,True,True,True,20.0,1111,,a47be7464659f75e69ef6f7165a7b057a0fd433ed180af76723f9bb5e1576a82
SA-real-70400,S5,1,55,True,True,True,20.0,1111,,a47be7464659f75e69ef6f7165a7b057a0fd433ed180af76723f9bb5e1576a82
SA-real-70400,S5,1,56,False,True,True,20.0,0101,,a47be7464659f75e69ef6f7165a7b057a0fd433ed180af76723f9bb5e1576a82
SA-real-70400,S5,1,57,True,True,True,20.0,1111,,a47be7464659f75e69ef6f7165a7b057a0fd433ed180af76723f9bb5e1576a82
SA-real-70400,S5,1,58,False,True,True,20.0,0111,,a47be7464659f75e69ef6f7165a7b057a0fd433ed180af76723f9bb5e1576a82
SA-real-70400,S5,1,59,False,True,True,20.0,0111,,a47be7464659f75e69ef6f7165a7b057a0fd433ed180af76723f9bb5e1576a82
SA-real-70400,S5,1,60,False,True,True,20.0,0111,,a47be7464659f75e69ef6f7165a7b057a0fd433ed180af76723f9bb5e1576a82
SA-real-70400,S5,1,61,True,True,True,20.0,1111,,a47be7464659f75e69ef6f7165a7b057a0fd433ed180af76723f9bb5e1576a82
SA-real-70400,S5,1,62,True,True,True,20.0,1111,,a47be7464659f75e69ef6f7165a7b057a0fd433ed180af76723f9bb5e1576a82
SA-real-70400,S5,1,63,True,True,True,20.0,1111,,a47be7464659f75e69ef6f7165a7b057a0fd433ed180af76723f9bb5e1576a82
SA-real-70400,S5,1,64,False,True,True,20.0,1101,,a47be7464659f75e69ef6f7165a7b057a0fd433ed180af76723f9bb5e1576a82
SA-real-70400,S5,1,65,True,True,True,20.0,1111,,a47be7464659f75e69ef6f7165a7b057a0fd433ed180af76723f9bb5e1576a82
SA-real-70400,S5,1,66,True,True,True,20.0,1111,,a47be7464659f75e69ef6f7165a7b057a0fd433ed180af76723f9bb5e1576a82
SA-real-70400,S5,1,67,True,True,True,20.0,1111,,a47be7464659f75e69ef6f7165a7b057a0fd433ed180af76723f9bb5e1576a82
SA-real-70400,S5,1,68,False,True,True,20.0,0111,,a47be7464659f75e69ef6f7165a7b057a0fd433ed180af76723f9bb5e1576a82
SA-real-70400,S5,1,69,True,True,True,20.0,1111,,a47be7464659f75e69ef6f7165a7b057a0fd433ed180af76723f9bb5e1576a82
SA-real-70400,S5,1,70,True,True,True,20.0,1111,,a47be7464659f75e69ef6f7165a7b057a0fd433ed180af76723f9bb5e1576a82
SA-real-70400,S5,1,71,False,True,True,20.0,0101,,a47be7464659f75e69ef6f7165a7b057a0fd433ed180af76723f9bb5e1576a82
SA-real-70400,S5,1,72,True,True,True,20.0,1111,,a47be7464659f75e69ef6f7165a7b057a0fd433ed180af76723f9bb5e1576a82
SA-real-70400,S5,1,73,True,True,True,20.0,1111,,a47be7464659f75e69ef6f7165a7b057a0fd433ed180af76723f9bb5e1576a82
SA-real-70400,S5,1,74,True,True,True,20.0,1111,,a47be7464659f75e69ef6f7165a7b057a0fd433ed180af76723f9bb5e1576a82
SA-real-70400,S5,1,75,True,True,True,20.0,1111,,a47be7464659f75e69ef6f7165a7b057a0fd433ed180af76723f9bb5e1576a82
SA-real-70400,S5,1,76,True,True,True,20.0,1111,,a47be7464659f75e69ef6f7165a7b057a0fd433ed180af76723f9bb5e1576a82
SA-real-70400,S5,1,77,True,True,True,20.0,1111,,a47be7464659f75e69ef6f7165a7b057a0fd433ed180af76723f9bb5e1576a82
SA-real-70400,S5,1,78,True,True,True,20.0,1111,,a47be7464659f75e69ef6f7165a7b057a0fd433ed180af76723f9bb5e1576a82
SA-real-70400,S5,1,79,False,True,True,20.0,0111,,a47be7464659f75e69ef6f7165a7b057a0fd433ed180af76723f9bb5e1576a82
SA-real-70400,S5,1,80,True,True,True,20.0,1111,,a47be7464659f75e69ef6f7165a7b057a0fd433ed180af76723f9bb5e1576a82
SA-real-70400,S5,1,81,False,True,True,20.0,0111,,a47be7464659f75e69ef6f7165a7b057a0fd433ed180af76723f9bb5e1576a82
SA-real-70400,S5,1,82,True,True,True,20.0,1111,,a47be7464659f75e69ef6f7165a7b057a0fd433ed180af76723f9bb5e1576a82
SA-real-70400,S5,1,83,True,True,True,20.0,1111,,a47be7464659f75e69ef6f7165a7b057a0fd433ed180af76723f9bb5e1576a82
SA-real-70400,S5,1,84,True,True,True,20.0,1111,,a47be7464659f75e69ef6f7165a7b057a0fd433ed180af76723f9bb5e1576a82
SA-real-70400,S5,1,85,True,True,True,20.0,1111,,a47be7464659f75e69ef6f7165a7b057a0fd433ed180af76723f9bb5e1576a82
SA-real-70400,S5,1,86,False,True,True,20.0,0101,,a47be7464659f75e69ef6f7165a7b057a0fd433ed180af76723f9bb5e1576a82
SA-real-70400,S5,1,87,True,True,True,20.0,1111,,a47be7464659f75e69ef6f7165a7b057a0fd433ed180af76723f9bb5e1576a82
SA-real-70400,S5,1,88,True,True,True,20.0,1111,,a47be7464659f75e69ef6f7165a7b057a0fd433ed180af76723f9bb5e1576a82
SA-real-70400,S5,1,89,True,True,True,20.0,1111,,a47be7464659f75e69ef6f7165a7b057a0fd433ed180af76723f9bb5e1576a82
SA-real-70400,S5,1,90,False,True,True,20.0,0111,,a47be7464659f75e69ef6f7165a7b057a0fd433ed180af76723f9bb5e1576a82
SA-real-70400,S5,1,91,True,True,True,20.0,1111,,a47be7464659f75e69ef6f7165a7b057a0fd433ed180af76723f9bb5e1576a82
SA-real-70400,S5,1,92,True,True,True,20.0,1111,,a47be7464659f75e69ef6f7165a7b057a0fd433ed180af76723f9bb5e1576a82
SA-real-70400,S5,1,93,False,True,True,20.0,0111,,a47be7464659f75e69ef6f7165a7b057a0fd433ed180af76723f9bb5e1576a82
SA-real-70400,S5,1,94,True,True,True,20.0,1111,,a47be7464659f75e69ef6f7165a7b057a0fd433ed180af76723f9bb5e1576a82
SA-real-70400,S5,1,95,False,True,True,20.0,0111,,a47be7464659f75e69ef6f7165a7b057a0fd433ed180af76723f9bb5e1576a82
SA-real-70400,S5,1,96,False,True,True,20.0,0101,,a47be7464659f75e69ef6f7165a7b057a0fd433ed180af76723f9bb5e1576a82
SA-real-70400,S5,1,97,False,True,True,20.0,0111,,a47be7464659f75e69ef6f7165a7b057a0fd433ed180af76723f9bb5e1576a82
SA-real-70400,S5,1,98,True,True,True,20.0,1111,,a47be7464659f75e69ef6f7165a7b057a0fd433ed180af76723f9bb5e1576a82
SA-real-70400,S5,1,99,True,True,True,20.0,1111,,a47be7464659f75e69ef6f7165a7b057a0fd433ed180af76723f9bb5e1576a82
SA-real-70400,S5,1,100,True,True,True,20.0,1111,,a47be7464659f75e69ef6f7165a7b057a0fd433ed180af76723f9bb5e1576a82
SA-real-70400,S5,1,101,True,True,True,20.0,1111,,a47be7464659f75e69ef6f7165a7b057a0fd433ed180af76723f9bb5e1576a82
SA-real-70400,S5,1,102,False,True,True,20.0,0101,,a47be7464659f75e69ef6f7165a7b057a0fd433ed180af76723f9bb5e1576a82
SA-real-70400,S5,1,103,False,True,True,20.0,0111,,a47be7464659f75e69ef6f7165a7b057a0fd433ed180af76723f9bb5e1576a82
SA-real-70400,S5,1,104,False,True,True,20.0,0111,,a47be7464659f75e69ef6f7165a7b057a0fd433ed180af76723f9bb5e1576a82
SA-real-70400,S5,1,105,True,True,True,20.0,1111,,a47be7464659f75e69ef6f7165a7b057a0fd433ed180af76723f9bb5e1576a82
SA-real-70400,S5,1,106,True,True,True,20.0,1111,,a47be7464659f75e69ef6f7165a7b057a0fd433ed180af76723f9bb5e1576a82
SA-real-70400,S5,1,107,True,True,True,20.0,1111,,a47be7464659f75e69ef6f7165a7b057a0fd433ed180af76723f9bb5e1576a82
SA-real-70400,S5,1,108,True,True,True,20.0,1111,,a47be7464659f75e69ef6f7165a7b057a0fd433ed180af76723f9bb5e1576a82
SA-real-70400,S5,1,109,False,True,True,20.0,0111,,a47be7464659f75e69ef6f7165a7b057a0fd433ed180af76723f9bb5e1576a82
SA-real-70400,S5,1,110,True,True,True,20.0,1111,,a47be7464659f75e69ef6f7165a7b057a0fd433ed180af76723f9bb5e1576a82
SA-real-70400,S5,1,111,True,True,True,20.0,1111,,a47be7464659f75e69ef6f7165a7b057a0fd433ed180af76723f9bb5e1576a82
SA-real-70400,S5,1,112,True,True,True,20.0,1111,,a47be7464659f75e69ef6f7165a7b057a0fd433ed180af76723f9bb5e1576a82
SA-real-70400,S5,1,113,True,True,True,20.0,1111,,a47be7464659f75e69ef6f7165a7b057a0fd433ed180af76723f9bb5e1576a82
SA-real-70400,S5,1,114,True,True,True,20.0,1111,,a47be7464659f75e69ef6f7165a7b057a0fd433ed180af76723f9bb5e1576a82
SA-real-70400,S5,1,115,True,True,True,20.0,1111,,a47be7464659f75e69ef6f7165a7b057a0fd433ed180af76723f9bb5e1576a82
SA-real-70400,S5,1,116,True,True,True,20.0,1111,,a47be7464659f75e69ef6f7165a7b057a0fd433ed180af76723f9bb5e1576a82
SA-real-70400,S5,1,117,False,True,True,20.0,0111,,a47be7464659f75e69ef6f7165a7b057a0fd433ed180af76723f9bb5e1576a82
SA-real-70400,S5,1,118,False,True,True,20.0,0111,,a47be7464659f75e69ef6f7165a7b057a0fd433ed180af76723f9bb5e1576a82
SA-real-70400,S5,1,119,False,True,True,20.0,0111,,a47be7464659f75e69ef6f7165a7b057a0fd433ed180af76723f9bb5e1576a82
SA-real-70400,S5,1,120,True,True,True,20.0,1111,,a47be7464659f75e69ef6f7165a7b057a0fd433ed180af76723f9bb5e1576a82
SA-real-70400,S5,1,121,True,True,True,20.0,1111,,a47be7464659f75e69ef6f7165a7b057a0fd433ed180af76723f9bb5e1576a82
SA-real-70400,S5,1,122,True,True,True,20.0,1111,,a47be7464659f75e69ef6f7165a7b057a0fd433ed180af76723f9bb5e1576a82
SA-real-70400,S5,1,123,True,True,True,20.0,1111,,a47be7464659f75e69ef6f7165a7b057a0fd433ed180af76723f9bb5e1576a82
SA-real-70400,S5,1,124,False,True,True,20.0,0101,,a47be7464659f75e69ef6f7165a7b057a0fd433ed180af76723f9bb5e1576a82
SA-real-70400,S5,1,125,True,True,True,20.0,1111,,a47be7464659f75e69ef6f7165a7b057a0fd433ed180af76723f9bb5e1576a82
SA-real-70400,S5,1,126,True,True,True,20.0,1111,,a47be7464659f75e69ef6f7165a7b057a0fd433ed180af76723f9bb5e1576a82
SA-real-70400,S5,1,127,True,True,True,20.0,1111,,a47be7464659f75e69ef6f7165a7b057a0fd433ed180af76723f9bb5e1576a82
SA-real-70400,S5,2,0,True,True,True,20.0,1111,,a47be7464659f75e69ef6f7165a7b057a0fd433ed180af76723f9bb5e1576a82
SA-real-70400,S5,2,1,True,True,True,20.0,1111,,a47be7464659f75e69ef6f7165a7b057a0fd433ed180af76723f9bb5e1576a82
SA-real-70400,S5,2,2,False,True,True,20.0,0111,,a47be7464659f75e69ef6f7165a7b057a0fd433ed180af76723f9bb5e1576a82
SA-real-70400,S5,2,3,True,True,True,20.0,1111,,a47be7464659f75e69ef6f7165a7b057a0fd433ed180af76723f9bb5e1576a82
SA-real-70400,S5,2,4,False,True,True,20.0,1101,,a47be7464659f75e69ef6f7165a7b057a0fd433ed180af76723f9bb5e1576a82
SA-real-70400,S5,2,5,True,True,True,20.0,1111,,a47be7464659f75e69ef6f7165a7b057a0fd433ed180af76723f9bb5e1576a82
SA-real-70400,S5,2,6,True,True,True,20.0,1111,,a47be7464659f75e69ef6f7165a7b057a0fd433ed180af76723f9bb5e1576a82
SA-real-70400,S5,2,7,True,True,True,20.0,1111,,a47be7464659f75e69ef6f7165a7b057a0fd433ed180af76723f9bb5e1576a82
SA-real-70400,S5,2,8,True,True,True,20.0,1111,,a47be7464659f75e69ef6f7165a7b057a0fd433ed180af76723f9bb5e1576a82
SA-real-70400,S5,2,9,True,True,True,20.0,1111,,a47be7464659f75e69ef6f7165a7b057a0fd433ed180af76723f9bb5e1576a82
SA-real-70400,S5,2,10,True,True,True,20.0,1111,,a47be7464659f75e69ef6f7165a7b057a0fd433ed180af76723f9bb5e1576a82
SA-real-70400,S5,2,11,False,True,True,20.0,0111,,a47be7464659f75e69ef6f7165a7b057a0fd433ed180af76723f9bb5e1576a82
SA-real-70400,S5,2,12,False,True,True,20.0,0111,,a47be7464659f75e69ef6f7165a7b057a0fd433ed180af76723f9bb5e1576a82
SA-real-70400,S5,2,13,True,True,True,20.0,1111,,a47be7464659f75e69ef6f7165a7b057a0fd433ed180af76723f9bb5e1576a82
SA-real-70400,S5,2,14,True,True,True,20.0,1111,,a47be7464659f75e69ef6f7165a7b057a0fd433ed180af76723f9bb5e1576a82
SA-real-70400,S5,2,15,False,True,True,20.0,0101,,a47be7464659f75e69ef6f7165a7b057a0fd433ed180af76723f9bb5e1576a82
SA-real-70400,S5,2,16,True,True,True,20.0,1111,,a47be7464659f75e69ef6f7165a7b057a0fd433ed180af76723f9bb5e1576a82
SA-real-70400,S5,2,17,True,True,True,20.0,1111,,a47be7464659f75e69ef6f7165a7b057a0fd433ed180af76723f9bb5e1576a82
SA-real-70400,S5,2,18,True,True,True,20.0,1111,,a47be7464659f75e69ef6f7165a7b057a0fd433ed180af76723f9bb5e1576a82
SA-real-70400,S5,2,19,False,True,True,20.0,0101,,a47be7464659f75e69ef6f7165a7b057a0fd433ed180af76723f9bb5e1576a82
SA-real-70400,S5,2,20,False,True,True,20.0,0101,,a47be7464659f75e69ef6f7165a7b057a0fd433ed180af76723f9bb5e1576a82
SA-real-70400,S5,2,21,True,True,True,20.0,1111,,a47be7464659f75e69ef6f7165a7b057a0fd433ed180af76723f9bb5e1576a82
SA-real-70400,S5,2,22,False,True,True,20.0,0111,,a47be7464659f75e69ef6f7165a7b057a0fd433ed180af76723f9bb5e1576a82
SA-real-70400,S5,2,23,True,True,True,20.0,1111,,a47be7464659f75e69ef6f7165a7b057a0fd433ed180af76723f9bb5e1576a82
SA-real-70400,S5,2,24,True,True,True,20.0,1111,,a47be7464659f75e69ef6f7165a7b057a0fd433ed180af76723f9bb5e1576a82
SA-real-70400,S5,2,25,True,True,True,20.0,1111,,a47be7464659f75e69ef6f7165a7b057a0fd433ed180af76723f9bb5e1576a82
SA-real-70400,S5,2,26,True,True,True,20.0,1111,,a47be7464659f75e69ef6f7165a7b057a0fd433ed180af76723f9bb5e1576a82
SA-real-70400,S5,2,27,False,True,True,20.0,0111,,a47be7464659f75e69ef6f7165a7b057a0fd433ed180af76723f9bb5e1576a82
SA-real-70400,S5,2,28,True,True,True,20.0,1111,,a47be7464659f75e69ef6f7165a7b057a0fd433ed180af76723f9bb5e1576a82
SA-real-70400,S5,2,29,False,True,True,20.0,1101,,a47be7464659f75e69ef6f7165a7b057a0fd433ed180af76723f9bb5e1576a82
SA-real-70400,S5,2,30,True,True,True,20.0,1111,,a47be7464659f75e69ef6f7165a7b057a0fd433ed180af76723f9bb5e1576a82
SA-real-70400,S5,2,31,True,True,True,20.0,1111,,a47be7464659f75e69ef6f7165a7b057a0fd433ed180af76723f9bb5e1576a82
SA-real-70400,S5,2,32,True,True,True,20.0,1111,,a47be7464659f75e69ef6f7165a7b057a0fd433ed180af76723f9bb5e1576a82
SA-real-70400,S5,2,33,False,True,True,20.0,0111,,a47be7464659f75e69ef6f7165a7b057a0fd433ed180af76723f9bb5e1576a82
SA-real-70400,S5,2,34,True,True,True,20.0,1111,,a47be7464659f75e69ef6f7165a7b057a0fd433ed180af76723f9bb5e1576a82
SA-real-70400,S5,2,35,True,True,True,20.0,1111,,a47be7464659f75e69ef6f7165a7b057a0fd433ed180af76723f9bb5e1576a82
SA-real-70400,S5,2,36,True,True,True,20.0,1111,,a47be7464659f75e69ef6f7165a7b057a0fd433ed180af76723f9bb5e1576a82
SA-real-70400,S5,2,37,False,True,True,20.0,0101,,a47be7464659f75e69ef6f7165a7b057a0fd433ed180af76723f9bb5e1576a82
SA-real-70400,S5,2,38,True,True,True,20.0,1111,,a47be7464659f75e69ef6f7165a7b057a0fd433ed180af76723f9bb5e1576a82
SA-real-70400,S5,2,39,False,True,True,20.0,0111,,a47be7464659f75e69ef6f7165a7b057a0fd433ed180af76723f9bb5e1576a82
SA-real-70400,S5,2,40,True,True,True,20.0,1111,,a47be7464659f75e69ef6f7165a7b057a0fd433ed180af76723f9bb5e1576a82
SA-real-70400,S5,2,41,False,True,True,20.0,0111,,a47be7464659f75e69ef6f7165a7b057a0fd433ed180af76723f9bb5e1576a82
SA-real-70400,S5,2,42,True,True,True,20.0,1111,,a47be7464659f75e69ef6f7165a7b057a0fd433ed180af76723f9bb5e1576a82
SA-real-70400,S5,2,43,True,True,True,20.0,1111,,a47be7464659f75e69ef6f7165a7b057a0fd433ed180af76723f9bb5e1576a82
SA-real-70400,S5,2,44,True,True,True,20.0,1111,,a47be7464659f75e69ef6f7165a7b057a0fd433ed180af76723f9bb5e1576a82
SA-real-70400,S5,2,45,True,True,True,20.0,1111,,a47be7464659f75e69ef6f7165a7b057a0fd433ed180af76723f9bb5e1576a82
SA-real-70400,S5,2,46,True,True,True,20.0,1111,,a47be7464659f75e69ef6f7165a7b057a0fd433ed180af76723f9bb5e1576a82
SA-real-70400,S5,2,47,True,True,True,20.0,1111,,a47be7464659f75e69ef6f7165a7b057a0fd433ed180af76723f9bb5e1576a82
SA-real-70400,S5,2,48,False,True,True,20.0,1101,,a47be7464659f75e69ef6f7165a7b057a0fd433ed180af76723f9bb5e1576a82
SA-real-70400,S5,2,49,False,True,True,20.0,0111,,a47be7464659f75e69ef6f7165a7b057a0fd433ed180af76723f9bb5e1576a82
SA-real-70400,S5,2,50,True,True,True,20.0,1111,,a47be7464659f75e69ef6f7165a7b057a0fd433ed180af76723f9bb5e1576a82
SA-real-70400,S5,2,51,True,True,True,20.0,1111,,a47be7464659f75e69ef6f7165a7b057a0fd433ed180af76723f9bb5e1576a82
SA-real-70400,S5,2,52,False,True,True,20.0,0101,,a47be7464659f75e69ef6f7165a7b057a0fd433ed180af76723f9bb5e1576a82
SA-real-70400,S5,2,53,True,True,True,20.0,1111,,a47be7464659f75e69ef6f7165a7b057a0fd433ed180af76723f9bb5e1576a82
SA-real-70400,S5,2,54,True,True,True,20.0,1111,,a47be7464659f75e69ef6f7165a7b057a0fd433ed180af76723f9bb5e1576a82
SA-real-70400,S5,2,55,False,True,True,20.0,1101,,a47be7464659f75e69ef6f7165a7b057a0fd433ed180af76723f9bb5e1576a82
SA-real-70400,S5,2,56,False,True,True,20.0,0101,,a47be7464659f75e69ef6f7165a7b057a0fd433ed180af76723f9bb5e1576a82
SA-real-70400,S5,2,57,False,True,True,20.0,0101,,a47be7464659f75e69ef6f7165a7b057a0fd433ed180af76723f9bb5e1576a82
SA-real-70400,S5,2,58,True,True,True,20.0,1111,,a47be7464659f75e69ef6f7165a7b057a0fd433ed180af76723f9bb5e1576a82
SA-real-70400,S5,2,59,False,True,True,20.0,0111,,a47be7464659f75e69ef6f7165a7b057a0fd433ed180af76723f9bb5e1576a82
SA-real-70400,S5,2,60,True,True,True,20.0,1111,,a47be7464659f75e69ef6f7165a7b057a0fd433ed180af76723f9bb5e1576a82
SA-real-70400,S5,2,61,True,True,True,20.0,1111,,a47be7464659f75e69ef6f7165a7b057a0fd433ed180af76723f9bb5e1576a82
SA-real-70400,S5,2,62,True,True,True,20.0,1111,,a47be7464659f75e69ef6f7165a7b057a0fd433ed180af76723f9bb5e1576a82
SA-real-70400,S5,2,63,False,True,True,20.0,0111,,a47be7464659f75e69ef6f7165a7b057a0fd433ed180af76723f9bb5e1576a82
SA-real-70400,S5,2,64,True,True,True,20.0,1111,,a47be7464659f75e69ef6f7165a7b057a0fd433ed180af76723f9bb5e1576a82
SA-real-70400,S5,2,65,True,True,True,20.0,1111,,a47be7464659f75e69ef6f7165a7b057a0fd433ed180af76723f9bb5e1576a82
SA-real-70400,S5,2,66,True,True,True,20.0,1111,,a47be7464659f75e69ef6f7165a7b057a0fd433ed180af76723f9bb5e1576a82
SA-real-70400,S5,2,67,True,True,True,20.0,1111,,a47be7464659f75e69ef6f7165a7b057a0fd433ed180af76723f9bb5e1576a82
SA-real-70400,S5,2,68,True,True,True,20.0,1111,,a47be7464659f75e69ef6f7165a7b057a0fd433ed180af76723f9bb5e1576a82
SA-real-70400,S5,2,69,True,True,True,20.0,1111,,a47be7464659f75e69ef6f7165a7b057a0fd433ed180af76723f9bb5e1576a82
SA-real-70400,S5,2,70,True,True,True,20.0,1111,,a47be7464659f75e69ef6f7165a7b057a0fd433ed180af76723f9bb5e1576a82
SA-real-70400,S5,2,71,False,True,True,20.0,0111,,a47be7464659f75e69ef6f7165a7b057a0fd433ed180af76723f9bb5e1576a82
SA-real-70400,S5,2,72,False,True,True,20.0,0101,,a47be7464659f75e69ef6f7165a7b057a0fd433ed180af76723f9bb5e1576a82
SA-real-70400,S5,2,73,False,True,True,20.0,0101,,a47be7464659f75e69ef6f7165a7b057a0fd433ed180af76723f9bb5e1576a82
SA-real-70400,S5,2,74,False,True,True,20.0,0101,,a47be7464659f75e69ef6f7165a7b057a0fd433ed180af76723f9bb5e1576a82
SA-real-70400,S5,2,75,True,True,True,20.0,1111,,a47be7464659f75e69ef6f7165a7b057a0fd433ed180af76723f9bb5e1576a82
SA-real-70400,S5,2,76,True,True,True,20.0,1111,,a47be7464659f75e69ef6f7165a7b057a0fd433ed180af76723f9bb5e1576a82
SA-real-70400,S5,2,77,True,True,True,20.0,1111,,a47be7464659f75e69ef6f7165a7b057a0fd433ed180af76723f9bb5e1576a82
SA-real-70400,S5,2,78,False,True,True,20.0,0101,,a47be7464659f75e69ef6f7165a7b057a0fd433ed180af76723f9bb5e1576a82
SA-real-70400,S5,2,79,True,True,True,20.0,1111,,a47be7464659f75e69ef6f7165a7b057a0fd433ed180af76723f9bb5e1576a82
SA-real-70400,S5,2,80,True,True,True,20.0,1111,,a47be7464659f75e69ef6f7165a7b057a0fd433ed180af76723f9bb5e1576a82
SA-real-70400,S5,2,81,False,True,True,20.0,0111,,a47be7464659f75e69ef6f7165a7b057a0fd433ed180af76723f9bb5e1576a82
SA-real-70400,S5,2,82,True,True,True,20.0,1111,,a47be7464659f75e69ef6f7165a7b057a0fd433ed180af76723f9bb5e1576a82
SA-real-70400,S5,2,83,True,True,True,20.0,1111,,a47be7464659f75e69ef6f7165a7b057a0fd433ed180af76723f9bb5e1576a82
SA-real-70400,S5,2,84,False,True,True,20.0,0111,,a47be7464659f75e69ef6f7165a7b057a0fd433ed180af76723f9bb5e1576a82
SA-real-70400,S5,2,85,True,True,True,20.0,1111,,a47be7464659f75e69ef6f7165a7b057a0fd433ed180af76723f9bb5e1576a82
SA-real-70400,S5,2,86,False,True,True,20.0,0111,,a47be7464659f75e69ef6f7165a7b057a0fd433ed180af76723f9bb5e1576a82
SA-real-70400,S5,2,87,True,True,True,20.0,1111,,a47be7464659f75e69ef6f7165a7b057a0fd433ed180af76723f9bb5e1576a82
SA-real-70400,S5,2,88,True,True,True,20.0,1111,,a47be7464659f75e69ef6f7165a7b057a0fd433ed180af76723f9bb5e1576a82
SA-real-70400,S5,2,89,True,True,True,20.0,1111,,a47be7464659f75e69ef6f7165a7b057a0fd433ed180af76723f9bb5e1576a82
SA-real-70400,S5,2,90,True,True,True,20.0,1111,,a47be7464659f75e69ef6f7165a7b057a0fd433ed180af76723f9bb5e1576a82
SA-real-70400,S5,2,91,True,True,True,20.0,1111,,a47be7464659f75e69ef6f7165a7b057a0fd433ed180af76723f9bb5e1576a82
SA-real-70400,S5,2,92,True,True,True,20.0,1111,,a47be7464659f75e69ef6f7165a7b057a0fd433ed180af76723f9bb5e1576a82
SA-real-70400,S5,2,93,True,True,True,20.0,1111,,a47be7464659f75e69ef6f7165a7b057a0fd433ed180af76723f9bb5e1576a82
SA-real-70400,S5,2,94,True,True,True,20.0,1111,,a47be7464659f75e69ef6f7165a7b057a0fd433ed180af76723f9bb5e1576a82
SA-real-70400,S5,2,95,False,True,True,20.0,0111,,a47be7464659f75e69ef6f7165a7b057a0fd433ed180af76723f9bb5e1576a82
SA-real-70400,S5,2,96,False,True,True,20.0,0101,,a47be7464659f75e69ef6f7165a7b057a0fd433ed180af76723f9bb5e1576a82
SA-real-70400,S5,2,97,False,True,True,20.0,0111,,a47be7464659f75e69ef6f7165a7b057a0fd433ed180af76723f9bb5e1576a82
SA-real-70400,S5,2,98,False,True,True,20.0,0111,,a47be7464659f75e69ef6f7165a7b057a0fd433ed180af76723f9bb5e1576a82
SA-real-70400,S5,2,99,False,True,True,20.0,0111,,a47be7464659f75e69ef6f7165a7b057a0fd433ed180af76723f9bb5e1576a82
SA-real-70400,S5,2,100,True,True,True,20.0,1111,,a47be7464659f75e69ef6f7165a7b057a0fd433ed180af76723f9bb5e1576a82
SA-real-70400,S5,2,101,True,True,True,20.0,1111,,a47be7464659f75e69ef6f7165a7b057a0fd433ed180af76723f9bb5e1576a82
SA-real-70400,S5,2,102,False,True,True,20.0,0111,,a47be7464659f75e69ef6f7165a7b057a0fd433ed180af76723f9bb5e1576a82
SA-real-70400,S5,2,103,True,True,True,20.0,1111,,a47be7464659f75e69ef6f7165a7b057a0fd433ed180af76723f9bb5e1576a82
SA-real-70400,S5,2,104,True,True,True,20.0,1111,,a47be7464659f75e69ef6f7165a7b057a0fd433ed180af76723f9bb5e1576a82
SA-real-70400,S5,2,105,True,True,True,20.0,1111,,a47be7464659f75e69ef6f7165a7b057a0fd433ed180af76723f9bb5e1576a82
SA-real-70400,S5,2,106,False,True,True,20.0,0111,,a47be7464659f75e69ef6f7165a7b057a0fd433ed180af76723f9bb5e1576a82
SA-real-70400,S5,2,107,False,True,True,20.0,0111,,a47be7464659f75e69ef6f7165a7b057a0fd433ed180af76723f9bb5e1576a82
SA-real-70400,S5,2,108,True,True,True,20.0,1111,,a47be7464659f75e69ef6f7165a7b057a0fd433ed180af76723f9bb5e1576a82
SA-real-70400,S5,2,109,True,True,True,20.0,1111,,a47be7464659f75e69ef6f7165a7b057a0fd433ed180af76723f9bb5e1576a82
SA-real-70400,S5,2,110,True,True,True,20.0,1111,,a47be7464659f75e69ef6f7165a7b057a0fd433ed180af76723f9bb5e1576a82
SA-real-70400,S5,2,111,True,True,True,20.0,1111,,a47be7464659f75e69ef6f7165a7b057a0fd433ed180af76723f9bb5e1576a82
SA-real-70400,S5,2,112,True,True,True,20.0,1111,,a47be7464659f75e69ef6f7165a7b057a0fd433ed180af76723f9bb5e1576a82
SA-real-70400,S5,2,113,False,True,True,20.0,0111,,a47be7464659f75e69ef6f7165a7b057a0fd433ed180af76723f9bb5e1576a82
SA-real-70400,S5,2,114,False,True,True,20.0,0111,,a47be7464659f75e69ef6f7165a7b057a0fd433ed180af76723f9bb5e1576a82
SA-real-70400,S5,2,115,False,True,True,20.0,0111,,a47be7464659f75e69ef6f7165a7b057a0fd433ed180af76723f9bb5e1576a82
SA-real-70400,S5,2,116,True,True,True,20.0,1111,,a47be7464659f75e69ef6f7165a7b057a0fd433ed180af76723f9bb5e1576a82
SA-real-70400,S5,2,117,True,True,True,20.0,1111,,a47be7464659f75e69ef6f7165a7b057a0fd433ed180af76723f9bb5e1576a82
SA-real-70400,S5,2,118,True,True,True,20.0,1111,,a47be7464659f75e69ef6f7165a7b057a0fd433ed180af76723f9bb5e1576a82
SA-real-70400,S5,2,119,False,True,True,20.0,1101,,a47be7464659f75e69ef6f7165a7b057a0fd433ed180af76723f9bb5e1576a82
SA-real-70400,S5,2,120,True,True,True,20.0,1111,,a47be7464659f75e69ef6f7165a7b057a0fd433ed180af76723f9bb5e1576a82
SA-real-70400,S5,2,121,True,True,True,20.0,1111,,a47be7464659f75e69ef6f7165a7b057a0fd433ed180af76723f9bb5e1576a82
SA-real-70400,S5,2,122,True,True,True,20.0,1111,,a47be7464659f75e69ef6f7165a7b057a0fd433ed180af76723f9bb5e1576a82
SA-real-70400,S5,2,123,True,True,True,20.0,1111,,a47be7464659f75e69ef6f7165a7b057a0fd433ed180af76723f9bb5e1576a82
SA-real-70400,S5,2,124,False,True,True,20.0,0111,,a47be7464659f75e69ef6f7165a7b057a0fd433ed180af76723f9bb5e1576a82
SA-real-70400,S5,2,125,False,True,True,20.0,1101,,a47be7464659f75e69ef6f7165a7b057a0fd433ed180af76723f9bb5e1576a82
SA-real-70400,S5,2,126,False,True,True,20.0,0111,,a47be7464659f75e69ef6f7165a7b057a0fd433ed180af76723f9bb5e1576a82
SA-real-70400,S5,2,127,True,True,True,20.0,1111,,a47be7464659f75e69ef6f7165a7b057a0fd433ed180af76723f9bb5e1576a82
SA-real-70400,S5,3,0,True,True,True,20.0,1111,,a47be7464659f75e69ef6f7165a7b057a0fd433ed180af76723f9bb5e1576a82
SA-real-70400,S5,3,1,False,True,True,20.0,0111,,a47be7464659f75e69ef6f7165a7b057a0fd433ed180af76723f9bb5e1576a82
SA-real-70400,S5,3,2,True,True,True,20.0,1111,,a47be7464659f75e69ef6f7165a7b057a0fd433ed180af76723f9bb5e1576a82
SA-real-70400,S5,3,3,False,True,True,20.0,0101,,a47be7464659f75e69ef6f7165a7b057a0fd433ed180af76723f9bb5e1576a82
SA-real-70400,S5,3,4,True,True,True,20.0,1111,,a47be7464659f75e69ef6f7165a7b057a0fd433ed180af76723f9bb5e1576a82
SA-real-70400,S5,3,5,True,True,True,20.0,1111,,a47be7464659f75e69ef6f7165a7b057a0fd433ed180af76723f9bb5e1576a82
SA-real-70400,S5,3,6,True,True,True,20.0,1111,,a47be7464659f75e69ef6f7165a7b057a0fd433ed180af76723f9bb5e1576a82
SA-real-70400,S5,3,7,False,True,True,20.0,0111,,a47be7464659f75e69ef6f7165a7b057a0fd433ed180af76723f9bb5e1576a82
SA-real-70400,S5,3,8,True,True,True,20.0,1111,,a47be7464659f75e69ef6f7165a7b057a0fd433ed180af76723f9bb5e1576a82
SA-real-70400,S5,3,9,False,True,True,20.0,0101,,a47be7464659f75e69ef6f7165a7b057a0fd433ed180af76723f9bb5e1576a82
SA-real-70400,S5,3,10,True,True,True,20.0,1111,,a47be7464659f75e69ef6f7165a7b057a0fd433ed180af76723f9bb5e1576a82
SA-real-70400,S5,3,11,False,True,True,20.0,0111,,a47be7464659f75e69ef6f7165a7b057a0fd433ed180af76723f9bb5e1576a82
SA-real-70400,S5,3,12,False,True,True,20.0,0101,,a47be7464659f75e69ef6f7165a7b057a0fd433ed180af76723f9bb5e1576a82
SA-real-70400,S5,3,13,True,True,True,20.0,1111,,a47be7464659f75e69ef6f7165a7b057a0fd433ed180af76723f9bb5e1576a82
SA-real-70400,S5,3,14,True,True,True,20.0,1111,,a47be7464659f75e69ef6f7165a7b057a0fd433ed180af76723f9bb5e1576a82
SA-real-70400,S5,3,15,True,True,True,20.0,1111,,a47be7464659f75e69ef6f7165a7b057a0fd433ed180af76723f9bb5e1576a82
SA-real-70400,S5,3,16,False,True,True,20.0,0111,,a47be7464659f75e69ef6f7165a7b057a0fd433ed180af76723f9bb5e1576a82
SA-real-70400,S5,3,17,True,True,True,20.0,1111,,a47be7464659f75e69ef6f7165a7b057a0fd433ed180af76723f9bb5e1576a82
SA-real-70400,S5,3,18,True,True,True,20.0,1111,,a47be7464659f75e69ef6f7165a7b057a0fd433ed180af76723f9bb5e1576a82
SA-real-70400,S5,3,19,True,True,True,20.0,1111,,a47be7464659f75e69ef6f7165a7b057a0fd433ed180af76723f9bb5e1576a82
SA-real-70400,S5,3,20,False,True,True,20.0,1101,,a47be7464659f75e69ef6f7165a7b057a0fd433ed180af76723f9bb5e1576a82
SA-real-70400,S5,3,21,False,True,True,20.0,0101,,a47be7464659f75e69ef6f7165a7b057a0fd433ed180af76723f9bb5e1576a82
SA-real-70400,S5,3,22,True,True,True,20.0,1111,,a47be7464659f75e69ef6f7165a7b057a0fd433ed180af76723f9bb5e1576a82
SA-real-70400,S5,3,23,True,True,True,20.0,1111,,a47be7464659f75e69ef6f7165a7b057a0fd433ed180af76723f9bb5e1576a82
SA-real-70400,S5,3,24,True,True,True,20.0,1111,,a47be7464659f75e69ef6f7165a7b057a0fd433ed180af76723f9bb5e1576a82
SA-real-70400,S5,3,25,False,True,True,20.0,1101,,a47be7464659f75e69ef6f7165a7b057a0fd433ed180af76723f9bb5e1576a82
SA-real-70400,S5,3,26,True,True,True,20.0,1111,,a47be7464659f75e69ef6f7165a7b057a0fd433ed180af76723f9bb5e1576a82
SA-real-70400,S5,3,27,False,True,True,20.0,0111,,a47be7464659f75e69ef6f7165a7b057a0fd433ed180af76723f9bb5e1576a82
SA-real-70400,S5,3,28,True,True,True,20.0,1111,,a47be7464659f75e69ef6f7165a7b057a0fd433ed180af76723f9bb5e1576a82
SA-real-70400,S5,3,29,True,True,True,20.0,1111,,a47be7464659f75e69ef6f7165a7b057a0fd433ed180af76723f9bb5e1576a82
SA-real-70400,S5,3,30,True,True,True,20.0,1111,,a47be7464659f75e69ef6f7165a7b057a0fd433ed180af76723f9bb5e1576a82
SA-real-70400,S5,3,31,True,True,True,20.0,1111,,a47be7464659f75e69ef6f7165a7b057a0fd433ed180af76723f9bb5e1576a82
SA-real-70400,S5,3,32,False,True,True,20.0,0101,,a47be7464659f75e69ef6f7165a7b057a0fd433ed180af76723f9bb5e1576a82
SA-real-70400,S5,3,33,True,True,True,20.0,1111,,a47be7464659f75e69ef6f7165a7b057a0fd433ed180af76723f9bb5e1576a82
SA-real-70400,S5,3,34,False,True,True,20.0,0101,,a47be7464659f75e69ef6f7165a7b057a0fd433ed180af76723f9bb5e1576a82
SA-real-70400,S5,3,35,False,False,False,5.166666666666667,0000,,a47be7464659f75e69ef6f7165a7b057a0fd433ed180af76723f9bb5e1576a82
SA-real-70400,S5,3,36,False,True,True,20.0,0101,,a47be7464659f75e69ef6f7165a7b057a0fd433ed180af76723f9bb5e1576a82
SA-real-70400,S5,3,37,True,True,True,20.0,1111,,a47be7464659f75e69ef6f7165a7b057a0fd433ed180af76723f9bb5e1576a82
SA-real-70400,S5,3,38,False,True,True,20.0,0111,,a47be7464659f75e69ef6f7165a7b057a0fd433ed180af76723f9bb5e1576a82
SA-real-70400,S5,3,39,False,True,True,20.0,0101,,a47be7464659f75e69ef6f7165a7b057a0fd433ed180af76723f9bb5e1576a82
SA-real-70400,S5,3,40,True,True,True,20.0,1111,,a47be7464659f75e69ef6f7165a7b057a0fd433ed180af76723f9bb5e1576a82
SA-real-70400,S5,3,41,True,True,True,20.0,1111,,a47be7464659f75e69ef6f7165a7b057a0fd433ed180af76723f9bb5e1576a82
SA-real-70400,S5,3,42,False,True,True,20.0,0101,,a47be7464659f75e69ef6f7165a7b057a0fd433ed180af76723f9bb5e1576a82
SA-real-70400,S5,3,43,True,True,True,20.0,1111,,a47be7464659f75e69ef6f7165a7b057a0fd433ed180af76723f9bb5e1576a82
SA-real-70400,S5,3,44,True,True,True,20.0,1111,,a47be7464659f75e69ef6f7165a7b057a0fd433ed180af76723f9bb5e1576a82
SA-real-70400,S5,3,45,True,True,True,20.0,1111,,a47be7464659f75e69ef6f7165a7b057a0fd433ed180af76723f9bb5e1576a82
SA-real-70400,S5,3,46,True,True,True,20.0,1111,,a47be7464659f75e69ef6f7165a7b057a0fd433ed180af76723f9bb5e1576a82
SA-real-70400,S5,3,47,True,True,True,20.0,1111,,a47be7464659f75e69ef6f7165a7b057a0fd433ed180af76723f9bb5e1576a82
SA-real-70400,S5,3,48,True,True,True,20.0,1111,,a47be7464659f75e69ef6f7165a7b057a0fd433ed180af76723f9bb5e1576a82
SA-real-70400,S5,3,49,False,True,True,20.0,1101,,a47be7464659f75e69ef6f7165a7b057a0fd433ed180af76723f9bb5e1576a82
SA-real-70400,S5,3,50,False,True,True,20.0,1101,,a47be7464659f75e69ef6f7165a7b057a0fd433ed180af76723f9bb5e1576a82
SA-real-70400,S5,3,51,True,True,True,20.0,1111,,a47be7464659f75e69ef6f7165a7b057a0fd433ed180af76723f9bb5e1576a82
SA-real-70400,S5,3,52,True,True,True,20.0,1111,,a47be7464659f75e69ef6f7165a7b057a0fd433ed180af76723f9bb5e1576a82
SA-real-70400,S5,3,53,True,True,True,20.0,1111,,a47be7464659f75e69ef6f7165a7b057a0fd433ed180af76723f9bb5e1576a82
SA-real-70400,S5,3,54,False,True,True,20.0,0101,,a47be7464659f75e69ef6f7165a7b057a0fd433ed180af76723f9bb5e1576a82
SA-real-70400,S5,3,55,True,True,True,20.0,1111,,a47be7464659f75e69ef6f7165a7b057a0fd433ed180af76723f9bb5e1576a82
SA-real-70400,S5,3,56,False,True,True,20.0,0101,,a47be7464659f75e69ef6f7165a7b057a0fd433ed180af76723f9bb5e1576a82
SA-real-70400,S5,3,57,True,True,True,20.0,1111,,a47be7464659f75e69ef6f7165a7b057a0fd433ed180af76723f9bb5e1576a82
SA-real-70400,S5,3,58,True,True,True,20.0,1111,,a47be7464659f75e69ef6f7165a7b057a0fd433ed180af76723f9bb5e1576a82
SA-real-70400,S5,3,59,True,True,True,20.0,1111,,a47be7464659f75e69ef6f7165a7b057a0fd433ed180af76723f9bb5e1576a82
SA-real-70400,S5,3,60,True,True,True,20.0,1111,,a47be7464659f75e69ef6f7165a7b057a0fd433ed180af76723f9bb5e1576a82
SA-real-70400,S5,3,61,True,True,True,20.0,1111,,a47be7464659f75e69ef6f7165a7b057a0fd433ed180af76723f9bb5e1576a82
SA-real-70400,S5,3,62,False,True,True,20.0,1101,,a47be7464659f75e69ef6f7165a7b057a0fd433ed180af76723f9bb5e1576a82
SA-real-70400,S5,3,63,True,True,True,20.0,1111,,a47be7464659f75e69ef6f7165a7b057a0fd433ed180af76723f9bb5e1576a82
SA-real-70400,S5,3,64,True,True,True,20.0,1111,,a47be7464659f75e69ef6f7165a7b057a0fd433ed180af76723f9bb5e1576a82
SA-real-70400,S5,3,65,False,True,True,20.0,0111,,a47be7464659f75e69ef6f7165a7b057a0fd433ed180af76723f9bb5e1576a82
SA-real-70400,S5,3,66,False,True,True,20.0,0101,,a47be7464659f75e69ef6f7165a7b057a0fd433ed180af76723f9bb5e1576a82
SA-real-70400,S5,3,67,True,True,True,20.0,1111,,a47be7464659f75e69ef6f7165a7b057a0fd433ed180af76723f9bb5e1576a82
SA-real-70400,S5,3,68,True,True,True,20.0,1111,,a47be7464659f75e69ef6f7165a7b057a0fd433ed180af76723f9bb5e1576a82
SA-real-70400,S5,3,69,False,True,True,20.0,0101,,a47be7464659f75e69ef6f7165a7b057a0fd433ed180af76723f9bb5e1576a82
SA-real-70400,S5,3,70,True,True,True,20.0,1111,,a47be7464659f75e69ef6f7165a7b057a0fd433ed180af76723f9bb5e1576a82
SA-real-70400,S5,3,71,True,True,True,20.0,1111,,a47be7464659f75e69ef6f7165a7b057a0fd433ed180af76723f9bb5e1576a82
SA-real-70400,S5,3,72,True,True,True,20.0,1111,,a47be7464659f75e69ef6f7165a7b057a0fd433ed180af76723f9bb5e1576a82
SA-real-70400,S5,3,73,True,True,True,20.0,1111,,a47be7464659f75e69ef6f7165a7b057a0fd433ed180af76723f9bb5e1576a82
SA-real-70400,S5,3,74,True,True,True,20.0,1111,,a47be7464659f75e69ef6f7165a7b057a0fd433ed180af76723f9bb5e1576a82
SA-real-70400,S5,3,75,True,True,True,20.0,1111,,a47be7464659f75e69ef6f7165a7b057a0fd433ed180af76723f9bb5e1576a82
SA-real-70400,S5,3,76,False,False,False,12.133333333333333,0100,,a47be7464659f75e69ef6f7165a7b057a0fd433ed180af76723f9bb5e1576a82
SA-real-70400,S5,3,77,True,True,True,20.0,1111,,a47be7464659f75e69ef6f7165a7b057a0fd433ed180af76723f9bb5e1576a82
SA-real-70400,S5,3,78,True,True,True,20.0,1111,,a47be7464659f75e69ef6f7165a7b057a0fd433ed180af76723f9bb5e1576a82
SA-real-70400,S5,3,79,True,True,True,20.0,1111,,a47be7464659f75e69ef6f7165a7b057a0fd433ed180af76723f9bb5e1576a82
SA-real-70400,S5,3,80,False,True,True,20.0,0101,,a47be7464659f75e69ef6f7165a7b057a0fd433ed180af76723f9bb5e1576a82
SA-real-70400,S5,3,81,True,True,True,20.0,1111,,a47be7464659f75e69ef6f7165a7b057a0fd433ed180af76723f9bb5e1576a82
SA-real-70400,S5,3,82,True,True,True,20.0,1111,,a47be7464659f75e69ef6f7165a7b057a0fd433ed180af76723f9bb5e1576a82
SA-real-70400,S5,3,83,True,True,True,20.0,1111,,a47be7464659f75e69ef6f7165a7b057a0fd433ed180af76723f9bb5e1576a82
SA-real-70400,S5,3,84,True,True,True,20.0,1111,,a47be7464659f75e69ef6f7165a7b057a0fd433ed180af76723f9bb5e1576a82
SA-real-70400,S5,3,85,False,True,True,20.0,0101,,a47be7464659f75e69ef6f7165a7b057a0fd433ed180af76723f9bb5e1576a82
SA-real-70400,S5,3,86,True,True,True,20.0,1111,,a47be7464659f75e69ef6f7165a7b057a0fd433ed180af76723f9bb5e1576a82
SA-real-70400,S5,3,87,False,False,False,1.0333333333333334,0000,,a47be7464659f75e69ef6f7165a7b057a0fd433ed180af76723f9bb5e1576a82
SA-real-70400,S5,3,88,True,True,True,20.0,1111,,a47be7464659f75e69ef6f7165a7b057a0fd433ed180af76723f9bb5e1576a82
SA-real-70400,S5,3,89,False,True,True,20.0,0101,,a47be7464659f75e69ef6f7165a7b057a0fd433ed180af76723f9bb5e1576a82
SA-real-70400,S5,3,90,True,True,True,20.0,1111,,a47be7464659f75e69ef6f7165a7b057a0fd433ed180af76723f9bb5e1576a82
SA-real-70400,S5,3,91,True,True,True,20.0,1111,,a47be7464659f75e69ef6f7165a7b057a0fd433ed180af76723f9bb5e1576a82
SA-real-70400,S5,3,92,False,True,True,20.0,0101,,a47be7464659f75e69ef6f7165a7b057a0fd433ed180af76723f9bb5e1576a82
SA-real-70400,S5,3,93,True,True,True,20.0,1111,,a47be7464659f75e69ef6f7165a7b057a0fd433ed180af76723f9bb5e1576a82
SA-real-70400,S5,3,94,True,True,True,20.0,1111,,a47be7464659f75e69ef6f7165a7b057a0fd433ed180af76723f9bb5e1576a82
SA-real-70400,S5,3,95,True,True,True,20.0,1111,,a47be7464659f75e69ef6f7165a7b057a0fd433ed180af76723f9bb5e1576a82
SA-real-70400,S5,3,96,True,True,True,20.0,1111,,a47be7464659f75e69ef6f7165a7b057a0fd433ed180af76723f9bb5e1576a82
SA-real-70400,S5,3,97,True,True,True,20.0,1111,,a47be7464659f75e69ef6f7165a7b057a0fd433ed180af76723f9bb5e1576a82
SA-real-70400,S5,3,98,True,True,True,20.0,1111,,a47be7464659f75e69ef6f7165a7b057a0fd433ed180af76723f9bb5e1576a82
SA-real-70400,S5,3,99,True,True,True,20.0,1111,,a47be7464659f75e69ef6f7165a7b057a0fd433ed180af76723f9bb5e1576a82
SA-real-70400,S5,3,100,False,True,True,20.0,0111,,a47be7464659f75e69ef6f7165a7b057a0fd433ed180af76723f9bb5e1576a82
SA-real-70400,S5,3,101,True,True,True,20.0,1111,,a47be7464659f75e69ef6f7165a7b057a0fd433ed180af76723f9bb5e1576a82
SA-real-70400,S5,3,102,True,True,True,20.0,1111,,a47be7464659f75e69ef6f7165a7b057a0fd433ed180af76723f9bb5e1576a82
SA-real-70400,S5,3,103,True,True,True,20.0,1111,,a47be7464659f75e69ef6f7165a7b057a0fd433ed180af76723f9bb5e1576a82
SA-real-70400,S5,3,104,False,True,True,20.0,0101,,a47be7464659f75e69ef6f7165a7b057a0fd433ed180af76723f9bb5e1576a82
SA-real-70400,S5,3,105,True,True,True,20.0,1111,,a47be7464659f75e69ef6f7165a7b057a0fd433ed180af76723f9bb5e1576a82
SA-real-70400,S5,3,106,False,True,True,20.0,0101,,a47be7464659f75e69ef6f7165a7b057a0fd433ed180af76723f9bb5e1576a82
SA-real-70400,S5,3,107,False,True,True,20.0,1101,,a47be7464659f75e69ef6f7165a7b057a0fd433ed180af76723f9bb5e1576a82
SA-real-70400,S5,3,108,False,True,True,20.0,1101,,a47be7464659f75e69ef6f7165a7b057a0fd433ed180af76723f9bb5e1576a82
SA-real-70400,S5,3,109,True,True,True,20.0,1111,,a47be7464659f75e69ef6f7165a7b057a0fd433ed180af76723f9bb5e1576a82
SA-real-70400,S5,3,110,True,True,True,20.0,1111,,a47be7464659f75e69ef6f7165a7b057a0fd433ed180af76723f9bb5e1576a82
SA-real-70400,S5,3,111,True,True,True,20.0,1111,,a47be7464659f75e69ef6f7165a7b057a0fd433ed180af76723f9bb5e1576a82
SA-real-70400,S5,3,112,False,False,True,0.0,1111,,a47be7464659f75e69ef6f7165a7b057a0fd433ed180af76723f9bb5e1576a82
SA-real-70400,S5,3,113,True,True,True,20.0,1111,,a47be7464659f75e69ef6f7165a7b057a0fd433ed180af76723f9bb5e1576a82
SA-real-70400,S5,3,114,False,True,True,20.0,0101,,a47be7464659f75e69ef6f7165a7b057a0fd433ed180af76723f9bb5e1576a82
SA-real-70400,S5,3,115,False,True,True,20.0,1101,,a47be7464659f75e69ef6f7165a7b057a0fd433ed180af76723f9bb5e1576a82
SA-real-70400,S5,3,116,False,False,False,5.333333333333333,1100,,a47be7464659f75e69ef6f7165a7b057a0fd433ed180af76723f9bb5e1576a82
SA-real-70400,S5,3,117,True,True,True,20.0,1111,,a47be7464659f75e69ef6f7165a7b057a0fd433ed180af76723f9bb5e1576a82
SA-real-70400,S5,3,118,True,True,True,20.0,1111,,a47be7464659f75e69ef6f7165a7b057a0fd433ed180af76723f9bb5e1576a82
SA-real-70400,S5,3,119,True,True,True,20.0,1111,,a47be7464659f75e69ef6f7165a7b057a0fd433ed180af76723f9bb5e1576a82
SA-real-70400,S5,3,120,False,False,False,0.36666666666666664,0000,,a47be7464659f75e69ef6f7165a7b057a0fd433ed180af76723f9bb5e1576a82
SA-real-70400,S5,3,121,True,True,True,20.0,1111,,a47be7464659f75e69ef6f7165a7b057a0fd433ed180af76723f9bb5e1576a82
SA-real-70400,S5,3,122,False,True,True,20.0,0101,,a47be7464659f75e69ef6f7165a7b057a0fd433ed180af76723f9bb5e1576a82
SA-real-70400,S5,3,123,True,True,True,20.0,1111,,a47be7464659f75e69ef6f7165a7b057a0fd433ed180af76723f9bb5e1576a82
SA-real-70400,S5,3,124,True,True,True,20.0,1111,,a47be7464659f75e69ef6f7165a7b057a0fd433ed180af76723f9bb5e1576a82
SA-real-70400,S5,3,125,False,True,True,20.0,0101,,a47be7464659f75e69ef6f7165a7b057a0fd433ed180af76723f9bb5e1576a82
SA-real-70400,S5,3,126,True,True,True,20.0,1111,,a47be7464659f75e69ef6f7165a7b057a0fd433ed180af76723f9bb5e1576a82
SA-real-70400,S5,3,127,True,True,True,20.0,1111,,a47be7464659f75e69ef6f7165a7b057a0fd433ed180af76723f9bb5e1576a82
SA-real-70400,F,0,0,True,True,True,40.0,,10,a47be7464659f75e69ef6f7165a7b057a0fd433ed180af76723f9bb5e1576a82
SA-real-70400,F,0,1,True,True,True,40.0,,10,a47be7464659f75e69ef6f7165a7b057a0fd433ed180af76723f9bb5e1576a82
SA-real-70400,F,0,2,True,True,True,40.0,,10,a47be7464659f75e69ef6f7165a7b057a0fd433ed180af76723f9bb5e1576a82
SA-real-70400,F,0,3,True,True,True,40.0,,10,a47be7464659f75e69ef6f7165a7b057a0fd433ed180af76723f9bb5e1576a82
SA-real-70400,F,0,4,True,True,True,40.0,,10,a47be7464659f75e69ef6f7165a7b057a0fd433ed180af76723f9bb5e1576a82
SA-real-70400,F,0,5,True,True,True,40.0,,10,a47be7464659f75e69ef6f7165a7b057a0fd433ed180af76723f9bb5e1576a82
SA-real-70400,F,0,6,True,True,True,40.0,,10,a47be7464659f75e69ef6f7165a7b057a0fd433ed180af76723f9bb5e1576a82
SA-real-70400,F,0,7,True,True,True,40.0,,10,a47be7464659f75e69ef6f7165a7b057a0fd433ed180af76723f9bb5e1576a82
SA-real-70400,F,0,8,True,True,True,40.0,,10,a47be7464659f75e69ef6f7165a7b057a0fd433ed180af76723f9bb5e1576a82
SA-real-70400,F,0,9,True,True,True,40.0,,10,a47be7464659f75e69ef6f7165a7b057a0fd433ed180af76723f9bb5e1576a82
SA-real-70400,F,0,10,True,True,True,40.0,,10,a47be7464659f75e69ef6f7165a7b057a0fd433ed180af76723f9bb5e1576a82
SA-real-70400,F,0,11,True,True,True,40.0,,10,a47be7464659f75e69ef6f7165a7b057a0fd433ed180af76723f9bb5e1576a82
SA-real-70400,F,0,12,True,True,True,40.0,,10,a47be7464659f75e69ef6f7165a7b057a0fd433ed180af76723f9bb5e1576a82
SA-real-70400,F,0,13,True,True,True,40.0,,10,a47be7464659f75e69ef6f7165a7b057a0fd433ed180af76723f9bb5e1576a82
SA-real-70400,F,0,14,True,True,True,40.0,,10,a47be7464659f75e69ef6f7165a7b057a0fd433ed180af76723f9bb5e1576a82
SA-real-70400,F,0,15,True,True,True,40.0,,10,a47be7464659f75e69ef6f7165a7b057a0fd433ed180af76723f9bb5e1576a82
SA-real-70400,F,0,16,True,True,True,40.0,,10,a47be7464659f75e69ef6f7165a7b057a0fd433ed180af76723f9bb5e1576a82
SA-real-70400,F,0,17,True,True,True,40.0,,10,a47be7464659f75e69ef6f7165a7b057a0fd433ed180af76723f9bb5e1576a82
SA-real-70400,F,0,18,True,True,True,40.0,,10,a47be7464659f75e69ef6f7165a7b057a0fd433ed180af76723f9bb5e1576a82
SA-real-70400,F,0,19,True,True,True,40.0,,10,a47be7464659f75e69ef6f7165a7b057a0fd433ed180af76723f9bb5e1576a82
SA-real-70400,F,0,20,True,True,True,40.0,,10,a47be7464659f75e69ef6f7165a7b057a0fd433ed180af76723f9bb5e1576a82
SA-real-70400,F,0,21,True,True,True,40.0,,10,a47be7464659f75e69ef6f7165a7b057a0fd433ed180af76723f9bb5e1576a82
SA-real-70400,F,0,22,True,True,True,40.0,,10,a47be7464659f75e69ef6f7165a7b057a0fd433ed180af76723f9bb5e1576a82
SA-real-70400,F,0,23,True,True,True,40.0,,10,a47be7464659f75e69ef6f7165a7b057a0fd433ed180af76723f9bb5e1576a82
SA-real-70400,F,0,24,True,True,True,40.0,,10,a47be7464659f75e69ef6f7165a7b057a0fd433ed180af76723f9bb5e1576a82
SA-real-70400,F,0,25,True,True,True,40.0,,10,a47be7464659f75e69ef6f7165a7b057a0fd433ed180af76723f9bb5e1576a82
SA-real-70400,F,0,26,True,True,True,40.0,,10,a47be7464659f75e69ef6f7165a7b057a0fd433ed180af76723f9bb5e1576a82
SA-real-70400,F,0,27,True,True,True,40.0,,10,a47be7464659f75e69ef6f7165a7b057a0fd433ed180af76723f9bb5e1576a82
SA-real-70400,F,0,28,True,True,True,40.0,,10,a47be7464659f75e69ef6f7165a7b057a0fd433ed180af76723f9bb5e1576a82
SA-real-70400,F,0,29,True,True,True,40.0,,10,a47be7464659f75e69ef6f7165a7b057a0fd433ed180af76723f9bb5e1576a82
SA-real-70400,F,0,30,True,True,True,40.0,,10,a47be7464659f75e69ef6f7165a7b057a0fd433ed180af76723f9bb5e1576a82
SA-real-70400,F,0,31,True,True,True,40.0,,10,a47be7464659f75e69ef6f7165a7b057a0fd433ed180af76723f9bb5e1576a82
SA-real-70400,F,0,32,True,True,True,40.0,,10,a47be7464659f75e69ef6f7165a7b057a0fd433ed180af76723f9bb5e1576a82
SA-real-70400,F,0,33,True,True,True,40.0,,10,a47be7464659f75e69ef6f7165a7b057a0fd433ed180af76723f9bb5e1576a82
SA-real-70400,F,0,34,True,True,True,40.0,,10,a47be7464659f75e69ef6f7165a7b057a0fd433ed180af76723f9bb5e1576a82
SA-real-70400,F,0,35,True,True,True,40.0,,10,a47be7464659f75e69ef6f7165a7b057a0fd433ed180af76723f9bb5e1576a82
SA-real-70400,F,0,36,True,True,True,40.0,,10,a47be7464659f75e69ef6f7165a7b057a0fd433ed180af76723f9bb5e1576a82
SA-real-70400,F,0,37,True,True,True,40.0,,10,a47be7464659f75e69ef6f7165a7b057a0fd433ed180af76723f9bb5e1576a82
SA-real-70400,F,0,38,True,True,True,40.0,,10,a47be7464659f75e69ef6f7165a7b057a0fd433ed180af76723f9bb5e1576a82
SA-real-70400,F,0,39,True,True,True,40.0,,10,a47be7464659f75e69ef6f7165a7b057a0fd433ed180af76723f9bb5e1576a82
SA-real-70400,F,0,40,True,True,True,40.0,,10,a47be7464659f75e69ef6f7165a7b057a0fd433ed180af76723f9bb5e1576a82
SA-real-70400,F,0,41,True,True,True,40.0,,10,a47be7464659f75e69ef6f7165a7b057a0fd433ed180af76723f9bb5e1576a82
SA-real-70400,F,0,42,True,True,True,40.0,,10,a47be7464659f75e69ef6f7165a7b057a0fd433ed180af76723f9bb5e1576a82
SA-real-70400,F,0,43,True,True,True,40.0,,10,a47be7464659f75e69ef6f7165a7b057a0fd433ed180af76723f9bb5e1576a82
SA-real-70400,F,0,44,True,True,True,40.0,,10,a47be7464659f75e69ef6f7165a7b057a0fd433ed180af76723f9bb5e1576a82
SA-real-70400,F,0,45,True,True,True,40.0,,10,a47be7464659f75e69ef6f7165a7b057a0fd433ed180af76723f9bb5e1576a82
SA-real-70400,F,0,46,True,True,True,40.0,,10,a47be7464659f75e69ef6f7165a7b057a0fd433ed180af76723f9bb5e1576a82
SA-real-70400,F,0,47,True,True,True,40.0,,10,a47be7464659f75e69ef6f7165a7b057a0fd433ed180af76723f9bb5e1576a82
SA-real-70400,F,0,48,True,True,True,40.0,,10,a47be7464659f75e69ef6f7165a7b057a0fd433ed180af76723f9bb5e1576a82
SA-real-70400,F,0,49,True,False,True,16.633333333333333,,10,a47be7464659f75e69ef6f7165a7b057a0fd433ed180af76723f9bb5e1576a82
SA-real-70400,F,0,50,True,True,True,40.0,,10,a47be7464659f75e69ef6f7165a7b057a0fd433ed180af76723f9bb5e1576a82
SA-real-70400,F,0,51,True,True,True,40.0,,10,a47be7464659f75e69ef6f7165a7b057a0fd433ed180af76723f9bb5e1576a82
SA-real-70400,F,0,52,True,True,True,40.0,,10,a47be7464659f75e69ef6f7165a7b057a0fd433ed180af76723f9bb5e1576a82
SA-real-70400,F,0,53,True,True,True,40.0,,10,a47be7464659f75e69ef6f7165a7b057a0fd433ed180af76723f9bb5e1576a82
SA-real-70400,F,0,54,True,True,True,40.0,,10,a47be7464659f75e69ef6f7165a7b057a0fd433ed180af76723f9bb5e1576a82
SA-real-70400,F,0,55,True,True,True,40.0,,10,a47be7464659f75e69ef6f7165a7b057a0fd433ed180af76723f9bb5e1576a82
SA-real-70400,F,0,56,True,False,False,38.43333333333333,,10,a47be7464659f75e69ef6f7165a7b057a0fd433ed180af76723f9bb5e1576a82
SA-real-70400,F,0,57,True,True,True,40.0,,10,a47be7464659f75e69ef6f7165a7b057a0fd433ed180af76723f9bb5e1576a82
SA-real-70400,F,0,58,True,True,True,40.0,,10,a47be7464659f75e69ef6f7165a7b057a0fd433ed180af76723f9bb5e1576a82
SA-real-70400,F,0,59,True,True,True,40.0,,10,a47be7464659f75e69ef6f7165a7b057a0fd433ed180af76723f9bb5e1576a82
SA-real-70400,F,0,60,True,True,True,40.0,,10,a47be7464659f75e69ef6f7165a7b057a0fd433ed180af76723f9bb5e1576a82
SA-real-70400,F,0,61,True,True,True,40.0,,10,a47be7464659f75e69ef6f7165a7b057a0fd433ed180af76723f9bb5e1576a82
SA-real-70400,F,0,62,True,True,True,40.0,,10,a47be7464659f75e69ef6f7165a7b057a0fd433ed180af76723f9bb5e1576a82
SA-real-70400,F,0,63,True,True,True,40.0,,10,a47be7464659f75e69ef6f7165a7b057a0fd433ed180af76723f9bb5e1576a82
SA-real-70400,F,0,64,True,True,True,40.0,,10,a47be7464659f75e69ef6f7165a7b057a0fd433ed180af76723f9bb5e1576a82
SA-real-70400,F,0,65,True,True,True,40.0,,10,a47be7464659f75e69ef6f7165a7b057a0fd433ed180af76723f9bb5e1576a82
SA-real-70400,F,0,66,True,True,True,40.0,,10,a47be7464659f75e69ef6f7165a7b057a0fd433ed180af76723f9bb5e1576a82
SA-real-70400,F,0,67,True,True,True,40.0,,10,a47be7464659f75e69ef6f7165a7b057a0fd433ed180af76723f9bb5e1576a82
SA-real-70400,F,0,68,True,True,True,40.0,,10,a47be7464659f75e69ef6f7165a7b057a0fd433ed180af76723f9bb5e1576a82
SA-real-70400,F,0,69,True,True,True,40.0,,10,a47be7464659f75e69ef6f7165a7b057a0fd433ed180af76723f9bb5e1576a82
SA-real-70400,F,0,70,True,True,True,40.0,,10,a47be7464659f75e69ef6f7165a7b057a0fd433ed180af76723f9bb5e1576a82
SA-real-70400,F,0,71,True,True,True,40.0,,10,a47be7464659f75e69ef6f7165a7b057a0fd433ed180af76723f9bb5e1576a82
SA-real-70400,F,0,72,True,True,True,40.0,,10,a47be7464659f75e69ef6f7165a7b057a0fd433ed180af76723f9bb5e1576a82
SA-real-70400,F,0,73,True,True,True,40.0,,10,a47be7464659f75e69ef6f7165a7b057a0fd433ed180af76723f9bb5e1576a82
SA-real-70400,F,0,74,True,True,True,40.0,,10,a47be7464659f75e69ef6f7165a7b057a0fd433ed180af76723f9bb5e1576a82
SA-real-70400,F,0,75,True,True,True,40.0,,10,a47be7464659f75e69ef6f7165a7b057a0fd433ed180af76723f9bb5e1576a82
SA-real-70400,F,0,76,True,True,True,40.0,,10,a47be7464659f75e69ef6f7165a7b057a0fd433ed180af76723f9bb5e1576a82
SA-real-70400,F,0,77,True,True,True,40.0,,10,a47be7464659f75e69ef6f7165a7b057a0fd433ed180af76723f9bb5e1576a82
SA-real-70400,F,0,78,True,True,True,40.0,,10,a47be7464659f75e69ef6f7165a7b057a0fd433ed180af76723f9bb5e1576a82
SA-real-70400,F,0,79,True,True,True,40.0,,10,a47be7464659f75e69ef6f7165a7b057a0fd433ed180af76723f9bb5e1576a82
SA-real-70400,F,0,80,True,True,True,40.0,,10,a47be7464659f75e69ef6f7165a7b057a0fd433ed180af76723f9bb5e1576a82
SA-real-70400,F,0,81,True,True,True,40.0,,10,a47be7464659f75e69ef6f7165a7b057a0fd433ed180af76723f9bb5e1576a82
SA-real-70400,F,0,82,True,True,True,40.0,,10,a47be7464659f75e69ef6f7165a7b057a0fd433ed180af76723f9bb5e1576a82
SA-real-70400,F,0,83,True,True,True,40.0,,10,a47be7464659f75e69ef6f7165a7b057a0fd433ed180af76723f9bb5e1576a82
SA-real-70400,F,0,84,True,True,True,40.0,,10,a47be7464659f75e69ef6f7165a7b057a0fd433ed180af76723f9bb5e1576a82
SA-real-70400,F,0,85,True,True,True,40.0,,10,a47be7464659f75e69ef6f7165a7b057a0fd433ed180af76723f9bb5e1576a82
SA-real-70400,F,0,86,True,True,True,40.0,,10,a47be7464659f75e69ef6f7165a7b057a0fd433ed180af76723f9bb5e1576a82
SA-real-70400,F,0,87,True,True,True,40.0,,10,a47be7464659f75e69ef6f7165a7b057a0fd433ed180af76723f9bb5e1576a82
SA-real-70400,F,0,88,True,True,True,40.0,,10,a47be7464659f75e69ef6f7165a7b057a0fd433ed180af76723f9bb5e1576a82
SA-real-70400,F,0,89,True,True,True,40.0,,10,a47be7464659f75e69ef6f7165a7b057a0fd433ed180af76723f9bb5e1576a82
SA-real-70400,F,0,90,True,True,True,40.0,,10,a47be7464659f75e69ef6f7165a7b057a0fd433ed180af76723f9bb5e1576a82
SA-real-70400,F,0,91,True,True,True,40.0,,10,a47be7464659f75e69ef6f7165a7b057a0fd433ed180af76723f9bb5e1576a82
SA-real-70400,F,0,92,True,True,True,40.0,,10,a47be7464659f75e69ef6f7165a7b057a0fd433ed180af76723f9bb5e1576a82
SA-real-70400,F,0,93,True,True,True,40.0,,10,a47be7464659f75e69ef6f7165a7b057a0fd433ed180af76723f9bb5e1576a82
SA-real-70400,F,0,94,True,True,True,40.0,,10,a47be7464659f75e69ef6f7165a7b057a0fd433ed180af76723f9bb5e1576a82
SA-real-70400,F,0,95,True,True,True,40.0,,10,a47be7464659f75e69ef6f7165a7b057a0fd433ed180af76723f9bb5e1576a82
SA-real-70400,F,0,96,True,True,True,40.0,,10,a47be7464659f75e69ef6f7165a7b057a0fd433ed180af76723f9bb5e1576a82
SA-real-70400,F,0,97,True,True,True,40.0,,10,a47be7464659f75e69ef6f7165a7b057a0fd433ed180af76723f9bb5e1576a82
SA-real-70400,F,0,98,True,True,True,40.0,,10,a47be7464659f75e69ef6f7165a7b057a0fd433ed180af76723f9bb5e1576a82
SA-real-70400,F,0,99,True,True,True,40.0,,10,a47be7464659f75e69ef6f7165a7b057a0fd433ed180af76723f9bb5e1576a82
SA-real-70400,F,0,100,True,True,True,40.0,,10,a47be7464659f75e69ef6f7165a7b057a0fd433ed180af76723f9bb5e1576a82
SA-real-70400,F,0,101,True,True,True,40.0,,10,a47be7464659f75e69ef6f7165a7b057a0fd433ed180af76723f9bb5e1576a82
SA-real-70400,F,0,102,True,True,True,40.0,,10,a47be7464659f75e69ef6f7165a7b057a0fd433ed180af76723f9bb5e1576a82
SA-real-70400,F,0,103,True,True,True,40.0,,10,a47be7464659f75e69ef6f7165a7b057a0fd433ed180af76723f9bb5e1576a82
SA-real-70400,F,0,104,True,True,True,40.0,,10,a47be7464659f75e69ef6f7165a7b057a0fd433ed180af76723f9bb5e1576a82
SA-real-70400,F,0,105,True,True,True,40.0,,10,a47be7464659f75e69ef6f7165a7b057a0fd433ed180af76723f9bb5e1576a82
SA-real-70400,F,0,106,True,True,True,40.0,,10,a47be7464659f75e69ef6f7165a7b057a0fd433ed180af76723f9bb5e1576a82
SA-real-70400,F,0,107,True,True,True,40.0,,10,a47be7464659f75e69ef6f7165a7b057a0fd433ed180af76723f9bb5e1576a82
SA-real-70400,F,0,108,True,True,True,40.0,,10,a47be7464659f75e69ef6f7165a7b057a0fd433ed180af76723f9bb5e1576a82
SA-real-70400,F,0,109,True,False,True,37.233333333333334,,10,a47be7464659f75e69ef6f7165a7b057a0fd433ed180af76723f9bb5e1576a82
SA-real-70400,F,0,110,True,True,True,40.0,,10,a47be7464659f75e69ef6f7165a7b057a0fd433ed180af76723f9bb5e1576a82
SA-real-70400,F,0,111,True,True,True,40.0,,10,a47be7464659f75e69ef6f7165a7b057a0fd433ed180af76723f9bb5e1576a82
SA-real-70400,F,0,112,True,True,True,40.0,,10,a47be7464659f75e69ef6f7165a7b057a0fd433ed180af76723f9bb5e1576a82
SA-real-70400,F,0,113,True,True,True,40.0,,10,a47be7464659f75e69ef6f7165a7b057a0fd433ed180af76723f9bb5e1576a82
SA-real-70400,F,0,114,True,True,True,40.0,,10,a47be7464659f75e69ef6f7165a7b057a0fd433ed180af76723f9bb5e1576a82
SA-real-70400,F,0,115,True,True,True,40.0,,10,a47be7464659f75e69ef6f7165a7b057a0fd433ed180af76723f9bb5e1576a82
SA-real-70400,F,0,116,True,True,True,40.0,,10,a47be7464659f75e69ef6f7165a7b057a0fd433ed180af76723f9bb5e1576a82
SA-real-70400,F,0,117,True,True,True,40.0,,10,a47be7464659f75e69ef6f7165a7b057a0fd433ed180af76723f9bb5e1576a82
SA-real-70400,F,0,118,True,True,True,40.0,,10,a47be7464659f75e69ef6f7165a7b057a0fd433ed180af76723f9bb5e1576a82
SA-real-70400,F,0,119,True,True,True,40.0,,10,a47be7464659f75e69ef6f7165a7b057a0fd433ed180af76723f9bb5e1576a82
SA-real-70400,F,0,120,True,True,True,40.0,,10,a47be7464659f75e69ef6f7165a7b057a0fd433ed180af76723f9bb5e1576a82
SA-real-70400,F,0,121,True,True,True,40.0,,10,a47be7464659f75e69ef6f7165a7b057a0fd433ed180af76723f9bb5e1576a82
SA-real-70400,F,0,122,True,True,True,40.0,,10,a47be7464659f75e69ef6f7165a7b057a0fd433ed180af76723f9bb5e1576a82
SA-real-70400,F,0,123,True,True,True,40.0,,10,a47be7464659f75e69ef6f7165a7b057a0fd433ed180af76723f9bb5e1576a82
SA-real-70400,F,0,124,True,True,True,40.0,,10,a47be7464659f75e69ef6f7165a7b057a0fd433ed180af76723f9bb5e1576a82
SA-real-70400,F,0,125,True,True,True,40.0,,10,a47be7464659f75e69ef6f7165a7b057a0fd433ed180af76723f9bb5e1576a82
SA-real-70400,F,0,126,True,True,True,40.0,,10,a47be7464659f75e69ef6f7165a7b057a0fd433ed180af76723f9bb5e1576a82
SA-real-70400,F,0,127,True,True,True,40.0,,10,a47be7464659f75e69ef6f7165a7b057a0fd433ed180af76723f9bb5e1576a82
SA-real-70400,F,1,0,True,True,True,40.0,,9,a47be7464659f75e69ef6f7165a7b057a0fd433ed180af76723f9bb5e1576a82
SA-real-70400,F,1,1,True,True,True,40.0,,9,a47be7464659f75e69ef6f7165a7b057a0fd433ed180af76723f9bb5e1576a82
SA-real-70400,F,1,2,True,True,True,40.0,,9,a47be7464659f75e69ef6f7165a7b057a0fd433ed180af76723f9bb5e1576a82
SA-real-70400,F,1,3,True,True,True,40.0,,9,a47be7464659f75e69ef6f7165a7b057a0fd433ed180af76723f9bb5e1576a82
SA-real-70400,F,1,4,True,True,True,40.0,,9,a47be7464659f75e69ef6f7165a7b057a0fd433ed180af76723f9bb5e1576a82
SA-real-70400,F,1,5,True,False,True,26.733333333333334,,9,a47be7464659f75e69ef6f7165a7b057a0fd433ed180af76723f9bb5e1576a82
SA-real-70400,F,1,6,True,True,True,40.0,,9,a47be7464659f75e69ef6f7165a7b057a0fd433ed180af76723f9bb5e1576a82
SA-real-70400,F,1,7,True,False,True,34.86666666666667,,9,a47be7464659f75e69ef6f7165a7b057a0fd433ed180af76723f9bb5e1576a82
SA-real-70400,F,1,8,True,True,True,40.0,,9,a47be7464659f75e69ef6f7165a7b057a0fd433ed180af76723f9bb5e1576a82
SA-real-70400,F,1,9,True,False,True,39.06666666666667,,9,a47be7464659f75e69ef6f7165a7b057a0fd433ed180af76723f9bb5e1576a82
SA-real-70400,F,1,10,True,True,True,40.0,,9,a47be7464659f75e69ef6f7165a7b057a0fd433ed180af76723f9bb5e1576a82
SA-real-70400,F,1,11,True,True,True,40.0,,9,a47be7464659f75e69ef6f7165a7b057a0fd433ed180af76723f9bb5e1576a82
SA-real-70400,F,1,12,True,True,True,40.0,,9,a47be7464659f75e69ef6f7165a7b057a0fd433ed180af76723f9bb5e1576a82
SA-real-70400,F,1,13,True,True,True,40.0,,9,a47be7464659f75e69ef6f7165a7b057a0fd433ed180af76723f9bb5e1576a82
SA-real-70400,F,1,14,True,False,True,30.866666666666667,,9,a47be7464659f75e69ef6f7165a7b057a0fd433ed180af76723f9bb5e1576a82
SA-real-70400,F,1,15,True,True,True,40.0,,9,a47be7464659f75e69ef6f7165a7b057a0fd433ed180af76723f9bb5e1576a82
SA-real-70400,F,1,16,True,True,True,40.0,,9,a47be7464659f75e69ef6f7165a7b057a0fd433ed180af76723f9bb5e1576a82
SA-real-70400,F,1,17,True,False,True,34.96666666666667,,9,a47be7464659f75e69ef6f7165a7b057a0fd433ed180af76723f9bb5e1576a82
SA-real-70400,F,1,18,True,True,True,40.0,,9,a47be7464659f75e69ef6f7165a7b057a0fd433ed180af76723f9bb5e1576a82
SA-real-70400,F,1,19,True,True,True,40.0,,9,a47be7464659f75e69ef6f7165a7b057a0fd433ed180af76723f9bb5e1576a82
SA-real-70400,F,1,20,True,False,True,30.733333333333334,,9,a47be7464659f75e69ef6f7165a7b057a0fd433ed180af76723f9bb5e1576a82
SA-real-70400,F,1,21,True,True,True,40.0,,9,a47be7464659f75e69ef6f7165a7b057a0fd433ed180af76723f9bb5e1576a82
SA-real-70400,F,1,22,True,True,True,40.0,,9,a47be7464659f75e69ef6f7165a7b057a0fd433ed180af76723f9bb5e1576a82
SA-real-70400,F,1,23,True,True,True,40.0,,9,a47be7464659f75e69ef6f7165a7b057a0fd433ed180af76723f9bb5e1576a82
SA-real-70400,F,1,24,True,True,True,40.0,,9,a47be7464659f75e69ef6f7165a7b057a0fd433ed180af76723f9bb5e1576a82
SA-real-70400,F,1,25,True,True,True,40.0,,9,a47be7464659f75e69ef6f7165a7b057a0fd433ed180af76723f9bb5e1576a82
SA-real-70400,F,1,26,True,False,True,31.033333333333335,,9,a47be7464659f75e69ef6f7165a7b057a0fd433ed180af76723f9bb5e1576a82
SA-real-70400,F,1,27,True,True,True,40.0,,9,a47be7464659f75e69ef6f7165a7b057a0fd433ed180af76723f9bb5e1576a82
SA-real-70400,F,1,28,True,False,True,34.833333333333336,,9,a47be7464659f75e69ef6f7165a7b057a0fd433ed180af76723f9bb5e1576a82
SA-real-70400,F,1,29,True,True,True,40.0,,9,a47be7464659f75e69ef6f7165a7b057a0fd433ed180af76723f9bb5e1576a82
SA-real-70400,F,1,30,True,False,True,39.2,,9,a47be7464659f75e69ef6f7165a7b057a0fd433ed180af76723f9bb5e1576a82
SA-real-70400,F,1,31,True,False,True,30.933333333333334,,9,a47be7464659f75e69ef6f7165a7b057a0fd433ed180af76723f9bb5e1576a82
SA-real-70400,F,1,32,True,True,True,40.0,,9,a47be7464659f75e69ef6f7165a7b057a0fd433ed180af76723f9bb5e1576a82
SA-real-70400,F,1,33,True,True,True,40.0,,9,a47be7464659f75e69ef6f7165a7b057a0fd433ed180af76723f9bb5e1576a82
SA-real-70400,F,1,34,True,True,True,40.0,,9,a47be7464659f75e69ef6f7165a7b057a0fd433ed180af76723f9bb5e1576a82
SA-real-70400,F,1,35,True,True,True,40.0,,9,a47be7464659f75e69ef6f7165a7b057a0fd433ed180af76723f9bb5e1576a82
SA-real-70400,F,1,36,True,True,True,40.0,,9,a47be7464659f75e69ef6f7165a7b057a0fd433ed180af76723f9bb5e1576a82
SA-real-70400,F,1,37,True,True,True,40.0,,9,a47be7464659f75e69ef6f7165a7b057a0fd433ed180af76723f9bb5e1576a82
SA-real-70400,F,1,38,True,False,True,38.96666666666667,,9,a47be7464659f75e69ef6f7165a7b057a0fd433ed180af76723f9bb5e1576a82
SA-real-70400,F,1,39,True,True,True,40.0,,9,a47be7464659f75e69ef6f7165a7b057a0fd433ed180af76723f9bb5e1576a82
SA-real-70400,F,1,40,True,True,True,40.0,,9,a47be7464659f75e69ef6f7165a7b057a0fd433ed180af76723f9bb5e1576a82
SA-real-70400,F,1,41,True,True,True,40.0,,9,a47be7464659f75e69ef6f7165a7b057a0fd433ed180af76723f9bb5e1576a82
SA-real-70400,F,1,42,True,False,True,39.1,,9,a47be7464659f75e69ef6f7165a7b057a0fd433ed180af76723f9bb5e1576a82
SA-real-70400,F,1,43,True,True,True,40.0,,9,a47be7464659f75e69ef6f7165a7b057a0fd433ed180af76723f9bb5e1576a82
SA-real-70400,F,1,44,True,False,True,30.833333333333332,,9,a47be7464659f75e69ef6f7165a7b057a0fd433ed180af76723f9bb5e1576a82
SA-real-70400,F,1,45,True,True,True,40.0,,9,a47be7464659f75e69ef6f7165a7b057a0fd433ed180af76723f9bb5e1576a82
SA-real-70400,F,1,46,True,True,True,40.0,,9,a47be7464659f75e69ef6f7165a7b057a0fd433ed180af76723f9bb5e1576a82
SA-real-70400,F,1,47,True,False,True,38.13333333333333,,10,a47be7464659f75e69ef6f7165a7b057a0fd433ed180af76723f9bb5e1576a82
SA-real-70400,F,1,48,True,False,True,22.833333333333332,,9,a47be7464659f75e69ef6f7165a7b057a0fd433ed180af76723f9bb5e1576a82
SA-real-70400,F,1,49,True,True,True,40.0,,9,a47be7464659f75e69ef6f7165a7b057a0fd433ed180af76723f9bb5e1576a82
SA-real-70400,F,1,50,True,True,True,40.0,,9,a47be7464659f75e69ef6f7165a7b057a0fd433ed180af76723f9bb5e1576a82
SA-real-70400,F,1,51,True,False,True,22.566666666666666,,9,a47be7464659f75e69ef6f7165a7b057a0fd433ed180af76723f9bb5e1576a82
SA-real-70400,F,1,52,True,True,True,40.0,,9,a47be7464659f75e69ef6f7165a7b057a0fd433ed180af76723f9bb5e1576a82
SA-real-70400,F,1,53,True,False,True,35.06666666666667,,9,a47be7464659f75e69ef6f7165a7b057a0fd433ed180af76723f9bb5e1576a82
SA-real-70400,F,1,54,True,True,True,40.0,,9,a47be7464659f75e69ef6f7165a7b057a0fd433ed180af76723f9bb5e1576a82
SA-real-70400,F,1,55,True,True,True,40.0,,9,a47be7464659f75e69ef6f7165a7b057a0fd433ed180af76723f9bb5e1576a82
SA-real-70400,F,1,56,True,True,True,40.0,,9,a47be7464659f75e69ef6f7165a7b057a0fd433ed180af76723f9bb5e1576a82
SA-real-70400,F,1,57,True,True,True,40.0,,9,a47be7464659f75e69ef6f7165a7b057a0fd433ed180af76723f9bb5e1576a82
SA-real-70400,F,1,58,True,False,True,39.166666666666664,,9,a47be7464659f75e69ef6f7165a7b057a0fd433ed180af76723f9bb5e1576a82
SA-real-70400,F,1,59,True,True,True,40.0,,9,a47be7464659f75e69ef6f7165a7b057a0fd433ed180af76723f9bb5e1576a82
SA-real-70400,F,1,60,True,True,True,40.0,,9,a47be7464659f75e69ef6f7165a7b057a0fd433ed180af76723f9bb5e1576a82
SA-real-70400,F,1,61,True,True,True,40.0,,9,a47be7464659f75e69ef6f7165a7b057a0fd433ed180af76723f9bb5e1576a82
SA-real-70400,F,1,62,True,False,True,30.866666666666667,,9,a47be7464659f75e69ef6f7165a7b057a0fd433ed180af76723f9bb5e1576a82
SA-real-70400,F,1,63,True,True,True,40.0,,9,a47be7464659f75e69ef6f7165a7b057a0fd433ed180af76723f9bb5e1576a82
SA-real-70400,F,1,64,True,True,True,40.0,,9,a47be7464659f75e69ef6f7165a7b057a0fd433ed180af76723f9bb5e1576a82
SA-real-70400,F,1,65,True,True,True,40.0,,9,a47be7464659f75e69ef6f7165a7b057a0fd433ed180af76723f9bb5e1576a82
SA-real-70400,F,1,66,True,True,True,40.0,,9,a47be7464659f75e69ef6f7165a7b057a0fd433ed180af76723f9bb5e1576a82
SA-real-70400,F,1,67,True,True,True,40.0,,9,a47be7464659f75e69ef6f7165a7b057a0fd433ed180af76723f9bb5e1576a82
SA-real-70400,F,1,68,True,True,True,40.0,,9,a47be7464659f75e69ef6f7165a7b057a0fd433ed180af76723f9bb5e1576a82
SA-real-70400,F,1,69,True,True,True,40.0,,9,a47be7464659f75e69ef6f7165a7b057a0fd433ed180af76723f9bb5e1576a82
SA-real-70400,F,1,70,True,True,True,40.0,,9,a47be7464659f75e69ef6f7165a7b057a0fd433ed180af76723f9bb5e1576a82
SA-real-70400,F,1,71,True,False,True,22.7,,9,a47be7464659f75e69ef6f7165a7b057a0fd433ed180af76723f9bb5e1576a82
SA-real-70400,F,1,72,True,True,True,40.0,,10,a47be7464659f75e69ef6f7165a7b057a0fd433ed180af76723f9bb5e1576a82
SA-real-70400,F,1,73,True,True,True,40.0,,9,a47be7464659f75e69ef6f7165a7b057a0fd433ed180af76723f9bb5e1576a82
SA-real-70400,F,1,74,True,True,True,40.0,,9,a47be7464659f75e69ef6f7165a7b057a0fd433ed180af76723f9bb5e1576a82
SA-real-70400,F,1,75,True,True,True,40.0,,9,a47be7464659f75e69ef6f7165a7b057a0fd433ed180af76723f9bb5e1576a82
SA-real-70400,F,1,76,True,True,True,40.0,,9,a47be7464659f75e69ef6f7165a7b057a0fd433ed180af76723f9bb5e1576a82
SA-real-70400,F,1,77,True,True,True,40.0,,9,a47be7464659f75e69ef6f7165a7b057a0fd433ed180af76723f9bb5e1576a82
SA-real-70400,F,1,78,True,True,True,40.0,,9,a47be7464659f75e69ef6f7165a7b057a0fd433ed180af76723f9bb5e1576a82
SA-real-70400,F,1,79,True,False,True,38.93333333333333,,9,a47be7464659f75e69ef6f7165a7b057a0fd433ed180af76723f9bb5e1576a82
SA-real-70400,F,1,80,True,False,True,18.633333333333333,,9,a47be7464659f75e69ef6f7165a7b057a0fd433ed180af76723f9bb5e1576a82
SA-real-70400,F,1,81,True,True,True,40.0,,9,a47be7464659f75e69ef6f7165a7b057a0fd433ed180af76723f9bb5e1576a82
SA-real-70400,F,1,82,True,True,True,40.0,,9,a47be7464659f75e69ef6f7165a7b057a0fd433ed180af76723f9bb5e1576a82
SA-real-70400,F,1,83,True,True,True,40.0,,9,a47be7464659f75e69ef6f7165a7b057a0fd433ed180af76723f9bb5e1576a82
SA-real-70400,F,1,84,True,True,True,40.0,,9,a47be7464659f75e69ef6f7165a7b057a0fd433ed180af76723f9bb5e1576a82
SA-real-70400,F,1,85,True,True,True,40.0,,9,a47be7464659f75e69ef6f7165a7b057a0fd433ed180af76723f9bb5e1576a82
SA-real-70400,F,1,86,True,False,True,38.96666666666667,,9,a47be7464659f75e69ef6f7165a7b057a0fd433ed180af76723f9bb5e1576a82
SA-real-70400,F,1,87,True,False,True,39.233333333333334,,9,a47be7464659f75e69ef6f7165a7b057a0fd433ed180af76723f9bb5e1576a82
SA-real-70400,F,1,88,True,False,True,30.9,,9,a47be7464659f75e69ef6f7165a7b057a0fd433ed180af76723f9bb5e1576a82
SA-real-70400,F,1,89,True,True,True,40.0,,9,a47be7464659f75e69ef6f7165a7b057a0fd433ed180af76723f9bb5e1576a82
SA-real-70400,F,1,90,True,True,True,40.0,,9,a47be7464659f75e69ef6f7165a7b057a0fd433ed180af76723f9bb5e1576a82
SA-real-70400,F,1,91,True,True,True,40.0,,9,a47be7464659f75e69ef6f7165a7b057a0fd433ed180af76723f9bb5e1576a82
SA-real-70400,F,1,92,True,True,True,40.0,,9,a47be7464659f75e69ef6f7165a7b057a0fd433ed180af76723f9bb5e1576a82
SA-real-70400,F,1,93,True,True,True,40.0,,9,a47be7464659f75e69ef6f7165a7b057a0fd433ed180af76723f9bb5e1576a82
SA-real-70400,F,1,94,True,True,True,40.0,,9,a47be7464659f75e69ef6f7165a7b057a0fd433ed180af76723f9bb5e1576a82
SA-real-70400,F,1,95,True,True,True,40.0,,9,a47be7464659f75e69ef6f7165a7b057a0fd433ed180af76723f9bb5e1576a82
SA-real-70400,F,1,96,True,False,True,30.966666666666665,,9,a47be7464659f75e69ef6f7165a7b057a0fd433ed180af76723f9bb5e1576a82
SA-real-70400,F,1,97,True,True,True,40.0,,9,a47be7464659f75e69ef6f7165a7b057a0fd433ed180af76723f9bb5e1576a82
SA-real-70400,F,1,98,True,False,True,39.03333333333333,,9,a47be7464659f75e69ef6f7165a7b057a0fd433ed180af76723f9bb5e1576a82
SA-real-70400,F,1,99,True,True,True,40.0,,9,a47be7464659f75e69ef6f7165a7b057a0fd433ed180af76723f9bb5e1576a82
SA-real-70400,F,1,100,True,True,True,40.0,,9,a47be7464659f75e69ef6f7165a7b057a0fd433ed180af76723f9bb5e1576a82
SA-real-70400,F,1,101,True,False,True,31.133333333333333,,9,a47be7464659f75e69ef6f7165a7b057a0fd433ed180af76723f9bb5e1576a82
SA-real-70400,F,1,102,True,False,True,26.6,,9,a47be7464659f75e69ef6f7165a7b057a0fd433ed180af76723f9bb5e1576a82
SA-real-70400,F,1,103,True,True,True,40.0,,9,a47be7464659f75e69ef6f7165a7b057a0fd433ed180af76723f9bb5e1576a82
SA-real-70400,F,1,104,True,False,True,37.666666666666664,,9,a47be7464659f75e69ef6f7165a7b057a0fd433ed180af76723f9bb5e1576a82
SA-real-70400,F,1,105,True,True,True,40.0,,9,a47be7464659f75e69ef6f7165a7b057a0fd433ed180af76723f9bb5e1576a82
SA-real-70400,F,1,106,True,True,True,40.0,,9,a47be7464659f75e69ef6f7165a7b057a0fd433ed180af76723f9bb5e1576a82
SA-real-70400,F,1,107,True,False,True,38.7,,9,a47be7464659f75e69ef6f7165a7b057a0fd433ed180af76723f9bb5e1576a82
SA-real-70400,F,1,108,True,True,True,40.0,,9,a47be7464659f75e69ef6f7165a7b057a0fd433ed180af76723f9bb5e1576a82
SA-real-70400,F,1,109,True,True,True,40.0,,9,a47be7464659f75e69ef6f7165a7b057a0fd433ed180af76723f9bb5e1576a82
SA-real-70400,F,1,110,True,False,True,22.7,,9,a47be7464659f75e69ef6f7165a7b057a0fd433ed180af76723f9bb5e1576a82
SA-real-70400,F,1,111,True,True,True,40.0,,9,a47be7464659f75e69ef6f7165a7b057a0fd433ed180af76723f9bb5e1576a82
SA-real-70400,F,1,112,True,True,True,40.0,,9,a47be7464659f75e69ef6f7165a7b057a0fd433ed180af76723f9bb5e1576a82
SA-real-70400,F,1,113,True,True,True,40.0,,9,a47be7464659f75e69ef6f7165a7b057a0fd433ed180af76723f9bb5e1576a82
SA-real-70400,F,1,114,True,True,True,40.0,,9,a47be7464659f75e69ef6f7165a7b057a0fd433ed180af76723f9bb5e1576a82
SA-real-70400,F,1,115,True,False,True,35.266666666666666,,9,a47be7464659f75e69ef6f7165a7b057a0fd433ed180af76723f9bb5e1576a82
SA-real-70400,F,1,116,True,True,True,40.0,,9,a47be7464659f75e69ef6f7165a7b057a0fd433ed180af76723f9bb5e1576a82
SA-real-70400,F,1,117,True,False,True,35.03333333333333,,9,a47be7464659f75e69ef6f7165a7b057a0fd433ed180af76723f9bb5e1576a82
SA-real-70400,F,1,118,True,True,True,40.0,,9,a47be7464659f75e69ef6f7165a7b057a0fd433ed180af76723f9bb5e1576a82
SA-real-70400,F,1,119,True,True,True,40.0,,9,a47be7464659f75e69ef6f7165a7b057a0fd433ed180af76723f9bb5e1576a82
SA-real-70400,F,1,120,True,False,True,34.833333333333336,,9,a47be7464659f75e69ef6f7165a7b057a0fd433ed180af76723f9bb5e1576a82
SA-real-70400,F,1,121,True,True,True,40.0,,9,a47be7464659f75e69ef6f7165a7b057a0fd433ed180af76723f9bb5e1576a82
SA-real-70400,F,1,122,True,True,True,40.0,,9,a47be7464659f75e69ef6f7165a7b057a0fd433ed180af76723f9bb5e1576a82
SA-real-70400,F,1,123,True,True,True,40.0,,9,a47be7464659f75e69ef6f7165a7b057a0fd433ed180af76723f9bb5e1576a82
SA-real-70400,F,1,124,True,True,True,40.0,,9,a47be7464659f75e69ef6f7165a7b057a0fd433ed180af76723f9bb5e1576a82
SA-real-70400,F,1,125,True,True,True,40.0,,9,a47be7464659f75e69ef6f7165a7b057a0fd433ed180af76723f9bb5e1576a82
SA-real-70400,F,1,126,True,True,True,40.0,,9,a47be7464659f75e69ef6f7165a7b057a0fd433ed180af76723f9bb5e1576a82
SA-real-70400,F,1,127,True,True,True,40.0,,9,a47be7464659f75e69ef6f7165a7b057a0fd433ed180af76723f9bb5e1576a82
SA-real-70400,F,2,0,True,True,True,40.0,,9,a47be7464659f75e69ef6f7165a7b057a0fd433ed180af76723f9bb5e1576a82
SA-real-70400,F,2,1,True,True,True,40.0,,9,a47be7464659f75e69ef6f7165a7b057a0fd433ed180af76723f9bb5e1576a82
SA-real-70400,F,2,2,True,True,True,40.0,,9,a47be7464659f75e69ef6f7165a7b057a0fd433ed180af76723f9bb5e1576a82
SA-real-70400,F,2,3,True,True,True,40.0,,9,a47be7464659f75e69ef6f7165a7b057a0fd433ed180af76723f9bb5e1576a82
SA-real-70400,F,2,4,True,True,True,40.0,,9,a47be7464659f75e69ef6f7165a7b057a0fd433ed180af76723f9bb5e1576a82
SA-real-70400,F,2,5,True,True,True,40.0,,9,a47be7464659f75e69ef6f7165a7b057a0fd433ed180af76723f9bb5e1576a82
SA-real-70400,F,2,6,True,True,True,40.0,,9,a47be7464659f75e69ef6f7165a7b057a0fd433ed180af76723f9bb5e1576a82
SA-real-70400,F,2,7,True,True,True,40.0,,9,a47be7464659f75e69ef6f7165a7b057a0fd433ed180af76723f9bb5e1576a82
SA-real-70400,F,2,8,True,True,True,40.0,,9,a47be7464659f75e69ef6f7165a7b057a0fd433ed180af76723f9bb5e1576a82
SA-real-70400,F,2,9,True,True,True,40.0,,9,a47be7464659f75e69ef6f7165a7b057a0fd433ed180af76723f9bb5e1576a82
SA-real-70400,F,2,10,True,True,True,40.0,,9,a47be7464659f75e69ef6f7165a7b057a0fd433ed180af76723f9bb5e1576a82
SA-real-70400,F,2,11,True,True,True,40.0,,9,a47be7464659f75e69ef6f7165a7b057a0fd433ed180af76723f9bb5e1576a82
SA-real-70400,F,2,12,True,True,True,40.0,,9,a47be7464659f75e69ef6f7165a7b057a0fd433ed180af76723f9bb5e1576a82
SA-real-70400,F,2,13,True,True,True,40.0,,10,a47be7464659f75e69ef6f7165a7b057a0fd433ed180af76723f9bb5e1576a82
SA-real-70400,F,2,14,True,True,True,40.0,,9,a47be7464659f75e69ef6f7165a7b057a0fd433ed180af76723f9bb5e1576a82
SA-real-70400,F,2,15,True,True,True,40.0,,9,a47be7464659f75e69ef6f7165a7b057a0fd433ed180af76723f9bb5e1576a82
SA-real-70400,F,2,16,True,True,True,40.0,,9,a47be7464659f75e69ef6f7165a7b057a0fd433ed180af76723f9bb5e1576a82
SA-real-70400,F,2,17,True,True,True,40.0,,9,a47be7464659f75e69ef6f7165a7b057a0fd433ed180af76723f9bb5e1576a82
SA-real-70400,F,2,18,True,True,True,40.0,,9,a47be7464659f75e69ef6f7165a7b057a0fd433ed180af76723f9bb5e1576a82
SA-real-70400,F,2,19,True,True,True,40.0,,9,a47be7464659f75e69ef6f7165a7b057a0fd433ed180af76723f9bb5e1576a82
SA-real-70400,F,2,20,True,True,True,40.0,,9,a47be7464659f75e69ef6f7165a7b057a0fd433ed180af76723f9bb5e1576a82
SA-real-70400,F,2,21,True,True,True,40.0,,9,a47be7464659f75e69ef6f7165a7b057a0fd433ed180af76723f9bb5e1576a82
SA-real-70400,F,2,22,True,True,True,40.0,,9,a47be7464659f75e69ef6f7165a7b057a0fd433ed180af76723f9bb5e1576a82
SA-real-70400,F,2,23,True,True,True,40.0,,9,a47be7464659f75e69ef6f7165a7b057a0fd433ed180af76723f9bb5e1576a82
SA-real-70400,F,2,24,True,True,True,40.0,,9,a47be7464659f75e69ef6f7165a7b057a0fd433ed180af76723f9bb5e1576a82
SA-real-70400,F,2,25,True,True,True,40.0,,9,a47be7464659f75e69ef6f7165a7b057a0fd433ed180af76723f9bb5e1576a82
SA-real-70400,F,2,26,True,True,True,40.0,,9,a47be7464659f75e69ef6f7165a7b057a0fd433ed180af76723f9bb5e1576a82
SA-real-70400,F,2,27,True,True,True,40.0,,9,a47be7464659f75e69ef6f7165a7b057a0fd433ed180af76723f9bb5e1576a82
SA-real-70400,F,2,28,True,True,True,40.0,,9,a47be7464659f75e69ef6f7165a7b057a0fd433ed180af76723f9bb5e1576a82
SA-real-70400,F,2,29,True,True,True,40.0,,9,a47be7464659f75e69ef6f7165a7b057a0fd433ed180af76723f9bb5e1576a82
SA-real-70400,F,2,30,True,True,True,40.0,,9,a47be7464659f75e69ef6f7165a7b057a0fd433ed180af76723f9bb5e1576a82
SA-real-70400,F,2,31,True,True,True,40.0,,9,a47be7464659f75e69ef6f7165a7b057a0fd433ed180af76723f9bb5e1576a82
SA-real-70400,F,2,32,True,True,True,40.0,,9,a47be7464659f75e69ef6f7165a7b057a0fd433ed180af76723f9bb5e1576a82
SA-real-70400,F,2,33,True,True,True,40.0,,9,a47be7464659f75e69ef6f7165a7b057a0fd433ed180af76723f9bb5e1576a82
SA-real-70400,F,2,34,True,True,True,40.0,,9,a47be7464659f75e69ef6f7165a7b057a0fd433ed180af76723f9bb5e1576a82
SA-real-70400,F,2,35,True,True,True,40.0,,9,a47be7464659f75e69ef6f7165a7b057a0fd433ed180af76723f9bb5e1576a82
SA-real-70400,F,2,36,True,True,True,40.0,,9,a47be7464659f75e69ef6f7165a7b057a0fd433ed180af76723f9bb5e1576a82
SA-real-70400,F,2,37,True,True,True,40.0,,9,a47be7464659f75e69ef6f7165a7b057a0fd433ed180af76723f9bb5e1576a82
SA-real-70400,F,2,38,True,True,True,40.0,,9,a47be7464659f75e69ef6f7165a7b057a0fd433ed180af76723f9bb5e1576a82
SA-real-70400,F,2,39,True,True,True,40.0,,9,a47be7464659f75e69ef6f7165a7b057a0fd433ed180af76723f9bb5e1576a82
SA-real-70400,F,2,40,True,True,True,40.0,,9,a47be7464659f75e69ef6f7165a7b057a0fd433ed180af76723f9bb5e1576a82
SA-real-70400,F,2,41,True,True,True,40.0,,9,a47be7464659f75e69ef6f7165a7b057a0fd433ed180af76723f9bb5e1576a82
SA-real-70400,F,2,42,True,True,True,40.0,,9,a47be7464659f75e69ef6f7165a7b057a0fd433ed180af76723f9bb5e1576a82
SA-real-70400,F,2,43,True,True,True,40.0,,9,a47be7464659f75e69ef6f7165a7b057a0fd433ed180af76723f9bb5e1576a82
SA-real-70400,F,2,44,True,True,True,40.0,,9,a47be7464659f75e69ef6f7165a7b057a0fd433ed180af76723f9bb5e1576a82
SA-real-70400,F,2,45,True,True,True,40.0,,10,a47be7464659f75e69ef6f7165a7b057a0fd433ed180af76723f9bb5e1576a82
SA-real-70400,F,2,46,True,True,True,40.0,,9,a47be7464659f75e69ef6f7165a7b057a0fd433ed180af76723f9bb5e1576a82
SA-real-70400,F,2,47,True,True,True,40.0,,9,a47be7464659f75e69ef6f7165a7b057a0fd433ed180af76723f9bb5e1576a82
SA-real-70400,F,2,48,True,True,True,40.0,,10,a47be7464659f75e69ef6f7165a7b057a0fd433ed180af76723f9bb5e1576a82
SA-real-70400,F,2,49,True,True,True,40.0,,9,a47be7464659f75e69ef6f7165a7b057a0fd433ed180af76723f9bb5e1576a82
SA-real-70400,F,2,50,True,True,True,40.0,,9,a47be7464659f75e69ef6f7165a7b057a0fd433ed180af76723f9bb5e1576a82
SA-real-70400,F,2,51,True,True,True,40.0,,9,a47be7464659f75e69ef6f7165a7b057a0fd433ed180af76723f9bb5e1576a82
SA-real-70400,F,2,52,True,True,True,40.0,,9,a47be7464659f75e69ef6f7165a7b057a0fd433ed180af76723f9bb5e1576a82
SA-real-70400,F,2,53,True,True,True,40.0,,9,a47be7464659f75e69ef6f7165a7b057a0fd433ed180af76723f9bb5e1576a82
SA-real-70400,F,2,54,True,True,True,40.0,,9,a47be7464659f75e69ef6f7165a7b057a0fd433ed180af76723f9bb5e1576a82
SA-real-70400,F,2,55,True,True,True,40.0,,9,a47be7464659f75e69ef6f7165a7b057a0fd433ed180af76723f9bb5e1576a82
SA-real-70400,F,2,56,True,True,True,40.0,,9,a47be7464659f75e69ef6f7165a7b057a0fd433ed180af76723f9bb5e1576a82
SA-real-70400,F,2,57,True,True,True,40.0,,9,a47be7464659f75e69ef6f7165a7b057a0fd433ed180af76723f9bb5e1576a82
SA-real-70400,F,2,58,True,True,True,40.0,,9,a47be7464659f75e69ef6f7165a7b057a0fd433ed180af76723f9bb5e1576a82
SA-real-70400,F,2,59,True,True,True,40.0,,9,a47be7464659f75e69ef6f7165a7b057a0fd433ed180af76723f9bb5e1576a82
SA-real-70400,F,2,60,True,True,True,40.0,,9,a47be7464659f75e69ef6f7165a7b057a0fd433ed180af76723f9bb5e1576a82
SA-real-70400,F,2,61,True,True,True,40.0,,9,a47be7464659f75e69ef6f7165a7b057a0fd433ed180af76723f9bb5e1576a82
SA-real-70400,F,2,62,True,True,True,40.0,,9,a47be7464659f75e69ef6f7165a7b057a0fd433ed180af76723f9bb5e1576a82
SA-real-70400,F,2,63,True,True,True,40.0,,9,a47be7464659f75e69ef6f7165a7b057a0fd433ed180af76723f9bb5e1576a82
SA-real-70400,F,2,64,True,True,True,40.0,,9,a47be7464659f75e69ef6f7165a7b057a0fd433ed180af76723f9bb5e1576a82
SA-real-70400,F,2,65,True,True,True,40.0,,9,a47be7464659f75e69ef6f7165a7b057a0fd433ed180af76723f9bb5e1576a82
SA-real-70400,F,2,66,True,True,True,40.0,,9,a47be7464659f75e69ef6f7165a7b057a0fd433ed180af76723f9bb5e1576a82
SA-real-70400,F,2,67,True,True,True,40.0,,9,a47be7464659f75e69ef6f7165a7b057a0fd433ed180af76723f9bb5e1576a82
SA-real-70400,F,2,68,True,True,True,40.0,,9,a47be7464659f75e69ef6f7165a7b057a0fd433ed180af76723f9bb5e1576a82
SA-real-70400,F,2,69,True,True,True,40.0,,9,a47be7464659f75e69ef6f7165a7b057a0fd433ed180af76723f9bb5e1576a82
SA-real-70400,F,2,70,True,True,True,40.0,,9,a47be7464659f75e69ef6f7165a7b057a0fd433ed180af76723f9bb5e1576a82
SA-real-70400,F,2,71,True,True,True,40.0,,9,a47be7464659f75e69ef6f7165a7b057a0fd433ed180af76723f9bb5e1576a82
SA-real-70400,F,2,72,True,True,True,40.0,,9,a47be7464659f75e69ef6f7165a7b057a0fd433ed180af76723f9bb5e1576a82
SA-real-70400,F,2,73,True,True,True,40.0,,9,a47be7464659f75e69ef6f7165a7b057a0fd433ed180af76723f9bb5e1576a82
SA-real-70400,F,2,74,True,True,True,40.0,,9,a47be7464659f75e69ef6f7165a7b057a0fd433ed180af76723f9bb5e1576a82
SA-real-70400,F,2,75,True,True,True,40.0,,9,a47be7464659f75e69ef6f7165a7b057a0fd433ed180af76723f9bb5e1576a82
SA-real-70400,F,2,76,True,True,True,40.0,,9,a47be7464659f75e69ef6f7165a7b057a0fd433ed180af76723f9bb5e1576a82
SA-real-70400,F,2,77,True,True,True,40.0,,9,a47be7464659f75e69ef6f7165a7b057a0fd433ed180af76723f9bb5e1576a82
SA-real-70400,F,2,78,True,True,True,40.0,,9,a47be7464659f75e69ef6f7165a7b057a0fd433ed180af76723f9bb5e1576a82
SA-real-70400,F,2,79,True,True,True,40.0,,9,a47be7464659f75e69ef6f7165a7b057a0fd433ed180af76723f9bb5e1576a82
SA-real-70400,F,2,80,True,True,True,40.0,,9,a47be7464659f75e69ef6f7165a7b057a0fd433ed180af76723f9bb5e1576a82
SA-real-70400,F,2,81,True,True,True,40.0,,9,a47be7464659f75e69ef6f7165a7b057a0fd433ed180af76723f9bb5e1576a82
SA-real-70400,F,2,82,True,True,True,40.0,,9,a47be7464659f75e69ef6f7165a7b057a0fd433ed180af76723f9bb5e1576a82
SA-real-70400,F,2,83,True,True,True,40.0,,9,a47be7464659f75e69ef6f7165a7b057a0fd433ed180af76723f9bb5e1576a82
SA-real-70400,F,2,84,True,True,True,40.0,,9,a47be7464659f75e69ef6f7165a7b057a0fd433ed180af76723f9bb5e1576a82
SA-real-70400,F,2,85,True,True,True,40.0,,9,a47be7464659f75e69ef6f7165a7b057a0fd433ed180af76723f9bb5e1576a82
SA-real-70400,F,2,86,True,True,True,40.0,,9,a47be7464659f75e69ef6f7165a7b057a0fd433ed180af76723f9bb5e1576a82
SA-real-70400,F,2,87,True,True,True,40.0,,9,a47be7464659f75e69ef6f7165a7b057a0fd433ed180af76723f9bb5e1576a82
SA-real-70400,F,2,88,True,True,True,40.0,,10,a47be7464659f75e69ef6f7165a7b057a0fd433ed180af76723f9bb5e1576a82
SA-real-70400,F,2,89,True,True,True,40.0,,9,a47be7464659f75e69ef6f7165a7b057a0fd433ed180af76723f9bb5e1576a82
SA-real-70400,F,2,90,True,True,True,40.0,,10,a47be7464659f75e69ef6f7165a7b057a0fd433ed180af76723f9bb5e1576a82
SA-real-70400,F,2,91,True,True,True,40.0,,9,a47be7464659f75e69ef6f7165a7b057a0fd433ed180af76723f9bb5e1576a82
SA-real-70400,F,2,92,True,True,True,40.0,,9,a47be7464659f75e69ef6f7165a7b057a0fd433ed180af76723f9bb5e1576a82
SA-real-70400,F,2,93,True,True,True,40.0,,9,a47be7464659f75e69ef6f7165a7b057a0fd433ed180af76723f9bb5e1576a82
SA-real-70400,F,2,94,True,True,True,40.0,,9,a47be7464659f75e69ef6f7165a7b057a0fd433ed180af76723f9bb5e1576a82
SA-real-70400,F,2,95,True,True,True,40.0,,9,a47be7464659f75e69ef6f7165a7b057a0fd433ed180af76723f9bb5e1576a82
SA-real-70400,F,2,96,True,True,True,40.0,,9,a47be7464659f75e69ef6f7165a7b057a0fd433ed180af76723f9bb5e1576a82
SA-real-70400,F,2,97,True,True,True,40.0,,9,a47be7464659f75e69ef6f7165a7b057a0fd433ed180af76723f9bb5e1576a82
SA-real-70400,F,2,98,True,True,True,40.0,,9,a47be7464659f75e69ef6f7165a7b057a0fd433ed180af76723f9bb5e1576a82
SA-real-70400,F,2,99,True,True,True,40.0,,9,a47be7464659f75e69ef6f7165a7b057a0fd433ed180af76723f9bb5e1576a82
SA-real-70400,F,2,100,True,True,True,40.0,,10,a47be7464659f75e69ef6f7165a7b057a0fd433ed180af76723f9bb5e1576a82
SA-real-70400,F,2,101,True,True,True,40.0,,9,a47be7464659f75e69ef6f7165a7b057a0fd433ed180af76723f9bb5e1576a82
SA-real-70400,F,2,102,True,True,True,40.0,,9,a47be7464659f75e69ef6f7165a7b057a0fd433ed180af76723f9bb5e1576a82
SA-real-70400,F,2,103,True,True,True,40.0,,9,a47be7464659f75e69ef6f7165a7b057a0fd433ed180af76723f9bb5e1576a82
SA-real-70400,F,2,104,True,True,True,40.0,,9,a47be7464659f75e69ef6f7165a7b057a0fd433ed180af76723f9bb5e1576a82
SA-real-70400,F,2,105,True,True,True,40.0,,9,a47be7464659f75e69ef6f7165a7b057a0fd433ed180af76723f9bb5e1576a82
SA-real-70400,F,2,106,True,True,True,40.0,,9,a47be7464659f75e69ef6f7165a7b057a0fd433ed180af76723f9bb5e1576a82
SA-real-70400,F,2,107,True,True,True,40.0,,9,a47be7464659f75e69ef6f7165a7b057a0fd433ed180af76723f9bb5e1576a82
SA-real-70400,F,2,108,True,True,True,40.0,,9,a47be7464659f75e69ef6f7165a7b057a0fd433ed180af76723f9bb5e1576a82
SA-real-70400,F,2,109,True,True,True,40.0,,9,a47be7464659f75e69ef6f7165a7b057a0fd433ed180af76723f9bb5e1576a82
SA-real-70400,F,2,110,True,True,True,40.0,,9,a47be7464659f75e69ef6f7165a7b057a0fd433ed180af76723f9bb5e1576a82
SA-real-70400,F,2,111,True,True,True,40.0,,9,a47be7464659f75e69ef6f7165a7b057a0fd433ed180af76723f9bb5e1576a82
SA-real-70400,F,2,112,True,True,True,40.0,,9,a47be7464659f75e69ef6f7165a7b057a0fd433ed180af76723f9bb5e1576a82
SA-real-70400,F,2,113,True,True,True,40.0,,9,a47be7464659f75e69ef6f7165a7b057a0fd433ed180af76723f9bb5e1576a82
SA-real-70400,F,2,114,True,True,True,40.0,,9,a47be7464659f75e69ef6f7165a7b057a0fd433ed180af76723f9bb5e1576a82
SA-real-70400,F,2,115,True,True,True,40.0,,9,a47be7464659f75e69ef6f7165a7b057a0fd433ed180af76723f9bb5e1576a82
SA-real-70400,F,2,116,True,True,True,40.0,,9,a47be7464659f75e69ef6f7165a7b057a0fd433ed180af76723f9bb5e1576a82
SA-real-70400,F,2,117,True,True,True,40.0,,9,a47be7464659f75e69ef6f7165a7b057a0fd433ed180af76723f9bb5e1576a82
SA-real-70400,F,2,118,True,True,True,40.0,,9,a47be7464659f75e69ef6f7165a7b057a0fd433ed180af76723f9bb5e1576a82
SA-real-70400,F,2,119,True,True,True,40.0,,9,a47be7464659f75e69ef6f7165a7b057a0fd433ed180af76723f9bb5e1576a82
SA-real-70400,F,2,120,True,True,True,40.0,,9,a47be7464659f75e69ef6f7165a7b057a0fd433ed180af76723f9bb5e1576a82
SA-real-70400,F,2,121,True,True,True,40.0,,9,a47be7464659f75e69ef6f7165a7b057a0fd433ed180af76723f9bb5e1576a82
SA-real-70400,F,2,122,True,True,True,40.0,,9,a47be7464659f75e69ef6f7165a7b057a0fd433ed180af76723f9bb5e1576a82
SA-real-70400,F,2,123,True,True,True,40.0,,9,a47be7464659f75e69ef6f7165a7b057a0fd433ed180af76723f9bb5e1576a82
SA-real-70400,F,2,124,True,True,True,40.0,,9,a47be7464659f75e69ef6f7165a7b057a0fd433ed180af76723f9bb5e1576a82
SA-real-70400,F,2,125,True,True,True,40.0,,9,a47be7464659f75e69ef6f7165a7b057a0fd433ed180af76723f9bb5e1576a82
SA-real-70400,F,2,126,True,True,True,40.0,,10,a47be7464659f75e69ef6f7165a7b057a0fd433ed180af76723f9bb5e1576a82
SA-real-70400,F,2,127,True,True,True,40.0,,9,a47be7464659f75e69ef6f7165a7b057a0fd433ed180af76723f9bb5e1576a82
SA-real-70400,F,3,0,True,True,True,40.0,,10,a47be7464659f75e69ef6f7165a7b057a0fd433ed180af76723f9bb5e1576a82
SA-real-70400,F,3,1,True,True,True,40.0,,10,a47be7464659f75e69ef6f7165a7b057a0fd433ed180af76723f9bb5e1576a82
SA-real-70400,F,3,2,True,True,True,40.0,,10,a47be7464659f75e69ef6f7165a7b057a0fd433ed180af76723f9bb5e1576a82
SA-real-70400,F,3,3,True,True,True,40.0,,10,a47be7464659f75e69ef6f7165a7b057a0fd433ed180af76723f9bb5e1576a82
SA-real-70400,F,3,4,True,True,True,40.0,,10,a47be7464659f75e69ef6f7165a7b057a0fd433ed180af76723f9bb5e1576a82
SA-real-70400,F,3,5,True,True,True,40.0,,10,a47be7464659f75e69ef6f7165a7b057a0fd433ed180af76723f9bb5e1576a82
SA-real-70400,F,3,6,True,True,True,40.0,,10,a47be7464659f75e69ef6f7165a7b057a0fd433ed180af76723f9bb5e1576a82
SA-real-70400,F,3,7,True,True,True,40.0,,10,a47be7464659f75e69ef6f7165a7b057a0fd433ed180af76723f9bb5e1576a82
SA-real-70400,F,3,8,True,True,True,40.0,,9,a47be7464659f75e69ef6f7165a7b057a0fd433ed180af76723f9bb5e1576a82
SA-real-70400,F,3,9,True,True,True,40.0,,10,a47be7464659f75e69ef6f7165a7b057a0fd433ed180af76723f9bb5e1576a82
SA-real-70400,F,3,10,True,True,True,40.0,,10,a47be7464659f75e69ef6f7165a7b057a0fd433ed180af76723f9bb5e1576a82
SA-real-70400,F,3,11,True,True,True,40.0,,10,a47be7464659f75e69ef6f7165a7b057a0fd433ed180af76723f9bb5e1576a82
SA-real-70400,F,3,12,True,True,True,40.0,,10,a47be7464659f75e69ef6f7165a7b057a0fd433ed180af76723f9bb5e1576a82
SA-real-70400,F,3,13,True,True,True,40.0,,10,a47be7464659f75e69ef6f7165a7b057a0fd433ed180af76723f9bb5e1576a82
SA-real-70400,F,3,14,True,True,True,40.0,,10,a47be7464659f75e69ef6f7165a7b057a0fd433ed180af76723f9bb5e1576a82
SA-real-70400,F,3,15,True,True,True,40.0,,10,a47be7464659f75e69ef6f7165a7b057a0fd433ed180af76723f9bb5e1576a82
SA-real-70400,F,3,16,True,True,True,40.0,,10,a47be7464659f75e69ef6f7165a7b057a0fd433ed180af76723f9bb5e1576a82
SA-real-70400,F,3,17,True,True,True,40.0,,10,a47be7464659f75e69ef6f7165a7b057a0fd433ed180af76723f9bb5e1576a82
SA-real-70400,F,3,18,True,True,True,40.0,,10,a47be7464659f75e69ef6f7165a7b057a0fd433ed180af76723f9bb5e1576a82
SA-real-70400,F,3,19,True,True,True,40.0,,10,a47be7464659f75e69ef6f7165a7b057a0fd433ed180af76723f9bb5e1576a82
SA-real-70400,F,3,20,True,True,True,40.0,,10,a47be7464659f75e69ef6f7165a7b057a0fd433ed180af76723f9bb5e1576a82
SA-real-70400,F,3,21,True,True,True,40.0,,10,a47be7464659f75e69ef6f7165a7b057a0fd433ed180af76723f9bb5e1576a82
SA-real-70400,F,3,22,True,True,True,40.0,,10,a47be7464659f75e69ef6f7165a7b057a0fd433ed180af76723f9bb5e1576a82
SA-real-70400,F,3,23,True,True,True,40.0,,10,a47be7464659f75e69ef6f7165a7b057a0fd433ed180af76723f9bb5e1576a82
SA-real-70400,F,3,24,True,True,True,40.0,,10,a47be7464659f75e69ef6f7165a7b057a0fd433ed180af76723f9bb5e1576a82
SA-real-70400,F,3,25,True,True,True,40.0,,10,a47be7464659f75e69ef6f7165a7b057a0fd433ed180af76723f9bb5e1576a82
SA-real-70400,F,3,26,True,True,True,40.0,,10,a47be7464659f75e69ef6f7165a7b057a0fd433ed180af76723f9bb5e1576a82
SA-real-70400,F,3,27,True,True,True,40.0,,10,a47be7464659f75e69ef6f7165a7b057a0fd433ed180af76723f9bb5e1576a82
SA-real-70400,F,3,28,True,True,True,40.0,,10,a47be7464659f75e69ef6f7165a7b057a0fd433ed180af76723f9bb5e1576a82
SA-real-70400,F,3,29,True,True,True,40.0,,10,a47be7464659f75e69ef6f7165a7b057a0fd433ed180af76723f9bb5e1576a82
SA-real-70400,F,3,30,True,True,True,40.0,,10,a47be7464659f75e69ef6f7165a7b057a0fd433ed180af76723f9bb5e1576a82
SA-real-70400,F,3,31,True,True,True,40.0,,10,a47be7464659f75e69ef6f7165a7b057a0fd433ed180af76723f9bb5e1576a82
SA-real-70400,F,3,32,True,True,True,40.0,,10,a47be7464659f75e69ef6f7165a7b057a0fd433ed180af76723f9bb5e1576a82
SA-real-70400,F,3,33,True,True,True,40.0,,10,a47be7464659f75e69ef6f7165a7b057a0fd433ed180af76723f9bb5e1576a82
SA-real-70400,F,3,34,True,True,True,40.0,,10,a47be7464659f75e69ef6f7165a7b057a0fd433ed180af76723f9bb5e1576a82
SA-real-70400,F,3,35,True,False,False,2.033333333333333,,1,a47be7464659f75e69ef6f7165a7b057a0fd433ed180af76723f9bb5e1576a82
SA-real-70400,F,3,36,True,True,True,40.0,,10,a47be7464659f75e69ef6f7165a7b057a0fd433ed180af76723f9bb5e1576a82
SA-real-70400,F,3,37,True,True,True,40.0,,10,a47be7464659f75e69ef6f7165a7b057a0fd433ed180af76723f9bb5e1576a82
SA-real-70400,F,3,38,True,True,True,40.0,,10,a47be7464659f75e69ef6f7165a7b057a0fd433ed180af76723f9bb5e1576a82
SA-real-70400,F,3,39,True,True,True,40.0,,10,a47be7464659f75e69ef6f7165a7b057a0fd433ed180af76723f9bb5e1576a82
SA-real-70400,F,3,40,True,True,True,40.0,,10,a47be7464659f75e69ef6f7165a7b057a0fd433ed180af76723f9bb5e1576a82
SA-real-70400,F,3,41,True,True,True,40.0,,10,a47be7464659f75e69ef6f7165a7b057a0fd433ed180af76723f9bb5e1576a82
SA-real-70400,F,3,42,True,True,True,40.0,,10,a47be7464659f75e69ef6f7165a7b057a0fd433ed180af76723f9bb5e1576a82
SA-real-70400,F,3,43,True,True,True,40.0,,10,a47be7464659f75e69ef6f7165a7b057a0fd433ed180af76723f9bb5e1576a82
SA-real-70400,F,3,44,True,True,True,40.0,,10,a47be7464659f75e69ef6f7165a7b057a0fd433ed180af76723f9bb5e1576a82
SA-real-70400,F,3,45,True,True,True,40.0,,10,a47be7464659f75e69ef6f7165a7b057a0fd433ed180af76723f9bb5e1576a82
SA-real-70400,F,3,46,True,False,False,9.1,,2,a47be7464659f75e69ef6f7165a7b057a0fd433ed180af76723f9bb5e1576a82
SA-real-70400,F,3,47,True,True,True,40.0,,10,a47be7464659f75e69ef6f7165a7b057a0fd433ed180af76723f9bb5e1576a82
SA-real-70400,F,3,48,True,True,True,40.0,,10,a47be7464659f75e69ef6f7165a7b057a0fd433ed180af76723f9bb5e1576a82
SA-real-70400,F,3,49,True,True,True,40.0,,10,a47be7464659f75e69ef6f7165a7b057a0fd433ed180af76723f9bb5e1576a82
SA-real-70400,F,3,50,True,True,True,40.0,,4,a47be7464659f75e69ef6f7165a7b057a0fd433ed180af76723f9bb5e1576a82
SA-real-70400,F,3,51,True,True,True,40.0,,10,a47be7464659f75e69ef6f7165a7b057a0fd433ed180af76723f9bb5e1576a82
SA-real-70400,F,3,52,True,True,True,40.0,,10,a47be7464659f75e69ef6f7165a7b057a0fd433ed180af76723f9bb5e1576a82
SA-real-70400,F,3,53,True,True,True,40.0,,10,a47be7464659f75e69ef6f7165a7b057a0fd433ed180af76723f9bb5e1576a82
SA-real-70400,F,3,54,True,True,True,40.0,,10,a47be7464659f75e69ef6f7165a7b057a0fd433ed180af76723f9bb5e1576a82
SA-real-70400,F,3,55,True,True,True,40.0,,10,a47be7464659f75e69ef6f7165a7b057a0fd433ed180af76723f9bb5e1576a82
SA-real-70400,F,3,56,True,True,True,40.0,,10,a47be7464659f75e69ef6f7165a7b057a0fd433ed180af76723f9bb5e1576a82
SA-real-70400,F,3,57,True,True,True,40.0,,10,a47be7464659f75e69ef6f7165a7b057a0fd433ed180af76723f9bb5e1576a82
SA-real-70400,F,3,58,True,True,True,40.0,,10,a47be7464659f75e69ef6f7165a7b057a0fd433ed180af76723f9bb5e1576a82
SA-real-70400,F,3,59,True,True,True,40.0,,10,a47be7464659f75e69ef6f7165a7b057a0fd433ed180af76723f9bb5e1576a82
SA-real-70400,F,3,60,True,True,True,40.0,,10,a47be7464659f75e69ef6f7165a7b057a0fd433ed180af76723f9bb5e1576a82
SA-real-70400,F,3,61,True,True,True,40.0,,10,a47be7464659f75e69ef6f7165a7b057a0fd433ed180af76723f9bb5e1576a82
SA-real-70400,F,3,62,True,True,True,40.0,,7,a47be7464659f75e69ef6f7165a7b057a0fd433ed180af76723f9bb5e1576a82
SA-real-70400,F,3,63,True,False,False,13.133333333333333,,3,a47be7464659f75e69ef6f7165a7b057a0fd433ed180af76723f9bb5e1576a82
SA-real-70400,F,3,64,True,True,True,40.0,,6,a47be7464659f75e69ef6f7165a7b057a0fd433ed180af76723f9bb5e1576a82
SA-real-70400,F,3,65,True,True,True,40.0,,10,a47be7464659f75e69ef6f7165a7b057a0fd433ed180af76723f9bb5e1576a82
SA-real-70400,F,3,66,True,True,True,40.0,,10,a47be7464659f75e69ef6f7165a7b057a0fd433ed180af76723f9bb5e1576a82
SA-real-70400,F,3,67,True,True,True,40.0,,10,a47be7464659f75e69ef6f7165a7b057a0fd433ed180af76723f9bb5e1576a82
SA-real-70400,F,3,68,True,True,True,40.0,,10,a47be7464659f75e69ef6f7165a7b057a0fd433ed180af76723f9bb5e1576a82
SA-real-70400,F,3,69,True,True,True,40.0,,10,a47be7464659f75e69ef6f7165a7b057a0fd433ed180af76723f9bb5e1576a82
SA-real-70400,F,3,70,True,True,True,40.0,,10,a47be7464659f75e69ef6f7165a7b057a0fd433ed180af76723f9bb5e1576a82
SA-real-70400,F,3,71,True,True,True,40.0,,10,a47be7464659f75e69ef6f7165a7b057a0fd433ed180af76723f9bb5e1576a82
SA-real-70400,F,3,72,True,True,True,40.0,,10,a47be7464659f75e69ef6f7165a7b057a0fd433ed180af76723f9bb5e1576a82
SA-real-70400,F,3,73,True,True,True,40.0,,10,a47be7464659f75e69ef6f7165a7b057a0fd433ed180af76723f9bb5e1576a82
SA-real-70400,F,3,74,True,True,True,40.0,,10,a47be7464659f75e69ef6f7165a7b057a0fd433ed180af76723f9bb5e1576a82
SA-real-70400,F,3,75,True,True,True,40.0,,9,a47be7464659f75e69ef6f7165a7b057a0fd433ed180af76723f9bb5e1576a82
SA-real-70400,F,3,76,True,False,False,36.0,,7,a47be7464659f75e69ef6f7165a7b057a0fd433ed180af76723f9bb5e1576a82
SA-real-70400,F,3,77,True,True,True,40.0,,10,a47be7464659f75e69ef6f7165a7b057a0fd433ed180af76723f9bb5e1576a82
SA-real-70400,F,3,78,True,True,True,40.0,,10,a47be7464659f75e69ef6f7165a7b057a0fd433ed180af76723f9bb5e1576a82
SA-real-70400,F,3,79,True,True,True,40.0,,10,a47be7464659f75e69ef6f7165a7b057a0fd433ed180af76723f9bb5e1576a82
SA-real-70400,F,3,80,True,True,True,40.0,,10,a47be7464659f75e69ef6f7165a7b057a0fd433ed180af76723f9bb5e1576a82
SA-real-70400,F,3,81,True,True,True,40.0,,10,a47be7464659f75e69ef6f7165a7b057a0fd433ed180af76723f9bb5e1576a82
SA-real-70400,F,3,82,True,True,True,40.0,,3,a47be7464659f75e69ef6f7165a7b057a0fd433ed180af76723f9bb5e1576a82
SA-real-70400,F,3,83,True,True,True,40.0,,10,a47be7464659f75e69ef6f7165a7b057a0fd433ed180af76723f9bb5e1576a82
SA-real-70400,F,3,84,True,True,True,40.0,,10,a47be7464659f75e69ef6f7165a7b057a0fd433ed180af76723f9bb5e1576a82
SA-real-70400,F,3,85,True,True,True,40.0,,10,a47be7464659f75e69ef6f7165a7b057a0fd433ed180af76723f9bb5e1576a82
SA-real-70400,F,3,86,True,True,True,40.0,,5,a47be7464659f75e69ef6f7165a7b057a0fd433ed180af76723f9bb5e1576a82
SA-real-70400,F,3,87,False,False,False,1.0333333333333334,,0,a47be7464659f75e69ef6f7165a7b057a0fd433ed180af76723f9bb5e1576a82
SA-real-70400,F,3,88,True,True,True,40.0,,10,a47be7464659f75e69ef6f7165a7b057a0fd433ed180af76723f9bb5e1576a82
SA-real-70400,F,3,89,True,True,True,40.0,,10,a47be7464659f75e69ef6f7165a7b057a0fd433ed180af76723f9bb5e1576a82
SA-real-70400,F,3,90,True,True,True,40.0,,10,a47be7464659f75e69ef6f7165a7b057a0fd433ed180af76723f9bb5e1576a82
SA-real-70400,F,3,91,True,True,True,40.0,,10,a47be7464659f75e69ef6f7165a7b057a0fd433ed180af76723f9bb5e1576a82
SA-real-70400,F,3,92,True,True,True,40.0,,10,a47be7464659f75e69ef6f7165a7b057a0fd433ed180af76723f9bb5e1576a82
SA-real-70400,F,3,93,True,True,True,40.0,,10,a47be7464659f75e69ef6f7165a7b057a0fd433ed180af76723f9bb5e1576a82
SA-real-70400,F,3,94,True,True,True,40.0,,10,a47be7464659f75e69ef6f7165a7b057a0fd433ed180af76723f9bb5e1576a82
SA-real-70400,F,3,95,True,True,True,40.0,,10,a47be7464659f75e69ef6f7165a7b057a0fd433ed180af76723f9bb5e1576a82
SA-real-70400,F,3,96,True,True,True,40.0,,10,a47be7464659f75e69ef6f7165a7b057a0fd433ed180af76723f9bb5e1576a82
SA-real-70400,F,3,97,True,True,True,40.0,,10,a47be7464659f75e69ef6f7165a7b057a0fd433ed180af76723f9bb5e1576a82
SA-real-70400,F,3,98,True,True,True,40.0,,10,a47be7464659f75e69ef6f7165a7b057a0fd433ed180af76723f9bb5e1576a82
SA-real-70400,F,3,99,True,True,True,40.0,,10,a47be7464659f75e69ef6f7165a7b057a0fd433ed180af76723f9bb5e1576a82
SA-real-70400,F,3,100,True,True,True,40.0,,10,a47be7464659f75e69ef6f7165a7b057a0fd433ed180af76723f9bb5e1576a82
SA-real-70400,F,3,101,True,False,False,19.1,,4,a47be7464659f75e69ef6f7165a7b057a0fd433ed180af76723f9bb5e1576a82
SA-real-70400,F,3,102,True,False,False,4.433333333333334,,1,a47be7464659f75e69ef6f7165a7b057a0fd433ed180af76723f9bb5e1576a82
SA-real-70400,F,3,103,True,True,True,40.0,,10,a47be7464659f75e69ef6f7165a7b057a0fd433ed180af76723f9bb5e1576a82
SA-real-70400,F,3,104,True,True,True,40.0,,10,a47be7464659f75e69ef6f7165a7b057a0fd433ed180af76723f9bb5e1576a82
SA-real-70400,F,3,105,True,True,True,40.0,,10,a47be7464659f75e69ef6f7165a7b057a0fd433ed180af76723f9bb5e1576a82
SA-real-70400,F,3,106,True,True,True,40.0,,10,a47be7464659f75e69ef6f7165a7b057a0fd433ed180af76723f9bb5e1576a82
SA-real-70400,F,3,107,True,True,True,40.0,,10,a47be7464659f75e69ef6f7165a7b057a0fd433ed180af76723f9bb5e1576a82
SA-real-70400,F,3,108,True,True,True,40.0,,10,a47be7464659f75e69ef6f7165a7b057a0fd433ed180af76723f9bb5e1576a82
SA-real-70400,F,3,109,True,True,True,40.0,,10,a47be7464659f75e69ef6f7165a7b057a0fd433ed180af76723f9bb5e1576a82
SA-real-70400,F,3,110,True,True,True,40.0,,10,a47be7464659f75e69ef6f7165a7b057a0fd433ed180af76723f9bb5e1576a82
SA-real-70400,F,3,111,True,True,True,40.0,,10,a47be7464659f75e69ef6f7165a7b057a0fd433ed180af76723f9bb5e1576a82
SA-real-70400,F,3,112,True,False,False,0.0,,6,a47be7464659f75e69ef6f7165a7b057a0fd433ed180af76723f9bb5e1576a82
SA-real-70400,F,3,113,True,True,True,40.0,,10,a47be7464659f75e69ef6f7165a7b057a0fd433ed180af76723f9bb5e1576a82
SA-real-70400,F,3,114,True,True,True,40.0,,10,a47be7464659f75e69ef6f7165a7b057a0fd433ed180af76723f9bb5e1576a82
SA-real-70400,F,3,115,True,True,True,40.0,,4,a47be7464659f75e69ef6f7165a7b057a0fd433ed180af76723f9bb5e1576a82
SA-real-70400,F,3,116,True,False,False,2.1666666666666665,,1,a47be7464659f75e69ef6f7165a7b057a0fd433ed180af76723f9bb5e1576a82
SA-real-70400,F,3,117,True,True,True,40.0,,10,a47be7464659f75e69ef6f7165a7b057a0fd433ed180af76723f9bb5e1576a82
SA-real-70400,F,3,118,True,True,True,40.0,,10,a47be7464659f75e69ef6f7165a7b057a0fd433ed180af76723f9bb5e1576a82
SA-real-70400,F,3,119,True,True,True,40.0,,10,a47be7464659f75e69ef6f7165a7b057a0fd433ed180af76723f9bb5e1576a82
SA-real-70400,F,3,120,False,False,False,0.36666666666666664,,0,a47be7464659f75e69ef6f7165a7b057a0fd433ed180af76723f9bb5e1576a82
SA-real-70400,F,3,121,True,False,True,24.966666666666665,,6,a47be7464659f75e69ef6f7165a7b057a0fd433ed180af76723f9bb5e1576a82
SA-real-70400,F,3,122,True,True,True,40.0,,10,a47be7464659f75e69ef6f7165a7b057a0fd433ed180af76723f9bb5e1576a82
SA-real-70400,F,3,123,True,True,True,40.0,,10,a47be7464659f75e69ef6f7165a7b057a0fd433ed180af76723f9bb5e1576a82
SA-real-70400,F,3,124,True,True,True,40.0,,10,a47be7464659f75e69ef6f7165a7b057a0fd433ed180af76723f9bb5e1576a82
SA-real-70400,F,3,125,True,True,True,40.0,,10,a47be7464659f75e69ef6f7165a7b057a0fd433ed180af76723f9bb5e1576a82
SA-real-70400,F,3,126,True,True,True,40.0,,10,a47be7464659f75e69ef6f7165a7b057a0fd433ed180af76723f9bb5e1576a82
SA-real-70400,F,3,127,True,True,True,40.0,,7,a47be7464659f75e69ef6f7165a7b057a0fd433ed180af76723f9bb5e1576a82
SC-real-51200,S2,0,0,True,True,True,20.0,1111111111,,a47be7464659f75e69ef6f7165a7b057a0fd433ed180af76723f9bb5e1576a82
SC-real-51200,S2,0,1,True,True,True,20.0,1111111111,,a47be7464659f75e69ef6f7165a7b057a0fd433ed180af76723f9bb5e1576a82
SC-real-51200,S2,0,2,False,True,True,20.0,1101011101,,a47be7464659f75e69ef6f7165a7b057a0fd433ed180af76723f9bb5e1576a82
SC-real-51200,S2,0,3,True,True,True,20.0,1111111111,,a47be7464659f75e69ef6f7165a7b057a0fd433ed180af76723f9bb5e1576a82
SC-real-51200,S2,0,4,True,True,True,20.0,1111111111,,a47be7464659f75e69ef6f7165a7b057a0fd433ed180af76723f9bb5e1576a82
SC-real-51200,S2,0,5,True,True,True,20.0,1111111111,,a47be7464659f75e69ef6f7165a7b057a0fd433ed180af76723f9bb5e1576a82
SC-real-51200,S2,0,6,True,True,True,20.0,1111111111,,a47be7464659f75e69ef6f7165a7b057a0fd433ed180af76723f9bb5e1576a82
SC-real-51200,S2,0,7,True,True,True,20.0,1111111111,,a47be7464659f75e69ef6f7165a7b057a0fd433ed180af76723f9bb5e1576a82
SC-real-51200,S2,0,8,True,True,True,20.0,1111111111,,a47be7464659f75e69ef6f7165a7b057a0fd433ed180af76723f9bb5e1576a82
SC-real-51200,S2,0,9,True,True,True,20.0,1111111111,,a47be7464659f75e69ef6f7165a7b057a0fd433ed180af76723f9bb5e1576a82
SC-real-51200,S2,0,10,True,True,True,20.0,1111111111,,a47be7464659f75e69ef6f7165a7b057a0fd433ed180af76723f9bb5e1576a82
SC-real-51200,S2,0,11,True,True,True,20.0,1111111111,,a47be7464659f75e69ef6f7165a7b057a0fd433ed180af76723f9bb5e1576a82
SC-real-51200,S2,0,12,True,True,True,20.0,1111111111,,a47be7464659f75e69ef6f7165a7b057a0fd433ed180af76723f9bb5e1576a82
SC-real-51200,S2,0,13,True,True,True,20.0,1111111111,,a47be7464659f75e69ef6f7165a7b057a0fd433ed180af76723f9bb5e1576a82
SC-real-51200,S2,0,14,True,True,True,20.0,1111111111,,a47be7464659f75e69ef6f7165a7b057a0fd433ed180af76723f9bb5e1576a82
SC-real-51200,S2,0,15,True,True,True,20.0,1111111111,,a47be7464659f75e69ef6f7165a7b057a0fd433ed180af76723f9bb5e1576a82
SC-real-51200,S2,0,16,True,True,True,20.0,1111111111,,a47be7464659f75e69ef6f7165a7b057a0fd433ed180af76723f9bb5e1576a82
SC-real-51200,S2,0,17,True,True,True,20.0,1111111111,,a47be7464659f75e69ef6f7165a7b057a0fd433ed180af76723f9bb5e1576a82
SC-real-51200,S2,0,18,True,True,True,20.0,1111111111,,a47be7464659f75e69ef6f7165a7b057a0fd433ed180af76723f9bb5e1576a82
SC-real-51200,S2,0,19,True,True,True,20.0,1111111111,,a47be7464659f75e69ef6f7165a7b057a0fd433ed180af76723f9bb5e1576a82
SC-real-51200,S2,0,20,True,True,True,20.0,1111111111,,a47be7464659f75e69ef6f7165a7b057a0fd433ed180af76723f9bb5e1576a82
SC-real-51200,S2,0,21,True,True,True,20.0,1111111111,,a47be7464659f75e69ef6f7165a7b057a0fd433ed180af76723f9bb5e1576a82
SC-real-51200,S2,0,22,True,True,True,20.0,1111111111,,a47be7464659f75e69ef6f7165a7b057a0fd433ed180af76723f9bb5e1576a82
SC-real-51200,S2,0,23,True,True,True,20.0,1111111111,,a47be7464659f75e69ef6f7165a7b057a0fd433ed180af76723f9bb5e1576a82
SC-real-51200,S2,0,24,True,True,True,20.0,1111111111,,a47be7464659f75e69ef6f7165a7b057a0fd433ed180af76723f9bb5e1576a82
SC-real-51200,S2,0,25,True,True,True,20.0,1111111111,,a47be7464659f75e69ef6f7165a7b057a0fd433ed180af76723f9bb5e1576a82
SC-real-51200,S2,0,26,True,True,True,20.0,1111111111,,a47be7464659f75e69ef6f7165a7b057a0fd433ed180af76723f9bb5e1576a82
SC-real-51200,S2,0,27,True,True,True,20.0,1111111111,,a47be7464659f75e69ef6f7165a7b057a0fd433ed180af76723f9bb5e1576a82
SC-real-51200,S2,0,28,True,True,True,20.0,1111111111,,a47be7464659f75e69ef6f7165a7b057a0fd433ed180af76723f9bb5e1576a82
SC-real-51200,S2,0,29,True,True,True,20.0,1111111111,,a47be7464659f75e69ef6f7165a7b057a0fd433ed180af76723f9bb5e1576a82
SC-real-51200,S2,0,30,True,True,True,20.0,1111111111,,a47be7464659f75e69ef6f7165a7b057a0fd433ed180af76723f9bb5e1576a82
SC-real-51200,S2,0,31,True,True,True,20.0,1111111111,,a47be7464659f75e69ef6f7165a7b057a0fd433ed180af76723f9bb5e1576a82
SC-real-51200,S2,0,32,False,True,True,20.0,1111011101,,a47be7464659f75e69ef6f7165a7b057a0fd433ed180af76723f9bb5e1576a82
SC-real-51200,S2,0,33,True,True,True,20.0,1111111111,,a47be7464659f75e69ef6f7165a7b057a0fd433ed180af76723f9bb5e1576a82
SC-real-51200,S2,0,34,True,True,True,20.0,1111111111,,a47be7464659f75e69ef6f7165a7b057a0fd433ed180af76723f9bb5e1576a82
SC-real-51200,S2,0,35,True,True,True,20.0,1111111111,,a47be7464659f75e69ef6f7165a7b057a0fd433ed180af76723f9bb5e1576a82
SC-real-51200,S2,0,36,True,True,True,20.0,1111111111,,a47be7464659f75e69ef6f7165a7b057a0fd433ed180af76723f9bb5e1576a82
SC-real-51200,S2,0,37,True,True,True,20.0,1111111111,,a47be7464659f75e69ef6f7165a7b057a0fd433ed180af76723f9bb5e1576a82
SC-real-51200,S2,0,38,True,True,True,20.0,1111111111,,a47be7464659f75e69ef6f7165a7b057a0fd433ed180af76723f9bb5e1576a82
SC-real-51200,S2,0,39,True,True,True,20.0,1111111111,,a47be7464659f75e69ef6f7165a7b057a0fd433ed180af76723f9bb5e1576a82
SC-real-51200,S2,0,40,True,True,True,20.0,1111111111,,a47be7464659f75e69ef6f7165a7b057a0fd433ed180af76723f9bb5e1576a82
SC-real-51200,S2,0,41,True,True,True,20.0,1111111111,,a47be7464659f75e69ef6f7165a7b057a0fd433ed180af76723f9bb5e1576a82
SC-real-51200,S2,0,42,True,True,True,20.0,1111111111,,a47be7464659f75e69ef6f7165a7b057a0fd433ed180af76723f9bb5e1576a82
SC-real-51200,S2,0,43,True,True,True,20.0,1111111111,,a47be7464659f75e69ef6f7165a7b057a0fd433ed180af76723f9bb5e1576a82
SC-real-51200,S2,0,44,True,True,True,20.0,1111111111,,a47be7464659f75e69ef6f7165a7b057a0fd433ed180af76723f9bb5e1576a82
SC-real-51200,S2,0,45,True,True,True,20.0,1111111111,,a47be7464659f75e69ef6f7165a7b057a0fd433ed180af76723f9bb5e1576a82
SC-real-51200,S2,0,46,False,True,True,20.0,1111011111,,a47be7464659f75e69ef6f7165a7b057a0fd433ed180af76723f9bb5e1576a82
SC-real-51200,S2,0,47,True,True,True,20.0,1111111111,,a47be7464659f75e69ef6f7165a7b057a0fd433ed180af76723f9bb5e1576a82
SC-real-51200,S2,0,48,True,True,True,20.0,1111111111,,a47be7464659f75e69ef6f7165a7b057a0fd433ed180af76723f9bb5e1576a82
SC-real-51200,S2,0,49,True,True,True,20.0,1111111111,,a47be7464659f75e69ef6f7165a7b057a0fd433ed180af76723f9bb5e1576a82
SC-real-51200,S2,0,50,True,True,True,20.0,1111111111,,a47be7464659f75e69ef6f7165a7b057a0fd433ed180af76723f9bb5e1576a82
SC-real-51200,S2,0,51,False,True,True,20.0,1111011111,,a47be7464659f75e69ef6f7165a7b057a0fd433ed180af76723f9bb5e1576a82
SC-real-51200,S2,0,52,False,True,True,20.0,1101111111,,a47be7464659f75e69ef6f7165a7b057a0fd433ed180af76723f9bb5e1576a82
SC-real-51200,S2,0,53,True,True,True,20.0,1111111111,,a47be7464659f75e69ef6f7165a7b057a0fd433ed180af76723f9bb5e1576a82
SC-real-51200,S2,0,54,True,True,True,20.0,1111111111,,a47be7464659f75e69ef6f7165a7b057a0fd433ed180af76723f9bb5e1576a82
SC-real-51200,S2,0,55,True,True,True,20.0,1111111111,,a47be7464659f75e69ef6f7165a7b057a0fd433ed180af76723f9bb5e1576a82
SC-real-51200,S2,0,56,False,True,True,20.0,1101111111,,a47be7464659f75e69ef6f7165a7b057a0fd433ed180af76723f9bb5e1576a82
SC-real-51200,S2,0,57,False,True,True,20.0,1101011111,,a47be7464659f75e69ef6f7165a7b057a0fd433ed180af76723f9bb5e1576a82
SC-real-51200,S2,0,58,True,True,True,20.0,1111111111,,a47be7464659f75e69ef6f7165a7b057a0fd433ed180af76723f9bb5e1576a82
SC-real-51200,S2,0,59,True,True,True,20.0,1111111111,,a47be7464659f75e69ef6f7165a7b057a0fd433ed180af76723f9bb5e1576a82
SC-real-51200,S2,0,60,True,True,True,20.0,1111111111,,a47be7464659f75e69ef6f7165a7b057a0fd433ed180af76723f9bb5e1576a82
SC-real-51200,S2,0,61,True,True,True,20.0,1111111111,,a47be7464659f75e69ef6f7165a7b057a0fd433ed180af76723f9bb5e1576a82
SC-real-51200,S2,0,62,True,True,True,20.0,1111111111,,a47be7464659f75e69ef6f7165a7b057a0fd433ed180af76723f9bb5e1576a82
SC-real-51200,S2,0,63,True,True,True,20.0,1111111111,,a47be7464659f75e69ef6f7165a7b057a0fd433ed180af76723f9bb5e1576a82
SC-real-51200,S2,0,64,True,True,True,20.0,1111111111,,a47be7464659f75e69ef6f7165a7b057a0fd433ed180af76723f9bb5e1576a82
SC-real-51200,S2,0,65,True,True,True,20.0,1111111111,,a47be7464659f75e69ef6f7165a7b057a0fd433ed180af76723f9bb5e1576a82
SC-real-51200,S2,0,66,True,True,True,20.0,1111111111,,a47be7464659f75e69ef6f7165a7b057a0fd433ed180af76723f9bb5e1576a82
SC-real-51200,S2,0,67,True,True,True,20.0,1111111111,,a47be7464659f75e69ef6f7165a7b057a0fd433ed180af76723f9bb5e1576a82
SC-real-51200,S2,0,68,True,True,True,20.0,1111111111,,a47be7464659f75e69ef6f7165a7b057a0fd433ed180af76723f9bb5e1576a82
SC-real-51200,S2,0,69,True,True,True,20.0,1111111111,,a47be7464659f75e69ef6f7165a7b057a0fd433ed180af76723f9bb5e1576a82
SC-real-51200,S2,0,70,True,True,True,20.0,1111111111,,a47be7464659f75e69ef6f7165a7b057a0fd433ed180af76723f9bb5e1576a82
SC-real-51200,S2,0,71,True,True,True,20.0,1111111111,,a47be7464659f75e69ef6f7165a7b057a0fd433ed180af76723f9bb5e1576a82
SC-real-51200,S2,0,72,True,True,True,20.0,1111111111,,a47be7464659f75e69ef6f7165a7b057a0fd433ed180af76723f9bb5e1576a82
SC-real-51200,S2,0,73,True,True,True,20.0,1111111111,,a47be7464659f75e69ef6f7165a7b057a0fd433ed180af76723f9bb5e1576a82
SC-real-51200,S2,0,74,True,True,True,20.0,1111111111,,a47be7464659f75e69ef6f7165a7b057a0fd433ed180af76723f9bb5e1576a82
SC-real-51200,S2,0,75,True,True,True,20.0,1111111111,,a47be7464659f75e69ef6f7165a7b057a0fd433ed180af76723f9bb5e1576a82
SC-real-51200,S2,0,76,True,True,True,20.0,1111111111,,a47be7464659f75e69ef6f7165a7b057a0fd433ed180af76723f9bb5e1576a82
SC-real-51200,S2,0,77,True,True,True,20.0,1111111111,,a47be7464659f75e69ef6f7165a7b057a0fd433ed180af76723f9bb5e1576a82
SC-real-51200,S2,0,78,True,True,True,20.0,1111111111,,a47be7464659f75e69ef6f7165a7b057a0fd433ed180af76723f9bb5e1576a82
SC-real-51200,S2,0,79,True,True,True,20.0,1111111111,,a47be7464659f75e69ef6f7165a7b057a0fd433ed180af76723f9bb5e1576a82
SC-real-51200,S2,0,80,True,True,True,20.0,1111111111,,a47be7464659f75e69ef6f7165a7b057a0fd433ed180af76723f9bb5e1576a82
SC-real-51200,S2,0,81,True,True,True,20.0,1111111111,,a47be7464659f75e69ef6f7165a7b057a0fd433ed180af76723f9bb5e1576a82
SC-real-51200,S2,0,82,True,True,True,20.0,1111111111,,a47be7464659f75e69ef6f7165a7b057a0fd433ed180af76723f9bb5e1576a82
SC-real-51200,S2,0,83,True,True,True,20.0,1111111111,,a47be7464659f75e69ef6f7165a7b057a0fd433ed180af76723f9bb5e1576a82
SC-real-51200,S2,0,84,True,True,True,20.0,1111111111,,a47be7464659f75e69ef6f7165a7b057a0fd433ed180af76723f9bb5e1576a82
SC-real-51200,S2,0,85,True,True,True,20.0,1111111111,,a47be7464659f75e69ef6f7165a7b057a0fd433ed180af76723f9bb5e1576a82
SC-real-51200,S2,0,86,True,True,True,20.0,1111111111,,a47be7464659f75e69ef6f7165a7b057a0fd433ed180af76723f9bb5e1576a82
SC-real-51200,S2,0,87,True,True,True,20.0,1111111111,,a47be7464659f75e69ef6f7165a7b057a0fd433ed180af76723f9bb5e1576a82
SC-real-51200,S2,0,88,True,True,True,20.0,1111111111,,a47be7464659f75e69ef6f7165a7b057a0fd433ed180af76723f9bb5e1576a82
SC-real-51200,S2,0,89,True,True,True,20.0,1111111111,,a47be7464659f75e69ef6f7165a7b057a0fd433ed180af76723f9bb5e1576a82
SC-real-51200,S2,0,90,True,True,True,20.0,1111111111,,a47be7464659f75e69ef6f7165a7b057a0fd433ed180af76723f9bb5e1576a82
SC-real-51200,S2,0,91,True,True,True,20.0,1111111111,,a47be7464659f75e69ef6f7165a7b057a0fd433ed180af76723f9bb5e1576a82
SC-real-51200,S2,0,92,True,True,True,20.0,1111111111,,a47be7464659f75e69ef6f7165a7b057a0fd433ed180af76723f9bb5e1576a82
SC-real-51200,S2,0,93,True,True,True,20.0,1111111111,,a47be7464659f75e69ef6f7165a7b057a0fd433ed180af76723f9bb5e1576a82
SC-real-51200,S2,0,94,True,True,True,20.0,1111111111,,a47be7464659f75e69ef6f7165a7b057a0fd433ed180af76723f9bb5e1576a82
SC-real-51200,S2,0,95,True,True,True,20.0,1111111111,,a47be7464659f75e69ef6f7165a7b057a0fd433ed180af76723f9bb5e1576a82
SC-real-51200,S2,0,96,True,True,True,20.0,1111111111,,a47be7464659f75e69ef6f7165a7b057a0fd433ed180af76723f9bb5e1576a82
SC-real-51200,S2,0,97,True,True,True,20.0,1111111111,,a47be7464659f75e69ef6f7165a7b057a0fd433ed180af76723f9bb5e1576a82
SC-real-51200,S2,0,98,True,True,True,20.0,1111111111,,a47be7464659f75e69ef6f7165a7b057a0fd433ed180af76723f9bb5e1576a82
SC-real-51200,S2,0,99,True,True,True,20.0,1111111111,,a47be7464659f75e69ef6f7165a7b057a0fd433ed180af76723f9bb5e1576a82
SC-real-51200,S2,0,100,True,True,True,20.0,1111111111,,a47be7464659f75e69ef6f7165a7b057a0fd433ed180af76723f9bb5e1576a82
SC-real-51200,S2,0,101,True,True,True,20.0,1111111111,,a47be7464659f75e69ef6f7165a7b057a0fd433ed180af76723f9bb5e1576a82
SC-real-51200,S2,0,102,True,True,True,20.0,1111111111,,a47be7464659f75e69ef6f7165a7b057a0fd433ed180af76723f9bb5e1576a82
SC-real-51200,S2,0,103,True,True,True,20.0,1111111111,,a47be7464659f75e69ef6f7165a7b057a0fd433ed180af76723f9bb5e1576a82
SC-real-51200,S2,0,104,True,True,True,20.0,1111111111,,a47be7464659f75e69ef6f7165a7b057a0fd433ed180af76723f9bb5e1576a82
SC-real-51200,S2,0,105,True,True,True,20.0,1111111111,,a47be7464659f75e69ef6f7165a7b057a0fd433ed180af76723f9bb5e1576a82
SC-real-51200,S2,0,106,True,True,True,20.0,1111111111,,a47be7464659f75e69ef6f7165a7b057a0fd433ed180af76723f9bb5e1576a82
SC-real-51200,S2,0,107,True,True,True,20.0,1111111111,,a47be7464659f75e69ef6f7165a7b057a0fd433ed180af76723f9bb5e1576a82
SC-real-51200,S2,0,108,True,True,True,20.0,1111111111,,a47be7464659f75e69ef6f7165a7b057a0fd433ed180af76723f9bb5e1576a82
SC-real-51200,S2,0,109,True,True,True,20.0,1111111111,,a47be7464659f75e69ef6f7165a7b057a0fd433ed180af76723f9bb5e1576a82
SC-real-51200,S2,0,110,True,True,True,20.0,1111111111,,a47be7464659f75e69ef6f7165a7b057a0fd433ed180af76723f9bb5e1576a82
SC-real-51200,S2,0,111,True,True,True,20.0,1111111111,,a47be7464659f75e69ef6f7165a7b057a0fd433ed180af76723f9bb5e1576a82
SC-real-51200,S2,0,112,True,True,True,20.0,1111111111,,a47be7464659f75e69ef6f7165a7b057a0fd433ed180af76723f9bb5e1576a82
SC-real-51200,S2,0,113,True,True,True,20.0,1111111111,,a47be7464659f75e69ef6f7165a7b057a0fd433ed180af76723f9bb5e1576a82
SC-real-51200,S2,0,114,False,True,True,20.0,1101111111,,a47be7464659f75e69ef6f7165a7b057a0fd433ed180af76723f9bb5e1576a82
SC-real-51200,S2,0,115,True,True,True,20.0,1111111111,,a47be7464659f75e69ef6f7165a7b057a0fd433ed180af76723f9bb5e1576a82
SC-real-51200,S2,0,116,True,True,True,20.0,1111111111,,a47be7464659f75e69ef6f7165a7b057a0fd433ed180af76723f9bb5e1576a82
SC-real-51200,S2,0,117,True,True,True,20.0,1111111111,,a47be7464659f75e69ef6f7165a7b057a0fd433ed180af76723f9bb5e1576a82
SC-real-51200,S2,0,118,True,True,True,20.0,1111111111,,a47be7464659f75e69ef6f7165a7b057a0fd433ed180af76723f9bb5e1576a82
SC-real-51200,S2,0,119,True,True,True,20.0,1111111111,,a47be7464659f75e69ef6f7165a7b057a0fd433ed180af76723f9bb5e1576a82
SC-real-51200,S2,0,120,True,True,True,20.0,1111111111,,a47be7464659f75e69ef6f7165a7b057a0fd433ed180af76723f9bb5e1576a82
SC-real-51200,S2,0,121,True,True,True,20.0,1111111111,,a47be7464659f75e69ef6f7165a7b057a0fd433ed180af76723f9bb5e1576a82
SC-real-51200,S2,0,122,True,True,True,20.0,1111111111,,a47be7464659f75e69ef6f7165a7b057a0fd433ed180af76723f9bb5e1576a82
SC-real-51200,S2,0,123,True,True,True,20.0,1111111111,,a47be7464659f75e69ef6f7165a7b057a0fd433ed180af76723f9bb5e1576a82
SC-real-51200,S2,0,124,True,True,True,20.0,1111111111,,a47be7464659f75e69ef6f7165a7b057a0fd433ed180af76723f9bb5e1576a82
SC-real-51200,S2,0,125,True,True,True,20.0,1111111111,,a47be7464659f75e69ef6f7165a7b057a0fd433ed180af76723f9bb5e1576a82
SC-real-51200,S2,0,126,True,True,True,20.0,1111111111,,a47be7464659f75e69ef6f7165a7b057a0fd433ed180af76723f9bb5e1576a82
SC-real-51200,S2,0,127,True,True,True,20.0,1111111111,,a47be7464659f75e69ef6f7165a7b057a0fd433ed180af76723f9bb5e1576a82
SC-real-51200,S2,1,0,False,True,True,20.0,1101111111,,a47be7464659f75e69ef6f7165a7b057a0fd433ed180af76723f9bb5e1576a82
SC-real-51200,S2,1,1,True,True,True,20.0,1111111111,,a47be7464659f75e69ef6f7165a7b057a0fd433ed180af76723f9bb5e1576a82
SC-real-51200,S2,1,2,True,True,True,20.0,1111111111,,a47be7464659f75e69ef6f7165a7b057a0fd433ed180af76723f9bb5e1576a82
SC-real-51200,S2,1,3,False,True,True,20.0,0111111111,,a47be7464659f75e69ef6f7165a7b057a0fd433ed180af76723f9bb5e1576a82
SC-real-51200,S2,1,4,True,True,True,20.0,1111111111,,a47be7464659f75e69ef6f7165a7b057a0fd433ed180af76723f9bb5e1576a82
SC-real-51200,S2,1,5,True,True,True,20.0,1111111111,,a47be7464659f75e69ef6f7165a7b057a0fd433ed180af76723f9bb5e1576a82
SC-real-51200,S2,1,6,True,True,True,20.0,1111111111,,a47be7464659f75e69ef6f7165a7b057a0fd433ed180af76723f9bb5e1576a82
SC-real-51200,S2,1,7,True,True,True,20.0,1111111111,,a47be7464659f75e69ef6f7165a7b057a0fd433ed180af76723f9bb5e1576a82
SC-real-51200,S2,1,8,True,True,True,20.0,1111111111,,a47be7464659f75e69ef6f7165a7b057a0fd433ed180af76723f9bb5e1576a82
SC-real-51200,S2,1,9,True,True,True,20.0,1111111111,,a47be7464659f75e69ef6f7165a7b057a0fd433ed180af76723f9bb5e1576a82
SC-real-51200,S2,1,10,True,True,True,20.0,1111111111,,a47be7464659f75e69ef6f7165a7b057a0fd433ed180af76723f9bb5e1576a82
SC-real-51200,S2,1,11,True,True,True,20.0,1111111111,,a47be7464659f75e69ef6f7165a7b057a0fd433ed180af76723f9bb5e1576a82
SC-real-51200,S2,1,12,True,True,True,20.0,1111111111,,a47be7464659f75e69ef6f7165a7b057a0fd433ed180af76723f9bb5e1576a82
SC-real-51200,S2,1,13,True,True,True,20.0,1111111111,,a47be7464659f75e69ef6f7165a7b057a0fd433ed180af76723f9bb5e1576a82
SC-real-51200,S2,1,14,True,True,True,20.0,1111111111,,a47be7464659f75e69ef6f7165a7b057a0fd433ed180af76723f9bb5e1576a82
SC-real-51200,S2,1,15,True,True,True,20.0,1111111111,,a47be7464659f75e69ef6f7165a7b057a0fd433ed180af76723f9bb5e1576a82
SC-real-51200,S2,1,16,True,True,True,20.0,1111111111,,a47be7464659f75e69ef6f7165a7b057a0fd433ed180af76723f9bb5e1576a82
SC-real-51200,S2,1,17,True,True,True,20.0,1111111111,,a47be7464659f75e69ef6f7165a7b057a0fd433ed180af76723f9bb5e1576a82
SC-real-51200,S2,1,18,True,True,True,20.0,1111111111,,a47be7464659f75e69ef6f7165a7b057a0fd433ed180af76723f9bb5e1576a82
SC-real-51200,S2,1,19,True,True,True,20.0,1111111111,,a47be7464659f75e69ef6f7165a7b057a0fd433ed180af76723f9bb5e1576a82
SC-real-51200,S2,1,20,True,True,True,20.0,1111111111,,a47be7464659f75e69ef6f7165a7b057a0fd433ed180af76723f9bb5e1576a82
SC-real-51200,S2,1,21,True,True,True,20.0,1111111111,,a47be7464659f75e69ef6f7165a7b057a0fd433ed180af76723f9bb5e1576a82
SC-real-51200,S2,1,22,True,True,True,20.0,1111111111,,a47be7464659f75e69ef6f7165a7b057a0fd433ed180af76723f9bb5e1576a82
SC-real-51200,S2,1,23,True,True,True,20.0,1111111111,,a47be7464659f75e69ef6f7165a7b057a0fd433ed180af76723f9bb5e1576a82
SC-real-51200,S2,1,24,True,True,True,20.0,1111111111,,a47be7464659f75e69ef6f7165a7b057a0fd433ed180af76723f9bb5e1576a82
SC-real-51200,S2,1,25,True,True,True,20.0,1111111111,,a47be7464659f75e69ef6f7165a7b057a0fd433ed180af76723f9bb5e1576a82
SC-real-51200,S2,1,26,True,True,True,20.0,1111111111,,a47be7464659f75e69ef6f7165a7b057a0fd433ed180af76723f9bb5e1576a82
SC-real-51200,S2,1,27,True,True,True,20.0,1111111111,,a47be7464659f75e69ef6f7165a7b057a0fd433ed180af76723f9bb5e1576a82
SC-real-51200,S2,1,28,True,True,True,20.0,1111111111,,a47be7464659f75e69ef6f7165a7b057a0fd433ed180af76723f9bb5e1576a82
SC-real-51200,S2,1,29,True,True,True,20.0,1111111111,,a47be7464659f75e69ef6f7165a7b057a0fd433ed180af76723f9bb5e1576a82
SC-real-51200,S2,1,30,True,True,True,20.0,1111111111,,a47be7464659f75e69ef6f7165a7b057a0fd433ed180af76723f9bb5e1576a82
SC-real-51200,S2,1,31,True,True,True,20.0,1111111111,,a47be7464659f75e69ef6f7165a7b057a0fd433ed180af76723f9bb5e1576a82
SC-real-51200,S2,1,32,True,True,True,20.0,1111111111,,a47be7464659f75e69ef6f7165a7b057a0fd433ed180af76723f9bb5e1576a82
SC-real-51200,S2,1,33,True,True,True,20.0,1111111111,,a47be7464659f75e69ef6f7165a7b057a0fd433ed180af76723f9bb5e1576a82
SC-real-51200,S2,1,34,True,True,True,20.0,1111111111,,a47be7464659f75e69ef6f7165a7b057a0fd433ed180af76723f9bb5e1576a82
SC-real-51200,S2,1,35,True,True,True,20.0,1111111111,,a47be7464659f75e69ef6f7165a7b057a0fd433ed180af76723f9bb5e1576a82
SC-real-51200,S2,1,36,True,True,True,20.0,1111111111,,a47be7464659f75e69ef6f7165a7b057a0fd433ed180af76723f9bb5e1576a82
SC-real-51200,S2,1,37,True,True,True,20.0,1111111111,,a47be7464659f75e69ef6f7165a7b057a0fd433ed180af76723f9bb5e1576a82
SC-real-51200,S2,1,38,True,True,True,20.0,1111111111,,a47be7464659f75e69ef6f7165a7b057a0fd433ed180af76723f9bb5e1576a82
SC-real-51200,S2,1,39,True,True,True,20.0,1111111111,,a47be7464659f75e69ef6f7165a7b057a0fd433ed180af76723f9bb5e1576a82
SC-real-51200,S2,1,40,True,True,True,20.0,1111111111,,a47be7464659f75e69ef6f7165a7b057a0fd433ed180af76723f9bb5e1576a82
SC-real-51200,S2,1,41,True,True,True,20.0,1111111111,,a47be7464659f75e69ef6f7165a7b057a0fd433ed180af76723f9bb5e1576a82
SC-real-51200,S2,1,42,True,True,True,20.0,1111111111,,a47be7464659f75e69ef6f7165a7b057a0fd433ed180af76723f9bb5e1576a82
SC-real-51200,S2,1,43,True,True,True,20.0,1111111111,,a47be7464659f75e69ef6f7165a7b057a0fd433ed180af76723f9bb5e1576a82
SC-real-51200,S2,1,44,True,True,True,20.0,1111111111,,a47be7464659f75e69ef6f7165a7b057a0fd433ed180af76723f9bb5e1576a82
SC-real-51200,S2,1,45,True,True,True,20.0,1111111111,,a47be7464659f75e69ef6f7165a7b057a0fd433ed180af76723f9bb5e1576a82
SC-real-51200,S2,1,46,True,True,True,20.0,1111111111,,a47be7464659f75e69ef6f7165a7b057a0fd433ed180af76723f9bb5e1576a82
SC-real-51200,S2,1,47,True,True,True,20.0,1111111111,,a47be7464659f75e69ef6f7165a7b057a0fd433ed180af76723f9bb5e1576a82
SC-real-51200,S2,1,48,False,False,True,14.133333333333333,1111111111,,a47be7464659f75e69ef6f7165a7b057a0fd433ed180af76723f9bb5e1576a82
SC-real-51200,S2,1,49,False,True,True,20.0,1111111101,,a47be7464659f75e69ef6f7165a7b057a0fd433ed180af76723f9bb5e1576a82
SC-real-51200,S2,1,50,True,True,True,20.0,1111111111,,a47be7464659f75e69ef6f7165a7b057a0fd433ed180af76723f9bb5e1576a82
SC-real-51200,S2,1,51,True,True,True,20.0,1111111111,,a47be7464659f75e69ef6f7165a7b057a0fd433ed180af76723f9bb5e1576a82
SC-real-51200,S2,1,52,True,True,True,20.0,1111111111,,a47be7464659f75e69ef6f7165a7b057a0fd433ed180af76723f9bb5e1576a82
SC-real-51200,S2,1,53,True,True,True,20.0,1111111111,,a47be7464659f75e69ef6f7165a7b057a0fd433ed180af76723f9bb5e1576a82
SC-real-51200,S2,1,54,True,True,True,20.0,1111111111,,a47be7464659f75e69ef6f7165a7b057a0fd433ed180af76723f9bb5e1576a82
SC-real-51200,S2,1,55,False,True,True,20.0,0111111111,,a47be7464659f75e69ef6f7165a7b057a0fd433ed180af76723f9bb5e1576a82
SC-real-51200,S2,1,56,True,True,True,20.0,1111111111,,a47be7464659f75e69ef6f7165a7b057a0fd433ed180af76723f9bb5e1576a82
SC-real-51200,S2,1,57,True,True,True,20.0,1111111111,,a47be7464659f75e69ef6f7165a7b057a0fd433ed180af76723f9bb5e1576a82
SC-real-51200,S2,1,58,True,True,True,20.0,1111111111,,a47be7464659f75e69ef6f7165a7b057a0fd433ed180af76723f9bb5e1576a82
SC-real-51200,S2,1,59,True,True,True,20.0,1111111111,,a47be7464659f75e69ef6f7165a7b057a0fd433ed180af76723f9bb5e1576a82
SC-real-51200,S2,1,60,True,True,True,20.0,1111111111,,a47be7464659f75e69ef6f7165a7b057a0fd433ed180af76723f9bb5e1576a82
SC-real-51200,S2,1,61,True,True,True,20.0,1111111111,,a47be7464659f75e69ef6f7165a7b057a0fd433ed180af76723f9bb5e1576a82
SC-real-51200,S2,1,62,True,True,True,20.0,1111111111,,a47be7464659f75e69ef6f7165a7b057a0fd433ed180af76723f9bb5e1576a82
SC-real-51200,S2,1,63,True,True,True,20.0,1111111111,,a47be7464659f75e69ef6f7165a7b057a0fd433ed180af76723f9bb5e1576a82
SC-real-51200,S2,1,64,True,True,True,20.0,1111111111,,a47be7464659f75e69ef6f7165a7b057a0fd433ed180af76723f9bb5e1576a82
SC-real-51200,S2,1,65,True,True,True,20.0,1111111111,,a47be7464659f75e69ef6f7165a7b057a0fd433ed180af76723f9bb5e1576a82
SC-real-51200,S2,1,66,True,True,True,20.0,1111111111,,a47be7464659f75e69ef6f7165a7b057a0fd433ed180af76723f9bb5e1576a82
SC-real-51200,S2,1,67,True,True,True,20.0,1111111111,,a47be7464659f75e69ef6f7165a7b057a0fd433ed180af76723f9bb5e1576a82
SC-real-51200,S2,1,68,True,True,True,20.0,1111111111,,a47be7464659f75e69ef6f7165a7b057a0fd433ed180af76723f9bb5e1576a82
SC-real-51200,S2,1,69,True,True,True,20.0,1111111111,,a47be7464659f75e69ef6f7165a7b057a0fd433ed180af76723f9bb5e1576a82
SC-real-51200,S2,1,70,True,True,True,20.0,1111111111,,a47be7464659f75e69ef6f7165a7b057a0fd433ed180af76723f9bb5e1576a82
SC-real-51200,S2,1,71,True,True,True,20.0,1111111111,,a47be7464659f75e69ef6f7165a7b057a0fd433ed180af76723f9bb5e1576a82
SC-real-51200,S2,1,72,True,True,True,20.0,1111111111,,a47be7464659f75e69ef6f7165a7b057a0fd433ed180af76723f9bb5e1576a82
SC-real-51200,S2,1,73,True,True,True,20.0,1111111111,,a47be7464659f75e69ef6f7165a7b057a0fd433ed180af76723f9bb5e1576a82
SC-real-51200,S2,1,74,True,True,True,20.0,1111111111,,a47be7464659f75e69ef6f7165a7b057a0fd433ed180af76723f9bb5e1576a82
SC-real-51200,S2,1,75,True,True,True,20.0,1111111111,,a47be7464659f75e69ef6f7165a7b057a0fd433ed180af76723f9bb5e1576a82
SC-real-51200,S2,1,76,True,True,True,20.0,1111111111,,a47be7464659f75e69ef6f7165a7b057a0fd433ed180af76723f9bb5e1576a82
SC-real-51200,S2,1,77,True,True,True,20.0,1111111111,,a47be7464659f75e69ef6f7165a7b057a0fd433ed180af76723f9bb5e1576a82
SC-real-51200,S2,1,78,True,True,True,20.0,1111111111,,a47be7464659f75e69ef6f7165a7b057a0fd433ed180af76723f9bb5e1576a82
SC-real-51200,S2,1,79,True,True,True,20.0,1111111111,,a47be7464659f75e69ef6f7165a7b057a0fd433ed180af76723f9bb5e1576a82
SC-real-51200,S2,1,80,True,True,True,20.0,1111111111,,a47be7464659f75e69ef6f7165a7b057a0fd433ed180af76723f9bb5e1576a82
SC-real-51200,S2,1,81,True,True,True,20.0,1111111111,,a47be7464659f75e69ef6f7165a7b057a0fd433ed180af76723f9bb5e1576a82
SC-real-51200,S2,1,82,True,True,True,20.0,1111111111,,a47be7464659f75e69ef6f7165a7b057a0fd433ed180af76723f9bb5e1576a82
SC-real-51200,S2,1,83,True,True,True,20.0,1111111111,,a47be7464659f75e69ef6f7165a7b057a0fd433ed180af76723f9bb5e1576a82
SC-real-51200,S2,1,84,True,True,True,20.0,1111111111,,a47be7464659f75e69ef6f7165a7b057a0fd433ed180af76723f9bb5e1576a82
SC-real-51200,S2,1,85,False,True,True,20.0,0111111111,,a47be7464659f75e69ef6f7165a7b057a0fd433ed180af76723f9bb5e1576a82
SC-real-51200,S2,1,86,True,True,True,20.0,1111111111,,a47be7464659f75e69ef6f7165a7b057a0fd433ed180af76723f9bb5e1576a82
SC-real-51200,S2,1,87,True,True,True,20.0,1111111111,,a47be7464659f75e69ef6f7165a7b057a0fd433ed180af76723f9bb5e1576a82
SC-real-51200,S2,1,88,True,True,True,20.0,1111111111,,a47be7464659f75e69ef6f7165a7b057a0fd433ed180af76723f9bb5e1576a82
SC-real-51200,S2,1,89,True,True,True,20.0,1111111111,,a47be7464659f75e69ef6f7165a7b057a0fd433ed180af76723f9bb5e1576a82
SC-real-51200,S2,1,90,True,True,True,20.0,1111111111,,a47be7464659f75e69ef6f7165a7b057a0fd433ed180af76723f9bb5e1576a82
SC-real-51200,S2,1,91,True,True,True,20.0,1111111111,,a47be7464659f75e69ef6f7165a7b057a0fd433ed180af76723f9bb5e1576a82
SC-real-51200,S2,1,92,True,True,True,20.0,1111111111,,a47be7464659f75e69ef6f7165a7b057a0fd433ed180af76723f9bb5e1576a82
SC-real-51200,S2,1,93,True,True,True,20.0,1111111111,,a47be7464659f75e69ef6f7165a7b057a0fd433ed180af76723f9bb5e1576a82
SC-real-51200,S2,1,94,True,True,True,20.0,1111111111,,a47be7464659f75e69ef6f7165a7b057a0fd433ed180af76723f9bb5e1576a82
SC-real-51200,S2,1,95,True,True,True,20.0,1111111111,,a47be7464659f75e69ef6f7165a7b057a0fd433ed180af76723f9bb5e1576a82
SC-real-51200,S2,1,96,True,True,True,20.0,1111111111,,a47be7464659f75e69ef6f7165a7b057a0fd433ed180af76723f9bb5e1576a82
SC-real-51200,S2,1,97,True,True,True,20.0,1111111111,,a47be7464659f75e69ef6f7165a7b057a0fd433ed180af76723f9bb5e1576a82
SC-real-51200,S2,1,98,True,True,True,20.0,1111111111,,a47be7464659f75e69ef6f7165a7b057a0fd433ed180af76723f9bb5e1576a82
SC-real-51200,S2,1,99,True,True,True,20.0,1111111111,,a47be7464659f75e69ef6f7165a7b057a0fd433ed180af76723f9bb5e1576a82
SC-real-51200,S2,1,100,True,True,True,20.0,1111111111,,a47be7464659f75e69ef6f7165a7b057a0fd433ed180af76723f9bb5e1576a82
SC-real-51200,S2,1,101,True,True,True,20.0,1111111111,,a47be7464659f75e69ef6f7165a7b057a0fd433ed180af76723f9bb5e1576a82
SC-real-51200,S2,1,102,True,True,True,20.0,1111111111,,a47be7464659f75e69ef6f7165a7b057a0fd433ed180af76723f9bb5e1576a82
SC-real-51200,S2,1,103,True,True,True,20.0,1111111111,,a47be7464659f75e69ef6f7165a7b057a0fd433ed180af76723f9bb5e1576a82
SC-real-51200,S2,1,104,True,True,True,20.0,1111111111,,a47be7464659f75e69ef6f7165a7b057a0fd433ed180af76723f9bb5e1576a82
SC-real-51200,S2,1,105,True,True,True,20.0,1111111111,,a47be7464659f75e69ef6f7165a7b057a0fd433ed180af76723f9bb5e1576a82
SC-real-51200,S2,1,106,True,True,True,20.0,1111111111,,a47be7464659f75e69ef6f7165a7b057a0fd433ed180af76723f9bb5e1576a82
SC-real-51200,S2,1,107,False,True,True,20.0,0111111111,,a47be7464659f75e69ef6f7165a7b057a0fd433ed180af76723f9bb5e1576a82
SC-real-51200,S2,1,108,True,True,True,20.0,1111111111,,a47be7464659f75e69ef6f7165a7b057a0fd433ed180af76723f9bb5e1576a82
SC-real-51200,S2,1,109,True,True,True,20.0,1111111111,,a47be7464659f75e69ef6f7165a7b057a0fd433ed180af76723f9bb5e1576a82
SC-real-51200,S2,1,110,False,True,True,20.0,1111010111,,a47be7464659f75e69ef6f7165a7b057a0fd433ed180af76723f9bb5e1576a82
SC-real-51200,S2,1,111,False,True,True,20.0,0111010101,,a47be7464659f75e69ef6f7165a7b057a0fd433ed180af76723f9bb5e1576a82
SC-real-51200,S2,1,112,True,True,True,20.0,1111111111,,a47be7464659f75e69ef6f7165a7b057a0fd433ed180af76723f9bb5e1576a82
SC-real-51200,S2,1,113,True,True,True,20.0,1111111111,,a47be7464659f75e69ef6f7165a7b057a0fd433ed180af76723f9bb5e1576a82
SC-real-51200,S2,1,114,True,True,True,20.0,1111111111,,a47be7464659f75e69ef6f7165a7b057a0fd433ed180af76723f9bb5e1576a82
SC-real-51200,S2,1,115,True,True,True,20.0,1111111111,,a47be7464659f75e69ef6f7165a7b057a0fd433ed180af76723f9bb5e1576a82
SC-real-51200,S2,1,116,True,True,True,20.0,1111111111,,a47be7464659f75e69ef6f7165a7b057a0fd433ed180af76723f9bb5e1576a82
SC-real-51200,S2,1,117,True,True,True,20.0,1111111111,,a47be7464659f75e69ef6f7165a7b057a0fd433ed180af76723f9bb5e1576a82
SC-real-51200,S2,1,118,True,True,True,20.0,1111111111,,a47be7464659f75e69ef6f7165a7b057a0fd433ed180af76723f9bb5e1576a82
SC-real-51200,S2,1,119,True,True,True,20.0,1111111111,,a47be7464659f75e69ef6f7165a7b057a0fd433ed180af76723f9bb5e1576a82
SC-real-51200,S2,1,120,True,True,True,20.0,1111111111,,a47be7464659f75e69ef6f7165a7b057a0fd433ed180af76723f9bb5e1576a82
SC-real-51200,S2,1,121,True,True,True,20.0,1111111111,,a47be7464659f75e69ef6f7165a7b057a0fd433ed180af76723f9bb5e1576a82
SC-real-51200,S2,1,122,True,True,True,20.0,1111111111,,a47be7464659f75e69ef6f7165a7b057a0fd433ed180af76723f9bb5e1576a82
SC-real-51200,S2,1,123,True,True,True,20.0,1111111111,,a47be7464659f75e69ef6f7165a7b057a0fd433ed180af76723f9bb5e1576a82
SC-real-51200,S2,1,124,True,True,True,20.0,1111111111,,a47be7464659f75e69ef6f7165a7b057a0fd433ed180af76723f9bb5e1576a82
SC-real-51200,S2,1,125,True,True,True,20.0,1111111111,,a47be7464659f75e69ef6f7165a7b057a0fd433ed180af76723f9bb5e1576a82
SC-real-51200,S2,1,126,True,True,True,20.0,1111111111,,a47be7464659f75e69ef6f7165a7b057a0fd433ed180af76723f9bb5e1576a82
SC-real-51200,S2,1,127,True,True,True,20.0,1111111111,,a47be7464659f75e69ef6f7165a7b057a0fd433ed180af76723f9bb5e1576a82
SC-real-51200,S2,2,0,True,True,True,20.0,1111111111,,a47be7464659f75e69ef6f7165a7b057a0fd433ed180af76723f9bb5e1576a82
SC-real-51200,S2,2,1,True,True,True,20.0,1111111111,,a47be7464659f75e69ef6f7165a7b057a0fd433ed180af76723f9bb5e1576a82
SC-real-51200,S2,2,2,True,True,True,20.0,1111111111,,a47be7464659f75e69ef6f7165a7b057a0fd433ed180af76723f9bb5e1576a82
SC-real-51200,S2,2,3,True,True,True,20.0,1111111111,,a47be7464659f75e69ef6f7165a7b057a0fd433ed180af76723f9bb5e1576a82
SC-real-51200,S2,2,4,True,True,True,20.0,1111111111,,a47be7464659f75e69ef6f7165a7b057a0fd433ed180af76723f9bb5e1576a82
SC-real-51200,S2,2,5,True,True,True,20.0,1111111111,,a47be7464659f75e69ef6f7165a7b057a0fd433ed180af76723f9bb5e1576a82
SC-real-51200,S2,2,6,True,True,True,20.0,1111111111,,a47be7464659f75e69ef6f7165a7b057a0fd433ed180af76723f9bb5e1576a82
SC-real-51200,S2,2,7,True,True,True,20.0,1111111111,,a47be7464659f75e69ef6f7165a7b057a0fd433ed180af76723f9bb5e1576a82
SC-real-51200,S2,2,8,True,True,True,20.0,1111111111,,a47be7464659f75e69ef6f7165a7b057a0fd433ed180af76723f9bb5e1576a82
SC-real-51200,S2,2,9,True,True,True,20.0,1111111111,,a47be7464659f75e69ef6f7165a7b057a0fd433ed180af76723f9bb5e1576a82
SC-real-51200,S2,2,10,True,True,True,20.0,1111111111,,a47be7464659f75e69ef6f7165a7b057a0fd433ed180af76723f9bb5e1576a82
SC-real-51200,S2,2,11,True,True,True,20.0,1111111111,,a47be7464659f75e69ef6f7165a7b057a0fd433ed180af76723f9bb5e1576a82
SC-real-51200,S2,2,12,False,True,True,20.0,1101010101,,a47be7464659f75e69ef6f7165a7b057a0fd433ed180af76723f9bb5e1576a82
SC-real-51200,S2,2,13,False,True,True,20.0,1111110101,,a47be7464659f75e69ef6f7165a7b057a0fd433ed180af76723f9bb5e1576a82
SC-real-51200,S2,2,14,True,True,True,20.0,1111111111,,a47be7464659f75e69ef6f7165a7b057a0fd433ed180af76723f9bb5e1576a82
SC-real-51200,S2,2,15,True,True,True,20.0,1111111111,,a47be7464659f75e69ef6f7165a7b057a0fd433ed180af76723f9bb5e1576a82
SC-real-51200,S2,2,16,True,True,True,20.0,1111111111,,a47be7464659f75e69ef6f7165a7b057a0fd433ed180af76723f9bb5e1576a82
SC-real-51200,S2,2,17,True,True,True,20.0,1111111111,,a47be7464659f75e69ef6f7165a7b057a0fd433ed180af76723f9bb5e1576a82
SC-real-51200,S2,2,18,True,True,True,20.0,1111111111,,a47be7464659f75e69ef6f7165a7b057a0fd433ed180af76723f9bb5e1576a82
SC-real-51200,S2,2,19,False,True,True,20.0,0111111111,,a47be7464659f75e69ef6f7165a7b057a0fd433ed180af76723f9bb5e1576a82
SC-real-51200,S2,2,20,True,True,True,20.0,1111111111,,a47be7464659f75e69ef6f7165a7b057a0fd433ed180af76723f9bb5e1576a82
SC-real-51200,S2,2,21,True,True,True,20.0,1111111111,,a47be7464659f75e69ef6f7165a7b057a0fd433ed180af76723f9bb5e1576a82
SC-real-51200,S2,2,22,False,True,True,20.0,1111111101,,a47be7464659f75e69ef6f7165a7b057a0fd433ed180af76723f9bb5e1576a82
SC-real-51200,S2,2,23,True,True,True,20.0,1111111111,,a47be7464659f75e69ef6f7165a7b057a0fd433ed180af76723f9bb5e1576a82
SC-real-51200,S2,2,24,True,True,True,20.0,1111111111,,a47be7464659f75e69ef6f7165a7b057a0fd433ed180af76723f9bb5e1576a82
SC-real-51200,S2,2,25,True,True,True,20.0,1111111111,,a47be7464659f75e69ef6f7165a7b057a0fd433ed180af76723f9bb5e1576a82
SC-real-51200,S2,2,26,True,True,True,20.0,1111111111,,a47be7464659f75e69ef6f7165a7b057a0fd433ed180af76723f9bb5e1576a82
SC-real-51200,S2,2,27,True,True,True,20.0,1111111111,,a47be7464659f75e69ef6f7165a7b057a0fd433ed180af76723f9bb5e1576a82
SC-real-51200,S2,2,28,True,True,True,20.0,1111111111,,a47be7464659f75e69ef6f7165a7b057a0fd433ed180af76723f9bb5e1576a82
SC-real-51200,S2,2,29,True,True,True,20.0,1111111111,,a47be7464659f75e69ef6f7165a7b057a0fd433ed180af76723f9bb5e1576a82
SC-real-51200,S2,2,30,True,True,True,20.0,1111111111,,a47be7464659f75e69ef6f7165a7b057a0fd433ed180af76723f9bb5e1576a82
SC-real-51200,S2,2,31,True,True,True,20.0,1111111111,,a47be7464659f75e69ef6f7165a7b057a0fd433ed180af76723f9bb5e1576a82
SC-real-51200,S2,2,32,True,True,True,20.0,1111111111,,a47be7464659f75e69ef6f7165a7b057a0fd433ed180af76723f9bb5e1576a82
SC-real-51200,S2,2,33,True,True,True,20.0,1111111111,,a47be7464659f75e69ef6f7165a7b057a0fd433ed180af76723f9bb5e1576a82
SC-real-51200,S2,2,34,True,True,True,20.0,1111111111,,a47be7464659f75e69ef6f7165a7b057a0fd433ed180af76723f9bb5e1576a82
SC-real-51200,S2,2,35,True,True,True,20.0,1111111111,,a47be7464659f75e69ef6f7165a7b057a0fd433ed180af76723f9bb5e1576a82
SC-real-51200,S2,2,36,True,True,True,20.0,1111111111,,a47be7464659f75e69ef6f7165a7b057a0fd433ed180af76723f9bb5e1576a82
SC-real-51200,S2,2,37,True,True,True,20.0,1111111111,,a47be7464659f75e69ef6f7165a7b057a0fd433ed180af76723f9bb5e1576a82
SC-real-51200,S2,2,38,True,True,True,20.0,1111111111,,a47be7464659f75e69ef6f7165a7b057a0fd433ed180af76723f9bb5e1576a82
SC-real-51200,S2,2,39,True,True,True,20.0,1111111111,,a47be7464659f75e69ef6f7165a7b057a0fd433ed180af76723f9bb5e1576a82
SC-real-51200,S2,2,40,True,True,True,20.0,1111111111,,a47be7464659f75e69ef6f7165a7b057a0fd433ed180af76723f9bb5e1576a82
SC-real-51200,S2,2,41,True,True,True,20.0,1111111111,,a47be7464659f75e69ef6f7165a7b057a0fd433ed180af76723f9bb5e1576a82
SC-real-51200,S2,2,42,True,True,True,20.0,1111111111,,a47be7464659f75e69ef6f7165a7b057a0fd433ed180af76723f9bb5e1576a82
SC-real-51200,S2,2,43,True,True,True,20.0,1111111111,,a47be7464659f75e69ef6f7165a7b057a0fd433ed180af76723f9bb5e1576a82
SC-real-51200,S2,2,44,False,True,True,20.0,1111111101,,a47be7464659f75e69ef6f7165a7b057a0fd433ed180af76723f9bb5e1576a82
SC-real-51200,S2,2,45,False,True,True,20.0,1111110101,,a47be7464659f75e69ef6f7165a7b057a0fd433ed180af76723f9bb5e1576a82
SC-real-51200,S2,2,46,True,True,True,20.0,1111111111,,a47be7464659f75e69ef6f7165a7b057a0fd433ed180af76723f9bb5e1576a82
SC-real-51200,S2,2,47,True,True,True,20.0,1111111111,,a47be7464659f75e69ef6f7165a7b057a0fd433ed180af76723f9bb5e1576a82
SC-real-51200,S2,2,48,True,True,True,20.0,1111111111,,a47be7464659f75e69ef6f7165a7b057a0fd433ed180af76723f9bb5e1576a82
SC-real-51200,S2,2,49,True,True,True,20.0,1111111111,,a47be7464659f75e69ef6f7165a7b057a0fd433ed180af76723f9bb5e1576a82
SC-real-51200,S2,2,50,True,True,True,20.0,1111111111,,a47be7464659f75e69ef6f7165a7b057a0fd433ed180af76723f9bb5e1576a82
SC-real-51200,S2,2,51,True,True,True,20.0,1111111111,,a47be7464659f75e69ef6f7165a7b057a0fd433ed180af76723f9bb5e1576a82
SC-real-51200,S2,2,52,True,True,True,20.0,1111111111,,a47be7464659f75e69ef6f7165a7b057a0fd433ed180af76723f9bb5e1576a82
SC-real-51200,S2,2,53,True,True,True,20.0,1111111111,,a47be7464659f75e69ef6f7165a7b057a0fd433ed180af76723f9bb5e1576a82
SC-real-51200,S2,2,54,True,True,True,20.0,1111111111,,a47be7464659f75e69ef6f7165a7b057a0fd433ed180af76723f9bb5e1576a82
SC-real-51200,S2,2,55,True,True,True,20.0,1111111111,,a47be7464659f75e69ef6f7165a7b057a0fd433ed180af76723f9bb5e1576a82
SC-real-51200,S2,2,56,True,True,True,20.0,1111111111,,a47be7464659f75e69ef6f7165a7b057a0fd433ed180af76723f9bb5e1576a82
SC-real-51200,S2,2,57,True,True,True,20.0,1111111111,,a47be7464659f75e69ef6f7165a7b057a0fd433ed180af76723f9bb5e1576a82
SC-real-51200,S2,2,58,True,True,True,20.0,1111111111,,a47be7464659f75e69ef6f7165a7b057a0fd433ed180af76723f9bb5e1576a82
SC-real-51200,S2,2,59,True,True,True,20.0,1111111111,,a47be7464659f75e69ef6f7165a7b057a0fd433ed180af76723f9bb5e1576a82
SC-real-51200,S2,2,60,True,True,True,20.0,1111111111,,a47be7464659f75e69ef6f7165a7b057a0fd433ed180af76723f9bb5e1576a82
SC-real-51200,S2,2,61,True,True,True,20.0,1111111111,,a47be7464659f75e69ef6f7165a7b057a0fd433ed180af76723f9bb5e1576a82
SC-real-51200,S2,2,62,True,True,True,20.0,1111111111,,a47be7464659f75e69ef6f7165a7b057a0fd433ed180af76723f9bb5e1576a82
SC-real-51200,S2,2,63,True,True,True,20.0,1111111111,,a47be7464659f75e69ef6f7165a7b057a0fd433ed180af76723f9bb5e1576a82
SC-real-51200,S2,2,64,True,True,True,20.0,1111111111,,a47be7464659f75e69ef6f7165a7b057a0fd433ed180af76723f9bb5e1576a82
SC-real-51200,S2,2,65,True,True,True,20.0,1111111111,,a47be7464659f75e69ef6f7165a7b057a0fd433ed180af76723f9bb5e1576a82
SC-real-51200,S2,2,66,True,True,True,20.0,1111111111,,a47be7464659f75e69ef6f7165a7b057a0fd433ed180af76723f9bb5e1576a82
SC-real-51200,S2,2,67,True,True,True,20.0,1111111111,,a47be7464659f75e69ef6f7165a7b057a0fd433ed180af76723f9bb5e1576a82
SC-real-51200,S2,2,68,True,True,True,20.0,1111111111,,a47be7464659f75e69ef6f7165a7b057a0fd433ed180af76723f9bb5e1576a82
SC-real-51200,S2,2,69,True,True,True,20.0,1111111111,,a47be7464659f75e69ef6f7165a7b057a0fd433ed180af76723f9bb5e1576a82
SC-real-51200,S2,2,70,True,True,True,20.0,1111111111,,a47be7464659f75e69ef6f7165a7b057a0fd433ed180af76723f9bb5e1576a82
SC-real-51200,S2,2,71,True,True,True,20.0,1111111111,,a47be7464659f75e69ef6f7165a7b057a0fd433ed180af76723f9bb5e1576a82
SC-real-51200,S2,2,72,True,True,True,20.0,1111111111,,a47be7464659f75e69ef6f7165a7b057a0fd433ed180af76723f9bb5e1576a82
SC-real-51200,S2,2,73,True,True,True,20.0,1111111111,,a47be7464659f75e69ef6f7165a7b057a0fd433ed180af76723f9bb5e1576a82
SC-real-51200,S2,2,74,False,True,True,20.0,0111010101,,a47be7464659f75e69ef6f7165a7b057a0fd433ed180af76723f9bb5e1576a82
SC-real-51200,S2,2,75,True,True,True,20.0,1111111111,,a47be7464659f75e69ef6f7165a7b057a0fd433ed180af76723f9bb5e1576a82
SC-real-51200,S2,2,76,True,True,True,20.0,1111111111,,a47be7464659f75e69ef6f7165a7b057a0fd433ed180af76723f9bb5e1576a82
SC-real-51200,S2,2,77,True,True,True,20.0,1111111111,,a47be7464659f75e69ef6f7165a7b057a0fd433ed180af76723f9bb5e1576a82
SC-real-51200,S2,2,78,True,True,True,20.0,1111111111,,a47be7464659f75e69ef6f7165a7b057a0fd433ed180af76723f9bb5e1576a82
SC-real-51200,S2,2,79,True,True,True,20.0,1111111111,,a47be7464659f75e69ef6f7165a7b057a0fd433ed180af76723f9bb5e1576a82
SC-real-51200,S2,2,80,True,True,True,20.0,1111111111,,a47be7464659f75e69ef6f7165a7b057a0fd433ed180af76723f9bb5e1576a82
SC-real-51200,S2,2,81,True,True,True,20.0,1111111111,,a47be7464659f75e69ef6f7165a7b057a0fd433ed180af76723f9bb5e1576a82
SC-real-51200,S2,2,82,True,True,True,20.0,1111111111,,a47be7464659f75e69ef6f7165a7b057a0fd433ed180af76723f9bb5e1576a82
SC-real-51200,S2,2,83,True,True,True,20.0,1111111111,,a47be7464659f75e69ef6f7165a7b057a0fd433ed180af76723f9bb5e1576a82
SC-real-51200,S2,2,84,True,True,True,20.0,1111111111,,a47be7464659f75e69ef6f7165a7b057a0fd433ed180af76723f9bb5e1576a82
SC-real-51200,S2,2,85,True,True,True,20.0,1111111111,,a47be7464659f75e69ef6f7165a7b057a0fd433ed180af76723f9bb5e1576a82
SC-real-51200,S2,2,86,True,True,True,20.0,1111111111,,a47be7464659f75e69ef6f7165a7b057a0fd433ed180af76723f9bb5e1576a82
SC-real-51200,S2,2,87,True,True,True,20.0,1111111111,,a47be7464659f75e69ef6f7165a7b057a0fd433ed180af76723f9bb5e1576a82
SC-real-51200,S2,2,88,False,True,True,20.0,1111010101,,a47be7464659f75e69ef6f7165a7b057a0fd433ed180af76723f9bb5e1576a82
SC-real-51200,S2,2,89,True,True,True,20.0,1111111111,,a47be7464659f75e69ef6f7165a7b057a0fd433ed180af76723f9bb5e1576a82
SC-real-51200,S2,2,90,False,True,True,20.0,1111110101,,a47be7464659f75e69ef6f7165a7b057a0fd433ed180af76723f9bb5e1576a82
SC-real-51200,S2,2,91,True,True,True,20.0,1111111111,,a47be7464659f75e69ef6f7165a7b057a0fd433ed180af76723f9bb5e1576a82
SC-real-51200,S2,2,92,True,True,True,20.0,1111111111,,a47be7464659f75e69ef6f7165a7b057a0fd433ed180af76723f9bb5e1576a82
SC-real-51200,S2,2,93,True,True,True,20.0,1111111111,,a47be7464659f75e69ef6f7165a7b057a0fd433ed180af76723f9bb5e1576a82
SC-real-51200,S2,2,94,True,True,True,20.0,1111111111,,a47be7464659f75e69ef6f7165a7b057a0fd433ed180af76723f9bb5e1576a82
SC-real-51200,S2,2,95,True,True,True,20.0,1111111111,,a47be7464659f75e69ef6f7165a7b057a0fd433ed180af76723f9bb5e1576a82
SC-real-51200,S2,2,96,True,True,True,20.0,1111111111,,a47be7464659f75e69ef6f7165a7b057a0fd433ed180af76723f9bb5e1576a82
SC-real-51200,S2,2,97,True,True,True,20.0,1111111111,,a47be7464659f75e69ef6f7165a7b057a0fd433ed180af76723f9bb5e1576a82
SC-real-51200,S2,2,98,True,True,True,20.0,1111111111,,a47be7464659f75e69ef6f7165a7b057a0fd433ed180af76723f9bb5e1576a82
SC-real-51200,S2,2,99,True,True,True,20.0,1111111111,,a47be7464659f75e69ef6f7165a7b057a0fd433ed180af76723f9bb5e1576a82
SC-real-51200,S2,2,100,False,True,True,20.0,1111111101,,a47be7464659f75e69ef6f7165a7b057a0fd433ed180af76723f9bb5e1576a82
SC-real-51200,S2,2,101,True,True,True,20.0,1111111111,,a47be7464659f75e69ef6f7165a7b057a0fd433ed180af76723f9bb5e1576a82
SC-real-51200,S2,2,102,True,True,True,20.0,1111111111,,a47be7464659f75e69ef6f7165a7b057a0fd433ed180af76723f9bb5e1576a82
SC-real-51200,S2,2,103,True,True,True,20.0,1111111111,,a47be7464659f75e69ef6f7165a7b057a0fd433ed180af76723f9bb5e1576a82
SC-real-51200,S2,2,104,True,True,True,20.0,1111111111,,a47be7464659f75e69ef6f7165a7b057a0fd433ed180af76723f9bb5e1576a82
SC-real-51200,S2,2,105,True,True,True,20.0,1111111111,,a47be7464659f75e69ef6f7165a7b057a0fd433ed180af76723f9bb5e1576a82
SC-real-51200,S2,2,106,True,True,True,20.0,1111111111,,a47be7464659f75e69ef6f7165a7b057a0fd433ed180af76723f9bb5e1576a82
SC-real-51200,S2,2,107,True,True,True,20.0,1111111111,,a47be7464659f75e69ef6f7165a7b057a0fd433ed180af76723f9bb5e1576a82
SC-real-51200,S2,2,108,True,True,True,20.0,1111111111,,a47be7464659f75e69ef6f7165a7b057a0fd433ed180af76723f9bb5e1576a82
SC-real-51200,S2,2,109,True,True,True,20.0,1111111111,,a47be7464659f75e69ef6f7165a7b057a0fd433ed180af76723f9bb5e1576a82
SC-real-51200,S2,2,110,True,True,True,20.0,1111111111,,a47be7464659f75e69ef6f7165a7b057a0fd433ed180af76723f9bb5e1576a82
SC-real-51200,S2,2,111,False,True,True,20.0,1111110111,,a47be7464659f75e69ef6f7165a7b057a0fd433ed180af76723f9bb5e1576a82
SC-real-51200,S2,2,112,True,True,True,20.0,1111111111,,a47be7464659f75e69ef6f7165a7b057a0fd433ed180af76723f9bb5e1576a82
SC-real-51200,S2,2,113,True,True,True,20.0,1111111111,,a47be7464659f75e69ef6f7165a7b057a0fd433ed180af76723f9bb5e1576a82
SC-real-51200,S2,2,114,False,True,True,20.0,0101111111,,a47be7464659f75e69ef6f7165a7b057a0fd433ed180af76723f9bb5e1576a82
SC-real-51200,S2,2,115,True,True,True,20.0,1111111111,,a47be7464659f75e69ef6f7165a7b057a0fd433ed180af76723f9bb5e1576a82
SC-real-51200,S2,2,116,True,True,True,20.0,1111111111,,a47be7464659f75e69ef6f7165a7b057a0fd433ed180af76723f9bb5e1576a82
SC-real-51200,S2,2,117,True,True,True,20.0,1111111111,,a47be7464659f75e69ef6f7165a7b057a0fd433ed180af76723f9bb5e1576a82
SC-real-51200,S2,2,118,True,True,True,20.0,1111111111,,a47be7464659f75e69ef6f7165a7b057a0fd433ed180af76723f9bb5e1576a82
SC-real-51200,S2,2,119,True,True,True,20.0,1111111111,,a47be7464659f75e69ef6f7165a7b057a0fd433ed180af76723f9bb5e1576a82
SC-real-51200,S2,2,120,True,True,True,20.0,1111111111,,a47be7464659f75e69ef6f7165a7b057a0fd433ed180af76723f9bb5e1576a82
SC-real-51200,S2,2,121,True,True,True,20.0,1111111111,,a47be7464659f75e69ef6f7165a7b057a0fd433ed180af76723f9bb5e1576a82
SC-real-51200,S2,2,122,True,True,True,20.0,1111111111,,a47be7464659f75e69ef6f7165a7b057a0fd433ed180af76723f9bb5e1576a82
SC-real-51200,S2,2,123,True,True,True,20.0,1111111111,,a47be7464659f75e69ef6f7165a7b057a0fd433ed180af76723f9bb5e1576a82
SC-real-51200,S2,2,124,True,True,True,20.0,1111111111,,a47be7464659f75e69ef6f7165a7b057a0fd433ed180af76723f9bb5e1576a82
SC-real-51200,S2,2,125,True,True,True,20.0,1111111111,,a47be7464659f75e69ef6f7165a7b057a0fd433ed180af76723f9bb5e1576a82
SC-real-51200,S2,2,126,False,True,True,20.0,1111110101,,a47be7464659f75e69ef6f7165a7b057a0fd433ed180af76723f9bb5e1576a82
SC-real-51200,S2,2,127,True,True,True,20.0,1111111111,,a47be7464659f75e69ef6f7165a7b057a0fd433ed180af76723f9bb5e1576a82
SC-real-51200,S2,3,0,False,True,True,20.0,1111010101,,a47be7464659f75e69ef6f7165a7b057a0fd433ed180af76723f9bb5e1576a82
SC-real-51200,S2,3,1,True,True,True,20.0,1111111111,,a47be7464659f75e69ef6f7165a7b057a0fd433ed180af76723f9bb5e1576a82
SC-real-51200,S2,3,2,False,True,True,20.0,1111010101,,a47be7464659f75e69ef6f7165a7b057a0fd433ed180af76723f9bb5e1576a82
SC-real-51200,S2,3,3,False,True,True,20.0,1111110111,,a47be7464659f75e69ef6f7165a7b057a0fd433ed180af76723f9bb5e1576a82
SC-real-51200,S2,3,4,False,True,True,20.0,1111110101,,a47be7464659f75e69ef6f7165a7b057a0fd433ed180af76723f9bb5e1576a82
SC-real-51200,S2,3,5,True,True,True,20.0,1111111111,,a47be7464659f75e69ef6f7165a7b057a0fd433ed180af76723f9bb5e1576a82
SC-real-51200,S2,3,6,False,True,True,20.0,1111010111,,a47be7464659f75e69ef6f7165a7b057a0fd433ed180af76723f9bb5e1576a82
SC-real-51200,S2,3,7,True,True,True,20.0,1111111111,,a47be7464659f75e69ef6f7165a7b057a0fd433ed180af76723f9bb5e1576a82
SC-real-51200,S2,3,8,False,True,True,20.0,1101010101,,a47be7464659f75e69ef6f7165a7b057a0fd433ed180af76723f9bb5e1576a82
SC-real-51200,S2,3,9,True,True,True,20.0,1111111111,,a47be7464659f75e69ef6f7165a7b057a0fd433ed180af76723f9bb5e1576a82
SC-real-51200,S2,3,10,True,True,True,20.0,1111111111,,a47be7464659f75e69ef6f7165a7b057a0fd433ed180af76723f9bb5e1576a82
SC-real-51200,S2,3,11,True,True,True,20.0,1111111111,,a47be7464659f75e69ef6f7165a7b057a0fd433ed180af76723f9bb5e1576a82
SC-real-51200,S2,3,12,False,True,True,20.0,0101010101,,a47be7464659f75e69ef6f7165a7b057a0fd433ed180af76723f9bb5e1576a82
SC-real-51200,S2,3,13,False,True,True,20.0,0101010111,,a47be7464659f75e69ef6f7165a7b057a0fd433ed180af76723f9bb5e1576a82
SC-real-51200,S2,3,14,True,True,True,20.0,1111111111,,a47be7464659f75e69ef6f7165a7b057a0fd433ed180af76723f9bb5e1576a82
SC-real-51200,S2,3,15,False,True,True,20.0,1111110101,,a47be7464659f75e69ef6f7165a7b057a0fd433ed180af76723f9bb5e1576a82
SC-real-51200,S2,3,16,False,True,True,20.0,1101010101,,a47be7464659f75e69ef6f7165a7b057a0fd433ed180af76723f9bb5e1576a82
SC-real-51200,S2,3,17,True,True,True,20.0,1111111111,,a47be7464659f75e69ef6f7165a7b057a0fd433ed180af76723f9bb5e1576a82
SC-real-51200,S2,3,18,True,True,True,20.0,1111111111,,a47be7464659f75e69ef6f7165a7b057a0fd433ed180af76723f9bb5e1576a82
SC-real-51200,S2,3,19,True,True,True,20.0,1111111111,,a47be7464659f75e69ef6f7165a7b057a0fd433ed180af76723f9bb5e1576a82
SC-real-51200,S2,3,20,True,True,True,20.0,1111111111,,a47be7464659f75e69ef6f7165a7b057a0fd433ed180af76723f9bb5e1576a82
SC-real-51200,S2,3,21,True,True,True,20.0,1111111111,,a47be7464659f75e69ef6f7165a7b057a0fd433ed180af76723f9bb5e1576a82
SC-real-51200,S2,3,22,True,True,True,20.0,1111111111,,a47be7464659f75e69ef6f7165a7b057a0fd433ed180af76723f9bb5e1576a82
SC-real-51200,S2,3,23,False,True,True,20.0,1111010101,,a47be7464659f75e69ef6f7165a7b057a0fd433ed180af76723f9bb5e1576a82
SC-real-51200,S2,3,24,False,True,True,20.0,0101010101,,a47be7464659f75e69ef6f7165a7b057a0fd433ed180af76723f9bb5e1576a82
SC-real-51200,S2,3,25,False,True,True,20.0,0101011111,,a47be7464659f75e69ef6f7165a7b057a0fd433ed180af76723f9bb5e1576a82
SC-real-51200,S2,3,26,False,True,True,20.0,0101010101,,a47be7464659f75e69ef6f7165a7b057a0fd433ed180af76723f9bb5e1576a82
SC-real-51200,S2,3,27,True,True,True,20.0,1111111111,,a47be7464659f75e69ef6f7165a7b057a0fd433ed180af76723f9bb5e1576a82
SC-real-51200,S2,3,28,True,True,True,20.0,1111111111,,a47be7464659f75e69ef6f7165a7b057a0fd433ed180af76723f9bb5e1576a82
SC-real-51200,S2,3,29,True,True,True,20.0,1111111111,,a47be7464659f75e69ef6f7165a7b057a0fd433ed180af76723f9bb5e1576a82
SC-real-51200,S2,3,30,True,True,True,20.0,1111111111,,a47be7464659f75e69ef6f7165a7b057a0fd433ed180af76723f9bb5e1576a82
SC-real-51200,S2,3,31,True,True,True,20.0,1111111111,,a47be7464659f75e69ef6f7165a7b057a0fd433ed180af76723f9bb5e1576a82
SC-real-51200,S2,3,32,True,True,True,20.0,1111111111,,a47be7464659f75e69ef6f7165a7b057a0fd433ed180af76723f9bb5e1576a82
SC-real-51200,S2,3,33,True,True,True,20.0,1111111111,,a47be7464659f75e69ef6f7165a7b057a0fd433ed180af76723f9bb5e1576a82
SC-real-51200,S2,3,34,True,True,True,20.0,1111111111,,a47be7464659f75e69ef6f7165a7b057a0fd433ed180af76723f9bb5e1576a82
SC-real-51200,S2,3,35,True,True,True,20.0,1111111111,,a47be7464659f75e69ef6f7165a7b057a0fd433ed180af76723f9bb5e1576a82
SC-real-51200,S2,3,36,True,True,True,20.0,1111111111,,a47be7464659f75e69ef6f7165a7b057a0fd433ed180af76723f9bb5e1576a82
SC-real-51200,S2,3,37,True,True,True,20.0,1111111111,,a47be7464659f75e69ef6f7165a7b057a0fd433ed180af76723f9bb5e1576a82
SC-real-51200,S2,3,38,False,True,True,20.0,1101010101,,a47be7464659f75e69ef6f7165a7b057a0fd433ed180af76723f9bb5e1576a82
SC-real-51200,S2,3,39,True,True,True,20.0,1111111111,,a47be7464659f75e69ef6f7165a7b057a0fd433ed180af76723f9bb5e1576a82
SC-real-51200,S2,3,40,True,True,True,20.0,1111111111,,a47be7464659f75e69ef6f7165a7b057a0fd433ed180af76723f9bb5e1576a82
SC-real-51200,S2,3,41,True,True,True,20.0,1111111111,,a47be7464659f75e69ef6f7165a7b057a0fd433ed180af76723f9bb5e1576a82
SC-real-51200,S2,3,42,True,True,True,20.0,1111111111,,a47be7464659f75e69ef6f7165a7b057a0fd433ed180af76723f9bb5e1576a82
SC-real-51200,S2,3,43,True,True,True,20.0,1111111111,,a47be7464659f75e69ef6f7165a7b057a0fd433ed180af76723f9bb5e1576a82
SC-real-51200,S2,3,44,False,True,True,20.0,1111110101,,a47be7464659f75e69ef6f7165a7b057a0fd433ed180af76723f9bb5e1576a82
SC-real-51200,S2,3,45,True,True,True,20.0,1111111111,,a47be7464659f75e69ef6f7165a7b057a0fd433ed180af76723f9bb5e1576a82
SC-real-51200,S2,3,46,True,True,True,20.0,1111111111,,a47be7464659f75e69ef6f7165a7b057a0fd433ed180af76723f9bb5e1576a82
SC-real-51200,S2,3,47,True,True,True,20.0,1111111111,,a47be7464659f75e69ef6f7165a7b057a0fd433ed180af76723f9bb5e1576a82
SC-real-51200,S2,3,48,True,True,True,20.0,1111111111,,a47be7464659f75e69ef6f7165a7b057a0fd433ed180af76723f9bb5e1576a82
SC-real-51200,S2,3,49,True,True,True,20.0,1111111111,,a47be7464659f75e69ef6f7165a7b057a0fd433ed180af76723f9bb5e1576a82
SC-real-51200,S2,3,50,False,True,True,20.0,1101010101,,a47be7464659f75e69ef6f7165a7b057a0fd433ed180af76723f9bb5e1576a82
SC-real-51200,S2,3,51,False,False,True,10.1,1111110101,,a47be7464659f75e69ef6f7165a7b057a0fd433ed180af76723f9bb5e1576a82
SC-real-51200,S2,3,52,True,True,True,20.0,1111111111,,a47be7464659f75e69ef6f7165a7b057a0fd433ed180af76723f9bb5e1576a82
SC-real-51200,S2,3,53,True,True,True,20.0,1111111111,,a47be7464659f75e69ef6f7165a7b057a0fd433ed180af76723f9bb5e1576a82
SC-real-51200,S2,3,54,False,True,True,20.0,0111111101,,a47be7464659f75e69ef6f7165a7b057a0fd433ed180af76723f9bb5e1576a82
SC-real-51200,S2,3,55,False,True,True,20.0,1111110101,,a47be7464659f75e69ef6f7165a7b057a0fd433ed180af76723f9bb5e1576a82
SC-real-51200,S2,3,56,True,True,True,20.0,1111111111,,a47be7464659f75e69ef6f7165a7b057a0fd433ed180af76723f9bb5e1576a82
SC-real-51200,S2,3,57,False,True,True,20.0,1111010101,,a47be7464659f75e69ef6f7165a7b057a0fd433ed180af76723f9bb5e1576a82
SC-real-51200,S2,3,58,True,True,True,20.0,1111111111,,a47be7464659f75e69ef6f7165a7b057a0fd433ed180af76723f9bb5e1576a82
SC-real-51200,S2,3,59,False,True,True,20.0,1111110111,,a47be7464659f75e69ef6f7165a7b057a0fd433ed180af76723f9bb5e1576a82
SC-real-51200,S2,3,60,False,True,True,20.0,1111010101,,a47be7464659f75e69ef6f7165a7b057a0fd433ed180af76723f9bb5e1576a82
SC-real-51200,S2,3,61,True,True,True,20.0,1111111111,,a47be7464659f75e69ef6f7165a7b057a0fd433ed180af76723f9bb5e1576a82
SC-real-51200,S2,3,62,False,True,True,20.0,1111010101,,a47be7464659f75e69ef6f7165a7b057a0fd433ed180af76723f9bb5e1576a82
SC-real-51200,S2,3,63,False,True,True,20.0,1111110101,,a47be7464659f75e69ef6f7165a7b057a0fd433ed180af76723f9bb5e1576a82
SC-real-51200,S2,3,64,True,True,True,20.0,1111111111,,a47be7464659f75e69ef6f7165a7b057a0fd433ed180af76723f9bb5e1576a82
SC-real-51200,S2,3,65,True,True,True,20.0,1111111111,,a47be7464659f75e69ef6f7165a7b057a0fd433ed180af76723f9bb5e1576a82
SC-real-51200,S2,3,66,False,True,True,20.0,1111011111,,a47be7464659f75e69ef6f7165a7b057a0fd433ed180af76723f9bb5e1576a82
SC-real-51200,S2,3,67,False,True,True,20.0,1111111101,,a47be7464659f75e69ef6f7165a7b057a0fd433ed180af76723f9bb5e1576a82
SC-real-51200,S2,3,68,True,True,True,20.0,1111111111,,a47be7464659f75e69ef6f7165a7b057a0fd433ed180af76723f9bb5e1576a82
SC-real-51200,S2,3,69,True,True,True,20.0,1111111111,,a47be7464659f75e69ef6f7165a7b057a0fd433ed180af76723f9bb5e1576a82
SC-real-51200,S2,3,70,True,True,True,20.0,1111111111,,a47be7464659f75e69ef6f7165a7b057a0fd433ed180af76723f9bb5e1576a82
SC-real-51200,S2,3,71,True,True,True,20.0,1111111111,,a47be7464659f75e69ef6f7165a7b057a0fd433ed180af76723f9bb5e1576a82
SC-real-51200,S2,3,72,True,True,True,20.0,1111111111,,a47be7464659f75e69ef6f7165a7b057a0fd433ed180af76723f9bb5e1576a82
SC-real-51200,S2,3,73,True,True,True,20.0,1111111111,,a47be7464659f75e69ef6f7165a7b057a0fd433ed180af76723f9bb5e1576a82
SC-real-51200,S2,3,74,True,True,True,20.0,1111111111,,a47be7464659f75e69ef6f7165a7b057a0fd433ed180af76723f9bb5e1576a82
SC-real-51200,S2,3,75,True,True,True,20.0,1111111111,,a47be7464659f75e69ef6f7165a7b057a0fd433ed180af76723f9bb5e1576a82
SC-real-51200,S2,3,76,True,True,True,20.0,1111111111,,a47be7464659f75e69ef6f7165a7b057a0fd433ed180af76723f9bb5e1576a82
SC-real-51200,S2,3,77,True,True,True,20.0,1111111111,,a47be7464659f75e69ef6f7165a7b057a0fd433ed180af76723f9bb5e1576a82
SC-real-51200,S2,3,78,True,True,True,20.0,1111111111,,a47be7464659f75e69ef6f7165a7b057a0fd433ed180af76723f9bb5e1576a82
SC-real-51200,S2,3,79,False,True,True,20.0,1101010101,,a47be7464659f75e69ef6f7165a7b057a0fd433ed180af76723f9bb5e1576a82
SC-real-51200,S2,3,80,True,True,True,20.0,1111111111,,a47be7464659f75e69ef6f7165a7b057a0fd433ed180af76723f9bb5e1576a82
SC-real-51200,S2,3,81,False,True,True,20.0,0101011101,,a47be7464659f75e69ef6f7165a7b057a0fd433ed180af76723f9bb5e1576a82
SC-real-51200,S2,3,82,True,True,True,20.0,1111111111,,a47be7464659f75e69ef6f7165a7b057a0fd433ed180af76723f9bb5e1576a82
SC-real-51200,S2,3,83,False,True,True,20.0,1111110111,,a47be7464659f75e69ef6f7165a7b057a0fd433ed180af76723f9bb5e1576a82
SC-real-51200,S2,3,84,True,True,True,20.0,1111111111,,a47be7464659f75e69ef6f7165a7b057a0fd433ed180af76723f9bb5e1576a82
SC-real-51200,S2,3,85,True,True,True,20.0,1111111111,,a47be7464659f75e69ef6f7165a7b057a0fd433ed180af76723f9bb5e1576a82
SC-real-51200,S2,3,86,True,True,True,20.0,1111111111,,a47be7464659f75e69ef6f7165a7b057a0fd433ed180af76723f9bb5e1576a82
SC-real-51200,S2,3,87,False,False,False,0.7666666666666667,0000000000,,a47be7464659f75e69ef6f7165a7b057a0fd433ed180af76723f9bb5e1576a82
SC-real-51200,S2,3,88,False,True,True,20.0,1111010101,,a47be7464659f75e69ef6f7165a7b057a0fd433ed180af76723f9bb5e1576a82
SC-real-51200,S2,3,89,True,True,True,20.0,1111111111,,a47be7464659f75e69ef6f7165a7b057a0fd433ed180af76723f9bb5e1576a82
SC-real-51200,S2,3,90,False,True,True,20.0,1111111101,,a47be7464659f75e69ef6f7165a7b057a0fd433ed180af76723f9bb5e1576a82
SC-real-51200,S2,3,91,True,True,True,20.0,1111111111,,a47be7464659f75e69ef6f7165a7b057a0fd433ed180af76723f9bb5e1576a82
SC-real-51200,S2,3,92,True,True,True,20.0,1111111111,,a47be7464659f75e69ef6f7165a7b057a0fd433ed180af76723f9bb5e1576a82
SC-real-51200,S2,3,93,True,True,True,20.0,1111111111,,a47be7464659f75e69ef6f7165a7b057a0fd433ed180af76723f9bb5e1576a82
SC-real-51200,S2,3,94,False,True,True,20.0,1111111101,,a47be7464659f75e69ef6f7165a7b057a0fd433ed180af76723f9bb5e1576a82
SC-real-51200,S2,3,95,True,True,True,20.0,1111111111,,a47be7464659f75e69ef6f7165a7b057a0fd433ed180af76723f9bb5e1576a82
SC-real-51200,S2,3,96,True,True,True,20.0,1111111111,,a47be7464659f75e69ef6f7165a7b057a0fd433ed180af76723f9bb5e1576a82
SC-real-51200,S2,3,97,True,True,True,20.0,1111111111,,a47be7464659f75e69ef6f7165a7b057a0fd433ed180af76723f9bb5e1576a82
SC-real-51200,S2,3,98,False,True,True,20.0,1111111101,,a47be7464659f75e69ef6f7165a7b057a0fd433ed180af76723f9bb5e1576a82
SC-real-51200,S2,3,99,True,True,True,20.0,1111111111,,a47be7464659f75e69ef6f7165a7b057a0fd433ed180af76723f9bb5e1576a82
SC-real-51200,S2,3,100,False,True,True,20.0,1111011111,,a47be7464659f75e69ef6f7165a7b057a0fd433ed180af76723f9bb5e1576a82
SC-real-51200,S2,3,101,False,True,True,20.0,1111110101,,a47be7464659f75e69ef6f7165a7b057a0fd433ed180af76723f9bb5e1576a82
SC-real-51200,S2,3,102,True,True,True,20.0,1111111111,,a47be7464659f75e69ef6f7165a7b057a0fd433ed180af76723f9bb5e1576a82
SC-real-51200,S2,3,103,True,True,True,20.0,1111111111,,a47be7464659f75e69ef6f7165a7b057a0fd433ed180af76723f9bb5e1576a82
SC-real-51200,S2,3,104,True,True,True,20.0,1111111111,,a47be7464659f75e69ef6f7165a7b057a0fd433ed180af76723f9bb5e1576a82
SC-real-51200,S2,3,105,False,True,True,20.0,1111110101,,a47be7464659f75e69ef6f7165a7b057a0fd433ed180af76723f9bb5e1576a82
SC-real-51200,S2,3,106,False,True,True,20.0,1101010101,,a47be7464659f75e69ef6f7165a7b057a0fd433ed180af76723f9bb5e1576a82
SC-real-51200,S2,3,107,True,True,True,20.0,1111111111,,a47be7464659f75e69ef6f7165a7b057a0fd433ed180af76723f9bb5e1576a82
SC-real-51200,S2,3,108,True,True,True,20.0,1111111111,,a47be7464659f75e69ef6f7165a7b057a0fd433ed180af76723f9bb5e1576a82
SC-real-51200,S2,3,109,True,True,True,20.0,1111111111,,a47be7464659f75e69ef6f7165a7b057a0fd433ed180af76723f9bb5e1576a82
SC-real-51200,S2,3,110,False,True,True,20.0,1111010101,,a47be7464659f75e69ef6f7165a7b057a0fd433ed180af76723f9bb5e1576a82
SC-real-51200,S2,3,111,True,True,True,20.0,1111111111,,a47be7464659f75e69ef6f7165a7b057a0fd433ed180af76723f9bb5e1576a82
SC-real-51200,S2,3,112,False,False,False,0.0,1000000000,,a47be7464659f75e69ef6f7165a7b057a0fd433ed180af76723f9bb5e1576a82
SC-real-51200,S2,3,113,True,True,True,20.0,1111111111,,a47be7464659f75e69ef6f7165a7b057a0fd433ed180af76723f9bb5e1576a82
SC-real-51200,S2,3,114,True,True,True,20.0,1111111111,,a47be7464659f75e69ef6f7165a7b057a0fd433ed180af76723f9bb5e1576a82
SC-real-51200,S2,3,115,False,True,True,20.0,1111111101,,a47be7464659f75e69ef6f7165a7b057a0fd433ed180af76723f9bb5e1576a82
SC-real-51200,S2,3,116,False,False,False,0.8333333333333334,0000000000,,a47be7464659f75e69ef6f7165a7b057a0fd433ed180af76723f9bb5e1576a82
SC-real-51200,S2,3,117,True,True,True,20.0,1111111111,,a47be7464659f75e69ef6f7165a7b057a0fd433ed180af76723f9bb5e1576a82
SC-real-51200,S2,3,118,False,True,True,20.0,1111110101,,a47be7464659f75e69ef6f7165a7b057a0fd433ed180af76723f9bb5e1576a82
SC-real-51200,S2,3,119,False,True,True,20.0,1111110111,,a47be7464659f75e69ef6f7165a7b057a0fd433ed180af76723f9bb5e1576a82
SC-real-51200,S2,3,120,False,True,True,20.0,0101010101,,a47be7464659f75e69ef6f7165a7b057a0fd433ed180af76723f9bb5e1576a82
SC-real-51200,S2,3,121,False,True,True,20.0,1111111101,,a47be7464659f75e69ef6f7165a7b057a0fd433ed180af76723f9bb5e1576a82
SC-real-51200,S2,3,122,False,True,True,20.0,1111110101,,a47be7464659f75e69ef6f7165a7b057a0fd433ed180af76723f9bb5e1576a82
SC-real-51200,S2,3,123,True,True,True,20.0,1111111111,,a47be7464659f75e69ef6f7165a7b057a0fd433ed180af76723f9bb5e1576a82
SC-real-51200,S2,3,124,False,True,True,20.0,1101010101,,a47be7464659f75e69ef6f7165a7b057a0fd433ed180af76723f9bb5e1576a82
SC-real-51200,S2,3,125,True,True,True,20.0,1111111111,,a47be7464659f75e69ef6f7165a7b057a0fd433ed180af76723f9bb5e1576a82
SC-real-51200,S2,3,126,False,True,True,20.0,1111011111,,a47be7464659f75e69ef6f7165a7b057a0fd433ed180af76723f9bb5e1576a82
SC-real-51200,S2,3,127,False,True,True,20.0,1111111101,,a47be7464659f75e69ef6f7165a7b057a0fd433ed180af76723f9bb5e1576a82
SC-real-51200,S5,0,0,False,False,True,15.466666666666667,1111,,a47be7464659f75e69ef6f7165a7b057a0fd433ed180af76723f9bb5e1576a82
SC-real-51200,S5,0,1,True,True,True,20.0,1111,,a47be7464659f75e69ef6f7165a7b057a0fd433ed180af76723f9bb5e1576a82
SC-real-51200,S5,0,2,True,True,True,20.0,1111,,a47be7464659f75e69ef6f7165a7b057a0fd433ed180af76723f9bb5e1576a82
SC-real-51200,S5,0,3,True,True,True,20.0,1111,,a47be7464659f75e69ef6f7165a7b057a0fd433ed180af76723f9bb5e1576a82
SC-real-51200,S5,0,4,True,True,True,20.0,1111,,a47be7464659f75e69ef6f7165a7b057a0fd433ed180af76723f9bb5e1576a82
SC-real-51200,S5,0,5,True,True,True,20.0,1111,,a47be7464659f75e69ef6f7165a7b057a0fd433ed180af76723f9bb5e1576a82
SC-real-51200,S5,0,6,True,True,True,20.0,1111,,a47be7464659f75e69ef6f7165a7b057a0fd433ed180af76723f9bb5e1576a82
SC-real-51200,S5,0,7,True,True,True,20.0,1111,,a47be7464659f75e69ef6f7165a7b057a0fd433ed180af76723f9bb5e1576a82
SC-real-51200,S5,0,8,True,True,True,20.0,1111,,a47be7464659f75e69ef6f7165a7b057a0fd433ed180af76723f9bb5e1576a82
SC-real-51200,S5,0,9,True,True,True,20.0,1111,,a47be7464659f75e69ef6f7165a7b057a0fd433ed180af76723f9bb5e1576a82
SC-real-51200,S5,0,10,True,True,True,20.0,1111,,a47be7464659f75e69ef6f7165a7b057a0fd433ed180af76723f9bb5e1576a82
SC-real-51200,S5,0,11,True,True,True,20.0,1111,,a47be7464659f75e69ef6f7165a7b057a0fd433ed180af76723f9bb5e1576a82
SC-real-51200,S5,0,12,True,True,True,20.0,1111,,a47be7464659f75e69ef6f7165a7b057a0fd433ed180af76723f9bb5e1576a82
SC-real-51200,S5,0,13,True,True,True,20.0,1111,,a47be7464659f75e69ef6f7165a7b057a0fd433ed180af76723f9bb5e1576a82
SC-real-51200,S5,0,14,True,True,True,20.0,1111,,a47be7464659f75e69ef6f7165a7b057a0fd433ed180af76723f9bb5e1576a82
SC-real-51200,S5,0,15,True,True,True,20.0,1111,,a47be7464659f75e69ef6f7165a7b057a0fd433ed180af76723f9bb5e1576a82
SC-real-51200,S5,0,16,True,True,True,20.0,1111,,a47be7464659f75e69ef6f7165a7b057a0fd433ed180af76723f9bb5e1576a82
SC-real-51200,S5,0,17,True,True,True,20.0,1111,,a47be7464659f75e69ef6f7165a7b057a0fd433ed180af76723f9bb5e1576a82
SC-real-51200,S5,0,18,True,True,True,20.0,1111,,a47be7464659f75e69ef6f7165a7b057a0fd433ed180af76723f9bb5e1576a82
SC-real-51200,S5,0,19,True,True,True,20.0,1111,,a47be7464659f75e69ef6f7165a7b057a0fd433ed180af76723f9bb5e1576a82
SC-real-51200,S5,0,20,True,True,True,20.0,1111,,a47be7464659f75e69ef6f7165a7b057a0fd433ed180af76723f9bb5e1576a82
SC-real-51200,S5,0,21,True,True,True,20.0,1111,,a47be7464659f75e69ef6f7165a7b057a0fd433ed180af76723f9bb5e1576a82
SC-real-51200,S5,0,22,True,True,True,20.0,1111,,a47be7464659f75e69ef6f7165a7b057a0fd433ed180af76723f9bb5e1576a82
SC-real-51200,S5,0,23,True,True,True,20.0,1111,,a47be7464659f75e69ef6f7165a7b057a0fd433ed180af76723f9bb5e1576a82
SC-real-51200,S5,0,24,True,True,True,20.0,1111,,a47be7464659f75e69ef6f7165a7b057a0fd433ed180af76723f9bb5e1576a82
SC-real-51200,S5,0,25,True,True,True,20.0,1111,,a47be7464659f75e69ef6f7165a7b057a0fd433ed180af76723f9bb5e1576a82
SC-real-51200,S5,0,26,True,True,True,20.0,1111,,a47be7464659f75e69ef6f7165a7b057a0fd433ed180af76723f9bb5e1576a82
SC-real-51200,S5,0,27,True,True,True,20.0,1111,,a47be7464659f75e69ef6f7165a7b057a0fd433ed180af76723f9bb5e1576a82
SC-real-51200,S5,0,28,True,True,True,20.0,1111,,a47be7464659f75e69ef6f7165a7b057a0fd433ed180af76723f9bb5e1576a82
SC-real-51200,S5,0,29,True,True,True,20.0,1111,,a47be7464659f75e69ef6f7165a7b057a0fd433ed180af76723f9bb5e1576a82
SC-real-51200,S5,0,30,True,True,True,20.0,1111,,a47be7464659f75e69ef6f7165a7b057a0fd433ed180af76723f9bb5e1576a82
SC-real-51200,S5,0,31,True,True,True,20.0,1111,,a47be7464659f75e69ef6f7165a7b057a0fd433ed180af76723f9bb5e1576a82
SC-real-51200,S5,0,32,True,True,True,20.0,1111,,a47be7464659f75e69ef6f7165a7b057a0fd433ed180af76723f9bb5e1576a82
SC-real-51200,S5,0,33,True,True,True,20.0,1111,,a47be7464659f75e69ef6f7165a7b057a0fd433ed180af76723f9bb5e1576a82
SC-real-51200,S5,0,34,True,True,True,20.0,1111,,a47be7464659f75e69ef6f7165a7b057a0fd433ed180af76723f9bb5e1576a82
SC-real-51200,S5,0,35,True,True,True,20.0,1111,,a47be7464659f75e69ef6f7165a7b057a0fd433ed180af76723f9bb5e1576a82
SC-real-51200,S5,0,36,True,True,True,20.0,1111,,a47be7464659f75e69ef6f7165a7b057a0fd433ed180af76723f9bb5e1576a82
SC-real-51200,S5,0,37,True,True,True,20.0,1111,,a47be7464659f75e69ef6f7165a7b057a0fd433ed180af76723f9bb5e1576a82
SC-real-51200,S5,0,38,False,True,True,20.0,0111,,a47be7464659f75e69ef6f7165a7b057a0fd433ed180af76723f9bb5e1576a82
SC-real-51200,S5,0,39,True,True,True,20.0,1111,,a47be7464659f75e69ef6f7165a7b057a0fd433ed180af76723f9bb5e1576a82
SC-real-51200,S5,0,40,True,True,True,20.0,1111,,a47be7464659f75e69ef6f7165a7b057a0fd433ed180af76723f9bb5e1576a82
SC-real-51200,S5,0,41,True,True,True,20.0,1111,,a47be7464659f75e69ef6f7165a7b057a0fd433ed180af76723f9bb5e1576a82
SC-real-51200,S5,0,42,True,True,True,20.0,1111,,a47be7464659f75e69ef6f7165a7b057a0fd433ed180af76723f9bb5e1576a82
SC-real-51200,S5,0,43,True,True,True,20.0,1111,,a47be7464659f75e69ef6f7165a7b057a0fd433ed180af76723f9bb5e1576a82
SC-real-51200,S5,0,44,True,True,True,20.0,1111,,a47be7464659f75e69ef6f7165a7b057a0fd433ed180af76723f9bb5e1576a82
SC-real-51200,S5,0,45,True,True,True,20.0,1111,,a47be7464659f75e69ef6f7165a7b057a0fd433ed180af76723f9bb5e1576a82
SC-real-51200,S5,0,46,True,True,True,20.0,1111,,a47be7464659f75e69ef6f7165a7b057a0fd433ed180af76723f9bb5e1576a82
SC-real-51200,S5,0,47,True,True,True,20.0,1111,,a47be7464659f75e69ef6f7165a7b057a0fd433ed180af76723f9bb5e1576a82
SC-real-51200,S5,0,48,True,True,True,20.0,1111,,a47be7464659f75e69ef6f7165a7b057a0fd433ed180af76723f9bb5e1576a82
SC-real-51200,S5,0,49,True,True,True,20.0,1111,,a47be7464659f75e69ef6f7165a7b057a0fd433ed180af76723f9bb5e1576a82
SC-real-51200,S5,0,50,True,True,True,20.0,1111,,a47be7464659f75e69ef6f7165a7b057a0fd433ed180af76723f9bb5e1576a82
SC-real-51200,S5,0,51,True,True,True,20.0,1111,,a47be7464659f75e69ef6f7165a7b057a0fd433ed180af76723f9bb5e1576a82
SC-real-51200,S5,0,52,True,True,True,20.0,1111,,a47be7464659f75e69ef6f7165a7b057a0fd433ed180af76723f9bb5e1576a82
SC-real-51200,S5,0,53,True,True,True,20.0,1111,,a47be7464659f75e69ef6f7165a7b057a0fd433ed180af76723f9bb5e1576a82
SC-real-51200,S5,0,54,True,True,True,20.0,1111,,a47be7464659f75e69ef6f7165a7b057a0fd433ed180af76723f9bb5e1576a82
SC-real-51200,S5,0,55,True,True,True,20.0,1111,,a47be7464659f75e69ef6f7165a7b057a0fd433ed180af76723f9bb5e1576a82
SC-real-51200,S5,0,56,False,False,False,15.5,1110,,a47be7464659f75e69ef6f7165a7b057a0fd433ed180af76723f9bb5e1576a82
SC-real-51200,S5,0,57,False,True,True,20.0,1101,,a47be7464659f75e69ef6f7165a7b057a0fd433ed180af76723f9bb5e1576a82
SC-real-51200,S5,0,58,True,True,True,20.0,1111,,a47be7464659f75e69ef6f7165a7b057a0fd433ed180af76723f9bb5e1576a82
SC-real-51200,S5,0,59,True,True,True,20.0,1111,,a47be7464659f75e69ef6f7165a7b057a0fd433ed180af76723f9bb5e1576a82
SC-real-51200,S5,0,60,True,True,True,20.0,1111,,a47be7464659f75e69ef6f7165a7b057a0fd433ed180af76723f9bb5e1576a82
SC-real-51200,S5,0,61,True,True,True,20.0,1111,,a47be7464659f75e69ef6f7165a7b057a0fd433ed180af76723f9bb5e1576a82
SC-real-51200,S5,0,62,False,True,True,20.0,0111,,a47be7464659f75e69ef6f7165a7b057a0fd433ed180af76723f9bb5e1576a82
SC-real-51200,S5,0,63,True,True,True,20.0,1111,,a47be7464659f75e69ef6f7165a7b057a0fd433ed180af76723f9bb5e1576a82
SC-real-51200,S5,0,64,False,False,False,10.433333333333334,1100,,a47be7464659f75e69ef6f7165a7b057a0fd433ed180af76723f9bb5e1576a82
SC-real-51200,S5,0,65,True,True,True,20.0,1111,,a47be7464659f75e69ef6f7165a7b057a0fd433ed180af76723f9bb5e1576a82
SC-real-51200,S5,0,66,True,True,True,20.0,1111,,a47be7464659f75e69ef6f7165a7b057a0fd433ed180af76723f9bb5e1576a82
SC-real-51200,S5,0,67,True,True,True,20.0,1111,,a47be7464659f75e69ef6f7165a7b057a0fd433ed180af76723f9bb5e1576a82
SC-real-51200,S5,0,68,True,True,True,20.0,1111,,a47be7464659f75e69ef6f7165a7b057a0fd433ed180af76723f9bb5e1576a82
SC-real-51200,S5,0,69,True,True,True,20.0,1111,,a47be7464659f75e69ef6f7165a7b057a0fd433ed180af76723f9bb5e1576a82
SC-real-51200,S5,0,70,True,True,True,20.0,1111,,a47be7464659f75e69ef6f7165a7b057a0fd433ed180af76723f9bb5e1576a82
SC-real-51200,S5,0,71,True,True,True,20.0,1111,,a47be7464659f75e69ef6f7165a7b057a0fd433ed180af76723f9bb5e1576a82
SC-real-51200,S5,0,72,True,True,True,20.0,1111,,a47be7464659f75e69ef6f7165a7b057a0fd433ed180af76723f9bb5e1576a82
SC-real-51200,S5,0,73,True,True,True,20.0,1111,,a47be7464659f75e69ef6f7165a7b057a0fd433ed180af76723f9bb5e1576a82
SC-real-51200,S5,0,74,True,True,True,20.0,1111,,a47be7464659f75e69ef6f7165a7b057a0fd433ed180af76723f9bb5e1576a82
SC-real-51200,S5,0,75,True,True,True,20.0,1111,,a47be7464659f75e69ef6f7165a7b057a0fd433ed180af76723f9bb5e1576a82
SC-real-51200,S5,0,76,True,True,True,20.0,1111,,a47be7464659f75e69ef6f7165a7b057a0fd433ed180af76723f9bb5e1576a82
SC-real-51200,S5,0,77,True,True,True,20.0,1111,,a47be7464659f75e69ef6f7165a7b057a0fd433ed180af76723f9bb5e1576a82
SC-real-51200,S5,0,78,True,True,True,20.0,1111,,a47be7464659f75e69ef6f7165a7b057a0fd433ed180af76723f9bb5e1576a82
SC-real-51200,S5,0,79,True,True,True,20.0,1111,,a47be7464659f75e69ef6f7165a7b057a0fd433ed180af76723f9bb5e1576a82
SC-real-51200,S5,0,80,True,True,True,20.0,1111,,a47be7464659f75e69ef6f7165a7b057a0fd433ed180af76723f9bb5e1576a82
SC-real-51200,S5,0,81,True,True,True,20.0,1111,,a47be7464659f75e69ef6f7165a7b057a0fd433ed180af76723f9bb5e1576a82
SC-real-51200,S5,0,82,False,True,True,20.0,1101,,a47be7464659f75e69ef6f7165a7b057a0fd433ed180af76723f9bb5e1576a82
SC-real-51200,S5,0,83,True,True,True,20.0,1111,,a47be7464659f75e69ef6f7165a7b057a0fd433ed180af76723f9bb5e1576a82
SC-real-51200,S5,0,84,False,True,True,20.0,1101,,a47be7464659f75e69ef6f7165a7b057a0fd433ed180af76723f9bb5e1576a82
SC-real-51200,S5,0,85,True,True,True,20.0,1111,,a47be7464659f75e69ef6f7165a7b057a0fd433ed180af76723f9bb5e1576a82
SC-real-51200,S5,0,86,True,True,True,20.0,1111,,a47be7464659f75e69ef6f7165a7b057a0fd433ed180af76723f9bb5e1576a82
SC-real-51200,S5,0,87,True,True,True,20.0,1111,,a47be7464659f75e69ef6f7165a7b057a0fd433ed180af76723f9bb5e1576a82
SC-real-51200,S5,0,88,True,True,True,20.0,1111,,a47be7464659f75e69ef6f7165a7b057a0fd433ed180af76723f9bb5e1576a82
SC-real-51200,S5,0,89,True,True,True,20.0,1111,,a47be7464659f75e69ef6f7165a7b057a0fd433ed180af76723f9bb5e1576a82
SC-real-51200,S5,0,90,True,True,True,20.0,1111,,a47be7464659f75e69ef6f7165a7b057a0fd433ed180af76723f9bb5e1576a82
SC-real-51200,S5,0,91,True,True,True,20.0,1111,,a47be7464659f75e69ef6f7165a7b057a0fd433ed180af76723f9bb5e1576a82
SC-real-51200,S5,0,92,False,False,True,15.366666666666667,1111,,a47be7464659f75e69ef6f7165a7b057a0fd433ed180af76723f9bb5e1576a82
SC-real-51200,S5,0,93,True,True,True,20.0,1111,,a47be7464659f75e69ef6f7165a7b057a0fd433ed180af76723f9bb5e1576a82
SC-real-51200,S5,0,94,True,True,True,20.0,1111,,a47be7464659f75e69ef6f7165a7b057a0fd433ed180af76723f9bb5e1576a82
SC-real-51200,S5,0,95,True,True,True,20.0,1111,,a47be7464659f75e69ef6f7165a7b057a0fd433ed180af76723f9bb5e1576a82
SC-real-51200,S5,0,96,True,True,True,20.0,1111,,a47be7464659f75e69ef6f7165a7b057a0fd433ed180af76723f9bb5e1576a82
SC-real-51200,S5,0,97,True,True,True,20.0,1111,,a47be7464659f75e69ef6f7165a7b057a0fd433ed180af76723f9bb5e1576a82
SC-real-51200,S5,0,98,True,True,True,20.0,1111,,a47be7464659f75e69ef6f7165a7b057a0fd433ed180af76723f9bb5e1576a82
SC-real-51200,S5,0,99,True,True,True,20.0,1111,,a47be7464659f75e69ef6f7165a7b057a0fd433ed180af76723f9bb5e1576a82
SC-real-51200,S5,0,100,True,True,True,20.0,1111,,a47be7464659f75e69ef6f7165a7b057a0fd433ed180af76723f9bb5e1576a82
SC-real-51200,S5,0,101,True,True,True,20.0,1111,,a47be7464659f75e69ef6f7165a7b057a0fd433ed180af76723f9bb5e1576a82
SC-real-51200,S5,0,102,True,True,True,20.0,1111,,a47be7464659f75e69ef6f7165a7b057a0fd433ed180af76723f9bb5e1576a82
SC-real-51200,S5,0,103,True,True,True,20.0,1111,,a47be7464659f75e69ef6f7165a7b057a0fd433ed180af76723f9bb5e1576a82
SC-real-51200,S5,0,104,True,True,True,20.0,1111,,a47be7464659f75e69ef6f7165a7b057a0fd433ed180af76723f9bb5e1576a82
SC-real-51200,S5,0,105,True,True,True,20.0,1111,,a47be7464659f75e69ef6f7165a7b057a0fd433ed180af76723f9bb5e1576a82
SC-real-51200,S5,0,106,False,True,True,20.0,0101,,a47be7464659f75e69ef6f7165a7b057a0fd433ed180af76723f9bb5e1576a82
SC-real-51200,S5,0,107,False,True,True,20.0,0111,,a47be7464659f75e69ef6f7165a7b057a0fd433ed180af76723f9bb5e1576a82
SC-real-51200,S5,0,108,True,True,True,20.0,1111,,a47be7464659f75e69ef6f7165a7b057a0fd433ed180af76723f9bb5e1576a82
SC-real-51200,S5,0,109,True,True,True,20.0,1111,,a47be7464659f75e69ef6f7165a7b057a0fd433ed180af76723f9bb5e1576a82
SC-real-51200,S5,0,110,True,True,True,20.0,1111,,a47be7464659f75e69ef6f7165a7b057a0fd433ed180af76723f9bb5e1576a82
SC-real-51200,S5,0,111,True,True,True,20.0,1111,,a47be7464659f75e69ef6f7165a7b057a0fd433ed180af76723f9bb5e1576a82
SC-real-51200,S5,0,112,False,True,True,20.0,1101,,a47be7464659f75e69ef6f7165a7b057a0fd433ed180af76723f9bb5e1576a82
SC-real-51200,S5,0,113,True,True,True,20.0,1111,,a47be7464659f75e69ef6f7165a7b057a0fd433ed180af76723f9bb5e1576a82
SC-real-51200,S5,0,114,True,True,True,20.0,1111,,a47be7464659f75e69ef6f7165a7b057a0fd433ed180af76723f9bb5e1576a82
SC-real-51200,S5,0,115,True,True,True,20.0,1111,,a47be7464659f75e69ef6f7165a7b057a0fd433ed180af76723f9bb5e1576a82
SC-real-51200,S5,0,116,True,True,True,20.0,1111,,a47be7464659f75e69ef6f7165a7b057a0fd433ed180af76723f9bb5e1576a82
SC-real-51200,S5,0,117,True,True,True,20.0,1111,,a47be7464659f75e69ef6f7165a7b057a0fd433ed180af76723f9bb5e1576a82
SC-real-51200,S5,0,118,True,True,True,20.0,1111,,a47be7464659f75e69ef6f7165a7b057a0fd433ed180af76723f9bb5e1576a82
SC-real-51200,S5,0,119,True,True,True,20.0,1111,,a47be7464659f75e69ef6f7165a7b057a0fd433ed180af76723f9bb5e1576a82
SC-real-51200,S5,0,120,True,True,True,20.0,1111,,a47be7464659f75e69ef6f7165a7b057a0fd433ed180af76723f9bb5e1576a82
SC-real-51200,S5,0,121,True,True,True,20.0,1111,,a47be7464659f75e69ef6f7165a7b057a0fd433ed180af76723f9bb5e1576a82
SC-real-51200,S5,0,122,True,True,True,20.0,1111,,a47be7464659f75e69ef6f7165a7b057a0fd433ed180af76723f9bb5e1576a82
SC-real-51200,S5,0,123,True,True,True,20.0,1111,,a47be7464659f75e69ef6f7165a7b057a0fd433ed180af76723f9bb5e1576a82
SC-real-51200,S5,0,124,True,True,True,20.0,1111,,a47be7464659f75e69ef6f7165a7b057a0fd433ed180af76723f9bb5e1576a82
SC-real-51200,S5,0,125,False,True,True,20.0,0111,,a47be7464659f75e69ef6f7165a7b057a0fd433ed180af76723f9bb5e1576a82
SC-real-51200,S5,0,126,True,True,True,20.0,1111,,a47be7464659f75e69ef6f7165a7b057a0fd433ed180af76723f9bb5e1576a82
SC-real-51200,S5,0,127,True,True,True,20.0,1111,,a47be7464659f75e69ef6f7165a7b057a0fd433ed180af76723f9bb5e1576a82
SC-real-51200,S5,1,0,True,True,True,20.0,1111,,a47be7464659f75e69ef6f7165a7b057a0fd433ed180af76723f9bb5e1576a82
SC-real-51200,S5,1,1,True,True,True,20.0,1111,,a47be7464659f75e69ef6f7165a7b057a0fd433ed180af76723f9bb5e1576a82
SC-real-51200,S5,1,2,True,True,True,20.0,1111,,a47be7464659f75e69ef6f7165a7b057a0fd433ed180af76723f9bb5e1576a82
SC-real-51200,S5,1,3,False,True,True,20.0,0111,,a47be7464659f75e69ef6f7165a7b057a0fd433ed180af76723f9bb5e1576a82
SC-real-51200,S5,1,4,False,True,True,20.0,1101,,a47be7464659f75e69ef6f7165a7b057a0fd433ed180af76723f9bb5e1576a82
SC-real-51200,S5,1,5,True,True,True,20.0,1111,,a47be7464659f75e69ef6f7165a7b057a0fd433ed180af76723f9bb5e1576a82
SC-real-51200,S5,1,6,True,True,True,20.0,1111,,a47be7464659f75e69ef6f7165a7b057a0fd433ed180af76723f9bb5e1576a82
SC-real-51200,S5,1,7,True,True,True,20.0,1111,,a47be7464659f75e69ef6f7165a7b057a0fd433ed180af76723f9bb5e1576a82
SC-real-51200,S5,1,8,True,True,True,20.0,1111,,a47be7464659f75e69ef6f7165a7b057a0fd433ed180af76723f9bb5e1576a82
SC-real-51200,S5,1,9,True,True,True,20.0,1111,,a47be7464659f75e69ef6f7165a7b057a0fd433ed180af76723f9bb5e1576a82
SC-real-51200,S5,1,10,True,True,True,20.0,1111,,a47be7464659f75e69ef6f7165a7b057a0fd433ed180af76723f9bb5e1576a82
SC-real-51200,S5,1,11,True,True,True,20.0,1111,,a47be7464659f75e69ef6f7165a7b057a0fd433ed180af76723f9bb5e1576a82
SC-real-51200,S5,1,12,True,True,True,20.0,1111,,a47be7464659f75e69ef6f7165a7b057a0fd433ed180af76723f9bb5e1576a82
SC-real-51200,S5,1,13,True,True,True,20.0,1111,,a47be7464659f75e69ef6f7165a7b057a0fd433ed180af76723f9bb5e1576a82
SC-real-51200,S5,1,14,True,True,True,20.0,1111,,a47be7464659f75e69ef6f7165a7b057a0fd433ed180af76723f9bb5e1576a82
SC-real-51200,S5,1,15,True,True,True,20.0,1111,,a47be7464659f75e69ef6f7165a7b057a0fd433ed180af76723f9bb5e1576a82
SC-real-51200,S5,1,16,True,True,True,20.0,1111,,a47be7464659f75e69ef6f7165a7b057a0fd433ed180af76723f9bb5e1576a82
SC-real-51200,S5,1,17,True,True,True,20.0,1111,,a47be7464659f75e69ef6f7165a7b057a0fd433ed180af76723f9bb5e1576a82
SC-real-51200,S5,1,18,True,True,True,20.0,1111,,a47be7464659f75e69ef6f7165a7b057a0fd433ed180af76723f9bb5e1576a82
SC-real-51200,S5,1,19,True,True,True,20.0,1111,,a47be7464659f75e69ef6f7165a7b057a0fd433ed180af76723f9bb5e1576a82
SC-real-51200,S5,1,20,True,True,True,20.0,1111,,a47be7464659f75e69ef6f7165a7b057a0fd433ed180af76723f9bb5e1576a82
SC-real-51200,S5,1,21,True,True,True,20.0,1111,,a47be7464659f75e69ef6f7165a7b057a0fd433ed180af76723f9bb5e1576a82
SC-real-51200,S5,1,22,True,True,True,20.0,1111,,a47be7464659f75e69ef6f7165a7b057a0fd433ed180af76723f9bb5e1576a82
SC-real-51200,S5,1,23,True,True,True,20.0,1111,,a47be7464659f75e69ef6f7165a7b057a0fd433ed180af76723f9bb5e1576a82
SC-real-51200,S5,1,24,True,True,True,20.0,1111,,a47be7464659f75e69ef6f7165a7b057a0fd433ed180af76723f9bb5e1576a82
SC-real-51200,S5,1,25,True,True,True,20.0,1111,,a47be7464659f75e69ef6f7165a7b057a0fd433ed180af76723f9bb5e1576a82
SC-real-51200,S5,1,26,True,True,True,20.0,1111,,a47be7464659f75e69ef6f7165a7b057a0fd433ed180af76723f9bb5e1576a82
SC-real-51200,S5,1,27,True,True,True,20.0,1111,,a47be7464659f75e69ef6f7165a7b057a0fd433ed180af76723f9bb5e1576a82
SC-real-51200,S5,1,28,True,True,True,20.0,1111,,a47be7464659f75e69ef6f7165a7b057a0fd433ed180af76723f9bb5e1576a82
SC-real-51200,S5,1,29,True,True,True,20.0,1111,,a47be7464659f75e69ef6f7165a7b057a0fd433ed180af76723f9bb5e1576a82
SC-real-51200,S5,1,30,True,True,True,20.0,1111,,a47be7464659f75e69ef6f7165a7b057a0fd433ed180af76723f9bb5e1576a82
SC-real-51200,S5,1,31,True,True,True,20.0,1111,,a47be7464659f75e69ef6f7165a7b057a0fd433ed180af76723f9bb5e1576a82
SC-real-51200,S5,1,32,True,True,True,20.0,1111,,a47be7464659f75e69ef6f7165a7b057a0fd433ed180af76723f9bb5e1576a82
SC-real-51200,S5,1,33,True,True,True,20.0,1111,,a47be7464659f75e69ef6f7165a7b057a0fd433ed180af76723f9bb5e1576a82
SC-real-51200,S5,1,34,True,True,True,20.0,1111,,a47be7464659f75e69ef6f7165a7b057a0fd433ed180af76723f9bb5e1576a82
SC-real-51200,S5,1,35,True,True,True,20.0,1111,,a47be7464659f75e69ef6f7165a7b057a0fd433ed180af76723f9bb5e1576a82
SC-real-51200,S5,1,36,True,True,True,20.0,1111,,a47be7464659f75e69ef6f7165a7b057a0fd433ed180af76723f9bb5e1576a82
SC-real-51200,S5,1,37,True,True,True,20.0,1111,,a47be7464659f75e69ef6f7165a7b057a0fd433ed180af76723f9bb5e1576a82
SC-real-51200,S5,1,38,True,True,True,20.0,1111,,a47be7464659f75e69ef6f7165a7b057a0fd433ed180af76723f9bb5e1576a82
SC-real-51200,S5,1,39,True,True,True,20.0,1111,,a47be7464659f75e69ef6f7165a7b057a0fd433ed180af76723f9bb5e1576a82
SC-real-51200,S5,1,40,True,True,True,20.0,1111,,a47be7464659f75e69ef6f7165a7b057a0fd433ed180af76723f9bb5e1576a82
SC-real-51200,S5,1,41,True,True,True,20.0,1111,,a47be7464659f75e69ef6f7165a7b057a0fd433ed180af76723f9bb5e1576a82
SC-real-51200,S5,1,42,True,True,True,20.0,1111,,a47be7464659f75e69ef6f7165a7b057a0fd433ed180af76723f9bb5e1576a82
SC-real-51200,S5,1,43,True,True,True,20.0,1111,,a47be7464659f75e69ef6f7165a7b057a0fd433ed180af76723f9bb5e1576a82
SC-real-51200,S5,1,44,True,True,True,20.0,1111,,a47be7464659f75e69ef6f7165a7b057a0fd433ed180af76723f9bb5e1576a82
SC-real-51200,S5,1,45,True,True,True,20.0,1111,,a47be7464659f75e69ef6f7165a7b057a0fd433ed180af76723f9bb5e1576a82
SC-real-51200,S5,1,46,True,True,True,20.0,1111,,a47be7464659f75e69ef6f7165a7b057a0fd433ed180af76723f9bb5e1576a82
SC-real-51200,S5,1,47,True,True,True,20.0,1111,,a47be7464659f75e69ef6f7165a7b057a0fd433ed180af76723f9bb5e1576a82
SC-real-51200,S5,1,48,True,True,True,20.0,1111,,a47be7464659f75e69ef6f7165a7b057a0fd433ed180af76723f9bb5e1576a82
SC-real-51200,S5,1,49,True,True,True,20.0,1111,,a47be7464659f75e69ef6f7165a7b057a0fd433ed180af76723f9bb5e1576a82
SC-real-51200,S5,1,50,True,True,True,20.0,1111,,a47be7464659f75e69ef6f7165a7b057a0fd433ed180af76723f9bb5e1576a82
SC-real-51200,S5,1,51,True,True,True,20.0,1111,,a47be7464659f75e69ef6f7165a7b057a0fd433ed180af76723f9bb5e1576a82
SC-real-51200,S5,1,52,True,True,True,20.0,1111,,a47be7464659f75e69ef6f7165a7b057a0fd433ed180af76723f9bb5e1576a82
SC-real-51200,S5,1,53,True,True,True,20.0,1111,,a47be7464659f75e69ef6f7165a7b057a0fd433ed180af76723f9bb5e1576a82
SC-real-51200,S5,1,54,True,True,True,20.0,1111,,a47be7464659f75e69ef6f7165a7b057a0fd433ed180af76723f9bb5e1576a82
SC-real-51200,S5,1,55,False,True,True,20.0,0111,,a47be7464659f75e69ef6f7165a7b057a0fd433ed180af76723f9bb5e1576a82
SC-real-51200,S5,1,56,True,True,True,20.0,1111,,a47be7464659f75e69ef6f7165a7b057a0fd433ed180af76723f9bb5e1576a82
SC-real-51200,S5,1,57,True,True,True,20.0,1111,,a47be7464659f75e69ef6f7165a7b057a0fd433ed180af76723f9bb5e1576a82
SC-real-51200,S5,1,58,True,True,True,20.0,1111,,a47be7464659f75e69ef6f7165a7b057a0fd433ed180af76723f9bb5e1576a82
SC-real-51200,S5,1,59,True,True,True,20.0,1111,,a47be7464659f75e69ef6f7165a7b057a0fd433ed180af76723f9bb5e1576a82
SC-real-51200,S5,1,60,True,True,True,20.0,1111,,a47be7464659f75e69ef6f7165a7b057a0fd433ed180af76723f9bb5e1576a82
SC-real-51200,S5,1,61,True,True,True,20.0,1111,,a47be7464659f75e69ef6f7165a7b057a0fd433ed180af76723f9bb5e1576a82
SC-real-51200,S5,1,62,True,True,True,20.0,1111,,a47be7464659f75e69ef6f7165a7b057a0fd433ed180af76723f9bb5e1576a82
SC-real-51200,S5,1,63,True,True,True,20.0,1111,,a47be7464659f75e69ef6f7165a7b057a0fd433ed180af76723f9bb5e1576a82
SC-real-51200,S5,1,64,True,True,True,20.0,1111,,a47be7464659f75e69ef6f7165a7b057a0fd433ed180af76723f9bb5e1576a82
SC-real-51200,S5,1,65,True,True,True,20.0,1111,,a47be7464659f75e69ef6f7165a7b057a0fd433ed180af76723f9bb5e1576a82
SC-real-51200,S5,1,66,True,True,True,20.0,1111,,a47be7464659f75e69ef6f7165a7b057a0fd433ed180af76723f9bb5e1576a82
SC-real-51200,S5,1,67,True,True,True,20.0,1111,,a47be7464659f75e69ef6f7165a7b057a0fd433ed180af76723f9bb5e1576a82
SC-real-51200,S5,1,68,True,True,True,20.0,1111,,a47be7464659f75e69ef6f7165a7b057a0fd433ed180af76723f9bb5e1576a82
SC-real-51200,S5,1,69,True,True,True,20.0,1111,,a47be7464659f75e69ef6f7165a7b057a0fd433ed180af76723f9bb5e1576a82
SC-real-51200,S5,1,70,True,True,True,20.0,1111,,a47be7464659f75e69ef6f7165a7b057a0fd433ed180af76723f9bb5e1576a82
SC-real-51200,S5,1,71,True,True,True,20.0,1111,,a47be7464659f75e69ef6f7165a7b057a0fd433ed180af76723f9bb5e1576a82
SC-real-51200,S5,1,72,True,True,True,20.0,1111,,a47be7464659f75e69ef6f7165a7b057a0fd433ed180af76723f9bb5e1576a82
SC-real-51200,S5,1,73,True,True,True,20.0,1111,,a47be7464659f75e69ef6f7165a7b057a0fd433ed180af76723f9bb5e1576a82
SC-real-51200,S5,1,74,True,True,True,20.0,1111,,a47be7464659f75e69ef6f7165a7b057a0fd433ed180af76723f9bb5e1576a82
SC-real-51200,S5,1,75,True,True,True,20.0,1111,,a47be7464659f75e69ef6f7165a7b057a0fd433ed180af76723f9bb5e1576a82
SC-real-51200,S5,1,76,True,True,True,20.0,1111,,a47be7464659f75e69ef6f7165a7b057a0fd433ed180af76723f9bb5e1576a82
SC-real-51200,S5,1,77,True,True,True,20.0,1111,,a47be7464659f75e69ef6f7165a7b057a0fd433ed180af76723f9bb5e1576a82
SC-real-51200,S5,1,78,True,True,True,20.0,1111,,a47be7464659f75e69ef6f7165a7b057a0fd433ed180af76723f9bb5e1576a82
SC-real-51200,S5,1,79,True,True,True,20.0,1111,,a47be7464659f75e69ef6f7165a7b057a0fd433ed180af76723f9bb5e1576a82
SC-real-51200,S5,1,80,True,True,True,20.0,1111,,a47be7464659f75e69ef6f7165a7b057a0fd433ed180af76723f9bb5e1576a82
SC-real-51200,S5,1,81,True,True,True,20.0,1111,,a47be7464659f75e69ef6f7165a7b057a0fd433ed180af76723f9bb5e1576a82
SC-real-51200,S5,1,82,True,True,True,20.0,1111,,a47be7464659f75e69ef6f7165a7b057a0fd433ed180af76723f9bb5e1576a82
SC-real-51200,S5,1,83,True,True,True,20.0,1111,,a47be7464659f75e69ef6f7165a7b057a0fd433ed180af76723f9bb5e1576a82
SC-real-51200,S5,1,84,True,True,True,20.0,1111,,a47be7464659f75e69ef6f7165a7b057a0fd433ed180af76723f9bb5e1576a82
SC-real-51200,S5,1,85,False,True,True,20.0,0111,,a47be7464659f75e69ef6f7165a7b057a0fd433ed180af76723f9bb5e1576a82
SC-real-51200,S5,1,86,True,True,True,20.0,1111,,a47be7464659f75e69ef6f7165a7b057a0fd433ed180af76723f9bb5e1576a82
SC-real-51200,S5,1,87,True,True,True,20.0,1111,,a47be7464659f75e69ef6f7165a7b057a0fd433ed180af76723f9bb5e1576a82
SC-real-51200,S5,1,88,True,True,True,20.0,1111,,a47be7464659f75e69ef6f7165a7b057a0fd433ed180af76723f9bb5e1576a82
SC-real-51200,S5,1,89,True,True,True,20.0,1111,,a47be7464659f75e69ef6f7165a7b057a0fd433ed180af76723f9bb5e1576a82
SC-real-51200,S5,1,90,True,True,True,20.0,1111,,a47be7464659f75e69ef6f7165a7b057a0fd433ed180af76723f9bb5e1576a82
SC-real-51200,S5,1,91,True,True,True,20.0,1111,,a47be7464659f75e69ef6f7165a7b057a0fd433ed180af76723f9bb5e1576a82
SC-real-51200,S5,1,92,True,True,True,20.0,1111,,a47be7464659f75e69ef6f7165a7b057a0fd433ed180af76723f9bb5e1576a82
SC-real-51200,S5,1,93,True,True,True,20.0,1111,,a47be7464659f75e69ef6f7165a7b057a0fd433ed180af76723f9bb5e1576a82
SC-real-51200,S5,1,94,True,True,True,20.0,1111,,a47be7464659f75e69ef6f7165a7b057a0fd433ed180af76723f9bb5e1576a82
SC-real-51200,S5,1,95,True,True,True,20.0,1111,,a47be7464659f75e69ef6f7165a7b057a0fd433ed180af76723f9bb5e1576a82
SC-real-51200,S5,1,96,True,True,True,20.0,1111,,a47be7464659f75e69ef6f7165a7b057a0fd433ed180af76723f9bb5e1576a82
SC-real-51200,S5,1,97,True,True,True,20.0,1111,,a47be7464659f75e69ef6f7165a7b057a0fd433ed180af76723f9bb5e1576a82
SC-real-51200,S5,1,98,True,True,True,20.0,1111,,a47be7464659f75e69ef6f7165a7b057a0fd433ed180af76723f9bb5e1576a82
SC-real-51200,S5,1,99,True,True,True,20.0,1111,,a47be7464659f75e69ef6f7165a7b057a0fd433ed180af76723f9bb5e1576a82
SC-real-51200,S5,1,100,True,True,True,20.0,1111,,a47be7464659f75e69ef6f7165a7b057a0fd433ed180af76723f9bb5e1576a82
SC-real-51200,S5,1,101,True,True,True,20.0,1111,,a47be7464659f75e69ef6f7165a7b057a0fd433ed180af76723f9bb5e1576a82
SC-real-51200,S5,1,102,True,True,True,20.0,1111,,a47be7464659f75e69ef6f7165a7b057a0fd433ed180af76723f9bb5e1576a82
SC-real-51200,S5,1,103,True,True,True,20.0,1111,,a47be7464659f75e69ef6f7165a7b057a0fd433ed180af76723f9bb5e1576a82
SC-real-51200,S5,1,104,True,True,True,20.0,1111,,a47be7464659f75e69ef6f7165a7b057a0fd433ed180af76723f9bb5e1576a82
SC-real-51200,S5,1,105,True,True,True,20.0,1111,,a47be7464659f75e69ef6f7165a7b057a0fd433ed180af76723f9bb5e1576a82
SC-real-51200,S5,1,106,True,True,True,20.0,1111,,a47be7464659f75e69ef6f7165a7b057a0fd433ed180af76723f9bb5e1576a82
SC-real-51200,S5,1,107,True,True,True,20.0,1111,,a47be7464659f75e69ef6f7165a7b057a0fd433ed180af76723f9bb5e1576a82
SC-real-51200,S5,1,108,True,True,True,20.0,1111,,a47be7464659f75e69ef6f7165a7b057a0fd433ed180af76723f9bb5e1576a82
SC-real-51200,S5,1,109,True,True,True,20.0,1111,,a47be7464659f75e69ef6f7165a7b057a0fd433ed180af76723f9bb5e1576a82
SC-real-51200,S5,1,110,True,True,True,20.0,1111,,a47be7464659f75e69ef6f7165a7b057a0fd433ed180af76723f9bb5e1576a82
SC-real-51200,S5,1,111,False,True,True,20.0,0111,,a47be7464659f75e69ef6f7165a7b057a0fd433ed180af76723f9bb5e1576a82
SC-real-51200,S5,1,112,True,True,True,20.0,1111,,a47be7464659f75e69ef6f7165a7b057a0fd433ed180af76723f9bb5e1576a82
SC-real-51200,S5,1,113,True,True,True,20.0,1111,,a47be7464659f75e69ef6f7165a7b057a0fd433ed180af76723f9bb5e1576a82
SC-real-51200,S5,1,114,True,True,True,20.0,1111,,a47be7464659f75e69ef6f7165a7b057a0fd433ed180af76723f9bb5e1576a82
SC-real-51200,S5,1,115,True,True,True,20.0,1111,,a47be7464659f75e69ef6f7165a7b057a0fd433ed180af76723f9bb5e1576a82
SC-real-51200,S5,1,116,True,True,True,20.0,1111,,a47be7464659f75e69ef6f7165a7b057a0fd433ed180af76723f9bb5e1576a82
SC-real-51200,S5,1,117,True,True,True,20.0,1111,,a47be7464659f75e69ef6f7165a7b057a0fd433ed180af76723f9bb5e1576a82
SC-real-51200,S5,1,118,True,True,True,20.0,1111,,a47be7464659f75e69ef6f7165a7b057a0fd433ed180af76723f9bb5e1576a82
SC-real-51200,S5,1,119,True,True,True,20.0,1111,,a47be7464659f75e69ef6f7165a7b057a0fd433ed180af76723f9bb5e1576a82
SC-real-51200,S5,1,120,True,True,True,20.0,1111,,a47be7464659f75e69ef6f7165a7b057a0fd433ed180af76723f9bb5e1576a82
SC-real-51200,S5,1,121,True,True,True,20.0,1111,,a47be7464659f75e69ef6f7165a7b057a0fd433ed180af76723f9bb5e1576a82
SC-real-51200,S5,1,122,True,True,True,20.0,1111,,a47be7464659f75e69ef6f7165a7b057a0fd433ed180af76723f9bb5e1576a82
SC-real-51200,S5,1,123,True,True,True,20.0,1111,,a47be7464659f75e69ef6f7165a7b057a0fd433ed180af76723f9bb5e1576a82
SC-real-51200,S5,1,124,True,True,True,20.0,1111,,a47be7464659f75e69ef6f7165a7b057a0fd433ed180af76723f9bb5e1576a82
SC-real-51200,S5,1,125,True,True,True,20.0,1111,,a47be7464659f75e69ef6f7165a7b057a0fd433ed180af76723f9bb5e1576a82
SC-real-51200,S5,1,126,True,True,True,20.0,1111,,a47be7464659f75e69ef6f7165a7b057a0fd433ed180af76723f9bb5e1576a82
SC-real-51200,S5,1,127,True,True,True,20.0,1111,,a47be7464659f75e69ef6f7165a7b057a0fd433ed180af76723f9bb5e1576a82
SC-real-51200,S5,2,0,True,True,True,20.0,1111,,a47be7464659f75e69ef6f7165a7b057a0fd433ed180af76723f9bb5e1576a82
SC-real-51200,S5,2,1,True,True,True,20.0,1111,,a47be7464659f75e69ef6f7165a7b057a0fd433ed180af76723f9bb5e1576a82
SC-real-51200,S5,2,2,True,True,True,20.0,1111,,a47be7464659f75e69ef6f7165a7b057a0fd433ed180af76723f9bb5e1576a82
SC-real-51200,S5,2,3,False,True,True,20.0,0101,,a47be7464659f75e69ef6f7165a7b057a0fd433ed180af76723f9bb5e1576a82
SC-real-51200,S5,2,4,True,True,True,20.0,1111,,a47be7464659f75e69ef6f7165a7b057a0fd433ed180af76723f9bb5e1576a82
SC-real-51200,S5,2,5,True,True,True,20.0,1111,,a47be7464659f75e69ef6f7165a7b057a0fd433ed180af76723f9bb5e1576a82
SC-real-51200,S5,2,6,True,True,True,20.0,1111,,a47be7464659f75e69ef6f7165a7b057a0fd433ed180af76723f9bb5e1576a82
SC-real-51200,S5,2,7,True,True,True,20.0,1111,,a47be7464659f75e69ef6f7165a7b057a0fd433ed180af76723f9bb5e1576a82
SC-real-51200,S5,2,8,True,True,True,20.0,1111,,a47be7464659f75e69ef6f7165a7b057a0fd433ed180af76723f9bb5e1576a82
SC-real-51200,S5,2,9,True,True,True,20.0,1111,,a47be7464659f75e69ef6f7165a7b057a0fd433ed180af76723f9bb5e1576a82
SC-real-51200,S5,2,10,True,True,True,20.0,1111,,a47be7464659f75e69ef6f7165a7b057a0fd433ed180af76723f9bb5e1576a82
SC-real-51200,S5,2,11,True,True,True,20.0,1111,,a47be7464659f75e69ef6f7165a7b057a0fd433ed180af76723f9bb5e1576a82
SC-real-51200,S5,2,12,True,True,True,20.0,1111,,a47be7464659f75e69ef6f7165a7b057a0fd433ed180af76723f9bb5e1576a82
SC-real-51200,S5,2,13,False,True,True,20.0,1101,,a47be7464659f75e69ef6f7165a7b057a0fd433ed180af76723f9bb5e1576a82
SC-real-51200,S5,2,14,True,True,True,20.0,1111,,a47be7464659f75e69ef6f7165a7b057a0fd433ed180af76723f9bb5e1576a82
SC-real-51200,S5,2,15,True,True,True,20.0,1111,,a47be7464659f75e69ef6f7165a7b057a0fd433ed180af76723f9bb5e1576a82
SC-real-51200,S5,2,16,True,True,True,20.0,1111,,a47be7464659f75e69ef6f7165a7b057a0fd433ed180af76723f9bb5e1576a82
SC-real-51200,S5,2,17,True,True,True,20.0,1111,,a47be7464659f75e69ef6f7165a7b057a0fd433ed180af76723f9bb5e1576a82
SC-real-51200,S5,2,18,True,True,True,20.0,1111,,a47be7464659f75e69ef6f7165a7b057a0fd433ed180af76723f9bb5e1576a82
SC-real-51200,S5,2,19,True,True,True,20.0,1111,,a47be7464659f75e69ef6f7165a7b057a0fd433ed180af76723f9bb5e1576a82
SC-real-51200,S5,2,20,True,True,True,20.0,1111,,a47be7464659f75e69ef6f7165a7b057a0fd433ed180af76723f9bb5e1576a82
SC-real-51200,S5,2,21,True,True,True,20.0,1111,,a47be7464659f75e69ef6f7165a7b057a0fd433ed180af76723f9bb5e1576a82
SC-real-51200,S5,2,22,True,True,True,20.0,1111,,a47be7464659f75e69ef6f7165a7b057a0fd433ed180af76723f9bb5e1576a82
SC-real-51200,S5,2,23,True,True,True,20.0,1111,,a47be7464659f75e69ef6f7165a7b057a0fd433ed180af76723f9bb5e1576a82
SC-real-51200,S5,2,24,True,True,True,20.0,1111,,a47be7464659f75e69ef6f7165a7b057a0fd433ed180af76723f9bb5e1576a82
SC-real-51200,S5,2,25,True,True,True,20.0,1111,,a47be7464659f75e69ef6f7165a7b057a0fd433ed180af76723f9bb5e1576a82
SC-real-51200,S5,2,26,True,True,True,20.0,1111,,a47be7464659f75e69ef6f7165a7b057a0fd433ed180af76723f9bb5e1576a82
SC-real-51200,S5,2,27,True,True,True,20.0,1111,,a47be7464659f75e69ef6f7165a7b057a0fd433ed180af76723f9bb5e1576a82
SC-real-51200,S5,2,28,True,True,True,20.0,1111,,a47be7464659f75e69ef6f7165a7b057a0fd433ed180af76723f9bb5e1576a82
SC-real-51200,S5,2,29,True,True,True,20.0,1111,,a47be7464659f75e69ef6f7165a7b057a0fd433ed180af76723f9bb5e1576a82
SC-real-51200,S5,2,30,True,True,True,20.0,1111,,a47be7464659f75e69ef6f7165a7b057a0fd433ed180af76723f9bb5e1576a82
SC-real-51200,S5,2,31,True,True,True,20.0,1111,,a47be7464659f75e69ef6f7165a7b057a0fd433ed180af76723f9bb5e1576a82
SC-real-51200,S5,2,32,True,True,True,20.0,1111,,a47be7464659f75e69ef6f7165a7b057a0fd433ed180af76723f9bb5e1576a82
SC-real-51200,S5,2,33,True,True,True,20.0,1111,,a47be7464659f75e69ef6f7165a7b057a0fd433ed180af76723f9bb5e1576a82
SC-real-51200,S5,2,34,True,True,True,20.0,1111,,a47be7464659f75e69ef6f7165a7b057a0fd433ed180af76723f9bb5e1576a82
SC-real-51200,S5,2,35,True,True,True,20.0,1111,,a47be7464659f75e69ef6f7165a7b057a0fd433ed180af76723f9bb5e1576a82
SC-real-51200,S5,2,36,True,True,True,20.0,1111,,a47be7464659f75e69ef6f7165a7b057a0fd433ed180af76723f9bb5e1576a82
SC-real-51200,S5,2,37,True,True,True,20.0,1111,,a47be7464659f75e69ef6f7165a7b057a0fd433ed180af76723f9bb5e1576a82
SC-real-51200,S5,2,38,True,True,True,20.0,1111,,a47be7464659f75e69ef6f7165a7b057a0fd433ed180af76723f9bb5e1576a82
SC-real-51200,S5,2,39,True,True,True,20.0,1111,,a47be7464659f75e69ef6f7165a7b057a0fd433ed180af76723f9bb5e1576a82
SC-real-51200,S5,2,40,True,True,True,20.0,1111,,a47be7464659f75e69ef6f7165a7b057a0fd433ed180af76723f9bb5e1576a82
SC-real-51200,S5,2,41,True,True,True,20.0,1111,,a47be7464659f75e69ef6f7165a7b057a0fd433ed180af76723f9bb5e1576a82
SC-real-51200,S5,2,42,True,True,True,20.0,1111,,a47be7464659f75e69ef6f7165a7b057a0fd433ed180af76723f9bb5e1576a82
SC-real-51200,S5,2,43,True,True,True,20.0,1111,,a47be7464659f75e69ef6f7165a7b057a0fd433ed180af76723f9bb5e1576a82
SC-real-51200,S5,2,44,True,True,True,20.0,1111,,a47be7464659f75e69ef6f7165a7b057a0fd433ed180af76723f9bb5e1576a82
SC-real-51200,S5,2,45,True,True,True,20.0,1111,,a47be7464659f75e69ef6f7165a7b057a0fd433ed180af76723f9bb5e1576a82
SC-real-51200,S5,2,46,True,True,True,20.0,1111,,a47be7464659f75e69ef6f7165a7b057a0fd433ed180af76723f9bb5e1576a82
SC-real-51200,S5,2,47,True,True,True,20.0,1111,,a47be7464659f75e69ef6f7165a7b057a0fd433ed180af76723f9bb5e1576a82
SC-real-51200,S5,2,48,False,True,True,20.0,0101,,a47be7464659f75e69ef6f7165a7b057a0fd433ed180af76723f9bb5e1576a82
SC-real-51200,S5,2,49,False,True,True,20.0,0111,,a47be7464659f75e69ef6f7165a7b057a0fd433ed180af76723f9bb5e1576a82
SC-real-51200,S5,2,50,True,True,True,20.0,1111,,a47be7464659f75e69ef6f7165a7b057a0fd433ed180af76723f9bb5e1576a82
SC-real-51200,S5,2,51,True,True,True,20.0,1111,,a47be7464659f75e69ef6f7165a7b057a0fd433ed180af76723f9bb5e1576a82
SC-real-51200,S5,2,52,True,True,True,20.0,1111,,a47be7464659f75e69ef6f7165a7b057a0fd433ed180af76723f9bb5e1576a82
SC-real-51200,S5,2,53,True,True,True,20.0,1111,,a47be7464659f75e69ef6f7165a7b057a0fd433ed180af76723f9bb5e1576a82
SC-real-51200,S5,2,54,True,True,True,20.0,1111,,a47be7464659f75e69ef6f7165a7b057a0fd433ed180af76723f9bb5e1576a82
SC-real-51200,S5,2,55,True,True,True,20.0,1111,,a47be7464659f75e69ef6f7165a7b057a0fd433ed180af76723f9bb5e1576a82
SC-real-51200,S5,2,56,True,True,True,20.0,1111,,a47be7464659f75e69ef6f7165a7b057a0fd433ed180af76723f9bb5e1576a82
SC-real-51200,S5,2,57,True,True,True,20.0,1111,,a47be7464659f75e69ef6f7165a7b057a0fd433ed180af76723f9bb5e1576a82
SC-real-51200,S5,2,58,True,True,True,20.0,1111,,a47be7464659f75e69ef6f7165a7b057a0fd433ed180af76723f9bb5e1576a82
SC-real-51200,S5,2,59,True,True,True,20.0,1111,,a47be7464659f75e69ef6f7165a7b057a0fd433ed180af76723f9bb5e1576a82
SC-real-51200,S5,2,60,True,True,True,20.0,1111,,a47be7464659f75e69ef6f7165a7b057a0fd433ed180af76723f9bb5e1576a82
SC-real-51200,S5,2,61,True,True,True,20.0,1111,,a47be7464659f75e69ef6f7165a7b057a0fd433ed180af76723f9bb5e1576a82
SC-real-51200,S5,2,62,True,True,True,20.0,1111,,a47be7464659f75e69ef6f7165a7b057a0fd433ed180af76723f9bb5e1576a82
SC-real-51200,S5,2,63,True,True,True,20.0,1111,,a47be7464659f75e69ef6f7165a7b057a0fd433ed180af76723f9bb5e1576a82
SC-real-51200,S5,2,64,True,True,True,20.0,1111,,a47be7464659f75e69ef6f7165a7b057a0fd433ed180af76723f9bb5e1576a82
SC-real-51200,S5,2,65,True,True,True,20.0,1111,,a47be7464659f75e69ef6f7165a7b057a0fd433ed180af76723f9bb5e1576a82
SC-real-51200,S5,2,66,True,True,True,20.0,1111,,a47be7464659f75e69ef6f7165a7b057a0fd433ed180af76723f9bb5e1576a82
SC-real-51200,S5,2,67,True,True,True,20.0,1111,,a47be7464659f75e69ef6f7165a7b057a0fd433ed180af76723f9bb5e1576a82
SC-real-51200,S5,2,68,False,True,True,20.0,0101,,a47be7464659f75e69ef6f7165a7b057a0fd433ed180af76723f9bb5e1576a82
SC-real-51200,S5,2,69,True,True,True,20.0,1111,,a47be7464659f75e69ef6f7165a7b057a0fd433ed180af76723f9bb5e1576a82
SC-real-51200,S5,2,70,True,True,True,20.0,1111,,a47be7464659f75e69ef6f7165a7b057a0fd433ed180af76723f9bb5e1576a82
SC-real-51200,S5,2,71,True,True,True,20.0,1111,,a47be7464659f75e69ef6f7165a7b057a0fd433ed180af76723f9bb5e1576a82
SC-real-51200,S5,2,72,True,True,True,20.0,1111,,a47be7464659f75e69ef6f7165a7b057a0fd433ed180af76723f9bb5e1576a82
SC-real-51200,S5,2,73,True,True,True,20.0,1111,,a47be7464659f75e69ef6f7165a7b057a0fd433ed180af76723f9bb5e1576a82
SC-real-51200,S5,2,74,True,True,True,20.0,1111,,a47be7464659f75e69ef6f7165a7b057a0fd433ed180af76723f9bb5e1576a82
SC-real-51200,S5,2,75,True,True,True,20.0,1111,,a47be7464659f75e69ef6f7165a7b057a0fd433ed180af76723f9bb5e1576a82
SC-real-51200,S5,2,76,True,True,True,20.0,1111,,a47be7464659f75e69ef6f7165a7b057a0fd433ed180af76723f9bb5e1576a82
SC-real-51200,S5,2,77,True,True,True,20.0,1111,,a47be7464659f75e69ef6f7165a7b057a0fd433ed180af76723f9bb5e1576a82
SC-real-51200,S5,2,78,True,True,True,20.0,1111,,a47be7464659f75e69ef6f7165a7b057a0fd433ed180af76723f9bb5e1576a82
SC-real-51200,S5,2,79,True,True,True,20.0,1111,,a47be7464659f75e69ef6f7165a7b057a0fd433ed180af76723f9bb5e1576a82
SC-real-51200,S5,2,80,True,True,True,20.0,1111,,a47be7464659f75e69ef6f7165a7b057a0fd433ed180af76723f9bb5e1576a82
SC-real-51200,S5,2,81,True,True,True,20.0,1111,,a47be7464659f75e69ef6f7165a7b057a0fd433ed180af76723f9bb5e1576a82
SC-real-51200,S5,2,82,True,True,True,20.0,1111,,a47be7464659f75e69ef6f7165a7b057a0fd433ed180af76723f9bb5e1576a82
SC-real-51200,S5,2,83,True,True,True,20.0,1111,,a47be7464659f75e69ef6f7165a7b057a0fd433ed180af76723f9bb5e1576a82
SC-real-51200,S5,2,84,True,True,True,20.0,1111,,a47be7464659f75e69ef6f7165a7b057a0fd433ed180af76723f9bb5e1576a82
SC-real-51200,S5,2,85,True,True,True,20.0,1111,,a47be7464659f75e69ef6f7165a7b057a0fd433ed180af76723f9bb5e1576a82
SC-real-51200,S5,2,86,True,True,True,20.0,1111,,a47be7464659f75e69ef6f7165a7b057a0fd433ed180af76723f9bb5e1576a82
SC-real-51200,S5,2,87,True,True,True,20.0,1111,,a47be7464659f75e69ef6f7165a7b057a0fd433ed180af76723f9bb5e1576a82
SC-real-51200,S5,2,88,False,True,True,20.0,1101,,a47be7464659f75e69ef6f7165a7b057a0fd433ed180af76723f9bb5e1576a82
SC-real-51200,S5,2,89,True,True,True,20.0,1111,,a47be7464659f75e69ef6f7165a7b057a0fd433ed180af76723f9bb5e1576a82
SC-real-51200,S5,2,90,False,True,True,20.0,1101,,a47be7464659f75e69ef6f7165a7b057a0fd433ed180af76723f9bb5e1576a82
SC-real-51200,S5,2,91,True,True,True,20.0,1111,,a47be7464659f75e69ef6f7165a7b057a0fd433ed180af76723f9bb5e1576a82
SC-real-51200,S5,2,92,True,True,True,20.0,1111,,a47be7464659f75e69ef6f7165a7b057a0fd433ed180af76723f9bb5e1576a82
SC-real-51200,S5,2,93,True,True,True,20.0,1111,,a47be7464659f75e69ef6f7165a7b057a0fd433ed180af76723f9bb5e1576a82
SC-real-51200,S5,2,94,True,True,True,20.0,1111,,a47be7464659f75e69ef6f7165a7b057a0fd433ed180af76723f9bb5e1576a82
SC-real-51200,S5,2,95,True,True,True,20.0,1111,,a47be7464659f75e69ef6f7165a7b057a0fd433ed180af76723f9bb5e1576a82
SC-real-51200,S5,2,96,True,True,True,20.0,1111,,a47be7464659f75e69ef6f7165a7b057a0fd433ed180af76723f9bb5e1576a82
SC-real-51200,S5,2,97,True,True,True,20.0,1111,,a47be7464659f75e69ef6f7165a7b057a0fd433ed180af76723f9bb5e1576a82
SC-real-51200,S5,2,98,True,True,True,20.0,1111,,a47be7464659f75e69ef6f7165a7b057a0fd433ed180af76723f9bb5e1576a82
SC-real-51200,S5,2,99,True,True,True,20.0,1111,,a47be7464659f75e69ef6f7165a7b057a0fd433ed180af76723f9bb5e1576a82
SC-real-51200,S5,2,100,False,True,True,20.0,0101,,a47be7464659f75e69ef6f7165a7b057a0fd433ed180af76723f9bb5e1576a82
SC-real-51200,S5,2,101,True,True,True,20.0,1111,,a47be7464659f75e69ef6f7165a7b057a0fd433ed180af76723f9bb5e1576a82
SC-real-51200,S5,2,102,True,True,True,20.0,1111,,a47be7464659f75e69ef6f7165a7b057a0fd433ed180af76723f9bb5e1576a82
SC-real-51200,S5,2,103,True,True,True,20.0,1111,,a47be7464659f75e69ef6f7165a7b057a0fd433ed180af76723f9bb5e1576a82
SC-real-51200,S5,2,104,True,True,True,20.0,1111,,a47be7464659f75e69ef6f7165a7b057a0fd433ed180af76723f9bb5e1576a82
SC-real-51200,S5,2,105,True,True,True,20.0,1111,,a47be7464659f75e69ef6f7165a7b057a0fd433ed180af76723f9bb5e1576a82
SC-real-51200,S5,2,106,True,True,True,20.0,1111,,a47be7464659f75e69ef6f7165a7b057a0fd433ed180af76723f9bb5e1576a82
SC-real-51200,S5,2,107,True,True,True,20.0,1111,,a47be7464659f75e69ef6f7165a7b057a0fd433ed180af76723f9bb5e1576a82
SC-real-51200,S5,2,108,True,True,True,20.0,1111,,a47be7464659f75e69ef6f7165a7b057a0fd433ed180af76723f9bb5e1576a82
SC-real-51200,S5,2,109,True,True,True,20.0,1111,,a47be7464659f75e69ef6f7165a7b057a0fd433ed180af76723f9bb5e1576a82
SC-real-51200,S5,2,110,True,True,True,20.0,1111,,a47be7464659f75e69ef6f7165a7b057a0fd433ed180af76723f9bb5e1576a82
SC-real-51200,S5,2,111,False,True,True,20.0,0101,,a47be7464659f75e69ef6f7165a7b057a0fd433ed180af76723f9bb5e1576a82
SC-real-51200,S5,2,112,True,True,True,20.0,1111,,a47be7464659f75e69ef6f7165a7b057a0fd433ed180af76723f9bb5e1576a82
SC-real-51200,S5,2,113,True,True,True,20.0,1111,,a47be7464659f75e69ef6f7165a7b057a0fd433ed180af76723f9bb5e1576a82
SC-real-51200,S5,2,114,True,True,True,20.0,1111,,a47be7464659f75e69ef6f7165a7b057a0fd433ed180af76723f9bb5e1576a82
SC-real-51200,S5,2,115,True,True,True,20.0,1111,,a47be7464659f75e69ef6f7165a7b057a0fd433ed180af76723f9bb5e1576a82
SC-real-51200,S5,2,116,True,True,True,20.0,1111,,a47be7464659f75e69ef6f7165a7b057a0fd433ed180af76723f9bb5e1576a82
SC-real-51200,S5,2,117,True,True,True,20.0,1111,,a47be7464659f75e69ef6f7165a7b057a0fd433ed180af76723f9bb5e1576a82
SC-real-51200,S5,2,118,True,True,True,20.0,1111,,a47be7464659f75e69ef6f7165a7b057a0fd433ed180af76723f9bb5e1576a82
SC-real-51200,S5,2,119,True,True,True,20.0,1111,,a47be7464659f75e69ef6f7165a7b057a0fd433ed180af76723f9bb5e1576a82
SC-real-51200,S5,2,120,False,True,True,20.0,1101,,a47be7464659f75e69ef6f7165a7b057a0fd433ed180af76723f9bb5e1576a82
SC-real-51200,S5,2,121,False,True,True,20.0,1101,,a47be7464659f75e69ef6f7165a7b057a0fd433ed180af76723f9bb5e1576a82
SC-real-51200,S5,2,122,True,True,True,20.0,1111,,a47be7464659f75e69ef6f7165a7b057a0fd433ed180af76723f9bb5e1576a82
SC-real-51200,S5,2,123,True,True,True,20.0,1111,,a47be7464659f75e69ef6f7165a7b057a0fd433ed180af76723f9bb5e1576a82
SC-real-51200,S5,2,124,True,True,True,20.0,1111,,a47be7464659f75e69ef6f7165a7b057a0fd433ed180af76723f9bb5e1576a82
SC-real-51200,S5,2,125,True,True,True,20.0,1111,,a47be7464659f75e69ef6f7165a7b057a0fd433ed180af76723f9bb5e1576a82
SC-real-51200,S5,2,126,True,True,True,20.0,1111,,a47be7464659f75e69ef6f7165a7b057a0fd433ed180af76723f9bb5e1576a82
SC-real-51200,S5,2,127,True,True,True,20.0,1111,,a47be7464659f75e69ef6f7165a7b057a0fd433ed180af76723f9bb5e1576a82
SC-real-51200,S5,3,0,False,True,True,20.0,0101,,a47be7464659f75e69ef6f7165a7b057a0fd433ed180af76723f9bb5e1576a82
SC-real-51200,S5,3,1,True,True,True,20.0,1111,,a47be7464659f75e69ef6f7165a7b057a0fd433ed180af76723f9bb5e1576a82
SC-real-51200,S5,3,2,True,True,True,20.0,1111,,a47be7464659f75e69ef6f7165a7b057a0fd433ed180af76723f9bb5e1576a82
SC-real-51200,S5,3,3,False,True,True,20.0,1101,,a47be7464659f75e69ef6f7165a7b057a0fd433ed180af76723f9bb5e1576a82
SC-real-51200,S5,3,4,False,True,True,20.0,0101,,a47be7464659f75e69ef6f7165a7b057a0fd433ed180af76723f9bb5e1576a82
SC-real-51200,S5,3,5,False,True,True,20.0,0101,,a47be7464659f75e69ef6f7165a7b057a0fd433ed180af76723f9bb5e1576a82
SC-real-51200,S5,3,6,False,True,True,20.0,0101,,a47be7464659f75e69ef6f7165a7b057a0fd433ed180af76723f9bb5e1576a82
SC-real-51200,S5,3,7,True,True,True,20.0,1111,,a47be7464659f75e69ef6f7165a7b057a0fd433ed180af76723f9bb5e1576a82
SC-real-51200,S5,3,8,True,True,True,20.0,1111,,a47be7464659f75e69ef6f7165a7b057a0fd433ed180af76723f9bb5e1576a82
SC-real-51200,S5,3,9,False,True,True,20.0,0101,,a47be7464659f75e69ef6f7165a7b057a0fd433ed180af76723f9bb5e1576a82
SC-real-51200,S5,3,10,False,True,True,20.0,1101,,a47be7464659f75e69ef6f7165a7b057a0fd433ed180af76723f9bb5e1576a82
SC-real-51200,S5,3,11,True,True,True,20.0,1111,,a47be7464659f75e69ef6f7165a7b057a0fd433ed180af76723f9bb5e1576a82
SC-real-51200,S5,3,12,False,True,True,20.0,0101,,a47be7464659f75e69ef6f7165a7b057a0fd433ed180af76723f9bb5e1576a82
SC-real-51200,S5,3,13,False,True,True,20.0,0101,,a47be7464659f75e69ef6f7165a7b057a0fd433ed180af76723f9bb5e1576a82
SC-real-51200,S5,3,14,False,True,True,20.0,1101,,a47be7464659f75e69ef6f7165a7b057a0fd433ed180af76723f9bb5e1576a82
SC-real-51200,S5,3,15,False,True,True,20.0,0101,,a47be7464659f75e69ef6f7165a7b057a0fd433ed180af76723f9bb5e1576a82
SC-real-51200,S5,3,16,True,True,True,20.0,1111,,a47be7464659f75e69ef6f7165a7b057a0fd433ed180af76723f9bb5e1576a82
SC-real-51200,S5,3,17,True,True,True,20.0,1111,,a47be7464659f75e69ef6f7165a7b057a0fd433ed180af76723f9bb5e1576a82
SC-real-51200,S5,3,18,True,True,True,20.0,1111,,a47be7464659f75e69ef6f7165a7b057a0fd433ed180af76723f9bb5e1576a82
SC-real-51200,S5,3,19,False,True,True,20.0,0101,,a47be7464659f75e69ef6f7165a7b057a0fd433ed180af76723f9bb5e1576a82
SC-real-51200,S5,3,20,True,True,True,20.0,1111,,a47be7464659f75e69ef6f7165a7b057a0fd433ed180af76723f9bb5e1576a82
SC-real-51200,S5,3,21,True,True,True,20.0,1111,,a47be7464659f75e69ef6f7165a7b057a0fd433ed180af76723f9bb5e1576a82
SC-real-51200,S5,3,22,False,True,True,20.0,0111,,a47be7464659f75e69ef6f7165a7b057a0fd433ed180af76723f9bb5e1576a82
SC-real-51200,S5,3,23,False,True,True,20.0,1101,,a47be7464659f75e69ef6f7165a7b057a0fd433ed180af76723f9bb5e1576a82
SC-real-51200,S5,3,24,False,True,True,20.0,0101,,a47be7464659f75e69ef6f7165a7b057a0fd433ed180af76723f9bb5e1576a82
SC-real-51200,S5,3,25,False,True,True,20.0,0101,,a47be7464659f75e69ef6f7165a7b057a0fd433ed180af76723f9bb5e1576a82
SC-real-51200,S5,3,26,False,False,False,5.2,0100,,a47be7464659f75e69ef6f7165a7b057a0fd433ed180af76723f9bb5e1576a82
SC-real-51200,S5,3,27,False,True,True,20.0,0111,,a47be7464659f75e69ef6f7165a7b057a0fd433ed180af76723f9bb5e1576a82
SC-real-51200,S5,3,28,True,True,True,20.0,1111,,a47be7464659f75e69ef6f7165a7b057a0fd433ed180af76723f9bb5e1576a82
SC-real-51200,S5,3,29,True,True,True,20.0,1111,,a47be7464659f75e69ef6f7165a7b057a0fd433ed180af76723f9bb5e1576a82
SC-real-51200,S5,3,30,False,True,True,20.0,0101,,a47be7464659f75e69ef6f7165a7b057a0fd433ed180af76723f9bb5e1576a82
SC-real-51200,S5,3,31,True,True,True,20.0,1111,,a47be7464659f75e69ef6f7165a7b057a0fd433ed180af76723f9bb5e1576a82
SC-real-51200,S5,3,32,True,True,True,20.0,1111,,a47be7464659f75e69ef6f7165a7b057a0fd433ed180af76723f9bb5e1576a82
SC-real-51200,S5,3,33,True,True,True,20.0,1111,,a47be7464659f75e69ef6f7165a7b057a0fd433ed180af76723f9bb5e1576a82
SC-real-51200,S5,3,34,True,True,True,20.0,1111,,a47be7464659f75e69ef6f7165a7b057a0fd433ed180af76723f9bb5e1576a82
SC-real-51200,S5,3,35,True,True,True,20.0,1111,,a47be7464659f75e69ef6f7165a7b057a0fd433ed180af76723f9bb5e1576a82
SC-real-51200,S5,3,36,True,True,True,20.0,1111,,a47be7464659f75e69ef6f7165a7b057a0fd433ed180af76723f9bb5e1576a82
SC-real-51200,S5,3,37,True,True,True,20.0,1111,,a47be7464659f75e69ef6f7165a7b057a0fd433ed180af76723f9bb5e1576a82
SC-real-51200,S5,3,38,True,True,True,20.0,1111,,a47be7464659f75e69ef6f7165a7b057a0fd433ed180af76723f9bb5e1576a82
SC-real-51200,S5,3,39,True,True,True,20.0,1111,,a47be7464659f75e69ef6f7165a7b057a0fd433ed180af76723f9bb5e1576a82
SC-real-51200,S5,3,40,False,True,True,20.0,1101,,a47be7464659f75e69ef6f7165a7b057a0fd433ed180af76723f9bb5e1576a82
SC-real-51200,S5,3,41,True,True,True,20.0,1111,,a47be7464659f75e69ef6f7165a7b057a0fd433ed180af76723f9bb5e1576a82
SC-real-51200,S5,3,42,True,True,True,20.0,1111,,a47be7464659f75e69ef6f7165a7b057a0fd433ed180af76723f9bb5e1576a82
SC-real-51200,S5,3,43,True,True,True,20.0,1111,,a47be7464659f75e69ef6f7165a7b057a0fd433ed180af76723f9bb5e1576a82
SC-real-51200,S5,3,44,True,True,True,20.0,1111,,a47be7464659f75e69ef6f7165a7b057a0fd433ed180af76723f9bb5e1576a82
SC-real-51200,S5,3,45,True,True,True,20.0,1111,,a47be7464659f75e69ef6f7165a7b057a0fd433ed180af76723f9bb5e1576a82
SC-real-51200,S5,3,46,False,True,True,20.0,0111,,a47be7464659f75e69ef6f7165a7b057a0fd433ed180af76723f9bb5e1576a82
SC-real-51200,S5,3,47,False,True,True,20.0,1101,,a47be7464659f75e69ef6f7165a7b057a0fd433ed180af76723f9bb5e1576a82
SC-real-51200,S5,3,48,True,True,True,20.0,1111,,a47be7464659f75e69ef6f7165a7b057a0fd433ed180af76723f9bb5e1576a82
SC-real-51200,S5,3,49,True,True,True,20.0,1111,,a47be7464659f75e69ef6f7165a7b057a0fd433ed180af76723f9bb5e1576a82
SC-real-51200,S5,3,50,False,True,True,20.0,1101,,a47be7464659f75e69ef6f7165a7b057a0fd433ed180af76723f9bb5e1576a82
SC-real-51200,S5,3,51,True,True,True,20.0,1111,,a47be7464659f75e69ef6f7165a7b057a0fd433ed180af76723f9bb5e1576a82
SC-real-51200,S5,3,52,False,True,True,20.0,0101,,a47be7464659f75e69ef6f7165a7b057a0fd433ed180af76723f9bb5e1576a82
SC-real-51200,S5,3,53,True,True,True,20.0,1111,,a47be7464659f75e69ef6f7165a7b057a0fd433ed180af76723f9bb5e1576a82
SC-real-51200,S5,3,54,False,True,True,20.0,0101,,a47be7464659f75e69ef6f7165a7b057a0fd433ed180af76723f9bb5e1576a82
SC-real-51200,S5,3,55,False,True,True,20.0,0101,,a47be7464659f75e69ef6f7165a7b057a0fd433ed180af76723f9bb5e1576a82
SC-real-51200,S5,3,56,True,True,True,20.0,1111,,a47be7464659f75e69ef6f7165a7b057a0fd433ed180af76723f9bb5e1576a82
SC-real-51200,S5,3,57,False,True,True,20.0,0101,,a47be7464659f75e69ef6f7165a7b057a0fd433ed180af76723f9bb5e1576a82
SC-real-51200,S5,3,58,True,True,True,20.0,1111,,a47be7464659f75e69ef6f7165a7b057a0fd433ed180af76723f9bb5e1576a82
SC-real-51200,S5,3,59,False,True,True,20.0,0101,,a47be7464659f75e69ef6f7165a7b057a0fd433ed180af76723f9bb5e1576a82
SC-real-51200,S5,3,60,False,True,True,20.0,0101,,a47be7464659f75e69ef6f7165a7b057a0fd433ed180af76723f9bb5e1576a82
SC-real-51200,S5,3,61,False,True,True,20.0,0111,,a47be7464659f75e69ef6f7165a7b057a0fd433ed180af76723f9bb5e1576a82
SC-real-51200,S5,3,62,False,True,True,20.0,0101,,a47be7464659f75e69ef6f7165a7b057a0fd433ed180af76723f9bb5e1576a82
SC-real-51200,S5,3,63,False,True,True,20.0,0111,,a47be7464659f75e69ef6f7165a7b057a0fd433ed180af76723f9bb5e1576a82
SC-real-51200,S5,3,64,False,True,True,20.0,0111,,a47be7464659f75e69ef6f7165a7b057a0fd433ed180af76723f9bb5e1576a82
SC-real-51200,S5,3,65,True,True,True,20.0,1111,,a47be7464659f75e69ef6f7165a7b057a0fd433ed180af76723f9bb5e1576a82
SC-real-51200,S5,3,66,True,True,True,20.0,1111,,a47be7464659f75e69ef6f7165a7b057a0fd433ed180af76723f9bb5e1576a82
SC-real-51200,S5,3,67,True,True,True,20.0,1111,,a47be7464659f75e69ef6f7165a7b057a0fd433ed180af76723f9bb5e1576a82
SC-real-51200,S5,3,68,True,True,True,20.0,1111,,a47be7464659f75e69ef6f7165a7b057a0fd433ed180af76723f9bb5e1576a82
SC-real-51200,S5,3,69,True,True,True,20.0,1111,,a47be7464659f75e69ef6f7165a7b057a0fd433ed180af76723f9bb5e1576a82
SC-real-51200,S5,3,70,False,True,True,20.0,0101,,a47be7464659f75e69ef6f7165a7b057a0fd433ed180af76723f9bb5e1576a82
SC-real-51200,S5,3,71,False,True,True,20.0,1101,,a47be7464659f75e69ef6f7165a7b057a0fd433ed180af76723f9bb5e1576a82
SC-real-51200,S5,3,72,False,True,True,20.0,0101,,a47be7464659f75e69ef6f7165a7b057a0fd433ed180af76723f9bb5e1576a82
SC-real-51200,S5,3,73,True,True,True,20.0,1111,,a47be7464659f75e69ef6f7165a7b057a0fd433ed180af76723f9bb5e1576a82
SC-real-51200,S5,3,74,True,True,True,20.0,1111,,a47be7464659f75e69ef6f7165a7b057a0fd433ed180af76723f9bb5e1576a82
SC-real-51200,S5,3,75,False,True,True,20.0,0101,,a47be7464659f75e69ef6f7165a7b057a0fd433ed180af76723f9bb5e1576a82
SC-real-51200,S5,3,76,False,True,True,20.0,1101,,a47be7464659f75e69ef6f7165a7b057a0fd433ed180af76723f9bb5e1576a82
SC-real-51200,S5,3,77,True,True,True,20.0,1111,,a47be7464659f75e69ef6f7165a7b057a0fd433ed180af76723f9bb5e1576a82
SC-real-51200,S5,3,78,True,True,True,20.0,1111,,a47be7464659f75e69ef6f7165a7b057a0fd433ed180af76723f9bb5e1576a82
SC-real-51200,S5,3,79,False,True,True,20.0,0101,,a47be7464659f75e69ef6f7165a7b057a0fd433ed180af76723f9bb5e1576a82
SC-real-51200,S5,3,80,True,True,True,20.0,1111,,a47be7464659f75e69ef6f7165a7b057a0fd433ed180af76723f9bb5e1576a82
SC-real-51200,S5,3,81,False,True,True,20.0,0101,,a47be7464659f75e69ef6f7165a7b057a0fd433ed180af76723f9bb5e1576a82
SC-real-51200,S5,3,82,False,True,True,20.0,0101,,a47be7464659f75e69ef6f7165a7b057a0fd433ed180af76723f9bb5e1576a82
SC-real-51200,S5,3,83,False,True,True,20.0,0101,,a47be7464659f75e69ef6f7165a7b057a0fd433ed180af76723f9bb5e1576a82
SC-real-51200,S5,3,84,False,True,True,20.0,0101,,a47be7464659f75e69ef6f7165a7b057a0fd433ed180af76723f9bb5e1576a82
SC-real-51200,S5,3,85,True,True,True,20.0,1111,,a47be7464659f75e69ef6f7165a7b057a0fd433ed180af76723f9bb5e1576a82
SC-real-51200,S5,3,86,False,True,True,20.0,0111,,a47be7464659f75e69ef6f7165a7b057a0fd433ed180af76723f9bb5e1576a82
SC-real-51200,S5,3,87,False,False,False,0.7666666666666667,0000,,a47be7464659f75e69ef6f7165a7b057a0fd433ed180af76723f9bb5e1576a82
SC-real-51200,S5,3,88,True,True,True,20.0,1111,,a47be7464659f75e69ef6f7165a7b057a0fd433ed180af76723f9bb5e1576a82
SC-real-51200,S5,3,89,True,True,True,20.0,1111,,a47be7464659f75e69ef6f7165a7b057a0fd433ed180af76723f9bb5e1576a82
SC-real-51200,S5,3,90,True,True,True,20.0,1111,,a47be7464659f75e69ef6f7165a7b057a0fd433ed180af76723f9bb5e1576a82
SC-real-51200,S5,3,91,False,True,True,20.0,0101,,a47be7464659f75e69ef6f7165a7b057a0fd433ed180af76723f9bb5e1576a82
SC-real-51200,S5,3,92,True,True,True,20.0,1111,,a47be7464659f75e69ef6f7165a7b057a0fd433ed180af76723f9bb5e1576a82
SC-real-51200,S5,3,93,False,True,True,20.0,0101,,a47be7464659f75e69ef6f7165a7b057a0fd433ed180af76723f9bb5e1576a82
SC-real-51200,S5,3,94,False,True,True,20.0,0101,,a47be7464659f75e69ef6f7165a7b057a0fd433ed180af76723f9bb5e1576a82
SC-real-51200,S5,3,95,False,True,True,20.0,0111,,a47be7464659f75e69ef6f7165a7b057a0fd433ed180af76723f9bb5e1576a82
SC-real-51200,S5,3,96,False,True,True,20.0,0101,,a47be7464659f75e69ef6f7165a7b057a0fd433ed180af76723f9bb5e1576a82
SC-real-51200,S5,3,97,True,True,True,20.0,1111,,a47be7464659f75e69ef6f7165a7b057a0fd433ed180af76723f9bb5e1576a82
SC-real-51200,S5,3,98,False,True,True,20.0,1101,,a47be7464659f75e69ef6f7165a7b057a0fd433ed180af76723f9bb5e1576a82
SC-real-51200,S5,3,99,False,True,True,20.0,0101,,a47be7464659f75e69ef6f7165a7b057a0fd433ed180af76723f9bb5e1576a82
SC-real-51200,S5,3,100,True,True,True,20.0,1111,,a47be7464659f75e69ef6f7165a7b057a0fd433ed180af76723f9bb5e1576a82
SC-real-51200,S5,3,101,False,True,True,20.0,1101,,a47be7464659f75e69ef6f7165a7b057a0fd433ed180af76723f9bb5e1576a82
SC-real-51200,S5,3,102,True,True,True,20.0,1111,,a47be7464659f75e69ef6f7165a7b057a0fd433ed180af76723f9bb5e1576a82
SC-real-51200,S5,3,103,True,True,True,20.0,1111,,a47be7464659f75e69ef6f7165a7b057a0fd433ed180af76723f9bb5e1576a82
SC-real-51200,S5,3,104,True,True,True,20.0,1111,,a47be7464659f75e69ef6f7165a7b057a0fd433ed180af76723f9bb5e1576a82
SC-real-51200,S5,3,105,False,True,True,20.0,0111,,a47be7464659f75e69ef6f7165a7b057a0fd433ed180af76723f9bb5e1576a82
SC-real-51200,S5,3,106,False,True,True,20.0,1101,,a47be7464659f75e69ef6f7165a7b057a0fd433ed180af76723f9bb5e1576a82
SC-real-51200,S5,3,107,True,True,True,20.0,1111,,a47be7464659f75e69ef6f7165a7b057a0fd433ed180af76723f9bb5e1576a82
SC-real-51200,S5,3,108,False,True,True,20.0,0101,,a47be7464659f75e69ef6f7165a7b057a0fd433ed180af76723f9bb5e1576a82
SC-real-51200,S5,3,109,True,True,True,20.0,1111,,a47be7464659f75e69ef6f7165a7b057a0fd433ed180af76723f9bb5e1576a82
SC-real-51200,S5,3,110,False,True,True,20.0,1101,,a47be7464659f75e69ef6f7165a7b057a0fd433ed180af76723f9bb5e1576a82
SC-real-51200,S5,3,111,True,True,True,20.0,1111,,a47be7464659f75e69ef6f7165a7b057a0fd433ed180af76723f9bb5e1576a82
SC-real-51200,S5,3,112,False,False,False,0.0,0000,,a47be7464659f75e69ef6f7165a7b057a0fd433ed180af76723f9bb5e1576a82
SC-real-51200,S5,3,113,True,True,True,20.0,1111,,a47be7464659f75e69ef6f7165a7b057a0fd433ed180af76723f9bb5e1576a82
SC-real-51200,S5,3,114,True,True,True,20.0,1111,,a47be7464659f75e69ef6f7165a7b057a0fd433ed180af76723f9bb5e1576a82
SC-real-51200,S5,3,115,True,True,True,20.0,1111,,a47be7464659f75e69ef6f7165a7b057a0fd433ed180af76723f9bb5e1576a82
SC-real-51200,S5,3,116,False,False,False,0.8333333333333334,0000,,a47be7464659f75e69ef6f7165a7b057a0fd433ed180af76723f9bb5e1576a82
SC-real-51200,S5,3,117,False,True,True,20.0,0101,,a47be7464659f75e69ef6f7165a7b057a0fd433ed180af76723f9bb5e1576a82
SC-real-51200,S5,3,118,False,True,True,20.0,0101,,a47be7464659f75e69ef6f7165a7b057a0fd433ed180af76723f9bb5e1576a82
SC-real-51200,S5,3,119,False,True,True,20.0,0101,,a47be7464659f75e69ef6f7165a7b057a0fd433ed180af76723f9bb5e1576a82
SC-real-51200,S5,3,120,False,True,True,20.0,0101,,a47be7464659f75e69ef6f7165a7b057a0fd433ed180af76723f9bb5e1576a82
SC-real-51200,S5,3,121,True,True,True,20.0,1111,,a47be7464659f75e69ef6f7165a7b057a0fd433ed180af76723f9bb5e1576a82
SC-real-51200,S5,3,122,True,True,True,20.0,1111,,a47be7464659f75e69ef6f7165a7b057a0fd433ed180af76723f9bb5e1576a82
SC-real-51200,S5,3,123,True,True,True,20.0,1111,,a47be7464659f75e69ef6f7165a7b057a0fd433ed180af76723f9bb5e1576a82
SC-real-51200,S5,3,124,False,True,True,20.0,0111,,a47be7464659f75e69ef6f7165a7b057a0fd433ed180af76723f9bb5e1576a82
SC-real-51200,S5,3,125,False,True,True,20.0,1101,,a47be7464659f75e69ef6f7165a7b057a0fd433ed180af76723f9bb5e1576a82
SC-real-51200,S5,3,126,True,True,True,20.0,1111,,a47be7464659f75e69ef6f7165a7b057a0fd433ed180af76723f9bb5e1576a82
SC-real-51200,S5,3,127,False,True,True,20.0,0101,,a47be7464659f75e69ef6f7165a7b057a0fd433ed180af76723f9bb5e1576a82
SC-real-51200,F,0,0,True,True,True,40.0,,10,a47be7464659f75e69ef6f7165a7b057a0fd433ed180af76723f9bb5e1576a82
SC-real-51200,F,0,1,True,True,True,40.0,,10,a47be7464659f75e69ef6f7165a7b057a0fd433ed180af76723f9bb5e1576a82
SC-real-51200,F,0,2,True,True,True,40.0,,10,a47be7464659f75e69ef6f7165a7b057a0fd433ed180af76723f9bb5e1576a82
SC-real-51200,F,0,3,True,True,True,40.0,,10,a47be7464659f75e69ef6f7165a7b057a0fd433ed180af76723f9bb5e1576a82
SC-real-51200,F,0,4,True,True,True,40.0,,10,a47be7464659f75e69ef6f7165a7b057a0fd433ed180af76723f9bb5e1576a82
SC-real-51200,F,0,5,True,True,True,40.0,,10,a47be7464659f75e69ef6f7165a7b057a0fd433ed180af76723f9bb5e1576a82
SC-real-51200,F,0,6,True,True,True,40.0,,10,a47be7464659f75e69ef6f7165a7b057a0fd433ed180af76723f9bb5e1576a82
SC-real-51200,F,0,7,True,True,True,40.0,,10,a47be7464659f75e69ef6f7165a7b057a0fd433ed180af76723f9bb5e1576a82
SC-real-51200,F,0,8,True,True,True,40.0,,10,a47be7464659f75e69ef6f7165a7b057a0fd433ed180af76723f9bb5e1576a82
SC-real-51200,F,0,9,True,True,True,40.0,,10,a47be7464659f75e69ef6f7165a7b057a0fd433ed180af76723f9bb5e1576a82
SC-real-51200,F,0,10,True,True,True,40.0,,10,a47be7464659f75e69ef6f7165a7b057a0fd433ed180af76723f9bb5e1576a82
SC-real-51200,F,0,11,True,True,True,40.0,,10,a47be7464659f75e69ef6f7165a7b057a0fd433ed180af76723f9bb5e1576a82
SC-real-51200,F,0,12,True,True,True,40.0,,10,a47be7464659f75e69ef6f7165a7b057a0fd433ed180af76723f9bb5e1576a82
SC-real-51200,F,0,13,True,True,True,40.0,,10,a47be7464659f75e69ef6f7165a7b057a0fd433ed180af76723f9bb5e1576a82
SC-real-51200,F,0,14,True,True,True,40.0,,10,a47be7464659f75e69ef6f7165a7b057a0fd433ed180af76723f9bb5e1576a82
SC-real-51200,F,0,15,True,True,True,40.0,,10,a47be7464659f75e69ef6f7165a7b057a0fd433ed180af76723f9bb5e1576a82
SC-real-51200,F,0,16,True,True,True,40.0,,10,a47be7464659f75e69ef6f7165a7b057a0fd433ed180af76723f9bb5e1576a82
SC-real-51200,F,0,17,True,True,True,40.0,,10,a47be7464659f75e69ef6f7165a7b057a0fd433ed180af76723f9bb5e1576a82
SC-real-51200,F,0,18,True,True,True,40.0,,10,a47be7464659f75e69ef6f7165a7b057a0fd433ed180af76723f9bb5e1576a82
SC-real-51200,F,0,19,True,True,True,40.0,,10,a47be7464659f75e69ef6f7165a7b057a0fd433ed180af76723f9bb5e1576a82
SC-real-51200,F,0,20,True,True,True,40.0,,10,a47be7464659f75e69ef6f7165a7b057a0fd433ed180af76723f9bb5e1576a82
SC-real-51200,F,0,21,True,True,True,40.0,,10,a47be7464659f75e69ef6f7165a7b057a0fd433ed180af76723f9bb5e1576a82
SC-real-51200,F,0,22,True,True,True,40.0,,10,a47be7464659f75e69ef6f7165a7b057a0fd433ed180af76723f9bb5e1576a82
SC-real-51200,F,0,23,True,True,True,40.0,,10,a47be7464659f75e69ef6f7165a7b057a0fd433ed180af76723f9bb5e1576a82
SC-real-51200,F,0,24,True,True,True,40.0,,10,a47be7464659f75e69ef6f7165a7b057a0fd433ed180af76723f9bb5e1576a82
SC-real-51200,F,0,25,True,True,True,40.0,,10,a47be7464659f75e69ef6f7165a7b057a0fd433ed180af76723f9bb5e1576a82
SC-real-51200,F,0,26,True,True,True,40.0,,10,a47be7464659f75e69ef6f7165a7b057a0fd433ed180af76723f9bb5e1576a82
SC-real-51200,F,0,27,True,True,True,40.0,,10,a47be7464659f75e69ef6f7165a7b057a0fd433ed180af76723f9bb5e1576a82
SC-real-51200,F,0,28,True,True,True,40.0,,10,a47be7464659f75e69ef6f7165a7b057a0fd433ed180af76723f9bb5e1576a82
SC-real-51200,F,0,29,True,True,True,40.0,,10,a47be7464659f75e69ef6f7165a7b057a0fd433ed180af76723f9bb5e1576a82
SC-real-51200,F,0,30,True,True,True,40.0,,10,a47be7464659f75e69ef6f7165a7b057a0fd433ed180af76723f9bb5e1576a82
SC-real-51200,F,0,31,True,True,True,40.0,,10,a47be7464659f75e69ef6f7165a7b057a0fd433ed180af76723f9bb5e1576a82
SC-real-51200,F,0,32,True,True,True,40.0,,10,a47be7464659f75e69ef6f7165a7b057a0fd433ed180af76723f9bb5e1576a82
SC-real-51200,F,0,33,True,True,True,40.0,,10,a47be7464659f75e69ef6f7165a7b057a0fd433ed180af76723f9bb5e1576a82
SC-real-51200,F,0,34,True,True,True,40.0,,10,a47be7464659f75e69ef6f7165a7b057a0fd433ed180af76723f9bb5e1576a82
SC-real-51200,F,0,35,True,True,True,40.0,,10,a47be7464659f75e69ef6f7165a7b057a0fd433ed180af76723f9bb5e1576a82
SC-real-51200,F,0,36,True,True,True,40.0,,10,a47be7464659f75e69ef6f7165a7b057a0fd433ed180af76723f9bb5e1576a82
SC-real-51200,F,0,37,True,True,True,40.0,,10,a47be7464659f75e69ef6f7165a7b057a0fd433ed180af76723f9bb5e1576a82
SC-real-51200,F,0,38,True,True,True,40.0,,10,a47be7464659f75e69ef6f7165a7b057a0fd433ed180af76723f9bb5e1576a82
SC-real-51200,F,0,39,True,True,True,40.0,,10,a47be7464659f75e69ef6f7165a7b057a0fd433ed180af76723f9bb5e1576a82
SC-real-51200,F,0,40,True,True,True,40.0,,10,a47be7464659f75e69ef6f7165a7b057a0fd433ed180af76723f9bb5e1576a82
SC-real-51200,F,0,41,True,True,True,40.0,,10,a47be7464659f75e69ef6f7165a7b057a0fd433ed180af76723f9bb5e1576a82
SC-real-51200,F,0,42,True,True,True,40.0,,10,a47be7464659f75e69ef6f7165a7b057a0fd433ed180af76723f9bb5e1576a82
SC-real-51200,F,0,43,True,True,True,40.0,,10,a47be7464659f75e69ef6f7165a7b057a0fd433ed180af76723f9bb5e1576a82
SC-real-51200,F,0,44,True,True,True,40.0,,10,a47be7464659f75e69ef6f7165a7b057a0fd433ed180af76723f9bb5e1576a82
SC-real-51200,F,0,45,True,True,True,40.0,,10,a47be7464659f75e69ef6f7165a7b057a0fd433ed180af76723f9bb5e1576a82
SC-real-51200,F,0,46,True,True,True,40.0,,10,a47be7464659f75e69ef6f7165a7b057a0fd433ed180af76723f9bb5e1576a82
SC-real-51200,F,0,47,True,True,True,40.0,,10,a47be7464659f75e69ef6f7165a7b057a0fd433ed180af76723f9bb5e1576a82
SC-real-51200,F,0,48,True,True,True,40.0,,10,a47be7464659f75e69ef6f7165a7b057a0fd433ed180af76723f9bb5e1576a82
SC-real-51200,F,0,49,True,False,True,16.933333333333334,,7,a47be7464659f75e69ef6f7165a7b057a0fd433ed180af76723f9bb5e1576a82
SC-real-51200,F,0,50,True,True,True,40.0,,10,a47be7464659f75e69ef6f7165a7b057a0fd433ed180af76723f9bb5e1576a82
SC-real-51200,F,0,51,True,True,True,40.0,,10,a47be7464659f75e69ef6f7165a7b057a0fd433ed180af76723f9bb5e1576a82
SC-real-51200,F,0,52,True,True,True,40.0,,10,a47be7464659f75e69ef6f7165a7b057a0fd433ed180af76723f9bb5e1576a82
SC-real-51200,F,0,53,True,True,True,40.0,,10,a47be7464659f75e69ef6f7165a7b057a0fd433ed180af76723f9bb5e1576a82
SC-real-51200,F,0,54,True,True,True,40.0,,10,a47be7464659f75e69ef6f7165a7b057a0fd433ed180af76723f9bb5e1576a82
SC-real-51200,F,0,55,True,True,True,40.0,,10,a47be7464659f75e69ef6f7165a7b057a0fd433ed180af76723f9bb5e1576a82
SC-real-51200,F,0,56,True,True,True,40.0,,10,a47be7464659f75e69ef6f7165a7b057a0fd433ed180af76723f9bb5e1576a82
SC-real-51200,F,0,57,True,True,True,40.0,,10,a47be7464659f75e69ef6f7165a7b057a0fd433ed180af76723f9bb5e1576a82
SC-real-51200,F,0,58,True,True,True,40.0,,10,a47be7464659f75e69ef6f7165a7b057a0fd433ed180af76723f9bb5e1576a82
SC-real-51200,F,0,59,True,True,True,40.0,,10,a47be7464659f75e69ef6f7165a7b057a0fd433ed180af76723f9bb5e1576a82
SC-real-51200,F,0,60,True,True,True,40.0,,10,a47be7464659f75e69ef6f7165a7b057a0fd433ed180af76723f9bb5e1576a82
SC-real-51200,F,0,61,True,True,True,40.0,,10,a47be7464659f75e69ef6f7165a7b057a0fd433ed180af76723f9bb5e1576a82
SC-real-51200,F,0,62,True,True,True,40.0,,10,a47be7464659f75e69ef6f7165a7b057a0fd433ed180af76723f9bb5e1576a82
SC-real-51200,F,0,63,True,True,True,40.0,,10,a47be7464659f75e69ef6f7165a7b057a0fd433ed180af76723f9bb5e1576a82
SC-real-51200,F,0,64,True,True,True,40.0,,10,a47be7464659f75e69ef6f7165a7b057a0fd433ed180af76723f9bb5e1576a82
SC-real-51200,F,0,65,True,True,True,40.0,,10,a47be7464659f75e69ef6f7165a7b057a0fd433ed180af76723f9bb5e1576a82
SC-real-51200,F,0,66,True,True,True,40.0,,10,a47be7464659f75e69ef6f7165a7b057a0fd433ed180af76723f9bb5e1576a82
SC-real-51200,F,0,67,True,True,True,40.0,,10,a47be7464659f75e69ef6f7165a7b057a0fd433ed180af76723f9bb5e1576a82
SC-real-51200,F,0,68,True,True,True,40.0,,10,a47be7464659f75e69ef6f7165a7b057a0fd433ed180af76723f9bb5e1576a82
SC-real-51200,F,0,69,True,True,True,40.0,,10,a47be7464659f75e69ef6f7165a7b057a0fd433ed180af76723f9bb5e1576a82
SC-real-51200,F,0,70,True,True,True,40.0,,10,a47be7464659f75e69ef6f7165a7b057a0fd433ed180af76723f9bb5e1576a82
SC-real-51200,F,0,71,True,True,True,40.0,,10,a47be7464659f75e69ef6f7165a7b057a0fd433ed180af76723f9bb5e1576a82
SC-real-51200,F,0,72,True,True,True,40.0,,10,a47be7464659f75e69ef6f7165a7b057a0fd433ed180af76723f9bb5e1576a82
SC-real-51200,F,0,73,True,True,True,40.0,,10,a47be7464659f75e69ef6f7165a7b057a0fd433ed180af76723f9bb5e1576a82
SC-real-51200,F,0,74,True,True,True,40.0,,10,a47be7464659f75e69ef6f7165a7b057a0fd433ed180af76723f9bb5e1576a82
SC-real-51200,F,0,75,True,True,True,40.0,,10,a47be7464659f75e69ef6f7165a7b057a0fd433ed180af76723f9bb5e1576a82
SC-real-51200,F,0,76,True,True,True,40.0,,10,a47be7464659f75e69ef6f7165a7b057a0fd433ed180af76723f9bb5e1576a82
SC-real-51200,F,0,77,True,True,True,40.0,,10,a47be7464659f75e69ef6f7165a7b057a0fd433ed180af76723f9bb5e1576a82
SC-real-51200,F,0,78,True,True,True,40.0,,10,a47be7464659f75e69ef6f7165a7b057a0fd433ed180af76723f9bb5e1576a82
SC-real-51200,F,0,79,True,True,True,40.0,,10,a47be7464659f75e69ef6f7165a7b057a0fd433ed180af76723f9bb5e1576a82
SC-real-51200,F,0,80,True,True,True,40.0,,10,a47be7464659f75e69ef6f7165a7b057a0fd433ed180af76723f9bb5e1576a82
SC-real-51200,F,0,81,True,True,True,40.0,,10,a47be7464659f75e69ef6f7165a7b057a0fd433ed180af76723f9bb5e1576a82
SC-real-51200,F,0,82,True,True,True,40.0,,10,a47be7464659f75e69ef6f7165a7b057a0fd433ed180af76723f9bb5e1576a82
SC-real-51200,F,0,83,True,True,True,40.0,,10,a47be7464659f75e69ef6f7165a7b057a0fd433ed180af76723f9bb5e1576a82
SC-real-51200,F,0,84,True,True,True,40.0,,10,a47be7464659f75e69ef6f7165a7b057a0fd433ed180af76723f9bb5e1576a82
SC-real-51200,F,0,85,True,True,True,40.0,,10,a47be7464659f75e69ef6f7165a7b057a0fd433ed180af76723f9bb5e1576a82
SC-real-51200,F,0,86,True,True,True,40.0,,10,a47be7464659f75e69ef6f7165a7b057a0fd433ed180af76723f9bb5e1576a82
SC-real-51200,F,0,87,True,True,True,40.0,,10,a47be7464659f75e69ef6f7165a7b057a0fd433ed180af76723f9bb5e1576a82
SC-real-51200,F,0,88,True,True,True,40.0,,10,a47be7464659f75e69ef6f7165a7b057a0fd433ed180af76723f9bb5e1576a82
SC-real-51200,F,0,89,True,True,True,40.0,,10,a47be7464659f75e69ef6f7165a7b057a0fd433ed180af76723f9bb5e1576a82
SC-real-51200,F,0,90,True,True,True,40.0,,10,a47be7464659f75e69ef6f7165a7b057a0fd433ed180af76723f9bb5e1576a82
SC-real-51200,F,0,91,True,True,True,40.0,,10,a47be7464659f75e69ef6f7165a7b057a0fd433ed180af76723f9bb5e1576a82
SC-real-51200,F,0,92,True,True,True,40.0,,10,a47be7464659f75e69ef6f7165a7b057a0fd433ed180af76723f9bb5e1576a82
SC-real-51200,F,0,93,True,True,True,40.0,,10,a47be7464659f75e69ef6f7165a7b057a0fd433ed180af76723f9bb5e1576a82
SC-real-51200,F,0,94,True,True,True,40.0,,10,a47be7464659f75e69ef6f7165a7b057a0fd433ed180af76723f9bb5e1576a82
SC-real-51200,F,0,95,True,True,True,40.0,,10,a47be7464659f75e69ef6f7165a7b057a0fd433ed180af76723f9bb5e1576a82
SC-real-51200,F,0,96,True,True,True,40.0,,10,a47be7464659f75e69ef6f7165a7b057a0fd433ed180af76723f9bb5e1576a82
SC-real-51200,F,0,97,True,True,True,40.0,,10,a47be7464659f75e69ef6f7165a7b057a0fd433ed180af76723f9bb5e1576a82
SC-real-51200,F,0,98,True,True,True,40.0,,10,a47be7464659f75e69ef6f7165a7b057a0fd433ed180af76723f9bb5e1576a82
SC-real-51200,F,0,99,True,True,True,40.0,,10,a47be7464659f75e69ef6f7165a7b057a0fd433ed180af76723f9bb5e1576a82
SC-real-51200,F,0,100,True,True,True,40.0,,10,a47be7464659f75e69ef6f7165a7b057a0fd433ed180af76723f9bb5e1576a82
SC-real-51200,F,0,101,True,True,True,40.0,,10,a47be7464659f75e69ef6f7165a7b057a0fd433ed180af76723f9bb5e1576a82
SC-real-51200,F,0,102,True,True,True,40.0,,10,a47be7464659f75e69ef6f7165a7b057a0fd433ed180af76723f9bb5e1576a82
SC-real-51200,F,0,103,True,True,True,40.0,,10,a47be7464659f75e69ef6f7165a7b057a0fd433ed180af76723f9bb5e1576a82
SC-real-51200,F,0,104,True,True,True,40.0,,10,a47be7464659f75e69ef6f7165a7b057a0fd433ed180af76723f9bb5e1576a82
SC-real-51200,F,0,105,True,True,True,40.0,,10,a47be7464659f75e69ef6f7165a7b057a0fd433ed180af76723f9bb5e1576a82
SC-real-51200,F,0,106,True,True,True,40.0,,10,a47be7464659f75e69ef6f7165a7b057a0fd433ed180af76723f9bb5e1576a82
SC-real-51200,F,0,107,True,True,True,40.0,,10,a47be7464659f75e69ef6f7165a7b057a0fd433ed180af76723f9bb5e1576a82
SC-real-51200,F,0,108,True,True,True,40.0,,10,a47be7464659f75e69ef6f7165a7b057a0fd433ed180af76723f9bb5e1576a82
SC-real-51200,F,0,109,True,True,True,40.0,,10,a47be7464659f75e69ef6f7165a7b057a0fd433ed180af76723f9bb5e1576a82
SC-real-51200,F,0,110,True,True,True,40.0,,10,a47be7464659f75e69ef6f7165a7b057a0fd433ed180af76723f9bb5e1576a82
SC-real-51200,F,0,111,True,True,True,40.0,,10,a47be7464659f75e69ef6f7165a7b057a0fd433ed180af76723f9bb5e1576a82
SC-real-51200,F,0,112,True,True,True,40.0,,10,a47be7464659f75e69ef6f7165a7b057a0fd433ed180af76723f9bb5e1576a82
SC-real-51200,F,0,113,True,True,True,40.0,,10,a47be7464659f75e69ef6f7165a7b057a0fd433ed180af76723f9bb5e1576a82
SC-real-51200,F,0,114,True,True,True,40.0,,10,a47be7464659f75e69ef6f7165a7b057a0fd433ed180af76723f9bb5e1576a82
SC-real-51200,F,0,115,True,True,True,40.0,,10,a47be7464659f75e69ef6f7165a7b057a0fd433ed180af76723f9bb5e1576a82
SC-real-51200,F,0,116,True,True,True,40.0,,10,a47be7464659f75e69ef6f7165a7b057a0fd433ed180af76723f9bb5e1576a82
SC-real-51200,F,0,117,True,True,True,40.0,,10,a47be7464659f75e69ef6f7165a7b057a0fd433ed180af76723f9bb5e1576a82
SC-real-51200,F,0,118,True,True,True,40.0,,10,a47be7464659f75e69ef6f7165a7b057a0fd433ed180af76723f9bb5e1576a82
SC-real-51200,F,0,119,True,True,True,40.0,,10,a47be7464659f75e69ef6f7165a7b057a0fd433ed180af76723f9bb5e1576a82
SC-real-51200,F,0,120,True,True,True,40.0,,10,a47be7464659f75e69ef6f7165a7b057a0fd433ed180af76723f9bb5e1576a82
SC-real-51200,F,0,121,True,True,True,40.0,,10,a47be7464659f75e69ef6f7165a7b057a0fd433ed180af76723f9bb5e1576a82
SC-real-51200,F,0,122,True,True,True,40.0,,10,a47be7464659f75e69ef6f7165a7b057a0fd433ed180af76723f9bb5e1576a82
SC-real-51200,F,0,123,True,True,True,40.0,,10,a47be7464659f75e69ef6f7165a7b057a0fd433ed180af76723f9bb5e1576a82
SC-real-51200,F,0,124,True,True,True,40.0,,10,a47be7464659f75e69ef6f7165a7b057a0fd433ed180af76723f9bb5e1576a82
SC-real-51200,F,0,125,True,True,True,40.0,,10,a47be7464659f75e69ef6f7165a7b057a0fd433ed180af76723f9bb5e1576a82
SC-real-51200,F,0,126,True,True,True,40.0,,10,a47be7464659f75e69ef6f7165a7b057a0fd433ed180af76723f9bb5e1576a82
SC-real-51200,F,0,127,True,True,True,40.0,,10,a47be7464659f75e69ef6f7165a7b057a0fd433ed180af76723f9bb5e1576a82
SC-real-51200,F,1,0,True,True,True,40.0,,9,a47be7464659f75e69ef6f7165a7b057a0fd433ed180af76723f9bb5e1576a82
SC-real-51200,F,1,1,True,True,True,40.0,,9,a47be7464659f75e69ef6f7165a7b057a0fd433ed180af76723f9bb5e1576a82
SC-real-51200,F,1,2,True,True,True,40.0,,9,a47be7464659f75e69ef6f7165a7b057a0fd433ed180af76723f9bb5e1576a82
SC-real-51200,F,1,3,True,True,True,40.0,,9,a47be7464659f75e69ef6f7165a7b057a0fd433ed180af76723f9bb5e1576a82
SC-real-51200,F,1,4,True,True,True,40.0,,9,a47be7464659f75e69ef6f7165a7b057a0fd433ed180af76723f9bb5e1576a82
SC-real-51200,F,1,5,True,False,True,30.5,,9,a47be7464659f75e69ef6f7165a7b057a0fd433ed180af76723f9bb5e1576a82
SC-real-51200,F,1,6,True,True,True,40.0,,9,a47be7464659f75e69ef6f7165a7b057a0fd433ed180af76723f9bb5e1576a82
SC-real-51200,F,1,7,True,True,True,40.0,,9,a47be7464659f75e69ef6f7165a7b057a0fd433ed180af76723f9bb5e1576a82
SC-real-51200,F,1,8,True,True,True,40.0,,9,a47be7464659f75e69ef6f7165a7b057a0fd433ed180af76723f9bb5e1576a82
SC-real-51200,F,1,9,True,True,True,40.0,,9,a47be7464659f75e69ef6f7165a7b057a0fd433ed180af76723f9bb5e1576a82
SC-real-51200,F,1,10,True,True,True,40.0,,9,a47be7464659f75e69ef6f7165a7b057a0fd433ed180af76723f9bb5e1576a82
SC-real-51200,F,1,11,True,True,True,40.0,,9,a47be7464659f75e69ef6f7165a7b057a0fd433ed180af76723f9bb5e1576a82
SC-real-51200,F,1,12,True,True,True,40.0,,9,a47be7464659f75e69ef6f7165a7b057a0fd433ed180af76723f9bb5e1576a82
SC-real-51200,F,1,13,True,True,True,40.0,,9,a47be7464659f75e69ef6f7165a7b057a0fd433ed180af76723f9bb5e1576a82
SC-real-51200,F,1,14,True,False,True,35.13333333333333,,9,a47be7464659f75e69ef6f7165a7b057a0fd433ed180af76723f9bb5e1576a82
SC-real-51200,F,1,15,True,True,True,40.0,,9,a47be7464659f75e69ef6f7165a7b057a0fd433ed180af76723f9bb5e1576a82
SC-real-51200,F,1,16,True,True,True,40.0,,9,a47be7464659f75e69ef6f7165a7b057a0fd433ed180af76723f9bb5e1576a82
SC-real-51200,F,1,17,True,False,True,18.266666666666666,,9,a47be7464659f75e69ef6f7165a7b057a0fd433ed180af76723f9bb5e1576a82
SC-real-51200,F,1,18,True,True,True,40.0,,9,a47be7464659f75e69ef6f7165a7b057a0fd433ed180af76723f9bb5e1576a82
SC-real-51200,F,1,19,True,True,True,40.0,,10,a47be7464659f75e69ef6f7165a7b057a0fd433ed180af76723f9bb5e1576a82
SC-real-51200,F,1,20,True,True,True,40.0,,9,a47be7464659f75e69ef6f7165a7b057a0fd433ed180af76723f9bb5e1576a82
SC-real-51200,F,1,21,True,True,True,40.0,,9,a47be7464659f75e69ef6f7165a7b057a0fd433ed180af76723f9bb5e1576a82
SC-real-51200,F,1,22,True,True,True,40.0,,9,a47be7464659f75e69ef6f7165a7b057a0fd433ed180af76723f9bb5e1576a82
SC-real-51200,F,1,23,True,True,True,40.0,,9,a47be7464659f75e69ef6f7165a7b057a0fd433ed180af76723f9bb5e1576a82
SC-real-51200,F,1,24,True,True,True,40.0,,9,a47be7464659f75e69ef6f7165a7b057a0fd433ed180af76723f9bb5e1576a82
SC-real-51200,F,1,25,True,True,True,40.0,,9,a47be7464659f75e69ef6f7165a7b057a0fd433ed180af76723f9bb5e1576a82
SC-real-51200,F,1,26,True,True,True,40.0,,9,a47be7464659f75e69ef6f7165a7b057a0fd433ed180af76723f9bb5e1576a82
SC-real-51200,F,1,27,True,True,True,40.0,,9,a47be7464659f75e69ef6f7165a7b057a0fd433ed180af76723f9bb5e1576a82
SC-real-51200,F,1,28,True,False,True,34.56666666666667,,9,a47be7464659f75e69ef6f7165a7b057a0fd433ed180af76723f9bb5e1576a82
SC-real-51200,F,1,29,True,True,True,40.0,,9,a47be7464659f75e69ef6f7165a7b057a0fd433ed180af76723f9bb5e1576a82
SC-real-51200,F,1,30,True,True,True,40.0,,9,a47be7464659f75e69ef6f7165a7b057a0fd433ed180af76723f9bb5e1576a82
SC-real-51200,F,1,31,True,True,True,40.0,,9,a47be7464659f75e69ef6f7165a7b057a0fd433ed180af76723f9bb5e1576a82
SC-real-51200,F,1,32,True,False,True,39.3,,9,a47be7464659f75e69ef6f7165a7b057a0fd433ed180af76723f9bb5e1576a82
SC-real-51200,F,1,33,True,True,True,40.0,,9,a47be7464659f75e69ef6f7165a7b057a0fd433ed180af76723f9bb5e1576a82
SC-real-51200,F,1,34,True,True,True,40.0,,9,a47be7464659f75e69ef6f7165a7b057a0fd433ed180af76723f9bb5e1576a82
SC-real-51200,F,1,35,True,True,True,40.0,,9,a47be7464659f75e69ef6f7165a7b057a0fd433ed180af76723f9bb5e1576a82
SC-real-51200,F,1,36,True,True,True,40.0,,9,a47be7464659f75e69ef6f7165a7b057a0fd433ed180af76723f9bb5e1576a82
SC-real-51200,F,1,37,True,True,True,40.0,,9,a47be7464659f75e69ef6f7165a7b057a0fd433ed180af76723f9bb5e1576a82
SC-real-51200,F,1,38,True,True,True,40.0,,9,a47be7464659f75e69ef6f7165a7b057a0fd433ed180af76723f9bb5e1576a82
SC-real-51200,F,1,39,True,True,True,40.0,,9,a47be7464659f75e69ef6f7165a7b057a0fd433ed180af76723f9bb5e1576a82
SC-real-51200,F,1,40,True,True,True,40.0,,9,a47be7464659f75e69ef6f7165a7b057a0fd433ed180af76723f9bb5e1576a82
SC-real-51200,F,1,41,True,True,True,40.0,,9,a47be7464659f75e69ef6f7165a7b057a0fd433ed180af76723f9bb5e1576a82
SC-real-51200,F,1,42,True,True,True,40.0,,9,a47be7464659f75e69ef6f7165a7b057a0fd433ed180af76723f9bb5e1576a82
SC-real-51200,F,1,43,True,True,True,40.0,,9,a47be7464659f75e69ef6f7165a7b057a0fd433ed180af76723f9bb5e1576a82
SC-real-51200,F,1,44,True,True,True,40.0,,9,a47be7464659f75e69ef6f7165a7b057a0fd433ed180af76723f9bb5e1576a82
SC-real-51200,F,1,45,True,False,True,34.7,,9,a47be7464659f75e69ef6f7165a7b057a0fd433ed180af76723f9bb5e1576a82
SC-real-51200,F,1,46,True,True,True,40.0,,9,a47be7464659f75e69ef6f7165a7b057a0fd433ed180af76723f9bb5e1576a82
SC-real-51200,F,1,47,True,True,True,40.0,,10,a47be7464659f75e69ef6f7165a7b057a0fd433ed180af76723f9bb5e1576a82
SC-real-51200,F,1,48,True,False,True,14.333333333333334,,9,a47be7464659f75e69ef6f7165a7b057a0fd433ed180af76723f9bb5e1576a82
SC-real-51200,F,1,49,True,True,True,40.0,,9,a47be7464659f75e69ef6f7165a7b057a0fd433ed180af76723f9bb5e1576a82
SC-real-51200,F,1,50,True,True,True,40.0,,9,a47be7464659f75e69ef6f7165a7b057a0fd433ed180af76723f9bb5e1576a82
SC-real-51200,F,1,51,True,True,True,40.0,,9,a47be7464659f75e69ef6f7165a7b057a0fd433ed180af76723f9bb5e1576a82
SC-real-51200,F,1,52,True,True,True,40.0,,9,a47be7464659f75e69ef6f7165a7b057a0fd433ed180af76723f9bb5e1576a82
SC-real-51200,F,1,53,True,True,True,40.0,,9,a47be7464659f75e69ef6f7165a7b057a0fd433ed180af76723f9bb5e1576a82
SC-real-51200,F,1,54,True,True,True,40.0,,9,a47be7464659f75e69ef6f7165a7b057a0fd433ed180af76723f9bb5e1576a82
SC-real-51200,F,1,55,True,True,True,40.0,,9,a47be7464659f75e69ef6f7165a7b057a0fd433ed180af76723f9bb5e1576a82
SC-real-51200,F,1,56,True,True,True,40.0,,9,a47be7464659f75e69ef6f7165a7b057a0fd433ed180af76723f9bb5e1576a82
SC-real-51200,F,1,57,True,True,True,40.0,,9,a47be7464659f75e69ef6f7165a7b057a0fd433ed180af76723f9bb5e1576a82
SC-real-51200,F,1,58,True,True,True,40.0,,9,a47be7464659f75e69ef6f7165a7b057a0fd433ed180af76723f9bb5e1576a82
SC-real-51200,F,1,59,True,True,True,40.0,,9,a47be7464659f75e69ef6f7165a7b057a0fd433ed180af76723f9bb5e1576a82
SC-real-51200,F,1,60,True,True,True,40.0,,9,a47be7464659f75e69ef6f7165a7b057a0fd433ed180af76723f9bb5e1576a82
SC-real-51200,F,1,61,True,True,True,40.0,,9,a47be7464659f75e69ef6f7165a7b057a0fd433ed180af76723f9bb5e1576a82
SC-real-51200,F,1,62,True,True,True,40.0,,9,a47be7464659f75e69ef6f7165a7b057a0fd433ed180af76723f9bb5e1576a82
SC-real-51200,F,1,63,True,True,True,40.0,,9,a47be7464659f75e69ef6f7165a7b057a0fd433ed180af76723f9bb5e1576a82
SC-real-51200,F,1,64,True,True,True,40.0,,9,a47be7464659f75e69ef6f7165a7b057a0fd433ed180af76723f9bb5e1576a82
SC-real-51200,F,1,65,True,True,True,40.0,,9,a47be7464659f75e69ef6f7165a7b057a0fd433ed180af76723f9bb5e1576a82
SC-real-51200,F,1,66,True,True,True,40.0,,9,a47be7464659f75e69ef6f7165a7b057a0fd433ed180af76723f9bb5e1576a82
SC-real-51200,F,1,67,True,True,True,40.0,,9,a47be7464659f75e69ef6f7165a7b057a0fd433ed180af76723f9bb5e1576a82
SC-real-51200,F,1,68,True,True,True,40.0,,9,a47be7464659f75e69ef6f7165a7b057a0fd433ed180af76723f9bb5e1576a82
SC-real-51200,F,1,69,True,True,True,40.0,,9,a47be7464659f75e69ef6f7165a7b057a0fd433ed180af76723f9bb5e1576a82
SC-real-51200,F,1,70,True,True,True,40.0,,9,a47be7464659f75e69ef6f7165a7b057a0fd433ed180af76723f9bb5e1576a82
SC-real-51200,F,1,71,True,False,True,26.833333333333332,,9,a47be7464659f75e69ef6f7165a7b057a0fd433ed180af76723f9bb5e1576a82
SC-real-51200,F,1,72,True,True,True,40.0,,9,a47be7464659f75e69ef6f7165a7b057a0fd433ed180af76723f9bb5e1576a82
SC-real-51200,F,1,73,True,True,True,40.0,,9,a47be7464659f75e69ef6f7165a7b057a0fd433ed180af76723f9bb5e1576a82
SC-real-51200,F,1,74,True,True,True,40.0,,9,a47be7464659f75e69ef6f7165a7b057a0fd433ed180af76723f9bb5e1576a82
SC-real-51200,F,1,75,True,False,True,35.166666666666664,,9,a47be7464659f75e69ef6f7165a7b057a0fd433ed180af76723f9bb5e1576a82
SC-real-51200,F,1,76,True,True,True,40.0,,9,a47be7464659f75e69ef6f7165a7b057a0fd433ed180af76723f9bb5e1576a82
SC-real-51200,F,1,77,True,True,True,40.0,,9,a47be7464659f75e69ef6f7165a7b057a0fd433ed180af76723f9bb5e1576a82
SC-real-51200,F,1,78,True,True,True,40.0,,9,a47be7464659f75e69ef6f7165a7b057a0fd433ed180af76723f9bb5e1576a82
SC-real-51200,F,1,79,True,False,True,26.366666666666667,,9,a47be7464659f75e69ef6f7165a7b057a0fd433ed180af76723f9bb5e1576a82
SC-real-51200,F,1,80,True,False,True,30.933333333333334,,9,a47be7464659f75e69ef6f7165a7b057a0fd433ed180af76723f9bb5e1576a82
SC-real-51200,F,1,81,True,True,True,40.0,,9,a47be7464659f75e69ef6f7165a7b057a0fd433ed180af76723f9bb5e1576a82
SC-real-51200,F,1,82,True,True,True,40.0,,9,a47be7464659f75e69ef6f7165a7b057a0fd433ed180af76723f9bb5e1576a82
SC-real-51200,F,1,83,True,True,True,40.0,,9,a47be7464659f75e69ef6f7165a7b057a0fd433ed180af76723f9bb5e1576a82
SC-real-51200,F,1,84,True,True,True,40.0,,9,a47be7464659f75e69ef6f7165a7b057a0fd433ed180af76723f9bb5e1576a82
SC-real-51200,F,1,85,True,True,True,40.0,,10,a47be7464659f75e69ef6f7165a7b057a0fd433ed180af76723f9bb5e1576a82
SC-real-51200,F,1,86,True,True,True,40.0,,9,a47be7464659f75e69ef6f7165a7b057a0fd433ed180af76723f9bb5e1576a82
SC-real-51200,F,1,87,True,False,True,30.266666666666666,,9,a47be7464659f75e69ef6f7165a7b057a0fd433ed180af76723f9bb5e1576a82
SC-real-51200,F,1,88,True,True,True,40.0,,9,a47be7464659f75e69ef6f7165a7b057a0fd433ed180af76723f9bb5e1576a82
SC-real-51200,F,1,89,True,True,True,40.0,,9,a47be7464659f75e69ef6f7165a7b057a0fd433ed180af76723f9bb5e1576a82
SC-real-51200,F,1,90,True,True,True,40.0,,9,a47be7464659f75e69ef6f7165a7b057a0fd433ed180af76723f9bb5e1576a82
SC-real-51200,F,1,91,True,True,True,40.0,,9,a47be7464659f75e69ef6f7165a7b057a0fd433ed180af76723f9bb5e1576a82
SC-real-51200,F,1,92,True,True,True,40.0,,9,a47be7464659f75e69ef6f7165a7b057a0fd433ed180af76723f9bb5e1576a82
SC-real-51200,F,1,93,True,True,True,40.0,,9,a47be7464659f75e69ef6f7165a7b057a0fd433ed180af76723f9bb5e1576a82
SC-real-51200,F,1,94,True,False,True,39.0,,9,a47be7464659f75e69ef6f7165a7b057a0fd433ed180af76723f9bb5e1576a82
SC-real-51200,F,1,95,True,True,True,40.0,,9,a47be7464659f75e69ef6f7165a7b057a0fd433ed180af76723f9bb5e1576a82
SC-real-51200,F,1,96,True,True,True,40.0,,9,a47be7464659f75e69ef6f7165a7b057a0fd433ed180af76723f9bb5e1576a82
SC-real-51200,F,1,97,True,True,True,40.0,,9,a47be7464659f75e69ef6f7165a7b057a0fd433ed180af76723f9bb5e1576a82
SC-real-51200,F,1,98,True,True,True,40.0,,9,a47be7464659f75e69ef6f7165a7b057a0fd433ed180af76723f9bb5e1576a82
SC-real-51200,F,1,99,True,True,True,40.0,,9,a47be7464659f75e69ef6f7165a7b057a0fd433ed180af76723f9bb5e1576a82
SC-real-51200,F,1,100,True,True,True,40.0,,9,a47be7464659f75e69ef6f7165a7b057a0fd433ed180af76723f9bb5e1576a82
SC-real-51200,F,1,101,True,True,True,40.0,,9,a47be7464659f75e69ef6f7165a7b057a0fd433ed180af76723f9bb5e1576a82
SC-real-51200,F,1,102,True,False,True,39.166666666666664,,9,a47be7464659f75e69ef6f7165a7b057a0fd433ed180af76723f9bb5e1576a82
SC-real-51200,F,1,103,True,True,True,40.0,,9,a47be7464659f75e69ef6f7165a7b057a0fd433ed180af76723f9bb5e1576a82
SC-real-51200,F,1,104,True,True,True,40.0,,9,a47be7464659f75e69ef6f7165a7b057a0fd433ed180af76723f9bb5e1576a82
SC-real-51200,F,1,105,True,True,True,40.0,,9,a47be7464659f75e69ef6f7165a7b057a0fd433ed180af76723f9bb5e1576a82
SC-real-51200,F,1,106,True,True,True,40.0,,9,a47be7464659f75e69ef6f7165a7b057a0fd433ed180af76723f9bb5e1576a82
SC-real-51200,F,1,107,True,True,True,40.0,,9,a47be7464659f75e69ef6f7165a7b057a0fd433ed180af76723f9bb5e1576a82
SC-real-51200,F,1,108,True,True,True,40.0,,9,a47be7464659f75e69ef6f7165a7b057a0fd433ed180af76723f9bb5e1576a82
SC-real-51200,F,1,109,True,True,True,40.0,,9,a47be7464659f75e69ef6f7165a7b057a0fd433ed180af76723f9bb5e1576a82
SC-real-51200,F,1,110,True,True,True,40.0,,9,a47be7464659f75e69ef6f7165a7b057a0fd433ed180af76723f9bb5e1576a82
SC-real-51200,F,1,111,True,True,True,40.0,,9,a47be7464659f75e69ef6f7165a7b057a0fd433ed180af76723f9bb5e1576a82
SC-real-51200,F,1,112,True,True,True,40.0,,9,a47be7464659f75e69ef6f7165a7b057a0fd433ed180af76723f9bb5e1576a82
SC-real-51200,F,1,113,True,True,True,40.0,,9,a47be7464659f75e69ef6f7165a7b057a0fd433ed180af76723f9bb5e1576a82
SC-real-51200,F,1,114,True,True,True,40.0,,9,a47be7464659f75e69ef6f7165a7b057a0fd433ed180af76723f9bb5e1576a82
SC-real-51200,F,1,115,True,True,True,40.0,,9,a47be7464659f75e69ef6f7165a7b057a0fd433ed180af76723f9bb5e1576a82
SC-real-51200,F,1,116,True,True,True,40.0,,9,a47be7464659f75e69ef6f7165a7b057a0fd433ed180af76723f9bb5e1576a82
SC-real-51200,F,1,117,True,True,True,40.0,,9,a47be7464659f75e69ef6f7165a7b057a0fd433ed180af76723f9bb5e1576a82
SC-real-51200,F,1,118,True,True,True,40.0,,9,a47be7464659f75e69ef6f7165a7b057a0fd433ed180af76723f9bb5e1576a82
SC-real-51200,F,1,119,True,True,True,40.0,,9,a47be7464659f75e69ef6f7165a7b057a0fd433ed180af76723f9bb5e1576a82
SC-real-51200,F,1,120,True,True,True,40.0,,9,a47be7464659f75e69ef6f7165a7b057a0fd433ed180af76723f9bb5e1576a82
SC-real-51200,F,1,121,True,True,True,40.0,,9,a47be7464659f75e69ef6f7165a7b057a0fd433ed180af76723f9bb5e1576a82
SC-real-51200,F,1,122,True,True,True,40.0,,9,a47be7464659f75e69ef6f7165a7b057a0fd433ed180af76723f9bb5e1576a82
SC-real-51200,F,1,123,True,True,True,40.0,,9,a47be7464659f75e69ef6f7165a7b057a0fd433ed180af76723f9bb5e1576a82
SC-real-51200,F,1,124,True,False,True,26.7,,9,a47be7464659f75e69ef6f7165a7b057a0fd433ed180af76723f9bb5e1576a82
SC-real-51200,F,1,125,True,True,True,40.0,,9,a47be7464659f75e69ef6f7165a7b057a0fd433ed180af76723f9bb5e1576a82
SC-real-51200,F,1,126,True,True,True,40.0,,9,a47be7464659f75e69ef6f7165a7b057a0fd433ed180af76723f9bb5e1576a82
SC-real-51200,F,1,127,True,True,True,40.0,,9,a47be7464659f75e69ef6f7165a7b057a0fd433ed180af76723f9bb5e1576a82
SC-real-51200,F,2,0,True,True,True,40.0,,9,a47be7464659f75e69ef6f7165a7b057a0fd433ed180af76723f9bb5e1576a82
SC-real-51200,F,2,1,True,True,True,40.0,,9,a47be7464659f75e69ef6f7165a7b057a0fd433ed180af76723f9bb5e1576a82
SC-real-51200,F,2,2,True,True,True,40.0,,9,a47be7464659f75e69ef6f7165a7b057a0fd433ed180af76723f9bb5e1576a82
SC-real-51200,F,2,3,True,False,False,33.1,,8,a47be7464659f75e69ef6f7165a7b057a0fd433ed180af76723f9bb5e1576a82
SC-real-51200,F,2,4,True,True,True,40.0,,9,a47be7464659f75e69ef6f7165a7b057a0fd433ed180af76723f9bb5e1576a82
SC-real-51200,F,2,5,True,True,True,40.0,,9,a47be7464659f75e69ef6f7165a7b057a0fd433ed180af76723f9bb5e1576a82
SC-real-51200,F,2,6,True,True,True,40.0,,9,a47be7464659f75e69ef6f7165a7b057a0fd433ed180af76723f9bb5e1576a82
SC-real-51200,F,2,7,True,False,True,38.93333333333333,,9,a47be7464659f75e69ef6f7165a7b057a0fd433ed180af76723f9bb5e1576a82
SC-real-51200,F,2,8,True,True,True,40.0,,9,a47be7464659f75e69ef6f7165a7b057a0fd433ed180af76723f9bb5e1576a82
SC-real-51200,F,2,9,True,False,False,34.6,,8,a47be7464659f75e69ef6f7165a7b057a0fd433ed180af76723f9bb5e1576a82
SC-real-51200,F,2,10,True,True,True,40.0,,9,a47be7464659f75e69ef6f7165a7b057a0fd433ed180af76723f9bb5e1576a82
SC-real-51200,F,2,11,True,True,True,40.0,,9,a47be7464659f75e69ef6f7165a7b057a0fd433ed180af76723f9bb5e1576a82
SC-real-51200,F,2,12,True,True,True,40.0,,9,a47be7464659f75e69ef6f7165a7b057a0fd433ed180af76723f9bb5e1576a82
SC-real-51200,F,2,13,True,False,False,36.7,,9,a47be7464659f75e69ef6f7165a7b057a0fd433ed180af76723f9bb5e1576a82
SC-real-51200,F,2,14,True,True,True,40.0,,9,a47be7464659f75e69ef6f7165a7b057a0fd433ed180af76723f9bb5e1576a82
SC-real-51200,F,2,15,True,True,True,40.0,,9,a47be7464659f75e69ef6f7165a7b057a0fd433ed180af76723f9bb5e1576a82
SC-real-51200,F,2,16,True,True,True,40.0,,9,a47be7464659f75e69ef6f7165a7b057a0fd433ed180af76723f9bb5e1576a82
SC-real-51200,F,2,17,True,True,True,40.0,,9,a47be7464659f75e69ef6f7165a7b057a0fd433ed180af76723f9bb5e1576a82
SC-real-51200,F,2,18,True,True,True,40.0,,9,a47be7464659f75e69ef6f7165a7b057a0fd433ed180af76723f9bb5e1576a82
SC-real-51200,F,2,19,True,True,True,40.0,,9,a47be7464659f75e69ef6f7165a7b057a0fd433ed180af76723f9bb5e1576a82
SC-real-51200,F,2,20,True,True,True,40.0,,9,a47be7464659f75e69ef6f7165a7b057a0fd433ed180af76723f9bb5e1576a82
SC-real-51200,F,2,21,True,True,True,40.0,,9,a47be7464659f75e69ef6f7165a7b057a0fd433ed180af76723f9bb5e1576a82
SC-real-51200,F,2,22,True,True,True,40.0,,9,a47be7464659f75e69ef6f7165a7b057a0fd433ed180af76723f9bb5e1576a82
SC-real-51200,F,2,23,True,False,True,38.86666666666667,,9,a47be7464659f75e69ef6f7165a7b057a0fd433ed180af76723f9bb5e1576a82
SC-real-51200,F,2,24,True,True,True,40.0,,9,a47be7464659f75e69ef6f7165a7b057a0fd433ed180af76723f9bb5e1576a82
SC-real-51200,F,2,25,True,True,True,40.0,,9,a47be7464659f75e69ef6f7165a7b057a0fd433ed180af76723f9bb5e1576a82
SC-real-51200,F,2,26,True,True,True,40.0,,9,a47be7464659f75e69ef6f7165a7b057a0fd433ed180af76723f9bb5e1576a82
SC-real-51200,F,2,27,True,True,True,40.0,,9,a47be7464659f75e69ef6f7165a7b057a0fd433ed180af76723f9bb5e1576a82
SC-real-51200,F,2,28,True,True,True,40.0,,9,a47be7464659f75e69ef6f7165a7b057a0fd433ed180af76723f9bb5e1576a82
SC-real-51200,F,2,29,True,True,True,40.0,,9,a47be7464659f75e69ef6f7165a7b057a0fd433ed180af76723f9bb5e1576a82
SC-real-51200,F,2,30,True,True,True,40.0,,9,a47be7464659f75e69ef6f7165a7b057a0fd433ed180af76723f9bb5e1576a82
SC-real-51200,F,2,31,True,True,True,40.0,,9,a47be7464659f75e69ef6f7165a7b057a0fd433ed180af76723f9bb5e1576a82
SC-real-51200,F,2,32,True,True,True,40.0,,9,a47be7464659f75e69ef6f7165a7b057a0fd433ed180af76723f9bb5e1576a82
SC-real-51200,F,2,33,True,True,True,40.0,,9,a47be7464659f75e69ef6f7165a7b057a0fd433ed180af76723f9bb5e1576a82
SC-real-51200,F,2,34,True,True,True,40.0,,9,a47be7464659f75e69ef6f7165a7b057a0fd433ed180af76723f9bb5e1576a82
SC-real-51200,F,2,35,True,True,True,40.0,,9,a47be7464659f75e69ef6f7165a7b057a0fd433ed180af76723f9bb5e1576a82
SC-real-51200,F,2,36,True,True,True,40.0,,9,a47be7464659f75e69ef6f7165a7b057a0fd433ed180af76723f9bb5e1576a82
SC-real-51200,F,2,37,True,True,True,40.0,,9,a47be7464659f75e69ef6f7165a7b057a0fd433ed180af76723f9bb5e1576a82
SC-real-51200,F,2,38,True,True,True,40.0,,9,a47be7464659f75e69ef6f7165a7b057a0fd433ed180af76723f9bb5e1576a82
SC-real-51200,F,2,39,True,True,True,40.0,,9,a47be7464659f75e69ef6f7165a7b057a0fd433ed180af76723f9bb5e1576a82
SC-real-51200,F,2,40,True,True,True,40.0,,9,a47be7464659f75e69ef6f7165a7b057a0fd433ed180af76723f9bb5e1576a82
SC-real-51200,F,2,41,True,True,True,40.0,,9,a47be7464659f75e69ef6f7165a7b057a0fd433ed180af76723f9bb5e1576a82
SC-real-51200,F,2,42,True,True,True,40.0,,9,a47be7464659f75e69ef6f7165a7b057a0fd433ed180af76723f9bb5e1576a82
SC-real-51200,F,2,43,True,True,True,40.0,,9,a47be7464659f75e69ef6f7165a7b057a0fd433ed180af76723f9bb5e1576a82
SC-real-51200,F,2,44,True,False,False,37.4,,9,a47be7464659f75e69ef6f7165a7b057a0fd433ed180af76723f9bb5e1576a82
SC-real-51200,F,2,45,True,False,False,33.0,,8,a47be7464659f75e69ef6f7165a7b057a0fd433ed180af76723f9bb5e1576a82
SC-real-51200,F,2,46,True,True,True,40.0,,9,a47be7464659f75e69ef6f7165a7b057a0fd433ed180af76723f9bb5e1576a82
SC-real-51200,F,2,47,True,True,True,40.0,,9,a47be7464659f75e69ef6f7165a7b057a0fd433ed180af76723f9bb5e1576a82
SC-real-51200,F,2,48,True,True,True,40.0,,9,a47be7464659f75e69ef6f7165a7b057a0fd433ed180af76723f9bb5e1576a82
SC-real-51200,F,2,49,True,True,True,40.0,,9,a47be7464659f75e69ef6f7165a7b057a0fd433ed180af76723f9bb5e1576a82
SC-real-51200,F,2,50,True,True,True,40.0,,9,a47be7464659f75e69ef6f7165a7b057a0fd433ed180af76723f9bb5e1576a82
SC-real-51200,F,2,51,True,True,True,40.0,,9,a47be7464659f75e69ef6f7165a7b057a0fd433ed180af76723f9bb5e1576a82
SC-real-51200,F,2,52,True,True,True,40.0,,9,a47be7464659f75e69ef6f7165a7b057a0fd433ed180af76723f9bb5e1576a82
SC-real-51200,F,2,53,True,True,True,40.0,,9,a47be7464659f75e69ef6f7165a7b057a0fd433ed180af76723f9bb5e1576a82
SC-real-51200,F,2,54,True,True,True,40.0,,9,a47be7464659f75e69ef6f7165a7b057a0fd433ed180af76723f9bb5e1576a82
SC-real-51200,F,2,55,True,True,True,40.0,,9,a47be7464659f75e69ef6f7165a7b057a0fd433ed180af76723f9bb5e1576a82
SC-real-51200,F,2,56,True,False,False,37.93333333333333,,9,a47be7464659f75e69ef6f7165a7b057a0fd433ed180af76723f9bb5e1576a82
SC-real-51200,F,2,57,True,False,False,37.6,,9,a47be7464659f75e69ef6f7165a7b057a0fd433ed180af76723f9bb5e1576a82
SC-real-51200,F,2,58,True,True,True,40.0,,9,a47be7464659f75e69ef6f7165a7b057a0fd433ed180af76723f9bb5e1576a82
SC-real-51200,F,2,59,True,False,True,37.766666666666666,,9,a47be7464659f75e69ef6f7165a7b057a0fd433ed180af76723f9bb5e1576a82
SC-real-51200,F,2,60,True,True,True,40.0,,9,a47be7464659f75e69ef6f7165a7b057a0fd433ed180af76723f9bb5e1576a82
SC-real-51200,F,2,61,True,True,True,40.0,,9,a47be7464659f75e69ef6f7165a7b057a0fd433ed180af76723f9bb5e1576a82
SC-real-51200,F,2,62,True,True,True,40.0,,9,a47be7464659f75e69ef6f7165a7b057a0fd433ed180af76723f9bb5e1576a82
SC-real-51200,F,2,63,True,True,True,40.0,,9,a47be7464659f75e69ef6f7165a7b057a0fd433ed180af76723f9bb5e1576a82
SC-real-51200,F,2,64,True,True,True,40.0,,9,a47be7464659f75e69ef6f7165a7b057a0fd433ed180af76723f9bb5e1576a82
SC-real-51200,F,2,65,True,True,True,40.0,,9,a47be7464659f75e69ef6f7165a7b057a0fd433ed180af76723f9bb5e1576a82
SC-real-51200,F,2,66,True,True,True,40.0,,9,a47be7464659f75e69ef6f7165a7b057a0fd433ed180af76723f9bb5e1576a82
SC-real-51200,F,2,67,True,True,True,40.0,,9,a47be7464659f75e69ef6f7165a7b057a0fd433ed180af76723f9bb5e1576a82
SC-real-51200,F,2,68,True,True,True,40.0,,9,a47be7464659f75e69ef6f7165a7b057a0fd433ed180af76723f9bb5e1576a82
SC-real-51200,F,2,69,True,True,True,40.0,,9,a47be7464659f75e69ef6f7165a7b057a0fd433ed180af76723f9bb5e1576a82
SC-real-51200,F,2,70,True,True,True,40.0,,9,a47be7464659f75e69ef6f7165a7b057a0fd433ed180af76723f9bb5e1576a82
SC-real-51200,F,2,71,True,True,True,40.0,,9,a47be7464659f75e69ef6f7165a7b057a0fd433ed180af76723f9bb5e1576a82
SC-real-51200,F,2,72,True,True,True,40.0,,9,a47be7464659f75e69ef6f7165a7b057a0fd433ed180af76723f9bb5e1576a82
SC-real-51200,F,2,73,True,True,True,40.0,,9,a47be7464659f75e69ef6f7165a7b057a0fd433ed180af76723f9bb5e1576a82
SC-real-51200,F,2,74,True,True,True,40.0,,9,a47be7464659f75e69ef6f7165a7b057a0fd433ed180af76723f9bb5e1576a82
SC-real-51200,F,2,75,True,True,True,40.0,,9,a47be7464659f75e69ef6f7165a7b057a0fd433ed180af76723f9bb5e1576a82
SC-real-51200,F,2,76,True,True,True,40.0,,9,a47be7464659f75e69ef6f7165a7b057a0fd433ed180af76723f9bb5e1576a82
SC-real-51200,F,2,77,True,True,True,40.0,,9,a47be7464659f75e69ef6f7165a7b057a0fd433ed180af76723f9bb5e1576a82
SC-real-51200,F,2,78,True,True,True,40.0,,9,a47be7464659f75e69ef6f7165a7b057a0fd433ed180af76723f9bb5e1576a82
SC-real-51200,F,2,79,True,True,True,40.0,,9,a47be7464659f75e69ef6f7165a7b057a0fd433ed180af76723f9bb5e1576a82
SC-real-51200,F,2,80,True,True,True,40.0,,9,a47be7464659f75e69ef6f7165a7b057a0fd433ed180af76723f9bb5e1576a82
SC-real-51200,F,2,81,True,True,True,40.0,,9,a47be7464659f75e69ef6f7165a7b057a0fd433ed180af76723f9bb5e1576a82
SC-real-51200,F,2,82,True,True,True,40.0,,9,a47be7464659f75e69ef6f7165a7b057a0fd433ed180af76723f9bb5e1576a82
SC-real-51200,F,2,83,True,True,True,40.0,,9,a47be7464659f75e69ef6f7165a7b057a0fd433ed180af76723f9bb5e1576a82
SC-real-51200,F,2,84,True,True,True,40.0,,9,a47be7464659f75e69ef6f7165a7b057a0fd433ed180af76723f9bb5e1576a82
SC-real-51200,F,2,85,True,True,True,40.0,,9,a47be7464659f75e69ef6f7165a7b057a0fd433ed180af76723f9bb5e1576a82
SC-real-51200,F,2,86,True,True,True,40.0,,9,a47be7464659f75e69ef6f7165a7b057a0fd433ed180af76723f9bb5e1576a82
SC-real-51200,F,2,87,True,True,True,40.0,,9,a47be7464659f75e69ef6f7165a7b057a0fd433ed180af76723f9bb5e1576a82
SC-real-51200,F,2,88,True,False,False,32.733333333333334,,8,a47be7464659f75e69ef6f7165a7b057a0fd433ed180af76723f9bb5e1576a82
SC-real-51200,F,2,89,True,True,True,40.0,,9,a47be7464659f75e69ef6f7165a7b057a0fd433ed180af76723f9bb5e1576a82
SC-real-51200,F,2,90,True,True,True,40.0,,9,a47be7464659f75e69ef6f7165a7b057a0fd433ed180af76723f9bb5e1576a82
SC-real-51200,F,2,91,True,True,True,40.0,,9,a47be7464659f75e69ef6f7165a7b057a0fd433ed180af76723f9bb5e1576a82
SC-real-51200,F,2,92,True,True,True,40.0,,9,a47be7464659f75e69ef6f7165a7b057a0fd433ed180af76723f9bb5e1576a82
SC-real-51200,F,2,93,True,True,True,40.0,,9,a47be7464659f75e69ef6f7165a7b057a0fd433ed180af76723f9bb5e1576a82
SC-real-51200,F,2,94,True,True,True,40.0,,9,a47be7464659f75e69ef6f7165a7b057a0fd433ed180af76723f9bb5e1576a82
SC-real-51200,F,2,95,True,True,True,40.0,,9,a47be7464659f75e69ef6f7165a7b057a0fd433ed180af76723f9bb5e1576a82
SC-real-51200,F,2,96,True,True,True,40.0,,9,a47be7464659f75e69ef6f7165a7b057a0fd433ed180af76723f9bb5e1576a82
SC-real-51200,F,2,97,True,True,True,40.0,,9,a47be7464659f75e69ef6f7165a7b057a0fd433ed180af76723f9bb5e1576a82
SC-real-51200,F,2,98,True,True,True,40.0,,9,a47be7464659f75e69ef6f7165a7b057a0fd433ed180af76723f9bb5e1576a82
SC-real-51200,F,2,99,True,True,True,40.0,,9,a47be7464659f75e69ef6f7165a7b057a0fd433ed180af76723f9bb5e1576a82
SC-real-51200,F,2,100,True,True,True,40.0,,9,a47be7464659f75e69ef6f7165a7b057a0fd433ed180af76723f9bb5e1576a82
SC-real-51200,F,2,101,True,True,True,40.0,,9,a47be7464659f75e69ef6f7165a7b057a0fd433ed180af76723f9bb5e1576a82
SC-real-51200,F,2,102,True,True,True,40.0,,9,a47be7464659f75e69ef6f7165a7b057a0fd433ed180af76723f9bb5e1576a82
SC-real-51200,F,2,103,True,True,True,40.0,,9,a47be7464659f75e69ef6f7165a7b057a0fd433ed180af76723f9bb5e1576a82
SC-real-51200,F,2,104,True,True,True,40.0,,9,a47be7464659f75e69ef6f7165a7b057a0fd433ed180af76723f9bb5e1576a82
SC-real-51200,F,2,105,True,True,True,40.0,,9,a47be7464659f75e69ef6f7165a7b057a0fd433ed180af76723f9bb5e1576a82
SC-real-51200,F,2,106,True,True,True,40.0,,9,a47be7464659f75e69ef6f7165a7b057a0fd433ed180af76723f9bb5e1576a82
SC-real-51200,F,2,107,True,True,True,40.0,,9,a47be7464659f75e69ef6f7165a7b057a0fd433ed180af76723f9bb5e1576a82
SC-real-51200,F,2,108,True,True,True,40.0,,9,a47be7464659f75e69ef6f7165a7b057a0fd433ed180af76723f9bb5e1576a82
SC-real-51200,F,2,109,True,True,True,40.0,,9,a47be7464659f75e69ef6f7165a7b057a0fd433ed180af76723f9bb5e1576a82
SC-real-51200,F,2,110,True,True,True,40.0,,9,a47be7464659f75e69ef6f7165a7b057a0fd433ed180af76723f9bb5e1576a82
SC-real-51200,F,2,111,True,False,False,28.733333333333334,,6,a47be7464659f75e69ef6f7165a7b057a0fd433ed180af76723f9bb5e1576a82
SC-real-51200,F,2,112,True,False,False,33.166666666666664,,8,a47be7464659f75e69ef6f7165a7b057a0fd433ed180af76723f9bb5e1576a82
SC-real-51200,F,2,113,True,True,True,40.0,,9,a47be7464659f75e69ef6f7165a7b057a0fd433ed180af76723f9bb5e1576a82
SC-real-51200,F,2,114,True,True,True,40.0,,9,a47be7464659f75e69ef6f7165a7b057a0fd433ed180af76723f9bb5e1576a82
SC-real-51200,F,2,115,True,True,True,40.0,,9,a47be7464659f75e69ef6f7165a7b057a0fd433ed180af76723f9bb5e1576a82
SC-real-51200,F,2,116,True,True,True,40.0,,9,a47be7464659f75e69ef6f7165a7b057a0fd433ed180af76723f9bb5e1576a82
SC-real-51200,F,2,117,True,True,True,40.0,,9,a47be7464659f75e69ef6f7165a7b057a0fd433ed180af76723f9bb5e1576a82
SC-real-51200,F,2,118,True,True,True,40.0,,9,a47be7464659f75e69ef6f7165a7b057a0fd433ed180af76723f9bb5e1576a82
SC-real-51200,F,2,119,True,True,True,40.0,,9,a47be7464659f75e69ef6f7165a7b057a0fd433ed180af76723f9bb5e1576a82
SC-real-51200,F,2,120,True,False,False,36.06666666666667,,8,a47be7464659f75e69ef6f7165a7b057a0fd433ed180af76723f9bb5e1576a82
SC-real-51200,F,2,121,True,True,True,40.0,,9,a47be7464659f75e69ef6f7165a7b057a0fd433ed180af76723f9bb5e1576a82
SC-real-51200,F,2,122,True,False,False,37.1,,9,a47be7464659f75e69ef6f7165a7b057a0fd433ed180af76723f9bb5e1576a82
SC-real-51200,F,2,123,True,True,True,40.0,,9,a47be7464659f75e69ef6f7165a7b057a0fd433ed180af76723f9bb5e1576a82
SC-real-51200,F,2,124,True,True,True,40.0,,9,a47be7464659f75e69ef6f7165a7b057a0fd433ed180af76723f9bb5e1576a82
SC-real-51200,F,2,125,True,True,True,40.0,,9,a47be7464659f75e69ef6f7165a7b057a0fd433ed180af76723f9bb5e1576a82
SC-real-51200,F,2,126,True,True,True,40.0,,10,a47be7464659f75e69ef6f7165a7b057a0fd433ed180af76723f9bb5e1576a82
SC-real-51200,F,2,127,True,True,True,40.0,,9,a47be7464659f75e69ef6f7165a7b057a0fd433ed180af76723f9bb5e1576a82
SC-real-51200,F,3,0,True,True,True,40.0,,10,a47be7464659f75e69ef6f7165a7b057a0fd433ed180af76723f9bb5e1576a82
SC-real-51200,F,3,1,True,True,True,40.0,,10,a47be7464659f75e69ef6f7165a7b057a0fd433ed180af76723f9bb5e1576a82
SC-real-51200,F,3,2,True,True,True,40.0,,10,a47be7464659f75e69ef6f7165a7b057a0fd433ed180af76723f9bb5e1576a82
SC-real-51200,F,3,3,True,True,True,40.0,,10,a47be7464659f75e69ef6f7165a7b057a0fd433ed180af76723f9bb5e1576a82
SC-real-51200,F,3,4,True,True,True,40.0,,6,a47be7464659f75e69ef6f7165a7b057a0fd433ed180af76723f9bb5e1576a82
SC-real-51200,F,3,5,True,True,True,40.0,,10,a47be7464659f75e69ef6f7165a7b057a0fd433ed180af76723f9bb5e1576a82
SC-real-51200,F,3,6,True,True,True,40.0,,10,a47be7464659f75e69ef6f7165a7b057a0fd433ed180af76723f9bb5e1576a82
SC-real-51200,F,3,7,True,True,True,40.0,,10,a47be7464659f75e69ef6f7165a7b057a0fd433ed180af76723f9bb5e1576a82
SC-real-51200,F,3,8,True,True,True,40.0,,10,a47be7464659f75e69ef6f7165a7b057a0fd433ed180af76723f9bb5e1576a82
SC-real-51200,F,3,9,True,True,True,40.0,,10,a47be7464659f75e69ef6f7165a7b057a0fd433ed180af76723f9bb5e1576a82
SC-real-51200,F,3,10,True,True,True,40.0,,10,a47be7464659f75e69ef6f7165a7b057a0fd433ed180af76723f9bb5e1576a82
SC-real-51200,F,3,11,True,True,True,40.0,,10,a47be7464659f75e69ef6f7165a7b057a0fd433ed180af76723f9bb5e1576a82
SC-real-51200,F,3,12,True,True,True,40.0,,10,a47be7464659f75e69ef6f7165a7b057a0fd433ed180af76723f9bb5e1576a82
SC-real-51200,F,3,13,True,True,True,40.0,,10,a47be7464659f75e69ef6f7165a7b057a0fd433ed180af76723f9bb5e1576a82
SC-real-51200,F,3,14,True,True,True,40.0,,10,a47be7464659f75e69ef6f7165a7b057a0fd433ed180af76723f9bb5e1576a82
SC-real-51200,F,3,15,True,True,True,40.0,,10,a47be7464659f75e69ef6f7165a7b057a0fd433ed180af76723f9bb5e1576a82
SC-real-51200,F,3,16,True,True,True,40.0,,10,a47be7464659f75e69ef6f7165a7b057a0fd433ed180af76723f9bb5e1576a82
SC-real-51200,F,3,17,True,True,True,40.0,,10,a47be7464659f75e69ef6f7165a7b057a0fd433ed180af76723f9bb5e1576a82
SC-real-51200,F,3,18,True,True,True,40.0,,10,a47be7464659f75e69ef6f7165a7b057a0fd433ed180af76723f9bb5e1576a82
SC-real-51200,F,3,19,True,True,True,40.0,,10,a47be7464659f75e69ef6f7165a7b057a0fd433ed180af76723f9bb5e1576a82
SC-real-51200,F,3,20,True,True,True,40.0,,10,a47be7464659f75e69ef6f7165a7b057a0fd433ed180af76723f9bb5e1576a82
SC-real-51200,F,3,21,True,False,True,36.06666666666667,,10,a47be7464659f75e69ef6f7165a7b057a0fd433ed180af76723f9bb5e1576a82
SC-real-51200,F,3,22,True,True,True,40.0,,10,a47be7464659f75e69ef6f7165a7b057a0fd433ed180af76723f9bb5e1576a82
SC-real-51200,F,3,23,True,True,True,40.0,,10,a47be7464659f75e69ef6f7165a7b057a0fd433ed180af76723f9bb5e1576a82
SC-real-51200,F,3,24,True,True,True,40.0,,10,a47be7464659f75e69ef6f7165a7b057a0fd433ed180af76723f9bb5e1576a82
SC-real-51200,F,3,25,True,True,True,40.0,,10,a47be7464659f75e69ef6f7165a7b057a0fd433ed180af76723f9bb5e1576a82
SC-real-51200,F,3,26,True,True,True,40.0,,10,a47be7464659f75e69ef6f7165a7b057a0fd433ed180af76723f9bb5e1576a82
SC-real-51200,F,3,27,True,True,True,40.0,,10,a47be7464659f75e69ef6f7165a7b057a0fd433ed180af76723f9bb5e1576a82
SC-real-51200,F,3,28,True,True,True,40.0,,10,a47be7464659f75e69ef6f7165a7b057a0fd433ed180af76723f9bb5e1576a82
SC-real-51200,F,3,29,True,True,True,40.0,,10,a47be7464659f75e69ef6f7165a7b057a0fd433ed180af76723f9bb5e1576a82
SC-real-51200,F,3,30,True,True,True,40.0,,10,a47be7464659f75e69ef6f7165a7b057a0fd433ed180af76723f9bb5e1576a82
SC-real-51200,F,3,31,True,False,True,34.53333333333333,,9,a47be7464659f75e69ef6f7165a7b057a0fd433ed180af76723f9bb5e1576a82
SC-real-51200,F,3,32,True,True,True,40.0,,10,a47be7464659f75e69ef6f7165a7b057a0fd433ed180af76723f9bb5e1576a82
SC-real-51200,F,3,33,True,True,True,40.0,,10,a47be7464659f75e69ef6f7165a7b057a0fd433ed180af76723f9bb5e1576a82
SC-real-51200,F,3,34,True,True,True,40.0,,10,a47be7464659f75e69ef6f7165a7b057a0fd433ed180af76723f9bb5e1576a82
SC-real-51200,F,3,35,True,True,True,40.0,,10,a47be7464659f75e69ef6f7165a7b057a0fd433ed180af76723f9bb5e1576a82
SC-real-51200,F,3,36,True,True,True,40.0,,7,a47be7464659f75e69ef6f7165a7b057a0fd433ed180af76723f9bb5e1576a82
SC-real-51200,F,3,37,True,True,True,40.0,,3,a47be7464659f75e69ef6f7165a7b057a0fd433ed180af76723f9bb5e1576a82
SC-real-51200,F,3,38,True,True,True,40.0,,10,a47be7464659f75e69ef6f7165a7b057a0fd433ed180af76723f9bb5e1576a82
SC-real-51200,F,3,39,True,True,True,40.0,,10,a47be7464659f75e69ef6f7165a7b057a0fd433ed180af76723f9bb5e1576a82
SC-real-51200,F,3,40,True,True,True,40.0,,10,a47be7464659f75e69ef6f7165a7b057a0fd433ed180af76723f9bb5e1576a82
SC-real-51200,F,3,41,True,True,True,40.0,,10,a47be7464659f75e69ef6f7165a7b057a0fd433ed180af76723f9bb5e1576a82
SC-real-51200,F,3,42,True,True,True,40.0,,10,a47be7464659f75e69ef6f7165a7b057a0fd433ed180af76723f9bb5e1576a82
SC-real-51200,F,3,43,True,True,True,40.0,,10,a47be7464659f75e69ef6f7165a7b057a0fd433ed180af76723f9bb5e1576a82
SC-real-51200,F,3,44,True,True,True,40.0,,10,a47be7464659f75e69ef6f7165a7b057a0fd433ed180af76723f9bb5e1576a82
SC-real-51200,F,3,45,True,True,True,40.0,,10,a47be7464659f75e69ef6f7165a7b057a0fd433ed180af76723f9bb5e1576a82
SC-real-51200,F,3,46,True,True,True,40.0,,10,a47be7464659f75e69ef6f7165a7b057a0fd433ed180af76723f9bb5e1576a82
SC-real-51200,F,3,47,True,True,True,40.0,,10,a47be7464659f75e69ef6f7165a7b057a0fd433ed180af76723f9bb5e1576a82
SC-real-51200,F,3,48,True,True,True,40.0,,6,a47be7464659f75e69ef6f7165a7b057a0fd433ed180af76723f9bb5e1576a82
SC-real-51200,F,3,49,True,True,True,40.0,,6,a47be7464659f75e69ef6f7165a7b057a0fd433ed180af76723f9bb5e1576a82
SC-real-51200,F,3,50,True,True,True,40.0,,5,a47be7464659f75e69ef6f7165a7b057a0fd433ed180af76723f9bb5e1576a82
SC-real-51200,F,3,51,True,False,False,23.466666666666665,,6,a47be7464659f75e69ef6f7165a7b057a0fd433ed180af76723f9bb5e1576a82
SC-real-51200,F,3,52,True,True,True,40.0,,10,a47be7464659f75e69ef6f7165a7b057a0fd433ed180af76723f9bb5e1576a82
SC-real-51200,F,3,53,True,True,True,40.0,,10,a47be7464659f75e69ef6f7165a7b057a0fd433ed180af76723f9bb5e1576a82
SC-real-51200,F,3,54,True,True,True,40.0,,10,a47be7464659f75e69ef6f7165a7b057a0fd433ed180af76723f9bb5e1576a82
SC-real-51200,F,3,55,True,True,True,40.0,,10,a47be7464659f75e69ef6f7165a7b057a0fd433ed180af76723f9bb5e1576a82
SC-real-51200,F,3,56,True,True,True,40.0,,10,a47be7464659f75e69ef6f7165a7b057a0fd433ed180af76723f9bb5e1576a82
SC-real-51200,F,3,57,True,True,True,40.0,,10,a47be7464659f75e69ef6f7165a7b057a0fd433ed180af76723f9bb5e1576a82
SC-real-51200,F,3,58,True,True,True,40.0,,10,a47be7464659f75e69ef6f7165a7b057a0fd433ed180af76723f9bb5e1576a82
SC-real-51200,F,3,59,True,True,True,40.0,,10,a47be7464659f75e69ef6f7165a7b057a0fd433ed180af76723f9bb5e1576a82
SC-real-51200,F,3,60,True,True,True,40.0,,10,a47be7464659f75e69ef6f7165a7b057a0fd433ed180af76723f9bb5e1576a82
SC-real-51200,F,3,61,True,True,True,40.0,,10,a47be7464659f75e69ef6f7165a7b057a0fd433ed180af76723f9bb5e1576a82
SC-real-51200,F,3,62,True,True,True,40.0,,10,a47be7464659f75e69ef6f7165a7b057a0fd433ed180af76723f9bb5e1576a82
SC-real-51200,F,3,63,True,True,True,40.0,,3,a47be7464659f75e69ef6f7165a7b057a0fd433ed180af76723f9bb5e1576a82
SC-real-51200,F,3,64,True,True,True,40.0,,6,a47be7464659f75e69ef6f7165a7b057a0fd433ed180af76723f9bb5e1576a82
SC-real-51200,F,3,65,True,True,True,40.0,,6,a47be7464659f75e69ef6f7165a7b057a0fd433ed180af76723f9bb5e1576a82
SC-real-51200,F,3,66,True,True,True,40.0,,10,a47be7464659f75e69ef6f7165a7b057a0fd433ed180af76723f9bb5e1576a82
SC-real-51200,F,3,67,True,True,True,40.0,,9,a47be7464659f75e69ef6f7165a7b057a0fd433ed180af76723f9bb5e1576a82
SC-real-51200,F,3,68,True,True,True,40.0,,10,a47be7464659f75e69ef6f7165a7b057a0fd433ed180af76723f9bb5e1576a82
SC-real-51200,F,3,69,True,True,True,40.0,,10,a47be7464659f75e69ef6f7165a7b057a0fd433ed180af76723f9bb5e1576a82
SC-real-51200,F,3,70,True,True,True,40.0,,10,a47be7464659f75e69ef6f7165a7b057a0fd433ed180af76723f9bb5e1576a82
SC-real-51200,F,3,71,True,True,True,40.0,,10,a47be7464659f75e69ef6f7165a7b057a0fd433ed180af76723f9bb5e1576a82
SC-real-51200,F,3,72,True,True,True,40.0,,10,a47be7464659f75e69ef6f7165a7b057a0fd433ed180af76723f9bb5e1576a82
SC-real-51200,F,3,73,True,False,False,15.866666666666667,,2,a47be7464659f75e69ef6f7165a7b057a0fd433ed180af76723f9bb5e1576a82
SC-real-51200,F,3,74,True,True,True,40.0,,10,a47be7464659f75e69ef6f7165a7b057a0fd433ed180af76723f9bb5e1576a82
SC-real-51200,F,3,75,True,True,True,40.0,,10,a47be7464659f75e69ef6f7165a7b057a0fd433ed180af76723f9bb5e1576a82
SC-real-51200,F,3,76,True,True,True,40.0,,10,a47be7464659f75e69ef6f7165a7b057a0fd433ed180af76723f9bb5e1576a82
SC-real-51200,F,3,77,True,True,True,40.0,,10,a47be7464659f75e69ef6f7165a7b057a0fd433ed180af76723f9bb5e1576a82
SC-real-51200,F,3,78,True,True,True,40.0,,10,a47be7464659f75e69ef6f7165a7b057a0fd433ed180af76723f9bb5e1576a82
SC-real-51200,F,3,79,True,True,True,40.0,,10,a47be7464659f75e69ef6f7165a7b057a0fd433ed180af76723f9bb5e1576a82
SC-real-51200,F,3,80,True,True,True,40.0,,10,a47be7464659f75e69ef6f7165a7b057a0fd433ed180af76723f9bb5e1576a82
SC-real-51200,F,3,81,True,True,True,40.0,,10,a47be7464659f75e69ef6f7165a7b057a0fd433ed180af76723f9bb5e1576a82
SC-real-51200,F,3,82,True,True,True,40.0,,10,a47be7464659f75e69ef6f7165a7b057a0fd433ed180af76723f9bb5e1576a82
SC-real-51200,F,3,83,True,True,True,40.0,,10,a47be7464659f75e69ef6f7165a7b057a0fd433ed180af76723f9bb5e1576a82
SC-real-51200,F,3,84,True,True,True,40.0,,10,a47be7464659f75e69ef6f7165a7b057a0fd433ed180af76723f9bb5e1576a82
SC-real-51200,F,3,85,True,True,True,40.0,,10,a47be7464659f75e69ef6f7165a7b057a0fd433ed180af76723f9bb5e1576a82
SC-real-51200,F,3,86,True,False,True,28.533333333333335,,10,a47be7464659f75e69ef6f7165a7b057a0fd433ed180af76723f9bb5e1576a82
SC-real-51200,F,3,87,False,False,False,0.7666666666666667,,0,a47be7464659f75e69ef6f7165a7b057a0fd433ed180af76723f9bb5e1576a82
SC-real-51200,F,3,88,True,True,True,40.0,,10,a47be7464659f75e69ef6f7165a7b057a0fd433ed180af76723f9bb5e1576a82
SC-real-51200,F,3,89,True,True,True,40.0,,10,a47be7464659f75e69ef6f7165a7b057a0fd433ed180af76723f9bb5e1576a82
SC-real-51200,F,3,90,True,True,True,40.0,,10,a47be7464659f75e69ef6f7165a7b057a0fd433ed180af76723f9bb5e1576a82
SC-real-51200,F,3,91,True,True,True,40.0,,10,a47be7464659f75e69ef6f7165a7b057a0fd433ed180af76723f9bb5e1576a82
SC-real-51200,F,3,92,True,True,True,40.0,,10,a47be7464659f75e69ef6f7165a7b057a0fd433ed180af76723f9bb5e1576a82
SC-real-51200,F,3,93,True,True,True,40.0,,10,a47be7464659f75e69ef6f7165a7b057a0fd433ed180af76723f9bb5e1576a82
SC-real-51200,F,3,94,True,True,True,40.0,,10,a47be7464659f75e69ef6f7165a7b057a0fd433ed180af76723f9bb5e1576a82
SC-real-51200,F,3,95,True,True,True,40.0,,8,a47be7464659f75e69ef6f7165a7b057a0fd433ed180af76723f9bb5e1576a82
SC-real-51200,F,3,96,True,True,True,40.0,,10,a47be7464659f75e69ef6f7165a7b057a0fd433ed180af76723f9bb5e1576a82
SC-real-51200,F,3,97,True,True,True,40.0,,10,a47be7464659f75e69ef6f7165a7b057a0fd433ed180af76723f9bb5e1576a82
SC-real-51200,F,3,98,True,True,True,40.0,,10,a47be7464659f75e69ef6f7165a7b057a0fd433ed180af76723f9bb5e1576a82
SC-real-51200,F,3,99,True,True,True,40.0,,10,a47be7464659f75e69ef6f7165a7b057a0fd433ed180af76723f9bb5e1576a82
SC-real-51200,F,3,100,True,True,True,40.0,,10,a47be7464659f75e69ef6f7165a7b057a0fd433ed180af76723f9bb5e1576a82
SC-real-51200,F,3,101,True,True,True,40.0,,10,a47be7464659f75e69ef6f7165a7b057a0fd433ed180af76723f9bb5e1576a82
SC-real-51200,F,3,102,True,True,True,40.0,,10,a47be7464659f75e69ef6f7165a7b057a0fd433ed180af76723f9bb5e1576a82
SC-real-51200,F,3,103,True,True,True,40.0,,10,a47be7464659f75e69ef6f7165a7b057a0fd433ed180af76723f9bb5e1576a82
SC-real-51200,F,3,104,True,True,True,40.0,,10,a47be7464659f75e69ef6f7165a7b057a0fd433ed180af76723f9bb5e1576a82
SC-real-51200,F,3,105,True,False,True,30.2,,2,a47be7464659f75e69ef6f7165a7b057a0fd433ed180af76723f9bb5e1576a82
SC-real-51200,F,3,106,True,True,True,40.0,,10,a47be7464659f75e69ef6f7165a7b057a0fd433ed180af76723f9bb5e1576a82
SC-real-51200,F,3,107,True,True,True,40.0,,10,a47be7464659f75e69ef6f7165a7b057a0fd433ed180af76723f9bb5e1576a82
SC-real-51200,F,3,108,True,True,True,40.0,,10,a47be7464659f75e69ef6f7165a7b057a0fd433ed180af76723f9bb5e1576a82
SC-real-51200,F,3,109,True,True,True,40.0,,10,a47be7464659f75e69ef6f7165a7b057a0fd433ed180af76723f9bb5e1576a82
SC-real-51200,F,3,110,True,True,True,40.0,,10,a47be7464659f75e69ef6f7165a7b057a0fd433ed180af76723f9bb5e1576a82
SC-real-51200,F,3,111,True,True,True,40.0,,10,a47be7464659f75e69ef6f7165a7b057a0fd433ed180af76723f9bb5e1576a82
SC-real-51200,F,3,112,True,False,False,0.0,,1,a47be7464659f75e69ef6f7165a7b057a0fd433ed180af76723f9bb5e1576a82
SC-real-51200,F,3,113,True,True,True,40.0,,10,a47be7464659f75e69ef6f7165a7b057a0fd433ed180af76723f9bb5e1576a82
SC-real-51200,F,3,114,True,True,True,40.0,,10,a47be7464659f75e69ef6f7165a7b057a0fd433ed180af76723f9bb5e1576a82
SC-real-51200,F,3,115,True,True,True,40.0,,10,a47be7464659f75e69ef6f7165a7b057a0fd433ed180af76723f9bb5e1576a82
SC-real-51200,F,3,116,False,False,False,0.8333333333333334,,0,a47be7464659f75e69ef6f7165a7b057a0fd433ed180af76723f9bb5e1576a82
SC-real-51200,F,3,117,True,True,True,40.0,,10,a47be7464659f75e69ef6f7165a7b057a0fd433ed180af76723f9bb5e1576a82
SC-real-51200,F,3,118,True,True,True,40.0,,10,a47be7464659f75e69ef6f7165a7b057a0fd433ed180af76723f9bb5e1576a82
SC-real-51200,F,3,119,True,True,True,40.0,,10,a47be7464659f75e69ef6f7165a7b057a0fd433ed180af76723f9bb5e1576a82
SC-real-51200,F,3,120,True,True,True,40.0,,10,a47be7464659f75e69ef6f7165a7b057a0fd433ed180af76723f9bb5e1576a82
SC-real-51200,F,3,121,True,True,True,40.0,,10,a47be7464659f75e69ef6f7165a7b057a0fd433ed180af76723f9bb5e1576a82
SC-real-51200,F,3,122,True,True,True,40.0,,10,a47be7464659f75e69ef6f7165a7b057a0fd433ed180af76723f9bb5e1576a82
SC-real-51200,F,3,123,True,True,True,40.0,,10,a47be7464659f75e69ef6f7165a7b057a0fd433ed180af76723f9bb5e1576a82
SC-real-51200,F,3,124,True,True,True,40.0,,10,a47be7464659f75e69ef6f7165a7b057a0fd433ed180af76723f9bb5e1576a82
SC-real-51200,F,3,125,True,True,True,40.0,,10,a47be7464659f75e69ef6f7165a7b057a0fd433ed180af76723f9bb5e1576a82
SC-real-51200,F,3,126,True,False,False,35.96666666666667,,10,a47be7464659f75e69ef6f7165a7b057a0fd433ed180af76723f9bb5e1576a82
SC-real-51200,F,3,127,True,True,True,40.0,,10,a47be7464659f75e69ef6f7165a7b057a0fd433ed180af76723f9bb5e1576a82
C1-3200,S2,0,0,False,False,False,0.7666666666666667,0000000000,,a47be7464659f75e69ef6f7165a7b057a0fd433ed180af76723f9bb5e1576a82
C1-3200,S2,0,1,False,False,False,0.7,0000000000,,a47be7464659f75e69ef6f7165a7b057a0fd433ed180af76723f9bb5e1576a82
C1-3200,S2,0,2,False,False,False,0.6666666666666666,0000000000,,a47be7464659f75e69ef6f7165a7b057a0fd433ed180af76723f9bb5e1576a82
C1-3200,S2,0,3,False,False,False,0.6,0000000000,,a47be7464659f75e69ef6f7165a7b057a0fd433ed180af76723f9bb5e1576a82
C1-3200,S2,0,4,False,False,False,0.7333333333333333,0000000000,,a47be7464659f75e69ef6f7165a7b057a0fd433ed180af76723f9bb5e1576a82
C1-3200,S2,0,5,False,False,False,0.7,0000000000,,a47be7464659f75e69ef6f7165a7b057a0fd433ed180af76723f9bb5e1576a82
C1-3200,S2,0,6,False,False,False,0.6666666666666666,0000000000,,a47be7464659f75e69ef6f7165a7b057a0fd433ed180af76723f9bb5e1576a82
C1-3200,S2,0,7,False,False,False,0.8333333333333334,0000000000,,a47be7464659f75e69ef6f7165a7b057a0fd433ed180af76723f9bb5e1576a82
C1-3200,S2,0,8,False,False,False,0.7333333333333333,0000000000,,a47be7464659f75e69ef6f7165a7b057a0fd433ed180af76723f9bb5e1576a82
C1-3200,S2,0,9,False,False,False,0.7666666666666667,0000000000,,a47be7464659f75e69ef6f7165a7b057a0fd433ed180af76723f9bb5e1576a82
C1-3200,S2,0,10,False,False,False,0.7333333333333333,0000000000,,a47be7464659f75e69ef6f7165a7b057a0fd433ed180af76723f9bb5e1576a82
C1-3200,S2,0,11,False,False,False,0.7666666666666667,0000000000,,a47be7464659f75e69ef6f7165a7b057a0fd433ed180af76723f9bb5e1576a82
C1-3200,S2,0,12,False,False,False,0.8333333333333334,0000000000,,a47be7464659f75e69ef6f7165a7b057a0fd433ed180af76723f9bb5e1576a82
C1-3200,S2,0,13,False,False,False,0.7,0000000000,,a47be7464659f75e69ef6f7165a7b057a0fd433ed180af76723f9bb5e1576a82
C1-3200,S2,0,14,False,False,True,0.7333333333333333,0101010101,,a47be7464659f75e69ef6f7165a7b057a0fd433ed180af76723f9bb5e1576a82
C1-3200,S2,0,15,False,False,False,0.7,0000000000,,a47be7464659f75e69ef6f7165a7b057a0fd433ed180af76723f9bb5e1576a82
C1-3200,S2,0,16,False,False,False,0.7666666666666667,0000000000,,a47be7464659f75e69ef6f7165a7b057a0fd433ed180af76723f9bb5e1576a82
C1-3200,S2,0,17,False,False,False,0.7,0000000000,,a47be7464659f75e69ef6f7165a7b057a0fd433ed180af76723f9bb5e1576a82
C1-3200,S2,0,18,False,False,False,0.7333333333333333,0000000000,,a47be7464659f75e69ef6f7165a7b057a0fd433ed180af76723f9bb5e1576a82
C1-3200,S2,0,19,False,False,False,0.7666666666666667,0000000000,,a47be7464659f75e69ef6f7165a7b057a0fd433ed180af76723f9bb5e1576a82
C1-3200,S2,0,20,False,False,False,0.6333333333333333,0000000000,,a47be7464659f75e69ef6f7165a7b057a0fd433ed180af76723f9bb5e1576a82
C1-3200,S2,0,21,False,False,False,0.8666666666666667,0000000000,,a47be7464659f75e69ef6f7165a7b057a0fd433ed180af76723f9bb5e1576a82
C1-3200,S2,0,22,False,False,False,0.7333333333333333,0000000000,,a47be7464659f75e69ef6f7165a7b057a0fd433ed180af76723f9bb5e1576a82
C1-3200,S2,0,23,False,False,False,0.7333333333333333,0000000000,,a47be7464659f75e69ef6f7165a7b057a0fd433ed180af76723f9bb5e1576a82
C1-3200,S2,0,24,False,False,False,0.8,0000000000,,a47be7464659f75e69ef6f7165a7b057a0fd433ed180af76723f9bb5e1576a82
C1-3200,S2,0,25,False,False,False,0.6666666666666666,0000000000,,a47be7464659f75e69ef6f7165a7b057a0fd433ed180af76723f9bb5e1576a82
C1-3200,S2,0,26,False,False,False,0.7333333333333333,0000000000,,a47be7464659f75e69ef6f7165a7b057a0fd433ed180af76723f9bb5e1576a82
C1-3200,S2,0,27,False,False,False,0.7,0000000000,,a47be7464659f75e69ef6f7165a7b057a0fd433ed180af76723f9bb5e1576a82
C1-3200,S2,0,28,False,False,False,0.7333333333333333,0000000000,,a47be7464659f75e69ef6f7165a7b057a0fd433ed180af76723f9bb5e1576a82
C1-3200,S2,0,29,False,False,False,0.7,0000000000,,a47be7464659f75e69ef6f7165a7b057a0fd433ed180af76723f9bb5e1576a82
C1-3200,S2,0,30,False,False,False,0.8666666666666667,0000000000,,a47be7464659f75e69ef6f7165a7b057a0fd433ed180af76723f9bb5e1576a82
C1-3200,S2,0,31,False,False,False,0.7666666666666667,0000000000,,a47be7464659f75e69ef6f7165a7b057a0fd433ed180af76723f9bb5e1576a82
C1-3200,S2,0,32,False,False,False,0.5333333333333333,0000000000,,a47be7464659f75e69ef6f7165a7b057a0fd433ed180af76723f9bb5e1576a82
C1-3200,S2,0,33,False,False,False,0.6666666666666666,0000000000,,a47be7464659f75e69ef6f7165a7b057a0fd433ed180af76723f9bb5e1576a82
C1-3200,S2,0,34,False,False,False,0.7666666666666667,0000000000,,a47be7464659f75e69ef6f7165a7b057a0fd433ed180af76723f9bb5e1576a82
C1-3200,S2,0,35,False,False,False,0.7333333333333333,0000000000,,a47be7464659f75e69ef6f7165a7b057a0fd433ed180af76723f9bb5e1576a82
C1-3200,S2,0,36,False,False,False,0.6666666666666666,0000000000,,a47be7464659f75e69ef6f7165a7b057a0fd433ed180af76723f9bb5e1576a82
C1-3200,S2,0,37,False,False,False,0.7333333333333333,0000000000,,a47be7464659f75e69ef6f7165a7b057a0fd433ed180af76723f9bb5e1576a82
C1-3200,S2,0,38,False,False,False,0.7666666666666667,0000000000,,a47be7464659f75e69ef6f7165a7b057a0fd433ed180af76723f9bb5e1576a82
C1-3200,S2,0,39,False,False,False,0.8666666666666667,0000000000,,a47be7464659f75e69ef6f7165a7b057a0fd433ed180af76723f9bb5e1576a82
C1-3200,S2,0,40,False,False,False,0.7666666666666667,0000000000,,a47be7464659f75e69ef6f7165a7b057a0fd433ed180af76723f9bb5e1576a82
C1-3200,S2,0,41,False,False,False,0.8,0000000000,,a47be7464659f75e69ef6f7165a7b057a0fd433ed180af76723f9bb5e1576a82
C1-3200,S2,0,42,False,False,False,0.7666666666666667,0000000000,,a47be7464659f75e69ef6f7165a7b057a0fd433ed180af76723f9bb5e1576a82
C1-3200,S2,0,43,False,False,False,0.8,0000000000,,a47be7464659f75e69ef6f7165a7b057a0fd433ed180af76723f9bb5e1576a82
C1-3200,S2,0,44,False,False,False,0.8,0000000000,,a47be7464659f75e69ef6f7165a7b057a0fd433ed180af76723f9bb5e1576a82
C1-3200,S2,0,45,False,False,False,0.7,0000000000,,a47be7464659f75e69ef6f7165a7b057a0fd433ed180af76723f9bb5e1576a82
C1-3200,S2,0,46,False,False,False,0.7666666666666667,0000000000,,a47be7464659f75e69ef6f7165a7b057a0fd433ed180af76723f9bb5e1576a82
C1-3200,S2,0,47,False,False,False,0.7666666666666667,0000000000,,a47be7464659f75e69ef6f7165a7b057a0fd433ed180af76723f9bb5e1576a82
C1-3200,S2,0,48,False,False,False,0.7333333333333333,0000000000,,a47be7464659f75e69ef6f7165a7b057a0fd433ed180af76723f9bb5e1576a82
C1-3200,S2,0,49,False,False,False,0.7,0000000000,,a47be7464659f75e69ef6f7165a7b057a0fd433ed180af76723f9bb5e1576a82
C1-3200,S2,0,50,False,False,False,0.7666666666666667,0000000000,,a47be7464659f75e69ef6f7165a7b057a0fd433ed180af76723f9bb5e1576a82
C1-3200,S2,0,51,False,False,False,0.7,0000000000,,a47be7464659f75e69ef6f7165a7b057a0fd433ed180af76723f9bb5e1576a82
C1-3200,S2,0,52,False,False,False,0.7,0000000000,,a47be7464659f75e69ef6f7165a7b057a0fd433ed180af76723f9bb5e1576a82
C1-3200,S2,0,53,False,False,False,0.7333333333333333,0000000000,,a47be7464659f75e69ef6f7165a7b057a0fd433ed180af76723f9bb5e1576a82
C1-3200,S2,0,54,False,False,False,0.7666666666666667,0000000000,,a47be7464659f75e69ef6f7165a7b057a0fd433ed180af76723f9bb5e1576a82
C1-3200,S2,0,55,False,False,False,0.7666666666666667,0000000000,,a47be7464659f75e69ef6f7165a7b057a0fd433ed180af76723f9bb5e1576a82
C1-3200,S2,0,56,False,False,False,0.6333333333333333,0000000000,,a47be7464659f75e69ef6f7165a7b057a0fd433ed180af76723f9bb5e1576a82
C1-3200,S2,0,57,False,False,False,0.7666666666666667,0000000000,,a47be7464659f75e69ef6f7165a7b057a0fd433ed180af76723f9bb5e1576a82
C1-3200,S2,0,58,False,False,False,0.6666666666666666,0000000000,,a47be7464659f75e69ef6f7165a7b057a0fd433ed180af76723f9bb5e1576a82
C1-3200,S2,0,59,False,False,False,0.8,0000000000,,a47be7464659f75e69ef6f7165a7b057a0fd433ed180af76723f9bb5e1576a82
C1-3200,S2,0,60,False,False,False,0.7333333333333333,0000000000,,a47be7464659f75e69ef6f7165a7b057a0fd433ed180af76723f9bb5e1576a82
C1-3200,S2,0,61,False,False,False,0.7,0000000000,,a47be7464659f75e69ef6f7165a7b057a0fd433ed180af76723f9bb5e1576a82
C1-3200,S2,0,62,False,False,False,0.6666666666666666,0000000000,,a47be7464659f75e69ef6f7165a7b057a0fd433ed180af76723f9bb5e1576a82
C1-3200,S2,0,63,False,False,False,0.7666666666666667,0000000000,,a47be7464659f75e69ef6f7165a7b057a0fd433ed180af76723f9bb5e1576a82
C1-3200,S2,0,64,False,False,False,0.7,0000000000,,a47be7464659f75e69ef6f7165a7b057a0fd433ed180af76723f9bb5e1576a82
C1-3200,S2,0,65,False,False,False,0.7,0000000000,,a47be7464659f75e69ef6f7165a7b057a0fd433ed180af76723f9bb5e1576a82
C1-3200,S2,0,66,False,False,False,0.8666666666666667,0000000000,,a47be7464659f75e69ef6f7165a7b057a0fd433ed180af76723f9bb5e1576a82
C1-3200,S2,0,67,False,False,False,0.7333333333333333,0000000000,,a47be7464659f75e69ef6f7165a7b057a0fd433ed180af76723f9bb5e1576a82
C1-3200,S2,0,68,False,False,False,0.7666666666666667,0000000000,,a47be7464659f75e69ef6f7165a7b057a0fd433ed180af76723f9bb5e1576a82
C1-3200,S2,0,69,False,False,False,0.7,0000000000,,a47be7464659f75e69ef6f7165a7b057a0fd433ed180af76723f9bb5e1576a82
C1-3200,S2,0,70,False,False,False,0.7666666666666667,0000000000,,a47be7464659f75e69ef6f7165a7b057a0fd433ed180af76723f9bb5e1576a82
C1-3200,S2,0,71,False,False,False,0.7666666666666667,0000000000,,a47be7464659f75e69ef6f7165a7b057a0fd433ed180af76723f9bb5e1576a82
C1-3200,S2,0,72,False,False,False,0.8,0000000000,,a47be7464659f75e69ef6f7165a7b057a0fd433ed180af76723f9bb5e1576a82
C1-3200,S2,0,73,False,False,False,0.7333333333333333,0000000000,,a47be7464659f75e69ef6f7165a7b057a0fd433ed180af76723f9bb5e1576a82
C1-3200,S2,0,74,False,False,False,0.8,0000000000,,a47be7464659f75e69ef6f7165a7b057a0fd433ed180af76723f9bb5e1576a82
C1-3200,S2,0,75,False,False,False,1.0,0000000000,,a47be7464659f75e69ef6f7165a7b057a0fd433ed180af76723f9bb5e1576a82
C1-3200,S2,0,76,False,False,False,0.5666666666666667,0000000000,,a47be7464659f75e69ef6f7165a7b057a0fd433ed180af76723f9bb5e1576a82
C1-3200,S2,0,77,False,False,False,0.7333333333333333,0000000000,,a47be7464659f75e69ef6f7165a7b057a0fd433ed180af76723f9bb5e1576a82
C1-3200,S2,0,78,False,False,False,0.7666666666666667,0000000000,,a47be7464659f75e69ef6f7165a7b057a0fd433ed180af76723f9bb5e1576a82
C1-3200,S2,0,79,False,False,False,0.7333333333333333,0000000000,,a47be7464659f75e69ef6f7165a7b057a0fd433ed180af76723f9bb5e1576a82
C1-3200,S2,0,80,False,False,False,0.7,0000000000,,a47be7464659f75e69ef6f7165a7b057a0fd433ed180af76723f9bb5e1576a82
C1-3200,S2,0,81,False,False,False,0.7,0000000000,,a47be7464659f75e69ef6f7165a7b057a0fd433ed180af76723f9bb5e1576a82
C1-3200,S2,0,82,False,False,False,0.6,0000000000,,a47be7464659f75e69ef6f7165a7b057a0fd433ed180af76723f9bb5e1576a82
C1-3200,S2,0,83,False,False,False,0.7333333333333333,0000000000,,a47be7464659f75e69ef6f7165a7b057a0fd433ed180af76723f9bb5e1576a82
C1-3200,S2,0,84,False,False,False,0.6,0000000000,,a47be7464659f75e69ef6f7165a7b057a0fd433ed180af76723f9bb5e1576a82
C1-3200,S2,0,85,False,False,False,0.7666666666666667,0000000000,,a47be7464659f75e69ef6f7165a7b057a0fd433ed180af76723f9bb5e1576a82
C1-3200,S2,0,86,False,False,False,0.7666666666666667,0000000000,,a47be7464659f75e69ef6f7165a7b057a0fd433ed180af76723f9bb5e1576a82
C1-3200,S2,0,87,False,False,False,0.8,0000000000,,a47be7464659f75e69ef6f7165a7b057a0fd433ed180af76723f9bb5e1576a82
C1-3200,S2,0,88,False,False,False,0.5666666666666667,0000000000,,a47be7464659f75e69ef6f7165a7b057a0fd433ed180af76723f9bb5e1576a82
C1-3200,S2,0,89,False,False,False,0.9,0000000000,,a47be7464659f75e69ef6f7165a7b057a0fd433ed180af76723f9bb5e1576a82
C1-3200,S2,0,90,False,False,False,0.7,0000000000,,a47be7464659f75e69ef6f7165a7b057a0fd433ed180af76723f9bb5e1576a82
C1-3200,S2,0,91,False,False,False,0.9,0000000000,,a47be7464659f75e69ef6f7165a7b057a0fd433ed180af76723f9bb5e1576a82
C1-3200,S2,0,92,False,False,False,0.7333333333333333,0000000000,,a47be7464659f75e69ef6f7165a7b057a0fd433ed180af76723f9bb5e1576a82
C1-3200,S2,0,93,False,False,False,0.7,0000000000,,a47be7464659f75e69ef6f7165a7b057a0fd433ed180af76723f9bb5e1576a82
C1-3200,S2,0,94,False,False,False,0.7333333333333333,0000000000,,a47be7464659f75e69ef6f7165a7b057a0fd433ed180af76723f9bb5e1576a82
C1-3200,S2,0,95,False,False,False,0.7,0000000000,,a47be7464659f75e69ef6f7165a7b057a0fd433ed180af76723f9bb5e1576a82
C1-3200,S2,0,96,False,False,False,0.6666666666666666,0000000000,,a47be7464659f75e69ef6f7165a7b057a0fd433ed180af76723f9bb5e1576a82
C1-3200,S2,0,97,False,False,False,1.0333333333333334,0000000000,,a47be7464659f75e69ef6f7165a7b057a0fd433ed180af76723f9bb5e1576a82
C1-3200,S2,0,98,False,False,False,0.7666666666666667,0000000000,,a47be7464659f75e69ef6f7165a7b057a0fd433ed180af76723f9bb5e1576a82
C1-3200,S2,0,99,False,False,False,0.7,0000000000,,a47be7464659f75e69ef6f7165a7b057a0fd433ed180af76723f9bb5e1576a82
C1-3200,S2,0,100,False,False,False,0.7666666666666667,0000000000,,a47be7464659f75e69ef6f7165a7b057a0fd433ed180af76723f9bb5e1576a82
C1-3200,S2,0,101,False,False,False,0.7,0000000000,,a47be7464659f75e69ef6f7165a7b057a0fd433ed180af76723f9bb5e1576a82
C1-3200,S2,0,102,False,False,False,0.7333333333333333,0000000000,,a47be7464659f75e69ef6f7165a7b057a0fd433ed180af76723f9bb5e1576a82
C1-3200,S2,0,103,False,False,False,0.6333333333333333,0000000000,,a47be7464659f75e69ef6f7165a7b057a0fd433ed180af76723f9bb5e1576a82
C1-3200,S2,0,104,False,False,False,0.7333333333333333,0000000000,,a47be7464659f75e69ef6f7165a7b057a0fd433ed180af76723f9bb5e1576a82
C1-3200,S2,0,105,False,False,False,0.7333333333333333,0000000000,,a47be7464659f75e69ef6f7165a7b057a0fd433ed180af76723f9bb5e1576a82
C1-3200,S2,0,106,False,False,False,0.7,0000000000,,a47be7464659f75e69ef6f7165a7b057a0fd433ed180af76723f9bb5e1576a82
C1-3200,S2,0,107,False,False,False,0.7333333333333333,0000000000,,a47be7464659f75e69ef6f7165a7b057a0fd433ed180af76723f9bb5e1576a82
C1-3200,S2,0,108,False,False,False,0.7333333333333333,0000000000,,a47be7464659f75e69ef6f7165a7b057a0fd433ed180af76723f9bb5e1576a82
C1-3200,S2,0,109,False,False,False,0.7333333333333333,0000000000,,a47be7464659f75e69ef6f7165a7b057a0fd433ed180af76723f9bb5e1576a82
C1-3200,S2,0,110,False,False,False,0.7,0000000000,,a47be7464659f75e69ef6f7165a7b057a0fd433ed180af76723f9bb5e1576a82
C1-3200,S2,0,111,False,False,False,0.8666666666666667,0000000000,,a47be7464659f75e69ef6f7165a7b057a0fd433ed180af76723f9bb5e1576a82
C1-3200,S2,0,112,False,False,False,0.7,0000000000,,a47be7464659f75e69ef6f7165a7b057a0fd433ed180af76723f9bb5e1576a82
C1-3200,S2,0,113,False,False,False,0.7666666666666667,0000000000,,a47be7464659f75e69ef6f7165a7b057a0fd433ed180af76723f9bb5e1576a82
C1-3200,S2,0,114,False,False,False,0.6666666666666666,0000000000,,a47be7464659f75e69ef6f7165a7b057a0fd433ed180af76723f9bb5e1576a82
C1-3200,S2,0,115,False,False,False,0.7666666666666667,0000000000,,a47be7464659f75e69ef6f7165a7b057a0fd433ed180af76723f9bb5e1576a82
C1-3200,S2,0,116,False,False,False,0.7,0000000000,,a47be7464659f75e69ef6f7165a7b057a0fd433ed180af76723f9bb5e1576a82
C1-3200,S2,0,117,False,False,False,0.7,0000000000,,a47be7464659f75e69ef6f7165a7b057a0fd433ed180af76723f9bb5e1576a82
C1-3200,S2,0,118,False,False,False,0.8,0000000000,,a47be7464659f75e69ef6f7165a7b057a0fd433ed180af76723f9bb5e1576a82
C1-3200,S2,0,119,False,False,False,0.7333333333333333,0000000000,,a47be7464659f75e69ef6f7165a7b057a0fd433ed180af76723f9bb5e1576a82
C1-3200,S2,0,120,False,False,False,0.7666666666666667,0000000000,,a47be7464659f75e69ef6f7165a7b057a0fd433ed180af76723f9bb5e1576a82
C1-3200,S2,0,121,False,False,False,0.8,0000000000,,a47be7464659f75e69ef6f7165a7b057a0fd433ed180af76723f9bb5e1576a82
C1-3200,S2,0,122,False,False,False,0.6333333333333333,0000000000,,a47be7464659f75e69ef6f7165a7b057a0fd433ed180af76723f9bb5e1576a82
C1-3200,S2,0,123,False,False,False,0.7,0000000000,,a47be7464659f75e69ef6f7165a7b057a0fd433ed180af76723f9bb5e1576a82
C1-3200,S2,0,124,False,False,False,0.8333333333333334,0000000000,,a47be7464659f75e69ef6f7165a7b057a0fd433ed180af76723f9bb5e1576a82
C1-3200,S2,0,125,False,False,False,0.7333333333333333,0000000000,,a47be7464659f75e69ef6f7165a7b057a0fd433ed180af76723f9bb5e1576a82
C1-3200,S2,0,126,False,False,False,0.8333333333333334,0000000000,,a47be7464659f75e69ef6f7165a7b057a0fd433ed180af76723f9bb5e1576a82
C1-3200,S2,0,127,False,False,False,0.5333333333333333,0000000000,,a47be7464659f75e69ef6f7165a7b057a0fd433ed180af76723f9bb5e1576a82
C1-3200,S2,1,0,False,False,False,2.066666666666667,0000000000,,a47be7464659f75e69ef6f7165a7b057a0fd433ed180af76723f9bb5e1576a82
C1-3200,S2,1,1,False,False,True,0.9,0101010101,,a47be7464659f75e69ef6f7165a7b057a0fd433ed180af76723f9bb5e1576a82
C1-3200,S2,1,2,False,False,True,5.266666666666667,0101010101,,a47be7464659f75e69ef6f7165a7b057a0fd433ed180af76723f9bb5e1576a82
C1-3200,S2,1,3,False,False,True,1.8333333333333333,0101010101,,a47be7464659f75e69ef6f7165a7b057a0fd433ed180af76723f9bb5e1576a82
C1-3200,S2,1,4,False,False,True,3.966666666666667,0101010101,,a47be7464659f75e69ef6f7165a7b057a0fd433ed180af76723f9bb5e1576a82
C1-3200,S2,1,5,False,False,True,5.266666666666667,0101010101,,a47be7464659f75e69ef6f7165a7b057a0fd433ed180af76723f9bb5e1576a82
C1-3200,S2,1,6,False,False,True,2.5,0101010101,,a47be7464659f75e69ef6f7165a7b057a0fd433ed180af76723f9bb5e1576a82
C1-3200,S2,1,7,False,False,True,0.9666666666666667,0101010101,,a47be7464659f75e69ef6f7165a7b057a0fd433ed180af76723f9bb5e1576a82
C1-3200,S2,1,8,False,False,True,5.5,0101010101,,a47be7464659f75e69ef6f7165a7b057a0fd433ed180af76723f9bb5e1576a82
C1-3200,S2,1,9,False,False,True,5.3,0101010101,,a47be7464659f75e69ef6f7165a7b057a0fd433ed180af76723f9bb5e1576a82
C1-3200,S2,1,10,False,False,True,5.333333333333333,0101010101,,a47be7464659f75e69ef6f7165a7b057a0fd433ed180af76723f9bb5e1576a82
C1-3200,S2,1,11,False,False,True,5.433333333333334,0101010101,,a47be7464659f75e69ef6f7165a7b057a0fd433ed180af76723f9bb5e1576a82
C1-3200,S2,1,12,False,False,True,5.333333333333333,0101010101,,a47be7464659f75e69ef6f7165a7b057a0fd433ed180af76723f9bb5e1576a82
C1-3200,S2,1,13,False,False,True,5.433333333333334,0101010101,,a47be7464659f75e69ef6f7165a7b057a0fd433ed180af76723f9bb5e1576a82
C1-3200,S2,1,14,False,False,False,6.833333333333333,0100000000,,a47be7464659f75e69ef6f7165a7b057a0fd433ed180af76723f9bb5e1576a82
C1-3200,S2,1,15,False,False,True,5.366666666666666,0101010101,,a47be7464659f75e69ef6f7165a7b057a0fd433ed180af76723f9bb5e1576a82
C1-3200,S2,1,16,False,False,True,5.5,0101010101,,a47be7464659f75e69ef6f7165a7b057a0fd433ed180af76723f9bb5e1576a82
C1-3200,S2,1,17,False,False,True,2.466666666666667,0101010000,,a47be7464659f75e69ef6f7165a7b057a0fd433ed180af76723f9bb5e1576a82
C1-3200,S2,1,18,False,False,True,1.6333333333333333,0101010101,,a47be7464659f75e69ef6f7165a7b057a0fd433ed180af76723f9bb5e1576a82
C1-3200,S2,1,19,False,False,True,1.2333333333333334,0101010101,,a47be7464659f75e69ef6f7165a7b057a0fd433ed180af76723f9bb5e1576a82
C1-3200,S2,1,20,False,False,True,5.266666666666667,0101010101,,a47be7464659f75e69ef6f7165a7b057a0fd433ed180af76723f9bb5e1576a82
C1-3200,S2,1,21,False,False,True,0.8666666666666667,0101010101,,a47be7464659f75e69ef6f7165a7b057a0fd433ed180af76723f9bb5e1576a82
C1-3200,S2,1,22,False,False,True,7.8,0101010100,,a47be7464659f75e69ef6f7165a7b057a0fd433ed180af76723f9bb5e1576a82
C1-3200,S2,1,23,False,False,False,2.2666666666666666,0100000000,,a47be7464659f75e69ef6f7165a7b057a0fd433ed180af76723f9bb5e1576a82
C1-3200,S2,1,24,False,False,True,5.233333333333333,0101010101,,a47be7464659f75e69ef6f7165a7b057a0fd433ed180af76723f9bb5e1576a82
C1-3200,S2,1,25,False,False,True,5.366666666666666,0101010101,,a47be7464659f75e69ef6f7165a7b057a0fd433ed180af76723f9bb5e1576a82
C1-3200,S2,1,26,False,False,False,3.8333333333333335,0100000000,,a47be7464659f75e69ef6f7165a7b057a0fd433ed180af76723f9bb5e1576a82
C1-3200,S2,1,27,False,False,True,5.466666666666667,0101010101,,a47be7464659f75e69ef6f7165a7b057a0fd433ed180af76723f9bb5e1576a82
C1-3200,S2,1,28,False,False,True,0.7,0101010101,,a47be7464659f75e69ef6f7165a7b057a0fd433ed180af76723f9bb5e1576a82
C1-3200,S2,1,29,False,False,False,2.433333333333333,0101000000,,a47be7464659f75e69ef6f7165a7b057a0fd433ed180af76723f9bb5e1576a82
C1-3200,S2,1,30,False,False,False,3.6,0101000000,,a47be7464659f75e69ef6f7165a7b057a0fd433ed180af76723f9bb5e1576a82
C1-3200,S2,1,31,False,False,True,0.4,0101010101,,a47be7464659f75e69ef6f7165a7b057a0fd433ed180af76723f9bb5e1576a82
C1-3200,S2,1,32,False,False,True,1.0333333333333334,0101010101,,a47be7464659f75e69ef6f7165a7b057a0fd433ed180af76723f9bb5e1576a82
C1-3200,S2,1,33,False,False,True,7.566666666666666,0101010101,,a47be7464659f75e69ef6f7165a7b057a0fd433ed180af76723f9bb5e1576a82
C1-3200,S2,1,34,False,False,True,9.3,0101010101,,a47be7464659f75e69ef6f7165a7b057a0fd433ed180af76723f9bb5e1576a82
C1-3200,S2,1,35,False,False,False,3.6333333333333333,0101000000,,a47be7464659f75e69ef6f7165a7b057a0fd433ed180af76723f9bb5e1576a82
C1-3200,S2,1,36,False,False,False,7.333333333333333,0101000000,,a47be7464659f75e69ef6f7165a7b057a0fd433ed180af76723f9bb5e1576a82
C1-3200,S2,1,37,False,False,True,0.9333333333333333,0101010101,,a47be7464659f75e69ef6f7165a7b057a0fd433ed180af76723f9bb5e1576a82
C1-3200,S2,1,38,False,False,True,5.3,0101010101,,a47be7464659f75e69ef6f7165a7b057a0fd433ed180af76723f9bb5e1576a82
C1-3200,S2,1,39,False,False,False,7.5,0101010000,,a47be7464659f75e69ef6f7165a7b057a0fd433ed180af76723f9bb5e1576a82
C1-3200,S2,1,40,False,False,True,1.1333333333333333,0101010101,,a47be7464659f75e69ef6f7165a7b057a0fd433ed180af76723f9bb5e1576a82
C1-3200,S2,1,41,False,False,False,2.4,0101010000,,a47be7464659f75e69ef6f7165a7b057a0fd433ed180af76723f9bb5e1576a82
C1-3200,S2,1,42,False,False,True,1.3,0101010101,,a47be7464659f75e69ef6f7165a7b057a0fd433ed180af76723f9bb5e1576a82
C1-3200,S2,1,43,False,False,True,8.033333333333333,0101010101,,a47be7464659f75e69ef6f7165a7b057a0fd433ed180af76723f9bb5e1576a82
C1-3200,S2,1,44,False,False,True,1.0333333333333334,0101010101,,a47be7464659f75e69ef6f7165a7b057a0fd433ed180af76723f9bb5e1576a82
C1-3200,S2,1,45,False,False,True,0.9,0101010101,,a47be7464659f75e69ef6f7165a7b057a0fd433ed180af76723f9bb5e1576a82
C1-3200,S2,1,46,False,False,False,3.7,0100000000,,a47be7464659f75e69ef6f7165a7b057a0fd433ed180af76723f9bb5e1576a82
C1-3200,S2,1,47,False,False,True,5.266666666666667,0101010101,,a47be7464659f75e69ef6f7165a7b057a0fd433ed180af76723f9bb5e1576a82
C1-3200,S2,1,48,False,False,True,0.9666666666666667,0101010101,,a47be7464659f75e69ef6f7165a7b057a0fd433ed180af76723f9bb5e1576a82
C1-3200,S2,1,49,False,False,True,5.933333333333334,0101010101,,a47be7464659f75e69ef6f7165a7b057a0fd433ed180af76723f9bb5e1576a82
C1-3200,S2,1,50,False,False,True,4.0,0101010101,,a47be7464659f75e69ef6f7165a7b057a0fd433ed180af76723f9bb5e1576a82
C1-3200,S2,1,51,False,False,True,5.266666666666667,0101010101,,a47be7464659f75e69ef6f7165a7b057a0fd433ed180af76723f9bb5e1576a82
C1-3200,S2,1,52,False,False,True,1.0,0101010101,,a47be7464659f75e69ef6f7165a7b057a0fd433ed180af76723f9bb5e1576a82
C1-3200,S2,1,53,False,False,True,1.5333333333333334,0101010101,,a47be7464659f75e69ef6f7165a7b057a0fd433ed180af76723f9bb5e1576a82
C1-3200,S2,1,54,False,False,True,3.8,0101010101,,a47be7464659f75e69ef6f7165a7b057a0fd433ed180af76723f9bb5e1576a82
C1-3200,S2,1,55,False,False,False,6.366666666666666,0101000000,,a47be7464659f75e69ef6f7165a7b057a0fd433ed180af76723f9bb5e1576a82
C1-3200,S2,1,56,False,False,True,0.9333333333333333,0101010101,,a47be7464659f75e69ef6f7165a7b057a0fd433ed180af76723f9bb5e1576a82
C1-3200,S2,1,57,False,False,True,0.7,0101010101,,a47be7464659f75e69ef6f7165a7b057a0fd433ed180af76723f9bb5e1576a82
C1-3200,S2,1,58,False,False,False,2.5,0100000000,,a47be7464659f75e69ef6f7165a7b057a0fd433ed180af76723f9bb5e1576a82
C1-3200,S2,1,59,False,False,True,5.3,0101010101,,a47be7464659f75e69ef6f7165a7b057a0fd433ed180af76723f9bb5e1576a82
C1-3200,S2,1,60,False,False,True,5.4,0101010101,,a47be7464659f75e69ef6f7165a7b057a0fd433ed180af76723f9bb5e1576a82
C1-3200,S2,1,61,False,False,True,5.3,0101010101,,a47be7464659f75e69ef6f7165a7b057a0fd433ed180af76723f9bb5e1576a82
C1-3200,S2,1,62,False,False,True,5.366666666666666,0101010101,,a47be7464659f75e69ef6f7165a7b057a0fd433ed180af76723f9bb5e1576a82
C1-3200,S2,1,63,False,False,True,0.9666666666666667,0101010101,,a47be7464659f75e69ef6f7165a7b057a0fd433ed180af76723f9bb5e1576a82
C1-3200,S2,1,64,False,False,True,5.4,0101010101,,a47be7464659f75e69ef6f7165a7b057a0fd433ed180af76723f9bb5e1576a82
C1-3200,S2,1,65,False,False,True,1.3,0101010101,,a47be7464659f75e69ef6f7165a7b057a0fd433ed180af76723f9bb5e1576a82
C1-3200,S2,1,66,False,False,True,5.333333333333333,0101010101,,a47be7464659f75e69ef6f7165a7b057a0fd433ed180af76723f9bb5e1576a82
C1-3200,S2,1,67,False,False,True,5.3,0101010101,,a47be7464659f75e69ef6f7165a7b057a0fd433ed180af76723f9bb5e1576a82
C1-3200,S2,1,68,False,False,True,1.1333333333333333,0101010101,,a47be7464659f75e69ef6f7165a7b057a0fd433ed180af76723f9bb5e1576a82
C1-3200,S2,1,69,False,False,True,0.7,0101010101,,a47be7464659f75e69ef6f7165a7b057a0fd433ed180af76723f9bb5e1576a82
C1-3200,S2,1,70,False,False,True,5.433333333333334,0101010101,,a47be7464659f75e69ef6f7165a7b057a0fd433ed180af76723f9bb5e1576a82
C1-3200,S2,1,71,False,False,True,0.8666666666666667,0101010101,,a47be7464659f75e69ef6f7165a7b057a0fd433ed180af76723f9bb5e1576a82
C1-3200,S2,1,72,False,False,True,1.3333333333333333,0101010101,,a47be7464659f75e69ef6f7165a7b057a0fd433ed180af76723f9bb5e1576a82
C1-3200,S2,1,73,False,False,True,5.266666666666667,0101010101,,a47be7464659f75e69ef6f7165a7b057a0fd433ed180af76723f9bb5e1576a82
C1-3200,S2,1,74,False,False,False,3.6,0101000000,,a47be7464659f75e69ef6f7165a7b057a0fd433ed180af76723f9bb5e1576a82
C1-3200,S2,1,75,False,False,False,0.36666666666666664,0100000000,,a47be7464659f75e69ef6f7165a7b057a0fd433ed180af76723f9bb5e1576a82
C1-3200,S2,1,76,False,False,False,3.5,0100000000,,a47be7464659f75e69ef6f7165a7b057a0fd433ed180af76723f9bb5e1576a82
C1-3200,S2,1,77,False,False,True,9.466666666666667,0101010101,,a47be7464659f75e69ef6f7165a7b057a0fd433ed180af76723f9bb5e1576a82
C1-3200,S2,1,78,False,False,True,5.4,0101010101,,a47be7464659f75e69ef6f7165a7b057a0fd433ed180af76723f9bb5e1576a82
C1-3200,S2,1,79,False,False,True,2.433333333333333,0101010101,,a47be7464659f75e69ef6f7165a7b057a0fd433ed180af76723f9bb5e1576a82
C1-3200,S2,1,80,False,False,True,5.333333333333333,0101010101,,a47be7464659f75e69ef6f7165a7b057a0fd433ed180af76723f9bb5e1576a82
C1-3200,S2,1,81,False,False,True,0.7,0101010101,,a47be7464659f75e69ef6f7165a7b057a0fd433ed180af76723f9bb5e1576a82
C1-3200,S2,1,82,False,False,True,4.0,0101010101,,a47be7464659f75e69ef6f7165a7b057a0fd433ed180af76723f9bb5e1576a82
C1-3200,S2,1,83,False,False,False,2.3,0100000000,,a47be7464659f75e69ef6f7165a7b057a0fd433ed180af76723f9bb5e1576a82
C1-3200,S2,1,84,False,False,True,5.3,0101010101,,a47be7464659f75e69ef6f7165a7b057a0fd433ed180af76723f9bb5e1576a82
C1-3200,S2,1,85,False,False,True,1.4,0101010101,,a47be7464659f75e69ef6f7165a7b057a0fd433ed180af76723f9bb5e1576a82
C1-3200,S2,1,86,False,False,False,3.466666666666667,0101010000,,a47be7464659f75e69ef6f7165a7b057a0fd433ed180af76723f9bb5e1576a82
C1-3200,S2,1,87,False,False,True,9.4,0101010101,,a47be7464659f75e69ef6f7165a7b057a0fd433ed180af76723f9bb5e1576a82
C1-3200,S2,1,88,False,False,True,0.8333333333333334,0101010101,,a47be7464659f75e69ef6f7165a7b057a0fd433ed180af76723f9bb5e1576a82
C1-3200,S2,1,89,False,False,False,3.0,0100000000,,a47be7464659f75e69ef6f7165a7b057a0fd433ed180af76723f9bb5e1576a82
C1-3200,S2,1,90,False,False,False,7.933333333333334,0101010000,,a47be7464659f75e69ef6f7165a7b057a0fd433ed180af76723f9bb5e1576a82
C1-3200,S2,1,91,False,False,False,7.733333333333333,0101010000,,a47be7464659f75e69ef6f7165a7b057a0fd433ed180af76723f9bb5e1576a82
C1-3200,S2,1,92,False,False,True,5.3,0101010101,,a47be7464659f75e69ef6f7165a7b057a0fd433ed180af76723f9bb5e1576a82
C1-3200,S2,1,93,False,False,True,7.766666666666667,0101010101,,a47be7464659f75e69ef6f7165a7b057a0fd433ed180af76723f9bb5e1576a82
C1-3200,S2,1,94,False,False,True,5.333333333333333,0101010101,,a47be7464659f75e69ef6f7165a7b057a0fd433ed180af76723f9bb5e1576a82
C1-3200,S2,1,95,False,False,True,1.1333333333333333,0101010101,,a47be7464659f75e69ef6f7165a7b057a0fd433ed180af76723f9bb5e1576a82
C1-3200,S2,1,96,False,False,False,2.2666666666666666,0100000000,,a47be7464659f75e69ef6f7165a7b057a0fd433ed180af76723f9bb5e1576a82
C1-3200,S2,1,97,False,False,True,0.4,0101010101,,a47be7464659f75e69ef6f7165a7b057a0fd433ed180af76723f9bb5e1576a82
C1-3200,S2,1,98,False,False,True,5.733333333333333,0101010101,,a47be7464659f75e69ef6f7165a7b057a0fd433ed180af76723f9bb5e1576a82
C1-3200,S2,1,99,False,False,False,6.466666666666667,0101000000,,a47be7464659f75e69ef6f7165a7b057a0fd433ed180af76723f9bb5e1576a82
C1-3200,S2,1,100,False,False,True,5.366666666666666,0101010101,,a47be7464659f75e69ef6f7165a7b057a0fd433ed180af76723f9bb5e1576a82
C1-3200,S2,1,101,False,False,True,3.466666666666667,0101010101,,a47be7464659f75e69ef6f7165a7b057a0fd433ed180af76723f9bb5e1576a82
C1-3200,S2,1,102,False,False,False,1.0666666666666667,0101010100,,a47be7464659f75e69ef6f7165a7b057a0fd433ed180af76723f9bb5e1576a82
C1-3200,S2,1,103,False,False,True,1.1666666666666667,0101010101,,a47be7464659f75e69ef6f7165a7b057a0fd433ed180af76723f9bb5e1576a82
C1-3200,S2,1,104,False,False,False,2.2333333333333334,0100000000,,a47be7464659f75e69ef6f7165a7b057a0fd433ed180af76723f9bb5e1576a82
C1-3200,S2,1,105,False,False,True,0.9333333333333333,0101010101,,a47be7464659f75e69ef6f7165a7b057a0fd433ed180af76723f9bb5e1576a82
C1-3200,S2,1,106,False,False,True,5.333333333333333,0101010101,,a47be7464659f75e69ef6f7165a7b057a0fd433ed180af76723f9bb5e1576a82
C1-3200,S2,1,107,False,False,True,5.333333333333333,0101010101,,a47be7464659f75e69ef6f7165a7b057a0fd433ed180af76723f9bb5e1576a82
C1-3200,S2,1,108,False,False,True,4.0,0101010101,,a47be7464659f75e69ef6f7165a7b057a0fd433ed180af76723f9bb5e1576a82
C1-3200,S2,1,109,False,False,True,7.9,0101010101,,a47be7464659f75e69ef6f7165a7b057a0fd433ed180af76723f9bb5e1576a82
C1-3200,S2,1,110,False,False,True,0.9666666666666667,0101010101,,a47be7464659f75e69ef6f7165a7b057a0fd433ed180af76723f9bb5e1576a82
C1-3200,S2,1,111,False,False,False,5.2,0101011100,,a47be7464659f75e69ef6f7165a7b057a0fd433ed180af76723f9bb5e1576a82
C1-3200,S2,1,112,False,False,True,5.466666666666667,0101010101,,a47be7464659f75e69ef6f7165a7b057a0fd433ed180af76723f9bb5e1576a82
C1-3200,S2,1,113,False,False,True,5.566666666666666,0101010101,,a47be7464659f75e69ef6f7165a7b057a0fd433ed180af76723f9bb5e1576a82
C1-3200,S2,1,114,False,False,True,2.466666666666667,0101010101,,a47be7464659f75e69ef6f7165a7b057a0fd433ed180af76723f9bb5e1576a82
C1-3200,S2,1,115,False,False,True,1.5666666666666667,0101010101,,a47be7464659f75e69ef6f7165a7b057a0fd433ed180af76723f9bb5e1576a82
C1-3200,S2,1,116,False,False,True,3.7333333333333334,0101010101,,a47be7464659f75e69ef6f7165a7b057a0fd433ed180af76723f9bb5e1576a82
C1-3200,S2,1,117,False,False,True,1.0,0101010101,,a47be7464659f75e69ef6f7165a7b057a0fd433ed180af76723f9bb5e1576a82
C1-3200,S2,1,118,False,False,False,0.8666666666666667,0101010000,,a47be7464659f75e69ef6f7165a7b057a0fd433ed180af76723f9bb5e1576a82
C1-3200,S2,1,119,False,False,True,0.8666666666666667,0101010101,,a47be7464659f75e69ef6f7165a7b057a0fd433ed180af76723f9bb5e1576a82
C1-3200,S2,1,120,False,False,True,5.3,0101010101,,a47be7464659f75e69ef6f7165a7b057a0fd433ed180af76723f9bb5e1576a82
C1-3200,S2,1,121,False,False,True,5.3,0101010101,,a47be7464659f75e69ef6f7165a7b057a0fd433ed180af76723f9bb5e1576a82
C1-3200,S2,1,122,False,False,True,5.4,0101010101,,a47be7464659f75e69ef6f7165a7b057a0fd433ed180af76723f9bb5e1576a82
C1-3200,S2,1,123,False,False,False,2.5,0101000000,,a47be7464659f75e69ef6f7165a7b057a0fd433ed180af76723f9bb5e1576a82
C1-3200,S2,1,124,False,False,True,1.0666666666666667,0101010101,,a47be7464659f75e69ef6f7165a7b057a0fd433ed180af76723f9bb5e1576a82
C1-3200,S2,1,125,False,False,True,1.1333333333333333,0101010101,,a47be7464659f75e69ef6f7165a7b057a0fd433ed180af76723f9bb5e1576a82
C1-3200,S2,1,126,False,False,True,7.7,0101010101,,a47be7464659f75e69ef6f7165a7b057a0fd433ed180af76723f9bb5e1576a82
C1-3200,S2,1,127,False,False,True,5.4,0101010101,,a47be7464659f75e69ef6f7165a7b057a0fd433ed180af76723f9bb5e1576a82
C1-3200,S2,2,0,False,False,False,1.7333333333333334,0100000000,,a47be7464659f75e69ef6f7165a7b057a0fd433ed180af76723f9bb5e1576a82
C1-3200,S2,2,1,False,False,False,1.6666666666666667,0100000000,,a47be7464659f75e69ef6f7165a7b057a0fd433ed180af76723f9bb5e1576a82
C1-3200,S2,2,2,False,False,False,1.6333333333333333,0100000000,,a47be7464659f75e69ef6f7165a7b057a0fd433ed180af76723f9bb5e1576a82
C1-3200,S2,2,3,False,False,False,1.7333333333333334,0000000000,,a47be7464659f75e69ef6f7165a7b057a0fd433ed180af76723f9bb5e1576a82
C1-3200,S2,2,4,False,False,False,1.6333333333333333,0000000000,,a47be7464659f75e69ef6f7165a7b057a0fd433ed180af76723f9bb5e1576a82
C1-3200,S2,2,5,False,False,False,1.9,0000000000,,a47be7464659f75e69ef6f7165a7b057a0fd433ed180af76723f9bb5e1576a82
C1-3200,S2,2,6,False,False,False,1.7,0100000000,,a47be7464659f75e69ef6f7165a7b057a0fd433ed180af76723f9bb5e1576a82
C1-3200,S2,2,7,False,False,False,1.7333333333333334,0100000000,,a47be7464659f75e69ef6f7165a7b057a0fd433ed180af76723f9bb5e1576a82
C1-3200,S2,2,8,False,False,False,1.6666666666666667,0000000000,,a47be7464659f75e69ef6f7165a7b057a0fd433ed180af76723f9bb5e1576a82
C1-3200,S2,2,9,False,False,False,1.8,0000000000,,a47be7464659f75e69ef6f7165a7b057a0fd433ed180af76723f9bb5e1576a82
C1-3200,S2,2,10,False,False,False,1.7333333333333334,0100000000,,a47be7464659f75e69ef6f7165a7b057a0fd433ed180af76723f9bb5e1576a82
C1-3200,S2,2,11,False,False,False,1.9333333333333333,0100000000,,a47be7464659f75e69ef6f7165a7b057a0fd433ed180af76723f9bb5e1576a82
C1-3200,S2,2,12,False,False,False,1.9333333333333333,0000000000,,a47be7464659f75e69ef6f7165a7b057a0fd433ed180af76723f9bb5e1576a82
C1-3200,S2,2,13,False,False,False,1.6666666666666667,0100000000,,a47be7464659f75e69ef6f7165a7b057a0fd433ed180af76723f9bb5e1576a82
C1-3200,S2,2,14,False,False,False,1.8666666666666667,0100000000,,a47be7464659f75e69ef6f7165a7b057a0fd433ed180af76723f9bb5e1576a82
C1-3200,S2,2,15,False,False,False,1.7333333333333334,0000000000,,a47be7464659f75e69ef6f7165a7b057a0fd433ed180af76723f9bb5e1576a82
C1-3200,S2,2,16,False,False,False,1.8,0100000000,,a47be7464659f75e69ef6f7165a7b057a0fd433ed180af76723f9bb5e1576a82
C1-3200,S2,2,17,False,False,False,1.7666666666666666,0100000000,,a47be7464659f75e69ef6f7165a7b057a0fd433ed180af76723f9bb5e1576a82
C1-3200,S2,2,18,False,False,False,1.6,0100000000,,a47be7464659f75e69ef6f7165a7b057a0fd433ed180af76723f9bb5e1576a82
C1-3200,S2,2,19,False,False,False,1.7333333333333334,0100000000,,a47be7464659f75e69ef6f7165a7b057a0fd433ed180af76723f9bb5e1576a82
C1-3200,S2,2,20,False,False,False,1.7333333333333334,0100000000,,a47be7464659f75e69ef6f7165a7b057a0fd433ed180af76723f9bb5e1576a82
C1-3200,S2,2,21,False,False,False,1.8,0101000000,,a47be7464659f75e69ef6f7165a7b057a0fd433ed180af76723f9bb5e1576a82
C1-3200,S2,2,22,False,False,False,1.8666666666666667,0100000000,,a47be7464659f75e69ef6f7165a7b057a0fd433ed180af76723f9bb5e1576a82
C1-3200,S2,2,23,False,False,False,1.7333333333333334,0100000000,,a47be7464659f75e69ef6f7165a7b057a0fd433ed180af76723f9bb5e1576a82
C1-3200,S2,2,24,False,False,False,1.7,0100000000,,a47be7464659f75e69ef6f7165a7b057a0fd433ed180af76723f9bb5e1576a82
C1-3200,S2,2,25,False,False,False,1.6666666666666667,0000000000,,a47be7464659f75e69ef6f7165a7b057a0fd433ed180af76723f9bb5e1576a82
C1-3200,S2,2,26,False,False,False,1.9333333333333333,0100000000,,a47be7464659f75e69ef6f7165a7b057a0fd433ed180af76723f9bb5e1576a82
C1-3200,S2,2,27,False,False,False,1.7,0100000000,,a47be7464659f75e69ef6f7165a7b057a0fd433ed180af76723f9bb5e1576a82
C1-3200,S2,2,28,False,False,False,1.7666666666666666,0100000000,,a47be7464659f75e69ef6f7165a7b057a0fd433ed180af76723f9bb5e1576a82
C1-3200,S2,2,29,False,False,False,1.8333333333333333,0000000000,,a47be7464659f75e69ef6f7165a7b057a0fd433ed180af76723f9bb5e1576a82
C1-3200,S2,2,30,False,False,False,1.7333333333333334,0000000000,,a47be7464659f75e69ef6f7165a7b057a0fd433ed180af76723f9bb5e1576a82
C1-3200,S2,2,31,False,False,False,1.8333333333333333,0100000000,,a47be7464659f75e69ef6f7165a7b057a0fd433ed180af76723f9bb5e1576a82
C1-3200,S2,2,32,False,False,False,1.7333333333333334,0100000000,,a47be7464659f75e69ef6f7165a7b057a0fd433ed180af76723f9bb5e1576a82
C1-3200,S2,2,33,False,False,False,1.5666666666666667,0100000000,,a47be7464659f75e69ef6f7165a7b057a0fd433ed180af76723f9bb5e1576a82
C1-3200,S2,2,34,False,False,False,1.8333333333333333,0100000000,,a47be7464659f75e69ef6f7165a7b057a0fd433ed180af76723f9bb5e1576a82
C1-3200,S2,2,35,False,False,False,1.6333333333333333,0100000000,,a47be7464659f75e69ef6f7165a7b057a0fd433ed180af76723f9bb5e1576a82
C1-3200,S2,2,36,False,False,False,1.6333333333333333,0100000000,,a47be7464659f75e69ef6f7165a7b057a0fd433ed180af76723f9bb5e1576a82
C1-3200,S2,2,37,False,False,False,1.6333333333333333,0100000000,,a47be7464659f75e69ef6f7165a7b057a0fd433ed180af76723f9bb5e1576a82
C1-3200,S2,2,38,False,False,False,1.7,0100000000,,a47be7464659f75e69ef6f7165a7b057a0fd433ed180af76723f9bb5e1576a82
C1-3200,S2,2,39,False,False,False,1.7666666666666666,0100000000,,a47be7464659f75e69ef6f7165a7b057a0fd433ed180af76723f9bb5e1576a82
C1-3200,S2,2,40,False,False,False,1.7,0000000000,,a47be7464659f75e69ef6f7165a7b057a0fd433ed180af76723f9bb5e1576a82
C1-3200,S2,2,41,False,False,False,1.8,0000000000,,a47be7464659f75e69ef6f7165a7b057a0fd433ed180af76723f9bb5e1576a82
C1-3200,S2,2,42,False,False,False,1.8666666666666667,0100000000,,a47be7464659f75e69ef6f7165a7b057a0fd433ed180af76723f9bb5e1576a82
C1-3200,S2,2,43,False,False,False,1.8666666666666667,0100000000,,a47be7464659f75e69ef6f7165a7b057a0fd433ed180af76723f9bb5e1576a82
C1-3200,S2,2,44,False,False,False,1.8,0100000000,,a47be7464659f75e69ef6f7165a7b057a0fd433ed180af76723f9bb5e1576a82
C1-3200,S2,2,45,False,False,False,1.6666666666666667,0100000000,,a47be7464659f75e69ef6f7165a7b057a0fd433ed180af76723f9bb5e1576a82
C1-3200,S2,2,46,False,False,False,1.8333333333333333,0100000000,,a47be7464659f75e69ef6f7165a7b057a0fd433ed180af76723f9bb5e1576a82
C1-3200,S2,2,47,False,False,False,1.8333333333333333,0100000000,,a47be7464659f75e69ef6f7165a7b057a0fd433ed180af76723f9bb5e1576a82
C1-3200,S2,2,48,False,False,False,1.7,0100000000,,a47be7464659f75e69ef6f7165a7b057a0fd433ed180af76723f9bb5e1576a82
C1-3200,S2,2,49,False,False,False,1.9,0100000000,,a47be7464659f75e69ef6f7165a7b057a0fd433ed180af76723f9bb5e1576a82
C1-3200,S2,2,50,False,False,False,1.7666666666666666,0100000000,,a47be7464659f75e69ef6f7165a7b057a0fd433ed180af76723f9bb5e1576a82
C1-3200,S2,2,51,False,False,False,1.9,0000000000,,a47be7464659f75e69ef6f7165a7b057a0fd433ed180af76723f9bb5e1576a82
C1-3200,S2,2,52,False,False,False,1.7333333333333334,0100000000,,a47be7464659f75e69ef6f7165a7b057a0fd433ed180af76723f9bb5e1576a82
C1-3200,S2,2,53,False,False,False,1.8,0000000000,,a47be7464659f75e69ef6f7165a7b057a0fd433ed180af76723f9bb5e1576a82
C1-3200,S2,2,54,False,False,False,1.7,0000000000,,a47be7464659f75e69ef6f7165a7b057a0fd433ed180af76723f9bb5e1576a82
C1-3200,S2,2,55,False,False,False,1.7666666666666666,0100000000,,a47be7464659f75e69ef6f7165a7b057a0fd433ed180af76723f9bb5e1576a82
C1-3200,S2,2,56,False,False,False,1.7666666666666666,0100000000,,a47be7464659f75e69ef6f7165a7b057a0fd433ed180af76723f9bb5e1576a82
C1-3200,S2,2,57,False,False,False,1.8,0000000000,,a47be7464659f75e69ef6f7165a7b057a0fd433ed180af76723f9bb5e1576a82
C1-3200,S2,2,58,False,False,False,1.6333333333333333,0000000000,,a47be7464659f75e69ef6f7165a7b057a0fd433ed180af76723f9bb5e1576a82
C1-3200,S2,2,59,False,False,False,1.7,0000000000,,a47be7464659f75e69ef6f7165a7b057a0fd433ed180af76723f9bb5e1576a82
C1-3200,S2,2,60,False,False,False,1.6333333333333333,0100000000,,a47be7464659f75e69ef6f7165a7b057a0fd433ed180af76723f9bb5e1576a82
C1-3200,S2,2,61,False,False,False,1.8,0100000000,,a47be7464659f75e69ef6f7165a7b057a0fd433ed180af76723f9bb5e1576a82
C1-3200,S2,2,62,False,False,False,1.7666666666666666,0000000000,,a47be7464659f75e69ef6f7165a7b057a0fd433ed180af76723f9bb5e1576a82
C1-3200,S2,2,63,False,False,False,1.7333333333333334,0100000000,,a47be7464659f75e69ef6f7165a7b057a0fd433ed180af76723f9bb5e1576a82
C1-3200,S2,2,64,False,False,False,1.8,0100000000,,a47be7464659f75e69ef6f7165a7b057a0fd433ed180af76723f9bb5e1576a82
C1-3200,S2,2,65,False,False,False,1.7333333333333334,0100000000,,a47be7464659f75e69ef6f7165a7b057a0fd433ed180af76723f9bb5e1576a82
C1-3200,S2,2,66,False,False,False,1.7666666666666666,0100000000,,a47be7464659f75e69ef6f7165a7b057a0fd433ed180af76723f9bb5e1576a82
C1-3200,S2,2,67,False,False,False,1.8666666666666667,0100000000,,a47be7464659f75e69ef6f7165a7b057a0fd433ed180af76723f9bb5e1576a82
C1-3200,S2,2,68,False,False,False,1.7333333333333334,0100000000,,a47be7464659f75e69ef6f7165a7b057a0fd433ed180af76723f9bb5e1576a82
C1-3200,S2,2,69,False,False,False,1.8333333333333333,0000000000,,a47be7464659f75e69ef6f7165a7b057a0fd433ed180af76723f9bb5e1576a82
C1-3200,S2,2,70,False,False,False,1.7,0100000000,,a47be7464659f75e69ef6f7165a7b057a0fd433ed180af76723f9bb5e1576a82
C1-3200,S2,2,71,False,False,False,1.7,0100000000,,a47be7464659f75e69ef6f7165a7b057a0fd433ed180af76723f9bb5e1576a82
C1-3200,S2,2,72,False,False,False,1.7333333333333334,0100000000,,a47be7464659f75e69ef6f7165a7b057a0fd433ed180af76723f9bb5e1576a82
C1-3200,S2,2,73,False,False,False,1.8333333333333333,0000000000,,a47be7464659f75e69ef6f7165a7b057a0fd433ed180af76723f9bb5e1576a82
C1-3200,S2,2,74,False,False,False,1.7333333333333334,0100000000,,a47be7464659f75e69ef6f7165a7b057a0fd433ed180af76723f9bb5e1576a82
C1-3200,S2,2,75,False,False,False,1.7666666666666666,0100000000,,a47be7464659f75e69ef6f7165a7b057a0fd433ed180af76723f9bb5e1576a82
C1-3200,S2,2,76,False,False,False,1.7333333333333334,0100000000,,a47be7464659f75e69ef6f7165a7b057a0fd433ed180af76723f9bb5e1576a82
C1-3200,S2,2,77,False,False,False,1.7333333333333334,0000000000,,a47be7464659f75e69ef6f7165a7b057a0fd433ed180af76723f9bb5e1576a82
C1-3200,S2,2,78,False,False,False,1.8666666666666667,0100000000,,a47be7464659f75e69ef6f7165a7b057a0fd433ed180af76723f9bb5e1576a82
C1-3200,S2,2,79,False,False,False,1.8,0100000000,,a47be7464659f75e69ef6f7165a7b057a0fd433ed180af76723f9bb5e1576a82
C1-3200,S2,2,80,False,False,False,1.8666666666666667,0000000000,,a47be7464659f75e69ef6f7165a7b057a0fd433ed180af76723f9bb5e1576a82
C1-3200,S2,2,81,False,False,False,2.0,0100000000,,a47be7464659f75e69ef6f7165a7b057a0fd433ed180af76723f9bb5e1576a82
C1-3200,S2,2,82,False,False,False,1.9666666666666666,0100000000,,a47be7464659f75e69ef6f7165a7b057a0fd433ed180af76723f9bb5e1576a82
C1-3200,S2,2,83,False,False,False,1.6,0100000000,,a47be7464659f75e69ef6f7165a7b057a0fd433ed180af76723f9bb5e1576a82
C1-3200,S2,2,84,False,False,False,1.7333333333333334,0000000000,,a47be7464659f75e69ef6f7165a7b057a0fd433ed180af76723f9bb5e1576a82
C1-3200,S2,2,85,False,False,False,1.7,0100000000,,a47be7464659f75e69ef6f7165a7b057a0fd433ed180af76723f9bb5e1576a82
C1-3200,S2,2,86,False,False,False,1.7666666666666666,0100000000,,a47be7464659f75e69ef6f7165a7b057a0fd433ed180af76723f9bb5e1576a82
C1-3200,S2,2,87,False,False,False,1.8333333333333333,0000000000,,a47be7464659f75e69ef6f7165a7b057a0fd433ed180af76723f9bb5e1576a82
C1-3200,S2,2,88,False,False,False,1.7,0100000000,,a47be7464659f75e69ef6f7165a7b057a0fd433ed180af76723f9bb5e1576a82
C1-3200,S2,2,89,False,False,False,1.8,0100000000,,a47be7464659f75e69ef6f7165a7b057a0fd433ed180af76723f9bb5e1576a82
C1-3200,S2,2,90,False,False,False,1.5666666666666667,0100000000,,a47be7464659f75e69ef6f7165a7b057a0fd433ed180af76723f9bb5e1576a82
C1-3200,S2,2,91,False,False,False,1.8,0100000000,,a47be7464659f75e69ef6f7165a7b057a0fd433ed180af76723f9bb5e1576a82
C1-3200,S2,2,92,False,False,False,1.8,0100000000,,a47be7464659f75e69ef6f7165a7b057a0fd433ed180af76723f9bb5e1576a82
C1-3200,S2,2,93,False,False,False,1.7666666666666666,0100000000,,a47be7464659f75e69ef6f7165a7b057a0fd433ed180af76723f9bb5e1576a82
C1-3200,S2,2,94,False,False,False,1.8666666666666667,0100000000,,a47be7464659f75e69ef6f7165a7b057a0fd433ed180af76723f9bb5e1576a82
C1-3200,S2,2,95,False,False,False,1.8,0100000000,,a47be7464659f75e69ef6f7165a7b057a0fd433ed180af76723f9bb5e1576a82
C1-3200,S2,2,96,False,False,False,1.8,0100000000,,a47be7464659f75e69ef6f7165a7b057a0fd433ed180af76723f9bb5e1576a82
C1-3200,S2,2,97,False,False,False,1.7333333333333334,0000000000,,a47be7464659f75e69ef6f7165a7b057a0fd433ed180af76723f9bb5e1576a82
C1-3200,S2,2,98,False,False,False,1.7666666666666666,0000000000,,a47be7464659f75e69ef6f7165a7b057a0fd433ed180af76723f9bb5e1576a82
C1-3200,S2,2,99,False,False,False,1.9,0000000000,,a47be7464659f75e69ef6f7165a7b057a0fd433ed180af76723f9bb5e1576a82
C1-3200,S2,2,100,False,False,False,1.6333333333333333,0100000000,,a47be7464659f75e69ef6f7165a7b057a0fd433ed180af76723f9bb5e1576a82
C1-3200,S2,2,101,False,False,False,1.8,0100000000,,a47be7464659f75e69ef6f7165a7b057a0fd433ed180af76723f9bb5e1576a82
C1-3200,S2,2,102,False,False,False,1.9,0100000000,,a47be7464659f75e69ef6f7165a7b057a0fd433ed180af76723f9bb5e1576a82
C1-3200,S2,2,103,False,False,False,1.7666666666666666,0000000000,,a47be7464659f75e69ef6f7165a7b057a0fd433ed180af76723f9bb5e1576a82
C1-3200,S2,2,104,False,False,False,1.8,0100000000,,a47be7464659f75e69ef6f7165a7b057a0fd433ed180af76723f9bb5e1576a82
C1-3200,S2,2,105,False,False,False,1.8333333333333333,0100000000,,a47be7464659f75e69ef6f7165a7b057a0fd433ed180af76723f9bb5e1576a82
C1-3200,S2,2,106,False,False,False,1.9333333333333333,0100000000,,a47be7464659f75e69ef6f7165a7b057a0fd433ed180af76723f9bb5e1576a82
C1-3200,S2,2,107,False,False,False,1.7333333333333334,0100000000,,a47be7464659f75e69ef6f7165a7b057a0fd433ed180af76723f9bb5e1576a82
C1-3200,S2,2,108,False,False,False,1.8333333333333333,0100000000,,a47be7464659f75e69ef6f7165a7b057a0fd433ed180af76723f9bb5e1576a82
C1-3200,S2,2,109,False,False,False,1.6,0100000000,,a47be7464659f75e69ef6f7165a7b057a0fd433ed180af76723f9bb5e1576a82
C1-3200,S2,2,110,False,False,False,1.8333333333333333,0100000000,,a47be7464659f75e69ef6f7165a7b057a0fd433ed180af76723f9bb5e1576a82
C1-3200,S2,2,111,False,False,False,1.8333333333333333,0100000000,,a47be7464659f75e69ef6f7165a7b057a0fd433ed180af76723f9bb5e1576a82
C1-3200,S2,2,112,False,False,False,1.7666666666666666,0100000000,,a47be7464659f75e69ef6f7165a7b057a0fd433ed180af76723f9bb5e1576a82
C1-3200,S2,2,113,False,False,False,1.7666666666666666,0000000000,,a47be7464659f75e69ef6f7165a7b057a0fd433ed180af76723f9bb5e1576a82
C1-3200,S2,2,114,False,False,False,1.7,0100000000,,a47be7464659f75e69ef6f7165a7b057a0fd433ed180af76723f9bb5e1576a82
C1-3200,S2,2,115,False,False,False,1.6666666666666667,0100000000,,a47be7464659f75e69ef6f7165a7b057a0fd433ed180af76723f9bb5e1576a82
C1-3200,S2,2,116,False,False,False,1.7333333333333334,0100000000,,a47be7464659f75e69ef6f7165a7b057a0fd433ed180af76723f9bb5e1576a82
C1-3200,S2,2,117,False,False,False,1.7666666666666666,0000000000,,a47be7464659f75e69ef6f7165a7b057a0fd433ed180af76723f9bb5e1576a82
C1-3200,S2,2,118,False,False,False,1.7,0100000000,,a47be7464659f75e69ef6f7165a7b057a0fd433ed180af76723f9bb5e1576a82
C1-3200,S2,2,119,False,False,False,1.9,0100000000,,a47be7464659f75e69ef6f7165a7b057a0fd433ed180af76723f9bb5e1576a82
C1-3200,S2,2,120,False,False,False,1.7666666666666666,0100000000,,a47be7464659f75e69ef6f7165a7b057a0fd433ed180af76723f9bb5e1576a82
C1-3200,S2,2,121,False,False,False,1.7666666666666666,0100000000,,a47be7464659f75e69ef6f7165a7b057a0fd433ed180af76723f9bb5e1576a82
C1-3200,S2,2,122,False,False,False,1.5666666666666667,0100000000,,a47be7464659f75e69ef6f7165a7b057a0fd433ed180af76723f9bb5e1576a82
C1-3200,S2,2,123,False,False,False,1.7333333333333334,0100000000,,a47be7464659f75e69ef6f7165a7b057a0fd433ed180af76723f9bb5e1576a82
C1-3200,S2,2,124,False,False,False,1.8,0000000000,,a47be7464659f75e69ef6f7165a7b057a0fd433ed180af76723f9bb5e1576a82
C1-3200,S2,2,125,False,False,False,1.7666666666666666,0100000000,,a47be7464659f75e69ef6f7165a7b057a0fd433ed180af76723f9bb5e1576a82
C1-3200,S2,2,126,False,False,False,1.7333333333333334,0100000000,,a47be7464659f75e69ef6f7165a7b057a0fd433ed180af76723f9bb5e1576a82
C1-3200,S2,2,127,False,False,False,1.7666666666666666,0100000000,,a47be7464659f75e69ef6f7165a7b057a0fd433ed180af76723f9bb5e1576a82
C1-3200,S2,3,0,False,False,False,1.1333333333333333,0000000000,,a47be7464659f75e69ef6f7165a7b057a0fd433ed180af76723f9bb5e1576a82
C1-3200,S2,3,1,False,False,False,1.3666666666666667,0000000000,,a47be7464659f75e69ef6f7165a7b057a0fd433ed180af76723f9bb5e1576a82
C1-3200,S2,3,2,False,False,False,1.1333333333333333,0000000000,,a47be7464659f75e69ef6f7165a7b057a0fd433ed180af76723f9bb5e1576a82
C1-3200,S2,3,3,False,False,False,1.1666666666666667,0000000000,,a47be7464659f75e69ef6f7165a7b057a0fd433ed180af76723f9bb5e1576a82
C1-3200,S2,3,4,False,False,False,1.2,0000000000,,a47be7464659f75e69ef6f7165a7b057a0fd433ed180af76723f9bb5e1576a82
C1-3200,S2,3,5,False,False,False,1.2,0000000000,,a47be7464659f75e69ef6f7165a7b057a0fd433ed180af76723f9bb5e1576a82
C1-3200,S2,3,6,False,False,False,1.0,0000000000,,a47be7464659f75e69ef6f7165a7b057a0fd433ed180af76723f9bb5e1576a82
C1-3200,S2,3,7,False,False,False,2.3666666666666667,0100000000,,a47be7464659f75e69ef6f7165a7b057a0fd433ed180af76723f9bb5e1576a82
C1-3200,S2,3,8,False,False,False,0.9,0000000000,,a47be7464659f75e69ef6f7165a7b057a0fd433ed180af76723f9bb5e1576a82
C1-3200,S2,3,9,False,False,False,0.8,0000000000,,a47be7464659f75e69ef6f7165a7b057a0fd433ed180af76723f9bb5e1576a82
C1-3200,S2,3,10,False,False,False,1.2333333333333334,0000000000,,a47be7464659f75e69ef6f7165a7b057a0fd433ed180af76723f9bb5e1576a82
C1-3200,S2,3,11,False,False,False,1.3,0000000000,,a47be7464659f75e69ef6f7165a7b057a0fd433ed180af76723f9bb5e1576a82
C1-3200,S2,3,12,False,False,False,1.3333333333333333,0000000000,,a47be7464659f75e69ef6f7165a7b057a0fd433ed180af76723f9bb5e1576a82
C1-3200,S2,3,13,False,False,False,1.3333333333333333,0000000000,,a47be7464659f75e69ef6f7165a7b057a0fd433ed180af76723f9bb5e1576a82
C1-3200,S2,3,14,False,False,False,1.1333333333333333,0000000000,,a47be7464659f75e69ef6f7165a7b057a0fd433ed180af76723f9bb5e1576a82
C1-3200,S2,3,15,False,False,False,1.1,0000000000,,a47be7464659f75e69ef6f7165a7b057a0fd433ed180af76723f9bb5e1576a82
C1-3200,S2,3,16,False,False,True,3.2666666666666666,0001010101,,a47be7464659f75e69ef6f7165a7b057a0fd433ed180af76723f9bb5e1576a82
C1-3200,S2,3,17,False,False,False,1.1,0000000000,,a47be7464659f75e69ef6f7165a7b057a0fd433ed180af76723f9bb5e1576a82
C1-3200,S2,3,18,False,False,False,2.7333333333333334,0000000000,,a47be7464659f75e69ef6f7165a7b057a0fd433ed180af76723f9bb5e1576a82
C1-3200,S2,3,19,False,False,False,3.1666666666666665,0100000000,,a47be7464659f75e69ef6f7165a7b057a0fd433ed180af76723f9bb5e1576a82
C1-3200,S2,3,20,False,False,False,1.3333333333333333,0000000000,,a47be7464659f75e69ef6f7165a7b057a0fd433ed180af76723f9bb5e1576a82
C1-3200,S2,3,21,False,False,False,1.0333333333333334,0000000000,,a47be7464659f75e69ef6f7165a7b057a0fd433ed180af76723f9bb5e1576a82
C1-3200,S2,3,22,False,False,False,1.1333333333333333,0000000000,,a47be7464659f75e69ef6f7165a7b057a0fd433ed180af76723f9bb5e1576a82
C1-3200,S2,3,23,False,False,False,0.8666666666666667,0000000000,,a47be7464659f75e69ef6f7165a7b057a0fd433ed180af76723f9bb5e1576a82
C1-3200,S2,3,24,False,False,False,1.4,0000000000,,a47be7464659f75e69ef6f7165a7b057a0fd433ed180af76723f9bb5e1576a82
C1-3200,S2,3,25,False,False,False,1.2666666666666666,0000000000,,a47be7464659f75e69ef6f7165a7b057a0fd433ed180af76723f9bb5e1576a82
C1-3200,S2,3,26,False,False,False,0.9666666666666667,0000000000,,a47be7464659f75e69ef6f7165a7b057a0fd433ed180af76723f9bb5e1576a82
C1-3200,S2,3,27,False,False,False,0.9,0000000000,,a47be7464659f75e69ef6f7165a7b057a0fd433ed180af76723f9bb5e1576a82
C1-3200,S2,3,28,False,False,False,4.366666666666666,0100000000,,a47be7464659f75e69ef6f7165a7b057a0fd433ed180af76723f9bb5e1576a82
C1-3200,S2,3,29,False,False,False,1.4666666666666666,0000000000,,a47be7464659f75e69ef6f7165a7b057a0fd433ed180af76723f9bb5e1576a82
C1-3200,S2,3,30,False,False,False,3.2333333333333334,0100000000,,a47be7464659f75e69ef6f7165a7b057a0fd433ed180af76723f9bb5e1576a82
C1-3200,S2,3,31,False,False,False,1.3333333333333333,0000000000,,a47be7464659f75e69ef6f7165a7b057a0fd433ed180af76723f9bb5e1576a82
C1-3200,S2,3,32,False,False,False,5.4,0100000000,,a47be7464659f75e69ef6f7165a7b057a0fd433ed180af76723f9bb5e1576a82
C1-3200,S2,3,33,False,False,False,1.2333333333333334,0000000000,,a47be7464659f75e69ef6f7165a7b057a0fd433ed180af76723f9bb5e1576a82
C1-3200,S2,3,34,False,False,False,4.133333333333334,0100000000,,a47be7464659f75e69ef6f7165a7b057a0fd433ed180af76723f9bb5e1576a82
C1-3200,S2,3,35,False,False,False,1.1333333333333333,0000000000,,a47be7464659f75e69ef6f7165a7b057a0fd433ed180af76723f9bb5e1576a82
C1-3200,S2,3,36,False,False,False,1.5666666666666667,0000000000,,a47be7464659f75e69ef6f7165a7b057a0fd433ed180af76723f9bb5e1576a82
C1-3200,S2,3,37,False,False,False,1.3666666666666667,0000000000,,a47be7464659f75e69ef6f7165a7b057a0fd433ed180af76723f9bb5e1576a82
C1-3200,S2,3,38,False,False,False,1.0,0000000000,,a47be7464659f75e69ef6f7165a7b057a0fd433ed180af76723f9bb5e1576a82
C1-3200,S2,3,39,False,False,False,1.3666666666666667,0000000000,,a47be7464659f75e69ef6f7165a7b057a0fd433ed180af76723f9bb5e1576a82
C1-3200,S2,3,40,False,False,False,0.9,0000000000,,a47be7464659f75e69ef6f7165a7b057a0fd433ed180af76723f9bb5e1576a82
C1-3200,S2,3,41,False,False,False,1.3,0000000000,,a47be7464659f75e69ef6f7165a7b057a0fd433ed180af76723f9bb5e1576a82
C1-3200,S2,3,42,False,False,False,0.8666666666666667,0000000000,,a47be7464659f75e69ef6f7165a7b057a0fd433ed180af76723f9bb5e1576a82
C1-3200,S2,3,43,False,False,False,1.2,0000000000,,a47be7464659f75e69ef6f7165a7b057a0fd433ed180af76723f9bb5e1576a82
C1-3200,S2,3,44,False,False,False,1.0333333333333334,0000000000,,a47be7464659f75e69ef6f7165a7b057a0fd433ed180af76723f9bb5e1576a82
C1-3200,S2,3,45,False,False,False,1.0666666666666667,0000000000,,a47be7464659f75e69ef6f7165a7b057a0fd433ed180af76723f9bb5e1576a82
C1-3200,S2,3,46,False,False,False,1.2,0000000000,,a47be7464659f75e69ef6f7165a7b057a0fd433ed180af76723f9bb5e1576a82
C1-3200,S2,3,47,False,False,False,1.1333333333333333,0000000000,,a47be7464659f75e69ef6f7165a7b057a0fd433ed180af76723f9bb5e1576a82
C1-3200,S2,3,48,False,False,False,1.0,0000000000,,a47be7464659f75e69ef6f7165a7b057a0fd433ed180af76723f9bb5e1576a82
C1-3200,S2,3,49,False,False,False,1.0666666666666667,0000000000,,a47be7464659f75e69ef6f7165a7b057a0fd433ed180af76723f9bb5e1576a82
C1-3200,S2,3,50,False,False,False,1.2666666666666666,0000000000,,a47be7464659f75e69ef6f7165a7b057a0fd433ed180af76723f9bb5e1576a82
C1-3200,S2,3,51,False,False,False,1.0666666666666667,0000000000,,a47be7464659f75e69ef6f7165a7b057a0fd433ed180af76723f9bb5e1576a82
C1-3200,S2,3,52,False,False,False,1.0333333333333334,0000000000,,a47be7464659f75e69ef6f7165a7b057a0fd433ed180af76723f9bb5e1576a82
C1-3200,S2,3,53,False,False,False,1.0,0000000000,,a47be7464659f75e69ef6f7165a7b057a0fd433ed180af76723f9bb5e1576a82
C1-3200,S2,3,54,False,False,False,1.4,0000000000,,a47be7464659f75e69ef6f7165a7b057a0fd433ed180af76723f9bb5e1576a82
C1-3200,S2,3,55,False,False,False,2.5,0100000000,,a47be7464659f75e69ef6f7165a7b057a0fd433ed180af76723f9bb5e1576a82
C1-3200,S2,3,56,False,False,False,1.1,0000000000,,a47be7464659f75e69ef6f7165a7b057a0fd433ed180af76723f9bb5e1576a82
C1-3200,S2,3,57,False,False,False,0.9,0000000000,,a47be7464659f75e69ef6f7165a7b057a0fd433ed180af76723f9bb5e1576a82
C1-3200,S2,3,58,False,False,False,3.3,0101000000,,a47be7464659f75e69ef6f7165a7b057a0fd433ed180af76723f9bb5e1576a82
C1-3200,S2,3,59,False,False,False,3.2333333333333334,0100000000,,a47be7464659f75e69ef6f7165a7b057a0fd433ed180af76723f9bb5e1576a82
C1-3200,S2,3,60,False,False,False,0.8,0000000000,,a47be7464659f75e69ef6f7165a7b057a0fd433ed180af76723f9bb5e1576a82
C1-3200,S2,3,61,False,False,False,5.3,0100000000,,a47be7464659f75e69ef6f7165a7b057a0fd433ed180af76723f9bb5e1576a82
C1-3200,S2,3,62,False,False,False,2.8,0000000000,,a47be7464659f75e69ef6f7165a7b057a0fd433ed180af76723f9bb5e1576a82
C1-3200,S2,3,63,False,False,False,1.4333333333333333,0000000000,,a47be7464659f75e69ef6f7165a7b057a0fd433ed180af76723f9bb5e1576a82
C1-3200,S2,3,64,False,False,False,1.3666666666666667,0000000000,,a47be7464659f75e69ef6f7165a7b057a0fd433ed180af76723f9bb5e1576a82
C1-3200,S2,3,65,False,False,False,1.0,0000000000,,a47be7464659f75e69ef6f7165a7b057a0fd433ed180af76723f9bb5e1576a82
C1-3200,S2,3,66,False,False,False,4.266666666666667,0100000000,,a47be7464659f75e69ef6f7165a7b057a0fd433ed180af76723f9bb5e1576a82
C1-3200,S2,3,67,False,False,False,1.0333333333333334,0000000000,,a47be7464659f75e69ef6f7165a7b057a0fd433ed180af76723f9bb5e1576a82
C1-3200,S2,3,68,False,False,False,1.0,0000000000,,a47be7464659f75e69ef6f7165a7b057a0fd433ed180af76723f9bb5e1576a82
C1-3200,S2,3,69,False,False,False,1.3333333333333333,0000000000,,a47be7464659f75e69ef6f7165a7b057a0fd433ed180af76723f9bb5e1576a82
C1-3200,S2,3,70,False,False,False,1.3,0000000000,,a47be7464659f75e69ef6f7165a7b057a0fd433ed180af76723f9bb5e1576a82
C1-3200,S2,3,71,False,False,False,1.2,0000000000,,a47be7464659f75e69ef6f7165a7b057a0fd433ed180af76723f9bb5e1576a82
C1-3200,S2,3,72,False,False,False,1.0666666666666667,0000000000,,a47be7464659f75e69ef6f7165a7b057a0fd433ed180af76723f9bb5e1576a82
C1-3200,S2,3,73,False,False,False,1.1,0000000000,,a47be7464659f75e69ef6f7165a7b057a0fd433ed180af76723f9bb5e1576a82
C1-3200,S2,3,74,False,False,False,1.0333333333333334,0000000000,,a47be7464659f75e69ef6f7165a7b057a0fd433ed180af76723f9bb5e1576a82
C1-3200,S2,3,75,False,False,False,1.3,0000000000,,a47be7464659f75e69ef6f7165a7b057a0fd433ed180af76723f9bb5e1576a82
C1-3200,S2,3,76,False,False,False,1.3,0000000000,,a47be7464659f75e69ef6f7165a7b057a0fd433ed180af76723f9bb5e1576a82
C1-3200,S2,3,77,False,False,False,1.3,0000000000,,a47be7464659f75e69ef6f7165a7b057a0fd433ed180af76723f9bb5e1576a82
C1-3200,S2,3,78,False,False,False,0.7666666666666667,0000000000,,a47be7464659f75e69ef6f7165a7b057a0fd433ed180af76723f9bb5e1576a82
C1-3200,S2,3,79,False,False,False,1.0333333333333334,0000000000,,a47be7464659f75e69ef6f7165a7b057a0fd433ed180af76723f9bb5e1576a82
C1-3200,S2,3,80,False,False,False,1.3666666666666667,0000000000,,a47be7464659f75e69ef6f7165a7b057a0fd433ed180af76723f9bb5e1576a82
C1-3200,S2,3,81,False,False,False,1.3333333333333333,0000000000,,a47be7464659f75e69ef6f7165a7b057a0fd433ed180af76723f9bb5e1576a82
C1-3200,S2,3,82,False,False,False,1.0666666666666667,0000000000,,a47be7464659f75e69ef6f7165a7b057a0fd433ed180af76723f9bb5e1576a82
C1-3200,S2,3,83,False,False,False,4.1,0100000000,,a47be7464659f75e69ef6f7165a7b057a0fd433ed180af76723f9bb5e1576a82
C1-3200,S2,3,84,False,False,False,1.5,0000000000,,a47be7464659f75e69ef6f7165a7b057a0fd433ed180af76723f9bb5e1576a82
C1-3200,S2,3,85,False,False,False,4.3,0100000000,,a47be7464659f75e69ef6f7165a7b057a0fd433ed180af76723f9bb5e1576a82
C1-3200,S2,3,86,False,False,False,0.8666666666666667,0000000000,,a47be7464659f75e69ef6f7165a7b057a0fd433ed180af76723f9bb5e1576a82
C1-3200,S2,3,87,False,False,False,0.7333333333333333,0000000000,,a47be7464659f75e69ef6f7165a7b057a0fd433ed180af76723f9bb5e1576a82
C1-3200,S2,3,88,False,False,False,1.3,0000000000,,a47be7464659f75e69ef6f7165a7b057a0fd433ed180af76723f9bb5e1576a82
C1-3200,S2,3,89,False,False,False,0.8333333333333334,0000000000,,a47be7464659f75e69ef6f7165a7b057a0fd433ed180af76723f9bb5e1576a82
C1-3200,S2,3,90,False,False,False,1.1666666666666667,0000000000,,a47be7464659f75e69ef6f7165a7b057a0fd433ed180af76723f9bb5e1576a82
C1-3200,S2,3,91,False,False,False,1.4,0000000000,,a47be7464659f75e69ef6f7165a7b057a0fd433ed180af76723f9bb5e1576a82
C1-3200,S2,3,92,False,False,False,1.5666666666666667,0000000000,,a47be7464659f75e69ef6f7165a7b057a0fd433ed180af76723f9bb5e1576a82
C1-3200,S2,3,93,False,False,False,1.3333333333333333,0000000000,,a47be7464659f75e69ef6f7165a7b057a0fd433ed180af76723f9bb5e1576a82
C1-3200,S2,3,94,False,False,False,1.1,0000000000,,a47be7464659f75e69ef6f7165a7b057a0fd433ed180af76723f9bb5e1576a82
C1-3200,S2,3,95,False,False,False,1.3,0000000000,,a47be7464659f75e69ef6f7165a7b057a0fd433ed180af76723f9bb5e1576a82
C1-3200,S2,3,96,False,False,False,1.2666666666666666,0000000000,,a47be7464659f75e69ef6f7165a7b057a0fd433ed180af76723f9bb5e1576a82
C1-3200,S2,3,97,False,False,False,1.0333333333333334,0000000000,,a47be7464659f75e69ef6f7165a7b057a0fd433ed180af76723f9bb5e1576a82
C1-3200,S2,3,98,False,False,False,0.9333333333333333,0000000000,,a47be7464659f75e69ef6f7165a7b057a0fd433ed180af76723f9bb5e1576a82
C1-3200,S2,3,99,False,False,False,0.8666666666666667,0000000000,,a47be7464659f75e69ef6f7165a7b057a0fd433ed180af76723f9bb5e1576a82
C1-3200,S2,3,100,False,False,False,0.9666666666666667,0000000000,,a47be7464659f75e69ef6f7165a7b057a0fd433ed180af76723f9bb5e1576a82
C1-3200,S2,3,101,False,False,False,1.0666666666666667,0000000000,,a47be7464659f75e69ef6f7165a7b057a0fd433ed180af76723f9bb5e1576a82
C1-3200,S2,3,102,False,False,False,1.6,0000000000,,a47be7464659f75e69ef6f7165a7b057a0fd433ed180af76723f9bb5e1576a82
C1-3200,S2,3,103,False,False,False,1.1,0000000000,,a47be7464659f75e69ef6f7165a7b057a0fd433ed180af76723f9bb5e1576a82
C1-3200,S2,3,104,False,False,False,1.0666666666666667,0000000000,,a47be7464659f75e69ef6f7165a7b057a0fd433ed180af76723f9bb5e1576a82
C1-3200,S2,3,105,False,False,False,1.0666666666666667,0000000000,,a47be7464659f75e69ef6f7165a7b057a0fd433ed180af76723f9bb5e1576a82
C1-3200,S2,3,106,False,False,False,1.4,0000000000,,a47be7464659f75e69ef6f7165a7b057a0fd433ed180af76723f9bb5e1576a82
C1-3200,S2,3,107,False,False,False,0.9,0000000000,,a47be7464659f75e69ef6f7165a7b057a0fd433ed180af76723f9bb5e1576a82
C1-3200,S2,3,108,False,False,False,1.3333333333333333,0000000000,,a47be7464659f75e69ef6f7165a7b057a0fd433ed180af76723f9bb5e1576a82
C1-3200,S2,3,109,False,False,False,0.9,0000000000,,a47be7464659f75e69ef6f7165a7b057a0fd433ed180af76723f9bb5e1576a82
C1-3200,S2,3,110,False,False,False,3.7333333333333334,0000000000,,a47be7464659f75e69ef6f7165a7b057a0fd433ed180af76723f9bb5e1576a82
C1-3200,S2,3,111,False,False,False,0.9666666666666667,0000000000,,a47be7464659f75e69ef6f7165a7b057a0fd433ed180af76723f9bb5e1576a82
C1-3200,S2,3,112,False,False,False,1.0333333333333334,0000000000,,a47be7464659f75e69ef6f7165a7b057a0fd433ed180af76723f9bb5e1576a82
C1-3200,S2,3,113,False,False,False,1.1666666666666667,0000000000,,a47be7464659f75e69ef6f7165a7b057a0fd433ed180af76723f9bb5e1576a82
C1-3200,S2,3,114,False,False,False,0.9666666666666667,0000000000,,a47be7464659f75e69ef6f7165a7b057a0fd433ed180af76723f9bb5e1576a82
C1-3200,S2,3,115,False,False,False,1.1333333333333333,0000000000,,a47be7464659f75e69ef6f7165a7b057a0fd433ed180af76723f9bb5e1576a82
C1-3200,S2,3,116,False,False,False,1.2333333333333334,0100000000,,a47be7464659f75e69ef6f7165a7b057a0fd433ed180af76723f9bb5e1576a82
C1-3200,S2,3,117,False,False,False,1.0333333333333334,0000000000,,a47be7464659f75e69ef6f7165a7b057a0fd433ed180af76723f9bb5e1576a82
C1-3200,S2,3,118,False,False,False,1.1,0000000000,,a47be7464659f75e69ef6f7165a7b057a0fd433ed180af76723f9bb5e1576a82
C1-3200,S2,3,119,False,False,False,0.8333333333333334,0000000000,,a47be7464659f75e69ef6f7165a7b057a0fd433ed180af76723f9bb5e1576a82
C1-3200,S2,3,120,False,False,False,1.1,0000000000,,a47be7464659f75e69ef6f7165a7b057a0fd433ed180af76723f9bb5e1576a82
C1-3200,S2,3,121,False,False,False,3.3,0001000000,,a47be7464659f75e69ef6f7165a7b057a0fd433ed180af76723f9bb5e1576a82
C1-3200,S2,3,122,False,False,False,0.8666666666666667,0000000000,,a47be7464659f75e69ef6f7165a7b057a0fd433ed180af76723f9bb5e1576a82
C1-3200,S2,3,123,False,False,False,1.2,0000000000,,a47be7464659f75e69ef6f7165a7b057a0fd433ed180af76723f9bb5e1576a82
C1-3200,S2,3,124,False,False,False,1.0333333333333334,0000000000,,a47be7464659f75e69ef6f7165a7b057a0fd433ed180af76723f9bb5e1576a82
C1-3200,S2,3,125,False,False,False,0.7333333333333333,0000000000,,a47be7464659f75e69ef6f7165a7b057a0fd433ed180af76723f9bb5e1576a82
C1-3200,S2,3,126,False,False,False,1.1333333333333333,0000000000,,a47be7464659f75e69ef6f7165a7b057a0fd433ed180af76723f9bb5e1576a82
C1-3200,S2,3,127,False,False,False,1.3333333333333333,0000000000,,a47be7464659f75e69ef6f7165a7b057a0fd433ed180af76723f9bb5e1576a82
C1-3200,S5,0,0,False,False,False,0.7666666666666667,0000,,a47be7464659f75e69ef6f7165a7b057a0fd433ed180af76723f9bb5e1576a82
C1-3200,S5,0,1,False,False,False,0.7,0000,,a47be7464659f75e69ef6f7165a7b057a0fd433ed180af76723f9bb5e1576a82
C1-3200,S5,0,2,False,False,False,0.6666666666666666,0000,,a47be7464659f75e69ef6f7165a7b057a0fd433ed180af76723f9bb5e1576a82
C1-3200,S5,0,3,False,False,False,0.6,0000,,a47be7464659f75e69ef6f7165a7b057a0fd433ed180af76723f9bb5e1576a82
C1-3200,S5,0,4,False,False,False,0.7333333333333333,0000,,a47be7464659f75e69ef6f7165a7b057a0fd433ed180af76723f9bb5e1576a82
C1-3200,S5,0,5,False,False,False,0.7,0000,,a47be7464659f75e69ef6f7165a7b057a0fd433ed180af76723f9bb5e1576a82
C1-3200,S5,0,6,False,False,False,0.6666666666666666,0000,,a47be7464659f75e69ef6f7165a7b057a0fd433ed180af76723f9bb5e1576a82
C1-3200,S5,0,7,False,False,False,0.8333333333333334,0000,,a47be7464659f75e69ef6f7165a7b057a0fd433ed180af76723f9bb5e1576a82
C1-3200,S5,0,8,False,False,False,0.7333333333333333,0000,,a47be7464659f75e69ef6f7165a7b057a0fd433ed180af76723f9bb5e1576a82
C1-3200,S5,0,9,False,False,False,0.7666666666666667,0000,,a47be7464659f75e69ef6f7165a7b057a0fd433ed180af76723f9bb5e1576a82
C1-3200,S5,0,10,False,False,False,0.7333333333333333,0000,,a47be7464659f75e69ef6f7165a7b057a0fd433ed180af76723f9bb5e1576a82
C1-3200,S5,0,11,False,False,False,0.7666666666666667,0000,,a47be7464659f75e69ef6f7165a7b057a0fd433ed180af76723f9bb5e1576a82
C1-3200,S5,0,12,False,False,False,0.8333333333333334,0000,,a47be7464659f75e69ef6f7165a7b057a0fd433ed180af76723f9bb5e1576a82
C1-3200,S5,0,13,False,False,False,0.7,0000,,a47be7464659f75e69ef6f7165a7b057a0fd433ed180af76723f9bb5e1576a82
C1-3200,S5,0,14,False,False,False,0.7333333333333333,0000,,a47be7464659f75e69ef6f7165a7b057a0fd433ed180af76723f9bb5e1576a82
C1-3200,S5,0,15,False,False,False,0.7,0000,,a47be7464659f75e69ef6f7165a7b057a0fd433ed180af76723f9bb5e1576a82
C1-3200,S5,0,16,False,False,False,0.7666666666666667,0000,,a47be7464659f75e69ef6f7165a7b057a0fd433ed180af76723f9bb5e1576a82
C1-3200,S5,0,17,False,False,False,0.7,0000,,a47be7464659f75e69ef6f7165a7b057a0fd433ed180af76723f9bb5e1576a82
C1-3200,S5,0,18,False,False,False,0.7333333333333333,0000,,a47be7464659f75e69ef6f7165a7b057a0fd433ed180af76723f9bb5e1576a82
C1-3200,S5,0,19,False,False,False,0.7666666666666667,0000,,a47be7464659f75e69ef6f7165a7b057a0fd433ed180af76723f9bb5e1576a82
C1-3200,S5,0,20,False,False,False,0.6333333333333333,0000,,a47be7464659f75e69ef6f7165a7b057a0fd433ed180af76723f9bb5e1576a82
C1-3200,S5,0,21,False,False,False,0.8666666666666667,0000,,a47be7464659f75e69ef6f7165a7b057a0fd433ed180af76723f9bb5e1576a82
C1-3200,S5,0,22,False,False,False,0.7333333333333333,0000,,a47be7464659f75e69ef6f7165a7b057a0fd433ed180af76723f9bb5e1576a82
C1-3200,S5,0,23,False,False,False,0.7333333333333333,0000,,a47be7464659f75e69ef6f7165a7b057a0fd433ed180af76723f9bb5e1576a82
C1-3200,S5,0,24,False,False,False,0.8,0000,,a47be7464659f75e69ef6f7165a7b057a0fd433ed180af76723f9bb5e1576a82
C1-3200,S5,0,25,False,False,False,0.6666666666666666,0000,,a47be7464659f75e69ef6f7165a7b057a0fd433ed180af76723f9bb5e1576a82
C1-3200,S5,0,26,False,False,False,0.7333333333333333,0000,,a47be7464659f75e69ef6f7165a7b057a0fd433ed180af76723f9bb5e1576a82
C1-3200,S5,0,27,False,False,False,0.7,0000,,a47be7464659f75e69ef6f7165a7b057a0fd433ed180af76723f9bb5e1576a82
C1-3200,S5,0,28,False,False,False,0.7333333333333333,0000,,a47be7464659f75e69ef6f7165a7b057a0fd433ed180af76723f9bb5e1576a82
C1-3200,S5,0,29,False,False,False,0.7,0000,,a47be7464659f75e69ef6f7165a7b057a0fd433ed180af76723f9bb5e1576a82
C1-3200,S5,0,30,False,False,False,0.8666666666666667,0000,,a47be7464659f75e69ef6f7165a7b057a0fd433ed180af76723f9bb5e1576a82
C1-3200,S5,0,31,False,False,False,0.7666666666666667,0000,,a47be7464659f75e69ef6f7165a7b057a0fd433ed180af76723f9bb5e1576a82
C1-3200,S5,0,32,False,False,False,0.5333333333333333,0000,,a47be7464659f75e69ef6f7165a7b057a0fd433ed180af76723f9bb5e1576a82
C1-3200,S5,0,33,False,False,False,0.6666666666666666,0000,,a47be7464659f75e69ef6f7165a7b057a0fd433ed180af76723f9bb5e1576a82
C1-3200,S5,0,34,False,False,False,0.7666666666666667,0000,,a47be7464659f75e69ef6f7165a7b057a0fd433ed180af76723f9bb5e1576a82
C1-3200,S5,0,35,False,False,False,0.7333333333333333,0000,,a47be7464659f75e69ef6f7165a7b057a0fd433ed180af76723f9bb5e1576a82
C1-3200,S5,0,36,False,False,False,0.6666666666666666,0000,,a47be7464659f75e69ef6f7165a7b057a0fd433ed180af76723f9bb5e1576a82
C1-3200,S5,0,37,False,False,False,0.7333333333333333,0000,,a47be7464659f75e69ef6f7165a7b057a0fd433ed180af76723f9bb5e1576a82
C1-3200,S5,0,38,False,False,False,0.7666666666666667,0000,,a47be7464659f75e69ef6f7165a7b057a0fd433ed180af76723f9bb5e1576a82
C1-3200,S5,0,39,False,False,False,0.8666666666666667,0000,,a47be7464659f75e69ef6f7165a7b057a0fd433ed180af76723f9bb5e1576a82
C1-3200,S5,0,40,False,False,False,0.7666666666666667,0000,,a47be7464659f75e69ef6f7165a7b057a0fd433ed180af76723f9bb5e1576a82
C1-3200,S5,0,41,False,False,False,0.8,0000,,a47be7464659f75e69ef6f7165a7b057a0fd433ed180af76723f9bb5e1576a82
C1-3200,S5,0,42,False,False,False,0.7666666666666667,0000,,a47be7464659f75e69ef6f7165a7b057a0fd433ed180af76723f9bb5e1576a82
C1-3200,S5,0,43,False,False,False,0.8,0000,,a47be7464659f75e69ef6f7165a7b057a0fd433ed180af76723f9bb5e1576a82
C1-3200,S5,0,44,False,False,False,0.8,0000,,a47be7464659f75e69ef6f7165a7b057a0fd433ed180af76723f9bb5e1576a82
C1-3200,S5,0,45,False,False,False,0.7,0000,,a47be7464659f75e69ef6f7165a7b057a0fd433ed180af76723f9bb5e1576a82
C1-3200,S5,0,46,False,False,False,0.7666666666666667,0000,,a47be7464659f75e69ef6f7165a7b057a0fd433ed180af76723f9bb5e1576a82
C1-3200,S5,0,47,False,False,False,0.7666666666666667,0000,,a47be7464659f75e69ef6f7165a7b057a0fd433ed180af76723f9bb5e1576a82
C1-3200,S5,0,48,False,False,False,0.7333333333333333,0000,,a47be7464659f75e69ef6f7165a7b057a0fd433ed180af76723f9bb5e1576a82
C1-3200,S5,0,49,False,False,False,0.7,0000,,a47be7464659f75e69ef6f7165a7b057a0fd433ed180af76723f9bb5e1576a82
C1-3200,S5,0,50,False,False,False,0.7666666666666667,0000,,a47be7464659f75e69ef6f7165a7b057a0fd433ed180af76723f9bb5e1576a82
C1-3200,S5,0,51,False,False,False,0.7,0000,,a47be7464659f75e69ef6f7165a7b057a0fd433ed180af76723f9bb5e1576a82
C1-3200,S5,0,52,False,False,False,0.7,0000,,a47be7464659f75e69ef6f7165a7b057a0fd433ed180af76723f9bb5e1576a82
C1-3200,S5,0,53,False,False,False,0.7333333333333333,0000,,a47be7464659f75e69ef6f7165a7b057a0fd433ed180af76723f9bb5e1576a82
C1-3200,S5,0,54,False,False,False,0.7666666666666667,0000,,a47be7464659f75e69ef6f7165a7b057a0fd433ed180af76723f9bb5e1576a82
C1-3200,S5,0,55,False,False,False,0.7666666666666667,0000,,a47be7464659f75e69ef6f7165a7b057a0fd433ed180af76723f9bb5e1576a82
C1-3200,S5,0,56,False,False,False,0.6333333333333333,0000,,a47be7464659f75e69ef6f7165a7b057a0fd433ed180af76723f9bb5e1576a82
C1-3200,S5,0,57,False,False,False,0.7666666666666667,0000,,a47be7464659f75e69ef6f7165a7b057a0fd433ed180af76723f9bb5e1576a82
C1-3200,S5,0,58,False,False,False,0.6666666666666666,0000,,a47be7464659f75e69ef6f7165a7b057a0fd433ed180af76723f9bb5e1576a82
C1-3200,S5,0,59,False,False,False,0.8,0000,,a47be7464659f75e69ef6f7165a7b057a0fd433ed180af76723f9bb5e1576a82
C1-3200,S5,0,60,False,False,False,0.7333333333333333,0000,,a47be7464659f75e69ef6f7165a7b057a0fd433ed180af76723f9bb5e1576a82
C1-3200,S5,0,61,False,False,False,0.7,0000,,a47be7464659f75e69ef6f7165a7b057a0fd433ed180af76723f9bb5e1576a82
C1-3200,S5,0,62,False,False,False,0.6666666666666666,0000,,a47be7464659f75e69ef6f7165a7b057a0fd433ed180af76723f9bb5e1576a82
C1-3200,S5,0,63,False,False,False,0.7666666666666667,0000,,a47be7464659f75e69ef6f7165a7b057a0fd433ed180af76723f9bb5e1576a82
C1-3200,S5,0,64,False,False,False,0.7,0000,,a47be7464659f75e69ef6f7165a7b057a0fd433ed180af76723f9bb5e1576a82
C1-3200,S5,0,65,False,False,False,0.7,0000,,a47be7464659f75e69ef6f7165a7b057a0fd433ed180af76723f9bb5e1576a82
C1-3200,S5,0,66,False,False,False,0.8666666666666667,0000,,a47be7464659f75e69ef6f7165a7b057a0fd433ed180af76723f9bb5e1576a82
C1-3200,S5,0,67,False,False,False,0.7333333333333333,0000,,a47be7464659f75e69ef6f7165a7b057a0fd433ed180af76723f9bb5e1576a82
C1-3200,S5,0,68,False,False,False,0.7666666666666667,0000,,a47be7464659f75e69ef6f7165a7b057a0fd433ed180af76723f9bb5e1576a82
C1-3200,S5,0,69,False,False,False,0.7,0000,,a47be7464659f75e69ef6f7165a7b057a0fd433ed180af76723f9bb5e1576a82
C1-3200,S5,0,70,False,False,False,0.7666666666666667,0000,,a47be7464659f75e69ef6f7165a7b057a0fd433ed180af76723f9bb5e1576a82
C1-3200,S5,0,71,False,False,False,0.7666666666666667,0000,,a47be7464659f75e69ef6f7165a7b057a0fd433ed180af76723f9bb5e1576a82
C1-3200,S5,0,72,False,False,False,0.8,0000,,a47be7464659f75e69ef6f7165a7b057a0fd433ed180af76723f9bb5e1576a82
C1-3200,S5,0,73,False,False,False,0.7333333333333333,0000,,a47be7464659f75e69ef6f7165a7b057a0fd433ed180af76723f9bb5e1576a82
C1-3200,S5,0,74,False,False,False,0.8,0000,,a47be7464659f75e69ef6f7165a7b057a0fd433ed180af76723f9bb5e1576a82
C1-3200,S5,0,75,False,False,False,1.0,0000,,a47be7464659f75e69ef6f7165a7b057a0fd433ed180af76723f9bb5e1576a82
C1-3200,S5,0,76,False,False,False,0.5666666666666667,0000,,a47be7464659f75e69ef6f7165a7b057a0fd433ed180af76723f9bb5e1576a82
C1-3200,S5,0,77,False,False,False,0.7333333333333333,0000,,a47be7464659f75e69ef6f7165a7b057a0fd433ed180af76723f9bb5e1576a82
C1-3200,S5,0,78,False,False,False,0.7666666666666667,0000,,a47be7464659f75e69ef6f7165a7b057a0fd433ed180af76723f9bb5e1576a82
C1-3200,S5,0,79,False,False,False,0.7333333333333333,0000,,a47be7464659f75e69ef6f7165a7b057a0fd433ed180af76723f9bb5e1576a82
C1-3200,S5,0,80,False,False,False,0.7,0000,,a47be7464659f75e69ef6f7165a7b057a0fd433ed180af76723f9bb5e1576a82
C1-3200,S5,0,81,False,False,False,0.7,0000,,a47be7464659f75e69ef6f7165a7b057a0fd433ed180af76723f9bb5e1576a82
C1-3200,S5,0,82,False,False,False,0.6,0000,,a47be7464659f75e69ef6f7165a7b057a0fd433ed180af76723f9bb5e1576a82
C1-3200,S5,0,83,False,False,False,0.7333333333333333,0000,,a47be7464659f75e69ef6f7165a7b057a0fd433ed180af76723f9bb5e1576a82
C1-3200,S5,0,84,False,False,True,0.6,0101,,a47be7464659f75e69ef6f7165a7b057a0fd433ed180af76723f9bb5e1576a82
C1-3200,S5,0,85,False,False,False,0.7666666666666667,0000,,a47be7464659f75e69ef6f7165a7b057a0fd433ed180af76723f9bb5e1576a82
C1-3200,S5,0,86,False,False,False,0.7666666666666667,0000,,a47be7464659f75e69ef6f7165a7b057a0fd433ed180af76723f9bb5e1576a82
C1-3200,S5,0,87,False,False,False,0.8,0000,,a47be7464659f75e69ef6f7165a7b057a0fd433ed180af76723f9bb5e1576a82
C1-3200,S5,0,88,False,False,False,0.5666666666666667,0000,,a47be7464659f75e69ef6f7165a7b057a0fd433ed180af76723f9bb5e1576a82
C1-3200,S5,0,89,False,False,False,0.9,0000,,a47be7464659f75e69ef6f7165a7b057a0fd433ed180af76723f9bb5e1576a82
C1-3200,S5,0,90,False,False,False,0.7,0000,,a47be7464659f75e69ef6f7165a7b057a0fd433ed180af76723f9bb5e1576a82
C1-3200,S5,0,91,False,False,False,0.9,0000,,a47be7464659f75e69ef6f7165a7b057a0fd433ed180af76723f9bb5e1576a82
C1-3200,S5,0,92,False,False,False,0.7333333333333333,0000,,a47be7464659f75e69ef6f7165a7b057a0fd433ed180af76723f9bb5e1576a82
C1-3200,S5,0,93,False,False,False,0.7,0000,,a47be7464659f75e69ef6f7165a7b057a0fd433ed180af76723f9bb5e1576a82
C1-3200,S5,0,94,False,False,False,0.7333333333333333,0000,,a47be7464659f75e69ef6f7165a7b057a0fd433ed180af76723f9bb5e1576a82
C1-3200,S5,0,95,False,False,False,0.7,0000,,a47be7464659f75e69ef6f7165a7b057a0fd433ed180af76723f9bb5e1576a82
C1-3200,S5,0,96,False,False,False,0.6666666666666666,0000,,a47be7464659f75e69ef6f7165a7b057a0fd433ed180af76723f9bb5e1576a82
C1-3200,S5,0,97,False,False,False,1.0333333333333334,0000,,a47be7464659f75e69ef6f7165a7b057a0fd433ed180af76723f9bb5e1576a82
C1-3200,S5,0,98,False,False,False,0.7666666666666667,0000,,a47be7464659f75e69ef6f7165a7b057a0fd433ed180af76723f9bb5e1576a82
C1-3200,S5,0,99,False,False,False,0.7,0000,,a47be7464659f75e69ef6f7165a7b057a0fd433ed180af76723f9bb5e1576a82
C1-3200,S5,0,100,False,False,False,0.7666666666666667,0000,,a47be7464659f75e69ef6f7165a7b057a0fd433ed180af76723f9bb5e1576a82
C1-3200,S5,0,101,False,False,False,0.7,0000,,a47be7464659f75e69ef6f7165a7b057a0fd433ed180af76723f9bb5e1576a82
C1-3200,S5,0,102,False,False,False,0.7333333333333333,0000,,a47be7464659f75e69ef6f7165a7b057a0fd433ed180af76723f9bb5e1576a82
C1-3200,S5,0,103,False,False,False,0.6333333333333333,0000,,a47be7464659f75e69ef6f7165a7b057a0fd433ed180af76723f9bb5e1576a82
C1-3200,S5,0,104,False,False,False,0.7333333333333333,0000,,a47be7464659f75e69ef6f7165a7b057a0fd433ed180af76723f9bb5e1576a82
C1-3200,S5,0,105,False,False,False,0.7333333333333333,0000,,a47be7464659f75e69ef6f7165a7b057a0fd433ed180af76723f9bb5e1576a82
C1-3200,S5,0,106,False,False,False,0.7,0000,,a47be7464659f75e69ef6f7165a7b057a0fd433ed180af76723f9bb5e1576a82
C1-3200,S5,0,107,False,False,False,0.7333333333333333,0000,,a47be7464659f75e69ef6f7165a7b057a0fd433ed180af76723f9bb5e1576a82
C1-3200,S5,0,108,False,False,False,0.7333333333333333,0000,,a47be7464659f75e69ef6f7165a7b057a0fd433ed180af76723f9bb5e1576a82
C1-3200,S5,0,109,False,False,False,0.7333333333333333,0000,,a47be7464659f75e69ef6f7165a7b057a0fd433ed180af76723f9bb5e1576a82
C1-3200,S5,0,110,False,False,False,0.7,0000,,a47be7464659f75e69ef6f7165a7b057a0fd433ed180af76723f9bb5e1576a82
C1-3200,S5,0,111,False,False,False,0.8666666666666667,0000,,a47be7464659f75e69ef6f7165a7b057a0fd433ed180af76723f9bb5e1576a82
C1-3200,S5,0,112,False,False,False,0.7,0000,,a47be7464659f75e69ef6f7165a7b057a0fd433ed180af76723f9bb5e1576a82
C1-3200,S5,0,113,False,False,False,0.7666666666666667,0000,,a47be7464659f75e69ef6f7165a7b057a0fd433ed180af76723f9bb5e1576a82
C1-3200,S5,0,114,False,False,False,0.6666666666666666,0000,,a47be7464659f75e69ef6f7165a7b057a0fd433ed180af76723f9bb5e1576a82
C1-3200,S5,0,115,False,False,False,0.7666666666666667,0000,,a47be7464659f75e69ef6f7165a7b057a0fd433ed180af76723f9bb5e1576a82
C1-3200,S5,0,116,False,False,False,0.7,0000,,a47be7464659f75e69ef6f7165a7b057a0fd433ed180af76723f9bb5e1576a82
C1-3200,S5,0,117,False,False,False,0.7,0000,,a47be7464659f75e69ef6f7165a7b057a0fd433ed180af76723f9bb5e1576a82
C1-3200,S5,0,118,False,False,False,0.8,0000,,a47be7464659f75e69ef6f7165a7b057a0fd433ed180af76723f9bb5e1576a82
C1-3200,S5,0,119,False,False,False,0.7333333333333333,0000,,a47be7464659f75e69ef6f7165a7b057a0fd433ed180af76723f9bb5e1576a82
C1-3200,S5,0,120,False,False,False,0.7666666666666667,0000,,a47be7464659f75e69ef6f7165a7b057a0fd433ed180af76723f9bb5e1576a82
C1-3200,S5,0,121,False,False,False,0.8,0000,,a47be7464659f75e69ef6f7165a7b057a0fd433ed180af76723f9bb5e1576a82
C1-3200,S5,0,122,False,False,False,0.6333333333333333,0000,,a47be7464659f75e69ef6f7165a7b057a0fd433ed180af76723f9bb5e1576a82
C1-3200,S5,0,123,False,False,False,0.7,0000,,a47be7464659f75e69ef6f7165a7b057a0fd433ed180af76723f9bb5e1576a82
C1-3200,S5,0,124,False,False,False,0.8333333333333334,0000,,a47be7464659f75e69ef6f7165a7b057a0fd433ed180af76723f9bb5e1576a82
C1-3200,S5,0,125,False,False,False,0.7333333333333333,0000,,a47be7464659f75e69ef6f7165a7b057a0fd433ed180af76723f9bb5e1576a82
C1-3200,S5,0,126,False,False,False,0.8333333333333334,0000,,a47be7464659f75e69ef6f7165a7b057a0fd433ed180af76723f9bb5e1576a82
C1-3200,S5,0,127,False,False,False,0.5333333333333333,0000,,a47be7464659f75e69ef6f7165a7b057a0fd433ed180af76723f9bb5e1576a82
C1-3200,S5,1,0,False,False,False,2.0,0000,,a47be7464659f75e69ef6f7165a7b057a0fd433ed180af76723f9bb5e1576a82
C1-3200,S5,1,1,False,False,False,0.9,0000,,a47be7464659f75e69ef6f7165a7b057a0fd433ed180af76723f9bb5e1576a82
C1-3200,S5,1,2,False,False,False,4.066666666666666,0000,,a47be7464659f75e69ef6f7165a7b057a0fd433ed180af76723f9bb5e1576a82
C1-3200,S5,1,3,False,False,False,1.8333333333333333,0100,,a47be7464659f75e69ef6f7165a7b057a0fd433ed180af76723f9bb5e1576a82
C1-3200,S5,1,4,False,False,False,3.8,0000,,a47be7464659f75e69ef6f7165a7b057a0fd433ed180af76723f9bb5e1576a82
C1-3200,S5,1,5,False,False,False,3.1666666666666665,0000,,a47be7464659f75e69ef6f7165a7b057a0fd433ed180af76723f9bb5e1576a82
C1-3200,S5,1,6,False,False,False,2.8666666666666667,0000,,a47be7464659f75e69ef6f7165a7b057a0fd433ed180af76723f9bb5e1576a82
C1-3200,S5,1,7,False,False,False,0.9666666666666667,0000,,a47be7464659f75e69ef6f7165a7b057a0fd433ed180af76723f9bb5e1576a82
C1-3200,S5,1,8,False,False,False,3.3333333333333335,0000,,a47be7464659f75e69ef6f7165a7b057a0fd433ed180af76723f9bb5e1576a82
C1-3200,S5,1,9,False,False,False,3.966666666666667,0000,,a47be7464659f75e69ef6f7165a7b057a0fd433ed180af76723f9bb5e1576a82
C1-3200,S5,1,10,False,False,False,3.3,0000,,a47be7464659f75e69ef6f7165a7b057a0fd433ed180af76723f9bb5e1576a82
C1-3200,S5,1,11,False,False,False,3.8,0000,,a47be7464659f75e69ef6f7165a7b057a0fd433ed180af76723f9bb5e1576a82
C1-3200,S5,1,12,False,False,False,2.8,0000,,a47be7464659f75e69ef6f7165a7b057a0fd433ed180af76723f9bb5e1576a82
C1-3200,S5,1,13,False,False,False,3.1,0000,,a47be7464659f75e69ef6f7165a7b057a0fd433ed180af76723f9bb5e1576a82
C1-3200,S5,1,14,False,False,False,3.466666666666667,0000,,a47be7464659f75e69ef6f7165a7b057a0fd433ed180af76723f9bb5e1576a82
C1-3200,S5,1,15,False,False,False,2.933333333333333,0100,,a47be7464659f75e69ef6f7165a7b057a0fd433ed180af76723f9bb5e1576a82
C1-3200,S5,1,16,False,False,False,2.433333333333333,0000,,a47be7464659f75e69ef6f7165a7b057a0fd433ed180af76723f9bb5e1576a82
C1-3200,S5,1,17,False,False,False,2.6333333333333333,0000,,a47be7464659f75e69ef6f7165a7b057a0fd433ed180af76723f9bb5e1576a82
C1-3200,S5,1,18,False,False,False,1.6333333333333333,0000,,a47be7464659f75e69ef6f7165a7b057a0fd433ed180af76723f9bb5e1576a82
C1-3200,S5,1,19,False,False,False,1.2333333333333334,0000,,a47be7464659f75e69ef6f7165a7b057a0fd433ed180af76723f9bb5e1576a82
C1-3200,S5,1,20,False,False,False,3.3333333333333335,0000,,a47be7464659f75e69ef6f7165a7b057a0fd433ed180af76723f9bb5e1576a82
C1-3200,S5,1,21,False,False,False,0.8666666666666667,0000,,a47be7464659f75e69ef6f7165a7b057a0fd433ed180af76723f9bb5e1576a82
C1-3200,S5,1,22,False,False,False,3.7333333333333334,0000,,a47be7464659f75e69ef6f7165a7b057a0fd433ed180af76723f9bb5e1576a82
C1-3200,S5,1,23,False,False,False,2.4,0000,,a47be7464659f75e69ef6f7165a7b057a0fd433ed180af76723f9bb5e1576a82
C1-3200,S5,1,24,False,False,False,3.7,0000,,a47be7464659f75e69ef6f7165a7b057a0fd433ed180af76723f9bb5e1576a82
C1-3200,S5,1,25,False,False,False,3.533333333333333,0000,,a47be7464659f75e69ef6f7165a7b057a0fd433ed180af76723f9bb5e1576a82
C1-3200,S5,1,26,False,False,False,2.3333333333333335,0000,,a47be7464659f75e69ef6f7165a7b057a0fd433ed180af76723f9bb5e1576a82
C1-3200,S5,1,27,False,False,False,3.3666666666666667,0000,,a47be7464659f75e69ef6f7165a7b057a0fd433ed180af76723f9bb5e1576a82
C1-3200,S5,1,28,False,False,False,0.7,0000,,a47be7464659f75e69ef6f7165a7b057a0fd433ed180af76723f9bb5e1576a82
C1-3200,S5,1,29,False,False,False,3.033333333333333,0000,,a47be7464659f75e69ef6f7165a7b057a0fd433ed180af76723f9bb5e1576a82
C1-3200,S5,1,30,False,False,False,3.1666666666666665,0000,,a47be7464659f75e69ef6f7165a7b057a0fd433ed180af76723f9bb5e1576a82
C1-3200,S5,1,31,False,False,False,0.4,0000,,a47be7464659f75e69ef6f7165a7b057a0fd433ed180af76723f9bb5e1576a82
C1-3200,S5,1,32,False,False,False,1.0333333333333334,0000,,a47be7464659f75e69ef6f7165a7b057a0fd433ed180af76723f9bb5e1576a82
C1-3200,S5,1,33,False,False,False,3.7,0000,,a47be7464659f75e69ef6f7165a7b057a0fd433ed180af76723f9bb5e1576a82
C1-3200,S5,1,34,False,False,False,2.7,0000,,a47be7464659f75e69ef6f7165a7b057a0fd433ed180af76723f9bb5e1576a82
C1-3200,S5,1,35,False,False,False,3.1,0000,,a47be7464659f75e69ef6f7165a7b057a0fd433ed180af76723f9bb5e1576a82
C1-3200,S5,1,36,False,False,False,3.1,0000,,a47be7464659f75e69ef6f7165a7b057a0fd433ed180af76723f9bb5e1576a82
C1-3200,S5,1,37,False,False,False,0.9333333333333333,0000,,a47be7464659f75e69ef6f7165a7b057a0fd433ed180af76723f9bb5e1576a82
C1-3200,S5,1,38,False,False,False,3.2333333333333334,0000,,a47be7464659f75e69ef6f7165a7b057a0fd433ed180af76723f9bb5e1576a82
C1-3200,S5,1,39,False,False,False,3.7,0000,,a47be7464659f75e69ef6f7165a7b057a0fd433ed180af76723f9bb5e1576a82
C1-3200,S5,1,40,False,False,False,1.1333333333333333,0000,,a47be7464659f75e69ef6f7165a7b057a0fd433ed180af76723f9bb5e1576a82
C1-3200,S5,1,41,False,False,False,2.6666666666666665,0000,,a47be7464659f75e69ef6f7165a7b057a0fd433ed180af76723f9bb5e1576a82
C1-3200,S5,1,42,False,False,False,1.3,0000,,a47be7464659f75e69ef6f7165a7b057a0fd433ed180af76723f9bb5e1576a82
C1-3200,S5,1,43,False,False,False,3.8333333333333335,0000,,a47be7464659f75e69ef6f7165a7b057a0fd433ed180af76723f9bb5e1576a82
C1-3200,S5,1,44,False,False,False,1.0333333333333334,0000,,a47be7464659f75e69ef6f7165a7b057a0fd433ed180af76723f9bb5e1576a82
C1-3200,S5,1,45,False,False,False,0.9,0000,,a47be7464659f75e69ef6f7165a7b057a0fd433ed180af76723f9bb5e1576a82
C1-3200,S5,1,46,False,False,False,2.5,0000,,a47be7464659f75e69ef6f7165a7b057a0fd433ed180af76723f9bb5e1576a82
C1-3200,S5,1,47,False,False,False,6.3,0100,,a47be7464659f75e69ef6f7165a7b057a0fd433ed180af76723f9bb5e1576a82
C1-3200,S5,1,48,False,False,False,0.9666666666666667,0000,,a47be7464659f75e69ef6f7165a7b057a0fd433ed180af76723f9bb5e1576a82
C1-3200,S5,1,49,False,False,False,3.7333333333333334,0000,,a47be7464659f75e69ef6f7165a7b057a0fd433ed180af76723f9bb5e1576a82
C1-3200,S5,1,50,False,False,False,4.533333333333333,0000,,a47be7464659f75e69ef6f7165a7b057a0fd433ed180af76723f9bb5e1576a82
C1-3200,S5,1,51,False,False,False,3.1333333333333333,0000,,a47be7464659f75e69ef6f7165a7b057a0fd433ed180af76723f9bb5e1576a82
C1-3200,S5,1,52,False,False,False,1.0,0000,,a47be7464659f75e69ef6f7165a7b057a0fd433ed180af76723f9bb5e1576a82
C1-3200,S5,1,53,False,False,False,1.5333333333333334,0000,,a47be7464659f75e69ef6f7165a7b057a0fd433ed180af76723f9bb5e1576a82
C1-3200,S5,1,54,False,False,False,2.6,0000,,a47be7464659f75e69ef6f7165a7b057a0fd433ed180af76723f9bb5e1576a82
C1-3200,S5,1,55,False,False,False,2.433333333333333,0000,,a47be7464659f75e69ef6f7165a7b057a0fd433ed180af76723f9bb5e1576a82
C1-3200,S5,1,56,False,False,True,0.9333333333333333,0101,,a47be7464659f75e69ef6f7165a7b057a0fd433ed180af76723f9bb5e1576a82
C1-3200,S5,1,57,False,False,True,0.7,0100,,a47be7464659f75e69ef6f7165a7b057a0fd433ed180af76723f9bb5e1576a82
C1-3200,S5,1,58,False,False,False,2.466666666666667,0000,,a47be7464659f75e69ef6f7165a7b057a0fd433ed180af76723f9bb5e1576a82
C1-3200,S5,1,59,False,False,False,3.533333333333333,0000,,a47be7464659f75e69ef6f7165a7b057a0fd433ed180af76723f9bb5e1576a82
C1-3200,S5,1,60,False,False,False,3.433333333333333,0000,,a47be7464659f75e69ef6f7165a7b057a0fd433ed180af76723f9bb5e1576a82
C1-3200,S5,1,61,False,False,False,3.2666666666666666,0000,,a47be7464659f75e69ef6f7165a7b057a0fd433ed180af76723f9bb5e1576a82
C1-3200,S5,1,62,False,False,False,3.9,0000,,a47be7464659f75e69ef6f7165a7b057a0fd433ed180af76723f9bb5e1576a82
C1-3200,S5,1,63,False,False,False,0.9666666666666667,0100,,a47be7464659f75e69ef6f7165a7b057a0fd433ed180af76723f9bb5e1576a82
C1-3200,S5,1,64,False,False,False,3.533333333333333,0000,,a47be7464659f75e69ef6f7165a7b057a0fd433ed180af76723f9bb5e1576a82
C1-3200,S5,1,65,False,False,False,1.3,0000,,a47be7464659f75e69ef6f7165a7b057a0fd433ed180af76723f9bb5e1576a82
C1-3200,S5,1,66,False,False,False,3.6,0000,,a47be7464659f75e69ef6f7165a7b057a0fd433ed180af76723f9bb5e1576a82
C1-3200,S5,1,67,False,False,False,3.6666666666666665,0000,,a47be7464659f75e69ef6f7165a7b057a0fd433ed180af76723f9bb5e1576a82
C1-3200,S5,1,68,False,False,False,1.1333333333333333,0000,,a47be7464659f75e69ef6f7165a7b057a0fd433ed180af76723f9bb5e1576a82
C1-3200,S5,1,69,False,False,False,0.7,0000,,a47be7464659f75e69ef6f7165a7b057a0fd433ed180af76723f9bb5e1576a82
C1-3200,S5,1,70,False,False,False,3.2,0000,,a47be7464659f75e69ef6f7165a7b057a0fd433ed180af76723f9bb5e1576a82
C1-3200,S5,1,71,False,False,False,0.8666666666666667,0000,,a47be7464659f75e69ef6f7165a7b057a0fd433ed180af76723f9bb5e1576a82
C1-3200,S5,1,72,False,False,True,1.3333333333333333,0101,,a47be7464659f75e69ef6f7165a7b057a0fd433ed180af76723f9bb5e1576a82
C1-3200,S5,1,73,False,False,False,4.166666666666667,0000,,a47be7464659f75e69ef6f7165a7b057a0fd433ed180af76723f9bb5e1576a82
C1-3200,S5,1,74,False,False,False,2.9,0000,,a47be7464659f75e69ef6f7165a7b057a0fd433ed180af76723f9bb5e1576a82
C1-3200,S5,1,75,False,False,False,0.36666666666666664,0000,,a47be7464659f75e69ef6f7165a7b057a0fd433ed180af76723f9bb5e1576a82
C1-3200,S5,1,76,False,False,False,3.433333333333333,0000,,a47be7464659f75e69ef6f7165a7b057a0fd433ed180af76723f9bb5e1576a82
C1-3200,S5,1,77,False,False,False,3.6,0000,,a47be7464659f75e69ef6f7165a7b057a0fd433ed180af76723f9bb5e1576a82
C1-3200,S5,1,78,False,False,False,3.533333333333333,0000,,a47be7464659f75e69ef6f7165a7b057a0fd433ed180af76723f9bb5e1576a82
C1-3200,S5,1,79,False,False,False,3.6666666666666665,0000,,a47be7464659f75e69ef6f7165a7b057a0fd433ed180af76723f9bb5e1576a82
C1-3200,S5,1,80,False,False,False,3.2,0000,,a47be7464659f75e69ef6f7165a7b057a0fd433ed180af76723f9bb5e1576a82
C1-3200,S5,1,81,False,False,False,0.7,0000,,a47be7464659f75e69ef6f7165a7b057a0fd433ed180af76723f9bb5e1576a82
C1-3200,S5,1,82,False,False,False,3.1,0000,,a47be7464659f75e69ef6f7165a7b057a0fd433ed180af76723f9bb5e1576a82
C1-3200,S5,1,83,False,False,False,2.533333333333333,0000,,a47be7464659f75e69ef6f7165a7b057a0fd433ed180af76723f9bb5e1576a82
C1-3200,S5,1,84,False,False,False,3.0,0000,,a47be7464659f75e69ef6f7165a7b057a0fd433ed180af76723f9bb5e1576a82
C1-3200,S5,1,85,False,False,False,1.4,0100,,a47be7464659f75e69ef6f7165a7b057a0fd433ed180af76723f9bb5e1576a82
C1-3200,S5,1,86,False,False,False,3.433333333333333,0000,,a47be7464659f75e69ef6f7165a7b057a0fd433ed180af76723f9bb5e1576a82
C1-3200,S5,1,87,False,False,False,3.033333333333333,0000,,a47be7464659f75e69ef6f7165a7b057a0fd433ed180af76723f9bb5e1576a82
C1-3200,S5,1,88,False,False,False,0.8333333333333334,0000,,a47be7464659f75e69ef6f7165a7b057a0fd433ed180af76723f9bb5e1576a82
C1-3200,S5,1,89,False,False,False,3.8666666666666667,0000,,a47be7464659f75e69ef6f7165a7b057a0fd433ed180af76723f9bb5e1576a82
C1-3200,S5,1,90,False,False,False,2.8333333333333335,0000,,a47be7464659f75e69ef6f7165a7b057a0fd433ed180af76723f9bb5e1576a82
C1-3200,S5,1,91,False,False,False,2.6666666666666665,0000,,a47be7464659f75e69ef6f7165a7b057a0fd433ed180af76723f9bb5e1576a82
C1-3200,S5,1,92,False,False,False,3.933333333333333,0000,,a47be7464659f75e69ef6f7165a7b057a0fd433ed180af76723f9bb5e1576a82
C1-3200,S5,1,93,False,False,False,3.033333333333333,0000,,a47be7464659f75e69ef6f7165a7b057a0fd433ed180af76723f9bb5e1576a82
C1-3200,S5,1,94,False,False,False,3.8666666666666667,0000,,a47be7464659f75e69ef6f7165a7b057a0fd433ed180af76723f9bb5e1576a82
C1-3200,S5,1,95,False,False,False,1.1333333333333333,0000,,a47be7464659f75e69ef6f7165a7b057a0fd433ed180af76723f9bb5e1576a82
C1-3200,S5,1,96,False,False,False,3.2,0000,,a47be7464659f75e69ef6f7165a7b057a0fd433ed180af76723f9bb5e1576a82
C1-3200,S5,1,97,False,False,False,0.4,0000,,a47be7464659f75e69ef6f7165a7b057a0fd433ed180af76723f9bb5e1576a82
C1-3200,S5,1,98,False,False,False,2.6,0000,,a47be7464659f75e69ef6f7165a7b057a0fd433ed180af76723f9bb5e1576a82
C1-3200,S5,1,99,False,False,False,2.7,0000,,a47be7464659f75e69ef6f7165a7b057a0fd433ed180af76723f9bb5e1576a82
C1-3200,S5,1,100,False,False,False,4.233333333333333,0000,,a47be7464659f75e69ef6f7165a7b057a0fd433ed180af76723f9bb5e1576a82
C1-3200,S5,1,101,False,False,False,3.2,0000,,a47be7464659f75e69ef6f7165a7b057a0fd433ed180af76723f9bb5e1576a82
C1-3200,S5,1,102,False,False,True,1.0666666666666667,0010,,a47be7464659f75e69ef6f7165a7b057a0fd433ed180af76723f9bb5e1576a82
C1-3200,S5,1,103,False,False,False,1.1666666666666667,0000,,a47be7464659f75e69ef6f7165a7b057a0fd433ed180af76723f9bb5e1576a82
C1-3200,S5,1,104,False,False,False,2.1333333333333333,0000,,a47be7464659f75e69ef6f7165a7b057a0fd433ed180af76723f9bb5e1576a82
C1-3200,S5,1,105,False,False,False,0.9333333333333333,0000,,a47be7464659f75e69ef6f7165a7b057a0fd433ed180af76723f9bb5e1576a82
C1-3200,S5,1,106,False,False,False,3.066666666666667,0000,,a47be7464659f75e69ef6f7165a7b057a0fd433ed180af76723f9bb5e1576a82
C1-3200,S5,1,107,False,False,False,3.8,0000,,a47be7464659f75e69ef6f7165a7b057a0fd433ed180af76723f9bb5e1576a82
C1-3200,S5,1,108,False,False,False,3.4,0000,,a47be7464659f75e69ef6f7165a7b057a0fd433ed180af76723f9bb5e1576a82
C1-3200,S5,1,109,False,False,False,3.433333333333333,0000,,a47be7464659f75e69ef6f7165a7b057a0fd433ed180af76723f9bb5e1576a82
C1-3200,S5,1,110,False,False,False,0.9666666666666667,0000,,a47be7464659f75e69ef6f7165a7b057a0fd433ed180af76723f9bb5e1576a82
C1-3200,S5,1,111,False,False,False,2.7,0000,,a47be7464659f75e69ef6f7165a7b057a0fd433ed180af76723f9bb5e1576a82
C1-3200,S5,1,112,False,False,False,3.4,0000,,a47be7464659f75e69ef6f7165a7b057a0fd433ed180af76723f9bb5e1576a82
C1-3200,S5,1,113,False,False,False,3.933333333333333,0000,,a47be7464659f75e69ef6f7165a7b057a0fd433ed180af76723f9bb5e1576a82
C1-3200,S5,1,114,False,False,False,2.7333333333333334,0000,,a47be7464659f75e69ef6f7165a7b057a0fd433ed180af76723f9bb5e1576a82
C1-3200,S5,1,115,False,False,False,1.5666666666666667,0000,,a47be7464659f75e69ef6f7165a7b057a0fd433ed180af76723f9bb5e1576a82
C1-3200,S5,1,116,False,False,False,4.533333333333333,0000,,a47be7464659f75e69ef6f7165a7b057a0fd433ed180af76723f9bb5e1576a82
C1-3200,S5,1,117,False,False,False,1.0,0000,,a47be7464659f75e69ef6f7165a7b057a0fd433ed180af76723f9bb5e1576a82
C1-3200,S5,1,118,False,False,False,0.8666666666666667,0000,,a47be7464659f75e69ef6f7165a7b057a0fd433ed180af76723f9bb5e1576a82
C1-3200,S5,1,119,False,False,False,0.8666666666666667,0000,,a47be7464659f75e69ef6f7165a7b057a0fd433ed180af76723f9bb5e1576a82
C1-3200,S5,1,120,False,False,False,3.3333333333333335,0000,,a47be7464659f75e69ef6f7165a7b057a0fd433ed180af76723f9bb5e1576a82
C1-3200,S5,1,121,False,False,False,3.7333333333333334,0000,,a47be7464659f75e69ef6f7165a7b057a0fd433ed180af76723f9bb5e1576a82
C1-3200,S5,1,122,False,False,False,2.933333333333333,0000,,a47be7464659f75e69ef6f7165a7b057a0fd433ed180af76723f9bb5e1576a82
C1-3200,S5,1,123,False,False,False,3.033333333333333,0000,,a47be7464659f75e69ef6f7165a7b057a0fd433ed180af76723f9bb5e1576a82
C1-3200,S5,1,124,False,False,False,1.0666666666666667,0000,,a47be7464659f75e69ef6f7165a7b057a0fd433ed180af76723f9bb5e1576a82
C1-3200,S5,1,125,False,False,False,1.1333333333333333,0000,,a47be7464659f75e69ef6f7165a7b057a0fd433ed180af76723f9bb5e1576a82
C1-3200,S5,1,126,False,False,False,3.066666666666667,0000,,a47be7464659f75e69ef6f7165a7b057a0fd433ed180af76723f9bb5e1576a82
C1-3200,S5,1,127,False,False,False,3.7,0000,,a47be7464659f75e69ef6f7165a7b057a0fd433ed180af76723f9bb5e1576a82
C1-3200,S5,2,0,False,False,False,1.7333333333333334,0000,,a47be7464659f75e69ef6f7165a7b057a0fd433ed180af76723f9bb5e1576a82
C1-3200,S5,2,1,False,False,False,1.6666666666666667,0100,,a47be7464659f75e69ef6f7165a7b057a0fd433ed180af76723f9bb5e1576a82
C1-3200,S5,2,2,False,False,False,1.6333333333333333,0000,,a47be7464659f75e69ef6f7165a7b057a0fd433ed180af76723f9bb5e1576a82
C1-3200,S5,2,3,False,False,False,1.7333333333333334,0000,,a47be7464659f75e69ef6f7165a7b057a0fd433ed180af76723f9bb5e1576a82
C1-3200,S5,2,4,False,False,False,1.6333333333333333,0000,,a47be7464659f75e69ef6f7165a7b057a0fd433ed180af76723f9bb5e1576a82
C1-3200,S5,2,5,False,False,False,1.9,0000,,a47be7464659f75e69ef6f7165a7b057a0fd433ed180af76723f9bb5e1576a82
C1-3200,S5,2,6,False,False,False,1.7,0000,,a47be7464659f75e69ef6f7165a7b057a0fd433ed180af76723f9bb5e1576a82
C1-3200,S5,2,7,False,False,False,1.7333333333333334,0000,,a47be7464659f75e69ef6f7165a7b057a0fd433ed180af76723f9bb5e1576a82
C1-3200,S5,2,8,False,False,False,1.6666666666666667,0000,,a47be7464659f75e69ef6f7165a7b057a0fd433ed180af76723f9bb5e1576a82
C1-3200,S5,2,9,False,False,False,1.8,0000,,a47be7464659f75e69ef6f7165a7b057a0fd433ed180af76723f9bb5e1576a82
C1-3200,S5,2,10,False,False,False,1.7333333333333334,0000,,a47be7464659f75e69ef6f7165a7b057a0fd433ed180af76723f9bb5e1576a82
C1-3200,S5,2,11,False,False,False,1.9333333333333333,0100,,a47be7464659f75e69ef6f7165a7b057a0fd433ed180af76723f9bb5e1576a82
C1-3200,S5,2,12,False,False,False,1.9333333333333333,0100,,a47be7464659f75e69ef6f7165a7b057a0fd433ed180af76723f9bb5e1576a82
C1-3200,S5,2,13,False,False,False,1.6666666666666667,0000,,a47be7464659f75e69ef6f7165a7b057a0fd433ed180af76723f9bb5e1576a82
C1-3200,S5,2,14,False,False,False,1.8666666666666667,0100,,a47be7464659f75e69ef6f7165a7b057a0fd433ed180af76723f9bb5e1576a82
C1-3200,S5,2,15,False,False,False,1.7333333333333334,0000,,a47be7464659f75e69ef6f7165a7b057a0fd433ed180af76723f9bb5e1576a82
C1-3200,S5,2,16,False,False,False,1.8,0000,,a47be7464659f75e69ef6f7165a7b057a0fd433ed180af76723f9bb5e1576a82
C1-3200,S5,2,17,False,False,False,1.7666666666666666,0000,,a47be7464659f75e69ef6f7165a7b057a0fd433ed180af76723f9bb5e1576a82
C1-3200,S5,2,18,False,False,False,1.6,0100,,a47be7464659f75e69ef6f7165a7b057a0fd433ed180af76723f9bb5e1576a82
C1-3200,S5,2,19,False,False,False,1.7333333333333334,0000,,a47be7464659f75e69ef6f7165a7b057a0fd433ed180af76723f9bb5e1576a82
C1-3200,S5,2,20,False,False,False,1.7333333333333334,0000,,a47be7464659f75e69ef6f7165a7b057a0fd433ed180af76723f9bb5e1576a82
C1-3200,S5,2,21,False,False,False,1.8,0100,,a47be7464659f75e69ef6f7165a7b057a0fd433ed180af76723f9bb5e1576a82
C1-3200,S5,2,22,False,False,False,1.8666666666666667,0000,,a47be7464659f75e69ef6f7165a7b057a0fd433ed180af76723f9bb5e1576a82
C1-3200,S5,2,23,False,False,False,1.7333333333333334,0000,,a47be7464659f75e69ef6f7165a7b057a0fd433ed180af76723f9bb5e1576a82
C1-3200,S5,2,24,False,False,False,1.7,0000,,a47be7464659f75e69ef6f7165a7b057a0fd433ed180af76723f9bb5e1576a82
C1-3200,S5,2,25,False,False,False,1.6666666666666667,0000,,a47be7464659f75e69ef6f7165a7b057a0fd433ed180af76723f9bb5e1576a82
C1-3200,S5,2,26,False,False,False,1.9333333333333333,0000,,a47be7464659f75e69ef6f7165a7b057a0fd433ed180af76723f9bb5e1576a82
C1-3200,S5,2,27,False,False,False,1.7,0000,,a47be7464659f75e69ef6f7165a7b057a0fd433ed180af76723f9bb5e1576a82
C1-3200,S5,2,28,False,False,False,1.7666666666666666,0000,,a47be7464659f75e69ef6f7165a7b057a0fd433ed180af76723f9bb5e1576a82
C1-3200,S5,2,29,False,False,False,1.8333333333333333,0000,,a47be7464659f75e69ef6f7165a7b057a0fd433ed180af76723f9bb5e1576a82
C1-3200,S5,2,30,False,False,False,1.7333333333333334,0000,,a47be7464659f75e69ef6f7165a7b057a0fd433ed180af76723f9bb5e1576a82
C1-3200,S5,2,31,False,False,False,1.8333333333333333,0100,,a47be7464659f75e69ef6f7165a7b057a0fd433ed180af76723f9bb5e1576a82
C1-3200,S5,2,32,False,False,False,1.7333333333333334,0100,,a47be7464659f75e69ef6f7165a7b057a0fd433ed180af76723f9bb5e1576a82
C1-3200,S5,2,33,False,False,False,1.5666666666666667,0000,,a47be7464659f75e69ef6f7165a7b057a0fd433ed180af76723f9bb5e1576a82
C1-3200,S5,2,34,False,False,False,1.8333333333333333,0100,,a47be7464659f75e69ef6f7165a7b057a0fd433ed180af76723f9bb5e1576a82
C1-3200,S5,2,35,False,False,False,1.6333333333333333,0000,,a47be7464659f75e69ef6f7165a7b057a0fd433ed180af76723f9bb5e1576a82
C1-3200,S5,2,36,False,False,False,1.6333333333333333,0000,,a47be7464659f75e69ef6f7165a7b057a0fd433ed180af76723f9bb5e1576a82
C1-3200,S5,2,37,False,False,False,1.6333333333333333,0000,,a47be7464659f75e69ef6f7165a7b057a0fd433ed180af76723f9bb5e1576a82
C1-3200,S5,2,38,False,False,False,1.7,0000,,a47be7464659f75e69ef6f7165a7b057a0fd433ed180af76723f9bb5e1576a82
C1-3200,S5,2,39,False,False,False,1.7666666666666666,0100,,a47be7464659f75e69ef6f7165a7b057a0fd433ed180af76723f9bb5e1576a82
C1-3200,S5,2,40,False,False,False,1.7,0000,,a47be7464659f75e69ef6f7165a7b057a0fd433ed180af76723f9bb5e1576a82
C1-3200,S5,2,41,False,False,False,1.8,0100,,a47be7464659f75e69ef6f7165a7b057a0fd433ed180af76723f9bb5e1576a82
C1-3200,S5,2,42,False,False,False,1.8666666666666667,0000,,a47be7464659f75e69ef6f7165a7b057a0fd433ed180af76723f9bb5e1576a82
C1-3200,S5,2,43,False,False,False,1.8666666666666667,0100,,a47be7464659f75e69ef6f7165a7b057a0fd433ed180af76723f9bb5e1576a82
C1-3200,S5,2,44,False,False,False,1.8,0100,,a47be7464659f75e69ef6f7165a7b057a0fd433ed180af76723f9bb5e1576a82
C1-3200,S5,2,45,False,False,False,1.6666666666666667,0000,,a47be7464659f75e69ef6f7165a7b057a0fd433ed180af76723f9bb5e1576a82
C1-3200,S5,2,46,False,False,False,1.8333333333333333,0000,,a47be7464659f75e69ef6f7165a7b057a0fd433ed180af76723f9bb5e1576a82
C1-3200,S5,2,47,False,False,False,1.8333333333333333,0100,,a47be7464659f75e69ef6f7165a7b057a0fd433ed180af76723f9bb5e1576a82
C1-3200,S5,2,48,False,False,False,1.7,0000,,a47be7464659f75e69ef6f7165a7b057a0fd433ed180af76723f9bb5e1576a82
C1-3200,S5,2,49,False,False,False,1.9,0100,,a47be7464659f75e69ef6f7165a7b057a0fd433ed180af76723f9bb5e1576a82
C1-3200,S5,2,50,False,False,False,1.7666666666666666,0000,,a47be7464659f75e69ef6f7165a7b057a0fd433ed180af76723f9bb5e1576a82
C1-3200,S5,2,51,False,False,False,1.9,0000,,a47be7464659f75e69ef6f7165a7b057a0fd433ed180af76723f9bb5e1576a82
C1-3200,S5,2,52,False,False,False,1.7333333333333334,0000,,a47be7464659f75e69ef6f7165a7b057a0fd433ed180af76723f9bb5e1576a82
C1-3200,S5,2,53,False,False,False,1.8,0100,,a47be7464659f75e69ef6f7165a7b057a0fd433ed180af76723f9bb5e1576a82
C1-3200,S5,2,54,False,False,False,1.7,0000,,a47be7464659f75e69ef6f7165a7b057a0fd433ed180af76723f9bb5e1576a82
C1-3200,S5,2,55,False,False,False,1.7666666666666666,0100,,a47be7464659f75e69ef6f7165a7b057a0fd433ed180af76723f9bb5e1576a82
C1-3200,S5,2,56,False,False,False,1.7666666666666666,0100,,a47be7464659f75e69ef6f7165a7b057a0fd433ed180af76723f9bb5e1576a82
C1-3200,S5,2,57,False,False,False,1.8,0000,,a47be7464659f75e69ef6f7165a7b057a0fd433ed180af76723f9bb5e1576a82
C1-3200,S5,2,58,False,False,False,1.6333333333333333,0000,,a47be7464659f75e69ef6f7165a7b057a0fd433ed180af76723f9bb5e1576a82
C1-3200,S5,2,59,False,False,False,1.7,0000,,a47be7464659f75e69ef6f7165a7b057a0fd433ed180af76723f9bb5e1576a82
C1-3200,S5,2,60,False,False,False,1.6333333333333333,0000,,a47be7464659f75e69ef6f7165a7b057a0fd433ed180af76723f9bb5e1576a82
C1-3200,S5,2,61,False,False,False,1.8,0100,,a47be7464659f75e69ef6f7165a7b057a0fd433ed180af76723f9bb5e1576a82
C1-3200,S5,2,62,False,False,False,1.7666666666666666,0100,,a47be7464659f75e69ef6f7165a7b057a0fd433ed180af76723f9bb5e1576a82
C1-3200,S5,2,63,False,False,False,1.7333333333333334,0000,,a47be7464659f75e69ef6f7165a7b057a0fd433ed180af76723f9bb5e1576a82
C1-3200,S5,2,64,False,False,False,1.8,0100,,a47be7464659f75e69ef6f7165a7b057a0fd433ed180af76723f9bb5e1576a82
C1-3200,S5,2,65,False,False,False,1.7333333333333334,0000,,a47be7464659f75e69ef6f7165a7b057a0fd433ed180af76723f9bb5e1576a82
C1-3200,S5,2,66,False,False,False,1.7666666666666666,0000,,a47be7464659f75e69ef6f7165a7b057a0fd433ed180af76723f9bb5e1576a82
C1-3200,S5,2,67,False,False,False,1.8666666666666667,0100,,a47be7464659f75e69ef6f7165a7b057a0fd433ed180af76723f9bb5e1576a82
C1-3200,S5,2,68,False,False,False,1.7333333333333334,0000,,a47be7464659f75e69ef6f7165a7b057a0fd433ed180af76723f9bb5e1576a82
C1-3200,S5,2,69,False,False,False,1.8333333333333333,0000,,a47be7464659f75e69ef6f7165a7b057a0fd433ed180af76723f9bb5e1576a82
C1-3200,S5,2,70,False,False,False,1.7,0000,,a47be7464659f75e69ef6f7165a7b057a0fd433ed180af76723f9bb5e1576a82
C1-3200,S5,2,71,False,False,False,1.7,0000,,a47be7464659f75e69ef6f7165a7b057a0fd433ed180af76723f9bb5e1576a82
C1-3200,S5,2,72,False,False,False,1.7333333333333334,0000,,a47be7464659f75e69ef6f7165a7b057a0fd433ed180af76723f9bb5e1576a82
C1-3200,S5,2,73,False,False,False,1.8333333333333333,0000,,a47be7464659f75e69ef6f7165a7b057a0fd433ed180af76723f9bb5e1576a82
C1-3200,S5,2,74,False,False,False,1.7333333333333334,0000,,a47be7464659f75e69ef6f7165a7b057a0fd433ed180af76723f9bb5e1576a82
C1-3200,S5,2,75,False,False,False,1.7666666666666666,0000,,a47be7464659f75e69ef6f7165a7b057a0fd433ed180af76723f9bb5e1576a82
C1-3200,S5,2,76,False,False,False,1.7333333333333334,0000,,a47be7464659f75e69ef6f7165a7b057a0fd433ed180af76723f9bb5e1576a82
C1-3200,S5,2,77,False,False,False,1.7333333333333334,0000,,a47be7464659f75e69ef6f7165a7b057a0fd433ed180af76723f9bb5e1576a82
C1-3200,S5,2,78,False,False,False,1.8666666666666667,0100,,a47be7464659f75e69ef6f7165a7b057a0fd433ed180af76723f9bb5e1576a82
C1-3200,S5,2,79,False,False,False,1.8,0100,,a47be7464659f75e69ef6f7165a7b057a0fd433ed180af76723f9bb5e1576a82
C1-3200,S5,2,80,False,False,False,1.8666666666666667,0100,,a47be7464659f75e69ef6f7165a7b057a0fd433ed180af76723f9bb5e1576a82
C1-3200,S5,2,81,False,False,False,2.0,0100,,a47be7464659f75e69ef6f7165a7b057a0fd433ed180af76723f9bb5e1576a82
C1-3200,S5,2,82,False,False,False,1.9666666666666666,0100,,a47be7464659f75e69ef6f7165a7b057a0fd433ed180af76723f9bb5e1576a82
C1-3200,S5,2,83,False,False,False,1.6,0000,,a47be7464659f75e69ef6f7165a7b057a0fd433ed180af76723f9bb5e1576a82
C1-3200,S5,2,84,False,False,False,1.7333333333333334,0000,,a47be7464659f75e69ef6f7165a7b057a0fd433ed180af76723f9bb5e1576a82
C1-3200,S5,2,85,False,False,False,1.7,0000,,a47be7464659f75e69ef6f7165a7b057a0fd433ed180af76723f9bb5e1576a82
C1-3200,S5,2,86,False,False,False,1.7666666666666666,0100,,a47be7464659f75e69ef6f7165a7b057a0fd433ed180af76723f9bb5e1576a82
C1-3200,S5,2,87,False,False,False,1.8333333333333333,0000,,a47be7464659f75e69ef6f7165a7b057a0fd433ed180af76723f9bb5e1576a82
C1-3200,S5,2,88,False,False,False,1.7,0000,,a47be7464659f75e69ef6f7165a7b057a0fd433ed180af76723f9bb5e1576a82
C1-3200,S5,2,89,False,False,False,1.8,0000,,a47be7464659f75e69ef6f7165a7b057a0fd433ed180af76723f9bb5e1576a82
C1-3200,S5,2,90,False,False,False,1.5666666666666667,0000,,a47be7464659f75e69ef6f7165a7b057a0fd433ed180af76723f9bb5e1576a82
C1-3200,S5,2,91,False,False,False,1.8,0100,,a47be7464659f75e69ef6f7165a7b057a0fd433ed180af76723f9bb5e1576a82
C1-3200,S5,2,92,False,False,False,1.8,0000,,a47be7464659f75e69ef6f7165a7b057a0fd433ed180af76723f9bb5e1576a82
C1-3200,S5,2,93,False,False,False,1.7666666666666666,0000,,a47be7464659f75e69ef6f7165a7b057a0fd433ed180af76723f9bb5e1576a82
C1-3200,S5,2,94,False,False,False,1.8666666666666667,0000,,a47be7464659f75e69ef6f7165a7b057a0fd433ed180af76723f9bb5e1576a82
C1-3200,S5,2,95,False,False,False,1.8,0000,,a47be7464659f75e69ef6f7165a7b057a0fd433ed180af76723f9bb5e1576a82
C1-3200,S5,2,96,False,False,False,1.8,0000,,a47be7464659f75e69ef6f7165a7b057a0fd433ed180af76723f9bb5e1576a82
C1-3200,S5,2,97,False,False,False,1.7333333333333334,0100,,a47be7464659f75e69ef6f7165a7b057a0fd433ed180af76723f9bb5e1576a82
C1-3200,S5,2,98,False,False,False,1.7666666666666666,0000,,a47be7464659f75e69ef6f7165a7b057a0fd433ed180af76723f9bb5e1576a82
C1-3200,S5,2,99,False,False,False,1.9,0000,,a47be7464659f75e69ef6f7165a7b057a0fd433ed180af76723f9bb5e1576a82
C1-3200,S5,2,100,False,False,False,1.6333333333333333,0000,,a47be7464659f75e69ef6f7165a7b057a0fd433ed180af76723f9bb5e1576a82
C1-3200,S5,2,101,False,False,False,1.8,0100,,a47be7464659f75e69ef6f7165a7b057a0fd433ed180af76723f9bb5e1576a82
C1-3200,S5,2,102,False,False,False,1.9,0100,,a47be7464659f75e69ef6f7165a7b057a0fd433ed180af76723f9bb5e1576a82
C1-3200,S5,2,103,False,False,False,1.7666666666666666,0000,,a47be7464659f75e69ef6f7165a7b057a0fd433ed180af76723f9bb5e1576a82
C1-3200,S5,2,104,False,False,False,1.8,0000,,a47be7464659f75e69ef6f7165a7b057a0fd433ed180af76723f9bb5e1576a82
C1-3200,S5,2,105,False,False,False,1.8333333333333333,0000,,a47be7464659f75e69ef6f7165a7b057a0fd433ed180af76723f9bb5e1576a82
C1-3200,S5,2,106,False,False,False,1.9333333333333333,0100,,a47be7464659f75e69ef6f7165a7b057a0fd433ed180af76723f9bb5e1576a82
C1-3200,S5,2,107,False,False,False,1.7333333333333334,0000,,a47be7464659f75e69ef6f7165a7b057a0fd433ed180af76723f9bb5e1576a82
C1-3200,S5,2,108,False,False,False,1.8333333333333333,0000,,a47be7464659f75e69ef6f7165a7b057a0fd433ed180af76723f9bb5e1576a82
C1-3200,S5,2,109,False,False,False,1.6,0000,,a47be7464659f75e69ef6f7165a7b057a0fd433ed180af76723f9bb5e1576a82
C1-3200,S5,2,110,False,False,False,1.8333333333333333,0000,,a47be7464659f75e69ef6f7165a7b057a0fd433ed180af76723f9bb5e1576a82
C1-3200,S5,2,111,False,False,False,1.8333333333333333,0100,,a47be7464659f75e69ef6f7165a7b057a0fd433ed180af76723f9bb5e1576a82
C1-3200,S5,2,112,False,False,False,1.7666666666666666,0000,,a47be7464659f75e69ef6f7165a7b057a0fd433ed180af76723f9bb5e1576a82
C1-3200,S5,2,113,False,False,False,1.7666666666666666,0000,,a47be7464659f75e69ef6f7165a7b057a0fd433ed180af76723f9bb5e1576a82
C1-3200,S5,2,114,False,False,False,1.7,0100,,a47be7464659f75e69ef6f7165a7b057a0fd433ed180af76723f9bb5e1576a82
C1-3200,S5,2,115,False,False,False,1.6666666666666667,0100,,a47be7464659f75e69ef6f7165a7b057a0fd433ed180af76723f9bb5e1576a82
C1-3200,S5,2,116,False,False,False,1.7333333333333334,0000,,a47be7464659f75e69ef6f7165a7b057a0fd433ed180af76723f9bb5e1576a82
C1-3200,S5,2,117,False,False,False,1.7666666666666666,0000,,a47be7464659f75e69ef6f7165a7b057a0fd433ed180af76723f9bb5e1576a82
C1-3200,S5,2,118,False,False,False,1.7,0100,,a47be7464659f75e69ef6f7165a7b057a0fd433ed180af76723f9bb5e1576a82
C1-3200,S5,2,119,False,False,False,1.9,0100,,a47be7464659f75e69ef6f7165a7b057a0fd433ed180af76723f9bb5e1576a82
C1-3200,S5,2,120,False,False,False,1.7666666666666666,0000,,a47be7464659f75e69ef6f7165a7b057a0fd433ed180af76723f9bb5e1576a82
C1-3200,S5,2,121,False,False,False,1.7666666666666666,0100,,a47be7464659f75e69ef6f7165a7b057a0fd433ed180af76723f9bb5e1576a82
C1-3200,S5,2,122,False,False,False,1.5666666666666667,0000,,a47be7464659f75e69ef6f7165a7b057a0fd433ed180af76723f9bb5e1576a82
C1-3200,S5,2,123,False,False,False,1.7333333333333334,0000,,a47be7464659f75e69ef6f7165a7b057a0fd433ed180af76723f9bb5e1576a82
C1-3200,S5,2,124,False,False,False,1.8,0000,,a47be7464659f75e69ef6f7165a7b057a0fd433ed180af76723f9bb5e1576a82
C1-3200,S5,2,125,False,False,False,1.7666666666666666,0000,,a47be7464659f75e69ef6f7165a7b057a0fd433ed180af76723f9bb5e1576a82
C1-3200,S5,2,126,False,False,False,1.7333333333333334,0000,,a47be7464659f75e69ef6f7165a7b057a0fd433ed180af76723f9bb5e1576a82
C1-3200,S5,2,127,False,False,False,1.7666666666666666,0000,,a47be7464659f75e69ef6f7165a7b057a0fd433ed180af76723f9bb5e1576a82
C1-3200,S5,3,0,False,False,False,1.1333333333333333,0000,,a47be7464659f75e69ef6f7165a7b057a0fd433ed180af76723f9bb5e1576a82
C1-3200,S5,3,1,False,False,False,1.3666666666666667,0000,,a47be7464659f75e69ef6f7165a7b057a0fd433ed180af76723f9bb5e1576a82
C1-3200,S5,3,2,False,False,False,1.1333333333333333,0000,,a47be7464659f75e69ef6f7165a7b057a0fd433ed180af76723f9bb5e1576a82
C1-3200,S5,3,3,False,False,False,1.1666666666666667,0000,,a47be7464659f75e69ef6f7165a7b057a0fd433ed180af76723f9bb5e1576a82
C1-3200,S5,3,4,False,False,False,1.2,0000,,a47be7464659f75e69ef6f7165a7b057a0fd433ed180af76723f9bb5e1576a82
C1-3200,S5,3,5,False,False,False,1.2,0000,,a47be7464659f75e69ef6f7165a7b057a0fd433ed180af76723f9bb5e1576a82
C1-3200,S5,3,6,False,False,False,1.0,0000,,a47be7464659f75e69ef6f7165a7b057a0fd433ed180af76723f9bb5e1576a82
C1-3200,S5,3,7,False,False,False,3.8,0000,,a47be7464659f75e69ef6f7165a7b057a0fd433ed180af76723f9bb5e1576a82
C1-3200,S5,3,8,False,False,False,0.9,0000,,a47be7464659f75e69ef6f7165a7b057a0fd433ed180af76723f9bb5e1576a82
C1-3200,S5,3,9,False,False,False,0.8,0000,,a47be7464659f75e69ef6f7165a7b057a0fd433ed180af76723f9bb5e1576a82
C1-3200,S5,3,10,False,False,False,1.2333333333333334,0000,,a47be7464659f75e69ef6f7165a7b057a0fd433ed180af76723f9bb5e1576a82
C1-3200,S5,3,11,False,False,False,1.3,0000,,a47be7464659f75e69ef6f7165a7b057a0fd433ed180af76723f9bb5e1576a82
C1-3200,S5,3,12,False,False,False,1.3333333333333333,0000,,a47be7464659f75e69ef6f7165a7b057a0fd433ed180af76723f9bb5e1576a82
C1-3200,S5,3,13,False,False,False,1.3333333333333333,0000,,a47be7464659f75e69ef6f7165a7b057a0fd433ed180af76723f9bb5e1576a82
C1-3200,S5,3,14,False,False,False,1.1333333333333333,0000,,a47be7464659f75e69ef6f7165a7b057a0fd433ed180af76723f9bb5e1576a82
C1-3200,S5,3,15,False,False,False,1.1,0000,,a47be7464659f75e69ef6f7165a7b057a0fd433ed180af76723f9bb5e1576a82
C1-3200,S5,3,16,False,False,False,4.3,0000,,a47be7464659f75e69ef6f7165a7b057a0fd433ed180af76723f9bb5e1576a82
C1-3200,S5,3,17,False,False,False,1.1,0000,,a47be7464659f75e69ef6f7165a7b057a0fd433ed180af76723f9bb5e1576a82
C1-3200,S5,3,18,False,False,False,2.1333333333333333,0000,,a47be7464659f75e69ef6f7165a7b057a0fd433ed180af76723f9bb5e1576a82
C1-3200,S5,3,19,False,False,False,4.366666666666666,0000,,a47be7464659f75e69ef6f7165a7b057a0fd433ed180af76723f9bb5e1576a82
C1-3200,S5,3,20,False,False,False,1.3333333333333333,0000,,a47be7464659f75e69ef6f7165a7b057a0fd433ed180af76723f9bb5e1576a82
C1-3200,S5,3,21,False,False,False,1.0333333333333334,0000,,a47be7464659f75e69ef6f7165a7b057a0fd433ed180af76723f9bb5e1576a82
C1-3200,S5,3,22,False,False,False,1.1333333333333333,0000,,a47be7464659f75e69ef6f7165a7b057a0fd433ed180af76723f9bb5e1576a82
C1-3200,S5,3,23,False,False,False,0.8666666666666667,0000,,a47be7464659f75e69ef6f7165a7b057a0fd433ed180af76723f9bb5e1576a82
C1-3200,S5,3,24,False,False,False,1.4,0000,,a47be7464659f75e69ef6f7165a7b057a0fd433ed180af76723f9bb5e1576a82
C1-3200,S5,3,25,False,False,False,1.2666666666666666,0000,,a47be7464659f75e69ef6f7165a7b057a0fd433ed180af76723f9bb5e1576a82
C1-3200,S5,3,26,False,False,False,0.9666666666666667,0000,,a47be7464659f75e69ef6f7165a7b057a0fd433ed180af76723f9bb5e1576a82
C1-3200,S5,3,27,False,False,False,0.9,0000,,a47be7464659f75e69ef6f7165a7b057a0fd433ed180af76723f9bb5e1576a82
C1-3200,S5,3,28,False,False,False,4.433333333333334,0000,,a47be7464659f75e69ef6f7165a7b057a0fd433ed180af76723f9bb5e1576a82
C1-3200,S5,3,29,False,False,False,1.4666666666666666,0000,,a47be7464659f75e69ef6f7165a7b057a0fd433ed180af76723f9bb5e1576a82
C1-3200,S5,3,30,False,False,False,11.266666666666667,0100,,a47be7464659f75e69ef6f7165a7b057a0fd433ed180af76723f9bb5e1576a82
C1-3200,S5,3,31,False,False,False,1.3333333333333333,0000,,a47be7464659f75e69ef6f7165a7b057a0fd433ed180af76723f9bb5e1576a82
C1-3200,S5,3,32,False,False,False,4.533333333333333,0000,,a47be7464659f75e69ef6f7165a7b057a0fd433ed180af76723f9bb5e1576a82
C1-3200,S5,3,33,False,False,False,1.2333333333333334,0000,,a47be7464659f75e69ef6f7165a7b057a0fd433ed180af76723f9bb5e1576a82
C1-3200,S5,3,34,False,False,False,5.466666666666667,0100,,a47be7464659f75e69ef6f7165a7b057a0fd433ed180af76723f9bb5e1576a82
C1-3200,S5,3,35,False,False,False,1.1333333333333333,0000,,a47be7464659f75e69ef6f7165a7b057a0fd433ed180af76723f9bb5e1576a82
C1-3200,S5,3,36,False,False,False,1.5666666666666667,0000,,a47be7464659f75e69ef6f7165a7b057a0fd433ed180af76723f9bb5e1576a82
C1-3200,S5,3,37,False,False,False,1.3666666666666667,0000,,a47be7464659f75e69ef6f7165a7b057a0fd433ed180af76723f9bb5e1576a82
C1-3200,S5,3,38,False,False,False,1.0,0000,,a47be7464659f75e69ef6f7165a7b057a0fd433ed180af76723f9bb5e1576a82
C1-3200,S5,3,39,False,False,False,1.3666666666666667,0000,,a47be7464659f75e69ef6f7165a7b057a0fd433ed180af76723f9bb5e1576a82
C1-3200,S5,3,40,False,False,False,0.9,0000,,a47be7464659f75e69ef6f7165a7b057a0fd433ed180af76723f9bb5e1576a82
C1-3200,S5,3,41,False,False,False,1.3,0000,,a47be7464659f75e69ef6f7165a7b057a0fd433ed180af76723f9bb5e1576a82
C1-3200,S5,3,42,False,False,False,0.8666666666666667,0000,,a47be7464659f75e69ef6f7165a7b057a0fd433ed180af76723f9bb5e1576a82
C1-3200,S5,3,43,False,False,False,1.2,0000,,a47be7464659f75e69ef6f7165a7b057a0fd433ed180af76723f9bb5e1576a82
C1-3200,S5,3,44,False,False,False,1.0333333333333334,0000,,a47be7464659f75e69ef6f7165a7b057a0fd433ed180af76723f9bb5e1576a82
C1-3200,S5,3,45,False,False,False,1.0666666666666667,0000,,a47be7464659f75e69ef6f7165a7b057a0fd433ed180af76723f9bb5e1576a82
C1-3200,S5,3,46,False,False,False,1.2,0000,,a47be7464659f75e69ef6f7165a7b057a0fd433ed180af76723f9bb5e1576a82
C1-3200,S5,3,47,False,False,False,1.1333333333333333,0000,,a47be7464659f75e69ef6f7165a7b057a0fd433ed180af76723f9bb5e1576a82
C1-3200,S5,3,48,False,False,False,1.0,0000,,a47be7464659f75e69ef6f7165a7b057a0fd433ed180af76723f9bb5e1576a82
C1-3200,S5,3,49,False,False,False,1.0666666666666667,0000,,a47be7464659f75e69ef6f7165a7b057a0fd433ed180af76723f9bb5e1576a82
C1-3200,S5,3,50,False,False,False,1.2666666666666666,0000,,a47be7464659f75e69ef6f7165a7b057a0fd433ed180af76723f9bb5e1576a82
C1-3200,S5,3,51,False,False,False,1.0666666666666667,0000,,a47be7464659f75e69ef6f7165a7b057a0fd433ed180af76723f9bb5e1576a82
C1-3200,S5,3,52,False,False,False,1.0333333333333334,0000,,a47be7464659f75e69ef6f7165a7b057a0fd433ed180af76723f9bb5e1576a82
C1-3200,S5,3,53,False,False,False,1.0,0000,,a47be7464659f75e69ef6f7165a7b057a0fd433ed180af76723f9bb5e1576a82
C1-3200,S5,3,54,False,False,False,1.4,0000,,a47be7464659f75e69ef6f7165a7b057a0fd433ed180af76723f9bb5e1576a82
C1-3200,S5,3,55,False,False,True,5.466666666666667,0101,,a47be7464659f75e69ef6f7165a7b057a0fd433ed180af76723f9bb5e1576a82
C1-3200,S5,3,56,False,False,False,1.1,0000,,a47be7464659f75e69ef6f7165a7b057a0fd433ed180af76723f9bb5e1576a82
C1-3200,S5,3,57,False,False,False,0.9,0000,,a47be7464659f75e69ef6f7165a7b057a0fd433ed180af76723f9bb5e1576a82
C1-3200,S5,3,58,False,False,False,10.366666666666667,0100,,a47be7464659f75e69ef6f7165a7b057a0fd433ed180af76723f9bb5e1576a82
C1-3200,S5,3,59,False,False,False,9.833333333333334,0000,,a47be7464659f75e69ef6f7165a7b057a0fd433ed180af76723f9bb5e1576a82
C1-3200,S5,3,60,False,False,False,0.8,0000,,a47be7464659f75e69ef6f7165a7b057a0fd433ed180af76723f9bb5e1576a82
C1-3200,S5,3,61,False,False,False,10.333333333333334,0100,,a47be7464659f75e69ef6f7165a7b057a0fd433ed180af76723f9bb5e1576a82
C1-3200,S5,3,62,False,False,False,5.466666666666667,0100,,a47be7464659f75e69ef6f7165a7b057a0fd433ed180af76723f9bb5e1576a82
C1-3200,S5,3,63,False,False,False,1.4333333333333333,0000,,a47be7464659f75e69ef6f7165a7b057a0fd433ed180af76723f9bb5e1576a82
C1-3200,S5,3,64,False,False,False,1.3666666666666667,0000,,a47be7464659f75e69ef6f7165a7b057a0fd433ed180af76723f9bb5e1576a82
C1-3200,S5,3,65,False,False,False,1.0,0000,,a47be7464659f75e69ef6f7165a7b057a0fd433ed180af76723f9bb5e1576a82
C1-3200,S5,3,66,False,False,False,2.7333333333333334,0000,,a47be7464659f75e69ef6f7165a7b057a0fd433ed180af76723f9bb5e1576a82
C1-3200,S5,3,67,False,False,False,1.0333333333333334,0000,,a47be7464659f75e69ef6f7165a7b057a0fd433ed180af76723f9bb5e1576a82
C1-3200,S5,3,68,False,False,False,1.0,0000,,a47be7464659f75e69ef6f7165a7b057a0fd433ed180af76723f9bb5e1576a82
C1-3200,S5,3,69,False,False,False,1.3333333333333333,0000,,a47be7464659f75e69ef6f7165a7b057a0fd433ed180af76723f9bb5e1576a82
C1-3200,S5,3,70,False,False,False,1.3,0000,,a47be7464659f75e69ef6f7165a7b057a0fd433ed180af76723f9bb5e1576a82
C1-3200,S5,3,71,False,False,False,1.2,0000,,a47be7464659f75e69ef6f7165a7b057a0fd433ed180af76723f9bb5e1576a82
C1-3200,S5,3,72,False,False,False,1.0666666666666667,0000,,a47be7464659f75e69ef6f7165a7b057a0fd433ed180af76723f9bb5e1576a82
C1-3200,S5,3,73,False,False,False,1.1,0000,,a47be7464659f75e69ef6f7165a7b057a0fd433ed180af76723f9bb5e1576a82
C1-3200,S5,3,74,False,False,False,1.0333333333333334,0000,,a47be7464659f75e69ef6f7165a7b057a0fd433ed180af76723f9bb5e1576a82
C1-3200,S5,3,75,False,False,False,1.3,0000,,a47be7464659f75e69ef6f7165a7b057a0fd433ed180af76723f9bb5e1576a82
C1-3200,S5,3,76,False,False,False,1.3,0000,,a47be7464659f75e69ef6f7165a7b057a0fd433ed180af76723f9bb5e1576a82
C1-3200,S5,3,77,False,False,False,1.3,0000,,a47be7464659f75e69ef6f7165a7b057a0fd433ed180af76723f9bb5e1576a82
C1-3200,S5,3,78,False,False,False,0.7666666666666667,0000,,a47be7464659f75e69ef6f7165a7b057a0fd433ed180af76723f9bb5e1576a82
C1-3200,S5,3,79,False,False,False,1.0333333333333334,0000,,a47be7464659f75e69ef6f7165a7b057a0fd433ed180af76723f9bb5e1576a82
C1-3200,S5,3,80,False,False,False,1.3666666666666667,0000,,a47be7464659f75e69ef6f7165a7b057a0fd433ed180af76723f9bb5e1576a82
C1-3200,S5,3,81,False,False,False,1.3333333333333333,0000,,a47be7464659f75e69ef6f7165a7b057a0fd433ed180af76723f9bb5e1576a82
C1-3200,S5,3,82,False,False,False,1.0666666666666667,0000,,a47be7464659f75e69ef6f7165a7b057a0fd433ed180af76723f9bb5e1576a82
C1-3200,S5,3,83,False,False,False,10.533333333333333,0100,,a47be7464659f75e69ef6f7165a7b057a0fd433ed180af76723f9bb5e1576a82
C1-3200,S5,3,84,False,False,False,1.5,0000,,a47be7464659f75e69ef6f7165a7b057a0fd433ed180af76723f9bb5e1576a82
C1-3200,S5,3,85,False,False,False,4.966666666666667,0000,,a47be7464659f75e69ef6f7165a7b057a0fd433ed180af76723f9bb5e1576a82
C1-3200,S5,3,86,False,False,False,0.8666666666666667,0000,,a47be7464659f75e69ef6f7165a7b057a0fd433ed180af76723f9bb5e1576a82
C1-3200,S5,3,87,False,False,False,0.7333333333333333,0000,,a47be7464659f75e69ef6f7165a7b057a0fd433ed180af76723f9bb5e1576a82
C1-3200,S5,3,88,False,False,False,1.3,0000,,a47be7464659f75e69ef6f7165a7b057a0fd433ed180af76723f9bb5e1576a82
C1-3200,S5,3,89,False,False,False,0.8333333333333334,0000,,a47be7464659f75e69ef6f7165a7b057a0fd433ed180af76723f9bb5e1576a82
C1-3200,S5,3,90,False,False,False,1.1666666666666667,0000,,a47be7464659f75e69ef6f7165a7b057a0fd433ed180af76723f9bb5e1576a82
C1-3200,S5,3,91,False,False,False,1.4,0000,,a47be7464659f75e69ef6f7165a7b057a0fd433ed180af76723f9bb5e1576a82
C1-3200,S5,3,92,False,False,False,1.5666666666666667,0000,,a47be7464659f75e69ef6f7165a7b057a0fd433ed180af76723f9bb5e1576a82
C1-3200,S5,3,93,False,False,False,1.3333333333333333,0000,,a47be7464659f75e69ef6f7165a7b057a0fd433ed180af76723f9bb5e1576a82
C1-3200,S5,3,94,False,False,False,1.1,0000,,a47be7464659f75e69ef6f7165a7b057a0fd433ed180af76723f9bb5e1576a82
C1-3200,S5,3,95,False,False,False,1.3,0000,,a47be7464659f75e69ef6f7165a7b057a0fd433ed180af76723f9bb5e1576a82
C1-3200,S5,3,96,False,False,False,1.2666666666666666,0000,,a47be7464659f75e69ef6f7165a7b057a0fd433ed180af76723f9bb5e1576a82
C1-3200,S5,3,97,False,False,False,1.0333333333333334,0000,,a47be7464659f75e69ef6f7165a7b057a0fd433ed180af76723f9bb5e1576a82
C1-3200,S5,3,98,False,False,False,0.9333333333333333,0000,,a47be7464659f75e69ef6f7165a7b057a0fd433ed180af76723f9bb5e1576a82
C1-3200,S5,3,99,False,False,False,0.8666666666666667,0000,,a47be7464659f75e69ef6f7165a7b057a0fd433ed180af76723f9bb5e1576a82
C1-3200,S5,3,100,False,False,False,0.9666666666666667,0000,,a47be7464659f75e69ef6f7165a7b057a0fd433ed180af76723f9bb5e1576a82
C1-3200,S5,3,101,False,False,False,1.0666666666666667,0000,,a47be7464659f75e69ef6f7165a7b057a0fd433ed180af76723f9bb5e1576a82
C1-3200,S5,3,102,False,False,False,1.6,0000,,a47be7464659f75e69ef6f7165a7b057a0fd433ed180af76723f9bb5e1576a82
C1-3200,S5,3,103,False,False,False,1.1,0000,,a47be7464659f75e69ef6f7165a7b057a0fd433ed180af76723f9bb5e1576a82
C1-3200,S5,3,104,False,False,False,1.0666666666666667,0000,,a47be7464659f75e69ef6f7165a7b057a0fd433ed180af76723f9bb5e1576a82
C1-3200,S5,3,105,False,False,False,1.0666666666666667,0000,,a47be7464659f75e69ef6f7165a7b057a0fd433ed180af76723f9bb5e1576a82
C1-3200,S5,3,106,False,False,False,1.4,0000,,a47be7464659f75e69ef6f7165a7b057a0fd433ed180af76723f9bb5e1576a82
C1-3200,S5,3,107,False,False,False,0.9,0000,,a47be7464659f75e69ef6f7165a7b057a0fd433ed180af76723f9bb5e1576a82
C1-3200,S5,3,108,False,False,False,1.3333333333333333,0000,,a47be7464659f75e69ef6f7165a7b057a0fd433ed180af76723f9bb5e1576a82
C1-3200,S5,3,109,False,False,False,0.9,0000,,a47be7464659f75e69ef6f7165a7b057a0fd433ed180af76723f9bb5e1576a82
C1-3200,S5,3,110,False,False,False,3.6666666666666665,0000,,a47be7464659f75e69ef6f7165a7b057a0fd433ed180af76723f9bb5e1576a82
C1-3200,S5,3,111,False,False,False,0.9666666666666667,0000,,a47be7464659f75e69ef6f7165a7b057a0fd433ed180af76723f9bb5e1576a82
C1-3200,S5,3,112,False,False,False,1.0333333333333334,0000,,a47be7464659f75e69ef6f7165a7b057a0fd433ed180af76723f9bb5e1576a82
C1-3200,S5,3,113,False,False,False,1.1666666666666667,0000,,a47be7464659f75e69ef6f7165a7b057a0fd433ed180af76723f9bb5e1576a82
C1-3200,S5,3,114,False,False,False,0.9666666666666667,0000,,a47be7464659f75e69ef6f7165a7b057a0fd433ed180af76723f9bb5e1576a82
C1-3200,S5,3,115,False,False,False,1.1333333333333333,0000,,a47be7464659f75e69ef6f7165a7b057a0fd433ed180af76723f9bb5e1576a82
C1-3200,S5,3,116,False,False,False,1.2333333333333334,1000,,a47be7464659f75e69ef6f7165a7b057a0fd433ed180af76723f9bb5e1576a82
C1-3200,S5,3,117,False,False,False,1.0333333333333334,0000,,a47be7464659f75e69ef6f7165a7b057a0fd433ed180af76723f9bb5e1576a82
C1-3200,S5,3,118,False,False,False,1.1,0000,,a47be7464659f75e69ef6f7165a7b057a0fd433ed180af76723f9bb5e1576a82
C1-3200,S5,3,119,False,False,False,0.8333333333333334,0000,,a47be7464659f75e69ef6f7165a7b057a0fd433ed180af76723f9bb5e1576a82
C1-3200,S5,3,120,False,False,False,1.1,0000,,a47be7464659f75e69ef6f7165a7b057a0fd433ed180af76723f9bb5e1576a82
C1-3200,S5,3,121,False,False,False,2.566666666666667,0000,,a47be7464659f75e69ef6f7165a7b057a0fd433ed180af76723f9bb5e1576a82
C1-3200,S5,3,122,False,False,False,0.8666666666666667,0000,,a47be7464659f75e69ef6f7165a7b057a0fd433ed180af76723f9bb5e1576a82
C1-3200,S5,3,123,False,False,False,1.2,0000,,a47be7464659f75e69ef6f7165a7b057a0fd433ed180af76723f9bb5e1576a82
C1-3200,S5,3,124,False,False,False,1.0333333333333334,0000,,a47be7464659f75e69ef6f7165a7b057a0fd433ed180af76723f9bb5e1576a82
C1-3200,S5,3,125,False,False,False,0.7333333333333333,0000,,a47be7464659f75e69ef6f7165a7b057a0fd433ed180af76723f9bb5e1576a82
C1-3200,S5,3,126,False,False,False,1.1333333333333333,0000,,a47be7464659f75e69ef6f7165a7b057a0fd433ed180af76723f9bb5e1576a82
C1-3200,S5,3,127,False,False,False,1.3333333333333333,0000,,a47be7464659f75e69ef6f7165a7b057a0fd433ed180af76723f9bb5e1576a82
C1-3200,F,0,0,False,False,False,0.7666666666666667,,0,a47be7464659f75e69ef6f7165a7b057a0fd433ed180af76723f9bb5e1576a82
C1-3200,F,0,1,False,False,True,0.7,,0,a47be7464659f75e69ef6f7165a7b057a0fd433ed180af76723f9bb5e1576a82
C1-3200,F,0,2,False,False,False,0.6666666666666666,,0,a47be7464659f75e69ef6f7165a7b057a0fd433ed180af76723f9bb5e1576a82
C1-3200,F,0,3,False,False,False,0.6,,0,a47be7464659f75e69ef6f7165a7b057a0fd433ed180af76723f9bb5e1576a82
C1-3200,F,0,4,False,False,True,0.7333333333333333,,0,a47be7464659f75e69ef6f7165a7b057a0fd433ed180af76723f9bb5e1576a82
C1-3200,F,0,5,False,False,True,0.7,,0,a47be7464659f75e69ef6f7165a7b057a0fd433ed180af76723f9bb5e1576a82
C1-3200,F,0,6,False,False,True,0.6666666666666666,,0,a47be7464659f75e69ef6f7165a7b057a0fd433ed180af76723f9bb5e1576a82
C1-3200,F,0,7,False,False,True,0.8333333333333334,,0,a47be7464659f75e69ef6f7165a7b057a0fd433ed180af76723f9bb5e1576a82
C1-3200,F,0,8,False,False,True,0.7333333333333333,,0,a47be7464659f75e69ef6f7165a7b057a0fd433ed180af76723f9bb5e1576a82
C1-3200,F,0,9,False,False,False,0.7666666666666667,,0,a47be7464659f75e69ef6f7165a7b057a0fd433ed180af76723f9bb5e1576a82
C1-3200,F,0,10,False,False,True,0.7333333333333333,,0,a47be7464659f75e69ef6f7165a7b057a0fd433ed180af76723f9bb5e1576a82
C1-3200,F,0,11,False,False,True,0.7666666666666667,,0,a47be7464659f75e69ef6f7165a7b057a0fd433ed180af76723f9bb5e1576a82
C1-3200,F,0,12,False,False,False,0.8333333333333334,,0,a47be7464659f75e69ef6f7165a7b057a0fd433ed180af76723f9bb5e1576a82
C1-3200,F,0,13,False,False,True,0.7,,0,a47be7464659f75e69ef6f7165a7b057a0fd433ed180af76723f9bb5e1576a82
C1-3200,F,0,14,False,False,False,0.7333333333333333,,0,a47be7464659f75e69ef6f7165a7b057a0fd433ed180af76723f9bb5e1576a82
C1-3200,F,0,15,False,False,True,0.7,,0,a47be7464659f75e69ef6f7165a7b057a0fd433ed180af76723f9bb5e1576a82
C1-3200,F,0,16,False,False,False,0.7666666666666667,,0,a47be7464659f75e69ef6f7165a7b057a0fd433ed180af76723f9bb5e1576a82
C1-3200,F,0,17,False,False,True,0.7,,0,a47be7464659f75e69ef6f7165a7b057a0fd433ed180af76723f9bb5e1576a82
C1-3200,F,0,18,False,False,True,0.7333333333333333,,0,a47be7464659f75e69ef6f7165a7b057a0fd433ed180af76723f9bb5e1576a82
C1-3200,F,0,19,False,False,True,0.7666666666666667,,0,a47be7464659f75e69ef6f7165a7b057a0fd433ed180af76723f9bb5e1576a82
C1-3200,F,0,20,False,False,False,0.6333333333333333,,0,a47be7464659f75e69ef6f7165a7b057a0fd433ed180af76723f9bb5e1576a82
C1-3200,F,0,21,False,False,False,0.8666666666666667,,0,a47be7464659f75e69ef6f7165a7b057a0fd433ed180af76723f9bb5e1576a82
C1-3200,F,0,22,False,False,True,0.7333333333333333,,0,a47be7464659f75e69ef6f7165a7b057a0fd433ed180af76723f9bb5e1576a82
C1-3200,F,0,23,False,False,True,0.7333333333333333,,0,a47be7464659f75e69ef6f7165a7b057a0fd433ed180af76723f9bb5e1576a82
C1-3200,F,0,24,False,False,True,0.8,,0,a47be7464659f75e69ef6f7165a7b057a0fd433ed180af76723f9bb5e1576a82
C1-3200,F,0,25,False,False,False,0.6666666666666666,,0,a47be7464659f75e69ef6f7165a7b057a0fd433ed180af76723f9bb5e1576a82
C1-3200,F,0,26,False,False,True,0.7333333333333333,,0,a47be7464659f75e69ef6f7165a7b057a0fd433ed180af76723f9bb5e1576a82
C1-3200,F,0,27,False,False,False,0.7,,0,a47be7464659f75e69ef6f7165a7b057a0fd433ed180af76723f9bb5e1576a82
C1-3200,F,0,28,False,False,True,0.7333333333333333,,0,a47be7464659f75e69ef6f7165a7b057a0fd433ed180af76723f9bb5e1576a82
C1-3200,F,0,29,False,False,True,0.7,,0,a47be7464659f75e69ef6f7165a7b057a0fd433ed180af76723f9bb5e1576a82
C1-3200,F,0,30,False,False,True,0.8666666666666667,,0,a47be7464659f75e69ef6f7165a7b057a0fd433ed180af76723f9bb5e1576a82
C1-3200,F,0,31,False,False,True,0.7666666666666667,,0,a47be7464659f75e69ef6f7165a7b057a0fd433ed180af76723f9bb5e1576a82
C1-3200,F,0,32,False,False,False,0.5333333333333333,,0,a47be7464659f75e69ef6f7165a7b057a0fd433ed180af76723f9bb5e1576a82
C1-3200,F,0,33,False,False,True,0.6666666666666666,,0,a47be7464659f75e69ef6f7165a7b057a0fd433ed180af76723f9bb5e1576a82
C1-3200,F,0,34,False,False,True,0.7666666666666667,,0,a47be7464659f75e69ef6f7165a7b057a0fd433ed180af76723f9bb5e1576a82
C1-3200,F,0,35,False,False,True,0.7333333333333333,,0,a47be7464659f75e69ef6f7165a7b057a0fd433ed180af76723f9bb5e1576a82
C1-3200,F,0,36,False,False,True,0.6666666666666666,,0,a47be7464659f75e69ef6f7165a7b057a0fd433ed180af76723f9bb5e1576a82
C1-3200,F,0,37,False,False,True,0.7333333333333333,,0,a47be7464659f75e69ef6f7165a7b057a0fd433ed180af76723f9bb5e1576a82
C1-3200,F,0,38,False,False,True,0.7666666666666667,,0,a47be7464659f75e69ef6f7165a7b057a0fd433ed180af76723f9bb5e1576a82
C1-3200,F,0,39,False,False,True,0.8666666666666667,,0,a47be7464659f75e69ef6f7165a7b057a0fd433ed180af76723f9bb5e1576a82
C1-3200,F,0,40,False,False,False,0.7666666666666667,,0,a47be7464659f75e69ef6f7165a7b057a0fd433ed180af76723f9bb5e1576a82
C1-3200,F,0,41,False,False,True,0.8,,0,a47be7464659f75e69ef6f7165a7b057a0fd433ed180af76723f9bb5e1576a82
C1-3200,F,0,42,False,False,False,0.7666666666666667,,0,a47be7464659f75e69ef6f7165a7b057a0fd433ed180af76723f9bb5e1576a82
C1-3200,F,0,43,False,False,False,0.8,,0,a47be7464659f75e69ef6f7165a7b057a0fd433ed180af76723f9bb5e1576a82
C1-3200,F,0,44,False,False,True,0.8,,0,a47be7464659f75e69ef6f7165a7b057a0fd433ed180af76723f9bb5e1576a82
C1-3200,F,0,45,False,False,True,0.7,,0,a47be7464659f75e69ef6f7165a7b057a0fd433ed180af76723f9bb5e1576a82
C1-3200,F,0,46,False,False,True,0.7666666666666667,,0,a47be7464659f75e69ef6f7165a7b057a0fd433ed180af76723f9bb5e1576a82
C1-3200,F,0,47,False,False,False,0.7666666666666667,,0,a47be7464659f75e69ef6f7165a7b057a0fd433ed180af76723f9bb5e1576a82
C1-3200,F,0,48,False,False,True,0.7333333333333333,,0,a47be7464659f75e69ef6f7165a7b057a0fd433ed180af76723f9bb5e1576a82
C1-3200,F,0,49,False,False,False,0.7,,0,a47be7464659f75e69ef6f7165a7b057a0fd433ed180af76723f9bb5e1576a82
C1-3200,F,0,50,False,False,True,0.7666666666666667,,0,a47be7464659f75e69ef6f7165a7b057a0fd433ed180af76723f9bb5e1576a82
C1-3200,F,0,51,False,False,False,0.7,,0,a47be7464659f75e69ef6f7165a7b057a0fd433ed180af76723f9bb5e1576a82
C1-3200,F,0,52,False,False,True,0.7,,0,a47be7464659f75e69ef6f7165a7b057a0fd433ed180af76723f9bb5e1576a82
C1-3200,F,0,53,False,False,True,0.7333333333333333,,0,a47be7464659f75e69ef6f7165a7b057a0fd433ed180af76723f9bb5e1576a82
C1-3200,F,0,54,False,False,False,0.7666666666666667,,0,a47be7464659f75e69ef6f7165a7b057a0fd433ed180af76723f9bb5e1576a82
C1-3200,F,0,55,False,False,True,0.7666666666666667,,0,a47be7464659f75e69ef6f7165a7b057a0fd433ed180af76723f9bb5e1576a82
C1-3200,F,0,56,False,False,True,0.6333333333333333,,0,a47be7464659f75e69ef6f7165a7b057a0fd433ed180af76723f9bb5e1576a82
C1-3200,F,0,57,False,False,True,0.7666666666666667,,0,a47be7464659f75e69ef6f7165a7b057a0fd433ed180af76723f9bb5e1576a82
C1-3200,F,0,58,False,False,False,0.6666666666666666,,0,a47be7464659f75e69ef6f7165a7b057a0fd433ed180af76723f9bb5e1576a82
C1-3200,F,0,59,False,False,False,0.8,,0,a47be7464659f75e69ef6f7165a7b057a0fd433ed180af76723f9bb5e1576a82
C1-3200,F,0,60,False,False,True,0.7333333333333333,,0,a47be7464659f75e69ef6f7165a7b057a0fd433ed180af76723f9bb5e1576a82
C1-3200,F,0,61,False,False,False,0.7,,0,a47be7464659f75e69ef6f7165a7b057a0fd433ed180af76723f9bb5e1576a82
C1-3200,F,0,62,False,False,False,0.6666666666666666,,0,a47be7464659f75e69ef6f7165a7b057a0fd433ed180af76723f9bb5e1576a82
C1-3200,F,0,63,False,False,False,0.7666666666666667,,0,a47be7464659f75e69ef6f7165a7b057a0fd433ed180af76723f9bb5e1576a82
C1-3200,F,0,64,False,False,False,0.7,,0,a47be7464659f75e69ef6f7165a7b057a0fd433ed180af76723f9bb5e1576a82
C1-3200,F,0,65,False,False,False,0.7,,0,a47be7464659f75e69ef6f7165a7b057a0fd433ed180af76723f9bb5e1576a82
C1-3200,F,0,66,False,False,False,0.8666666666666667,,0,a47be7464659f75e69ef6f7165a7b057a0fd433ed180af76723f9bb5e1576a82
C1-3200,F,0,67,False,False,False,0.7333333333333333,,0,a47be7464659f75e69ef6f7165a7b057a0fd433ed180af76723f9bb5e1576a82
C1-3200,F,0,68,False,False,False,0.7666666666666667,,0,a47be7464659f75e69ef6f7165a7b057a0fd433ed180af76723f9bb5e1576a82
C1-3200,F,0,69,False,False,True,0.7,,0,a47be7464659f75e69ef6f7165a7b057a0fd433ed180af76723f9bb5e1576a82
C1-3200,F,0,70,False,False,True,0.7666666666666667,,0,a47be7464659f75e69ef6f7165a7b057a0fd433ed180af76723f9bb5e1576a82
C1-3200,F,0,71,False,False,False,0.7666666666666667,,0,a47be7464659f75e69ef6f7165a7b057a0fd433ed180af76723f9bb5e1576a82
C1-3200,F,0,72,False,False,False,0.8,,0,a47be7464659f75e69ef6f7165a7b057a0fd433ed180af76723f9bb5e1576a82
C1-3200,F,0,73,False,False,True,0.7333333333333333,,0,a47be7464659f75e69ef6f7165a7b057a0fd433ed180af76723f9bb5e1576a82
C1-3200,F,0,74,False,False,True,0.8,,0,a47be7464659f75e69ef6f7165a7b057a0fd433ed180af76723f9bb5e1576a82
C1-3200,F,0,75,False,False,True,1.0,,0,a47be7464659f75e69ef6f7165a7b057a0fd433ed180af76723f9bb5e1576a82
C1-3200,F,0,76,False,False,False,0.5666666666666667,,0,a47be7464659f75e69ef6f7165a7b057a0fd433ed180af76723f9bb5e1576a82
C1-3200,F,0,77,False,False,True,0.7333333333333333,,0,a47be7464659f75e69ef6f7165a7b057a0fd433ed180af76723f9bb5e1576a82
C1-3200,F,0,78,False,False,True,0.7666666666666667,,0,a47be7464659f75e69ef6f7165a7b057a0fd433ed180af76723f9bb5e1576a82
C1-3200,F,0,79,False,False,True,0.7333333333333333,,0,a47be7464659f75e69ef6f7165a7b057a0fd433ed180af76723f9bb5e1576a82
C1-3200,F,0,80,False,False,True,0.7,,0,a47be7464659f75e69ef6f7165a7b057a0fd433ed180af76723f9bb5e1576a82
C1-3200,F,0,81,False,False,False,0.7,,0,a47be7464659f75e69ef6f7165a7b057a0fd433ed180af76723f9bb5e1576a82
C1-3200,F,0,82,False,False,True,0.6,,0,a47be7464659f75e69ef6f7165a7b057a0fd433ed180af76723f9bb5e1576a82
C1-3200,F,0,83,False,False,True,0.7333333333333333,,0,a47be7464659f75e69ef6f7165a7b057a0fd433ed180af76723f9bb5e1576a82
C1-3200,F,0,84,False,False,True,0.6,,0,a47be7464659f75e69ef6f7165a7b057a0fd433ed180af76723f9bb5e1576a82
C1-3200,F,0,85,False,False,True,0.7666666666666667,,0,a47be7464659f75e69ef6f7165a7b057a0fd433ed180af76723f9bb5e1576a82
C1-3200,F,0,86,False,False,False,0.7666666666666667,,0,a47be7464659f75e69ef6f7165a7b057a0fd433ed180af76723f9bb5e1576a82
C1-3200,F,0,87,False,False,True,0.8,,0,a47be7464659f75e69ef6f7165a7b057a0fd433ed180af76723f9bb5e1576a82
C1-3200,F,0,88,False,False,True,0.5666666666666667,,0,a47be7464659f75e69ef6f7165a7b057a0fd433ed180af76723f9bb5e1576a82
C1-3200,F,0,89,False,False,False,0.9,,0,a47be7464659f75e69ef6f7165a7b057a0fd433ed180af76723f9bb5e1576a82
C1-3200,F,0,90,False,False,True,0.7,,0,a47be7464659f75e69ef6f7165a7b057a0fd433ed180af76723f9bb5e1576a82
C1-3200,F,0,91,False,False,True,0.9,,0,a47be7464659f75e69ef6f7165a7b057a0fd433ed180af76723f9bb5e1576a82
C1-3200,F,0,92,False,False,True,0.7333333333333333,,0,a47be7464659f75e69ef6f7165a7b057a0fd433ed180af76723f9bb5e1576a82
C1-3200,F,0,93,False,False,False,0.7,,0,a47be7464659f75e69ef6f7165a7b057a0fd433ed180af76723f9bb5e1576a82
C1-3200,F,0,94,False,False,False,0.7333333333333333,,0,a47be7464659f75e69ef6f7165a7b057a0fd433ed180af76723f9bb5e1576a82
C1-3200,F,0,95,False,False,False,0.7,,0,a47be7464659f75e69ef6f7165a7b057a0fd433ed180af76723f9bb5e1576a82
C1-3200,F,0,96,False,False,True,0.6666666666666666,,0,a47be7464659f75e69ef6f7165a7b057a0fd433ed180af76723f9bb5e1576a82
C1-3200,F,0,97,False,False,True,1.0333333333333334,,0,a47be7464659f75e69ef6f7165a7b057a0fd433ed180af76723f9bb5e1576a82
C1-3200,F,0,98,False,False,True,0.7666666666666667,,0,a47be7464659f75e69ef6f7165a7b057a0fd433ed180af76723f9bb5e1576a82
C1-3200,F,0,99,False,False,True,0.7,,0,a47be7464659f75e69ef6f7165a7b057a0fd433ed180af76723f9bb5e1576a82
C1-3200,F,0,100,False,False,False,0.7666666666666667,,0,a47be7464659f75e69ef6f7165a7b057a0fd433ed180af76723f9bb5e1576a82
C1-3200,F,0,101,False,False,True,0.7,,0,a47be7464659f75e69ef6f7165a7b057a0fd433ed180af76723f9bb5e1576a82
C1-3200,F,0,102,False,False,True,0.7333333333333333,,0,a47be7464659f75e69ef6f7165a7b057a0fd433ed180af76723f9bb5e1576a82
C1-3200,F,0,103,False,False,True,0.6333333333333333,,0,a47be7464659f75e69ef6f7165a7b057a0fd433ed180af76723f9bb5e1576a82
C1-3200,F,0,104,False,False,True,0.7333333333333333,,0,a47be7464659f75e69ef6f7165a7b057a0fd433ed180af76723f9bb5e1576a82
C1-3200,F,0,105,False,False,True,0.7333333333333333,,0,a47be7464659f75e69ef6f7165a7b057a0fd433ed180af76723f9bb5e1576a82
C1-3200,F,0,106,False,False,True,0.7,,0,a47be7464659f75e69ef6f7165a7b057a0fd433ed180af76723f9bb5e1576a82
C1-3200,F,0,107,False,False,True,0.7333333333333333,,0,a47be7464659f75e69ef6f7165a7b057a0fd433ed180af76723f9bb5e1576a82
C1-3200,F,0,108,False,False,True,0.7333333333333333,,0,a47be7464659f75e69ef6f7165a7b057a0fd433ed180af76723f9bb5e1576a82
C1-3200,F,0,109,False,False,True,0.7333333333333333,,0,a47be7464659f75e69ef6f7165a7b057a0fd433ed180af76723f9bb5e1576a82
C1-3200,F,0,110,False,False,False,0.7,,0,a47be7464659f75e69ef6f7165a7b057a0fd433ed180af76723f9bb5e1576a82
C1-3200,F,0,111,False,False,False,0.8666666666666667,,0,a47be7464659f75e69ef6f7165a7b057a0fd433ed180af76723f9bb5e1576a82
C1-3200,F,0,112,False,False,False,0.7,,0,a47be7464659f75e69ef6f7165a7b057a0fd433ed180af76723f9bb5e1576a82
C1-3200,F,0,113,False,False,True,0.7666666666666667,,0,a47be7464659f75e69ef6f7165a7b057a0fd433ed180af76723f9bb5e1576a82
C1-3200,F,0,114,False,False,True,0.6666666666666666,,0,a47be7464659f75e69ef6f7165a7b057a0fd433ed180af76723f9bb5e1576a82
C1-3200,F,0,115,False,False,True,0.7666666666666667,,0,a47be7464659f75e69ef6f7165a7b057a0fd433ed180af76723f9bb5e1576a82
C1-3200,F,0,116,False,False,True,0.7,,0,a47be7464659f75e69ef6f7165a7b057a0fd433ed180af76723f9bb5e1576a82
C1-3200,F,0,117,False,False,False,0.7,,0,a47be7464659f75e69ef6f7165a7b057a0fd433ed180af76723f9bb5e1576a82
C1-3200,F,0,118,False,False,False,0.8,,0,a47be7464659f75e69ef6f7165a7b057a0fd433ed180af76723f9bb5e1576a82
C1-3200,F,0,119,False,False,True,0.7333333333333333,,0,a47be7464659f75e69ef6f7165a7b057a0fd433ed180af76723f9bb5e1576a82
C1-3200,F,0,120,False,False,True,0.7666666666666667,,0,a47be7464659f75e69ef6f7165a7b057a0fd433ed180af76723f9bb5e1576a82
C1-3200,F,0,121,False,False,True,0.8,,0,a47be7464659f75e69ef6f7165a7b057a0fd433ed180af76723f9bb5e1576a82
C1-3200,F,0,122,False,False,True,0.6333333333333333,,0,a47be7464659f75e69ef6f7165a7b057a0fd433ed180af76723f9bb5e1576a82
C1-3200,F,0,123,False,False,True,0.7,,0,a47be7464659f75e69ef6f7165a7b057a0fd433ed180af76723f9bb5e1576a82
C1-3200,F,0,124,False,False,True,0.8333333333333334,,0,a47be7464659f75e69ef6f7165a7b057a0fd433ed180af76723f9bb5e1576a82
C1-3200,F,0,125,False,False,True,0.7333333333333333,,0,a47be7464659f75e69ef6f7165a7b057a0fd433ed180af76723f9bb5e1576a82
C1-3200,F,0,126,False,False,True,0.8333333333333334,,0,a47be7464659f75e69ef6f7165a7b057a0fd433ed180af76723f9bb5e1576a82
C1-3200,F,0,127,False,False,True,0.5333333333333333,,0,a47be7464659f75e69ef6f7165a7b057a0fd433ed180af76723f9bb5e1576a82
C1-3200,F,1,0,False,False,True,2.0,,0,a47be7464659f75e69ef6f7165a7b057a0fd433ed180af76723f9bb5e1576a82
C1-3200,F,1,1,False,False,True,0.9,,0,a47be7464659f75e69ef6f7165a7b057a0fd433ed180af76723f9bb5e1576a82
C1-3200,F,1,2,False,False,True,4.066666666666666,,0,a47be7464659f75e69ef6f7165a7b057a0fd433ed180af76723f9bb5e1576a82
C1-3200,F,1,3,False,False,False,1.8333333333333333,,0,a47be7464659f75e69ef6f7165a7b057a0fd433ed180af76723f9bb5e1576a82
C1-3200,F,1,4,False,False,True,3.8,,0,a47be7464659f75e69ef6f7165a7b057a0fd433ed180af76723f9bb5e1576a82
C1-3200,F,1,5,False,False,False,3.1666666666666665,,0,a47be7464659f75e69ef6f7165a7b057a0fd433ed180af76723f9bb5e1576a82
C1-3200,F,1,6,False,False,True,2.8666666666666667,,0,a47be7464659f75e69ef6f7165a7b057a0fd433ed180af76723f9bb5e1576a82
C1-3200,F,1,7,False,False,True,0.9666666666666667,,0,a47be7464659f75e69ef6f7165a7b057a0fd433ed180af76723f9bb5e1576a82
C1-3200,F,1,8,False,False,True,3.3333333333333335,,0,a47be7464659f75e69ef6f7165a7b057a0fd433ed180af76723f9bb5e1576a82
C1-3200,F,1,9,False,False,True,3.966666666666667,,0,a47be7464659f75e69ef6f7165a7b057a0fd433ed180af76723f9bb5e1576a82
C1-3200,F,1,10,False,False,False,3.3,,0,a47be7464659f75e69ef6f7165a7b057a0fd433ed180af76723f9bb5e1576a82
C1-3200,F,1,11,False,False,True,3.8,,0,a47be7464659f75e69ef6f7165a7b057a0fd433ed180af76723f9bb5e1576a82
C1-3200,F,1,12,False,False,True,2.8,,0,a47be7464659f75e69ef6f7165a7b057a0fd433ed180af76723f9bb5e1576a82
C1-3200,F,1,13,False,False,True,3.1,,0,a47be7464659f75e69ef6f7165a7b057a0fd433ed180af76723f9bb5e1576a82
C1-3200,F,1,14,False,False,False,3.466666666666667,,0,a47be7464659f75e69ef6f7165a7b057a0fd433ed180af76723f9bb5e1576a82
C1-3200,F,1,15,False,False,True,2.933333333333333,,0,a47be7464659f75e69ef6f7165a7b057a0fd433ed180af76723f9bb5e1576a82
C1-3200,F,1,16,False,False,False,2.433333333333333,,0,a47be7464659f75e69ef6f7165a7b057a0fd433ed180af76723f9bb5e1576a82
C1-3200,F,1,17,False,False,True,2.6333333333333333,,0,a47be7464659f75e69ef6f7165a7b057a0fd433ed180af76723f9bb5e1576a82
C1-3200,F,1,18,False,False,True,1.6333333333333333,,0,a47be7464659f75e69ef6f7165a7b057a0fd433ed180af76723f9bb5e1576a82
C1-3200,F,1,19,False,False,True,1.2333333333333334,,0,a47be7464659f75e69ef6f7165a7b057a0fd433ed180af76723f9bb5e1576a82
C1-3200,F,1,20,False,False,True,3.3333333333333335,,0,a47be7464659f75e69ef6f7165a7b057a0fd433ed180af76723f9bb5e1576a82
C1-3200,F,1,21,False,False,True,0.8666666666666667,,0,a47be7464659f75e69ef6f7165a7b057a0fd433ed180af76723f9bb5e1576a82
C1-3200,F,1,22,False,False,True,3.7333333333333334,,0,a47be7464659f75e69ef6f7165a7b057a0fd433ed180af76723f9bb5e1576a82
C1-3200,F,1,23,False,False,True,2.4,,0,a47be7464659f75e69ef6f7165a7b057a0fd433ed180af76723f9bb5e1576a82
C1-3200,F,1,24,False,False,True,3.7,,0,a47be7464659f75e69ef6f7165a7b057a0fd433ed180af76723f9bb5e1576a82
C1-3200,F,1,25,False,False,False,3.533333333333333,,0,a47be7464659f75e69ef6f7165a7b057a0fd433ed180af76723f9bb5e1576a82
C1-3200,F,1,26,False,False,True,2.3333333333333335,,0,a47be7464659f75e69ef6f7165a7b057a0fd433ed180af76723f9bb5e1576a82
C1-3200,F,1,27,False,False,True,3.3666666666666667,,0,a47be7464659f75e69ef6f7165a7b057a0fd433ed180af76723f9bb5e1576a82
C1-3200,F,1,28,False,False,False,0.7,,0,a47be7464659f75e69ef6f7165a7b057a0fd433ed180af76723f9bb5e1576a82
C1-3200,F,1,29,False,False,True,3.033333333333333,,0,a47be7464659f75e69ef6f7165a7b057a0fd433ed180af76723f9bb5e1576a82
C1-3200,F,1,30,False,False,True,3.1666666666666665,,0,a47be7464659f75e69ef6f7165a7b057a0fd433ed180af76723f9bb5e1576a82
C1-3200,F,1,31,False,False,True,0.4,,0,a47be7464659f75e69ef6f7165a7b057a0fd433ed180af76723f9bb5e1576a82
C1-3200,F,1,32,False,False,True,1.0333333333333334,,0,a47be7464659f75e69ef6f7165a7b057a0fd433ed180af76723f9bb5e1576a82
C1-3200,F,1,33,True,False,True,5.566666666666666,,1,a47be7464659f75e69ef6f7165a7b057a0fd433ed180af76723f9bb5e1576a82
C1-3200,F,1,34,False,False,True,2.7,,0,a47be7464659f75e69ef6f7165a7b057a0fd433ed180af76723f9bb5e1576a82
C1-3200,F,1,35,False,False,True,3.1,,0,a47be7464659f75e69ef6f7165a7b057a0fd433ed180af76723f9bb5e1576a82
C1-3200,F,1,36,False,False,False,3.1,,0,a47be7464659f75e69ef6f7165a7b057a0fd433ed180af76723f9bb5e1576a82
C1-3200,F,1,37,False,False,True,0.9333333333333333,,0,a47be7464659f75e69ef6f7165a7b057a0fd433ed180af76723f9bb5e1576a82
C1-3200,F,1,38,False,False,True,3.2333333333333334,,0,a47be7464659f75e69ef6f7165a7b057a0fd433ed180af76723f9bb5e1576a82
C1-3200,F,1,39,False,False,True,3.7,,0,a47be7464659f75e69ef6f7165a7b057a0fd433ed180af76723f9bb5e1576a82
C1-3200,F,1,40,False,False,True,1.1333333333333333,,0,a47be7464659f75e69ef6f7165a7b057a0fd433ed180af76723f9bb5e1576a82
C1-3200,F,1,41,False,False,True,2.6666666666666665,,0,a47be7464659f75e69ef6f7165a7b057a0fd433ed180af76723f9bb5e1576a82
C1-3200,F,1,42,False,False,True,1.3,,0,a47be7464659f75e69ef6f7165a7b057a0fd433ed180af76723f9bb5e1576a82
C1-3200,F,1,43,False,False,False,3.8333333333333335,,0,a47be7464659f75e69ef6f7165a7b057a0fd433ed180af76723f9bb5e1576a82
C1-3200,F,1,44,False,False,True,1.0333333333333334,,0,a47be7464659f75e69ef6f7165a7b057a0fd433ed180af76723f9bb5e1576a82
C1-3200,F,1,45,False,False,True,0.9,,0,a47be7464659f75e69ef6f7165a7b057a0fd433ed180af76723f9bb5e1576a82
C1-3200,F,1,46,False,False,True,2.5,,0,a47be7464659f75e69ef6f7165a7b057a0fd433ed180af76723f9bb5e1576a82
C1-3200,F,1,47,False,False,True,5.233333333333333,,0,a47be7464659f75e69ef6f7165a7b057a0fd433ed180af76723f9bb5e1576a82
C1-3200,F,1,48,False,False,False,0.9666666666666667,,0,a47be7464659f75e69ef6f7165a7b057a0fd433ed180af76723f9bb5e1576a82
C1-3200,F,1,49,False,False,True,3.7333333333333334,,0,a47be7464659f75e69ef6f7165a7b057a0fd433ed180af76723f9bb5e1576a82
C1-3200,F,1,50,False,False,True,4.533333333333333,,0,a47be7464659f75e69ef6f7165a7b057a0fd433ed180af76723f9bb5e1576a82
C1-3200,F,1,51,False,False,True,3.1333333333333333,,0,a47be7464659f75e69ef6f7165a7b057a0fd433ed180af76723f9bb5e1576a82
C1-3200,F,1,52,False,False,True,1.0,,0,a47be7464659f75e69ef6f7165a7b057a0fd433ed180af76723f9bb5e1576a82
C1-3200,F,1,53,False,False,True,1.5333333333333334,,0,a47be7464659f75e69ef6f7165a7b057a0fd433ed180af76723f9bb5e1576a82
C1-3200,F,1,54,False,False,True,2.6,,0,a47be7464659f75e69ef6f7165a7b057a0fd433ed180af76723f9bb5e1576a82
C1-3200,F,1,55,False,False,True,2.433333333333333,,0,a47be7464659f75e69ef6f7165a7b057a0fd433ed180af76723f9bb5e1576a82
C1-3200,F,1,56,False,False,True,0.9333333333333333,,0,a47be7464659f75e69ef6f7165a7b057a0fd433ed180af76723f9bb5e1576a82
C1-3200,F,1,57,False,False,True,0.7,,0,a47be7464659f75e69ef6f7165a7b057a0fd433ed180af76723f9bb5e1576a82
C1-3200,F,1,58,False,False,False,2.466666666666667,,0,a47be7464659f75e69ef6f7165a7b057a0fd433ed180af76723f9bb5e1576a82
C1-3200,F,1,59,False,False,True,3.533333333333333,,0,a47be7464659f75e69ef6f7165a7b057a0fd433ed180af76723f9bb5e1576a82
C1-3200,F,1,60,False,False,True,3.433333333333333,,0,a47be7464659f75e69ef6f7165a7b057a0fd433ed180af76723f9bb5e1576a82
C1-3200,F,1,61,False,False,True,3.2666666666666666,,0,a47be7464659f75e69ef6f7165a7b057a0fd433ed180af76723f9bb5e1576a82
C1-3200,F,1,62,False,False,True,3.9,,0,a47be7464659f75e69ef6f7165a7b057a0fd433ed180af76723f9bb5e1576a82
C1-3200,F,1,63,False,False,True,0.9666666666666667,,0,a47be7464659f75e69ef6f7165a7b057a0fd433ed180af76723f9bb5e1576a82
C1-3200,F,1,64,False,False,True,3.533333333333333,,0,a47be7464659f75e69ef6f7165a7b057a0fd433ed180af76723f9bb5e1576a82
C1-3200,F,1,65,False,False,True,1.3,,0,a47be7464659f75e69ef6f7165a7b057a0fd433ed180af76723f9bb5e1576a82
C1-3200,F,1,66,False,False,True,3.6,,0,a47be7464659f75e69ef6f7165a7b057a0fd433ed180af76723f9bb5e1576a82
C1-3200,F,1,67,False,False,True,3.6666666666666665,,0,a47be7464659f75e69ef6f7165a7b057a0fd433ed180af76723f9bb5e1576a82
C1-3200,F,1,68,False,False,True,1.1333333333333333,,0,a47be7464659f75e69ef6f7165a7b057a0fd433ed180af76723f9bb5e1576a82
C1-3200,F,1,69,False,False,False,0.7,,0,a47be7464659f75e69ef6f7165a7b057a0fd433ed180af76723f9bb5e1576a82
C1-3200,F,1,70,False,False,True,3.2,,0,a47be7464659f75e69ef6f7165a7b057a0fd433ed180af76723f9bb5e1576a82
C1-3200,F,1,71,True,False,True,0.8666666666666667,,1,a47be7464659f75e69ef6f7165a7b057a0fd433ed180af76723f9bb5e1576a82
C1-3200,F,1,72,False,False,True,1.3333333333333333,,0,a47be7464659f75e69ef6f7165a7b057a0fd433ed180af76723f9bb5e1576a82
C1-3200,F,1,73,False,False,True,4.166666666666667,,0,a47be7464659f75e69ef6f7165a7b057a0fd433ed180af76723f9bb5e1576a82
C1-3200,F,1,74,False,False,True,2.9,,0,a47be7464659f75e69ef6f7165a7b057a0fd433ed180af76723f9bb5e1576a82
C1-3200,F,1,75,False,False,True,0.36666666666666664,,0,a47be7464659f75e69ef6f7165a7b057a0fd433ed180af76723f9bb5e1576a82
C1-3200,F,1,76,False,False,True,3.433333333333333,,0,a47be7464659f75e69ef6f7165a7b057a0fd433ed180af76723f9bb5e1576a82
C1-3200,F,1,77,False,False,False,3.6,,0,a47be7464659f75e69ef6f7165a7b057a0fd433ed180af76723f9bb5e1576a82
C1-3200,F,1,78,False,False,True,3.533333333333333,,0,a47be7464659f75e69ef6f7165a7b057a0fd433ed180af76723f9bb5e1576a82
C1-3200,F,1,79,False,False,True,3.6666666666666665,,0,a47be7464659f75e69ef6f7165a7b057a0fd433ed180af76723f9bb5e1576a82
C1-3200,F,1,80,False,False,False,3.2,,0,a47be7464659f75e69ef6f7165a7b057a0fd433ed180af76723f9bb5e1576a82
C1-3200,F,1,81,False,False,True,0.7,,0,a47be7464659f75e69ef6f7165a7b057a0fd433ed180af76723f9bb5e1576a82
C1-3200,F,1,82,False,False,True,3.1,,0,a47be7464659f75e69ef6f7165a7b057a0fd433ed180af76723f9bb5e1576a82
C1-3200,F,1,83,False,False,True,2.533333333333333,,0,a47be7464659f75e69ef6f7165a7b057a0fd433ed180af76723f9bb5e1576a82
C1-3200,F,1,84,False,False,True,3.0,,0,a47be7464659f75e69ef6f7165a7b057a0fd433ed180af76723f9bb5e1576a82
C1-3200,F,1,85,False,False,False,1.4,,0,a47be7464659f75e69ef6f7165a7b057a0fd433ed180af76723f9bb5e1576a82
C1-3200,F,1,86,False,False,False,3.433333333333333,,0,a47be7464659f75e69ef6f7165a7b057a0fd433ed180af76723f9bb5e1576a82
C1-3200,F,1,87,False,False,True,3.033333333333333,,0,a47be7464659f75e69ef6f7165a7b057a0fd433ed180af76723f9bb5e1576a82
C1-3200,F,1,88,False,False,True,0.8333333333333334,,0,a47be7464659f75e69ef6f7165a7b057a0fd433ed180af76723f9bb5e1576a82
C1-3200,F,1,89,True,False,False,3.1333333333333333,,1,a47be7464659f75e69ef6f7165a7b057a0fd433ed180af76723f9bb5e1576a82
C1-3200,F,1,90,False,False,True,2.8333333333333335,,0,a47be7464659f75e69ef6f7165a7b057a0fd433ed180af76723f9bb5e1576a82
C1-3200,F,1,91,False,False,True,2.6666666666666665,,0,a47be7464659f75e69ef6f7165a7b057a0fd433ed180af76723f9bb5e1576a82
C1-3200,F,1,92,False,False,True,3.933333333333333,,0,a47be7464659f75e69ef6f7165a7b057a0fd433ed180af76723f9bb5e1576a82
C1-3200,F,1,93,False,False,False,3.033333333333333,,0,a47be7464659f75e69ef6f7165a7b057a0fd433ed180af76723f9bb5e1576a82
C1-3200,F,1,94,False,False,False,3.8666666666666667,,0,a47be7464659f75e69ef6f7165a7b057a0fd433ed180af76723f9bb5e1576a82
C1-3200,F,1,95,False,False,False,1.1333333333333333,,0,a47be7464659f75e69ef6f7165a7b057a0fd433ed180af76723f9bb5e1576a82
C1-3200,F,1,96,False,False,True,3.2,,0,a47be7464659f75e69ef6f7165a7b057a0fd433ed180af76723f9bb5e1576a82
C1-3200,F,1,97,False,False,False,0.4,,0,a47be7464659f75e69ef6f7165a7b057a0fd433ed180af76723f9bb5e1576a82
C1-3200,F,1,98,False,False,True,2.6,,0,a47be7464659f75e69ef6f7165a7b057a0fd433ed180af76723f9bb5e1576a82
C1-3200,F,1,99,False,False,True,2.7,,0,a47be7464659f75e69ef6f7165a7b057a0fd433ed180af76723f9bb5e1576a82
C1-3200,F,1,100,False,False,True,4.233333333333333,,0,a47be7464659f75e69ef6f7165a7b057a0fd433ed180af76723f9bb5e1576a82
C1-3200,F,1,101,False,False,True,3.2,,0,a47be7464659f75e69ef6f7165a7b057a0fd433ed180af76723f9bb5e1576a82
C1-3200,F,1,102,False,False,False,1.0666666666666667,,0,a47be7464659f75e69ef6f7165a7b057a0fd433ed180af76723f9bb5e1576a82
C1-3200,F,1,103,False,False,True,1.1666666666666667,,0,a47be7464659f75e69ef6f7165a7b057a0fd433ed180af76723f9bb5e1576a82
C1-3200,F,1,104,False,False,True,2.1333333333333333,,0,a47be7464659f75e69ef6f7165a7b057a0fd433ed180af76723f9bb5e1576a82
C1-3200,F,1,105,False,False,True,0.9333333333333333,,0,a47be7464659f75e69ef6f7165a7b057a0fd433ed180af76723f9bb5e1576a82
C1-3200,F,1,106,False,False,True,3.066666666666667,,0,a47be7464659f75e69ef6f7165a7b057a0fd433ed180af76723f9bb5e1576a82
C1-3200,F,1,107,False,False,True,3.8,,0,a47be7464659f75e69ef6f7165a7b057a0fd433ed180af76723f9bb5e1576a82
C1-3200,F,1,108,False,False,True,3.4,,0,a47be7464659f75e69ef6f7165a7b057a0fd433ed180af76723f9bb5e1576a82
C1-3200,F,1,109,False,False,True,3.433333333333333,,0,a47be7464659f75e69ef6f7165a7b057a0fd433ed180af76723f9bb5e1576a82
C1-3200,F,1,110,False,False,True,0.9666666666666667,,0,a47be7464659f75e69ef6f7165a7b057a0fd433ed180af76723f9bb5e1576a82
C1-3200,F,1,111,False,False,True,2.7,,0,a47be7464659f75e69ef6f7165a7b057a0fd433ed180af76723f9bb5e1576a82
C1-3200,F,1,112,False,False,True,3.4,,0,a47be7464659f75e69ef6f7165a7b057a0fd433ed180af76723f9bb5e1576a82
C1-3200,F,1,113,False,False,True,3.933333333333333,,0,a47be7464659f75e69ef6f7165a7b057a0fd433ed180af76723f9bb5e1576a82
C1-3200,F,1,114,False,False,True,2.7333333333333334,,0,a47be7464659f75e69ef6f7165a7b057a0fd433ed180af76723f9bb5e1576a82
C1-3200,F,1,115,False,False,True,1.5666666666666667,,0,a47be7464659f75e69ef6f7165a7b057a0fd433ed180af76723f9bb5e1576a82
C1-3200,F,1,116,True,False,True,3.6666666666666665,,1,a47be7464659f75e69ef6f7165a7b057a0fd433ed180af76723f9bb5e1576a82
C1-3200,F,1,117,False,False,True,1.0,,0,a47be7464659f75e69ef6f7165a7b057a0fd433ed180af76723f9bb5e1576a82
C1-3200,F,1,118,False,False,True,0.8666666666666667,,0,a47be7464659f75e69ef6f7165a7b057a0fd433ed180af76723f9bb5e1576a82
C1-3200,F,1,119,False,False,True,0.8666666666666667,,0,a47be7464659f75e69ef6f7165a7b057a0fd433ed180af76723f9bb5e1576a82
C1-3200,F,1,120,False,False,True,3.3333333333333335,,0,a47be7464659f75e69ef6f7165a7b057a0fd433ed180af76723f9bb5e1576a82
C1-3200,F,1,121,False,False,True,3.7333333333333334,,0,a47be7464659f75e69ef6f7165a7b057a0fd433ed180af76723f9bb5e1576a82
C1-3200,F,1,122,False,False,False,2.933333333333333,,0,a47be7464659f75e69ef6f7165a7b057a0fd433ed180af76723f9bb5e1576a82
C1-3200,F,1,123,False,False,False,3.033333333333333,,0,a47be7464659f75e69ef6f7165a7b057a0fd433ed180af76723f9bb5e1576a82
C1-3200,F,1,124,False,False,True,1.0666666666666667,,0,a47be7464659f75e69ef6f7165a7b057a0fd433ed180af76723f9bb5e1576a82
C1-3200,F,1,125,False,False,True,1.1333333333333333,,0,a47be7464659f75e69ef6f7165a7b057a0fd433ed180af76723f9bb5e1576a82
C1-3200,F,1,126,False,False,True,3.066666666666667,,0,a47be7464659f75e69ef6f7165a7b057a0fd433ed180af76723f9bb5e1576a82
C1-3200,F,1,127,False,False,True,3.7,,0,a47be7464659f75e69ef6f7165a7b057a0fd433ed180af76723f9bb5e1576a82
C1-3200,F,2,0,False,False,False,1.7333333333333334,,0,a47be7464659f75e69ef6f7165a7b057a0fd433ed180af76723f9bb5e1576a82
C1-3200,F,2,1,False,False,False,1.6666666666666667,,0,a47be7464659f75e69ef6f7165a7b057a0fd433ed180af76723f9bb5e1576a82
C1-3200,F,2,2,False,False,False,1.6333333333333333,,0,a47be7464659f75e69ef6f7165a7b057a0fd433ed180af76723f9bb5e1576a82
C1-3200,F,2,3,False,False,False,1.7333333333333334,,0,a47be7464659f75e69ef6f7165a7b057a0fd433ed180af76723f9bb5e1576a82
C1-3200,F,2,4,False,False,False,1.6333333333333333,,0,a47be7464659f75e69ef6f7165a7b057a0fd433ed180af76723f9bb5e1576a82
C1-3200,F,2,5,False,False,False,1.9,,0,a47be7464659f75e69ef6f7165a7b057a0fd433ed180af76723f9bb5e1576a82
C1-3200,F,2,6,False,False,False,1.7,,0,a47be7464659f75e69ef6f7165a7b057a0fd433ed180af76723f9bb5e1576a82
C1-3200,F,2,7,False,False,False,1.7333333333333334,,0,a47be7464659f75e69ef6f7165a7b057a0fd433ed180af76723f9bb5e1576a82
C1-3200,F,2,8,False,False,False,1.6666666666666667,,0,a47be7464659f75e69ef6f7165a7b057a0fd433ed180af76723f9bb5e1576a82
C1-3200,F,2,9,False,False,False,1.8,,0,a47be7464659f75e69ef6f7165a7b057a0fd433ed180af76723f9bb5e1576a82
C1-3200,F,2,10,False,False,False,1.7333333333333334,,0,a47be7464659f75e69ef6f7165a7b057a0fd433ed180af76723f9bb5e1576a82
C1-3200,F,2,11,False,False,True,1.9333333333333333,,0,a47be7464659f75e69ef6f7165a7b057a0fd433ed180af76723f9bb5e1576a82
C1-3200,F,2,12,False,False,True,1.9333333333333333,,0,a47be7464659f75e69ef6f7165a7b057a0fd433ed180af76723f9bb5e1576a82
C1-3200,F,2,13,False,False,False,1.6666666666666667,,0,a47be7464659f75e69ef6f7165a7b057a0fd433ed180af76723f9bb5e1576a82
C1-3200,F,2,14,False,False,False,1.8666666666666667,,0,a47be7464659f75e69ef6f7165a7b057a0fd433ed180af76723f9bb5e1576a82
C1-3200,F,2,15,False,False,False,1.7333333333333334,,0,a47be7464659f75e69ef6f7165a7b057a0fd433ed180af76723f9bb5e1576a82
C1-3200,F,2,16,False,False,False,1.8,,0,a47be7464659f75e69ef6f7165a7b057a0fd433ed180af76723f9bb5e1576a82
C1-3200,F,2,17,True,False,False,1.7666666666666666,,1,a47be7464659f75e69ef6f7165a7b057a0fd433ed180af76723f9bb5e1576a82
C1-3200,F,2,18,False,False,False,1.6,,0,a47be7464659f75e69ef6f7165a7b057a0fd433ed180af76723f9bb5e1576a82
C1-3200,F,2,19,False,False,False,1.7333333333333334,,0,a47be7464659f75e69ef6f7165a7b057a0fd433ed180af76723f9bb5e1576a82
C1-3200,F,2,20,False,False,False,1.7333333333333334,,0,a47be7464659f75e69ef6f7165a7b057a0fd433ed180af76723f9bb5e1576a82
C1-3200,F,2,21,False,False,False,1.8,,0,a47be7464659f75e69ef6f7165a7b057a0fd433ed180af76723f9bb5e1576a82
C1-3200,F,2,22,False,False,False,1.8666666666666667,,0,a47be7464659f75e69ef6f7165a7b057a0fd433ed180af76723f9bb5e1576a82
C1-3200,F,2,23,False,False,False,1.7333333333333334,,0,a47be7464659f75e69ef6f7165a7b057a0fd433ed180af76723f9bb5e1576a82
C1-3200,F,2,24,False,False,False,1.7,,0,a47be7464659f75e69ef6f7165a7b057a0fd433ed180af76723f9bb5e1576a82
C1-3200,F,2,25,False,False,False,1.6666666666666667,,0,a47be7464659f75e69ef6f7165a7b057a0fd433ed180af76723f9bb5e1576a82
C1-3200,F,2,26,False,False,False,1.9333333333333333,,0,a47be7464659f75e69ef6f7165a7b057a0fd433ed180af76723f9bb5e1576a82
C1-3200,F,2,27,False,False,False,1.7,,0,a47be7464659f75e69ef6f7165a7b057a0fd433ed180af76723f9bb5e1576a82
C1-3200,F,2,28,False,False,False,1.7666666666666666,,0,a47be7464659f75e69ef6f7165a7b057a0fd433ed180af76723f9bb5e1576a82
C1-3200,F,2,29,False,False,False,1.8333333333333333,,0,a47be7464659f75e69ef6f7165a7b057a0fd433ed180af76723f9bb5e1576a82
C1-3200,F,2,30,False,False,False,1.7333333333333334,,0,a47be7464659f75e69ef6f7165a7b057a0fd433ed180af76723f9bb5e1576a82
C1-3200,F,2,31,False,False,False,1.8333333333333333,,0,a47be7464659f75e69ef6f7165a7b057a0fd433ed180af76723f9bb5e1576a82
C1-3200,F,2,32,False,False,False,1.7333333333333334,,0,a47be7464659f75e69ef6f7165a7b057a0fd433ed180af76723f9bb5e1576a82
C1-3200,F,2,33,False,False,False,1.5666666666666667,,0,a47be7464659f75e69ef6f7165a7b057a0fd433ed180af76723f9bb5e1576a82
C1-3200,F,2,34,False,False,False,1.8333333333333333,,0,a47be7464659f75e69ef6f7165a7b057a0fd433ed180af76723f9bb5e1576a82
C1-3200,F,2,35,False,False,False,1.6333333333333333,,0,a47be7464659f75e69ef6f7165a7b057a0fd433ed180af76723f9bb5e1576a82
C1-3200,F,2,36,False,False,False,1.6333333333333333,,0,a47be7464659f75e69ef6f7165a7b057a0fd433ed180af76723f9bb5e1576a82
C1-3200,F,2,37,False,False,False,1.6333333333333333,,0,a47be7464659f75e69ef6f7165a7b057a0fd433ed180af76723f9bb5e1576a82
C1-3200,F,2,38,False,False,False,1.7,,0,a47be7464659f75e69ef6f7165a7b057a0fd433ed180af76723f9bb5e1576a82
C1-3200,F,2,39,False,False,False,1.7666666666666666,,0,a47be7464659f75e69ef6f7165a7b057a0fd433ed180af76723f9bb5e1576a82
C1-3200,F,2,40,False,False,False,1.7,,0,a47be7464659f75e69ef6f7165a7b057a0fd433ed180af76723f9bb5e1576a82
C1-3200,F,2,41,False,False,False,1.8,,0,a47be7464659f75e69ef6f7165a7b057a0fd433ed180af76723f9bb5e1576a82
C1-3200,F,2,42,False,False,False,1.8666666666666667,,0,a47be7464659f75e69ef6f7165a7b057a0fd433ed180af76723f9bb5e1576a82
C1-3200,F,2,43,False,False,False,1.8666666666666667,,0,a47be7464659f75e69ef6f7165a7b057a0fd433ed180af76723f9bb5e1576a82
C1-3200,F,2,44,False,False,True,1.8,,0,a47be7464659f75e69ef6f7165a7b057a0fd433ed180af76723f9bb5e1576a82
C1-3200,F,2,45,False,False,False,1.6666666666666667,,0,a47be7464659f75e69ef6f7165a7b057a0fd433ed180af76723f9bb5e1576a82
C1-3200,F,2,46,False,False,False,1.8333333333333333,,0,a47be7464659f75e69ef6f7165a7b057a0fd433ed180af76723f9bb5e1576a82
C1-3200,F,2,47,False,False,False,1.8333333333333333,,0,a47be7464659f75e69ef6f7165a7b057a0fd433ed180af76723f9bb5e1576a82
C1-3200,F,2,48,False,False,False,1.7,,0,a47be7464659f75e69ef6f7165a7b057a0fd433ed180af76723f9bb5e1576a82
C1-3200,F,2,49,False,False,False,1.9,,0,a47be7464659f75e69ef6f7165a7b057a0fd433ed180af76723f9bb5e1576a82
C1-3200,F,2,50,False,False,False,1.7666666666666666,,0,a47be7464659f75e69ef6f7165a7b057a0fd433ed180af76723f9bb5e1576a82
C1-3200,F,2,51,False,False,False,1.9,,0,a47be7464659f75e69ef6f7165a7b057a0fd433ed180af76723f9bb5e1576a82
C1-3200,F,2,52,False,False,False,1.7333333333333334,,0,a47be7464659f75e69ef6f7165a7b057a0fd433ed180af76723f9bb5e1576a82
C1-3200,F,2,53,False,False,False,1.8,,0,a47be7464659f75e69ef6f7165a7b057a0fd433ed180af76723f9bb5e1576a82
C1-3200,F,2,54,False,False,False,1.7,,0,a47be7464659f75e69ef6f7165a7b057a0fd433ed180af76723f9bb5e1576a82
C1-3200,F,2,55,False,False,False,1.7666666666666666,,0,a47be7464659f75e69ef6f7165a7b057a0fd433ed180af76723f9bb5e1576a82
C1-3200,F,2,56,False,False,False,1.7666666666666666,,0,a47be7464659f75e69ef6f7165a7b057a0fd433ed180af76723f9bb5e1576a82
C1-3200,F,2,57,False,False,False,1.8,,0,a47be7464659f75e69ef6f7165a7b057a0fd433ed180af76723f9bb5e1576a82
C1-3200,F,2,58,False,False,False,1.6333333333333333,,0,a47be7464659f75e69ef6f7165a7b057a0fd433ed180af76723f9bb5e1576a82
C1-3200,F,2,59,False,False,False,1.7,,0,a47be7464659f75e69ef6f7165a7b057a0fd433ed180af76723f9bb5e1576a82
C1-3200,F,2,60,False,False,False,1.6333333333333333,,0,a47be7464659f75e69ef6f7165a7b057a0fd433ed180af76723f9bb5e1576a82
C1-3200,F,2,61,False,False,False,1.8,,0,a47be7464659f75e69ef6f7165a7b057a0fd433ed180af76723f9bb5e1576a82
C1-3200,F,2,62,False,False,False,1.7666666666666666,,0,a47be7464659f75e69ef6f7165a7b057a0fd433ed180af76723f9bb5e1576a82
C1-3200,F,2,63,False,False,False,1.7333333333333334,,0,a47be7464659f75e69ef6f7165a7b057a0fd433ed180af76723f9bb5e1576a82
C1-3200,F,2,64,False,False,False,1.8,,0,a47be7464659f75e69ef6f7165a7b057a0fd433ed180af76723f9bb5e1576a82
C1-3200,F,2,65,False,False,False,1.7333333333333334,,0,a47be7464659f75e69ef6f7165a7b057a0fd433ed180af76723f9bb5e1576a82
C1-3200,F,2,66,False,False,False,1.7666666666666666,,0,a47be7464659f75e69ef6f7165a7b057a0fd433ed180af76723f9bb5e1576a82
C1-3200,F,2,67,False,False,False,1.8666666666666667,,0,a47be7464659f75e69ef6f7165a7b057a0fd433ed180af76723f9bb5e1576a82
C1-3200,F,2,68,False,False,False,1.7333333333333334,,0,a47be7464659f75e69ef6f7165a7b057a0fd433ed180af76723f9bb5e1576a82
C1-3200,F,2,69,False,False,False,1.8333333333333333,,0,a47be7464659f75e69ef6f7165a7b057a0fd433ed180af76723f9bb5e1576a82
C1-3200,F,2,70,False,False,False,1.7,,0,a47be7464659f75e69ef6f7165a7b057a0fd433ed180af76723f9bb5e1576a82
C1-3200,F,2,71,False,False,False,1.7,,0,a47be7464659f75e69ef6f7165a7b057a0fd433ed180af76723f9bb5e1576a82
C1-3200,F,2,72,False,False,False,1.7333333333333334,,0,a47be7464659f75e69ef6f7165a7b057a0fd433ed180af76723f9bb5e1576a82
C1-3200,F,2,73,False,False,False,1.8333333333333333,,0,a47be7464659f75e69ef6f7165a7b057a0fd433ed180af76723f9bb5e1576a82
C1-3200,F,2,74,False,False,False,1.7333333333333334,,0,a47be7464659f75e69ef6f7165a7b057a0fd433ed180af76723f9bb5e1576a82
C1-3200,F,2,75,False,False,False,1.7666666666666666,,0,a47be7464659f75e69ef6f7165a7b057a0fd433ed180af76723f9bb5e1576a82
C1-3200,F,2,76,False,False,False,1.7333333333333334,,0,a47be7464659f75e69ef6f7165a7b057a0fd433ed180af76723f9bb5e1576a82
C1-3200,F,2,77,False,False,False,1.7333333333333334,,0,a47be7464659f75e69ef6f7165a7b057a0fd433ed180af76723f9bb5e1576a82
C1-3200,F,2,78,False,False,False,1.8666666666666667,,0,a47be7464659f75e69ef6f7165a7b057a0fd433ed180af76723f9bb5e1576a82
C1-3200,F,2,79,False,False,False,1.8,,0,a47be7464659f75e69ef6f7165a7b057a0fd433ed180af76723f9bb5e1576a82
C1-3200,F,2,80,False,False,True,1.8666666666666667,,0,a47be7464659f75e69ef6f7165a7b057a0fd433ed180af76723f9bb5e1576a82
C1-3200,F,2,81,False,False,True,2.0,,0,a47be7464659f75e69ef6f7165a7b057a0fd433ed180af76723f9bb5e1576a82
C1-3200,F,2,82,False,False,False,1.9666666666666666,,0,a47be7464659f75e69ef6f7165a7b057a0fd433ed180af76723f9bb5e1576a82
C1-3200,F,2,83,False,False,False,1.6,,0,a47be7464659f75e69ef6f7165a7b057a0fd433ed180af76723f9bb5e1576a82
C1-3200,F,2,84,False,False,False,1.7333333333333334,,0,a47be7464659f75e69ef6f7165a7b057a0fd433ed180af76723f9bb5e1576a82
C1-3200,F,2,85,False,False,False,1.7,,0,a47be7464659f75e69ef6f7165a7b057a0fd433ed180af76723f9bb5e1576a82
C1-3200,F,2,86,False,False,False,1.7666666666666666,,0,a47be7464659f75e69ef6f7165a7b057a0fd433ed180af76723f9bb5e1576a82
C1-3200,F,2,87,False,False,False,1.8333333333333333,,0,a47be7464659f75e69ef6f7165a7b057a0fd433ed180af76723f9bb5e1576a82
C1-3200,F,2,88,False,False,False,1.7,,0,a47be7464659f75e69ef6f7165a7b057a0fd433ed180af76723f9bb5e1576a82
C1-3200,F,2,89,False,False,False,1.8,,0,a47be7464659f75e69ef6f7165a7b057a0fd433ed180af76723f9bb5e1576a82
C1-3200,F,2,90,False,False,False,1.5666666666666667,,0,a47be7464659f75e69ef6f7165a7b057a0fd433ed180af76723f9bb5e1576a82
C1-3200,F,2,91,False,False,False,1.8,,0,a47be7464659f75e69ef6f7165a7b057a0fd433ed180af76723f9bb5e1576a82
C1-3200,F,2,92,False,False,False,1.8,,0,a47be7464659f75e69ef6f7165a7b057a0fd433ed180af76723f9bb5e1576a82
C1-3200,F,2,93,False,False,False,1.7666666666666666,,0,a47be7464659f75e69ef6f7165a7b057a0fd433ed180af76723f9bb5e1576a82
C1-3200,F,2,94,False,False,False,1.8666666666666667,,0,a47be7464659f75e69ef6f7165a7b057a0fd433ed180af76723f9bb5e1576a82
C1-3200,F,2,95,False,False,False,1.8,,0,a47be7464659f75e69ef6f7165a7b057a0fd433ed180af76723f9bb5e1576a82
C1-3200,F,2,96,False,False,False,1.8,,0,a47be7464659f75e69ef6f7165a7b057a0fd433ed180af76723f9bb5e1576a82
C1-3200,F,2,97,False,False,False,1.7333333333333334,,0,a47be7464659f75e69ef6f7165a7b057a0fd433ed180af76723f9bb5e1576a82
C1-3200,F,2,98,False,False,False,1.7666666666666666,,0,a47be7464659f75e69ef6f7165a7b057a0fd433ed180af76723f9bb5e1576a82
C1-3200,F,2,99,False,False,False,1.9,,0,a47be7464659f75e69ef6f7165a7b057a0fd433ed180af76723f9bb5e1576a82
C1-3200,F,2,100,False,False,False,1.6333333333333333,,0,a47be7464659f75e69ef6f7165a7b057a0fd433ed180af76723f9bb5e1576a82
C1-3200,F,2,101,False,False,True,1.8,,0,a47be7464659f75e69ef6f7165a7b057a0fd433ed180af76723f9bb5e1576a82
C1-3200,F,2,102,False,False,False,1.9,,0,a47be7464659f75e69ef6f7165a7b057a0fd433ed180af76723f9bb5e1576a82
C1-3200,F,2,103,False,False,False,1.7666666666666666,,0,a47be7464659f75e69ef6f7165a7b057a0fd433ed180af76723f9bb5e1576a82
C1-3200,F,2,104,False,False,False,1.8,,0,a47be7464659f75e69ef6f7165a7b057a0fd433ed180af76723f9bb5e1576a82
C1-3200,F,2,105,False,False,False,1.8333333333333333,,0,a47be7464659f75e69ef6f7165a7b057a0fd433ed180af76723f9bb5e1576a82
C1-3200,F,2,106,False,False,False,1.9333333333333333,,0,a47be7464659f75e69ef6f7165a7b057a0fd433ed180af76723f9bb5e1576a82
C1-3200,F,2,107,False,False,False,1.7333333333333334,,0,a47be7464659f75e69ef6f7165a7b057a0fd433ed180af76723f9bb5e1576a82
C1-3200,F,2,108,False,False,False,1.8333333333333333,,0,a47be7464659f75e69ef6f7165a7b057a0fd433ed180af76723f9bb5e1576a82
C1-3200,F,2,109,False,False,False,1.6,,0,a47be7464659f75e69ef6f7165a7b057a0fd433ed180af76723f9bb5e1576a82
C1-3200,F,2,110,False,False,False,1.8333333333333333,,0,a47be7464659f75e69ef6f7165a7b057a0fd433ed180af76723f9bb5e1576a82
C1-3200,F,2,111,False,False,False,1.8333333333333333,,0,a47be7464659f75e69ef6f7165a7b057a0fd433ed180af76723f9bb5e1576a82
C1-3200,F,2,112,False,False,False,1.7666666666666666,,0,a47be7464659f75e69ef6f7165a7b057a0fd433ed180af76723f9bb5e1576a82
C1-3200,F,2,113,False,False,False,1.7666666666666666,,0,a47be7464659f75e69ef6f7165a7b057a0fd433ed180af76723f9bb5e1576a82
C1-3200,F,2,114,False,False,False,1.7,,0,a47be7464659f75e69ef6f7165a7b057a0fd433ed180af76723f9bb5e1576a82
C1-3200,F,2,115,False,False,False,1.6666666666666667,,0,a47be7464659f75e69ef6f7165a7b057a0fd433ed180af76723f9bb5e1576a82
C1-3200,F,2,116,False,False,False,1.7333333333333334,,0,a47be7464659f75e69ef6f7165a7b057a0fd433ed180af76723f9bb5e1576a82
C1-3200,F,2,117,False,False,False,1.7666666666666666,,0,a47be7464659f75e69ef6f7165a7b057a0fd433ed180af76723f9bb5e1576a82
C1-3200,F,2,118,False,False,True,1.7,,0,a47be7464659f75e69ef6f7165a7b057a0fd433ed180af76723f9bb5e1576a82
C1-3200,F,2,119,False,False,False,1.9,,0,a47be7464659f75e69ef6f7165a7b057a0fd433ed180af76723f9bb5e1576a82
C1-3200,F,2,120,False,False,False,1.7666666666666666,,0,a47be7464659f75e69ef6f7165a7b057a0fd433ed180af76723f9bb5e1576a82
C1-3200,F,2,121,False,False,True,1.7666666666666666,,0,a47be7464659f75e69ef6f7165a7b057a0fd433ed180af76723f9bb5e1576a82
C1-3200,F,2,122,False,False,False,1.5666666666666667,,0,a47be7464659f75e69ef6f7165a7b057a0fd433ed180af76723f9bb5e1576a82
C1-3200,F,2,123,False,False,False,1.7333333333333334,,0,a47be7464659f75e69ef6f7165a7b057a0fd433ed180af76723f9bb5e1576a82
C1-3200,F,2,124,False,False,False,1.8,,0,a47be7464659f75e69ef6f7165a7b057a0fd433ed180af76723f9bb5e1576a82
C1-3200,F,2,125,False,False,False,1.7666666666666666,,0,a47be7464659f75e69ef6f7165a7b057a0fd433ed180af76723f9bb5e1576a82
C1-3200,F,2,126,False,False,False,1.7333333333333334,,0,a47be7464659f75e69ef6f7165a7b057a0fd433ed180af76723f9bb5e1576a82
C1-3200,F,2,127,False,False,False,1.7666666666666666,,0,a47be7464659f75e69ef6f7165a7b057a0fd433ed180af76723f9bb5e1576a82
C1-3200,F,3,0,False,False,False,1.1333333333333333,,0,a47be7464659f75e69ef6f7165a7b057a0fd433ed180af76723f9bb5e1576a82
C1-3200,F,3,1,False,False,False,1.3666666666666667,,0,a47be7464659f75e69ef6f7165a7b057a0fd433ed180af76723f9bb5e1576a82
C1-3200,F,3,2,False,False,False,1.1333333333333333,,0,a47be7464659f75e69ef6f7165a7b057a0fd433ed180af76723f9bb5e1576a82
C1-3200,F,3,3,False,False,False,1.1666666666666667,,0,a47be7464659f75e69ef6f7165a7b057a0fd433ed180af76723f9bb5e1576a82
C1-3200,F,3,4,False,False,False,1.2,,0,a47be7464659f75e69ef6f7165a7b057a0fd433ed180af76723f9bb5e1576a82
C1-3200,F,3,5,False,False,False,1.2,,0,a47be7464659f75e69ef6f7165a7b057a0fd433ed180af76723f9bb5e1576a82
C1-3200,F,3,6,False,False,False,1.0,,0,a47be7464659f75e69ef6f7165a7b057a0fd433ed180af76723f9bb5e1576a82
C1-3200,F,3,7,True,False,False,2.533333333333333,,1,a47be7464659f75e69ef6f7165a7b057a0fd433ed180af76723f9bb5e1576a82
C1-3200,F,3,8,False,False,False,0.9,,0,a47be7464659f75e69ef6f7165a7b057a0fd433ed180af76723f9bb5e1576a82
C1-3200,F,3,9,False,False,False,0.8,,0,a47be7464659f75e69ef6f7165a7b057a0fd433ed180af76723f9bb5e1576a82
C1-3200,F,3,10,False,False,False,1.2333333333333334,,0,a47be7464659f75e69ef6f7165a7b057a0fd433ed180af76723f9bb5e1576a82
C1-3200,F,3,11,False,False,False,1.3,,0,a47be7464659f75e69ef6f7165a7b057a0fd433ed180af76723f9bb5e1576a82
C1-3200,F,3,12,False,False,False,1.3333333333333333,,0,a47be7464659f75e69ef6f7165a7b057a0fd433ed180af76723f9bb5e1576a82
C1-3200,F,3,13,False,False,False,1.3333333333333333,,0,a47be7464659f75e69ef6f7165a7b057a0fd433ed180af76723f9bb5e1576a82
C1-3200,F,3,14,False,False,False,1.1333333333333333,,0,a47be7464659f75e69ef6f7165a7b057a0fd433ed180af76723f9bb5e1576a82
C1-3200,F,3,15,False,False,False,1.1,,0,a47be7464659f75e69ef6f7165a7b057a0fd433ed180af76723f9bb5e1576a82
C1-3200,F,3,16,True,False,False,3.1333333333333333,,2,a47be7464659f75e69ef6f7165a7b057a0fd433ed180af76723f9bb5e1576a82
C1-3200,F,3,17,False,False,False,1.1,,0,a47be7464659f75e69ef6f7165a7b057a0fd433ed180af76723f9bb5e1576a82
C1-3200,F,3,18,True,False,False,3.1,,1,a47be7464659f75e69ef6f7165a7b057a0fd433ed180af76723f9bb5e1576a82
C1-3200,F,3,19,True,False,False,3.1333333333333333,,1,a47be7464659f75e69ef6f7165a7b057a0fd433ed180af76723f9bb5e1576a82
C1-3200,F,3,20,False,False,False,1.3333333333333333,,0,a47be7464659f75e69ef6f7165a7b057a0fd433ed180af76723f9bb5e1576a82
C1-3200,F,3,21,False,False,False,1.0333333333333334,,0,a47be7464659f75e69ef6f7165a7b057a0fd433ed180af76723f9bb5e1576a82
C1-3200,F,3,22,False,False,False,1.1333333333333333,,0,a47be7464659f75e69ef6f7165a7b057a0fd433ed180af76723f9bb5e1576a82
C1-3200,F,3,23,False,False,False,0.8666666666666667,,0,a47be7464659f75e69ef6f7165a7b057a0fd433ed180af76723f9bb5e1576a82
C1-3200,F,3,24,False,False,False,1.4,,0,a47be7464659f75e69ef6f7165a7b057a0fd433ed180af76723f9bb5e1576a82
C1-3200,F,3,25,False,False,False,1.2666666666666666,,0,a47be7464659f75e69ef6f7165a7b057a0fd433ed180af76723f9bb5e1576a82
C1-3200,F,3,26,False,False,False,0.9666666666666667,,0,a47be7464659f75e69ef6f7165a7b057a0fd433ed180af76723f9bb5e1576a82
C1-3200,F,3,27,False,False,False,0.9,,0,a47be7464659f75e69ef6f7165a7b057a0fd433ed180af76723f9bb5e1576a82
C1-3200,F,3,28,True,False,False,4.2,,1,a47be7464659f75e69ef6f7165a7b057a0fd433ed180af76723f9bb5e1576a82
C1-3200,F,3,29,False,False,False,1.4666666666666666,,0,a47be7464659f75e69ef6f7165a7b057a0fd433ed180af76723f9bb5e1576a82
C1-3200,F,3,30,True,False,False,3.0,,1,a47be7464659f75e69ef6f7165a7b057a0fd433ed180af76723f9bb5e1576a82
C1-3200,F,3,31,False,False,False,1.3333333333333333,,0,a47be7464659f75e69ef6f7165a7b057a0fd433ed180af76723f9bb5e1576a82
C1-3200,F,3,32,True,False,False,5.266666666666667,,1,a47be7464659f75e69ef6f7165a7b057a0fd433ed180af76723f9bb5e1576a82
C1-3200,F,3,33,False,False,False,1.2333333333333334,,0,a47be7464659f75e69ef6f7165a7b057a0fd433ed180af76723f9bb5e1576a82
C1-3200,F,3,34,True,False,False,4.066666666666666,,1,a47be7464659f75e69ef6f7165a7b057a0fd433ed180af76723f9bb5e1576a82
C1-3200,F,3,35,False,False,False,1.1333333333333333,,0,a47be7464659f75e69ef6f7165a7b057a0fd433ed180af76723f9bb5e1576a82
C1-3200,F,3,36,False,False,False,1.5666666666666667,,0,a47be7464659f75e69ef6f7165a7b057a0fd433ed180af76723f9bb5e1576a82
C1-3200,F,3,37,False,False,False,1.3666666666666667,,0,a47be7464659f75e69ef6f7165a7b057a0fd433ed180af76723f9bb5e1576a82
C1-3200,F,3,38,False,False,False,1.0,,0,a47be7464659f75e69ef6f7165a7b057a0fd433ed180af76723f9bb5e1576a82
C1-3200,F,3,39,False,False,False,1.3666666666666667,,0,a47be7464659f75e69ef6f7165a7b057a0fd433ed180af76723f9bb5e1576a82
C1-3200,F,3,40,False,False,False,0.9,,0,a47be7464659f75e69ef6f7165a7b057a0fd433ed180af76723f9bb5e1576a82
C1-3200,F,3,41,False,False,False,1.3,,0,a47be7464659f75e69ef6f7165a7b057a0fd433ed180af76723f9bb5e1576a82
C1-3200,F,3,42,False,False,False,0.8666666666666667,,0,a47be7464659f75e69ef6f7165a7b057a0fd433ed180af76723f9bb5e1576a82
C1-3200,F,3,43,False,False,False,1.2,,0,a47be7464659f75e69ef6f7165a7b057a0fd433ed180af76723f9bb5e1576a82
C1-3200,F,3,44,False,False,False,1.0333333333333334,,0,a47be7464659f75e69ef6f7165a7b057a0fd433ed180af76723f9bb5e1576a82
C1-3200,F,3,45,False,False,False,1.0666666666666667,,0,a47be7464659f75e69ef6f7165a7b057a0fd433ed180af76723f9bb5e1576a82
C1-3200,F,3,46,False,False,False,1.2,,0,a47be7464659f75e69ef6f7165a7b057a0fd433ed180af76723f9bb5e1576a82
C1-3200,F,3,47,False,False,False,1.1333333333333333,,0,a47be7464659f75e69ef6f7165a7b057a0fd433ed180af76723f9bb5e1576a82
C1-3200,F,3,48,False,False,False,1.0,,0,a47be7464659f75e69ef6f7165a7b057a0fd433ed180af76723f9bb5e1576a82
C1-3200,F,3,49,False,False,False,1.0666666666666667,,0,a47be7464659f75e69ef6f7165a7b057a0fd433ed180af76723f9bb5e1576a82
C1-3200,F,3,50,False,False,False,1.2666666666666666,,0,a47be7464659f75e69ef6f7165a7b057a0fd433ed180af76723f9bb5e1576a82
C1-3200,F,3,51,False,False,False,1.0666666666666667,,0,a47be7464659f75e69ef6f7165a7b057a0fd433ed180af76723f9bb5e1576a82
C1-3200,F,3,52,False,False,False,1.0333333333333334,,0,a47be7464659f75e69ef6f7165a7b057a0fd433ed180af76723f9bb5e1576a82
C1-3200,F,3,53,False,False,False,1.0,,0,a47be7464659f75e69ef6f7165a7b057a0fd433ed180af76723f9bb5e1576a82
C1-3200,F,3,54,False,False,False,1.4,,0,a47be7464659f75e69ef6f7165a7b057a0fd433ed180af76723f9bb5e1576a82
C1-3200,F,3,55,True,False,False,3.0,,1,a47be7464659f75e69ef6f7165a7b057a0fd433ed180af76723f9bb5e1576a82
C1-3200,F,3,56,False,False,False,1.1,,0,a47be7464659f75e69ef6f7165a7b057a0fd433ed180af76723f9bb5e1576a82
C1-3200,F,3,57,False,False,False,0.9,,0,a47be7464659f75e69ef6f7165a7b057a0fd433ed180af76723f9bb5e1576a82
C1-3200,F,3,58,True,False,False,5.133333333333334,,1,a47be7464659f75e69ef6f7165a7b057a0fd433ed180af76723f9bb5e1576a82
C1-3200,F,3,59,True,False,False,5.033333333333333,,1,a47be7464659f75e69ef6f7165a7b057a0fd433ed180af76723f9bb5e1576a82
C1-3200,F,3,60,False,False,False,0.8,,0,a47be7464659f75e69ef6f7165a7b057a0fd433ed180af76723f9bb5e1576a82
C1-3200,F,3,61,True,False,False,5.2,,1,a47be7464659f75e69ef6f7165a7b057a0fd433ed180af76723f9bb5e1576a82
C1-3200,F,3,62,True,False,False,2.6,,1,a47be7464659f75e69ef6f7165a7b057a0fd433ed180af76723f9bb5e1576a82
C1-3200,F,3,63,False,False,False,1.4333333333333333,,0,a47be7464659f75e69ef6f7165a7b057a0fd433ed180af76723f9bb5e1576a82
C1-3200,F,3,64,False,False,False,1.3666666666666667,,0,a47be7464659f75e69ef6f7165a7b057a0fd433ed180af76723f9bb5e1576a82
C1-3200,F,3,65,False,False,False,1.0,,0,a47be7464659f75e69ef6f7165a7b057a0fd433ed180af76723f9bb5e1576a82
C1-3200,F,3,66,True,False,False,3.966666666666667,,1,a47be7464659f75e69ef6f7165a7b057a0fd433ed180af76723f9bb5e1576a82
C1-3200,F,3,67,False,False,False,1.0333333333333334,,0,a47be7464659f75e69ef6f7165a7b057a0fd433ed180af76723f9bb5e1576a82
C1-3200,F,3,68,False,False,False,1.0,,0,a47be7464659f75e69ef6f7165a7b057a0fd433ed180af76723f9bb5e1576a82
C1-3200,F,3,69,False,False,False,1.3333333333333333,,0,a47be7464659f75e69ef6f7165a7b057a0fd433ed180af76723f9bb5e1576a82
C1-3200,F,3,70,False,False,False,1.3,,0,a47be7464659f75e69ef6f7165a7b057a0fd433ed180af76723f9bb5e1576a82
C1-3200,F,3,71,False,False,False,1.2,,0,a47be7464659f75e69ef6f7165a7b057a0fd433ed180af76723f9bb5e1576a82
C1-3200,F,3,72,False,False,False,1.0666666666666667,,0,a47be7464659f75e69ef6f7165a7b057a0fd433ed180af76723f9bb5e1576a82
C1-3200,F,3,73,False,False,False,1.1,,0,a47be7464659f75e69ef6f7165a7b057a0fd433ed180af76723f9bb5e1576a82
C1-3200,F,3,74,False,False,False,1.0333333333333334,,0,a47be7464659f75e69ef6f7165a7b057a0fd433ed180af76723f9bb5e1576a82
C1-3200,F,3,75,False,False,False,1.3,,0,a47be7464659f75e69ef6f7165a7b057a0fd433ed180af76723f9bb5e1576a82
C1-3200,F,3,76,False,False,False,1.3,,0,a47be7464659f75e69ef6f7165a7b057a0fd433ed180af76723f9bb5e1576a82
C1-3200,F,3,77,False,False,False,1.3,,0,a47be7464659f75e69ef6f7165a7b057a0fd433ed180af76723f9bb5e1576a82
C1-3200,F,3,78,False,False,False,0.7666666666666667,,0,a47be7464659f75e69ef6f7165a7b057a0fd433ed180af76723f9bb5e1576a82
C1-3200,F,3,79,False,False,False,1.0333333333333334,,0,a47be7464659f75e69ef6f7165a7b057a0fd433ed180af76723f9bb5e1576a82
C1-3200,F,3,80,False,False,False,1.3666666666666667,,0,a47be7464659f75e69ef6f7165a7b057a0fd433ed180af76723f9bb5e1576a82
C1-3200,F,3,81,False,False,False,1.3333333333333333,,0,a47be7464659f75e69ef6f7165a7b057a0fd433ed180af76723f9bb5e1576a82
C1-3200,F,3,82,False,False,False,1.0666666666666667,,0,a47be7464659f75e69ef6f7165a7b057a0fd433ed180af76723f9bb5e1576a82
C1-3200,F,3,83,True,False,False,4.133333333333334,,1,a47be7464659f75e69ef6f7165a7b057a0fd433ed180af76723f9bb5e1576a82
C1-3200,F,3,84,False,False,False,1.5,,0,a47be7464659f75e69ef6f7165a7b057a0fd433ed180af76723f9bb5e1576a82
C1-3200,F,3,85,True,False,False,5.9,,2,a47be7464659f75e69ef6f7165a7b057a0fd433ed180af76723f9bb5e1576a82
C1-3200,F,3,86,False,False,False,0.8666666666666667,,0,a47be7464659f75e69ef6f7165a7b057a0fd433ed180af76723f9bb5e1576a82
C1-3200,F,3,87,False,False,False,0.7333333333333333,,0,a47be7464659f75e69ef6f7165a7b057a0fd433ed180af76723f9bb5e1576a82
C1-3200,F,3,88,False,False,False,1.3,,0,a47be7464659f75e69ef6f7165a7b057a0fd433ed180af76723f9bb5e1576a82
C1-3200,F,3,89,False,False,False,0.8333333333333334,,0,a47be7464659f75e69ef6f7165a7b057a0fd433ed180af76723f9bb5e1576a82
C1-3200,F,3,90,False,False,False,1.1666666666666667,,0,a47be7464659f75e69ef6f7165a7b057a0fd433ed180af76723f9bb5e1576a82
C1-3200,F,3,91,False,False,False,1.4,,0,a47be7464659f75e69ef6f7165a7b057a0fd433ed180af76723f9bb5e1576a82
C1-3200,F,3,92,False,False,False,1.5666666666666667,,0,a47be7464659f75e69ef6f7165a7b057a0fd433ed180af76723f9bb5e1576a82
C1-3200,F,3,93,False,False,False,1.3333333333333333,,0,a47be7464659f75e69ef6f7165a7b057a0fd433ed180af76723f9bb5e1576a82
C1-3200,F,3,94,False,False,False,1.1,,0,a47be7464659f75e69ef6f7165a7b057a0fd433ed180af76723f9bb5e1576a82
C1-3200,F,3,95,False,False,False,1.3,,0,a47be7464659f75e69ef6f7165a7b057a0fd433ed180af76723f9bb5e1576a82
C1-3200,F,3,96,False,False,False,1.2666666666666666,,0,a47be7464659f75e69ef6f7165a7b057a0fd433ed180af76723f9bb5e1576a82
C1-3200,F,3,97,False,False,False,1.0333333333333334,,0,a47be7464659f75e69ef6f7165a7b057a0fd433ed180af76723f9bb5e1576a82
C1-3200,F,3,98,False,False,False,0.9333333333333333,,0,a47be7464659f75e69ef6f7165a7b057a0fd433ed180af76723f9bb5e1576a82
C1-3200,F,3,99,False,False,False,0.8666666666666667,,0,a47be7464659f75e69ef6f7165a7b057a0fd433ed180af76723f9bb5e1576a82
C1-3200,F,3,100,False,False,False,0.9666666666666667,,0,a47be7464659f75e69ef6f7165a7b057a0fd433ed180af76723f9bb5e1576a82
C1-3200,F,3,101,False,False,False,1.0666666666666667,,0,a47be7464659f75e69ef6f7165a7b057a0fd433ed180af76723f9bb5e1576a82
C1-3200,F,3,102,False,False,False,1.6,,0,a47be7464659f75e69ef6f7165a7b057a0fd433ed180af76723f9bb5e1576a82
C1-3200,F,3,103,False,False,False,1.1,,0,a47be7464659f75e69ef6f7165a7b057a0fd433ed180af76723f9bb5e1576a82
C1-3200,F,3,104,False,False,False,1.0666666666666667,,0,a47be7464659f75e69ef6f7165a7b057a0fd433ed180af76723f9bb5e1576a82
C1-3200,F,3,105,False,False,False,1.0666666666666667,,0,a47be7464659f75e69ef6f7165a7b057a0fd433ed180af76723f9bb5e1576a82
C1-3200,F,3,106,False,False,False,1.4,,0,a47be7464659f75e69ef6f7165a7b057a0fd433ed180af76723f9bb5e1576a82
C1-3200,F,3,107,False,False,False,0.9,,0,a47be7464659f75e69ef6f7165a7b057a0fd433ed180af76723f9bb5e1576a82
C1-3200,F,3,108,False,False,False,1.3333333333333333,,0,a47be7464659f75e69ef6f7165a7b057a0fd433ed180af76723f9bb5e1576a82
C1-3200,F,3,109,False,False,False,0.9,,0,a47be7464659f75e69ef6f7165a7b057a0fd433ed180af76723f9bb5e1576a82
C1-3200,F,3,110,True,False,False,3.433333333333333,,1,a47be7464659f75e69ef6f7165a7b057a0fd433ed180af76723f9bb5e1576a82
C1-3200,F,3,111,False,False,False,0.9666666666666667,,0,a47be7464659f75e69ef6f7165a7b057a0fd433ed180af76723f9bb5e1576a82
C1-3200,F,3,112,False,False,False,1.0333333333333334,,0,a47be7464659f75e69ef6f7165a7b057a0fd433ed180af76723f9bb5e1576a82
C1-3200,F,3,113,False,False,False,1.1666666666666667,,0,a47be7464659f75e69ef6f7165a7b057a0fd433ed180af76723f9bb5e1576a82
C1-3200,F,3,114,False,False,False,0.9666666666666667,,0,a47be7464659f75e69ef6f7165a7b057a0fd433ed180af76723f9bb5e1576a82
C1-3200,F,3,115,False,False,False,1.1333333333333333,,0,a47be7464659f75e69ef6f7165a7b057a0fd433ed180af76723f9bb5e1576a82
C1-3200,F,3,116,True,False,False,1.2333333333333334,,1,a47be7464659f75e69ef6f7165a7b057a0fd433ed180af76723f9bb5e1576a82
C1-3200,F,3,117,False,False,False,1.0333333333333334,,0,a47be7464659f75e69ef6f7165a7b057a0fd433ed180af76723f9bb5e1576a82
C1-3200,F,3,118,False,False,False,1.1,,0,a47be7464659f75e69ef6f7165a7b057a0fd433ed180af76723f9bb5e1576a82
C1-3200,F,3,119,False,False,False,0.8333333333333334,,0,a47be7464659f75e69ef6f7165a7b057a0fd433ed180af76723f9bb5e1576a82
C1-3200,F,3,120,False,False,False,1.1,,0,a47be7464659f75e69ef6f7165a7b057a0fd433ed180af76723f9bb5e1576a82
C1-3200,F,3,121,True,False,False,3.2,,1,a47be7464659f75e69ef6f7165a7b057a0fd433ed180af76723f9bb5e1576a82
C1-3200,F,3,122,False,False,False,0.8666666666666667,,0,a47be7464659f75e69ef6f7165a7b057a0fd433ed180af76723f9bb5e1576a82
C1-3200,F,3,123,False,False,False,1.2,,0,a47be7464659f75e69ef6f7165a7b057a0fd433ed180af76723f9bb5e1576a82
C1-3200,F,3,124,False,False,False,1.0333333333333334,,0,a47be7464659f75e69ef6f7165a7b057a0fd433ed180af76723f9bb5e1576a82
C1-3200,F,3,125,False,False,False,0.7333333333333333,,0,a47be7464659f75e69ef6f7165a7b057a0fd433ed180af76723f9bb5e1576a82
C1-3200,F,3,126,False,False,False,1.1333333333333333,,0,a47be7464659f75e69ef6f7165a7b057a0fd433ed180af76723f9bb5e1576a82
C1-3200,F,3,127,False,False,False,1.3333333333333333,,0,a47be7464659f75e69ef6f7165a7b057a0fd433ed180af76723f9bb5e1576a82
