Importing module 'gym_38' (/home/wangjiarui/artgym-runtime/opt/isaacgym/python/isaacgym/_bindings/linux-x86_64/gym_38.so)
[Warning] [carb] unknown type for the object '/home/wangjiarui/artgym-runtime/opt/isaacgym/python/isaacgym/_bindings/linux-x86_64//libboost_python36.so' {d_type = 0x00000000}
[Warning] [carb] unknown type for the object '/home/wangjiarui/artgym-runtime/opt/isaacgym/python/isaacgym/_bindings/linux-x86_64//libboost_regex.so' {d_type = 0x00000000}
[Warning] [carb] unknown type for the object '/home/wangjiarui/artgym-runtime/opt/isaacgym/python/isaacgym/_bindings/linux-x86_64//libpython3.6m.so' {d_type = 0x00000000}
[Warning] [carb] unknown type for the object '/home/wangjiarui/artgym-runtime/opt/isaacgym/python/isaacgym/_bindings/linux-x86_64//libGLEW.so' {d_type = 0x00000000}
[Warning] [carb] unknown type for the object '/home/wangjiarui/artgym-runtime/opt/isaacgym/python/isaacgym/_bindings/linux-x86_64//libboost_atomic.so' {d_type = 0x00000000}
[Warning] [carb] unknown type for the object '/home/wangjiarui/artgym-runtime/opt/isaacgym/python/isaacgym/_bindings/linux-x86_64//libembree.so' {d_type = 0x00000000}
[Warning] [carb] unknown type for the object '/home/wangjiarui/artgym-runtime/opt/isaacgym/python/isaacgym/_bindings/linux-x86_64//libembree.so.2' {d_type = 0x00000000}
[Warning] [carb] unknown type for the object '/home/wangjiarui/artgym-runtime/opt/isaacgym/python/isaacgym/_bindings/linux-x86_64//libjemalloc.so' {d_type = 0x00000000}
[Warning] [carb] unknown type for the object '/home/wangjiarui/artgym-runtime/opt/isaacgym/python/isaacgym/_bindings/linux-x86_64//libboost_python27.so' {d_type = 0x00000000}
[Warning] [carb] unknown type for the object '/home/wangjiarui/artgym-runtime/opt/isaacgym/python/isaacgym/_bindings/linux-x86_64//libGLEW.so.2.0' {d_type = 0x00000000}
[Warning] [carb] unknown type for the object '/home/wangjiarui/artgym-runtime/opt/isaacgym/python/isaacgym/_bindings/linux-x86_64//libosdCPU.so' {d_type = 0x00000000}
[Warning] [carb] unknown type for the object '/home/wangjiarui/artgym-runtime/opt/isaacgym/python/isaacgym/_bindings/linux-x86_64//libboost_program_options.so' {d_type = 0x00000000}
[Warning] [carb] unknown type for the object '/home/wangjiarui/artgym-runtime/opt/isaacgym/python/isaacgym/_bindings/linux-x86_64//libosdGPU.so' {d_type = 0x00000000}
[Warning] [carb] unknown type for the object '/home/wangjiarui/artgym-runtime/opt/isaacgym/python/isaacgym/_bindings/linux-x86_64//libboost_thread.so' {d_type = 0x00000000}
[Warning] [carb] unknown type for the object '/home/wangjiarui/artgym-runtime/opt/isaacgym/python/isaacgym/_bindings/linux-x86_64//libboost_filesystem.so' {d_type = 0x00000000}
[Warning] [carb] unknown type for the object '/home/wangjiarui/artgym-runtime/opt/isaacgym/python/isaacgym/_bindings/linux-x86_64//libboost_date_time.so' {d_type = 0x00000000}
[Warning] [carb] unknown type for the object '/home/wangjiarui/artgym-runtime/opt/isaacgym/python/isaacgym/_bindings/linux-x86_64//libboost_system.so' {d_type = 0x00000000}
[Warning] [carb] unknown type for the object '/home/wangjiarui/artgym-runtime/opt/isaacgym/python/isaacgym/_bindings/linux-x86_64//libboost_python36.so' {d_type = 0x00000000}
[Warning] [carb] unknown type for the object '/home/wangjiarui/artgym-runtime/opt/isaacgym/python/isaacgym/_bindings/linux-x86_64//libboost_regex.so' {d_type = 0x00000000}
[Warning] [carb] unknown type for the object '/home/wangjiarui/artgym-runtime/opt/isaacgym/python/isaacgym/_bindings/linux-x86_64//libpython3.6m.so' {d_type = 0x00000000}
[Warning] [carb] unknown type for the object '/home/wangjiarui/artgym-runtime/opt/isaacgym/python/isaacgym/_bindings/linux-x86_64//libGLEW.so' {d_type = 0x00000000}
[Warning] [carb] unknown type for the object '/home/wangjiarui/artgym-runtime/opt/isaacgym/python/isaacgym/_bindings/linux-x86_64//libboost_atomic.so' {d_type = 0x00000000}
[Warning] [carb] unknown type for the object '/home/wangjiarui/artgym-runtime/opt/isaacgym/python/isaacgym/_bindings/linux-x86_64//libembree.so' {d_type = 0x00000000}
[Warning] [carb] unknown type for the object '/home/wangjiarui/artgym-runtime/opt/isaacgym/python/isaacgym/_bindings/linux-x86_64//libembree.so.2' {d_type = 0x00000000}
[Warning] [carb] unknown type for the object '/home/wangjiarui/artgym-runtime/opt/isaacgym/python/isaacgym/_bindings/linux-x86_64//libjemalloc.so' {d_type = 0x00000000}
[Warning] [carb] unknown type for the object '/home/wangjiarui/artgym-runtime/opt/isaacgym/python/isaacgym/_bindings/linux-x86_64//libboost_python27.so' {d_type = 0x00000000}
[Warning] [carb] unknown type for the object '/home/wangjiarui/artgym-runtime/opt/isaacgym/python/isaacgym/_bindings/linux-x86_64//libGLEW.so.2.0' {d_type = 0x00000000}
[Warning] [carb] unknown type for the object '/home/wangjiarui/artgym-runtime/opt/isaacgym/python/isaacgym/_bindings/linux-x86_64//libosdCPU.so' {d_type = 0x00000000}
[Warning] [carb] unknown type for the object '/home/wangjiarui/artgym-runtime/opt/isaacgym/python/isaacgym/_bindings/linux-x86_64//libboost_program_options.so' {d_type = 0x00000000}
[Warning] [carb] unknown type for the object '/home/wangjiarui/artgym-runtime/opt/isaacgym/python/isaacgym/_bindings/linux-x86_64//libosdGPU.so' {d_type = 0x00000000}
[Warning] [carb] unknown type for the object '/home/wangjiarui/artgym-runtime/opt/isaacgym/python/isaacgym/_bindings/linux-x86_64//libboost_thread.so' {d_type = 0x00000000}
[Warning] [carb] unknown type for the object '/home/wangjiarui/artgym-runtime/opt/isaacgym/python/isaacgym/_bindings/linux-x86_64//libboost_filesystem.so' {d_type = 0x00000000}
[Warning] [carb] unknown type for the object '/home/wangjiarui/artgym-runtime/opt/isaacgym/python/isaacgym/_bindings/linux-x86_64//libboost_date_time.so' {d_type = 0x00000000}
[Warning] [carb] unknown type for the object '/home/wangjiarui/artgym-runtime/opt/isaacgym/python/isaacgym/_bindings/linux-x86_64//libboost_system.so' {d_type = 0x00000000}
[Warning] [carb] unknown type for the object '/home/wangjiarui/artgym-runtime/opt/isaacgym/python/isaacgym/_bindings/linux-x86_64//libboost_python36.so' {d_type = 0x00000000}
[Warning] [carb] unknown type for the object '/home/wangjiarui/artgym-runtime/opt/isaacgym/python/isaacgym/_bindings/linux-x86_64//libboost_regex.so' {d_type = 0x00000000}
[Warning] [carb] unknown type for the object '/home/wangjiarui/artgym-runtime/opt/isaacgym/python/isaacgym/_bindings/linux-x86_64//libpython3.6m.so' {d_type = 0x00000000}
[Warning] [carb] unknown type for the object '/home/wangjiarui/artgym-runtime/opt/isaacgym/python/isaacgym/_bindings/linux-x86_64//libGLEW.so' {d_type = 0x00000000}
[Warning] [carb] unknown type for the object '/home/wangjiarui/artgym-runtime/opt/isaacgym/python/isaacgym/_bindings/linux-x86_64//libboost_atomic.so' {d_type = 0x00000000}
[Warning] [carb] unknown type for the object '/home/wangjiarui/artgym-runtime/opt/isaacgym/python/isaacgym/_bindings/linux-x86_64//libembree.so' {d_type = 0x00000000}
[Warning] [carb] unknown type for the object '/home/wangjiarui/artgym-runtime/opt/isaacgym/python/isaacgym/_bindings/linux-x86_64//libembree.so.2' {d_type = 0x00000000}
[Warning] [carb] unknown type for the object '/home/wangjiarui/artgym-runtime/opt/isaacgym/python/isaacgym/_bindings/linux-x86_64//libjemalloc.so' {d_type = 0x00000000}
[Warning] [carb] unknown type for the object '/home/wangjiarui/artgym-runtime/opt/isaacgym/python/isaacgym/_bindings/linux-x86_64//libboost_python27.so' {d_type = 0x00000000}
[Warning] [carb] unknown type for the object '/home/wangjiarui/artgym-runtime/opt/isaacgym/python/isaacgym/_bindings/linux-x86_64//libGLEW.so.2.0' {d_type = 0x00000000}
[Warning] [carb] unknown type for the object '/home/wangjiarui/artgym-runtime/opt/isaacgym/python/isaacgym/_bindings/linux-x86_64//libosdCPU.so' {d_type = 0x00000000}
[Warning] [carb] unknown type for the object '/home/wangjiarui/artgym-runtime/opt/isaacgym/python/isaacgym/_bindings/linux-x86_64//libboost_program_options.so' {d_type = 0x00000000}
[Warning] [carb] unknown type for the object '/home/wangjiarui/artgym-runtime/opt/isaacgym/python/isaacgym/_bindings/linux-x86_64//libosdGPU.so' {d_type = 0x00000000}
[Warning] [carb] unknown type for the object '/home/wangjiarui/artgym-runtime/opt/isaacgym/python/isaacgym/_bindings/linux-x86_64//libboost_thread.so' {d_type = 0x00000000}
[Warning] [carb] unknown type for the object '/home/wangjiarui/artgym-runtime/opt/isaacgym/python/isaacgym/_bindings/linux-x86_64//libboost_filesystem.so' {d_type = 0x00000000}
[Warning] [carb] unknown type for the object '/home/wangjiarui/artgym-runtime/opt/isaacgym/python/isaacgym/_bindings/linux-x86_64//libboost_date_time.so' {d_type = 0x00000000}
[Warning] [carb] unknown type for the object '/home/wangjiarui/artgym-runtime/opt/isaacgym/python/isaacgym/_bindings/linux-x86_64//libboost_system.so' {d_type = 0x00000000}
[Warning] [carb] unknown type for the object '/home/wangjiarui/artgym-runtime/opt/isaacgym/python/isaacgym/_bindings/linux-x86_64//libboost_python36.so' {d_type = 0x00000000}
[Warning] [carb] unknown type for the object '/home/wangjiarui/artgym-runtime/opt/isaacgym/python/isaacgym/_bindings/linux-x86_64//libboost_regex.so' {d_type = 0x00000000}
[Warning] [carb] unknown type for the object '/home/wangjiarui/artgym-runtime/opt/isaacgym/python/isaacgym/_bindings/linux-x86_64//libpython3.6m.so' {d_type = 0x00000000}
[Warning] [carb] unknown type for the object '/home/wangjiarui/artgym-runtime/opt/isaacgym/python/isaacgym/_bindings/linux-x86_64//libGLEW.so' {d_type = 0x00000000}
[Warning] [carb] unknown type for the object '/home/wangjiarui/artgym-runtime/opt/isaacgym/python/isaacgym/_bindings/linux-x86_64//libboost_atomic.so' {d_type = 0x00000000}
[Warning] [carb] unknown type for the object '/home/wangjiarui/artgym-runtime/opt/isaacgym/python/isaacgym/_bindings/linux-x86_64//libembree.so' {d_type = 0x00000000}
[Warning] [carb] unknown type for the object '/home/wangjiarui/artgym-runtime/opt/isaacgym/python/isaacgym/_bindings/linux-x86_64//libembree.so.2' {d_type = 0x00000000}
[Warning] [carb] unknown type for the object '/home/wangjiarui/artgym-runtime/opt/isaacgym/python/isaacgym/_bindings/linux-x86_64//libjemalloc.so' {d_type = 0x00000000}
[Warning] [carb] unknown type for the object '/home/wangjiarui/artgym-runtime/opt/isaacgym/python/isaacgym/_bindings/linux-x86_64//libboost_python27.so' {d_type = 0x00000000}
[Warning] [carb] unknown type for the object '/home/wangjiarui/artgym-runtime/opt/isaacgym/python/isaacgym/_bindings/linux-x86_64//libGLEW.so.2.0' {d_type = 0x00000000}
[Warning] [carb] unknown type for the object '/home/wangjiarui/artgym-runtime/opt/isaacgym/python/isaacgym/_bindings/linux-x86_64//libosdCPU.so' {d_type = 0x00000000}
[Warning] [carb] unknown type for the object '/home/wangjiarui/artgym-runtime/opt/isaacgym/python/isaacgym/_bindings/linux-x86_64//libboost_program_options.so' {d_type = 0x00000000}
[Warning] [carb] unknown type for the object '/home/wangjiarui/artgym-runtime/opt/isaacgym/python/isaacgym/_bindings/linux-x86_64//libosdGPU.so' {d_type = 0x00000000}
[Warning] [carb] unknown type for the object '/home/wangjiarui/artgym-runtime/opt/isaacgym/python/isaacgym/_bindings/linux-x86_64//libboost_thread.so' {d_type = 0x00000000}
[Warning] [carb] unknown type for the object '/home/wangjiarui/artgym-runtime/opt/isaacgym/python/isaacgym/_bindings/linux-x86_64//libboost_filesystem.so' {d_type = 0x00000000}
[Warning] [carb] unknown type for the object '/home/wangjiarui/artgym-runtime/opt/isaacgym/python/isaacgym/_bindings/linux-x86_64//libboost_date_time.so' {d_type = 0x00000000}
[Warning] [carb] unknown type for the object '/home/wangjiarui/artgym-runtime/opt/isaacgym/python/isaacgym/_bindings/linux-x86_64//libboost_system.so' {d_type = 0x00000000}
[Warning] [carb] unknown type for the object '/home/wangjiarui/artgym-runtime/opt/isaacgym/python/isaacgym/_bindings/linux-x86_64//libboost_python36.so' {d_type = 0x00000000}
[Warning] [carb] unknown type for the object '/home/wangjiarui/artgym-runtime/opt/isaacgym/python/isaacgym/_bindings/linux-x86_64//libboost_regex.so' {d_type = 0x00000000}
[Warning] [carb] unknown type for the object '/home/wangjiarui/artgym-runtime/opt/isaacgym/python/isaacgym/_bindings/linux-x86_64//libpython3.6m.so' {d_type = 0x00000000}
[Warning] [carb] unknown type for the object '/home/wangjiarui/artgym-runtime/opt/isaacgym/python/isaacgym/_bindings/linux-x86_64//libGLEW.so' {d_type = 0x00000000}
[Warning] [carb] unknown type for the object '/home/wangjiarui/artgym-runtime/opt/isaacgym/python/isaacgym/_bindings/linux-x86_64//libboost_atomic.so' {d_type = 0x00000000}
[Warning] [carb] unknown type for the object '/home/wangjiarui/artgym-runtime/opt/isaacgym/python/isaacgym/_bindings/linux-x86_64//libembree.so' {d_type = 0x00000000}
[Warning] [carb] unknown type for the object '/home/wangjiarui/artgym-runtime/opt/isaacgym/python/isaacgym/_bindings/linux-x86_64//libembree.so.2' {d_type = 0x00000000}
[Warning] [carb] unknown type for the object '/home/wangjiarui/artgym-runtime/opt/isaacgym/python/isaacgym/_bindings/linux-x86_64//libjemalloc.so' {d_type = 0x00000000}
[Warning] [carb] unknown type for the object '/home/wangjiarui/artgym-runtime/opt/isaacgym/python/isaacgym/_bindings/linux-x86_64//libboost_python27.so' {d_type = 0x00000000}
[Warning] [carb] unknown type for the object '/home/wangjiarui/artgym-runtime/opt/isaacgym/python/isaacgym/_bindings/linux-x86_64//libGLEW.so.2.0' {d_type = 0x00000000}
[Warning] [carb] unknown type for the object '/home/wangjiarui/artgym-runtime/opt/isaacgym/python/isaacgym/_bindings/linux-x86_64//libosdCPU.so' {d_type = 0x00000000}
[Warning] [carb] unknown type for the object '/home/wangjiarui/artgym-runtime/opt/isaacgym/python/isaacgym/_bindings/linux-x86_64//libboost_program_options.so' {d_type = 0x00000000}
[Warning] [carb] unknown type for the object '/home/wangjiarui/artgym-runtime/opt/isaacgym/python/isaacgym/_bindings/linux-x86_64//libosdGPU.so' {d_type = 0x00000000}
[Warning] [carb] unknown type for the object '/home/wangjiarui/artgym-runtime/opt/isaacgym/python/isaacgym/_bindings/linux-x86_64//libboost_thread.so' {d_type = 0x00000000}
[Warning] [carb] unknown type for the object '/home/wangjiarui/artgym-runtime/opt/isaacgym/python/isaacgym/_bindings/linux-x86_64//libboost_filesystem.so' {d_type = 0x00000000}
[Warning] [carb] unknown type for the object '/home/wangjiarui/artgym-runtime/opt/isaacgym/python/isaacgym/_bindings/linux-x86_64//libboost_date_time.so' {d_type = 0x00000000}
[Warning] [carb] unknown type for the object '/home/wangjiarui/artgym-runtime/opt/isaacgym/python/isaacgym/_bindings/linux-x86_64//libboost_system.so' {d_type = 0x00000000}
Setting GYM_USD_PLUG_INFO_PATH to /home/wangjiarui/artgym-runtime/opt/isaacgym/python/isaacgym/_bindings/linux-x86_64/usd/plugInfo.json
Gym has been unmaintained since 2022 and does not support NumPy 2.0 amongst other critical functionality.
Please upgrade to Gymnasium, the maintained drop-in replacement of Gym, or contact the authors of your software and request that they upgrade.
Users of this version of Gym should be able to simply replace 'import gym' with 'import gymnasium as gym' in the vast majority of cases.
See the migration guide at https://gymnasium.farama.org/introduction/migration_guide/ for additional information.
/home/wangjiarui/artgym-multigrasp-20260928/isaacgymenvs/train.py:81: Hydra14MigrationWarning: 
version_base="1.1" selects Hydra 1.1 compatibility behavior.
Hydra 1.4 will remove this compatibility behavior.
Before upgrading to Hydra 1.4, set version_base="1.3" and test your application.
See https://hydra.cc/docs/upgrades/1.3_to_1.4/prepare_for_1_4/ for preparation instructions.
  @hydra.main(version_base="1.1", config_name="config", config_path="./cfg")
/home/wangjiarui/artgym-runtime/lib/python3.8/site-packages/hydra/_internal/hydra.py:119: UserWarning: Future Hydra versions will no longer change working directory at job runtime by default.
See https://hydra.cc/docs/1.2/upgrades/1.1_to_1.2/changes_to_job_working_dir/ for more information.
  ret = run_job(
PyTorch version 2.1.0+cu121
Device count 1
/home/wangjiarui/artgym-runtime/opt/isaacgym/python/isaacgym/_bindings/src/gymtorch
Using /home/wangjiarui/.cache/torch_extensions/py38_cu121 as PyTorch extensions root...
Emitting ninja build file /home/wangjiarui/.cache/torch_extensions/py38_cu121/gymtorch/build.ninja...
Building extension module gymtorch...
Using envvar MAX_JOBS (2) as the number of workers...
ninja: no work to do.
Loading extension module gymtorch...
task: 
    name: wuji_multigrasp
    physics_engine: physx
    env: 
        numEnvs: 5120
        envSpacing: 0.75
        episodeLength: 600
        enableDebugVis: False
        aggregateMode: 0
        successHoldDurationSec: 0.3
        successHoldDurationRangeSec: [0.3, 0.3]
        maxConsecutiveSuccesses: 0
        goalSwitchTimeoutSec: 0.0
        jointNoise: 0.0
        dofSpeedScale: 1.0
        useRelativeControl: False
        graspSplit: train
        rewardWeightCurriculum: 
            ObjPosDeviation: -0.5
            ObjRotDeviation: -0.02
            StableContact: 0.0
        rewardWeightCurriculumSchedule: 
            warmupSteps: 200
            totalSteps: 2000
        binaryTactileThreshold: 0.05
        actionsMovingAverage: 1.0
        controlFrequencyInv: 4
        forceScale: 0.0
        forceProbRange: [0.001, 0.1]
        forceDecay: 0.99
        forceDecayInterval: 0.08
        policyObsDim: 111
        privilegedObsDim: 21
        studentInitObsDim: 55
        proprioHistoryLen: 50
        enableCameraSensors: False
        camera: 
            height: 1080
            width: 1920
            horizontal_fov: 75
            use_collision_geometry: True
            cam_pos: [0.0, 0.2, 1.0]
            cam_target: [0.0, -0.15, 0.5]
        rewardProtocol: corrected
        supportActionSpan: 0.2
        thumbActionStep: 0.025
        aliveReward: 0.1
        initialPoseNoise: 
            position_m: 0.0005
            joint_rad: 0.01
            rotation_vector_rad: 0.008726646259971648
            ramp_epochs: 0
        absolutePoseObjective: 
            coefficient: 1.0
            position_scale_m: 0.01
            rotation_scale_rad: 0.25
            ramp_epochs: 0
        commandPeriodSec: 2.0
        evaluationGoalTimeoutSec: 10.0
        trainingCommandDurationsSec: [2.0, 5.0]
        endpointHoldReward: 0.0
        trainingStates: research/multigrasp-20260928/data/more.npy
    task: 
        randomize: False
        randomization_params: 
    sim: 
        dt: 0.008333333333333333
        substeps: 4
        up_axis: z
        use_gpu_pipeline: True
        gravity: [0.0, 0.0, -9.81]
        physx: 
            num_threads: 4
            solver_type: 1
            use_gpu: True
            num_position_iterations: 16
            num_velocity_iterations: 4
            max_gpu_contact_pairs: 1048576
            num_subscenes: 0
            contact_offset: 0.002
            rest_offset: 0.0
            bounce_threshold_velocity: 0.2
            max_depenetration_velocity: 100.0
            default_buffer_size_multiplier: 2.0
            contact_collection: 2
object: 
    task: 
        success_threshold: 0.002
        rot_devia_threshold: 1.57
        pos_devia_threshold: 0.05
        goals: [0.04, 0.0]
        contact_num: 5
    asset: 
        type: knife
        asset_root: assets/objects/knife_wuji_bridge3_20260922
        instance_id_list: ['000']
        asset_file: mobility.urdf
        initDof: lower
        disgravity_part: []
        disfriction_part: []
        disrbforce_part: []
        dissimulate_part: []
    default_props: 
        mass: [0.029, 0.006]
        friction: 3.0
        dof_stiffness: 0.0
        dof_damping: 0.3
    randomization: 
        randomize: False
        dof_properties: 
            damping: 
                range: [0.7, 1.3]
                operation: scaling
                distribution: uniform
        rigid_body_properties: 
            by_body: 
                link_0: 
                    mass: 
                        range: [1.0, 5.0]
                        operation: scaling
                        distribution: uniform
                link_1: 
                    mass: 
                        range: [1.0, 2.0]
                        operation: scaling
                        distribution: uniform
        rigid_shape_properties: 
            friction: 
                num_buckets: 250
                range: [-1.0, 1.0]
                operation: additive
                distribution: uniform
    reward: 
        ObjPosDeviation: -0.5
        ObjRotDeviation: -0.02
        StableContact: 0.0
        HandQposDeviation: -0.001
        GoalDistance1: 1000.0
        GoalDistance2: 0.1
        Smooth: -1.0
        Drop: -25.0
        Success: 50.0
hand: 
    type: wuji
    asset: assets/hands/wuji_artbot/right.urdf
    self_collisions: True
    force_links: ['hand_r_thumb_pad_link', 'hand_r_index_pad_link', 'hand_r_middle_pad_link', 'hand_r_ring_pad_link', 'hand_r_pinky_pad_link']
    track_links: ['hand_r_thumb_pad_link', 'hand_r_index_pad_link', 'hand_r_middle_pad_link', 'hand_r_ring_pad_link', 'hand_r_pinky_pad_link']
    dof_names: ['hand_r_index_joint1', 'hand_r_index_joint2', 'hand_r_index_joint3', 'hand_r_index_joint4', 'hand_r_middle_joint1', 'hand_r_middle_joint2', 'hand_r_middle_joint3', 'hand_r_middle_joint4', 'hand_r_pinky_joint1', 'hand_r_pinky_joint2', 'hand_r_pinky_joint3', 'hand_r_pinky_joint4', 'hand_r_ring_joint1', 'hand_r_ring_joint2', 'hand_r_ring_joint3', 'hand_r_ring_joint4', 'hand_r_thumb_joint1', 'hand_r_thumb_joint2', 'hand_r_thumb_joint3', 'hand_r_thumb_joint4']
    dof_props: 
        stiffness: [0.37352218155860073, 0.45592448909027794, 0.24368366649522863, 0.18026971340925335, 0.3687093483646485, 0.4164253443634641, 0.22218607502059182, 0.19427606072023446, 0.3655325975433942, 0.41393113081120425, 0.22729367621965954, 0.1964723550341816, 0.35718151495111794, 0.42977315313086895, 0.24930151196247122, 0.2285032688178066, 0.40844710645048043, 0.6858601063643346, 0.2391112196099482, 0.20736128319711747]
        damping: [0.01882274330029718, 0.019798167597016643, 0.010477031953162727, 0.008240212147903584, 0.01848622487024593, 0.018032947229953678, 0.009592200014076666, 0.009152994605972402, 0.018616960278988272, 0.018732177029667153, 0.00951005441616486, 0.009017295241756363, 0.018376606800780005, 0.01867700966212433, 0.01059512121009555, 0.009917602877441107, 0.020882010257063675, 0.030610939996373314, 0.010181475050560962, 0.00909698844675045]
        friction: [0.0, 0.0, 0.0, 0.0, 0.0, 0.0, 0.0, 0.0, 0.0, 0.0, 0.0, 0.0, 0.0, 0.0, 0.0, 0.0, 0.0, 0.0, 0.0, 0.0]
        armature: [0.0005, 0.0002, 0.0002, 0.0002, 0.0005, 0.0002, 0.0002, 0.0002, 0.0005, 0.0002, 0.0002, 0.0002, 0.0005, 0.0002, 0.0002, 0.0002, 0.0005, 0.0005, 0.0002, 0.0002]
    task: 
        numActions: 20
        propDim: 40
        policyObsDim: 111
        studentInitObsDim: 55
    randomization: 
        randomize: False
    self_collision_mode: digit_filtered
train: 
    params: 
        seed: 2026092801
        algo: 
            name: a2c_continuous
        model: 
            name: continuous_a2c_logstd
        network: 
            name: actor_critic_sapg_priv
            separate: True
            space: 
                continuous: 
                    mu_activation: None
                    sigma_activation: None
                    mu_init: 
                        name: const_initializer
                        val: 0.0
                    sigma_init: 
                        name: const_initializer
                        val: -1.0
                    fixed_sigma: coef_cond
            mlp: 
                units: [512, 256, 128]
                activation: elu
                d2rl: False
                initializer: 
                    name: default
                regularizer: 
                    name: None
            rnn: 
                name: lstm
                units: 512
                layers: 1
                before_mlp: True
                layer_norm: True
            sapg_priv: 
                policy_obs_dim: 111
                privileged_obs_dim: 21
                critic_policy_contact_dim: 5
                expl_embedding_dim: 32
                encoder: 
                    units: [256, 128, 16]
                    activation: elu
                    initializer: 
                        name: default
                student_encoder: 
                    type: auto
                    init_dim: 55
                    proprio_encoder: 
                        units: [128, 64]
                        activation: elu
                        initializer: 
                            name: default
                    init_encoder: 
                        units: [128, 64]
                        activation: elu
                        initializer: 
                            name: default
                    temporal: 
                        type: tconv
                        hidden_size: 192
                        num_layers: 5
                        kernel_size: 3
                        dilation_growth: 2
                        activation: elu
                        dropout: 0.05
                    latent_head: 
                        units: [128]
                        activation: elu
                        initializer: 
                            name: default
        load_checkpoint: False
        load_path: 
        config: 
            name: mg_D_seed2801
            full_experiment_name: mg_D_seed2801
            env_name: rlgpu
            multi_gpu: False
            ppo: True
            mixed_precision: False
            normalize_input: True
            normalize_value: True
            value_bootstrap: False
            num_actors: 5120
            reward_shaper: 
                scale_value: 1.0
            normalize_advantage: True
            gamma: 0.998
            tau: 0.95
            learning_rate: 0.0002
            lr_schedule: adaptive
            schedule_type: standard
            kl_threshold: 0.016
            score_to_win: 100000
            max_epochs: 1000
            save_best_after: 50
            save_frequency: 250
            print_stats: True
            grad_norm: 1.0
            entropy_coef: 0
            truncate_grads: True
            e_clip: 0.2
            horizon_length: 32
            minibatch_size: 32768
            mini_epochs: 4
            critic_coef: 4
            clip_value: True
            seq_length: 32
            bounds_loss_coef: 0.0001
            defer_summaries_sec: 5
            summaries_interval_sec_min: 5
            summaries_interval_sec_max: 100
            expl_type: mixed_expl_learn_param
            player: 
                deterministic: True
                use_vecenv: True
                games_num: 1000000
                print_stats: False
            use_others_experience: lf
            off_policy_ratio: 1.0
            expl_reward_type: entropy
            expl_reward_coef_scale: 0.005
            expl_coef_block_size: 1024
            managed_checkpoints: True
            checkpoint_first_epoch: 10
            checkpoint_keep_recent: 10
            checkpoint_milestone_frequency: 500
            evaluation_frequency: 100000
pbt: 
    enabled: False
task_name: wuji_multigrasp
experiment: mg_D_seed2801
num_envs: 5120
seed: 2026092801
torch_deterministic: False
max_iterations: 1000
physics_engine: physx
pipeline: gpu
sim_device: cuda:0
rl_device: cuda:0
graphics_device_id: -1
num_threads: 4
solver_type: 1
num_subscenes: 0
test: False
checkpoint: 
sigma: 
multi_gpu: False
asset_dir: 
capture_video: False
capture_video_freq: 1500
capture_video_len: 100
force_render: False
headless: True
Setting seed: 2026092801
self.seed = 2026092801
Started to train
Exact experiment name requested from command line: mg_D_seed2801
/home/wangjiarui/artgym-runtime/lib/python3.8/site-packages/gym/spaces/box.py:127: UserWarning: [33mWARN: Box bound precision lowered by casting to float32[0m
  logger.warn(f"Box bound precision lowered by casting to {self.dtype}")
Not connected to PVD
+++ Using GPU PhysX
Physics Engine: PhysX
Physics Device: cuda:0
GPU Pipeline: enabled
Box(-1.0, 1.0, (20,), float32) Box(-inf, inf, (137,), float32)
seq_length: 32
current training device: cuda:0
num_minibatches: 5
build mlp: 21
build mlp: 21
build mlp: 512
build mlp: 512
RunningMeanStd:  (1,)
RunningMeanStd:  (137,)
/home/wangjiarui/artgym-multigrasp-20260928/rl_games/rl_games/algos_torch/torch_ext.py:347: UserWarning: To copy construct from a tensor, it is recommended to use sourceTensor.clone().detach() or sourceTensor.clone().detach().requires_grad_(True), rather than torch.tensor(sourceTensor).
  self.current_size = torch.tensor(size_sum, dtype = torch.int32)

Timing:
  Play time               : 13.479 s
  Update time             : 1.455 s
  Time to train epoch     : 14.934 s


Statistics:
  fps step                    : 12,526
  fps step + policy inference : 12,155
  fps total                   : 10,971
  epoch                       : 1 / 1,000
  frames                      : 163,840


Policy 0: 
Timing:
  Play time               : 12.821 s
  Update time             : 1.310 s
  Time to train epoch     : 14.131 s


Statistics:
  fps step                    : 12,986
  fps step + policy inference : 12,779
  fps total                   : 11,595
  epoch                       : 2 / 1,000
  frames                      : 327,680


Policy 0: 
Timing:
  Play time               : 12.908 s
  Update time             : 1.116 s
  Time to train epoch     : 14.024 s


Statistics:
  fps step                    : 12,886
  fps step + policy inference : 12,693
  fps total                   : 11,683
  epoch                       : 3 / 1,000
  frames                      : 491,520


Policy 0: 
Timing:
  Play time               : 13.049 s
  Update time             : 1.111 s
  Time to train epoch     : 14.161 s


Statistics:
  fps step                    : 12,743
  fps step + policy inference : 12,555
  fps total                   : 11,570
  epoch                       : 4 / 1,000
  frames                      : 655,360


Policy 0: 
Timing:
  Play time               : 12.957 s
  Update time             : 1.109 s
  Time to train epoch     : 14.066 s


Statistics:
  fps step                    : 12,829
  fps step + policy inference : 12,645
  fps total                   : 11,648
  epoch                       : 5 / 1,000
  frames                      : 819,200


Policy 0: 
Timing:
  Play time               : 13.323 s
  Update time             : 1.104 s
  Time to train epoch     : 14.427 s


Statistics:
  fps step                    : 12,475
  fps step + policy inference : 12,298
  fps total                   : 11,357
  epoch                       : 6 / 1,000
  frames                      : 983,040


Policy 0: 
Timing:
  Play time               : 13.102 s
  Update time             : 1.101 s
  Time to train epoch     : 14.202 s


Statistics:
  fps step                    : 12,681
  fps step + policy inference : 12,505
  fps total                   : 11,536
  epoch                       : 7 / 1,000
  frames                      : 1,146,880


Policy 0: 
Timing:
  Play time               : 13.393 s
  Update time             : 1.096 s
  Time to train epoch     : 14.490 s


Statistics:
  fps step                    : 12,398
  fps step + policy inference : 12,233
  fps total                   : 11,307
  epoch                       : 8 / 1,000
  frames                      : 1,310,720


Policy 0: 
Timing:
  Play time               : 13.279 s
  Update time             : 1.034 s
  Time to train epoch     : 14.313 s


Statistics:
  fps step                    : 12,503
  fps step + policy inference : 12,338
  fps total                   : 11,447
  epoch                       : 9 / 1,000
  frames                      : 1,474,560


Policy 0: 
Timing:
  Play time               : 13.216 s
  Update time             : 1.100 s
  Time to train epoch     : 14.316 s


Statistics:
  fps step                    : 12,564
  fps step + policy inference : 12,397
  fps total                   : 11,445
  epoch                       : 10 / 1,000
  frames                      : 1,638,400


Policy 0: saving next best rewards:  [-275.02]
=> saving checkpoint 'runs/mg_D_seed2801/nn/mg_D_seed2801.pth'
Saved recovery checkpoint runs/mg_D_seed2801/checkpoints/epoch_000010.pth; evaluation_due=True

Timing:
  Play time               : 13.169 s
  Update time             : 1.008 s
  Time to train epoch     : 14.177 s


Statistics:
  fps step                    : 12,609
  fps step + policy inference : 12,442
  fps total                   : 11,557
  epoch                       : 11 / 1,000
  frames                      : 1,802,240


Policy 0: 
Timing:
  Play time               : 13.320 s
  Update time             : 0.935 s
  Time to train epoch     : 14.254 s


Statistics:
  fps step                    : 12,468
  fps step + policy inference : 12,301
  fps total                   : 11,494
  epoch                       : 12 / 1,000
  frames                      : 1,966,080


Policy 0: 
Timing:
  Play time               : 13.527 s
  Update time             : 1.100 s
  Time to train epoch     : 14.627 s


Statistics:
  fps step                    : 12,273
  fps step + policy inference : 12,112
  fps total                   : 11,202
  epoch                       : 13 / 1,000
  frames                      : 2,129,920


Policy 0: 
Timing:
  Play time               : 13.484 s
  Update time             : 1.107 s
  Time to train epoch     : 14.591 s


Statistics:
  fps step                    : 12,322
  fps step + policy inference : 12,150
  fps total                   : 11,229
  epoch                       : 14 / 1,000
  frames                      : 2,293,760


Policy 0: 
Timing:
  Play time               : 13.598 s
  Update time             : 0.955 s
  Time to train epoch     : 14.553 s


Statistics:
  fps step                    : 12,212
  fps step + policy inference : 12,049
  fps total                   : 11,258
  epoch                       : 15 / 1,000
  frames                      : 2,457,600


Policy 0: 
Timing:
  Play time               : 13.397 s
  Update time             : 1.049 s
  Time to train epoch     : 14.446 s


Statistics:
  fps step                    : 12,400
  fps step + policy inference : 12,229
  fps total                   : 11,341
  epoch                       : 16 / 1,000
  frames                      : 2,621,440


Policy 0: 
Timing:
  Play time               : 13.360 s
  Update time             : 1.113 s
  Time to train epoch     : 14.473 s


Statistics:
  fps step                    : 12,438
  fps step + policy inference : 12,264
  fps total                   : 11,320
  epoch                       : 17 / 1,000
  frames                      : 2,785,280


Policy 0: 
Timing:
  Play time               : 13.367 s
  Update time             : 1.004 s
  Time to train epoch     : 14.371 s


Statistics:
  fps step                    : 12,434
  fps step + policy inference : 12,257
  fps total                   : 11,401
  epoch                       : 18 / 1,000
  frames                      : 2,949,120


Policy 0: 
Timing:
  Play time               : 13.539 s
  Update time             : 0.994 s
  Time to train epoch     : 14.533 s


Statistics:
  fps step                    : 12,314
  fps step + policy inference : 12,102
  fps total                   : 11,274
  epoch                       : 19 / 1,000
  frames                      : 3,112,960


Policy 0: 
Timing:
  Play time               : 13.215 s
  Update time             : 1.088 s
  Time to train epoch     : 14.304 s


Statistics:
  fps step                    : 12,619
  fps step + policy inference : 12,398
  fps total                   : 11,454
  epoch                       : 20 / 1,000
  frames                      : 3,276,800


Policy 0: 
Timing:
  Play time               : 13.149 s
  Update time             : 1.097 s
  Time to train epoch     : 14.246 s


Statistics:
  fps step                    : 12,675
  fps step + policy inference : 12,460
  fps total                   : 11,501
  epoch                       : 21 / 1,000
  frames                      : 3,440,640


Policy 0: 
Timing:
  Play time               : 13.112 s
  Update time             : 1.020 s
  Time to train epoch     : 14.132 s


Statistics:
  fps step                    : 12,722
  fps step + policy inference : 12,495
  fps total                   : 11,594
  epoch                       : 22 / 1,000
  frames                      : 3,604,480


Policy 0: 
Timing:
  Play time               : 13.215 s
  Update time             : 0.986 s
  Time to train epoch     : 14.201 s


Statistics:
  fps step                    : 12,616
  fps step + policy inference : 12,398
  fps total                   : 11,537
  epoch                       : 23 / 1,000
  frames                      : 3,768,320


Policy 0: 
Timing:
  Play time               : 13.088 s
  Update time             : 1.013 s
  Time to train epoch     : 14.100 s


Statistics:
  fps step                    : 12,739
  fps step + policy inference : 12,519
  fps total                   : 11,620
  epoch                       : 24 / 1,000
  frames                      : 3,932,160


Policy 0: 
Timing:
  Play time               : 12.962 s
  Update time             : 1.121 s
  Time to train epoch     : 14.083 s


Statistics:
  fps step                    : 12,858
  fps step + policy inference : 12,640
  fps total                   : 11,634
  epoch                       : 25 / 1,000
  frames                      : 4,096,000


Policy 0: 
Timing:
  Play time               : 13.148 s
  Update time             : 1.103 s
  Time to train epoch     : 14.250 s


Statistics:
  fps step                    : 12,665
  fps step + policy inference : 12,462
  fps total                   : 11,497
  epoch                       : 26 / 1,000
  frames                      : 4,259,840


Policy 0: 
Timing:
  Play time               : 13.186 s
  Update time             : 0.966 s
  Time to train epoch     : 14.152 s


Statistics:
  fps step                    : 12,624
  fps step + policy inference : 12,425
  fps total                   : 11,577
  epoch                       : 27 / 1,000
  frames                      : 4,423,680


Policy 0: 
Timing:
  Play time               : 13.170 s
  Update time             : 0.982 s
  Time to train epoch     : 14.151 s


Statistics:
  fps step                    : 12,634
  fps step + policy inference : 12,441
  fps total                   : 11,578
  epoch                       : 28 / 1,000
  frames                      : 4,587,520


Policy 0: 
Timing:
  Play time               : 13.095 s
  Update time             : 1.114 s
  Time to train epoch     : 14.209 s


Statistics:
  fps step                    : 12,705
  fps step + policy inference : 12,511
  fps total                   : 11,531
  epoch                       : 29 / 1,000
  frames                      : 4,751,360


Policy 0: 
Timing:
  Play time               : 13.177 s
  Update time             : 1.105 s
  Time to train epoch     : 14.282 s


Statistics:
  fps step                    : 12,626
  fps step + policy inference : 12,434
  fps total                   : 11,472
  epoch                       : 30 / 1,000
  frames                      : 4,915,200


Policy 0: 
Timing:
  Play time               : 13.118 s
  Update time             : 1.003 s
  Time to train epoch     : 14.121 s


Statistics:
  fps step                    : 12,687
  fps step + policy inference : 12,490
  fps total                   : 11,603
  epoch                       : 31 / 1,000
  frames                      : 5,079,040


Policy 0: 
Timing:
  Play time               : 13.142 s
  Update time             : 0.970 s
  Time to train epoch     : 14.112 s


Statistics:
  fps step                    : 12,664
  fps step + policy inference : 12,467
  fps total                   : 11,610
  epoch                       : 32 / 1,000
  frames                      : 5,242,880


Policy 0: 
Timing:
  Play time               : 13.098 s
  Update time             : 1.072 s
  Time to train epoch     : 14.170 s


Statistics:
  fps step                    : 12,709
  fps step + policy inference : 12,509
  fps total                   : 11,563
  epoch                       : 33 / 1,000
  frames                      : 5,406,720


Policy 0: 
Timing:
  Play time               : 13.051 s
  Update time             : 1.118 s
  Time to train epoch     : 14.169 s


Statistics:
  fps step                    : 12,758
  fps step + policy inference : 12,553
  fps total                   : 11,563
  epoch                       : 34 / 1,000
  frames                      : 5,570,560


Policy 0: 
Timing:
  Play time               : 13.066 s
  Update time             : 1.035 s
  Time to train epoch     : 14.101 s


Statistics:
  fps step                    : 12,752
  fps step + policy inference : 12,539
  fps total                   : 11,619
  epoch                       : 35 / 1,000
  frames                      : 5,734,400


Policy 0: 
Timing:
  Play time               : 13.059 s
  Update time             : 0.982 s
  Time to train epoch     : 14.041 s


Statistics:
  fps step                    : 12,764
  fps step + policy inference : 12,546
  fps total                   : 11,669
  epoch                       : 36 / 1,000
  frames                      : 5,898,240


Policy 0: 
Timing:
  Play time               : 13.004 s
  Update time             : 0.963 s
  Time to train epoch     : 13.966 s


Statistics:
  fps step                    : 12,821
  fps step + policy inference : 12,599
  fps total                   : 11,731
  epoch                       : 37 / 1,000
  frames                      : 6,062,080


Policy 0: 
Timing:
  Play time               : 12.964 s
  Update time             : 0.962 s
  Time to train epoch     : 13.926 s


Statistics:
  fps step                    : 12,872
  fps step + policy inference : 12,638
  fps total                   : 11,765
  epoch                       : 38 / 1,000
  frames                      : 6,225,920


Policy 0: 
Timing:
  Play time               : 12.914 s
  Update time             : 1.015 s
  Time to train epoch     : 13.929 s


Statistics:
  fps step                    : 12,934
  fps step + policy inference : 12,687
  fps total                   : 11,763
  epoch                       : 39 / 1,000
  frames                      : 6,389,760


Policy 0: 
Timing:
  Play time               : 12.903 s
  Update time             : 1.080 s
  Time to train epoch     : 13.983 s


Statistics:
  fps step                    : 12,951
  fps step + policy inference : 12,698
  fps total                   : 11,717
  epoch                       : 40 / 1,000
  frames                      : 6,553,600


Policy 0: 
Timing:
  Play time               : 12.839 s
  Update time             : 1.045 s
  Time to train epoch     : 13.884 s


Statistics:
  fps step                    : 13,024
  fps step + policy inference : 12,761
  fps total                   : 11,800
  epoch                       : 41 / 1,000
  frames                      : 6,717,440


Policy 0: 
Timing:
  Play time               : 12.942 s
  Update time             : 1.025 s
  Time to train epoch     : 13.967 s


Statistics:
  fps step                    : 12,931
  fps step + policy inference : 12,660
  fps total                   : 11,730
  epoch                       : 42 / 1,000
  frames                      : 6,881,280


Policy 0: saving next best rewards:  [-247.67]
=> saving checkpoint 'runs/mg_D_seed2801/nn/mg_D_seed2801.pth'

Timing:
  Play time               : 13.075 s
  Update time             : 0.972 s
  Time to train epoch     : 14.048 s


Statistics:
  fps step                    : 12,804
  fps step + policy inference : 12,531
  fps total                   : 11,663
  epoch                       : 43 / 1,000
  frames                      : 7,045,120


Policy 0: saving next best rewards:  [-217.72]
=> saving checkpoint 'runs/mg_D_seed2801/nn/mg_D_seed2801.pth'

Timing:
  Play time               : 12.951 s
  Update time             : 0.976 s
  Time to train epoch     : 13.926 s


Statistics:
  fps step                    : 12,935
  fps step + policy inference : 12,651
  fps total                   : 11,765
  epoch                       : 44 / 1,000
  frames                      : 7,208,960


Policy 0: saving next best rewards:  [-189.75]
=> saving checkpoint 'runs/mg_D_seed2801/nn/mg_D_seed2801.pth'

Timing:
  Play time               : 13.098 s
  Update time             : 1.113 s
  Time to train epoch     : 14.211 s


Statistics:
  fps step                    : 12,791
  fps step + policy inference : 12,509
  fps total                   : 11,529
  epoch                       : 45 / 1,000
  frames                      : 7,372,800


Policy 0: saving next best rewards:  [-166.22]
=> saving checkpoint 'runs/mg_D_seed2801/nn/mg_D_seed2801.pth'

Timing:
  Play time               : 13.172 s
  Update time             : 1.127 s
  Time to train epoch     : 14.299 s


Statistics:
  fps step                    : 12,735
  fps step + policy inference : 12,438
  fps total                   : 11,458
  epoch                       : 46 / 1,000
  frames                      : 7,536,640


Policy 0: saving next best rewards:  [-141.59]
=> saving checkpoint 'runs/mg_D_seed2801/nn/mg_D_seed2801.pth'

Timing:
  Play time               : 13.178 s
  Update time             : 0.998 s
  Time to train epoch     : 14.176 s


Statistics:
  fps step                    : 12,739
  fps step + policy inference : 12,433
  fps total                   : 11,557
  epoch                       : 47 / 1,000
  frames                      : 7,700,480


Policy 0: saving next best rewards:  [-123.03]
=> saving checkpoint 'runs/mg_D_seed2801/nn/mg_D_seed2801.pth'

Timing:
  Play time               : 13.293 s
  Update time             : 0.985 s
  Time to train epoch     : 14.279 s


Statistics:
  fps step                    : 12,648
  fps step + policy inference : 12,325
  fps total                   : 11,475
  epoch                       : 48 / 1,000
  frames                      : 7,864,320


Policy 0: saving next best rewards:  [-108.55]
=> saving checkpoint 'runs/mg_D_seed2801/nn/mg_D_seed2801.pth'

Timing:
  Play time               : 13.844 s
  Update time             : 1.146 s
  Time to train epoch     : 14.990 s


Statistics:
  fps step                    : 12,155
  fps step + policy inference : 11,835
  fps total                   : 10,930
  epoch                       : 49 / 1,000
  frames                      : 8,028,160


Policy 0: saving next best rewards:  [-93.81]
=> saving checkpoint 'runs/mg_D_seed2801/nn/mg_D_seed2801.pth'

Timing:
  Play time               : 13.970 s
  Update time             : 1.117 s
  Time to train epoch     : 15.087 s


Statistics:
  fps step                    : 12,059
  fps step + policy inference : 11,728
  fps total                   : 10,860
  epoch                       : 50 / 1,000
  frames                      : 8,192,000


Policy 0: saving next best rewards:  [-83.79]
=> saving checkpoint 'runs/mg_D_seed2801/nn/mg_D_seed2801.pth'

Timing:
  Play time               : 14.065 s
  Update time             : 1.119 s
  Time to train epoch     : 15.184 s


Statistics:
  fps step                    : 11,999
  fps step + policy inference : 11,649
  fps total                   : 10,790
  epoch                       : 51 / 1,000
  frames                      : 8,355,840


Policy 0: saving next best rewards:  [-77.96]
=> saving checkpoint 'runs/mg_D_seed2801/nn/mg_D_seed2801.pth'

Timing:
  Play time               : 14.266 s
  Update time             : 1.127 s
  Time to train epoch     : 15.393 s


Statistics:
  fps step                    : 11,848
  fps step + policy inference : 11,484
  fps total                   : 10,644
  epoch                       : 52 / 1,000
  frames                      : 8,519,680


Policy 0: saving next best rewards:  [-71.15]
=> saving checkpoint 'runs/mg_D_seed2801/nn/mg_D_seed2801.pth'

Timing:
  Play time               : 14.528 s
  Update time             : 1.133 s
  Time to train epoch     : 15.661 s


Statistics:
  fps step                    : 11,646
  fps step + policy inference : 11,278
  fps total                   : 10,462
  epoch                       : 53 / 1,000
  frames                      : 8,683,520


Policy 0: saving next best rewards:  [-67.1]
=> saving checkpoint 'runs/mg_D_seed2801/nn/mg_D_seed2801.pth'

Timing:
  Play time               : 14.517 s
  Update time             : 1.152 s
  Time to train epoch     : 15.669 s


Statistics:
  fps step                    : 11,670
  fps step + policy inference : 11,286
  fps total                   : 10,456
  epoch                       : 54 / 1,000
  frames                      : 8,847,360


Policy 0: saving next best rewards:  [-66.8]
=> saving checkpoint 'runs/mg_D_seed2801/nn/mg_D_seed2801.pth'

Timing:
  Play time               : 14.556 s
  Update time             : 1.148 s
  Time to train epoch     : 15.704 s


Statistics:
  fps step                    : 11,654
  fps step + policy inference : 11,256
  fps total                   : 10,433
  epoch                       : 55 / 1,000
  frames                      : 9,011,200


Policy 0: saving next best rewards:  [-62.22]
=> saving checkpoint 'runs/mg_D_seed2801/nn/mg_D_seed2801.pth'

Timing:
  Play time               : 14.576 s
  Update time             : 1.129 s
  Time to train epoch     : 15.705 s


Statistics:
  fps step                    : 11,647
  fps step + policy inference : 11,241
  fps total                   : 10,432
  epoch                       : 56 / 1,000
  frames                      : 9,175,040


Policy 0: saving next best rewards:  [-60.93]
=> saving checkpoint 'runs/mg_D_seed2801/nn/mg_D_seed2801.pth'

Timing:
  Play time               : 14.665 s
  Update time             : 1.123 s
  Time to train epoch     : 15.788 s


Statistics:
  fps step                    : 11,583
  fps step + policy inference : 11,172
  fps total                   : 10,378
  epoch                       : 57 / 1,000
  frames                      : 9,338,880


Policy 0: saving next best rewards:  [-59.92]
=> saving checkpoint 'runs/mg_D_seed2801/nn/mg_D_seed2801.pth'

Timing:
  Play time               : 14.652 s
  Update time             : 1.125 s
  Time to train epoch     : 15.777 s


Statistics:
  fps step                    : 11,600
  fps step + policy inference : 11,182
  fps total                   : 10,384
  epoch                       : 58 / 1,000
  frames                      : 9,502,720


Policy 0: 
Timing:
  Play time               : 14.402 s
  Update time             : 1.125 s
  Time to train epoch     : 15.526 s


Statistics:
  fps step                    : 11,815
  fps step + policy inference : 11,376
  fps total                   : 10,552
  epoch                       : 59 / 1,000
  frames                      : 9,666,560


Policy 0: 
Timing:
  Play time               : 14.322 s
  Update time             : 1.067 s
  Time to train epoch     : 15.389 s


Statistics:
  fps step                    : 11,883
  fps step + policy inference : 11,440
  fps total                   : 10,647
  epoch                       : 60 / 1,000
  frames                      : 9,830,400


Policy 0: 
Timing:
  Play time               : 14.228 s
  Update time             : 1.123 s
  Time to train epoch     : 15.351 s


Statistics:
  fps step                    : 11,972
  fps step + policy inference : 11,515
  fps total                   : 10,673
  epoch                       : 61 / 1,000
  frames                      : 9,994,240


Policy 0: 
Timing:
  Play time               : 14.331 s
  Update time             : 1.027 s
  Time to train epoch     : 15.358 s


Statistics:
  fps step                    : 11,879
  fps step + policy inference : 11,433
  fps total                   : 10,668
  epoch                       : 62 / 1,000
  frames                      : 10,158,080


Policy 0: 
Timing:
  Play time               : 14.335 s
  Update time             : 1.021 s
  Time to train epoch     : 15.356 s


Statistics:
  fps step                    : 11,884
  fps step + policy inference : 11,429
  fps total                   : 10,669
  epoch                       : 63 / 1,000
  frames                      : 10,321,920


Policy 0: 
Timing:
  Play time               : 14.372 s
  Update time             : 1.128 s
  Time to train epoch     : 15.500 s


Statistics:
  fps step                    : 11,849
  fps step + policy inference : 11,400
  fps total                   : 10,570
  epoch                       : 64 / 1,000
  frames                      : 10,485,760


Policy 0: 
Timing:
  Play time               : 14.298 s
  Update time             : 1.089 s
  Time to train epoch     : 15.386 s


Statistics:
  fps step                    : 11,907
  fps step + policy inference : 11,459
  fps total                   : 10,648
  epoch                       : 65 / 1,000
  frames                      : 10,649,600


Policy 0: 
Timing:
  Play time               : 14.282 s
  Update time             : 0.979 s
  Time to train epoch     : 15.261 s


Statistics:
  fps step                    : 11,929
  fps step + policy inference : 11,472
  fps total                   : 10,736
  epoch                       : 66 / 1,000
  frames                      : 10,813,440


Policy 0: 
Timing:
  Play time               : 14.375 s
  Update time             : 0.965 s
  Time to train epoch     : 15.339 s


Statistics:
  fps step                    : 11,850
  fps step + policy inference : 11,398
  fps total                   : 10,681
  epoch                       : 67 / 1,000
  frames                      : 10,977,280


Policy 0: 
Timing:
  Play time               : 14.306 s
  Update time             : 0.977 s
  Time to train epoch     : 15.283 s


Statistics:
  fps step                    : 11,916
  fps step + policy inference : 11,453
  fps total                   : 10,721
  epoch                       : 68 / 1,000
  frames                      : 11,141,120


Policy 0: 
Timing:
  Play time               : 14.389 s
  Update time             : 1.056 s
  Time to train epoch     : 15.445 s


Statistics:
  fps step                    : 11,844
  fps step + policy inference : 11,386
  fps total                   : 10,608
  epoch                       : 69 / 1,000
  frames                      : 11,304,960


Policy 0: 
Timing:
  Play time               : 14.386 s
  Update time             : 1.078 s
  Time to train epoch     : 15.464 s


Statistics:
  fps step                    : 11,851
  fps step + policy inference : 11,389
  fps total                   : 10,595
  epoch                       : 70 / 1,000
  frames                      : 11,468,800


Policy 0: 
Timing:
  Play time               : 14.369 s
  Update time             : 1.086 s
  Time to train epoch     : 15.456 s


Statistics:
  fps step                    : 11,862
  fps step + policy inference : 11,402
  fps total                   : 10,601
  epoch                       : 71 / 1,000
  frames                      : 11,632,640


Policy 0: 
Timing:
  Play time               : 14.339 s
  Update time             : 1.014 s
  Time to train epoch     : 15.352 s


Statistics:
  fps step                    : 11,891
  fps step + policy inference : 11,426
  fps total                   : 10,672
  epoch                       : 72 / 1,000
  frames                      : 11,796,480


Policy 0: 
Timing:
  Play time               : 14.381 s
  Update time             : 0.964 s
  Time to train epoch     : 15.346 s


Statistics:
  fps step                    : 11,858
  fps step + policy inference : 11,393
  fps total                   : 10,677
  epoch                       : 73 / 1,000
  frames                      : 11,960,320


Policy 0: 
Timing:
  Play time               : 14.435 s
  Update time             : 0.965 s
  Time to train epoch     : 15.399 s


Statistics:
  fps step                    : 11,819
  fps step + policy inference : 11,351
  fps total                   : 10,639
  epoch                       : 74 / 1,000
  frames                      : 12,124,160


Policy 0: 
Timing:
  Play time               : 14.394 s
  Update time             : 0.970 s
  Time to train epoch     : 15.363 s


Statistics:
  fps step                    : 11,847
  fps step + policy inference : 11,383
  fps total                   : 10,664
  epoch                       : 75 / 1,000
  frames                      : 12,288,000


Policy 0: 
Timing:
  Play time               : 14.320 s
  Update time             : 0.991 s
  Time to train epoch     : 15.311 s


Statistics:
  fps step                    : 11,919
  fps step + policy inference : 11,441
  fps total                   : 10,701
  epoch                       : 76 / 1,000
  frames                      : 12,451,840


Policy 0: 
Timing:
  Play time               : 14.332 s
  Update time             : 0.958 s
  Time to train epoch     : 15.290 s


Statistics:
  fps step                    : 11,911
  fps step + policy inference : 11,432
  fps total                   : 10,715
  epoch                       : 77 / 1,000
  frames                      : 12,615,680


Policy 0: 
Timing:
  Play time               : 14.291 s
  Update time             : 0.970 s
  Time to train epoch     : 15.260 s


Statistics:
  fps step                    : 11,943
  fps step + policy inference : 11,465
  fps total                   : 10,736
  epoch                       : 78 / 1,000
  frames                      : 12,779,520


Policy 0: 
Timing:
  Play time               : 14.281 s
  Update time             : 0.983 s
  Time to train epoch     : 15.264 s


Statistics:
  fps step                    : 11,954
  fps step + policy inference : 11,472
  fps total                   : 10,733
  epoch                       : 79 / 1,000
  frames                      : 12,943,360


Policy 0: 
Timing:
  Play time               : 14.317 s
  Update time             : 1.002 s
  Time to train epoch     : 15.318 s


Statistics:
  fps step                    : 11,926
  fps step + policy inference : 11,444
  fps total                   : 10,696
  epoch                       : 80 / 1,000
  frames                      : 13,107,200


Policy 0: 
Timing:
  Play time               : 14.296 s
  Update time             : 1.069 s
  Time to train epoch     : 15.365 s


Statistics:
  fps step                    : 11,947
  fps step + policy inference : 11,461
  fps total                   : 10,663
  epoch                       : 81 / 1,000
  frames                      : 13,271,040


Policy 0: 
Timing:
  Play time               : 14.296 s
  Update time             : 1.074 s
  Time to train epoch     : 15.370 s


Statistics:
  fps step                    : 11,944
  fps step + policy inference : 11,460
  fps total                   : 10,659
  epoch                       : 82 / 1,000
  frames                      : 13,434,880


Policy 0: 
Timing:
  Play time               : 14.327 s
  Update time             : 1.031 s
  Time to train epoch     : 15.359 s


Statistics:
  fps step                    : 11,919
  fps step + policy inference : 11,436
  fps total                   : 10,668
  epoch                       : 83 / 1,000
  frames                      : 13,598,720


Policy 0: 
Timing:
  Play time               : 14.179 s
  Update time             : 0.983 s
  Time to train epoch     : 15.162 s


Statistics:
  fps step                    : 12,046
  fps step + policy inference : 11,555
  fps total                   : 10,806
  epoch                       : 84 / 1,000
  frames                      : 13,762,560


Policy 0: 
Timing:
  Play time               : 14.151 s
  Update time             : 0.961 s
  Time to train epoch     : 15.111 s


Statistics:
  fps step                    : 12,072
  fps step + policy inference : 11,578
  fps total                   : 10,842
  epoch                       : 85 / 1,000
  frames                      : 13,926,400


Policy 0: 
Timing:
  Play time               : 14.251 s
  Update time             : 0.962 s
  Time to train epoch     : 15.213 s


Statistics:
  fps step                    : 11,983
  fps step + policy inference : 11,497
  fps total                   : 10,770
  epoch                       : 86 / 1,000
  frames                      : 14,090,240


Policy 0: 
Timing:
  Play time               : 14.317 s
  Update time             : 0.963 s
  Time to train epoch     : 15.280 s


Statistics:
  fps step                    : 11,934
  fps step + policy inference : 11,444
  fps total                   : 10,723
  epoch                       : 87 / 1,000
  frames                      : 14,254,080


Policy 0: 
Timing:
  Play time               : 14.249 s
  Update time             : 0.959 s
  Time to train epoch     : 15.208 s


Statistics:
  fps step                    : 11,998
  fps step + policy inference : 11,499
  fps total                   : 10,774
  epoch                       : 88 / 1,000
  frames                      : 14,417,920


Policy 0: 
Timing:
  Play time               : 14.359 s
  Update time             : 0.969 s
  Time to train epoch     : 15.327 s


Statistics:
  fps step                    : 11,899
  fps step + policy inference : 11,410
  fps total                   : 10,689
  epoch                       : 89 / 1,000
  frames                      : 14,581,760


Policy 0: 
Timing:
  Play time               : 14.238 s
  Update time             : 1.023 s
  Time to train epoch     : 15.261 s


Statistics:
  fps step                    : 12,007
  fps step + policy inference : 11,507
  fps total                   : 10,736
  epoch                       : 90 / 1,000
  frames                      : 14,745,600


Policy 0: 
Timing:
  Play time               : 14.359 s
  Update time             : 1.042 s
  Time to train epoch     : 15.400 s


Statistics:
  fps step                    : 11,905
  fps step + policy inference : 11,410
  fps total                   : 10,639
  epoch                       : 91 / 1,000
  frames                      : 14,909,440


Policy 0: 
Timing:
  Play time               : 14.285 s
  Update time             : 1.044 s
  Time to train epoch     : 15.329 s


Statistics:
  fps step                    : 11,962
  fps step + policy inference : 11,469
  fps total                   : 10,688
  epoch                       : 92 / 1,000
  frames                      : 15,073,280


Policy 0: 
Timing:
  Play time               : 14.318 s
  Update time             : 1.054 s
  Time to train epoch     : 15.372 s


Statistics:
  fps step                    : 11,945
  fps step + policy inference : 11,443
  fps total                   : 10,658
  epoch                       : 93 / 1,000
  frames                      : 15,237,120


Policy 0: 
Timing:
  Play time               : 14.296 s
  Update time             : 0.992 s
  Time to train epoch     : 15.288 s


Statistics:
  fps step                    : 11,964
  fps step + policy inference : 11,461
  fps total                   : 10,717
  epoch                       : 94 / 1,000
  frames                      : 15,400,960


Policy 0: 
Timing:
  Play time               : 14.329 s
  Update time             : 0.972 s
  Time to train epoch     : 15.301 s


Statistics:
  fps step                    : 11,938
  fps step + policy inference : 11,434
  fps total                   : 10,708
  epoch                       : 95 / 1,000
  frames                      : 15,564,800


Policy 0: 
Timing:
  Play time               : 14.232 s
  Update time             : 0.980 s
  Time to train epoch     : 15.212 s


Statistics:
  fps step                    : 12,016
  fps step + policy inference : 11,512
  fps total                   : 10,770
  epoch                       : 96 / 1,000
  frames                      : 15,728,640


Policy 0: 
Timing:
  Play time               : 14.246 s
  Update time             : 0.962 s
  Time to train epoch     : 15.208 s


Statistics:
  fps step                    : 12,017
  fps step + policy inference : 11,501
  fps total                   : 10,773
  epoch                       : 97 / 1,000
  frames                      : 15,892,480


Policy 0: 
Timing:
  Play time               : 14.184 s
  Update time             : 0.959 s
  Time to train epoch     : 15.144 s


Statistics:
  fps step                    : 12,065
  fps step + policy inference : 11,551
  fps total                   : 10,819
  epoch                       : 98 / 1,000
  frames                      : 16,056,320


Policy 0: 
Timing:
  Play time               : 14.213 s
  Update time             : 0.985 s
  Time to train epoch     : 15.198 s


Statistics:
  fps step                    : 12,044
  fps step + policy inference : 11,528
  fps total                   : 10,781
  epoch                       : 99 / 1,000
  frames                      : 16,220,160


Policy 0: 
Timing:
  Play time               : 14.139 s
  Update time             : 0.964 s
  Time to train epoch     : 15.103 s


Statistics:
  fps step                    : 12,110
  fps step + policy inference : 11,588
  fps total                   : 10,848
  epoch                       : 100 / 1,000
  frames                      : 16,384,000


Policy 0: 
Timing:
  Play time               : 14.136 s
  Update time             : 0.980 s
  Time to train epoch     : 15.116 s


Statistics:
  fps step                    : 12,107
  fps step + policy inference : 11,590
  fps total                   : 10,839
  epoch                       : 101 / 1,000
  frames                      : 16,547,840


Policy 0: 
Timing:
  Play time               : 14.154 s
  Update time             : 1.006 s
  Time to train epoch     : 15.160 s


Statistics:
  fps step                    : 12,089
  fps step + policy inference : 11,575
  fps total                   : 10,807
  epoch                       : 102 / 1,000
  frames                      : 16,711,680


Policy 0: 
Timing:
  Play time               : 14.194 s
  Update time             : 1.032 s
  Time to train epoch     : 15.226 s


Statistics:
  fps step                    : 12,054
  fps step + policy inference : 11,543
  fps total                   : 10,760
  epoch                       : 103 / 1,000
  frames                      : 16,875,520


Policy 0: 
Timing:
  Play time               : 14.124 s
  Update time             : 1.065 s
  Time to train epoch     : 15.190 s


Statistics:
  fps step                    : 12,117
  fps step + policy inference : 11,600
  fps total                   : 10,786
  epoch                       : 104 / 1,000
  frames                      : 17,039,360


Policy 0: 
Timing:
  Play time               : 14.043 s
  Update time             : 1.025 s
  Time to train epoch     : 15.068 s


Statistics:
  fps step                    : 12,197
  fps step + policy inference : 11,667
  fps total                   : 10,873
  epoch                       : 105 / 1,000
  frames                      : 17,203,200


Policy 0: 
Timing:
  Play time               : 14.104 s
  Update time             : 0.995 s
  Time to train epoch     : 15.099 s


Statistics:
  fps step                    : 12,140
  fps step + policy inference : 11,617
  fps total                   : 10,851
  epoch                       : 106 / 1,000
  frames                      : 17,367,040


Policy 0: 
Timing:
  Play time               : 14.111 s
  Update time             : 0.998 s
  Time to train epoch     : 15.109 s


Statistics:
  fps step                    : 12,136
  fps step + policy inference : 11,611
  fps total                   : 10,844
  epoch                       : 107 / 1,000
  frames                      : 17,530,880


Policy 0: 
Timing:
  Play time               : 14.245 s
  Update time             : 0.996 s
  Time to train epoch     : 15.242 s


Statistics:
  fps step                    : 12,014
  fps step + policy inference : 11,501
  fps total                   : 10,749
  epoch                       : 108 / 1,000
  frames                      : 17,694,720


Policy 0: 
Timing:
  Play time               : 14.181 s
  Update time             : 0.964 s
  Time to train epoch     : 15.146 s


Statistics:
  fps step                    : 12,066
  fps step + policy inference : 11,553
  fps total                   : 10,817
  epoch                       : 109 / 1,000
  frames                      : 17,858,560


Policy 0: 
Timing:
  Play time               : 14.219 s
  Update time             : 0.967 s
  Time to train epoch     : 15.186 s


Statistics:
  fps step                    : 12,036
  fps step + policy inference : 11,522
  fps total                   : 10,789
  epoch                       : 110 / 1,000
  frames                      : 18,022,400


Policy 0: 
Timing:
  Play time               : 14.124 s
  Update time             : 0.968 s
  Time to train epoch     : 15.092 s


Statistics:
  fps step                    : 12,127
  fps step + policy inference : 11,600
  fps total                   : 10,856
  epoch                       : 111 / 1,000
  frames                      : 18,186,240


Policy 0: 
Timing:
  Play time               : 14.100 s
  Update time             : 1.001 s
  Time to train epoch     : 15.101 s


Statistics:
  fps step                    : 12,143
  fps step + policy inference : 11,620
  fps total                   : 10,850
  epoch                       : 112 / 1,000
  frames                      : 18,350,080


Policy 0: 
Timing:
  Play time               : 14.092 s
  Update time             : 1.002 s
  Time to train epoch     : 15.094 s


Statistics:
  fps step                    : 12,151
  fps step + policy inference : 11,626
  fps total                   : 10,854
  epoch                       : 113 / 1,000
  frames                      : 18,513,920


Policy 0: 
Timing:
  Play time               : 14.086 s
  Update time             : 1.024 s
  Time to train epoch     : 15.110 s


Statistics:
  fps step                    : 12,166
  fps step + policy inference : 11,632
  fps total                   : 10,843
  epoch                       : 114 / 1,000
  frames                      : 18,677,760


Policy 0: 
Timing:
  Play time               : 13.968 s
  Update time             : 1.027 s
  Time to train epoch     : 14.996 s


Statistics:
  fps step                    : 12,288
  fps step + policy inference : 11,730
  fps total                   : 10,926
  epoch                       : 115 / 1,000
  frames                      : 18,841,600


Policy 0: 
Timing:
  Play time               : 14.072 s
  Update time             : 1.029 s
  Time to train epoch     : 15.100 s


Statistics:
  fps step                    : 12,179
  fps step + policy inference : 11,643
  fps total                   : 10,850
  epoch                       : 116 / 1,000
  frames                      : 19,005,440


Policy 0: 
Timing:
  Play time               : 14.359 s
  Update time             : 1.030 s
  Time to train epoch     : 15.389 s


Statistics:
  fps step                    : 11,929
  fps step + policy inference : 11,410
  fps total                   : 10,647
  epoch                       : 117 / 1,000
  frames                      : 19,169,280


Policy 0: 
Timing:
  Play time               : 14.203 s
  Update time             : 1.003 s
  Time to train epoch     : 15.205 s


Statistics:
  fps step                    : 12,059
  fps step + policy inference : 11,536
  fps total                   : 10,775
  epoch                       : 118 / 1,000
  frames                      : 19,333,120


Policy 0: 
Timing:
  Play time               : 14.203 s
  Update time             : 0.962 s
  Time to train epoch     : 15.165 s


Statistics:
  fps step                    : 12,072
  fps step + policy inference : 11,535
  fps total                   : 10,804
  epoch                       : 119 / 1,000
  frames                      : 19,496,960


Policy 0: 
Timing:
  Play time               : 14.271 s
  Update time             : 0.962 s
  Time to train epoch     : 15.233 s


Statistics:
  fps step                    : 12,009
  fps step + policy inference : 11,481
  fps total                   : 10,756
  epoch                       : 120 / 1,000
  frames                      : 19,660,800


Policy 0: 
Timing:
  Play time               : 14.287 s
  Update time             : 0.987 s
  Time to train epoch     : 15.274 s


Statistics:
  fps step                    : 11,998
  fps step + policy inference : 11,467
  fps total                   : 10,727
  epoch                       : 121 / 1,000
  frames                      : 19,824,640


Policy 0: 
Timing:
  Play time               : 14.402 s
  Update time             : 0.960 s
  Time to train epoch     : 15.363 s


Statistics:
  fps step                    : 11,898
  fps step + policy inference : 11,376
  fps total                   : 10,665
  epoch                       : 122 / 1,000
  frames                      : 19,988,480


Policy 0: 
Timing:
  Play time               : 14.414 s
  Update time             : 0.976 s
  Time to train epoch     : 15.390 s


Statistics:
  fps step                    : 11,881
  fps step + policy inference : 11,366
  fps total                   : 10,646
  epoch                       : 123 / 1,000
  frames                      : 20,152,320


Policy 0: 
Timing:
  Play time               : 14.425 s
  Update time             : 0.960 s
  Time to train epoch     : 15.385 s


Statistics:
  fps step                    : 11,876
  fps step + policy inference : 11,358
  fps total                   : 10,649
  epoch                       : 124 / 1,000
  frames                      : 20,316,160


Policy 0: 
Timing:
  Play time               : 14.093 s
  Update time             : 0.962 s
  Time to train epoch     : 15.055 s


Statistics:
  fps step                    : 12,172
  fps step + policy inference : 11,626
  fps total                   : 10,883
  epoch                       : 125 / 1,000
  frames                      : 20,480,000


Policy 0: 
Timing:
  Play time               : 14.056 s
  Update time             : 0.998 s
  Time to train epoch     : 15.054 s


Statistics:
  fps step                    : 12,204
  fps step + policy inference : 11,656
  fps total                   : 10,883
  epoch                       : 126 / 1,000
  frames                      : 20,643,840


Policy 0: 
Timing:
  Play time               : 14.141 s
  Update time             : 1.021 s
  Time to train epoch     : 15.162 s


Statistics:
  fps step                    : 12,131
  fps step + policy inference : 11,586
  fps total                   : 10,806
  epoch                       : 127 / 1,000
  frames                      : 20,807,680


Policy 0: 
Timing:
  Play time               : 14.138 s
  Update time             : 1.023 s
  Time to train epoch     : 15.161 s


Statistics:
  fps step                    : 12,131
  fps step + policy inference : 11,589
  fps total                   : 10,807
  epoch                       : 128 / 1,000
  frames                      : 20,971,520


Policy 0: 
Timing:
  Play time               : 14.268 s
  Update time             : 1.060 s
  Time to train epoch     : 15.328 s


Statistics:
  fps step                    : 12,015
  fps step + policy inference : 11,483
  fps total                   : 10,689
  epoch                       : 129 / 1,000
  frames                      : 21,135,360


Policy 0: 
Timing:
  Play time               : 14.259 s
  Update time             : 1.033 s
  Time to train epoch     : 15.291 s


Statistics:
  fps step                    : 12,025
  fps step + policy inference : 11,491
  fps total                   : 10,715
  epoch                       : 130 / 1,000
  frames                      : 21,299,200


Policy 0: 
Timing:
  Play time               : 14.303 s
  Update time             : 0.971 s
  Time to train epoch     : 15.274 s


Statistics:
  fps step                    : 11,988
  fps step + policy inference : 11,455
  fps total                   : 10,726
  epoch                       : 131 / 1,000
  frames                      : 21,463,040


Policy 0: 
Timing:
  Play time               : 14.256 s
  Update time             : 0.979 s
  Time to train epoch     : 15.234 s


Statistics:
  fps step                    : 12,025
  fps step + policy inference : 11,493
  fps total                   : 10,755
  epoch                       : 132 / 1,000
  frames                      : 21,626,880


Policy 0: 
Timing:
  Play time               : 14.119 s
  Update time             : 0.963 s
  Time to train epoch     : 15.082 s


Statistics:
  fps step                    : 12,145
  fps step + policy inference : 11,604
  fps total                   : 10,863
  epoch                       : 133 / 1,000
  frames                      : 21,790,720


Policy 0: 
Timing:
  Play time               : 14.176 s
  Update time             : 0.976 s
  Time to train epoch     : 15.151 s


Statistics:
  fps step                    : 12,095
  fps step + policy inference : 11,558
  fps total                   : 10,814
  epoch                       : 134 / 1,000
  frames                      : 21,954,560


Policy 0: 
Timing:
  Play time               : 14.090 s
  Update time             : 0.964 s
  Time to train epoch     : 15.054 s


Statistics:
  fps step                    : 12,178
  fps step + policy inference : 11,628
  fps total                   : 10,884
  epoch                       : 135 / 1,000
  frames                      : 22,118,400


Policy 0: 
Timing:
  Play time               : 14.099 s
  Update time             : 0.960 s
  Time to train epoch     : 15.059 s


Statistics:
  fps step                    : 12,156
  fps step + policy inference : 11,621
  fps total                   : 10,880
  epoch                       : 136 / 1,000
  frames                      : 22,282,240


Policy 0: 
Timing:
  Play time               : 14.101 s
  Update time             : 0.985 s
  Time to train epoch     : 15.085 s


Statistics:
  fps step                    : 12,163
  fps step + policy inference : 11,619
  fps total                   : 10,861
  epoch                       : 137 / 1,000
  frames                      : 22,446,080


Policy 0: 
Timing:
  Play time               : 14.058 s
  Update time             : 0.992 s
  Time to train epoch     : 15.051 s


Statistics:
  fps step                    : 12,197
  fps step + policy inference : 11,654
  fps total                   : 10,886
  epoch                       : 138 / 1,000
  frames                      : 22,609,920


Policy 0: 
Timing:
  Play time               : 14.154 s
  Update time             : 0.960 s
  Time to train epoch     : 15.114 s


Statistics:
  fps step                    : 12,115
  fps step + policy inference : 11,576
  fps total                   : 10,840
  epoch                       : 139 / 1,000
  frames                      : 22,773,760


Policy 0: 
Timing:
  Play time               : 14.108 s
  Update time             : 0.977 s
  Time to train epoch     : 15.085 s


Statistics:
  fps step                    : 12,157
  fps step + policy inference : 11,614
  fps total                   : 10,861
  epoch                       : 140 / 1,000
  frames                      : 22,937,600


Policy 0: 
Timing:
  Play time               : 14.137 s
  Update time             : 1.042 s
  Time to train epoch     : 15.178 s


Statistics:
  fps step                    : 12,128
  fps step + policy inference : 11,590
  fps total                   : 10,795
  epoch                       : 141 / 1,000
  frames                      : 23,101,440


Policy 0: 
Timing:
  Play time               : 14.239 s
  Update time             : 1.056 s
  Time to train epoch     : 15.295 s


Statistics:
  fps step                    : 12,038
  fps step + policy inference : 11,507
  fps total                   : 10,712
  epoch                       : 142 / 1,000
  frames                      : 23,265,280


Policy 0: 
Timing:
  Play time               : 14.049 s
  Update time             : 1.040 s
  Time to train epoch     : 15.089 s


Statistics:
  fps step                    : 12,215
  fps step + policy inference : 11,662
  fps total                   : 10,858
  epoch                       : 143 / 1,000
  frames                      : 23,429,120


Policy 0: 
Timing:
  Play time               : 14.047 s
  Update time             : 0.999 s
  Time to train epoch     : 15.046 s


Statistics:
  fps step                    : 12,219
  fps step + policy inference : 11,664
  fps total                   : 10,889
  epoch                       : 144 / 1,000
  frames                      : 23,592,960


Policy 0: 
Timing:
  Play time               : 14.053 s
  Update time             : 0.969 s
  Time to train epoch     : 15.022 s


Statistics:
  fps step                    : 12,207
  fps step + policy inference : 11,659
  fps total                   : 10,907
  epoch                       : 145 / 1,000
  frames                      : 23,756,800


Policy 0: 
Timing:
  Play time               : 14.043 s
  Update time             : 0.960 s
  Time to train epoch     : 15.003 s


Statistics:
  fps step                    : 12,211
  fps step + policy inference : 11,667
  fps total                   : 10,921
  epoch                       : 146 / 1,000
  frames                      : 23,920,640


Policy 0: 
Timing:
  Play time               : 14.070 s
  Update time             : 0.971 s
  Time to train epoch     : 15.041 s


Statistics:
  fps step                    : 12,189
  fps step + policy inference : 11,644
  fps total                   : 10,893
  epoch                       : 147 / 1,000
  frames                      : 24,084,480


Policy 0: 
Timing:
  Play time               : 14.229 s
  Update time             : 0.959 s
  Time to train epoch     : 15.188 s


Statistics:
  fps step                    : 12,050
  fps step + policy inference : 11,515
  fps total                   : 10,787
  epoch                       : 148 / 1,000
  frames                      : 24,248,320


Policy 0: 
Timing:
  Play time               : 14.149 s
  Update time             : 0.959 s
  Time to train epoch     : 15.108 s


Statistics:
  fps step                    : 12,119
  fps step + policy inference : 11,580
  fps total                   : 10,845
  epoch                       : 149 / 1,000
  frames                      : 24,412,160


Policy 0: 
Timing:
  Play time               : 14.123 s
  Update time             : 0.960 s
  Time to train epoch     : 15.084 s


Statistics:
  fps step                    : 12,139
  fps step + policy inference : 11,601
  fps total                   : 10,862
  epoch                       : 150 / 1,000
  frames                      : 24,576,000


Policy 0: 
Timing:
  Play time               : 14.098 s
  Update time             : 0.968 s
  Time to train epoch     : 15.066 s


Statistics:
  fps step                    : 12,161
  fps step + policy inference : 11,621
  fps total                   : 10,875
  epoch                       : 151 / 1,000
  frames                      : 24,739,840


Policy 0: 
Timing:
  Play time               : 14.141 s
  Update time             : 1.015 s
  Time to train epoch     : 15.156 s


Statistics:
  fps step                    : 12,125
  fps step + policy inference : 11,586
  fps total                   : 10,810
  epoch                       : 152 / 1,000
  frames                      : 24,903,680


Policy 0: 
Timing:
  Play time               : 14.245 s
  Update time             : 1.049 s
  Time to train epoch     : 15.294 s


Statistics:
  fps step                    : 12,038
  fps step + policy inference : 11,501
  fps total                   : 10,713
  epoch                       : 153 / 1,000
  frames                      : 25,067,520


Policy 0: 
Timing:
  Play time               : 14.405 s
  Update time             : 1.031 s
  Time to train epoch     : 15.436 s


Statistics:
  fps step                    : 11,888
  fps step + policy inference : 11,374
  fps total                   : 10,614
  epoch                       : 154 / 1,000
  frames                      : 25,231,360


Policy 0: 
Timing:
  Play time               : 14.148 s
  Update time             : 1.003 s
  Time to train epoch     : 15.151 s


Statistics:
  fps step                    : 12,124
  fps step + policy inference : 11,581
  fps total                   : 10,814
  epoch                       : 155 / 1,000
  frames                      : 25,395,200


Policy 0: saving next best rewards:  [-54.33]
=> saving checkpoint 'runs/mg_D_seed2801/nn/mg_D_seed2801.pth'

Timing:
  Play time               : 14.110 s
  Update time             : 1.020 s
  Time to train epoch     : 15.130 s


Statistics:
  fps step                    : 12,147
  fps step + policy inference : 11,612
  fps total                   : 10,829
  epoch                       : 156 / 1,000
  frames                      : 25,559,040


Policy 0: 
Timing:
  Play time               : 14.173 s
  Update time             : 0.979 s
  Time to train epoch     : 15.152 s


Statistics:
  fps step                    : 12,099
  fps step + policy inference : 11,560
  fps total                   : 10,813
  epoch                       : 157 / 1,000
  frames                      : 25,722,880


Policy 0: 
Timing:
  Play time               : 14.261 s
  Update time             : 0.995 s
  Time to train epoch     : 15.256 s


Statistics:
  fps step                    : 12,015
  fps step + policy inference : 11,489
  fps total                   : 10,739
  epoch                       : 158 / 1,000
  frames                      : 25,886,720


Policy 0: 
Timing:
  Play time               : 14.294 s
  Update time             : 0.962 s
  Time to train epoch     : 15.256 s


Statistics:
  fps step                    : 11,994
  fps step + policy inference : 11,462
  fps total                   : 10,739
  epoch                       : 159 / 1,000
  frames                      : 26,050,560


Policy 0: 
Timing:
  Play time               : 14.286 s
  Update time             : 0.965 s
  Time to train epoch     : 15.251 s


Statistics:
  fps step                    : 12,010
  fps step + policy inference : 11,469
  fps total                   : 10,743
  epoch                       : 160 / 1,000
  frames                      : 26,214,400


Policy 0: 
Timing:
  Play time               : 14.191 s
  Update time             : 0.962 s
  Time to train epoch     : 15.153 s


Statistics:
  fps step                    : 12,082
  fps step + policy inference : 11,546
  fps total                   : 10,813
  epoch                       : 161 / 1,000
  frames                      : 26,378,240


Policy 0: 
Timing:
  Play time               : 14.205 s
  Update time             : 0.964 s
  Time to train epoch     : 15.168 s


Statistics:
  fps step                    : 12,067
  fps step + policy inference : 11,534
  fps total                   : 10,802
  epoch                       : 162 / 1,000
  frames                      : 26,542,080


Policy 0: 
Timing:
  Play time               : 14.139 s
  Update time             : 0.990 s
  Time to train epoch     : 15.130 s


Statistics:
  fps step                    : 12,130
  fps step + policy inference : 11,587
  fps total                   : 10,829
  epoch                       : 163 / 1,000
  frames                      : 26,705,920


Policy 0: 
Timing:
  Play time               : 14.396 s
  Update time             : 1.050 s
  Time to train epoch     : 15.446 s


Statistics:
  fps step                    : 11,897
  fps step + policy inference : 11,381
  fps total                   : 10,607
  epoch                       : 164 / 1,000
  frames                      : 26,869,760


Policy 0: 
Timing:
  Play time               : 14.177 s
  Update time             : 1.015 s
  Time to train epoch     : 15.192 s


Statistics:
  fps step                    : 12,089
  fps step + policy inference : 11,557
  fps total                   : 10,785
  epoch                       : 165 / 1,000
  frames                      : 27,033,600


Policy 0: 
Timing:
  Play time               : 14.172 s
  Update time             : 1.016 s
  Time to train epoch     : 15.188 s


Statistics:
  fps step                    : 12,088
  fps step + policy inference : 11,561
  fps total                   : 10,788
  epoch                       : 166 / 1,000
  frames                      : 27,197,440


Policy 0: 
Timing:
  Play time               : 14.154 s
  Update time             : 1.037 s
  Time to train epoch     : 15.190 s


Statistics:
  fps step                    : 12,111
  fps step + policy inference : 11,576
  fps total                   : 10,786
  epoch                       : 167 / 1,000
  frames                      : 27,361,280


Policy 0: 
Timing:
  Play time               : 14.078 s
  Update time             : 1.055 s
  Time to train epoch     : 15.133 s


Statistics:
  fps step                    : 12,172
  fps step + policy inference : 11,638
  fps total                   : 10,827
  epoch                       : 168 / 1,000
  frames                      : 27,525,120


Policy 0: 
Timing:
  Play time               : 14.124 s
  Update time             : 0.977 s
  Time to train epoch     : 15.101 s


Statistics:
  fps step                    : 12,140
  fps step + policy inference : 11,600
  fps total                   : 10,850
  epoch                       : 169 / 1,000
  frames                      : 27,688,960


Policy 0: 
Timing:
  Play time               : 14.132 s
  Update time             : 0.967 s
  Time to train epoch     : 15.098 s


Statistics:
  fps step                    : 12,130
  fps step + policy inference : 11,594
  fps total                   : 10,852
  epoch                       : 170 / 1,000
  frames                      : 27,852,800


Policy 0: 
Timing:
  Play time               : 14.143 s
  Update time             : 0.964 s
  Time to train epoch     : 15.107 s


Statistics:
  fps step                    : 12,136
  fps step + policy inference : 11,585
  fps total                   : 10,845
  epoch                       : 171 / 1,000
  frames                      : 28,016,640


Policy 0: 
Timing:
  Play time               : 14.113 s
  Update time             : 0.984 s
  Time to train epoch     : 15.097 s


Statistics:
  fps step                    : 12,143
  fps step + policy inference : 11,609
  fps total                   : 10,853
  epoch                       : 172 / 1,000
  frames                      : 28,180,480


Policy 0: 
Timing:
  Play time               : 14.256 s
  Update time             : 0.977 s
  Time to train epoch     : 15.233 s


Statistics:
  fps step                    : 12,024
  fps step + policy inference : 11,492
  fps total                   : 10,755
  epoch                       : 173 / 1,000
  frames                      : 28,344,320


Policy 0: 
Timing:
  Play time               : 14.142 s
  Update time             : 0.964 s
  Time to train epoch     : 15.107 s


Statistics:
  fps step                    : 12,143
  fps step + policy inference : 11,585
  fps total                   : 10,846
  epoch                       : 174 / 1,000
  frames                      : 28,508,160


Policy 0: 
Timing:
  Play time               : 14.040 s
  Update time             : 0.995 s
  Time to train epoch     : 15.035 s


Statistics:
  fps step                    : 12,221
  fps step + policy inference : 11,670
  fps total                   : 10,897
  epoch                       : 175 / 1,000
  frames                      : 28,672,000


Policy 0: 
Timing:
  Play time               : 14.043 s
  Update time             : 1.069 s
  Time to train epoch     : 15.111 s


Statistics:
  fps step                    : 12,225
  fps step + policy inference : 11,667
  fps total                   : 10,842
  epoch                       : 176 / 1,000
  frames                      : 28,835,840


Policy 0: 
Timing:
  Play time               : 14.081 s
  Update time             : 1.057 s
  Time to train epoch     : 15.138 s


Statistics:
  fps step                    : 12,207
  fps step + policy inference : 11,636
  fps total                   : 10,823
  epoch                       : 177 / 1,000
  frames                      : 28,999,680


Policy 0: 
Timing:
  Play time               : 14.211 s
  Update time             : 1.029 s
  Time to train epoch     : 15.240 s


Statistics:
  fps step                    : 12,088
  fps step + policy inference : 11,529
  fps total                   : 10,750
  epoch                       : 178 / 1,000
  frames                      : 29,163,520


Policy 0: 
Timing:
  Play time               : 14.135 s
  Update time             : 1.045 s
  Time to train epoch     : 15.180 s


Statistics:
  fps step                    : 12,153
  fps step + policy inference : 11,591
  fps total                   : 10,793
  epoch                       : 179 / 1,000
  frames                      : 29,327,360


Policy 0: saving next best rewards:  [-52.17]
=> saving checkpoint 'runs/mg_D_seed2801/nn/mg_D_seed2801.pth'

Timing:
  Play time               : 14.357 s
  Update time             : 1.023 s
  Time to train epoch     : 15.380 s


Statistics:
  fps step                    : 11,986
  fps step + policy inference : 11,412
  fps total                   : 10,653
  epoch                       : 180 / 1,000
  frames                      : 29,491,200


Policy 0: 
Timing:
  Play time               : 14.166 s
  Update time             : 0.978 s
  Time to train epoch     : 15.145 s


Statistics:
  fps step                    : 12,107
  fps step + policy inference : 11,565
  fps total                   : 10,818
  epoch                       : 181 / 1,000
  frames                      : 29,655,040


Policy 0: 
Timing:
  Play time               : 14.145 s
  Update time             : 0.965 s
  Time to train epoch     : 15.110 s


Statistics:
  fps step                    : 12,129
  fps step + policy inference : 11,583
  fps total                   : 10,843
  epoch                       : 182 / 1,000
  frames                      : 29,818,880


Policy 0: 
Timing:
  Play time               : 14.169 s
  Update time             : 0.960 s
  Time to train epoch     : 15.129 s


Statistics:
  fps step                    : 12,106
  fps step + policy inference : 11,563
  fps total                   : 10,830
  epoch                       : 183 / 1,000
  frames                      : 29,982,720


Policy 0: 
Timing:
  Play time               : 14.144 s
  Update time             : 0.962 s
  Time to train epoch     : 15.106 s


Statistics:
  fps step                    : 12,121
  fps step + policy inference : 11,583
  fps total                   : 10,846
  epoch                       : 184 / 1,000
  frames                      : 30,146,560


Policy 0: 
Timing:
  Play time               : 14.082 s
  Update time             : 0.962 s
  Time to train epoch     : 15.044 s


Statistics:
  fps step                    : 12,180
  fps step + policy inference : 11,635
  fps total                   : 10,891
  epoch                       : 185 / 1,000
  frames                      : 30,310,400


Policy 0: 
Timing:
  Play time               : 14.002 s
  Update time             : 0.964 s
  Time to train epoch     : 14.965 s


Statistics:
  fps step                    : 12,250
  fps step + policy inference : 11,701
  fps total                   : 10,948
  epoch                       : 186 / 1,000
  frames                      : 30,474,240


Policy 0: 
Timing:
  Play time               : 13.973 s
  Update time             : 0.964 s
  Time to train epoch     : 14.936 s


Statistics:
  fps step                    : 12,287
  fps step + policy inference : 11,726
  fps total                   : 10,969
  epoch                       : 187 / 1,000
  frames                      : 30,638,080


Policy 0: saving next best rewards:  [-51.54]
=> saving checkpoint 'runs/mg_D_seed2801/nn/mg_D_seed2801.pth'

Timing:
  Play time               : 14.036 s
  Update time             : 1.001 s
  Time to train epoch     : 15.037 s


Statistics:
  fps step                    : 12,225
  fps step + policy inference : 11,673
  fps total                   : 10,896
  epoch                       : 188 / 1,000
  frames                      : 30,801,920


Policy 0: 
Timing:
  Play time               : 14.079 s
  Update time             : 1.025 s
  Time to train epoch     : 15.104 s


Statistics:
  fps step                    : 12,196
  fps step + policy inference : 11,637
  fps total                   : 10,847
  epoch                       : 189 / 1,000
  frames                      : 30,965,760


Policy 0: 
Timing:
  Play time               : 14.116 s
  Update time             : 1.011 s
  Time to train epoch     : 15.127 s


Statistics:
  fps step                    : 12,146
  fps step + policy inference : 11,607
  fps total                   : 10,831
  epoch                       : 190 / 1,000
  frames                      : 31,129,600


Policy 0: 
Timing:
  Play time               : 13.954 s
  Update time             : 1.081 s
  Time to train epoch     : 15.035 s


Statistics:
  fps step                    : 12,308
  fps step + policy inference : 11,741
  fps total                   : 10,897
  epoch                       : 191 / 1,000
  frames                      : 31,293,440


Policy 0: saving next best rewards:  [-50.06]
=> saving checkpoint 'runs/mg_D_seed2801/nn/mg_D_seed2801.pth'

Timing:
  Play time               : 14.278 s
  Update time             : 1.072 s
  Time to train epoch     : 15.350 s


Statistics:
  fps step                    : 12,010
  fps step + policy inference : 11,475
  fps total                   : 10,674
  epoch                       : 192 / 1,000
  frames                      : 31,457,280


Policy 0: 
Timing:
  Play time               : 14.117 s
  Update time             : 0.976 s
  Time to train epoch     : 15.093 s


Statistics:
  fps step                    : 12,155
  fps step + policy inference : 11,606
  fps total                   : 10,855
  epoch                       : 193 / 1,000
  frames                      : 31,621,120


Policy 0: saving next best rewards:  [-48.74]
=> saving checkpoint 'runs/mg_D_seed2801/nn/mg_D_seed2801.pth'

Timing:
  Play time               : 13.988 s
  Update time             : 0.973 s
  Time to train epoch     : 14.961 s


Statistics:
  fps step                    : 12,268
  fps step + policy inference : 11,713
  fps total                   : 10,951
  epoch                       : 194 / 1,000
  frames                      : 31,784,960


Policy 0: 
Timing:
  Play time               : 14.092 s
  Update time             : 0.960 s
  Time to train epoch     : 15.052 s


Statistics:
  fps step                    : 12,174
  fps step + policy inference : 11,626
  fps total                   : 10,885
  epoch                       : 195 / 1,000
  frames                      : 31,948,800


Policy 0: 
Timing:
  Play time               : 14.195 s
  Update time             : 0.972 s
  Time to train epoch     : 15.167 s


Statistics:
  fps step                    : 12,079
  fps step + policy inference : 11,542
  fps total                   : 10,802
  epoch                       : 196 / 1,000
  frames                      : 32,112,640


Policy 0: 
Timing:
  Play time               : 14.133 s
  Update time             : 0.976 s
  Time to train epoch     : 15.109 s


Statistics:
  fps step                    : 12,139
  fps step + policy inference : 11,593
  fps total                   : 10,844
  epoch                       : 197 / 1,000
  frames                      : 32,276,480


Policy 0: 
Timing:
  Play time               : 14.116 s
  Update time             : 0.971 s
  Time to train epoch     : 15.087 s


Statistics:
  fps step                    : 12,148
  fps step + policy inference : 11,607
  fps total                   : 10,860
  epoch                       : 198 / 1,000
  frames                      : 32,440,320


Policy 0: 
Timing:
  Play time               : 14.003 s
  Update time             : 0.992 s
  Time to train epoch     : 14.995 s


Statistics:
  fps step                    : 12,248
  fps step + policy inference : 11,700
  fps total                   : 10,926
  epoch                       : 199 / 1,000
  frames                      : 32,604,160


Policy 0: saving next best rewards:  [-48.02]
=> saving checkpoint 'runs/mg_D_seed2801/nn/mg_D_seed2801.pth'

Timing:
  Play time               : 14.156 s
  Update time             : 1.028 s
  Time to train epoch     : 15.184 s


Statistics:
  fps step                    : 12,111
  fps step + policy inference : 11,574
  fps total                   : 10,790
  epoch                       : 200 / 1,000
  frames                      : 32,768,000


Policy 0: 
Timing:
  Play time               : 13.962 s
  Update time             : 1.046 s
  Time to train epoch     : 15.008 s


Statistics:
  fps step                    : 12,280
  fps step + policy inference : 11,735
  fps total                   : 10,917
  epoch                       : 201 / 1,000
  frames                      : 32,931,840


Policy 0: 
Timing:
  Play time               : 14.075 s
  Update time             : 1.063 s
  Time to train epoch     : 15.137 s


Statistics:
  fps step                    : 12,182
  fps step + policy inference : 11,641
  fps total                   : 10,824
  epoch                       : 202 / 1,000
  frames                      : 33,095,680


Policy 0: 
Timing:
  Play time               : 13.951 s
  Update time             : 0.994 s
  Time to train epoch     : 14.945 s


Statistics:
  fps step                    : 12,296
  fps step + policy inference : 11,744
  fps total                   : 10,963
  epoch                       : 203 / 1,000
  frames                      : 33,259,520


Policy 0: 
Timing:
  Play time               : 13.991 s
  Update time             : 0.966 s
  Time to train epoch     : 14.957 s


Statistics:
  fps step                    : 12,252
  fps step + policy inference : 11,710
  fps total                   : 10,954
  epoch                       : 204 / 1,000
  frames                      : 33,423,360


Policy 0: 
Timing:
  Play time               : 14.037 s
  Update time             : 0.960 s
  Time to train epoch     : 14.998 s


Statistics:
  fps step                    : 12,213
  fps step + policy inference : 11,672
  fps total                   : 10,924
  epoch                       : 205 / 1,000
  frames                      : 33,587,200


Policy 0: 
Timing:
  Play time               : 14.037 s
  Update time             : 0.962 s
  Time to train epoch     : 14.999 s


Statistics:
  fps step                    : 12,215
  fps step + policy inference : 11,672
  fps total                   : 10,924
  epoch                       : 206 / 1,000
  frames                      : 33,751,040


Policy 0: 
Timing:
  Play time               : 14.000 s
  Update time             : 1.009 s
  Time to train epoch     : 15.009 s


Statistics:
  fps step                    : 12,248
  fps step + policy inference : 11,703
  fps total                   : 10,916
  epoch                       : 207 / 1,000
  frames                      : 33,914,880


Policy 0: 
Timing:
  Play time               : 14.046 s
  Update time             : 0.960 s
  Time to train epoch     : 15.007 s


Statistics:
  fps step                    : 12,203
  fps step + policy inference : 11,664
  fps total                   : 10,918
  epoch                       : 208 / 1,000
  frames                      : 34,078,720


Policy 0: 
Timing:
  Play time               : 13.986 s
  Update time             : 0.961 s
  Time to train epoch     : 14.947 s


Statistics:
  fps step                    : 12,251
  fps step + policy inference : 11,714
  fps total                   : 10,961
  epoch                       : 209 / 1,000
  frames                      : 34,242,560


Policy 0: 
Timing:
  Play time               : 14.064 s
  Update time             : 0.960 s
  Time to train epoch     : 15.023 s


Statistics:
  fps step                    : 12,187
  fps step + policy inference : 11,650
  fps total                   : 10,906
  epoch                       : 210 / 1,000
  frames                      : 34,406,400


Policy 0: 
Timing:
  Play time               : 14.061 s
  Update time             : 0.992 s
  Time to train epoch     : 15.053 s


Statistics:
  fps step                    : 12,185
  fps step + policy inference : 11,652
  fps total                   : 10,885
  epoch                       : 211 / 1,000
  frames                      : 34,570,240


Policy 0: 
Timing:
  Play time               : 14.053 s
  Update time             : 1.044 s
  Time to train epoch     : 15.097 s


Statistics:
  fps step                    : 12,196
  fps step + policy inference : 11,659
  fps total                   : 10,853
  epoch                       : 212 / 1,000
  frames                      : 34,734,080


Policy 0: 
Timing:
  Play time               : 13.986 s
  Update time             : 1.036 s
  Time to train epoch     : 15.022 s


Statistics:
  fps step                    : 12,260
  fps step + policy inference : 11,715
  fps total                   : 10,907
  epoch                       : 213 / 1,000
  frames                      : 34,897,920


Policy 0: 
Timing:
  Play time               : 14.061 s
  Update time             : 1.062 s
  Time to train epoch     : 15.122 s


Statistics:
  fps step                    : 12,188
  fps step + policy inference : 11,652
  fps total                   : 10,834
  epoch                       : 214 / 1,000
  frames                      : 35,061,760


Policy 0: 
Timing:
  Play time               : 14.067 s
  Update time             : 1.010 s
  Time to train epoch     : 15.077 s


Statistics:
  fps step                    : 12,181
  fps step + policy inference : 11,647
  fps total                   : 10,867
  epoch                       : 215 / 1,000
  frames                      : 35,225,600


Policy 0: 
Timing:
  Play time               : 14.010 s
  Update time             : 0.988 s
  Time to train epoch     : 14.998 s


Statistics:
  fps step                    : 12,229
  fps step + policy inference : 11,695
  fps total                   : 10,924
  epoch                       : 216 / 1,000
  frames                      : 35,389,440


Policy 0: saving next best rewards:  [-47.71]
=> saving checkpoint 'runs/mg_D_seed2801/nn/mg_D_seed2801.pth'

Timing:
  Play time               : 14.023 s
  Update time             : 0.981 s
  Time to train epoch     : 15.004 s


Statistics:
  fps step                    : 12,223
  fps step + policy inference : 11,684
  fps total                   : 10,920
  epoch                       : 217 / 1,000
  frames                      : 35,553,280


Policy 0: saving next best rewards:  [-44.85]
=> saving checkpoint 'runs/mg_D_seed2801/nn/mg_D_seed2801.pth'

Timing:
  Play time               : 13.975 s
  Update time             : 0.963 s
  Time to train epoch     : 14.939 s


Statistics:
  fps step                    : 12,265
  fps step + policy inference : 11,723
  fps total                   : 10,968
  epoch                       : 218 / 1,000
  frames                      : 35,717,120


Policy 0: 
Timing:
  Play time               : 14.011 s
  Update time             : 0.961 s
  Time to train epoch     : 14.972 s


Statistics:
  fps step                    : 12,236
  fps step + policy inference : 11,693
  fps total                   : 10,943
  epoch                       : 219 / 1,000
  frames                      : 35,880,960


Policy 0: 
Timing:
  Play time               : 13.933 s
  Update time             : 0.965 s
  Time to train epoch     : 14.898 s


Statistics:
  fps step                    : 12,308
  fps step + policy inference : 11,759
  fps total                   : 10,998
  epoch                       : 220 / 1,000
  frames                      : 36,044,800


Policy 0: 
Timing:
  Play time               : 13.983 s
  Update time             : 0.966 s
  Time to train epoch     : 14.950 s


Statistics:
  fps step                    : 12,267
  fps step + policy inference : 11,717
  fps total                   : 10,959
  epoch                       : 221 / 1,000
  frames                      : 36,208,640


Policy 0: saving next best rewards:  [-43.31]
=> saving checkpoint 'runs/mg_D_seed2801/nn/mg_D_seed2801.pth'

Timing:
  Play time               : 13.846 s
  Update time             : 0.967 s
  Time to train epoch     : 14.812 s


Statistics:
  fps step                    : 12,386
  fps step + policy inference : 11,833
  fps total                   : 11,061
  epoch                       : 222 / 1,000
  frames                      : 36,372,480


Policy 0: saving next best rewards:  [-42.72]
=> saving checkpoint 'runs/mg_D_seed2801/nn/mg_D_seed2801.pth'

Timing:
  Play time               : 14.029 s
  Update time             : 0.988 s
  Time to train epoch     : 15.017 s


Statistics:
  fps step                    : 12,215
  fps step + policy inference : 11,679
  fps total                   : 10,910
  epoch                       : 223 / 1,000
  frames                      : 36,536,320


Policy 0: 
Timing:
  Play time               : 13.895 s
  Update time             : 1.007 s
  Time to train epoch     : 14.902 s


Statistics:
  fps step                    : 12,338
  fps step + policy inference : 11,791
  fps total                   : 10,995
  epoch                       : 224 / 1,000
  frames                      : 36,700,160


Policy 0: 
Timing:
  Play time               : 13.915 s
  Update time             : 1.020 s
  Time to train epoch     : 14.935 s


Statistics:
  fps step                    : 12,322
  fps step + policy inference : 11,774
  fps total                   : 10,970
  epoch                       : 225 / 1,000
  frames                      : 36,864,000


Policy 0: 
Timing:
  Play time               : 13.963 s
  Update time             : 1.041 s
  Time to train epoch     : 15.004 s


Statistics:
  fps step                    : 12,274
  fps step + policy inference : 11,734
  fps total                   : 10,920
  epoch                       : 226 / 1,000
  frames                      : 37,027,840


Policy 0: 
Timing:
  Play time               : 13.881 s
  Update time             : 1.022 s
  Time to train epoch     : 14.904 s


Statistics:
  fps step                    : 12,356
  fps step + policy inference : 11,803
  fps total                   : 10,993
  epoch                       : 227 / 1,000
  frames                      : 37,191,680


Policy 0: 
Timing:
  Play time               : 13.887 s
  Update time             : 1.026 s
  Time to train epoch     : 14.912 s


Statistics:
  fps step                    : 12,350
  fps step + policy inference : 11,798
  fps total                   : 10,987
  epoch                       : 228 / 1,000
  frames                      : 37,355,520


Policy 0: 
Timing:
  Play time               : 13.847 s
  Update time             : 0.993 s
  Time to train epoch     : 14.840 s


Statistics:
  fps step                    : 12,377
  fps step + policy inference : 11,832
  fps total                   : 11,040
  epoch                       : 229 / 1,000
  frames                      : 37,519,360


Policy 0: 
Timing:
  Play time               : 13.878 s
  Update time             : 0.975 s
  Time to train epoch     : 14.852 s


Statistics:
  fps step                    : 12,352
  fps step + policy inference : 11,806
  fps total                   : 11,031
  epoch                       : 230 / 1,000
  frames                      : 37,683,200


Policy 0: 
Timing:
  Play time               : 13.930 s
  Update time             : 0.964 s
  Time to train epoch     : 14.894 s


Statistics:
  fps step                    : 12,304
  fps step + policy inference : 11,762
  fps total                   : 11,000
  epoch                       : 231 / 1,000
  frames                      : 37,847,040


Policy 0: saving next best rewards:  [-41.74]
=> saving checkpoint 'runs/mg_D_seed2801/nn/mg_D_seed2801.pth'

Timing:
  Play time               : 14.016 s
  Update time             : 0.962 s
  Time to train epoch     : 14.978 s


Statistics:
  fps step                    : 12,229
  fps step + policy inference : 11,689
  fps total                   : 10,939
  epoch                       : 232 / 1,000
  frames                      : 38,010,880


Policy 0: 
Timing:
  Play time               : 13.886 s
  Update time             : 0.963 s
  Time to train epoch     : 14.849 s


Statistics:
  fps step                    : 12,345
  fps step + policy inference : 11,799
  fps total                   : 11,034
  epoch                       : 233 / 1,000
  frames                      : 38,174,720


Policy 0: 
Timing:
  Play time               : 13.807 s
  Update time             : 0.991 s
  Time to train epoch     : 14.799 s


Statistics:
  fps step                    : 12,418
  fps step + policy inference : 11,866
  fps total                   : 11,071
  epoch                       : 234 / 1,000
  frames                      : 38,338,560


Policy 0: 
Timing:
  Play time               : 13.885 s
  Update time             : 0.978 s
  Time to train epoch     : 14.863 s


Statistics:
  fps step                    : 12,345
  fps step + policy inference : 11,800
  fps total                   : 11,023
  epoch                       : 235 / 1,000
  frames                      : 38,502,400


Policy 0: 
Timing:
  Play time               : 13.906 s
  Update time             : 1.028 s
  Time to train epoch     : 14.934 s


Statistics:
  fps step                    : 12,325
  fps step + policy inference : 11,782
  fps total                   : 10,971
  epoch                       : 236 / 1,000
  frames                      : 38,666,240


Policy 0: saving next best rewards:  [-41.44]
=> saving checkpoint 'runs/mg_D_seed2801/nn/mg_D_seed2801.pth'

Timing:
  Play time               : 13.941 s
  Update time             : 1.045 s
  Time to train epoch     : 14.986 s


Statistics:
  fps step                    : 12,290
  fps step + policy inference : 11,752
  fps total                   : 10,933
  epoch                       : 237 / 1,000
  frames                      : 38,830,080


Policy 0: 
Timing:
  Play time               : 13.836 s
  Update time             : 1.043 s
  Time to train epoch     : 14.878 s


Statistics:
  fps step                    : 12,391
  fps step + policy inference : 11,842
  fps total                   : 11,012
  epoch                       : 238 / 1,000
  frames                      : 38,993,920


Policy 0: 
Timing:
  Play time               : 14.064 s
  Update time             : 1.030 s
  Time to train epoch     : 15.095 s


Statistics:
  fps step                    : 12,176
  fps step + policy inference : 11,649
  fps total                   : 10,854
  epoch                       : 239 / 1,000
  frames                      : 39,157,760


Policy 0: 
Timing:
  Play time               : 14.039 s
  Update time             : 1.006 s
  Time to train epoch     : 15.045 s


Statistics:
  fps step                    : 12,217
  fps step + policy inference : 11,671
  fps total                   : 10,890
  epoch                       : 240 / 1,000
  frames                      : 39,321,600


Policy 0: 
Timing:
  Play time               : 13.943 s
  Update time             : 0.962 s
  Time to train epoch     : 14.905 s


Statistics:
  fps step                    : 12,285
  fps step + policy inference : 11,751
  fps total                   : 10,992
  epoch                       : 241 / 1,000
  frames                      : 39,485,440


Policy 0: 
Timing:
  Play time               : 13.872 s
  Update time             : 0.960 s
  Time to train epoch     : 14.832 s


Statistics:
  fps step                    : 12,355
  fps step + policy inference : 11,811
  fps total                   : 11,047
  epoch                       : 242 / 1,000
  frames                      : 39,649,280


Policy 0: saving next best rewards:  [-41.18]
=> saving checkpoint 'runs/mg_D_seed2801/nn/mg_D_seed2801.pth'

Timing:
  Play time               : 14.057 s
  Update time             : 0.961 s
  Time to train epoch     : 15.018 s


Statistics:
  fps step                    : 12,183
  fps step + policy inference : 11,655
  fps total                   : 10,910
  epoch                       : 243 / 1,000
  frames                      : 39,813,120


Policy 0: 
Timing:
  Play time               : 14.008 s
  Update time             : 0.967 s
  Time to train epoch     : 14.974 s


Statistics:
  fps step                    : 12,230
  fps step + policy inference : 11,696
  fps total                   : 10,941
  epoch                       : 244 / 1,000
  frames                      : 39,976,960


Policy 0: 
Timing:
  Play time               : 13.850 s
  Update time             : 0.976 s
  Time to train epoch     : 14.826 s


Statistics:
  fps step                    : 12,369
  fps step + policy inference : 11,829
  fps total                   : 11,051
  epoch                       : 245 / 1,000
  frames                      : 40,140,800


Policy 0: saving next best rewards:  [-39.9]
=> saving checkpoint 'runs/mg_D_seed2801/nn/mg_D_seed2801.pth'

Timing:
  Play time               : 13.786 s
  Update time             : 0.959 s
  Time to train epoch     : 14.746 s


Statistics:
  fps step                    : 12,437
  fps step + policy inference : 11,884
  fps total                   : 11,111
  epoch                       : 246 / 1,000
  frames                      : 40,304,640


Policy 0: 
Timing:
  Play time               : 13.826 s
  Update time             : 0.964 s
  Time to train epoch     : 14.790 s


Statistics:
  fps step                    : 12,393
  fps step + policy inference : 11,850
  fps total                   : 11,077
  epoch                       : 247 / 1,000
  frames                      : 40,468,480


Policy 0: 
Timing:
  Play time               : 13.888 s
  Update time             : 0.973 s
  Time to train epoch     : 14.861 s


Statistics:
  fps step                    : 12,341
  fps step + policy inference : 11,797
  fps total                   : 11,025
  epoch                       : 248 / 1,000
  frames                      : 40,632,320


Policy 0: 
Timing:
  Play time               : 13.766 s
  Update time             : 1.004 s
  Time to train epoch     : 14.769 s


Statistics:
  fps step                    : 12,456
  fps step + policy inference : 11,902
  fps total                   : 11,093
  epoch                       : 249 / 1,000
  frames                      : 40,796,160


Policy 0: 
Timing:
  Play time               : 13.803 s
  Update time             : 1.043 s
  Time to train epoch     : 14.846 s


Statistics:
  fps step                    : 12,424
  fps step + policy inference : 11,870
  fps total                   : 11,036
  epoch                       : 250 / 1,000
  frames                      : 40,960,000


Policy 0: Saved recovery checkpoint runs/mg_D_seed2801/checkpoints/epoch_000250.pth; evaluation_due=False

Timing:
  Play time               : 13.743 s
  Update time             : 1.104 s
  Time to train epoch     : 14.847 s


Statistics:
  fps step                    : 12,480
  fps step + policy inference : 11,922
  fps total                   : 11,035
  epoch                       : 251 / 1,000
  frames                      : 41,123,840


Policy 0: 
Timing:
  Play time               : 13.842 s
  Update time             : 1.038 s
  Time to train epoch     : 14.880 s


Statistics:
  fps step                    : 12,384
  fps step + policy inference : 11,837
  fps total                   : 11,011
  epoch                       : 252 / 1,000
  frames                      : 41,287,680


Policy 0: 
Timing:
  Play time               : 13.808 s
  Update time             : 0.978 s
  Time to train epoch     : 14.787 s


Statistics:
  fps step                    : 12,418
  fps step + policy inference : 11,865
  fps total                   : 11,080
  epoch                       : 253 / 1,000
  frames                      : 41,451,520


Policy 0: 
Timing:
  Play time               : 13.762 s
  Update time             : 0.966 s
  Time to train epoch     : 14.728 s


Statistics:
  fps step                    : 12,455
  fps step + policy inference : 11,906
  fps total                   : 11,124
  epoch                       : 254 / 1,000
  frames                      : 41,615,360


Policy 0: 
Timing:
  Play time               : 13.793 s
  Update time             : 0.969 s
  Time to train epoch     : 14.762 s


Statistics:
  fps step                    : 12,432
  fps step + policy inference : 11,879
  fps total                   : 11,099
  epoch                       : 255 / 1,000
  frames                      : 41,779,200


Policy 0: 
Timing:
  Play time               : 13.816 s
  Update time             : 0.963 s
  Time to train epoch     : 14.778 s


Statistics:
  fps step                    : 12,409
  fps step + policy inference : 11,859
  fps total                   : 11,087
  epoch                       : 256 / 1,000
  frames                      : 41,943,040


Policy 0: 
Timing:
  Play time               : 13.853 s
  Update time             : 0.987 s
  Time to train epoch     : 14.841 s


Statistics:
  fps step                    : 12,370
  fps step + policy inference : 11,827
  fps total                   : 11,040
  epoch                       : 257 / 1,000
  frames                      : 42,106,880


Policy 0: 
Timing:
  Play time               : 13.871 s
  Update time             : 0.963 s
  Time to train epoch     : 14.835 s


Statistics:
  fps step                    : 12,351
  fps step + policy inference : 11,811
  fps total                   : 11,044
  epoch                       : 258 / 1,000
  frames                      : 42,270,720


Policy 0: 
Timing:
  Play time               : 13.631 s
  Update time             : 0.983 s
  Time to train epoch     : 14.614 s


Statistics:
  fps step                    : 12,583
  fps step + policy inference : 12,019
  fps total                   : 11,211
  epoch                       : 259 / 1,000
  frames                      : 42,434,560


Policy 0: 
Timing:
  Play time               : 13.841 s
  Update time             : 1.050 s
  Time to train epoch     : 14.891 s


Statistics:
  fps step                    : 12,386
  fps step + policy inference : 11,837
  fps total                   : 11,003
  epoch                       : 260 / 1,000
  frames                      : 42,598,400


Policy 0: 
Timing:
  Play time               : 13.663 s
  Update time             : 1.070 s
  Time to train epoch     : 14.734 s


Statistics:
  fps step                    : 12,543
  fps step + policy inference : 11,991
  fps total                   : 11,120
  epoch                       : 261 / 1,000
  frames                      : 42,762,240


Policy 0: saving next best rewards:  [-39.73]
=> saving checkpoint 'runs/mg_D_seed2801/nn/mg_D_seed2801.pth'

Timing:
  Play time               : 13.649 s
  Update time             : 1.040 s
  Time to train epoch     : 14.689 s


Statistics:
  fps step                    : 12,564
  fps step + policy inference : 12,004
  fps total                   : 11,154
  epoch                       : 262 / 1,000
  frames                      : 42,926,080


Policy 0: 
Timing:
  Play time               : 13.738 s
  Update time             : 1.006 s
  Time to train epoch     : 14.744 s


Statistics:
  fps step                    : 12,473
  fps step + policy inference : 11,926
  fps total                   : 11,112
  epoch                       : 263 / 1,000
  frames                      : 43,089,920


Policy 0: 
Timing:
  Play time               : 13.955 s
  Update time             : 0.967 s
  Time to train epoch     : 14.922 s


Statistics:
  fps step                    : 12,275
  fps step + policy inference : 11,740
  fps total                   : 10,980
  epoch                       : 264 / 1,000
  frames                      : 43,253,760


Policy 0: saving next best rewards:  [-39.14]
=> saving checkpoint 'runs/mg_D_seed2801/nn/mg_D_seed2801.pth'

Timing:
  Play time               : 13.756 s
  Update time             : 0.983 s
  Time to train epoch     : 14.739 s


Statistics:
  fps step                    : 12,460
  fps step + policy inference : 11,910
  fps total                   : 11,116
  epoch                       : 265 / 1,000
  frames                      : 43,417,600


Policy 0: saving next best rewards:  [-38.87]
=> saving checkpoint 'runs/mg_D_seed2801/nn/mg_D_seed2801.pth'

Timing:
  Play time               : 13.743 s
  Update time             : 0.961 s
  Time to train epoch     : 14.703 s


Statistics:
  fps step                    : 12,474
  fps step + policy inference : 11,922
  fps total                   : 11,143
  epoch                       : 266 / 1,000
  frames                      : 43,581,440


Policy 0: 
Timing:
  Play time               : 13.757 s
  Update time             : 0.963 s
  Time to train epoch     : 14.720 s


Statistics:
  fps step                    : 12,463
  fps step + policy inference : 11,909
  fps total                   : 11,131
  epoch                       : 267 / 1,000
  frames                      : 43,745,280


Policy 0: saving next best rewards:  [-38.35]
=> saving checkpoint 'runs/mg_D_seed2801/nn/mg_D_seed2801.pth'

Timing:
  Play time               : 13.765 s
  Update time             : 0.968 s
  Time to train epoch     : 14.733 s


Statistics:
  fps step                    : 12,460
  fps step + policy inference : 11,903
  fps total                   : 11,120
  epoch                       : 268 / 1,000
  frames                      : 43,909,120


Policy 0: saving next best rewards:  [-37.72]
=> saving checkpoint 'runs/mg_D_seed2801/nn/mg_D_seed2801.pth'

Timing:
  Play time               : 13.754 s
  Update time             : 0.962 s
  Time to train epoch     : 14.716 s


Statistics:
  fps step                    : 12,466
  fps step + policy inference : 11,912
  fps total                   : 11,133
  epoch                       : 269 / 1,000
  frames                      : 44,072,960


Policy 0: 
Timing:
  Play time               : 13.783 s
  Update time             : 0.973 s
  Time to train epoch     : 14.756 s


Statistics:
  fps step                    : 12,442
  fps step + policy inference : 11,887
  fps total                   : 11,103
  epoch                       : 270 / 1,000
  frames                      : 44,236,800


Policy 0: 
Timing:
  Play time               : 13.759 s
  Update time             : 1.042 s
  Time to train epoch     : 14.801 s


Statistics:
  fps step                    : 12,464
  fps step + policy inference : 11,908
  fps total                   : 11,070
  epoch                       : 271 / 1,000
  frames                      : 44,400,640


Policy 0: saving next best rewards:  [-37.28]
=> saving checkpoint 'runs/mg_D_seed2801/nn/mg_D_seed2801.pth'

Timing:
  Play time               : 13.655 s
  Update time             : 1.070 s
  Time to train epoch     : 14.725 s


Statistics:
  fps step                    : 12,563
  fps step + policy inference : 11,999
  fps total                   : 11,127
  epoch                       : 272 / 1,000
  frames                      : 44,564,480


Policy 0: 
Timing:
  Play time               : 13.642 s
  Update time             : 1.035 s
  Time to train epoch     : 14.678 s


Statistics:
  fps step                    : 12,572
  fps step + policy inference : 12,010
  fps total                   : 11,163
  epoch                       : 273 / 1,000
  frames                      : 44,728,320


Policy 0: 
Timing:
  Play time               : 13.832 s
  Update time             : 0.995 s
  Time to train epoch     : 14.827 s


Statistics:
  fps step                    : 12,387
  fps step + policy inference : 11,845
  fps total                   : 11,050
  epoch                       : 274 / 1,000
  frames                      : 44,892,160


Policy 0: 
Timing:
  Play time               : 13.778 s
  Update time             : 0.973 s
  Time to train epoch     : 14.751 s


Statistics:
  fps step                    : 12,438
  fps step + policy inference : 11,892
  fps total                   : 11,107
  epoch                       : 275 / 1,000
  frames                      : 45,056,000


Policy 0: 
Timing:
  Play time               : 13.717 s
  Update time             : 0.985 s
  Time to train epoch     : 14.701 s


Statistics:
  fps step                    : 12,500
  fps step + policy inference : 11,945
  fps total                   : 11,145
  epoch                       : 276 / 1,000
  frames                      : 45,219,840


Policy 0: 
Timing:
  Play time               : 13.781 s
  Update time             : 0.962 s
  Time to train epoch     : 14.743 s


Statistics:
  fps step                    : 12,436
  fps step + policy inference : 11,889
  fps total                   : 11,113
  epoch                       : 277 / 1,000
  frames                      : 45,383,680


Policy 0: 
Timing:
  Play time               : 13.657 s
  Update time             : 0.964 s
  Time to train epoch     : 14.621 s


Statistics:
  fps step                    : 12,551
  fps step + policy inference : 11,997
  fps total                   : 11,206
  epoch                       : 278 / 1,000
  frames                      : 45,547,520


Policy 0: 
Timing:
  Play time               : 13.650 s
  Update time             : 0.988 s
  Time to train epoch     : 14.638 s


Statistics:
  fps step                    : 12,558
  fps step + policy inference : 12,003
  fps total                   : 11,193
  epoch                       : 279 / 1,000
  frames                      : 45,711,360


Policy 0: saving next best rewards:  [-36.65]
=> saving checkpoint 'runs/mg_D_seed2801/nn/mg_D_seed2801.pth'

Timing:
  Play time               : 13.692 s
  Update time             : 0.963 s
  Time to train epoch     : 14.655 s


Statistics:
  fps step                    : 12,519
  fps step + policy inference : 11,966
  fps total                   : 11,180
  epoch                       : 280 / 1,000
  frames                      : 45,875,200


Policy 0: saving next best rewards:  [-35.7]
=> saving checkpoint 'runs/mg_D_seed2801/nn/mg_D_seed2801.pth'

Timing:
  Play time               : 13.650 s
  Update time             : 0.965 s
  Time to train epoch     : 14.615 s


Statistics:
  fps step                    : 12,561
  fps step + policy inference : 12,003
  fps total                   : 11,210
  epoch                       : 281 / 1,000
  frames                      : 46,039,040


Policy 0: 
Timing:
  Play time               : 13.624 s
  Update time             : 0.985 s
  Time to train epoch     : 14.609 s


Statistics:
  fps step                    : 12,585
  fps step + policy inference : 12,026
  fps total                   : 11,215
  epoch                       : 282 / 1,000
  frames                      : 46,202,880


Policy 0: 
Timing:
  Play time               : 13.610 s
  Update time             : 0.992 s
  Time to train epoch     : 14.603 s


Statistics:
  fps step                    : 12,596
  fps step + policy inference : 12,038
  fps total                   : 11,220
  epoch                       : 283 / 1,000
  frames                      : 46,366,720


Policy 0: saving next best rewards:  [-35.33]
=> saving checkpoint 'runs/mg_D_seed2801/nn/mg_D_seed2801.pth'

Timing:
  Play time               : 13.605 s
  Update time             : 1.043 s
  Time to train epoch     : 14.648 s


Statistics:
  fps step                    : 12,604
  fps step + policy inference : 12,043
  fps total                   : 11,185
  epoch                       : 284 / 1,000
  frames                      : 46,530,560


Policy 0: saving next best rewards:  [-34.5]
=> saving checkpoint 'runs/mg_D_seed2801/nn/mg_D_seed2801.pth'

Timing:
  Play time               : 13.675 s
  Update time             : 1.041 s
  Time to train epoch     : 14.716 s


Statistics:
  fps step                    : 12,531
  fps step + policy inference : 11,981
  fps total                   : 11,134
  epoch                       : 285 / 1,000
  frames                      : 46,694,400


Policy 0: 
Timing:
  Play time               : 13.541 s
  Update time             : 1.093 s
  Time to train epoch     : 14.635 s


Statistics:
  fps step                    : 12,663
  fps step + policy inference : 12,099
  fps total                   : 11,195
  epoch                       : 286 / 1,000
  frames                      : 46,858,240


Policy 0: 
Timing:
  Play time               : 13.704 s
  Update time             : 1.031 s
  Time to train epoch     : 14.736 s


Statistics:
  fps step                    : 12,501
  fps step + policy inference : 11,955
  fps total                   : 11,119
  epoch                       : 287 / 1,000
  frames                      : 47,022,080


Policy 0: 
Timing:
  Play time               : 13.691 s
  Update time             : 0.975 s
  Time to train epoch     : 14.666 s


Statistics:
  fps step                    : 12,515
  fps step + policy inference : 11,967
  fps total                   : 11,171
  epoch                       : 288 / 1,000
  frames                      : 47,185,920


Policy 0: 
Timing:
  Play time               : 13.835 s
  Update time             : 0.965 s
  Time to train epoch     : 14.801 s


Statistics:
  fps step                    : 12,377
  fps step + policy inference : 11,842
  fps total                   : 11,070
  epoch                       : 289 / 1,000
  frames                      : 47,349,760


Policy 0: saving next best rewards:  [-33.72]
=> saving checkpoint 'runs/mg_D_seed2801/nn/mg_D_seed2801.pth'

Timing:
  Play time               : 13.691 s
  Update time             : 0.991 s
  Time to train epoch     : 14.682 s


Statistics:
  fps step                    : 12,516
  fps step + policy inference : 11,967
  fps total                   : 11,159
  epoch                       : 290 / 1,000
  frames                      : 47,513,600


Policy 0: saving next best rewards:  [-32.86]
=> saving checkpoint 'runs/mg_D_seed2801/nn/mg_D_seed2801.pth'

Timing:
  Play time               : 13.745 s
  Update time             : 0.966 s
  Time to train epoch     : 14.710 s


Statistics:
  fps step                    : 12,462
  fps step + policy inference : 11,920
  fps total                   : 11,138
  epoch                       : 291 / 1,000
  frames                      : 47,677,440


Policy 0: 
Timing:
  Play time               : 13.700 s
  Update time             : 0.966 s
  Time to train epoch     : 14.666 s


Statistics:
  fps step                    : 12,507
  fps step + policy inference : 11,959
  fps total                   : 11,172
  epoch                       : 292 / 1,000
  frames                      : 47,841,280


Policy 0: 
Timing:
  Play time               : 13.691 s
  Update time             : 0.967 s
  Time to train epoch     : 14.658 s


Statistics:
  fps step                    : 12,517
  fps step + policy inference : 11,967
  fps total                   : 11,178
  epoch                       : 293 / 1,000
  frames                      : 48,005,120


Policy 0: 
Timing:
  Play time               : 13.647 s
  Update time             : 0.966 s
  Time to train epoch     : 14.614 s


Statistics:
  fps step                    : 12,559
  fps step + policy inference : 12,005
  fps total                   : 11,212
  epoch                       : 294 / 1,000
  frames                      : 48,168,960


Policy 0: 
Timing:
  Play time               : 13.704 s
  Update time             : 0.978 s
  Time to train epoch     : 14.682 s


Statistics:
  fps step                    : 12,507
  fps step + policy inference : 11,955
  fps total                   : 11,159
  epoch                       : 295 / 1,000
  frames                      : 48,332,800


Policy 0: 
Timing:
  Play time               : 13.656 s
  Update time             : 1.046 s
  Time to train epoch     : 14.702 s


Statistics:
  fps step                    : 12,549
  fps step + policy inference : 11,998
  fps total                   : 11,144
  epoch                       : 296 / 1,000
  frames                      : 48,496,640


Policy 0: 
Timing:
  Play time               : 13.668 s
  Update time             : 1.051 s
  Time to train epoch     : 14.719 s


Statistics:
  fps step                    : 12,536
  fps step + policy inference : 11,987
  fps total                   : 11,131
  epoch                       : 297 / 1,000
  frames                      : 48,660,480


Policy 0: 
Timing:
  Play time               : 13.579 s
  Update time             : 1.058 s
  Time to train epoch     : 14.638 s


Statistics:
  fps step                    : 12,619
  fps step + policy inference : 12,065
  fps total                   : 11,193
  epoch                       : 298 / 1,000
  frames                      : 48,824,320


Policy 0: 
Timing:
  Play time               : 13.599 s
  Update time             : 1.043 s
  Time to train epoch     : 14.642 s


Statistics:
  fps step                    : 12,605
  fps step + policy inference : 12,048
  fps total                   : 11,190
  epoch                       : 299 / 1,000
  frames                      : 48,988,160


Policy 0: 
Timing:
  Play time               : 13.680 s
  Update time             : 0.968 s
  Time to train epoch     : 14.648 s


Statistics:
  fps step                    : 12,526
  fps step + policy inference : 11,976
  fps total                   : 11,185
  epoch                       : 300 / 1,000
  frames                      : 49,152,000


Policy 0: saving next best rewards:  [-32.66]
=> saving checkpoint 'runs/mg_D_seed2801/nn/mg_D_seed2801.pth'

Timing:
  Play time               : 13.875 s
  Update time             : 0.971 s
  Time to train epoch     : 14.847 s


Statistics:
  fps step                    : 12,343
  fps step + policy inference : 11,808
  fps total                   : 11,036
  epoch                       : 301 / 1,000
  frames                      : 49,315,840


Policy 0: saving next best rewards:  [-32.17]
=> saving checkpoint 'runs/mg_D_seed2801/nn/mg_D_seed2801.pth'

Timing:
  Play time               : 13.637 s
  Update time             : 0.963 s
  Time to train epoch     : 14.600 s


Statistics:
  fps step                    : 12,561
  fps step + policy inference : 12,015
  fps total                   : 11,222
  epoch                       : 302 / 1,000
  frames                      : 49,479,680


Policy 0: 
Timing:
  Play time               : 13.669 s
  Update time             : 0.963 s
  Time to train epoch     : 14.632 s


Statistics:
  fps step                    : 12,533
  fps step + policy inference : 11,986
  fps total                   : 11,197
  epoch                       : 303 / 1,000
  frames                      : 49,643,520


Policy 0: 
Timing:
  Play time               : 13.890 s
  Update time             : 0.993 s
  Time to train epoch     : 14.883 s


Statistics:
  fps step                    : 12,325
  fps step + policy inference : 11,796
  fps total                   : 11,009
  epoch                       : 304 / 1,000
  frames                      : 49,807,360


Policy 0: 
Timing:
  Play time               : 13.585 s
  Update time             : 0.963 s
  Time to train epoch     : 14.548 s


Statistics:
  fps step                    : 12,611
  fps step + policy inference : 12,060
  fps total                   : 11,262
  epoch                       : 305 / 1,000
  frames                      : 49,971,200


Policy 0: 
Timing:
  Play time               : 13.498 s
  Update time             : 0.963 s
  Time to train epoch     : 14.462 s


Statistics:
  fps step                    : 12,697
  fps step + policy inference : 12,138
  fps total                   : 11,329
  epoch                       : 306 / 1,000
  frames                      : 50,135,040


Policy 0: 
Timing:
  Play time               : 13.630 s
  Update time             : 0.971 s
  Time to train epoch     : 14.601 s


Statistics:
  fps step                    : 12,563
  fps step + policy inference : 12,020
  fps total                   : 11,221
  epoch                       : 307 / 1,000
  frames                      : 50,298,880


Policy 0: 
Timing:
  Play time               : 13.718 s
  Update time             : 0.973 s
  Time to train epoch     : 14.691 s


Statistics:
  fps step                    : 12,479
  fps step + policy inference : 11,943
  fps total                   : 11,152
  epoch                       : 308 / 1,000
  frames                      : 50,462,720


Policy 0: 
Timing:
  Play time               : 13.604 s
  Update time             : 1.002 s
  Time to train epoch     : 14.606 s


Statistics:
  fps step                    : 12,593
  fps step + policy inference : 12,043
  fps total                   : 11,217
  epoch                       : 309 / 1,000
  frames                      : 50,626,560


Policy 0: 
Timing:
  Play time               : 13.486 s
  Update time             : 1.053 s
  Time to train epoch     : 14.539 s


Statistics:
  fps step                    : 12,711
  fps step + policy inference : 12,148
  fps total                   : 11,269
  epoch                       : 310 / 1,000
  frames                      : 50,790,400


Policy 0: 
Timing:
  Play time               : 13.643 s
  Update time             : 1.048 s
  Time to train epoch     : 14.691 s


Statistics:
  fps step                    : 12,549
  fps step + policy inference : 12,009
  fps total                   : 11,153
  epoch                       : 311 / 1,000
  frames                      : 50,954,240


Policy 0: 
Timing:
  Play time               : 13.724 s
  Update time             : 1.016 s
  Time to train epoch     : 14.740 s


Statistics:
  fps step                    : 12,477
  fps step + policy inference : 11,938
  fps total                   : 11,115
  epoch                       : 312 / 1,000
  frames                      : 51,118,080


Policy 0: 
Timing:
  Play time               : 13.582 s
  Update time             : 1.007 s
  Time to train epoch     : 14.589 s


Statistics:
  fps step                    : 12,614
  fps step + policy inference : 12,063
  fps total                   : 11,231
  epoch                       : 313 / 1,000
  frames                      : 51,281,920


Policy 0: 
Timing:
  Play time               : 13.821 s
  Update time             : 1.014 s
  Time to train epoch     : 14.835 s


Statistics:
  fps step                    : 12,390
  fps step + policy inference : 11,855
  fps total                   : 11,044
  epoch                       : 314 / 1,000
  frames                      : 51,445,760


Policy 0: 
Timing:
  Play time               : 13.532 s
  Update time             : 0.966 s
  Time to train epoch     : 14.498 s


Statistics:
  fps step                    : 12,667
  fps step + policy inference : 12,108
  fps total                   : 11,301
  epoch                       : 315 / 1,000
  frames                      : 51,609,600


Policy 0: 
Timing:
  Play time               : 13.584 s
  Update time             : 0.964 s
  Time to train epoch     : 14.548 s


Statistics:
  fps step                    : 12,615
  fps step + policy inference : 12,062
  fps total                   : 11,262
  epoch                       : 316 / 1,000
  frames                      : 51,773,440


Policy 0: 
Timing:
  Play time               : 13.563 s
  Update time             : 0.968 s
  Time to train epoch     : 14.531 s


Statistics:
  fps step                    : 12,630
  fps step + policy inference : 12,080
  fps total                   : 11,275
  epoch                       : 317 / 1,000
  frames                      : 51,937,280


Policy 0: saving next best rewards:  [-31.87]
=> saving checkpoint 'runs/mg_D_seed2801/nn/mg_D_seed2801.pth'

Timing:
  Play time               : 13.576 s
  Update time             : 0.962 s
  Time to train epoch     : 14.538 s


Statistics:
  fps step                    : 12,617
  fps step + policy inference : 12,068
  fps total                   : 11,270
  epoch                       : 318 / 1,000
  frames                      : 52,101,120


Policy 0: 
Timing:
  Play time               : 13.761 s
  Update time             : 0.964 s
  Time to train epoch     : 14.726 s


Statistics:
  fps step                    : 12,440
  fps step + policy inference : 11,906
  fps total                   : 11,126
  epoch                       : 319 / 1,000
  frames                      : 52,264,960


Policy 0: 
Timing:
  Play time               : 13.808 s
  Update time             : 1.008 s
  Time to train epoch     : 14.815 s


Statistics:
  fps step                    : 12,395
  fps step + policy inference : 11,866
  fps total                   : 11,059
  epoch                       : 320 / 1,000
  frames                      : 52,428,800


Policy 0: saving next best rewards:  [-31.23]
=> saving checkpoint 'runs/mg_D_seed2801/nn/mg_D_seed2801.pth'

Timing:
  Play time               : 13.586 s
  Update time             : 1.084 s
  Time to train epoch     : 14.670 s


Statistics:
  fps step                    : 12,614
  fps step + policy inference : 12,059
  fps total                   : 11,168
  epoch                       : 321 / 1,000
  frames                      : 52,592,640


Policy 0: 
Timing:
  Play time               : 13.606 s
  Update time             : 1.043 s
  Time to train epoch     : 14.649 s


Statistics:
  fps step                    : 12,596
  fps step + policy inference : 12,042
  fps total                   : 11,184
  epoch                       : 322 / 1,000
  frames                      : 52,756,480


Policy 0: 
Timing:
  Play time               : 13.575 s
  Update time             : 1.016 s
  Time to train epoch     : 14.591 s


Statistics:
  fps step                    : 12,624
  fps step + policy inference : 12,069
  fps total                   : 11,229
  epoch                       : 323 / 1,000
  frames                      : 52,920,320


Policy 0: saving next best rewards:  [-31.]
=> saving checkpoint 'runs/mg_D_seed2801/nn/mg_D_seed2801.pth'

Timing:
  Play time               : 13.720 s
  Update time             : 0.975 s
  Time to train epoch     : 14.695 s


Statistics:
  fps step                    : 12,480
  fps step + policy inference : 11,942
  fps total                   : 11,149
  epoch                       : 324 / 1,000
  frames                      : 53,084,160


Policy 0: saving next best rewards:  [-30.96]
=> saving checkpoint 'runs/mg_D_seed2801/nn/mg_D_seed2801.pth'

Timing:
  Play time               : 13.425 s
  Update time             : 0.969 s
  Time to train epoch     : 14.394 s


Statistics:
  fps step                    : 12,771
  fps step + policy inference : 12,204
  fps total                   : 11,383
  epoch                       : 325 / 1,000
  frames                      : 53,248,000


Policy 0: saving next best rewards:  [-30.05]
=> saving checkpoint 'runs/mg_D_seed2801/nn/mg_D_seed2801.pth'

Timing:
  Play time               : 13.420 s
  Update time             : 0.995 s
  Time to train epoch     : 14.416 s


Statistics:
  fps step                    : 12,776
  fps step + policy inference : 12,209
  fps total                   : 11,366
  epoch                       : 326 / 1,000
  frames                      : 53,411,840


Policy 0: 
Timing:
  Play time               : 13.539 s
  Update time             : 0.969 s
  Time to train epoch     : 14.509 s


Statistics:
  fps step                    : 12,655
  fps step + policy inference : 12,101
  fps total                   : 11,293
  epoch                       : 327 / 1,000
  frames                      : 53,575,680


Policy 0: 
Timing:
  Play time               : 13.616 s
  Update time             : 0.969 s
  Time to train epoch     : 14.585 s


Statistics:
  fps step                    : 12,576
  fps step + policy inference : 12,033
  fps total                   : 11,234
  epoch                       : 328 / 1,000
  frames                      : 53,739,520


Policy 0: 
Timing:
  Play time               : 13.711 s
  Update time             : 0.978 s
  Time to train epoch     : 14.688 s


Statistics:
  fps step                    : 12,489
  fps step + policy inference : 11,950
  fps total                   : 11,154
  epoch                       : 329 / 1,000
  frames                      : 53,903,360


Policy 0: 
Timing:
  Play time               : 13.379 s
  Update time             : 0.967 s
  Time to train epoch     : 14.346 s


Statistics:
  fps step                    : 12,814
  fps step + policy inference : 12,246
  fps total                   : 11,421
  epoch                       : 330 / 1,000
  frames                      : 54,067,200


Policy 0: 
Timing:
  Play time               : 13.445 s
  Update time             : 0.988 s
  Time to train epoch     : 14.434 s


Statistics:
  fps step                    : 12,750
  fps step + policy inference : 12,186
  fps total                   : 11,351
  epoch                       : 331 / 1,000
  frames                      : 54,231,040


Policy 0: 
Timing:
  Play time               : 13.564 s
  Update time             : 1.055 s
  Time to train epoch     : 14.620 s


Statistics:
  fps step                    : 12,633
  fps step + policy inference : 12,079
  fps total                   : 11,207
  epoch                       : 332 / 1,000
  frames                      : 54,394,880


Policy 0: 
Timing:
  Play time               : 13.434 s
  Update time             : 1.056 s
  Time to train epoch     : 14.490 s


Statistics:
  fps step                    : 12,756
  fps step + policy inference : 12,196
  fps total                   : 11,307
  epoch                       : 333 / 1,000
  frames                      : 54,558,720


Policy 0: 
Timing:
  Play time               : 13.582 s
  Update time             : 1.027 s
  Time to train epoch     : 14.609 s


Statistics:
  fps step                    : 12,614
  fps step + policy inference : 12,063
  fps total                   : 11,215
  epoch                       : 334 / 1,000
  frames                      : 54,722,560


Policy 0: 
Timing:
  Play time               : 13.460 s
  Update time             : 1.029 s
  Time to train epoch     : 14.490 s


Statistics:
  fps step                    : 12,725
  fps step + policy inference : 12,172
  fps total                   : 11,307
  epoch                       : 335 / 1,000
  frames                      : 54,886,400


Policy 0: 
Timing:
  Play time               : 13.650 s
  Update time             : 1.004 s
  Time to train epoch     : 14.654 s


Statistics:
  fps step                    : 12,547
  fps step + policy inference : 12,003
  fps total                   : 11,180
  epoch                       : 336 / 1,000
  frames                      : 55,050,240


Policy 0: 
Timing:
  Play time               : 13.546 s
  Update time             : 0.968 s
  Time to train epoch     : 14.514 s


Statistics:
  fps step                    : 12,644
  fps step + policy inference : 12,095
  fps total                   : 11,288
  epoch                       : 337 / 1,000
  frames                      : 55,214,080


Policy 0: 
Timing:
  Play time               : 13.582 s
  Update time             : 0.971 s
  Time to train epoch     : 14.554 s


Statistics:
  fps step                    : 12,611
  fps step + policy inference : 12,063
  fps total                   : 11,258
  epoch                       : 338 / 1,000
  frames                      : 55,377,920


Policy 0: 
Timing:
  Play time               : 13.634 s
  Update time             : 0.966 s
  Time to train epoch     : 14.600 s


Statistics:
  fps step                    : 12,556
  fps step + policy inference : 12,017
  fps total                   : 11,222
  epoch                       : 339 / 1,000
  frames                      : 55,541,760


Policy 0: 
Timing:
  Play time               : 13.569 s
  Update time             : 0.965 s
  Time to train epoch     : 14.534 s


Statistics:
  fps step                    : 12,623
  fps step + policy inference : 12,075
  fps total                   : 11,273
  epoch                       : 340 / 1,000
  frames                      : 55,705,600


Policy 0: 
Timing:
  Play time               : 13.515 s
  Update time             : 0.989 s
  Time to train epoch     : 14.504 s


Statistics:
  fps step                    : 12,678
  fps step + policy inference : 12,123
  fps total                   : 11,296
  epoch                       : 341 / 1,000
  frames                      : 55,869,440


Policy 0: 
Timing:
  Play time               : 13.389 s
  Update time             : 0.968 s
  Time to train epoch     : 14.358 s


Statistics:
  fps step                    : 12,801
  fps step + policy inference : 12,237
  fps total                   : 11,411
  epoch                       : 342 / 1,000
  frames                      : 56,033,280


Policy 0: 
Timing:
  Play time               : 13.401 s
  Update time             : 0.986 s
  Time to train epoch     : 14.386 s


Statistics:
  fps step                    : 12,785
  fps step + policy inference : 12,226
  fps total                   : 11,389
  epoch                       : 343 / 1,000
  frames                      : 56,197,120


Policy 0: saving next best rewards:  [-29.34]
=> saving checkpoint 'runs/mg_D_seed2801/nn/mg_D_seed2801.pth'

Timing:
  Play time               : 13.470 s
  Update time             : 0.981 s
  Time to train epoch     : 14.451 s


Statistics:
  fps step                    : 12,722
  fps step + policy inference : 12,164
  fps total                   : 11,338
  epoch                       : 344 / 1,000
  frames                      : 56,360,960


Policy 0: saving next best rewards:  [-29.03]
=> saving checkpoint 'runs/mg_D_seed2801/nn/mg_D_seed2801.pth'

Timing:
  Play time               : 13.567 s
  Update time             : 1.028 s
  Time to train epoch     : 14.595 s


Statistics:
  fps step                    : 12,627
  fps step + policy inference : 12,077
  fps total                   : 11,226
  epoch                       : 345 / 1,000
  frames                      : 56,524,800


Policy 0: saving next best rewards:  [-28.84]
=> saving checkpoint 'runs/mg_D_seed2801/nn/mg_D_seed2801.pth'

Timing:
  Play time               : 13.533 s
  Update time             : 1.058 s
  Time to train epoch     : 14.592 s


Statistics:
  fps step                    : 12,658
  fps step + policy inference : 12,107
  fps total                   : 11,228
  epoch                       : 346 / 1,000
  frames                      : 56,688,640


Policy 0: 
Timing:
  Play time               : 13.509 s
  Update time             : 1.045 s
  Time to train epoch     : 14.554 s


Statistics:
  fps step                    : 12,681
  fps step + policy inference : 12,128
  fps total                   : 11,257
  epoch                       : 347 / 1,000
  frames                      : 56,852,480


Policy 0: 
Timing:
  Play time               : 13.368 s
  Update time             : 1.026 s
  Time to train epoch     : 14.395 s


Statistics:
  fps step                    : 12,816
  fps step + policy inference : 12,256
  fps total                   : 11,382
  epoch                       : 348 / 1,000
  frames                      : 57,016,320


Policy 0: 
Timing:
  Play time               : 13.466 s
  Update time             : 0.995 s
  Time to train epoch     : 14.461 s


Statistics:
  fps step                    : 12,721
  fps step + policy inference : 12,167
  fps total                   : 11,330
  epoch                       : 349 / 1,000
  frames                      : 57,180,160


Policy 0: 
Timing:
  Play time               : 13.481 s
  Update time             : 0.992 s
  Time to train epoch     : 14.473 s


Statistics:
  fps step                    : 12,705
  fps step + policy inference : 12,153
  fps total                   : 11,320
  epoch                       : 350 / 1,000
  frames                      : 57,344,000


Policy 0: 
Timing:
  Play time               : 13.591 s
  Update time             : 0.962 s
  Time to train epoch     : 14.552 s


Statistics:
  fps step                    : 12,602
  fps step + policy inference : 12,055
  fps total                   : 11,259
  epoch                       : 351 / 1,000
  frames                      : 57,507,840


Policy 0: 
Timing:
  Play time               : 13.594 s
  Update time             : 0.965 s
  Time to train epoch     : 14.559 s


Statistics:
  fps step                    : 12,598
  fps step + policy inference : 12,053
  fps total                   : 11,254
  epoch                       : 352 / 1,000
  frames                      : 57,671,680


Policy 0: 
Timing:
  Play time               : 13.372 s
  Update time             : 0.989 s
  Time to train epoch     : 14.361 s


Statistics:
  fps step                    : 12,815
  fps step + policy inference : 12,252
  fps total                   : 11,409
  epoch                       : 353 / 1,000
  frames                      : 57,835,520


Policy 0: 
Timing:
  Play time               : 13.533 s
  Update time             : 0.982 s
  Time to train epoch     : 14.515 s


Statistics:
  fps step                    : 12,659
  fps step + policy inference : 12,107
  fps total                   : 11,288
  epoch                       : 354 / 1,000
  frames                      : 57,999,360


Policy 0: 
Timing:
  Play time               : 13.413 s
  Update time             : 0.969 s
  Time to train epoch     : 14.382 s


Statistics:
  fps step                    : 12,778
  fps step + policy inference : 12,215
  fps total                   : 11,392
  epoch                       : 355 / 1,000
  frames                      : 58,163,200


Policy 0: 
Timing:
  Play time               : 13.473 s
  Update time             : 0.977 s
  Time to train epoch     : 14.450 s


Statistics:
  fps step                    : 12,723
  fps step + policy inference : 12,161
  fps total                   : 11,338
  epoch                       : 356 / 1,000
  frames                      : 58,327,040


Policy 0: 
Timing:
  Play time               : 13.465 s
  Update time             : 1.024 s
  Time to train epoch     : 14.489 s


Statistics:
  fps step                    : 12,728
  fps step + policy inference : 12,168
  fps total                   : 11,308
  epoch                       : 357 / 1,000
  frames                      : 58,490,880


Policy 0: 
Timing:
  Play time               : 13.451 s
  Update time             : 1.071 s
  Time to train epoch     : 14.522 s


Statistics:
  fps step                    : 12,741
  fps step + policy inference : 12,180
  fps total                   : 11,282
  epoch                       : 358 / 1,000
  frames                      : 58,654,720


Policy 0: 
Timing:
  Play time               : 13.325 s
  Update time             : 1.055 s
  Time to train epoch     : 14.379 s


Statistics:
  fps step                    : 12,867
  fps step + policy inference : 12,296
  fps total                   : 11,394
  epoch                       : 359 / 1,000
  frames                      : 58,818,560


Policy 0: 
Timing:
  Play time               : 13.432 s
  Update time             : 1.056 s
  Time to train epoch     : 14.488 s


Statistics:
  fps step                    : 12,763
  fps step + policy inference : 12,198
  fps total                   : 11,309
  epoch                       : 360 / 1,000
  frames                      : 58,982,400


Policy 0: 
Timing:
  Play time               : 13.483 s
  Update time             : 0.997 s
  Time to train epoch     : 14.480 s


Statistics:
  fps step                    : 12,711
  fps step + policy inference : 12,151
  fps total                   : 11,315
  epoch                       : 361 / 1,000
  frames                      : 59,146,240


Policy 0: 
Timing:
  Play time               : 13.519 s
  Update time             : 0.974 s
  Time to train epoch     : 14.492 s


Statistics:
  fps step                    : 12,673
  fps step + policy inference : 12,120
  fps total                   : 11,305
  epoch                       : 362 / 1,000
  frames                      : 59,310,080


Policy 0: 
Timing:
  Play time               : 13.703 s
  Update time             : 0.970 s
  Time to train epoch     : 14.673 s


Statistics:
  fps step                    : 12,492
  fps step + policy inference : 11,956
  fps total                   : 11,166
  epoch                       : 363 / 1,000
  frames                      : 59,473,920


Policy 0: 
Timing:
  Play time               : 13.522 s
  Update time             : 1.001 s
  Time to train epoch     : 14.522 s


Statistics:
  fps step                    : 12,672
  fps step + policy inference : 12,117
  fps total                   : 11,282
  epoch                       : 364 / 1,000
  frames                      : 59,637,760


Policy 0: saving next best rewards:  [-28.79]
=> saving checkpoint 'runs/mg_D_seed2801/nn/mg_D_seed2801.pth'

Timing:
  Play time               : 13.552 s
  Update time             : 0.964 s
  Time to train epoch     : 14.516 s


Statistics:
  fps step                    : 12,640
  fps step + policy inference : 12,090
  fps total                   : 11,287
  epoch                       : 365 / 1,000
  frames                      : 59,801,600


Policy 0: 
Timing:
  Play time               : 13.398 s
  Update time             : 0.964 s
  Time to train epoch     : 14.362 s


Statistics:
  fps step                    : 12,790
  fps step + policy inference : 12,229
  fps total                   : 11,408
  epoch                       : 366 / 1,000
  frames                      : 59,965,440


Policy 0: 
Timing:
  Play time               : 13.564 s
  Update time             : 0.974 s
  Time to train epoch     : 14.538 s


Statistics:
  fps step                    : 12,626
  fps step + policy inference : 12,079
  fps total                   : 11,270
  epoch                       : 367 / 1,000
  frames                      : 60,129,280


Policy 0: saving next best rewards:  [-28.54]
=> saving checkpoint 'runs/mg_D_seed2801/nn/mg_D_seed2801.pth'

Timing:
  Play time               : 13.485 s
  Update time             : 0.972 s
  Time to train epoch     : 14.457 s


Statistics:
  fps step                    : 12,705
  fps step + policy inference : 12,150
  fps total                   : 11,333
  epoch                       : 368 / 1,000
  frames                      : 60,293,120


Policy 0: saving next best rewards:  [-27.78]
=> saving checkpoint 'runs/mg_D_seed2801/nn/mg_D_seed2801.pth'

Timing:
  Play time               : 13.606 s
  Update time             : 0.965 s
  Time to train epoch     : 14.571 s


Statistics:
  fps step                    : 12,583
  fps step + policy inference : 12,041
  fps total                   : 11,244
  epoch                       : 369 / 1,000
  frames                      : 60,456,960


Policy 0: 
Timing:
  Play time               : 13.565 s
  Update time             : 1.014 s
  Time to train epoch     : 14.579 s


Statistics:
  fps step                    : 12,622
  fps step + policy inference : 12,078
  fps total                   : 11,238
  epoch                       : 370 / 1,000
  frames                      : 60,620,800


Policy 0: 
Timing:
  Play time               : 13.580 s
  Update time             : 1.052 s
  Time to train epoch     : 14.632 s


Statistics:
  fps step                    : 12,605
  fps step + policy inference : 12,064
  fps total                   : 11,197
  epoch                       : 371 / 1,000
  frames                      : 60,784,640


Policy 0: 
Timing:
  Play time               : 13.521 s
  Update time             : 1.005 s
  Time to train epoch     : 14.525 s


Statistics:
  fps step                    : 12,660
  fps step + policy inference : 12,118
  fps total                   : 11,280
  epoch                       : 372 / 1,000
  frames                      : 60,948,480


Policy 0: 
Timing:
  Play time               : 13.629 s
  Update time             : 1.037 s
  Time to train epoch     : 14.667 s


Statistics:
  fps step                    : 12,562
  fps step + policy inference : 12,021
  fps total                   : 11,171
  epoch                       : 373 / 1,000
  frames                      : 61,112,320


Policy 0: 
Timing:
  Play time               : 13.408 s
  Update time             : 1.040 s
  Time to train epoch     : 14.448 s


Statistics:
  fps step                    : 12,787
  fps step + policy inference : 12,219
  fps total                   : 11,340
  epoch                       : 374 / 1,000
  frames                      : 61,276,160


Policy 0: 
Timing:
  Play time               : 13.743 s
  Update time             : 0.996 s
  Time to train epoch     : 14.739 s


Statistics:
  fps step                    : 12,451
  fps step + policy inference : 11,922
  fps total                   : 11,116
  epoch                       : 375 / 1,000
  frames                      : 61,440,000


Policy 0: 
Timing:
  Play time               : 13.503 s
  Update time             : 0.965 s
  Time to train epoch     : 14.468 s


Statistics:
  fps step                    : 12,684
  fps step + policy inference : 12,134
  fps total                   : 11,324
  epoch                       : 376 / 1,000
  frames                      : 61,603,840


Policy 0: 
Timing:
  Play time               : 13.598 s
  Update time             : 0.965 s
  Time to train epoch     : 14.563 s


Statistics:
  fps step                    : 12,593
  fps step + policy inference : 12,049
  fps total                   : 11,250
  epoch                       : 377 / 1,000
  frames                      : 61,767,680


Policy 0: 
Timing:
  Play time               : 13.708 s
  Update time             : 0.970 s
  Time to train epoch     : 14.678 s


Statistics:
  fps step                    : 12,489
  fps step + policy inference : 11,952
  fps total                   : 11,162
  epoch                       : 378 / 1,000
  frames                      : 61,931,520


Policy 0: 
Timing:
  Play time               : 13.756 s
  Update time             : 0.961 s
  Time to train epoch     : 14.717 s


Statistics:
  fps step                    : 12,441
  fps step + policy inference : 11,910
  fps total                   : 11,132
  epoch                       : 379 / 1,000
  frames                      : 62,095,360


Policy 0: 
Timing:
  Play time               : 13.461 s
  Update time             : 0.961 s
  Time to train epoch     : 14.422 s


Statistics:
  fps step                    : 12,724
  fps step + policy inference : 12,171
  fps total                   : 11,360
  epoch                       : 380 / 1,000
  frames                      : 62,259,200


Policy 0: 
Timing:
  Play time               : 13.616 s
  Update time             : 0.985 s
  Time to train epoch     : 14.601 s


Statistics:
  fps step                    : 12,578
  fps step + policy inference : 12,033
  fps total                   : 11,221
  epoch                       : 381 / 1,000
  frames                      : 62,423,040


Policy 0: 
Timing:
  Play time               : 13.484 s
  Update time             : 0.974 s
  Time to train epoch     : 14.459 s


Statistics:
  fps step                    : 12,703
  fps step + policy inference : 12,150
  fps total                   : 11,332
  epoch                       : 382 / 1,000
  frames                      : 62,586,880


Policy 0: 
Timing:
  Play time               : 13.448 s
  Update time             : 1.006 s
  Time to train epoch     : 14.454 s


Statistics:
  fps step                    : 12,742
  fps step + policy inference : 12,183
  fps total                   : 11,335
  epoch                       : 383 / 1,000
  frames                      : 62,750,720


Policy 0: 
Timing:
  Play time               : 13.444 s
  Update time             : 1.048 s
  Time to train epoch     : 14.492 s


Statistics:
  fps step                    : 12,746
  fps step + policy inference : 12,187
  fps total                   : 11,306
  epoch                       : 384 / 1,000
  frames                      : 62,914,560


Policy 0: 
Timing:
  Play time               : 13.538 s
  Update time             : 1.048 s
  Time to train epoch     : 14.586 s


Statistics:
  fps step                    : 12,652
  fps step + policy inference : 12,102
  fps total                   : 11,233
  epoch                       : 385 / 1,000
  frames                      : 63,078,400


Policy 0: 
Timing:
  Play time               : 13.622 s
  Update time             : 1.035 s
  Time to train epoch     : 14.657 s


Statistics:
  fps step                    : 12,571
  fps step + policy inference : 12,028
  fps total                   : 11,178
  epoch                       : 386 / 1,000
  frames                      : 63,242,240


Policy 0: saving next best rewards:  [-27.23]
=> saving checkpoint 'runs/mg_D_seed2801/nn/mg_D_seed2801.pth'

Timing:
  Play time               : 13.498 s
  Update time             : 0.972 s
  Time to train epoch     : 14.470 s


Statistics:
  fps step                    : 12,688
  fps step + policy inference : 12,138
  fps total                   : 11,323
  epoch                       : 387 / 1,000
  frames                      : 63,406,080


Policy 0: saving next best rewards:  [-26.7]
=> saving checkpoint 'runs/mg_D_seed2801/nn/mg_D_seed2801.pth'

Timing:
  Play time               : 13.366 s
  Update time             : 0.969 s
  Time to train epoch     : 14.335 s


Statistics:
  fps step                    : 12,824
  fps step + policy inference : 12,258
  fps total                   : 11,430
  epoch                       : 388 / 1,000
  frames                      : 63,569,920


Policy 0: 
Timing:
  Play time               : 13.530 s
  Update time             : 0.972 s
  Time to train epoch     : 14.502 s


Statistics:
  fps step                    : 12,652
  fps step + policy inference : 12,109
  fps total                   : 11,298
  epoch                       : 389 / 1,000
  frames                      : 63,733,760


Policy 0: 
Timing:
  Play time               : 13.471 s
  Update time             : 0.971 s
  Time to train epoch     : 14.442 s


Statistics:
  fps step                    : 12,728
  fps step + policy inference : 12,163
  fps total                   : 11,345
  epoch                       : 390 / 1,000
  frames                      : 63,897,600


Policy 0: 
Timing:
  Play time               : 13.773 s
  Update time             : 1.011 s
  Time to train epoch     : 14.784 s


Statistics:
  fps step                    : 12,448
  fps step + policy inference : 11,896
  fps total                   : 11,082
  epoch                       : 391 / 1,000
  frames                      : 64,061,440


Policy 0: 
Timing:
  Play time               : 13.597 s
  Update time             : 0.961 s
  Time to train epoch     : 14.558 s


Statistics:
  fps step                    : 12,605
  fps step + policy inference : 12,050
  fps total                   : 11,254
  epoch                       : 392 / 1,000
  frames                      : 64,225,280


Policy 0: 
Timing:
  Play time               : 13.460 s
  Update time             : 0.964 s
  Time to train epoch     : 14.423 s


Statistics:
  fps step                    : 12,733
  fps step + policy inference : 12,173
  fps total                   : 11,359
  epoch                       : 393 / 1,000
  frames                      : 64,389,120


Policy 0: 
Timing:
  Play time               : 13.518 s
  Update time             : 0.982 s
  Time to train epoch     : 14.500 s


Statistics:
  fps step                    : 12,677
  fps step + policy inference : 12,120
  fps total                   : 11,299
  epoch                       : 394 / 1,000
  frames                      : 64,552,960


Policy 0: 
Timing:
  Play time               : 13.413 s
  Update time             : 1.036 s
  Time to train epoch     : 14.448 s


Statistics:
  fps step                    : 12,778
  fps step + policy inference : 12,215
  fps total                   : 11,340
  epoch                       : 395 / 1,000
  frames                      : 64,716,800


Policy 0: 
Timing:
  Play time               : 13.431 s
  Update time             : 1.066 s
  Time to train epoch     : 14.497 s


Statistics:
  fps step                    : 12,757
  fps step + policy inference : 12,199
  fps total                   : 11,302
  epoch                       : 396 / 1,000
  frames                      : 64,880,640


Policy 0: 
Timing:
  Play time               : 13.354 s
  Update time             : 1.052 s
  Time to train epoch     : 14.405 s


Statistics:
  fps step                    : 12,841
  fps step + policy inference : 12,269
  fps total                   : 11,374
  epoch                       : 397 / 1,000
  frames                      : 65,044,480


Policy 0: saving next best rewards:  [-26.7]
=> saving checkpoint 'runs/mg_D_seed2801/nn/mg_D_seed2801.pth'

Timing:
  Play time               : 13.606 s
  Update time             : 1.024 s
  Time to train epoch     : 14.630 s


Statistics:
  fps step                    : 12,585
  fps step + policy inference : 12,042
  fps total                   : 11,199
  epoch                       : 398 / 1,000
  frames                      : 65,208,320


Policy 0: saving next best rewards:  [-26.49]
=> saving checkpoint 'runs/mg_D_seed2801/nn/mg_D_seed2801.pth'

Timing:
  Play time               : 13.614 s
  Update time             : 0.983 s
  Time to train epoch     : 14.597 s


Statistics:
  fps step                    : 12,585
  fps step + policy inference : 12,035
  fps total                   : 11,225
  epoch                       : 399 / 1,000
  frames                      : 65,372,160


Policy 0: saving next best rewards:  [-26.03]
=> saving checkpoint 'runs/mg_D_seed2801/nn/mg_D_seed2801.pth'

Timing:
  Play time               : 13.330 s
  Update time             : 0.973 s
  Time to train epoch     : 14.303 s


Statistics:
  fps step                    : 12,853
  fps step + policy inference : 12,291
  fps total                   : 11,455
  epoch                       : 400 / 1,000
  frames                      : 65,536,000


Policy 0: 
Timing:
  Play time               : 13.558 s
  Update time             : 0.967 s
  Time to train epoch     : 14.525 s


Statistics:
  fps step                    : 12,646
  fps step + policy inference : 12,084
  fps total                   : 11,280
  epoch                       : 401 / 1,000
  frames                      : 65,699,840


Policy 0: 
Timing:
  Play time               : 13.482 s
  Update time             : 0.974 s
  Time to train epoch     : 14.456 s


Statistics:
  fps step                    : 12,718
  fps step + policy inference : 12,153
  fps total                   : 11,334
  epoch                       : 402 / 1,000
  frames                      : 65,863,680


Policy 0: 
Timing:
  Play time               : 13.462 s
  Update time             : 0.960 s
  Time to train epoch     : 14.423 s


Statistics:
  fps step                    : 12,729
  fps step + policy inference : 12,170
  fps total                   : 11,360
  epoch                       : 403 / 1,000
  frames                      : 66,027,520


Policy 0: 
Timing:
  Play time               : 13.625 s
  Update time             : 0.976 s
  Time to train epoch     : 14.601 s


Statistics:
  fps step                    : 12,567
  fps step + policy inference : 12,025
  fps total                   : 11,221
  epoch                       : 404 / 1,000
  frames                      : 66,191,360


Policy 0: 
Timing:
  Play time               : 13.445 s
  Update time             : 0.986 s
  Time to train epoch     : 14.431 s


Statistics:
  fps step                    : 12,746
  fps step + policy inference : 12,186
  fps total                   : 11,354
  epoch                       : 405 / 1,000
  frames                      : 66,355,200


Policy 0: 
Timing:
  Play time               : 13.351 s
  Update time             : 0.976 s
  Time to train epoch     : 14.327 s


Statistics:
  fps step                    : 12,840
  fps step + policy inference : 12,272
  fps total                   : 11,436
  epoch                       : 406 / 1,000
  frames                      : 66,519,040


Policy 0: 
Timing:
  Play time               : 13.493 s
  Update time             : 1.060 s
  Time to train epoch     : 14.553 s


Statistics:
  fps step                    : 12,697
  fps step + policy inference : 12,142
  fps total                   : 11,258
  epoch                       : 407 / 1,000
  frames                      : 66,682,880


Policy 0: 
Timing:
  Play time               : 13.312 s
  Update time             : 1.107 s
  Time to train epoch     : 14.419 s


Statistics:
  fps step                    : 12,880
  fps step + policy inference : 12,308
  fps total                   : 11,363
  epoch                       : 408 / 1,000
  frames                      : 66,846,720


Policy 0: 
Timing:
  Play time               : 13.334 s
  Update time             : 1.022 s
  Time to train epoch     : 14.356 s


Statistics:
  fps step                    : 12,859
  fps step + policy inference : 12,288
  fps total                   : 11,413
  epoch                       : 409 / 1,000
  frames                      : 67,010,560


Policy 0: 
Timing:
  Play time               : 13.411 s
  Update time             : 0.974 s
  Time to train epoch     : 14.384 s


Statistics:
  fps step                    : 12,777
  fps step + policy inference : 12,217
  fps total                   : 11,390
  epoch                       : 410 / 1,000
  frames                      : 67,174,400


Policy 0: 
Timing:
  Play time               : 13.403 s
  Update time             : 0.964 s
  Time to train epoch     : 14.367 s


Statistics:
  fps step                    : 12,784
  fps step + policy inference : 12,224
  fps total                   : 11,404
  epoch                       : 411 / 1,000
  frames                      : 67,338,240


Policy 0: 
Timing:
  Play time               : 13.288 s
  Update time             : 0.967 s
  Time to train epoch     : 14.254 s


Statistics:
  fps step                    : 12,899
  fps step + policy inference : 12,330
  fps total                   : 11,494
  epoch                       : 412 / 1,000
  frames                      : 67,502,080


Policy 0: 
Timing:
  Play time               : 13.312 s
  Update time             : 0.962 s
  Time to train epoch     : 14.274 s


Statistics:
  fps step                    : 12,878
  fps step + policy inference : 12,308
  fps total                   : 11,478
  epoch                       : 413 / 1,000
  frames                      : 67,665,920


Policy 0: 
Timing:
  Play time               : 13.586 s
  Update time             : 0.965 s
  Time to train epoch     : 14.551 s


Statistics:
  fps step                    : 12,605
  fps step + policy inference : 12,060
  fps total                   : 11,260
  epoch                       : 414 / 1,000
  frames                      : 67,829,760


Policy 0: saving next best rewards:  [-25.97]
=> saving checkpoint 'runs/mg_D_seed2801/nn/mg_D_seed2801.pth'

Timing:
  Play time               : 13.781 s
  Update time             : 0.978 s
  Time to train epoch     : 14.759 s


Statistics:
  fps step                    : 12,423
  fps step + policy inference : 11,889
  fps total                   : 11,101
  epoch                       : 415 / 1,000
  frames                      : 67,993,600


Policy 0: 
Timing:
  Play time               : 13.641 s
  Update time             : 0.973 s
  Time to train epoch     : 14.614 s


Statistics:
  fps step                    : 12,553
  fps step + policy inference : 12,011
  fps total                   : 11,211
  epoch                       : 416 / 1,000
  frames                      : 68,157,440


Policy 0: 
Timing:
  Play time               : 13.660 s
  Update time             : 0.967 s
  Time to train epoch     : 14.627 s


Statistics:
  fps step                    : 12,539
  fps step + policy inference : 11,994
  fps total                   : 11,201
  epoch                       : 417 / 1,000
  frames                      : 68,321,280


Policy 0: 
Timing:
  Play time               : 13.733 s
  Update time             : 0.987 s
  Time to train epoch     : 14.719 s


Statistics:
  fps step                    : 12,466
  fps step + policy inference : 11,931
  fps total                   : 11,131
  epoch                       : 418 / 1,000
  frames                      : 68,485,120


Policy 0: saving next best rewards:  [-25.74]
=> saving checkpoint 'runs/mg_D_seed2801/nn/mg_D_seed2801.pth'

Timing:
  Play time               : 13.731 s
  Update time             : 1.003 s
  Time to train epoch     : 14.734 s


Statistics:
  fps step                    : 12,471
  fps step + policy inference : 11,932
  fps total                   : 11,120
  epoch                       : 419 / 1,000
  frames                      : 68,648,960


Policy 0: 
Timing:
  Play time               : 13.710 s
  Update time             : 1.025 s
  Time to train epoch     : 14.735 s


Statistics:
  fps step                    : 12,493
  fps step + policy inference : 11,951
  fps total                   : 11,119
  epoch                       : 420 / 1,000
  frames                      : 68,812,800


Policy 0: 
Timing:
  Play time               : 13.604 s
  Update time             : 1.070 s
  Time to train epoch     : 14.674 s


Statistics:
  fps step                    : 12,590
  fps step + policy inference : 12,044
  fps total                   : 11,165
  epoch                       : 421 / 1,000
  frames                      : 68,976,640


Policy 0: 
Timing:
  Play time               : 13.488 s
  Update time             : 1.017 s
  Time to train epoch     : 14.505 s


Statistics:
  fps step                    : 12,704
  fps step + policy inference : 12,147
  fps total                   : 11,296
  epoch                       : 422 / 1,000
  frames                      : 69,140,480


Policy 0: 
Timing:
  Play time               : 13.241 s
  Update time             : 0.969 s
  Time to train epoch     : 14.210 s


Statistics:
  fps step                    : 12,948
  fps step + policy inference : 12,374
  fps total                   : 11,530
  epoch                       : 423 / 1,000
  frames                      : 69,304,320


Policy 0: saving next best rewards:  [-25.56]
=> saving checkpoint 'runs/mg_D_seed2801/nn/mg_D_seed2801.pth'

Timing:
  Play time               : 13.353 s
  Update time             : 0.988 s
  Time to train epoch     : 14.341 s


Statistics:
  fps step                    : 12,830
  fps step + policy inference : 12,270
  fps total                   : 11,424
  epoch                       : 424 / 1,000
  frames                      : 69,468,160


Policy 0: 
Timing:
  Play time               : 13.436 s
  Update time             : 0.967 s
  Time to train epoch     : 14.404 s


Statistics:
  fps step                    : 12,747
  fps step + policy inference : 12,194
  fps total                   : 11,375
  epoch                       : 425 / 1,000
  frames                      : 69,632,000


Policy 0: saving next best rewards:  [-25.44]
=> saving checkpoint 'runs/mg_D_seed2801/nn/mg_D_seed2801.pth'

Timing:
  Play time               : 13.458 s
  Update time             : 0.961 s
  Time to train epoch     : 14.420 s


Statistics:
  fps step                    : 12,731
  fps step + policy inference : 12,174
  fps total                   : 11,362
  epoch                       : 426 / 1,000
  frames                      : 69,795,840


Policy 0: 
Timing:
  Play time               : 13.296 s
  Update time             : 0.963 s
  Time to train epoch     : 14.260 s


Statistics:
  fps step                    : 12,887
  fps step + policy inference : 12,322
  fps total                   : 11,490
  epoch                       : 427 / 1,000
  frames                      : 69,959,680


Policy 0: 
Timing:
  Play time               : 13.515 s
  Update time             : 0.976 s
  Time to train epoch     : 14.491 s


Statistics:
  fps step                    : 12,677
  fps step + policy inference : 12,123
  fps total                   : 11,307
  epoch                       : 428 / 1,000
  frames                      : 70,123,520


Policy 0: saving next best rewards:  [-25.19]
=> saving checkpoint 'runs/mg_D_seed2801/nn/mg_D_seed2801.pth'

Timing:
  Play time               : 13.525 s
  Update time             : 0.961 s
  Time to train epoch     : 14.486 s


Statistics:
  fps step                    : 12,661
  fps step + policy inference : 12,113
  fps total                   : 11,310
  epoch                       : 429 / 1,000
  frames                      : 70,287,360


Policy 0: 
Timing:
  Play time               : 13.567 s
  Update time             : 0.961 s
  Time to train epoch     : 14.528 s


Statistics:
  fps step                    : 12,616
  fps step + policy inference : 12,077
  fps total                   : 11,278
  epoch                       : 430 / 1,000
  frames                      : 70,451,200


Policy 0: 
Timing:
  Play time               : 13.432 s
  Update time             : 0.976 s
  Time to train epoch     : 14.407 s


Statistics:
  fps step                    : 12,750
  fps step + policy inference : 12,198
  fps total                   : 11,372
  epoch                       : 431 / 1,000
  frames                      : 70,615,040


Policy 0: 
Timing:
  Play time               : 13.547 s
  Update time             : 0.979 s
  Time to train epoch     : 14.526 s


Statistics:
  fps step                    : 12,640
  fps step + policy inference : 12,094
  fps total                   : 11,279
  epoch                       : 432 / 1,000
  frames                      : 70,778,880


Policy 0: 
Timing:
  Play time               : 13.325 s
  Update time             : 1.016 s
  Time to train epoch     : 14.341 s


Statistics:
  fps step                    : 12,860
  fps step + policy inference : 12,296
  fps total                   : 11,424
  epoch                       : 433 / 1,000
  frames                      : 70,942,720


Policy 0: 
Timing:
  Play time               : 13.476 s
  Update time             : 1.041 s
  Time to train epoch     : 14.517 s


Statistics:
  fps step                    : 12,713
  fps step + policy inference : 12,158
  fps total                   : 11,286
  epoch                       : 434 / 1,000
  frames                      : 71,106,560


Policy 0: 
Timing:
  Play time               : 13.433 s
  Update time             : 1.066 s
  Time to train epoch     : 14.499 s


Statistics:
  fps step                    : 12,754
  fps step + policy inference : 12,197
  fps total                   : 11,300
  epoch                       : 435 / 1,000
  frames                      : 71,270,400


Policy 0: 
Timing:
  Play time               : 13.352 s
  Update time             : 1.034 s
  Time to train epoch     : 14.386 s


Statistics:
  fps step                    : 12,832
  fps step + policy inference : 12,270
  fps total                   : 11,389
  epoch                       : 436 / 1,000
  frames                      : 71,434,240


Policy 0: saving next best rewards:  [-25.15]
=> saving checkpoint 'runs/mg_D_seed2801/nn/mg_D_seed2801.pth'

Timing:
  Play time               : 13.477 s
  Update time             : 0.970 s
  Time to train epoch     : 14.447 s


Statistics:
  fps step                    : 12,711
  fps step + policy inference : 12,157
  fps total                   : 11,340
  epoch                       : 437 / 1,000
  frames                      : 71,598,080


Policy 0: 
Timing:
  Play time               : 13.357 s
  Update time             : 0.966 s
  Time to train epoch     : 14.323 s


Statistics:
  fps step                    : 12,834
  fps step + policy inference : 12,266
  fps total                   : 11,439
  epoch                       : 438 / 1,000
  frames                      : 71,761,920


Policy 0: 
Timing:
  Play time               : 13.427 s
  Update time             : 0.963 s
  Time to train epoch     : 14.389 s


Statistics:
  fps step                    : 12,765
  fps step + policy inference : 12,203
  fps total                   : 11,386
  epoch                       : 439 / 1,000
  frames                      : 71,925,760


Policy 0: 
Timing:
  Play time               : 13.382 s
  Update time             : 0.969 s
  Time to train epoch     : 14.350 s


Statistics:
  fps step                    : 12,807
  fps step + policy inference : 12,244
  fps total                   : 11,417
  epoch                       : 440 / 1,000
  frames                      : 72,089,600


Policy 0: 
Timing:
  Play time               : 13.284 s
  Update time             : 0.962 s
  Time to train epoch     : 14.247 s


Statistics:
  fps step                    : 12,906
  fps step + policy inference : 12,333
  fps total                   : 11,500
  epoch                       : 441 / 1,000
  frames                      : 72,253,440


Policy 0: 
Timing:
  Play time               : 13.361 s
  Update time             : 0.960 s
  Time to train epoch     : 14.321 s


Statistics:
  fps step                    : 12,827
  fps step + policy inference : 12,263
  fps total                   : 11,440
  epoch                       : 442 / 1,000
  frames                      : 72,417,280


Policy 0: 
Timing:
  Play time               : 13.293 s
  Update time             : 0.968 s
  Time to train epoch     : 14.261 s


Statistics:
  fps step                    : 12,896
  fps step + policy inference : 12,325
  fps total                   : 11,489
  epoch                       : 443 / 1,000
  frames                      : 72,581,120


Policy 0: 
Timing:
  Play time               : 13.260 s
  Update time             : 0.978 s
  Time to train epoch     : 14.238 s


Statistics:
  fps step                    : 12,935
  fps step + policy inference : 12,356
  fps total                   : 11,507
  epoch                       : 444 / 1,000
  frames                      : 72,744,960


Policy 0: 
Timing:
  Play time               : 13.190 s
  Update time             : 0.962 s
  Time to train epoch     : 14.152 s


Statistics:
  fps step                    : 12,999
  fps step + policy inference : 12,421
  fps total                   : 11,577
  epoch                       : 445 / 1,000
  frames                      : 72,908,800


Policy 0: 
Timing:
  Play time               : 13.297 s
  Update time             : 0.975 s
  Time to train epoch     : 14.271 s


Statistics:
  fps step                    : 12,895
  fps step + policy inference : 12,322
  fps total                   : 11,480
  epoch                       : 446 / 1,000
  frames                      : 73,072,640


Policy 0: 
Timing:
  Play time               : 13.403 s
  Update time             : 1.035 s
  Time to train epoch     : 14.437 s


Statistics:
  fps step                    : 12,795
  fps step + policy inference : 12,224
  fps total                   : 11,348
  epoch                       : 447 / 1,000
  frames                      : 73,236,480


Policy 0: 
Timing:
  Play time               : 13.262 s
  Update time             : 1.059 s
  Time to train epoch     : 14.322 s


Statistics:
  fps step                    : 12,930
  fps step + policy inference : 12,354
  fps total                   : 11,440
  epoch                       : 448 / 1,000
  frames                      : 73,400,320


Policy 0: 
Timing:
  Play time               : 13.578 s
  Update time             : 1.068 s
  Time to train epoch     : 14.646 s


Statistics:
  fps step                    : 12,643
  fps step + policy inference : 12,066
  fps total                   : 11,187
  epoch                       : 449 / 1,000
  frames                      : 73,564,160


Policy 0: 
Timing:
  Play time               : 13.399 s
  Update time             : 1.014 s
  Time to train epoch     : 14.413 s


Statistics:
  fps step                    : 12,786
  fps step + policy inference : 12,227
  fps total                   : 11,368
  epoch                       : 450 / 1,000
  frames                      : 73,728,000


Policy 0: 
Timing:
  Play time               : 13.247 s
  Update time             : 0.974 s
  Time to train epoch     : 14.221 s


Statistics:
  fps step                    : 12,944
  fps step + policy inference : 12,368
  fps total                   : 11,521
  epoch                       : 451 / 1,000
  frames                      : 73,891,840


Policy 0: 
Timing:
  Play time               : 13.352 s
  Update time             : 0.962 s
  Time to train epoch     : 14.315 s


Statistics:
  fps step                    : 12,831
  fps step + policy inference : 12,271
  fps total                   : 11,446
  epoch                       : 452 / 1,000
  frames                      : 74,055,680


Policy 0: 
Timing:
  Play time               : 13.371 s
  Update time             : 0.972 s
  Time to train epoch     : 14.343 s


Statistics:
  fps step                    : 12,824
  fps step + policy inference : 12,254
  fps total                   : 11,423
  epoch                       : 453 / 1,000
  frames                      : 74,219,520


Policy 0: saving next best rewards:  [-25.02]
=> saving checkpoint 'runs/mg_D_seed2801/nn/mg_D_seed2801.pth'

Timing:
  Play time               : 13.391 s
  Update time             : 0.960 s
  Time to train epoch     : 14.351 s


Statistics:
  fps step                    : 12,798
  fps step + policy inference : 12,235
  fps total                   : 11,417
  epoch                       : 454 / 1,000
  frames                      : 74,383,360


Policy 0: 
Timing:
  Play time               : 13.472 s
  Update time             : 0.969 s
  Time to train epoch     : 14.440 s


Statistics:
  fps step                    : 12,721
  fps step + policy inference : 12,162
  fps total                   : 11,346
  epoch                       : 455 / 1,000
  frames                      : 74,547,200


Policy 0: 
Timing:
  Play time               : 13.313 s
  Update time             : 0.986 s
  Time to train epoch     : 14.299 s


Statistics:
  fps step                    : 12,875
  fps step + policy inference : 12,306
  fps total                   : 11,458
  epoch                       : 456 / 1,000
  frames                      : 74,711,040


Policy 0: saving next best rewards:  [-24.62]
=> saving checkpoint 'runs/mg_D_seed2801/nn/mg_D_seed2801.pth'

Timing:
  Play time               : 13.465 s
  Update time             : 0.961 s
  Time to train epoch     : 14.426 s


Statistics:
  fps step                    : 12,728
  fps step + policy inference : 12,168
  fps total                   : 11,357
  epoch                       : 457 / 1,000
  frames                      : 74,874,880


Policy 0: 
Timing:
  Play time               : 13.409 s
  Update time             : 0.960 s
  Time to train epoch     : 14.369 s


Statistics:
  fps step                    : 12,780
  fps step + policy inference : 12,219
  fps total                   : 11,402
  epoch                       : 458 / 1,000
  frames                      : 75,038,720


Policy 0: saving next best rewards:  [-24.55]
=> saving checkpoint 'runs/mg_D_seed2801/nn/mg_D_seed2801.pth'

Timing:
  Play time               : 13.446 s
  Update time             : 1.015 s
  Time to train epoch     : 14.461 s


Statistics:
  fps step                    : 12,744
  fps step + policy inference : 12,185
  fps total                   : 11,330
  epoch                       : 459 / 1,000
  frames                      : 75,202,560


Policy 0: 
Timing:
  Play time               : 13.323 s
  Update time             : 1.035 s
  Time to train epoch     : 14.358 s


Statistics:
  fps step                    : 12,870
  fps step + policy inference : 12,298
  fps total                   : 11,411
  epoch                       : 460 / 1,000
  frames                      : 75,366,400


Policy 0: 
Timing:
  Play time               : 13.376 s
  Update time             : 1.036 s
  Time to train epoch     : 14.412 s


Statistics:
  fps step                    : 12,812
  fps step + policy inference : 12,249
  fps total                   : 11,369
  epoch                       : 461 / 1,000
  frames                      : 75,530,240


Policy 0: saving next best rewards:  [-24.4]
=> saving checkpoint 'runs/mg_D_seed2801/nn/mg_D_seed2801.pth'

Timing:
  Play time               : 13.340 s
  Update time             : 1.017 s
  Time to train epoch     : 14.357 s


Statistics:
  fps step                    : 12,843
  fps step + policy inference : 12,282
  fps total                   : 11,412
  epoch                       : 462 / 1,000
  frames                      : 75,694,080


Policy 0: saving next best rewards:  [-23.95]
=> saving checkpoint 'runs/mg_D_seed2801/nn/mg_D_seed2801.pth'

Timing:
  Play time               : 13.307 s
  Update time             : 1.041 s
  Time to train epoch     : 14.348 s


Statistics:
  fps step                    : 12,880
  fps step + policy inference : 12,312
  fps total                   : 11,419
  epoch                       : 463 / 1,000
  frames                      : 75,857,920


Policy 0: 
Timing:
  Play time               : 13.262 s
  Update time             : 0.988 s
  Time to train epoch     : 14.249 s


Statistics:
  fps step                    : 12,923
  fps step + policy inference : 12,354
  fps total                   : 11,498
  epoch                       : 464 / 1,000
  frames                      : 76,021,760


Policy 0: saving next best rewards:  [-23.58]
=> saving checkpoint 'runs/mg_D_seed2801/nn/mg_D_seed2801.pth'

Timing:
  Play time               : 13.241 s
  Update time             : 0.969 s
  Time to train epoch     : 14.211 s


Statistics:
  fps step                    : 12,947
  fps step + policy inference : 12,373
  fps total                   : 11,529
  epoch                       : 465 / 1,000
  frames                      : 76,185,600


Policy 0: 
Timing:
  Play time               : 13.277 s
  Update time             : 0.963 s
  Time to train epoch     : 14.240 s


Statistics:
  fps step                    : 12,912
  fps step + policy inference : 12,340
  fps total                   : 11,506
  epoch                       : 466 / 1,000
  frames                      : 76,349,440


Policy 0: 
Timing:
  Play time               : 13.290 s
  Update time             : 0.958 s
  Time to train epoch     : 14.249 s


Statistics:
  fps step                    : 12,894
  fps step + policy inference : 12,328
  fps total                   : 11,499
  epoch                       : 467 / 1,000
  frames                      : 76,513,280


Policy 0: 
Timing:
  Play time               : 13.294 s
  Update time             : 0.959 s
  Time to train epoch     : 14.253 s


Statistics:
  fps step                    : 12,894
  fps step + policy inference : 12,325
  fps total                   : 11,495
  epoch                       : 468 / 1,000
  frames                      : 76,677,120


Policy 0: 
Timing:
  Play time               : 13.488 s
  Update time             : 0.959 s
  Time to train epoch     : 14.447 s


Statistics:
  fps step                    : 12,700
  fps step + policy inference : 12,147
  fps total                   : 11,341
  epoch                       : 469 / 1,000
  frames                      : 76,840,960


Policy 0: 
Timing:
  Play time               : 13.334 s
  Update time             : 0.984 s
  Time to train epoch     : 14.318 s


Statistics:
  fps step                    : 12,856
  fps step + policy inference : 12,287
  fps total                   : 11,443
  epoch                       : 470 / 1,000
  frames                      : 77,004,800


Policy 0: 
Timing:
  Play time               : 13.285 s
  Update time             : 0.994 s
  Time to train epoch     : 14.279 s


Statistics:
  fps step                    : 12,903
  fps step + policy inference : 12,333
  fps total                   : 11,474
  epoch                       : 471 / 1,000
  frames                      : 77,168,640


Policy 0: 
Timing:
  Play time               : 13.365 s
  Update time             : 1.070 s
  Time to train epoch     : 14.435 s


Statistics:
  fps step                    : 12,824
  fps step + policy inference : 12,259
  fps total                   : 11,350
  epoch                       : 472 / 1,000
  frames                      : 77,332,480


Policy 0: 
Timing:
  Play time               : 13.344 s
  Update time             : 1.056 s
  Time to train epoch     : 14.400 s


Statistics:
  fps step                    : 12,840
  fps step + policy inference : 12,278
  fps total                   : 11,378
  epoch                       : 473 / 1,000
  frames                      : 77,496,320


Policy 0: 
Timing:
  Play time               : 13.404 s
  Update time             : 1.019 s
  Time to train epoch     : 14.423 s


Statistics:
  fps step                    : 12,782
  fps step + policy inference : 12,223
  fps total                   : 11,359
  epoch                       : 474 / 1,000
  frames                      : 77,660,160


Policy 0: 
Timing:
  Play time               : 13.419 s
  Update time             : 1.014 s
  Time to train epoch     : 14.434 s


Statistics:
  fps step                    : 12,764
  fps step + policy inference : 12,209
  fps total                   : 11,351
  epoch                       : 475 / 1,000
  frames                      : 77,824,000


Policy 0: saving next best rewards:  [-23.31]
=> saving checkpoint 'runs/mg_D_seed2801/nn/mg_D_seed2801.pth'

Timing:
  Play time               : 13.247 s
  Update time             : 0.970 s
  Time to train epoch     : 14.217 s


Statistics:
  fps step                    : 12,943
  fps step + policy inference : 12,368
  fps total                   : 11,525
  epoch                       : 476 / 1,000
  frames                      : 77,987,840


Policy 0: saving next best rewards:  [-23.04]
=> saving checkpoint 'runs/mg_D_seed2801/nn/mg_D_seed2801.pth'

Timing:
  Play time               : 13.311 s
  Update time             : 0.965 s
  Time to train epoch     : 14.276 s


Statistics:
  fps step                    : 12,877
  fps step + policy inference : 12,309
  fps total                   : 11,477
  epoch                       : 477 / 1,000
  frames                      : 78,151,680


Policy 0: 
Timing:
  Play time               : 13.226 s
  Update time             : 0.959 s
  Time to train epoch     : 14.186 s


Statistics:
  fps step                    : 12,964
  fps step + policy inference : 12,387
  fps total                   : 11,550
  epoch                       : 478 / 1,000
  frames                      : 78,315,520


Policy 0: 
Timing:
  Play time               : 13.294 s
  Update time             : 0.966 s
  Time to train epoch     : 14.261 s


Statistics:
  fps step                    : 12,886
  fps step + policy inference : 12,324
  fps total                   : 11,489
  epoch                       : 479 / 1,000
  frames                      : 78,479,360


Policy 0: 
Timing:
  Play time               : 13.273 s
  Update time             : 0.983 s
  Time to train epoch     : 14.255 s


Statistics:
  fps step                    : 12,919
  fps step + policy inference : 12,344
  fps total                   : 11,493
  epoch                       : 480 / 1,000
  frames                      : 78,643,200


Policy 0: 
Timing:
  Play time               : 13.418 s
  Update time             : 0.960 s
  Time to train epoch     : 14.379 s


Statistics:
  fps step                    : 12,763
  fps step + policy inference : 12,210
  fps total                   : 11,395
  epoch                       : 481 / 1,000
  frames                      : 78,807,040


Policy 0: 
Timing:
  Play time               : 13.286 s
  Update time             : 0.959 s
  Time to train epoch     : 14.244 s


Statistics:
  fps step                    : 12,898
  fps step + policy inference : 12,332
  fps total                   : 11,502
  epoch                       : 482 / 1,000
  frames                      : 78,970,880


Policy 0: 
Timing:
  Play time               : 13.278 s
  Update time             : 0.964 s
  Time to train epoch     : 14.242 s


Statistics:
  fps step                    : 12,913
  fps step + policy inference : 12,339
  fps total                   : 11,504
  epoch                       : 483 / 1,000
  frames                      : 79,134,720


Policy 0: 
Timing:
  Play time               : 13.363 s
  Update time             : 0.999 s
  Time to train epoch     : 14.361 s


Statistics:
  fps step                    : 12,827
  fps step + policy inference : 12,261
  fps total                   : 11,409
  epoch                       : 484 / 1,000
  frames                      : 79,298,560


Policy 0: 
Timing:
  Play time               : 13.372 s
  Update time             : 1.066 s
  Time to train epoch     : 14.438 s


Statistics:
  fps step                    : 12,814
  fps step + policy inference : 12,253
  fps total                   : 11,348
  epoch                       : 485 / 1,000
  frames                      : 79,462,400


Policy 0: 
Timing:
  Play time               : 13.374 s
  Update time             : 1.084 s
  Time to train epoch     : 14.459 s


Statistics:
  fps step                    : 12,808
  fps step + policy inference : 12,250
  fps total                   : 11,332
  epoch                       : 486 / 1,000
  frames                      : 79,626,240


Policy 0: 
Timing:
  Play time               : 13.344 s
  Update time             : 1.022 s
  Time to train epoch     : 14.366 s


Statistics:
  fps step                    : 12,840
  fps step + policy inference : 12,279
  fps total                   : 11,405
  epoch                       : 487 / 1,000
  frames                      : 79,790,080


Policy 0: 
Timing:
  Play time               : 13.320 s
  Update time             : 0.982 s
  Time to train epoch     : 14.302 s


Statistics:
  fps step                    : 12,864
  fps step + policy inference : 12,301
  fps total                   : 11,456
  epoch                       : 488 / 1,000
  frames                      : 79,953,920


Policy 0: 
Timing:
  Play time               : 13.354 s
  Update time             : 0.966 s
  Time to train epoch     : 14.319 s


Statistics:
  fps step                    : 12,835
  fps step + policy inference : 12,269
  fps total                   : 11,442
  epoch                       : 489 / 1,000
  frames                      : 80,117,760


Policy 0: 
Timing:
  Play time               : 13.403 s
  Update time             : 0.964 s
  Time to train epoch     : 14.366 s


Statistics:
  fps step                    : 12,789
  fps step + policy inference : 12,224
  fps total                   : 11,404
  epoch                       : 490 / 1,000
  frames                      : 80,281,600


Policy 0: 
Timing:
  Play time               : 13.455 s
  Update time             : 0.962 s
  Time to train epoch     : 14.417 s


Statistics:
  fps step                    : 12,731
  fps step + policy inference : 12,177
  fps total                   : 11,365
  epoch                       : 491 / 1,000
  frames                      : 80,445,440


Policy 0: 
Timing:
  Play time               : 13.422 s
  Update time             : 0.962 s
  Time to train epoch     : 14.384 s


Statistics:
  fps step                    : 12,766
  fps step + policy inference : 12,207
  fps total                   : 11,391
  epoch                       : 492 / 1,000
  frames                      : 80,609,280


Policy 0: saving next best rewards:  [-22.94]
=> saving checkpoint 'runs/mg_D_seed2801/nn/mg_D_seed2801.pth'

Timing:
  Play time               : 13.374 s
  Update time             : 0.964 s
  Time to train epoch     : 14.338 s


Statistics:
  fps step                    : 12,811
  fps step + policy inference : 12,251
  fps total                   : 11,427
  epoch                       : 493 / 1,000
  frames                      : 80,773,120


Policy 0: 
Timing:
  Play time               : 13.360 s
  Update time             : 0.961 s
  Time to train epoch     : 14.321 s


Statistics:
  fps step                    : 12,827
  fps step + policy inference : 12,264
  fps total                   : 11,441
  epoch                       : 494 / 1,000
  frames                      : 80,936,960


Policy 0: 
Timing:
  Play time               : 13.404 s
  Update time             : 0.984 s
  Time to train epoch     : 14.389 s


Statistics:
  fps step                    : 12,778
  fps step + policy inference : 12,223
  fps total                   : 11,387
  epoch                       : 495 / 1,000
  frames                      : 81,100,800


Policy 0: 
Timing:
  Play time               : 13.319 s
  Update time             : 1.002 s
  Time to train epoch     : 14.322 s


Statistics:
  fps step                    : 12,865
  fps step + policy inference : 12,301
  fps total                   : 11,440
  epoch                       : 496 / 1,000
  frames                      : 81,264,640


Policy 0: 
Timing:
  Play time               : 13.314 s
  Update time             : 1.016 s
  Time to train epoch     : 14.330 s


Statistics:
  fps step                    : 12,874
  fps step + policy inference : 12,306
  fps total                   : 11,433
  epoch                       : 497 / 1,000
  frames                      : 81,428,480


Policy 0: 
Timing:
  Play time               : 13.326 s
  Update time             : 1.024 s
  Time to train epoch     : 14.350 s


Statistics:
  fps step                    : 12,860
  fps step + policy inference : 12,294
  fps total                   : 11,417
  epoch                       : 498 / 1,000
  frames                      : 81,592,320


Policy 0: 
Timing:
  Play time               : 13.414 s
  Update time             : 1.053 s
  Time to train epoch     : 14.468 s


Statistics:
  fps step                    : 12,770
  fps step + policy inference : 12,214
  fps total                   : 11,325
  epoch                       : 499 / 1,000
  frames                      : 81,756,160


Policy 0: 
Timing:
  Play time               : 13.344 s
  Update time             : 1.018 s
  Time to train epoch     : 14.363 s


Statistics:
  fps step                    : 12,840
  fps step + policy inference : 12,278
  fps total                   : 11,407
  epoch                       : 500 / 1,000
  frames                      : 81,920,000


Policy 0: Saved recovery checkpoint runs/mg_D_seed2801/checkpoints/epoch_000500.pth; evaluation_due=False

Timing:
  Play time               : 13.429 s
  Update time             : 1.009 s
  Time to train epoch     : 14.438 s


Statistics:
  fps step                    : 12,763
  fps step + policy inference : 12,200
  fps total                   : 11,348
  epoch                       : 501 / 1,000
  frames                      : 82,083,840


Policy 0: 
Timing:
  Play time               : 13.361 s
  Update time             : 0.984 s
  Time to train epoch     : 14.345 s


Statistics:
  fps step                    : 12,822
  fps step + policy inference : 12,263
  fps total                   : 11,421
  epoch                       : 502 / 1,000
  frames                      : 82,247,680


Policy 0: 
Timing:
  Play time               : 13.329 s
  Update time             : 0.959 s
  Time to train epoch     : 14.289 s


Statistics:
  fps step                    : 12,855
  fps step + policy inference : 12,292
  fps total                   : 11,466
  epoch                       : 503 / 1,000
  frames                      : 82,411,520


Policy 0: 
Timing:
  Play time               : 13.347 s
  Update time             : 0.959 s
  Time to train epoch     : 14.306 s


Statistics:
  fps step                    : 12,834
  fps step + policy inference : 12,276
  fps total                   : 11,453
  epoch                       : 504 / 1,000
  frames                      : 82,575,360


Policy 0: 
Timing:
  Play time               : 13.359 s
  Update time             : 0.959 s
  Time to train epoch     : 14.318 s


Statistics:
  fps step                    : 12,821
  fps step + policy inference : 12,264
  fps total                   : 11,443
  epoch                       : 505 / 1,000
  frames                      : 82,739,200


Policy 0: 
Timing:
  Play time               : 13.306 s
  Update time             : 0.974 s
  Time to train epoch     : 14.280 s


Statistics:
  fps step                    : 12,875
  fps step + policy inference : 12,313
  fps total                   : 11,474
  epoch                       : 506 / 1,000
  frames                      : 82,903,040


Policy 0: 
Timing:
  Play time               : 13.294 s
  Update time             : 0.960 s
  Time to train epoch     : 14.254 s


Statistics:
  fps step                    : 12,884
  fps step + policy inference : 12,325
  fps total                   : 11,494
  epoch                       : 507 / 1,000
  frames                      : 83,066,880


Policy 0: 
Timing:
  Play time               : 13.274 s
  Update time             : 0.961 s
  Time to train epoch     : 14.235 s


Statistics:
  fps step                    : 12,914
  fps step + policy inference : 12,343
  fps total                   : 11,509
  epoch                       : 508 / 1,000
  frames                      : 83,230,720


Policy 0: 
Timing:
  Play time               : 13.351 s
  Update time             : 0.975 s
  Time to train epoch     : 14.326 s


Statistics:
  fps step                    : 12,827
  fps step + policy inference : 12,272
  fps total                   : 11,437
  epoch                       : 509 / 1,000
  frames                      : 83,394,560


Policy 0: 
Timing:
  Play time               : 13.268 s
  Update time             : 1.027 s
  Time to train epoch     : 14.295 s


Statistics:
  fps step                    : 12,915
  fps step + policy inference : 12,348
  fps total                   : 11,461
  epoch                       : 510 / 1,000
  frames                      : 83,558,400


Policy 0: 
Timing:
  Play time               : 13.301 s
  Update time             : 1.050 s
  Time to train epoch     : 14.351 s


Statistics:
  fps step                    : 12,883
  fps step + policy inference : 12,318
  fps total                   : 11,416
  epoch                       : 511 / 1,000
  frames                      : 83,722,240


Policy 0: 
Timing:
  Play time               : 13.429 s
  Update time             : 1.023 s
  Time to train epoch     : 14.452 s


Statistics:
  fps step                    : 12,752
  fps step + policy inference : 12,200
  fps total                   : 11,336
  epoch                       : 512 / 1,000
  frames                      : 83,886,080


Policy 0: 
Timing:
  Play time               : 13.408 s
  Update time             : 1.011 s
  Time to train epoch     : 14.419 s


Statistics:
  fps step                    : 12,774
  fps step + policy inference : 12,219
  fps total                   : 11,362
  epoch                       : 513 / 1,000
  frames                      : 84,049,920


Policy 0: 
Timing:
  Play time               : 13.373 s
  Update time             : 0.996 s
  Time to train epoch     : 14.370 s


Statistics:
  fps step                    : 12,810
  fps step + policy inference : 12,251
  fps total                   : 11,402
  epoch                       : 514 / 1,000
  frames                      : 84,213,760


Policy 0: 
Timing:
  Play time               : 13.334 s
  Update time             : 0.968 s
  Time to train epoch     : 14.302 s


Statistics:
  fps step                    : 12,844
  fps step + policy inference : 12,287
  fps total                   : 11,456
  epoch                       : 515 / 1,000
  frames                      : 84,377,600


Policy 0: 
Timing:
  Play time               : 13.363 s
  Update time             : 0.976 s
  Time to train epoch     : 14.339 s


Statistics:
  fps step                    : 12,817
  fps step + policy inference : 12,261
  fps total                   : 11,426
  epoch                       : 516 / 1,000
  frames                      : 84,541,440


Policy 0: 
Timing:
  Play time               : 13.314 s
  Update time             : 0.985 s
  Time to train epoch     : 14.299 s


Statistics:
  fps step                    : 12,864
  fps step + policy inference : 12,306
  fps total                   : 11,458
  epoch                       : 517 / 1,000
  frames                      : 84,705,280


Policy 0: 
Timing:
  Play time               : 13.394 s
  Update time             : 0.959 s
  Time to train epoch     : 14.353 s


Statistics:
  fps step                    : 12,788
  fps step + policy inference : 12,233
  fps total                   : 11,415
  epoch                       : 518 / 1,000
  frames                      : 84,869,120


Policy 0: 
Timing:
  Play time               : 13.324 s
  Update time             : 0.966 s
  Time to train epoch     : 14.291 s


Statistics:
  fps step                    : 12,860
  fps step + policy inference : 12,296
  fps total                   : 11,465
  epoch                       : 519 / 1,000
  frames                      : 85,032,960


Policy 0: 
Timing:
  Play time               : 13.391 s
  Update time             : 0.969 s
  Time to train epoch     : 14.361 s


Statistics:
  fps step                    : 12,790
  fps step + policy inference : 12,235
  fps total                   : 11,409
  epoch                       : 520 / 1,000
  frames                      : 85,196,800


Policy 0: 
Timing:
  Play time               : 13.524 s
  Update time             : 0.974 s
  Time to train epoch     : 14.498 s


Statistics:
  fps step                    : 12,659
  fps step + policy inference : 12,115
  fps total                   : 11,301
  epoch                       : 521 / 1,000
  frames                      : 85,360,640


Policy 0: saving next best rewards:  [-22.91]
=> saving checkpoint 'runs/mg_D_seed2801/nn/mg_D_seed2801.pth'

Timing:
  Play time               : 13.343 s
  Update time             : 0.959 s
  Time to train epoch     : 14.302 s


Statistics:
  fps step                    : 12,835
  fps step + policy inference : 12,279
  fps total                   : 11,455
  epoch                       : 522 / 1,000
  frames                      : 85,524,480


Policy 0: 
Timing:
  Play time               : 13.485 s
  Update time             : 0.966 s
  Time to train epoch     : 14.451 s


Statistics:
  fps step                    : 12,701
  fps step + policy inference : 12,149
  fps total                   : 11,337
  epoch                       : 523 / 1,000
  frames                      : 85,688,320


Policy 0: 
Timing:
  Play time               : 13.394 s
  Update time             : 0.995 s
  Time to train epoch     : 14.390 s


Statistics:
  fps step                    : 12,784
  fps step + policy inference : 12,232
  fps total                   : 11,386
  epoch                       : 524 / 1,000
  frames                      : 85,852,160


Policy 0: saving next best rewards:  [-22.82]
=> saving checkpoint 'runs/mg_D_seed2801/nn/mg_D_seed2801.pth'

Timing:
  Play time               : 13.449 s
  Update time             : 1.029 s
  Time to train epoch     : 14.479 s


Statistics:
  fps step                    : 12,730
  fps step + policy inference : 12,182
  fps total                   : 11,316
  epoch                       : 525 / 1,000
  frames                      : 86,016,000


Policy 0: saving next best rewards:  [-22.72]
=> saving checkpoint 'runs/mg_D_seed2801/nn/mg_D_seed2801.pth'

Timing:
  Play time               : 13.389 s
  Update time             : 1.022 s
  Time to train epoch     : 14.411 s


Statistics:
  fps step                    : 12,793
  fps step + policy inference : 12,237
  fps total                   : 11,369
  epoch                       : 526 / 1,000
  frames                      : 86,179,840


Policy 0: 
Timing:
  Play time               : 13.346 s
  Update time             : 1.015 s
  Time to train epoch     : 14.361 s


Statistics:
  fps step                    : 12,829
  fps step + policy inference : 12,276
  fps total                   : 11,409
  epoch                       : 527 / 1,000
  frames                      : 86,343,680


Policy 0: 
Timing:
  Play time               : 13.508 s
  Update time             : 1.031 s
  Time to train epoch     : 14.538 s


Statistics:
  fps step                    : 12,677
  fps step + policy inference : 12,129
  fps total                   : 11,270
  epoch                       : 528 / 1,000
  frames                      : 86,507,520


Policy 0: 
Timing:
  Play time               : 13.392 s
  Update time             : 1.011 s
  Time to train epoch     : 14.402 s


Statistics:
  fps step                    : 12,793
  fps step + policy inference : 12,235
  fps total                   : 11,376
  epoch                       : 529 / 1,000
  frames                      : 86,671,360


Policy 0: 
Timing:
  Play time               : 13.362 s
  Update time             : 0.953 s
  Time to train epoch     : 14.315 s


Statistics:
  fps step                    : 12,814
  fps step + policy inference : 12,261
  fps total                   : 11,445
  epoch                       : 530 / 1,000
  frames                      : 86,835,200


Policy 0: 
Timing:
  Play time               : 13.347 s
  Update time             : 0.964 s
  Time to train epoch     : 14.311 s


Statistics:
  fps step                    : 12,834
  fps step + policy inference : 12,275
  fps total                   : 11,449
  epoch                       : 531 / 1,000
  frames                      : 86,999,040


Policy 0: saving next best rewards:  [-22.6]
=> saving checkpoint 'runs/mg_D_seed2801/nn/mg_D_seed2801.pth'

Timing:
  Play time               : 13.372 s
  Update time             : 0.960 s
  Time to train epoch     : 14.332 s


Statistics:
  fps step                    : 12,805
  fps step + policy inference : 12,253
  fps total                   : 11,432
  epoch                       : 532 / 1,000
  frames                      : 87,162,880


Policy 0: saving next best rewards:  [-22.44]
=> saving checkpoint 'runs/mg_D_seed2801/nn/mg_D_seed2801.pth'

Timing:
  Play time               : 13.387 s
  Update time             : 1.016 s
  Time to train epoch     : 14.403 s


Statistics:
  fps step                    : 12,793
  fps step + policy inference : 12,239
  fps total                   : 11,375
  epoch                       : 533 / 1,000
  frames                      : 87,326,720


Policy 0: 
Timing:
  Play time               : 13.413 s
  Update time             : 0.957 s
  Time to train epoch     : 14.370 s


Statistics:
  fps step                    : 12,770
  fps step + policy inference : 12,215
  fps total                   : 11,401
  epoch                       : 534 / 1,000
  frames                      : 87,490,560


Policy 0: 
Timing:
  Play time               : 13.377 s
  Update time             : 0.972 s
  Time to train epoch     : 14.348 s


Statistics:
  fps step                    : 12,804
  fps step + policy inference : 12,248
  fps total                   : 11,419
  epoch                       : 535 / 1,000
  frames                      : 87,654,400


Policy 0: 
Timing:
  Play time               : 13.366 s
  Update time             : 1.036 s
  Time to train epoch     : 14.403 s


Statistics:
  fps step                    : 12,814
  fps step + policy inference : 12,258
  fps total                   : 11,376
  epoch                       : 536 / 1,000
  frames                      : 87,818,240


Policy 0: 
Timing:
  Play time               : 13.413 s
  Update time             : 1.039 s
  Time to train epoch     : 14.452 s


Statistics:
  fps step                    : 12,773
  fps step + policy inference : 12,215
  fps total                   : 11,337
  epoch                       : 537 / 1,000
  frames                      : 87,982,080


Policy 0: 
Timing:
  Play time               : 13.349 s
  Update time             : 1.033 s
  Time to train epoch     : 14.382 s


Statistics:
  fps step                    : 12,831
  fps step + policy inference : 12,274
  fps total                   : 11,392
  epoch                       : 538 / 1,000
  frames                      : 88,145,920


Policy 0: 
Timing:
  Play time               : 13.348 s
  Update time             : 1.020 s
  Time to train epoch     : 14.368 s


Statistics:
  fps step                    : 12,839
  fps step + policy inference : 12,275
  fps total                   : 11,403
  epoch                       : 539 / 1,000
  frames                      : 88,309,760


Policy 0: 
Timing:
  Play time               : 13.445 s
  Update time             : 0.992 s
  Time to train epoch     : 14.437 s


Statistics:
  fps step                    : 12,736
  fps step + policy inference : 12,186
  fps total                   : 11,349
  epoch                       : 540 / 1,000
  frames                      : 88,473,600


Policy 0: 
Timing:
  Play time               : 13.381 s
  Update time             : 0.966 s
  Time to train epoch     : 14.347 s


Statistics:
  fps step                    : 12,800
  fps step + policy inference : 12,244
  fps total                   : 11,420
  epoch                       : 541 / 1,000
  frames                      : 88,637,440


Policy 0: 
Timing:
  Play time               : 13.317 s
  Update time             : 0.982 s
  Time to train epoch     : 14.298 s


Statistics:
  fps step                    : 12,870
  fps step + policy inference : 12,303
  fps total                   : 11,459
  epoch                       : 542 / 1,000
  frames                      : 88,801,280


Policy 0: 
Timing:
  Play time               : 13.346 s
  Update time             : 0.962 s
  Time to train epoch     : 14.307 s


Statistics:
  fps step                    : 12,833
  fps step + policy inference : 12,276
  fps total                   : 11,451
  epoch                       : 543 / 1,000
  frames                      : 88,965,120


Policy 0: saving next best rewards:  [-21.9]
=> saving checkpoint 'runs/mg_D_seed2801/nn/mg_D_seed2801.pth'

Timing:
  Play time               : 13.387 s
  Update time             : 0.959 s
  Time to train epoch     : 14.345 s


Statistics:
  fps step                    : 12,793
  fps step + policy inference : 12,239
  fps total                   : 11,421
  epoch                       : 544 / 1,000
  frames                      : 89,128,960


Policy 0: 
Timing:
  Play time               : 13.428 s
  Update time             : 0.963 s
  Time to train epoch     : 14.391 s


Statistics:
  fps step                    : 12,757
  fps step + policy inference : 12,201
  fps total                   : 11,385
  epoch                       : 545 / 1,000
  frames                      : 89,292,800


Policy 0: 
Timing:
  Play time               : 13.463 s
  Update time             : 0.976 s
  Time to train epoch     : 14.439 s


Statistics:
  fps step                    : 12,722
  fps step + policy inference : 12,170
  fps total                   : 11,347
  epoch                       : 546 / 1,000
  frames                      : 89,456,640


Policy 0: 
Timing:
  Play time               : 13.411 s
  Update time             : 0.978 s
  Time to train epoch     : 14.389 s


Statistics:
  fps step                    : 12,775
  fps step + policy inference : 12,217
  fps total                   : 11,386
  epoch                       : 547 / 1,000
  frames                      : 89,620,480


Policy 0: 
Timing:
  Play time               : 13.367 s
  Update time             : 0.978 s
  Time to train epoch     : 14.345 s


Statistics:
  fps step                    : 12,817
  fps step + policy inference : 12,257
  fps total                   : 11,421
  epoch                       : 548 / 1,000
  frames                      : 89,784,320


Policy 0: 
Timing:
  Play time               : 13.521 s
  Update time             : 1.076 s
  Time to train epoch     : 14.597 s


Statistics:
  fps step                    : 12,665
  fps step + policy inference : 12,118
  fps total                   : 11,224
  epoch                       : 549 / 1,000
  frames                      : 89,948,160


Policy 0: 
Timing:
  Play time               : 13.368 s
  Update time             : 1.078 s
  Time to train epoch     : 14.446 s


Statistics:
  fps step                    : 12,818
  fps step + policy inference : 12,256
  fps total                   : 11,341
  epoch                       : 550 / 1,000
  frames                      : 90,112,000


Policy 0: 
Timing:
  Play time               : 13.396 s
  Update time             : 1.047 s
  Time to train epoch     : 14.443 s


Statistics:
  fps step                    : 12,787
  fps step + policy inference : 12,231
  fps total                   : 11,344
  epoch                       : 551 / 1,000
  frames                      : 90,275,840


Policy 0: 
Timing:
  Play time               : 13.457 s
  Update time             : 0.989 s
  Time to train epoch     : 14.445 s


Statistics:
  fps step                    : 12,725
  fps step + policy inference : 12,176
  fps total                   : 11,342
  epoch                       : 552 / 1,000
  frames                      : 90,439,680


Policy 0: 
Timing:
  Play time               : 13.460 s
  Update time             : 0.979 s
  Time to train epoch     : 14.439 s


Statistics:
  fps step                    : 12,725
  fps step + policy inference : 12,172
  fps total                   : 11,347
  epoch                       : 553 / 1,000
  frames                      : 90,603,520


Policy 0: 
Timing:
  Play time               : 13.428 s
  Update time             : 0.976 s
  Time to train epoch     : 14.403 s


Statistics:
  fps step                    : 12,754
  fps step + policy inference : 12,202
  fps total                   : 11,375
  epoch                       : 554 / 1,000
  frames                      : 90,767,360


Policy 0: 
Timing:
  Play time               : 13.359 s
  Update time             : 0.958 s
  Time to train epoch     : 14.316 s


Statistics:
  fps step                    : 12,825
  fps step + policy inference : 12,265
  fps total                   : 11,444
  epoch                       : 555 / 1,000
  frames                      : 90,931,200


Policy 0: 
Timing:
  Play time               : 13.385 s
  Update time             : 0.961 s
  Time to train epoch     : 14.346 s


Statistics:
  fps step                    : 12,791
  fps step + policy inference : 12,240
  fps total                   : 11,421
  epoch                       : 556 / 1,000
  frames                      : 91,095,040


Policy 0: 
Timing:
  Play time               : 13.415 s
  Update time             : 0.970 s
  Time to train epoch     : 14.385 s


Statistics:
  fps step                    : 12,772
  fps step + policy inference : 12,213
  fps total                   : 11,390
  epoch                       : 557 / 1,000
  frames                      : 91,258,880


Policy 0: 
Timing:
  Play time               : 13.353 s
  Update time             : 0.981 s
  Time to train epoch     : 14.334 s


Statistics:
  fps step                    : 12,824
  fps step + policy inference : 12,270
  fps total                   : 11,430
  epoch                       : 558 / 1,000
  frames                      : 91,422,720


Policy 0: 
Timing:
  Play time               : 13.414 s
  Update time             : 0.974 s
  Time to train epoch     : 14.388 s


Statistics:
  fps step                    : 12,771
  fps step + policy inference : 12,214
  fps total                   : 11,387
  epoch                       : 559 / 1,000
  frames                      : 91,586,560


Policy 0: 
Timing:
  Play time               : 13.386 s
  Update time             : 1.025 s
  Time to train epoch     : 14.411 s


Statistics:
  fps step                    : 12,797
  fps step + policy inference : 12,239
  fps total                   : 11,369
  epoch                       : 560 / 1,000
  frames                      : 91,750,400


Policy 0: 
Timing:
  Play time               : 13.364 s
  Update time             : 1.080 s
  Time to train epoch     : 14.444 s


Statistics:
  fps step                    : 12,828
  fps step + policy inference : 12,260
  fps total                   : 11,344
  epoch                       : 561 / 1,000
  frames                      : 91,914,240


Policy 0: 
Timing:
  Play time               : 13.303 s
  Update time             : 1.054 s
  Time to train epoch     : 14.357 s


Statistics:
  fps step                    : 12,876
  fps step + policy inference : 12,316
  fps total                   : 11,412
  epoch                       : 562 / 1,000
  frames                      : 92,078,080


Policy 0: 
Timing:
  Play time               : 13.394 s
  Update time             : 1.002 s
  Time to train epoch     : 14.397 s


Statistics:
  fps step                    : 12,789
  fps step + policy inference : 12,232
  fps total                   : 11,381
  epoch                       : 563 / 1,000
  frames                      : 92,241,920


Policy 0: 
Timing:
  Play time               : 13.401 s
  Update time             : 0.978 s
  Time to train epoch     : 14.379 s


Statistics:
  fps step                    : 12,778
  fps step + policy inference : 12,226
  fps total                   : 11,394
  epoch                       : 564 / 1,000
  frames                      : 92,405,760


Policy 0: 
Timing:
  Play time               : 13.386 s
  Update time             : 0.973 s
  Time to train epoch     : 14.359 s


Statistics:
  fps step                    : 12,796
  fps step + policy inference : 12,240
  fps total                   : 11,410
  epoch                       : 565 / 1,000
  frames                      : 92,569,600


Policy 0: 
Timing:
  Play time               : 13.334 s
  Update time             : 0.966 s
  Time to train epoch     : 14.299 s


Statistics:
  fps step                    : 12,852
  fps step + policy inference : 12,288
  fps total                   : 11,458
  epoch                       : 566 / 1,000
  frames                      : 92,733,440


Policy 0: 
Timing:
  Play time               : 13.344 s
  Update time             : 0.963 s
  Time to train epoch     : 14.307 s


Statistics:
  fps step                    : 12,842
  fps step + policy inference : 12,278
  fps total                   : 11,452
  epoch                       : 567 / 1,000
  frames                      : 92,897,280


Policy 0: 
Timing:
  Play time               : 13.489 s
  Update time             : 0.964 s
  Time to train epoch     : 14.453 s


Statistics:
  fps step                    : 12,698
  fps step + policy inference : 12,146
  fps total                   : 11,336
  epoch                       : 568 / 1,000
  frames                      : 93,061,120


Policy 0: 
Timing:
  Play time               : 13.404 s
  Update time             : 0.974 s
  Time to train epoch     : 14.378 s


Statistics:
  fps step                    : 12,790
  fps step + policy inference : 12,223
  fps total                   : 11,395
  epoch                       : 569 / 1,000
  frames                      : 93,224,960


Policy 0: 
Timing:
  Play time               : 13.407 s
  Update time             : 0.962 s
  Time to train epoch     : 14.370 s


Statistics:
  fps step                    : 12,779
  fps step + policy inference : 12,220
  fps total                   : 11,402
  epoch                       : 570 / 1,000
  frames                      : 93,388,800


Policy 0: 
Timing:
  Play time               : 13.372 s
  Update time             : 0.992 s
  Time to train epoch     : 14.364 s


Statistics:
  fps step                    : 12,815
  fps step + policy inference : 12,252
  fps total                   : 11,406
  epoch                       : 571 / 1,000
  frames                      : 93,552,640


Policy 0: 
Timing:
  Play time               : 13.448 s
  Update time             : 0.975 s
  Time to train epoch     : 14.422 s


Statistics:
  fps step                    : 12,747
  fps step + policy inference : 12,183
  fps total                   : 11,360
  epoch                       : 572 / 1,000
  frames                      : 93,716,480


Policy 0: 
Timing:
  Play time               : 13.316 s
  Update time             : 0.995 s
  Time to train epoch     : 14.311 s


Statistics:
  fps step                    : 12,867
  fps step + policy inference : 12,304
  fps total                   : 11,448
  epoch                       : 573 / 1,000
  frames                      : 93,880,320


Policy 0: saving next best rewards:  [-21.88]
=> saving checkpoint 'runs/mg_D_seed2801/nn/mg_D_seed2801.pth'

Timing:
  Play time               : 13.420 s
  Update time             : 1.028 s
  Time to train epoch     : 14.448 s


Statistics:
  fps step                    : 12,761
  fps step + policy inference : 12,208
  fps total                   : 11,340
  epoch                       : 574 / 1,000
  frames                      : 94,044,160


Policy 0: saving next best rewards:  [-21.13]
=> saving checkpoint 'runs/mg_D_seed2801/nn/mg_D_seed2801.pth'

Timing:
  Play time               : 13.616 s
  Update time             : 1.053 s
  Time to train epoch     : 14.669 s


Statistics:
  fps step                    : 12,585
  fps step + policy inference : 12,033
  fps total                   : 11,169
  epoch                       : 575 / 1,000
  frames                      : 94,208,000


Policy 0: 
Timing:
  Play time               : 13.605 s
  Update time             : 1.049 s
  Time to train epoch     : 14.654 s


Statistics:
  fps step                    : 12,589
  fps step + policy inference : 12,043
  fps total                   : 11,180
  epoch                       : 576 / 1,000
  frames                      : 94,371,840


Policy 0: 
Timing:
  Play time               : 13.601 s
  Update time             : 1.024 s
  Time to train epoch     : 14.625 s


Statistics:
  fps step                    : 12,591
  fps step + policy inference : 12,046
  fps total                   : 11,203
  epoch                       : 577 / 1,000
  frames                      : 94,535,680


Policy 0: 
Timing:
  Play time               : 13.393 s
  Update time             : 0.969 s
  Time to train epoch     : 14.362 s


Statistics:
  fps step                    : 12,794
  fps step + policy inference : 12,233
  fps total                   : 11,408
  epoch                       : 578 / 1,000
  frames                      : 94,699,520


Policy 0: 
Timing:
  Play time               : 13.368 s
  Update time             : 0.967 s
  Time to train epoch     : 14.335 s


Statistics:
  fps step                    : 12,815
  fps step + policy inference : 12,256
  fps total                   : 11,429
  epoch                       : 579 / 1,000
  frames                      : 94,863,360


Policy 0: 
Timing:
  Play time               : 13.436 s
  Update time             : 0.974 s
  Time to train epoch     : 14.410 s


Statistics:
  fps step                    : 12,744
  fps step + policy inference : 12,194
  fps total                   : 11,370
  epoch                       : 580 / 1,000
  frames                      : 95,027,200


Policy 0: 
Timing:
  Play time               : 13.418 s
  Update time             : 0.964 s
  Time to train epoch     : 14.382 s


Statistics:
  fps step                    : 12,764
  fps step + policy inference : 12,210
  fps total                   : 11,392
  epoch                       : 581 / 1,000
  frames                      : 95,191,040


Policy 0: 
Timing:
  Play time               : 13.420 s
  Update time             : 0.961 s
  Time to train epoch     : 14.381 s


Statistics:
  fps step                    : 12,758
  fps step + policy inference : 12,209
  fps total                   : 11,393
  epoch                       : 582 / 1,000
  frames                      : 95,354,880


Policy 0: 
Timing:
  Play time               : 13.321 s
  Update time             : 0.959 s
  Time to train epoch     : 14.280 s


Statistics:
  fps step                    : 12,855
  fps step + policy inference : 12,299
  fps total                   : 11,474
  epoch                       : 583 / 1,000
  frames                      : 95,518,720


Policy 0: 
Timing:
  Play time               : 13.460 s
  Update time             : 1.005 s
  Time to train epoch     : 14.465 s


Statistics:
  fps step                    : 12,723
  fps step + policy inference : 12,172
  fps total                   : 11,327
  epoch                       : 584 / 1,000
  frames                      : 95,682,560


Policy 0: 
Timing:
  Play time               : 13.465 s
  Update time             : 1.020 s
  Time to train epoch     : 14.485 s


Statistics:
  fps step                    : 12,717
  fps step + policy inference : 12,168
  fps total                   : 11,311
  epoch                       : 585 / 1,000
  frames                      : 95,846,400


Policy 0: 
Timing:
  Play time               : 13.438 s
  Update time             : 1.022 s
  Time to train epoch     : 14.460 s


Statistics:
  fps step                    : 12,745
  fps step + policy inference : 12,192
  fps total                   : 11,330
  epoch                       : 586 / 1,000
  frames                      : 96,010,240


Policy 0: 
Timing:
  Play time               : 13.377 s
  Update time             : 1.058 s
  Time to train epoch     : 14.435 s


Statistics:
  fps step                    : 12,800
  fps step + policy inference : 12,247
  fps total                   : 11,350
  epoch                       : 587 / 1,000
  frames                      : 96,174,080


Policy 0: 
Timing:
  Play time               : 13.359 s
  Update time             : 1.022 s
  Time to train epoch     : 14.382 s


Statistics:
  fps step                    : 12,821
  fps step + policy inference : 12,264
  fps total                   : 11,392
  epoch                       : 588 / 1,000
  frames                      : 96,337,920


Policy 0: 
Timing:
  Play time               : 13.401 s
  Update time             : 0.960 s
  Time to train epoch     : 14.361 s


Statistics:
  fps step                    : 12,783
  fps step + policy inference : 12,226
  fps total                   : 11,409
  epoch                       : 589 / 1,000
  frames                      : 96,501,760


Policy 0: 
Timing:
  Play time               : 13.337 s
  Update time             : 0.963 s
  Time to train epoch     : 14.300 s


Statistics:
  fps step                    : 12,844
  fps step + policy inference : 12,284
  fps total                   : 11,457
  epoch                       : 590 / 1,000
  frames                      : 96,665,600


Policy 0: 
Timing:
  Play time               : 13.395 s
  Update time             : 0.963 s
  Time to train epoch     : 14.358 s


Statistics:
  fps step                    : 12,786
  fps step + policy inference : 12,231
  fps total                   : 11,411
  epoch                       : 591 / 1,000
  frames                      : 96,829,440


Policy 0: 
Timing:
  Play time               : 13.459 s
  Update time             : 0.966 s
  Time to train epoch     : 14.425 s


Statistics:
  fps step                    : 12,726
  fps step + policy inference : 12,173
  fps total                   : 11,358
  epoch                       : 592 / 1,000
  frames                      : 96,993,280


Policy 0: 
Timing:
  Play time               : 13.366 s
  Update time             : 0.958 s
  Time to train epoch     : 14.323 s


Statistics:
  fps step                    : 12,815
  fps step + policy inference : 12,258
  fps total                   : 11,439
  epoch                       : 593 / 1,000
  frames                      : 97,157,120


Policy 0: 
Timing:
  Play time               : 13.410 s
  Update time             : 0.963 s
  Time to train epoch     : 14.373 s


Statistics:
  fps step                    : 12,769
  fps step + policy inference : 12,218
  fps total                   : 11,399
  epoch                       : 594 / 1,000
  frames                      : 97,320,960


Policy 0: 
Timing:
  Play time               : 13.336 s
  Update time             : 0.994 s
  Time to train epoch     : 14.330 s


Statistics:
  fps step                    : 12,840
  fps step + policy inference : 12,286
  fps total                   : 11,434
  epoch                       : 595 / 1,000
  frames                      : 97,484,800


Policy 0: 
Timing:
  Play time               : 13.392 s
  Update time             : 0.961 s
  Time to train epoch     : 14.354 s


Statistics:
  fps step                    : 12,788
  fps step + policy inference : 12,234
  fps total                   : 11,414
  epoch                       : 596 / 1,000
  frames                      : 97,648,640


Policy 0: 
Timing:
  Play time               : 13.421 s
  Update time             : 0.993 s
  Time to train epoch     : 14.414 s


Statistics:
  fps step                    : 12,754
  fps step + policy inference : 12,208
  fps total                   : 11,367
  epoch                       : 597 / 1,000
  frames                      : 97,812,480


Policy 0: 
Timing:
  Play time               : 13.461 s
  Update time             : 1.051 s
  Time to train epoch     : 14.512 s


Statistics:
  fps step                    : 12,727
  fps step + policy inference : 12,171
  fps total                   : 11,290
  epoch                       : 598 / 1,000
  frames                      : 97,976,320


Policy 0: 
Timing:
  Play time               : 13.394 s
  Update time             : 1.057 s
  Time to train epoch     : 14.451 s


Statistics:
  fps step                    : 12,780
  fps step + policy inference : 12,232
  fps total                   : 11,338
  epoch                       : 599 / 1,000
  frames                      : 98,140,160


Policy 0: 
Timing:
  Play time               : 13.391 s
  Update time             : 1.024 s
  Time to train epoch     : 14.415 s


Statistics:
  fps step                    : 12,785
  fps step + policy inference : 12,235
  fps total                   : 11,366
  epoch                       : 600 / 1,000
  frames                      : 98,304,000


Policy 0: 
Timing:
  Play time               : 13.397 s
  Update time             : 1.014 s
  Time to train epoch     : 14.411 s


Statistics:
  fps step                    : 12,787
  fps step + policy inference : 12,230
  fps total                   : 11,369
  epoch                       : 601 / 1,000
  frames                      : 98,467,840


Policy 0: 
Timing:
  Play time               : 13.342 s
  Update time             : 0.971 s
  Time to train epoch     : 14.313 s


Statistics:
  fps step                    : 12,846
  fps step + policy inference : 12,280
  fps total                   : 11,447
  epoch                       : 602 / 1,000
  frames                      : 98,631,680


Policy 0: 
Timing:
  Play time               : 13.403 s
  Update time             : 0.972 s
  Time to train epoch     : 14.375 s


Statistics:
  fps step                    : 12,776
  fps step + policy inference : 12,224
  fps total                   : 11,398
  epoch                       : 603 / 1,000
  frames                      : 98,795,520


Policy 0: 
Timing:
  Play time               : 13.406 s
  Update time             : 0.976 s
  Time to train epoch     : 14.382 s


Statistics:
  fps step                    : 12,774
  fps step + policy inference : 12,221
  fps total                   : 11,392
  epoch                       : 604 / 1,000
  frames                      : 98,959,360


Policy 0: saving next best rewards:  [-20.94]
=> saving checkpoint 'runs/mg_D_seed2801/nn/mg_D_seed2801.pth'

Timing:
  Play time               : 13.351 s
  Update time             : 0.984 s
  Time to train epoch     : 14.335 s


Statistics:
  fps step                    : 12,820
  fps step + policy inference : 12,272
  fps total                   : 11,429
  epoch                       : 605 / 1,000
  frames                      : 99,123,200


Policy 0: 
Timing:
  Play time               : 13.332 s
  Update time             : 0.961 s
  Time to train epoch     : 14.293 s


Statistics:
  fps step                    : 12,843
  fps step + policy inference : 12,290
  fps total                   : 11,463
  epoch                       : 606 / 1,000
  frames                      : 99,287,040


Policy 0: 
Timing:
  Play time               : 13.402 s
  Update time             : 0.960 s
  Time to train epoch     : 14.362 s


Statistics:
  fps step                    : 12,774
  fps step + policy inference : 12,225
  fps total                   : 11,408
  epoch                       : 607 / 1,000
  frames                      : 99,450,880


Policy 0: 
Timing:
  Play time               : 13.406 s
  Update time             : 0.956 s
  Time to train epoch     : 14.362 s


Statistics:
  fps step                    : 12,768
  fps step + policy inference : 12,221
  fps total                   : 11,408
  epoch                       : 608 / 1,000
  frames                      : 99,614,720


Policy 0: 
Timing:
  Play time               : 13.297 s
  Update time             : 0.960 s
  Time to train epoch     : 14.257 s


Statistics:
  fps step                    : 12,878
  fps step + policy inference : 12,322
  fps total                   : 11,492
  epoch                       : 609 / 1,000
  frames                      : 99,778,560


Policy 0: saving next best rewards:  [-20.72]
=> saving checkpoint 'runs/mg_D_seed2801/nn/mg_D_seed2801.pth'

Timing:
  Play time               : 13.336 s
  Update time             : 0.977 s
  Time to train epoch     : 14.313 s


Statistics:
  fps step                    : 12,840
  fps step + policy inference : 12,286
  fps total                   : 11,447
  epoch                       : 610 / 1,000
  frames                      : 99,942,400


Policy 0: saving next best rewards:  [-20.47]
=> saving checkpoint 'runs/mg_D_seed2801/nn/mg_D_seed2801.pth'

Timing:
  Play time               : 13.355 s
  Update time             : 0.994 s
  Time to train epoch     : 14.350 s


Statistics:
  fps step                    : 12,820
  fps step + policy inference : 12,268
  fps total                   : 11,418
  epoch                       : 611 / 1,000
  frames                      : 100,106,240


Policy 0: 
Timing:
  Play time               : 13.334 s
  Update time             : 1.028 s
  Time to train epoch     : 14.362 s


Statistics:
  fps step                    : 12,842
  fps step + policy inference : 12,287
  fps total                   : 11,408
  epoch                       : 612 / 1,000
  frames                      : 100,270,080


Policy 0: 
Timing:
  Play time               : 13.330 s
  Update time             : 1.044 s
  Time to train epoch     : 14.374 s


Statistics:
  fps step                    : 12,840
  fps step + policy inference : 12,291
  fps total                   : 11,398
  epoch                       : 613 / 1,000
  frames                      : 100,433,920


Policy 0: 
Timing:
  Play time               : 13.348 s
  Update time             : 1.016 s
  Time to train epoch     : 14.363 s


Statistics:
  fps step                    : 12,827
  fps step + policy inference : 12,275
  fps total                   : 11,407
  epoch                       : 614 / 1,000
  frames                      : 100,597,760


Policy 0: 
Timing:
  Play time               : 13.340 s
  Update time             : 1.015 s
  Time to train epoch     : 14.355 s


Statistics:
  fps step                    : 12,835
  fps step + policy inference : 12,282
  fps total                   : 11,414
  epoch                       : 615 / 1,000
  frames                      : 100,761,600


Policy 0: 
Timing:
  Play time               : 13.333 s
  Update time             : 0.987 s
  Time to train epoch     : 14.320 s


Statistics:
  fps step                    : 12,846
  fps step + policy inference : 12,288
  fps total                   : 11,441
  epoch                       : 616 / 1,000
  frames                      : 100,925,440


Policy 0: 
Timing:
  Play time               : 13.378 s
  Update time             : 0.962 s
  Time to train epoch     : 14.339 s


Statistics:
  fps step                    : 12,798
  fps step + policy inference : 12,247
  fps total                   : 11,426
  epoch                       : 617 / 1,000
  frames                      : 101,089,280


Policy 0: 
Timing:
  Play time               : 13.342 s
  Update time             : 0.993 s
  Time to train epoch     : 14.335 s


Statistics:
  fps step                    : 12,828
  fps step + policy inference : 12,280
  fps total                   : 11,429
  epoch                       : 618 / 1,000
  frames                      : 101,253,120


Policy 0: 
Timing:
  Play time               : 13.418 s
  Update time             : 0.956 s
  Time to train epoch     : 14.374 s


Statistics:
  fps step                    : 12,754
  fps step + policy inference : 12,211
  fps total                   : 11,398
  epoch                       : 619 / 1,000
  frames                      : 101,416,960


Policy 0: 
Timing:
  Play time               : 13.347 s
  Update time             : 0.961 s
  Time to train epoch     : 14.308 s


Statistics:
  fps step                    : 12,831
  fps step + policy inference : 12,276
  fps total                   : 11,451
  epoch                       : 620 / 1,000
  frames                      : 101,580,800


Policy 0: 
Timing:
  Play time               : 13.398 s
  Update time             : 0.985 s
  Time to train epoch     : 14.383 s


Statistics:
  fps step                    : 12,777
  fps step + policy inference : 12,228
  fps total                   : 11,391
  epoch                       : 621 / 1,000
  frames                      : 101,744,640


Policy 0: 
Timing:
  Play time               : 13.283 s
  Update time             : 0.961 s
  Time to train epoch     : 14.244 s


Statistics:
  fps step                    : 12,887
  fps step + policy inference : 12,335
  fps total                   : 11,502
  epoch                       : 622 / 1,000
  frames                      : 101,908,480


Policy 0: 
Timing:
  Play time               : 13.312 s
  Update time             : 0.961 s
  Time to train epoch     : 14.273 s


Statistics:
  fps step                    : 12,855
  fps step + policy inference : 12,307
  fps total                   : 11,479
  epoch                       : 623 / 1,000
  frames                      : 102,072,320


Policy 0: 
Timing:
  Play time               : 13.339 s
  Update time             : 0.973 s
  Time to train epoch     : 14.312 s


Statistics:
  fps step                    : 12,836
  fps step + policy inference : 12,283
  fps total                   : 11,448
  epoch                       : 624 / 1,000
  frames                      : 102,236,160


Policy 0: 
Timing:
  Play time               : 13.313 s
  Update time             : 1.049 s
  Time to train epoch     : 14.363 s


Statistics:
  fps step                    : 12,864
  fps step + policy inference : 12,307
  fps total                   : 11,407
  epoch                       : 625 / 1,000
  frames                      : 102,400,000


Policy 0: 
Timing:
  Play time               : 13.314 s
  Update time             : 1.092 s
  Time to train epoch     : 14.406 s


Statistics:
  fps step                    : 12,861
  fps step + policy inference : 12,306
  fps total                   : 11,373
  epoch                       : 626 / 1,000
  frames                      : 102,563,840


Policy 0: 
Timing:
  Play time               : 13.271 s
  Update time             : 1.036 s
  Time to train epoch     : 14.307 s


Statistics:
  fps step                    : 12,905
  fps step + policy inference : 12,345
  fps total                   : 11,452
  epoch                       : 627 / 1,000
  frames                      : 102,727,680


Policy 0: 
Timing:
  Play time               : 13.252 s
  Update time             : 0.985 s
  Time to train epoch     : 14.237 s


Statistics:
  fps step                    : 12,925
  fps step + policy inference : 12,363
  fps total                   : 11,508
  epoch                       : 628 / 1,000
  frames                      : 102,891,520


Policy 0: 
Timing:
  Play time               : 13.319 s
  Update time             : 0.989 s
  Time to train epoch     : 14.308 s


Statistics:
  fps step                    : 12,852
  fps step + policy inference : 12,301
  fps total                   : 11,451
  epoch                       : 629 / 1,000
  frames                      : 103,055,360


Policy 0: 
Timing:
  Play time               : 13.353 s
  Update time             : 0.971 s
  Time to train epoch     : 14.324 s


Statistics:
  fps step                    : 12,828
  fps step + policy inference : 12,270
  fps total                   : 11,438
  epoch                       : 630 / 1,000
  frames                      : 103,219,200


Policy 0: 
Timing:
  Play time               : 13.282 s
  Update time             : 0.963 s
  Time to train epoch     : 14.245 s


Statistics:
  fps step                    : 12,888
  fps step + policy inference : 12,335
  fps total                   : 11,502
  epoch                       : 631 / 1,000
  frames                      : 103,383,040


Policy 0: 
Timing:
  Play time               : 13.320 s
  Update time             : 0.961 s
  Time to train epoch     : 14.281 s


Statistics:
  fps step                    : 12,856
  fps step + policy inference : 12,300
  fps total                   : 11,473
  epoch                       : 632 / 1,000
  frames                      : 103,546,880


Policy 0: saving next best rewards:  [-20.14]
=> saving checkpoint 'runs/mg_D_seed2801/nn/mg_D_seed2801.pth'

Timing:
  Play time               : 13.264 s
  Update time             : 0.973 s
  Time to train epoch     : 14.237 s


Statistics:
  fps step                    : 12,907
  fps step + policy inference : 12,352
  fps total                   : 11,508
  epoch                       : 633 / 1,000
  frames                      : 103,710,720


Policy 0: 
Timing:
  Play time               : 13.311 s
  Update time             : 0.965 s
  Time to train epoch     : 14.276 s


Statistics:
  fps step                    : 12,861
  fps step + policy inference : 12,309
  fps total                   : 11,477
  epoch                       : 634 / 1,000
  frames                      : 103,874,560


Policy 0: 
Timing:
  Play time               : 13.362 s
  Update time             : 0.963 s
  Time to train epoch     : 14.325 s


Statistics:
  fps step                    : 12,811
  fps step + policy inference : 12,261
  fps total                   : 11,437
  epoch                       : 635 / 1,000
  frames                      : 104,038,400


Policy 0: 
Timing:
  Play time               : 13.362 s
  Update time             : 0.960 s
  Time to train epoch     : 14.322 s


Statistics:
  fps step                    : 12,808
  fps step + policy inference : 12,262
  fps total                   : 11,440
  epoch                       : 636 / 1,000
  frames                      : 104,202,240


Policy 0: 
Timing:
  Play time               : 13.350 s
  Update time             : 0.970 s
  Time to train epoch     : 14.320 s


Statistics:
  fps step                    : 12,819
  fps step + policy inference : 12,273
  fps total                   : 11,442
  epoch                       : 637 / 1,000
  frames                      : 104,366,080


Policy 0: 
Timing:
  Play time               : 13.340 s
  Update time             : 0.986 s
  Time to train epoch     : 14.325 s


Statistics:
  fps step                    : 12,832
  fps step + policy inference : 12,282
  fps total                   : 11,437
  epoch                       : 638 / 1,000
  frames                      : 104,529,920


Policy 0: 
Timing:
  Play time               : 13.305 s
  Update time             : 0.975 s
  Time to train epoch     : 14.280 s


Statistics:
  fps step                    : 12,869
  fps step + policy inference : 12,314
  fps total                   : 11,474
  epoch                       : 639 / 1,000
  frames                      : 104,693,760


Policy 0: 
Timing:
  Play time               : 13.397 s
  Update time             : 1.034 s
  Time to train epoch     : 14.430 s


Statistics:
  fps step                    : 12,778
  fps step + policy inference : 12,230
  fps total                   : 11,354
  epoch                       : 640 / 1,000
  frames                      : 104,857,600


Policy 0: 
Timing:
  Play time               : 13.312 s
  Update time             : 1.044 s
  Time to train epoch     : 14.356 s


Statistics:
  fps step                    : 12,857
  fps step + policy inference : 12,308
  fps total                   : 11,413
  epoch                       : 641 / 1,000
  frames                      : 105,021,440


Policy 0: 
Timing:
  Play time               : 13.329 s
  Update time             : 1.050 s
  Time to train epoch     : 14.379 s


Statistics:
  fps step                    : 12,838
  fps step + policy inference : 12,292
  fps total                   : 11,395
  epoch                       : 642 / 1,000
  frames                      : 105,185,280


Policy 0: saving next best rewards:  [-20.07]
=> saving checkpoint 'runs/mg_D_seed2801/nn/mg_D_seed2801.pth'

Timing:
  Play time               : 13.340 s
  Update time             : 1.034 s
  Time to train epoch     : 14.375 s


Statistics:
  fps step                    : 12,835
  fps step + policy inference : 12,282
  fps total                   : 11,398
  epoch                       : 643 / 1,000
  frames                      : 105,349,120


Policy 0: 
Timing:
  Play time               : 13.374 s
  Update time             : 1.000 s
  Time to train epoch     : 14.374 s


Statistics:
  fps step                    : 12,805
  fps step + policy inference : 12,250
  fps total                   : 11,398
  epoch                       : 644 / 1,000
  frames                      : 105,512,960


Policy 0: 
Timing:
  Play time               : 13.371 s
  Update time             : 0.976 s
  Time to train epoch     : 14.347 s


Statistics:
  fps step                    : 12,804
  fps step + policy inference : 12,254
  fps total                   : 11,420
  epoch                       : 645 / 1,000
  frames                      : 105,676,800


Policy 0: 
Timing:
  Play time               : 13.378 s
  Update time             : 0.961 s
  Time to train epoch     : 14.339 s


Statistics:
  fps step                    : 12,792
  fps step + policy inference : 12,247
  fps total                   : 11,426
  epoch                       : 646 / 1,000
  frames                      : 105,840,640


Policy 0: 
Timing:
  Play time               : 13.354 s
  Update time             : 0.994 s
  Time to train epoch     : 14.348 s


Statistics:
  fps step                    : 12,817
  fps step + policy inference : 12,269
  fps total                   : 11,419
  epoch                       : 647 / 1,000
  frames                      : 106,004,480


Policy 0: saving next best rewards:  [-19.52]
=> saving checkpoint 'runs/mg_D_seed2801/nn/mg_D_seed2801.pth'

Timing:
  Play time               : 13.347 s
  Update time             : 0.962 s
  Time to train epoch     : 14.310 s


Statistics:
  fps step                    : 12,823
  fps step + policy inference : 12,275
  fps total                   : 11,450
  epoch                       : 648 / 1,000
  frames                      : 106,168,320


Policy 0: 
Timing:
  Play time               : 13.310 s
  Update time             : 0.962 s
  Time to train epoch     : 14.273 s


Statistics:
  fps step                    : 12,862
  fps step + policy inference : 12,309
  fps total                   : 11,479
  epoch                       : 649 / 1,000
  frames                      : 106,332,160


Policy 0: 
Timing:
  Play time               : 13.342 s
  Update time             : 0.970 s
  Time to train epoch     : 14.312 s


Statistics:
  fps step                    : 12,831
  fps step + policy inference : 12,280
  fps total                   : 11,447
  epoch                       : 650 / 1,000
  frames                      : 106,496,000


Policy 0: 
Timing:
  Play time               : 13.355 s
  Update time             : 0.964 s
  Time to train epoch     : 14.318 s


Statistics:
  fps step                    : 12,815
  fps step + policy inference : 12,268
  fps total                   : 11,443
  epoch                       : 651 / 1,000
  frames                      : 106,659,840


Policy 0: 
Timing:
  Play time               : 13.521 s
  Update time             : 0.962 s
  Time to train epoch     : 14.484 s


Statistics:
  fps step                    : 12,657
  fps step + policy inference : 12,117
  fps total                   : 11,312
  epoch                       : 652 / 1,000
  frames                      : 106,823,680


Policy 0: 
Timing:
  Play time               : 13.388 s
  Update time             : 0.992 s
  Time to train epoch     : 14.380 s


Statistics:
  fps step                    : 12,790
  fps step + policy inference : 12,238
  fps total                   : 11,394
  epoch                       : 653 / 1,000
  frames                      : 106,987,520


Policy 0: 
Timing:
  Play time               : 13.406 s
  Update time             : 1.022 s
  Time to train epoch     : 14.428 s


Statistics:
  fps step                    : 12,766
  fps step + policy inference : 12,222
  fps total                   : 11,356
  epoch                       : 654 / 1,000
  frames                      : 107,151,360


Policy 0: 
Timing:
  Play time               : 13.320 s
  Update time             : 1.035 s
  Time to train epoch     : 14.355 s


Statistics:
  fps step                    : 12,853
  fps step + policy inference : 12,300
  fps total                   : 11,413
  epoch                       : 655 / 1,000
  frames                      : 107,315,200


Policy 0: 
Timing:
  Play time               : 13.363 s
  Update time             : 1.028 s
  Time to train epoch     : 14.391 s


Statistics:
  fps step                    : 12,814
  fps step + policy inference : 12,261
  fps total                   : 11,385
  epoch                       : 656 / 1,000
  frames                      : 107,479,040


Policy 0: 
Timing:
  Play time               : 13.369 s
  Update time             : 1.026 s
  Time to train epoch     : 14.395 s


Statistics:
  fps step                    : 12,801
  fps step + policy inference : 12,255
  fps total                   : 11,381
  epoch                       : 657 / 1,000
  frames                      : 107,642,880


Policy 0: 
Timing:
  Play time               : 13.419 s
  Update time             : 0.998 s
  Time to train epoch     : 14.417 s


Statistics:
  fps step                    : 12,754
  fps step + policy inference : 12,209
  fps total                   : 11,364
  epoch                       : 658 / 1,000
  frames                      : 107,806,720


Policy 0: 
Timing:
  Play time               : 13.405 s
  Update time             : 0.976 s
  Time to train epoch     : 14.381 s


Statistics:
  fps step                    : 12,767
  fps step + policy inference : 12,223
  fps total                   : 11,393
  epoch                       : 659 / 1,000
  frames                      : 107,970,560


Policy 0: 
Timing:
  Play time               : 13.387 s
  Update time             : 0.966 s
  Time to train epoch     : 14.353 s


Statistics:
  fps step                    : 12,790
  fps step + policy inference : 12,239
  fps total                   : 11,415
  epoch                       : 660 / 1,000
  frames                      : 108,134,400


Policy 0: 
Timing:
  Play time               : 13.360 s
  Update time             : 0.964 s
  Time to train epoch     : 14.324 s


Statistics:
  fps step                    : 12,812
  fps step + policy inference : 12,263
  fps total                   : 11,438
  epoch                       : 661 / 1,000
  frames                      : 108,298,240


Policy 0: 
Timing:
  Play time               : 13.335 s
  Update time             : 1.002 s
  Time to train epoch     : 14.337 s


Statistics:
  fps step                    : 12,832
  fps step + policy inference : 12,286
  fps total                   : 11,428
  epoch                       : 662 / 1,000
  frames                      : 108,462,080


Policy 0: 
Timing:
  Play time               : 13.388 s
  Update time             : 0.966 s
  Time to train epoch     : 14.354 s


Statistics:
  fps step                    : 12,783
  fps step + policy inference : 12,238
  fps total                   : 11,414
  epoch                       : 663 / 1,000
  frames                      : 108,625,920


Policy 0: saving next best rewards:  [-19.38]
=> saving checkpoint 'runs/mg_D_seed2801/nn/mg_D_seed2801.pth'

Timing:
  Play time               : 13.385 s
  Update time             : 0.966 s
  Time to train epoch     : 14.351 s


Statistics:
  fps step                    : 12,786
  fps step + policy inference : 12,241
  fps total                   : 11,416
  epoch                       : 664 / 1,000
  frames                      : 108,789,760


Policy 0: 
Timing:
  Play time               : 13.355 s
  Update time             : 0.989 s
  Time to train epoch     : 14.344 s


Statistics:
  fps step                    : 12,811
  fps step + policy inference : 12,268
  fps total                   : 11,422
  epoch                       : 665 / 1,000
  frames                      : 108,953,600


Policy 0: 
Timing:
  Play time               : 13.376 s
  Update time             : 0.967 s
  Time to train epoch     : 14.343 s


Statistics:
  fps step                    : 12,795
  fps step + policy inference : 12,249
  fps total                   : 11,423
  epoch                       : 666 / 1,000
  frames                      : 109,117,440


Policy 0: 
Timing:
  Play time               : 13.412 s
  Update time             : 1.015 s
  Time to train epoch     : 14.427 s


Statistics:
  fps step                    : 12,762
  fps step + policy inference : 12,216
  fps total                   : 11,356
  epoch                       : 667 / 1,000
  frames                      : 109,281,280


Policy 0: 
Timing:
  Play time               : 13.428 s
  Update time             : 1.036 s
  Time to train epoch     : 14.465 s


Statistics:
  fps step                    : 12,740
  fps step + policy inference : 12,201
  fps total                   : 11,327
  epoch                       : 668 / 1,000
  frames                      : 109,445,120


Policy 0: 
Timing:
  Play time               : 13.369 s
  Update time             : 1.056 s
  Time to train epoch     : 14.425 s


Statistics:
  fps step                    : 12,798
  fps step + policy inference : 12,255
  fps total                   : 11,358
  epoch                       : 669 / 1,000
  frames                      : 109,608,960


Policy 0: 
Timing:
  Play time               : 13.342 s
  Update time             : 1.020 s
  Time to train epoch     : 14.363 s


Statistics:
  fps step                    : 12,828
  fps step + policy inference : 12,280
  fps total                   : 11,407
  epoch                       : 670 / 1,000
  frames                      : 109,772,800


Policy 0: 
Timing:
  Play time               : 13.345 s
  Update time             : 0.992 s
  Time to train epoch     : 14.337 s


Statistics:
  fps step                    : 12,819
  fps step + policy inference : 12,277
  fps total                   : 11,428
  epoch                       : 671 / 1,000
  frames                      : 109,936,640


Policy 0: 
Timing:
  Play time               : 13.348 s
  Update time             : 0.995 s
  Time to train epoch     : 14.343 s


Statistics:
  fps step                    : 12,824
  fps step + policy inference : 12,275
  fps total                   : 11,423
  epoch                       : 672 / 1,000
  frames                      : 110,100,480


Policy 0: 
Timing:
  Play time               : 13.357 s
  Update time             : 0.973 s
  Time to train epoch     : 14.330 s


Statistics:
  fps step                    : 12,806
  fps step + policy inference : 12,266
  fps total                   : 11,433
  epoch                       : 673 / 1,000
  frames                      : 110,264,320


Policy 0: 
Timing:
  Play time               : 13.425 s
  Update time             : 0.963 s
  Time to train epoch     : 14.387 s


Statistics:
  fps step                    : 12,743
  fps step + policy inference : 12,204
  fps total                   : 11,388
  epoch                       : 674 / 1,000
  frames                      : 110,428,160


Policy 0: 
Timing:
  Play time               : 13.372 s
  Update time             : 0.969 s
  Time to train epoch     : 14.342 s


Statistics:
  fps step                    : 12,794
  fps step + policy inference : 12,252
  fps total                   : 11,424
  epoch                       : 675 / 1,000
  frames                      : 110,592,000


Policy 0: 
Timing:
  Play time               : 13.384 s
  Update time             : 0.963 s
  Time to train epoch     : 14.347 s


Statistics:
  fps step                    : 12,783
  fps step + policy inference : 12,242
  fps total                   : 11,420
  epoch                       : 676 / 1,000
  frames                      : 110,755,840


Policy 0: 
Timing:
  Play time               : 13.505 s
  Update time             : 0.961 s
  Time to train epoch     : 14.466 s


Statistics:
  fps step                    : 12,664
  fps step + policy inference : 12,132
  fps total                   : 11,326
  epoch                       : 677 / 1,000
  frames                      : 110,919,680


Policy 0: saving next best rewards:  [-19.15]
=> saving checkpoint 'runs/mg_D_seed2801/nn/mg_D_seed2801.pth'

Timing:
  Play time               : 13.418 s
  Update time             : 0.960 s
  Time to train epoch     : 14.378 s


Statistics:
  fps step                    : 12,756
  fps step + policy inference : 12,211
  fps total                   : 11,395
  epoch                       : 678 / 1,000
  frames                      : 111,083,520


Policy 0: 
Timing:
  Play time               : 13.387 s
  Update time             : 0.963 s
  Time to train epoch     : 14.350 s


Statistics:
  fps step                    : 12,783
  fps step + policy inference : 12,239
  fps total                   : 11,417
  epoch                       : 679 / 1,000
  frames                      : 111,247,360


Policy 0: 
Timing:
  Play time               : 13.381 s
  Update time             : 1.020 s
  Time to train epoch     : 14.401 s


Statistics:
  fps step                    : 12,792
  fps step + policy inference : 12,244
  fps total                   : 11,377
  epoch                       : 680 / 1,000
  frames                      : 111,411,200


Policy 0: 
Timing:
  Play time               : 13.416 s
  Update time             : 1.115 s
  Time to train epoch     : 14.531 s


Statistics:
  fps step                    : 12,753
  fps step + policy inference : 12,212
  fps total                   : 11,275
  epoch                       : 681 / 1,000
  frames                      : 111,575,040


Policy 0: 
Timing:
  Play time               : 13.371 s
  Update time             : 1.058 s
  Time to train epoch     : 14.429 s


Statistics:
  fps step                    : 12,798
  fps step + policy inference : 12,254
  fps total                   : 11,355
  epoch                       : 682 / 1,000
  frames                      : 111,738,880


Policy 0: 
Timing:
  Play time               : 13.414 s
  Update time             : 1.016 s
  Time to train epoch     : 14.430 s


Statistics:
  fps step                    : 12,755
  fps step + policy inference : 12,215
  fps total                   : 11,354
  epoch                       : 683 / 1,000
  frames                      : 111,902,720


Policy 0: 
Timing:
  Play time               : 13.419 s
  Update time             : 0.990 s
  Time to train epoch     : 14.409 s


Statistics:
  fps step                    : 12,746
  fps step + policy inference : 12,209
  fps total                   : 11,371
  epoch                       : 684 / 1,000
  frames                      : 112,066,560


Policy 0: 
Timing:
  Play time               : 13.353 s
  Update time             : 0.960 s
  Time to train epoch     : 14.313 s


Statistics:
  fps step                    : 12,813
  fps step + policy inference : 12,270
  fps total                   : 11,447
  epoch                       : 685 / 1,000
  frames                      : 112,230,400


Policy 0: 
Timing:
  Play time               : 13.340 s
  Update time             : 1.021 s
  Time to train epoch     : 14.361 s


Statistics:
  fps step                    : 12,841
  fps step + policy inference : 12,282
  fps total                   : 11,409
  epoch                       : 686 / 1,000
  frames                      : 112,394,240


Policy 0: saving next best rewards:  [-18.98]
=> saving checkpoint 'runs/mg_D_seed2801/nn/mg_D_seed2801.pth'

Timing:
  Play time               : 13.338 s
  Update time             : 0.961 s
  Time to train epoch     : 14.299 s


Statistics:
  fps step                    : 12,826
  fps step + policy inference : 12,283
  fps total                   : 11,458
  epoch                       : 687 / 1,000
  frames                      : 112,558,080


Policy 0: 
Timing:
  Play time               : 13.344 s
  Update time             : 0.961 s
  Time to train epoch     : 14.306 s


Statistics:
  fps step                    : 12,831
  fps step + policy inference : 12,278
  fps total                   : 11,453
  epoch                       : 688 / 1,000
  frames                      : 112,721,920


Policy 0: 
Timing:
  Play time               : 13.352 s
  Update time             : 0.961 s
  Time to train epoch     : 14.313 s


Statistics:
  fps step                    : 12,817
  fps step + policy inference : 12,271
  fps total                   : 11,447
  epoch                       : 689 / 1,000
  frames                      : 112,885,760


Policy 0: 
Timing:
  Play time               : 13.310 s
  Update time             : 0.957 s
  Time to train epoch     : 14.266 s


Statistics:
  fps step                    : 12,863
  fps step + policy inference : 12,310
  fps total                   : 11,484
  epoch                       : 690 / 1,000
  frames                      : 113,049,600


Policy 0: 
Timing:
  Play time               : 13.319 s
  Update time             : 0.963 s
  Time to train epoch     : 14.282 s


Statistics:
  fps step                    : 12,845
  fps step + policy inference : 12,302
  fps total                   : 11,472
  epoch                       : 691 / 1,000
  frames                      : 113,213,440


Policy 0: 
Timing:
  Play time               : 13.406 s
  Update time             : 1.035 s
  Time to train epoch     : 14.441 s


Statistics:
  fps step                    : 12,763
  fps step + policy inference : 12,222
  fps total                   : 11,345
  epoch                       : 692 / 1,000
  frames                      : 113,377,280


Policy 0: 
Timing:
  Play time               : 13.346 s
  Update time             : 1.031 s
  Time to train epoch     : 14.377 s


Statistics:
  fps step                    : 12,818
  fps step + policy inference : 12,276
  fps total                   : 11,396
  epoch                       : 693 / 1,000
  frames                      : 113,541,120


Policy 0: 
Timing:
  Play time               : 13.366 s
  Update time             : 1.040 s
  Time to train epoch     : 14.406 s


Statistics:
  fps step                    : 12,804
  fps step + policy inference : 12,258
  fps total                   : 11,373
  epoch                       : 694 / 1,000
  frames                      : 113,704,960


Policy 0: 
Timing:
  Play time               : 13.345 s
  Update time             : 1.050 s
  Time to train epoch     : 14.395 s


Statistics:
  fps step                    : 12,824
  fps step + policy inference : 12,277
  fps total                   : 11,382
  epoch                       : 695 / 1,000
  frames                      : 113,868,800


Policy 0: 
Timing:
  Play time               : 13.363 s
  Update time             : 0.980 s
  Time to train epoch     : 14.343 s


Statistics:
  fps step                    : 12,807
  fps step + policy inference : 12,260
  fps total                   : 11,423
  epoch                       : 696 / 1,000
  frames                      : 114,032,640


Policy 0: 
Timing:
  Play time               : 13.315 s
  Update time             : 0.991 s
  Time to train epoch     : 14.305 s


Statistics:
  fps step                    : 12,853
  fps step + policy inference : 12,305
  fps total                   : 11,453
  epoch                       : 697 / 1,000
  frames                      : 114,196,480


Policy 0: 
Timing:
  Play time               : 13.431 s
  Update time             : 0.963 s
  Time to train epoch     : 14.394 s


Statistics:
  fps step                    : 12,737
  fps step + policy inference : 12,198
  fps total                   : 11,382
  epoch                       : 698 / 1,000
  frames                      : 114,360,320


Policy 0: 
Timing:
  Play time               : 13.508 s
  Update time             : 0.961 s
  Time to train epoch     : 14.469 s


Statistics:
  fps step                    : 12,659
  fps step + policy inference : 12,129
  fps total                   : 11,324
  epoch                       : 699 / 1,000
  frames                      : 114,524,160


Policy 0: 
Timing:
  Play time               : 13.708 s
  Update time             : 0.962 s
  Time to train epoch     : 14.670 s


Statistics:
  fps step                    : 12,466
  fps step + policy inference : 11,952
  fps total                   : 11,168
  epoch                       : 700 / 1,000
  frames                      : 114,688,000


Policy 0: 
Timing:
  Play time               : 13.629 s
  Update time             : 0.961 s
  Time to train epoch     : 14.590 s


Statistics:
  fps step                    : 12,544
  fps step + policy inference : 12,022
  fps total                   : 11,230
  epoch                       : 701 / 1,000
  frames                      : 114,851,840


Policy 0: saving next best rewards:  [-18.63]
=> saving checkpoint 'runs/mg_D_seed2801/nn/mg_D_seed2801.pth'

Timing:
  Play time               : 13.443 s
  Update time             : 0.989 s
  Time to train epoch     : 14.432 s


Statistics:
  fps step                    : 12,728
  fps step + policy inference : 12,188
  fps total                   : 11,353
  epoch                       : 702 / 1,000
  frames                      : 115,015,680


Policy 0: 
Timing:
  Play time               : 13.385 s
  Update time             : 0.960 s
  Time to train epoch     : 14.345 s


Statistics:
  fps step                    : 12,780
  fps step + policy inference : 12,240
  fps total                   : 11,421
  epoch                       : 703 / 1,000
  frames                      : 115,179,520


Policy 0: 
Timing:
  Play time               : 13.346 s
  Update time             : 0.971 s
  Time to train epoch     : 14.317 s


Statistics:
  fps step                    : 12,822
  fps step + policy inference : 12,276
  fps total                   : 11,443
  epoch                       : 704 / 1,000
  frames                      : 115,343,360


Policy 0: saving next best rewards:  [-18.56]
=> saving checkpoint 'runs/mg_D_seed2801/nn/mg_D_seed2801.pth'

Timing:
  Play time               : 13.338 s
  Update time             : 0.978 s
  Time to train epoch     : 14.317 s


Statistics:
  fps step                    : 12,823
  fps step + policy inference : 12,283
  fps total                   : 11,444
  epoch                       : 705 / 1,000
  frames                      : 115,507,200


Policy 0: 
Timing:
  Play time               : 13.428 s
  Update time             : 0.994 s
  Time to train epoch     : 14.423 s


Statistics:
  fps step                    : 12,740
  fps step + policy inference : 12,201
  fps total                   : 11,360
  epoch                       : 706 / 1,000
  frames                      : 115,671,040


Policy 0: 
Timing:
  Play time               : 13.355 s
  Update time             : 1.048 s
  Time to train epoch     : 14.403 s


Statistics:
  fps step                    : 12,816
  fps step + policy inference : 12,268
  fps total                   : 11,376
  epoch                       : 707 / 1,000
  frames                      : 115,834,880


Policy 0: 
Timing:
  Play time               : 13.422 s
  Update time             : 1.049 s
  Time to train epoch     : 14.470 s


Statistics:
  fps step                    : 12,752
  fps step + policy inference : 12,207
  fps total                   : 11,323
  epoch                       : 708 / 1,000
  frames                      : 115,998,720


Policy 0: 
Timing:
  Play time               : 13.430 s
  Update time             : 1.023 s
  Time to train epoch     : 14.453 s


Statistics:
  fps step                    : 12,738
  fps step + policy inference : 12,200
  fps total                   : 11,336
  epoch                       : 709 / 1,000
  frames                      : 116,162,560


Policy 0: 
Timing:
  Play time               : 13.468 s
  Update time             : 0.989 s
  Time to train epoch     : 14.457 s


Statistics:
  fps step                    : 12,704
  fps step + policy inference : 12,165
  fps total                   : 11,333
  epoch                       : 710 / 1,000
  frames                      : 116,326,400


Policy 0: 
Timing:
  Play time               : 13.442 s
  Update time             : 0.976 s
  Time to train epoch     : 14.418 s


Statistics:
  fps step                    : 12,731
  fps step + policy inference : 12,189
  fps total                   : 11,364
  epoch                       : 711 / 1,000
  frames                      : 116,490,240


Policy 0: 
Timing:
  Play time               : 13.425 s
  Update time             : 0.980 s
  Time to train epoch     : 14.405 s


Statistics:
  fps step                    : 12,747
  fps step + policy inference : 12,204
  fps total                   : 11,374
  epoch                       : 712 / 1,000
  frames                      : 116,654,080


Policy 0: 
Timing:
  Play time               : 13.395 s
  Update time             : 0.962 s
  Time to train epoch     : 14.357 s


Statistics:
  fps step                    : 12,776
  fps step + policy inference : 12,231
  fps total                   : 11,411
  epoch                       : 713 / 1,000
  frames                      : 116,817,920


Policy 0: 
Timing:
  Play time               : 13.388 s
  Update time             : 0.963 s
  Time to train epoch     : 14.351 s


Statistics:
  fps step                    : 12,790
  fps step + policy inference : 12,238
  fps total                   : 11,416
  epoch                       : 714 / 1,000
  frames                      : 116,981,760


Policy 0: 
Timing:
  Play time               : 13.453 s
  Update time             : 0.965 s
  Time to train epoch     : 14.418 s


Statistics:
  fps step                    : 12,720
  fps step + policy inference : 12,178
  fps total                   : 11,364
  epoch                       : 715 / 1,000
  frames                      : 117,145,600


Policy 0: 
Timing:
  Play time               : 13.426 s
  Update time             : 0.965 s
  Time to train epoch     : 14.391 s


Statistics:
  fps step                    : 12,744
  fps step + policy inference : 12,203
  fps total                   : 11,385
  epoch                       : 716 / 1,000
  frames                      : 117,309,440


Policy 0: 
Timing:
  Play time               : 13.390 s
  Update time             : 0.964 s
  Time to train epoch     : 14.354 s


Statistics:
  fps step                    : 12,781
  fps step + policy inference : 12,236
  fps total                   : 11,414
  epoch                       : 717 / 1,000
  frames                      : 117,473,280


Policy 0: 
Timing:
  Play time               : 13.433 s
  Update time             : 0.972 s
  Time to train epoch     : 14.406 s


Statistics:
  fps step                    : 12,742
  fps step + policy inference : 12,196
  fps total                   : 11,373
  epoch                       : 718 / 1,000
  frames                      : 117,637,120


Policy 0: saving next best rewards:  [-18.54]
=> saving checkpoint 'runs/mg_D_seed2801/nn/mg_D_seed2801.pth'

Timing:
  Play time               : 13.446 s
  Update time             : 1.042 s
  Time to train epoch     : 14.488 s


Statistics:
  fps step                    : 12,722
  fps step + policy inference : 12,185
  fps total                   : 11,309
  epoch                       : 719 / 1,000
  frames                      : 117,800,960


Policy 0: saving next best rewards:  [-18.4]
=> saving checkpoint 'runs/mg_D_seed2801/nn/mg_D_seed2801.pth'

Timing:
  Play time               : 13.363 s
  Update time             : 1.054 s
  Time to train epoch     : 14.417 s


Statistics:
  fps step                    : 12,804
  fps step + policy inference : 12,261
  fps total                   : 11,365
  epoch                       : 720 / 1,000
  frames                      : 117,964,800


Policy 0: 
Timing:
  Play time               : 13.375 s
  Update time             : 1.021 s
  Time to train epoch     : 14.396 s


Statistics:
  fps step                    : 12,793
  fps step + policy inference : 12,250
  fps total                   : 11,381
  epoch                       : 721 / 1,000
  frames                      : 118,128,640


Policy 0: 
Timing:
  Play time               : 13.389 s
  Update time             : 1.009 s
  Time to train epoch     : 14.398 s


Statistics:
  fps step                    : 12,781
  fps step + policy inference : 12,237
  fps total                   : 11,379
  epoch                       : 722 / 1,000
  frames                      : 118,292,480


Policy 0: 
Timing:
  Play time               : 13.362 s
  Update time             : 1.030 s
  Time to train epoch     : 14.392 s


Statistics:
  fps step                    : 12,807
  fps step + policy inference : 12,262
  fps total                   : 11,384
  epoch                       : 723 / 1,000
  frames                      : 118,456,320


Policy 0: 
Timing:
  Play time               : 13.371 s
  Update time             : 0.970 s
  Time to train epoch     : 14.341 s


Statistics:
  fps step                    : 12,794
  fps step + policy inference : 12,253
  fps total                   : 11,425
  epoch                       : 724 / 1,000
  frames                      : 118,620,160


Policy 0: 
Timing:
  Play time               : 13.428 s
  Update time             : 0.964 s
  Time to train epoch     : 14.392 s


Statistics:
  fps step                    : 12,737
  fps step + policy inference : 12,201
  fps total                   : 11,384
  epoch                       : 725 / 1,000
  frames                      : 118,784,000


Policy 0: 
Timing:
  Play time               : 13.490 s
  Update time             : 0.984 s
  Time to train epoch     : 14.475 s


Statistics:
  fps step                    : 12,678
  fps step + policy inference : 12,145
  fps total                   : 11,319
  epoch                       : 726 / 1,000
  frames                      : 118,947,840


Policy 0: saving next best rewards:  [-18.04]
=> saving checkpoint 'runs/mg_D_seed2801/nn/mg_D_seed2801.pth'

Timing:
  Play time               : 13.371 s
  Update time             : 0.978 s
  Time to train epoch     : 14.349 s


Statistics:
  fps step                    : 12,796
  fps step + policy inference : 12,253
  fps total                   : 11,418
  epoch                       : 727 / 1,000
  frames                      : 119,111,680


Policy 0: saving next best rewards:  [-17.85]
=> saving checkpoint 'runs/mg_D_seed2801/nn/mg_D_seed2801.pth'

Timing:
  Play time               : 13.483 s
  Update time             : 0.956 s
  Time to train epoch     : 14.439 s


Statistics:
  fps step                    : 12,689
  fps step + policy inference : 12,152
  fps total                   : 11,347
  epoch                       : 728 / 1,000
  frames                      : 119,275,520


Policy 0: 
Timing:
  Play time               : 13.453 s
  Update time             : 0.961 s
  Time to train epoch     : 14.414 s


Statistics:
  fps step                    : 12,713
  fps step + policy inference : 12,178
  fps total                   : 11,367
  epoch                       : 729 / 1,000
  frames                      : 119,439,360


Policy 0: 
Timing:
  Play time               : 13.401 s
  Update time             : 0.962 s
  Time to train epoch     : 14.363 s


Statistics:
  fps step                    : 12,762
  fps step + policy inference : 12,226
  fps total                   : 11,407
  epoch                       : 730 / 1,000
  frames                      : 119,603,200


Policy 0: 
Timing:
  Play time               : 13.530 s
  Update time             : 0.964 s
  Time to train epoch     : 14.493 s


Statistics:
  fps step                    : 12,638
  fps step + policy inference : 12,110
  fps total                   : 11,305
  epoch                       : 731 / 1,000
  frames                      : 119,767,040


Policy 0: 
Timing:
  Play time               : 13.397 s
  Update time             : 0.969 s
  Time to train epoch     : 14.365 s


Statistics:
  fps step                    : 12,768
  fps step + policy inference : 12,230
  fps total                   : 11,405
  epoch                       : 732 / 1,000
  frames                      : 119,930,880


Policy 0: 
Timing:
  Play time               : 13.441 s
  Update time             : 1.009 s
  Time to train epoch     : 14.450 s


Statistics:
  fps step                    : 12,726
  fps step + policy inference : 12,189
  fps total                   : 11,338
  epoch                       : 733 / 1,000
  frames                      : 120,094,720


Policy 0: 
Timing:
  Play time               : 13.368 s
  Update time             : 1.014 s
  Time to train epoch     : 14.382 s


Statistics:
  fps step                    : 12,794
  fps step + policy inference : 12,256
  fps total                   : 11,392
  epoch                       : 734 / 1,000
  frames                      : 120,258,560


Policy 0: 
Timing:
  Play time               : 13.528 s
  Update time             : 1.047 s
  Time to train epoch     : 14.574 s


Statistics:
  fps step                    : 12,640
  fps step + policy inference : 12,111
  fps total                   : 11,242
  epoch                       : 735 / 1,000
  frames                      : 120,422,400


Policy 0: 
Timing:
  Play time               : 13.398 s
  Update time             : 0.985 s
  Time to train epoch     : 14.383 s


Statistics:
  fps step                    : 12,769
  fps step + policy inference : 12,229
  fps total                   : 11,391
  epoch                       : 736 / 1,000
  frames                      : 120,586,240


Policy 0: saving next best rewards:  [-17.78]
=> saving checkpoint 'runs/mg_D_seed2801/nn/mg_D_seed2801.pth'

Timing:
  Play time               : 13.343 s
  Update time             : 0.999 s
  Time to train epoch     : 14.342 s


Statistics:
  fps step                    : 12,826
  fps step + policy inference : 12,280
  fps total                   : 11,424
  epoch                       : 737 / 1,000
  frames                      : 120,750,080


Policy 0: 
Timing:
  Play time               : 13.428 s
  Update time             : 1.050 s
  Time to train epoch     : 14.478 s


Statistics:
  fps step                    : 12,738
  fps step + policy inference : 12,201
  fps total                   : 11,316
  epoch                       : 738 / 1,000
  frames                      : 120,913,920


Policy 0: 
Timing:
  Play time               : 13.392 s
  Update time             : 0.978 s
  Time to train epoch     : 14.370 s


Statistics:
  fps step                    : 12,775
  fps step + policy inference : 12,234
  fps total                   : 11,402
  epoch                       : 739 / 1,000
  frames                      : 121,077,760


Policy 0: 
Timing:
  Play time               : 13.344 s
  Update time             : 0.970 s
  Time to train epoch     : 14.314 s


Statistics:
  fps step                    : 12,824
  fps step + policy inference : 12,278
  fps total                   : 11,446
  epoch                       : 740 / 1,000
  frames                      : 121,241,600


Policy 0: 
Timing:
  Play time               : 13.381 s
  Update time             : 0.993 s
  Time to train epoch     : 14.374 s


Statistics:
  fps step                    : 12,780
  fps step + policy inference : 12,244
  fps total                   : 11,398
  epoch                       : 741 / 1,000
  frames                      : 121,405,440


Policy 0: 
Timing:
  Play time               : 13.338 s
  Update time             : 0.974 s
  Time to train epoch     : 14.313 s


Statistics:
  fps step                    : 12,825
  fps step + policy inference : 12,283
  fps total                   : 11,447
  epoch                       : 742 / 1,000
  frames                      : 121,569,280


Policy 0: 
Timing:
  Play time               : 13.433 s
  Update time             : 0.985 s
  Time to train epoch     : 14.418 s


Statistics:
  fps step                    : 12,732
  fps step + policy inference : 12,197
  fps total                   : 11,364
  epoch                       : 743 / 1,000
  frames                      : 121,733,120


Policy 0: 
Timing:
  Play time               : 13.599 s
  Update time             : 0.965 s
  Time to train epoch     : 14.565 s


Statistics:
  fps step                    : 12,572
  fps step + policy inference : 12,048
  fps total                   : 11,249
  epoch                       : 744 / 1,000
  frames                      : 121,896,960


Policy 0: saving next best rewards:  [-17.67]
=> saving checkpoint 'runs/mg_D_seed2801/nn/mg_D_seed2801.pth'

Timing:
  Play time               : 13.464 s
  Update time             : 0.979 s
  Time to train epoch     : 14.442 s


Statistics:
  fps step                    : 12,706
  fps step + policy inference : 12,169
  fps total                   : 11,345
  epoch                       : 745 / 1,000
  frames                      : 122,060,800


Policy 0: 
Timing:
  Play time               : 13.334 s
  Update time             : 1.023 s
  Time to train epoch     : 14.357 s


Statistics:
  fps step                    : 12,836
  fps step + policy inference : 12,287
  fps total                   : 11,412
  epoch                       : 746 / 1,000
  frames                      : 122,224,640


Policy 0: 
Timing:
  Play time               : 13.362 s
  Update time             : 1.075 s
  Time to train epoch     : 14.437 s


Statistics:
  fps step                    : 12,801
  fps step + policy inference : 12,261
  fps total                   : 11,348
  epoch                       : 747 / 1,000
  frames                      : 122,388,480


Policy 0: 
Timing:
  Play time               : 13.415 s
  Update time             : 1.080 s
  Time to train epoch     : 14.495 s


Statistics:
  fps step                    : 12,756
  fps step + policy inference : 12,213
  fps total                   : 11,303
  epoch                       : 748 / 1,000
  frames                      : 122,552,320


Policy 0: 
Timing:
  Play time               : 13.401 s
  Update time             : 1.024 s
  Time to train epoch     : 14.425 s


Statistics:
  fps step                    : 12,767
  fps step + policy inference : 12,226
  fps total                   : 11,358
  epoch                       : 749 / 1,000
  frames                      : 122,716,160


Policy 0: 
Timing:
  Play time               : 13.395 s
  Update time             : 0.963 s
  Time to train epoch     : 14.358 s


Statistics:
  fps step                    : 12,778
  fps step + policy inference : 12,231
  fps total                   : 11,411
  epoch                       : 750 / 1,000
  frames                      : 122,880,000


Policy 0: Saved recovery checkpoint runs/mg_D_seed2801/checkpoints/epoch_000750.pth; evaluation_due=False

Timing:
  Play time               : 13.367 s
  Update time             : 0.985 s
  Time to train epoch     : 14.352 s


Statistics:
  fps step                    : 12,801
  fps step + policy inference : 12,257
  fps total                   : 11,416
  epoch                       : 751 / 1,000
  frames                      : 123,043,840


Policy 0: 
Timing:
  Play time               : 13.410 s
  Update time             : 0.966 s
  Time to train epoch     : 14.376 s


Statistics:
  fps step                    : 12,764
  fps step + policy inference : 12,218
  fps total                   : 11,397
  epoch                       : 752 / 1,000
  frames                      : 123,207,680


Policy 0: 
Timing:
  Play time               : 13.378 s
  Update time             : 0.972 s
  Time to train epoch     : 14.349 s


Statistics:
  fps step                    : 12,785
  fps step + policy inference : 12,247
  fps total                   : 11,418
  epoch                       : 753 / 1,000
  frames                      : 123,371,520


Policy 0: saving next best rewards:  [-17.65]
=> saving checkpoint 'runs/mg_D_seed2801/nn/mg_D_seed2801.pth'

Timing:
  Play time               : 13.468 s
  Update time             : 0.968 s
  Time to train epoch     : 14.436 s


Statistics:
  fps step                    : 12,700
  fps step + policy inference : 12,165
  fps total                   : 11,350
  epoch                       : 754 / 1,000
  frames                      : 123,535,360


Policy 0: saving next best rewards:  [-17.25]
=> saving checkpoint 'runs/mg_D_seed2801/nn/mg_D_seed2801.pth'

Timing:
  Play time               : 13.459 s
  Update time             : 0.970 s
  Time to train epoch     : 14.429 s


Statistics:
  fps step                    : 12,718
  fps step + policy inference : 12,174
  fps total                   : 11,355
  epoch                       : 755 / 1,000
  frames                      : 123,699,200


Policy 0: 
Timing:
  Play time               : 13.345 s
  Update time             : 0.964 s
  Time to train epoch     : 14.309 s


Statistics:
  fps step                    : 12,818
  fps step + policy inference : 12,277
  fps total                   : 11,450
  epoch                       : 756 / 1,000
  frames                      : 123,863,040


Policy 0: 
Timing:
  Play time               : 13.342 s
  Update time             : 0.971 s
  Time to train epoch     : 14.314 s


Statistics:
  fps step                    : 12,826
  fps step + policy inference : 12,280
  fps total                   : 11,446
  epoch                       : 757 / 1,000
  frames                      : 124,026,880


Policy 0: 
Timing:
  Play time               : 13.359 s
  Update time             : 1.031 s
  Time to train epoch     : 14.390 s


Statistics:
  fps step                    : 12,808
  fps step + policy inference : 12,265
  fps total                   : 11,386
  epoch                       : 758 / 1,000
  frames                      : 124,190,720


Policy 0: 
Timing:
  Play time               : 13.344 s
  Update time             : 1.057 s
  Time to train epoch     : 14.402 s


Statistics:
  fps step                    : 12,820
  fps step + policy inference : 12,278
  fps total                   : 11,376
  epoch                       : 759 / 1,000
  frames                      : 124,354,560


Policy 0: 
Timing:
  Play time               : 13.377 s
  Update time             : 1.039 s
  Time to train epoch     : 14.416 s


Statistics:
  fps step                    : 12,791
  fps step + policy inference : 12,248
  fps total                   : 11,365
  epoch                       : 760 / 1,000
  frames                      : 124,518,400


Policy 0: 
Timing:
  Play time               : 13.709 s
  Update time             : 1.060 s
  Time to train epoch     : 14.769 s


Statistics:
  fps step                    : 12,467
  fps step + policy inference : 11,951
  fps total                   : 11,093
  epoch                       : 761 / 1,000
  frames                      : 124,682,240


Policy 0: 
Timing:
  Play time               : 13.474 s
  Update time             : 0.991 s
  Time to train epoch     : 14.465 s


Statistics:
  fps step                    : 12,694
  fps step + policy inference : 12,160
  fps total                   : 11,327
  epoch                       : 762 / 1,000
  frames                      : 124,846,080


Policy 0: 
Timing:
  Play time               : 13.356 s
  Update time             : 0.976 s
  Time to train epoch     : 14.332 s


Statistics:
  fps step                    : 12,806
  fps step + policy inference : 12,267
  fps total                   : 11,432
  epoch                       : 763 / 1,000
  frames                      : 125,009,920


Policy 0: 
Timing:
  Play time               : 13.429 s
  Update time             : 0.960 s
  Time to train epoch     : 14.389 s


Statistics:
  fps step                    : 12,738
  fps step + policy inference : 12,201
  fps total                   : 11,387
  epoch                       : 764 / 1,000
  frames                      : 125,173,760


Policy 0: 
Timing:
  Play time               : 13.432 s
  Update time             : 0.979 s
  Time to train epoch     : 14.411 s


Statistics:
  fps step                    : 12,729
  fps step + policy inference : 12,198
  fps total                   : 11,369
  epoch                       : 765 / 1,000
  frames                      : 125,337,600


Policy 0: 
Timing:
  Play time               : 13.412 s
  Update time             : 0.973 s
  Time to train epoch     : 14.386 s


Statistics:
  fps step                    : 12,750
  fps step + policy inference : 12,216
  fps total                   : 11,389
  epoch                       : 766 / 1,000
  frames                      : 125,501,440


Policy 0: 
Timing:
  Play time               : 13.530 s
  Update time             : 0.966 s
  Time to train epoch     : 14.496 s


Statistics:
  fps step                    : 12,636
  fps step + policy inference : 12,109
  fps total                   : 11,302
  epoch                       : 767 / 1,000
  frames                      : 125,665,280


Policy 0: saving next best rewards:  [-16.87]
=> saving checkpoint 'runs/mg_D_seed2801/nn/mg_D_seed2801.pth'

Timing:
  Play time               : 13.333 s
  Update time             : 0.997 s
  Time to train epoch     : 14.330 s


Statistics:
  fps step                    : 12,826
  fps step + policy inference : 12,288
  fps total                   : 11,434
  epoch                       : 768 / 1,000
  frames                      : 125,829,120


Policy 0: 
Timing:
  Play time               : 13.411 s
  Update time             : 0.983 s
  Time to train epoch     : 14.394 s


Statistics:
  fps step                    : 12,751
  fps step + policy inference : 12,217
  fps total                   : 11,383
  epoch                       : 769 / 1,000
  frames                      : 125,992,960


Policy 0: 
Timing:
  Play time               : 13.369 s
  Update time             : 1.006 s
  Time to train epoch     : 14.375 s


Statistics:
  fps step                    : 12,794
  fps step + policy inference : 12,256
  fps total                   : 11,398
  epoch                       : 770 / 1,000
  frames                      : 126,156,800


Policy 0: 
Timing:
  Play time               : 13.425 s
  Update time             : 1.035 s
  Time to train epoch     : 14.459 s


Statistics:
  fps step                    : 12,735
  fps step + policy inference : 12,204
  fps total                   : 11,331
  epoch                       : 771 / 1,000
  frames                      : 126,320,640


Policy 0: 
Timing:
  Play time               : 13.532 s
  Update time             : 1.050 s
  Time to train epoch     : 14.581 s


Statistics:
  fps step                    : 12,632
  fps step + policy inference : 12,108
  fps total                   : 11,236
  epoch                       : 772 / 1,000
  frames                      : 126,484,480


Policy 0: 
Timing:
  Play time               : 13.264 s
  Update time             : 1.044 s
  Time to train epoch     : 14.308 s


Statistics:
  fps step                    : 12,887
  fps step + policy inference : 12,352
  fps total                   : 11,451
  epoch                       : 773 / 1,000
  frames                      : 126,648,320


Policy 0: 
Timing:
  Play time               : 13.392 s
  Update time             : 0.994 s
  Time to train epoch     : 14.386 s


Statistics:
  fps step                    : 12,764
  fps step + policy inference : 12,234
  fps total                   : 11,389
  epoch                       : 774 / 1,000
  frames                      : 126,812,160


Policy 0: 
Timing:
  Play time               : 13.344 s
  Update time             : 0.968 s
  Time to train epoch     : 14.313 s


Statistics:
  fps step                    : 12,808
  fps step + policy inference : 12,278
  fps total                   : 11,447
  epoch                       : 775 / 1,000
  frames                      : 126,976,000


Policy 0: 
Timing:
  Play time               : 13.261 s
  Update time             : 0.960 s
  Time to train epoch     : 14.220 s


Statistics:
  fps step                    : 12,894
  fps step + policy inference : 12,355
  fps total                   : 11,522
  epoch                       : 776 / 1,000
  frames                      : 127,139,840


Policy 0: 
Timing:
  Play time               : 13.302 s
  Update time             : 0.962 s
  Time to train epoch     : 14.264 s


Statistics:
  fps step                    : 12,856
  fps step + policy inference : 12,317
  fps total                   : 11,486
  epoch                       : 777 / 1,000
  frames                      : 127,303,680


Policy 0: 
Timing:
  Play time               : 13.304 s
  Update time             : 0.958 s
  Time to train epoch     : 14.262 s


Statistics:
  fps step                    : 12,849
  fps step + policy inference : 12,315
  fps total                   : 11,488
  epoch                       : 778 / 1,000
  frames                      : 127,467,520


Policy 0: 
Timing:
  Play time               : 13.367 s
  Update time             : 0.992 s
  Time to train epoch     : 14.359 s


Statistics:
  fps step                    : 12,788
  fps step + policy inference : 12,257
  fps total                   : 11,410
  epoch                       : 779 / 1,000
  frames                      : 127,631,360


Policy 0: 
Timing:
  Play time               : 13.378 s
  Update time             : 0.960 s
  Time to train epoch     : 14.338 s


Statistics:
  fps step                    : 12,778
  fps step + policy inference : 12,247
  fps total                   : 11,427
  epoch                       : 780 / 1,000
  frames                      : 127,795,200


Policy 0: 
Timing:
  Play time               : 13.380 s
  Update time             : 0.959 s
  Time to train epoch     : 14.339 s


Statistics:
  fps step                    : 12,776
  fps step + policy inference : 12,245
  fps total                   : 11,426
  epoch                       : 781 / 1,000
  frames                      : 127,959,040


Policy 0: 
Timing:
  Play time               : 13.258 s
  Update time             : 1.004 s
  Time to train epoch     : 14.262 s


Statistics:
  fps step                    : 12,901
  fps step + policy inference : 12,357
  fps total                   : 11,487
  epoch                       : 782 / 1,000
  frames                      : 128,122,880


Policy 0: 
Timing:
  Play time               : 13.281 s
  Update time             : 0.998 s
  Time to train epoch     : 14.279 s


Statistics:
  fps step                    : 12,875
  fps step + policy inference : 12,337
  fps total                   : 11,474
  epoch                       : 783 / 1,000
  frames                      : 128,286,720


Policy 0: 
Timing:
  Play time               : 13.289 s
  Update time             : 1.018 s
  Time to train epoch     : 14.307 s


Statistics:
  fps step                    : 12,861
  fps step + policy inference : 12,329
  fps total                   : 11,452
  epoch                       : 784 / 1,000
  frames                      : 128,450,560


Policy 0: saving next best rewards:  [-16.71]
=> saving checkpoint 'runs/mg_D_seed2801/nn/mg_D_seed2801.pth'

Timing:
  Play time               : 13.275 s
  Update time             : 1.029 s
  Time to train epoch     : 14.304 s


Statistics:
  fps step                    : 12,877
  fps step + policy inference : 12,342
  fps total                   : 11,454
  epoch                       : 785 / 1,000
  frames                      : 128,614,400


Policy 0: 
Timing:
  Play time               : 13.207 s
  Update time             : 1.016 s
  Time to train epoch     : 14.223 s


Statistics:
  fps step                    : 12,942
  fps step + policy inference : 12,405
  fps total                   : 11,519
  epoch                       : 786 / 1,000
  frames                      : 128,778,240


Policy 0: saving next best rewards:  [-16.35]
=> saving checkpoint 'runs/mg_D_seed2801/nn/mg_D_seed2801.pth'

Timing:
  Play time               : 13.245 s
  Update time             : 1.012 s
  Time to train epoch     : 14.257 s


Statistics:
  fps step                    : 12,907
  fps step + policy inference : 12,370
  fps total                   : 11,492
  epoch                       : 787 / 1,000
  frames                      : 128,942,080


Policy 0: saving next best rewards:  [-16.35]
=> saving checkpoint 'runs/mg_D_seed2801/nn/mg_D_seed2801.pth'

Timing:
  Play time               : 13.328 s
  Update time             : 0.960 s
  Time to train epoch     : 14.288 s


Statistics:
  fps step                    : 12,825
  fps step + policy inference : 12,293
  fps total                   : 11,467
  epoch                       : 788 / 1,000
  frames                      : 129,105,920


Policy 0: 
Timing:
  Play time               : 13.261 s
  Update time             : 0.962 s
  Time to train epoch     : 14.223 s


Statistics:
  fps step                    : 12,888
  fps step + policy inference : 12,355
  fps total                   : 11,519
  epoch                       : 789 / 1,000
  frames                      : 129,269,760


Policy 0: 
Timing:
  Play time               : 13.297 s
  Update time             : 0.961 s
  Time to train epoch     : 14.258 s


Statistics:
  fps step                    : 12,853
  fps step + policy inference : 12,322
  fps total                   : 11,491
  epoch                       : 790 / 1,000
  frames                      : 129,433,600


Policy 0: saving next best rewards:  [-16.23]
=> saving checkpoint 'runs/mg_D_seed2801/nn/mg_D_seed2801.pth'

Timing:
  Play time               : 13.246 s
  Update time             : 0.962 s
  Time to train epoch     : 14.207 s


Statistics:
  fps step                    : 12,909
  fps step + policy inference : 12,369
  fps total                   : 11,532
  epoch                       : 791 / 1,000
  frames                      : 129,597,440


Policy 0: 
Timing:
  Play time               : 13.255 s
  Update time             : 0.958 s
  Time to train epoch     : 14.213 s


Statistics:
  fps step                    : 12,896
  fps step + policy inference : 12,361
  fps total                   : 11,527
  epoch                       : 792 / 1,000
  frames                      : 129,761,280


Policy 0: 
Timing:
  Play time               : 13.251 s
  Update time             : 0.958 s
  Time to train epoch     : 14.209 s


Statistics:
  fps step                    : 12,900
  fps step + policy inference : 12,364
  fps total                   : 11,531
  epoch                       : 793 / 1,000
  frames                      : 129,925,120


Policy 0: 
Timing:
  Play time               : 13.251 s
  Update time             : 0.958 s
  Time to train epoch     : 14.210 s


Statistics:
  fps step                    : 12,904
  fps step + policy inference : 12,364
  fps total                   : 11,530
  epoch                       : 794 / 1,000
  frames                      : 130,088,960


Policy 0: 
Timing:
  Play time               : 13.292 s
  Update time             : 0.959 s
  Time to train epoch     : 14.250 s


Statistics:
  fps step                    : 12,861
  fps step + policy inference : 12,327
  fps total                   : 11,497
  epoch                       : 795 / 1,000
  frames                      : 130,252,800


Policy 0: 
Timing:
  Play time               : 13.253 s
  Update time             : 0.963 s
  Time to train epoch     : 14.217 s


Statistics:
  fps step                    : 12,895
  fps step + policy inference : 12,362
  fps total                   : 11,525
  epoch                       : 796 / 1,000
  frames                      : 130,416,640


Policy 0: 
Timing:
  Play time               : 13.325 s
  Update time             : 0.986 s
  Time to train epoch     : 14.311 s


Statistics:
  fps step                    : 12,827
  fps step + policy inference : 12,296
  fps total                   : 11,449
  epoch                       : 797 / 1,000
  frames                      : 130,580,480


Policy 0: 
Timing:
  Play time               : 13.242 s
  Update time             : 1.035 s
  Time to train epoch     : 14.277 s


Statistics:
  fps step                    : 12,911
  fps step + policy inference : 12,373
  fps total                   : 11,476
  epoch                       : 798 / 1,000
  frames                      : 130,744,320


Policy 0: 
Timing:
  Play time               : 13.425 s
  Update time             : 1.048 s
  Time to train epoch     : 14.473 s


Statistics:
  fps step                    : 12,735
  fps step + policy inference : 12,204
  fps total                   : 11,321
  epoch                       : 799 / 1,000
  frames                      : 130,908,160


Policy 0: 
Timing:
  Play time               : 13.290 s
  Update time             : 1.031 s
  Time to train epoch     : 14.320 s


Statistics:
  fps step                    : 12,859
  fps step + policy inference : 12,328
  fps total                   : 11,441
  epoch                       : 800 / 1,000
  frames                      : 131,072,000


Policy 0: 
Timing:
  Play time               : 13.351 s
  Update time             : 1.038 s
  Time to train epoch     : 14.389 s


Statistics:
  fps step                    : 12,799
  fps step + policy inference : 12,272
  fps total                   : 11,386
  epoch                       : 801 / 1,000
  frames                      : 131,235,840


Policy 0: 
Timing:
  Play time               : 13.282 s
  Update time             : 0.980 s
  Time to train epoch     : 14.261 s


Statistics:
  fps step                    : 12,869
  fps step + policy inference : 12,336
  fps total                   : 11,488
  epoch                       : 802 / 1,000
  frames                      : 131,399,680


Policy 0: saving next best rewards:  [-16.13]
=> saving checkpoint 'runs/mg_D_seed2801/nn/mg_D_seed2801.pth'

Timing:
  Play time               : 13.262 s
  Update time             : 0.959 s
  Time to train epoch     : 14.221 s


Statistics:
  fps step                    : 12,889
  fps step + policy inference : 12,354
  fps total                   : 11,521
  epoch                       : 803 / 1,000
  frames                      : 131,563,520


Policy 0: 
Timing:
  Play time               : 13.203 s
  Update time             : 0.960 s
  Time to train epoch     : 14.163 s


Statistics:
  fps step                    : 12,947
  fps step + policy inference : 12,409
  fps total                   : 11,568
  epoch                       : 804 / 1,000
  frames                      : 131,727,360


Policy 0: 
Timing:
  Play time               : 13.269 s
  Update time             : 0.964 s
  Time to train epoch     : 14.232 s


Statistics:
  fps step                    : 12,880
  fps step + policy inference : 12,348
  fps total                   : 11,512
  epoch                       : 805 / 1,000
  frames                      : 131,891,200


Policy 0: 
Timing:
  Play time               : 13.302 s
  Update time             : 0.976 s
  Time to train epoch     : 14.278 s


Statistics:
  fps step                    : 12,848
  fps step + policy inference : 12,317
  fps total                   : 11,475
  epoch                       : 806 / 1,000
  frames                      : 132,055,040


Policy 0: saving next best rewards:  [-16.05]
=> saving checkpoint 'runs/mg_D_seed2801/nn/mg_D_seed2801.pth'

Timing:
  Play time               : 13.280 s
  Update time             : 0.960 s
  Time to train epoch     : 14.240 s


Statistics:
  fps step                    : 12,872
  fps step + policy inference : 12,337
  fps total                   : 11,506
  epoch                       : 807 / 1,000
  frames                      : 132,218,880


Policy 0: 
Timing:
  Play time               : 13.392 s
  Update time             : 0.967 s
  Time to train epoch     : 14.360 s


Statistics:
  fps step                    : 12,752
  fps step + policy inference : 12,234
  fps total                   : 11,410
  epoch                       : 808 / 1,000
  frames                      : 132,382,720


Policy 0: 
Timing:
  Play time               : 13.253 s
  Update time             : 1.010 s
  Time to train epoch     : 14.262 s


Statistics:
  fps step                    : 12,896
  fps step + policy inference : 12,363
  fps total                   : 11,488
  epoch                       : 809 / 1,000
  frames                      : 132,546,560


Policy 0: 
Timing:
  Play time               : 13.276 s
  Update time             : 1.018 s
  Time to train epoch     : 14.294 s


Statistics:
  fps step                    : 12,878
  fps step + policy inference : 12,341
  fps total                   : 11,462
  epoch                       : 810 / 1,000
  frames                      : 132,710,400


Policy 0: 
Timing:
  Play time               : 13.239 s
  Update time             : 1.048 s
  Time to train epoch     : 14.287 s


Statistics:
  fps step                    : 12,913
  fps step + policy inference : 12,376
  fps total                   : 11,468
  epoch                       : 811 / 1,000
  frames                      : 132,874,240


Policy 0: 
Timing:
  Play time               : 13.261 s
  Update time             : 1.059 s
  Time to train epoch     : 14.320 s


Statistics:
  fps step                    : 12,888
  fps step + policy inference : 12,355
  fps total                   : 11,441
  epoch                       : 812 / 1,000
  frames                      : 133,038,080


Policy 0: 
Timing:
  Play time               : 13.299 s
  Update time             : 1.014 s
  Time to train epoch     : 14.313 s


Statistics:
  fps step                    : 12,853
  fps step + policy inference : 12,319
  fps total                   : 11,447
  epoch                       : 813 / 1,000
  frames                      : 133,201,920


Policy 0: 
Timing:
  Play time               : 13.257 s
  Update time             : 0.975 s
  Time to train epoch     : 14.231 s


Statistics:
  fps step                    : 12,896
  fps step + policy inference : 12,359
  fps total                   : 11,513
  epoch                       : 814 / 1,000
  frames                      : 133,365,760


Policy 0: 
Timing:
  Play time               : 13.309 s
  Update time             : 0.964 s
  Time to train epoch     : 14.273 s


Statistics:
  fps step                    : 12,839
  fps step + policy inference : 12,310
  fps total                   : 11,479
  epoch                       : 815 / 1,000
  frames                      : 133,529,600


Policy 0: 
Timing:
  Play time               : 13.278 s
  Update time             : 0.964 s
  Time to train epoch     : 14.242 s


Statistics:
  fps step                    : 12,871
  fps step + policy inference : 12,339
  fps total                   : 11,504
  epoch                       : 816 / 1,000
  frames                      : 133,693,440


Policy 0: saving next best rewards:  [-16.01]
=> saving checkpoint 'runs/mg_D_seed2801/nn/mg_D_seed2801.pth'

Timing:
  Play time               : 13.294 s
  Update time             : 1.037 s
  Time to train epoch     : 14.331 s


Statistics:
  fps step                    : 12,861
  fps step + policy inference : 12,324
  fps total                   : 11,433
  epoch                       : 817 / 1,000
  frames                      : 133,857,280


Policy 0: saving next best rewards:  [-15.74]
=> saving checkpoint 'runs/mg_D_seed2801/nn/mg_D_seed2801.pth'

Timing:
  Play time               : 13.264 s
  Update time             : 0.961 s
  Time to train epoch     : 14.224 s


Statistics:
  fps step                    : 12,886
  fps step + policy inference : 12,353
  fps total                   : 11,518
  epoch                       : 818 / 1,000
  frames                      : 134,021,120


Policy 0: saving next best rewards:  [-15.5]
=> saving checkpoint 'runs/mg_D_seed2801/nn/mg_D_seed2801.pth'

Timing:
  Play time               : 13.248 s
  Update time             : 0.962 s
  Time to train epoch     : 14.210 s


Statistics:
  fps step                    : 12,897
  fps step + policy inference : 12,367
  fps total                   : 11,530
  epoch                       : 819 / 1,000
  frames                      : 134,184,960


Policy 0: 
Timing:
  Play time               : 13.267 s
  Update time             : 0.960 s
  Time to train epoch     : 14.228 s


Statistics:
  fps step                    : 12,880
  fps step + policy inference : 12,349
  fps total                   : 11,515
  epoch                       : 820 / 1,000
  frames                      : 134,348,800


Policy 0: 
Timing:
  Play time               : 13.267 s
  Update time             : 0.968 s
  Time to train epoch     : 14.235 s


Statistics:
  fps step                    : 12,882
  fps step + policy inference : 12,349
  fps total                   : 11,510
  epoch                       : 821 / 1,000
  frames                      : 134,512,640


Policy 0: 
Timing:
  Play time               : 13.268 s
  Update time             : 1.036 s
  Time to train epoch     : 14.304 s


Statistics:
  fps step                    : 12,876
  fps step + policy inference : 12,349
  fps total                   : 11,454
  epoch                       : 822 / 1,000
  frames                      : 134,676,480


Policy 0: 
Timing:
  Play time               : 13.251 s
  Update time             : 1.038 s
  Time to train epoch     : 14.289 s


Statistics:
  fps step                    : 12,898
  fps step + policy inference : 12,364
  fps total                   : 11,466
  epoch                       : 823 / 1,000
  frames                      : 134,840,320


Policy 0: 
Timing:
  Play time               : 13.277 s
  Update time             : 1.047 s
  Time to train epoch     : 14.324 s


Statistics:
  fps step                    : 12,873
  fps step + policy inference : 12,341
  fps total                   : 11,438
  epoch                       : 824 / 1,000
  frames                      : 135,004,160


Policy 0: 
Timing:
  Play time               : 13.218 s
  Update time             : 1.071 s
  Time to train epoch     : 14.290 s


Statistics:
  fps step                    : 12,926
  fps step + policy inference : 12,395
  fps total                   : 11,465
  epoch                       : 825 / 1,000
  frames                      : 135,168,000


Policy 0: 
Timing:
  Play time               : 13.255 s
  Update time             : 0.986 s
  Time to train epoch     : 14.241 s


Statistics:
  fps step                    : 12,892
  fps step + policy inference : 12,361
  fps total                   : 11,505
  epoch                       : 826 / 1,000
  frames                      : 135,331,840


Policy 0: 
Timing:
  Play time               : 13.204 s
  Update time             : 0.962 s
  Time to train epoch     : 14.166 s


Statistics:
  fps step                    : 12,934
  fps step + policy inference : 12,408
  fps total                   : 11,566
  epoch                       : 827 / 1,000
  frames                      : 135,495,680


Policy 0: 
Timing:
  Play time               : 13.297 s
  Update time             : 0.983 s
  Time to train epoch     : 14.280 s


Statistics:
  fps step                    : 12,852
  fps step + policy inference : 12,321
  fps total                   : 11,474
  epoch                       : 828 / 1,000
  frames                      : 135,659,520


Policy 0: 
Timing:
  Play time               : 13.243 s
  Update time             : 0.960 s
  Time to train epoch     : 14.203 s


Statistics:
  fps step                    : 12,903
  fps step + policy inference : 12,371
  fps total                   : 11,535
  epoch                       : 829 / 1,000
  frames                      : 135,823,360


Policy 0: 
Timing:
  Play time               : 13.377 s
  Update time             : 0.959 s
  Time to train epoch     : 14.336 s


Statistics:
  fps step                    : 12,767
  fps step + policy inference : 12,248
  fps total                   : 11,429
  epoch                       : 830 / 1,000
  frames                      : 135,987,200


Policy 0: 
Timing:
  Play time               : 13.197 s
  Update time             : 0.962 s
  Time to train epoch     : 14.159 s


Statistics:
  fps step                    : 12,951
  fps step + policy inference : 12,415
  fps total                   : 11,571
  epoch                       : 831 / 1,000
  frames                      : 136,151,040


Policy 0: 
Timing:
  Play time               : 13.215 s
  Update time             : 0.959 s
  Time to train epoch     : 14.175 s


Statistics:
  fps step                    : 12,935
  fps step + policy inference : 12,398
  fps total                   : 11,559
  epoch                       : 832 / 1,000
  frames                      : 136,314,880


Policy 0: 
Timing:
  Play time               : 13.214 s
  Update time             : 0.955 s
  Time to train epoch     : 14.170 s


Statistics:
  fps step                    : 12,926
  fps step + policy inference : 12,399
  fps total                   : 11,563
  epoch                       : 833 / 1,000
  frames                      : 136,478,720


Policy 0: 
Timing:
  Play time               : 13.187 s
  Update time             : 0.976 s
  Time to train epoch     : 14.162 s


Statistics:
  fps step                    : 12,962
  fps step + policy inference : 12,424
  fps total                   : 11,569
  epoch                       : 834 / 1,000
  frames                      : 136,642,560


Policy 0: 
Timing:
  Play time               : 13.252 s
  Update time             : 1.049 s
  Time to train epoch     : 14.301 s


Statistics:
  fps step                    : 12,896
  fps step + policy inference : 12,364
  fps total                   : 11,457
  epoch                       : 835 / 1,000
  frames                      : 136,806,400


Policy 0: 
Timing:
  Play time               : 13.227 s
  Update time             : 1.058 s
  Time to train epoch     : 14.285 s


Statistics:
  fps step                    : 12,923
  fps step + policy inference : 12,387
  fps total                   : 11,469
  epoch                       : 836 / 1,000
  frames                      : 136,970,240


Policy 0: 
Timing:
  Play time               : 13.242 s
  Update time             : 1.067 s
  Time to train epoch     : 14.308 s


Statistics:
  fps step                    : 12,904
  fps step + policy inference : 12,373
  fps total                   : 11,451
  epoch                       : 837 / 1,000
  frames                      : 137,134,080


Policy 0: 
Timing:
  Play time               : 13.272 s
  Update time             : 1.008 s
  Time to train epoch     : 14.281 s


Statistics:
  fps step                    : 12,881
  fps step + policy inference : 12,345
  fps total                   : 11,473
  epoch                       : 838 / 1,000
  frames                      : 137,297,920


Policy 0: 
Timing:
  Play time               : 13.337 s
  Update time             : 0.976 s
  Time to train epoch     : 14.313 s


Statistics:
  fps step                    : 12,806
  fps step + policy inference : 12,284
  fps total                   : 11,447
  epoch                       : 839 / 1,000
  frames                      : 137,461,760


Policy 0: 
Timing:
  Play time               : 13.256 s
  Update time             : 1.012 s
  Time to train epoch     : 14.268 s


Statistics:
  fps step                    : 12,893
  fps step + policy inference : 12,360
  fps total                   : 11,483
  epoch                       : 840 / 1,000
  frames                      : 137,625,600


Policy 0: 
Timing:
  Play time               : 13.237 s
  Update time             : 0.972 s
  Time to train epoch     : 14.209 s


Statistics:
  fps step                    : 12,909
  fps step + policy inference : 12,377
  fps total                   : 11,530
  epoch                       : 841 / 1,000
  frames                      : 137,789,440


Policy 0: 
Timing:
  Play time               : 13.198 s
  Update time             : 0.967 s
  Time to train epoch     : 14.165 s


Statistics:
  fps step                    : 12,949
  fps step + policy inference : 12,414
  fps total                   : 11,567
  epoch                       : 842 / 1,000
  frames                      : 137,953,280


Policy 0: 
Timing:
  Play time               : 13.195 s
  Update time             : 0.977 s
  Time to train epoch     : 14.171 s


Statistics:
  fps step                    : 12,955
  fps step + policy inference : 12,417
  fps total                   : 11,561
  epoch                       : 843 / 1,000
  frames                      : 138,117,120


Policy 0: 
Timing:
  Play time               : 13.271 s
  Update time             : 1.048 s
  Time to train epoch     : 14.319 s


Statistics:
  fps step                    : 12,878
  fps step + policy inference : 12,345
  fps total                   : 11,442
  epoch                       : 844 / 1,000
  frames                      : 138,280,960


Policy 0: 
Timing:
  Play time               : 13.238 s
  Update time             : 1.045 s
  Time to train epoch     : 14.282 s


Statistics:
  fps step                    : 12,910
  fps step + policy inference : 12,377
  fps total                   : 11,471
  epoch                       : 845 / 1,000
  frames                      : 138,444,800


Policy 0: 
Timing:
  Play time               : 13.219 s
  Update time             : 1.046 s
  Time to train epoch     : 14.265 s


Statistics:
  fps step                    : 12,928
  fps step + policy inference : 12,394
  fps total                   : 11,486
  epoch                       : 846 / 1,000
  frames                      : 138,608,640


Policy 0: 
Timing:
  Play time               : 13.239 s
  Update time             : 1.037 s
  Time to train epoch     : 14.275 s


Statistics:
  fps step                    : 12,911
  fps step + policy inference : 12,376
  fps total                   : 11,477
  epoch                       : 847 / 1,000
  frames                      : 138,772,480


Policy 0: 
Timing:
  Play time               : 13.229 s
  Update time             : 0.999 s
  Time to train epoch     : 14.229 s


Statistics:
  fps step                    : 12,919
  fps step + policy inference : 12,385
  fps total                   : 11,515
  epoch                       : 848 / 1,000
  frames                      : 138,936,320


Policy 0: saving next best rewards:  [-15.25]
=> saving checkpoint 'runs/mg_D_seed2801/nn/mg_D_seed2801.pth'

Timing:
  Play time               : 13.239 s
  Update time             : 0.970 s
  Time to train epoch     : 14.209 s


Statistics:
  fps step                    : 12,909
  fps step + policy inference : 12,376
  fps total                   : 11,531
  epoch                       : 849 / 1,000
  frames                      : 139,100,160


Policy 0: 
Timing:
  Play time               : 13.195 s
  Update time             : 0.964 s
  Time to train epoch     : 14.159 s


Statistics:
  fps step                    : 12,948
  fps step + policy inference : 12,417
  fps total                   : 11,571
  epoch                       : 850 / 1,000
  frames                      : 139,264,000


Policy 0: 
Timing:
  Play time               : 13.246 s
  Update time             : 0.975 s
  Time to train epoch     : 14.221 s


Statistics:
  fps step                    : 12,903
  fps step + policy inference : 12,369
  fps total                   : 11,521
  epoch                       : 851 / 1,000
  frames                      : 139,427,840


Policy 0: 
Timing:
  Play time               : 13.303 s
  Update time             : 0.984 s
  Time to train epoch     : 14.286 s


Statistics:
  fps step                    : 12,841
  fps step + policy inference : 12,316
  fps total                   : 11,468
  epoch                       : 852 / 1,000
  frames                      : 139,591,680


Policy 0: 
Timing:
  Play time               : 13.261 s
  Update time             : 0.964 s
  Time to train epoch     : 14.225 s


Statistics:
  fps step                    : 12,880
  fps step + policy inference : 12,355
  fps total                   : 11,518
  epoch                       : 853 / 1,000
  frames                      : 139,755,520


Policy 0: 
Timing:
  Play time               : 13.244 s
  Update time             : 0.969 s
  Time to train epoch     : 14.214 s


Statistics:
  fps step                    : 12,900
  fps step + policy inference : 12,371
  fps total                   : 11,527
  epoch                       : 854 / 1,000
  frames                      : 139,919,360


Policy 0: 
Timing:
  Play time               : 13.376 s
  Update time             : 0.953 s
  Time to train epoch     : 14.329 s


Statistics:
  fps step                    : 12,763
  fps step + policy inference : 12,249
  fps total                   : 11,434
  epoch                       : 855 / 1,000
  frames                      : 140,083,200


Policy 0: 
Timing:
  Play time               : 13.279 s
  Update time             : 0.958 s
  Time to train epoch     : 14.237 s


Statistics:
  fps step                    : 12,865
  fps step + policy inference : 12,338
  fps total                   : 11,508
  epoch                       : 856 / 1,000
  frames                      : 140,247,040


Policy 0: 
Timing:
  Play time               : 13.407 s
  Update time             : 0.955 s
  Time to train epoch     : 14.361 s


Statistics:
  fps step                    : 12,732
  fps step + policy inference : 12,221
  fps total                   : 11,408
  epoch                       : 857 / 1,000
  frames                      : 140,410,880


Policy 0: saving next best rewards:  [-15.21]
=> saving checkpoint 'runs/mg_D_seed2801/nn/mg_D_seed2801.pth'

Timing:
  Play time               : 13.262 s
  Update time             : 0.989 s
  Time to train epoch     : 14.251 s


Statistics:
  fps step                    : 12,877
  fps step + policy inference : 12,354
  fps total                   : 11,497
  epoch                       : 858 / 1,000
  frames                      : 140,574,720


Policy 0: 
Timing:
  Play time               : 13.284 s
  Update time             : 1.030 s
  Time to train epoch     : 14.315 s


Statistics:
  fps step                    : 12,859
  fps step + policy inference : 12,333
  fps total                   : 11,446
  epoch                       : 859 / 1,000
  frames                      : 140,738,560


Policy 0: 
Timing:
  Play time               : 13.216 s
  Update time             : 1.009 s
  Time to train epoch     : 14.225 s


Statistics:
  fps step                    : 12,930
  fps step + policy inference : 12,397
  fps total                   : 11,518
  epoch                       : 860 / 1,000
  frames                      : 140,902,400


Policy 0: 
Timing:
  Play time               : 13.201 s
  Update time             : 1.050 s
  Time to train epoch     : 14.252 s


Statistics:
  fps step                    : 12,946
  fps step + policy inference : 12,411
  fps total                   : 11,496
  epoch                       : 861 / 1,000
  frames                      : 141,066,240


Policy 0: 
Timing:
  Play time               : 13.190 s
  Update time             : 1.032 s
  Time to train epoch     : 14.222 s


Statistics:
  fps step                    : 12,956
  fps step + policy inference : 12,422
  fps total                   : 11,520
  epoch                       : 862 / 1,000
  frames                      : 141,230,080


Policy 0: 
Timing:
  Play time               : 13.218 s
  Update time             : 0.967 s
  Time to train epoch     : 14.186 s


Statistics:
  fps step                    : 12,928
  fps step + policy inference : 12,395
  fps total                   : 11,550
  epoch                       : 863 / 1,000
  frames                      : 141,393,920


Policy 0: 
Timing:
  Play time               : 13.202 s
  Update time             : 0.960 s
  Time to train epoch     : 14.162 s


Statistics:
  fps step                    : 12,947
  fps step + policy inference : 12,410
  fps total                   : 11,569
  epoch                       : 864 / 1,000
  frames                      : 141,557,760


Policy 0: 
Timing:
  Play time               : 13.213 s
  Update time             : 0.961 s
  Time to train epoch     : 14.174 s


Statistics:
  fps step                    : 12,932
  fps step + policy inference : 12,400
  fps total                   : 11,559
  epoch                       : 865 / 1,000
  frames                      : 141,721,600


Policy 0: 
Timing:
  Play time               : 13.244 s
  Update time             : 0.992 s
  Time to train epoch     : 14.236 s


Statistics:
  fps step                    : 12,897
  fps step + policy inference : 12,371
  fps total                   : 11,509
  epoch                       : 866 / 1,000
  frames                      : 141,885,440


Policy 0: 
Timing:
  Play time               : 13.223 s
  Update time             : 0.961 s
  Time to train epoch     : 14.184 s


Statistics:
  fps step                    : 12,921
  fps step + policy inference : 12,391
  fps total                   : 11,551
  epoch                       : 867 / 1,000
  frames                      : 142,049,280


Policy 0: 
Timing:
  Play time               : 13.227 s
  Update time             : 0.959 s
  Time to train epoch     : 14.186 s


Statistics:
  fps step                    : 12,919
  fps step + policy inference : 12,387
  fps total                   : 11,549
  epoch                       : 868 / 1,000
  frames                      : 142,213,120


Policy 0: 
Timing:
  Play time               : 13.251 s
  Update time             : 0.984 s
  Time to train epoch     : 14.235 s


Statistics:
  fps step                    : 12,894
  fps step + policy inference : 12,364
  fps total                   : 11,510
  epoch                       : 869 / 1,000
  frames                      : 142,376,960


Policy 0: 
Timing:
  Play time               : 13.206 s
  Update time             : 0.957 s
  Time to train epoch     : 14.163 s


Statistics:
  fps step                    : 12,936
  fps step + policy inference : 12,406
  fps total                   : 11,568
  epoch                       : 870 / 1,000
  frames                      : 142,540,800


Policy 0: 
Timing:
  Play time               : 13.205 s
  Update time             : 0.976 s
  Time to train epoch     : 14.181 s


Statistics:
  fps step                    : 12,941
  fps step + policy inference : 12,408
  fps total                   : 11,553
  epoch                       : 871 / 1,000
  frames                      : 142,704,640


Policy 0: 
Timing:
  Play time               : 13.230 s
  Update time             : 1.043 s
  Time to train epoch     : 14.273 s


Statistics:
  fps step                    : 12,920
  fps step + policy inference : 12,384
  fps total                   : 11,479
  epoch                       : 872 / 1,000
  frames                      : 142,868,480


Policy 0: 
Timing:
  Play time               : 13.247 s
  Update time             : 1.078 s
  Time to train epoch     : 14.325 s


Statistics:
  fps step                    : 12,901
  fps step + policy inference : 12,368
  fps total                   : 11,438
  epoch                       : 873 / 1,000
  frames                      : 143,032,320


Policy 0: saving next best rewards:  [-15.09]
=> saving checkpoint 'runs/mg_D_seed2801/nn/mg_D_seed2801.pth'

Timing:
  Play time               : 13.209 s
  Update time             : 1.028 s
  Time to train epoch     : 14.237 s


Statistics:
  fps step                    : 12,938
  fps step + policy inference : 12,403
  fps total                   : 11,508
  epoch                       : 874 / 1,000
  frames                      : 143,196,160


Policy 0: 
Timing:
  Play time               : 13.243 s
  Update time             : 0.992 s
  Time to train epoch     : 14.235 s


Statistics:
  fps step                    : 12,907
  fps step + policy inference : 12,372
  fps total                   : 11,510
  epoch                       : 875 / 1,000
  frames                      : 143,360,000


Policy 0: 
Timing:
  Play time               : 13.200 s
  Update time             : 1.004 s
  Time to train epoch     : 14.203 s


Statistics:
  fps step                    : 12,944
  fps step + policy inference : 12,413
  fps total                   : 11,536
  epoch                       : 876 / 1,000
  frames                      : 143,523,840


Policy 0: 
Timing:
  Play time               : 13.308 s
  Update time             : 0.962 s
  Time to train epoch     : 14.270 s


Statistics:
  fps step                    : 12,838
  fps step + policy inference : 12,312
  fps total                   : 11,481
  epoch                       : 877 / 1,000
  frames                      : 143,687,680


Policy 0: 
Timing:
  Play time               : 13.241 s
  Update time             : 0.955 s
  Time to train epoch     : 14.196 s


Statistics:
  fps step                    : 12,904
  fps step + policy inference : 12,373
  fps total                   : 11,541
  epoch                       : 878 / 1,000
  frames                      : 143,851,520


Policy 0: 
Timing:
  Play time               : 13.236 s
  Update time             : 0.961 s
  Time to train epoch     : 14.198 s


Statistics:
  fps step                    : 12,910
  fps step + policy inference : 12,378
  fps total                   : 11,540
  epoch                       : 879 / 1,000
  frames                      : 144,015,360


Policy 0: 
Timing:
  Play time               : 13.193 s
  Update time             : 0.978 s
  Time to train epoch     : 14.171 s


Statistics:
  fps step                    : 12,955
  fps step + policy inference : 12,419
  fps total                   : 11,562
  epoch                       : 880 / 1,000
  frames                      : 144,179,200


Policy 0: 
Timing:
  Play time               : 13.213 s
  Update time             : 0.960 s
  Time to train epoch     : 14.174 s


Statistics:
  fps step                    : 12,928
  fps step + policy inference : 12,400
  fps total                   : 11,560
  epoch                       : 881 / 1,000
  frames                      : 144,343,040


Policy 0: saving next best rewards:  [-14.96]
=> saving checkpoint 'runs/mg_D_seed2801/nn/mg_D_seed2801.pth'

Timing:
  Play time               : 13.187 s
  Update time             : 0.958 s
  Time to train epoch     : 14.145 s


Statistics:
  fps step                    : 12,957
  fps step + policy inference : 12,425
  fps total                   : 11,583
  epoch                       : 882 / 1,000
  frames                      : 144,506,880


Policy 0: 
Timing:
  Play time               : 13.163 s
  Update time             : 0.961 s
  Time to train epoch     : 14.124 s


Statistics:
  fps step                    : 12,979
  fps step + policy inference : 12,447
  fps total                   : 11,600
  epoch                       : 883 / 1,000
  frames                      : 144,670,720


Policy 0: saving next best rewards:  [-14.78]
=> saving checkpoint 'runs/mg_D_seed2801/nn/mg_D_seed2801.pth'

Timing:
  Play time               : 13.209 s
  Update time             : 0.988 s
  Time to train epoch     : 14.197 s


Statistics:
  fps step                    : 12,934
  fps step + policy inference : 12,403
  fps total                   : 11,540
  epoch                       : 884 / 1,000
  frames                      : 144,834,560


Policy 0: 
Timing:
  Play time               : 13.164 s
  Update time             : 1.035 s
  Time to train epoch     : 14.200 s


Statistics:
  fps step                    : 12,980
  fps step + policy inference : 12,446
  fps total                   : 11,538
  epoch                       : 885 / 1,000
  frames                      : 144,998,400


Policy 0: 
Timing:
  Play time               : 13.245 s
  Update time             : 1.021 s
  Time to train epoch     : 14.266 s


Statistics:
  fps step                    : 12,898
  fps step + policy inference : 12,370
  fps total                   : 11,485
  epoch                       : 886 / 1,000
  frames                      : 145,162,240


Policy 0: 
Timing:
  Play time               : 13.219 s
  Update time             : 1.035 s
  Time to train epoch     : 14.255 s


Statistics:
  fps step                    : 12,932
  fps step + policy inference : 12,394
  fps total                   : 11,494
  epoch                       : 887 / 1,000
  frames                      : 145,326,080


Policy 0: 
Timing:
  Play time               : 13.152 s
  Update time             : 1.028 s
  Time to train epoch     : 14.180 s


Statistics:
  fps step                    : 12,993
  fps step + policy inference : 12,457
  fps total                   : 11,554
  epoch                       : 888 / 1,000
  frames                      : 145,489,920


Policy 0: 
Timing:
  Play time               : 13.162 s
  Update time             : 0.980 s
  Time to train epoch     : 14.142 s


Statistics:
  fps step                    : 12,985
  fps step + policy inference : 12,448
  fps total                   : 11,586
  epoch                       : 889 / 1,000
  frames                      : 145,653,760


Policy 0: 
Timing:
  Play time               : 13.190 s
  Update time             : 0.960 s
  Time to train epoch     : 14.150 s


Statistics:
  fps step                    : 12,949
  fps step + policy inference : 12,422
  fps total                   : 11,579
  epoch                       : 890 / 1,000
  frames                      : 145,817,600


Policy 0: saving next best rewards:  [-14.77]
=> saving checkpoint 'runs/mg_D_seed2801/nn/mg_D_seed2801.pth'

Timing:
  Play time               : 13.146 s
  Update time             : 0.959 s
  Time to train epoch     : 14.105 s


Statistics:
  fps step                    : 13,001
  fps step + policy inference : 12,463
  fps total                   : 11,616
  epoch                       : 891 / 1,000
  frames                      : 145,981,440


Policy 0: 
Timing:
  Play time               : 13.166 s
  Update time             : 0.984 s
  Time to train epoch     : 14.149 s


Statistics:
  fps step                    : 12,977
  fps step + policy inference : 12,444
  fps total                   : 11,579
  epoch                       : 892 / 1,000
  frames                      : 146,145,280


Policy 0: saving next best rewards:  [-14.57]
=> saving checkpoint 'runs/mg_D_seed2801/nn/mg_D_seed2801.pth'

Timing:
  Play time               : 13.156 s
  Update time             : 0.972 s
  Time to train epoch     : 14.129 s


Statistics:
  fps step                    : 12,987
  fps step + policy inference : 12,453
  fps total                   : 11,596
  epoch                       : 893 / 1,000
  frames                      : 146,309,120


Policy 0: saving next best rewards:  [-14.55]
=> saving checkpoint 'runs/mg_D_seed2801/nn/mg_D_seed2801.pth'

Timing:
  Play time               : 13.550 s
  Update time             : 0.962 s
  Time to train epoch     : 14.513 s


Statistics:
  fps step                    : 12,601
  fps step + policy inference : 12,091
  fps total                   : 11,290
  epoch                       : 894 / 1,000
  frames                      : 146,472,960


Policy 0: 
Timing:
  Play time               : 13.508 s
  Update time             : 0.977 s
  Time to train epoch     : 14.485 s


Statistics:
  fps step                    : 12,690
  fps step + policy inference : 12,129
  fps total                   : 11,311
  epoch                       : 895 / 1,000
  frames                      : 146,636,800


Policy 0: 
Timing:
  Play time               : 13.388 s
  Update time             : 1.004 s
  Time to train epoch     : 14.392 s


Statistics:
  fps step                    : 12,751
  fps step + policy inference : 12,238
  fps total                   : 11,384
  epoch                       : 896 / 1,000
  frames                      : 146,800,640


Policy 0: 
Timing:
  Play time               : 13.465 s
  Update time             : 1.056 s
  Time to train epoch     : 14.521 s


Statistics:
  fps step                    : 12,678
  fps step + policy inference : 12,168
  fps total                   : 11,283
  epoch                       : 897 / 1,000
  frames                      : 146,964,480


Policy 0: 
Timing:
  Play time               : 13.515 s
  Update time             : 1.010 s
  Time to train epoch     : 14.525 s


Statistics:
  fps step                    : 12,682
  fps step + policy inference : 12,123
  fps total                   : 11,280
  epoch                       : 898 / 1,000
  frames                      : 147,128,320


Policy 0: 
Timing:
  Play time               : 13.284 s
  Update time             : 1.050 s
  Time to train epoch     : 14.334 s


Statistics:
  fps step                    : 12,859
  fps step + policy inference : 12,334
  fps total                   : 11,430
  epoch                       : 899 / 1,000
  frames                      : 147,292,160


Policy 0: 
Timing:
  Play time               : 13.228 s
  Update time             : 1.041 s
  Time to train epoch     : 14.269 s


Statistics:
  fps step                    : 12,917
  fps step + policy inference : 12,386
  fps total                   : 11,482
  epoch                       : 900 / 1,000
  frames                      : 147,456,000


Policy 0: 
Timing:
  Play time               : 13.272 s
  Update time             : 1.011 s
  Time to train epoch     : 14.283 s


Statistics:
  fps step                    : 12,874
  fps step + policy inference : 12,345
  fps total                   : 11,471
  epoch                       : 901 / 1,000
  frames                      : 147,619,840


Policy 0: 
Timing:
  Play time               : 13.191 s
  Update time             : 1.001 s
  Time to train epoch     : 14.192 s


Statistics:
  fps step                    : 12,954
  fps step + policy inference : 12,421
  fps total                   : 11,544
  epoch                       : 902 / 1,000
  frames                      : 147,783,680


Policy 0: 
Timing:
  Play time               : 13.189 s
  Update time             : 0.966 s
  Time to train epoch     : 14.155 s


Statistics:
  fps step                    : 12,955
  fps step + policy inference : 12,422
  fps total                   : 11,575
  epoch                       : 903 / 1,000
  frames                      : 147,947,520


Policy 0: 
Timing:
  Play time               : 13.281 s
  Update time             : 0.992 s
  Time to train epoch     : 14.273 s


Statistics:
  fps step                    : 12,862
  fps step + policy inference : 12,336
  fps total                   : 11,479
  epoch                       : 904 / 1,000
  frames                      : 148,111,360


Policy 0: 
Timing:
  Play time               : 13.166 s
  Update time             : 0.962 s
  Time to train epoch     : 14.128 s


Statistics:
  fps step                    : 12,978
  fps step + policy inference : 12,444
  fps total                   : 11,597
  epoch                       : 905 / 1,000
  frames                      : 148,275,200


Policy 0: 
Timing:
  Play time               : 13.198 s
  Update time             : 0.958 s
  Time to train epoch     : 14.155 s


Statistics:
  fps step                    : 12,940
  fps step + policy inference : 12,414
  fps total                   : 11,575
  epoch                       : 906 / 1,000
  frames                      : 148,439,040


Policy 0: 
Timing:
  Play time               : 13.126 s
  Update time             : 0.959 s
  Time to train epoch     : 14.085 s


Statistics:
  fps step                    : 13,017
  fps step + policy inference : 12,482
  fps total                   : 11,632
  epoch                       : 907 / 1,000
  frames                      : 148,602,880


Policy 0: 
Timing:
  Play time               : 13.249 s
  Update time             : 0.979 s
  Time to train epoch     : 14.228 s


Statistics:
  fps step                    : 12,901
  fps step + policy inference : 12,366
  fps total                   : 11,515
  epoch                       : 908 / 1,000
  frames                      : 148,766,720


Policy 0: 
Timing:
  Play time               : 13.114 s
  Update time             : 0.962 s
  Time to train epoch     : 14.077 s


Statistics:
  fps step                    : 13,029
  fps step + policy inference : 12,493
  fps total                   : 11,639
  epoch                       : 909 / 1,000
  frames                      : 148,930,560


Policy 0: 
Timing:
  Play time               : 13.179 s
  Update time             : 1.009 s
  Time to train epoch     : 14.189 s


Statistics:
  fps step                    : 12,961
  fps step + policy inference : 12,431
  fps total                   : 11,547
  epoch                       : 910 / 1,000
  frames                      : 149,094,400


Policy 0: saving next best rewards:  [-14.3]
=> saving checkpoint 'runs/mg_D_seed2801/nn/mg_D_seed2801.pth'

Timing:
  Play time               : 13.123 s
  Update time             : 1.030 s
  Time to train epoch     : 14.152 s


Statistics:
  fps step                    : 13,023
  fps step + policy inference : 12,485
  fps total                   : 11,577
  epoch                       : 911 / 1,000
  frames                      : 149,258,240


Policy 0: 
Timing:
  Play time               : 13.144 s
  Update time             : 1.026 s
  Time to train epoch     : 14.171 s


Statistics:
  fps step                    : 12,997
  fps step + policy inference : 12,465
  fps total                   : 11,562
  epoch                       : 912 / 1,000
  frames                      : 149,422,080


Policy 0: 
Timing:
  Play time               : 13.125 s
  Update time             : 1.059 s
  Time to train epoch     : 14.185 s


Statistics:
  fps step                    : 13,018
  fps step + policy inference : 12,483
  fps total                   : 11,551
  epoch                       : 913 / 1,000
  frames                      : 149,585,920


Policy 0: 
Timing:
  Play time               : 13.198 s
  Update time             : 1.059 s
  Time to train epoch     : 14.258 s


Statistics:
  fps step                    : 12,945
  fps step + policy inference : 12,414
  fps total                   : 11,491
  epoch                       : 914 / 1,000
  frames                      : 149,749,760


Policy 0: 
Timing:
  Play time               : 13.214 s
  Update time             : 0.998 s
  Time to train epoch     : 14.212 s


Statistics:
  fps step                    : 12,937
  fps step + policy inference : 12,399
  fps total                   : 11,528
  epoch                       : 915 / 1,000
  frames                      : 149,913,600


Policy 0: 
Timing:
  Play time               : 13.208 s
  Update time             : 0.979 s
  Time to train epoch     : 14.187 s


Statistics:
  fps step                    : 12,934
  fps step + policy inference : 12,404
  fps total                   : 11,549
  epoch                       : 916 / 1,000
  frames                      : 150,077,440


Policy 0: 
Timing:
  Play time               : 13.244 s
  Update time             : 0.969 s
  Time to train epoch     : 14.214 s


Statistics:
  fps step                    : 12,895
  fps step + policy inference : 12,371
  fps total                   : 11,527
  epoch                       : 917 / 1,000
  frames                      : 150,241,280


Policy 0: 
Timing:
  Play time               : 13.210 s
  Update time             : 0.961 s
  Time to train epoch     : 14.171 s


Statistics:
  fps step                    : 12,926
  fps step + policy inference : 12,403
  fps total                   : 11,562
  epoch                       : 918 / 1,000
  frames                      : 150,405,120


Policy 0: 
Timing:
  Play time               : 13.169 s
  Update time             : 0.960 s
  Time to train epoch     : 14.129 s


Statistics:
  fps step                    : 12,973
  fps step + policy inference : 12,442
  fps total                   : 11,596
  epoch                       : 919 / 1,000
  frames                      : 150,568,960


Policy 0: 
Timing:
  Play time               : 13.183 s
  Update time             : 0.960 s
  Time to train epoch     : 14.143 s


Statistics:
  fps step                    : 12,960
  fps step + policy inference : 12,428
  fps total                   : 11,584
  epoch                       : 920 / 1,000
  frames                      : 150,732,800


Policy 0: 
Timing:
  Play time               : 13.163 s
  Update time             : 0.961 s
  Time to train epoch     : 14.124 s


Statistics:
  fps step                    : 12,979
  fps step + policy inference : 12,447
  fps total                   : 11,600
  epoch                       : 921 / 1,000
  frames                      : 150,896,640


Policy 0: 
Timing:
  Play time               : 13.183 s
  Update time             : 0.964 s
  Time to train epoch     : 14.147 s


Statistics:
  fps step                    : 12,961
  fps step + policy inference : 12,428
  fps total                   : 11,581
  epoch                       : 922 / 1,000
  frames                      : 151,060,480


Policy 0: 
Timing:
  Play time               : 13.223 s
  Update time             : 0.991 s
  Time to train epoch     : 14.214 s


Statistics:
  fps step                    : 12,919
  fps step + policy inference : 12,390
  fps total                   : 11,527
  epoch                       : 923 / 1,000
  frames                      : 151,224,320


Policy 0: 
Timing:
  Play time               : 13.212 s
  Update time             : 1.024 s
  Time to train epoch     : 14.236 s


Statistics:
  fps step                    : 12,931
  fps step + policy inference : 12,401
  fps total                   : 11,509
  epoch                       : 924 / 1,000
  frames                      : 151,388,160


Policy 0: 
Timing:
  Play time               : 13.181 s
  Update time             : 0.998 s
  Time to train epoch     : 14.179 s


Statistics:
  fps step                    : 12,959
  fps step + policy inference : 12,430
  fps total                   : 11,555
  epoch                       : 925 / 1,000
  frames                      : 151,552,000


Policy 0: 
Timing:
  Play time               : 13.197 s
  Update time             : 1.000 s
  Time to train epoch     : 14.197 s


Statistics:
  fps step                    : 12,942
  fps step + policy inference : 12,415
  fps total                   : 11,541
  epoch                       : 926 / 1,000
  frames                      : 151,715,840


Policy 0: 
Timing:
  Play time               : 13.153 s
  Update time             : 1.053 s
  Time to train epoch     : 14.206 s


Statistics:
  fps step                    : 12,990
  fps step + policy inference : 12,457
  fps total                   : 11,533
  epoch                       : 927 / 1,000
  frames                      : 151,879,680


Policy 0: 
Timing:
  Play time               : 13.129 s
  Update time             : 1.016 s
  Time to train epoch     : 14.146 s


Statistics:
  fps step                    : 13,013
  fps step + policy inference : 12,479
  fps total                   : 11,582
  epoch                       : 928 / 1,000
  frames                      : 152,043,520


Policy 0: 
Timing:
  Play time               : 13.183 s
  Update time             : 0.980 s
  Time to train epoch     : 14.162 s


Statistics:
  fps step                    : 12,959
  fps step + policy inference : 12,428
  fps total                   : 11,569
  epoch                       : 929 / 1,000
  frames                      : 152,207,360


Policy 0: 
Timing:
  Play time               : 13.190 s
  Update time             : 0.961 s
  Time to train epoch     : 14.151 s


Statistics:
  fps step                    : 12,954
  fps step + policy inference : 12,421
  fps total                   : 11,578
  epoch                       : 930 / 1,000
  frames                      : 152,371,200


Policy 0: 
Timing:
  Play time               : 13.249 s
  Update time             : 0.960 s
  Time to train epoch     : 14.209 s


Statistics:
  fps step                    : 12,897
  fps step + policy inference : 12,366
  fps total                   : 11,531
  epoch                       : 931 / 1,000
  frames                      : 152,535,040


Policy 0: 
Timing:
  Play time               : 13.162 s
  Update time             : 0.962 s
  Time to train epoch     : 14.124 s


Statistics:
  fps step                    : 12,981
  fps step + policy inference : 12,448
  fps total                   : 11,600
  epoch                       : 932 / 1,000
  frames                      : 152,698,880


Policy 0: 
Timing:
  Play time               : 13.150 s
  Update time             : 1.001 s
  Time to train epoch     : 14.151 s


Statistics:
  fps step                    : 12,999
  fps step + policy inference : 12,459
  fps total                   : 11,578
  epoch                       : 933 / 1,000
  frames                      : 152,862,720


Policy 0: 
Timing:
  Play time               : 13.204 s
  Update time             : 0.960 s
  Time to train epoch     : 14.164 s


Statistics:
  fps step                    : 12,936
  fps step + policy inference : 12,408
  fps total                   : 11,567
  epoch                       : 934 / 1,000
  frames                      : 153,026,560


Policy 0: saving next best rewards:  [-14.06]
=> saving checkpoint 'runs/mg_D_seed2801/nn/mg_D_seed2801.pth'

Timing:
  Play time               : 13.212 s
  Update time             : 0.959 s
  Time to train epoch     : 14.171 s


Statistics:
  fps step                    : 12,923
  fps step + policy inference : 12,401
  fps total                   : 11,561
  epoch                       : 935 / 1,000
  frames                      : 153,190,400


Policy 0: 
Timing:
  Play time               : 13.172 s
  Update time             : 0.996 s
  Time to train epoch     : 14.168 s


Statistics:
  fps step                    : 12,970
  fps step + policy inference : 12,439
  fps total                   : 11,564
  epoch                       : 936 / 1,000
  frames                      : 153,354,240


Policy 0: 
Timing:
  Play time               : 13.248 s
  Update time             : 0.959 s
  Time to train epoch     : 14.208 s


Statistics:
  fps step                    : 12,892
  fps step + policy inference : 12,367
  fps total                   : 11,532
  epoch                       : 937 / 1,000
  frames                      : 153,518,080


Policy 0: 
Timing:
  Play time               : 13.245 s
  Update time             : 0.963 s
  Time to train epoch     : 14.208 s


Statistics:
  fps step                    : 12,896
  fps step + policy inference : 12,370
  fps total                   : 11,532
  epoch                       : 938 / 1,000
  frames                      : 153,681,920


Policy 0: 
Timing:
  Play time               : 13.185 s
  Update time             : 1.027 s
  Time to train epoch     : 14.212 s


Statistics:
  fps step                    : 12,957
  fps step + policy inference : 12,426
  fps total                   : 11,528
  epoch                       : 939 / 1,000
  frames                      : 153,845,760


Policy 0: 
Timing:
  Play time               : 13.174 s
  Update time             : 1.060 s
  Time to train epoch     : 14.234 s


Statistics:
  fps step                    : 12,967
  fps step + policy inference : 12,437
  fps total                   : 11,511
  epoch                       : 940 / 1,000
  frames                      : 154,009,600


Policy 0: 
Timing:
  Play time               : 13.277 s
  Update time             : 1.094 s
  Time to train epoch     : 14.371 s


Statistics:
  fps step                    : 12,863
  fps step + policy inference : 12,340
  fps total                   : 11,401
  epoch                       : 941 / 1,000
  frames                      : 154,173,440


Policy 0: 
Timing:
  Play time               : 13.165 s
  Update time             : 1.003 s
  Time to train epoch     : 14.169 s


Statistics:
  fps step                    : 12,977
  fps step + policy inference : 12,445
  fps total                   : 11,564
  epoch                       : 942 / 1,000
  frames                      : 154,337,280


Policy 0: 
Timing:
  Play time               : 13.190 s
  Update time             : 0.986 s
  Time to train epoch     : 14.176 s


Statistics:
  fps step                    : 12,957
  fps step + policy inference : 12,422
  fps total                   : 11,558
  epoch                       : 943 / 1,000
  frames                      : 154,501,120


Policy 0: 
Timing:
  Play time               : 13.161 s
  Update time             : 0.990 s
  Time to train epoch     : 14.151 s


Statistics:
  fps step                    : 12,982
  fps step + policy inference : 12,449
  fps total                   : 11,578
  epoch                       : 944 / 1,000
  frames                      : 154,664,960


Policy 0: 
Timing:
  Play time               : 13.153 s
  Update time             : 0.971 s
  Time to train epoch     : 14.124 s


Statistics:
  fps step                    : 12,989
  fps step + policy inference : 12,456
  fps total                   : 11,600
  epoch                       : 945 / 1,000
  frames                      : 154,828,800


Policy 0: 
Timing:
  Play time               : 13.275 s
  Update time             : 0.958 s
  Time to train epoch     : 14.233 s


Statistics:
  fps step                    : 12,872
  fps step + policy inference : 12,342
  fps total                   : 11,511
  epoch                       : 946 / 1,000
  frames                      : 154,992,640


Policy 0: 
Timing:
  Play time               : 13.459 s
  Update time             : 0.963 s
  Time to train epoch     : 14.422 s


Statistics:
  fps step                    : 12,680
  fps step + policy inference : 12,173
  fps total                   : 11,360
  epoch                       : 947 / 1,000
  frames                      : 155,156,480


Policy 0: 
Timing:
  Play time               : 13.308 s
  Update time             : 0.961 s
  Time to train epoch     : 14.269 s


Statistics:
  fps step                    : 12,833
  fps step + policy inference : 12,311
  fps total                   : 11,482
  epoch                       : 948 / 1,000
  frames                      : 155,320,320


Policy 0: 
Timing:
  Play time               : 13.214 s
  Update time             : 0.973 s
  Time to train epoch     : 14.186 s


Statistics:
  fps step                    : 12,931
  fps step + policy inference : 12,399
  fps total                   : 11,549
  epoch                       : 949 / 1,000
  frames                      : 155,484,160


Policy 0: 
Timing:
  Play time               : 13.271 s
  Update time             : 1.006 s
  Time to train epoch     : 14.277 s


Statistics:
  fps step                    : 12,872
  fps step + policy inference : 12,345
  fps total                   : 11,476
  epoch                       : 950 / 1,000
  frames                      : 155,648,000


Policy 0: 
Timing:
  Play time               : 13.231 s
  Update time             : 1.068 s
  Time to train epoch     : 14.299 s


Statistics:
  fps step                    : 12,913
  fps step + policy inference : 12,383
  fps total                   : 11,458
  epoch                       : 951 / 1,000
  frames                      : 155,811,840


Policy 0: 
Timing:
  Play time               : 13.338 s
  Update time             : 1.061 s
  Time to train epoch     : 14.399 s


Statistics:
  fps step                    : 12,803
  fps step + policy inference : 12,284
  fps total                   : 11,379
  epoch                       : 952 / 1,000
  frames                      : 155,975,680


Policy 0: 
Timing:
  Play time               : 13.180 s
  Update time             : 1.018 s
  Time to train epoch     : 14.199 s


Statistics:
  fps step                    : 12,965
  fps step + policy inference : 12,430
  fps total                   : 11,539
  epoch                       : 953 / 1,000
  frames                      : 156,139,520


Policy 0: 
Timing:
  Play time               : 13.124 s
  Update time             : 1.006 s
  Time to train epoch     : 14.130 s


Statistics:
  fps step                    : 13,015
  fps step + policy inference : 12,484
  fps total                   : 11,595
  epoch                       : 954 / 1,000
  frames                      : 156,303,360


Policy 0: 
Timing:
  Play time               : 13.176 s
  Update time             : 0.970 s
  Time to train epoch     : 14.146 s


Statistics:
  fps step                    : 12,964
  fps step + policy inference : 12,434
  fps total                   : 11,582
  epoch                       : 955 / 1,000
  frames                      : 156,467,200


Policy 0: 
Timing:
  Play time               : 13.208 s
  Update time             : 0.955 s
  Time to train epoch     : 14.163 s


Statistics:
  fps step                    : 12,938
  fps step + policy inference : 12,405
  fps total                   : 11,568
  epoch                       : 956 / 1,000
  frames                      : 156,631,040


Policy 0: 
Timing:
  Play time               : 13.126 s
  Update time             : 0.961 s
  Time to train epoch     : 14.086 s


Statistics:
  fps step                    : 13,014
  fps step + policy inference : 12,483
  fps total                   : 11,631
  epoch                       : 957 / 1,000
  frames                      : 156,794,880


Policy 0: 
Timing:
  Play time               : 13.450 s
  Update time             : 0.967 s
  Time to train epoch     : 14.418 s


Statistics:
  fps step                    : 12,687
  fps step + policy inference : 12,181
  fps total                   : 11,364
  epoch                       : 958 / 1,000
  frames                      : 156,958,720


Policy 0: 
Timing:
  Play time               : 13.196 s
  Update time             : 0.958 s
  Time to train epoch     : 14.154 s


Statistics:
  fps step                    : 12,942
  fps step + policy inference : 12,416
  fps total                   : 11,575
  epoch                       : 959 / 1,000
  frames                      : 157,122,560


Policy 0: 
Timing:
  Play time               : 13.211 s
  Update time             : 0.961 s
  Time to train epoch     : 14.171 s


Statistics:
  fps step                    : 12,929
  fps step + policy inference : 12,402
  fps total                   : 11,562
  epoch                       : 960 / 1,000
  frames                      : 157,286,400


Policy 0: saving next best rewards:  [-14.05]
=> saving checkpoint 'runs/mg_D_seed2801/nn/mg_D_seed2801.pth'

Timing:
  Play time               : 13.132 s
  Update time             : 0.961 s
  Time to train epoch     : 14.093 s


Statistics:
  fps step                    : 13,006
  fps step + policy inference : 12,476
  fps total                   : 11,625
  epoch                       : 961 / 1,000
  frames                      : 157,450,240


Policy 0: 
Timing:
  Play time               : 13.102 s
  Update time             : 0.982 s
  Time to train epoch     : 14.084 s


Statistics:
  fps step                    : 13,040
  fps step + policy inference : 12,505
  fps total                   : 11,633
  epoch                       : 962 / 1,000
  frames                      : 157,614,080


Policy 0: 
Timing:
  Play time               : 13.155 s
  Update time             : 1.022 s
  Time to train epoch     : 14.178 s


Statistics:
  fps step                    : 12,984
  fps step + policy inference : 12,454
  fps total                   : 11,556
  epoch                       : 963 / 1,000
  frames                      : 157,777,920


Policy 0: 
Timing:
  Play time               : 13.123 s
  Update time             : 1.025 s
  Time to train epoch     : 14.148 s


Statistics:
  fps step                    : 13,020
  fps step + policy inference : 12,485
  fps total                   : 11,581
  epoch                       : 964 / 1,000
  frames                      : 157,941,760


Policy 0: 
Timing:
  Play time               : 13.168 s
  Update time             : 1.048 s
  Time to train epoch     : 14.216 s


Statistics:
  fps step                    : 12,973
  fps step + policy inference : 12,442
  fps total                   : 11,525
  epoch                       : 965 / 1,000
  frames                      : 158,105,600


Policy 0: 
Timing:
  Play time               : 13.129 s
  Update time             : 1.013 s
  Time to train epoch     : 14.142 s


Statistics:
  fps step                    : 13,014
  fps step + policy inference : 12,479
  fps total                   : 11,586
  epoch                       : 966 / 1,000
  frames                      : 158,269,440


Policy 0: 
Timing:
  Play time               : 13.126 s
  Update time             : 0.994 s
  Time to train epoch     : 14.120 s


Statistics:
  fps step                    : 13,014
  fps step + policy inference : 12,482
  fps total                   : 11,603
  epoch                       : 967 / 1,000
  frames                      : 158,433,280


Policy 0: 
Timing:
  Play time               : 13.131 s
  Update time             : 0.996 s
  Time to train epoch     : 14.127 s


Statistics:
  fps step                    : 13,011
  fps step + policy inference : 12,478
  fps total                   : 11,598
  epoch                       : 968 / 1,000
  frames                      : 158,597,120


Policy 0: 
Timing:
  Play time               : 13.120 s
  Update time             : 0.964 s
  Time to train epoch     : 14.083 s


Statistics:
  fps step                    : 13,017
  fps step + policy inference : 12,488
  fps total                   : 11,634
  epoch                       : 969 / 1,000
  frames                      : 158,760,960


Policy 0: 
Timing:
  Play time               : 13.127 s
  Update time             : 0.959 s
  Time to train epoch     : 14.086 s


Statistics:
  fps step                    : 13,013
  fps step + policy inference : 12,481
  fps total                   : 11,631
  epoch                       : 970 / 1,000
  frames                      : 158,924,800


Policy 0: 
Timing:
  Play time               : 13.174 s
  Update time             : 0.997 s
  Time to train epoch     : 14.171 s


Statistics:
  fps step                    : 12,966
  fps step + policy inference : 12,437
  fps total                   : 11,562
  epoch                       : 971 / 1,000
  frames                      : 159,088,640


Policy 0: 
Timing:
  Play time               : 13.212 s
  Update time             : 0.960 s
  Time to train epoch     : 14.172 s


Statistics:
  fps step                    : 12,922
  fps step + policy inference : 12,400
  fps total                   : 11,561
  epoch                       : 972 / 1,000
  frames                      : 159,252,480


Policy 0: saving next best rewards:  [-13.89]
=> saving checkpoint 'runs/mg_D_seed2801/nn/mg_D_seed2801.pth'

Timing:
  Play time               : 13.101 s
  Update time             : 0.954 s
  Time to train epoch     : 14.055 s


Statistics:
  fps step                    : 13,042
  fps step + policy inference : 12,506
  fps total                   : 11,657
  epoch                       : 973 / 1,000
  frames                      : 159,416,320


Policy 0: 
Timing:
  Play time               : 13.119 s
  Update time             : 0.961 s
  Time to train epoch     : 14.080 s


Statistics:
  fps step                    : 13,017
  fps step + policy inference : 12,489
  fps total                   : 11,637
  epoch                       : 974 / 1,000
  frames                      : 159,580,160


Policy 0: 
Timing:
  Play time               : 13.141 s
  Update time             : 1.004 s
  Time to train epoch     : 14.146 s


Statistics:
  fps step                    : 12,990
  fps step + policy inference : 12,468
  fps total                   : 11,582
  epoch                       : 975 / 1,000
  frames                      : 159,744,000


Policy 0: 
Timing:
  Play time               : 13.120 s
  Update time             : 1.020 s
  Time to train epoch     : 14.140 s


Statistics:
  fps step                    : 13,019
  fps step + policy inference : 12,488
  fps total                   : 11,587
  epoch                       : 976 / 1,000
  frames                      : 159,907,840


Policy 0: 
Timing:
  Play time               : 13.130 s
  Update time             : 1.041 s
  Time to train epoch     : 14.171 s


Statistics:
  fps step                    : 13,011
  fps step + policy inference : 12,478
  fps total                   : 11,561
  epoch                       : 977 / 1,000
  frames                      : 160,071,680


Policy 0: 
Timing:
  Play time               : 13.099 s
  Update time             : 1.046 s
  Time to train epoch     : 14.145 s


Statistics:
  fps step                    : 13,039
  fps step + policy inference : 12,507
  fps total                   : 11,583
  epoch                       : 978 / 1,000
  frames                      : 160,235,520


Policy 0: 
Timing:
  Play time               : 13.136 s
  Update time             : 0.997 s
  Time to train epoch     : 14.133 s


Statistics:
  fps step                    : 13,001
  fps step + policy inference : 12,473
  fps total                   : 11,593
  epoch                       : 979 / 1,000
  frames                      : 160,399,360


Policy 0: 
Timing:
  Play time               : 13.123 s
  Update time             : 0.964 s
  Time to train epoch     : 14.088 s


Statistics:
  fps step                    : 13,011
  fps step + policy inference : 12,485
  fps total                   : 11,630
  epoch                       : 980 / 1,000
  frames                      : 160,563,200


Policy 0: 
Timing:
  Play time               : 13.118 s
  Update time             : 0.966 s
  Time to train epoch     : 14.084 s


Statistics:
  fps step                    : 13,020
  fps step + policy inference : 12,490
  fps total                   : 11,633
  epoch                       : 981 / 1,000
  frames                      : 160,727,040


Policy 0: 
Timing:
  Play time               : 13.144 s
  Update time             : 0.982 s
  Time to train epoch     : 14.126 s


Statistics:
  fps step                    : 12,995
  fps step + policy inference : 12,465
  fps total                   : 11,599
  epoch                       : 982 / 1,000
  frames                      : 160,890,880


Policy 0: 
Timing:
  Play time               : 13.170 s
  Update time             : 0.955 s
  Time to train epoch     : 14.125 s


Statistics:
  fps step                    : 12,963
  fps step + policy inference : 12,440
  fps total                   : 11,599
  epoch                       : 983 / 1,000
  frames                      : 161,054,720


Policy 0: 
Timing:
  Play time               : 13.204 s
  Update time             : 0.958 s
  Time to train epoch     : 14.162 s


Statistics:
  fps step                    : 12,926
  fps step + policy inference : 12,409
  fps total                   : 11,569
  epoch                       : 984 / 1,000
  frames                      : 161,218,560


Policy 0: 
Timing:
  Play time               : 13.266 s
  Update time             : 0.954 s
  Time to train epoch     : 14.220 s


Statistics:
  fps step                    : 12,871
  fps step + policy inference : 12,351
  fps total                   : 11,522
  epoch                       : 985 / 1,000
  frames                      : 161,382,400


Policy 0: 
Timing:
  Play time               : 13.159 s
  Update time             : 0.963 s
  Time to train epoch     : 14.122 s


Statistics:
  fps step                    : 12,973
  fps step + policy inference : 12,451
  fps total                   : 11,602
  epoch                       : 986 / 1,000
  frames                      : 161,546,240


Policy 0: 
Timing:
  Play time               : 13.167 s
  Update time             : 0.969 s
  Time to train epoch     : 14.136 s


Statistics:
  fps step                    : 12,967
  fps step + policy inference : 12,443
  fps total                   : 11,590
  epoch                       : 987 / 1,000
  frames                      : 161,710,080


Policy 0: 
Timing:
  Play time               : 13.095 s
  Update time             : 0.996 s
  Time to train epoch     : 14.091 s


Statistics:
  fps step                    : 13,042
  fps step + policy inference : 12,512
  fps total                   : 11,627
  epoch                       : 988 / 1,000
  frames                      : 161,873,920


Policy 0: 
Timing:
  Play time               : 13.147 s
  Update time             : 0.996 s
  Time to train epoch     : 14.143 s


Statistics:
  fps step                    : 12,990
  fps step + policy inference : 12,462
  fps total                   : 11,585
  epoch                       : 989 / 1,000
  frames                      : 162,037,760


Policy 0: 
Timing:
  Play time               : 13.127 s
  Update time             : 1.017 s
  Time to train epoch     : 14.144 s


Statistics:
  fps step                    : 13,008
  fps step + policy inference : 12,481
  fps total                   : 11,584
  epoch                       : 990 / 1,000
  frames                      : 162,201,600


Policy 0: 
Timing:
  Play time               : 13.143 s
  Update time             : 1.017 s
  Time to train epoch     : 14.161 s


Statistics:
  fps step                    : 12,990
  fps step + policy inference : 12,466
  fps total                   : 11,570
  epoch                       : 991 / 1,000
  frames                      : 162,365,440


Policy 0: 
Timing:
  Play time               : 13.087 s
  Update time             : 0.995 s
  Time to train epoch     : 14.082 s


Statistics:
  fps step                    : 13,047
  fps step + policy inference : 12,519
  fps total                   : 11,634
  epoch                       : 992 / 1,000
  frames                      : 162,529,280


Policy 0: saving next best rewards:  [-13.88]
=> saving checkpoint 'runs/mg_D_seed2801/nn/mg_D_seed2801.pth'

Timing:
  Play time               : 13.196 s
  Update time             : 1.004 s
  Time to train epoch     : 14.200 s


Statistics:
  fps step                    : 12,937
  fps step + policy inference : 12,416
  fps total                   : 11,538
  epoch                       : 993 / 1,000
  frames                      : 162,693,120


Policy 0: saving next best rewards:  [-13.86]
=> saving checkpoint 'runs/mg_D_seed2801/nn/mg_D_seed2801.pth'

Timing:
  Play time               : 13.165 s
  Update time             : 1.003 s
  Time to train epoch     : 14.168 s


Statistics:
  fps step                    : 12,967
  fps step + policy inference : 12,446
  fps total                   : 11,564
  epoch                       : 994 / 1,000
  frames                      : 162,856,960


Policy 0: 
Timing:
  Play time               : 13.135 s
  Update time             : 0.970 s
  Time to train epoch     : 14.105 s


Statistics:
  fps step                    : 12,997
  fps step + policy inference : 12,473
  fps total                   : 11,616
  epoch                       : 995 / 1,000
  frames                      : 163,020,800


Policy 0: 
Timing:
  Play time               : 13.173 s
  Update time             : 0.964 s
  Time to train epoch     : 14.137 s


Statistics:
  fps step                    : 12,958
  fps step + policy inference : 12,438
  fps total                   : 11,589
  epoch                       : 996 / 1,000
  frames                      : 163,184,640


Policy 0: 
Timing:
  Play time               : 13.181 s
  Update time             : 0.962 s
  Time to train epoch     : 14.143 s


Statistics:
  fps step                    : 12,952
  fps step + policy inference : 12,430
  fps total                   : 11,585
  epoch                       : 997 / 1,000
  frames                      : 163,348,480


Policy 0: 
Timing:
  Play time               : 13.141 s
  Update time             : 0.956 s
  Time to train epoch     : 14.097 s


Statistics:
  fps step                    : 12,994
  fps step + policy inference : 12,468
  fps total                   : 11,622
  epoch                       : 998 / 1,000
  frames                      : 163,512,320


Policy 0: saving next best rewards:  [-13.69]
=> saving checkpoint 'runs/mg_D_seed2801/nn/mg_D_seed2801.pth'

Timing:
  Play time               : 13.128 s
  Update time             : 0.975 s
  Time to train epoch     : 14.103 s


Statistics:
  fps step                    : 13,008
  fps step + policy inference : 12,480
  fps total                   : 11,618
  epoch                       : 999 / 1,000
  frames                      : 163,676,160


Policy 0: saving next best rewards:  [-13.54]
=> saving checkpoint 'runs/mg_D_seed2801/nn/mg_D_seed2801.pth'

Timing:
  Play time               : 13.231 s
  Update time             : 0.960 s
  Time to train epoch     : 14.191 s


Statistics:
  fps step                    : 12,904
  fps step + policy inference : 12,383
  fps total                   : 11,545
  epoch                       : 1,000 / 1,000
  frames                      : 163,840,000


Policy 0: Saved recovery checkpoint runs/mg_D_seed2801/checkpoints/epoch_001000.pth; evaluation_due=True
=> saving checkpoint 'runs/mg_D_seed2801/nn/last_mg_D_seed2801_ep_1000_rew__-14.01_.pth'
MAX EPOCHS NUM!
