model,protocol,source,trial,success,body_stable,alive,first_body_breach_sec,endpoint_holds,cycles,cohort_sha256
SA-real-12800,S2,0,0,False,True,True,20.0,1101011111,,fff2f01e7abb7b21a09553a0741bd629f6a17cd5fe618f93ebeebd932bf650fe
SA-real-12800,S2,0,1,True,True,True,20.0,1111111111,,fff2f01e7abb7b21a09553a0741bd629f6a17cd5fe618f93ebeebd932bf650fe
SA-real-12800,S2,0,2,True,True,True,20.0,1111111111,,fff2f01e7abb7b21a09553a0741bd629f6a17cd5fe618f93ebeebd932bf650fe
SA-real-12800,S2,0,3,False,True,True,20.0,0101010101,,fff2f01e7abb7b21a09553a0741bd629f6a17cd5fe618f93ebeebd932bf650fe
SA-real-12800,S2,0,4,True,True,True,20.0,1111111111,,fff2f01e7abb7b21a09553a0741bd629f6a17cd5fe618f93ebeebd932bf650fe
SA-real-12800,S2,0,5,True,True,True,20.0,1111111111,,fff2f01e7abb7b21a09553a0741bd629f6a17cd5fe618f93ebeebd932bf650fe
SA-real-12800,S2,0,6,False,True,True,20.0,1101011111,,fff2f01e7abb7b21a09553a0741bd629f6a17cd5fe618f93ebeebd932bf650fe
SA-real-12800,S2,0,7,True,True,True,20.0,1111111111,,fff2f01e7abb7b21a09553a0741bd629f6a17cd5fe618f93ebeebd932bf650fe
SA-real-12800,S2,0,8,True,True,True,20.0,1111111111,,fff2f01e7abb7b21a09553a0741bd629f6a17cd5fe618f93ebeebd932bf650fe
SA-real-12800,S2,0,9,True,True,True,20.0,1111111111,,fff2f01e7abb7b21a09553a0741bd629f6a17cd5fe618f93ebeebd932bf650fe
SA-real-12800,S2,0,10,False,True,True,20.0,0101111111,,fff2f01e7abb7b21a09553a0741bd629f6a17cd5fe618f93ebeebd932bf650fe
SA-real-12800,S2,0,11,True,True,True,20.0,1111111111,,fff2f01e7abb7b21a09553a0741bd629f6a17cd5fe618f93ebeebd932bf650fe
SA-real-12800,S2,0,12,True,True,True,20.0,1111111111,,fff2f01e7abb7b21a09553a0741bd629f6a17cd5fe618f93ebeebd932bf650fe
SA-real-12800,S2,0,13,True,True,True,20.0,1111111111,,fff2f01e7abb7b21a09553a0741bd629f6a17cd5fe618f93ebeebd932bf650fe
SA-real-12800,S2,0,14,True,True,True,20.0,1111111111,,fff2f01e7abb7b21a09553a0741bd629f6a17cd5fe618f93ebeebd932bf650fe
SA-real-12800,S2,0,15,True,True,True,20.0,1111111111,,fff2f01e7abb7b21a09553a0741bd629f6a17cd5fe618f93ebeebd932bf650fe
SA-real-12800,S2,0,16,True,True,True,20.0,1111111111,,fff2f01e7abb7b21a09553a0741bd629f6a17cd5fe618f93ebeebd932bf650fe
SA-real-12800,S2,0,17,True,True,True,20.0,1111111111,,fff2f01e7abb7b21a09553a0741bd629f6a17cd5fe618f93ebeebd932bf650fe
SA-real-12800,S2,0,18,True,True,True,20.0,1111111111,,fff2f01e7abb7b21a09553a0741bd629f6a17cd5fe618f93ebeebd932bf650fe
SA-real-12800,S2,0,19,True,True,True,20.0,1111111111,,fff2f01e7abb7b21a09553a0741bd629f6a17cd5fe618f93ebeebd932bf650fe
SA-real-12800,S2,0,20,True,True,True,20.0,1111111111,,fff2f01e7abb7b21a09553a0741bd629f6a17cd5fe618f93ebeebd932bf650fe
SA-real-12800,S2,0,21,True,True,True,20.0,1111111111,,fff2f01e7abb7b21a09553a0741bd629f6a17cd5fe618f93ebeebd932bf650fe
SA-real-12800,S2,0,22,True,True,True,20.0,1111111111,,fff2f01e7abb7b21a09553a0741bd629f6a17cd5fe618f93ebeebd932bf650fe
SA-real-12800,S2,0,23,True,True,True,20.0,1111111111,,fff2f01e7abb7b21a09553a0741bd629f6a17cd5fe618f93ebeebd932bf650fe
SA-real-12800,S2,0,24,True,True,True,20.0,1111111111,,fff2f01e7abb7b21a09553a0741bd629f6a17cd5fe618f93ebeebd932bf650fe
SA-real-12800,S2,0,25,True,True,True,20.0,1111111111,,fff2f01e7abb7b21a09553a0741bd629f6a17cd5fe618f93ebeebd932bf650fe
SA-real-12800,S2,0,26,True,True,True,20.0,1111111111,,fff2f01e7abb7b21a09553a0741bd629f6a17cd5fe618f93ebeebd932bf650fe
SA-real-12800,S2,0,27,True,True,True,20.0,1111111111,,fff2f01e7abb7b21a09553a0741bd629f6a17cd5fe618f93ebeebd932bf650fe
SA-real-12800,S2,0,28,True,True,True,20.0,1111111111,,fff2f01e7abb7b21a09553a0741bd629f6a17cd5fe618f93ebeebd932bf650fe
SA-real-12800,S2,0,29,True,True,True,20.0,1111111111,,fff2f01e7abb7b21a09553a0741bd629f6a17cd5fe618f93ebeebd932bf650fe
SA-real-12800,S2,0,30,True,True,True,20.0,1111111111,,fff2f01e7abb7b21a09553a0741bd629f6a17cd5fe618f93ebeebd932bf650fe
SA-real-12800,S2,0,31,True,True,True,20.0,1111111111,,fff2f01e7abb7b21a09553a0741bd629f6a17cd5fe618f93ebeebd932bf650fe
SA-real-12800,S2,1,0,True,True,True,20.0,1111111111,,fff2f01e7abb7b21a09553a0741bd629f6a17cd5fe618f93ebeebd932bf650fe
SA-real-12800,S2,1,1,False,True,True,20.0,1101010101,,fff2f01e7abb7b21a09553a0741bd629f6a17cd5fe618f93ebeebd932bf650fe
SA-real-12800,S2,1,2,False,True,True,20.0,0111111111,,fff2f01e7abb7b21a09553a0741bd629f6a17cd5fe618f93ebeebd932bf650fe
SA-real-12800,S2,1,3,True,True,True,20.0,1111111111,,fff2f01e7abb7b21a09553a0741bd629f6a17cd5fe618f93ebeebd932bf650fe
SA-real-12800,S2,1,4,True,True,True,20.0,1111111111,,fff2f01e7abb7b21a09553a0741bd629f6a17cd5fe618f93ebeebd932bf650fe
SA-real-12800,S2,1,5,True,True,True,20.0,1111111111,,fff2f01e7abb7b21a09553a0741bd629f6a17cd5fe618f93ebeebd932bf650fe
SA-real-12800,S2,1,6,True,True,True,20.0,1111111111,,fff2f01e7abb7b21a09553a0741bd629f6a17cd5fe618f93ebeebd932bf650fe
SA-real-12800,S2,1,7,True,True,True,20.0,1111111111,,fff2f01e7abb7b21a09553a0741bd629f6a17cd5fe618f93ebeebd932bf650fe
SA-real-12800,S2,1,8,True,True,True,20.0,1111111111,,fff2f01e7abb7b21a09553a0741bd629f6a17cd5fe618f93ebeebd932bf650fe
SA-real-12800,S2,1,9,True,True,True,20.0,1111111111,,fff2f01e7abb7b21a09553a0741bd629f6a17cd5fe618f93ebeebd932bf650fe
SA-real-12800,S2,1,10,True,True,True,20.0,1111111111,,fff2f01e7abb7b21a09553a0741bd629f6a17cd5fe618f93ebeebd932bf650fe
SA-real-12800,S2,1,11,True,True,True,20.0,1111111111,,fff2f01e7abb7b21a09553a0741bd629f6a17cd5fe618f93ebeebd932bf650fe
SA-real-12800,S2,1,12,True,True,True,20.0,1111111111,,fff2f01e7abb7b21a09553a0741bd629f6a17cd5fe618f93ebeebd932bf650fe
SA-real-12800,S2,1,13,True,True,True,20.0,1111111111,,fff2f01e7abb7b21a09553a0741bd629f6a17cd5fe618f93ebeebd932bf650fe
SA-real-12800,S2,1,14,False,True,True,20.0,0111111111,,fff2f01e7abb7b21a09553a0741bd629f6a17cd5fe618f93ebeebd932bf650fe
SA-real-12800,S2,1,15,False,True,True,20.0,0111111111,,fff2f01e7abb7b21a09553a0741bd629f6a17cd5fe618f93ebeebd932bf650fe
SA-real-12800,S2,1,16,False,True,True,20.0,0111111111,,fff2f01e7abb7b21a09553a0741bd629f6a17cd5fe618f93ebeebd932bf650fe
SA-real-12800,S2,1,17,True,True,True,20.0,1111111111,,fff2f01e7abb7b21a09553a0741bd629f6a17cd5fe618f93ebeebd932bf650fe
SA-real-12800,S2,1,18,True,True,True,20.0,1111111111,,fff2f01e7abb7b21a09553a0741bd629f6a17cd5fe618f93ebeebd932bf650fe
SA-real-12800,S2,1,19,True,True,True,20.0,1111111111,,fff2f01e7abb7b21a09553a0741bd629f6a17cd5fe618f93ebeebd932bf650fe
SA-real-12800,S2,1,20,True,True,True,20.0,1111111111,,fff2f01e7abb7b21a09553a0741bd629f6a17cd5fe618f93ebeebd932bf650fe
SA-real-12800,S2,1,21,False,True,True,20.0,0111111111,,fff2f01e7abb7b21a09553a0741bd629f6a17cd5fe618f93ebeebd932bf650fe
SA-real-12800,S2,1,22,False,True,True,20.0,0111111111,,fff2f01e7abb7b21a09553a0741bd629f6a17cd5fe618f93ebeebd932bf650fe
SA-real-12800,S2,1,23,False,True,True,20.0,0111111111,,fff2f01e7abb7b21a09553a0741bd629f6a17cd5fe618f93ebeebd932bf650fe
SA-real-12800,S2,1,24,True,True,True,20.0,1111111111,,fff2f01e7abb7b21a09553a0741bd629f6a17cd5fe618f93ebeebd932bf650fe
SA-real-12800,S2,1,25,True,True,True,20.0,1111111111,,fff2f01e7abb7b21a09553a0741bd629f6a17cd5fe618f93ebeebd932bf650fe
SA-real-12800,S2,1,26,False,True,True,20.0,1111010101,,fff2f01e7abb7b21a09553a0741bd629f6a17cd5fe618f93ebeebd932bf650fe
SA-real-12800,S2,1,27,False,True,True,20.0,0101111111,,fff2f01e7abb7b21a09553a0741bd629f6a17cd5fe618f93ebeebd932bf650fe
SA-real-12800,S2,1,28,True,True,True,20.0,1111111111,,fff2f01e7abb7b21a09553a0741bd629f6a17cd5fe618f93ebeebd932bf650fe
SA-real-12800,S2,1,29,False,True,True,20.0,0111111111,,fff2f01e7abb7b21a09553a0741bd629f6a17cd5fe618f93ebeebd932bf650fe
SA-real-12800,S2,1,30,True,True,True,20.0,1111111111,,fff2f01e7abb7b21a09553a0741bd629f6a17cd5fe618f93ebeebd932bf650fe
SA-real-12800,S2,1,31,True,True,True,20.0,1111111111,,fff2f01e7abb7b21a09553a0741bd629f6a17cd5fe618f93ebeebd932bf650fe
SA-real-12800,S2,2,0,True,True,True,20.0,1111111111,,fff2f01e7abb7b21a09553a0741bd629f6a17cd5fe618f93ebeebd932bf650fe
SA-real-12800,S2,2,1,False,True,True,20.0,1111011111,,fff2f01e7abb7b21a09553a0741bd629f6a17cd5fe618f93ebeebd932bf650fe
SA-real-12800,S2,2,2,True,True,True,20.0,1111111111,,fff2f01e7abb7b21a09553a0741bd629f6a17cd5fe618f93ebeebd932bf650fe
SA-real-12800,S2,2,3,True,True,True,20.0,1111111111,,fff2f01e7abb7b21a09553a0741bd629f6a17cd5fe618f93ebeebd932bf650fe
SA-real-12800,S2,2,4,False,True,True,20.0,0101010101,,fff2f01e7abb7b21a09553a0741bd629f6a17cd5fe618f93ebeebd932bf650fe
SA-real-12800,S2,2,5,False,True,True,20.0,1111010101,,fff2f01e7abb7b21a09553a0741bd629f6a17cd5fe618f93ebeebd932bf650fe
SA-real-12800,S2,2,6,False,True,True,20.0,0101010101,,fff2f01e7abb7b21a09553a0741bd629f6a17cd5fe618f93ebeebd932bf650fe
SA-real-12800,S2,2,7,False,True,True,20.0,1111010101,,fff2f01e7abb7b21a09553a0741bd629f6a17cd5fe618f93ebeebd932bf650fe
SA-real-12800,S2,2,8,False,True,True,20.0,1101010111,,fff2f01e7abb7b21a09553a0741bd629f6a17cd5fe618f93ebeebd932bf650fe
SA-real-12800,S2,2,9,True,True,True,20.0,1111111111,,fff2f01e7abb7b21a09553a0741bd629f6a17cd5fe618f93ebeebd932bf650fe
SA-real-12800,S2,2,10,False,True,True,20.0,1101010101,,fff2f01e7abb7b21a09553a0741bd629f6a17cd5fe618f93ebeebd932bf650fe
SA-real-12800,S2,2,11,False,True,True,20.0,0101010101,,fff2f01e7abb7b21a09553a0741bd629f6a17cd5fe618f93ebeebd932bf650fe
SA-real-12800,S2,2,12,False,True,True,20.0,1111010101,,fff2f01e7abb7b21a09553a0741bd629f6a17cd5fe618f93ebeebd932bf650fe
SA-real-12800,S2,2,13,True,True,True,20.0,1111111111,,fff2f01e7abb7b21a09553a0741bd629f6a17cd5fe618f93ebeebd932bf650fe
SA-real-12800,S2,2,14,True,True,True,20.0,1111111111,,fff2f01e7abb7b21a09553a0741bd629f6a17cd5fe618f93ebeebd932bf650fe
SA-real-12800,S2,2,15,False,True,True,20.0,1111010101,,fff2f01e7abb7b21a09553a0741bd629f6a17cd5fe618f93ebeebd932bf650fe
SA-real-12800,S2,2,16,False,True,True,20.0,1111011111,,fff2f01e7abb7b21a09553a0741bd629f6a17cd5fe618f93ebeebd932bf650fe
SA-real-12800,S2,2,17,False,True,True,20.0,1111111101,,fff2f01e7abb7b21a09553a0741bd629f6a17cd5fe618f93ebeebd932bf650fe
SA-real-12800,S2,2,18,True,True,True,20.0,1111111111,,fff2f01e7abb7b21a09553a0741bd629f6a17cd5fe618f93ebeebd932bf650fe
SA-real-12800,S2,2,19,True,True,True,20.0,1111111111,,fff2f01e7abb7b21a09553a0741bd629f6a17cd5fe618f93ebeebd932bf650fe
SA-real-12800,S2,2,20,False,True,True,20.0,1111110101,,fff2f01e7abb7b21a09553a0741bd629f6a17cd5fe618f93ebeebd932bf650fe
SA-real-12800,S2,2,21,False,True,True,20.0,1101010101,,fff2f01e7abb7b21a09553a0741bd629f6a17cd5fe618f93ebeebd932bf650fe
SA-real-12800,S2,2,22,False,True,True,20.0,1111111101,,fff2f01e7abb7b21a09553a0741bd629f6a17cd5fe618f93ebeebd932bf650fe
SA-real-12800,S2,2,23,False,True,True,20.0,0101010101,,fff2f01e7abb7b21a09553a0741bd629f6a17cd5fe618f93ebeebd932bf650fe
SA-real-12800,S2,2,24,True,True,True,20.0,1111111111,,fff2f01e7abb7b21a09553a0741bd629f6a17cd5fe618f93ebeebd932bf650fe
SA-real-12800,S2,2,25,False,True,True,20.0,0111111111,,fff2f01e7abb7b21a09553a0741bd629f6a17cd5fe618f93ebeebd932bf650fe
SA-real-12800,S2,2,26,False,True,True,20.0,0101010101,,fff2f01e7abb7b21a09553a0741bd629f6a17cd5fe618f93ebeebd932bf650fe
SA-real-12800,S2,2,27,False,True,True,20.0,0101010101,,fff2f01e7abb7b21a09553a0741bd629f6a17cd5fe618f93ebeebd932bf650fe
SA-real-12800,S2,2,28,True,True,True,20.0,1111111111,,fff2f01e7abb7b21a09553a0741bd629f6a17cd5fe618f93ebeebd932bf650fe
SA-real-12800,S2,2,29,False,True,True,20.0,0111010101,,fff2f01e7abb7b21a09553a0741bd629f6a17cd5fe618f93ebeebd932bf650fe
SA-real-12800,S2,2,30,True,True,True,20.0,1111111111,,fff2f01e7abb7b21a09553a0741bd629f6a17cd5fe618f93ebeebd932bf650fe
SA-real-12800,S2,2,31,True,True,True,20.0,1111111111,,fff2f01e7abb7b21a09553a0741bd629f6a17cd5fe618f93ebeebd932bf650fe
SA-real-12800,S2,3,0,True,True,True,20.0,1111111111,,fff2f01e7abb7b21a09553a0741bd629f6a17cd5fe618f93ebeebd932bf650fe
SA-real-12800,S2,3,1,True,True,True,20.0,1111111111,,fff2f01e7abb7b21a09553a0741bd629f6a17cd5fe618f93ebeebd932bf650fe
SA-real-12800,S2,3,2,True,True,True,20.0,1111111111,,fff2f01e7abb7b21a09553a0741bd629f6a17cd5fe618f93ebeebd932bf650fe
SA-real-12800,S2,3,3,True,True,True,20.0,1111111111,,fff2f01e7abb7b21a09553a0741bd629f6a17cd5fe618f93ebeebd932bf650fe
SA-real-12800,S2,3,4,False,False,False,9.833333333333334,1111000000,,fff2f01e7abb7b21a09553a0741bd629f6a17cd5fe618f93ebeebd932bf650fe
SA-real-12800,S2,3,5,True,True,True,20.0,1111111111,,fff2f01e7abb7b21a09553a0741bd629f6a17cd5fe618f93ebeebd932bf650fe
SA-real-12800,S2,3,6,True,True,True,20.0,1111111111,,fff2f01e7abb7b21a09553a0741bd629f6a17cd5fe618f93ebeebd932bf650fe
SA-real-12800,S2,3,7,True,True,True,20.0,1111111111,,fff2f01e7abb7b21a09553a0741bd629f6a17cd5fe618f93ebeebd932bf650fe
SA-real-12800,S2,3,8,True,True,True,20.0,1111111111,,fff2f01e7abb7b21a09553a0741bd629f6a17cd5fe618f93ebeebd932bf650fe
SA-real-12800,S2,3,9,True,True,True,20.0,1111111111,,fff2f01e7abb7b21a09553a0741bd629f6a17cd5fe618f93ebeebd932bf650fe
SA-real-12800,S2,3,10,True,True,True,20.0,1111111111,,fff2f01e7abb7b21a09553a0741bd629f6a17cd5fe618f93ebeebd932bf650fe
SA-real-12800,S2,3,11,True,True,True,20.0,1111111111,,fff2f01e7abb7b21a09553a0741bd629f6a17cd5fe618f93ebeebd932bf650fe
SA-real-12800,S2,3,12,False,False,False,17.3,1111110100,,fff2f01e7abb7b21a09553a0741bd629f6a17cd5fe618f93ebeebd932bf650fe
SA-real-12800,S2,3,13,True,True,True,20.0,1111111111,,fff2f01e7abb7b21a09553a0741bd629f6a17cd5fe618f93ebeebd932bf650fe
SA-real-12800,S2,3,14,True,True,True,20.0,1111111111,,fff2f01e7abb7b21a09553a0741bd629f6a17cd5fe618f93ebeebd932bf650fe
SA-real-12800,S2,3,15,False,False,False,5.566666666666666,1100000000,,fff2f01e7abb7b21a09553a0741bd629f6a17cd5fe618f93ebeebd932bf650fe
SA-real-12800,S2,3,16,True,True,True,20.0,1111111111,,fff2f01e7abb7b21a09553a0741bd629f6a17cd5fe618f93ebeebd932bf650fe
SA-real-12800,S2,3,17,True,True,True,20.0,1111111111,,fff2f01e7abb7b21a09553a0741bd629f6a17cd5fe618f93ebeebd932bf650fe
SA-real-12800,S2,3,18,True,True,True,20.0,1111111111,,fff2f01e7abb7b21a09553a0741bd629f6a17cd5fe618f93ebeebd932bf650fe
SA-real-12800,S2,3,19,True,True,True,20.0,1111111111,,fff2f01e7abb7b21a09553a0741bd629f6a17cd5fe618f93ebeebd932bf650fe
SA-real-12800,S2,3,20,True,True,True,20.0,1111111111,,fff2f01e7abb7b21a09553a0741bd629f6a17cd5fe618f93ebeebd932bf650fe
SA-real-12800,S2,3,21,True,True,True,20.0,1111111111,,fff2f01e7abb7b21a09553a0741bd629f6a17cd5fe618f93ebeebd932bf650fe
SA-real-12800,S2,3,22,True,True,True,20.0,1111111111,,fff2f01e7abb7b21a09553a0741bd629f6a17cd5fe618f93ebeebd932bf650fe
SA-real-12800,S2,3,23,False,True,True,20.0,1111111101,,fff2f01e7abb7b21a09553a0741bd629f6a17cd5fe618f93ebeebd932bf650fe
SA-real-12800,S2,3,24,True,True,True,20.0,1111111111,,fff2f01e7abb7b21a09553a0741bd629f6a17cd5fe618f93ebeebd932bf650fe
SA-real-12800,S2,3,25,True,True,True,20.0,1111111111,,fff2f01e7abb7b21a09553a0741bd629f6a17cd5fe618f93ebeebd932bf650fe
SA-real-12800,S2,3,26,True,True,True,20.0,1111111111,,fff2f01e7abb7b21a09553a0741bd629f6a17cd5fe618f93ebeebd932bf650fe
SA-real-12800,S2,3,27,False,False,False,13.7,1111110000,,fff2f01e7abb7b21a09553a0741bd629f6a17cd5fe618f93ebeebd932bf650fe
SA-real-12800,S2,3,28,True,True,True,20.0,1111111111,,fff2f01e7abb7b21a09553a0741bd629f6a17cd5fe618f93ebeebd932bf650fe
SA-real-12800,S2,3,29,False,False,True,5.633333333333334,1101010101,,fff2f01e7abb7b21a09553a0741bd629f6a17cd5fe618f93ebeebd932bf650fe
SA-real-12800,S2,3,30,False,True,True,20.0,0101111111,,fff2f01e7abb7b21a09553a0741bd629f6a17cd5fe618f93ebeebd932bf650fe
SA-real-12800,S2,3,31,False,True,True,20.0,1111110111,,fff2f01e7abb7b21a09553a0741bd629f6a17cd5fe618f93ebeebd932bf650fe
SA-real-12800,S5,0,0,True,True,True,20.0,1111,,fff2f01e7abb7b21a09553a0741bd629f6a17cd5fe618f93ebeebd932bf650fe
SA-real-12800,S5,0,1,True,True,True,20.0,1111,,fff2f01e7abb7b21a09553a0741bd629f6a17cd5fe618f93ebeebd932bf650fe
SA-real-12800,S5,0,2,True,True,True,20.0,1111,,fff2f01e7abb7b21a09553a0741bd629f6a17cd5fe618f93ebeebd932bf650fe
SA-real-12800,S5,0,3,False,True,True,20.0,0101,,fff2f01e7abb7b21a09553a0741bd629f6a17cd5fe618f93ebeebd932bf650fe
SA-real-12800,S5,0,4,True,True,True,20.0,1111,,fff2f01e7abb7b21a09553a0741bd629f6a17cd5fe618f93ebeebd932bf650fe
SA-real-12800,S5,0,5,True,True,True,20.0,1111,,fff2f01e7abb7b21a09553a0741bd629f6a17cd5fe618f93ebeebd932bf650fe
SA-real-12800,S5,0,6,False,True,True,20.0,1101,,fff2f01e7abb7b21a09553a0741bd629f6a17cd5fe618f93ebeebd932bf650fe
SA-real-12800,S5,0,7,True,True,True,20.0,1111,,fff2f01e7abb7b21a09553a0741bd629f6a17cd5fe618f93ebeebd932bf650fe
SA-real-12800,S5,0,8,True,True,True,20.0,1111,,fff2f01e7abb7b21a09553a0741bd629f6a17cd5fe618f93ebeebd932bf650fe
SA-real-12800,S5,0,9,True,True,True,20.0,1111,,fff2f01e7abb7b21a09553a0741bd629f6a17cd5fe618f93ebeebd932bf650fe
SA-real-12800,S5,0,10,False,True,True,20.0,0101,,fff2f01e7abb7b21a09553a0741bd629f6a17cd5fe618f93ebeebd932bf650fe
SA-real-12800,S5,0,11,True,True,True,20.0,1111,,fff2f01e7abb7b21a09553a0741bd629f6a17cd5fe618f93ebeebd932bf650fe
SA-real-12800,S5,0,12,True,True,True,20.0,1111,,fff2f01e7abb7b21a09553a0741bd629f6a17cd5fe618f93ebeebd932bf650fe
SA-real-12800,S5,0,13,True,True,True,20.0,1111,,fff2f01e7abb7b21a09553a0741bd629f6a17cd5fe618f93ebeebd932bf650fe
SA-real-12800,S5,0,14,True,True,True,20.0,1111,,fff2f01e7abb7b21a09553a0741bd629f6a17cd5fe618f93ebeebd932bf650fe
SA-real-12800,S5,0,15,False,True,True,20.0,0111,,fff2f01e7abb7b21a09553a0741bd629f6a17cd5fe618f93ebeebd932bf650fe
SA-real-12800,S5,0,16,True,True,True,20.0,1111,,fff2f01e7abb7b21a09553a0741bd629f6a17cd5fe618f93ebeebd932bf650fe
SA-real-12800,S5,0,17,True,True,True,20.0,1111,,fff2f01e7abb7b21a09553a0741bd629f6a17cd5fe618f93ebeebd932bf650fe
SA-real-12800,S5,0,18,False,True,True,20.0,0111,,fff2f01e7abb7b21a09553a0741bd629f6a17cd5fe618f93ebeebd932bf650fe
SA-real-12800,S5,0,19,True,True,True,20.0,1111,,fff2f01e7abb7b21a09553a0741bd629f6a17cd5fe618f93ebeebd932bf650fe
SA-real-12800,S5,0,20,True,True,True,20.0,1111,,fff2f01e7abb7b21a09553a0741bd629f6a17cd5fe618f93ebeebd932bf650fe
SA-real-12800,S5,0,21,False,True,True,20.0,0111,,fff2f01e7abb7b21a09553a0741bd629f6a17cd5fe618f93ebeebd932bf650fe
SA-real-12800,S5,0,22,True,True,True,20.0,1111,,fff2f01e7abb7b21a09553a0741bd629f6a17cd5fe618f93ebeebd932bf650fe
SA-real-12800,S5,0,23,True,True,True,20.0,1111,,fff2f01e7abb7b21a09553a0741bd629f6a17cd5fe618f93ebeebd932bf650fe
SA-real-12800,S5,0,24,True,True,True,20.0,1111,,fff2f01e7abb7b21a09553a0741bd629f6a17cd5fe618f93ebeebd932bf650fe
SA-real-12800,S5,0,25,True,True,True,20.0,1111,,fff2f01e7abb7b21a09553a0741bd629f6a17cd5fe618f93ebeebd932bf650fe
SA-real-12800,S5,0,26,True,True,True,20.0,1111,,fff2f01e7abb7b21a09553a0741bd629f6a17cd5fe618f93ebeebd932bf650fe
SA-real-12800,S5,0,27,True,True,True,20.0,1111,,fff2f01e7abb7b21a09553a0741bd629f6a17cd5fe618f93ebeebd932bf650fe
SA-real-12800,S5,0,28,False,True,True,20.0,0111,,fff2f01e7abb7b21a09553a0741bd629f6a17cd5fe618f93ebeebd932bf650fe
SA-real-12800,S5,0,29,True,True,True,20.0,1111,,fff2f01e7abb7b21a09553a0741bd629f6a17cd5fe618f93ebeebd932bf650fe
SA-real-12800,S5,0,30,True,True,True,20.0,1111,,fff2f01e7abb7b21a09553a0741bd629f6a17cd5fe618f93ebeebd932bf650fe
SA-real-12800,S5,0,31,True,True,True,20.0,1111,,fff2f01e7abb7b21a09553a0741bd629f6a17cd5fe618f93ebeebd932bf650fe
SA-real-12800,S5,1,0,True,True,True,20.0,1111,,fff2f01e7abb7b21a09553a0741bd629f6a17cd5fe618f93ebeebd932bf650fe
SA-real-12800,S5,1,1,True,True,True,20.0,1111,,fff2f01e7abb7b21a09553a0741bd629f6a17cd5fe618f93ebeebd932bf650fe
SA-real-12800,S5,1,2,True,True,True,20.0,1111,,fff2f01e7abb7b21a09553a0741bd629f6a17cd5fe618f93ebeebd932bf650fe
SA-real-12800,S5,1,3,True,True,True,20.0,1111,,fff2f01e7abb7b21a09553a0741bd629f6a17cd5fe618f93ebeebd932bf650fe
SA-real-12800,S5,1,4,True,True,True,20.0,1111,,fff2f01e7abb7b21a09553a0741bd629f6a17cd5fe618f93ebeebd932bf650fe
SA-real-12800,S5,1,5,False,True,True,20.0,0111,,fff2f01e7abb7b21a09553a0741bd629f6a17cd5fe618f93ebeebd932bf650fe
SA-real-12800,S5,1,6,False,True,True,20.0,0111,,fff2f01e7abb7b21a09553a0741bd629f6a17cd5fe618f93ebeebd932bf650fe
SA-real-12800,S5,1,7,True,True,True,20.0,1111,,fff2f01e7abb7b21a09553a0741bd629f6a17cd5fe618f93ebeebd932bf650fe
SA-real-12800,S5,1,8,True,True,True,20.0,1111,,fff2f01e7abb7b21a09553a0741bd629f6a17cd5fe618f93ebeebd932bf650fe
SA-real-12800,S5,1,9,True,True,True,20.0,1111,,fff2f01e7abb7b21a09553a0741bd629f6a17cd5fe618f93ebeebd932bf650fe
SA-real-12800,S5,1,10,False,True,True,20.0,0111,,fff2f01e7abb7b21a09553a0741bd629f6a17cd5fe618f93ebeebd932bf650fe
SA-real-12800,S5,1,11,True,True,True,20.0,1111,,fff2f01e7abb7b21a09553a0741bd629f6a17cd5fe618f93ebeebd932bf650fe
SA-real-12800,S5,1,12,True,True,True,20.0,1111,,fff2f01e7abb7b21a09553a0741bd629f6a17cd5fe618f93ebeebd932bf650fe
SA-real-12800,S5,1,13,True,True,True,20.0,1111,,fff2f01e7abb7b21a09553a0741bd629f6a17cd5fe618f93ebeebd932bf650fe
SA-real-12800,S5,1,14,True,True,True,20.0,1111,,fff2f01e7abb7b21a09553a0741bd629f6a17cd5fe618f93ebeebd932bf650fe
SA-real-12800,S5,1,15,False,True,True,20.0,0101,,fff2f01e7abb7b21a09553a0741bd629f6a17cd5fe618f93ebeebd932bf650fe
SA-real-12800,S5,1,16,False,True,True,20.0,0111,,fff2f01e7abb7b21a09553a0741bd629f6a17cd5fe618f93ebeebd932bf650fe
SA-real-12800,S5,1,17,True,True,True,20.0,1111,,fff2f01e7abb7b21a09553a0741bd629f6a17cd5fe618f93ebeebd932bf650fe
SA-real-12800,S5,1,18,True,True,True,20.0,1111,,fff2f01e7abb7b21a09553a0741bd629f6a17cd5fe618f93ebeebd932bf650fe
SA-real-12800,S5,1,19,True,True,True,20.0,1111,,fff2f01e7abb7b21a09553a0741bd629f6a17cd5fe618f93ebeebd932bf650fe
SA-real-12800,S5,1,20,True,True,True,20.0,1111,,fff2f01e7abb7b21a09553a0741bd629f6a17cd5fe618f93ebeebd932bf650fe
SA-real-12800,S5,1,21,False,True,True,20.0,0101,,fff2f01e7abb7b21a09553a0741bd629f6a17cd5fe618f93ebeebd932bf650fe
SA-real-12800,S5,1,22,False,True,True,20.0,0111,,fff2f01e7abb7b21a09553a0741bd629f6a17cd5fe618f93ebeebd932bf650fe
SA-real-12800,S5,1,23,True,True,True,20.0,1111,,fff2f01e7abb7b21a09553a0741bd629f6a17cd5fe618f93ebeebd932bf650fe
SA-real-12800,S5,1,24,True,True,True,20.0,1111,,fff2f01e7abb7b21a09553a0741bd629f6a17cd5fe618f93ebeebd932bf650fe
SA-real-12800,S5,1,25,True,True,True,20.0,1111,,fff2f01e7abb7b21a09553a0741bd629f6a17cd5fe618f93ebeebd932bf650fe
SA-real-12800,S5,1,26,True,True,True,20.0,1111,,fff2f01e7abb7b21a09553a0741bd629f6a17cd5fe618f93ebeebd932bf650fe
SA-real-12800,S5,1,27,False,True,True,20.0,0101,,fff2f01e7abb7b21a09553a0741bd629f6a17cd5fe618f93ebeebd932bf650fe
SA-real-12800,S5,1,28,True,True,True,20.0,1111,,fff2f01e7abb7b21a09553a0741bd629f6a17cd5fe618f93ebeebd932bf650fe
SA-real-12800,S5,1,29,False,True,True,20.0,0111,,fff2f01e7abb7b21a09553a0741bd629f6a17cd5fe618f93ebeebd932bf650fe
SA-real-12800,S5,1,30,True,True,True,20.0,1111,,fff2f01e7abb7b21a09553a0741bd629f6a17cd5fe618f93ebeebd932bf650fe
SA-real-12800,S5,1,31,False,True,True,20.0,0111,,fff2f01e7abb7b21a09553a0741bd629f6a17cd5fe618f93ebeebd932bf650fe
SA-real-12800,S5,2,0,True,True,True,20.0,1111,,fff2f01e7abb7b21a09553a0741bd629f6a17cd5fe618f93ebeebd932bf650fe
SA-real-12800,S5,2,1,False,True,True,20.0,1101,,fff2f01e7abb7b21a09553a0741bd629f6a17cd5fe618f93ebeebd932bf650fe
SA-real-12800,S5,2,2,True,True,True,20.0,1111,,fff2f01e7abb7b21a09553a0741bd629f6a17cd5fe618f93ebeebd932bf650fe
SA-real-12800,S5,2,3,True,True,True,20.0,1111,,fff2f01e7abb7b21a09553a0741bd629f6a17cd5fe618f93ebeebd932bf650fe
SA-real-12800,S5,2,4,True,True,True,20.0,1111,,fff2f01e7abb7b21a09553a0741bd629f6a17cd5fe618f93ebeebd932bf650fe
SA-real-12800,S5,2,5,True,True,True,20.0,1111,,fff2f01e7abb7b21a09553a0741bd629f6a17cd5fe618f93ebeebd932bf650fe
SA-real-12800,S5,2,6,False,True,True,20.0,1101,,fff2f01e7abb7b21a09553a0741bd629f6a17cd5fe618f93ebeebd932bf650fe
SA-real-12800,S5,2,7,False,True,True,20.0,1101,,fff2f01e7abb7b21a09553a0741bd629f6a17cd5fe618f93ebeebd932bf650fe
SA-real-12800,S5,2,8,False,True,True,20.0,1101,,fff2f01e7abb7b21a09553a0741bd629f6a17cd5fe618f93ebeebd932bf650fe
SA-real-12800,S5,2,9,True,True,True,20.0,1111,,fff2f01e7abb7b21a09553a0741bd629f6a17cd5fe618f93ebeebd932bf650fe
SA-real-12800,S5,2,10,True,True,True,20.0,1111,,fff2f01e7abb7b21a09553a0741bd629f6a17cd5fe618f93ebeebd932bf650fe
SA-real-12800,S5,2,11,False,True,True,20.0,1101,,fff2f01e7abb7b21a09553a0741bd629f6a17cd5fe618f93ebeebd932bf650fe
SA-real-12800,S5,2,12,True,True,True,20.0,1111,,fff2f01e7abb7b21a09553a0741bd629f6a17cd5fe618f93ebeebd932bf650fe
SA-real-12800,S5,2,13,True,True,True,20.0,1111,,fff2f01e7abb7b21a09553a0741bd629f6a17cd5fe618f93ebeebd932bf650fe
SA-real-12800,S5,2,14,True,True,True,20.0,1111,,fff2f01e7abb7b21a09553a0741bd629f6a17cd5fe618f93ebeebd932bf650fe
SA-real-12800,S5,2,15,True,True,True,20.0,1111,,fff2f01e7abb7b21a09553a0741bd629f6a17cd5fe618f93ebeebd932bf650fe
SA-real-12800,S5,2,16,False,True,True,20.0,0101,,fff2f01e7abb7b21a09553a0741bd629f6a17cd5fe618f93ebeebd932bf650fe
SA-real-12800,S5,2,17,True,True,True,20.0,1111,,fff2f01e7abb7b21a09553a0741bd629f6a17cd5fe618f93ebeebd932bf650fe
SA-real-12800,S5,2,18,True,True,True,20.0,1111,,fff2f01e7abb7b21a09553a0741bd629f6a17cd5fe618f93ebeebd932bf650fe
SA-real-12800,S5,2,19,True,True,True,20.0,1111,,fff2f01e7abb7b21a09553a0741bd629f6a17cd5fe618f93ebeebd932bf650fe
SA-real-12800,S5,2,20,False,True,True,20.0,0101,,fff2f01e7abb7b21a09553a0741bd629f6a17cd5fe618f93ebeebd932bf650fe
SA-real-12800,S5,2,21,True,True,True,20.0,1111,,fff2f01e7abb7b21a09553a0741bd629f6a17cd5fe618f93ebeebd932bf650fe
SA-real-12800,S5,2,22,True,True,True,20.0,1111,,fff2f01e7abb7b21a09553a0741bd629f6a17cd5fe618f93ebeebd932bf650fe
SA-real-12800,S5,2,23,False,True,True,20.0,0101,,fff2f01e7abb7b21a09553a0741bd629f6a17cd5fe618f93ebeebd932bf650fe
SA-real-12800,S5,2,24,True,True,True,20.0,1111,,fff2f01e7abb7b21a09553a0741bd629f6a17cd5fe618f93ebeebd932bf650fe
SA-real-12800,S5,2,25,True,True,True,20.0,1111,,fff2f01e7abb7b21a09553a0741bd629f6a17cd5fe618f93ebeebd932bf650fe
SA-real-12800,S5,2,26,False,True,True,20.0,1101,,fff2f01e7abb7b21a09553a0741bd629f6a17cd5fe618f93ebeebd932bf650fe
SA-real-12800,S5,2,27,False,True,True,20.0,0101,,fff2f01e7abb7b21a09553a0741bd629f6a17cd5fe618f93ebeebd932bf650fe
SA-real-12800,S5,2,28,True,True,True,20.0,1111,,fff2f01e7abb7b21a09553a0741bd629f6a17cd5fe618f93ebeebd932bf650fe
SA-real-12800,S5,2,29,False,True,True,20.0,1101,,fff2f01e7abb7b21a09553a0741bd629f6a17cd5fe618f93ebeebd932bf650fe
SA-real-12800,S5,2,30,True,True,True,20.0,1111,,fff2f01e7abb7b21a09553a0741bd629f6a17cd5fe618f93ebeebd932bf650fe
SA-real-12800,S5,2,31,True,True,True,20.0,1111,,fff2f01e7abb7b21a09553a0741bd629f6a17cd5fe618f93ebeebd932bf650fe
SA-real-12800,S5,3,0,True,True,True,20.0,1111,,fff2f01e7abb7b21a09553a0741bd629f6a17cd5fe618f93ebeebd932bf650fe
SA-real-12800,S5,3,1,True,True,True,20.0,1111,,fff2f01e7abb7b21a09553a0741bd629f6a17cd5fe618f93ebeebd932bf650fe
SA-real-12800,S5,3,2,True,True,True,20.0,1111,,fff2f01e7abb7b21a09553a0741bd629f6a17cd5fe618f93ebeebd932bf650fe
SA-real-12800,S5,3,3,False,True,True,20.0,1101,,fff2f01e7abb7b21a09553a0741bd629f6a17cd5fe618f93ebeebd932bf650fe
SA-real-12800,S5,3,4,True,True,True,20.0,1111,,fff2f01e7abb7b21a09553a0741bd629f6a17cd5fe618f93ebeebd932bf650fe
SA-real-12800,S5,3,5,True,True,True,20.0,1111,,fff2f01e7abb7b21a09553a0741bd629f6a17cd5fe618f93ebeebd932bf650fe
SA-real-12800,S5,3,6,True,True,True,20.0,1111,,fff2f01e7abb7b21a09553a0741bd629f6a17cd5fe618f93ebeebd932bf650fe
SA-real-12800,S5,3,7,True,True,True,20.0,1111,,fff2f01e7abb7b21a09553a0741bd629f6a17cd5fe618f93ebeebd932bf650fe
SA-real-12800,S5,3,8,True,True,True,20.0,1111,,fff2f01e7abb7b21a09553a0741bd629f6a17cd5fe618f93ebeebd932bf650fe
SA-real-12800,S5,3,9,True,True,True,20.0,1111,,fff2f01e7abb7b21a09553a0741bd629f6a17cd5fe618f93ebeebd932bf650fe
SA-real-12800,S5,3,10,True,True,True,20.0,1111,,fff2f01e7abb7b21a09553a0741bd629f6a17cd5fe618f93ebeebd932bf650fe
SA-real-12800,S5,3,11,False,True,True,20.0,1101,,fff2f01e7abb7b21a09553a0741bd629f6a17cd5fe618f93ebeebd932bf650fe
SA-real-12800,S5,3,12,False,True,True,20.0,0101,,fff2f01e7abb7b21a09553a0741bd629f6a17cd5fe618f93ebeebd932bf650fe
SA-real-12800,S5,3,13,True,True,True,20.0,1111,,fff2f01e7abb7b21a09553a0741bd629f6a17cd5fe618f93ebeebd932bf650fe
SA-real-12800,S5,3,14,True,True,True,20.0,1111,,fff2f01e7abb7b21a09553a0741bd629f6a17cd5fe618f93ebeebd932bf650fe
SA-real-12800,S5,3,15,False,False,False,12.333333333333334,0100,,fff2f01e7abb7b21a09553a0741bd629f6a17cd5fe618f93ebeebd932bf650fe
SA-real-12800,S5,3,16,True,True,True,20.0,1111,,fff2f01e7abb7b21a09553a0741bd629f6a17cd5fe618f93ebeebd932bf650fe
SA-real-12800,S5,3,17,True,True,True,20.0,1111,,fff2f01e7abb7b21a09553a0741bd629f6a17cd5fe618f93ebeebd932bf650fe
SA-real-12800,S5,3,18,True,True,True,20.0,1111,,fff2f01e7abb7b21a09553a0741bd629f6a17cd5fe618f93ebeebd932bf650fe
SA-real-12800,S5,3,19,False,True,True,20.0,0101,,fff2f01e7abb7b21a09553a0741bd629f6a17cd5fe618f93ebeebd932bf650fe
SA-real-12800,S5,3,20,True,True,True,20.0,1111,,fff2f01e7abb7b21a09553a0741bd629f6a17cd5fe618f93ebeebd932bf650fe
SA-real-12800,S5,3,21,True,True,True,20.0,1111,,fff2f01e7abb7b21a09553a0741bd629f6a17cd5fe618f93ebeebd932bf650fe
SA-real-12800,S5,3,22,True,True,True,20.0,1111,,fff2f01e7abb7b21a09553a0741bd629f6a17cd5fe618f93ebeebd932bf650fe
SA-real-12800,S5,3,23,False,True,True,20.0,0101,,fff2f01e7abb7b21a09553a0741bd629f6a17cd5fe618f93ebeebd932bf650fe
SA-real-12800,S5,3,24,True,True,True,20.0,1111,,fff2f01e7abb7b21a09553a0741bd629f6a17cd5fe618f93ebeebd932bf650fe
SA-real-12800,S5,3,25,False,True,True,20.0,0101,,fff2f01e7abb7b21a09553a0741bd629f6a17cd5fe618f93ebeebd932bf650fe
SA-real-12800,S5,3,26,True,True,True,20.0,1111,,fff2f01e7abb7b21a09553a0741bd629f6a17cd5fe618f93ebeebd932bf650fe
SA-real-12800,S5,3,27,True,True,True,20.0,1111,,fff2f01e7abb7b21a09553a0741bd629f6a17cd5fe618f93ebeebd932bf650fe
SA-real-12800,S5,3,28,True,True,True,20.0,1111,,fff2f01e7abb7b21a09553a0741bd629f6a17cd5fe618f93ebeebd932bf650fe
SA-real-12800,S5,3,29,True,True,True,20.0,1111,,fff2f01e7abb7b21a09553a0741bd629f6a17cd5fe618f93ebeebd932bf650fe
SA-real-12800,S5,3,30,False,True,True,20.0,0101,,fff2f01e7abb7b21a09553a0741bd629f6a17cd5fe618f93ebeebd932bf650fe
SA-real-12800,S5,3,31,False,True,True,20.0,0101,,fff2f01e7abb7b21a09553a0741bd629f6a17cd5fe618f93ebeebd932bf650fe
SA-real-12800,F,0,0,True,True,True,40.0,,10,fff2f01e7abb7b21a09553a0741bd629f6a17cd5fe618f93ebeebd932bf650fe
SA-real-12800,F,0,1,True,True,True,40.0,,10,fff2f01e7abb7b21a09553a0741bd629f6a17cd5fe618f93ebeebd932bf650fe
SA-real-12800,F,0,2,True,True,True,40.0,,10,fff2f01e7abb7b21a09553a0741bd629f6a17cd5fe618f93ebeebd932bf650fe
SA-real-12800,F,0,3,True,True,True,40.0,,10,fff2f01e7abb7b21a09553a0741bd629f6a17cd5fe618f93ebeebd932bf650fe
SA-real-12800,F,0,4,True,True,True,40.0,,10,fff2f01e7abb7b21a09553a0741bd629f6a17cd5fe618f93ebeebd932bf650fe
SA-real-12800,F,0,5,True,True,True,40.0,,10,fff2f01e7abb7b21a09553a0741bd629f6a17cd5fe618f93ebeebd932bf650fe
SA-real-12800,F,0,6,True,True,True,40.0,,10,fff2f01e7abb7b21a09553a0741bd629f6a17cd5fe618f93ebeebd932bf650fe
SA-real-12800,F,0,7,True,True,True,40.0,,10,fff2f01e7abb7b21a09553a0741bd629f6a17cd5fe618f93ebeebd932bf650fe
SA-real-12800,F,0,8,True,True,True,40.0,,10,fff2f01e7abb7b21a09553a0741bd629f6a17cd5fe618f93ebeebd932bf650fe
SA-real-12800,F,0,9,True,True,True,40.0,,10,fff2f01e7abb7b21a09553a0741bd629f6a17cd5fe618f93ebeebd932bf650fe
SA-real-12800,F,0,10,True,True,True,40.0,,10,fff2f01e7abb7b21a09553a0741bd629f6a17cd5fe618f93ebeebd932bf650fe
SA-real-12800,F,0,11,True,True,True,40.0,,10,fff2f01e7abb7b21a09553a0741bd629f6a17cd5fe618f93ebeebd932bf650fe
SA-real-12800,F,0,12,True,True,True,40.0,,10,fff2f01e7abb7b21a09553a0741bd629f6a17cd5fe618f93ebeebd932bf650fe
SA-real-12800,F,0,13,True,True,True,40.0,,10,fff2f01e7abb7b21a09553a0741bd629f6a17cd5fe618f93ebeebd932bf650fe
SA-real-12800,F,0,14,True,True,True,40.0,,10,fff2f01e7abb7b21a09553a0741bd629f6a17cd5fe618f93ebeebd932bf650fe
SA-real-12800,F,0,15,True,True,True,40.0,,10,fff2f01e7abb7b21a09553a0741bd629f6a17cd5fe618f93ebeebd932bf650fe
SA-real-12800,F,0,16,True,True,True,40.0,,10,fff2f01e7abb7b21a09553a0741bd629f6a17cd5fe618f93ebeebd932bf650fe
SA-real-12800,F,0,17,True,True,True,40.0,,10,fff2f01e7abb7b21a09553a0741bd629f6a17cd5fe618f93ebeebd932bf650fe
SA-real-12800,F,0,18,True,True,True,40.0,,10,fff2f01e7abb7b21a09553a0741bd629f6a17cd5fe618f93ebeebd932bf650fe
SA-real-12800,F,0,19,True,True,True,40.0,,10,fff2f01e7abb7b21a09553a0741bd629f6a17cd5fe618f93ebeebd932bf650fe
SA-real-12800,F,0,20,True,True,True,40.0,,10,fff2f01e7abb7b21a09553a0741bd629f6a17cd5fe618f93ebeebd932bf650fe
SA-real-12800,F,0,21,True,True,True,40.0,,10,fff2f01e7abb7b21a09553a0741bd629f6a17cd5fe618f93ebeebd932bf650fe
SA-real-12800,F,0,22,True,True,True,40.0,,10,fff2f01e7abb7b21a09553a0741bd629f6a17cd5fe618f93ebeebd932bf650fe
SA-real-12800,F,0,23,True,True,True,40.0,,10,fff2f01e7abb7b21a09553a0741bd629f6a17cd5fe618f93ebeebd932bf650fe
SA-real-12800,F,0,24,True,True,True,40.0,,10,fff2f01e7abb7b21a09553a0741bd629f6a17cd5fe618f93ebeebd932bf650fe
SA-real-12800,F,0,25,True,True,True,40.0,,10,fff2f01e7abb7b21a09553a0741bd629f6a17cd5fe618f93ebeebd932bf650fe
SA-real-12800,F,0,26,True,True,True,40.0,,10,fff2f01e7abb7b21a09553a0741bd629f6a17cd5fe618f93ebeebd932bf650fe
SA-real-12800,F,0,27,True,True,True,40.0,,10,fff2f01e7abb7b21a09553a0741bd629f6a17cd5fe618f93ebeebd932bf650fe
SA-real-12800,F,0,28,True,True,True,40.0,,10,fff2f01e7abb7b21a09553a0741bd629f6a17cd5fe618f93ebeebd932bf650fe
SA-real-12800,F,0,29,True,True,True,40.0,,10,fff2f01e7abb7b21a09553a0741bd629f6a17cd5fe618f93ebeebd932bf650fe
SA-real-12800,F,0,30,True,True,True,40.0,,10,fff2f01e7abb7b21a09553a0741bd629f6a17cd5fe618f93ebeebd932bf650fe
SA-real-12800,F,0,31,True,True,True,40.0,,10,fff2f01e7abb7b21a09553a0741bd629f6a17cd5fe618f93ebeebd932bf650fe
SA-real-12800,F,1,0,True,True,True,40.0,,9,fff2f01e7abb7b21a09553a0741bd629f6a17cd5fe618f93ebeebd932bf650fe
SA-real-12800,F,1,1,True,True,True,40.0,,9,fff2f01e7abb7b21a09553a0741bd629f6a17cd5fe618f93ebeebd932bf650fe
SA-real-12800,F,1,2,True,True,True,40.0,,9,fff2f01e7abb7b21a09553a0741bd629f6a17cd5fe618f93ebeebd932bf650fe
SA-real-12800,F,1,3,True,True,True,40.0,,9,fff2f01e7abb7b21a09553a0741bd629f6a17cd5fe618f93ebeebd932bf650fe
SA-real-12800,F,1,4,True,True,True,40.0,,9,fff2f01e7abb7b21a09553a0741bd629f6a17cd5fe618f93ebeebd932bf650fe
SA-real-12800,F,1,5,True,True,True,40.0,,9,fff2f01e7abb7b21a09553a0741bd629f6a17cd5fe618f93ebeebd932bf650fe
SA-real-12800,F,1,6,True,True,True,40.0,,9,fff2f01e7abb7b21a09553a0741bd629f6a17cd5fe618f93ebeebd932bf650fe
SA-real-12800,F,1,7,True,True,True,40.0,,9,fff2f01e7abb7b21a09553a0741bd629f6a17cd5fe618f93ebeebd932bf650fe
SA-real-12800,F,1,8,True,True,True,40.0,,9,fff2f01e7abb7b21a09553a0741bd629f6a17cd5fe618f93ebeebd932bf650fe
SA-real-12800,F,1,9,True,True,True,40.0,,9,fff2f01e7abb7b21a09553a0741bd629f6a17cd5fe618f93ebeebd932bf650fe
SA-real-12800,F,1,10,True,True,True,40.0,,9,fff2f01e7abb7b21a09553a0741bd629f6a17cd5fe618f93ebeebd932bf650fe
SA-real-12800,F,1,11,True,True,True,40.0,,9,fff2f01e7abb7b21a09553a0741bd629f6a17cd5fe618f93ebeebd932bf650fe
SA-real-12800,F,1,12,True,True,True,40.0,,9,fff2f01e7abb7b21a09553a0741bd629f6a17cd5fe618f93ebeebd932bf650fe
SA-real-12800,F,1,13,True,True,True,40.0,,9,fff2f01e7abb7b21a09553a0741bd629f6a17cd5fe618f93ebeebd932bf650fe
SA-real-12800,F,1,14,True,True,True,40.0,,9,fff2f01e7abb7b21a09553a0741bd629f6a17cd5fe618f93ebeebd932bf650fe
SA-real-12800,F,1,15,True,True,True,40.0,,9,fff2f01e7abb7b21a09553a0741bd629f6a17cd5fe618f93ebeebd932bf650fe
SA-real-12800,F,1,16,True,True,True,40.0,,9,fff2f01e7abb7b21a09553a0741bd629f6a17cd5fe618f93ebeebd932bf650fe
SA-real-12800,F,1,17,True,True,True,40.0,,9,fff2f01e7abb7b21a09553a0741bd629f6a17cd5fe618f93ebeebd932bf650fe
SA-real-12800,F,1,18,True,True,True,40.0,,9,fff2f01e7abb7b21a09553a0741bd629f6a17cd5fe618f93ebeebd932bf650fe
SA-real-12800,F,1,19,True,True,True,40.0,,9,fff2f01e7abb7b21a09553a0741bd629f6a17cd5fe618f93ebeebd932bf650fe
SA-real-12800,F,1,20,True,True,True,40.0,,9,fff2f01e7abb7b21a09553a0741bd629f6a17cd5fe618f93ebeebd932bf650fe
SA-real-12800,F,1,21,True,True,True,40.0,,9,fff2f01e7abb7b21a09553a0741bd629f6a17cd5fe618f93ebeebd932bf650fe
SA-real-12800,F,1,22,True,True,True,40.0,,9,fff2f01e7abb7b21a09553a0741bd629f6a17cd5fe618f93ebeebd932bf650fe
SA-real-12800,F,1,23,True,True,True,40.0,,9,fff2f01e7abb7b21a09553a0741bd629f6a17cd5fe618f93ebeebd932bf650fe
SA-real-12800,F,1,24,True,True,True,40.0,,9,fff2f01e7abb7b21a09553a0741bd629f6a17cd5fe618f93ebeebd932bf650fe
SA-real-12800,F,1,25,True,True,True,40.0,,9,fff2f01e7abb7b21a09553a0741bd629f6a17cd5fe618f93ebeebd932bf650fe
SA-real-12800,F,1,26,True,False,True,26.833333333333332,,9,fff2f01e7abb7b21a09553a0741bd629f6a17cd5fe618f93ebeebd932bf650fe
SA-real-12800,F,1,27,True,True,True,40.0,,9,fff2f01e7abb7b21a09553a0741bd629f6a17cd5fe618f93ebeebd932bf650fe
SA-real-12800,F,1,28,True,True,True,40.0,,9,fff2f01e7abb7b21a09553a0741bd629f6a17cd5fe618f93ebeebd932bf650fe
SA-real-12800,F,1,29,True,True,True,40.0,,9,fff2f01e7abb7b21a09553a0741bd629f6a17cd5fe618f93ebeebd932bf650fe
SA-real-12800,F,1,30,True,False,True,30.6,,9,fff2f01e7abb7b21a09553a0741bd629f6a17cd5fe618f93ebeebd932bf650fe
SA-real-12800,F,1,31,True,True,True,40.0,,9,fff2f01e7abb7b21a09553a0741bd629f6a17cd5fe618f93ebeebd932bf650fe
SA-real-12800,F,2,0,True,True,True,40.0,,9,fff2f01e7abb7b21a09553a0741bd629f6a17cd5fe618f93ebeebd932bf650fe
SA-real-12800,F,2,1,True,True,True,40.0,,9,fff2f01e7abb7b21a09553a0741bd629f6a17cd5fe618f93ebeebd932bf650fe
SA-real-12800,F,2,2,True,True,True,40.0,,9,fff2f01e7abb7b21a09553a0741bd629f6a17cd5fe618f93ebeebd932bf650fe
SA-real-12800,F,2,3,True,True,True,40.0,,9,fff2f01e7abb7b21a09553a0741bd629f6a17cd5fe618f93ebeebd932bf650fe
SA-real-12800,F,2,4,True,True,True,40.0,,9,fff2f01e7abb7b21a09553a0741bd629f6a17cd5fe618f93ebeebd932bf650fe
SA-real-12800,F,2,5,True,True,True,40.0,,9,fff2f01e7abb7b21a09553a0741bd629f6a17cd5fe618f93ebeebd932bf650fe
SA-real-12800,F,2,6,True,True,True,40.0,,9,fff2f01e7abb7b21a09553a0741bd629f6a17cd5fe618f93ebeebd932bf650fe
SA-real-12800,F,2,7,True,True,True,40.0,,9,fff2f01e7abb7b21a09553a0741bd629f6a17cd5fe618f93ebeebd932bf650fe
SA-real-12800,F,2,8,True,True,True,40.0,,9,fff2f01e7abb7b21a09553a0741bd629f6a17cd5fe618f93ebeebd932bf650fe
SA-real-12800,F,2,9,True,True,True,40.0,,9,fff2f01e7abb7b21a09553a0741bd629f6a17cd5fe618f93ebeebd932bf650fe
SA-real-12800,F,2,10,True,True,True,40.0,,9,fff2f01e7abb7b21a09553a0741bd629f6a17cd5fe618f93ebeebd932bf650fe
SA-real-12800,F,2,11,True,True,True,40.0,,9,fff2f01e7abb7b21a09553a0741bd629f6a17cd5fe618f93ebeebd932bf650fe
SA-real-12800,F,2,12,True,True,True,40.0,,9,fff2f01e7abb7b21a09553a0741bd629f6a17cd5fe618f93ebeebd932bf650fe
SA-real-12800,F,2,13,True,True,True,40.0,,9,fff2f01e7abb7b21a09553a0741bd629f6a17cd5fe618f93ebeebd932bf650fe
SA-real-12800,F,2,14,True,True,True,40.0,,9,fff2f01e7abb7b21a09553a0741bd629f6a17cd5fe618f93ebeebd932bf650fe
SA-real-12800,F,2,15,True,True,True,40.0,,9,fff2f01e7abb7b21a09553a0741bd629f6a17cd5fe618f93ebeebd932bf650fe
SA-real-12800,F,2,16,True,True,True,40.0,,9,fff2f01e7abb7b21a09553a0741bd629f6a17cd5fe618f93ebeebd932bf650fe
SA-real-12800,F,2,17,True,True,True,40.0,,9,fff2f01e7abb7b21a09553a0741bd629f6a17cd5fe618f93ebeebd932bf650fe
SA-real-12800,F,2,18,True,True,True,40.0,,9,fff2f01e7abb7b21a09553a0741bd629f6a17cd5fe618f93ebeebd932bf650fe
SA-real-12800,F,2,19,True,True,True,40.0,,9,fff2f01e7abb7b21a09553a0741bd629f6a17cd5fe618f93ebeebd932bf650fe
SA-real-12800,F,2,20,True,True,True,40.0,,9,fff2f01e7abb7b21a09553a0741bd629f6a17cd5fe618f93ebeebd932bf650fe
SA-real-12800,F,2,21,True,True,True,40.0,,9,fff2f01e7abb7b21a09553a0741bd629f6a17cd5fe618f93ebeebd932bf650fe
SA-real-12800,F,2,22,True,True,True,40.0,,9,fff2f01e7abb7b21a09553a0741bd629f6a17cd5fe618f93ebeebd932bf650fe
SA-real-12800,F,2,23,True,True,True,40.0,,9,fff2f01e7abb7b21a09553a0741bd629f6a17cd5fe618f93ebeebd932bf650fe
SA-real-12800,F,2,24,True,True,True,40.0,,9,fff2f01e7abb7b21a09553a0741bd629f6a17cd5fe618f93ebeebd932bf650fe
SA-real-12800,F,2,25,True,True,True,40.0,,9,fff2f01e7abb7b21a09553a0741bd629f6a17cd5fe618f93ebeebd932bf650fe
SA-real-12800,F,2,26,True,True,True,40.0,,9,fff2f01e7abb7b21a09553a0741bd629f6a17cd5fe618f93ebeebd932bf650fe
SA-real-12800,F,2,27,True,True,True,40.0,,9,fff2f01e7abb7b21a09553a0741bd629f6a17cd5fe618f93ebeebd932bf650fe
SA-real-12800,F,2,28,True,True,True,40.0,,9,fff2f01e7abb7b21a09553a0741bd629f6a17cd5fe618f93ebeebd932bf650fe
SA-real-12800,F,2,29,True,True,True,40.0,,9,fff2f01e7abb7b21a09553a0741bd629f6a17cd5fe618f93ebeebd932bf650fe
SA-real-12800,F,2,30,True,True,True,40.0,,9,fff2f01e7abb7b21a09553a0741bd629f6a17cd5fe618f93ebeebd932bf650fe
SA-real-12800,F,2,31,True,True,True,40.0,,9,fff2f01e7abb7b21a09553a0741bd629f6a17cd5fe618f93ebeebd932bf650fe
SA-real-12800,F,3,0,True,True,True,40.0,,5,fff2f01e7abb7b21a09553a0741bd629f6a17cd5fe618f93ebeebd932bf650fe
SA-real-12800,F,3,1,True,True,True,40.0,,10,fff2f01e7abb7b21a09553a0741bd629f6a17cd5fe618f93ebeebd932bf650fe
SA-real-12800,F,3,2,True,True,True,40.0,,10,fff2f01e7abb7b21a09553a0741bd629f6a17cd5fe618f93ebeebd932bf650fe
SA-real-12800,F,3,3,True,True,True,40.0,,10,fff2f01e7abb7b21a09553a0741bd629f6a17cd5fe618f93ebeebd932bf650fe
SA-real-12800,F,3,4,True,True,True,40.0,,10,fff2f01e7abb7b21a09553a0741bd629f6a17cd5fe618f93ebeebd932bf650fe
SA-real-12800,F,3,5,True,True,True,40.0,,10,fff2f01e7abb7b21a09553a0741bd629f6a17cd5fe618f93ebeebd932bf650fe
SA-real-12800,F,3,6,True,True,True,40.0,,10,fff2f01e7abb7b21a09553a0741bd629f6a17cd5fe618f93ebeebd932bf650fe
SA-real-12800,F,3,7,True,True,True,40.0,,10,fff2f01e7abb7b21a09553a0741bd629f6a17cd5fe618f93ebeebd932bf650fe
SA-real-12800,F,3,8,True,True,True,40.0,,10,fff2f01e7abb7b21a09553a0741bd629f6a17cd5fe618f93ebeebd932bf650fe
SA-real-12800,F,3,9,True,True,True,40.0,,10,fff2f01e7abb7b21a09553a0741bd629f6a17cd5fe618f93ebeebd932bf650fe
SA-real-12800,F,3,10,True,True,True,40.0,,10,fff2f01e7abb7b21a09553a0741bd629f6a17cd5fe618f93ebeebd932bf650fe
SA-real-12800,F,3,11,True,True,True,40.0,,10,fff2f01e7abb7b21a09553a0741bd629f6a17cd5fe618f93ebeebd932bf650fe
SA-real-12800,F,3,12,True,False,False,10.533333333333333,,2,fff2f01e7abb7b21a09553a0741bd629f6a17cd5fe618f93ebeebd932bf650fe
SA-real-12800,F,3,13,True,True,True,40.0,,10,fff2f01e7abb7b21a09553a0741bd629f6a17cd5fe618f93ebeebd932bf650fe
SA-real-12800,F,3,14,True,True,True,40.0,,10,fff2f01e7abb7b21a09553a0741bd629f6a17cd5fe618f93ebeebd932bf650fe
SA-real-12800,F,3,15,True,False,False,8.966666666666667,,2,fff2f01e7abb7b21a09553a0741bd629f6a17cd5fe618f93ebeebd932bf650fe
SA-real-12800,F,3,16,True,True,True,40.0,,10,fff2f01e7abb7b21a09553a0741bd629f6a17cd5fe618f93ebeebd932bf650fe
SA-real-12800,F,3,17,True,True,True,40.0,,10,fff2f01e7abb7b21a09553a0741bd629f6a17cd5fe618f93ebeebd932bf650fe
SA-real-12800,F,3,18,True,True,True,40.0,,10,fff2f01e7abb7b21a09553a0741bd629f6a17cd5fe618f93ebeebd932bf650fe
SA-real-12800,F,3,19,True,True,True,40.0,,7,fff2f01e7abb7b21a09553a0741bd629f6a17cd5fe618f93ebeebd932bf650fe
SA-real-12800,F,3,20,True,True,True,40.0,,10,fff2f01e7abb7b21a09553a0741bd629f6a17cd5fe618f93ebeebd932bf650fe
SA-real-12800,F,3,21,True,True,True,40.0,,10,fff2f01e7abb7b21a09553a0741bd629f6a17cd5fe618f93ebeebd932bf650fe
SA-real-12800,F,3,22,True,False,False,27.233333333333334,,9,fff2f01e7abb7b21a09553a0741bd629f6a17cd5fe618f93ebeebd932bf650fe
SA-real-12800,F,3,23,True,True,True,40.0,,10,fff2f01e7abb7b21a09553a0741bd629f6a17cd5fe618f93ebeebd932bf650fe
SA-real-12800,F,3,24,True,True,True,40.0,,10,fff2f01e7abb7b21a09553a0741bd629f6a17cd5fe618f93ebeebd932bf650fe
SA-real-12800,F,3,25,True,True,True,40.0,,10,fff2f01e7abb7b21a09553a0741bd629f6a17cd5fe618f93ebeebd932bf650fe
SA-real-12800,F,3,26,True,True,True,40.0,,10,fff2f01e7abb7b21a09553a0741bd629f6a17cd5fe618f93ebeebd932bf650fe
SA-real-12800,F,3,27,True,True,True,40.0,,10,fff2f01e7abb7b21a09553a0741bd629f6a17cd5fe618f93ebeebd932bf650fe
SA-real-12800,F,3,28,True,True,True,40.0,,10,fff2f01e7abb7b21a09553a0741bd629f6a17cd5fe618f93ebeebd932bf650fe
SA-real-12800,F,3,29,True,True,True,40.0,,10,fff2f01e7abb7b21a09553a0741bd629f6a17cd5fe618f93ebeebd932bf650fe
SA-real-12800,F,3,30,True,True,True,40.0,,10,fff2f01e7abb7b21a09553a0741bd629f6a17cd5fe618f93ebeebd932bf650fe
SA-real-12800,F,3,31,True,True,True,40.0,,10,fff2f01e7abb7b21a09553a0741bd629f6a17cd5fe618f93ebeebd932bf650fe
SC-real-12800,S2,0,0,False,True,True,20.0,1101010101,,fff2f01e7abb7b21a09553a0741bd629f6a17cd5fe618f93ebeebd932bf650fe
SC-real-12800,S2,0,1,True,True,True,20.0,1111111111,,fff2f01e7abb7b21a09553a0741bd629f6a17cd5fe618f93ebeebd932bf650fe
SC-real-12800,S2,0,2,True,True,True,20.0,1111111111,,fff2f01e7abb7b21a09553a0741bd629f6a17cd5fe618f93ebeebd932bf650fe
SC-real-12800,S2,0,3,False,True,True,20.0,0101011101,,fff2f01e7abb7b21a09553a0741bd629f6a17cd5fe618f93ebeebd932bf650fe
SC-real-12800,S2,0,4,True,True,True,20.0,1111111111,,fff2f01e7abb7b21a09553a0741bd629f6a17cd5fe618f93ebeebd932bf650fe
SC-real-12800,S2,0,5,True,True,True,20.0,1111111111,,fff2f01e7abb7b21a09553a0741bd629f6a17cd5fe618f93ebeebd932bf650fe
SC-real-12800,S2,0,6,False,True,True,20.0,1101010101,,fff2f01e7abb7b21a09553a0741bd629f6a17cd5fe618f93ebeebd932bf650fe
SC-real-12800,S2,0,7,True,True,True,20.0,1111111111,,fff2f01e7abb7b21a09553a0741bd629f6a17cd5fe618f93ebeebd932bf650fe
SC-real-12800,S2,0,8,False,True,True,20.0,1101111111,,fff2f01e7abb7b21a09553a0741bd629f6a17cd5fe618f93ebeebd932bf650fe
SC-real-12800,S2,0,9,False,True,True,20.0,1101111111,,fff2f01e7abb7b21a09553a0741bd629f6a17cd5fe618f93ebeebd932bf650fe
SC-real-12800,S2,0,10,False,True,True,20.0,0101111111,,fff2f01e7abb7b21a09553a0741bd629f6a17cd5fe618f93ebeebd932bf650fe
SC-real-12800,S2,0,11,True,True,True,20.0,1111111111,,fff2f01e7abb7b21a09553a0741bd629f6a17cd5fe618f93ebeebd932bf650fe
SC-real-12800,S2,0,12,True,True,True,20.0,1111111111,,fff2f01e7abb7b21a09553a0741bd629f6a17cd5fe618f93ebeebd932bf650fe
SC-real-12800,S2,0,13,False,True,True,20.0,1101011111,,fff2f01e7abb7b21a09553a0741bd629f6a17cd5fe618f93ebeebd932bf650fe
SC-real-12800,S2,0,14,False,True,True,20.0,1101111111,,fff2f01e7abb7b21a09553a0741bd629f6a17cd5fe618f93ebeebd932bf650fe
SC-real-12800,S2,0,15,False,True,True,20.0,1101011111,,fff2f01e7abb7b21a09553a0741bd629f6a17cd5fe618f93ebeebd932bf650fe
SC-real-12800,S2,0,16,False,True,True,20.0,1101010101,,fff2f01e7abb7b21a09553a0741bd629f6a17cd5fe618f93ebeebd932bf650fe
SC-real-12800,S2,0,17,True,True,True,20.0,1111111111,,fff2f01e7abb7b21a09553a0741bd629f6a17cd5fe618f93ebeebd932bf650fe
SC-real-12800,S2,0,18,False,True,True,20.0,0101011111,,fff2f01e7abb7b21a09553a0741bd629f6a17cd5fe618f93ebeebd932bf650fe
SC-real-12800,S2,0,19,True,True,True,20.0,1111111111,,fff2f01e7abb7b21a09553a0741bd629f6a17cd5fe618f93ebeebd932bf650fe
SC-real-12800,S2,0,20,False,True,True,20.0,1101011111,,fff2f01e7abb7b21a09553a0741bd629f6a17cd5fe618f93ebeebd932bf650fe
SC-real-12800,S2,0,21,False,True,True,20.0,0111111111,,fff2f01e7abb7b21a09553a0741bd629f6a17cd5fe618f93ebeebd932bf650fe
SC-real-12800,S2,0,22,True,True,True,20.0,1111111111,,fff2f01e7abb7b21a09553a0741bd629f6a17cd5fe618f93ebeebd932bf650fe
SC-real-12800,S2,0,23,True,True,True,20.0,1111111111,,fff2f01e7abb7b21a09553a0741bd629f6a17cd5fe618f93ebeebd932bf650fe
SC-real-12800,S2,0,24,True,True,True,20.0,1111111111,,fff2f01e7abb7b21a09553a0741bd629f6a17cd5fe618f93ebeebd932bf650fe
SC-real-12800,S2,0,25,False,True,True,20.0,1101111111,,fff2f01e7abb7b21a09553a0741bd629f6a17cd5fe618f93ebeebd932bf650fe
SC-real-12800,S2,0,26,True,True,True,20.0,1111111111,,fff2f01e7abb7b21a09553a0741bd629f6a17cd5fe618f93ebeebd932bf650fe
SC-real-12800,S2,0,27,True,True,True,20.0,1111111111,,fff2f01e7abb7b21a09553a0741bd629f6a17cd5fe618f93ebeebd932bf650fe
SC-real-12800,S2,0,28,False,True,True,20.0,1101111111,,fff2f01e7abb7b21a09553a0741bd629f6a17cd5fe618f93ebeebd932bf650fe
SC-real-12800,S2,0,29,False,True,True,20.0,1101111111,,fff2f01e7abb7b21a09553a0741bd629f6a17cd5fe618f93ebeebd932bf650fe
SC-real-12800,S2,0,30,False,True,True,20.0,1101010111,,fff2f01e7abb7b21a09553a0741bd629f6a17cd5fe618f93ebeebd932bf650fe
SC-real-12800,S2,0,31,False,True,True,20.0,1101011101,,fff2f01e7abb7b21a09553a0741bd629f6a17cd5fe618f93ebeebd932bf650fe
SC-real-12800,S2,1,0,False,True,True,20.0,0101111111,,fff2f01e7abb7b21a09553a0741bd629f6a17cd5fe618f93ebeebd932bf650fe
SC-real-12800,S2,1,1,False,True,True,20.0,1111110101,,fff2f01e7abb7b21a09553a0741bd629f6a17cd5fe618f93ebeebd932bf650fe
SC-real-12800,S2,1,2,True,True,True,20.0,1111111111,,fff2f01e7abb7b21a09553a0741bd629f6a17cd5fe618f93ebeebd932bf650fe
SC-real-12800,S2,1,3,True,True,True,20.0,1111111111,,fff2f01e7abb7b21a09553a0741bd629f6a17cd5fe618f93ebeebd932bf650fe
SC-real-12800,S2,1,4,True,True,True,20.0,1111111111,,fff2f01e7abb7b21a09553a0741bd629f6a17cd5fe618f93ebeebd932bf650fe
SC-real-12800,S2,1,5,True,True,True,20.0,1111111111,,fff2f01e7abb7b21a09553a0741bd629f6a17cd5fe618f93ebeebd932bf650fe
SC-real-12800,S2,1,6,True,True,True,20.0,1111111111,,fff2f01e7abb7b21a09553a0741bd629f6a17cd5fe618f93ebeebd932bf650fe
SC-real-12800,S2,1,7,True,True,True,20.0,1111111111,,fff2f01e7abb7b21a09553a0741bd629f6a17cd5fe618f93ebeebd932bf650fe
SC-real-12800,S2,1,8,True,True,True,20.0,1111111111,,fff2f01e7abb7b21a09553a0741bd629f6a17cd5fe618f93ebeebd932bf650fe
SC-real-12800,S2,1,9,True,True,True,20.0,1111111111,,fff2f01e7abb7b21a09553a0741bd629f6a17cd5fe618f93ebeebd932bf650fe
SC-real-12800,S2,1,10,True,True,True,20.0,1111111111,,fff2f01e7abb7b21a09553a0741bd629f6a17cd5fe618f93ebeebd932bf650fe
SC-real-12800,S2,1,11,True,True,True,20.0,1111111111,,fff2f01e7abb7b21a09553a0741bd629f6a17cd5fe618f93ebeebd932bf650fe
SC-real-12800,S2,1,12,True,True,True,20.0,1111111111,,fff2f01e7abb7b21a09553a0741bd629f6a17cd5fe618f93ebeebd932bf650fe
SC-real-12800,S2,1,13,True,True,True,20.0,1111111111,,fff2f01e7abb7b21a09553a0741bd629f6a17cd5fe618f93ebeebd932bf650fe
SC-real-12800,S2,1,14,False,True,True,20.0,0101111111,,fff2f01e7abb7b21a09553a0741bd629f6a17cd5fe618f93ebeebd932bf650fe
SC-real-12800,S2,1,15,False,True,True,20.0,1101111111,,fff2f01e7abb7b21a09553a0741bd629f6a17cd5fe618f93ebeebd932bf650fe
SC-real-12800,S2,1,16,True,True,True,20.0,1111111111,,fff2f01e7abb7b21a09553a0741bd629f6a17cd5fe618f93ebeebd932bf650fe
SC-real-12800,S2,1,17,False,True,True,20.0,1101111111,,fff2f01e7abb7b21a09553a0741bd629f6a17cd5fe618f93ebeebd932bf650fe
SC-real-12800,S2,1,18,False,True,True,20.0,0111111111,,fff2f01e7abb7b21a09553a0741bd629f6a17cd5fe618f93ebeebd932bf650fe
SC-real-12800,S2,1,19,False,True,True,20.0,0111111111,,fff2f01e7abb7b21a09553a0741bd629f6a17cd5fe618f93ebeebd932bf650fe
SC-real-12800,S2,1,20,True,True,True,20.0,1111111111,,fff2f01e7abb7b21a09553a0741bd629f6a17cd5fe618f93ebeebd932bf650fe
SC-real-12800,S2,1,21,False,True,True,20.0,0101011111,,fff2f01e7abb7b21a09553a0741bd629f6a17cd5fe618f93ebeebd932bf650fe
SC-real-12800,S2,1,22,True,True,True,20.0,1111111111,,fff2f01e7abb7b21a09553a0741bd629f6a17cd5fe618f93ebeebd932bf650fe
SC-real-12800,S2,1,23,True,True,True,20.0,1111111111,,fff2f01e7abb7b21a09553a0741bd629f6a17cd5fe618f93ebeebd932bf650fe
SC-real-12800,S2,1,24,True,True,True,20.0,1111111111,,fff2f01e7abb7b21a09553a0741bd629f6a17cd5fe618f93ebeebd932bf650fe
SC-real-12800,S2,1,25,True,True,True,20.0,1111111111,,fff2f01e7abb7b21a09553a0741bd629f6a17cd5fe618f93ebeebd932bf650fe
SC-real-12800,S2,1,26,True,True,True,20.0,1111111111,,fff2f01e7abb7b21a09553a0741bd629f6a17cd5fe618f93ebeebd932bf650fe
SC-real-12800,S2,1,27,False,True,True,20.0,0101010101,,fff2f01e7abb7b21a09553a0741bd629f6a17cd5fe618f93ebeebd932bf650fe
SC-real-12800,S2,1,28,False,True,True,20.0,0111111111,,fff2f01e7abb7b21a09553a0741bd629f6a17cd5fe618f93ebeebd932bf650fe
SC-real-12800,S2,1,29,False,True,True,20.0,0101011101,,fff2f01e7abb7b21a09553a0741bd629f6a17cd5fe618f93ebeebd932bf650fe
SC-real-12800,S2,1,30,True,True,True,20.0,1111111111,,fff2f01e7abb7b21a09553a0741bd629f6a17cd5fe618f93ebeebd932bf650fe
SC-real-12800,S2,1,31,True,True,True,20.0,1111111111,,fff2f01e7abb7b21a09553a0741bd629f6a17cd5fe618f93ebeebd932bf650fe
SC-real-12800,S2,2,0,False,True,True,20.0,0111111101,,fff2f01e7abb7b21a09553a0741bd629f6a17cd5fe618f93ebeebd932bf650fe
SC-real-12800,S2,2,1,False,True,True,20.0,0101010101,,fff2f01e7abb7b21a09553a0741bd629f6a17cd5fe618f93ebeebd932bf650fe
SC-real-12800,S2,2,2,False,True,True,20.0,0111111101,,fff2f01e7abb7b21a09553a0741bd629f6a17cd5fe618f93ebeebd932bf650fe
SC-real-12800,S2,2,3,True,True,True,20.0,1111111111,,fff2f01e7abb7b21a09553a0741bd629f6a17cd5fe618f93ebeebd932bf650fe
SC-real-12800,S2,2,4,False,True,True,20.0,0101010101,,fff2f01e7abb7b21a09553a0741bd629f6a17cd5fe618f93ebeebd932bf650fe
SC-real-12800,S2,2,5,False,True,True,20.0,1111011101,,fff2f01e7abb7b21a09553a0741bd629f6a17cd5fe618f93ebeebd932bf650fe
SC-real-12800,S2,2,6,False,True,True,20.0,0101111111,,fff2f01e7abb7b21a09553a0741bd629f6a17cd5fe618f93ebeebd932bf650fe
SC-real-12800,S2,2,7,False,True,True,20.0,0101010101,,fff2f01e7abb7b21a09553a0741bd629f6a17cd5fe618f93ebeebd932bf650fe
SC-real-12800,S2,2,8,False,True,True,20.0,0101110111,,fff2f01e7abb7b21a09553a0741bd629f6a17cd5fe618f93ebeebd932bf650fe
SC-real-12800,S2,2,9,False,True,True,20.0,0111111111,,fff2f01e7abb7b21a09553a0741bd629f6a17cd5fe618f93ebeebd932bf650fe
SC-real-12800,S2,2,10,False,True,True,20.0,1101111111,,fff2f01e7abb7b21a09553a0741bd629f6a17cd5fe618f93ebeebd932bf650fe
SC-real-12800,S2,2,11,False,True,True,20.0,0101010101,,fff2f01e7abb7b21a09553a0741bd629f6a17cd5fe618f93ebeebd932bf650fe
SC-real-12800,S2,2,12,False,True,True,20.0,0101111111,,fff2f01e7abb7b21a09553a0741bd629f6a17cd5fe618f93ebeebd932bf650fe
SC-real-12800,S2,2,13,True,True,True,20.0,1111111111,,fff2f01e7abb7b21a09553a0741bd629f6a17cd5fe618f93ebeebd932bf650fe
SC-real-12800,S2,2,14,False,True,True,20.0,0101011111,,fff2f01e7abb7b21a09553a0741bd629f6a17cd5fe618f93ebeebd932bf650fe
SC-real-12800,S2,2,15,False,True,True,20.0,0101010101,,fff2f01e7abb7b21a09553a0741bd629f6a17cd5fe618f93ebeebd932bf650fe
SC-real-12800,S2,2,16,False,True,True,20.0,0101010101,,fff2f01e7abb7b21a09553a0741bd629f6a17cd5fe618f93ebeebd932bf650fe
SC-real-12800,S2,2,17,False,True,True,20.0,1101011101,,fff2f01e7abb7b21a09553a0741bd629f6a17cd5fe618f93ebeebd932bf650fe
SC-real-12800,S2,2,18,False,True,True,20.0,0101111111,,fff2f01e7abb7b21a09553a0741bd629f6a17cd5fe618f93ebeebd932bf650fe
SC-real-12800,S2,2,19,False,True,True,20.0,0101111101,,fff2f01e7abb7b21a09553a0741bd629f6a17cd5fe618f93ebeebd932bf650fe
SC-real-12800,S2,2,20,False,True,True,20.0,0101010101,,fff2f01e7abb7b21a09553a0741bd629f6a17cd5fe618f93ebeebd932bf650fe
SC-real-12800,S2,2,21,False,True,True,20.0,0101110101,,fff2f01e7abb7b21a09553a0741bd629f6a17cd5fe618f93ebeebd932bf650fe
SC-real-12800,S2,2,22,False,True,True,20.0,0101111111,,fff2f01e7abb7b21a09553a0741bd629f6a17cd5fe618f93ebeebd932bf650fe
SC-real-12800,S2,2,23,False,True,True,20.0,0101010101,,fff2f01e7abb7b21a09553a0741bd629f6a17cd5fe618f93ebeebd932bf650fe
SC-real-12800,S2,2,24,True,True,True,20.0,1111111111,,fff2f01e7abb7b21a09553a0741bd629f6a17cd5fe618f93ebeebd932bf650fe
SC-real-12800,S2,2,25,False,True,True,20.0,0101010101,,fff2f01e7abb7b21a09553a0741bd629f6a17cd5fe618f93ebeebd932bf650fe
SC-real-12800,S2,2,26,False,True,True,20.0,1111110111,,fff2f01e7abb7b21a09553a0741bd629f6a17cd5fe618f93ebeebd932bf650fe
SC-real-12800,S2,2,27,True,True,True,20.0,1111111111,,fff2f01e7abb7b21a09553a0741bd629f6a17cd5fe618f93ebeebd932bf650fe
SC-real-12800,S2,2,28,True,True,True,20.0,1111111111,,fff2f01e7abb7b21a09553a0741bd629f6a17cd5fe618f93ebeebd932bf650fe
SC-real-12800,S2,2,29,False,True,True,20.0,0101010101,,fff2f01e7abb7b21a09553a0741bd629f6a17cd5fe618f93ebeebd932bf650fe
SC-real-12800,S2,2,30,False,True,True,20.0,1101010101,,fff2f01e7abb7b21a09553a0741bd629f6a17cd5fe618f93ebeebd932bf650fe
SC-real-12800,S2,2,31,False,True,True,20.0,0101011111,,fff2f01e7abb7b21a09553a0741bd629f6a17cd5fe618f93ebeebd932bf650fe
SC-real-12800,S2,3,0,False,False,False,17.866666666666667,1111111100,,fff2f01e7abb7b21a09553a0741bd629f6a17cd5fe618f93ebeebd932bf650fe
SC-real-12800,S2,3,1,True,True,True,20.0,1111111111,,fff2f01e7abb7b21a09553a0741bd629f6a17cd5fe618f93ebeebd932bf650fe
SC-real-12800,S2,3,2,False,True,True,20.0,0101010101,,fff2f01e7abb7b21a09553a0741bd629f6a17cd5fe618f93ebeebd932bf650fe
SC-real-12800,S2,3,3,True,True,True,20.0,1111111111,,fff2f01e7abb7b21a09553a0741bd629f6a17cd5fe618f93ebeebd932bf650fe
SC-real-12800,S2,3,4,True,True,True,20.0,1111111111,,fff2f01e7abb7b21a09553a0741bd629f6a17cd5fe618f93ebeebd932bf650fe
SC-real-12800,S2,3,5,True,True,True,20.0,1111111111,,fff2f01e7abb7b21a09553a0741bd629f6a17cd5fe618f93ebeebd932bf650fe
SC-real-12800,S2,3,6,True,True,True,20.0,1111111111,,fff2f01e7abb7b21a09553a0741bd629f6a17cd5fe618f93ebeebd932bf650fe
SC-real-12800,S2,3,7,True,True,True,20.0,1111111111,,fff2f01e7abb7b21a09553a0741bd629f6a17cd5fe618f93ebeebd932bf650fe
SC-real-12800,S2,3,8,True,True,True,20.0,1111111111,,fff2f01e7abb7b21a09553a0741bd629f6a17cd5fe618f93ebeebd932bf650fe
SC-real-12800,S2,3,9,True,True,True,20.0,1111111111,,fff2f01e7abb7b21a09553a0741bd629f6a17cd5fe618f93ebeebd932bf650fe
SC-real-12800,S2,3,10,True,True,True,20.0,1111111111,,fff2f01e7abb7b21a09553a0741bd629f6a17cd5fe618f93ebeebd932bf650fe
SC-real-12800,S2,3,11,False,True,True,20.0,1101011111,,fff2f01e7abb7b21a09553a0741bd629f6a17cd5fe618f93ebeebd932bf650fe
SC-real-12800,S2,3,12,True,True,True,20.0,1111111111,,fff2f01e7abb7b21a09553a0741bd629f6a17cd5fe618f93ebeebd932bf650fe
SC-real-12800,S2,3,13,False,True,True,20.0,1101111111,,fff2f01e7abb7b21a09553a0741bd629f6a17cd5fe618f93ebeebd932bf650fe
SC-real-12800,S2,3,14,True,True,True,20.0,1111111111,,fff2f01e7abb7b21a09553a0741bd629f6a17cd5fe618f93ebeebd932bf650fe
SC-real-12800,S2,3,15,False,False,False,9.833333333333334,0111000000,,fff2f01e7abb7b21a09553a0741bd629f6a17cd5fe618f93ebeebd932bf650fe
SC-real-12800,S2,3,16,True,True,True,20.0,1111111111,,fff2f01e7abb7b21a09553a0741bd629f6a17cd5fe618f93ebeebd932bf650fe
SC-real-12800,S2,3,17,True,True,True,20.0,1111111111,,fff2f01e7abb7b21a09553a0741bd629f6a17cd5fe618f93ebeebd932bf650fe
SC-real-12800,S2,3,18,True,True,True,20.0,1111111111,,fff2f01e7abb7b21a09553a0741bd629f6a17cd5fe618f93ebeebd932bf650fe
SC-real-12800,S2,3,19,False,True,True,20.0,1101010101,,fff2f01e7abb7b21a09553a0741bd629f6a17cd5fe618f93ebeebd932bf650fe
SC-real-12800,S2,3,20,True,True,True,20.0,1111111111,,fff2f01e7abb7b21a09553a0741bd629f6a17cd5fe618f93ebeebd932bf650fe
SC-real-12800,S2,3,21,True,True,True,20.0,1111111111,,fff2f01e7abb7b21a09553a0741bd629f6a17cd5fe618f93ebeebd932bf650fe
SC-real-12800,S2,3,22,True,True,True,20.0,1111111111,,fff2f01e7abb7b21a09553a0741bd629f6a17cd5fe618f93ebeebd932bf650fe
SC-real-12800,S2,3,23,True,True,True,20.0,1111111111,,fff2f01e7abb7b21a09553a0741bd629f6a17cd5fe618f93ebeebd932bf650fe
SC-real-12800,S2,3,24,True,True,True,20.0,1111111111,,fff2f01e7abb7b21a09553a0741bd629f6a17cd5fe618f93ebeebd932bf650fe
SC-real-12800,S2,3,25,False,False,False,6.1,1100000000,,fff2f01e7abb7b21a09553a0741bd629f6a17cd5fe618f93ebeebd932bf650fe
SC-real-12800,S2,3,26,True,True,True,20.0,1111111111,,fff2f01e7abb7b21a09553a0741bd629f6a17cd5fe618f93ebeebd932bf650fe
SC-real-12800,S2,3,27,True,True,True,20.0,1111111111,,fff2f01e7abb7b21a09553a0741bd629f6a17cd5fe618f93ebeebd932bf650fe
SC-real-12800,S2,3,28,True,True,True,20.0,1111111111,,fff2f01e7abb7b21a09553a0741bd629f6a17cd5fe618f93ebeebd932bf650fe
SC-real-12800,S2,3,29,False,True,True,20.0,1111110101,,fff2f01e7abb7b21a09553a0741bd629f6a17cd5fe618f93ebeebd932bf650fe
SC-real-12800,S2,3,30,False,True,True,20.0,0101010101,,fff2f01e7abb7b21a09553a0741bd629f6a17cd5fe618f93ebeebd932bf650fe
SC-real-12800,S2,3,31,True,True,True,20.0,1111111111,,fff2f01e7abb7b21a09553a0741bd629f6a17cd5fe618f93ebeebd932bf650fe
SC-real-12800,S5,0,0,True,True,True,20.0,1111,,fff2f01e7abb7b21a09553a0741bd629f6a17cd5fe618f93ebeebd932bf650fe
SC-real-12800,S5,0,1,False,True,True,20.0,1101,,fff2f01e7abb7b21a09553a0741bd629f6a17cd5fe618f93ebeebd932bf650fe
SC-real-12800,S5,0,2,True,True,True,20.0,1111,,fff2f01e7abb7b21a09553a0741bd629f6a17cd5fe618f93ebeebd932bf650fe
SC-real-12800,S5,0,3,False,True,True,20.0,0111,,fff2f01e7abb7b21a09553a0741bd629f6a17cd5fe618f93ebeebd932bf650fe
SC-real-12800,S5,0,4,True,True,True,20.0,1111,,fff2f01e7abb7b21a09553a0741bd629f6a17cd5fe618f93ebeebd932bf650fe
SC-real-12800,S5,0,5,True,True,True,20.0,1111,,fff2f01e7abb7b21a09553a0741bd629f6a17cd5fe618f93ebeebd932bf650fe
SC-real-12800,S5,0,6,True,True,True,20.0,1111,,fff2f01e7abb7b21a09553a0741bd629f6a17cd5fe618f93ebeebd932bf650fe
SC-real-12800,S5,0,7,True,True,True,20.0,1111,,fff2f01e7abb7b21a09553a0741bd629f6a17cd5fe618f93ebeebd932bf650fe
SC-real-12800,S5,0,8,True,True,True,20.0,1111,,fff2f01e7abb7b21a09553a0741bd629f6a17cd5fe618f93ebeebd932bf650fe
SC-real-12800,S5,0,9,True,True,True,20.0,1111,,fff2f01e7abb7b21a09553a0741bd629f6a17cd5fe618f93ebeebd932bf650fe
SC-real-12800,S5,0,10,True,True,True,20.0,1111,,fff2f01e7abb7b21a09553a0741bd629f6a17cd5fe618f93ebeebd932bf650fe
SC-real-12800,S5,0,11,True,True,True,20.0,1111,,fff2f01e7abb7b21a09553a0741bd629f6a17cd5fe618f93ebeebd932bf650fe
SC-real-12800,S5,0,12,True,True,True,20.0,1111,,fff2f01e7abb7b21a09553a0741bd629f6a17cd5fe618f93ebeebd932bf650fe
SC-real-12800,S5,0,13,True,True,True,20.0,1111,,fff2f01e7abb7b21a09553a0741bd629f6a17cd5fe618f93ebeebd932bf650fe
SC-real-12800,S5,0,14,True,True,True,20.0,1111,,fff2f01e7abb7b21a09553a0741bd629f6a17cd5fe618f93ebeebd932bf650fe
SC-real-12800,S5,0,15,True,True,True,20.0,1111,,fff2f01e7abb7b21a09553a0741bd629f6a17cd5fe618f93ebeebd932bf650fe
SC-real-12800,S5,0,16,True,True,True,20.0,1111,,fff2f01e7abb7b21a09553a0741bd629f6a17cd5fe618f93ebeebd932bf650fe
SC-real-12800,S5,0,17,True,True,True,20.0,1111,,fff2f01e7abb7b21a09553a0741bd629f6a17cd5fe618f93ebeebd932bf650fe
SC-real-12800,S5,0,18,False,True,True,20.0,1101,,fff2f01e7abb7b21a09553a0741bd629f6a17cd5fe618f93ebeebd932bf650fe
SC-real-12800,S5,0,19,True,True,True,20.0,1111,,fff2f01e7abb7b21a09553a0741bd629f6a17cd5fe618f93ebeebd932bf650fe
SC-real-12800,S5,0,20,True,True,True,20.0,1111,,fff2f01e7abb7b21a09553a0741bd629f6a17cd5fe618f93ebeebd932bf650fe
SC-real-12800,S5,0,21,False,True,True,20.0,0111,,fff2f01e7abb7b21a09553a0741bd629f6a17cd5fe618f93ebeebd932bf650fe
SC-real-12800,S5,0,22,False,True,True,20.0,1101,,fff2f01e7abb7b21a09553a0741bd629f6a17cd5fe618f93ebeebd932bf650fe
SC-real-12800,S5,0,23,True,True,True,20.0,1111,,fff2f01e7abb7b21a09553a0741bd629f6a17cd5fe618f93ebeebd932bf650fe
SC-real-12800,S5,0,24,True,True,True,20.0,1111,,fff2f01e7abb7b21a09553a0741bd629f6a17cd5fe618f93ebeebd932bf650fe
SC-real-12800,S5,0,25,True,True,True,20.0,1111,,fff2f01e7abb7b21a09553a0741bd629f6a17cd5fe618f93ebeebd932bf650fe
SC-real-12800,S5,0,26,True,True,True,20.0,1111,,fff2f01e7abb7b21a09553a0741bd629f6a17cd5fe618f93ebeebd932bf650fe
SC-real-12800,S5,0,27,True,True,True,20.0,1111,,fff2f01e7abb7b21a09553a0741bd629f6a17cd5fe618f93ebeebd932bf650fe
SC-real-12800,S5,0,28,True,True,True,20.0,1111,,fff2f01e7abb7b21a09553a0741bd629f6a17cd5fe618f93ebeebd932bf650fe
SC-real-12800,S5,0,29,True,True,True,20.0,1111,,fff2f01e7abb7b21a09553a0741bd629f6a17cd5fe618f93ebeebd932bf650fe
SC-real-12800,S5,0,30,True,True,True,20.0,1111,,fff2f01e7abb7b21a09553a0741bd629f6a17cd5fe618f93ebeebd932bf650fe
SC-real-12800,S5,0,31,True,True,True,20.0,1111,,fff2f01e7abb7b21a09553a0741bd629f6a17cd5fe618f93ebeebd932bf650fe
SC-real-12800,S5,1,0,False,True,True,20.0,0111,,fff2f01e7abb7b21a09553a0741bd629f6a17cd5fe618f93ebeebd932bf650fe
SC-real-12800,S5,1,1,True,True,True,20.0,1111,,fff2f01e7abb7b21a09553a0741bd629f6a17cd5fe618f93ebeebd932bf650fe
SC-real-12800,S5,1,2,True,True,True,20.0,1111,,fff2f01e7abb7b21a09553a0741bd629f6a17cd5fe618f93ebeebd932bf650fe
SC-real-12800,S5,1,3,True,True,True,20.0,1111,,fff2f01e7abb7b21a09553a0741bd629f6a17cd5fe618f93ebeebd932bf650fe
SC-real-12800,S5,1,4,False,True,True,20.0,0111,,fff2f01e7abb7b21a09553a0741bd629f6a17cd5fe618f93ebeebd932bf650fe
SC-real-12800,S5,1,5,True,True,True,20.0,1111,,fff2f01e7abb7b21a09553a0741bd629f6a17cd5fe618f93ebeebd932bf650fe
SC-real-12800,S5,1,6,False,True,True,20.0,0111,,fff2f01e7abb7b21a09553a0741bd629f6a17cd5fe618f93ebeebd932bf650fe
SC-real-12800,S5,1,7,True,True,True,20.0,1111,,fff2f01e7abb7b21a09553a0741bd629f6a17cd5fe618f93ebeebd932bf650fe
SC-real-12800,S5,1,8,False,True,True,20.0,0111,,fff2f01e7abb7b21a09553a0741bd629f6a17cd5fe618f93ebeebd932bf650fe
SC-real-12800,S5,1,9,False,True,True,20.0,0111,,fff2f01e7abb7b21a09553a0741bd629f6a17cd5fe618f93ebeebd932bf650fe
SC-real-12800,S5,1,10,False,True,True,20.0,0111,,fff2f01e7abb7b21a09553a0741bd629f6a17cd5fe618f93ebeebd932bf650fe
SC-real-12800,S5,1,11,True,True,True,20.0,1111,,fff2f01e7abb7b21a09553a0741bd629f6a17cd5fe618f93ebeebd932bf650fe
SC-real-12800,S5,1,12,True,True,True,20.0,1111,,fff2f01e7abb7b21a09553a0741bd629f6a17cd5fe618f93ebeebd932bf650fe
SC-real-12800,S5,1,13,False,True,True,20.0,0111,,fff2f01e7abb7b21a09553a0741bd629f6a17cd5fe618f93ebeebd932bf650fe
SC-real-12800,S5,1,14,False,True,True,20.0,0101,,fff2f01e7abb7b21a09553a0741bd629f6a17cd5fe618f93ebeebd932bf650fe
SC-real-12800,S5,1,15,False,True,True,20.0,0111,,fff2f01e7abb7b21a09553a0741bd629f6a17cd5fe618f93ebeebd932bf650fe
SC-real-12800,S5,1,16,False,True,True,20.0,0101,,fff2f01e7abb7b21a09553a0741bd629f6a17cd5fe618f93ebeebd932bf650fe
SC-real-12800,S5,1,17,False,True,True,20.0,0111,,fff2f01e7abb7b21a09553a0741bd629f6a17cd5fe618f93ebeebd932bf650fe
SC-real-12800,S5,1,18,False,True,True,20.0,0111,,fff2f01e7abb7b21a09553a0741bd629f6a17cd5fe618f93ebeebd932bf650fe
SC-real-12800,S5,1,19,False,True,True,20.0,0111,,fff2f01e7abb7b21a09553a0741bd629f6a17cd5fe618f93ebeebd932bf650fe
SC-real-12800,S5,1,20,False,True,True,20.0,0111,,fff2f01e7abb7b21a09553a0741bd629f6a17cd5fe618f93ebeebd932bf650fe
SC-real-12800,S5,1,21,False,True,True,20.0,0111,,fff2f01e7abb7b21a09553a0741bd629f6a17cd5fe618f93ebeebd932bf650fe
SC-real-12800,S5,1,22,False,True,True,20.0,0111,,fff2f01e7abb7b21a09553a0741bd629f6a17cd5fe618f93ebeebd932bf650fe
SC-real-12800,S5,1,23,True,True,True,20.0,1111,,fff2f01e7abb7b21a09553a0741bd629f6a17cd5fe618f93ebeebd932bf650fe
SC-real-12800,S5,1,24,False,True,True,20.0,0111,,fff2f01e7abb7b21a09553a0741bd629f6a17cd5fe618f93ebeebd932bf650fe
SC-real-12800,S5,1,25,False,True,True,20.0,0111,,fff2f01e7abb7b21a09553a0741bd629f6a17cd5fe618f93ebeebd932bf650fe
SC-real-12800,S5,1,26,True,True,True,20.0,1111,,fff2f01e7abb7b21a09553a0741bd629f6a17cd5fe618f93ebeebd932bf650fe
SC-real-12800,S5,1,27,False,True,True,20.0,0101,,fff2f01e7abb7b21a09553a0741bd629f6a17cd5fe618f93ebeebd932bf650fe
SC-real-12800,S5,1,28,False,True,True,20.0,0111,,fff2f01e7abb7b21a09553a0741bd629f6a17cd5fe618f93ebeebd932bf650fe
SC-real-12800,S5,1,29,False,True,True,20.0,0101,,fff2f01e7abb7b21a09553a0741bd629f6a17cd5fe618f93ebeebd932bf650fe
SC-real-12800,S5,1,30,True,True,True,20.0,1111,,fff2f01e7abb7b21a09553a0741bd629f6a17cd5fe618f93ebeebd932bf650fe
SC-real-12800,S5,1,31,False,True,True,20.0,0111,,fff2f01e7abb7b21a09553a0741bd629f6a17cd5fe618f93ebeebd932bf650fe
SC-real-12800,S5,2,0,False,True,True,20.0,0111,,fff2f01e7abb7b21a09553a0741bd629f6a17cd5fe618f93ebeebd932bf650fe
SC-real-12800,S5,2,1,False,True,True,20.0,0111,,fff2f01e7abb7b21a09553a0741bd629f6a17cd5fe618f93ebeebd932bf650fe
SC-real-12800,S5,2,2,False,True,True,20.0,0111,,fff2f01e7abb7b21a09553a0741bd629f6a17cd5fe618f93ebeebd932bf650fe
SC-real-12800,S5,2,3,False,True,True,20.0,0111,,fff2f01e7abb7b21a09553a0741bd629f6a17cd5fe618f93ebeebd932bf650fe
SC-real-12800,S5,2,4,False,True,True,20.0,0111,,fff2f01e7abb7b21a09553a0741bd629f6a17cd5fe618f93ebeebd932bf650fe
SC-real-12800,S5,2,5,True,True,True,20.0,1111,,fff2f01e7abb7b21a09553a0741bd629f6a17cd5fe618f93ebeebd932bf650fe
SC-real-12800,S5,2,6,False,True,True,20.0,0111,,fff2f01e7abb7b21a09553a0741bd629f6a17cd5fe618f93ebeebd932bf650fe
SC-real-12800,S5,2,7,False,True,True,20.0,0111,,fff2f01e7abb7b21a09553a0741bd629f6a17cd5fe618f93ebeebd932bf650fe
SC-real-12800,S5,2,8,False,True,True,20.0,0111,,fff2f01e7abb7b21a09553a0741bd629f6a17cd5fe618f93ebeebd932bf650fe
SC-real-12800,S5,2,9,False,True,True,20.0,0111,,fff2f01e7abb7b21a09553a0741bd629f6a17cd5fe618f93ebeebd932bf650fe
SC-real-12800,S5,2,10,True,True,True,20.0,1111,,fff2f01e7abb7b21a09553a0741bd629f6a17cd5fe618f93ebeebd932bf650fe
SC-real-12800,S5,2,11,False,True,True,20.0,0111,,fff2f01e7abb7b21a09553a0741bd629f6a17cd5fe618f93ebeebd932bf650fe
SC-real-12800,S5,2,12,True,True,True,20.0,1111,,fff2f01e7abb7b21a09553a0741bd629f6a17cd5fe618f93ebeebd932bf650fe
SC-real-12800,S5,2,13,True,True,True,20.0,1111,,fff2f01e7abb7b21a09553a0741bd629f6a17cd5fe618f93ebeebd932bf650fe
SC-real-12800,S5,2,14,False,True,True,20.0,0111,,fff2f01e7abb7b21a09553a0741bd629f6a17cd5fe618f93ebeebd932bf650fe
SC-real-12800,S5,2,15,False,True,True,20.0,0101,,fff2f01e7abb7b21a09553a0741bd629f6a17cd5fe618f93ebeebd932bf650fe
SC-real-12800,S5,2,16,False,True,True,20.0,0101,,fff2f01e7abb7b21a09553a0741bd629f6a17cd5fe618f93ebeebd932bf650fe
SC-real-12800,S5,2,17,False,True,True,20.0,0111,,fff2f01e7abb7b21a09553a0741bd629f6a17cd5fe618f93ebeebd932bf650fe
SC-real-12800,S5,2,18,True,True,True,20.0,1111,,fff2f01e7abb7b21a09553a0741bd629f6a17cd5fe618f93ebeebd932bf650fe
SC-real-12800,S5,2,19,False,True,True,20.0,0111,,fff2f01e7abb7b21a09553a0741bd629f6a17cd5fe618f93ebeebd932bf650fe
SC-real-12800,S5,2,20,False,True,True,20.0,0101,,fff2f01e7abb7b21a09553a0741bd629f6a17cd5fe618f93ebeebd932bf650fe
SC-real-12800,S5,2,21,False,True,True,20.0,0111,,fff2f01e7abb7b21a09553a0741bd629f6a17cd5fe618f93ebeebd932bf650fe
SC-real-12800,S5,2,22,True,True,True,20.0,1111,,fff2f01e7abb7b21a09553a0741bd629f6a17cd5fe618f93ebeebd932bf650fe
SC-real-12800,S5,2,23,False,True,True,20.0,0101,,fff2f01e7abb7b21a09553a0741bd629f6a17cd5fe618f93ebeebd932bf650fe
SC-real-12800,S5,2,24,True,True,True,20.0,1111,,fff2f01e7abb7b21a09553a0741bd629f6a17cd5fe618f93ebeebd932bf650fe
SC-real-12800,S5,2,25,False,True,True,20.0,0111,,fff2f01e7abb7b21a09553a0741bd629f6a17cd5fe618f93ebeebd932bf650fe
SC-real-12800,S5,2,26,False,True,True,20.0,1101,,fff2f01e7abb7b21a09553a0741bd629f6a17cd5fe618f93ebeebd932bf650fe
SC-real-12800,S5,2,27,True,True,True,20.0,1111,,fff2f01e7abb7b21a09553a0741bd629f6a17cd5fe618f93ebeebd932bf650fe
SC-real-12800,S5,2,28,True,True,True,20.0,1111,,fff2f01e7abb7b21a09553a0741bd629f6a17cd5fe618f93ebeebd932bf650fe
SC-real-12800,S5,2,29,False,True,True,20.0,0111,,fff2f01e7abb7b21a09553a0741bd629f6a17cd5fe618f93ebeebd932bf650fe
SC-real-12800,S5,2,30,True,True,True,20.0,1111,,fff2f01e7abb7b21a09553a0741bd629f6a17cd5fe618f93ebeebd932bf650fe
SC-real-12800,S5,2,31,False,True,True,20.0,0111,,fff2f01e7abb7b21a09553a0741bd629f6a17cd5fe618f93ebeebd932bf650fe
SC-real-12800,S5,3,0,True,True,True,20.0,1111,,fff2f01e7abb7b21a09553a0741bd629f6a17cd5fe618f93ebeebd932bf650fe
SC-real-12800,S5,3,1,True,True,True,20.0,1111,,fff2f01e7abb7b21a09553a0741bd629f6a17cd5fe618f93ebeebd932bf650fe
SC-real-12800,S5,3,2,True,True,True,20.0,1111,,fff2f01e7abb7b21a09553a0741bd629f6a17cd5fe618f93ebeebd932bf650fe
SC-real-12800,S5,3,3,True,True,True,20.0,1111,,fff2f01e7abb7b21a09553a0741bd629f6a17cd5fe618f93ebeebd932bf650fe
SC-real-12800,S5,3,4,True,True,True,20.0,1111,,fff2f01e7abb7b21a09553a0741bd629f6a17cd5fe618f93ebeebd932bf650fe
SC-real-12800,S5,3,5,True,True,True,20.0,1111,,fff2f01e7abb7b21a09553a0741bd629f6a17cd5fe618f93ebeebd932bf650fe
SC-real-12800,S5,3,6,True,True,True,20.0,1111,,fff2f01e7abb7b21a09553a0741bd629f6a17cd5fe618f93ebeebd932bf650fe
SC-real-12800,S5,3,7,True,True,True,20.0,1111,,fff2f01e7abb7b21a09553a0741bd629f6a17cd5fe618f93ebeebd932bf650fe
SC-real-12800,S5,3,8,True,True,True,20.0,1111,,fff2f01e7abb7b21a09553a0741bd629f6a17cd5fe618f93ebeebd932bf650fe
SC-real-12800,S5,3,9,True,True,True,20.0,1111,,fff2f01e7abb7b21a09553a0741bd629f6a17cd5fe618f93ebeebd932bf650fe
SC-real-12800,S5,3,10,False,True,True,20.0,1101,,fff2f01e7abb7b21a09553a0741bd629f6a17cd5fe618f93ebeebd932bf650fe
SC-real-12800,S5,3,11,True,True,True,20.0,1111,,fff2f01e7abb7b21a09553a0741bd629f6a17cd5fe618f93ebeebd932bf650fe
SC-real-12800,S5,3,12,False,True,True,20.0,0101,,fff2f01e7abb7b21a09553a0741bd629f6a17cd5fe618f93ebeebd932bf650fe
SC-real-12800,S5,3,13,True,True,True,20.0,1111,,fff2f01e7abb7b21a09553a0741bd629f6a17cd5fe618f93ebeebd932bf650fe
SC-real-12800,S5,3,14,True,True,True,20.0,1111,,fff2f01e7abb7b21a09553a0741bd629f6a17cd5fe618f93ebeebd932bf650fe
SC-real-12800,S5,3,15,False,True,True,20.0,0101,,fff2f01e7abb7b21a09553a0741bd629f6a17cd5fe618f93ebeebd932bf650fe
SC-real-12800,S5,3,16,True,True,True,20.0,1111,,fff2f01e7abb7b21a09553a0741bd629f6a17cd5fe618f93ebeebd932bf650fe
SC-real-12800,S5,3,17,True,True,True,20.0,1111,,fff2f01e7abb7b21a09553a0741bd629f6a17cd5fe618f93ebeebd932bf650fe
SC-real-12800,S5,3,18,True,True,True,20.0,1111,,fff2f01e7abb7b21a09553a0741bd629f6a17cd5fe618f93ebeebd932bf650fe
SC-real-12800,S5,3,19,False,True,True,20.0,1011,,fff2f01e7abb7b21a09553a0741bd629f6a17cd5fe618f93ebeebd932bf650fe
SC-real-12800,S5,3,20,True,True,True,20.0,1111,,fff2f01e7abb7b21a09553a0741bd629f6a17cd5fe618f93ebeebd932bf650fe
SC-real-12800,S5,3,21,False,True,True,20.0,0101,,fff2f01e7abb7b21a09553a0741bd629f6a17cd5fe618f93ebeebd932bf650fe
SC-real-12800,S5,3,22,True,True,True,20.0,1111,,fff2f01e7abb7b21a09553a0741bd629f6a17cd5fe618f93ebeebd932bf650fe
SC-real-12800,S5,3,23,False,True,True,20.0,0111,,fff2f01e7abb7b21a09553a0741bd629f6a17cd5fe618f93ebeebd932bf650fe
SC-real-12800,S5,3,24,True,True,True,20.0,1111,,fff2f01e7abb7b21a09553a0741bd629f6a17cd5fe618f93ebeebd932bf650fe
SC-real-12800,S5,3,25,False,True,True,20.0,0101,,fff2f01e7abb7b21a09553a0741bd629f6a17cd5fe618f93ebeebd932bf650fe
SC-real-12800,S5,3,26,True,True,True,20.0,1111,,fff2f01e7abb7b21a09553a0741bd629f6a17cd5fe618f93ebeebd932bf650fe
SC-real-12800,S5,3,27,True,True,True,20.0,1111,,fff2f01e7abb7b21a09553a0741bd629f6a17cd5fe618f93ebeebd932bf650fe
SC-real-12800,S5,3,28,True,True,True,20.0,1111,,fff2f01e7abb7b21a09553a0741bd629f6a17cd5fe618f93ebeebd932bf650fe
SC-real-12800,S5,3,29,True,True,True,20.0,1111,,fff2f01e7abb7b21a09553a0741bd629f6a17cd5fe618f93ebeebd932bf650fe
SC-real-12800,S5,3,30,False,True,True,20.0,0101,,fff2f01e7abb7b21a09553a0741bd629f6a17cd5fe618f93ebeebd932bf650fe
SC-real-12800,S5,3,31,False,True,True,20.0,0111,,fff2f01e7abb7b21a09553a0741bd629f6a17cd5fe618f93ebeebd932bf650fe
SC-real-12800,F,0,0,True,True,True,40.0,,10,fff2f01e7abb7b21a09553a0741bd629f6a17cd5fe618f93ebeebd932bf650fe
SC-real-12800,F,0,1,True,True,True,40.0,,10,fff2f01e7abb7b21a09553a0741bd629f6a17cd5fe618f93ebeebd932bf650fe
SC-real-12800,F,0,2,True,True,True,40.0,,10,fff2f01e7abb7b21a09553a0741bd629f6a17cd5fe618f93ebeebd932bf650fe
SC-real-12800,F,0,3,True,True,True,40.0,,10,fff2f01e7abb7b21a09553a0741bd629f6a17cd5fe618f93ebeebd932bf650fe
SC-real-12800,F,0,4,True,True,True,40.0,,10,fff2f01e7abb7b21a09553a0741bd629f6a17cd5fe618f93ebeebd932bf650fe
SC-real-12800,F,0,5,True,True,True,40.0,,10,fff2f01e7abb7b21a09553a0741bd629f6a17cd5fe618f93ebeebd932bf650fe
SC-real-12800,F,0,6,True,True,True,40.0,,10,fff2f01e7abb7b21a09553a0741bd629f6a17cd5fe618f93ebeebd932bf650fe
SC-real-12800,F,0,7,True,True,True,40.0,,10,fff2f01e7abb7b21a09553a0741bd629f6a17cd5fe618f93ebeebd932bf650fe
SC-real-12800,F,0,8,True,True,True,40.0,,10,fff2f01e7abb7b21a09553a0741bd629f6a17cd5fe618f93ebeebd932bf650fe
SC-real-12800,F,0,9,True,True,True,40.0,,10,fff2f01e7abb7b21a09553a0741bd629f6a17cd5fe618f93ebeebd932bf650fe
SC-real-12800,F,0,10,True,True,True,40.0,,10,fff2f01e7abb7b21a09553a0741bd629f6a17cd5fe618f93ebeebd932bf650fe
SC-real-12800,F,0,11,True,True,True,40.0,,10,fff2f01e7abb7b21a09553a0741bd629f6a17cd5fe618f93ebeebd932bf650fe
SC-real-12800,F,0,12,True,True,True,40.0,,10,fff2f01e7abb7b21a09553a0741bd629f6a17cd5fe618f93ebeebd932bf650fe
SC-real-12800,F,0,13,True,True,True,40.0,,10,fff2f01e7abb7b21a09553a0741bd629f6a17cd5fe618f93ebeebd932bf650fe
SC-real-12800,F,0,14,True,True,True,40.0,,10,fff2f01e7abb7b21a09553a0741bd629f6a17cd5fe618f93ebeebd932bf650fe
SC-real-12800,F,0,15,True,True,True,40.0,,10,fff2f01e7abb7b21a09553a0741bd629f6a17cd5fe618f93ebeebd932bf650fe
SC-real-12800,F,0,16,True,True,True,40.0,,10,fff2f01e7abb7b21a09553a0741bd629f6a17cd5fe618f93ebeebd932bf650fe
SC-real-12800,F,0,17,True,True,True,40.0,,10,fff2f01e7abb7b21a09553a0741bd629f6a17cd5fe618f93ebeebd932bf650fe
SC-real-12800,F,0,18,True,True,True,40.0,,10,fff2f01e7abb7b21a09553a0741bd629f6a17cd5fe618f93ebeebd932bf650fe
SC-real-12800,F,0,19,True,True,True,40.0,,10,fff2f01e7abb7b21a09553a0741bd629f6a17cd5fe618f93ebeebd932bf650fe
SC-real-12800,F,0,20,True,True,True,40.0,,10,fff2f01e7abb7b21a09553a0741bd629f6a17cd5fe618f93ebeebd932bf650fe
SC-real-12800,F,0,21,True,True,True,40.0,,10,fff2f01e7abb7b21a09553a0741bd629f6a17cd5fe618f93ebeebd932bf650fe
SC-real-12800,F,0,22,True,True,True,40.0,,10,fff2f01e7abb7b21a09553a0741bd629f6a17cd5fe618f93ebeebd932bf650fe
SC-real-12800,F,0,23,True,True,True,40.0,,10,fff2f01e7abb7b21a09553a0741bd629f6a17cd5fe618f93ebeebd932bf650fe
SC-real-12800,F,0,24,True,True,True,40.0,,10,fff2f01e7abb7b21a09553a0741bd629f6a17cd5fe618f93ebeebd932bf650fe
SC-real-12800,F,0,25,True,True,True,40.0,,10,fff2f01e7abb7b21a09553a0741bd629f6a17cd5fe618f93ebeebd932bf650fe
SC-real-12800,F,0,26,True,True,True,40.0,,10,fff2f01e7abb7b21a09553a0741bd629f6a17cd5fe618f93ebeebd932bf650fe
SC-real-12800,F,0,27,True,True,True,40.0,,10,fff2f01e7abb7b21a09553a0741bd629f6a17cd5fe618f93ebeebd932bf650fe
SC-real-12800,F,0,28,True,True,True,40.0,,10,fff2f01e7abb7b21a09553a0741bd629f6a17cd5fe618f93ebeebd932bf650fe
SC-real-12800,F,0,29,True,True,True,40.0,,10,fff2f01e7abb7b21a09553a0741bd629f6a17cd5fe618f93ebeebd932bf650fe
SC-real-12800,F,0,30,True,True,True,40.0,,10,fff2f01e7abb7b21a09553a0741bd629f6a17cd5fe618f93ebeebd932bf650fe
SC-real-12800,F,0,31,True,True,True,40.0,,10,fff2f01e7abb7b21a09553a0741bd629f6a17cd5fe618f93ebeebd932bf650fe
SC-real-12800,F,1,0,True,True,True,40.0,,9,fff2f01e7abb7b21a09553a0741bd629f6a17cd5fe618f93ebeebd932bf650fe
SC-real-12800,F,1,1,True,True,True,40.0,,9,fff2f01e7abb7b21a09553a0741bd629f6a17cd5fe618f93ebeebd932bf650fe
SC-real-12800,F,1,2,True,True,True,40.0,,9,fff2f01e7abb7b21a09553a0741bd629f6a17cd5fe618f93ebeebd932bf650fe
SC-real-12800,F,1,3,True,True,True,40.0,,9,fff2f01e7abb7b21a09553a0741bd629f6a17cd5fe618f93ebeebd932bf650fe
SC-real-12800,F,1,4,True,False,True,26.933333333333334,,9,fff2f01e7abb7b21a09553a0741bd629f6a17cd5fe618f93ebeebd932bf650fe
SC-real-12800,F,1,5,True,True,True,40.0,,9,fff2f01e7abb7b21a09553a0741bd629f6a17cd5fe618f93ebeebd932bf650fe
SC-real-12800,F,1,6,True,True,True,40.0,,9,fff2f01e7abb7b21a09553a0741bd629f6a17cd5fe618f93ebeebd932bf650fe
SC-real-12800,F,1,7,True,True,True,40.0,,9,fff2f01e7abb7b21a09553a0741bd629f6a17cd5fe618f93ebeebd932bf650fe
SC-real-12800,F,1,8,True,True,True,40.0,,9,fff2f01e7abb7b21a09553a0741bd629f6a17cd5fe618f93ebeebd932bf650fe
SC-real-12800,F,1,9,True,True,True,40.0,,9,fff2f01e7abb7b21a09553a0741bd629f6a17cd5fe618f93ebeebd932bf650fe
SC-real-12800,F,1,10,True,True,True,40.0,,9,fff2f01e7abb7b21a09553a0741bd629f6a17cd5fe618f93ebeebd932bf650fe
SC-real-12800,F,1,11,True,True,True,40.0,,9,fff2f01e7abb7b21a09553a0741bd629f6a17cd5fe618f93ebeebd932bf650fe
SC-real-12800,F,1,12,True,True,True,40.0,,9,fff2f01e7abb7b21a09553a0741bd629f6a17cd5fe618f93ebeebd932bf650fe
SC-real-12800,F,1,13,True,True,True,40.0,,9,fff2f01e7abb7b21a09553a0741bd629f6a17cd5fe618f93ebeebd932bf650fe
SC-real-12800,F,1,14,True,True,True,40.0,,9,fff2f01e7abb7b21a09553a0741bd629f6a17cd5fe618f93ebeebd932bf650fe
SC-real-12800,F,1,15,True,True,True,40.0,,9,fff2f01e7abb7b21a09553a0741bd629f6a17cd5fe618f93ebeebd932bf650fe
SC-real-12800,F,1,16,True,True,True,40.0,,9,fff2f01e7abb7b21a09553a0741bd629f6a17cd5fe618f93ebeebd932bf650fe
SC-real-12800,F,1,17,True,True,True,40.0,,9,fff2f01e7abb7b21a09553a0741bd629f6a17cd5fe618f93ebeebd932bf650fe
SC-real-12800,F,1,18,True,True,True,40.0,,9,fff2f01e7abb7b21a09553a0741bd629f6a17cd5fe618f93ebeebd932bf650fe
SC-real-12800,F,1,19,True,True,True,40.0,,9,fff2f01e7abb7b21a09553a0741bd629f6a17cd5fe618f93ebeebd932bf650fe
SC-real-12800,F,1,20,True,True,True,40.0,,9,fff2f01e7abb7b21a09553a0741bd629f6a17cd5fe618f93ebeebd932bf650fe
SC-real-12800,F,1,21,True,True,True,40.0,,9,fff2f01e7abb7b21a09553a0741bd629f6a17cd5fe618f93ebeebd932bf650fe
SC-real-12800,F,1,22,True,True,True,40.0,,9,fff2f01e7abb7b21a09553a0741bd629f6a17cd5fe618f93ebeebd932bf650fe
SC-real-12800,F,1,23,True,True,True,40.0,,9,fff2f01e7abb7b21a09553a0741bd629f6a17cd5fe618f93ebeebd932bf650fe
SC-real-12800,F,1,24,True,True,True,40.0,,9,fff2f01e7abb7b21a09553a0741bd629f6a17cd5fe618f93ebeebd932bf650fe
SC-real-12800,F,1,25,True,True,True,40.0,,9,fff2f01e7abb7b21a09553a0741bd629f6a17cd5fe618f93ebeebd932bf650fe
SC-real-12800,F,1,26,True,True,True,40.0,,9,fff2f01e7abb7b21a09553a0741bd629f6a17cd5fe618f93ebeebd932bf650fe
SC-real-12800,F,1,27,True,True,True,40.0,,9,fff2f01e7abb7b21a09553a0741bd629f6a17cd5fe618f93ebeebd932bf650fe
SC-real-12800,F,1,28,True,True,True,40.0,,9,fff2f01e7abb7b21a09553a0741bd629f6a17cd5fe618f93ebeebd932bf650fe
SC-real-12800,F,1,29,True,False,True,30.166666666666668,,9,fff2f01e7abb7b21a09553a0741bd629f6a17cd5fe618f93ebeebd932bf650fe
SC-real-12800,F,1,30,True,True,True,40.0,,9,fff2f01e7abb7b21a09553a0741bd629f6a17cd5fe618f93ebeebd932bf650fe
SC-real-12800,F,1,31,True,True,True,40.0,,9,fff2f01e7abb7b21a09553a0741bd629f6a17cd5fe618f93ebeebd932bf650fe
SC-real-12800,F,2,0,True,True,True,40.0,,9,fff2f01e7abb7b21a09553a0741bd629f6a17cd5fe618f93ebeebd932bf650fe
SC-real-12800,F,2,1,True,True,True,40.0,,9,fff2f01e7abb7b21a09553a0741bd629f6a17cd5fe618f93ebeebd932bf650fe
SC-real-12800,F,2,2,True,True,True,40.0,,9,fff2f01e7abb7b21a09553a0741bd629f6a17cd5fe618f93ebeebd932bf650fe
SC-real-12800,F,2,3,True,True,True,40.0,,9,fff2f01e7abb7b21a09553a0741bd629f6a17cd5fe618f93ebeebd932bf650fe
SC-real-12800,F,2,4,True,True,True,40.0,,9,fff2f01e7abb7b21a09553a0741bd629f6a17cd5fe618f93ebeebd932bf650fe
SC-real-12800,F,2,5,True,True,True,40.0,,9,fff2f01e7abb7b21a09553a0741bd629f6a17cd5fe618f93ebeebd932bf650fe
SC-real-12800,F,2,6,True,True,True,40.0,,9,fff2f01e7abb7b21a09553a0741bd629f6a17cd5fe618f93ebeebd932bf650fe
SC-real-12800,F,2,7,True,True,True,40.0,,9,fff2f01e7abb7b21a09553a0741bd629f6a17cd5fe618f93ebeebd932bf650fe
SC-real-12800,F,2,8,True,True,True,40.0,,9,fff2f01e7abb7b21a09553a0741bd629f6a17cd5fe618f93ebeebd932bf650fe
SC-real-12800,F,2,9,True,True,True,40.0,,9,fff2f01e7abb7b21a09553a0741bd629f6a17cd5fe618f93ebeebd932bf650fe
SC-real-12800,F,2,10,True,True,True,40.0,,9,fff2f01e7abb7b21a09553a0741bd629f6a17cd5fe618f93ebeebd932bf650fe
SC-real-12800,F,2,11,True,True,True,40.0,,9,fff2f01e7abb7b21a09553a0741bd629f6a17cd5fe618f93ebeebd932bf650fe
SC-real-12800,F,2,12,True,True,True,40.0,,9,fff2f01e7abb7b21a09553a0741bd629f6a17cd5fe618f93ebeebd932bf650fe
SC-real-12800,F,2,13,True,True,True,40.0,,9,fff2f01e7abb7b21a09553a0741bd629f6a17cd5fe618f93ebeebd932bf650fe
SC-real-12800,F,2,14,True,True,True,40.0,,9,fff2f01e7abb7b21a09553a0741bd629f6a17cd5fe618f93ebeebd932bf650fe
SC-real-12800,F,2,15,True,True,True,40.0,,9,fff2f01e7abb7b21a09553a0741bd629f6a17cd5fe618f93ebeebd932bf650fe
SC-real-12800,F,2,16,True,True,True,40.0,,9,fff2f01e7abb7b21a09553a0741bd629f6a17cd5fe618f93ebeebd932bf650fe
SC-real-12800,F,2,17,True,True,True,40.0,,9,fff2f01e7abb7b21a09553a0741bd629f6a17cd5fe618f93ebeebd932bf650fe
SC-real-12800,F,2,18,True,True,True,40.0,,9,fff2f01e7abb7b21a09553a0741bd629f6a17cd5fe618f93ebeebd932bf650fe
SC-real-12800,F,2,19,True,True,True,40.0,,9,fff2f01e7abb7b21a09553a0741bd629f6a17cd5fe618f93ebeebd932bf650fe
SC-real-12800,F,2,20,True,True,True,40.0,,9,fff2f01e7abb7b21a09553a0741bd629f6a17cd5fe618f93ebeebd932bf650fe
SC-real-12800,F,2,21,True,True,True,40.0,,9,fff2f01e7abb7b21a09553a0741bd629f6a17cd5fe618f93ebeebd932bf650fe
SC-real-12800,F,2,22,True,True,True,40.0,,9,fff2f01e7abb7b21a09553a0741bd629f6a17cd5fe618f93ebeebd932bf650fe
SC-real-12800,F,2,23,True,True,True,40.0,,9,fff2f01e7abb7b21a09553a0741bd629f6a17cd5fe618f93ebeebd932bf650fe
SC-real-12800,F,2,24,True,True,True,40.0,,9,fff2f01e7abb7b21a09553a0741bd629f6a17cd5fe618f93ebeebd932bf650fe
SC-real-12800,F,2,25,True,True,True,40.0,,9,fff2f01e7abb7b21a09553a0741bd629f6a17cd5fe618f93ebeebd932bf650fe
SC-real-12800,F,2,26,True,True,True,40.0,,9,fff2f01e7abb7b21a09553a0741bd629f6a17cd5fe618f93ebeebd932bf650fe
SC-real-12800,F,2,27,True,True,True,40.0,,9,fff2f01e7abb7b21a09553a0741bd629f6a17cd5fe618f93ebeebd932bf650fe
SC-real-12800,F,2,28,True,True,True,40.0,,9,fff2f01e7abb7b21a09553a0741bd629f6a17cd5fe618f93ebeebd932bf650fe
SC-real-12800,F,2,29,True,True,True,40.0,,9,fff2f01e7abb7b21a09553a0741bd629f6a17cd5fe618f93ebeebd932bf650fe
SC-real-12800,F,2,30,True,True,True,40.0,,9,fff2f01e7abb7b21a09553a0741bd629f6a17cd5fe618f93ebeebd932bf650fe
SC-real-12800,F,2,31,True,True,True,40.0,,9,fff2f01e7abb7b21a09553a0741bd629f6a17cd5fe618f93ebeebd932bf650fe
SC-real-12800,F,3,0,True,False,False,25.066666666666666,,6,fff2f01e7abb7b21a09553a0741bd629f6a17cd5fe618f93ebeebd932bf650fe
SC-real-12800,F,3,1,True,True,True,40.0,,10,fff2f01e7abb7b21a09553a0741bd629f6a17cd5fe618f93ebeebd932bf650fe
SC-real-12800,F,3,2,True,True,True,40.0,,10,fff2f01e7abb7b21a09553a0741bd629f6a17cd5fe618f93ebeebd932bf650fe
SC-real-12800,F,3,3,True,True,True,40.0,,10,fff2f01e7abb7b21a09553a0741bd629f6a17cd5fe618f93ebeebd932bf650fe
SC-real-12800,F,3,4,True,True,True,40.0,,10,fff2f01e7abb7b21a09553a0741bd629f6a17cd5fe618f93ebeebd932bf650fe
SC-real-12800,F,3,5,True,True,True,40.0,,10,fff2f01e7abb7b21a09553a0741bd629f6a17cd5fe618f93ebeebd932bf650fe
SC-real-12800,F,3,6,True,True,True,40.0,,10,fff2f01e7abb7b21a09553a0741bd629f6a17cd5fe618f93ebeebd932bf650fe
SC-real-12800,F,3,7,True,True,True,40.0,,10,fff2f01e7abb7b21a09553a0741bd629f6a17cd5fe618f93ebeebd932bf650fe
SC-real-12800,F,3,8,True,True,True,40.0,,10,fff2f01e7abb7b21a09553a0741bd629f6a17cd5fe618f93ebeebd932bf650fe
SC-real-12800,F,3,9,True,True,True,40.0,,10,fff2f01e7abb7b21a09553a0741bd629f6a17cd5fe618f93ebeebd932bf650fe
SC-real-12800,F,3,10,True,True,True,40.0,,10,fff2f01e7abb7b21a09553a0741bd629f6a17cd5fe618f93ebeebd932bf650fe
SC-real-12800,F,3,11,True,True,True,40.0,,10,fff2f01e7abb7b21a09553a0741bd629f6a17cd5fe618f93ebeebd932bf650fe
SC-real-12800,F,3,12,True,True,True,40.0,,10,fff2f01e7abb7b21a09553a0741bd629f6a17cd5fe618f93ebeebd932bf650fe
SC-real-12800,F,3,13,True,True,True,40.0,,10,fff2f01e7abb7b21a09553a0741bd629f6a17cd5fe618f93ebeebd932bf650fe
SC-real-12800,F,3,14,True,True,True,40.0,,10,fff2f01e7abb7b21a09553a0741bd629f6a17cd5fe618f93ebeebd932bf650fe
SC-real-12800,F,3,15,True,False,False,5.466666666666667,,1,fff2f01e7abb7b21a09553a0741bd629f6a17cd5fe618f93ebeebd932bf650fe
SC-real-12800,F,3,16,True,True,True,40.0,,10,fff2f01e7abb7b21a09553a0741bd629f6a17cd5fe618f93ebeebd932bf650fe
SC-real-12800,F,3,17,True,True,True,40.0,,10,fff2f01e7abb7b21a09553a0741bd629f6a17cd5fe618f93ebeebd932bf650fe
SC-real-12800,F,3,18,True,True,True,40.0,,10,fff2f01e7abb7b21a09553a0741bd629f6a17cd5fe618f93ebeebd932bf650fe
SC-real-12800,F,3,19,True,True,True,40.0,,10,fff2f01e7abb7b21a09553a0741bd629f6a17cd5fe618f93ebeebd932bf650fe
SC-real-12800,F,3,20,True,True,True,40.0,,10,fff2f01e7abb7b21a09553a0741bd629f6a17cd5fe618f93ebeebd932bf650fe
SC-real-12800,F,3,21,True,True,True,40.0,,10,fff2f01e7abb7b21a09553a0741bd629f6a17cd5fe618f93ebeebd932bf650fe
SC-real-12800,F,3,22,True,True,True,40.0,,10,fff2f01e7abb7b21a09553a0741bd629f6a17cd5fe618f93ebeebd932bf650fe
SC-real-12800,F,3,23,True,True,True,40.0,,10,fff2f01e7abb7b21a09553a0741bd629f6a17cd5fe618f93ebeebd932bf650fe
SC-real-12800,F,3,24,True,True,True,40.0,,10,fff2f01e7abb7b21a09553a0741bd629f6a17cd5fe618f93ebeebd932bf650fe
SC-real-12800,F,3,25,True,True,True,40.0,,10,fff2f01e7abb7b21a09553a0741bd629f6a17cd5fe618f93ebeebd932bf650fe
SC-real-12800,F,3,26,True,True,True,40.0,,10,fff2f01e7abb7b21a09553a0741bd629f6a17cd5fe618f93ebeebd932bf650fe
SC-real-12800,F,3,27,True,True,True,40.0,,10,fff2f01e7abb7b21a09553a0741bd629f6a17cd5fe618f93ebeebd932bf650fe
SC-real-12800,F,3,28,True,True,True,40.0,,10,fff2f01e7abb7b21a09553a0741bd629f6a17cd5fe618f93ebeebd932bf650fe
SC-real-12800,F,3,29,True,True,True,40.0,,10,fff2f01e7abb7b21a09553a0741bd629f6a17cd5fe618f93ebeebd932bf650fe
SC-real-12800,F,3,30,True,True,True,40.0,,10,fff2f01e7abb7b21a09553a0741bd629f6a17cd5fe618f93ebeebd932bf650fe
SC-real-12800,F,3,31,True,True,True,40.0,,10,fff2f01e7abb7b21a09553a0741bd629f6a17cd5fe618f93ebeebd932bf650fe
SA-real-16000,S2,0,0,True,True,True,20.0,1111111111,,fff2f01e7abb7b21a09553a0741bd629f6a17cd5fe618f93ebeebd932bf650fe
SA-real-16000,S2,0,1,True,True,True,20.0,1111111111,,fff2f01e7abb7b21a09553a0741bd629f6a17cd5fe618f93ebeebd932bf650fe
SA-real-16000,S2,0,2,True,True,True,20.0,1111111111,,fff2f01e7abb7b21a09553a0741bd629f6a17cd5fe618f93ebeebd932bf650fe
SA-real-16000,S2,0,3,True,True,True,20.0,1111111111,,fff2f01e7abb7b21a09553a0741bd629f6a17cd5fe618f93ebeebd932bf650fe
SA-real-16000,S2,0,4,False,True,True,20.0,0111111111,,fff2f01e7abb7b21a09553a0741bd629f6a17cd5fe618f93ebeebd932bf650fe
SA-real-16000,S2,0,5,True,True,True,20.0,1111111111,,fff2f01e7abb7b21a09553a0741bd629f6a17cd5fe618f93ebeebd932bf650fe
SA-real-16000,S2,0,6,True,True,True,20.0,1111111111,,fff2f01e7abb7b21a09553a0741bd629f6a17cd5fe618f93ebeebd932bf650fe
SA-real-16000,S2,0,7,True,True,True,20.0,1111111111,,fff2f01e7abb7b21a09553a0741bd629f6a17cd5fe618f93ebeebd932bf650fe
SA-real-16000,S2,0,8,True,True,True,20.0,1111111111,,fff2f01e7abb7b21a09553a0741bd629f6a17cd5fe618f93ebeebd932bf650fe
SA-real-16000,S2,0,9,True,True,True,20.0,1111111111,,fff2f01e7abb7b21a09553a0741bd629f6a17cd5fe618f93ebeebd932bf650fe
SA-real-16000,S2,0,10,True,True,True,20.0,1111111111,,fff2f01e7abb7b21a09553a0741bd629f6a17cd5fe618f93ebeebd932bf650fe
SA-real-16000,S2,0,11,True,True,True,20.0,1111111111,,fff2f01e7abb7b21a09553a0741bd629f6a17cd5fe618f93ebeebd932bf650fe
SA-real-16000,S2,0,12,True,True,True,20.0,1111111111,,fff2f01e7abb7b21a09553a0741bd629f6a17cd5fe618f93ebeebd932bf650fe
SA-real-16000,S2,0,13,True,True,True,20.0,1111111111,,fff2f01e7abb7b21a09553a0741bd629f6a17cd5fe618f93ebeebd932bf650fe
SA-real-16000,S2,0,14,True,True,True,20.0,1111111111,,fff2f01e7abb7b21a09553a0741bd629f6a17cd5fe618f93ebeebd932bf650fe
SA-real-16000,S2,0,15,True,True,True,20.0,1111111111,,fff2f01e7abb7b21a09553a0741bd629f6a17cd5fe618f93ebeebd932bf650fe
SA-real-16000,S2,0,16,False,True,True,20.0,1101011111,,fff2f01e7abb7b21a09553a0741bd629f6a17cd5fe618f93ebeebd932bf650fe
SA-real-16000,S2,0,17,False,True,True,20.0,1111110101,,fff2f01e7abb7b21a09553a0741bd629f6a17cd5fe618f93ebeebd932bf650fe
SA-real-16000,S2,0,18,True,True,True,20.0,1111111111,,fff2f01e7abb7b21a09553a0741bd629f6a17cd5fe618f93ebeebd932bf650fe
SA-real-16000,S2,0,19,True,True,True,20.0,1111111111,,fff2f01e7abb7b21a09553a0741bd629f6a17cd5fe618f93ebeebd932bf650fe
SA-real-16000,S2,0,20,True,True,True,20.0,1111111111,,fff2f01e7abb7b21a09553a0741bd629f6a17cd5fe618f93ebeebd932bf650fe
SA-real-16000,S2,0,21,True,True,True,20.0,1111111111,,fff2f01e7abb7b21a09553a0741bd629f6a17cd5fe618f93ebeebd932bf650fe
SA-real-16000,S2,0,22,True,True,True,20.0,1111111111,,fff2f01e7abb7b21a09553a0741bd629f6a17cd5fe618f93ebeebd932bf650fe
SA-real-16000,S2,0,23,True,True,True,20.0,1111111111,,fff2f01e7abb7b21a09553a0741bd629f6a17cd5fe618f93ebeebd932bf650fe
SA-real-16000,S2,0,24,True,True,True,20.0,1111111111,,fff2f01e7abb7b21a09553a0741bd629f6a17cd5fe618f93ebeebd932bf650fe
SA-real-16000,S2,0,25,True,True,True,20.0,1111111111,,fff2f01e7abb7b21a09553a0741bd629f6a17cd5fe618f93ebeebd932bf650fe
SA-real-16000,S2,0,26,False,True,True,20.0,0111111111,,fff2f01e7abb7b21a09553a0741bd629f6a17cd5fe618f93ebeebd932bf650fe
SA-real-16000,S2,0,27,True,True,True,20.0,1111111111,,fff2f01e7abb7b21a09553a0741bd629f6a17cd5fe618f93ebeebd932bf650fe
SA-real-16000,S2,0,28,True,True,True,20.0,1111111111,,fff2f01e7abb7b21a09553a0741bd629f6a17cd5fe618f93ebeebd932bf650fe
SA-real-16000,S2,0,29,True,True,True,20.0,1111111111,,fff2f01e7abb7b21a09553a0741bd629f6a17cd5fe618f93ebeebd932bf650fe
SA-real-16000,S2,0,30,True,True,True,20.0,1111111111,,fff2f01e7abb7b21a09553a0741bd629f6a17cd5fe618f93ebeebd932bf650fe
SA-real-16000,S2,0,31,True,True,True,20.0,1111111111,,fff2f01e7abb7b21a09553a0741bd629f6a17cd5fe618f93ebeebd932bf650fe
SA-real-16000,S2,1,0,True,True,True,20.0,1111111111,,fff2f01e7abb7b21a09553a0741bd629f6a17cd5fe618f93ebeebd932bf650fe
SA-real-16000,S2,1,1,False,True,True,20.0,0101010101,,fff2f01e7abb7b21a09553a0741bd629f6a17cd5fe618f93ebeebd932bf650fe
SA-real-16000,S2,1,2,True,True,True,20.0,1111111111,,fff2f01e7abb7b21a09553a0741bd629f6a17cd5fe618f93ebeebd932bf650fe
SA-real-16000,S2,1,3,False,True,True,20.0,0111010101,,fff2f01e7abb7b21a09553a0741bd629f6a17cd5fe618f93ebeebd932bf650fe
SA-real-16000,S2,1,4,False,True,True,20.0,1111110101,,fff2f01e7abb7b21a09553a0741bd629f6a17cd5fe618f93ebeebd932bf650fe
SA-real-16000,S2,1,5,False,True,True,20.0,1111010101,,fff2f01e7abb7b21a09553a0741bd629f6a17cd5fe618f93ebeebd932bf650fe
SA-real-16000,S2,1,6,True,True,True,20.0,1111111111,,fff2f01e7abb7b21a09553a0741bd629f6a17cd5fe618f93ebeebd932bf650fe
SA-real-16000,S2,1,7,True,True,True,20.0,1111111111,,fff2f01e7abb7b21a09553a0741bd629f6a17cd5fe618f93ebeebd932bf650fe
SA-real-16000,S2,1,8,True,True,True,20.0,1111111111,,fff2f01e7abb7b21a09553a0741bd629f6a17cd5fe618f93ebeebd932bf650fe
SA-real-16000,S2,1,9,True,True,True,20.0,1111111111,,fff2f01e7abb7b21a09553a0741bd629f6a17cd5fe618f93ebeebd932bf650fe
SA-real-16000,S2,1,10,False,False,True,6.066666666666666,1111111101,,fff2f01e7abb7b21a09553a0741bd629f6a17cd5fe618f93ebeebd932bf650fe
SA-real-16000,S2,1,11,False,True,True,20.0,1111010101,,fff2f01e7abb7b21a09553a0741bd629f6a17cd5fe618f93ebeebd932bf650fe
SA-real-16000,S2,1,12,True,True,True,20.0,1111111111,,fff2f01e7abb7b21a09553a0741bd629f6a17cd5fe618f93ebeebd932bf650fe
SA-real-16000,S2,1,13,False,False,True,18.1,1111110101,,fff2f01e7abb7b21a09553a0741bd629f6a17cd5fe618f93ebeebd932bf650fe
SA-real-16000,S2,1,14,False,False,True,18.0,1111111111,,fff2f01e7abb7b21a09553a0741bd629f6a17cd5fe618f93ebeebd932bf650fe
SA-real-16000,S2,1,15,True,True,True,20.0,1111111111,,fff2f01e7abb7b21a09553a0741bd629f6a17cd5fe618f93ebeebd932bf650fe
SA-real-16000,S2,1,16,True,True,True,20.0,1111111111,,fff2f01e7abb7b21a09553a0741bd629f6a17cd5fe618f93ebeebd932bf650fe
SA-real-16000,S2,1,17,True,True,True,20.0,1111111111,,fff2f01e7abb7b21a09553a0741bd629f6a17cd5fe618f93ebeebd932bf650fe
SA-real-16000,S2,1,18,False,True,True,20.0,1111010101,,fff2f01e7abb7b21a09553a0741bd629f6a17cd5fe618f93ebeebd932bf650fe
SA-real-16000,S2,1,19,False,True,True,20.0,1111110101,,fff2f01e7abb7b21a09553a0741bd629f6a17cd5fe618f93ebeebd932bf650fe
SA-real-16000,S2,1,20,False,True,True,20.0,1111110101,,fff2f01e7abb7b21a09553a0741bd629f6a17cd5fe618f93ebeebd932bf650fe
SA-real-16000,S2,1,21,True,True,True,20.0,1111111111,,fff2f01e7abb7b21a09553a0741bd629f6a17cd5fe618f93ebeebd932bf650fe
SA-real-16000,S2,1,22,False,False,True,6.1,1111111101,,fff2f01e7abb7b21a09553a0741bd629f6a17cd5fe618f93ebeebd932bf650fe
SA-real-16000,S2,1,23,True,True,True,20.0,1111111111,,fff2f01e7abb7b21a09553a0741bd629f6a17cd5fe618f93ebeebd932bf650fe
SA-real-16000,S2,1,24,False,False,True,5.966666666666667,1111010111,,fff2f01e7abb7b21a09553a0741bd629f6a17cd5fe618f93ebeebd932bf650fe
SA-real-16000,S2,1,25,False,True,True,20.0,1111110101,,fff2f01e7abb7b21a09553a0741bd629f6a17cd5fe618f93ebeebd932bf650fe
SA-real-16000,S2,1,26,False,True,True,20.0,0101010101,,fff2f01e7abb7b21a09553a0741bd629f6a17cd5fe618f93ebeebd932bf650fe
SA-real-16000,S2,1,27,True,True,True,20.0,1111111111,,fff2f01e7abb7b21a09553a0741bd629f6a17cd5fe618f93ebeebd932bf650fe
SA-real-16000,S2,1,28,True,True,True,20.0,1111111111,,fff2f01e7abb7b21a09553a0741bd629f6a17cd5fe618f93ebeebd932bf650fe
SA-real-16000,S2,1,29,False,False,True,2.066666666666667,1111111111,,fff2f01e7abb7b21a09553a0741bd629f6a17cd5fe618f93ebeebd932bf650fe
SA-real-16000,S2,1,30,False,False,True,5.966666666666667,1111010101,,fff2f01e7abb7b21a09553a0741bd629f6a17cd5fe618f93ebeebd932bf650fe
SA-real-16000,S2,1,31,False,True,True,20.0,1111111101,,fff2f01e7abb7b21a09553a0741bd629f6a17cd5fe618f93ebeebd932bf650fe
SA-real-16000,S2,2,0,True,True,True,20.0,1111111111,,fff2f01e7abb7b21a09553a0741bd629f6a17cd5fe618f93ebeebd932bf650fe
SA-real-16000,S2,2,1,True,True,True,20.0,1111111111,,fff2f01e7abb7b21a09553a0741bd629f6a17cd5fe618f93ebeebd932bf650fe
SA-real-16000,S2,2,2,True,True,True,20.0,1111111111,,fff2f01e7abb7b21a09553a0741bd629f6a17cd5fe618f93ebeebd932bf650fe
SA-real-16000,S2,2,3,True,True,True,20.0,1111111111,,fff2f01e7abb7b21a09553a0741bd629f6a17cd5fe618f93ebeebd932bf650fe
SA-real-16000,S2,2,4,True,True,True,20.0,1111111111,,fff2f01e7abb7b21a09553a0741bd629f6a17cd5fe618f93ebeebd932bf650fe
SA-real-16000,S2,2,5,False,True,True,20.0,0101010101,,fff2f01e7abb7b21a09553a0741bd629f6a17cd5fe618f93ebeebd932bf650fe
SA-real-16000,S2,2,6,True,True,True,20.0,1111111111,,fff2f01e7abb7b21a09553a0741bd629f6a17cd5fe618f93ebeebd932bf650fe
SA-real-16000,S2,2,7,True,True,True,20.0,1111111111,,fff2f01e7abb7b21a09553a0741bd629f6a17cd5fe618f93ebeebd932bf650fe
SA-real-16000,S2,2,8,True,True,True,20.0,1111111111,,fff2f01e7abb7b21a09553a0741bd629f6a17cd5fe618f93ebeebd932bf650fe
SA-real-16000,S2,2,9,True,True,True,20.0,1111111111,,fff2f01e7abb7b21a09553a0741bd629f6a17cd5fe618f93ebeebd932bf650fe
SA-real-16000,S2,2,10,True,True,True,20.0,1111111111,,fff2f01e7abb7b21a09553a0741bd629f6a17cd5fe618f93ebeebd932bf650fe
SA-real-16000,S2,2,11,True,True,True,20.0,1111111111,,fff2f01e7abb7b21a09553a0741bd629f6a17cd5fe618f93ebeebd932bf650fe
SA-real-16000,S2,2,12,True,True,True,20.0,1111111111,,fff2f01e7abb7b21a09553a0741bd629f6a17cd5fe618f93ebeebd932bf650fe
SA-real-16000,S2,2,13,False,True,True,20.0,0101010101,,fff2f01e7abb7b21a09553a0741bd629f6a17cd5fe618f93ebeebd932bf650fe
SA-real-16000,S2,2,14,True,True,True,20.0,1111111111,,fff2f01e7abb7b21a09553a0741bd629f6a17cd5fe618f93ebeebd932bf650fe
SA-real-16000,S2,2,15,True,True,True,20.0,1111111111,,fff2f01e7abb7b21a09553a0741bd629f6a17cd5fe618f93ebeebd932bf650fe
SA-real-16000,S2,2,16,False,True,True,20.0,0101010000,,fff2f01e7abb7b21a09553a0741bd629f6a17cd5fe618f93ebeebd932bf650fe
SA-real-16000,S2,2,17,True,True,True,20.0,1111111111,,fff2f01e7abb7b21a09553a0741bd629f6a17cd5fe618f93ebeebd932bf650fe
SA-real-16000,S2,2,18,True,True,True,20.0,1111111111,,fff2f01e7abb7b21a09553a0741bd629f6a17cd5fe618f93ebeebd932bf650fe
SA-real-16000,S2,2,19,True,True,True,20.0,1111111111,,fff2f01e7abb7b21a09553a0741bd629f6a17cd5fe618f93ebeebd932bf650fe
SA-real-16000,S2,2,20,True,True,True,20.0,1111111111,,fff2f01e7abb7b21a09553a0741bd629f6a17cd5fe618f93ebeebd932bf650fe
SA-real-16000,S2,2,21,True,True,True,20.0,1111111111,,fff2f01e7abb7b21a09553a0741bd629f6a17cd5fe618f93ebeebd932bf650fe
SA-real-16000,S2,2,22,True,True,True,20.0,1111111111,,fff2f01e7abb7b21a09553a0741bd629f6a17cd5fe618f93ebeebd932bf650fe
SA-real-16000,S2,2,23,False,True,True,20.0,0101010101,,fff2f01e7abb7b21a09553a0741bd629f6a17cd5fe618f93ebeebd932bf650fe
SA-real-16000,S2,2,24,True,True,True,20.0,1111111111,,fff2f01e7abb7b21a09553a0741bd629f6a17cd5fe618f93ebeebd932bf650fe
SA-real-16000,S2,2,25,False,True,True,20.0,1101010101,,fff2f01e7abb7b21a09553a0741bd629f6a17cd5fe618f93ebeebd932bf650fe
SA-real-16000,S2,2,26,False,True,True,20.0,0101010101,,fff2f01e7abb7b21a09553a0741bd629f6a17cd5fe618f93ebeebd932bf650fe
SA-real-16000,S2,2,27,True,True,True,20.0,1111111111,,fff2f01e7abb7b21a09553a0741bd629f6a17cd5fe618f93ebeebd932bf650fe
SA-real-16000,S2,2,28,True,True,True,20.0,1111111111,,fff2f01e7abb7b21a09553a0741bd629f6a17cd5fe618f93ebeebd932bf650fe
SA-real-16000,S2,2,29,True,True,True,20.0,1111111111,,fff2f01e7abb7b21a09553a0741bd629f6a17cd5fe618f93ebeebd932bf650fe
SA-real-16000,S2,2,30,True,True,True,20.0,1111111111,,fff2f01e7abb7b21a09553a0741bd629f6a17cd5fe618f93ebeebd932bf650fe
SA-real-16000,S2,2,31,True,True,True,20.0,1111111111,,fff2f01e7abb7b21a09553a0741bd629f6a17cd5fe618f93ebeebd932bf650fe
SA-real-16000,S2,3,0,True,True,True,20.0,1111111111,,fff2f01e7abb7b21a09553a0741bd629f6a17cd5fe618f93ebeebd932bf650fe
SA-real-16000,S2,3,1,True,True,True,20.0,1111111111,,fff2f01e7abb7b21a09553a0741bd629f6a17cd5fe618f93ebeebd932bf650fe
SA-real-16000,S2,3,2,True,True,True,20.0,1111111111,,fff2f01e7abb7b21a09553a0741bd629f6a17cd5fe618f93ebeebd932bf650fe
SA-real-16000,S2,3,3,False,False,False,13.333333333333334,1111010000,,fff2f01e7abb7b21a09553a0741bd629f6a17cd5fe618f93ebeebd932bf650fe
SA-real-16000,S2,3,4,True,True,True,20.0,1111111111,,fff2f01e7abb7b21a09553a0741bd629f6a17cd5fe618f93ebeebd932bf650fe
SA-real-16000,S2,3,5,True,True,True,20.0,1111111111,,fff2f01e7abb7b21a09553a0741bd629f6a17cd5fe618f93ebeebd932bf650fe
SA-real-16000,S2,3,6,True,True,True,20.0,1111111111,,fff2f01e7abb7b21a09553a0741bd629f6a17cd5fe618f93ebeebd932bf650fe
SA-real-16000,S2,3,7,False,True,True,20.0,1111010101,,fff2f01e7abb7b21a09553a0741bd629f6a17cd5fe618f93ebeebd932bf650fe
SA-real-16000,S2,3,8,True,True,True,20.0,1111111111,,fff2f01e7abb7b21a09553a0741bd629f6a17cd5fe618f93ebeebd932bf650fe
SA-real-16000,S2,3,9,True,True,True,20.0,1111111111,,fff2f01e7abb7b21a09553a0741bd629f6a17cd5fe618f93ebeebd932bf650fe
SA-real-16000,S2,3,10,False,True,True,20.0,1101111101,,fff2f01e7abb7b21a09553a0741bd629f6a17cd5fe618f93ebeebd932bf650fe
SA-real-16000,S2,3,11,True,True,True,20.0,1111111111,,fff2f01e7abb7b21a09553a0741bd629f6a17cd5fe618f93ebeebd932bf650fe
SA-real-16000,S2,3,12,True,True,True,20.0,1111111111,,fff2f01e7abb7b21a09553a0741bd629f6a17cd5fe618f93ebeebd932bf650fe
SA-real-16000,S2,3,13,False,True,True,20.0,1111111101,,fff2f01e7abb7b21a09553a0741bd629f6a17cd5fe618f93ebeebd932bf650fe
SA-real-16000,S2,3,14,True,True,True,20.0,1111111111,,fff2f01e7abb7b21a09553a0741bd629f6a17cd5fe618f93ebeebd932bf650fe
SA-real-16000,S2,3,15,False,False,False,6.4,0100000000,,fff2f01e7abb7b21a09553a0741bd629f6a17cd5fe618f93ebeebd932bf650fe
SA-real-16000,S2,3,16,True,True,True,20.0,1111111111,,fff2f01e7abb7b21a09553a0741bd629f6a17cd5fe618f93ebeebd932bf650fe
SA-real-16000,S2,3,17,True,True,True,20.0,1111111111,,fff2f01e7abb7b21a09553a0741bd629f6a17cd5fe618f93ebeebd932bf650fe
SA-real-16000,S2,3,18,True,True,True,20.0,1111111111,,fff2f01e7abb7b21a09553a0741bd629f6a17cd5fe618f93ebeebd932bf650fe
SA-real-16000,S2,3,19,True,True,True,20.0,1111111111,,fff2f01e7abb7b21a09553a0741bd629f6a17cd5fe618f93ebeebd932bf650fe
SA-real-16000,S2,3,20,True,True,True,20.0,1111111111,,fff2f01e7abb7b21a09553a0741bd629f6a17cd5fe618f93ebeebd932bf650fe
SA-real-16000,S2,3,21,True,True,True,20.0,1111111111,,fff2f01e7abb7b21a09553a0741bd629f6a17cd5fe618f93ebeebd932bf650fe
SA-real-16000,S2,3,22,True,True,True,20.0,1111111111,,fff2f01e7abb7b21a09553a0741bd629f6a17cd5fe618f93ebeebd932bf650fe
SA-real-16000,S2,3,23,True,True,True,20.0,1111111111,,fff2f01e7abb7b21a09553a0741bd629f6a17cd5fe618f93ebeebd932bf650fe
SA-real-16000,S2,3,24,True,True,True,20.0,1111111111,,fff2f01e7abb7b21a09553a0741bd629f6a17cd5fe618f93ebeebd932bf650fe
SA-real-16000,S2,3,25,False,True,True,20.0,1101111111,,fff2f01e7abb7b21a09553a0741bd629f6a17cd5fe618f93ebeebd932bf650fe
SA-real-16000,S2,3,26,True,True,True,20.0,1111111111,,fff2f01e7abb7b21a09553a0741bd629f6a17cd5fe618f93ebeebd932bf650fe
SA-real-16000,S2,3,27,True,True,True,20.0,1111111111,,fff2f01e7abb7b21a09553a0741bd629f6a17cd5fe618f93ebeebd932bf650fe
SA-real-16000,S2,3,28,True,True,True,20.0,1111111111,,fff2f01e7abb7b21a09553a0741bd629f6a17cd5fe618f93ebeebd932bf650fe
SA-real-16000,S2,3,29,False,True,True,20.0,1111110101,,fff2f01e7abb7b21a09553a0741bd629f6a17cd5fe618f93ebeebd932bf650fe
SA-real-16000,S2,3,30,False,True,True,20.0,0101010101,,fff2f01e7abb7b21a09553a0741bd629f6a17cd5fe618f93ebeebd932bf650fe
SA-real-16000,S2,3,31,True,True,True,20.0,1111111111,,fff2f01e7abb7b21a09553a0741bd629f6a17cd5fe618f93ebeebd932bf650fe
SA-real-16000,S5,0,0,False,False,True,15.333333333333334,0101,,fff2f01e7abb7b21a09553a0741bd629f6a17cd5fe618f93ebeebd932bf650fe
SA-real-16000,S5,0,1,False,True,True,20.0,0101,,fff2f01e7abb7b21a09553a0741bd629f6a17cd5fe618f93ebeebd932bf650fe
SA-real-16000,S5,0,2,False,False,False,10.266666666666667,0100,,fff2f01e7abb7b21a09553a0741bd629f6a17cd5fe618f93ebeebd932bf650fe
SA-real-16000,S5,0,3,False,True,True,20.0,0101,,fff2f01e7abb7b21a09553a0741bd629f6a17cd5fe618f93ebeebd932bf650fe
SA-real-16000,S5,0,4,False,False,False,10.6,1100,,fff2f01e7abb7b21a09553a0741bd629f6a17cd5fe618f93ebeebd932bf650fe
SA-real-16000,S5,0,5,False,False,False,10.266666666666667,0100,,fff2f01e7abb7b21a09553a0741bd629f6a17cd5fe618f93ebeebd932bf650fe
SA-real-16000,S5,0,6,False,True,True,20.0,0101,,fff2f01e7abb7b21a09553a0741bd629f6a17cd5fe618f93ebeebd932bf650fe
SA-real-16000,S5,0,7,False,False,True,15.4,0101,,fff2f01e7abb7b21a09553a0741bd629f6a17cd5fe618f93ebeebd932bf650fe
SA-real-16000,S5,0,8,False,False,True,15.4,1101,,fff2f01e7abb7b21a09553a0741bd629f6a17cd5fe618f93ebeebd932bf650fe
SA-real-16000,S5,0,9,False,True,True,20.0,0101,,fff2f01e7abb7b21a09553a0741bd629f6a17cd5fe618f93ebeebd932bf650fe
SA-real-16000,S5,0,10,False,True,True,20.0,0101,,fff2f01e7abb7b21a09553a0741bd629f6a17cd5fe618f93ebeebd932bf650fe
SA-real-16000,S5,0,11,False,True,True,20.0,1101,,fff2f01e7abb7b21a09553a0741bd629f6a17cd5fe618f93ebeebd932bf650fe
SA-real-16000,S5,0,12,False,False,False,10.5,0100,,fff2f01e7abb7b21a09553a0741bd629f6a17cd5fe618f93ebeebd932bf650fe
SA-real-16000,S5,0,13,False,True,True,20.0,0101,,fff2f01e7abb7b21a09553a0741bd629f6a17cd5fe618f93ebeebd932bf650fe
SA-real-16000,S5,0,14,False,False,False,10.2,0100,,fff2f01e7abb7b21a09553a0741bd629f6a17cd5fe618f93ebeebd932bf650fe
SA-real-16000,S5,0,15,False,True,True,20.0,0101,,fff2f01e7abb7b21a09553a0741bd629f6a17cd5fe618f93ebeebd932bf650fe
SA-real-16000,S5,0,16,False,False,True,15.433333333333334,0101,,fff2f01e7abb7b21a09553a0741bd629f6a17cd5fe618f93ebeebd932bf650fe
SA-real-16000,S5,0,17,False,False,False,10.5,0100,,fff2f01e7abb7b21a09553a0741bd629f6a17cd5fe618f93ebeebd932bf650fe
SA-real-16000,S5,0,18,False,True,True,20.0,0101,,fff2f01e7abb7b21a09553a0741bd629f6a17cd5fe618f93ebeebd932bf650fe
SA-real-16000,S5,0,19,False,False,True,15.433333333333334,1101,,fff2f01e7abb7b21a09553a0741bd629f6a17cd5fe618f93ebeebd932bf650fe
SA-real-16000,S5,0,20,False,False,True,15.4,1101,,fff2f01e7abb7b21a09553a0741bd629f6a17cd5fe618f93ebeebd932bf650fe
SA-real-16000,S5,0,21,False,False,False,10.633333333333333,1100,,fff2f01e7abb7b21a09553a0741bd629f6a17cd5fe618f93ebeebd932bf650fe
SA-real-16000,S5,0,22,False,False,False,10.233333333333333,1100,,fff2f01e7abb7b21a09553a0741bd629f6a17cd5fe618f93ebeebd932bf650fe
SA-real-16000,S5,0,23,False,False,True,15.333333333333334,1101,,fff2f01e7abb7b21a09553a0741bd629f6a17cd5fe618f93ebeebd932bf650fe
SA-real-16000,S5,0,24,False,False,True,15.4,0101,,fff2f01e7abb7b21a09553a0741bd629f6a17cd5fe618f93ebeebd932bf650fe
SA-real-16000,S5,0,25,False,False,True,15.4,1101,,fff2f01e7abb7b21a09553a0741bd629f6a17cd5fe618f93ebeebd932bf650fe
SA-real-16000,S5,0,26,False,False,False,10.4,1100,,fff2f01e7abb7b21a09553a0741bd629f6a17cd5fe618f93ebeebd932bf650fe
SA-real-16000,S5,0,27,False,False,False,9.766666666666667,0000,,fff2f01e7abb7b21a09553a0741bd629f6a17cd5fe618f93ebeebd932bf650fe
SA-real-16000,S5,0,28,False,False,False,10.533333333333333,0100,,fff2f01e7abb7b21a09553a0741bd629f6a17cd5fe618f93ebeebd932bf650fe
SA-real-16000,S5,0,29,False,False,False,10.266666666666667,0100,,fff2f01e7abb7b21a09553a0741bd629f6a17cd5fe618f93ebeebd932bf650fe
SA-real-16000,S5,0,30,False,True,True,20.0,0101,,fff2f01e7abb7b21a09553a0741bd629f6a17cd5fe618f93ebeebd932bf650fe
SA-real-16000,S5,0,31,False,False,True,15.4,0101,,fff2f01e7abb7b21a09553a0741bd629f6a17cd5fe618f93ebeebd932bf650fe
SA-real-16000,S5,1,0,True,True,True,20.0,1111,,fff2f01e7abb7b21a09553a0741bd629f6a17cd5fe618f93ebeebd932bf650fe
SA-real-16000,S5,1,1,False,True,True,20.0,0101,,fff2f01e7abb7b21a09553a0741bd629f6a17cd5fe618f93ebeebd932bf650fe
SA-real-16000,S5,1,2,True,True,True,20.0,1111,,fff2f01e7abb7b21a09553a0741bd629f6a17cd5fe618f93ebeebd932bf650fe
SA-real-16000,S5,1,3,False,True,True,20.0,0101,,fff2f01e7abb7b21a09553a0741bd629f6a17cd5fe618f93ebeebd932bf650fe
SA-real-16000,S5,1,4,True,True,True,20.0,1111,,fff2f01e7abb7b21a09553a0741bd629f6a17cd5fe618f93ebeebd932bf650fe
SA-real-16000,S5,1,5,True,True,True,20.0,1111,,fff2f01e7abb7b21a09553a0741bd629f6a17cd5fe618f93ebeebd932bf650fe
SA-real-16000,S5,1,6,True,True,True,20.0,1111,,fff2f01e7abb7b21a09553a0741bd629f6a17cd5fe618f93ebeebd932bf650fe
SA-real-16000,S5,1,7,False,True,True,20.0,1101,,fff2f01e7abb7b21a09553a0741bd629f6a17cd5fe618f93ebeebd932bf650fe
SA-real-16000,S5,1,8,True,True,True,20.0,1111,,fff2f01e7abb7b21a09553a0741bd629f6a17cd5fe618f93ebeebd932bf650fe
SA-real-16000,S5,1,9,True,True,True,20.0,1111,,fff2f01e7abb7b21a09553a0741bd629f6a17cd5fe618f93ebeebd932bf650fe
SA-real-16000,S5,1,10,True,True,True,20.0,1111,,fff2f01e7abb7b21a09553a0741bd629f6a17cd5fe618f93ebeebd932bf650fe
SA-real-16000,S5,1,11,False,True,True,20.0,0101,,fff2f01e7abb7b21a09553a0741bd629f6a17cd5fe618f93ebeebd932bf650fe
SA-real-16000,S5,1,12,False,True,True,20.0,0101,,fff2f01e7abb7b21a09553a0741bd629f6a17cd5fe618f93ebeebd932bf650fe
SA-real-16000,S5,1,13,False,True,True,20.0,0111,,fff2f01e7abb7b21a09553a0741bd629f6a17cd5fe618f93ebeebd932bf650fe
SA-real-16000,S5,1,14,True,True,True,20.0,1111,,fff2f01e7abb7b21a09553a0741bd629f6a17cd5fe618f93ebeebd932bf650fe
SA-real-16000,S5,1,15,True,True,True,20.0,1111,,fff2f01e7abb7b21a09553a0741bd629f6a17cd5fe618f93ebeebd932bf650fe
SA-real-16000,S5,1,16,True,True,True,20.0,1111,,fff2f01e7abb7b21a09553a0741bd629f6a17cd5fe618f93ebeebd932bf650fe
SA-real-16000,S5,1,17,False,True,True,20.0,0101,,fff2f01e7abb7b21a09553a0741bd629f6a17cd5fe618f93ebeebd932bf650fe
SA-real-16000,S5,1,18,False,False,True,11.9,1101,,fff2f01e7abb7b21a09553a0741bd629f6a17cd5fe618f93ebeebd932bf650fe
SA-real-16000,S5,1,19,False,True,True,20.0,0111,,fff2f01e7abb7b21a09553a0741bd629f6a17cd5fe618f93ebeebd932bf650fe
SA-real-16000,S5,1,20,False,True,True,20.0,0101,,fff2f01e7abb7b21a09553a0741bd629f6a17cd5fe618f93ebeebd932bf650fe
SA-real-16000,S5,1,21,True,True,True,20.0,1111,,fff2f01e7abb7b21a09553a0741bd629f6a17cd5fe618f93ebeebd932bf650fe
SA-real-16000,S5,1,22,False,False,True,11.266666666666667,1111,,fff2f01e7abb7b21a09553a0741bd629f6a17cd5fe618f93ebeebd932bf650fe
SA-real-16000,S5,1,23,True,True,True,20.0,1111,,fff2f01e7abb7b21a09553a0741bd629f6a17cd5fe618f93ebeebd932bf650fe
SA-real-16000,S5,1,24,False,False,True,5.233333333333333,1111,,fff2f01e7abb7b21a09553a0741bd629f6a17cd5fe618f93ebeebd932bf650fe
SA-real-16000,S5,1,25,True,True,True,20.0,1111,,fff2f01e7abb7b21a09553a0741bd629f6a17cd5fe618f93ebeebd932bf650fe
SA-real-16000,S5,1,26,False,True,True,20.0,0101,,fff2f01e7abb7b21a09553a0741bd629f6a17cd5fe618f93ebeebd932bf650fe
SA-real-16000,S5,1,27,True,True,True,20.0,1111,,fff2f01e7abb7b21a09553a0741bd629f6a17cd5fe618f93ebeebd932bf650fe
SA-real-16000,S5,1,28,False,True,True,20.0,0101,,fff2f01e7abb7b21a09553a0741bd629f6a17cd5fe618f93ebeebd932bf650fe
SA-real-16000,S5,1,29,True,True,True,20.0,1111,,fff2f01e7abb7b21a09553a0741bd629f6a17cd5fe618f93ebeebd932bf650fe
SA-real-16000,S5,1,30,False,False,True,11.3,1101,,fff2f01e7abb7b21a09553a0741bd629f6a17cd5fe618f93ebeebd932bf650fe
SA-real-16000,S5,1,31,True,True,True,20.0,1111,,fff2f01e7abb7b21a09553a0741bd629f6a17cd5fe618f93ebeebd932bf650fe
SA-real-16000,S5,2,0,True,True,True,20.0,1111,,fff2f01e7abb7b21a09553a0741bd629f6a17cd5fe618f93ebeebd932bf650fe
SA-real-16000,S5,2,1,True,True,True,20.0,1111,,fff2f01e7abb7b21a09553a0741bd629f6a17cd5fe618f93ebeebd932bf650fe
SA-real-16000,S5,2,2,True,True,True,20.0,1111,,fff2f01e7abb7b21a09553a0741bd629f6a17cd5fe618f93ebeebd932bf650fe
SA-real-16000,S5,2,3,True,True,True,20.0,1111,,fff2f01e7abb7b21a09553a0741bd629f6a17cd5fe618f93ebeebd932bf650fe
SA-real-16000,S5,2,4,True,True,True,20.0,1111,,fff2f01e7abb7b21a09553a0741bd629f6a17cd5fe618f93ebeebd932bf650fe
SA-real-16000,S5,2,5,True,True,True,20.0,1111,,fff2f01e7abb7b21a09553a0741bd629f6a17cd5fe618f93ebeebd932bf650fe
SA-real-16000,S5,2,6,True,True,True,20.0,1111,,fff2f01e7abb7b21a09553a0741bd629f6a17cd5fe618f93ebeebd932bf650fe
SA-real-16000,S5,2,7,True,True,True,20.0,1111,,fff2f01e7abb7b21a09553a0741bd629f6a17cd5fe618f93ebeebd932bf650fe
SA-real-16000,S5,2,8,True,True,True,20.0,1111,,fff2f01e7abb7b21a09553a0741bd629f6a17cd5fe618f93ebeebd932bf650fe
SA-real-16000,S5,2,9,True,True,True,20.0,1111,,fff2f01e7abb7b21a09553a0741bd629f6a17cd5fe618f93ebeebd932bf650fe
SA-real-16000,S5,2,10,True,True,True,20.0,1111,,fff2f01e7abb7b21a09553a0741bd629f6a17cd5fe618f93ebeebd932bf650fe
SA-real-16000,S5,2,11,True,True,True,20.0,1111,,fff2f01e7abb7b21a09553a0741bd629f6a17cd5fe618f93ebeebd932bf650fe
SA-real-16000,S5,2,12,True,True,True,20.0,1111,,fff2f01e7abb7b21a09553a0741bd629f6a17cd5fe618f93ebeebd932bf650fe
SA-real-16000,S5,2,13,True,True,True,20.0,1111,,fff2f01e7abb7b21a09553a0741bd629f6a17cd5fe618f93ebeebd932bf650fe
SA-real-16000,S5,2,14,True,True,True,20.0,1111,,fff2f01e7abb7b21a09553a0741bd629f6a17cd5fe618f93ebeebd932bf650fe
SA-real-16000,S5,2,15,False,True,True,20.0,1101,,fff2f01e7abb7b21a09553a0741bd629f6a17cd5fe618f93ebeebd932bf650fe
SA-real-16000,S5,2,16,False,True,True,20.0,0111,,fff2f01e7abb7b21a09553a0741bd629f6a17cd5fe618f93ebeebd932bf650fe
SA-real-16000,S5,2,17,True,True,True,20.0,1111,,fff2f01e7abb7b21a09553a0741bd629f6a17cd5fe618f93ebeebd932bf650fe
SA-real-16000,S5,2,18,True,True,True,20.0,1111,,fff2f01e7abb7b21a09553a0741bd629f6a17cd5fe618f93ebeebd932bf650fe
SA-real-16000,S5,2,19,True,True,True,20.0,1111,,fff2f01e7abb7b21a09553a0741bd629f6a17cd5fe618f93ebeebd932bf650fe
SA-real-16000,S5,2,20,False,True,True,20.0,0101,,fff2f01e7abb7b21a09553a0741bd629f6a17cd5fe618f93ebeebd932bf650fe
SA-real-16000,S5,2,21,True,True,True,20.0,1111,,fff2f01e7abb7b21a09553a0741bd629f6a17cd5fe618f93ebeebd932bf650fe
SA-real-16000,S5,2,22,True,True,True,20.0,1111,,fff2f01e7abb7b21a09553a0741bd629f6a17cd5fe618f93ebeebd932bf650fe
SA-real-16000,S5,2,23,False,True,True,20.0,0100,,fff2f01e7abb7b21a09553a0741bd629f6a17cd5fe618f93ebeebd932bf650fe
SA-real-16000,S5,2,24,True,True,True,20.0,1111,,fff2f01e7abb7b21a09553a0741bd629f6a17cd5fe618f93ebeebd932bf650fe
SA-real-16000,S5,2,25,True,True,True,20.0,1111,,fff2f01e7abb7b21a09553a0741bd629f6a17cd5fe618f93ebeebd932bf650fe
SA-real-16000,S5,2,26,True,True,True,20.0,1111,,fff2f01e7abb7b21a09553a0741bd629f6a17cd5fe618f93ebeebd932bf650fe
SA-real-16000,S5,2,27,False,True,True,20.0,0111,,fff2f01e7abb7b21a09553a0741bd629f6a17cd5fe618f93ebeebd932bf650fe
SA-real-16000,S5,2,28,True,True,True,20.0,1111,,fff2f01e7abb7b21a09553a0741bd629f6a17cd5fe618f93ebeebd932bf650fe
SA-real-16000,S5,2,29,True,True,True,20.0,1111,,fff2f01e7abb7b21a09553a0741bd629f6a17cd5fe618f93ebeebd932bf650fe
SA-real-16000,S5,2,30,True,True,True,20.0,1111,,fff2f01e7abb7b21a09553a0741bd629f6a17cd5fe618f93ebeebd932bf650fe
SA-real-16000,S5,2,31,True,True,True,20.0,1111,,fff2f01e7abb7b21a09553a0741bd629f6a17cd5fe618f93ebeebd932bf650fe
SA-real-16000,S5,3,0,True,True,True,20.0,1111,,fff2f01e7abb7b21a09553a0741bd629f6a17cd5fe618f93ebeebd932bf650fe
SA-real-16000,S5,3,1,True,True,True,20.0,1111,,fff2f01e7abb7b21a09553a0741bd629f6a17cd5fe618f93ebeebd932bf650fe
SA-real-16000,S5,3,2,True,True,True,20.0,1111,,fff2f01e7abb7b21a09553a0741bd629f6a17cd5fe618f93ebeebd932bf650fe
SA-real-16000,S5,3,3,True,True,True,20.0,1111,,fff2f01e7abb7b21a09553a0741bd629f6a17cd5fe618f93ebeebd932bf650fe
SA-real-16000,S5,3,4,True,True,True,20.0,1111,,fff2f01e7abb7b21a09553a0741bd629f6a17cd5fe618f93ebeebd932bf650fe
SA-real-16000,S5,3,5,True,True,True,20.0,1111,,fff2f01e7abb7b21a09553a0741bd629f6a17cd5fe618f93ebeebd932bf650fe
SA-real-16000,S5,3,6,True,True,True,20.0,1111,,fff2f01e7abb7b21a09553a0741bd629f6a17cd5fe618f93ebeebd932bf650fe
SA-real-16000,S5,3,7,False,True,True,20.0,1101,,fff2f01e7abb7b21a09553a0741bd629f6a17cd5fe618f93ebeebd932bf650fe
SA-real-16000,S5,3,8,False,True,True,20.0,0101,,fff2f01e7abb7b21a09553a0741bd629f6a17cd5fe618f93ebeebd932bf650fe
SA-real-16000,S5,3,9,True,True,True,20.0,1111,,fff2f01e7abb7b21a09553a0741bd629f6a17cd5fe618f93ebeebd932bf650fe
SA-real-16000,S5,3,10,True,True,True,20.0,1111,,fff2f01e7abb7b21a09553a0741bd629f6a17cd5fe618f93ebeebd932bf650fe
SA-real-16000,S5,3,11,False,True,True,20.0,1101,,fff2f01e7abb7b21a09553a0741bd629f6a17cd5fe618f93ebeebd932bf650fe
SA-real-16000,S5,3,12,False,True,True,20.0,1101,,fff2f01e7abb7b21a09553a0741bd629f6a17cd5fe618f93ebeebd932bf650fe
SA-real-16000,S5,3,13,True,True,True,20.0,1111,,fff2f01e7abb7b21a09553a0741bd629f6a17cd5fe618f93ebeebd932bf650fe
SA-real-16000,S5,3,14,True,True,True,20.0,1111,,fff2f01e7abb7b21a09553a0741bd629f6a17cd5fe618f93ebeebd932bf650fe
SA-real-16000,S5,3,15,False,False,False,13.133333333333333,0100,,fff2f01e7abb7b21a09553a0741bd629f6a17cd5fe618f93ebeebd932bf650fe
SA-real-16000,S5,3,16,True,True,True,20.0,1111,,fff2f01e7abb7b21a09553a0741bd629f6a17cd5fe618f93ebeebd932bf650fe
SA-real-16000,S5,3,17,True,True,True,20.0,1111,,fff2f01e7abb7b21a09553a0741bd629f6a17cd5fe618f93ebeebd932bf650fe
SA-real-16000,S5,3,18,True,True,True,20.0,1111,,fff2f01e7abb7b21a09553a0741bd629f6a17cd5fe618f93ebeebd932bf650fe
SA-real-16000,S5,3,19,True,True,True,20.0,1111,,fff2f01e7abb7b21a09553a0741bd629f6a17cd5fe618f93ebeebd932bf650fe
SA-real-16000,S5,3,20,False,True,True,20.0,0101,,fff2f01e7abb7b21a09553a0741bd629f6a17cd5fe618f93ebeebd932bf650fe
SA-real-16000,S5,3,21,True,True,True,20.0,1111,,fff2f01e7abb7b21a09553a0741bd629f6a17cd5fe618f93ebeebd932bf650fe
SA-real-16000,S5,3,22,True,True,True,20.0,1111,,fff2f01e7abb7b21a09553a0741bd629f6a17cd5fe618f93ebeebd932bf650fe
SA-real-16000,S5,3,23,True,True,True,20.0,1111,,fff2f01e7abb7b21a09553a0741bd629f6a17cd5fe618f93ebeebd932bf650fe
SA-real-16000,S5,3,24,False,True,True,20.0,0111,,fff2f01e7abb7b21a09553a0741bd629f6a17cd5fe618f93ebeebd932bf650fe
SA-real-16000,S5,3,25,False,True,True,20.0,1101,,fff2f01e7abb7b21a09553a0741bd629f6a17cd5fe618f93ebeebd932bf650fe
SA-real-16000,S5,3,26,True,True,True,20.0,1111,,fff2f01e7abb7b21a09553a0741bd629f6a17cd5fe618f93ebeebd932bf650fe
SA-real-16000,S5,3,27,True,True,True,20.0,1111,,fff2f01e7abb7b21a09553a0741bd629f6a17cd5fe618f93ebeebd932bf650fe
SA-real-16000,S5,3,28,True,True,True,20.0,1111,,fff2f01e7abb7b21a09553a0741bd629f6a17cd5fe618f93ebeebd932bf650fe
SA-real-16000,S5,3,29,False,True,True,20.0,1110,,fff2f01e7abb7b21a09553a0741bd629f6a17cd5fe618f93ebeebd932bf650fe
SA-real-16000,S5,3,30,False,True,True,20.0,0101,,fff2f01e7abb7b21a09553a0741bd629f6a17cd5fe618f93ebeebd932bf650fe
SA-real-16000,S5,3,31,True,True,True,20.0,1111,,fff2f01e7abb7b21a09553a0741bd629f6a17cd5fe618f93ebeebd932bf650fe
SA-real-16000,F,0,0,True,True,True,40.0,,10,fff2f01e7abb7b21a09553a0741bd629f6a17cd5fe618f93ebeebd932bf650fe
SA-real-16000,F,0,1,True,True,True,40.0,,10,fff2f01e7abb7b21a09553a0741bd629f6a17cd5fe618f93ebeebd932bf650fe
SA-real-16000,F,0,2,True,True,True,40.0,,10,fff2f01e7abb7b21a09553a0741bd629f6a17cd5fe618f93ebeebd932bf650fe
SA-real-16000,F,0,3,True,True,True,40.0,,10,fff2f01e7abb7b21a09553a0741bd629f6a17cd5fe618f93ebeebd932bf650fe
SA-real-16000,F,0,4,True,True,True,40.0,,10,fff2f01e7abb7b21a09553a0741bd629f6a17cd5fe618f93ebeebd932bf650fe
SA-real-16000,F,0,5,True,True,True,40.0,,10,fff2f01e7abb7b21a09553a0741bd629f6a17cd5fe618f93ebeebd932bf650fe
SA-real-16000,F,0,6,True,True,True,40.0,,10,fff2f01e7abb7b21a09553a0741bd629f6a17cd5fe618f93ebeebd932bf650fe
SA-real-16000,F,0,7,True,True,True,40.0,,10,fff2f01e7abb7b21a09553a0741bd629f6a17cd5fe618f93ebeebd932bf650fe
SA-real-16000,F,0,8,True,True,True,40.0,,10,fff2f01e7abb7b21a09553a0741bd629f6a17cd5fe618f93ebeebd932bf650fe
SA-real-16000,F,0,9,True,True,True,40.0,,10,fff2f01e7abb7b21a09553a0741bd629f6a17cd5fe618f93ebeebd932bf650fe
SA-real-16000,F,0,10,True,True,True,40.0,,10,fff2f01e7abb7b21a09553a0741bd629f6a17cd5fe618f93ebeebd932bf650fe
SA-real-16000,F,0,11,True,True,True,40.0,,10,fff2f01e7abb7b21a09553a0741bd629f6a17cd5fe618f93ebeebd932bf650fe
SA-real-16000,F,0,12,True,True,True,40.0,,10,fff2f01e7abb7b21a09553a0741bd629f6a17cd5fe618f93ebeebd932bf650fe
SA-real-16000,F,0,13,True,True,True,40.0,,10,fff2f01e7abb7b21a09553a0741bd629f6a17cd5fe618f93ebeebd932bf650fe
SA-real-16000,F,0,14,True,False,False,17.766666666666666,,8,fff2f01e7abb7b21a09553a0741bd629f6a17cd5fe618f93ebeebd932bf650fe
SA-real-16000,F,0,15,True,True,True,40.0,,10,fff2f01e7abb7b21a09553a0741bd629f6a17cd5fe618f93ebeebd932bf650fe
SA-real-16000,F,0,16,True,True,True,40.0,,10,fff2f01e7abb7b21a09553a0741bd629f6a17cd5fe618f93ebeebd932bf650fe
SA-real-16000,F,0,17,True,True,True,40.0,,10,fff2f01e7abb7b21a09553a0741bd629f6a17cd5fe618f93ebeebd932bf650fe
SA-real-16000,F,0,18,True,True,True,40.0,,10,fff2f01e7abb7b21a09553a0741bd629f6a17cd5fe618f93ebeebd932bf650fe
SA-real-16000,F,0,19,True,True,True,40.0,,10,fff2f01e7abb7b21a09553a0741bd629f6a17cd5fe618f93ebeebd932bf650fe
SA-real-16000,F,0,20,True,True,True,40.0,,10,fff2f01e7abb7b21a09553a0741bd629f6a17cd5fe618f93ebeebd932bf650fe
SA-real-16000,F,0,21,True,True,True,40.0,,10,fff2f01e7abb7b21a09553a0741bd629f6a17cd5fe618f93ebeebd932bf650fe
SA-real-16000,F,0,22,True,True,True,40.0,,10,fff2f01e7abb7b21a09553a0741bd629f6a17cd5fe618f93ebeebd932bf650fe
SA-real-16000,F,0,23,True,True,True,40.0,,10,fff2f01e7abb7b21a09553a0741bd629f6a17cd5fe618f93ebeebd932bf650fe
SA-real-16000,F,0,24,True,True,True,40.0,,10,fff2f01e7abb7b21a09553a0741bd629f6a17cd5fe618f93ebeebd932bf650fe
SA-real-16000,F,0,25,True,True,True,40.0,,10,fff2f01e7abb7b21a09553a0741bd629f6a17cd5fe618f93ebeebd932bf650fe
SA-real-16000,F,0,26,True,True,True,40.0,,10,fff2f01e7abb7b21a09553a0741bd629f6a17cd5fe618f93ebeebd932bf650fe
SA-real-16000,F,0,27,True,True,True,40.0,,10,fff2f01e7abb7b21a09553a0741bd629f6a17cd5fe618f93ebeebd932bf650fe
SA-real-16000,F,0,28,True,True,True,40.0,,10,fff2f01e7abb7b21a09553a0741bd629f6a17cd5fe618f93ebeebd932bf650fe
SA-real-16000,F,0,29,True,True,True,40.0,,10,fff2f01e7abb7b21a09553a0741bd629f6a17cd5fe618f93ebeebd932bf650fe
SA-real-16000,F,0,30,True,True,True,40.0,,10,fff2f01e7abb7b21a09553a0741bd629f6a17cd5fe618f93ebeebd932bf650fe
SA-real-16000,F,0,31,True,True,True,40.0,,10,fff2f01e7abb7b21a09553a0741bd629f6a17cd5fe618f93ebeebd932bf650fe
SA-real-16000,F,1,0,True,True,True,40.0,,9,fff2f01e7abb7b21a09553a0741bd629f6a17cd5fe618f93ebeebd932bf650fe
SA-real-16000,F,1,1,True,True,True,40.0,,9,fff2f01e7abb7b21a09553a0741bd629f6a17cd5fe618f93ebeebd932bf650fe
SA-real-16000,F,1,2,True,True,True,40.0,,9,fff2f01e7abb7b21a09553a0741bd629f6a17cd5fe618f93ebeebd932bf650fe
SA-real-16000,F,1,3,True,False,True,30.8,,9,fff2f01e7abb7b21a09553a0741bd629f6a17cd5fe618f93ebeebd932bf650fe
SA-real-16000,F,1,4,True,False,True,30.833333333333332,,9,fff2f01e7abb7b21a09553a0741bd629f6a17cd5fe618f93ebeebd932bf650fe
SA-real-16000,F,1,5,True,True,True,40.0,,9,fff2f01e7abb7b21a09553a0741bd629f6a17cd5fe618f93ebeebd932bf650fe
SA-real-16000,F,1,6,True,True,True,40.0,,9,fff2f01e7abb7b21a09553a0741bd629f6a17cd5fe618f93ebeebd932bf650fe
SA-real-16000,F,1,7,True,True,True,40.0,,9,fff2f01e7abb7b21a09553a0741bd629f6a17cd5fe618f93ebeebd932bf650fe
SA-real-16000,F,1,8,True,True,True,40.0,,9,fff2f01e7abb7b21a09553a0741bd629f6a17cd5fe618f93ebeebd932bf650fe
SA-real-16000,F,1,9,True,True,True,40.0,,9,fff2f01e7abb7b21a09553a0741bd629f6a17cd5fe618f93ebeebd932bf650fe
SA-real-16000,F,1,10,True,True,True,40.0,,9,fff2f01e7abb7b21a09553a0741bd629f6a17cd5fe618f93ebeebd932bf650fe
SA-real-16000,F,1,11,True,True,True,40.0,,9,fff2f01e7abb7b21a09553a0741bd629f6a17cd5fe618f93ebeebd932bf650fe
SA-real-16000,F,1,12,True,True,True,40.0,,9,fff2f01e7abb7b21a09553a0741bd629f6a17cd5fe618f93ebeebd932bf650fe
SA-real-16000,F,1,13,True,False,True,14.4,,9,fff2f01e7abb7b21a09553a0741bd629f6a17cd5fe618f93ebeebd932bf650fe
SA-real-16000,F,1,14,True,True,True,40.0,,9,fff2f01e7abb7b21a09553a0741bd629f6a17cd5fe618f93ebeebd932bf650fe
SA-real-16000,F,1,15,True,False,True,18.566666666666666,,9,fff2f01e7abb7b21a09553a0741bd629f6a17cd5fe618f93ebeebd932bf650fe
SA-real-16000,F,1,16,True,True,True,40.0,,9,fff2f01e7abb7b21a09553a0741bd629f6a17cd5fe618f93ebeebd932bf650fe
SA-real-16000,F,1,17,True,True,True,40.0,,9,fff2f01e7abb7b21a09553a0741bd629f6a17cd5fe618f93ebeebd932bf650fe
SA-real-16000,F,1,18,True,True,True,40.0,,9,fff2f01e7abb7b21a09553a0741bd629f6a17cd5fe618f93ebeebd932bf650fe
SA-real-16000,F,1,19,True,True,True,40.0,,9,fff2f01e7abb7b21a09553a0741bd629f6a17cd5fe618f93ebeebd932bf650fe
SA-real-16000,F,1,20,True,True,True,40.0,,9,fff2f01e7abb7b21a09553a0741bd629f6a17cd5fe618f93ebeebd932bf650fe
SA-real-16000,F,1,21,True,True,True,40.0,,9,fff2f01e7abb7b21a09553a0741bd629f6a17cd5fe618f93ebeebd932bf650fe
SA-real-16000,F,1,22,True,True,True,40.0,,9,fff2f01e7abb7b21a09553a0741bd629f6a17cd5fe618f93ebeebd932bf650fe
SA-real-16000,F,1,23,True,True,True,40.0,,9,fff2f01e7abb7b21a09553a0741bd629f6a17cd5fe618f93ebeebd932bf650fe
SA-real-16000,F,1,24,True,False,True,14.266666666666667,,9,fff2f01e7abb7b21a09553a0741bd629f6a17cd5fe618f93ebeebd932bf650fe
SA-real-16000,F,1,25,True,True,True,40.0,,9,fff2f01e7abb7b21a09553a0741bd629f6a17cd5fe618f93ebeebd932bf650fe
SA-real-16000,F,1,26,True,True,True,40.0,,9,fff2f01e7abb7b21a09553a0741bd629f6a17cd5fe618f93ebeebd932bf650fe
SA-real-16000,F,1,27,True,False,True,38.5,,9,fff2f01e7abb7b21a09553a0741bd629f6a17cd5fe618f93ebeebd932bf650fe
SA-real-16000,F,1,28,True,True,True,40.0,,9,fff2f01e7abb7b21a09553a0741bd629f6a17cd5fe618f93ebeebd932bf650fe
SA-real-16000,F,1,29,True,False,True,2.0,,9,fff2f01e7abb7b21a09553a0741bd629f6a17cd5fe618f93ebeebd932bf650fe
SA-real-16000,F,1,30,True,False,True,6.133333333333334,,9,fff2f01e7abb7b21a09553a0741bd629f6a17cd5fe618f93ebeebd932bf650fe
SA-real-16000,F,1,31,True,True,True,40.0,,9,fff2f01e7abb7b21a09553a0741bd629f6a17cd5fe618f93ebeebd932bf650fe
SA-real-16000,F,2,0,True,True,True,40.0,,9,fff2f01e7abb7b21a09553a0741bd629f6a17cd5fe618f93ebeebd932bf650fe
SA-real-16000,F,2,1,True,True,True,40.0,,9,fff2f01e7abb7b21a09553a0741bd629f6a17cd5fe618f93ebeebd932bf650fe
SA-real-16000,F,2,2,True,True,True,40.0,,9,fff2f01e7abb7b21a09553a0741bd629f6a17cd5fe618f93ebeebd932bf650fe
SA-real-16000,F,2,3,True,True,True,40.0,,9,fff2f01e7abb7b21a09553a0741bd629f6a17cd5fe618f93ebeebd932bf650fe
SA-real-16000,F,2,4,True,True,True,40.0,,9,fff2f01e7abb7b21a09553a0741bd629f6a17cd5fe618f93ebeebd932bf650fe
SA-real-16000,F,2,5,True,True,True,40.0,,9,fff2f01e7abb7b21a09553a0741bd629f6a17cd5fe618f93ebeebd932bf650fe
SA-real-16000,F,2,6,True,True,True,40.0,,9,fff2f01e7abb7b21a09553a0741bd629f6a17cd5fe618f93ebeebd932bf650fe
SA-real-16000,F,2,7,True,True,True,40.0,,9,fff2f01e7abb7b21a09553a0741bd629f6a17cd5fe618f93ebeebd932bf650fe
SA-real-16000,F,2,8,True,True,True,40.0,,9,fff2f01e7abb7b21a09553a0741bd629f6a17cd5fe618f93ebeebd932bf650fe
SA-real-16000,F,2,9,True,True,True,40.0,,9,fff2f01e7abb7b21a09553a0741bd629f6a17cd5fe618f93ebeebd932bf650fe
SA-real-16000,F,2,10,True,True,True,40.0,,9,fff2f01e7abb7b21a09553a0741bd629f6a17cd5fe618f93ebeebd932bf650fe
SA-real-16000,F,2,11,True,True,True,40.0,,9,fff2f01e7abb7b21a09553a0741bd629f6a17cd5fe618f93ebeebd932bf650fe
SA-real-16000,F,2,12,True,True,True,40.0,,9,fff2f01e7abb7b21a09553a0741bd629f6a17cd5fe618f93ebeebd932bf650fe
SA-real-16000,F,2,13,True,True,True,40.0,,9,fff2f01e7abb7b21a09553a0741bd629f6a17cd5fe618f93ebeebd932bf650fe
SA-real-16000,F,2,14,True,True,True,40.0,,9,fff2f01e7abb7b21a09553a0741bd629f6a17cd5fe618f93ebeebd932bf650fe
SA-real-16000,F,2,15,True,True,True,40.0,,9,fff2f01e7abb7b21a09553a0741bd629f6a17cd5fe618f93ebeebd932bf650fe
SA-real-16000,F,2,16,True,True,True,40.0,,9,fff2f01e7abb7b21a09553a0741bd629f6a17cd5fe618f93ebeebd932bf650fe
SA-real-16000,F,2,17,True,True,True,40.0,,9,fff2f01e7abb7b21a09553a0741bd629f6a17cd5fe618f93ebeebd932bf650fe
SA-real-16000,F,2,18,True,True,True,40.0,,9,fff2f01e7abb7b21a09553a0741bd629f6a17cd5fe618f93ebeebd932bf650fe
SA-real-16000,F,2,19,True,True,True,40.0,,9,fff2f01e7abb7b21a09553a0741bd629f6a17cd5fe618f93ebeebd932bf650fe
SA-real-16000,F,2,20,True,True,True,40.0,,9,fff2f01e7abb7b21a09553a0741bd629f6a17cd5fe618f93ebeebd932bf650fe
SA-real-16000,F,2,21,True,True,True,40.0,,9,fff2f01e7abb7b21a09553a0741bd629f6a17cd5fe618f93ebeebd932bf650fe
SA-real-16000,F,2,22,True,True,True,40.0,,9,fff2f01e7abb7b21a09553a0741bd629f6a17cd5fe618f93ebeebd932bf650fe
SA-real-16000,F,2,23,True,True,True,40.0,,10,fff2f01e7abb7b21a09553a0741bd629f6a17cd5fe618f93ebeebd932bf650fe
SA-real-16000,F,2,24,True,True,True,40.0,,9,fff2f01e7abb7b21a09553a0741bd629f6a17cd5fe618f93ebeebd932bf650fe
SA-real-16000,F,2,25,True,True,True,40.0,,9,fff2f01e7abb7b21a09553a0741bd629f6a17cd5fe618f93ebeebd932bf650fe
SA-real-16000,F,2,26,True,True,True,40.0,,9,fff2f01e7abb7b21a09553a0741bd629f6a17cd5fe618f93ebeebd932bf650fe
SA-real-16000,F,2,27,True,True,True,40.0,,9,fff2f01e7abb7b21a09553a0741bd629f6a17cd5fe618f93ebeebd932bf650fe
SA-real-16000,F,2,28,True,True,True,40.0,,9,fff2f01e7abb7b21a09553a0741bd629f6a17cd5fe618f93ebeebd932bf650fe
SA-real-16000,F,2,29,True,True,True,40.0,,9,fff2f01e7abb7b21a09553a0741bd629f6a17cd5fe618f93ebeebd932bf650fe
SA-real-16000,F,2,30,True,True,True,40.0,,9,fff2f01e7abb7b21a09553a0741bd629f6a17cd5fe618f93ebeebd932bf650fe
SA-real-16000,F,2,31,True,True,True,40.0,,9,fff2f01e7abb7b21a09553a0741bd629f6a17cd5fe618f93ebeebd932bf650fe
SA-real-16000,F,3,0,True,False,False,12.6,,3,fff2f01e7abb7b21a09553a0741bd629f6a17cd5fe618f93ebeebd932bf650fe
SA-real-16000,F,3,1,True,True,True,40.0,,10,fff2f01e7abb7b21a09553a0741bd629f6a17cd5fe618f93ebeebd932bf650fe
SA-real-16000,F,3,2,True,True,True,40.0,,10,fff2f01e7abb7b21a09553a0741bd629f6a17cd5fe618f93ebeebd932bf650fe
SA-real-16000,F,3,3,True,True,True,40.0,,10,fff2f01e7abb7b21a09553a0741bd629f6a17cd5fe618f93ebeebd932bf650fe
SA-real-16000,F,3,4,True,True,True,40.0,,10,fff2f01e7abb7b21a09553a0741bd629f6a17cd5fe618f93ebeebd932bf650fe
SA-real-16000,F,3,5,True,True,True,40.0,,10,fff2f01e7abb7b21a09553a0741bd629f6a17cd5fe618f93ebeebd932bf650fe
SA-real-16000,F,3,6,True,True,True,40.0,,10,fff2f01e7abb7b21a09553a0741bd629f6a17cd5fe618f93ebeebd932bf650fe
SA-real-16000,F,3,7,True,True,True,40.0,,10,fff2f01e7abb7b21a09553a0741bd629f6a17cd5fe618f93ebeebd932bf650fe
SA-real-16000,F,3,8,True,True,True,40.0,,10,fff2f01e7abb7b21a09553a0741bd629f6a17cd5fe618f93ebeebd932bf650fe
SA-real-16000,F,3,9,True,True,True,40.0,,10,fff2f01e7abb7b21a09553a0741bd629f6a17cd5fe618f93ebeebd932bf650fe
SA-real-16000,F,3,10,True,True,True,40.0,,10,fff2f01e7abb7b21a09553a0741bd629f6a17cd5fe618f93ebeebd932bf650fe
SA-real-16000,F,3,11,True,True,True,40.0,,10,fff2f01e7abb7b21a09553a0741bd629f6a17cd5fe618f93ebeebd932bf650fe
SA-real-16000,F,3,12,True,True,True,40.0,,10,fff2f01e7abb7b21a09553a0741bd629f6a17cd5fe618f93ebeebd932bf650fe
SA-real-16000,F,3,13,True,False,True,36.0,,9,fff2f01e7abb7b21a09553a0741bd629f6a17cd5fe618f93ebeebd932bf650fe
SA-real-16000,F,3,14,True,True,True,40.0,,10,fff2f01e7abb7b21a09553a0741bd629f6a17cd5fe618f93ebeebd932bf650fe
SA-real-16000,F,3,15,True,False,False,5.733333333333333,,1,fff2f01e7abb7b21a09553a0741bd629f6a17cd5fe618f93ebeebd932bf650fe
SA-real-16000,F,3,16,True,True,True,40.0,,10,fff2f01e7abb7b21a09553a0741bd629f6a17cd5fe618f93ebeebd932bf650fe
SA-real-16000,F,3,17,True,True,True,40.0,,10,fff2f01e7abb7b21a09553a0741bd629f6a17cd5fe618f93ebeebd932bf650fe
SA-real-16000,F,3,18,True,True,True,40.0,,10,fff2f01e7abb7b21a09553a0741bd629f6a17cd5fe618f93ebeebd932bf650fe
SA-real-16000,F,3,19,True,True,True,40.0,,10,fff2f01e7abb7b21a09553a0741bd629f6a17cd5fe618f93ebeebd932bf650fe
SA-real-16000,F,3,20,True,True,True,40.0,,10,fff2f01e7abb7b21a09553a0741bd629f6a17cd5fe618f93ebeebd932bf650fe
SA-real-16000,F,3,21,True,True,True,40.0,,10,fff2f01e7abb7b21a09553a0741bd629f6a17cd5fe618f93ebeebd932bf650fe
SA-real-16000,F,3,22,True,True,True,40.0,,10,fff2f01e7abb7b21a09553a0741bd629f6a17cd5fe618f93ebeebd932bf650fe
SA-real-16000,F,3,23,True,True,True,40.0,,10,fff2f01e7abb7b21a09553a0741bd629f6a17cd5fe618f93ebeebd932bf650fe
SA-real-16000,F,3,24,True,True,True,40.0,,10,fff2f01e7abb7b21a09553a0741bd629f6a17cd5fe618f93ebeebd932bf650fe
SA-real-16000,F,3,25,True,True,True,40.0,,10,fff2f01e7abb7b21a09553a0741bd629f6a17cd5fe618f93ebeebd932bf650fe
SA-real-16000,F,3,26,True,True,True,40.0,,10,fff2f01e7abb7b21a09553a0741bd629f6a17cd5fe618f93ebeebd932bf650fe
SA-real-16000,F,3,27,True,True,True,40.0,,10,fff2f01e7abb7b21a09553a0741bd629f6a17cd5fe618f93ebeebd932bf650fe
SA-real-16000,F,3,28,True,True,True,40.0,,10,fff2f01e7abb7b21a09553a0741bd629f6a17cd5fe618f93ebeebd932bf650fe
SA-real-16000,F,3,29,True,True,True,40.0,,10,fff2f01e7abb7b21a09553a0741bd629f6a17cd5fe618f93ebeebd932bf650fe
SA-real-16000,F,3,30,True,True,True,40.0,,10,fff2f01e7abb7b21a09553a0741bd629f6a17cd5fe618f93ebeebd932bf650fe
SA-real-16000,F,3,31,True,False,False,9.6,,2,fff2f01e7abb7b21a09553a0741bd629f6a17cd5fe618f93ebeebd932bf650fe
SC-real-16000,S2,0,0,True,True,True,20.0,1111111111,,fff2f01e7abb7b21a09553a0741bd629f6a17cd5fe618f93ebeebd932bf650fe
SC-real-16000,S2,0,1,True,True,True,20.0,1111111111,,fff2f01e7abb7b21a09553a0741bd629f6a17cd5fe618f93ebeebd932bf650fe
SC-real-16000,S2,0,2,True,True,True,20.0,1111111111,,fff2f01e7abb7b21a09553a0741bd629f6a17cd5fe618f93ebeebd932bf650fe
SC-real-16000,S2,0,3,True,True,True,20.0,1111111111,,fff2f01e7abb7b21a09553a0741bd629f6a17cd5fe618f93ebeebd932bf650fe
SC-real-16000,S2,0,4,True,True,True,20.0,1111111111,,fff2f01e7abb7b21a09553a0741bd629f6a17cd5fe618f93ebeebd932bf650fe
SC-real-16000,S2,0,5,False,True,True,20.0,1111111101,,fff2f01e7abb7b21a09553a0741bd629f6a17cd5fe618f93ebeebd932bf650fe
SC-real-16000,S2,0,6,True,True,True,20.0,1111111111,,fff2f01e7abb7b21a09553a0741bd629f6a17cd5fe618f93ebeebd932bf650fe
SC-real-16000,S2,0,7,True,True,True,20.0,1111111111,,fff2f01e7abb7b21a09553a0741bd629f6a17cd5fe618f93ebeebd932bf650fe
SC-real-16000,S2,0,8,True,True,True,20.0,1111111111,,fff2f01e7abb7b21a09553a0741bd629f6a17cd5fe618f93ebeebd932bf650fe
SC-real-16000,S2,0,9,True,True,True,20.0,1111111111,,fff2f01e7abb7b21a09553a0741bd629f6a17cd5fe618f93ebeebd932bf650fe
SC-real-16000,S2,0,10,True,True,True,20.0,1111111111,,fff2f01e7abb7b21a09553a0741bd629f6a17cd5fe618f93ebeebd932bf650fe
SC-real-16000,S2,0,11,True,True,True,20.0,1111111111,,fff2f01e7abb7b21a09553a0741bd629f6a17cd5fe618f93ebeebd932bf650fe
SC-real-16000,S2,0,12,True,True,True,20.0,1111111111,,fff2f01e7abb7b21a09553a0741bd629f6a17cd5fe618f93ebeebd932bf650fe
SC-real-16000,S2,0,13,True,True,True,20.0,1111111111,,fff2f01e7abb7b21a09553a0741bd629f6a17cd5fe618f93ebeebd932bf650fe
SC-real-16000,S2,0,14,True,True,True,20.0,1111111111,,fff2f01e7abb7b21a09553a0741bd629f6a17cd5fe618f93ebeebd932bf650fe
SC-real-16000,S2,0,15,True,True,True,20.0,1111111111,,fff2f01e7abb7b21a09553a0741bd629f6a17cd5fe618f93ebeebd932bf650fe
SC-real-16000,S2,0,16,True,True,True,20.0,1111111111,,fff2f01e7abb7b21a09553a0741bd629f6a17cd5fe618f93ebeebd932bf650fe
SC-real-16000,S2,0,17,True,True,True,20.0,1111111111,,fff2f01e7abb7b21a09553a0741bd629f6a17cd5fe618f93ebeebd932bf650fe
SC-real-16000,S2,0,18,True,True,True,20.0,1111111111,,fff2f01e7abb7b21a09553a0741bd629f6a17cd5fe618f93ebeebd932bf650fe
SC-real-16000,S2,0,19,True,True,True,20.0,1111111111,,fff2f01e7abb7b21a09553a0741bd629f6a17cd5fe618f93ebeebd932bf650fe
SC-real-16000,S2,0,20,True,True,True,20.0,1111111111,,fff2f01e7abb7b21a09553a0741bd629f6a17cd5fe618f93ebeebd932bf650fe
SC-real-16000,S2,0,21,False,True,True,20.0,1111111101,,fff2f01e7abb7b21a09553a0741bd629f6a17cd5fe618f93ebeebd932bf650fe
SC-real-16000,S2,0,22,False,True,True,20.0,1111111101,,fff2f01e7abb7b21a09553a0741bd629f6a17cd5fe618f93ebeebd932bf650fe
SC-real-16000,S2,0,23,True,True,True,20.0,1111111111,,fff2f01e7abb7b21a09553a0741bd629f6a17cd5fe618f93ebeebd932bf650fe
SC-real-16000,S2,0,24,True,True,True,20.0,1111111111,,fff2f01e7abb7b21a09553a0741bd629f6a17cd5fe618f93ebeebd932bf650fe
SC-real-16000,S2,0,25,True,True,True,20.0,1111111111,,fff2f01e7abb7b21a09553a0741bd629f6a17cd5fe618f93ebeebd932bf650fe
SC-real-16000,S2,0,26,False,True,True,20.0,0111111101,,fff2f01e7abb7b21a09553a0741bd629f6a17cd5fe618f93ebeebd932bf650fe
SC-real-16000,S2,0,27,True,True,True,20.0,1111111111,,fff2f01e7abb7b21a09553a0741bd629f6a17cd5fe618f93ebeebd932bf650fe
SC-real-16000,S2,0,28,True,True,True,20.0,1111111111,,fff2f01e7abb7b21a09553a0741bd629f6a17cd5fe618f93ebeebd932bf650fe
SC-real-16000,S2,0,29,True,True,True,20.0,1111111111,,fff2f01e7abb7b21a09553a0741bd629f6a17cd5fe618f93ebeebd932bf650fe
SC-real-16000,S2,0,30,True,True,True,20.0,1111111111,,fff2f01e7abb7b21a09553a0741bd629f6a17cd5fe618f93ebeebd932bf650fe
SC-real-16000,S2,0,31,True,True,True,20.0,1111111111,,fff2f01e7abb7b21a09553a0741bd629f6a17cd5fe618f93ebeebd932bf650fe
SC-real-16000,S2,1,0,False,False,True,0.9333333333333333,1111111111,,fff2f01e7abb7b21a09553a0741bd629f6a17cd5fe618f93ebeebd932bf650fe
SC-real-16000,S2,1,1,False,False,True,0.9,0101010101,,fff2f01e7abb7b21a09553a0741bd629f6a17cd5fe618f93ebeebd932bf650fe
SC-real-16000,S2,1,2,False,False,True,1.9,0111111111,,fff2f01e7abb7b21a09553a0741bd629f6a17cd5fe618f93ebeebd932bf650fe
SC-real-16000,S2,1,3,False,False,True,0.8666666666666667,0111111111,,fff2f01e7abb7b21a09553a0741bd629f6a17cd5fe618f93ebeebd932bf650fe
SC-real-16000,S2,1,4,False,False,True,1.8,1111111111,,fff2f01e7abb7b21a09553a0741bd629f6a17cd5fe618f93ebeebd932bf650fe
SC-real-16000,S2,1,5,False,False,True,0.9333333333333333,1111111111,,fff2f01e7abb7b21a09553a0741bd629f6a17cd5fe618f93ebeebd932bf650fe
SC-real-16000,S2,1,6,False,False,True,1.8666666666666667,1111111111,,fff2f01e7abb7b21a09553a0741bd629f6a17cd5fe618f93ebeebd932bf650fe
SC-real-16000,S2,1,7,False,False,True,0.8666666666666667,0111111111,,fff2f01e7abb7b21a09553a0741bd629f6a17cd5fe618f93ebeebd932bf650fe
SC-real-16000,S2,1,8,True,True,True,20.0,1111111111,,fff2f01e7abb7b21a09553a0741bd629f6a17cd5fe618f93ebeebd932bf650fe
SC-real-16000,S2,1,9,False,False,True,0.9333333333333333,0111111111,,fff2f01e7abb7b21a09553a0741bd629f6a17cd5fe618f93ebeebd932bf650fe
SC-real-16000,S2,1,10,False,False,True,0.8666666666666667,1111111111,,fff2f01e7abb7b21a09553a0741bd629f6a17cd5fe618f93ebeebd932bf650fe
SC-real-16000,S2,1,11,False,False,True,0.9,1101111111,,fff2f01e7abb7b21a09553a0741bd629f6a17cd5fe618f93ebeebd932bf650fe
SC-real-16000,S2,1,12,False,False,True,0.9,0111111111,,fff2f01e7abb7b21a09553a0741bd629f6a17cd5fe618f93ebeebd932bf650fe
SC-real-16000,S2,1,13,False,False,True,0.8666666666666667,0111111111,,fff2f01e7abb7b21a09553a0741bd629f6a17cd5fe618f93ebeebd932bf650fe
SC-real-16000,S2,1,14,False,False,True,1.8,1101011111,,fff2f01e7abb7b21a09553a0741bd629f6a17cd5fe618f93ebeebd932bf650fe
SC-real-16000,S2,1,15,False,False,True,0.9,1111111111,,fff2f01e7abb7b21a09553a0741bd629f6a17cd5fe618f93ebeebd932bf650fe
SC-real-16000,S2,1,16,False,False,True,0.9333333333333333,1111111111,,fff2f01e7abb7b21a09553a0741bd629f6a17cd5fe618f93ebeebd932bf650fe
SC-real-16000,S2,1,17,False,False,True,1.9,1111111111,,fff2f01e7abb7b21a09553a0741bd629f6a17cd5fe618f93ebeebd932bf650fe
SC-real-16000,S2,1,18,False,False,True,0.9,0111111111,,fff2f01e7abb7b21a09553a0741bd629f6a17cd5fe618f93ebeebd932bf650fe
SC-real-16000,S2,1,19,False,False,True,0.9666666666666667,0111111111,,fff2f01e7abb7b21a09553a0741bd629f6a17cd5fe618f93ebeebd932bf650fe
SC-real-16000,S2,1,20,False,False,True,0.9,0111111111,,fff2f01e7abb7b21a09553a0741bd629f6a17cd5fe618f93ebeebd932bf650fe
SC-real-16000,S2,1,21,False,False,True,0.9,1111111111,,fff2f01e7abb7b21a09553a0741bd629f6a17cd5fe618f93ebeebd932bf650fe
SC-real-16000,S2,1,22,False,False,True,0.8666666666666667,0111111111,,fff2f01e7abb7b21a09553a0741bd629f6a17cd5fe618f93ebeebd932bf650fe
SC-real-16000,S2,1,23,False,False,True,0.9333333333333333,1111111111,,fff2f01e7abb7b21a09553a0741bd629f6a17cd5fe618f93ebeebd932bf650fe
SC-real-16000,S2,1,24,False,False,True,0.8666666666666667,0111111101,,fff2f01e7abb7b21a09553a0741bd629f6a17cd5fe618f93ebeebd932bf650fe
SC-real-16000,S2,1,25,False,False,True,0.9,0111111111,,fff2f01e7abb7b21a09553a0741bd629f6a17cd5fe618f93ebeebd932bf650fe
SC-real-16000,S2,1,26,False,False,True,0.9,0111010101,,fff2f01e7abb7b21a09553a0741bd629f6a17cd5fe618f93ebeebd932bf650fe
SC-real-16000,S2,1,27,False,False,True,0.9,1101010101,,fff2f01e7abb7b21a09553a0741bd629f6a17cd5fe618f93ebeebd932bf650fe
SC-real-16000,S2,1,28,True,True,True,20.0,1111111111,,fff2f01e7abb7b21a09553a0741bd629f6a17cd5fe618f93ebeebd932bf650fe
SC-real-16000,S2,1,29,False,False,True,0.8333333333333334,1111111111,,fff2f01e7abb7b21a09553a0741bd629f6a17cd5fe618f93ebeebd932bf650fe
SC-real-16000,S2,1,30,False,False,True,0.8666666666666667,0111111111,,fff2f01e7abb7b21a09553a0741bd629f6a17cd5fe618f93ebeebd932bf650fe
SC-real-16000,S2,1,31,False,False,True,0.8666666666666667,1111111111,,fff2f01e7abb7b21a09553a0741bd629f6a17cd5fe618f93ebeebd932bf650fe
SC-real-16000,S2,2,0,True,True,True,20.0,1111111111,,fff2f01e7abb7b21a09553a0741bd629f6a17cd5fe618f93ebeebd932bf650fe
SC-real-16000,S2,2,1,False,True,True,20.0,1101010101,,fff2f01e7abb7b21a09553a0741bd629f6a17cd5fe618f93ebeebd932bf650fe
SC-real-16000,S2,2,2,False,True,True,20.0,1101111101,,fff2f01e7abb7b21a09553a0741bd629f6a17cd5fe618f93ebeebd932bf650fe
SC-real-16000,S2,2,3,False,True,True,20.0,1101111111,,fff2f01e7abb7b21a09553a0741bd629f6a17cd5fe618f93ebeebd932bf650fe
SC-real-16000,S2,2,4,False,True,True,20.0,0101010101,,fff2f01e7abb7b21a09553a0741bd629f6a17cd5fe618f93ebeebd932bf650fe
SC-real-16000,S2,2,5,False,True,True,20.0,1111110100,,fff2f01e7abb7b21a09553a0741bd629f6a17cd5fe618f93ebeebd932bf650fe
SC-real-16000,S2,2,6,False,True,True,20.0,0101010101,,fff2f01e7abb7b21a09553a0741bd629f6a17cd5fe618f93ebeebd932bf650fe
SC-real-16000,S2,2,7,False,True,True,20.0,0101010101,,fff2f01e7abb7b21a09553a0741bd629f6a17cd5fe618f93ebeebd932bf650fe
SC-real-16000,S2,2,8,False,True,True,20.0,0101010101,,fff2f01e7abb7b21a09553a0741bd629f6a17cd5fe618f93ebeebd932bf650fe
SC-real-16000,S2,2,9,False,True,True,20.0,0111111111,,fff2f01e7abb7b21a09553a0741bd629f6a17cd5fe618f93ebeebd932bf650fe
SC-real-16000,S2,2,10,False,True,True,20.0,1101111111,,fff2f01e7abb7b21a09553a0741bd629f6a17cd5fe618f93ebeebd932bf650fe
SC-real-16000,S2,2,11,False,True,True,20.0,0101010101,,fff2f01e7abb7b21a09553a0741bd629f6a17cd5fe618f93ebeebd932bf650fe
SC-real-16000,S2,2,12,False,True,True,20.0,0111111111,,fff2f01e7abb7b21a09553a0741bd629f6a17cd5fe618f93ebeebd932bf650fe
SC-real-16000,S2,2,13,True,True,True,20.0,1111111111,,fff2f01e7abb7b21a09553a0741bd629f6a17cd5fe618f93ebeebd932bf650fe
SC-real-16000,S2,2,14,False,True,True,20.0,0101010101,,fff2f01e7abb7b21a09553a0741bd629f6a17cd5fe618f93ebeebd932bf650fe
SC-real-16000,S2,2,15,False,True,True,20.0,1101010101,,fff2f01e7abb7b21a09553a0741bd629f6a17cd5fe618f93ebeebd932bf650fe
SC-real-16000,S2,2,16,False,True,True,20.0,1101010101,,fff2f01e7abb7b21a09553a0741bd629f6a17cd5fe618f93ebeebd932bf650fe
SC-real-16000,S2,2,17,False,True,True,20.0,1111110101,,fff2f01e7abb7b21a09553a0741bd629f6a17cd5fe618f93ebeebd932bf650fe
SC-real-16000,S2,2,18,True,True,True,20.0,1111111111,,fff2f01e7abb7b21a09553a0741bd629f6a17cd5fe618f93ebeebd932bf650fe
SC-real-16000,S2,2,19,False,True,True,20.0,0101010101,,fff2f01e7abb7b21a09553a0741bd629f6a17cd5fe618f93ebeebd932bf650fe
SC-real-16000,S2,2,20,False,True,True,20.0,0101010101,,fff2f01e7abb7b21a09553a0741bd629f6a17cd5fe618f93ebeebd932bf650fe
SC-real-16000,S2,2,21,False,True,True,20.0,0101010101,,fff2f01e7abb7b21a09553a0741bd629f6a17cd5fe618f93ebeebd932bf650fe
SC-real-16000,S2,2,22,False,True,True,20.0,1101010101,,fff2f01e7abb7b21a09553a0741bd629f6a17cd5fe618f93ebeebd932bf650fe
SC-real-16000,S2,2,23,False,True,True,20.0,0101010101,,fff2f01e7abb7b21a09553a0741bd629f6a17cd5fe618f93ebeebd932bf650fe
SC-real-16000,S2,2,24,True,True,True,20.0,1111111111,,fff2f01e7abb7b21a09553a0741bd629f6a17cd5fe618f93ebeebd932bf650fe
SC-real-16000,S2,2,25,False,True,True,20.0,0101010101,,fff2f01e7abb7b21a09553a0741bd629f6a17cd5fe618f93ebeebd932bf650fe
SC-real-16000,S2,2,26,False,True,True,20.0,1111010101,,fff2f01e7abb7b21a09553a0741bd629f6a17cd5fe618f93ebeebd932bf650fe
SC-real-16000,S2,2,27,False,True,True,20.0,0101010101,,fff2f01e7abb7b21a09553a0741bd629f6a17cd5fe618f93ebeebd932bf650fe
SC-real-16000,S2,2,28,True,True,True,20.0,1111111111,,fff2f01e7abb7b21a09553a0741bd629f6a17cd5fe618f93ebeebd932bf650fe
SC-real-16000,S2,2,29,False,True,True,20.0,0101110101,,fff2f01e7abb7b21a09553a0741bd629f6a17cd5fe618f93ebeebd932bf650fe
SC-real-16000,S2,2,30,False,True,True,20.0,1101011101,,fff2f01e7abb7b21a09553a0741bd629f6a17cd5fe618f93ebeebd932bf650fe
SC-real-16000,S2,2,31,False,True,True,20.0,1101010101,,fff2f01e7abb7b21a09553a0741bd629f6a17cd5fe618f93ebeebd932bf650fe
SC-real-16000,S2,3,0,False,True,True,20.0,1111110101,,fff2f01e7abb7b21a09553a0741bd629f6a17cd5fe618f93ebeebd932bf650fe
SC-real-16000,S2,3,1,False,True,True,20.0,1101010101,,fff2f01e7abb7b21a09553a0741bd629f6a17cd5fe618f93ebeebd932bf650fe
SC-real-16000,S2,3,2,False,True,True,20.0,1111010111,,fff2f01e7abb7b21a09553a0741bd629f6a17cd5fe618f93ebeebd932bf650fe
SC-real-16000,S2,3,3,False,True,True,20.0,1101111101,,fff2f01e7abb7b21a09553a0741bd629f6a17cd5fe618f93ebeebd932bf650fe
SC-real-16000,S2,3,4,True,True,True,20.0,1111111111,,fff2f01e7abb7b21a09553a0741bd629f6a17cd5fe618f93ebeebd932bf650fe
SC-real-16000,S2,3,5,False,True,True,20.0,1111011111,,fff2f01e7abb7b21a09553a0741bd629f6a17cd5fe618f93ebeebd932bf650fe
SC-real-16000,S2,3,6,False,True,True,20.0,1101011111,,fff2f01e7abb7b21a09553a0741bd629f6a17cd5fe618f93ebeebd932bf650fe
SC-real-16000,S2,3,7,True,True,True,20.0,1111111111,,fff2f01e7abb7b21a09553a0741bd629f6a17cd5fe618f93ebeebd932bf650fe
SC-real-16000,S2,3,8,True,True,True,20.0,1111111111,,fff2f01e7abb7b21a09553a0741bd629f6a17cd5fe618f93ebeebd932bf650fe
SC-real-16000,S2,3,9,False,True,True,20.0,1101010111,,fff2f01e7abb7b21a09553a0741bd629f6a17cd5fe618f93ebeebd932bf650fe
SC-real-16000,S2,3,10,True,True,True,20.0,1111111111,,fff2f01e7abb7b21a09553a0741bd629f6a17cd5fe618f93ebeebd932bf650fe
SC-real-16000,S2,3,11,False,True,True,20.0,0101010101,,fff2f01e7abb7b21a09553a0741bd629f6a17cd5fe618f93ebeebd932bf650fe
SC-real-16000,S2,3,12,False,True,True,20.0,0101010101,,fff2f01e7abb7b21a09553a0741bd629f6a17cd5fe618f93ebeebd932bf650fe
SC-real-16000,S2,3,13,False,True,True,20.0,0101010101,,fff2f01e7abb7b21a09553a0741bd629f6a17cd5fe618f93ebeebd932bf650fe
SC-real-16000,S2,3,14,False,True,True,20.0,1101011111,,fff2f01e7abb7b21a09553a0741bd629f6a17cd5fe618f93ebeebd932bf650fe
SC-real-16000,S2,3,15,False,True,True,20.0,0101010101,,fff2f01e7abb7b21a09553a0741bd629f6a17cd5fe618f93ebeebd932bf650fe
SC-real-16000,S2,3,16,False,True,True,20.0,0101010101,,fff2f01e7abb7b21a09553a0741bd629f6a17cd5fe618f93ebeebd932bf650fe
SC-real-16000,S2,3,17,False,True,True,20.0,0101111111,,fff2f01e7abb7b21a09553a0741bd629f6a17cd5fe618f93ebeebd932bf650fe
SC-real-16000,S2,3,18,True,True,True,20.0,1111111111,,fff2f01e7abb7b21a09553a0741bd629f6a17cd5fe618f93ebeebd932bf650fe
SC-real-16000,S2,3,19,False,True,True,20.0,1010011101,,fff2f01e7abb7b21a09553a0741bd629f6a17cd5fe618f93ebeebd932bf650fe
SC-real-16000,S2,3,20,True,True,True,20.0,1111111111,,fff2f01e7abb7b21a09553a0741bd629f6a17cd5fe618f93ebeebd932bf650fe
SC-real-16000,S2,3,21,False,True,True,20.0,1101010101,,fff2f01e7abb7b21a09553a0741bd629f6a17cd5fe618f93ebeebd932bf650fe
SC-real-16000,S2,3,22,False,True,True,20.0,1111110101,,fff2f01e7abb7b21a09553a0741bd629f6a17cd5fe618f93ebeebd932bf650fe
SC-real-16000,S2,3,23,False,True,True,20.0,1101010111,,fff2f01e7abb7b21a09553a0741bd629f6a17cd5fe618f93ebeebd932bf650fe
SC-real-16000,S2,3,24,True,True,True,20.0,1111111111,,fff2f01e7abb7b21a09553a0741bd629f6a17cd5fe618f93ebeebd932bf650fe
SC-real-16000,S2,3,25,False,True,True,20.0,1101010111,,fff2f01e7abb7b21a09553a0741bd629f6a17cd5fe618f93ebeebd932bf650fe
SC-real-16000,S2,3,26,True,True,True,20.0,1111111111,,fff2f01e7abb7b21a09553a0741bd629f6a17cd5fe618f93ebeebd932bf650fe
SC-real-16000,S2,3,27,True,True,True,20.0,1111111111,,fff2f01e7abb7b21a09553a0741bd629f6a17cd5fe618f93ebeebd932bf650fe
SC-real-16000,S2,3,28,True,True,True,20.0,1111111111,,fff2f01e7abb7b21a09553a0741bd629f6a17cd5fe618f93ebeebd932bf650fe
SC-real-16000,S2,3,29,True,True,True,20.0,1111111111,,fff2f01e7abb7b21a09553a0741bd629f6a17cd5fe618f93ebeebd932bf650fe
SC-real-16000,S2,3,30,True,True,True,20.0,1111111111,,fff2f01e7abb7b21a09553a0741bd629f6a17cd5fe618f93ebeebd932bf650fe
SC-real-16000,S2,3,31,False,True,True,20.0,0111111111,,fff2f01e7abb7b21a09553a0741bd629f6a17cd5fe618f93ebeebd932bf650fe
SC-real-16000,S5,0,0,False,True,True,20.0,0101,,fff2f01e7abb7b21a09553a0741bd629f6a17cd5fe618f93ebeebd932bf650fe
SC-real-16000,S5,0,1,True,True,True,20.0,1111,,fff2f01e7abb7b21a09553a0741bd629f6a17cd5fe618f93ebeebd932bf650fe
SC-real-16000,S5,0,2,False,True,True,20.0,0101,,fff2f01e7abb7b21a09553a0741bd629f6a17cd5fe618f93ebeebd932bf650fe
SC-real-16000,S5,0,3,True,True,True,20.0,1111,,fff2f01e7abb7b21a09553a0741bd629f6a17cd5fe618f93ebeebd932bf650fe
SC-real-16000,S5,0,4,False,True,True,20.0,1101,,fff2f01e7abb7b21a09553a0741bd629f6a17cd5fe618f93ebeebd932bf650fe
SC-real-16000,S5,0,5,False,True,True,20.0,0101,,fff2f01e7abb7b21a09553a0741bd629f6a17cd5fe618f93ebeebd932bf650fe
SC-real-16000,S5,0,6,True,True,True,20.0,1111,,fff2f01e7abb7b21a09553a0741bd629f6a17cd5fe618f93ebeebd932bf650fe
SC-real-16000,S5,0,7,False,True,True,20.0,0101,,fff2f01e7abb7b21a09553a0741bd629f6a17cd5fe618f93ebeebd932bf650fe
SC-real-16000,S5,0,8,False,True,True,20.0,1101,,fff2f01e7abb7b21a09553a0741bd629f6a17cd5fe618f93ebeebd932bf650fe
SC-real-16000,S5,0,9,False,True,True,20.0,0101,,fff2f01e7abb7b21a09553a0741bd629f6a17cd5fe618f93ebeebd932bf650fe
SC-real-16000,S5,0,10,False,True,True,20.0,1101,,fff2f01e7abb7b21a09553a0741bd629f6a17cd5fe618f93ebeebd932bf650fe
SC-real-16000,S5,0,11,False,True,True,20.0,0101,,fff2f01e7abb7b21a09553a0741bd629f6a17cd5fe618f93ebeebd932bf650fe
SC-real-16000,S5,0,12,False,True,True,20.0,0101,,fff2f01e7abb7b21a09553a0741bd629f6a17cd5fe618f93ebeebd932bf650fe
SC-real-16000,S5,0,13,False,True,True,20.0,1101,,fff2f01e7abb7b21a09553a0741bd629f6a17cd5fe618f93ebeebd932bf650fe
SC-real-16000,S5,0,14,False,True,True,20.0,0101,,fff2f01e7abb7b21a09553a0741bd629f6a17cd5fe618f93ebeebd932bf650fe
SC-real-16000,S5,0,15,False,True,True,20.0,1101,,fff2f01e7abb7b21a09553a0741bd629f6a17cd5fe618f93ebeebd932bf650fe
SC-real-16000,S5,0,16,True,True,True,20.0,1111,,fff2f01e7abb7b21a09553a0741bd629f6a17cd5fe618f93ebeebd932bf650fe
SC-real-16000,S5,0,17,False,True,True,20.0,0101,,fff2f01e7abb7b21a09553a0741bd629f6a17cd5fe618f93ebeebd932bf650fe
SC-real-16000,S5,0,18,False,True,True,20.0,1101,,fff2f01e7abb7b21a09553a0741bd629f6a17cd5fe618f93ebeebd932bf650fe
SC-real-16000,S5,0,19,False,True,True,20.0,0101,,fff2f01e7abb7b21a09553a0741bd629f6a17cd5fe618f93ebeebd932bf650fe
SC-real-16000,S5,0,20,False,True,True,20.0,1101,,fff2f01e7abb7b21a09553a0741bd629f6a17cd5fe618f93ebeebd932bf650fe
SC-real-16000,S5,0,21,False,True,True,20.0,1101,,fff2f01e7abb7b21a09553a0741bd629f6a17cd5fe618f93ebeebd932bf650fe
SC-real-16000,S5,0,22,False,True,True,20.0,0101,,fff2f01e7abb7b21a09553a0741bd629f6a17cd5fe618f93ebeebd932bf650fe
SC-real-16000,S5,0,23,False,True,True,20.0,0101,,fff2f01e7abb7b21a09553a0741bd629f6a17cd5fe618f93ebeebd932bf650fe
SC-real-16000,S5,0,24,False,True,True,20.0,0101,,fff2f01e7abb7b21a09553a0741bd629f6a17cd5fe618f93ebeebd932bf650fe
SC-real-16000,S5,0,25,False,True,True,20.0,0101,,fff2f01e7abb7b21a09553a0741bd629f6a17cd5fe618f93ebeebd932bf650fe
SC-real-16000,S5,0,26,False,True,True,20.0,0101,,fff2f01e7abb7b21a09553a0741bd629f6a17cd5fe618f93ebeebd932bf650fe
SC-real-16000,S5,0,27,False,True,True,20.0,0101,,fff2f01e7abb7b21a09553a0741bd629f6a17cd5fe618f93ebeebd932bf650fe
SC-real-16000,S5,0,28,False,True,True,20.0,0101,,fff2f01e7abb7b21a09553a0741bd629f6a17cd5fe618f93ebeebd932bf650fe
SC-real-16000,S5,0,29,False,True,True,20.0,0101,,fff2f01e7abb7b21a09553a0741bd629f6a17cd5fe618f93ebeebd932bf650fe
SC-real-16000,S5,0,30,False,True,True,20.0,0111,,fff2f01e7abb7b21a09553a0741bd629f6a17cd5fe618f93ebeebd932bf650fe
SC-real-16000,S5,0,31,False,True,True,20.0,0101,,fff2f01e7abb7b21a09553a0741bd629f6a17cd5fe618f93ebeebd932bf650fe
SC-real-16000,S5,1,0,False,False,True,0.9333333333333333,0111,,fff2f01e7abb7b21a09553a0741bd629f6a17cd5fe618f93ebeebd932bf650fe
SC-real-16000,S5,1,1,False,False,True,0.9,0101,,fff2f01e7abb7b21a09553a0741bd629f6a17cd5fe618f93ebeebd932bf650fe
SC-real-16000,S5,1,2,False,False,True,1.9,0111,,fff2f01e7abb7b21a09553a0741bd629f6a17cd5fe618f93ebeebd932bf650fe
SC-real-16000,S5,1,3,False,False,True,0.8666666666666667,0111,,fff2f01e7abb7b21a09553a0741bd629f6a17cd5fe618f93ebeebd932bf650fe
SC-real-16000,S5,1,4,False,False,True,1.8,0111,,fff2f01e7abb7b21a09553a0741bd629f6a17cd5fe618f93ebeebd932bf650fe
SC-real-16000,S5,1,5,False,False,True,0.9333333333333333,0111,,fff2f01e7abb7b21a09553a0741bd629f6a17cd5fe618f93ebeebd932bf650fe
SC-real-16000,S5,1,6,False,False,True,1.8666666666666667,0111,,fff2f01e7abb7b21a09553a0741bd629f6a17cd5fe618f93ebeebd932bf650fe
SC-real-16000,S5,1,7,False,False,True,0.8666666666666667,0111,,fff2f01e7abb7b21a09553a0741bd629f6a17cd5fe618f93ebeebd932bf650fe
SC-real-16000,S5,1,8,False,False,True,2.7,0111,,fff2f01e7abb7b21a09553a0741bd629f6a17cd5fe618f93ebeebd932bf650fe
SC-real-16000,S5,1,9,False,False,True,0.9333333333333333,0111,,fff2f01e7abb7b21a09553a0741bd629f6a17cd5fe618f93ebeebd932bf650fe
SC-real-16000,S5,1,10,False,False,True,0.8666666666666667,0111,,fff2f01e7abb7b21a09553a0741bd629f6a17cd5fe618f93ebeebd932bf650fe
SC-real-16000,S5,1,11,False,False,True,0.9,0101,,fff2f01e7abb7b21a09553a0741bd629f6a17cd5fe618f93ebeebd932bf650fe
SC-real-16000,S5,1,12,False,False,True,0.9,0111,,fff2f01e7abb7b21a09553a0741bd629f6a17cd5fe618f93ebeebd932bf650fe
SC-real-16000,S5,1,13,False,False,True,0.8666666666666667,0111,,fff2f01e7abb7b21a09553a0741bd629f6a17cd5fe618f93ebeebd932bf650fe
SC-real-16000,S5,1,14,False,False,True,1.8,0111,,fff2f01e7abb7b21a09553a0741bd629f6a17cd5fe618f93ebeebd932bf650fe
SC-real-16000,S5,1,15,False,False,True,0.9,0111,,fff2f01e7abb7b21a09553a0741bd629f6a17cd5fe618f93ebeebd932bf650fe
SC-real-16000,S5,1,16,False,False,True,0.9333333333333333,0111,,fff2f01e7abb7b21a09553a0741bd629f6a17cd5fe618f93ebeebd932bf650fe
SC-real-16000,S5,1,17,False,False,True,1.9,0111,,fff2f01e7abb7b21a09553a0741bd629f6a17cd5fe618f93ebeebd932bf650fe
SC-real-16000,S5,1,18,False,False,True,0.9,0111,,fff2f01e7abb7b21a09553a0741bd629f6a17cd5fe618f93ebeebd932bf650fe
SC-real-16000,S5,1,19,False,False,True,0.9666666666666667,0111,,fff2f01e7abb7b21a09553a0741bd629f6a17cd5fe618f93ebeebd932bf650fe
SC-real-16000,S5,1,20,False,False,True,0.9,0111,,fff2f01e7abb7b21a09553a0741bd629f6a17cd5fe618f93ebeebd932bf650fe
SC-real-16000,S5,1,21,False,False,True,0.9,0111,,fff2f01e7abb7b21a09553a0741bd629f6a17cd5fe618f93ebeebd932bf650fe
SC-real-16000,S5,1,22,False,False,True,0.8666666666666667,0111,,fff2f01e7abb7b21a09553a0741bd629f6a17cd5fe618f93ebeebd932bf650fe
SC-real-16000,S5,1,23,False,False,True,0.9333333333333333,0111,,fff2f01e7abb7b21a09553a0741bd629f6a17cd5fe618f93ebeebd932bf650fe
SC-real-16000,S5,1,24,False,False,True,0.8666666666666667,0111,,fff2f01e7abb7b21a09553a0741bd629f6a17cd5fe618f93ebeebd932bf650fe
SC-real-16000,S5,1,25,False,False,True,0.9,0111,,fff2f01e7abb7b21a09553a0741bd629f6a17cd5fe618f93ebeebd932bf650fe
SC-real-16000,S5,1,26,False,False,True,0.9,0111,,fff2f01e7abb7b21a09553a0741bd629f6a17cd5fe618f93ebeebd932bf650fe
SC-real-16000,S5,1,27,False,False,True,0.9,0101,,fff2f01e7abb7b21a09553a0741bd629f6a17cd5fe618f93ebeebd932bf650fe
SC-real-16000,S5,1,28,False,False,True,4.0,0111,,fff2f01e7abb7b21a09553a0741bd629f6a17cd5fe618f93ebeebd932bf650fe
SC-real-16000,S5,1,29,False,False,True,0.8333333333333334,0111,,fff2f01e7abb7b21a09553a0741bd629f6a17cd5fe618f93ebeebd932bf650fe
SC-real-16000,S5,1,30,False,False,True,0.8666666666666667,0111,,fff2f01e7abb7b21a09553a0741bd629f6a17cd5fe618f93ebeebd932bf650fe
SC-real-16000,S5,1,31,False,False,True,0.8666666666666667,0111,,fff2f01e7abb7b21a09553a0741bd629f6a17cd5fe618f93ebeebd932bf650fe
SC-real-16000,S5,2,0,False,False,True,4.933333333333334,0101,,fff2f01e7abb7b21a09553a0741bd629f6a17cd5fe618f93ebeebd932bf650fe
SC-real-16000,S5,2,1,False,True,True,20.0,0101,,fff2f01e7abb7b21a09553a0741bd629f6a17cd5fe618f93ebeebd932bf650fe
SC-real-16000,S5,2,2,False,True,True,20.0,0101,,fff2f01e7abb7b21a09553a0741bd629f6a17cd5fe618f93ebeebd932bf650fe
SC-real-16000,S5,2,3,False,True,True,20.0,0101,,fff2f01e7abb7b21a09553a0741bd629f6a17cd5fe618f93ebeebd932bf650fe
SC-real-16000,S5,2,4,False,False,True,14.766666666666667,0101,,fff2f01e7abb7b21a09553a0741bd629f6a17cd5fe618f93ebeebd932bf650fe
SC-real-16000,S5,2,5,False,True,True,20.0,0111,,fff2f01e7abb7b21a09553a0741bd629f6a17cd5fe618f93ebeebd932bf650fe
SC-real-16000,S5,2,6,False,True,True,20.0,0101,,fff2f01e7abb7b21a09553a0741bd629f6a17cd5fe618f93ebeebd932bf650fe
SC-real-16000,S5,2,7,False,True,True,20.0,0101,,fff2f01e7abb7b21a09553a0741bd629f6a17cd5fe618f93ebeebd932bf650fe
SC-real-16000,S5,2,8,False,True,True,20.0,0101,,fff2f01e7abb7b21a09553a0741bd629f6a17cd5fe618f93ebeebd932bf650fe
SC-real-16000,S5,2,9,False,False,True,4.733333333333333,0101,,fff2f01e7abb7b21a09553a0741bd629f6a17cd5fe618f93ebeebd932bf650fe
SC-real-16000,S5,2,10,False,False,True,14.833333333333334,0101,,fff2f01e7abb7b21a09553a0741bd629f6a17cd5fe618f93ebeebd932bf650fe
SC-real-16000,S5,2,11,False,True,True,20.0,0101,,fff2f01e7abb7b21a09553a0741bd629f6a17cd5fe618f93ebeebd932bf650fe
SC-real-16000,S5,2,12,False,False,True,14.266666666666667,0101,,fff2f01e7abb7b21a09553a0741bd629f6a17cd5fe618f93ebeebd932bf650fe
SC-real-16000,S5,2,13,False,True,True,20.0,0111,,fff2f01e7abb7b21a09553a0741bd629f6a17cd5fe618f93ebeebd932bf650fe
SC-real-16000,S5,2,14,False,True,True,20.0,0101,,fff2f01e7abb7b21a09553a0741bd629f6a17cd5fe618f93ebeebd932bf650fe
SC-real-16000,S5,2,15,False,True,True,20.0,0101,,fff2f01e7abb7b21a09553a0741bd629f6a17cd5fe618f93ebeebd932bf650fe
SC-real-16000,S5,2,16,False,True,True,20.0,0101,,fff2f01e7abb7b21a09553a0741bd629f6a17cd5fe618f93ebeebd932bf650fe
SC-real-16000,S5,2,17,False,True,True,20.0,0101,,fff2f01e7abb7b21a09553a0741bd629f6a17cd5fe618f93ebeebd932bf650fe
SC-real-16000,S5,2,18,False,True,True,20.0,0101,,fff2f01e7abb7b21a09553a0741bd629f6a17cd5fe618f93ebeebd932bf650fe
SC-real-16000,S5,2,19,False,True,True,20.0,0101,,fff2f01e7abb7b21a09553a0741bd629f6a17cd5fe618f93ebeebd932bf650fe
SC-real-16000,S5,2,20,False,True,True,20.0,0101,,fff2f01e7abb7b21a09553a0741bd629f6a17cd5fe618f93ebeebd932bf650fe
SC-real-16000,S5,2,21,False,True,True,20.0,0111,,fff2f01e7abb7b21a09553a0741bd629f6a17cd5fe618f93ebeebd932bf650fe
SC-real-16000,S5,2,22,False,False,True,4.966666666666667,0101,,fff2f01e7abb7b21a09553a0741bd629f6a17cd5fe618f93ebeebd932bf650fe
SC-real-16000,S5,2,23,False,True,True,20.0,0111,,fff2f01e7abb7b21a09553a0741bd629f6a17cd5fe618f93ebeebd932bf650fe
SC-real-16000,S5,2,24,False,True,True,20.0,0101,,fff2f01e7abb7b21a09553a0741bd629f6a17cd5fe618f93ebeebd932bf650fe
SC-real-16000,S5,2,25,False,True,True,20.0,0101,,fff2f01e7abb7b21a09553a0741bd629f6a17cd5fe618f93ebeebd932bf650fe
SC-real-16000,S5,2,26,False,True,True,20.0,0101,,fff2f01e7abb7b21a09553a0741bd629f6a17cd5fe618f93ebeebd932bf650fe
SC-real-16000,S5,2,27,False,True,True,20.0,0101,,fff2f01e7abb7b21a09553a0741bd629f6a17cd5fe618f93ebeebd932bf650fe
SC-real-16000,S5,2,28,False,True,True,20.0,0101,,fff2f01e7abb7b21a09553a0741bd629f6a17cd5fe618f93ebeebd932bf650fe
SC-real-16000,S5,2,29,False,False,True,14.9,0101,,fff2f01e7abb7b21a09553a0741bd629f6a17cd5fe618f93ebeebd932bf650fe
SC-real-16000,S5,2,30,False,False,True,14.866666666666667,0101,,fff2f01e7abb7b21a09553a0741bd629f6a17cd5fe618f93ebeebd932bf650fe
SC-real-16000,S5,2,31,False,True,True,20.0,0101,,fff2f01e7abb7b21a09553a0741bd629f6a17cd5fe618f93ebeebd932bf650fe
SC-real-16000,S5,3,0,True,True,True,20.0,1111,,fff2f01e7abb7b21a09553a0741bd629f6a17cd5fe618f93ebeebd932bf650fe
SC-real-16000,S5,3,1,False,True,True,20.0,1101,,fff2f01e7abb7b21a09553a0741bd629f6a17cd5fe618f93ebeebd932bf650fe
SC-real-16000,S5,3,2,False,True,True,20.0,0101,,fff2f01e7abb7b21a09553a0741bd629f6a17cd5fe618f93ebeebd932bf650fe
SC-real-16000,S5,3,3,False,True,True,20.0,1101,,fff2f01e7abb7b21a09553a0741bd629f6a17cd5fe618f93ebeebd932bf650fe
SC-real-16000,S5,3,4,True,True,True,20.0,1111,,fff2f01e7abb7b21a09553a0741bd629f6a17cd5fe618f93ebeebd932bf650fe
SC-real-16000,S5,3,5,True,True,True,20.0,1111,,fff2f01e7abb7b21a09553a0741bd629f6a17cd5fe618f93ebeebd932bf650fe
SC-real-16000,S5,3,6,False,True,True,20.0,1101,,fff2f01e7abb7b21a09553a0741bd629f6a17cd5fe618f93ebeebd932bf650fe
SC-real-16000,S5,3,7,False,True,True,20.0,1101,,fff2f01e7abb7b21a09553a0741bd629f6a17cd5fe618f93ebeebd932bf650fe
SC-real-16000,S5,3,8,True,True,True,20.0,1111,,fff2f01e7abb7b21a09553a0741bd629f6a17cd5fe618f93ebeebd932bf650fe
SC-real-16000,S5,3,9,False,True,True,20.0,0101,,fff2f01e7abb7b21a09553a0741bd629f6a17cd5fe618f93ebeebd932bf650fe
SC-real-16000,S5,3,10,False,True,True,20.0,0101,,fff2f01e7abb7b21a09553a0741bd629f6a17cd5fe618f93ebeebd932bf650fe
SC-real-16000,S5,3,11,False,True,True,20.0,1100,,fff2f01e7abb7b21a09553a0741bd629f6a17cd5fe618f93ebeebd932bf650fe
SC-real-16000,S5,3,12,False,True,True,20.0,0101,,fff2f01e7abb7b21a09553a0741bd629f6a17cd5fe618f93ebeebd932bf650fe
SC-real-16000,S5,3,13,False,True,True,20.0,0101,,fff2f01e7abb7b21a09553a0741bd629f6a17cd5fe618f93ebeebd932bf650fe
SC-real-16000,S5,3,14,False,True,True,20.0,0111,,fff2f01e7abb7b21a09553a0741bd629f6a17cd5fe618f93ebeebd932bf650fe
SC-real-16000,S5,3,15,False,True,True,20.0,0001,,fff2f01e7abb7b21a09553a0741bd629f6a17cd5fe618f93ebeebd932bf650fe
SC-real-16000,S5,3,16,False,True,True,20.0,0101,,fff2f01e7abb7b21a09553a0741bd629f6a17cd5fe618f93ebeebd932bf650fe
SC-real-16000,S5,3,17,False,True,True,20.0,0101,,fff2f01e7abb7b21a09553a0741bd629f6a17cd5fe618f93ebeebd932bf650fe
SC-real-16000,S5,3,18,False,True,True,20.0,0101,,fff2f01e7abb7b21a09553a0741bd629f6a17cd5fe618f93ebeebd932bf650fe
SC-real-16000,S5,3,19,False,True,True,20.0,0000,,fff2f01e7abb7b21a09553a0741bd629f6a17cd5fe618f93ebeebd932bf650fe
SC-real-16000,S5,3,20,True,True,True,20.0,1111,,fff2f01e7abb7b21a09553a0741bd629f6a17cd5fe618f93ebeebd932bf650fe
SC-real-16000,S5,3,21,False,True,True,20.0,0101,,fff2f01e7abb7b21a09553a0741bd629f6a17cd5fe618f93ebeebd932bf650fe
SC-real-16000,S5,3,22,False,True,True,20.0,1101,,fff2f01e7abb7b21a09553a0741bd629f6a17cd5fe618f93ebeebd932bf650fe
SC-real-16000,S5,3,23,False,True,True,20.0,0101,,fff2f01e7abb7b21a09553a0741bd629f6a17cd5fe618f93ebeebd932bf650fe
SC-real-16000,S5,3,24,True,True,True,20.0,1111,,fff2f01e7abb7b21a09553a0741bd629f6a17cd5fe618f93ebeebd932bf650fe
SC-real-16000,S5,3,25,False,True,True,20.0,0101,,fff2f01e7abb7b21a09553a0741bd629f6a17cd5fe618f93ebeebd932bf650fe
SC-real-16000,S5,3,26,True,True,True,20.0,1111,,fff2f01e7abb7b21a09553a0741bd629f6a17cd5fe618f93ebeebd932bf650fe
SC-real-16000,S5,3,27,False,True,True,20.0,1101,,fff2f01e7abb7b21a09553a0741bd629f6a17cd5fe618f93ebeebd932bf650fe
SC-real-16000,S5,3,28,False,True,True,20.0,0101,,fff2f01e7abb7b21a09553a0741bd629f6a17cd5fe618f93ebeebd932bf650fe
SC-real-16000,S5,3,29,False,True,True,20.0,0101,,fff2f01e7abb7b21a09553a0741bd629f6a17cd5fe618f93ebeebd932bf650fe
SC-real-16000,S5,3,30,False,True,True,20.0,0101,,fff2f01e7abb7b21a09553a0741bd629f6a17cd5fe618f93ebeebd932bf650fe
SC-real-16000,S5,3,31,False,True,True,20.0,0101,,fff2f01e7abb7b21a09553a0741bd629f6a17cd5fe618f93ebeebd932bf650fe
SC-real-16000,F,0,0,True,True,True,40.0,,10,fff2f01e7abb7b21a09553a0741bd629f6a17cd5fe618f93ebeebd932bf650fe
SC-real-16000,F,0,1,True,True,True,40.0,,10,fff2f01e7abb7b21a09553a0741bd629f6a17cd5fe618f93ebeebd932bf650fe
SC-real-16000,F,0,2,True,True,True,40.0,,10,fff2f01e7abb7b21a09553a0741bd629f6a17cd5fe618f93ebeebd932bf650fe
SC-real-16000,F,0,3,True,True,True,40.0,,10,fff2f01e7abb7b21a09553a0741bd629f6a17cd5fe618f93ebeebd932bf650fe
SC-real-16000,F,0,4,True,True,True,40.0,,10,fff2f01e7abb7b21a09553a0741bd629f6a17cd5fe618f93ebeebd932bf650fe
SC-real-16000,F,0,5,True,True,True,40.0,,10,fff2f01e7abb7b21a09553a0741bd629f6a17cd5fe618f93ebeebd932bf650fe
SC-real-16000,F,0,6,True,True,True,40.0,,10,fff2f01e7abb7b21a09553a0741bd629f6a17cd5fe618f93ebeebd932bf650fe
SC-real-16000,F,0,7,True,True,True,40.0,,10,fff2f01e7abb7b21a09553a0741bd629f6a17cd5fe618f93ebeebd932bf650fe
SC-real-16000,F,0,8,True,True,True,40.0,,10,fff2f01e7abb7b21a09553a0741bd629f6a17cd5fe618f93ebeebd932bf650fe
SC-real-16000,F,0,9,True,True,True,40.0,,10,fff2f01e7abb7b21a09553a0741bd629f6a17cd5fe618f93ebeebd932bf650fe
SC-real-16000,F,0,10,True,True,True,40.0,,10,fff2f01e7abb7b21a09553a0741bd629f6a17cd5fe618f93ebeebd932bf650fe
SC-real-16000,F,0,11,True,True,True,40.0,,10,fff2f01e7abb7b21a09553a0741bd629f6a17cd5fe618f93ebeebd932bf650fe
SC-real-16000,F,0,12,True,True,True,40.0,,10,fff2f01e7abb7b21a09553a0741bd629f6a17cd5fe618f93ebeebd932bf650fe
SC-real-16000,F,0,13,True,True,True,40.0,,10,fff2f01e7abb7b21a09553a0741bd629f6a17cd5fe618f93ebeebd932bf650fe
SC-real-16000,F,0,14,True,True,True,40.0,,10,fff2f01e7abb7b21a09553a0741bd629f6a17cd5fe618f93ebeebd932bf650fe
SC-real-16000,F,0,15,True,True,True,40.0,,10,fff2f01e7abb7b21a09553a0741bd629f6a17cd5fe618f93ebeebd932bf650fe
SC-real-16000,F,0,16,True,True,True,40.0,,10,fff2f01e7abb7b21a09553a0741bd629f6a17cd5fe618f93ebeebd932bf650fe
SC-real-16000,F,0,17,True,True,True,40.0,,10,fff2f01e7abb7b21a09553a0741bd629f6a17cd5fe618f93ebeebd932bf650fe
SC-real-16000,F,0,18,True,True,True,40.0,,10,fff2f01e7abb7b21a09553a0741bd629f6a17cd5fe618f93ebeebd932bf650fe
SC-real-16000,F,0,19,True,True,True,40.0,,10,fff2f01e7abb7b21a09553a0741bd629f6a17cd5fe618f93ebeebd932bf650fe
SC-real-16000,F,0,20,True,True,True,40.0,,10,fff2f01e7abb7b21a09553a0741bd629f6a17cd5fe618f93ebeebd932bf650fe
SC-real-16000,F,0,21,True,True,True,40.0,,10,fff2f01e7abb7b21a09553a0741bd629f6a17cd5fe618f93ebeebd932bf650fe
SC-real-16000,F,0,22,True,True,True,40.0,,10,fff2f01e7abb7b21a09553a0741bd629f6a17cd5fe618f93ebeebd932bf650fe
SC-real-16000,F,0,23,True,True,True,40.0,,10,fff2f01e7abb7b21a09553a0741bd629f6a17cd5fe618f93ebeebd932bf650fe
SC-real-16000,F,0,24,True,True,True,40.0,,10,fff2f01e7abb7b21a09553a0741bd629f6a17cd5fe618f93ebeebd932bf650fe
SC-real-16000,F,0,25,True,True,True,40.0,,10,fff2f01e7abb7b21a09553a0741bd629f6a17cd5fe618f93ebeebd932bf650fe
SC-real-16000,F,0,26,True,True,True,40.0,,10,fff2f01e7abb7b21a09553a0741bd629f6a17cd5fe618f93ebeebd932bf650fe
SC-real-16000,F,0,27,True,True,True,40.0,,10,fff2f01e7abb7b21a09553a0741bd629f6a17cd5fe618f93ebeebd932bf650fe
SC-real-16000,F,0,28,True,True,True,40.0,,10,fff2f01e7abb7b21a09553a0741bd629f6a17cd5fe618f93ebeebd932bf650fe
SC-real-16000,F,0,29,True,True,True,40.0,,10,fff2f01e7abb7b21a09553a0741bd629f6a17cd5fe618f93ebeebd932bf650fe
SC-real-16000,F,0,30,True,True,True,40.0,,10,fff2f01e7abb7b21a09553a0741bd629f6a17cd5fe618f93ebeebd932bf650fe
SC-real-16000,F,0,31,True,True,True,40.0,,10,fff2f01e7abb7b21a09553a0741bd629f6a17cd5fe618f93ebeebd932bf650fe
SC-real-16000,F,1,0,True,False,True,0.9333333333333333,,9,fff2f01e7abb7b21a09553a0741bd629f6a17cd5fe618f93ebeebd932bf650fe
SC-real-16000,F,1,1,True,False,True,0.9,,9,fff2f01e7abb7b21a09553a0741bd629f6a17cd5fe618f93ebeebd932bf650fe
SC-real-16000,F,1,2,True,False,True,31.266666666666666,,9,fff2f01e7abb7b21a09553a0741bd629f6a17cd5fe618f93ebeebd932bf650fe
SC-real-16000,F,1,3,True,False,True,0.8666666666666667,,9,fff2f01e7abb7b21a09553a0741bd629f6a17cd5fe618f93ebeebd932bf650fe
SC-real-16000,F,1,4,True,False,True,0.9,,9,fff2f01e7abb7b21a09553a0741bd629f6a17cd5fe618f93ebeebd932bf650fe
SC-real-16000,F,1,5,True,False,True,0.9333333333333333,,9,fff2f01e7abb7b21a09553a0741bd629f6a17cd5fe618f93ebeebd932bf650fe
SC-real-16000,F,1,6,True,False,True,1.2666666666666666,,9,fff2f01e7abb7b21a09553a0741bd629f6a17cd5fe618f93ebeebd932bf650fe
SC-real-16000,F,1,7,True,False,True,0.9,,9,fff2f01e7abb7b21a09553a0741bd629f6a17cd5fe618f93ebeebd932bf650fe
SC-real-16000,F,1,8,True,True,True,40.0,,9,fff2f01e7abb7b21a09553a0741bd629f6a17cd5fe618f93ebeebd932bf650fe
SC-real-16000,F,1,9,True,False,True,0.9333333333333333,,9,fff2f01e7abb7b21a09553a0741bd629f6a17cd5fe618f93ebeebd932bf650fe
SC-real-16000,F,1,10,True,False,True,0.9,,9,fff2f01e7abb7b21a09553a0741bd629f6a17cd5fe618f93ebeebd932bf650fe
SC-real-16000,F,1,11,True,False,True,0.9,,9,fff2f01e7abb7b21a09553a0741bd629f6a17cd5fe618f93ebeebd932bf650fe
SC-real-16000,F,1,12,True,False,True,0.9,,9,fff2f01e7abb7b21a09553a0741bd629f6a17cd5fe618f93ebeebd932bf650fe
SC-real-16000,F,1,13,True,False,True,0.8666666666666667,,9,fff2f01e7abb7b21a09553a0741bd629f6a17cd5fe618f93ebeebd932bf650fe
SC-real-16000,F,1,14,True,False,True,0.8666666666666667,,9,fff2f01e7abb7b21a09553a0741bd629f6a17cd5fe618f93ebeebd932bf650fe
SC-real-16000,F,1,15,True,False,True,0.9,,9,fff2f01e7abb7b21a09553a0741bd629f6a17cd5fe618f93ebeebd932bf650fe
SC-real-16000,F,1,16,True,False,True,0.9,,9,fff2f01e7abb7b21a09553a0741bd629f6a17cd5fe618f93ebeebd932bf650fe
SC-real-16000,F,1,17,True,False,True,27.0,,9,fff2f01e7abb7b21a09553a0741bd629f6a17cd5fe618f93ebeebd932bf650fe
SC-real-16000,F,1,18,True,False,True,1.5333333333333334,,9,fff2f01e7abb7b21a09553a0741bd629f6a17cd5fe618f93ebeebd932bf650fe
SC-real-16000,F,1,19,True,False,True,1.7,,9,fff2f01e7abb7b21a09553a0741bd629f6a17cd5fe618f93ebeebd932bf650fe
SC-real-16000,F,1,20,True,False,True,0.9,,9,fff2f01e7abb7b21a09553a0741bd629f6a17cd5fe618f93ebeebd932bf650fe
SC-real-16000,F,1,21,True,False,True,0.9333333333333333,,9,fff2f01e7abb7b21a09553a0741bd629f6a17cd5fe618f93ebeebd932bf650fe
SC-real-16000,F,1,22,True,False,True,0.8666666666666667,,9,fff2f01e7abb7b21a09553a0741bd629f6a17cd5fe618f93ebeebd932bf650fe
SC-real-16000,F,1,23,True,False,True,0.9333333333333333,,9,fff2f01e7abb7b21a09553a0741bd629f6a17cd5fe618f93ebeebd932bf650fe
SC-real-16000,F,1,24,True,False,True,0.9,,9,fff2f01e7abb7b21a09553a0741bd629f6a17cd5fe618f93ebeebd932bf650fe
SC-real-16000,F,1,25,True,False,True,0.9,,9,fff2f01e7abb7b21a09553a0741bd629f6a17cd5fe618f93ebeebd932bf650fe
SC-real-16000,F,1,26,True,False,True,0.9,,9,fff2f01e7abb7b21a09553a0741bd629f6a17cd5fe618f93ebeebd932bf650fe
SC-real-16000,F,1,27,True,False,True,0.9,,9,fff2f01e7abb7b21a09553a0741bd629f6a17cd5fe618f93ebeebd932bf650fe
SC-real-16000,F,1,28,True,True,True,40.0,,9,fff2f01e7abb7b21a09553a0741bd629f6a17cd5fe618f93ebeebd932bf650fe
SC-real-16000,F,1,29,True,False,True,0.8,,9,fff2f01e7abb7b21a09553a0741bd629f6a17cd5fe618f93ebeebd932bf650fe
SC-real-16000,F,1,30,True,False,True,0.8666666666666667,,9,fff2f01e7abb7b21a09553a0741bd629f6a17cd5fe618f93ebeebd932bf650fe
SC-real-16000,F,1,31,True,False,True,0.9,,9,fff2f01e7abb7b21a09553a0741bd629f6a17cd5fe618f93ebeebd932bf650fe
SC-real-16000,F,2,0,True,True,True,40.0,,9,fff2f01e7abb7b21a09553a0741bd629f6a17cd5fe618f93ebeebd932bf650fe
SC-real-16000,F,2,1,True,True,True,40.0,,9,fff2f01e7abb7b21a09553a0741bd629f6a17cd5fe618f93ebeebd932bf650fe
SC-real-16000,F,2,2,True,True,True,40.0,,9,fff2f01e7abb7b21a09553a0741bd629f6a17cd5fe618f93ebeebd932bf650fe
SC-real-16000,F,2,3,True,True,True,40.0,,9,fff2f01e7abb7b21a09553a0741bd629f6a17cd5fe618f93ebeebd932bf650fe
SC-real-16000,F,2,4,True,True,True,40.0,,9,fff2f01e7abb7b21a09553a0741bd629f6a17cd5fe618f93ebeebd932bf650fe
SC-real-16000,F,2,5,True,True,True,40.0,,10,fff2f01e7abb7b21a09553a0741bd629f6a17cd5fe618f93ebeebd932bf650fe
SC-real-16000,F,2,6,True,True,True,40.0,,9,fff2f01e7abb7b21a09553a0741bd629f6a17cd5fe618f93ebeebd932bf650fe
SC-real-16000,F,2,7,True,True,True,40.0,,9,fff2f01e7abb7b21a09553a0741bd629f6a17cd5fe618f93ebeebd932bf650fe
SC-real-16000,F,2,8,True,True,True,40.0,,9,fff2f01e7abb7b21a09553a0741bd629f6a17cd5fe618f93ebeebd932bf650fe
SC-real-16000,F,2,9,True,True,True,40.0,,9,fff2f01e7abb7b21a09553a0741bd629f6a17cd5fe618f93ebeebd932bf650fe
SC-real-16000,F,2,10,True,True,True,40.0,,9,fff2f01e7abb7b21a09553a0741bd629f6a17cd5fe618f93ebeebd932bf650fe
SC-real-16000,F,2,11,True,True,True,40.0,,9,fff2f01e7abb7b21a09553a0741bd629f6a17cd5fe618f93ebeebd932bf650fe
SC-real-16000,F,2,12,True,True,True,40.0,,9,fff2f01e7abb7b21a09553a0741bd629f6a17cd5fe618f93ebeebd932bf650fe
SC-real-16000,F,2,13,True,True,True,40.0,,9,fff2f01e7abb7b21a09553a0741bd629f6a17cd5fe618f93ebeebd932bf650fe
SC-real-16000,F,2,14,True,True,True,40.0,,9,fff2f01e7abb7b21a09553a0741bd629f6a17cd5fe618f93ebeebd932bf650fe
SC-real-16000,F,2,15,True,True,True,40.0,,9,fff2f01e7abb7b21a09553a0741bd629f6a17cd5fe618f93ebeebd932bf650fe
SC-real-16000,F,2,16,True,True,True,40.0,,9,fff2f01e7abb7b21a09553a0741bd629f6a17cd5fe618f93ebeebd932bf650fe
SC-real-16000,F,2,17,True,True,True,40.0,,9,fff2f01e7abb7b21a09553a0741bd629f6a17cd5fe618f93ebeebd932bf650fe
SC-real-16000,F,2,18,True,True,True,40.0,,9,fff2f01e7abb7b21a09553a0741bd629f6a17cd5fe618f93ebeebd932bf650fe
SC-real-16000,F,2,19,True,True,True,40.0,,9,fff2f01e7abb7b21a09553a0741bd629f6a17cd5fe618f93ebeebd932bf650fe
SC-real-16000,F,2,20,True,True,True,40.0,,9,fff2f01e7abb7b21a09553a0741bd629f6a17cd5fe618f93ebeebd932bf650fe
SC-real-16000,F,2,21,True,True,True,40.0,,9,fff2f01e7abb7b21a09553a0741bd629f6a17cd5fe618f93ebeebd932bf650fe
SC-real-16000,F,2,22,True,True,True,40.0,,9,fff2f01e7abb7b21a09553a0741bd629f6a17cd5fe618f93ebeebd932bf650fe
SC-real-16000,F,2,23,True,True,True,40.0,,9,fff2f01e7abb7b21a09553a0741bd629f6a17cd5fe618f93ebeebd932bf650fe
SC-real-16000,F,2,24,True,True,True,40.0,,9,fff2f01e7abb7b21a09553a0741bd629f6a17cd5fe618f93ebeebd932bf650fe
SC-real-16000,F,2,25,True,True,True,40.0,,9,fff2f01e7abb7b21a09553a0741bd629f6a17cd5fe618f93ebeebd932bf650fe
SC-real-16000,F,2,26,True,True,True,40.0,,9,fff2f01e7abb7b21a09553a0741bd629f6a17cd5fe618f93ebeebd932bf650fe
SC-real-16000,F,2,27,True,True,True,40.0,,9,fff2f01e7abb7b21a09553a0741bd629f6a17cd5fe618f93ebeebd932bf650fe
SC-real-16000,F,2,28,True,True,True,40.0,,9,fff2f01e7abb7b21a09553a0741bd629f6a17cd5fe618f93ebeebd932bf650fe
SC-real-16000,F,2,29,True,True,True,40.0,,9,fff2f01e7abb7b21a09553a0741bd629f6a17cd5fe618f93ebeebd932bf650fe
SC-real-16000,F,2,30,True,True,True,40.0,,9,fff2f01e7abb7b21a09553a0741bd629f6a17cd5fe618f93ebeebd932bf650fe
SC-real-16000,F,2,31,True,True,True,40.0,,9,fff2f01e7abb7b21a09553a0741bd629f6a17cd5fe618f93ebeebd932bf650fe
SC-real-16000,F,3,0,True,False,False,28.3,,7,fff2f01e7abb7b21a09553a0741bd629f6a17cd5fe618f93ebeebd932bf650fe
SC-real-16000,F,3,1,True,True,True,40.0,,10,fff2f01e7abb7b21a09553a0741bd629f6a17cd5fe618f93ebeebd932bf650fe
SC-real-16000,F,3,2,True,True,True,40.0,,10,fff2f01e7abb7b21a09553a0741bd629f6a17cd5fe618f93ebeebd932bf650fe
SC-real-16000,F,3,3,True,True,True,40.0,,10,fff2f01e7abb7b21a09553a0741bd629f6a17cd5fe618f93ebeebd932bf650fe
SC-real-16000,F,3,4,True,True,True,40.0,,10,fff2f01e7abb7b21a09553a0741bd629f6a17cd5fe618f93ebeebd932bf650fe
SC-real-16000,F,3,5,True,True,True,40.0,,10,fff2f01e7abb7b21a09553a0741bd629f6a17cd5fe618f93ebeebd932bf650fe
SC-real-16000,F,3,6,True,True,True,40.0,,10,fff2f01e7abb7b21a09553a0741bd629f6a17cd5fe618f93ebeebd932bf650fe
SC-real-16000,F,3,7,True,True,True,40.0,,10,fff2f01e7abb7b21a09553a0741bd629f6a17cd5fe618f93ebeebd932bf650fe
SC-real-16000,F,3,8,True,True,True,40.0,,11,fff2f01e7abb7b21a09553a0741bd629f6a17cd5fe618f93ebeebd932bf650fe
SC-real-16000,F,3,9,True,True,True,40.0,,10,fff2f01e7abb7b21a09553a0741bd629f6a17cd5fe618f93ebeebd932bf650fe
SC-real-16000,F,3,10,True,True,True,40.0,,10,fff2f01e7abb7b21a09553a0741bd629f6a17cd5fe618f93ebeebd932bf650fe
SC-real-16000,F,3,11,True,True,True,40.0,,11,fff2f01e7abb7b21a09553a0741bd629f6a17cd5fe618f93ebeebd932bf650fe
SC-real-16000,F,3,12,True,True,True,40.0,,10,fff2f01e7abb7b21a09553a0741bd629f6a17cd5fe618f93ebeebd932bf650fe
SC-real-16000,F,3,13,True,True,True,40.0,,10,fff2f01e7abb7b21a09553a0741bd629f6a17cd5fe618f93ebeebd932bf650fe
SC-real-16000,F,3,14,True,True,True,40.0,,10,fff2f01e7abb7b21a09553a0741bd629f6a17cd5fe618f93ebeebd932bf650fe
SC-real-16000,F,3,15,True,False,False,5.433333333333334,,1,fff2f01e7abb7b21a09553a0741bd629f6a17cd5fe618f93ebeebd932bf650fe
SC-real-16000,F,3,16,True,True,True,40.0,,10,fff2f01e7abb7b21a09553a0741bd629f6a17cd5fe618f93ebeebd932bf650fe
SC-real-16000,F,3,17,True,True,True,40.0,,10,fff2f01e7abb7b21a09553a0741bd629f6a17cd5fe618f93ebeebd932bf650fe
SC-real-16000,F,3,18,True,True,True,40.0,,10,fff2f01e7abb7b21a09553a0741bd629f6a17cd5fe618f93ebeebd932bf650fe
SC-real-16000,F,3,19,True,True,True,40.0,,11,fff2f01e7abb7b21a09553a0741bd629f6a17cd5fe618f93ebeebd932bf650fe
SC-real-16000,F,3,20,True,True,True,40.0,,10,fff2f01e7abb7b21a09553a0741bd629f6a17cd5fe618f93ebeebd932bf650fe
SC-real-16000,F,3,21,True,True,True,40.0,,10,fff2f01e7abb7b21a09553a0741bd629f6a17cd5fe618f93ebeebd932bf650fe
SC-real-16000,F,3,22,True,True,True,40.0,,10,fff2f01e7abb7b21a09553a0741bd629f6a17cd5fe618f93ebeebd932bf650fe
SC-real-16000,F,3,23,True,True,True,40.0,,10,fff2f01e7abb7b21a09553a0741bd629f6a17cd5fe618f93ebeebd932bf650fe
SC-real-16000,F,3,24,True,True,True,40.0,,10,fff2f01e7abb7b21a09553a0741bd629f6a17cd5fe618f93ebeebd932bf650fe
SC-real-16000,F,3,25,True,True,True,40.0,,10,fff2f01e7abb7b21a09553a0741bd629f6a17cd5fe618f93ebeebd932bf650fe
SC-real-16000,F,3,26,True,True,True,40.0,,10,fff2f01e7abb7b21a09553a0741bd629f6a17cd5fe618f93ebeebd932bf650fe
SC-real-16000,F,3,27,True,True,True,40.0,,10,fff2f01e7abb7b21a09553a0741bd629f6a17cd5fe618f93ebeebd932bf650fe
SC-real-16000,F,3,28,True,True,True,40.0,,10,fff2f01e7abb7b21a09553a0741bd629f6a17cd5fe618f93ebeebd932bf650fe
SC-real-16000,F,3,29,True,False,False,28.3,,7,fff2f01e7abb7b21a09553a0741bd629f6a17cd5fe618f93ebeebd932bf650fe
SC-real-16000,F,3,30,True,True,True,40.0,,10,fff2f01e7abb7b21a09553a0741bd629f6a17cd5fe618f93ebeebd932bf650fe
SC-real-16000,F,3,31,True,True,True,40.0,,10,fff2f01e7abb7b21a09553a0741bd629f6a17cd5fe618f93ebeebd932bf650fe
SA-real-19200,S2,0,0,False,True,True,20.0,0101111111,,fff2f01e7abb7b21a09553a0741bd629f6a17cd5fe618f93ebeebd932bf650fe
SA-real-19200,S2,0,1,True,True,True,20.0,1111111111,,fff2f01e7abb7b21a09553a0741bd629f6a17cd5fe618f93ebeebd932bf650fe
SA-real-19200,S2,0,2,False,True,True,20.0,0111111111,,fff2f01e7abb7b21a09553a0741bd629f6a17cd5fe618f93ebeebd932bf650fe
SA-real-19200,S2,0,3,False,True,True,20.0,0101111111,,fff2f01e7abb7b21a09553a0741bd629f6a17cd5fe618f93ebeebd932bf650fe
SA-real-19200,S2,0,4,True,True,True,20.0,1111111111,,fff2f01e7abb7b21a09553a0741bd629f6a17cd5fe618f93ebeebd932bf650fe
SA-real-19200,S2,0,5,True,True,True,20.0,1111111111,,fff2f01e7abb7b21a09553a0741bd629f6a17cd5fe618f93ebeebd932bf650fe
SA-real-19200,S2,0,6,False,True,True,20.0,0111111111,,fff2f01e7abb7b21a09553a0741bd629f6a17cd5fe618f93ebeebd932bf650fe
SA-real-19200,S2,0,7,True,True,True,20.0,1111111111,,fff2f01e7abb7b21a09553a0741bd629f6a17cd5fe618f93ebeebd932bf650fe
SA-real-19200,S2,0,8,False,True,True,20.0,0111111111,,fff2f01e7abb7b21a09553a0741bd629f6a17cd5fe618f93ebeebd932bf650fe
SA-real-19200,S2,0,9,False,True,True,20.0,0101111111,,fff2f01e7abb7b21a09553a0741bd629f6a17cd5fe618f93ebeebd932bf650fe
SA-real-19200,S2,0,10,False,True,True,20.0,0111111111,,fff2f01e7abb7b21a09553a0741bd629f6a17cd5fe618f93ebeebd932bf650fe
SA-real-19200,S2,0,11,True,True,True,20.0,1111111111,,fff2f01e7abb7b21a09553a0741bd629f6a17cd5fe618f93ebeebd932bf650fe
SA-real-19200,S2,0,12,True,True,True,20.0,1111111111,,fff2f01e7abb7b21a09553a0741bd629f6a17cd5fe618f93ebeebd932bf650fe
SA-real-19200,S2,0,13,False,True,True,20.0,0101011111,,fff2f01e7abb7b21a09553a0741bd629f6a17cd5fe618f93ebeebd932bf650fe
SA-real-19200,S2,0,14,False,True,True,20.0,0111111111,,fff2f01e7abb7b21a09553a0741bd629f6a17cd5fe618f93ebeebd932bf650fe
SA-real-19200,S2,0,15,True,True,True,20.0,1111111111,,fff2f01e7abb7b21a09553a0741bd629f6a17cd5fe618f93ebeebd932bf650fe
SA-real-19200,S2,0,16,True,True,True,20.0,1111111111,,fff2f01e7abb7b21a09553a0741bd629f6a17cd5fe618f93ebeebd932bf650fe
SA-real-19200,S2,0,17,True,True,True,20.0,1111111111,,fff2f01e7abb7b21a09553a0741bd629f6a17cd5fe618f93ebeebd932bf650fe
SA-real-19200,S2,0,18,False,True,True,20.0,0101011111,,fff2f01e7abb7b21a09553a0741bd629f6a17cd5fe618f93ebeebd932bf650fe
SA-real-19200,S2,0,19,True,True,True,20.0,1111111111,,fff2f01e7abb7b21a09553a0741bd629f6a17cd5fe618f93ebeebd932bf650fe
SA-real-19200,S2,0,20,False,True,True,20.0,0111111111,,fff2f01e7abb7b21a09553a0741bd629f6a17cd5fe618f93ebeebd932bf650fe
SA-real-19200,S2,0,21,True,True,True,20.0,1111111111,,fff2f01e7abb7b21a09553a0741bd629f6a17cd5fe618f93ebeebd932bf650fe
SA-real-19200,S2,0,22,True,True,True,20.0,1111111111,,fff2f01e7abb7b21a09553a0741bd629f6a17cd5fe618f93ebeebd932bf650fe
SA-real-19200,S2,0,23,True,True,True,20.0,1111111111,,fff2f01e7abb7b21a09553a0741bd629f6a17cd5fe618f93ebeebd932bf650fe
SA-real-19200,S2,0,24,True,True,True,20.0,1111111111,,fff2f01e7abb7b21a09553a0741bd629f6a17cd5fe618f93ebeebd932bf650fe
SA-real-19200,S2,0,25,False,True,True,20.0,0111111111,,fff2f01e7abb7b21a09553a0741bd629f6a17cd5fe618f93ebeebd932bf650fe
SA-real-19200,S2,0,26,True,True,True,20.0,1111111111,,fff2f01e7abb7b21a09553a0741bd629f6a17cd5fe618f93ebeebd932bf650fe
SA-real-19200,S2,0,27,True,True,True,20.0,1111111111,,fff2f01e7abb7b21a09553a0741bd629f6a17cd5fe618f93ebeebd932bf650fe
SA-real-19200,S2,0,28,True,True,True,20.0,1111111111,,fff2f01e7abb7b21a09553a0741bd629f6a17cd5fe618f93ebeebd932bf650fe
SA-real-19200,S2,0,29,False,True,True,20.0,0111111111,,fff2f01e7abb7b21a09553a0741bd629f6a17cd5fe618f93ebeebd932bf650fe
SA-real-19200,S2,0,30,False,True,True,20.0,0111111111,,fff2f01e7abb7b21a09553a0741bd629f6a17cd5fe618f93ebeebd932bf650fe
SA-real-19200,S2,0,31,True,True,True,20.0,1111111111,,fff2f01e7abb7b21a09553a0741bd629f6a17cd5fe618f93ebeebd932bf650fe
SA-real-19200,S2,1,0,False,False,True,18.5,1111111111,,fff2f01e7abb7b21a09553a0741bd629f6a17cd5fe618f93ebeebd932bf650fe
SA-real-19200,S2,1,1,False,True,True,20.0,1101010111,,fff2f01e7abb7b21a09553a0741bd629f6a17cd5fe618f93ebeebd932bf650fe
SA-real-19200,S2,1,2,True,True,True,20.0,1111111111,,fff2f01e7abb7b21a09553a0741bd629f6a17cd5fe618f93ebeebd932bf650fe
SA-real-19200,S2,1,3,True,True,True,20.0,1111111111,,fff2f01e7abb7b21a09553a0741bd629f6a17cd5fe618f93ebeebd932bf650fe
SA-real-19200,S2,1,4,False,False,True,18.5,1111111111,,fff2f01e7abb7b21a09553a0741bd629f6a17cd5fe618f93ebeebd932bf650fe
SA-real-19200,S2,1,5,True,True,True,20.0,1111111111,,fff2f01e7abb7b21a09553a0741bd629f6a17cd5fe618f93ebeebd932bf650fe
SA-real-19200,S2,1,6,False,True,True,20.0,1111110111,,fff2f01e7abb7b21a09553a0741bd629f6a17cd5fe618f93ebeebd932bf650fe
SA-real-19200,S2,1,7,True,True,True,20.0,1111111111,,fff2f01e7abb7b21a09553a0741bd629f6a17cd5fe618f93ebeebd932bf650fe
SA-real-19200,S2,1,8,True,True,True,20.0,1111111111,,fff2f01e7abb7b21a09553a0741bd629f6a17cd5fe618f93ebeebd932bf650fe
SA-real-19200,S2,1,9,True,True,True,20.0,1111111111,,fff2f01e7abb7b21a09553a0741bd629f6a17cd5fe618f93ebeebd932bf650fe
SA-real-19200,S2,1,10,True,True,True,20.0,1111111111,,fff2f01e7abb7b21a09553a0741bd629f6a17cd5fe618f93ebeebd932bf650fe
SA-real-19200,S2,1,11,True,True,True,20.0,1111111111,,fff2f01e7abb7b21a09553a0741bd629f6a17cd5fe618f93ebeebd932bf650fe
SA-real-19200,S2,1,12,True,True,True,20.0,1111111111,,fff2f01e7abb7b21a09553a0741bd629f6a17cd5fe618f93ebeebd932bf650fe
SA-real-19200,S2,1,13,False,False,True,18.5,1111111111,,fff2f01e7abb7b21a09553a0741bd629f6a17cd5fe618f93ebeebd932bf650fe
SA-real-19200,S2,1,14,False,False,True,14.5,1111111111,,fff2f01e7abb7b21a09553a0741bd629f6a17cd5fe618f93ebeebd932bf650fe
SA-real-19200,S2,1,15,True,True,True,20.0,1111111111,,fff2f01e7abb7b21a09553a0741bd629f6a17cd5fe618f93ebeebd932bf650fe
SA-real-19200,S2,1,16,False,False,True,18.5,1111111111,,fff2f01e7abb7b21a09553a0741bd629f6a17cd5fe618f93ebeebd932bf650fe
SA-real-19200,S2,1,17,True,True,True,20.0,1111111111,,fff2f01e7abb7b21a09553a0741bd629f6a17cd5fe618f93ebeebd932bf650fe
SA-real-19200,S2,1,18,True,True,True,20.0,1111111111,,fff2f01e7abb7b21a09553a0741bd629f6a17cd5fe618f93ebeebd932bf650fe
SA-real-19200,S2,1,19,True,True,True,20.0,1111111111,,fff2f01e7abb7b21a09553a0741bd629f6a17cd5fe618f93ebeebd932bf650fe
SA-real-19200,S2,1,20,True,True,True,20.0,1111111111,,fff2f01e7abb7b21a09553a0741bd629f6a17cd5fe618f93ebeebd932bf650fe
SA-real-19200,S2,1,21,True,True,True,20.0,1111111111,,fff2f01e7abb7b21a09553a0741bd629f6a17cd5fe618f93ebeebd932bf650fe
SA-real-19200,S2,1,22,True,True,True,20.0,1111111111,,fff2f01e7abb7b21a09553a0741bd629f6a17cd5fe618f93ebeebd932bf650fe
SA-real-19200,S2,1,23,True,True,True,20.0,1111111111,,fff2f01e7abb7b21a09553a0741bd629f6a17cd5fe618f93ebeebd932bf650fe
SA-real-19200,S2,1,24,True,True,True,20.0,1111111111,,fff2f01e7abb7b21a09553a0741bd629f6a17cd5fe618f93ebeebd932bf650fe
SA-real-19200,S2,1,25,True,True,True,20.0,1111111111,,fff2f01e7abb7b21a09553a0741bd629f6a17cd5fe618f93ebeebd932bf650fe
SA-real-19200,S2,1,26,True,True,True,20.0,1111111111,,fff2f01e7abb7b21a09553a0741bd629f6a17cd5fe618f93ebeebd932bf650fe
SA-real-19200,S2,1,27,False,True,True,20.0,0101110101,,fff2f01e7abb7b21a09553a0741bd629f6a17cd5fe618f93ebeebd932bf650fe
SA-real-19200,S2,1,28,True,True,True,20.0,1111111111,,fff2f01e7abb7b21a09553a0741bd629f6a17cd5fe618f93ebeebd932bf650fe
SA-real-19200,S2,1,29,True,True,True,20.0,1111111111,,fff2f01e7abb7b21a09553a0741bd629f6a17cd5fe618f93ebeebd932bf650fe
SA-real-19200,S2,1,30,True,True,True,20.0,1111111111,,fff2f01e7abb7b21a09553a0741bd629f6a17cd5fe618f93ebeebd932bf650fe
SA-real-19200,S2,1,31,False,False,True,18.5,1111111111,,fff2f01e7abb7b21a09553a0741bd629f6a17cd5fe618f93ebeebd932bf650fe
SA-real-19200,S2,2,0,False,True,True,20.0,1111010101,,fff2f01e7abb7b21a09553a0741bd629f6a17cd5fe618f93ebeebd932bf650fe
SA-real-19200,S2,2,1,False,True,True,20.0,1101010101,,fff2f01e7abb7b21a09553a0741bd629f6a17cd5fe618f93ebeebd932bf650fe
SA-real-19200,S2,2,2,False,True,True,20.0,1111010101,,fff2f01e7abb7b21a09553a0741bd629f6a17cd5fe618f93ebeebd932bf650fe
SA-real-19200,S2,2,3,False,True,True,20.0,1111010101,,fff2f01e7abb7b21a09553a0741bd629f6a17cd5fe618f93ebeebd932bf650fe
SA-real-19200,S2,2,4,False,True,True,20.0,0101010101,,fff2f01e7abb7b21a09553a0741bd629f6a17cd5fe618f93ebeebd932bf650fe
SA-real-19200,S2,2,5,True,True,True,20.0,1111111111,,fff2f01e7abb7b21a09553a0741bd629f6a17cd5fe618f93ebeebd932bf650fe
SA-real-19200,S2,2,6,False,True,True,20.0,1101010101,,fff2f01e7abb7b21a09553a0741bd629f6a17cd5fe618f93ebeebd932bf650fe
SA-real-19200,S2,2,7,False,True,True,20.0,1101010101,,fff2f01e7abb7b21a09553a0741bd629f6a17cd5fe618f93ebeebd932bf650fe
SA-real-19200,S2,2,8,False,True,True,20.0,1101010101,,fff2f01e7abb7b21a09553a0741bd629f6a17cd5fe618f93ebeebd932bf650fe
SA-real-19200,S2,2,9,False,True,True,20.0,1111010101,,fff2f01e7abb7b21a09553a0741bd629f6a17cd5fe618f93ebeebd932bf650fe
SA-real-19200,S2,2,10,False,True,True,20.0,1101010101,,fff2f01e7abb7b21a09553a0741bd629f6a17cd5fe618f93ebeebd932bf650fe
SA-real-19200,S2,2,11,False,True,True,20.0,1101010101,,fff2f01e7abb7b21a09553a0741bd629f6a17cd5fe618f93ebeebd932bf650fe
SA-real-19200,S2,2,12,False,True,True,20.0,1101010101,,fff2f01e7abb7b21a09553a0741bd629f6a17cd5fe618f93ebeebd932bf650fe
SA-real-19200,S2,2,13,True,True,True,20.0,1111111111,,fff2f01e7abb7b21a09553a0741bd629f6a17cd5fe618f93ebeebd932bf650fe
SA-real-19200,S2,2,14,False,True,True,20.0,1101010101,,fff2f01e7abb7b21a09553a0741bd629f6a17cd5fe618f93ebeebd932bf650fe
SA-real-19200,S2,2,15,False,True,True,20.0,1101010101,,fff2f01e7abb7b21a09553a0741bd629f6a17cd5fe618f93ebeebd932bf650fe
SA-real-19200,S2,2,16,False,True,True,20.0,1101010101,,fff2f01e7abb7b21a09553a0741bd629f6a17cd5fe618f93ebeebd932bf650fe
SA-real-19200,S2,2,17,False,True,True,20.0,1101010101,,fff2f01e7abb7b21a09553a0741bd629f6a17cd5fe618f93ebeebd932bf650fe
SA-real-19200,S2,2,18,False,True,True,20.0,1111010101,,fff2f01e7abb7b21a09553a0741bd629f6a17cd5fe618f93ebeebd932bf650fe
SA-real-19200,S2,2,19,False,True,True,20.0,1101010101,,fff2f01e7abb7b21a09553a0741bd629f6a17cd5fe618f93ebeebd932bf650fe
SA-real-19200,S2,2,20,False,True,True,20.0,1101010101,,fff2f01e7abb7b21a09553a0741bd629f6a17cd5fe618f93ebeebd932bf650fe
SA-real-19200,S2,2,21,False,True,True,20.0,1101010101,,fff2f01e7abb7b21a09553a0741bd629f6a17cd5fe618f93ebeebd932bf650fe
SA-real-19200,S2,2,22,False,True,True,20.0,1101010101,,fff2f01e7abb7b21a09553a0741bd629f6a17cd5fe618f93ebeebd932bf650fe
SA-real-19200,S2,2,23,False,True,True,20.0,0101010101,,fff2f01e7abb7b21a09553a0741bd629f6a17cd5fe618f93ebeebd932bf650fe
SA-real-19200,S2,2,24,False,True,True,20.0,1111010101,,fff2f01e7abb7b21a09553a0741bd629f6a17cd5fe618f93ebeebd932bf650fe
SA-real-19200,S2,2,25,False,True,True,20.0,0101010101,,fff2f01e7abb7b21a09553a0741bd629f6a17cd5fe618f93ebeebd932bf650fe
SA-real-19200,S2,2,26,False,True,True,20.0,0111111111,,fff2f01e7abb7b21a09553a0741bd629f6a17cd5fe618f93ebeebd932bf650fe
SA-real-19200,S2,2,27,False,True,True,20.0,0101010101,,fff2f01e7abb7b21a09553a0741bd629f6a17cd5fe618f93ebeebd932bf650fe
SA-real-19200,S2,2,28,False,True,True,20.0,1111010101,,fff2f01e7abb7b21a09553a0741bd629f6a17cd5fe618f93ebeebd932bf650fe
SA-real-19200,S2,2,29,False,True,True,20.0,1101010101,,fff2f01e7abb7b21a09553a0741bd629f6a17cd5fe618f93ebeebd932bf650fe
SA-real-19200,S2,2,30,False,True,True,20.0,1111010101,,fff2f01e7abb7b21a09553a0741bd629f6a17cd5fe618f93ebeebd932bf650fe
SA-real-19200,S2,2,31,False,True,True,20.0,1101010101,,fff2f01e7abb7b21a09553a0741bd629f6a17cd5fe618f93ebeebd932bf650fe
SA-real-19200,S2,3,0,True,True,True,20.0,1111111111,,fff2f01e7abb7b21a09553a0741bd629f6a17cd5fe618f93ebeebd932bf650fe
SA-real-19200,S2,3,1,True,True,True,20.0,1111111111,,fff2f01e7abb7b21a09553a0741bd629f6a17cd5fe618f93ebeebd932bf650fe
SA-real-19200,S2,3,2,True,True,True,20.0,1111111111,,fff2f01e7abb7b21a09553a0741bd629f6a17cd5fe618f93ebeebd932bf650fe
SA-real-19200,S2,3,3,True,True,True,20.0,1111111111,,fff2f01e7abb7b21a09553a0741bd629f6a17cd5fe618f93ebeebd932bf650fe
SA-real-19200,S2,3,4,True,True,True,20.0,1111111111,,fff2f01e7abb7b21a09553a0741bd629f6a17cd5fe618f93ebeebd932bf650fe
SA-real-19200,S2,3,5,True,True,True,20.0,1111111111,,fff2f01e7abb7b21a09553a0741bd629f6a17cd5fe618f93ebeebd932bf650fe
SA-real-19200,S2,3,6,True,True,True,20.0,1111111111,,fff2f01e7abb7b21a09553a0741bd629f6a17cd5fe618f93ebeebd932bf650fe
SA-real-19200,S2,3,7,True,True,True,20.0,1111111111,,fff2f01e7abb7b21a09553a0741bd629f6a17cd5fe618f93ebeebd932bf650fe
SA-real-19200,S2,3,8,True,True,True,20.0,1111111111,,fff2f01e7abb7b21a09553a0741bd629f6a17cd5fe618f93ebeebd932bf650fe
SA-real-19200,S2,3,9,True,True,True,20.0,1111111111,,fff2f01e7abb7b21a09553a0741bd629f6a17cd5fe618f93ebeebd932bf650fe
SA-real-19200,S2,3,10,False,True,True,20.0,1101011111,,fff2f01e7abb7b21a09553a0741bd629f6a17cd5fe618f93ebeebd932bf650fe
SA-real-19200,S2,3,11,False,True,True,20.0,1111010101,,fff2f01e7abb7b21a09553a0741bd629f6a17cd5fe618f93ebeebd932bf650fe
SA-real-19200,S2,3,12,True,True,True,20.0,1111111111,,fff2f01e7abb7b21a09553a0741bd629f6a17cd5fe618f93ebeebd932bf650fe
SA-real-19200,S2,3,13,True,True,True,20.0,1111111111,,fff2f01e7abb7b21a09553a0741bd629f6a17cd5fe618f93ebeebd932bf650fe
SA-real-19200,S2,3,14,True,True,True,20.0,1111111111,,fff2f01e7abb7b21a09553a0741bd629f6a17cd5fe618f93ebeebd932bf650fe
SA-real-19200,S2,3,15,False,False,False,13.966666666666667,1101010100,,fff2f01e7abb7b21a09553a0741bd629f6a17cd5fe618f93ebeebd932bf650fe
SA-real-19200,S2,3,16,True,True,True,20.0,1111111111,,fff2f01e7abb7b21a09553a0741bd629f6a17cd5fe618f93ebeebd932bf650fe
SA-real-19200,S2,3,17,True,True,True,20.0,1111111111,,fff2f01e7abb7b21a09553a0741bd629f6a17cd5fe618f93ebeebd932bf650fe
SA-real-19200,S2,3,18,True,True,True,20.0,1111111111,,fff2f01e7abb7b21a09553a0741bd629f6a17cd5fe618f93ebeebd932bf650fe
SA-real-19200,S2,3,19,False,True,True,20.0,1101010101,,fff2f01e7abb7b21a09553a0741bd629f6a17cd5fe618f93ebeebd932bf650fe
SA-real-19200,S2,3,20,True,True,True,20.0,1111111111,,fff2f01e7abb7b21a09553a0741bd629f6a17cd5fe618f93ebeebd932bf650fe
SA-real-19200,S2,3,21,True,True,True,20.0,1111111111,,fff2f01e7abb7b21a09553a0741bd629f6a17cd5fe618f93ebeebd932bf650fe
SA-real-19200,S2,3,22,True,True,True,20.0,1111111111,,fff2f01e7abb7b21a09553a0741bd629f6a17cd5fe618f93ebeebd932bf650fe
SA-real-19200,S2,3,23,True,True,True,20.0,1111111111,,fff2f01e7abb7b21a09553a0741bd629f6a17cd5fe618f93ebeebd932bf650fe
SA-real-19200,S2,3,24,True,True,True,20.0,1111111111,,fff2f01e7abb7b21a09553a0741bd629f6a17cd5fe618f93ebeebd932bf650fe
SA-real-19200,S2,3,25,False,True,True,20.0,1111011111,,fff2f01e7abb7b21a09553a0741bd629f6a17cd5fe618f93ebeebd932bf650fe
SA-real-19200,S2,3,26,True,True,True,20.0,1111111111,,fff2f01e7abb7b21a09553a0741bd629f6a17cd5fe618f93ebeebd932bf650fe
SA-real-19200,S2,3,27,True,True,True,20.0,1111111111,,fff2f01e7abb7b21a09553a0741bd629f6a17cd5fe618f93ebeebd932bf650fe
SA-real-19200,S2,3,28,True,True,True,20.0,1111111111,,fff2f01e7abb7b21a09553a0741bd629f6a17cd5fe618f93ebeebd932bf650fe
SA-real-19200,S2,3,29,False,True,True,20.0,1111010111,,fff2f01e7abb7b21a09553a0741bd629f6a17cd5fe618f93ebeebd932bf650fe
SA-real-19200,S2,3,30,False,True,True,20.0,0101010101,,fff2f01e7abb7b21a09553a0741bd629f6a17cd5fe618f93ebeebd932bf650fe
SA-real-19200,S2,3,31,True,True,True,20.0,1111111111,,fff2f01e7abb7b21a09553a0741bd629f6a17cd5fe618f93ebeebd932bf650fe
SA-real-19200,S5,0,0,False,True,True,20.0,0101,,fff2f01e7abb7b21a09553a0741bd629f6a17cd5fe618f93ebeebd932bf650fe
SA-real-19200,S5,0,1,False,True,True,20.0,0111,,fff2f01e7abb7b21a09553a0741bd629f6a17cd5fe618f93ebeebd932bf650fe
SA-real-19200,S5,0,2,False,True,True,20.0,0111,,fff2f01e7abb7b21a09553a0741bd629f6a17cd5fe618f93ebeebd932bf650fe
SA-real-19200,S5,0,3,False,True,True,20.0,0101,,fff2f01e7abb7b21a09553a0741bd629f6a17cd5fe618f93ebeebd932bf650fe
SA-real-19200,S5,0,4,False,True,True,20.0,0111,,fff2f01e7abb7b21a09553a0741bd629f6a17cd5fe618f93ebeebd932bf650fe
SA-real-19200,S5,0,5,False,True,True,20.0,0111,,fff2f01e7abb7b21a09553a0741bd629f6a17cd5fe618f93ebeebd932bf650fe
SA-real-19200,S5,0,6,False,True,True,20.0,0111,,fff2f01e7abb7b21a09553a0741bd629f6a17cd5fe618f93ebeebd932bf650fe
SA-real-19200,S5,0,7,False,True,True,20.0,0101,,fff2f01e7abb7b21a09553a0741bd629f6a17cd5fe618f93ebeebd932bf650fe
SA-real-19200,S5,0,8,False,True,True,20.0,0111,,fff2f01e7abb7b21a09553a0741bd629f6a17cd5fe618f93ebeebd932bf650fe
SA-real-19200,S5,0,9,False,True,True,20.0,0101,,fff2f01e7abb7b21a09553a0741bd629f6a17cd5fe618f93ebeebd932bf650fe
SA-real-19200,S5,0,10,False,True,True,20.0,0111,,fff2f01e7abb7b21a09553a0741bd629f6a17cd5fe618f93ebeebd932bf650fe
SA-real-19200,S5,0,11,True,True,True,20.0,1111,,fff2f01e7abb7b21a09553a0741bd629f6a17cd5fe618f93ebeebd932bf650fe
SA-real-19200,S5,0,12,False,True,True,20.0,0101,,fff2f01e7abb7b21a09553a0741bd629f6a17cd5fe618f93ebeebd932bf650fe
SA-real-19200,S5,0,13,False,True,True,20.0,0101,,fff2f01e7abb7b21a09553a0741bd629f6a17cd5fe618f93ebeebd932bf650fe
SA-real-19200,S5,0,14,False,True,True,20.0,0101,,fff2f01e7abb7b21a09553a0741bd629f6a17cd5fe618f93ebeebd932bf650fe
SA-real-19200,S5,0,15,False,True,True,20.0,0101,,fff2f01e7abb7b21a09553a0741bd629f6a17cd5fe618f93ebeebd932bf650fe
SA-real-19200,S5,0,16,False,True,True,20.0,0101,,fff2f01e7abb7b21a09553a0741bd629f6a17cd5fe618f93ebeebd932bf650fe
SA-real-19200,S5,0,17,False,True,True,20.0,0101,,fff2f01e7abb7b21a09553a0741bd629f6a17cd5fe618f93ebeebd932bf650fe
SA-real-19200,S5,0,18,False,True,True,20.0,0101,,fff2f01e7abb7b21a09553a0741bd629f6a17cd5fe618f93ebeebd932bf650fe
SA-real-19200,S5,0,19,False,True,True,20.0,0101,,fff2f01e7abb7b21a09553a0741bd629f6a17cd5fe618f93ebeebd932bf650fe
SA-real-19200,S5,0,20,False,True,True,20.0,0111,,fff2f01e7abb7b21a09553a0741bd629f6a17cd5fe618f93ebeebd932bf650fe
SA-real-19200,S5,0,21,False,True,True,20.0,0111,,fff2f01e7abb7b21a09553a0741bd629f6a17cd5fe618f93ebeebd932bf650fe
SA-real-19200,S5,0,22,False,True,True,20.0,1101,,fff2f01e7abb7b21a09553a0741bd629f6a17cd5fe618f93ebeebd932bf650fe
SA-real-19200,S5,0,23,True,True,True,20.0,1111,,fff2f01e7abb7b21a09553a0741bd629f6a17cd5fe618f93ebeebd932bf650fe
SA-real-19200,S5,0,24,False,True,True,20.0,0101,,fff2f01e7abb7b21a09553a0741bd629f6a17cd5fe618f93ebeebd932bf650fe
SA-real-19200,S5,0,25,False,True,True,20.0,0111,,fff2f01e7abb7b21a09553a0741bd629f6a17cd5fe618f93ebeebd932bf650fe
SA-real-19200,S5,0,26,False,True,True,20.0,1101,,fff2f01e7abb7b21a09553a0741bd629f6a17cd5fe618f93ebeebd932bf650fe
SA-real-19200,S5,0,27,False,True,True,20.0,0101,,fff2f01e7abb7b21a09553a0741bd629f6a17cd5fe618f93ebeebd932bf650fe
SA-real-19200,S5,0,28,False,True,True,20.0,0101,,fff2f01e7abb7b21a09553a0741bd629f6a17cd5fe618f93ebeebd932bf650fe
SA-real-19200,S5,0,29,False,True,True,20.0,0101,,fff2f01e7abb7b21a09553a0741bd629f6a17cd5fe618f93ebeebd932bf650fe
SA-real-19200,S5,0,30,False,True,True,20.0,0101,,fff2f01e7abb7b21a09553a0741bd629f6a17cd5fe618f93ebeebd932bf650fe
SA-real-19200,S5,0,31,False,True,True,20.0,0101,,fff2f01e7abb7b21a09553a0741bd629f6a17cd5fe618f93ebeebd932bf650fe
SA-real-19200,S5,1,0,False,True,True,20.0,1101,,fff2f01e7abb7b21a09553a0741bd629f6a17cd5fe618f93ebeebd932bf650fe
SA-real-19200,S5,1,1,True,True,True,20.0,1111,,fff2f01e7abb7b21a09553a0741bd629f6a17cd5fe618f93ebeebd932bf650fe
SA-real-19200,S5,1,2,False,True,True,20.0,1101,,fff2f01e7abb7b21a09553a0741bd629f6a17cd5fe618f93ebeebd932bf650fe
SA-real-19200,S5,1,3,False,True,True,20.0,1101,,fff2f01e7abb7b21a09553a0741bd629f6a17cd5fe618f93ebeebd932bf650fe
SA-real-19200,S5,1,4,False,True,True,20.0,1101,,fff2f01e7abb7b21a09553a0741bd629f6a17cd5fe618f93ebeebd932bf650fe
SA-real-19200,S5,1,5,False,True,True,20.0,1101,,fff2f01e7abb7b21a09553a0741bd629f6a17cd5fe618f93ebeebd932bf650fe
SA-real-19200,S5,1,6,False,True,True,20.0,1101,,fff2f01e7abb7b21a09553a0741bd629f6a17cd5fe618f93ebeebd932bf650fe
SA-real-19200,S5,1,7,True,True,True,20.0,1111,,fff2f01e7abb7b21a09553a0741bd629f6a17cd5fe618f93ebeebd932bf650fe
SA-real-19200,S5,1,8,True,True,True,20.0,1111,,fff2f01e7abb7b21a09553a0741bd629f6a17cd5fe618f93ebeebd932bf650fe
SA-real-19200,S5,1,9,False,True,True,20.0,1101,,fff2f01e7abb7b21a09553a0741bd629f6a17cd5fe618f93ebeebd932bf650fe
SA-real-19200,S5,1,10,False,True,True,20.0,1101,,fff2f01e7abb7b21a09553a0741bd629f6a17cd5fe618f93ebeebd932bf650fe
SA-real-19200,S5,1,11,True,True,True,20.0,1111,,fff2f01e7abb7b21a09553a0741bd629f6a17cd5fe618f93ebeebd932bf650fe
SA-real-19200,S5,1,12,True,True,True,20.0,1111,,fff2f01e7abb7b21a09553a0741bd629f6a17cd5fe618f93ebeebd932bf650fe
SA-real-19200,S5,1,13,True,True,True,20.0,1111,,fff2f01e7abb7b21a09553a0741bd629f6a17cd5fe618f93ebeebd932bf650fe
SA-real-19200,S5,1,14,False,True,True,20.0,1101,,fff2f01e7abb7b21a09553a0741bd629f6a17cd5fe618f93ebeebd932bf650fe
SA-real-19200,S5,1,15,False,True,True,20.0,1101,,fff2f01e7abb7b21a09553a0741bd629f6a17cd5fe618f93ebeebd932bf650fe
SA-real-19200,S5,1,16,False,True,True,20.0,1101,,fff2f01e7abb7b21a09553a0741bd629f6a17cd5fe618f93ebeebd932bf650fe
SA-real-19200,S5,1,17,False,True,True,20.0,1101,,fff2f01e7abb7b21a09553a0741bd629f6a17cd5fe618f93ebeebd932bf650fe
SA-real-19200,S5,1,18,True,True,True,20.0,1111,,fff2f01e7abb7b21a09553a0741bd629f6a17cd5fe618f93ebeebd932bf650fe
SA-real-19200,S5,1,19,True,True,True,20.0,1111,,fff2f01e7abb7b21a09553a0741bd629f6a17cd5fe618f93ebeebd932bf650fe
SA-real-19200,S5,1,20,True,True,True,20.0,1111,,fff2f01e7abb7b21a09553a0741bd629f6a17cd5fe618f93ebeebd932bf650fe
SA-real-19200,S5,1,21,False,True,True,20.0,1101,,fff2f01e7abb7b21a09553a0741bd629f6a17cd5fe618f93ebeebd932bf650fe
SA-real-19200,S5,1,22,False,True,True,20.0,1101,,fff2f01e7abb7b21a09553a0741bd629f6a17cd5fe618f93ebeebd932bf650fe
SA-real-19200,S5,1,23,True,True,True,20.0,1111,,fff2f01e7abb7b21a09553a0741bd629f6a17cd5fe618f93ebeebd932bf650fe
SA-real-19200,S5,1,24,True,True,True,20.0,1111,,fff2f01e7abb7b21a09553a0741bd629f6a17cd5fe618f93ebeebd932bf650fe
SA-real-19200,S5,1,25,True,True,True,20.0,1111,,fff2f01e7abb7b21a09553a0741bd629f6a17cd5fe618f93ebeebd932bf650fe
SA-real-19200,S5,1,26,True,True,True,20.0,1111,,fff2f01e7abb7b21a09553a0741bd629f6a17cd5fe618f93ebeebd932bf650fe
SA-real-19200,S5,1,27,False,True,True,20.0,0101,,fff2f01e7abb7b21a09553a0741bd629f6a17cd5fe618f93ebeebd932bf650fe
SA-real-19200,S5,1,28,False,True,True,20.0,1101,,fff2f01e7abb7b21a09553a0741bd629f6a17cd5fe618f93ebeebd932bf650fe
SA-real-19200,S5,1,29,False,True,True,20.0,1101,,fff2f01e7abb7b21a09553a0741bd629f6a17cd5fe618f93ebeebd932bf650fe
SA-real-19200,S5,1,30,False,True,True,20.0,1101,,fff2f01e7abb7b21a09553a0741bd629f6a17cd5fe618f93ebeebd932bf650fe
SA-real-19200,S5,1,31,False,True,True,20.0,1101,,fff2f01e7abb7b21a09553a0741bd629f6a17cd5fe618f93ebeebd932bf650fe
SA-real-19200,S5,2,0,False,True,True,20.0,1101,,fff2f01e7abb7b21a09553a0741bd629f6a17cd5fe618f93ebeebd932bf650fe
SA-real-19200,S5,2,1,False,True,True,20.0,1101,,fff2f01e7abb7b21a09553a0741bd629f6a17cd5fe618f93ebeebd932bf650fe
SA-real-19200,S5,2,2,False,True,True,20.0,1101,,fff2f01e7abb7b21a09553a0741bd629f6a17cd5fe618f93ebeebd932bf650fe
SA-real-19200,S5,2,3,False,True,True,20.0,1101,,fff2f01e7abb7b21a09553a0741bd629f6a17cd5fe618f93ebeebd932bf650fe
SA-real-19200,S5,2,4,False,True,True,20.0,1101,,fff2f01e7abb7b21a09553a0741bd629f6a17cd5fe618f93ebeebd932bf650fe
SA-real-19200,S5,2,5,False,True,True,20.0,1101,,fff2f01e7abb7b21a09553a0741bd629f6a17cd5fe618f93ebeebd932bf650fe
SA-real-19200,S5,2,6,False,True,True,20.0,1101,,fff2f01e7abb7b21a09553a0741bd629f6a17cd5fe618f93ebeebd932bf650fe
SA-real-19200,S5,2,7,False,True,True,20.0,1101,,fff2f01e7abb7b21a09553a0741bd629f6a17cd5fe618f93ebeebd932bf650fe
SA-real-19200,S5,2,8,False,True,True,20.0,1101,,fff2f01e7abb7b21a09553a0741bd629f6a17cd5fe618f93ebeebd932bf650fe
SA-real-19200,S5,2,9,True,True,True,20.0,1111,,fff2f01e7abb7b21a09553a0741bd629f6a17cd5fe618f93ebeebd932bf650fe
SA-real-19200,S5,2,10,False,True,True,20.0,1101,,fff2f01e7abb7b21a09553a0741bd629f6a17cd5fe618f93ebeebd932bf650fe
SA-real-19200,S5,2,11,False,True,True,20.0,1101,,fff2f01e7abb7b21a09553a0741bd629f6a17cd5fe618f93ebeebd932bf650fe
SA-real-19200,S5,2,12,False,True,True,20.0,0101,,fff2f01e7abb7b21a09553a0741bd629f6a17cd5fe618f93ebeebd932bf650fe
SA-real-19200,S5,2,13,False,True,True,20.0,1101,,fff2f01e7abb7b21a09553a0741bd629f6a17cd5fe618f93ebeebd932bf650fe
SA-real-19200,S5,2,14,False,True,True,20.0,1101,,fff2f01e7abb7b21a09553a0741bd629f6a17cd5fe618f93ebeebd932bf650fe
SA-real-19200,S5,2,15,False,True,True,20.0,1101,,fff2f01e7abb7b21a09553a0741bd629f6a17cd5fe618f93ebeebd932bf650fe
SA-real-19200,S5,2,16,False,True,True,20.0,1101,,fff2f01e7abb7b21a09553a0741bd629f6a17cd5fe618f93ebeebd932bf650fe
SA-real-19200,S5,2,17,False,True,True,20.0,1101,,fff2f01e7abb7b21a09553a0741bd629f6a17cd5fe618f93ebeebd932bf650fe
SA-real-19200,S5,2,18,False,True,True,20.0,1101,,fff2f01e7abb7b21a09553a0741bd629f6a17cd5fe618f93ebeebd932bf650fe
SA-real-19200,S5,2,19,False,True,True,20.0,1101,,fff2f01e7abb7b21a09553a0741bd629f6a17cd5fe618f93ebeebd932bf650fe
SA-real-19200,S5,2,20,False,True,True,20.0,1101,,fff2f01e7abb7b21a09553a0741bd629f6a17cd5fe618f93ebeebd932bf650fe
SA-real-19200,S5,2,21,False,True,True,20.0,1101,,fff2f01e7abb7b21a09553a0741bd629f6a17cd5fe618f93ebeebd932bf650fe
SA-real-19200,S5,2,22,False,True,True,20.0,1101,,fff2f01e7abb7b21a09553a0741bd629f6a17cd5fe618f93ebeebd932bf650fe
SA-real-19200,S5,2,23,False,True,True,20.0,0101,,fff2f01e7abb7b21a09553a0741bd629f6a17cd5fe618f93ebeebd932bf650fe
SA-real-19200,S5,2,24,False,True,True,20.0,1101,,fff2f01e7abb7b21a09553a0741bd629f6a17cd5fe618f93ebeebd932bf650fe
SA-real-19200,S5,2,25,False,True,True,20.0,1101,,fff2f01e7abb7b21a09553a0741bd629f6a17cd5fe618f93ebeebd932bf650fe
SA-real-19200,S5,2,26,False,True,True,20.0,1101,,fff2f01e7abb7b21a09553a0741bd629f6a17cd5fe618f93ebeebd932bf650fe
SA-real-19200,S5,2,27,False,True,True,20.0,0101,,fff2f01e7abb7b21a09553a0741bd629f6a17cd5fe618f93ebeebd932bf650fe
SA-real-19200,S5,2,28,False,True,True,20.0,1101,,fff2f01e7abb7b21a09553a0741bd629f6a17cd5fe618f93ebeebd932bf650fe
SA-real-19200,S5,2,29,False,True,True,20.0,1101,,fff2f01e7abb7b21a09553a0741bd629f6a17cd5fe618f93ebeebd932bf650fe
SA-real-19200,S5,2,30,False,True,True,20.0,1101,,fff2f01e7abb7b21a09553a0741bd629f6a17cd5fe618f93ebeebd932bf650fe
SA-real-19200,S5,2,31,False,True,True,20.0,1101,,fff2f01e7abb7b21a09553a0741bd629f6a17cd5fe618f93ebeebd932bf650fe
SA-real-19200,S5,3,0,True,True,True,20.0,1111,,fff2f01e7abb7b21a09553a0741bd629f6a17cd5fe618f93ebeebd932bf650fe
SA-real-19200,S5,3,1,False,True,True,20.0,0111,,fff2f01e7abb7b21a09553a0741bd629f6a17cd5fe618f93ebeebd932bf650fe
SA-real-19200,S5,3,2,True,True,True,20.0,1111,,fff2f01e7abb7b21a09553a0741bd629f6a17cd5fe618f93ebeebd932bf650fe
SA-real-19200,S5,3,3,True,True,True,20.0,1111,,fff2f01e7abb7b21a09553a0741bd629f6a17cd5fe618f93ebeebd932bf650fe
SA-real-19200,S5,3,4,False,True,True,20.0,0101,,fff2f01e7abb7b21a09553a0741bd629f6a17cd5fe618f93ebeebd932bf650fe
SA-real-19200,S5,3,5,False,True,True,20.0,0111,,fff2f01e7abb7b21a09553a0741bd629f6a17cd5fe618f93ebeebd932bf650fe
SA-real-19200,S5,3,6,True,True,True,20.0,1111,,fff2f01e7abb7b21a09553a0741bd629f6a17cd5fe618f93ebeebd932bf650fe
SA-real-19200,S5,3,7,False,True,True,20.0,1101,,fff2f01e7abb7b21a09553a0741bd629f6a17cd5fe618f93ebeebd932bf650fe
SA-real-19200,S5,3,8,False,True,True,20.0,0101,,fff2f01e7abb7b21a09553a0741bd629f6a17cd5fe618f93ebeebd932bf650fe
SA-real-19200,S5,3,9,True,True,True,20.0,1111,,fff2f01e7abb7b21a09553a0741bd629f6a17cd5fe618f93ebeebd932bf650fe
SA-real-19200,S5,3,10,True,True,True,20.0,1111,,fff2f01e7abb7b21a09553a0741bd629f6a17cd5fe618f93ebeebd932bf650fe
SA-real-19200,S5,3,11,True,True,True,20.0,1111,,fff2f01e7abb7b21a09553a0741bd629f6a17cd5fe618f93ebeebd932bf650fe
SA-real-19200,S5,3,12,True,True,True,20.0,1111,,fff2f01e7abb7b21a09553a0741bd629f6a17cd5fe618f93ebeebd932bf650fe
SA-real-19200,S5,3,13,True,True,True,20.0,1111,,fff2f01e7abb7b21a09553a0741bd629f6a17cd5fe618f93ebeebd932bf650fe
SA-real-19200,S5,3,14,True,True,True,20.0,1111,,fff2f01e7abb7b21a09553a0741bd629f6a17cd5fe618f93ebeebd932bf650fe
SA-real-19200,S5,3,15,False,False,False,12.166666666666666,0100,,fff2f01e7abb7b21a09553a0741bd629f6a17cd5fe618f93ebeebd932bf650fe
SA-real-19200,S5,3,16,True,True,True,20.0,1111,,fff2f01e7abb7b21a09553a0741bd629f6a17cd5fe618f93ebeebd932bf650fe
SA-real-19200,S5,3,17,True,True,True,20.0,1111,,fff2f01e7abb7b21a09553a0741bd629f6a17cd5fe618f93ebeebd932bf650fe
SA-real-19200,S5,3,18,True,True,True,20.0,1111,,fff2f01e7abb7b21a09553a0741bd629f6a17cd5fe618f93ebeebd932bf650fe
SA-real-19200,S5,3,19,False,True,True,20.0,1010,,fff2f01e7abb7b21a09553a0741bd629f6a17cd5fe618f93ebeebd932bf650fe
SA-real-19200,S5,3,20,False,True,True,20.0,0101,,fff2f01e7abb7b21a09553a0741bd629f6a17cd5fe618f93ebeebd932bf650fe
SA-real-19200,S5,3,21,True,True,True,20.0,1111,,fff2f01e7abb7b21a09553a0741bd629f6a17cd5fe618f93ebeebd932bf650fe
SA-real-19200,S5,3,22,True,True,True,20.0,1111,,fff2f01e7abb7b21a09553a0741bd629f6a17cd5fe618f93ebeebd932bf650fe
SA-real-19200,S5,3,23,True,True,True,20.0,1111,,fff2f01e7abb7b21a09553a0741bd629f6a17cd5fe618f93ebeebd932bf650fe
SA-real-19200,S5,3,24,False,True,True,20.0,0101,,fff2f01e7abb7b21a09553a0741bd629f6a17cd5fe618f93ebeebd932bf650fe
SA-real-19200,S5,3,25,False,True,True,20.0,1101,,fff2f01e7abb7b21a09553a0741bd629f6a17cd5fe618f93ebeebd932bf650fe
SA-real-19200,S5,3,26,False,True,True,20.0,0101,,fff2f01e7abb7b21a09553a0741bd629f6a17cd5fe618f93ebeebd932bf650fe
SA-real-19200,S5,3,27,True,True,True,20.0,1111,,fff2f01e7abb7b21a09553a0741bd629f6a17cd5fe618f93ebeebd932bf650fe
SA-real-19200,S5,3,28,True,True,True,20.0,1111,,fff2f01e7abb7b21a09553a0741bd629f6a17cd5fe618f93ebeebd932bf650fe
SA-real-19200,S5,3,29,True,True,True,20.0,1111,,fff2f01e7abb7b21a09553a0741bd629f6a17cd5fe618f93ebeebd932bf650fe
SA-real-19200,S5,3,30,False,False,False,15.3,0100,,fff2f01e7abb7b21a09553a0741bd629f6a17cd5fe618f93ebeebd932bf650fe
SA-real-19200,S5,3,31,True,True,True,20.0,1111,,fff2f01e7abb7b21a09553a0741bd629f6a17cd5fe618f93ebeebd932bf650fe
SA-real-19200,F,0,0,True,True,True,40.0,,10,fff2f01e7abb7b21a09553a0741bd629f6a17cd5fe618f93ebeebd932bf650fe
SA-real-19200,F,0,1,True,True,True,40.0,,10,fff2f01e7abb7b21a09553a0741bd629f6a17cd5fe618f93ebeebd932bf650fe
SA-real-19200,F,0,2,True,True,True,40.0,,10,fff2f01e7abb7b21a09553a0741bd629f6a17cd5fe618f93ebeebd932bf650fe
SA-real-19200,F,0,3,True,True,True,40.0,,10,fff2f01e7abb7b21a09553a0741bd629f6a17cd5fe618f93ebeebd932bf650fe
SA-real-19200,F,0,4,True,True,True,40.0,,10,fff2f01e7abb7b21a09553a0741bd629f6a17cd5fe618f93ebeebd932bf650fe
SA-real-19200,F,0,5,True,True,True,40.0,,10,fff2f01e7abb7b21a09553a0741bd629f6a17cd5fe618f93ebeebd932bf650fe
SA-real-19200,F,0,6,True,True,True,40.0,,10,fff2f01e7abb7b21a09553a0741bd629f6a17cd5fe618f93ebeebd932bf650fe
SA-real-19200,F,0,7,True,True,True,40.0,,10,fff2f01e7abb7b21a09553a0741bd629f6a17cd5fe618f93ebeebd932bf650fe
SA-real-19200,F,0,8,True,True,True,40.0,,10,fff2f01e7abb7b21a09553a0741bd629f6a17cd5fe618f93ebeebd932bf650fe
SA-real-19200,F,0,9,True,True,True,40.0,,10,fff2f01e7abb7b21a09553a0741bd629f6a17cd5fe618f93ebeebd932bf650fe
SA-real-19200,F,0,10,True,True,True,40.0,,10,fff2f01e7abb7b21a09553a0741bd629f6a17cd5fe618f93ebeebd932bf650fe
SA-real-19200,F,0,11,True,True,True,40.0,,10,fff2f01e7abb7b21a09553a0741bd629f6a17cd5fe618f93ebeebd932bf650fe
SA-real-19200,F,0,12,True,True,True,40.0,,10,fff2f01e7abb7b21a09553a0741bd629f6a17cd5fe618f93ebeebd932bf650fe
SA-real-19200,F,0,13,True,True,True,40.0,,10,fff2f01e7abb7b21a09553a0741bd629f6a17cd5fe618f93ebeebd932bf650fe
SA-real-19200,F,0,14,True,True,True,40.0,,10,fff2f01e7abb7b21a09553a0741bd629f6a17cd5fe618f93ebeebd932bf650fe
SA-real-19200,F,0,15,True,True,True,40.0,,10,fff2f01e7abb7b21a09553a0741bd629f6a17cd5fe618f93ebeebd932bf650fe
SA-real-19200,F,0,16,True,True,True,40.0,,10,fff2f01e7abb7b21a09553a0741bd629f6a17cd5fe618f93ebeebd932bf650fe
SA-real-19200,F,0,17,True,True,True,40.0,,10,fff2f01e7abb7b21a09553a0741bd629f6a17cd5fe618f93ebeebd932bf650fe
SA-real-19200,F,0,18,True,True,True,40.0,,10,fff2f01e7abb7b21a09553a0741bd629f6a17cd5fe618f93ebeebd932bf650fe
SA-real-19200,F,0,19,True,True,True,40.0,,10,fff2f01e7abb7b21a09553a0741bd629f6a17cd5fe618f93ebeebd932bf650fe
SA-real-19200,F,0,20,True,True,True,40.0,,10,fff2f01e7abb7b21a09553a0741bd629f6a17cd5fe618f93ebeebd932bf650fe
SA-real-19200,F,0,21,True,True,True,40.0,,10,fff2f01e7abb7b21a09553a0741bd629f6a17cd5fe618f93ebeebd932bf650fe
SA-real-19200,F,0,22,True,True,True,40.0,,10,fff2f01e7abb7b21a09553a0741bd629f6a17cd5fe618f93ebeebd932bf650fe
SA-real-19200,F,0,23,True,True,True,40.0,,10,fff2f01e7abb7b21a09553a0741bd629f6a17cd5fe618f93ebeebd932bf650fe
SA-real-19200,F,0,24,True,True,True,40.0,,10,fff2f01e7abb7b21a09553a0741bd629f6a17cd5fe618f93ebeebd932bf650fe
SA-real-19200,F,0,25,True,True,True,40.0,,10,fff2f01e7abb7b21a09553a0741bd629f6a17cd5fe618f93ebeebd932bf650fe
SA-real-19200,F,0,26,True,True,True,40.0,,10,fff2f01e7abb7b21a09553a0741bd629f6a17cd5fe618f93ebeebd932bf650fe
SA-real-19200,F,0,27,True,True,True,40.0,,10,fff2f01e7abb7b21a09553a0741bd629f6a17cd5fe618f93ebeebd932bf650fe
SA-real-19200,F,0,28,True,True,True,40.0,,10,fff2f01e7abb7b21a09553a0741bd629f6a17cd5fe618f93ebeebd932bf650fe
SA-real-19200,F,0,29,True,True,True,40.0,,10,fff2f01e7abb7b21a09553a0741bd629f6a17cd5fe618f93ebeebd932bf650fe
SA-real-19200,F,0,30,True,True,True,40.0,,10,fff2f01e7abb7b21a09553a0741bd629f6a17cd5fe618f93ebeebd932bf650fe
SA-real-19200,F,0,31,True,True,True,40.0,,10,fff2f01e7abb7b21a09553a0741bd629f6a17cd5fe618f93ebeebd932bf650fe
SA-real-19200,F,1,0,True,False,True,18.566666666666666,,10,fff2f01e7abb7b21a09553a0741bd629f6a17cd5fe618f93ebeebd932bf650fe
SA-real-19200,F,1,1,True,False,True,26.433333333333334,,10,fff2f01e7abb7b21a09553a0741bd629f6a17cd5fe618f93ebeebd932bf650fe
SA-real-19200,F,1,2,True,False,True,30.666666666666668,,9,fff2f01e7abb7b21a09553a0741bd629f6a17cd5fe618f93ebeebd932bf650fe
SA-real-19200,F,1,3,True,False,True,34.56666666666667,,9,fff2f01e7abb7b21a09553a0741bd629f6a17cd5fe618f93ebeebd932bf650fe
SA-real-19200,F,1,4,True,False,True,22.733333333333334,,9,fff2f01e7abb7b21a09553a0741bd629f6a17cd5fe618f93ebeebd932bf650fe
SA-real-19200,F,1,5,True,False,True,22.566666666666666,,10,fff2f01e7abb7b21a09553a0741bd629f6a17cd5fe618f93ebeebd932bf650fe
SA-real-19200,F,1,6,True,True,True,40.0,,9,fff2f01e7abb7b21a09553a0741bd629f6a17cd5fe618f93ebeebd932bf650fe
SA-real-19200,F,1,7,True,True,True,40.0,,9,fff2f01e7abb7b21a09553a0741bd629f6a17cd5fe618f93ebeebd932bf650fe
SA-real-19200,F,1,8,True,True,True,40.0,,9,fff2f01e7abb7b21a09553a0741bd629f6a17cd5fe618f93ebeebd932bf650fe
SA-real-19200,F,1,9,True,False,True,30.866666666666667,,9,fff2f01e7abb7b21a09553a0741bd629f6a17cd5fe618f93ebeebd932bf650fe
SA-real-19200,F,1,10,True,False,True,38.666666666666664,,9,fff2f01e7abb7b21a09553a0741bd629f6a17cd5fe618f93ebeebd932bf650fe
SA-real-19200,F,1,11,True,False,True,30.766666666666666,,9,fff2f01e7abb7b21a09553a0741bd629f6a17cd5fe618f93ebeebd932bf650fe
SA-real-19200,F,1,12,True,True,True,40.0,,9,fff2f01e7abb7b21a09553a0741bd629f6a17cd5fe618f93ebeebd932bf650fe
SA-real-19200,F,1,13,True,False,True,14.6,,9,fff2f01e7abb7b21a09553a0741bd629f6a17cd5fe618f93ebeebd932bf650fe
SA-real-19200,F,1,14,True,False,True,18.566666666666666,,10,fff2f01e7abb7b21a09553a0741bd629f6a17cd5fe618f93ebeebd932bf650fe
SA-real-19200,F,1,15,True,False,True,22.666666666666668,,9,fff2f01e7abb7b21a09553a0741bd629f6a17cd5fe618f93ebeebd932bf650fe
SA-real-19200,F,1,16,True,False,True,22.7,,9,fff2f01e7abb7b21a09553a0741bd629f6a17cd5fe618f93ebeebd932bf650fe
SA-real-19200,F,1,17,True,False,True,26.566666666666666,,10,fff2f01e7abb7b21a09553a0741bd629f6a17cd5fe618f93ebeebd932bf650fe
SA-real-19200,F,1,18,True,False,True,18.766666666666666,,9,fff2f01e7abb7b21a09553a0741bd629f6a17cd5fe618f93ebeebd932bf650fe
SA-real-19200,F,1,19,True,False,True,34.6,,10,fff2f01e7abb7b21a09553a0741bd629f6a17cd5fe618f93ebeebd932bf650fe
SA-real-19200,F,1,20,True,False,True,34.766666666666666,,9,fff2f01e7abb7b21a09553a0741bd629f6a17cd5fe618f93ebeebd932bf650fe
SA-real-19200,F,1,21,True,False,True,22.6,,10,fff2f01e7abb7b21a09553a0741bd629f6a17cd5fe618f93ebeebd932bf650fe
SA-real-19200,F,1,22,True,False,True,22.6,,9,fff2f01e7abb7b21a09553a0741bd629f6a17cd5fe618f93ebeebd932bf650fe
SA-real-19200,F,1,23,True,False,True,34.666666666666664,,9,fff2f01e7abb7b21a09553a0741bd629f6a17cd5fe618f93ebeebd932bf650fe
SA-real-19200,F,1,24,True,False,True,26.466666666666665,,10,fff2f01e7abb7b21a09553a0741bd629f6a17cd5fe618f93ebeebd932bf650fe
SA-real-19200,F,1,25,True,False,True,26.533333333333335,,10,fff2f01e7abb7b21a09553a0741bd629f6a17cd5fe618f93ebeebd932bf650fe
SA-real-19200,F,1,26,True,False,True,22.466666666666665,,10,fff2f01e7abb7b21a09553a0741bd629f6a17cd5fe618f93ebeebd932bf650fe
SA-real-19200,F,1,27,True,False,True,22.766666666666666,,9,fff2f01e7abb7b21a09553a0741bd629f6a17cd5fe618f93ebeebd932bf650fe
SA-real-19200,F,1,28,True,True,True,40.0,,9,fff2f01e7abb7b21a09553a0741bd629f6a17cd5fe618f93ebeebd932bf650fe
SA-real-19200,F,1,29,True,False,True,25.366666666666667,,9,fff2f01e7abb7b21a09553a0741bd629f6a17cd5fe618f93ebeebd932bf650fe
SA-real-19200,F,1,30,True,False,True,18.7,,9,fff2f01e7abb7b21a09553a0741bd629f6a17cd5fe618f93ebeebd932bf650fe
SA-real-19200,F,1,31,True,False,True,18.466666666666665,,10,fff2f01e7abb7b21a09553a0741bd629f6a17cd5fe618f93ebeebd932bf650fe
SA-real-19200,F,2,0,True,True,True,40.0,,9,fff2f01e7abb7b21a09553a0741bd629f6a17cd5fe618f93ebeebd932bf650fe
SA-real-19200,F,2,1,True,True,True,40.0,,9,fff2f01e7abb7b21a09553a0741bd629f6a17cd5fe618f93ebeebd932bf650fe
SA-real-19200,F,2,2,True,True,True,40.0,,9,fff2f01e7abb7b21a09553a0741bd629f6a17cd5fe618f93ebeebd932bf650fe
SA-real-19200,F,2,3,True,True,True,40.0,,9,fff2f01e7abb7b21a09553a0741bd629f6a17cd5fe618f93ebeebd932bf650fe
SA-real-19200,F,2,4,True,True,True,40.0,,9,fff2f01e7abb7b21a09553a0741bd629f6a17cd5fe618f93ebeebd932bf650fe
SA-real-19200,F,2,5,True,True,True,40.0,,10,fff2f01e7abb7b21a09553a0741bd629f6a17cd5fe618f93ebeebd932bf650fe
SA-real-19200,F,2,6,True,True,True,40.0,,9,fff2f01e7abb7b21a09553a0741bd629f6a17cd5fe618f93ebeebd932bf650fe
SA-real-19200,F,2,7,True,True,True,40.0,,9,fff2f01e7abb7b21a09553a0741bd629f6a17cd5fe618f93ebeebd932bf650fe
SA-real-19200,F,2,8,True,True,True,40.0,,9,fff2f01e7abb7b21a09553a0741bd629f6a17cd5fe618f93ebeebd932bf650fe
SA-real-19200,F,2,9,True,True,True,40.0,,9,fff2f01e7abb7b21a09553a0741bd629f6a17cd5fe618f93ebeebd932bf650fe
SA-real-19200,F,2,10,True,True,True,40.0,,9,fff2f01e7abb7b21a09553a0741bd629f6a17cd5fe618f93ebeebd932bf650fe
SA-real-19200,F,2,11,True,True,True,40.0,,9,fff2f01e7abb7b21a09553a0741bd629f6a17cd5fe618f93ebeebd932bf650fe
SA-real-19200,F,2,12,True,True,True,40.0,,9,fff2f01e7abb7b21a09553a0741bd629f6a17cd5fe618f93ebeebd932bf650fe
SA-real-19200,F,2,13,True,True,True,40.0,,9,fff2f01e7abb7b21a09553a0741bd629f6a17cd5fe618f93ebeebd932bf650fe
SA-real-19200,F,2,14,True,True,True,40.0,,9,fff2f01e7abb7b21a09553a0741bd629f6a17cd5fe618f93ebeebd932bf650fe
SA-real-19200,F,2,15,True,True,True,40.0,,9,fff2f01e7abb7b21a09553a0741bd629f6a17cd5fe618f93ebeebd932bf650fe
SA-real-19200,F,2,16,True,True,True,40.0,,9,fff2f01e7abb7b21a09553a0741bd629f6a17cd5fe618f93ebeebd932bf650fe
SA-real-19200,F,2,17,True,True,True,40.0,,9,fff2f01e7abb7b21a09553a0741bd629f6a17cd5fe618f93ebeebd932bf650fe
SA-real-19200,F,2,18,True,True,True,40.0,,9,fff2f01e7abb7b21a09553a0741bd629f6a17cd5fe618f93ebeebd932bf650fe
SA-real-19200,F,2,19,True,True,True,40.0,,9,fff2f01e7abb7b21a09553a0741bd629f6a17cd5fe618f93ebeebd932bf650fe
SA-real-19200,F,2,20,True,True,True,40.0,,9,fff2f01e7abb7b21a09553a0741bd629f6a17cd5fe618f93ebeebd932bf650fe
SA-real-19200,F,2,21,True,True,True,40.0,,9,fff2f01e7abb7b21a09553a0741bd629f6a17cd5fe618f93ebeebd932bf650fe
SA-real-19200,F,2,22,True,True,True,40.0,,9,fff2f01e7abb7b21a09553a0741bd629f6a17cd5fe618f93ebeebd932bf650fe
SA-real-19200,F,2,23,True,True,True,40.0,,9,fff2f01e7abb7b21a09553a0741bd629f6a17cd5fe618f93ebeebd932bf650fe
SA-real-19200,F,2,24,True,True,True,40.0,,9,fff2f01e7abb7b21a09553a0741bd629f6a17cd5fe618f93ebeebd932bf650fe
SA-real-19200,F,2,25,True,True,True,40.0,,9,fff2f01e7abb7b21a09553a0741bd629f6a17cd5fe618f93ebeebd932bf650fe
SA-real-19200,F,2,26,True,True,True,40.0,,9,fff2f01e7abb7b21a09553a0741bd629f6a17cd5fe618f93ebeebd932bf650fe
SA-real-19200,F,2,27,True,True,True,40.0,,9,fff2f01e7abb7b21a09553a0741bd629f6a17cd5fe618f93ebeebd932bf650fe
SA-real-19200,F,2,28,True,True,True,40.0,,9,fff2f01e7abb7b21a09553a0741bd629f6a17cd5fe618f93ebeebd932bf650fe
SA-real-19200,F,2,29,True,True,True,40.0,,9,fff2f01e7abb7b21a09553a0741bd629f6a17cd5fe618f93ebeebd932bf650fe
SA-real-19200,F,2,30,True,True,True,40.0,,9,fff2f01e7abb7b21a09553a0741bd629f6a17cd5fe618f93ebeebd932bf650fe
SA-real-19200,F,2,31,True,True,True,40.0,,9,fff2f01e7abb7b21a09553a0741bd629f6a17cd5fe618f93ebeebd932bf650fe
SA-real-19200,F,3,0,True,False,True,21.5,,4,fff2f01e7abb7b21a09553a0741bd629f6a17cd5fe618f93ebeebd932bf650fe
SA-real-19200,F,3,1,True,True,True,40.0,,10,fff2f01e7abb7b21a09553a0741bd629f6a17cd5fe618f93ebeebd932bf650fe
SA-real-19200,F,3,2,True,True,True,40.0,,10,fff2f01e7abb7b21a09553a0741bd629f6a17cd5fe618f93ebeebd932bf650fe
SA-real-19200,F,3,3,True,False,False,22.8,,5,fff2f01e7abb7b21a09553a0741bd629f6a17cd5fe618f93ebeebd932bf650fe
SA-real-19200,F,3,4,True,True,True,40.0,,10,fff2f01e7abb7b21a09553a0741bd629f6a17cd5fe618f93ebeebd932bf650fe
SA-real-19200,F,3,5,True,True,True,40.0,,10,fff2f01e7abb7b21a09553a0741bd629f6a17cd5fe618f93ebeebd932bf650fe
SA-real-19200,F,3,6,True,True,True,40.0,,10,fff2f01e7abb7b21a09553a0741bd629f6a17cd5fe618f93ebeebd932bf650fe
SA-real-19200,F,3,7,True,True,True,40.0,,10,fff2f01e7abb7b21a09553a0741bd629f6a17cd5fe618f93ebeebd932bf650fe
SA-real-19200,F,3,8,True,True,True,40.0,,10,fff2f01e7abb7b21a09553a0741bd629f6a17cd5fe618f93ebeebd932bf650fe
SA-real-19200,F,3,9,True,True,True,40.0,,10,fff2f01e7abb7b21a09553a0741bd629f6a17cd5fe618f93ebeebd932bf650fe
SA-real-19200,F,3,10,True,True,True,40.0,,10,fff2f01e7abb7b21a09553a0741bd629f6a17cd5fe618f93ebeebd932bf650fe
SA-real-19200,F,3,11,True,True,True,40.0,,10,fff2f01e7abb7b21a09553a0741bd629f6a17cd5fe618f93ebeebd932bf650fe
SA-real-19200,F,3,12,True,True,True,40.0,,10,fff2f01e7abb7b21a09553a0741bd629f6a17cd5fe618f93ebeebd932bf650fe
SA-real-19200,F,3,13,True,True,True,40.0,,10,fff2f01e7abb7b21a09553a0741bd629f6a17cd5fe618f93ebeebd932bf650fe
SA-real-19200,F,3,14,True,True,True,40.0,,10,fff2f01e7abb7b21a09553a0741bd629f6a17cd5fe618f93ebeebd932bf650fe
SA-real-19200,F,3,15,True,False,False,8.8,,2,fff2f01e7abb7b21a09553a0741bd629f6a17cd5fe618f93ebeebd932bf650fe
SA-real-19200,F,3,16,True,True,True,40.0,,10,fff2f01e7abb7b21a09553a0741bd629f6a17cd5fe618f93ebeebd932bf650fe
SA-real-19200,F,3,17,True,True,True,40.0,,10,fff2f01e7abb7b21a09553a0741bd629f6a17cd5fe618f93ebeebd932bf650fe
SA-real-19200,F,3,18,True,True,True,40.0,,10,fff2f01e7abb7b21a09553a0741bd629f6a17cd5fe618f93ebeebd932bf650fe
SA-real-19200,F,3,19,True,True,True,40.0,,10,fff2f01e7abb7b21a09553a0741bd629f6a17cd5fe618f93ebeebd932bf650fe
SA-real-19200,F,3,20,True,True,True,40.0,,10,fff2f01e7abb7b21a09553a0741bd629f6a17cd5fe618f93ebeebd932bf650fe
SA-real-19200,F,3,21,True,True,True,40.0,,10,fff2f01e7abb7b21a09553a0741bd629f6a17cd5fe618f93ebeebd932bf650fe
SA-real-19200,F,3,22,True,True,True,40.0,,10,fff2f01e7abb7b21a09553a0741bd629f6a17cd5fe618f93ebeebd932bf650fe
SA-real-19200,F,3,23,True,True,True,40.0,,10,fff2f01e7abb7b21a09553a0741bd629f6a17cd5fe618f93ebeebd932bf650fe
SA-real-19200,F,3,24,True,True,True,40.0,,10,fff2f01e7abb7b21a09553a0741bd629f6a17cd5fe618f93ebeebd932bf650fe
SA-real-19200,F,3,25,True,True,True,40.0,,10,fff2f01e7abb7b21a09553a0741bd629f6a17cd5fe618f93ebeebd932bf650fe
SA-real-19200,F,3,26,True,True,True,40.0,,10,fff2f01e7abb7b21a09553a0741bd629f6a17cd5fe618f93ebeebd932bf650fe
SA-real-19200,F,3,27,True,True,True,40.0,,10,fff2f01e7abb7b21a09553a0741bd629f6a17cd5fe618f93ebeebd932bf650fe
SA-real-19200,F,3,28,True,True,True,40.0,,10,fff2f01e7abb7b21a09553a0741bd629f6a17cd5fe618f93ebeebd932bf650fe
SA-real-19200,F,3,29,True,True,True,40.0,,10,fff2f01e7abb7b21a09553a0741bd629f6a17cd5fe618f93ebeebd932bf650fe
SA-real-19200,F,3,30,True,True,True,40.0,,10,fff2f01e7abb7b21a09553a0741bd629f6a17cd5fe618f93ebeebd932bf650fe
SA-real-19200,F,3,31,True,True,True,40.0,,10,fff2f01e7abb7b21a09553a0741bd629f6a17cd5fe618f93ebeebd932bf650fe
SC-real-19200,S2,0,0,False,True,True,20.0,0101010101,,fff2f01e7abb7b21a09553a0741bd629f6a17cd5fe618f93ebeebd932bf650fe
SC-real-19200,S2,0,1,False,True,True,20.0,0111111111,,fff2f01e7abb7b21a09553a0741bd629f6a17cd5fe618f93ebeebd932bf650fe
SC-real-19200,S2,0,2,False,True,True,20.0,0111011111,,fff2f01e7abb7b21a09553a0741bd629f6a17cd5fe618f93ebeebd932bf650fe
SC-real-19200,S2,0,3,True,True,True,20.0,1111111111,,fff2f01e7abb7b21a09553a0741bd629f6a17cd5fe618f93ebeebd932bf650fe
SC-real-19200,S2,0,4,True,True,True,20.0,1111111111,,fff2f01e7abb7b21a09553a0741bd629f6a17cd5fe618f93ebeebd932bf650fe
SC-real-19200,S2,0,5,False,True,True,20.0,0111111111,,fff2f01e7abb7b21a09553a0741bd629f6a17cd5fe618f93ebeebd932bf650fe
SC-real-19200,S2,0,6,False,True,True,20.0,0101010101,,fff2f01e7abb7b21a09553a0741bd629f6a17cd5fe618f93ebeebd932bf650fe
SC-real-19200,S2,0,7,False,True,True,20.0,0101011111,,fff2f01e7abb7b21a09553a0741bd629f6a17cd5fe618f93ebeebd932bf650fe
SC-real-19200,S2,0,8,False,True,True,20.0,0101111111,,fff2f01e7abb7b21a09553a0741bd629f6a17cd5fe618f93ebeebd932bf650fe
SC-real-19200,S2,0,9,False,True,True,20.0,0101011111,,fff2f01e7abb7b21a09553a0741bd629f6a17cd5fe618f93ebeebd932bf650fe
SC-real-19200,S2,0,10,False,True,True,20.0,0101010101,,fff2f01e7abb7b21a09553a0741bd629f6a17cd5fe618f93ebeebd932bf650fe
SC-real-19200,S2,0,11,False,True,True,20.0,0111111111,,fff2f01e7abb7b21a09553a0741bd629f6a17cd5fe618f93ebeebd932bf650fe
SC-real-19200,S2,0,12,False,True,True,20.0,0101110101,,fff2f01e7abb7b21a09553a0741bd629f6a17cd5fe618f93ebeebd932bf650fe
SC-real-19200,S2,0,13,False,True,True,20.0,0101010101,,fff2f01e7abb7b21a09553a0741bd629f6a17cd5fe618f93ebeebd932bf650fe
SC-real-19200,S2,0,14,False,True,True,20.0,0111111111,,fff2f01e7abb7b21a09553a0741bd629f6a17cd5fe618f93ebeebd932bf650fe
SC-real-19200,S2,0,15,False,True,True,20.0,0111011111,,fff2f01e7abb7b21a09553a0741bd629f6a17cd5fe618f93ebeebd932bf650fe
SC-real-19200,S2,0,16,False,True,True,20.0,0101010111,,fff2f01e7abb7b21a09553a0741bd629f6a17cd5fe618f93ebeebd932bf650fe
SC-real-19200,S2,0,17,True,True,True,20.0,1111111111,,fff2f01e7abb7b21a09553a0741bd629f6a17cd5fe618f93ebeebd932bf650fe
SC-real-19200,S2,0,18,False,True,True,20.0,0101010111,,fff2f01e7abb7b21a09553a0741bd629f6a17cd5fe618f93ebeebd932bf650fe
SC-real-19200,S2,0,19,False,True,True,20.0,0111111111,,fff2f01e7abb7b21a09553a0741bd629f6a17cd5fe618f93ebeebd932bf650fe
SC-real-19200,S2,0,20,False,True,True,20.0,0101010101,,fff2f01e7abb7b21a09553a0741bd629f6a17cd5fe618f93ebeebd932bf650fe
SC-real-19200,S2,0,21,False,True,True,20.0,0111111111,,fff2f01e7abb7b21a09553a0741bd629f6a17cd5fe618f93ebeebd932bf650fe
SC-real-19200,S2,0,22,True,True,True,20.0,1111111111,,fff2f01e7abb7b21a09553a0741bd629f6a17cd5fe618f93ebeebd932bf650fe
SC-real-19200,S2,0,23,True,True,True,20.0,1111111111,,fff2f01e7abb7b21a09553a0741bd629f6a17cd5fe618f93ebeebd932bf650fe
SC-real-19200,S2,0,24,False,True,True,20.0,0111111111,,fff2f01e7abb7b21a09553a0741bd629f6a17cd5fe618f93ebeebd932bf650fe
SC-real-19200,S2,0,25,False,True,True,20.0,0101011111,,fff2f01e7abb7b21a09553a0741bd629f6a17cd5fe618f93ebeebd932bf650fe
SC-real-19200,S2,0,26,True,True,True,20.0,1111111111,,fff2f01e7abb7b21a09553a0741bd629f6a17cd5fe618f93ebeebd932bf650fe
SC-real-19200,S2,0,27,False,True,True,20.0,0111111111,,fff2f01e7abb7b21a09553a0741bd629f6a17cd5fe618f93ebeebd932bf650fe
SC-real-19200,S2,0,28,False,True,True,20.0,0101010111,,fff2f01e7abb7b21a09553a0741bd629f6a17cd5fe618f93ebeebd932bf650fe
SC-real-19200,S2,0,29,False,True,True,20.0,0111111111,,fff2f01e7abb7b21a09553a0741bd629f6a17cd5fe618f93ebeebd932bf650fe
SC-real-19200,S2,0,30,False,True,True,20.0,0101010101,,fff2f01e7abb7b21a09553a0741bd629f6a17cd5fe618f93ebeebd932bf650fe
SC-real-19200,S2,0,31,False,True,True,20.0,0101111101,,fff2f01e7abb7b21a09553a0741bd629f6a17cd5fe618f93ebeebd932bf650fe
SC-real-19200,S2,1,0,False,True,True,20.0,0101111111,,fff2f01e7abb7b21a09553a0741bd629f6a17cd5fe618f93ebeebd932bf650fe
SC-real-19200,S2,1,1,False,True,True,20.0,1111110111,,fff2f01e7abb7b21a09553a0741bd629f6a17cd5fe618f93ebeebd932bf650fe
SC-real-19200,S2,1,2,True,True,True,20.0,1111111111,,fff2f01e7abb7b21a09553a0741bd629f6a17cd5fe618f93ebeebd932bf650fe
SC-real-19200,S2,1,3,True,True,True,20.0,1111111111,,fff2f01e7abb7b21a09553a0741bd629f6a17cd5fe618f93ebeebd932bf650fe
SC-real-19200,S2,1,4,False,True,True,20.0,0111111111,,fff2f01e7abb7b21a09553a0741bd629f6a17cd5fe618f93ebeebd932bf650fe
SC-real-19200,S2,1,5,True,True,True,20.0,1111111111,,fff2f01e7abb7b21a09553a0741bd629f6a17cd5fe618f93ebeebd932bf650fe
SC-real-19200,S2,1,6,True,True,True,20.0,1111111111,,fff2f01e7abb7b21a09553a0741bd629f6a17cd5fe618f93ebeebd932bf650fe
SC-real-19200,S2,1,7,True,True,True,20.0,1111111111,,fff2f01e7abb7b21a09553a0741bd629f6a17cd5fe618f93ebeebd932bf650fe
SC-real-19200,S2,1,8,False,True,True,20.0,1101011111,,fff2f01e7abb7b21a09553a0741bd629f6a17cd5fe618f93ebeebd932bf650fe
SC-real-19200,S2,1,9,True,True,True,20.0,1111111111,,fff2f01e7abb7b21a09553a0741bd629f6a17cd5fe618f93ebeebd932bf650fe
SC-real-19200,S2,1,10,False,True,True,20.0,0111110111,,fff2f01e7abb7b21a09553a0741bd629f6a17cd5fe618f93ebeebd932bf650fe
SC-real-19200,S2,1,11,True,True,True,20.0,1111111111,,fff2f01e7abb7b21a09553a0741bd629f6a17cd5fe618f93ebeebd932bf650fe
SC-real-19200,S2,1,12,True,True,True,20.0,1111111111,,fff2f01e7abb7b21a09553a0741bd629f6a17cd5fe618f93ebeebd932bf650fe
SC-real-19200,S2,1,13,True,True,True,20.0,1111111111,,fff2f01e7abb7b21a09553a0741bd629f6a17cd5fe618f93ebeebd932bf650fe
SC-real-19200,S2,1,14,False,True,True,20.0,0101010101,,fff2f01e7abb7b21a09553a0741bd629f6a17cd5fe618f93ebeebd932bf650fe
SC-real-19200,S2,1,15,False,True,True,20.0,0101110101,,fff2f01e7abb7b21a09553a0741bd629f6a17cd5fe618f93ebeebd932bf650fe
SC-real-19200,S2,1,16,True,True,True,20.0,1111111111,,fff2f01e7abb7b21a09553a0741bd629f6a17cd5fe618f93ebeebd932bf650fe
SC-real-19200,S2,1,17,False,True,True,20.0,0111111111,,fff2f01e7abb7b21a09553a0741bd629f6a17cd5fe618f93ebeebd932bf650fe
SC-real-19200,S2,1,18,False,True,True,20.0,0111111111,,fff2f01e7abb7b21a09553a0741bd629f6a17cd5fe618f93ebeebd932bf650fe
SC-real-19200,S2,1,19,False,True,True,20.0,0101111111,,fff2f01e7abb7b21a09553a0741bd629f6a17cd5fe618f93ebeebd932bf650fe
SC-real-19200,S2,1,20,False,True,True,20.0,0111111111,,fff2f01e7abb7b21a09553a0741bd629f6a17cd5fe618f93ebeebd932bf650fe
SC-real-19200,S2,1,21,False,True,True,20.0,0101111111,,fff2f01e7abb7b21a09553a0741bd629f6a17cd5fe618f93ebeebd932bf650fe
SC-real-19200,S2,1,22,True,True,True,20.0,1111111111,,fff2f01e7abb7b21a09553a0741bd629f6a17cd5fe618f93ebeebd932bf650fe
SC-real-19200,S2,1,23,False,True,True,20.0,0111111111,,fff2f01e7abb7b21a09553a0741bd629f6a17cd5fe618f93ebeebd932bf650fe
SC-real-19200,S2,1,24,True,True,True,20.0,1111111111,,fff2f01e7abb7b21a09553a0741bd629f6a17cd5fe618f93ebeebd932bf650fe
SC-real-19200,S2,1,25,False,True,True,20.0,0111111111,,fff2f01e7abb7b21a09553a0741bd629f6a17cd5fe618f93ebeebd932bf650fe
SC-real-19200,S2,1,26,True,True,True,20.0,1111111111,,fff2f01e7abb7b21a09553a0741bd629f6a17cd5fe618f93ebeebd932bf650fe
SC-real-19200,S2,1,27,False,True,True,20.0,0101010101,,fff2f01e7abb7b21a09553a0741bd629f6a17cd5fe618f93ebeebd932bf650fe
SC-real-19200,S2,1,28,False,True,True,20.0,0111111111,,fff2f01e7abb7b21a09553a0741bd629f6a17cd5fe618f93ebeebd932bf650fe
SC-real-19200,S2,1,29,False,True,True,20.0,0101110111,,fff2f01e7abb7b21a09553a0741bd629f6a17cd5fe618f93ebeebd932bf650fe
SC-real-19200,S2,1,30,False,False,True,18.533333333333335,1111111111,,fff2f01e7abb7b21a09553a0741bd629f6a17cd5fe618f93ebeebd932bf650fe
SC-real-19200,S2,1,31,True,True,True,20.0,1111111111,,fff2f01e7abb7b21a09553a0741bd629f6a17cd5fe618f93ebeebd932bf650fe
SC-real-19200,S2,2,0,False,True,True,20.0,0101010101,,fff2f01e7abb7b21a09553a0741bd629f6a17cd5fe618f93ebeebd932bf650fe
SC-real-19200,S2,2,1,False,True,True,20.0,0101010101,,fff2f01e7abb7b21a09553a0741bd629f6a17cd5fe618f93ebeebd932bf650fe
SC-real-19200,S2,2,2,False,True,True,20.0,0101010101,,fff2f01e7abb7b21a09553a0741bd629f6a17cd5fe618f93ebeebd932bf650fe
SC-real-19200,S2,2,3,False,True,True,20.0,0111111111,,fff2f01e7abb7b21a09553a0741bd629f6a17cd5fe618f93ebeebd932bf650fe
SC-real-19200,S2,2,4,False,True,True,20.0,0101010101,,fff2f01e7abb7b21a09553a0741bd629f6a17cd5fe618f93ebeebd932bf650fe
SC-real-19200,S2,2,5,True,True,True,20.0,1111111111,,fff2f01e7abb7b21a09553a0741bd629f6a17cd5fe618f93ebeebd932bf650fe
SC-real-19200,S2,2,6,False,True,True,20.0,0101010101,,fff2f01e7abb7b21a09553a0741bd629f6a17cd5fe618f93ebeebd932bf650fe
SC-real-19200,S2,2,7,False,True,True,20.0,0101010101,,fff2f01e7abb7b21a09553a0741bd629f6a17cd5fe618f93ebeebd932bf650fe
SC-real-19200,S2,2,8,False,True,True,20.0,0101010101,,fff2f01e7abb7b21a09553a0741bd629f6a17cd5fe618f93ebeebd932bf650fe
SC-real-19200,S2,2,9,False,True,True,20.0,0101010101,,fff2f01e7abb7b21a09553a0741bd629f6a17cd5fe618f93ebeebd932bf650fe
SC-real-19200,S2,2,10,False,True,True,20.0,0101010101,,fff2f01e7abb7b21a09553a0741bd629f6a17cd5fe618f93ebeebd932bf650fe
SC-real-19200,S2,2,11,False,True,True,20.0,0101010101,,fff2f01e7abb7b21a09553a0741bd629f6a17cd5fe618f93ebeebd932bf650fe
SC-real-19200,S2,2,12,False,True,True,20.0,0101010101,,fff2f01e7abb7b21a09553a0741bd629f6a17cd5fe618f93ebeebd932bf650fe
SC-real-19200,S2,2,13,True,True,True,20.0,1111111111,,fff2f01e7abb7b21a09553a0741bd629f6a17cd5fe618f93ebeebd932bf650fe
SC-real-19200,S2,2,14,False,True,True,20.0,0101010101,,fff2f01e7abb7b21a09553a0741bd629f6a17cd5fe618f93ebeebd932bf650fe
SC-real-19200,S2,2,15,False,True,True,20.0,0101010101,,fff2f01e7abb7b21a09553a0741bd629f6a17cd5fe618f93ebeebd932bf650fe
SC-real-19200,S2,2,16,False,True,True,20.0,0111110101,,fff2f01e7abb7b21a09553a0741bd629f6a17cd5fe618f93ebeebd932bf650fe
SC-real-19200,S2,2,17,False,True,True,20.0,0101010101,,fff2f01e7abb7b21a09553a0741bd629f6a17cd5fe618f93ebeebd932bf650fe
SC-real-19200,S2,2,18,False,True,True,20.0,0101110101,,fff2f01e7abb7b21a09553a0741bd629f6a17cd5fe618f93ebeebd932bf650fe
SC-real-19200,S2,2,19,False,True,True,20.0,0101010101,,fff2f01e7abb7b21a09553a0741bd629f6a17cd5fe618f93ebeebd932bf650fe
SC-real-19200,S2,2,20,False,True,True,20.0,0101010101,,fff2f01e7abb7b21a09553a0741bd629f6a17cd5fe618f93ebeebd932bf650fe
SC-real-19200,S2,2,21,False,True,True,20.0,0101010101,,fff2f01e7abb7b21a09553a0741bd629f6a17cd5fe618f93ebeebd932bf650fe
SC-real-19200,S2,2,22,False,True,True,20.0,0101010101,,fff2f01e7abb7b21a09553a0741bd629f6a17cd5fe618f93ebeebd932bf650fe
SC-real-19200,S2,2,23,False,True,True,20.0,0101010101,,fff2f01e7abb7b21a09553a0741bd629f6a17cd5fe618f93ebeebd932bf650fe
SC-real-19200,S2,2,24,False,True,True,20.0,0111010101,,fff2f01e7abb7b21a09553a0741bd629f6a17cd5fe618f93ebeebd932bf650fe
SC-real-19200,S2,2,25,False,True,True,20.0,0101010101,,fff2f01e7abb7b21a09553a0741bd629f6a17cd5fe618f93ebeebd932bf650fe
SC-real-19200,S2,2,26,True,True,True,20.0,1111111111,,fff2f01e7abb7b21a09553a0741bd629f6a17cd5fe618f93ebeebd932bf650fe
SC-real-19200,S2,2,27,False,True,True,20.0,0101010101,,fff2f01e7abb7b21a09553a0741bd629f6a17cd5fe618f93ebeebd932bf650fe
SC-real-19200,S2,2,28,False,True,True,20.0,1111010101,,fff2f01e7abb7b21a09553a0741bd629f6a17cd5fe618f93ebeebd932bf650fe
SC-real-19200,S2,2,29,False,True,True,20.0,0101010101,,fff2f01e7abb7b21a09553a0741bd629f6a17cd5fe618f93ebeebd932bf650fe
SC-real-19200,S2,2,30,False,True,True,20.0,0101010101,,fff2f01e7abb7b21a09553a0741bd629f6a17cd5fe618f93ebeebd932bf650fe
SC-real-19200,S2,2,31,False,True,True,20.0,0101010101,,fff2f01e7abb7b21a09553a0741bd629f6a17cd5fe618f93ebeebd932bf650fe
SC-real-19200,S2,3,0,True,True,True,20.0,1111111111,,fff2f01e7abb7b21a09553a0741bd629f6a17cd5fe618f93ebeebd932bf650fe
SC-real-19200,S2,3,1,False,True,True,20.0,1101110101,,fff2f01e7abb7b21a09553a0741bd629f6a17cd5fe618f93ebeebd932bf650fe
SC-real-19200,S2,3,2,True,True,True,20.0,1111111111,,fff2f01e7abb7b21a09553a0741bd629f6a17cd5fe618f93ebeebd932bf650fe
SC-real-19200,S2,3,3,False,True,True,20.0,1111110101,,fff2f01e7abb7b21a09553a0741bd629f6a17cd5fe618f93ebeebd932bf650fe
SC-real-19200,S2,3,4,True,True,True,20.0,1111111111,,fff2f01e7abb7b21a09553a0741bd629f6a17cd5fe618f93ebeebd932bf650fe
SC-real-19200,S2,3,5,False,True,True,20.0,1111111101,,fff2f01e7abb7b21a09553a0741bd629f6a17cd5fe618f93ebeebd932bf650fe
SC-real-19200,S2,3,6,True,True,True,20.0,1111111111,,fff2f01e7abb7b21a09553a0741bd629f6a17cd5fe618f93ebeebd932bf650fe
SC-real-19200,S2,3,7,True,True,True,20.0,1111111111,,fff2f01e7abb7b21a09553a0741bd629f6a17cd5fe618f93ebeebd932bf650fe
SC-real-19200,S2,3,8,True,True,True,20.0,1111111111,,fff2f01e7abb7b21a09553a0741bd629f6a17cd5fe618f93ebeebd932bf650fe
SC-real-19200,S2,3,9,True,True,True,20.0,1111111111,,fff2f01e7abb7b21a09553a0741bd629f6a17cd5fe618f93ebeebd932bf650fe
SC-real-19200,S2,3,10,True,True,True,20.0,1111111111,,fff2f01e7abb7b21a09553a0741bd629f6a17cd5fe618f93ebeebd932bf650fe
SC-real-19200,S2,3,11,False,True,True,20.0,0101111111,,fff2f01e7abb7b21a09553a0741bd629f6a17cd5fe618f93ebeebd932bf650fe
SC-real-19200,S2,3,12,False,True,True,20.0,0101010101,,fff2f01e7abb7b21a09553a0741bd629f6a17cd5fe618f93ebeebd932bf650fe
SC-real-19200,S2,3,13,False,True,True,20.0,0101011111,,fff2f01e7abb7b21a09553a0741bd629f6a17cd5fe618f93ebeebd932bf650fe
SC-real-19200,S2,3,14,True,True,True,20.0,1111111111,,fff2f01e7abb7b21a09553a0741bd629f6a17cd5fe618f93ebeebd932bf650fe
SC-real-19200,S2,3,15,False,False,False,5.7,0100000000,,fff2f01e7abb7b21a09553a0741bd629f6a17cd5fe618f93ebeebd932bf650fe
SC-real-19200,S2,3,16,False,True,True,20.0,0101010101,,fff2f01e7abb7b21a09553a0741bd629f6a17cd5fe618f93ebeebd932bf650fe
SC-real-19200,S2,3,17,False,True,True,20.0,0101111111,,fff2f01e7abb7b21a09553a0741bd629f6a17cd5fe618f93ebeebd932bf650fe
SC-real-19200,S2,3,18,True,True,True,20.0,1111111111,,fff2f01e7abb7b21a09553a0741bd629f6a17cd5fe618f93ebeebd932bf650fe
SC-real-19200,S2,3,19,True,True,True,20.0,1111111111,,fff2f01e7abb7b21a09553a0741bd629f6a17cd5fe618f93ebeebd932bf650fe
SC-real-19200,S2,3,20,True,True,True,20.0,1111111111,,fff2f01e7abb7b21a09553a0741bd629f6a17cd5fe618f93ebeebd932bf650fe
SC-real-19200,S2,3,21,False,True,True,20.0,1111110111,,fff2f01e7abb7b21a09553a0741bd629f6a17cd5fe618f93ebeebd932bf650fe
SC-real-19200,S2,3,22,True,True,True,20.0,1111111111,,fff2f01e7abb7b21a09553a0741bd629f6a17cd5fe618f93ebeebd932bf650fe
SC-real-19200,S2,3,23,False,True,True,20.0,1111111101,,fff2f01e7abb7b21a09553a0741bd629f6a17cd5fe618f93ebeebd932bf650fe
SC-real-19200,S2,3,24,True,True,True,20.0,1111111111,,fff2f01e7abb7b21a09553a0741bd629f6a17cd5fe618f93ebeebd932bf650fe
SC-real-19200,S2,3,25,False,True,True,20.0,1101010101,,fff2f01e7abb7b21a09553a0741bd629f6a17cd5fe618f93ebeebd932bf650fe
SC-real-19200,S2,3,26,True,True,True,20.0,1111111111,,fff2f01e7abb7b21a09553a0741bd629f6a17cd5fe618f93ebeebd932bf650fe
SC-real-19200,S2,3,27,True,True,True,20.0,1111111111,,fff2f01e7abb7b21a09553a0741bd629f6a17cd5fe618f93ebeebd932bf650fe
SC-real-19200,S2,3,28,False,True,True,20.0,1111010101,,fff2f01e7abb7b21a09553a0741bd629f6a17cd5fe618f93ebeebd932bf650fe
SC-real-19200,S2,3,29,True,True,True,20.0,1111111111,,fff2f01e7abb7b21a09553a0741bd629f6a17cd5fe618f93ebeebd932bf650fe
SC-real-19200,S2,3,30,False,True,True,20.0,0101111111,,fff2f01e7abb7b21a09553a0741bd629f6a17cd5fe618f93ebeebd932bf650fe
SC-real-19200,S2,3,31,True,True,True,20.0,1111111111,,fff2f01e7abb7b21a09553a0741bd629f6a17cd5fe618f93ebeebd932bf650fe
SC-real-19200,S5,0,0,False,True,True,20.0,0101,,fff2f01e7abb7b21a09553a0741bd629f6a17cd5fe618f93ebeebd932bf650fe
SC-real-19200,S5,0,1,False,True,True,20.0,0111,,fff2f01e7abb7b21a09553a0741bd629f6a17cd5fe618f93ebeebd932bf650fe
SC-real-19200,S5,0,2,False,True,True,20.0,0111,,fff2f01e7abb7b21a09553a0741bd629f6a17cd5fe618f93ebeebd932bf650fe
SC-real-19200,S5,0,3,False,True,True,20.0,0111,,fff2f01e7abb7b21a09553a0741bd629f6a17cd5fe618f93ebeebd932bf650fe
SC-real-19200,S5,0,4,False,True,True,20.0,0111,,fff2f01e7abb7b21a09553a0741bd629f6a17cd5fe618f93ebeebd932bf650fe
SC-real-19200,S5,0,5,False,True,True,20.0,0111,,fff2f01e7abb7b21a09553a0741bd629f6a17cd5fe618f93ebeebd932bf650fe
SC-real-19200,S5,0,6,False,True,True,20.0,0101,,fff2f01e7abb7b21a09553a0741bd629f6a17cd5fe618f93ebeebd932bf650fe
SC-real-19200,S5,0,7,False,True,True,20.0,0101,,fff2f01e7abb7b21a09553a0741bd629f6a17cd5fe618f93ebeebd932bf650fe
SC-real-19200,S5,0,8,False,True,True,20.0,0101,,fff2f01e7abb7b21a09553a0741bd629f6a17cd5fe618f93ebeebd932bf650fe
SC-real-19200,S5,0,9,False,True,True,20.0,0101,,fff2f01e7abb7b21a09553a0741bd629f6a17cd5fe618f93ebeebd932bf650fe
SC-real-19200,S5,0,10,False,True,True,20.0,0101,,fff2f01e7abb7b21a09553a0741bd629f6a17cd5fe618f93ebeebd932bf650fe
SC-real-19200,S5,0,11,False,True,True,20.0,0111,,fff2f01e7abb7b21a09553a0741bd629f6a17cd5fe618f93ebeebd932bf650fe
SC-real-19200,S5,0,12,False,True,True,20.0,0101,,fff2f01e7abb7b21a09553a0741bd629f6a17cd5fe618f93ebeebd932bf650fe
SC-real-19200,S5,0,13,False,True,True,20.0,0101,,fff2f01e7abb7b21a09553a0741bd629f6a17cd5fe618f93ebeebd932bf650fe
SC-real-19200,S5,0,14,False,True,True,20.0,0111,,fff2f01e7abb7b21a09553a0741bd629f6a17cd5fe618f93ebeebd932bf650fe
SC-real-19200,S5,0,15,False,True,True,20.0,0111,,fff2f01e7abb7b21a09553a0741bd629f6a17cd5fe618f93ebeebd932bf650fe
SC-real-19200,S5,0,16,False,True,True,20.0,0101,,fff2f01e7abb7b21a09553a0741bd629f6a17cd5fe618f93ebeebd932bf650fe
SC-real-19200,S5,0,17,True,True,True,20.0,1111,,fff2f01e7abb7b21a09553a0741bd629f6a17cd5fe618f93ebeebd932bf650fe
SC-real-19200,S5,0,18,False,True,True,20.0,0101,,fff2f01e7abb7b21a09553a0741bd629f6a17cd5fe618f93ebeebd932bf650fe
SC-real-19200,S5,0,19,False,True,True,20.0,0111,,fff2f01e7abb7b21a09553a0741bd629f6a17cd5fe618f93ebeebd932bf650fe
SC-real-19200,S5,0,20,False,True,True,20.0,0101,,fff2f01e7abb7b21a09553a0741bd629f6a17cd5fe618f93ebeebd932bf650fe
SC-real-19200,S5,0,21,False,True,True,20.0,0111,,fff2f01e7abb7b21a09553a0741bd629f6a17cd5fe618f93ebeebd932bf650fe
SC-real-19200,S5,0,22,False,True,True,20.0,0111,,fff2f01e7abb7b21a09553a0741bd629f6a17cd5fe618f93ebeebd932bf650fe
SC-real-19200,S5,0,23,False,True,True,20.0,0111,,fff2f01e7abb7b21a09553a0741bd629f6a17cd5fe618f93ebeebd932bf650fe
SC-real-19200,S5,0,24,False,True,True,20.0,0101,,fff2f01e7abb7b21a09553a0741bd629f6a17cd5fe618f93ebeebd932bf650fe
SC-real-19200,S5,0,25,False,True,True,20.0,0111,,fff2f01e7abb7b21a09553a0741bd629f6a17cd5fe618f93ebeebd932bf650fe
SC-real-19200,S5,0,26,False,True,True,20.0,0101,,fff2f01e7abb7b21a09553a0741bd629f6a17cd5fe618f93ebeebd932bf650fe
SC-real-19200,S5,0,27,False,False,True,15.566666666666666,0111,,fff2f01e7abb7b21a09553a0741bd629f6a17cd5fe618f93ebeebd932bf650fe
SC-real-19200,S5,0,28,False,True,True,20.0,0111,,fff2f01e7abb7b21a09553a0741bd629f6a17cd5fe618f93ebeebd932bf650fe
SC-real-19200,S5,0,29,False,True,True,20.0,0111,,fff2f01e7abb7b21a09553a0741bd629f6a17cd5fe618f93ebeebd932bf650fe
SC-real-19200,S5,0,30,False,True,True,20.0,0101,,fff2f01e7abb7b21a09553a0741bd629f6a17cd5fe618f93ebeebd932bf650fe
SC-real-19200,S5,0,31,False,True,True,20.0,0101,,fff2f01e7abb7b21a09553a0741bd629f6a17cd5fe618f93ebeebd932bf650fe
SC-real-19200,S5,1,0,False,True,True,20.0,0111,,fff2f01e7abb7b21a09553a0741bd629f6a17cd5fe618f93ebeebd932bf650fe
SC-real-19200,S5,1,1,True,True,True,20.0,1111,,fff2f01e7abb7b21a09553a0741bd629f6a17cd5fe618f93ebeebd932bf650fe
SC-real-19200,S5,1,2,True,True,True,20.0,1111,,fff2f01e7abb7b21a09553a0741bd629f6a17cd5fe618f93ebeebd932bf650fe
SC-real-19200,S5,1,3,True,True,True,20.0,1111,,fff2f01e7abb7b21a09553a0741bd629f6a17cd5fe618f93ebeebd932bf650fe
SC-real-19200,S5,1,4,True,True,True,20.0,1111,,fff2f01e7abb7b21a09553a0741bd629f6a17cd5fe618f93ebeebd932bf650fe
SC-real-19200,S5,1,5,True,True,True,20.0,1111,,fff2f01e7abb7b21a09553a0741bd629f6a17cd5fe618f93ebeebd932bf650fe
SC-real-19200,S5,1,6,True,True,True,20.0,1111,,fff2f01e7abb7b21a09553a0741bd629f6a17cd5fe618f93ebeebd932bf650fe
SC-real-19200,S5,1,7,True,True,True,20.0,1111,,fff2f01e7abb7b21a09553a0741bd629f6a17cd5fe618f93ebeebd932bf650fe
SC-real-19200,S5,1,8,True,True,True,20.0,1111,,fff2f01e7abb7b21a09553a0741bd629f6a17cd5fe618f93ebeebd932bf650fe
SC-real-19200,S5,1,9,True,True,True,20.0,1111,,fff2f01e7abb7b21a09553a0741bd629f6a17cd5fe618f93ebeebd932bf650fe
SC-real-19200,S5,1,10,True,True,True,20.0,1111,,fff2f01e7abb7b21a09553a0741bd629f6a17cd5fe618f93ebeebd932bf650fe
SC-real-19200,S5,1,11,True,True,True,20.0,1111,,fff2f01e7abb7b21a09553a0741bd629f6a17cd5fe618f93ebeebd932bf650fe
SC-real-19200,S5,1,12,True,True,True,20.0,1111,,fff2f01e7abb7b21a09553a0741bd629f6a17cd5fe618f93ebeebd932bf650fe
SC-real-19200,S5,1,13,True,True,True,20.0,1111,,fff2f01e7abb7b21a09553a0741bd629f6a17cd5fe618f93ebeebd932bf650fe
SC-real-19200,S5,1,14,False,True,True,20.0,0111,,fff2f01e7abb7b21a09553a0741bd629f6a17cd5fe618f93ebeebd932bf650fe
SC-real-19200,S5,1,15,False,True,True,20.0,0111,,fff2f01e7abb7b21a09553a0741bd629f6a17cd5fe618f93ebeebd932bf650fe
SC-real-19200,S5,1,16,True,True,True,20.0,1111,,fff2f01e7abb7b21a09553a0741bd629f6a17cd5fe618f93ebeebd932bf650fe
SC-real-19200,S5,1,17,True,True,True,20.0,1111,,fff2f01e7abb7b21a09553a0741bd629f6a17cd5fe618f93ebeebd932bf650fe
SC-real-19200,S5,1,18,True,True,True,20.0,1111,,fff2f01e7abb7b21a09553a0741bd629f6a17cd5fe618f93ebeebd932bf650fe
SC-real-19200,S5,1,19,True,True,True,20.0,1111,,fff2f01e7abb7b21a09553a0741bd629f6a17cd5fe618f93ebeebd932bf650fe
SC-real-19200,S5,1,20,True,True,True,20.0,1111,,fff2f01e7abb7b21a09553a0741bd629f6a17cd5fe618f93ebeebd932bf650fe
SC-real-19200,S5,1,21,False,True,True,20.0,0111,,fff2f01e7abb7b21a09553a0741bd629f6a17cd5fe618f93ebeebd932bf650fe
SC-real-19200,S5,1,22,True,True,True,20.0,1111,,fff2f01e7abb7b21a09553a0741bd629f6a17cd5fe618f93ebeebd932bf650fe
SC-real-19200,S5,1,23,True,True,True,20.0,1111,,fff2f01e7abb7b21a09553a0741bd629f6a17cd5fe618f93ebeebd932bf650fe
SC-real-19200,S5,1,24,True,True,True,20.0,1111,,fff2f01e7abb7b21a09553a0741bd629f6a17cd5fe618f93ebeebd932bf650fe
SC-real-19200,S5,1,25,False,True,True,20.0,0111,,fff2f01e7abb7b21a09553a0741bd629f6a17cd5fe618f93ebeebd932bf650fe
SC-real-19200,S5,1,26,True,True,True,20.0,1111,,fff2f01e7abb7b21a09553a0741bd629f6a17cd5fe618f93ebeebd932bf650fe
SC-real-19200,S5,1,27,False,True,True,20.0,0101,,fff2f01e7abb7b21a09553a0741bd629f6a17cd5fe618f93ebeebd932bf650fe
SC-real-19200,S5,1,28,True,True,True,20.0,1111,,fff2f01e7abb7b21a09553a0741bd629f6a17cd5fe618f93ebeebd932bf650fe
SC-real-19200,S5,1,29,False,True,True,20.0,0111,,fff2f01e7abb7b21a09553a0741bd629f6a17cd5fe618f93ebeebd932bf650fe
SC-real-19200,S5,1,30,True,True,True,20.0,1111,,fff2f01e7abb7b21a09553a0741bd629f6a17cd5fe618f93ebeebd932bf650fe
SC-real-19200,S5,1,31,True,True,True,20.0,1111,,fff2f01e7abb7b21a09553a0741bd629f6a17cd5fe618f93ebeebd932bf650fe
SC-real-19200,S5,2,0,False,True,True,20.0,0111,,fff2f01e7abb7b21a09553a0741bd629f6a17cd5fe618f93ebeebd932bf650fe
SC-real-19200,S5,2,1,False,True,True,20.0,0101,,fff2f01e7abb7b21a09553a0741bd629f6a17cd5fe618f93ebeebd932bf650fe
SC-real-19200,S5,2,2,False,True,True,20.0,0101,,fff2f01e7abb7b21a09553a0741bd629f6a17cd5fe618f93ebeebd932bf650fe
SC-real-19200,S5,2,3,False,True,True,20.0,0101,,fff2f01e7abb7b21a09553a0741bd629f6a17cd5fe618f93ebeebd932bf650fe
SC-real-19200,S5,2,4,False,True,True,20.0,0101,,fff2f01e7abb7b21a09553a0741bd629f6a17cd5fe618f93ebeebd932bf650fe
SC-real-19200,S5,2,5,True,True,True,20.0,1111,,fff2f01e7abb7b21a09553a0741bd629f6a17cd5fe618f93ebeebd932bf650fe
SC-real-19200,S5,2,6,False,True,True,20.0,0101,,fff2f01e7abb7b21a09553a0741bd629f6a17cd5fe618f93ebeebd932bf650fe
SC-real-19200,S5,2,7,False,True,True,20.0,0101,,fff2f01e7abb7b21a09553a0741bd629f6a17cd5fe618f93ebeebd932bf650fe
SC-real-19200,S5,2,8,False,True,True,20.0,0101,,fff2f01e7abb7b21a09553a0741bd629f6a17cd5fe618f93ebeebd932bf650fe
SC-real-19200,S5,2,9,False,True,True,20.0,0101,,fff2f01e7abb7b21a09553a0741bd629f6a17cd5fe618f93ebeebd932bf650fe
SC-real-19200,S5,2,10,False,True,True,20.0,1101,,fff2f01e7abb7b21a09553a0741bd629f6a17cd5fe618f93ebeebd932bf650fe
SC-real-19200,S5,2,11,False,True,True,20.0,0101,,fff2f01e7abb7b21a09553a0741bd629f6a17cd5fe618f93ebeebd932bf650fe
SC-real-19200,S5,2,12,False,True,True,20.0,0101,,fff2f01e7abb7b21a09553a0741bd629f6a17cd5fe618f93ebeebd932bf650fe
SC-real-19200,S5,2,13,True,True,True,20.0,1111,,fff2f01e7abb7b21a09553a0741bd629f6a17cd5fe618f93ebeebd932bf650fe
SC-real-19200,S5,2,14,False,True,True,20.0,0101,,fff2f01e7abb7b21a09553a0741bd629f6a17cd5fe618f93ebeebd932bf650fe
SC-real-19200,S5,2,15,False,True,True,20.0,0101,,fff2f01e7abb7b21a09553a0741bd629f6a17cd5fe618f93ebeebd932bf650fe
SC-real-19200,S5,2,16,False,True,True,20.0,0101,,fff2f01e7abb7b21a09553a0741bd629f6a17cd5fe618f93ebeebd932bf650fe
SC-real-19200,S5,2,17,False,True,True,20.0,0101,,fff2f01e7abb7b21a09553a0741bd629f6a17cd5fe618f93ebeebd932bf650fe
SC-real-19200,S5,2,18,False,True,True,20.0,0111,,fff2f01e7abb7b21a09553a0741bd629f6a17cd5fe618f93ebeebd932bf650fe
SC-real-19200,S5,2,19,False,True,True,20.0,0101,,fff2f01e7abb7b21a09553a0741bd629f6a17cd5fe618f93ebeebd932bf650fe
SC-real-19200,S5,2,20,False,True,True,20.0,0101,,fff2f01e7abb7b21a09553a0741bd629f6a17cd5fe618f93ebeebd932bf650fe
SC-real-19200,S5,2,21,False,True,True,20.0,0101,,fff2f01e7abb7b21a09553a0741bd629f6a17cd5fe618f93ebeebd932bf650fe
SC-real-19200,S5,2,22,False,True,True,20.0,0101,,fff2f01e7abb7b21a09553a0741bd629f6a17cd5fe618f93ebeebd932bf650fe
SC-real-19200,S5,2,23,False,True,True,20.0,0101,,fff2f01e7abb7b21a09553a0741bd629f6a17cd5fe618f93ebeebd932bf650fe
SC-real-19200,S5,2,24,True,True,True,20.0,1111,,fff2f01e7abb7b21a09553a0741bd629f6a17cd5fe618f93ebeebd932bf650fe
SC-real-19200,S5,2,25,False,True,True,20.0,0101,,fff2f01e7abb7b21a09553a0741bd629f6a17cd5fe618f93ebeebd932bf650fe
SC-real-19200,S5,2,26,True,True,True,20.0,1111,,fff2f01e7abb7b21a09553a0741bd629f6a17cd5fe618f93ebeebd932bf650fe
SC-real-19200,S5,2,27,False,True,True,20.0,0101,,fff2f01e7abb7b21a09553a0741bd629f6a17cd5fe618f93ebeebd932bf650fe
SC-real-19200,S5,2,28,True,True,True,20.0,1111,,fff2f01e7abb7b21a09553a0741bd629f6a17cd5fe618f93ebeebd932bf650fe
SC-real-19200,S5,2,29,False,True,True,20.0,0101,,fff2f01e7abb7b21a09553a0741bd629f6a17cd5fe618f93ebeebd932bf650fe
SC-real-19200,S5,2,30,False,True,True,20.0,1101,,fff2f01e7abb7b21a09553a0741bd629f6a17cd5fe618f93ebeebd932bf650fe
SC-real-19200,S5,2,31,False,True,True,20.0,0101,,fff2f01e7abb7b21a09553a0741bd629f6a17cd5fe618f93ebeebd932bf650fe
SC-real-19200,S5,3,0,True,True,True,20.0,1111,,fff2f01e7abb7b21a09553a0741bd629f6a17cd5fe618f93ebeebd932bf650fe
SC-real-19200,S5,3,1,True,True,True,20.0,1111,,fff2f01e7abb7b21a09553a0741bd629f6a17cd5fe618f93ebeebd932bf650fe
SC-real-19200,S5,3,2,True,True,True,20.0,1111,,fff2f01e7abb7b21a09553a0741bd629f6a17cd5fe618f93ebeebd932bf650fe
SC-real-19200,S5,3,3,True,True,True,20.0,1111,,fff2f01e7abb7b21a09553a0741bd629f6a17cd5fe618f93ebeebd932bf650fe
SC-real-19200,S5,3,4,True,True,True,20.0,1111,,fff2f01e7abb7b21a09553a0741bd629f6a17cd5fe618f93ebeebd932bf650fe
SC-real-19200,S5,3,5,True,True,True,20.0,1111,,fff2f01e7abb7b21a09553a0741bd629f6a17cd5fe618f93ebeebd932bf650fe
SC-real-19200,S5,3,6,True,True,True,20.0,1111,,fff2f01e7abb7b21a09553a0741bd629f6a17cd5fe618f93ebeebd932bf650fe
SC-real-19200,S5,3,7,True,True,True,20.0,1111,,fff2f01e7abb7b21a09553a0741bd629f6a17cd5fe618f93ebeebd932bf650fe
SC-real-19200,S5,3,8,False,True,True,20.0,1101,,fff2f01e7abb7b21a09553a0741bd629f6a17cd5fe618f93ebeebd932bf650fe
SC-real-19200,S5,3,9,True,True,True,20.0,1111,,fff2f01e7abb7b21a09553a0741bd629f6a17cd5fe618f93ebeebd932bf650fe
SC-real-19200,S5,3,10,True,True,True,20.0,1111,,fff2f01e7abb7b21a09553a0741bd629f6a17cd5fe618f93ebeebd932bf650fe
SC-real-19200,S5,3,11,True,True,True,20.0,1111,,fff2f01e7abb7b21a09553a0741bd629f6a17cd5fe618f93ebeebd932bf650fe
SC-real-19200,S5,3,12,False,True,True,20.0,0101,,fff2f01e7abb7b21a09553a0741bd629f6a17cd5fe618f93ebeebd932bf650fe
SC-real-19200,S5,3,13,True,True,True,20.0,1111,,fff2f01e7abb7b21a09553a0741bd629f6a17cd5fe618f93ebeebd932bf650fe
SC-real-19200,S5,3,14,True,True,True,20.0,1111,,fff2f01e7abb7b21a09553a0741bd629f6a17cd5fe618f93ebeebd932bf650fe
SC-real-19200,S5,3,15,False,True,True,20.0,0101,,fff2f01e7abb7b21a09553a0741bd629f6a17cd5fe618f93ebeebd932bf650fe
SC-real-19200,S5,3,16,True,True,True,20.0,1111,,fff2f01e7abb7b21a09553a0741bd629f6a17cd5fe618f93ebeebd932bf650fe
SC-real-19200,S5,3,17,True,True,True,20.0,1111,,fff2f01e7abb7b21a09553a0741bd629f6a17cd5fe618f93ebeebd932bf650fe
SC-real-19200,S5,3,18,True,True,True,20.0,1111,,fff2f01e7abb7b21a09553a0741bd629f6a17cd5fe618f93ebeebd932bf650fe
SC-real-19200,S5,3,19,False,True,True,20.0,1011,,fff2f01e7abb7b21a09553a0741bd629f6a17cd5fe618f93ebeebd932bf650fe
SC-real-19200,S5,3,20,False,True,True,20.0,0101,,fff2f01e7abb7b21a09553a0741bd629f6a17cd5fe618f93ebeebd932bf650fe
SC-real-19200,S5,3,21,True,True,True,20.0,1111,,fff2f01e7abb7b21a09553a0741bd629f6a17cd5fe618f93ebeebd932bf650fe
SC-real-19200,S5,3,22,True,True,True,20.0,1111,,fff2f01e7abb7b21a09553a0741bd629f6a17cd5fe618f93ebeebd932bf650fe
SC-real-19200,S5,3,23,True,True,True,20.0,1111,,fff2f01e7abb7b21a09553a0741bd629f6a17cd5fe618f93ebeebd932bf650fe
SC-real-19200,S5,3,24,False,True,True,20.0,1101,,fff2f01e7abb7b21a09553a0741bd629f6a17cd5fe618f93ebeebd932bf650fe
SC-real-19200,S5,3,25,True,True,True,20.0,1111,,fff2f01e7abb7b21a09553a0741bd629f6a17cd5fe618f93ebeebd932bf650fe
SC-real-19200,S5,3,26,True,True,True,20.0,1111,,fff2f01e7abb7b21a09553a0741bd629f6a17cd5fe618f93ebeebd932bf650fe
SC-real-19200,S5,3,27,True,True,True,20.0,1111,,fff2f01e7abb7b21a09553a0741bd629f6a17cd5fe618f93ebeebd932bf650fe
SC-real-19200,S5,3,28,True,True,True,20.0,1111,,fff2f01e7abb7b21a09553a0741bd629f6a17cd5fe618f93ebeebd932bf650fe
SC-real-19200,S5,3,29,True,True,True,20.0,1111,,fff2f01e7abb7b21a09553a0741bd629f6a17cd5fe618f93ebeebd932bf650fe
SC-real-19200,S5,3,30,False,True,True,20.0,0101,,fff2f01e7abb7b21a09553a0741bd629f6a17cd5fe618f93ebeebd932bf650fe
SC-real-19200,S5,3,31,True,True,True,20.0,1111,,fff2f01e7abb7b21a09553a0741bd629f6a17cd5fe618f93ebeebd932bf650fe
SC-real-19200,F,0,0,True,True,True,40.0,,10,fff2f01e7abb7b21a09553a0741bd629f6a17cd5fe618f93ebeebd932bf650fe
SC-real-19200,F,0,1,True,True,True,40.0,,10,fff2f01e7abb7b21a09553a0741bd629f6a17cd5fe618f93ebeebd932bf650fe
SC-real-19200,F,0,2,True,True,True,40.0,,10,fff2f01e7abb7b21a09553a0741bd629f6a17cd5fe618f93ebeebd932bf650fe
SC-real-19200,F,0,3,True,True,True,40.0,,10,fff2f01e7abb7b21a09553a0741bd629f6a17cd5fe618f93ebeebd932bf650fe
SC-real-19200,F,0,4,True,True,True,40.0,,10,fff2f01e7abb7b21a09553a0741bd629f6a17cd5fe618f93ebeebd932bf650fe
SC-real-19200,F,0,5,True,True,True,40.0,,10,fff2f01e7abb7b21a09553a0741bd629f6a17cd5fe618f93ebeebd932bf650fe
SC-real-19200,F,0,6,True,True,True,40.0,,10,fff2f01e7abb7b21a09553a0741bd629f6a17cd5fe618f93ebeebd932bf650fe
SC-real-19200,F,0,7,True,True,True,40.0,,10,fff2f01e7abb7b21a09553a0741bd629f6a17cd5fe618f93ebeebd932bf650fe
SC-real-19200,F,0,8,True,True,True,40.0,,10,fff2f01e7abb7b21a09553a0741bd629f6a17cd5fe618f93ebeebd932bf650fe
SC-real-19200,F,0,9,True,True,True,40.0,,10,fff2f01e7abb7b21a09553a0741bd629f6a17cd5fe618f93ebeebd932bf650fe
SC-real-19200,F,0,10,True,True,True,40.0,,10,fff2f01e7abb7b21a09553a0741bd629f6a17cd5fe618f93ebeebd932bf650fe
SC-real-19200,F,0,11,True,True,True,40.0,,10,fff2f01e7abb7b21a09553a0741bd629f6a17cd5fe618f93ebeebd932bf650fe
SC-real-19200,F,0,12,True,True,True,40.0,,10,fff2f01e7abb7b21a09553a0741bd629f6a17cd5fe618f93ebeebd932bf650fe
SC-real-19200,F,0,13,True,True,True,40.0,,10,fff2f01e7abb7b21a09553a0741bd629f6a17cd5fe618f93ebeebd932bf650fe
SC-real-19200,F,0,14,True,True,True,40.0,,10,fff2f01e7abb7b21a09553a0741bd629f6a17cd5fe618f93ebeebd932bf650fe
SC-real-19200,F,0,15,True,True,True,40.0,,10,fff2f01e7abb7b21a09553a0741bd629f6a17cd5fe618f93ebeebd932bf650fe
SC-real-19200,F,0,16,True,True,True,40.0,,10,fff2f01e7abb7b21a09553a0741bd629f6a17cd5fe618f93ebeebd932bf650fe
SC-real-19200,F,0,17,True,True,True,40.0,,10,fff2f01e7abb7b21a09553a0741bd629f6a17cd5fe618f93ebeebd932bf650fe
SC-real-19200,F,0,18,True,True,True,40.0,,10,fff2f01e7abb7b21a09553a0741bd629f6a17cd5fe618f93ebeebd932bf650fe
SC-real-19200,F,0,19,True,True,True,40.0,,10,fff2f01e7abb7b21a09553a0741bd629f6a17cd5fe618f93ebeebd932bf650fe
SC-real-19200,F,0,20,True,True,True,40.0,,10,fff2f01e7abb7b21a09553a0741bd629f6a17cd5fe618f93ebeebd932bf650fe
SC-real-19200,F,0,21,True,True,True,40.0,,10,fff2f01e7abb7b21a09553a0741bd629f6a17cd5fe618f93ebeebd932bf650fe
SC-real-19200,F,0,22,True,True,True,40.0,,10,fff2f01e7abb7b21a09553a0741bd629f6a17cd5fe618f93ebeebd932bf650fe
SC-real-19200,F,0,23,True,True,True,40.0,,10,fff2f01e7abb7b21a09553a0741bd629f6a17cd5fe618f93ebeebd932bf650fe
SC-real-19200,F,0,24,True,True,True,40.0,,10,fff2f01e7abb7b21a09553a0741bd629f6a17cd5fe618f93ebeebd932bf650fe
SC-real-19200,F,0,25,True,True,True,40.0,,10,fff2f01e7abb7b21a09553a0741bd629f6a17cd5fe618f93ebeebd932bf650fe
SC-real-19200,F,0,26,True,True,True,40.0,,10,fff2f01e7abb7b21a09553a0741bd629f6a17cd5fe618f93ebeebd932bf650fe
SC-real-19200,F,0,27,True,True,True,40.0,,10,fff2f01e7abb7b21a09553a0741bd629f6a17cd5fe618f93ebeebd932bf650fe
SC-real-19200,F,0,28,True,True,True,40.0,,10,fff2f01e7abb7b21a09553a0741bd629f6a17cd5fe618f93ebeebd932bf650fe
SC-real-19200,F,0,29,True,True,True,40.0,,10,fff2f01e7abb7b21a09553a0741bd629f6a17cd5fe618f93ebeebd932bf650fe
SC-real-19200,F,0,30,True,True,True,40.0,,10,fff2f01e7abb7b21a09553a0741bd629f6a17cd5fe618f93ebeebd932bf650fe
SC-real-19200,F,0,31,True,True,True,40.0,,10,fff2f01e7abb7b21a09553a0741bd629f6a17cd5fe618f93ebeebd932bf650fe
SC-real-19200,F,1,0,True,False,True,39.266666666666666,,9,fff2f01e7abb7b21a09553a0741bd629f6a17cd5fe618f93ebeebd932bf650fe
SC-real-19200,F,1,1,True,True,True,40.0,,9,fff2f01e7abb7b21a09553a0741bd629f6a17cd5fe618f93ebeebd932bf650fe
SC-real-19200,F,1,2,True,True,True,40.0,,9,fff2f01e7abb7b21a09553a0741bd629f6a17cd5fe618f93ebeebd932bf650fe
SC-real-19200,F,1,3,True,True,True,40.0,,9,fff2f01e7abb7b21a09553a0741bd629f6a17cd5fe618f93ebeebd932bf650fe
SC-real-19200,F,1,4,True,False,True,39.3,,9,fff2f01e7abb7b21a09553a0741bd629f6a17cd5fe618f93ebeebd932bf650fe
SC-real-19200,F,1,5,True,True,True,40.0,,9,fff2f01e7abb7b21a09553a0741bd629f6a17cd5fe618f93ebeebd932bf650fe
SC-real-19200,F,1,6,True,True,True,40.0,,9,fff2f01e7abb7b21a09553a0741bd629f6a17cd5fe618f93ebeebd932bf650fe
SC-real-19200,F,1,7,True,True,True,40.0,,9,fff2f01e7abb7b21a09553a0741bd629f6a17cd5fe618f93ebeebd932bf650fe
SC-real-19200,F,1,8,True,True,True,40.0,,9,fff2f01e7abb7b21a09553a0741bd629f6a17cd5fe618f93ebeebd932bf650fe
SC-real-19200,F,1,9,True,True,True,40.0,,9,fff2f01e7abb7b21a09553a0741bd629f6a17cd5fe618f93ebeebd932bf650fe
SC-real-19200,F,1,10,True,True,True,40.0,,9,fff2f01e7abb7b21a09553a0741bd629f6a17cd5fe618f93ebeebd932bf650fe
SC-real-19200,F,1,11,True,True,True,40.0,,9,fff2f01e7abb7b21a09553a0741bd629f6a17cd5fe618f93ebeebd932bf650fe
SC-real-19200,F,1,12,True,True,True,40.0,,9,fff2f01e7abb7b21a09553a0741bd629f6a17cd5fe618f93ebeebd932bf650fe
SC-real-19200,F,1,13,True,True,True,40.0,,9,fff2f01e7abb7b21a09553a0741bd629f6a17cd5fe618f93ebeebd932bf650fe
SC-real-19200,F,1,14,True,True,True,40.0,,9,fff2f01e7abb7b21a09553a0741bd629f6a17cd5fe618f93ebeebd932bf650fe
SC-real-19200,F,1,15,True,False,True,26.933333333333334,,9,fff2f01e7abb7b21a09553a0741bd629f6a17cd5fe618f93ebeebd932bf650fe
SC-real-19200,F,1,16,True,True,True,40.0,,9,fff2f01e7abb7b21a09553a0741bd629f6a17cd5fe618f93ebeebd932bf650fe
SC-real-19200,F,1,17,True,True,True,40.0,,9,fff2f01e7abb7b21a09553a0741bd629f6a17cd5fe618f93ebeebd932bf650fe
SC-real-19200,F,1,18,True,True,True,40.0,,9,fff2f01e7abb7b21a09553a0741bd629f6a17cd5fe618f93ebeebd932bf650fe
SC-real-19200,F,1,19,True,True,True,40.0,,9,fff2f01e7abb7b21a09553a0741bd629f6a17cd5fe618f93ebeebd932bf650fe
SC-real-19200,F,1,20,True,True,True,40.0,,9,fff2f01e7abb7b21a09553a0741bd629f6a17cd5fe618f93ebeebd932bf650fe
SC-real-19200,F,1,21,True,True,True,40.0,,9,fff2f01e7abb7b21a09553a0741bd629f6a17cd5fe618f93ebeebd932bf650fe
SC-real-19200,F,1,22,True,True,True,40.0,,9,fff2f01e7abb7b21a09553a0741bd629f6a17cd5fe618f93ebeebd932bf650fe
SC-real-19200,F,1,23,True,True,True,40.0,,9,fff2f01e7abb7b21a09553a0741bd629f6a17cd5fe618f93ebeebd932bf650fe
SC-real-19200,F,1,24,True,True,True,40.0,,9,fff2f01e7abb7b21a09553a0741bd629f6a17cd5fe618f93ebeebd932bf650fe
SC-real-19200,F,1,25,True,True,True,40.0,,9,fff2f01e7abb7b21a09553a0741bd629f6a17cd5fe618f93ebeebd932bf650fe
SC-real-19200,F,1,26,True,False,True,34.86666666666667,,9,fff2f01e7abb7b21a09553a0741bd629f6a17cd5fe618f93ebeebd932bf650fe
SC-real-19200,F,1,27,True,True,True,40.0,,9,fff2f01e7abb7b21a09553a0741bd629f6a17cd5fe618f93ebeebd932bf650fe
SC-real-19200,F,1,28,True,True,True,40.0,,9,fff2f01e7abb7b21a09553a0741bd629f6a17cd5fe618f93ebeebd932bf650fe
SC-real-19200,F,1,29,True,True,True,40.0,,9,fff2f01e7abb7b21a09553a0741bd629f6a17cd5fe618f93ebeebd932bf650fe
SC-real-19200,F,1,30,True,True,True,40.0,,9,fff2f01e7abb7b21a09553a0741bd629f6a17cd5fe618f93ebeebd932bf650fe
SC-real-19200,F,1,31,True,True,True,40.0,,9,fff2f01e7abb7b21a09553a0741bd629f6a17cd5fe618f93ebeebd932bf650fe
SC-real-19200,F,2,0,True,True,True,40.0,,9,fff2f01e7abb7b21a09553a0741bd629f6a17cd5fe618f93ebeebd932bf650fe
SC-real-19200,F,2,1,True,True,True,40.0,,9,fff2f01e7abb7b21a09553a0741bd629f6a17cd5fe618f93ebeebd932bf650fe
SC-real-19200,F,2,2,True,True,True,40.0,,9,fff2f01e7abb7b21a09553a0741bd629f6a17cd5fe618f93ebeebd932bf650fe
SC-real-19200,F,2,3,True,True,True,40.0,,9,fff2f01e7abb7b21a09553a0741bd629f6a17cd5fe618f93ebeebd932bf650fe
SC-real-19200,F,2,4,True,True,True,40.0,,9,fff2f01e7abb7b21a09553a0741bd629f6a17cd5fe618f93ebeebd932bf650fe
SC-real-19200,F,2,5,True,True,True,40.0,,9,fff2f01e7abb7b21a09553a0741bd629f6a17cd5fe618f93ebeebd932bf650fe
SC-real-19200,F,2,6,True,True,True,40.0,,9,fff2f01e7abb7b21a09553a0741bd629f6a17cd5fe618f93ebeebd932bf650fe
SC-real-19200,F,2,7,True,True,True,40.0,,9,fff2f01e7abb7b21a09553a0741bd629f6a17cd5fe618f93ebeebd932bf650fe
SC-real-19200,F,2,8,True,True,True,40.0,,9,fff2f01e7abb7b21a09553a0741bd629f6a17cd5fe618f93ebeebd932bf650fe
SC-real-19200,F,2,9,True,True,True,40.0,,9,fff2f01e7abb7b21a09553a0741bd629f6a17cd5fe618f93ebeebd932bf650fe
SC-real-19200,F,2,10,True,True,True,40.0,,9,fff2f01e7abb7b21a09553a0741bd629f6a17cd5fe618f93ebeebd932bf650fe
SC-real-19200,F,2,11,True,True,True,40.0,,9,fff2f01e7abb7b21a09553a0741bd629f6a17cd5fe618f93ebeebd932bf650fe
SC-real-19200,F,2,12,True,True,True,40.0,,9,fff2f01e7abb7b21a09553a0741bd629f6a17cd5fe618f93ebeebd932bf650fe
SC-real-19200,F,2,13,True,True,True,40.0,,9,fff2f01e7abb7b21a09553a0741bd629f6a17cd5fe618f93ebeebd932bf650fe
SC-real-19200,F,2,14,True,True,True,40.0,,9,fff2f01e7abb7b21a09553a0741bd629f6a17cd5fe618f93ebeebd932bf650fe
SC-real-19200,F,2,15,True,True,True,40.0,,9,fff2f01e7abb7b21a09553a0741bd629f6a17cd5fe618f93ebeebd932bf650fe
SC-real-19200,F,2,16,True,True,True,40.0,,9,fff2f01e7abb7b21a09553a0741bd629f6a17cd5fe618f93ebeebd932bf650fe
SC-real-19200,F,2,17,True,True,True,40.0,,9,fff2f01e7abb7b21a09553a0741bd629f6a17cd5fe618f93ebeebd932bf650fe
SC-real-19200,F,2,18,True,True,True,40.0,,9,fff2f01e7abb7b21a09553a0741bd629f6a17cd5fe618f93ebeebd932bf650fe
SC-real-19200,F,2,19,True,True,True,40.0,,9,fff2f01e7abb7b21a09553a0741bd629f6a17cd5fe618f93ebeebd932bf650fe
SC-real-19200,F,2,20,True,True,True,40.0,,9,fff2f01e7abb7b21a09553a0741bd629f6a17cd5fe618f93ebeebd932bf650fe
SC-real-19200,F,2,21,True,True,True,40.0,,9,fff2f01e7abb7b21a09553a0741bd629f6a17cd5fe618f93ebeebd932bf650fe
SC-real-19200,F,2,22,True,True,True,40.0,,9,fff2f01e7abb7b21a09553a0741bd629f6a17cd5fe618f93ebeebd932bf650fe
SC-real-19200,F,2,23,True,True,True,40.0,,9,fff2f01e7abb7b21a09553a0741bd629f6a17cd5fe618f93ebeebd932bf650fe
SC-real-19200,F,2,24,True,True,True,40.0,,9,fff2f01e7abb7b21a09553a0741bd629f6a17cd5fe618f93ebeebd932bf650fe
SC-real-19200,F,2,25,True,True,True,40.0,,9,fff2f01e7abb7b21a09553a0741bd629f6a17cd5fe618f93ebeebd932bf650fe
SC-real-19200,F,2,26,True,True,True,40.0,,10,fff2f01e7abb7b21a09553a0741bd629f6a17cd5fe618f93ebeebd932bf650fe
SC-real-19200,F,2,27,True,True,True,40.0,,9,fff2f01e7abb7b21a09553a0741bd629f6a17cd5fe618f93ebeebd932bf650fe
SC-real-19200,F,2,28,True,True,True,40.0,,9,fff2f01e7abb7b21a09553a0741bd629f6a17cd5fe618f93ebeebd932bf650fe
SC-real-19200,F,2,29,True,True,True,40.0,,9,fff2f01e7abb7b21a09553a0741bd629f6a17cd5fe618f93ebeebd932bf650fe
SC-real-19200,F,2,30,True,True,True,40.0,,9,fff2f01e7abb7b21a09553a0741bd629f6a17cd5fe618f93ebeebd932bf650fe
SC-real-19200,F,2,31,True,True,True,40.0,,9,fff2f01e7abb7b21a09553a0741bd629f6a17cd5fe618f93ebeebd932bf650fe
SC-real-19200,F,3,0,True,True,True,40.0,,10,fff2f01e7abb7b21a09553a0741bd629f6a17cd5fe618f93ebeebd932bf650fe
SC-real-19200,F,3,1,True,True,True,40.0,,10,fff2f01e7abb7b21a09553a0741bd629f6a17cd5fe618f93ebeebd932bf650fe
SC-real-19200,F,3,2,True,True,True,40.0,,10,fff2f01e7abb7b21a09553a0741bd629f6a17cd5fe618f93ebeebd932bf650fe
SC-real-19200,F,3,3,True,True,True,40.0,,10,fff2f01e7abb7b21a09553a0741bd629f6a17cd5fe618f93ebeebd932bf650fe
SC-real-19200,F,3,4,True,True,True,40.0,,10,fff2f01e7abb7b21a09553a0741bd629f6a17cd5fe618f93ebeebd932bf650fe
SC-real-19200,F,3,5,True,True,True,40.0,,10,fff2f01e7abb7b21a09553a0741bd629f6a17cd5fe618f93ebeebd932bf650fe
SC-real-19200,F,3,6,True,True,True,40.0,,10,fff2f01e7abb7b21a09553a0741bd629f6a17cd5fe618f93ebeebd932bf650fe
SC-real-19200,F,3,7,True,True,True,40.0,,10,fff2f01e7abb7b21a09553a0741bd629f6a17cd5fe618f93ebeebd932bf650fe
SC-real-19200,F,3,8,True,True,True,40.0,,10,fff2f01e7abb7b21a09553a0741bd629f6a17cd5fe618f93ebeebd932bf650fe
SC-real-19200,F,3,9,True,True,True,40.0,,10,fff2f01e7abb7b21a09553a0741bd629f6a17cd5fe618f93ebeebd932bf650fe
SC-real-19200,F,3,10,True,True,True,40.0,,10,fff2f01e7abb7b21a09553a0741bd629f6a17cd5fe618f93ebeebd932bf650fe
SC-real-19200,F,3,11,True,True,True,40.0,,10,fff2f01e7abb7b21a09553a0741bd629f6a17cd5fe618f93ebeebd932bf650fe
SC-real-19200,F,3,12,True,True,True,40.0,,10,fff2f01e7abb7b21a09553a0741bd629f6a17cd5fe618f93ebeebd932bf650fe
SC-real-19200,F,3,13,True,True,True,40.0,,10,fff2f01e7abb7b21a09553a0741bd629f6a17cd5fe618f93ebeebd932bf650fe
SC-real-19200,F,3,14,True,True,True,40.0,,10,fff2f01e7abb7b21a09553a0741bd629f6a17cd5fe618f93ebeebd932bf650fe
SC-real-19200,F,3,15,True,False,False,5.266666666666667,,1,fff2f01e7abb7b21a09553a0741bd629f6a17cd5fe618f93ebeebd932bf650fe
SC-real-19200,F,3,16,True,True,True,40.0,,10,fff2f01e7abb7b21a09553a0741bd629f6a17cd5fe618f93ebeebd932bf650fe
SC-real-19200,F,3,17,True,True,True,40.0,,10,fff2f01e7abb7b21a09553a0741bd629f6a17cd5fe618f93ebeebd932bf650fe
SC-real-19200,F,3,18,True,True,True,40.0,,10,fff2f01e7abb7b21a09553a0741bd629f6a17cd5fe618f93ebeebd932bf650fe
SC-real-19200,F,3,19,True,True,True,40.0,,10,fff2f01e7abb7b21a09553a0741bd629f6a17cd5fe618f93ebeebd932bf650fe
SC-real-19200,F,3,20,True,True,True,40.0,,10,fff2f01e7abb7b21a09553a0741bd629f6a17cd5fe618f93ebeebd932bf650fe
SC-real-19200,F,3,21,True,True,True,40.0,,10,fff2f01e7abb7b21a09553a0741bd629f6a17cd5fe618f93ebeebd932bf650fe
SC-real-19200,F,3,22,True,True,True,40.0,,10,fff2f01e7abb7b21a09553a0741bd629f6a17cd5fe618f93ebeebd932bf650fe
SC-real-19200,F,3,23,True,True,True,40.0,,10,fff2f01e7abb7b21a09553a0741bd629f6a17cd5fe618f93ebeebd932bf650fe
SC-real-19200,F,3,24,True,True,True,40.0,,10,fff2f01e7abb7b21a09553a0741bd629f6a17cd5fe618f93ebeebd932bf650fe
SC-real-19200,F,3,25,True,True,True,40.0,,10,fff2f01e7abb7b21a09553a0741bd629f6a17cd5fe618f93ebeebd932bf650fe
SC-real-19200,F,3,26,True,True,True,40.0,,10,fff2f01e7abb7b21a09553a0741bd629f6a17cd5fe618f93ebeebd932bf650fe
SC-real-19200,F,3,27,True,True,True,40.0,,10,fff2f01e7abb7b21a09553a0741bd629f6a17cd5fe618f93ebeebd932bf650fe
SC-real-19200,F,3,28,True,True,True,40.0,,10,fff2f01e7abb7b21a09553a0741bd629f6a17cd5fe618f93ebeebd932bf650fe
SC-real-19200,F,3,29,True,False,False,9.233333333333333,,2,fff2f01e7abb7b21a09553a0741bd629f6a17cd5fe618f93ebeebd932bf650fe
SC-real-19200,F,3,30,True,True,True,40.0,,10,fff2f01e7abb7b21a09553a0741bd629f6a17cd5fe618f93ebeebd932bf650fe
SC-real-19200,F,3,31,True,True,True,40.0,,10,fff2f01e7abb7b21a09553a0741bd629f6a17cd5fe618f93ebeebd932bf650fe
