v -0.009353900328 0.0002011897741 -0.002205533907
v -0.009288795292 -0.001023764024 -0.002206892706
v -0.009278602898 0.00151789852 -0.002207106911
v -0.009133733809 0.0002011881152 0.001489867456
v -0.009085735306 -0.002267032396 -0.00221112743
v -0.009061885998 -0.001003729762 0.001506235451
v -0.009061884135 0.001406110241 0.001506234519
v -0.009052101523 0.002817214932 -0.002211825922
v -0.008989643306 0.0002011891047 0.006788828876
v -0.00892419368 0.001305330661 0.006787461229
v -0.008920209482 -0.0009361669654 0.006787380204
v -0.00889666751 -0.001115517807 0.006786888931
v -0.008846698329 -0.002208055928 0.001551277004
v -0.008846698329 0.00261043245 0.001551277004
v -0.008728688583 -0.003536559176 -0.002218564972
v -0.008722955361 0.002437168034 0.00678326888
v -0.008691847324 0.004044705071 -0.002219333313
v -0.008658841252 -0.00229119556 0.006781933364
v -0.008561819792 -0.0003592855646 -0.002222044393
v -0.008550001308 0.0001999433734 0.006779660471
v -0.008550001308 0.0001999436645 0.009499995969
v -0.008549999446 0.0001999451779 0.00899999775
v -0.008549999446 0.0002000019886 0.0191509407
v -0.008549986407 0.0001860129414 0.01916116104
v -0.008549986407 0.0002139882126 0.01916115545
v -0.008541753516 0.0005515905796 0.01940764673
v -0.008529076353 0.0007598274387 0.01955952868
v -0.008529027924 0.0007604772691 0.009499998763
v -0.008506078273 0.0002000003005 0.001458303072
v -0.008488690481 -0.003411192913 0.001618860289
v -0.008488690481 0.003813571297 0.001618865877
v -0.008485095575 -0.00035928539 0.001458529383
v -0.008484646678 0.0007672671927 0.001459943131
v -0.008481824771 -0.0008089583134 0.01988630369
v -0.008425896987 0.001558740507 0.02013959922
v -0.008394787088 0.001870095846 -0.002225528471
v -0.008362345397 -0.001467219903 0.02036173828
v -0.00836195983 -0.001468908158 0.009500001557
v -0.008342500776 0.003699943423 0.006775340065
v -0.008341591805 -0.003300056327 0.006775319576
v -0.008318534121 -0.001464794041 0.001464511268
v -0.00831777975 0.001870095846 0.001468705013
v -0.008282927796 -0.001783621148 0.02058803663
v -0.008233767003 -0.004758674186 -0.002228883095
v -0.008233767003 0.005161052104 -0.002228885889
v -0.008214749396 0.002417287556 0.006772676017
v -0.008214715868 -0.002017393243 0.00677267462
v -0.008213909343 0.002420002595 0.00899999775
v -0.008213909343 0.002420003526 0.009499997832
v -0.008213875815 -0.002020110376 0.008999999613
v -0.008213873953 -0.002020109445 0.009499998763
v -0.008200310171 0.0002000003005 5.394220352e-06
v -0.008175231516 -0.002141170204 0.02084141597
v -0.008175231516 0.002541170456 0.02084141225
v -0.008147507906 0.004199163988 0.006802553311
v -0.008064452559 -0.00253886776 -0.002232413739
v -0.008049508557 -0.004025774077 0.006835630164
v -0.008044062182 -0.001286635059 5.396082997e-06
v -0.00804406032 0.00168663403 5.392357707e-06
v -0.00803155452 0.00294005638 0.02114953473
v -0.00803155452 0.002940057777 0.009499996901
v -0.007988389581 -0.004612549208 0.001702887006
v -0.007988389581 0.005014927126 0.0017028898
v -0.007983513176 0.002950000577 0.001485285349
v -0.00798271969 -0.002549999394 0.001478310674
v -0.007959412411 0.00294999918 0.002641514875
v -0.007958542556 -0.002550001722 0.002638280392
v -0.007896544412 -0.002861833666 0.02143905871
v -0.007829964161 -0.0044990764 0.006948632188
v -0.007829954848 0.004901449196 0.006949409842
v -0.007808174938 -0.005588875618 -0.002237753943
v -0.007772501558 -0.003001781181 0.002181987278
v -0.007771506906 0.003406340256 0.002180216834
v -0.00768327713 0.003699949011 0.006761597469
v -0.007683223113 -0.003300050739 0.006761593744
v -0.0076634828 0.005231249612 0.007065961603
v -0.007662087679 -0.004831581842 0.007066029124
v -0.007649479434 0.002950001508 2.896413207e-06
v -0.007649470121 -0.002549998462 2.870336175e-06
v -0.007599178702 0.006352594122 -0.002242114395
v -0.007578196004 0.003951189108 -0.002242550254
v -0.007568784058 0.0001999993692 -0.001440029591
v -0.007545191795 0.003949999809 0.02219254337
v -0.007545189932 -0.003549999092 0.009500002488
v -0.007545189932 -0.003549998626 0.02219253965
v -0.007536121644 0.005469785072 0.00717146555
v -0.007516663522 -0.00350826839 0.001824246719
v -0.007516663522 -0.002549998928 0.001824245788
v -0.007514534518 0.002950000111 0.001821872778
v -0.007514532655 0.003914476838 0.001821870916
v -0.007497219369 0.006519963499 -0.00224423781
v -0.007494516671 0.003950170241 0.001799949445
v -0.007470881566 -0.005185527261 0.00722952513
v -0.007442736998 0.002950001974 -0.0005276883021
v -0.007440233603 -0.002549998462 -0.0005334056914
v -0.00742633082 -0.001155330916 -0.001440030523
v -0.00742633082 0.001555331401 -0.001440029591
v -0.007261930034 -0.003150001634 0.02280000225
v -0.007261928171 0.003150000703 0.02279999852
v -0.007240743376 0.006199900992 0.003643735312
v -0.007240712643 -0.005797496997 0.003644655459
v -0.007238938473 0.004436395597 0.006820722017
v -0.007238876075 -0.00403648708 0.006820725277
v -0.00723572541 0.004441085737 0.009000000544
v -0.007235724479 0.004441086669 0.009500000626
v -0.007235661149 -0.004041179549 0.009000000544
v -0.007235661149 -0.004041178618 0.009500000626
v -0.007203279994 0.00604654057 0.007512380835
v -0.007143920287 0.004509621765 0.00149996765
v -0.007139503956 -0.005748005584 0.007586979307
v -0.007089506835 -0.006736839656 -0.002252734266
v -0.007005204447 0.002851427533 -0.001440031454
v -0.007005203515 -0.002451427281 -0.00144002866
v -0.006946877576 -0.004474983551 -0.002255711704
v -0.006913738325 0.00487617217 0.02354670316
v -0.006913736463 -0.004476173315 0.0235467013
v -0.0069137346 0.004876174964 0.009499996901
v -0.006871791556 -0.004474983551 0.001346342266
v -0.00686782226 -0.007044011261 -0.002257362008
v -0.006845027208 0.00660527451 0.007995009422
v -0.006844057702 -0.006204400677 0.007993969135
v -0.006798196584 -0.006224240642 0.01107979938
v -0.006781050935 0.006651473697 0.01312702894
v -0.006774942391 0.006670482922 0.01426860131
v -0.006768207997 0.006730721332 0.01735527813
v -0.006766566075 0.006733189337 0.01735524088
v -0.006766564213 -0.006330809556 0.01735524088
v -0.006751650944 0.00592199387 0.01807067916
v -0.006751617417 -0.005519612692 0.01807232387
v -0.006745617837 0.007607765961 -0.002259902656
v -0.006734105758 -0.002550001722 0.001288395375
v -0.006734102964 -0.004643997643 0.001288394444
v -0.006724976003 0.002950000111 0.001284975559
v -0.006724976003 0.005057224073 0.001284973696
v -0.006706482731 -0.005317849107 0.01819748059
v -0.006706252694 0.00571965985 0.01819636859
v -0.006668797694 -0.0065107462 0.02204542048
v -0.0066687949 0.006913125049 0.02204541676
v -0.006667321548 0.0069056754 0.02211620286
v -0.006666828878 -0.00649667019 0.02213992365
v -0.006665279157 0.006861084141 0.02221413143
v -0.00666506961 -0.006451062392 0.02222419344
v -0.006663778797 -0.006384278648 0.02228604257
v -0.006663549691 0.006769814529 0.02229707874
v -0.006662517786 0.006658208091 0.0223466102
v -0.006662490778 -0.006251596846 0.0223479066
v -0.006661836058 -0.005519615952 0.02237940021
v -0.006661836058 0.006416950841 0.02237940021
v -0.006661834195 -0.006014573388 0.02237939835
v -0.006661834195 0.005921993405 0.02237939648
v -0.006657201797 -0.00545212999 0.02238221653
v -0.006648911163 0.0002000008826 -0.002721398138
v -0.006645940244 0.006386472378 0.007776649203
v -0.006645847112 -0.005986558739 0.007776642684
v -0.006620513275 0.005724190734 0.02240459248
v -0.006618274376 -0.005316758063 0.0224059578
v -0.006612568162 0.005230690353 0.007043821737
v -0.006612489931 -0.004830775782 0.007043822668
v -0.006607423536 0.0077838297 -0.002262787893
v -0.006586151198 -0.005256703123 0.02242564783
v -0.006584260613 -0.005150397774 0.01828748547
v -0.00658335723 0.005551938899 0.01828661375
v -0.006578972563 -0.005245571025 0.02243005857
v -0.006526563317 0.00136407814 -0.0027214
v -0.006526561454 -0.0009640778881 -0.002721399069
v -0.006494527683 -0.005148316268 0.02248229831
v -0.00648659002 0.005543779582 0.02248724364
v -0.006443377584 0.007382557727 0.003783365712
v -0.006443345919 -0.006980151404 0.003784306347
v -0.006439049728 0.006386473309 0.01770159043
v -0.006438957527 -0.005986560136 0.0177015923
v -0.006409071386 -0.005046937615 0.01833593845
v -0.006407333538 0.00544871157 0.01833499782
v -0.00640336331 0.006518418435 0.007896807045
v -0.006403269246 -0.006118502002 0.007896804251
v -0.006397066638 -0.005059172865 0.02044225298
v -0.006395410746 0.00546085462 0.02044210956
v -0.006383279338 -0.005073152017 0.02255208232
v -0.006381699815 0.005474749953 0.02255308442
v -0.006331525743 0.002950001042 -0.002291124314
v -0.00632795319 -0.002550000325 -0.002295255661
v -0.006289241835 -0.00512751285 0.001176652499
v -0.006287504919 0.007348395418 0.01330871601
v -0.006287496537 -0.006946031004 0.01330959145
v -0.006272032857 0.007396043278 0.02246922441
v -0.006261397153 0.007472494617 0.02230053395
v -0.006229530089 0.00729449559 0.02260725945
v -0.006223502569 0.00754160108 0.02078047208
v -0.006223499775 -0.007139227353 0.0207806658
v -0.006215563044 0.006645688787 0.008025239222
v -0.006215466186 -0.006245766766 0.008025229909
v -0.006184603088 0.005699079018 -0.002271596342
v -0.00616485998 -0.002077281941 -0.002721397206
v -0.00616485998 0.00247728359 -0.002721401863
v -0.006151296198 -0.005297889002 0.009500000626
v -0.006151296198 -0.005297888536 0.02518175915
v -0.006151296198 0.005697889719 0.02518175729
v -0.006151295267 -0.005297889002 0.01819749549
v -0.006145957857 -0.005302838515 0.02270478942
v -0.006136055104 0.007171733305 0.02270997688
v -0.006113041192 0.005699080415 0.001161289401
v -0.006063336506 -0.008013274521 -0.002274125814
v -0.006019406021 0.006645688787 0.01743528619
v -0.006019310094 -0.006245769095 0.01743528433
v -0.005907324143 -0.002549998928 -0.002740569413
v -0.005907248706 0.002949998714 -0.002740643919
v -0.005881337449 0.008606574498 -0.002277923748
v -0.005852325819 0.005960873794 0.01802561991
v -0.005792671815 -0.005577193573 0.001173320226
v -0.005792671815 -0.002550000325 0.001173319295
v -0.005776487291 0.005992888007 0.001175303012
v -0.00577648636 0.002950000111 0.001175296493
v -0.005709810182 0.006076748017 0.007503347006
v -0.005709720775 -0.005676818546 0.007503347006
v -0.005703121424 0.00608204538 0.009499997832
v -0.005703120492 0.006082047243 0.008999999613
v -0.005703033879 -0.005682115909 0.008999998681
v -0.005703032948 -0.005682114977 0.009499998763
v -0.005655983463 -0.008427198976 -0.002282623202
v -0.005637083203 -0.007771460805 0.02289672382
v -0.005615426227 -0.007855720818 0.02273621783
v -0.005608038977 -0.007661263924 0.02302784286
v -0.005595911294 -0.006665381137 0.008556437679
v -0.005595142022 0.007065846119 0.008557249792
v -0.005549516529 -0.005800362676 0.01784176938
v -0.005548965186 0.008442668244 0.003904463723
v -0.005548934452 -0.008040267974 0.00390542578
v -0.005529902875 -0.007528788876 0.02312569879
v -0.00548138842 0.0001999991655 -0.003782041371
v -0.0054397434 -0.005881133489 0.02319419011
v -0.005439741537 0.00628113281 0.02319418639
v -0.005394984968 0.007082881872 0.01685054228
v -0.005394177511 -0.006683399435 0.01684981771
v -0.005384552293 -0.0007213378558 -0.003782039508
v -0.005384552293 0.001121336245 -0.003782039508
v -0.005382117815 0.008427635767 0.01359699108
v -0.005382108502 -0.008025274612 0.01359786279
v -0.005336208269 0.006327010226 0.001282788813
v -0.005308398046 -0.00599560095 -0.002289863303
v -0.005281023681 0.008668446913 0.02090481296
v -0.005281020887 -0.00826607272 0.0209050104
v -0.005274901167 0.006396790966 0.01766794547
v -0.005274900235 0.006396791432 0.009499997832
v -0.005274900235 -0.005996790249 0.02706119604
v -0.005274900235 0.006396791432 0.02706119791
v -0.005269149318 0.006400708109 0.02332139015
v -0.005251794122 0.00859207008 0.02317822538
v -0.005233066157 -0.005995602347 0.001324082725
v -0.005231933668 0.008476515301 0.02330493554
v -0.005221981555 0.008680848405 0.02302281931
v -0.005165912211 0.007229860406 0.0160641782
v -0.005165806971 -0.006829929072 0.01606417447
v -0.005163678899 0.008337829262 0.02339942008
v -0.005105410703 0.009314287454 -0.002294098958
v -0.005098273046 -0.001602405799 -0.003782041371
v -0.005098272115 0.002002409194 -0.003782045096
v -0.005075098947 0.006528394762 0.007879055105
v -0.005074999295 -0.006128459703 0.007879055105
v -0.005008102395 0.007395485882 0.009175635874
v -0.005007994361 -0.006995550822 0.009175631218
v -0.004975792952 -0.007007457316 0.009624764323
v -0.0049754465 0.007407630328 0.009625178762
v -0.004916272126 0.006626658142 0.01743287407
v -0.004904736765 -0.006233582273 0.01742524281
v -0.004904082045 0.002949998248 0.001504898071
v -0.004904081114 -0.006205206271 0.001504895277
v -0.004904081114 0.00660758419 0.001504895277
v -0.004904080182 -0.002550000325 0.001504895277
v -0.004844046198 -0.009112880565 -0.002299547195
v -0.004844045267 0.00951526314 -0.002299547195
v -0.004811660387 -0.007021788508 0.01616957411
v -0.004811287858 0.00742198294 0.01616891846
v -0.004749030806 0.002949999645 -0.003647663631
v -0.004745060578 -0.002550001256 -0.003650143743
v -0.004635068588 0.00280470401 -0.003782041371
v -0.004635067657 -0.002404703293 -0.003782045096
v -0.004613921046 -0.008798434399 0.02368724532
v -0.004611417651 -0.008673491888 0.02380670421
v -0.004586210474 -0.008914571255 0.003985987976
v -0.004574067891 0.009309209883 0.00439878786
v -0.00456727948 -0.008894090541 0.02354003116
v -0.004560414702 -0.008523358963 0.0238950327
v -0.004546329379 0.007613220252 0.009868346155
v -0.004546271637 -0.007213251665 0.009868238121
v -0.004509625025 0.006854396779 0.02394025587
v -0.004506625235 -0.006455956027 0.02394288778
v -0.004486398771 -0.009358245879 -0.002307001501
v -0.00448639784 0.009760626592 -0.002307002433
v -0.004480166361 -0.002549999394 -0.003807492554
v -0.004415922798 0.0093211364 0.01349193789
v -0.004411959089 -0.008926654235 0.01382014342
v -0.004411415197 -0.00722124381 0.01548528485
v -0.004411319271 0.007621283643 0.01548480056
v -0.004392914474 -0.007277062163 0.01026578993
v -0.004392595962 0.007677181158 0.01026738063
v -0.004369228147 0.006925527938 0.02900342084
v -0.004337836988 0.00695845671 -0.002310094424
v -0.004330065101 0.00769997295 0.01069256663
v -0.00432995148 -0.007300024852 0.01069256105
v -0.00430412963 -0.006557267159 0.009500000626
v -0.00430412963 -0.006557266228 0.01701512001
v -0.004304127768 -0.006557264831 0.02914302237
v -0.004294731654 -0.006561784074 0.02413361147
v -0.00428711623 0.007679215632 0.01509959623
v -0.00428669434 -0.007279412821 0.01509816945
v -0.004284030758 -0.009197664447 0.02098091319
v -0.004256943241 0.009621278383 0.0216674041
v -0.004246702418 0.007699972484 0.01469169743
v -0.004246587865 -0.007300025318 0.01469169185
v -0.004242674448 0.006961473264 0.001954035833
v -0.004192201421 0.009423849173 0.02418200299
v -0.004192201421 -0.009021469392 0.0241819974
v -0.004181122407 -0.009153312072 0.0240672268
v -0.004181120545 0.009555691853 0.0240672268
v -0.004153532907 -0.008862369694 0.02426580712
v -0.004153531976 0.009264748544 0.0242658034
v -0.004120164551 -0.009253062308 0.02392513864
v -0.00412016362 0.009655442089 0.02392513491
v -0.004117853008 0.0001999995438 -0.004575038329
v -0.004115371965 0.009981038049 -0.00231473241
v -0.004115371034 -0.009578660131 -0.002314737067
v -0.004050813615 -0.0004378428566 -0.004575038329
v -0.004050812684 0.0008378422935 -0.004575042054
v -0.003965661861 -0.009642080404 -0.002317856066
v -0.00393870566 0.009425484575 0.02447589114
v -0.003884315258 0.010065699 -0.002319547348
v -0.003870464629 0.007149458863 0.008657436818
v -0.003870359389 -0.006749500521 0.008657425642
v -0.003863321384 0.007152354345 0.009000000544
v -0.00386321987 -0.006752396468 0.009000001475
v -0.00386016327 0.007395494729 0.009151703678
v -0.003860054305 -0.006995539181 0.009151699953
v -0.003857455915 -0.009441701695 0.02416543849
v -0.003852900816 0.007156561594 0.009499999695
v -0.003852795577 -0.006756602321 0.009499998763
v -0.003852623282 0.001447806135 -0.004575038329
v -0.003852622351 -0.001047807746 -0.004575042054
v -0.003828262677 0.007699977607 0.01068210602
v -0.003828150919 -0.00730002299 0.0106820995
v -0.003744899062 0.007699977141 0.01468123775
v -0.003744787304 -0.007300023455 0.01468123123
v -0.003727284959 -0.009676937945 -0.002322823741
v -0.003714361927 0.007421991322 0.0161460489
v -0.003714240855 -0.007021781057 0.01614669152
v -0.00370508316 0.007214308251 0.01659118198
v -0.003704976989 -0.006814350374 0.01659118757
v -0.003655544249 0.01007428765 -0.002324318513
v -0.003622440388 -0.009239615873 0.02480680682
v -0.003618104151 0.009644804522 0.02481152862
v -0.003607663093 0.007250415161 0.02482091263
v -0.003607663093 -0.006850416306 0.0248209089
v -0.003558951197 -0.009651002474 -0.002326334827
v -0.003531944705 0.002003236907 -0.004575040191
v -0.003531943774 -0.00160323747 -0.004575038329
v -0.003513292177 0.009854842909 0.02489653975
v -0.003513292177 -0.009452462196 0.02489653416
v -0.003500599181 0.009975505993 0.02482167073
v -0.003500597319 -0.009573126212 0.02482166886
v -0.003481334774 0.01002259273 -0.002327953465
v -0.003456732957 -0.009673078544 0.02472997457
v -0.003456732025 0.01007545553 0.02472997457
v -0.003455945989 0.01025399938 -0.001481633633
v -0.003455024911 -0.009851953015 -0.001480401494
v -0.003427383257 -0.009589118883 -0.002329075709
v -0.00339865475 0.007322768215 0.0310848169
v -0.00339865475 -0.003150000703 0.03108482063
v -0.003398652887 0.0031500021 0.0310848169
v -0.003398652887 -0.006922766101 0.0310848169
v -0.003382905154 0.01014511008 0.001403545961
v -0.003381907707 -0.009743160568 0.001403512433
v -0.003359400434 0.009935402311 -0.002330493182
v -0.003328126622 -0.009499119595 -0.002331146039
v -0.00329459901 -0.006965606473 -0.0023318436
v -0.003274503862 0.009811340831 -0.002332260832
v -0.003270352026 0.007343189791 0.002614302561
v -0.003262447892 -0.009380219504 -0.002332515083
v -0.003260664409 0.007366795558 0.03135218099
v -0.003252298338 0.01006347127 0.006182014942
v -0.003251661314 0.007369565777 0.02522742189
v -0.003251316724 -0.009661536664 0.00618202053
v -0.003240049584 0.009648742154 -0.002332983539
v -0.003240049584 -0.009246361442 -0.002332983539
v -0.003234435571 0.007386271376 -0.002333096229
v -0.003234435571 -0.006983893923 -0.002333095297
v -0.003190360731 -0.006965605076 0.00266862195
v -0.003139781533 0.01011181716 0.01284589432
v -0.0031387934 -0.009709902108 0.0128459353
v -0.003102793125 -0.002079857048 -0.004575043917
v -0.003102793125 0.002479858696 -0.004575042054
v -0.003060922725 -0.007025382947 0.0316663906
v -0.003051851643 0.01030926779 0.01838358305
v -0.003050852334 -0.009907350875 0.01838359423
v -0.003026030725 -0.009589108638 0.02550994605
v -0.002975193551 0.007448698394 0.02557232417
v -0.002972225426 -0.007049487904 0.02557618544
v -0.002967711305 -0.009999163449 -0.0007728077471
v -0.002965673571 0.01040206291 -0.0007696477696
v -0.002873136429 0.01021778118 0.02567012422
v -0.002873134566 -0.009815401398 0.02567012422
v -0.002870311728 -0.01001905557 -0.0008342321962
v -0.002868923126 0.01042219345 -0.0008306810632
v -0.002867312869 0.01007267553 0.02571727335
v -0.002867312869 -0.009670297615 0.02571726777
v -0.002850379562 0.01046873908 0.02342626452
v -0.002849414712 0.01044137869 0.02521433122
v -0.002849395154 -0.01006681006 0.02342616208
v -0.002841278678 0.01034932025 0.02559987083
v -0.002841278678 -0.009946942329 0.02559986897
v -0.002836459083 0.002950001042 -0.004476267844
v -0.002832686296 -0.002549998928 -0.004477262497
v -0.002774195513 0.01045484561 0.02551262267
v -0.002774194581 -0.01005246863 0.02551261894
v -0.002769732615 -0.01001203712 -0.0008934820071
v -0.002769049024 0.01041573938 -0.0008895713836
v -0.002671459457 -0.009978959337 -0.0009474027902
v -0.002671318827 0.01038281433 -0.0009431689978
v -0.002655588789 0.002950000577 -0.004521595314
v -0.002655307529 -0.002550000325 -0.004521662369
v -0.002652751049 -0.01013492513 0.02544786036
v -0.002624614863 0.003149998374 0.03217841685
v -0.002624613931 0.007532842923 0.03217841685
v -0.002624613 -0.003149999306 0.03217841312
v -0.002624612069 -0.007132843137 0.03217841685
v -0.002618617145 0.0002000013192 -0.005065318197
v -0.002612554235 0.007539810613 -0.001434876584
v -0.002612554235 -0.007137430366 -0.001434882171
v -0.002612042939 -0.009463737719 -0.0014219312
v -0.002610714873 0.009866492823 -0.001419835724
v -0.002584338887 -0.0001261326834 -0.00506532006
v -0.002584338887 0.0005261360784 -0.005065321922
v -0.002583927242 0.00285683712 -0.004575040191
v -0.002583926311 -0.002456837799 -0.004575043917
v -0.002580997301 0.01032534707 -0.0009886166081
v -0.002580937697 -0.009920812212 -0.0009928736836
v -0.002503304509 0.0102463318 -0.001023236662
v -0.002502983203 -0.009840698913 -0.001027486287
v -0.002483005403 0.0008380132494 -0.005065316334
v -0.002483002609 -0.0004380124738 -0.00506532006
v -0.002442314988 0.01014994178 -0.001045214012
v -0.002441917313 -0.009743419476 -0.001049368642
v -0.002405373147 0.01028321218 0.0263812039
v -0.00240514311 -0.009880929254 0.02638155594
v -0.00240101642 -0.007177314255 0.02638815343
v -0.002401015488 0.007577314042 0.02638815902
v -0.002319038613 -0.0007220102707 -0.005065316334
v -0.002319038613 0.001122011105 -0.00506532006
v -0.002312578959 -0.002549999394 -0.004593649879
v -0.002312563127 0.002949999645 -0.004593659192
v -0.002247128403 0.002949997783 0.00330914557
v -0.00224712654 0.007590985391 0.003309143707
v -0.00224712654 -0.002550000325 0.003309141845
v -0.002247125609 -0.00718860561 0.003309141845
v -0.002235376975 -0.01022643317 0.02645393647
v -0.002167816041 -0.007216229569 0.03255991265
v -0.002155725611 0.007619109005 -0.0006756111979
v -0.002155249706 -0.007218115032 0.02678628638
v -0.002145024715 0.01073780656 0.02637202665
v -0.002145023784 -0.01033542678 0.02637202293
v -0.002099611564 0.001365708536 -0.005065314472
v -0.002099609701 -0.0009657096816 -0.005065318197
v -0.002081705956 0.007617421448 0.003415627405
v -0.002077816753 0.007629240397 0.03262172267
v -0.002044657944 0.007634223904 -0.0004602363333
v -0.002044657944 0.01000010781 -0.0004602400586
v -0.002044657944 -0.007231845055 -0.0004602335393
v -0.002044656081 -0.009597728029 -0.0004602372646
v -0.002043924062 -0.009707652964 -0.0004342561588
v -0.002043820685 0.01010798104 -0.0004349779338
v -0.002041900298 -0.009827214293 -0.0003481134772
v -0.002041519387 0.01023313683 -0.0003440631554
v -0.002040934516 -0.009873977862 -0.000296539627
v -0.002040576888 0.01027591247 -0.0002964735031
v -0.002036094433 -0.01002381742 -3.702752292e-05
v -0.002035466721 0.01042972133 -2.781767398e-05
v -0.002034012927 -0.01005818322 5.354359746e-05
v -0.002032612218 0.01047588699 0.0001005968079
v -0.002026714152 -0.01002624445 0.02700823918
v -0.002026470145 -0.01014455874 0.0004084827378
v -0.002026253147 0.01054760162 0.0004128552973
v -0.002023841953 -0.01016695239 0.0005911244079
v -0.002022709465 0.01057623141 0.0006925724447
v -0.002016060753 0.01057561394 0.0009116353467
v -0.00201605889 -0.01017323416 0.000911636278
v -0.002000001958 0.007639588788 0.02950000204
v -0.001999999164 0.005500000902 0.02950000204
v -0.001952940365 -0.002549999394 -0.004650164396
v -0.001952752238 0.002950000577 -0.00465018861
v -0.001934884815 0.01049705595 0.004776182584
v -0.001931823557 0.007647979073 0.02898225561
v -0.001931781648 0.007647984196 0.03001789749
v -0.001902864082 -0.01008654665 0.006357450504
v -0.001900001196 0.007299998775 3.725290298e-09
v -0.001900000265 0.00549999997 -2.793967724e-09
v -0.001873206114 0.007399999537 2.793967724e-09
v -0.001835260307 0.007299998309 -0.0004917550832
v -0.001835260307 0.007299998775 0.0004917578772
v -0.001834308496 0.00155846437 -0.005065321922
v -0.001834307564 -0.001158460858 -0.005065321922
v -0.001820837846 -0.01011258643 0.0103590358
v -0.001819371944 0.01051525865 0.01035899669
v -0.001809377922 0.007400000002 -0.0004848204553
v -0.00180937699 0.007400000934 0.000484822318
v -0.001808984904 0.002950000111 -0.004667434841
v -0.001807026332 0.01052384917 0.01096004713
v -0.001805492444 -0.002549999394 -0.004667812958
v -0.001800001366 0.007473204285 1.862645149e-09
v -0.001778488746 0.01051043533 0.02746476978
v -0.001778487815 -0.01010805741 0.02746476978
v -0.001774923643 -0.01015099045 0.01259524748
v -0.001768917544 -0.007265463006 0.02748317085
v -0.001766716829 0.01066119596 0.02743519656
v -0.001758827595 -0.01028963272 0.02742630057
v -0.001743083587 0.01073804777 0.0274109412
v -0.001738667255 0.007473204751 0.0004658745602
v -0.001738666324 0.007473205216 -0.0004658764228
v -0.001732052071 0.005499999505 0.03050000221
v -0.001732052071 0.007668922655 0.03050000221
v -0.00173205114 0.00549999997 0.02849999815
v -0.00173205114 0.007668923121 0.02849999815
v -0.001717315754 -0.01023012586 0.02753165737
v -0.001717313891 0.01063250285 0.02753165737
v -0.001713242149 0.01091399509 0.02675944567
v -0.001699998742 0.007500001695 -2.793967724e-09
v -0.001694609178 0.01082928944 0.027371509
v -0.001694608247 -0.01042691059 0.02737150528
v -0.001692619873 0.01067248173 0.01650399156
v -0.001675998559 0.01082734391 0.0274163112
v -0.001675996697 -0.01042496413 0.02741631866
v -0.001649442827 -0.01048190147 0.02733943425
v -0.001649342244 0.01075217314 0.01851608977
v -0.001645448385 0.005500000902 -0.0009500011802
v -0.001645448385 0.007300000172 0.0009500030428
v -0.001645447453 0.005500001367 0.0009499974549
v -0.001645447453 0.007300002035 -0.0009500021115
v -0.001642074203 0.007500000298 -0.0004399958998
v -0.001642073272 0.007500000764 0.0004399940372
v -0.001627560472 -0.007268936373 0.003653906286
v -0.001622244483 0.007399999071 -0.0009366041049
v -0.001622244483 0.007399999071 0.0009366022423
v -0.001621107338 -0.01034092996 0.02757118456
v -0.001621106407 0.01074330788 0.02757118456
v -0.001615753165 -0.01040712744 0.02012047544
v -0.001615395537 0.01091559976 0.02731683105
v -0.001601147233 0.01076080371 0.02757493965
v -0.001601146301 -0.01035842486 0.02757494524
v -0.001583187142 -0.01053716522 0.02729634009
v -0.00155884563 0.007473205682 0.0008999994025
v -0.00155884563 0.007473206148 -0.0009000003338
v -0.001548627857 0.01087360922 0.02333334647
v -0.001547348453 -0.01047111116 0.0232581012
v -0.001534732059 -0.001291845576 -0.005065316334
v -0.001534728566 0.001691845362 -0.00506532006
v -0.00153462938 0.01096738968 0.02726671845
v -0.001519521466 0.01093919482 0.02741304971
v -0.001519520767 -0.01053681597 0.0274130553
v -0.001500001177 0.005199999083 -8.927651701e-20
v -0.001500001177 0.005499999505 0.02950000018
v -0.001500000246 0.002949999645 1.862645149e-09
v -0.001500000246 -0.003149999771 0.02950000018
v -0.001500000013 -0.006680000108 1.862645149e-09
v -0.001500000013 0.003150000703 0.02950000204
v -0.00149999978 -0.007286486682 0.02949999832
v -0.001499999315 -0.002549997997 -1.862645149e-09
v -0.001499313395 0.00768600544 0.0006060274318
v -0.001498921309 -0.007283649407 0.0006068730727
v -0.00149830291 -0.01043008361 0.0275793504
v -0.001498301513 0.01083246153 0.02757934667
v -0.001496707089 -0.01052130852 0.02558290772
v -0.001472244272 0.007499999367 0.0008499976248
v -0.001472244039 0.007499999832 -0.000850004144
v -0.001468758099 0.01099058427 0.02716688998
v -0.001468758099 -0.01058820635 0.02716688998
v -0.001467487775 0.01099253353 0.02722783573
v -0.001467485446 -0.01059015375 0.02722783759
v -0.001453561243 0.007689133752 0.03295683116
v -0.001453561243 -0.003150000237 0.03295683116
v -0.001453559846 -0.007289134432 0.03295683116
v -0.00145355938 0.003150001634 0.03295682743
v -0.001453205012 0.007689152379 0.02812588401
v -0.001453204313 0.00763362553 0.02812588029
v -0.001448853174 -0.00728938682 0.02988835983
v -0.001448778668 -0.00728939008 0.02911136299
v -0.001441922504 0.01099845767 0.0272136014
v -0.001441920409 -0.01059607789 0.02721360326
v -0.001434841892 0.007690119557 0.03089327924
v -0.001432919409 -0.0102222478 0.001941466704
v -0.001432917081 0.01062462945 0.001941466704
v -0.00140610314 0.01097761281 0.02739592083
v -0.001406102441 -0.01057523303 0.02739591897
v -0.001360447146 0.01089210715 0.0275558047
v -0.001360445749 -0.0104897283 0.02755579911
v -0.001343504526 0.007299998309 0.001343505457
v -0.001343503594 0.007299999706 -0.001343501732
v -0.001335813198 -0.01020191796 0.001904051751
v -0.001335812034 0.01060430054 0.001904054545
v -0.001324557466 0.007399999071 -0.001324556768
v -0.001324555837 0.007400000468 0.001324553974
v -0.001301880926 -0.01023092959 0.002557331696
v -0.001301879529 0.01063330937 0.002557335421
v -0.001299854368 0.007651931606 0.02846427821
v -0.001299039694 0.00314999884 0.02875000052
v -0.001299038995 -0.002549999859 -0.0007500024512
v -0.001299038995 -0.007295864634 0.02875000238
v -0.001299038995 -0.007295864169 0.03024999984
v -0.001299038529 0.005199999548 -0.0007500005886
v -0.001299038529 0.005200000014 0.0007499968633
v -0.001299038529 0.002950001042 -0.0007499977946
v -0.001299038529 0.005500000436 0.02875000052
v -0.001299038064 0.002950001042 0.0007499996573
v -0.001299038064 -0.002549999394 0.0007500033826
v -0.001299038064 0.005500000436 0.03024999797
v -0.001299037598 -0.00314999884 0.02874999866
v -0.001299037598 -0.00314999884 0.03024999611
v -0.001299037365 -0.006679999642 -0.0007499977946
v -0.001299037132 -0.006679999642 0.0007499996573
v -0.001299037132 0.003150001634 0.03024999984
v -0.001279998571 -0.006899998989 -1.862645149e-09
v -0.001272792462 0.007473205216 0.001272791065
v -0.001272791531 0.007473206148 -0.001272794791
v -0.001225455664 -0.007297946606 0.02863498032
v -0.001225455198 -0.007257368881 0.02863497846
v -0.001222869847 -0.009114148095 0.02864099108
v -0.001222868916 0.009516529739 0.02864098921
v -0.001216501929 -0.01063887775 0.0271800831
v -0.00121650123 0.01104125846 0.02718007937
v -0.001213966403 0.001760023064 -0.005065318197
v -0.001213964541 -0.001360023394 -0.005065318197
v -0.001202083193 0.007499998901 -0.001202079467
v -0.001202082029 0.007500000298 0.001202077605
v -0.001187226735 -0.007261113264 0.02872439474
v -0.001186452806 -0.01061630063 0.0273628924
v -0.001186451409 0.01101867948 0.02736289054
v -0.001169219613 -0.008945351467 0.02876683883
v -0.00116921938 0.00934773311 0.02876683511
v -0.00116825616 0.01098261494 0.02744748443
v -0.001163685462 0.01050185505 0.001839067787
v -0.001163684996 -0.01009947434 0.001839064993
v -0.001160136191 -0.009241038002 0.02871969156
v -0.001160134561 0.009643416852 0.02871969342
v -0.001149431802 -0.008733176626 0.02881393768
v -0.001149430405 0.009135554545 0.02881393954
v -0.001149429008 0.007667025086 0.02881393582
v -0.001149429008 -0.007264642976 0.02881393582
v -0.001148749841 -0.0105289584 0.02752345987
v -0.001148749143 0.01093134005 0.027523458
v -0.001145582646 0.007699390408 0.01872585528
v -0.001139669912 0.007667908445 0.02883571386
v -0.001136057777 -0.007299506571 0.0187360663
v -0.001127956668 -0.007267250214 0.02851120383
v -0.001121618086 0.007669527084 0.02887001634
v -0.001108513679 -0.00689999992 0.0006400002167
v -0.001108512981 -0.006899998989 -0.0006399974227
v -0.001095937565 0.007699857932 0.003846937791
v -0.001095930813 -0.009013369679 0.0288805943
v -0.00109593058 0.009415751323 0.0288805943
v -0.001093030442 -0.007299875841 0.02073387057
v -0.001091448124 -0.007299883291 0.01872154512
v -0.001090048114 -0.007269895636 0.0289181564
v -0.001090001781 0.007672285195 0.02891821414
v -0.001089905854 0.009135554545 0.02891834639
v -0.001089904457 -0.008733174764 0.02891834453
v -0.001061475603 -0.007299991325 0.03055984341
v -0.001056208741 0.009757025167 0.02876962163
v -0.001056208741 -0.009354646318 0.02876962163
v -0.001054779626 0.007699998561 0.03119924851
v -0.001053062035 -0.007272981573 0.02896252647
v -0.001051518135 0.007699999027 0.02312928811
v -0.00105000264 0.0001999982051 -0.005231186748
v -0.001050000777 0.007699999958 0.03310000151
v -0.001050000079 -0.007300000172 0.01870696992
v -0.001049999613 -0.007299999241 0.02277599648
v -0.001045942307 -0.009929926135 0.001796609722
v -0.001045942074 0.01033230685 0.001796605065
v -0.001035938039 0.007699986454 0.006390160881
v -0.001033039996 0.007678936236 0.0277874507
v -0.001028507715 0.007701132912 0.001708372496
v -0.001025882782 -0.007275151554 0.02898942865
v -0.001020261087 -0.007276559249 0.02840042114
v -0.001007653773 -0.007276557386 0.02900532074
v -0.001007653307 0.007678936236 0.02900532447
v -0.001003401354 0.01012637001 0.001784162596
v -0.001003400423 -0.009723989293 0.001784162596
v -0.0009999992326 0.005500001367 0.03123204783
v -0.0009999992326 0.007699835114 0.03123204969
v -0.0009999987669 0.005500001367 0.02776794694
v -0.0009936997667 -0.007299789228 0.02551474981
v -0.0009926382918 0.0076997797 0.009000001475
v -0.0009889351204 0.007699750829 0.009249619208
v -0.0009873933159 0.009477478452 0.02896615304
v -0.0009873921517 -0.009075100534 0.02896614745
v -0.0009852750227 0.007699720096 0.009500002488
v -0.0009812293574 -0.007340291981 0.01885992475
v -0.0009715971537 -0.007298770361 0.001854727045
v -0.0009667498525 0.005500000436 9.313225745e-10
v -0.0009667489212 0.005200001411 -1.862645149e-09
v -0.0009648392443 0.007699515671 0.0186508242
v -0.0009574512951 0.007699429058 0.02774407528
v -0.0009552927222 -0.007298808545 0.003884250298
v -0.0009500007145 0.007299999241 -0.001645449549
v -0.0009500002488 0.00549999997 0.001645447686
v -0.0009499995504 0.007300001103 0.001645446755
v -0.0009499995504 0.005500001367 -0.001645446755
v -0.0009374003857 -0.007299153134 0.02832898311
v -0.0009366029408 0.007400000002 -0.001622245647
v -0.000936602708 0.007400000468 0.001622243784
v -0.0009259723593 0.007698974572 0.01396816317
v -0.0009213839658 0.009845242836 0.02878511883
v -0.0009213830344 -0.009442863055 0.0287851207
v -0.0009156779852 -0.007298796438 0.006417417899
v -0.0009092444088 -0.007298678625 0.003895291127
v -0.0009089978412 0.009135555476 0.02906894311
v -0.0009089962114 -0.008733174764 0.02906894311
v -0.0009085831698 -0.007302743848 0.029069148
v -0.0009085824713 0.007705120835 0.02906914987
v -0.000904626213 -0.007298589684 0.008999998681
v -0.0009035638068 0.007698570844 0.01860815845
v -0.0009031265508 -0.007298560347 0.009249615483
v -0.0009015677497 -0.007298531011 0.009499998763
v -0.0009000019636 0.007473203354 0.001558847725
v -0.0009000003338 0.007473205216 -0.001558842137
v -0.0008860365488 -0.001360025955 -0.005065318197
v -0.0008860360831 0.00176002318 -0.005065318197
v -0.0008826970588 0.009699415416 0.02891582064
v -0.0008826958947 -0.009297035635 0.02891582623
v -0.0008806053083 -0.007298087701 0.01862464845
v -0.0008774963208 0.007698016241 0.01857450791
v -0.0008713253774 0.007697871886 0.01854801364
v -0.0008677411824 -0.007297785021 0.01396777853
v -0.0008660261519 0.007499999832 -3.725290299e-09
v -0.0008660254534 0.006500001065 -3.725290299e-09
v -0.0008566339966 0.002949999645 0.003907194361
v -0.0008566339966 -0.002550000325 0.003907198086
v -0.0008566337638 0.007697506808 0.003907192498
v -0.0008530844934 -0.009124730714 0.02901521884
v -0.0008530842606 0.009527108632 0.02901521698
v -0.0008500022814 0.00749999797 -0.001472240314
v -0.0008500018157 0.007499998435 0.001472245902
v -0.0008450276218 0.00777871022 0.01894015446
v -0.000843653921 -0.007297161967 0.01859031431
v -0.0008372317534 0.005499999039 0.0004833750427
v -0.0008372312877 0.005499998573 -0.0004833750427
v -0.0008372310549 0.005200000014 -0.0004833769053
v -0.0008372308221 0.005199999548 0.00048337318
v -0.0008304305375 -0.007296785247 0.01856704056
v -0.0008269313257 -0.007296681404 0.01854708791
v -0.0008268761449 -0.01067689899 0.0272568129
v -0.0008253944106 -0.008733176626 0.02910107374
v -0.0008253927808 0.009135555476 0.0291010756
v -0.0007978710346 -0.01063052379 0.02738294192
v -0.0007755358238 -0.007294976618 0.03316893429
v -0.0007700440474 -0.009496943094 0.02876508422
v -0.0007700428832 0.009899323806 0.0287650805
v -0.0007695565 -0.007339735981 0.02911392413
v -0.0007695562672 0.007742114831 0.02911392413
v -0.0007644814905 0.00294999918 -0.004702985287
v -0.0007613608614 -0.002549998462 -0.004702862352
v -0.0007500024512 -0.007293998729 0.02820096537
v -0.0007500022184 -0.003150002565 0.03079904057
v -0.0007500015199 -0.003150001634 0.02820096351
v -0.0007500012871 0.00294999918 0.001299036667
v -0.0007500012871 -0.002550000791 0.001299040392
v -0.0007500010543 -0.006680000573 0.001299036667
v -0.0007500005886 0.002950000111 -0.001299040392
v -0.0007500005886 -0.002549999859 -0.001299036667
v -0.0007500005886 0.005499999505 0.02820095792
v -0.0007500001229 0.005199999548 -0.001299034804
v -0.0007500001229 0.003149999771 0.03079903685
v -0.0007499998901 0.005200001411 0.001299034804
v -0.0007499996573 -0.006680000108 -0.001299040392
v -0.0007499996573 0.003150000703 0.02820095979
v -0.0007499991916 0.005500001833 0.03079903685
v -0.0007499984931 -0.007293995935 0.03079903498
v -0.0007346996572 -0.01023691986 0.004254346248
v -0.0007346994244 0.01063929591 0.004254346248
v -0.0007337324787 -0.009342899546 0.02891171537
v -0.0007337308489 0.009745278396 0.02891171537
v -0.0007231805939 0.007811008487 0.01900155097
v -0.0007055297028 -0.009157889523 0.02902377583
v -0.0007055292372 0.009560267441 0.02902377769
v -0.0007014232688 0.007696232758 0.002600683831
v -0.0007014221046 -0.007293850649 0.002600684762
v -0.0006793357898 0.007701125462 0.01854401268
v -0.0006793355569 -0.007298747078 0.01854401641
v -0.0006779185496 -0.008733177558 0.0291204527
v -0.0006779176183 0.0077430089 0.02912045643
v -0.0006779176183 0.009135555476 0.02912045456
v -0.0006779164542 -0.007340628188 0.02912045084
v -0.0006735564675 -0.007340386976 0.01882952265
v -0.000673555769 0.007742765825 0.01882952079
v -0.0006483006291 -0.007298809942 0.01854336634
v -0.0006400006823 -0.006900001317 0.001108514145
v -0.000639999751 -0.00689999992 -0.00110851042
v -0.0006205728278 -0.007380182389 0.02901828289
v -0.0006205700338 0.00778256217 0.0290182773
v -0.0006110791583 -0.007293664385 0.007000789046
v -0.0006110782269 0.007696044631 0.007000787184
v -0.0005910922773 -0.007299675141 0.006883336231
v -0.0005731342826 0.007707099896 0.00684117293
v -0.0005654448178 0.01061495021 0.004212503787
v -0.0005652718246 0.001691843499 -0.00506532006
v -0.0005652704276 -0.001291843597 -0.005065321922
v -0.0005611244123 -0.01021187287 0.004211434629
v -0.0005255294964 0.007863473147 0.01908827573
v -0.0005255292635 -0.007461093832 0.01908827573
v -0.0005254358985 0.01064480562 0.004351808224
v -0.0005247015506 -0.01024254877 0.004353672732
v -0.0005164535251 0.007680996787 0.03143217042
v -0.0005163708702 -0.00732042687 0.006751333829
v -0.0005092800129 0.01064506453 0.004358742386
v -0.0005041921977 -0.01024288684 0.004362490028
v -0.0004953884054 0.007728572469 0.006725407206
v -0.0004946584813 0.01111304201 0.02705021389
v -0.0004946570843 -0.01071066316 0.02705021203
v -0.0004917576443 0.007299998775 0.00183526054
v -0.0004917569458 0.007299999706 -0.00183526054
v -0.0004911159631 0.007679147646 0.02756123804
v -0.0004848227836 0.00739999814 0.001809379086
v -0.0004848213866 0.007400000468 -0.001809379086
v -0.0004833764397 0.005199999083 0.0008372329175
v -0.0004833757412 0.00549999997 0.0008372282609
v -0.0004833750427 0.005200000014 -0.0008372273296
v -0.0004833743442 0.005500001367 -0.0008372329175
v -0.000474200584 -0.01070791855 0.02713778801
v -0.000473966822 0.01111037564 0.02713759802
v -0.0004658754915 0.007473204285 -0.001738662831
v -0.0004658752587 0.007473204751 0.001738666557
v -0.0004637502134 0.01110299863 0.02718086168
v -0.0004537305795 0.01109153498 0.02722339518
v -0.0004537296481 -0.01068915613 0.02722339705
v -0.0004399938043 0.007499998901 -0.001642070711
v -0.0004399921745 0.007500000764 0.001642076299
v -0.0004330142401 0.006499999203 -0.0007499996573
v -0.0004330140073 0.006499999203 0.0007499977946
v -0.0004330126103 0.007500000764 -0.000749998726
v -0.0004330126103 0.007500000764 0.000749998726
v -0.0004296854604 0.007746560499 0.006656405516
v -0.0004096312914 0.01052899379 0.004173970316
v -0.0004042016808 -0.01012273226 0.004172624554
v -0.0003870292567 -0.007270640228 0.02805078961
v -0.0003541985061 -0.007267653011 0.03095757961
v -0.0003516601864 0.01055405103 0.004316715058
v -0.0003456971608 -0.01014773455 0.004315637518
v -0.0003104144707 -0.01001440734 0.004149436951
v -0.0003096535802 0.01064646058 0.004431892652
v -0.000309652416 -0.01024408452 0.004431892652
v -0.0002994008828 0.01064644009 0.004435565788
v -0.0002989969216 0.01040014252 0.004146614578
v -0.0002961715218 -0.01024406496 0.004435473587
v -0.0002678111196 -0.00993323233 0.00413890928
v -0.0002670676913 0.01033594925 0.004138727207
v -0.0002661040053 0.01062225085 0.004427776672
v -0.0002656916622 0.001558463322 -0.005065321922
v -0.0002656911965 -0.001158462022 -0.00506532006
v -0.000258831773 -0.01021559536 0.004426556174
v -0.0002456340007 -0.01003250387 0.004290431272
v -0.0002443746198 0.007717899512 0.006697044708
v -0.0002420698293 0.007673243526 0.006993095856
v -0.0002399838995 -0.009845885448 0.00413204683
v -0.0002364097163 0.01023218129 0.004131168593
v -0.0002336709294 0.01041706372 0.004286993295
v -0.0002304753289 0.01064614952 0.00445117848
v -0.000227852026 0.01013976801 0.004129087552
v -0.0002278517932 -0.007412366103 0.004129087087
v -0.0002278513275 -0.009737390094 0.004129088018
v -0.0002278508618 0.007814743556 0.004129088484
v -0.0002232335974 -0.01024372038 0.004452140536
v -0.00021254085 -0.009737391025 0.0041736532
v -0.0002125403844 -0.007416218054 0.004173650872
v -0.0001717815176 0.01065493841 0.0102869859
v -0.0001717808191 -0.01025255769 0.01028698403
v -0.0001703610178 -0.009852995165 0.004271485377
v -0.0001668073237 0.01023820601 0.004270168487
v -0.0001573706977 -0.009737389162 0.004268238787
v -0.0001423936337 -0.01008136105 0.004396674223
v -0.0001352839172 0.01013976987 0.004294245038
v -0.000135282753 0.007838619873 0.004294247832
v -0.0001288952772 0.01046277862 0.004392564762
v -0.0001280442812 -0.007566590328 0.01926517487
v -0.0001280438155 0.007968968712 0.01926517673
v -0.0001042857766 -0.007432648446 0.006424571853
v -0.0001042836811 0.007835028693 0.006424568594
v -0.0001007497776 0.00763968518 0.003998730332
v -0.0001005530357 -0.007445358206 0.004327645991
v -0.0001005530357 -0.009737391025 0.004327649251
v -0.0001004948281 0.01064462494 0.004467215855
v -9.708688594e-05 -0.007337513845 0.02910834551
v -9.484239854e-05 -0.00723892916 0.003998871893
v -8.575362153e-05 0.007927246392 0.02876493707
v -8.575315587e-05 -0.00752486987 0.02876493521
v -8.185417391e-05 -0.01024192572 0.004468243569
v -7.812655531e-05 0.007636763155 0.03324918821
v -7.812608965e-05 -0.003149999771 0.03324918821
v -7.812562399e-05 0.003150000237 0.03324918821
v -7.710210048e-05 -0.01024183724 0.004468373489
v -5.482695997e-05 -0.00987216644 0.00437421212
v -5.114963278e-05 0.01025445666 0.004372627474
v -4.050321877e-05 0.01013976894 0.004369903356
v -3.972090781e-05 -0.009737390094 0.004370344337
v -1.574959606e-05 -0.0101540219 0.004451205954
v -3.906898201e-07 0.001365709468 -0.005065316334
v -3.890600056e-07 -0.0009657087503 -0.00506532006
v -1.862645205e-09 0.005499998108 0.000966751948
v -1.396983918e-09 0.005499998573 -0.0009667482227
v -1.396983917e-09 -0.006679999642 -0.00150000304
v -1.164153274e-09 0.007399999537 -0.001873204485
v -1.164153274e-09 0.007299998775 -0.001899997704
v -1.164153274e-09 0.005199999548 -0.001499997452
v -1.164153274e-09 0.005499999039 0.001900000498
v -9.313226307e-10 0.007499999832 -0.001699998975
v -9.313226305e-10 0.007399999071 0.00187320821
v -9.313226304e-10 0.005199999083 0.0009667500854
v -9.313226304e-10 0.005199999548 0.001499997452
v -9.3132263e-10 -0.002550000791 -0.001499999315
v -6.98491986e-10 0.007626135834 0.03149999678
v -6.984919859e-10 0.005500000436 0.03099999949
v -6.984919859e-10 0.003150000237 0.02799999714
v -4.656613432e-10 0.007500000298 0.001699997112
v -4.656613432e-10 0.007300000172 0.001899999566
v -4.656613432e-10 0.00549999997 -0.001900003292
v -4.656613432e-10 0.005199999548 -0.0009667500854
v -4.656613424e-10 -0.00689999992 -9.313225745e-10
v -4.656613424e-10 -0.006679998711 0.001500000246
v -4.656613418e-10 -0.003149999306 0.02800000273
v -2.328306989e-10 0.007626136299 0.02750000358
v -2.328306987e-10 0.005499999505 0.02800000273
v -5.56551692e-17 0.002950000111 0.001500000246
v -5.530598659e-17 -0.002549999859 0.001500003971
v -5.506703534e-17 0.005500000902 0.02749999613
v -5.44169012e-17 -0.00314999884 0.03099999763
v 2.328305885e-10 -0.006899999455 -0.001279998571
v 2.328305888e-10 0.003150001168 0.03099999949
v 4.656612314e-10 0.007473206148 0.001799996942
v 6.984918749e-10 0.007473206148 -0.00180000253
v 6.98491876e-10 0.005500000902 0.03149999678
v 9.313225196e-10 -0.006899998058 0.001279998571
v 1.164153162e-09 0.006434385665 -2.793967724e-09
v 1.396983806e-09 0.002950001974 -0.001500002109
v 2.034939825e-07 -0.007226108108 0.03100000322
v 2.202577888e-07 -0.007226102985 0.02799999714
v 2.346932887e-07 0.01053073909 0.004446539562
v 2.28411518e-05 0.007880395278 0.004398839083
v 2.284161746e-05 0.01013976987 0.004398838617
v 5.034683272e-05 -0.01019579917 0.004456733819
v 6.781541742e-05 -0.007216232363 0.02800153196
v 6.781658158e-05 -0.007216230035 0.03324938565
v 6.781681441e-05 -0.007216230966 0.03099846281
v 6.815744564e-05 -0.01049319003 0.01985389553
v 6.816000678e-05 0.01089556888 0.01985389367
v 6.914301775e-05 -0.009737391956 0.004412190523
v 6.91448804e-05 -0.007490346674 0.004412190989
v 9.004957974e-05 -0.009900602512 0.004423756152
v 9.409734048e-05 0.01027855929 0.00442219153
v 0.0001069374848 0.01013976894 0.004418861121
v 0.0001118050423 0.01063955296 0.004447828513
v 0.0001118059736 -0.01023717225 0.004447830375
v 0.0001308536157 0.01060843933 0.00444286922
v 0.0001402779017 -0.008718587458 0.02910339646
v 0.0001403456554 0.009120962583 0.02910339274
v 0.0001556843054 0.01095413696 0.02330522239
v 0.0001556859352 -0.01055175718 0.0233052168
v 0.0001651949715 -0.009140348993 0.02900916338
v 0.0001652613282 0.009542724118 0.0290091671
v 0.0001666164026 -0.009916944429 0.004426494241
v 0.0001815338619 -0.009483080357 0.02874524333
v 0.0001816039439 0.00988545455 0.02874524333
v 0.0001866407692 -0.009737389162 0.004421283025
v 0.0002081070561 0.01110093668 0.02687556297
v 0.0002081084531 -0.0106985569 0.0268755611
v 0.0002117999829 0.01110212412 0.02692680992
v 0.0002119478304 -0.01069975458 0.02692683786
v 0.0002122120932 0.007931015454 0.004418713506
v 0.0002122125588 0.01013976987 0.004418710712
v 0.0002168596257 -0.01046592928 0.02757078409
v 0.0002169404179 0.01086828671 0.02757079341
v 0.0002181718592 0.01103950758 0.02727385238
v 0.0002181888558 -0.01063714176 0.02727384865
v 0.0002190377563 0.001122010057 -0.005065318197
v 0.0002190391533 -0.0007220087573 -0.005065321922
v 0.0002287810203 0.00761741912 0.006983285304
v 0.0002367116977 -0.009932680055 0.004415320698
v 0.0002431182656 0.01030610874 0.004413655028
v 0.00025845645 -0.007541075815 0.004409660585
v 0.0002584578469 0.01013976987 0.004409662914
v 0.0002584578469 -0.009737391956 0.004409661982
v 0.0002584594768 0.007943456993 0.004409657326
v 0.0002736169845 0.002950000111 -0.004582136869
v 0.0002762991935 -0.002549999859 -0.004581626505
v 0.0002766055986 0.00807619933 0.01947496273
v 0.0002766074613 -0.007673818152 0.01947496459
v 0.0002969335765 -0.002550000325 -0.004577597603
v 0.0003736373037 -0.0102263093 0.004379684106
v 0.0003736375365 0.01062868722 0.004379683174
v 0.0003830029164 0.0008380148793 -0.005065321922
v 0.0003830038477 -0.000438012823 -0.005065318197
v 0.000390893314 -0.007226436865 0.01852170564
v 0.0003908943618 0.007628813386 0.01852170564
v 0.0004026150564 -0.007267675363 0.01880708709
v 0.0004026159877 0.00767005235 0.01880708523
v 0.0004215426743 -0.00715422025 0.02806044929
v 0.0004226348829 -0.007154001389 0.03093922697
v 0.0004249010235 0.007790334988 0.01906845905
v 0.000424901722 -0.007387953345 0.01906845905
v 0.0004330114461 0.007499999367 -0.0007500005886
v 0.0004330123775 0.0065000006 -0.0007500005886
v 0.0004330124939 0.0065000006 0.0007499968633
v 0.0004330140073 0.007500001695 0.0007499977946
v 0.0004399911268 0.007499998901 0.001642076299
v 0.0004399934551 0.007500001229 -0.001642076299
v 0.0004520302173 0.01005930267 0.004359275568
v 0.0004520306829 -0.009656924754 0.004359278828
v 0.0004520311486 -0.007593213115 0.004359278828
v 0.0004520320799 0.007995593362 0.0043592765
v 0.000465874793 0.007473205682 -0.001738665625
v 0.0004658750258 0.007473206148 0.001738664694
v 0.000469272607 0.007617420983 0.01852007397
v 0.0004702368751 0.01024166029 0.004354535602
v 0.0004833735293 0.005499999505 -0.0008372310549
v 0.0004833744606 0.00520000048 -0.0008372329175
v 0.0004833751591 0.005500000436 0.0008372310549
v 0.0004833760904 0.005200000945 0.0008372291923
v 0.000483924523 -0.002456837799 -0.004575036466
v 0.00048392592 0.002856838517 -0.004575040191
v 0.000484338263 0.0005261325277 -0.005065314472
v 0.0004843389615 -0.0001261336729 -0.00506532006
v 0.0004848206881 0.007400000468 -0.001809375361
v 0.000484820921 0.007400000002 0.001809376292
v 0.000491755316 0.007299999706 0.001835262403
v 0.0004917560145 0.007300000172 -0.001835258678
v 0.000509535661 -0.009976332076 0.004344305955
v 0.0005186161725 0.0001999991073 -0.005065318197
v 0.0005196373677 0.007533910219 0.03143131733
v 0.0005217017606 0.007533468772 0.02756923996
v 0.0005239564925 0.008005515672 0.006032999139
v 0.0005301519996 -0.007604819257 0.006028798409
v 0.000539953704 0.01022637077 0.004328695592
v 0.0005576056428 0.00752567919 0.0332083106
v 0.0005763270892 -0.009949383326 0.004319138825
v 0.0005941381678 -0.007757931482 0.01964535005
v 0.0005942287389 0.01055201329 0.004322265275
v 0.0006008888595 -0.002549998462 -0.00451072678
v 0.0006157488097 -0.007637564559 0.004271200392
v 0.0006157495081 0.01005930174 0.00427119853
v 0.0006157496246 0.008039942011 0.004271200858
v 0.0006157504395 -0.00965692196 0.00427119527
v 0.0006355498917 0.01061238721 0.004311510362
v 0.0006355514051 -0.01021000743 0.004311508965
v 0.0006399981212 -0.006900000852 -0.001108509488
v 0.0006399995182 -0.006899999455 0.001108516008
v 0.0006404102314 0.01061192714 0.004310229328
v 0.0006533031119 0.01019938942 0.004245504271
v 0.0006540806498 0.01051032636 0.004298850428
v 0.0006565258373 -0.007103271782 0.003945754841
v 0.0006565267686 0.002950001042 0.003945751116
v 0.0006565267686 -0.002549999394 0.003945754841
v 0.0006565274671 0.007503272966 0.003945751116
v 0.0006684905384 -0.01020759251 0.004301919136
v 0.0006841178983 -0.009901933372 0.004236918408
v 0.00070313178 -0.007092223968 0.03318349272
v 0.000713915797 0.01060655341 0.004285050556
v 0.0007231694181 0.008069566451 0.004119468387
v 0.0007231696509 -0.007667187136 0.004119466059
v 0.0007231703494 -0.009656923823 0.004119461402
v 0.0007231710479 0.0100593036 0.004119466059
v 0.0007256788667 0.01017931942 0.004138002172
v 0.0007261766586 0.01060561929 0.004279798828
v 0.0007265305612 0.01007244643 0.004111038521
v 0.0007280270802 -0.01020307932 0.004279287998
v 0.0007310929941 -0.01020283811 0.004277931061
v 0.000731106149 -0.007745784242 0.02839119732
v 0.0007311617956 0.00814817939 0.02839117125
v 0.0007419541944 -0.007253495045 0.02909085713
v 0.0007420086768 0.00765586691 0.02909085155
v 0.0007496520411 0.01043682359 0.004219328053
v 0.0007499982603 -0.007080797572 0.03079904057
v 0.0007499984931 -0.003150000703 0.02820096537
v 0.0007499989588 0.002950000111 0.001299036667
v 0.0007499989588 -0.002550000325 0.001299040392
v 0.0007499989588 0.005499999505 0.03079903498
v 0.0007499991916 -0.006679999642 0.001299036667
v 0.000749999308 0.005199999548 -0.001299042255
v 0.0007499995409 0.002950001042 -0.001299039461
v 0.0007499995409 0.005500000436 0.02820095979
v 0.0007499995409 -0.007080797106 0.02820096351
v 0.0007499996573 -0.002549999394 -0.001299035735
v 0.0007499996573 -0.003149999771 0.03079903498
v 0.0007499998901 0.003150000237 0.03079903685
v 0.0007500005886 -0.006679999642 -0.001299039461
v 0.0007500005886 0.003150001168 0.02820095979
v 0.0007500010543 0.005200001411 0.001299035735
v 0.0007520649815 -0.009866752662 0.004129978828
v 0.0007543931715 0.01016610116 0.004045194015
v 0.0007571197348 0.007518278435 0.00697227288
v 0.0007571205497 -0.007115900517 0.006972267292
v 0.0007607871667 -0.007159630302 0.00667609321
v 0.0007607883308 0.007562010083 0.006676090416
v 0.0007639476098 -0.007439215202 0.02874722332
v 0.000764005119 0.007841586135 0.02874722332
v 0.0007808089722 0.01023680065 0.003988316283
v 0.000781125389 -0.009835192002 0.003987660632
v 0.0007825659122 -0.009838666767 0.003984697163
v 0.0007832159754 -0.009842058644 0.003991279751
v 0.000783798052 0.007689277641 0.006406057626
v 0.0007837990997 -0.007286900654 0.00640606042
v 0.0008083006833 0.01038239896 0.004113934934
v 0.0008138695266 -0.01011961885 0.004202205688
v 0.0008267834783 0.01033391431 0.003899192438
v 0.0008323898073 0.01034446899 0.003976064734
v 0.0008372287266 0.005199999548 -0.00048337318
v 0.0008372289594 0.005199999083 0.0004833769053
v 0.0008372296579 0.005500000436 0.0004833722487
v 0.0008372301236 0.00549999997 -0.0004833778366
v 0.000849999371 0.007500000298 0.001472245902
v 0.0008499994874 0.007499999367 -0.001472241245
v 0.0008630458033 -0.009992846288 0.003835851327
v 0.0008632100653 -0.01005284581 0.004098867998
v 0.0008660240564 0.006499998271 9.313225745e-10
v 0.0008660252206 0.007500000298 1.862645149e-09
v 0.0008672836702 -0.009999357164 0.00382878352
v 0.0008730601985 -0.01000888832 0.003817973658
v 0.0008730604313 0.01041126531 0.003817975521
v 0.0008806411643 -0.01000645384 0.003962153569
v 0.0008935118094 -0.01018959098 0.004177831113
v 0.0008944054134 0.01059203595 0.004176784307
v 0.000899998704 0.007473204751 -0.001558847725
v 0.0009000002174 0.007473205216 0.001558843069
v 0.000900255749 0.007441996131 0.003910783678
v 0.000926353503 0.01058923919 0.00415027421
v 0.0009346479783 0.0104659358 0.00380061008
v 0.0009366020095 0.007400000468 0.001622241922
v 0.0009366022423 0.007400000002 -0.001622246578
v 0.0009499994339 0.007300000172 -0.001645451412
v 0.0009499995504 0.007299999241 0.001645451412
v 0.0009500002488 0.005500000436 0.001645445824
v 0.0009500009473 0.005500001367 -0.001645449549
v 0.0009528512601 0.01053740177 0.004074756056
v 0.00095597771 -0.01018417627 0.004123495892
v 0.0009594747098 0.0104814088 0.003940312192
v 0.0009667498525 0.005200000014 2.793967724e-09
v 0.000966750551 0.005500000902 -1.862645149e-09
v 0.0009800111875 0.01051864307 0.003661301918
v 0.0009857271798 0.01058385707 0.004094425589
v 0.0009902141755 0.007417168003 0.009000003338
v 0.0009902154561 0.007417168468 0.009500002488
v 0.0009968712693 -0.01012674067 0.003639085218
v 0.0009992675623 -0.01010419615 0.00378307607
v 0.0009999984177 0.007414393593 0.02776794881
v 0.0009999996983 0.005500000902 0.02776794694
v 0.0009999999311 0.00549999997 0.03123204783
v 0.001000540331 0.007414242718 0.03123173676
v 0.001002353616 0.01053224411 0.003631989472
v 0.001002792618 0.002479858696 -0.004575040191
v 0.001002793317 -0.002079857979 -0.004575042054
v 0.001023199642 -0.01017817948 0.004054266028
v 0.001024676953 0.01058035158 0.004052910954
v 0.001026741345 -0.01012108941 0.003922283649
v 0.001027481398 -0.01017779019 0.004049467854
v 0.001046250225 0.01055268478 0.003577440977
v 0.001059685368 -0.006997168995 0.03056163155
v 0.001060168375 -0.006997026037 0.02843884565
v 0.001070597442 -0.00699396152 0.003892917186
v 0.001074771397 -0.006992728915 0.009000003338
v 0.001074772677 -0.006992728449 0.009500002488
v 0.001092637423 0.008171869442 0.003523709252
v 0.001092637889 -0.00776949292 0.00352370739
v 0.001097618951 0.01054426096 0.003757341765
v 0.001108512748 -0.006900000386 0.000640003942
v 0.001108512864 -0.006900000386 -0.0006400020793
v 0.00111528195 -0.01016789582 0.003498798236
v 0.001122589107 0.01056350954 0.01026154216
v 0.001127406838 0.01057093218 0.003925226629
v 0.001128845033 0.01056262944 0.003895592876
v 0.001145657734 0.01056571864 0.003593981266
v 0.001145658433 -0.01016333885 0.003593980335
v 0.001147311763 -0.01015802566 0.01026040595
v 0.001159206266 0.01056800783 0.003881368786
v 0.001160253421 -0.0101654483 0.003879412077
v 0.001160662854 0.007366795558 0.00950000342
v 0.001160662971 0.007366795558 0.03306585923
v 0.001160663087 0.007366795093 0.03112876229
v 0.001172763761 0.007363051642 0.02787992917
v 0.001172813121 -0.0101555977 0.00373825524
v 0.001186792739 -0.00778340688 0.005548338406
v 0.00118679367 0.00818578992 0.005548335612
v 0.001187203568 -0.01016921923 0.003423172981
v 0.001187205082 0.01057159901 0.003423172981
v 0.001191616175 -0.0101624364 0.003833984956
v 0.001202080515 0.007499998901 0.001202084124
v 0.001202080981 0.007499999367 -0.001202080399
v 0.001230907394 0.01056407671 0.003569759429
v 0.001230908558 -0.01016169693 0.003569761291
v 0.001272792113 0.007473205216 -0.001272789203
v 0.001272792695 0.007473206148 0.001272789203
v 0.001272897702 0.01055676024 0.003713598475
v 0.001272897935 -0.01015437953 0.003713599406
v 0.001279999851 -0.006899998523 9.313225747e-10
v 0.00128202117 0.002950000111 -0.004307597876
v 0.001284751808 -0.008570975624 0.02907954156
v 0.001284763217 -0.007147754077 0.02907954156
v 0.001284870086 0.007550106384 0.0290795397
v 0.001284881495 0.008973328397 0.0290795397
v 0.001286415616 -0.008587542921 0.02907934785
v 0.001299036085 0.003149997909 0.0302500017
v 0.00129903655 -0.002550000791 -0.0007499996573
v 0.001299036667 -0.002550000791 0.000749998726
v 0.001299036783 -0.006680000573 -0.0007500024512
v 0.0012990369 -0.006922641303 0.02875000052
v 0.001299037016 0.005199998617 -0.0007499968633
v 0.001299037132 -0.006922641303 0.03024999797
v 0.001299037249 0.005199999083 0.0007500005886
v 0.001299037365 0.005499999505 0.0302500017
v 0.001299037482 0.002950000111 0.0007500033826
v 0.001299037482 0.003149999771 0.0287499968
v 0.001299037714 -0.006679999642 0.0007500033826
v 0.001299037831 -0.003149999771 0.02875000238
v 0.001299038064 -0.003149999771 0.03024999984
v 0.001299038879 0.002950001974 -0.0007500015199
v 0.001299038879 0.005500001367 0.0287499968
v 0.001308293315 -0.003150000237 0.03301437572
v 0.001308293664 0.003149999771 0.03301437944
v 0.00130829378 -0.00691958284 0.03301437944
v 0.001321392483 -0.006965606473 0.006960507482
v 0.00132455572 0.007399999537 -0.001324557699
v 0.001324556884 0.007400001399 0.001324553043
v 0.001327482401 0.00835480541 0.0199965965
v 0.001334144617 0.007881145924 0.01945291832
v 0.001334145316 -0.007478766609 0.01945291832
v 0.001343501732 0.007299999706 0.001343503594
v 0.001343503245 0.007300000172 -0.001343503594
v 0.001365774311 0.009331278503 0.02900792845
v 0.00136970717 -0.008939084597 0.02900371887
v 0.001388359116 -0.008977931924 0.02898507752
v 0.001388359582 0.00937992055 0.02898525074
v 0.00141829357 0.01075554639 0.01974456385
v 0.00143194315 -0.001603238401 -0.004575038329
v 0.001431944431 0.002003238536 -0.004575036466
v 0.001434913138 0.009452867322 0.0289424248
v 0.001439857995 -0.007002120838 0.01849983446
v 0.001439859974 0.007404502016 0.01849983446
v 0.001444157446 -0.01034911163 0.01974300295
v 0.001448377734 -0.006871640217 0.02910987101
v 0.001448531286 -0.006871586666 0.02988955565
v 0.001454223529 0.007518587168 0.02904621325
v 0.001455150661 -0.008570976555 0.02904581092
v 0.001455161138 -0.007116103079 0.0290458072
v 0.001455281628 0.008973330259 0.02904580347
v 0.00145740225 0.007444493007 0.01878510043
v 0.001457404345 -0.007042113692 0.01878509857
v 0.001470999327 0.01079204399 0.02308670245
v 0.001472242875 0.007499999832 0.00085000135
v 0.001472243574 0.007500000298 -0.0008499994874
v 0.001474902034 0.002949999645 -0.004235988483
v 0.001479271799 0.007260649465 0.02815398946
v 0.00147943967 0.007260590326 0.03084582835
v 0.001485722489 -0.009102132171 0.02890330739
v 0.001487867325 0.01094603911 0.02684871107
v 0.0014962774 -0.0103851771 0.02308331244
v 0.00149667589 -0.007158763707 0.01904612035
v 0.001496676006 0.007561143488 0.01904611662
v 0.001499238308 0.008270575665 0.005353649147
v 0.001499239705 -0.007868198678 0.00535364449
v 0.001499998732 -0.006680002436 1.862645149e-09
v 0.001499998732 0.00314999884 0.02950000204
v 0.001499999198 0.005200000014 9.313225745e-10
v 0.001499999315 -0.002549999859 -1.862645149e-09
v 0.001500000013 0.00549999997 0.02950000204
v 0.001500000013 -0.006853191648 0.02950000204
v 0.001500000129 0.002950000577 2.793967724e-09
v 0.001500000712 -0.00314999884 0.02950000018
v 0.001503615989 0.00928199105 0.02899134159
v 0.001511132345 -0.008721178398 0.02901265398
v 0.001512364834 -0.01042282302 0.02457381412
v 0.001512382994 -0.007976399735 0.02457381412
v 0.001512503717 0.008378811181 0.02457381785
v 0.001512504299 -0.01053910423 0.02684826031
v 0.001512521063 0.01082517207 0.02457381599
v 0.001533698989 -0.008850112557 0.02898541838
v 0.001558844699 0.007473204751 0.0009000021964
v 0.001558844699 0.007473205216 -0.0008999984711
v 0.001559757395 -0.01053031255 0.02684735693
v 0.001559913857 0.01093266066 0.02684735879
v 0.001561882091 -0.006965607405 0.01849729568
v 0.001564047998 -0.01051877905 0.02705322951
v 0.00156414567 0.01092160493 0.02705030888
v 0.001568199368 0.01086995192 0.02724484354
v 0.001570307533 0.01079508103 0.02405307069
v 0.001570722787 -0.01040872 0.02737333439
v 0.001570799504 0.01081311703 0.02736956626
v 0.001573474379 -0.002549999394 -0.004196858034
v 0.001574213733 -0.0102934707 0.02754072659
v 0.001574365306 0.01069581788 0.027540721
v 0.001576878247 -0.0103906244 0.02402660251
v 0.001578522497 0.007814489305 0.01944782399
v 0.001578524709 -0.007412107196 0.01944782399
v 0.001581806573 -0.007976399735 0.02790419571
v 0.001581925317 0.008378810249 0.02790412866
v 0.001584137557 -0.009147418663 0.02885317057
v 0.001586768776 -0.009778239764 0.02814283594
v 0.001586913248 0.01018058788 0.02814283408
v 0.001590606058 -0.007610996719 0.02832611464
v 0.001590718632 0.008013377897 0.02832608111
v 0.001594462898 -0.008684515022 0.02896303684
v 0.001595412265 -0.008736100048 0.02896165289
v 0.001596714021 -0.008780588396 0.02896002121
v 0.001598354662 -0.00881570857 0.02895836905
v 0.00159871229 -0.009287044406 0.02871570922
v 0.001598854549 0.009689393453 0.02871569991
v 0.001599023235 -0.007260359358 0.0287298169
v 0.00159913348 0.007662709802 0.02872981131
v 0.001600148156 -0.009222103283 0.02878453396
v 0.001600263058 -0.008839538321 0.02895698138
v 0.001600285643 0.009624449536 0.02878452837
v 0.00160128565 -0.008847053163 0.02895644307
v 0.001601604512 0.009552254342 0.02884785272
v 0.001602326985 -0.008851842955 0.02895602398
v 0.001603056793 -0.009015164338 0.02892400324
v 0.001603275072 0.009406364523 0.02892803214
v 0.001603308599 -0.008846810088 0.02895587496
v 0.001603364013 -0.008854081854 0.02895572037
v 0.001603420591 -0.008959137835 0.02894137241
v 0.00160353235 -0.008843576536 0.02895585261
v 0.001603721292 -0.008841521107 0.02895581722
v 0.001603721874 -0.008570978418 0.02895581909
v 0.001603722339 -0.00880558975 0.02895581536
v 0.001603722572 -0.00877209194 0.02895581536
v 0.001603722805 -0.008680031635 0.02895581909
v 0.001603722922 -0.008729510009 0.02895581722
v 0.001603734447 -0.007112054154 0.02895581536
v 0.001603842597 0.00751440227 0.0289558135
v 0.001603852725 0.00917426683 0.02895581163
v 0.001603854238 0.008973327465 0.02895581163
v 0.001603857847 0.009243872948 0.0289558135
v 0.001610117964 0.01078327652 0.02391365357
v 0.001622243784 0.007400001865 0.0009366003796
v 0.00162224425 0.007400001399 -0.0009366059676
v 0.001642073155 0.007499999832 0.0004399931058
v 0.001642075251 0.007500001229 -0.0004399949685
v 0.001643497613 0.008321862668 0.003090132028
v 0.001643498545 -0.0101136528 0.003090128303
v 0.001643498894 -0.007919484749 0.003090132028
v 0.001643499243 0.01051603258 0.003090128303
v 0.001645446522 0.007299998775 -0.0009500011802
v 0.001645447337 0.007299999241 0.0009499974549
v 0.001645448152 0.005500000436 -0.0009499983862
v 0.00164544885 0.005500000902 0.0009500002488
v 0.001648638397 -0.008017194457 0.02380544692
v 0.001648762147 0.008419604972 0.02380543947
v 0.001684926916 0.007183565293 0.003872603178
v 0.001700000255 0.007500000764 1.862645149e-09
v 0.001726384042 -0.006827884354 0.00695206644
v 0.001726384158 0.007230265066 0.006952064577
v 0.001732049743 0.007164924871 0.02850000188
v 0.001732050558 0.007164926268 0.03049999848
v 0.001732051023 0.005500000436 0.02850000001
v 0.001732051838 0.005500001833 0.03049999848
v 0.001735842787 0.007272272836 0.00665577082
v 0.001735843369 -0.00686989259 0.006655766163
v 0.00173866644 0.007473205216 0.0004658782855
v 0.00173866679 0.007473206148 -0.0004658726975
v 0.001745267422 -0.008063381538 0.0201696828
v 0.001750629512 -0.01009806804 0.003030722961
v 0.001752621378 -0.001047807629 -0.004575040191
v 0.001752622193 0.00144780823 -0.004575043917
v 0.001754894154 -0.007611498702 0.005536494777
v 0.001754894271 0.008013878949 0.005536492448
v 0.001768509741 -0.006750252098 0.003875147551
v 0.001774387085 -0.01033958513 0.02354171313
v 0.001775712124 0.007394532207 0.006385380402
v 0.001775713521 -0.006992154755 0.006385380402
v 0.001800001017 0.007473206148 -9.313225747e-10
v 0.001809374895 0.007399997674 -0.0004848185927
v 0.001809375943 0.007399998605 0.0004848241806
v 0.001816499396 0.00820725318 0.005316362716
v 0.001816499396 -0.007804872934 0.005316363648
v 0.001835259027 0.007299999706 -0.0004917550832
v 0.001835259027 0.007300000638 0.0004917578772
v 0.001835942967 0.01072760671 0.02344101667
v 0.001859770739 -0.01031972654 0.02340503037
v 0.001873203903 0.007399999071 -1.226888008e-19
v 0.001899998635 0.005499999039 -9.063543029e-20
v 0.00189999945 0.007300000172 -9.313225747e-10
v 0.001917632646 0.01070884429 0.02332477644
v 0.001930867787 0.00708218338 0.03002129495
v 0.001931149862 0.00708205672 0.02897975966
v 0.001950122532 0.007073814049 0.03270304948
v 0.001950810547 0.0008378420025 -0.004575038329
v 0.001950811828 -0.0004378412268 -0.004575042054
v 0.001961048692 0.007940242998 0.005532202777
v 0.001961050322 -0.00753786182 0.005532196723
v 0.001999998 0.005499999039 0.02950000204
v 0.001999998 0.007051822264 0.02950000204
v 0.002017850522 0.000199999602 -0.004575040191
v 0.002018671948 0.008410788141 0.005163631402
v 0.002018672647 -0.008008412085 0.005163634196
v 0.002068568021 -0.008133361116 0.02314770594
v 0.002068690723 0.008535772562 0.02314770222
v 0.002204127144 -0.006557266228 0.03253386542
v 0.002204127843 -0.006557267625 0.009499996901
v 0.002207777463 -0.01023982279 0.02301583439
v 0.002223523799 0.01042264793 0.002702947706
v 0.002239828231 -0.002550000325 -0.003884604201
v 0.002284629503 0.01062415354 0.0229531005
v 0.002315043239 -0.01000355557 0.002624988556
v 0.002328064293 -0.007153423503 0.01943220384
v 0.002328067087 0.007555802353 0.01943220198
v 0.002344931243 -0.01020743046 0.02290791459
v 0.002350232098 0.002950001042 -0.003824297339
v 0.002364629414 0.006958455313 0.006938763428
v 0.002380112419 0.008634582162 0.02039304934
v 0.002399656689 0.01059664134 0.02287006006
v 0.002407768974 -0.002550001256 -0.003791825846
v 0.002439368283 -0.006438849494 0.003942042589
v 0.002439368516 0.006838847417 0.003942037001
v 0.00243936968 -0.002550000325 0.003942038864
v 0.00243936968 0.002950001042 0.003942043521
v 0.002446089173 -0.006630397867 0.0184788648
v 0.002446089638 0.007032776717 0.01847886294
v 0.0024692195 -0.006668328773 0.0187640097
v 0.002469222061 0.007070707623 0.01876400411
v 0.002496975241 -0.006410965696 -0.002452571876
v 0.002496976638 0.006813343614 -0.002452572808
v 0.002496976638 0.009433639236 -0.002452570945
v 0.002496976871 -0.009031257592 -0.002452571876
v 0.00251075672 -0.003150000237 0.03228542209
v 0.002510756953 0.003149999771 0.03228542581
v 0.002510757186 -0.006400833838 0.03228542209
v 0.002510757651 0.006800833158 0.03228542209
v 0.002516755136 0.01031703129 0.01020005066
v 0.002524787094 -0.006778956391 0.01902468689
v 0.002524788026 0.007181335706 0.01902468689
v 0.002533706138 -0.009910779074 0.01019932609
v 0.002535066102 -0.002404704224 -0.003782039508
v 0.002535067033 0.002804704942 -0.003782041371
v 0.002555468818 0.008087855764 0.02007620037
v 0.002555471146 -0.007685475517 0.02007619664
v 0.00257896143 0.01035486069 0.00236620754
v 0.002588482806 -0.006344480906 -0.002355785109
v 0.002588581294 0.00674679596 -0.002355683595
v 0.002599364147 -0.006354448386 -0.00245470833
v 0.002605119953 0.006958457176 0.01847554371
v 0.0026383691 -0.009940421209 0.002299783751
v 0.002648091875 -0.006412054878 0.006932852324
v 0.002648092341 0.006814435124 0.006932855584
v 0.002653566189 0.008596963249 0.002282233909
v 0.002653566422 -0.008194581605 0.002282232977
v 0.00266306079 -0.006451579276 0.00663643796
v 0.002663061256 0.006853959989 0.006636437029
v 0.002675430151 0.006692621857 -0.002256561071
v 0.002675432013 -0.006290242542 -0.002256563865
v 0.002701237099 0.007622811012 0.005516771693
v 0.002701238729 -0.007220433094 0.005516770296
v 0.002708235756 -0.008307218552 0.02270073257
v 0.002708362415 0.008709630929 0.02270072699
v 0.002709003864 0.01051905565 0.02270045318
v 0.002718962729 -0.006566607859 0.006365715992
v 0.00271896366 0.006968986709 0.006365719251
v 0.002786264755 0.007806506008 0.005296149757
v 0.002786264755 -0.007404129487 0.005296151619
v 0.002801857889 0.00862174388 0.004958443809
v 0.002801858354 -0.008219365962 0.004958441481
v 0.002802754752 -0.01009200513 0.022662092
v 0.002837057691 0.002950000577 -0.003525866196
v 0.002858168213 -0.008359517902 0.02052781917
v 0.002858169377 0.008761896752 0.02052782103
v 0.002866669791 0.01047723275 0.02263914049
v 0.00286719529 -0.002549999859 -0.003505533561
v 0.002872318961 0.01045521256 0.019662017
v 0.002876674756 0.006589933299 0.00403127633
v 0.0028899014 -0.010048314 0.01966108568
v 0.002897133818 -0.007637802977 0.005145320203
v 0.002897135215 0.008040184155 0.005145319737
v 0.002919949591 -0.006163134705 0.03047284298
v 0.002946851309 0.006546271499 0.009000003338
v 0.002946852008 0.006546272431 0.009500002488
v 0.002956798533 -0.01005019061 0.02261072211
v 0.002963693347 0.006522332784 -0.001861855388
v 0.002963694045 -0.0061199544 -0.001861858182
v 0.002984881867 -0.006122163497 0.031770017
v 0.00299386098 0.01026686747 0.001812955365
v 0.00299827219 -0.001602408593 -0.003782041371
v 0.002998274751 0.002002408961 -0.003782043234
v 0.003001652425 0.01044008508 0.02259836718
v 0.003021051176 -0.00609893119 0.009000000544
v 0.003021052573 -0.006098930724 0.009500000626
v 0.003027723171 -0.006094613113 0.0040708296
v 0.003041041549 -0.009854026139 0.001732645556
v 0.003099817783 -0.006069232244 -0.001625154167
v 0.003100021277 0.006471595261 -0.001624765806
v 0.003120431909 0.002950001042 -0.003325383179
v 0.003147637006 -0.0084366519 0.02060164697
v 0.003147637239 0.008839029819 0.02060164325
v 0.003159680869 -0.008265173063 -0.001505457796
v 0.003159681335 0.008667550981 -0.001505457796
v 0.003174898913 0.006396789104 0.03149562329
v 0.00317490031 0.006396791432 0.009500000626
v 0.003179007443 -0.008289244026 -0.001464214176
v 0.003179008374 0.008691623807 -0.001464210451
v 0.003197153099 0.00871894788 -0.001424153335
v 0.003197154263 -0.008316567168 -0.001424154267
v 0.003217210295 -0.008350476623 -0.00137823727
v 0.003217211459 0.006514913868 -0.001378239132
v 0.00321721239 -0.006112533621 -0.001378241926
v 0.00322110299 0.01021626499 0.001369121484
v 0.003231447889 0.003150001168 0.02677939087
v 0.003247813554 -0.009807979688 0.001304495148
v 0.003270505695 0.007102391217 0.01941255666
v 0.003270506393 -0.006700010039 0.0194125548
v 0.003278438933 -0.006201683078 -0.001225492917
v 0.003278439632 0.006604061928 -0.00122548826
v 0.003284549806 -0.0007213370409 -0.003782041371
v 0.003284549806 0.00112133706 -0.003782039508
v 0.003286183579 0.008492888883 -0.002469021827
v 0.003286184045 -0.008090511896 -0.002469020896
v 0.003331430256 -0.0031500021 0.02677761205
v 0.003331430722 -0.005887122359 0.02677761205
v 0.003331431421 0.003250000067 0.02677760832
v 0.003331431653 0.006287122611 0.02677761205
v 0.003335193032 -0.005995599553 0.006918526255
v 0.003343322081 -0.008040755987 -0.001731269993
v 0.003344160039 0.008788942359 0.00103275571
v 0.003344161436 -0.008386567235 0.001032752916
v 0.003360189032 0.006266318727 0.03116481565
v 0.003360189497 -0.003150001168 0.03116482124
v 0.003360190429 -0.005866316613 0.03116481565
v 0.003360190662 0.003150001634 0.03116481565
v 0.003368170233 0.00839835871 -0.002342183143
v 0.003374351421 -0.005855998956 0.02594649978
v 0.003374647349 0.00625577895 0.02594406344
v 0.003375787521 0.008402955718 -0.001791577786
v 0.003381387796 0.0002000019304 -0.003782045096
v 0.003384367097 0.006248668302 0.02995372191
v 0.00338899577 0.006521247793 0.01845921017
v 0.003388996236 -0.006118868478 0.01845920831
v 0.003403646406 0.006234484725 0.02760491706
v 0.003404285526 -0.005834016018 0.02760895342
v 0.003406835021 -0.007961727679 -0.001866288483
v 0.003411761718 -0.007946598344 -0.002239065245
v 0.003417362459 -0.006153959781 0.01874424331
v 0.003417362925 0.006556337234 0.01874424517
v 0.003420652356 0.009259279817 -0.0007410291582
v 0.003420653054 -0.008856900968 -0.0007410310209
v 0.00342409499 0.006197189912 -0.002272166312
v 0.003424096154 -0.0057948092 -0.002272167243
v 0.003426565789 0.008332670666 -0.002185478806
v 0.003427790012 0.008337291889 -0.001940716058
v 0.003432030091 0.006213292014 -0.002472065389
v 0.00343203079 -0.005810910836 -0.002472064458
v 0.003433614038 0.003150001634 0.02510967292
v 0.003436888335 0.007077857386 -0.0006616543978
v 0.003437027568 -0.006676129997 -0.0006609279662
v 0.003437165171 -0.007919213735 -0.002123026177
v 0.003437482519 -0.007921868935 -0.002000894397
v 0.003440003842 -0.009769093245 0.0006452640519
v 0.003440004075 0.01017147023 0.0006452668458
v 0.003440680215 0.008318900131 -0.002062916756
v 0.003442715621 0.00891764462 0.02067948692
v 0.003442715621 -0.00851526577 0.02067948505
v 0.00346822245 0.008184121922 0.0004705600441
v 0.003468486713 -0.007779705804 0.0004686163738
v 0.003470253199 -0.009898378514 0.02253257111
v 0.003470264375 -0.008512297645 0.02253257111
v 0.003470392432 0.008914711885 0.02253256738
v 0.003470402677 0.01030071266 0.02253256924
v 0.003470916767 0.01014628354 0.0004502637312
v 0.003470974742 -0.009743801318 0.0004498101771
v 0.00348818046 0.01009478793 0.0002873921767
v 0.003488196293 0.006658682134 0.01900460571
v 0.00348819769 -0.006256305613 0.01900460571
v 0.003491740674 0.008827824146 0.001150026917
v 0.003492073854 -0.00842553284 0.001150287688
v 0.003492948366 0.003150000237 0.0284408424
v 0.003497428494 0.01001721155 0.0001340899616
v 0.003497430822 -0.00961479824 0.000134030357
v 0.003498086007 0.007589570712 -0.0001156860963
v 0.003498087171 -0.007187193725 -0.0001156860963
v 0.003498088103 0.009812197648 -0.0001156879589
v 0.003499913029 0.009896798991 -2.448633313e-05
v 0.003499913961 -0.009494420141 -2.448819578e-05
v 0.003505486064 -0.005875975359 0.006914980244
v 0.003505487693 0.006278352346 0.006914977916
v 0.003525579581 -0.005912294611 0.006618459709
v 0.003525580745 0.00631467253 0.006618461106
v 0.003530282294 0.00613893941 0.02513526939
v 0.003530282527 0.003250000067 0.02513526566
v 0.003530282993 -0.00314999884 0.02513526939
v 0.003530282993 -0.005738939624 0.02513526753
v 0.003535386873 0.006134997122 0.004238441121
v 0.003566086991 0.007601644844 0.02005513385
v 0.003566086991 -0.00719926646 0.02005513385
v 0.00357568264 -0.005995600484 0.01845531352
v 0.003588645253 0.00609346712 0.02841182612
v 0.003588645253 0.003249999601 0.02841182612
v 0.003588645719 -0.003149999306 0.02841183171
v 0.003588646883 -0.005693465937 0.02841182612
v 0.00359190302 -0.006715204101 0.005498201586
v 0.003591905115 0.007117583882 0.005498202983
v 0.003596396185 0.006420375779 0.006347431801
v 0.00359639735 -0.006017995533 0.006347426213
v 0.003603190184 -0.005681991111 0.004265058786
v 0.003610333428 0.00607633125 0.03051389381
v 0.003610471496 -0.005676222965 0.03051340953
v 0.003638596972 0.006880963687 0.01940488257
v 0.003638598369 -0.006478584837 0.01940488257
v 0.003641820513 0.008867354132 0.001270795241
v 0.003641821211 -0.008464977145 0.001270798035
v 0.003659083042 -0.008450372145 0.004714461043
v 0.003659084905 0.008852750063 0.004714461975
v 0.003687167773 0.008177035488 -0.002118926495
v 0.003687167773 -0.007774655242 -0.002118925564
v 0.003698976245 0.007288771681 0.005277124234
v 0.003698977409 -0.006886392832 0.005277122371
v 0.003721685614 0.008222123608 -0.001755558886
v 0.003721685847 -0.00781974569 -0.001755559817
v 0.003722061869 0.008247957565 -0.00247810781
v 0.003722062334 -0.007845577784 -0.002478109673
v 0.003726400668 0.003149999306 0.02907996997
v 0.003726957133 0.00882113073 0.001269019209
v 0.003728448879 0.005980690941 0.0290985629
v 0.003728585783 -0.005580579862 0.02909981459
v 0.003737151856 -0.003150001168 0.02981012873
v 0.003737152554 -0.005573487841 0.02981012687
v 0.003737152787 0.00597348623 0.02981012687
v 0.00373715465 0.003150000703 0.02981012315
v 0.003756339895 -0.005557525903 0.02445062995
v 0.003781168489 -0.005516103003 -0.001878901385
v 0.003781169886 0.005918484181 -0.001878902316
v 0.003805587767 0.005916052964 0.02433075756
v 0.003808350768 0.00294999918 -0.002739572898
v 0.003813671879 0.008912411518 0.001446451992
v 0.003813672345 -0.008510031737 0.001446448267
v 0.003816858865 0.009017033502 0.02083015069
v 0.003820647486 -0.002550001722 -0.002727616578
v 0.003820951562 -0.007974751294 -0.001437157393
v 0.003820953425 0.008377132006 -0.001437156461
v 0.003827320645 -0.005562076345 -0.001537767239
v 0.003827321343 0.00596445566 -0.001537766308
v 0.003837889293 0.007506541442 0.005125705618
v 0.003837889293 -0.007104160264 0.005125709809
v 0.003875300987 -0.00863011647 0.02086502127
v 0.003910019528 -0.002549997531 -0.00263891276
v 0.003919853363 -0.006489803549 0.005491362885
v 0.003919854295 0.006892184261 0.00549136335
v 0.0039201295 0.009924116544 0.01014370378
v 0.003928476479 -0.009518947452 0.01014338247
v 0.003937049303 -0.007838982157 0.02050533146
v 0.003937051166 0.008241360076 0.02050533146
v 0.003945951816 -0.005694448948 -0.001239405014
v 0.003945953213 0.00609682966 -0.001239407808
v 0.003951090388 0.008947728202 0.001714350656
v 0.003951091319 -0.008545350283 0.001714345999
v 0.00403770199 -0.005310470238 0.02384470962
v 0.004051296506 -0.00529788807 0.009499997832
v 0.004059107043 0.008960924111 0.00453330623
v 0.004061278421 -0.008559133857 0.004531883169
v 0.004064859357 -0.002077283338 -0.002721396275
v 0.004064859822 0.002477282658 -0.002721400931
v 0.004084075801 0.00314999884 0.02355864272
v 0.004102901556 0.008972822689 0.004503443837
v 0.004113285802 0.009095141664 0.02106328122
v 0.004124637693 -0.00816496741 0.02066527493
v 0.00412463909 0.008567348123 0.02066526935
v 0.004129499197 -0.008697004989 0.02108134143
v 0.004129731562 0.002949998714 0.004508802667
v 0.004129732493 -0.002549998928 0.004508799408
v 0.004129733425 -0.005224054679 0.00450880127
v 0.00414131768 -0.008692145348 0.02251857892
v 0.004141318146 0.009094524197 0.0225185845
v 0.004142341204 0.005611985922 0.004515489098
v 0.00414504949 -0.006126430351 0.01939432323
v 0.00414504949 0.00652880827 0.01939432509
v 0.00417008251 -0.005185232032 0.0236096587
v 0.004170082975 -0.003149999771 0.0236096587
v 0.004170084372 0.005585233681 0.0236096587
v 0.004170084838 0.00325000193 0.02360965498
v 0.004175752401 -0.005147864576 -0.002287835814
v 0.004175752867 0.00555024296 -0.00228783302
v 0.004176981747 0.009938936681 0.01585394889
v 0.004177116323 -0.008590646088 0.004446120001
v 0.004178303294 0.008993349038 0.004445124418
v 0.004184101708 -0.005147865042 -0.001887296326
v 0.004184104037 0.005550244357 -0.001887300983
v 0.004185457248 -0.009533572011 0.01585361734
v 0.004185705446 -0.005162229761 -0.002487774938
v 0.004185706843 0.00556460768 -0.002487774007
v 0.004186668433 -0.009514884092 0.0007481575012
v 0.004192478955 -0.00951275602 0.0007064007223
v 0.004192698747 -0.009249217808 7.442571223e-05
v 0.004203755409 0.01004898734 0.02251728065
v 0.004211395979 0.005699078552 0.006900266279
v 0.00421502674 0.009013368748 0.00262149889
v 0.00421526935 -0.009430145845 0.0003648847342
v 0.004216439556 -0.008611341938 0.00262639299
v 0.004249280784 -0.005478005391 0.01844127476
v 0.004249281716 0.005880384706 0.01844127104
v 0.004251829349 0.009131109342 0.02126860246
v 0.004273313563 -0.008734219708 0.02131617814
v 0.004282424226 -0.005509536713 0.01872620545
v 0.004282424692 0.005911915563 0.01872621104
v 0.004282980226 -0.00522938557 0.006898768712
v 0.004282981157 0.005631766748 0.006898769177
v 0.004307718948 0.005664222408 0.006602153182
v 0.004307719413 -0.005261842627 0.006602152251
v 0.004313027021 0.009144851007 0.0217434708
v 0.004313027021 -0.008742472157 0.0217434708
v 0.00431308616 0.01001165342 0.01959278993
v 0.004321449436 0.009148463607 0.02150039375
v 0.004321542569 -0.009606205858 0.01959242858
v 0.004328233656 -0.008747404441 0.02158978023
v 0.004333526827 -0.008633445948 0.004285261501
v 0.004346450791 0.009039379656 0.004268322606
v 0.004367191344 -0.005601503886 0.01898628101
v 0.004367192276 0.006003884133 0.01898628101
v 0.004392056726 0.005758678075 0.006330843549
v 0.004392058589 -0.00535629876 0.006330844015
v 0.00441319216 -0.006103584077 0.00548108574
v 0.004413192626 0.006505962461 0.005481084809
v 0.004415854346 0.008406115696 0.004698683508
v 0.004415855743 -0.008003737777 0.004698680248
v 0.004426559433 -0.0009640796343 -0.002721399069
v 0.004426560365 0.001364078722 -0.002721399069
v 0.004450061824 -0.004872728605 -0.001892843284
v 0.004450061824 0.005275107455 -0.001892845146
v 0.004451884888 0.005699078087 0.01843705401
v 0.004459849559 -0.008668502793 0.004067318514
v 0.004477358423 0.009075841866 0.004019116983
v 0.004484621342 0.005261416081 0.02313272469
v 0.004486933351 -0.008678527549 0.003571250476
v 0.004486935213 0.009080908261 0.003571248613
v 0.004501590505 -0.004913529381 -0.001551819965
v 0.004501592368 0.0053159073 -0.001551820897
v 0.004503898788 -0.006584189832 0.02003558353
v 0.004503900185 0.006986568682 0.02003558353
v 0.004514867906 0.009087466635 0.003736414015
v 0.004514886066 -0.008684617467 0.003821810707
v 0.004529727623 0.005211653654 0.004742312711
v 0.004540592432 -0.006259633694 0.005259579513
v 0.004540593829 0.006662013941 0.005259580445
v 0.00454891054 0.0001999998931 -0.0027214
v 0.004568452947 -0.007176910061 -0.002137294039
v 0.004568453413 0.007579289377 -0.002137293108
v 0.004577567335 0.005157872569 0.00899999775
v 0.004577567801 0.005157873966 0.009499997832
v 0.00458670361 0.002950000111 -0.001843983307
v 0.004607954994 0.007621000521 -0.0017740326
v 0.004607954994 -0.00721862074 -0.0017740326
v 0.004611185752 0.007644897792 -0.002496644855
v 0.004611186218 -0.007242517546 -0.002496645786
v 0.004615899175 0.00314999884 0.02280000225
v 0.004635361955 -0.004691489507 0.008999998681
v 0.004635361955 -0.004691487644 0.009499997832
v 0.004635709804 -0.005031003617 -0.001253783703
v 0.004635709804 0.005433382932 -0.001253782772
v 0.004647486378 -0.00467735948 0.004820034839
v 0.004675569013 -0.004644364119 0.02288501896
v 0.004680892453 0.003200091422 0.02279999852
v 0.004705363419 -0.006458146498 0.005107625853
v 0.004705364816 0.006860524416 0.005107625388
v 0.004714433569 -0.007797294762 0.00124843698
v 0.004714434501 0.008199676871 0.001248436049
v 0.004724347033 -0.007362010423 -0.00145598501
v 0.004724349361 0.007764392067 -0.001455990598
v 0.004746019375 -0.003150000237 0.02280000038
v 0.004746021237 0.003250001464 0.02279999666
v 0.00476383185 -0.009425196797 0.02250560559
v 0.004776905291 0.00816348847 0.0206516739
v 0.004813735839 0.004876174033 0.009500002488
v 0.004813736305 0.004876174033 0.02272119187
v 0.004835488275 -0.004407366738 -0.002301591448
v 0.004835488275 0.004809745587 -0.002301590517
v 0.004847213626 0.00482212333 -0.002501565032
v 0.004847214557 -0.004419740755 -0.002501565963
v 0.004848978948 0.008374680765 0.001695630141
v 0.004848978948 -0.007972299121 0.001695631072
v 0.004904373549 0.009343791753 0.0001800321043
v 0.004904373549 -0.008941412903 0.0001800321043
v 0.004905202892 0.002851427998 -0.001440024003
v 0.004905203357 -0.002451428212 -0.001440029591
v 0.004919886123 -0.009206581861 0.0008512409404
v 0.00491988752 0.009608962573 0.0008512390777
v 0.004925353453 -0.009203956462 0.0008096136153
v 0.00493338285 0.00838976074 0.02082910575
v 0.004936472978 0.005845042877 0.01937783137
v 0.00493647391 -0.005442661699 0.01937782578
v 0.004940830171 -0.009119690396 0.000469321385
v 0.004941522609 0.009531764314 0.0004930747673
v 0.004943744279 0.008036410436 0.004687679932
v 0.004943745676 -0.007634032052 0.004687680397
v 0.00495593017 0.007573114708 0.02048409171
v 0.00495593017 -0.007170735393 0.02048408799
v 0.004956246819 0.009591971524 0.0008563054726
v 0.0049664299 0.004886430688 0.006884522736
v 0.004966430832 -0.004484050907 0.00688452227
v 0.004974761046 -0.007623744663 0.02064755186
v 0.004995252006 0.004914431367 0.006587822922
v 0.004995253403 -0.004512053449 0.006587820593
v 0.005009341985 0.005123300012 0.01842543297
v 0.005009342451 -0.004720918834 0.01842542924
v 0.005034377333 -0.004151638132 -0.001905025914
v 0.005034377798 0.004554016516 -0.001905024052
v 0.005046704318 0.005150626879 0.01871027984
v 0.00504670525 -0.004748246167 0.01871027797
v 0.005052255001 0.008557735011 0.0210863892
v 0.005084328819 0.004515090957 0.005149341188
v 0.005090605933 -0.004186639562 -0.001564102247
v 0.00509060733 0.004589019809 -0.001564100385
v 0.005091479979 0.004995925818 0.006316259969
v 0.005091480445 -0.004593545571 0.006316259969
v 0.005118350498 0.008645895869 0.02139689773
v 0.005125342868 0.008646168746 0.02172653563
v 0.00513510406 -0.0040419898 0.005192262586
v 0.0051379418 -0.002549998928 -0.0009556142613
v 0.005138011184 -0.00784751866 0.02082483843
v 0.005143778399 -0.004827955272 0.01897009648
v 0.00514377933 0.005230335984 0.01897009462
v 0.005152469035 -0.005394980777 0.005465675611
v 0.005152469967 0.005797357764 0.005465670023
v 0.005166527815 -0.00793823041 0.004422036
v 0.005166530143 0.008340610191 0.004422032274
v 0.005202190019 -0.003942475189 0.02231676318
v 0.005202191882 0.004342473578 0.02231676318
v 0.005214160774 -0.004474983551 0.01842116006
v 0.005238252692 0.004689797759 -0.001266343519
v 0.005238253158 -0.004287421238 -0.001266345382
v 0.005261078011 -0.008012621664 0.02108203061
v 0.005272804294 0.00939234253 0.01011618413
v 0.005291779991 0.008518774994 0.004015462473
v 0.005291780457 -0.008116397075 0.004015457816
v 0.005292857066 -0.008130636066 0.003554453142
v 0.005292858928 0.008533015847 0.003554450348
v 0.005298167467 0.005935868714 0.005243790336
v 0.005298168398 -0.005533490796 0.005243784282
v 0.005312391557 -0.008960402571 0.006361380219
v 0.005326331593 0.001555332914 -0.001440029591
v 0.005326332524 -0.001155329635 -0.001440029591
v 0.005329384003 -0.008099275641 0.02139250189
v 0.005336374044 -0.008099548519 0.02172213793
v 0.005342093296 0.009348489344 0.006290606689
v 0.005351166707 -0.005001069512 0.01936918311
v 0.005351168104 0.005403449759 0.01936918497
v 0.00535118347 0.009372220375 0.01168642286
v 0.005351184402 -0.008969841525 0.011686421
v 0.005352576263 -0.005850958638 0.0200178884
v 0.005352578126 0.006253337953 0.02001789026
v 0.005357330199 -0.007295700256 0.001235036179
v 0.005357331131 0.007698079105 0.001235034317
v 0.005375555716 -0.006482213736 -0.002154123969
v 0.005375556648 0.006884593051 -0.002154123969
v 0.005391760264 -0.003586268052 -0.002313186415
v 0.005391761661 0.003988648765 -0.002313186415
v 0.005404979456 -0.003596436232 -0.002513193525
v 0.005404979922 0.003998819739 -0.002513192594
v 0.005419619847 0.006922375876 -0.001790951937
v 0.005419621244 -0.006519996561 -0.001790952869
v 0.005425463896 0.006944022141 -0.00251361914
v 0.005425465293 -0.00654164236 -0.002513620071
v 0.005445189774 -0.003550000023 0.009499997832
v 0.005447350908 -0.003546253778 0.02206284925
v 0.005468781572 0.0002000000677 -0.001440031454
v 0.005469825584 -0.009104558267 0.02249088883
v 0.005469833035 -0.0078498777 0.02249089256
v 0.005469952244 0.008252168074 0.02249088697
v 0.005469958764 0.009506867267 0.02249088697
v 0.005486215465 0.006112070289 0.005091345403
v 0.005486216862 -0.005709690042 0.0050913468
v 0.005525167566 0.00376625685 -0.001915251836
v 0.005525168031 -0.003363880794 -0.001915253699
v 0.005528358277 -0.004957290366 0.0054578376
v 0.005528359674 0.005359669682 0.005457837135
v 0.005543410312 -0.003653522581 0.006872497965
v 0.005543411244 0.004055901896 0.006872495171
v 0.005549998023 -0.003362303134 0.005586476997
v 0.005549998488 -0.0004250931088 -0.001238220371
v 0.005549998488 0.003762301058 0.00664967671
v 0.005549998954 0.0008250920218 -0.001238217577
v 0.00554999942 -0.003362301271 0.006649677176
v 0.00554999942 -0.002549999859 0.0055864756
v 0.00554999942 0.001625262201 -0.0009959433228
v 0.00554999942 0.001998289721 -0.0008062748238
v 0.00554999942 0.002950000577 4.409812391e-06
v 0.00554999942 0.002950000577 0.005586471874
v 0.00554999942 0.003762301989 0.005586477928
v 0.005550000351 -0.002550000325 4.413537681e-06
v 0.005550000817 -0.001598287956 -0.0008062776178
v 0.005551698152 -0.006649885327 -0.001473233104
v 0.005551698618 0.007052263711 -0.001473231241
v 0.005561857019 0.009461149573 0.02249108069
v 0.00556281535 -0.009058288299 0.02249111049
v 0.005575681571 0.004078937694 0.006575725041
v 0.005575682968 -0.003676557913 0.006575723179
v 0.00557699427 0.003711828496 0.02190847322
v 0.005580949131 -0.008868657053 0.0009416015819
v 0.005585343577 -0.003392545041 -0.001574413851
v 0.005585343577 0.003794924356 -0.001574411988
v 0.005604986567 0.003951188177 0.006871215999
v 0.005617931951 -0.007734053303 0.0224932842
v 0.005619599018 0.008135112002 0.02249336988
v 0.005621361546 -0.00706322398 0.001229529269
v 0.005621362943 0.007465602364 0.001229535788
v 0.005630992353 -0.004660621751 0.0193633493
v 0.005630993284 0.005063001532 0.01936335117
v 0.005634895992 0.009240657091 0.0009488211945
v 0.005653297063 -0.009012117982 0.0224954877
v 0.005653298926 0.009414496832 0.02249547094
v 0.005653594155 -0.009012309834 0.02248705737
v 0.005653596483 0.009414689615 0.0224870611
v 0.005653620698 0.004265486263 0.01841200143
v 0.005653621163 -0.003863107879 0.01841199957
v 0.005662177689 -0.009040946141 0.01983946376
v 0.005662179086 0.009443326853 0.01983946748
v 0.00568194408 0.004145985935 0.006303954404
v 0.005681945011 -0.003743604757 0.006303950679
v 0.005683276337 -0.007840869017 0.02171490341
v 0.005683754105 0.008238577284 0.02171489969
v 0.005689837504 -0.003090075683 0.02176004462
v 0.005694560707 0.004288051743 0.01869677566
v 0.005694561172 -0.003885672428 0.01869677007
v 0.005698222667 0.008071663789 0.02249917388
v 0.005723283626 0.003420657013 0.006649675313
v 0.005744352937 -0.003475088626 -0.001276894473
v 0.005744354334 0.003877467941 -0.001276896335
v 0.005749383476 0.003365182783 0.009000001475
v 0.005749383941 0.00336518418 0.009500000626
v 0.005764257163 -0.008942677639 0.01798391715
v 0.00577575108 0.007624546532 0.001676307991
v 0.005775753409 -0.007222166285 0.001676307991
v 0.005786058493 -0.002885172144 0.009500001557
v 0.005786059424 -0.002885170281 0.009000003338
v 0.005789101589 0.009334629402 0.01804831997
v 0.005798058119 -0.002858448774 0.006649671588
v 0.005798360799 -0.004600293003 0.005452211015
v 0.005798363592 0.005002670921 0.005452209152
v 0.005802068394 -0.003951490391 0.01895637065
v 0.005802069325 0.004353868775 0.01895636693
v 0.005832930561 -0.008722972125 0.0009751105681
v 0.005834839772 -0.002698928583 -0.002322417684
v 0.005834841635 0.003101310227 -0.002322423272
v 0.00584547827 0.003951189574 0.01840800419
v 0.00584924873 -0.002706715837 -0.002522453666
v 0.005849249195 0.003109097015 -0.002522453666
v 0.00587748969 0.009098567069 0.0009809806943
v 0.00587796839 -0.006374122575 0.02046486922
v 0.005877970252 0.006776501425 0.02046486549
v 0.005914915353 -0.002521517687 -0.001923378557
v 0.005914916284 0.002923895605 -0.001923378557
v 0.005915190559 -0.008740996011 0.01407257747
v 0.005931552034 0.002940056846 0.009500002488
v 0.005931939464 0.002939073835 0.02138287947
v 0.005958387628 -0.008638035506 0.008946170099
v 0.005960048642 0.005121512339 0.005229994655
v 0.005960049108 -0.004719133954 0.005229994655
v 0.005962340161 0.002860278822 0.02132811584
v 0.005967460107 0.009120224975 0.01422080211
v 0.00597260939 -0.007432203274 0.02254433185
v 0.005978223868 0.002945788205 -0.001582600176
v 0.00597822573 -0.002543409355 -0.001582602039
v 0.00600099517 -0.008863018826 0.0214500688
v 0.006003428716 0.003155278508 0.006862906273
v 0.006003431045 -0.002752898261 0.006862906739
v 0.006030530203 0.009246974252 0.02153877541
v 0.00603082031 -0.00857874006 0.004263070878
v 0.006038388703 0.008998560719 0.009176674299
v 0.006038450636 -0.002770554274 0.006566075142
v 0.006038451567 0.003172934055 0.006566082127
v 0.006062104367 0.007895744406 0.003538415767
v 0.006062105298 -0.007493366022 0.003538414836
v 0.006062318105 -0.002180110663 0.02113199048
v 0.006091244519 -0.002538868692 0.006861080881
v 0.006097339559 0.005414718762 0.02000236884
v 0.006097340491 -0.005012338981 0.02000236511
v 0.006097867619 0.006102069747 -0.002169175074
v 0.006097869016 -0.005699689966 -0.002169180661
v 0.006123145111 -0.008752318099 0.02258627489
v 0.006123822648 0.009154304862 0.02258644253
v 0.006125219632 -0.001983162016 0.02099294402
v 0.00612582732 0.002381173195 0.02099153213
v 0.006127955858 0.008922454901 0.004486671649
v 0.006131353322 0.008645668626 0.0003586411476
v 0.006131354719 -0.008243288845 0.000358639285
v 0.006144250743 0.007043094374 0.0206231717
v 0.006144252606 -0.006640713662 0.02062316984
v 0.006146015599 -0.005733052269 -0.001806096174
v 0.006146016996 0.006135430653 -0.00180609338
v 0.00614625914 -0.002606449183 -0.001285276376
v 0.006146261003 0.00300882943 -0.001285275444
v 0.006152713671 -0.002821938135 0.006294142921
v 0.006152714603 0.003224316519 0.006294143386
v 0.006154199596 0.006154542323 -0.002528807148
v 0.00615420239 -0.005752163939 -0.002528809942
v 0.006156980526 -0.001760868239 -0.002329136245
v 0.006156981923 0.002163249534 -0.002329138108
v 0.006168432999 -0.004870313685 0.005077131558
v 0.006168432999 0.005272692535 0.005077124573
v 0.006168936379 -0.002922120504 0.01840125583
v 0.006168936379 0.003324501216 0.01840125769
v 0.006172252819 0.002168517094 -0.002529187128
v 0.006172254682 -0.001766138361 -0.002529184334
v 0.006174553651 -0.006536664441 0.00466202246
v 0.006174555048 0.006939045619 0.004662020598
v 0.006177654956 0.007640358992 0.02260460518
v 0.006177986972 -0.008507291786 0.001020116732
v 0.006194188725 0.008899064735 0.001022210345
v 0.006194189191 -0.008496687748 0.001022207551
v 0.006197649986 -0.0016374517 -0.001929271035
v 0.006197650917 0.002039831132 -0.001929270104
v 0.006198493298 -0.00841949787 0.0006680618972
v 0.006198494695 0.00882187672 0.0006680628285
v 0.006212738343 -0.002939462196 0.01868596859
v 0.006212738808 0.003341843374 0.01868596859
v 0.006216513924 -0.00379392039 0.01935114712
v 0.006216513924 0.004196296912 0.01935114339
v 0.006227040663 -0.00718882028 0.02262282558
v 0.006238892674 -0.001566923806 0.02069639415
v 0.006238892674 0.001966924407 0.02069639415
v 0.006259368733 -0.00845357962 0.001030584797
v 0.006261956878 -0.001468907692 0.009500001557
v 0.006262106821 -0.001468257629 0.02062564157
v 0.006263231859 -0.001652236679 -0.001588544808
v 0.006263231859 0.002054614248 -0.001588542946
v 0.006277887151 -0.008658721112 0.02264311351
v 0.006278357469 0.009060814977 0.02264325134
v 0.006292132661 -0.005847732071 -0.001488672569
v 0.006292132661 0.006250111386 -0.001488668844
v 0.006300670095 0.008828273043 0.001035879366
v 0.006303454749 -0.008686762303 0.01940814406
v 0.006319915876 -0.006462861784 0.02061950974
v 0.006328589283 -0.002990040928 0.01894539408
v 0.006328590214 0.00339242164 0.01894539222
v 0.006331735291 -0.00253886776 0.01839786209
v 0.006338123232 -0.001798561425 0.00685593253
v 0.006338123232 0.002200940857 0.006855928805
v 0.00634093862 -0.003731744364 0.005440896843
v 0.00634093862 0.004134124145 0.005440901499
v 0.006352544762 -0.0007884961087 -0.002333210781
v 0.006352545694 0.001190872397 -0.002333213575
v 0.006355191581 0.007218447048 0.02079946548
v 0.006359053776 0.001364436466 0.006649671122
v 0.006362564862 0.009057330899 0.01959485747
v 0.006366745569 0.001314388588 0.009500002488
v 0.006366747431 0.001314392663 0.00899999775
v 0.006368343718 0.001193530741 -0.00253327284
v 0.006368345581 -0.0007911516586 -0.002533273771
v 0.006369041279 -0.0007252258947 -0.001932840794
v 0.00636904221 0.00112760521 -0.001932842657
v 0.006369660608 0.008781370707 0.001044681296
v 0.006375144236 -0.001810512622 0.006559057627
v 0.00637514703 0.002212893683 0.006559057161
v 0.006379311904 -0.0008272751002 0.009000001475
v 0.006379312836 -0.0008272746345 0.009500001557
v 0.006380517967 0.001218509511 0.02015639842
v 0.006384682842 -0.0007876731688 0.006649672985
v 0.006410610862 -0.0005676385481 0.01997405477
v 0.006413595751 0.007396647707 0.02270538732
v 0.006418117322 0.0002011911129 -0.002334578894
v 0.006421579048 0.001870095381 0.006854190957
v 0.006426466629 0.000201190589 -0.001934039406
v 0.006429029629 0.0007604775019 0.009499997832
v 0.006429078989 0.0007597915828 0.01982266642
v 0.006432111375 0.0007162480615 0.01979195699
v 0.006434091367 0.0002011895413 -0.00253463909
v 0.006434976123 -0.006226873025 0.00121257361
v 0.006434977986 0.006629251875 0.001212569885
v 0.006436003372 0.001135053928 -0.001592141576
v 0.006436004303 -0.0007326737978 -0.001592148095
v 0.006437813863 -0.001694806502 -0.001291351393
v 0.006437813863 0.002097185468 -0.001291354187
v 0.00644512102 -0.00679825712 0.004395385738
v 0.006445121951 0.007200636435 0.004395379685
v 0.006449985318 0.0002139873686 0.01942431182
v 0.006449987181 0.0001860136981 0.01942430995
v 0.006449998356 0.0001999978558 0.0194141008
v 0.006493888795 0.0002011902689 -0.001593355089
v 0.006495228037 -0.001845296822 0.006287000608
v 0.006495228969 0.002247672994 0.006287002936
v 0.006503227167 0.007362391334 0.02105613984
v 0.006516051479 0.004231468309 0.005218401551
v 0.006516053341 -0.003829089459 0.005218399689
v 0.006520757452 -0.008541155607 0.02188750915
v 0.006522239186 -0.006654004566 0.02079598792
v 0.006525173783 -0.008447637782 0.01564900577
v 0.006541405804 0.001210239367 0.006851697341
v 0.006541406736 -0.0008078588871 0.006851693615
v 0.006544741802 -0.001917218906 0.01839342527
v 0.006544741802 0.002319599502 0.01839342527
v 0.006576761603 0.003502268344 0.01934363879
v 0.006576763466 -0.003099888563 0.01934363693
v 0.006579641253 -0.000813890365 0.00655479636
v 0.006579641253 0.001216269913 0.00655479636
v 0.006583999842 0.008897257969 0.02202819288
v 0.006584643386 0.007437953725 0.02136633359
v 0.006588613614 -0.0003592848079 0.006850709673
v 0.006590627134 -0.001928981976 0.01867809519
v 0.006590627134 0.002331359312 0.01867809333
v 0.006591665559 0.007438168861 0.02169597149
v 0.006598360837 0.007353849243 0.003988227807
v 0.006598360837 -0.006951473653 0.003988225944
v 0.006601676345 0.007366096135 0.003527168185
v 0.006601677276 -0.006963717286 0.003527168185
v 0.006604518741 -0.008273151703 0.01000823267
v 0.006607167423 0.006769894622 0.001658981666
v 0.006607168354 -0.006367515307 0.001658976078
v 0.006609579548 0.0002011907636 0.006850274745
v 0.006614551879 -0.000754123088 -0.001295033842
v 0.006614551879 0.001156503684 -0.001295033842
v 0.006618809886 0.008804414421 0.01601075381
v 0.006648224778 0.000201190298 0.00655336678
v 0.006655109115 -0.00817747321 0.004408764187
v 0.00666206982 0.001870098175 0.01839097962
v 0.006670102477 -0.00305128051 0.005434034858
v 0.006670102477 0.003453660291 0.005434034858
v 0.006673697382 -0.006794623099 0.02105258591
v 0.006673767231 0.0002011907636 -0.001296266913
v 0.006682844833 -0.002857648768 0.01934142411
v 0.006682845764 0.003260030411 0.01934142224
v 0.006686635315 -0.00668130815 0.02287209034
v 0.00668711029 -0.005463012494 0.02044800483
v 0.00668711029 0.005865389016 0.0204480011
v 0.006703263149 -0.0008314411389 0.006282660645
v 0.006703263149 0.001233821502 0.006282663904
v 0.006712565199 -0.001963285729 0.0189373903
v 0.00671256613 0.002365664113 0.01893738844
v 0.006719815545 0.008221079595 0.0004412345588
v 0.006719816476 -0.007818701677 0.0004412271082
v 0.006725220941 0.004485316109 0.01998927817
v 0.006725221872 -0.004082938191 0.01998927817
v 0.006725900806 -0.004839629401 -0.002182268538
v 0.006725900806 0.005242010113 -0.002182272263
v 0.006732488982 -0.008357768878 0.02290640213
v 0.006732866168 0.008759886026 0.02290659212
v 0.006740342826 0.008598250337 0.01053156145
v 0.006741520017 0.004355300684 0.005065183155
v 0.006741520949 -0.003952922765 0.00506518269
v 0.006756919436 -0.00686843181 0.02136274055
v 0.006763932295 -0.00686865719 0.02169238031
v 0.006771848537 0.003205080517 0.005431914702
v 0.006771849468 -0.002802699339 0.005431913305
v 0.006773028523 0.0002011879114 0.006281211507
v 0.00677334331 -0.0008689670358 0.01838866062
v 0.006773345172 0.001271344721 0.0183886569
v 0.006777598523 0.005270506255 -0.001819257624
v 0.006777600385 -0.00486812694 -0.001819262281
v 0.006787816063 0.005286832806 -0.002542016096
v 0.006787817925 -0.00488445349 -0.002542016096
v 0.00678933505 -0.008075363934 0.001097316854
v 0.006805406883 0.008476787247 0.004856051877
v 0.00682050176 0.001277286676 0.01867329888
v 0.006820502691 -0.0008749056142 0.01867330261
v 0.006829103455 -0.0003592857393 0.01838749647
v 0.00684196502 0.006888497621 0.02299706824
v 0.006850069389 0.0002011897741 0.01838706248
v 0.006861688569 -0.008338114247 0.01986522414
v 0.006878665648 -0.008252255619 0.02303069644
v 0.006878794171 0.008654526435 0.02303069644
v 0.006880745292 -0.006435174029 0.02303262986
v 0.006892662495 0.006821734365 0.02304382622
v 0.006897652522 0.0002011889883 0.01867169514
v 0.006935919635 -0.004966093227 -0.001502091996
v 0.006935922429 0.005368473474 -0.001502091065
v 0.00694297161 -0.006479303353 0.02252734452
v 0.006946141832 -0.0008922363631 0.01893252321
v 0.006946142763 0.001294615795 0.01893252134
v 0.006956140511 0.008676002733 0.02014452405
v 0.006957626902 -0.002877052408 0.005209198687
v 0.006957627833 0.00327942986 0.005209193099
v 0.006960626692 0.008344268426 0.00111833401
v 0.007000619546 -0.005506522488 0.001200783998
v 0.007000619546 0.005908900406 0.001200783998
v 0.00702186022 0.002270494821 0.01933435723
v 0.007021862082 -0.001868117484 0.01933435909
v 0.007023082115 0.006642325316 0.02318068966
v 0.007024534047 0.0002011896577 0.01893088967
v 0.007032503374 0.006973506417 0.02168677747
v 0.007034726441 -0.006576443557 0.02168673277
v 0.007039107382 -0.007878774777 0.001127870753
v 0.007084464654 0.002229829086 0.005425397307
v 0.007084466517 -0.001827447326 0.005425397307
v 0.007088104263 -0.008145570755 0.02196628042
v 0.007128271274 0.008207899518 0.001138631254
v 0.007131223567 -0.008061149158 0.01581955329
v 0.007143819705 0.005702394061 0.001197797246
v 0.007143822499 -0.00530001428 0.001197793521
v 0.007184692658 -0.006000138819 0.02339476906
v 0.007188392803 0.008462950587 0.02216840535
v 0.007196662948 -0.002971631475 0.005055696703
v 0.007196662948 0.003374009393 0.005055695772
v 0.007201397792 0.008406224661 0.02342054062
v 0.007201408036 -0.00800384488 0.02342075668
v 0.007203870453 0.005650709383 0.004640563857
v 0.007203871384 -0.005248330999 0.00464056991
v 0.007215569727 -0.0009298756486 0.01933032088
v 0.007215569727 0.001332252752 0.01933031902
v 0.007221591659 -0.007843418047 0.009387667291
v 0.007225285284 0.003481314052 0.01997885667
v 0.007225286216 -0.003078937531 0.01997885667
v 0.007227662951 -0.0008425513515 0.01933006756
v 0.007227662951 0.0012449309 0.0193300657
v 0.007230211981 -0.007980690338 0.02346768044
v 0.007230326533 0.008382991888 0.02346766181
v 0.00724887196 0.007779527921 0.0005136271939
v 0.007248873822 -0.007377147209 0.0005136271939
v 0.007251398638 -0.003913328983 -0.002193220891
v 0.007251398638 0.004315708764 -0.002193221822
v 0.00726549793 0.008382613771 0.01637509279
v 0.007273979485 0.001223369036 0.005421450827
v 0.007273980416 -0.0008209900698 0.005421447102
v 0.007277982309 -0.00187766098 0.005202515051
v 0.007277983241 0.002280039247 0.005202515516
v 0.007278872654 -0.007696657907 0.003272112459
v 0.007288714871 -0.007935666479 0.02340615541
v 0.007295235991 -0.005822477862 0.02358580008
v 0.00729657989 0.006222648546 0.02358827554
v 0.00729666464 0.0002011915494 0.01932862587
v 0.007301338948 0.005665016361 0.02059905045
v 0.007306067273 -0.003936590161 -0.001830276102
v 0.007306068204 0.004338969011 -0.001830274239
v 0.007317987271 0.004352295306 -0.002553069964
v 0.007317988202 -0.00394991599 -0.002553069964
v 0.00732896477 0.006168013439 0.02365544066
v 0.007331520319 0.005822759587 0.00164388027
v 0.00733152125 -0.005420380738 0.00164388027
v 0.007337477058 0.0002011893084 0.005420122296
v 0.007344258018 -0.007535364013 0.0008178120479
v 0.00734425988 0.00793774426 0.0008178073913
v 0.007345781662 -0.00761964405 0.001164547168
v 0.007358417846 0.008010902442 0.001166036353
v 0.007358417846 -0.007608522195 0.001166038215
v 0.007369266823 -0.004453269765 0.02043378167
v 0.007369269617 0.00485564908 0.02043377794
v 0.007404907607 0.008240855299 0.02369376458
v 0.007414671592 0.008119617589 0.01017289236
v 0.007422316819 -0.007823737338 0.02389982715
v 0.007422391325 0.008225978352 0.02389969118
v 0.00743233785 -0.005068029277 0.02059632167
v 0.007447432727 -0.005551914684 0.02398817055
v 0.007448487915 -0.007897634991 0.01961306855
v 0.007449584082 -0.007801422384 0.02399660088
v 0.007449664176 0.008203689009 0.02399644256
v 0.007462843321 0.00592402555 0.02405146137
v 0.007472187281 -0.0008462927071 0.005198470782
v 0.007472188212 0.001248671091 0.005198473111
v 0.007474603131 -0.004016553052 -0.001513316296
v 0.007474604063 0.004418933764 -0.001513320953
v 0.007478979416 0.007936658338 0.003873839974
v 0.00750805065 -0.005420131609 0.02437247336
v 0.007511082105 -0.007755018305 0.02444876917
v 0.007511097006 -0.00540717179 0.02444877476
v 0.007511183619 0.005809432827 0.02444877289
v 0.007511197589 0.008157374337 0.02444877289
v 0.007514401339 -0.005459903274 0.00437309593
v 0.00751440227 0.005862284452 0.004373091273
v 0.00752182398 -0.005360631272 0.02496322617
v 0.007526859641 0.002343911212 0.005048813764
v 0.007526861504 -0.00194153341 0.005048811901
v 0.007530094124 0.005820401944 0.02077497542
v 0.007536739111 0.005737124942 0.02567471191
v 0.007537257858 0.0002011899487 0.005197116174
v 0.007547416724 -0.005339371506 0.02619110048
v 0.007547500543 0.005741630681 0.02619109675
v 0.007548991591 -0.007783744019 0.02626738325
v 0.007549108006 0.008186020888 0.02626736648
v 0.007553013042 -0.007763559464 0.02646035887
v 0.007554585114 0.008145771921 0.02652998827
v 0.007558095269 -0.007659786846 0.02670406364
v 0.007558804937 0.005272245035 0.02059368603
v 0.007559750229 0.008009457029 0.02677788958
v 0.007562533952 -0.007469974924 0.0269170031
v 0.007562650368 0.007872254588 0.02691698261
v 0.007563445717 -0.0041030352 0.02695943415
v 0.007567914203 0.00782106258 0.001190512441
v 0.00757470075 0.003442917485 0.02749669366
v 0.007575660944 -0.002930384129 0.02754513547
v 0.007579526864 0.008191326633 0.02001949772
v 0.007579747587 -0.00775731029 0.02626302093
v 0.007581472397 -0.006317742635 0.02782499045
v 0.007581569254 0.006720015313 0.02782498673
v 0.007582223043 -0.002106197644 0.0278596282
v 0.007587827742 0.001473987242 0.02812716737
v 0.007588756271 -0.0007998566143 0.02817255259
v 0.007588800043 0.001192742493 0.02817392536
v 0.007588829845 -0.002017816529 0.01997127198
v 0.007588829845 0.002420196077 0.01997127384
v 0.007589914836 -0.0002999871504 0.0282279551
v 0.007597439922 -0.005240477622 0.0285906624
v 0.00759752281 0.005642741453 0.02859065682
v 0.007598535158 0.005564430263 0.02863939106
v 0.007601892576 -0.004781797528 0.02880413644
v 0.007602388039 0.005116568878 0.02882450446
v 0.00760391634 0.004785381723 0.02889770456
v 0.00760450121 -0.004136055242 0.02892906964
v 0.007604897022 -0.003714310471 0.02894779295
v 0.007604952902 0.004116571508 0.02894779108
v 0.00761635229 0.008081447333 0.02281976305
v 0.007664895616 0.008085244335 0.02625107579
v 0.007665811107 -0.005218553357 0.02077214792
v 0.007667458616 -0.002932959702 -0.002201897092
v 0.007667458616 0.003335339949 -0.002201894298
v 0.007677036338 0.004866833799 0.00463070441
v 0.007677037269 -0.004464457743 0.004630703945
v 0.007687501609 -0.007663510274 0.02168717235
v 0.007691048086 0.005986202508 0.003965445794
v 0.007691049948 -0.00558382133 0.003965444863
v 0.007696012966 -0.004641983658 0.02059082314
v 0.007696014829 0.005044362508 0.02059082687
v 0.007696232758 -0.00559372548 0.003504350781
v 0.007696234621 0.005996107589 0.003504348919
v 0.007702230476 0.005935658235 0.02103114314
v 0.00772447791 -0.002950680442 -0.0018389998
v 0.007724480703 0.003353059758 -0.001839002594
v 0.007727033459 0.001280855737 0.005044638179
v 0.00772703439 -0.0008784766542 0.005044635851
v 0.00773601979 -0.007619225886 0.02624124661
v 0.007737747394 -0.002960830927 -0.002561820671
v 0.007737747394 0.003363210708 -0.002561816946
v 0.007737913169 -0.004295705352 0.001185408793
v 0.007737915032 0.004698085599 0.001185409725
v 0.007750464603 -0.007566476706 0.01464146096
v 0.007794101723 0.0002011899487 0.005043242592
v 0.007795893587 0.005417098291 0.02076943405
v 0.007796288468 0.005996195134 0.0213410724
v 0.007800072432 -0.007323831785 0.007143290248
v 0.007802064531 -0.007558898535 0.02623225003
v 0.007803360932 0.005996325519 0.02167071402
v 0.007805719972 -0.007428239565 0.01099902205
v 0.007809519768 -0.00091805798 0.01996667497
v 0.007809519768 0.001320439274 0.01996667311
v 0.007818637416 -0.007543568965 0.026230013
v 0.007824469358 0.007928407751 0.02197576873
v 0.007840728387 -0.005329723936 0.02102825977
v 0.007841544226 0.005262478255 0.02544110827
v 0.007856160402 -0.007508579176 0.02622497827
v 0.007856588811 -0.00486207474 0.02618442662
v 0.007857589051 0.005262813997 0.02618440241
v 0.007857732475 -0.004146714229 0.02884881198
v 0.007857795805 0.00454897387 0.02884881385
v 0.00786193274 0.007845334709 0.02449985221
v 0.00786969997 -0.004896305501 0.02410641126
v 0.007876293734 -0.007459312212 0.02548762225
v 0.007883511484 0.000201190298 0.0199651327
v 0.007885053754 -0.007454470266 0.02557585575
v 0.007886588573 -0.007108832244 0.00122681167
v 0.007900549099 0.005320550408 0.02367789112
v 0.007901100442 -0.003011588939 -0.001522212289
v 0.007901100442 0.003413969185 -0.001522213221
v 0.007908826694 -0.007402156014 0.02302971296
v 0.007912561297 -0.00336247962 0.02042246051
v 0.007912561297 0.003764857538 0.02042246051
v 0.007913919166 -0.007430568803 0.02566191368
v 0.007919466123 -0.00480792392 0.02076685615
v 0.007923567668 -0.00297806412 0.02894115448
v 0.007923608646 0.00338032702 0.02894115075
v 0.00793200545 0.007834958844 0.01545230392
v 0.007936261594 -0.005388093647 0.02133815736
v 0.007938612252 -0.004394095857 0.001631226391
v 0.007938612252 0.004796474241 0.001631228253
v 0.007943317294 -0.005388245918 0.02166779526
v 0.00795356743 0.007818209007 0.02621213719
v 0.007968610153 -0.001911409316 -0.002208176069
v 0.007968612015 0.002313789446 -0.002208176069
v 0.007973482832 0.005524079781 0.02102549188
v 0.00797826983 -0.007014571689 0.001237030141
v 0.008002525195 -0.00380554283 0.004623916
v 0.008002525195 0.004207923543 0.004623915534
v 0.008005190641 0.007750996388 0.02580578625
v 0.008026313037 -0.00727526471 0.02373469621
v 0.008026905358 -0.005011942238 0.02250475436
v 0.008027335629 -0.001923350268 -0.001845313236
v 0.008027335629 0.002325730631 -0.001845310442
v 0.008027797565 0.007745623123 0.02620258182
v 0.008033629507 0.007665108424 0.01199282333
v 0.008041579276 -0.001930192695 -0.002568153664
v 0.008041579276 0.002332575852 -0.002568153664
v 0.008043505251 0.00773063628 0.02619756572
v 0.008044298738 0.007729248144 0.02620048448
v 0.008048091084 0.007531958167 0.008117035963
v 0.008057070896 -0.007244739681 0.02393390797
v 0.00806212984 0.007644956931 0.02334955893
v 0.008064853027 -0.00723720761 0.02398560569
v 0.008065050468 0.007708546706 0.02619786374
v 0.008068764582 -0.007346231956 0.01848624647
v 0.008070399985 0.005580280907 0.0213353578
v 0.00807748735 0.005580389407 0.0216649957
v 0.008084660396 0.00768885063 0.02619540133
v 0.008090473711 -0.007211588323 0.02403736115
v 0.008090650663 0.007298050914 0.001249422319
v 0.008099587634 -0.004910667893 0.02102285996
v 0.008131336421 0.007269984111 0.001712859608
v 0.00813253969 -0.005086653866 0.0216638539
v 0.00813454017 0.005487894639 0.02166380733
v 0.008143860847 0.0072404081 0.001255234703
v 0.008150899783 -0.0008620974841 -0.002211973071
v 0.008150899783 0.001264473191 -0.002211973071
v 0.008156307042 -0.004306231625 0.02857900597
v 0.008156372234 0.004708491731 0.02857900597
v 0.008191574365 0.007510281634 0.0241545029
v 0.008197847754 -0.004964623135 0.02133270353
v 0.008204918355 -0.004964752588 0.02166234516
v 0.008208889514 0.003630457912 0.001175592653
v 0.008208891377 -0.003228076734 0.001175592653
v 0.008209807798 -0.001964408439 -0.001528643072
v 0.008209809661 0.002366787521 -0.001528645866
v 0.008210655302 -0.0008681073086 -0.00184913259
v 0.008210655302 0.001270485809 -0.001849131659
v 0.008211929351 0.0002011888428 -0.002213245258
v 0.008225489408 -0.0008715511067 -0.002571984194
v 0.008225489408 0.001273928792 -0.002571985126
v 0.008225703612 0.007478268351 0.02439098991
v 0.008234994486 -0.006361307576 0.0006431993097
v 0.008234996349 0.00676368596 0.0006431974471
v 0.008235314861 0.007583170664 0.01911863498
v 0.008243046701 0.007462583017 0.02451602183
v 0.008246649057 -0.001944615156 0.02893441543
v 0.008246676996 0.002346878173 0.02893441916
v 0.008252669126 0.007453875151 0.02458028682
v 0.008253725246 -0.007146939635 0.01560764294
v 0.008272031322 0.0002011913457 -0.001850412227
v 0.008281083778 0.007484465372 0.02617166378
v 0.008287061006 0.0002011884644 -0.002573267557
v 0.008307529613 -0.002209635451 0.02041422576
v 0.008307529613 0.002612011507 0.02041422576
v 0.00830809027 -0.007073709276 0.02085744776
v 0.008316507563 -0.003128390294 0.0288392473
v 0.008316552266 0.003530652728 0.0288392473
v 0.008339336142 -0.007018858567 0.02616496943
v 0.008344061673 -0.003961101174 0.004355801735
v 0.008344061673 0.004363479558 0.004355796613
v 0.008344162256 -0.006820025854 0.007460929919
v 0.008352011442 -0.006680079736 0.003726804629
v 0.008352376521 -0.006965101697 0.01175369602
v 0.00835500285 0.006899330765 0.0009406916797
v 0.008355004713 -0.006496950518 0.000940692611
v 0.008355522528 0.003675553482 0.02057707496
v 0.008384214714 -0.006566140335 0.001281016506
v 0.008387034759 -0.006562829018 0.001281312667
v 0.008387034759 0.00696520973 0.001281312667
v 0.008396672085 -0.0008887707954 -0.001532538794
v 0.008396672085 0.001291151275 -0.001532536931
v 0.008418915793 -0.006920115091 0.0216630213
v 0.008419893682 -0.003303110134 0.001621196046
v 0.008419893682 0.003705488984 0.001621196046
v 0.008420115337 0.007269593887 0.02463370375
v 0.008433999494 0.007241031155 0.02331607789
v 0.008434616029 -0.003061836585 0.02057543024
v 0.008442414925 -0.0008796751499 0.02893033251
v 0.008442429826 0.001281934557 0.0289303381
v 0.008442657068 0.00723029254 0.02335848473
v 0.008446300402 -0.006880629342 0.02183888294
v 0.008447680622 0.007368903607 0.01651348732
v 0.00845923461 0.0002011898905 -0.001533842646
v 0.008474195376 -0.006844188087 0.0219218675
v 0.008477397263 0.007269739639 0.02130472288
v 0.008493138477 -0.006770258769 0.02412860282
v 0.008507996798 0.0002011301694 0.02892896906
v 0.008519744501 -0.006880629342 0.01890247315
v 0.008524861187 0.006860148627 0.02679387853
v 0.008525300771 -0.006457228214 0.02679383196
v 0.008538868278 0.004454589449 0.003947775811
v 0.008538870141 -0.004052213859 0.003947773017
v 0.00854376331 -0.005975461565 0.0006820559502
v 0.00854376331 0.006377837621 0.0006820540875
v 0.008545504883 -0.004059494007 0.003486650065
v 0.008545504883 0.004461872857 0.003486648202
v 0.008547294885 -0.00101480959 0.02040922455
v 0.008547296748 0.001417188323 0.02040922455
v 0.008547877893 -0.002249192912 0.004612548277
v 0.008547877893 0.002651575487 0.004612547345
v 0.008550120518 -0.002112171147 0.001168476418
v 0.008550120518 0.002514550928 0.001168483868
v 0.008592763916 0.007097601425 0.02205695957
v 0.00860626623 0.007152472157 0.01292035077
v 0.008616203442 0.003775233403 0.02075233683
v 0.008618747815 0.003670947161 0.02542490326
v 0.008621674031 0.007053654175 0.02222467028
v 0.008627684787 0.0002011904726 0.0204075519
v 0.008631458506 -0.006727627944 0.02007463388
v 0.008631909266 -0.003250550944 0.0285690967
v 0.008631955832 0.003652805462 0.0285690967
v 0.008633645251 0.006969534792 0.008651865646
v 0.008634386584 -0.003269989043 0.02616820857
v 0.008634688333 0.006797314622 0.004691692069
v 0.008634837344 0.003671171144 0.02616820112
v 0.008636161685 0.007031598594 0.02230639569
v 0.008644111454 0.007019680459 0.02234674804
v 0.008646415547 0.006983458064 0.02648011781
v 0.008646870032 -0.006580515299 0.02648007311
v 0.008652752265 -0.003293457907 0.0240900889
v 0.008654864505 -0.002046077978 0.02883219346
v 0.00865489617 0.002448335057 0.02883219533
v 0.008658671752 -0.006687330082 0.02032632008
v 0.008671987802 0.007018169388 0.02630541474
v 0.00867231749 0.002709758468 0.02057047561
v 0.008672319353 -0.002307378687 0.02057047002
v 0.008672449738 -0.006615219638 0.02630537003
v 0.008672753349 0.007032969501 0.02613042668
v 0.008672950789 0.006614136975 0.001310891472
v 0.008673215285 -0.006630012766 0.02613038383
v 0.008685296401 -0.006651094183 0.02044216357
v 0.008686669171 0.003710757941 0.02366150729
v 0.008692728356 -0.003153410275 0.02075074054
v 0.008702497929 0.007059034426 0.01959076338
v 0.008735725656 -0.006182849873 0.02677569911
v 0.008735816926 0.006585109048 0.02677568793
v 0.008743140846 -0.006653780583 0.01586978883
v 0.008756797761 0.001366069191 0.001164172776
v 0.008756799623 -0.0009636904579 0.001164170913
v 0.008768588305 -0.002162788063 0.001613926142
v 0.008768590167 0.002565164585 0.001613920555
v 0.008777223527 0.006846621167 0.02237615362
v 0.008800202981 -0.006435446907 0.02196220867
v 0.008802842349 -0.003431136254 0.003481286578
v 0.008802846074 0.003833514638 0.003481280059
v 0.00881062448 0.003848531749 0.02100804076
v 0.00881511718 0.00688238116 0.02065936662
v 0.008824473247 -0.0006233955501 0.004606784321
v 0.00882447511 0.001025774633 0.004606785253
v 0.00882601738 0.0002011898905 0.001162726432
v 0.008827719837 -0.00337273255 0.02248805575
v 0.008841974661 0.001966364915 0.02056693844
v 0.00884273462 0.006836388726 0.0208887849
v 0.008849898353 -0.006246675737 0.006983696949
v 0.008850518614 -0.005976465996 0.001328590326
v 0.008856477216 0.006813173182 0.02099863812
v 0.008859232068 0.0002011882025 0.004606060218
v 0.008859887719 -0.0009307826404 0.02882792428
v 0.00885990262 0.00133303483 0.02882791869
v 0.008863970637 0.006800677162 0.02105223946
v 0.008869731799 -0.006500974763 0.01751035638
v 0.008870542049 -0.006434022449 0.0116846757
v 0.00888321735 -0.001326817204 0.0205660779
v 0.008888715878 -0.003222214058 0.02100641467
v 0.008897524327 -0.006461429875 0.01787681878
v 0.008904295042 -0.006451442838 0.01796570793
v 0.008910587057 0.002746706363 0.004343990237
v 0.00891058892 -0.002344327979 0.004343988374
v 0.008916357532 0.003887068015 0.021317726
v 0.008923457935 -0.006426401436 0.01804576628
v 0.008923493326 0.003887100611 0.0216473639
v 0.008928570896 0.0002011259785 0.02882648632
v 0.008941693231 -0.003422413953 0.02164698578
v 0.008947027847 0.003825663589 0.0216468703
v 0.008951058611 0.006814866327 0.01689954288
v 0.008979791775 -0.0009891776135 0.001609518193
v 0.008979793638 0.001391559141 0.001609519124
v 0.008982682601 -0.002128528897 0.02856178582
v 0.008982714266 0.002530781087 0.02856178582
v 0.008986709639 0.006633675192 0.02107326873
v 0.008988723159 -0.00625992706 0.0204567574
v 0.008995281532 -0.003258373588 0.02131608129
v 0.009002409875 -0.003258418292 0.02164571919
v 0.009005451575 0.0002011904726 0.0205635298
v 0.009050523862 0.0002011904144 0.001608049497
v 0.009067790583 0.00561645627 0.0007455516607
v 0.009067792445 -0.005214076024 0.000745552592
v 0.009067794308 0.006637602579 0.01842377707
v 0.009068164974 -0.005666951183 0.001349502243
v 0.009081015363 -0.006252954714 0.01369053498
v 0.009094757959 0.006591226906 0.01875871979
v 0.009095549583 0.001965118572 0.02541496605
v 0.00910799019 0.006567744538 0.01891964115
v 0.009108422324 -0.006032086443 0.008848146535
v 0.009111557156 -0.001563485828 0.02615826391
v 0.00911167264 0.001965234987 0.02615825832
v 0.009115153924 0.006555131171 0.01899816841
v 0.009115792811 0.002016928513 0.02074192092
v 0.009117795154 -0.00240004994 0.003935709596
v 0.009117797017 0.002802430186 0.003935704008
v 0.009120849892 -0.005588100757 0.001354420558
v 0.009125001729 -0.006208723877 0.01416051202
v 0.009125424549 -0.002404499799 0.003474557772
v 0.009125424549 0.002806882374 0.003474556841
v 0.009129866958 -0.00576835731 0.004662027117
v 0.009133150801 -0.001575414208 0.02408007346
v 0.009133905172 -0.005568304099 0.00135563314
v 0.009135434404 -0.006197717041 0.01427574456
v 0.00914452225 -0.005753427744 0.004750195891
v 0.009152684361 0.006556732114 0.01303865574
v 0.009153950959 -0.005537707359 0.001357484609
v 0.009156433865 -0.001370328013 0.02074107341
v 0.009157255292 -0.006172716618 0.0143797975
v 0.00916894339 0.001985359006 0.02365145274
v 0.009172022343 -0.005978945643 0.009328355081
v 0.00917481631 -0.006089695729 0.01183314994
v 0.009175149724 0.006324040703 0.008345288225
v 0.0091831889 0.006252069958 0.02483812347
v 0.009187765419 -0.005965702701 0.009448792785
v 0.009188661352 -0.006077524275 0.01195636205
v 0.009195225313 -0.0009723157855 0.02855735458
v 0.00919524394 0.001374561805 0.02855735272
v 0.009197922423 -0.0006554101128 0.004338000435
v 0.009197922423 0.001057787449 0.004338001367
v 0.009199621156 -0.0009884644533 0.0261564292
v 0.009199641645 0.001390700112 0.02615642548
v 0.009200399742 -0.005799958482 0.02431449294
v 0.009206909686 0.005726606119 0.001035099849
v 0.009206911549 -0.005324226804 0.001035101712
v 0.009213224053 -0.006055784412 0.01804465055
v 0.009213473648 -0.005939373747 0.009558445774
v 0.009231459349 0.006395386532 0.01901680231
v 0.009254509583 0.005782727152 0.001366630197
v 0.009254511446 -0.005380350165 0.001366623677
v 0.009256247431 0.0002011900651 0.02541162074
v 0.009266430512 0.0002011252509 0.02855586633
v 0.009272197261 0.0002011916076 0.02615514025
v 0.009284975007 0.0002011893666 0.02073839121
v 0.009295063093 0.0002011907636 0.02407669649
v 0.009319018573 -0.001615716959 0.02247781679
v 0.009320463985 0.002054161625 0.02099741064
v 0.009331483394 0.000201187795 0.02364806458
v 0.009332301095 0.006360558327 0.01498592179
v 0.009361939505 -0.001402555965 0.0209965501
v 0.009368482977 0.006311582401 0.0154340677
v 0.009369365871 0.00556528382 0.02675739303
v 0.009369367734 -0.005162904039 0.02675738931
v 0.009383196011 -0.001032666652 0.003469184041
v 0.009383196011 0.00143504492 0.00346918311
v 0.009385511279 0.006287023891 0.01565235853
v 0.009394345805 0.00627396768 0.01575959474
v 0.009395163506 -0.005545891356 0.02203912288
v 0.009400781244 0.005903149955 0.0224762056
v 0.009411420673 -0.0006741614779 0.003929588944
v 0.009411420673 0.001076537068 0.003929587081
v 0.009419549257 -0.0006756602088 0.003468430601
v 0.009419551119 0.001078038011 0.003468431532
v 0.00943156518 0.002073757118 0.02130698785
v 0.009435046464 -0.005824372638 0.01437445451
v 0.009438736364 0.002073748503 0.02163662203
v 0.009440470487 0.006091241259 0.01035871357
v 0.009441845119 -0.001641342998 0.02163655683
v 0.009444318712 0.002043662593 0.02163650282
v 0.00946264714 0.005733501632 0.005279912613
v 0.009467221797 -0.005608549807 0.009552303702
v 0.009473482147 -0.001419512555 0.02130611427
v 0.009480647743 -0.001419507316 0.02163575031
v 0.00949129276 0.006142990198 0.013528293
v 0.009493118152 0.0002011883189 0.02099381573
v 0.009502891451 0.006033557002 0.01086265221
v 0.009503277019 0.006129053421 0.01364693511
v 0.009506259114 0.006122664548 0.01578159258
v 0.009506564587 0.005659962539 0.02409298904
v 0.009506573901 -0.005257576704 0.02409341931
v 0.009516017511 -0.005290003493 0.02259914577
v 0.009516023099 0.005692388397 0.02259896323
v 0.00951933302 0.005695034284 0.02249457687
v 0.009522873908 -0.005237922538 0.02644344978
v 0.009523484856 0.005640584975 0.02644139901
v 0.009533269331 0.006004798692 0.01111338381
v 0.009535677731 -0.005303070415 0.0220560059
v 0.009548723698 0.005989736412 0.0112377964
v 0.009554101154 -0.005413138773 0.02048366331
v 0.009561035782 -0.005255030002 0.02626561932
v 0.009561035782 0.005657408386 0.02626561746
v 0.00956886448 0.005719427485 0.02130255289
v 0.00956957601 0.00566054415 0.02608911321
v 0.00957015343 -0.005257058889 0.02608968318
v 0.009573053569 0.005718976725 0.00736759929
v 0.009606035426 0.0002011886099 0.02130335197
v 0.009606651962 -0.005326506682 0.02048580348
v 0.009613219649 0.0002011899196 0.02163298428
v 0.009630857036 0.005713955499 0.008501770906
v 0.00965385139 0.005845655687 0.01126331929
v 0.009659051895 0.005712042563 0.009083813056
v 0.00967165269 0.005734735169 0.01902107522
v 0.009682061151 0.005710743368 0.009581182152
v 0.009688530117 -0.005308044609 0.009725690819
v 0.009688530117 0.005710423924 0.009725694545
v 0.009711977094 -0.005330796354 0.01804241538
v 0.009735075757 0.004356258549 0.0008253157139
v 0.009735614061 -0.003953907639 0.0008262060583
v 0.009742371738 -0.005306296516 0.01105494145
v 0.009742371738 0.00570867816 0.01105494052
v 0.009771633893 -0.00532246381 0.01633821428
v 0.009771633893 0.005724844057 0.0163381435
v 0.009785452858 0.005721718073 0.01577647403
v 0.009803168476 -0.005312363617 0.01436673105
v 0.009847918525 0.004093869124 0.0008394997567
v 0.009848462418 -0.003691701218 0.0008405102417
v 0.009886492044 0.004441301338 0.001106003299
v 0.009887171909 -0.004038941581 0.001106874086
v 0.009945834056 0.004487411585 0.001427387819
v 0.009946657345 -0.004085000139 0.001428235322
v 0.009954821318 -0.003767849877 0.02680768445
v 0.009954854846 0.004170120694 0.02680769376
v 0.009972462431 0.004116255324 0.02681043558
v 0.01000873186 -0.003599630203 0.02681636252
v 0.01005323604 0.004421031103 0.02445997298
v 0.0100532379 -0.004018651322 0.02445996739
v 0.01008043438 0.004442187026 0.02310121804
v 0.01008043624 -0.004039807711 0.02310121618
v 0.01010485552 -0.004016650375 0.02612723224
v 0.01014116779 0.004152550362 0.02649518661
v 0.01017791219 -0.003633757122 0.02650108375
v 0.01019502245 0.004149931483 0.02614004351
v 0.01019966602 -0.004068638198 0.005517065059
v 0.01019966602 0.004471018445 0.005517064594
v 0.0102288872 0.003017191775 0.0008921204135
v 0.01022890583 -0.002614919562 0.0008921641856
v 0.01023180224 -0.003630220424 0.02614590898
v 0.01032570936 -0.004083727952 0.01953137666
v 0.01032570936 0.004486107733 0.01953138039
v 0.01038784347 0.003077641129 0.001164315268
v 0.01038787141 -0.002675399184 0.001164360903
v 0.010391647 0.002342780586 0.02690109052
v 0.01039447077 -0.001922540716 0.02690184675
v 0.0104460977 -0.002672782633 0.02456639521
v 0.0104460977 0.00307515962 0.02456639521
v 0.01045602001 0.003112924751 0.001475932077
v 0.01045604795 -0.002710682806 0.001475980505
v 0.01048391685 -0.004062349908 0.01103337947
v 0.01048391685 0.004464730155 0.01103337482
v 0.01049434394 -0.001135365688 0.02692977339
v 0.01049435697 0.00153760775 0.02692977525
v 0.01049932465 -0.004078191239 0.01606982201
v 0.01049932465 0.004480569623 0.01606982015
v 0.01051739044 -0.00268818764 0.02317066677
v 0.01051739044 0.00309056649 0.02317067236
v 0.01053876802 -0.001221542596 0.0009436570108
v 0.0105392877 0.001623837161 0.0009444989264
v 0.01055246033 0.001533479546 0.0009469846264
v 0.01055835746 0.0002011869801 0.02694937028
v 0.0105624795 0.002355136443 0.02658605762
v 0.0105653014 -0.00193474174 0.02658682689
v 0.01061406732 0.002347001107 0.02623128146
v 0.0106168557 -0.001926628291 0.02623205632
v 0.01064720005 0.000201189192 0.0009659603238
v 0.01068504527 -0.001254018513 0.02462956123
v 0.01068504527 0.001656398526 0.02462955937
v 0.01070242375 -0.001254661474 0.001209352165
v 0.01070307754 0.001656918786 0.00121017918
v 0.0107283555 0.000201190036 0.02663493901
v 0.01075478457 -0.002703633159 0.005483665038
v 0.01075478457 0.003106014337 0.005483662244
v 0.01077710278 -0.001275337068 0.001513438299
v 0.01077790558 0.001677541295 0.001514229923
v 0.01077821292 0.0002011882607 0.02628099732
v 0.01079542749 -0.001262112521 0.02320919745
v 0.01079542935 0.001664492534 0.02320919745
v 0.01081273519 0.0002011873876 0.001229036599
v 0.01082886197 0.0002011882607 0.02374957502
v 0.0108733885 -0.002719847951 0.01953350753
v 0.01087339036 0.003122229129 0.01953350939
v 0.01089023985 0.0002011903562 0.001530035399
v 0.01106519252 0.00310684694 0.01101250667
v 0.01106519438 -0.002704466227 0.01101250667
v 0.01107760333 0.003119681962 0.0160556566
v 0.01107760519 -0.002717303578 0.01605565287
v 0.0111110732 0.001671081176 0.005460549612
v 0.01111107506 -0.001268703258 0.00546055194
v 0.01124050468 -0.001278655138 0.01953266934
v 0.01124050468 0.001681037713 0.01953266747
v 0.01125322282 0.000201189192 0.02068052255
v 0.01137454435 0.0002011902397 0.01953174919
v 0.01141663268 0.0002011905308 0.01905811392
v 0.01144452021 -0.001270628418 0.01099675335
v 0.01144452021 0.001673007733 0.01099675428
v 0.01146204397 -0.001277728705 0.01604510657
v 0.01146204397 0.001680106274 0.0160451103
v 0.01147164404 0.0002011892502 0.008828649297
v 0.01158022322 0.0002011876204 0.0109905228
v 0.01163516007 0.0002011873585 0.01479995344
f 1052 887 1054
f 887 732 1054
f 887 710 732
f 710 698 732
f 698 537 732
f 537 451 732
f 537 452 451
f 452 385 451
f 385 268 451
f 385 266 268
f 1264 1875 1204
f 761 927 732
f 927 1054 732
f 927 1077 1054
f 1077 1413 1054
f 1077 1204 1413
f 1204 1663 1413
f 1204 1875 1663
f 1639 1810 1203
f 1810 1264 1203
f 1810 1881 1264
f 1881 1875 1264
f 79 210 131
f 95 181 563
f 181 602 563
f 289 602 274
f 602 205 274
f 602 181 205
f 131 88 79
f 88 65 79
f 88 67 65
f 95 563 79
f 563 210 79
f 563 610 210
f 610 268 210
f 610 761 268
f 761 451 268
f 761 732 451
f 1410 1465 1084
f 1465 1203 1084
f 1465 1631 1203
f 1631 1639 1203
f 486 764 447
f 764 418 447
f 764 602 418
f 602 410 418
f 602 289 410
f 990 913 987
f 913 756 987
f 913 764 756
f 764 505 756
f 764 486 505
f 1410 1084 1400
f 1084 1288 1400
f 1084 913 1288
f 913 1040 1288
f 913 990 1040
f 994 668 1024
f 994 978 668
f 901 668 978
f 853 668 901
f 721 668 801
f 721 627 668
f 551 668 627
f 498 668 551
f 460 668 498
f 445 668 460
f 438 668 445
f 429 668 438
f 424 668 429
f 430 668 424
f 437 668 430
f 446 668 437
f 459 668 446
f 497 668 459
f 552 668 497
f 626 668 552
f 722 668 626
f 800 668 722
f 852 668 800
f 900 668 852
f 977 668 900
f 993 668 977
f 1023 668 993
f 1030 668 1023
f 1024 668 1030
f 194 97 112
f 1742 1878 1775
f 1742 1655 1627
f 1406 1461 1432
f 32 58 41
f 418 388 432
f 432 447 418
f 1465 1410 1431
f 1878 1877 1775
f 1833 1810 1776
f 1877 1876 1775
f 1876 1832 1775
f 1876 1873 1832
f 1873 1857 1832
f 1873 1871 1857
f 1871 1833 1857
f 1871 1882 1833
f 1882 1810 1833
f 1882 1881 1810
f 1654 1639 1631
f 1431 1479 1465
f 1288 1234 1400
f 1234 1288 1152
f 1288 1021 1152
f 1288 1040 1021
f 987 853 990
f 551 627 505
f 627 756 505
f 627 721 756
f 721 987 756
f 721 801 987
f 801 853 987
f 801 668 853
f 193 274 205
f 205 181 193
f 181 113 193
f 181 95 113
f 52 32 29
f 59 33 42
f 64 78 42
f 78 59 42
f 78 94 59
f 273 194 206
f 194 180 206
f 194 112 180
f 112 94 180
f 112 97 94
f 97 59 94
f 97 52 59
f 52 33 59
f 52 29 33
f 448 431 417
f 431 409 417
f 986 1196 1022
f 1196 1151 1022
f 1196 1251 1151
f 1461 1488 1432
f 1488 1480 1432
f 1488 1627 1480
f 82 164 152
f 165 96 152
f 96 82 152
f 96 58 82
f 193 113 165
f 113 96 165
f 113 95 96
f 95 58 96
f 95 79 58
f 79 41 58
f 79 65 41
f 1742 1775 1655
f 1775 1719 1655
f 1775 1832 1719
f 1832 1737 1719
f 1832 1857 1737
f 1857 1718 1737
f 1857 1833 1718
f 1833 1654 1718
f 1833 1776 1654
f 1776 1639 1654
f 1776 1810 1639
f 256 235 164
f 235 152 164
f 235 229 152
f 229 165 152
f 229 234 165
f 234 193 165
f 234 255 193
f 255 274 193
f 255 276 274
f 276 289 274
f 276 388 289
f 388 410 289
f 388 418 410
f 1627 1655 1480
f 1655 1510 1480
f 1655 1719 1510
f 1719 1529 1510
f 1719 1737 1529
f 1737 1509 1529
f 1737 1718 1509
f 1718 1479 1509
f 1718 1654 1479
f 1654 1465 1479
f 1654 1631 1465
f 388 276 354
f 276 337 354
f 276 255 337
f 255 322 337
f 255 234 322
f 234 319 322
f 234 229 319
f 229 323 319
f 229 235 323
f 235 336 323
f 235 256 336
f 256 353 336
f 256 275 353
f 275 389 353
f 1251 1406 1151
f 1406 1235 1151
f 1406 1432 1235
f 1432 1362 1235
f 1432 1480 1362
f 1480 1385 1362
f 1480 1510 1385
f 1510 1391 1385
f 1510 1529 1391
f 1529 1386 1391
f 1529 1509 1386
f 1509 1361 1386
f 1509 1479 1361
f 1479 1234 1361
f 1479 1431 1234
f 1431 1400 1234
f 1431 1410 1400
f 497 459 389
f 459 353 389
f 459 446 353
f 446 336 353
f 446 437 336
f 437 323 336
f 437 430 323
f 430 319 323
f 430 424 319
f 424 322 319
f 424 429 322
f 429 337 322
f 429 438 337
f 438 354 337
f 438 445 354
f 445 388 354
f 445 460 388
f 460 432 388
f 460 498 432
f 498 447 432
f 498 551 447
f 551 486 447
f 551 505 486
f 32 52 58
f 52 82 58
f 52 97 82
f 97 164 82
f 97 194 164
f 194 256 164
f 194 273 256
f 273 275 256
f 273 409 275
f 409 389 275
f 409 431 389
f 431 497 389
f 431 448 497
f 448 552 497
f 448 487 552
f 487 626 552
f 487 503 626
f 503 722 626
f 503 755 722
f 755 800 722
f 755 986 800
f 986 852 800
f 986 1022 852
f 1022 900 852
f 1022 1151 900
f 1151 977 900
f 1151 1235 977
f 1235 993 977
f 1235 1362 993
f 1362 1023 993
f 1362 1385 1023
f 1385 1030 1023
f 1385 1391 1030
f 1391 1024 1030
f 1391 1386 1024
f 1386 994 1024
f 1386 1361 994
f 1361 978 994
f 1361 1234 978
f 1234 901 978
f 1234 1152 901
f 1152 853 901
f 1152 1021 853
f 1021 990 853
f 1021 1040 990
f 78 609 558
f 926 760 731
f 760 449 731
f 760 609 449
f 1216 1267 1742
f 1267 1878 1742
f 1267 1211 1878
f 449 609 265
f 609 212 265
f 609 78 212
f 78 133 212
f 78 64 133
f 64 89 133
f 64 66 89
f 1461 1216 1488
f 1216 1627 1488
f 1216 1742 1627
f 1461 1406 1216
f 1406 1081 1216
f 1406 1251 1081
f 1251 937 1081
f 1251 1196 937
f 487 448 763
f 448 417 763
f 417 409 763
f 409 607 763
f 409 273 607
f 78 558 94
f 558 180 94
f 558 607 180
f 607 206 180
f 607 273 206
f 1878 1211 1879
f 1211 1662 1879
f 1211 1076 1662
f 1076 1414 1662
f 1076 926 1414
f 926 1053 1414
f 926 731 1053
f 487 763 503
f 763 755 503
f 763 937 755
f 937 986 755
f 937 1196 986
f 267 310 265
f 310 449 265
f 310 375 449
f 375 450 449
f 461 449 450
f 461 653 449
f 653 731 449
f 653 733 731
f 733 882 731
f 882 1053 731
f 882 1055 1053
f 1870 1875 1874
f 1875 1872 1874
f 1872 1879 1880
f 1877 1875 1876
f 1875 1873 1876
f 1872 1875 1879
f 1875 1878 1879
f 1875 1877 1878
f 1873 1875 1871
f 1875 1882 1871
f 1875 1881 1882
f 1917 1874 1872
f 1874 1917 1928
f 1917 2049 1928
f 1917 2035 2049
f 920 1018 907
f 1018 1080 907
f 1018 1108 1080
f 1108 1207 1080
f 1108 1138 1207
f 1138 1263 1207
f 1138 1109 1263
f 1109 1209 1263
f 1109 1020 1209
f 1020 1089 1209
f 1020 911 1089
f 911 912 1089
f 911 819 912
f 819 768 912
f 819 743 768
f 743 606 768
f 743 695 606
f 695 556 606
f 695 742 556
f 742 605 556
f 742 821 605
f 821 766 605
f 821 920 766
f 920 907 766
f 1167 921 1047
f 921 930 1047
f 921 792 930
f 1048 921 1166
f 921 1195 1166
f 921 1167 1195
f 651 921 791
f 921 935 791
f 921 1048 935
f 792 921 652
f 921 617 652
f 921 651 617
f 1017 903 1134
f 903 919 1134
f 903 822 919
f 822 702 919
f 822 741 702
f 741 531 702
f 741 694 531
f 694 493 531
f 694 740 493
f 740 533 493
f 740 820 533
f 820 700 533
f 820 902 700
f 902 908 700
f 902 1019 908
f 1019 1133 908
f 1019 1110 1133
f 1110 1344 1133
f 1110 1139 1344
f 1139 1379 1344
f 1139 1111 1379
f 1111 1343 1379
f 1111 1017 1343
f 1017 1134 1343
f 536 729 523
f 1003 1188 1113
f 523 729 535
f 729 570 535
f 729 834 570
f 834 628 570
f 834 736 628
f 831 835 737
f 835 629 737
f 835 729 629
f 729 569 629
f 729 536 569
f 1188 1003 1250
f 1003 1336 1250
f 1003 1117 1336
f 1117 1348 1336
f 1117 1335 1348
f 1335 1117 1249
f 1117 1187 1249
f 1117 1006 1187
f 736 834 830
f 834 909 830
f 834 1003 909
f 1003 1008 909
f 1003 1113 1008
f 1187 1006 1112
f 1006 1007 1112
f 1006 835 1007
f 835 917 1007
f 835 831 917
f 833 730 835
f 730 729 835
f 1005 833 1006
f 833 835 1006
f 1116 1005 1117
f 1005 1006 1117
f 1004 1116 1003
f 1116 1117 1003
f 832 1004 834
f 1004 1003 834
f 730 832 729
f 832 834 729
f 730 833 936
f 833 1005 936
f 1005 1116 936
f 1116 1004 936
f 1004 832 936
f 832 730 936
f 26 25 34
f 25 24 34
f 25 23 24
f 26 34 27
f 34 35 27
f 34 37 35
f 37 54 35
f 37 43 54
f 43 53 54
f 60 99 83
f 197 367 245
f 367 296 245
f 367 365 296
f 68 54 53
f 368 366 302
f 366 244 302
f 99 367 83
f 367 115 83
f 367 197 115
f 54 68 60
f 68 99 60
f 68 85 99
f 85 98 99
f 85 116 98
f 116 366 98
f 116 196 366
f 196 244 366
f 1590 1617 1591
f 1617 1615 1591
f 1617 1621 1615
f 1621 1622 1615
f 1621 1599 1622
f 1599 1524 1622
f 1599 1521 1524
f 1521 1493 1524
f 1493 1424 1524
f 1493 1426 1424
f 1426 1384 1424
f 1384 1219 1424
f 1384 1178 1219
f 1178 1036 1219
f 1036 893 1219
f 1036 891 893
f 891 669 893
f 669 578 893
f 669 575 578
f 575 462 578
f 462 420 578
f 462 421 420
f 367 420 365
f 420 377 365
f 420 421 377
f 1672 1673 1725
f 1673 1766 1725
f 1673 1762 1766
f 1762 1819 1766
f 1762 1761 1819
f 1761 1818 1819
f 1761 1671 1818
f 1818 1671 1753
f 1671 1670 1753
f 1671 1584 1670
f 1584 1650 1670
f 1584 1623 1650
f 1623 1584 1585
f 1584 1526 1585
f 1584 1513 1526
f 1593 1534 1592
f 1534 1513 1592
f 1534 1514 1513
f 1514 1526 1513
f 1672 1626 1673
f 1626 1583 1673
f 1626 1582 1583
f 1582 1527 1583
f 1527 1515 1583
f 1527 1516 1515
f 1516 1533 1515
f 1533 1591 1515
f 1533 1590 1591
f 1819 1818 1889
f 1818 1946 1889
f 1818 1950 1946
f 1965 1950 1913
f 1950 1856 1913
f 1950 1818 1856
f 1965 1973 1950
f 1973 1974 1950
f 1973 2011 1974
f 2011 2012 1974
f 2011 2015 2012
f 2069 2067 2068
f 2067 2057 2068
f 2067 2056 2057
f 2056 2048 2057
f 2012 2015 2048
f 2015 2057 2048
f 2015 2050 2057
f 2050 2068 2057
f 1600 1522 1523
f 368 390 366
f 390 422 366
f 390 423 422
f 423 454 422
f 454 576 422
f 454 577 576
f 577 750 576
f 750 892 576
f 750 945 892
f 945 1058 892
f 1058 1218 892
f 1058 1220 1218
f 1220 1396 1218
f 1396 1423 1218
f 1396 1425 1423
f 1522 1423 1523
f 1423 1477 1523
f 1423 1425 1477
f 1600 1620 1522
f 1620 1619 1522
f 1620 1618 1619
f 1618 1592 1619
f 1618 1593 1592
f 1217 1265 1353
f 1265 1389 1353
f 1265 1210 1389
f 1210 1354 1389
f 1210 1078 1354
f 1078 1148 1354
f 1078 915 1148
f 915 934 1148
f 915 771 934
f 771 683 934
f 771 611 683
f 611 516 683
f 611 557 516
f 557 485 516
f 557 608 485
f 608 518 485
f 608 765 518
f 765 685 518
f 765 925 685
f 925 928 685
f 925 1082 928
f 1082 1147 928
f 1082 1217 1147
f 1217 1353 1147
f 1761 99 98
f 99 1761 1747
f 1761 1754 1747
f 1761 1762 1754
f 1088 1503 1212
f 1503 1088 1547
f 1088 1656 1547
f 1088 1747 1656
f 99 561 367
f 1262 1212 1615
f 1212 1570 1615
f 1212 1503 1570
f 561 616 367
f 616 420 367
f 616 767 420
f 767 578 420
f 767 931 578
f 931 893 578
f 931 1086 893
f 561 99 601
f 99 770 601
f 99 1747 770
f 1747 916 770
f 1747 1088 916
f 893 1086 1219
f 1086 1424 1219
f 1086 1202 1424
f 1202 1524 1424
f 1202 1262 1524
f 1262 1622 1524
f 1262 1615 1622
f 1761 923 1075
f 1761 98 923
f 366 422 613
f 422 758 613
f 923 98 759
f 98 612 759
f 98 366 612
f 366 559 612
f 366 613 559
f 1215 1085 1423
f 1085 1218 1423
f 1085 929 1218
f 929 892 1218
f 929 758 892
f 758 576 892
f 758 422 576
f 1214 1268 1592
f 1268 1619 1592
f 1268 1215 1619
f 1215 1522 1619
f 1215 1423 1522
f 1761 1075 1671
f 1075 1584 1671
f 1075 1214 1584
f 1214 1513 1584
f 1214 1592 1513
f 1754 1656 1747
f 1762 1673 1754
f 1673 1656 1754
f 1673 1583 1656
f 1583 1547 1656
f 1583 1515 1547
f 1515 1503 1547
f 1515 1591 1503
f 1591 1570 1503
f 1591 1615 1570
f 916 1088 925
f 1088 1082 925
f 1088 1212 1082
f 1212 1217 1082
f 1212 1262 1217
f 1262 1265 1217
f 1262 1202 1265
f 1202 1210 1265
f 1202 1086 1210
f 1086 1078 1210
f 1086 931 1078
f 931 915 1078
f 931 767 915
f 767 771 915
f 767 616 771
f 616 611 771
f 616 561 611
f 561 557 611
f 561 601 557
f 601 608 557
f 601 770 608
f 770 765 608
f 770 916 765
f 916 925 765
f 1382 1354 1352
f 519 580 579
f 675 580 685
f 580 518 685
f 580 519 518
f 519 489 518
f 489 484 518
f 484 485 518
f 484 490 485
f 490 516 485
f 490 517 516
f 517 585 516
f 585 683 516
f 585 665 683
f 934 683 807
f 683 684 807
f 683 665 684
f 1179 1148 1149
f 1148 1031 1149
f 1148 934 1031
f 934 914 1031
f 934 807 914
f 1354 1148 1352
f 1148 1253 1352
f 1148 1179 1253
f 1382 1390 1354
f 1390 1389 1354
f 1390 1383 1389
f 1383 1353 1389
f 1383 1351 1353
f 1351 1252 1353
f 1252 1147 1353
f 1252 1180 1147
f 928 1147 1032
f 1147 1146 1032
f 1147 1180 1146
f 675 685 697
f 685 816 697
f 685 928 816
f 928 924 816
f 928 1032 924
f 717 1162 718
f 688 1142 687
f 688 691 1142
f 715 1161 717
f 1161 1162 717
f 1161 1482 1162
f 1162 1482 1397
f 1482 1483 1397
f 1482 1748 1483
f 1483 1748 1651
f 1748 1749 1651
f 1748 1926 1749
f 1749 1926 1855
f 1926 1925 1855
f 1926 2046 1925
f 1925 2046 2014
f 2046 2047 2014
f 2046 2038 2047
f 2047 2038 2055
f 2038 2037 2055
f 2038 1920 2037
f 2037 1920 1945
f 1920 1921 1945
f 1920 1740 1921
f 1740 1765 1921
f 1765 1740 1741
f 1740 1494 1741
f 1740 1472 1494
f 1494 1472 1473
f 1472 1177 1473
f 1472 1142 1177
f 1142 1143 1177
f 1142 691 1143
f 908 814 700
f 533 700 592
f 700 701 592
f 700 814 701
f 493 533 496
f 533 532 496
f 533 592 532
f 531 493 495
f 493 492 495
f 493 496 492
f 702 531 593
f 531 534 593
f 531 495 534
f 919 702 815
f 702 699 815
f 702 593 699
f 1134 919 1028
f 919 906 1028
f 919 815 906
f 1343 1134 1228
f 1134 1131 1228
f 1134 1028 1131
f 1379 1343 1374
f 1343 1341 1374
f 1343 1228 1341
f 1344 1379 1375
f 1379 1380 1375
f 1379 1374 1380
f 1133 1344 1227
f 1344 1342 1227
f 1344 1375 1342
f 814 908 918
f 908 1027 918
f 908 1133 1027
f 1133 1132 1027
f 1133 1227 1132
f 911 1020 1019
f 1020 1110 1019
f 1020 1109 1110
f 1109 1139 1110
f 1109 1138 1139
f 1138 1111 1139
f 1138 1108 1111
f 1108 1017 1111
f 1108 1018 1017
f 1018 903 1017
f 1018 920 903
f 920 822 903
f 920 821 822
f 821 741 822
f 821 742 741
f 742 694 741
f 742 695 694
f 695 740 694
f 695 743 740
f 743 820 740
f 743 819 820
f 819 902 820
f 819 911 902
f 911 1019 902
f 904 1087 1047
f 1087 1167 1047
f 1087 1205 1167
f 1205 1195 1167
f 1205 1261 1195
f 1261 1166 1195
f 1261 1213 1166
f 1213 1048 1166
f 1213 1079 1048
f 1079 935 1048
f 1079 922 935
f 922 791 935
f 922 762 791
f 762 651 791
f 762 615 651
f 615 617 651
f 615 560 617
f 560 652 617
f 560 614 652
f 614 792 652
f 614 769 792
f 769 930 792
f 769 904 930
f 904 1047 930
f 907 1080 1081
f 1080 1216 1081
f 1080 1207 1216
f 1207 1267 1216
f 1207 1263 1267
f 1263 1211 1267
f 1263 1209 1211
f 1209 1076 1211
f 1209 1089 1076
f 1089 926 1076
f 1089 912 926
f 912 760 926
f 912 768 760
f 768 609 760
f 768 606 609
f 606 558 609
f 606 556 558
f 556 607 558
f 556 605 607
f 605 763 607
f 605 766 763
f 766 937 763
f 766 907 937
f 907 1081 937
f 913 1084 1087
f 1084 1205 1087
f 1084 1203 1205
f 1203 1261 1205
f 1203 1264 1261
f 1264 1213 1261
f 1264 1204 1213
f 1204 1079 1213
f 1204 1077 1079
f 1077 922 1079
f 1077 927 922
f 927 762 922
f 927 761 762
f 761 615 762
f 761 610 615
f 610 560 615
f 610 563 560
f 563 614 560
f 563 602 614
f 602 769 614
f 602 764 769
f 764 904 769
f 764 913 904
f 913 1087 904
f 1734 1662 1667
f 1467 1414 1412
f 1414 1347 1412
f 1414 1053 1347
f 1053 1126 1347
f 1053 1055 1126
f 1662 1414 1667
f 1414 1586 1667
f 1414 1467 1586
f 1879 1662 1880
f 1662 1802 1880
f 1662 1734 1802
f 265 238 267
f 265 212 238
f 66 73 89
f 73 90 89
f 90 92 89
f 92 133 89
f 92 109 133
f 238 212 211
f 212 201 211
f 212 133 201
f 133 134 201
f 133 109 134
f 210 132 131
f 132 210 182
f 210 209 182
f 210 268 209
f 268 248 209
f 268 266 248
f 67 88 72
f 88 87 72
f 88 131 87
f 131 118 87
f 131 132 118
f 1870 1809 1875
f 1809 1663 1875
f 1809 1752 1663
f 1752 1664 1663
f 1664 1598 1663
f 1598 1413 1663
f 1598 1484 1413
f 1052 1054 1160
f 1054 1365 1160
f 1054 1413 1365
f 1413 1411 1365
f 1413 1484 1411
f 1598 1482 1484
f 1365 1161 1160
f 1161 1052 1160
f 1161 715 1052
f 715 887 1052
f 715 709 887
f 709 710 887
f 1482 1161 1484
f 1161 1411 1484
f 1161 1365 1411
f 1928 1748 1874
f 1748 1870 1874
f 1870 1748 1809
f 1748 1752 1809
f 1748 1482 1752
f 1482 1664 1752
f 1482 1598 1664
f 1920 2038 2035
f 2038 2049 2035
f 2038 2046 2049
f 2046 1928 2049
f 2046 1926 1928
f 1926 1748 1928
f 1802 1872 1880
f 1734 1740 1802
f 1740 1872 1802
f 1740 1920 1872
f 1920 1917 1872
f 1920 2035 1917
f 1734 1667 1740
f 1667 1472 1740
f 1667 1586 1472
f 1126 1142 1347
f 1142 1412 1347
f 1142 1472 1412
f 1472 1467 1412
f 1472 1586 1467
f 653 674 733
f 674 882 733
f 674 687 882
f 687 1142 882
f 1142 1055 882
f 1142 1126 1055
f 918 1027 1026
f 1027 1129 1026
f 1027 1132 1129
f 1132 1223 1129
f 1132 1227 1223
f 1227 1333 1223
f 1227 1342 1333
f 1342 1371 1333
f 1342 1375 1371
f 1375 1378 1371
f 1375 1380 1378
f 1380 1370 1378
f 1380 1374 1370
f 1374 1334 1370
f 1374 1341 1334
f 1341 1222 1334
f 1341 1228 1222
f 1228 1130 1222
f 1228 1131 1130
f 1131 1025 1130
f 1131 1028 1025
f 1028 905 1025
f 1028 906 905
f 906 818 905
f 906 815 818
f 815 704 818
f 815 699 704
f 699 596 704
f 699 593 596
f 593 538 596
f 593 534 538
f 534 501 538
f 534 495 501
f 495 494 501
f 495 492 494
f 492 502 494
f 492 496 502
f 496 539 502
f 496 532 539
f 532 597 539
f 532 592 597
f 592 705 597
f 592 701 705
f 701 817 705
f 701 814 817
f 814 910 817
f 814 918 910
f 918 1026 910
f 910 1026 1014
f 1026 1125 1014
f 1026 1129 1125
f 1129 1192 1125
f 1129 1223 1192
f 1223 1277 1192
f 1223 1333 1277
f 1333 1357 1277
f 1333 1371 1357
f 1371 1369 1357
f 1371 1378 1369
f 1378 1358 1369
f 1378 1370 1358
f 1370 1278 1358
f 1370 1334 1278
f 1334 1191 1278
f 1334 1222 1191
f 1222 1124 1191
f 1222 1130 1124
f 1130 1013 1124
f 1130 1025 1013
f 1025 933 1013
f 1025 905 933
f 905 825 933
f 905 818 825
f 818 720 825
f 818 704 720
f 704 619 720
f 704 596 619
f 596 548 619
f 596 538 548
f 538 515 548
f 538 501 515
f 501 506 515
f 501 494 506
f 494 514 506
f 494 502 514
f 502 547 514
f 502 539 547
f 539 618 547
f 539 597 618
f 597 719 618
f 597 705 719
f 705 826 719
f 705 817 826
f 817 932 826
f 817 910 932
f 910 1014 932
f 932 1014 1007
f 1014 1112 1007
f 1014 1125 1112
f 1125 1187 1112
f 1125 1192 1187
f 1192 1249 1187
f 1192 1277 1249
f 1277 1335 1249
f 1277 1357 1335
f 1357 1348 1335
f 1357 1369 1348
f 1369 1336 1348
f 1369 1358 1336
f 1358 1250 1336
f 1358 1278 1250
f 1278 1188 1250
f 1278 1191 1188
f 1191 1113 1188
f 1191 1124 1113
f 1124 1008 1113
f 1124 1013 1008
f 1013 909 1008
f 1013 933 909
f 933 830 909
f 933 825 830
f 825 736 830
f 825 720 736
f 720 628 736
f 720 619 628
f 619 570 628
f 619 548 570
f 548 535 570
f 548 515 535
f 515 523 535
f 515 506 523
f 506 536 523
f 506 514 536
f 514 569 536
f 514 547 569
f 547 629 569
f 547 618 629
f 618 737 629
f 618 719 737
f 719 831 737
f 719 826 831
f 826 917 831
f 826 932 917
f 932 1007 917
f 216 334 329
f 217 330 218
f 330 300 218
f 330 335 300
f 334 216 243
f 216 215 243
f 216 104 215
f 215 104 117
f 104 105 117
f 104 48 105
f 105 48 61
f 48 49 61
f 48 22 49
f 49 22 28
f 22 21 28
f 22 50 21
f 21 50 38
f 50 51 38
f 50 106 51
f 51 106 84
f 106 107 84
f 106 217 107
f 217 195 107
f 217 218 195
f 327 257 329
f 257 216 329
f 257 213 216
f 213 157 216
f 157 104 216
f 157 102 104
f 102 74 104
f 74 48 104
f 74 46 48
f 46 22 48
f 46 20 22
f 20 50 22
f 20 47 50
f 47 75 50
f 75 106 50
f 75 103 106
f 103 158 106
f 158 217 106
f 158 214 217
f 330 217 328
f 217 258 328
f 217 214 258
f 1240 1214 1206
f 621 649 612
f 649 759 612
f 649 678 759
f 678 703 759
f 944 923 939
f 923 839 939
f 923 759 839
f 759 757 839
f 759 703 757
f 944 999 923
f 999 1075 923
f 999 1083 1075
f 1214 1075 1206
f 1075 1159 1206
f 1075 1083 1159
f 1240 1266 1214
f 1266 1268 1214
f 1266 1241 1268
f 1241 1215 1268
f 1241 1208 1215
f 1208 1158 1215
f 1158 1085 1215
f 1158 1074 1085
f 1074 1000 1085
f 1000 929 1085
f 1000 946 929
f 758 929 840
f 929 938 840
f 929 946 938
f 581 613 604
f 613 662 604
f 613 758 662
f 758 772 662
f 758 840 772
f 581 562 613
f 562 559 613
f 562 582 559
f 582 612 559
f 582 603 612
f 603 621 612
f 603 620 621
f 1330 1245 1328
f 1245 1242 1328
f 1245 1200 1242
f 1200 1199 1242
f 1329 1331 1269
f 1331 1316 1269
f 1313 1236 1316
f 1236 1269 1316
f 1236 1232 1269
f 1232 1229 1269
f 1200 1245 1229
f 1245 1269 1229
f 1245 1330 1269
f 1330 1329 1269
f 776 965 752
f 965 1311 1306
f 776 779 965
f 965 779 962
f 779 958 962
f 779 786 958
f 1200 1229 958
f 1229 962 958
f 1229 1232 962
f 1232 965 962
f 1232 1236 965
f 1236 1311 965
f 1236 1313 1311
f 1200 1072 1199
f 1200 958 1072
f 958 785 1072
f 958 786 785
f 1308 1328 1242
f 794 785 754
f 794 888 785
f 888 1072 785
f 888 1097 1072
f 1097 1308 1072
f 1308 1199 1072
f 1308 1242 1199
f 1327 1243 1322
f 1327 1244 1243
f 1244 1197 1243
f 1244 1198 1197
f 1323 1324 1303
f 1324 1302 1303
f 1324 1326 1302
f 1326 1301 1302
f 1326 1325 1301
f 1325 1322 1301
f 1296 1315 1254
f 1315 1231 1254
f 1315 1319 1231
f 1321 1312 1320
f 1312 1314 1320
f 1312 1276 1314
f 1321 1310 1312
f 1310 1276 1312
f 1310 1304 1276
f 1320 1314 1317
f 1314 1318 1317
f 1314 1276 1318
f 1318 1276 1319
f 1276 1231 1319
f 1276 1270 1231
f 1270 1230 1231
f 1270 1243 1230
f 1243 1201 1230
f 1243 1197 1201
f 1321 1323 1310
f 1323 1304 1310
f 1323 1303 1304
f 1303 1276 1304
f 1303 1302 1276
f 1302 1270 1276
f 1302 1301 1270
f 1301 1243 1270
f 1301 1322 1243
f 1327 1307 1244
f 1307 1198 1244
f 1307 1096 1198
f 1096 1071 1198
f 1096 889 1071
f 889 886 1071
f 889 793 886
f 793 787 886
f 793 753 787
f 784 957 787
f 957 886 787
f 957 1197 886
f 1197 1071 886
f 1197 1198 1071
f 541 521 639
f 521 623 639
f 521 507 623
f 544 541 707
f 541 663 707
f 541 639 663
f 544 707 567
f 707 590 567
f 707 752 590
f 723 689 735
f 779 776 735
f 776 723 735
f 776 752 723
f 634 655 623
f 655 639 623
f 655 689 639
f 689 663 639
f 689 723 663
f 723 707 663
f 723 752 707
f 779 735 786
f 735 748 786
f 735 689 748
f 689 711 748
f 689 655 711
f 655 660 711
f 655 634 660
f 634 641 660
f 680 711 660
f 786 748 785
f 748 754 785
f 748 711 754
f 711 714 754
f 711 680 714
f 680 660 659
f 660 650 659
f 660 641 650
f 641 647 650
f 641 642 647
f 967 827 828
f 824 827 967
f 625 824 812
f 824 967 812
f 828 827 645
f 827 635 645
f 827 824 635
f 824 632 635
f 824 625 632
f 645 635 590
f 635 588 590
f 635 632 588
f 632 583 588
f 632 625 583
f 583 573 588
f 573 554 588
f 573 553 554
f 553 527 554
f 513 527 524
f 527 543 524
f 527 553 543
f 507 521 511
f 521 513 511
f 521 541 513
f 541 527 513
f 541 544 527
f 544 554 527
f 544 567 554
f 567 588 554
f 567 590 588
f 974 965 1290
f 965 1298 1290
f 965 1306 1298
f 974 645 965
f 645 752 965
f 645 590 752
f 1280 975 1283
f 975 1284 1283
f 975 974 1284
f 974 1287 1284
f 974 1290 1287
f 828 969 967
f 969 1255 967
f 1255 969 1280
f 969 975 1280
f 969 828 975
f 828 974 975
f 828 645 974
f 624 746 631
f 631 746 644
f 746 749 644
f 746 823 749
f 823 829 749
f 624 813 746
f 813 823 746
f 813 968 823
f 829 823 968
f 712 747 753
f 747 787 753
f 747 784 787
f 666 661 677
f 661 679 677
f 661 712 679
f 712 713 679
f 712 753 713
f 666 658 661
f 658 640 661
f 658 643 640
f 747 778 784
f 724 664 708
f 724 734 664
f 712 661 690
f 661 654 690
f 661 640 654
f 640 633 654
f 751 775 708
f 775 724 708
f 775 778 724
f 778 734 724
f 778 747 734
f 622 638 633
f 638 654 633
f 638 664 654
f 664 690 654
f 664 734 690
f 734 712 690
f 734 747 712
f 508 638 622
f 508 520 638
f 520 664 638
f 520 540 664
f 540 545 664
f 545 708 664
f 545 566 708
f 566 751 708
f 566 591 751
f 589 574 584
f 589 555 574
f 591 566 589
f 566 555 589
f 566 528 555
f 508 512 520
f 512 540 520
f 512 528 540
f 528 545 540
f 528 566 545
f 574 555 546
f 555 529 546
f 555 528 529
f 528 525 529
f 528 512 525
f 591 631 644
f 591 589 631
f 589 624 631
f 589 584 624
f 964 1297 1305
f 591 644 751
f 644 964 751
f 644 973 964
f 973 1297 964
f 973 1289 1297
f 957 1201 1197
f 784 778 957
f 778 961 957
f 778 775 961
f 775 964 961
f 775 751 964
f 957 961 1201
f 961 1230 1201
f 961 964 1230
f 964 1231 1230
f 964 1254 1231
f 1254 964 1296
f 964 1309 1296
f 964 1305 1309
f 679 713 678
f 713 703 678
f 713 753 703
f 753 793 703
f 1272 1345 686
f 1345 671 686
f 1345 1394 671
f 1703 1560 1665
f 1272 686 1294
f 686 1069 1294
f 686 703 1069
f 703 889 1069
f 703 793 889
f 648 656 692
f 656 804 692
f 656 1359 1038
f 671 1394 656
f 1394 1359 656
f 1394 1451 1359
f 1451 1462 1359
f 1451 1560 1462
f 1560 1489 1462
f 1560 1703 1489
f 1638 1695 1661
f 804 656 878
f 656 989 878
f 656 1038 989
f 1489 1703 1556
f 1703 1638 1556
f 1703 1707 1638
f 1707 1695 1638
f 1157 1163 1150
f 1163 1140 1150
f 1140 1163 1120
f 1163 1106 1120
f 1163 1098 1106
f 1063 1066 1060
f 1066 1163 1060
f 1066 1091 1163
f 1091 1098 1163
f 1157 1185 1163
f 1185 1337 1163
f 1185 1340 1337
f 1172 1165 1189
f 1165 1193 1189
f 1185 1157 1189
f 1157 1172 1189
f 1157 1150 1172
f 1150 1165 1172
f 1150 1140 1165
f 1140 1128 1165
f 1140 1120 1128
f 1339 1338 1164
f 1338 1184 1164
f 1061 1164 1062
f 1164 1099 1062
f 1164 1100 1099
f 1100 1164 1114
f 1164 1118 1114
f 1164 1119 1118
f 1119 1164 1144
f 1164 1168 1144
f 1164 1184 1168
f 1011 1044 1010
f 1011 1041 1044
f 1041 1062 1044
f 1041 1061 1062
f 781 795 863
f 795 868 863
f 795 797 868
f 797 883 868
f 797 808 883
f 808 950 883
f 1733 1726 1444
f 1726 1691 1444
f 1393 1459 1339
f 1459 1444 1339
f 1164 1061 1339
f 1061 1393 1339
f 1061 1041 1393
f 1041 1260 1393
f 1041 1011 1260
f 1011 1182 1260
f 1011 982 1182
f 982 1034 1182
f 982 950 1034
f 950 880 1034
f 950 808 880
f 1520 1444 1569
f 1444 1604 1569
f 1677 1444 1653
f 1444 1605 1653
f 1444 1459 1605
f 1604 1444 1629
f 1444 1649 1629
f 1444 1691 1649
f 1733 1444 1723
f 1444 1708 1723
f 1444 1677 1708
f 1539 1633 1497
f 1773 1575 1576
f 1575 1773 1539
f 1773 1633 1539
f 1773 1976 1633
f 1976 1760 1633
f 1976 2120 1760
f 2120 1884 1760
f 2120 2197 1884
f 2197 2021 1884
f 2197 2406 2021
f 2406 2156 2021
f 2341 2240 2664
f 2240 2549 2664
f 2240 2156 2549
f 2156 2457 2549
f 2156 2406 2457
f 2434 2398 2714
f 2398 2692 2714
f 2398 2341 2692
f 2341 2672 2692
f 2341 2664 2672
f 2239 2340 2665
f 2340 2673 2665
f 2340 2397 2673
f 2397 2693 2673
f 2397 2433 2693
f 2433 2713 2693
f 2433 2446 2713
f 2446 2721 2713
f 2446 2434 2721
f 2434 2715 2721
f 2434 2714 2715
f 2020 2155 2405
f 2155 2456 2405
f 2155 2239 2456
f 2239 2550 2456
f 2239 2665 2550
f 1632 1759 1774
f 1759 1977 1774
f 1759 1883 1977
f 1883 2121 1977
f 1883 2020 2121
f 2020 2198 2121
f 2020 2405 2198
f 1577 1540 1686
f 1540 1774 1686
f 1540 1499 1774
f 1499 1632 1774
f 1499 1498 1632
f 1554 1613 1543
f 1613 1525 1543
f 1613 1511 1525
f 1497 1633 1496
f 1633 1492 1496
f 1498 1495 1632
f 1495 1518 1632
f 1495 1491 1518
f 1550 1612 1551
f 1612 1535 1551
f 1492 1633 1528
f 1633 1611 1528
f 1633 1760 1611
f 1760 1743 1611
f 1760 1884 1743
f 1884 1851 1743
f 1884 2021 1851
f 2021 1981 1851
f 2021 2156 1981
f 2156 2138 1981
f 2156 2240 2138
f 2240 2213 2138
f 2240 2341 2213
f 2341 2306 2213
f 2341 2398 2306
f 2398 2365 2306
f 2398 2434 2365
f 2434 2400 2365
f 2434 2446 2400
f 2446 2413 2400
f 2446 2433 2413
f 2433 2399 2413
f 2433 2397 2399
f 2397 2364 2399
f 2397 2340 2364
f 2340 2305 2364
f 2340 2239 2305
f 2239 2212 2305
f 2239 2155 2212
f 2155 2139 2212
f 2155 2020 2139
f 2020 1980 2139
f 2020 1883 1980
f 1883 1852 1980
f 1883 1759 1852
f 1759 1744 1852
f 1759 1632 1744
f 1632 1612 1744
f 1632 1518 1612
f 1518 1535 1612
f 1528 1611 1544
f 1611 1607 1544
f 1611 1743 1607
f 1743 1739 1607
f 1743 1851 1739
f 1851 1846 1739
f 1851 1981 1846
f 1981 1969 1846
f 1981 2138 1969
f 2138 2125 1969
f 2138 2213 2125
f 2213 2200 2125
f 2213 2306 2200
f 2306 2294 2200
f 2306 2365 2294
f 2365 2356 2294
f 2365 2400 2356
f 2400 2389 2356
f 2400 2413 2389
f 2413 2401 2389
f 2413 2399 2401
f 2399 2388 2401
f 2399 2364 2388
f 2364 2355 2388
f 2364 2305 2355
f 2305 2293 2355
f 2305 2212 2293
f 2212 2199 2293
f 2212 2139 2199
f 2139 2124 2199
f 2139 1980 2124
f 1980 1970 2124
f 1980 1852 1970
f 1852 1845 1970
f 1852 1744 1845
f 1744 1738 1845
f 1744 1612 1738
f 1612 1608 1738
f 1612 1550 1608
f 1550 1536 1608
f 1544 1607 1554
f 1607 1613 1554
f 1607 1739 1613
f 1739 1745 1613
f 1739 1846 1745
f 1846 1853 1745
f 1846 1969 1853
f 1969 1986 1853
f 1969 2125 1986
f 2125 2140 1986
f 2125 2200 2140
f 2200 2214 2140
f 2200 2294 2214
f 2294 2311 2214
f 2294 2356 2311
f 2356 2369 2311
f 2356 2389 2369
f 2389 2403 2369
f 2389 2401 2403
f 2401 2415 2403
f 2401 2388 2415
f 2388 2402 2415
f 2388 2355 2402
f 2355 2368 2402
f 2355 2293 2368
f 2293 2310 2368
f 2293 2199 2310
f 2199 2215 2310
f 2199 2124 2215
f 2124 2141 2215
f 2124 1970 2141
f 1970 1987 2141
f 1970 1845 1987
f 1845 1854 1987
f 1845 1738 1854
f 1738 1746 1854
f 1738 1608 1746
f 1608 1614 1746
f 1608 1536 1614
f 1536 1512 1614
f 161 176 172
f 160 163 135
f 163 161 135
f 163 166 161
f 166 176 161
f 166 178 176
f 147 151 129
f 151 135 129
f 151 156 135
f 156 160 135
f 305 341 309
f 305 292 341
f 292 344 341
f 292 271 344
f 344 271 346
f 271 301 346
f 271 233 301
f 233 264 301
f 233 204 264
f 204 225 264
f 204 171 225
f 171 198 225
f 198 161 172
f 127 129 171
f 129 198 171
f 129 135 198
f 135 161 198
f 147 129 149
f 129 137 149
f 129 127 137
f 142 143 140
f 143 137 140
f 143 146 137
f 146 149 137
f 177 162 173
f 167 177 179
f 177 167 162
f 167 136 162
f 167 155 136
f 155 128 136
f 155 150 128
f 145 138 148
f 125 138 126
f 125 128 138
f 128 148 138
f 128 150 148
f 139 138 141
f 138 144 141
f 138 145 144
f 143 222 146
f 140 220 142
f 146 222 149
f 222 228 149
f 222 278 228
f 278 282 228
f 313 312 278
f 312 282 278
f 312 315 282
f 313 278 277
f 278 220 277
f 278 222 220
f 222 142 220
f 222 143 142
f 137 221 140
f 221 220 140
f 221 281 220
f 281 277 220
f 281 317 277
f 317 313 277
f 120 153 123
f 153 124 123
f 124 153 125
f 153 170 125
f 162 136 173
f 136 208 173
f 136 128 208
f 125 170 128
f 170 208 128
f 170 203 208
f 340 304 308
f 340 343 304
f 208 203 242
f 203 263 242
f 203 232 263
f 232 345 263
f 232 272 345
f 272 343 345
f 272 293 343
f 293 304 343
f 2422 2462 2531
f 1708 1826 1723
f 1733 1827 1726
f 1652 1716 1606
f 1652 1657 1716
f 1724 1817 1709
f 1817 1678 1709
f 1817 1657 1678
f 1605 1717 1653
f 1717 1677 1653
f 1717 1816 1677
f 1723 1826 1733
f 1826 1827 1733
f 1826 2094 1827
f 1827 2094 1964
f 2094 2096 1964
f 2094 2299 2096
f 2299 2302 2096
f 2299 2455 2302
f 2566 2507 2562
f 2507 2455 2562
f 2507 2458 2455
f 2458 2302 2455
f 2566 2617 2611
f 2617 2619 2611
f 2617 2618 2619
f 2619 2618 2620
f 2618 2612 2620
f 2618 2563 2612
f 2563 2567 2612
f 2563 2454 2567
f 2567 2454 2508
f 2454 2459 2508
f 2454 2298 2459
f 2298 2303 2459
f 2298 2093 2303
f 1727 1828 1732
f 1828 1825 1732
f 1828 1963 1825
f 1963 2093 1825
f 1963 2095 2093
f 2095 2303 2093
f 2562 2455 2531
f 2455 2422 2531
f 2455 2299 2422
f 2299 2247 2422
f 2299 2094 2247
f 2094 2065 2247
f 2094 1826 2065
f 1826 1816 2065
f 1826 1708 1816
f 1708 1677 1816
f 1732 1825 1724
f 1825 1817 1724
f 1825 2093 1817
f 2093 2066 1817
f 2093 2298 2066
f 2298 2248 2066
f 2298 2454 2248
f 2454 2423 2248
f 2454 2563 2423
f 2563 2530 2423
f 2563 2618 2530
f 2618 2587 2530
f 2618 2617 2587
f 2617 2586 2587
f 2462 2422 2359
f 2422 2296 2359
f 2422 2247 2296
f 2247 2187 2296
f 2247 2065 2187
f 2065 1996 2187
f 2065 1816 1996
f 1816 1786 1996
f 1816 1717 1786
f 2566 2562 2617
f 2562 2586 2617
f 2562 2531 2586
f 2531 2511 2586
f 2531 2462 2511
f 2423 2530 2360
f 2530 2463 2360
f 2530 2587 2463
f 2587 2512 2463
f 2587 2586 2512
f 2586 2520 2512
f 2586 2511 2520
f 1657 1817 1716
f 1817 1785 1716
f 1817 2066 1785
f 2066 1997 1785
f 2066 2248 1997
f 2248 2186 1997
f 2248 2423 2186
f 2423 2295 2186
f 2423 2360 2295
f 1689 1828 1727
f 1691 1772 1649
f 1691 1726 1772
f 2540 2548 2620
f 2548 2619 2620
f 2548 2539 2619
f 2539 2611 2619
f 2539 2503 2611
f 2503 2566 2611
f 2503 2436 2566
f 2436 2507 2566
f 2436 2351 2507
f 2351 2458 2507
f 2351 2218 2458
f 2218 2302 2458
f 2218 2099 2302
f 2099 2096 2302
f 2099 1924 2096
f 1924 1964 2096
f 1924 1772 1964
f 1772 1827 1964
f 1772 1726 1827
f 1648 1771 1689
f 1771 1828 1689
f 1771 1923 1828
f 1923 1963 1828
f 1923 2098 1963
f 2098 2095 1963
f 2098 2217 2095
f 2217 2303 2095
f 2217 2352 2303
f 2352 2459 2303
f 2352 2437 2459
f 2437 2508 2459
f 2437 2504 2508
f 2504 2567 2508
f 2504 2540 2567
f 2540 2612 2567
f 2540 2620 2612
f 1561 1666 1562
f 1666 1687 1562
f 1666 1860 1687
f 1860 1861 1687
f 1860 1885 1861
f 1885 1860 1902
f 1860 1972 1902
f 1860 1895 1972
f 1895 2019 1972
f 1895 1916 2019
f 1916 1998 2019
f 1998 2127 2019
f 1998 2051 2127
f 2051 2151 2127
f 2051 2147 2151
f 2151 2147 2184
f 2147 2196 2184
f 2147 2153 2196
f 2153 2230 2196
f 2153 2168 2230
f 2168 2209 2230
f 2209 2216 2230
f 2216 2235 2230
f 2216 2236 2235
f 2236 2246 2235
f 2236 2245 2246
f 1886 1859 1858
f 1886 1901 1859
f 1901 1971 1859
f 1971 1894 1859
f 1971 2018 1894
f 2152 2113 2150
f 2113 2126 2150
f 2113 2010 2126
f 2010 2018 2126
f 2010 1952 2018
f 1952 1894 2018
f 2242 2243 2244
f 2242 2232 2243
f 2232 2234 2243
f 2232 2208 2234
f 2208 2229 2234
f 2208 2180 2229
f 2180 2195 2229
f 2180 2152 2195
f 2152 2185 2195
f 2152 2150 2185
f 2275 2289 2268
f 2245 2253 2246
f 2253 2258 2246
f 2258 2253 2260
f 2253 2263 2260
f 2253 2256 2263
f 2269 2288 2274
f 2261 2255 2259
f 2255 2257 2259
f 2255 2249 2257
f 2249 2243 2257
f 2249 2244 2243
f 2274 2288 2276
f 2288 2280 2276
f 2288 2289 2280
f 2289 2277 2280
f 2289 2275 2277
f 2263 2256 2265
f 2256 2273 2265
f 2256 2268 2273
f 2268 2282 2273
f 2268 2283 2282
f 2284 2266 2281
f 2266 2272 2281
f 2266 2255 2272
f 2255 2264 2272
f 2255 2261 2264
f 2283 2268 2285
f 2268 2286 2285
f 2268 2289 2286
f 2269 2266 2288
f 2266 2287 2288
f 2266 2284 2287
f 1271 1291 1272
f 1291 1345 1272
f 1291 1366 1345
f 1366 1377 1345
f 1377 1394 1345
f 1377 1398 1394
f 1398 1405 1394
f 1405 1451 1394
f 1405 1460 1451
f 1460 1474 1451
f 1474 1560 1451
f 1474 1559 1560
f 1859 1665 1858
f 1665 1763 1858
f 1665 1560 1763
f 1560 1559 1763
f 1321 1320 1294
f 1294 1323 1321
f 1294 1324 1323
f 1327 1322 1307
f 1322 1299 1307
f 1322 1325 1299
f 1325 1294 1299
f 1325 1326 1294
f 1326 1324 1294
f 1271 1272 1279
f 1272 1282 1279
f 1272 1286 1282
f 1286 1272 1289
f 1272 1297 1289
f 1272 1294 1297
f 1294 1305 1297
f 1294 1309 1305
f 1319 1294 1318
f 1294 1317 1318
f 1294 1320 1317
f 1309 1294 1296
f 1294 1315 1296
f 1294 1319 1315
f 1298 1306 1273
f 1306 1295 1273
f 1306 1311 1295
f 1328 1308 1330
f 1308 1300 1330
f 1300 1295 1330
f 1295 1329 1330
f 1295 1331 1329
f 1298 1273 1290
f 1273 1287 1290
f 1273 1284 1287
f 1284 1273 1283
f 1273 1280 1283
f 1273 1275 1280
f 1331 1295 1316
f 1295 1313 1316
f 1295 1311 1313
f 2602 2577 2605
f 2245 2327 2253
f 1702 1808 1666
f 1808 1860 1666
f 1808 1912 1860
f 1860 1912 1895
f 1912 1916 1895
f 1912 2092 1916
f 1916 2092 1998
f 2092 2051 1998
f 2092 2170 2051
f 2051 2170 2147
f 2170 2153 2147
f 2170 2320 2153
f 2320 2168 2153
f 2320 2379 2168
f 2379 2209 2168
f 2379 2386 2209
f 2386 2339 2209
f 2386 2534 2339
f 2534 2495 2339
f 2534 2537 2495
f 2537 2623 2495
f 2623 2577 2495
f 2623 2626 2577
f 2626 2605 2577
f 2626 2655 2605
f 2600 2589 2598
f 2589 2555 2598
f 2589 2559 2555
f 2559 2469 2555
f 2559 2478 2469
f 2478 2327 2469
f 2478 2330 2327
f 2330 2253 2327
f 2330 2256 2253
f 2209 2339 2216
f 2339 2236 2216
f 2339 2245 2236
f 2245 2339 2327
f 2339 2469 2327
f 2339 2495 2469
f 2495 2555 2469
f 2495 2577 2555
f 2577 2598 2555
f 2577 2602 2598
f 2603 2602 2605
f 2242 2334 2232
f 2255 2334 2249
f 2334 2244 2249
f 2334 2242 2244
f 2255 2329 2334
f 2329 2483 2334
f 2329 2476 2483
f 2476 2569 2483
f 2476 2558 2569
f 2655 2630 2605
f 2630 2603 2605
f 2630 2625 2603
f 2625 2546 2603
f 2546 2514 2603
f 2546 2536 2514
f 2536 2394 2514
f 2394 2363 2514
f 2394 2385 2363
f 2385 2353 2363
f 2353 2157 2363
f 2353 2171 2157
f 2171 2132 2157
f 2132 1952 2157
f 2132 1911 1952
f 1952 1911 1894
f 1911 1859 1894
f 1911 1835 1859
f 1835 1665 1859
f 1835 1703 1665
f 2152 2157 2113
f 2157 2010 2113
f 2157 1952 2010
f 2152 2180 2157
f 2180 2363 2157
f 2180 2208 2363
f 2600 2598 2588
f 2598 2558 2588
f 2598 2602 2558
f 2602 2569 2558
f 2602 2603 2569
f 2603 2483 2569
f 2603 2514 2483
f 2514 2334 2483
f 2514 2363 2334
f 2363 2232 2334
f 2363 2208 2232
f 2256 2330 2268
f 2330 2478 2268
f 2478 2559 2268
f 2559 2275 2268
f 2559 2589 2275
f 2589 2277 2275
f 2589 2600 2277
f 2600 2280 2277
f 2600 2588 2280
f 2588 2276 2280
f 2588 2558 2276
f 2558 2274 2276
f 2558 2476 2274
f 2274 2476 2269
f 2476 2266 2269
f 2476 2329 2266
f 2329 2255 2266
f 1096 1069 889
f 1307 1299 1096
f 1299 1069 1096
f 1299 1294 1069
f 1070 1097 888
f 1097 1070 1308
f 1070 1300 1308
f 1070 1295 1300
f 2453 2272 2264
f 2453 2498 2272
f 2498 2281 2272
f 2498 2610 2281
f 2610 2390 2281
f 2610 2678 2390
f 2678 2473 2390
f 2678 2681 2473
f 2681 2541 2473
f 2681 2700 2541
f 2700 2707 2541
f 2707 2584 2541
f 2707 2716 2584
f 2716 2599 2584
f 2716 2708 2599
f 2708 2585 2599
f 2708 2699 2585
f 2699 2542 2585
f 2699 2680 2542
f 2680 2474 2542
f 2680 2679 2474
f 2679 2609 2474
f 2609 2391 2474
f 2609 2499 2391
f 2391 2499 2282
f 2499 2273 2282
f 2499 2452 2273
f 2452 2265 2273
f 2283 2391 2282
f 2284 2331 2287
f 2331 2288 2287
f 2331 2419 2288
f 2390 2284 2281
f 2284 2390 2331
f 2390 2419 2331
f 2390 2473 2419
f 2473 2484 2419
f 2473 2541 2484
f 2541 2521 2484
f 2541 2584 2521
f 2584 2535 2521
f 2584 2599 2535
f 2599 2522 2535
f 2599 2585 2522
f 2585 2485 2522
f 2585 2542 2485
f 2542 2420 2485
f 2542 2474 2420
f 2474 2332 2420
f 2474 2391 2332
f 2391 2285 2332
f 2391 2283 2285
f 2288 2419 2347
f 2419 2409 2347
f 2419 2484 2409
f 2484 2441 2409
f 2484 2521 2441
f 2521 2450 2441
f 2521 2535 2450
f 2535 2442 2450
f 2535 2522 2442
f 2522 2410 2442
f 2522 2485 2410
f 2485 2348 2410
f 2485 2420 2348
f 2420 2289 2348
f 2420 2332 2289
f 2332 2286 2289
f 2332 2285 2286
f 2410 2348 2347
f 2348 2288 2347
f 2348 2289 2288
f 2441 2450 2409
f 2450 2347 2409
f 2450 2442 2347
f 2442 2410 2347
f 2171 2131 2132
f 1979 2077 2024
f 1911 1834 1835
f 1834 1703 1835
f 1834 1707 1703
f 1638 1659 1556
f 1707 1834 1695
f 1834 1661 1695
f 1834 1823 1661
f 1823 1638 1661
f 1823 1811 1638
f 1811 1659 1638
f 1811 1792 1659
f 2526 2601 2547
f 2496 2489 2440
f 2440 2300 2496
f 2231 2346 2300
f 2024 2292 2231
f 1979 1792 2077
f 2526 2575 2601
f 2575 2632 2601
f 2575 2607 2632
f 2607 2653 2632
f 2607 2629 2653
f 2300 2346 2496
f 2346 2527 2496
f 2346 2383 2527
f 2383 2545 2527
f 2383 2393 2545
f 2653 2629 2655
f 2629 2630 2655
f 2629 2625 2630
f 2625 2629 2545
f 2629 2527 2545
f 2629 2607 2527
f 2607 2496 2527
f 2607 2575 2496
f 2575 2489 2496
f 2575 2526 2489
f 2625 2545 2546
f 2545 2536 2546
f 2545 2393 2536
f 2393 2394 2536
f 2393 2385 2394
f 2231 2292 2346
f 2292 2383 2346
f 2292 2326 2383
f 2326 2393 2383
f 2326 2350 2393
f 2350 2385 2393
f 2350 2353 2385
f 2024 2077 2292
f 2077 2326 2292
f 2077 2109 2326
f 2109 2350 2326
f 2109 2131 2350
f 2131 2353 2350
f 2131 2171 2353
f 1792 1811 2077
f 1811 2109 2077
f 1811 1823 2109
f 1823 2131 2109
f 1823 1834 2131
f 1834 2132 2131
f 1834 1911 2132
f 2488 2468 2429
f 1660 1630 1555
f 1807 1808 1705
f 1808 1702 1705
f 1801 1694 1658
f 1630 1780 1658
f 1780 1801 1658
f 1780 2034 1801
f 1660 1764 1630
f 1764 1780 1630
f 1764 1978 1780
f 1978 2034 1780
f 1978 2211 2034
f 2561 2488 2515
f 2515 2547 2561
f 2262 2252 2211
f 2252 2034 2211
f 2252 2073 2034
f 2073 1801 2034
f 2073 1807 1801
f 1807 1694 1801
f 1807 1705 1694
f 2304 2316 2357
f 2378 2317 2357
f 2317 2304 2357
f 2317 2088 2304
f 2488 2561 2468
f 2561 2509 2468
f 2561 2604 2509
f 2604 2532 2509
f 2604 2621 2532
f 1808 1807 1912
f 1807 2088 1912
f 1807 2073 2088
f 2073 2304 2088
f 2073 2252 2304
f 2252 2316 2304
f 2252 2262 2316
f 2262 2301 2316
f 1912 2088 2092
f 2088 2170 2092
f 2088 2317 2170
f 2317 2320 2170
f 2317 2378 2320
f 2378 2379 2320
f 2378 2386 2379
f 2386 2378 2532
f 2378 2509 2532
f 2378 2357 2509
f 2357 2468 2509
f 2357 2316 2468
f 2316 2429 2468
f 2316 2301 2429
f 2386 2532 2534
f 2532 2537 2534
f 2532 2621 2537
f 2621 2623 2537
f 2621 2626 2623
f 2547 2601 2561
f 2601 2604 2561
f 2601 2632 2604
f 2632 2621 2604
f 2632 2653 2621
f 2653 2626 2621
f 2653 2655 2626
f 1489 1644 1462
f 1490 1660 1555
f 1489 1556 1644
f 1940 1788 1979
f 1788 1792 1979
f 1788 1644 1792
f 1644 1659 1792
f 1644 1556 1659
f 2226 2344 2301
f 2344 2429 2301
f 2344 2417 2429
f 2417 2488 2429
f 2417 2461 2488
f 2461 2515 2488
f 2461 2471 2515
f 2471 2547 2515
f 2471 2460 2547
f 2460 2526 2547
f 2460 2416 2526
f 2416 2489 2526
f 2416 2343 2489
f 2343 2440 2489
f 2343 2225 2440
f 2225 2300 2440
f 2225 2114 2300
f 2114 2231 2300
f 2114 1940 2231
f 1940 2024 2231
f 1940 1979 2024
f 1463 1645 1490
f 1645 1660 1490
f 1645 1787 1660
f 1787 1764 1660
f 1787 1941 1764
f 1941 1978 1764
f 1941 2115 1978
f 2115 2211 1978
f 2115 2226 2211
f 2226 2262 2211
f 2226 2301 2262
f 959 812 967
f 583 625 571
f 625 549 571
f 625 812 549
f 482 488 599
f 488 774 599
f 488 500 774
f 844 809 869
f 809 500 869
f 809 805 500
f 805 774 500
f 812 959 549
f 959 530 549
f 959 948 530
f 948 526 530
f 948 869 526
f 869 504 526
f 869 500 504
f 571 573 583
f 574 572 584
f 572 568 584
f 568 624 584
f 624 568 813
f 568 968 813
f 568 550 968
f 968 550 960
f 550 947 960
f 550 542 947
f 542 509 947
f 509 870 947
f 509 499 870
f 870 499 845
f 499 810 845
f 499 491 810
f 491 806 810
f 806 491 773
f 491 598 773
f 491 483 598
f 1559 1706 1763
f 1194 1430 1186
f 1186 1430 1176
f 1430 1156 1176
f 1430 1174 1156
f 1174 1153 1156
f 1504 1643 1485
f 1643 1440 1485
f 1643 1430 1440
f 1430 1402 1440
f 1430 1194 1402
f 1194 1360 1402
f 1194 1190 1360
f 1190 1338 1360
f 1190 1184 1338
f 1777 1643 1684
f 1643 1552 1684
f 1643 1504 1552
f 1706 1907 1763
f 1763 1907 1858
f 1907 1886 1858
f 1907 1903 1886
f 1903 1901 1886
f 1474 1460 1468
f 1460 1239 1468
f 1271 1256 1291
f 1256 1366 1291
f 1366 1256 1377
f 1256 1398 1377
f 1256 1239 1398
f 1239 1405 1398
f 1239 1460 1405
f 960 1274 968
f 1153 1174 1136
f 1174 1122 1136
f 1174 1068 1122
f 1068 1174 1067
f 1174 1056 1067
f 1174 1046 1056
f 1046 1174 991
f 1174 955 991
f 1174 870 955
f 870 894 955
f 870 890 894
f 890 870 866
f 870 848 866
f 870 845 848
f 1279 1274 1271
f 1274 1256 1271
f 1274 960 1256
f 960 1239 1256
f 960 947 1239
f 947 870 1239
f 1474 1468 1559
f 1468 1706 1559
f 1468 1681 1706
f 1681 1907 1706
f 1681 1840 1907
f 870 1174 1239
f 1174 1468 1239
f 1174 1430 1468
f 1430 1681 1468
f 1430 1643 1681
f 1643 1840 1681
f 1643 1777 1840
f 1476 1624 1448
f 1624 1542 1448
f 1624 1679 1542
f 1679 1674 1542
f 1447 1541 1475
f 1541 1625 1475
f 1541 1675 1625
f 1625 1675 1680
f 1675 1721 1680
f 1675 1768 1721
f 1768 1798 1721
f 1768 1848 1798
f 1848 1864 1798
f 1848 1935 1864
f 1935 1943 1864
f 1935 1989 1943
f 1989 2003 1943
f 1989 2033 2003
f 2033 2042 2003
f 2033 2052 2042
f 2052 2054 2042
f 2052 2032 2054
f 2032 2041 2054
f 2032 1988 2041
f 1988 2002 2041
f 1988 1934 2002
f 1934 1942 2002
f 1934 1847 1942
f 1847 1865 1942
f 1847 1767 1865
f 1767 1797 1865
f 1767 1674 1797
f 1674 1720 1797
f 1674 1679 1720
f 803 998 1001
f 744 783 745
f 725 788 739
f 725 670 788
f 692 657 648
f 738 789 777
f 789 803 777
f 803 789 998
f 789 782 998
f 789 727 782
f 727 789 726
f 789 716 726
f 789 738 716
f 738 696 716
f 738 646 696
f 1711 1566 1538
f 1566 1418 1538
f 1566 1429 1418
f 1429 1246 1418
f 1429 1258 1246
f 2119 2026 2007
f 2026 1914 2007
f 2026 1932 1914
f 1932 1799 1914
f 1932 1813 1799
f 657 692 670
f 692 788 670
f 692 804 788
f 804 997 788
f 804 1002 997
f 1002 1247 997
f 1002 1257 1247
f 1257 1417 1247
f 1257 1428 1417
f 1428 1537 1417
f 1428 1567 1537
f 1567 1696 1537
f 1567 1710 1696
f 1710 1800 1696
f 1710 1812 1800
f 1812 1915 1800
f 1812 1931 1915
f 1931 2006 1915
f 1931 2025 2006
f 2025 2090 2006
f 2025 2118 2090
f 2118 2145 2090
f 2118 2158 2145
f 2158 2154 2145
f 2158 2169 2154
f 2169 2144 2154
f 2169 2159 2144
f 1238 998 1015
f 998 996 1015
f 998 782 996
f 1001 998 1258
f 998 1246 1258
f 998 1238 1246
f 1238 1418 1246
f 1238 1416 1418
f 1711 1538 1697
f 1538 1531 1697
f 1538 1418 1531
f 1418 1439 1531
f 1418 1416 1439
f 1795 1697 1722
f 1697 1693 1722
f 1697 1531 1693
f 1711 1697 1813
f 1697 1799 1813
f 1697 1795 1799
f 1795 1914 1799
f 1795 1905 1914
f 2119 2007 2091
f 2007 1993 2091
f 2007 1914 1993
f 1914 1936 1993
f 1914 1905 1936
f 2137 2091 2106
f 2091 2082 2106
f 2091 1993 2082
f 2119 2091 2159
f 2091 2144 2159
f 2091 2137 2144
f 2137 2154 2144
f 2137 2148 2154
f 2148 2146 2154
f 2146 2145 2154
f 2146 2136 2145
f 2136 2090 2145
f 2136 2081 2090
f 2081 2027 2090
f 2027 2006 2090
f 2027 1992 2006
f 1992 1915 2006
f 1992 1906 1915
f 1906 1820 1915
f 1820 1800 1915
f 1820 1796 1800
f 1796 1696 1800
f 1796 1692 1696
f 1692 1589 1696
f 1589 1537 1696
f 1589 1532 1537
f 1532 1417 1537
f 1532 1415 1417
f 1415 1281 1417
f 1281 1247 1417
f 1281 1237 1247
f 1237 997 1247
f 1237 995 997
f 995 790 997
f 790 788 997
f 790 783 788
f 783 739 788
f 783 744 739
f 1500 1647 1508
f 1501 1634 1486
f 1635 1500 1487
f 1486 1634 1476
f 1634 1624 1476
f 1634 1728 1624
f 1728 1679 1624
f 1475 1625 1487
f 1625 1635 1487
f 1625 1680 1635
f 1680 1729 1635
f 1680 1721 1729
f 1721 1804 1729
f 1721 1798 1804
f 1798 1892 1804
f 1798 1864 1892
f 1864 1953 1892
f 1864 1943 1953
f 1943 2017 1953
f 1943 2003 2017
f 2003 2061 2017
f 2003 2042 2061
f 2042 2070 2061
f 2042 2054 2070
f 2054 2062 2070
f 2054 2041 2062
f 2041 2016 2062
f 2041 2002 2016
f 2002 1954 2016
f 2002 1942 1954
f 1942 1891 1954
f 1942 1865 1891
f 1865 1803 1891
f 1865 1797 1803
f 1797 1728 1803
f 1797 1720 1728
f 1720 1679 1728
f 1500 1635 1647
f 1635 1751 1647
f 1635 1729 1751
f 1729 1821 1751
f 1729 1804 1821
f 1804 1919 1821
f 1804 1892 1919
f 1892 1983 1919
f 1892 1953 1983
f 1953 2064 1983
f 1953 2017 2064
f 2017 2102 2064
f 2017 2061 2102
f 2061 2110 2102
f 2061 2070 2110
f 2070 2101 2110
f 2070 2062 2101
f 2062 2063 2101
f 2062 2016 2063
f 2016 1982 2063
f 2016 1954 1982
f 1954 1918 1982
f 1954 1891 1918
f 1891 1822 1918
f 1891 1803 1822
f 1803 1750 1822
f 1803 1728 1750
f 1728 1646 1750
f 1728 1634 1646
f 1634 1507 1646
f 1634 1501 1507
f 1711 1601 1566
f 1001 879 803
f 878 1002 804
f 1257 1002 1226
f 1002 989 1226
f 1002 878 989
f 1567 1428 1506
f 1428 1403 1506
f 1428 1257 1403
f 1257 1293 1403
f 1257 1226 1293
f 1710 1837 1812
f 1837 1710 1782
f 1710 1668 1782
f 1710 1567 1668
f 1567 1602 1668
f 1567 1506 1602
f 2118 2025 2111
f 2025 2084 2111
f 2025 1931 2084
f 1931 2008 2084
f 1931 1812 2008
f 1812 1898 2008
f 1812 1837 1898
f 2169 2158 2193
f 2158 2188 2193
f 2158 2118 2188
f 2118 2167 2188
f 2118 2111 2167
f 2159 2169 2194
f 2169 2210 2194
f 2169 2193 2210
f 2026 2119 2112
f 2119 2166 2112
f 2119 2159 2166
f 2159 2189 2166
f 2159 2194 2189
f 1813 1932 1899
f 1932 2009 1899
f 1932 2026 2009
f 2026 2083 2009
f 2026 2112 2083
f 1601 1711 1669
f 1711 1781 1669
f 1711 1813 1781
f 1813 1838 1781
f 1813 1899 1838
f 879 1001 988
f 1001 1225 988
f 1001 1258 1225
f 1258 1292 1225
f 1258 1429 1292
f 1429 1404 1292
f 1429 1566 1404
f 1566 1505 1404
f 1566 1601 1505
f 1549 1646 1507
f 1569 1558 1520
f 1757 1569 1604
f 1757 1843 1569
f 1843 1558 1569
f 1843 1574 1558
f 1548 1844 1573
f 1844 1557 1573
f 1568 1616 1603
f 1557 1844 1519
f 1844 1568 1519
f 1844 1758 1568
f 1758 1616 1568
f 1574 1843 1549
f 1843 1646 1549
f 1843 1896 1646
f 1896 1750 1646
f 1896 2059 1750
f 2059 2164 1750
f 2164 1822 1750
f 2164 2179 1822
f 2179 1918 1822
f 2179 2312 1918
f 2312 2396 1918
f 2396 1982 1918
f 2396 2464 1982
f 2464 2063 1982
f 2464 2502 2063
f 2502 2101 2063
f 2502 2513 2101
f 2513 2110 2101
f 2513 2501 2110
f 2501 2102 2110
f 2501 2465 2102
f 2465 2064 2102
f 2465 2395 2064
f 2395 1983 2064
f 2395 2313 1983
f 2313 1919 1983
f 2313 2178 1919
f 2178 1821 1919
f 2178 2165 1821
f 2165 2060 1821
f 2060 1751 1821
f 2060 1897 1751
f 1897 1647 1751
f 1897 1844 1647
f 1844 1508 1647
f 1844 1548 1508
f 1629 1757 1604
f 1628 1771 1648
f 1924 1757 1772
f 1757 1649 1772
f 1757 1629 1649
f 1757 1924 1843
f 1924 1896 1843
f 1924 2099 1896
f 2099 2059 1896
f 2099 2218 2059
f 2059 2218 2164
f 2218 2179 2164
f 2218 2351 2179
f 2351 2312 2179
f 2351 2436 2312
f 2436 2396 2312
f 2436 2503 2396
f 2503 2464 2396
f 2503 2539 2464
f 2539 2502 2464
f 2539 2548 2502
f 2548 2513 2502
f 2548 2540 2513
f 2540 2501 2513
f 2540 2504 2501
f 2504 2465 2501
f 2504 2437 2465
f 2437 2395 2465
f 2437 2352 2395
f 2352 2313 2395
f 2352 2217 2313
f 2313 2217 2178
f 2217 2165 2178
f 2217 2098 2165
f 2098 2060 2165
f 2098 1923 2060
f 2060 1923 1897
f 1923 1844 1897
f 1923 1771 1844
f 1771 1758 1844
f 1771 1628 1758
f 1628 1616 1758
f 1628 1603 1616
f 829 968 970
f 968 1274 970
f 1282 1286 976
f 1286 973 976
f 1286 1289 973
f 1279 1282 1274
f 1282 970 1274
f 1282 976 970
f 976 829 970
f 976 973 829
f 973 749 829
f 973 644 749
f 2638 2615 2644
f 2666 2628 2661
f 2431 2425 2430
f 2425 2358 2430
f 2425 2338 2358
f 2224 2206 2222
f 2234 2229 2342
f 2229 2207 2342
f 2229 2195 2207
f 2195 2185 2207
f 2076 2150 2126
f 2185 2150 2207
f 2150 2175 2207
f 2150 2076 2175
f 2126 2018 2076
f 2018 1955 2076
f 2018 1971 1955
f 1907 1955 1903
f 1955 1901 1903
f 1955 1971 1901
f 1777 1890 1831
f 1890 1959 1831
f 1890 1933 1959
f 2105 1959 2001
f 1959 1999 2001
f 1959 1933 1999
f 2222 2206 2172
f 2206 2142 2172
f 2206 2105 2142
f 2105 2013 2142
f 2105 2001 2013
f 2431 2518 2425
f 2518 2517 2425
f 2518 2552 2517
f 2622 2666 2671
f 2593 2668 2663
f 2638 2637 2615
f 2375 2381 2345
f 2381 2421 2345
f 2381 2449 2421
f 2449 2493 2421
f 2449 2590 2493
f 2335 2337 2319
f 2337 2324 2319
f 2337 2328 2324
f 2257 2243 2271
f 2243 2309 2271
f 2243 2362 2309
f 2373 2375 2335
f 2375 2337 2335
f 2375 2345 2337
f 2345 2328 2337
f 2345 2421 2328
f 1831 1959 1947
f 1959 2097 1947
f 1959 2105 2097
f 2105 2190 2097
f 2105 2206 2190
f 2206 2318 2190
f 2557 2568 2578
f 2568 2572 2578
f 2568 2570 2572
f 2570 2574 2572
f 2628 2576 2594
f 2224 2338 2206
f 2338 2318 2206
f 2338 2425 2318
f 2425 2424 2318
f 2425 2517 2424
f 2666 2622 2628
f 2622 2576 2628
f 2622 2533 2576
f 2533 2529 2576
f 2533 2486 2529
f 2644 2615 2654
f 2615 2646 2654
f 2615 2506 2646
f 2506 2544 2646
f 2506 2447 2544
f 2233 2377 2297
f 2377 2418 2297
f 2377 2451 2418
f 2451 2472 2418
f 2451 2524 2472
f 2524 2528 2472
f 2524 2565 2528
f 2565 2571 2528
f 2565 2583 2571
f 2373 2447 2375
f 2447 2381 2375
f 2447 2506 2381
f 2506 2449 2381
f 2506 2615 2449
f 2615 2590 2449
f 2615 2637 2590
f 2637 2493 2590
f 2637 2651 2493
f 2654 2646 2663
f 2646 2593 2663
f 2646 2544 2593
f 2544 2494 2593
f 2544 2447 2494
f 2447 2444 2494
f 2447 2373 2444
f 2373 2362 2444
f 2373 2335 2362
f 2335 2309 2362
f 2335 2319 2309
f 2234 2342 2243
f 2342 2362 2243
f 2342 2435 2362
f 2435 2444 2362
f 2435 2486 2444
f 2486 2494 2444
f 2486 2533 2494
f 2533 2593 2494
f 2533 2622 2593
f 2622 2668 2593
f 2622 2671 2668
f 1840 1944 1922
f 1944 2023 1922
f 1944 2078 2023
f 2078 2149 2023
f 2078 2177 2149
f 2177 2233 2149
f 2177 2314 2233
f 2314 2377 2233
f 2314 2412 2377
f 2412 2451 2377
f 2412 2500 2451
f 2500 2524 2451
f 2500 2553 2524
f 2553 2565 2524
f 2553 2579 2565
f 2579 2583 2565
f 2579 2582 2583
f 2570 2568 2564
f 2568 2552 2564
f 2568 2557 2552
f 2557 2517 2552
f 2557 2525 2517
f 2525 2424 2517
f 2525 2426 2424
f 2426 2318 2424
f 2426 2321 2318
f 2321 2190 2318
f 1840 1922 1907
f 1922 1955 1907
f 1922 2023 1955
f 2023 2076 1955
f 2023 2149 2076
f 2149 2175 2076
f 2149 2233 2175
f 2233 2207 2175
f 2233 2297 2207
f 2297 2342 2207
f 2297 2418 2342
f 2418 2435 2342
f 2418 2472 2435
f 2472 2486 2435
f 2472 2528 2486
f 2528 2529 2486
f 2528 2571 2529
f 2571 2576 2529
f 2571 2583 2576
f 2583 2594 2576
f 2583 2582 2594
f 1777 1831 1840
f 1831 1944 1840
f 1831 1947 1944
f 1947 2078 1944
f 1947 2097 2078
f 2097 2177 2078
f 2097 2190 2177
f 2190 2314 2177
f 2190 2321 2314
f 2321 2412 2314
f 2321 2426 2412
f 2426 2500 2412
f 2426 2525 2500
f 2525 2553 2500
f 2525 2557 2553
f 2557 2579 2553
f 2557 2578 2579
f 2578 2582 2579
f 2578 2572 2582
f 2572 2594 2582
f 2572 2574 2594
f 2574 2628 2594
f 2574 2597 2628
f 2597 2661 2628
f 1552 1685 1684
f 1552 1564 1685
f 1564 1690 1685
f 1564 1572 1690
f 1577 1686 1572
f 1686 1690 1572
f 1686 1774 1690
f 1774 1783 1690
f 1783 1685 1690
f 1783 1779 1685
f 1779 1684 1685
f 1779 1777 1684
f 1576 1571 1773
f 1571 1784 1773
f 1571 1565 1784
f 1565 1563 1784
f 1563 1778 1784
f 1563 1553 1778
f 2560 2543 2595
f 1824 1951 1836
f 2163 2043 2143
f 2640 2649 2616
f 2639 2581 2636
f 2581 2650 2636
f 2366 2371 2370
f 1958 1927 1904
f 1927 1908 1904
f 1927 1839 1908
f 2019 1958 1972
f 1958 1902 1972
f 1958 1904 1902
f 2235 2227 2230
f 2227 2196 2230
f 2151 2184 2181
f 2184 2196 2181
f 2196 2227 2181
f 2227 2290 2181
f 2227 2235 2290
f 2235 2333 2290
f 2235 2246 2333
f 2258 2291 2246
f 2291 2333 2246
f 2291 2354 2333
f 2370 2361 2366
f 2376 2380 2411
f 2380 2438 2411
f 2380 2414 2438
f 2414 2581 2438
f 2414 2491 2581
f 2491 2650 2581
f 2616 2649 2505
f 2649 2543 2505
f 2649 2659 2543
f 2659 2595 2543
f 2659 2669 2595
f 2667 2635 2670
f 2662 2660 2657
f 2660 2645 2657
f 2660 2658 2645
f 2658 2643 2645
f 2658 2656 2643
f 2432 2477 2492
f 2477 2596 2492
f 2477 2580 2596
f 2580 2627 2596
f 2580 2624 2627
f 2624 2652 2627
f 2624 2633 2652
f 2384 2241 2372
f 2176 2241 2223
f 2241 2267 2223
f 2241 2384 2267
f 2384 2382 2267
f 2384 2387 2382
f 2043 2022 2143
f 1975 2000 1939
f 1824 1836 1778
f 1836 1789 1778
f 1836 1900 1789
f 2127 2087 2019
f 2087 1958 2019
f 2087 2036 1958
f 2036 1927 1958
f 2036 1951 1927
f 1951 1839 1927
f 1951 1824 1839
f 2151 2181 2127
f 2181 2087 2127
f 2181 2160 2087
f 2160 2036 2087
f 2160 2103 2036
f 2103 1951 2036
f 2103 1960 1951
f 1960 1836 1951
f 2366 2361 2354
f 2361 2333 2354
f 2361 2374 2333
f 2374 2290 2333
f 2374 2325 2290
f 2325 2181 2290
f 2325 2270 2181
f 2270 2160 2181
f 2270 2201 2160
f 2201 2103 2160
f 2201 2128 2103
f 2128 1960 2103
f 2128 1975 1960
f 1975 1836 1960
f 1975 1939 1836
f 1939 1900 1836
f 2657 2645 2634
f 2645 2631 2634
f 2645 2643 2631
f 2643 2633 2631
f 2643 2656 2633
f 2656 2652 2633
f 2634 2631 2613
f 2631 2608 2613
f 2631 2633 2608
f 2633 2606 2608
f 2633 2624 2606
f 2624 2573 2606
f 2624 2580 2573
f 2580 2475 2573
f 2580 2477 2475
f 2613 2608 2554
f 2608 2551 2554
f 2608 2606 2551
f 2606 2538 2551
f 2606 2573 2538
f 2573 2467 2538
f 2573 2475 2467
f 2475 2372 2467
f 2475 2477 2372
f 2477 2384 2372
f 2477 2432 2384
f 2432 2387 2384
f 2662 2657 2667
f 2657 2635 2667
f 2657 2634 2635
f 2634 2614 2635
f 2634 2613 2614
f 2613 2556 2614
f 2613 2554 2556
f 2554 2519 2556
f 2228 2349 2367
f 2349 2445 2367
f 2349 2407 2445
f 2407 2497 2445
f 2407 2448 2497
f 2448 2510 2497
f 2448 2466 2510
f 2466 2516 2510
f 2466 2470 2516
f 2470 2479 2516
f 2163 2143 2176
f 2143 2241 2176
f 2143 2228 2241
f 2228 2372 2241
f 2228 2367 2372
f 2367 2467 2372
f 2367 2445 2467
f 2445 2538 2467
f 2445 2497 2538
f 2497 2551 2538
f 2497 2510 2551
f 2510 2554 2551
f 2510 2516 2554
f 2516 2519 2554
f 2516 2479 2519
f 2560 2523 2543
f 2523 2505 2543
f 2523 2480 2505
f 2480 2443 2505
f 2480 2439 2443
f 2439 2408 2443
f 2439 2404 2408
f 2376 2411 2408
f 2411 2443 2408
f 2411 2438 2443
f 2438 2505 2443
f 2438 2581 2505
f 2581 2616 2505
f 2581 2639 2616
f 2639 2640 2616
f 2670 2635 2669
f 2635 2595 2669
f 2635 2614 2595
f 2614 2560 2595
f 2614 2556 2560
f 2556 2523 2560
f 2556 2519 2523
f 2519 2480 2523
f 2519 2479 2480
f 2479 2439 2480
f 2479 2470 2439
f 2470 2404 2439
f 2470 2466 2404
f 2466 2392 2404
f 2466 2448 2392
f 2376 2408 2371
f 2408 2370 2371
f 2408 2404 2370
f 2404 2361 2370
f 2404 2392 2361
f 2392 2374 2361
f 2392 2448 2374
f 2448 2325 2374
f 2448 2407 2325
f 2407 2270 2325
f 2407 2349 2270
f 2349 2201 2270
f 2349 2228 2201
f 2228 2128 2201
f 2228 2143 2128
f 2143 1975 2128
f 2143 2022 1975
f 2022 2000 1975
f 2498 2641 2610
f 2421 2259 2328
f 2259 2324 2328
f 2259 2319 2324
f 2319 2259 2309
f 2259 2271 2309
f 2259 2257 2271
f 2647 2493 2651
f 2261 2453 2264
f 2421 2490 2259
f 2490 2261 2259
f 2490 2482 2261
f 2482 2453 2261
f 2482 2498 2453
f 2498 2482 2641
f 2482 2647 2641
f 2482 2490 2647
f 2490 2493 2647
f 2490 2421 2493
f 1999 2004 2001
f 1977 1783 1774
f 2004 2121 2220
f 2428 2550 2592
f 2550 2428 2456
f 2428 2405 2456
f 2428 2220 2405
f 2220 2198 2405
f 2220 2121 2198
f 1999 1933 2004
f 2121 2004 1977
f 2004 1783 1977
f 2004 1933 1783
f 1933 1779 1783
f 1933 1890 1779
f 1890 1777 1779
f 2001 2004 2013
f 2004 2142 2013
f 2004 2220 2142
f 2220 2172 2142
f 2220 2222 2172
f 2358 2338 2428
f 2338 2220 2428
f 2338 2224 2220
f 2224 2222 2220
f 2552 2592 2564
f 2358 2428 2430
f 2428 2431 2430
f 2428 2592 2431
f 2592 2518 2431
f 2592 2552 2518
f 2564 2592 2570
f 2592 2574 2570
f 2592 2597 2574
f 2735 2731 2722
f 2731 2720 2722
f 2651 2637 2686
f 2637 2683 2686
f 2637 2638 2683
f 2638 2685 2683
f 2638 2644 2685
f 2690 2597 2677
f 2690 2705 2597
f 2747 2735 2745
f 2735 2732 2745
f 2735 2722 2732
f 2686 2683 2694
f 2683 2701 2694
f 2683 2685 2701
f 2685 2711 2701
f 2685 2736 2711
f 2597 2705 2661
f 2705 2666 2661
f 2705 2709 2666
f 2704 2727 2677
f 2727 2690 2677
f 2727 2740 2690
f 2740 2705 2690
f 2740 2742 2705
f 2742 2709 2705
f 2742 2736 2709
f 2736 2695 2709
f 2736 2685 2695
f 2685 2654 2695
f 2685 2644 2654
f 2738 2754 2729
f 2754 2744 2729
f 2754 2755 2744
f 2755 2750 2744
f 2755 2756 2750
f 2756 2752 2750
f 2756 2749 2752
f 2749 2745 2752
f 2749 2748 2745
f 2748 2747 2745
f 2666 2709 2671
f 2709 2668 2671
f 2709 2695 2668
f 2695 2663 2668
f 2695 2654 2663
f 2694 2701 2720
f 2701 2722 2720
f 2701 2711 2722
f 2711 2732 2722
f 2711 2736 2732
f 2736 2745 2732
f 2736 2742 2745
f 2742 2752 2745
f 2742 2740 2752
f 2740 2750 2752
f 2740 2727 2750
f 2727 2744 2750
f 2727 2704 2744
f 2704 2729 2744
f 2022 2005 2000
f 2492 2427 2432
f 2457 2591 2549
f 2221 2427 2197
f 2427 2406 2197
f 2427 2457 2406
f 1784 2005 1773
f 2005 1976 1773
f 2005 2221 1976
f 2221 2120 1976
f 2221 2197 2120
f 2457 2427 2591
f 2427 2596 2591
f 2427 2492 2596
f 2432 2427 2387
f 2427 2382 2387
f 2427 2221 2382
f 2221 2267 2382
f 2221 2223 2267
f 2223 2221 2176
f 2221 2163 2176
f 2221 2005 2163
f 2005 2043 2163
f 2005 2022 2043
f 2000 2005 1939
f 2005 1900 1939
f 2005 1784 1900
f 1784 1789 1900
f 1784 1778 1789
f 2723 2735 2733
f 2733 2737 2712
f 2689 2682 2650
f 2682 2636 2650
f 2682 2684 2636
f 2706 2660 2662
f 2660 2706 2658
f 2706 2656 2658
f 2706 2691 2656
f 2596 2627 2676
f 2627 2691 2676
f 2627 2652 2691
f 2652 2656 2691
f 2636 2684 2639
f 2684 2640 2639
f 2684 2696 2640
f 2712 2702 2733
f 2702 2723 2733
f 2702 2719 2723
f 2719 2735 2723
f 2719 2731 2735
f 2746 2747 2748
f 2703 2728 2730
f 2728 2743 2730
f 2728 2739 2743
f 2739 2751 2743
f 2739 2741 2751
f 2741 2753 2751
f 2741 2737 2753
f 2737 2746 2753
f 2737 2733 2746
f 2733 2747 2746
f 2733 2735 2747
f 2710 2706 2670
f 2706 2667 2670
f 2706 2662 2667
f 2640 2696 2649
f 2696 2659 2649
f 2696 2710 2659
f 2710 2669 2659
f 2710 2670 2669
f 2730 2743 2738
f 2743 2754 2738
f 2743 2751 2754
f 2751 2755 2754
f 2751 2753 2755
f 2753 2756 2755
f 2753 2746 2756
f 2746 2749 2756
f 2746 2748 2749
f 2719 2702 2689
f 2702 2682 2689
f 2702 2712 2682
f 2712 2684 2682
f 2712 2737 2684
f 2737 2696 2684
f 2737 2741 2696
f 2741 2710 2696
f 2741 2739 2710
f 2739 2706 2710
f 2739 2728 2706
f 2728 2691 2706
f 2728 2703 2691
f 2703 2676 2691
f 2260 2481 2487
f 2260 2263 2481
f 2258 2260 2291
f 2260 2354 2291
f 2354 2260 2366
f 2260 2371 2366
f 2260 2376 2371
f 2376 2260 2380
f 2260 2414 2380
f 2260 2487 2414
f 2487 2491 2414
f 2265 2452 2263
f 2452 2481 2263
f 2452 2499 2481
f 2499 2609 2481
f 2609 2642 2481
f 2642 2487 2481
f 2642 2648 2487
f 2648 2491 2487
f 2648 2650 2491
f 2648 2689 2650
f 2609 2679 2642
f 2679 2687 2642
f 2717 2716 2726
f 2716 2717 2708
f 2717 2699 2708
f 2717 2687 2699
f 2687 2680 2699
f 2687 2679 2680
f 2731 2719 2726
f 2719 2717 2726
f 2719 2689 2717
f 2689 2687 2717
f 2689 2648 2687
f 2648 2642 2687
f 2716 2707 2726
f 2707 2718 2726
f 2647 2688 2641
f 2688 2610 2641
f 2610 2688 2678
f 2688 2681 2678
f 2688 2718 2681
f 2718 2700 2681
f 2718 2707 2700
f 2726 2718 2731
f 2718 2720 2731
f 2718 2688 2720
f 2688 2694 2720
f 2688 2647 2694
f 2647 2686 2694
f 2647 2651 2686
f 2675 2592 2665
f 2592 2550 2665
f 2734 2724 2721
f 2724 2713 2721
f 2724 2698 2713
f 2698 2693 2713
f 2698 2675 2693
f 2675 2673 2693
f 2675 2665 2673
f 2738 2729 2734
f 2729 2724 2734
f 2729 2704 2724
f 2704 2698 2724
f 2704 2677 2698
f 2677 2675 2698
f 2677 2597 2675
f 2597 2592 2675
f 2674 2549 2591
f 2721 2715 2734
f 2715 2725 2734
f 2549 2674 2664
f 2674 2672 2664
f 2674 2697 2672
f 2697 2692 2672
f 2697 2725 2692
f 2725 2714 2692
f 2725 2715 2714
f 2596 2676 2591
f 2676 2674 2591
f 2676 2703 2674
f 2703 2697 2674
f 2703 2730 2697
f 2730 2725 2697
f 2730 2738 2725
f 2738 2734 2725
f 1144 1168 1173
f 1168 1184 1173
f 1181 1190 1194
f 1119 1144 1145
f 1144 1181 1145
f 1144 1173 1181
f 1173 1190 1181
f 1173 1184 1190
f 865 780 862
f 780 681 862
f 780 676 681
f 676 564 681
f 564 464 681
f 564 463 464
f 799 599 774
f 850 859 673
f 859 681 673
f 859 862 681
f 850 673 847
f 673 636 847
f 673 474 636
f 474 673 472
f 673 470 472
f 673 681 470
f 681 468 470
f 681 464 468
f 595 481 587
f 481 595 479
f 595 636 479
f 636 476 479
f 636 474 476
f 847 636 837
f 636 799 837
f 636 595 799
f 595 599 799
f 595 587 599
f 587 482 599
f 587 481 482
f 1106 1098 1107
f 1170 1135 1154
f 1127 1073 1123
f 1049 1039 1045
f 1051 1059 1065
f 1107 1137 1106
f 1063 1064 1066
f 1064 1091 1066
f 1064 1104 1091
f 1059 1051 1049
f 1051 1039 1049
f 1051 1035 1039
f 1035 1016 1039
f 1123 1073 1065
f 1073 1051 1065
f 1073 1050 1051
f 1050 1035 1051
f 1050 1042 1035
f 1042 1016 1035
f 1042 1009 1016
f 1042 1050 1063
f 1050 1064 1063
f 1050 1073 1064
f 1073 1104 1064
f 1073 1127 1104
f 1127 1135 1104
f 1127 1141 1135
f 1141 1154 1135
f 1091 1104 1098
f 1104 1107 1098
f 1104 1135 1107
f 1135 1137 1107
f 1135 1170 1137
f 1170 1171 1137
f 1170 1175 1171
f 1193 1165 1175
f 1165 1171 1175
f 1165 1128 1171
f 1128 1137 1171
f 1128 1120 1137
f 1120 1106 1137
f 1060 1042 1063
f 1060 1043 1042
f 1043 1009 1042
f 1043 1012 1009
f 1046 991 1029
f 991 955 1029
f 1011 1010 982
f 1010 984 982
f 1010 1029 984
f 1029 980 984
f 1029 955 980
f 1194 1186 1181
f 1176 1156 1155
f 1156 1153 1155
f 1136 1122 1115
f 1122 1105 1115
f 1122 1068 1105
f 1056 1037 1067
f 1121 1100 1114
f 1186 1176 1181
f 1176 1145 1181
f 1176 1155 1145
f 1155 1119 1145
f 1155 1118 1119
f 1044 1037 1010
f 1037 1029 1010
f 1037 1056 1029
f 1056 1046 1029
f 1037 1044 1057
f 1044 1090 1057
f 1044 1062 1090
f 1062 1101 1090
f 1062 1099 1101
f 1136 1115 1153
f 1115 1155 1153
f 1115 1121 1155
f 1121 1118 1155
f 1121 1114 1118
f 1067 1037 1068
f 1037 1105 1068
f 1037 1057 1105
f 1057 1115 1105
f 1057 1090 1115
f 1090 1121 1115
f 1090 1101 1121
f 1101 1100 1121
f 1101 1099 1100
f 864 781 863
f 864 682 781
f 682 693 781
f 682 466 693
f 466 565 693
f 466 465 565
f 858 682 864
f 586 483 480
f 478 475 594
f 475 637 594
f 467 672 469
f 672 471 469
f 672 637 471
f 637 473 471
f 637 475 473
f 849 672 858
f 672 682 858
f 672 467 682
f 467 466 682
f 483 586 598
f 586 594 598
f 586 480 594
f 480 478 594
f 849 843 672
f 843 637 672
f 843 838 637
f 838 594 637
f 838 802 594
f 802 598 594
f 802 773 598
f 866 848 854
f 848 845 854
f 845 842 854
f 845 810 842
f 943 980 955
f 955 894 943
f 894 899 943
f 894 890 899
f 890 866 899
f 866 874 899
f 866 854 874
f 854 855 874
f 854 842 855
f 984 963 966
f 963 949 966
f 963 951 949
f 951 898 949
f 951 895 898
f 895 884 898
f 895 871 884
f 871 873 884
f 871 858 873
f 858 867 873
f 858 864 867
f 858 871 855
f 871 874 855
f 871 895 874
f 895 899 874
f 895 951 899
f 951 943 899
f 951 963 943
f 963 980 943
f 963 984 980
f 773 802 806
f 802 810 806
f 802 838 810
f 838 842 810
f 838 843 842
f 843 855 842
f 843 849 855
f 849 858 855
f 863 867 864
f 863 868 867
f 868 873 867
f 868 883 873
f 873 883 884
f 883 898 884
f 883 950 898
f 984 966 982
f 966 950 982
f 966 949 950
f 949 898 950
f 981 956 992
f 956 954 992
f 985 983 1012
f 983 1009 1012
f 983 981 1009
f 981 1016 1009
f 981 992 1016
f 992 1039 1016
f 992 1045 1039
f 861 877 851
f 844 841 809
f 844 846 841
f 861 885 877
f 940 956 952
f 956 981 952
f 774 805 799
f 805 809 799
f 859 875 862
f 859 850 872
f 850 860 872
f 809 841 799
f 841 837 799
f 841 860 837
f 860 847 837
f 860 850 847
f 872 860 896
f 860 877 896
f 860 841 877
f 841 851 877
f 841 846 851
f 846 861 851
f 897 952 942
f 952 953 942
f 952 981 953
f 981 972 953
f 981 983 972
f 859 872 875
f 872 897 875
f 872 896 897
f 896 952 897
f 896 877 952
f 877 940 952
f 877 885 940
f 885 956 940
f 885 954 956
f 985 972 983
f 985 971 972
f 971 953 972
f 971 941 953
f 953 941 942
f 941 897 942
f 941 876 897
f 897 876 875
f 876 862 875
f 876 865 862
f 139 186 138
f 139 141 186
f 187 145 200
f 145 148 200
f 311 249 316
f 249 253 316
f 145 187 144
f 187 185 144
f 187 247 185
f 314 247 311
f 247 249 311
f 247 187 249
f 187 253 249
f 187 200 253
f 318 250 314
f 250 247 314
f 250 186 247
f 186 185 247
f 186 141 185
f 141 144 185
f 441 398 402
f 457 524 543
f 349 355 325
f 543 553 457
f 522 573 571
f 357 355 398
f 355 402 398
f 355 349 402
f 361 357 411
f 357 407 411
f 357 398 407
f 361 314 357
f 314 355 357
f 314 311 355
f 311 325 355
f 311 316 325
f 573 522 553
f 522 457 553
f 522 405 457
f 314 361 318
f 361 405 318
f 361 411 405
f 411 457 405
f 411 407 457
f 407 524 457
f 407 398 524
f 398 513 524
f 398 441 513
f 441 511 513
f 441 507 511
f 362 326 320
f 482 401 397
f 482 481 401
f 481 414 401
f 481 479 414
f 439 464 428
f 464 439 468
f 439 470 468
f 439 435 470
f 435 472 470
f 435 433 472
f 433 474 472
f 433 416 474
f 416 476 474
f 416 414 476
f 414 479 476
f 397 401 362
f 401 326 362
f 401 414 326
f 414 347 326
f 414 416 347
f 416 359 347
f 416 433 359
f 433 371 359
f 433 435 371
f 435 374 371
f 435 439 374
f 439 381 374
f 439 428 381
f 191 175 204
f 175 171 204
f 175 154 171
f 338 331 334
f 331 329 334
f 331 327 329
f 338 334 340
f 334 343 340
f 334 345 343
f 338 340 298
f 340 308 298
f 121 122 154
f 122 171 154
f 122 127 171
f 341 344 335
f 344 346 335
f 328 332 330
f 332 335 330
f 332 339 335
f 339 341 335
f 299 309 339
f 309 341 339
f 292 252 271
f 261 294 284
f 252 261 223
f 261 260 223
f 261 284 260
f 191 204 223
f 204 252 223
f 204 233 252
f 233 271 252
f 294 261 299
f 261 309 299
f 261 252 309
f 252 305 309
f 252 292 305
f 224 203 190
f 232 251 272
f 251 293 272
f 251 304 293
f 283 262 259
f 262 224 259
f 262 251 224
f 251 203 224
f 251 232 203
f 304 251 308
f 251 298 308
f 251 262 298
f 262 295 298
f 262 283 295
f 203 170 190
f 170 174 190
f 170 153 174
f 110 121 154
f 93 158 77
f 40 57 75
f 57 103 75
f 158 103 77
f 103 69 77
f 103 57 69
f 258 214 175
f 214 154 175
f 214 158 154
f 158 110 154
f 158 93 110
f 339 332 299
f 332 294 299
f 294 332 284
f 332 260 284
f 332 328 260
f 328 223 260
f 328 258 223
f 258 191 223
f 258 175 191
f 39 16 74
f 16 46 74
f 75 47 40
f 47 18 40
f 18 47 12
f 47 11 12
f 47 20 11
f 20 9 11
f 20 46 9
f 46 10 9
f 46 16 10
f 153 120 108
f 298 295 338
f 295 331 338
f 257 327 224
f 327 259 224
f 327 331 259
f 331 283 259
f 331 295 283
f 213 257 174
f 257 190 174
f 257 224 190
f 76 157 86
f 157 108 86
f 157 213 108
f 213 153 108
f 213 174 153
f 76 70 157
f 70 102 157
f 70 55 102
f 55 74 102
f 55 39 74
f 384 427 382
f 384 426 427
f 426 466 427
f 426 465 466
f 522 404 405
f 404 318 405
f 404 307 318
f 391 549 530
f 386 391 504
f 391 526 504
f 391 530 526
f 362 369 397
f 369 482 397
f 369 378 482
f 378 488 482
f 378 386 488
f 386 500 488
f 386 504 500
f 280 288 270
f 571 549 522
f 549 404 522
f 549 391 404
f 391 307 404
f 391 386 307
f 386 290 307
f 386 378 290
f 378 280 290
f 378 369 280
f 369 288 280
f 369 362 288
f 362 320 288
f 1421 1492 1511
f 1492 1525 1511
f 1528 1544 1492
f 1544 1525 1492
f 1544 1554 1525
f 1554 1543 1525
f 1420 1437 1421
f 1437 1492 1421
f 1437 1447 1492
f 1500 1492 1487
f 1492 1475 1487
f 1492 1447 1475
f 1573 1497 1548
f 1492 1500 1496
f 1500 1497 1496
f 1500 1508 1497
f 1508 1548 1497
f 1571 1557 1565
f 1497 1573 1539
f 1573 1575 1539
f 1573 1557 1575
f 1557 1576 1575
f 1557 1571 1576
f 1565 1557 1563
f 1557 1553 1563
f 1557 1519 1553
f 1519 1502 1553
f 1519 1443 1502
f 1443 1478 1502
f 1340 1399 1337
f 1399 1443 1337
f 1399 1435 1443
f 1435 1478 1443
f 440 382 427
f 466 467 427
f 467 440 427
f 467 469 440
f 469 471 440
f 440 471 436
f 471 434 436
f 471 473 434
f 473 475 434
f 434 475 415
f 475 413 415
f 475 478 413
f 478 400 413
f 478 480 400
f 480 396 400
f 480 483 396
f 324 363 321
f 382 440 376
f 440 372 376
f 440 436 372
f 436 364 372
f 436 434 364
f 434 352 364
f 434 415 352
f 415 342 352
f 415 413 342
f 413 324 342
f 413 400 324
f 400 363 324
f 400 396 363
f 630 640 643
f 640 622 633
f 621 620 630
f 620 640 630
f 620 510 640
f 510 622 640
f 622 510 508
f 510 477 508
f 510 456 477
f 456 442 477
f 456 443 442
f 443 403 442
f 443 395 403
f 395 393 403
f 395 351 393
f 282 315 303
f 315 351 303
f 315 348 351
f 348 393 351
f 199 147 149
f 147 199 151
f 199 156 151
f 199 160 156
f 160 199 163
f 199 166 163
f 199 178 166
f 149 228 199
f 228 230 199
f 228 282 230
f 282 286 230
f 282 303 286
f 458 419 572
f 477 512 508
f 574 546 572
f 546 458 572
f 546 529 458
f 393 399 403
f 399 442 403
f 477 442 512
f 315 356 348
f 412 358 360
f 358 313 360
f 358 356 313
f 356 312 313
f 356 315 312
f 512 453 525
f 442 399 512
f 399 453 512
f 399 408 453
f 317 333 313
f 333 360 313
f 333 419 360
f 419 412 360
f 419 458 412
f 348 356 393
f 356 399 393
f 356 358 399
f 358 408 399
f 358 412 408
f 412 453 408
f 412 458 453
f 458 525 453
f 458 529 525
f 1839 1704 1908
f 948 1248 1233
f 1170 1427 1175
f 1427 1193 1175
f 1427 1399 1193
f 1399 1189 1193
f 1399 1340 1189
f 1340 1185 1189
f 869 846 844
f 1045 1169 1049
f 1045 992 1169
f 846 869 861
f 869 885 861
f 869 1169 885
f 1169 954 885
f 1169 992 954
f 1049 1169 1059
f 1169 1065 1059
f 1169 1123 1065
f 1123 1169 1127
f 1169 1141 1127
f 1169 1427 1141
f 1427 1154 1141
f 1427 1170 1154
f 948 959 1248
f 959 1255 1248
f 959 967 1255
f 1376 1248 1332
f 1376 1381 1248
f 1280 1275 1255
f 1275 1248 1255
f 1275 1285 1248
f 1285 1332 1248
f 1233 1248 1409
f 1248 1401 1409
f 1248 1381 1401
f 1562 1466 1481
f 1466 1464 1481
f 1466 1233 1464
f 1233 1453 1464
f 1233 1409 1453
f 1687 1861 1704
f 1861 1908 1704
f 1861 1885 1908
f 1885 1904 1908
f 1885 1902 1904
f 1642 1778 1553
f 1435 1642 1478
f 1642 1502 1478
f 1642 1553 1502
f 1642 1466 1676
f 1778 1642 1824
f 1642 1839 1824
f 1642 1676 1839
f 1676 1704 1839
f 1676 1466 1704
f 1466 1687 1704
f 1466 1562 1687
f 948 1233 869
f 1233 1169 869
f 1233 1466 1169
f 1466 1427 1169
f 1466 1642 1427
f 1642 1399 1427
f 1642 1435 1399
f 1273 1285 1275
f 1273 1346 1285
f 1381 1376 1395
f 1376 1346 1395
f 1376 1332 1346
f 1332 1285 1346
f 1453 1409 1452
f 1409 1395 1452
f 1409 1401 1395
f 1401 1381 1395
f 1562 1481 1561
f 1481 1452 1561
f 1481 1464 1452
f 1464 1453 1452
f 2192 2167 2111
f 1408 1433 1463
f 989 1038 1226
f 1038 1359 1226
f 1433 1587 1463
f 1404 1224 1292
f 1224 1225 1292
f 1224 988 1225
f 1293 1434 1403
f 1434 1506 1403
f 1434 1588 1506
f 1588 1602 1506
f 1588 1730 1602
f 1730 1668 1602
f 1730 1782 1668
f 1837 1782 1968
f 1782 1841 1968
f 1782 1730 1841
f 1837 1968 1898
f 1968 2008 1898
f 1968 2123 2008
f 2123 2192 2008
f 2192 2084 2008
f 2192 2111 2084
f 2188 2167 2322
f 2167 2278 2322
f 2167 2192 2278
f 2188 2322 2193
f 2322 2210 2193
f 2322 2336 2210
f 2336 2194 2210
f 2336 2323 2194
f 2323 2189 2194
f 2323 2279 2189
f 2189 2279 2166
f 2279 2112 2166
f 2279 2191 2112
f 2191 2083 2112
f 2191 2122 2083
f 2083 2122 2009
f 2122 1899 2009
f 2122 1967 1899
f 1967 1838 1899
f 1967 1842 1838
f 1842 1781 1838
f 1842 1669 1781
f 1601 1669 1587
f 1669 1731 1587
f 1669 1842 1731
f 1601 1587 1505
f 1587 1404 1505
f 1587 1433 1404
f 1433 1224 1404
f 1433 1408 1224
f 1463 1587 1645
f 1587 1787 1645
f 1587 1731 1787
f 1731 1941 1787
f 1731 1842 1941
f 1842 2115 1941
f 1842 1967 2115
f 1967 2226 2115
f 1967 2122 2226
f 2122 2344 2226
f 2122 2191 2344
f 2191 2417 2344
f 2191 2279 2417
f 2279 2461 2417
f 2279 2323 2461
f 2323 2471 2461
f 2323 2336 2471
f 2336 2460 2471
f 2336 2322 2460
f 2322 2416 2460
f 2322 2278 2416
f 2278 2343 2416
f 2278 2192 2343
f 2192 2225 2343
f 2192 2123 2225
f 2123 2114 2225
f 2123 1968 2114
f 1968 1940 2114
f 1968 1841 1940
f 1841 1788 1940
f 1841 1730 1788
f 1730 1644 1788
f 1730 1588 1644
f 1588 1462 1644
f 1588 1434 1462
f 1434 1359 1462
f 1434 1293 1359
f 1293 1226 1359
f 836 856 811
f 798 857 796
f 797 1094 808
f 1094 880 808
f 2116 2071 2044
f 2071 1961 2044
f 2071 1984 1961
f 1984 1888 1961
f 1984 1910 1888
f 1910 1794 1888
f 1910 1806 1794
f 1806 1701 1794
f 1806 1713 1701
f 1713 1580 1701
f 1713 1597 1580
f 1597 1445 1580
f 1597 1454 1445
f 1454 1356 1445
f 1454 1368 1356
f 1368 1094 1356
f 1368 1103 1094
f 1103 880 1094
f 1455 1596 1581
f 1596 1700 1581
f 1596 1712 1700
f 1712 1793 1700
f 1712 1805 1793
f 1805 1887 1793
f 1805 1909 1887
f 1909 1962 1887
f 1909 1985 1962
f 1985 2045 1962
f 1985 2072 2045
f 2072 2086 2045
f 2072 2117 2086
f 2117 2104 2086
f 2117 2135 2104
f 836 881 856
f 881 1095 856
f 881 1102 1095
f 1102 1355 1095
f 1102 1367 1355
f 795 1093 797
f 1093 1094 797
f 1093 1221 1094
f 1221 1356 1094
f 1221 1349 1356
f 1349 1445 1356
f 1349 1441 1445
f 1441 1517 1445
f 1517 1580 1445
f 1517 1578 1580
f 1578 1701 1580
f 1578 1698 1701
f 1698 1794 1701
f 1698 1791 1794
f 1791 1888 1794
f 1791 1868 1888
f 1868 1961 1888
f 1868 1957 1961
f 2116 2044 2085
f 2044 2028 2085
f 2044 1961 2028
f 1961 1966 2028
f 1961 1957 1966
f 2100 2085 2089
f 2085 2080 2089
f 2085 2028 2080
f 2116 2085 2135
f 2085 2104 2135
f 2085 2100 2104
f 2100 2086 2104
f 2100 2079 2086
f 2079 2053 2086
f 2053 2045 2086
f 2053 2029 2045
f 2029 1962 2045
f 2029 1956 1962
f 1956 1893 1962
f 1893 1887 1962
f 1893 1869 1887
f 1869 1793 1887
f 1869 1790 1793
f 1790 1700 1793
f 1790 1699 1700
f 1455 1581 1446
f 1581 1579 1446
f 1581 1700 1579
f 1700 1688 1579
f 1700 1699 1688
f 1350 1446 1407
f 1446 1442 1407
f 1446 1579 1442
f 1455 1446 1367
f 1446 1355 1367
f 1446 1350 1355
f 1350 1095 1355
f 1350 1092 1095
f 1092 979 1095
f 979 856 1095
f 979 857 856
f 857 811 856
f 857 798 811
f 1033 1102 881
f 1367 1102 1364
f 1102 1183 1364
f 1102 1033 1183
f 1103 1034 880
f 1596 1455 1595
f 1455 1449 1595
f 1455 1367 1449
f 1367 1387 1449
f 1367 1364 1387
f 1805 1712 1815
f 1712 1715 1815
f 1712 1596 1715
f 1596 1641 1715
f 1596 1595 1641
f 1909 1805 1930
f 1805 1867 1930
f 1805 1815 1867
f 2072 1985 2133
f 1985 2108 2133
f 1985 1909 2108
f 1909 2031 2108
f 1909 1930 2031
f 1984 2071 2134
f 2071 2174 2134
f 2071 2116 2174
f 2116 2203 2174
f 2116 2135 2203
f 2135 2219 2203
f 2135 2117 2219
f 2117 2202 2219
f 2117 2072 2202
f 2072 2173 2202
f 2072 2133 2173
f 1806 1910 1929
f 1910 2030 1929
f 1910 1984 2030
f 1984 2107 2030
f 1984 2134 2107
f 1713 1806 1814
f 1806 1866 1814
f 1806 1929 1866
f 1454 1597 1594
f 1597 1640 1594
f 1597 1713 1640
f 1713 1714 1640
f 1713 1814 1714
f 1034 1103 1182
f 1103 1363 1182
f 1103 1368 1363
f 1368 1388 1363
f 1368 1454 1388
f 1454 1450 1388
f 1454 1594 1450
f 1948 2031 1930
f 1457 1393 1373
f 1393 1260 1373
f 1260 1363 1373
f 1260 1182 1363
f 1183 1372 1364
f 1372 1387 1364
f 1372 1456 1387
f 1387 1456 1449
f 1456 1595 1449
f 1456 1609 1595
f 1609 1641 1595
f 1609 1736 1641
f 1641 1736 1715
f 1736 1815 1715
f 1736 1829 1815
f 1829 1948 1815
f 1948 1867 1815
f 1948 1930 1867
f 2108 2031 2162
f 2031 2074 2162
f 2031 1948 2074
f 2108 2162 2133
f 2162 2173 2133
f 2162 2205 2173
f 2205 2202 2173
f 2205 2238 2202
f 2238 2219 2202
f 2238 2254 2219
f 2254 2203 2219
f 2254 2237 2203
f 2237 2174 2203
f 2237 2204 2174
f 2204 2134 2174
f 2204 2161 2134
f 2161 2107 2134
f 2161 2075 2107
f 2107 2075 2030
f 2075 1929 2030
f 2075 1949 1929
f 1949 1866 1929
f 1949 1830 1866
f 1830 1814 1866
f 1830 1714 1814
f 1640 1714 1610
f 1714 1735 1610
f 1714 1830 1735
f 1640 1610 1594
f 1610 1450 1594
f 1610 1457 1450
f 1457 1373 1450
f 1373 1388 1450
f 1373 1363 1388
f 1393 1457 1469
f 1457 1637 1469
f 1457 1610 1637
f 1610 1755 1637
f 1610 1735 1755
f 1735 1863 1755
f 1735 1830 1863
f 1830 1990 1863
f 1830 1949 1990
f 1949 2130 1990
f 1949 2075 2130
f 2075 2182 2130
f 2075 2161 2182
f 2161 2251 2182
f 2161 2204 2251
f 2204 2308 2251
f 2204 2237 2308
f 2237 2315 2308
f 2237 2254 2315
f 2254 2307 2315
f 2254 2238 2307
f 2238 2250 2307
f 2238 2205 2250
f 2205 2183 2250
f 2205 2162 2183
f 2162 2129 2183
f 2162 2074 2129
f 2074 1991 2129
f 2074 1948 1991
f 1948 1862 1991
f 1948 1829 1862
f 1829 1756 1862
f 1829 1736 1756
f 1736 1636 1756
f 1736 1609 1636
f 1609 1470 1636
f 1609 1456 1470
f 1456 1392 1470
f 1456 1372 1392
f 1372 1259 1392
f 1372 1183 1259
f 1458 1470 1392
f 1393 1469 1459
f 1469 1605 1459
f 1469 1637 1605
f 1637 1717 1605
f 1637 1755 1717
f 1755 1786 1717
f 1755 1863 1786
f 1863 1996 1786
f 1863 1990 1996
f 1990 2187 1996
f 1990 2130 2187
f 2130 2296 2187
f 2130 2182 2296
f 2182 2359 2296
f 2182 2251 2359
f 2251 2462 2359
f 2251 2308 2462
f 2308 2511 2462
f 2308 2315 2511
f 2315 2520 2511
f 2315 2307 2520
f 2307 2512 2520
f 2307 2250 2512
f 2250 2463 2512
f 2250 2183 2463
f 2183 2360 2463
f 2183 2129 2360
f 2129 2295 2360
f 2129 1991 2295
f 1991 2186 2295
f 1991 1862 2186
f 1862 1997 2186
f 1862 1756 1997
f 1756 1785 1997
f 1756 1636 1785
f 1636 1716 1785
f 1636 1470 1716
f 1470 1606 1716
f 1470 1458 1606
f 1568 1443 1519
f 811 798 941
f 798 876 941
f 798 796 876
f 796 865 876
f 796 780 865
f 1337 1392 1163
f 1392 1060 1163
f 1392 1259 1060
f 1259 1043 1060
f 1259 1183 1043
f 1183 1012 1043
f 1183 1033 1012
f 1012 1033 985
f 1033 971 985
f 1033 881 971
f 881 941 971
f 881 836 941
f 836 811 941
f 1732 1443 1727
f 1443 1689 1727
f 1443 1648 1689
f 1337 1443 1392
f 1443 1458 1392
f 1443 1606 1458
f 1648 1443 1628
f 1443 1603 1628
f 1443 1568 1603
f 1606 1443 1652
f 1443 1657 1652
f 1443 1678 1657
f 1678 1443 1709
f 1443 1724 1709
f 1443 1732 1724
f 70 76 63
f 76 100 63
f 76 86 100
f 86 108 100
f 183 120 123
f 126 183 125
f 183 124 125
f 183 123 124
f 138 186 188
f 186 240 188
f 186 250 240
f 250 307 240
f 250 318 307
f 270 254 280
f 254 226 280
f 254 207 226
f 207 159 226
f 159 168 226
f 159 130 168
f 130 91 168
f 91 100 168
f 91 80 100
f 80 63 100
f 80 45 63
f 290 236 307
f 236 240 307
f 236 183 240
f 183 188 240
f 183 126 188
f 126 138 188
f 108 120 100
f 120 168 100
f 120 183 168
f 183 226 168
f 183 236 226
f 236 280 226
f 236 290 280
f 45 31 63
f 9 7 4
f 9 10 7
f 10 14 7
f 10 16 14
f 16 31 14
f 16 39 31
f 39 55 31
f 55 63 31
f 55 70 63
f 45 17 31
f 17 14 31
f 17 8 14
f 8 7 14
f 8 3 7
f 3 4 7
f 3 1 4
f 383 381 425
f 381 428 425
f 428 464 425
f 464 455 425
f 464 463 455
f 1 6 4
f 57 62 69
f 57 40 62
f 62 40 30
f 40 13 30
f 40 18 13
f 18 12 13
f 12 6 13
f 12 11 6
f 11 4 6
f 11 9 4
f 1 2 6
f 2 13 6
f 2 5 13
f 5 30 13
f 5 15 30
f 15 62 30
f 15 44 62
f 44 101 62
f 281 306 317
f 281 221 306
f 189 127 184
f 127 122 184
f 122 121 184
f 121 169 184
f 121 110 169
f 110 101 169
f 110 93 101
f 62 101 69
f 101 77 69
f 101 93 77
f 202 169 119
f 169 111 119
f 169 101 111
f 101 71 111
f 101 44 71
f 189 184 241
f 184 237 241
f 184 169 237
f 169 227 237
f 169 202 227
f 202 219 227
f 269 279 219
f 279 227 219
f 279 291 227
f 291 237 227
f 291 306 237
f 306 241 237
f 306 221 241
f 221 189 241
f 221 137 189
f 137 127 189
f 269 287 279
f 287 370 279
f 287 321 370
f 483 370 396
f 370 363 396
f 370 321 363
f 568 406 550
f 406 542 550
f 406 392 542
f 392 509 542
f 392 387 509
f 387 499 509
f 387 380 499
f 380 491 499
f 572 419 568
f 419 406 568
f 419 333 406
f 333 317 406
f 317 306 406
f 306 392 406
f 306 291 392
f 291 387 392
f 291 279 387
f 279 380 387
f 279 370 380
f 370 491 380
f 370 483 491
f 1419 1436 1438
f 1545 1437 1420
f 1436 1448 1438
f 1448 1546 1438
f 1448 1542 1546
f 1542 1682 1546
f 1542 1674 1682
f 1674 1770 1682
f 1674 1767 1770
f 1767 1849 1770
f 1767 1847 1849
f 1847 1937 1849
f 1847 1934 1937
f 1934 1995 1937
f 1934 1988 1995
f 1988 2040 1995
f 1988 2032 2040
f 2032 2058 2040
f 2032 2052 2058
f 2052 2039 2058
f 2052 2033 2039
f 2033 1994 2039
f 2033 1989 1994
f 1989 1938 1994
f 1989 1935 1938
f 1935 1850 1938
f 1935 1848 1850
f 1848 1769 1850
f 1848 1768 1769
f 1768 1683 1769
f 1768 1675 1683
f 1675 1545 1683
f 1675 1541 1545
f 1541 1437 1545
f 1541 1447 1437
f 1448 1436 1491
f 1436 1422 1491
f 1436 1419 1422
f 1499 1501 1498
f 1501 1495 1498
f 1501 1486 1495
f 1486 1491 1495
f 1486 1476 1491
f 1476 1448 1491
f 1501 1499 1507
f 1499 1549 1507
f 1499 1540 1549
f 1540 1574 1549
f 1540 1577 1574
f 1577 1558 1574
f 1577 1572 1558
f 1572 1564 1558
f 1444 1520 1485
f 1520 1504 1485
f 1520 1558 1504
f 1558 1552 1504
f 1558 1564 1552
f 1338 1339 1360
f 1339 1402 1360
f 1339 1444 1402
f 1444 1440 1402
f 1444 1485 1440
f 1491 1422 1518
f 1422 1535 1518
f 1536 1550 1512
f 1550 1422 1512
f 1550 1551 1422
f 1551 1535 1422
f 382 373 384
f 114 15 56
f 19 3 36
f 111 71 239
f 71 114 239
f 71 44 114
f 44 15 114
f 3 19 1
f 19 2 1
f 19 56 2
f 56 5 2
f 56 15 5
f 81 80 192
f 80 81 45
f 81 17 45
f 81 36 17
f 36 8 17
f 36 3 8
f 383 297 270
f 297 254 270
f 297 207 254
f 111 239 119
f 239 202 119
f 239 373 202
f 373 219 202
f 373 269 219
f 207 297 159
f 297 130 159
f 297 192 130
f 192 91 130
f 192 80 91
f 269 373 287
f 373 321 287
f 373 382 321
f 382 324 321
f 382 342 324
f 372 364 376
f 364 382 376
f 364 352 382
f 352 342 382
f 347 381 326
f 381 320 326
f 381 383 320
f 383 288 320
f 383 270 288
f 374 381 371
f 381 359 371
f 381 347 359
f 1419 1512 1422
f 1545 1420 1613
f 1420 1511 1613
f 1420 1421 1511
f 1419 1438 1512
f 1438 1614 1512
f 1438 1546 1614
f 1546 1746 1614
f 1546 1682 1746
f 1682 1854 1746
f 1682 1770 1854
f 1770 1987 1854
f 1770 1849 1987
f 1987 1849 2141
f 1849 2215 2141
f 1849 1937 2215
f 1937 2310 2215
f 1937 1995 2310
f 1995 2368 2310
f 1995 2040 2368
f 2040 2402 2368
f 2040 2058 2402
f 2058 2415 2402
f 2058 2039 2415
f 2039 2403 2415
f 2039 1994 2403
f 1994 2369 2403
f 1994 1938 2369
f 2369 1938 2311
f 1938 2214 2311
f 1938 1850 2214
f 1850 2140 2214
f 1850 1769 2140
f 1769 1986 2140
f 1769 1683 1986
f 1683 1853 1986
f 1683 1545 1853
f 1545 1745 1853
f 1545 1613 1745
f 600 579 580
f 444 507 441
f 642 641 600
f 641 579 600
f 641 634 579
f 634 444 579
f 634 623 444
f 623 507 444
f 441 402 444
f 402 394 444
f 402 349 394
f 394 349 379
f 349 350 379
f 349 325 350
f 325 316 350
f 316 285 350
f 316 253 285
f 155 167 150
f 167 231 150
f 167 179 231
f 285 253 246
f 253 231 246
f 253 200 231
f 200 150 231
f 200 148 150
f 691 688 979
f 688 857 979
f 688 687 857
f 687 796 857
f 727 706 782
f 706 996 782
f 706 1015 996
f 461 564 676
f 676 780 461
f 780 653 461
f 780 796 653
f 796 674 653
f 796 687 674
f 425 297 383
f 310 455 375
f 564 461 463
f 461 455 463
f 461 450 455
f 450 375 455
f 238 211 297
f 211 192 297
f 455 310 425
f 310 297 425
f 310 267 297
f 267 238 297
f 92 81 109
f 81 134 109
f 81 192 134
f 192 201 134
f 192 211 201
f 64 42 81
f 42 36 81
f 42 33 36
f 64 73 66
f 64 81 73
f 81 90 73
f 81 92 90
f 33 29 36
f 29 19 36
f 29 32 19
f 32 41 19
f 41 56 19
f 41 65 56
f 182 209 114
f 209 239 114
f 209 248 239
f 182 114 132
f 114 118 132
f 114 56 118
f 56 87 118
f 56 65 87
f 65 72 87
f 65 67 72
f 248 266 239
f 266 373 239
f 266 385 373
f 385 384 373
f 385 426 384
f 426 385 465
f 385 565 465
f 385 452 565
f 452 693 565
f 452 537 693
f 537 698 693
f 795 710 709
f 698 710 693
f 710 781 693
f 710 795 781
f 783 728 745
f 783 790 728
f 728 790 718
f 790 717 718
f 790 715 717
f 691 979 706
f 979 1015 706
f 979 1092 1015
f 1092 1238 1015
f 1092 1350 1238
f 1350 1416 1238
f 1350 1407 1416
f 1407 1439 1416
f 1407 1442 1439
f 1442 1531 1439
f 1442 1579 1531
f 1579 1688 1531
f 1531 1688 1693
f 1688 1722 1693
f 1688 1699 1722
f 1699 1795 1722
f 1699 1790 1795
f 1790 1869 1795
f 1869 1905 1795
f 1869 1893 1905
f 1893 1936 1905
f 1893 1956 1936
f 1956 1993 1936
f 1956 2029 1993
f 2029 2082 1993
f 2029 2053 2082
f 2053 2106 2082
f 2053 2079 2106
f 2079 2137 2106
f 2079 2100 2137
f 2100 2148 2137
f 2100 2089 2148
f 2089 2146 2148
f 2089 2080 2146
f 2080 2136 2146
f 2080 2028 2136
f 2028 2081 2136
f 2028 1966 2081
f 1966 2027 2081
f 1966 1957 2027
f 1957 1992 2027
f 1957 1868 1992
f 1868 1906 1992
f 1868 1791 1906
f 1906 1791 1820
f 1791 1796 1820
f 1791 1698 1796
f 1698 1692 1796
f 1698 1578 1692
f 1578 1589 1692
f 1578 1517 1589
f 1517 1532 1589
f 1517 1441 1532
f 1441 1415 1532
f 1441 1349 1415
f 1349 1281 1415
f 1349 1221 1281
f 1221 1237 1281
f 1221 1093 1237
f 1093 995 1237
f 1093 795 995
f 795 790 995
f 795 709 790
f 709 715 790
f 679 678 677
f 678 666 677
f 678 658 666
f 658 678 643
f 678 630 643
f 678 649 630
f 649 621 630
f 580 675 600
f 675 642 600
f 675 647 642
f 647 675 650
f 675 659 650
f 675 680 659
f 714 794 754
f 667 1070 697
f 738 1395 646
f 680 675 714
f 675 794 714
f 675 697 794
f 697 888 794
f 697 1070 888
f 1395 1346 646
f 1346 667 646
f 1346 1273 667
f 1273 1070 667
f 1273 1295 1070
f 879 1395 803
f 1395 777 803
f 1395 738 777
f 1463 1490 1452
f 1490 1561 1452
f 1490 1555 1561
f 1694 1630 1658
f 1463 1452 1408
f 1452 1224 1408
f 1452 1395 1224
f 1395 988 1224
f 1395 879 988
f 1561 1555 1666
f 1555 1702 1666
f 1555 1630 1702
f 1630 1705 1702
f 1630 1694 1705
f 34 38 37
f 1617 1530 1621
f 1765 1741 1766
f 1741 1725 1766
f 1741 1494 1725
f 1494 1672 1725
f 1516 1493 1533
f 1672 1494 1626
f 1494 1582 1626
f 1494 1527 1582
f 1621 1530 1599
f 1530 1521 1599
f 1530 1493 1521
f 1493 1530 1533
f 1530 1590 1533
f 1530 1617 1590
f 1974 1945 1950
f 1945 1946 1950
f 1945 1921 1946
f 1921 1889 1946
f 1921 1765 1889
f 1765 1819 1889
f 1765 1766 1819
f 2069 2068 2055
f 2068 2047 2055
f 2068 2050 2047
f 2069 2055 2067
f 2055 2056 2067
f 2055 2037 2056
f 2037 2048 2056
f 2037 1945 2048
f 1945 2012 2048
f 1945 1974 2012
f 2050 2015 2047
f 2015 2014 2047
f 2015 2011 2014
f 2011 1925 2014
f 2011 1973 1925
f 1856 1925 1913
f 1925 1965 1913
f 1925 1973 1965
f 1651 1670 1650
f 1670 1651 1753
f 1651 1818 1753
f 1651 1749 1818
f 1749 1856 1818
f 1749 1855 1856
f 1855 1925 1856
f 1618 1471 1593
f 1618 1620 1471
f 1471 1477 1425
f 1477 1471 1523
f 1471 1600 1523
f 1471 1620 1600
f 1593 1471 1534
f 1471 1396 1534
f 1471 1425 1396
f 1534 1396 1514
f 1396 1526 1514
f 1396 1397 1526
f 1397 1585 1526
f 1397 1623 1585
f 1650 1623 1651
f 1623 1483 1651
f 1623 1397 1483
f 1159 1397 1206
f 1159 1083 1397
f 1162 1397 944
f 1397 999 944
f 1397 1083 999
f 1206 1397 1240
f 1397 1266 1240
f 1397 1396 1266
f 1396 1241 1266
f 1396 1208 1241
f 1208 1396 1158
f 1396 1074 1158
f 1396 1220 1074
f 1220 1000 1074
f 1220 1058 1000
f 1058 946 1000
f 1058 945 946
f 945 938 946
f 945 750 938
f 750 840 938
f 750 577 840
f 577 772 840
f 577 454 772
f 454 662 772
f 454 604 662
f 604 454 581
f 454 562 581
f 454 456 562
f 562 456 582
f 456 603 582
f 456 510 603
f 510 620 603
f 368 456 390
f 456 423 390
f 456 454 423
f 368 302 456
f 302 443 456
f 302 395 443
f 395 302 351
f 302 303 351
f 302 244 303
f 244 286 303
f 244 196 286
f 286 196 230
f 196 199 230
f 196 116 199
f 116 178 199
f 116 85 178
f 85 176 178
f 85 172 176
f 218 198 195
f 198 107 195
f 198 172 107
f 172 84 107
f 172 85 84
f 38 51 37
f 37 51 43
f 51 53 43
f 51 84 53
f 84 68 53
f 84 85 68
f 27 28 26
f 28 25 26
f 28 21 25
f 21 23 25
f 21 38 23
f 38 24 23
f 38 34 24
f 27 35 28
f 35 49 28
f 35 54 49
f 54 61 49
f 54 60 61
f 117 83 115
f 60 83 61
f 83 105 61
f 83 117 105
f 246 197 245
f 246 231 197
f 231 115 197
f 231 179 115
f 377 379 365
f 379 296 365
f 379 350 296
f 350 245 296
f 350 285 245
f 285 246 245
f 444 519 579
f 484 489 377
f 489 379 377
f 489 519 379
f 519 394 379
f 519 444 394
f 484 377 490
f 377 517 490
f 377 421 517
f 421 585 517
f 421 462 585
f 462 665 585
f 462 575 665
f 575 669 665
f 665 669 684
f 669 807 684
f 669 891 807
f 891 914 807
f 891 1036 914
f 1036 1031 914
f 1036 1178 1031
f 1253 1493 1352
f 1493 1382 1352
f 1493 1390 1382
f 1031 1178 1149
f 1178 1179 1149
f 1178 1384 1179
f 1384 1253 1179
f 1384 1426 1253
f 1426 1493 1253
f 1527 1494 1516
f 1494 1493 1516
f 1494 1383 1493
f 1383 1390 1493
f 1383 1494 1351
f 1494 1252 1351
f 1494 1473 1252
f 1473 1177 1252
f 718 1162 728
f 1162 745 728
f 1162 944 745
f 944 744 745
f 944 939 744
f 686 757 703
f 656 939 671
f 939 686 671
f 939 839 686
f 839 757 686
f 939 656 744
f 656 739 744
f 656 725 739
f 725 656 670
f 656 657 670
f 656 648 657
f 1146 716 1032
f 716 924 1032
f 716 696 924
f 696 816 924
f 1146 1180 716
f 1180 726 716
f 1180 727 726
f 1252 1177 1180
f 1177 727 1180
f 1177 1143 727
f 1143 706 727
f 1143 691 706
f 816 696 697
f 696 667 697
f 696 646 667
f 243 345 334
f 345 243 263
f 243 242 263
f 243 215 242
f 215 208 242
f 215 117 208
f 117 173 208
f 117 115 173
f 115 177 173
f 115 179 177
f 346 301 335
f 301 300 335
f 301 264 300
f 264 218 300
f 264 225 218
f 225 198 218
