v -0.009518661536 -2.275305633e-06 -0.001899968949
v -0.009479491971 -6.122083869e-05 -0.007210511249
v -0.009449461475 0.0009791186312 -0.001949878293
v -0.009448934346 -0.000983634498 -0.001949875848
v -0.009447807446 0.0007124505937 -0.007196658757
v -0.009427759796 -0.0009111458203 -0.007188438904
v -0.009393200278 -0.001017407514 0.0008428973379
v -0.009378469549 -2.237078206e-06 0.003651873209
v -0.009355201386 0.0005305527593 0.00362670538
v -0.00935491547 -0.000535019848 0.0036266963
v -0.009332716465 0.001540682744 -0.007147191092
v -0.009287867695 0.001060791314 0.003555615898
v -0.009287295863 -0.00106521917 0.003555627307
v -0.009285746142 -0.001772472053 -0.007127828896
v -0.009271473624 -0.001920648268 -0.004838970024
v -0.009253313765 0.001946004573 -0.002079317579
v -0.009252266027 -0.001950414036 -0.00207931106
v -0.00917302072 0.002011043718 0.0006562546478
v -0.009171939455 -0.002015408129 0.0006562509807
v -0.009121682495 0.002414901974 -0.00705594942
v -0.009098324925 -2.161340035e-06 0.008524517529
v -0.009094340727 -0.00250592595 -0.007044599857
v -0.009069343098 0.0005810279981 0.008490036242
v -0.009069030173 -0.0005853386829 0.00849003531
v -0.009050014429 -0.0003999388136 0.01860000193
v -0.009049999528 -0.0004000063345 0.0255099237
v -0.009049999528 -0.0004000016488 0.01402501855
v -0.009049864486 -0.0004447638348 0.0255085174
v -0.009049830958 -0.0004009761324 0.02419978008
v -0.009049067274 -0.0005206424976 0.02550570853
v -0.009046833031 -0.0003999305773 0.01399021316
v -0.009045335464 -0.0006722239195 0.02549843863
v -0.009045230225 -0.0001199971739 0.02418669872
v -0.009043376893 -0.0007356822025 0.01861875691
v -0.00904153008 -3.91618014e-05 0.01862259582
v -0.009037530981 0.002103334293 0.003302514553
v -0.009036399424 -0.00210762769 0.003302517114
v -0.009035196155 -0.0001264974417 0.02412397601
v -0.009034720249 -0.0004473282315 0.02558536641
v -0.009034532122 -0.0003998519678 0.01394857559
v -0.00903453026 -0.0003992312122 0.02558637038
v -0.009033897892 -0.0005236464785 0.02558252215
v -0.009033821523 -0.0009037564159 0.0241562929
v -0.009033436887 -0.0007278947742 0.01868140697
v -0.009031641297 -4.75338602e-05 0.01868519932
v -0.009030098096 -0.0006760979886 0.0255751349
v -0.009029348381 -0.0009744609706 0.02547703125
v -0.009027156048 -0.0003990934056 0.02560219541
v -0.009024776518 -0.001034574816 0.01402938273
v -0.009024188854 -0.0008920615655 0.02409393713
v -0.009013893083 -0.0009800774278 0.02555335499
v -0.00901370123 -0.0003997955646 0.01391044166
v -0.009005301632 -0.0001331391832 0.02406686172
v -0.009005158208 0.0004484471865 0.02545181103
v -0.009003590792 -0.0007199189859 0.01873844303
v -0.009001817554 -5.610346852e-05 0.01874221675
v -0.008994493634 -0.0008800866199 0.02403722331
v -0.008991369978 -0.0003997694002 0.01388368104
v -0.008991369978 -0.0003988035896 0.02565127611
v -0.008990050294 0.00284281536 -0.004961790051
v -0.008989865892 -0.0005256931181 0.02564694174
v -0.008988520131 -0.002847086638 -0.004961798433
v -0.008986166678 0.001160769025 0.008392483927
v -0.008986071683 -0.0006782826968 0.02563947998
v -0.008985911496 0.002838187618 -0.006996005774
v -0.008985542692 -0.001165037858 0.00839248579
v -0.008978571743 0.0006651598378 0.02399978414
v -0.008972213604 0.0007148667937 0.01881927438
v -0.008971628733 -0.001517556142 0.01882086508
v -0.008970989846 0.0006400917191 0.0239395462
v -0.008969904855 -0.000982557307 0.02561744303
v -0.008965646848 -0.0001383838244 0.02402747981
v -0.008964902721 0.000688591681 0.0188792143
v -0.00896454975 -0.0003988067037 0.02567367256
v -0.008964336477 -0.001491203438 0.01888080873
v -0.008963938802 -0.0007136351778 0.0187777523
v -0.008963502012 -0.001573206042 0.02540512942
v -0.00896216929 -6.286423013e-05 0.01878147386
v -0.008960641921 0.0007949529099 0.0254039783
v -0.008954856545 -0.0008706435328 0.02399821393
v -0.008952178061 -0.001648604055 0.02392170019
v -0.008948179893 0.002883827547 -0.002257832792
v -0.008947212249 -0.001582868514 0.02547998168
v -0.008946629241 -0.002888076939 -0.002257832792
v -0.008946606889 -0.001584291575 0.01396553405
v -0.008945617825 -0.001619036077 0.02386257425
v -0.008944145404 0.0008045404684 0.02547868527
v -0.008944076486 0.0008043057751 0.01396574546
v -0.008942330256 0.0006144787185 0.02388505638
v -0.008942250162 -0.0003997877066 0.01384785399
v -0.008939718828 -0.001723587397 0.02538000606
v -0.008938428015 0.0009345128783 0.01404859405
v -0.008936379105 0.0006617216277 0.01893343404
v -0.008935822174 -0.001464277739 0.0189349968
v -0.008926481009 -0.0003990093828 0.02569448762
v -0.008925244212 -0.0005265553482 0.02569070086
v -0.00892151054 -0.0006785800797 0.02568322979
v -0.008917474188 -0.001588825951 0.02380924486
v -0.008908161893 -0.0001433066063 0.02399769239
v -0.008906415664 -0.0007077442133 0.01880742423
v -0.008905570954 -0.0009817788377 0.02566113509
v -0.008904634975 -6.921058957e-05 0.01881106384
v -0.008903395385 -0.001586560044 0.02554310672
v -0.008902991191 -0.001580439159 0.01390125137
v -0.008902761154 0.0005943996366 0.02384809032
v -0.008901331574 0.0008003885741 0.01390096266
v -0.008901154622 0.000808271172 0.02554242313
v -0.008897242136 -0.0008617986459 0.0239689406
v -0.008896818385 0.0006407081382 0.01897013746
v -0.008896261454 -0.001443200046 0.01897168718
v -0.008887796663 -0.00052647345 0.02570225671
v -0.008884835057 -0.0003994534491 0.02570681274
v -0.008877934888 -0.001565236598 0.02377330326
v -0.008877078071 -0.00205494184 0.0140727954
v -0.008876655251 0.001256227959 0.0140727507
v -0.008876204491 0.001258211327 0.02531117201
v -0.008875870146 -0.002060011728 0.02531075291
v -0.008874574676 -0.002066943096 0.02368050441
v -0.00885102246 0.001373789972 0.02360211127
v -0.008850011975 -0.0003999787732 0.01880000718
v -0.008850000799 -0.0004000022309 0.01382501051
v -0.008849998936 -0.0004000027257 0.0257100109
v -0.008849835955 -0.0003996162268 0.02399980277
v -0.008849090897 -0.0005260222824 0.02570555918
v -0.008848477155 0.001330698491 0.02354800329
v -0.00884717796 0.001389840851 0.01921037026
v -0.008845451288 -0.0006768343155 0.02569815516
v -0.008845348842 -0.0001464965608 0.02398764715
v -0.008844799362 0.001346355188 0.01926424168
v -0.008844476193 0.0005758564221 0.02382122725
v -0.008843543008 -0.0007039136253 0.01881740987
v -0.00884174183 -7.331281813e-05 0.01882097684
v -0.008840874769 -0.002218060661 0.01923223585
v -0.008839978836 -0.00158418098 0.02558660507
v -0.008839200251 -0.001572719775 0.01385743078
v -0.00883876998 -0.002173765795 0.01928579807
v -0.008838437498 0.0006213617162 0.0189966429
v -0.008837874047 -0.001423781621 0.01899821684
v -0.008837515488 0.0008054958307 0.02558549866
v -0.008837273344 0.0007923672092 0.01385774929
v -0.00883520022 0.002974975854 0.000395461102
v -0.00883422792 -0.0008560792194 0.02395941876
v -0.008833941072 -0.002182905562 0.01401049085
v -0.008833600208 -0.002979161451 0.0003954649728
v -0.008829864673 -0.0009776616935 0.02567627281
v -0.008828445338 0.001403669594 0.0140132606
v -0.008824465796 -0.002286738949 0.01409932412
v -0.008822373115 0.001286818995 0.02349970862
v -0.008821118623 -0.002300750464 0.0234993659
v -0.008819802664 -0.002254243707 0.02344700694
v -0.008819302544 -0.001543618273 0.02374763042
v -0.008818775415 0.001302008866 0.01931236871
v -0.008813653141 0.0003606137761 0.01382969692
v -0.008813206106 0.003296640702 -0.006918779109
v -0.008812890388 -0.002128667198 0.0193335209
v -0.008804835379 -0.001262370148 0.02564641088
v -0.008799863979 0.00158291962 0.02522293478
v -0.00879432261 -0.002206907608 0.02340044826
v -0.008790724911 -0.002180492738 0.01394699421
v -0.008788125589 -0.003357519861 -0.006908318028
v -0.008785998449 0.001401746063 0.01394954696
v -0.008785707876 0.001589732477 0.01947934553
v -0.008785496466 0.001640121453 0.01942935959
v -0.008784617297 -2.078576245e-06 0.01203245297
v -0.008782952093 0.001252970658 0.02346801758
v -0.008780358359 0.000564349757 0.02381408587
v -0.008779360913 0.001267866697 0.01934386604
v -0.008776244707 -0.001395603642 0.02380211838
v -0.008774158545 0.0006093512638 0.01900360733
v -0.008773586713 -0.001411790494 0.01900509931
v -0.008773481473 -0.002093936317 0.01936475188
v -0.008765663952 -0.001575742499 0.02560254931
v -0.008764130995 -0.001562124351 0.01384225208
v -0.00876100827 0.001538465964 0.0195236709
v -0.008754933253 -0.002170535736 0.02337012999
v -0.008754624054 -0.001530432375 0.02374157123
v -0.008753858507 0.0006034701364 0.01200326066
v -0.008753534406 -0.0006076148711 0.01200326439
v -0.008744532242 0.0009155114531 0.02558106184
v -0.008732487448 -0.001786654699 0.02556549944
v -0.008730314672 0.0009757166263 0.01385285426
v -0.008728267625 -0.002171381842 0.01390319876
v -0.008723424748 0.001392659964 0.01390629169
v -0.008722935803 0.001222820254 0.02344693989
v -0.008721658029 0.001499302802 0.01955219544
v -0.008719286881 0.001237523044 0.01936466806
v -0.008713301271 -0.002063113963 0.01938532479
v -0.008709116839 -0.001891531749 0.01386132184
v -0.008707163855 -0.002716752933 0.0251084324
v -0.008705114946 0.001877070288 0.02298498899
v -0.008701298386 0.001934282947 0.02510199137
v -0.008701154962 0.00193622557 0.0230281502
v -0.0087011531 0.001935163629 0.01417927165
v -0.00869576633 -0.002708140761 0.01985834539
v -0.008695044555 -0.002756038448 0.01418604143
v -0.008694482036 -0.002138417913 0.02335046977
v -0.008693419397 -0.002761688549 0.02509078942
v -0.008692637086 0.0001342452597 0.0128980428
v -0.008691349998 -0.002768273233 0.01981609873
v -0.008690795861 0.0002029894531 0.01289504487
v -0.008690718561 0.0001981815294 0.01289542112
v -0.008689798415 0.0002299474727 0.01289425697
v -0.008689770475 -0.0001982586255 0.01290720608
v -0.008687163703 -0.002737319795 0.02517558448
v -0.008685938083 -0.002740955213 0.02289294079
v -0.00868233759 0.00181712897 0.022947127
v -0.008681721054 0.00229603448 0.008043596521
v -0.008680996485 -0.002802206902 0.02293395251
v -0.00868096482 0.001955058426 0.02516840771
v -0.008680484258 -0.002300138352 0.008043600246
v -0.008676813915 -0.002768240403 0.01411452051
v -0.008673224598 -0.00264722784 0.01989535056
v -0.00867037382 0.001987453084 0.01411785185
v -0.008665865287 0.001205072738 0.0119206747
v -0.008665216155 -0.001209165785 0.01192067657
v -0.008663669229 -0.002678949619 0.02285701968
v -0.008660655469 0.00146515551 0.01957008801
v -0.008660521358 0.003104855539 0.00294603291
v -0.008658850566 -0.003108945908 0.002946030814
v -0.008656440303 -0.0006346777081 0.01291332301
v -0.008655996993 0.001205911278 0.02344482765
v -0.00865224842 0.001220446778 0.01936677098
v -0.008647853509 0.002059774939 0.02010273561
v -0.00864610076 -0.002045993926 0.01938708313
v -0.008643927053 -0.002747145947 0.02523336373
v -0.008643069305 0.001771868789 0.02292333171
v -0.008641019464 0.002124917693 0.02006631717
v -0.00863874238 -0.0007757838466 0.01291497797
v -0.008638357744 0.001965497853 0.02522614039
v -0.008633984253 -0.002770254621 0.01405349001
v -0.008633963764 -0.002601302462 0.01991853118
v -0.008628214709 0.001990186982 0.01405669097
v -0.008626841009 -0.002120857826 0.02334941924
v -0.008626557887 0.001993916463 0.02013451792
v -0.008626284078 0.0001979974331 0.01285148785
v -0.008624823764 0.0009005616885 0.01287051849
v -0.008624416776 -0.002632305259 0.02283457108
v -0.008617764339 0.003730181837 -0.005093732849
v -0.00861575827 -0.00373424869 -0.005093737971
v -0.008609002456 -0.002382988809 0.02541777864
v -0.008599585854 0.001591615495 0.01391922124
v -0.008594719693 -0.002238515997 0.02323860675
v -0.008594502695 -0.002238615882 0.0195613727
v -0.008594484068 0.001438537147 0.02323841676
v -0.008592109196 0.001447037212 0.01957011595
v -0.008590022102 0.002230627229 0.02232120745
v -0.008587340824 0.001944694784 0.02015410177
v -0.008584273979 -0.002745682141 0.02527515218
v -0.008583925664 -0.00304826675 0.02052841522
v -0.008580670692 0.001733486773 0.02290949412
v -0.008580165915 0.002301731845 0.02234801836
v -0.008578697219 0.001964107621 0.02526737005
v -0.008574618958 -0.0007691074279 0.01286569703
v -0.00857374724 -0.00311999023 0.02050295472
v -0.00857372582 -0.002762477612 0.01401021518
v -0.008573631756 -0.003076355439 0.02218699642
v -0.0085713882 -0.00256249425 0.01993186958
v -0.008570289239 0.002158981049 0.02229803056
v -0.008567920886 0.001982509159 0.01401387528
v -0.008564363234 -0.00297601684 0.02055040374
v -0.008562899195 -0.003149110125 0.02221018448
v -0.008561631665 -0.002593086334 0.02282172628
v -0.008561119437 0.001173544908 0.01285883226
v -0.008554358035 -0.003003102494 0.02216698416
v -0.008552425541 0.002334011951 0.02083383314
v -0.008552027866 0.003778049489 -0.002455027774
v -0.008549996652 -0.003782082116 -0.002455029404
v -0.008549470454 0.000197983376 0.01283638738
v -0.008542585187 -0.002609672956 0.01396085788
v -0.008540490642 0.002408960601 0.02081697248
v -0.008533772081 0.002258645371 0.02084836364
v -0.008532037959 0.002388346707 0.02158594504
v -0.008531264029 -0.00319120218 0.02126476541
v -0.008531121537 0.002105957828 0.0222839918
v -0.008530122228 -0.003194389399 0.02142834663
v -0.008528177626 -0.0004000015906 0.02570999973
v -0.0085263988 -0.0004506550904 0.0257083904
v -0.008525199257 -0.002922605025 0.02056369185
v -0.0085243918 -0.0004999994999 0.02570656501
v -0.008523833007 0.001903934986 0.02016478218
v -0.008523030207 -0.001392832957 0.01293240115
v -0.00851893425 0.002465416212 0.02159166336
v -0.008518114686 -0.003268365748 0.02126059681
v -0.008516902104 -0.0005000012461 0.02570656873
v -0.00851689931 -0.003271684283 0.02142914757
v -0.008515734226 -0.002732547699 0.02529424056
v -0.008515201509 -0.002949052025 0.02215497196
v -0.008513994515 0.002310957527 0.0215810705
v -0.008513246663 -0.003113721265 0.02126831189
v -0.008512141183 -0.003116785549 0.02142765559
v -0.008510129526 -0.003289097687 0.01435841527
v -0.008509876207 0.001715119462 0.02291185968
v -0.00850263238 -0.0007491665892 0.02569363452
v -0.008502274752 0.001977593638 0.02527651004
v -0.008501425385 -0.0006633683224 0.01284457278
v -0.008500805125 -0.002363403561 0.009996600449
v -0.00850031618 -0.002544135554 0.01992923208
v -0.008494632319 0.002203280339 0.02085701935
v -0.008490792476 0.001165125053 0.01284560747
v -0.008490220644 -0.002574852668 0.022824388
v -0.008484600112 0.001572643407 0.01287145726
v -0.008483938873 -0.003321920987 0.0142988218
v -0.008481635712 0.002562280511 0.02480268665
v -0.008481478319 0.002021076391 0.01400924101
v -0.00847846549 0.002535933629 0.01430469938
v -0.008474870585 0.002254335908 0.02157819271
v -0.008474119008 -0.003057032824 0.02127040736
v -0.00847301539 -0.003060023533 0.02142723463
v -0.008470647968 0.004044784699 -0.006761775352
v -0.008470631205 -0.002883141395 0.02523153462
v -0.008470562287 -0.002856757492 0.0140211517
v -0.008466419764 0.002063083928 0.02227685601
v -0.008466071449 0.0003856848925 0.02565551549
v -0.008460365236 -0.002879520645 0.02057041414
v -0.008451243863 0.001885953592 0.02016157471
v -0.008450143039 -0.002905658679 0.0221490413
v -0.008441519924 -0.003329730825 0.01424236316
v -0.008436629549 0.002544162096 0.01424818672
v -0.008430422284 0.001572194509 0.01286413893
v -0.00842908863 0.002159301657 0.02086116932
v -0.008422235958 -0.001456351485 0.02562094666
v -0.008409086615 -0.002801474417 0.02040458471
v -0.00840894971 0.002001492074 0.02239527367
v -0.008408842608 0.002209800296 0.02157689445
v -0.008408715017 -0.002801813884 0.02239591256
v -0.008408504538 0.002001749584 0.02040411904
v -0.008408071473 -0.003012457397 0.02127134614
v -0.008406937122 -0.003015421331 0.02142701671
v -0.008405024186 0.003887615865 0.0001016595415
v -0.00840435084 -0.004171874374 -0.006731975358
v -0.008402931504 -0.003891568165 0.0001016721581
v -0.008391911164 0.002046034904 0.02228030376
v -0.00839190837 -0.001758955186 0.01294378005
v -0.008388238959 -0.001395283965 0.0128813209
v -0.008385955356 0.00279171532 0.01450360287
v -0.008385654539 -0.002862562658 0.02056702971
v -0.008384120651 -0.003325321246 0.0142007377
v -0.008379482664 -0.0004999998491 0.02558158897
v -0.008379203267 0.002539653098 0.01420702599
v -0.008375077508 -0.002888925374 0.02215231024
v -0.008372345008 -0.001930501428 0.01298740227
v -0.008361707442 -0.001784808934 0.02556569874
v -0.008361334912 0.00284841191 0.02462627925
v -0.008361226879 -0.003647638718 0.01453422103
v -0.008353423327 0.002864966635 0.01953483373
v -0.008353229612 0.002143112943 0.0208586175
v -0.008351812139 0.001047997037 0.02555318736
v -0.00834580604 0.0023805534 0.01162522007
v -0.00834452454 -0.002384476131 0.01162522659
v -0.008341770619 0.002048950177 0.01291021332
v -0.008332210593 0.002194222063 0.02157797851
v -0.008331409656 -0.002996897092 0.02127055265
v -0.008330226876 -0.002999900607 0.02142707258
v -0.008329775184 0.002200239105 0.02139975503
v -0.008324965835 0.002492010826 0.014172378
v -0.008323383518 -0.003731323173 0.02456888929
v -0.008320714347 0.002938328311 0.02456571907
v -0.008318706416 -0.003308694111 0.01418021787
v -0.008314472623 0.002128990134 0.01292126998
v -0.008306692354 -0.003360418137 0.02499010041
v -0.008301053196 -0.003753890051 0.02462754771
v -0.008296195418 0.002965302905 0.0246211607
v -0.008291892707 -0.002078635618 0.02550162561
v -0.00829089433 0.002195040928 0.01293209009
v -0.00828564167 0.00301279081 0.01463279407
v -0.008266781457 -0.003826806322 0.01456839405
v -0.008265433833 -0.0005000015371 0.02547038719
v -0.008261485957 0.003037744202 0.01457605604
v -0.00825892482 -0.003768749768 0.02467659488
v -0.008256261237 -0.002244611504 0.01304613426
v -0.008254550397 0.002980189631 0.02467054315
v -0.008247005753 0.0001952296589 -0.006657780148
v -0.008243638091 -0.002003446687 0.01297034882
v -0.008235540241 -0.003526284825 0.0142842643
v -0.008233947679 0.003375889733 0.007548687514
v -0.008233656175 -0.002039330779 0.01297808997
v -0.008232130669 -0.003379753092 0.007548696827
v -0.008226234466 0.0005909373867 -0.006647816394
v -0.008226188831 0.0005907433806 0.002813295461
v -0.008224912919 -0.003839438548 0.0145179769
v -0.008224217221 -0.0006157680764 -0.006647312082
v -0.008220105432 0.003050566185 0.01452560257
v -0.00820449274 -0.003770224052 0.02471447922
v -0.008200102486 0.002981199417 0.02470831014
v -0.008197608404 -0.002415654482 0.01309571229
v -0.008194062859 0.001618712442 0.02540650405
v -0.008189900778 0.004044812638 0.00253964914
v -0.00818772614 -0.004048647825 0.002539642621
v -0.008183363825 0.0009942222387 -0.006627277471
v -0.008179189637 -0.00222605397 0.01302381977
v -0.0081706075 -0.003838795936 0.01447919104
v -0.008169055916 0.004565235693 -0.005211689044
v -0.00816660095 -0.004569064826 -0.005211690906
v -0.008165813051 0.003049696796 0.01448716037
v -0.008165694773 0.00289581297 0.0143788252
v -0.008158722892 -0.00116356404 -0.006616576109
v -0.00815870706 -0.001163273468 0.002813297324
v -0.008158455603 -0.003713069949 0.0143884588
v -0.008149866015 -0.004086738918 0.01481924579
v -0.00814368017 -0.003757608589 0.0247363057
v -0.008136926219 0.002972900867 0.02472734079
v -0.008130673319 -0.004123448394 0.01920633391
v -0.008113687858 -0.001420968445 -0.006595220882
v -0.008109840564 -0.003824410494 0.014457101
v -0.008104599081 -0.002640775405 0.02533010021
v -0.008085030131 -0.003886950435 0.02464365028
v -0.008082820103 0.004614118952 -0.002640447579
v -0.008080392145 -0.002532587619 0.01312099397
v -0.008080340922 -0.004617895 -0.00264044432
v -0.00806524884 0.002758316696 0.01306456234
v -0.008055553772 0.001978518208 0.02527634427
v -0.008036353625 0.003464285517 0.009505805559
v -0.008034489118 -0.003468041075 0.009505818598
v -0.008033387363 0.001787705347 -0.006555269472
v -0.008031577803 0.004813716747 -0.006553904619
v -0.008021374233 -0.0005000005476 0.02524423599
v -0.007999646477 -0.002882583532 0.02523229644
v -0.007997321896 0.003566830186 0.01504049264
v -0.007995645516 -0.002882270142 0.01327720936
v -0.007982653566 0.003294748021 0.01464465447
v -0.007971159182 0.003611393971 0.02403832413
v -0.00797029864 0.002160880947 0.02519712597
v -0.007950001396 -0.0003999995533 0.02400000021
v -0.007950001396 0.0002250000107 0.02248252556
v -0.007950001396 0.0006825304008 0.02077499591
v -0.007950001396 0.002199998824 0.02139999345
v -0.007950000465 -0.003000001423 0.02139999904
v -0.007950000465 -0.00280208746 0.02239497937
v -0.007950000465 -0.00223847921 0.02323848009
v -0.007950000465 -0.002238477115 0.01956151612
v -0.007950000465 -0.001482533058 0.02202499658
v -0.007950000465 -0.001394978492 0.01899791695
v -0.007950000465 -0.001394976978 0.02380208485
v -0.007950000465 -0.0004000026966 0.02014999837
v -0.007950000465 -0.0003999999317 0.02264999412
v -0.007950000465 0.0005949784536 0.0189979095
v -0.007950000465 0.0006825309829 0.0220250003
v -0.007950000465 0.001438474865 0.0195615273
v -0.007950000465 0.002002086025 0.02239497751
v -0.007950000465 0.002002086956 0.02040502802
v -0.007949999534 -0.00148253527 0.02077500522
v -0.007949999534 -0.001025002566 0.02031746693
v -0.007949999534 -0.001025000121 0.02248252742
v -0.007949999534 -0.0004000010667 0.01880000718
v -0.007949999534 0.0002249979734 0.02031746507
v -0.007949999534 0.0005949742044 0.02380209044
v -0.007949999534 0.0008499984979 0.02140000276
v -0.007949999534 0.001438478474 0.02323847637
v -0.007949998602 -0.002802090021 0.02040502988
v -0.007949998602 -0.001650002319 0.02140000463
v -0.007928985171 -0.004971568473 -0.006506746635
v -0.007917169482 -0.002207889454 -0.006500534713
v -0.007907226682 0.004731840454 -0.0001840038603
v -0.00790468324 -0.004735526163 -0.0001840093755
v -0.007895750925 -0.003026134335 0.01334748697
v -0.007884128019 0.002312405035 0.002813299652
v -0.007883990183 0.002313012024 -0.006482709199
v -0.007879710756 0.003492630785 0.01120589953
v -0.007877831347 -0.003496300429 0.01120590325
v -0.007874639705 -0.00430440437 0.01480911672
v -0.007869245484 -0.004583018366 0.02387844212
v -0.007859637029 -0.003161402885 0.02509892918
v -0.007837926969 -0.004617220256 0.0239170976
v -0.007832235657 0.003825508058 0.02390858158
v -0.007827283815 -0.004650669172 0.02381108142
v -0.007819361985 -0.004408919252 0.02421996556
v -0.007814352401 0.00328239915 0.01327424403
v -0.007801285014 0.002554082079 -0.006442097481
v -0.007797644474 -0.004633252975 0.02395772934
v -0.007792269345 0.00384193752 0.02394896746
v -0.007787939627 -0.0046963403 0.01526143122
v -0.0077829808 0.003904078156 0.01526965294
v -0.007782018278 -0.004471614491 0.01495222095
v -0.007769727148 0.003459091997 0.01273576822
v -0.007769138552 -0.0005000004894 0.02501157671
v -0.007767866366 -0.003462702036 0.01273576543
v -0.00774852233 -0.004636474419 0.02399101853
v -0.007747979835 -0.004710698035 0.015219572
v -0.007744059898 -0.0003999996115 0.01382501703
v -0.007743375376 0.003918511793 0.01522775739
v -0.007743274327 0.003845254658 0.0239819102
v -0.007739284541 -0.003390690312 0.01357900351
v -0.007738840301 -0.0008012762992 0.0138250757
v -0.007709171157 -0.00121106708 0.01382790506
v -0.007702401839 0.003493076889 0.01338933036
v -0.007699162699 -0.004712267313 0.01518536825
v -0.007694625296 0.003919839859 0.0151937604
v -0.007691816427 0.004372600932 0.006978623103
v -0.007689465769 -0.004376173951 0.0069786245
v -0.007686099038 -0.003487934824 0.01364920009
v -0.007685381919 -0.002853566315 0.002813291503
v -0.007685260382 -0.002854006831 -0.006386123598
v -0.007680105977 -0.003498671344 0.01365776826
v -0.00767312292 0.002680625767 0.02491789684
v -0.007670529187 -0.0003995789448 0.01383902878
v -0.007667959202 -0.001540235244 0.01383756008
v -0.00766474288 -0.003526193788 0.01367888972
v -0.007658731192 0.004902668763 0.002136827447
v -0.00765734259 0.005334894639 -0.005292597227
v -0.007656092755 -0.00490621943 0.002136840252
v -0.00765447272 -0.005338444375 -0.005292602349
v -0.007652747445 0.003896969836 0.02394139208
v -0.007642637007 -0.001135274768 0.01384191308
v -0.007641850971 -0.0003994547587 0.0138530992
v -0.007641765289 0.0009270200389 0.01384968776
v -0.007641130593 0.003908086102 0.01517048944
v -0.007639029995 0.0005443595001 0.005011380184
v -0.007637420204 -0.002967601875 -0.00636218302
v -0.007607786916 -0.0003993427963 0.01387862582
v -0.007606534753 0.003972820938 0.02386006527
v -0.00760591263 -0.004984972998 0.01561560668
v -0.007598982193 -0.004785158206 0.02384596877
v -0.007596261799 -0.004985623527 0.02350181527
v -0.007595532108 0.0007397945737 0.01385430153
v -0.007592499256 0.004191115499 0.02349389903
v -0.007580093108 -0.001130481251 0.01388243679
v -0.007576847449 -0.00107191666 0.005011378787
v -0.007573713083 -0.0003992843267 0.01392022893
v -0.00755852228 0.005377479829 -0.002783638658
v -0.007556986064 -0.005003178958 0.02353608236
v -0.007556867786 -0.005054187961 0.01569004357
v -0.007555632386 -0.005380975548 -0.002783650765
v -0.007555111777 0.004256643355 0.01569218189
v -0.007554073818 -0.003664436284 0.02479990572
v -0.007553496864 0.004208771512 0.02352811582
v -0.00755000161 0.000225000811 0.02248252928
v -0.00755000161 0.0006727839354 0.02001737617
v -0.007550001144 -0.0003999991168 0.02264999785
v -0.007550001144 -4.475894093e-05 0.01968642883
v -0.007550000679 -0.001482532825 0.02077499405
v -0.007550000679 0.0006825317396 0.02202500403
v -0.007550000679 0.001349999337 0.02139999345
v -0.007550000213 -0.001785418252 0.02246917039
v -0.007550000213 -0.001536065945 0.02006888762
v -0.007550000213 -0.001482532243 0.0220250003
v -0.007550000213 -0.001025001868 0.02031746879
v -0.007550000213 -0.0008347285329 0.02309514582
v -0.007550000213 0.0006727827131 0.02278262377
v -0.007550000213 0.0008499992546 0.02140000649
v -0.007550000213 0.001171601471 0.02063021064
v -0.007549999747 -0.00190000271 0.02066686191
v -0.007549999747 -0.001870569191 0.02231065929
v -0.007549999747 -0.001870568027 0.02048934065
v -0.007549999747 -0.001024999423 0.02248252928
v -0.007549999747 -0.0008347272524 0.01970485039
v -0.007549999747 -4.475966489e-05 0.02311356366
v -0.007549999747 0.0002249987738 0.02031746879
v -0.007549999282 -0.001900002826 0.02213314734
v -0.007549999282 -0.00153606385 0.02273111232
v -0.007549999282 0.0006825316232 0.02077499777
v -0.007549999282 0.001171601587 0.02216978744
v -0.007549998816 -0.001785418484 0.02033083513
v -0.007549998816 -0.001650001504 0.02140000649
v -0.007549998816 -0.0004000014742 0.02015000023
v -0.007547754794 -0.0003993939026 0.01401351579
v -0.007544772699 -0.00373530318 0.01384633873
v -0.007542117499 -0.002211319515 0.01389353909
v -0.007539976388 0.005515098106 -0.006312261801
v -0.007539718412 -9.178249456e-05 0.01401305292
v -0.007535809185 -0.001127074123 0.0139416717
v -0.007532329764 0.0007295162068 0.01389448531
v -0.007532067131 -0.001894587767 0.01387476642
v -0.007528658025 -0.005080329254 0.01564950496
v -0.007527959999 0.004294604994 0.02327617817
v -0.007527481765 -0.00100310077 0.0140116103
v -0.007523772307 0.004286955111 0.01565676369
v -0.007510583382 -0.005008883774 0.02356506884
v -0.007508107461 0.002933588345 0.02475294657
v -0.007507187314 0.00421432592 0.02355693094
v -0.007506964728 0.003835853422 0.0136140883
v -0.007491353899 0.003286105348 -0.006287070457
v -0.007490917109 -7.658421237e-05 0.01482984331
v -0.007489859592 -0.005095168017 0.01561220083
v -0.007488502655 0.0007211018237 0.01395547483
v -0.00748526305 0.004301968031 0.01561955083
v -0.007483771536 -0.0007642991259 0.01483116113
v -0.007479521446 0.004160575103 0.01541795675
v -0.00747754192 0.004478068091 0.008939567953
v -0.007477435283 -0.0009169965051 0.01483778469
v -0.007475133985 -0.004481526557 0.008939567022
v -0.007473786827 -0.004969213158 0.01542869769
v -0.007470281329 0.000715762144 0.014028579
v -0.007469832897 -0.001880283933 0.01391533203
v -0.007459558081 0.0002648154914 0.01484586298
v -0.007444577292 -0.005207227543 0.02310090326
v -0.007443770766 -0.005098014139 0.0155808311
v -0.007443531416 0.000198283291 0.01283638179
v -0.007442640141 -0.002610160038 0.01396136079
v -0.007439282257 0.004304757342 0.01558837947
v -0.007438204717 -0.0002029934112 0.01283644792
v -0.007430614904 -0.005653404165 -0.006257352419
v -0.007428802084 -0.00175651093 0.0140395388
v -0.007426325697 -0.001867838553 0.01397550665
v -0.007425880525 -0.0004772953689 0.01582412235
v -0.007424536161 0.0001982848626 0.01283698902
v -0.007423217874 0.001913847052 0.01398266666
v -0.007419068832 0.0007217898383 0.01488243137
v -0.007408426143 -0.0006127761444 0.01283928566
v -0.007402908523 -0.003883448895 0.02464645728
v -0.007402795367 -0.0009947114158 0.01583985612
v -0.0074006496 0.0002919217222 0.01584706642
v -0.007399237715 -0.001900000614 0.01405566558
v -0.007399060763 -0.0009686617996 0.0148533415
v -0.007390545215 0.0008641046588 0.01489923894
v -0.007388901431 0.001184114837 0.01406278741
v -0.007388617843 -0.001671351143 0.01490180474
v -0.007388378493 0.0002582970483 0.01485898718
v -0.007388187572 -0.005110833328 0.0234370213
v -0.007383708842 -0.0003741888504 0.01965015195
v -0.007383493241 -0.001213717856 0.01585396379
v -0.007383482531 -0.005104177166 0.01557630301
v -0.007382755168 -0.001706458163 0.01490606461
v -0.007380176336 2.23139923e-05 0.01638682373
v -0.007377583068 -0.000780398841 0.0163943544
v -0.007374905981 -4.456131865e-05 0.01968684793
v -0.007372135762 -0.005292045418 0.02303053066
v -0.007369970437 0.0001983449038 0.01285030693
v -0.007369203493 0.004495776258 0.0230225753
v -0.007366554346 0.005490541458 -0.0004204257857
v -0.007364483085 -0.0008348303963 0.01970515028
v -0.007363602519 -0.005493936129 -0.0004204167344
v -0.007362521254 -0.0009728183504 0.01285031345
v -0.007359938696 0.0001604001882 0.01974241994
v -0.007357845549 -0.0009109654347 0.01972655952
v -0.007357500494 -0.0009923125617 0.01582830772
v -0.007353946101 0.004347352311 0.01562753133
v -0.007353838068 0.001115205581 0.01492994092
v -0.007352245506 0.000225728174 0.01583070494
v -0.007351467386 -0.002646932844 0.01398495957
v -0.007342793047 0.001912302687 0.01399795059
v -0.007341593038 0.001525331172 0.0128610516
v -0.007340819109 0.001160456683 0.0149376737
v -0.007338427939 0.0001984198461 0.01286658552
v -0.007335850503 -0.000962640217 0.0148918489
v -0.007334089372 0.001571322791 0.01286392566
v -0.007333821151 -0.005311432295 0.02305657603
v -0.007331115194 0.004515237641 0.02304849215
v -0.007328025065 -0.0009617513278 0.01489935257
v -0.007325129583 0.0002508723119 0.0148975607
v -0.007323831785 0.00213081832 0.005011375993
v -0.007322852034 0.004509561229 0.01072252169
v -0.007320429198 -0.004512931686 0.01072251797
v -0.007317308336 0.0002497882233 0.01490508672
v -0.007313693408 0.001312525244 0.01495916769
v -0.007312811445 0.0008350385469 0.01633435301
v -0.007308254018 0.001038825838 0.01592089795
v -0.007307634689 -0.001586961793 0.01635482721
v -0.007307208143 0.0001985293493 0.01289073844
v -0.007304182276 -0.0003739198437 0.01963353343
v -0.007295361254 -0.000990203931 0.01579074562
v -0.007295308635 0.001338115777 0.01286567748
v -0.007292205468 0.0006401607534 0.01999277994
v -0.007290244568 -0.001396540087 0.01996150799
v -0.007290216628 0.0002232058469 0.01579322293
v -0.007289909292 -0.005320283119 0.02307928726
v -0.007289240137 -0.002619640902 0.01402448863
v -0.007288773078 -0.0009562732885 0.01495654881
v -0.007287305314 0.004523995332 0.02307101898
v -0.007286581211 -0.0005724169896 0.01501309406
v -0.00728457747 -0.00540332729 0.0161028374
v -0.007283141837 -0.0002519105619 0.006401515566
v -0.007282600738 -0.001005134429 0.01286702231
v -0.007281647995 0.0001596439834 0.01972510107
v -0.007281478494 -0.004161328543 0.01422960311
v -0.007281148341 0.001453913166 0.01498364098
v -0.007280682679 0.004608037416 0.01611146703
v -0.007279592566 0.001883607241 0.01403680909
v -0.007279536687 -0.00090978347 0.01970918477
v -0.007278148551 0.0002431628091 0.01496244688
v -0.007278076839 -0.003691561753 -0.006179030985
v -0.007277484518 0.003264248837 0.02450934798
v -0.007277131546 -0.002229999518 0.01498277858
v -0.007275197189 -0.005424629431 0.0173470974
v -0.007273393217 0.0005154745304 0.006380168721
v -0.007271094248 -0.003172772471 0.0141237434
v -0.00727091264 -0.0009514718549 0.01502676215
v -0.007270638365 0.0001093406318 0.02449946851
v -0.007269566879 0.0001987117721 0.01293787081
v -0.007268648595 0.001509522903 0.01499323919
v -0.007264933549 0.004637319595 0.01822596975
v -0.007263866719 -0.002021021442 0.0159436781
v -0.007260517683 0.0002374734468 0.01503284834
v -0.007253950927 -0.005450959317 0.01627962664
v -0.007251982111 -0.0009903069586 0.01573552564
v -0.007251925766 -0.001564723556 0.01289873477
v -0.007251455449 0.004506480414 0.02311682329
v -0.007249874528 -0.0005000018282 0.02447707579
v -0.007247234229 -0.002593334764 0.0140855452
v -0.007246847264 0.0002230931132 0.01573815383
v -0.007246760651 -0.005313213915 0.02310558222
v -0.00724675972 -0.005421520211 0.01607621834
v -0.007246560883 -0.0005720467307 0.01561308187
v -0.007245532703 0.0001989313168 0.01302395202
v -0.007243094966 0.004626416601 0.01608527638
v -0.007243046537 -0.000723899866 0.01560584176
v -0.007242454682 -0.0007239169208 0.0156166954
v -0.007241247687 0.00162214099 0.01501303446
v -0.007239497732 -0.0005815209588 0.02447322384
v -0.007238053717 0.001855758834 0.0140987942
v -0.007237750571 -0.002557693748 0.01415690128
v -0.007237727754 -0.0003730403259 0.01958683878
v -0.007235683966 -0.001018349431 0.006300179753
v -0.007235331926 0.004673696123 0.01632451825
v -0.007232104894 0.001327854698 0.01290584821
v -0.00723019382 0.00144232146 0.01598177478
v -0.007229756098 -0.0009925867198 0.01566636935
v -0.007228468079 -0.0009945470374 0.01562872157
v -0.007228147704 -0.002218100708 0.01499149948
v -0.007226843387 0.004466039129 0.01238658559
v -0.007226787508 -0.0004047628317 0.01302298438
v -0.00722566247 0.0007248199545 0.02445080504
v -0.007224733941 0.001833129092 0.01417404041
v -0.007224632893 -0.000249661156 0.006620027125
v -0.007224506233 0.0002253506827 0.01566917636
v -0.007224443834 -0.0044693565 0.01238658372
v -0.007223781198 -4.080721556e-05 0.01877084002
v -0.007223112509 0.0002273929567 0.0156316068
v -0.007220265456 -0.000994992326 0.01290764473
v -0.007219456602 -0.0007457121392 0.01877770945
v -0.007219430059 0.004692877643 0.02248417772
v -0.007218645886 0.0006311816396 0.01506602764
v -0.007217146456 0.0006404343294 0.01997439377
v -0.007215894759 0.0001694202365 0.01968025602
v -0.007215018384 -0.001396592357 0.01994304359
v -0.007214898709 0.000510853075 0.006599150132
v -0.007213780191 -0.0009179784684 0.0196640268
v -0.007211871911 -0.000812287908 0.02444315888
v -0.007209448144 0.001435830374 0.01499503665
v -0.007205822505 0.001286149258 0.006234822329
v -0.00720575545 -0.002512928331 0.01503474545
v -0.007203536574 -0.00542935729 0.01605296135
v -0.007199996617 0.004634337034 0.01606247388
v -0.00719623128 0.001018871088 0.02037539706
v -0.007196156774 -0.00178541604 0.02033082582
v -0.007196013816 0.0002052479249 0.01383638196
v -0.007195564918 -0.000371912407 0.01951741241
v -0.007194673643 -0.002177884104 0.01595816575
v -0.007191854995 0.0006000911817 0.01556346659
v -0.007190621458 0.0005149724893 0.01384094357
v -0.007188562304 -0.005521929823 0.02250377275
v -0.007188274991 0.001319452422 0.0129668396
v -0.007186922245 0.004723790102 0.02249675058
v -0.007186818868 0.0005958352122 0.01566080004
v -0.007184191141 0.004350410774 0.01400081255
v -0.0071841483 -0.0003706424905 0.01943693496
v -0.007183138747 -0.0001659467525 0.01384252682
v -0.007182511035 -0.0005067777238 0.01943987422
v -0.007181853987 -0.004353706725 0.01400080323
v -0.00718031358 0.004352953285 0.01403511781
v -0.007177782245 0.0006739024539 0.01872330159
v -0.007177674677 -0.001009241678 0.006519324146
v -0.007176386192 -0.0009866695618 0.01296734996
v -0.00717373658 -0.0007394127897 0.01946811751
v -0.007173485588 0.000188029735 0.01961482875
v -0.00717254309 -0.005406002048 0.01599813998
v -0.007171837147 -1.647835916e-06 0.02466037311
v -0.007171655074 0.001642999006 0.01624519937
v -0.007171392441 -0.000934534939 0.01959801465
v -0.007170960307 0.001431497163 0.01596761867
v -0.007168389391 -0.002390557202 0.01627562009
v -0.007166167255 -0.0003752993653 0.01385157555
v -0.007165049668 -0.002198327566 0.01502953004
v -0.007162130438 -0.005561567843 0.02227257751
v -0.007161573041 -0.001620273455 0.0129209822
v -0.007160846144 0.002466556383 0.01418125443
v -0.007160753477 0.0002124956227 0.01953948103
v -0.007159200963 0.0008631710079 0.01385723427
v -0.007158696651 -0.0009566327208 0.01952194422
v -0.007158128545 -0.001870183158 0.02048899233
v -0.007157323416 -0.002195419278 0.01503707003
v -0.007155507803 0.004629459232 0.01604079269
v -0.007154372055 -0.00337588368 0.01421293896
v -0.007153255865 0.0006585177616 0.01993484423
v -0.007151261438 0.003907409031 0.002813296393
v -0.007151095197 -0.005542447791 0.02252143994
v -0.007151059341 0.003907837905 -0.006111682393
v -0.007151033264 -0.001413492835 0.01990289241
v -0.007150563411 0.001444707857 0.01304682251
v -0.007149644662 0.00474435417 0.02251432277
v -0.007149416953 0.001783645595 0.01604449004
v -0.007149325684 -0.001184770255 0.02437409572
v -0.007147861645 0.001274599461 0.006455386989
v -0.007146324497 0.001415095874 0.01503325161
v -0.007143128663 -0.003526095767 0.01428252645
v -0.007140694186 -0.002629472408 0.005011371337
v -0.007139867637 0.001171752927 0.02062993869
v -0.007138612214 0.00141206407 0.01504083909
v -0.007138023153 0.0005166486371 0.02464982308
v -0.007135089952 -0.005593404174 0.01665380038
v -0.007134631742 -0.002171634696 0.01592092961
v -0.007133343723 -0.002041623928 0.01297916193
v -0.007133244071 0.004795661196 0.0166607853
v -0.007130777929 -0.002030513715 0.01514404081
v -0.007130608428 -0.001899999217 0.02066685818
v -0.007129489444 0.002129295142 0.01426390279
v -0.007129407488 -0.001791190589 0.00607271865
v -0.007128846832 0.00278317905 0.01431627013
v -0.00712790899 -0.001158142462 0.01305090263
v -0.007125347387 0.001022616052 0.0203577131
v -0.007124778349 -0.001788888359 0.02031302452
v -0.007123932708 -0.0003627834958 0.0231501963
v -0.007123308722 0.002512213774 0.01299404074
v -0.007121942937 -2.859936649e-05 0.01483761519
v -0.007119499147 0.001338463975 0.02433312684
v -0.00711932499 -0.002177597722 0.01509493124
v -0.00711920904 0.001317623071 0.01389346644
v -0.007116977125 -0.003358116839 0.01421965659
v -0.007114891429 -4.451239147e-05 0.02311388589
v -0.007112832274 -0.002000931883 0.01554212254
v -0.007111351937 0.001424465096 0.01593056135
v -0.007110283244 0.0006916355924 0.01987981424
v -0.007109231316 -0.0008348037954 0.02309511602
v -0.00710910419 -0.005553659983 0.02253720351
v -0.007108099759 -0.001445066882 0.0198467467
v -0.007107796147 0.0007875462179 0.01485238131
v -0.007107752375 0.004755483009 0.02252993174
v -0.007106951438 0.003979192115 -0.006088562775
v -0.007105611265 -0.004289163742 0.02432496473
v -0.007104604039 -0.0009021129808 0.02307634614
v -0.007104296703 0.005258435849 0.006404207554
v -0.007103933021 -0.002162253251 0.01516628265
v -0.007102401461 0.004823953379 0.0166448541
v -0.00710208388 -0.0003963371855 0.01485124882
v -0.007101469673 -0.005261689425 0.006404204294
v -0.007101000752 0.0001721155859 0.02305428125
v -0.007100827526 0.001393603277 0.015099057
v -0.007100070827 0.005657882895 0.001791076036
v -0.007099406328 -0.001600691234 0.0129612973
v -0.007098372094 -0.0003702909453 0.01386472024
v -0.007098305505 -0.001301625161 0.01306704246
v -0.007097039837 0.002117617289 0.0151176434
v -0.007097030059 -0.005661136005 0.001791067887
v -0.007096961141 0.002426921157 0.01421745028
v -0.007096522488 -0.0009679932846 0.01389976498
v -0.007096142508 0.001262973412 0.02085377835
v -0.007096035872 0.006026067771 -0.005313366652
v -0.007094196975 0.0007348084473 0.01981765218
v -0.007092796266 -0.006029316224 -0.005313373636
v -0.007092596497 -0.0007996786153 0.02463497035
v -0.007092184387 -0.001486374415 0.01978317462
v -0.007091900799 -0.002171647968 0.01586731337
v -0.007090347819 0.001462482265 0.01391060837
v -0.007089373656 -0.00187890057 0.02047607303
v -0.00708808843 -0.00564809097 0.02192800492
v -0.007088019047 0.0008566759061 0.01387036033
v -0.007085886318 0.001377944718 0.01517081354
v -0.007083384786 0.002894741716 0.0143794911
v -0.007081327494 -0.005534055643 0.02260841243
v -0.007080559153 0.002051978139 0.005965739023
v -0.00707989838 -0.005530850962 0.01625245996
v -0.007078094874 0.000196038789 0.01553464402
v -0.007076702546 0.001387561555 0.01864294149
v -0.007076337468 0.004736271687 0.01625862159
v -0.007073218934 -0.003060971387 0.01431345567
v -0.007072594482 -0.001774213393 0.006293965969
v -0.007069861982 -0.001900001895 0.02140008472
v -0.007068747655 0.001423958456 0.01587730646
v -0.0070686033 -0.002177804708 0.01580058038
v -0.007067187224 -0.005642201751 0.01662252285
v -0.007066979073 0.002071904484 0.0161063578
v -0.007066024002 -0.002183229895 0.0157642588
v -0.007065560203 0.004844374955 0.01662972011
v -0.007064983714 -0.00216676225 0.01867044903
v -0.007063919678 0.001047629747 0.02032679133
v -0.007063660305 -0.001911857165 0.02066142857
v -0.00706321653 -0.001813260606 0.02028119005
v -0.00706141023 -0.0008046964067 0.0148811359
v -0.007058585994 -0.00285610836 0.01610011235
v -0.007057475857 0.002385940868 0.01427846868
v -0.007057031617 -0.005676582921 0.02193959616
v -0.007056800649 -0.0003939259041 0.01483967155
v -0.007056792732 -0.005683814641 0.01701584831
v -0.007056447677 -0.001582788769 0.01302196831
v -0.007056391332 0.004877225496 0.02193397097
v -0.007055169437 -0.001391344704 0.02284212597
v -0.007054059301 -0.003316796618 0.01425597537
v -0.00705380505 0.00171322329 0.01394119114
v -0.007052884437 0.00161532918 0.02425703034
v -0.007051870227 0.000824114366 0.01484207809
v -0.007051039021 0.0006508969236 0.02280001529
v -0.007050536573 -0.0003627748229 0.02316421829
v -0.007050001062 -0.001697965665 0.02102817595
v -0.007050001062 0.000814295141 0.02080982924
v -0.007050001062 0.001330347732 0.02113847993
v -0.007050001062 0.001349999919 0.02139999345
v -0.007050000597 -0.0008914751816 0.0226575397
v -0.007050000597 -0.0008347280673 0.02309514582
v -0.007050000597 0.000659684767 0.02279268019
v -0.007050000597 0.0006727831787 0.02278262377
v -0.007050000597 0.0008993045194 0.02176688984
v -0.007050000597 0.001171601936 0.02063021064
v -0.007050000131 -0.001900002128 0.02066686191
v -0.007050000131 -0.001870568725 0.02231065929
v -0.007050000131 -0.001870567561 0.02048934065
v -0.007050000131 -0.001743798377 0.02153015137
v -0.007050000131 -0.0008347267285 0.01970485039
v -0.007050000131 -4.475915921e-05 0.02311356366
v -0.007050000131 8.06604221e-05 0.02266152762
v -0.007049999665 -0.00190000236 0.02213314734
v -0.007049999665 -0.001536063384 0.02273111232
v -0.007049999665 -0.001432254678 0.02281313017
v -0.007049999665 -0.001109047094 0.02025114559
v -0.007049999665 -0.0003988879034 0.02274897881
v -0.007049999665 0.0003116860462 0.02254719101
v -0.007049999665 0.000679944118 0.02221018262
v -0.007049999665 0.0009439132409 0.02127055079
v -0.0070499992 -0.001900003175 0.02163405903
v -0.0070499992 -0.001785417902 0.02033083327
v -0.0070499992 -0.001477888203 0.02058696188
v -0.0070499992 -0.001316939131 0.02239106968
v -0.0070499992 -0.0004020098713 0.02005128004
v -0.0070499992 9.207534458e-05 0.02014288493
v -0.0070499992 0.0005184277543 0.02041050605
v -0.0070499992 0.0006727812579 0.02001737617
v -0.0070499992 0.001171602169 0.02216978744
v -0.007049998734 -0.00178541732 0.02246917039
v -0.007049998734 -0.001613632543 0.02199040726
v -0.007049998734 -0.001536065014 0.02006888576
v -0.007049998734 -0.0008802236407 0.02013830841
v -0.007049998734 -4.475966489e-05 0.01968644187
v -0.007049832493 0.006095805671 -0.006058223546
v -0.007045215927 0.001429900411 0.01581105962
v -0.007044040132 0.004898244049 0.01709770411
v -0.007042884361 0.002510693856 0.01300931163
v -0.007042363752 0.001435353537 0.01577496529
v -0.007042127661 0.001083655283 0.01549912151
v -0.007040702272 0.001758848201 0.01394903567
v -0.007038408425 -0.001045560464 0.02461623028
v -0.007035163231 -0.0003642488446 0.0139032146
v -0.007032749709 -0.0006853987579 0.0155121712
v -0.007032705471 0.003013984766 0.01445232891
v -0.007032441441 -0.0009018140263 0.02309069782
v -0.007030603942 0.004913479555 0.02156835794
v -0.007029603701 -0.004388938658 0.02423770167
v -0.007029289845 -0.001909953775 0.02045673877
v -0.007029242348 0.0001720203145 0.02306860499
v -0.007029142696 0.001270977664 0.0208402127
v -0.007027338725 -0.0003633563465 0.01391071919
v -0.007025967352 -0.005653677974 0.01660885103
v -0.007024767809 0.0008492668276 0.01390893571
v -0.007024541497 -0.005720312241 0.0172216557
v -0.007024448365 0.004855816253 0.01661615446
v -0.007023647893 0.002033534227 0.00618900964
v -0.007020341698 0.001090526581 0.0202866327
v -0.007020217367 -0.005697377026 0.02195063792
v -0.007019750774 0.00489801215 0.02194495499
v -0.007019744255 -0.001855394454 0.02023946308
v -0.007019053213 0.001350538572 0.02138553746
v -0.007016946562 0.0008481827681 0.0139164608
v -0.007016120944 0.001588096377 0.01492607966
v -0.00701443525 -0.003273867536 0.01431581937
v -0.007013656665 0.001910792198 0.01397049148
v -0.007006941829 -0.001900001429 0.02213314176
v -0.007005444262 -0.004564082716 0.0146575449
v -0.007004398853 -0.001945279539 0.02065661922
v -0.007003596984 -0.001911610598 0.02139449306
v -0.007003373932 -0.001785416272 0.02246916294
v -0.007002733648 0.001029137289 0.02241108008
v -0.007000727113 -0.003168023191 0.01518563461
v -0.007000035606 0.001145515242 0.020242678
v -0.006999721285 -0.001909287297 0.02019363269
v -0.006999226753 -0.002221286995 0.01303872187
v -0.006999016739 -0.005748707801 0.02131203562
v -0.006997099612 0.006053590681 -0.002854204737
v -0.006995550357 -0.001870278385 0.02231049724
v -0.006994662341 -0.0003917984723 0.01480211224
v -0.006993845105 -0.006056784187 -0.002854206832
v -0.006993130315 0.004948665854 0.01721979864
v -0.006993043236 0.004844681825 0.02225238644
v -0.006989843678 0.0008216105052 0.01480459794
v -0.006988957524 0.001171918702 0.02217013389
v -0.006988089066 -0.0003578675096 0.01396791637
v -0.006987354718 -0.0003620718198 0.02320409007
v -0.006986432709 -0.002524931217 0.01311687846
v -0.006986386608 0.001270634006 0.02192303538
v -0.006986124907 -0.001393231913 0.02285606973
v -0.006985997315 2.598481478e-05 0.01402446814
v -0.006985275075 -0.001959657064 0.02043332718
v -0.006983147003 -0.00185550109 0.02418301255
v -0.006982962601 -0.005655491725 0.01659755222
v -0.0069825151 0.0006533327396 0.02281352878
v -0.006981736515 0.002337627579 0.01617112756
v -0.006981719751 -0.0001278237032 0.01402826048
v -0.006981112063 0.00205232203 0.0139949955
v -0.006979677361 0.002482013311 0.0130481869
v -0.006979495753 -0.005709675141 0.02196061425
v -0.00697911717 0.00491019059 0.0219548475
v -0.006977785844 0.0008415689808 0.01397382189
v -0.006972327363 0.001790676266 0.01544364076
v -0.006970227696 -0.0003530620597 0.01403813064
v -0.006970062852 0.00130063144 0.02082088776
v -0.006970012095 -0.0009091671091 0.02312890254
v -0.00696862489 0.002107930835 0.01400460955
v -0.006967057008 0.0001807492081 0.02310622297
v -0.006964968052 -0.002557173837 0.005720502697
v -0.006962344982 -0.002021542285 0.02040881105
v -0.006960152648 0.0008358876803 0.01404422522
v -0.006959907245 -0.001996797975 0.02065300941
v -0.006956987083 -0.005769098643 0.01720498502
v -0.006956824567 0.004969302099 0.01721171662
v -0.006956510711 -0.005795624573 0.01790109277
v -0.006955184974 -0.0002860947279 0.01965381019
v -0.006954595447 0.001361269038 0.0213793125
v -0.006953445263 0.002978233388 0.01445206441
v -0.006952543277 0.004999996163 0.02075975575
v -0.006951903459 0.001969098113 0.02413786575
v -0.006951282732 -0.0003918938164 0.01474689227
v -0.006950663403 -0.005696547218 0.02204407379
v -0.006950001232 -0.0003999989131 0.02264999412
v -0.006950000767 -0.00148253201 0.02202499658
v -0.006950000767 -0.001025001635 0.02031746507
v -0.006950000767 5.563062587e-05 0.02023599111
v -0.006950000767 0.0008029596647 0.02173968963
v -0.006950000301 -0.00102499919 0.02248252556
v -0.006950000301 0.0002249989921 0.02031746507
v -0.006950000301 0.0008442444378 0.02128016762
v -0.006950000301 0.0008499994874 0.02140000276
v -0.006949999835 -0.0008446515421 0.02023175359
v -0.006949999835 0.0002250014368 0.02248252556
v -0.006949999835 0.000599905441 0.0221501179
v -0.006949999835 0.000682531856 0.02077499591
v -0.00694999937 -0.001397956163 0.02064727806
v -0.00694999937 -0.001248899498 0.02231753804
v -0.00694999937 -0.0008550256607 0.02256423235
v -0.00694999937 -0.0004000012705 0.02014999837
v -0.00694999937 0.0006825323799 0.0220250003
v -0.006949998904 -0.001650001272 0.02140000276
v -0.006949998904 -0.001644183067 0.02152049169
v -0.006949998904 4.505557445e-05 0.02256808802
v -0.006949998904 0.0004503704258 0.02048383467
v -0.006949998438 -0.001601667958 0.02105577104
v -0.006949998438 -0.001482533757 0.02077500522
v -0.006948754191 -0.0006145166699 0.01966302283
v -0.00694666896 0.0007819664897 0.02482396737
v -0.006946472451 0.0008215057896 0.01474952884
v -0.006946247537 -0.0007851377595 0.02482397109
v -0.006945974194 2.636713543e-05 0.01462445688
v -0.006945746485 -0.003995899111 0.01457458083
v -0.006944784429 -0.001944379532 0.02138953283
v -0.006943629123 -4.459137199e-05 0.01968673803
v -0.006943376735 -0.0003609352279 0.02326449379
v -0.006941932719 0.002220627852 0.01402480993
v -0.006941931788 -0.0001226128661 0.01462797541
v -0.006941366009 -0.00191118801 0.02212743461
v -0.006941358559 -0.001941857627 0.01316591538
v -0.006940959487 0.004906762857 0.01679346338
v -0.006940023974 -0.001756654703 0.01401507575
v -0.006938128266 0.002454176545 0.0131101571
v -0.006937399972 -0.001791572897 0.02247967944
v -0.006937372964 0.005016613752 0.02048513107
v -0.006937274709 0.001035900088 0.02242078446
v -0.006937143393 -0.005711990874 0.01680834033
v -0.006936920341 -0.002190672327 0.01307772845
v -0.006936450023 0.004913273267 0.02196322381
v -0.006935204379 -0.002060430357 0.02065100335
v -0.006934922189 0.002397416392 0.01317695528
v -0.006934897508 0.005019162782 0.01830613799
v -0.006934812292 0.002596029313 0.01494649239
v -0.006932893302 7.3883406e-05 0.01971554942
v -0.006930445321 -0.001880693831 0.02231359854
v -0.006930079311 0.002040723804 0.01499325782
v -0.006929677911 -0.0008359665517 0.01970562711
v -0.006929056253 -0.0003941659816 0.01467773691
v -0.00692801876 -0.004034587182 0.01460239291
v -0.006927768234 -0.000396126241 0.01464009006
v -0.006927123759 -0.001619681483 0.01400287449
v -0.00692612119 0.001977761975 0.01529553812
v -0.006926040631 0.001348363003 0.02079802379
v -0.006925927941 -0.0009233961464 0.0231860429
v -0.006925858092 0.001981026726 0.01528572198
v -0.006925626192 -0.00140878337 0.02288860083
v -0.006924995221 0.001987737138 0.01527744718
v -0.006924379151 0.002599088242 0.01524247974
v -0.006924376823 -0.0003594471782 0.02333681285
v -0.006924133748 0.0008237742004 0.01468055416
v -0.006923362613 -0.0005046039587 0.02333362214
v -0.00692298077 -0.001615150948 0.01498529501
v -0.00692293141 0.000197036381 0.02316228673
v -0.006922740024 0.0008258164744 0.01464298368
v -0.006922467612 0.001280878088 0.02192549594
v -0.006922337227 0.0006701863604 0.02284489013
v -0.006921852939 0.002006171271 0.01526775677
v -0.006921588909 0.005027360283 0.02076350711
v -0.006921485998 -0.005827577319 0.02076621354
v -0.006919779815 0.001974709332 0.01541443635
v -0.006917794701 0.001234114286 0.01407787204
v -0.006916839164 -0.005781636573 0.01719756983
v -0.00691675581 0.004981694277 0.01720441878
v -0.006916305516 -0.005839340389 0.0197442174
v -0.006915824953 0.002087123226 0.01853768155
v -0.006915290374 0.002040673513 0.0152596673
v -0.006915166043 -0.005840582773 0.01907857694
v -0.006914452184 -0.003399183741 0.01525019296
v -0.006913742982 -0.0005622506724 0.02345755138
v -0.006911640055 -0.0009756301297 0.01974822767
v -0.006910114549 0.0001842154597 0.0180442892
v -0.006910013501 0.002250000136 0.005945317913
v -0.006910012104 -0.00253242231 0.005945317447
v -0.006909406744 0.002034259494 0.01400639303
v -0.006908308715 -0.002866744995 0.01857128181
v -0.00690722838 0.002598897321 0.0157421194
v -0.006905831397 0.002087205881 0.01525530778
v -0.006905807182 -0.000942462997 0.02325422317
v -0.006905745715 -0.001570406836 0.01543748006
v -0.006905058865 0.0001719495194 0.01811792701
v -0.006904841866 0.0001380389585 0.01811560057
v -0.006903959438 0.003760275431 0.02407844551
v -0.006902410183 0.0002187253704 0.02322913706
v -0.006901919842 0.001408479526 0.02077434212
v -0.006900310516 -0.001994974678 0.02138577029
v -0.006900190841 0.00505040586 0.01839825325
v -0.006899491884 -0.005851362366 0.01839449443
v -0.006898846012 0.002023805398 0.01561063714
v -0.006898037624 9.84285216e-05 0.02344005927
v -0.006897066254 0.001392478123 0.02137361839
v -0.006896608509 -0.003398867091 0.01574445888
v -0.006895400584 -0.002160605509 0.01313875709
v -0.006895096973 -0.005762169603 0.01705100574
v -0.006893652491 -0.001579456031 0.01496952679
v -0.006893278565 0.0006251079612 0.01819838211
v -0.006892290898 0.00283064344 0.005561545957
v -0.006890166085 0.001201954205 0.01459151506
v -0.006890045013 0.002461873228 0.005902500357
v -0.006889586803 -0.0002835890336 0.01812871546
v -0.006889366545 -0.005768721458 0.02166120149
v -0.006888575386 -0.006265328731 -0.005972597282
v -0.006888501812 0.002928281669 0.01448431704
v -0.006887484808 0.00259881909 0.01624167711
v -0.006887312513 0.0003850855283 0.01983588189
v -0.006887053605 0.0009584776708 0.01801331155
v -0.00688615581 0.001551792026 0.02455908619
v -0.00688601518 0.001198650687 0.01467260346
v -0.006885652896 0.005047771148 0.02076707594
v -0.006885568146 -0.004018779378 0.01459631044
v -0.006885395385 -0.005847983528 0.02076981962
v -0.006883792579 0.005068160128 0.01958095096
v -0.006883696653 -0.005868272856 0.01958056726
v -0.006883193273 -0.001943331794 0.02212236449
v -0.006882799789 0.002192647429 0.01525608543
v -0.006881541107 -0.00282276608 0.01324115694
v -0.006881315727 -0.001436320832 0.0229359176
v -0.006879866123 0.002595745958 0.01624080352
v -0.006879489869 0.005370361265 0.008367580362
v -0.006879038177 0.001060058363 0.02244213969
v -0.006878946908 -0.00181478681 0.022502698
v -0.006877994165 0.0006993312272 0.0228903871
v -0.00687686773 -0.003398768371 0.01623850502
v -0.006876602303 -0.005373496097 0.008367582224
v -0.006875405088 -0.001582824625 0.02455519512
v -0.006875335239 -0.0005852793111 0.01802473515
v -0.006875090767 -0.0020576471 0.02138365433
v -0.006874238141 -0.003556095995 0.01456879172
v -0.006873066071 0.002067281166 0.01590546221
v -0.006872530561 -0.001910541556 0.02232338302
v -0.006871303078 0.002072367119 0.01591798477
v -0.006870910525 0.002029933967 0.01497899089
v -0.006868010852 -1.563736646e-06 0.02498087473
v -0.006866117008 0.004995459225 0.01726477034
v -0.006865240168 0.001310163178 0.02193398029
v -0.006864983588 -0.001222293475 0.02340447158
v -0.006864373572 0.005070684478 0.01839608885
v -0.006864028051 -0.001599889947 0.01404090691
v -0.006863522809 -0.005871666595 0.01839242317
v -0.006863278337 0.002240374219 0.02402890474
v -0.006862087641 0.002107772976 0.01595124602
v -0.006861086935 0.003064998426 0.01319261733
v -0.006860704627 -0.001256821328 0.01987496391
v -0.006858371198 -0.001472282107 0.02299200557
v -0.006856982131 0.002555666724 0.01525363699
v -0.006856303662 -0.001596982125 0.0140484469
v -0.006854555104 0.0007372046821 0.02294433676
v -0.006853484549 0.001068605459 0.01837549917
v -0.006852917373 -0.003338830313 0.01527644601
v -0.006852786057 0.001440747408 0.02136899903
v -0.006851587445 0.002874176716 0.01454309933
v -0.006850789767 0.002382023726 0.01505567133
v -0.006848060526 0.005088349339 0.01958136819
v -0.006847816519 -0.005888442043 0.01958096772
v -0.006847094744 0.002562335692 0.01573990472
v -0.006846927572 -0.0007381328032 0.01823249459
v -0.006846276112 0.002013539895 0.01404462475
v -0.006846250501 -0.003997413907 0.0145997582
v -0.006846207194 0.005060265772 0.0207703393
v -0.006845864002 -0.005860571284 0.02077311464
v -0.006844352465 0.0005951661733 0.02337323129
v -0.006844275165 -0.003351605963 0.01574245654
v -0.00684379926 -0.004371417686 -0.005949951708
v -0.006838882808 0.002249999205 0.005899992771
v -0.006838882342 -0.002728807507 0.005900005344
v -0.006838851608 -0.001993001904 0.02211850323
v -0.006838562433 0.00201050844 0.01405221131
v -0.006838110276 -0.0008058914682 0.01825658791
v -0.006837002002 0.002805161988 0.005788735114
v -0.006836146582 0.002326415153 0.005894130562
v -0.006834784523 0.002640610794 0.005783980247
v -0.006834586617 0.001098873792 0.02247287519
v -0.006834533997 -0.001852566493 0.02253573015
v -0.006833614316 -0.00157318858 0.01493229251
v -0.006832137704 -0.004387549125 0.002813298255
v -0.006831705105 -0.002953537507 0.01330764219
v -0.006829805672 0.002564152237 0.01622200757
v -0.00682947645 -0.003356944304 0.01620434038
v -0.006829170045 0.003381625051 0.01332763955
v -0.006828062236 0.005038525444 0.0210943725
v -0.006828061305 -0.001956695458 0.02233882807
v -0.006826620083 -0.003283772385 0.01530925371
v -0.006826180499 0.001500844606 0.02136598341
v -0.006826135796 -0.003166725859 0.01539348997
v -0.006825102959 0.005083136726 0.01839411631
v -0.006824175827 -0.005884243641 0.01839053445
v -0.006820827257 0.001355355955 0.02194758691
v -0.006819932722 0.00504815625 0.0177283138
v -0.006819395348 -0.003250173293 0.01533208508
v -0.00681903353 0.0006751619512 0.02001888491
v -0.006818310823 -0.001579148346 0.01410629414
v -0.00681491429 0.002296509454 0.0160512384
v -0.00681294268 -0.002054412849 0.02211623825
v -0.006811740808 -0.003166744951 0.01574060135
v -0.006811335683 -0.001399804722 0.01457059849
v -0.006811300293 0.00202291552 0.0149419196
v -0.006810075138 -0.003285423387 0.01574085094
v -0.00680938689 -0.004819086753 0.01502993423
v -0.00680933008 0.002487043152 0.01528948825
v -0.00680921413 -0.00332606677 0.01617367193
v -0.006809101906 0.002490150277 0.00583855575
v -0.006808927283 0.005100785289 0.01958173141
v -0.006808811333 -0.001900443574 0.02257492021
v -0.00680859806 -0.005900932476 0.01958132163
v -0.006808503065 0.001148034236 0.02250952087
v -0.006808095146 0.002916085767 0.01467749663
v -0.006807741243 0.00614660373 -0.0005664291675
v -0.006804939359 -0.005864621606 0.02077590674
v -0.006804436911 -0.006149695721 -0.0005664319033
v -0.006804111879 -0.002790074563 0.01324521843
v -0.006802921183 -0.001563800732 0.01417764742
v -0.006802705117 -0.003211151576 0.01574035361
v -0.006802394055 0.004878896289 0.0145739112
v -0.006801547483 0.00250490196 0.01573808677
v -0.006801541429 0.0007340881857 0.02006682381
v -0.006801539566 -0.002013891237 0.02235814929
v -0.00680130627 -0.003166808514 0.01598092914
v -0.006800772622 0.001992060104 0.01411043014
v -0.006800425705 0.001737934537 0.01793985814
v -0.006800104398 -0.004299654625 0.01480625197
v -0.006800041534 -0.005870078225 0.0180265829
v -0.00679972861 -0.003171116812 0.01598645374
v -0.006797589362 0.001428744523 0.01861018315
v -0.006797433365 0.003895748407 0.02394225448
v -0.006797189824 0.003025377635 0.01322881319
v -0.006797159556 0.002716134768 0.01412902121
v -0.006793554407 0.001411687233 0.02196486294
v -0.006793139037 -0.005877599586 0.02055760846
v -0.006790885236 -0.001573187066 0.01487867907
v -0.006790205836 0.002476230729 0.01570827886
v -0.006789746694 -0.00326533569 0.01610504277
v -0.006789061707 0.002476142254 0.01573757082
v -0.006786371581 -0.005885279737 0.01831020787
v -0.006785827223 0.001976404572 0.01418217178
v -0.006783746649 0.003493177006 0.01339084655
v -0.006782069337 -0.003943671007 0.01463088859
v -0.006781693548 -0.00136105821 0.01795996167
v -0.006780907046 0.002497890498 0.01616013609
v -0.006780039053 -0.001163067995 0.01842620969
v -0.006779756397 -0.002437830437 0.01331620105
v -0.006779330783 0.001772685559 0.0210675057
v -0.006776959635 -0.001570509397 0.02009898424
v -0.006771040615 -0.002485562349 0.02391872182
v -0.006770018954 0.002464749152 0.0161238201
v -0.006769803353 0.005102908239 0.0189707689
v -0.006768696476 0.002022422152 0.01488868054
v -0.006767584942 -0.001579339267 0.01481194608
v -0.006767292041 0.005105755292 0.01932199858
v -0.006767101586 0.002670370042 0.01511771511
v -0.006767099258 0.003566425527 0.0148620652
v -0.00676500285 -0.001584767713 0.0147756245
v -0.006757693365 0.002984407358 0.01328983251
v -0.006754656322 0.004940143786 0.01464628708
v -0.006753495429 0.002631567419 0.005723123439
v -0.006752379704 0.002758243587 0.00560727017
v -0.006752240472 -0.001887617516 0.02327687852
v -0.006747398525 -0.001322176424 0.01852831058
v -0.006745558232 -0.003884684294 0.01468705852
v -0.006745166145 0.002028369345 0.0148224188
v -0.00674231397 0.002033824334 0.0147863403
v -0.006741931196 0.002573345555 0.02387190796
v -0.006741309073 9.84699509e-05 0.02325571142
v -0.006741150748 -0.002748122672 0.01328133419
v -0.006740834098 -0.003856760915 0.01472179405
v -0.006737167947 -0.00475990586 0.02387388423
v -0.006736636627 -0.0002864674316 0.01960795559
v -0.006733697373 0.001551244175 0.02474156767
v -0.006733089685 0.003612460569 0.01346369088
v -0.006732862908 -0.001554299844 0.02474157512
v -0.006730550434 0.005399562884 0.01023480482
v -0.006729715969 -0.0006322124391 0.01961941645
v -0.00672923401 0.0007693502703 0.02499177493
v -0.006728819571 -0.000772403786 0.02499177121
v -0.006727648899 -0.005402615294 0.01023480203
v -0.00672157621 0.001237241901 0.02323265933
v -0.0067207627 0.001766052563 0.01893974468
v -0.006718484685 5.547326509e-05 0.01966404915
v -0.006717620417 -0.00238690665 0.01514190808
v -0.006712657865 0.001795276534 0.01897556894
v -0.0067104646 -0.002534187632 0.01418812945
v -0.006705770735 0.002846277785 0.01529191062
v -0.006701668724 -0.002704408951 0.01334104966
v -0.006701499689 -0.003735359525 0.01722596772
v -0.006699721329 0.003014890011 0.01404659357
v -0.006698520388 -0.001524538733 0.01868788525
v -0.006698103156 -0.0009696826455 0.01969916746
v -0.006697115488 -0.001900002942 0.02066686191
v -0.006697115488 -0.00187056826 0.02048934251
v -0.006697114557 -0.001785418717 0.02033083513
v -0.006693829782 -0.003543405794 0.01845228113
v -0.006693388801 -0.00243806513 0.01532164961
v -0.006690423936 0.002759523457 0.01841543987
v -0.006685834378 0.002716385294 0.005580228288
v -0.006681928411 0.002936115256 0.01518249232
v -0.006677087396 0.0003798193065 0.01978534646
v -0.006677018944 -0.002071398776 0.02447269857
v -0.006674770266 -0.001611105981 0.01876844466
v -0.00667151995 -0.003924821969 0.01603091508
v -0.006663322449 -0.003355220193 0.01355622802
v -0.006658551749 -0.002271866193 0.02316681668
v -0.006655728444 0.002800001297 0.005400001071
v -0.00665382063 0.003576729912 0.01346342824
v -0.006653033197 9.849171329e-05 0.02315915003
v -0.006652873941 0.003175705671 0.01599016599
v -0.006652592681 0.004626523238 -0.005845010281
v -0.006648644339 0.005346805789 0.01203748398
v -0.006648519076 0.003600568743 0.005011364818
v -0.006646022666 -0.00128644926 0.01984286495
v -0.006645875052 0.002799999667 0.005378867034
v -0.006645769347 -0.00534981722 0.01203747559
v -0.00664438121 0.003598042065 0.005029455759
v -0.006644037552 -0.004594003316 0.01505998522
v -0.006644033361 -0.000326552632 0.0231484361
v -0.006644016132 0.002505538054 0.01783418469
v -0.006642969791 -0.0001974649495 0.02313799597
v -0.006641018204 0.001124222297 0.02053982951
v -0.006639902014 0.002506575081 0.01445615478
v -0.006636624224 0.002028007293 0.01932918839
v -0.006636580452 -0.0002092405921 0.02313940041
v -0.006636558566 0.003229552414 0.01350845303
v -0.006635956001 0.003621074371 0.005011360161
v -0.006635128986 0.00156842568 0.02312923595
v -0.006635122001 -0.00501615461 0.01547831111
v -0.006634009071 -0.003624072298 0.005011366215
v -0.006632729433 -4.406259177e-05 0.02311303653
v -0.006628395058 -0.0006659509963 0.02312961221
v -0.006627547089 -0.0007993091131 0.02310315706
v -0.006624775473 -0.003331630258 0.01354515739
v -0.006624646019 0.003197588725 0.01425385009
v -0.006624410395 -0.002127491403 0.01786024868
v -0.00662054494 0.001160211046 0.02060696296
v -0.006618740037 0.005217537284 0.01381010748
v -0.006617558654 -0.004089547321 0.0149644902
v -0.006616891827 -0.001794347772 0.02033366263
v -0.006615935359 -0.005220529158 0.01381010283
v -0.006615659222 0.0006758746458 0.01996861771
v -0.006613106932 -0.002800681395 0.0142615689
v -0.006610413548 0.002749551786 0.005421130452
v -0.006609282456 -0.00182039442 0.01900366321
v -0.006607491989 0.003197404556 0.01475347672
v -0.006607219111 -0.0007982190582 0.0231038034
v -0.006600559689 0.002749999519 0.005400001071
v -0.006600089371 -0.004576747306 0.01505119074
v -0.006595261395 -0.002800358692 0.01475582086
v -0.006593359634 -0.002499161288 0.02308828384
v -0.006592794787 9.851141658e-05 0.02307781391
v -0.00659125438 0.003565618303 0.005261740182
v -0.006589819212 0.003344643163 0.01501447987
v -0.006588864606 0.003526796587 0.01349568181
v -0.006587747484 0.003197330283 0.01525303442
v -0.006585721858 -0.003310707631 0.0135490559
v -0.00658325199 -0.0009085640195 0.02307427861
v -0.006581043359 0.004161706194 0.02363801375
v -0.006580126472 0.003194259712 0.01525217667
v -0.006579675246 0.0003725158458 0.02297025919
v -0.006578033324 -0.001569832326 0.02004551515
v -0.006577487104 -0.00316440477 0.02103813738
v -0.006577397697 -0.003250000998 0.005899994634
v -0.006576986518 0.002363719512 0.02101950906
v -0.00657625962 0.0001654912776 0.02305725589
v -0.006575920153 0.0006920383312 0.02276745811
v -0.006575518753 -0.002800251823 0.01524986699
v -0.006574988831 -0.002949857619 0.01357578114
v -0.006567787845 0.0009607239044 0.02250041626
v -0.006564725656 0.00316094677 0.01426229998
v -0.006562235765 0.0006327456795 0.02303956822
v -0.006559776608 -0.004552587867 0.01505244244
v -0.00655948557 0.00517831929 0.01495577116
v -0.006555567496 -0.001789142378 0.02030495182
v -0.006553769577 -0.0002806071425 0.01947954111
v -0.006553597283 -0.0005839188816 0.02263639681
v -0.006552370731 0.002210857812 0.01978243329
v -0.006551932544 0.003472699318 0.01355446409
v -0.006551685743 0.002333280863 0.0244156383
v -0.006551569793 -0.002740265103 0.01428760402
v -0.006550480612 -0.002781665185 0.01523624826
v -0.006550180726 0.003424999304 0.01362837013
v -0.006547947414 0.003161381232 0.01475128904
v -0.006547343917 -0.0006406730972 0.01949165575
v -0.006546986755 0.006289922632 0.001555844443
v -0.006544858217 0.002223381307 0.01982825808
v -0.006543605123 -0.006292879581 0.001555843628
v -0.006542942952 -0.002753081964 0.01475382037
v -0.006542625837 -0.003052260028 0.02359778993
v -0.00654242048 0.001870453823 0.02301415801
v -0.006540096831 -0.00135710102 0.02286302298
v -0.006540055852 0.0009301371174 0.02020605281
v -0.006538410205 0.003877896583 0.01514962036
v -0.006537146401 7.551797898e-05 0.01953873411
v -0.006537141744 -0.0007227016613 0.02259536646
v -0.006530782674 -0.001872551744 0.02046708949
v -0.006530331913 0.003162781475 0.01523378771
v -0.006525316276 -0.002685260493 0.01432060357
v -0.00652485434 -0.00256821909 0.01440475043
v -0.006523728371 -0.002572115744 0.01440198161
v -0.006523497403 0.001374375774 0.02225447074
v -0.006522706244 -0.002751200693 0.01520903781
v -0.006521705538 -0.003258530283 0.01358089689
v -0.006520355586 0.006005655043 0.005896290764
v -0.006519363727 0.001527274027 0.02490656264
v -0.006518540904 -0.001530212699 0.02490656078
v -0.006518140901 -0.002651891205 0.01434321795
v -0.006518126 -0.0009926841594 0.01957592927
v -0.006517125759 -0.006008597091 0.005896301474
v -0.006517039146 0.003101150971 0.01429155376
v -0.006516048685 -0.0008702388732 0.02255818434
v -0.006513042375 0.003093196312 0.01429621503
v -0.006513033994 -0.002061879728 0.01938925497
v -0.006510457024 -0.002568209311 0.01475197077
v -0.006509119645 -0.003500306746 0.005650004838
v -0.006508758292 -0.002686891472 0.01475221664
v -0.006507323124 0.006630457938 -0.005764465313
v -0.006503758952 -0.006633390207 -0.005764477886
v -0.006502931938 0.002944405889 0.01440127473
v -0.006502614357 -0.003799999366 0.005071641877
v -0.006502196193 0.00310420082 0.0147494683
v -0.006501410622 -0.002612615237 0.01475170814
v -0.006500898395 0.002951045753 0.01439657621
v -0.006500021555 -0.002568270778 0.01499228273
v -0.006499589887 -0.003750000615 0.005183476489
v -0.006499089301 -0.002708194312 0.01516428031
v -0.006499041338 0.0004136053321 0.01966687478
v -0.006497177295 0.003852950409 0.01514928602
v -0.006496503018 -0.002578369342 0.01500443555
v -0.006495427806 -0.004490680061 0.01508057583
v -0.006493559107 0.002996507799 0.01436164603
v -0.006493476219 0.001239792909 0.02295156941
v -0.006493204273 -0.001024989411 0.02248252928
v -0.006489758845 0.002944958163 0.01474882476
v -0.006488779094 -0.002611299977 0.01504750922
v -0.006488525309 -0.00266731414 0.01511711162
v -0.006488469429 0.003072211752 0.01474891137
v -0.006486595143 0.003187507158 0.02350187302
v -0.006485527847 0.002292873571 0.02025000937
v -0.006484753918 -0.003201558487 0.01363756228
v -0.006484228186 -0.003150399076 0.01371023338
v -0.006484049372 0.003102654824 0.01517830137
v -0.006482164841 -0.003733339254 0.0138439294
v -0.006481968332 -0.003433847567 0.005864975508
v -0.006480080541 0.002945294604 0.01498740073
v -0.00647953013 -0.00317464117 0.01367249619
v -0.006479042582 -0.001237683115 0.02294184081
v -0.006478986703 0.003002182115 0.01474847458
v -0.006478148513 0.002950325608 0.01499399822
v -0.00647756923 -0.001125036622 0.02241825126
v -0.00647544628 0.001736498089 0.02191785723
v -0.006474075373 -0.002139186021 0.01956276409
v -0.006473718677 0.001338565955 0.02120005712
v -0.00647255918 -0.001757815247 0.02020461299
v -0.00646987278 -0.001323613338 0.01972797699
v -0.006469205022 0.003161728848 0.02357387729
v -0.006468597334 0.001385381096 0.02291899547
v -0.00646762969 0.004164971877 0.01387342997
v -0.006467506289 -0.003164641326 0.02357386798
v -0.006466849707 -0.0004999994999 0.01816604473
v -0.006466139574 -0.0004500023497 0.01815552823
v -0.006465655286 0.003025643993 0.01509084832
v -0.006464821286 -0.003750000382 0.005292061251
v -0.006463918369 -7.813714547e-06 0.01811139844
v -0.006461760495 -0.004422501195 0.01513526496
v -0.006460777484 0.003822561121 0.01515789237
v -0.006459792145 -0.004390512593 0.0151697332
v -0.006457154639 0.0001384037314 0.01811566576
v -0.006457027514 0.001134660444 0.02049066499
v -0.006455664989 0.000960706675 0.0225004442
v -0.006454492919 -0.001352142892 0.02287455462
v -0.006453463342 -5.145135583e-05 0.0128476657
v -0.006450816989 -0.0002258443274 0.01285714842
v -0.006449034903 -0.0008057394298 0.01825655065
v -0.006447929889 -0.005102682393 0.02344832942
v -0.006445745006 -0.00187056791 0.02231064998
v -0.006445744541 -0.001900001545 0.02213313989
v -0.006445743609 -0.001785416622 0.02246916108
v -0.006444525905 0.001983065624 0.02157398872
v -0.006443295162 0.002276685089 0.02072774991
v -0.006443157792 -0.001824271749 0.02029746212
v -0.006442284677 0.0007224860019 0.01986077614
v -0.006441976409 -0.0003999999317 0.01286562625
v -0.006441000849 0.001349998522 0.02139871381
v -0.006440335419 0.002268570941 0.0207815133
v -0.006437521894 -0.0002697603486 0.01928915083
v -0.006437479053 -0.0009398741531 0.01831150427
v -0.006436895579 -0.0004499988281 0.01859419979
v -0.006436876953 0.0005781233776 0.01278544031
v -0.006435402669 -0.0005000012461 0.01863639243
v -0.00643335795 0.0004420819459 0.01815456524
v -0.00643141102 0.003788456554 0.01517502312
v -0.006431058515 0.002174700378 0.02115592919
v -0.006430977024 -0.0006606598618 0.01930288039
v -0.006430196576 -0.003749999218 0.005399995483
v -0.006427471526 -0.002216506051 0.01979208924
v -0.006425605156 0.003461020999 0.01640585065
v -0.006424086168 -0.004968416877 0.01542878244
v -0.006420424674 0.0001164097557 0.01935542189
v -0.006420395803 -0.0003866555053 0.01885045692
v -0.006419612095 -0.0004499895149 0.01886554621
v -0.0064179115 -0.004184519406 0.0183213558
v -0.006416049786 -0.003068850841 0.01643765718
v -0.006413466763 0.001170918345 0.02217048407
v -0.006413231138 -0.003600605298 0.005756480619
v -0.006411617622 0.003244246123 0.01770657487
v -0.006407119334 -0.0003935355053 0.019063171
v -0.00640673982 -0.0002935525554 0.01906589977
v -0.006406660192 -0.001620042603 0.01994274743
v -0.006406600121 -0.0002127038024 0.01904666238
v -0.006406254601 -0.00190000108 0.02060060576
v -0.006405585445 -0.0004936031182 0.01906561665
v -0.00640513422 -0.001787917106 0.02246846631
v -0.006404714659 0.005345496815 0.0152833201
v -0.006403680891 0.001281696372 0.02188371494
v -0.006403592881 0.001277364907 0.02189848386
v -0.006402139086 -8.476656512e-05 0.01916962676
v -0.006401084363 -0.001041739597 0.01939737238
v -0.006400277372 -3.839220517e-05 0.01917924732
v -0.006399910897 0.003717095125 0.01523039676
v -0.006398687605 -0.002868617186 0.01773589291
v -0.006396939978 2.431565736e-05 0.01919035055
v -0.006396600511 -0.003074063454 0.02283480205
v -0.006395810284 0.003391711041 0.01828412525
v -0.006394993514 3.499242666e-06 0.01913566515
v -0.006394897122 -0.005015403498 0.01547933556
v -0.0063948147 0.003675442189 0.01514283661
v -0.006393847056 -0.003710861783 0.005593923852
v -0.006391968112 -0.003267072141 0.01517581288
v -0.006391384639 0.0007615260547 0.02513338067
v -0.006390975788 -0.0007643981953 0.02513337694
v -0.006390109658 -0.004408333451 0.01707983389
v -0.006389838643 -0.001865900005 0.02036726288
v -0.006386851426 -0.004084151238 0.004823397379
v -0.006386679132 0.002644152148 0.02433600836
v -0.006386351306 -0.001870969427 0.02231232822
v -0.006386235356 -0.001343227341 0.0185432639
v -0.006381428335 0.0004812820407 0.0194983799
v -0.006379107945 -0.0009700366645 0.01914577372
v -0.006377751939 0.00181235082 0.02279623225
v -0.006370970514 0.006640407722 -0.002035313984
v -0.006370569114 0.0009034520481 0.01829683222
v -0.006369090173 -0.00496687321 -0.005689289887
v -0.006368873641 0.003795738798 0.01390106417
v -0.006366026588 -0.006643700413 -0.002014379483
v -0.006365845446 -0.00178606261 0.02247820981
v -0.006365699228 -0.001645996934 0.0199089963
v -0.006365378387 -0.001900001196 0.02213813737
v -0.006363476627 -0.00532763917 0.0158698
v -0.006360344123 0.003634244902 0.01704077981
v -0.006358941551 0.0004375808348 0.01931141876
v -0.006357531063 0.0004485507088 0.01926222816
v -0.006356926169 0.00303542288 0.01906199008
v -0.006356100086 -0.002294317586 0.02023067884
v -0.006351947319 -0.001175934332 0.01287283842
v -0.006351845339 -0.001398262801 0.01956673712
v -0.006350263488 0.003752036719 0.01537588891
v -0.00634992728 0.003750914475 0.01539682783
v -0.006348384079 0.003756464226 0.01537071448
v -0.006343589164 0.00677218847 -0.005672601052
v -0.00634329021 0.002409497974 0.02274908125
v -0.006343277171 0.003767520189 0.01536720339
v -0.006343250163 0.00134517788 0.01265468728
v -0.006342505105 -0.001542904298 0.02275677212
v -0.006341581233 0.001058342634 0.01837003231
v -0.006340175401 -0.004581378773 0.01542282291
v -0.006339704152 0.004272005055 0.01554086059
v -0.00633946294 -0.001713550882 0.01996698976
v -0.006336951628 -0.001611077692 0.01876841672
v -0.006333720405 -0.005021351855 0.0154937068
v -0.006332559045 -0.001900000148 0.02170959674
v -0.006330854725 -0.003727175063 0.02098968811
v -0.006328233983 -0.001870460459 0.02232450992
v -0.006327153649 -0.001557368552 0.0196909178
v -0.006326747127 0.00665548956 -0.001416782499
v -0.006325426046 0.0009905629558 0.02248669416
v -0.006324670278 -0.002299579326 0.02050331235
v -0.006323619746 0.00081201375 0.01971345395
v -0.006323453039 -0.001416760846 0.01933322661
v -0.006323167123 -0.006658324972 -0.001416773186
v -0.006322085857 -0.003479673294 0.01396623347
v -0.00631929934 -0.001691696467 0.01885144226
v -0.00631711958 0.002923995722 0.0209677387
v -0.006312930025 0.001128283679 0.01377283316
v -0.006311615463 0.004464794416 0.02319268137
v -0.006311364006 -0.002030606149 0.02149412781
v -0.006310069934 -0.002285436494 0.02068199776
v -0.006309473887 -0.001900002477 0.02193411067
v -0.006308646407 -0.004623501562 0.01588182524
v -0.006306878291 0.004469744861 0.0231840536
v -0.006305865478 0.001362153795 0.02116564289
v -0.00630373694 0.003846692387 0.01539502107
v -0.006303700153 -0.005260927137 0.02319939621
v -0.006298658438 -0.001760756481 0.01999038085
v -0.006298603956 0.0008324477822 0.01945807226
v -0.006296037696 0.006110771094 0.007859572768
v -0.006295897067 -0.002203098498 0.02107662521
v -0.006294918712 0.001201290987 0.02041483484
v -0.006293982267 0.001272639842 0.01849640533
v -0.006292879116 -0.001770974719 0.02252503671
v -0.00629275851 0.0008435247 0.01952475123
v -0.006292750593 -0.006113589741 0.007859584875
v -0.006290637888 0.003830615198 0.01584947668
v -0.006288583856 -0.001570577268 0.0195369143
v -0.006287698168 -0.001610364765 0.01963893883
v -0.006287639495 0.004265718628 0.01554274
v -0.006287145428 0.004347980488 0.0156296175
v -0.006286981981 -0.001899999683 0.02215216123
v -0.00628671702 -0.001899991534 0.02215516381
v -0.006286496762 -0.005407187156 0.01599928364
v -0.006282627117 -5.129273268e-05 0.01543025579
v -0.006282310933 -0.003622946562 0.02316265553
v -0.006281527225 0.003842086531 0.01591479219
v -0.006277776789 -0.001877926406 0.0223144535
v -0.006275754422 -1.40519478e-06 0.02520844154
v -0.006274579093 0.002845188137 0.02046136372
v -0.006271244027 0.004347536247 0.004575466737
v -0.00626167329 0.0009011845104 0.01284348592
v -0.00626137061 -0.002478002105 0.02047337964
v -0.00625803275 0.001371245016 0.0215292424
v -0.006256119814 -0.005038056523 0.01554552093
v -0.006254905369 -0.001696367282 0.01973673888
v -0.006252675317 -0.001703999122 0.01975049078
v -0.006252607331 0.001093189348 0.01999064349
v -0.006252130028 -0.005314558744 0.02310323156
v -0.00625119172 0.003692634637 0.02309379354
v -0.006250405684 -0.0007089105784 0.01541491784
v -0.0062486073 0.001170772943 0.0222297702
v -0.006245405413 0.004238642287 0.01553967781
v -0.006244370714 -0.001972584054 0.01922611147
v -0.006243600976 0.003959407099 0.0154681392
v -0.006241873372 0.005492767785 0.01575560682
v -0.006239021663 0.004476502538 0.01416098233
v -0.006238482893 0.001306734164 0.02188980021
v -0.006236886606 -5.139567656e-05 0.01609639823
v -0.006233769469 -0.0002510324412 0.01609134674
v -0.006225122139 -0.0004499994975 0.01608353667
v -0.006223984063 0.002359142061 0.02257160097
v -0.006222560536 -0.0005000004312 0.01608098298
v -0.006218913477 0.00135415094 0.0207591746
v -0.006217937917 0.002699654782 0.0225640703
v -0.006217000075 0.001185980276 0.01973424852
v -0.006215001922 0.001032258617 0.01559769269
v -0.006211892702 0.004565744661 0.02300424688
v -0.006209512241 -0.001831417787 0.02003534138
v -0.006208565552 0.004205001984 0.01554583199
v -0.006208163686 0.004089638591 0.01415791828
v -0.006207435858 -0.001836461364 0.02005048841
v -0.006206228863 0.001200211234 0.01981828362
v -0.006205836777 0.003785414156 0.02300599217
v -0.006205806509 0.004026790615 0.01552023552
v -0.006203252822 0.002259200439 0.02476170287
v -0.006202696823 0.000842848036 0.0161067564
v -0.006202454213 -0.00354442792 0.02255168557
v -0.006202038378 -0.002261970891 0.02476170287
v -0.006200983655 -0.0007834038697 0.016066771
v -0.00620054733 -0.004241054878 0.01430730149
v -0.006197781768 0.00445156917 0.01416064892
v -0.006197637413 -0.001858495874 0.02012455091
v -0.006196623202 0.001982831396 0.01248852536
v -0.006189537235 -0.005377211608 0.02298097126
v -0.006189476699 0.001280633616 0.0198297482
v -0.006189113483 0.001636321074 0.01879619434
v -0.006188267376 0.001260721125 0.01988193579
v -0.006187839899 0.001512248884 0.02504777536
v -0.006187499501 -0.004986857064 0.01558442321
v -0.006187025923 -0.001515009208 0.02504778281
v -0.006184739061 -0.002139172982 0.01956291869
v -0.006179543212 0.004166882019 0.01556090266
v -0.006178168114 -0.001947582467 0.01283005811
v -0.006174741313 0.001316462178 0.02032143436
v -0.00617441861 -0.004837605171 0.0157032609
v -0.006170203909 -0.002172713401 0.01965278387
v -0.006169504486 -0.001899186871 0.02038200013
v -0.006166730076 -0.002124481369 0.02249293029
v -0.006166546606 -0.001899987576 0.02041699179
v -0.006166142412 -0.00190000108 0.02042198181
v -0.006165963598 -0.005066100508 0.015640283
v -0.00616442319 -0.0005836550263 0.02263643779
v -0.00616422575 -0.0004001686466 0.01300035324
v -0.006162940059 -0.001401761663 0.01536420919
v -0.006161374506 0.004421188962 0.0141692562
v -0.006159984041 -0.001900001662 0.02049861848
v -0.006159523502 -0.004870099016 0.01566719636
v -0.006158303469 0.00613065064 0.009802155197
v -0.006157676689 -0.00490737427 0.01563457213
v -0.006157161202 -0.004221139476 0.01429496519
v -0.006156378426 -0.0004499987117 0.0171129033
v -0.006155006122 -0.006133396644 0.009802160785
v -0.006154289469 0.001113769249 0.02242313512
v -0.006153207738 -0.0004999996163 0.01711619645
v -0.006153188646 0.001438023173 0.02113453485
v -0.006150001194 0.002711941255 0.005591338035
v -0.006150000263 -0.003749998519 0.005399994086
v -0.006150000263 -0.003683011746 0.005649993662
v -0.006150000263 0.002250000136 0.00590000255
v -0.006150000263 0.002603553701 0.005753560457
v -0.006149999797 -0.003500001272 0.00583301438
v -0.006149999797 -0.0032500003 0.005900001619
v -0.006149999332 -0.003603553865 0.005753550213
v -0.006149999332 0.00244134129 0.005861941725
v -0.006149999332 0.002749998821 0.005399999674
v -0.006149468478 0.003042334458 0.02421092615
v -0.006147831213 -0.003045076039 0.0242109336
v -0.006144469604 -0.005541290622 0.01627202891
v -0.006138750818 -0.001125384239 0.02241800539
v -0.006138597615 0.003993381746 0.01683526859
v -0.006138410419 0.005216402467 -0.005556714721
v -0.006131997798 0.004387090448 0.01418638695
v -0.006130667403 0.00179567805 0.01897558011
v -0.006130095571 -0.00136013818 0.01602608338
v -0.006118730176 0.002910760697 0.02240502089
v -0.006118257064 0.001487366273 0.02008551173
v -0.006118026096 -0.00508368481 0.01570488885
v -0.006117779762 0.001465465291 0.02014200948
v -0.006116358098 -0.00419584848 0.01429510489
v -0.00611274736 -0.004385244101 0.01445663162
v -0.006111688446 -0.001900000963 0.02108648792
v -0.006110441405 0.004253893159 0.01431404799
v -0.006107747089 -0.002280167304 0.02009985596
v -0.006107679103 0.001446584589 0.02152323909
v -0.006101130042 0.005591466557 0.01627825014
v -0.006100478582 0.004315737635 0.0142417606
v -0.006099728867 -0.00356847723 0.0175971929
v -0.006098438986 0.001474011922 0.02069607936
v -0.006097879261 -0.0004500001087 0.01598484069
v -0.00609704107 0.003936997615 0.01756728813
v -0.006096543744 0.001234333264 0.02227309346
v -0.006095967721 0.001536591444 0.01277161855
v -0.006090491079 -0.001591922482 0.01600529812
v -0.006090082694 0.006068254821 0.01173056941
v -0.006090044975 0.001649034792 0.016094096
v -0.006088335998 0.001377901062 0.02190911025
v -0.006087791175 -0.004961598665 0.01586052589
v -0.006086821202 -0.00607096497 0.01173056196
v -0.006086402573 -0.0004499991483 0.01815554127
v -0.00608459115 -0.0004750285298 0.018160671
v -0.006082692649 -0.0004999997909 0.01816607267
v -0.006079397164 -0.003807095811 0.01627791673
v -0.006079363637 -0.004516985733 0.01952449605
v -0.006077724043 -0.004777534399 0.01818625256
v -0.006073659286 0.001928861369 0.01916063763
v -0.006072435994 0.005607911386 0.01639751717
v -0.006067736074 0.00528838858 0.002813279163
v -0.006067272276 -0.00229950482 0.02050354145
v -0.006067042705 0.005289136898 -0.005515556317
v -0.006066588685 0.005931649357 0.01364782546
v -0.006065080874 0.003685277188 0.01896407269
v -0.006063401699 -0.005934344139 0.01364781428
v -0.006063030101 0.005728888791 0.01555690449
v -0.006062789354 0.001566074556 0.02044654451
v -0.006061999593 -0.002295646584 0.02057323046
v -0.006059961859 0.006766209379 0.001254815375
v -0.006059067789 -0.004076357465 0.02271017805
v -0.006058674771 -0.001900001196 0.02170947567
v -0.006058098748 0.001809433335 0.01973809302
v -0.006056326441 -0.006768899504 0.001254800707
v -0.006052015349 -0.004130327143 0.01432152092
v -0.006045040675 -0.002050171606 0.02145679854
v -0.006043457426 0.002869852353 0.0222738795
v -0.006042315159 0.004719766788 0.02264808305
v -0.006041174289 -0.00221697567 0.02102903463
v -0.006040418521 0.004870661069 0.0145522207
v -0.00603540102 0.004604624584 0.01601011679
v -0.006034930702 0.002337257378 0.01365190931
v -0.006032644305 0.001558262156 0.02110274322
v -0.00603168644 -0.003224843647 0.02414566278
v -0.006031113211 -0.004253442399 0.02094038948
v -0.006029646844 0.003969899379 0.0181512367
v -0.006028895266 -0.006780924741 0.001484611887
v -0.006026225165 0.00224969699 0.01455576625
v -0.00602434855 -0.004855867941 0.00404600706
v -0.006023547612 0.001673462102 0.020526357
v -0.006020131987 -0.002082691994 0.0152838761
v -0.006019908935 -0.004058043472 0.01437512506
v -0.006019398104 -0.004024286754 0.01440924872
v -0.006017201114 0.004327284638 0.01582029648
v -0.006013972685 0.001714830054 0.02049581707
v -0.006013464648 -1.334521244e-06 0.02524720505
v -0.006012812722 0.004172136076 0.02259276807
v -0.006010160316 0.002155770548 0.01546023693
v -0.006007790565 -0.005024838727 0.01692822948
v -0.006004169118 -0.005132531747 0.0159113612
v -0.006001005415 0.002558516571 0.01227746531
v -0.006000045687 0.004083872773 0.01766099408
v -0.005998875014 0.003444191767 0.02091517299
v -0.00599778071 -0.004036133643 0.01501106191
v -0.005997580942 0.001718869433 0.02064310014
v -0.005993320607 0.00345458393 0.02042317018
v -0.005992612336 0.001752054202 0.02058836631
v -0.005992440041 0.00208738097 0.01608066633
v -0.005991719197 0.00133649807 0.02228231169
v -0.005990142934 -0.003085421631 0.02043878101
v -0.005990047939 0.004576963373 0.01600306854
v -0.005988959223 0.006586522795 0.005525721703
v -0.005988351535 0.004864390474 0.01455410197
v -0.005988277029 0.004946083296 0.01464030053
v -0.005987609737 -0.004064668436 0.01451880485
v -0.005987511482 0.004730919842 0.01624967158
v -0.005987068638 0.001563797006 0.02152298577
v -0.005985417403 -0.006589176133 0.0055257231
v -0.005985226948 0.003825637046 0.0233508274
v -0.005983169656 -0.003828288522 0.02335083112
v -0.005981659982 0.00443927478 0.01497855596
v -0.005979250651 -0.004016175866 0.02217304893
v -0.005967527628 0.001489212271 0.02194018848
v -0.005966360215 -0.005683079828 0.01669642329
v -0.005962217692 -0.0005000057281 0.01591045037
v -0.005959755275 0.002140393713 0.01957234554
v -0.005956504028 -0.00045000104 0.01590790227
v -0.005956257693 -0.0004999826197 0.01590778679
v -0.005955723114 0.002007109579 0.01601538993
v -0.005955395289 -0.006813186686 0.002083395841
v -0.005954383407 -0.002692755312 0.02212445624
v -0.005951306783 0.004539952613 0.01600448787
v -0.005946114194 0.004837328568 0.01455102582
v -0.005945359822 -0.007082778029 -0.005446597468
v -0.005944544449 0.000758808339 0.02522056736
v -0.005944135599 -0.0007614388014 0.0252205655
v -0.005939659197 -0.005168134812 0.01609601453
v -0.005935719237 0.0002587595663 0.01589872874
v -0.005935546476 -0.0004001862544 0.01304226927
v -0.005934861023 0.001720874337 0.02124022879
v -0.005932812579 -0.005600936711 0.02240775898
v -0.005932400003 -0.001068157726 0.01302301046
v -0.005931519903 0.001810643589 0.02098101564
v -0.005922093987 0.004496184178 0.01601434872
v -0.00592131028 -0.002692913404 0.012738836
v -0.00591909606 0.00185504742 0.0209475439
v -0.005909263156 0.004803697579 0.01455718093
v -0.005908828694 -0.005192497279 0.01625162736
v -0.005906458478 -0.002372896066 0.01591565274
v -0.005905410741 -0.004617259372 0.0147356661
v -0.005905164871 0.002398861805 0.01606973447
v -0.005903183948 0.006834995002 0.002527855104
v -0.005900028627 0.004086527508 0.01841247082
v -0.005899798125 0.002223435091 0.01982780918
v -0.005890844855 0.001591352629 0.0220714286
v -0.005888220854 0.004838004243 0.0222794041
v -0.005887268111 0.000719172589 0.01587734371
v -0.005886325613 0.001609113649 0.02205347829
v -0.005884733517 0.005682849791 0.01726244949
v -0.005883344449 0.00223840028 0.02490068786
v -0.005882139783 -0.00224099867 0.024900686
v -0.005880579818 0.003369086655 0.02196764387
v -0.005880230572 0.004765586462 0.01457226649
v -0.005877552088 0.00513077667 0.003731190227
v -0.005866100546 0.001849532709 0.0214458704
v -0.005862604361 -0.00459054485 0.01473269425
v -0.005861836951 0.002819875488 0.01219968684
v -0.005861630198 0.002264401177 0.02001578361
v -0.005861174315 0.001713074511 0.02194463462
v -0.005859022494 -0.0004001756315 0.01304419152
v -0.005858888384 0.002147731837 0.01266988367
v -0.005858519115 0.001846638741 0.0215228945
v -0.00585371023 -0.004778014496 0.01495825406
v -0.005852281116 -0.001663562376 0.01586189494
v -0.005852133036 0.004685613792 0.01462477818
v -0.005851219874 0.001899888855 0.02140311152
v -0.005850857124 0.003333859146 0.0219058767
v -0.005840918049 0.004557001404 0.01617512479
v -0.005838207435 0.001808343455 0.02183095366
v -0.005831377115 -0.004526941106 0.02215204388
v -0.005826059263 -0.004556197673 0.01473868545
v -0.005822491832 -0.001730795018 0.01297475677
v -0.005822195206 0.001874352572 0.02174252085
v -0.005821576808 -0.002737873467 0.01517979894
v -0.005820494145 -0.004824009258 0.01503651123
v -0.005817750003 0.004834740423 0.01655796543
v -0.005817377474 0.00290547288 0.01356971078
v -0.005815495737 0.0008234921843 0.01298927702
v -0.005810901057 0.001922992407 0.02167121135
v -0.00581058627 -0.005270208232 0.01702138595
v -0.00581019884 0.004889446776 0.02207415737
v -0.005808571819 0.002952110721 0.02455486543
v -0.005807226058 0.007131549995 -0.003463624511
v -0.00580698438 -0.002954670927 0.02455487289
v -0.005803866778 -0.005541014951 -0.005362962838
v -0.005803391803 -0.007134110667 -0.003463622881
v -0.00579727022 -0.004516733345 0.01475255005
v -0.005793568213 -0.005696661305 0.02204224654
v -0.005793355871 0.002297980245 0.0204697866
v -0.005782068241 0.003040939337 0.01203527767
v -0.005781356245 -0.003010298358 0.01268343534
v -0.00578102842 0.006668905728 0.007485292386
v -0.00577838067 -0.003250000533 0.005934822839
v -0.005777748767 0.003978164401 0.0197158549
v -0.00577744469 -0.006671450567 0.007485297974
v -0.005774821155 0.002100139856 0.02134622261
v -0.005774478428 0.00464131264 0.02198011987
v -0.005772341974 -0.004392817616 0.01483082119
v -0.005770711228 -0.000400001154 0.009000002407
v -0.00576895522 -0.0005833862233 0.02263648063
v -0.005768920295 -0.004432525486 0.01479967777
v -0.005768871401 0.004807699006 0.01654844731
v -0.005768611096 0.002268570708 0.02078123577
v -0.005765934009 -0.003499998245 0.005869002547
v -0.005763878115 0.002241908805 0.02091824636
v -0.005756899249 0.001507079578 0.02513622306
v -0.005756271537 0.001405729214 0.01581951231
v -0.005756088998 -0.001509611961 0.02513621561
v -0.005753195845 -0.003161788918 0.0217117779
v -0.005752419587 0.004771037027 0.01489195041
v -0.00574498577 -0.004461275414 0.02169482224
v -0.005740708206 -0.005810881499 0.01737098582
v -0.005740392487 0.005703980103 0.01798322052
v -0.005739084911 -0.004426886793 0.01496406179
v -0.005737905391 -0.0008616760024 0.02254435606
v -0.005736202002 0.005203364883 0.01502147876
v -0.005735811777 -0.0008678877493 0.02255913243
v -0.005732458085 -0.00472083874 0.02187442593
v -0.005732171237 -0.002902168082 0.01583568193
v -0.005731928162 -0.00368301291 0.005689178593
v -0.005730984733 -0.00494044926 0.0152776055
v -0.005729382858 0.007119603921 -0.001266034087
v -0.005727989133 0.004768540151 0.01654547639
v -0.005725555122 -0.007122115232 -0.001266031526
v -0.005723905284 -0.004210621584 0.01745420694
v -0.005723341368 0.002599018859 0.01591520756
v -0.005715891253 0.004961900413 0.01705902442
v -0.005715734791 -0.003929520957 0.01889251359
v -0.005713874009 -0.00102500082 0.02248252928
v -0.005711848848 -0.003681873903 0.02395689301
v -0.005710375495 -0.0004000024637 0.009458297864
v -0.005710374098 -0.0004000015033 0.008541709743
v -0.005708659068 0.007246838417 -0.005303337704
v -0.005706675816 -0.005025744904 0.01942636818
v -0.005701702088 -0.005749279168 0.02177781425
v -0.005699999165 -0.0004000003391 0.008999995887
v -0.005698838737 -0.001125836279 0.02241767943
v -0.005698563531 0.004720342346 0.01654937305
v -0.005690842401 0.005175716709 0.01501443051
v -0.005688344594 0.005329675507 0.01526103634
v -0.005685475655 -0.003750000382 0.00544354273
v -0.005681541283 0.003722518217 0.02393711545
v -0.005678996444 -0.004927358124 0.01526377257
v -0.005678883288 -0.004734287504 0.02089302242
v -0.005674716551 0.004725033417 0.01660525613
v -0.00566525152 -0.003072998021 0.01580541767
v -0.005661655683 0.006670785137 0.009483903646
v -0.005660556257 0.001419391716 0.01292124577
v -0.005658069625 -0.006673262455 0.009483904578
v -0.005658066366 0.003066282021 0.01605121605
v -0.005657570437 -0.004477282055 0.01611229777
v -0.00565675227 0.002249999437 0.005961782765
v -0.005656179506 0.004547881894 0.02247613482
v -0.005656007677 -0.003649554914 0.02040399984
v -0.005655350629 0.004995886236 0.01726687886
v -0.005654654 -0.005306723528 0.01819851995
v -0.005653734319 -0.004550355487 0.02247614413
v -0.005652092397 0.005138717592 0.01501583587
v -0.00565103488 0.005522879772 0.003245425643
v -0.005647365935 0.002441340126 0.005924897268
v -0.005645715632 -0.005681194831 0.002813277999
v -0.00564414775 -0.00568259228 -0.005267351866
v -0.005642963573 0.003776773578 0.02143621817
v -0.005642073229 -0.0004000010667 0.009439990856
v -0.005642073229 -0.0004000004265 0.008560003713
v -0.005640187301 -0.002376002725 0.01289477944
v -0.005639173556 0.003193542128 0.0152636962
v -0.005635344423 0.004966789391 0.01713315398
v -0.005634671077 0.001228637295 0.02295244671
v -0.005633051042 -0.004900583997 0.01525807194
v -0.005630739033 -0.003307445673 0.0126218088
v -0.005622865632 0.005094958004 0.01502571069
v -0.005622743163 0.004850728437 0.01608594134
v -0.005622409284 0.001206596498 0.02304585651
v -0.005620635115 0.002603552304 0.005819859449
v -0.005620422773 0.001012389897 0.02315147035
v -0.005617772695 0.001296378789 0.02295318618
v -0.00560861174 0.004955545068 0.01509614754
v -0.005606417544 0.006596904248 0.01150746457
v -0.00560535118 0.00695701642 0.004943842534
v -0.005605179351 0.005047526676 0.01504332479
v -0.005604435224 0.005013294518 0.02133890055
v -0.005602870602 -0.006599355489 0.01150746457
v -0.005601134617 0.00332165393 0.0143694859
v -0.005600290839 0.0009668992134 0.02318379655
v -0.00560026383 0.004999930505 0.01506733801
v -0.005600001197 0.002000000095 0.009000000544
v -0.0055999998 0.003487364622 0.008999551646
v -0.005599880125 0.003486136906 0.009019247256
v -0.005599598866 -0.005869043525 0.01802871749
v -0.005597988609 -0.005087935366 0.01572301425
v -0.005597773474 0.001470617019 0.02265031077
v -0.005595948547 0.005009053275 0.02137414925
v -0.005594766699 -0.004863327835 0.01525975205
v -0.005593506619 0.005031667184 0.02131093852
v -0.005592192058 -0.005619096104 0.003119244939
v -0.005587554537 0.005004710518 0.02140909433
v -0.005586365703 0.005702783354 0.01872683503
v -0.005584200844 0.004939866252 0.01712224074
v -0.005583947059 0.003391749691 0.01178308204
v -0.00558304321 -0.005011123139 0.02141143382
v -0.005582474638 -0.004621744622 0.0153440116
v -0.005582235754 0.0064570494 0.01353305951
v -0.005580629688 0.00271193916 0.005662658717
v -0.005578764714 -0.006459484342 0.01353305578
v -0.005577368196 0.001623625634 0.02238358743
v -0.005576430354 0.003501883242 0.009269280359
v -0.005575371441 0.001563825994 0.02259724215
v -0.005574420094 0.003542568767 0.008719571866
v -0.005573454779 0.001808320754 0.02183106542
v -0.005572441965 0.001675268635 0.02226934209
v -0.005571919028 0.005744174123 -0.005221731495
v -0.005570187699 0.0009931230452 0.02323007956
v -0.005568777677 -0.0004000626504 0.01299754716
v -0.005566859152 -0.003353484208 0.01505791862
v -0.005566798151 0.001841789228 0.021787351
v -0.005565765779 -0.004818799905 0.01526804734
v -0.005560411606 0.001874334062 0.02174265124
v -0.005557763856 0.001698616776 0.02234116942
v -0.005557348952 0.001863839105 0.02180624381
v -0.00555728469 0.0008697254816 0.02325283736
v -0.005557125434 -0.002823719056 0.01573160477
v -0.005556025077 0.006261002738 0.01553778816
v -0.005553615279 0.00174715952 0.02222444117
v -0.005552658346 -0.006263425574 0.0155377984
v -0.005552587099 0.0009548191447 0.02325767279
v -0.005551588722 0.002724424936 0.01253939699
v -0.005550693255 -0.00467361277 0.01532491948
v -0.005550000817 -0.0001792882686 0.008999999613
v -0.005550000351 0.0005207083886 0.009000000544
v -0.005548169371 0.003437380539 0.01347673684
v -0.005545834079 0.0009566264343 0.02325534634
v -0.005542107858 -0.004720734432 0.01530140452
v -0.005542098079 0.004899194464 0.01711624861
v -0.005540797021 0.0008324702503 0.02327930368
v -0.00553347962 -0.0004000013287 0.00988535583
v -0.00553347962 -0.000400000572 0.008114648052
v -0.005533440504 0.002749998588 0.005477225408
v -0.005532501731 0.005019950215 0.01534579694
v -0.005525496323 -0.003643961856 0.02115190402
v -0.005524193868 0.000924195163 0.02327778563
v -0.005521609448 0.0007891133428 0.0233100988
v -0.005518608727 0.005433541257 0.01556932181
v -0.005517115816 -0.004860508721 0.02113008499
v -0.005515399389 0.005038243253 0.02110356838
v -0.005512884352 0.004848206881 0.01711576059
v -0.005508626811 -0.005873787683 0.0182051938
v -0.005506435409 0.002927673981 0.02468849719
v -0.005504862405 -0.002930072369 0.02468848415
v -0.005502468906 -0.005115040578 0.0158619415
v -0.0055012987 0.003521296661 0.01162069477
v -0.005500775762 0.003588202642 0.009545673616
v -0.005500000436 -0.0004500003415 0.01700000092
v -0.005499999505 0.0004999994999 0.009000004269
v -0.005499999039 -0.0002000007662 0.009000003338
v -0.005499372259 0.004847725853 0.01715285704
v -0.005497185513 -0.0001792900002 0.009401175193
v -0.005497184116 -0.0001792892581 0.00859883707
v -0.005496227182 -0.003532190109 0.01370208897
v -0.005496114027 0.00601816969 0.01749642193
v -0.005492879078 -0.006020560861 0.01749641635
v -0.005486631766 0.003544033039 0.01155051775
v -0.005484020803 0.003685060423 0.008411335759
v -0.005483356304 -0.006997965742 0.006077846512
v -0.005479812622 0.002231575781 0.02498752065
v -0.005478611682 -0.002233957639 0.02498751134
v -0.005477935076 0.003371632658 0.01204482187
v -0.00547311129 0.003568447428 0.01112281159
v -0.005472243764 -0.000400001707 0.0098499991
v -0.005472243764 -0.0003999992041 0.008149997331
v -0.005471895449 0.004401492421 0.02310973778
v -0.005469723605 0.005406512879 0.01555980556
v -0.005469529424 -0.004403870087 0.0231097471
v -0.005467901472 0.003722628579 0.008373861201
v -0.00546772778 -0.0004000017361 0.01295943186
v -0.005467222072 -0.005896200426 0.01863284968
v -0.005459121894 -0.00584880216 0.02098501287
v -0.005456035025 0.000822044618 0.02334848233
v -0.005453804974 -0.005088799167 0.01585485972
v -0.005450000521 -0.0005000015371 0.01699999534
v -0.005449522287 -0.005844542757 0.002813276602
v -0.005448889453 -0.0001999999076 0.008611770347
v -0.005448888987 -0.0002000013192 0.009388224222
v -0.005447586998 0.007163572591 0.00263022352
v -0.005443736445 -0.007165935356 0.002630222356
v -0.005439989734 0.005105097312 0.0155891655
v -0.005439904984 0.001991508529 0.01282466389
v -0.005439672619 0.003505393164 0.01605794579
v -0.005435882602 -0.005278937519 0.01957381517
v -0.005433843471 -0.005130715668 0.02089568786
v -0.005433700513 -0.004999954253 0.02089517936
v -0.005428830162 0.005367364269 0.01555683464
v -0.005428433884 0.004190094769 0.02085706778
v -0.00542813167 -0.004779070616 0.01585004665
v -0.005427470896 0.005059115589 0.02085355483
v -0.005420710891 0.0006499994197 0.009000000544
v -0.005420496687 0.003619858297 0.01152460556
v -0.005419702269 0.002249998506 0.006038106512
v -0.005419701803 -0.00325000193 0.006038106047
v -0.005417369306 0.003161729081 0.01578518562
v -0.00541699538 0.003643344156 0.01170485653
v -0.005416783039 0.005560726393 0.01607037149
v -0.005414085463 -0.005049817264 0.01585290208
v -0.005407406483 -0.005888029002 0.01861966774
v -0.005405136384 0.00370247988 0.009752403945
v -0.005400521215 -0.003893982153 0.02079633065
v -0.005400001071 0.0005999989226 0.008999993093
v -0.005399619229 -0.005149465986 0.02079463378
v -0.005399391055 0.005319173913 0.01556073036
v -0.005397195462 0.005160649773 0.0156077221
v -0.005395597778 0.0007219469408 0.02335030772
v -0.00539539475 0.005731384736 0.01934264228
v -0.00539524341 -0.003499999875 0.005975738168
v -0.005392618012 0.003661631839 0.01515186112
v -0.005392340478 0.002000000095 0.00977499783
v -0.005392339546 0.001999998232 0.008225004189
v -0.005392278079 0.003714746796 0.009775120765
v -0.00539143756 0.003881051205 0.008223439567
v -0.005390628241 0.0006554457941 0.02338709682
v -0.00538831111 0.007014376577 0.007314442657
v -0.005388150457 0.003699997673 0.01392067969
v -0.005388053134 0.003594773589 0.01606374234
v -0.005385611672 -0.002992654452 0.01278331596
v -0.005385019351 -0.005001869518 0.01585567929
v -0.005384540185 -0.007016710471 0.007314441726
v -0.005384440534 0.003699999768 0.01444965415
v -0.005383915268 -0.005390416365 0.02071138285
v -0.005383660085 0.005265732761 0.01557114348
v -0.00538284285 0.005211459473 0.01558720786
v -0.005381196737 0.003700013272 0.01365185063
v -0.005378840026 -0.004841957241 0.01588876173
v -0.005378431175 -0.005099222995 0.02069079131
v -0.005377812311 -0.005167459138 0.02068845369
v -0.005376834422 0.002468113089 0.01565202139
v -0.005373285618 -0.00368514494 0.01567474194
v -0.005369297694 0.003699998837 0.01513904613
v -0.005367962178 0.003737893654 0.00981581118
v -0.005366026424 -0.000450001331 0.01750000007
v -0.005366025027 -0.0004500026116 0.0165000055
v -0.005365685094 -0.004894167185 0.01587398909
v -0.005365079734 0.003591086948 0.02428820729
v -0.005363150034 -0.003593407106 0.02428820729
v -0.00535838725 -0.005215610843 0.01647222601
v -0.005358078517 -0.001499381964 0.01291102543
v -0.005357303657 0.0007230819901 0.01291067991
v -0.005356245209 0.005594730843 0.01627825946
v -0.005350868683 0.003697596723 0.01149840001
v -0.005347929895 -0.005876747426 0.0205747243
v -0.005345466081 -1.153650601e-06 0.0252416227
v -0.005342340562 -0.0001792881085 0.009774996899
v -0.005342340097 0.0005207085633 0.00977499783
v -0.005342339631 -0.0001792901166 0.008225003257
v -0.005342339631 0.0005207101349 0.008225004189
v -0.005338811781 0.0008106154273 0.01290251873
v -0.005338302348 0.00508872373 0.01843034476
v -0.005337938666 0.007010697853 0.008225851692
v -0.005336236209 0.005565641914 0.01614450477
v -0.005334664602 -0.007477743551 -0.005076997913
v -0.005332979839 0.004919726867 0.01774240658
v -0.005329931155 0.0007353228284 0.02340026386
v -0.005328416824 -0.003683011979 0.005805359688
v -0.005327703431 -0.003371596104 0.0156303402
v -0.005325696897 0.005481741391 0.02054112777
v -0.005323469173 0.003699999535 0.01607373543
v -0.005322725046 -0.0005000001402 0.01747499965
v -0.005322724115 -0.0005000004894 0.01652499661
v -0.005321864039 -0.005198860075 0.02047442459
v -0.005321640521 -0.005262953695 0.01692741737
v -0.005315141752 0.005073713604 0.01828865521
v -0.005312281661 -0.004065060522 0.02052314021
v -0.005308433436 -0.005189105403 0.01646402851
v -0.005308145657 -0.004182260949 0.02370045707
v -0.005303797312 0.005648825783 0.01998114772
v -0.005300001241 -0.0002499991388 0.01699999347
v -0.00530000031 0.0009207096882 0.01700000279
v -0.005299038254 -0.0002000022505 0.009750002995
v -0.005299038254 0.0004999979865 0.009750003926
v -0.005299038254 0.0005000005476 0.008250004612
v -0.005299037788 -0.000199999733 0.008250003681
v -0.005297954194 -0.004470322747 0.01879892312
v -0.005297547672 0.004444456659 0.02035888657
v -0.005295295268 0.0037000007 0.01176172122
v -0.005293949507 -0.006991687696 0.009287717752
v -0.00529082166 0.0006131771952 0.02340896986
v -0.005285085179 0.005538729951 0.01613360643
v -0.005284656771 -0.005273746327 0.01710014977
v -0.005280853715 0.004075829405 0.008057926781
v -0.005273575429 -0.006965596694 0.0100652203
v -0.005271914415 -0.004887424875 0.0165074598
v -0.005270539317 -0.004777351394 0.01731637307
v -0.005268878769 0.004226808436 0.02367297001
v -0.005268221255 -0.005148833152 0.01645959355
v -0.005266935565 0.005398554727 0.02097516879
v -0.005264032632 -0.005400821101 0.02097517624
v -0.005262465216 0.003700000932 0.0159406811
v -0.005261757877 0.005045718513 0.01827537082
v -0.005261275917 0.003878664924 0.01489656046
v -0.005258796271 -0.003899880685 0.01246795803
v -0.005255840719 -0.003915890586 0.01492414623
v -0.00525208097 -0.0004000017943 0.007747924421
v -0.00525208097 -0.0004000015033 0.01025208365
v -0.005250297021 0.006889347918 0.01158364117
v -0.005250000861 -0.0003000019642 0.01700000279
v -0.005250000861 0.000900000392 0.01700000651
v -0.005247036926 0.003969105892 0.008415400982
v -0.005244189873 0.004945171066 0.01807322912
v -0.005243097432 0.0006084300112 0.0234113615
v -0.005242971238 0.005498068407 0.0161276143
v -0.005241208244 0.005622090306 0.02026292868
v -0.00523953978 -0.004932593089 0.01647776738
v -0.005239490885 -0.005098917056 0.01645882614
v -0.005237128586 -0.003750000382 0.005572620314
v -0.005232958589 0.004537894391 0.02023585327
v -0.005230994429 0.003925684839 0.01337576006
v -0.005230371375 0.0006499981973 0.009710359387
v -0.005230371375 0.0006499996525 0.00828964822
v -0.005228120834 0.0007155423518 0.02341135591
v -0.005223975051 -0.005043485668 0.01646166481
v -0.005223412998 -0.004986668006 0.01646799967
v -0.005222211126 0.006766433828 0.01337865554
v -0.005221224856 0.005278347991 0.01615661569
v -0.005218811799 0.00500242319 0.01826559938
v -0.005218571052 -0.006768677849 0.01337867044
v -0.005213996395 0.005111340433 0.01729159802
v -0.005213744007 0.005447087809 0.01612712629
v -0.00521243643 0.0006000009016 0.00829999987
v -0.005212435964 0.0005999985733 0.009699998423
v -0.005202295259 0.00533222314 0.01614226215
v -0.00520208152 -0.0004000017361 0.01020208187
v -0.005202080123 -0.0004000018234 0.007797923405
v -0.005199807696 0.005390112288 0.01613217965
v -0.005199105013 -0.006695485674 0.01425866317
v -0.005194056313 0.004636047874 0.0199383162
v -0.005193976685 0.00224999967 0.006143291015
v -0.005193798803 -0.005878560711 0.01936485246
v -0.005192821845 0.0009207105031 0.01660000719
v -0.005192820914 -0.0002500018745 0.01740000397
v -0.005192820448 -0.0002500014962 0.01659999602
v -0.005192820448 0.0009207085823 0.01740000024
v -0.005192756653 0.005103090312 0.01897100359
v -0.005189605523 -0.00604440039 -0.004986489657
v -0.005183683243 -0.005241297651 0.02009239607
v -0.005179822445 0.003256475087 0.01238330174
v -0.005177656654 -0.005901003722 0.01988990046
v -0.005175782368 0.002441340126 0.006109862123
v -0.005162795074 0.007189022843 0.006271477323
v -0.005161910318 0.003994586412 0.01543432381
v -0.00515892962 -0.007191231009 0.006271486636
v -0.005155859049 0.003934344277 0.01008612011
v -0.005154871382 0.003700000467 0.01198329125
v -0.005154861137 0.002530541737 0.01270030625
v -0.005153127946 0.005278217141 0.01653865911
v -0.005149520002 -0.0003000014403 0.01662500389
v -0.005149519537 -0.0003000006836 0.01737500355
v -0.005149519537 0.000899997307 0.01662500575
v -0.005149519071 0.0008999980637 0.01737500727
v -0.005146039184 -0.005895702634 0.01975734718
v -0.005145628937 0.005280875135 0.01656655595
v -0.005143963732 0.003923634999 0.0124640502
v -0.005142565351 0.002920384519 0.02476779744
v -0.005140995607 -0.002922583837 0.02476780303
v -0.005140813068 0.00510381721 0.01971301436
v -0.005138653796 0.006528503727 0.01596426591
v -0.005135144107 -0.006530698389 0.01596426219
v -0.00512397429 0.002603553236 0.006014659535
v -0.005122578237 0.004034866579 0.0156190861
v -0.005120221525 -0.004111057613 0.01357813366
v -0.005118046422 -0.005868578795 0.01963709854
v -0.005108188372 0.004087092355 0.01503556222
v -0.005096016452 -0.0001792896801 0.007903980091
v -0.005096014123 -0.000179290495 0.010096021
v -0.00509200152 -0.005290674511 0.01768870838
v -0.005091856234 0.007503197994 -0.001030271291
v -0.00508782221 -0.00750537077 -0.001030259067
v -0.005086461082 -0.003249999136 0.006206223741
v -0.005085831042 -0.004484678619 0.01973675936
v -0.005083213095 0.005048136227 0.02231450565
v -0.005081740674 0.00715311151 0.008154732175
v -0.005081692245 0.007616167422 -0.004916395061
v -0.005081689451 0.003699999303 0.01569102146
v -0.005080498289 -0.005050303414 0.02231451124
v -0.005077894777 -0.007155278232 0.008154734038
v -0.005076398607 0.004078358877 0.01581961848
v -0.005074080545 0.005105899647 0.01942168362
v -0.00507071102 0.001149998512 0.01700000651
v -0.005067984574 0.00498140417 0.01873591542
v -0.005060661118 -0.0001999987144 0.01006065588
v -0.005060659721 -0.0002000009408 0.007939334959
v -0.005060038529 -0.003569134977 0.01264116261
v -0.005056637805 -0.005275457632 0.01962741464
v -0.00505520869 -0.004948729649 0.01751944423
v -0.005052242428 0.006380758714 0.01727875695
v -0.005050840322 -0.003499998245 0.006149488501
v -0.0050500012 0.001099998015 0.01699999906
v -0.0050464347 0.002711938461 0.005872187205
v -0.005045651924 0.005096957553 0.019296268
v -0.005043600686 0.004417168442 0.007810349111
v -0.005042389967 0.007074865513 0.01010529511
v -0.005040897056 -0.005262980238 0.01767789945
v -0.005039219745 0.005687652156 0.01744168997
v -0.005038587376 -0.007077012677 0.01010528952
v -0.005037756171 -0.004210917745 0.01552793663
v -0.00503618177 -0.003883930389 0.01550165191
v -0.005021878053 0.005072636995 0.01918846183
v -0.005021868739 0.00368168694 0.01562063303
v -0.005021355581 -0.006341722794 0.01761296764
v -0.005017953925 0.004142764024 0.01162010618
v -0.005016878247 0.001790385693 0.01276042312
v -0.005016054958 0.005672644824 0.01730001532
v -0.005011678673 -0.002605415415 0.01275812369
v -0.005000649486 -0.005220516585 0.01766990311
v -0.00500000082 -0.0004500016221 0.0161339771
v -0.004999999423 -0.0004500016512 0.01786602475
v -0.004999738652 0.004921530373 0.01937613823
v -0.004994250368 0.00115000084 0.01671464555
v -0.004994249903 0.001149998745 0.0172853563
v -0.004989177454 0.004992227536 0.01903899945
v -0.004982677754 -0.004995830823 0.01767161116
v -0.004976314958 0.001099998364 0.01672499813
v -0.004976314958 0.001099999179 0.01727499627
v -0.004974999931 -0.0005000014789 0.01617727987
v -0.004974999931 -0.0005000008387 0.01782272011
v -0.0049739182 0.005991625134 0.003443741938
v -0.004972979426 -0.005167924333 0.01766501553
v -0.004964284133 -0.004270255566 0.01234698761
v -0.004962664563 0.005644667894 0.01728671789
v -0.004962270148 -0.005050937645 0.0176655855
v -0.004959613085 -0.005109847523 0.01766347699
v -0.004958703183 0.006207565311 -0.004836439621
v -0.004957287572 0.005692230072 0.019205736
v -0.004954971839 0.002750000916 0.005704110954
v -0.004954000004 0.007435250096 0.002815697808
v -0.004953520373 -0.003683013376 0.005994493607
v -0.004950002767 -0.007437352557 0.002815703396
v -0.004948423244 0.006815795787 0.0140267387
v -0.004946007393 0.00194091443 0.01272914186
v -0.004944758955 -0.006817892194 0.01402673777
v -0.004938169383 -0.0027652469 0.01272567734
v -0.004934845027 0.003699998138 0.01215381734
v -0.004934295081 0.00316850259 0.01545668114
v -0.004925789312 0.004165107384 0.02395165339
v -0.004923549015 -0.00416719215 0.02395165525
v -0.004919706378 0.005601387005 0.01727694646
v -0.004913313314 0.005369518418 0.01728563383
v -0.004904310685 0.004150143825 0.01029338688
v -0.004900001921 -0.0002500001574 0.0163071733
v -0.004900000989 0.0009207086405 0.01630718261
v -0.004900000524 -0.0002500001283 0.01769281738
v -0.004900000524 0.0009207103285 0.01769281365
v -0.004899400286 0.004221044481 0.01398099121
v -0.004893733654 0.005702052265 0.01798213087
v -0.004891955759 -0.004413915332 0.01478437241
v -0.00489153387 0.005546812434 0.01727171615
v -0.004891322926 -0.004351856653 0.01231729239
v -0.00488807587 0.005425024778 0.01727624051
v -0.004885355942 -0.0004000004847 0.01053347811
v -0.004885355476 -0.0004000000772 0.007466514595
v -0.004885320552 0.004632692318 0.023395814
v -0.004880678374 0.005486028269 0.01727148704
v -0.004876798019 0.004219147377 0.01660914347
v -0.004875612911 -0.005302034318 0.01890124753
v -0.004875000566 -0.0002999999851 0.01635047793
v -0.004875000566 -0.0002999993158 0.0176495146
v -0.004875000566 0.0008999987622 0.01635048166
v -0.004875000101 0.0008999994025 0.01764951646
v -0.004869726021 0.004363215994 0.01326957066
v -0.004860939458 0.006095852237 0.01930489205
v -0.004857662134 -0.006097901613 0.01930489577
v -0.004850001074 0.0006500002928 0.008999994025
v -0.004850000609 -0.0003999987093 0.007527755108
v -0.004849999677 0.001999999397 0.009000000544
v -0.004849999212 -0.0003999990877 0.01047224645
v -0.004846694414 -0.004891914316 0.01877974533
v -0.00484086806 -0.006285666954 0.001508012298
v -0.00483746035 -0.005292570684 0.01874077506
v -0.00482654525 0.004673114046 0.007658547722
v -0.004825090524 0.004213937558 0.01034229249
v -0.004825002048 0.002000001026 0.007657655515
v -0.004825000186 0.002000001725 0.01034233626
v -0.004824273288 -0.005120627582 0.01868395135
v -0.004822177347 0.006647721399 0.01590419188
v -0.0048205778 -0.003749998985 0.005782771856
v -0.004818602465 -0.006649747491 0.01590419933
v -0.00481769396 -0.005271993577 0.01865572855
v -0.004812736064 0.007345077116 0.006402749568
v -0.004811967257 -0.004948681686 0.01862652786
v -0.004810647573 0.003027633997 0.01255061384
v -0.004808786791 -0.007347099483 0.006402745377
v -0.004799241666 0.003700000234 0.01544720586
v -0.004795704968 0.006404271349 0.0177589152
v -0.004792263731 -0.006406284869 0.01775890961
v -0.004790261853 -0.0032500003 0.006433334667
v -0.004790260457 0.002250000602 0.006433335133
v -0.004790124018 -0.005212523043 0.01853570901
v -0.004788051359 0.004463377409 0.01491822582
v -0.004786004778 0.00610324787 0.001390371355
v -0.004785357043 0.001149998861 0.0174942445
v -0.004785356577 0.001150000724 0.01650574803
v -0.004785048775 -0.005008093081 0.01851321384
v -0.004779049661 0.003699998371 0.01222078875
v -0.004777491558 0.003562135156 0.02446929924
v -0.004776891787 -0.005147736054 0.01847750694
v -0.004776092246 -0.005056981463 0.01847387291
v -0.004775575362 -0.003564138198 0.02446930856
v -0.004775493871 0.005704899784 0.01843304187
v -0.004775001202 0.001100000925 0.01747631095
v -0.004775000736 -0.0001792909316 0.007657654118
v -0.00477500027 0.001099998597 0.01652369276
v -0.004774999339 -0.0001792902185 0.01034233533
v -0.004774999339 0.0005207097274 0.007657655049
v -0.004774999339 0.0005207100185 0.01034233626
v -0.004773991648 -0.005101460032 0.01846464537
v -0.004772238899 0.0007734600222 0.02515590563
v -0.004771821201 -0.000775462715 0.02515590191
v -0.004771415144 0.005943696015 0.02013736218
v -0.00476981001 0.007164306473 0.01020590682
v -0.004768707324 0.0003880348522 0.0251650326
v -0.004768498708 -0.0003900359734 0.02516502701
v -0.004765959457 -0.007166305557 0.01020590309
v -0.004764481913 -9.970646034e-07 0.02516698837
v -0.004764385521 0.002441341756 0.006405428518
v -0.004763811827 -0.004758737516 0.02329070866
v -0.004749999847 0.0004999978119 0.007700967602
v -0.004749999382 -0.0002000024833 0.007700966205
v -0.004749999382 -0.0002000011445 0.01029903907
v -0.004749999382 0.0004999990924 0.01029904
v -0.004748144653 -0.005907457322 0.0203232374
v -0.00474754069 0.004382429179 0.01549884304
v -0.00474676583 0.005696161184 0.01830779389
v -0.004744719248 -0.003499999177 0.006384214852
v -0.004743310157 0.004257098772 0.01722675934
v -0.00473612221 0.001999999629 0.0094249947
v -0.004736121744 0.001999998931 0.00857499335
v -0.004736120813 0.000649998663 0.008575001732
v -0.004736120813 0.0006499992451 0.009425003082
v -0.004734611604 0.004768785089 0.007609392051
v -0.004733896349 0.005517786369 0.01825014316
v -0.004723574966 0.001531046466 0.02509678341
v -0.004722752143 -0.001533023547 0.02509677224
v -0.00472173281 0.005339418072 0.01819195971
v -0.004720181227 0.005667784251 0.01818788052
v -0.004710355774 0.0006499987212 0.01023037825
v -0.004710355308 0.0006499980227 0.007769628428
v -0.004706452601 0.004505738616 0.00842323713
v -0.004700114951 0.005381354131 0.01809675246
v -0.004700000864 0.0006000011344 0.007787558716
v -0.004699999932 0.0005999989226 0.01021242887
v -0.004694010131 0.006882885005 0.0141050797
v -0.004692899529 0.006379693281 0.002813275438
v -0.004690697417 0.002603552304 0.006325941533
v -0.004690309986 -0.006884844042 0.01410507411
v -0.004690261092 0.006381353363 -0.004659750033
v -0.004689852241 0.005777413957 0.02089226618
v -0.004689516965 0.005588771775 0.01804784313
v -0.004684944171 0.005443362519 0.01802696474
v -0.004684893414 -0.007807498332 -0.004659528378
v -0.004684669897 -0.004616414197 0.01344724
v -0.004681911319 0.005534906872 0.01801287197
v -0.004680964164 0.005488497671 0.01800854877
v -0.00467629591 0.005747452378 0.02101590671
v -0.004673206247 -0.005749402102 0.02101589553
v -0.004672898911 0.004414014984 0.01664437354
v -0.00467213057 -0.004337987863 0.01534096058
v -0.004667713307 0.00209902646 0.01260629576
v -0.0046677012 0.002099027392 0.0144827906
v -0.004666772671 -0.004094085656 0.01247007493
v -0.00466652913 -0.002300973749 0.01260577049
v -0.004666517954 -0.002300970722 0.01448279247
v -0.004641069099 0.003699997906 0.01225739717
v -0.004635499325 0.0005999988061 0.009000004269
v -0.004635498859 -0.002400000347 0.009000002407
v -0.004635170568 0.00421524886 0.01803126931
v -0.004634923302 0.007829413749 -0.004622617271
v -0.004629527684 0.002488511847 0.01258944254
v -0.004623944405 0.006193700712 0.003538619494
v -0.00462029269 -0.003683013842 0.006250002421
v -0.004618324339 -0.004700001795 0.01395933423
v -0.004614376929 -0.004700000864 0.01534902491
v -0.004603210837 0.00646015536 0.01766525209
v -0.004599737003 -0.006462064106 0.01766526327
v -0.004594350699 0.004379214719 0.01707524993
v -0.004589047749 0.006212472916 0.003547897795
v -0.004582131281 0.002678316785 0.01444495935
v -0.004580414388 0.002711940557 0.006206989288
v -0.004578950349 0.00226181373 0.02496555448
v -0.00457840506 0.004610036034 0.01570245065
v -0.004577734973 -0.002263710834 0.02496555075
v -0.00456819823 0.00458336575 0.01153017208
v -0.004567638505 0.006171394605 0.01942356117
v -0.004567631055 0.006710082293 0.01596336067
v -0.004564319737 -0.006173280533 0.01942356117
v -0.004564023111 -0.006711974274 0.01596336253
v -0.004561333451 0.004423644859 0.01235421747
v -0.004561084323 0.004412230104 0.01046343334
v -0.004557327367 0.004665611777 0.02352395467
v -0.004555858672 0.005446782801 0.02207072079
v -0.004554820713 -0.00466749398 0.02352394909
v -0.004551337566 0.004115631338 0.01896701194
v -0.004550528713 0.005431417376 0.02211582847
v -0.004550359212 0.000600000436 0.008682245389
v -0.004550358746 -0.002399998717 0.008682243526
v -0.004550358281 0.0005999977002 0.009317754768
v -0.004550357349 -0.002400001511 0.009317752905
v -0.004545289092 0.005415869877 0.0221606046
v -0.004542727489 -0.002993173432 0.01255111583
v -0.004542715382 -0.00299317413 0.01442822721
v -0.004539019428 -0.004699999932 0.0121755125
v -0.004533790518 -0.005390950479 0.02223573811
v -0.004528712016 -0.006478173658 -0.00455324119
v -0.004512364976 0.002872930374 0.01252728049
v -0.004511936568 0.005056451075 0.02296596766
v -0.004509218037 -0.005058308598 0.02296597883
v -0.00450336514 0.005106480792 0.0228780359
v -0.004500001669 0.001150000957 0.01757071167
v -0.004500001203 -0.0004500016803 0.0179999955
v -0.004500001203 0.0009207089315 0.01780000143
v -0.004500001203 0.001099998248 0.01755000278
v -0.004500001203 0.001149997814 0.01642929018
v -0.004500001203 0.001149999443 0.01700000092
v -0.004500000738 0.000900000101 0.01775000617
v -0.004500000272 -0.0005000004312 0.01795000769
v -0.004500000272 -0.0003000022552 0.01775000244
v -0.004500000272 -0.0002999997232 0.01625000313
v -0.004500000272 0.0009207116673 0.01620000042
v -0.004500000272 0.001100000809 0.01645000651
v -0.004499999806 -0.0005000015371 0.01605000161
v -0.004499999806 -0.0004500006035 0.01600000449
v -0.004499999806 0.000899998995 0.01625000685
v -0.004499999341 -0.0002500023984 0.01620000601
v -0.004499999341 -0.0002500011178 0.01780000702
v -0.004499999341 0.001099997899 0.01700000465
v -0.004489494488 0.00506101083 0.02297268063
v -0.004475540482 0.00224999967 0.006630949676
v -0.004475540016 -0.003250000766 0.006630948745
v -0.004468244035 0.004742792808 0.01316095516
v -0.004461644217 0.002441343386 0.006595514715
v -0.00445829425 -0.000400001707 0.01071037818
v -0.004458292853 -0.0004000010667 0.007289630361
v -0.004451081622 -0.003499998711 0.006568580866
v -0.004450326785 -0.003749997821 0.006066664122
v -0.004450325854 0.002749999519 0.00606666971
v -0.004441081546 -0.00358145847 0.0125062624
v -0.00443999283 -0.0004000001645 0.007357926574
v -0.004439992364 -0.0004000002809 0.01064207219
v -0.004438772798 0.003956575412 0.02035508677
v -0.004434615374 0.00478423154 0.01480328199
v -0.004429115914 0.004147611093 0.02407972328
v -0.004426885862 -0.004149428103 0.02407972328
v -0.004425000865 0.0006500009331 0.009736118838
v -0.004425000399 0.002000001026 0.008263872005
v -0.004424999468 0.0006500007585 0.008263881318
v -0.004424999468 0.002000000095 0.009736125357
v -0.004422065802 0.002603553934 0.006494620349
v -0.004413724877 0.007921670564 -0.004471231252
v -0.004412728362 0.003473969409 0.01237818599
v -0.004409831949 0.00506120082 0.007492351811
v -0.004401169252 -0.0001792895928 0.0104971854
v -0.004401168786 -0.0001792896801 0.007502821274
v -0.004391646944 0.007822398096 -0.0007292933296
v -0.004388229456 -0.0001999996457 0.0104488926
v -0.00438822899 -0.0002000004461 0.007551117335
v -0.004387442488 -0.007824195549 -0.0007292902446
v -0.00438425364 -0.003683012445 0.006398217287
v -0.004382473417 0.00295004691 0.02475625463
v -0.00438088784 -0.002951837378 0.0247562509
v -0.004367436282 0.007680386305 0.003063175594
v -0.004364943597 0.00462857727 0.01384996716
v -0.004363306332 -0.007682168856 0.003063173266
v -0.004362835083 0.002711938927 0.006343601272
v -0.004356729798 -0.007944277488 -0.004436219577
v -0.004348270129 0.0065170452 0.01769494079
v -0.00434796419 0.003700000467 0.01519787963
v -0.004344767891 -0.006518814713 0.01769492961
v -0.004341125023 0.00588984834 0.02087376639
v -0.004338250961 0.003886237508 0.02118574642
v -0.004337959457 -0.005891615059 0.02087377198
v -0.004337702878 0.004246522207 0.01892246678
v -0.004327152856 0.006238575559 0.01927588321
v -0.004323799629 -0.006240338087 0.0192758888
v -0.004321815912 0.005084535573 0.02299124002
v -0.004319083877 -0.005086292513 0.02299122699
v -0.004317750689 0.0005999988643 0.009550358169
v -0.004317750689 0.0006000006688 0.008449641056
v -0.004317750223 -0.002400000347 0.009550357237
v -0.004317749757 -0.002399998484 0.008449639194
v -0.004310037009 0.003240974853 0.01242022961
v -0.004297984764 0.006607537158 -0.004391875118
v -0.004295069724 0.003699999303 0.01228231657
v -0.004292966798 0.002750001615 0.006165469997
v -0.004292965867 -0.003750000848 0.006165478379
v -0.004292343743 -0.003767732531 0.01244060509
v -0.004279250745 0.003284011036 0.01431118976
v -0.004266688135 0.004705087747 0.01536547672
v -0.004233094864 -0.004699999467 0.01514716726
v -0.004230536055 0.004624454305 0.01081584767
v -0.004225001205 0.001099999761 0.01652368344
v -0.004225001205 0.00110000046 0.01747631654
v -0.004221459851 0.00374823343 0.02256538346
v -0.004214645829 0.001149999909 0.01650575548
v -0.004214644432 0.001149998512 0.01749425195
v -0.004212777596 -0.004557535518 0.01227332838
v -0.004203495104 0.004647259135 0.01054250356
v -0.004194657318 0.005541936029 0.02206368558
v -0.004191678017 -0.005543625914 0.02206368558
v -0.00419111317 -0.00666365074 0.0001146175346
v -0.004188659135 0.005332274362 0.02256134711
v -0.004187576007 -0.006665491033 -0.004316729028
v -0.004185790662 -0.005333961919 0.02256134897
v -0.004175721668 -0.004699937534 0.01220935956
v -0.004175320268 0.003716886044 0.02297563851
v -0.004161018878 0.003722770838 0.02300785296
v -0.004158711061 0.00358737912 0.02445800975
v -0.004156782757 -0.003589052707 0.0244580023
v -0.004156082869 -0.005103630945 0.02299507335
v -0.004154162481 0.0046249507 0.01696330495
v -0.004145018291 0.004668134265 0.02358565852
v -0.004142506048 -0.004669799935 0.02358567156
v -0.004131172318 0.004482148215 0.01862602122
v -0.004125001375 0.0009000013233 0.01635048166
v -0.004125000909 -0.0003000010329 0.01635047607
v -0.004125000909 -0.0003000003635 0.01764951274
v -0.004125000443 0.0008999983547 0.01764951646
v -0.004116823431 0.003745122347 0.02305845357
v -0.004110393114 -0.003499998478 0.006633006968
v -0.004110392649 0.002249999437 0.006699994206
v -0.004110392649 0.002441344084 0.006661933847
v -0.004110392183 -0.003250000998 0.006699993275
v -0.004110392183 0.002711938927 0.006391344592
v -0.004110391717 -0.00375000108 0.006200000644
v -0.004110391717 -0.003683014307 0.006450000685
v -0.004110391717 0.002603553003 0.006553552113
v -0.004110391717 0.002749999985 0.006200007163
v -0.004108058754 0.006448232569 -6.350238982e-05
v -0.004100002348 0.0009207119001 0.01630717516
v -0.004100000951 0.0009207119583 0.01769281924
v -0.00410000002 -0.0002500021365 0.01769282296
v -0.004099999554 -0.0002500017581 0.01630717888
v -0.004097070545 0.004685982596 0.01748877019
v -0.004084293731 0.004119816702 0.02103321627
v -0.004080364481 -0.003715030383 0.01234703884
v -0.004080353305 -0.003715029219 0.01422422566
v -0.004079535138 0.004987821449 0.008420006372
v -0.004073611461 0.004957646132 0.01143718138
v -0.004066733178 0.006288907956 0.01927063055
v -0.004063891713 0.006467783358 0.003538620658
v -0.004063352011 -0.006290532649 0.01927062683
v -0.004060533829 0.005959439557 0.02070763893
v -0.004057329148 -0.005961053073 0.0207076408
v -0.004053545184 0.006464257836 0.003710282734
v -0.004051750526 0.00504516298 0.01469416358
v -0.004051594064 0.004736142233 0.01055006962
v -0.004050001036 0.005316454917 0.007449998986
v -0.004050000105 0.001999999397 0.01054999884
v -0.004050000105 0.002000000561 0.007449997589
v -0.004043034278 0.003551689209 0.01229224633
v -0.004030725919 0.005057625007 0.01305268891
v -0.004025001079 -0.0004999994999 0.01617727429
v -0.004024999682 -0.0005000005476 0.01782272942
v -0.004023687448 0.001100001624 0.01672499813
v -0.004023686983 0.001099998713 0.01727499627
v -0.004012334626 -0.001612606109 0.02497194521
v -0.004007425159 0.004890416749 0.01645390131
v -0.004005751107 0.001150000375 0.01671464369
v -0.004005750641 0.001149998396 0.01728535444
v -0.004003000446 0.001905199955 0.02493464574
v -0.004000627436 0.0008891650941 0.02501995675
v -0.004000000656 0.0006499987794 0.007579294033
v -0.004000000656 0.0006500004092 0.008150004782
v -0.00400000019 -0.002781848423 0.009000000544
v -0.00400000019 -0.002400001278 0.009635502473
v -0.00400000019 -0.002400001045 0.008364498615
v -0.00400000019 -0.0004500006617 0.01786602475
v -0.00400000019 -0.0003999999608 0.01070000697
v -0.00400000019 -0.0001792889088 0.01054999791
v -0.00400000019 0.0005207113572 0.01054999884
v -0.00400000019 0.001999998698 0.009849998169
v -0.00400000019 0.002000001026 0.008149995469
v -0.003999999724 -0.000450000196 0.01613397524
v -0.003999999724 -0.0004000017943 0.01077071205
v -0.003999999724 -0.0001792876719 0.007449996658
v -0.003999999724 0.0005999988061 0.01039999444
v -0.003999999724 0.0005999998539 0.007599995937
v -0.003999999259 -0.00040000031 0.007229296491
v -0.003999999259 -0.0002000003296 0.007500002161
v -0.003999999259 0.0004999999073 0.007500003092
v -0.003999999259 0.0005207089707 0.007449997123
v -0.003999999259 0.0005999983987 0.009635504335
v -0.003999999259 0.0005999986315 0.008364500478
v -0.003999999259 0.0006499998854 0.0104207173
v -0.003999998793 -0.0004000021436 0.007300002035
v -0.003999998793 -0.0002000013628 0.01050000265
v -0.003999998793 0.0004999989178 0.01050000358
v -0.003999998793 0.0006499983137 0.009850006551
v -0.003972770646 0.005115022883 0.02297371067
v -0.003965771757 -0.0006090865936 0.02502278239
v -0.003957939334 -0.008087181486 -0.004151544068
v -0.003950000275 0.001099999063 0.01699999534
v -0.003948099446 0.004100692924 0.02117851563
v -0.003945166711 0.004169268534 0.02406066097
v -0.00394292362 -0.004170823842 0.02406066842
v -0.003929289989 0.001150000724 0.01699999347
v -0.003923239652 0.003853189759 0.02315680496
v -0.003916949034 0.004817893263 0.01224160846
v -0.003916941583 0.004433097318 0.01886554062
v -0.003916093148 -0.002874543658 0.02471578121
v -0.003902982222 0.005101816263 0.008418523706
v -0.003893800313 0.003032940906 0.02466154471
v -0.003877094947 0.005596960429 0.02193854377
v -0.003874086309 -0.005598479416 0.02193854935
v -0.003873793175 0.004832473118 0.01054005604
v -0.00386713515 0.003699998371 0.01221437473
v -0.003867123509 0.003700000467 0.01412921399
v -0.003862167709 0.0002131264482 0.02500837296
v -0.003860037774 0.005122453906 0.02295525186
v -0.003856666153 0.005079940893 0.01549787261
v -0.003850481939 0.0008999977726 0.01737500541
v -0.003850481007 -0.0003000012948 0.01662500203
v -0.003850480542 -0.0003000005381 0.01737500168
v -0.003850480542 0.0008999974234 0.01662500575
v -0.003842527745 0.005375518464 0.02247446775
v -0.003839637851 -0.00537701929 0.02247446589
v -0.003833541647 -7.491902921e-07 0.02500324696
v -0.003822866827 -0.006841305643 -0.004052551463
v -0.003817122895 0.005448443815 0.007467595395
v -0.003807180095 -0.0002500020491 0.01660000719
v -0.003807180095 0.0009207084076 0.0166000016
v -0.003807179863 -0.0002500003902 0.01740000024
v -0.00380717963 0.0009207100957 0.01739999466
v -0.003803796368 0.007424467709 0.01056791097
v -0.003799805883 -0.007425946184 0.01056790259
v -0.00379298022 -0.00469995616 0.01215955336
v -0.003783757798 0.004932635929 0.01372238249
v -0.003780381754 -0.003620586358 0.02439999208
v -0.003780213185 0.006003446411 0.02067073248
v -0.003779430408 0.004687935114 0.02355362475
v -0.003776986152 -0.00600491371 0.02067073807
v -0.003776911413 -0.004689403344 0.0235536173
v -0.003769484116 0.00710144639 0.01442757342
v -0.003765666625 -0.00710290717 0.01442756597
v -0.003759526415 -7.295249134e-07 0.02498799004
v -0.003752251156 0.004060157575 0.02296874486
v -0.003749999916 -0.0003000000434 0.01700000279
v -0.003749999451 0.000899998704 0.01700000651
v -0.003749033902 0.004930450115 0.01524506602
v -0.003746912349 0.007679468952 0.006830221973
v -0.003742784029 -0.007680917624 0.006830220576
v -0.003732458688 0.003846741514 0.02426622435
v -0.003728699638 0.008158606477 -0.003976125736
v -0.00372164906 0.0040165307 0.0231413953
v -0.003714324208 0.006583350245 0.003857944394
v -0.003700001398 -0.0002499995462 0.01700000465
v -0.003700001398 0.0009207109106 0.01699999906
v -0.003696339903 -0.005137035623 0.02292624861
v -0.003694134997 0.007894480601 0.003359978087
v -0.003689892124 -0.007895903662 0.003359974828
v -0.00368225039 0.0005999995046 0.009550363757
v -0.003682249691 -0.002399999648 0.009550362825
v -0.003682249226 0.0005999977584 0.008449646644
v -0.003682248527 -0.002400001511 0.008449644782
v -0.0036820604 0.004783727694 0.01687522605
v -0.00367727736 -0.0005000006058 0.01652499475
v -0.003677276662 -0.0004999998491 0.01747499779
v -0.003672177438 -0.004029215779 0.01216686144
v -0.003672165098 -0.004374358803 0.01216684375
v -0.00367185846 0.00690286234 0.01625488326
v -0.003668149468 -0.006904272828 0.01625487208
v -0.003650850849 0.004214608576 0.02400141954
v -0.003643843578 0.005242421292 0.01459432859
v -0.003633975983 -0.0004499996721 0.01749999449
v -0.003633974819 -0.0004500009527 0.01649999991
v -0.003633559914 -0.004286171403 0.0239429269
v -0.003631496336 0.008078909479 -0.000378872297
v -0.003628865583 0.006925351918 -0.003903910285
v -0.003627152648 -0.008080294356 -0.000378870609
v -0.003614193061 -0.005146721844 0.02291006595
v -0.003611771157 -0.0001999988745 0.007551113144
v -0.003611770924 -0.0002000016684 0.01044888794
v -0.003609224921 -0.004064182285 0.01213639416
v -0.003598830197 -0.000179288545 0.0104971882
v -0.003598829964 -0.0001792905969 0.007502809167
v -0.003595829476 -0.004537517205 0.01212919503
v -0.003581696656 0.004561732523 0.02368187346
v -0.003575000446 0.0006499998271 0.009736116044
v -0.003574999748 0.001999998 0.008263883181
v -0.003574999748 0.001999998698 0.009736121632
v -0.003574999515 0.0006499993615 0.008263877593
v -0.003563150531 0.005303204525 0.01294755656
v -0.003560007783 -0.0004000001645 0.007357921451
v -0.003560007084 -0.00040000031 0.01064206753
v -0.003553225426 0.00661528483 0.003989500925
v -0.003550000256 -0.0004999988014 0.01699999906
v -0.003545423271 0.005638646893 0.02187639847
v -0.003542390885 -0.005639989395 0.02187640034
v -0.003541706828 -0.0004000008048 0.007289630827
v -0.003541706363 -0.0004000010376 0.01071037818
v -0.003540828824 -0.003749999916 -0.0002550324425
v -0.003540437669 0.005258573219 0.01134322025
v -0.003536341712 -0.004867194686 0.02332674526
v -0.003534008982 -0.003750000615 0.0003365630982
v -0.003532427596 0.004256521352 0.02118682303
v -0.00352957705 0.005158120301 0.02289198339
v -0.003527508583 0.00660766568 0.004052975681
v -0.003527144203 0.006606868003 0.004056258127
v -0.003526845714 0.004998899531 0.01045903843
v -0.003526805202 -0.005159453955 0.02289197966
v -0.003526208224 -0.00501751015 0.02311688475
v -0.003520408878 -0.004699687473 0.01208334975
v -0.003500321414 0.006672829855 0.01793733612
v -0.003500000807 -0.0004500019422 0.01699999906
v -0.003496734193 -0.006674148608 0.0179373417
v -0.003490957664 -0.003763397457 -0.0002514408552
v -0.003484234679 -0.003763398388 0.0003318194358
v -0.003481179709 0.005597263109 0.007558146492
v -0.003478703322 0.005008941051 0.01074404828
v -0.003471965902 0.004933669697 0.01598882303
v -0.003468435258 0.004545427859 0.01883727126
v -0.003456572769 0.004077398684 0.02327168547
v -0.003454732476 0.004787938204 0.01856196113
v -0.003454449819 -0.003799999133 -0.0002488083846
v -0.003452069126 0.00447930349 0.02104916796
v -0.003449641867 -0.002399997786 0.009317743592
v -0.003449641867 0.0006000016001 0.009317744523
v -0.003449641168 -0.002400000347 0.008682249114
v -0.003449640935 0.0005999990972 0.008682250045
v -0.003449301934 -0.00375000108 -0.0008395382902
v -0.003447796917 -0.003799998201 0.0003283545666
v -0.003441086737 -0.005649999715 -0.0002478367533
v -0.003441086272 -0.003849998582 -0.000247838645
v -0.003434459912 -0.003849999746 0.0003270863381
v -0.003429036355 -0.003749998054 0.0009188039112
v -0.003425329225 0.005369153805 0.008415388875
v -0.003404357936 -0.004159060773 0.01199289039
v -0.003403869923 0.004200331867 0.02317561582
v -0.003403731622 -0.004699998535 0.01199232135
v -0.003400719492 -0.00376339932 -0.0008277075831
v -0.003398654517 -0.00380000053 -0.001584824873
v -0.003398654284 -0.007016475778 -0.001584822079
v -0.003398654051 0.006722767372 -0.001584820915
v -0.003398653818 0.002799998736 -0.001584812067
v -0.003393606748 0.004102806561 0.02328231931
v -0.003386408323 0.004966662265 0.01738704368
v -0.003384631826 -0.004700002261 0.01197452191
v -0.003380740993 -0.00376339606 0.0009058692376
v -0.003380558454 -0.004168471321 0.01197059732
v -0.003365155309 -0.003800000297 -0.0008190550725
v -0.003364499891 -0.002400001511 0.008999998681
v -0.003364499891 0.0005999979912 0.009000000544
v -0.003358251415 -0.004177004565 0.01390552521
v -0.003357802285 0.004703271203 0.01778175496
v -0.00335333962 0.002750000218 -0.001563692815
v -0.003353338456 -0.003749998519 -0.001563683967
v -0.003352137515 -0.003849999513 -0.0008158810087
v -0.003349906765 0.006148662884 0.005888924934
v -0.003346071579 0.006739892066 2.350450075e-07
v -0.003345385427 -0.003800000064 0.0008963939617
v -0.003342048032 0.006741185673 0.0001636121015
v -0.003337137401 0.006742758676 0.0002421368408
v -0.00333507196 0.005182133522 0.02285382524
v -0.003332444001 -0.005649999715 0.0008929317119
v -0.003332443302 -0.003849998815 0.000892929791
v -0.003329827217 0.004319585394 0.0230065994
v -0.003326843027 0.006746045779 -0.0003499753366
v -0.003317460883 0.006749027874 -0.001748407143
v -0.003312961897 0.001827078871 0.0247890465
v -0.003311978187 -0.00182829285 0.02478904836
v -0.003306719009 0.006752427202 0.003538613208
v -0.003300000215 0.0005999995628 0.007787561044
v -0.003300000215 0.0006000009016 0.01021243166
v -0.003289644839 0.0006499997107 0.00776963355
v -0.003289644374 0.0006499987212 0.010230368
v -0.003289563814 0.004349943716 0.02295435779
v -0.003286213381 0.006687436253 0.004056258127
v -0.003276936011 0.006401675288 0.01944261231
v -0.003276367439 0.005664034281 0.007656875066
v -0.003275760915 0.005104720127 0.01034285408
v -0.003275000025 0.001999998698 0.01034234092
v -0.003274999792 0.001999998232 0.007657660171
v -0.003273495473 -0.0064028739 0.01944261231
v -0.003263879102 0.0006500018644 0.0094249947
v -0.003263878869 0.002000000095 0.008574998938
v -0.003263878636 0.0006500013405 0.00857499335
v -0.003263878403 0.002000000793 0.009425000288
v -0.003261973383 -0.003750002244 -0.001400718582
v -0.003254692303 0.006768635474 0.000765318342
v -0.003252629656 0.005145563278 0.01632527821
v -0.003250000533 0.0005000006058 0.01029903907
v -0.0032500003 -0.0001999996311 0.01029903814
v -0.003249999834 0.0004999994999 0.007700966671
v -0.003249999601 -0.0002000007662 0.00770096574
v -0.003249999601 0.004900000058 4.979514134e-09
v -0.003249833826 0.006669425871 3.281762474e-05
v -0.003248339985 0.006669887807 0.0001038883493
v -0.003242626553 0.001054214314 0.02484008484
v -0.003242059844 -0.001055395463 0.02484008484
v -0.003231673734 0.006775673479 -0.0008623970789
v -0.00322500011 0.0005207106005 0.01034234092
v -0.003224999877 -0.0001792896801 0.01034233999
v -0.003224999877 0.0005207103095 0.007657660171
v -0.003224999644 -0.0001792899711 0.00765765924
v -0.003224891843 0.005096869543 0.01212996338
v -0.003218539059 -0.004678765777 0.01176657528
v -0.003216030309 -0.003763396293 -0.00138100225
v -0.003215191653 0.005373875611 0.01450718567
v -0.003214467084 0.006780883297 -0.0009253104799
v -0.003213377902 0.006682059728 -0.0004865105439
v -0.003211086849 0.004399898462 0.02285740525
v -0.003206132213 -0.004672209267 0.01174529549
v -0.003206117079 -0.004225510638 0.01174527965
v -0.003204589011 0.005133049097 0.01029918622
v -0.003202970838 0.005055133253 0.01514363941
v -0.003200512147 -0.008297469467 -0.0035693557
v -0.003191353753 0.006689351983 0.0006146253436
v -0.003183589317 0.004853059538 0.01681777835
v -0.00318239769 -0.003799999133 -0.001366559765
v -0.003172582248 0.005690265913 0.007722255308
v -0.003170088399 -0.005649998318 -0.001361273695
v -0.003170086769 -0.003849999281 -0.001361260889
v -0.003169092117 -0.004646752495 0.01167467237
v -0.003168311436 0.005126943346 0.01360313967
v -0.003159855027 0.0006892911042 0.02484018356
v -0.003159483196 -0.0006904225447 0.02484018542
v -0.003150000703 0.002000000328 0.008999993093
v -0.00315000047 -0.0003999981564 0.010472239
v -0.003149999771 -0.0003999992041 0.007527763024
v -0.003149999538 0.0006500000018 0.009000002407
v -0.003148031188 -0.007106227335 -0.002037744736
v -0.003130933503 -0.004612065386 0.01160885766
v -0.003114644904 -0.0004000001936 0.007466515992
v -0.003114644438 -0.0004000003973 0.01053347904
v -0.003103106515 -0.007121061441 -0.003490383504
v -0.003102059476 0.007121553179 0.002813261002
v -0.003099266905 0.007122487295 -0.003484209068
v -0.003097013338 -0.001650001272 0.02139999531
v -0.00309696421 0.0008499977994 0.02140000463
v -0.003096904373 0.001898171264 0.02149335109
v -0.00309689506 -0.001614812296 0.02169449069
v -0.003096750937 0.0008480622782 0.02133042179
v -0.003096737666 0.001846632222 0.02152303979
v -0.003096412402 0.001829375979 0.0217039343
v -0.003096302273 0.001847145613 0.02128670365
v -0.003096231492 0.004327739589 0.02151259035
v -0.003096142085 -0.001561424346 0.02186216414
v -0.003095763503 0.0008256233996 0.02115435526
v -0.003095750697 0.0007375891437 0.02191806212
v -0.003095340682 -0.001612571534 0.02109641209
v -0.003095269203 0.00183122186 0.02195857838
v -0.003094979329 -0.001482530031 0.02202500775
v -0.003094945801 0.0006825322052 0.02202499285
v -0.003094380954 0.001868721447 0.02102196962
v -0.003093361855 0.001715549151 0.02216613293
v -0.003093020525 0.004282129928 0.02214812115
v -0.003092456143 0.00178704015 0.02087146044
v -0.003091614926 -0.00122100173 0.02234257758
v -0.003091436345 -0.004739046562 0.02082678676
v -0.003091419348 0.001698683598 0.02234105021
v -0.003091302235 -0.001482527936 0.02077499405
v -0.003091262421 0.0006825262681 0.02077499405
v -0.003091045422 0.0003696682397 0.02238493972
v -0.003090881975 0.001623685122 0.0223834645
v -0.003090645885 0.001670931117 0.02240061946
v -0.003089717124 -0.001025003148 0.02248253487
v -0.003089704318 0.0002250003163 0.02248253301
v -0.003088559257 0.001537153032 0.02254452184
v -0.003088489641 0.006718220189 -0.00101180654
v -0.003088400234 0.0005769447889 0.02062019892
v -0.003088388126 0.00171897572 0.02064340003
v -0.003087702906 -0.0006916136481 0.02261550725
v -0.003087474499 -0.0001738249121 0.0226293616
v -0.00308737671 -0.001334940782 0.0205703117
v -0.003087303136 -0.004499032628 0.02260786667
v -0.003087144345 -0.0004000009212 0.02264999785
v -0.003087108023 0.001744636684 0.02056867629
v -0.003085701261 -0.004464928526 0.02270644717
v -0.003085569013 0.006818481255 0.001288794563
v -0.003084518248 0.001429828932 0.02279370837
v -0.003083789721 0.001637261128 0.0204449743
v -0.003082928015 -0.00439716503 0.02286485583
v -0.003082827199 0.001289111329 0.02288641036
v -0.003080904717 -0.001025007456 0.02031747252
v -0.003080880037 0.0002250025282 0.02031747252
v -0.0030792912 0.00118165079 0.023069961
v -0.003079043468 0.0001053108499 0.02025668882
v -0.003078786889 0.00443231035 0.02028377913
v -0.003078275826 -0.0008446506108 0.02023175359
v -0.003077849979 0.001103519695 0.02314077877
v -0.003077243688 0.004222932272 0.02314742468
v -0.003077114932 -0.004211974796 0.02316268906
v -0.003077053698 0.0009754194762 0.02318065427
v -0.003076258814 -0.0006263341056 0.02017066255
v -0.003075545887 -0.0003999987093 0.02014999837
v -0.003075249959 0.001529122819 0.02014732547
v -0.003075174289 -0.004130637739 0.02325541712
v -0.003074325621 0.004096839577 0.02328821458
v -0.00307303248 0.00402992405 0.02334873006
v -0.003072264371 0.001414510771 0.02006957494
v -0.003072139109 0.005476006772 0.01284834649
v -0.003072062507 0.0006084595225 0.0234113466
v -0.003072051099 0.0007155689527 0.02341134474
v -0.003071878571 0.002320514526 0.02341134101
v -0.003071843414 -0.003952973057 0.02340973727
v -0.003071813146 -0.003908264451 0.02341133729
v -0.003071720945 0.003952587489 0.02340922877
v -0.003071688581 0.003927011043 0.02341081761
v -0.003071680432 0.003901407588 0.02341133729
v -0.003064845689 0.001260639867 0.01988185011
v -0.003060326679 0.001235049916 0.01978240907
v -0.003060057992 -0.003799998434 -0.002167617204
v -0.003058937611 0.00113272469 0.01975280792
v -0.003055525944 0.005457445048 0.009756739251
v -0.00305400067 0.004899999127 -0.001111569814
v -0.00305400067 0.004900000989 0.001111570513
v -0.003053956665 0.006727333646 -0.001111693331
v -0.003052971559 0.006730751134 0.00111438625
v -0.003047414823 0.00530735543 0.01535121258
v -0.003044638084 0.0007817906444 0.01948536001
v -0.003044435289 0.0008733568247 0.01948449016
v -0.003041810822 0.008332373574 -0.003435476217
v -0.00304113212 0.006077636499 0.02075016685
v -0.003038302762 0.004500604235 0.02260251343
v -0.003037865739 -0.006078706123 0.02075016499
v -0.003032932524 -0.004968639929 0.01931589097
v -0.003032439854 -0.003951267805 0.02341096476
v -0.003031418193 0.0003549950197 0.01928045787
v -0.003030939028 0.006833663676 -0.001422708156
v -0.003030386288 0.000458635448 0.01926621608
v -0.003029482905 0.006834062282 -0.002210135339
v -0.0030256256 0.003950338811 0.02341085672
v -0.003024190664 -3.839521378e-05 0.01917924918
v -0.00302176713 -0.004268629476 0.01142198592
v -0.003020923818 3.508047484e-06 0.01913566329
v -0.003019257216 -0.003749999218 -0.002138712443
v -0.003019140568 -0.004998494871 0.01912413165
v -0.003017713316 -0.0002555105893 0.01909374818
v -0.003017335432 -0.0002626711212 0.01908886619
v -0.003012530738 -0.0002372056479 0.01902870275
v -0.003005842445 0.004569288343 0.01896109618
v -0.003001720179 -0.0004322775349 0.01890080422
v -0.002994742012 -0.0003999961773 0.01882334054
v -0.002992199734 -0.003950721119 0.02341134101
v -0.002989096334 0.006747506559 0.001275850111
v -0.002984045772 -0.003750001779 -0.001923003816
v -0.002980184974 0.003949682228 0.02341134287
v -0.002977000782 0.005481832661 0.01125045121
v -0.002976534655 -0.0004999986268 0.01863639615
v -0.002974993084 -0.004574579652 0.02235783264
v -0.002972149057 -0.0004499991483 0.01859419979
v -0.00295578409 -0.008350281976 -0.003367194673
v -0.002955199918 0.007168413606 -0.003364065196
v -0.002946946071 0.005214079283 0.02278082073
v -0.002944142092 -0.005215100013 0.02278082632
v -0.002942017745 -0.003763398156 -0.001895927242
v -0.002941705752 0.004980268888 0.0159208253
v -0.002939340658 -0.0001999981469 0.007939334959
v -0.002939340193 -0.0001999993256 0.01006065495
v -0.002916550962 0.005243893247 0.01005730964
v -0.002911858726 -0.005156717263 0.0181036815
v -0.002911250107 -0.003799999133 -0.001876093331
v -0.002909347648 0.004565968644 0.02238472737
v -0.002903984394 -0.0001792909316 0.01009601448
v -0.002903983695 -0.0001792913245 0.007903988473
v -0.002903189277 0.005711640231 0.007957828231
v -0.002899988322 -0.003850001143 -0.00186884054
v -0.002884101123 0.00677037565 -0.001498158905
v -0.002877121791 0.004804817028 0.02333493158
v -0.002874537837 -0.004805795848 0.02333493531
v -0.002868460258 0.004706389736 0.01780996658
v -0.002862850903 0.004586750176 0.02231099829
v -0.002844756469 0.00688209245 0.001765444526
v -0.002844408387 0.004346940666 0.02377189882
v -0.002842072863 -0.004347905051 0.02377189882
v -0.002835617634 0.005625261459 0.008413384669
v -0.002830505604 -0.00429370068 0.01110071223
v -0.002828879282 0.003846102161 0.0241040159
v -0.002826811513 -0.003847060027 0.0241040159
v -0.002826766111 0.005691217724 0.02184474654
v -0.002823707648 -0.00569217233 0.02184473723
v -0.002814979525 0.006789301056 0.001624315279
v -0.002812103834 0.003303902457 0.0243445076
v -0.002810329199 -0.003304848447 0.0243445076
v -0.002797919326 -0.0003999989131 0.007797912695
v -0.002797917696 -0.0004000000481 0.0102020856
v -0.002797307214 0.004756571725 0.01740499586
v -0.002796080196 0.002299579326 0.02034706995
v -0.002795963082 0.004749531392 0.02023993433
v -0.002795892768 0.00226605637 0.02080344409
v -0.002795369364 0.004756655078 0.02015201561
v -0.002795151435 -0.005261295941 0.01739496738
v -0.002795144683 -0.002288116608 0.02065435424
v -0.002794601489 -0.0004999972298 0.01738543995
v -0.002794565633 0.004763894249 0.02006391436
v -0.002794040833 -0.002291591838 0.02020019293
v -0.002792661544 0.00477759121 0.01990086026
v -0.002792515559 -0.002189841587 0.02111708373
v -0.002792223822 0.002138946205 0.02125800401
v -0.002791884821 0.002238224726 0.01988309808
v -0.0027900727 0.004791694693 0.01973759383
v -0.002789933002 -0.007216713391 -0.002505746437
v -0.002789506456 0.002198640024 0.01973759755
v -0.002788915532 -4.671400973e-07 0.01973759942
v -0.002788636833 -0.002199573675 0.01973759569
v -0.002787585836 -0.0049504661 0.01973759383
v -0.002787564415 0.00059999933 0.009700004943
v -0.00278756395 0.0005999980494 0.00830000639
v -0.00278748502 -0.002008990152 0.02153520472
v -0.002787439618 -0.002170625841 0.01964948885
v -0.002786633326 0.001933513209 0.02165880799
v -0.002784695942 -0.004716392141 0.02165497467
v -0.00278229313 -0.0004500014475 0.01450676937
v -0.002782283816 -0.0005000012461 0.01450677309
v -0.002781974617 -0.001991203055 0.01450663805
v -0.00278114574 -0.001739674946 0.02191681415
v -0.002780955518 0.002500000643 0.01450618356
v -0.002780907555 0.003699998837 0.01450615376
v -0.002780907322 -0.003500000341 0.01450616121
v -0.002780905925 -0.004699998535 0.01450615749
v -0.002780718263 -0.0005164659233 0.02475474775
v -0.002780684736 -0.002065507229 0.01939830743
v -0.002779922914 0.001635587891 0.02202792466
v -0.002779563889 0.002010341268 0.01929480396
v -0.002779094037 0.0005167895579 0.02475421503
v -0.002779058646 0.002015694045 0.01930426061
v -0.002779044444 -0.001636518748 0.02202791907
v -0.002778871683 -0.004680708051 0.0219921954
v -0.002778156893 0.002717621159 0.02450718544
v -0.002777909394 0.004622519016 0.02215658687
v -0.002777187619 0.004620864056 0.02219068259
v -0.002776862122 -0.00198030984 0.01924077794
v -0.002776697045 -0.002718551783 0.02450718358
v -0.002774630673 0.001337144175 0.02228238247
v -0.002774551744 -0.005018725526 0.01922105439
v -0.002772491192 -0.001238422585 0.02234976739
v -0.002771714469 -0.005029749591 0.01913835295
v -0.002771082567 -0.004569069017 0.02237715758
v -0.002771000378 0.004854421131 0.01905399747
v -0.002770013409 0.005438575055 0.01443616487
v -0.002769629005 0.0006500006421 0.009710349143
v -0.002769628074 0.0006500004674 0.008289651945
v -0.002769492101 0.0009354227223 0.02251232602
v -0.002768842038 -0.001846586936 0.01903952099
v -0.002768523758 0.006900455337 -0.001883908873
v -0.002767747035 -0.0007963763201 0.02256926522
v -0.002767225495 -0.0004500008654 0.01450042799
v -0.002766754245 0.001025188132 0.01450021472
v -0.002765971003 0.00046999185 0.02266278118
v -0.002765935613 0.002499997849 0.01449984498
v -0.002765226876 -0.0003421849688 0.0226858668
v -0.002764911624 -4.586242995e-07 0.02271133475
v -0.002764894161 -5.046079605e-05 0.02271079645
v -0.002764837351 0.001734721242 0.01890166476
v -0.002764700679 0.001747122849 0.01891583949
v -0.002764469478 -0.004464989994 0.02270650119
v -0.002763768425 -0.001729635405 0.01889478229
v -0.002761753509 -0.00440813601 0.02284210362
v -0.002761725336 0.004384347703 0.02288947627
v -0.002758712973 -0.0004500003706 0.01720788702
v -0.002757994458 -0.0002670074173 0.01878169924
v -0.002755494788 0.004207565449 0.02316693403
v -0.002754872665 -0.004209555686 0.02316560782
v -0.002754373942 -5.045742e-05 0.0231705606
v -0.00275322888 -0.001530016074 0.01869348437
v -0.002752110828 0.004056484438 0.02332577668
v -0.002750735497 0.001431137673 0.01861118898
v -0.002750410233 0.003949742764 0.02341134287
v -0.002749335719 -5.045643047e-05 0.02341134101
v -0.002749003703 -0.001407508622 0.01859194599
v -0.002748542931 0.001406576717 0.01859191805
v -0.00274828705 -0.003950659651 0.02341134846
v -0.002747918246 -0.00040000031 0.01025208458
v -0.002747917781 -0.0004000006011 0.007747925352
v -0.002745254664 0.004908599891 0.0185134951
v -0.00274512032 -0.001313473796 0.01852294989
v -0.002744559199 0.001312572625 0.01852293871
v -0.002737472765 -0.001147744944 0.01841773279
v -0.002736298135 0.001058673137 0.01836971566
v -0.002733682981 -0.0009954577545 0.01833770797
v -0.002724688267 -0.0007204042631 0.01822694391
v -0.002724194434 0.0006204326637 0.01819672063
v -0.002722988138 -0.000574086851 0.0181840267
v -0.002721326891 0.0004621858534 0.01815834828
v -0.002721107798 -0.0004630838521 0.018158352
v -0.002719615586 0.002071277937 0.02460734174
v -0.00271850219 -0.002072177362 0.02460733242
v -0.002718203934 0.0001804421045 0.01811846904
v -0.002717772964 -0.0003115737927 0.0181323085
v -0.002717736876 -0.0001004476944 0.01811352
v -0.002716699382 0.0001578343072 0.01811672002
v -0.002710406668 -0.005316697527 0.01699473709
v -0.002707723062 0.005693322048 0.008225165308
v -0.002707661828 0.005327865481 0.009775074199
v -0.002707661362 0.001999999397 0.008224998601
v -0.002707660431 0.002000000095 0.009775007144
v -0.002700961661 -0.000199999864 0.008250001818
v -0.002700961661 -0.0001999985689 0.009750002064
v -0.002700961661 0.0005000004312 0.008250002749
v -0.002700961195 0.0004999981029 0.009750002995
v -0.002698325086 -0.005194379017 0.01791027002
v -0.002694739727 0.005333544686 0.009752277285
v -0.002693132497 0.002800001297 -0.002609514399
v -0.002693131333 0.006917793304 -0.002609507414
v -0.002692174399 0.00568989804 0.00825267937
v -0.00267803669 0.005266975146 0.01067191828
v -0.002672010334 0.006821309682 -0.001850101165
v -0.002666002838 -0.004300436005 0.01102525927
v -0.002665985841 -0.004300435539 0.01359995734
v -0.002657661447 0.0005207113572 0.008224998601
v -0.002657661214 -0.0001792888943 0.008224997669
v -0.002657660283 -0.0001792883122 0.009775006212
v -0.002657659585 0.0005207083304 0.009775006212
v -0.002657223493 0.002749999054 -0.002574719256
v -0.002655091928 -0.005235707853 0.02272072248
v -0.002654463286 0.004834917374 0.01676201075
v -0.002636756748 0.005077697337 0.01506721973
v -0.002636079909 0.005047200713 0.01728735678
v -0.00263136765 0.005696834531 0.008413227275
v -0.002623239765 -0.003749998519 -0.002391891088
v -0.002617134014 0.001394382445 0.0246543996
v -0.002616384998 -0.001395224943 0.0246543996
v -0.002615637379 -0.0001004241058 0.01713951305
v -0.002607356058 -0.001991101773 0.0144651141
v -0.002604745794 0.006836117711 -0.001943661249
v -0.00260108849 -0.0004499988863 0.01655415632
v -0.00260000024 0.00059999933 0.008999996819
v -0.002591369674 0.001025105361 0.0144644184
v -0.002586468821 0.003700001165 0.0144636333
v -0.002586467424 0.002499999013 0.01446362957
v -0.002586292569 -0.003763397224 -0.002358197467
v -0.002581665991 -0.003749998286 0.006199998781
v -0.002581665991 -0.003683011746 0.006449998822
v -0.002581665758 -0.003749998752 0.00408123387
v -0.002581664594 -0.003500000807 0.00663301954
v -0.002581664594 -0.003249999834 0.006700006314
v -0.002581578679 -0.0004500019713 0.01446449012
v -0.002580851782 -0.003499998711 0.01446358394
v -0.002580851549 -0.004700000864 0.01446358021
v -0.002579289954 0.0006500009331 0.008999995887
v -0.002567890566 -0.0005000185338 0.01446462329
v -0.002564115683 0.005574517883 0.01275783218
v -0.00255924603 -0.003799999598 -0.002333542565
v -0.002558876993 -0.005341643468 0.01677707955
v -0.002554785693 0.005631434731 0.008592695929
v -0.002552503254 0.005408829544 0.009399996139
v -0.002551111858 -0.0001999991509 0.00861176569
v -0.002551110461 -0.0002000022068 0.009388234466
v -0.002549345139 -0.003850001143 -0.002324508503
v -0.002549344907 -0.005650002044 -0.00232450664
v -0.00254383334 -0.00375743187 0.004081241321
v -0.002537032589 -0.003760512918 0.006200002972
v -0.002533369232 -0.003763396526 0.004068299197
v -0.002532901242 -3.991187328e-07 0.02470321208
v -0.002530737314 0.00520935189 0.0134971533
v -0.002528746147 0.005443309434 0.009297313169
v -0.002527757315 -0.0003999989422 0.008149994537
v -0.002527756151 -0.0004000012705 0.009849996306
v -0.002523295116 0.006953869481 0.00353861344
v -0.002514142077 0.006852936465 0.00205950602
v -0.002512271283 -0.003780438798 0.004062652122
v -0.002510954859 -0.003779288381 0.004081233405
v -0.002509908052 0.006887048483 0.004056250211
v -0.002507134574 -0.003700568108 0.006450006738
v -0.002502815099 -0.0001792886324 0.008598834276
v -0.002502814867 -0.0001792889525 0.0094011724
v -0.002501802985 0.00525493687 0.01202305127
v -0.002501784824 -0.00378984143 0.006200001575
v -0.002501784358 -0.003789841896 0.004081236664
v -0.002501371084 0.005550093949 0.008935171179
v -0.00250002183 0.005532436073 0.009000390768
v -0.002500000643 0.001999999629 0.008999995887
v -0.002499999944 0.0004999991506 0.009000002407
v -0.002499999711 -0.0002000011445 0.009000001475
v -0.002499984577 0.00695850281 0.002231836552
v -0.002498013899 -0.003800000763 0.004058823921
v -0.002491845051 -0.003813217394 0.004057168029
v -0.00248970883 0.00685958378 -0.002088987269
v -0.002489644801 0.004899999127 -0.0020890655
v -0.002489644103 0.004900000058 0.00208906224
v -0.002489097649 -0.003812168958 0.004081242252
v -0.002485072706 -0.003849999746 0.004055359866
v -0.002483332297 -0.003831818933 0.006199995056
v -0.002483332297 -0.003831817536 0.004081245046
v -0.002472733147 -0.008435280994 -0.002942910418
v -0.002466520295 -0.0003999991459 0.008114638738
v -0.002466518665 -0.0004000012996 0.009885361418
v -0.00245990674 -0.0004499980423 0.01608031057
v -0.002458936768 0.005179895088 0.01622060686
v -0.002456380054 -0.003948471509 0.004169038031
v -0.002456124406 -0.005428416654 0.01607462391
v -0.002452943008 -0.003826197935 0.006373054814
v -0.002450000728 -0.0001792887197 0.008999994956
v -0.002450000728 0.0005207115319 0.008999995887
v -0.002448274521 -0.003749542171 0.006450006273
v -0.002446704311 0.007335133385 0.01485153101
v -0.002442762954 -0.007335883565 0.01485153474
v -0.002437524032 -0.0001003704383 0.0161232762
v -0.002427370055 0.0007604554412 0.02464952879
v -0.002425451996 -0.003536795732 0.006633011624
v -0.002425034065 -0.001991012599 0.0144887222
v -0.002423929283 -0.003500000574 0.01448823698
v -0.002420627512 -0.004068639595 0.004295866471
v -0.002420121571 0.007689209655 0.0110642584
v -0.002418159507 -0.004052192438 0.00431477325
v -0.002417496406 0.006974274293 -0.002319044201
v -0.002417461015 -0.003819638165 0.00645000115
v -0.002415988361 -0.007689945865 0.01106425934
v -0.002411630936 -0.004058952443 0.004375586286
v -0.002410629299 0.001025029807 0.01449356228
v -0.00240490865 0.007105384488 0.01662301645
v -0.002402811311 -0.007315425668 -0.002879059641
v -0.002402746351 -0.007776998449 -0.002879109932
v -0.002401089063 -0.007106111385 0.01662301086
v -0.002397472505 0.005661547184 0.009697216563
v -0.002392370487 0.005624278914 0.01116094738
v -0.002388602355 -0.004108678084 0.006200006232
v -0.002361141145 -0.004094501492 0.006373054348
v -0.002358773025 0.004939693958 0.0157867521
v -0.002357926685 -0.000400000019 0.009439990856
v -0.002357925987 -0.000399999175 0.008560002781
v -0.00235723285 -0.000500025868 0.01451695617
v -0.00235592667 0.002360120416 0.01577475853
v -0.002352922922 -0.0001003497018 0.0157645829
v -0.002352774609 -0.0002644767228 0.01576411165
v -0.002352551324 -0.0004500020295 0.01576342247
v -0.002352489857 -0.0005000013625 0.0157632716
v -0.00234956434 -0.002988282358 0.01575688086
v -0.002346579917 -0.005460834596 0.01575260796
v -0.00234461436 -0.0004500019422 0.0145235043
v -0.002344457433 0.002499999944 0.01452199649
v -0.002344456967 0.003699998837 0.01452200022
v -0.002339362865 -0.003499999177 0.01452473924
v -0.002339361468 -0.004699999467 0.01452475041
v -0.002339327242 -0.003805189626 0.006553548854
v -0.002322243992 -0.004216863774 0.004742549267
v -0.002318626503 0.006829460151 0.01822611317
v -0.002317322418 -0.005267177708 0.02263670601
v -0.002314955462 -0.006830143277 0.0182261169
v -0.002313870471 -0.003313076682 0.006700001657
v -0.002312524477 0.005435597617 0.01438471116
v -0.002309748204 -0.004244856536 0.004728335422
v -0.002308963798 0.005254937802 0.01559611876
v -0.002308093011 -0.004275735933 0.004715856165
v -0.002302082721 -0.003639444709 0.00663301535
v -0.002300890163 0.006925822236 0.004056253936
v -0.002299999818 -0.0003999999026 0.00899999775
v -0.002297986066 0.007963365875 0.007402915508
v -0.002296501538 -0.004254637286 0.00619999459
v -0.002293705242 -0.007964034565 0.007402922492
v -0.002289624652 -0.0004000006011 0.009458298795
v -0.002289624652 -0.0003999998444 0.008541710675
v -0.002281982452 -0.004271336365 0.004907830618
v -0.002272819169 0.007343755569 -0.002754060319
v -0.002263885224 -0.0005000283709 0.01457734313
v -0.002263541799 -0.001990949269 0.01457720716
v -0.002258469583 -0.004041505978 0.00655356003
v -0.002252276288 0.001024972531 0.0145864673
v -0.002249308629 0.006901754066 -0.002345872112
v -0.002247911645 0.008466659114 -0.002728202613
v -0.002239701105 0.007005040068 -0.003007702297
v -0.002239481546 -0.004364828113 0.004971920978
v -0.002237499226 -0.003786362009 0.006633006968
v -0.002237161389 -0.003710063873 0.01014766097
v -0.002229589503 -0.0005000014789 0.0153181674
v -0.002229582053 -0.0004500017094 0.01531813294
v -0.002229288919 -0.000400001154 0.009000006132
v -0.002222512616 0.00488756923 0.02311624773
v -0.002219886519 -0.00488819927 0.023116244
v -0.002211653395 -0.007809492759 -0.002698770957
v -0.002203603042 0.005821200553 0.008411337622
v -0.002203023061 0.006508495659 0.01962799206
v -0.002199524315 -0.006509116385 0.01962799579
v -0.002193123335 -0.007812373806 -0.003042194527
v -0.002192653716 -0.003799998201 -0.003042168217
v -0.002190210158 0.005299289245 0.01519055758
v -0.002189933788 -0.0004499992647 0.01518841274
v -0.002189929597 -0.0005000001984 0.01518844627
v -0.002189573366 -0.003750000382 -0.002794322558
v -0.002186560538 -0.0005000231322 0.01465588063
v -0.002186045516 -0.004376575351 0.0053016725
v -0.002184740733 -0.004378786311 0.006200004369
v -0.002184431069 -0.003631118452 0.01006654091
v -0.002176185139 0.006912214216 0.002413854701
v -0.002175294794 -0.0004499992938 0.01467079297
v -0.002172965556 -0.004388819449 0.005355378613
v -0.002172742505 -0.004392406903 0.005294118542
v -0.002172036096 0.001024955534 0.01467447355
v -0.002170243068 -0.003648391226 0.01004482992
v -0.002163579222 -0.004356263205 0.006373064127
v -0.002163446043 -0.004411009606 0.005286919884
v -0.002163416939 -0.003750002244 -0.003001597011
v -0.002160590608 0.003700002097 0.01468983013
v -0.002160589211 0.002499998081 0.01468984038
v -0.002158734947 -0.003763396991 -0.002754974645
v -0.002157358686 -0.004699998535 0.0146948332
v -0.00215735822 -0.003499999642 0.01469483599
v -0.002148708329 -0.001990920398 0.01471097115
v -0.00213615899 -0.003799998434 -0.002726166043
v -0.002133356174 0.004479416646 0.02348999865
v -0.002131482121 0.008204815909 0.004043612164
v -0.002130948706 -0.004479997791 0.02349000424
v -0.002127895365 -0.003850000445 -0.00271561672
v -0.00212707161 -0.008205399849 0.004043622874
v -0.002106508939 0.005293385126 0.0225720983
v -0.002102476778 -0.003587405896 0.009942327626
v -0.002102382714 -0.003489044728 0.006699995603
v -0.002098580357 0.007026337087 0.002612767508
v -0.002098080935 -0.003958719317 0.006669099443
v -0.002096616663 -0.0004499997012 0.01483832113
v -0.002096131677 0.001024953672 0.01483817212
v -0.002093257615 -0.0005000043311 0.0148520181
v -0.002087951172 -0.0004500007199 0.01487795264
v -0.002087933244 -0.000500000373 0.01487800106
v -0.002087919507 -0.0001002798817 0.01487764902
v -0.002087628935 0.001217248151 0.01487638522
v -0.002087450819 -0.001997574698 0.01487882901
v -0.002086986788 0.003100181231 0.01487455238
v -0.002086957218 0.003699998837 0.01487472001
v -0.002086942084 0.002499999944 0.01487480476
v -0.002086225431 -0.003499998478 0.01487886906
v -0.002085901797 -0.004700000864 0.01488076616
v -0.002084462438 -0.00427205814 0.006553557701
v -0.00208396418 0.00502703106 0.01486821566
v -0.00208299025 0.006148081273 0.02081108093
v -0.002080340404 -0.003568811808 0.009908219799
v -0.002079685219 -0.006148633547 0.02081107721
v -0.002079559257 0.0003667984565 0.02457337268
v -0.002059889492 0.00551440008 0.009399993345
v -0.002045355504 0.005598713178 0.01267880481
v -0.002045195084 0.004046646412 0.02377193794
v -0.002043464454 -0.003545121755 0.009852712974
v -0.002043019515 -0.004047179595 0.02377193607
v -0.002021935536 0.007036758121 -0.002671694849
v -0.002019667998 -0.00450436864 0.005984695628
v -0.002000375185 -0.004520083312 0.005976966117
v -0.001992856152 -0.003427830758 0.009777014144
v -0.001991665922 -0.003740910906 0.006699999329
v -0.001986128278 -0.003519935068 0.009767001495
v -0.001985929674 -0.004540512804 0.005969766062
v -0.001977314474 -0.004564301111 0.005963588133
v -0.001975650899 0.005753059406 0.02176440321
v -0.001975042745 -0.004589803517 0.005958816968
v -0.001975041581 -0.00564999925 0.005958824884
v -0.00197255821 -0.005753554404 0.02176440321
v -0.00196087081 -0.00414051488 0.006669098977
v -0.001960116439 -0.0001002432982 0.01452495344
v -0.001950831735 0.003593936563 0.0239749942
v -0.001950196689 0.008407844231 0.0004044071247
v -0.001948899939 -0.003594421549 0.02397498488
v -0.001945676981 -0.008408327587 0.0004044132365
v -0.001944465446 -0.004545797128 0.006199996453
v -0.001944301068 -0.003879338503 0.006700005382
v -0.001930728438 -0.004518113099 0.006373065058
v -0.001930680592 -0.004552738275 0.006215897389
v -0.00191725709 -0.00784968771 -0.003223804059
v -0.001906764111 -0.001145612099 0.02446905896
v -0.001882925979 0.005180096254 0.01340934727
v -0.00188140606 -0.004578230437 0.006272539496
v -0.001881198841 -0.005327539053 0.02249174006
v -0.001879374264 -0.004414610565 0.00655354606
v -0.001861916971 -0.003500001272 0.009583888575
v -0.001861502766 0.005379656795 0.01428098325
v -0.001848927932 0.005393115338 0.01060163602
v -0.001848214306 -0.004532164894 0.006440469064
v -0.001846441533 0.006956999656 -0.002674539108
v -0.001843137085 0.003120420501 0.02411283925
v -0.001842370606 -0.004014392849 0.006700004451
v -0.001841459074 -0.003120848909 0.02411283553
v -0.001833235845 0.008512143977 -0.00231433264
v -0.001832977636 -0.008512193337 -0.002319555962
v -0.001817455632 -0.000100206802 0.01416594628
v -0.001816837816 -0.004300205503 0.01416570134
v -0.001815510448 0.003699997906 0.01416344848
v -0.001814684714 -0.004300206434 0.01416673418
v -0.001799150486 -0.004252922256 0.006669100374
v -0.001798847457 -0.004618728068 0.006361306179
v -0.001795334276 0.005685158074 0.01107685082
v -0.001794714597 -0.004620587919 0.006365432404
v -0.001792882453 -0.004628887866 0.006354006939
v -0.001789000584 -0.005649998784 0.006325929426
v -0.001785016735 -0.004688465036 0.006330753211
v -0.001784855151 -0.00465702638 0.006339541636
v -0.001783154672 -0.004442165606 0.006578303408
v -0.001768134534 -0.00463212654 0.006391253322
v -0.00176528201 -0.008518124931 -0.002248563338
v -0.001763852197 0.005291324109 0.01192462165
v -0.001757034566 0.006966209505 0.002734105336
v -0.001754523604 -0.003272801405 0.00942843128
v -0.001745341578 -0.004567223601 0.006500801072
v -0.001741155982 0.00535251433 0.02243147977
v -0.001738279709 -0.005352885462 0.02243147418
v -0.001722732559 0.007069768384 -0.003330873558
v -0.001722732442 0.00706976885 0.003538623685
v -0.001722233486 -0.004097895231 0.006699993275
v -0.001720057684 0.005776994862 0.009638911113
v -0.00171661959 0.007001893129 0.004056259058
v -0.001715097111 0.002622282365 0.02419709601
v -0.001713688369 -0.002622637898 0.02419708855
v -0.001706130104 0.00508415373 0.01390814781
v -0.001700969762 -1.756217501e-07 0.02446917444
v -0.001697943313 -0.004300174303 0.01389320288
v -0.001695093466 -0.003750000149 -0.003119166708
v -0.001691244775 0.007072536275 -0.003346968675
v -0.001691197976 0.002799999667 -0.003346998012
v -0.001684927382 -0.004300177563 0.01385760773
v -0.001679247012 -0.004700001795 0.01385352574
v -0.001671218895 -0.00376339606 -0.0030752311
v -0.001670581172 -0.004486610647 0.006607856601
v -0.001668647397 0.002749998821 -0.003302361118
v -0.001665116637 -0.004669360351 0.006479320582
v -0.001658950117 0.007075237576 0.002909458708
v -0.00165374158 -0.003800000995 -0.003043066012
v -0.001649999991 0.002749998355 2.524279452e-09
v -0.00164734479 -0.005649998318 -0.003031298053
v -0.001647344208 -0.003850001376 -0.003031300381
v -0.001640210976 0.008528016508 -0.002108494751
v -0.00164013484 -0.00467647519 0.006497856695
v -0.00163537648 -0.004696657881 0.006487981882
v -0.001635211171 -0.008528388105 -0.002108889632
v -0.001635031076 -0.004731943365 0.006479661446
v -0.001625192235 0.006978754885 -0.002814476611
v -0.00162514532 0.00697832508 0.002814494073
v -0.001625000732 0.004900000524 0.002814575331
v -0.001624999684 0.004899999127 -0.002814582083
v -0.001607757062 0.005044701044 0.02279610559
v -0.001607355662 -0.004613931291 0.006571373902
v -0.001605044818 -0.005045003723 0.02279610746
v -0.001601137919 0.007079724222 -0.002940799575
v -0.001593777677 0.002749999054 -0.0004270466161
v -0.001593776979 0.002749997424 0.0004270577629
v -0.001593729015 0.007452416699 -0.002059707418
v -0.001587314764 -0.007880730554 -0.002056063851
v -0.001580283744 0.008532281034 -0.002042605774
v -0.001577157993 -0.004385785665 0.006676168181
v -0.001574696973 -0.00430014031 0.01361919008
v -0.001558013726 0.002101660473 0.02423671447
v -0.001557384967 0.003779950319 0.0237417426
v -0.00155688473 -0.002101931954 0.02423670888
v -0.00155535352 -0.003780223196 0.02374173701
v -0.001549011678 -0.004300142173 0.01355818566
v -0.001535317628 -0.004544897005 0.006641383283
v -0.001522131613 0.005548605695 0.01261403132
v -0.001505013206 -0.005049998872 0.00324999867
v -0.00150501274 -0.005049998872 0.003550001653
v -0.001505012508 -0.005650000647 0.003250004025
v -0.001505012042 -0.005650000647 0.003550007008
v -0.001500000712 -0.00564999925 -5.09375564e-09
v -0.001500000362 0.002899999032 -7.150404713e-09
v -0.001499999547 -0.007462539244 9.279428336e-10
v -0.001499999198 0.003099999391 5.949399196e-09
v -0.001498121419 -0.004700000398 0.01345802564
v -0.001497636782 -0.007462698501 8.416753553e-05
v -0.001474037417 -0.004274498206 0.006700003985
v -0.001473278273 0.004717263393 0.02308262698
v -0.001470742165 -0.004717492498 0.02308262512
v -0.001469976036 -0.007465478498 -0.0002986193867
v -0.001459741034 -0.004706854466 0.006603667513
v -0.001458492479 -0.005411854014 0.02228836156
v -0.001455373946 -0.004750001244 0.006594906095
v -0.001451447257 0.00150387676 0.02428212576
v -0.001448888914 0.002900000429 0.0003882292658
v -0.001448888564 0.002899998333 -0.0003882256278
v -0.001442394801 -0.004300107248 0.01333854534
v -0.001438025967 -0.004799999762 0.003249997506
v -0.001438025385 -0.004799999762 0.003550000489
v -0.001428942196 0.002749999287 -0.0008250004612
v -0.001428942196 0.002750001382 0.0008249940583
v -0.001426874544 -0.007469128817 0.0004626287846
v -0.001422059257 0.005429333542 0.01330087893
v -0.001413928461 -0.004657756537 0.006644918583
v -0.001411863137 -0.00474999845 0.006615309045
v -0.001411863021 -0.005650000647 0.00661530951
v -0.001410053228 -0.004300103523 0.01326676831
v -0.001401143731 0.006993627641 -0.002932457486
v -0.001391926431 -0.007892202586 -0.003482460743
v -0.001382356277 0.00747333141 0.002813256579
v -0.001375440508 0.007473916747 -0.001811210881
v -0.001374704298 -0.003143565729 0.008900530636
v -0.001366471872 -0.003500000807 0.008889469318
v -0.001364280819 -0.004604549613 0.006675108802
v -0.001352217398 0.001584948273 0.02423742414
v -0.001351363608 -0.001585112303 0.02423742786
v -0.001349940896 -0.007475771476 -0.0006539503229
v -0.001348470105 0.006996042561 -0.002957040677
v -0.0013425207 0.004900000058 -3.325187015e-09
v -0.001331465784 0.004367941525 0.02330161817
v -0.00132911792 -0.004368091933 0.0233016219
v -0.001312042004 -0.004548562225 0.006693667267
v -0.001306721591 0.006997181103 0.00297572976
v -0.001301037963 -0.004300069064 0.01305125467
v -0.001299038529 -0.005649997853 -0.0007500050706
v -0.001299038297 0.00290000136 0.0007499933126
v -0.00129903818 0.002900000196 -0.0007500071079
v -0.001299037947 -0.005650000181 0.0007499948842
v -0.001299037947 0.003100000322 -0.0007499940111
v -0.001299037482 -0.007479994558 0.0007500000065
v -0.001299037249 0.003099997994 0.0007500060019
v -0.001299034338 -0.007479551714 -0.000750011357
v -0.001284427475 -0.007481062785 0.0007747617783
v -0.001272593625 0.005595867988 0.009399999864
v -0.001269276487 -0.001843796694 0.01298314892
v -0.001269051107 -0.004300058354 0.01298333611
v -0.001267266809 0.003700001864 0.01298159081
v -0.001265476691 0.002911494579 0.023945041
v -0.001263911603 -0.002911612391 0.02394504659
v -0.00125844893 -0.004491128493 0.006699994672
v -0.001257951371 0.005459093023 0.02216005325
v -0.001255744952 0.00597867975 0.008411326446
v -0.001255015493 -0.005459204316 0.02216005512
v -0.001255013049 -0.004616987891 0.003249996109
v -0.001255012467 -0.004616987891 0.003549999325
v -0.001246484462 -0.00472800713 0.00667347014
v -0.001223000465 0.007098002825 0.003116960637
v -0.001194473123 0.005665500183 0.01100028772
v -0.00118999416 -0.004674091935 0.006693162024
v -0.00117997604 0.003999943379 0.02346274815
v -0.001177825965 -0.004000016488 0.02346275002
v -0.001173234894 -0.005759778898 0.02165238559
v -0.001171867247 0.005779966712 0.02161351033
v -0.001170159085 0.005107055884 0.01279493421
v -0.00116672623 0.002750000451 0.001166733447
v -0.001166725182 0.002749998355 -0.001166719245
v -0.001163647627 -0.008553311229 -0.001559291384
v -0.001162656699 0.004899998661 -0.0006712611648
v -0.001162656583 0.004900000989 0.0006712599425
v -0.001153533231 -0.003750001779 -0.003357352922
v -0.001150625991 -0.004300028086 0.01275733206
v -0.001146299182 0.007099381648 0.003146093339
v -0.001143831643 -0.007489707787 -0.000970391382
v -0.001140100998 0.005942617543 0.02127411403
v -0.001137286308 -0.003763398388 -0.003310074331
v -0.001136906561 -0.005942664109 0.02127410658
v -0.001131222001 -0.004618033301 0.006700001657
v -0.001125392155 -0.003800000995 -0.003275449155
v -0.001123392489 -0.004699998535 0.01270775218
v -0.001121039735 -0.003849998815 -0.003262785263
v -0.001118221902 0.006079694722 0.02095338516
v -0.001115792198 0.007099711802 -0.003156498307
v -0.001114954124 -0.006079729181 0.02095338702
v -0.001113389502 0.00709973136 -0.00358090247
v -0.001111761201 0.006125650369 0.02083961666
v -0.001108468627 -0.006125686225 0.02083962038
v -0.001088677789 -0.003800001694 -0.003588487161
v -0.00108855695 -0.00789990183 -0.00358794257
v -0.001077448484 0.00643543154 0.01999470778
v -0.001074163127 -0.003750000382 -0.00354065164
v -0.001067625359 -0.006507036276 0.0197754167
v -0.00106583361 0.006570390426 0.01957240701
v -0.00106230122 -0.006570398342 0.01957241073
v -0.001060829381 0.007099993061 -0.003175530583
v -0.001060660579 0.002900000662 -0.00106066023
v -0.001060660114 0.002899999497 0.001060659881
v -0.001051410334 -0.007493771147 0.00106983562
v -0.001050236635 0.005439287517 0.01257004682
v -0.001049185055 0.006782492157 0.01882350259
v -0.001045539626 -0.006782494485 0.01882350259
v -0.001042219927 0.006870334968 0.01847654767
v -0.001038527815 -0.006870330311 0.01847654395
v -0.001034228248 0.005803466309 0.009583040141
v -0.001026882674 0.005208049435 0.01183842495
v -0.001021425938 0.007094454486 0.01745976135
v -0.001017613336 -0.007094438653 0.01745975949
v -0.001013136236 0.007164372131 0.01709167473
v -0.00101126032 0.007495511323 -0.001360149705
v -0.001011210377 0.005387344863 0.01053536031
v -0.001009284053 -0.007164352573 0.01709168591
v -0.001009116997 -0.00474999845 0.006699994672
v -0.001009116066 -0.005650000181 0.006699995138
v -0.001005013008 -0.004549999721 0.003250000998
v -0.001005012426 -0.004549999721 0.003550004214
v -0.0009917784482 0.008557805791 -0.001332657528
v -0.0009831109783 0.007355092093 0.0159212444
v -0.0009817003738 -0.007899690419 -0.00132595282
v -0.0009791578632 -0.007355053909 0.01592124067
v -0.0009638972115 0.007445741445 0.01526418887
v -0.0009598956676 -0.007445695344 0.0152641898
v -0.0009287892026 -0.005112273153 0.02246120945
v -0.0009282016545 0.007577144075 0.01417159289
v -0.0009241296211 -0.007577079814 0.01417158637
v -0.0009169020341 -0.003099966561 0.008311282843
v -0.0009155770531 0.007030637003 0.004056258127
v -0.0009143439238 0.007098772097 0.003538620891
v -0.0009021713049 0.005077069625 0.02248444222
v -0.0008922319394 -0.007498559076 -0.001205792767
v -0.000892189506 -0.007748329546 -0.001205824316
v -0.0008848767029 -0.005059260409 0.02249568142
v -0.0008683971246 0.006999120582 -0.003131838283
v -0.0008651022217 0.007741770707 0.01252522413
v -0.0008404069231 -0.007897069678 -0.003653676482
v -0.0008364639361 0.003210398834 0.02364843525
v -0.0008348521078 0.00078877341 0.02414618433
v -0.0008347381954 -0.003210284514 0.02364843339
v -0.0008344284142 -0.0007886568201 0.02414618246
v -0.0008250000537 0.002749999752 0.001428937656
v -0.0008249998209 0.002749999519 -0.001428945223
v -0.0008237540605 0.007822615094 0.01159042493
v -0.0008235584828 0.006997090764 0.003143921262
v -0.0008210132364 0.00424875319 0.02313092165
v -0.0008195491391 -0.007822490297 0.01159042772
v -0.0008187297499 -0.004248628393 0.02313091233
v -0.0007590124733 0.006994519848 0.003160124179
v -0.0007509643328 0.005434884224 0.01202355511
v -0.0007500008214 -0.005649999715 0.00129903073
v -0.000750000414 0.002900001127 -0.001299043535
v -0.000750000414 0.003099999158 -0.001299045631
v -0.0007500001811 0.002900000429 0.001299043885
v -0.0007500000065 -0.005650000647 -0.001299041905
v -0.000749999308 0.003099998925 0.001299041789
v -0.0007499018102 0.002067341935 0.02392164804
v -0.0007498470368 -0.007743896917 -0.001298843184
v -0.0007487903349 -0.002067179186 0.02392164059
v -0.0007419569301 -0.007499484811 0.001303642755
v -0.0007362575852 -0.004870840348 0.02259978652
v -0.0007090268773 0.0079894308 0.009424643591
v -0.0007047327235 -0.007989244536 0.009424647316
v -0.000704410777 -0.003099906724 0.008055837825
v -0.0006916248822 0.005589289125 0.009399998933
v -0.0006871043588 -0.00774106523 -0.001333316322
v -0.0006712600589 0.004899999127 0.001162652625
v -0.0006712594768 0.004899999127 -0.001162652974
v -0.0006622037035 0.002249999205 0.006699996069
v -0.0006622021901 -0.003500001272 0.006700001191
v -0.0006533566047 0.005480766762 0.02184243686
v -0.0006531029358 0.002328986302 0.006693647243
v -0.0006520090392 0.007089434192 0.003286387306
v -0.0006504104822 -0.005480556283 0.021842435
v -0.0006370344199 0.002381313359 0.006682393141
v -0.0006287987926 -0.007888239808 -0.001526050852
v -0.0006267193821 -0.008558620699 -0.0008242244367
v -0.0006113922573 0.008558576927 -0.0007941658259
v -0.0006104338681 0.007498791441 -0.0007946471451
v -0.0006064393092 -0.007498556748 -0.0007945574471
v -0.0006061016466 0.007018584292 0.004056259058
v -0.00059836742 0.005566374399 0.01093334612
v -0.0005799355567 -0.003749997821 -0.003502314445
v -0.0005717666354 -0.003763397224 -0.003452983685
v -0.0005671941326 0.002499999711 0.006633021403
v -0.0005657864385 -0.003800001694 -0.003416867461
v -0.0005643570912 0.004900000989 -0.003200628562
v -0.0005643566838 0.004900001455 0.003200624371
v -0.0005635992857 -0.003849998349 -0.003403657116
v -0.0005635989946 -0.00564999925 -0.003403655253
v -0.0005635251873 -0.00463688653 0.02269966155
v -0.0005618352443 0.006983773783 -0.003201062093
v -0.0005613015965 0.006983078085 0.00320115732
v -0.0005602877936 0.007083995733 -0.003303036559
v -0.0005158290151 0.002386063337 0.006695901509
v -0.0005100684939 0.007496256381 -0.00063832046
v -0.000503124611 0.002799999202 -0.003716091393
v -0.0005031242035 0.007080034819 -0.003716088831
v -0.0004964160617 0.002749999287 -0.003666545264
v -0.0004868672404 -0.003500000341 0.007806450594
v -0.0004868667456 -0.003099848516 0.007806463633
v -0.0004831240803 0.004520110786 0.02274064533
v -0.000480694056 -0.004519808106 0.02274064347
v -0.0004777813738 0.002249999437 0.006736520212
v -0.0004777809663 -0.003499999177 0.006736510899
v -0.0004622669367 0.008555390872 -0.0005596405244
v -0.000446483522 0.002499999711 0.006648262031
v -0.0004413767892 -0.004700000864 0.01148786023
v -0.0004316399863 -0.007493102457 0.0014365518
v -0.0004303923051 0.002312758705 0.006751534995
v -0.0004270519421 0.002750001149 -0.001593774883
v -0.0004270507197 0.002749998122 0.001593781635
v -0.0004246907483 0.003521124134 0.02329950035
v -0.0004246796016 0.005869411863 0.02106466703
v -0.0004227971367 -0.003520786529 0.0232995078
v -0.0004215247172 -0.00586907519 0.02106467076
v -0.0004205644072 0.0073322854 0.01604894549
v -0.0004180726828 0.007523365784 -0.0004886804381
v -0.0004180645046 0.007492754143 -0.0004886712995
v -0.0004145106941 0.007662280928 -0.0004802752519
v -0.0004143943661 -0.004299830645 0.01144099701
v -0.0004140368837 -0.007492413744 -0.0004886731622
v -0.0004140289675 -0.007523027249 -0.000488679274
v -0.0004108672438 -0.00764732575 -0.0004804753116
v -0.0004106235865 0.002376213204 0.006740515586
v -0.000403442682 0.002338466002 0.02369773947
v -0.0004021864152 -0.002338118851 0.02369773388
v -0.0003882289748 0.002899999497 -0.001448893221
v -0.000388228771 0.002900000429 0.001448881812
v -0.0003815027594 0.005562641658 0.009399999864
v -0.0003783409775 0.002440198092 0.006721126381
v -0.0003772318305 -0.007719201036 -0.001452557743
v -0.0003747680166 0.00511311274 0.01137763727
v -0.0003713152255 0.006967856549 -0.003228717018
v -0.0003705621057 -0.003099818248 0.007649423089
v -0.0003697205684 -0.003500000108 0.007648278959
v -0.0003695772612 0.007934967056 -0.0004043400113
v -0.0003638854832 -0.007929763757 -0.0003998139291
v -0.000356346427 0.002499998547 0.00668358244
v -0.0003531435796 0.004331561271 0.02279607207
v -0.0003506894282 0.005742637906 0.009530812502
v -0.0003396105603 0.002249998739 0.006819230039
v -0.0003164831724 0.002375774318 0.006806058343
v -0.0003128830285 0.006962029729 -0.003234908683
v -0.0002825366682 -0.007860630751 -0.003738913219
v -0.0002808896534 0.005418434739 0.01122082863
v -0.0002808271092 0.002249999903 0.006877196953
v -0.000280825654 -0.003500000341 0.006877202541
v -0.0002772365406 0.008181112818 -0.0002428707376
v -0.0002726728562 -0.008178913034 -0.0002417418582
v -0.0002610982046 0.002250000136 0.006901484914
v -0.0002605988702 -0.003099788213 0.006902481429
v -0.0002588814532 0.006955617573 0.003239678452
v -0.0002557928965 -0.003499998711 0.007491255645
v -0.000255791907 -0.00309978798 0.007491260301
v -0.0002489074541 0.008392051794 0.003452215344
v -0.0002473964123 -0.007857029326 -0.001631843159
v -0.0002464709978 0.002374424599 0.006884774193
v -0.0002443971753 -0.00839161966 0.003452211851
v -0.000244130686 0.002383819548 0.006882118061
v -0.0002399053628 0.006263519172 0.02010936476
v -0.0002372802119 0.007728693541 0.01270564552
v -0.0002365399559 -0.006263084244 0.02010935917
v -0.0002232761763 -0.003099778667 0.00686021382
v -0.0002144908067 0.002499999478 0.00681152707
v -0.0002006258001 0.002500002272 0.006833034568
v -0.000186996258 0.002499999944 0.006817777175
v -0.0001854919392 -0.003099767724 0.006817778107
v -0.0001843349892 0.005252768751 0.01047526672
v -0.0001776104327 -0.003500000574 0.007078368682
v -0.0001776041754 -0.003099764232 0.007322042715
v -0.0001720036962 -0.003099761903 0.007103301119
v -0.000170590647 -0.003500000574 0.007289786823
v -0.0001598565868 -0.008360384963 -3.481403473e-05
v -0.0001539174991 0.004032472614 0.0228612721
v -0.0001532861206 2.419692179e-07 0.02391231433
v -0.0001512059389 -0.008541593328 -2.061285522e-05
v -0.0001509151625 0.008379580453 -8.43674934e-06
v -0.0001492957963 0.007045717444 0.00334889791
v -0.0001456791069 -0.004022685811 0.0228629224
v -0.000135871509 0.005051041953 0.02202133462
v -0.0001331564126 -0.005050551612 0.02202133648
v -0.0001255100942 0.002556641586 0.02349195071
v -0.0001241373102 -0.002556144726 0.02349194512
v -0.0001160972897 0.006972940639 0.004056261852
v -0.0001141446119 -0.007472917438 0.001495655859
v -0.0001080780494 0.007040616125 -0.003748445073
v -0.0001075332839 0.007040546276 0.00353862578
v -8.56215047e-05 0.00849801302 0.001187789952
v -8.413741307e-05 0.006640726235 0.01897198521
v -8.255106513e-05 0.005962903146 0.008411323652
v -8.056902152e-05 -0.006640207488 0.01897198334
v -7.016056043e-05 0.007035718299 0.003351549618
v -5.107523612e-05 0.007033180445 -0.003351296997
v -2.864321868e-05 0.00383871817 0.02289177664
v -2.81521734e-05 0.008487716317 0.0002371656883
v -2.724193655e-05 0.008533437736 0.0002357037156
v -2.685776781e-05 -0.008481680416 0.0002306091628
v -2.265556031e-05 -0.008532888256 0.0002357090998
v -7.267414448e-10 0.002750002081 -0.001650004182
v -7.090310006e-10 -0.005649998784 -0.001500006067
v -6.492441584e-10 0.002750000916 0.001649999293
v -2.633508411e-10 -0.005649999715 0.001499994309
v -7.377579104e-11 0.003099999623 -0.001499995007
v 2.775749353e-10 0.004899999592 -0.001342517557
v 3.474527888e-10 0.004900000058 0.001342524192
v 3.719043962e-10 0.003099998459 0.001500005368
v 3.766839896e-10 0.002900000196 0.001500007464
v 6.80680512e-10 -0.007674818393 -0.00149999524
v 7.364469035e-10 0.002899997635 -0.001499993377
v 2.266918955e-07 -0.007462355308 0.00150000467
v 9.496452549e-06 -0.00385000254 -0.003449980635
v 9.533578123e-06 -0.00380000053 -0.003463379806
v 9.633126865e-06 -0.003763395129 -0.003499992192
v 9.771122677e-06 -0.003750000149 -0.003549979534
v 1.952506318e-05 -0.007460388355 -0.0004886756651
v 4.422677011e-05 0.008527619764 0.0003917090653
v 4.8810718e-05 -0.008527021855 0.0003917205322
v 5.46477022e-05 0.006978292484 0.0176562462
v 5.839894948e-05 -0.006977696903 0.01765625179
v 6.141346239e-05 0.001549873617 0.02365665324
v 6.224729441e-05 -0.001549274893 0.02365666442
v 8.458567754e-05 -0.007661522832 -0.001498286612
v 0.0001149480449 0.008521379903 0.0005476009101
v 0.0001195273799 -0.008520752192 0.0005475901999
v 0.0001220583435 -0.0078078527 -0.003747623181
v 0.0001290395303 -0.007806969341 -0.001646260847
v 0.0001309859654 -0.003749999916 -0.003697680309
v 0.0001327558421 -0.003799999133 -0.003747645766
v 0.000133567024 -0.007806022651 -0.003747223178
v 0.000147750965 0.005932618864 0.008411324583
v 0.0001511226728 0.007003195584 -0.003348149825
v 0.0001872525027 0.0072576534 0.01617288403
v 0.0001911531726 -0.007256986573 0.01617288031
v 0.0001989082084 0.006892428268 -0.003243911313
v 0.0001991368626 0.005141645204 0.01045991015
v 0.0002397224016 0.005482145119 0.02119683288
v 0.0002426690771 -0.005481455009 0.02119683288
v 0.0002483204589 0.00688350061 0.003240495455
v 0.0002622371539 -0.007431240752 0.001476898207
v 0.0002828291617 -0.007780622691 -0.003738782834
v 0.0003081705363 0.006872816943 0.00323536084
v 0.0003198638733 0.005596234929 0.009483428672
v 0.0003222368541 0.006973396987 -0.003736127634
v 0.0003229724243 -0.007481529377 0.01456615422
v 0.0003691888996 -0.004699999932 0.01020595804
v 0.000371992006 0.007415755186 -0.0004886793904
v 0.0003720134846 0.007415756583 0.0028132468
v 0.000376607728 0.004491187166 0.02214969508
v 0.000379022531 -0.004490422551 0.02214969508
v 0.0003873162495 -0.00429961225 0.01017353777
v 0.0003882288293 0.002899999265 -0.001448882511
v 0.000388229033 0.002900000196 0.001448892523
v 0.0003971806436 -0.006496489979 0.01903662831
v 0.000427051622 0.002750000218 0.001593784778
v 0.0004270521167 0.002749999752 -0.001593772206
v 0.0004405433137 0.006950393785 0.003321908414
v 0.00044685803 -0.007596489508 -0.001431727898
v 0.0004532026651 0.007662833668 0.01289141271
v 0.0004573210317 -0.007662022486 0.01289140806
v 0.0004747553321 0.003025316633 0.022956172
v 0.0004763820907 -0.003024497302 0.02295616828
v 0.0004786923819 0.00539166946 0.01004443504
v 0.0004986452404 -0.004699997138 0.0100154141
v 0.0005077963579 -0.007736430503 -0.001569254906
v 0.0005643562763 0.004900000058 -0.00320063252
v 0.0005643566838 0.004900000524 0.00320062018
v 0.0005648639635 0.006821735296 -0.003200533334
v 0.000565180555 0.006821447983 0.00320048444
v 0.000566191331 0.005907435901 0.02022208646
v 0.0005693670828 -0.005906565115 0.02022209764
v 0.0005823261454 -0.005649997853 -0.003400504589
v 0.000582327717 -0.003850002307 -0.003400492249
v 0.0005845877458 -0.003800000995 -0.003413705155
v 0.0005907664308 -0.00376339932 -0.003449777141
v 0.0005964947632 -0.006842459086 0.01773847453
v 0.0005992054357 -0.003749998054 -0.003499066224
v 0.0006076577702 0.0007514358149 0.02350828797
v 0.0006080608 -0.0007505468675 0.0235082861
v 0.0006244513206 -0.007373311557 0.001363833086
v 0.0006292499602 -0.004679360893 0.009827051312
v 0.0006509705563 0.006904565264 -0.003285795217
v 0.0006579476758 0.005351773463 0.009400006384
v 0.0006712596514 0.004900002386 -0.001162660774
v 0.0006712600589 0.004900000524 0.001162659493
v 0.000672517519 0.006829478312 0.00405625999
v 0.0006779096439 0.00679613417 -0.003178509185
v 0.0006883123424 0.006895771716 0.003538620891
v 0.000707065512 0.00750405062 -0.0004886807874
v 0.0007250845665 0.007854445837 -0.0004230260383
v 0.0007304519531 0.002749998122 -0.003627174068
v 0.0007403215277 0.006883182097 -0.003676202148
v 0.0007403217023 0.002800001297 -0.003676195396
v 0.0007411417319 0.008166752756 -0.0002353239979
v 0.0007431937847 0.007934659719 0.009559229948
v 0.0007474577287 -0.007933697663 0.009559216909
v 0.0007499390631 -0.007527748588 -0.001298538875
v 0.0007499996573 0.003100000322 0.001299041207
v 0.0007499998319 -0.00564999925 -0.001299042488
v 0.0007500000647 -0.005649999715 0.001299044932
v 0.0007500002393 0.002899999032 -0.001299044583
v 0.0007500004722 0.002899998566 0.001299042837
v 0.0007500004722 0.003099999391 -0.001299031428
v 0.0007500741049 -0.007348532788 0.001299000694
v 0.0007512496086 0.008363314904 1.552217896e-06
v 0.0007562956307 -0.004612130579 0.009647835046
v 0.0007576239295 0.008487222716 0.0003370855702
v 0.0007583970437 0.008502253331 0.0005480370019
v 0.0007793307886 0.007128560916 0.01628130302
v 0.000783162599 -0.007127577439 0.01628131047
v 0.0007989238948 0.005230417941 0.009585412219
v 0.000799565285 -0.002481460338 0.02296476811
v 0.0008008138975 -0.007514866535 -0.00126803387
v 0.0008087269962 0.006764088292 0.003147765528
v 0.0008250001702 0.002750000218 0.001428939751
v 0.000825000403 0.002749999985 -0.001428943011
v 0.0008333789883 0.005391262006 0.009541384876
v 0.0008372248849 0.002416283125 0.02296404727
v 0.000842723588 -0.007657245733 -0.003653264837
v 0.0008538420661 0.006304826122 0.01909310743
v 0.0008572317311 -0.006303802133 0.01909310557
v 0.0008675457211 0.004943930544 0.02129933238
v 0.0008702031919 -0.004942897242 0.02129933797
v 0.0008730933187 -0.007649142295 -0.001397477579
v 0.0009006563923 0.003792409552 0.02222860977
v 0.000902694359 -0.00379136391 0.02222860977
v 0.0009285203996 -0.007309486158 0.001178064151
v 0.0009332728223 0.006833021529 0.003215621226
v 0.0009348909953 0.005262172315 0.009400004521
v 0.0009453944513 -0.0022330184 0.02295982465
v 0.0009608389228 -0.004454528447 0.009368128143
v 0.001040825504 -0.007449418772 -0.001080799033
v 0.001060660114 0.002900000196 -0.001060660579
v 0.001060660696 0.002899999032 0.001060659532
v 0.001065533841 0.006724392064 0.004056252073
v 0.001074959873 0.00814816542 0.006497445051
v 0.00107933837 -0.00814702455 0.006497436203
v 0.001103799441 0.005706696771 0.008411311544
v 0.001113700913 0.006654798985 0.01780953445
v 0.001117276959 -0.00665363716 0.01780952513
v 0.001136143343 0.007539486513 0.01306380145
v 0.001138490741 0.006773596164 -0.003148050047
v 0.001138984226 -0.003850001842 -0.003256561467
v 0.001140328706 0.005402510986 0.009131437168
v 0.001143407309 -0.003800001228 -0.003269208129
v 0.00115513429 0.006666507572 -0.003037787043
v 0.001155490754 -0.003763397457 -0.003303764388
v 0.001162657281 0.004899998661 -0.0006712533068
v 0.001162657398 0.004900000989 0.0006712677423
v 0.00116672588 0.002750000916 -0.001166723552
v 0.001166726579 0.002749999519 0.001166728558
v 0.001171220676 -0.007563886698 -0.001158879953
v 0.001171997515 -0.003750000149 -0.003350957297
v 0.001174867502 -0.007249051239 0.0009325679275
v 0.001176780439 -0.004299402237 0.009085434489
v 0.001207667752 6.061374619e-07 0.0232135728
v 0.001213538228 0.006750271656 -0.003119680565
v 0.001230903668 -0.007468336262 -0.0004886833485
v 0.001259907847 -0.007818095386 -0.0004229778424
v 0.001266846317 -0.007380884606 -0.0008018966182
v 0.001285771257 -0.008129803464 -0.0002351705189
v 0.001287734834 0.006624261849 0.002983991755
v 0.001298191375 0.006062158849 0.01914253086
v 0.00129842048 -0.007370838895 -0.0007499404601
v 0.001298897318 -0.007215462159 0.0007502497756
v 0.0012990369 -0.005649998318 -0.0007500067004
v 0.001299037598 -0.005650000647 0.0007499932544
v 0.00129903818 0.002899999497 0.0007500064676
v 0.001299038413 0.0028999981 -0.0007499940111
v 0.001299038529 0.003100000089 -0.0007499956409
v 0.001299039111 0.003099997994 0.0007500043139
v 0.001301449491 -0.006060892716 0.01914253272
v 0.001302070683 -0.008326253854 2.387786026e-06
v 0.001312304055 -0.008449619636 0.0003383141593
v 0.001313533285 -0.008464366198 0.0005488843308
v 0.001317341463 0.005374302156 0.02031138912
v 0.001320229494 -0.005373029038 0.02031139657
v 0.001322002499 -0.003750000149 -0.003455765545
v 0.001339866896 -0.0037999989 -0.00350246625
v 0.001340218238 -0.007508930285 -0.003502269275
v 0.001342520234 0.004900000989 -4.848668134e-09
v 0.001343102194 0.00670795748 0.003065574681
v 0.001355789136 0.006942347158 0.01637712866
v 0.001359521062 -0.006941052619 0.01637713052
v 0.001372802421 -0.007194081787 0.0006045007613
v 0.001382926246 -0.007494424935 -0.003485653084
v 0.001404757379 -0.007486898918 -0.0008534682565
v 0.001409955206 -0.001431006123 0.02289515361
v 0.001413775841 0.00832214579 0.003384135664
v 0.001418130589 -0.00733162649 -0.0004887820687
v 0.001418163534 -0.00717983814 -0.000488688529
v 0.001418247819 -0.008320817724 0.003384126583
v 0.001428337535 0.00139900879 0.02289057709
v 0.001428941614 0.002750000218 0.0008249951061
v 0.00142894173 0.002750001848 -0.000824999006
v 0.001430631266 0.006677886937 0.003025561571
v 0.001441094908 0.006601918489 0.004056254867
v 0.001447292743 0.002935238648 0.02227782458
v 0.001448871219 -0.002933898475 0.02227783762
v 0.001448888681 0.00290000136 0.0003882249293
v 0.001448888914 0.002899999032 -0.0003882299643
v 0.001463937806 0.006666123401 0.003538614605
v 0.001463938039 0.006666123867 -0.003452453064
v 0.00146773993 0.006664771121 -0.003008034779
v 0.001480045146 -0.007161105052 0.0002438639203
v 0.001481046085 0.004236774985 0.02137709223
v 0.001483323751 -0.004235413391 0.02137710154
v 0.001488974667 0.005242963787 0.008698943071
v 0.001491107512 -0.007379265502 -0.0004886845127
v 0.001494681812 -0.007156739943 -0.0001262070145
v 0.001494987286 -0.005650001578 0.00670000026
v 0.001494987286 -0.004749999382 0.006699999329
v 0.001498404308 -0.004748542793 0.006699991412
v 0.001499999431 -0.00715509709 3.463427944e-08
v 0.00149999978 -0.00564999925 -6.705823452e-09
v 0.001500000362 0.002900000662 6.468800606e-09
v 0.001500000362 0.003099998925 4.379287155e-09
v 0.001502102357 0.005561602768 0.008411318064
v 0.001529630157 -0.00744241057 -0.003423822578
v 0.00156696362 -0.007428618614 -0.0004887134419
v 0.001589851454 -0.007170654833 0.01483292598
v 0.001593777444 0.002750000218 -0.0004270483332
v 0.001593778143 0.002749998588 0.0004270560457
v 0.001606182777 0.001088738441 0.02284011804
v 0.001618458307 0.006410572212 0.01787203923
v 0.001621903386 -0.00640913751 0.01787203737
v 0.001624999335 0.004900000524 -0.00281458348
v 0.001625000266 0.004900000524 0.002814588603
v 0.001625709934 0.006502806675 0.002814173233
v 0.001627119607 0.006501836237 -0.002813359257
v 0.001647104044 -0.004737895448 0.006688314024
v 0.001650000457 0.002749999287 6.89778501e-09
v 0.001650951686 0.008433445357 0.0005500346306
v 0.001655783388 -0.008431621827 0.0005498597748
v 0.001664005336 -0.005649998784 -0.003022187389
v 0.001664006151 -0.003849999746 -0.003022174584
v 0.001670468482 -0.003800001228 -0.003033915767
v 0.0016881224 -0.003763396991 -0.003065985395
v 0.001689654426 0.006581710652 -0.002889292547
v 0.001712237252 -0.003749998054 -0.003109785728
v 0.001728785806 0.005766789895 0.01918756589
v 0.001731884899 -0.005765295587 0.01918756217
v 0.001739328261 -0.004325663205 0.006699994672
v 0.001741721062 0.005458476953 0.008411318064
v 0.001741788117 0.005208486225 0.008411305025
v 0.00174262072 -0.00460364949 0.006684764754
v 0.001761182793 -0.004691913258 0.006665807217
v 0.001791561255 0.006436031312 0.002711598529
v 0.00179451576 -0.00463127112 0.006665962748
v 0.001808848581 0.007355054375 0.01322422829
v 0.00181280158 -0.007353519555 0.0132242348
v 0.001820777426 0.0007118983194 0.02275643311
v 0.001833379734 -0.004110728856 0.006700002123
v 0.001841105288 -0.005650000181 0.006638197694
v 0.00184356363 -0.004371589515 0.006686692126
v 0.001844085287 -0.004657649435 0.006640040316
v 0.001850114088 0.006516598631 0.002788953017
v 0.001860286458 0.0006421552389 0.02273764089
v 0.001860631397 -0.0006405927124 0.02273764461
v 0.001873763977 -0.004643325694 0.006628981791
v 0.001875505201 -0.004650387913 0.006626538932
v 0.001876783092 -0.007305357605 -0.003246039385
v 0.00187692442 0.002749998821 -0.003188600531
v 0.001902287011 0.006494490895 -0.003231692361
v 0.001902288408 0.002799998038 -0.003231684212
v 0.001905520447 0.006493107416 -0.002752064029
v 0.001916751615 0.006696328521 0.01646331511
v 0.001920350012 -0.006694735494 0.01646330394
v 0.001942352392 -0.004415095784 0.006648150738
v 0.001943083596 -0.003881684039 0.006700003985
v 0.001978817629 -0.004615297541 0.006575049832
v 0.001979593653 -0.004165377468 0.006674722768
v 0.001983903814 0.00196296256 0.02228156477
v 0.001984959235 -0.001961331815 0.02228157036
v 0.001991666155 -0.003740908578 0.006700005848
v 0.001991879428 -0.007383141667 -0.0004886899842
v 0.001994988183 -0.005650000647 0.003550005378
v 0.001994988183 -0.004550000187 0.003550002584
v 0.002011207398 0.006339710671 -0.002552943071
v 0.002017105464 -0.005650000647 0.003249994013
v 0.002017106628 -0.004550001584 0.003250006121
v 0.002025766997 -0.0003467865463 0.02264492586
v 0.002030356321 -0.004453850444 0.006585914642
v 0.002034029923 0.004643542226 0.02039229311
v 0.002036525169 -0.004641884938 0.02039229684
v 0.002043356188 -0.0003152324643 0.02263364196
v 0.002043446526 -0.003099170281 0.006817760412
v 0.002062601037 -0.003711483907 0.007980044
v 0.002064930508 0.006951983552 -0.0004886953393
v 0.002064951928 0.006951984949 0.002813230967
v 0.002068977803 -0.00447086757 0.006546982564
v 0.002080003731 -0.00395327853 0.006675521843
v 0.002093296731 0.003338966286 0.02145061828
v 0.002094326541 -0.003499999875 0.006699997932
v 0.002095090458 -0.003337278264 0.02145061456
v 0.002103646751 -0.00448575709 0.006503249519
v 0.00210771733 -0.004222677555 0.006602962967
v 0.002108345507 0.006107970141 0.0179294683
v 0.00211162772 -0.006106270477 0.01792946272
v 0.00212453492 0.006395020988 -0.002587090712
v 0.002139241202 -0.003650090192 0.007872605696
v 0.002142811893 -0.003850000678 -0.002703862032
v 0.002151133493 -0.003800000064 -0.002714353381
v 0.002161839977 -0.00377237238 0.006669091061
v 0.002165586688 -0.00442543719 0.006454285234
v 0.002167543862 -0.004437772091 0.006445348728
v 0.002171106404 -0.004448844586 0.006438225973
v 0.002173868008 -0.003763398854 -0.002743045334
v 0.002180694602 0.006292910781 0.004056250211
v 0.002183201257 0.006367304362 -0.002537787659
v 0.002186329337 -0.004550000187 0.003588059684
v 0.00218632957 -0.005650000647 0.003588062478
v 0.002191645559 -0.004397370853 0.006431455724
v 0.002202094067 -0.005649999715 0.006407101639
v 0.00220235181 -0.006922727916 0.01494978275
v 0.00220352225 -0.004017863888 0.006604515482
v 0.002204922726 -0.003749998985 -0.002782232594
v 0.002208613092 -0.004267849494 0.006490719505
v 0.002210319741 0.006354282144 0.003538620193
v 0.00221371674 0.00624475861 0.002379491227
v 0.00221519568 -0.003587866202 0.007764603477
v 0.00221733097 8.795036592e-07 0.02250779234
v 0.002230376005 -0.004400883336 0.006377798505
v 0.002234772313 -0.003601114964 0.006669095717
v 0.002245952841 -0.004284604918 0.006422973704
v 0.002247650875 -0.005649998784 0.003193670651
v 0.002247651806 -0.004549999721 0.003193682525
v 0.002247902798 0.007345811464 -0.0004886959214
v 0.002250570804 0.007625088096 0.01000257861
v 0.002254669555 -0.007623313926 0.01000257954
v 0.002256390639 -0.004045509733 0.006553549785
v 0.002273210557 -0.004296878353 0.006349655334
v 0.002291241894 0.006314618513 0.002439759672
v 0.002299209125 -0.004259911831 0.006319522392
v 0.002301545115 -0.004069117829 0.006493891124
v 0.002303462708 0.007693432737 -0.0004226151796
v 0.002332782838 -0.003522020997 0.007594043389
v 0.002339326311 -0.003805190092 0.00655355351
v 0.002348540584 -0.004549999256 0.003696446773
v 0.002348540816 -0.005649999715 0.003696449567
v 0.002352380194 -0.004095701501 0.006391497795
v 0.002352983924 0.008002988063 -0.0002338315389
v 0.002354546683 -0.007082743105 -0.002918316517
v 0.002364481566 -0.004102028441 0.006354513578
v 0.002364929765 -0.004164407961 0.00620594155
v 0.002366247354 -0.004177299328 0.006194088142
v 0.002366478322 -0.004152336624 0.006218595896
v 0.002367898123 -0.003500063671 0.006662526168
v 0.002369008027 -0.00414538756 0.006226131227
v 0.002370384755 -0.003749999451 -0.002840997651
v 0.002370389644 -0.004190581851 0.006183341146
v 0.002377655124 -0.004108916037 0.006297534332
v 0.002381425817 -0.003706332063 0.006553554907
v 0.002384079155 0.008197371848 4.288464424e-06
v 0.002386167413 -0.00411336869 0.0062000053
v 0.0023938003 0.006154042203 -0.002198236994
v 0.002394448733 -0.003505892586 0.007502835244
v 0.00240241643 -0.0037999989 -0.002879395382
v 0.002402678132 -0.007058004383 -0.002879006788
v 0.002403545892 0.008319057524 0.0003413262602
v 0.002405800857 0.008332994767 0.0005529817427
v 0.00241126609 0.006253542844 -0.002871979261
v 0.002416234463 -0.003362655407 0.007470251061
v 0.002426256426 -0.005650000181 0.003037388902
v 0.002426257357 -0.004550001584 0.003037400777
v 0.002433179645 -0.005650001112 0.00604612194
v 0.002434641123 -0.004039797001 0.006042235997
v 0.002435522387 -0.003500864841 0.007441360969
v 0.002435849281 -0.003500402905 0.006648400333
v 0.002438818337 -0.003994377796 0.006065036636
v 0.002439268399 0.0009655545 0.02221064642
v 0.002439786447 -0.0009636803297 0.02221064642
v 0.00245294231 -0.003826197004 0.006373053882
v 0.002456926974 -0.005650000181 0.003858660348
v 0.002456926974 -0.004549999721 0.003858657554
v 0.002460908378 -0.003499998013 0.007403036114
v 0.002462391509 0.006387521978 0.01654324494
v 0.002465823898 -0.006385632325 0.01654324867
v 0.002468627878 0.007105933968 0.01337410789
v 0.00247244793 -0.007104043383 0.01337410696
v 0.002473075641 -0.003885715967 0.005913915113
v 0.002473251428 -0.003891423112 0.005908804014
v 0.002473990899 -0.003897080664 0.005903838668
v 0.002474446548 -0.003874615999 0.005924219731
v 0.002475059358 -0.003892209381 0.005898651667
v 0.002475304529 -0.003773689503 0.006373062264
v 0.002476800699 -0.003626977792 0.00655354932
v 0.002477223519 -0.003862216603 0.005913463887
v 0.002477545524 -0.00388337858 0.005885956809
v 0.002477559028 -0.003860665951 0.00591888791
v 0.002479429822 -0.003851785557 0.005912255496
v 0.002480469411 -0.003846669337 0.005913530942
v 0.002482366282 -0.003836963093 0.00591999013
v 0.002482897835 -0.003869103966 0.005855023395
v 0.002483113203 -0.003832999617 0.005927396473
v 0.002483331598 -0.003831816139 0.006199993659
v 0.002483332762 -0.003831818933 0.005939792376
v 0.002484861529 -0.003832086222 0.005896694493
v 0.002487099962 -0.003842900507 0.005836365744
v 0.002488368424 0.005108412355 0.007358720992
v 0.002489279956 0.006104334258 -0.002089490881
v 0.002489358885 0.006104710046 0.002089394489
v 0.002489643404 0.004900001921 0.002089057351
v 0.002489644801 0.004899999592 -0.002089055488
v 0.00249007903 -0.003827439621 0.005842785351
v 0.002492335625 -0.003852973459 0.005772777367
v 0.002494321438 -0.003850758541 0.005736431107
v 0.002494464628 -0.003811304923 0.005865307525
v 0.002494986402 -0.003849826986 0.005665450823
v 0.002494986635 -0.005649998318 0.004049995448
v 0.002494987566 -0.003850001609 0.005630889907
v 0.002494987799 -0.005650001578 0.005700004287
v 0.002494987799 -0.004549999721 0.004050007556
v 0.002494987799 -0.004549999256 0.003081817878
v 0.002494987799 -0.003849998815 0.00308181881
v 0.002494995482 -0.003849670989 0.005699993577
v 0.002495830413 -0.003825474996 0.005777146202
v 0.002500414848 -0.003791705705 0.006199995056
v 0.002500903793 -0.003809406189 0.005785001907
v 0.002501784591 -0.003789840033 0.005939782597
v 0.002502599964 -0.0038117324 0.003081813222
v 0.002508384408 -0.003799997736 0.005630887114
v 0.002508384641 -0.0037999989 0.00308181555
v 0.002509835875 -0.003790317103 0.00580893876
v 0.002512682462 -0.004549999721 0.002816364169
v 0.002512682695 -0.005650000181 0.002816366963
v 0.002516077831 0.005380583927 0.007315241266
v 0.00251770555 -0.003773129079 0.005939791445
v 0.00251783221 -0.00377470511 0.005882564932
v 0.002521339338 -0.003781639971 0.005738237407
v 0.00252256426 -0.003776652971 0.005799233448
v 0.00252427673 -0.003779288614 0.00563089177
v 0.002524276963 -0.003779289778 0.003081819974
v 0.002525964752 -0.003731537145 0.006373061333
v 0.002537033055 -0.003760514315 0.005939792376
v 0.002539115259 -0.003759505227 0.006200001109
v 0.002539993497 -0.003764242399 0.005791215692
v 0.002544986783 -0.003763396526 0.003081815317
v 0.002544986783 -0.003763395362 0.005630887114
v 0.002547855023 -0.003755890066 0.005939785391
v 0.002548975172 0.006180074066 -0.002166717313
v 0.00255671842 -0.003757611848 0.00308181229
v 0.002556937281 -0.003757520579 0.005630893167
v 0.002557103522 0.00500512775 0.01927978545
v 0.002559792716 -0.005003187805 0.01927978359
v 0.002562102862 -0.003849998815 -0.002310439479
v 0.002562103095 -0.005649999715 -0.002310437616
v 0.002570441691 0.006061410066 0.001988805598
v 0.002572052646 -0.003800001228 -0.002319409512
v 0.002578157 -0.003750748234 0.005785423797
v 0.002581665525 -0.003749999451 0.006200004835
v 0.002581665525 -0.003603552934 0.006553546526
v 0.002581665758 -0.003750000382 0.005939788651
v 0.002581665758 -0.003719095839 0.006373064127
v 0.002581665991 -0.003500000108 0.006633010693
v 0.002583290683 -0.003750000615 0.005884959362
v 0.002584611299 -0.003849998349 0.002489813836
v 0.002584611531 -0.00564999925 0.002489815699
v 0.002584700007 0.005743829999 0.01798598841
v 0.002585517941 -0.003750000149 0.005836475175
v 0.002587234834 -0.003749999451 0.005804396234
v 0.002587785479 -0.005741876084 0.01798598282
v 0.002588326344 -0.003750001313 0.005785333458
v 0.002591882134 -0.00381173077 0.002492072526
v 0.002593362005 -0.003749997821 0.00568570802
v 0.002594683086 -0.003750000382 0.005649148021
v 0.002594962949 -0.003749999683 0.005635870621
v 0.002594988095 -0.003750000848 0.003081822069
v 0.002594988095 -0.003749999683 0.005630893633
v 0.00259923446 -0.00376339606 -0.002343925647
v 0.002606119029 0.0004794871493 0.02215274051
v 0.002606377471 -0.0004775210691 0.0221527461
v 0.002612588694 -0.00377928908 0.0024984919
v 0.002636366524 -0.003750000382 -0.002377401805
v 0.002637563972 -0.003719484899 0.006371987518
v 0.002637564205 -0.003499999642 0.006633014418
v 0.002637564205 0.002631672658 0.006523001008
v 0.002637564437 0.002499999246 0.006633017678
v 0.002637564437 0.002719487995 0.006371989846
v 0.00263756467 -0.003750000615 0.006199993193
v 0.00263756467 -0.003631671658 0.006522993557
v 0.00263756467 0.002750000451 0.006199999712
v 0.002637564903 0.002603551606 0.006553559564
v 0.002641464816 0.006128635257 0.002049999079
v 0.002643576125 -0.003757610917 0.002508088015
v 0.002647763584 -0.003499997547 0.007112793159
v 0.002663370222 0.002287735464 0.02150559239
v 0.002664598403 -0.002285740338 0.02150557935
v 0.002680130303 -0.003749999218 0.002519418951
v 0.00269412552 -0.006898577325 -0.0004886913812
v 0.002705740742 0.007830768824 0.006984492298
v 0.002709949156 -0.007828749716 0.006984486245
v 0.002713375492 0.00598232355 -0.001788880327
v 0.002721560653 0.005353151821 0.006989709102
v 0.002721700585 0.005071849562 0.00698978873
v 0.002724193502 1.013514861e-06 0.02207843587
v 0.002730599837 0.003693302395 0.02048812248
v 0.002732583554 -0.003691270249 0.02048812807
v 0.002746196697 -0.007254587021 -0.0004886906827
v 0.002756688977 0.005957754795 -0.001721381792
v 0.002773004118 0.006052491721 -0.001863970538
v 0.002776422771 -0.006850464735 -0.002521208255
v 0.002781680087 0.002750000218 0.00618243264
v 0.002781681018 -0.003750002477 0.006182441022
v 0.002789427759 0.005939127412 0.001667816075
v 0.002799316077 -0.006608764175 0.01505905483
v 0.002815092914 -0.007600155659 -0.0004224196891
v 0.002816817723 0.002749999519 -0.002399072051
v 0.002822991461 -0.003719486063 0.006349397823
v 0.002822991693 0.002719486831 0.006349400152
v 0.002826936077 -0.003152020741 0.006817766
v 0.002826997545 -0.003378748428 0.006817769259
v 0.002827028977 -0.003499997314 0.006817758549
v 0.002845449606 -0.003849998116 0.00195086759
v 0.002845449839 -0.005649998784 0.001950869453
v 0.002851338359 -0.003499999875 0.006776212249
v 0.002851338359 -0.003439339576 0.006776175462
v 0.002851729514 -0.003811732167 0.00195518136
v 0.002852654317 0.006004630588 -0.001736011938
v 0.002854882507 0.002800001064 -0.002431492554
v 0.002854883205 0.006003271788 -0.002431489993
v 0.00285650068 -0.003800000763 0.001958442619
v 0.002859260188 0.002631673589 0.006495976355
v 0.002859260421 -0.003631670494 0.006495968904
v 0.002869608579 -0.003779291408 0.001967439894
v 0.002875447506 -0.003499998944 0.006734590977
v 0.002876466839 -0.007907752879 -0.0002331402357
v 0.002882714383 0.005906042177 0.004056254402
v 0.002885685535 -0.003499998478 0.00660277158
v 0.002885685768 0.00250000041 0.00660277484
v 0.002886689501 -0.00376339769 0.00197914918
v 0.00289636571 -0.003757612314 0.001985786948
v 0.002910232637 -0.003849999746 -0.001852841116
v 0.002915025689 -0.00810101442 6.121924343e-06
v 0.002917357488 0.002749998821 0.006130764261
v 0.00291735772 -0.003750000149 0.006130773108
v 0.002918777289 0.005963865668 0.003538625315
v 0.002921533538 -0.003799998201 -0.001860043849
v 0.002925132168 0.00595989963 0.001607091166
v 0.002927927766 -0.003749998985 0.002007426694
v 0.002939003985 -0.008221228607 0.0003440731089
v 0.002941674553 -0.008234495297 0.0005556062679
v 0.002952410374 -0.003763397923 -0.001879699994
v 0.002963683801 0.005935641006 0.001533148577
v 0.002991101472 0.007372520398 0.0102068428
v 0.002991485642 0.005816105288 0.001270233537
v 0.002992590657 0.005815252662 -0.001267633634
v 0.0029929257 0.006012676284 0.01662072353
v 0.002993599279 -0.003499997081 0.006674605422
v 0.002994587412 -0.003749999451 -0.001906548277
v 0.002995063784 -0.007370347623 0.01020684
v 0.002995625837 0.005031992216 0.006515097339
v 0.002996156923 -0.006010503042 0.01662073471
v 0.002997561358 -0.003719487227 0.006282914896
v 0.003001534147 0.005320067052 0.006504950114
v 0.003016131464 0.005800053477 -0.001210556948
v 0.003018388757 0.005798733328 0.001204926404
v 0.003030584659 0.002500002272 0.006817756221
v 0.003030585591 0.003149492666 0.006817764603
v 0.003033937654 0.002683011349 0.006351919845
v 0.003046917729 0.005316006951 0.006420181599
v 0.003048855811 0.005314974114 0.01804579422
v 0.003051711945 -0.005312771071 0.01804579236
v 0.003053765977 0.0057755257 -0.001112208702
v 0.00305378437 0.005775659811 0.001112162485
v 0.003054000204 0.004900001921 0.001111561665
v 0.003054001369 0.004899998661 -0.001111563877
v 0.003067976562 -0.003631671425 0.00641650008
v 0.003082348499 0.00585888885 0.001274288166
v 0.003101523733 0.005846187007 -0.001226931112
v 0.003109485144 0.001157918829 0.02151106112
v 0.003110105637 -0.001155683422 0.0215110518
v 0.003112799022 0.006788469851 0.01351491176
v 0.003113801125 -0.00349999941 0.006612683181
v 0.00311644678 -0.006786232349 0.01351491455
v 0.003119280562 0.002500000875 0.006513826083
v 0.003119281027 -0.003500001738 0.006513822358
v 0.003129930468 -0.003850001376 0.001451214659
v 0.003137537045 -0.006622101646 -0.002052822849
v 0.003138857195 0.007996055298 0.003880933393
v 0.003142083995 -0.003799999366 0.001456847298
v 0.003143155249 -0.007993804291 0.003880941309
v 0.003157769563 0.005707476754 0.0007687591133
v 0.003158256412 0.002500000875 0.006493954919
v 0.003158258274 -0.00349999941 0.006493966561
v 0.003159734188 0.005706067663 -0.0007606386789
v 0.003163021756 -0.003750000149 -0.001919712056
v 0.003172485624 0.002545359777 0.006454325747
v 0.00317529263 -0.003763398388 0.001472256496
v 0.003177532926 -0.003850000678 -0.001343795913
v 0.003177533159 -0.005650001578 -0.001343794051
v 0.003186006565 0.003834336298 0.006415826268
v 0.003189872717 -0.00380000053 -0.00134901423
v 0.003197468584 0.002608852461 0.006382527296
v 0.003204908455 -0.006576225162 -0.001946092118
v 0.003205765272 -0.003800000297 -0.001945650904
v 0.003220653161 -0.003749999451 0.001493279124
v 0.003223583801 -0.003763396759 -0.001363266725
v 0.003225658787 1.149370291e-06 0.02157392167
v 0.003226771485 0.005661166273 -0.0003878695134
v 0.003232090035 0.005757410079 0.0008156491676
v 0.00323507376 0.005655471701 0.0003111196274
v 0.003237686586 -0.003683254588 0.006260173395
v 0.003237687517 0.00268325652 0.006260163616
v 0.003241060069 0.005751161836 -0.001886272337
v 0.003241669154 0.005750738084 -0.0007761759916
v 0.003249070607 0.0005806759 0.02149900049
v 0.003249381436 -0.0005783681991 0.02149900049
v 0.0032500003 0.004899999592 1.619107515e-09
v 0.0032500003 0.005644916557 4.487773708e-09
v 0.003269635839 -0.003750001546 -0.001382742543
v 0.003278525546 -0.003731244477 0.006125394721
v 0.003286985913 0.002750000916 0.00254867645
v 0.003303434467 -0.003749998985 0.003355765715
v 0.003304931568 -0.00374715426 0.006031140685
v 0.00331477006 0.005699079484 0.0003345850564
v 0.003317737719 0.005696956068 -0.0003036127018
v 0.003320776159 0.002749999287 0.005971283652
v 0.003320777323 -0.003749999451 0.005971292499
v 0.003322265111 -0.003749998985 0.002119425684
v 0.003326881677 0.005005137529 0.005835737567
v 0.003327478655 -0.00385000091 0.0009112616535
v 0.003327478888 -0.005650001578 0.0009112635162
v 0.003330501961 -0.006293070037 0.002813229105
v 0.003331548069 0.005687037949 -5.860799845e-09
v 0.00333693251 0.002799998969 0.002550996607
v 0.00333693251 0.005683160387 0.002550999168
v 0.003337021451 0.005305294413 0.005811779294
v 0.003339131363 -0.004704941064 0.005898305681
v 0.003340399824 -0.003799999133 0.0009147950332
v 0.003350457177 0.003998368979 0.01939759403
v 0.003351459047 -0.006113301031 0.003330554115
v 0.003352605971 -0.003996003419 0.01939759962
v 0.003353245789 -0.003800001228 0.003351415042
v 0.003356578527 -0.003849998349 -0.0007974262116
v 0.003358777612 0.002557097003 0.02058532462
v 0.003360152012 -0.002554729581 0.02058533579
v 0.003369614482 -0.003800001694 -0.0008005153504
v 0.003371919505 -0.003800000763 0.002125292551
v 0.003372264095 -0.006266104989 0.002122392412
v 0.00337255979 0.005657306407 0.003538621124
v 0.003374425229 0.005005903076 0.005721498746
v 0.003375702072 -0.003763397224 0.0009244626854
v 0.003379206173 0.005001991056 0.005721487571
v 0.003379586153 -0.006225346588 0.01516353618
v 0.00338133797 -0.005304789636 0.005711246282
v 0.00338141853 -0.005019675475 0.005710853729
v 0.003401587717 0.002749999752 0.005608456675
v 0.003403045004 0.002750001149 0.004040878266
v 0.003405224998 -0.003763398156 -0.0008089818875
v 0.003406008473 -0.006432742346 -0.001569862361
v 0.00340655027 0.005613905843 0.003781654872
v 0.003414310282 0.005159582943 0.005620446056
v 0.003417874221 0.005623959471 0.001808905159
v 0.003419068409 -0.00530788349 0.005615395028
v 0.003419197164 -0.00516554527 0.005614957307
v 0.003423926653 -0.003750000149 0.0009376739035
v 0.003424830735 0.002604468027 0.006817757618
v 0.003426230513 -0.002602062421 0.006817762274
v 0.003430306679 -0.003749998054 0.005440027919
v 0.003430504352 -0.005359090399 0.005438747816
v 0.003432607045 -0.003849999048 0.0003459821164
v 0.003442398272 -0.003849999746 -0.000228903169
v 0.003442398505 -0.005650000647 -0.0002289013064
v 0.003445937298 -0.003800000064 0.0003473213874
v 0.003446686314 0.002750000451 -0.001345487661
v 0.003448499134 0.002800002694 0.004013443831
v 0.003448501229 0.005419102497 0.004013452679
v 0.003448501695 -0.005822843406 0.004013450816
v 0.003448502161 -0.003800001461 0.004013445694
v 0.003448503092 0.005529495887 0.004013472237
v 0.003451494966 0.005520433187 0.004035067279
v 0.003452379955 0.005314698908 0.005518946797
v 0.003453871934 -0.003750001313 -0.0008205269114
v 0.003454317804 0.005511306692 0.004056261387
v 0.003455236554 -0.005312278401 0.005518955179
v 0.003455765313 -0.003799997969 -0.0002297908213
v 0.003469147952 0.008117993362 0.0005588117638
v 0.003471711185 0.005141859874 0.005098856986
v 0.003473084886 -0.005446847063 0.00508279819
v 0.003482356202 -0.003763399087 0.0003510017123
v 0.003484795103 -0.003750000382 0.004388235509
v 0.003484795336 0.002749998821 0.00438825693
v 0.003487505019 -0.005650961772 0.004444175866
v 0.003488807473 0.005342425779 0.004475274589
v 0.003489568131 -0.00618719589 0.001456756727
v 0.003490490839 0.002749999752 0.004535212182
v 0.003492287826 -0.003763396759 -0.0002322204964
v 0.003493262455 0.002800000831 -0.001363683259
v 0.003493262688 0.005567308515 -0.001363675692
v 0.003508571535 0.005568549503 0.01669951901
v 0.003509111702 0.007573701441 0.007205454167
v 0.003511564108 -0.005566099193 0.01669951901
v 0.003513180418 -0.007571248803 0.007205441594
v 0.003532103729 -0.003750000848 0.0003560171754
v 0.003540796926 0.002749997657 0.001073669526
v 0.003540797858 -0.003749999218 0.001073663472
v 0.003542178776 -0.003750000382 -0.0002355276665
v 0.003588644555 0.002800001996 0.001088165678
v 0.003588645253 -0.006117967889 0.001088168821
v 0.003588645253 0.005493469071 0.001088173012
v 0.003588645719 -0.003799998667 0.001088167657
v 0.003603707999 0.006107414141 -0.0004886977258
v 0.003603729419 0.006107415538 0.002813228406
v 0.003605175065 -0.006280422676 -0.001034521265
v 0.003614392597 -0.003750000149 -0.0007913067238
v 0.003663237439 -0.003800001228 -0.0008019909728
v 0.003663289361 -0.006233944092 -0.0008033096092
v 0.003670203499 0.005428352859 -0.0007694844389
v 0.003675800748 -0.003749999218 0.0004224883742
v 0.003682456445 0.005257634446 0.005140077788
v 0.003685851116 -0.005256300326 0.005136002321
v 0.003692023223 0.005208690185 0.005256634671
v 0.00369393127 -0.005208013114 0.005253897514
v 0.003697203007 0.002750000684 -0.000143829122
v 0.003708804725 -0.006031371187 0.000554327853
v 0.003715205006 0.00704900315 0.01039885357
v 0.003718020162 -0.006189298816 -0.0004886972602
v 0.003718020394 -0.006024140865 -0.0004886936513
v 0.0037187743 0.00538867712 0.0004829233803
v 0.003718993161 -0.00704644341 0.01039885264
v 0.003725472838 -0.0037999989 0.0004281887959
v 0.003731086617 0.005271935835 0.004982518498
v 0.003738682717 0.006398987025 0.01364818029
v 0.00374190486 -0.005072220694 0.005518941209
v 0.003742121626 -0.006396411452 0.0136481747
v 0.003743242007 0.007009732537 -0.0004886944662
v 0.003743847599 -0.005268226378 0.004962034989
v 0.003747009207 -0.007007158361 -0.0004886956885
v 0.003747165203 0.005365171004 -0.000145781305
v 0.003747165669 0.002799998969 -0.0001457788894
v 0.00374995172 -0.006000455935 1.906378384e-05
v 0.003764947876 0.005104897078 0.005370847415
v 0.003781765932 -0.00508533325 0.005383569747
v 0.003824377898 0.001305933809 0.0206480287
v 0.003825079417 -0.001303313416 0.02064802684
v 0.003833045484 0.005244936328 0.004810741637
v 0.003835864365 -0.005242313258 0.004810740706
v 0.003843262093 0.007349096239 -0.0004218505055
v 0.003847192973 -0.007346404716 -0.0004218769027
v 0.003897476476 0.001616719761 0.006817753892
v 0.003898344235 -0.001614062348 0.006817757618
v 0.00392059749 0.006946649402 -0.0004887066316
v 0.003924331162 -0.006943974178 -0.0004886953975
v 0.003932180814 0.007650787942 -0.0002309497941
v 0.003936263267 -0.007648010273 -0.0002310322161
v 0.003938901238 0.005771718454 0.0152659975
v 0.003940718714 0.004254779778 0.01818862744
v 0.003942002077 -0.005769039504 0.01526599098
v 0.003943004645 -0.004252095241 0.01818862744
v 0.003948091529 0.007704769727 -0.0001769399969
v 0.003949912731 -0.00489693135 0.00547376601
v 0.003952233121 -0.00770208519 -0.0001769366208
v 0.003956868313 0.004889599979 0.00547642773
v 0.003960683476 0.0006568434765 0.02066151053
v 0.003961037379 -0.0006541496259 0.02066151425
v 0.003987773322 0.00783939939 9.611427231e-06
v 0.003987784963 0.007735076826 0.004099710844
v 0.003991941921 -0.007732368074 0.004099712707
v 0.003992045298 -0.007836895064 9.976123692e-06
v 0.004008209798 0.007908736356 0.000164027253
v 0.004012213554 -0.005049205851 0.01678337716
v 0.004012459423 -0.007906019688 0.0001640202536
v 0.0040221042 0.00795587711 0.0003495134879
v 0.004025584552 0.00796767883 0.0005625422345
v 0.004026402719 -0.007953230292 0.0003500190214
v 0.004029865377 -0.007964950986 0.0005625389167
v 0.00405289419 0.002780689858 0.01952711493
v 0.004054388497 -0.00277794851 0.01952711865
v 0.004090540111 0.006865535397 -0.0004887029645
v 0.004094229545 -0.006862772629 -0.000488700287
v 0.004139950965 0.0005488966708 0.006817754358
v 0.004140244331 -0.0005461065448 0.006817750167
v 0.004222386982 0.007897171192 0.0007520901854
v 0.004222490359 -0.005615013186 -0.0004887102987
v 0.004222512245 -0.005615011789 0.002813215833
v 0.004226629622 -0.007894337177 0.0007520821528
v 0.00425319653 0.004568893928 0.005518942606
v 0.004255652428 -0.004566041287 0.005518944934
v 0.004257031716 0.007174734026 -0.0004235613742
v 0.004260886461 -0.007171880454 -0.0004235703091
v 0.004271565005 0.007788150571 0.0001013872534
v 0.004275750369 -0.007785289548 0.0001013905858
v 0.004293493927 0.007244433276 0.007410914637
v 0.004297387321 -0.007241559215 0.00741092395
v 0.00430523511 0.007868900895 0.0004721624427
v 0.004309463315 -0.007866020314 0.0004721619189
v 0.004320389591 0.006718423218 -0.0004886977258
v 0.004323998466 -0.006715535186 -0.0004887113464
v 0.004337595776 0.002115659881 0.019582849
v 0.004338731989 -0.002112763003 0.019582849
v 0.004343603272 0.005933790933 0.013775439
v 0.004346791189 -0.005930891726 0.01377543807
v 0.004402497318 0.005037844647 0.003911623266
v 0.004402586259 0.007445045747 -0.0002410224115
v 0.004405203741 -0.005034913309 0.003911613487
v 0.004406585824 -0.007442117669 -0.0002410270099
v 0.004417140037 0.006650215015 0.01057810616
v 0.004420713522 -0.006647276692 0.01057811175
v 0.004469115287 1.48383549e-06 0.02006677538
v 0.004491032567 0.004464030731 0.01687302813
v 0.004493432119 -0.004461054225 0.01687303185
v 0.004495246802 0.006950134877 -0.0004456499883
v 0.004498981871 -0.006947153248 -0.0004456430906
v 0.004508052487 0.007640911732 3.808787733e-05
v 0.004512158222 -0.007637925912 3.808790279e-05
v 0.004559535999 0.001425087568 0.01962661184
v 0.00456030108 -0.001422074274 0.01962660253
v 0.004560432397 0.007738186046 0.0003783036082
v 0.004564589821 -0.007735169493 0.0003782949061
v 0.00466791261 0.006441472564 -0.0004887018004
v 0.004671373405 -0.006438401062 -0.0004887031391
v 0.004687087145 0.007204349618 -0.0002820636437
v 0.004690957721 -0.007201264147 -0.0002820626542
v 0.004703818355 0.0007175555802 0.01965498552
v 0.004704203922 -0.0007144644624 0.01965499111
v 0.004720559809 0.00296425866 0.01834355108
v 0.004722151905 -0.002961159218 0.0183435455
v 0.004814402666 0.007401284296 0.004299745429
v 0.004818380345 -0.007398130838 0.004299740307
v 0.004831922241 0.007396273315 -1.678212357e-05
v 0.00483589666 -0.007393113803 -1.677003274e-05
v 0.004854755942 0.006663632113 -0.0004456514725
v 0.004858336877 -0.006660459563 -0.000445642072
v 0.004902233835 0.007489446085 0.0002524739539
v 0.004904034082 0.00492831599 -0.0004887111136
v 0.004904055037 0.004928317387 0.002813215135
v 0.004906258546 -0.007486245129 0.00025247343
v 0.00492484495 0.00538924709 0.01389820874
v 0.004927739967 -0.005386039149 0.01389820408
v 0.004939426668 0.003814356169 0.01696351916
v 0.004941476509 -0.003811139846 0.01696352661
v 0.004994533956 0.004822532646 -0.0002759638592
v 0.004994554445 0.004822531715 0.002813213738
v 0.004997126292 -0.004819283262 -0.0002759569907
v 0.004997146782 -0.004819284659 0.002813220723
v 0.00500092376 0.004814910237 -0.0004887100076
v 0.005001528189 0.004632133525 0.01547349431
v 0.005003510509 -0.004811656196 -0.0004887063405
v 0.005033464171 0.002256895183 0.01841126941
v 0.005034677219 -0.002253623679 0.01841128059
v 0.005050660111 0.006837991998 0.007600581739
v 0.005054335576 -0.006834714208 0.007600587327
v 0.005059745163 0.006907370407 -0.0002820683294
v 0.00506345788 -0.006904085632 -0.0002820646332
v 0.005091164261 0.006171836983 0.01074411161
v 0.005094482563 -0.006168535911 0.01074412465
v 0.005107448436 0.004781480879 0.00433733454
v 0.005109942984 -0.00477819657 0.004337368999
v 0.005143520422 0.007502816152 0.001567299245
v 0.005147672258 -0.007499180268 0.001567402156
v 0.005188819487 0.0047129062 0.004585234914
v 0.005191277247 -0.004709580448 0.00458527822
v 0.005214508157 0.007091382984 -1.678492845e-05
v 0.005218318664 -0.007088014856 -1.678376611e-05
v 0.005231159274 -0.004671833012 -0.0004886678653
v 0.005236369558 0.004170180764 0.005156486295
v 0.00523853302 -0.004166833591 0.005156526808
v 0.005239580758 0.004581404384 0.004815139342
v 0.005241964944 -0.004578051623 0.004815172404
v 0.005253713112 0.004655236378 -0.0004886650131
v 0.005255687051 0.004395838827 0.005010106135
v 0.005257971119 -0.004392482806 0.005010135937
v 0.005275628995 0.00152102788 0.01846544258
v 0.005276445765 -0.001517625409 0.01846544445
v 0.005289639346 0.007180713117 0.0002524649317
v 0.005293497816 -0.007177302148 0.0002524662414
v 0.005339942407 0.003113309154 0.01704931445
v 0.005341615528 -0.003109873971 0.0170493219
v 0.005422427785 0.00734905852 0.001235146541
v 0.005426457617 -0.007345327642 0.001235236879
v 0.005432031583 0.0007661501877 0.0185013786
v 0.005432442296 -0.0007626671577 0.01850138418
v 0.005459190346 0.00443688035 -0.0004887123359
v 0.005461574532 -0.004433381837 -0.0004887182731
v 0.005475783721 0.004766582977 0.0140162874
v 0.005478344858 -0.004763074219 0.01401628647
v 0.005542971194 0.005589776207 -0.0004887102987
v 0.005545974243 -0.00558623299 -0.0004887087853
v 0.00558704976 1.784897563e-06 0.01834149845
v 0.005608784966 0.00698902877 0.004481812939
v 0.005612540059 -0.00698545156 0.00448180642
v 0.005644953344 0.007106840145 0.0009133042186
v 0.005648818333 -0.007103038952 0.0009134007851
v 0.005677822512 0.002371278824 0.01712485775
v 0.005679096561 -0.002367662964 0.01712486334
v 0.005691919476 0.003984491806 0.004960874096
v 0.00569406664 -0.00398086803 0.004960872699
v 0.005731515586 0.005609589163 0.01089638658
v 0.005734529812 -0.005605944898 0.01089638285
v 0.005759994499 0.005782562308 -0.000445648242
v 0.005763101391 -0.00577890221 -0.0004456571769
v 0.005772040226 0.004539784044 0.001582509372
v 0.005772379227 0.006349408533 0.00777410157
v 0.005774478894 -0.004536114633 0.001582506346
v 0.005775791127 -0.006345744245 0.007774102036
v 0.005908543244 0.00323317037 0.01566765271
v 0.005938050337 0.001598560251 0.01718497276
v 0.005938908551 -0.001594807021 0.01718497276
v 0.005971333478 0.00361441588 -0.0004887209507
v 0.00597327482 -0.003610638203 -0.0004887209507
v 0.005982488394 0.004076104611 0.01412631851
v 0.005984678864 -0.004072323442 0.01412631944
v 0.005998096429 0.005994068924 -0.0002820703085
v 0.006001316942 -0.005990283098 -0.0002820721711
v 0.006060097367 0.00436335057 0.001443965477
v 0.00606244104 -0.004359527957 0.00144395954
v 0.006075378042 0.006962169427 0.002358730882
v 0.006079381332 -0.006957623176 0.002358937869
v 0.006105422042 0.0008053763886 0.01722465828
v 0.006105854176 -0.0008015296771 0.01722465642
v 0.006164736114 1.940059747e-06 0.01723899692
v 0.006177856121 0.006153753959 -1.678957597e-05
v 0.006180097815 0.006769498345 0.001389813493
v 0.006181162782 -0.006149866618 -1.677938781e-05
v 0.006183735561 -0.006765611935 0.001389813493
v 0.006265122909 0.006231273524 0.0002524566662
v 0.006265154108 0.004086232744 0.001323692966
v 0.006266739685 0.002463287674 0.01574799046
v 0.00626734877 -0.004082297906 0.001323683537
v 0.006268063094 -0.002459354931 0.0157479886
v 0.006268471945 -0.006227341015 0.0002524625452
v 0.006285578944 0.004620421678 -0.0004887180985
v 0.006288060918 -0.004616479855 -0.0004887169925
v 0.006319982 0.006791553926 0.002008887241
v 0.006323821377 -0.006786998827 0.002009079792
v 0.006329907104 0.004964496475 0.0110340165
v 0.006332574412 -0.004960529041 0.01103401557
v 0.006361003499 0.006492674816 0.004646659829
v 0.006364491768 -0.006488692015 0.004646664485
v 0.006430226844 0.00332912663 0.01422459073
v 0.006432015449 -0.003325104481 0.01422459912
v 0.006450409535 0.005773772951 0.007931143977
v 0.006453512236 -0.005769739859 0.007931146771
v 0.0064985184 0.006539571099 0.001668372075
v 0.006502137985 -0.006535049994 0.001668554265
v 0.006528214086 0.004779775161 -0.0004456625611
v 0.006530782208 -0.004775700625 -0.0004456625029
v 0.006541380659 0.001660941401 0.01581096463
v 0.006542271934 -0.001656863722 0.01581095904
v 0.006544866133 0.004258738365 0.003647597274
v 0.006547153927 -0.004254654981 0.003647595644
v 0.006549341604 0.002227168065 -0.0004887225223
v 0.006550538354 -0.002223083051 -0.0004887153045
v 0.006637797225 2.067080686e-06 0.01620250009
v 0.006648055278 0.004177232739 0.003901949618
v 0.006650299765 -0.00417309301 0.003901947755
v 0.006688224152 0.004105709959 0.004028682597
v 0.00669202581 0.005714656319 0.0002524679003
v 0.006695095915 -0.005710493308 0.0002524610027
v 0.006714983843 0.004025893752 0.004135509022
v 0.006717145909 -0.004021721892 0.004135503434
v 0.006717343349 0.0008369463612 0.01585204899
v 0.006717792712 -0.0008327701362 0.01585205458
v 0.006720727775 0.003566046711 0.004466736224
v 0.006722643971 -0.003561868798 0.004466742277
v 0.006739699282 0.003816263285 0.004328822251
v 0.006741749123 -0.00381207699 0.004328813404
v 0.006785091013 0.004102195613 0.003866269253
v 0.006787295453 -0.004097985569 0.003866273677
v 0.00679441588 0.004954602104 -0.000282074383
v 0.006797077134 -0.004950386006 -0.0002820723457
v 0.006804260891 0.002536959946 0.01430737413
v 0.006805623416 -0.002532740124 0.01430737786
v 0.006824802607 0.004102205392 0.003646765603
v 0.006827006582 -0.004097972065 0.003646770492
v 0.006835276261 0.003860148834 0.004202086944
v 0.006837349851 -0.003855912015 0.004202082288
v 0.006844267249 0.0007535455516 -0.0004887210671
v 0.006844671909 -0.000749303319 -0.0004887144314
v 0.006862601731 0.004055869766 0.003506917506
v 0.006864781491 -0.004051615018 0.003506930079
v 0.006873344537 0.004247453995 0.01115531009
v 0.006875626277 -0.004243194591 0.01115531195
v 0.006880105473 0.003553812159 -0.0004887182149
v 0.006882014219 -0.003549553454 -0.0004887187388
v 0.006971193012 0.003685607109 0.004172563087
v 0.006973172072 -0.00368129625 0.00417256169
v 0.006990256719 0.003860190744 0.003943310119
v 0.006992330775 -0.003855869872 0.003943305463
v 0.006995390169 0.005086594727 -1.679366869e-05
v 0.006998123601 -0.005082270596 -1.678483386e-05
v 0.00701326644 0.006222839933 0.003086011391
v 0.007016978692 -0.006217476446 0.003086281242
v 0.007043958176 0.00386020611 0.003646476194
v 0.007046032697 -0.003855856368 0.003646486206
v 0.007061133161 0.005906633101 0.004795053974
v 0.007064307109 -0.005902271252 0.004795060027
v 0.007068606559 0.002719942247 0.004466743674
v 0.007070067804 -0.002715579933 0.004466739949
v 0.00707479706 0.00373506709 0.00338876294
v 0.007075429428 0.005111823324 0.00807110779
v 0.00707680406 -0.003730699653 0.003388774581
v 0.007078175433 -0.005107454024 0.008071104065
v 0.007089816965 0.001710904762 0.01437100209
v 0.007090735715 -0.001706528128 0.01437100023
v 0.007092955988 0.00515066972 0.0002524591691
v 0.007095723413 -0.005146294367 0.0002524623997
v 0.007096021902 0.003745197318 0.003792518983
v 0.007096180692 0.006034008693 0.002173782792
v 0.007098033559 -0.003740817774 0.003792519448
v 0.00709910877 -0.006029452197 0.002173682209
v 0.007143245079 0.003676379798 -0.0004456605238
v 0.007145220414 -0.003671977902 -0.0004456592724
v 0.007165792398 0.002422598191 0.004466737155
v 0.007167094387 -0.002418182092 0.00446674088
v 0.007202603854 0.006053390447 0.002716151997
v 0.007206119131 -0.006048103794 0.002716396702
v 0.007272097748 0.0008622376481 0.0144118527
v 0.007272558752 -0.0008577644476 0.01441184524
v 0.007314033806 0.002412402537 -0.000488729158
v 0.007315330207 -0.002407906344 -0.0004887192626
v 0.007319204509 0.005815350451 0.002354077296
v 0.007322482299 -0.005810182542 0.002354315482
v 0.007348316722 0.00347045064 0.01125851274
v 0.007350180764 -0.003465935588 0.01125851087
v 0.007431180682 0.002503819065 0.004172568209
v 0.007431942038 0.003810847877 -0.0002820840164
v 0.007432524581 -0.002499263501 0.004172566812
v 0.007433989085 -0.00380629045 -0.0002820797963
v 0.007436939515 0.001225917484 0.004466742743
v 0.007437597029 -0.001221357961 0.004466739483
v 0.007476550061 0.0009234216996 0.004466730636
v 0.007477045059 -0.0009188354597 0.004466735292
v 0.007528209127 2.303584779e-06 0.004466736689
v 0.007540958002 0.002537417924 0.00338877202
v 0.007542320061 -0.002532804152 0.00338876294
v 0.007557243574 2.312599008e-06 0.01379807387
v 0.007563446183 0.002544301096 0.003792512463
v 0.007564812899 -0.002539672423 0.003792522941
v 0.007578233257 0.00122021453 -0.0004887329414
v 0.007578889374 -0.001215578057 -0.000488722173
v 0.007592140697 0.00249560154 -0.0004456644238
v 0.007593481336 -0.002490958665 -0.0004456625611
v 0.007624833845 0.004231299739 0.0002524545998
v 0.007627107669 -0.004226638004 0.0002524548036
v 0.007636084687 0.00437489571 0.008192835376
v 0.007638434879 -0.004370225593 0.008192836307
v 0.007649901323 0.003912368324 -1.679391789e-05
v 0.007652002387 -0.003907693084 -1.6800921e-05
v 0.007667142898 2.341863137e-06 -0.0004887281684
v 0.007699333597 0.005231333897 0.00492714718
v 0.007702144329 -0.005226629321 0.00492715463
v 0.007711417042 0.001267018146 0.004172557965
v 0.007712096442 -0.001262308913 0.004172557499
v 0.007741312962 0.002645468572 0.01134184934
v 0.00774273416 -0.002640743507 0.01134184934
v 0.007755711209 0.003961653914 0.0002524484007
v 0.007757839281 -0.003956920002 0.0002524478477
v 0.007805746049 2.382076673e-06 0.004172553308
v 0.007824955508 0.001284020604 0.003388767131
v 0.007825644687 -0.001279251301 0.003388765967
v 0.007848214358 0.001287502586 0.003792510135
v 0.007848905399 -0.001282720361 0.003792517819
v 0.007865453139 0.001262295642 -0.0004456610768
v 0.00786613021 -0.001257503638 -0.000445669546
v 0.007878186181 0.0008561294526 0.003388766898
v 0.007878646255 -0.0008513316279 0.003388769925
v 0.007886888459 0.005270828493 0.003699432826
v 0.007891294546 -0.005264038686 0.003701255424
v 0.007897256874 0.002586883027 -0.0002820832597
v 0.007898646407 -0.002582071815 -0.0002820802911
v 0.007920552045 2.408484534e-06 0.003388768528
v 0.007944069803 2.417074029e-06 0.003792512696
v 0.007957427762 2.419920747e-06 -0.0004456745519
v 0.008021384478 0.005116529763 0.003311938141
v 0.008025220595 -0.00510993693 0.003313702764
v 0.00803882163 0.001784492866 0.0114035653
v 0.008039779961 -0.001779609127 0.01140356716
v 0.008077847771 0.00490735285 0.002930975752
v 0.00808103662 -0.004900984932 0.002932678442
v 0.008120802231 0.003575474257 0.008295130916
v 0.008122722618 -0.003570546862 0.008295123465
v 0.008127612993 0.002655793214 -1.679749039e-05
v 0.008129037917 -0.002650860464 -1.680006426e-05
v 0.008180566132 0.001308465376 -0.0002820840746
v 0.008181267418 -0.001303500962 -0.0002820870432
v 0.008227331564 0.0008995136595 0.01144188736
v 0.008227813989 -0.0008945288137 0.01144188643
v 0.00823944062 0.002689248417 0.000252448197
v 0.008240885101 -0.002684257692 0.0002524542797
v 0.008265917189 0.004478466231 0.005041957367
v 0.008268323727 -0.004473460373 0.005041967146
v 0.008275905624 2.506473265e-06 -0.000282079709
v 0.008293333463 2.508358648e-06 0.01145505905
v 0.008302043192 0.004578026477 0.003094692482
v 0.008304141462 -0.004572898615 0.003096430795
v 0.008418468758 0.001343320706 -1.679575871e-05
v 0.008419190533 -0.001338232309 -1.679338857e-05
v 0.008516347967 2.570679726e-06 -1.679706656e-05
v 0.008518007584 0.00272605638 0.008376788348
v 0.008519470692 -0.002720914315 0.008376774378
v 0.008533962071 0.001360239228 0.0002524534357
v 0.008534690365 -0.001355088549 0.0002524440933
v 0.008591840975 0.0008787316619 0.0002524436859
v 0.008592313156 -0.0008735482697 0.0002524548036
v 0.00862099044 0.004160531331 0.004200864118
v 0.008625576273 -0.004152945708 0.004203933291
v 0.008633073419 2.60190177e-06 0.0002524558222
v 0.00864167884 2.603859457e-06 0.01020391658
v 0.008716770448 0.004022160545 0.003800841747
v 0.008720422164 -0.004014777485 0.003803839907
v 0.008729098365 0.003841249505 0.003406616161
v 0.008731842041 -0.003834119299 0.003409522818
v 0.008751215413 0.003660951508 0.005138383247
v 0.008753181435 -0.003655683948 0.00513837859
v 0.008816126734 0.001839131583 0.008436598815
v 0.008817113005 -0.001833828399 0.008436598815
v 0.009003585204 0.0009271876188 0.008473366499
v 0.009004081599 -0.000921783736 0.008473361842
v 0.009068808518 2.721465535e-06 0.008485886268
v 0.009145556949 0.002791716717 0.005215292796
v 0.009147056378 -0.002786236815 0.005215298384
v 0.009162011556 0.00286124344 0.003737772349
v 0.009163366631 -0.00285476679 0.003738121595
v 0.009197378531 0.002913873177 0.004608717747
v 0.009199067019 -0.002906825626 0.004609026015
v 0.009236436337 0.002652229741 0.003797224723
v 0.009237619117 -0.00264571514 0.003797515994
v 0.0092602605 0.002797759371 0.004200346302
v 0.00926173944 -0.002790955361 0.004200645722
v 0.0094392756 0.001883675694 0.005271613132
v 0.009440285154 -0.001878038514 0.00527160801
v 0.009487086907 2.830166068e-06 0.006467840169
v 0.009567890316 0.001363470685 0.00407720264
v 0.009569507092 -0.001354777021 0.004081389401
v 0.00958415959 0.00152797997 0.004898927175
v 0.009588332847 -0.001518367091 0.004903320223
v 0.00961957965 0.001453318517 0.004485649522
v 0.009622437879 -0.00144414336 0.004489940125
v 0.00962269865 0.0009497596184 0.005306214094
v 0.009623207152 -0.0009440226713 0.005306217819
v 0.009626324289 0.0009767360752 0.00413160678
v 0.009627281688 -0.0009711507591 0.004134628456
v 0.009657668881 0.0006887699128 0.004162046127
v 0.009658508003 -0.0006816293462 0.004164116457
v 0.009689215571 2.885422646e-06 0.004193923436
v 0.009693771601 0.0007808037917 0.004986588378
v 0.009695856832 -0.0007732473314 0.004988765344
v 0.009718897752 0.0007386455545 0.004571979865
v 0.009720426984 -0.0007312694215 0.004574093036
v 0.009733520448 2.89593163e-06 0.005019508768
v 0.00975433737 2.904606617e-06 0.004604409449
f 2705 2688 2795
f 2795 2688 2797
f 2795 2797 2891
f 2891 2797 2894
f 2891 2894 2937
f 2937 2894 2934
f 2937 2934 2893
f 2893 2934 2892
f 2893 2892 2798
f 2798 2892 2796
f 2798 2796 2680
f 2680 2796 2689
f 2680 2689 2563
f 2563 2689 2562
f 2563 2562 2446
f 2446 2562 2445
f 2446 2445 2381
f 2381 2445 2383
f 2381 2383 2447
f 2447 2383 2444
f 2447 2444 2561
f 2561 2444 2564
f 2561 2564 2705
f 2705 2564 2688
f 3042 1544 1529
f 3042 1529 3047
f 3047 1529 1519
f 3047 1519 3050
f 3050 1519 1507
f 3050 1507 3058
f 2814 2815 2884
f 2487 2494 2657
f 2657 2494 2661
f 2657 2661 2878
f 2878 2661 2762
f 2878 2762 2802
f 2814 2884 2802
f 2802 2884 2878
f 2878 2884 3270
f 2878 3270 3266
f 3266 3270 3353
f 3266 3353 3501
f 3353 3504 3501
f 3501 3504 3689
f 3501 3689 3690
f 3690 3689 3741
f 3690 3741 3848
f 3848 3741 3845
f 3848 3845 3946
f 3995 4062 3946
f 3946 4062 3948
f 3946 3948 3848
f 4535 4532 4388
f 4388 4532 4531
f 4388 4531 4512
f 3995 4057 4062
f 4062 4057 4169
f 4062 4169 4179
f 4179 4169 4388
f 4179 4388 4397
f 4397 4388 4512
f 4397 4512 4501
f 1193 1123 943
f 943 1123 1097
f 943 1097 782
f 1333 1325 1371
f 1371 1325 1279
f 1371 1279 1193
f 1193 1279 1195
f 1193 1195 1123
f 2645 2850 2851
f 713 725 751
f 751 725 782
f 751 782 855
f 855 782 1097
f 855 1097 1098
f 2645 2851 2408
f 2408 2851 1866
f 2408 1866 1971
f 1333 1371 2851
f 2851 1371 1636
f 2851 1636 1866
f 1097 1188 1098
f 1098 1188 1189
f 1188 1715 1189
f 1189 1715 1718
f 1189 1718 1382
f 1718 1715 1905
f 1905 1715 1964
f 1905 1964 2111
f 2111 1964 2110
f 2111 2110 2287
f 2287 2110 2246
f 2287 2246 2404
f 2404 2246 2405
f 2404 2405 2546
f 2546 2405 2545
f 2546 2545 2639
f 2639 2545 2637
f 3614 3561 3730
f 3730 3561 3502
f 3730 3502 3475
f 2639 2637 3243
f 3243 2637 3729
f 3243 3729 3347
f 4154 4135 3730
f 3730 4135 4130
f 4071 3676 4072
f 4072 3676 3675
f 4072 3675 3730
f 3730 3675 3641
f 3730 3641 3614
f 3347 3729 3414
f 3414 3729 3730
f 3414 3730 3445
f 3445 3730 3475
f 3445 3475 3460
f 4073 4072 4103
f 4103 4072 3730
f 4103 3730 4113
f 4113 3730 4130
f 3537 3521 2862
f 2862 3521 1366
f 1366 3521 3538
f 1366 3538 3575
f 2553 2343 3629
f 3629 2343 2050
f 3629 2050 3575
f 3575 2050 1721
f 3575 1721 1366
f 4543 4547 3975
f 3975 4547 4508
f 3975 4508 4478
f 3759 3771 3517
f 3517 3771 3703
f 3517 3703 3221
f 3221 3703 3630
f 3221 3630 2862
f 2862 3630 3574
f 2862 3574 3537
f 2553 3629 2601
f 2601 3629 3702
f 2601 3702 2644
f 2644 3702 3772
f 2644 3772 4342
f 4543 3975 4509
f 4509 3975 4011
f 4509 4011 4473
f 4473 4011 4054
f 4473 4054 4556
f 4556 4054 4083
f 4556 4083 4575
f 4575 4083 4092
f 4575 4092 4526
f 3772 3862 4342
f 4342 3862 3915
f 4342 3915 4363
f 4363 3915 3975
f 4363 3975 4395
f 4395 3975 4478
f 4092 4082 4526
f 4526 4082 4055
f 4526 4055 4368
f 4368 4055 4010
f 4368 4010 4123
f 4123 4010 3976
f 4123 3976 3951
f 3951 3976 3916
f 3951 3916 3759
f 3759 3916 3860
f 3759 3860 3771
f 4527 4509 4473
f 4509 4527 4543
f 4556 4559 4473
f 4473 4559 4486
f 4473 4486 4527
f 4528 4527 4486
f 4531 4528 4512
f 4512 4528 4501
f 4501 4528 4487
f 4487 4528 4486
f 4487 4486 4514
f 4514 4486 4559
f 4514 4559 4561
f 2878 2869 2657
f 2657 2869 2645
f 2657 2645 2487
f 2487 2645 2408
f 2487 2408 2335
f 2335 2408 1971
f 2869 2868 2645
f 2645 2868 2866
f 2645 2866 2874
f 2907 2875 2874
f 2874 2875 2850
f 2874 2850 2645
f 2907 2916 2875
f 2875 2916 3036
f 2875 3036 3038
f 3038 3036 3152
f 3038 3152 3211
f 3211 3152 3313
f 3211 3313 3368
f 3368 3313 3441
f 3368 3441 3500
f 3500 3441 3536
f 3500 3536 3511
f 3511 3536 3646
f 3511 3646 3648
f 3648 3646 3658
f 3648 3658 3758
f 3758 3658 3754
f 3758 3754 3847
f 3847 3754 3854
f 3847 3854 3904
f 3904 3854 3892
f 3904 3892 3952
f 3952 3892 3942
f 3952 3942 4063
f 4063 3942 4002
f 4002 4017 4063
f 4063 4017 4064
f 4063 4064 4124
f 4064 4099 4124
f 4124 4099 4126
f 4124 4126 4222
f 4301 4381 4170
f 4170 4381 4222
f 4170 4222 4160
f 4160 4222 4126
f 4399 4397 4501
f 4301 4361 4381
f 4381 4361 4379
f 4381 4379 4465
f 4465 4379 4430
f 4465 4430 4550
f 4550 4430 4569
f 4569 4430 4466
f 4569 4466 4590
f 4501 4487 4399
f 4399 4487 4514
f 4399 4514 4404
f 4466 4477 4590
f 4590 4477 4485
f 4590 4485 4580
f 4580 4485 4476
f 4580 4476 4561
f 4561 4476 4461
f 4561 4461 4514
f 4514 4461 4429
f 4514 4429 4404
f 3080 2986 2878
f 2878 2986 2896
f 2878 2896 2869
f 3636 3501 3733
f 3733 3501 3690
f 3733 3690 3839
f 3839 3690 3848
f 3839 3848 3853
f 3636 3621 3501
f 3501 3621 3519
f 3501 3519 3266
f 3266 3519 3415
f 3266 3415 2878
f 2878 3415 3282
f 2878 3282 3080
f 3853 3848 3917
f 3917 3848 3948
f 3917 3948 3988
f 3988 3948 4062
f 3988 4062 4042
f 4399 4344 4397
f 4397 4344 4193
f 4397 4193 4179
f 4179 4193 4117
f 4179 4117 4062
f 4062 4117 4056
f 4062 4056 4042
f 4549 4569 4591
f 4591 4569 4590
f 4591 4590 4559
f 4559 4590 4580
f 4559 4580 4561
f 4380 4465 4549
f 4549 4465 4550
f 4549 4550 4569
f 4125 4222 4380
f 4380 4222 4381
f 4380 4381 4465
f 3953 4063 4125
f 4125 4063 4124
f 4125 4124 4222
f 3758 3847 3757
f 3757 3847 3904
f 3757 3904 3953
f 3953 3904 3952
f 3953 3952 4063
f 3758 3757 3648
f 3648 3757 3512
f 3648 3512 3511
f 3210 3368 3512
f 3512 3368 3500
f 3512 3500 3511
f 2851 2850 3210
f 3210 2850 2875
f 2875 3038 3210
f 3210 3038 3211
f 3210 3211 3368
f 2851 2862 1333
f 1333 2862 1366
f 1362 1325 1366
f 1366 1325 1333
f 1194 1188 1097
f 1194 1097 1225
f 1097 1123 1225
f 1225 1123 1195
f 1225 1195 1278
f 1278 1195 1279
f 1278 1279 1317
f 1317 1279 1325
f 1317 1325 1362
f 1366 1721 1362
f 1362 1721 1712
f 1362 1712 1317
f 1317 1712 1716
f 1317 1716 1278
f 1278 1716 1720
f 1278 1720 1225
f 1225 1720 1194
f 1194 1720 1715
f 1194 1715 1188
f 2343 2553 2496
f 2050 2343 2307
f 1721 2050 2016
f 1721 2016 1712
f 1712 2016 1987
f 1712 1987 1716
f 1716 1987 1972
f 1716 1972 1720
f 1720 1972 1964
f 1720 1964 1715
f 2257 2246 2110
f 2050 2307 2016
f 2016 2307 2277
f 2016 2277 1987
f 1987 2277 2257
f 1987 2257 1972
f 1972 2257 2110
f 1972 2110 1964
f 2343 2496 2307
f 2307 2496 2462
f 2307 2462 2277
f 2277 2462 2433
f 2277 2433 2257
f 2257 2433 2405
f 2257 2405 2246
f 2601 2644 2640
f 2553 2601 2581
f 2553 2581 2496
f 2496 2581 2565
f 2496 2565 2462
f 2462 2565 2548
f 2462 2548 2433
f 2433 2548 2545
f 2433 2545 2405
f 2601 2640 2581
f 2581 2640 2643
f 2581 2643 2565
f 2565 2643 2638
f 2565 2638 2548
f 2548 2638 2637
f 2548 2637 2545
f 2638 2643 3745
f 2640 2644 4342
f 3729 2637 3732
f 3732 2637 2638
f 3732 2638 3735
f 3735 2638 3745
f 4338 3745 4343
f 4343 3745 2643
f 4343 2643 4337
f 4337 2643 2640
f 4337 2640 4339
f 4339 2640 4342
f 4420 4436 4390
f 4342 4370 4339
f 4339 4370 4383
f 4339 4383 4337
f 4337 4383 4343
f 4363 4395 4420
f 4338 4343 4390
f 4390 4343 4383
f 4390 4383 4420
f 4420 4383 4370
f 4420 4370 4363
f 4363 4370 4342
f 2862 2851 3210
f 2862 3210 3221
f 3221 3210 3512
f 3221 3512 3517
f 3517 3512 3757
f 3517 3757 3759
f 3759 3757 3953
f 3759 3953 3951
f 3951 3953 4125
f 3951 4125 4123
f 4123 4125 4380
f 4123 4380 4368
f 4368 4380 4549
f 4368 4549 4526
f 4526 4549 4591
f 4526 4591 4575
f 4575 4591 4559
f 4575 4559 4556
f 3789 3772 3714
f 3714 3772 3702
f 3714 3702 3660
f 3660 3702 3629
f 3660 3629 3600
f 3600 3629 3575
f 3600 3575 3569
f 3569 3575 3538
f 3569 3538 3556
f 3556 3538 3521
f 3556 3521 3570
f 3570 3521 3537
f 3570 3537 3601
f 3601 3537 3574
f 3601 3574 3659
f 3659 3574 3630
f 3659 3630 3712
f 3712 3630 3703
f 3712 3703 3788
f 3788 3703 3771
f 3788 3771 3870
f 3870 3771 3860
f 3870 3860 3912
f 3912 3860 3916
f 3912 3916 3961
f 3961 3916 3976
f 3961 3976 3993
f 3993 3976 4010
f 3993 4010 4029
f 4029 4010 4055
f 4029 4055 4061
f 4061 4055 4082
f 4061 4082 4076
f 4076 4082 4092
f 4076 4092 4060
f 4060 4092 4083
f 4060 4083 4028
f 4028 4083 4054
f 4028 4054 3994
f 3994 4054 4011
f 3994 4011 3962
f 3962 4011 3975
f 3962 3975 3913
f 3913 3975 3915
f 3913 3915 3868
f 3868 3915 3862
f 3868 3862 3789
f 3789 3862 3772
f 4344 4399 4365
f 4365 4399 4404
f 4365 4404 4406
f 4406 4404 4429
f 4406 4429 4417
f 4365 4308 4344
f 4344 4308 4262
f 4344 4262 4193
f 4262 4180 4193
f 4193 4180 4108
f 4193 4108 4117
f 4117 4108 4089
f 4117 4089 4056
f 4056 4089 4022
f 4056 4022 4042
f 4042 4022 3988
f 3988 4022 3974
f 3988 3974 3917
f 3753 3733 3813
f 3813 3733 3839
f 3813 3839 3899
f 3899 3839 3853
f 3899 3853 3902
f 3902 3853 3917
f 3902 3917 3929
f 3929 3917 3974
f 3753 3709 3733
f 3733 3709 3705
f 3733 3705 3636
f 3636 3705 3597
f 3636 3597 3621
f 3621 3597 3519
f 3519 3597 3530
f 3519 3530 3415
f 3530 3495 3415
f 3415 3495 3391
f 3415 3391 3282
f 3282 3391 3267
f 3282 3267 3080
f 3080 3267 3089
f 3080 3089 2986
f 3089 3052 2986
f 2986 3052 3025
f 2986 3025 2896
f 2896 3025 2924
f 2896 2924 2869
f 2869 2924 2904
f 2869 2904 2868
f 2868 2904 2866
f 2866 2904 2903
f 2866 2903 2874
f 2874 2903 2917
f 2874 2917 2907
f 2907 2917 2916
f 2916 2917 2976
f 2916 2976 3036
f 2976 3024 3036
f 3036 3024 3075
f 3036 3075 3152
f 3285 3313 3232
f 3232 3313 3152
f 3232 3152 3214
f 3214 3152 3075
f 3285 3366 3313
f 3313 3366 3473
f 3313 3473 3441
f 3441 3473 3536
f 3473 3529 3536
f 3536 3529 3582
f 3536 3582 3646
f 3646 3582 3592
f 3646 3592 3658
f 3658 3592 3695
f 3658 3695 3754
f 3695 3752 3754
f 3754 3752 3794
f 3754 3794 3854
f 3854 3794 3804
f 3854 3804 3892
f 3892 3804 3895
f 3892 3895 3942
f 3895 3928 3942
f 3942 3928 3947
f 3942 3947 4002
f 4002 3947 4006
f 4002 4006 4017
f 4139 4126 4090
f 4090 4126 4099
f 4090 4099 4006
f 4006 4099 4064
f 4006 4064 4017
f 4301 4170 4139
f 4139 4170 4160
f 4139 4160 4126
f 4407 4430 4360
f 4360 4430 4379
f 4360 4379 4353
f 4353 4379 4361
f 4353 4361 4261
f 4261 4361 4301
f 4261 4301 4216
f 4216 4301 4139
f 4407 4416 4430
f 4430 4416 4424
f 4430 4424 4466
f 4466 4424 4446
f 4466 4446 4477
f 4477 4446 4460
f 4477 4460 4485
f 4485 4460 4470
f 4485 4470 4476
f 4476 4470 4462
f 4476 4462 4461
f 4461 4462 4443
f 4461 4443 4429
f 4429 4443 4425
f 4429 4425 4417
f 3958 3962 3913
f 3958 3913 3867
f 4031 4077 4076
f 4076 4060 4031
f 4031 4060 4028
f 4031 4028 3958
f 3958 4028 3994
f 3958 3994 3962
f 4030 3963 3961
f 3961 3993 4030
f 4030 3993 4029
f 4030 4029 4077
f 4077 4029 4061
f 4077 4061 4076
f 3864 3713 3712
f 3712 3788 3864
f 3864 3788 3870
f 3864 3870 3963
f 3963 3870 3912
f 3963 3912 3961
f 3558 3570 3603
f 3603 3570 3601
f 3603 3601 3713
f 3713 3601 3659
f 3713 3659 3712
f 3605 3569 3558
f 3558 3569 3556
f 3558 3556 3570
f 3716 3660 3605
f 3605 3660 3600
f 3605 3600 3569
f 3913 3868 3867
f 3867 3868 3789
f 3867 3789 3716
f 3716 3789 3714
f 3716 3714 3660
f 3582 3529 3532
f 4417 4425 4426
f 4426 4425 4443
f 4426 4443 4469
f 4469 4443 4462
f 4308 4365 4263
f 4263 4365 4426
f 4426 4365 4406
f 4426 4406 4417
f 4089 4108 4088
f 4088 4108 4180
f 4088 4180 4263
f 4263 4180 4262
f 4263 4262 4308
f 4089 4088 4022
f 4022 4088 3927
f 4022 3927 3974
f 3709 3753 3748
f 3748 3753 3813
f 3813 3899 3748
f 3748 3899 3902
f 3748 3902 3927
f 3927 3902 3929
f 3927 3929 3974
f 3531 3597 3748
f 3748 3597 3705
f 3748 3705 3709
f 3287 3267 3531
f 3531 3267 3391
f 3391 3495 3531
f 3531 3495 3530
f 3531 3530 3597
f 2924 3025 3023
f 3023 3025 3052
f 3023 3052 3287
f 3287 3052 3089
f 3287 3089 3267
f 2924 3023 2904
f 2904 3023 2902
f 2904 2902 2903
f 2903 2902 2917
f 2917 2902 3022
f 2917 3022 2976
f 3232 3214 3286
f 3286 3214 3075
f 3286 3075 3022
f 3022 3075 3024
f 3022 3024 2976
f 3529 3473 3532
f 3532 3473 3366
f 3532 3366 3286
f 3286 3366 3285
f 3286 3285 3232
f 3747 3695 3532
f 3532 3695 3592
f 3532 3592 3582
f 3804 3794 3747
f 3747 3794 3752
f 3747 3752 3695
f 3804 3747 3895
f 3895 3747 3926
f 3895 3926 3928
f 4139 4090 4087
f 4087 4090 4006
f 4087 4006 3926
f 3926 4006 3947
f 3926 3947 3928
f 4424 4416 4427
f 4427 4416 4407
f 4427 4407 4264
f 4264 4407 4360
f 4360 4353 4264
f 4264 4353 4261
f 4264 4261 4087
f 4087 4261 4216
f 4087 4216 4139
f 4462 4470 4469
f 4469 4470 4460
f 4469 4460 4427
f 4427 4460 4446
f 4427 4446 4424
f 3944 3963 4008
f 4008 3963 4030
f 4008 4030 4041
f 4041 4030 4077
f 4041 4077 4009
f 4009 4077 4031
f 4009 4031 3945
f 3945 4031 3958
f 3945 3958 3866
f 3866 3958 3867
f 3866 3867 3727
f 3727 3867 3716
f 3727 3716 3633
f 3633 3716 3605
f 3633 3605 3593
f 3593 3605 3558
f 3593 3558 3632
f 3632 3558 3603
f 3632 3603 3728
f 3728 3603 3713
f 3728 3713 3865
f 3865 3713 3864
f 3865 3864 3944
f 3944 3864 3963
f 4041 4427 4008
f 4008 4427 4264
f 4008 4264 3944
f 3945 4263 4009
f 4009 4263 4426
f 4009 4426 4041
f 4041 4426 4469
f 4041 4469 4427
f 3727 3748 3866
f 3866 3748 3927
f 3866 3927 3945
f 3945 3927 4088
f 3945 4088 4263
f 4264 4087 3944
f 3944 4087 3926
f 3944 3926 3865
f 3865 3926 3747
f 3865 3747 3728
f 3593 3023 3633
f 3633 3023 3287
f 3633 3287 3727
f 3727 3287 3531
f 3727 3531 3748
f 3747 3532 3728
f 3728 3532 3286
f 3728 3286 3632
f 3632 3286 3022
f 3632 3022 3593
f 3593 3022 2902
f 3593 2902 3023
f 2327 2410 2531
f 2531 2410 2530
f 2531 2530 2611
f 2409 2328 2531
f 2531 2328 2297
f 2531 2297 2327
f 2676 2612 2531
f 2531 2612 2526
f 2531 2526 2409
f 2611 2675 2531
f 2531 2675 2713
f 2531 2713 2676
f 2611 2646 2675
f 2675 2646 2738
f 2675 2738 2713
f 2713 2738 2764
f 2713 2764 2676
f 2676 2764 2740
f 2676 2740 2612
f 2612 2740 2647
f 2612 2647 2526
f 2526 2647 2528
f 2526 2528 2409
f 2409 2528 2361
f 2409 2361 2328
f 2328 2361 2251
f 2328 2251 2297
f 2297 2251 2187
f 2297 2187 2327
f 2327 2187 2248
f 2327 2248 2410
f 2410 2248 2359
f 2410 2359 2530
f 2530 2359 2536
f 2530 2536 2611
f 2611 2536 2646
f 2792 2806 2911
f 2911 2806 2940
f 2911 2940 3072
f 3072 2940 3181
f 3072 3181 3218
f 3218 3181 3293
f 3218 3293 3272
f 3272 3293 3359
f 3272 3359 3300
f 3300 3359 3374
f 3300 3374 3273
f 3273 3374 3358
f 3273 3358 3219
f 3219 3358 3294
f 3219 3294 3071
f 3071 3294 3180
f 3071 3180 2909
f 2909 3180 2941
f 2909 2941 2791
f 2791 2941 2807
f 2791 2807 2686
f 2686 2807 2691
f 2686 2691 2569
f 2569 2691 2549
f 2569 2549 2421
f 2421 2549 2368
f 2421 2368 2283
f 2283 2368 2213
f 2283 2213 2162
f 2162 2213 2048
f 2162 2048 2069
f 2069 2048 1943
f 2069 1943 2041
f 2041 1943 1911
f 2041 1911 2070
f 2070 1911 1944
f 2070 1944 2164
f 2164 1944 2049
f 2164 2049 2282
f 2282 2049 2212
f 2282 2212 2419
f 2419 2212 2369
f 2419 2369 2570
f 2570 2369 2550
f 2570 2550 2692
f 2692 2550 2695
f 2692 2695 2792
f 2792 2695 2806
f 2447 2227 2381
f 2381 2227 2108
f 2381 2108 2446
f 2446 2108 2228
f 2446 2228 2563
f 2563 2228 2455
f 2563 2455 2680
f 2680 2455 2679
f 2680 2679 2798
f 2798 2679 2881
f 2798 2881 2893
f 2893 2881 3149
f 2893 3149 2937
f 2937 3149 3247
f 2937 3247 2891
f 2891 3247 3148
f 2891 3148 2795
f 2795 3148 2882
f 2795 2882 2705
f 2705 2882 2701
f 2705 2701 2561
f 2561 2701 2454
f 2561 2454 2447
f 2447 2454 2227
f 2570 2698 2422
f 2165 2282 2422
f 2422 2282 2419
f 2422 2419 2570
f 2042 2070 2165
f 2165 2070 2164
f 2165 2164 2282
f 2163 2069 2042
f 2042 2069 2041
f 2042 2041 2070
f 2423 2283 2163
f 2163 2283 2162
f 2163 2162 2069
f 2687 2569 2423
f 2423 2569 2421
f 2423 2421 2283
f 2908 2791 2687
f 2687 2791 2686
f 2687 2686 2569
f 3220 3071 2908
f 2908 3071 2909
f 2908 2909 2791
f 3301 3273 3220
f 3220 3273 3219
f 3220 3219 3071
f 3217 3272 3301
f 3301 3272 3300
f 3301 3300 3273
f 2910 3072 3217
f 3217 3072 3218
f 3217 3218 3272
f 2570 2692 2698
f 2698 2692 2792
f 2698 2792 2910
f 2910 2792 2911
f 2910 2911 3072
f 2881 2910 3149
f 3149 2910 3217
f 3149 3217 3247
f 3247 3217 3301
f 3247 3301 3148
f 3148 3301 3220
f 3148 3220 2882
f 2882 3220 2908
f 2882 2908 2701
f 2701 2908 2687
f 2701 2687 2454
f 2454 2687 2423
f 2454 2423 2227
f 2227 2423 2163
f 2227 2163 2108
f 2108 2163 2042
f 2108 2042 2228
f 2228 2042 2165
f 2228 2165 2455
f 2455 2165 2422
f 2455 2422 2679
f 2679 2422 2698
f 2679 2698 2881
f 2881 2698 2910
f 2383 1999 2444
f 2444 1999 2127
f 2444 2127 2564
f 2564 2127 2391
f 2564 2391 2688
f 2688 2391 2665
f 2688 2665 2797
f 2797 2665 2888
f 2797 2888 2894
f 2894 2888 3203
f 2894 3203 2934
f 2934 3203 3279
f 2934 3279 2892
f 2892 3279 3202
f 2892 3202 2796
f 2796 3202 2889
f 2796 2889 2689
f 2689 2889 2666
f 2689 2666 2562
f 2562 2666 2390
f 2562 2390 2445
f 2445 2390 2128
f 2445 2128 2383
f 2383 2128 1999
f 2086 2075 2128
f 2128 2075 2021
f 2128 2021 1999
f 2388 2309 2390
f 2390 2309 2199
f 2390 2199 2128
f 2128 2199 2130
f 2128 2130 2086
f 2388 2390 2448
f 2448 2390 2666
f 2448 2666 2568
f 2886 2825 2889
f 2889 2825 2736
f 2889 2736 2666
f 2666 2736 2664
f 2666 2664 2568
f 2886 2889 2927
f 2927 2889 3202
f 2927 3202 3073
f 3252 3212 3202
f 3202 3212 3200
f 3202 3200 3073
f 3253 3279 3209
f 3209 3279 3203
f 3253 3263 3279
f 3279 3263 3278
f 3279 3278 3202
f 3202 3278 3277
f 3202 3277 3252
f 2888 2887 3203
f 3203 2887 2921
f 2921 3067 3203
f 3203 3067 3201
f 3203 3201 3209
f 2614 2663 2665
f 2665 2663 2722
f 2665 2722 2888
f 2888 2722 2816
f 2888 2816 2887
f 2261 2357 2391
f 2391 2357 2389
f 2391 2389 2665
f 2665 2389 2506
f 2665 2506 2614
f 2021 2000 1999
f 1999 2000 2001
f 1999 2001 2127
f 2127 2001 2019
f 2127 2019 2064
f 2064 2117 2127
f 2127 2117 2129
f 2127 2129 2391
f 2391 2129 2149
f 2391 2149 2261
f 4444 4436 4448
f 4448 4436 4420
f 4448 4420 4454
f 4454 4420 4464
f 4464 4420 4395
f 4464 4395 4478
f 2541 2536 2358
f 2358 2536 2359
f 2358 2359 2250
f 2250 2359 2248
f 2250 2248 2186
f 2186 2248 2187
f 2186 2187 2249
f 2249 2187 2251
f 2249 2251 2360
f 2360 2251 2361
f 2360 2361 2542
f 2542 2361 2528
f 2542 2528 2648
f 2648 2528 2647
f 2648 2647 2739
f 2739 2647 2740
f 2739 2740 2763
f 2763 2740 2764
f 2763 2764 2737
f 2737 2764 2738
f 2737 2738 2649
f 2649 2738 2646
f 2649 2646 2541
f 2541 2646 2536
f 2649 2690 2737
f 2737 2690 2782
f 2737 2782 2763
f 2763 2782 2821
f 2763 2821 2739
f 2739 2821 2781
f 2739 2781 2648
f 2648 2781 2684
f 2648 2684 2542
f 2542 2684 2527
f 2542 2527 2360
f 2360 2527 2325
f 2360 2325 2249
f 2249 2325 2150
f 2249 2150 2186
f 2186 2150 2065
f 2186 2065 2250
f 2250 2065 2151
f 2250 2151 2358
f 2358 2151 2324
f 2358 2324 2541
f 2541 2324 2539
f 2541 2539 2649
f 2649 2539 2690
f 3120 1829 1840
f 2584 3125 2352
f 2352 3125 3124
f 1840 1859 3120
f 3120 1859 1919
f 3120 1919 3124
f 3124 1919 2146
f 3124 2146 2352
f 475 687 416
f 475 416 338
f 416 367 338
f 338 367 279
f 338 279 284
f 2296 2274 2245
f 2245 2274 2193
f 2193 2274 2107
f 2193 2107 2105
f 2329 2316 2245
f 2245 2316 2308
f 2245 2308 2296
f 1994 1204 2005
f 2005 1204 1054
f 2005 1054 2009
f 1663 969 1609
f 1609 969 686
f 1609 686 1604
f 1663 1780 969
f 969 1780 1858
f 969 1858 1054
f 1054 1858 1893
f 1054 1893 2009
f 1604 686 1377
f 1377 686 510
f 1377 510 1248
f 1248 510 502
f 1248 502 1107
f 294 411 422
f 294 422 401
f 422 494 401
f 401 494 568
f 401 568 502
f 502 568 671
f 502 671 1107
f 179 122 276
f 276 313 179
f 179 313 347
f 179 347 294
f 294 347 386
f 294 386 411
f 1269 1272 2296
f 1994 2057 1204
f 1204 2057 2107
f 1204 2107 1272
f 1272 2107 2274
f 1272 2274 2296
f 2296 2252 1269
f 1269 2252 2167
f 1269 2167 1212
f 1212 2167 1967
f 1212 1967 1158
f 1158 1967 1939
f 1158 1939 1046
f 1046 1939 1818
f 1046 1818 853
f 853 1818 771
f 771 1818 1626
f 771 1626 626
f 626 1626 1586
f 626 1586 577
f 577 1586 1274
f 577 1274 506
f 506 1274 420
f 420 1274 931
f 420 931 395
f 931 847 395
f 395 847 797
f 395 797 355
f 355 797 596
f 355 596 304
f 304 596 241
f 241 596 505
f 241 505 181
f 181 505 153
f 153 505 479
f 153 479 121
f 277 276 122
f 1257 1245 2002
f 675 784 374
f 1629 755 1568
f 1568 755 611
f 1568 611 1347
f 1347 611 581
f 374 784 398
f 398 784 404
f 404 784 1038
f 404 1038 460
f 1545 1347 1517
f 1517 1347 581
f 1517 581 1336
f 1336 581 473
f 1336 473 1244
f 1244 473 460
f 1244 460 1064
f 1064 460 1038
f 121 479 483
f 121 483 173
f 374 358 675
f 675 358 311
f 675 311 588
f 588 311 269
f 588 269 557
f 557 269 188
f 557 188 496
f 496 188 173
f 496 173 484
f 484 173 483
f 2002 1245 1924
f 1924 1245 1118
f 1924 1118 1826
f 1826 1118 1052
f 1826 1052 1724
f 1724 1052 980
f 1724 980 1629
f 1629 980 850
f 1629 850 755
f 2002 2088 1257
f 1257 2088 2256
f 1257 2256 1252
f 1252 2256 2160
f 1252 2160 1232
f 1232 2160 2089
f 1232 2089 1125
f 1125 2089 1947
f 1125 1947 1008
f 1644 690 1680
f 1680 690 848
f 1680 848 1843
f 1843 848 1008
f 1843 1008 1900
f 1900 1008 1947
f 1644 1612 690
f 690 1612 1494
f 690 1494 608
f 608 1494 1289
f 608 1289 512
f 512 1289 934
f 512 934 466
f 466 934 818
f 466 818 406
f 818 599 406
f 406 599 524
f 406 524 400
f 400 524 462
f 293 284 279
f 145 156 321
f 321 156 172
f 321 172 342
f 342 172 180
f 342 180 363
f 363 180 240
f 363 240 405
f 405 240 286
f 405 286 417
f 417 286 310
f 417 310 462
f 462 310 360
f 462 360 400
f 321 293 145
f 145 293 279
f 145 279 127
f 127 279 277
f 127 277 124
f 124 277 122
f 2280 2269 2247
f 2247 2269 2116
f 2247 2116 2059
f 2269 2256 2116
f 2116 2256 2088
f 2116 2088 2059
f 2059 2088 2002
f 2059 2002 1924
f 312 324 351
f 257 243 187
f 187 243 224
f 187 224 138
f 138 224 170
f 138 170 100
f 314 322 257
f 257 322 297
f 257 297 243
f 262 325 316
f 316 325 340
f 316 340 328
f 328 340 353
f 328 353 327
f 327 353 352
f 327 352 314
f 314 352 336
f 314 336 322
f 176 233 196
f 196 233 242
f 196 242 262
f 262 242 300
f 262 300 325
f 142 168 151
f 128 99 166
f 166 99 130
f 166 130 221
f 221 130 184
f 221 184 244
f 244 184 250
f 351 332 312
f 312 332 323
f 312 323 250
f 250 323 292
f 250 292 244
f 280 326 320
f 320 326 346
f 320 346 324
f 324 346 354
f 324 354 351
f 170 131 100
f 100 131 120
f 100 120 102
f 102 120 132
f 102 132 137
f 137 132 169
f 137 169 186
f 186 169 222
f 186 222 217
f 217 222 245
f 217 245 280
f 280 245 315
f 280 315 326
f 99 72 105
f 99 105 130
f 130 105 165
f 130 165 184
f 184 165 226
f 184 226 250
f 250 226 274
f 250 274 312
f 312 274 306
f 312 306 324
f 324 306 298
f 324 298 320
f 320 298 247
f 320 247 280
f 280 247 185
f 280 185 217
f 217 185 167
f 217 167 186
f 186 167 109
f 186 109 137
f 137 109 78
f 137 78 102
f 102 78 76
f 102 76 100
f 100 76 110
f 100 110 138
f 138 110 171
f 138 171 187
f 187 171 231
f 187 231 257
f 257 231 278
f 257 278 314
f 314 278 307
f 314 307 327
f 327 307 308
f 327 308 328
f 328 308 287
f 328 287 316
f 316 287 237
f 316 237 262
f 262 237 175
f 262 175 196
f 72 53 89
f 72 89 105
f 105 89 148
f 105 148 165
f 165 148 206
f 165 206 226
f 226 206 258
f 226 258 274
f 274 258 288
f 274 288 306
f 306 288 271
f 306 271 298
f 298 271 234
f 298 234 247
f 247 234 174
f 247 174 185
f 185 174 152
f 185 152 167
f 167 152 93
f 167 93 109
f 109 93 56
f 109 56 78
f 78 56 55
f 78 55 76
f 76 55 94
f 76 94 110
f 110 94 155
f 110 155 171
f 171 155 212
f 171 212 231
f 231 212 260
f 231 260 278
f 278 260 289
f 278 289 307
f 307 289 290
f 307 290 308
f 308 290 264
f 308 264 287
f 287 264 216
f 287 216 237
f 237 216 158
f 237 158 175
f 53 38 70
f 53 70 89
f 89 70 125
f 89 125 148
f 148 125 190
f 148 190 206
f 206 190 246
f 206 246 258
f 258 246 272
f 258 272 288
f 288 272 265
f 288 265 271
f 271 265 223
f 271 223 234
f 234 223 162
f 234 162 174
f 174 162 129
f 174 129 152
f 152 129 73
f 152 73 93
f 93 73 45
f 93 45 56
f 56 45 44
f 56 44 55
f 55 44 75
f 55 75 94
f 94 75 136
f 94 136 155
f 155 136 194
f 155 194 212
f 212 194 249
f 212 249 260
f 260 249 273
f 260 273 289
f 289 273 275
f 289 275 290
f 290 275 256
f 290 256 264
f 264 256 205
f 264 205 216
f 216 205 150
f 216 150 158
f 149 150 208
f 208 150 205
f 208 205 261
f 261 205 256
f 261 256 285
f 285 256 275
f 285 275 283
f 283 275 273
f 283 273 254
f 254 273 249
f 254 249 199
f 199 249 194
f 199 194 133
f 133 194 136
f 133 136 69
f 69 136 75
f 69 75 34
f 34 75 44
f 34 44 25
f 25 44 45
f 149 118 150
f 150 118 86
f 150 86 158
f 158 86 98
f 158 98 175
f 175 98 113
f 175 113 196
f 196 113 151
f 196 151 176
f 176 151 168
f 118 81 86
f 86 81 50
f 86 50 98
f 98 50 57
f 98 57 113
f 113 57 80
f 113 80 151
f 151 80 108
f 151 108 142
f 142 108 123
f 81 43 50
f 50 43 38
f 50 38 57
f 57 38 53
f 57 53 80
f 80 53 72
f 80 72 108
f 108 72 99
f 108 99 123
f 123 99 128
f 43 29 38
f 38 29 33
f 38 33 70
f 70 33 67
f 70 67 125
f 125 67 119
f 125 119 190
f 190 119 192
f 190 192 246
f 246 192 251
f 246 251 272
f 272 251 282
f 272 282 265
f 265 282 270
f 265 270 223
f 223 270 227
f 223 227 162
f 162 227 163
f 162 163 129
f 129 163 126
f 129 126 73
f 73 126 68
f 73 68 45
f 45 68 35
f 45 35 25
f 68 126 115
f 116 119 67
f 116 67 79
f 79 67 33
f 79 33 54
f 54 33 26
f 26 33 29
f 26 29 28
f 43 32 29
f 29 32 30
f 29 30 28
f 81 77 43
f 43 77 47
f 43 47 32
f 149 208 356
f 356 197 149
f 149 197 189
f 149 189 118
f 118 189 117
f 118 117 81
f 81 117 91
f 81 91 77
f 208 261 356
f 356 261 285
f 356 285 283
f 344 254 199
f 344 199 291
f 291 199 133
f 291 133 195
f 585 465 402
f 465 461 402
f 402 461 356
f 402 356 344
f 344 356 283
f 344 283 254
f 872 941 673
f 673 941 1001
f 673 1001 1092
f 673 511 521
f 521 683 673
f 673 683 789
f 673 789 872
f 1092 1089 673
f 673 1089 963
f 673 963 844
f 344 399 402
f 402 399 511
f 402 511 585
f 585 511 673
f 585 673 763
f 763 673 844
f 68 115 35
f 35 115 92
f 35 92 25
f 25 92 27
f 25 27 34
f 34 27 49
f 34 49 69
f 69 49 114
f 69 114 133
f 133 114 147
f 133 147 195
f 227 270 335
f 227 335 163
f 163 335 126
f 126 335 193
f 126 193 115
f 282 251 343
f 343 251 192
f 116 157 119
f 119 157 191
f 119 191 192
f 192 191 303
f 192 303 343
f 270 282 335
f 335 282 343
f 335 343 345
f 523 418 345
f 345 418 365
f 345 365 335
f 343 357 345
f 345 357 421
f 345 421 523
f 564 720 680
f 680 720 933
f 680 933 1005
f 923 792 680
f 421 564 523
f 523 564 680
f 523 680 703
f 703 680 792
f 1005 1050 680
f 680 1050 1057
f 680 1057 923
f 351 354 426
f 440 326 315
f 440 315 438
f 426 354 440
f 440 354 346
f 440 346 326
f 351 426 332
f 332 426 439
f 332 439 323
f 323 439 292
f 292 439 448
f 292 448 244
f 423 128 446
f 446 128 166
f 446 166 448
f 448 166 221
f 448 221 244
f 433 142 423
f 423 142 123
f 423 123 128
f 242 233 429
f 429 233 176
f 429 176 433
f 433 176 168
f 433 168 142
f 428 427 353
f 353 340 428
f 428 340 325
f 428 325 429
f 429 325 300
f 429 300 242
f 449 336 427
f 427 336 352
f 427 352 353
f 430 297 449
f 449 297 322
f 449 322 336
f 432 224 430
f 430 224 243
f 430 243 297
f 444 131 432
f 432 131 170
f 432 170 224
f 436 132 444
f 444 132 120
f 444 120 131
f 315 245 438
f 438 245 222
f 438 222 436
f 436 222 169
f 436 169 132
f 183 259 241
f 52 40 88
f 48 59 107
f 74 95 139
f 112 122 179
f 26 41 54
f 54 41 87
f 54 87 79
f 79 87 116
f 116 87 209
f 116 209 157
f 357 343 362
f 362 343 303
f 362 303 209
f 209 303 191
f 209 191 157
f 357 362 421
f 421 362 464
f 421 464 564
f 464 515 564
f 564 515 618
f 564 618 720
f 618 742 720
f 720 742 874
f 720 874 933
f 933 874 1083
f 933 1083 1005
f 1005 1083 1050
f 1050 1083 1136
f 1050 1136 1057
f 703 792 822
f 822 792 923
f 822 923 968
f 968 923 1057
f 968 1057 1111
f 1111 1057 1136
f 822 666 703
f 703 666 566
f 703 566 523
f 523 566 472
f 523 472 418
f 418 472 368
f 88 92 146
f 146 92 115
f 146 115 213
f 213 115 193
f 213 193 305
f 305 193 335
f 305 335 368
f 368 335 365
f 368 365 418
f 88 40 92
f 92 40 31
f 92 31 27
f 121 90 153
f 153 90 140
f 1088 1046 942
f 942 1046 853
f 942 853 732
f 732 853 771
f 732 771 589
f 183 241 140
f 140 241 181
f 140 181 153
f 487 420 394
f 394 420 395
f 394 395 339
f 339 395 355
f 339 355 259
f 259 355 304
f 259 304 241
f 771 626 589
f 589 626 577
f 589 577 487
f 487 577 506
f 487 506 420
f 58 52 106
f 106 52 88
f 106 88 161
f 161 88 146
f 161 146 232
f 232 146 213
f 232 213 318
f 318 213 305
f 318 305 382
f 382 305 368
f 382 368 480
f 480 368 472
f 480 472 575
f 575 472 566
f 575 566 694
f 694 566 666
f 694 666 862
f 862 666 822
f 862 822 1000
f 1000 822 968
f 1000 968 1161
f 1161 968 1111
f 1161 1111 1177
f 1177 1111 1136
f 1177 1136 1133
f 1133 1136 1083
f 1133 1083 946
f 946 1083 874
f 946 874 779
f 779 874 742
f 779 742 637
f 637 742 618
f 637 618 525
f 525 618 515
f 525 515 470
f 470 515 464
f 470 464 371
f 371 464 362
f 371 362 229
f 229 362 209
f 229 209 107
f 107 209 87
f 107 87 48
f 48 87 41
f 95 112 139
f 139 112 179
f 139 179 252
f 252 179 294
f 252 294 384
f 384 294 401
f 384 401 481
f 401 502 481
f 481 502 510
f 481 510 569
f 569 510 686
f 569 686 658
f 658 686 816
f 816 686 969
f 816 969 987
f 969 1054 987
f 987 1054 1204
f 987 1204 1183
f 1183 1204 1272
f 1183 1272 1226
f 1226 1272 1269
f 1226 1269 1209
f 1209 1269 1212
f 1209 1212 1088
f 1088 1212 1158
f 1088 1158 1046
f 90 58 140
f 140 58 106
f 140 106 183
f 183 106 161
f 183 161 259
f 259 161 232
f 259 232 339
f 339 232 318
f 339 318 394
f 394 318 382
f 394 382 487
f 487 382 480
f 487 480 589
f 589 480 575
f 589 575 732
f 732 575 694
f 732 694 942
f 942 694 862
f 942 862 1088
f 1088 862 1000
f 1088 1000 1209
f 1209 1000 1161
f 1209 1161 1226
f 1226 1161 1177
f 1226 1177 1183
f 1183 1177 1133
f 1183 1133 987
f 987 1133 946
f 987 946 816
f 816 946 779
f 816 779 658
f 658 779 637
f 658 637 569
f 569 637 525
f 569 525 481
f 481 525 470
f 481 470 384
f 384 470 371
f 384 371 252
f 252 371 229
f 252 229 139
f 139 229 107
f 139 107 74
f 74 107 59
f 563 660 683
f 683 660 789
f 31 40 85
f 52 58 104
f 74 59 61
f 41 39 48
f 48 39 59
f 111 112 95
f 122 112 124
f 124 112 111
f 124 111 127
f 95 96 111
f 111 96 97
f 111 97 127
f 127 97 101
f 127 101 145
f 145 101 156
f 156 101 134
f 156 134 172
f 310 286 248
f 248 286 240
f 248 240 134
f 134 240 180
f 134 180 172
f 310 248 360
f 360 248 383
f 360 383 400
f 655 608 567
f 567 608 512
f 567 512 477
f 477 512 466
f 477 466 383
f 383 466 406
f 383 406 400
f 1184 1125 986
f 986 1125 1008
f 986 1008 813
f 813 1008 848
f 813 848 655
f 655 848 690
f 655 690 608
f 1087 1245 1210
f 1210 1245 1257
f 1210 1257 1228
f 1228 1257 1252
f 1228 1252 1184
f 1184 1252 1232
f 1184 1232 1125
f 939 1052 1087
f 1087 1052 1118
f 1087 1118 1245
f 731 850 939
f 939 850 980
f 939 980 1052
f 486 581 586
f 586 581 611
f 586 611 731
f 731 611 755
f 731 755 850
f 398 404 391
f 391 404 460
f 391 460 486
f 486 460 473
f 486 473 581
f 398 391 374
f 374 391 337
f 374 337 358
f 358 337 255
f 358 255 311
f 311 255 269
f 269 255 182
f 269 182 188
f 188 182 135
f 188 135 173
f 173 135 90
f 173 90 121
f 870 740 763
f 763 740 585
f 77 83 47
f 47 83 51
f 47 51 32
f 32 51 46
f 32 46 30
f 30 46 42
f 30 42 28
f 28 42 39
f 28 39 26
f 26 39 41
f 77 91 83
f 83 91 117
f 83 117 204
f 117 189 204
f 204 189 197
f 204 197 361
f 361 197 356
f 361 356 463
f 356 461 463
f 463 461 465
f 463 465 513
f 513 465 585
f 513 585 616
f 616 585 740
f 143 114 85
f 85 114 49
f 85 49 31
f 31 49 27
f 683 521 563
f 563 521 511
f 563 511 471
f 471 511 399
f 471 399 366
f 366 399 344
f 366 344 302
f 302 344 291
f 302 291 211
f 211 291 195
f 211 195 143
f 143 195 147
f 143 147 114
f 40 52 85
f 85 52 104
f 85 104 143
f 143 104 159
f 143 159 211
f 211 159 230
f 211 230 302
f 302 230 317
f 302 317 366
f 366 317 380
f 366 380 471
f 471 380 478
f 471 478 563
f 563 478 573
f 563 573 660
f 660 573 691
f 660 691 789
f 789 691 859
f 789 859 872
f 872 859 999
f 59 39 61
f 61 39 42
f 61 42 64
f 64 42 46
f 64 46 71
f 71 46 51
f 71 51 103
f 103 51 83
f 103 83 225
f 225 83 204
f 225 204 369
f 369 204 361
f 369 361 469
f 469 361 463
f 469 463 520
f 520 463 513
f 520 513 636
f 636 513 616
f 636 616 775
f 775 616 740
f 775 740 945
f 945 740 870
f 945 870 1135
f 1135 870 1084
f 1135 1084 1178
f 1178 1084 1137
f 1178 1137 1163
f 1163 1137 1112
f 1163 1112 999
f 999 1112 941
f 999 941 872
f 763 844 870
f 870 844 963
f 870 963 1084
f 1084 963 1089
f 1084 1089 1137
f 1137 1089 1092
f 1137 1092 1112
f 1112 1092 1001
f 1112 1001 941
f 95 74 96
f 96 74 61
f 96 61 97
f 97 61 64
f 97 64 101
f 101 64 71
f 101 71 134
f 134 71 103
f 134 103 248
f 248 103 225
f 248 225 383
f 383 225 369
f 383 369 477
f 477 369 469
f 477 469 567
f 567 469 520
f 567 520 655
f 655 520 636
f 655 636 813
f 813 636 775
f 813 775 986
f 986 775 945
f 986 945 1184
f 1184 945 1135
f 1184 1135 1228
f 1228 1135 1178
f 1228 1178 1210
f 1210 1178 1163
f 1210 1163 1087
f 1087 1163 999
f 1087 999 939
f 939 999 859
f 939 859 731
f 731 859 691
f 731 691 586
f 586 691 573
f 586 573 486
f 486 573 478
f 486 478 391
f 391 478 380
f 391 380 337
f 337 380 317
f 337 317 255
f 255 317 230
f 255 230 182
f 182 230 159
f 182 159 135
f 135 159 104
f 135 104 90
f 90 104 58
f 434 554 445
f 445 554 547
f 445 547 425
f 425 547 550
f 425 550 447
f 447 550 539
f 447 539 437
f 437 539 531
f 437 531 424
f 424 531 526
f 424 526 435
f 435 526 528
f 435 528 443
f 443 528 544
f 443 544 431
f 431 544 535
f 431 535 450
f 450 535 553
f 450 553 441
f 441 553 530
f 441 530 442
f 442 530 536
f 442 536 434
f 434 536 554
f 530 553 541
f 544 533 535
f 535 533 542
f 535 542 553
f 553 542 548
f 553 548 541
f 541 543 530
f 530 543 552
f 530 552 536
f 536 552 534
f 536 534 554
f 528 537 544
f 544 537 549
f 544 549 533
f 534 545 554
f 554 545 529
f 554 529 547
f 547 529 527
f 547 527 550
f 550 527 540
f 550 540 539
f 539 540 532
f 539 532 531
f 531 532 551
f 531 551 526
f 526 551 538
f 526 538 528
f 528 538 546
f 528 546 537
f 424 448 437
f 437 448 439
f 437 439 447
f 447 439 426
f 447 426 425
f 442 430 441
f 441 430 449
f 441 449 450
f 450 449 427
f 450 427 431
f 426 440 425
f 425 440 438
f 425 438 445
f 445 438 436
f 445 436 434
f 434 436 444
f 434 444 442
f 442 444 432
f 442 432 430
f 427 428 431
f 431 428 429
f 431 429 443
f 443 429 433
f 443 433 435
f 435 433 423
f 435 423 424
f 424 423 446
f 424 446 448
f 627 644 665
f 665 644 679
f 665 632 627
f 627 632 604
f 627 604 597
f 597 604 584
f 597 584 572
f 572 584 576
f 860 1142 982
f 982 1142 1128
f 692 717 714
f 1216 1268 1262
f 1201 759 810
f 780 705 759
f 646 601 628
f 594 600 625
f 610 681 737
f 1246 1241 861
f 790 737 1202
f 681 868 737
f 737 868 1147
f 737 1147 1202
f 780 759 860
f 860 759 1201
f 860 1201 1142
f 743 925 922
f 922 925 1153
f 1153 1155 922
f 922 1155 1165
f 922 1165 857
f 857 1165 1216
f 857 1216 810
f 810 1216 1262
f 810 1262 1201
f 600 610 625
f 625 610 737
f 625 737 650
f 650 737 790
f 650 790 684
f 684 790 841
f 684 841 706
f 706 841 858
f 1202 1224 790
f 790 1224 1255
f 790 1255 841
f 841 1255 1246
f 841 1246 858
f 858 1246 861
f 858 861 706
f 706 861 707
f 706 707 696
f 696 692 706
f 706 692 714
f 706 714 684
f 684 714 689
f 684 689 650
f 650 689 654
f 650 654 625
f 625 654 628
f 625 628 594
f 594 628 601
f 717 743 714
f 714 743 922
f 714 922 689
f 689 922 857
f 689 857 654
f 654 857 810
f 654 810 628
f 628 810 759
f 628 759 646
f 646 759 705
f 1186 1116 1093
f 1147 1116 1202
f 1202 1116 1186
f 1202 1186 1224
f 1224 1186 1255
f 1186 1221 1255
f 1255 1221 1236
f 1255 1236 1246
f 1246 1236 1241
f 1213 1208 1218
f 1093 1173 1186
f 1186 1173 1206
f 1186 1206 1221
f 1221 1206 1213
f 1221 1213 1236
f 1236 1213 1218
f 1236 1218 1241
f 1268 1256 1262
f 1169 1073 1101
f 1254 1223 1238
f 1238 1223 1169
f 1238 1169 1179
f 1179 1169 1101
f 1179 1101 1142
f 1142 1101 1128
f 1268 1254 1256
f 1256 1254 1238
f 1256 1238 1262
f 1262 1238 1179
f 1262 1179 1201
f 1201 1179 1142
f 899 548 893
f 893 548 542
f 893 542 916
f 916 542 533
f 541 794 543
f 543 794 769
f 543 769 552
f 552 769 734
f 1240 1217 1190
f 1227 1240 1205
f 1240 1190 1205
f 1205 1190 1138
f 1205 1138 1154
f 1154 1138 1044
f 1154 1044 1060
f 1060 1044 953
f 1060 953 965
f 1227 1205 1197
f 1197 1205 1154
f 1197 1154 1145
f 1145 1154 1060
f 1145 1060 1049
f 1049 1060 965
f 1049 965 957
f 907 953 1044
f 956 856 907
f 856 956 794
f 907 1044 956
f 956 1044 1138
f 956 1138 1039
f 1039 1138 1190
f 1039 1190 1110
f 1110 1190 1217
f 1110 1217 1151
f 794 956 865
f 865 956 1039
f 865 1039 955
f 955 1039 1110
f 955 1110 998
f 998 1110 1151
f 998 1151 1055
f 996 961 947
f 1055 996 978
f 996 947 978
f 978 947 866
f 978 866 935
f 935 866 800
f 935 800 843
f 843 800 734
f 843 734 769
f 1055 978 998
f 998 978 935
f 998 935 955
f 955 935 843
f 955 843 865
f 865 843 769
f 865 769 794
f 840 768 758
f 1141 1197 1145
f 624 653 724
f 620 668 609
f 609 668 649
f 609 649 615
f 615 649 663
f 615 663 623
f 623 663 652
f 652 663 722
f 652 722 733
f 733 722 799
f 733 799 786
f 786 799 937
f 786 937 835
f 835 937 884
f 884 937 1003
f 884 1003 948
f 948 1003 975
f 975 1003 1080
f 975 1080 971
f 971 1080 1051
f 971 1051 958
f 958 1051 889
f 889 1051 981
f 889 981 888
f 936 825 981
f 981 825 880
f 981 880 888
f 932 812 881
f 881 812 801
f 881 801 936
f 936 801 808
f 936 808 825
f 957 901 976
f 976 901 875
f 976 875 932
f 932 875 819
f 932 819 812
f 668 726 701
f 668 701 649
f 649 701 723
f 649 723 663
f 663 723 773
f 663 773 722
f 722 773 864
f 722 864 799
f 799 864 991
f 799 991 937
f 937 991 1115
f 937 1115 1003
f 1003 1115 1159
f 1003 1159 1080
f 1080 1159 1144
f 1080 1144 1051
f 1051 1144 1081
f 1051 1081 981
f 981 1081 994
f 981 994 936
f 936 994 973
f 936 973 881
f 881 973 992
f 881 992 932
f 932 992 1071
f 932 1071 976
f 976 1071 1049
f 976 1049 957
f 768 753 758
f 758 753 736
f 758 736 726
f 726 736 701
f 701 736 754
f 701 754 723
f 723 754 811
f 723 811 773
f 773 811 944
f 773 944 864
f 864 944 1068
f 864 1068 991
f 991 1068 1174
f 991 1174 1115
f 1115 1174 1211
f 1115 1211 1159
f 1159 1211 1196
f 1159 1196 1144
f 1144 1196 1146
f 1144 1146 1081
f 1081 1146 1078
f 1081 1078 994
f 994 1078 1041
f 994 1041 973
f 973 1041 1069
f 973 1069 992
f 992 1069 1141
f 992 1141 1071
f 1071 1141 1145
f 1071 1145 1049
f 961 814 947
f 947 814 777
f 947 777 866
f 866 777 724
f 866 724 800
f 800 724 653
f 800 653 734
f 961 840 814
f 814 840 758
f 814 758 777
f 777 758 726
f 777 726 724
f 724 726 668
f 724 668 624
f 624 668 620
f 753 747 736
f 736 747 745
f 736 745 754
f 754 745 766
f 754 766 811
f 811 766 837
f 811 837 944
f 944 837 960
f 944 960 1068
f 1068 960 1109
f 1068 1109 1174
f 1174 1109 1207
f 1174 1207 1211
f 1211 1207 1251
f 1211 1251 1196
f 1196 1251 1229
f 1196 1229 1146
f 1146 1229 1171
f 1146 1171 1078
f 1078 1171 1108
f 1078 1108 1041
f 1227 1197 1168
f 1168 1197 1141
f 1168 1141 1103
f 1103 1141 1069
f 1103 1069 1076
f 1076 1069 1041
f 1076 1041 1074
f 1074 1041 1108
f 537 819 549
f 549 819 875
f 825 808 546
f 546 808 801
f 546 801 537
f 537 801 812
f 537 812 819
f 825 546 880
f 880 546 538
f 880 538 888
f 733 786 540
f 540 786 835
f 540 835 532
f 835 884 532
f 532 884 885
f 532 885 551
f 551 885 915
f 551 915 538
f 538 915 889
f 538 889 888
f 733 540 652
f 652 540 527
f 652 527 623
f 623 527 529
f 623 529 615
f 653 624 545
f 545 624 620
f 545 620 529
f 529 620 609
f 529 609 615
f 545 534 653
f 653 534 552
f 653 552 734
f 875 901 549
f 549 901 900
f 549 900 533
f 533 900 916
f 794 541 856
f 856 541 548
f 856 548 907
f 907 548 899
f 4384 4389 4437
f 4341 4336 4389
f 4437 4428 4384
f 4384 4428 4414
f 4384 4414 4369
f 4369 4414 4396
f 4369 4396 4364
f 4389 4384 4341
f 4341 4384 4369
f 4341 4369 4335
f 4335 4369 4364
f 4335 4364 4340
f 1482 1514 1713
f 4555 4517 4480
f 4480 4517 4457
f 4327 4520 4329
f 4329 4520 4542
f 4329 4542 4328
f 4328 4542 4474
f 4328 4474 4349
f 4349 4474 4480
f 4349 4480 4400
f 4400 4480 4457
f 2552 3241 2394
f 2394 3241 2842
f 2394 2842 2224
f 4327 4326 4520
f 4520 4326 4325
f 4520 4325 4479
f 4479 4325 4323
f 4210 4038 4100
f 4566 4447 4471
f 2552 2602 3241
f 3241 2602 2641
f 3241 2641 3239
f 4323 4321 4479
f 4479 4321 4320
f 4479 4320 4396
f 3888 3937 4038
f 4038 3937 4013
f 4038 4013 4100
f 4100 4177 4210
f 4210 4177 4334
f 4210 4334 4447
f 4447 4334 4410
f 4447 4410 4471
f 4471 4534 4566
f 4566 4534 4558
f 4566 4558 4570
f 4570 4558 4555
f 4570 4555 4557
f 4557 4555 4480
f 2837 2895 2863
f 3654 3743 3888
f 3888 3743 3875
f 3888 3875 3937
f 2863 2895 3043
f 3399 3510 3654
f 3654 3510 3634
f 3654 3634 3743
f 4313 4311 4340
f 2808 2837 1953
f 1953 2837 2863
f 1953 2863 1713
f 1713 2863 1444
f 1713 1444 1482
f 2895 3053 3043
f 3043 3053 3227
f 3043 3227 3399
f 3399 3227 3386
f 3399 3386 3510
f 4320 4316 4396
f 4396 4316 4313
f 4396 4313 4364
f 4364 4313 4340
f 2224 2842 1953
f 1953 2842 2811
f 1953 2811 2808
f 4562 4557 4499
f 4499 4557 4480
f 4499 4480 4494
f 4494 4480 4474
f 4494 4474 4530
f 4530 4474 4542
f 3241 3258 3260
f 3260 3258 3269
f 3260 3269 3268
f 3268 3269 3276
f 3268 3276 3283
f 3283 3276 3288
f 3283 3288 3284
f 3284 3288 3291
f 3284 3291 3289
f 3393 3442 3443
f 3448 3450 3369
f 3369 3351 3349
f 3349 3351 3310
f 3349 3310 3312
f 3388 3393 3394
f 3394 3393 3443
f 3394 3443 3398
f 3398 3443 3447
f 3398 3447 3448
f 3310 3289 3297
f 3297 3289 3291
f 3297 3291 3316
f 3310 3297 3312
f 3312 3297 3316
f 3312 3316 3349
f 3349 3316 3343
f 3349 3343 3360
f 3448 3369 3398
f 3398 3369 3349
f 3398 3349 3394
f 3394 3349 3360
f 3394 3360 3388
f 4275 4271 4281
f 4281 4271 4282
f 4329 4328 4303
f 4303 4328 4302
f 4303 4302 4299
f 4299 4302 4298
f 4299 4298 4292
f 4292 4298 4293
f 4292 4293 4282
f 4282 4293 4283
f 4282 4283 4281
f 4298 4302 4345
f 4302 4328 4349
f 4302 4349 4345
f 4345 4349 4400
f 4345 4400 4392
f 4392 4391 4345
f 4345 4391 4333
f 4345 4333 4298
f 4324 4283 4333
f 4333 4283 4293
f 4333 4293 4298
f 4317 4275 4324
f 4324 4275 4281
f 4324 4281 4283
f 4391 4385 4333
f 4333 4385 4382
f 4333 4382 4324
f 4324 4382 4378
f 4324 4378 4317
f 4317 4378 4374
f 4441 4449 4503
f 4392 4400 4457
f 4392 4457 4391
f 4391 4457 4449
f 4449 4457 4517
f 4449 4517 4503
f 4503 4517 4555
f 4503 4555 4541
f 4541 4555 4558
f 4541 4558 4548
f 4548 4558 4534
f 4548 4534 4510
f 4510 4534 4471
f 4510 4471 4458
f 4458 4471 4410
f 4458 4410 4403
f 4403 4410 4334
f 4403 4334 4330
f 4330 4334 4177
f 4330 4177 4168
f 4168 4177 4100
f 4168 4100 4098
f 4098 4100 4013
f 4098 4013 4007
f 4007 4013 3937
f 4007 3937 3935
f 3935 3937 3875
f 3935 3875 3874
f 3874 3875 3743
f 3874 3743 3744
f 3744 3743 3634
f 3744 3634 3639
f 3639 3634 3510
f 3639 3510 3515
f 3515 3510 3386
f 3515 3386 3402
f 3402 3386 3227
f 3402 3227 3238
f 3238 3227 3053
f 3238 3053 3063
f 3063 3053 2895
f 3063 2895 2914
f 2914 2895 2837
f 2914 2837 2847
f 2847 2837 2808
f 2847 2808 2823
f 2823 2808 2811
f 2823 2811 2824
f 2824 2811 2842
f 2824 2842 2855
f 4441 4503 4490
f 4490 4503 4541
f 4490 4541 4525
f 4525 4541 4548
f 4525 4548 4537
f 4537 4548 4510
f 4537 4510 4498
f 4498 4510 4458
f 4498 4458 4453
f 4453 4458 4403
f 4453 4403 4398
f 4398 4403 4330
f 4398 4330 4309
f 4309 4330 4168
f 4309 4168 4163
f 4163 4168 4098
f 4163 4098 4097
f 4097 4098 4007
f 4097 4007 4005
f 4005 4007 3935
f 4005 3935 3934
f 3934 3935 3874
f 3934 3874 3873
f 3873 3874 3744
f 3873 3744 3746
f 3746 3744 3639
f 3746 3639 3642
f 3642 3639 3515
f 3642 3515 3520
f 3520 3515 3402
f 3520 3402 3406
f 3406 3402 3238
f 3406 3238 3250
f 3250 3238 3063
f 3250 3063 3069
f 3069 3063 2914
f 3069 2914 2926
f 2926 2914 2847
f 2926 2847 2857
f 2857 2847 2823
f 2857 2823 2831
f 2831 2823 2824
f 2831 2824 2838
f 2838 2824 2855
f 2838 2855 2867
f 4374 4378 4441
f 4441 4378 4382
f 4441 4382 4449
f 4449 4382 4385
f 4449 4385 4391
f 4374 4441 4438
f 4438 4441 4490
f 4438 4490 4482
f 4482 4490 4525
f 4482 4525 4522
f 4522 4525 4537
f 4522 4537 4523
f 4523 4537 4498
f 4523 4498 4495
f 4495 4498 4453
f 4495 4453 4450
f 4450 4453 4398
f 4450 4398 4393
f 4393 4398 4309
f 4393 4309 4306
f 4306 4309 4163
f 4306 4163 4162
f 4162 4163 4097
f 4162 4097 4096
f 4096 4097 4005
f 4096 4005 4003
f 4003 4005 3934
f 4003 3934 3933
f 3933 3934 3873
f 3933 3873 3872
f 3872 3873 3746
f 3872 3746 3749
f 3749 3746 3642
f 3749 3642 3644
f 3644 3642 3520
f 3644 3520 3523
f 3523 3520 3406
f 3523 3406 3410
f 3410 3406 3250
f 3410 3250 3256
f 3256 3250 3069
f 3256 3069 3074
f 3074 3069 2926
f 3074 2926 2929
f 2929 2926 2857
f 2929 2857 2864
f 2864 2857 2831
f 2864 2831 2840
f 2840 2831 2838
f 2840 2838 2841
f 2841 2838 2867
f 2841 2867 2872
f 3260 3268 2867
f 2867 3268 3283
f 2867 3283 2872
f 2872 3283 3284
f 2872 3284 3289
f 2867 2855 3260
f 3260 2855 2842
f 3260 2842 3241
f 3726 3736 3817
f 3736 3726 3681
f 3681 3726 3718
f 3681 3718 3693
f 3984 3918 3925
f 3925 3918 3883
f 3925 3883 3887
f 3887 3883 3869
f 3887 3869 3817
f 3817 3869 3792
f 3817 3792 3726
f 3992 3973 3984
f 3984 3973 3957
f 3984 3957 3918
f 3984 4012 3992
f 3992 4012 4047
f 3992 4047 4020
f 4047 4080 4069
f 4020 4047 4024
f 4024 4047 4069
f 4024 4069 4050
f 3241 3239 3259
f 3290 3291 3288
f 3290 3288 3275
f 3288 3276 3275
f 3275 3276 3269
f 3275 3269 3259
f 3259 3269 3258
f 3259 3258 3241
f 3388 3360 3356
f 3291 3290 3316
f 3316 3290 3324
f 3356 3360 3324
f 3324 3360 3343
f 3324 3343 3316
f 3389 3459 3442
f 3389 3442 3356
f 3356 3442 3393
f 3356 3393 3388
f 3567 3565 3579
f 3579 3565 3620
f 3579 3620 3675
f 3526 3565 3567
f 3466 3484 3487
f 3442 3459 3443
f 3443 3459 3462
f 3492 3518 3526
f 3526 3518 3525
f 3526 3525 3565
f 3528 3489 3490
f 3484 3486 3487
f 3487 3486 3492
f 3487 3492 3490
f 3490 3492 3526
f 3490 3526 3528
f 3528 3526 3567
f 3462 3466 3443
f 3443 3466 3487
f 3443 3487 3447
f 3447 3487 3490
f 3447 3490 3448
f 3448 3490 3489
f 3448 3489 3450
f 2871 2872 3289
f 3289 3310 2871
f 2871 3310 3351
f 2871 3351 3451
f 3451 3351 3369
f 3451 3369 3450
f 2872 2871 2841
f 2841 2871 2839
f 2841 2839 2840
f 2840 2839 2864
f 2864 2839 2928
f 2864 2928 2929
f 2929 2928 3074
f 3074 2928 3257
f 3074 3257 3256
f 3256 3257 3410
f 3410 3257 3522
f 3410 3522 3523
f 3523 3522 3644
f 3644 3522 3750
f 3644 3750 3749
f 3749 3750 3872
f 3872 3750 3932
f 3872 3932 3933
f 3933 3932 4003
f 4003 3932 4095
f 4003 4095 4096
f 4096 4095 4162
f 4162 4095 4307
f 4162 4307 4306
f 4306 4307 4393
f 4393 4307 4451
f 4393 4451 4450
f 4450 4451 4495
f 4495 4451 4524
f 4495 4524 4523
f 4523 4524 4522
f 4522 4524 4483
f 4522 4483 4482
f 4482 4483 4438
f 4438 4483 4375
f 4438 4375 4374
f 3987 3964 3960
f 3900 3871 3863
f 3693 3718 3692
f 3692 3718 3715
f 3692 3715 3637
f 3637 3715 3599
f 3637 3599 3606
f 3555 3557 3564
f 3555 3564 3599
f 3599 3564 3591
f 3599 3591 3606
f 3602 3604 3576
f 3602 3576 3555
f 3555 3576 3560
f 3555 3560 3557
f 3711 3661 3602
f 3602 3661 3607
f 3602 3607 3604
f 3871 3846 3863
f 3863 3846 3769
f 3863 3769 3711
f 3711 3769 3720
f 3711 3720 3661
f 3960 3964 3863
f 3863 3964 3940
f 3863 3940 3900
f 4075 4074 4065
f 4075 4065 4027
f 4065 4045 4027
f 4027 4045 4025
f 4027 4025 3960
f 3960 4025 4014
f 3960 4014 3987
f 4026 4024 4051
f 4051 4024 4050
f 4026 4051 4075
f 4075 4051 4070
f 4075 4070 4074
f 3957 3973 3959
f 3959 3973 3992
f 3959 3992 4026
f 4026 3992 4020
f 4026 4020 4024
f 3957 3959 3918
f 3918 3959 3861
f 3918 3861 3883
f 3718 3726 3715
f 3715 3726 3792
f 3715 3792 3861
f 3861 3792 3869
f 3861 3869 3883
f 4265 4241 4244
f 4244 4248 4265
f 4265 4248 4251
f 4265 4251 4252
f 4252 4258 4265
f 4265 4258 4268
f 4265 4268 4284
f 4242 4243 4206
f 4241 4205 4244
f 4244 4205 4207
f 4244 4207 4230
f 4230 4207 4215
f 4173 4192 4205
f 4205 4192 4194
f 4205 4194 4207
f 4207 4194 4209
f 4207 4209 4215
f 4166 4167 4156
f 4156 4167 4121
f 4107 4116 4121
f 4121 4116 4120
f 4121 4120 4156
f 4073 4107 4091
f 4091 4107 4121
f 4091 4121 4131
f 4131 4121 4167
f 4131 4167 4183
f 4183 4167 4166
f 4183 4166 4211
f 4211 4166 4206
f 4211 4206 4227
f 4227 4206 4243
f 4241 4242 4205
f 4205 4242 4206
f 4205 4206 4173
f 4173 4206 4166
f 4173 4166 4165
f 4165 4166 4156
f 4230 4215 4256
f 4230 4256 4244
f 4255 4253 4252
f 4250 4257 4255
f 4256 4257 4244
f 4244 4257 4250
f 4244 4250 4248
f 4255 4252 4250
f 4250 4252 4251
f 4250 4251 4248
f 4280 4257 4278
f 4278 4257 4256
f 4280 4278 4288
f 4288 4278 4296
f 4288 4296 4295
f 4311 4313 4296
f 4296 4313 4300
f 4296 4300 4295
f 4557 4562 4582
f 4557 4582 4570
f 4570 4582 4567
f 4570 4567 4566
f 4566 4567 4456
f 4566 4456 4447
f 4447 4456 4218
f 4447 4218 4210
f 4210 4218 4039
f 4210 4039 4038
f 4038 4039 3889
f 4038 3889 3888
f 3888 3889 3651
f 3888 3651 3654
f 3654 3651 3382
f 3654 3382 3399
f 3399 3382 3019
f 3399 3019 3043
f 3043 3019 2848
f 3043 2848 2863
f 4568 4578 4350
f 3681 3583 3736
f 3736 3583 3652
f 3736 3652 3817
f 3925 4046 3984
f 3984 4046 4079
f 3984 4079 4012
f 3652 3697 3817
f 3817 3697 3805
f 3817 3805 3887
f 3887 3805 3886
f 3887 3886 3890
f 3890 3901 3887
f 3887 3901 3979
f 3887 3979 3925
f 3925 3979 4040
f 3925 4040 4046
f 4122 4080 4079
f 4079 4080 4047
f 4079 4047 4012
f 4439 4455 4350
f 4122 4203 4080
f 4080 4203 4219
f 4080 4219 4350
f 4350 4219 4362
f 4350 4362 4439
f 4455 4511 4350
f 4350 4511 4565
f 4350 4565 4568
f 3377 3320 3381
f 3681 3540 3583
f 3583 3540 3377
f 3583 3377 3463
f 3463 3377 3381
f 2863 2848 1444
f 1444 2848 1439
f 1714 1713 1514
f 1463 1382 1718
f 1514 1547 1714
f 1714 1547 1524
f 1714 1524 1719
f 1719 1524 1463
f 1719 1463 1717
f 1717 1463 1718
f 1719 1717 1916
f 1713 1714 1953
f 1953 1714 1932
f 1953 1932 2224
f 2224 1932 2173
f 2224 2173 2394
f 2394 2173 2345
f 2394 2345 2552
f 2552 2345 2488
f 1714 1719 1932
f 1932 1719 1916
f 1932 1916 2173
f 2173 1916 2125
f 2173 2125 2345
f 2345 2125 2305
f 2345 2305 2488
f 2488 2305 2442
f 1717 1718 1916
f 1916 1718 1905
f 1916 1905 2125
f 2125 1905 2111
f 2125 2111 2305
f 2305 2111 2287
f 2305 2287 2442
f 2442 2287 2404
f 2602 2552 2488
f 2641 2602 2575
f 2641 2575 2642
f 2642 2575 2551
f 2642 2551 2636
f 2636 2551 2546
f 2636 2546 2639
f 2602 2488 2575
f 2575 2488 2442
f 2575 2442 2551
f 2551 2442 2404
f 2551 2404 2546
f 3239 2641 3240
f 3240 2641 2642
f 3240 2642 3242
f 3242 2642 2636
f 3242 2636 3243
f 3243 2636 2639
f 3307 3352 3302
f 3414 3445 3370
f 3414 3352 3347
f 3347 3352 3307
f 3347 3307 3243
f 3243 3307 3242
f 3271 3240 3242
f 3239 3240 3259
f 3259 3240 3271
f 3259 3271 3275
f 3414 3370 3352
f 3352 3370 3342
f 3352 3342 3302
f 3302 3342 3314
f 3302 3314 3299
f 3242 3307 3271
f 3271 3307 3302
f 3271 3302 3275
f 3275 3302 3299
f 3275 3299 3290
f 3356 3324 3325
f 3453 3475 3502
f 3370 3445 3460
f 3460 3416 3370
f 3370 3416 3364
f 3370 3364 3342
f 3342 3364 3314
f 3314 3364 3325
f 3314 3325 3299
f 3299 3325 3324
f 3299 3324 3290
f 3461 3459 3389
f 3502 3483 3453
f 3453 3483 3468
f 3453 3468 3430
f 3430 3468 3461
f 3430 3461 3397
f 3397 3461 3389
f 3397 3389 3356
f 3356 3325 3397
f 3397 3325 3364
f 3397 3364 3430
f 3430 3364 3416
f 3430 3416 3453
f 3453 3416 3460
f 3453 3460 3475
f 3462 3459 3461
f 3502 3561 3483
f 3483 3561 3542
f 3497 3486 3472
f 3472 3486 3484
f 3472 3484 3466
f 3534 3578 3565
f 3472 3491 3497
f 3497 3491 3516
f 3497 3516 3534
f 3534 3516 3549
f 3534 3549 3578
f 3462 3461 3466
f 3565 3525 3534
f 3534 3525 3518
f 3534 3518 3497
f 3497 3518 3492
f 3497 3492 3486
f 3561 3614 3542
f 3542 3614 3596
f 3542 3596 3588
f 3466 3461 3472
f 3472 3461 3468
f 3472 3468 3491
f 3491 3468 3483
f 3491 3483 3516
f 3516 3483 3542
f 3516 3542 3549
f 3549 3542 3588
f 3549 3588 3578
f 3565 3578 3620
f 3620 3578 3623
f 3620 3623 3675
f 3641 3675 3623
f 3614 3641 3596
f 3596 3641 3623
f 3596 3623 3588
f 3588 3623 3578
f 3675 3676 3579
f 3579 3676 3580
f 3579 3580 3567
f 3567 3580 3528
f 3528 3580 3488
f 3528 3488 3489
f 3489 3488 3451
f 3489 3451 3450
f 4267 4276 4272
f 4114 4071 4072
f 4114 4072 4073
f 4114 4073 4091
f 4272 4245 4249
f 4249 4254 4272
f 4272 4254 4266
f 4272 4266 4267
f 4183 4211 4226
f 4226 4211 4227
f 4226 4227 4272
f 4272 4227 4243
f 4272 4243 4245
f 4091 4131 4114
f 4114 4131 4183
f 4114 4183 4174
f 4174 4183 4226
f 4109 4116 4107
f 4113 4130 4152
f 4194 4192 4185
f 4204 4212 4185
f 4157 4191 4178
f 4178 4191 4195
f 4178 4195 4201
f 4151 4178 4185
f 4185 4178 4201
f 4185 4201 4204
f 4194 4185 4209
f 4209 4185 4212
f 4209 4212 4215
f 4103 4113 4132
f 4132 4113 4152
f 4132 4152 4157
f 4157 4152 4176
f 4157 4176 4191
f 4106 4073 4103
f 4109 4107 4106
f 4106 4107 4073
f 4143 4109 4129
f 4129 4109 4106
f 4129 4106 4115
f 4115 4106 4103
f 4192 4173 4185
f 4185 4173 4165
f 4185 4165 4151
f 4151 4165 4156
f 4151 4156 4120
f 4103 4132 4115
f 4115 4132 4157
f 4115 4157 4129
f 4129 4157 4178
f 4129 4178 4143
f 4143 4178 4151
f 4143 4151 4109
f 4109 4151 4120
f 4109 4120 4116
f 4215 4212 4256
f 4256 4212 4233
f 4212 4204 4233
f 4233 4204 4201
f 4233 4201 4198
f 4198 4201 4195
f 4198 4195 4191
f 4191 4176 4198
f 4198 4176 4152
f 4198 4152 4164
f 4164 4152 4130
f 4164 4130 4135
f 4154 4208 4184
f 4213 4198 4164
f 4314 4311 4294
f 4294 4311 4296
f 4294 4296 4246
f 4246 4296 4278
f 4246 4278 4233
f 4233 4278 4256
f 4315 4312 4229
f 4229 4312 4247
f 4229 4247 4208
f 4208 4247 4213
f 4208 4213 4184
f 4184 4213 4164
f 4184 4164 4154
f 4154 4164 4135
f 4312 4314 4247
f 4247 4314 4294
f 4247 4294 4213
f 4213 4294 4246
f 4213 4246 4198
f 4198 4246 4233
f 4312 4315 4336
f 4336 4341 4312
f 4312 4341 4335
f 4312 4335 4314
f 4314 4335 4340
f 4314 4340 4311
f 4362 4219 4218
f 3901 3890 3889
f 3019 3382 3319
f 3320 3319 3381
f 3381 3319 3382
f 3381 3382 3463
f 3463 3382 3651
f 3463 3651 3583
f 3583 3651 3652
f 3890 3886 3889
f 3889 3886 3805
f 3889 3805 3651
f 3651 3805 3697
f 3651 3697 3652
f 3901 3889 3979
f 3979 3889 4039
f 3979 4039 4040
f 4122 4079 4039
f 4039 4079 4046
f 4039 4046 4040
f 4218 4219 4039
f 4039 4219 4203
f 4039 4203 4122
f 4567 4568 4456
f 4456 4568 4565
f 4565 4511 4456
f 4456 4511 4455
f 4456 4455 4218
f 4218 4455 4439
f 4218 4439 4362
f 4578 4568 4579
f 4579 4568 4567
f 4579 4567 4592
f 4592 4567 4582
f 4592 4582 4576
f 4576 4582 4562
f 4576 4562 4560
f 2849 2848 2938
f 2938 2848 3019
f 2938 3019 3109
f 3109 3019 3319
f 2671 2608 2543
f 2543 2608 2537
f 2543 2537 2420
f 2609 2672 2543
f 2543 2672 2709
f 2543 2709 2671
f 2332 2418 2543
f 2543 2418 2529
f 2543 2529 2609
f 2420 2331 2543
f 2543 2331 2306
f 2543 2306 2332
f 2540 2608 2631
f 2631 2608 2671
f 2631 2671 2731
f 2731 2671 2709
f 2731 2709 2755
f 2755 2709 2672
f 2755 2672 2728
f 2728 2672 2609
f 2728 2609 2634
f 2634 2609 2529
f 2634 2529 2532
f 2532 2529 2418
f 2532 2418 2377
f 2377 2418 2332
f 2377 2332 2268
f 2268 2332 2306
f 2268 2306 2216
f 2216 2306 2331
f 2216 2331 2267
f 2267 2331 2420
f 2267 2420 2376
f 2376 2420 2537
f 2376 2537 2540
f 2540 2537 2608
f 2702 2788 2800
f 2800 2788 2901
f 2800 2901 2936
f 2936 2901 3065
f 2936 3065 3092
f 3092 3065 3204
f 3092 3204 3264
f 3264 3204 3254
f 3264 3254 3328
f 3328 3254 3281
f 3328 3281 3354
f 3354 3281 3255
f 3354 3255 3327
f 3327 3255 3205
f 3327 3205 3265
f 3265 3205 3066
f 3265 3066 3093
f 3093 3066 2899
f 3093 2899 2935
f 2935 2899 2789
f 2935 2789 2801
f 2801 2789 2703
f 2801 2703 2685
f 2685 2703 2572
f 2685 2572 2556
f 2556 2572 2437
f 2556 2437 2384
f 2384 2437 2299
f 2384 2299 2241
f 2241 2299 2188
f 2241 2188 2081
f 2081 2188 2095
f 2081 2095 1976
f 1976 2095 2067
f 1976 2067 1948
f 1948 2067 2094
f 1948 2094 1977
f 1977 2094 2191
f 1977 2191 2082
f 2082 2191 2300
f 2082 2300 2242
f 2242 2300 2436
f 2242 2436 2382
f 2382 2436 2573
f 2382 2573 2555
f 2555 2573 2696
f 2555 2696 2702
f 2702 2696 2788
f 2482 2119 2514
f 2514 2119 2239
f 2514 2239 2594
f 2594 2239 2459
f 2594 2459 2699
f 2699 2459 2693
f 2699 2693 2768
f 2768 2693 2880
f 2768 2880 2834
f 2834 2880 3114
f 2834 3114 2859
f 2859 3114 3234
f 2859 3234 2836
f 2836 3234 3115
f 2836 3115 2770
f 2770 3115 2879
f 2770 2879 2700
f 2700 2879 2694
f 2700 2694 2595
f 2595 2694 2458
f 2595 2458 2512
f 2512 2458 2238
f 2512 2238 2482
f 2482 2238 2119
f 2788 2697 2900
f 3206 3065 2900
f 2900 3065 2901
f 2900 2901 2788
f 3280 3254 3206
f 3206 3254 3204
f 3206 3204 3065
f 3207 3255 3280
f 3280 3255 3281
f 3280 3281 3254
f 2898 3066 3207
f 3207 3066 3205
f 3207 3205 3255
f 2704 2789 2898
f 2898 2789 2899
f 2898 2899 3066
f 2438 2572 2704
f 2704 2572 2703
f 2704 2703 2789
f 2189 2299 2438
f 2438 2299 2437
f 2438 2437 2572
f 2066 2095 2189
f 2189 2095 2188
f 2189 2188 2299
f 2190 2094 2066
f 2066 2094 2067
f 2066 2067 2095
f 2435 2300 2190
f 2190 2300 2191
f 2190 2191 2094
f 2788 2696 2697
f 2697 2696 2573
f 2697 2573 2435
f 2435 2573 2436
f 2435 2436 2300
f 2697 2879 2900
f 2900 2879 3115
f 2900 3115 3206
f 3206 3115 3234
f 3206 3234 3280
f 3280 3234 3114
f 3280 3114 3207
f 3207 3114 2880
f 3207 2880 2898
f 2898 2880 2693
f 2898 2693 2704
f 2704 2693 2459
f 2704 2459 2438
f 2438 2459 2239
f 2438 2239 2189
f 2189 2239 2119
f 2189 2119 2066
f 2066 2119 2238
f 2066 2238 2190
f 2190 2238 2458
f 2190 2458 2435
f 2435 2458 2694
f 2435 2694 2697
f 2697 2694 2879
f 2700 2683 2770
f 2770 2683 2771
f 2770 2771 2836
f 2836 2771 2835
f 2836 2835 2859
f 2859 2835 2858
f 2859 2858 2834
f 2834 2858 2833
f 2834 2833 2768
f 2768 2833 2769
f 2768 2769 2699
f 2699 2769 2682
f 2699 2682 2594
f 2594 2682 2596
f 2594 2596 2514
f 2514 2596 2515
f 2514 2515 2482
f 2482 2515 2483
f 2482 2483 2512
f 2512 2483 2513
f 2512 2513 2595
f 2595 2513 2597
f 2595 2597 2700
f 2700 2597 2683
f 2681 2597 2513
f 2683 2597 2681
f 2681 2515 2596
f 2483 2515 2681
f 2513 2483 2681
f 2681 2769 2833
f 2682 2769 2681
f 2596 2682 2681
f 2681 2835 2771
f 2858 2835 2681
f 2833 2858 2681
f 2771 2683 2681
f 915 885 906
f 906 885 884
f 906 884 883
f 883 884 891
f 883 891 913
f 913 891 914
f 913 914 912
f 912 914 920
f 912 920 911
f 906 890 915
f 915 890 905
f 915 905 889
f 889 905 904
f 889 904 888
f 888 904 897
f 904 898 897
f 897 898 903
f 897 903 887
f 887 903 886
f 887 886 901
f 901 886 910
f 901 910 900
f 909 894 882
f 882 894 892
f 882 892 895
f 895 892 907
f 895 907 917
f 907 899 917
f 917 899 893
f 917 893 910
f 910 893 916
f 910 916 900
f 911 920 919
f 919 920 896
f 919 896 902
f 902 896 918
f 902 918 909
f 909 918 908
f 909 908 894
f 909 1022 902
f 902 1022 1011
f 902 1011 919
f 919 1011 1018
f 895 1027 882
f 882 1027 1031
f 882 1031 909
f 909 1031 1032
f 909 1032 1022
f 886 1014 910
f 910 1014 1023
f 910 1023 917
f 917 1023 1010
f 917 1010 895
f 895 1010 1028
f 895 1028 1027
f 898 1029 903
f 903 1029 1009
f 903 1009 886
f 886 1009 1024
f 886 1024 1014
f 905 1020 904
f 904 1020 1019
f 904 1019 898
f 898 1019 1029
f 906 1017 890
f 890 1017 1013
f 890 1013 905
f 905 1013 1026
f 905 1026 1020
f 912 1015 913
f 913 1015 1030
f 913 1030 883
f 883 1030 1021
f 883 1021 906
f 906 1021 1016
f 906 1016 1017
f 919 1018 911
f 911 1018 1025
f 911 1025 912
f 912 1025 1012
f 912 1012 1015
f 4475 4479 4396
f 4428 4437 4445
f 4475 4396 4472
f 4445 4463 4428
f 4428 4463 4472
f 4428 4472 4414
f 4414 4472 4396
f 1699 1502 1574
f 2026 1872 1884
f 1884 1872 1844
f 1844 1872 1841
f 1844 1841 1699
f 2793 2776 2613
f 2613 2776 2603
f 2819 2793 2743
f 2743 2793 2613
f 2743 2613 2621
f 2621 2613 2519
f 2301 2337 2478
f 2478 2337 2366
f 1699 1574 1844
f 1844 1574 1689
f 1844 1689 1884
f 1884 1689 1847
f 1884 1847 1978
f 1978 1847 1903
f 1978 1903 2135
f 2135 1903 1983
f 2135 1983 2301
f 2301 1983 2210
f 2301 2210 2337
f 2087 2026 2156
f 2156 2026 1884
f 2156 1884 2322
f 2322 1884 1978
f 2322 1978 2350
f 2350 1978 2135
f 2350 2135 2554
f 2554 2135 2301
f 2554 2301 2603
f 2603 2301 2478
f 2603 2478 2613
f 2613 2478 2366
f 2613 2366 2519
f 1830 3121 1876
f 1876 3121 3122
f 1876 3122 2034
f 2034 3122 3126
f 2034 3126 2174
f 2174 3126 2315
f 3127 2606 3126
f 3126 2606 2475
f 3126 2475 2315
f 1827 1830 1876
f 1876 1730 1827
f 1827 1730 1675
f 1827 1675 1658
f 2034 1851 1876
f 1876 1851 1749
f 1876 1749 1730
f 2147 1958 2034
f 2034 1958 1931
f 2034 1931 1851
f 2606 2490 2475
f 2475 2490 2314
f 2475 2314 2315
f 2315 2314 2147
f 2315 2147 2174
f 2174 2147 2034
f 3553 3554 3551
f 3551 3554 3552
f 3678 3677 3618
f 3678 3618 3619
f 3619 3618 3572
f 3619 3572 3573
f 3573 3572 3551
f 3573 3551 3552
f 4284 4268 4289
f 4289 4268 4280
f 4289 4280 4288
f 4252 4253 4258
f 4258 4253 4268
f 4268 4253 4280
f 4280 4253 4255
f 4280 4255 4257
f 4289 4288 4295
f 4316 4320 4297
f 4297 4320 4321
f 4297 4321 4310
f 4310 4321 4323
f 4313 4316 4300
f 4300 4316 4297
f 4300 4297 4295
f 4295 4297 4291
f 4295 4291 4289
f 4289 4291 4284
f 4290 4284 4291
f 4310 4323 4303
f 4303 4323 4325
f 4325 4326 4303
f 4303 4326 4327
f 4303 4327 4329
f 4292 4290 4299
f 4299 4290 4291
f 4299 4291 4303
f 4303 4291 4297
f 4303 4297 4310
f 4277 4279 4282
f 4292 4282 4290
f 4290 4282 4279
f 4290 4279 4284
f 4271 4269 4282
f 4282 4269 4276
f 4282 4276 4277
f 4277 4276 4267
f 4277 4267 4266
f 4277 4266 4254
f 4259 4279 4277
f 4277 4254 4259
f 4259 4254 4249
f 4259 4249 4242
f 4242 4249 4245
f 4242 4245 4243
f 4242 4241 4259
f 4259 4241 4265
f 4259 4265 4279
f 4279 4265 4284
f 1988 1997 2990
f 2047 2054 2123
f 2123 2054 2131
f 2123 2131 2219
f 2219 2131 2196
f 2219 3009 2123
f 2123 3009 3000
f 2123 3000 2047
f 2047 3000 2990
f 2047 2990 2033
f 2033 2990 1997
f 2951 2950 2022
f 2951 2022 2962
f 2962 2022 2023
f 2962 2023 2971
f 2971 2023 2018
f 2971 2018 2975
f 2975 2018 2004
f 2975 2004 2990
f 2990 2004 1981
f 2990 1981 1988
f 1881 2022 1874
f 1874 2022 2950
f 1874 2950 1867
f 1867 2950 2952
f 1867 2952 1845
f 2952 2964 1845
f 1845 2964 2978
f 1845 2978 1807
f 1807 2978 1792
f 2978 2988 1792
f 1792 2988 3007
f 1792 3007 1734
f 1734 3007 3017
f 1734 3017 1683
f 1683 3017 1668
f 1668 3017 3020
f 1668 3020 1620
f 1620 3020 3027
f 1620 3027 1570
f 1570 3027 3035
f 1570 3035 1541
f 1541 3035 3040
f 1541 3040 1538
f 3056 1509 3049
f 3049 1509 1520
f 3049 1520 1527
f 1538 3040 1536
f 1536 3040 3045
f 1536 3045 1527
f 1527 3045 3046
f 1527 3046 3049
f 2540 2374 2376
f 2376 2374 2265
f 2376 2265 2267
f 2267 2265 2215
f 2267 2215 2216
f 2216 2215 2266
f 2216 2266 2268
f 2268 2266 2375
f 2268 2375 2377
f 2377 2375 2534
f 2377 2534 2532
f 2532 2534 2633
f 2532 2633 2634
f 2634 2633 2730
f 2634 2730 2728
f 2728 2730 2754
f 2728 2754 2755
f 2755 2754 2729
f 2755 2729 2731
f 2731 2729 2632
f 2731 2632 2631
f 2631 2632 2535
f 2631 2535 2540
f 2540 2535 2374
f 2538 2632 2669
f 2669 2632 2729
f 2669 2729 2773
f 2773 2729 2754
f 2773 2754 2803
f 2803 2754 2730
f 2803 2730 2774
f 2774 2730 2633
f 2774 2633 2670
f 2670 2633 2534
f 2670 2534 2533
f 2533 2534 2375
f 2533 2375 2334
f 2334 2375 2266
f 2334 2266 2177
f 2177 2266 2215
f 2177 2215 2092
f 2092 2215 2265
f 2092 2265 2178
f 2178 2265 2374
f 2178 2374 2333
f 2333 2374 2535
f 2333 2535 2538
f 2538 2535 2632
f 1807 1792 1770
f 1792 1734 1770
f 1770 1734 1683
f 1770 1683 1668
f 1807 1770 1845
f 1845 1770 1842
f 1845 1842 1867
f 1842 1860 1871
f 1871 1881 1842
f 1842 1881 1874
f 1842 1874 1867
f 1310 1332 1167
f 1129 1214 1360
f 1811 1747 1709
f 1358 1313 1393
f 1393 1313 1266
f 1393 1266 1473
f 1566 1528 1593
f 1593 1528 1474
f 1513 1558 1537
f 1537 1558 1598
f 1537 1598 1575
f 1536 1527 1505
f 1505 1527 1526
f 1505 1526 1513
f 1513 1526 1531
f 1513 1531 1558
f 1536 1505 1538
f 1538 1505 1518
f 1538 1518 1541
f 1541 1518 1557
f 1541 1557 1570
f 1570 1557 1597
f 1570 1597 1620
f 1620 1597 1643
f 1620 1643 1668
f 1811 1857 1825
f 1825 1857 1860
f 1825 1860 1819
f 1489 1595 1523
f 1523 1595 1647
f 1523 1647 1535
f 1535 1647 1653
f 1290 1040 1301
f 1301 1040 1059
f 1301 1059 1319
f 1167 1332 1266
f 1266 1332 1380
f 1266 1380 1473
f 1167 1095 1310
f 1310 1095 1062
f 1310 1062 1295
f 1295 1062 1033
f 1295 1033 1290
f 1290 1033 1002
f 1290 1002 1040
f 1566 1473 1528
f 1528 1473 1380
f 1528 1380 1474
f 1474 1380 1332
f 1474 1332 1427
f 1427 1332 1310
f 1427 1310 1403
f 1403 1310 1295
f 1403 1295 1394
f 1394 1295 1290
f 1394 1290 1413
f 1413 1290 1301
f 1413 1301 1446
f 1446 1301 1319
f 1446 1319 1501
f 1785 1744 1659
f 1747 1811 1752
f 1752 1811 1825
f 1752 1825 1740
f 1740 1825 1819
f 1740 1819 1711
f 1785 1842 1744
f 1744 1842 1770
f 1744 1770 1690
f 1659 1744 1617
f 1617 1744 1690
f 1617 1690 1501
f 1598 1593 1575
f 1575 1593 1474
f 1575 1474 1537
f 1537 1474 1427
f 1537 1427 1513
f 1513 1427 1403
f 1513 1403 1505
f 1505 1403 1394
f 1505 1394 1518
f 1518 1394 1413
f 1518 1413 1557
f 1557 1413 1446
f 1557 1446 1597
f 1597 1446 1501
f 1597 1501 1643
f 1643 1501 1690
f 1643 1690 1668
f 1668 1690 1770
f 1488 1355 1610
f 1610 1355 1472
f 1610 1472 1639
f 1639 1472 1503
f 1639 1503 1653
f 1653 1503 1534
f 1653 1534 1535
f 1360 1214 1411
f 1411 1214 1239
f 1411 1239 1488
f 1488 1239 1340
f 1488 1340 1355
f 1595 1709 1647
f 1647 1709 1747
f 1647 1747 1653
f 1653 1747 1752
f 1653 1752 1639
f 1639 1752 1740
f 1639 1740 1610
f 1610 1740 1711
f 1610 1711 1488
f 1860 1842 1819
f 1819 1842 1785
f 1819 1785 1711
f 1711 1785 1659
f 1711 1659 1488
f 1488 1659 1617
f 1488 1617 1411
f 1411 1617 1501
f 1411 1501 1360
f 1360 1501 1319
f 1360 1319 1129
f 1129 1319 1059
f 1311 892 894
f 1311 894 1312
f 1312 894 908
f 1312 908 1313
f 1500 1552 1415
f 1641 1624 1623
f 1664 1667 1613
f 1667 1678 1552
f 1552 1678 1693
f 1667 1552 1613
f 1613 1552 1500
f 1613 1500 1587
f 1415 1312 1313
f 1313 1358 1415
f 1415 1358 1393
f 1415 1393 1500
f 1500 1393 1473
f 1500 1473 1587
f 1587 1473 1566
f 1587 1566 1593
f 1311 1312 1530
f 1530 1312 1415
f 1530 1415 1696
f 1696 1415 1552
f 1696 1552 1695
f 1695 1552 1693
f 1598 1623 1593
f 1593 1623 1624
f 1593 1624 1587
f 1587 1624 1641
f 1587 1641 1613
f 1613 1641 1642
f 1613 1642 1664
f 907 892 1590
f 1737 1774 1590
f 1530 1696 1702
f 953 907 1496
f 1496 907 1590
f 1496 1590 1567
f 1567 1590 1607
f 1567 1607 1627
f 1702 1737 1530
f 1530 1737 1590
f 1530 1590 1311
f 1311 1590 892
f 1628 1592 1555
f 1592 1628 1633
f 1495 1496 1555
f 1555 1496 1567
f 1555 1567 1628
f 1628 1567 1627
f 1497 1495 1532
f 1532 1495 1555
f 1532 1555 1565
f 1565 1555 1592
f 1565 1592 1619
f 1619 1592 1633
f 1497 957 1495
f 1495 957 965
f 1495 965 1496
f 1496 965 953
f 4140 3553 3551
f 4141 4140 3677
f 3677 4140 3551
f 3677 3551 3618
f 3618 3551 3572
f 4235 4273 4274
f 4199 4235 4187
f 4187 4235 4274
f 4187 4274 4225
f 4225 4274 4285
f 3677 3678 4141
f 4141 3678 4138
f 4141 4138 4187
f 4187 4138 4171
f 4187 4171 4199
f 3552 3554 4137
f 3619 3573 3678
f 3678 3573 3552
f 3678 3552 4138
f 4138 3552 4137
f 4274 4275 4285
f 4285 4275 4317
f 4285 4317 4286
f 4286 4317 4318
f 4318 4317 4374
f 4318 4374 4375
f 4026 4075 4524
f 3676 4071 4272
f 3553 2871 3554
f 3554 2871 3451
f 3451 3488 3580
f 4114 4174 4071
f 4071 4174 4226
f 4071 4226 4272
f 4200 4172 4234
f 4234 4172 4137
f 4234 4137 4270
f 4270 4137 3554
f 4270 3554 4272
f 4272 3554 3451
f 4272 3451 3676
f 3676 3451 3580
f 3959 3932 3861
f 3861 3932 3750
f 3861 3750 3715
f 4524 4075 4483
f 4483 4075 4027
f 4483 4027 4375
f 4375 4027 4318
f 4318 4027 3960
f 4318 3960 4286
f 4524 4451 4026
f 4026 4451 4307
f 4026 4307 3959
f 3959 4307 4095
f 3959 4095 3932
f 3553 4140 3960
f 4140 4186 3960
f 3960 4186 4224
f 3960 4224 4286
f 3750 3522 3715
f 3715 3522 3257
f 3715 3257 3599
f 3599 3257 2928
f 3599 2928 3555
f 3555 2928 2839
f 3555 2839 3602
f 3602 2839 2871
f 3602 2871 3711
f 3711 2871 3553
f 3711 3553 3863
f 3863 3553 3960
f 4140 4141 4186
f 4186 4141 4187
f 4186 4187 4224
f 4224 4187 4225
f 4224 4225 4286
f 4286 4225 4285
f 4275 4274 4271
f 4271 4274 4273
f 4273 4270 4271
f 4271 4270 4272
f 4271 4272 4269
f 4269 4272 4276
f 4270 4273 4234
f 4234 4273 4235
f 4234 4235 4200
f 4200 4235 4199
f 4200 4199 4172
f 4172 4199 4171
f 4172 4171 4137
f 4137 4171 4138
f 2241 2213 2384
f 2384 2213 2368
f 2384 2368 2556
f 2556 2368 2549
f 2556 2549 2685
f 2685 2549 2691
f 2685 2691 2801
f 2801 2691 2807
f 2801 2807 2935
f 2935 2807 2941
f 2935 2941 3093
f 3093 2941 3180
f 3093 3180 3265
f 3265 3180 3294
f 3265 3294 3327
f 3327 3294 3358
f 3327 3358 3354
f 3354 3358 3374
f 3354 3374 3328
f 3328 3374 3359
f 3328 3359 3264
f 3264 3359 3293
f 3264 3293 3092
f 3092 3293 3181
f 3092 3181 2936
f 2936 3181 2940
f 2936 2940 2800
f 2800 2940 2806
f 2800 2806 2702
f 2702 2806 2695
f 2702 2695 2555
f 2555 2695 2550
f 2555 2550 2382
f 2382 2550 2369
f 2382 2369 2242
f 2242 2369 2212
f 2242 2212 2082
f 2082 2212 2049
f 2082 2049 1977
f 1977 2049 1944
f 1977 1944 1948
f 1948 1944 1911
f 1948 1911 1976
f 1976 1911 1943
f 1976 1943 2081
f 2081 1943 2048
f 2081 2048 2241
f 2241 2048 2213
f 1388 1489 1523
f 897 1379 888
f 888 1379 1385
f 888 1385 889
f 1351 1339 897
f 897 1339 1349
f 897 1349 1379
f 897 887 1351
f 1351 887 901
f 1351 901 1410
f 1410 901 957
f 1410 957 1497
f 948 975 1534
f 889 1385 958
f 958 1385 1388
f 958 1388 971
f 971 1388 1523
f 971 1523 975
f 975 1523 1535
f 975 1535 1534
f 1313 908 1266
f 1266 908 918
f 1266 918 1167
f 1167 918 1095
f 1095 918 896
f 1095 896 1062
f 920 1040 1002
f 920 1002 896
f 896 1002 1033
f 896 1033 1062
f 914 1214 1129
f 914 1129 920
f 920 1129 1059
f 920 1059 1040
f 1534 1503 948
f 948 1503 1472
f 948 1472 884
f 884 1472 1355
f 884 1355 891
f 891 1355 1340
f 891 1340 914
f 914 1340 1239
f 914 1239 1214
f 2584 2401 2724
f 2207 2176 2148
f 2159 2194 2142
f 2142 2194 2262
f 2600 2723 2724
f 3426 3400 3481
f 3481 3400 3339
f 3481 3339 3611
f 3611 3339 3236
f 3611 3236 2724
f 2724 3236 3125
f 2724 3125 2584
f 2262 2351 2142
f 2142 2351 2412
f 2142 2412 2133
f 2600 2724 2481
f 2481 2724 2401
f 2481 2401 2292
f 2133 2412 2138
f 2138 2412 2481
f 2138 2481 2148
f 2148 2481 2292
f 2148 2292 2207
f 1840 1829 1745
f 1745 1656 1655
f 2584 2352 2401
f 2401 2352 2317
f 2134 2176 2207
f 1938 1962 2112
f 2112 1962 2100
f 2292 2112 2207
f 2207 2112 2100
f 2207 2100 2134
f 1672 1751 1831
f 1831 1751 1810
f 1831 1810 1938
f 1938 1810 1853
f 1938 1853 1962
f 1745 1655 1840
f 1840 1655 1654
f 1840 1654 1859
f 1859 1654 1672
f 1859 1672 1919
f 1919 1672 1831
f 1919 1831 2146
f 2146 1831 1938
f 2146 1938 2352
f 2352 1938 2112
f 2352 2112 2317
f 2317 2112 2292
f 2317 2292 2401
f 3725 3608 3471
f 2663 2614 2607
f 3048 2828 2812
f 3094 3223 2925
f 2925 3223 3326
f 2925 3326 3064
f 3064 3326 3224
f 2963 2953 2812
f 2812 2953 2995
f 2812 2995 3048
f 2829 2852 2998
f 2623 2635 2714
f 2610 2622 2623
f 2623 2714 2610
f 2610 2714 2587
f 2610 2587 2557
f 2557 2587 2589
f 2557 2589 2510
f 2510 2589 2484
f 2484 2589 2627
f 2484 2627 2493
f 2278 2295 2440
f 2440 2295 2372
f 2440 2372 2493
f 2493 2372 2443
f 2493 2443 2484
f 2133 2271 2142
f 2142 2271 2159
f 2357 2261 2080
f 2261 2149 2080
f 2080 2149 2129
f 2080 2129 2117
f 2614 2506 2607
f 2607 2506 2271
f 2607 2271 2505
f 2505 2271 2133
f 2505 2133 2362
f 2362 2133 2209
f 2362 2209 2259
f 2074 2109 2080
f 2080 2109 2159
f 2080 2159 2357
f 2357 2159 2271
f 2357 2271 2389
f 2389 2271 2506
f 2887 2816 2826
f 2826 2816 2722
f 3201 3213 3209
f 3209 3213 3436
f 3209 3436 3253
f 3201 3067 3213
f 3213 3067 2921
f 3213 2921 2887
f 3326 3431 3224
f 3224 3431 3507
f 3224 3507 3465
f 3465 3507 3628
f 3465 3628 3668
f 3668 3628 3793
f 3668 3793 3829
f 3829 3793 3896
f 3829 3896 3943
f 3943 3896 3971
f 3943 3971 3989
f 3048 3078 2828
f 2828 3078 2861
f 2828 2861 2772
f 2998 2963 2829
f 2829 2963 2812
f 2829 2812 2710
f 2710 2812 2828
f 2710 2828 2716
f 2716 2828 2772
f 2605 2756 2744
f 2744 2756 2931
f 2744 2931 2912
f 2912 2931 3274
f 2912 3274 3213
f 3213 3274 3471
f 3213 3471 3436
f 3436 3471 3608
f 3943 3790 3829
f 3829 3790 3673
f 3829 3673 3668
f 3668 3673 3494
f 3668 3494 3465
f 3465 3494 3262
f 3465 3262 3224
f 3224 3262 2922
f 3224 2922 3064
f 3064 2922 2827
f 3064 2827 2925
f 3078 3094 2861
f 2861 3094 2925
f 2861 2925 2772
f 2772 2925 2827
f 2772 2827 2756
f 2756 2827 2922
f 2756 2922 2931
f 2931 2922 3262
f 2931 3262 3274
f 3274 3262 3494
f 3274 3494 3471
f 3471 3494 3673
f 3471 3673 3725
f 3725 3673 3790
f 2278 2440 2259
f 2259 2440 2579
f 2259 2579 2362
f 2362 2579 2715
f 2362 2715 2505
f 2505 2715 2826
f 2505 2826 2607
f 2607 2826 2722
f 2607 2722 2663
f 2887 2826 3213
f 3213 2826 2715
f 3213 2715 2912
f 2912 2715 2579
f 2912 2579 2744
f 2744 2579 2440
f 2744 2440 2605
f 2605 2440 2493
f 2605 2493 2756
f 2756 2493 2627
f 2756 2627 2772
f 2772 2627 2589
f 2772 2589 2716
f 2716 2589 2587
f 2716 2587 2710
f 2710 2587 2714
f 2710 2714 2829
f 1682 1618 1661
f 1848 1915 1809
f 1809 1915 1901
f 1809 1901 1797
f 1797 1901 1870
f 1797 1870 1775
f 1775 1870 1856
f 1885 1891 1878
f 1878 1891 1908
f 1878 1908 1848
f 1848 1908 1917
f 1848 1917 1915
f 1661 1681 1775
f 1775 1681 1732
f 1775 1732 1797
f 1856 1828 1775
f 1775 1828 1761
f 1775 1761 1661
f 1661 1761 1729
f 1661 1729 1682
f 1584 1571 1618
f 1618 1571 1614
f 1618 1614 1661
f 1584 1561 1571
f 1571 1561 1510
f 1571 1510 1544
f 1480 1507 1483
f 1483 1507 1519
f 1510 1487 1544
f 1544 1487 1483
f 1544 1483 1529
f 1529 1483 1519
f 2151 2065 1707
f 1507 1480 1755
f 1707 2065 1755
f 1755 2065 2150
f 1755 2150 2325
f 2325 2527 1755
f 1755 2527 3058
f 1755 3058 1507
f 2527 2684 3058
f 3058 2684 2781
f 3058 2781 3167
f 3167 2781 2821
f 3167 2821 3233
f 3233 2821 2782
f 3154 3384 3120
f 3120 3384 3373
f 3120 3373 3333
f 1707 1656 2151
f 2151 1656 1745
f 2151 1745 2324
f 2324 1745 1829
f 2324 1829 2539
f 2539 1829 3120
f 2539 3120 2690
f 2690 3120 3333
f 2690 3333 2782
f 2782 3333 3295
f 2782 3295 3233
f 3154 3244 3337
f 3420 3384 3417
f 3417 3384 3154
f 3417 3154 3392
f 3392 3154 3337
f 3295 3333 3332
f 3331 3167 3332
f 3332 3167 3233
f 3332 3233 3295
f 3094 3330 3223
f 3223 3330 3326
f 3078 3167 3094
f 3094 3167 3331
f 3094 3331 3330
f 3042 3047 3050
f 3050 3058 3042
f 3042 3058 3167
f 3042 3167 3037
f 3037 3167 3078
f 3037 3078 3048
f 3048 2984 3003
f 3003 3018 3048
f 3048 3018 3028
f 3048 3028 3037
f 3011 3010 2997
f 2997 2993 3011
f 3011 2993 2987
f 3011 2987 3016
f 3016 2987 2972
f 3016 2972 2967
f 3014 3015 3006
f 3006 3015 3005
f 3015 3016 3005
f 3005 3016 2967
f 3005 2967 2998
f 2998 2967 2958
f 2984 3048 2961
f 2961 3048 2995
f 2961 2995 2947
f 2947 2995 2953
f 2947 2953 2958
f 2958 2953 2963
f 2958 2963 2998
f 2030 1885 1878
f 2044 2025 1986
f 2172 2090 2229
f 2229 2090 2053
f 2229 2053 3010
f 3010 2053 2997
f 2997 2053 2993
f 2993 2053 2044
f 2044 1986 2993
f 2993 1986 1989
f 2993 1989 2987
f 2987 1989 2020
f 2987 2020 2972
f 2972 2020 2031
f 2972 2031 2967
f 2967 2031 2036
f 2967 2036 2958
f 2958 2036 2032
f 2958 2032 2947
f 3018 3003 1732
f 2032 2030 2947
f 2947 2030 1878
f 2947 1878 2961
f 2961 1878 1848
f 2961 1848 2984
f 2984 1848 1809
f 2984 1809 3003
f 3003 1809 1797
f 3003 1797 1732
f 1732 1681 3018
f 3018 1681 1661
f 3018 1661 3028
f 3028 1661 1614
f 3028 1614 3037
f 3037 1614 1571
f 3037 1571 3042
f 3042 1571 1544
f 4494 4530 4529
f 4560 4562 4546
f 4546 4562 4499
f 4529 4492 4494
f 4494 4492 4484
f 4494 4484 4499
f 4499 4484 4500
f 4499 4500 4546
f 4507 4506 4521
f 4479 4475 4489
f 4479 4489 4520
f 4445 4434 4463
f 4463 4434 4489
f 4463 4489 4472
f 4472 4489 4475
f 4489 4507 4520
f 4520 4507 4521
f 4520 4521 4542
f 4542 4521 4540
f 4540 4544 4542
f 4542 4544 4529
f 4542 4529 4530
f 1553 1439 2848
f 1553 2848 1791
f 2849 2617 2848
f 2848 2617 2386
f 2386 2093 2848
f 2848 2093 2008
f 2848 2008 1791
f 3730 3765 4154
f 4154 3765 3808
f 4154 3808 3830
f 3833 3814 4236
f 4236 3814 3796
f 3796 3760 4236
f 4236 3760 3587
f 4236 3587 3469
f 4346 4373 4315
f 4315 4373 4376
f 4315 4376 4336
f 4336 4376 4386
f 4336 4386 4389
f 4389 4386 4409
f 4389 4409 4437
f 4437 4409 4434
f 4437 4434 4445
f 3830 3833 4154
f 4154 3833 4236
f 4154 4236 4208
f 4208 4236 4346
f 4208 4346 4229
f 4229 4346 4315
f 4228 4236 3469
f 3433 3413 4181
f 3433 4181 3439
f 3439 4181 3446
f 3446 4181 4197
f 3446 4197 3469
f 3469 4197 4217
f 3469 4217 4228
f 3215 3084 2939
f 2939 3966 3215
f 3215 3966 3991
f 3215 3991 4015
f 4161 4181 3413
f 4161 3413 4148
f 4148 3413 3396
f 4148 3396 3371
f 3084 3041 2939
f 2939 3041 2930
f 2930 3041 2920
f 2930 2920 2919
f 3371 3396 3390
f 3390 3396 3413
f 3390 3413 3444
f 3444 3413 3433
f 3761 3724 3760
f 3760 3724 3688
f 3760 3688 3587
f 3587 3688 3586
f 3587 3586 3469
f 3469 3586 3496
f 3469 3496 3446
f 3446 3496 3444
f 3446 3444 3439
f 3439 3444 3433
f 3761 3760 3796
f 3761 3796 3795
f 3795 3796 3814
f 3795 3814 3815
f 4545 4535 4388
f 2865 2927 3073
f 3353 3270 2865
f 2865 3270 2884
f 2865 2884 2815
f 2865 3073 3353
f 3353 3073 3200
f 3353 3200 3212
f 3252 3277 3436
f 3277 3278 3436
f 3436 3278 3263
f 3436 3263 3253
f 4355 4169 4260
f 4260 4169 4105
f 4502 4388 4481
f 4481 4388 4169
f 4481 4169 4412
f 4412 4169 4355
f 4502 4504 4388
f 4388 4504 4539
f 4388 4539 4545
f 4105 4169 4068
f 4068 4169 4057
f 4068 4057 3995
f 3725 3790 3845
f 3845 3790 3946
f 3946 3790 3943
f 3946 3943 3995
f 3995 3943 3989
f 3995 3989 4068
f 3212 3252 3353
f 3353 3252 3436
f 3353 3436 3504
f 3504 3436 3608
f 3504 3608 3689
f 3689 3608 3725
f 3689 3725 3741
f 3741 3725 3845
f 3830 3831 3833
f 3833 3831 3815
f 3833 3815 3814
f 3808 3812 3830
f 3830 3812 3832
f 3830 3832 3831
f 3811 3812 3807
f 3807 3812 3808
f 3807 3808 3802
f 3802 3808 3765
f 3802 3765 3764
f 3764 3765 3730
f 3764 3730 3729
f 3755 3785 3770
f 3807 3802 3803
f 3767 3799 3791
f 3735 3745 3767
f 3799 3825 3791
f 3791 3825 3826
f 3791 3826 3803
f 3803 3826 3820
f 3803 3820 3807
f 3807 3820 3818
f 3807 3818 3811
f 3755 3770 3735
f 3764 3729 3770
f 3770 3729 3732
f 3770 3732 3735
f 3735 3767 3755
f 3755 3767 3791
f 3755 3791 3785
f 3785 3791 3803
f 3785 3803 3770
f 3770 3803 3802
f 3770 3802 3764
f 4338 4390 4418
f 4418 4390 4436
f 4418 4436 4444
f 3745 4338 3767
f 3767 4338 4418
f 3767 4418 3799
f 3799 4418 3827
f 3799 3827 3825
f 3825 3827 3826
f 2039 2255 2079
f 2667 2723 2600
f 1803 1869 1902
f 1841 1872 1890
f 1890 1872 2026
f 1508 1491 1699
f 1699 1491 1492
f 1699 1492 1502
f 1873 1582 1748
f 1748 1582 1508
f 1748 1508 1637
f 1637 1508 1699
f 2109 2074 2063
f 2194 2159 2109
f 2109 2063 2194
f 2194 2063 2012
f 2194 2012 2079
f 2481 2412 2255
f 2255 2412 2351
f 2255 2351 2079
f 2079 2351 2262
f 2079 2262 2194
f 2012 1902 2079
f 2079 1902 1869
f 2079 1869 2039
f 2039 1869 1803
f 2039 1803 1873
f 1873 1803 1679
f 1873 1679 1582
f 2598 2567 2522
f 2522 2567 2399
f 2522 2399 2486
f 2486 2399 2263
f 2486 2263 2348
f 2348 2263 2099
f 2348 2099 2320
f 2320 2099 2166
f 2099 1960 2166
f 2166 1960 1890
f 2166 1890 2157
f 2157 1890 2026
f 2157 2026 2087
f 1699 1841 1637
f 1637 1841 1890
f 1637 1890 1748
f 1748 1890 1960
f 1748 1960 1873
f 1873 1960 2099
f 1873 2099 2039
f 2039 2099 2263
f 2039 2263 2255
f 2255 2263 2399
f 2255 2399 2481
f 2481 2399 2567
f 2481 2567 2600
f 2600 2567 2598
f 2600 2598 2667
f 4419 4418 4444
f 4444 4448 4419
f 4419 4448 4454
f 4419 4454 4452
f 4452 4454 4464
f 4452 4464 4504
f 4504 4464 4478
f 4531 4532 4528
f 4528 4532 4535
f 4528 4535 4527
f 4527 4535 4545
f 4527 4545 4543
f 4543 4545 4539
f 4543 4539 4547
f 4547 4539 4504
f 4547 4504 4508
f 4508 4504 4478
f 2489 2490 2606
f 2854 3246 3341
f 3559 3643 3341
f 3341 3643 3768
f 3341 3768 2854
f 2854 3768 3906
f 2854 3906 3924
f 3559 3341 3514
f 3514 3341 3403
f 3514 3403 3429
f 2489 2606 2519
f 2854 2846 3246
f 3246 2846 2819
f 3246 2819 3127
f 3127 2819 2743
f 3127 2743 2606
f 2606 2743 2621
f 2606 2621 2519
f 3121 2538 2669
f 2538 3121 2333
f 2333 3121 1830
f 2333 1830 2178
f 3056 2774 2670
f 2670 2533 3056
f 3056 2533 1757
f 3056 1757 1509
f 1509 1757 1479
f 2533 2334 1757
f 1757 2334 2177
f 1757 2177 1710
f 1710 2177 2092
f 1710 2092 1658
f 1658 2092 2178
f 1658 2178 1827
f 1827 2178 1830
f 2774 3056 2803
f 2803 3056 3101
f 2803 3101 2773
f 2773 3101 3334
f 2773 3334 2669
f 2669 3334 3121
f 3121 3334 3372
f 3121 3372 3385
f 3385 3421 3419
f 3248 3121 3329
f 3329 3121 3385
f 3329 3385 3362
f 3362 3385 3419
f 3362 3419 3387
f 1558 1531 1520
f 1520 1531 1526
f 1520 1526 1527
f 1509 1479 1493
f 1493 1506 1509
f 1509 1506 1556
f 1509 1556 1520
f 1520 1556 1598
f 1520 1598 1558
f 1778 1774 1737
f 1696 1764 1702
f 1702 1764 1771
f 1702 1771 1737
f 1737 1771 1781
f 1737 1781 1778
f 1696 1695 1764
f 1764 1695 1693
f 1764 1693 1739
f 1693 1678 1739
f 1739 1678 1667
f 1739 1667 1692
f 1692 1667 1664
f 1692 1664 1687
f 1664 1642 1687
f 1687 1642 1641
f 1687 1641 1649
f 1649 1641 1623
f 1649 1623 1601
f 1601 1623 1598
f 1601 1598 1588
f 1588 1598 1556
f 3235 3237 3338
f 3154 3120 3155
f 3155 3120 3124
f 3155 3124 3157
f 3157 3237 3155
f 3155 3237 3235
f 3155 3235 3154
f 3154 3235 3244
f 3317 3337 3244
f 3317 3365 3337
f 3337 3365 3395
f 3337 3395 3392
f 3392 3395 3418
f 3392 3418 3417
f 3417 3418 3422
f 3417 3422 3420
f 3244 3235 3317
f 3317 3235 3338
f 3317 3338 3365
f 3365 3338 3401
f 3365 3401 3395
f 3395 3401 3427
f 3395 3427 3418
f 3418 3427 3423
f 3418 3423 3422
f 3400 3426 3425
f 3124 3125 3157
f 3157 3125 3236
f 3157 3236 3237
f 3237 3236 3339
f 3237 3339 3338
f 3338 3339 3400
f 3338 3400 3401
f 3401 3400 3425
f 3401 3425 3427
f 1384 1379 1370
f 1370 1379 1349
f 1370 1349 1343
f 1343 1349 1339
f 1343 1339 1337
f 1337 1339 1351
f 1337 1351 1350
f 1350 1351 1365
f 1365 1351 1376
f 1376 1351 1410
f 1376 1410 1466
f 1466 1410 1490
f 1466 1490 1583
f 1619 1583 1565
f 1565 1583 1490
f 1565 1490 1532
f 1532 1490 1410
f 1532 1410 1497
f 2776 2775 2603
f 2603 2775 2652
f 2320 2479 2348
f 2348 2479 2476
f 2348 2476 2486
f 2320 2166 2479
f 2479 2166 2157
f 2479 2157 2087
f 2087 2156 2479
f 2479 2156 2322
f 2479 2322 2517
f 2517 2322 2350
f 2517 2350 2652
f 2652 2350 2554
f 2652 2554 2603
f 2856 2844 2846
f 2919 2920 2913
f 2913 2920 2856
f 2913 2856 2854
f 2854 2856 2846
f 2819 2846 2793
f 2793 2846 2844
f 2793 2844 2776
f 2776 2844 2790
f 2776 2790 2775
f 2854 3924 2913
f 2913 3924 3941
f 2913 3941 2919
f 3966 2939 3941
f 3941 2939 2930
f 3941 2930 2919
f 3404 3428 3429
f 3429 3403 3404
f 3404 3403 3341
f 3404 3341 3340
f 3340 3341 3309
f 3309 3341 3246
f 3309 3246 3245
f 3245 3246 3127
f 3245 3127 3126
f 3126 3122 3231
f 3419 3421 3424
f 3419 3424 3387
f 3126 3231 3245
f 3245 3231 3308
f 3245 3308 3309
f 3309 3308 3363
f 3309 3363 3340
f 3340 3363 3405
f 3340 3405 3404
f 3428 3404 3424
f 3424 3404 3405
f 3424 3405 3387
f 3387 3405 3363
f 3387 3363 3362
f 3362 3363 3308
f 3362 3308 3329
f 3329 3308 3231
f 3329 3231 3248
f 3248 3231 3122
f 3248 3122 3121
f 3335 3334 3101
f 3336 3335 3298
f 3298 3335 3199
f 3199 3335 3099
f 3099 3335 3101
f 3099 3101 3068
f 3068 3101 3056
f 3068 3056 3044
f 3044 3056 3033
f 3033 3056 3049
f 3033 3049 3046
f 3046 3045 3033
f 3033 3045 3040
f 3033 3040 3035
f 2992 2994 3035
f 2978 2955 2969
f 2977 3007 2969
f 2969 3007 2988
f 2969 2988 2978
f 3035 3027 2992
f 2992 3027 3020
f 2992 3020 2977
f 2977 3020 3017
f 2977 3017 3007
f 2994 3002 3035
f 3035 3002 3001
f 3035 3001 3033
f 3033 3001 2996
f 3033 2996 2991
f 2957 2966 2968
f 2968 2966 3033
f 2968 3033 2981
f 2981 3033 2991
f 2957 2945 2966
f 2966 2945 2948
f 2966 2948 2982
f 3013 3012 3004
f 3004 2954 3013
f 3013 2954 2959
f 3013 2959 2965
f 3004 2999 2954
f 2954 2999 2989
f 2954 2989 2948
f 2948 2989 2985
f 2948 2985 2982
f 2965 2973 3013
f 3013 2973 2979
f 3013 2979 3009
f 3009 2979 2983
f 2983 2980 3009
f 3009 2980 2974
f 3009 2974 3000
f 3000 2974 2970
f 3000 2970 2990
f 2990 2970 2960
f 2956 2971 2960
f 2960 2971 2975
f 2960 2975 2990
f 2978 2964 2955
f 2955 2964 2952
f 2955 2952 2949
f 2949 2952 2950
f 2949 2950 2946
f 2946 2950 2951
f 2946 2951 2956
f 2956 2951 2962
f 2956 2962 2971
f 1218 1208 809
f 659 682 738
f 676 695 809
f 1208 821 809
f 809 821 793
f 809 793 676
f 692 696 695
f 695 696 707
f 695 707 809
f 809 707 861
f 809 861 1218
f 1218 861 1241
f 676 659 695
f 695 659 738
f 695 738 692
f 692 738 717
f 682 721 738
f 738 721 846
f 738 846 989
f 989 846 1067
f 989 1067 1113
f 717 738 743
f 743 738 989
f 743 989 925
f 925 989 1113
f 925 1113 1153
f 793 821 805
f 1070 1067 846
f 632 665 728
f 831 1073 1169
f 1223 1139 787
f 787 1139 1102
f 665 679 728
f 728 679 697
f 728 697 831
f 607 584 604
f 606 579 603
f 603 579 576
f 708 1093 959
f 959 730 708
f 708 730 672
f 708 672 612
f 1173 1093 762
f 762 1093 708
f 762 708 603
f 603 708 612
f 603 612 606
f 770 1213 762
f 762 1213 1206
f 762 1206 1173
f 821 1208 1213
f 1091 1082 826
f 826 1082 1072
f 826 1072 1070
f 770 762 634
f 634 762 603
f 634 603 607
f 607 603 576
f 607 576 584
f 821 1213 805
f 805 1213 770
f 805 770 638
f 638 770 634
f 638 634 639
f 639 634 607
f 639 607 728
f 728 607 604
f 728 604 632
f 669 787 826
f 826 787 1102
f 826 1102 1091
f 1169 1223 783
f 783 1223 787
f 783 787 643
f 643 787 669
f 643 669 657
f 657 669 659
f 657 659 676
f 1070 846 826
f 826 846 721
f 826 721 669
f 669 721 682
f 669 682 659
f 831 1169 728
f 728 1169 783
f 728 783 639
f 639 783 643
f 639 643 638
f 638 643 657
f 638 657 805
f 805 657 676
f 805 676 793
f 1912 1698 1009
f 1009 1698 1395
f 1009 1395 1024
f 1024 1395 1430
f 1024 1430 1014
f 1014 1430 1452
f 1014 1452 1023
f 1023 1452 1469
f 1023 1469 1010
f 1010 1469 1725
f 1010 1725 1949
f 1016 2949 1017
f 1017 2949 2946
f 1017 2946 1013
f 1013 2946 2956
f 1013 2956 1026
f 1026 2956 2960
f 1026 2960 1020
f 1020 2960 2970
f 1020 2970 1019
f 1019 2970 2974
f 1019 2974 1029
f 1029 2974 2980
f 1029 2980 1009
f 1009 2980 2983
f 1009 2983 1912
f 1912 2983 2979
f 1912 2979 1929
f 1929 2979 2973
f 1929 2973 1941
f 1941 2973 2965
f 1941 2965 1949
f 1949 2965 2959
f 1949 2959 1010
f 1010 2959 2954
f 1010 2954 1028
f 1028 2954 2948
f 1028 2948 1027
f 1027 2948 2945
f 1027 2945 1031
f 1031 2945 2957
f 1031 2957 1032
f 1032 2957 2968
f 1032 2968 1022
f 1022 2968 2981
f 1022 2981 1011
f 1011 2981 2991
f 1011 2991 1018
f 2991 2996 1018
f 1018 2996 3001
f 1018 3001 1025
f 1025 3001 3002
f 1025 3002 1012
f 1012 3002 2994
f 1012 2994 1015
f 1015 2994 2992
f 1015 2992 1030
f 1030 2992 2977
f 1030 2977 1021
f 1021 2977 2969
f 1021 2969 1016
f 1016 2969 2955
f 1016 2955 2949
f 504 509 516
f 1850 1839 1753
f 1753 1839 1703
f 1753 1703 1691
f 1691 1703 1585
f 1585 1703 1486
f 1585 1486 1357
f 1288 1152 1357
f 479 495 483
f 483 495 503
f 1589 1391 1640
f 1640 1391 1685
f 1640 1685 1697
f 1697 1685 1733
f 1839 1802 1703
f 1703 1802 1705
f 1703 1705 1486
f 1486 1705 1484
f 1486 1484 1282
f 1357 1486 1288
f 1288 1486 1282
f 1288 1282 1152
f 1152 1282 951
f 1152 951 854
f 854 951 688
f 854 688 700
f 700 688 593
f 700 593 602
f 675 772 784
f 784 772 1134
f 784 1134 1038
f 1517 1336 1367
f 1367 1336 1244
f 1367 1244 1134
f 1134 1244 1064
f 1134 1064 1038
f 629 557 562
f 562 557 496
f 562 496 503
f 503 496 484
f 503 484 483
f 495 504 503
f 503 504 516
f 503 516 562
f 562 516 583
f 562 583 629
f 629 583 656
f 629 656 807
f 807 656 876
f 807 876 1182
f 1182 876 1260
f 1182 1260 1391
f 1391 1260 1449
f 1391 1449 1685
f 518 555 560
f 560 555 565
f 560 565 593
f 593 565 592
f 593 592 602
f 1545 1517 1589
f 1589 1517 1367
f 1589 1367 1391
f 1391 1367 1134
f 1391 1134 1182
f 1182 1134 772
f 1182 772 807
f 807 772 675
f 807 675 629
f 629 675 588
f 629 588 557
f 1802 1733 1705
f 1705 1733 1685
f 1705 1685 1484
f 1484 1685 1449
f 1484 1449 1282
f 1282 1449 1260
f 1282 1260 951
f 951 1260 876
f 951 876 688
f 688 876 656
f 688 656 593
f 593 656 583
f 593 583 560
f 560 583 516
f 560 516 518
f 518 516 509
f 961 996 863
f 1805 1906 1975
f 831 697 795
f 1622 1328 1577
f 1577 1328 1372
f 795 697 712
f 712 697 679
f 712 679 605
f 679 644 605
f 605 644 627
f 605 627 582
f 582 627 597
f 582 597 559
f 559 597 572
f 559 572 555
f 555 572 565
f 572 576 565
f 565 576 579
f 565 579 592
f 1093 1116 1322
f 1322 1116 1147
f 1322 1147 1307
f 1753 1691 1608
f 1608 1691 1585
f 1608 1585 1357
f 1850 1801 1892
f 1892 1801 1760
f 1892 1760 1968
f 2103 2144 1946
f 2056 1956 1923
f 1923 1956 1787
f 1923 1787 1824
f 1542 1381 1151
f 1280 1324 1240
f 1151 1217 1542
f 1542 1217 1240
f 1542 1240 1369
f 1369 1240 1324
f 1240 1227 1280
f 1280 1227 1168
f 1280 1168 1160
f 1160 1168 1103
f 1160 1103 1094
f 1103 1076 1094
f 1094 1076 1074
f 1094 1074 1114
f 1114 1074 1108
f 1229 1346 1171
f 1171 1346 1299
f 1171 1299 1108
f 1108 1299 1185
f 1108 1185 1114
f 1229 1251 1346
f 1346 1251 1265
f 1346 1265 1409
f 1409 1265 1383
f 1409 1383 1580
f 1580 1383 1660
f 1660 1383 1602
f 1660 1602 1731
f 1805 1975 1602
f 1602 1975 1864
f 1602 1864 1731
f 1855 1788 1804
f 1804 1788 1543
f 1804 1543 1726
f 1726 1543 1569
f 1726 1569 1632
f 1543 1316 1569
f 1569 1316 1328
f 1569 1328 1632
f 1632 1328 1622
f 1381 1314 1100
f 961 863 840
f 719 753 863
f 863 753 768
f 863 768 840
f 750 837 766
f 750 766 716
f 716 766 745
f 716 745 719
f 719 745 747
f 719 747 753
f 1207 1109 1090
f 1090 1109 960
f 837 750 960
f 960 750 852
f 960 852 1090
f 1090 852 982
f 1090 982 1316
f 1316 982 1128
f 1316 1128 1328
f 1328 1128 1101
f 1328 1101 1372
f 1372 1101 1073
f 1372 1073 1230
f 1230 1073 1058
f 1230 1058 795
f 795 1058 1073
f 795 1073 831
f 646 705 757
f 757 705 780
f 757 780 860
f 614 601 613
f 613 601 646
f 613 646 645
f 645 646 757
f 610 600 614
f 614 600 594
f 614 594 601
f 614 647 610
f 610 647 760
f 610 760 681
f 868 1100 1147
f 1147 1100 1314
f 1147 1314 1307
f 868 863 1100
f 1100 863 996
f 1100 996 1381
f 1381 996 1055
f 1381 1055 1151
f 1521 1591 1787
f 1787 1591 1673
f 1787 1673 1824
f 2056 2103 1956
f 1956 2103 1946
f 1956 1946 1787
f 1787 1946 1759
f 1787 1759 1521
f 1855 1906 1788
f 1788 1906 1805
f 1788 1805 1543
f 1543 1805 1602
f 1543 1602 1316
f 1316 1602 1383
f 1316 1383 1090
f 1090 1383 1265
f 1090 1265 1207
f 1207 1265 1251
f 1753 1608 1850
f 1850 1608 1551
f 1850 1551 1801
f 1801 1551 1521
f 1801 1521 1760
f 1760 1521 1759
f 1760 1759 1968
f 1968 1759 1946
f 1968 1946 2101
f 2101 1946 2144
f 2101 2144 2179
f 579 606 592
f 592 606 612
f 592 612 602
f 602 612 672
f 602 672 700
f 700 672 730
f 700 730 854
f 854 730 959
f 854 959 1152
f 1152 959 1093
f 1152 1093 1357
f 1357 1093 1322
f 1357 1322 1608
f 1608 1322 1307
f 1608 1307 1551
f 1551 1307 1314
f 1551 1314 1521
f 1521 1314 1381
f 1521 1381 1591
f 1591 1381 1542
f 1591 1542 1673
f 860 982 757
f 757 982 852
f 757 852 645
f 645 852 750
f 645 750 613
f 613 750 716
f 613 716 614
f 614 716 719
f 614 719 647
f 647 719 863
f 647 863 760
f 760 863 868
f 760 868 681
f 2179 2144 2145
f 2145 2144 2103
f 2145 2103 2102
f 2280 2139 2269
f 2269 2139 2256
f 1947 2089 2139
f 2139 2089 2160
f 2139 2160 2256
f 2139 2013 1947
f 1947 2013 1930
f 1947 1930 1900
f 1900 1930 1843
f 1843 1930 1882
f 1843 1882 1680
f 1680 1882 1644
f 1644 1882 1773
f 1644 1773 1612
f 1612 1773 1631
f 1612 1631 1494
f 1494 1631 1289
f 1289 1631 1408
f 1289 1408 934
f 1408 1267 934
f 934 1267 979
f 934 979 818
f 818 979 599
f 405 417 979
f 405 979 363
f 363 979 781
f 363 781 342
f 417 462 979
f 979 462 524
f 979 524 599
f 687 475 698
f 698 475 338
f 698 338 727
f 338 284 293
f 781 727 342
f 342 727 338
f 342 338 321
f 321 338 293
f 347 313 367
f 313 276 367
f 367 276 277
f 367 277 279
f 687 677 416
f 416 677 411
f 416 411 367
f 367 411 386
f 367 386 347
f 677 711 411
f 411 711 804
f 411 804 422
f 422 804 878
f 422 878 494
f 494 878 1006
f 494 1006 568
f 568 1006 671
f 671 1006 1164
f 671 1164 1107
f 1164 1285 1107
f 1107 1285 1457
f 1107 1457 1248
f 1248 1457 1645
f 1669 1604 1645
f 1645 1604 1377
f 1645 1377 1248
f 1858 1799 1893
f 1893 1799 1909
f 1893 1909 2009
f 1858 1780 1799
f 1799 1780 1663
f 1799 1663 1669
f 1669 1663 1609
f 1669 1609 1604
f 2234 2329 2298
f 2296 2308 2252
f 2252 2308 2181
f 2252 2181 2167
f 2167 2181 1967
f 1967 2181 1980
f 1967 1980 1939
f 1939 1980 1888
f 1939 1888 1818
f 1818 1888 1783
f 1818 1783 1626
f 1626 1783 1625
f 1626 1625 1586
f 1586 1625 1412
f 1586 1412 1274
f 847 1004 797
f 797 1004 765
f 797 765 596
f 514 504 495
f 765 630 596
f 596 630 514
f 596 514 505
f 505 514 495
f 505 495 479
f 555 518 559
f 559 518 574
f 1611 1581 1539
f 1539 1581 1578
f 1539 1578 1372
f 1372 1578 1576
f 1372 1576 1577
f 1611 1539 1650
f 1650 1539 1511
f 1650 1511 1688
f 2171 2068 2058
f 2058 2068 1957
f 2058 1957 1950
f 1950 1957 1880
f 1950 1880 1846
f 1846 1880 1796
f 1846 1796 1688
f 1688 1796 1670
f 1688 1670 1650
f 699 605 574
f 574 605 582
f 574 582 559
f 1175 1230 869
f 869 1230 795
f 869 795 699
f 699 795 712
f 699 712 605
f 518 509 574
f 574 509 561
f 574 561 699
f 699 561 667
f 699 667 869
f 869 667 833
f 869 833 1175
f 1175 833 1127
f 2298 2218 2234
f 2234 2218 2171
f 2234 2171 2046
f 2046 2171 2058
f 2046 2058 1935
f 1935 2058 1950
f 1935 1950 1834
f 1834 1950 1846
f 1834 1846 1665
f 1665 1846 1688
f 1665 1688 1485
f 1485 1688 1511
f 1485 1511 1127
f 1127 1511 1539
f 1127 1539 1175
f 1175 1539 1372
f 1175 1372 1230
f 847 931 1004
f 1004 931 1274
f 1004 1274 1447
f 1447 1274 1412
f 1447 1412 1648
f 1648 1412 1625
f 1648 1625 1813
f 1813 1625 1783
f 1813 1783 1914
f 1914 1783 1888
f 1914 1888 2011
f 2011 1888 1980
f 2011 1980 2208
f 2208 1980 2181
f 2208 2181 2316
f 2316 2181 2308
f 509 504 561
f 561 504 514
f 561 514 667
f 667 514 630
f 667 630 833
f 833 630 765
f 833 765 1127
f 1127 765 1004
f 1127 1004 1485
f 1485 1004 1447
f 1485 1447 1665
f 1665 1447 1648
f 1665 1648 1834
f 1834 1648 1813
f 1834 1813 1935
f 1935 1813 1914
f 1935 1914 2046
f 2046 1914 2011
f 2046 2011 2234
f 2234 2011 2208
f 2234 2208 2329
f 2329 2208 2316
f 4693 4753 4694
f 4694 4753 4801
f 4694 4801 4654
f 4654 4801 4708
f 4654 4708 4597
f 4573 4571 4712
f 4583 4597 4708
f 4747 4717 4722
f 4722 4717 4638
f 4638 4614 4722
f 4722 4614 4593
f 4722 4593 4719
f 4571 4583 4712
f 4712 4583 4708
f 4712 4708 4806
f 4806 4708 4801
f 4806 4808 4712
f 4712 4808 4719
f 4712 4719 4573
f 4573 4719 4593
f 4808 4811 4719
f 4719 4811 4817
f 4719 4817 4722
f 4722 4817 4815
f 4722 4815 4747
f 4489 4434 4639
f 4377 4372 4519
f 4513 4533 4638
f 4518 4419 4452
f 4602 4748 4519
f 4519 4748 4718
f 4386 4377 4409
f 4409 4377 4519
f 4409 4519 4434
f 4434 4519 4718
f 4434 4718 4639
f 4585 4536 4516
f 4585 4516 4639
f 4639 4516 4507
f 4639 4507 4489
f 4502 4513 4504
f 4504 4513 4638
f 4504 4638 4452
f 4452 4638 4717
f 4452 4717 4518
f 4518 4717 4747
f 4518 4747 4601
f 4816 4748 4850
f 4850 4748 4602
f 4850 4602 4866
f 4866 4602 4633
f 4866 4633 4882
f 4881 4883 4632
f 4632 4883 4885
f 4632 4885 4633
f 4633 4885 4884
f 4633 4884 4882
f 4881 4632 4865
f 4865 4632 4601
f 4865 4601 4849
f 4849 4601 4747
f 4849 4747 4815
f 4412 4421 4481
f 4481 4421 4488
f 4533 4513 4488
f 4488 4513 4502
f 4488 4502 4481
f 4105 4104 4260
f 4260 4104 4287
f 4260 4287 4355
f 4355 4287 4354
f 4355 4354 4412
f 4412 4354 4415
f 4412 4415 4421
f 4536 4515 4516
f 4516 4515 4506
f 4516 4506 4507
f 4612 4639 4718
f 4588 4572 4713
f 4713 4572 4574
f 4713 4574 4720
f 4802 4709 4713
f 4713 4709 4598
f 4713 4598 4588
f 4574 4594 4720
f 4720 4594 4612
f 4720 4612 4723
f 4723 4612 4718
f 4723 4718 4748
f 4802 4713 4807
f 4807 4713 4720
f 4807 4720 4812
f 4812 4720 4723
f 4812 4723 4818
f 4818 4723 4748
f 4818 4748 4816
f 4695 4696 4755
f 4755 4696 4802
f 4802 4696 4709
f 4709 4696 4656
f 4709 4656 4598
f 1345 1348 1331
f 1331 1348 785
f 517 507 785
f 785 507 640
f 785 640 1331
f 1348 1345 1335
f 1335 1121 1348
f 1348 1121 849
f 1348 849 995
f 995 849 796
f 796 849 729
f 796 729 702
f 702 729 674
f 702 674 661
f 4695 4755 4767
f 4699 4695 4716
f 4716 4695 4767
f 4716 4767 4735
f 4735 4767 4780
f 4755 4802 4832
f 4755 4832 4767
f 4767 4832 4853
f 4767 4853 4780
f 3783 3782 3876
f 4051 4050 3876
f 3876 4050 4018
f 3876 4018 3783
f 4672 4649 4080
f 4080 4649 4631
f 4080 4350 4672
f 4672 4350 4578
f 4672 4578 4579
f 4721 4697 4738
f 4738 4697 4686
f 4738 4686 4671
f 4671 4686 4563
f 4671 4563 4648
f 4648 4563 4630
f 4149 4587 4563
f 4563 4587 4603
f 4563 4603 4630
f 3779 3778 3907
f 3907 3778 3949
f 3907 3949 4149
f 4149 3949 4188
f 4149 4188 4587
f 4631 4604 4080
f 4080 4604 4589
f 4080 4589 4359
f 4359 4136 4080
f 4080 4136 4018
f 4080 4018 4069
f 4069 4018 4050
f 4721 4738 4734
f 4734 4738 4783
f 4734 4783 4760
f 4760 4783 4835
f 4760 4835 4803
f 4803 4835 4871
f 4803 4871 4829
f 4829 4871 4891
f 4829 4891 4830
f 4579 4635 4672
f 4672 4635 4699
f 4672 4699 4739
f 4739 4699 4716
f 4739 4716 4784
f 4784 4716 4735
f 4784 4735 4836
f 4836 4735 4761
f 4836 4761 4872
f 4872 4761 4804
f 4872 4804 4892
f 4892 4804 4830
f 4892 4830 4901
f 4901 4830 4891
f 4721 4734 4778
f 4831 4801 4766
f 4766 4801 4753
f 4766 4753 4693
f 4851 4831 4778
f 4778 4831 4766
f 4778 4766 4721
f 4721 4766 4693
f 4721 4693 4697
f 4811 4808 4819
f 4808 4806 4819
f 4819 4806 4801
f 4819 4801 4825
f 4831 4851 4845
f 4845 4851 4859
f 4845 4859 4839
f 4839 4859 4837
f 4839 4837 4827
f 4801 4831 4825
f 4825 4831 4845
f 4825 4845 4819
f 4819 4845 4839
f 4819 4839 4811
f 4811 4839 4827
f 4811 4827 4817
f 4817 4827 4837
f 4817 4837 4815
f 4913 4889 4886
f 4849 4815 4837
f 4850 4866 4879
f 4850 4879 4816
f 4866 4882 4905
f 4905 4882 4884
f 4905 4884 4910
f 4910 4884 4885
f 4910 4885 4904
f 4885 4883 4904
f 4904 4883 4881
f 4904 4881 4877
f 4877 4881 4865
f 4877 4865 4849
f 4877 4889 4904
f 4904 4889 4913
f 4904 4913 4910
f 4910 4913 4924
f 4910 4924 4905
f 4905 4924 4914
f 4816 4879 4838
f 4838 4879 4890
f 4838 4890 4861
f 4861 4890 4887
f 4861 4887 4853
f 4866 4905 4879
f 4879 4905 4914
f 4879 4914 4890
f 4890 4914 4912
f 4890 4912 4887
f 4886 4911 4913
f 4913 4911 4917
f 4913 4917 4924
f 4924 4917 4923
f 4924 4923 4914
f 4914 4923 4918
f 4914 4918 4912
f 4849 4837 4877
f 4877 4837 4859
f 4877 4859 4889
f 4889 4859 4851
f 4889 4851 4886
f 4386 4376 4377
f 4377 4376 4373
f 4377 4373 4372
f 3828 3827 4147
f 4147 3827 4418
f 4419 4518 4418
f 4418 4518 4601
f 4418 4601 4147
f 4147 4601 4632
f 4632 4633 4147
f 4147 4633 4602
f 4147 4602 4371
f 4371 4602 4519
f 4371 4519 4372
f 3425 3426 3481
f 3454 3481 3479
f 3479 3481 3513
f 3479 3513 3480
f 3454 3422 3423
f 3454 3423 3481
f 3481 3423 3427
f 3481 3427 3425
f 3609 3610 3581
f 3481 3611 3513
f 3513 3611 3609
f 3513 3609 3548
f 3548 3609 3581
f 4812 4820 4807
f 4807 4820 4802
f 4861 4853 4846
f 4846 4853 4832
f 4832 4826 4846
f 4846 4826 4840
f 4846 4840 4861
f 4861 4840 4828
f 4861 4828 4838
f 4816 4838 4818
f 4818 4838 4828
f 4818 4828 4812
f 4812 4828 4840
f 4812 4840 4820
f 4820 4840 4826
f 4820 4826 4802
f 4802 4826 4832
f 4803 4851 4760
f 4760 4851 4778
f 4760 4778 4734
f 4735 4780 4761
f 4761 4780 4853
f 4761 4853 4804
f 4853 4887 4804
f 4804 4887 4912
f 4804 4912 4830
f 4912 4918 4830
f 4830 4918 4923
f 4830 4923 4829
f 4923 4917 4829
f 4829 4917 4911
f 4829 4911 4803
f 4803 4911 4886
f 4803 4886 4851
f 4611 4605 4202
f 3967 3856 3884
f 3954 3809 3838
f 3797 3950 3780
f 3780 3950 3949
f 3780 3949 3778
f 4599 4587 4196
f 4196 4587 4188
f 4605 4599 4202
f 4202 4599 4196
f 4202 4196 3950
f 3950 4196 4188
f 3950 4188 3949
f 4214 3954 3965
f 3965 3954 3838
f 3965 3838 3856
f 4617 4611 4214
f 4214 4611 4202
f 4214 4202 3954
f 3954 4202 3950
f 3954 3950 3809
f 3809 3950 3797
f 4220 4624 4621
f 3856 3967 3965
f 3965 3967 4220
f 3965 4220 4214
f 4214 4220 4621
f 4214 4621 4617
f 3884 3968 3967
f 3967 3968 4093
f 3967 4093 4220
f 4220 4093 4221
f 4220 4221 4624
f 4624 4221 4538
f 4624 4538 4625
f 4624 4625 4646
f 4640 4630 4603
f 4621 4624 4642
f 4642 4624 4646
f 4642 4646 4665
f 4665 4646 4669
f 4621 4642 4617
f 4617 4642 4665
f 4617 4665 4611
f 4611 4665 4655
f 4611 4655 4605
f 4605 4655 4640
f 4605 4640 4599
f 4599 4640 4603
f 4599 4603 4587
f 4648 4630 4640
f 4648 4640 4663
f 4663 4640 4655
f 4663 4655 4673
f 4673 4655 4665
f 4673 4665 4681
f 4681 4665 4669
f 4681 4669 4685
f 4648 4663 4683
f 4648 4683 4671
f 4671 4683 4751
f 4671 4751 4738
f 4738 4751 4797
f 4738 4797 4783
f 4783 4797 4863
f 4783 4863 4835
f 4835 4863 4893
f 4835 4893 4871
f 4871 4893 4915
f 4871 4915 4891
f 4891 4915 4925
f 4891 4925 4901
f 4901 4925 4916
f 4901 4916 4892
f 4892 4916 4894
f 4892 4894 4872
f 4872 4894 4864
f 4872 4864 4836
f 4836 4864 4798
f 4836 4798 4784
f 4784 4798 4752
f 4784 4752 4739
f 4739 4752 4684
f 4739 4684 4672
f 4649 4672 4664
f 4664 4672 4684
f 4664 4684 4674
f 4682 4674 4705
f 4810 4782 4775
f 4775 4782 4727
f 4775 4727 4715
f 4715 4727 4688
f 4715 4688 4682
f 4810 4775 4858
f 4858 4775 4842
f 4858 4842 4896
f 4896 4842 4900
f 4896 4900 4909
f 4909 4900 4935
f 4909 4935 4941
f 4941 4935 4949
f 4941 4949 4954
f 4895 4908 4899
f 4899 4908 4940
f 4899 4940 4934
f 4934 4940 4953
f 4934 4953 4948
f 4948 4953 4955
f 4948 4955 4950
f 4950 4955 4959
f 4950 4959 4949
f 4949 4959 4956
f 4949 4956 4954
f 4895 4899 4857
f 4857 4899 4841
f 4857 4841 4809
f 4809 4841 4773
f 4809 4773 4777
f 4777 4773 4714
f 4777 4714 4726
f 4726 4714 4681
f 4726 4681 4685
f 4682 4705 4715
f 4715 4705 4765
f 4715 4765 4775
f 4775 4765 4822
f 4775 4822 4842
f 4842 4822 4880
f 4842 4880 4900
f 4900 4880 4922
f 4900 4922 4935
f 4935 4922 4937
f 4935 4937 4949
f 4949 4937 4944
f 4949 4944 4950
f 4950 4944 4936
f 4950 4936 4948
f 4948 4936 4921
f 4948 4921 4934
f 4934 4921 4878
f 4934 4878 4899
f 4899 4878 4821
f 4899 4821 4841
f 4841 4821 4764
f 4841 4764 4773
f 4773 4764 4704
f 4773 4704 4714
f 4714 4704 4673
f 4714 4673 4681
f 4674 4684 4705
f 4705 4684 4752
f 4705 4752 4765
f 4765 4752 4798
f 4765 4798 4822
f 4822 4798 4864
f 4822 4864 4880
f 4880 4864 4894
f 4880 4894 4922
f 4922 4894 4916
f 4922 4916 4937
f 4937 4916 4925
f 4937 4925 4944
f 4944 4925 4915
f 4944 4915 4936
f 4936 4915 4893
f 4936 4893 4921
f 4921 4893 4863
f 4921 4863 4878
f 4878 4863 4797
f 4878 4797 4821
f 4821 4797 4751
f 4821 4751 4764
f 4764 4751 4683
f 4764 4683 4704
f 4704 4683 4663
f 4704 4663 4673
f 4631 4649 4664
f 4631 4664 4641
f 4641 4664 4674
f 4641 4674 4657
f 4657 4674 4682
f 4657 4682 4666
f 4666 4682 4688
f 4666 4688 4670
f 4604 4631 4641
f 4626 4623 4643
f 4643 4623 4620
f 4643 4620 4666
f 4666 4620 4657
f 4604 4641 4589
f 4666 4670 4643
f 4643 4670 4647
f 4643 4647 4626
f 4626 4647 4627
f 4620 4613 4657
f 4657 4613 4606
f 4657 4606 4641
f 4641 4606 4600
f 4641 4600 4589
f 4136 4359 4367
f 3784 4019 3798
f 3798 4019 4021
f 3798 4021 3810
f 3810 4021 4033
f 3810 4033 3834
f 3834 4033 4034
f 3834 4034 3858
f 3858 4034 4035
f 3858 4035 3885
f 4359 4589 4600
f 4136 4367 4018
f 4359 4600 4367
f 4367 4600 4606
f 4367 4606 4387
f 4387 4606 4613
f 4387 4613 4394
f 4626 4401 4623
f 4623 4401 4394
f 4623 4394 4620
f 4620 4394 4613
f 4401 4034 4394
f 4394 4034 4033
f 4394 4033 4387
f 4387 4033 4021
f 4387 4021 4367
f 4367 4021 4019
f 4367 4019 4018
f 4018 4019 3784
f 4018 3784 3783
f 4626 4627 4401
f 4401 4627 4402
f 4401 4402 4034
f 4034 4402 4094
f 4034 4094 4035
f 4660 4459 4468
f 4146 4142 4332
f 3990 3972 4059
f 4059 3972 3922
f 4939 4945 4888
f 4907 4876 4933
f 4983 4988 4999
f 4977 4988 4973
f 4973 4988 4983
f 4973 4983 4968
f 4619 4637 4711
f 4442 4402 4627
f 3819 3859 3878
f 4094 4052 4035
f 4035 4052 3819
f 4035 3819 3885
f 3885 3819 3878
f 3684 3687 3905
f 3905 3687 3707
f 3905 3707 3920
f 3920 3707 3723
f 3920 3723 3956
f 3956 3723 3819
f 3956 3819 3997
f 3997 3819 4052
f 3666 3670 3880
f 3880 3670 3674
f 3852 3664 3666
f 3776 3650 3823
f 3823 3650 3655
f 3823 3655 3852
f 3852 3655 3657
f 3852 3657 3664
f 3626 3640 3776
f 3776 3640 3647
f 3776 3647 3650
f 3776 3734 3626
f 3626 3734 3685
f 3626 3685 3617
f 4609 4653 4690
f 4690 4653 4707
f 4690 4707 4750
f 4750 4707 4756
f 4750 4756 4794
f 4794 4756 4790
f 4794 4790 4848
f 4999 4992 4983
f 4983 4992 4970
f 4983 4970 4968
f 4968 4970 4939
f 4999 5002 4992
f 4992 5002 4984
f 4992 4984 4970
f 4970 4984 4971
f 4970 4971 4939
f 4939 4971 4960
f 4939 4960 4945
f 4048 3990 4134
f 4134 3990 4059
f 4134 4059 4348
f 4609 4690 4553
f 4553 4690 4622
f 4553 4622 4423
f 4610 4662 4692
f 4692 4662 4737
f 4692 4737 4763
f 4763 4737 4788
f 4763 4788 4834
f 4834 4788 4854
f 4834 4854 4898
f 4898 4854 4903
f 4898 4903 4943
f 4305 4423 4610
f 4610 4423 4622
f 4610 4622 4662
f 4662 4622 4690
f 4662 4690 4737
f 4737 4690 4750
f 4737 4750 4788
f 4788 4750 4794
f 4788 4794 4854
f 4854 4794 4848
f 4854 4848 4903
f 4119 4048 4232
f 4232 4048 4134
f 4232 4134 4432
f 4432 4134 4348
f 4432 4348 4596
f 4146 4332 4182
f 4468 4459 4332
f 4332 4459 4356
f 4332 4356 4182
f 4725 4668 4651
f 4651 4668 4596
f 4651 4596 4497
f 4497 4596 4348
f 4497 4348 4155
f 4155 4348 4059
f 4155 4059 3986
f 3986 4059 3922
f 3986 3922 3840
f 4876 4824 4792
f 4792 4824 4781
f 4792 4781 4729
f 4729 4781 4746
f 4729 4746 4678
f 4876 4907 4824
f 4824 4907 4856
f 4824 4856 4781
f 4781 4856 4800
f 4781 4800 4746
f 3694 3842 3721
f 3721 3842 3751
f 4800 4759 4746
f 4746 4759 4701
f 4746 4701 4678
f 4678 4701 4629
f 4678 4629 4493
f 4493 4629 4358
f 4493 4358 4145
f 4145 4358 4067
f 4145 4067 3983
f 3983 4067 3910
f 3983 3910 3842
f 3842 3910 3763
f 3842 3763 3751
f 3898 3931 4037
f 4759 4725 4701
f 4701 4725 4651
f 4701 4651 4629
f 4629 4651 4497
f 4629 4497 4358
f 4358 4497 4155
f 4358 4155 4067
f 4067 4155 3986
f 4067 3986 3910
f 3910 3986 3840
f 3910 3840 3763
f 3666 3880 3852
f 3852 3880 3914
f 3852 3914 3823
f 3823 3914 3931
f 3823 3931 3776
f 3776 3931 3898
f 3776 3898 3734
f 4032 3981 4000
f 4000 3981 3936
f 4000 3936 3970
f 3970 3936 3894
f 3970 3894 3905
f 3905 3894 3682
f 3905 3682 3684
f 4102 4159 4322
f 4322 4159 4238
f 4322 4238 4413
f 4413 4238 4366
f 4413 4366 4505
f 4505 4366 4435
f 4505 4435 4586
f 4586 4435 4581
f 4586 4581 4659
f 4659 4581 4645
f 4659 4645 4703
f 4703 4645 4680
f 4703 4680 4742
f 4742 4680 4769
f 4742 4769 4844
f 4102 4086 4159
f 4159 4086 4128
f 4159 4128 4238
f 4238 4128 4175
f 4238 4175 4366
f 4366 4175 4240
f 4366 4240 4435
f 4435 4240 4411
f 4435 4411 4581
f 4581 4411 4554
f 4581 4554 4645
f 4645 4554 4619
f 4645 4619 4680
f 4680 4619 4711
f 4680 4711 4769
f 4086 4044 4128
f 4128 4044 4081
f 4128 4081 4175
f 4175 4081 4111
f 4175 4111 4240
f 4240 4111 4190
f 4240 4190 4411
f 4411 4190 4352
f 4411 4352 4554
f 4554 4352 4442
f 4554 4442 4619
f 4619 4442 4627
f 4619 4627 4637
f 4094 4402 4052
f 4052 4402 4442
f 4052 4442 3997
f 3997 4442 4352
f 3997 4352 3956
f 3956 4352 4190
f 3956 4190 3920
f 3920 4190 4111
f 3920 4111 3905
f 3905 4111 4081
f 3905 4081 3970
f 3970 4081 4044
f 3970 4044 4000
f 4000 4044 4086
f 4000 4086 4032
f 4032 4086 4102
f 4943 4933 4898
f 4898 4933 4876
f 4898 4876 4834
f 4834 4876 4792
f 4834 4792 4763
f 4763 4792 4729
f 4763 4729 4692
f 4692 4729 4678
f 4692 4678 4610
f 4610 4678 4493
f 4610 4493 4305
f 4305 4493 4145
f 4305 4145 4037
f 4037 4145 3983
f 4037 3983 3898
f 3898 3983 3842
f 3898 3842 3734
f 3734 3842 3694
f 3734 3694 3685
f 4958 4977 4966
f 4966 4977 4973
f 4966 4973 4952
f 4952 4973 4968
f 4952 4968 4929
f 4929 4968 4939
f 4929 4939 4870
f 4870 4939 4888
f 4870 4888 4814
f 4814 4888 4805
f 4814 4805 4771
f 4771 4805 4772
f 4771 4772 4733
f 4733 4772 4740
f 4733 4740 4676
f 4676 4740 4660
f 4676 4660 4616
f 4616 4660 4468
f 4142 4119 4332
f 4332 4119 4232
f 4332 4232 4468
f 4468 4232 4432
f 4468 4432 4616
f 4616 4432 4596
f 4616 4596 4676
f 4676 4596 4668
f 4676 4668 4733
f 4733 4668 4725
f 4733 4725 4771
f 4771 4725 4759
f 4771 4759 4814
f 4814 4759 4800
f 4814 4800 4870
f 4870 4800 4856
f 4870 4856 4929
f 4929 4856 4907
f 4929 4907 4952
f 4952 4907 4933
f 4952 4933 4966
f 4966 4933 4943
f 4966 4943 4958
f 4958 4943 4903
f 4958 4903 4920
f 4920 4903 4848
f 4920 4848 4844
f 4844 4848 4790
f 4844 4790 4742
f 4742 4790 4756
f 4742 4756 4703
f 4703 4756 4707
f 4703 4707 4659
f 4659 4707 4653
f 4659 4653 4586
f 4586 4653 4609
f 4586 4609 4505
f 4505 4609 4553
f 4505 4553 4413
f 4413 4553 4423
f 4413 4423 4322
f 4322 4423 4305
f 4322 4305 4102
f 4102 4305 4037
f 4102 4037 4032
f 4032 4037 3931
f 4032 3931 3981
f 3981 3931 3914
f 3981 3914 3936
f 3936 3914 3880
f 3936 3880 3894
f 3894 3880 3674
f 3894 3674 3682
f 2504 2585 2492
f 2616 2520 2473
f 3499 3467 3452
f 3345 3222 3088
f 2468 2582 2574
f 3292 3478 3458
f 3458 3478 3493
f 3493 3527 3458
f 3458 3527 3631
f 3458 3631 3737
f 2786 2923 3059
f 2923 2786 2708
f 2582 2708 2574
f 2574 2708 2786
f 2574 2786 2580
f 2580 2786 2767
f 2580 2767 2758
f 1832 2097 2076
f 2076 2097 2260
f 2076 2260 2137
f 2137 2260 2294
f 2137 2294 2195
f 2195 2294 2313
f 1564 1898 1599
f 1599 1898 1936
f 1599 1936 1776
f 1776 1936 2097
f 1776 2097 1789
f 1789 2097 1832
f 3626 3617 3452
f 3452 3617 3566
f 3452 3566 3499
f 3434 3647 3452
f 3452 3647 3640
f 3452 3640 3626
f 3666 3346 3670
f 3670 3346 3321
f 3670 3321 3674
f 3304 3684 3321
f 3321 3684 3682
f 3321 3682 3674
f 3666 3664 3346
f 3346 3664 3657
f 3346 3657 3380
f 3380 3657 3655
f 3380 3655 3434
f 3434 3655 3650
f 3434 3650 3647
f 3059 3292 2786
f 2786 3292 3458
f 2786 3458 2767
f 2767 3458 3411
f 2767 3411 2758
f 2758 3411 3357
f 2758 3357 2742
f 2742 3357 3315
f 2742 3315 2751
f 2751 3315 3304
f 2751 3304 2778
f 2778 3304 3321
f 2778 3321 2822
f 2822 3321 3346
f 2822 3346 2890
f 2890 3346 3380
f 2890 3380 3032
f 3032 3380 3434
f 3032 3434 3088
f 3088 3434 3452
f 3088 3452 3345
f 3345 3452 3467
f 2620 2626 2593
f 2721 2733 2620
f 2620 2733 2765
f 2620 2765 2626
f 3062 2817 2805
f 2805 2817 2787
f 2616 2473 2588
f 2588 2473 2439
f 2588 2439 2503
f 2503 2439 2380
f 2503 2380 2403
f 2492 2585 2591
f 2591 2585 2658
f 2591 2658 2660
f 2660 2658 2748
f 2660 2748 2721
f 2721 2748 2805
f 2721 2805 2733
f 2733 2805 2787
f 2733 2787 2765
f 2276 2244 2349
f 2349 2244 2235
f 2349 2235 2313
f 2313 2235 2200
f 2313 2200 2195
f 2463 2504 2395
f 2395 2504 2492
f 2395 2492 2403
f 2403 2492 2591
f 2403 2591 2503
f 2503 2591 2660
f 2503 2660 2588
f 2588 2660 2721
f 2588 2721 2616
f 2616 2721 2620
f 2616 2620 2520
f 2520 2620 2593
f 2520 2593 2524
f 2380 2318 2403
f 2403 2318 2276
f 2403 2276 2395
f 2395 2276 2349
f 2395 2349 2463
f 2463 2349 2313
f 2463 2313 2431
f 2431 2313 2294
f 2431 2294 2400
f 2400 2294 2260
f 2400 2260 2346
f 2346 2260 2097
f 2346 2097 2286
f 2286 2097 1936
f 2286 1936 2170
f 2170 1936 1898
f 2170 1898 1836
f 1836 1898 1564
f 1836 1564 1437
f 3737 3837 3458
f 3458 3837 3859
f 3458 3859 3411
f 3411 3859 3819
f 3411 3819 3357
f 3357 3819 3723
f 3357 3723 3315
f 3315 3723 3707
f 3315 3707 3304
f 3304 3707 3687
f 3304 3687 3684
f 2170 2468 2286
f 2286 2468 2574
f 2286 2574 2346
f 2346 2574 2580
f 2346 2580 2400
f 2400 2580 2758
f 2400 2758 2431
f 2431 2758 2742
f 2431 2742 2463
f 2463 2742 2751
f 2463 2751 2504
f 2504 2751 2778
f 2504 2778 2585
f 2585 2778 2822
f 2585 2822 2658
f 2658 2822 2890
f 2658 2890 2748
f 2748 2890 3032
f 2748 3032 2805
f 2805 3032 3088
f 2805 3088 3062
f 3062 3088 3222
f 2590 2491 2402
f 2501 2586 2659
f 2813 2870 2732
f 2760 2566 2571
f 1579 1436 1560
f 1579 1560 1945
f 1945 1895 2291
f 2291 1895 2285
f 2291 2285 2485
f 3477 3367 2784
f 2784 3367 3029
f 2784 3029 2760
f 3766 3738 3456
f 3766 3456 3857
f 3738 3679 3456
f 3456 3679 3541
f 3456 3541 3524
f 3311 3704 3355
f 3355 3704 3722
f 3355 3722 3408
f 3408 3722 3816
f 3408 3816 3456
f 3456 3816 3849
f 3456 3849 3857
f 2760 2571 2784
f 2784 2571 2578
f 2784 2578 2766
f 2397 2578 2344
f 2344 2578 2571
f 2344 2571 2285
f 2285 2571 2566
f 2285 2566 2485
f 1772 2096 1594
f 1594 2096 1934
f 1594 1934 1560
f 2544 2592 2618
f 2618 2592 2706
f 2618 2706 2732
f 2732 2706 2726
f 2732 2726 2813
f 3061 2804 2870
f 2870 2804 2720
f 2870 2720 2732
f 2732 2720 2615
f 2732 2615 2618
f 2804 2659 2720
f 2720 2659 2586
f 2720 2586 2615
f 2615 2586 2472
f 2615 2472 2508
f 2523 2544 2525
f 2525 2544 2618
f 2525 2618 2516
f 2516 2618 2615
f 2516 2615 2511
f 2511 2615 2508
f 1945 1560 1895
f 1895 1560 1934
f 1895 1934 2285
f 2285 1934 2096
f 2285 2096 2344
f 2344 2096 2258
f 2344 2258 2397
f 2397 2258 2290
f 2397 2290 2428
f 2428 2290 2310
f 2428 2310 2460
f 2460 2310 2347
f 2460 2347 2502
f 2502 2347 2393
f 2502 2393 2583
f 2583 2393 2491
f 2583 2491 2656
f 2656 2491 2590
f 2656 2590 2746
f 2304 2379 2501
f 2501 2379 2427
f 2501 2427 2586
f 2586 2427 2465
f 2586 2465 2472
f 2766 2578 2757
f 2757 2578 2397
f 2757 2397 2741
f 2741 2397 2428
f 2741 2428 2750
f 2750 2428 2460
f 2750 2460 2777
f 2777 2460 2502
f 2777 2502 2820
f 2820 2502 2583
f 2820 2583 2885
f 2885 2583 2656
f 2885 2656 3030
f 3030 2656 2746
f 3030 2746 3087
f 3449 3412 3498
f 3645 3649 3432
f 3432 3649 3653
f 3432 3653 3379
f 3645 3432 3638
f 3638 3432 3449
f 3638 3449 3627
f 3627 3449 3498
f 3627 3498 3615
f 3653 3656 3379
f 3379 3656 3663
f 3379 3663 3344
f 3344 3663 3665
f 3344 3665 3318
f 3318 3665 3669
f 3669 3671 3318
f 3318 3671 3680
f 3318 3680 3303
f 3680 3683 3303
f 3303 3683 3686
f 3303 3686 3311
f 3311 3686 3696
f 3311 3696 3704
f 3061 3087 2804
f 2804 3087 2746
f 2804 2746 2659
f 2659 2746 2590
f 2659 2590 2501
f 2501 2590 2402
f 2501 2402 2304
f 2304 2402 2491
f 2304 2491 2275
f 2275 2491 2393
f 2275 2393 2232
f 2232 2393 2347
f 2232 2347 2214
f 2214 2347 2310
f 2214 2310 2168
f 2168 2310 2290
f 2168 2290 2132
f 2132 2290 2258
f 2132 2258 1992
f 1992 2258 2096
f 1992 2096 1854
f 1854 2096 1772
f 3524 3477 3456
f 3456 3477 2784
f 3456 2784 3408
f 3408 2784 2766
f 3408 2766 3355
f 3355 2766 2757
f 3355 2757 3311
f 3311 2757 2741
f 3311 2741 3303
f 3303 2741 2750
f 3303 2750 3318
f 3318 2750 2777
f 3318 2777 3344
f 3344 2777 2820
f 3344 2820 3379
f 3379 2820 2885
f 3379 2885 3432
f 3432 2885 3030
f 3432 3030 3449
f 3449 3030 3087
f 3449 3087 3412
f 3412 3087 3061
f 4053 4084 4133
f 3777 3893 3919
f 4319 4422 4551
f 3683 3680 3777
f 3656 3653 3821
f 4679 4710 4634
f 4768 4710 4741
f 4741 4710 4679
f 4741 4679 4644
f 5002 4998 4991
f 4991 4998 4987
f 3638 3627 3731
f 3731 3627 3615
f 3649 3645 3774
f 3774 3645 3638
f 3850 3663 3656
f 3879 3669 3665
f 3822 3696 3686
f 3696 3822 3704
f 4221 4093 4049
f 4049 4093 3968
f 4049 3968 3884
f 3857 3849 3877
f 3877 3849 3884
f 4625 4538 4440
f 4440 4538 4221
f 4932 4833 4875
f 4875 4833 4762
f 4875 4762 4791
f 4965 4942 4897
f 4897 4942 4852
f 4897 4852 4787
f 4787 4852 4749
f 4787 4749 4689
f 4689 4749 4652
f 4689 4652 4607
f 4942 4902 4852
f 4852 4902 4793
f 4852 4793 4749
f 4749 4793 4706
f 4749 4706 4652
f 4652 4706 4584
f 4652 4584 4607
f 4634 4618 4679
f 4679 4618 4552
f 4679 4552 4644
f 4644 4552 4405
f 4843 4768 4789
f 4789 4768 4741
f 4789 4741 4702
f 4702 4741 4644
f 4702 4644 4577
f 4577 4644 4405
f 4577 4405 4239
f 4043 4239 4110
f 4110 4239 4405
f 4110 4405 4189
f 4189 4405 4552
f 4189 4552 4351
f 4351 4552 4618
f 4351 4618 4440
f 4440 4618 4634
f 4440 4634 4625
f 3921 3985 3855
f 3855 3985 3909
f 4422 4319 4304
f 4304 4319 4101
f 4304 4101 4144
f 4144 4101 4036
f 4144 4036 4066
f 4551 4408 4319
f 4319 4408 4158
f 4319 4158 4101
f 4101 4158 4023
f 4101 4023 4036
f 4036 4023 3930
f 3615 3691 3731
f 3731 3691 3762
f 3731 3762 3841
f 3841 3762 3800
f 3841 3800 3909
f 3909 3800 3835
f 3909 3835 3855
f 4066 4036 3982
f 3982 4036 3930
f 3982 3930 3897
f 3897 3930 3821
f 3897 3821 3774
f 3774 3821 3653
f 3774 3653 3649
f 3638 3731 3774
f 3774 3731 3841
f 3774 3841 3897
f 3897 3841 3909
f 3897 3909 3982
f 3982 3909 3985
f 3982 3985 4066
f 3656 3821 3850
f 3850 3821 3930
f 3850 3930 3980
f 3980 3930 4023
f 3980 4023 4085
f 4085 4023 4158
f 4085 4158 4237
f 4237 4158 4408
f 4237 4408 4584
f 4584 4408 4551
f 4584 4551 4607
f 4902 4847 4793
f 4793 4847 4754
f 4793 4754 4706
f 4706 4754 4658
f 4706 4658 4584
f 4584 4658 4433
f 4584 4433 4237
f 4237 4433 4127
f 4237 4127 4085
f 4085 4127 3999
f 4085 3999 3980
f 3980 3999 3879
f 3980 3879 3850
f 3850 3879 3665
f 3850 3665 3663
f 4221 4049 4440
f 4440 4049 3996
f 4440 3996 4351
f 4351 3996 3955
f 4351 3955 4189
f 4189 3955 4001
f 4189 4001 4110
f 4110 4001 3969
f 4110 3969 4043
f 3722 3704 3919
f 3919 3704 3822
f 3919 3822 3777
f 3777 3822 3686
f 3777 3686 3683
f 3884 3849 4049
f 4049 3849 3816
f 4049 3816 3996
f 3996 3816 3722
f 3996 3722 3955
f 3955 3722 3919
f 3955 3919 4001
f 4001 3919 3893
f 4001 3893 3969
f 4965 4957 4942
f 4942 4957 4919
f 4942 4919 4902
f 4902 4919 4843
f 4902 4843 4847
f 4847 4843 4789
f 4847 4789 4754
f 4754 4789 4702
f 4754 4702 4658
f 4658 4702 4577
f 4658 4577 4433
f 4433 4577 4239
f 4433 4239 4127
f 4127 4239 4043
f 4127 4043 3999
f 3999 4043 3969
f 3999 3969 3879
f 3879 3969 3893
f 3879 3893 3669
f 3669 3893 3777
f 3669 3777 3671
f 3671 3777 3680
f 4231 4112 4118
f 4231 4118 4331
f 4331 4118 4182
f 4331 4182 4356
f 4431 4231 4467
f 4467 4231 4331
f 4467 4331 4459
f 4459 4331 4356
f 4595 4615 4675
f 4084 4112 4133
f 4133 4112 4231
f 4133 4231 4347
f 4347 4231 4431
f 4347 4431 4496
f 4615 4660 4675
f 4675 4660 4740
f 4675 4740 4732
f 4732 4740 4772
f 4732 4772 4770
f 4770 4772 4805
f 4770 4805 4813
f 4813 4805 4888
f 4813 4888 4869
f 4869 4888 4945
f 4869 4945 4938
f 4938 4945 4960
f 4938 4960 4969
f 4969 4960 4971
f 4969 4971 4991
f 4991 4971 4984
f 4991 4984 5002
f 4976 4972 4982
f 4982 4972 4951
f 4982 4951 4967
f 4967 4951 4906
f 4967 4906 4928
f 4928 4906 4823
f 4928 4823 4855
f 4855 4823 4779
f 4855 4779 4799
f 4799 4779 4745
f 4799 4745 4758
f 4758 4745 4700
f 4758 4700 4724
f 4724 4700 4650
f 4724 4650 4667
f 4667 4650 4595
f 4595 4675 4667
f 4667 4675 4732
f 4667 4732 4724
f 4724 4732 4770
f 4724 4770 4758
f 4758 4770 4813
f 4758 4813 4799
f 4799 4813 4869
f 4799 4869 4855
f 4855 4869 4938
f 4855 4938 4928
f 4928 4938 4969
f 4928 4969 4967
f 4967 4969 4991
f 4967 4991 4982
f 4982 4991 4987
f 4982 4987 4976
f 3978 4053 4058
f 4058 4053 4133
f 4058 4133 4153
f 4153 4133 4347
f 4153 4347 4357
f 4357 4347 4496
f 4357 4496 4491
f 4491 4496 4628
f 4491 4628 4608
f 4608 4628 4677
f 4608 4677 4691
f 4691 4677 4728
f 4691 4728 4762
f 4762 4728 4757
f 4762 4757 4791
f 4833 4736 4762
f 4762 4736 4698
f 4762 4698 4691
f 4691 4698 4661
f 4691 4661 4608
f 4459 4660 4467
f 4467 4660 4615
f 4467 4615 4431
f 4431 4615 4595
f 4431 4595 4496
f 4496 4595 4650
f 4496 4650 4628
f 4628 4650 4700
f 4628 4700 4677
f 4677 4700 4745
f 4677 4745 4728
f 4728 4745 4779
f 4728 4779 4757
f 4757 4779 4823
f 4757 4823 4791
f 4791 4823 4906
f 4791 4906 4875
f 4875 4906 4951
f 4875 4951 4932
f 4932 4951 4972
f 4976 4957 4972
f 4972 4957 4965
f 4972 4965 4932
f 4932 4965 4897
f 4932 4897 4833
f 4833 4897 4787
f 4833 4787 4736
f 4736 4787 4689
f 4736 4689 4698
f 4698 4689 4607
f 4698 4607 4661
f 4661 4607 4551
f 4661 4551 4608
f 4608 4551 4422
f 4608 4422 4491
f 4491 4422 4304
f 4491 4304 4357
f 4357 4304 4144
f 4357 4144 4153
f 4153 4144 4066
f 4153 4066 4058
f 4058 4066 3985
f 4058 3985 3978
f 3978 3985 3921
f 4015 3911 3215
f 3215 3911 3781
f 3215 3781 3635
f 3482 3480 3509
f 3509 3480 3513
f 3509 3513 3543
f 3543 3513 3548
f 3543 3548 3571
f 3571 3548 3581
f 3571 3581 3598
f 3598 3581 3610
f 3598 3610 3635
f 3635 3610 3216
f 3635 3216 3215
f 4236 4228 4223
f 4223 4228 4217
f 4223 4217 4197
f 4197 4181 4223
f 4223 4181 4161
f 4223 4161 4148
f 4223 4371 4372
f 4236 4223 4346
f 4346 4223 4372
f 4346 4372 4373
f 4148 3371 3390
f 4148 3390 4223
f 3390 3444 4223
f 4223 3444 3496
f 4223 3496 4371
f 3496 3586 4371
f 4371 3586 3688
f 4371 3688 4147
f 3831 3832 4147
f 3828 4147 3824
f 3824 4147 3832
f 3824 3832 3812
f 3761 4147 3724
f 3724 4147 3688
f 3761 3795 4147
f 4147 3795 3815
f 4147 3815 3831
f 3811 3818 3820
f 3827 3828 3824
f 3826 3827 3820
f 3820 3827 3824
f 3820 3824 3811
f 3811 3824 3812
f 2476 2477 2486
f 2486 2477 2495
f 2486 2495 2522
f 2522 2495 2604
f 2522 2604 2598
f 2598 2604 2667
f 2667 2604 2724
f 2667 2724 2723
f 3216 3610 3609
f 3216 3609 2860
f 3609 3611 2477
f 2495 2477 2604
f 2604 2477 3611
f 2604 3611 2724
f 2653 2860 2518
f 2518 2860 3609
f 2518 3609 2480
f 2480 3609 2477
f 3480 3482 3479
f 3133 3110 3131
f 3191 3195 3198
f 3198 3195 3197
f 3198 3197 3196
f 3196 3197 3192
f 3192 3190 3188
f 3188 3190 3187
f 3188 3187 3185
f 3185 3187 3183
f 3183 3177 3172
f 3172 3177 3164
f 3172 3164 3151
f 3151 3164 3139
f 3151 3139 3129
f 3129 3139 3117
f 3129 3117 3112
f 3133 3131 3162
f 3186 3184 3178
f 3186 3178 3174
f 3174 3178 3162
f 3174 3162 3161
f 3161 3162 3131
f 3106 3097 3123
f 3110 3111 3107
f 3107 3111 3105
f 3107 3105 3095
f 3112 3103 3111
f 3111 3103 3100
f 3111 3100 3105
f 3095 3105 3097
f 3097 3105 3116
f 3097 3116 3123
f 3134 3130 3123
f 3123 3130 3118
f 3123 3118 3106
f 3130 3134 3143
f 3130 3143 3141
f 3141 3143 3153
f 3141 3153 3158
f 3158 3160 3141
f 3141 3160 3159
f 3141 3159 3150
f 3150 3159 3156
f 4625 4634 4646
f 4646 4634 4669
f 5000 5003 4997
f 4867 4926 4930
f 4785 4774 4730
f 4730 4774 4743
f 4730 4743 4669
f 4669 4743 4685
f 4930 4873 4867
f 4867 4873 4860
f 4867 4860 4785
f 4785 4860 4795
f 4785 4795 4774
f 4980 4974 4961
f 4961 4974 4963
f 4961 4963 4926
f 4926 4963 4946
f 4926 4946 4930
f 4997 4995 5000
f 5000 4995 4993
f 5000 4993 4989
f 4989 4993 4985
f 4989 4985 4980
f 4980 4985 4978
f 4980 4978 4974
f 5002 5003 4998
f 4998 5003 5000
f 4998 5000 4987
f 4987 5000 4989
f 4987 4989 4976
f 4976 4989 4980
f 4976 4980 4957
f 4957 4980 4961
f 4957 4961 4919
f 4919 4961 4926
f 4919 4926 4843
f 4843 4926 4867
f 4843 4867 4768
f 4768 4867 4785
f 4768 4785 4710
f 4710 4785 4730
f 4710 4730 4634
f 4634 4730 4669
f 4726 4685 4743
f 4688 4727 4744
f 4744 4727 4782
f 4744 4782 4776
f 4776 4782 4810
f 4776 4810 4796
f 4941 4964 4909
f 4909 4964 4947
f 4909 4947 4896
f 4896 4947 4931
f 4896 4931 4858
f 4858 4931 4874
f 4858 4874 4810
f 4810 4874 4862
f 4810 4862 4796
f 4954 4979 4941
f 4941 4979 4975
f 4941 4975 4964
f 4959 4996 4956
f 4956 4996 4994
f 4956 4994 4954
f 4954 4994 4986
f 4954 4986 4979
f 4955 4995 4959
f 4959 4995 4997
f 4959 4997 4996
f 4940 4978 4953
f 4953 4978 4985
f 4953 4985 4955
f 4955 4985 4993
f 4955 4993 4995
f 4857 4930 4895
f 4895 4930 4946
f 4895 4946 4908
f 4908 4946 4963
f 4908 4963 4940
f 4940 4963 4974
f 4940 4974 4978
f 4774 4795 4809
f 4809 4795 4860
f 4809 4860 4857
f 4857 4860 4873
f 4857 4873 4930
f 4774 4809 4743
f 4743 4809 4777
f 4743 4777 4726
f 4927 4868 4874
f 4670 4688 4731
f 4731 4688 4744
f 4731 4744 4786
f 5001 4996 5003
f 5003 4996 4997
f 4981 4979 4990
f 4990 4979 4986
f 4990 4986 5001
f 5001 4986 4994
f 5001 4994 4996
f 4874 4931 4927
f 4927 4931 4947
f 4927 4947 4962
f 4962 4947 4964
f 4962 4964 4981
f 4981 4964 4975
f 4981 4975 4979
f 4744 4776 4786
f 4786 4776 4796
f 4786 4796 4868
f 4868 4796 4862
f 4868 4862 4874
f 4637 4670 4711
f 4711 4670 4731
f 4711 4731 4769
f 4769 4731 4786
f 4769 4786 4844
f 4844 4786 4868
f 4844 4868 4920
f 4920 4868 4927
f 4920 4927 4958
f 4958 4927 4962
f 4958 4962 4977
f 4977 4962 4981
f 4977 4981 4988
f 4988 4981 4990
f 4988 4990 4999
f 4999 4990 5001
f 4999 5001 5002
f 5002 5001 5003
f 4670 4637 4647
f 4647 4637 4627
f 3882 3990 4048
f 3132 2752 3128
f 3843 3786 3881
f 3990 3882 3972
f 3922 3972 3844
f 3844 3972 3882
f 3844 3882 3787
f 3787 3882 3719
f 3836 3938 3699
f 3699 3938 3881
f 3699 3881 3717
f 3717 3881 3786
f 3590 3701 3464
f 3464 3701 3508
f 3464 3508 3128
f 3717 3589 3699
f 3699 3589 3568
f 3699 3568 3435
f 3435 3568 3306
f 3435 3306 3261
f 4182 4118 4146
f 4146 4118 4016
f 4146 4016 4142
f 3590 3719 3701
f 3701 3719 3882
f 3701 3882 3939
f 3939 3882 4048
f 3939 4048 4016
f 4016 4048 4119
f 4016 4119 4142
f 4112 4084 3938
f 3938 4084 4053
f 3938 4053 3881
f 3881 4053 3978
f 3881 3978 3843
f 3843 3978 3921
f 3306 3132 3261
f 3261 3132 3128
f 3261 3128 3435
f 3435 3128 3508
f 3435 3508 3699
f 3699 3508 3701
f 3699 3701 3836
f 3836 3701 3939
f 3836 3939 3938
f 3938 3939 4016
f 3938 4016 4112
f 4112 4016 4118
f 2061 1896 2154
f 1157 756 839
f 2817 2818 2787
f 2787 2818 2810
f 2787 2810 2765
f 2577 2273 2625
f 2625 2273 2416
f 2625 2416 2712
f 2712 2416 2560
f 2712 2560 2749
f 2749 2560 2629
f 1920 2078 2499
f 2451 2426 1838
f 1838 2426 2430
f 1293 1320 1674
f 1674 1320 1896
f 1674 1896 1863
f 1863 1896 2061
f 1863 2061 2078
f 1036 928 1293
f 1293 928 1149
f 1293 1149 1320
f 2499 2451 1920
f 1920 2451 1838
f 1920 1838 1686
f 1686 1838 1550
f 1686 1550 1425
f 1425 1550 1297
f 2078 1920 1863
f 1863 1920 1686
f 1863 1686 1674
f 1674 1686 1425
f 1674 1425 1293
f 1293 1425 1297
f 1293 1297 1036
f 2524 2593 2434
f 2434 2593 2509
f 2434 2509 2184
f 2184 2509 2354
f 2184 2354 1942
f 1942 2354 2154
f 1942 2154 1786
f 1786 2154 1896
f 1786 1896 1723
f 1723 1896 1320
f 2752 2734 2707
f 2707 2734 2432
f 2717 2577 2745
f 2745 2577 2625
f 2745 2625 2783
f 2783 2625 2712
f 2783 2712 2810
f 2810 2712 2749
f 2810 2749 2765
f 2765 2749 2629
f 2765 2629 2626
f 2430 2161 1838
f 1838 2161 1798
f 1838 1798 1550
f 1550 1798 1634
f 1550 1634 1297
f 1297 1634 1157
f 1297 1157 1036
f 1036 1157 839
f 1036 839 928
f 2593 2626 2509
f 2509 2626 2629
f 2509 2629 2354
f 2354 2629 2560
f 2354 2560 2154
f 2154 2560 2416
f 2154 2416 2061
f 2061 2416 2273
f 2061 2273 2078
f 2078 2273 2577
f 2078 2577 2499
f 2499 2577 2717
f 2499 2717 2451
f 2451 2717 2673
f 2451 2673 2426
f 2426 2673 2707
f 2426 2707 2430
f 2430 2707 2432
f 2430 2432 2161
f 2677 2719 2576
f 1291 1424 1671
f 2544 2523 2370
f 2726 2706 2628
f 2734 2752 2725
f 2432 2429 2161
f 2161 2429 1798
f 1798 2429 1837
f 1837 2429 2425
f 1837 2425 1918
f 1918 2425 2450
f 1918 2450 2077
f 2077 2450 2497
f 2077 2497 2272
f 2624 2759 2711
f 2711 2759 2779
f 2711 2779 2747
f 2747 2779 2794
f 2747 2794 2813
f 2813 2726 2747
f 2747 2726 2628
f 2747 2628 2711
f 2711 2628 2559
f 2711 2559 2624
f 2624 2559 2413
f 788 1034 1131
f 1131 1034 1291
f 1131 1291 1398
f 1398 1291 1671
f 1424 1291 1296
f 1296 1291 1034
f 1296 1034 1157
f 1157 1034 788
f 1157 788 756
f 2592 2544 2507
f 2507 2544 2370
f 2507 2370 2353
f 2353 2370 2203
f 2353 2203 2153
f 2153 2203 1954
f 2153 1954 1894
f 1894 1954 1722
f 1894 1722 1671
f 1671 1722 1554
f 1671 1554 1398
f 2432 2734 2429
f 2429 2734 2725
f 2429 2725 2425
f 2425 2725 2678
f 2425 2678 2450
f 2450 2678 2677
f 2450 2677 2497
f 2497 2677 2576
f 2497 2576 2272
f 2706 2592 2628
f 2628 2592 2507
f 2628 2507 2559
f 2559 2507 2353
f 2559 2353 2413
f 2413 2353 2153
f 2413 2153 2060
f 2060 2153 1894
f 2060 1894 1862
f 1862 1894 1671
f 1862 1671 1684
f 1684 1671 1424
f 1684 1424 1549
f 1549 1424 1296
f 1549 1296 1634
f 1634 1296 1157
f 1634 1798 1549
f 1549 1798 1837
f 1549 1837 1684
f 1684 1837 1918
f 1684 1918 1862
f 1862 1918 2077
f 1862 2077 2060
f 2060 2077 2272
f 2060 2272 2413
f 2413 2272 2576
f 2413 2576 2624
f 2624 2576 2719
f 2624 2719 2759
f 236 263 301
f 200 201 235
f 263 236 235
f 235 236 202
f 235 202 200
f 235 268 263
f 263 268 299
f 263 299 301
f 301 299 319
f 301 319 350
f 350 319 359
f 2221 2185 2342
f 2342 2185 2010
f 2342 2010 2417
f 2417 2010 2363
f 2363 2010 1925
f 2363 1925 2312
f 2312 1925 1861
f 2312 1861 2158
f 1861 1762 2158
f 2158 1762 1741
f 2158 1741 2114
f 2114 1741 1651
f 2114 1651 1952
f 1952 1651 1533
f 1952 1533 1816
f 1816 1533 1392
f 749 1782 1237
f 1237 1782 1816
f 1237 1816 1277
f 1277 1816 1392
f 364 635 410
f 410 635 802
f 410 802 467
f 467 802 1203
f 467 1203 485
f 485 1203 1259
f 485 1259 570
f 570 1259 1292
f 570 1292 749
f 749 1292 1477
f 749 1477 1782
f 268 587 299
f 299 587 631
f 299 631 319
f 319 631 635
f 319 635 359
f 359 635 364
f 1370 1327 1286
f 1286 1327 1114
f 2120 2102 2103
f 1824 1833 1921
f 1824 1921 1923
f 1923 1921 2052
f 1923 2052 2056
f 2056 2052 2118
f 2056 2118 2103
f 2385 2398 2392
f 2103 2118 2120
f 2120 2118 2182
f 2120 2182 2254
f 2254 2182 2288
f 2254 2288 2302
f 2302 2288 2385
f 2302 2385 2373
f 2373 2385 2392
f 2373 2392 2387
f 2414 2406 2392
f 2392 2406 2396
f 2392 2396 2387
f 2424 2414 2415
f 2415 2414 2392
f 2415 2392 2411
f 2411 2392 2398
f 1337 1327 1343
f 1343 1327 1370
f 1376 1324 1365
f 1365 1324 1350
f 1376 1466 1324
f 1324 1466 1583
f 1324 1583 1369
f 1369 1583 1694
f 1369 1694 1542
f 1542 1694 1833
f 1542 1833 1673
f 1673 1833 1824
f 1280 1327 1324
f 1324 1327 1337
f 1324 1337 1350
f 1280 1160 1327
f 1327 1160 1094
f 1327 1094 1114
f 2102 2120 2145
f 2145 2120 2254
f 2145 2254 2179
f 2179 2254 2101
f 2101 2254 2302
f 2101 2302 1968
f 1968 2302 2373
f 1968 2373 1892
f 2373 2198 1892
f 1892 2198 2180
f 1892 2180 1850
f 1850 2180 2003
f 1850 2003 1839
f 1347 1545 1887
f 1545 1589 1887
f 1887 1589 1640
f 1887 1640 1933
f 1640 1697 1933
f 1933 1697 1733
f 1933 1733 2003
f 2003 1733 1802
f 2003 1802 1839
f 1347 1887 1222
f 1222 1887 1875
f 1222 1875 954
f 1875 1736 954
f 954 1736 1676
f 954 1676 664
f 664 1676 1462
f 664 1462 556
f 556 1462 1323
f 556 1323 497
f 497 1323 493
f 493 1323 1200
f 493 1200 455
f 1200 1140 455
f 455 1140 974
f 455 974 408
f 408 974 791
f 408 791 390
f 390 791 376
f 376 791 373
f 373 791 685
f 373 685 334
f 334 685 622
f 334 622 295
f 587 268 590
f 590 268 295
f 590 295 598
f 598 295 622
f 408 390 370
f 220 253 203
f 203 253 235
f 203 235 198
f 198 235 201
f 390 376 370
f 370 376 373
f 370 373 333
f 333 373 334
f 333 334 253
f 253 334 295
f 253 295 235
f 235 295 268
f 490 493 455
f 220 228 253
f 253 228 281
f 253 281 333
f 333 281 341
f 333 341 370
f 370 341 385
f 370 385 408
f 408 385 419
f 408 419 455
f 455 419 482
f 455 482 490
f 3084 3215 3041
f 3041 3215 3216
f 2775 2790 2860
f 2775 2860 2652
f 2790 2844 2860
f 2860 2844 2856
f 2860 2856 3216
f 3216 2856 2920
f 3216 2920 3041
f 2860 2653 2652
f 2652 2653 2518
f 2652 2518 2517
f 2517 2518 2480
f 2517 2480 2479
f 2480 2477 2479
f 2479 2477 2476
f 3129 3112 3111
f 3129 3111 3151
f 3184 3168 3178
f 3178 3168 3162
f 3192 3188 3168
f 3168 3188 3185
f 3168 3185 3183
f 3110 3133 3111
f 3111 3133 3162
f 3111 3162 3151
f 3151 3162 3168
f 3151 3168 3172
f 3172 3168 3183
f 3184 3186 3168
f 3168 3186 3189
f 3168 3189 3191
f 3191 3198 3168
f 3168 3198 3196
f 3168 3196 3192
f 1378 1416 1273
f 1273 1416 1156
f 1273 1156 1176
f 879 950 1156
f 1156 950 1061
f 1156 1061 1176
f 871 803 879
f 879 803 815
f 879 815 950
f 1302 1077 1119
f 1119 1077 867
f 1119 867 871
f 871 867 823
f 871 823 803
f 1386 1302 1400
f 1400 1302 1119
f 1400 1119 1421
f 1421 1119 1445
f 1448 1454 1253
f 1283 1468 1464
f 1063 1065 1271
f 1271 1065 1275
f 1075 1037 1063
f 1063 1037 1043
f 1063 1043 1065
f 1464 1284 1283
f 1283 1284 1132
f 1283 1132 1075
f 1075 1132 1079
f 1075 1079 1037
f 1481 1468 1270
f 1270 1468 1283
f 1270 1283 1035
f 1035 1283 1075
f 1035 1075 1007
f 1007 1075 1063
f 1007 1063 1253
f 1253 1063 1271
f 1253 1271 1448
f 1448 1271 1275
f 1448 1275 1443
f 1253 1198 1007
f 1007 1198 966
f 1007 966 1035
f 1035 966 970
f 1035 970 1270
f 1270 970 1220
f 1270 1220 1481
f 1481 1220 1461
f 1454 1455 1253
f 1253 1455 1445
f 1253 1445 1198
f 1198 1445 1119
f 1198 1119 966
f 966 1119 871
f 966 871 970
f 970 871 879
f 970 879 1220
f 1220 879 1156
f 1220 1156 1461
f 1461 1156 1416
f 1418 1419 1441
f 1418 1441 1433
f 1433 1441 1448
f 1433 1448 1443
f 1400 1421 1407
f 1407 1421 1445
f 1407 1445 1435
f 1435 1445 1455
f 1435 1455 1441
f 1441 1455 1454
f 1441 1454 1448
f 1399 1361 1368
f 1419 1426 1441
f 1441 1426 1417
f 1441 1417 1435
f 1435 1417 1399
f 1435 1399 1407
f 1407 1399 1368
f 1407 1368 1400
f 1400 1368 1386
f 1304 1361 1066
f 1419 1418 1235
f 1258 1438 1242
f 1242 1438 1442
f 1242 1442 1450
f 746 761 829
f 829 761 834
f 829 834 1066
f 1066 834 1047
f 1066 1047 1304
f 746 829 767
f 767 829 845
f 767 845 842
f 842 845 1099
f 842 1099 927
f 1042 993 1099
f 1099 993 984
f 1099 984 927
f 1042 1099 1250
f 1250 1099 1389
f 1250 1389 1353
f 1258 1242 1086
f 1086 1242 988
f 1086 988 997
f 997 988 977
f 977 988 972
f 977 972 983
f 1426 1419 1215
f 1215 1419 1235
f 1215 1235 972
f 972 1235 990
f 972 990 983
f 1450 1431 1242
f 1242 1431 1191
f 1242 1191 988
f 988 1191 949
f 988 949 972
f 972 949 938
f 972 938 1215
f 1215 938 1170
f 1215 1170 1426
f 1426 1170 1417
f 1431 1429 1191
f 1191 1429 1181
f 1191 1181 949
f 949 1181 940
f 949 940 938
f 938 940 929
f 938 929 1170
f 1170 929 1162
f 1170 1162 1417
f 1417 1162 1399
f 1429 1389 1181
f 1181 1389 1099
f 1181 1099 940
f 940 1099 845
f 940 845 929
f 929 845 829
f 929 829 1162
f 1162 829 1066
f 1162 1066 1399
f 1399 1066 1361
f 984 993 952
f 735 746 767
f 984 952 927
f 927 952 877
f 927 877 842
f 842 877 806
f 842 806 767
f 767 806 739
f 767 739 735
f 1429 1440 1402
f 1442 1438 1453
f 1442 1467 1450
f 1450 1467 1456
f 1450 1456 1431
f 1429 1402 1389
f 1389 1402 1364
f 1389 1364 1353
f 1374 1364 1378
f 1378 1364 1402
f 1378 1402 1416
f 1416 1402 1440
f 1416 1440 1461
f 1468 1481 1467
f 1467 1481 1461
f 1467 1461 1456
f 1456 1461 1440
f 1456 1440 1431
f 1431 1440 1429
f 1442 1453 1467
f 1467 1453 1464
f 1467 1464 1468
f 1374 1378 1318
f 1318 1378 1273
f 1701 1677 1326
f 633 648 704
f 595 617 651
f 587 595 631
f 631 595 651
f 631 651 635
f 635 651 802
f 1292 1259 1326
f 1326 1259 1203
f 1326 1203 1166
f 1166 1203 802
f 1166 802 924
f 924 802 651
f 1292 1326 1477
f 1477 1326 1677
f 1477 1677 1652
f 1816 1928 1952
f 1952 1928 2055
f 1952 2055 2114
f 2114 2055 2169
f 2114 2169 2158
f 2158 2169 2312
f 2312 2169 2321
f 2312 2321 2363
f 2363 2321 2441
f 2363 2441 2417
f 2237 2371 2365
f 2365 2371 2471
f 2365 2471 2470
f 2452 2457 2356
f 1742 1397 1563
f 678 693 741
f 741 693 778
f 741 778 1048
f 1048 778 1056
f 1048 1056 1276
f 1276 1056 1344
f 1276 1344 1397
f 1397 1344 1401
f 1397 1401 1563
f 1728 1701 1373
f 1373 1701 1326
f 1373 1326 1249
f 1249 1326 1166
f 1249 1166 985
f 985 1166 924
f 985 924 704
f 704 924 651
f 704 651 633
f 633 651 617
f 1970 1984 2104
f 2104 1984 2121
f 2104 2121 2220
f 2220 2121 2237
f 2220 2237 2355
f 2355 2237 2365
f 2355 2365 2466
f 2466 2365 2470
f 1728 1865 1849
f 1951 1970 2084
f 2084 1970 2104
f 2084 2104 2197
f 2197 2104 2220
f 2197 2220 2338
f 2338 2220 2355
f 2338 2355 2453
f 2453 2355 2466
f 1928 1951 2055
f 2055 1951 2084
f 2055 2084 2169
f 2169 2084 2197
f 2169 2197 2321
f 2321 2197 2338
f 2321 2338 2441
f 2441 2338 2453
f 1728 1849 1701
f 1701 1849 1835
f 1701 1835 1677
f 1677 1835 1815
f 1677 1815 1652
f 1652 1815 1782
f 1652 1782 1477
f 2233 2264 2270
f 2264 2233 2098
f 2098 2233 2122
f 2098 2122 2051
f 2051 2122 1990
f 2051 1990 1922
f 1563 1666 1742
f 1742 1666 1738
f 1742 1738 1877
f 1877 1738 1922
f 1877 1922 1998
f 1998 1922 1990
f 1998 1990 2141
f 2141 1990 2122
f 2141 2122 2240
f 2240 2122 2233
f 2240 2233 2356
f 2356 2233 2270
f 2356 2270 2452
f 2467 2471 2367
f 2367 2471 2371
f 2367 2371 2243
f 2243 2371 2237
f 2243 2237 2140
f 2140 2237 2121
f 2140 2121 1993
f 1993 2121 1984
f 1993 1984 1865
f 1865 1984 1970
f 1865 1970 1849
f 1849 1970 1951
f 1849 1951 1835
f 1835 1951 1928
f 1835 1928 1815
f 1815 1928 1816
f 1815 1816 1782
f 648 678 704
f 704 678 741
f 704 741 985
f 985 741 1048
f 985 1048 1249
f 1249 1048 1276
f 1249 1276 1373
f 1373 1276 1397
f 1373 1397 1728
f 1728 1397 1742
f 1728 1742 1865
f 1865 1742 1877
f 1865 1877 1993
f 1993 1877 1998
f 1993 1998 2140
f 2140 1998 2141
f 2140 2141 2243
f 2243 2141 2240
f 2243 2240 2367
f 2367 2240 2356
f 2367 2356 2467
f 2467 2356 2457
f 2284 2311 2183
f 587 590 595
f 595 590 598
f 595 598 617
f 718 648 662
f 662 648 633
f 662 633 617
f 693 678 710
f 710 678 752
f 1465 1460 1387
f 1460 1465 1600
f 1600 1465 1795
f 1600 1795 1817
f 2143 2014 2040
f 2040 2014 1926
f 2040 1926 1910
f 2303 2201 2222
f 2222 2201 2106
f 2222 2330 2303
f 2303 2330 2411
f 2303 2411 2398
f 2406 2311 2396
f 2396 2311 2284
f 2396 2284 2387
f 2387 2284 2373
f 2152 2143 2045
f 2045 2143 2040
f 2045 2040 1913
f 1913 2040 1910
f 1913 1910 1794
f 2222 2231 2330
f 2330 2231 2339
f 2330 2339 2411
f 2411 2339 2415
f 2424 2415 2340
f 2340 2415 2339
f 2340 2339 2230
f 2230 2339 2231
f 2230 2231 2152
f 2152 2231 2222
f 2152 2222 2143
f 2143 2222 2106
f 2143 2106 2014
f 1462 1676 1706
f 1706 1676 1736
f 1706 1736 1852
f 1852 1736 1875
f 1852 1875 1955
f 1735 1868 1883
f 1883 1868 1982
f 1883 1982 2006
f 2006 1982 2091
f 2006 2091 2115
f 2115 2091 2183
f 2115 2183 2204
f 2204 2183 2311
f 2204 2311 2323
f 2323 2311 2406
f 2323 2406 2414
f 1735 1706 1868
f 1868 1706 1852
f 1868 1852 1982
f 1982 1852 1955
f 1982 1955 2091
f 2091 1955 2062
f 2091 2062 2183
f 2183 2062 2155
f 2183 2155 2284
f 1875 1887 1955
f 1955 1887 1933
f 1955 1933 2062
f 2062 1933 2003
f 2062 2003 2155
f 2155 2003 2180
f 2155 2180 2284
f 2284 2180 2198
f 2284 2198 2373
f 1234 962 974
f 1200 1323 1352
f 1352 1375 1200
f 1200 1375 1234
f 1200 1234 1140
f 1140 1234 974
f 617 598 662
f 662 598 622
f 662 622 764
f 764 622 685
f 764 685 962
f 962 685 791
f 962 791 974
f 718 662 828
f 828 662 764
f 828 764 1053
f 1053 764 962
f 1053 962 1287
f 1287 962 1234
f 1287 1234 1422
f 1422 1234 1375
f 1422 1375 1777
f 1926 1817 1910
f 1910 1817 1795
f 1910 1795 1794
f 1794 1795 1465
f 1794 1465 1459
f 1459 1465 1387
f 1459 1387 1306
f 1306 1387 1264
f 1306 1264 1117
f 1117 1264 1045
f 1117 1045 873
f 873 1045 830
f 873 830 752
f 752 830 798
f 752 798 710
f 1323 1462 1352
f 1352 1462 1706
f 1352 1706 1375
f 1375 1706 1735
f 1375 1735 1777
f 1777 1735 1883
f 1777 1883 1899
f 1899 1883 2006
f 1899 2006 2029
f 2029 2006 2115
f 2029 2115 2136
f 2136 2115 2204
f 2136 2204 2223
f 2223 2204 2323
f 2223 2323 2336
f 2336 2323 2414
f 2414 2424 2336
f 2336 2424 2340
f 2336 2340 2223
f 2223 2340 2230
f 2223 2230 2136
f 2136 2230 2152
f 2136 2152 2029
f 2029 2152 2045
f 2029 2045 1899
f 1899 2045 1913
f 1899 1913 1777
f 1777 1913 1794
f 1777 1794 1422
f 1422 1794 1459
f 1422 1459 1287
f 1287 1459 1306
f 1287 1306 1053
f 1053 1306 1117
f 1053 1117 828
f 828 1117 873
f 828 873 718
f 718 873 752
f 718 752 648
f 648 752 678
f 1065 1219 1275
f 1284 1341 1122
f 1438 1341 1453
f 1453 1341 1284
f 1453 1284 1464
f 1037 1079 1122
f 1122 1079 1132
f 1122 1132 1284
f 1219 1418 1275
f 1275 1418 1433
f 1275 1433 1443
f 1438 1258 1341
f 1341 1258 1086
f 1341 1086 1122
f 1122 1086 997
f 1122 997 1037
f 1037 997 977
f 1037 977 1043
f 1043 977 983
f 1043 983 1065
f 1065 983 990
f 1065 990 1219
f 1219 990 1235
f 1219 1235 1418
f 3192 3197 3230
f 3335 3336 3251
f 3331 3332 3305
f 3305 3332 3333
f 3335 3251 3334
f 3421 3454 3424
f 3424 3454 3479
f 3424 3479 3428
f 3428 3479 3482
f 3428 3482 3429
f 3429 3482 3514
f 3514 3482 3509
f 3514 3509 3559
f 3422 3454 3420
f 3420 3454 3421
f 3420 3421 3384
f 3384 3421 3385
f 3384 3385 3373
f 3373 3385 3372
f 3373 3372 3333
f 3333 3372 3334
f 3333 3334 3305
f 3768 3643 3635
f 3509 3543 3559
f 3559 3543 3571
f 3559 3571 3643
f 3643 3571 3598
f 3643 3598 3635
f 3635 3781 3768
f 3768 3781 3911
f 3768 3911 3906
f 4015 3991 3911
f 3911 3991 3966
f 3966 3941 3911
f 3911 3941 3924
f 3911 3924 3906
f 3334 3251 3305
f 3305 3251 3208
f 3305 3208 3230
f 3183 3187 3208
f 3208 3187 3230
f 3230 3187 3190
f 3230 3190 3192
f 3119 3123 3116
f 3116 3105 3119
f 3119 3105 3100
f 3119 3100 3113
f 3113 3100 3103
f 3113 3103 3142
f 3142 3103 3112
f 3112 3117 3142
f 3142 3117 3139
f 3142 3139 3144
f 3144 3139 3164
f 3144 3164 3208
f 3208 3164 3177
f 3208 3177 3183
f 3171 3160 3158
f 3153 3179 3158
f 3158 3179 3176
f 3158 3176 3171
f 3119 3135 3123
f 3123 3135 3145
f 3123 3145 3163
f 3153 3143 3179
f 3179 3143 3134
f 3179 3134 3170
f 3170 3134 3123
f 3170 3123 3165
f 3165 3123 3163
f 1912 1929 1927
f 1927 1929 1941
f 1927 1941 1949
f 1469 1452 1414
f 1414 1452 1430
f 1414 1430 1395
f 1318 1305 1374
f 2264 2236 2270
f 1738 1666 1823
f 1823 1666 1546
f 2014 1963 1758
f 1963 2014 2106
f 2201 2202 1937
f 1606 1596 1638
f 1779 1879 1808
f 1670 1796 1823
f 1957 1985 1880
f 2270 2236 2452
f 2236 2298 2452
f 2452 2298 2329
f 2452 2329 2326
f 2326 2329 2245
f 2326 2245 2225
f 2225 2245 2193
f 2225 2193 2105
f 2068 2171 2236
f 2236 2171 2218
f 2236 2218 2298
f 2068 2236 1957
f 1957 2236 2264
f 1957 2264 1985
f 1985 2264 2098
f 1985 2098 2051
f 1576 1546 1577
f 1577 1546 1516
f 1577 1516 1622
f 1670 1823 1650
f 1576 1578 1546
f 1546 1578 1581
f 1546 1581 1823
f 1823 1581 1611
f 1823 1611 1650
f 1726 1746 1804
f 1804 1746 1767
f 1804 1767 1855
f 1855 1767 1808
f 1855 1808 1906
f 1906 1808 1879
f 1906 1879 1975
f 1635 1657 1779
f 1512 1657 1504
f 1504 1657 1635
f 1504 1635 1499
f 1499 1635 1458
f 1512 1498 1657
f 1657 1498 1470
f 1657 1470 1559
f 1559 1470 1476
f 1470 1420 1476
f 1476 1420 1388
f 1476 1388 1451
f 1451 1388 1385
f 1451 1385 1390
f 1390 1385 1379
f 1390 1379 1384
f 1243 1247 1338
f 1338 1247 1300
f 1338 1300 1303
f 1303 1342 1338
f 1338 1342 1396
f 1338 1396 1405
f 1096 1105 1130
f 1130 1105 1120
f 1130 1120 1243
f 1243 1120 1172
f 1243 1172 1247
f 1263 1192 1261
f 1261 1192 1180
f 1261 1180 1150
f 1150 1180 1124
f 1150 1124 1096
f 1096 1124 1106
f 1096 1106 1105
f 1573 1515 1540
f 1540 1515 1471
f 1471 1432 1540
f 1540 1432 1363
f 1540 1363 1321
f 1354 1309 1261
f 1261 1309 1281
f 1261 1281 1263
f 1583 1619 1694
f 1694 1619 1633
f 1694 1633 1833
f 1633 1628 1833
f 1833 1628 1627
f 1833 1627 1605
f 1605 1627 1607
f 1605 1607 1590
f 1606 1638 1616
f 2182 2118 1966
f 1966 2118 2052
f 1966 2052 1921
f 1605 1616 1833
f 1833 1616 1638
f 1833 1638 1921
f 1921 1638 1812
f 1921 1812 1966
f 1966 1812 1940
f 1966 1940 2182
f 2182 1940 2192
f 2182 2192 2288
f 2303 2398 2192
f 2192 2398 2385
f 2192 2385 2288
f 1926 1806 1817
f 1817 1806 1548
f 1817 1548 1600
f 1304 1047 1264
f 710 798 834
f 834 798 830
f 834 830 1047
f 1047 830 1045
f 1047 1045 1264
f 834 761 710
f 710 761 746
f 710 746 693
f 746 735 693
f 693 735 739
f 693 739 778
f 739 806 778
f 778 806 877
f 778 877 1056
f 1056 877 952
f 1056 952 993
f 1250 1353 1308
f 993 1042 1056
f 1056 1042 1250
f 1056 1250 1344
f 1344 1250 1308
f 1344 1308 1401
f 1880 1985 1796
f 1796 1985 2051
f 1796 2051 1823
f 1823 2051 1922
f 1823 1922 1738
f 1139 1061 1102
f 1102 1061 1091
f 1318 1273 1223
f 1223 1273 1139
f 1139 1273 1176
f 1139 1176 1061
f 1458 1635 1405
f 1405 1635 1572
f 1405 1572 1338
f 1338 1572 1525
f 1338 1525 1516
f 930 1077 1104
f 1104 1077 1302
f 1104 1302 1315
f 1315 1302 1386
f 1315 1386 1548
f 1548 1386 1368
f 1548 1368 1600
f 1600 1368 1361
f 1600 1361 1460
f 1460 1361 1304
f 1460 1304 1387
f 1387 1304 1264
f 1085 815 926
f 926 815 803
f 926 803 851
f 851 803 823
f 851 823 930
f 930 823 867
f 930 867 1077
f 1318 1223 1305
f 1305 1223 1254
f 1305 1254 1268
f 1165 1155 1243
f 1401 1308 1563
f 1563 1308 1353
f 1563 1353 1666
f 1666 1353 1364
f 1666 1364 1546
f 1546 1364 1374
f 1546 1374 1516
f 1516 1374 1305
f 1516 1305 1338
f 1338 1305 1268
f 1338 1268 1243
f 1243 1268 1216
f 1243 1216 1165
f 1153 1113 1085
f 1085 1113 1067
f 1085 1067 815
f 815 1067 1070
f 815 1070 950
f 950 1070 1072
f 950 1072 1061
f 1061 1072 1082
f 1061 1082 1091
f 1596 1573 1638
f 1638 1573 1540
f 1638 1540 1812
f 1812 1540 1743
f 1812 1743 1940
f 1940 1743 1937
f 1940 1937 2192
f 2192 1937 2202
f 2192 2202 2303
f 2303 2202 2201
f 1779 1808 1635
f 1635 1808 1767
f 1635 1767 1572
f 1572 1767 1746
f 1572 1746 1525
f 1525 1746 1726
f 1525 1726 1516
f 1516 1726 1632
f 1516 1632 1622
f 2106 2201 1963
f 1963 2201 1937
f 1963 1937 1758
f 1758 1937 1743
f 1758 1743 1522
f 1522 1743 1540
f 1522 1540 1354
f 1354 1540 1321
f 1354 1321 1309
f 1155 1153 1243
f 1243 1153 1085
f 1243 1085 1130
f 1130 1085 926
f 1130 926 1096
f 1096 926 851
f 1096 851 1150
f 1150 851 930
f 1150 930 1261
f 1261 930 1104
f 1261 1104 1354
f 1354 1104 1315
f 1354 1315 1522
f 1522 1315 1548
f 1522 1548 1758
f 1758 1548 1806
f 1758 1806 2014
f 2014 1806 1926
f 2725 2752 3132
f 2870 2813 2794
f 3474 3505 3612
f 3568 3589 3544
f 3544 3589 3717
f 3505 3544 3612
f 3612 3544 3717
f 3612 3717 3698
f 3698 3717 3786
f 3698 3786 3773
f 3773 3786 3843
f 3773 3843 3855
f 3855 3843 3921
f 3498 3412 3533
f 3533 3412 3375
f 3533 3375 3562
f 3562 3375 3407
f 3562 3407 3594
f 3594 3407 3438
f 3594 3438 3545
f 3545 3438 3455
f 2725 3132 2932
f 2932 3132 3306
f 2932 3306 3228
f 2876 2677 2905
f 2905 2677 2678
f 3061 2870 3076
f 3076 2870 2794
f 3076 2794 3081
f 3081 2794 2779
f 3081 2779 3085
f 3085 2779 2759
f 3085 2759 3090
f 3090 2759 2719
f 3090 2719 3136
f 3136 2719 2677
f 3136 2677 3193
f 3193 2677 2876
f 3193 2876 3228
f 3228 2876 2905
f 3228 2905 2932
f 2932 2905 2678
f 2932 2678 2725
f 3545 3624 3594
f 3594 3624 3706
f 3594 3706 3562
f 3562 3706 3691
f 3562 3691 3533
f 3533 3691 3615
f 3533 3615 3498
f 3835 3800 3706
f 3706 3800 3762
f 3706 3762 3691
f 3855 3835 3773
f 3773 3835 3706
f 3773 3706 3698
f 3698 3706 3624
f 3698 3624 3612
f 3612 3624 3545
f 3612 3545 3474
f 3474 3545 3455
f 3412 3061 3375
f 3375 3061 3076
f 3375 3076 3407
f 3407 3076 3081
f 3407 3081 3438
f 3438 3081 3085
f 3438 3085 3455
f 3455 3085 3090
f 3455 3090 3474
f 3474 3090 3136
f 3474 3136 3505
f 3505 3136 3193
f 3505 3193 3544
f 3544 3193 3228
f 3544 3228 3568
f 3568 3228 3306
f 2028 2030 2032
f 1989 1981 2020
f 2020 1981 2004
f 2020 2004 2031
f 2004 2018 2031
f 2031 2018 2023
f 2031 2023 2036
f 2036 2023 2032
f 2032 2023 2022
f 2032 2022 2028
f 2832 2651 2630
f 2915 3147 3026
f 2662 2780 2727
f 1803 1902 1889
f 4078 4104 4004
f 3710 3662 3550
f 3577 3470 3348
f 3348 3470 3383
f 2651 2832 2753
f 2510 2484 2630
f 1962 1979 2126
f 1630 1491 1603
f 1603 1491 1508
f 1672 1654 1662
f 1662 1654 1630
f 1672 1662 1751
f 1751 1662 1800
f 1751 1800 1810
f 1979 1962 1800
f 1800 1962 1853
f 1800 1853 1810
f 2176 2134 2126
f 2126 2134 2100
f 2126 2100 1962
f 2043 2133 1996
f 1996 2133 2138
f 2043 2226 2133
f 2133 2226 2378
f 2133 2378 2209
f 2407 2295 2281
f 2281 2295 2278
f 2281 2278 2259
f 2443 2372 2474
f 2474 2372 2295
f 2474 2295 2498
f 2498 2295 2407
f 2498 2407 2558
f 2443 2474 2484
f 2484 2474 2650
f 2484 2650 2630
f 2510 2630 2557
f 2557 2630 2651
f 2557 2651 2610
f 2610 2651 2753
f 2610 2753 2622
f 3137 3138 3079
f 3137 3079 2832
f 2832 3079 3070
f 2832 3070 3031
f 3031 2918 2832
f 2832 2918 2883
f 2832 2883 2753
f 2830 3146 3108
f 2832 3104 3102
f 3102 3098 2832
f 2832 3098 3096
f 2832 3096 3137
f 3146 2830 3182
f 3182 2830 2853
f 3182 2853 3225
f 3225 2853 2897
f 3225 2897 3296
f 3296 2897 3350
f 3350 2897 3026
f 3350 3026 3383
f 3383 3026 3147
f 3383 3147 3348
f 3710 3550 3806
f 3903 4004 3977
f 4078 4004 3998
f 4004 3903 3998
f 3998 3903 3801
f 3998 3801 3891
f 3891 3801 3667
f 3891 3667 3851
f 3851 3667 3503
f 3851 3503 3616
f 3616 3503 3322
f 3616 3322 3378
f 3378 3322 3226
f 3226 3322 3021
f 3226 3021 3083
f 3083 3021 2843
f 2843 3021 2655
f 2843 2655 2718
f 2718 2655 2500
f 2718 2500 2654
f 2654 2500 2319
f 2654 2319 2456
f 2456 2319 2113
f 2456 2113 2217
f 2012 2063 2113
f 2113 2063 2074
f 2019 2001 2217
f 2074 2080 2113
f 2113 2080 2117
f 2113 2117 2217
f 2217 2117 2064
f 2217 2064 2019
f 2001 2000 2217
f 2217 2000 2021
f 2217 2021 2075
f 1803 1889 1679
f 1508 1582 1603
f 1603 1582 1679
f 1603 1679 1784
f 1784 1679 1889
f 2558 2662 2498
f 2498 2662 2727
f 2498 2727 2474
f 2474 2727 2674
f 2474 2674 2650
f 2780 2915 2727
f 2727 2915 3026
f 2727 3026 2674
f 2674 3026 2897
f 2674 2897 2650
f 2650 2897 2853
f 2650 2853 2630
f 2630 2853 2830
f 2630 2830 2832
f 2832 2830 3108
f 2832 3108 3104
f 3977 3923 3903
f 3903 3923 3742
f 3903 3742 3801
f 3801 3742 3622
f 3801 3622 3667
f 3667 3622 3485
f 3667 3485 3503
f 3503 3485 3323
f 3503 3323 3322
f 3322 3323 3055
f 3322 3055 3021
f 3021 3055 2809
f 3021 2809 2655
f 3662 3577 3550
f 3550 3577 3348
f 3550 3348 3437
f 3437 3348 3147
f 3437 3147 3249
f 3249 3147 2915
f 3249 2915 3008
f 3008 2915 2780
f 3008 2780 2799
f 2799 2780 2662
f 2799 2662 2668
f 2668 2662 2558
f 2668 2558 2547
f 2547 2558 2407
f 2547 2407 2378
f 2378 2407 2281
f 2378 2281 2209
f 2209 2281 2259
f 3923 3806 3742
f 3742 3806 3550
f 3742 3550 3622
f 3622 3550 3437
f 3622 3437 3485
f 3485 3437 3249
f 3485 3249 3323
f 3323 3249 3008
f 3323 3008 3055
f 3055 3008 2799
f 3055 2799 2809
f 2809 2799 2668
f 2809 2668 2655
f 2655 2668 2547
f 2655 2547 2500
f 2500 2547 2378
f 2500 2378 2319
f 2319 2378 2226
f 2319 2226 2113
f 2113 2226 2043
f 2113 2043 2012
f 2012 2043 1902
f 1902 2043 1889
f 1889 2043 1996
f 1889 1996 1784
f 1784 1996 1790
f 1784 1790 1603
f 1630 1603 1662
f 1662 1603 1790
f 1662 1790 1800
f 1800 1790 1996
f 1800 1996 1979
f 1979 1996 2138
f 1979 2138 2126
f 2126 2138 2148
f 2126 2148 2176
f 2229 2219 2196
f 2229 2196 2172
f 2172 2196 2131
f 2172 2131 2090
f 2090 2131 2054
f 2090 2054 2053
f 2025 2044 2038
f 2038 2044 2053
f 2054 2047 2053
f 2053 2047 2033
f 2053 2033 2038
f 2038 2033 1997
f 2038 1997 2025
f 2025 1997 1988
f 2025 1988 1986
f 1986 1988 1981
f 1986 1981 1989
f 2623 2622 2753
f 2852 2829 2845
f 2845 2761 2873
f 2873 2761 2753
f 2873 2753 2883
f 2845 2829 2761
f 2761 2829 2714
f 2761 2714 2753
f 2753 2714 2635
f 2753 2635 2623
f 3054 3016 3039
f 3039 3016 3015
f 3039 3015 3014
f 3044 3144 3068
f 3068 3144 3208
f 3336 3298 3251
f 3251 3298 3199
f 3251 3199 3208
f 3208 3199 3099
f 3208 3099 3068
f 2966 2982 3057
f 3057 3135 2966
f 2966 3135 3119
f 2966 3119 3033
f 3033 3119 3113
f 3033 3113 3044
f 3044 3113 3142
f 3044 3142 3144
f 1492 1491 1630
f 1655 1656 1646
f 1646 1656 1700
f 1756 1757 1710
f 1755 1756 1707
f 1707 1756 1710
f 1707 1710 1656
f 1656 1710 1658
f 1656 1658 1700
f 1700 1658 1675
f 1492 1630 1502
f 1654 1655 1630
f 1630 1655 1646
f 1630 1646 1502
f 1502 1646 1700
f 1502 1700 1574
f 1574 1700 1793
f 1574 1793 1689
f 1689 1793 1847
f 1847 1793 1886
f 1847 1886 1903
f 1903 1886 2071
f 1903 2071 1983
f 1983 2071 2210
f 2210 2071 2279
f 2210 2279 2337
f 2337 2279 2366
f 2366 2279 2469
f 2366 2469 2519
f 1931 1958 2027
f 2027 1958 2147
f 2027 2147 2211
f 2211 2147 2314
f 2211 2314 2364
f 2364 2314 2490
f 2364 2490 2489
f 1675 1730 1700
f 1700 1730 1749
f 1700 1749 1793
f 1793 1749 1851
f 1793 1851 1886
f 1851 1931 1886
f 1886 1931 2027
f 1886 2027 2071
f 2071 2027 2211
f 2071 2211 2279
f 2279 2211 2364
f 2279 2364 2469
f 2469 2364 2489
f 2469 2489 2519
f 2845 2998 2852
f 3175 3054 3006
f 3006 3054 3039
f 3006 3039 3014
f 3175 3006 3173
f 3173 3006 3005
f 3173 3005 3169
f 2845 2873 2998
f 2998 2873 2883
f 2998 2883 2918
f 3005 2998 3169
f 3169 2998 2918
f 3169 2918 3166
f 3166 2918 3031
f 3031 3070 3166
f 3166 3070 3079
f 3166 3079 3138
f 1698 1912 1927
f 1949 1725 1927
f 1927 1725 1469
f 1927 1469 1698
f 1698 1469 1414
f 1698 1414 1395
f 1489 1388 1420
f 2022 1881 2028
f 2028 1881 1885
f 2028 1885 2030
f 1871 1860 1420
f 1420 1860 1857
f 1458 1901 1499
f 1499 1901 1915
f 1499 1915 1504
f 1504 1915 1917
f 1504 1917 1512
f 1512 1917 1908
f 1512 1908 1498
f 1498 1908 1891
f 1498 1891 1470
f 1470 1891 1885
f 1470 1885 1420
f 1420 1885 1881
f 1420 1881 1871
f 1106 1487 1105
f 1105 1487 1510
f 1105 1510 1120
f 1120 1510 1172
f 1510 1561 1172
f 1172 1561 1584
f 1172 1584 1247
f 1247 1584 1618
f 1247 1618 1300
f 1300 1618 1682
f 1300 1682 1303
f 1303 1682 1729
f 1303 1729 1342
f 1342 1729 1761
f 1342 1761 1396
f 1396 1761 1828
f 1396 1828 1405
f 1405 1828 1856
f 1405 1856 1458
f 1458 1856 1870
f 1458 1870 1901
f 1479 1106 1124
f 1479 1124 1493
f 1756 1755 1480
f 1757 1756 1479
f 1479 1756 1480
f 1479 1480 1106
f 1106 1480 1483
f 1106 1483 1487
f 1124 1180 1493
f 1493 1180 1192
f 1493 1192 1506
f 1506 1192 1263
f 1506 1263 1556
f 1590 1774 1605
f 1605 1774 1778
f 1605 1778 1616
f 1616 1778 1781
f 1616 1781 1606
f 1606 1781 1771
f 1606 1771 1596
f 1596 1771 1764
f 1596 1764 1573
f 1573 1764 1739
f 1573 1739 1515
f 1515 1739 1692
f 1515 1692 1471
f 1471 1692 1687
f 1471 1687 1432
f 1432 1687 1649
f 1432 1649 1363
f 1363 1649 1601
f 1363 1601 1321
f 1321 1601 1588
f 1321 1588 1309
f 1309 1588 1556
f 1309 1556 1281
f 1281 1556 1263
f 1595 1489 1709
f 1709 1489 1420
f 1709 1420 1811
f 1811 1420 1857
f 3009 3175 3176
f 3179 3051 3176
f 3176 3051 3013
f 3176 3013 3009
f 3016 3054 3011
f 3011 3054 3175
f 3011 3175 3010
f 3010 3175 3009
f 3010 3009 2229
f 2229 3009 2219
f 2942 3109 3319
f 4693 4694 4687
f 3672 3739 3584
f 4697 4693 4686
f 4686 4693 4687
f 4686 4687 4563
f 4563 4687 4564
f 4563 4564 4149
f 4149 4564 4150
f 4149 4150 3907
f 3907 4150 3908
f 3907 3908 3779
f 3779 3908 3584
f 3779 3584 3756
f 3756 3584 3739
f 3060 3361 2943
f 2943 3361 3539
f 2943 3539 3584
f 3584 3539 3585
f 3584 3585 3672
f 2464 2599 2461
f 2461 2599 2785
f 2461 2785 2943
f 2943 2785 2944
f 2943 2944 3060
f 2464 2461 2341
f 2341 2461 1763
f 2341 1763 2024
f 774 776 817
f 817 1329 774
f 774 1329 1727
f 774 1727 1763
f 1763 1727 1765
f 1763 1765 2024
f 776 774 571
f 571 774 456
f 571 456 468
f 378 389 379
f 379 389 414
f 379 414 456
f 456 414 457
f 456 457 468
f 403 396 397
f 397 396 381
f 397 381 379
f 379 381 372
f 379 372 378
f 403 397 452
f 452 397 491
f 452 491 492
f 1199 670 491
f 491 670 508
f 491 508 492
f 1973 1974 1199
f 1199 1974 1897
f 1897 1562 1199
f 1199 1562 1187
f 1199 1187 670
f 1973 2093 1974
f 1974 2093 2386
f 1974 2386 2253
f 2253 2386 2521
f 2849 2938 2619
f 2521 2386 2619
f 2619 2386 2617
f 2619 2617 2849
f 3109 2942 2938
f 2938 2942 2735
f 2938 2735 2619
f 4695 4699 4635
f 4635 4579 4592
f 4592 4576 4636
f 4636 4576 4560
f 4560 4546 4636
f 4636 4546 4500
f 4636 4500 4484
f 4592 4636 4635
f 4635 4636 4696
f 4635 4696 4695
f 3769 3846 3876
f 3769 3876 3720
f 3782 3607 3876
f 3876 3607 3661
f 3876 3661 3720
f 3560 3576 3782
f 3782 3576 3604
f 3782 3604 3607
f 3606 3740 3637
f 3637 3740 3692
f 3606 3591 3740
f 3740 3591 3564
f 3740 3564 3782
f 3782 3564 3557
f 3782 3557 3560
f 3846 3871 3876
f 3876 3871 3900
f 3876 3900 3940
f 3940 3964 3876
f 3876 3964 3987
f 3876 3987 4014
f 4014 4025 3876
f 3876 4025 4045
f 3876 4045 4065
f 4065 4074 3876
f 3876 4074 4070
f 3876 4070 4051
f 1439 1553 1348
f 4654 4687 4694
f 3378 3226 2943
f 2217 2075 2086
f 2086 2130 2217
f 2217 2130 2199
f 2217 2199 2456
f 2456 2199 2309
f 2456 2309 2654
f 2654 2309 2388
f 2654 2388 2448
f 2448 2568 2654
f 2654 2568 2664
f 2654 2664 2718
f 2718 2664 2736
f 2718 2736 2843
f 2814 2802 2943
f 2736 2825 2843
f 2843 2825 2886
f 2843 2886 3083
f 3083 2886 2927
f 3083 2927 3226
f 3226 2927 2865
f 3226 2865 2943
f 2943 2865 2815
f 2943 2815 2814
f 2494 2461 2661
f 2661 2461 2943
f 2661 2943 2762
f 2762 2943 2802
f 3378 2943 3616
f 3616 2943 3584
f 3616 3584 3851
f 3851 3584 3908
f 3851 3908 3891
f 4354 4287 4150
f 3891 3908 3998
f 3998 3908 4150
f 3998 4150 4078
f 4078 4150 4287
f 4078 4287 4104
f 4687 4654 4564
f 4654 4597 4564
f 4564 4597 4583
f 4564 4583 4533
f 4533 4583 4571
f 4533 4571 4573
f 4573 4593 4533
f 4533 4593 4614
f 4533 4614 4638
f 4533 4488 4564
f 4564 4488 4421
f 4564 4421 4150
f 4150 4421 4415
f 4150 4415 4354
f 1199 1791 1973
f 1973 1791 2008
f 1973 2008 2093
f 491 1348 1199
f 1199 1348 1553
f 1199 1553 1791
f 995 1098 1189
f 1524 1547 1514
f 1382 1463 1434
f 1434 1463 1524
f 1524 1514 1434
f 1434 1514 1482
f 1434 1482 1382
f 1439 1348 1444
f 1444 1348 995
f 1444 995 1482
f 1482 995 1189
f 1482 1189 1382
f 1331 1636 1345
f 1345 1636 1371
f 1098 995 855
f 855 995 796
f 855 796 751
f 751 796 702
f 751 702 713
f 713 702 661
f 713 661 725
f 725 661 674
f 725 674 782
f 782 674 729
f 782 729 943
f 943 729 849
f 943 849 1193
f 1193 849 1121
f 1193 1121 1371
f 1371 1121 1335
f 1371 1335 1345
f 774 1763 1866
f 2494 2487 2461
f 2461 2487 2335
f 2461 2335 1763
f 1763 2335 1971
f 1763 1971 1866
f 1866 1636 774
f 774 1636 1331
f 774 1331 456
f 456 1331 640
f 456 640 379
f 379 640 507
f 379 507 397
f 397 507 517
f 397 517 491
f 491 517 785
f 491 785 1348
f 4594 4574 4521
f 4521 4574 4540
f 4540 4574 4572
f 4540 4572 4544
f 4484 4492 4636
f 4636 4492 4529
f 4636 4529 4544
f 4572 4588 4544
f 4544 4588 4598
f 4544 4598 4636
f 4636 4598 4656
f 4636 4656 4696
f 4506 4515 4521
f 4521 4515 4536
f 4521 4536 4594
f 4594 4536 4585
f 4594 4585 4612
f 4612 4585 4639
f 3693 3692 3740
f 3527 3493 3540
f 3540 3493 3478
f 3540 3478 3377
f 3377 3478 3292
f 3377 3292 3320
f 3320 3292 3059
f 3320 3059 3319
f 3319 3059 2942
f 2942 3059 2923
f 2942 2923 2735
f 2923 2708 2735
f 2735 2708 2582
f 2735 2582 2619
f 2619 2582 2468
f 2619 2468 2521
f 2521 2468 2170
f 2521 2170 2253
f 2253 2170 1836
f 2253 1836 1974
f 1974 1836 1437
f 1974 1437 1897
f 372 381 14
f 921 1329 558
f 558 1329 817
f 558 817 415
f 415 817 776
f 415 776 309
f 309 776 571
f 309 571 154
f 154 571 468
f 154 468 65
f 65 468 457
f 65 457 20
f 20 457 414
f 20 414 389
f 372 14 378
f 381 396 14
f 14 396 403
f 14 403 22
f 22 403 452
f 22 452 160
f 1126 1187 1437
f 1437 1187 1562
f 1437 1562 1897
f 452 492 160
f 160 492 508
f 160 508 330
f 330 508 670
f 330 670 451
f 451 670 1187
f 451 1187 591
f 591 1187 1126
f 2341 2024 1579
f 1579 2024 1436
f 1436 2024 1765
f 1436 1765 921
f 921 1765 1727
f 921 1727 1329
f 3361 3060 3029
f 3029 3060 2944
f 3029 2944 2760
f 2760 2944 2785
f 2760 2785 2566
f 2566 2785 2599
f 2566 2599 2485
f 2485 2599 2464
f 2485 2464 2291
f 2291 2464 2341
f 2291 2341 1945
f 1945 2341 1579
f 3766 3857 3856
f 3856 3857 3877
f 3856 3877 3884
f 3856 3838 3766
f 3766 3838 3809
f 3766 3809 3738
f 3809 3797 3738
f 3738 3797 3739
f 3738 3739 3679
f 3679 3739 3672
f 3679 3672 3541
f 3541 3672 3585
f 3541 3585 3524
f 3524 3585 3539
f 3524 3539 3477
f 3477 3539 3361
f 3477 3361 3367
f 3367 3361 3029
f 3797 3780 3739
f 3739 3780 3778
f 3739 3778 3756
f 3756 3778 3779
f 5 14 2
f 2 14 6
f 389 378 20
f 20 378 14
f 20 14 11
f 11 14 5
f 3527 3540 3631
f 3631 3540 3681
f 3631 3681 3737
f 3740 3782 3783
f 3783 3784 3740
f 3740 3784 3737
f 3740 3737 3693
f 3693 3737 3681
f 3784 3798 3737
f 3737 3798 3810
f 3737 3810 3837
f 3837 3810 3834
f 3837 3834 3859
f 3859 3834 3858
f 3859 3858 3878
f 3878 3858 3885
f 3331 3305 3330
f 3330 3305 3296
f 3330 3296 3326
f 3326 3296 3350
f 3326 3350 3431
f 3431 3350 3383
f 3383 3470 3431
f 3431 3470 3577
f 3431 3577 3507
f 3507 3577 3662
f 3507 3662 3628
f 3628 3662 3793
f 3662 3710 3793
f 3793 3710 3806
f 3793 3806 3896
f 3896 3806 3923
f 3896 3923 3971
f 3971 3923 3977
f 3971 3977 3989
f 3989 3977 4004
f 3989 4004 4068
f 4068 4004 4104
f 4068 4104 4105
f 3191 3189 3225
f 3305 3230 3296
f 3296 3230 3197
f 3296 3197 3225
f 3225 3197 3195
f 3225 3195 3191
f 3174 3161 3146
f 3189 3186 3225
f 3225 3186 3174
f 3225 3174 3182
f 3182 3174 3146
f 3161 3131 3146
f 3146 3131 3110
f 3146 3110 3107
f 3102 3104 3107
f 3107 3104 3108
f 3107 3108 3146
f 3097 3137 3095
f 3095 3137 3096
f 3095 3096 3107
f 3107 3096 3098
f 3107 3098 3102
f 3118 3130 3175
f 3175 3173 3118
f 3118 3173 3169
f 3118 3169 3166
f 3097 3106 3137
f 3137 3106 3118
f 3137 3118 3138
f 3138 3118 3166
f 3130 3141 3175
f 3175 3141 3150
f 3175 3150 3176
f 3150 3156 3176
f 3176 3156 3159
f 3176 3159 3171
f 3171 3159 3160
f 2225 2105 2221
f 2221 2105 2107
f 2221 2107 2175
f 2175 2107 2057
f 2175 2057 2007
f 2007 2057 1994
f 2449 2452 2326
f 2452 2449 2457
f 2470 2471 2449
f 2449 2471 2467
f 2449 2467 2457
f 2441 2453 2449
f 2449 2453 2466
f 2449 2466 2470
f 2225 2221 2326
f 2326 2221 2342
f 2326 2342 2449
f 2449 2342 2417
f 2449 2417 2441
f 1286 1114 1185
f 1559 1476 1346
f 1346 1476 1299
f 1299 1476 1451
f 1299 1451 1185
f 1370 1286 1384
f 1384 1286 1185
f 1384 1185 1390
f 1390 1185 1451
f 1346 1409 1559
f 1559 1409 1580
f 1559 1580 1657
f 1657 1580 1660
f 1657 1660 1779
f 1779 1660 1731
f 1779 1731 1879
f 1879 1731 1864
f 1879 1864 1975
f 3012 3013 3034
f 3034 3013 3051
f 3135 3057 3145
f 3145 3057 2982
f 3145 2982 3163
f 3163 2982 2985
f 3163 2985 3165
f 3165 2985 2989
f 3165 2989 3170
f 3170 2989 2999
f 3170 2999 3004
f 3179 3170 3051
f 3051 3170 3004
f 3051 3004 3034
f 3034 3004 3012
f 3440 3457 3091
f 3222 3345 3376
f 2933 3128 2752
f 2877 2673 2717
f 3091 3457 3140
f 3708 3763 3840
f 3467 3499 3535
f 3535 3499 3566
f 3547 3613 3476
f 3476 3613 3506
f 3476 3506 3194
f 3595 3625 3547
f 3547 3625 3700
f 3547 3700 3613
f 3613 3700 3787
f 2707 2673 2906
f 2906 2673 2877
f 2906 2877 3229
f 3563 3595 3440
f 3440 3595 3547
f 3440 3547 3457
f 3457 3547 3476
f 3457 3476 3140
f 3140 3476 3194
f 2817 3062 2818
f 2818 3062 3077
f 2818 3077 2810
f 2810 3077 2783
f 2745 2783 3082
f 3082 2783 3077
f 3082 3077 3376
f 3376 3077 3062
f 3376 3062 3222
f 2717 2745 3086
f 3086 2745 3082
f 3086 3082 3409
f 3409 3082 3376
f 3409 3376 3535
f 3535 3376 3345
f 3535 3345 3467
f 3708 3840 3775
f 3775 3840 3922
f 3775 3922 3844
f 3751 3595 3721
f 3721 3595 3563
f 3721 3563 3694
f 3751 3763 3595
f 3595 3763 3708
f 3595 3708 3625
f 3625 3708 3775
f 3625 3775 3700
f 3700 3775 3844
f 3700 3844 3787
f 2752 2707 2933
f 2933 2707 2906
f 2933 2906 3128
f 3128 2906 3229
f 3128 3229 3464
f 3464 3229 3546
f 3464 3546 3590
f 3590 3546 3719
f 3617 3685 3566
f 3566 3685 3694
f 3566 3694 3535
f 3535 3694 3563
f 3535 3563 3409
f 3409 3563 3440
f 3409 3440 3086
f 3086 3440 3091
f 3086 3091 2717
f 2717 3091 3140
f 2717 3140 2877
f 2877 3140 3194
f 2877 3194 3229
f 3229 3194 3506
f 3229 3506 3546
f 3546 3506 3613
f 3546 3613 3719
f 3719 3613 3787
f 1820 2076 2137
f 1298 642 580
f 18 16 3
f 1231 964 519
f 1457 1475 1821
f 1475 1457 1285
f 677 756 788
f 1773 1969 2085
f 1924 2073 2059
f 556 748 664
f 301 214 177
f 2185 2124 2010
f 20 11 60
f 1126 1437 838
f 1126 838 591
f 591 838 501
f 591 501 451
f 451 501 393
f 451 393 330
f 330 393 239
f 330 239 160
f 6 14 15
f 836 558 499
f 499 558 415
f 499 415 392
f 392 415 309
f 392 309 238
f 238 309 154
f 238 154 60
f 60 154 65
f 60 65 20
f 1994 2005 2205
f 2205 2005 2009
f 2205 2009 2289
f 2304 2124 2379
f 2379 2124 2185
f 2379 2185 2427
f 2427 2185 2221
f 2427 2221 2465
f 2465 2221 2175
f 2465 2175 2205
f 2205 2175 2007
f 2205 2007 1994
f 1861 1925 2072
f 2072 1925 2010
f 1769 1766 1533
f 1533 1651 1769
f 1769 1651 1741
f 1769 1741 1762
f 1392 1356 1277
f 1277 1356 1237
f 749 744 570
f 570 744 709
f 570 709 485
f 485 709 474
f 485 474 467
f 467 474 410
f 214 301 348
f 348 301 350
f 348 350 359
f 164 198 201
f 201 200 164
f 164 200 202
f 164 202 177
f 177 202 236
f 177 236 301
f 178 220 203
f 215 281 178
f 178 281 228
f 178 228 220
f 349 385 341
f 556 497 715
f 497 493 715
f 715 493 490
f 715 490 476
f 476 490 482
f 476 482 419
f 664 748 954
f 954 748 1359
f 954 1359 1222
f 1768 1568 1359
f 1359 1568 1347
f 1359 1347 1222
f 2073 1924 2037
f 1768 2017 2037
f 1924 1826 2037
f 2037 1826 1724
f 2037 1724 1768
f 1768 1724 1629
f 1768 1629 1568
f 2280 2380 2439
f 1882 1930 2293
f 2293 1930 2013
f 2293 2013 2206
f 2206 2013 2139
f 1408 1631 1478
f 1478 1631 1822
f 1723 1320 1267
f 1267 1320 1149
f 1267 1149 979
f 979 1149 781
f 781 1149 928
f 781 928 727
f 727 928 839
f 727 839 698
f 756 677 839
f 839 677 687
f 839 687 698
f 1131 804 788
f 788 804 711
f 788 711 677
f 1398 1006 1131
f 1131 1006 878
f 1131 878 804
f 1799 1669 1821
f 1821 1669 1645
f 1821 1645 1457
f 1854 1404 1992
f 1992 1404 1814
f 1992 1814 2132
f 1772 1594 1231
f 1231 1594 1560
f 1231 1560 964
f 1560 1436 836
f 836 1436 921
f 836 921 558
f 1854 1772 1404
f 1404 1772 1231
f 1404 1231 619
f 619 1231 519
f 619 519 407
f 2168 2132 1904
f 1904 2132 1814
f 1904 1814 1423
f 1423 1814 1404
f 1423 1404 827
f 827 1404 619
f 827 619 453
f 453 619 407
f 453 407 266
f 641 412 458
f 458 412 207
f 21 164 23
f 23 164 177
f 23 177 63
f 63 177 214
f 63 214 207
f 207 214 348
f 207 348 458
f 8 21 9
f 9 21 23
f 9 23 12
f 12 23 63
f 12 63 36
f 36 63 207
f 580 642 413
f 413 642 459
f 413 459 296
f 296 459 349
f 296 349 215
f 215 349 341
f 215 341 281
f 24 10 66
f 66 10 13
f 66 13 210
f 210 13 37
f 210 37 377
f 178 24 215
f 215 24 66
f 215 66 296
f 296 66 210
f 296 210 413
f 413 210 377
f 413 377 580
f 1708 1298 1148
f 1148 1298 580
f 1148 580 489
f 489 580 377
f 489 377 219
f 219 377 37
f 219 37 19
f 19 37 13
f 19 13 7
f 7 13 10
f 7 10 8
f 8 10 24
f 8 24 21
f 21 24 178
f 21 178 164
f 164 178 203
f 164 203 198
f 14 22 15
f 15 22 62
f 15 62 84
f 84 62 267
f 84 267 331
f 331 267 454
f 331 454 500
f 500 454 832
f 500 832 1428
f 1428 832 1820
f 1428 1820 1907
f 1907 1820 2137
f 1907 2137 2195
f 522 967 1233
f 1233 967 1564
f 1233 1564 1599
f 409 522 621
f 621 522 1233
f 621 1233 1406
f 1406 1233 1599
f 1437 1564 838
f 838 1564 967
f 838 967 501
f 501 967 522
f 501 522 393
f 393 522 409
f 393 409 239
f 1599 1776 1406
f 1406 1776 1789
f 1406 1789 1832
f 22 160 62
f 62 160 239
f 62 239 267
f 267 239 409
f 267 409 454
f 454 409 621
f 454 621 832
f 832 621 1406
f 832 1406 1820
f 1820 1406 1832
f 1820 1832 2076
f 1942 1786 1822
f 1822 1786 1723
f 1822 1723 1478
f 1478 1723 1267
f 1478 1267 1408
f 2184 1942 2085
f 2085 1942 1822
f 2085 1822 1773
f 1773 1822 1631
f 1773 1882 1969
f 1969 1882 2293
f 1969 2293 2085
f 2085 2293 2434
f 2085 2434 2184
f 2524 2434 2520
f 2520 2434 2293
f 2520 2293 2473
f 2473 2293 2206
f 2473 2206 2439
f 2439 2206 2139
f 2439 2139 2280
f 2280 2247 2380
f 2380 2247 2059
f 2380 2059 2318
f 2318 2059 2073
f 2318 2073 2276
f 2276 2073 2037
f 556 715 748
f 748 715 1334
f 748 1334 1359
f 1359 1334 1754
f 1359 1754 1768
f 1768 1754 1995
f 1768 1995 2017
f 2017 1995 2235
f 2017 2235 2037
f 2037 2235 2244
f 2037 2244 2276
f 2370 2523 2289
f 2289 2523 2525
f 2289 2525 2516
f 2516 2511 2289
f 2289 2511 2508
f 2289 2508 2205
f 2205 2508 2472
f 2205 2472 2465
f 2203 2370 2083
f 2083 2370 2289
f 2083 2289 1965
f 1965 2289 2009
f 1954 2203 1821
f 1821 2203 2083
f 1821 2083 1799
f 1799 2083 1965
f 1799 1965 1909
f 1909 1965 2009
f 1954 1821 1722
f 1722 1821 1475
f 1722 1475 1554
f 1554 1475 1285
f 1554 1285 1398
f 1398 1285 1164
f 1398 1164 1006
f 2010 2124 2072
f 2072 2124 2304
f 2072 2304 2035
f 2035 2304 2275
f 2035 2275 2015
f 2275 2232 2015
f 2015 2232 2214
f 2015 2214 1991
f 1991 2214 2168
f 1991 2168 1959
f 1959 2168 1904
f 1959 1904 1615
f 1615 1904 1423
f 1615 1423 820
f 820 1423 827
f 820 827 498
f 498 827 453
f 498 453 329
f 329 453 266
f 329 266 82
f 16 18 141
f 141 18 218
f 141 218 387
f 387 218 375
f 387 375 488
f 488 375 578
f 488 578 1143
f 1143 578 1294
f 1143 1294 1704
f 1704 1294 1330
f 1704 1330 1750
f 1750 1330 1356
f 1750 1356 1766
f 1766 1356 1392
f 1766 1392 1533
f 1861 2072 1762
f 1762 2072 2035
f 1762 2035 1769
f 1769 2035 2015
f 1769 2015 1766
f 1766 2015 1991
f 1766 1991 1750
f 1750 1991 1959
f 1750 1959 1704
f 1704 1959 1615
f 1704 1615 1143
f 1143 1615 820
f 1143 820 488
f 488 820 498
f 488 498 387
f 387 498 329
f 387 329 141
f 141 329 82
f 141 82 16
f 709 641 474
f 474 641 458
f 474 458 410
f 410 458 348
f 410 348 364
f 364 348 359
f 1961 1708 1621
f 1621 1708 1148
f 1621 1148 824
f 824 1148 489
f 824 489 388
f 388 489 219
f 388 219 144
f 144 219 19
f 144 19 17
f 17 19 7
f 17 7 4
f 4 7 8
f 4 8 1
f 1 8 9
f 1 9 3
f 3 9 12
f 3 12 18
f 18 12 36
f 18 36 218
f 218 36 207
f 218 207 375
f 375 207 412
f 375 412 578
f 578 412 641
f 578 641 1294
f 1294 641 709
f 1294 709 1330
f 1330 709 744
f 1330 744 1356
f 1356 744 749
f 1356 749 1237
f 1560 836 964
f 964 836 499
f 964 499 519
f 519 499 392
f 519 392 407
f 407 392 238
f 407 238 266
f 266 238 60
f 266 60 82
f 82 60 11
f 82 11 16
f 16 11 5
f 16 5 3
f 3 5 2
f 3 2 1
f 1 2 6
f 1 6 4
f 4 6 15
f 4 15 17
f 17 15 84
f 17 84 144
f 144 84 331
f 144 331 388
f 388 331 500
f 388 500 824
f 824 500 1428
f 824 1428 1621
f 1621 1428 1907
f 1621 1907 1961
f 1961 1907 2195
f 1961 2195 2200
f 385 349 419
f 419 349 459
f 419 459 476
f 476 459 642
f 476 642 715
f 715 642 1298
f 715 1298 1334
f 1334 1298 1708
f 1334 1708 1754
f 1754 1708 1961
f 1754 1961 1995
f 1995 1961 2200
f 1995 2200 2235
